pca_0,pca_1,pca_2,pca_3,pca_4,pca_5,pca_6,pca_7,pca_8,pca_9,target
-0.2,0.16224614,-0.2,0.2,-0.2,-0.2,0.2,0.13970165,-0.19159114,-0.2,1
-0.3136768,0.36224616,0.0,0.4,-0.4,0.0,0.4,-0.060298353,-0.26068145,0.0,1
-0.1136768,0.56224614,0.2,0.37423736,-0.30881095,0.11799748,0.2,-0.26029837,-0.46068144,-0.2,1
0.0863232,0.36224616,0.4,0.17423736,-0.13331921,0.3179975,0.4,-0.46029836,-0.26068145,-0.4,1
-0.1136768,0.16224615,0.6,0.20198971,0.06668079,0.5179975,0.6,-0.66029835,-0.3866199,-0.6,1
-0.3136768,0.36224616,0.8,0.35868454,-0.13331921,0.31799752,0.40000004,-0.59425443,-0.5866199,-0.8,1
-0.5136768,0.16224615,0.6,0.15868454,0.06668079,0.5179975,0.37506577,-0.39425445,-0.38661993,-0.6,1
-0.7136768,-0.03775385,0.40000004,0.35868454,-0.13331921,0.7179975,0.17506577,-0.59425443,-0.5866199,-0.40000004,1
-0.9136768,-0.1344594,0.6,0.15868454,-0.01799655,0.91629004,0.37506577,-0.39425445,-0.38661993,-0.3256428,1
-1.0036963,-0.33445942,0.41989607,-0.041315466,0.18200345,0.71629006,0.3327003,-0.59425443,-0.18661992,-0.12564279,1
-1.2036964,-0.5344594,0.61989605,0.15868454,0.38200346,0.51629007,0.13270031,-0.7942544,0.01338008,0.07435721,1
-1.4036964,-0.33445942,0.5775639,-0.041315466,0.5208988,0.6770184,-0.067299694,-0.9942544,-0.17036681,0.2743572,1
-1.2036964,-0.13445942,0.77756387,0.15868454,0.5737415,0.47701842,0.13270031,-1.1942544,-0.3703668,0.4743572,1
-1.4036964,0.06554058,0.5775639,-0.041315466,0.7737415,0.27701843,-0.067299694,-1.3942544,-0.5703668,0.2743572,1
-1.2036964,-0.13445942,0.38922793,-0.24131547,0.5737415,0.47701842,0.13270031,-1.1942544,-0.3703668,0.4743572,1
-1.4036964,0.06554058,0.5892279,-0.041315466,0.6717269,0.64190096,0.3327003,-0.9942544,-0.17036681,0.2743572,1
-1.2036964,0.2655406,0.38922793,0.15868454,0.8717269,0.44190097,0.13270031,-0.7942544,-0.3703668,0.4743572,1
-1.0036963,0.0655406,0.5892279,0.15691377,0.6717269,0.24190097,0.3327003,-0.9942544,-0.5703668,0.6743572,1
-1.2036964,0.25716418,0.7892279,-0.04308623,0.8717269,0.44190097,0.13270031,-1.1942544,-0.7703668,0.87435716,1
-1.0036963,0.45716417,0.5892279,0.15649931,1.0717269,0.24190097,0.3327003,-1.3942544,-0.9703668,0.6922059,1
-1.2036964,0.63674974,0.53770614,-0.04350069,1.271727,0.041900963,0.13270031,-1.414049,-1.1703668,0.5976349,1
-1.1606793,0.83674973,0.33770615,0.08789106,1.1555271,-0.15809904,0.3327003,-1.6140491,-0.9703668,0.39763492,1
-0.96067935,1.0367497,0.5214524,-0.06985338,0.9555271,0.041900963,0.13270031,-1.8140491,-1.1703668,0.26196676,1
-0.73432803,0.99966455,0.69645995,-0.26050517,1.0107795,0.23352106,0.32117495,-1.9442786,-1.3228948,0.44596335,1
-0.92511517,0.7917795,0.8876205,-0.45596442,0.8027849,0.42924637,0.16485053,-1.7270793,-1.5078785,0.6395939,1
-0.70879334,0.9109667,0.68722683,-0.60251474,0.9210754,0.21056676,-0.0322854,-1.7175828,-1.5687162,0.7264468,1
-0.6582066,0.74527925,0.48722684,-0.80251473,1.1210754,0.010566756,-0.21865973,-1.6847838,-1.3687161,0.9213855,1
-0.82266164,0.9061279,0.27533057,-0.9609929,1.1237558,0.20184557,-0.4013198,-1.4232874,-1.5037435,0.8667337,1
-0.62266165,0.70612794,0.4753306,-1.1609929,1.2887021,0.0018455684,-0.2013198,-1.2232873,-1.3037435,1.0667337,1
-0.76668096,0.5037921,0.2740599,-0.9565577,1.4818316,0.20091401,-0.25368974,-1.0185646,-1.4968035,1.2608875,1
-0.90177554,0.6075367,0.44223028,-0.8911689,1.4268696,0.0008526386,-0.42322788,-1.1367471,-1.2097328,1.3627999,1
-1.0811683,0.39991423,0.56783944,-1.07076,1.2039226,-0.19542256,-0.27839217,-1.1922063,-1.3833656,1.1410512,1
-0.86941636,0.19724803,0.42889827,-1.2538122,1.1196382,0.004516395,-0.07734667,-1.3736387,-1.5622487,0.9285006,1
-0.66941637,-0.0027519763,0.62889826,-1.0538121,0.9196382,-0.07344358,0.122653335,-1.1736387,-1.7174336,1.1285006,1
-0.4662878,-0.20140067,0.82337373,-1.2454557,0.7148419,-0.2716211,0.3205029,-1.1606221,-1.9046541,0.92231226,1
-0.60741955,-0.36593592,0.93295604,-1.317746,0.4693543,-0.0652932,0.109856166,-1.2404077,-1.9187025,0.6584941,1
-0.75114304,-0.15437031,1.0539899,-1.4119604,0.2505805,-0.24680248,0.28825945,-0.96789205,-1.9710305,0.52806824,1
-0.9207014,0.044169303,0.9980248,-1.4080868,0.048961643,-0.43250245,0.47263253,-0.74331546,-2.0058205,0.4276985,1
-0.669744,-0.023377024,0.7416003,-1.4943867,-0.14035916,-0.2160633,0.62507385,-0.8766181,-2.0498576,0.5833169,1
-0.8057997,-0.20695417,0.5649824,-1.1992223,-0.3153357,-0.014882316,0.7644138,-0.9974643,-2.0844464,0.72572684,1
-0.5555804,-0.16154277,0.39529985,-1.2832301,-0.47261557,0.16977187,0.8844661,-1.0981973,-2.0950713,0.48214534,1
-0.70118034,0.0356884,0.55243963,-1.00524,-0.25298786,0.34314916,0.9592883,-1.2047303,-2.1298316,0.31910744,1
-0.8562656,-0.15612234,0.3348741,-0.7651069,-0.050346952,0.13601463,1.1015096,-1.1136732,-2.2137132,0.41201213,1
-0.92388725,-0.31149068,0.46784005,-0.64875996,-0.21897179,0.041243143,1.1383957,-1.1490349,-2.1112103,0.5353106,1
-1.0447361,-0.103638805,0.24897705,-0.78898495,-0.38946515,-0.045726333,1.2441375,-0.8936983,-2.1484404,0.31169596,1
-0.84473616,-0.30363882,0.048977047,-0.98898494,-0.18946515,0.15427367,1.0441375,-0.6936983,-2.0257404,0.11169596,1
-0.6447362,-0.5036388,0.24897705,-0.8871398,-0.38946515,0.35427368,1.2441375,-0.8936983,-1.8257403,0.31169596,1
-0.47944194,-0.30363882,0.44897705,-0.6871398,-0.18946515,0.15427367,1.4441376,-0.91908807,-2.0257404,0.11169596,1
-0.27944195,-0.10363881,0.34370095,-0.48713982,-0.14201218,0.35427368,1.6441376,-0.7190881,-1.8257403,0.31169596,1
-0.47944194,-0.30363882,0.43306285,-0.47291812,-0.34201217,0.55427366,1.8441377,-0.91908807,-1.8244631,0.511696,1
-0.27944195,-0.10363881,0.63306284,-0.67291814,-0.14201216,0.35427368,1.9394417,-0.7190881,-1.7540882,0.71169597,1
-0.072168164,-0.27583733,0.75678676,-0.79299283,-0.3106972,0.5035238,1.9435523,-0.47155985,-1.7751698,0.46484458,1
0.126764,-0.47186244,0.55213565,-0.9846978,-0.10977248,0.61237055,2.125646,-0.26929134,-1.5620116,0.26263222,1
0.31136322,-0.64019674,0.55220985,-1.1288617,0.08597499,0.77408254,2.080164,-0.31874475,-1.2978183,0.44082785,1
0.46997315,-0.7721907,0.69132555,-1.2213029,0.262828,0.8952397,2.0100017,-0.47675726,-1.0089601,0.23957977,1
0.2554805,-0.9142702,0.84347755,-1.3450048,0.43754613,1.0364453,1.7128373,-0.2619004,-1.144061,0.03745505,1
0.44801626,-1.09601,0.9067895,-1.1262408,0.2336533,1.2161828,1.4880455,-0.060885992,-1.3220351,0.088883944,1
0.63158447,-1.2225362,0.68886733,-1.2926112,0.03279995,0.9904153,1.6452415,-0.25427067,-1.0935835,-0.10829847,1
0.7729602,-1.3222517,0.45806006,-1.0155853,-0.15541296,1.1064945,1.7151575,-0.4200253,-1.0228567,0.006705506,1
0.95224047,-1.4898345,0.6440463,-0.798217,-0.34784424,0.8871903,1.4828913,-0.49644825,-1.1968154,-0.18917818,1
0.741921,-1.3316355,0.83246744,-0.59001046,-0.54032874,1.0722759,1.6598049,-0.6868942,-0.98314077,0.010673362,1
0.541921,-1.1316354,0.69026995,-0.39001048,-0.34032875,1.172755,1.859805,-0.4868942,-0.7831408,-0.18932664,1
0.5431102,-1.2960243,0.7689125,-0.57423216,-0.525879,0.94674116,2.0047207,-0.6685249,-0.5675462,-0.37891507,1
0.3431102,-1.1458253,0.9689125,-0.4479971,-0.32587904,1.1467412,1.8047206,-0.8685249,-0.3675462,-0.17891507,1
0.42777482,-1.1127017,0.9714176,-0.60931116,-0.49448368,1.2663398,1.8850374,-0.8878404,-0.15754357,-0.2222958,1
0.62777483,-0.91270167,1.1714176,-0.40931118,-0.6944837,1.2802434,1.6850374,-0.6878404,-0.3575436,-0.022295803,1
0.41602254,-1.0821323,1.3337406,-0.5925715,-0.4808987,1.0831324,1.8332496,-0.6480118,-0.54222614,-0.21618865,1
0.21602254,-0.88213235,1.1337405,-0.3925715,-0.6808987,0.8831324,2.0332496,-0.8480118,-0.34222615,-0.016188651,1
0.4103491,-0.67368495,1.315552,-0.46964547,-0.4743406,0.6738163,2.202794,-0.7591259,-0.53483164,0.18130466,1
0.20829403,-0.8651492,1.5007454,-0.66310316,-0.27166033,0.8652793,1.9832271,-0.5536634,-0.59355205,0.31881815,1
0.26716536,-0.6651492,1.3007454,-0.46310318,-0.47166032,1.0652794,1.7832271,-0.75366336,-0.62124276,0.11881815,1
0.43840668,-0.81189066,1.4083595,-0.62228256,-0.5039906,0.8120128,1.8611398,-0.8949559,-0.77068704,-0.0761843,1
0.23840667,-0.6118907,1.2083595,-0.51453394,-0.7039906,0.87506044,2.0611398,-0.6949559,-0.57068706,-0.27618432,1
0.43840668,-0.4118907,1.0083594,-0.31453395,-0.90399057,0.67506045,2.2611399,-0.4949559,-0.77068704,-0.4761843,1
0.62316936,-0.20683332,1.1795186,-0.43967828,-0.6871879,0.8541747,2.1392267,-0.6783688,-0.557066,-0.66004527,1
0.7540045,-0.0062591615,1.2636079,-0.21953988,-0.812644,0.7766635,2.1426787,-0.8045659,-0.3270644,-0.42139107,1
0.7171833,-0.20625916,1.4636079,-0.055252388,-0.8799764,0.5766635,1.9426787,-0.6045659,-0.5270644,-0.62139106,1
0.9171833,-0.0062591583,1.2873471,0.14474761,-1.0799764,0.7766635,1.7426786,-0.8045659,-0.5854375,-0.5696784,1
0.7171833,-0.20625916,1.087347,0.28834164,-0.87997645,0.5766635,1.9426787,-0.6045659,-0.78543746,-0.7696784,1
0.5001634,-0.0060531762,1.2449819,0.47227085,-0.8921727,0.71545005,2.0721655,-0.7780885,-0.68273175,-0.5509309,1
0.6463492,0.17904018,1.2433603,0.62060046,-1.0082289,0.845089,1.8509629,-0.90291315,-0.7362896,-0.32395858,1
0.58373386,0.12865546,1.4433603,0.82060045,-0.926176,0.64508903,1.6509628,-0.70291317,-0.9362896,-0.4472871,1
0.37811562,0.32384363,1.2251563,1.0056578,-1.1096877,0.8327161,1.8238629,-0.63463515,-0.7255096,-0.24366659,1
0.56688124,0.121437,1.3974617,1.1822286,-0.8920099,1.0126476,1.5923067,-0.4798478,-0.8512754,-0.042818025,1
0.36045736,-0.07718741,1.1764947,1.2686058,-1.0728894,1.1914148,1.3679281,-0.58151245,-1.0328681,0.15442981,1
0.15879492,0.12154018,0.9663777,1.0575343,-1.2597016,1.376999,1.1558276,-0.7734155,-1.2200949,-0.04509806,1
0.32976475,-0.07211162,1.0720057,1.155787,-1.3415968,1.0817678,1.2461274,-0.89465624,-1.0282999,0.14236881,1
0.37047958,-0.27211162,0.87200576,0.955787,-1.1744822,0.8817678,1.4461274,-0.87399024,-0.82829994,-0.057631195,1
0.5499929,-0.45515752,0.6478732,1.1142812,-1.3251228,1.0429201,1.587013,-0.6497864,-0.9913724,-0.24837932,1
0.33699998,-0.56539565,0.81639725,1.2654905,-1.0833544,0.81162804,1.720673,-0.4330888,-1.1471446,-0.04658331,1
0.5200605,-0.74125147,0.9843353,1.0318799,-1.2428714,0.59233445,1.4727038,-0.61311823,-1.3046494,0.06262443,1
0.3200605,-0.94125146,1.1843354,0.8318799,-1.0428714,0.4751712,1.2727038,-0.8131182,-1.5046494,-0.11824552,1
0.11283669,-1.0725846,0.92510986,0.593861,-1.1680902,0.6345475,1.3840941,-0.61069775,-1.602084,0.076835476,1
-0.07962413,-1.1625125,0.6691516,0.725196,-0.88435537,0.7623633,1.4081355,-0.7405765,-1.6462129,0.25289062,1
-0.27415487,-0.9436864,0.46473244,0.5149235,-1.063146,0.9435401,1.1845051,-0.9221794,-1.8101022,0.051856104,1
-0.07415487,-1.1436864,0.26473242,0.31492352,-1.263146,1.1435401,0.9845051,-0.97991985,-1.6101022,-0.089333236,1
-0.27415487,-0.9436864,0.06473242,0.11492352,-1.1303726,1.2277963,1.1845051,-1.1799198,-1.4101021,0.11066677,1
-0.13411824,-1.1073941,-0.13097517,0.30493012,-1.2881563,0.99518144,1.3405709,-0.9488242,-1.4940107,0.25759757,1
0.061929006,-0.8529526,0.05949398,0.098634556,-1.3988703,1.1234734,1.0721393,-1.0798974,-1.592374,0.43014276,1
-0.13581906,-0.88103145,-0.13821436,0.29376382,-1.5727928,0.9967621,1.2513907,-1.0674804,-1.3696642,0.22638912,1
-0.32906845,-0.7709864,0.06054363,0.4838382,-1.7371563,0.7807457,1.1008903,-0.85004246,-1.538111,0.36323035,1
-0.4179867,-0.5701147,-0.12902667,0.2834049,-1.9341989,0.97924834,0.8995149,-0.7749817,-1.4061488,0.5623704,1
-0.5674065,-0.339822,0.065164395,0.3750691,-1.7718478,1.0827307,1.0095232,-0.89518255,-1.4746908,0.33271158,1
-0.3462601,-0.25617865,0.15333197,0.16499287,-1.4813788,1.2089021,1.1399081,-1.0321485,-1.5783026,0.50205094,1
-0.1462601,-0.056178644,-0.046668038,-0.035007134,-1.6813788,1.0089021,1.1513494,-0.8321485,-1.3783026,0.30205095,1
-0.32679176,-0.24177511,0.14471094,-0.22179396,-1.7755991,0.7701215,1.2753704,-0.9741164,-1.4895632,0.47382334,1
-0.47650802,-0.39960644,0.31180733,-0.38153255,-1.548743,0.728861,1.3345422,-1.0514241,-1.5282898,0.46739385,1
-0.63540846,-0.5631789,0.48071378,-0.546203,-1.2668035,0.8724304,1.441315,-1.1648698,-1.2475929,0.62684804,1
-0.5542049,-0.3576191,0.3838023,-0.7347796,-1.0504721,1.0560129,1.6161888,-1.3439754,-1.0315557,0.42031357,1
-0.6894812,-0.1440927,0.5337021,-0.4888864,-0.7774871,1.1482255,1.6603287,-1.411476,-1.1258671,0.2014069,1
-0.8069267,-0.3121568,0.30273056,-0.26207426,-0.8867646,0.8602189,1.6876681,-1.4619118,-1.2028109,0.36415154,1
-0.93582577,-0.4759924,0.09547656,-0.08241404,-0.63827085,0.98535484,1.7543763,-1.510653,-0.93200046,0.5243157,1
-1.0727842,-0.26067403,0.045639012,0.111059606,-0.7917444,0.7417654,1.8459028,-1.6157069,-0.69137233,0.30631527,1
-0.88924325,-0.42932397,0.111854225,-0.08288777,-0.55147463,0.8776757,1.9066737,-1.6921433,-0.45793316,0.4718592,1
-0.9962632,-0.57603353,-0.08068169,-0.20558836,-0.6878406,0.9864193,1.5621544,-1.7319188,-0.6022201,0.6149669,1
-1.1358298,-0.3570369,-0.26650208,-0.38509864,-0.8429882,1.1264832,1.2933403,-1.5911729,-0.7616931,0.773796,1
-1.0639633,-0.32304007,-0.124703296,-0.53483504,-0.9533891,1.2125301,1.3650533,-1.6373003,-0.51344025,0.5245034,1
-1.2232791,-0.50620455,0.07287307,-0.3965012,-1.116264,1.1455348,1.1275527,-1.6369978,-0.6904762,0.31405836,1
-1.3427695,-0.2923719,0.26054615,-0.5695545,-1.2568023,0.9028206,1.2675811,-1.5025216,-0.46831912,0.49083596,1
-1.2942383,-0.49237192,0.060546145,-0.36955452,-1.0568023,0.7028206,1.4675812,-1.3025216,-0.26831913,0.29083598,1
-1.283726,-0.29237193,0.26054615,-0.32082072,-1.2568023,0.9028206,1.2675811,-1.2946587,-0.46831912,0.49083596,1
-1.4018016,-0.08727158,0.43511692,-0.49206343,-1.3763645,1.041928,1.0086342,-1.4121306,-0.63141763,0.45359182,1
-1.2018015,0.112728424,0.63511693,-0.4442037,-1.1763644,0.84192806,0.9493788,-1.5190016,-0.8314176,0.6535918,1
-1.0767224,-0.08727158,0.8351169,-0.51928675,-0.97636443,0.6419281,1.1333396,-1.7190017,-0.63141763,0.8535918,1
-1.1417412,0.10081023,0.9256793,-0.6432402,-0.8869147,0.3952053,1.1923726,-1.7161155,-0.7435161,0.7437736,1
-0.8707346,-0.07107054,1.0408039,-0.7796605,-1.0049621,0.18048695,0.9175484,-1.7716419,-0.87237567,0.8726137,1
-0.6707346,0.12892947,0.8408039,-0.57966053,-0.8049621,-0.019513056,1.1175485,-1.9716419,-0.6723757,1.0726137,1
-0.52127314,-0.07107054,1.0408039,-0.7796605,-0.6049621,-0.21951306,1.3175485,-1.7716419,-0.87237567,0.8726137,1
-0.56877714,0.08775508,0.8281588,-0.9590292,-0.44322693,-0.019102117,1.0940133,-1.9301199,-1.0497918,0.91766065,1
-0.7624903,-0.111327015,0.7070797,-1.149551,-0.63796675,0.17941855,1.0760348,-1.7159714,-1.2395713,0.7117918,1
-0.8852932,0.081560925,0.46640912,-0.87339175,-0.77075714,-0.018930707,1.1736897,-1.7622999,-1.3241098,0.6311205,1
-1.0377845,0.2692356,0.25474706,-1.0264041,-0.9282623,0.173143,1.3135566,-1.4939102,-1.1187745,0.79473823,1
-0.7853655,0.06490364,0.4262942,-1.1496699,-1.0576686,0.349796,1.3286663,-1.212952,-1.2362608,0.9324989,1
-0.6097748,-0.13509637,0.6262942,-0.9496699,-1.2576686,0.54120314,1.5286664,-1.012952,-1.0362607,0.7324989,1
-0.77615017,0.011529421,0.7919836,-1.1019316,-1.3971412,0.33472136,1.2734956,-1.1625861,-1.1211934,0.5113247,1
-0.5761502,-0.18847059,0.5919836,-0.9019316,-1.1971412,0.13472135,1.0734955,-1.3625861,-1.3211935,0.7113247,1
-0.77615017,-0.10255863,0.7919836,-1.0287296,-0.9971412,-0.06527865,1.2734956,-1.1625861,-1.1211934,0.8269028,1
-0.5761502,-0.30255863,0.6954072,-0.82872957,-1.1971412,0.13472135,1.2005199,-0.9625861,-1.1047087,0.6425439,1
-0.3761502,-0.2230151,0.49540722,-0.6287296,-1.3971412,0.33472136,1.0005199,-1.0811675,-1.3047087,0.8425439,1
-0.5761502,-0.42301512,0.29540724,-0.82872957,-1.5971413,0.5347214,1.0307038,-1.2339852,-1.1096747,0.8972536,1
-0.77615017,-0.6230151,0.49540722,-1.0287296,-1.4107733,0.3347214,0.8307038,-1.0339851,-1.3096747,0.6972536,1
-0.5761502,-0.42301512,0.29540724,-1.2287296,-1.2107732,0.13472138,0.7361762,-1.2339852,-1.1096747,0.4972536,1
-0.3761502,-0.22301511,0.09540723,-1.4287297,-1.0107732,0.3347214,0.9361762,-1.0339851,-1.1246438,0.6972536,1
-0.5761502,-0.29175368,0.29540724,-1.2287296,-1.2107732,0.13472138,1.1361762,-0.83398515,-1.3246439,0.8972536,1
-0.3761502,-0.4917537,0.49540722,-1.0287296,-1.4107733,0.3347214,1.3361763,-0.63398516,-1.1246438,0.6972536,1
-0.16691375,-0.27645558,0.65894353,-1.1643012,-1.5263124,0.50668323,1.4556268,-0.7766586,-1.2551861,0.47118008,1
0.02917924,-0.42019296,0.75751454,-1.2031966,-1.5224595,0.62323403,1.4601209,-0.50856346,-1.2833494,0.23915759,1
0.1349608,-0.53727484,0.82949746,-1.2155931,-1.4921714,0.36664882,1.4244548,-0.61383045,-1.2850296,0.33048573,1
-0.06131053,-0.38185364,0.59340864,-1.3344377,-1.59516,0.15709491,1.5045124,-0.7671739,-1.0228252,0.5000732,1
-0.22543515,-0.5019708,0.33939752,-1.3237746,-1.5487022,0.3080693,1.4704996,-0.8343904,-1.0549434,0.60396004,1
-0.02543515,-0.61532634,0.25593567,-1.1237745,-1.3487022,0.31407142,1.6704997,-0.6343904,-1.2549435,0.40396005,1
0.17456485,-0.81532633,0.4465561,-1.0596682,-1.1487021,0.15061869,1.4704996,-0.43439043,-1.3148081,0.55021864,1
0.008113489,-0.8128084,0.6465561,-1.2596682,-0.94870216,0.2293517,1.6704997,-0.6343904,-1.1148081,0.75021863,1
0.10111712,-0.97069603,0.42798835,-1.0156074,-1.1009393,0.41149932,1.7927246,-0.79969656,-0.8767705,0.91070867,1
-0.09292868,-1.1002028,0.5901742,-1.1424099,-1.2226036,0.19876394,1.496819,-0.9395001,-1.0119331,0.66791356,1
-0.2929287,-0.9002028,0.41215283,-1.34241,-1.0226035,0.39876395,1.6968191,-0.7395001,-1.0885415,0.46791357,1
-0.088134296,-0.6640778,0.2012074,-1.4628338,-1.1595268,0.5678724,1.4195949,-0.89102924,-1.222063,0.63345444,1
-0.27504143,-0.6823797,0.38297644,-1.2054503,-1.2977498,0.35115623,1.4961928,-0.8938796,-1.3574442,0.4137582,1
-0.06477898,-0.7617081,0.50325036,-1.2132452,-1.292922,0.47578174,1.4642266,-0.7484245,-1.3444527,0.52982247,1
-0.23877412,-0.8672554,0.63418174,-1.2744455,-1.346297,0.6094109,1.4958888,-0.49456182,-1.032052,0.6581441,1
-0.4002335,-0.6086457,0.69008875,-1.3449347,-1.410475,0.37344947,1.5469271,-0.6335536,-0.80516356,0.7827673,1
-0.18018544,-0.64356756,0.80097,-1.0302999,-1.4492288,0.51603377,1.5720189,-0.75009537,-0.90452313,0.79478264,1
0.018892977,-0.7578847,0.57301855,-1.173078,-1.1911263,0.44254014,1.6896012,-0.90590584,-1.0531511,0.56711894,1
-0.18110703,-0.5578847,0.37301856,-0.97307795,-1.1478443,0.24254014,1.4896011,-0.70590585,-1.2531512,0.76711893,1
-0.38110703,-0.3578847,0.57301855,-0.8796273,-1.3478444,0.17530169,1.2896011,-0.90590584,-1.3139956,0.56711894,1
-0.18110703,-0.538439,0.77301854,-0.6796273,-1.2330037,-0.024698317,1.089601,-1.1059059,-1.1550027,0.76711893,1
0.014829755,-0.73843896,0.57301855,-0.8796273,-1.1206385,-0.22469832,1.1826272,-1.3059059,-1.3550028,0.56711894,1
-0.098893836,-0.93843895,0.37301856,-0.88133097,-1.3206385,-0.024698317,1.011138,-1.1059059,-1.4051272,0.36711895,1
-0.29889384,-0.73843896,0.57301855,-1.081331,-1.1206385,0.17530169,0.99724007,-1.3059059,-1.2051271,0.3233222,1
-0.098893836,-0.538439,0.77301854,-0.881331,-1.03417,-0.024698317,1.1972401,-1.1681676,-1.263037,0.5233222,1
0.10042183,-0.5870507,0.9664327,-0.6767195,-1.1166506,-0.22317746,1.3877829,-1.3589072,-1.419016,0.4128583,1
-0.07751143,-0.6970951,1.0331159,-0.42223307,-1.1661646,-0.3748106,1.406308,-1.3807327,-1.3573319,0.18852976,1
0.11449878,-0.8385786,1.1526811,-0.20773706,-1.024167,-0.5373164,1.1276219,-1.4776232,-1.4557489,-0.010722052,1
-0.085501224,-0.6808218,0.9526811,-0.40773708,-1.0097343,-0.3373164,0.9276219,-1.3122398,-1.655749,0.18927795,1
-0.27930713,-0.47039005,0.73635125,-0.20323008,-1.1834884,-0.21993098,1.1031574,-1.4794308,-1.7656404,0.3808323,1
-0.079307124,-0.51652473,0.93635124,-0.00323008,-1.0891932,-0.019930974,1.2168447,-1.2794307,-1.7738435,0.18083231,1
0.12069288,-0.31652474,1.1363512,-0.19025344,-0.88919324,-0.21993098,1.1757591,-1.0794307,-1.9738436,0.3808323,1
-0.07230335,-0.4709094,1.2183354,-0.35578936,-0.9930044,-0.018170828,0.8895878,-1.1664417,-1.9818671,0.30976,1
0.112847686,-0.4497641,1.2534069,-0.4911604,-1.054278,0.1606855,0.96288705,-0.99374485,-1.9281527,0.4504835,1
-0.08715232,-0.2497641,1.2382548,-0.6911604,-0.854278,0.25930083,1.1628871,-1.0397978,-1.7281526,0.38854605,1
-0.0817564,-0.045409624,1.3124043,-0.76920575,-0.96202624,0.41911092,1.2436314,-1.1313126,-1.649223,0.17204784,1
-0.13212754,0.072334066,1.253291,-0.56920576,-1.1620263,0.46919954,1.0436313,-0.9313126,-1.849223,0.24210247,1
-0.33212754,-0.12766594,1.053291,-0.4118379,-1.3620263,0.26919955,1.2436314,-0.74603766,-1.649223,0.04210247,1
-0.53212756,-0.32766593,0.93965644,-0.2118379,-1.1620263,0.12361218,1.4436314,-0.83096826,-1.4492229,-0.15789753,1
-0.33212757,-0.12766592,1.1396564,-0.0118379,-0.9620263,0.32361218,1.2436314,-1.0309683,-1.6152728,0.04210247,1
-0.13212757,0.07233408,0.93965644,0.1881621,-1.1620263,0.5065395,1.4436314,-0.8309683,-1.4152727,-0.15789753,1
-0.33212757,-0.12766592,1.1396564,0.3881621,-0.9783174,0.30653954,1.4900516,-1.0271993,-1.6152728,0.04210247,1
-0.13971268,-0.06677845,0.93965644,0.46559447,-1.1783174,0.32684827,1.4844718,-1.0708333,-1.4152727,0.047149565,1
-0.03800997,0.12177509,1.0417366,0.60840625,-1.2598917,0.1159494,1.5397412,-1.1616427,-1.4764878,0.16537234,1
0.1501386,-0.07250186,1.1508894,0.64672124,-0.98234844,-0.07790133,1.6124592,-1.262023,-1.4368625,-0.03209425,1
0.3276147,0.11929638,1.2639887,0.7922529,-0.7320211,-0.12588394,1.6958663,-1.131478,-1.3858263,0.15710461,1
0.5077812,-0.0776699,1.0836009,0.5699896,-0.51202196,0.07132998,1.7407653,-1.2682649,-1.5262138,-0.04128292,1
0.4644086,-0.16244328,1.2092029,0.4154278,-0.29393706,-0.12121226,1.8282778,-1.0063478,-1.6261618,0.14951777,1
0.6310164,-0.008132053,0.9584817,0.2046007,-0.46911252,0.074827984,1.9263395,-0.7658219,-1.7343816,0.3319515,1
0.49563605,-0.1906006,1.0609001,0.0042131757,-0.24644455,0.2516786,1.947233,-0.88446844,-1.6300622,0.48714396,1
0.6298009,0.008509838,1.1415683,0.1848864,-0.042049028,0.046787713,1.9440185,-0.7703584,-1.6568648,0.37960395,1
0.673338,-0.17329648,1.2141047,0.34831795,0.14294389,-0.13865544,1.9403131,-0.51616806,-1.6804422,0.1625396,1
0.78273004,-0.33456737,1.2673928,0.13293011,-0.0511366,-0.21746819,1.9182578,-0.28336596,-1.6853483,-0.03357392,1
0.6775321,-0.51916605,1.068236,0.32333815,-0.24390116,-0.016964912,1.8279666,-0.46943983,-1.83103,-0.22684449,1
0.4329723,-0.28938383,1.1498936,0.47450408,-0.039804626,-0.19671935,1.8387316,-0.6069727,-1.8415092,-0.024339557,1
0.20961864,-0.08042379,1.2145773,0.24698716,0.14413704,-0.35130048,1.8343645,-0.72607994,-1.8368636,-0.05523,1
0.3623861,-0.24808852,1.2514645,0.3954457,0.3044551,-0.4877308,1.7997848,-0.46541843,-1.8019958,-0.2257998,1
0.1623861,-0.34587294,1.0514644,0.46038795,0.5044551,-0.6877308,1.6726962,-0.2654184,-1.6019957,-0.4257998,1
0.08002373,-0.14587294,0.85146445,0.66038793,0.3044551,-0.8877308,1.8726963,-0.4654184,-1.7300802,-0.22579978,1
-0.10939375,-0.3153652,0.9587199,0.7844973,0.45995957,-0.6439437,1.8898739,-0.24200715,-1.7598374,-0.02352411,1
-0.2813988,-0.10492657,1.0538751,0.5316101,0.6002442,-0.40377423,1.9007751,-0.40201288,-1.7825049,-0.20329891,1
-0.33069453,0.09287482,1.2248788,0.32394147,0.4743581,-0.19906187,1.661444,-0.5880911,-1.9366587,-0.39397246,1
-0.4690431,-0.09468032,1.2593489,0.46307454,0.24248557,-0.35270235,1.6451977,-0.69653755,-1.8884404,-0.17143843,1
-0.2690431,-0.29468033,1.0593488,0.26307452,0.042485565,-0.55270237,1.4451977,-0.49653757,-2.0884404,-0.37143844,1
-0.44744933,-0.47190633,1.2013712,0.0601707,-0.15026282,-0.7180495,1.1878715,-0.34341854,-2.1830857,-0.5451306,1
-0.24744932,-0.67190635,1.4013712,-0.13982931,-0.35026282,-0.51804954,0.98787147,-0.14341854,-1.9830856,-0.34513062,1
-0.045388468,-0.83403707,1.5318193,0.05755732,-0.5263634,-0.6868627,0.7536521,0.05412398,-2.0882683,-0.5214541,1
-0.23846622,-0.6161513,1.6829659,0.2502918,-0.31715688,-0.47312862,0.5380339,-0.109757446,-2.2237177,-0.3123861,1
-0.037941568,-0.7512737,1.4627393,0.34549,-0.5101033,-0.26940337,0.3334234,0.060648862,-2.39066,-0.11085323,1
-0.17019634,-0.891066,1.3627707,0.13628171,-0.48453894,-0.06501071,0.3866038,-0.13053139,-2.426693,0.08350453,1
0.029294116,-1.0724123,1.5360523,-0.06262891,-0.2796742,-0.16838361,0.57657474,-0.32488036,-2.2199163,-0.11450377,1
0.16931555,-1.1035888,1.555021,-0.23524262,-0.07136597,0.02831951,0.69559544,-0.11185814,-2.1675735,-0.2817081,1
0.018764004,-0.9918515,1.355021,-0.10458845,0.12863404,0.22831951,0.89559543,-0.31185815,-1.9675734,-0.08170809,1
-0.181236,-1.17169,1.555021,-0.30458844,-0.07136597,0.4283195,0.69559544,-0.111858144,-1.7675734,-0.2817081,1
-0.026444454,-1.3679955,1.7502941,-0.5032294,-0.27063507,0.62662715,0.89318323,-0.3110182,-1.5633512,-0.08148801,1
-0.052549966,-1.2400542,1.8665481,-0.3032294,-0.47063506,0.42662716,1.0386199,-0.5110182,-1.3633511,-0.281488,1
0.14745003,-1.0400542,1.666548,-0.10322939,-0.67063504,0.31005642,1.1656164,-0.6586608,-1.5633512,-0.481488,1
0.3352029,-1.1963441,1.4749606,0.09335959,-0.45404583,0.49207768,1.0537869,-0.82839423,-1.6850477,-0.43334457,1
0.46651918,-1.2171483,1.4600093,-0.09295502,-0.57011074,0.5800976,1.0928857,-0.54775107,-1.6431355,-0.55206615,1
0.2578482,-1.3710425,1.6060022,-0.28342396,-0.63519144,0.5912024,0.8638364,-0.72342354,-1.3961842,-0.6498552,1
0.4578482,-1.5710425,1.4328282,-0.48342395,-0.8351914,0.3912024,1.0638365,-0.52342355,-1.1961842,-0.4498552,1
0.61764485,-1.6628082,1.1574858,-0.6416576,-0.76435316,0.555072,0.8110445,-0.6792127,-1.3108587,-0.6101404,1
0.51938766,-1.4628081,1.3574859,-0.4416576,-0.79765517,0.35507202,1.0110445,-0.4792127,-1.5108588,-0.4101404,1
0.31938767,-1.2628081,1.1574858,-0.6416576,-0.99765515,0.15507202,0.8110445,-0.6792127,-1.7108588,-0.6101404,1
0.51938766,-1.390968,0.9597205,-0.4416576,-1.1976552,0.021031424,0.6805399,-0.8792127,-1.5108588,-0.8101404,1
0.6818984,-1.326187,0.72012943,-0.22906417,-1.130051,0.20951289,0.8346526,-1.022972,-1.6217014,-0.7150127,1
0.43035075,-1.362934,0.8217051,-0.38316804,-0.92777145,0.36570814,0.79597664,-1.0921533,-1.6268377,-0.8171357,1
0.5776481,-1.4322596,0.936282,-0.53441024,-1.0334803,0.3019166,0.54614794,-1.1841184,-1.3131216,-0.9320946,1
0.6678346,-1.3244078,0.97582495,-0.2871874,-1.0592977,0.43103978,0.64078265,-1.1886638,-1.2994502,-0.9722289,1
0.45805955,-1.3528365,0.97136587,-0.4323547,-1.1175644,0.51450497,0.746153,-1.2323705,-1.3306879,-0.68531495,1
0.24982831,-1.5033062,1.1340032,-0.22494334,-1.2755386,0.3044733,0.52873254,-1.3866826,-1.0946226,-0.469835,1
0.4466672,-1.2941471,1.3246286,-0.2878543,-1.4651693,0.50092816,0.36103222,-1.1783432,-1.0709182,-0.47415048,1
0.542345,-1.4941472,1.1246285,-0.4878543,-1.2651693,0.30092818,0.16103221,-0.9783432,-1.2709183,-0.64949644,1
0.35422057,-1.5377944,0.83929455,-0.6243722,-1.3299488,0.35235453,-0.03537145,-1.0695938,-1.3351672,-0.77109635,1
0.15143143,-1.5761917,1.0204986,-0.41669726,-1.1095132,0.5361571,-0.23111467,-1.2466328,-1.1146373,-0.9535337,1
0.18893418,-1.531311,0.83952516,-0.5262806,-1.2635081,0.4155487,-0.030021565,-1.009863,-1.2684522,-1.1130084,1
-0.010845607,-1.3048168,1.0188378,-0.711827,-1.4343832,0.60329884,0.16659573,-1.1857858,-1.0471891,-0.8948388,1
-0.2108456,-1.1048168,1.2188379,-0.91182697,-1.2343831,0.80329883,-0.033404276,-0.9857858,-0.8471891,-0.6948388,1
-0.4108456,-1.1973846,1.275007,-0.711827,-1.1165915,1.0032989,-0.23340428,-0.7857858,-0.64718914,-0.49483883,1
-0.2108456,-1.3973846,1.2309195,-0.511827,-1.3165915,0.8158273,-0.033404276,-0.5857858,-0.8471891,-0.6948388,1
-0.010845602,-1.2908313,1.4309195,-0.311827,-1.1165915,0.6158273,0.16659573,-0.7857858,-1.0471891,-0.49483883,1
0.1891544,-1.0908313,1.2544192,-0.511827,-1.3165915,0.8158273,0.36659575,-0.9857858,-0.8471891,-0.5523263,1
-0.010797774,-1.2557619,1.0497694,-0.31045192,-1.5099037,1.0113478,0.56409717,-1.1805567,-1.0425712,-0.35077265,1
0.1719056,-1.0841045,1.1355171,-0.46378705,-1.5535865,1.1006079,0.6942443,-0.9435942,-1.128977,-0.1369892,1
0.37190562,-0.88410455,1.3355172,-0.26378703,-1.4434446,0.9006079,0.8942443,-0.7435942,-1.328977,0.0630108,1
0.14953467,-0.9430245,1.3356926,-0.055486098,-1.4295748,0.9573802,0.9518448,-0.8207995,-1.3072361,0.22878388,1
0.12492709,-1.1430246,1.5004948,0.1445139,-1.2295748,0.7573802,0.7518448,-0.80126935,-1.107236,0.028783873,1
0.32131487,-1.3280942,1.6815906,-0.05486926,-1.018129,0.5511838,0.9412632,-0.59458506,-1.2927035,0.22624049,1
0.4512724,-1.3227836,1.6287851,-0.2206257,-1.0544645,0.30399972,0.9879262,-0.6878267,-1.2921479,0.14805134,1
0.23399548,-1.4180806,1.3305452,-0.01920752,-1.1682105,0.09684894,1.0344096,-0.8267818,-1.3895513,0.32412013,1
0.4339955,-1.3044288,1.1305451,-0.096517034,-1.3682106,0.068943284,1.1647322,-1.0267818,-1.1895512,0.12412013,1
0.23399548,-1.3688098,0.9489549,0.10348297,-1.5682106,-0.13105673,0.9647322,-1.2267818,-0.98955125,0.32412013,1
0.41262838,-1.491572,1.0923879,0.28854147,-1.6811556,-0.31475765,0.7988527,-0.9762298,-0.75067896,0.49831593,1
0.20819347,-1.4217566,1.2654319,0.0866947,-1.8419193,-0.50402105,0.58636206,-0.7600395,-0.53919315,0.68375075,1
0.3937251,-1.4568058,1.0593923,0.27653286,-1.9695437,-0.6150256,0.37266752,-0.540189,-0.3305132,0.8524263,1
0.5937251,-1.6568059,0.94260067,0.076532856,-1.7695436,-0.4150256,0.3355811,-0.34018904,-0.45134437,1.0524263,1
0.37452,-1.7662348,0.70637816,-0.11744467,-1.8734734,-0.5850259,0.5094566,-0.2726512,-0.6195731,0.81084675,1
0.15573663,-1.6412838,0.80882573,0.07367,-1.850308,-0.70053446,0.6330986,-0.4217803,-0.68021077,0.8164069,1
0.3331557,-1.4132421,0.5969804,0.07412776,-2.0104172,-0.49079606,0.48025486,-0.52761745,-0.8630853,0.9966316,1
0.25743672,-1.4445202,0.3796305,-0.12037103,-1.8311384,-0.6606051,0.26800638,-0.6958172,-1.0166235,1.1443332,1
0.19092718,-1.1316309,0.52705276,-0.08474114,-1.8468957,-0.7825404,0.061837584,-0.8145584,-1.1062647,1.2179682,1
0.34311232,-1.1687572,0.63812584,-0.24991402,-1.7965369,-0.511289,-0.12126357,-0.8904663,-1.0959733,1.2445345,1
0.17000881,-0.8845337,0.7652594,-0.4107986,-1.7320938,-0.6494497,0.07189111,-0.9956614,-1.1297143,1.3189471,1
-0.028850814,-1.0432956,0.5437661,-0.3826661,-1.4738377,-0.4323599,-0.1232377,-1.1501977,-1.2791535,1.4611909,1
-0.16237739,-0.9286509,0.31304014,-0.5305872,-1.5242295,-0.21159148,0.06990126,-1.1208149,-1.3469462,1.5127131,1
0.036220096,-1.0865763,0.30556458,-0.70335186,-1.274864,-0.3962479,-0.12524883,-1.2715768,-1.4892782,1.2637769,1
0.21762325,-0.8167791,0.4657631,-0.83223385,-1.3587527,-0.5493072,0.06886625,-1.2094666,-1.4978052,1.2316828,1
0.016652962,-0.5828211,0.32311958,-0.75921434,-1.4729325,-0.7044251,-0.123913914,-1.3318655,-1.6043291,0.97488135,1
0.19667998,-0.7106537,0.111769326,-0.8707855,-1.5187068,-0.45792276,-0.2400526,-1.3906447,-1.6379901,0.703446,1
0.39500895,-0.5085026,-0.087859,-0.7298102,-1.3131516,-0.25683627,-0.03988387,-1.5839441,-1.8302475,0.628047,1
0.549216,-0.6539749,-0.2657048,-0.6971711,-1.2302233,-0.052462038,0.1477933,-1.6466484,-1.7558817,0.6175879,1
0.7235681,-0.438434,-0.06345554,-0.86645824,-1.3812625,0.1424873,0.010945674,-1.7834322,-1.5026191,0.40329266,1
0.7965328,-0.55061847,0.117763005,-0.9128151,-1.3637626,-0.03335269,0.033023983,-1.7106144,-1.4684268,0.52031076,1
0.58440876,-0.7353627,0.31130472,-0.72712225,-1.5319804,-0.22860998,-0.16358235,-1.8502603,-1.2426469,0.3138007,1
0.3497923,-0.48715267,0.1434352,-0.8436338,-1.5760136,-0.026033614,0.033138197,-1.8656319,-1.312735,0.46753234,1
0.1414004,-0.27106532,-0.053395845,-0.9851657,-1.4179839,-0.048930224,0.12244307,-1.9499078,-1.4279861,0.25254422,1
-0.0533698,-0.41745248,0.13352026,-1.079394,-1.3347759,-0.11869883,0.29366618,-1.9580363,-1.3862948,0.04785484,1
-0.095019266,-0.42945293,0.33352026,-0.879394,-1.1347759,-0.2812021,0.09366618,-1.7580363,-1.1862948,0.24785484,1
-0.29501927,-0.22945292,0.13352026,-1.079394,-1.2390074,-0.48120213,-0.0770569,-1.5580362,-1.1108763,0.44785485,1
-0.30615816,-0.02945292,0.26415092,-0.879394,-1.4390074,-0.6812021,0.1229431,-1.7580363,-1.3108764,0.64785486,1
-0.5061582,-0.22945292,0.4641509,-0.7782329,-1.6390074,-0.63913196,0.3229431,-1.5580362,-1.1108763,0.84785485,1
-0.2824425,-0.027171433,0.24368921,-0.76523596,-1.696554,-0.77413094,0.48243475,-1.6218549,-1.2093331,0.68651235,1
-0.457241,-0.21530461,0.42051208,-0.6509285,-1.5771309,-0.71336484,0.64678615,-1.6779647,-1.0990748,0.8402033,1
-0.6565456,-0.20216753,0.22027875,-0.45045137,-1.3756738,-0.5128217,0.84589016,-1.8759776,-0.89812356,1.0391027,1
-0.47099224,-0.4001553,0.020177288,-0.41044194,-1.1697913,-0.7092551,1.0406572,-1.6675919,-1.0926292,1.2329029,1
-0.26796547,-0.19791973,-0.17781425,-0.6036238,-1.1774741,-0.50356716,1.2268001,-1.8467325,-0.945712,1.0213661,1
-0.085012786,-0.202161,0.019868135,-0.7196737,-1.2271013,-0.5415084,1.2777503,-1.8329217,-0.66781163,1.0937768,1
0.11498722,-0.402161,-0.18013187,-0.9196737,-1.4271014,-0.3415084,1.0777502,-1.6329217,-0.8678116,0.89377683,1
-0.07777977,-0.55092824,0.018177724,-1.0244102,-1.1226977,-0.495436,1.1690373,-1.6769739,-0.9769606,1.0007167,1
0.11729435,-0.6305517,0.20938443,-0.79118377,-1.2693886,-0.5563872,0.9299819,-1.6446207,-1.1295252,1.073522,1
0.30793452,-0.41785088,0.39730802,-0.5737445,-1.4260432,-0.34587416,0.70844823,-1.7902063,-1.2903056,0.847754,1
0.5062576,-0.21713164,0.1966566,-0.6377709,-1.6206748,-0.14539255,0.905449,-1.5849562,-1.0867059,1.0442948,1
0.44650424,-0.4062652,0.3863235,-0.42636678,-1.7732455,0.053184904,0.68707174,-1.5718718,-0.86360687,1.2118804,1
0.46078253,-0.1794717,0.51016104,-0.5450028,-1.7169242,0.22029662,0.6777459,-1.5417087,-0.92544615,1.2284796,1
0.2502924,0.019702537,0.6815943,-0.43061388,-1.4559048,0.4033899,0.45852822,-1.6576694,-1.0801743,1.371018,1
0.43759024,-0.053063545,0.85672563,-0.30126512,-1.6091939,0.58636904,0.44532084,-1.4165504,-1.2440623,1.1379851,1
0.23759024,0.14693646,0.65672565,-0.10126512,-1.4091939,0.786369,0.64532083,-1.2165504,-1.4440624,0.9379851,1
0.43759024,0.34693646,0.45672566,-0.30126512,-1.6091939,0.58636904,0.8453208,-1.0165503,-1.2440623,0.73798513,1
0.23025477,0.5300501,0.24879941,-0.48578882,-1.7533362,0.37444013,1.0130472,-1.1587126,-1.3994777,0.9090254,1
0.40945014,0.41872954,0.4270981,-0.65262806,-1.8588842,0.16600521,0.9248759,-0.9123548,-1.5221363,0.74898934,1
0.60945016,0.21872954,0.6270981,-0.45262808,-1.8009037,-0.033994794,0.7248759,-0.7201182,-1.3221363,0.94898933,1
0.79368925,0.018364852,0.81099355,-0.24770914,-1.9619437,-0.22943866,0.79481083,-0.7982235,-1.100287,1.1266172,1
0.5315693,0.19551651,0.90520954,-0.04271715,-1.9357314,-0.026358383,0.73828447,-0.89377564,-1.1642331,1.1878083,1
0.7315693,0.31105286,0.8929445,0.15728286,-1.7357314,0.17364162,0.93828446,-0.69377565,-1.3238851,0.9878083,1
0.51271987,0.10711492,1.0541887,0.34461364,-1.8670903,-0.025423713,1.0979209,-0.47626638,-1.4139426,0.7598726,1
0.31271988,-0.092885084,0.9231083,0.14461364,-1.6670903,-0.22542372,1.297921,-0.2762664,-1.2139425,0.7874442,1
0.51271987,0.10711492,0.8058885,0.34461364,-1.4670902,-0.02542372,1.0979209,-0.35391814,-1.185469,0.98744416,1
0.7035625,0.30316895,0.9929643,0.5376162,-1.635001,-0.22252737,1.2812446,-0.5468011,-1.3676679,0.7773267,1
0.8539619,0.09750554,1.0497332,0.31908292,-1.587305,-0.39933294,1.0218902,-0.53467107,-1.4816116,0.92367685,1
0.9948869,-0.096749604,1.1796851,0.4899881,-1.3095459,-0.18816024,1.1534028,-0.31591263,-1.4365125,1.0606943,1
1.0608399,0.100775994,1.1875166,0.2830385,-1.4733695,0.011556021,0.9305544,-0.28322572,-1.5972933,0.8400677,1
1.132658,-0.0891365,0.88712174,0.2659038,-1.5032482,0.1900484,1.0156178,-0.43409908,-1.5692936,0.9343303,1
0.915227,-0.28373265,1.0668038,0.06467208,-1.278891,0.38275853,1.0533562,-0.622248,-1.7362262,0.8039297,1
0.92529577,-0.41702682,1.092114,0.22817431,-1.2749547,0.44286153,0.9303962,-0.70886153,-1.6692243,0.86548966,1
0.6778273,-0.25076404,1.2075489,0.11629203,-1.3784232,0.572025,1.0564151,-0.8493792,-1.5982634,0.6219353,1
0.8728476,-0.05047607,1.0018333,0.31449783,-1.1717384,0.76764554,0.90721536,-0.6947069,-1.7880625,0.8172727,1
0.87382346,-0.051229216,1.0861868,0.28577846,-1.2397428,0.8745337,0.6391635,-0.8086136,-1.7967609,0.6163034,1
1.03639,0.14358462,0.8552943,0.4688442,-1.3895533,0.65101945,0.80991024,-0.9734533,-1.5410978,0.78784704,1
0.7992677,0.32833502,0.6262098,0.6391583,-1.5190028,0.8132479,0.96508646,-1.1213709,-1.2815746,0.80787796,1
0.90505594,0.4785232,0.7483141,0.39775413,-1.5569339,0.5554304,0.6929535,-1.1777111,-1.3418907,0.91285443,1
1.0241277,0.32310927,0.6527717,0.3589199,-1.6282659,0.3766308,0.8275586,-1.2768153,-1.058265,1.0313553,1
0.7565983,0.24298656,0.78289515,0.14589791,-1.6784568,0.5293814,0.94335985,-1.2572737,-0.9424682,1.1304574,1
0.8625484,0.038760245,0.52558666,0.008441849,-1.6937726,0.6576708,1.0309482,-1.3139989,-0.66947097,1.1996509,1
0.5978174,-0.14548664,0.6546968,0.18807708,-1.708751,0.77387637,0.74976456,-1.3660812,-0.78452367,1.262905,1
0.37125954,-0.3224223,0.7976381,-0.011126963,-1.6538029,0.90886134,0.51306283,-1.4615313,-0.5455015,1.365243,1
0.5174735,-0.47323447,0.77340764,-0.19124864,-1.6792611,1.0044583,0.6459255,-1.2325401,-0.31297135,1.41787,1
0.6632549,-0.25258648,0.8998484,-0.31624398,-1.7372476,1.1134388,0.41222748,-0.9545123,-0.104434244,1.4956096,1
0.81760377,-0.36786813,0.66283864,-0.4889437,-1.4855103,1.0568683,0.5798513,-1.0934588,-0.28833497,1.6059415,1
0.57036805,-0.52443624,0.79684675,-0.6362517,-1.5565987,1.1396195,0.7202065,-1.1945322,-0.0815789,1.2984118,1
0.77036804,-0.32443625,0.59684676,-0.8362517,-1.7565987,0.9428588,0.8200976,-0.99453217,0.1184211,1.0984118,1
0.53685874,-0.33408612,0.7310031,-0.9506259,-1.7949245,1.0484241,0.9358067,-1.0958276,0.29210988,0.8241758,1
0.64261204,-0.38915884,0.74884087,-0.6546183,-1.7397671,1.0887465,0.99053323,-1.1300869,0.4220609,0.89318025,1
0.79288787,-0.55439144,0.8928479,-0.8041856,-1.8252977,0.8362999,0.74388236,-1.251596,0.20895666,0.65227437,1
0.99288785,-0.35439146,0.6928479,-0.60418564,-1.6490251,1.0363,0.94388235,-1.0515959,0.008956656,0.85227436,1
0.7519706,-0.14642403,0.84677213,-0.7626853,-1.7536055,1.0868677,1.0848519,-0.80764896,-0.18118449,0.9979713,1
0.91261953,-0.33210412,0.6200369,-0.9228913,-1.489385,0.95683277,1.2317407,-0.9659963,-0.36542767,1.050233,1
0.71261954,-0.20682625,0.8200369,-1.1228913,-1.3602989,0.77431977,1.0317407,-1.1369997,-0.16542767,1.2187171,1
0.49701157,-0.39443943,0.9889794,-0.8947916,-1.1259339,0.94465417,1.1942374,-1.2962915,-0.15058275,1.2366558,1
0.61105645,-0.17046125,1.0423551,-0.9597825,-1.1624204,1.0034959,1.2223008,-1.3117696,-0.08602658,1.00473,1
0.81073624,-0.370315,0.8420225,-1.0637418,-1.2863688,0.8031787,1.0218971,-1.5111728,-0.28591368,0.8096425,1
0.91159064,-0.15360837,0.93980795,-1.1397784,-1.3405674,0.9047745,0.7968665,-1.4783586,-0.43824923,0.5785621,1
1.095864,-0.012801062,0.7293413,-0.9264826,-1.5187718,0.69480354,0.5884222,-1.6546136,-0.6292194,0.3732063,1
1.2958641,-0.21280107,0.9293413,-0.9929807,-1.3187717,0.5419067,0.509822,-1.4546136,-0.537109,0.5732063,1
1.2491326,-0.030861743,0.89454365,-1.0754175,-1.3691032,0.66879493,0.6170916,-1.4915584,-0.66447,0.3364284,1
1.0491326,0.16913825,0.69454366,-1.0448492,-1.1691031,0.8687949,0.8170916,-1.2915584,-0.6664576,0.5364284,1
1.0527186,-0.03086175,0.49454367,-1.2448492,-1.1324726,1.068795,0.6170916,-1.2147847,-0.8664576,0.3364284,1
0.85271865,0.16913825,0.29454368,-1.4448493,-1.3324727,0.94162875,0.8170916,-1.4147848,-0.80661094,0.1364284,1
1.0155346,-0.029771656,0.091204226,-1.5867503,-1.0924716,0.71543306,0.5952948,-1.5577477,-0.9710556,0.111655794,1
1.1679236,-0.22077176,0.27979806,-1.3324327,-1.2418469,0.49524412,0.66372555,-1.6888987,-0.7506802,0.29944858,1
1.2861652,-0.023543585,0.098065645,-1.356535,-0.9795775,0.6536906,0.737129,-1.7352971,-0.73836213,0.093504705,1
1.05141,0.030998848,0.2885281,-1.1195279,-1.1418332,0.7262546,0.90714264,-1.7311997,-0.90833634,0.2841131,1
1.2260257,-0.16557305,0.27722135,-0.90087575,-0.92272854,0.51557976,0.6927986,-1.8920263,-1.0858543,0.47429308,1
1.3764367,0.033229783,0.07453603,-0.6765033,-1.0836865,0.3046057,0.86175215,-1.6331872,-1.2411397,0.65084505,1
1.4979178,-0.15846375,0.26086196,-0.8328465,-0.8396719,0.0993955,0.76346904,-1.74188,-1.1033211,0.64820755,1
1.5793426,-0.3334302,0.28806522,-0.5886513,-0.96706575,0.27848703,0.8961845,-1.4342018,-1.2123028,0.7889724,1
1.5731027,-0.4716014,0.4314946,-0.6479968,-1.0317935,0.42302656,0.96912795,-1.091148,-1.2486057,0.87434256,1
1.6116662,-0.6104538,0.57399863,-0.57010925,-0.7560608,0.5663016,1.0626818,-0.8163464,-1.3167139,0.97652644,1
1.6110556,-0.72071004,0.33258477,-0.32912606,-0.8501936,0.344953,1.1228617,-0.8060419,-1.3487642,1.0462465,1
1.6450795,-0.5156861,0.12043389,-0.48063374,-0.95394754,0.4950102,1.2016267,-0.9138421,-1.0919164,1.0751382,1
1.5337014,-0.3156861,-0.07956611,-0.28063375,-0.8025184,0.6950102,1.0016266,-0.7138421,-1.2919165,0.8751382,1
1.5915753,-0.51146555,-0.27727807,-0.3159979,-0.9943135,0.8876851,1.1917921,-0.9063629,-1.0829798,0.9149871,1
1.3455794,-0.6879494,-0.07472378,-0.49894255,-0.76805896,1.0517337,0.95901036,-1.0697942,-1.2405734,1.0781333,1
1.1455793,-0.48794943,-0.27472377,-0.69894254,-0.56805897,1.2517338,1.1590104,-0.8697942,-1.0405734,1.2781334,1
0.92634857,-0.6739582,-0.46506903,-0.48879528,-0.7524385,1.422209,0.9395065,-0.6829754,-1.0943339,1.4480718,1
0.9943458,-0.6849643,-0.23400415,-0.6080716,-0.8408171,1.4320937,1.0059615,-0.77949476,-0.7895221,1.4549255,1
0.74567413,-0.8307402,-0.089390166,-0.38306803,-0.97704357,1.5320911,1.1320691,-0.54398763,-0.5534006,1.5535239,1
0.54567415,-0.69392216,-0.28939018,-0.18306802,-1.1770436,1.3320911,0.9320691,-0.39608014,-0.75340056,1.753524,1
0.74567413,-0.49392217,-0.08939017,-0.38306803,-1.3770436,1.132091,1.1320691,-0.5960801,-0.5534006,1.5535239,1
0.9188182,-0.28557515,0.10746865,-0.17786911,-1.2798196,1.2395257,1.1269697,-0.38483196,-0.73200494,1.703726,1
0.66093,-0.40411794,0.17576344,0.020348636,-1.3606461,1.1301627,1.2201055,-0.16994698,-0.81144196,1.7504143,1
0.46093,-0.20411794,-0.02423656,-0.10607161,-1.4006459,0.9301627,1.2884867,-0.369947,-1.011442,1.5504142,1
0.63734215,-0.38969544,0.16949065,-0.027373703,-1.1577961,0.70410407,1.4353645,-0.54960626,-1.168207,1.687944,1
0.4766685,-0.17805597,-0.028637338,-0.21342236,-1.2744836,0.68387216,1.2516553,-0.49641111,-1.2842557,1.7721024,1
0.6230125,-0.2396388,0.15777457,-0.012358038,-1.3575653,0.44550383,1.3365473,-0.39629138,-1.116987,1.8157258,1
0.39995164,-0.33460987,-0.03992348,-0.14653632,-1.2329643,0.61031365,1.4527812,-0.56378406,-0.86699677,1.9058369,1
0.18935688,-0.5062827,-0.22721075,-0.32817456,-0.97823095,0.38857254,1.4428645,-0.7233137,-1.0104603,1.9530755,1
-0.010425639,-0.3984414,-0.026654707,-0.36921042,-1.1541545,0.18471918,1.5548149,-0.86985916,-1.1022044,1.7172525,1
-0.21042565,-0.1984414,0.1733453,-0.18027194,-1.1296756,0.3847192,1.754815,-0.6698592,-1.001939,1.69208,1
-0.3719852,-0.23697203,-0.024158226,-0.34465566,-1.2051382,0.5299544,1.7717271,-0.78838813,-0.72682947,1.6321876,1
-0.55100816,-0.035616115,0.16939294,-0.13935055,-0.96827567,0.70318395,1.8994159,-0.9521399,-0.89283884,1.3796633,1
-0.33002377,0.11081093,0.34730944,0.057023633,-1.0841529,0.473102,1.9739059,-1.0832613,-1.0275054,1.1091392,1
-0.47238412,-0.089189075,0.1910516,0.25702363,-0.88415295,0.673102,1.7739059,-0.88326126,-1.2275054,1.3091393,1
-0.25336096,-0.12257891,-0.008323449,0.42510533,-0.9298143,0.44006082,1.8360493,-1.0076069,-1.1510658,1.4037418,1
-0.07773664,-0.30003402,0.17828037,0.581417,-0.6788079,0.46678492,1.8937508,-1.1232078,-0.8845963,1.4916571,1
-0.18596575,-0.26418427,0.3420296,0.6785138,-0.79459137,0.32411283,1.8931056,-0.8347364,-0.98065895,1.529545,1
-0.35778356,-0.4302908,0.5024521,0.443574,-0.92196894,0.48584348,1.5694795,-0.9591827,-1.0944504,1.6032581,1
-0.15467091,-0.22574776,0.2964855,0.630878,-0.9511095,0.28020456,1.7345724,-0.744206,-0.87680525,1.7676847,1
-0.33066902,-0.06379872,0.4628865,0.6130333,-1.0732098,0.07477682,1.8036528,-0.8803081,-0.9873108,1.4615936,1
-0.123083465,0.07965197,0.24762553,0.38905606,-1.1992979,0.25882557,1.8873374,-1.0175945,-1.1183854,1.188356,1
0.07237303,-0.113239005,0.421184,0.17788841,-1.3166406,0.4317225,1.9640373,-0.7692987,-1.2405077,0.9299733,1
0.2588915,-0.29773477,0.59043753,0.13942091,-1.4415722,0.60045445,1.8342559,-0.7358002,-0.98900616,1.0740435,1
0.27989066,-0.49773479,0.39043754,0.3394209,-1.6415722,0.80045444,1.6342559,-0.5358002,-0.86159873,0.8740435,1
0.47989064,-0.2977348,0.59043753,0.13942091,-1.8415723,0.60045445,1.4342558,-0.37404335,-1.0615988,0.67404354,1
0.2590806,-0.46072784,0.73166794,0.26697034,-1.8897799,0.3706804,1.5127478,-0.31399384,-1.167798,0.8090578,1
0.2563596,-0.63549626,0.53166795,0.17100105,-1.6897799,0.5706804,1.3127477,-0.11399384,-0.96779805,1.0090578,1
0.07233775,-0.83549625,0.33166796,0.37100106,-1.4897798,0.72421986,1.2683038,-0.31399384,-1.167798,1.2090578,1
-0.12029225,-0.9757165,0.5009745,0.5380368,-1.5922279,0.49395636,1.3835378,-0.4843207,-1.2888343,0.9508043,1
0.07835211,-0.94018435,0.68905246,0.33228758,-1.3685492,0.65130925,1.1634084,-0.6726819,-1.4635127,1.1312317,1
-0.11435298,-1.0718105,0.53617483,0.3988335,-1.4744873,0.8002584,1.2816483,-0.8203494,-1.20215,0.9034972,1
-0.30727032,-1.187016,0.71958816,0.19435361,-1.2457719,0.9777217,1.4482654,-0.9503785,-0.97957057,0.6876468,1
-0.25316876,-0.987016,0.5195882,0.066549644,-1.4296836,1.0169866,1.2482654,-0.7503785,-0.7795706,0.48764682,1
-0.4236343,-1.187016,0.71958816,-0.13345036,-1.2296835,0.8169866,1.4482654,-0.5503785,-0.97957057,0.6876468,1
-0.22323096,-0.9852359,0.51865107,-0.332849,-1.1610816,1.0151525,1.629423,-0.74902517,-1.1774431,0.7865204,1
-0.023230955,-1.185236,0.31865108,-0.132849,-0.96108156,1.2151525,1.7689807,-0.5490252,-1.1251422,0.58652043,1
-0.22323096,-1.1867492,0.11865108,-0.332849,-0.7610816,1.0151525,1.7273408,-0.3490252,-1.3001132,0.7865204,1
-0.02322435,-1.2892066,-0.0813258,-0.5326975,-0.6826228,0.8149207,1.9267929,-0.14898282,-1.0998003,0.9862399,1
-0.033925757,-1.2902064,-0.26257092,-0.7326975,-0.4826228,0.61492074,1.7267928,-0.109874666,-0.89980036,0.7862399,1
-0.23392576,-1.4902065,-0.062570915,-0.5326975,-0.2826228,0.8149207,1.5267928,0.061534226,-1.0998003,0.58623993,1
-0.033925757,-1.6541042,0.13742909,-0.7326975,-0.08262281,1.0149207,1.3267927,0.16506481,-1.2998004,0.38623995,1
0.16607425,-1.4541042,-0.060923025,-0.5326975,0.033974536,0.8149207,1.1267927,-0.03493519,-1.0998003,0.58623993,1
0.2378273,-1.2541041,-0.26092303,-0.6527601,0.23397455,0.61492074,0.9267927,0.11244875,-0.89980036,0.7862399,1
0.037827298,-1.4541042,-0.46092302,-0.4527601,0.033974543,0.8149207,1.0594321,-0.013654217,-0.6998004,0.9862399,1
-0.1621727,-1.2541041,-0.41306916,-0.2527601,0.23397455,0.61492074,0.85943216,-0.21365422,-0.89980036,0.7862399,1
0.037827298,-1.4541042,-0.43646657,-0.4527601,0.2642317,0.8149207,1.0594321,-0.4136542,-1.0998003,0.58623993,1
0.2378273,-1.2541041,-0.23646657,-0.38411024,0.19504294,0.61492074,0.85943216,-0.2136542,-1.2844249,0.49005237,1
0.037827298,-1.0541041,-0.03646657,-0.58411026,0.11600007,0.8149207,0.6594322,-0.4136542,-1.484425,0.6900524,1
0.22936426,-0.8541041,0.04219003,-0.38411027,0.12782498,1.0149207,0.73568577,-0.2136542,-1.2844249,0.8900524,1
0.42936426,-1.0179073,-0.15780997,-0.58411026,0.32782498,1.2149208,0.5356858,-0.17867044,-1.0844249,0.6900524,1
0.22936426,-1.2179073,0.04219003,-0.38411027,0.527825,1.1919794,0.3356858,0.021329567,-1.2844249,0.8900524,1
0.078581974,-1.4179074,-0.005862221,-0.18411027,0.327825,1.3919795,0.5356858,-0.17867044,-1.2539327,0.6900524,1
0.15589234,-1.3215415,0.19413778,-0.38411027,0.127825,1.5919795,0.3356858,-0.37867045,-1.0539327,0.8900524,1
0.35589236,-1.5215416,-0.005862221,-0.58411026,0.26211503,1.4320694,0.5356858,-0.57867044,-1.2421014,0.6900524,1
0.55589235,-1.7215416,0.19413778,-0.38411027,0.46211505,1.6320695,0.50269794,-0.6480883,-1.2037303,0.4900524,1
0.66787744,-1.6978005,0.34824502,-0.25240883,0.5850194,1.6187463,0.2674523,-0.7493382,-1.2402823,0.59371877,1
0.46787745,-1.4978005,0.548245,-0.45240885,0.7850194,1.4555227,0.0674523,-0.5493382,-1.0402822,0.6643032,1
0.66787744,-1.2978004,0.748245,-0.65240884,0.9850194,1.2555226,-0.1325477,-0.7493382,-1.2402823,0.74370754,1
0.8678774,-1.0978004,0.548245,-0.8524088,1.1850194,1.0555226,0.0674523,-0.5493382,-1.4402823,0.9437075,1
1.0363001,-1.2978004,0.34824502,-1.0524088,0.9850194,0.8555226,0.2674523,-0.7493382,-1.2402823,0.76744586,1
1.2363001,-1.0978004,0.548245,-0.8524088,0.7850194,1.0555226,0.4674523,-0.5493382,-1.0402822,0.96744585,1
1.0363001,-1.2815466,0.34824502,-0.65240884,0.9850194,1.1781203,0.6674523,-0.38221633,-1.2402823,0.95492727,1
1.1691514,-1.0228032,0.14019321,-0.80611086,1.1206559,1.3032687,0.5432094,-0.5505937,-1.3620545,0.713924,1
0.96915144,-0.8228032,0.3401932,-1.0061109,0.9206559,1.1302705,0.71911734,-0.482251,-1.1620544,0.8024605,1
0.76915145,-1.0228032,0.14019321,-0.8061109,0.7206559,1.3302705,0.5572533,-0.282251,-1.3620545,1.0024605,1
0.92551357,-1.1677442,0.32487535,-0.57881963,0.4972124,1.4613672,0.7231565,-0.08159102,-1.4917201,1.0961607,1
0.8446075,-1.3296098,0.121393666,-0.7571052,0.28892577,1.2261987,0.8974177,-0.2737399,-1.6445528,0.8711746,1
0.6853779,-1.438295,-0.073913686,-0.71603495,0.08361706,1.3410573,1.031904,-0.06933777,-1.5701045,0.7765994,1
0.4853779,-1.238295,-0.27391368,-0.51603496,-0.11638294,1.1410573,1.0171944,-0.26933777,-1.7701045,0.9765994,1
0.6123262,-1.2569156,-0.32450908,-0.4355449,-0.28266093,1.1981193,0.9251939,-0.4193129,-1.760119,1.0511903,1
0.76154774,-1.3381528,-0.49172208,-0.22082102,-0.36205423,1.299904,0.67986214,-0.20560366,-1.8375921,0.79798245,1
0.56154776,-1.3639967,-0.54060376,-0.420821,-0.5620542,1.1359391,0.47986215,-0.40560365,-1.6375921,0.99798244,1
0.36154777,-1.5639968,-0.4072247,-0.22082101,-0.36205423,0.93593913,0.27986217,-0.20560364,-1.6176096,1.1979824,1
0.15739119,-1.5520486,-0.591601,-0.020285288,-0.15788463,0.90848804,0.46751547,-0.39516762,-1.7708431,1.3620129,1
-0.04239621,-1.3453023,-0.3896471,0.178818,-0.35609895,1.1029571,0.6641848,-0.19419381,-1.9610094,1.1562148,1
0.1576038,-1.1453023,-0.1896471,0.3630212,-0.15609895,0.90295714,0.46418482,-0.39419383,-2.1610093,0.9745018,1
0.3392381,-1.2762108,-0.36963576,0.15464881,-0.33781055,0.6668549,0.25061694,-0.46490607,-2.2397535,1.1141821,1
0.1392381,-1.4762108,-0.45474774,-0.045351192,-0.53781056,0.57788366,0.050616935,-0.515232,-2.0397534,1.0968249,1
0.27411094,-1.5787797,-0.23994032,-0.23108995,-0.31817505,0.35591885,0.2360496,-0.3090515,-2.109566,1.2214459,1
0.25158656,-1.3617432,-0.039446805,-0.036606327,-0.5117724,0.47526193,0.03560417,-0.10770405,-2.2810287,1.172911,1
0.051586553,-1.1617432,-0.17380716,0.16339368,-0.3117724,0.6752619,-0.16439584,0.09229595,-2.0810287,1.3729111,1
0.25003538,-1.2883955,0.026031349,-0.036380626,-0.111083254,0.86986536,0.003030291,-0.0925483,-2.2669647,1.1656793,1
0.16219562,-1.0053821,0.20879163,0.1511399,-0.23978265,0.9882653,-0.06992446,-0.27023524,-2.278806,1.2615172,1
-0.035595857,-0.7583318,0.3849101,-0.046005704,-0.41409063,0.833298,-0.24876484,-0.066132106,-2.3339946,1.3761356,1
-0.19725916,-0.5583318,0.5849101,0.15399429,-0.6140906,1.033298,-0.04876484,-0.26613212,-2.2930467,1.1761355,1
-0.38762337,-0.73993784,0.42209944,-0.03232554,-0.40404657,1.0028954,0.14756684,-0.32801738,-2.432576,0.9524586,1
-0.1716119,-0.8597251,0.33880082,-0.21249928,-0.5524983,1.0771121,0.31790608,-0.4829573,-2.4079165,0.6882451,1
-0.34273154,-0.97736704,0.1280137,-0.011527874,-0.69401675,0.85328245,0.10874283,-0.62988025,-2.370935,0.8192138,1
-0.53887385,-1.1689985,-0.071474634,-0.20727873,-0.88766223,0.8039707,-0.09060853,-0.42682475,-2.1555042,1.0119693,1
-0.31975046,-0.9143157,0.1212724,-0.38429508,-1.026283,0.94731444,-0.2684866,-0.5914516,-2.2225778,0.7661481,1
-0.19802922,-0.6509919,0.1755713,-0.1679574,-1.1175736,1.0456055,-0.42695546,-0.72128975,-2.1582093,0.8804995,1
-0.30884176,-0.7295188,0.32196113,-0.31543407,-1.0824205,1.0678041,-0.53746194,-0.7897821,-2.0215914,0.9262658,1
-0.45810685,-0.83683956,0.46991816,-0.10392452,-1.1545546,0.78127825,-0.30381474,-0.89109427,-2.000084,1.0139695,1
-0.416332,-1.0049996,0.2616293,-0.29459143,-0.9513812,0.77273935,-0.10062672,-1.0575882,-1.909434,1.1766902,1
-0.48518986,-0.92220664,0.055804625,-0.44784677,-0.68036693,0.8808042,0.06681299,-1.1387316,-1.9100679,1.2337738,1
-0.6820098,-1.1162112,-0.14352615,-0.2466965,-0.47813752,1.0757881,0.2655747,-1.0153522,-1.7021314,1.3501184,1
-0.44495264,-1.2150202,-0.31711566,-0.34423536,-0.25675413,1.1777048,0.42978102,-1.1219153,-1.7558944,1.0616966,1
-0.6251142,-1.0150201,-0.15498765,-0.14423536,-0.23333158,1.2952665,0.22978102,-1.3219154,-1.5558944,0.9005197,1
-0.4251142,-1.0981939,-0.35498765,-0.34423536,-0.08850689,1.0952665,0.029781014,-1.1219153,-1.6818624,0.70051974,1
-0.22511421,-0.8981939,-0.55498767,-0.54423535,-0.2885069,0.8952665,0.22978102,-1.2975678,-1.8818624,0.9005197,1
-0.26813936,-0.6515425,-0.45282885,-0.3212345,-0.45586622,1.0220838,0.40106422,-1.3975044,-1.9427581,1.026986,1
-0.0644204,-0.80506635,-0.23902977,-0.4927862,-0.30593798,0.7772155,0.5682589,-1.2560325,-2.025809,1.1600187,1
-0.23482072,-0.89255756,-0.38988402,-0.61523455,-0.0940791,0.7792996,0.4533805,-1.2930418,-1.9144931,1.207776,1
-0.40479162,-0.87732136,-0.17677046,-0.7589337,0.098605916,0.5392927,0.6082575,-1.0937469,-1.9684644,1.3105538,1
-0.20479162,-0.6773214,-0.23654942,-0.7609955,0.29860592,0.5489219,0.80825746,-0.8937469,-1.7684643,1.4399377,1
-0.40479162,-0.87732136,-0.24635772,-0.9277028,0.098605916,0.3489219,0.6082575,-0.8221254,-1.9684644,1.2399377,1
-0.60479164,-0.6773214,-0.04635772,-0.7668849,-0.10139409,0.5489219,0.48204088,-0.83083487,-1.7684643,1.0399376,1
-0.686405,-0.4773214,-0.24635772,-0.56688493,-0.26161864,0.7489219,0.2820409,-1.0308349,-1.9684644,0.8399376,1
-0.48640501,-0.2773214,-0.44635773,-0.7668849,-0.46161866,0.94892186,0.08204089,-1.230835,-1.7684643,0.66916543,1
-0.28640503,-0.4773214,-0.6463577,-0.56688493,-0.66161865,0.8352649,-0.11795911,-1.430835,-1.7716738,0.8691654,1
-0.45795703,-0.6377074,-0.7968574,-0.7220327,-0.81122583,0.5981107,0.07724263,-1.5354537,-1.856358,0.6338926,1
-0.657957,-0.43770742,-0.5968574,-0.9220327,-1.0112258,0.3981107,0.27724263,-1.3354536,-1.7874446,0.8338926,1
-0.68998295,-0.26222655,-0.7509163,-0.6804055,-0.8208508,0.18668905,0.44972825,-1.4469304,-1.8728628,0.9571864,1
-0.8161218,-0.42386565,-0.61451656,-0.44053587,-0.93612874,0.35459712,0.22900291,-1.510249,-1.7666839,1.0611496,1
-0.9217046,-0.61120427,-0.7979859,-0.23565419,-1.113071,0.5433416,0.02841429,-1.575422,-1.534888,0.8436726,1
-0.67325675,-0.7567483,-0.55784327,-0.033260733,-1.2249249,0.65322304,0.10787702,-1.6562384,-1.6184255,0.60046303,1
-0.7438475,-0.69182163,-0.75388974,-0.04986769,-1.4174913,0.45085865,0.3062709,-1.7039617,-1.4110258,0.44317237,1
-0.5438475,-0.7572129,-0.9538897,-0.2498677,-1.2244616,0.65085864,0.5062709,-1.5039617,-1.2110257,0.6431724,1
-0.37164253,-0.5572129,-0.75388974,-0.4498677,-1.078808,0.6902875,0.7062709,-1.3039616,-1.3718712,0.4431724,1
-0.48239592,-0.3572129,-0.83651,-0.6498677,-1.278808,0.89028746,0.5062709,-1.1039616,-1.1718712,0.6431724,1
-0.2823959,-0.1572129,-0.63651,-0.44986773,-1.478808,0.7680462,0.3062709,-1.3039616,-1.3718712,0.8431724,1
-0.47471258,0.04210562,-0.8231866,-0.24588798,-1.3554137,0.5589987,0.49820733,-1.4800075,-1.5468355,1.0265573,1
-0.6136326,0.048951183,-0.9305601,-0.041733857,-1.3874233,0.3264995,0.50823855,-1.301988,-1.5886991,1.1155204,1
-0.72927296,0.052258324,-1.0133406,0.14185667,-1.4228349,0.4719106,0.6348064,-1.1427562,-1.6032419,0.94447446,1
-0.70251733,-0.13967004,-1.1470517,0.2067777,-1.1560272,0.546095,0.7891981,-0.89125025,-1.7047248,1.081948,1
-0.8669432,-0.32628143,-0.9097222,0.39074394,-0.9183439,0.33245316,0.9502073,-0.66400355,-1.8296472,1.2314181,1
-1.0144681,-0.5003975,-0.6748162,0.18136264,-0.92285144,0.5062657,1.093637,-0.82150954,-1.5494968,1.3610172,1
-0.8144681,-0.58821166,-0.6096746,0.38136265,-1.1228515,0.3062657,0.893637,-0.94412214,-1.3494967,1.5610173,1
-0.61872447,-0.62821335,-0.40967458,0.58136266,-0.9228515,0.10626571,1.093637,-1.1441221,-1.5494968,1.3610172,1
-0.6650998,-0.72896665,-0.47613674,0.6877302,-0.98829764,0.2695652,0.78655046,-1.1830529,-1.5398506,1.373957,1
-0.8329015,-0.50927895,-0.6509715,0.46957728,-1.1440701,0.4520884,0.94983184,-1.3315768,-1.3044168,1.229871,1
-0.97197104,-0.2910347,-0.80077296,0.63007915,-0.93459886,0.23721777,0.80751264,-1.2393347,-1.4156718,1.3455235,1
-1.1692973,-0.09082701,-0.59940237,0.55472296,-0.732923,0.03713286,0.60612667,-1.0369636,-1.6119859,1.5419977,1
-1.277514,-0.077571355,-0.74581873,0.70413417,-0.818037,-0.016675033,0.37890416,-0.7808623,-1.6905292,1.4245086,1
-1.0169886,0.11555167,-0.89269084,0.4758163,-0.58332103,-0.20450412,0.39398196,-0.92576593,-1.7843357,1.5332578,1
-0.81698865,0.05684824,-1.0926908,0.27581632,-0.38332105,-0.1457847,0.19398196,-0.72576594,-1.7333436,1.7332579,1
-0.8965253,-0.047093816,-1.1395704,0.41945538,-0.5142261,-0.07549296,0.34731442,-0.7207162,-1.7043371,1.7042617,1
-0.98128164,-0.22112451,-0.8408225,0.5543513,-0.63916165,-0.24653894,0.13183182,-0.8239499,-1.7041934,1.7041258,1
-1.1021804,-0.39292508,-0.5979116,0.6661603,-0.7829695,-0.4166377,-0.06360348,-0.9553839,-1.4034692,1.7766212,1
-0.82577896,-0.17658716,-0.6869138,0.79280925,-0.53360057,-0.5644176,-0.19345288,-1.0575399,-1.467679,1.8092306,1
-1.0049134,0.022936594,-0.8688729,0.5807508,-0.32681474,-0.3570049,-0.28805873,-0.84009653,-1.6337564,1.7903216,1
-1.1431777,-0.16799127,-0.9642375,0.3612424,-0.49982253,-0.52846587,-0.083546884,-0.8746959,-1.7398008,1.5088388,1
-0.9336795,-0.36428544,-0.7565413,0.48815614,-0.29680318,-0.7211299,-0.28069144,-1.0638733,-1.9202662,1.2956581,1
-0.91125435,-0.534549,-0.64939064,0.5289516,-0.47062284,-0.4936676,-0.076439194,-0.81834924,-2.0085332,1.4168406,1
-0.6756295,-0.69775736,-0.8068469,0.6877035,-0.25706807,-0.6589236,-0.2625931,-0.7913119,-2.0979137,1.1558923,1
-0.8203047,-0.89109355,-0.6023425,0.48408344,-0.056644466,-0.8525481,-0.4591594,-0.9839537,-1.8931435,1.2011948,1
-0.95723003,-1.0236428,-0.3815986,0.6417938,0.13449338,-0.78769684,-0.2431383,-1.0725082,-1.7036141,1.3145738,1
-1.1162838,-1.0519208,-0.17517309,0.42616183,-0.0631888,-0.7446726,-0.041611932,-1.2274832,-1.660869,1.2687049,1
-0.8304,-1.1345775,-0.3400079,0.20496355,-0.23851997,-0.72010624,0.026573252,-1.2936844,-1.6864487,1.3310424,1
-0.60612905,-0.89859545,-0.31725445,0.38937208,-0.42163655,-0.82676405,0.21784998,-1.4361762,-1.5602661,1.472096,1
-0.498897,-1.0137053,-0.47728541,0.38078266,-0.5736017,-0.94742435,0.38556206,-1.5097463,-1.2551562,1.4562502,1
-0.6812649,-1.1830853,-0.2702899,0.17622179,-0.7355166,-0.72856796,0.1808806,-1.5043861,-1.0285361,1.6144655,1
-0.4666346,-1.34104,-0.2932683,-0.023055365,-0.9070772,-0.8568052,-0.018538173,-1.2647331,-0.80334884,1.7593063,1
-0.25041282,-1.0837646,-0.4632584,0.16617952,-0.6640594,-0.9925103,0.17042188,-1.3384706,-0.94230616,1.8401042,1
-0.4504128,-1.134353,-0.6632584,0.10182447,-0.4640594,-0.80980766,0.22314866,-1.1384705,-0.7423062,2.0401042,1
-0.25041282,-1.1103507,-0.86325836,-0.09817553,-0.6640594,-0.60980767,0.42314866,-0.93847054,-0.5956546,1.8401041,1
-0.22074394,-1.3103508,-0.6632584,0.10182447,-0.8640594,-0.40980768,0.22314866,-0.73847055,-0.7956546,1.640104,1
-0.020743936,-1.1103507,-0.4632584,-0.09817553,-0.6640594,-0.3271219,0.42314866,-0.53847057,-0.9956546,1.4677491,1
0.17925607,-0.91035074,-0.2632584,-0.29817554,-0.8640594,-0.5271219,0.6231487,-0.62202483,-0.7956546,1.2677491,1
-0.020743936,-0.71035075,-0.1964477,-0.27627653,-1.0640594,-0.3271219,0.82314867,-0.53201735,-0.5956546,1.067749,1
0.13975139,-0.73860556,0.0035523027,-0.47627652,-0.8640594,-0.5271219,1.0231487,-0.33201736,-0.7956546,1.2677491,1
-0.060248613,-0.93860555,-0.1964477,-0.5273052,-1.0640594,-0.7271219,0.95297796,-0.53201735,-0.5956546,1.067749,1
0.13975139,-0.73860556,-0.39644772,-0.7273052,-0.8640594,-0.5271219,1.152978,-0.33201736,-0.7956546,1.2677491,1
0.3397514,-0.8549703,-0.5964477,-0.722998,-1.0640594,-0.3271219,1.352978,-0.53201735,-0.9956546,1.1856862,1
0.5397514,-0.6549703,-0.39644772,-0.922998,-1.2640594,-0.5271219,1.3546394,-0.33201736,-1.1956546,1.3856863,1
0.682547,-0.5896939,-0.55032486,-0.66708916,-1.3508449,-0.67089415,1.0748049,-0.49087685,-1.2755058,1.4630665,1
0.4231927,-0.6925599,-0.6580334,-0.7604354,-1.2343326,-0.6226301,1.1180013,-0.60589755,-1.2940155,1.4585059,1
0.5899973,-0.8450161,-0.6654376,-0.53058285,-0.97923696,-0.67165726,0.8691024,-0.76297,-1.4144342,1.5701627,1
0.36581445,-0.98021704,-0.43657684,-0.68528104,-0.8425966,-0.8176077,1.0028098,-0.52806145,-1.3510339,1.6603988,1
0.52535933,-0.7244324,-0.36465913,-0.8219844,-0.9680521,-0.820358,0.8101298,-0.67600584,-1.4401368,1.6103293,1
0.32535934,-0.5244324,-0.16465913,-0.6219844,-0.7680521,-0.620358,0.61012983,-0.8760058,-1.6401368,1.5895888,1
0.52535933,-0.42069525,0.035340875,-0.67929864,-0.8516937,-0.820358,0.8101298,-0.67600584,-1.8401369,1.3895887,1
0.32535934,-0.22069524,0.23534088,-0.64236027,-0.6516937,-0.9805069,1.0101298,-0.47600585,-1.7574962,1.1895887,1
0.12535934,-0.02069524,0.43534088,-0.4546461,-0.4516937,-1.0624411,0.8101298,-0.67600584,-1.5574962,1.3895887,1
0.32535934,0.17930476,0.63534087,-0.6546461,-0.6516937,-0.95138973,0.6545964,-0.7127057,-1.7574962,1.1895887,1
0.12535934,-0.017330647,0.43534088,-0.820151,-0.4516937,-0.83605945,0.8545964,-0.91270566,-1.5574962,1.3895887,1
0.31792408,-0.21236412,0.531551,-0.605979,-0.24594192,-1.012383,0.7580425,-1.0872777,-1.7173332,1.5532628,1
0.11393674,-0.011946054,0.70681524,-0.5647459,-0.4308634,-1.171389,0.92564845,-0.8572764,-1.466028,1.6939802,1
-0.083406664,-0.14212902,0.87882364,-0.6270411,-0.61138994,-1.1228253,1.090902,-0.63698757,-1.2269481,1.7525909,1
-0.2825331,-0.20772666,0.99640334,-0.46418238,-0.4101219,-1.3187479,1.1374685,-0.5097187,-1.1143183,1.7222342,1
-0.41770783,-0.12867387,0.97643214,-0.5749537,-0.52815586,-1.3147137,1.157788,-0.6143725,-1.015257,1.6639943,1
-0.5405307,-0.3011997,1.078093,-0.46880385,-0.6672886,-1.3880974,0.8777256,-0.74629825,-0.7859448,1.7081813,1
-0.74053067,-0.1011997,0.87809306,-0.26880383,-0.4672886,-1.3933299,0.6777256,-0.6668415,-0.58594483,1.8739376,1
-0.5405307,-0.3011997,0.85184693,-0.46880382,-0.6672886,-1.3819025,0.6289806,-0.46684152,-0.38594484,1.8179848,1
-0.72582626,-0.49124762,0.6389035,-0.65552366,-0.8500672,-1.1584339,0.81251985,-0.65360034,-0.57431,1.9779146,1
-0.86683106,-0.27268884,0.41093585,-0.8010083,-0.9831552,-1.2718723,0.9188181,-0.7992075,-0.7249697,1.6646229,1
-0.6575562,-0.07167781,0.6024384,-0.98708534,-0.97791827,-1.0784624,1.1032566,-0.9853096,-0.91210437,1.4442515,1
-0.8557561,0.11325033,0.71218497,-0.87140656,-1.1754458,-1.2757789,0.90136063,-0.78366125,-0.7106097,1.4308996,1
-1.0188539,0.30230117,0.880301,-0.81327873,-1.1423925,-1.4241955,1.0628644,-0.5632603,-0.49276218,1.1878755,1
-1.218854,0.19572309,0.680301,-1.0132787,-1.0461059,-1.2241955,1.2628645,-0.7632603,-0.29276216,0.9878755,1
-1.1988782,0.34868857,0.6786453,-1.1792431,-0.82237035,-1.384243,1.4218272,-0.54745936,-0.29966465,0.76577353,1
-1.3106892,0.16890179,0.44847026,-1.2664361,-0.9579174,-1.1095852,1.519583,-0.7003375,-0.46816447,0.5301057,1
-1.444142,0.35265133,0.2601384,-1.4018383,-0.72453046,-1.2518967,1.2614541,-0.7524983,-0.63873124,0.31556424,1
-1.2652127,0.49192494,0.29496148,-1.4258252,-0.82294124,-1.2923596,1.3008667,-0.64748836,-0.7465698,0.14484048,1
-1.0652126,0.29192495,0.23254293,-1.6258253,-1.0229412,-1.0923595,1.1008667,-0.84748834,-0.9465698,-0.055159524,1
-0.79545414,0.084513426,0.3441109,-1.6786166,-1.1243407,-0.82041234,1.1959833,-0.96303374,-1.0541267,0.13316259,1
-0.58858263,-0.11415387,0.5378319,-1.4615535,-1.309058,-0.6132528,1.3798738,-1.1496124,-0.88955945,0.32931793,1
-0.38858265,0.08584613,0.47346222,-1.2615534,-1.4487672,-0.8132528,1.5798738,-0.94961244,-0.68955946,0.5293179,1
-0.40781832,0.18870533,0.27346224,-1.0615534,-1.3282794,-1.0132529,1.3798738,-0.74961245,-0.88955945,0.7293179,1
-0.20781831,-0.011294678,0.115976274,-0.8615534,-1.1282793,-0.81325287,1.5798738,-0.56080735,-1.0895594,0.9293179,1
-0.007818311,0.18870533,-0.08402373,-0.8657132,-0.92827934,-0.6132529,1.3798738,-0.36080736,-1.2895595,0.7293179,1
-0.13744049,-0.011294678,0.115976274,-0.69427216,-0.9347777,-0.44460487,1.5798738,-0.48790222,-1.4895595,0.9293179,1
-0.30423912,-0.21129468,-0.08402373,-0.49427217,-1.1347777,-0.5690179,1.3798738,-0.28790224,-1.6895596,0.7293179,1
-0.10165094,-0.011014239,0.11309667,-0.6770339,-1.3016361,-0.7499237,1.5406467,-0.47578797,-1.8426433,0.5161753,1
-0.26235202,0.05262573,-0.022133758,-0.7627744,-1.3060038,-0.8261682,1.5138763,-0.3493432,-1.776529,0.6228724,1
-0.24516141,0.25262573,-0.09670753,-0.5627744,-1.1060038,-0.6261682,1.4923353,-0.28503782,-1.5765289,0.8228724,1
-0.42727005,0.24375948,0.099141076,-0.73211795,-1.2535146,-0.46593687,1.528315,-0.4655438,-1.705129,0.98176247,1
-0.62727004,0.04375948,0.034829512,-0.53211796,-1.4535147,-0.26593685,1.728315,-0.26554382,-1.505129,0.7817625,1
-0.57553685,-0.15624052,0.23482952,-0.73211795,-1.2535146,-0.06593685,1.528315,-0.4655438,-1.4228483,0.5817625,1
-0.37168694,0.017570281,0.43037173,-0.8141402,-1.4386135,0.13268876,1.7105967,-0.5147819,-1.4616615,0.773748,1
-0.539174,-0.17205459,0.57332087,-0.9564642,-1.5454226,-0.06348313,1.8019375,-0.29687965,-1.1899084,0.54111785,1
-0.6873545,-0.23857582,0.36881155,-1.0753908,-1.6230605,0.1269464,1.8527999,-0.3832369,-0.92051125,0.31720394,1
-0.46108302,-0.1124224,0.538149,-1.2066393,-1.3463485,0.30932194,1.942141,-0.17335929,-1.0601087,0.44164446,1
-0.261083,-0.3124224,0.61170864,-1.0066392,-1.5463486,0.10932194,1.8123391,-0.3733593,-0.8601087,0.24164446,1
-0.461083,-0.11242239,0.8117086,-0.80663925,-1.3463485,-0.090678066,1.612339,-0.17335929,-0.6892358,0.041644454,1
-0.261083,-0.3124224,0.9817402,-0.60663927,-1.1463485,-0.29067808,1.8120412,-0.111783,-0.68694305,0.24164446,1
-0.461083,-0.5124224,1.177913,-0.40663928,-1.3463485,-0.18634999,1.6120411,-0.2671032,-0.88694304,0.041644454,1
-0.261083,-0.7124224,1.377913,-0.60663927,-1.5463486,0.013650015,1.5698932,-0.46710318,-0.68694305,0.18684305,1
-0.060206745,-0.50507146,1.5552772,-0.40080586,-1.7212965,-0.18367672,1.3502415,-0.6575333,-0.8742195,0.38129362,1
0.12383766,-0.6126476,1.5549349,-0.53223157,-1.6343769,0.01446019,1.3733014,-0.75965685,-0.8648751,0.16060127,1
-0.076162346,-0.8126476,1.7549349,-0.71041846,-1.4343768,0.2144602,1.1733013,-0.55965686,-0.86022455,0.36060128,1
0.11788511,-0.85338336,1.4801933,-0.8666571,-1.5558168,0.3945382,0.9568926,-0.72146106,-1.0092623,0.5336547,1
0.29788783,-0.98711795,1.5341899,-0.62471956,-1.5558256,0.5571375,1.0841157,-0.48865741,-0.7583539,0.6875025,1
0.4575935,-1.0910438,1.593841,-0.7579745,-1.2460978,0.32823417,1.1801915,-0.63292396,-0.6050683,0.8156764,1
0.24999253,-1.2529482,1.5002072,-0.92970693,-1.01523,0.5126472,1.3394654,-0.80834633,-0.39311573,0.59750926,1
0.046749875,-1.2678941,1.3455845,-0.9568203,-1.1364067,0.66642284,1.4396113,-0.64056665,-0.5546446,0.37172568,1
-0.139987,-0.97547257,1.411821,-1.0567026,-0.8553648,0.7789386,1.4977102,-0.7678193,-0.68933344,0.52224535,1
-0.31222183,-0.71214324,1.480191,-1.0676266,-0.969178,0.89899313,1.191732,-0.88878185,-0.8167056,0.66326284,1
-0.41576955,-0.51214325,1.280191,-0.9348694,-0.76917803,0.69899315,1.3917321,-0.90184724,-0.6167056,0.86326283,1
-0.61576957,-0.31214327,1.480191,-0.9258175,-0.56917804,0.49899316,1.191732,-1.0821859,-0.4167056,1.0632628,1
-0.41576958,-0.11214326,1.680191,-1.1258175,-0.36917806,0.69899315,0.99173206,-1.2821859,-0.5551158,0.86326283,1
-0.21576957,0.08785674,1.6126236,-0.92581755,-0.16917805,0.49899316,1.191732,-1.482186,-0.3752755,0.9103695,1
-0.1045068,0.06961496,1.4126235,-1.1258175,-0.36917806,0.64685845,0.99173206,-1.6501765,-0.17527549,0.7103695,1
0.095493205,-0.030684747,1.6126236,-1.3258176,-0.16917805,0.7119599,0.7917321,-1.4501765,-0.3752755,0.7964872,1
0.29549322,0.16931525,1.4126235,-1.1258175,0.03082195,0.62409955,0.99173206,-1.3410832,-0.17527549,0.835763,1
0.09549321,0.07413868,1.6126236,-1.1419709,0.23082195,0.82409954,1.191732,-1.1410831,-0.3752755,0.635763,1
0.29549322,-0.12586132,1.4126235,-1.2589943,0.43082196,0.62409955,1.2503691,-1.3410832,-0.5752755,0.435763,1
0.0899157,0.06980844,1.5184344,-1.3737782,0.21734023,0.775966,1.3656567,-1.4510725,-0.35335663,0.22199269,1
0.2645429,-0.11879748,1.5680407,-1.4168161,0.015822649,0.8905515,1.063641,-1.5065742,-0.50492805,0.02006793,1
0.06304114,-0.3113798,1.6317621,-1.1885036,-0.17989197,1.0651768,1.234239,-1.2761731,-0.688526,-0.17574547,1
0.25415802,-0.49411008,1.4191276,-1.3416128,0.019428965,0.83595914,1.3858036,-1.4263216,-0.47202808,0.023435436,1
0.44413325,-0.2876181,1.3114948,-1.5075845,0.11241613,0.8496225,1.159629,-1.5904235,-0.26602355,0.21850348,1
0.64413327,-0.4876181,1.208642,-1.3075844,0.31241614,0.6496225,0.959629,-1.7904235,-0.35089356,0.018503472,1
0.7959073,-0.2711863,1.3281654,-1.0443074,0.44153434,0.6806132,1.0933785,-1.8767092,-0.1422729,0.20602022,1
0.9844456,-0.070367016,1.1151816,-1.2299869,0.23875456,0.8704784,1.2784933,-1.6574122,0.057062726,0.2643182,1
0.7119664,0.117655486,1.0181948,-1.272089,0.20829777,0.97157115,1.3418874,-1.6857958,-0.12973052,0.42141733,1
0.5119664,0.070601374,1.2181948,-1.072089,0.40829778,0.790996,1.1418873,-1.4857957,-0.28522086,0.62141734,1
0.57023865,0.0802293,1.4181949,-1.272089,0.20829777,0.7931914,0.9418873,-1.2857957,-0.48522085,0.48447302,1
0.37023866,0.2802293,1.2181948,-1.072089,0.3943315,0.99319136,1.1418873,-1.4857957,-0.68522084,0.68447304,1
0.24427676,0.45490924,1.094273,-0.8261081,0.5629954,0.9825888,1.2711364,-1.5969123,-0.8385476,0.83783925,1
0.44427675,0.25490922,1.294273,-0.81374174,0.6959236,0.78258884,1.0711364,-1.3969122,-1.0385476,1.0378393,1
0.5944947,0.41975924,1.0097206,-0.5663191,0.82669735,0.53757334,1.1729182,-1.473522,-1.1428475,1.1421939,1
0.6871865,0.53605163,1.04633,-0.6628164,0.8880268,0.63795316,1.1874855,-1.2018243,-1.1614763,1.1433223,1
0.88063926,0.54288095,1.2371324,-0.856449,0.89635736,0.43472117,1.3772461,-0.994431,-0.9543808,0.93636084,1
0.98297286,0.6757406,1.3072468,-0.9609689,0.96860313,0.21350746,1.0708486,-1.0864804,-1.0500498,0.7288649,1
0.7829729,0.4757406,1.1072468,-1.0289049,0.76860315,0.3464949,1.2705055,-0.8864804,-0.8500498,0.5288649,1
0.5829729,0.27574062,1.0515641,-1.1348586,0.96860313,0.5464949,1.4705056,-0.6864804,-0.6500498,0.7288649,1
0.62049806,0.07574062,1.2515641,-1.3348587,0.7704101,0.3464949,1.6705056,-0.4864804,-0.45004982,0.6425257,1
0.47547483,0.27574062,1.4515642,-1.5348587,0.57041013,0.14649491,1.4705056,-0.6864804,-0.6500498,0.44252568,1
0.6754748,0.4757406,1.2515641,-1.4706193,0.37041014,0.091750264,1.2705055,-0.8864804,-0.8500498,0.5716286,1
0.47491217,0.67494094,1.4498464,-1.533844,0.17020848,0.291405,1.4687654,-0.7599034,-0.64928055,0.7707154,1
0.27491218,0.87494093,1.2498463,-1.3725857,-0.029791519,0.09140499,1.6687654,-0.5599034,-0.44928056,0.6969131,1
0.46733838,0.6641771,1.4267246,-1.5475065,0.16749404,0.21603091,1.4453418,-0.7477846,-0.63892597,0.88260937,1
0.6471,0.8379691,1.1895216,-1.6945097,-0.031520147,0.40341392,1.2075742,-0.56653666,-0.8134838,0.9940087,1
0.79448086,0.9734939,1.3032091,-1.4016756,0.06308264,0.19077851,1.3201404,-0.7189219,-0.95052946,0.7446875,1
0.5760287,1.1370697,1.0689664,-1.1643766,0.089472786,0.3786491,1.4729565,-0.89039934,-0.9618297,0.9153652,1
0.7696214,0.92933273,0.86179173,-0.9564142,0.28708273,0.17717406,1.6591437,-0.68469906,-1.152237,1.1061562,1
0.5614812,1.0502557,1.0466182,-1.1398885,0.08583827,0.37178406,1.4382918,-0.47998694,-1.0414665,1.2874906,1
0.3614812,1.2502557,0.84661824,-0.93988854,0.28583828,0.17178406,1.2382917,-0.67998695,-0.8414665,1.4874907,1
0.51149887,1.3211559,0.9534496,-0.67402464,0.07819706,-0.025704198,1.310257,-0.80165166,-0.94875646,1.5372725,1
0.62179196,1.3293662,0.9685821,-0.7363045,-0.106445834,0.15232033,1.3198414,-0.52579445,-1.0039195,1.5182344,1
0.708762,1.0075213,1.0425062,-0.83528864,-0.24343872,0.31430924,1.3558689,-0.4454232,-1.0740312,1.5328578,1
0.5006149,1.1881846,0.857367,-1.01871,-0.43633768,0.11247874,1.530954,-0.3002713,-0.8600349,1.4792124,1
0.6703705,0.94552636,0.6289896,-1.1661004,-0.24534714,0.29898956,1.6562316,-0.13626643,-1.014275,1.4004107,1
0.60502136,0.735404,0.79825395,-1.3475523,-0.43930045,0.49221456,1.4364597,0.06286824,-0.8032192,1.5786812,1
0.43931136,0.92134553,0.62311244,-1.1303053,-0.620454,0.68181103,1.5677986,-0.13507077,-0.98814154,1.4105952,1
0.6141861,0.79650956,0.42311245,-1.3303053,-0.50110877,0.881811,1.3677986,0.04498525,-1.1881416,1.2105951,1
0.3645638,0.8771209,0.19638206,-1.3469644,-0.61711115,0.95220274,1.3799657,-0.13644293,-1.2218328,1.2415962,1
0.15193832,0.62517166,0.3659713,-1.4231579,-0.7544217,1.0638047,1.0894377,-0.31063077,-1.3127486,1.3112028,1
0.33797532,0.614314,0.5435167,-1.5587599,-0.5324253,0.8295337,1.2382799,-0.17071192,-1.452731,1.0671163,1
0.13218357,0.7801318,0.7123063,-1.3017236,-0.3184712,0.98631734,1.0565956,0.028058667,-1.5833548,1.2139269,1
0.29572284,0.8725518,0.81217086,-1.3368933,-0.46156338,1.0561062,1.1186707,-0.15306893,-1.2315167,1.2587333,1
0.1637634,0.7464523,0.5936181,-1.2948662,-0.6415137,1.2180381,1.1677035,-0.08785368,-1.058132,1.4145242,1
-0.032628905,0.85222405,0.35442975,-1.3460383,-0.6406498,1.2768592,1.2315359,-0.25919515,-0.772697,1.4537833,1
0.1673711,0.85331535,0.55442977,-1.1460383,-0.788152,1.0768591,1.431536,-0.45919514,-0.572697,1.2537832,1
-0.03262891,1.0533154,0.63639724,-0.9460383,-0.98815197,0.8768591,1.6074197,-0.3962375,-0.372697,1.0537832,1
0.1673711,0.8533154,0.5082148,-0.8268288,-1.188152,0.67685914,1.4074197,-0.5962375,-0.572697,0.8537832,1
0.34190625,1.0403833,0.30821478,-0.9515924,-0.98815197,0.8768591,1.6074197,-0.3962375,-0.772697,1.0038143,1
0.14190625,1.2403834,0.5082148,-0.7515924,-1.0961194,0.77664703,1.4074197,-0.5962375,-0.97269696,1.0755085,1
0.0035654532,1.0217642,0.2845718,-0.87859625,-1.1966949,0.901729,1.4841155,-0.7351585,-0.853187,1.177665,1
-0.1803454,0.90896773,0.36393893,-0.9902529,-1.2822974,0.6442533,1.5074188,-0.85856354,-0.5996872,1.2648262,1
-0.36050603,0.67198694,0.15538763,-0.7490322,-1.4049786,0.80021584,1.6183573,-1.0033474,-0.7579744,1.0092833,1
-0.15947613,0.4689584,0.30886373,-0.8687176,-1.5946802,0.6235568,1.4092563,-0.7981927,-0.95182747,1.2015239,1
0.037789635,0.3908026,0.46672407,-0.70438474,-1.6735892,0.3949785,1.2701054,-0.9308424,-0.99356246,1.30696,1
0.21915716,0.17585188,0.47377488,-0.46486267,-1.7267805,0.5483578,0.9862551,-1.042233,-1.1000385,1.3888792,1
0.018244408,0.35794428,0.26073077,-0.55987793,-1.4540365,0.71270204,1.1297356,-0.8769502,-1.2380978,1.5131766,1
0.2182444,0.5579443,0.4607308,-0.71406204,-1.2540364,0.51270205,1.3297356,-1.0769502,-1.1470132,1.3131765,1
0.017837683,0.34996474,0.5562217,-0.8936851,-1.030539,0.3057311,1.1045507,-1.2484835,-1.3169847,1.4493016,1
0.21523443,0.54339236,0.7471845,-0.68539524,-1.2158335,0.49968737,1.2889607,-1.2244602,-1.1036361,1.2343718,1
0.41,0.7340211,0.93524426,-0.8742339,-1.0030279,0.69086707,1.0752332,-1.1465807,-1.2872025,1.0213324,1
0.19252197,0.4895753,0.67405087,-0.61811835,-1.1029016,0.8167214,1.1690973,-1.2345066,-1.3634247,1.1196826,1
0.2529602,0.26987612,0.81459117,-0.76246357,-1.2142682,0.94755614,1.2759608,-0.9641314,-1.0842794,1.2299076,1
0.43616897,0.45245782,0.9769803,-0.54161304,-0.97666925,1.1050164,1.421247,-0.7358051,-0.8514992,1.376901,1
0.5827471,0.23125783,0.74431837,-0.6793366,-1.0778593,1.1954286,1.1186936,-0.8572215,-0.96320033,1.444482,1
0.5277961,0.32690194,0.5252928,-0.84860116,-1.1427875,0.9606354,1.1347841,-1.0202684,-0.7365242,1.5870024,1
0.40484276,0.11422511,0.6349469,-0.781608,-1.2086502,0.82473195,1.2014464,-1.0983702,-0.65638113,1.6084905,1
0.20372213,0.03646699,0.8303791,-0.63180965,-1.1777172,0.6213142,0.99596775,-1.0691668,-0.85169613,1.7985969,1
0.0036081548,-0.15852542,0.99882764,-0.80633855,-1.3355298,0.7961645,0.7715942,-1.2303033,-0.6317404,1.5496457,1
-0.14186887,0.040748782,1.1778483,-0.98872787,-1.5086584,0.6784702,0.9545915,-1.0122732,-0.42418504,1.3270475,1
-0.13638136,-0.14451116,1.2503169,-1.078701,-1.5505075,0.43418372,0.68474764,-1.100067,-0.20452547,1.3857063,1
-0.33638138,0.05548884,1.0503168,-0.87870103,-1.4818544,0.35489404,0.48474765,-1.3000671,-0.0045254678,1.5857064,1
-0.53638136,0.16938776,0.8503168,-0.67870104,-1.2818544,0.55489403,0.68474764,-1.5000671,-0.20452547,1.4475235,1
-0.73638135,-0.030612245,0.65031683,-0.47870106,-1.0818543,0.754894,0.59002024,-1.7000672,-0.40250224,1.2475234,1
-0.5745327,0.16938776,0.8503168,-0.67870104,-1.2818544,0.79871863,0.39002025,-1.5000671,-0.6025022,1.4475235,1
-0.36423907,-0.0297709,0.63244355,-0.85455084,-1.1652569,0.94354475,0.18479775,-1.6533426,-0.39143988,1.6022431,1
-0.4516117,-0.22715893,0.8229806,-0.6471101,-0.95428413,1.1305454,0.3804235,-1.8322744,-0.18926366,1.3863028,1
-0.6516117,-0.42715895,1.0229806,-0.44711012,-0.75428414,1.3305454,0.18042348,-1.6322744,-0.38867205,1.1863028,1
-0.4516117,-0.22715895,1.2229806,-0.6471101,-0.55428416,1.5305455,0.3804235,-1.4322743,-0.18867205,0.9863028,1
-0.2516117,-0.027158946,1.0229806,-0.8471101,-0.35428417,1.3305454,0.5804235,-1.6322744,-0.38867205,0.7863028,1
-0.051611707,-0.22715895,1.2152752,-0.6471101,-0.55428416,1.4913508,0.78042346,-1.4322743,-0.58867204,0.5863028,1
-0.2516117,-0.42715895,1.0152751,-0.8471101,-0.7186139,1.6913508,0.66403174,-1.2322743,-0.78867203,0.7863028,1
-0.04878972,-0.5928676,0.9348508,-0.98985696,-0.49025756,1.787937,0.81678885,-1.3539615,-0.55648506,0.738419,1
-0.2369877,-0.37423086,0.9242521,-0.7523879,-0.58899915,1.8936337,0.5875298,-1.480245,-0.33957422,0.8939025,1
-0.4300334,-0.56509244,1.0948241,-0.5435971,-0.38280857,1.6666808,0.7749969,-1.6245874,-0.5309873,0.74524236,1
-0.23003338,-0.76509243,0.8948241,-0.3435971,-0.18280856,1.4666808,0.97499686,-1.8245875,-0.37701803,0.54524237,1
-0.33339524,-0.7965588,1.0628603,-0.5287511,0.01672193,1.2320868,1.1429069,-1.9692945,-0.17218354,0.33581358,1
-0.2436912,-0.9081768,1.133066,-0.2995951,0.19750148,1.3050791,0.85928315,-1.976906,-0.33917564,0.48829377,1
-0.16794509,-0.91276,1.2125742,-0.4544382,0.3615725,1.3532916,0.96353775,-1.8060942,-0.49044117,0.26223576,1
0.031211842,-1.0834935,1.3754224,-0.24774626,0.157323,1.122959,0.743456,-1.8894727,-0.672282,0.10638737,1
-0.039304856,-0.8834935,1.5754224,-0.0883719,0.357323,0.922959,0.6237521,-1.6894727,-0.87228197,-0.09361263,1
0.16069515,-1.046798,1.3754224,-0.28837192,0.557323,1.122959,0.42375213,-1.4894726,-1.072282,0.10638737,1
0.36069515,-0.846798,1.1754223,-0.4883719,0.357323,0.922959,0.6237521,-1.6894727,-1.272282,0.30638736,1
0.16069515,-0.646798,0.9754223,-0.28837192,0.20432664,0.9047943,0.6064635,-1.5813181,-1.072282,0.10638736,1
0.36069515,-0.44679803,1.1754223,-0.26716542,0.40432665,0.766368,0.8064635,-1.3813181,-1.1278806,0.30638736,1
0.27694115,-0.24679802,1.3754224,-0.4671654,0.42833012,0.566368,1.0064635,-1.5813181,-1.3278806,0.50638735,1
0.07441623,-0.43213576,1.1368493,-0.6406979,0.56306785,0.7412186,1.0297666,-1.7048159,-1.4777412,0.29633287,1
0.27440315,-0.2321247,0.93680465,-0.44067693,0.7630315,0.5828458,1.2297081,-1.9047252,-1.2776804,0.3232149,1
0.06691439,-0.38863087,0.96534264,-0.5722742,0.81319404,0.7040515,0.92606676,-1.8928821,-1.3289502,0.4705527,1
0.08945239,-0.49520496,1.0091138,-0.32236618,0.82845247,0.782852,0.9751034,-1.812305,-1.3239752,0.5806567,1
-0.10142808,-0.63785464,0.7423667,-0.18495175,0.9436112,0.53477013,1.0781643,-1.8463017,-1.3982562,0.5429265,1
0.09857193,-0.8014804,0.5423667,0.015048251,0.7436112,0.7347701,1.1127533,-1.6463016,-1.5188748,0.7429265,1
0.29857194,-0.6014804,0.3423667,-0.009052876,0.5436112,0.9347701,1.3127533,-1.4463016,-1.3188747,0.94292647,1
0.09857194,-0.40148044,0.5423667,0.09704514,0.34361124,1.1347702,1.4295594,-1.2463015,-1.5188748,0.7429265,1
-0.10142806,-0.20148043,0.7423667,0.29704514,0.5436112,1.3347702,1.2295593,-1.4463016,-1.3188747,0.5429265,1
0.09857194,-0.0014804304,0.5423667,0.09704514,0.52301645,1.2056766,1.0295593,-1.2463015,-1.1188747,0.3429265,1
0.29857194,0.19851957,0.3423667,0.12439721,0.32301646,1.4056766,1.2295593,-1.0463015,-1.3188747,0.5429265,1
0.49857193,-0.0014804304,0.14236669,0.0067235753,0.5147852,1.2056766,1.1700897,-1.2463015,-1.5188748,0.7429265,1
0.6481212,0.18418252,-0.05347104,-0.17931804,0.29205143,1.3041588,1.2711421,-1.3418499,-1.5947379,0.87482846,1
0.80749345,0.36577895,0.13950975,-0.36114752,0.08764187,1.4321048,1.019831,-1.4679904,-1.3279254,1.0233408,1
0.9236336,0.5186857,-0.05545527,-0.4916199,-0.002394869,1.129549,1.1182969,-1.4987222,-1.3101032,1.0696203,1
1.0924923,0.7072615,-0.25139457,-0.319757,0.19446401,1.3084146,0.90369964,-1.2780777,-1.4860986,0.8557968,1
1.142043,0.6547671,-0.045412112,-0.45925602,-0.004891587,1.3328314,0.9752263,-1.2354085,-1.4898325,0.76201975,1
0.870275,0.7896481,0.14281088,-0.60903174,0.09565261,1.0465285,1.0856937,-1.3260545,-1.5610955,0.8655747,1
0.9645775,0.6422376,0.30895576,-0.67455345,-0.094042316,1.0619256,0.7982249,-1.3753453,-1.5871743,0.9603414,1
1.0829163,0.48533952,0.47326732,-0.50704646,-0.2734238,1.1734383,0.92822844,-1.2527742,-1.4365584,1.0789771,1
0.8665048,0.5957686,0.6607527,-0.30133915,-0.45622635,1.3479091,1.1072571,-1.0332054,-1.2135733,1.2552037,1
1.0665048,0.5752908,0.67154545,-0.10133915,-0.55627966,1.147909,0.90725714,-0.8332054,-1.0280677,1.4552038,1
0.8377765,0.7495866,0.84264994,-0.29134846,-0.44550964,1.2189562,1.0705467,-0.9989502,-1.1873521,1.3050663,1
0.89911747,0.502349,0.9530331,-0.13536967,-0.4024237,0.9313758,1.1613419,-1.0958991,-1.2681077,1.3510829,1
0.659301,0.28512952,1.087365,0.06094947,-0.5681142,0.8001228,1.2838101,-1.2220945,-1.3844954,1.1298156,1
0.459301,0.085129514,0.88736504,0.26094946,-0.7681142,0.6001228,1.0838101,-1.0220945,-1.5844954,0.9298156,1
0.259301,0.18631592,0.96444523,0.06094946,-0.9214428,0.45855016,1.2838101,-0.8220945,-1.5795702,1.1298156,1
0.4569196,-0.01361313,0.7604818,0.23554477,-1.1156284,0.25720966,1.476117,-1.0167952,-1.3724173,1.3229208,1
0.23526162,0.1706747,0.8795144,0.03254839,-1.2047226,0.41866747,1.2398897,-1.1142209,-1.4398646,1.2892841,1
0.27358964,0.1906052,0.6279722,-0.15475015,-1.2981722,0.57174057,1.2464502,-0.8448758,-1.5154784,1.3763196,1
0.4365727,0.10106242,0.39452082,0.041713007,-1.3810714,0.34268442,1.333392,-0.96320575,-1.5813924,1.1876496,1
0.2365727,-0.098937586,0.19452082,-0.049873397,-1.1810714,0.14268441,1.5333921,-0.87836367,-1.7813925,0.9876496,1
0.036572695,-0.2989376,0.39452082,0.1501266,-1.3810714,0.34268442,1.333392,-0.6783637,-1.9454362,0.78764963,1
0.2365727,-0.098937586,0.5945208,-0.049873397,-1.5810715,0.14268441,1.133392,-0.87836367,-1.8043566,0.58764964,1
0.39110988,-0.26780748,0.3534371,0.13449305,-1.5955983,0.062938645,1.1945382,-0.96606743,-1.7956314,0.70562714,1
0.18103492,-0.0642328,0.21659678,-0.062053543,-1.6454067,0.249077,1.1430861,-0.7256818,-1.8904254,0.8578841,1
-0.017138842,0.12269354,0.014998596,-0.09145833,-1.6132618,0.40583324,1.0130017,-0.83654344,-1.8891284,0.9560154,1
0.16339941,-0.06907881,0.1921165,-0.19814031,-1.620278,0.54135495,1.0839031,-0.9262251,-1.8667845,0.6755534,1
0.09987865,0.12831692,-0.0077266865,-0.39022055,-1.7840693,0.33456478,0.95017076,-1.1038224,-1.633629,0.858137,1
0.2809847,-0.06716666,0.18015908,-0.17823564,-1.8590624,0.17312951,1.077704,-0.9341444,-1.7181007,0.6166709,1
0.42115587,-0.23393428,0.33287176,-0.2987557,-1.8029394,0.3267166,1.1187726,-0.99307024,-1.6496496,0.5013238,1
0.56089056,-0.030641936,0.28861704,-0.0891743,-1.8086119,0.1144224,1.1335114,-1.0773171,-1.6701944,0.27208903,1
0.3473349,-0.22197862,0.47026378,0.012701632,-1.5481896,0.30261216,1.2834225,-1.1083838,-1.7999468,0.069381244,1
0.1449792,-0.37173998,0.6595471,0.20930082,-1.3266338,0.47013423,1.4597045,-1.2874645,-1.6050473,-0.12853032,1
-0.053381797,-0.16662402,0.83394206,0.009023751,-1.0930725,0.2620872,1.5444282,-1.2463186,-1.7512769,0.06934067,1
-0.25191385,-0.36450002,0.9796976,-0.18986984,-1.2855812,0.061727494,1.3366393,-1.3835908,-1.5422895,0.26778024,1
-0.04832511,-0.52547693,0.7257982,0.009429882,-1.3701397,-0.12871392,1.4304136,-1.4741194,-1.3755347,0.43544322,1
0.14214052,-0.679873,0.4927462,-0.17859076,-1.3690261,0.066805,1.5279249,-1.5688833,-1.1016397,0.59549886,1
-0.03843723,-0.8345914,0.27768037,-0.35910705,-1.1088635,0.2530742,1.6389993,-1.6778499,-0.85523796,0.75455946,1
0.059561826,-0.93648785,0.43238506,-0.5060906,-0.94804907,0.048041515,1.6646191,-1.6997857,-0.92900354,0.5019742,1
0.23121236,-1.0123601,0.56331563,-0.2726592,-1.0226586,0.22095029,1.6609645,-1.6922902,-0.6493814,0.6253042,1
0.112989195,-1.1540289,0.72658956,-0.2954829,-0.78307736,0.01994229,1.7714264,-1.4204904,-0.8085144,0.78559566,1
-0.08701081,-1.3540289,0.5265896,-0.0954829,-0.742436,0.21994229,1.7423332,-1.2204903,-0.9261928,0.58559567,1
-0.28701082,-1.554029,0.72658956,-0.1911352,-0.542436,0.019942284,1.5423331,-1.2554871,-0.72619283,0.38559568,1
-0.3453321,-1.754029,0.5265896,-0.39113522,-0.742436,-0.18005772,1.3423331,-1.055487,-0.802454,0.58559567,1
-0.14276041,-1.9194523,0.7137325,-0.18775305,-0.92575943,0.019589402,1.1221193,-1.2332711,-0.98471546,0.37877253,1
0.057239592,-1.7194523,0.5137325,-0.38775307,-1.1257595,-0.108463265,0.9221193,-1.1562177,-1.1847155,0.21023703,1
-0.14276041,-1.6653497,0.7137325,-0.18775307,-1.3257595,-0.30846328,0.72211933,-1.3562177,-0.9847155,0.410237,1
0.056858446,-1.4555922,0.9076481,-0.38517112,-1.5155998,-0.107741036,0.79368216,-1.1485187,-1.1768267,0.51306844,1
0.23487031,-1.5138668,1.012829,-0.53507805,-1.5687375,-0.28139716,0.9086189,-0.8673216,-0.89320636,0.6520269,1
0.2384344,-1.3138667,0.81282896,-0.61776876,-1.4861741,-0.08139716,1.0010672,-0.8882692,-0.69320637,0.8520269,1
0.037778698,-1.2954539,0.60237396,-0.71776295,-1.6574075,-0.06113243,1.1805767,-0.67652714,-0.877968,1.034079,1
-0.16222131,-1.0954539,0.4182827,-0.51776296,-1.4574075,-0.007127274,0.9805767,-0.87652713,-0.9989206,1.234079,1
-0.3622213,-1.2930642,0.21828268,-0.71776295,-1.2574074,0.19287273,1.1805767,-0.8012782,-1.0106583,1.034079,1
-0.15635286,-1.439052,0.017621297,-0.88456243,-1.404685,0.37866038,0.9451038,-0.57952666,-1.1668621,1.1894356,1
0.042304773,-1.5886431,0.21092835,-0.6635087,-1.555333,0.21343048,0.7221882,-0.36785433,-1.212104,1.1827967,1
0.24230477,-1.685814,0.010928348,-0.8635087,-1.355333,0.41343048,0.5221882,-0.16785432,-1.3926677,0.9827967,1
0.045706306,-1.7461231,-0.18602991,-0.65283436,-1.1367462,0.51180434,0.7105698,0.012686393,-1.5111475,1.0702307,1
0.24396244,-1.5351496,-0.10707915,-0.8467815,-1.3272588,0.7067524,0.90410715,-0.18598418,-1.4126529,0.8640544,1
0.039733224,-1.5682272,-0.19062318,-0.94608057,-1.0188159,0.8195223,0.99789137,-0.34885228,-1.3622556,0.96169174,1
-0.15419893,-1.3164247,0.009021808,-0.7178332,-1.1726704,0.5960666,1.1525381,-0.4006047,-1.5031071,1.117709,1
0.044492178,-1.0845197,0.20304842,-0.8916035,-0.9448736,0.77331674,1.0301813,-0.5834407,-1.6544361,1.1644793,1
0.19621928,-1.1924778,0.37416807,-1.0133849,-0.6914998,0.69637924,1.142033,-0.35596538,-1.7215569,1.0073328,1
0.34451863,-1.2107805,0.15144175,-1.0550566,-0.42736652,0.77941525,1.1669179,-0.48342025,-1.6708227,1.0497941,1
0.54421526,-1.4099945,0.16416252,-0.94139755,-0.62701696,0.57909244,0.96637917,-0.6830394,-1.4700031,1.2299303,1
0.32814762,-1.190839,0.34716374,-0.7067898,-0.40708423,0.74272513,1.1119337,-0.84181994,-1.592049,1.2872881,1
0.52814764,-1.1929305,0.5471637,-0.5067898,-0.6070842,0.7756143,1.1048982,-0.64181995,-1.392049,1.087288,1
0.70983183,-1.2591485,0.72836953,-0.6890112,-0.7867828,0.8548379,1.2720748,-0.8206448,-1.2311974,0.8649692,1
0.46798012,-1.339368,0.85216033,-0.44886863,-0.5386142,0.96824706,1.3512332,-0.5696965,-1.3137114,0.9775466,1
0.32726914,-1.1393679,0.65216035,-0.6488686,-0.7386142,0.76824707,1.1512332,-0.7696965,-1.1137114,0.7775466,1
0.12627786,-1.328936,0.68655473,-0.4453725,-0.93130356,0.56382114,1.3407087,-0.9621437,-1.3034792,0.9699327,1
-0.0712833,-1.0915891,0.47045884,-0.62402266,-1.0938784,0.35178542,1.1029724,-1.1236984,-1.453742,1.1312296,1
0.1287167,-0.8915891,0.27045882,-0.42402267,-0.8938784,0.15178542,1.3029724,-0.92369837,-1.6537421,0.93122965,1
-0.071283296,-0.6915891,0.4704588,-0.22402267,-1.0938784,0.13923918,1.1029724,-1.1236984,-1.8537421,0.73122966,1
0.013892976,-0.6177256,0.43830255,-0.022196097,-1.195498,0.0150106875,1.0766476,-1.2230506,-1.8975853,0.8604233,1
-0.07146409,-0.8083873,0.23558116,-0.21965864,-1.3795615,0.11066817,1.2620685,-1.1418432,-1.6963063,0.7403641,1
0.04152381,-0.601192,0.4304296,-0.41469544,-1.165611,0.0011851137,1.4447769,-0.93070424,-1.7843342,0.88516307,1
0.22413188,-0.3723025,0.5850329,-0.1992354,-1.2672745,0.18669794,1.3755629,-1.0492831,-1.8414439,0.63582504,1
0.02413188,-0.5723025,0.78503287,0.0007646084,-1.0672745,0.0277884,1.2312945,-0.9779023,-1.8982522,0.43582505,1
-0.024453472,-0.37230253,0.5850329,0.12331685,-0.86727446,0.2277884,1.4312946,-0.7779023,-2.0982523,0.4581725,1
-0.22445348,-0.17230253,0.78503287,0.0256342,-1.0294697,0.4277884,1.6312946,-0.5779023,-1.8982522,0.2581725,1
-0.022756686,-0.34646904,0.54443836,0.20997779,-1.0839214,0.58422714,1.704224,-0.35168028,-1.9526578,0.42638063,1
0.16162686,-0.4110242,0.47330114,0.1748288,-1.1707984,0.35037386,1.7364477,-0.38160253,-1.9629925,0.2064348,1
0.18314311,-0.21019012,0.6706399,0.17866644,-0.96696126,0.1497795,1.5303748,-0.5793037,-2.154443,0.40482834,1
-0.015488093,-0.37688217,0.43242332,-0.019601248,-0.90088284,0.32137695,1.5898662,-0.7160232,-2.1632593,0.18819602,1
0.18451191,-0.5768822,0.49927175,-0.21960124,-0.7299872,0.12137695,1.3898661,-0.5160232,-1.9632592,0.38819602,1
0.38451192,-0.7768822,0.29927176,-0.01960124,-0.9299872,-0.07862306,1.5898662,-0.54267067,-2.02893,0.4121339,1
0.16814983,-0.6756758,0.4549975,-0.20012753,-1.0297827,0.110613525,1.6311451,-0.31228346,-2.0312738,0.5578513,1
-0.029180646,-0.435807,0.6000988,-0.36659077,-0.7979171,0.1663623,1.6776675,-0.4693463,-2.0442593,0.6606931,1
0.1540957,-0.4645886,0.36092806,-0.42997122,-0.7134827,-0.030344483,1.693839,-0.60381556,-2.0245404,0.77642894,1
0.295956,-0.6374953,0.32602182,-0.22059596,-0.69970435,0.16273916,1.8166327,-0.77104634,-1.7501593,0.9366228,1
0.09595598,-0.83749527,0.12602182,-0.020595953,-0.89970434,-0.037260845,1.6166327,-0.9710463,-1.5591478,1.0788101,1
0.18640341,-1.0374953,-0.073978186,-0.22059596,-1.0353225,-0.23726085,1.4166327,-0.77104634,-1.7591479,0.8788101,1
-0.012594161,-0.7757494,0.11673063,-0.38958675,-1.1442462,-0.405023,1.4974434,-0.8994542,-1.8147062,0.64404535,1
-0.005612548,-0.5045197,-0.07296758,-0.51664513,-1.1779408,-0.5301717,1.4874418,-0.96343356,-1.7654538,0.739623,1
0.17327595,-0.27144727,-0.24332187,-0.6388137,-1.2282892,-0.6508712,1.5041767,-0.68052065,-1.7519952,0.837575,1
-0.026724055,-0.26191297,-0.043321863,-0.46575326,-1.0282892,-0.71858656,1.3502308,-0.88052064,-1.5519952,1.037575,1
-0.22672406,-0.06191297,0.15667814,-0.26575327,-1.2282892,-0.5185866,1.2651519,-0.68052065,-1.7519952,1.237575,1
-0.024523504,-0.24034615,0.32730803,-0.31423834,-1.310679,-0.29235306,1.3445063,-0.8080155,-1.7912612,1.1239234,1
-0.20859766,-0.03748432,0.48990515,-0.47776252,-1.3113614,-0.4574296,1.4349517,-0.5826026,-1.8500175,0.8583879,1
-0.008244923,0.01729088,0.6130186,-0.64995617,-1.2448564,-0.32369015,1.5392743,-0.66320544,-1.6454766,1.0149657,1
0.1775996,-0.1421448,0.6345621,-0.4167401,-1.1798505,-0.11455925,1.6108799,-0.42901132,-1.7092422,1.1252761,1
-0.020982856,-0.320493,0.4070619,-0.5777113,-1.2925302,0.08003385,1.3215959,-0.48393703,-1.7884207,1.2414094,1
0.06971205,-0.52049303,0.2070619,-0.53558266,-1.0925301,-0.11996615,1.237632,-0.28393704,-1.9884207,1.2261261,1
-0.1255263,-0.40110677,0.39218497,-0.7086992,-1.235855,0.015786553,0.99970955,-0.4662505,-2.1084404,0.9886241,1
0.049197733,-0.58527464,0.18712313,-0.8335849,-1.0085722,-0.17936157,0.9019245,-0.6487026,-2.24764,0.7678531,1
0.23705162,-0.53001976,0.36825442,-0.7430219,-0.9904082,0.019632502,1.0482157,-0.42683247,-2.3283398,0.54017544,1
0.033486824,-0.6597834,0.51358175,-0.49077693,-1.0758772,0.19850132,1.0665681,-0.4748221,-2.2850842,0.52667487,1
-0.14805368,-0.42898324,0.2925754,-0.6445029,-1.1265303,0.37180635,0.80851805,-0.6296168,-2.3186123,0.67799604,1
-0.33823147,-0.22252123,0.4786747,-0.82067066,-0.90038323,0.5556698,0.9800573,-0.8062047,-2.2333272,0.4645068,1
-0.22810444,-0.10572792,0.6251817,-0.5717495,-0.64517915,0.69610804,1.0295193,-0.92689586,-2.2415328,0.6121305,1
-0.024743386,-0.22084096,0.72649693,-0.32729143,-0.7441029,0.7889411,1.0824792,-0.91435075,-2.1495461,0.7150066,1
0.17525661,-0.42084098,0.52649695,-0.2623617,-0.73197573,0.5889411,0.88247925,-1.1143508,-1.9495461,0.5150066,1
0.3752566,-0.62084097,0.6467444,-0.4623617,-0.9319757,0.7889411,1.0734595,-1.3143508,-1.749546,0.3150066,1
0.52307165,-0.382664,0.40621755,-0.5196311,-1.0292876,0.8892284,1.1579365,-1.2618368,-1.7726911,0.4682873,1
0.7103849,-0.20963976,0.5955811,-0.6647361,-0.81473726,1.0701172,0.9411289,-1.0432062,-1.9380791,0.34016457,1
0.48045635,-0.009074487,0.74892884,-0.43748432,-0.82031244,1.1956385,1.074214,-0.99448085,-1.9277285,0.23507768,1
0.6345788,-0.19497834,0.5768417,-0.59450406,-0.7035244,0.9759899,1.1028861,-1.113947,-1.9842734,0.17615877,1
0.64458007,-0.35659206,0.7013437,-0.3561639,-0.81571466,0.7005747,1.1762642,-1.1862501,-1.9719931,0.053695302,1
0.40209714,-0.41124758,0.8152136,-0.14124127,-0.7400543,0.81451803,1.2447519,-1.145626,-1.9644428,0.22945283,1
0.5103831,-0.6112476,1.0152136,0.058758736,-0.5400543,0.61451805,1.0447519,-1.0165806,-1.7644428,0.18083933,1
0.6652868,-0.4112476,0.8152136,-0.14124127,-0.7400543,0.81451803,1.072665,-1.2165806,-1.6534904,0.07988615,1
0.86528677,-0.6112476,1.0152136,-0.34124127,-0.5400543,0.61451805,1.0350924,-1.4165807,-1.573547,-0.038245603,1
0.6652868,-0.4112476,0.8152136,-0.14124127,-0.7400543,0.81451803,1.2350924,-1.5699465,-1.373547,-0.2382456,1
0.5067639,-0.600402,0.6042977,-0.3351865,-0.9233746,0.8249215,1.4096291,-1.345639,-1.545627,-0.43046966,1
0.6484453,-0.71910876,0.73793113,-0.12403161,-1.0306795,0.6534091,1.1800127,-1.4181008,-1.6015868,-0.21145248,1
0.44844532,-0.5191088,0.9379311,0.07596839,-0.8306795,0.6269364,1.3800128,-1.6181009,-1.4015868,-0.25502616,1
0.23975839,-0.3079511,0.71212924,-0.07672905,-0.6086277,0.7980224,1.5247674,-1.555899,-1.5455871,-0.4391161,1
0.03578317,-0.457164,0.4609244,0.1109458,-0.72777766,0.5736337,1.5523179,-1.5803368,-1.5710559,-0.57521456,1
-0.14850517,-0.2325595,0.5865089,0.28119567,-0.47728187,0.69961524,1.5846626,-1.6100008,-1.6016078,-0.33931544,1
0.04794155,-0.3124734,0.73223764,0.44799188,-0.6305475,0.46514043,1.661516,-1.3127068,-1.677292,-0.50210124,1
-0.10176469,-0.4731621,0.49511218,0.23069356,-0.7726139,0.61874455,1.7316687,-1.3994194,-1.5604017,-0.30939403,1
0.09579144,-0.65641534,0.34980142,0.029929973,-0.7819084,0.40832713,1.4935641,-1.5596294,-1.7166069,-0.2205858,1
0.28951156,-0.67710835,0.5381287,0.22504838,-0.96106166,0.5954119,1.2661006,-1.7222711,-1.484408,-0.2581233,1
0.37473112,-0.47710836,0.3381287,0.42504838,-1.1610616,0.7954119,1.4661007,-1.591546,-1.284408,-0.058123305,1
0.16547221,-0.64122874,0.5096135,0.21312319,-1.0420886,0.5638613,1.5778149,-1.696613,-1.2109426,0.13435872,1
-0.034396548,-0.8380311,0.30843666,0.013073302,-0.83888775,0.36247826,1.7710574,-1.4909241,-1.4055796,0.17590366,1
-0.055795584,-0.892105,0.43696082,-0.16064861,-0.8928412,0.44426298,1.6939667,-1.4532145,-1.3798677,0.32305923,1
0.035094794,-0.88260645,0.5943678,-0.33653235,-0.9663062,0.6011817,1.7673188,-1.3726988,-1.1009709,0.48808274,1
-0.15272823,-1.0026643,0.3652468,-0.1264505,-0.84168065,0.7420206,1.8220476,-1.1769258,-1.2049042,0.63727313,1
-0.019836377,-0.7784561,0.47136164,-0.26789647,-1.0102638,0.5470236,1.9610629,-0.9474619,-1.3625326,0.42408505,1
0.15749145,-0.50566196,0.517993,-0.40901536,-1.0579616,0.6530165,1.8891101,-1.0030628,-1.3659002,0.54554886,1
-0.041889146,-0.69537944,0.7075308,-0.6001411,-1.0662863,0.44641542,1.6644973,-0.7913611,-1.5430828,0.7346851,1
0.1509927,-0.85506946,0.86667377,-0.76411873,-1.2092782,0.39314917,1.3985655,-0.94673,-1.2826172,0.8926056,1
0.3509927,-0.6550695,0.6666738,-0.56411874,-1.4092783,0.19314916,1.2500161,-0.74673,-1.4826173,0.81265724,1
0.26573345,-0.8238615,0.83504224,-0.5133502,-1.5505435,0.23082337,1.011693,-0.91217667,-1.6212058,0.59029675,1
0.38783112,-0.9560588,0.59298813,-0.29259935,-1.6346182,0.40229318,1.1314516,-1.0385255,-1.3270899,0.7379613,1
0.51283175,-1.0085611,0.69181347,-0.27285457,-1.6005455,0.5254487,1.1615763,-0.73154086,-1.3322537,0.81829,1
0.6553621,-0.7433737,0.8199141,-0.20204072,-1.6553829,0.43420467,0.8840525,-0.8564386,-1.4087211,0.93619394,1
0.5477311,-0.93995357,0.70147884,-0.40058318,-1.4501065,0.23335558,1.0801225,-1.0526086,-1.2043389,1.1320748,1
0.7477311,-1.1399536,0.50147885,-0.6005832,-1.2501065,0.03335558,0.8801225,-1.074055,-1.108578,1.3320749,1
0.8233321,-1.1640716,0.2619068,-0.34800273,-1.2597659,-0.14477071,0.9383458,-1.1068228,-1.1368144,1.330975,1
0.6066313,-1.2049614,0.1549289,-0.5333202,-1.0313717,-0.33553338,0.9410257,-1.2718095,-0.9860645,1.489956,1
0.6512514,-1.0049614,0.27414906,-0.7333202,-0.8313717,-0.13553338,0.9245874,-1.0718094,-1.1860645,1.3814988,1
0.85125136,-1.2049614,0.47414905,-0.5333202,-0.63137174,-0.33553338,0.72458744,-0.8718094,-1.3860645,1.1814988,1
1.0229197,-0.9778772,0.6559804,-0.6915059,-0.80896586,-0.52110046,0.89966935,-1.0429237,-1.2078005,1.3442668,1
0.82291967,-0.7778772,0.45598042,-0.59649307,-1.0089658,-0.32110047,1.0474563,-0.8429237,-1.1838106,1.5442668,1
1.0040622,-0.5672241,0.25126144,-0.7818097,-1.1866786,-0.511494,0.8318334,-1.0236974,-1.3583001,1.3194852,1
1.2040622,-0.3672241,0.45126146,-0.70718586,-0.98667866,-0.311494,0.63183343,-1.2236974,-1.1583,1.5194852,1
1.4040623,-0.1672241,0.25126147,-0.5071859,-1.1866786,-0.511494,0.8318334,-1.0236974,-1.0970874,1.3194852,1
1.2040622,0.03277591,0.4167081,-0.70718586,-0.99271905,-0.311494,0.7983477,-0.8236974,-1.2970874,1.1194851,1
1.4040623,-0.1672241,0.6167081,-0.7790072,-1.1927191,-0.11149399,0.9983477,-0.6236974,-1.2281123,1.1283631,1
1.2040622,-0.3672241,0.4167081,-0.5790072,-0.9927191,0.08850601,1.1983477,-0.8236974,-1.2018687,1.3283632,1
1.3638638,-0.5509844,0.21050373,-0.3681562,-0.77002347,0.28024605,1.3583128,-0.99438876,-0.97318494,1.484606,1
1.1337419,-0.66321796,0.12650049,-0.22740635,-0.8566583,0.42412043,1.3761952,-1.0548023,-1.0360767,1.4877287,1
1.2146916,-0.7726848,0.29735693,-0.38925594,-0.9623406,0.20411536,1.4355035,-0.8465726,-0.7614482,1.5370815,1
1.0146916,-0.5726848,0.49735695,-0.18925594,-0.93199307,0.004115358,1.2355034,-0.9006603,-0.5614482,1.3370814,1
0.8146916,-0.7726848,0.69735694,-0.29572108,-1.131993,0.20411536,1.1398052,-1.1006603,-0.7614482,1.5370815,1
0.6146916,-0.5726848,0.8973569,-0.09572108,-1.3319931,0.004115358,0.9398052,-1.0171583,-0.5614482,1.6597894,1
0.783694,-0.35850483,1.0556043,-0.090978324,-1.0889227,-0.18843158,1.0964376,-1.1708475,-0.37387556,1.7890277,1
0.71772546,-0.48353904,1.0870699,0.09438815,-1.115916,0.010015645,1.1224222,-1.1868443,-0.42564896,1.7220488,1
0.50550354,-0.47510964,0.8661288,-0.10311867,-1.2848512,0.20505781,0.90064657,-1.2974654,-0.22032206,1.876675,1
0.28158695,-0.25357246,0.61398035,0.08929689,-1.3686084,0.0046618567,1.0144815,-1.3802351,-0.018731125,1.9141006,1
0.079661846,-0.4428701,0.79477394,0.023531336,-1.1410342,0.19983274,0.79526335,-1.3822728,-0.138901,2.064217,1
0.24856246,-0.60416454,0.55896413,0.21007307,-1.2156774,-0.0001571949,0.93534106,-1.1110911,-0.3184966,2.1278944,1
0.41710898,-0.3758243,0.33379337,0.35720074,-0.9444575,-0.18612206,1.0557303,-1.2191567,-0.48213935,2.1646612,1
0.20539154,-0.5447469,0.5049844,0.14871657,-0.7515505,-0.16279137,1.1879582,-1.3425645,-0.64532405,2.0402064,1
0.0052394196,-0.7237343,0.6850937,-0.049836505,-0.74256605,0.036158815,1.3487979,-1.499042,-0.43275955,1.7882862,1
0.022149561,-0.460733,0.7786235,0.13209996,-0.8291824,0.12791622,1.3624891,-1.49466,-0.5566433,1.7491102,1
0.20890066,-0.62132716,0.89754695,0.31229368,-0.717864,-0.052116565,1.469303,-1.217447,-0.3856454,1.8328662,1
0.008900657,-0.82132715,0.69754696,0.5122937,-0.8602228,-0.2098718,1.269303,-1.017447,-0.18564539,1.6328661,1
0.20890066,-0.7086272,0.49754697,0.3122937,-1.0602229,-0.009871796,1.0693029,-0.88472646,-0.3856454,1.8328662,1
0.008900657,-0.90041393,0.69754696,0.112293705,-1.2602229,0.1901282,0.8693029,-0.8347981,-0.5856454,1.9100902,1
-0.09939355,-1.1004139,0.89754695,-0.009656258,-1.3175309,-0.009871796,0.66930294,-1.0347981,-0.40607482,1.8113254,1
-0.27965158,-1.2146649,0.6515509,-0.19583158,-1.4174652,-0.1960329,0.81198126,-1.1533759,-0.5661104,1.6204345,1
-0.4243285,-1.2514974,0.39946896,-0.15202567,-1.4309067,-0.30009517,0.8952592,-1.1972774,-0.32388318,1.6104654,1
-0.2146317,-1.3887552,0.57355636,0.045900602,-1.1776996,-0.47847813,0.7800524,-1.3368789,-0.13609597,1.6321923,1
-0.41463172,-1.4799987,0.37355638,-0.1540994,-0.9776996,-0.27847815,0.58005244,-1.1368788,-0.336096,1.8280529,1
-0.5716912,-1.5626277,0.53348553,0.04269381,-1.095421,-0.072995365,0.41624415,-0.871425,-0.49864227,1.8863653,1
-0.71298504,-1.6285363,0.30811572,0.13530268,-1.1968722,0.11734279,0.56936353,-0.9899166,-0.64549327,1.5997614,1
-0.4706448,-1.600694,0.46617737,-0.0593574,-1.2815787,-0.03592932,0.7058626,-0.7247193,-0.7757088,1.6512145,1
-0.6352936,-1.3268601,0.6310616,0.072767645,-1.4034812,0.15542214,0.5116741,-0.49706012,-0.9242769,1.7536327,1
-0.56304467,-1.0700977,0.759636,0.24932465,-1.4656701,0.32487538,0.65050924,-0.63715124,-0.7918218,1.7857277,1
-0.71241903,-1.2700977,0.959636,0.049324647,-1.2656701,0.5248754,0.45050925,-0.43715125,-0.78369474,1.5857277,1
-0.5069815,-1.4416593,1.1473305,-0.14907646,-1.4501171,0.321428,0.24785097,-0.23463471,-0.5775009,1.6339676,1
-0.3069815,-1.2416593,0.94733053,-0.34907645,-1.5786705,0.521428,0.44785097,-0.03463471,-0.58412397,1.4339676,1
-0.1069815,-1.080019,1.1473305,-0.43936655,-1.681304,0.321428,0.57858706,0.1653653,-0.6814994,1.2339675,1
-0.3069815,-0.880019,1.3473306,-0.45542225,-1.881304,0.121428,0.37858707,-0.03463471,-0.8814994,1.0339675,1
-0.4709746,-1.0033138,1.3171881,-0.60887283,-1.9334855,0.25492272,0.3163687,-0.21797046,-0.6330979,1.1463286,1
-0.6709746,-0.8033138,1.1171881,-0.8088728,-1.7334855,0.45492274,0.5163687,-0.41797048,-0.8330979,0.9463286,1
-0.8537025,-0.9834172,0.8989995,-0.93285173,-1.8951429,0.5389757,0.31009483,-0.29484963,-1.0126107,0.7315283,1
-0.6537025,-1.1834172,0.6989995,-0.73285174,-1.6951429,0.33897573,0.5100948,-0.09484963,-1.2126107,0.5315283,1
-0.8537025,-1.3834172,0.49899954,-0.5722578,-1.8951429,0.13897572,0.7100948,-0.29484963,-1.0126107,0.55841166,1
-0.65246624,-1.3229812,0.29843408,-0.7707973,-2.0911806,0.33833465,0.78964937,-0.49391377,-0.8110739,0.35773385,1
-0.806533,-1.4409188,0.09313017,-0.5730577,-1.9381298,0.5093277,0.9363243,-0.65652376,-0.57814753,0.5276816,1
-0.5997795,-1.6226479,0.28986627,-0.76445,-2.0094252,0.30588347,0.85404503,-0.45144054,-0.3977808,0.3407299,1
-0.79427373,-1.4128542,0.33846116,-0.95781064,-1.7969688,0.5024009,1.0467889,-0.64695597,-0.23836337,0.53700745,1
-0.59063053,-1.6029667,0.5351601,-0.7531649,-1.9847264,0.300547,0.85561776,-0.4442159,-0.3961534,0.33494145,1
-0.7868761,-1.3963045,0.7316691,-0.5505381,-2.174352,0.10006954,0.6525045,-0.2430562,-0.59332246,0.13430065,1
-0.57009345,-1.1620944,0.9050266,-0.34051397,-2.3064537,-0.0970728,0.82812583,-0.43038633,-0.3820748,0.2082039,1
-0.37009346,-0.96209437,1.1050266,-0.540514,-2.269967,-0.11437349,0.62812585,-0.23038633,-0.39622754,0.4082039,1
-0.16769937,-1.1457376,1.2866582,-0.6082479,-2.0408318,-0.30994862,0.81646985,-0.029958636,-0.58783555,0.59964335,1
-0.31258035,-1.2668992,1.3995641,-0.76089764,-1.7329888,-0.103507414,0.95692116,-0.21648678,-0.74168116,0.48259145,1
-0.103377596,-1.3469893,1.3646914,-0.88235015,-1.774979,-0.27869755,0.6981892,-0.05718051,-0.8647045,0.25949135,1
-0.29077303,-1.0993347,1.4996824,-1.0373812,-1.8929236,-0.07542786,0.4774907,0.13682508,-0.6370877,0.37451047,1
-0.49077302,-0.8993347,1.2996824,-0.8373812,-1.6929235,-0.27542788,0.27749068,-0.06317492,-0.46427724,0.57451046,1
-0.29077303,-0.69933474,1.4996824,-1.0373812,-1.4929235,-0.085675746,0.47749066,-0.26317492,-0.66427726,0.77451044,1
-0.09077303,-0.49933475,1.3427119,-1.0989466,-1.6929235,0.11432426,0.27749068,-0.46317494,-0.46427727,0.97451043,1
-0.29077303,-0.587203,1.3839716,-1.2989466,-1.595592,0.31432426,0.44095322,-0.6631749,-0.455115,0.77451044,1
-0.16435258,-0.38720304,1.1839715,-1.4989467,-1.395592,0.11432426,0.64095324,-0.8631749,-0.655115,0.97451043,1
0.035647422,-0.587203,1.0494657,-1.4303998,-1.1955919,0.31432426,0.44095325,-1.063175,-0.6131346,0.77451044,1
-0.16435258,-0.5221884,0.84946567,-1.5224689,-1.395592,0.51432425,0.24095325,-1.263175,-0.8131346,0.9621537,1
0.035199948,-0.71312296,1.036292,-1.5476366,-1.180584,0.4895009,0.040439174,-1.4448082,-0.6054381,0.9654448,1
-0.16480005,-0.513123,0.83629197,-1.3476366,-1.2172072,0.6457451,0.24043918,-1.3347672,-0.8054381,1.1654449,1
-0.35606065,-0.6960389,0.62104857,-1.3468469,-1.3832557,0.82548386,0.039470386,-1.4979994,-0.59093386,0.99973464,1
-0.14645652,-0.64536214,0.77052045,-1.0762688,-1.4858207,0.96237457,-0.15065047,-1.593503,-0.742259,0.7505182,1
-0.30067006,-0.43775415,0.56077445,-0.87663394,-1.2638553,1.1425182,-0.34466043,-1.7316812,-0.8613617,0.93428075,1
-0.09635826,-0.22757092,0.6532615,-0.6476531,-1.401157,0.9141897,-0.40038115,-1.7095709,-1.0159025,1.0856985,1
-0.29635826,-0.027570918,0.4532615,-0.8476531,-1.6011571,0.81497973,-0.20038114,-1.5095708,-0.81590253,0.8856985,1
-0.096358255,0.17242908,0.6532615,-0.873299,-1.401157,0.69893044,-0.40038115,-1.3393569,-1.0159025,0.6856985,1
-0.29635826,-0.017716825,0.7668061,-1.073299,-1.201157,0.49893045,-0.60038114,-1.1393569,-0.81590253,0.8856985,1
-0.49635828,-0.21771683,0.9668061,-0.87329906,-1.123259,0.29893047,-0.40038115,-1.3300354,-0.91517687,0.6856985,1
-0.4725361,-0.017716825,1.097668,-1.073299,-1.323259,0.2977335,-0.2760205,-1.4523182,-0.85623485,0.8856985,1
-0.6574281,-0.21606039,1.2877952,-0.8666548,-1.5116698,0.4939466,-0.47239885,-1.2427902,-1.0481987,0.84620434,1
-0.7309344,-0.015281667,1.4156569,-1.0149362,-1.2480712,0.2796941,-0.63979644,-0.9922287,-1.1876777,0.9954773,1
-0.5292245,-0.21458834,1.6104537,-0.8123117,-1.0446959,0.4273711,-0.4383801,-1.1883891,-1.3832088,0.7929155,1
-0.6700702,-0.38095713,1.3507469,-0.56264126,-1.1437267,0.5764791,-0.21904281,-1.2757636,-1.4547796,0.9123707,1
-0.87007016,-0.18095712,1.1507468,-0.76264125,-1.3437268,0.3764791,-0.41904283,-1.0757636,-1.4133979,0.7123707,1
-0.6735735,-0.35821646,1.2701161,-0.7880642,-1.4515764,0.542067,-0.2591071,-0.8234862,-1.5170885,0.85790807,1
-0.57389134,-0.15764204,1.4647787,-0.58592916,-1.2808659,0.34082508,-0.058892515,-1.0197704,-1.7108544,0.6555195,1
-0.71609807,-0.3388809,1.2043242,-0.36568412,-1.4031827,0.5124545,0.13370527,-0.77676696,-1.810615,0.8106407,1
-0.50222605,-0.13514796,1.3374768,-0.16123076,-1.1708428,0.30405617,0.32473573,-0.74194884,-1.9565723,0.9834761,1
-0.2666129,0.05721012,1.3563064,0.034200825,-1.2093079,0.09179458,0.46290287,-0.8309531,-1.90245,1.0440197,1
-0.46661288,-0.14278989,1.1563064,-0.16579917,-1.409308,0.2917946,0.6629029,-1.0309532,-1.7024499,0.8664139,1
-0.4621563,0.053788938,1.2751989,-0.28489533,-1.136991,0.46238515,0.4352212,-1.1573418,-1.7886829,0.9172938,1
-0.24571571,-0.13704173,1.3826848,-0.41549018,-1.2531444,0.60406095,0.39476967,-0.9049405,-1.8639668,0.6723102,1
-0.36658466,-0.28557485,1.2676903,-0.57925665,-1.3675988,0.49692392,0.5597559,-0.6634411,-1.9424623,0.44450557,1
-0.56658465,-0.08557485,1.4676903,-0.77925664,-1.209797,0.57030493,0.35975593,-0.46344113,-1.7424623,0.64450556,1
-0.7531673,-0.28440496,1.2624971,-0.5768837,-1.4040216,0.36878794,0.5574628,-0.2623619,-1.9345047,0.4426846,1
-0.7354707,-0.47970033,1.062497,-0.77688366,-1.2040216,0.16878794,0.7574628,-0.27929607,-1.7345047,0.5489283,1
-0.8881241,-0.64529896,0.81884384,-0.89579403,-1.3329605,0.17006747,0.90900314,-0.45503768,-1.8365945,0.33126816,1
-0.6593425,-0.8099434,0.76372325,-0.74340576,-1.2314636,-0.028680567,1.0626179,-0.24437043,-1.9514115,0.50904727,1
-0.40664482,-0.8940784,0.85316086,-0.83517426,-1.26724,-0.20244537,1.1177651,-0.1061102,-1.9045925,0.27359208,1
-0.5742973,-1.0357399,0.61833304,-0.97997665,-1.0103326,-0.0023149778,0.9896603,-0.2897878,-1.9923714,0.44833922,1
-0.44359773,-0.8014713,0.7847782,-0.8329552,-1.1607043,-0.19401927,0.87667173,-0.4697046,-2.1024754,0.23815633,1
-0.5924208,-0.9218374,0.53827846,-0.95081776,-0.98923814,0.005505161,0.8644403,-0.6164518,-2.1193898,0.088036075,1
-0.39242083,-0.7218374,0.33827847,-1.1508178,-0.78923815,-0.19449484,1.0644404,-0.6764083,-1.9193897,-0.11196393,1
-0.5924208,-0.5218374,0.13827847,-0.95081776,-0.98923814,-0.39449483,0.8644404,-0.8764083,-1.8644814,0.088036075,1
-0.39242083,-0.7218374,-0.020723403,-1.1508178,-1.1892382,-0.5944948,1.0644404,-1.0764083,-1.6644814,0.275049,1
-0.17057198,-0.8171653,-0.19566087,-1.0864702,-1.2314941,-0.34970105,1.1208668,-1.1314757,-1.6527748,0.42110854,1
-0.3643443,-0.6067935,0.0042662076,-0.9929645,-1.129088,-0.14718524,1.298669,-0.91582173,-1.821638,0.61067045,1
-0.5643443,-0.40679353,0.2042662,-1.1929646,-0.92908806,-0.34655136,1.498669,-0.71582174,-1.621638,0.81067044,1
-0.35992444,-0.41340902,0.39936206,-1.3760666,-0.7202435,-0.20352712,1.6780626,-0.9047119,-1.404392,0.692538,1
-0.5416239,-0.5933604,0.57977253,-1.1585697,-0.5371516,-0.39033827,1.8166801,-1.0686055,-1.1650276,0.6600891,1
-0.5813462,-0.39336044,0.7797725,-0.9585697,-0.57761776,-0.19033827,1.7572296,-0.86860555,-1.350084,0.86008906,1
-0.6823339,-0.58933085,0.5758353,-0.7534182,-0.37505335,-0.19525109,1.615298,-1.0613486,-1.5395573,1.0016038,1
-0.8660943,-0.78933084,0.7758353,-0.5534182,-0.57505333,0.0047489107,1.440348,-1.2347877,-1.3395573,0.80160385,1
-0.6079172,-0.90292203,0.89060515,-0.32255045,-0.34229594,0.18686602,1.497079,-1.3094724,-1.4050914,0.9141231,1
-0.8079172,-0.80946535,1.0906051,-0.12255044,-0.54229593,-0.013133988,1.297079,-1.5094725,-1.2050914,0.71412313,1
-0.59246063,-0.9837992,1.257791,-0.14862072,-0.7234227,-0.20771496,1.4590151,-1.2761785,-0.9795364,0.8908811,1
-0.70955527,-1.059953,1.3052804,-0.31214884,-0.46866345,-0.006907836,1.4854529,-1.2536081,-0.7873935,0.9767557,1
-0.46634445,-1.1531076,1.3776311,-0.11151066,-0.37953305,0.17671774,1.5425247,-1.0057073,-0.9036615,1.0769656,1
-0.23897098,-1.2140425,1.4154906,0.079394884,-0.16108161,-0.020889435,1.5634375,-1.0817912,-0.75140584,1.1195865,1
-0.07188022,-1.2569422,1.4229958,-0.11327998,-0.33915076,0.16823201,1.6563324,-0.82823426,-0.51791537,1.2394394,1
0.11394554,-1.2957567,1.4434394,-0.13242443,-0.12375612,0.3274935,1.6509612,-0.55873096,-0.6384904,1.2801902,1
0.22795607,-1.145319,1.2434393,0.067575574,-0.2932919,0.12749349,1.7129885,-0.35873097,-0.5525919,1.0801902,1
0.027956069,-1.345319,1.4434394,0.26757556,-0.09329189,0.3274935,1.5129884,-0.55873096,-0.7525919,1.2353421,1
0.15689194,-1.145319,1.2434393,0.06757556,-0.2932919,0.5274935,1.5787138,-0.35873097,-0.9525919,1.4353422,1
0.34524128,-1.200641,1.3133852,0.25884062,-0.47718853,0.42600036,1.7206482,-0.15354924,-0.8117551,1.2629141,1
0.5034059,-1.2931724,1.0279571,0.054325882,-0.62522906,0.5779685,1.7732803,0.042886678,-0.56481624,1.3506674,1
0.30210564,-1.0884873,1.2226945,-0.14504981,-0.42340666,0.77463436,1.9648235,-0.15643999,-0.4804789,1.1457359,1
0.10210563,-0.8884873,1.0226945,-0.3450498,-0.22340666,0.97463435,1.7648234,-0.35644,-0.2804789,1.3457359,1
-0.078853756,-1.0248649,1.2226945,-0.1450498,-0.3750769,1.1746343,1.5648234,-0.15644,-0.08047889,1.545736,1
0.11551198,-1.167899,1.1540996,-0.32900223,-0.16693442,1.1968244,1.5355797,-0.3398627,-0.2674344,1.475531,1
0.24049757,-0.967899,0.9540996,-0.2529485,0.033065587,0.99682444,1.545618,-0.1398627,-0.14877784,1.4598554,1
0.04049757,-0.76789904,1.1540996,-0.4529485,-0.16693442,0.79682446,1.4402966,-0.3398627,-0.12719414,1.6598555,1
0.24049757,-0.967899,1.1003762,-0.25294852,0.033065587,0.99682444,1.5887079,-0.1398627,-0.32719415,1.4679055,1
0.04049757,-1.167899,0.90037626,-0.05294852,-0.07195565,0.79682446,1.788708,-0.3398627,-0.12719415,1.6679056,1
0.21548614,-1.2202908,0.87595654,-0.25294852,-0.27195567,0.8910932,1.5887079,-0.1398627,-0.32719415,1.4679055,1
0.41548616,-1.1781514,0.67595655,-0.05294852,-0.14674108,0.6910932,1.788708,-0.3398627,-0.52719414,1.6679056,1
0.61548615,-0.9781514,0.87595654,0.14705148,-0.34674108,0.8910932,1.6084093,-0.5398627,-0.32719415,1.4679055,1
0.81548613,-1.1781514,1.0759566,-0.05294852,-0.14674108,0.6910932,1.4084092,-0.3398627,-0.12719415,1.6679056,1
0.91744405,-1.3781514,0.8759566,-0.25294852,0.053258926,0.78399944,1.2084092,-0.5398627,0.07280585,1.4679055,1
0.7917507,-1.1781514,0.6759566,-0.05294852,0.25325894,0.58399945,1.4084092,-0.7398627,0.27280587,1.6679056,1
0.9488014,-1.3184683,0.63165355,-0.24199419,0.43362984,0.7500471,1.5387546,-0.89916044,0.06965289,1.4043355,1
0.7488014,-1.1184683,0.43165356,-0.4419942,0.23362984,0.931549,1.7387546,-1.0991604,-0.1303471,1.2043355,1
0.7914642,-1.2199478,0.21434359,-0.22391154,0.031116895,1.0469958,1.7938842,-0.83197206,-0.30566242,1.2993987,1
0.9218283,-0.9483113,0.38524202,-0.17483336,0.21488431,1.0388818,1.853843,-0.5875853,-0.47014704,1.3940879,1
0.9850682,-0.9085114,0.5138962,-0.32913807,0.3643065,0.8295084,1.8034626,-0.6730196,-0.5884506,1.3997555,1
0.71884453,-0.92826456,0.6536762,-0.334768,0.516705,0.9426653,1.6646726,-0.79937685,-0.60894823,1.4648097,1
0.50690365,-0.711504,0.8340293,-0.5224606,0.3094162,0.8653376,1.8217583,-0.9763768,-0.79033077,1.2357007,1
0.30690366,-0.6154178,0.7278488,-0.3224606,0.26260492,1.0653377,1.6217582,-0.7763768,-0.5903308,1.2569832,1
0.50690365,-0.4154178,0.6962458,-0.5224606,0.06260492,1.2653377,1.4217582,-0.9763768,-0.3903308,1.0569831,1
0.30690366,-0.21541779,0.6819116,-0.34084445,0.26260492,1.4653378,1.2217581,-0.7763768,-0.19033079,0.8569831,1
0.50690365,-0.24019127,0.8819116,-0.14084445,0.06260492,1.2982289,1.3109938,-0.9763768,-0.35986513,1.0081306,1
0.70690364,-0.040191263,1.0819116,0.059155554,-0.13739508,1.3021934,1.5109938,-1.1763768,-0.5598651,0.8224515,1
0.62235254,-0.24019127,1.2819116,0.25915557,-0.33739507,1.5021935,1.3136064,-0.97637683,-0.39467305,1.0224515,1
0.740539,-0.03619275,1.3344804,0.37258658,-0.12372602,1.5248678,1.363022,-0.9130552,-0.5355107,1.1008333,1
0.51001257,-0.22285397,1.4478221,0.1628399,0.071966484,1.6274575,1.0973413,-1.0501964,-0.31656307,1.22737,1
0.28455147,-0.3881253,1.5124878,0.33304015,-0.117518224,1.6773698,0.8236433,-1.1475188,-0.47413814,1.1499912,1
0.07988674,-0.38587666,1.3502073,0.1257003,-0.30000067,1.7737949,0.96716875,-0.89524394,-0.6369458,1.2755119,1
-0.12011326,-0.49643433,1.1502073,0.32570028,-0.50000066,1.5737948,1.1671687,-0.69524395,-0.8369458,1.0755118,1
0.058508538,-0.67737263,1.3502073,0.5257003,-0.30000067,1.3737948,0.96716875,-0.6455138,-0.9827945,1.2755119,1
0.25850853,-0.47737265,1.5502074,0.72570026,-0.100000665,1.4119362,1.1671687,-0.44551378,-0.78672934,1.0755118,1
0.45850855,-0.3419875,1.3502073,0.5257003,-0.048811767,1.2119361,1.3671688,-0.6455138,-0.91630524,1.2755119,1
0.3031814,-0.14198749,1.5502074,0.32570028,-0.24881177,1.1816632,1.280578,-0.84551376,-0.9105912,1.0755118,1
0.48420328,-0.329089,1.6035646,0.50587285,-0.046970766,1.329552,1.4247361,-0.6211674,-0.9666924,0.8424908,1
0.26180437,-0.3520749,1.6614203,0.29624024,-0.22750627,1.4090035,1.1282109,-0.75644875,-1.0747418,0.960329,1
0.06180437,-0.5520749,1.605002,0.09624024,-0.42750627,1.3127269,0.9282109,-0.55644876,-1.2747419,0.760329,1
0.24547967,-0.7051796,1.692452,-0.09728987,-0.58338666,1.0433432,0.9558848,-0.7092807,-1.3827851,0.9004481,1
0.043267902,-0.7224471,1.419871,0.09771513,-0.6969534,0.8023297,1.0996718,-0.86506057,-1.5058111,1.0469311,1
0.17501397,-0.8446255,1.4832118,-0.09365568,-0.82128257,0.65701354,0.9629435,-0.60895324,-1.5295346,1.1417347,1
0.37501398,-0.6446255,1.2832117,0.10634432,-1.0212826,0.8570135,1.1629435,-0.570227,-1.3295345,0.94173473,1
0.575014,-0.8446255,1.0832117,-0.09365568,-0.82128257,1.0570135,0.9629435,-0.770227,-1.1295345,1.1417347,1
0.775014,-0.6446255,0.8832117,0.10634432,-0.8689951,1.2570136,1.1629435,-0.970227,-0.9295345,0.94173473,1
0.975014,-0.4446255,0.6832117,0.30634433,-0.806476,1.0570135,0.9629435,-1.170227,-0.7295345,1.1304771,1
0.77346885,-0.64334035,0.88145083,0.10613231,-0.6052669,1.2545075,1.160625,-1.3674953,-0.5284788,1.3278246,1
0.93679297,-0.42663732,1.0407066,-0.09033118,-0.77492815,1.0147785,1.3093629,-1.1235094,-0.4586283,1.4254252,1
1.0921992,-0.21774685,0.80772763,-0.17115586,-0.93668395,1.1671256,1.245232,-0.88728225,-0.24848291,1.5616635,1
0.8557167,-0.3007146,0.96652114,0.027664695,-0.70656055,0.92757934,1.3861357,-1.0428227,-0.13807617,1.6896282,1
0.62570095,-0.4777941,0.7314332,0.21724322,-0.86506224,1.0759637,1.1318396,-1.1859319,-0.32260054,1.7608024,1
0.4964311,-0.6240469,0.89157623,0.016505366,-1.0194871,1.221364,0.89196527,-1.3266265,-0.50023794,1.494014,1
0.52065533,-0.7627012,1.0103145,0.20038775,-1.1287032,0.9453291,1.0106746,-1.4129778,-0.64810914,1.2168325,1
0.65445614,-0.87426776,1.0991354,0.07530158,-0.84339285,1.0401195,1.0994624,-1.4648103,-0.7702021,0.92342657,1
0.7492238,-0.9419641,1.1391377,-0.10934093,-0.91489166,1.0873901,1.1394244,-1.1090399,-0.8507148,0.9850686,1
0.6843484,-0.99520946,1.1670443,-0.2695873,-0.97161615,1.1219467,0.8349792,-1.1408143,-0.9156867,1.0327746,1
0.79092366,-1.0689447,0.88801426,-0.41997898,-0.9472432,1.182293,0.56789845,-1.1991675,-0.9978229,1.1025413,1
0.8966193,-0.78624886,0.98447,-0.19904399,-1.0380623,1.2507429,0.694819,-1.2660114,-1.0838283,0.8166482,1
1.0364237,-0.9321117,1.1194521,0.0009035363,-1.0617108,0.9930655,0.84570056,-1.0421085,-0.9828492,0.9608423,1
0.93785036,-1.0125688,1.1450117,0.15844502,-1.1284833,0.70932347,0.93528205,-1.1109508,-1.0579487,0.86841816,1
0.7324533,-0.80662525,1.3351735,0.35582316,-1.0247908,0.7852716,0.7299038,-1.3013618,-1.2487475,0.6716017,1
0.79062814,-0.8535187,1.3016753,0.47128305,-0.8571385,0.83541286,0.78846645,-1.2730063,-1.2283946,0.73903203,1
0.9146563,-0.60340005,1.3405573,0.619802,-0.6067422,0.9560065,0.9126604,-1.3600407,-0.9495264,0.86701715,1
0.64810383,-0.72858334,1.3970928,0.74345785,-0.3887389,1.0483533,0.7405757,-1.3125578,-1.0424767,0.9676511,1
0.81551695,-0.5082735,1.4371114,0.90720713,-0.56611764,1.2003876,0.9044357,-1.0698097,-0.9588981,0.7381555,1
0.95177567,-0.663817,1.2514355,1.0377107,-0.3431374,1.3124889,1.0351131,-0.815214,-1.0861571,0.5043769,1
1.0053854,-0.42633387,1.3341385,1.0473639,-0.49924406,1.0225836,1.1352981,-0.93316996,-1.182217,0.27977884,1
0.7726526,-0.4793712,1.0880444,1.0990237,-0.6708251,1.172895,1.2810285,-0.93570495,-1.1972439,0.07653643,1
0.9726526,-0.6793712,0.8880444,1.2990237,-0.47082514,0.97289497,1.0810285,-0.7977763,-1.397244,0.27653643,1
1.1726526,-0.87937117,0.6880444,1.4990238,-0.6708251,0.772895,0.8810285,-0.91927767,-1.1972439,0.07653643,1
0.955172,-1.0599726,0.47927326,1.6684887,-0.85517454,0.5625989,0.66878897,-0.70635074,-1.3721325,0.27156648,1
1.155172,-0.85997266,0.27927327,1.8684888,-0.65517455,0.3625989,0.46878898,-0.90635073,-1.1721325,0.4715665,1
0.86081314,-0.9552608,0.43192714,1.8641484,-0.77069414,0.27277303,0.6027211,-0.87050927,-1.2365832,0.60522425,1
0.66081315,-0.77963656,0.63192713,1.6641483,-0.9706941,0.072773024,0.8027211,-1.0705093,-1.0365832,0.66417193,1
0.533479,-0.5796366,0.43192714,1.4641483,-0.77069414,-0.12722698,1.0027211,-1.2705094,-1.1895673,0.46417195,1
0.6859551,-0.37018546,0.59098303,1.5563241,-0.90780056,-0.30602518,1.1247939,-1.3752316,-1.218938,0.24705562,1
0.48595512,-0.5701855,0.5396368,1.3563241,-1.1078006,-0.5060252,0.9247939,-1.1752316,-1.418938,0.44705564,1
0.49537733,-0.7701855,0.3396368,1.5563241,-1.3078007,-0.3060252,1.1247939,-0.9752316,-1.218938,0.24705563,1
0.6492392,-0.83779687,0.503832,1.6397923,-1.0342982,-0.4724505,1.236894,-1.0972551,-0.95133156,0.043933496,1
0.41186932,-0.58474183,0.6452838,1.6867496,-0.7648972,-0.6165128,1.3173662,-1.1893432,-1.0304189,0.22364193,1
0.6094291,-0.78161216,0.8419127,1.5404836,-0.9610491,-0.41485167,1.414229,-0.9853976,-0.8841906,0.29531094,1
0.74895173,-0.90826994,0.964065,1.3789835,-1.0534402,-0.19879879,1.3966583,-1.0968293,-0.6872964,0.088189684,1
0.5413533,-0.69846624,0.86547273,1.5571276,-1.0353878,-0.39327872,1.1800944,-1.2788789,-0.87501466,0.1577757,1
0.31480426,-0.8285873,0.61371505,1.6204655,-1.1393045,-0.3337151,1.1796104,-1.1837698,-0.99140453,0.16349559,1
0.11083561,-0.6068578,0.39941344,1.7575343,-0.9068339,-0.4456397,1.331919,-1.1079453,-1.1502192,0.15963462,1
0.2998662,-0.77838373,0.19237614,1.5025688,-1.0677738,-0.62285507,1.3773608,-0.87590396,-1.30257,0.34694314,1
0.4998662,-0.65283656,0.08825902,1.3025688,-0.86777383,-0.42285508,1.4613962,-0.675904,-1.1025699,0.14694314,1
0.2998662,-0.45283657,0.006155029,1.3215406,-0.66777384,-0.62285507,1.6613963,-0.475904,-0.90256995,0.34694314,1
0.4998662,-0.65283656,0.07613247,1.5215406,-0.46777385,-0.42285508,1.8613963,-0.5600519,-0.70256996,0.5469431,1
0.2998662,-0.45283657,0.14966373,1.7215407,-0.66777384,-0.5337471,1.6613963,-0.36005193,-0.70319426,0.34694314,1
0.41421223,-0.33832258,-0.05033627,1.6359675,-0.86777383,-0.3337471,1.8613963,-0.5600519,-0.90319425,0.14694314,1
0.3145978,-0.33828878,0.1446167,1.435945,-1.0317658,-0.5157478,1.9918809,-0.51637596,-1.0659918,-0.051267654,1
0.1071378,-0.48918626,-0.05177802,1.1554886,-1.1515815,-0.29519352,2.0491958,-0.6697419,-1.1617805,-0.024767386,1
0.3015665,-0.60888505,0.14553334,0.93815666,-0.93432045,-0.48621103,2.208397,-0.85396534,-0.9443344,0.17205401,1
0.4847376,-0.7817448,0.17705722,0.7133895,-1.096261,-0.27660787,2.3275888,-0.63202304,-0.71936,-0.027008332,1
0.58926374,-0.84485877,-0.019743837,0.78603435,-1.1155217,-0.41015378,2.1751637,-0.7160129,-0.7911724,-0.19535626,1
0.53692776,-0.58969384,0.164836,0.5359016,-1.2029843,-0.48067722,2.1719785,-0.83765185,-0.9063818,-0.36153522,1
0.33240584,-0.7790953,0.35993952,0.3756521,-1.3841548,-0.48647872,1.9455124,-0.758895,-1.091533,-0.5539988,1
0.22869177,-0.9170246,0.5599395,0.5756521,-1.1841547,-0.68647873,1.7455124,-0.82154,-1.291533,-0.35399884,1
0.41501746,-0.69415313,0.34845823,0.36366966,-1.3400034,-0.85820204,1.6480448,-0.85838526,-1.4439565,-0.14908661,1
0.21501745,-0.49415314,0.21384592,0.16366966,-1.5400034,-0.65820205,1.4480448,-0.7445784,-1.2439564,0.050913393,1
0.41501746,-0.69415313,0.41384593,0.36366966,-1.7400035,-0.45820206,1.2480447,-0.66813064,-1.4439565,0.2118057,1
0.6150175,-0.49415314,0.2727874,0.16366966,-1.7752868,-0.65820205,1.4480448,-0.54392415,-1.2439564,0.4118057,1
0.6175979,-0.3304021,0.0700131,0.3498084,-1.8999988,-0.82549167,1.5852295,-0.71556944,-1.004166,0.23951292,1
0.75019413,-0.3764981,0.2477529,0.30950952,-1.9268724,-0.57392544,1.6380532,-0.84008884,-0.7378696,0.40327895,1
0.91656584,-0.55609524,0.4319065,0.49147746,-1.6657566,-0.36069188,1.7730027,-0.7192357,-0.9046775,0.19608471,1
0.6931817,-0.7314211,0.22433855,0.2819655,-1.792001,-0.5423945,1.5895182,-0.88923776,-0.9408016,0.38315904,1
0.44709483,-0.70327604,0.11079204,0.43692675,-1.8058524,-0.39383307,1.6222912,-0.8397892,-1.034196,0.52866393,1
0.60243464,-0.4685417,0.28934225,0.58582634,-1.8674157,-0.1804554,1.3241297,-0.96802664,-1.1490163,0.6783741,1
0.6769618,-0.5640051,0.41282618,0.66295046,-1.744144,-0.32096544,1.2858089,-0.985388,-1.1380771,0.741027,1
0.4673827,-0.74866116,0.60051847,0.8456193,-1.513132,-0.51050264,1.4559686,-1.1615812,-0.91923726,0.53016126,1
0.2529164,-0.89733547,0.7572078,0.6106892,-1.620446,-0.3060874,1.3199581,-1.2265211,-1.0586829,0.31229848,1
0.42179203,-1.0219268,0.8348293,0.38246673,-1.6953452,-0.47130916,1.0429947,-1.3284909,-0.8705547,0.4770934,1
0.21379088,-0.9752398,0.7615651,0.5609904,-1.7033316,-0.2613056,0.857156,-1.4721334,-1.0310819,0.4169735,1
0.012343456,-0.7001589,0.8606441,0.6811207,-1.7035676,-0.36450785,0.71483904,-1.4966348,-1.1018739,0.55221915,1
0.1899091,-0.805056,0.94858575,0.4302897,-1.7024534,-0.14712739,0.81818515,-1.5173832,-1.1013597,0.35495034,1
-0.009724097,-0.9685222,1.1068347,0.22191864,-1.447839,0.05095069,0.5957141,-1.6549562,-1.2540553,0.14931788,1
0.19027591,-1.1685222,1.0669903,0.42191863,-1.247839,-0.14904931,0.3957141,-1.5138524,-1.4540553,0.34931788,1
0.24047346,-0.96852225,0.86699027,0.5528664,-1.2125808,-0.23899317,0.5957141,-1.3138523,-1.2540553,0.14931788,1
0.039807737,-1.1493019,1.0494399,0.7404829,-1.3893461,-0.4317724,0.7080746,-1.4889518,-1.0367177,0.34357214,1
0.21610965,-1.2159623,0.7654972,0.84754324,-1.4322851,-0.5693399,0.81833756,-1.5220475,-0.7540322,0.48985568,1
0.2401541,-1.3370463,0.5339803,0.61145365,-1.5413127,-0.34875542,0.58387566,-1.5561343,-0.90086097,0.6514079,1
0.0401541,-1.1370462,0.33398032,0.4457343,-1.7413127,-0.14875542,0.38387567,-1.3561343,-0.700861,0.8514079,1
-0.1598459,-1.3370463,0.13398032,0.24573429,-1.9413128,0.051244587,0.18387567,-1.1561342,-0.90086097,1.0514079,1
0.036680445,-1.4040793,0.3050883,0.11932757,-1.956072,0.023650413,0.15622829,-1.2388177,-0.89709985,0.8539648,1
0.21816473,-1.4785908,0.46557483,0.2943463,-1.6186929,0.20615405,0.32836026,-1.3262578,-0.99473274,0.97151226,1
0.018059136,-1.2711587,0.66170603,0.20748086,-1.8081213,0.0061182734,0.34426004,-1.5173861,-0.79011315,0.7670277,1
-0.17425618,-1.3236148,0.8253099,0.0071648885,-1.9233037,-0.1856927,0.52127194,-1.2617432,-0.7893378,0.56226057,1
-0.3736881,-1.2340313,1.0237536,-0.1925424,-1.7206879,0.014285589,0.3207843,-1.4595245,-0.6921106,0.7611035,1
-0.56430376,-1.4105736,1.2037357,-0.38612124,-1.4958125,0.21078034,0.4497829,-1.2389213,-0.8775175,0.55192506,1
-0.76430374,-1.3273565,1.1188912,-0.18612124,-1.2958125,0.0107803345,0.2497829,-1.4389213,-0.67751753,0.75192505,1
-0.9417797,-1.4916807,0.8974279,-0.3771023,-1.0702167,0.1222353,0.43927693,-1.6006397,-0.85702056,0.5390333,1
-1.107242,-1.6405091,1.0642319,-0.17174512,-1.0023385,0.312488,0.23203905,-1.3582717,-0.63714635,0.71667826,1
-0.88850784,-1.8025035,0.87993246,-0.14770085,-1.1098835,0.28971776,0.031377453,-1.5260942,-0.42811948,0.58002204,1
-1.053673,-1.6653764,0.65817297,-0.33657354,-0.8807651,0.11114192,0.22397281,-1.670855,-0.6080181,0.7550594,1
-1.105433,-1.8108381,0.44477728,-0.5208856,-0.66086143,-0.08626012,0.41157705,-1.72306,-0.3960888,0.53883106,1
-0.9491942,-1.801667,0.31169263,-0.32934487,-0.771313,-0.24488676,0.5479597,-1.7230198,-0.5340826,0.66197646,1
-0.93455523,-1.778863,0.1631927,-0.12934487,-0.68664885,-0.044886753,0.4900037,-1.5230198,-0.7340826,0.46197647,1
-0.94842845,-1.978863,0.3631927,0.07065514,-0.6294411,0.15511325,0.5067593,-1.3230197,-0.7331151,0.26197648,1
-0.74842846,-1.778863,0.1631927,-0.12934487,-0.4294411,0.35511327,0.7067593,-1.1230197,-0.93311507,0.46197647,1
-0.5484285,-1.8092359,0.3631927,-0.32629704,-0.22944109,0.15511326,0.90675926,-0.9230197,-1.133115,0.66197646,1
-0.74842846,-1.6092359,0.5631927,-0.52629703,-0.029441088,0.22046852,1.1067593,-0.7230197,-1.3331151,0.8596357,1
-0.6426388,-1.4092358,0.7631927,-0.32629704,-0.22944109,0.4204685,1.3067594,-0.643715,-1.1766535,0.6596357,1
-0.8426388,-1.2389187,0.713192,-0.52629703,-0.4294411,0.40715444,1.5067594,-0.44371504,-1.3766536,0.45963573,1
-1.0426388,-1.0389186,0.513192,-0.32629704,-0.50179344,0.20993206,1.7067595,-0.24371503,-1.3276119,0.25963575,1
-1.2426388,-1.1691394,0.713192,-0.52629703,-0.70179343,0.009932056,1.5067594,-0.44371504,-1.1276119,0.059635743,1
-1.0426388,-1.0744532,0.913192,-0.726297,-0.50179344,-0.19006795,1.3599129,-0.643715,-1.3276119,-0.14036426,1
-0.7898089,-1.1338954,1.0433996,-0.8682221,-0.657794,0.009309359,1.462113,-0.7908177,-1.4318372,-0.043413598,1
-0.9898089,-1.3338954,1.2433996,-0.6682221,-0.457794,0.20930937,1.262113,-0.5908177,-1.2318372,-0.037520643,1
-1.189809,-1.5338955,1.0433996,-0.8682221,-0.25779402,0.3931434,1.0621129,-0.7908177,-1.0504732,-0.23752065,1
-1.2761037,-1.5920393,0.90555876,-0.9808271,-0.42034024,0.17734163,0.836448,-0.90975535,-1.1481676,-0.03445095,1
-1.3941553,-1.3380152,1.0441817,-0.7374781,-0.40551642,-0.021400457,0.85002947,-1.0481453,-1.2733217,0.1563583,1
-1.3892533,-1.3792571,1.1157539,-0.84070903,-0.36621827,0.16016401,0.854657,-0.7605974,-1.3212415,-0.039136887,1
-1.1449792,-1.497163,0.88166183,-1.001965,-0.16003023,0.34675568,1.0153937,-0.5397273,-1.4646082,-0.2302342,1
-1.246415,-1.5727898,0.8427661,-0.7431946,-0.3180008,0.14984554,1.126326,-0.31483102,-1.4749714,-0.2081863,1
-1.046415,-1.7727898,0.8843459,-0.5431946,-0.5180008,-0.050154462,0.926326,-0.114831015,-1.3930045,-0.259169,1
-0.846415,-1.5727898,0.8294001,-0.579356,-0.71800077,0.005185064,0.726326,-0.17602503,-1.5930046,-0.45916903,1
-0.96585345,-1.3727897,1.0294001,-0.779356,-0.91800076,-0.19481494,0.926326,-0.37602502,-1.4620683,-0.25916904,1
-0.7003147,-1.3309926,1.1241928,-0.8955465,-1.0223266,0.0047413497,1.0299394,-0.37660068,-1.519835,-0.33842012,1
-0.7956667,-1.3530378,1.1702754,-0.83938134,-0.7316589,0.18094327,1.0477372,-0.50957954,-1.5199302,-0.47583693,1
-0.55388826,-1.444112,1.274168,-0.966482,-0.49436975,0.35422492,0.78827924,-0.6598115,-1.599299,-0.25649047,1
-0.75034475,-1.6363841,1.0691191,-1.1609992,-0.6847653,0.5516199,0.5855141,-0.45765024,-1.3927218,-0.056224942,1
-0.6620684,-1.8014277,1.2449609,-1.335092,-0.47553757,0.34492666,0.3781757,-0.25274578,-1.1700177,-0.25134757,1
-0.5151024,-1.7385488,1.0054187,-1.4770029,-0.6499747,0.37297207,0.17143339,-0.05074983,-1.3181752,-0.4342682,1
-0.59037185,-1.6381543,1.1227754,-1.5620279,-0.4521352,0.5336892,0.104230314,-0.23355846,-1.2903788,-0.21820682,1
-0.42819515,-1.4237691,1.3095444,-1.3484042,-0.64561224,0.46501395,0.30118728,-0.4292218,-1.4754714,-0.4140237,1
-0.57463634,-1.1702136,1.3808434,-1.41639,-0.40762013,0.54094064,0.4584569,-0.5755755,-1.5326236,-0.1957764,1
-0.35874093,-1.0481409,1.3211567,-1.3136164,-0.58183944,0.7095033,0.6305193,-0.5563379,-1.6591103,0.004044397,1
-0.15874092,-0.8481409,1.1211567,-1.5136164,-0.38183945,0.9095033,0.83051926,-0.3563379,-1.4591103,-0.13794355,1
0.04125908,-1.0481409,0.9211567,-1.3136164,-0.58183944,1.1095033,1.0305192,-0.51547664,-1.2591102,-0.32227388,1
-0.15844558,-0.8465629,1.1190708,-1.2318828,-0.78038484,1.0886482,1.0964568,-0.3148897,-1.4563956,-0.5213022,1
-0.35844558,-0.64656293,0.9190708,-1.0318828,-0.9803848,0.8886482,0.8964568,-0.14590831,-1.6563957,-0.32130224,1
-0.15826544,-0.8456005,1.1177984,-1.2304823,-0.7794976,1.0874106,1.0952102,-0.34551504,-1.4547398,-0.5207096,1
-0.35826546,-0.6456005,0.96772146,-1.0304823,-0.95909584,1.2874106,1.2952102,-0.54551506,-1.2547398,-0.3207096,1
-0.15462609,-0.43535376,1.0612122,-1.202187,-1.0109525,1.0624052,1.4608274,-0.7283717,-1.1772647,-0.117933825,1
0.041703917,-0.48716956,0.79155433,-1.2887732,-1.1130065,1.1602975,1.5264939,-0.48563513,-1.1368217,-0.17311682,1
-0.15829608,-0.28716958,0.59155434,-1.0887731,-1.1508453,0.9602975,1.3264939,-0.68563515,-1.3368218,0.026883185,1
0.04101708,-0.13145493,0.7785178,-1.2675477,-0.9351853,1.1411879,1.2240108,-0.8710491,-1.5115111,0.22314653,1
-0.15019508,-0.05595511,0.77024496,-1.145484,-0.7312516,1.0419431,1.3452982,-1.0118464,-1.6169068,0.021867093,1
-0.253497,-0.24721612,0.5507753,-0.9132027,-0.5131133,1.1995399,1.3792161,-1.1704708,-1.6585953,-0.10941723,1
-0.049354155,-0.1254977,0.323611,-1.0269954,-0.6578893,1.2911586,1.0878967,-1.2643406,-1.7146643,-0.017603666,1
-0.12951079,-0.18294835,0.48231545,-1.1302263,-0.42177704,1.1573473,1.0111206,-1.3357767,-1.7636609,-0.07214598,1
-0.12295103,0.015635204,0.6256368,-1.2197269,-0.5701272,1.244595,0.94400555,-1.0414298,-1.8005433,0.117233425,1
0.065790586,-0.1776649,0.410169,-0.9826696,-0.7421404,1.006634,1.1024319,-1.1138917,-1.9278427,0.30570504,1
0.04599287,0.02227765,0.6085996,-0.7806565,-0.9397172,1.2035306,0.9001108,-1.3105123,-1.7233986,0.43390185,1
0.21358204,-0.15430652,0.7020624,-0.6468686,-0.9895536,1.2186081,0.9551655,-1.3114946,-1.6699809,0.3658187,1
0.40701357,0.04496779,0.71186274,-0.43977147,-0.77701396,1.0024307,0.783726,-1.4874892,-1.8402821,0.55683243,1
0.43239093,-0.15503222,0.51186275,-0.63977146,-0.57701397,0.9752546,0.80587435,-1.6874893,-1.640282,0.681704,1
0.6207489,0.044584654,0.70579755,-0.43602458,-0.7703937,1.1652412,0.9973042,-1.4748156,-1.4280106,0.87419176,1
0.77162373,-0.15541536,0.90579754,-0.23602457,-0.8056887,0.96524125,1.1973042,-1.2748156,-1.2280105,0.6741918,1
0.9716237,-0.35541534,1.1057975,-0.03602457,-0.7435526,0.76524127,0.99730426,-1.1754286,-1.0280105,0.87419176,1
0.77162373,-0.55541533,1.3057976,-0.20995241,-0.8477874,0.6238328,0.7973043,-0.97542864,-1.2280105,0.6741918,1
0.57162374,-0.40733987,1.1057975,-0.4099524,-0.9278576,0.42383283,0.65429676,-0.77542865,-1.0280105,0.47419178,1
0.37162375,-0.26811793,1.3057976,-0.6099524,-1.1278576,0.22383283,0.85429674,-0.87468934,-1.0627675,0.2741918,1
0.25352967,-0.06811793,1.1480002,-0.4099524,-1.3278576,0.023832828,0.65429676,-1.0746894,-0.9286438,0.074191794,1
0.45352966,0.13188207,0.94800025,-0.55688035,-1.5278577,0.040536962,0.45429677,-1.2746894,-0.95816904,0.2741918,1
0.25352967,-0.06811793,0.74800026,-0.75688034,-1.7278577,-0.15946305,0.65429676,-1.4746895,-1.158169,0.47419178,1
0.45352966,-0.26811793,0.5480003,-0.55688035,-1.804151,-0.35946304,0.85429674,-1.6746895,-0.95816904,0.2741918,1
0.22652426,-0.4182551,0.66832495,-0.67625916,-1.7906735,-0.22872199,0.7449722,-1.6750019,-1.0348035,0.42368194,1
0.112516895,-0.21825509,0.6061308,-0.87625915,-1.5906734,-0.26674107,0.54497224,-1.703527,-1.2348036,0.22549249,1
-0.08134594,-0.016974442,0.37763965,-1.0007567,-1.665053,-0.24555472,0.32077155,-1.7699896,-1.3341483,0.023704125,1
0.11424571,0.17622562,0.55617857,-1.1561451,-1.70577,-0.043862216,0.50142336,-1.7052872,-1.0920112,0.21539284,1
0.27992052,0.33513033,0.6735809,-1.2080128,-1.697602,-0.21722504,0.6248066,-1.6971719,-0.79457647,0.25526416,1
0.44553974,0.4967944,0.4396543,-1.307145,-1.3903161,-0.015991066,0.7657187,-1.7612615,-0.92332655,0.4226497,1
0.44820258,0.29284152,0.6311349,-1.4870719,-1.5691353,0.18155819,0.5904773,-1.5404675,-0.71369284,0.6143569,1
0.24624418,0.09210897,0.824577,-1.2769164,-1.7551763,0.37854755,0.5903802,-1.3298907,-0.9064835,0.676479,1
0.41498935,0.21723233,0.58083177,-1.3734735,-1.8182364,0.24162237,0.7350221,-1.4227376,-0.65700155,0.44310653,1
0.19485907,0.37816527,0.34517303,-1.4261432,-1.8292612,0.4002716,0.8474724,-1.4707946,-0.47914597,0.22034353,1
0.3104108,0.17770696,0.5437706,-1.62196,-1.8653926,0.19975641,0.64580685,-1.389616,-0.27842787,0.020291194,1
0.09867966,0.2734969,0.6647451,-1.5513189,-1.8459448,0.021459516,0.75593996,-1.4207195,-0.2629029,0.0020466405,1
-0.019074587,0.12429434,0.44429463,-1.2918559,-1.9559157,0.2117145,0.91387516,-1.549402,-0.06013493,-0.089643896,1
-0.21422945,-0.07403132,0.2388917,-1.0677079,-2.1082346,0.3545162,1.0892402,-1.3850701,-0.2543817,0.107915424,1
-0.39732885,0.12082914,0.4209849,-1.2159853,-1.9780806,0.14821193,0.8529591,-1.5203991,-0.4358429,-0.08832752,1
-0.24223039,-0.075289525,0.59054124,-1.3465669,-1.6909105,0.3311409,1.001338,-1.6360569,-0.22428074,-0.2741923,1
-0.22377639,0.11804578,0.7482936,-1.4639163,-1.5205095,0.12413255,1.1371368,-1.5760477,-0.18863243,-0.30503792,1
-0.40738404,0.0722124,0.91161203,-1.2150259,-1.6539574,0.035897262,1.2854142,-1.4080391,-0.37359947,-0.10097487,1
-0.18710925,0.2455997,1.002936,-0.9157924,-1.6727064,0.21283491,1.3401936,-1.4508301,-0.5166426,-0.22118473,1
0.012271464,0.043409016,0.7643617,-1.0621879,-1.7827387,0.012218297,1.0854169,-1.5715216,-0.6774576,-0.02016698,1
0.20205519,0.23169415,0.83716905,-0.82069224,-1.8873128,0.20200458,1.223552,-1.3055125,-0.83522695,0.17117795,1
0.3966501,0.4258906,1.0232258,-0.6123479,-1.6646291,0.25583693,1.0097916,-1.485273,-1.0213097,0.366188,1
0.5966501,0.5020923,1.2232258,-0.4123479,-1.464629,0.06697084,1.2097917,-1.285273,-1.035513,0.47575974,1
0.7618106,0.28888106,1.1246947,-0.4200264,-1.5918306,-0.030716497,1.348138,-1.0378112,-1.181481,0.2637001,1
0.7330963,0.37253585,1.2610343,-0.23073015,-1.6268896,-0.21962902,1.4737396,-0.8635037,-0.93431425,0.4414162,1
0.53130347,0.3743254,1.0574658,-0.1419725,-1.4220908,-0.41821778,1.6681106,-1.059927,-1.1304995,0.24060428,1
0.32335332,0.17014217,0.83688956,-0.13748159,-1.2543806,-0.2129813,1.8232824,-1.229693,-1.2985721,0.074734606,1
0.4855737,0.34342247,0.962039,-0.3131196,-0.9782673,-0.012044207,1.8063083,-1.326487,-1.2766119,-0.116222784,1
0.5556076,0.5363948,0.75218415,-0.111656696,-1.1630297,-0.20930201,1.7235842,-1.1119189,-1.4575161,-0.3121333,1
0.3547723,0.33560458,0.55088705,-0.31092462,-1.3598279,-0.40834054,1.9190657,-0.9097768,-1.2545621,-0.5109303,1
0.5547723,0.13560458,0.35088706,-0.11092462,-1.1598278,-0.60834056,1.7190657,-0.7097768,-1.0545621,-0.49880004,1
0.57329,-0.06439543,0.55088705,-0.31092462,-1.3598279,-0.40834057,1.9190657,-0.6238808,-0.8545621,-0.29880005,1
0.77329,0.13560458,0.35088706,-0.51092464,-1.5598279,-0.4613378,1.7190657,-0.8238808,-0.6545621,-0.09880005,1
0.706296,0.1509782,0.48515755,-0.66214126,-1.6390693,-0.6159571,1.7873802,-0.9536225,-0.7959224,0.031258646,1
0.4764924,-0.046136092,0.64482504,-0.43493685,-1.7308106,-0.39147136,1.8703911,-1.0857134,-0.5608428,-0.15880823,1
0.49091724,-0.24269323,0.43860298,-0.23165064,-1.9038031,-0.5831981,1.8509614,-0.87332433,-0.5373957,-0.109237954,1
0.6518849,-0.040281337,0.60252607,-0.4072652,-1.9849519,-0.73895246,1.5576928,-1.0126884,-0.31833506,0.07179074,1
0.77755475,0.1457826,0.48791113,-0.18918052,-1.9943066,-0.49192685,1.6043276,-1.1068769,-0.26138186,-0.11702252,1
0.5222515,-0.049025856,0.6220408,-0.19285512,-1.9841926,-0.26397365,1.6315558,-1.181738,-0.39161497,-0.2866663,1
0.70365256,-0.24645868,0.41769007,-0.3888052,-1.7657995,-0.4591906,1.8126746,-1.1793013,-0.18963964,-0.27764985,1
0.90365255,-0.046458676,0.21769007,-0.5888052,-1.5657995,-0.5926748,1.6126746,-1.3793013,0.01036036,-0.07764985,1
0.84265256,-0.23385632,0.396332,-0.7479899,-1.295961,-0.75214237,1.7199858,-1.4985458,-0.0070548323,-0.26345256,1
0.5859322,-0.030868167,0.3465439,-0.49962446,-1.363928,-0.8681065,1.7505285,-1.5486326,0.17591587,-0.42254835,1
0.7859322,-0.23086818,0.1465439,-0.6996245,-1.1639279,-0.6681065,1.5505284,-1.3486326,-0.0038261563,-0.62254834,1
0.72637016,-0.43086818,0.3465439,-0.51081276,-1.155176,-0.8681065,1.6205844,-1.5486326,0.19617385,-0.42254835,1
0.92637014,-0.629498,0.1465439,-0.4338031,-0.95517606,-0.96914715,1.4428779,-1.3486326,-0.0038261563,-0.22254835,1
1.1263702,-0.42949802,-0.053456098,-0.44718397,-1.155176,-0.76914716,1.6428779,-1.4621797,0.19617385,-0.13144025,1
0.9254849,-0.22927868,0.14640385,-0.64656544,-1.353881,-0.5686032,1.6331116,-1.6605911,-0.0038224997,-0.2655075,1
0.71958536,-0.02904059,-0.053160317,-0.55742824,-1.5412451,-0.3656058,1.818205,-1.4487138,-0.20216505,-0.46172208,1
0.6561327,0.07265377,-0.25316033,-0.7574282,-1.7249316,-0.1656058,1.618205,-1.2487137,-0.40216506,-0.2617221,1
0.4561327,0.005403504,-0.45316035,-0.9574282,-1.6393095,0.034394205,1.6490774,-1.0487137,-0.60216504,-0.46172208,1
0.5941214,0.18599075,-0.36404315,-1.0480393,-1.6654758,0.21224153,1.6743206,-1.1306974,-0.6242654,-0.3018663,1
0.75428396,0.36662737,-0.15581386,-1.172544,-1.7718935,0.16607021,1.4003606,-1.2639425,-0.40298194,-0.09675612,1
0.52072775,0.5323239,0.03932795,-1.2894506,-1.4767314,0.34390843,1.5034752,-1.3753159,-0.56647754,0.09699352,1
0.32072777,0.58680975,-0.16067205,-1.2194079,-1.3296947,0.5439084,1.7034752,-1.1753159,-0.7664775,-0.10300648,1
0.12072776,0.38680977,-0.36067206,-1.0194079,-1.1997226,0.7439084,1.5034752,-1.3753159,-0.5800638,0.09699352,1
0.3049988,0.17764834,-0.5331758,-0.8626549,-1.3310782,0.8976177,1.6199342,-1.4440974,-0.7418083,-0.09795489,1
0.09955739,-0.02119333,-0.6951802,-0.6283139,-1.4517325,0.9099284,1.7256191,-1.1796241,-0.8930006,0.096756786,1
0.27426744,-0.20251922,-0.8196051,-0.6221709,-1.5122861,0.6499931,1.76305,-1.2631502,-0.6344945,-0.09452698,1
0.19490184,-0.37047026,-0.9384232,-0.75670886,-1.2078005,0.41416425,1.80675,-1.3466529,-0.7680512,-0.27107647,1
0.35197982,-0.50846565,-1.0146877,-0.85272384,-1.0681392,0.54741055,1.7886358,-1.3785467,-0.56270903,-0.06335115,1
0.15197982,-0.3550725,-0.81468767,-0.89803976,-0.8681392,0.74741054,1.6608009,-1.5785468,-0.762709,0.13664886,1
0.0579015,-0.5550725,-0.6146877,-1.0980397,-1.0681392,0.5708186,1.4608009,-1.3830037,-0.9391738,-0.06335114,1
0.23354356,-0.6837584,-0.37552184,-1.1754442,-1.1483678,0.44576812,1.5039438,-1.4334943,-1.0315827,-0.23847851,1
0.033543557,-0.88375837,-0.5755218,-0.97544426,-1.2719703,0.24576811,1.3039438,-1.2334943,-1.2315828,-0.03847851,1
0.23354356,-0.6837584,-0.64742786,-0.77544427,-1.4719703,0.44576812,1.486917,-1.0334942,-1.0315827,-0.15633835,1
0.3888972,-0.73069465,-0.7601597,-0.8749929,-1.4997908,0.2204589,1.5131983,-1.0780342,-1.1047543,-0.031712797,1
0.5467186,-0.8640354,-0.80149275,-0.9979986,-1.2066957,0.39034435,1.5904938,-0.8151467,-1.2113038,-0.21511681,1
0.33629966,-0.8620903,-0.58341783,-1.1619986,-0.97644424,0.18462446,1.7366892,-0.7471875,-1.368894,-0.13155793,1
0.53629965,-1.0620903,-0.6604044,-0.96199864,-0.77644426,-0.01537554,1.5366892,-0.5471875,-1.1688939,0.06844208,1
0.73629963,-1.025945,-0.62035286,-0.76199865,-0.57644427,0.09942213,1.3366891,-0.5980138,-1.368894,-0.13155793,1
0.53629965,-1.225945,-0.82035285,-0.96199864,-0.77644426,0.29942214,1.5366892,-0.39801383,-1.4390762,-0.19198602,1
0.67969424,-1.3163209,-0.5726612,-0.9499475,-0.9013769,0.09177874,1.6031756,-0.41329142,-1.4156742,-0.09463651,1
0.813895,-1.1403099,-0.34478697,-0.89656705,-1.0189962,-0.10012654,1.6683019,-0.19733767,-1.4948252,0.09748253,1
0.9044006,-0.8387623,-0.48595336,-0.8906255,-1.0873522,0.08908774,1.6665369,-0.35442767,-1.5117946,0.26535627,1
0.974947,-0.56388897,-0.6055485,-0.9627865,-1.1364536,-0.097911544,1.6477486,-0.48943976,-1.4189286,0.41080898,1
1.174947,-0.36388898,-0.4055485,-0.7627865,-1.0294571,-0.29791155,1.4477485,-0.6894398,-1.6189287,0.61080897,1
0.96883273,-0.16286115,-0.60175085,-0.55925703,-0.8242552,-0.097297505,1.6374148,-0.8838617,-1.5998667,0.805724,1
0.76883274,-0.36286116,-0.80175084,-0.35925704,-0.68513167,-0.18427756,1.4374148,-0.68386173,-1.7949302,1.0057241,1
0.91875356,-0.3057257,-0.92334783,-0.5303489,-0.839379,0.014909742,1.5527765,-0.45885083,-1.7373352,0.76407605,1
1.1155885,-0.50429493,-0.72130144,-0.32941434,-1.0364385,0.21430175,1.4381107,-0.6569869,-1.5329859,0.9499421,1
1.1267662,-0.6595129,-0.48815492,-0.49575198,-1.1578206,0.3879587,1.1593864,-0.42792976,-1.6227955,1.076824,1
0.9267662,-0.5135337,-0.5865578,-0.69575197,-1.3578206,0.1879587,0.9593864,-0.22792976,-1.4227954,0.87682396,1
0.7267662,-0.31353372,-0.7865578,-0.89575195,-1.1578206,0.14675862,0.7593864,-0.19666335,-1.6227955,0.8561303,1
0.52676624,-0.5135337,-0.5865578,-0.69575197,-0.9578206,0.049836785,0.9593864,-0.16240066,-1.4227954,1.0561303,1
0.32676625,-0.7135337,-0.38655782,-0.89575195,-0.7578206,-0.062018476,1.1593864,0.03759934,-1.6227955,0.8561303,1
0.52676624,-0.5135337,-0.50663483,-0.69575197,-0.9578206,0.041251414,0.9593864,-0.16240066,-1.8227955,1.0561303,1
0.7154988,-0.30867285,-0.451612,-0.88186467,-1.1398703,0.23751116,0.74761325,0.037016418,-1.9914349,1.2366558,1
0.82857907,-0.4603782,-0.47561616,-0.6252219,-1.2126597,0.39597276,0.49562153,-0.14750952,-1.9745865,1.3002563,1
0.87810785,-0.5637712,-0.57677996,-0.70449984,-1.2060012,0.43242517,0.5938588,-0.033559274,-1.8564653,1.2807832,1
1.0479199,-0.7423849,-0.75502944,-0.4903734,-1.0854461,0.22591706,0.77163,-0.22701941,-1.6100827,1.43932,1
1.1172956,-0.48561153,-0.7873749,-0.6181095,-1.1508938,0.02320422,0.5117954,-0.38232175,-1.6206149,1.4677265,1
1.2309958,-0.361051,-0.5488943,-0.7645128,-0.9095102,0.095376514,0.5289674,-0.17037731,-1.7013412,1.5584689,1
0.9456184,-0.14771426,-0.32000217,-0.88464093,-1.017631,0.27091622,0.66860116,-0.023762373,-1.74389,1.6128491,1
0.72626805,-0.33869034,-0.50650704,-1.0564922,-0.90236634,0.06907579,0.84605914,-0.21795528,-1.5325216,1.7476038,1
0.86647904,-0.14854491,-0.28672257,-0.8012071,-0.6570298,-0.12247328,0.97853786,-0.390977,-1.6206905,1.8218894,1
0.6079503,-0.31793645,-0.079106785,-0.5484105,-0.7817673,0.0707185,1.0750413,-0.5390787,-1.6608015,1.8443316,1
0.38340417,-0.11084027,-0.26231307,-0.3274468,-0.9226948,-0.059468415,0.8223905,-0.6946087,-1.7488381,1.8954005,1
0.5099056,0.089159735,-0.062313065,-0.5274468,-1.1226948,-0.13034771,0.6223905,-0.8946087,-1.6390479,1.6954005,1
0.70990556,0.28915974,0.13768694,-0.32744682,-1.1728264,0.015505731,0.8223905,-0.6946087,-1.4390478,1.8599713,1
0.823873,0.16216461,0.3057583,-0.47757614,-1.0984051,-0.16705014,0.92572236,-0.4478429,-1.4840741,1.8651989,1
1.0055526,0.35568434,0.49670866,-0.6654521,-0.8823298,-0.36048245,0.72890526,-0.568319,-1.6539407,1.635403,1
0.78322124,0.5402797,0.5275222,-0.45254892,-0.66341436,-0.15603358,0.7649723,-0.35810855,-1.802546,1.7845223,1
0.8483965,0.32226148,0.30864468,-0.34569088,-0.81364936,-0.14812514,0.9093538,-0.30676007,-1.6909148,1.8701395,1
0.893069,0.109237105,0.45445934,-0.48755905,-0.9056664,-0.31103978,0.63378716,-0.3901194,-1.6894778,1.8496097,1
0.69306904,-0.0907629,0.65445936,-0.68755907,-0.7056664,-0.18796334,0.82946455,-0.1901194,-1.8894778,1.6496097,1
0.88883704,-0.20189607,0.45230582,-0.84610814,-0.5375845,0.011979628,0.6264817,-0.38827074,-2.0795765,1.4462768,1
1.0201855,-0.043901306,0.6111777,-0.60537076,-0.6910795,-0.17616563,0.69245166,-0.55118,-2.1358483,1.1676985,1
0.7508523,0.14290312,0.7426059,-0.6059133,-0.81575334,0.021819573,0.8170095,-0.68768007,-2.1383908,1.057427,1
0.83821845,-0.050333437,0.8309489,-0.71044827,-0.68487173,0.1955438,0.70847064,-0.78252935,-2.0613952,1.1084777,1
0.91818255,0.14966656,0.6309489,-0.79784155,-0.8848717,0.36747807,0.6852498,-0.71973574,-1.8613951,1.3084778,1
0.71528006,0.32403812,0.7700454,-0.9247058,-0.6346748,0.15520294,0.8203664,-0.48164228,-1.9103074,1.3979156,1
0.85959727,0.4921573,0.53536564,-0.69613755,-0.7838958,0.33359352,0.9582906,-0.6401733,-1.981923,1.1250381,1
0.6430992,0.6748448,0.32697737,-0.87372303,-0.9592862,0.5202471,0.7393239,-0.42916355,-2.127348,0.90190077,1
0.4430992,0.8748448,0.12697737,-1.0737231,-0.8358163,0.5621731,0.6462377,-0.62916356,-1.9273479,1.1019008,1
0.6430992,1.0748448,-0.073022634,-0.8737231,-0.63581634,0.7621731,0.54675585,-0.42916358,-1.9402905,0.9817129,1
0.428591,1.2331033,0.12281981,-0.6516637,-0.42154664,0.9306691,0.7223052,-0.22166018,-1.9836367,1.1430206,1
0.2198188,0.99345773,-0.07421839,-0.6430833,-0.5871666,1.0872796,0.8869116,-0.020828966,-2.0998392,0.9068321,1
0.41981882,0.79345775,-0.27421838,-0.4430833,-0.7871666,0.9911148,0.6869116,-0.22082897,-1.8998392,1.1068321,1
0.34540734,0.59345776,-0.19831416,-0.24308328,-0.96551543,0.7911148,0.4869116,-0.020828962,-2.0998392,1.051617,1
0.14540733,0.47770992,-0.39831418,-0.4430833,-0.76551545,0.5911148,0.2869116,-0.22082897,-2.2998393,0.85161704,1
-0.05459267,0.2777099,-0.59831417,-0.6430833,-0.96551543,0.7911148,0.4869116,-0.42082897,-2.0998392,0.65161705,1
-0.25459266,0.0777099,-0.39831418,-0.4430833,-1.1655154,0.5911148,0.39985678,-0.620829,-2.2773898,0.85161704,1
-0.0511404,0.030083299,-0.5604788,-0.22771153,-0.90445954,0.7410874,0.5619239,-0.76892257,-2.320728,0.98511636,1
0.14372091,0.22214073,-0.5453906,-0.026754912,-0.68014127,0.9086006,0.34943014,-0.54928315,-2.388028,1.1032652,1
-0.049851384,0.28284842,-0.66025853,0.15345854,-0.757071,0.98198587,0.486679,-0.30939108,-2.292446,1.1544175,1
0.14733766,0.0812974,-0.45164198,0.34684137,-0.93915355,1.1349368,0.28131202,-0.49985468,-2.2959087,0.9365497,1
0.34733766,0.2812974,-0.251642,0.14684136,-0.73915356,0.9349368,0.48131204,-0.2998547,-2.4959087,0.73654974,1
0.22663042,0.07929091,-0.2321746,0.3382811,-0.52584696,1.1069258,0.2743691,-0.09739022,-2.6293721,0.5233074,1
0.3131153,-0.117650576,-0.031359363,0.13477734,-0.31759068,0.88394624,0.46234956,0.100009866,-2.7576816,0.39770028,1
0.36979955,0.079492226,0.044816896,0.3231619,-0.49963233,1.0463375,0.25324705,0.05742153,-2.6468315,0.5769624,1
0.20227842,0.100064956,-0.1551831,0.5231619,-0.2996323,0.8463375,0.4301654,-0.14257847,-2.5572312,0.7769624,1
0.0021358237,0.013032664,0.04201205,0.6779031,-0.093396865,0.98085296,0.5907268,0.053827837,-2.525298,0.91581964,1
-0.1736713,-0.060758352,-0.13867074,0.7705618,-0.2575232,1.0364699,0.69404453,0.22279228,-2.3920758,0.9793883,1
-0.3736713,-0.26075834,0.041411087,0.5705618,-0.057523206,0.83646995,0.8940445,0.02279228,-2.1920757,0.7793883,1
-0.17367129,-0.16702667,0.24082348,0.37056184,-0.2575232,1.0364699,1.0940446,0.009689748,-1.9920757,0.5793883,1
0.026328713,0.032973334,0.040823475,0.34781924,-0.057523206,0.83646995,0.8940446,-0.19031025,-1.7920756,0.37938833,1
-0.17367129,-0.16702667,0.24082348,0.54781926,-0.23461552,1.0364699,0.6940446,-0.39031026,-1.5920756,0.5793883,1
-0.3736713,-0.3670267,0.4408235,0.34781927,-0.35468194,1.23647,0.8940446,-0.5903103,-1.3920755,0.7793883,1
-0.36677477,-0.16702668,0.6408235,0.27937314,-0.55468196,1.43647,1.0940446,-0.3903103,-1.1920755,0.9793883,1
-0.16677476,0.03297332,0.8408235,0.079373136,-0.35468197,1.23647,1.2940446,-0.5903103,-1.3920755,0.7793883,1
0.03322524,-0.16702668,1.0408235,0.27937314,-0.55468196,1.0364699,1.4940447,-0.79031026,-1.1920755,0.5793883,1
0.23322524,0.03297332,1.2408235,0.27270696,-0.35468197,0.83646995,1.6940447,-0.99031025,-1.3920755,0.7793883,1
0.40146065,0.025026849,1.3351806,0.43804753,-0.514012,0.5898032,1.7551711,-0.73236376,-1.3527302,0.8970356,1
0.20033723,0.22377202,1.1288505,0.23672009,-0.7100304,0.38762954,1.9442683,-0.5293951,-1.5440716,0.6931487,1
0.00030698403,0.16005208,1.2096733,0.39755306,-0.46428856,0.5349283,1.9519607,-0.31483346,-1.5876554,0.6491478,1
0.20030698,0.36005208,1.0096732,0.5975531,-0.26428854,0.33492833,2.1309068,-0.11483346,-1.3876554,0.60880077,1
0.38173816,0.15262783,1.1535608,0.76055735,-0.44275182,0.5101149,2.2227843,-0.30022946,-1.1325642,0.38983795,1
0.5480374,-0.044627853,0.8983199,0.90491116,-0.5246528,0.66897714,2.2824297,-0.09442305,-0.90656453,0.555668,1
0.7480374,-0.24462786,0.6983199,1.1049112,-0.3246528,0.46897715,2.0824296,-0.28994402,-1.1065645,0.48265335,1
0.94344264,-0.04441157,0.89396614,0.9005255,-0.52211,0.4623661,1.903051,-0.48756948,-1.3002322,0.67934483,1
1.0229658,-0.21865958,0.9787023,0.98457056,-0.64602613,0.23472238,1.8814666,-0.61512494,-0.98430806,0.78669417,1
0.8229658,-0.41865957,1.1787024,0.7845706,-0.8460261,0.43472236,1.6814666,-0.8151249,-0.7843081,0.5866942,1
1.0096256,-0.30143735,1.360723,0.971731,-0.63760144,0.62644506,1.8569309,-0.6071032,-0.57668823,0.3816514,1
0.7996181,-0.49523932,1.5414317,0.762192,-0.7877184,0.5532536,1.6364502,-0.79712695,-0.76708794,0.5744618,1
0.8945049,-0.62213254,1.5583143,0.82677794,-0.5259178,0.31610778,1.5162606,-0.8922757,-0.86539537,0.6930245,1
0.9906274,-0.7163414,1.5914359,0.9293283,-0.65702224,0.4671249,1.5533733,-0.626573,-0.6022439,0.5394897,1
1.128809,-0.48953247,1.698423,0.69146097,-0.43329325,0.6324872,1.6623367,-0.71761554,-0.38135904,0.33441937,1
1.2547494,-0.27339575,1.7926167,0.84177643,-0.22029093,0.40838304,1.380835,-0.8664733,-0.5489577,0.50463414,1
1.3722543,-0.069233656,1.5023034,0.9826999,-0.019140279,0.5738832,1.4911898,-0.6286793,-0.70648617,0.6646761,1
1.5346105,0.12763546,1.2711228,0.7769613,-0.21389349,0.56515235,1.6506984,-0.4184156,-0.84820807,0.65174943,1
1.2496616,0.30678123,1.3774848,0.5402373,-0.21495289,0.4136155,1.7329001,-0.579053,-0.9814889,0.79753494,1
1.1921763,0.1723634,1.425509,0.7402373,-0.41495287,0.21361549,1.5329001,-0.779053,-0.79771954,0.99753493,1
1.3645189,0.3649659,1.2011626,0.9160108,-0.602736,0.40539846,1.4717996,-0.5675493,-0.66158324,1.1266696,1
1.319799,0.17910561,1.303614,0.6661623,-0.74684966,0.4582092,1.5554093,-0.71411264,-0.8016,0.86215514,1
1.178199,0.33047456,1.5036141,0.46616232,-0.7014023,0.6224316,1.3554093,-0.9141126,-1.0016,0.66215515,1
1.2601142,0.48502317,1.5576475,0.4014557,-0.45844185,0.7519651,1.422141,-1.0186548,-0.74030286,0.45345557,1
1.0577813,0.28439593,1.3546599,0.60013217,-0.6569929,0.9498702,1.2194515,-1.2159731,-0.9382337,0.6520176,1
0.77777225,0.43921414,1.4096498,0.36281008,-0.41436714,1.0426167,1.287053,-1.2838991,-1.0320655,0.67424595,1
0.5344184,0.29415008,1.4888678,0.15059341,-0.5682673,1.1493754,1.1970701,-1.3725529,-0.87959594,0.8086458,1
0.7043363,0.09029365,1.619691,-0.047382873,-0.5328218,1.055342,1.3398455,-1.1245246,-1.0353752,0.5837154,1
0.48747686,-0.10603898,1.7588607,0.1475153,-0.3216959,1.1369591,1.4883702,-0.8936187,-0.8074495,0.75751656,1
0.28747684,-0.1718889,1.9425846,0.14812772,-0.5216959,0.9369591,1.2883701,-0.7805911,-0.60744953,0.5575166,1
0.08593341,-0.36532736,1.8939716,0.34198543,-0.63925594,0.72395635,1.4621097,-0.9632897,-0.7764381,0.74415106,1
0.2859334,-0.56532735,2.0939715,0.14198543,-0.43925595,0.52395636,1.2977961,-0.7632897,-0.759971,0.54415107,1
0.22561455,-0.36532736,1.8939714,0.34198543,-0.23925595,0.72395635,1.0977961,-0.83010787,-0.959971,0.74415106,1
0.41892236,-0.5564384,1.7365088,0.53346354,-0.4323493,0.5157179,1.2773902,-1.0139109,-1.1417322,0.89367145,1
0.20171669,-0.696988,1.7843138,0.55338556,-0.21408837,0.6594678,1.3612784,-0.9387581,-0.8677191,1.007717,1
0.0014983945,-0.78292716,1.7319888,0.65758514,-0.012296889,0.40104198,1.3513485,-0.99395376,-0.9319481,1.0541439,1
0.18671802,-0.57179207,1.5388491,0.4240202,-0.1967244,0.5569541,1.4375534,-1.1063744,-1.048917,1.1621494,1
-0.013015938,-0.3643448,1.6318668,0.2195329,-0.38877773,0.34980404,1.6047521,-0.9592757,-1.2239003,0.9428769,1
-0.18969525,-0.50256115,1.5851345,0.01739447,-0.5243192,0.48961225,1.6071703,-0.6761513,-1.2680137,1.0177563,1
0.009618637,-0.6557832,1.2929093,-0.17044728,-0.44866338,0.6436964,1.6868452,-0.8178153,-1.203015,1.1366756,1
0.1981368,-0.43081772,1.4111354,-0.13767417,-0.23504287,0.77909636,1.6376512,-0.9620646,-0.9480749,1.2634594,1
0.30628616,-0.6308177,1.2111354,0.062325835,-0.43504286,0.5790964,1.8376513,-0.76206464,-1.1480749,1.0634594,1
0.46215367,-0.7583961,0.9229956,-0.12567323,-0.57968676,0.626347,1.8600311,-0.8782024,-1.0266808,1.1533248,1
0.66215366,-0.5583961,1.1229956,0.07432677,-0.37968677,0.42634702,1.6600311,-0.76734334,-1.2266809,0.95332485,1
0.86215365,-0.3583961,1.0153627,-0.12567323,-0.57968676,0.22634701,1.6179696,-0.96734333,-1.4266809,0.75332487,1
1.0126452,-0.5323685,0.7773575,-0.31049314,-0.7433444,0.036809802,1.7332315,-1.1129318,-1.1695036,0.908889,1
0.89629847,-0.73236847,0.95584714,-0.51049316,-0.9433444,0.2368098,1.5332315,-0.91293186,-1.2942289,0.708889,1
1.0763446,-0.9153983,0.74208987,-0.6975614,-1.1225343,0.036139823,1.3089652,-0.714879,-1.4419756,0.633336,1
1.168746,-0.6550886,0.79921895,-0.45561585,-0.9942163,0.21623272,1.3817561,-0.75571924,-1.5035534,0.7630839,1
0.8814916,-0.7780713,0.90921986,-0.59656495,-1.086654,0.014770643,1.3536339,-0.86963814,-1.5501153,0.51236725,1
0.96805114,-0.5174359,0.9928709,-0.71301115,-0.7936505,-0.16580017,1.3906692,-0.957441,-1.5665412,0.58213645,1
1.053935,-0.28642312,1.0763301,-0.8238119,-0.89657295,0.030858584,1.3075036,-0.8922391,-1.593954,0.34480256,1
1.106805,-0.4293488,1.1265723,-0.5506171,-0.9110009,-0.14929526,1.2239448,-0.9640816,-1.5834609,0.4808783,1
0.906805,-0.6293488,1.3265723,-0.3506171,-0.7110009,-0.021652669,1.3611293,-1.0578175,-1.3834609,0.6808783,1
0.9870905,-0.6811618,1.361455,-0.38082123,-0.76279354,-0.19767824,1.035539,-1.1217692,-1.4121903,0.78560054,1
1.1870905,-0.8811618,1.2295619,-0.5808212,-0.56279355,0.0023217648,0.83553904,-1.0817406,-1.2121903,0.98560053,1
1.2963818,-1.0104593,0.96223366,-0.35591742,-0.71291065,-0.18475106,0.593978,-1.1750818,-1.3198402,1.1080682,1
1.4817485,-0.8025337,0.8084995,-0.15439267,-0.5078948,-0.3809885,0.39012522,-1.3616347,-1.5049773,0.89918804,1
1.2379049,-0.7732095,0.9740027,-0.3422703,-0.68368053,-0.17479761,0.5699394,-1.3467121,-1.6466569,0.67527163,1
1.0379049,-0.9732095,1.1740028,-0.14227031,-0.48368055,-0.36706096,0.3699394,-1.2128803,-1.4466568,0.8752716,1
1.1270372,-1.0695307,1.2525795,-0.3120232,-0.62326235,-0.4407382,0.5195727,-0.92336994,-1.5011386,0.98024774,1
1.2113948,-1.1588997,1.3259969,-0.10226112,-0.7515205,-0.21975948,0.3000052,-0.6603331,-1.5528958,0.93281513,1
1.1078808,-0.91075116,1.4493731,-0.2870839,-0.9037425,-0.018767308,0.13768898,-0.8171338,-1.664879,0.6960188,1
0.94492847,-1.1107512,1.2493731,-0.15427949,-0.7037425,-0.20613825,0.33768898,-0.79711443,-1.864879,0.5439794,1
1.1449285,-0.91075116,1.4338446,0.045720518,-0.5037425,-0.35099208,0.537689,-0.9971144,-1.664879,0.34397942,1
1.0299308,-0.8044522,1.2338445,-0.15427949,-0.30374253,-0.4435044,0.73768896,-0.9054503,-1.4648789,0.14397942,1
0.82993084,-0.6044522,1.4338446,-0.3542795,-0.4553836,-0.6435044,0.93768895,-0.7054503,-1.664879,0.23270023,1
0.62993085,-0.8044522,1.6338446,-0.5542795,-0.46046576,-0.4435044,0.7678225,-0.5054503,-1.8500532,0.43270022,1
0.4198893,-0.5903345,1.791013,-0.3460049,-0.6450398,-0.23781705,0.55456036,-0.5542915,-2.0021718,0.22726522,1
0.5992726,-0.37735248,1.538098,-0.5278455,-0.8169349,-0.036559302,0.34276816,-0.6389743,-2.1289306,0.35674822,1
0.39178196,-0.1740252,1.3129941,-0.71419054,-0.8233261,0.16037443,0.53258544,-0.4547004,-2.285238,0.40731052,1
0.19178195,0.02597481,1.1129941,-0.81566286,-0.877155,0.36037445,0.73258543,-0.6547004,-2.2057219,0.20731051,1
0.16753379,0.21914195,1.2732927,-0.7146904,-1.0445848,0.15552515,0.51648146,-0.4409515,-2.2836957,0.0070894593,1
-0.028871354,0.04841465,1.3101605,-0.8134101,-1.1067765,-0.03955032,0.6371481,-0.5513533,-2.1559882,0.18415922,1
0.1635578,-0.14487912,1.0610461,-0.92073274,-0.86666006,-0.22895245,0.70577055,-0.7181129,-2.2517576,0.30159476,1
0.14690746,0.0523945,0.8370208,-0.68508387,-1.013901,-0.40773562,0.86096936,-0.653389,-2.330489,0.110097155,1
-0.050446086,-0.14024796,0.9853294,-0.8409659,-0.7733312,-0.5774424,0.6280227,-0.43078935,-2.404354,-0.08542155,1
-0.23119268,0.055158522,1.0942055,-0.9609401,-0.7396304,-0.34842598,0.4424773,-0.33054823,-2.4041407,-0.26347935,1
-0.21879143,0.0052462034,0.8942055,-1.1609402,-0.9396304,-0.548426,0.6424773,-0.13054822,-2.2041407,-0.46347934,1
-0.40666273,-0.1891135,1.062516,-0.93311024,-1.1066254,-0.48373672,0.42966262,0.067440376,-2.1763206,-0.64426416,1
-0.18696506,0.009848879,1.1421818,-0.748,-1.182087,-0.6185677,0.56964755,0.24194981,-2.1498263,-0.56224346,1
-0.3794732,-0.0012773946,1.3161964,-0.5373905,-1.355329,-0.8027198,0.75474674,0.041137636,-1.9120766,-0.35523024,1
-0.5642388,-0.19598581,1.0868515,-0.7180044,-1.5144393,-0.9763582,0.9296464,-0.15468587,-1.6699193,-0.15114923,1
-0.34563318,-0.33188185,1.2211181,-0.871112,-1.6268644,-0.7448524,1.0719432,-0.33656824,-1.3948345,-0.33321223,1
-0.47934785,-0.1158604,1.248476,-0.5895831,-1.6049309,-0.7882748,1.1174233,-0.47138414,-1.4010887,-0.46843585,1
-0.5872822,-0.28696063,1.2817842,-0.7173399,-1.2763861,-0.89785224,1.1968852,-0.6099556,-1.4545965,-0.24387519,1
-0.3872822,-0.25528196,1.4817842,-0.71417475,-1.0991961,-1.0978522,1.2730243,-0.40995562,-1.2545965,-0.4438752,1
-0.5286398,-0.049761835,1.5138516,-0.50459725,-0.8348649,-1.1682568,1.3259372,-0.5490492,-1.3093494,-0.57958174,1
-0.39644748,0.1367167,1.5596045,-0.2771834,-0.6835703,-1.2451134,1.3886025,-0.31763467,-1.3735076,-0.6178455,1
-0.18980329,-0.06114296,1.488413,-0.074572936,-0.85368645,-1.3962373,1.5348732,-0.15424497,-1.2322469,-0.40371326,1
-0.3710682,0.13218316,1.607263,-0.26137617,-0.6222684,-1.482754,1.2707152,-0.31022465,-1.3634089,-0.19392219,1
-0.14903782,-0.059083298,1.5745213,-0.37157014,-0.7163756,-1.4660468,1.2813146,-0.44451723,-1.3620712,0.0052951025,1
0.045009337,0.12445636,1.5672413,-0.5048056,-0.80933464,-1.4714376,1.3082838,-0.49424168,-1.2107056,-0.17196162,1
-0.14968084,-0.07295559,1.7066973,-0.68065965,-0.9747559,-1.2278793,1.4505556,-0.28416124,-0.9760798,0.027077815,1
0.04640534,0.11716289,1.7583945,-0.44327396,-1.0387114,-0.94793075,1.5221754,-0.4465032,-1.0846044,-0.1594723,1
-0.15359466,0.3171629,1.5583944,-0.64327395,-0.83871144,-0.74793077,1.3221754,-0.24650319,-0.93570095,0.0077518523,1
0.046162065,0.24646465,1.7491761,-0.8388531,-1.0332661,-0.54505825,1.5141954,-0.44416243,-1.129747,0.20666273,1
0.2134093,0.3870609,1.6898311,-0.7343839,-1.0691756,-0.6459255,1.4861155,-0.5584543,-1.1528194,0.005776226,1
0.3887904,0.55210096,1.7772901,-0.8787405,-0.8174154,-0.41937026,1.268172,-0.71328765,-1.2722578,-0.18265758,1
0.17314656,0.6897792,1.813445,-0.8998279,-0.9331088,-0.20119247,0.9796595,-0.8376094,-1.3502614,0.015905365,1
0.37314656,0.48977923,1.6134449,-1.0680038,-1.1331089,-0.0011924654,0.8544019,-1.0376095,-1.1502614,0.21590537,1
0.52965045,0.27094793,1.6758225,-1.0268918,-1.2319392,-0.18592396,0.6047393,-1.1436872,-1.24779,0.014698306,1
0.5833895,0.06716878,1.3972105,-0.78284615,-1.3556647,-0.3653671,0.7618736,-1.2721137,-1.3706712,0.20326208,1
0.67841846,-0.11503236,1.3831906,-0.85114866,-1.347212,-0.48961017,0.48658478,-1.2748563,-1.3602076,0.34922656,1
0.8135755,0.07869551,1.4663229,-0.6030823,-1.0625272,-0.26823175,0.6359026,-1.3659856,-1.4450364,0.50868386,1
0.8549971,-0.11203599,1.5390043,-0.7417213,-0.89602995,-0.4324556,0.40259662,-1.323158,-1.5193443,0.35583466,1
0.9772299,-0.2890348,1.6108168,-0.5017893,-0.8700409,-0.5452038,0.55817735,-1.4108813,-1.2220912,0.5148623,1
0.7444376,-0.08527832,1.7344162,-0.28905642,-1.0248946,-0.7137627,0.3430654,-1.1597927,-1.3620914,0.6847013,1
0.5444376,-0.28527832,1.5344162,-0.4890564,-1.2248946,-0.5137627,0.44195795,-1.3597927,-1.1768134,0.48470134,1
0.34167525,-0.48138645,1.7205064,-0.6835303,-1.4134672,-0.3112464,0.6368095,-1.1504912,-0.9689795,0.6792101,1
0.12544157,-0.595144,1.7004477,-0.4281256,-1.4285902,-0.098499365,0.7409248,-1.1957469,-0.95910937,0.77846694,1
0.30819678,-0.75301015,1.7250553,-0.59484196,-1.2108454,-0.19243155,0.8910662,-1.3217878,-0.718885,0.6687631,1
0.10819678,-0.95301014,1.5250553,-0.79484195,-1.1474664,0.007568449,1.0910662,-1.1217878,-0.518885,0.8687631,1
0.3058568,-0.7472929,1.3149947,-0.98728853,-1.3372358,-0.19097051,0.94691414,-1.3117521,-0.3164639,1.0497133,1
0.24215531,-0.6072246,1.1149946,-1.1872885,-1.1372358,-0.31023192,0.7570411,-1.111752,-0.5164639,0.84971327,1
0.04215531,-0.4072246,1.3149947,-1.3872886,-1.3372358,-0.11023192,0.9570411,-0.91175205,-0.71646386,1.0497133,1
-0.14340343,-0.18826553,1.3763872,-1.078663,-1.3660868,-0.2818487,1.051183,-1.0100374,-0.72537094,1.1353766,1
-0.004263614,-0.3400906,1.3807933,-1.1200099,-1.371771,-0.42206222,0.7455705,-1.0403732,-0.8105534,1.1696867,1
-0.042924363,-0.3707573,1.4453175,-1.0419611,-1.3694398,-0.56875074,0.8645339,-0.7683522,-0.76235235,1.2523029,1
-0.21795048,-0.5120805,1.2119211,-1.114281,-1.4080933,-0.48945907,0.8450257,-0.77474827,-0.8634175,1.3029987,1
-0.41795048,-0.3120805,1.4119211,-1.200679,-1.2080933,-0.28945905,0.9085739,-0.97474825,-0.6634175,1.1029986,1
-0.5623266,-0.46598634,1.4668266,-1.2512805,-1.1052978,-0.4454011,0.9595156,-1.0690051,-0.7685287,0.82171655,1
-0.34697685,-0.25471795,1.5962124,-1.1955519,-0.8669453,-0.34979135,1.1103933,-1.2152444,-0.5444433,0.9784321,1
-0.14658266,-0.054571193,1.7913951,-1.2450435,-0.6651566,-0.14938961,0.90795165,-1.3316312,-0.7424467,0.7763444,1
0.049984805,0.13608372,1.4891338,-1.3521868,-0.4352662,0.04735823,1.036756,-1.4332104,-0.8818862,0.9136057,1
-0.14000976,0.3136682,1.3979368,-1.0753403,-0.59289634,0.23086037,1.1542691,-1.3908638,-1.0097284,1.0393324,1
-0.30404022,0.10524906,1.4795278,-0.8105059,-0.7341684,0.39894757,1.2539617,-1.4730324,-1.0030788,0.77716506,1
-0.1018951,0.29895538,1.5427917,-0.9896711,-0.6738619,0.58659834,1.2224289,-1.3090342,-0.7865208,0.95701766,1
0.0905624,0.43044794,1.6088024,-0.7289596,-0.43743047,0.7261231,1.1049683,-1.3930167,-0.81613445,1.0680639,1
-0.09469006,0.19939335,1.5650527,-0.63564193,-0.5515319,0.801321,1.129114,-1.3783457,-0.8792027,1.0971828,1
0.10530994,-0.0006066561,1.3650527,-0.8356419,-0.61588764,1.0013211,1.3291141,-1.2850978,-0.67920274,0.97861284,1
0.30118155,-0.19789405,1.2093526,-0.62704676,-0.80485517,1.1850768,1.1138461,-1.4650164,-0.47272295,1.1626756,1
0.50118154,-0.39691126,1.0093526,-0.6290772,-0.6048552,0.98507684,1.3138461,-1.2650163,-0.67272294,0.96267563,1
0.6461582,-0.5941068,1.2036707,-0.63355017,-0.80107373,0.78138834,1.1086129,-1.4581333,-0.6829925,1.1425261,1
0.68908536,-0.7408293,1.309497,-0.77762634,-0.560747,0.54238236,1.2208166,-1.1737237,-0.82375157,1.2254163,1
0.4537148,-0.5017166,1.3902904,-0.90692455,-0.7057299,0.68869334,1.0522501,-1.2743763,-0.57864195,1.3223305,1
0.56812197,-0.6098388,1.382069,-0.96199167,-0.4395132,0.7723341,0.91106975,-1.2813319,-0.67669207,1.3230073,1
0.6626901,-0.6221595,1.4929402,-1.0965288,-0.603485,0.9175558,1.0484756,-1.0543754,-0.44983673,1.0597405,1
0.44061747,-0.7829383,1.2312604,-1.1523666,-0.46843925,0.68332475,1.188917,-1.1945354,-0.6188362,1.1996446,1
0.24061747,-0.5829383,1.4312605,-0.95236665,-0.26843923,0.88332474,0.98891705,-1.1748083,-0.41883624,1.3996446,1
0.4053807,-0.72032565,1.5008063,-1.0602103,-0.06296605,0.8955668,1.0039399,-0.89685154,-0.39513633,1.4717189,1
0.2016743,-0.798689,1.2773312,-1.237468,-0.25822043,1.0757958,1.1822131,-0.6842758,-0.19161479,1.4254581,1
0.0016196899,-0.9661182,1.0421957,-1.0036324,-0.34576023,0.847233,1.3371342,-0.85543644,-0.37884286,1.5724462,1
0.2016197,-0.7661182,0.8421957,-1.2036325,-0.14576022,0.647233,1.1371342,-1.0554365,-0.55398613,1.3724462,1
0.3458668,-0.52651715,0.969292,-1.3054456,0.050445598,0.7879673,1.243599,-1.0765507,-0.7012433,1.4624505,1
0.51073354,-0.6797568,1.0940337,-1.0342965,-0.13992874,0.92437947,1.3506857,-0.8201339,-0.46898213,1.5554514,1
0.28984332,-0.6077789,1.1756595,-1.1513163,-0.31707576,0.7526566,1.3291686,-0.57844305,-0.6240073,1.6374346,1
0.08984332,-0.40777892,1.0059954,-0.9513163,-0.5170758,0.95265657,1.2174244,-0.77844304,-0.8240073,1.4374346,1
-0.110156685,-0.6077789,1.2059954,-1.1513163,-0.3170758,1.1526566,1.0174243,-0.57844305,-0.6240073,1.5284725,1
0.08984332,-0.8077789,1.1337945,-1.2213588,-0.117075786,0.95265657,1.2174244,-0.77844304,-0.8240073,1.3284725,1
0.28028655,-0.9745502,1.1535494,-0.9876823,-0.3066211,1.114651,1.3706888,-0.9461816,-0.60343236,1.0912642,1
0.18557057,-1.0731344,1.2366781,-1.0851326,-0.45307985,1.2011383,1.0772394,-1.0472152,-0.73406047,0.81430864,1
0.35818672,-1.1691253,1.3346429,-1.120022,-0.606697,0.9300357,1.1865277,-0.7870446,-0.8677219,0.6751664,1
0.14718254,-0.90170866,1.0967044,-1.2281954,-0.7505796,0.856125,1.2900747,-0.91838133,-0.99344647,0.81428593,1
0.3380857,-0.95264906,0.87320906,-1.0012548,-0.92567265,0.6389333,1.198221,-1.0890777,-1.162176,0.98770976,1
0.45987234,-0.6892198,0.98276466,-0.83837146,-1.030807,0.7682324,1.2803863,-1.1804411,-0.8810889,1.087616,1
0.60184056,-0.8110182,0.7851507,-0.94705296,-1.1063613,0.5182598,1.3501953,-0.89421725,-0.98601365,1.1743779,1
0.42548734,-0.9678615,0.94309807,-1.0980893,-0.8676719,0.30467445,1.484023,-0.66458356,-0.7524615,1.3157107,1
0.60750383,-1.134284,0.7217331,-0.9777357,-1.036975,0.10166493,1.2471057,-0.45122623,-0.9250771,1.4721322,1
0.44975227,-1.2860277,0.88839716,-0.7496077,-0.8067045,-0.094778635,1.394769,-0.24214026,-0.729032,1.611657,1
0.24975227,-1.0860276,0.68839717,-0.5496077,-0.747628,-0.29477865,1.1947689,-0.21524975,-0.92903197,1.8116571,1
0.44975227,-1.2860277,0.48839718,-0.6676878,-0.6934728,-0.2414111,1.394769,-0.41524976,-0.729032,1.611657,1
0.27467048,-1.3557255,0.6280351,-0.42667866,-0.7585335,-0.22954854,1.4549319,-0.56130165,-0.84756994,1.6528021,1
0.45851976,-1.5027918,0.4134712,-0.6053558,-0.5395293,-0.41493312,1.4938279,-0.34900832,-1.0119263,1.4674387,1
0.65851974,-1.557735,0.6134712,-0.4053558,-0.61939496,-0.21493311,1.2938279,-0.5490083,-0.8119263,1.3518991,1
0.8186934,-1.757735,0.503807,-0.6053558,-0.41939497,-0.014933109,1.0938278,-0.7490083,-0.6119263,1.1597586,1
0.9450038,-1.781774,0.44719034,-0.7423536,-0.57458955,0.17167963,1.2002357,-0.88035953,-0.38212866,1.2082763,1
0.7450038,-1.581774,0.24719034,-0.9423536,-0.37458956,-0.028320372,1.0002357,-1.0803596,-0.58212864,1.4082763,1
0.9366221,-1.7659706,0.41605455,-0.7357693,-0.22166364,0.17015691,1.1895902,-0.8725512,-0.77519155,1.1975595,1
0.72037196,-1.9226006,0.60246414,-0.52395004,-0.058455523,0.13736711,1.2279872,-0.6577145,-0.5625026,1.3667289,1
0.5017567,-2.0268612,0.38806683,-0.6980522,-0.2492098,-0.060392328,0.991213,-0.4413407,-0.7352257,1.4894991,1
0.66925913,-1.9778472,0.5608341,-0.85646445,-0.24862531,-0.24833386,1.1360493,-0.2301645,-0.62556833,1.3167161,1
0.6692397,-1.8365498,0.7608341,-0.6903368,-0.048625305,-0.048333853,1.3360493,-0.43016452,-0.4921588,1.1200043,1
0.8329636,-1.9515582,0.9207355,-0.46987355,0.14505735,0.14533664,1.4719452,-0.60386574,-0.2799661,0.8816096,1
0.94647133,-1.9714035,0.9478949,-0.24727646,-0.050342184,-0.05008628,1.5319496,-0.6860064,-0.21341763,0.624537,1
0.7545054,-2.092159,0.7206008,-0.045551118,0.017797576,-0.2409595,1.668743,-0.46826985,-0.39833015,0.5578769,1
0.92153805,-2.212991,0.50262,0.14911443,0.21027514,-0.32500318,1.4180146,-0.43773842,-0.30160728,0.73170084,1
1.032931,-2.2223527,0.64710945,0.16149683,0.37786138,-0.38977057,1.3150256,-0.2742246,-0.4586697,0.48969382,1
0.8910674,-2.0223527,0.56022227,-0.03850317,0.35994118,-0.18977056,1.5150256,-0.12974398,-0.25866967,0.6896938,1
0.9450253,-1.9141343,0.76022226,-0.18383543,0.15994118,-0.36547628,1.3150256,0.070256025,-0.45866966,0.8896938,1
0.82425267,-2.1141343,0.96022224,0.016164571,0.35994118,-0.16547628,1.2815201,0.27025604,-0.42596143,0.75809926,1
0.6242527,-1.9141343,0.76022226,0.21616457,0.15994118,0.034523726,1.4815202,0.07025604,-0.6259614,0.55809927,1
0.4242527,-1.7141342,0.56022227,0.32056102,-0.04005882,-0.0016687997,1.6581929,0.27025604,-0.6456274,0.35809928,1
0.22425269,-1.7683058,0.76022226,0.23030029,-0.24005882,0.1983312,1.8257333,0.47025603,-0.84562737,0.55809927,1
0.4242527,-1.6150917,0.96022224,0.03030029,-0.32511124,0.39833122,1.6257333,0.27025604,-0.9043571,0.75809926,1
0.6242527,-1.4150916,0.76022226,-0.16969971,-0.52511126,0.19833122,1.8257333,0.2593224,-0.7489152,0.95809925,1
0.7917787,-1.1716496,0.92239136,-0.17130233,-0.6965433,0.067804515,1.9459232,0.066233575,-0.9115298,1.0042471,1
0.5917787,-1.3716496,1.105256,0.02869767,-0.89654326,-0.13219549,1.7459232,-0.13376643,-0.7115298,1.0403169,1
0.7311668,-1.0819579,1.2053366,-0.056569688,-0.9877952,0.06261397,1.7969598,-0.3082161,-0.4723714,1.1453688,1
0.6479969,-1.2482237,0.9788814,-0.010587564,-1.1565387,0.2557034,1.5549363,-0.31354478,-0.65467817,1.309966,1
0.40845785,-1.3204072,1.0748364,0.17269538,-1.2368141,0.41548416,1.6000502,-0.103523605,-0.77924645,1.0120032,1
0.54633695,-1.1740512,1.1446811,0.3346448,-1.2901217,0.5526459,1.6162729,0.057473373,-0.8767099,0.73942107,1
0.31632808,-1.2549945,0.8628278,0.4883197,-1.3610079,0.68743175,1.6588993,0.23516421,-0.98341674,0.49268213,1
0.10925816,-0.9908765,0.9982338,0.64648664,-1.0904468,0.8334975,1.7459235,0.03302708,-1.1114938,0.6505839,1
-0.09074184,-0.7908765,1.1982338,0.44648665,-0.93077755,1.0334976,1.77756,-0.04923984,-0.91149384,0.45058393,1
-0.29074186,-0.5908765,1.3982339,0.64648664,-0.8336519,0.8334976,1.57756,-0.24923985,-0.7330183,0.6505839,1
-0.09074186,-0.4087538,1.1982338,0.8464866,-0.9769504,1.0334976,1.3775599,-0.44923985,-0.5330183,0.8505839,1
-0.29074186,-0.6087538,0.99823385,0.64648664,-1.1769505,1.2025731,1.57756,-0.64923984,-0.7330183,0.90961826,1
-0.081118174,-0.7229809,1.0711544,0.39913425,-1.2309172,1.2039151,1.5890398,-0.75917315,-0.83406645,0.63435924,1
-0.264944,-0.4928911,1.1980182,0.56466293,-0.9716031,1.3231406,1.686107,-0.527001,-0.97457117,0.4093683,1
-0.44544286,-0.6638292,0.95615834,0.3493679,-0.7692596,1.4592556,1.806998,-0.31328562,-1.0281732,0.42766675,1
-0.633794,-0.4554581,1.0322134,0.14667211,-0.5589857,1.6293097,1.5779952,-0.11124106,-1.2060074,0.6163388,1
-0.43379402,-0.25545812,1.0171722,0.34667212,-0.7589857,1.4293096,1.3779951,-0.19794787,-1.4060074,0.8163388,1
-0.6019837,-0.43259856,1.1375905,0.13931061,-0.845482,1.1676103,1.4987953,-0.37797478,-1.5254016,0.58540463,1
-0.39021084,-0.61407167,0.91013134,-0.022842823,-1.014863,1.3275572,1.2607574,-0.5610477,-1.6748699,0.3741173,1
-0.5631337,-0.39507526,1.0592017,0.16902973,-1.1591287,1.0758281,1.2365501,-0.34448385,-1.7888564,0.16612932,1
-0.7279634,-0.1860849,1.2011694,0.21025567,-1.296491,1.1120968,1.1410692,-0.5193904,-1.5287228,0.34925565,1
-0.5218152,0.013753062,1.3848525,0.0101362355,-1.2586709,0.90147525,0.96680886,-0.5137996,-1.7085915,0.5428595,1
-0.31543556,-0.18255481,1.5534346,-0.16709334,-1.4297544,0.7954507,0.7516077,-0.3075789,-1.5998307,0.7281331,1
-0.17902343,0.017445192,1.3534346,0.032906666,-1.6297544,0.5954507,0.9516077,-0.10757889,-1.606958,0.7320144,1
0.019274194,0.19979815,1.3222157,-0.059531335,-1.574343,0.73089486,1.0581475,-0.28261694,-1.6603122,0.48883814,1
0.21595494,-0.00019879562,1.1052282,-0.25560272,-1.747484,0.83794194,1.2391025,-0.47531137,-1.4382068,0.28446588,1
0.014834774,0.18577352,1.0737013,-0.42361566,-1.8107547,0.5931532,1.0416546,-0.627899,-1.5231913,0.45045242,1
-0.17074655,0.35573366,1.1745192,-0.5750552,-1.4853264,0.4653226,1.1449679,-0.71814746,-1.5890077,0.5998022,1
0.028084902,0.5335345,1.3196131,-0.744095,-1.233983,0.25472412,1.2912422,-0.4974497,-1.5256261,0.7678535,1
0.2280849,0.54636174,1.119613,-0.944095,-1.033983,0.13116378,1.1535592,-0.416177,-1.5689958,0.9678535,1
0.025560366,0.6140253,1.148783,-1.0412529,-1.123061,0.30139562,1.2318884,-0.518025,-1.6099817,0.6988315,1
0.21432973,0.773495,0.96309,-0.92435956,-1.2571859,0.4764312,0.9805108,-0.6822746,-1.7198629,0.61761886,1
0.020576045,0.973495,0.76309,-0.7243596,-1.0571859,0.6764312,0.7805108,-0.67434245,-1.919863,0.41761887,1
-0.17942396,0.773495,0.87370646,-0.92435956,-0.8571859,0.4764312,0.5805108,-0.8235096,-2.119863,0.21761887,1
0.020576045,0.57349503,0.9114029,-1.0480571,-1.0571859,0.2764312,0.7805108,-1.0235096,-1.919863,0.017618865,1
0.015603334,0.55145717,0.73554873,-0.8480571,-0.8571859,0.3124454,0.88290924,-0.9138358,-1.8018578,-0.18238114,1
-0.18439667,0.35145718,0.53554875,-0.6480571,-1.0571859,0.5124454,0.68290925,-1.1138358,-1.7358499,0.017618865,1
-0.16138974,0.55145717,0.73554873,-0.44805712,-0.8571859,0.43352875,0.88290924,-1.3138359,-1.57864,0.21761887,1
-0.36138976,0.35145718,0.9355487,-0.24805711,-1.0571859,0.5634175,0.68290925,-1.5138359,-1.3786399,0.017618865,1
-0.16138975,0.15145718,0.8911984,-0.04805711,-1.2571859,0.7634175,0.74913484,-1.713836,-1.1786399,-0.18238114,1
0.03861025,-0.048542827,1.0911984,-0.24805711,-1.3190647,0.84827465,0.5825219,-1.5138359,-1.3786399,-0.35276994,1
0.22225082,-0.23150241,1.2026722,-0.41733772,-1.4149157,0.6456503,0.35629573,-1.5963331,-1.4704063,-0.14229584,1
0.3873744,-0.2032236,0.91985506,-0.56634784,-1.4815295,0.4404483,0.43114957,-1.6479625,-1.5324367,0.052938007,1
0.56128824,-0.0030804335,0.6878853,-0.7323132,-1.6068504,0.6120051,0.6031193,-1.6097803,-1.305907,0.24170467,1
0.32850316,0.15445706,0.80731416,-0.8477105,-1.6428878,0.7383197,0.7302403,-1.6455519,-1.0055515,0.03792018,1
0.12039113,-0.042667948,0.9437254,-0.9815716,-1.3518025,0.50433713,0.8715169,-1.7290477,-1.1294485,-0.1518482,1
0.192173,-0.2349857,1.107518,-0.7568291,-1.1356161,0.34760776,0.6597591,-1.8679789,-1.2873616,-0.34070957,1
0.38505787,-0.040318523,1.283796,-0.9394695,-1.3113843,0.21444373,0.8441606,-1.637717,-1.0676337,-0.1381567,1
0.57275105,-0.23526338,1.0609981,-0.7239146,-1.4795921,0.40572584,1.0221965,-1.4074743,-1.2409688,-0.21716085,1
0.36267972,-0.18132865,0.8377349,-0.8989515,-1.6342114,0.58935976,0.7999817,-1.304502,-1.4020355,-0.016697181,1
0.14540696,-0.26626462,0.9275518,-0.6247393,-1.6394613,0.5236851,0.8938072,-1.3447593,-1.431937,-0.19368903,1
0.34540695,-0.4662646,1.1275518,-0.767312,-1.4834106,0.62042636,1.0938072,-1.1447593,-1.2319369,-0.39368904,1
0.37071562,-0.50923514,1.2157876,-0.51955104,-1.5416874,0.72776794,1.184884,-0.86522174,-1.3113848,-0.27648112,1
0.5032823,-0.27269724,1.2485043,-0.634532,-1.5358971,0.8181468,1.2212521,-0.93381256,-1.146558,-0.067444436,1
0.62912893,-0.40427282,1.2957755,-0.7465398,-1.552866,0.6816108,0.9135723,-1.0142646,-1.2045784,0.11857905,1
0.8291289,-0.20427282,1.4957756,-0.94653976,-1.3528659,0.48161083,1.1135724,-0.8142646,-1.0045784,0.31857905,1
0.9268744,-0.36410418,1.167027,-1.0326194,-1.3985729,0.25362992,1.1830555,-0.87464106,-1.0848912,0.46705294,1
0.68847764,-0.5343057,1.0408654,-0.7886367,-1.5141292,0.42966715,1.1454778,-0.93033516,-1.2170175,0.6318162,1
0.46881914,-0.32085174,0.80702525,-0.79121536,-1.645145,0.50247777,0.9293091,-1.0442353,-1.3599905,0.7983402,1
0.6087815,-0.11439275,0.6777736,-0.5596175,-1.3679084,0.66493344,1.0689526,-1.1777365,-1.4517996,0.9449833,1
0.56730217,0.07783525,0.43439808,-0.6906543,-1.4255631,0.42272365,1.1537485,-1.221191,-1.5018381,0.84706503,1
0.36730218,-0.122164756,0.46857068,-0.89065427,-1.6255631,0.37854043,0.9537485,-1.021191,-1.301838,1.047065,1
0.16084994,-0.30974007,0.25821286,-1.0485917,-1.7551578,0.17165478,1.1092527,-0.7895207,-1.4439176,0.8143968,1
-0.034787104,-0.09751043,0.40714878,-1.1094464,-1.7372714,-0.025186382,1.1633472,-0.52382344,-1.4607165,0.90135056,1
0.1652129,0.102489576,0.60714877,-1.3094465,-1.5372714,0.17481363,0.96334726,-0.7238234,-1.2607164,1.1013505,1
0.35971636,-0.096042864,0.40102106,-1.0927489,-1.711125,0.26611838,1.1458385,-0.6784686,-1.0447522,1.2817649,1
0.15529115,0.10107684,0.5843688,-0.86801386,-1.4692569,0.45320386,1.30855,-0.503919,-1.2102644,1.4407103,1
-0.040119067,0.14252937,0.70384604,-0.599436,-1.4978921,0.58614635,1.1696416,-0.63165516,-1.2654877,1.4722761,1
0.1471266,-0.052885976,0.83174264,-0.7356618,-1.5624446,0.72343236,1.0911676,-0.3972203,-1.34858,1.2692034,1
0.02143283,0.14254673,0.74405354,-0.9066133,-1.3201462,0.8947635,0.8635005,-0.19109742,-1.500503,1.4235907,1
0.08526278,0.31472576,0.86737937,-0.64922357,-1.396683,0.63833624,0.9771251,-0.35933328,-1.5623915,1.3552421,1
-0.10117675,0.38337123,0.9412288,-0.7488562,-1.4079756,0.7392556,0.6852789,-0.3186526,-1.5540994,1.3714324,1
0.094404526,0.17517209,0.70808595,-0.9064296,-1.3004875,0.890765,0.8456951,-0.4954619,-1.6756678,1.1764889,1
-0.05903069,0.3186162,0.50808597,-0.8231122,-1.4940754,0.8140113,0.6456951,-0.2954619,-1.8756678,0.9764889,1
0.12763198,0.4695491,0.64109284,-0.92631394,-1.1716409,0.9180741,0.7656825,-0.16118912,-1.8792856,1.0651793,1
0.294396,0.60162807,0.75576985,-1.0120573,-1.2324976,1.0046533,0.8677208,-0.32454902,-1.5089338,1.1368358,1
0.085766956,0.72834855,0.86839974,-1.1012591,-1.3015482,0.73109734,0.97011685,-0.43605733,-1.5527145,0.8511965,1
0.26675573,0.49319908,0.71472865,-1.2146902,-1.4016547,0.86915416,1.0922724,-0.47834778,-1.2627223,0.9812636,1
0.14983264,0.2843374,0.49917147,-1.3719325,-1.5532463,0.6489296,0.8653043,-0.6578453,-1.1990938,1.145561,1
0.22535211,0.082958095,0.43617976,-1.3248516,-1.3311144,0.8350457,1.0478817,-0.8438156,-0.9827541,1.323555,1
0.26225707,0.04749858,0.23617975,-1.1248516,-1.1311144,1.0350457,0.84788173,-0.64381564,-0.9616265,1.4670833,1
0.44464973,-0.14669265,0.034801666,-0.92556787,-1.2804123,0.9741948,0.9249503,-0.8116747,-1.1173803,1.6035842,1
0.24464972,-0.34669265,0.23480166,-1.1255679,-1.4804124,0.9071348,0.7249503,-1.0116748,-0.9173803,1.4035841,1
0.44464973,-0.14669265,0.034801662,-1.0083164,-1.2804123,1.0850568,0.5249503,-0.8116748,-1.1173803,1.5690418,1
0.23997724,0.052289255,-0.023998057,-0.7928787,-1.4521385,0.8681534,0.67269367,-0.99235314,-0.99982655,1.7352556,1
0.03846083,-0.1421078,0.15442117,-0.95521694,-1.2046425,1.0276363,0.8395908,-1.147125,-1.154315,1.4770205,1
0.21290602,-0.20114036,-0.04069435,-1.0314173,-1.2285118,1.0960759,0.92818236,-1.014273,-1.0029603,1.4973015,1
0.011180722,-0.3475154,0.13800947,-1.0667999,-1.2375466,1.1228148,0.9773655,-1.0519475,-0.840142,1.470404,1
0.19425872,-0.3728919,0.31092462,-1.1652907,-1.3223554,1.18678,1.0830227,-1.1516284,-0.58884716,1.1686059,1
0.31432658,-0.5728919,0.11092462,-0.9652907,-1.5223554,0.98678,1.2830228,-1.0226142,-0.78884715,0.96860594,1
0.112286404,-0.5386995,-0.08748582,-0.9769131,-1.6916198,0.8229827,1.456558,-0.9296337,-0.5783391,0.9359743,1
0.3122864,-0.7386995,-0.28748584,-0.7769131,-1.4916197,1.0229827,1.6031388,-0.7296337,-0.7783391,0.7359743,1
0.112286404,-0.57036585,-0.48748583,-0.5769131,-1.6916198,0.8229827,1.4031388,-0.9296337,-0.9783391,0.5359743,1
0.2946379,-0.34943506,-0.2712389,-0.7330068,-1.7847171,0.96517,1.5125393,-1.0657938,-0.7343522,0.31698713,1
0.4670346,-0.5187738,-0.067263395,-0.5032623,-1.4962817,0.9780243,1.6169709,-1.1951561,-0.88221055,0.48813662,1
0.6568915,-0.70784396,-0.26319936,-0.29865083,-1.2765702,0.7661935,1.7893417,-1.3739411,-0.67183673,0.3892024,1
0.8296412,-0.8789733,-0.30792892,-0.10701307,-1.0423337,0.78630894,1.5387985,-1.5238876,-0.84411114,0.57046497,1
0.91509205,-0.60343647,-0.09592165,-0.27285737,-1.1041222,0.8765805,1.5453544,-1.5321025,-0.7231872,0.6847495,1
0.75963503,-0.40343648,0.10407835,-0.42878026,-1.1805408,0.94438964,1.5425042,-1.3321024,-0.78224707,0.67336005,1
0.959635,-0.60343647,0.30407834,-0.22878025,-0.9805408,0.74438965,1.3425041,-1.4406267,-0.98224705,0.87336004,1
0.74113786,-0.39361277,0.10154402,-0.074657455,-0.76153463,0.9213937,1.5049441,-1.6006775,-0.9629616,1.0472237,1
0.65063906,-0.19361277,-0.09845598,0.12534255,-0.66606385,0.9367983,1.7049441,-1.4006774,-0.7629616,1.2472237,1
0.78560174,-0.3635183,0.09378027,-0.06894937,-0.6636367,1.049882,1.3898805,-1.4782945,-0.8893364,1.3365734,1
0.9856017,-0.1635183,-0.10621973,-0.2689494,-0.8443806,0.84988207,1.1898805,-1.279796,-0.7496728,1.1365733,1
0.78560174,-0.3635183,-0.19720949,-0.46894938,-0.6443806,0.6498821,0.9898805,-1.079796,-0.5496728,1.3365734,1
0.9856017,-0.5635183,0.0027905107,-0.66894937,-0.44438064,0.50531775,1.1898805,-0.87979597,-0.7496728,1.5365734,1
0.78560174,-0.7635183,-0.19720949,-0.46894938,-0.6443806,0.30531776,1.3898805,-1.0179116,-0.5496728,1.7365735,1
0.9856017,-0.96351826,0.0027905107,-0.43453932,-0.44438064,0.10531776,1.1898805,-1.2179116,-0.7496728,1.5365734,1
0.78560174,-0.7635183,0.20279051,-0.6345393,-0.6443806,0.30531776,1.3898805,-1.0179116,-0.5496728,1.3365734,1
0.9856017,-0.5635183,0.19839828,-0.43453932,-0.44438064,0.10531776,1.2437458,-1.1166956,-0.7496728,1.3815092,1
1.1856017,-0.7506269,-0.0016017258,-0.5339004,-0.24438064,0.30531776,1.0437458,-1.3166957,-0.94967276,1.534655,1
1.3020366,-0.89329493,-0.1894432,-0.6896391,-0.041704055,0.09896608,0.79285973,-1.4252243,-1.0803363,1.4685649,1
1.2561917,-1.0398407,-0.34653735,-0.8461421,-0.22988647,0.2843488,0.944316,-1.2412124,-1.2177372,1.2065412,1
1.193385,-1.2398407,-0.54653734,-0.6461421,-0.42988646,0.15773974,1.1443161,-1.0412123,-1.0177372,1.0065411,1
1.393385,-1.0398407,-0.34653735,-0.8461421,-0.24488723,0.35773975,1.3443161,-0.84121233,-0.81773716,0.80654114,1
1.193385,-0.8398407,-0.21314646,-0.6534441,-0.44488722,0.55773973,1.5443162,-0.9206818,-0.77940166,1.0065411,1
1.393385,-1.0398407,-0.41314647,-0.45344412,-0.6448872,0.35773975,1.3443161,-1.1206818,-0.5794017,0.80654114,1
1.193385,-0.8398407,-0.5771746,-0.25344414,-0.8448872,0.55773973,1.2797484,-1.3206818,-0.5260072,0.60654116,1
1.2869624,-0.9604207,-0.3904261,-0.049362227,-0.9650818,0.6998658,1.3667297,-1.4045367,-0.6705569,0.7449399,1
1.1857592,-1.023813,-0.16800864,-0.22000667,-1.0279254,0.7939313,1.3822904,-1.4156466,-0.41516176,0.83369917,1
1.1392436,-1.0921794,-0.32842556,-0.3748307,-1.009479,0.53004795,1.4120989,-1.4418674,-0.19201891,0.92251426,1
0.8644733,-1.189313,-0.118201986,-0.5290702,-0.7450389,0.671931,1.4837646,-1.5111634,-0.36081147,0.96041805,1
1.0010151,-0.9303355,0.07692166,-0.6856069,-0.5125466,0.62308806,1.4840764,-1.609153,-0.15122475,1.0912402,1
1.1178646,-1.0520785,0.2577494,-0.8242932,-0.2909079,0.39379618,1.2514325,-1.683899,-0.2821621,1.0847573,1
1.202914,-1.142866,0.41782224,-0.56983924,-0.08297845,0.5420023,0.9597213,-1.7195761,-0.44010556,1.1726944,1
1.2752676,-1.3036815,0.59979427,-0.7473755,-0.11314475,0.33202276,1.0856003,-1.4752351,-0.62142736,0.94431144,1
1.0003617,-1.0267961,0.7440785,-0.8813789,-0.11894236,0.4949607,1.1692209,-1.5585339,-0.65259576,1.0645957,1
0.8003617,-0.8267961,0.6782644,-1.0813789,-0.31894237,0.29496068,0.96922094,-1.758534,-0.85259575,0.8645957,1
0.9609601,-0.9641959,0.45942682,-1.2309089,-0.49850258,0.2234526,1.1231685,-1.4971474,-1.0111368,0.77258056,1
0.7339677,-0.73542196,0.32568222,-1.3770314,-0.6639793,0.022569543,0.8884088,-1.6332455,-1.0695801,0.93596035,1
0.5268938,-0.7941835,0.51871806,-1.2906175,-0.64031434,-0.1750799,1.0739897,-1.414258,-1.1428982,1.1209114,1
0.6907617,-0.77355087,0.5400141,-1.4165226,-0.4184274,-0.099552184,0.951647,-1.1539001,-1.276146,1.2552521,1
0.79198533,-0.8532813,0.6579541,-1.437267,-0.19420604,0.089309186,1.0239412,-1.2037666,-1.3124566,0.93823546,1
0.89618844,-0.8997122,0.7751007,-1.4791547,0.0052344315,0.26137036,0.7443725,-1.2682037,-1.1447619,1.0283151,1
0.6225404,-0.98337644,0.51426226,-1.5015211,-0.1741618,0.08252868,0.84446967,-1.3128861,-1.202503,1.0983747,1
0.7280259,-1.0473999,0.6321895,-1.5060068,0.022869242,0.13513094,0.9244543,-0.98500925,-1.2413476,1.1491842,1
0.8498133,-1.2089862,0.4188802,-1.3933154,-0.171676,0.32481053,1.0898266,-0.7608348,-1.3969612,0.919954,1
0.95378345,-0.9166909,0.5622693,-1.2374636,-0.3376776,0.11339371,1.171842,-0.8729441,-1.4508821,1.0175081,1
1.0691507,-0.7166909,0.42016727,-1.0374635,-0.5376776,-0.086606294,0.971842,-1.0729442,-1.6508821,0.81750816,1
0.78273326,-0.5286919,0.5585056,-1.1144258,-0.66433215,-0.25810978,1.0553287,-1.1463786,-1.6668537,0.9163399,1
0.5827333,-0.3286919,0.588929,-0.9144258,-0.46433216,-0.4581098,1.2553288,-0.94637865,-1.8668537,0.7163399,1
0.71364206,-0.11733238,0.7192909,-1.0160564,-0.60569215,-0.5414147,0.9621758,-1.0451888,-1.8844144,0.83545536,1
0.85563815,-0.29718608,0.86092836,-1.1388533,-0.7545416,-0.3197395,1.0883933,-1.1661361,-1.5774769,0.6609882,1
0.9559804,-0.4502491,0.96077114,-1.2124586,-0.86442786,-0.47067338,0.80452436,-0.8749278,-1.6096737,0.7194889,1
0.6981046,-0.6004678,1.0719056,-1.0201204,-0.6135611,-0.4759836,0.9276207,-0.99263424,-1.6711301,0.84909534,1
0.81160855,-0.8004678,1.2719057,-0.8201204,-0.4135611,-0.6759836,0.7276207,-1.1926342,-1.47113,0.64909536,1
0.61160856,-1.0004678,1.1576092,-0.6201204,-0.2135611,-0.47598362,0.52762073,-1.2560973,-1.27113,0.5010147,1
0.81160855,-1.2004678,1.3576093,-0.58839124,-0.4135611,-0.35843286,0.7276207,-1.0560973,-1.2202785,0.38867432,1
1.0116086,-1.0004678,1.5576093,-0.78839123,-0.6135611,-0.15843286,0.52762073,-0.8560973,-1.0202785,0.18867432,1
0.8116086,-0.8004678,1.7576094,-0.71218425,-0.4135611,-0.012318149,0.7276207,-0.6560973,-1.2202785,0.38867432,1
0.6116086,-0.6004678,1.6720936,-0.51218426,-0.23149586,-0.21231815,0.52762073,-0.53612036,-1.4202785,0.43221813,1
0.4807793,-0.6651566,1.4720936,-0.54818475,-0.43149585,-0.012318149,0.32762074,-0.73612034,-1.6202786,0.23221813,1
0.6807793,-0.8651566,1.6720936,-0.34818476,-0.27731508,0.1589676,0.52762073,-0.53612036,-1.8202786,0.03221813,1
0.4807793,-1.0651566,1.8720937,-0.4797153,-0.47731507,0.3589676,0.7276207,-0.33612037,-1.6202786,-0.16778187,1
0.6745233,-0.8572062,2.0530522,-0.32561305,-0.55841845,0.3749575,0.91909635,-0.28094447,-1.4072269,-0.36440215,1
0.4745233,-0.65720624,1.9074173,-0.13041711,-0.35841846,0.5749575,0.80656254,-0.48094445,-1.607227,-0.56440216,1
0.25833976,-0.43025327,1.983182,-0.3109385,-0.52549887,0.3528532,0.9472242,-0.6408017,-1.7006882,-0.34292012,1
0.44733116,-0.6151156,1.7403527,-0.49866658,-0.31768093,0.2628225,1.0322906,-0.64781785,-1.8550367,-0.21813408,1
0.6473312,-0.4151156,1.5403527,-0.2986666,-0.48817414,0.062822506,0.8322906,-0.84781784,-1.9933995,-0.4181341,1
0.42501438,-0.20438373,1.6535287,-0.4737887,-0.2855007,-0.103724115,0.98079085,-0.615499,-2.0839734,-0.20725164,1
0.6075465,-0.0042612115,1.8017263,-0.6549577,-0.4113627,-0.29523563,0.8468358,-0.79270744,-1.8313202,-0.007048967,1
0.39777002,0.19104329,1.563303,-0.8344484,-0.5966969,-0.48335558,0.8961264,-0.5784892,-1.9825914,0.08378778,1
0.19777001,-0.008956715,1.4575928,-0.6344484,-0.7966969,-0.2833556,0.6961264,-0.45442608,-2.1825914,0.2837878,1
-0.0021591834,-0.002285818,1.2176625,-0.8079535,-0.70948386,-0.46800837,0.8676731,-0.24634768,-2.3069408,0.081127405,1
-0.0074952566,-0.065937944,1.264982,-0.81229615,-0.8115335,-0.25568452,0.8866521,-0.39827657,-2.2369463,0.25085032,1
0.17904283,0.12468705,1.3625354,-0.941506,-0.5687688,-0.051790487,1.0106622,-0.55643886,-2.1330576,0.047789082,1
0.2548514,0.30445296,1.0900875,-0.6952963,-0.72086006,0.13897327,1.1352153,-0.7092985,-2.1876643,0.23234716,1
0.12556033,0.102483384,1.1144531,-0.8784145,-0.5110387,0.33258158,0.91758084,-0.49969515,-2.3426423,0.0933809,1
-0.071561255,0.06082796,0.8790932,-0.65218174,-0.6835444,0.12745494,0.89601743,-0.6726395,-2.444324,0.2820365,1
-0.24991028,0.16439593,0.99305946,-0.41613027,-0.8131013,-0.0667612,0.7176824,-0.7706055,-2.4041443,0.4436048,1
-0.049408413,-0.035246063,0.785085,-0.6099349,-0.6158194,-0.26407886,0.67083716,-0.63632935,-2.5779588,0.24115527,1
-0.11450299,-0.22203271,0.92975456,-0.7644423,-0.39246356,-0.06047966,0.8219238,-0.425058,-2.5102763,0.41637635,1
0.085497014,-0.15614298,0.7511537,-0.56444234,-0.59246355,0.13952035,1.0219238,-0.35284793,-2.3102763,0.29757994,1
0.285497,-0.22551246,0.9511537,-0.7644423,-0.79246354,-0.060479656,1.2219238,-0.3554967,-2.1102762,0.49757993,1
0.47536635,-0.12647621,0.7354798,-0.5526644,-0.97175425,-0.25504437,1.3922533,-0.54390544,-2.0497763,0.68302387,1
0.6172938,-0.2984036,0.8550409,-0.32233995,-1.0709989,-0.41591662,1.0897353,-0.5545099,-2.0563254,0.8070955,1
0.40506822,-0.30941883,0.64488506,-0.11875572,-0.84548104,-0.5978719,1.1690751,-0.34412372,-2.1902213,0.9775904,1
0.5250434,-0.4420444,0.7331427,-0.13100398,-0.71734667,-0.69234735,1.1880047,-0.4721593,-2.0740967,1.0218452,1
0.68219244,-0.55671704,0.8779928,-0.23198417,-0.86313033,-0.46324903,0.92961246,-0.6324339,-2.139695,0.77327317,1
0.48219246,-0.756717,0.6779928,-0.4319842,-1.0056423,-0.663249,1.1296124,-0.8324339,-1.9396949,0.5732732,1
0.64185315,-0.9001446,0.44972822,-0.21826653,-0.8479202,-0.7585052,1.25099,-0.5950369,-2.0131707,0.51153564,1
0.7960488,-1.0402869,0.61437726,-0.13215016,-0.808338,-0.906354,1.3720433,-0.3735434,-1.7145181,0.67282176,1
0.5634648,-1.1724845,0.76985794,0.064140715,-0.9532155,-0.66774,1.1079714,-0.4956402,-1.8098577,0.77951926,1
0.36346483,-1.3724846,0.65755457,0.23349988,-0.7532155,-0.46774,0.90797144,-0.29564017,-1.6098577,0.8651295,1
0.45993102,-1.2355038,0.45755458,0.43349987,-0.9532155,-0.4563996,1.1079714,-0.49564016,-1.4098576,1.0651295,1
0.52650565,-1.3742211,0.31367037,0.22353159,-1.1039839,-0.62837744,1.2521331,-0.6659427,-1.5411316,0.8281965,1
0.3015657,-1.4539752,0.10498772,0.39118037,-0.8349336,-0.5452084,1.3412129,-0.59143865,-1.6081363,0.9496584,1
0.46315548,-1.1595346,0.035896964,0.54263973,-0.9072315,-0.68813986,1.4231858,-0.7308298,-1.6696681,0.70799184,1
0.3524077,-1.2765352,0.22149548,0.3217216,-0.6640551,-0.5065806,1.5240905,-0.87400264,-1.755525,0.476979,1
0.53412527,-1.427668,0.40754575,0.11769313,-0.83545846,-0.29643407,1.2802685,-0.65169597,-1.8908052,0.26781213,1
0.33412528,-1.2276679,0.60754573,-0.08230687,-0.63545847,-0.09643407,1.4802686,-0.85169595,-1.6908052,0.46781212,1
0.4722829,-1.0276679,0.6207933,0.11769313,-0.83545846,-0.29643407,1.2802685,-1.051696,-1.8846413,0.26781213,1
0.25588447,-0.89167434,0.77136046,0.29855987,-0.97309726,-0.46653602,1.0152086,-1.1763117,-1.9590923,0.19578171,1
0.17151012,-0.9751789,0.86770403,0.44535726,-0.690598,-0.23809324,1.0855305,-1.2294419,-1.9286897,0.3535468,1
-0.02605453,-1.0689664,0.79444593,0.5118165,-0.44866097,-0.40064436,1.1088157,-1.1516234,-1.9467261,0.50622874,1
0.17394547,-0.8689664,0.59444594,0.64584935,-0.35360336,-0.51406443,1.3088157,-0.9516234,-1.746726,0.4613714,1
-0.026054531,-1.0689664,0.46383846,0.84584934,-0.4503297,-0.33387733,1.3434955,-0.7516234,-1.9467261,0.6613714,1
0.1559561,-1.1377305,0.59518456,0.93768805,-0.2244407,-0.12003179,1.1636367,-0.85320693,-1.9247127,0.77228874,1
0.34454215,-1.2948353,0.5941937,1.1012074,-0.41083074,-0.30976978,1.114095,-1.0194352,-1.6694086,0.553938,1
0.5319665,-1.0948353,0.6750873,1.1625001,-0.21083073,-0.10976978,0.914095,-1.2194352,-1.4694085,0.75393796,1
0.33196652,-1.043519,0.49819756,0.97315055,-0.41083074,-0.30976978,1.114095,-1.0194352,-1.6694086,0.553938,1
0.13196652,-1.2435191,0.29819757,1.1731505,-0.40103248,-0.10976978,1.073247,-1.2194352,-1.599622,0.35393798,1
0.32152116,-1.3980987,0.48252174,0.94253033,-0.25523773,-0.30002287,0.8457702,-1.3747727,-1.7429968,0.14909431,1
0.117932625,-1.5509068,0.27417883,1.1087912,-0.15220831,-0.48525715,0.6612072,-1.5282695,-1.4974319,-0.049402438,1
0.31476247,-1.5701615,0.4655266,1.2957411,-0.3486964,-0.67842436,0.5871108,-1.3150251,-1.3502047,-0.24691561,1
0.4832733,-1.6618768,0.62481487,1.4042432,-0.13960032,-0.44915807,0.36343038,-1.0468165,-1.4553752,-0.2739803,1
0.4478601,-1.3587286,0.766617,1.49105,-0.31563857,-0.23157781,0.5236755,-1.1588428,-1.5385742,-0.068760335,1
0.6478601,-1.525466,0.566617,1.29105,-0.39047772,-0.4315778,0.43212688,-1.0619695,-1.3385742,0.13123967,1
0.52243525,-1.3254659,0.36661702,1.0910499,-0.3811221,-0.6315778,0.63212687,-1.1666555,-1.5385742,0.33123967,1
0.711388,-1.525466,0.566617,0.8910499,-0.5811221,-0.8315778,0.83212686,-1.0307324,-1.3385742,0.3276027,1
0.511388,-1.3254659,0.36661702,0.69104993,-0.7811221,-0.8817571,0.63212687,-0.8307324,-1.1385741,0.52760273,1
0.31138802,-1.525466,0.16661702,0.8910499,-0.5811221,-0.6817571,0.83212686,-0.6307324,-1.3385742,0.32760274,1
0.511388,-1.3254659,-0.033382982,0.69104993,-0.3811221,-0.8817571,1.0321269,-0.8307324,-1.5385742,0.12760274,1
0.70182836,-1.5049667,-0.1504653,0.55408365,-0.4809123,-1.0672204,0.8209448,-1.0168815,-1.6523235,0.32320043,1
0.49217978,-1.6721857,-0.107094586,0.34727573,-0.6678205,-1.2428558,0.609006,-1.1934847,-1.4243999,0.120831676,1
0.28806996,-1.8458515,-0.302775,0.5395777,-0.46124017,-1.1093774,0.42991024,-1.373884,-1.2669246,-0.07805475,1
0.19945261,-1.846509,-0.09835506,0.70777154,-0.45760822,-1.1234128,0.51473314,-1.1234,-1.4038383,-0.26609674,1
-0.0005402192,-1.6249273,-0.29444438,0.86701137,-0.6489886,-0.9113092,0.31060776,-1.2067158,-1.582816,-0.45998737,1
-0.20054021,-1.5123541,-0.09444438,1.0670114,-0.54227877,-1.1113092,0.11060776,-1.0067158,-1.382816,-0.6517761,1
-0.0005402118,-1.7123542,-0.13335998,1.0102478,-0.34227878,-0.9113092,0.31060776,-0.8067158,-1.582816,-0.85177606,1
-0.19740659,-1.8824719,0.065598704,1.0555466,-0.25049832,-0.8050249,0.10887941,-0.99098486,-1.3612081,-0.86095345,1
-0.33813938,-1.7719027,0.22598869,1.0683008,-0.38331333,-0.8551406,0.2628147,-1.0133674,-1.3283776,-0.9027283,1
-0.49834165,-1.826072,0.39448497,0.8040862,-0.1697565,-0.97710836,0.05816928,-1.0292267,-1.4153475,-0.7519884,1
-0.6845716,-1.5940087,0.5827628,0.8325428,-0.06484266,-0.76178515,-0.13903408,-1.2049885,-1.5834957,-0.6280532,1
-0.6693154,-1.640879,0.7159491,0.9444089,0.12362083,-0.51383334,-0.31009543,-0.91920644,-1.6312634,-0.75737375,1
-0.4693154,-1.8408791,0.9159491,0.7444089,-0.07637917,-0.31383336,-0.46598727,-1.1192064,-1.4312633,-0.55737376,1
-0.61371267,-1.5858666,0.691946,0.9127464,-0.2671132,-0.11001695,-0.25706974,-1.2749784,-1.5765733,-0.7319819,1
-0.41371268,-1.3858665,0.49864414,0.71274644,-0.4671132,-0.10900896,-0.45706975,-1.4749784,-1.3765732,-0.5319819,1
-0.21371268,-1.5858666,0.69864416,0.713786,-0.5939444,-0.30900896,-0.25706977,-1.2749784,-1.2272764,-0.5876325,1
-0.013712674,-1.3858665,0.7857924,0.913786,-0.39394438,-0.10900895,-0.4024837,-1.0749784,-1.4272765,-0.39432588,1
0.18628733,-1.1858665,0.9857924,0.713786,-0.5939444,0.09099105,-0.47406754,-1.0448282,-1.6272765,-0.5943259,1
0.38628733,-1.3858665,0.98168415,0.513786,-0.50394285,0.29099107,-0.55256355,-0.8448282,-1.7167798,-0.3943259,1
0.4061079,-1.4907732,0.90284455,0.31378603,-0.30394286,0.090991065,-0.6436083,-0.6448282,-1.5167798,-0.23933001,1
0.2061079,-1.2907732,0.70284456,0.513786,-0.50394285,0.2213904,-0.84360826,-0.8448282,-1.7167798,-0.30173138,1
0.0061078966,-1.4907732,0.90284455,0.713786,-0.30394286,0.4213904,-1.0436083,-0.8280664,-1.5167798,-0.101731375,1
-0.1938921,-1.3293382,0.70284456,0.913786,-0.103942856,0.22139041,-1.206817,-1.0239489,-1.6458474,0.09826863,1
-0.3938921,-1.1293381,0.5028446,1.113786,0.09605715,0.4213904,-1.1489663,-1.223949,-1.6856927,-0.101731375,1
-0.20994216,-1.0245476,0.6339175,1.1849447,0.18669042,0.19967894,-1.2166749,-1.2843041,-1.7007653,0.056720328,1
-0.40994215,-0.8245476,0.8339175,0.98494476,0.13978913,-0.00032106042,-1.0394449,-1.0843041,-1.9007653,-0.1311601,1
-0.58532315,-0.6518084,0.9921857,0.75326216,0.3260743,0.19161934,-1.1894175,-1.0268599,-2.0159724,0.06606133,1
-0.38532317,-0.4518084,0.7921857,0.5532622,0.29803276,0.39161932,-0.9894175,-0.8268599,-2.2159724,0.26606134,1
-0.5532083,-0.5152541,0.7501939,0.711933,0.47070724,0.18110576,-0.9719444,-0.97051924,-2.2834156,0.062436752,1
-0.32284403,-0.6537658,0.50289536,0.8335368,0.24743535,0.117287226,-1.0711957,-1.0698931,-2.2699237,-0.03178063,1
-0.21784577,-0.424941,0.42312115,0.9678829,0.41901267,0.16058894,-0.8158543,-1.1892251,-2.3130255,0.15753348,1
-0.016438833,-0.5756716,0.20553063,1.0758088,0.20174605,-0.03630396,-0.56730133,-1.2797008,-2.3149025,0.3293461,1
0.17646974,-0.7457055,0.38986397,0.8419741,0.27025053,-0.22717494,-0.35311157,-1.2006577,-2.4177456,0.124349125,1
0.37646973,-0.79618645,0.18986396,0.82649773,0.070250526,-0.42717493,-0.55311155,-1.0006577,-2.2177455,-0.07565088,1
0.17646973,-0.59618646,0.38986397,0.62649775,0.27025053,-0.22717492,-0.75311154,-0.8431524,-2.0177455,0.124349125,1
0.37646973,-0.7711372,0.18986396,0.42922246,0.070250526,-0.07662949,-0.5821481,-0.6431524,-1.8177454,0.32434914,1
0.17646973,-0.728584,-0.010136038,0.22922246,-0.12974948,0.12337051,-0.3821481,-0.8431524,-2.0177455,0.52434915,1
-0.023530275,-0.528584,0.18986396,0.029222459,0.029806152,-0.07662949,-0.5821481,-0.6431524,-2.2177455,0.32434916,1
0.03258091,-0.32858402,-0.010136038,-0.17077754,0.22980615,-0.2766295,-0.3821481,-0.44315243,-2.121118,0.12434916,1
0.23258092,-0.528584,0.06833763,0.029222459,0.029806152,-0.076629505,-0.5821481,-0.6431524,-1.921118,0.21167848,1
0.032580912,-0.728584,0.26833764,0.22922246,-0.17019385,-0.2766295,-0.78214806,-0.8431524,-2.121118,0.011678472,1
0.23258092,-0.928584,0.088950306,0.029222459,-0.115011916,-0.4766295,-0.7582737,-1.0431525,-1.921118,-0.18832153,1
0.032580912,-1.128584,-0.030476682,0.22922246,0.08498809,-0.6766295,-0.9582737,-1.2431525,-2.121118,-0.18608588,1
0.2224198,-0.88801557,0.16211711,0.027945772,0.27253738,-0.8383308,-0.7251459,-1.3801033,-2.2197118,0.013306236,1
0.41341668,-0.67335176,0.35439923,-0.1683872,0.16763592,-0.6313597,-0.90542805,-1.1549516,-2.36814,0.18224508,1
0.197264,-0.43752563,0.51243895,-0.34050542,0.33981097,-0.7684373,-1.0217626,-1.062462,-2.347778,-0.016411126,1
0.397264,-0.23752563,0.31243896,-0.14050542,0.41906542,-0.56843734,-1.2217627,-1.262462,-2.147778,-0.027857937,1
0.59532857,-0.43610784,0.5107784,0.059301794,0.61705935,-0.36724344,-1.0184516,-1.0590191,-2.3401701,-0.20047534,1
0.39532858,-0.63610786,0.641356,-0.14069821,0.41705936,-0.56724346,-0.8184516,-1.2590191,-2.14017,-0.40047532,1
0.5395624,-0.7577872,0.76254374,-0.30878404,0.3418,-0.69537354,-0.56051946,-1.3223487,-2.1209598,-0.54422706,1
0.50327855,-0.92504627,0.5503396,-0.49139178,0.52327913,-0.8647661,-0.73452187,-1.4703088,-1.8552936,-0.4261158,1
0.70327854,-0.90021974,0.75033957,-0.69139177,0.32327914,-0.8022488,-0.5345219,-1.367996,-1.6552936,-0.6261158,1
0.8736803,-1.0641682,0.9191993,-0.86218303,0.11923958,-0.69070584,-0.32356045,-1.5166167,-1.4076072,-0.799046,1
0.9480537,-1.1162535,0.9882467,-0.9379017,-0.071311,-0.4332905,-0.46230096,-1.515763,-1.4195082,-0.52895427,1
1.1263766,-1.2914004,0.937492,-0.72396886,-0.26618817,-0.22888559,-0.296643,-1.3492355,-1.5889292,-0.32274306,1
0.8439301,-1.3586675,1.0362566,-0.47733623,-0.42469794,-0.39071524,-0.3830096,-1.4113553,-1.6297165,-0.11181906,1
1.0399902,-1.1542945,0.8331004,-0.67477983,-0.6009252,-0.18999545,-0.58080924,-1.6052737,-1.4243205,-0.3106422,1
1.1531812,-0.88748646,0.96077526,-0.81353843,-0.7448542,0.009304154,-0.72614646,-1.3068936,-1.5106055,-0.4748933,1
1.3531812,-1.0874865,0.76077527,-1.0135385,-0.6792959,-0.19069585,-0.5261465,-1.1068935,-1.3106054,-0.6748933,1
1.1531812,-0.8874865,0.9196446,-0.8135385,-0.4792959,-0.39069587,-0.32614648,-1.3068936,-1.5106055,-0.47489333,1
0.92156714,-1.051418,0.6957762,-0.9195379,-0.27003255,-0.5711043,-0.18124162,-1.4569147,-1.65387,-0.6525092,1
1.1215671,-1.0486271,0.8957762,-0.7195379,-0.47003257,-0.3711043,-0.38124162,-1.2569146,-1.4538699,-0.45250922,1
1.0040346,-1.2486272,1.0957762,-0.5195379,-0.67003256,-0.5711043,-0.18124162,-1.0569146,-1.65387,-0.25250924,1
0.79091394,-1.031515,1.0430653,-0.6935833,-0.46236232,-0.72802925,-0.3750203,-1.2364036,-1.8236176,-0.051652357,1
0.59091395,-0.831515,1.2430654,-0.8935833,-0.6057177,-0.92802924,-0.17502029,-1.0671583,-1.6236175,0.14834765,1
0.69814134,-0.5988561,1.368437,-0.6577145,-0.4005278,-1.069693,0.02368788,-1.201627,-1.7293088,0.3303328,1
0.84856427,-0.75475955,1.2257465,-0.43244883,-0.56737894,-0.9513557,0.2113404,-1.0841802,-1.8228117,0.50105864,1
0.6395955,-0.54708797,1.4060304,-0.3318958,-0.7567671,-0.7409655,0.40565214,-0.87195325,-1.994839,0.42257583,1
0.41233698,-0.70076233,1.1312466,-0.49891388,-0.8974396,-0.88261783,0.5680967,-1.0054834,-1.9617712,0.20877428,1
0.32689452,-0.721181,1.2311423,-0.27643678,-1.0149167,-0.83333635,0.7103389,-0.7449143,-1.9992148,0.00811449,1
0.23529045,-0.9205762,1.0304652,-0.07638659,-0.8143817,-0.6411981,0.9097413,-0.54455656,-2.1977708,-0.027626907,1
0.43529046,-0.7205762,0.83046526,-0.0790298,-1.0143818,-0.64773536,1.1097413,-0.74455655,-1.9977708,-0.2276269,1
0.2291532,-0.8965642,0.6140204,-0.20787546,-0.7931397,-0.43605676,1.2755785,-0.722606,-2.1404448,-0.41647282,1
0.3756508,-0.77366906,0.41402042,-0.22283694,-0.5931397,-0.6360568,1.4755785,-0.522606,-1.9404447,-0.61647284,1
0.5155845,-0.7761984,0.30652303,-0.18776274,-0.39313972,-0.4360568,1.2755785,-0.32260603,-1.7404447,-0.8164728,1
0.7155845,-0.6388788,0.506523,-0.38776273,-0.5023463,-0.6360568,1.1383919,-0.4165709,-1.9404447,-0.61647284,1
0.5155845,-0.8388788,0.30652303,-0.5877627,-0.70234627,-0.7614707,1.107115,-0.6165709,-2.1404448,-0.41647285,1
0.660654,-0.95913124,0.09834599,-0.7272916,-0.83307934,-0.51837045,0.92261815,-0.54598624,-2.160785,-0.5691505,1
0.69827497,-1.0855348,-0.09519972,-0.5885834,-0.9674863,-0.29815623,0.6767371,-0.6986215,-2.2108922,-0.34571213,1
0.49034783,-1.0772727,0.10313299,-0.38240138,-0.75527626,-0.49023098,0.46915263,-0.74242556,-2.372537,-0.4808082,1
0.26913974,-1.1839759,0.28099105,-0.53986067,-0.51471686,-0.5575057,0.24949273,-0.8735873,-2.3846292,-0.26029694,1
0.06779442,-0.96482986,0.471632,-0.7254645,-0.30859315,-0.35054943,0.44074658,-0.6906771,-2.534338,-0.059123687,1
0.23901148,-1.0396322,0.599444,-0.8259942,-0.4539288,-0.49137557,0.41458073,-0.43793842,-2.4404473,-0.23127268,1
0.43230233,-0.82680064,0.6020947,-0.61642754,-0.25004813,-0.6808097,0.21130142,-0.23430215,-2.600095,-0.030794758,1
0.63230234,-0.62680066,0.5922142,-0.8164275,-0.45004815,-0.4808097,0.011301413,-0.034302145,-2.400095,-0.111664996,1
0.78571206,-0.78051835,0.37025905,-0.86642796,-0.61366004,-0.6426996,0.19947328,0.1564225,-2.454548,0.08339023,1
0.5857121,-0.58051836,0.5296113,-1.066428,-0.41366005,-0.8426996,-0.00052672625,-0.043577507,-2.2545478,0.28339022,1
0.3857121,-0.38051838,0.5723192,-0.86642796,-0.21366005,-0.6426996,0.19947328,0.148945,-2.4320974,0.4833902,1
0.5857121,-0.49775687,0.57655185,-0.7465926,-0.41366005,-0.4426996,0.121331215,0.34894502,-2.2320974,0.6833902,1
0.45755476,-0.69452673,0.77655184,-0.5465926,-0.4699147,-0.24269961,0.3213312,0.14894502,-2.0320973,0.8833902,1
0.65755475,-0.49452674,0.57655185,-0.7465926,-0.6699147,-0.042699605,0.1213312,0.34894502,-1.8320973,1.0833902,1
0.85755473,-0.56235594,0.37655187,-0.5465926,-0.46991473,0.11028047,-0.035514653,0.548945,-1.9798098,0.88339025,1
1.0575547,-0.36235595,0.40816206,-0.3465926,-0.26991475,0.31028047,0.10954927,0.34894502,-2.1798098,1.0833902,1
0.85755473,-0.56235594,0.20816205,-0.40539402,-0.46991473,0.11028047,0.30954927,0.548945,-2.3798099,0.88339025,1
0.6922852,-0.36235595,0.3563176,-0.20539401,-0.6699147,0.31028047,0.50954926,0.748945,-2.1798098,1.0833902,1
0.89228517,-0.56235594,0.5563176,-0.0053940117,-0.6382095,0.4425606,0.70954925,0.948945,-1.9798098,1.2833903,1
0.6922852,-0.7623559,0.7563176,-0.14736992,-0.7952265,0.6425606,0.90954924,0.748945,-1.7798097,1.0833902,1
0.89228517,-0.56235594,0.5563176,-0.3473699,-0.5952265,0.54851526,0.70954925,0.548945,-1.5798097,0.88339025,1
1.0034516,-0.7623559,0.35631764,-0.5473699,-0.7952265,0.74851525,0.50954926,0.34894502,-1.3798096,1.0833902,1
0.80794924,-0.56235594,0.5563176,-0.3473699,-0.98858356,0.94851524,0.6567462,0.548945,-1.1798096,1.100541,1
0.8269821,-0.36235595,0.41489774,-0.2790375,-1.0602558,0.74851525,0.45674622,0.591443,-1.3798096,1.097722,1
1.0269821,-0.56235594,0.6148977,-0.47903752,-1.2602558,0.54851526,0.25674623,0.791443,-1.5798097,1.2977221,1
1.2269821,-0.7623559,0.8148977,-0.48851603,-1.2861804,0.74851525,0.45674622,0.591443,-1.3798096,1.097722,1
0.99317956,-0.9306806,0.59465873,-0.6501176,-1.0504293,0.91729546,0.28554457,0.6599506,-1.5278112,1.2550083,1
0.904642,-0.9632738,0.37581557,-0.8095283,-0.8098252,0.6830479,0.19343087,0.8188919,-1.6453161,1.3855383,1
1.0968872,-1.0349607,0.5184169,-1.0024412,-0.6055441,0.4796568,0.38389167,0.61454713,-1.531022,1.4093353,1
1.2233106,-1.1648974,0.30035207,-1.1342229,-0.38253626,0.3498065,0.1734589,0.7683352,-1.2555087,1.5180324,1
0.9946734,-1.2444433,0.097543724,-1.2968849,-0.177428,0.14561418,0.25313106,0.9412365,-1.4147766,1.3290157,1
0.7946734,-1.3116767,0.29754373,-1.496885,0.022571996,0.3456142,0.33220023,0.7412365,-1.2147765,1.2096883,1
0.5946734,-1.1116767,0.12054962,-1.6816472,-0.177428,0.5456142,0.5322002,0.5412365,-1.0147765,1.0096883,1
0.7946734,-0.9116767,0.13575593,-1.8816472,-0.377428,0.38326225,0.7322002,0.34123653,-1.2147765,1.2096883,1
0.9616147,-1.0747293,0.029144548,-1.9715997,-0.5582368,0.56387717,0.6846024,0.13654244,-0.9810497,0.9761306,1
0.7251337,-0.83283013,-0.16267155,-2.067581,-0.3410774,0.72728777,0.46139014,0.32042217,-1.1244779,1.1197945,1
0.5251337,-0.63283014,-0.10504335,-2.0380905,-0.14107738,0.92728776,0.6613901,0.12042217,-1.3244779,0.9197945,1
0.65733194,-0.7549585,-0.00027464872,-1.9571818,0.053413212,1.0218836,0.41824904,-0.07213712,-1.3819356,1.0150911,1
0.83458173,-0.753638,0.122460805,-1.710553,-0.14269696,1.1894597,0.55702645,0.12446991,-1.5399573,0.8136942,1
0.9237761,-0.8515016,0.28792462,-1.6987404,-0.30599347,1.2406459,0.31878823,-0.06744067,-1.5536046,0.54796636,1
0.6742144,-0.60688907,0.081903845,-1.7687213,-0.09873541,1.3419956,0.12415133,-0.24912727,-1.633524,0.69674826,1
0.86656207,-0.40332744,0.27943626,-1.9514885,-0.29612046,1.1319993,0.13860287,-0.048697237,-1.4209757,0.8888987,1
0.7016594,-0.5250647,0.4172445,-1.8724006,-0.43176442,1.1592143,0.2946798,-0.2164366,-1.4107051,0.9476483,1
0.84856284,-0.6823674,0.58089644,-1.5739169,-0.59456134,1.2791735,0.4655493,-0.01546868,-1.5158546,0.7036211,1
0.9376974,-0.7890739,0.69833153,-1.3409429,-0.7105516,1.2969596,0.59518015,-0.19268699,-1.5344357,0.5286228,1
1.1376975,-0.5890739,0.49833155,-1.1409428,-0.9105516,1.0969596,0.39518017,0.007313013,-1.3344357,0.38722825,1
0.93769747,-0.6314018,0.69833153,-1.0160674,-0.7105516,1.1013999,0.59518015,0.20731302,-1.5344357,0.18722825,1
1.1376975,-0.83140177,0.6859347,-0.8160674,-0.6233816,0.9013999,0.79518014,0.007313013,-1.430361,0.23015621,1
1.3376975,-0.6314018,0.48593473,-0.6160674,-0.8233816,0.7013999,0.9435788,-0.19268699,-1.6303611,0.43015623,1
1.1376975,-0.83140177,0.28593475,-0.41606742,-1.0233816,0.50139993,1.1435788,0.007313013,-1.5840464,0.6301562,1
1.3376975,-0.6314018,0.244247,-0.21606742,-0.8233816,0.6656125,1.0710363,0.099617794,-1.7840464,0.56696534,1
1.1102295,-0.8113288,0.110762104,-0.19019014,-0.9986736,0.45437104,1.2403492,-0.09795863,-1.9361447,0.74844813,1
1.3058236,-0.6092731,-0.08893781,0.009776878,-0.79598784,0.5362036,1.0368507,-0.2969567,-2.1289613,0.54660386,1
1.3110079,-0.72274214,0.09918694,0.18734664,-0.53226227,0.65748554,1.1046014,-0.08658966,-2.079939,0.66677374,1
1.0828923,-0.83029747,0.28106123,0.36387992,-0.6878994,0.80553627,0.8532421,-0.26922712,-2.1418128,0.6454335,1
1.177918,-0.945992,0.07442828,0.15047021,-0.44797638,0.75982636,0.9670591,-0.43083197,-2.1501908,0.4089853,1
1.1316459,-1.0457149,0.27442828,0.35047022,-0.24797638,0.5598264,0.8976077,-0.5823072,-1.9501908,0.29444152,1
1.3082538,-0.8308587,0.46609432,0.3009825,-0.047133602,0.35350555,1.0783267,-0.5495992,-2.1124198,0.48575595,1
1.2185477,-0.9686821,0.25004476,0.094891705,-0.14914098,0.410764,0.8253501,-0.70438683,-2.1729455,0.64439434,1
1.2623774,-0.7128401,0.4173506,0.12738393,-0.043363772,0.19545275,0.81331074,-0.83868635,-2.2005596,0.67855805,1
1.4623774,-0.5128401,0.21735059,-0.07261607,-0.24336377,0.39545274,0.61331075,-1.0386864,-2.0005596,0.47855806,1
1.4939408,-0.3459985,0.37506348,0.11447704,-0.39009053,0.53511983,0.73090386,-1.1131793,-1.9775928,0.6098047,1
1.2290353,-0.3882654,0.5123282,0.28016987,-0.52571595,0.6549236,0.82934904,-1.1627241,-1.9400332,0.69926405,1
1.2571111,-0.16561557,0.6266295,0.070524804,-0.6384066,0.4001927,0.90551025,-1.1987777,-1.8825703,0.79107547,1
1.3907694,-0.34896922,0.4072052,0.2582079,-0.4184461,0.57286614,0.6733886,-0.9533037,-1.9877516,0.9459521,1
1.1907693,-0.14896922,0.6072052,0.058207884,-0.6184461,0.37286615,0.4733886,-1.1533037,-2.0612924,0.7459521,1
1.2913913,0.047384355,0.37810817,-0.1316603,-0.75996363,0.5319317,0.2538535,-1.2566028,-2.0997107,0.50694084,1
1.446552,-0.1480272,0.5607271,-0.3216888,-0.5805968,0.70992583,0.31201145,-1.4128095,-1.8425951,0.37155223,1
1.2221754,0.05095647,0.7458509,-0.51148707,-0.37315416,0.89213204,0.10982104,-1.1890928,-2.0026517,0.5603754,1
1.2263807,0.24937485,0.6575782,-0.30952397,-0.56954193,0.9424533,-0.08961063,-1.3803382,-1.7912906,0.7555832,1
1.0263807,0.37282658,0.45757818,-0.10952397,-0.36954194,1.1424533,-0.1409333,-1.5803382,-1.5912906,0.55558324,1
1.2105223,0.35205618,0.649075,-0.3055215,-0.5621771,1.2193732,0.0583029,-1.3624889,-1.6361921,0.7458127,1
0.94122773,0.51420003,0.41828057,-0.28323084,-0.70991236,1.3220426,0.2029782,-1.4553443,-1.710279,0.5083847,1
1.0822808,0.67731005,0.586345,-0.23021586,-0.86291337,1.2137164,0.38216347,-1.4541674,-1.4322697,0.66584,1
0.88228077,0.47731006,0.38634503,-0.40843293,-1.002245,1.0137163,0.18216346,-1.2541673,-1.6322697,0.86584,1
0.9527102,0.39615855,0.51614785,-0.5355914,-1.0583123,1.0684104,-0.015701152,-1.2800746,-1.6129106,0.9382377,1
0.84197253,0.19615854,0.3557053,-0.5676091,-1.2583123,0.8684104,-0.21570116,-1.0800745,-1.6073436,1.1382377,1
0.62551755,0.38600424,0.5414615,-0.7479338,-1.0751038,1.041025,-0.40504593,-0.88772047,-1.7610179,1.1464144,1
0.45621312,0.58511865,0.48163795,-0.94650126,-1.0449694,0.8397541,-0.6041316,-1.0860767,-1.5586588,1.2452157,1
0.53328127,0.7205369,0.2584712,-0.6850961,-1.1425617,0.95422673,-0.64718455,-0.81319046,-1.6139963,1.3263361,1
0.7198174,0.9036348,0.057397593,-0.5964035,-0.9439493,1.132932,-0.43897375,-0.8760537,-1.3880337,1.498311,1
0.5198174,0.7036348,0.2573976,-0.79640347,-1.1439493,0.93293196,-0.6389738,-0.81473625,-1.5880338,1.298311,1
0.6888935,0.72203285,0.43774742,-0.9535972,-0.9033965,1.0842603,-0.42011514,-0.83770174,-1.7112186,1.0511267,1
0.8796623,0.5166115,0.34253123,-0.74577105,-0.95455074,1.2709233,-0.27276257,-0.6310792,-1.8913705,0.8422877,1
1.0686934,0.31339487,0.5370194,-0.5402262,-0.7468848,1.3888581,-0.072023325,-0.82263577,-1.8990972,0.63576233,1
0.8126104,0.48025003,0.68943727,-0.69243705,-0.88575375,1.4862812,-0.25446144,-0.95661426,-1.6992177,0.54169995,1
0.8510858,0.28025,0.66495556,-0.6141384,-0.68575376,1.5019643,-0.054461434,-0.75661427,-1.4992176,0.74169993,1
0.6363899,0.078438655,0.68015236,-0.7957622,-0.47478965,1.6635487,0.14225356,-0.9350222,-1.660864,0.9204444,1
0.43638992,0.11745052,0.88015234,-0.5957622,-0.47262672,1.4635487,0.34225357,-1.1350222,-1.460864,0.72044444,1
0.63037735,0.31445128,0.962363,-0.46043408,-0.66105324,1.6478317,0.14090957,-1.0450788,-1.5066293,0.9117482,1
0.43037736,0.114451274,1.162363,-0.66043407,-0.70117515,1.4591854,0.039922945,-0.84507877,-1.7066294,0.7117482,1
0.62634134,-0.08500101,1.3536406,-0.85492516,-0.80194646,1.2511234,-0.15905218,-0.86132044,-1.4969832,0.90591073,1
0.42634135,0.114998996,1.1536405,-1.0549252,-0.6019465,1.0511234,-0.22244638,-0.66132045,-1.2969831,0.70591074,1
0.22634135,-0.08500101,0.9536405,-0.85624117,-0.668911,1.2511234,-0.42244637,-0.54647326,-1.0969831,0.90591073,1
0.026341349,-0.285001,0.75364053,-0.95121884,-0.86891097,1.4511235,-0.22244637,-0.40818712,-0.8969831,1.1059108,1
-0.17365865,-0.08500101,0.9536405,-1.1276785,-1.01616,1.2511234,-0.022446364,-0.20818712,-0.6969831,1.1542696,1
0.026341349,-0.285001,0.75364053,-0.9276785,-0.81616,1.4511235,-0.22244637,-0.2757741,-0.5234814,1.3200672,1
0.15575619,-0.48500103,0.7673561,-1.0411886,-0.67495525,1.6511235,-0.022446364,-0.07577409,-0.32348144,1.5200672,1
0.2548731,-0.685001,0.9673561,-1.2259102,-0.47495526,1.516168,0.17755364,-0.2757741,-0.5234814,1.7200673,1
0.054873094,-0.5945646,1.1673561,-1.4259102,-0.27495527,1.316168,-0.01604861,-0.2772445,-0.7234814,1.5200672,1
0.20370358,-0.7614297,0.92701554,-1.5581067,-0.45514873,1.0696216,0.17628027,-0.45734248,-0.8849705,1.6483371,1
0.0035926288,-0.93262756,1.0932529,-1.705438,-0.24750505,0.84356976,0.33123887,-0.24963309,-1.0524673,1.4049484,1
-0.08008795,-0.70257807,1.2402089,-1.4436909,-0.42915016,0.78747225,0.50944954,-0.047597334,-1.2010962,1.5391197,1
-0.2459333,-0.83112615,1.2331294,-1.5135695,-0.21100967,0.9092998,0.6532865,-0.121359214,-0.92184514,1.5081723,1
-0.043485858,-0.59749824,1.3567688,-1.3069128,-0.3891101,0.9596615,0.42913434,-0.30423644,-1.0620705,1.6171569,1
0.06495062,-0.7974982,1.2591128,-1.1069127,-0.18911009,0.7596615,0.40005502,-0.50423646,-1.0202852,1.8171569,1
-0.13504937,-0.59749824,1.4591129,-0.90691274,-0.3891101,0.9596615,0.60005504,-0.70423645,-0.82028526,1.6171569,1
-0.3217712,-0.7658929,1.5914254,-1.0630451,-0.18161555,1.1137035,0.43736333,-0.86840105,-0.7590384,1.3609941,1
-0.12106352,-0.88044286,1.493631,-0.8580295,-0.37939775,0.90839344,0.63365924,-0.74485683,-0.95346487,1.5519223,1
-0.32106352,-0.68044287,1.4748119,-0.6580295,-0.57939774,0.70839345,0.83365923,-0.54485685,-0.7534649,1.3538638,1
-0.121063516,-0.48044288,1.674812,-0.4580295,-0.7329818,0.90839344,0.63365924,-0.74485683,-0.9524863,1.1538638,1
-0.32106352,-0.68044287,1.4748119,-0.25802952,-0.9329818,1.1083934,0.43365926,-0.60600793,-1.1524863,1.1695361,1
-0.121063516,-0.88044286,1.674812,-0.058029518,-1.0481609,1.257332,0.2905927,-0.5492533,-0.95248634,0.9695361,1
0.07794544,-1.0453424,1.5461594,-0.25478998,-1.2324904,1.0440571,0.17461455,-0.73984647,-0.96178025,1.1548526,1
-0.12205456,-0.84534246,1.4731767,-0.054789975,-1.0324904,0.84405714,-0.025385454,-0.5398465,-0.7870505,1.3548527,1
0.07794544,-0.64534247,1.2731767,-0.25478998,-1.2324904,1.0440571,-0.22538546,-0.73984647,-0.9870505,1.1548526,1
0.27794546,-0.44534248,1.0731766,-0.054789975,-1.4324905,0.84405714,-0.025385454,-0.93984646,-0.7870505,1.3548527,1
0.077945456,-0.24534248,1.2731767,0.14521003,-1.6324905,1.0440571,0.16986994,-1.1398464,-0.5870505,1.1548526,1
0.2653111,-0.043281373,1.024394,0.32951805,-1.7491924,1.1245185,-0.028760457,-1.278942,-0.36945662,1.293266,1
0.17290035,-0.13008143,0.82439405,0.12951805,-1.5491923,0.9652393,0.17123954,-1.078942,-0.56945664,1.093266,1
-0.027099654,0.06991857,0.62439406,-0.070481956,-1.7491924,1.1652393,0.37123954,-1.278942,-0.6625364,1.293266,1
0.17290035,0.26991856,0.55717325,-0.16985816,-1.5491923,0.96523935,0.23971035,-1.078942,-0.8625364,1.4932661,1
-0.027099654,0.06991856,0.35717326,0.030141845,-1.7491924,0.76523936,0.25399566,-0.92588806,-1.0625364,1.6932662,1
-0.2097682,-0.12015409,0.5146518,-0.067231745,-1.8004369,0.8915757,0.28752178,-1.0399643,-1.1661841,1.453105,1
-0.34563333,0.07984591,0.71465176,-0.26723176,-1.6519914,1.0915757,0.08752178,-0.83996433,-1.3661841,1.2531049,1
-0.5456333,0.27984592,0.6927056,-0.46723175,-1.4519913,1.2915758,-0.11247823,-0.65390134,-1.1661841,1.2641983,1
-0.33052173,0.45886636,0.47116375,-0.255548,-1.5797639,1.4263619,0.083695196,-0.4340561,-1.3064525,1.4001814,1
-0.11359782,0.54688215,0.5841382,-0.048345447,-1.5489933,1.415482,0.24691026,-0.48166606,-1.3111205,1.3890599,1
-0.2752241,0.46005574,0.33713275,-0.2179564,-1.534976,1.4178019,0.35133627,-0.59825325,-1.3262106,1.3946129,1
-0.44577134,0.6191478,0.5038431,-0.27789485,-1.6274482,1.1423266,0.5171664,-0.74878025,-1.4316214,1.1205748,1
-0.6243177,0.40522298,0.6804602,-0.07530705,-1.7667372,0.9110209,0.69334084,-0.9172601,-1.1907048,1.134081,1
-0.7560995,0.20522298,0.7040393,0.124692954,-1.6637322,1.1110209,0.8933408,-0.79566485,-0.99070483,0.934081,1
-0.531597,0.0127207795,0.864206,-0.07198891,-1.7816135,0.87088007,1.0451667,-0.95179445,-0.9268473,1.0841118,1
-0.317492,0.20367235,1.0189382,-0.26041943,-1.731843,1.0253284,0.80921614,-0.85421157,-1.0789149,1.0735545,1
-0.111640394,0.3425421,0.7781515,-0.43748853,-1.8356289,0.7842235,0.95895284,-1.0017073,-1.2152194,0.8300477,1
-0.30760777,0.16118465,0.9654943,-0.23441544,-1.6144639,0.5766637,0.74913204,-1.1861573,-1.3969066,1.016719,1
-0.49849558,-0.038118564,0.75175273,-0.42661715,-1.3890725,0.7627216,0.53927445,-1.1461779,-1.5682402,1.1948774,1
-0.2984956,0.16188145,0.55175275,-0.62661713,-1.5890726,0.9627216,0.73927444,-0.9461779,-1.3682401,0.9948774,1
-0.49849558,0.36188143,0.5524526,-0.42661715,-1.4007143,1.1627216,0.93927443,-0.7675979,-1.1682401,0.7948774,1
-0.2984956,0.50783265,0.7524526,-0.62661713,-1.2386751,1.3118619,0.73927444,-0.9675979,-1.039982,0.9948774,1
-0.09849559,0.30783266,0.5524526,-0.8266171,-1.0386751,1.4126163,0.93927443,-0.9377418,-1.239982,0.7948774,1
-0.2984956,0.50783265,0.35245264,-1.0266172,-1.2386751,1.2126162,0.73927444,-1.1377418,-1.039982,0.949011,1
-0.09390576,0.67484814,0.14534844,-1.1694578,-1.2387959,1.3467894,0.51414466,-1.2754041,-1.1821997,0.7141077,1
-0.18514019,0.6094852,0.34534845,-0.9694578,-1.4387959,1.5467894,0.31414467,-1.075404,-0.9821997,0.78230333,1
0.0148598105,0.40948522,0.14534844,-0.85268724,-1.638796,1.381725,0.11414467,-1.1856506,-0.78219974,0.78523517,1
-0.18514019,0.20948522,0.34534845,-0.8788749,-1.838796,1.1817249,-0.085855335,-1.3856506,-0.9821997,0.5852352,1
-0.3839417,0.0094556995,0.14489615,-1.0755178,-1.6336964,0.97867,0.11378948,-1.5807165,-1.1785209,0.38403642,1
-0.4815982,0.19205278,-0.050525475,-1.1695397,-1.6813413,0.92455816,-0.079047605,-1.6327633,-0.9891654,0.1687455,1
-0.5820135,-0.007565358,0.0049419897,-1.3037335,-1.790943,0.6897432,0.11514065,-1.363919,-1.1320262,0.3510273,1
-0.3630132,0.18286347,-0.16798875,-1.428942,-1.7165521,0.84548986,0.29946643,-1.486134,-0.8856698,0.14351563,1
-0.3337079,-0.015899666,-0.34142843,-1.5113698,-1.7205744,0.5989003,0.4634164,-1.5644339,-0.6361802,0.31872168,1
-0.13031131,0.17942362,-0.13783571,-1.6028196,-1.4819471,0.38876703,0.6465636,-1.7196119,-0.6203271,0.50554454,1
-0.31291348,0.30038902,0.058890037,-1.7078633,-1.5933573,0.17882448,0.80197424,-1.4395725,-0.39818808,0.6683828,1
-0.48528698,0.09498188,-0.13350953,-1.8051023,-1.3183085,-0.020034965,0.7901258,-1.5512621,-0.1875133,0.8216101,1
-0.26727557,-0.098387875,0.062292643,-1.8785117,-1.4224511,-0.16122182,0.5528686,-1.6406975,0.011698357,0.58236516,1
-0.06361615,-0.023578143,0.18344155,-1.8817354,-1.468851,-0.17691052,0.31946194,-1.6122023,-0.17047481,0.7082973,1
0.12974665,-0.21269757,0.16437119,-1.9804264,-1.2071015,-0.35856792,0.46257213,-1.5626041,0.028088327,0.86409444,1
0.29228547,-0.011255044,0.1351333,-1.8750432,-1.2076044,-0.4951113,0.5873,-1.5623617,-0.037642404,0.94320697,1
0.34942096,0.17809378,0.31622118,-1.9579451,-1.0551122,-0.655885,0.74287134,-1.2854813,-0.035992518,1.0786939,1
0.5003016,0.34429142,0.47006992,-1.9650204,-1.1429026,-0.41512793,0.85857666,-0.988437,0.020025393,1.164376,1
0.46579403,0.54429144,0.67006993,-1.7650204,-0.9429026,-0.6151279,1.0560867,-0.788437,-0.17997462,1.3643761,1
0.63625944,0.71127474,0.44921768,-1.7197899,-0.7099475,-0.62698936,1.2003669,-0.5741861,-0.16465367,1.4949805,1
0.40698412,0.85012335,0.4223106,-1.703535,-0.84888524,-0.58976436,1.2153898,-0.34907624,-0.3401835,1.4993657,1
0.20243368,0.6358307,0.4712402,-1.8616867,-1.025826,-0.38119557,1.3842733,-0.14579886,-0.34170932,1.2707998,1
0.057968304,0.7388281,0.5339843,-1.8224171,-0.95187646,-0.16016687,1.40041,-0.17886566,-0.4788411,1.3001058,1
0.23997243,0.8733354,0.31068558,-1.5092373,-1.0715215,0.037054367,1.4887655,-0.35243598,-0.6065531,1.3954585,1
0.038036708,0.86139214,0.48595497,-1.6264653,-0.829317,0.17656364,1.2263553,-0.5080928,-0.76749474,1.5181963,1
0.2380367,1.0613922,0.38428947,-1.4264653,-0.629317,0.37656364,1.0263553,-0.7080928,-0.5828177,1.7181964,1
0.03451587,1.1446325,0.53020525,-1.4759129,-0.4677413,0.52319455,1.1128387,-0.46106163,-0.50582373,1.7406402,1
0.22335905,0.89969265,0.6954666,-1.5961833,-0.6359743,0.68878937,1.250382,-0.2486419,-0.67224497,1.467346,1
0.023359045,0.69969267,0.4954666,-1.3961833,-0.4359743,0.48878938,1.1152668,-0.4486419,-0.47224498,1.4721565,1
0.22335905,0.5292586,0.6954666,-1.4670404,-0.53985816,0.68878937,0.9152668,-0.35807198,-0.272245,1.2721565,1
0.023359045,0.7292586,0.4954666,-1.2670404,-0.33985817,0.88878936,0.7902687,-0.22363463,-0.13806309,1.4721565,1
-0.17664096,0.9292586,0.6954666,-1.4670404,-0.13985817,1.0887893,0.9902687,-0.023634627,-0.3380631,1.2721565,1
-0.27915102,0.93287635,0.4954666,-1.6670405,-0.33753943,0.88878936,1.1902688,-0.058146123,-0.13806309,1.0721564,1
-0.479151,1.1254532,0.2954666,-1.5566297,-0.5375394,0.8214893,1.3902688,-0.25814614,0.061936915,1.0610358,1
-0.6488568,0.92545325,0.0954666,-1.369727,-0.67830276,0.7260328,1.5256104,-0.45814615,-0.13806309,0.86103576,1
-0.4466703,0.7219193,-0.10402419,-1.5620804,-0.701411,0.9165341,1.7172045,-0.65494007,0.061635196,1.0558671,1
-0.37175125,0.5219193,0.095975816,-1.3620803,-0.901411,1.1165341,1.5172044,-0.45494008,-0.1383648,0.8558671,1
-0.17175125,0.7219193,-0.003813304,-1.1620803,-1.101411,1.3165342,1.3172044,-0.65494007,-0.3383648,0.6558671,1
0.028248757,0.5219193,-0.20381331,-1.3620803,-0.901411,1.5165342,1.1172043,-0.45494008,-0.5383648,0.8558671,1
0.22824876,0.32191932,-0.0038133115,-1.5620804,-1.0101221,1.3165342,1.3172044,-0.2549401,-0.7383648,1.0558671,1
0.26168546,0.25123248,-0.20381331,-1.3620803,-1.2101221,1.1165341,1.5172044,-0.45494008,-0.9383648,0.8558671,1
0.08060042,0.04962165,-0.39111683,-1.5129663,-0.9783624,1.2751404,1.2819264,-0.2469244,-1.1025729,1.0226691,1
0.27664194,0.027238287,-0.1884207,-1.6888012,-0.8496623,1.0599731,1.0666634,-0.44061953,-1.1852218,1.2054206,1
