pca_0,pca_1,pca_2,pca_3,pca_4,pca_5,pca_6,pca_7,pca_8,pca_9,target
0.06268781,0.2,0.2,0.2,-0.019186616,0.2,0.019784415,0.2,0.2,0.2,0
0.2626878,0.27984577,0.30665892,0.34030414,-0.08940338,0.4,-0.18021558,0.0,0.14850312,0.4,0
0.0626878,0.07984577,0.10665892,0.5403041,-0.28940338,0.2,-0.3802156,-0.2,-0.05149688,0.6,0
0.2626878,-0.12015423,0.0794805,0.34030414,-0.48940337,0.0,-0.5802156,0.0,-0.25149688,0.8,0
0.4626878,-0.14237599,-0.120519504,0.14030413,-0.28940338,0.18592893,-0.78021556,-0.2,-0.4514969,0.6041089,0
0.517922,0.057624012,-0.3205195,0.035145253,-0.12916325,-0.014071077,-0.90330976,-0.2517857,-0.2514969,0.8041089,0
0.6481808,0.25762403,-0.184114,-0.16485475,0.07083675,-0.21407108,-1.1033098,-0.45178568,-0.4514969,1.0041089,0
0.4481808,0.26256073,-0.384114,-0.14859526,-0.059481338,-0.014071077,-1.3033098,-0.2517857,-0.6514969,0.9197291,0
0.24818079,0.092662856,-0.27212468,-0.34859526,0.017305657,-0.14471135,-1.2430576,-0.10694671,-0.8514969,1.1197292,0
0.4481808,0.13574006,-0.4721247,-0.39616913,-0.18269435,-0.34471136,-1.0430576,-0.3069467,-1.0514969,0.9197292,0
0.28863358,-0.06425995,-0.32600915,-0.27644905,-0.30830923,-0.18506621,-1.0371218,-0.5069467,-1.2514969,0.9327118,0
0.48863357,-0.26425993,-0.52600914,-0.13167098,-0.50830925,-0.28879243,-1.2371218,-0.70317066,-1.3017532,1.1327118,0
0.28863358,-0.06425993,-0.72600913,0.06832902,-0.30830926,-0.08879243,-1.0371218,-0.90317065,-1.5017532,0.9327118,0
0.08863358,0.13574007,-0.9260091,-0.13167098,-0.50830925,-0.058061235,-1.139638,-1.0024748,-1.7017533,1.1327118,0
0.28048012,-0.020815685,-1.094201,0.06639883,-0.4970951,0.13792922,-0.997629,-1.1685066,-1.8480315,1.2950647,0
0.08048011,0.05220864,-1.0180724,0.09676388,-0.4322901,-0.062070787,-0.797629,-0.96850663,-2.0480316,1.0950646,0
0.2600201,0.23381093,-1.1292183,0.14090735,-0.32056198,-0.24295364,-0.92485553,-1.0832683,-2.0840456,1.0241444,0
0.05989459,0.033740222,-0.9272752,-0.058969084,-0.12030986,-0.44202736,-0.7967448,-1.1898941,-2.2792695,0.822421,0
-0.13166003,0.042544253,-0.84755945,-0.24335876,-0.22066073,-0.60332674,-0.5607738,-1.306113,-2.329822,0.5849022,0
-0.22150113,-0.15745574,-0.64755946,-0.043358758,-0.41875035,-0.40332675,-0.7607738,-1.106113,-2.2880201,0.7849022,0
-0.42150113,-0.35745573,-0.44755948,-0.18857141,-0.61875033,-0.3769477,-0.5607738,-1.306113,-2.08802,0.94365436,0
-0.20807631,-0.20108072,-0.5592303,-0.36502075,-0.76912725,-0.1662232,-0.7146646,-1.2515838,-2.149347,1.0743394,0
-0.40684673,-0.0010774652,-0.35814792,-0.56331825,-0.96620715,-0.36511973,-0.91190857,-1.0484152,-1.9434733,1.2704997,0
-0.2563524,0.028512591,-0.1529437,-0.73819953,-1.051446,-0.15968609,-0.6884816,-1.2073333,-1.8110896,1.4221096,0
-0.0548561,-0.166934,-0.051861808,-0.52390903,-1.218217,-0.35013554,-0.72050035,-1.0491221,-1.9576902,1.2778796,0
-0.24318878,-0.35013574,0.14135642,-0.6907684,-1.353291,-0.14326231,-0.49667183,-1.1919372,-1.677223,1.4102222,0
-0.03951715,-0.13737217,-0.05365808,-0.815041,-1.4212402,0.05191422,-0.5874112,-0.9076091,-1.7176336,1.4733315,0
0.15804535,-0.33224797,0.14411919,-0.99962395,-1.5966159,0.17956196,-0.77545154,-0.92498285,-1.4945829,1.2539914,0
0.33131307,-0.49250942,0.081721105,-1.1100581,-1.6624776,0.35122323,-0.9026227,-0.67085445,-1.2027489,1.345434,0
0.3134928,-0.6115159,0.24877198,-1.1568382,-1.6446487,0.48675403,-0.97366375,-0.76900226,-0.88547075,1.3646853,0
0.5000462,-0.40073967,0.43702015,-0.9317818,-1.7963436,0.2792449,-0.7534041,-0.94362736,-0.6675206,1.5237114,0
0.3951134,-0.5813583,0.2293733,-0.72644794,-1.7193888,0.46378326,-0.9226449,-0.71963614,-0.77618885,1.6681004,0
0.57639885,-0.75678694,0.0284496,-0.50989276,-1.4716086,0.2554881,-1.0873411,-0.5032952,-0.94549066,1.8093543,0
0.744034,-0.5335768,-0.16439918,-0.29697463,-1.6019262,0.43650067,-0.8503515,-0.40473232,-1.0977398,1.7882532,0
0.58667403,-0.3171954,-0.34650415,-0.47256902,-1.7134366,0.50961274,-0.6184138,-0.5750349,-0.85365325,1.8906133,0
0.50133634,-0.5171954,-0.14650415,-0.67256904,-1.5134366,0.7096127,-0.41841382,-0.37503493,-0.65365326,2.0906134,0
0.30133635,-0.7171954,0.053495854,-0.47256905,-1.7134366,0.9096127,-0.21841381,-0.17503493,-0.45365328,1.8906133,0
0.101336345,-0.9171954,-0.14650415,-0.67256904,-1.5153342,1.1096127,-0.018413812,-0.37503493,-0.2536533,1.793435,0
-0.09866366,-1.1171954,0.053495854,-0.872569,-1.3153342,0.9096127,0.18158619,-0.17503493,-0.053653285,1.5934349,0
-0.29866368,-0.9171954,-0.14650415,-0.67256904,-1.2986634,0.7096127,-0.018413812,0.024965078,-0.1947613,1.5253556,0
-0.17381704,-0.7171954,0.053495854,-0.47256905,-1.4986634,0.9096127,0.18158619,-0.080037974,-0.028827414,1.3253555,0
-0.25213823,-0.9171954,0.25349587,-0.67256904,-1.6947562,1.1096127,0.3815862,0.032371156,-0.22882742,1.1253555,0
-0.26163885,-0.8247164,0.45349586,-0.872569,-1.8947562,0.9096127,0.18158619,0.20123506,-0.028827414,1.3253555,0
-0.21461107,-1.0247164,0.52330077,-1.072569,-1.6947562,1.1096127,-0.018413812,0.001235053,0.17117259,1.1253555,0
-0.27692965,-1.2247164,0.4072865,-0.9407909,-1.8947562,0.9096127,-0.21841381,0.14871599,0.3711726,0.9253555,0
-0.37087914,-1.367767,0.58301175,-0.7111797,-2.0110235,1.0652587,-0.40168878,0.1415556,0.5483414,0.69636124,0
-0.15901048,-1.086658,0.72862655,-0.8478924,-1.9598364,1.1773784,-0.1876802,0.31783238,0.6963643,0.8341032,0
-0.32317185,-1.1582159,0.4959903,-0.58321583,-1.9442282,1.2398801,-0.3489796,0.106069624,0.8068837,0.93087274,0
-0.4017713,-0.9582159,0.2959903,-0.41497388,-1.9322563,1.03988,-0.180254,-0.09393038,0.6068837,0.73087275,0
-0.2882557,-0.7582159,0.095990285,-0.6085773,-1.7322563,0.986857,0.019746006,-0.29393038,0.40688372,0.53087276,0
-0.48825568,-0.9582159,0.17924717,-0.8085773,-1.9322563,1.186857,-0.180254,-0.4939304,0.6068837,0.37025875,0
-0.43839917,-1.1582159,0.3792472,-0.79232925,-2.1322563,0.986857,0.019746006,-0.6939304,0.56241405,0.19140388,0
-0.23839916,-0.9582159,0.5792472,-0.99232924,-1.9322562,0.786857,0.19524585,-0.8939304,0.76241404,-0.008596122,0
-0.43839917,-1.0038218,0.3792472,-0.79232925,-2.1322563,0.586857,-0.004754156,-1.0195743,0.962414,0.046519782,0
-0.23839916,-0.80382186,0.5792472,-0.99232924,-2.065711,0.38685703,-0.20475416,-0.8195743,0.93007666,0.24651979,0
-0.03839916,-0.6038219,0.77924716,-1.121861,-2.022713,0.18685703,-0.004754156,-0.6195743,1.1300766,0.4465198,0
0.13647027,-0.65260375,0.60418403,-0.91794515,-2.2132714,0.03815996,0.19441648,-0.6235998,1.3244268,0.5167357,0
0.31521916,-0.42401776,0.7533926,-1.0473369,-2.2608516,0.1236472,0.36950552,-0.77158207,1.0534091,0.29673097,0
0.47460106,-0.20635697,0.72697884,-0.7805358,-2.2668467,0.19647405,0.52460766,-0.89498585,1.1545947,0.089105025,0
0.60894006,-0.005738226,0.83675313,-0.5240305,-2.2267408,0.35788402,0.29301262,-0.9884075,1.2227478,-0.10010123,0
0.695011,0.18685316,0.9972142,-0.6964179,-2.0854125,0.53660786,0.089465365,-1.1430849,0.9837429,-0.28865618,0
0.49501103,0.38685316,1.1972142,-0.8964179,-1.9724321,0.33660787,-0.10704419,-0.9430849,0.86616987,-0.08865617,0
0.65950644,0.27559066,1.0077542,-1.0325512,-2.0614538,0.12962927,-0.2913589,-1.0846906,0.89694226,-0.27391022,0
0.45791358,0.473942,1.1319911,-0.8296651,-2.1140494,0.32848662,-0.09104219,-0.8816238,1.0931398,-0.19578882,0
0.5055084,0.673942,0.93199116,-0.62966514,-2.0681262,0.51240474,-0.2910422,-0.9595656,0.8931398,-0.39578882,0
0.30550843,0.47394204,0.8978088,-0.8296651,-2.144291,0.31240475,-0.4910422,-1.1595656,0.6931398,-0.27138212,0
0.5055084,0.673942,0.8518697,-0.62966514,-1.9442909,0.11240475,-0.32855555,-0.9595656,0.8931398,-0.07138212,0
0.55712134,0.56317663,1.0518698,-0.42966515,-2.144291,0.14124976,-0.16541736,-0.7595656,0.6931398,-0.27138212,0
0.7386521,0.7631766,0.85186976,-0.62966514,-1.9442909,0.34124976,0.034582645,-0.9197763,0.4931398,-0.47138214,0
0.72103655,0.9631766,1.0518698,-0.5163936,-1.7442908,0.54124975,-0.16541736,-1.1197764,0.29313982,-0.32047683,0
0.52103657,1.1631767,1.2518698,-0.7163936,-1.8398981,0.34124976,-0.065781005,-0.9197764,0.4931398,-0.5204768,0
0.64973193,1.2283696,1.3082918,-0.4653265,-1.8381689,0.48772457,0.120945826,-1.0090396,0.26415068,-0.6492275,0
0.83251184,1.023466,1.5011,-0.662154,-1.7351667,0.6844453,0.31941548,-0.8051819,0.06384479,-0.5779305,0
0.9265432,1.0978993,1.5265129,-0.7736695,-1.6402758,0.72930914,0.30141723,-0.543071,0.23676589,-0.58574396,0
0.84763604,1.1760683,1.5354125,-0.6186974,-1.5215173,0.84207684,0.45435023,-0.64770347,0.033314753,-0.7119878,0
0.8824006,1.1323212,1.599685,-0.75466657,-1.2181606,0.9605754,0.5831892,-0.7814041,0.21506707,-0.6380658,0
1.0203227,0.8788507,1.6964693,-0.89991444,-1.0699536,1.094014,0.36121252,-0.9251185,0.014202943,-0.41294184,0
0.8203227,1.0788507,1.8017553,-0.69991446,-0.8699536,0.89401406,0.56121254,-1.1251185,-0.06492576,-0.52518386,0
0.97249407,1.2788508,1.6017553,-0.89991444,-0.6699536,0.6940141,0.36121255,-1.3251185,-0.26492578,-0.32518387,0
0.7724941,1.0788507,1.4017552,-0.69991446,-0.53959644,0.8246914,0.16121255,-1.1251185,-0.46492577,-0.30607882,0
0.8020808,0.87885076,1.6017553,-0.53189814,-0.7395964,1.0246915,-0.038787454,-0.9251185,-0.26492578,-0.50607884,0
0.82353806,1.0788507,1.4017552,-0.33189815,-0.9395964,1.2246915,0.09884003,-0.8427716,-0.46492577,-0.67788684,0
0.6235381,1.0875423,1.6017553,-0.13189815,-0.93904406,1.2659554,-0.101159975,-1.0427716,-0.26492578,-0.47788686,0
0.6357186,1.2609373,1.4461247,0.06810185,-1.139044,1.0659554,0.09884003,-0.9659526,-0.2990723,-0.67788684,0
0.4357186,1.4609374,1.2461246,0.26810187,-0.93904406,1.2659554,0.07644696,-0.7659526,-0.09907229,-0.47788686,0
0.2357186,1.6609374,1.209098,0.18360916,-1.139044,1.0659554,-0.123553045,-0.5659526,0.10092771,-0.5368438,0
0.03571859,1.5215144,1.0090979,-0.016390845,-1.3390441,0.8659554,-0.32355306,-0.7659526,-0.09907229,-0.3368438,0
-0.16428141,1.7215145,1.209098,-0.21639085,-1.4629195,0.75773215,-0.5235531,-0.76700455,-0.25516275,-0.13684379,0
-0.055387817,1.8537437,1.3593998,-0.015812749,-1.4209942,0.9239534,-0.31214154,-0.6660217,-0.4391094,-0.32496348,0
0.1446122,1.7703266,1.2574637,-0.21581276,-1.2209941,0.7239534,-0.1956498,-0.8660217,-0.63910943,-0.4830296,0
-0.05538781,1.5831971,1.4574637,-0.41581276,-1.2572788,0.52395344,0.0043502003,-1.0660217,-0.737033,-0.32346785,0
0.13770549,1.3526015,1.5954213,-0.5927616,-1.4027297,0.31182715,0.19670093,-1.2186317,-0.64206004,-0.5038733,0
-0.062294513,1.1526015,1.3954213,-0.3927616,-1.6027298,0.11182715,0.39670092,-1.0186317,-0.84206,-0.64898765,0
0.0451758,1.0658294,1.1954212,-0.19276159,-1.8027298,-0.08817285,0.5967009,-1.1524498,-1.04206,-0.576409,0
0.143571,1.228337,0.965938,-0.38112843,-1.5552588,0.10851496,0.46796757,-1.3123919,-1.2052717,-0.7534126,0
-0.04847498,1.227004,0.9709675,-0.49921474,-1.5078441,0.15758842,0.43085387,-1.2992109,-1.2071899,-0.81902313,0
0.15152502,1.027004,1.1709675,-0.29921472,-1.3345983,-0.04241158,0.23085387,-1.499211,-1.40719,-0.61902314,0
-0.04316762,0.82342714,1.220865,-0.4246808,-1.3665804,0.1403346,0.38368115,-1.4263364,-1.4312242,-0.7293511,0
-0.22095715,0.92994916,1.2085434,-0.5676236,-1.1862265,-0.05421567,0.5303688,-1.4777899,-1.4822313,-0.48100117,0
-0.38987193,0.95848674,0.9340684,-0.7109391,-1.0366757,-0.09367939,0.47763357,-1.553895,-1.5580084,-0.6307132,0
-0.58987194,0.75848675,1.1340684,-0.6671883,-0.98166746,0.07133294,0.5382888,-1.353895,-1.3580084,-0.43071324,0
-0.7879908,0.95620406,1.044399,-0.86512303,-1.1788533,0.27068675,0.41971317,-1.1511468,-1.5542979,-0.49541065,0
-0.5879908,0.75620407,0.84439903,-0.66512305,-1.0098059,0.47068673,0.6197132,-1.3511468,-1.4972599,-0.29541063,0
-0.38799083,0.5562041,0.64439905,-0.7884644,-0.9352845,0.27068675,0.4197132,-1.1511468,-1.2972598,-0.4716343,0
-0.5879908,0.3562041,0.84439903,-0.58846444,-0.8465383,0.07068674,0.6197132,-1.0753256,-1.4972599,-0.32276672,0
-0.38799083,0.46957037,0.6518574,-0.38846445,-0.7765302,-0.12931326,0.5165058,-0.8753256,-1.6972599,-0.5227667,0
-0.29054418,0.26957035,0.4518574,-0.58846444,-0.5765302,-0.037745513,0.3165058,-1.0753256,-1.8153739,-0.4673367,0
-0.09054418,0.46957034,0.45581934,-0.7884644,-0.5890445,-0.13913149,0.11650579,-1.1965961,-1.6153738,-0.6673367,0
-0.11414701,0.6695703,0.25581932,-0.74208504,-0.38904452,-0.034499273,-0.083494216,-0.99659616,-1.8153739,-0.5072736,0
-0.314147,0.8695703,0.42734838,-0.6641036,-0.18904452,0.16550073,-0.018884875,-1.1965961,-2.015374,-0.56818706,0
-0.4759046,1.0695703,0.22734837,-0.46410364,-0.11255974,-0.034499273,-0.21888489,-1.3965962,-2.1364932,-0.76818705,0
-0.61123675,1.2695704,0.02734837,-0.30504894,-0.007708207,0.047125787,-0.41888487,-1.4498446,-1.9364932,-0.7912646,0
-0.74836475,1.3556767,-0.15927088,-0.3424595,0.1773889,0.2279732,-0.5709204,-1.1529799,-1.970912,-0.91444016,0
-0.50271976,1.3266734,-0.32936576,-0.25589728,-0.020728987,0.39234942,-0.3400456,-1.24036,-1.9902089,-1.0216761,0
-0.40568772,1.4412885,-0.499759,-0.052771013,-0.20838389,0.34287325,-0.33195567,-1.164989,-2.0677133,-0.7757208,0
-0.33045185,1.2228615,-0.463463,0.14504337,-0.031230016,0.5348143,-0.12999679,-1.2421807,-2.234049,-0.5671742,0
-0.29752368,1.0061251,-0.25915214,0.33939767,-0.09539265,0.45788106,-0.3245973,-1.0990278,-2.3942225,-0.6727268,0
-0.49752367,0.8061251,-0.05915214,0.13939767,-0.29539266,0.6578811,-0.5245973,-1.2990278,-2.3057368,-0.47272682,0
-0.6908873,0.9965526,-0.2566865,0.28943712,-0.17736523,0.4535247,-0.7177033,-1.4847658,-2.0857024,-0.27013206,0
-0.89088726,0.7965526,-0.056686506,0.33622092,-0.37736523,0.6535247,-0.5177033,-1.2847657,-1.8857024,-0.07013206,0
-1.0908873,0.9965526,-0.015941605,0.13622092,-0.5773652,0.8535247,-0.7177033,-1.3000547,-1.8464459,-0.27013206,0
-0.8500168,1.0784982,0.17561449,0.16838558,-0.7417026,0.62354344,-0.49395302,-1.4312379,-1.9525627,-0.10609843,0
-1.0283424,0.8603644,0.07715144,0.3607814,-0.92226404,0.4148007,-0.6796285,-1.5975661,-1.7163864,-0.28886372,0
-1.0574747,1.0603644,0.09851843,0.5607814,-0.72226405,0.39204043,-0.63570327,-1.3975661,-1.5163864,-0.088863716,0
-1.2574748,0.8603644,0.29851842,0.7607814,-0.92226404,0.2479765,-0.83570325,-1.5975661,-1.3163863,0.11113629,0
-1.3512483,0.6122344,0.4621844,0.51990944,-1.0404689,0.4153262,-0.9602171,-1.6665524,-1.1303468,0.28845945,0
-1.5204377,0.4040467,0.64903224,0.7056107,-0.8237757,0.3732185,-1.1371732,-1.437424,-1.0951844,0.47875777,0
-1.3204377,0.6040467,0.44903225,0.5056107,-0.6237757,0.5732185,-1.3371732,-1.2374239,-1.2951845,0.27875775,0
-1.2432154,0.7630078,0.61590534,0.669596,-0.6798454,0.73375314,-1.0791314,-1.3640572,-1.4188697,0.07473792,0
-1.3009884,0.62849325,0.73549885,0.7838984,-0.68917143,0.8417329,-1.1530746,-1.0493407,-1.4593321,0.11468306,0
-1.2860565,0.68954074,0.53549886,0.5838984,-0.61119705,1.0417329,-0.95307463,-0.84934074,-1.6593322,-0.08531694,0
-1.4860566,0.48954076,0.33549887,0.41785002,-0.81119704,0.8417329,-0.75307465,-1.0493407,-1.4593321,0.11468306,0
-1.6429541,0.5899715,0.49571195,0.21228088,-0.94262487,0.9588775,-0.92871016,-1.2174026,-1.2271384,0.05842921,0
-1.3354963,0.36093006,0.6439018,0.15011357,-1.0575328,1.0725751,-0.95575863,-1.3118477,-1.3208585,-0.034016192,0
-1.1354963,0.44089603,0.44390184,0.35011357,-1.2575328,1.2725751,-0.75575864,-1.3619306,-1.1784134,-0.2340162,0
-1.2580904,0.22693358,0.606581,0.2306227,-1.3730537,1.0104082,-0.90036243,-1.2399734,-1.29852,-0.0635654,0
-1.215628,0.02500745,0.74889904,0.3998271,-1.2513709,1.1238469,-1.0216709,-0.9656006,-1.3913547,-0.24471676,0
-1.3379219,0.21265641,0.518769,0.24119763,-1.3717027,1.2511787,-0.77656806,-0.7235755,-1.5040026,-0.04226218,0
-1.3807821,0.37049258,0.64532757,0.03698819,-1.4111114,1.3029022,-0.51765627,-0.4700783,-1.5298933,0.1416207,0
-1.4269693,0.15390335,0.40199643,-0.101762794,-1.3837801,1.3566673,-0.6478271,-0.24379922,-1.5615717,0.3083804,0
-1.5311735,-0.043382484,0.2432496,-0.28399503,-1.4905274,1.0885627,-0.44732296,-0.041220326,-1.6578506,0.39610022,0
-1.3311734,0.15661752,0.44324958,-0.48399502,-1.6905274,0.88856274,-0.64732295,0.15877968,-1.4578506,0.19610022,0
-1.5311735,0.3566175,0.24324958,-0.28399503,-1.8905275,0.68856275,-0.44732296,0.35877967,-1.2578505,0.39610022,0
-1.2995952,0.15290222,0.04222361,-0.47251368,-2.040936,0.8674842,-0.24145596,0.15501308,-1.4232674,0.19144832,0
-1.4079806,-0.044220444,0.22742546,-0.6314278,-1.943935,0.62670565,-0.038923286,-0.019842766,-1.5080104,0.34287754,0
-1.2079805,0.15577956,0.31739825,-0.7700234,-1.743935,0.82670563,-0.23892328,0.18015724,-1.3080103,0.54287755,0
-1.3051114,0.3297858,0.47959638,-0.8253641,-1.8019083,0.7746388,-0.036079485,-0.018393017,-1.397833,0.6886018,0
-1.0588654,0.5076157,0.26789603,-0.6325005,-1.9181337,0.6075228,-0.043959457,0.1740072,-1.530968,0.8514162,0
-1.176535,0.6613372,0.06345559,-0.40421477,-1.9053112,0.38087058,0.06909809,-0.024292853,-1.6177617,0.7830662,0
-1.3189555,0.47396013,-0.13083285,-0.1956726,-2.0172474,0.17330489,0.2578419,-0.21491085,-1.3715178,0.94194525,0
-1.1133891,0.27259728,0.06882307,0.0043058745,-2.2062175,-0.02656232,0.25672346,-0.31202596,-1.16569,1.1362646,0
-1.1667764,0.27915627,0.23881455,0.18149935,-2.137613,0.15407695,0.05039146,-0.45486885,-1.213239,1.093712,0
-1.1113124,0.18776643,0.43881455,0.38149935,-1.937613,0.35407695,0.25039145,-0.5092434,-1.0132389,1.293712,0
-1.2686776,0.3751589,0.23104994,0.562593,-2.0681126,0.14906742,0.26108146,-0.6861837,-0.9601096,1.058152,0
-1.0097418,0.5434398,0.33946747,0.3425966,-2.14303,0.32981694,0.34795266,-0.8373121,-0.7181908,1.188767,0
-1.0810543,0.3247694,0.32620788,0.1348446,-2.1968775,0.5010145,0.1399095,-0.98092073,-0.8172711,0.9350146,0
-1.1950828,0.11639612,0.11773805,-0.030000322,-2.236023,0.65396935,0.31709814,-1.1016691,-0.575846,0.6856877,0
-0.9950828,0.053479254,0.20659512,-0.16657695,-2.036023,0.45396936,0.11709814,-1.3016691,-0.775846,0.48568773,0
-1.1950828,0.25347924,0.4065951,-0.01778619,-1.8360229,0.25396937,-0.082901865,-1.5016692,-0.975846,0.28568774,0
-1.3950828,0.05347924,0.20659511,0.18221381,-1.9557856,0.124680385,-0.28290188,-1.3772795,-0.775846,0.08568774,0
-1.1950828,0.25347924,0.088649504,0.38221383,-2.1557856,-0.07531962,-0.08290188,-1.1785522,-0.575846,-0.082713336,0
-1.076406,0.05347924,-0.1113505,0.5822138,-2.0738735,-0.19587731,-0.28290188,-0.97855216,-0.74941266,0.11728667,0
-1.276406,-0.14652076,0.088649504,0.7822138,-2.2738736,-0.16087815,-0.47786528,-0.7785522,-0.54941267,-0.082713336,0
-1.0408593,-0.3350775,-0.107673325,0.56298715,-2.3921778,-0.34896073,-0.49648586,-0.92032623,-0.7246645,0.11341346,0
-1.1653421,-0.12685683,0.086707786,0.5244975,-2.4344208,-0.5155516,-0.6540986,-0.67648804,-0.49273404,0.15100914,0
-1.2452493,0.07314317,-0.11329222,0.32449752,-2.3227382,-0.7155516,-0.70391995,-0.6311794,-0.29273403,-0.04899086,0
-1.3293295,-0.11668197,0.079753175,0.114511885,-2.3203957,-0.84211755,-0.8314188,-0.3965956,-0.45321307,-0.22901994,0
-1.1293294,-0.1952563,-0.12024683,0.018614933,-2.239016,-1.0421176,-0.6314188,-0.29877985,-0.30818665,-0.42901993,0
-1.1892545,0.0045917113,0.077197716,0.093791805,-2.3608649,-1.2023175,-0.41759524,-0.096163444,-0.104720116,-0.597534,0
-1.1873294,0.18234167,-0.018287377,-0.09465769,-2.282362,-1.2498107,-0.3575451,-0.26395464,-0.27158076,-0.7107994,0
-1.2005662,0.38234168,0.18171263,0.10534231,-2.082362,-1.123451,-0.5575451,-0.46395463,-0.07158075,-0.62778354,0
-1.3793179,0.17957532,0.044737324,0.14686552,-2.2477355,-0.90944105,-0.7460522,-0.65388155,-0.024927694,-0.42129353,0
-1.1751062,0.11884944,-0.15470819,0.117642164,-2.438994,-0.70690745,-0.54410213,-0.8508321,-0.22412442,-0.22050323,0
-1.3503675,0.31563058,0.04483458,0.31443548,-2.3371491,-0.897752,-0.34062836,-0.64426184,-0.41984278,-0.020296238,0
-1.4308393,0.106715836,0.22595863,0.47477415,-2.3370383,-0.64395756,-0.37347177,-0.779172,-0.20289361,0.0256477,0
-1.5455271,0.29067096,0.40367594,0.63947546,-2.1291337,-0.4207333,-0.4383408,-0.92794967,-0.38181746,0.21384364,0
-1.7190257,0.089294344,0.20058364,0.7566211,-2.1470466,-0.21738201,-0.2347222,-0.7168976,-0.17905702,0.40756047,0
-1.5192013,0.28055018,0.00056599296,0.65088826,-2.2761052,-0.016856624,-0.033672687,-0.8891836,-0.3675997,0.28603086,0
-1.2421142,0.45246938,0.18884599,0.42454076,-2.331415,0.17244145,0.15660803,-1.0255375,-0.53443223,0.45762983,0
-1.4421142,0.51915145,-0.011154011,0.22454076,-2.1589038,0.37244147,0.35660803,-0.8255375,-0.41328636,0.65762985,0
-1.6421143,0.33607695,0.18884599,0.42454076,-2.0350928,0.17244147,0.556608,-0.78728265,-0.21328636,0.56724584,0
-1.4421142,0.4618703,-0.011154011,0.62454075,-2.2350929,0.37244147,0.38193113,-0.58728266,-0.41328636,0.6134294,0
-1.5247862,0.24315985,0.17535307,0.39420757,-2.261107,0.5315409,0.16893226,-0.7310318,-0.5694674,0.38389015,0
-1.5506661,0.43735534,-0.024324112,0.19166383,-2.1575475,0.7219591,-0.03066082,-0.755223,-0.7593889,0.20644571,0
-1.5535334,0.5117905,-0.19906422,0.13347869,-2.0920773,0.8181425,0.15027085,-0.68818015,-0.8513575,0.0057198913,0
-1.6891235,0.69591635,0.00091490854,0.3006464,-1.8498806,0.6355836,0.34245923,-0.73225117,-1.0279105,-0.18994734,0
-1.4228595,0.8560493,-0.1902261,0.47836834,-1.9586637,0.60541606,0.4654585,-0.8907673,-0.7910696,-0.37259522,0
-1.5932751,1.0367978,-0.38311234,0.6660018,-1.7266035,0.79073346,0.26061925,-0.67817473,-0.5881402,-0.5621569,0
-1.7094431,0.8261616,-0.39048305,0.70765615,-1.5071994,0.5832249,0.45476454,-0.8670126,-0.7781225,-0.7524695,0
-1.4548982,0.5906496,-0.54940987,0.8087764,-1.5783467,0.7287448,0.5113585,-0.82526493,-0.91008556,-0.88621694,0
-1.4682013,0.62180614,-0.6648653,0.89497155,-1.577723,0.82396865,0.63110673,-0.5547258,-0.98485154,-0.60880154,0
-1.3293598,0.8214121,-0.46464244,1.0944465,-1.7768707,0.6236695,0.83070827,-0.35455576,-0.78447527,-0.40860555,0
-1.4430585,0.87901014,-0.46319148,1.2214013,-1.6079175,0.39976195,0.59511757,-0.47025102,-0.9289216,-0.50512403,0
-1.2337596,1.0709385,-0.26122263,1.2024755,-1.7943933,0.5952754,0.39673597,-0.2682294,-0.72346884,-0.6998493,0
-1.4337597,0.8709385,-0.11033039,1.1610656,-1.7992456,0.44833624,0.19673596,-0.4682294,-0.52346885,-0.8998493,0
-1.2337596,0.6709385,-0.21073616,0.9610656,-1.9992456,0.24833624,0.39673597,-0.26822942,-0.32346886,-1.0998493,0
-1.4113215,0.4635684,-0.20544575,0.74915504,-1.9694874,0.047579784,0.5873971,-0.24699624,-0.5152766,-1.2795069,0
-1.2040081,0.6548963,-0.012458177,0.54197824,-2.141135,0.24434422,0.6665422,-0.115216956,-0.7059288,-1.1079386,0
-0.97975516,0.44390783,-0.20732602,0.3337174,-2.2845824,0.4336106,0.7875147,-0.30760255,-0.88404506,-0.8860064,0
-1.1550778,0.630439,-0.39880586,0.18792954,-2.0409784,0.62035716,0.9668585,-0.10535179,-1.0613697,-0.67165697,0
-0.88193244,0.7393413,-0.55294585,-0.011146037,-2.0693514,0.75752944,0.7081281,0.087399505,-1.1647668,-0.8049004,0
-0.9716416,0.843586,-0.6761915,0.15942891,-2.0271366,0.8599201,0.6614623,-0.10112215,-0.86641973,-0.9024622,0
-0.8734869,1.0259507,-0.46814448,0.35335502,-2.1030765,0.7402661,0.45366418,-0.29603356,-1.0483986,-0.69059145,0
-0.9173375,1.1677985,-0.25542524,0.4538025,-2.1938317,0.51463896,0.2416318,-0.47250453,-0.8081554,-0.71487546,0
-1.0413004,1.2747171,-0.42443267,0.2365307,-1.8581474,0.6660063,0.41157788,-0.62673926,-0.9395485,-0.8446739,0
-1.1378689,1.3518361,-0.20573176,0.4001567,-1.8866519,0.79384613,0.30519167,-0.757851,-0.6848261,-0.5909563,0
-0.8905561,1.4735504,-0.0054426105,0.56988055,-1.9813863,0.5638883,0.43027878,-0.90953016,-0.460368,-0.4925251,0
-1.0905561,1.2932388,0.1945574,0.36988056,-2.1813862,0.36388832,0.63027877,-0.7095302,-0.260368,-0.2925251,0
-0.89055616,1.0932387,0.39455742,0.56988055,-1.9813862,0.28517085,0.67810553,-0.5095302,-0.46036798,-0.4925251,0
-0.8717685,0.8932387,0.5496693,0.36988056,-1.7813861,0.36929294,0.47810555,-0.5575385,-0.66036797,-0.2925251,0
-1.0717685,0.69323874,0.7496693,0.56988055,-1.650166,0.56929296,0.27810556,-0.7575385,-0.86036795,-0.4925251,0
-0.87176853,0.58260894,0.9496693,0.76988053,-1.8501661,0.36929297,0.41775262,-0.5575385,-1.060368,-0.2925251,0
-0.67176855,0.38260895,0.7496693,0.8873187,-2.0501661,0.4248251,0.21775262,-0.7575385,-0.86036795,-0.389656,0
-0.47176856,0.44750977,0.5496693,0.6873187,-2.0891294,0.6248251,0.017752618,-0.94082516,-0.66036797,-0.38549873,0
-0.28195143,0.64750975,0.6707099,0.8873187,-2.2891295,0.42482513,-0.06568925,-0.7531881,-0.54239106,-0.58549875,0
-0.46116439,0.8109558,0.83315533,1.0404215,-2.2162018,0.5491659,-0.2542298,-0.9120761,-0.3276234,-0.3688718,0
-0.46208063,0.9653778,0.60461015,0.8025319,-2.3072696,0.3334241,-0.05178491,-1.0619392,-0.50383604,-0.16125838,0
-0.6365651,1.0796874,0.7736017,0.96389586,-2.1026108,0.44143853,0.1425031,-0.82872146,-0.67671126,-0.34733605,0
-0.7215641,0.8544605,0.94568163,1.1305187,-2.1395612,0.62304395,-0.055848062,-0.61069155,-0.46304056,-0.14311089,0
-0.5215641,0.6544605,1.0072802,0.9305187,-2.124853,0.82304394,-0.09644057,-0.68629074,-0.26304054,-0.3431109,0
-0.7215641,0.4544605,0.80728024,1.1305187,-2.324853,0.62304395,0.04635389,-0.48629075,-0.06304054,-0.14311089,0
-0.85277796,0.5528579,0.8143887,0.99018896,-2.4102888,0.5622021,-0.1513994,-0.3234296,-0.25919423,0.056057252,0
-0.92896694,0.31940258,0.6047854,1.0773443,-2.362801,0.68993586,-0.3180824,-0.47380203,-0.26521465,0.23177986,0
-0.9686522,0.12264286,0.7223571,1.1465153,-2.300312,0.7987862,-0.465019,-0.24575849,-0.05853519,0.028524876,0
-0.9828455,-0.07287327,0.8688943,0.89165217,-2.3553858,0.5640786,-0.6264723,-0.4199209,0.13326505,-0.16153587,0
-0.7828455,-0.27287328,1.0688943,0.972704,-2.1553857,0.36407864,-0.4264723,-0.6199209,0.12816338,-0.36153588,0
-0.5828455,-0.07287328,1.2688943,0.772704,-2.217634,0.5640786,-0.6264723,-0.41992092,-0.07183662,-0.27319416,0
-0.38284552,0.12712672,1.0688943,0.572704,-2.1721475,0.6668499,-0.8264723,-0.21992092,0.12816338,-0.07319416,0
-0.47078627,0.32712674,1.2688943,0.37270403,-2.3721476,0.46684992,-1.0264723,-0.019920915,-0.07183662,0.12680584,0
-0.6271253,0.11885216,1.3140777,0.16146286,-2.4047284,0.5860348,-0.7726779,0.16835788,0.119821325,0.27171332,0
-0.75882745,0.2925237,1.2134815,0.33161595,-2.3896494,0.3541589,-0.89236134,0.33794165,-0.073558114,0.06579176,0
-0.5240592,0.08423213,1.2868115,0.48397484,-2.3575761,0.5044976,-0.9944686,0.12557991,-0.010597213,0.1030444,0
-0.5659983,-0.115767874,1.0868114,0.28397483,-2.195102,0.4940521,-1.1944686,-0.074420094,-0.21059722,0.3030444,0
-0.40399277,0.08423213,1.2868115,0.4839748,-2.0287738,0.29405212,-1.3944687,-0.27442008,-0.4105972,0.103044406,0
-0.4927494,0.28423214,1.0868114,0.28397483,-1.8867339,0.4940521,-1.5944687,-0.47442007,-0.6105972,0.3030444,0
-0.5795728,0.17004168,0.92997485,0.24631262,-1.9550103,0.2754903,-1.6811943,-0.6318478,-0.75942886,0.0965398,0
-0.35411432,-0.014343724,1.0541857,0.41637778,-2.0104706,0.15367012,-1.7550199,-0.40288317,-0.52190715,-0.096520975,0
-0.51147515,0.17137,0.788456,0.56894743,-2.0403748,0.32645515,-1.8045809,-0.37421146,-0.29713637,0.0955163,0
-0.31147516,0.07563747,0.58845603,0.7689474,-1.8403747,0.52645516,-1.8843057,-0.21115808,-0.17994419,-0.1044837,0
-0.10336452,0.17710339,0.360193,0.89844936,-1.8919225,0.6736002,-1.9326571,-0.3475191,-0.35230047,0.08856679,0
0.02959977,0.055335127,0.14560403,0.6348407,-1.9014086,0.7940403,-1.9384333,-0.49765584,-0.50200176,0.26228666,0
-0.009776745,-0.14466488,0.34560403,0.46279532,-2.1014085,0.59404033,-1.7384332,-0.69765586,-0.30200177,0.06228666,0
0.17362463,0.050506648,0.49799535,0.5819206,-2.1005907,0.3768882,-1.7692882,-0.8193276,-0.09310123,-0.12569666,0
0.33384869,0.2238378,0.623687,0.3412615,-2.0556707,0.4096105,-1.7596385,-0.9108104,0.095518366,0.06639304,0
0.52126956,0.41385084,0.41541037,0.52850765,-1.9902909,0.20467143,-1.8954742,-0.6940615,-0.10201972,-0.13045877,0
0.32126957,0.21385084,0.6154104,0.72850764,-1.7902908,0.0046714246,-1.6954741,-0.8940615,-0.29326576,-0.12773699,0
0.11604364,0.388183,0.78027153,0.69605434,-1.9045224,-0.1869112,-1.8137916,-0.6992264,-0.47200924,-0.28078777,0
0.2593961,0.17314869,0.75368065,0.4564236,-1.9363881,-0.024761349,-1.8529059,-0.8273854,-0.2502779,-0.4423767,0
0.055519722,0.3487958,0.8914404,0.6135833,-1.9969605,-0.21009271,-1.5450319,-0.960335,-0.046996605,-0.60045314,0
0.25551972,0.20169342,0.6914404,0.41358334,-1.7969605,-0.4100927,-1.3450319,-1.1603351,-0.24699661,-0.50836307,0
0.44811076,0.0016658695,0.84278375,0.6036034,-1.9644802,-0.3561483,-1.126408,-1.3382094,-0.43972626,-0.6968416,0
0.24811076,-0.19833413,0.7749125,0.7682586,-2.1624322,-0.1561483,-0.926408,-1.1382093,-0.29321754,-0.4968416,0
0.045685183,-0.37825158,0.9257609,0.5396091,-2.2433271,0.04164086,-1.0696186,-1.0404799,-0.08851785,-0.66170937,0
0.16918752,-0.17179964,1.0850133,0.32731673,-2.3053176,0.038991224,-0.8381422,-1.19558,0.10744698,-0.44499752,0
0.31021807,-0.20885181,1.217486,0.12731673,-2.1543188,0.23899123,-0.6381422,-0.99558,-0.09255302,-0.24499752,0
0.48863772,-0.39155886,1.3575315,-0.06960904,-2.2547398,0.4204235,-0.4196104,-1.1450113,0.10290237,-0.04309428,0
0.68863773,-0.19155885,1.2585256,-0.26960903,-2.0547397,0.6204235,-0.6196104,-0.9450113,-0.08621809,0.15690573,0
0.81307805,-0.29627615,1.0253103,-0.45487323,-2.1839886,0.7946795,-0.40644354,-1.1090821,-0.2772369,0.34570643,0
0.5796771,-0.4532625,1.1585544,-0.24098752,-2.254107,0.5622809,-0.19519633,-1.2377623,-0.2681604,0.13776822,0
0.36954144,-0.6358233,0.93296534,-0.42921516,-2.3885934,0.35260963,0.004675436,-1.1220862,-0.4556626,0.32875133,0
0.16954143,-0.8358233,1.0289277,-0.22921516,-2.2720342,0.5526096,0.16280973,-1.1004742,-0.6556626,0.12875132,0
0.36954144,-0.6358233,0.8289277,-0.42921516,-2.4720342,0.35260963,0.36280972,-0.90047425,-0.4556626,-0.07124868,0
0.50487494,-0.8358233,0.6289277,-0.22921516,-2.2720342,0.5526096,0.16280971,-1.1004742,-0.6556626,0.12875132,0
0.42909628,-0.61452293,0.41455844,-0.41483626,-2.3892198,0.34079704,-0.035944395,-1.2569077,-0.82699746,-0.06886181,0
0.21226914,-0.3840762,0.5694191,-0.5696765,-2.3990414,0.34102923,0.15200572,-1.1385598,-0.9515644,-0.2491139,0
0.012269139,-0.1840762,0.7694191,-0.36967653,-2.1990414,0.5410292,0.05522456,-1.1536194,-0.7515644,-0.3354888,0
0.21226914,-0.22765939,0.96941906,-0.5696765,-1.9990413,0.7410292,0.25522456,-0.9536194,-0.9515644,-0.1354888,0
0.2368873,-0.027659386,0.99914527,-0.39727384,-1.8968655,0.9410292,0.07370268,-1.1536194,-1.1515644,-0.3354888,0
0.036887303,0.17234062,1.1991453,-0.19727384,-2.0968654,0.7410292,-0.12629732,-0.9536194,-0.9515644,-0.5354888,0
0.05833977,0.36305872,1.1000965,-0.14066592,-2.0982716,0.7591132,0.07186538,-1.1073333,-1.1228576,-0.40451065,0
0.0026234463,0.3810052,0.9000965,-0.34066594,-1.8982716,0.9591132,-0.12813462,-0.9073333,-0.9228576,-0.20451064,0
0.17865393,0.5698441,1.0789636,-0.53027976,-2.0579638,0.7519539,0.07048485,-1.0860615,-1.1012875,-0.004423992,0
-0.021346077,0.36984414,0.87896365,-0.33027977,-2.257964,0.5519539,0.012252323,-1.2860615,-0.9012875,0.06383273,0
0.17164488,0.16318072,0.75596875,-0.12516856,-2.361532,0.7224529,-0.18038188,-1.0434526,-1.0580813,-0.13082509,0
0.010116565,-0.012484203,0.77548623,0.06869338,-2.3514218,0.84678847,-0.34918097,-0.7742682,-1.154887,-0.3036891,0
-0.043999616,-0.08278591,0.78623146,0.2498719,-2.3726993,0.7521408,-0.51071185,-0.5466626,-1.1559091,-0.4684066,0
0.14518672,-0.2631837,0.545595,0.046414863,-2.3943646,0.88614017,-0.28917387,-0.3226326,-1.2316302,-0.6220739,0
0.15567967,-0.45635998,0.34050363,-0.1513225,-2.3497682,1.0701389,-0.087860145,-0.5149331,-1.016432,-0.8099629,0
0.3556797,-0.25636,0.5405036,-0.3513225,-2.149768,0.9793625,0.11213986,-0.31493312,-0.81643206,-1.0099629,0
0.15567969,-0.45635998,0.7405036,-0.5513225,-1.9497681,1.1793625,-0.087860145,-0.11493312,-1.016432,-0.83813184,0
0.3556797,-0.5788474,0.5405036,-0.39896685,-2.149768,1.1297278,-0.28786016,0.054883435,-1.2164321,-0.63813186,0
0.15567969,-0.7788474,0.7405036,-0.31965482,-1.9566996,0.92972785,-0.48786014,-0.14511657,-1.1474547,-0.43813187,0
0.083317965,-0.63322985,0.90287393,-0.49886337,-2.07041,1.0845274,-0.47953764,-0.33130842,-1.293543,-0.22860418,0
0.2484621,-0.7307197,0.96719015,-0.26209494,-1.9910873,1.11036,-0.5768261,-0.11515388,-1.3097962,-0.3758741,0
0.048462093,-0.63391995,1.1286783,-0.06209494,-1.8984578,1.2863135,-0.7768261,0.084846124,-1.1097962,-0.42302677,0
-0.1474462,-0.81140304,1.2928023,0.13418145,-1.696863,1.3025607,-0.95045054,0.0077251405,-0.88523054,-0.6062043,0
-0.3114463,-0.6008172,1.3381288,0.29955596,-1.7003236,1.0972162,-1.031249,0.18620214,-0.9727867,-0.7226711,0
-0.26694277,-0.40081722,1.1381288,0.099555954,-1.5003235,1.090254,-1.2312491,-0.013797864,-0.77278674,-0.9226711,0
-0.2533704,-0.4062092,0.93812877,0.03234499,-1.7003236,1.290254,-1.031249,-0.21379787,-0.9727867,-0.7226711,0
-0.0533704,-0.2062092,0.7381288,0.23234499,-1.7854797,1.490254,-1.2312491,-0.013797864,-1.0142176,-0.5226711,0
0.10586622,-0.040502444,0.5381288,0.07964286,-1.9854797,1.357909,-1.031249,0.18620214,-1.0274302,-0.32267112,0
-0.09219919,-0.23555978,0.6880798,0.27389583,-2.140565,1.5258918,-0.8141657,0.37826514,-0.8104253,-0.120150045,0
-0.2921992,-0.035559773,0.4880798,0.47389585,-1.9405649,1.3385936,-0.72853667,0.17826514,-0.892306,0.07984996,0
-0.09219919,0.16444023,0.41872478,0.67389584,-2.140565,1.5385936,-0.5285367,-0.021734864,-0.69230604,0.27984995,0
-0.2921992,0.36444023,0.21872477,0.47389585,-2.340565,1.4100254,-0.3285367,0.17826514,-0.49230605,0.10715073,0
-0.49219918,0.56444025,0.2652318,0.27389586,-2.3152213,1.2100253,-0.5285367,-0.021734864,-0.69230604,-0.09284927,0
-0.2753442,0.34341818,0.4383957,0.44656,-2.3701353,1.2905921,-0.5519609,-0.20894448,-0.8408349,-0.27595678,0
-0.43787083,0.5005783,0.58806837,0.22712265,-2.367521,1.0046161,-0.6926807,-0.3767057,-0.9587816,-0.06996879,0
-0.63787085,0.3005783,0.6478069,0.36292416,-2.167521,1.2046162,-0.49268073,-0.1767057,-0.7660802,-0.111323595,0
-0.7653284,0.50043863,0.84757036,0.1628787,-2.3668606,1.0043359,-0.6924875,0.023287801,-0.5659223,0.08865167,0
-0.5653284,0.7004386,0.6475704,0.3628787,-2.1668606,1.2043359,-0.7869426,0.2232878,-0.508079,-0.11134833,0
-0.36532843,0.50043863,0.84757036,0.29273129,-2.1414602,1.404336,-0.9869426,0.023287803,-0.32533777,-0.31134832,0
-0.53738266,0.28558713,0.9957861,0.22692901,-1.924193,1.5250293,-1.1282687,0.21225007,-0.11914197,-0.47550488,0
-0.3110779,0.078914136,0.83588433,0.39364251,-1.9501011,1.5905336,-1.2247074,0.3801081,-0.041679136,-0.25402454,0
-0.48284635,-0.03581238,0.97866297,0.18294585,-2.0313313,1.3350471,-1.3460077,0.17015906,0.14957535,-0.051040262,0
-0.399374,0.07260932,1.1186023,0.044695407,-1.810397,1.4009748,-1.4672283,0.351297,0.09359813,-0.23824811,0
-0.40618938,0.27260932,0.9186023,0.24469541,-1.804174,1.2009747,-1.2672282,0.15129699,-0.106401876,-0.038248107,0
-0.6013495,0.0720296,1.1096712,0.4411449,-1.9881724,1.3897892,-1.0813571,0.3484922,-0.0796231,0.16046046,0
-0.37861574,-0.077080175,1.2354872,0.60482836,-1.9745505,1.1223956,-1.2087768,0.5174238,-0.26378432,-0.037299894,0
-0.5665538,0.12035742,1.4055629,0.7880508,-1.7967631,0.9031672,-1.377661,0.31080675,-0.062454656,0.15930843,0
-0.76655376,-0.07964259,1.2055628,0.5880508,-1.9967631,0.7031672,-1.177661,0.51080674,-0.26245466,0.21943006,0
-0.76648676,-0.27964258,1.2504165,0.52008724,-1.7967631,0.9031672,-0.97766095,0.31080675,-0.062454656,0.019430056,0
-0.5756294,-0.47964257,1.0504165,0.32008725,-1.596763,1.1031672,-1.177661,0.11080675,0.13754535,0.21943006,0
-0.7756294,-0.522452,0.8504165,0.12008725,-1.7967631,1.3031672,-1.377661,0.31080675,0.008292988,0.41943008,0
-0.95438194,-0.364392,0.69998,0.31311634,-1.9532772,1.4704311,-1.1520137,0.10839358,0.07707718,0.21465129,0
-1.1357251,-0.55527043,0.8854347,0.111288175,-1.9620414,1.354085,-0.9366274,-0.090125896,0.19149265,0.014414492,0
-0.9174052,-0.34831485,0.9401285,0.30519366,-2.1197124,1.1314899,-1.1143742,0.10772295,-0.008340796,-0.18195206,0
-1.0650369,-0.3278953,1.1121391,0.10261122,-1.9212682,1.0822306,-1.2821071,0.03520014,0.054358687,0.017604878,0
-0.8013662,-0.11848163,1.0242307,-0.09022052,-1.9651332,1.1878526,-1.3730173,0.21788833,0.20138204,0.20158815,0
-0.6013662,-0.31848162,0.82423073,-0.028291311,-1.7651331,1.3878527,-1.5730174,0.017888322,0.001382038,0.25300413,0
-0.7408714,-0.10953749,0.61314464,-0.18995558,-1.7772738,1.4679863,-1.5696179,0.20144002,-0.18362437,0.41880703,0
-0.9408714,-0.13824554,0.6540584,0.010044426,-1.5772737,1.3133903,-1.7696179,0.0014400184,-0.38362437,0.21880703,0
-0.8497286,0.059162386,0.8182102,-0.085787006,-1.7026746,1.0666568,-1.8252676,0.19298479,-0.17591693,0.40122804,0
-0.6150019,-0.13331012,0.78508985,-0.14539401,-1.7979039,1.1403863,-1.7796919,0.37198058,-0.30265895,0.19047281,0
-0.7592533,-0.31051072,0.9177067,0.050870776,-1.8612413,1.2486999,-1.4716362,0.5328554,-0.09563676,-0.008875503,0
-0.55925333,-0.32626015,0.71770674,0.25087076,-2.0612414,1.0486999,-1.3627682,0.6602597,-0.05632017,0.1911245,0
-0.35549366,-0.52075267,0.9081027,0.050338384,-2.237577,1.0235627,-1.2219272,0.455443,0.14217618,-0.00878262,0
-0.14132048,-0.65505636,1.0070996,0.06895314,-2.2153928,0.7484953,-1.2923192,0.59569967,-0.052553207,-0.18975218,0
0.055962197,-0.43398368,1.1512015,-0.12497836,-2.3035412,0.9045725,-1.0417361,0.37737566,0.14061885,-0.30933416,0
-0.13928634,-0.42544675,1.3066285,-0.31425807,-2.3160927,0.68133026,-0.8139692,0.3891478,0.3293826,-0.49253237,0
-0.3277009,-0.62544674,1.2815905,-0.114258066,-2.1280491,0.50276273,-0.8622056,0.4359896,0.1293826,-0.29253238,0
-0.20301673,-0.42544675,1.4815905,-0.12078806,-2.1141307,0.7027627,-1.0622057,0.23598959,0.16444515,-0.49253237,0
-0.40301675,-0.62544674,1.6285435,-0.18159732,-1.9249012,0.50276273,-0.8622057,0.035989583,0.36444515,-0.29253238,0
-0.20301674,-0.42544675,1.8285435,0.01840268,-1.7249012,0.30276275,-0.9400559,-0.16401042,0.16444515,-0.49253237,0
-0.05594144,-0.21554473,1.9394462,-0.17362125,-1.8403562,0.4806805,-1.079677,-0.34802243,0.34843808,-0.36416975,0
-0.244861,-0.3975546,1.8416711,-0.3574461,-1.9520233,0.6512119,-0.84159327,-0.524297,0.14201176,-0.15706237,0
-0.040308807,-0.17750807,1.8344958,-0.3379233,-1.9336503,0.76483655,-0.85765773,-0.6508001,-0.052103978,0.038580608,0
0.1566414,-0.3702984,1.7558877,-0.52764994,-1.9550316,0.55404925,-1.0374584,-0.4421907,0.14507149,0.23402418,0
-0.042694584,-0.4922561,1.5320597,-0.7165061,-1.8530691,0.74250114,-1.218507,-0.6323557,0.15602295,0.033503108,0
0.033353448,-0.6266072,1.5678028,-0.46752414,-1.8583697,0.5101805,-1.2839854,-0.7368372,-0.039806563,-0.15070745,0
0.04834027,-0.38982826,1.6153959,-0.60997516,-1.8809122,0.48706058,-1.0979469,-0.85607,-0.2191322,-0.32047206,0
0.007995149,-0.47513852,1.8147682,-0.80969507,-1.6803309,0.686823,-0.89763635,-0.6558431,-0.1528597,-0.52029204,0
0.13120522,-0.59711075,1.9771589,-0.59831405,-1.5592822,0.4777356,-1.077147,-0.56618977,-0.34627298,-0.31431323,0
-0.0673993,-0.38905546,1.9264079,-0.42176592,-1.5959954,0.29175803,-1.2512404,-0.7506478,-0.14330585,-0.41620374,0
-0.25310558,-0.5575677,1.6341233,-0.58852965,-1.6999912,0.4654713,-1.3736649,-0.5212131,0.053663585,-0.58326477,0
-0.053105578,-0.6390044,1.4341233,-0.38852966,-1.8197945,0.6654713,-1.1736648,-0.7212131,0.2536636,-0.78326476,0
-0.19168104,-0.81548005,1.5883051,-0.23330823,-1.72324,0.8412049,-1.0481436,-0.77241284,0.16524667,-0.566911,0
-0.3230977,-1.01548,1.3883051,-0.23134111,-1.52324,0.73950434,-1.2481437,-0.57241285,-0.034753338,-0.766911,0
-0.121338665,-1.1981112,1.2701087,-0.42517737,-1.6986153,0.92607903,-1.0331659,-0.76137525,-0.23139878,-0.55881,0
-0.31380475,-1.3653319,1.0450195,-0.21989799,-1.8541015,1.0996777,-0.813632,-0.6813777,-0.030662615,-0.35039756,0
-0.108279794,-1.1087577,1.1771334,-0.39951292,-1.7537227,1.2365814,-0.9590561,-0.6237118,0.16111647,-0.52367705,0
0.03663504,-1.3087578,0.97713345,-0.29307,-1.5537226,1.4365815,-0.7590561,-0.42371184,-0.038883537,-0.32367706,0
-0.16336496,-1.2446399,1.1771334,-0.1124194,-1.3537226,1.2365814,-0.5590561,-0.3273397,-0.23888354,-0.48443502,0
0.01985249,-1.4446399,0.97713345,0.08758061,-1.5537226,1.4365815,-0.7590561,-0.5273397,-0.43888354,-0.28443503,0
-0.011269307,-1.2446399,0.77713346,-0.1124194,-1.7537227,1.2365814,-0.9590561,-0.4523945,-0.63888353,-0.08443503,0
-0.2112693,-1.0957124,0.5771335,0.08758061,-1.5537226,1.1884414,-0.7590561,-0.2523945,-0.43888354,-0.28443503,0
-0.4112693,-0.89571244,0.49017233,0.23645552,-1.738189,0.9884414,-0.9590561,-0.4523945,-0.63888353,-0.45103586,0
-0.6112693,-1.0957124,0.29017234,0.036455512,-1.703925,1.0461993,-0.7590561,-0.6523945,-0.45076042,-0.4988839,0
-0.4112693,-0.89571244,0.49017233,-0.16354449,-1.503925,1.2461994,-0.7141132,-0.4523945,-0.25076044,-0.56846625,0
-0.6112693,-1.0957124,0.29017234,-0.19881915,-1.3455424,1.352735,-0.7071716,-0.2523945,-0.45076042,-0.7572125,0
-0.4112693,-0.89571244,0.49017233,-0.39881915,-1.5455425,1.5527351,-0.50717163,-0.052394494,-0.42109555,-0.9572125,0
-0.6112693,-0.69571245,0.6901723,-0.42434445,-1.7455425,1.7527351,-0.30717164,-0.2523945,-0.62109554,-0.7572125,0
-0.8112693,-0.49571246,0.49017233,-0.22434445,-1.5455425,1.5527351,-0.10717164,-0.4523945,-0.8210955,-0.58726156,0
-0.6112693,-0.69571245,0.29017234,-0.42434445,-1.7455425,1.352735,-0.30717164,-0.6523945,-1.0210955,-0.58556205,0
-0.4112693,-0.49571246,0.49017233,-0.22434445,-1.6669948,1.5527351,-0.50717163,-0.4523945,-1.2210956,-0.78556204,0
-0.24686487,-0.69571245,0.29017234,-0.39585534,-1.4669948,1.352735,-0.30717164,-0.2523945,-1.4210956,-0.985562,0
-0.44686487,-0.49571246,0.49017233,-0.59585536,-1.6669948,1.5527351,-0.50717163,-0.052394494,-1.2210956,-0.9171291,0
-0.4922185,-0.3768356,0.36925724,-0.39585537,-1.4669948,1.352735,-0.7071716,0.14760551,-1.3969789,-0.7171291,0
-0.6922185,-0.17683561,0.16925724,-0.19585536,-1.6669948,1.5527351,-0.9071716,-0.052394494,-1.1969788,-0.5171291,0
-0.4877368,0.022953479,0.09834547,0.0041069016,-1.8499957,1.6628095,-1.0970907,0.14626154,-0.9879013,-0.60293245,0
-0.26642367,0.03568599,-0.0063889273,-0.17320985,-1.8126184,1.6471072,-1.1468954,-0.047515865,-1.0503494,-0.6915884,0
-0.4052843,-0.15662095,-0.19672595,0.025535861,-1.5371168,1.760627,-1.2838348,0.14534494,-1.1918089,-0.46857262,0
-0.19736584,-0.342865,0.003147763,0.05225155,-1.5160393,1.8849996,-1.042028,0.21466999,-1.3381226,-0.25821295,0
-0.39736584,-0.41879168,0.20314777,0.25225157,-1.4336514,1.6849996,-0.84202796,0.2515737,-1.5381227,-0.41601515,0
-0.19736584,-0.5004895,0.003147766,0.45225155,-1.2336514,1.8849996,-0.642028,0.45157373,-1.3381226,-0.61601514,0
-0.396678,-0.31674632,-0.19651149,0.6511225,-1.4311699,1.6820829,-0.44126284,0.43146467,-1.5354602,-0.8146026,0
-0.55809873,-0.11297195,-0.3836924,0.82360595,-1.2876881,1.4341676,-0.620531,0.6110496,-1.6793534,-0.7460372,0
-0.32590652,0.06821335,-0.1671789,0.9315862,-1.2771132,1.4872599,-0.6580883,0.73813814,-1.710404,-0.49694973,0
-0.11807746,-0.12359196,0.030780239,0.6860951,-1.3852642,1.5823436,-0.42960373,0.5046759,-1.7916124,-0.6536124,0
-0.26702037,-0.28509757,-0.036761124,0.5480802,-1.3966818,1.5703167,-0.3147446,0.62084794,-1.754691,-0.75206697,0
-0.39859968,-0.0869194,-0.22638153,0.33282042,-1.5266834,1.4893484,-0.3579149,0.40239802,-1.8689976,-0.5826192,0
-0.5985997,0.113080606,-0.42638153,0.4089135,-1.3266834,1.2893484,-0.5579149,0.20239802,-1.8673886,-0.7826192,0
-0.58287823,-0.081279986,-0.5857413,0.19535898,-1.4276308,1.3927181,-0.34453216,0.37629005,-1.9332544,-0.5448183,0
-0.6172051,-0.14771388,-0.35187066,-0.0042335135,-1.484714,1.4528669,-0.49671865,0.16081062,-1.9459404,-0.31454095,0
-0.7749513,-0.32973525,-0.14401814,0.18564434,-1.5976056,1.1880871,-0.28137675,0.0059408685,-2.0349839,-0.22640528,0
-0.97495127,-0.52973527,-0.2019011,0.38564435,-1.3976055,1.3880872,-0.48137677,0.20594087,-1.8349838,-0.026405275,0
-1.1363521,-0.62446177,-0.001838636,0.56640494,-1.158262,1.1490563,-0.65899235,0.0057457015,-1.9681311,0.16789183,0
-1.27239,-0.7850003,0.18867671,0.38783514,-1.0890126,0.9036314,-0.4370235,0.032043792,-2.0643573,0.35028335,0
-1.2504619,-0.57816553,0.37246254,0.18945031,-1.2739526,1.0907372,-0.6295809,-0.1659939,-1.8425752,0.5438542,0
-1.2272056,-0.7781655,0.57246256,-0.010549694,-1.3963255,0.89073724,-0.8295809,0.034006104,-1.6425751,0.43235782,0
-1.4012375,-0.5676457,0.36568555,0.18600324,-1.174558,0.6781692,-1.0108476,-0.16297361,-1.8090492,0.620852,0
-1.4372308,-0.32998964,0.14871521,0.34646687,-1.233769,0.42919272,-1.0868266,0.033233963,-1.8032724,0.73677623,0
-1.2260174,-0.1288115,-0.050819978,0.14513938,-1.4207743,0.6234901,-0.87878895,0.23112008,-1.9851159,0.53191125,0
-1.3527417,0.067530505,-0.23793164,0.32740447,-1.2916386,0.692236,-0.8482454,0.029520977,-1.9109567,0.69430214,0
-1.4873766,-0.110447526,-0.4194962,0.50520253,-1.4288458,0.57950205,-1.0041178,0.21985891,-1.6389312,0.4734937,0
-1.4576948,0.088127375,-0.21600322,0.30034566,-1.2092904,0.37346283,-1.1271013,0.37962234,-1.8096672,0.662776,0
-1.2311717,0.28205115,-0.4072303,0.48979405,-1.3795705,0.5613693,-1.1898371,0.5560689,-1.6883211,0.4530167,0
-1.0311717,0.15325704,-0.20723028,0.3646586,-1.1795704,0.3613693,-0.9898371,0.3560689,-1.8883212,0.6530167,0
-1.2311717,0.35325706,-0.007230282,0.5646586,-1.229967,0.16136931,-1.0687561,0.5560689,-1.6883211,0.4530167,0
-1.4048681,0.5430887,-0.20342158,0.3579565,-1.4036856,0.3547277,-0.85278916,0.34952468,-1.8536155,0.42475265,0
-1.2048681,0.57892346,-0.40342158,0.5579565,-1.2036855,0.15472768,-0.6527892,0.54952466,-2.0536156,0.33810267,0
-1.0938594,0.35489878,-0.56516314,0.3352612,-1.3146884,0.25098693,-0.79872024,0.32736394,-2.110731,0.50398564,0
-0.93615276,0.14105253,-0.5360611,0.12317033,-1.379292,0.05022024,-0.90944564,0.48022345,-2.104177,0.6410571,0
-1.0038024,-0.058947474,-0.6213852,-0.07682967,-1.179292,-0.14977977,-0.70944566,0.28022343,-1.904177,0.4410571,0
-1.0048904,-0.2589475,-0.8213852,0.12317033,-1.1479828,-0.34977978,-0.90944564,0.080223426,-2.104177,0.37258026,0
-0.7594322,-0.05561828,-0.9266551,-0.07249052,-1.2718521,-0.14132059,-1.0467869,0.26439708,-2.1740427,0.16283335,0
-0.5594322,-0.08668634,-0.7266551,0.12750947,-1.0941149,-0.27692926,-0.8467869,0.3845546,-2.3740427,0.36283335,0
-0.75128764,-0.28361177,-0.9167172,-0.0717131,-1.2802361,-0.076104224,-0.935055,0.5782855,-2.150727,0.1745039,0
-0.55128765,-0.44833642,-1.1167172,-0.2717131,-1.0802361,-0.2761042,-1.0713313,0.37828553,-1.950727,0.3745039,0
-0.54928374,-0.64539886,-0.9125637,-0.46957585,-1.2466555,-0.07575939,-0.86738336,0.3560737,-2.112433,0.5719009,0
-0.5119502,-0.45282656,-0.7125637,-0.32473233,-1.4466555,-0.2757594,-0.6673834,0.5560737,-1.9124329,0.7719009,0
-0.6932671,-0.24619186,-0.8886161,-0.12145909,-1.6034437,-0.46327445,-0.45511824,0.3467296,-2.0569983,0.556893,0
-0.821285,-0.046191856,-0.6886161,-0.32145908,-1.7697105,-0.26327443,-0.6551182,0.1467296,-1.8569982,0.356893,0
-1.021285,-0.24619186,-0.4886161,-0.12145908,-1.9697106,-0.46327442,-0.45511824,0.3467296,-1.6569982,0.556893,0
-1.1150793,-0.0634131,-0.5798601,0.07171082,-1.9810275,-0.3426713,-0.37307382,0.49918473,-1.6955093,0.32585675,0
-1.3120222,-0.26280075,-0.7780472,0.27107918,-1.81577,-0.14233965,-0.57174164,0.69755936,-1.4920328,0.41685838,0
-1.3871915,-0.27225122,-0.89730084,0.43218747,-1.5480955,-0.3140765,-0.34105113,0.8173401,-1.5523407,0.5659313,0
-1.4685563,-0.090013616,-1.0152826,0.21483251,-1.4441637,-0.10554981,-0.50061005,0.81699467,-1.6213614,0.33857965,0
-1.484861,-0.2900136,-0.81528264,0.014832512,-1.464706,0.09445019,-0.456263,0.6169947,-1.4213613,0.13857965,0
-1.6848611,-0.09001361,-1.0152826,-0.18516749,-1.6189007,-0.104097575,-0.25626302,0.50831753,-1.2213613,0.33857965,0
-1.8785075,-0.08112092,-1.211186,-0.3838691,-1.5498452,-0.3030725,-0.454725,0.30727825,-1.0179183,0.13811252,0
-1.6785074,-0.28112093,-1.011186,-0.5838691,-1.7498453,-0.10307251,-0.25472498,0.50727826,-0.81791836,0.17710514,0
-1.4785074,-0.08112092,-0.811186,-0.3838691,-1.5498452,0.096927494,-0.054724976,0.70727825,-1.0179183,-0.02289486,0
-1.5414395,0.11887908,-0.611186,-0.5838691,-1.7498453,-0.020045392,-0.25472498,0.7759359,-1.2179184,0.17710514,0
-1.6586596,0.303721,-0.7726259,-0.74660754,-1.8571585,-0.20958544,-0.43310943,0.54855853,-0.9695312,0.284204,0
-1.4586595,0.3206623,-0.6811869,-0.54660755,-1.6571585,-0.00958544,-0.63310945,0.7485585,-1.0176692,0.2208505,0
-1.6586596,0.43514884,-0.48118693,-0.7105627,-1.6191744,-0.20958544,-0.51114017,0.78849274,-1.2176692,0.020850495,0
-1.7908771,0.2265733,-0.27093247,-0.61075175,-1.3674191,-0.3909518,-0.68520594,0.9524439,-1.3659691,-0.1726162,0
-1.9873668,0.36324975,-0.07080739,-0.8093222,-1.1653607,-0.19061512,-0.8836451,0.75111717,-1.2210866,-0.16718212,0
-1.7541456,0.15767588,0.09672881,-0.97486067,-1.1490765,-0.37727824,-1.046646,0.60869396,-1.3725662,-0.35464537,0
-1.949895,-0.042232063,0.01198917,-0.812646,-1.0092732,-0.19797923,-0.9958607,0.8069349,-1.3457594,-0.15430897,0
-2.001429,-0.24223207,-0.14052081,-0.612646,-1.2092732,-0.39797923,-0.7958607,0.7366461,-1.2615097,0.04569103,0
-2.033723,-0.041505966,-0.3346662,-0.40555134,-1.1773312,-0.47334537,-0.7818226,0.5274195,-1.4363818,-0.15165593,0
-2.1043835,0.15849404,-0.13466619,-0.20555134,-1.044626,-0.6733454,-0.9818226,0.32741952,-1.2363818,0.048344076,0
-1.9043834,-0.041505963,0.06533381,-0.005551338,-1.244626,-0.4733454,-1.1818227,0.12741952,-1.0363817,-0.15165593,0
-1.7043834,-0.24150597,-0.13466619,0.100088075,-1.4446261,-0.5114799,-1.3818227,0.32741952,-0.83638173,0.048344076,0
-1.8034359,-0.039305817,0.03838407,-0.0946158,-1.5265324,-0.29496902,-1.4839019,0.31277856,-0.98144525,0.23517987,0
-1.5696449,-0.17253298,-0.15821004,0.10316333,-1.5137501,-0.09296764,-1.549074,0.50197226,-1.1565474,0.42600888,0
-1.5820115,-0.3330337,-0.3202294,-0.08656918,-1.5320431,-0.2540683,-1.2988094,0.6275429,-1.2127142,0.55963385,0
-1.452782,-0.5330337,-0.18678735,-0.12638429,-1.6269057,-0.3715836,-1.0988094,0.42754292,-1.0127141,0.53114736,0
-1.6527821,-0.33303374,-0.11362694,-0.2537949,-1.8269057,-0.17158361,-0.8988094,0.22754292,-0.81271416,0.73114735,0
-1.676316,-0.32222104,-0.31362695,-0.4537949,-2.0269058,0.028416395,-0.774192,0.42754292,-0.6127142,0.53114736,0
-1.8763161,-0.522221,-0.51362693,-0.2537949,-1.8269057,0.07187699,-0.97419196,0.22754292,-0.41271418,0.33114737,0
-1.8633133,-0.6842371,-0.2971323,-0.05096566,-1.7893388,0.13781704,-1.1124375,0.39792895,-0.5804896,0.12424991,0
-1.6633133,-0.51357514,-0.09713231,0.14903435,-1.5893388,-0.062182963,-1.3124375,0.19792895,-0.78048956,-0.07575009,0
-1.5683278,-0.681937,-0.117683165,0.33355907,-1.710004,-0.2505584,-1.4436895,-0.0019792274,-0.9370171,0.032589227,0
-1.7683278,-0.703318,0.08231684,0.1699081,-1.5100039,-0.050558403,-1.512527,-0.20197923,-0.7370171,0.23258923,0
-1.9683279,-0.503318,-0.117683165,-0.029862016,-1.3746603,-0.2505584,-1.312527,-0.0019792318,-0.9370171,0.43258923,0
-2.068315,-0.6215366,-0.30303022,-0.2026216,-1.5020301,-0.04822643,-1.1678517,-0.19266307,-0.70302266,0.2218612,0
-2.1195831,-0.39389676,-0.0962746,-0.002449695,-1.5904292,0.14182188,-0.978225,-0.36691642,-0.7391986,0.39420003,0
-2.2774813,-0.19037741,0.10184273,-0.19877511,-1.672228,-0.05712216,-0.7640998,-0.16388679,-0.52941185,0.19067518,0
-2.052335,-0.3856522,-0.09696916,-0.39394826,-1.8495663,0.08392394,-0.55727184,-0.35948223,-0.7205829,0.29603562,0
-2.031205,-0.16742522,0.09291547,-0.2836053,-1.8483436,-0.10467993,-0.6829243,-0.5045533,-0.7754461,0.08660702,0
-1.8312049,-0.36202964,0.29291546,-0.48360533,-1.6483436,-0.30467993,-0.88292426,-0.7045533,-0.7905564,0.23214453,0
-1.6312048,-0.16202964,0.09291546,-0.28360534,-1.5090561,-0.5046799,-1.0829242,-0.9045533,-0.98377645,0.43214452,0
-1.3434457,0.035642084,0.27495435,-0.07847879,-1.6042596,-0.6529869,-1.2042575,-1.0368239,-1.1111892,0.5933824,0
-1.4569186,0.22243175,0.21200697,0.11470861,-1.703111,-0.42759198,-1.3255334,-0.7899107,-1.0805094,0.371329,0
-1.369364,0.021822752,0.0770887,0.30616468,-1.806313,-0.6105536,-1.0949765,-0.57389534,-1.2457453,0.55581814,0
-1.169364,0.06722696,-0.122911304,0.10616468,-1.6743594,-0.8105536,-0.89497656,-0.7738953,-1.4457453,0.65452456,0
-0.9298395,0.25633115,0.073945515,-0.09000932,-1.797935,-0.9693497,-0.66663986,-0.8702337,-1.5786424,0.43599197,0
-1.0063949,0.40647304,0.2440146,-0.2583233,-1.7796435,-0.68529165,-0.771952,-0.9533015,-1.5843104,0.21020782,0
-1.1546975,0.54704297,0.42498735,-0.23418435,-1.5119513,-0.8473544,-0.74209803,-0.76638967,-1.7078477,0.2704571,0
-1.3175462,0.33752567,0.6078477,-0.42227727,-1.2759722,-0.9206693,-0.8219178,-0.93988734,-1.5356824,0.45755523,0
-1.3249108,0.447165,0.70530045,-0.54328614,-0.9393896,-0.9784129,-0.8921968,-0.9951914,-1.515357,0.57408595,0
-1.3553989,0.52576274,0.80466557,-0.30512583,-1.012733,-0.9382082,-0.9707862,-0.70679647,-1.5246749,0.68803716,0
-1.531884,0.7257627,0.6046656,-0.10512583,-0.812733,-0.73820823,-0.99139285,-0.5067965,-1.6186178,0.48803717,0
-1.6357093,0.5025611,0.3868079,-0.29166076,-0.96804154,-0.51445735,-0.97684836,-0.67560583,-1.6799202,0.6345262,0
-1.826845,0.69916856,0.5839743,-0.1863148,-0.8740766,-0.3129389,-0.7730971,-0.8163255,-1.4727739,0.70921904,0
-1.784025,0.8232384,0.71777165,0.012529552,-0.8325778,-0.46962386,-0.89092404,-0.930502,-1.1652946,0.83244014,0
-1.7710587,0.6149443,0.5108811,-0.18497558,-0.8536988,-0.5562722,-1.076406,-1.1154572,-0.9524485,0.9174337,0
-1.7215182,0.73285764,0.63927644,-0.3461983,-0.5878539,-0.68009543,-1.0273812,-1.1829556,-1.0363662,0.79606193,0
-1.7569307,0.7698465,0.4346364,-0.144654,-0.7107976,-0.47502425,-1.2144165,-1.3683476,-0.8275318,0.5897658,0
-1.8304644,0.9071703,0.21947306,-0.3223808,-0.4777874,-0.25725085,-1.3230101,-1.4669935,-0.58697766,0.36457723,0
-1.6304643,0.7071703,0.019473061,-0.12238081,-0.51805973,-0.45725083,-1.12301,-1.2669934,-0.64192957,0.5645772,0
-1.4304643,0.5071703,0.12137381,0.077619195,-0.7180597,-0.6572508,-1.3230101,-1.4669935,-0.44192958,0.7645772,0
-1.2304642,0.5303163,0.27004704,0.27761918,-0.9180597,-0.8572508,-1.12301,-1.6669935,-0.24192958,0.9645772,0
-1.2983122,0.32698408,0.4653052,0.47280094,-1.1067808,-1.0465853,-1.1673499,-1.501531,-0.041506585,0.90999347,0
-1.0983121,0.5269841,0.60809857,0.67280096,-0.94923866,-0.84658533,-1.2109686,-1.3594468,0.15849341,0.7099935,0
-0.88532406,0.32225648,0.79641485,0.86018175,-1.1326227,-0.63723683,-1.3905685,-1.4786597,0.35331023,0.8968365,0
-0.90089047,0.12225647,0.99641484,0.66018176,-1.3326228,-0.58786815,-1.2614309,-1.2786597,0.47783607,0.69683653,0
-0.9254761,-0.07774353,1.0841309,0.86018175,-1.1326227,-0.38786817,-1.1027334,-1.4786597,0.64929444,0.8968365,0
-1.0292089,0.113176554,1.1887593,0.61115044,-1.0277518,-0.5442075,-1.2059802,-1.5539867,0.41592562,0.8640454,0
-1.1977696,0.30516648,0.9634699,0.4006345,-0.96590346,-0.57181853,-0.9802503,-1.7091252,0.40801474,1.0368304,0
-1.3059422,0.09825749,1.0870348,0.18745366,-1.0893085,-0.34739164,-1.1027129,-1.6737384,0.36349964,0.7818542,0
-1.3355472,-0.10047968,1.2256014,0.38264456,-1.1772927,-0.5405974,-0.89150834,-1.4554461,0.16147026,0.9696674,0
-1.4450577,0.09852041,1.0152968,0.4364265,-1.353066,-0.3371753,-0.68456054,-1.6388134,-0.038142618,0.7619343,0
-1.5028352,0.272712,0.74481076,0.21598636,-1.4187964,-0.49073407,-0.4426681,-1.6798397,0.14786407,0.8787707,0
-1.2924169,0.4689319,0.54045415,0.035238743,-1.374952,-0.6852106,-0.637529,-1.8648075,0.34508237,0.6733429,0
-1.0344949,0.25467265,0.70119387,-0.1560253,-1.4914451,-0.4594838,-0.4143304,-1.9553274,0.48419687,0.82703656,0
-1.2344949,0.054672644,0.5011939,0.043974698,-1.291445,-0.6594838,-0.21433039,-1.7553273,0.28419685,1.0270365,0
-1.3344725,-0.13519418,0.28019267,0.22696318,-1.3874516,-0.42744556,-0.38544056,-1.818989,0.45043546,1.1414795,0
-1.0362682,-0.30617848,0.07325088,0.3737267,-1.4500358,-0.207757,-0.5347626,-1.8442177,0.5941313,1.225356,0
-0.7676932,-0.46467125,-0.04770436,0.26366478,-1.5147309,-0.0071209106,-0.6745112,-1.8765893,0.37391618,1.3084751,0
-0.93641263,-0.2561158,0.14737271,0.44867685,-1.3643225,-0.20042574,-0.84624267,-2.0094638,0.16829436,1.0726438,0
-1.0475984,-0.056803647,0.32022443,0.22924197,-1.073327,-0.36913118,-0.9644755,-2.0367873,-0.02922775,1.1731826,0
-0.8475984,0.14319636,0.52022445,0.42924196,-0.9323606,-0.16913117,-0.8288672,-1.8367872,-0.22922775,1.3731827,0
-0.8434703,0.34046727,0.31767803,0.22741902,-0.9643907,0.03062336,-0.6238665,-2.0205908,-0.42581457,1.5606728,0
-1.0434703,0.54046726,0.11767803,0.427419,-0.8407046,-0.16937664,-0.4238665,-1.8205907,-0.62581456,1.3606727,0
-0.8434703,0.74046725,-0.08232197,0.627419,-0.64070463,0.030623361,-0.2238665,-1.6205907,-0.42581457,1.1890382,0
-0.6434703,0.54046726,-0.282322,0.6083837,-0.8407046,-0.16937664,-0.4238665,-1.7739799,-0.22581457,0.98903817,0
-0.7748058,0.34046727,-0.08232199,0.40838373,-1.0407046,0.030623361,-0.59641886,-1.7786047,-0.025814563,1.1228387,0
-0.9748058,0.14046727,-0.14796501,0.20838372,-0.8407046,0.23062336,-0.5307242,-1.9786048,0.17418544,1.3228388,0
-0.7748058,0.16051202,-0.347965,0.008383721,-1.0407046,0.030623361,-0.33072424,-1.7786047,0.37418544,1.5228388,0
-0.5748058,0.36051202,-0.547965,0.08259502,-0.9664954,-0.09408674,-0.13072424,-1.6478357,0.17418544,1.5561903,0
-0.3748058,0.16051202,-0.347965,0.02559483,-0.9540215,-0.2687925,0.06927577,-1.8478358,0.37418544,1.5866194,0
-0.5693498,0.3570901,-0.42332613,0.22345352,-1.1430677,-0.06813954,-0.12948342,-2.028398,0.40607512,1.6467795,0
-0.66097647,0.15052845,-0.4534537,0.40576592,-1.0788037,0.12635267,-0.31572095,-1.8913785,0.4263611,1.7696398,0
-0.7942479,0.28956053,-0.50111157,0.19692922,-1.1973225,0.3123373,-0.4935731,-1.6187415,0.21663994,1.8850528,0
-0.9329853,0.4593953,-0.282558,0.05682263,-1.3112237,0.10541542,-0.275484,-1.4311048,0.39096782,1.956578,0
-0.7329853,0.5499748,-0.36411312,0.086967856,-1.1112237,0.30541542,-0.07548399,-1.2311047,0.19096781,1.8335953,0
-0.9329853,0.3499748,-0.16411312,-0.11303215,-0.9112237,0.10541542,-0.275484,-1.0311047,0.39096782,2.0335953,0
-0.7329853,0.45539072,-0.12063265,-0.31303215,-0.7112237,0.082030535,-0.07548399,-0.8311047,0.59096783,1.8335953,0
-0.5329853,0.2553907,-0.1373067,-0.11303215,-0.9112237,0.28203052,-0.275484,-1.0311047,0.57282704,1.7627387,0
-0.7329853,0.0553907,0.0626933,-0.31303215,-1.1112237,0.30114833,-0.44596565,-1.2311047,0.4967539,1.9627388,0
-0.5329853,-0.09293753,0.0067556687,-0.51303214,-0.9112237,0.10114832,-0.64596564,-1.0311047,0.38820958,2.1627388,0
-0.6210956,-0.29293752,-0.19324434,-0.7130321,-1.1112237,0.30114833,-0.59842956,-0.8311047,0.18820958,1.9627388,0
-0.41862056,-0.09239126,-0.39093298,-0.9076656,-1.3035167,0.49820277,-0.42425594,-1.0250442,0.1971013,2.150027,0
-0.5071997,-0.29239127,-0.19093297,-0.7076656,-1.2523261,0.34073573,-0.22425593,-0.8250442,-0.002898708,2.350027,0
-0.30719972,-0.4923913,0.009067029,-0.50766563,-1.2511908,0.4587697,-0.42425594,-0.6250442,-0.20289871,2.150027,0
-0.39844453,-0.2923913,-0.020024026,-0.7076656,-1.4511908,0.2587697,-0.62425596,-0.8250442,-0.40289873,1.950027,0
-0.19710799,-0.489075,-0.21854216,-0.54409087,-1.2427639,0.45567983,-0.8187045,-1.0181404,-0.59883815,2.1355464,0
-0.23598242,-0.64058053,-0.041924916,-0.3198751,-0.9693781,0.6095356,-0.947012,-1.0019089,-0.7099212,2.1711798,0
-0.034507073,-0.80611527,-0.23200557,-0.11496,-1.1214316,0.7763432,-0.94020224,-1.0966955,-0.87261283,1.890358,0
-0.22893898,-0.59172374,-0.4217481,0.08302082,-1.2435875,0.5626586,-0.722627,-0.87540454,-1.0471449,2.0407248,0
-0.028091153,-0.3802474,-0.5129735,-0.11355204,-1.0130135,0.35203382,-0.8955968,-0.65561724,-1.2106073,2.1750784,0
-0.12500729,-0.16611628,-0.28843683,0.07967057,-1.117915,0.5087552,-0.96808535,-0.41989753,-1.2058151,2.1888757,0
-0.15053946,0.03388372,-0.39997384,-0.12032943,-0.91791505,0.30875522,-1.1680853,-0.54976904,-1.005815,1.9888756,0
-0.026453909,0.2313192,-0.5933952,0.07879699,-1.063775,0.3789199,-0.95747036,-0.7415479,-1.0765414,2.1648748,0
0.15551057,0.386495,-0.71094275,-0.10860717,-0.8597568,0.5187565,-1.037182,-0.8436989,-1.014305,2.1176693,0
0.20079418,0.5622138,-0.48978946,-0.29583067,-0.94711447,0.5267318,-1.185962,-1.0004892,-1.1640321,1.8382767,0
0.40079418,0.76221377,-0.6897895,-0.10327195,-0.7471145,0.4037123,-0.985962,-1.2004893,-1.3640321,1.6382767,0
0.20079418,0.96221375,-0.88978946,0.09672806,-0.5471145,0.23706515,-0.785962,-1.0004892,-1.5640322,1.4382766,0
0.0007941723,1.1622138,-0.6897895,-0.10327195,-0.7471145,0.2606129,-0.985962,-0.8584455,-1.3640321,1.2382766,0
-0.19920583,0.9622138,-0.88978946,0.09672806,-0.6850484,0.39887887,-1.185962,-0.65844554,-1.5640322,1.0382766,0
-0.38523954,1.1215535,-0.66565704,0.27194208,-0.8540848,0.19192106,-1.3374739,-0.44240674,-1.7023172,1.1949552,0
-0.56687605,1.2800863,-0.8384947,0.45713362,-1.02101,0.37962347,-1.202126,-0.62224954,-1.455178,0.9957741,0
-0.76555794,1.0782298,-0.6788873,0.5355871,-0.8195989,0.36831442,-1.0004035,-0.7350012,-1.6523331,1.1937188,0
-0.7458292,1.2053311,-0.45157588,0.69363576,-0.58426255,0.5143366,-0.7547557,-0.7508579,-1.685024,1.3142337,0
-0.6785769,0.97754574,-0.63356763,0.4799927,-0.37364233,0.6945938,-0.92836815,-0.92457813,-1.7751849,1.2091631,0
-0.6355969,0.70940334,-0.39557073,0.62039965,-0.52336955,0.514271,-1.0294805,-1.0260226,-1.8020841,1.2856672,0
-0.7592789,0.8263443,-0.17770857,0.7454697,-0.29383507,0.64903414,-1.1171877,-0.8143975,-1.7064501,1.3499761,0
-0.84177285,0.9006232,0.019560868,0.82965523,-0.4333432,0.39403012,-1.0038016,-0.8901398,-1.6729213,1.3601131,0
-1.0417728,0.7006232,-0.18043913,0.62965524,-0.2333432,0.59403014,-1.2038016,-1.0901399,-1.5018563,1.1601131,0
-1.109293,0.8045392,-0.0054302053,0.7411425,-0.38711149,0.70931816,-0.8967099,-1.1524999,-1.5202919,1.2150079,0
-0.91420937,0.92403066,0.05765882,0.86571485,-0.54005754,0.56979185,-1.0088145,-1.2441041,-1.5824196,0.93366027,0
-0.79637927,1.1191561,0.25654146,0.73866427,-0.6497316,0.36818817,-1.2035723,-1.4378415,-1.3764244,0.7304786,0
-0.8954831,1.1855748,0.37863722,0.5310025,-0.76368535,0.4569364,-1.2614427,-1.4719892,-1.0572964,0.8362557,0
-0.865907,1.3700627,0.46210402,0.7228186,-0.9528965,0.64958173,-1.0495594,-1.4460924,-0.8476986,0.62913257,0
-1.065907,1.5700628,0.26210403,0.5228186,-1.1528965,0.82883376,-0.84955937,-1.2460923,-0.64769864,0.42913258,0
-0.865907,1.3700627,0.46210402,0.7228186,-0.95289654,0.65493965,-0.6495594,-1.4460924,-0.7512404,0.62913257,0
-1.0509304,1.5235944,0.25842133,0.7930744,-0.7423179,0.73026025,-0.44324285,-1.6229639,-0.5434952,0.81748277,0
-1.1429079,1.5747555,0.41883492,0.5418602,-0.53949314,0.84992874,-0.5876964,-1.6655442,-0.5419766,0.5641608,0
-1.2553767,1.7095639,0.2107965,0.7146096,-0.47655156,1.011362,-0.6711739,-1.4117106,-0.36043897,0.35078418,0
-1.3333291,1.7494282,0.37634718,0.47145453,-0.61981606,1.1097773,-0.6568849,-1.1100967,-0.51344067,0.50459546,0
-1.3662354,1.7369903,0.51354,0.5982832,-0.643509,0.81063485,-0.76350635,-1.1673297,-0.63569385,0.27140236,0
-1.5596969,1.9289042,0.31223112,0.6448775,-0.44165748,0.8379323,-0.56115395,-0.9632914,-0.433875,0.07110427,0
-1.3000871,2.029448,0.48830122,0.42409417,-0.5678216,0.9894432,-0.34428194,-1.108946,-0.23731472,0.2584391,0
-1.032843,2.0931704,0.5920869,0.5859457,-0.7208876,1.1167371,-0.13546254,-0.85338557,-0.39914578,0.4304165,0
-1.1578592,2.1536956,0.7439107,0.738143,-0.789797,0.86097944,-0.31505907,-0.61364543,-0.18703336,0.21640213,0
-0.9578592,2.1755056,0.5439107,0.938143,-0.989797,0.66097945,-0.11505906,-0.8136454,-0.2055795,0.016402125,0
-0.84329796,1.9755056,0.3439107,1.1381431,-0.789797,0.86097944,0.08494094,-1.0136454,-0.0055795014,-0.18359788,0
-0.7138679,1.8637395,0.5439107,1.3381431,-0.70752645,0.7787038,0.1937168,-1.2136455,-0.2055795,-0.18425359,0
-0.4909549,1.9717189,0.7107402,1.1876646,-0.4848962,0.7825562,0.36854228,-1.350612,-0.16331416,-0.34845805,0
-0.6610022,1.6949153,0.87125987,1.2015766,-0.29367822,0.9399626,0.54389614,-1.4833934,0.035095517,-0.14202243,0
-0.6639307,1.8920625,0.982829,1.0000687,-0.49293497,0.7388486,0.7427762,-1.2814612,-0.16465622,0.05789029,0
-0.77931947,1.8125196,1.0669857,1.0825369,-0.62507063,0.48607513,0.50949335,-1.3363706,-0.3289427,-0.12819184,0
-0.9026856,1.8550355,1.1678413,1.0055438,-0.76050705,0.2636891,0.44375485,-1.1354154,-0.3788495,-0.3025101,0
-0.6931743,1.6326336,1.3493267,0.7946403,-0.7859043,0.45741278,0.5895106,-1.3173398,-0.5710144,-0.40748763,0
-0.75912243,1.7627199,1.1624675,0.57195514,-0.56355244,0.6323329,0.37465104,-1.4594543,-0.7416007,-0.31671795,0
-0.67818934,1.9627199,1.2652816,0.37195516,-0.6948291,0.43233293,0.17465104,-1.2594543,-0.5416007,-0.13253261,0
-0.4411226,1.9950771,1.3517005,0.52762014,-0.8254666,0.21432368,0.2820415,-1.3463249,-0.3151216,0.028813573,0
-0.30580798,2.045112,1.1396363,0.67790985,-0.58273536,0.38601753,0.4491089,-1.4406817,-0.44618878,0.026985964,0
-0.30775744,1.8451118,0.9396363,0.87790984,-0.43598133,0.58601755,0.6491089,-1.2406816,-0.30999345,0.22698596,0
-0.5077574,1.6451118,0.88210684,1.0779098,-0.23598133,0.38601756,0.8491089,-1.4406817,-0.10999344,0.42698598,0
-0.30775744,1.4451118,0.68210685,0.87790984,-0.035981327,0.58601755,1.0491089,-1.6406817,0.09000656,0.62698597,0
-0.5077574,1.2451117,0.88210684,0.8471732,-0.23598133,0.71194756,0.8491089,-1.4406817,-0.10999344,0.4836571,0
-0.7077574,1.4451118,1.0821068,0.6471732,-0.22667694,0.91194755,0.6491089,-1.2712264,-0.30999345,0.28365707,0
-0.5077574,1.6451118,1.0072112,0.8471732,-0.42667693,0.99070185,0.4491089,-1.0799482,-0.10999344,0.08365707,0
-0.7077574,1.4451118,1.2072113,1.0471733,-0.6266769,1.1907018,0.2491089,-1.0878224,0.09000656,0.06170758,0
-0.5077574,1.6451118,1.0072112,0.8471733,-0.8266769,1.3907019,0.4491089,-0.88782245,0.29000658,0.26170757,0
-0.7077574,1.4451118,0.8072112,0.6471733,-0.9997469,1.5907019,0.39631897,-0.68782246,0.090006575,0.4617076,0
-0.65354764,1.2451117,0.60721123,0.4471733,-0.79974693,1.3907019,0.19631897,-0.48782247,0.21370636,0.57523227,0
-0.45354766,1.0451117,0.69041955,0.6471733,-0.73462903,1.5907019,0.32280037,-0.68782246,0.41370636,0.77523226,0
-0.25354767,0.84511167,0.89041954,0.8471733,-0.934629,1.790702,0.5228004,-0.73595876,0.21370636,0.76762754,0
-0.053547665,1.0451117,0.9763981,1.0471733,-1.134629,1.5907019,0.40528664,-0.58873296,0.013706356,0.9676275,0
0.14400032,1.2242652,1.0913215,1.0800036,-1.0103155,1.7607207,0.20184958,-0.5848971,-0.18317458,0.7653575,0
0.32780045,0.98995256,1.2480626,0.85052377,-0.8033063,1.8950372,0.3883877,-0.5874803,-0.16888002,0.93301827,0
0.4750705,0.7899526,1.0480626,1.0505238,-0.6033063,2.0950372,0.5883877,-0.40275162,-0.36888003,0.7330183,0
0.2732273,0.5859995,1.2396996,0.8448246,-0.7979235,2.2796588,0.38578525,-0.20139304,-0.1677484,0.52944666,0
0.06938618,0.71270305,0.9851623,0.6110005,-0.94557756,2.3495889,0.555058,-0.38033804,-0.34845823,0.3930898,0
-0.07045069,0.9115064,1.1836085,0.6870745,-0.74460006,2.1467705,0.7540681,-0.1801016,-0.54773915,0.47651246,0
-0.2693484,1.1069763,0.9795996,0.7979661,-0.94075006,1.9388359,0.5778798,-0.3785524,-0.7282864,0.67375517,0
-0.23873203,1.1849962,0.8513583,0.9979661,-1.14075,1.7388358,0.44156432,-0.5785524,-0.5282864,0.47375518,0
-0.333851,0.98499626,0.6513583,1.1979661,-0.94075006,1.9388359,0.6415643,-0.7785524,-0.3282864,0.2737552,0
-0.533851,0.7849963,0.8513583,1.3979661,-0.7407501,1.7388358,0.61106014,-0.5785524,-0.5282864,0.13402082,0
-0.43014053,0.68187684,0.6513583,1.2289773,-0.5407501,1.9143178,0.55823064,-0.7785524,-0.47751856,0.33402082,0
-0.63014054,0.8818768,0.8513583,1.4289774,-0.52676165,1.7143178,0.6740445,-0.5785524,-0.27751857,0.37959903,0
-0.66841656,1.0818769,0.6513583,1.6289774,-0.72676164,1.5143178,0.4740445,-0.7785524,-0.47751856,0.579599,0
-0.44533327,1.2187067,0.80940384,1.7388464,-0.6950554,1.3260653,0.26053974,-0.90302014,-0.2638426,0.6657488,0
-0.3728492,1.0187067,0.60940385,1.5388464,-0.8950554,1.1260653,0.060539737,-0.74110365,-0.46384263,0.6187737,0
-0.5728492,1.2187067,0.80940384,1.3388463,-1.0950555,1.3260653,0.03303627,-0.94110364,-0.580607,0.4187737,0
-0.33824646,0.9317814,0.91572475,1.3960316,-1.1748662,1.3844368,0.21140903,-1.035202,-0.7081617,0.5613476,0
-0.50218725,1.0559591,0.88587916,1.4891074,-1.0481417,1.1050868,0.010644695,-1.1524512,-0.84732044,0.514304,0
-0.55927545,0.7588534,0.96268976,1.4446701,-1.1065441,1.157029,-0.16787358,-1.19902,-0.9285054,0.45431137,0
-0.75927544,0.5588534,0.8819337,1.24467,-0.90654415,0.9736455,-0.36787358,-0.99902004,-1.0174888,0.25431138,0
-0.66842794,0.7588534,0.6819337,1.4446701,-0.75745916,1.1736455,-0.16787358,-1.19902,-1.2174889,0.05431138,0
-0.83052504,0.53446203,0.84344137,1.5728879,-0.5331287,0.9311504,0.030724257,-1.3379593,-1.355622,0.24321187,0
-1.0305251,0.734462,0.6434414,1.3728878,-0.3331287,0.7311504,0.23072426,-1.5379593,-1.155622,0.44321185,0
-0.77606225,0.83995473,0.7881315,1.3802462,-0.3058702,0.6844077,0.02870947,-1.6239902,-1.2667252,0.6010323,0
-0.8852478,0.9440812,0.64493316,1.434563,-0.096110016,0.4397501,-0.03567666,-1.6558363,-1.3315076,0.3640611,0
-0.9998996,1.0339532,0.40994182,1.5060145,-0.01043247,0.22089519,-0.21714209,-1.709886,-1.0977961,0.51970106,0
-0.77144814,1.190063,0.28028724,1.6453335,0.18282484,0.020151965,-0.016532363,-1.456181,-1.2516351,0.6941021,0
-0.8361494,1.3355997,0.08028723,1.5227976,0.3103022,0.22015196,-0.21653236,-1.256181,-1.2523291,0.88195515,0
-0.61920327,1.4070172,-0.11652379,1.28756,0.1574235,0.019615138,-0.40543652,-1.4173903,-1.4136411,0.8766867,0
-0.5732854,1.1047298,-0.2897003,1.3614982,0.32713398,-0.16509832,-0.18802701,-1.4803263,-1.4768947,0.985444,0
-0.34258077,1.1974092,-0.44941995,1.4181272,0.11667656,0.032030836,-0.052574925,-1.5421109,-1.5233748,0.72083724,0
-0.14258076,0.99740916,-0.36227742,1.5642769,0.14005095,0.23203084,-0.25257492,-1.742111,-1.3233747,0.52083725,0
0.05741924,0.7974092,-0.38589177,1.3642769,0.00044362247,0.43203086,-0.052574918,-1.942111,-1.1233747,0.32083726,0
-0.042882137,0.57567835,-0.17912991,1.5073761,0.0049277632,0.6090406,0.13617492,-2.0641913,-1.2752367,0.2930434,0
-0.13004024,0.7333049,0.019730007,1.593001,-0.18441592,0.38669574,0.3178105,-2.1405041,-1.0164992,0.08796067,0
-0.24156573,0.51172453,0.21083856,1.5199448,-0.16602838,0.5629549,0.49685714,-2.2457948,-0.78345925,0.27630824,0
-0.4234873,0.68258536,0.32259566,1.2659041,-0.17260203,0.34809494,0.28470328,-2.34566,-0.9431948,0.15620764,0
-0.5665152,0.43848842,0.111393295,1.331955,-0.14360265,0.13456254,0.44041282,-2.3130465,-1.0387337,0.19603981,0
-0.7665152,0.23848842,-0.08860671,1.531955,-0.34360266,0.33456254,0.24041282,-2.1130464,-0.83873373,0.3960398,0
-0.93797034,0.4102452,0.10910105,1.6963149,-0.1406476,0.5235623,0.43135002,-1.8736798,-1.0173587,0.19200571,0
-0.73797035,0.4508943,-0.09089895,1.4963149,-0.1330683,0.32356232,0.63135004,-2.0736797,-0.99893856,-0.007994294,0
-0.5388689,0.2508943,-0.12665546,1.342065,-0.3197519,0.5235623,0.7856946,-2.2736797,-0.7989386,-0.1654888,0
-0.6870767,0.41928813,0.06820334,1.4339715,-0.48331904,0.3008817,0.5446394,-2.3002832,-0.55695504,-0.2625583,0
-0.79600257,0.19677432,0.24066754,1.4295114,-0.61316425,0.09052442,0.65501696,-2.2435849,-0.61335075,-0.05613559,0
-0.9451713,0.37652484,0.41817793,1.5463489,-0.3920783,-0.10388847,0.43179506,-2.2108552,-0.39225528,-0.07811804,0
-0.950527,0.57652485,0.5312275,1.3463489,-0.3973443,0.022796601,0.23179506,-2.0108552,-0.19225527,0.12188196,0
-0.86039156,0.50376797,0.4955004,1.5463489,-0.41668716,-0.1772034,0.08565579,-2.2108552,-0.39225528,0.20904377,0
-0.6368668,0.678698,0.6707249,1.399866,-0.20896822,-0.3637665,0.23026372,-2.3249745,-0.2994591,0.008721607,0
-0.43023455,0.4714307,0.66711205,1.1816503,-0.1291704,-0.5552077,0.029804276,-2.486642,-0.4918766,-0.012505599,0
-0.23023455,0.5015149,0.46711206,1.3816503,-0.3291704,-0.74704033,-0.17019573,-2.2866418,-0.6918766,0.1874944,0
-0.030234545,0.30151492,0.36275148,1.5816504,-0.1291704,-0.9470403,-0.17886586,-2.0866418,-0.4918766,0.3874944,0
0.041267306,0.5015149,0.5627515,1.3816503,-0.3291704,-0.98746556,-0.37886587,-1.8866417,-0.2918766,0.5120808,0
0.24126731,0.30151492,0.36275148,1.5176655,-0.16248752,-1.1874655,-0.17886586,-2.0162745,-0.4918766,0.3120808,0
0.4412673,0.30063576,0.48354658,1.3176655,-0.30385685,-0.98746556,-0.34803766,-2.1222978,-0.6918766,0.5120808,0
0.29547828,0.19637737,0.6835466,1.2686373,-0.50385684,-1.1874655,-0.29814357,-1.9222977,-0.4918766,0.6782837,0
0.14344573,0.31119657,0.87216634,1.054873,-0.29994312,-1.1660558,-0.49172735,-2.0949621,-0.5876228,0.76389354,0
-0.049121946,0.44401544,0.9312629,1.0899584,-0.43424094,-1.1865296,-0.60082096,-1.9933597,-0.3366817,0.83721924,0
-0.08658429,0.6244048,0.7089955,1.2506785,-0.22710817,-0.95648926,-0.38861573,-2.1265705,-0.5203394,0.7907097,0
0.11341571,0.4244048,0.725245,1.0506785,-0.05272168,-0.7564893,-0.31413415,-2.1124024,-0.7203394,0.5907097,0
-0.08453876,0.46867839,0.5128362,1.2211316,0.1437989,-0.9338924,-0.4799383,-2.2577724,-0.66211486,0.59993607,0
-0.27287197,0.26220474,0.30529866,0.996528,0.3355153,-0.71620977,-0.27319336,-2.398554,-0.84134275,0.7806621,0
-0.07287197,0.062204733,0.10529865,0.79652804,0.13551529,-0.91620976,-0.22058228,-2.198554,-0.64134276,0.58066213,0
-0.26362327,0.2533176,-0.09149155,0.9627518,-0.062299076,-1.078377,-0.40632713,-2.317258,-0.8128264,0.7542024,0
-0.44114715,0.21153066,0.10324804,0.90340024,0.031121261,-0.8357939,-0.5769328,-2.395223,-0.583117,0.9079433,0
-0.2237466,0.3818357,0.28136647,0.78859675,0.21444416,-0.9610537,-0.3497343,-2.4079585,-0.72660935,0.82760936,0
-0.4237466,0.5818357,0.23972318,0.58859676,0.04512532,-0.76105374,-0.41800675,-2.2079585,-0.92660934,1.0276093,0
-0.6049976,0.37035823,0.038529146,0.37691608,-0.15021935,-0.5441892,-0.5994303,-2.3355784,-0.8958364,1.1907091,0
-0.37476227,0.31116238,0.07659948,0.16370831,-0.32407355,-0.68863136,-0.36961064,-2.3462834,-1.0140262,1.21693,0
-0.5747623,0.15631506,-0.123400524,0.36370832,-0.12407355,-0.48863137,-0.16961063,-2.3483186,-0.8140262,1.01693,0
-0.6942817,-0.040537793,-0.03408521,0.52309763,-0.2824385,-0.639021,0.028200058,-2.3647327,-0.9409737,1.12926,0
-0.8942817,-0.24053779,0.112795025,0.32309765,-0.4824385,-0.83902097,0.22820006,-2.1647327,-0.7409737,0.92925996,0
-1.0199429,-0.29244542,0.29154566,0.48756155,-0.63607776,-0.96843624,0.02628432,-2.2040873,-0.5042233,1.0469384,0
-1.1767644,-0.47501582,0.47414795,0.66322607,-0.42064327,-1.1270807,0.10146146,-2.1245735,-0.29345563,0.81696194,0
-1.3767644,-0.27501583,0.67414796,0.46322608,-0.38719758,-1.1914122,-0.09853854,-1.9245734,-0.49345565,0.6627039,0
-1.1767644,-0.41846025,0.47414798,0.66322607,-0.31587386,-0.9914122,0.10146146,-1.7245734,-0.33081603,0.86270386,0
-1.3767644,-0.21846025,0.274148,0.7913631,-0.51587385,-0.83765644,-0.09853854,-1.9245734,-0.530816,0.92564356,0
-1.5409038,-0.40894312,0.07246162,0.91992176,-0.69959253,-0.6231541,-0.2917488,-2.0091317,-0.3232922,0.7091401,0
-1.4697924,-0.20894311,0.27246162,0.71992177,-0.8995925,-0.8231541,-0.09174879,-1.9836535,-0.12329219,0.50914013,0
-1.5382817,-0.40894312,0.07246162,0.91992176,-1.0275135,-1.0231541,0.108251214,-1.7836535,-0.3232922,0.30914015,0
-1.6471313,-0.19798675,0.0019922527,1.0611964,-0.78412116,-0.7799904,0.2920874,-1.8260478,-0.49585226,0.48244232,0
-1.4471313,0.0020132512,0.20199226,0.86119646,-0.98412114,-0.97999036,0.0920874,-1.6260477,-0.6958523,0.28244233,0
-1.4718432,0.20201325,0.21160328,0.6611965,-1.0581975,-0.7799904,0.013236724,-1.8260478,-0.89585227,0.48244232,0
-1.2718432,0.2188101,0.41160327,0.46119648,-0.8581975,-0.5799904,0.21323672,-1.9694993,-0.6958523,0.28244233,0
-1.0718431,0.4188101,0.26355618,0.2611965,-1.0581975,-0.50893205,0.41323674,-1.7694993,-0.4958523,0.48244232,0
-0.87184316,0.6188101,0.06355618,0.46119648,-0.8581975,-0.6790718,0.21323673,-1.7975588,-0.6329479,0.28244233,0
-1.0718431,0.41881013,-0.13644382,0.2611965,-1.0581975,-0.8790718,0.013236731,-1.9975588,-0.8329479,0.08244233,0
-0.87184316,0.6188101,-0.016622022,0.46119648,-0.8581975,-0.6790718,-0.13189138,-1.7975588,-0.6329479,0.08902907,0
-0.8077304,0.44687194,-0.21662202,0.2611965,-1.0581975,-0.5382444,0.06810862,-1.8928313,-0.43294793,0.28902906,0
-1.0077304,0.6468719,-0.41662204,0.3249627,-0.8581975,-0.7382444,0.2681086,-2.0928314,-0.23294793,0.2782599,0
-1.1526409,0.44687194,-0.61662203,0.30614448,-0.6581975,-0.9382444,0.0681086,-1.8928313,-0.43294793,0.14750609,0
-1.3497261,0.24687193,-0.41662204,0.50614446,-0.8581975,-1.1377032,-0.1318914,-2.0928314,-0.23294793,0.22823557,0
-1.1159194,0.0454937,-0.5984908,0.4248482,-1.0270821,-1.0123758,0.066105925,-2.2254126,-0.42021745,0.027405327,0
-0.91591936,-0.1545063,-0.79849076,0.2248482,-1.2270821,-1.2123759,-0.04131905,-2.0254126,-0.22021745,0.22740532,0
-0.7256387,-0.35046768,-0.9871156,0.024565116,-1.4108244,-1.3962858,0.0015763374,-1.8046169,-0.019987125,0.4225362,0
-0.5256387,-0.4629018,-0.78711563,-0.17543489,-1.6108245,-1.2631096,0.20157634,-1.6046169,0.18001288,0.22578742,0
-0.3256387,-0.26290178,-0.58711565,0.024565116,-1.6842815,-1.0631095,0.0015763342,-1.5421684,-0.019987121,0.42578742,0
-0.41924936,-0.46290177,-0.38711566,-0.17543489,-1.6443013,-1.2631096,0.20157634,-1.7421684,-0.21998712,0.6112141,0
-0.21540053,-0.65126485,-0.34354618,-0.3688443,-1.8119255,-1.0444472,0.0015486624,-1.9080746,-0.019636257,0.5101998,0
-0.3752909,-0.7690697,-0.12968585,-0.5139187,-1.8176609,-0.7629103,-0.17928956,-1.9033191,-0.19842894,0.6377242,0
-0.1752909,-0.96906966,-0.32968587,-0.3139187,-1.6176609,-0.5629103,-0.37928957,-2.1033192,-0.21265821,0.43772423,0
-0.2890037,-1.0356625,-0.46924132,-0.45527342,-1.6102405,-0.67585164,-0.15883012,-2.0404785,-0.36556816,0.21059659,0
-0.08720004,-1.210622,-0.26378515,-0.64199436,-1.773556,-0.46620852,-0.35155845,-1.8031812,-0.5541069,0.010381849,0
-0.019026784,-0.9683541,-0.09923289,-0.80677915,-1.608174,-0.6383453,-0.5284903,-1.919401,-0.6351708,0.20158294,0
0.18097322,-1.1683542,0.10076711,-1.0067792,-1.4081739,-0.4383453,-0.32849032,-1.719401,-0.43517083,0.40158296,0
0.38097322,-1.079053,0.30076712,-0.8067792,-1.608174,-0.23834531,-0.380282,-1.519401,-0.6351708,0.60158294,0
0.18097322,-1.1893337,0.10076712,-0.7076061,-1.4081739,-0.1654594,-0.58028203,-1.3194009,-0.43517083,0.40158296,0
0.14087132,-0.9893337,0.30076712,-0.5076061,-1.608174,-0.36545938,-0.38028204,-1.519401,-0.23517083,0.20158295,0
-0.059128687,-0.95781934,0.5007671,-0.3076061,-1.4081739,-0.16545938,-0.18028204,-1.3194009,-0.43517083,0.40158296,0
-0.23843364,-0.75781935,0.4737413,-0.1076061,-1.608174,-0.36545938,-0.38028204,-1.1194009,-0.23517083,0.60158294,0
-0.43843365,-0.55781937,0.2737413,-0.18205771,-1.6890861,-0.5654594,-0.58028203,-0.9194009,-0.035170823,0.68470097,0
-0.2496894,-0.75781935,0.3395961,0.017942294,-1.5052265,-0.36545938,-0.38028204,-0.7194009,-0.15898827,0.48470098,0
-0.18321554,-0.55781937,0.4610477,0.2179423,-1.6260022,-0.16545938,-0.58028203,-0.5194009,-0.2579156,0.284701,0
-0.19135334,-0.35781938,0.26104772,0.017942294,-1.4610236,-0.36545938,-0.7165788,-0.4963371,-0.057915583,0.34876117,0
-0.39135334,-0.43432367,0.41062275,-0.18205771,-1.5945618,-0.5654594,-0.5165788,-0.6963371,-0.2579156,0.14876117,0
-0.214608,-0.5680357,0.21062274,-0.38205773,-1.5976224,-0.36545938,-0.7165788,-0.5889556,-0.057915583,0.34876117,0
-0.414608,-0.7680357,0.41062275,-0.40754843,-1.7682904,-0.45823592,-0.91657877,-0.78895557,0.14208442,0.14876117,0
-0.614608,-0.9680357,0.31425312,-0.6075484,-1.5682904,-0.6582359,-1.0691634,-0.98895556,0.3420844,0.34876117,0
-0.6504523,-1.1680357,0.51425314,-0.40754843,-1.6193106,-0.8582359,-0.86916345,-0.78895557,0.1420844,0.5487612,0
-0.51923054,-1.2425145,0.58485645,-0.6075484,-1.4193106,-1.0582359,-0.66916347,-0.98895556,-0.0579156,0.3487612,0
-0.71923053,-1.0425144,0.48558286,-0.8075484,-1.6193106,-0.8582359,-0.86916345,-1.1889555,-0.07158086,0.40399748,0
-0.51923054,-1.2425145,0.45149466,-0.9677881,-1.4193106,-0.6582359,-0.66916347,-1.3889556,0.12841915,0.60399747,0
-0.71923053,-1.0425144,0.26516855,-0.7677881,-1.6193106,-0.45823592,-0.52559537,-1.5889556,-0.07158086,0.80399746,0
-0.82069707,-1.1093279,0.41530657,-0.50692624,-1.6242965,-0.44166613,-0.6478179,-1.5971954,-0.24246979,0.89637774,0
-0.80904025,-0.8797146,0.24572921,-0.29693082,-1.7648863,-0.23379599,-0.43323418,-1.7143848,-0.041086707,1.0606729,0
-0.86636835,-0.8454123,0.4186558,-0.091043286,-1.4743804,-0.40744743,-0.59477186,-1.7981061,0.14926098,1.1841003,0
-0.9055155,-1.0199289,0.21332578,0.066384114,-1.6335652,-0.5926401,-0.77539825,-1.5591501,0.3407473,0.9601115,0
-1.080448,-0.91517234,0.01302362,-0.13058615,-1.624955,-0.5997858,-0.95328116,-1.3283315,0.13755587,1.1338061,0
-1.2804481,-0.71517235,-0.18697639,-0.088953435,-1.8249551,-0.39978582,-0.7532812,-1.2509251,0.3375559,0.9338061,0
-1.3082092,-0.7731416,-0.34195462,-0.25533587,-1.7893668,-0.5300053,-0.48891112,-1.2479986,0.4750153,1.0018964,0
-1.3250502,-0.697297,-0.27235356,-0.055254217,-1.7403549,-0.72892815,-0.6878947,-1.0464523,0.33475578,1.2001231,0
-1.3553189,-0.497297,-0.2683991,0.14474578,-1.940355,-0.52892816,-0.4878947,-0.8572402,0.13475578,1.000123,0
-1.49647,-0.6609731,-0.29576766,-0.05525422,-1.7468394,-0.72892815,-0.6878947,-0.6572402,0.049832746,0.80012304,0
-1.2964699,-0.46790093,-0.49576765,-0.2552542,-1.5468394,-0.52892816,-0.4878947,-0.8572402,-0.15016726,0.60012305,0
-1.480198,-0.6679009,-0.69576764,-0.4552542,-1.5280007,-0.72892815,-0.6878947,-0.8217884,0.049832746,0.80012304,0
-1.5700022,-0.7767833,-0.8803667,-0.2508656,-1.6982912,-0.779541,-0.47950634,-1.0042207,-0.12485051,0.5898051,0
-1.3131381,-0.8918326,-1.0355245,-0.16239332,-1.7755522,-0.55548626,-0.267905,-1.1271311,0.0720303,0.75702304,0
-1.1130282,-1.0917248,-0.835442,-0.36235753,-1.7773613,-0.7554116,-0.46785876,-0.92703956,-0.12795708,0.9569285,0
-0.8828514,-1.2490315,-0.61443985,-0.15699139,-1.6308559,-0.86058,-0.64578515,-1.0897894,-0.043295063,1.1186905,0
-0.68285143,-1.0490315,-0.41443986,0.04300861,-1.5390059,-0.66058004,-0.4628638,-1.2897894,-0.24329507,0.9186905,0
-0.8828514,-0.8490315,-0.61443985,0.24300861,-1.495297,-0.86058,-0.6626555,-1.0897894,-0.44329506,1.1186905,0
-1.0828514,-0.82479703,-0.41443986,0.4430086,-1.5247972,-1.06058,-0.470412,-1.1275766,-0.24329506,0.9186905,0
-1.241766,-0.99197626,-0.20757206,0.23522584,-1.6695578,-0.83301854,-0.2617516,-1.2850589,-0.04190846,1.0828626,0
-1.3565359,-1.1215125,-0.0071244324,0.04932279,-1.7590388,-0.73952997,-0.4344551,-1.1523197,-0.22760803,0.83067214,0
-1.4671474,-0.868592,0.18179913,0.23500472,-1.8465354,-0.50854594,-0.59801966,-1.2746588,-0.026022552,0.594454,0
-1.5623951,-1.0190754,0.36410722,0.03338266,-1.7650018,-0.6757131,-0.37957615,-1.024861,-0.21554907,0.75764036,0
-1.3509061,-1.1283149,0.16272332,-0.16521227,-1.7285589,-0.86832833,-0.4852502,-1.2145319,-0.29996347,0.55293787,0
-1.3649107,-1.1690141,0.31922302,0.030615741,-1.6972727,-0.94020694,-0.251041,-1.2448914,-0.44000435,0.3106111,0
-1.2554355,-0.9079496,0.11170992,-0.040067773,-1.6864321,-1.0683544,-0.42261767,-1.3538386,-0.5996731,0.47843388,0
-0.9563624,-1.0039471,-0.08000235,-0.21753278,-1.709354,-1.0524966,-0.32971972,-1.4079808,-0.7246083,0.6147498,0
-0.9289747,-1.2019843,-0.115772665,-0.017504195,-1.906241,-0.9284877,-0.52885604,-1.2060112,-0.5263806,0.4140736,0
-0.9678909,-1.079803,-0.31577265,-0.2175042,-1.7843082,-0.72848773,-0.728856,-1.0060111,-0.609511,0.6140736,0
-1.1678909,-1.1031272,-0.11577265,-0.4175042,-1.5843081,-0.9284877,-0.52885604,-0.80601114,-0.809511,0.81407356,0
-1.1850774,-1.2967813,-0.16877905,-0.21644498,-1.6294609,-1.1229922,-0.72530663,-0.60306,-0.78234607,0.64849275,0
-0.98507744,-1.0967813,-0.36877906,-0.416445,-1.5549188,-0.92299217,-0.9253066,-0.80306,-0.98234606,0.84849274,0
-1.0659078,-1.2646223,-0.38374925,-0.6011577,-1.322462,-0.98488325,-1.0479236,-0.978185,-0.7629446,0.6324107,0
-1.0759428,-1.3234003,-0.49521965,-0.3624772,-1.3756629,-1.0706342,-1.127596,-0.7031507,-0.8700953,0.39071673,0
-1.2443689,-1.095601,-0.28791428,-0.15845662,-1.3746593,-1.2391917,-0.9046421,-0.8808017,-1.0436152,0.18599734,0
-1.3117375,-1.2625986,-0.3433438,0.006594911,-1.1746593,-1.0391916,-0.7046421,-1.0808017,-1.0881482,0.19466689,0
-1.2600883,-1.0625986,-0.42281678,-0.19340509,-1.3746593,-1.0726062,-0.9046421,-1.063347,-0.88814825,0.3946669,0
-1.362655,-1.1861385,-0.41404745,-0.36958137,-1.3531317,-0.8197632,-0.6619706,-1.1868416,-1.0222524,0.18287832,0
-1.162655,-1.3861386,-0.5049149,-0.16958137,-1.1531316,-0.6197632,-0.46197063,-1.037858,-0.82225245,-0.017121688,0
-1.0327668,-1.3276951,-0.3049149,-0.36958137,-1.3531317,-0.8197632,-0.26197064,-0.9344779,-1.0222524,-0.21712169,0
-1.2327669,-1.1276951,-0.5049149,-0.5695814,-1.5531317,-0.6197632,-0.46197063,-0.73447794,-1.2222525,-0.22650954,0
-1.1594636,-1.3094349,-0.33156297,-0.3644984,-1.7233553,-0.80848867,-0.25836766,-0.90248275,-1.008193,-0.42064363,0
-1.1956373,-1.3275359,-0.37639853,-0.14467502,-1.6915755,-0.88695765,-0.051333882,-0.9099272,-1.0625961,-0.19405429,0
-1.0266403,-1.1326765,-0.32883784,0.055324987,-1.8915756,-0.68695766,-0.2513339,-0.7099272,-1.2331276,0.0059457123,0
-1.2266403,-0.9326765,-0.52883786,0.05625051,-1.6915755,-0.48695767,-0.05133389,-0.9099272,-1.1572585,-0.19405429,0
-1.3917153,-0.71940047,-0.545448,0.11875585,-1.8573004,-0.67451,0.10159308,-1.0515198,-1.0313724,-0.38691404,0
-1.4016113,-0.8095933,-0.6564166,-0.07154089,-1.7619933,-0.41783768,-0.08665385,-1.1020465,-1.0843055,-0.5168169,0
-1.2011923,-1.0092413,-0.45625746,0.12841432,-1.9613092,-0.21776173,-0.2865539,-0.90173197,-1.193406,-0.31670645,0
-1.2794813,-0.7495947,-0.23736954,0.30420792,-1.9434253,-0.38696983,-0.08017427,-1.0205268,-1.2907025,-0.10810438,0
-1.3707831,-0.5092157,-0.40523577,0.4671635,-1.9859468,-0.17323308,0.111022085,-0.7602423,-1.3811799,0.08514401,0
-1.5707831,-0.7092157,-0.20523576,0.6671635,-1.7859467,0.026766926,-0.08897792,-0.5602423,-1.1811799,-0.11485599,0
-1.3707831,-0.5092157,-0.0052357614,0.4671635,-1.9859468,-0.0066898055,-0.22262728,-0.7602423,-0.9811799,-0.314856,0
-1.5707831,-0.7092157,-0.20523576,0.46925494,-1.7859467,-0.2066898,-0.02262728,-0.5602423,-1.1811799,-0.514856,0
-1.6782405,-0.48260364,-0.3840578,0.5449365,-1.8821595,-0.30615836,-0.16441372,-0.7205114,-0.92990255,-0.67749697,0
-1.733775,-0.46689543,-0.33494157,0.31840557,-1.9220095,-0.22588705,-0.3363847,-0.84970987,-0.67376184,-0.7267757,0
-1.4343525,-0.6236659,-0.50026554,0.11073027,-1.9844564,-0.39828017,-0.12754397,-0.98166555,-0.6806965,-0.8667002,0
-1.1981331,-0.7994973,-0.6797178,0.3016126,-1.9024527,-0.5479582,0.07032997,-1.1469922,-0.8446223,-0.64713734,0
-0.89756703,-0.89879376,-0.7910825,0.45107302,-1.8906218,-0.42733997,0.2430931,-1.2112771,-0.93937224,-0.62568986,0
-1.0376207,-1.0387803,-0.558799,0.57055616,-1.9764371,-0.24328485,0.06915876,-0.9560436,-1.0771426,-0.40243974,0
-1.1910087,-0.8071897,-0.5442041,0.35660005,-1.9246392,-0.4265896,-0.10302645,-1.112504,-1.1550651,-0.19481532,0
-0.9910087,-0.6071897,-0.34420413,0.55660003,-1.7246392,-0.2265896,-0.30302644,-1.312504,-1.3550651,0.00518468,0
-1.1045598,-0.5516226,-0.5047033,0.33071637,-1.78494,-0.36173788,-0.15751792,-1.4027195,-1.3302708,-0.18067473,0
-0.8318495,-0.69120574,-0.28021064,0.48805636,-1.8253868,-0.14873707,-0.079526976,-1.4738898,-1.4072647,0.017771868,0
-0.60728264,-0.4721072,-0.46153963,0.66130406,-1.9466379,0.04926978,-0.029359477,-1.6088074,-1.160325,-0.17514293,0
-0.54576766,-0.64421314,-0.6340841,0.8255578,-1.6741481,0.032899298,-0.21984051,-1.6280953,-1.3038683,0.023825446,0
-0.3267969,-0.7978948,-0.47905517,0.873335,-1.7713217,-0.1579326,-0.018751945,-1.7277956,-1.0433037,-0.16650862,0
-0.5267969,-0.5978948,-0.27905518,1.073335,-1.5713216,-0.3579326,0.020849738,-1.6460056,-1.2433038,-0.3665086,0
-0.49080044,-0.7637271,-0.45854095,1.218808,-1.4295591,-0.15116957,-0.013022798,-1.7669556,-0.9986271,-0.54224944,0
-0.3862761,-0.5328529,-0.24438113,1.3411027,-1.1622185,-0.3319367,0.12259061,-1.8592292,-1.1329806,-0.70159787,0
-0.21970665,-0.32687038,-0.09095723,1.4712124,-1.2186123,-0.12956533,0.13384779,-1.6294072,-1.3090224,-0.8853931,0
-0.40996763,-0.5146447,-0.28420576,1.632433,-0.99497604,0.068800285,0.32610106,-1.4489625,-1.4740067,-0.669489,0
-0.20254382,-0.30351985,-0.08122851,1.6658865,-1.1527255,-0.12656091,0.12164252,-1.204803,-1.6032585,-0.8387466,0
-0.002543822,-0.50351983,0.06010133,1.4658865,-0.95272547,0.07343909,-0.07835748,-1.404803,-1.7104675,-0.71669227,0
0.19745618,-0.30351985,0.26010132,1.2658864,-0.9007353,0.2734391,0.12164252,-1.204803,-1.9104675,-0.62424517,0
0.39745617,-0.4042026,0.060101315,1.0658864,-1.1007353,0.4734391,0.023464069,-1.404803,-1.7104675,-0.5645682,0
0.59745616,-0.2042026,0.26010132,1.2246886,-0.9007353,0.6734391,0.15183295,-1.204803,-1.9104675,-0.7645682,0
0.38791788,-0.0041017486,0.44905964,1.0000978,-1.0315933,0.85247797,-0.04701112,-0.9910583,-1.9965149,-0.94142014,0
0.17666303,-0.19187762,0.23414287,1.1282212,-1.1578304,0.970499,-0.13739328,-0.74367994,-2.0649605,-0.69701475,0
-0.023336977,-0.39187762,0.4341429,0.9774078,-1.296729,0.7911473,-0.33739328,-0.9287224,-1.9257901,-0.49701476,0
-0.22333698,-0.59187764,0.6190621,0.7774078,-1.0967289,0.9911473,-0.23548222,-0.7287224,-1.809628,-0.29701477,0
-0.42333698,-0.411394,0.41906214,0.57740784,-1.296729,1.1911473,-0.4354822,-0.9287224,-1.609628,-0.17126746,0
-0.45221385,-0.211394,0.21906213,0.37740785,-1.496729,0.99114734,-0.4833266,-1.1287224,-1.809628,0.028732538,0
-0.25221384,-0.411394,0.019062132,0.57740784,-1.3663855,1.1911473,-0.28332663,-0.92872244,-2.009628,0.22182295,0
-0.43938166,-0.59404486,0.21284595,0.54006034,-1.5219373,1.3488561,-0.4696116,-0.708044,-1.7582774,0.40985316,0
-0.46895403,-0.3923865,0.012791884,0.6897731,-1.3163737,1.1440209,-0.6667934,-0.90422237,-1.9500358,0.20896997,0
-0.26895404,-0.1923865,-0.18720812,0.8897731,-1.1163737,1.344021,-0.46679342,-0.7042224,-1.8404489,0.045741826,0
-0.06804849,-0.12966458,0.012623897,1.0754615,-1.2076563,1.128997,-0.6580367,-0.8923476,-1.9597467,0.13714275,0
0.11617892,-0.0821072,-0.16497844,1.1230015,-1.0987942,1.1701376,-0.7554728,-0.9617758,-1.9015851,-0.055343725,0
0.31617892,0.1178928,0.03502156,0.92300147,-0.89879423,1.3701377,-0.5554728,-0.9815418,-1.701585,0.14465627,0
0.116178915,-0.0821072,0.23502156,1.1230015,-1.0987942,1.1701376,-0.5925078,-0.7815418,-1.5325712,0.3446563,0
0.31617892,0.1178928,0.23231374,1.3230015,-1.2987943,0.97013766,-0.55741817,-0.98085237,-1.3325711,0.14465629,0
0.15233518,0.3178928,0.43231374,1.2845817,-1.4987943,0.77013767,-0.35741818,-0.87876815,-1.5050654,0.3446563,0
0.0212968,0.5178928,0.4426553,1.1063496,-1.6987944,0.97013766,-0.55741817,-0.67876816,-1.3050654,0.53889894,0
-0.07981487,0.3178928,0.30094007,1.3063496,-1.8110542,1.1405588,-0.75741816,-0.5539577,-1.1050653,0.33889896,0
-0.2650213,0.4096759,0.47445577,1.4267101,-1.9047314,1.2193705,-0.5279479,-0.33524424,-0.8572153,0.5104078,0
-0.4650213,0.6096759,0.67445576,1.2267101,-1.7047313,1.3874655,-0.3279479,-0.50993544,-1.0572153,0.31040782,0
-0.63961035,0.39402187,0.84104216,1.3721944,-1.7284138,1.1522553,-0.12305892,-0.6828083,-0.89883894,0.49090475,0
-0.74136645,0.44740534,0.566033,1.38823,-1.639324,1.1940262,-0.2852574,-0.7795097,-0.96941435,0.5106627,0
-0.54136646,0.6474053,0.766033,1.1882299,-1.839324,0.99402624,-0.085257396,-0.9795097,-0.76941437,0.59778124,0
-0.7201979,0.43463042,0.54987085,1.3485913,-1.8054597,1.1599327,-0.27711233,-0.7572521,-0.8756025,0.38642326,0
-0.82741004,0.21097153,0.6742579,1.3924397,-1.80324,1.2228044,-0.069336735,-0.5010618,-0.811387,0.46500126,0
-0.6807403,0.36480722,0.7760527,1.4135615,-1.722974,1.2629813,0.11598591,-0.26724362,-0.89777815,0.5903019,0
-0.8528074,0.15958032,0.726909,1.4715737,-1.4746724,1.4165826,0.30596435,-0.075071245,-1.0629619,0.37792337,0
-0.92330045,0.31534797,0.81288886,1.4659516,-1.400262,1.417725,0.34374672,0.10956113,-0.9383744,0.50683236,0
-0.70298123,0.11210757,0.59567136,1.6191511,-1.4009368,1.5722792,0.2956901,-0.08789823,-0.7176317,0.6869757,0
-0.8156065,-0.07938774,0.6486085,1.6431255,-1.3816605,1.6007891,0.44772586,-0.2600405,-0.52427757,0.4398547,0
-0.9260417,0.1170595,0.48182857,1.4006166,-1.5258394,1.7477449,0.24042882,-0.09773125,-0.31472564,0.62100714,0
-0.7054344,-0.08058639,0.61335933,1.1665393,-1.6768547,1.8924619,0.319615,-0.2892807,-0.11146936,0.40905765,0
-0.90543437,-0.2805864,0.8133593,0.9665393,-1.4999236,1.6924618,0.119615,-0.4892807,-0.20824066,0.60905766,0
-1.0664726,-0.33511627,0.9165952,0.73952216,-1.6400087,1.5687822,-0.077551775,-0.66498655,-0.39385197,0.7805419,0
-1.1760234,-0.49689913,0.87296635,0.5655419,-1.7085984,1.6424588,-0.25772947,-0.43177798,-0.18000738,0.6212191,0
-0.9760234,-0.29689914,1.0729663,0.6152991,-1.9085984,1.4424587,-0.45772946,-0.23177798,0.01999262,0.5445069,0
-0.71681964,-0.08950658,1.1758503,0.75309896,-1.8857018,1.5171536,-0.6075505,-0.39883712,0.20320912,0.31822407,0
-0.91681963,0.11049342,1.1579703,0.5705885,-1.7061378,1.4318177,-0.4075505,-0.19883712,0.003209114,0.11822407,0
-1.1168196,0.27546224,0.9603344,0.37058854,-1.9061378,1.2318176,-0.4394328,-0.39883712,-0.19679089,-0.08177593,0
-0.91681963,0.07546224,1.1603345,0.5705885,-2.1061378,1.0318176,-0.2394328,-0.59883714,0.003209114,-0.28177595,0
-1.1168196,0.27546224,0.9603345,0.7705885,-1.9061377,0.83181757,-0.039432794,-0.7988371,-0.19679089,-0.08177595,0
-0.91681963,0.47546226,1.1603345,0.5705885,-1.7615097,1.0318176,-0.2394328,-0.59883714,0.003209114,0.037294835,0
-0.6948724,0.6547812,1.3186843,0.746995,-1.901453,1.1941023,-0.24720724,-0.77437866,-0.19076562,0.23002943,0
-0.47355667,0.43519238,1.0704991,0.9062049,-2.0109367,1.3340539,-0.0985377,-0.7894192,-0.3739341,0.15129884,0
-0.3848348,0.58646595,1.1730375,1.0213464,-2.041333,1.047059,0.093678996,-0.82804257,-0.16059138,0.32435024,0
-0.43941104,0.7717354,0.9548125,0.8059626,-2.1993527,0.87524694,-0.10432961,-1.0087873,-0.058858257,0.122021146,0
-0.57130325,0.86822957,1.031806,0.5414176,-2.1437821,0.79255766,-0.2719135,-1.0800315,0.12610783,0.28596595,0
-0.37130326,0.6682296,0.831806,0.7414176,-2.2949238,0.59255767,-0.17530051,-0.8800315,0.32610783,0.08596595,0
-0.1572138,0.6329799,0.94694144,0.8639873,-2.2897198,0.7273709,0.022667997,-0.99120045,0.3281647,0.26244566,0
-0.33440828,0.7775331,0.6992547,0.99605954,-2.1609204,0.868165,0.20845227,-1.115151,0.29799846,0.058458954,0
-0.13440828,0.7434595,0.8992547,0.79605955,-1.9609203,1.0681651,0.008452266,-0.91515106,0.49799848,-0.14154105,0
-0.054549556,0.9081511,1.0256773,0.5737524,-2.0800493,1.0400125,0.20065106,-1.0734172,0.28684607,-0.32875907,0
0.12811962,0.7566461,1.0796345,0.68155766,-1.9821446,1.0922616,0.00057348574,-1.121686,0.42883703,-0.46575594,0
-0.071880385,0.9566461,1.2796346,0.48155767,-1.7821445,1.2922616,-0.19942652,-0.921686,0.22883703,-0.26575595,0
-0.010029821,1.0441318,1.335701,0.61525816,-1.7893286,1.2324209,-0.3605717,-0.944604,0.026031861,-0.059359442,0
0.18376201,1.2034739,1.4855149,0.78861576,-1.557463,1.2944152,-0.15532428,-0.7202706,-0.16305146,0.13604447,0
0.383762,1.403474,1.2855148,0.5886158,-1.357463,1.4944153,0.044675723,-0.57019705,0.036948547,0.3360445,0
0.20802763,1.2034739,1.0855148,0.66439414,-1.557463,1.6944153,0.07894236,-0.37312362,-0.16305146,0.13604449,0
0.37447685,0.9209615,1.1673685,0.7933178,-1.6129526,1.7386438,-0.11110347,-0.5259975,-0.1617939,0.28249246,0
0.4371574,0.9068636,0.96736854,0.5933178,-1.5881135,1.5386437,-0.10985758,-0.7259975,-0.3617939,0.48249245,0
0.23715739,0.7068636,1.1673685,0.39331782,-1.7881136,1.3386437,0.09014242,-0.55450755,-0.1617939,0.28249246,0
0.06019871,0.68970966,1.3673686,0.43685082,-1.5881135,1.5386437,0.29014242,-0.35450757,-0.3472096,0.48249245,0
0.2601987,0.48970968,1.1673685,0.3305118,-1.7857805,1.6530468,0.090142414,-0.15450756,-0.44355887,0.28249246,0
0.3391425,0.65918845,1.2583233,0.23475969,-1.8979052,1.7710453,-0.10499614,0.043479297,-0.23278083,0.07884198,0
0.46990854,0.7488558,1.2710528,0.37893003,-1.8285028,1.7179338,0.08280395,0.21221292,-0.3340851,-0.031867474,0
0.6699085,0.54885584,1.0710528,0.17893003,-1.9461479,1.5179337,-0.11719605,0.012212917,-0.19112177,-0.12441813,0
0.8699085,0.34885585,1.1886137,0.37893003,-2.0836878,1.3179337,-0.31719607,-0.18778709,0.008878231,-0.32441813,0
0.90117294,0.54885584,1.3848797,0.17893003,-1.9659294,1.1179336,-0.11719607,0.012212917,-0.19112177,-0.124418125,0
0.70117295,0.7488558,1.1848797,-0.021069974,-2.1659293,1.2857202,-0.31719607,0.21221292,0.008878231,0.07558188,0
0.50117296,0.57403624,1.3848797,0.17893003,-1.9659293,1.2418349,-0.412417,0.012212917,-0.19112177,-0.124418125,0
0.70117295,0.37403625,1.3206629,0.37893003,-2.1659293,1.0418348,-0.612417,-0.18778709,0.008878231,0.07558188,0
0.65514165,0.5337431,1.4139234,0.19184014,-2.1998582,0.7827441,-0.7553912,-0.36056727,-0.1777064,0.25623804,0
0.4307224,0.69437623,1.1487938,0.37081712,-2.271101,0.5514787,-0.9041325,-0.53049165,-0.3574417,0.43175992,0
0.3993815,0.479256,1.3075417,0.553359,-2.3955238,0.3407289,-0.682597,-0.36643672,-0.2993586,0.22467168,0
0.5444756,0.61703324,1.275051,0.6633704,-2.3577628,0.16459282,-0.43838903,-0.51454866,-0.45361522,0.09029674,0
0.35150978,0.80675364,1.4564925,0.85250777,-2.1769304,0.36000568,-0.23538972,-0.31059116,-0.5875451,-0.10832302,0
0.50780517,0.92697304,1.5241618,0.6058176,-2.1712325,0.14732595,-0.40088707,-0.40745986,-0.35683393,0.052452754,0
0.6576578,0.8185176,1.652996,0.4207922,-1.9788471,-0.017901028,-0.5921213,-0.5985982,-0.5487108,0.24876997,0
0.5502134,0.610237,1.8281883,0.6124811,-1.867652,-0.2149838,-0.7815165,-0.39326182,-0.34404233,0.4351316,0
0.67345935,0.36826584,1.8206851,0.4760965,-1.8561114,-0.37252697,-0.75320846,-0.39297873,-0.4883816,0.57015157,0
0.54537326,0.16826583,2.0206852,0.27609652,-1.6625026,-0.17252697,-0.5532085,-0.19297872,-0.65184104,0.37015158,0
0.46781722,-0.03173417,1.8206851,0.4760965,-1.8625027,0.027473032,-0.35320848,-0.39297873,-0.45184106,0.57015157,0
0.2651645,0.11059944,1.6950094,0.66677815,-2.0420737,0.22521994,-0.19068724,-0.58710533,-0.6453846,0.7625233,0
0.061677456,0.044654068,1.4150095,0.82039577,-2.1220975,0.2728272,-0.36978105,-0.36639085,-0.800147,0.9110174,0
-0.13189477,0.15944408,1.3933654,0.59156626,-2.2141907,0.45085514,-0.29136613,-0.15865874,-0.5722585,1.059389,0
-0.16589075,0.22976448,1.476592,0.7335545,-2.11123,0.23247065,-0.45535526,0.03831147,-0.34497666,1.1670918,0
-0.1818755,0.39016768,1.5221175,0.4843949,-2.0982823,0.39262453,-0.41340914,0.2163544,-0.27272537,1.1891891,0
0.017855521,0.18734542,1.6965597,0.28017423,-2.0014074,0.38855928,-0.60430557,0.016111681,-0.21630614,1.1995536,0
0.00079091574,-0.012484548,1.4764503,0.07909692,-2.171827,0.5806508,-0.7934981,-0.14047605,-0.3713265,0.9861226,0
-0.1992091,0.18751545,1.2796175,0.27909693,-1.971827,0.7806508,-0.9934981,-0.34047604,-0.21630716,0.97131366,0
0.00077088847,0.37770617,1.0522889,0.46696943,-2.116851,0.9558273,-1.0629916,-0.5267948,-0.40576905,0.7517892,0
-0.03813962,0.5546629,1.1651504,0.2563207,-2.2244377,0.9090329,-0.828569,-0.6978047,-0.19756143,0.52977973,0
-0.22637337,0.7173757,0.91746324,0.05353793,-2.3046486,0.67400026,-0.97223085,-0.853445,0.0023180875,0.38759953,0
-0.023966007,0.83363754,1.0154611,-0.07781546,-2.276024,0.7942214,-0.7017416,-0.9572864,0.13521704,0.17047542,0
0.17558463,0.63202006,0.8133794,0.12187264,-2.4697034,0.9837598,-0.50046074,-0.7553533,-0.06461759,-0.029449211,0
-0.024415374,0.43202007,1.0133795,0.32187265,-2.2697034,0.99739337,-0.43204105,-0.95535326,0.09746638,0.1705508,0
-0.1988067,0.55989844,1.0749173,0.20307752,-2.1878786,1.0607555,-0.55991703,-1.0235126,0.26352167,0.3282662,0
-0.39803115,0.5214826,0.8732159,0.0030715372,-2.383235,0.9114435,-0.35921714,-0.82191116,0.46262026,0.5272389,0
-0.19803114,0.3214826,1.073216,0.20307153,-2.41317,0.73741156,-0.55921715,-0.62191117,0.26262027,0.32723892,0
-0.39803115,0.1381113,1.273216,0.40307152,-2.21317,0.93741155,-0.75921714,-0.47133622,0.06262027,0.12723891,0
-0.5597808,0.14269297,1.3789884,0.19008295,-2.2588224,1.0646621,-0.5234493,-0.25398138,0.24582294,0.30630854,0
-0.75978076,-0.057307035,1.1789883,-0.009917051,-2.0588224,1.2646621,-0.3234493,-0.42519623,0.045822933,0.106308535,0
-0.52966845,-0.24346572,1.3048084,0.1798578,-2.1373134,1.3858736,-0.17318568,-0.591565,-0.14588341,0.18794768,0
-0.72376597,-0.3607914,1.4926356,0.37678504,-2.013583,1.1762807,-0.3701669,-0.38839757,-0.3193073,0.38480946,0
-0.83953196,-0.52694255,1.5904698,0.3225556,-1.775031,1.2413391,-0.1598958,-0.5528825,-0.24293123,0.54951096,0
-0.9500282,-0.2987928,1.4206376,0.11200356,-1.8049808,1.3172398,-0.32890874,-0.49305263,-0.40479484,0.684978,0
-1.0472072,-0.08996,1.4269701,0.28410813,-1.8257207,1.3815874,-0.48162037,-0.26685154,-0.18648466,0.44532952,0
-0.7689912,-0.26319024,1.4767503,0.07634308,-1.8387016,1.4355718,-0.25562057,-0.42375076,-0.35080355,0.5857513,0
-0.96899116,-0.46319026,1.6767503,-0.12365692,-1.6387016,1.2355717,-0.055620566,-0.3615985,-0.55080354,0.3857513,0
-1.0443562,-0.24353027,1.6766558,-0.2891494,-1.6426637,1.2825146,-0.22836693,-0.37159073,-0.62791336,0.16594695,0
-1.2028275,-0.4344532,1.8382491,-0.08732492,-1.4131389,1.0603603,-0.2403742,-0.55989283,-0.5971557,0.35845765,0
-1.0028274,-0.23445319,2.038249,-0.2873249,-1.2131388,0.8603603,-0.04037419,-0.7598928,-0.63619864,0.5584577,0
-0.8555772,-0.207223,1.838249,-0.0873249,-1.0131388,0.66036034,0.15962581,-0.7139753,-0.81820357,0.75845766,0
-0.9950733,-0.407223,1.7180243,-0.2873249,-0.8131388,0.8603603,-0.04037419,-0.5139753,-1.0182036,0.95845765,0
-1.1916316,-0.21094841,1.5136522,-0.48592138,-1.0102209,1.0573064,-0.2396819,-0.31307107,-1.2146952,1.1130425,0
-1.2519667,-0.3697054,1.1818134,-0.61708194,-1.0887625,1.1311226,-0.3955552,-0.1017232,-1.2212226,1.1812649,0
-0.9900142,-0.53615427,1.3004355,-0.71831226,-1.2128646,1.0088196,-0.5604817,-0.2839541,-1.3375239,0.92347616,0
-1.0017884,-0.419303,1.3386208,-0.81927663,-1.260494,1.0784541,-0.62016916,-0.43176198,-1.0148474,1.0023146,0
-1.1683005,-0.5286665,1.1068931,-0.7544572,-1.4197973,1.24283,-0.40846115,-0.22530392,-0.7921416,1.0750011,0
-0.92832685,-0.3150984,1.2529416,-0.53156793,-1.1694412,1.3832667,-0.5833425,-0.4077464,-0.95118374,1.2223662,0
-1.0948284,-0.111681275,1.0216811,-0.7098486,-1.3287843,1.148137,-0.76008606,-0.5897032,-1.1170065,0.99201345,0
-0.79141307,-0.27566028,1.0804914,-0.45092538,-1.3521028,1.1923329,-0.8491289,-0.6984372,-1.1648002,1.0542525,0
-0.5914131,-0.07566027,0.88049144,-0.6509254,-1.1521027,0.9923329,-0.6491289,-0.49843723,-0.9648002,0.8542525,0
-0.79141307,0.12433973,0.68049145,-0.8509254,-1.2058305,1.020149,-0.8476712,-0.29843724,-1.1648002,1.0542525,0
-0.99141306,-0.07566027,0.48049146,-0.6509254,-1.0058304,0.9812142,-0.6476712,-0.3320434,-0.9648002,0.8542525,0
-1.1745846,-0.27566028,0.68049145,-0.7274095,-1.2058305,0.78121424,-0.70944095,-0.1320434,-1.0555416,1.0542525,0
-0.97458464,-0.47566026,0.88049144,-0.92740947,-1.3081299,0.9812142,-0.50944096,0.0679566,-1.2555417,0.97353405,0
-0.77458465,-0.27566028,1.0804914,-1.022522,-1.1081299,0.78121424,-0.30944097,-0.1320434,-1.4555417,1.173534,0
-0.64571655,-0.30667147,1.092655,-1.1298584,-1.2089773,0.53715986,-0.4708268,-0.30687547,-1.5300565,1.2694241,0
-0.76265234,-0.45690745,1.1656936,-1.199243,-1.2705911,0.30404484,-0.527563,-0.2516741,-1.5601346,0.96438783,0
-0.57707953,-0.49727738,1.2396954,-1.2701495,-1.2749001,0.45754188,-0.48219562,-0.41000286,-1.5977455,0.6938658,0
-0.7068309,-0.27040327,1.3095459,-1.3372468,-1.0901524,0.5980995,-0.2566849,-0.5548581,-1.6352279,0.57467526,0
-0.8611096,-0.33929443,1.4334365,-1.4597408,-0.84527206,0.37802786,-0.4336594,-0.7167991,-1.3628654,0.7356171,0
-0.93230814,-0.47383282,1.4351639,-1.1068286,-0.918393,0.50786465,-0.55674344,-0.8055145,-1.3731589,0.82204837,0
-0.72624886,-0.6682574,1.6216342,-1.2960156,-0.8703273,0.70200765,-0.60764766,-0.6005044,-1.1634519,0.61878437,0
-0.84479755,-0.4270804,1.362292,-1.364461,-0.9762062,0.822688,-0.37180045,-0.73011065,-1.2435544,0.7340346,0
-0.97709936,-0.5864484,1.4610627,-1.463091,-0.72591156,0.95642245,-0.16066855,-0.86984366,-0.9759367,0.49943158,0
-1.1770993,-0.38644838,1.2610626,-1.263091,-0.64669764,1.1564225,0.03933145,-0.83774984,-1.1759367,0.29943156,0
-0.98776126,-0.18644838,1.0610626,-1.463091,-0.6176165,0.9564225,0.23933145,-1.0377499,-0.9759367,0.49943155,0
-0.9625643,0.013551623,1.2610626,-1.263091,-0.81761646,1.1564225,0.43933147,-1.2377499,-0.7759367,0.69943154,0
-0.7625643,0.21355163,1.0610626,-1.0630909,-1.0176165,1.3564225,0.40052316,-1.0377499,-0.57593673,0.8994315,0
-0.89795774,0.03792385,1.233175,-1.2351584,-0.9307308,1.3328207,0.31698146,-0.8192236,-0.7587774,1.0751183,0
-0.7564703,-0.16207615,1.033175,-1.0351584,-1.1307309,1.5328207,0.33999693,-0.6192236,-0.5587774,1.2751184,0
-0.9152117,-0.3464575,1.1799804,-0.7991327,-1.2733281,1.2753277,0.13395797,-0.47558174,-0.7260465,1.4114872,0
-0.8689685,-0.14645751,0.9799804,-0.5991327,-1.3527333,1.0753276,0.33395797,-0.67558175,-0.5260465,1.2114872,0
-1.0689685,0.053542495,0.7799804,-0.40503675,-1.4992505,1.2753277,0.458778,-0.47558177,-0.32944882,1.4114872,0
-0.86716247,-0.1461531,0.9779436,-0.6037792,-1.6957189,1.091417,0.6574088,-0.6741776,-0.5283484,1.2935371,0
-0.9117258,-0.30560854,1.0399723,-0.70963335,-1.6736753,1.1401547,0.40383297,-0.77178603,-0.31864193,1.2364585,0
-1.0392195,-0.12932421,0.82472306,-0.8931194,-1.8396597,0.9230867,0.59287065,-0.62611806,-0.50922626,1.089128,0
-0.8392195,0.07067579,1.024723,-0.6931194,-1.7173632,0.7230867,0.79287064,-0.42611808,-0.30922627,1.2891281,0
-0.70766324,0.26321325,1.1715845,-0.8684961,-1.8645017,0.89763725,0.5765252,-0.5671244,-0.49518692,1.0591009,0
-0.8098717,0.4133067,1.2238101,-0.9533764,-1.6995895,0.9793779,0.69286245,-0.32757047,-0.2633835,1.1234455,0
-0.7314875,0.5837852,0.9745289,-1.0978587,-1.8081527,1.1226085,0.4691385,-0.50217587,-0.4410785,0.8789954,0
-0.5314875,0.6420369,1.174529,-0.8978587,-1.6081526,1.2991558,0.3329038,-0.70217586,-0.24107851,1.0789955,0
-0.7314875,0.44203693,1.303678,-0.6978587,-1.4081526,1.4991559,0.1329038,-0.90217584,-0.041078508,0.8789955,0
-0.8906316,0.36063787,1.2111784,-0.47602215,-1.5376176,1.5806637,-0.064153306,-0.6713778,-0.034538027,1.0316697,0
-0.75000894,0.15700972,0.98834,-0.6607536,-1.698372,1.3494802,-0.25818717,-0.85169697,-0.22924079,1.2038515,0
-0.8207542,0.10972131,1.0266589,-0.74364257,-1.6399902,1.3386636,-0.3958479,-0.90860695,-0.025262391,1.1148103,0
-0.9444619,0.2865724,1.1349771,-0.87311363,-1.7024673,1.0535586,-0.18121,-0.6556449,0.15592223,1.21654,0
-0.8345858,0.0829166,0.8954948,-0.6446893,-1.8221297,1.2006233,-0.36511222,-0.8195126,-0.04221645,1.2291108,0
-0.5731528,-0.10574878,0.9894421,-0.40163982,-1.8263713,1.2650317,-0.14912802,-0.9208156,-0.21876794,1.2907614,0
-0.3731528,0.09425122,0.93959516,-0.20163982,-1.6263713,1.4650317,-0.349128,-1.1208156,-0.07934396,1.1575378,0
-0.17315279,-0.10574878,1.1395952,-0.0016398132,-1.5105608,1.2714967,-0.549128,-0.92081565,-0.25517285,0.95753783,0
-0.025523901,-0.2808276,1.2193134,0.19836019,-1.4867791,1.4714967,-0.749128,-1.1208156,-0.45517284,0.75753784,0
-0.21009634,-0.075298384,1.3222215,-0.0015276374,-1.536872,1.5571536,-0.88420033,-1.1332186,-0.28186113,0.519398,0
-0.13865328,-0.129969,1.1222215,0.19847237,-1.7368721,1.3571535,-1.0842004,-0.93321866,-0.4818611,0.6645915,0
0.05290042,-0.329969,1.0703561,0.0071793646,-1.536872,1.5571536,-1.2842004,-0.73321867,-0.28186113,0.7056195,0
-0.14709958,-0.12996899,1.159001,-0.19282064,-1.6118946,1.3571535,-1.0842004,-0.5810634,-0.08186112,0.5056195,0
-0.25066426,-0.3195108,1.3159282,0.0069518182,-1.7544676,1.5078005,-0.9310546,-0.75630796,0.06650115,0.5553907,0
-0.27761677,-0.10641995,1.3498783,0.18428297,-1.7403815,1.5207335,-1.0071625,-0.49537176,-0.041095916,0.6726476,0
-0.07190416,0.08669254,1.435807,0.35599968,-1.7975692,1.4780722,-0.74775517,-0.6441923,-0.22335121,0.59922993,0
-0.26665542,-0.1111202,1.2119513,0.1529883,-1.8928552,1.2534006,-0.9294599,-0.7872657,-0.41517895,0.7838018,0
-0.46665543,-0.3111202,1.0119512,-0.047011703,-1.6928551,1.0534005,-1.12946,-0.9872657,-0.61517894,0.7326819,0
-0.6424148,-0.28095394,1.0277901,0.1474254,-1.824028,1.2037616,-1.1125425,-0.7586395,-0.7598598,0.51331276,0
-0.57439053,-0.07792918,0.8141163,0.3344442,-1.9484023,1.3513114,-1.2635007,-0.5377665,-0.5389412,0.30160615,0
-0.6522428,0.008691013,1.0141163,0.13444419,-1.7484022,1.3888724,-1.0635006,-0.7377665,-0.4188861,0.101606146,0
-0.410395,-0.17360641,1.1017693,0.16737887,-1.768109,1.4418478,-1.146584,-0.85099125,-0.56161815,0.011635708,0
-0.5800621,-0.122089945,1.0777893,-0.027468063,-1.8703059,1.1801355,-1.279667,-0.81242543,-0.50738776,0.2011187,0
-0.3800621,0.07791006,0.8777893,0.03200977,-2.0703058,0.9801355,-1.079667,-0.8908593,-0.42224663,0.0011186898,0
-0.1800621,0.27791005,0.67778933,0.23200977,-2.2447457,0.9917319,-0.879667,-0.6908593,-0.48039287,0.12728244,0
-0.03649053,0.27838087,0.8777893,0.43200976,-2.1432686,0.7917319,-0.8748754,-0.49085933,-0.68039286,0.32728243,0
-0.23649053,0.07838087,0.67778933,0.23200975,-2.1179671,0.9917319,-1.0748755,-0.29085934,-0.7718988,0.5272824,0
-0.03649053,-0.121619135,0.8777893,0.03200975,-1.9179671,1.1917319,-0.8748755,-0.49085933,-0.5718988,0.33551413,0
0.16350947,-0.32161915,0.67778933,0.23200975,-1.717967,1.391732,-0.6748755,-0.29085934,-0.7718988,0.13551413,0
0.33858886,-0.12161915,0.8777893,0.03200975,-1.6324458,1.1917319,-0.8748755,-0.49085933,-0.5718988,0.21431845,0
0.13858886,-0.1568987,1.0132382,0.11473637,-1.8324459,1.1002891,-0.6748755,-0.6908593,-0.37189883,0.014318451,0
0.33858886,0.043101296,0.8132382,-0.08526363,-1.9504932,0.90512216,-0.8748755,-0.56642646,-0.5718988,0.07600655,0
0.33473304,0.2431013,0.6132382,0.11473637,-1.872541,1.1051222,-1.0748755,-0.76642644,-0.37189883,0.27600655,0
0.47429526,0.43831438,0.40877393,-0.08434251,-2.0501509,1.2910228,-1.2611028,-0.9559859,-0.17004177,0.07518543,0
0.5960269,0.5642225,0.538111,-0.25133768,-1.9889663,1.3179535,-1.2915064,-0.6682354,-0.32708946,0.24324349,0
0.45254079,0.44279858,0.61021465,-0.048454143,-2.0660164,1.0551603,-1.4077315,-0.8194684,-0.1199511,0.41834742,0
0.25254077,0.24279858,0.41021466,-0.24845415,-1.8660164,1.233431,-1.2077315,-0.69493276,-0.15443559,0.21834742,0
0.052540764,0.04279858,0.21021466,-0.44845414,-2.0660164,1.0334309,-1.0349444,-0.89493275,-0.3544356,0.41834742,0
0.2478835,0.23832096,0.4026496,-0.63649553,-2.2242274,0.81806105,-1.21217,-1.0747404,-0.16654214,0.21432072,0
0.4478835,0.03832096,0.341023,-0.8364955,-2.0333097,1.018061,-1.3411175,-0.8747404,-0.36654216,0.014320716,0
0.6478835,0.23832096,0.541023,-0.63649553,-2.0364435,1.014867,-1.1411175,-0.67474043,-0.16654216,0.21432072,0
0.4478835,0.43832096,0.741023,-0.43649554,-1.8364434,1.1199063,-1.3411175,-0.48430398,-0.36654216,0.014320716,0
0.63704425,0.62764174,0.5319716,-0.38153946,-2.0023735,1.0218302,-1.5153344,-0.2795475,-0.5570638,-0.18257284,0
0.80139,0.792388,0.31783113,-0.21816702,-1.9774971,1.169786,-1.2593071,-0.2608272,-0.71717787,-0.36627698,0
0.84979427,0.94289273,0.49200436,-0.032027517,-1.6888446,1.3014681,-1.3865244,-0.43784353,-0.49138367,-0.49404407,0
0.6497943,1.1428927,0.29200435,-0.23202752,-1.4888445,1.2332112,-1.5865245,-0.23784353,-0.69138366,-0.29404408,0
0.78861016,1.2860789,0.4711891,-0.030672524,-1.6173946,0.98949903,-1.3850667,-0.18716742,-0.85367185,-0.47314253,0
0.5851528,1.47735,0.2695962,0.16833289,-1.8067197,0.9479832,-1.1781058,-0.38489327,-0.70064485,-0.42910194,0
0.7330374,1.5756949,0.06537834,-0.02974794,-1.509345,0.89693475,-1.2945864,-0.5494461,-0.84606165,-0.4454241,0
0.5244319,1.3534851,0.26109397,-0.18770939,-1.6817487,0.6856832,-1.4704573,-0.72676915,-0.7626248,-0.4681554,0
0.31362006,1.4766028,0.4457278,0.011881022,-1.8190387,0.8561674,-1.2281188,-0.50921434,-0.5438751,-0.64588886,0
0.10636787,1.569588,0.60451204,0.1789323,-1.6919729,0.6142853,-1.3369642,-0.66394633,-0.69639474,-0.4174285,0
0.30200267,1.3500737,0.79304916,-0.02076753,-1.4707148,0.66805714,-1.5150652,-0.8516366,-0.88362265,-0.21433051,0
0.2935591,1.1500736,0.59304917,-0.22076753,-1.2707148,0.86805713,-1.7150652,-0.6516366,-1.0836227,-0.015999272,0
0.0935591,0.95007366,0.39583588,-0.42076755,-1.2765425,0.66805714,-1.5150652,-0.8516366,-1.2836227,0.077988245,0
-0.1064409,1.1500736,0.59583586,-0.62076753,-1.2131672,0.46805716,-1.7150652,-0.6516366,-1.0836227,0.26668435,0
-0.3064409,0.95007366,0.79583585,-0.8207675,-1.1009659,0.26805717,-1.5150652,-0.4516366,-1.2224365,0.06668435,0
-0.391524,0.7500737,0.59583586,-1.0207676,-1.3009659,0.46805716,-1.7150652,-0.6516366,-1.0224365,0.26668435,0
-0.54013306,0.509472,0.7266945,-1.1147087,-1.3705637,0.55637026,-1.7486866,-0.41239893,-1.1162326,0.12684253,0
-0.33049154,0.68936104,0.51176465,-1.2774415,-1.526044,0.34626848,-1.5047868,-0.26870796,-1.2789223,0.31757775,0
-0.5276489,0.48673886,0.7079507,-1.0716681,-1.7167952,0.1454847,-1.2977952,-0.068339795,-1.4709977,0.11694772,0
-0.7053749,0.63840103,0.4924019,-0.8449856,-1.8179892,-0.05284654,-1.0641906,-0.2601257,-1.6198469,-0.080509976,0
-0.90083987,0.8273493,0.29093727,-0.64175487,-1.6098847,-0.20656733,-1.2578584,-0.4496659,-1.6045387,0.1188915,0
-1.0434757,0.97381485,0.46535486,-0.43149897,-1.7155728,-0.00622511,-1.3158159,-0.23665597,-1.331349,0.23874949,0
-0.84347576,0.77381486,0.26535487,-0.23149897,-1.6977662,0.1937749,-1.3859098,-0.43665597,-1.5313491,0.05542259,0
-1.0403227,0.9708723,0.109704964,-0.43019512,-1.695977,-0.006206299,-1.3169292,-0.63473225,-1.3273262,0.051704627,0
-0.8403227,1.0064828,0.30970496,-0.63019514,-1.4959769,0.1937937,-1.5169293,-0.69951177,-1.1273261,-0.14829537,0
-0.6403227,1.2064829,0.50970495,-0.5553426,-1.2959769,0.3937937,-1.5932906,-0.49951178,-0.92732614,0.05170463,0
-0.8403227,1.0064828,0.70970494,-0.35534263,-1.0959768,0.31878528,-1.3932905,-0.69951177,-1.1273261,0.25170463,0
-0.6403227,1.2064829,0.57337886,-0.28405398,-1.2959769,0.5187853,-1.5932906,-0.49951178,-1.2211174,0.05170463,0
-0.78071237,1.3067107,0.71851736,-0.24584958,-1.3898562,0.66779655,-1.2944541,-0.50510204,-1.320307,0.23384936,0
-0.85216564,1.2424212,0.82653326,-0.40120038,-1.4306415,0.78089184,-1.0961487,-0.27454787,-1.3417245,0.39040193,0
-1.0021312,0.99285007,0.59673923,-0.19163254,-1.5530984,0.9342467,-0.96893126,-0.4519813,-1.4684098,0.1813476,0
-1.0564046,1.0482485,0.3486451,0.0073531303,-1.5405816,0.9967493,-1.0272292,-0.22143525,-1.4661592,0.20692855,0
-1.1435566,1.0961117,0.38398996,0.19188209,-1.6107134,0.73730224,-0.8763377,-0.01983592,-1.5418438,0.15131263,0
-1.1313192,1.2082745,0.17152101,0.055811852,-1.6880018,0.8737815,-1.0033945,-0.2049377,-1.2509073,0.03524045,0
-1.2920984,0.9785706,0.36057597,0.20805699,-1.8323811,0.65393186,-1.1679424,-0.004792229,-1.0199474,0.09963056,0
-1.4170053,0.73938733,0.5323638,0.007651498,-1.7582625,0.8109559,-1.2990978,-0.19448562,-0.77868176,0.284551,0
-1.5459509,0.53938735,0.33236378,0.2076515,-1.5582625,0.6109559,-1.4990978,-0.39448562,-0.57868177,0.17197803,0
-1.6695439,0.32453492,0.12657122,0.38981166,-1.4632158,0.39297146,-1.6247412,-0.5684695,-0.74460477,0.3556994,0
-1.8440433,0.122836255,0.3221168,0.4118026,-1.5524175,0.5848833,-1.4053077,-0.38236386,-0.5371764,0.3864394,0
-2.0057464,0.016954122,0.3468809,0.20783429,-1.3270788,0.77017784,-1.1827252,-0.5714528,-0.63428575,0.575452,0
-2.1472666,-0.17819287,0.35322955,0.11093821,-1.097197,0.555061,-0.9566707,-0.7508553,-0.81216675,0.7548928,0
-2.1230247,0.019723829,0.5003778,-0.08055344,-1.1732718,0.6829276,-1.0461702,-0.86001706,-0.55368453,0.50188214,0
-1.9230247,-0.18027617,0.6503481,-0.28055346,-0.9732718,0.8829276,-0.97914577,-1.0600171,-0.7536845,0.30188215,0
-1.9304335,-0.35924295,0.80331504,-0.44406006,-1.1083777,0.868816,-0.91515124,-0.8124493,-0.9009359,0.096247,0
-1.9850651,-0.33645448,0.56214833,-0.60011315,-1.2191017,0.6231799,-0.66635346,-0.9433656,-1.0258144,-0.096673496,0
-1.8976557,-0.12517725,0.33221874,-0.7339881,-1.2111831,0.51175356,-0.79475397,-1.0488726,-1.1245074,0.09478713,0
-1.677525,-0.32132134,0.52590775,-0.92291296,-1.3944494,0.70331365,-0.98295826,-0.83880675,-0.9135447,-0.10396527,0
-1.477525,-0.121321335,0.32590777,-1.122913,-1.5944494,0.50331366,-0.78295827,-0.65004206,-1.1135447,-0.30396527,0
-1.3333756,0.07772299,0.51951975,-1.1962546,-1.772653,0.29962945,-0.9710187,-0.44457558,-0.9458823,-0.4978438,0
-1.1333755,0.27772298,0.69713295,-1.0283643,-1.5726529,0.20926516,-1.07943,-0.50933444,-0.75540066,-0.6978438,0
-1.1420275,0.477723,0.72408104,-0.8283643,-1.772653,0.40926516,-0.87943,-0.30933446,-0.55540067,-0.8978438,0
-0.9420275,0.277723,0.924081,-1.0283643,-1.7948085,0.20926516,-1.07943,-0.109334454,-0.35540068,-0.98373735,0
-0.8108248,0.074892335,1.0831419,-1.1836271,-1.760324,0.39435968,-1.232833,0.0873635,-0.50590473,-0.8515134,0
-1.0108248,0.23575217,1.283142,-0.98362714,-1.560324,0.31587705,-1.4067583,-0.11263651,-0.30590475,-0.6515134,0
-1.1271296,0.4065551,1.0105673,-0.7311211,-1.6423755,0.4162876,-1.4990994,-0.29168865,-0.4174552,-0.7944587,0
-1.0761259,0.20655508,0.8540313,-0.53112113,-1.8423755,0.2162876,-1.2990993,-0.4510534,-0.2174552,-0.5944587,0
-1.1836268,0.0065550804,0.8260758,-0.33112115,-1.9933829,0.29104635,-1.4990994,-0.41922387,-0.39262822,-0.3944587,0
-0.94975156,0.19944152,0.6699215,-0.12660545,-2.1178448,0.08791079,-1.640584,-0.211674,-0.18599428,-0.5739861,0
-1.1052372,0.38397658,0.45172784,-0.31396043,-1.8711522,-0.107749514,-1.7693232,-0.011222026,-0.37104997,-0.73976624,0
-0.9002235,0.5807421,0.25033358,-0.51111376,-2.059681,-0.1642729,-1.623024,-0.21005213,-0.5410203,-0.53677666,0
-0.6832536,0.7618208,0.19995452,-0.30357394,-2.0060542,0.03486125,-1.778843,-0.009808516,-0.7230616,-0.3286149,0
-0.7595743,0.9546562,-4.535243e-05,-0.50217974,-1.8932552,-0.16468154,-1.5744717,-0.20922764,-0.920506,-0.52715135,0
-0.75306606,1.1031665,-0.19112472,-0.28870463,-1.9999106,0.033743504,-1.3176519,-0.3395583,-1.0705392,-0.31256267,0
-0.5530661,1.1615163,-0.39112473,-0.48870462,-1.7999105,0.2337435,-1.1176518,-0.1395583,-0.9138659,-0.5125627,0
-0.75306606,1.1079998,-0.19112472,-0.28870463,-1.9999106,0.4337435,-1.1546323,-0.3395583,-0.71386594,-0.7125627,0
-0.95086485,0.9059027,-0.31484187,-0.4875759,-2.1948297,0.3189875,-0.9524275,-0.13923597,-0.91175526,-0.5113789,0
-0.71453863,1.0524,-0.109285906,-0.46770588,-2.2768712,0.4938793,-0.7160257,0.057824317,-1.0579695,-0.29631463,0
-0.9145386,0.8524,0.0907141,-0.43753803,-2.3769813,0.38012555,-0.5160257,-0.14217569,-0.85796946,-0.40844852,0
-0.71049905,0.64871174,-0.061516035,-0.23619512,-2.5624125,0.17910722,-0.7119777,-0.34024122,-0.65424967,-0.60500866,0
-0.47417933,0.49505728,0.057475876,-0.033619992,-2.5658793,0.35213545,-0.8470946,-0.13026369,-0.7934736,-0.67362034,0
-0.2598489,0.27963564,0.24401848,-0.22140945,-2.6213162,0.52327716,-0.99236643,-0.3130019,-0.56245476,-0.4488658,0
-0.101106465,0.44186515,0.20211601,-0.38822415,-2.5991423,0.66632026,-0.928347,-0.104103185,-0.41647124,-0.5977687,0
-0.2753228,0.2211543,0.34848064,-0.17210658,-2.5594525,0.4263894,-1.0317271,-0.27806294,-0.563683,-0.729456,0
-0.42949465,0.38054883,0.495599,0.025204087,-2.4934006,0.5659962,-1.1129705,-0.43197063,-0.43882135,-0.5188423,0
-0.62342685,0.57495284,0.45902196,-0.17311102,-2.3066819,0.55532056,-1.3003147,-0.625879,-0.2365193,-0.52197033,0
-0.47986275,0.34851792,0.578426,0.024993254,-2.3299558,0.33026975,-1.3945395,-0.7676528,-0.38948566,-0.29927078,0
-0.67986274,0.54851794,0.37842602,0.12053021,-2.1299558,0.13026975,-1.5945395,-0.9676528,-0.18948565,-0.099270776,0
-0.8008393,0.68129104,0.45370644,0.09653376,-2.1206946,-0.06346755,-1.633366,-0.69870734,0.00957002,-0.14761321,0
-0.5890213,0.86395675,0.6408486,0.29070118,-2.2062695,-0.25828537,-1.4051728,-0.5929685,-0.18668438,-0.34077594,0
-0.5612357,0.63017666,0.58110917,0.08608658,-2.283846,-0.055319987,-1.5235065,-0.3729755,0.01263816,-0.5132629,0
-0.3410019,0.40608126,0.35976216,0.1804977,-2.3447187,0.13260403,-1.626968,-0.5408815,0.12038732,-0.2957162,0
-0.1410019,0.20608126,0.15976216,0.3733067,-2.3127215,0.33260405,-1.7639354,-0.34088153,0.24651444,-0.09571619,0
-0.3410019,0.07804297,0.35976216,0.17330669,-2.1127214,0.13260405,-1.5639354,-0.14088152,0.44651443,0.05674568,0
-0.1359918,0.2681635,0.5398726,0.3600423,-2.2305455,0.3207859,-1.701259,-0.32876927,0.62354237,-0.13816419,0
0.062382862,0.45627552,0.72108513,0.15597838,-2.265462,0.117718816,-1.7051913,-0.12549946,0.41278747,0.060265627,0
0.19866566,0.48315853,0.50997967,-0.043083426,-2.4129176,0.31094754,-1.4731123,-0.02788369,0.59972763,0.12562832,0
0.35987753,0.61669064,0.6409022,0.14164938,-2.283177,0.12475893,-1.5103271,0.15537027,0.72191817,-0.06713569,0
0.15433314,0.7883687,0.81174064,-0.05632709,-2.3970633,-0.0726318,-1.2648864,0.14527558,0.50381863,-0.25787172,0
-0.04082381,0.88355047,0.80027866,-0.22914316,-2.3216403,-0.24371871,-1.3095326,-0.048920803,0.596122,-0.051734317,0
0.14698248,0.63118696,0.9236522,-0.026910637,-2.3284695,-0.09150907,-1.2861764,-0.21746683,0.7351349,-0.23245016,0
-0.053017527,0.43118697,0.7236522,-0.026038393,-2.1284695,-0.26818252,-1.4861765,-0.017466828,0.63938683,-0.43245018,0
0.14225061,0.6108669,0.7461893,0.16836119,-2.253508,-0.06598748,-1.6318928,-0.21046583,0.42524147,-0.22496681,0
0.3297733,0.3958881,0.9116944,-0.030485371,-2.2925806,0.12912688,-1.4488243,-0.010084282,0.6024473,-0.40947396,0
0.5259273,0.33774334,1.1036239,0.168284,-2.077389,0.32673752,-1.6368543,-0.05828729,0.46345273,-0.20795323,0
0.70217276,0.36965021,0.8740546,0.26494023,-1.9872078,0.12259029,-1.776747,0.058317453,0.6417426,-0.007692973,0
0.5563605,0.1555017,0.98448044,0.059524335,-2.0047987,0.29568684,-1.81189,0.23677427,0.46004462,-0.19037177,0
0.51984596,0.34024307,1.1336409,-0.13444625,-2.1101656,0.47441125,-1.5427053,0.22680119,0.24888314,-0.37361646,0
0.29541418,0.4456932,0.91214997,0.060546357,-2.133701,0.3563482,-1.6095868,0.3941995,0.41459468,-0.5298001,0
0.08776225,0.4374075,0.99264205,0.23965132,-2.1465454,0.14380953,-1.5762461,0.394643,0.19738483,-0.67127234,0
-0.11223775,0.28157172,1.1926421,0.4396513,-1.9465454,0.34380955,-1.3762461,0.37061536,0.39738482,-0.47127235,0
-0.31042728,0.081098735,1.3845671,0.6359424,-1.7364182,0.5406563,-1.5671065,0.56730676,0.21235856,-0.6673801,0
-0.3539499,0.2731653,1.383926,0.60545826,-1.8358307,0.48812503,-1.3285227,0.52316225,0.4007206,-0.84290004,0
-0.53112686,0.07015083,1.5186675,0.38875315,-1.9519533,0.6597739,-1.0820268,0.3572008,0.57597053,-0.6164122,0
-0.69845766,-0.12404707,1.259745,0.3702931,-2.0557969,0.43922967,-1.2247417,0.34085438,0.3591709,-0.7799322,0
-0.8664602,-0.31868505,1.4025023,0.40767246,-1.9891604,0.6286523,-1.0077852,0.13852364,0.54991823,-0.57033604,0
-0.6480936,-0.11541427,1.2159114,0.59092593,-2.1288304,0.6894096,-1.1745005,0.32693076,0.34027502,-0.36013016,0
-0.7578754,0.075587705,1.0684246,0.70678914,-2.081095,0.79479635,-1.2282845,0.3151506,0.43323553,-0.1430959,0
-0.8073714,0.27186495,0.8566935,0.89453983,-2.2228537,0.5867616,-1.0143939,0.5081917,0.23008488,-0.33846122,0
-0.8857452,0.47186494,0.6566935,0.69453984,-2.4228537,0.3867616,-0.81439394,0.32326302,0.030084878,-0.5384612,0
-0.79592735,0.6188556,0.7891014,0.82396173,-2.4159138,0.17202634,-0.56591904,0.113537714,-0.14095002,-0.6801975,0
-0.8224436,0.69512254,0.8760351,0.77768767,-2.316883,-0.024775935,-0.6783652,0.17010409,0.052299846,-0.7795802,0
-0.9626348,0.46615985,0.63648975,0.84692633,-2.3696556,-0.21162745,-0.45038274,-0.028147126,-0.13906029,-0.92227864,0
-1.0865347,0.6225565,0.4079194,0.6963885,-2.4014592,-0.0108663775,-0.23399396,-0.2132138,-0.31686717,-0.90153545,0
-1.1624911,0.6755044,0.34145895,0.80996144,-2.2745304,-0.19053528,-0.030716365,-0.011939764,-0.4670324,-0.9953287,0
-1.0937929,0.44139493,0.5026184,0.56620693,-2.2970245,-0.24518009,-0.21416633,-0.19673665,-0.619184,-1.109584,0
-1.1553252,0.3936851,0.2970814,0.7521877,-2.2684212,-0.4370347,-0.2745432,0.0032036453,-0.8041955,-0.8929415,0
-0.9553252,0.5936851,0.09708141,0.72603,-2.0684211,-0.6370347,-0.07454319,0.07709045,-1.0041956,-1.0929415,0
-1.0244979,0.3936851,-0.102918595,0.52603,-2.0990925,-0.76522106,-0.032656286,-0.12290955,-0.8041956,-1.2929416,0
-1.2244979,0.5936851,0.06078978,0.72603,-1.8990924,-0.6172191,0.05468103,0.07709045,-0.73137444,-1.0929415,0
-1.0649896,0.77878,0.25589225,0.9086395,-2.0596724,-0.4093839,0.24989821,-0.120601356,-0.52139544,-1.2686605,0
-1.2048342,0.93223506,0.43421274,1.0559192,-1.7712374,-0.19942684,0.3275805,-0.048219953,-0.3639008,-1.3988199,0
-1.3666143,0.7322351,0.44546252,1.2559192,-1.6367989,-0.32568848,0.12758051,0.15178005,-0.5639008,-1.1988199,0
-1.5666144,0.5368527,0.36912984,1.2129878,-1.4367988,-0.47620112,-0.072419494,-0.04821995,-0.67793226,-0.9988199,0
-1.7602289,0.7341893,0.39466968,1.0093262,-1.6308825,-0.6737569,0.12711936,-0.24732274,-0.6029051,-0.7959325,0
-1.8625258,0.8876267,0.56502974,0.8430222,-1.3595634,-0.83020645,0.31081483,-0.1920585,-0.38282323,-0.94629246,0
-1.8593544,1.0813017,0.36290696,0.6525827,-1.3792522,-0.83398163,0.50784427,-0.25908202,-0.2919257,-0.8988377,0
-1.8253223,1.195173,0.5250685,0.42216024,-1.4730953,-0.94377846,0.5383328,-0.05511054,-0.085746475,-0.651862,0
-1.6253222,0.99517304,0.5124659,0.62216026,-1.6730953,-0.74377847,0.33833283,-0.25511053,-0.28574648,-0.45186204,0
-1.4253222,0.79517305,0.7124659,0.42216027,-1.4730953,-0.5437785,0.13833283,-0.24446172,-0.08574648,-0.25186205,0
-1.447477,0.82279384,0.5124659,0.22216026,-1.6730953,-0.74377847,-0.061667174,-0.044461712,-0.22199185,-0.051862046,0
-1.2826535,1.0227939,0.7124659,0.022160262,-1.4730953,-0.5437785,0.13833283,-0.24446172,-0.021991849,0.14049125,0
-1.0826534,1.2227939,0.5124659,0.22216026,-1.5694956,-0.3437785,0.33833283,-0.4444617,-0.22199185,-0.059508756,0
-1.0297438,1.0227939,0.6471709,0.33671036,-1.3694955,-0.5437785,0.13833283,-0.6444617,-0.021991849,0.14049125,0
-1.2297438,0.8227939,0.4471709,0.17183207,-1.5694956,-0.3437785,-0.061667174,-0.8070063,-0.22199185,-0.059508756,0
-1.1563499,1.0227939,0.6471709,-0.028167933,-1.3694955,-0.15786912,0.13833283,-1.0070063,-0.021991849,-0.091950804,0
-1.35635,1.2227939,0.4471709,0.17183207,-1.1694955,0.042130888,-0.061667174,-0.8070063,0.17800815,-0.21162912,0
-1.4246533,1.0227939,0.6471709,-0.028167933,-1.3694955,0.24213089,-0.2616672,-0.6070063,0.37800816,-0.41162914,0
-1.6246533,0.8227939,0.4471709,-0.12699082,-1.1845365,0.042130888,-0.06166719,-0.40700632,0.17800815,-0.21162914,0
-1.8246534,1.0227939,0.6316792,0.07300918,-1.3845365,-0.15786912,-0.18742372,-0.6070063,0.37800816,-0.011629134,0
-1.9119468,1.2227939,0.83167917,0.27300918,-1.5845366,-0.023135394,0.012576282,-0.40700632,0.17800815,-0.12209073,0
-1.7119467,1.0227939,1.0316792,0.47300917,-1.3845365,0.17686461,-0.18742372,-0.6070063,0.37800816,0.077909276,0
-1.5119467,1.2227939,0.94274944,0.67300916,-1.5845366,0.3768646,-0.38742372,-0.8070063,0.5780082,-0.12209073,0
-1.3119466,1.422794,1.1427494,0.47300917,-1.3845365,0.32660007,-0.18742372,-0.70245683,0.77800816,-0.32209074,0
-1.2684029,1.5610012,1.2916201,0.64738226,-1.1394316,0.50654817,-0.37267137,-0.78224814,0.55599874,-0.5022105,0
-1.0817201,1.6046153,1.3591567,0.77213037,-1.2204833,0.36311173,-0.15733726,-0.53054154,0.6888622,-0.6398506,0
-1.2817202,1.4046153,1.1591567,0.5721304,-1.4204834,0.16311173,-0.14784211,-0.43158862,0.48886222,-0.7629952,0
-1.1661829,1.6046153,0.9591567,0.77213037,-1.5094326,0.01707095,0.052157894,-0.23158862,0.28886223,-0.9629952,0
-0.9661829,1.4046153,1.1484911,0.5721304,-1.7094326,-0.18292905,-0.14784211,-0.43158862,0.088862225,-0.89421576,0
-0.73035944,1.5295902,1.2854414,0.35473114,-1.7783908,-0.20238192,0.04971921,-0.22076051,-0.07702385,-1.0430548,0
-0.53035945,1.3295902,1.4854414,0.15473114,-1.9144889,-0.0023819208,0.24971922,-0.020760506,-0.13855068,-0.84305483,0
-0.6597603,1.3817346,1.5225207,0.10194835,-1.9100947,-0.18281896,0.36152238,0.16191356,0.055509407,-0.69655067,0
-0.8597603,1.1817346,1.3225206,0.21857822,-2.0185397,-0.38281897,0.16152237,0.36191356,-0.1444906,-0.49655068,0
-1.0283724,1.0450013,1.36972,0.018027969,-2.1528313,-0.17740425,0.29759872,0.15711802,-0.3342875,-0.28776747,0
-0.821771,0.79562306,1.4779924,-0.17133836,-2.2085083,-0.3553504,0.09189547,-0.04037614,-0.50306606,-0.45926443,0
-0.6020031,0.57668644,1.3794303,-0.24878578,-2.3319347,-0.53769416,-0.10466757,0.15454894,-0.6807135,-0.33920002,0
-0.41167402,0.37668645,1.1794302,-0.44878578,-2.3486753,-0.6708491,0.095332436,0.099745706,-0.88071346,-0.13920002,0
-0.6001145,0.17668645,0.97943026,-0.24878578,-2.3276765,-0.8708491,-0.10466757,-0.1002543,-1.0807135,-0.33920002,0
-0.4732258,-0.021543754,1.0898963,-0.41471717,-2.3357935,-0.73240376,-0.28153938,0.092173725,-1.1022418,-0.34739843,0
-0.55935115,0.16480057,0.8785578,-0.56767833,-2.3417516,-0.7483771,-0.44469142,0.24550843,-1.1159847,-0.13611934,0
-0.35935116,-0.035199434,0.7760954,-0.7676783,-2.1417515,-0.63219887,-0.5162413,0.44550842,-1.3159847,-0.33611935,0
-0.22212948,0.16480057,0.68392587,-0.56767833,-2.0048263,-0.43219888,-0.7162413,0.24550842,-1.5159848,-0.53611934,0
-0.41458037,0.3582767,0.8681182,-0.554965,-1.8433102,-0.22804637,-0.79625034,0.43754122,-1.6852971,-0.722955,0
-0.55542094,0.143041,0.60380524,-0.68229216,-1.8466214,-0.20628864,-0.9003514,0.21467552,-1.6840183,-0.83411145,0
-0.69185174,0.31417388,0.36982477,-0.44170696,-1.7890569,-0.00575944,-1.0077561,0.013440559,-1.7254769,-0.9470903,0
-0.8320194,0.47967908,0.48994172,-0.22549137,-1.8556155,0.1812094,-0.75356555,-0.17404358,-1.796301,-0.6969697,0
-0.58497596,0.542627,0.26836035,-0.39382058,-1.9026088,-0.017391952,-0.8825883,-0.3462022,-1.7111298,-0.8302051,0
-0.46648446,0.4983243,0.45826393,-0.5810196,-2.0572827,-0.21270564,-1.059251,-0.14305052,-1.4785544,-0.61661977,0
-0.23653339,0.6198374,0.5842795,-0.33819556,-2.0035794,-0.3663203,-1.1006396,-0.30449396,-1.458102,-0.7248372,0
-0.1607884,0.80500185,0.37732568,-0.13569482,-2.1637042,-0.3312158,-0.8843419,-0.49116877,-1.2353357,-0.9081016,0
0.002484293,0.90841657,0.30708227,0.05812516,-2.1365414,-0.11860535,-0.64920336,-0.6247443,-1.2973933,-1.0016079,0
-0.18348166,0.99002045,0.47105265,0.23978463,-2.0764089,0.07561133,-0.78886503,-0.76614386,-1.2750787,-0.7446514,0
0.016370405,0.91677886,0.53541666,0.03942832,-2.1235716,0.27314302,-0.9800089,-0.5610736,-1.0654504,-0.9361912,0
-0.16521373,1.0047792,0.66166306,0.2154165,-1.9962702,0.4256924,-0.930493,-0.3248622,-1.1385407,-1.0222447,0
-0.32563183,0.80477923,0.46166307,0.35883558,-1.7962701,0.6256924,-1.130493,-0.41666463,-1.3385408,-0.8222447,0
-0.52563184,0.60477924,0.26166308,0.15883557,-1.5962701,0.48393756,-0.93049306,-0.61666465,-1.1385407,-0.6222447,0
-0.3269486,0.6126955,0.46166307,-0.041164428,-1.7962701,0.28393757,-0.95732725,-0.81666464,-0.93854076,-0.8222447,0
-0.12694861,0.8126955,0.26166308,0.15883557,-1.5962701,0.2888668,-1.1573273,-1.0166646,-0.73854077,-0.6222447,0
-0.11021264,0.6126955,0.46166307,-0.041164428,-1.7289962,0.4888668,-0.9573273,-1.2166647,-0.93854076,-0.42224473,0
0.089787364,0.8126955,0.5164062,-0.24116443,-1.5289961,0.6888668,-0.7573273,-1.4166647,-1.1385407,-0.4995827,0
-0.11021264,0.6126955,0.3164062,-0.44116443,-1.515074,0.8888668,-0.55732733,-1.6166648,-1.3385408,-0.3722421,0
-0.2993186,0.39820248,0.16381396,-0.618648,-1.6548442,0.6646752,-0.7307315,-1.4558074,-1.4845104,-0.5521461,0
-0.09034594,0.5029608,-0.03291691,-0.38082638,-1.6872734,0.65417063,-0.482784,-1.5062181,-1.5323279,-0.68419546,0
-0.2680831,0.6490599,0.15427166,-0.16696116,-1.6750594,0.7329873,-0.26110098,-1.5753905,-1.5369396,-0.44706884,0
-0.2901121,0.8490599,0.21208867,-0.32348794,-1.4750594,0.6271482,-0.461101,-1.7753905,-1.3369396,-0.24706884,0
-0.4537928,0.6009619,0.38155124,-0.48469535,-1.5495667,0.76585317,-0.61211073,-1.8290061,-1.0924134,-0.3891116,0
-0.32236704,0.7764673,0.56376654,-0.6637564,-1.6960624,0.62791884,-0.7872752,-1.5791886,-0.9077852,-0.5710957,0
-0.5146985,0.9621324,0.35842633,-0.85107607,-1.4740996,0.81576467,-0.9727816,-1.3589416,-1.0915225,-0.36564788,0
-0.33500707,1.1621324,0.5542386,-1.051076,-1.2740996,0.73138124,-1.1727816,-1.1589415,-0.89152247,-0.5656479,0
-0.36813065,1.3261874,0.7542386,-0.85107607,-1.079113,0.57172656,-0.9727816,-1.3589416,-1.0915225,-0.3656479,0
-0.42308348,1.0999672,0.54133475,-0.6359176,-1.2493325,0.7537591,-0.7547896,-1.5226461,-1.261453,-0.5524784,0
-0.3508629,0.89996725,0.35039246,-0.8359176,-1.4493326,0.9537591,-0.5547896,-1.322646,-1.2422986,-0.75247836,0
-0.4781798,0.60761076,0.47777143,-0.8992345,-1.431713,0.99426574,-0.6551996,-1.2831657,-1.2519959,-0.82680446,0
-0.5938512,0.3569262,0.55374116,-0.89864516,-1.4288169,1.0457642,-0.3985976,-1.2987407,-1.2714468,-0.89912593,0
-0.36893964,0.14700042,0.3313666,-0.654455,-1.5257922,1.1669681,-0.5607355,-1.4039435,-1.378376,-0.6549054,0
-0.35684168,-0.05075218,0.5088344,-0.43518424,-1.6526115,0.92596465,-0.7284771,-1.5359297,-1.128408,-0.8186538,0
-0.20658733,0.13616301,0.64668965,-0.21456522,-1.6901898,1.0272493,-0.6879035,-1.5837377,-0.8470128,-0.9293467,0
-0.3711682,0.31666645,0.57322943,-0.39052153,-1.7805638,0.77927107,-0.8364075,-1.3034846,-0.98628885,-1.0638477,0
-0.5340923,0.48312843,0.72303724,-0.32137346,-1.8520007,0.7723737,-0.59509677,-1.1577352,-0.8588591,-1.1818084,0
-0.33409232,0.6831284,0.52303725,-0.12137346,-1.6520007,0.97237366,-0.39509678,-1.2706485,-0.65885913,-1.3818084,0
-0.28488323,0.46502793,0.55258495,0.075680785,-1.5181826,1.1284504,-0.5442747,-1.4155504,-0.44166788,-1.5225457,0
-0.4807239,0.2627545,0.34956047,-0.1232528,-1.703444,1.3170549,-0.73789024,-1.2668817,-0.23959485,-1.3112007,0
-0.2786205,0.3265267,0.21078424,-0.32083076,-1.8891822,1.1086851,-0.705531,-1.0588878,-0.039298173,-1.4998778,0
-0.10124744,0.47748053,0.009779682,-0.18655163,-1.894574,0.87716925,-0.81680065,-1.141622,0.14573239,-1.5415336,0
-0.30124745,0.6774805,-0.19022033,-0.38655162,-1.694574,1.0771693,-0.61680067,-0.94162196,-0.054267615,-1.3415335,0
-0.4292918,0.8774805,0.009779677,-0.18655162,-1.894574,0.8771693,-0.81680065,-0.741622,-0.25426763,-1.1415335,0
-0.21623151,1.016108,-0.16371667,-0.36453393,-1.9668783,1.0158145,-0.68268037,-0.88798785,-0.07407044,-1.2651207,0
-0.016231507,0.81610805,-0.36371666,-0.16453393,-1.7668782,0.81581455,-0.48268038,-1.0879879,0.12592956,-1.0651207,0
0.1837685,0.61610806,-0.16371666,0.035466075,-1.5668782,1.0158145,-0.68268037,-0.9776794,0.32592958,-0.8651207,0
0.3837685,0.41610807,-0.15394369,-0.16453393,-1.7668782,0.81581455,-0.48268038,-0.8674752,0.37827536,-1.0651207,0
0.36227587,0.60102445,0.046056315,-0.36453393,-1.9668783,0.61581457,-0.2826804,-0.6674752,0.5782754,-1.2651207,0
0.3152269,0.80102444,0.24605632,-0.16453393,-2.1668782,0.41581458,-0.48268038,-0.46747524,0.7782754,-1.0651207,0
0.48686573,0.8924357,0.4215027,-0.34446782,-2.236591,0.58191645,-0.45125356,-0.63073343,0.54644364,-1.195481,0
0.49388385,0.9829226,0.61896,-0.14387678,-2.322161,0.380354,-0.25022563,-0.82733476,0.3450263,-0.9914083,0
0.6587937,0.74332976,0.7775447,0.05328504,-2.303731,0.5510051,-0.30399448,-0.7922245,0.13769224,-1.0277457,0
0.78107077,0.5035757,0.53528714,-0.13598017,-2.3205392,0.32532296,-0.4671184,-0.9196259,-0.057748854,-1.1284214,0
0.5810708,0.7035757,0.73528713,-0.1632349,-2.1205392,0.29817265,-0.2671184,-1.0315865,-0.24405663,-1.3284215,0
0.7011794,0.81115395,0.8396218,-0.32608163,-2.0694706,0.088131115,-0.38699657,-0.7465282,-0.39863655,-1.3720878,0
0.9011794,0.7299598,1.0396218,-0.5260816,-1.8694706,-0.11186889,-0.43985462,-0.9465282,-0.19863655,-1.2879422,0
0.63677007,0.84453505,1.1257521,-0.3686167,-1.7937852,0.08003552,-0.5810785,-1.0412098,-0.07960443,-1.3512621,0
0.39667866,0.58537275,1.2040604,-0.516423,-1.8107743,0.25433087,-0.34609908,-1.1272783,-0.25393936,-1.4088707,0
0.27112564,0.7040139,1.2586101,-0.2836439,-1.8024728,0.04870259,-0.13096428,-1.189782,-0.048351634,-1.4422035,0
0.061654683,0.78363705,1.2643844,-0.41924277,-1.7358273,-0.13115093,-0.28689367,-1.2047212,0.13145515,-1.4235308,0
0.2419804,0.53975236,1.3542749,-0.38011503,-1.7902691,-0.22815266,-0.4502833,-0.9291744,0.30653247,-1.5014547,0
0.040805396,0.45412576,1.5107718,-0.56387794,-1.9345628,-0.027364684,-0.24327803,-0.7392831,0.49235496,-1.2650278,0
-0.13964605,0.22292,1.5006949,-0.6700763,-1.8724457,0.15143628,-0.03796363,-0.8239423,0.60733616,-1.2851274,0
-0.15690099,0.021353574,1.5844642,-0.7971357,-1.9308083,-0.045244724,0.15096231,-0.953963,0.37949756,-1.0109664,0
-0.3439187,-0.17214815,1.7195543,-0.96086484,-1.7101475,-0.23632394,0.33819604,-1.1119875,0.17296833,-0.7814675,0
-0.13878718,-0.35887894,1.4653734,-0.7337357,-1.8420398,-0.3598082,0.13326855,-1.2652076,0.35966986,-0.9464725,0
-0.3122544,-0.14643602,1.5349464,-0.8606083,-1.8821135,-0.14729251,0.30716798,-0.98178375,0.2132276,-1.0566843,0
-0.112254396,0.053563982,1.7349465,-0.9290311,-1.6821134,0.052707493,0.4316869,-0.78178376,0.013227597,-0.85668427,0
-0.3122544,-0.14643602,1.5427276,-0.9382668,-1.4821134,0.25270748,0.2316869,-0.98178375,0.2132276,-0.6566843,0
-0.5122544,0.030805975,1.3427275,-0.865518,-1.6821134,0.45270747,0.32249993,-1.1817838,0.41322762,-0.7665044,0
-0.48483956,0.2287939,1.4179199,-1.0562292,-1.4691929,0.56647813,0.517945,-1.369738,0.21136878,-0.9580788,0
-0.32175618,0.4287939,1.2179198,-1.0859135,-1.4112223,0.36647815,0.46918303,-1.569738,0.4113688,-0.7580788,0
-0.50276476,0.22046602,1.2222158,-1.2391075,-1.4065088,0.16050856,0.25938502,-1.7053213,0.20367515,-0.8053003,0
-0.6531925,0.12976743,0.9501098,-1.3375945,-1.4931875,0.0033252032,0.42698053,-1.7709222,0.003415907,-0.5626031,0
-0.8531925,0.28182417,0.7501098,-1.1375945,-1.3062211,0.20332521,0.22698052,-1.9709222,0.20341592,-0.7257389,0
-0.6531925,0.48182416,0.5501098,-1.2645812,-1.5062212,0.4033252,0.02698052,-1.7709222,0.2845334,-0.5257389,0
-0.8531925,0.28182417,0.7501098,-1.4645813,-1.3062211,0.49636596,-0.17301948,-1.5709221,0.25217372,-0.3257389,0
-0.6397833,0.08014443,0.53881675,-1.6304096,-1.4753004,0.33523053,-0.3653619,-1.7345675,0.05110266,-0.44942123,0
-0.7797004,0.261068,0.688507,-1.705768,-1.561221,0.498784,-0.15410158,-1.4300711,-0.13875818,-0.40733796,0
-0.5461731,0.057536077,0.83711964,-1.4186809,-1.6593597,0.65836936,-0.33362192,-1.535795,0.025255753,-0.57221216,0
-0.6150327,0.24366641,0.6028074,-1.2940879,-1.7592235,0.76651216,-0.12642567,-1.6423134,0.06867644,-0.3521666,0
-0.40748417,0.042872213,0.7882061,-1.4669138,-1.9235896,0.55620855,0.07223618,-1.4160808,-0.12893508,-0.14939903,0
-0.59062666,-0.15276755,0.9607837,-1.2317574,-2.0287168,0.735224,-0.12421842,-1.1823349,-0.049992364,-0.33970332,0
-0.521071,0.044103473,1.0838861,-1.3369088,-1.8796159,0.4997674,-0.30274013,-1.2907603,-0.2334313,-0.41167793,0
-0.3865016,-0.1456161,0.8255992,-1.435559,-1.852586,0.313111,-0.46958748,-1.3924537,-0.26642814,-0.57134145,0
-0.2572106,-0.3456161,0.6255992,-1.235559,-1.7017392,0.113111004,-0.26958746,-1.5924537,-0.46642816,-0.37134147,0
-0.4188366,-0.5456161,0.42559922,-1.0355589,-1.5017391,0.313111,-0.069587454,-1.3924537,-0.30298793,-0.17134146,0
-0.21883659,-0.3456161,0.22559921,-0.83555895,-1.3017391,0.513111,0.021248132,-1.1924536,-0.5029879,0.028658539,0
-0.4188366,-0.5456161,0.025599211,-1.0355589,-1.5017391,0.313111,0.22124813,-1.3924537,-0.313801,0.22865854,0
-0.60831064,-0.7456161,-0.17440079,-1.235559,-1.5487145,0.113111004,0.021248132,-1.5924537,-0.37045234,0.1894598,0
-0.8083106,-0.5456161,-0.3744008,-1.0355589,-1.6809717,0.313111,-0.17875187,-1.7924538,-0.57045233,0.18643057,0
-0.60831064,-0.3456161,-0.5744008,-0.83555895,-1.4809717,0.113111004,0.021248132,-1.5924537,-0.7704523,0.38643056,0
-0.8083106,-0.5456161,-0.3744008,-0.63555896,-1.6809717,-0.086889,0.22124813,-1.3924537,-0.81416,0.58643055,0
-1.0083107,-0.7456161,-0.5744008,-0.83555895,-1.8809718,0.113111004,0.42124814,-1.1924536,-0.61416,0.78643054,0
-1.0625907,-0.752697,-0.3744008,-1.0355589,-1.6809717,0.25009283,0.54700756,-0.99245363,-0.81416,0.9864305,0
-1.1366247,-0.67680144,-0.15700118,-0.9847075,-1.6933111,0.40518802,0.31238735,-1.073485,-0.9129794,1.0680629,0
-0.96931094,-0.819075,-0.3334971,-1.1067092,-1.7686602,0.5653439,0.30513468,-0.8159769,-0.66603863,1.1845767,0
-1.1693109,-0.619075,-0.23612575,-0.90670925,-1.5686601,0.7653439,0.17603885,-0.8936678,-0.8660386,0.98457676,0
-1.2727627,-0.76132303,-0.047888365,-1.0286766,-1.6439543,0.52548224,0.34952483,-0.66705227,-0.9908736,1.1010537,0
-1.1552782,-0.5573141,-0.053857055,-1.0126923,-1.8307849,0.72030085,0.5456002,-0.8608598,-0.7852252,0.89461845,0
-0.8953826,-0.33491063,-0.2379403,-1.136657,-1.9034553,0.8625983,0.32393116,-0.99434423,-0.9234519,0.6510661,0
-0.6953826,-0.5349106,-0.4379403,-0.936657,-1.7034552,1.0625983,0.52393115,-1.1943443,-0.7234519,0.5441653,0
-0.5040224,-0.7344827,-0.63756883,-0.8611931,-1.902347,1.2618632,0.32429823,-0.9937653,-0.5231471,0.6933291,0
-0.6513147,-0.6122915,-0.77486295,-0.98174524,-1.9449514,0.9823652,0.114992455,-1.1043922,-0.6690076,0.45639527,0
-0.4513147,-0.41229153,-0.57486296,-0.78174525,-2.1449513,0.7823652,-0.08500755,-1.3043922,-0.5461277,0.25639528,0
-0.6113304,-0.20926565,-0.39054236,-0.96775204,-1.9172292,0.92984545,0.1026929,-1.4829496,-0.7354928,0.4498901,0
-0.4113304,-0.009265646,-0.40913644,-0.76775205,-2.1172292,0.87060666,0.3026929,-1.2829496,-0.9354928,0.2498901,0
-0.48724264,0.00043189805,-0.60913646,-0.56775206,-1.9172292,1.0706067,0.49740028,-1.0829495,-0.75007457,0.0498901,0
-0.28724265,0.2004319,-0.40913647,-0.49500751,-2.1172292,1.2706068,0.56266814,-1.1309187,-0.62146294,-0.1501099,0
-0.45015365,0.4004319,-0.20913647,-0.6950075,-1.9285177,1.0706067,0.76266813,-1.1746607,-0.42146295,-0.20928645,0
-0.45785213,0.5610791,-0.008537656,-0.8363479,-1.9890126,1.18733,0.52579033,-1.2845643,-0.5807317,-0.38246143,0
-0.6132657,0.3366067,0.17848586,-0.9661086,-1.9262116,1.2933028,0.30370966,-1.3839469,-0.35492733,-0.17009497,0
-0.5426777,0.5366067,0.2977234,-1.1661086,-1.8057537,1.0933027,0.10370965,-1.1839468,-0.24907692,0.029905036,0
-0.68318206,0.3096413,0.457851,-1.2566702,-1.8450736,1.1896968,-0.08857657,-1.2671369,-0.41310155,0.21148744,0
-0.8183387,0.101591416,0.23891954,-0.97908926,-1.8949239,1.1776203,0.1032427,-1.3594196,-0.5680875,0.38127598,0
-0.99875957,-0.09651653,0.03817125,-1.1564195,-1.6623363,1.3511335,-0.094896995,-1.1371279,-0.75331986,0.4426297,0
-0.74395853,0.001976352,-0.15072607,-1.2633587,-1.7345659,1.4447138,-0.2746648,-0.9038302,-0.8879148,0.22598343,0
-0.8819592,0.18871053,-0.055684164,-1.3672452,-1.8075033,1.1629608,-0.2654978,-0.6576025,-1.0164604,0.39800477,0
-0.7299224,0.35486525,-0.076848626,-1.4307842,-1.6917608,1.2442869,-0.059794866,-0.7799835,-1.1105424,0.18076436,0
-0.5299224,0.15486525,-0.15072083,-1.6307843,-1.4917607,1.0442868,-0.1738939,-0.70713115,-1.3105425,0.13341478,0
-0.42520568,0.34269813,-0.3386958,-1.7680129,-1.633756,1.0807108,-0.36107436,-0.48974335,-1.0724657,0.32198313,0
-0.6252057,0.31991488,-0.13869579,-1.7618209,-1.4552135,0.8807108,-0.5610744,-0.28974336,-1.2724657,0.34801352,0
-0.66471267,0.11374288,-0.089798294,-1.8608464,-1.1906079,1.0250868,-0.721902,-0.09667162,-1.3966782,0.35335118,0
-0.46471268,0.09872779,0.11020171,-1.8634928,-0.9906079,1.151256,-0.53572845,0.103328384,-1.1966782,0.55335116,0
-0.66471267,-0.10127221,-0.089798294,-1.6634928,-1.1652734,0.951256,-0.73572844,-0.09667162,-1.3966782,0.35335118,0
-0.4664,0.09047049,-0.1948964,-1.7076359,-1.2510861,1.0549684,-0.85746694,0.09468631,-1.4631369,0.50707054,0
-0.25034434,-0.10292828,-0.056641243,-1.7926648,-1.1413652,0.9039007,-0.9937346,0.2769259,-1.5629015,0.28856373,0
-0.2988822,-0.27832398,0.13171495,-1.8308177,-1.2324176,1.0142403,-1.0967778,0.070677854,-1.2522047,0.3748237,0
-0.12199421,-0.478324,0.33171496,-1.6308177,-1.4324176,0.8142403,-1.1374662,-0.12932214,-1.0522046,0.27644295,0
-0.30254743,-0.52484834,0.4996021,-1.4345993,-1.533828,0.95298535,-1.2566901,-0.30943277,-1.1765779,0.07182618,0
-0.28777787,-0.31964213,0.2948005,-1.342304,-1.3124512,1.1345068,-1.4333444,-0.107678935,-1.354516,-0.12611963,0
-0.443324,-0.10873848,0.4497066,-1.4017454,-1.3746133,1.1472843,-1.1209428,-0.27963847,-1.4128444,-0.29639855,0
-0.61068296,-0.20209247,0.6167417,-1.3679861,-1.4947203,0.8992208,-1.1382697,-0.08300883,-1.3293207,-0.4712122,0
-0.39206737,-0.0019976178,0.7797201,-1.4969119,-1.2360327,1.049395,-0.90441555,-0.09160279,-1.4599991,-0.64078724,0
-0.18932895,-0.1031,0.9462172,-1.6727182,-1.0212613,1.2315817,-0.978562,0.106851734,-1.2420346,-0.43450272,0
-0.38932896,-0.3031,0.7462172,-1.4727181,-1.2212614,1.1230694,-0.778562,0.24198946,-1.0420345,-0.6345027,0
-0.18932895,-0.5031,0.5462172,-1.2727181,-1.2970105,1.3230695,-0.578562,0.341124,-1.2420346,-0.43450272,0
-0.09319479,-0.3031,0.34621722,-1.4058667,-1.4970106,1.5230695,-0.778562,0.141124,-1.0420345,-0.29962143,0
-0.17030486,-0.10309999,0.5462172,-1.2058667,-1.2970105,1.3230695,-0.578562,-0.058876008,-1.2420346,-0.18403454,0
-0.054257542,-0.3031,0.7462172,-1.3552125,-1.0970105,1.1230694,-0.778562,0.1182712,-1.4420346,0.015965462,0
0.14574246,-0.44694164,0.8734022,-1.1552124,-0.8970105,1.3230695,-0.8370411,0.16848269,-1.3881506,-0.18403454,0
-0.054257542,-0.24694164,0.6734022,-1.1823472,-0.8595608,1.5230695,-1.0370411,-0.031517312,-1.3386055,0.015965462,0
0.14574246,-0.046941638,0.8734022,-0.9823472,-0.9793217,1.3230695,-0.8370411,0.16848269,-1.1386055,0.21596546,0
-0.054257542,0.15305836,1.0734022,-1.1823472,-0.9568929,1.5230695,-0.6370411,0.3684827,-1.3386055,0.41596547,0
-0.19806309,0.35305837,0.8734022,-1.3823472,-1.017767,1.3230695,-0.8370411,0.1684827,-1.2274246,0.21596546,0
-0.17407265,0.5530584,0.6734022,-1.1823472,-1.217767,1.5230695,-0.6370411,0.3684827,-1.4274247,0.015965462,0
-0.3349202,0.3161054,0.7819872,-1.2376633,-1.2693759,1.5427238,-0.5203475,0.50898224,-1.4570897,-0.01857867,0
-0.5214901,0.50314766,0.56737536,-1.3629022,-1.2501951,1.3090123,-0.3123046,0.51598257,-1.6154855,-0.21309085,0
-0.64601904,0.27143708,0.3289463,-1.3510332,-1.2984984,1.351163,-0.10055703,0.6410876,-1.6255778,-0.011721488,0
-0.73631483,0.06217375,0.11222568,-1.3499091,-1.3041865,1.3500221,0.03736421,0.7320228,-1.5888531,-0.18426734,0
-0.5254247,0.25685018,-0.04441274,-1.1280025,-1.3276372,1.3000929,-0.1593334,0.9130977,-1.7525297,0.015413202,0
-0.6855307,0.053723764,0.14703089,-1.1783855,-1.4436264,1.0395944,-0.28948194,0.6738816,-1.8451524,0.09814766,0
-0.8716226,-0.038293123,-0.052137185,-1.3567367,-1.6178118,0.8809509,-0.08807654,0.60164845,-1.6193137,-0.10025266,0
-0.9466277,0.15725522,-0.24519606,-1.2727112,-1.3787806,0.77237254,-0.28014603,0.7795797,-1.7692295,-0.29198697,0
-0.819701,0.28168708,-0.04304327,-1.0216156,-1.4456223,0.5451092,-0.45727566,0.9329202,-1.875431,-0.4685526,0
-0.619701,0.08168708,0.15695673,-0.82161564,-1.2456223,0.34510922,-0.28981894,1.1329203,-1.6754309,-0.6685526,0
-0.819701,-0.118312925,0.35695672,-1.0216156,-1.081904,0.3377727,-0.08981894,1.0093495,-1.4754308,-0.4685526,0
-0.83407724,0.08168708,0.5569567,-0.82161564,-1.2819041,0.5377727,-0.28981894,1.2093495,-1.6754309,-0.6685526,0
-0.8521902,0.2570604,0.32574958,-0.8754391,-1.3523479,0.30824274,-0.4469962,1.2861364,-1.7114702,-0.7926189,0
-0.8800125,0.434073,0.4993075,-0.93410873,-1.4742742,0.102798775,-0.23457378,1.0315102,-1.8153348,-0.5628137,0
-1.0448095,0.22644338,0.2895516,-1.0971425,-1.2327391,-0.09403295,-0.42040882,0.8044071,-1.9496449,-0.6450724,0
-1.1767243,0.02499705,0.084653534,-0.84807307,-1.3543751,-0.27795076,-0.58647543,0.5713489,-2.0320694,-0.42072907,0
-1.267593,0.20716181,-0.106203094,-0.9144674,-1.0972536,-0.071771696,-0.7241324,0.71020496,-2.055136,-0.20323214,0
-1.1778169,0.007161811,-0.3062031,-1.0223918,-1.2972536,0.1282283,-0.9241324,0.510205,-1.8551359,-0.40323216,0
-1.0354748,-0.19283819,-0.106203094,-0.91501856,-1.0972536,0.3282283,-0.7241324,0.71020496,-2.055136,-0.60323215,0
-1.2178913,-0.39283818,-0.15322675,-1.1150186,-0.8972536,0.12822829,-0.6245205,0.80113333,-1.8551359,-0.40323216,0
-1.0429862,-0.19698024,-0.35322675,-0.9150186,-1.0972536,0.07944456,-0.5904335,1.0011333,-1.6551359,-0.20323215,0
-1.1703718,0.0028433523,-0.52090764,-1.0498799,-1.2214689,0.2631196,-0.5603294,1.1309639,-1.7467601,-0.22625925,0
-1.088591,-0.18374102,-0.2990713,-0.8549691,-1.3247443,0.058824595,-0.462961,1.2403978,-1.8142918,-0.3972542,0
-0.985211,-0.008665596,-0.47512177,-1.004343,-1.4214443,-0.13440065,-0.25034195,0.99047095,-1.9176296,-0.18778832,0
-0.785211,0.04548873,-0.6751218,-1.2043431,-1.5033064,-0.06022463,-0.45034194,0.79047096,-1.7176296,0.01221168,0
-0.7536789,-0.15018295,-0.8506069,-0.9762083,-1.6555916,-0.006276168,-0.5699578,0.88166285,-1.6873496,0.20626698,0
-0.93799686,-0.34442464,-0.63990855,-1.1568671,-1.8250788,-0.20288423,-0.36387432,0.6704538,-1.4628919,0.39958644,0
-0.8163366,-0.12869851,-0.7484525,-1.2091205,-1.8045719,-0.35901496,-0.5024751,0.41922697,-1.4818228,0.5342986,0
-1.0161073,-0.32869852,-0.5484525,-1.0091205,-1.951377,-0.3955659,-0.34375244,0.40736237,-1.3094035,0.3342986,0
-0.81610733,-0.13033189,-0.6626901,-0.8091205,-1.8835865,-0.57675153,-0.54375243,0.20736237,-1.5094036,0.42521226,0
-1.0161073,0.069668114,-0.46269011,-1.0091205,-2.0812263,-0.37675154,-0.34375244,0.40736237,-1.3094035,0.35321686,0
-0.7891955,-0.12603408,-0.6408373,-1.1692487,-2.206001,-0.39125636,-0.13901208,0.5873341,-1.07282,0.22072887,0
-0.6945535,-0.16968049,-0.4374319,-1.3586714,-2.245371,-0.586689,-0.31828395,0.38434198,-0.86607754,0.25780025,0
-0.7496603,0.029041456,-0.22742344,-1.10983,-2.3422916,-0.37038893,-0.49643677,0.55971026,-0.98357207,0.055363797,0
-0.6614139,-0.15929702,-0.39826778,-1.2204831,-2.2438061,-0.15876624,-0.30589098,0.7078884,-1.1028374,-0.1347702,0
-0.7804898,-0.32554346,-0.528976,-0.92461544,-2.2060807,0.037360124,-0.45836586,0.82259834,-1.1804446,-0.041507825,0
-0.69114745,-0.12052736,-0.31583175,-0.69566333,-2.3099453,0.22787637,-0.63206077,0.59772235,-1.3252888,0.1521596,0
-0.8230444,-0.19206586,-0.476411,-0.45778388,-2.318131,0.3951773,-0.7684732,0.736759,-1.0392922,0.32524696,0
-0.8872302,-0.37412807,-0.6454638,-0.6276889,-2.4029214,0.18624754,-0.54246444,0.51633227,-0.8008929,0.5012159,0
-1.006011,-0.17412807,-0.44546384,-0.8276889,-2.2029214,0.38624755,-0.462998,0.6929589,-1.0008929,0.3012159,0
-1.0643901,0.007346034,-0.5076967,-0.60277975,-2.307564,0.562983,-0.63668764,0.47339636,-0.8619578,0.48132566,0
-0.9205173,-0.19265397,-0.3076967,-0.40277976,-2.1196892,0.76298296,-0.8366876,0.27339637,-1.0619578,0.4493793,0
-1.1205174,-0.23377232,-0.123533994,-0.34676445,-2.194895,0.91335183,-0.63668764,0.07339637,-0.86195785,0.49853218,0
-1.3205174,-0.43377233,0.07646601,-0.14676444,-1.994895,0.90518063,-0.8366876,0.11516896,-0.8460479,0.2985322,0
-1.5205175,-0.42177686,0.276466,0.05323556,-1.7948949,1.1051806,-1.0366876,-0.084831044,-0.66990805,0.49853218,0
-1.4637302,-0.61665887,0.3829722,-0.14555639,-1.813544,0.8977299,-1.2265083,0.11422098,-0.46604013,0.6927824,0
-1.6115564,-0.7910488,0.5646905,-0.3165499,-1.8595917,0.6758494,-0.99431735,-0.08308903,-0.46880928,0.477329,0
-1.6820132,-0.5924642,0.6847808,-0.47961172,-1.7851149,0.57672036,-1.1089125,0.034540437,-0.5517593,0.25749734,0
-1.6934154,-0.73559284,0.4499904,-0.25954533,-1.8426528,0.7067844,-0.8436842,0.2177086,-0.69780916,0.42466497,0
-1.4546384,-0.9112998,0.63311315,-0.05799921,-1.9896147,0.88323945,-0.6269707,0.01724879,-0.4848834,0.5312094,0
-1.5634065,-1.0869412,0.42361975,-0.01070463,-1.7503881,1.0594959,-0.68020153,-0.17874548,-0.6222699,0.35569206,0
-1.6140277,-1.177924,0.20467684,-0.19285578,-1.7851701,0.78668773,-0.5450799,0.019454047,-0.75261515,0.5086192,0
-1.4089377,-0.97440386,0.20035678,0.007118511,-1.9780242,0.983136,-0.34383774,-0.17989606,-0.9491861,0.3075083,0
-1.6089377,-0.77440387,0.0003567785,-0.1928815,-1.7780242,0.783136,-0.14383774,-0.37989604,-1.1491861,0.4594695,0
-1.647896,-0.97440386,0.20035678,0.007118508,-1.5780241,0.983136,-0.34383774,-0.17989604,-1.2125275,0.2594695,0
-1.4094706,-1.1432366,0.38973176,0.20162183,-1.7308375,1.151737,-0.14002044,0.019570425,-0.98565614,0.4472757,0
-1.5357021,-0.94323665,0.18973176,0.25063407,-1.6467578,0.951737,0.059979558,-0.18042958,-1.0194757,0.6472757,0
-1.4869057,-0.69493985,-0.009600993,0.42135108,-1.7267523,1.0768951,0.24308562,0.018298704,-1.1402321,0.7922182,0
-1.266912,-0.88103586,0.18744093,0.21791212,-1.5030323,1.2570571,0.042416234,-0.0026110169,-1.3194101,0.9768029,0
-1.3579159,-0.6304328,0.35865283,0.016581193,-1.5764917,1.3487931,0.22440395,0.119558826,-1.0362344,1.0893627,0
-1.1579158,-0.4304328,0.5586528,-0.18341881,-1.7764918,1.5487932,0.09039681,-0.08044118,-0.8362344,0.88936275,0
-1.159797,-0.29313767,0.32093054,0.014837221,-1.7686089,1.5648592,0.25985354,0.1069839,-0.9272456,0.97478604,0
-1.0198997,-0.08887406,0.11539464,-0.1766865,-1.8784909,1.5481241,0.4388026,0.29293093,-1.0756432,0.7393183,0
-0.8074517,-0.28448826,-0.083320856,-0.3709675,-1.8535494,1.4561129,0.26309723,0.48544708,-1.1857527,0.92505723,0
-0.8886267,-0.42734474,-0.24990425,-0.15080255,-1.811341,1.4607807,0.055655148,0.60460126,-1.2223086,0.8154827,0
-0.73970616,-0.22734474,-0.049904242,-0.35080254,-1.6926273,1.6607808,-0.14434485,0.7665254,-1.253977,0.6154827,0
-0.5397062,-0.18852794,-0.24990425,-0.15080254,-1.4926273,1.8607808,-0.34434485,0.6488398,-1.0539769,0.8154827,0
-0.38205153,-0.35187337,-0.43059334,-0.3357453,-1.2371447,1.9723274,-0.15488124,0.81240565,-1.1759727,0.9718959,0
-0.5657055,-0.53637487,-0.6128841,-0.13193311,-1.3010125,1.7225542,0.043851674,0.8731395,-1.1304142,1.138985,0
-0.36412242,-0.6291341,-0.8093653,-0.33049625,-1.494515,1.5159633,-0.1554724,0.7229285,-1.3246552,0.9349204,0
-0.3361625,-0.42913413,-1.0093653,-0.13049625,-1.2945149,1.3159633,0.044527605,0.9229285,-1.5246552,0.7349204,0
-0.4836202,-0.22505057,-0.79494107,0.06826508,-1.4678802,1.4889463,0.24016972,0.71004474,-1.6939191,0.5253872,0
-0.27176026,-0.37934804,-0.5700629,0.25704724,-1.324987,1.618321,0.03848997,0.4887166,-1.8147225,0.69505423,0
-0.42583138,-0.533943,-0.45366284,0.052576292,-1.4054699,1.6758145,-0.14885208,0.26608914,-1.8000473,0.45625556,0
-0.31068957,-0.6826864,-0.60801286,-0.10267356,-1.4933484,1.3727477,-0.3244892,0.061473653,-1.8603693,0.61042446,0
-0.47769818,-0.8256634,-0.561057,0.091038994,-1.2576756,1.4711456,-0.116446994,-0.12957732,-1.927266,0.5256337,0
-0.27769816,-0.6256634,-0.76105696,0.2580225,-1.1845139,1.4481044,-0.19896181,0.07042268,-1.727266,0.3256337,0
-0.47769815,-0.8256634,-0.561057,0.44789678,-0.98451394,1.2481043,-0.33662814,-0.12957732,-1.5272659,0.5256337,0
-0.67769814,-0.6256634,-0.76105696,0.64789677,-1.1845139,1.0481043,-0.5366281,0.07042268,-1.5547857,0.7052666,0
-0.83468395,-0.40480253,-0.90838856,0.8063431,-1.3166618,1.1869373,-0.7005275,-0.12322701,-1.6687874,0.4805045,0
-0.7283522,-0.20480253,-0.70838857,0.6389945,-1.5166619,1.1857729,-0.5005275,-0.32322702,-1.4687873,0.28050452,0
-0.9283522,-0.004802525,-0.5083886,0.43899453,-1.7166619,0.9857729,-0.7005275,-0.30814877,-1.2687873,0.4805045,0
-0.7283522,0.19519748,-0.70838857,0.6389945,-1.8528712,0.7857729,-0.5005275,-0.17281124,-1.0687872,0.295833,0
-0.9283522,0.39519748,-0.5083886,0.43899453,-1.9475799,0.9857729,-0.7005275,-0.37281126,-0.8687872,0.49583298,0
-0.7283522,0.28364578,-0.3083886,0.23899452,-2.14758,0.7857729,-0.5005275,-0.57281125,-0.66878724,0.69583297,0
-0.9283522,0.083645776,-0.5083886,0.13748997,-2.34758,0.9857729,-0.3005275,-0.37281126,-0.46878725,0.49583298,0
-1.055635,0.26536608,-0.40999296,-0.05848154,-2.3834,1.1093552,-0.46827075,-0.16167435,-0.25146514,0.65098965,0
-0.855635,0.22504035,-0.4436473,-0.16678292,-2.1834,0.9093552,-0.54728454,0.038325652,-0.45146513,0.85098964,0
-1.0291297,0.024411622,-0.36112317,-0.3575736,-2.3235567,0.84935975,-0.72852147,0.23234169,-0.63510793,0.7573705,0
-0.98664844,0.22441162,-0.5611232,-0.5575736,-2.1235566,0.64935976,-0.92852145,0.03234169,-0.43510795,0.862871,0
-1.08912,0.38953003,-0.69856787,-0.69531006,-2.132588,0.77955246,-1.0357704,0.21324596,-0.21578486,0.60839087,0
-1.2435186,0.48490918,-0.48980263,-0.8795697,-1.8986113,0.8429751,-1.1114514,0.15283513,-0.015507348,0.79417866,0
-1.0124943,0.57056135,-0.66929454,-0.65936583,-1.7831241,1.011967,-1.2724614,0.34234518,-0.20910023,0.8848207,0
-1.1716493,0.7371604,-0.84001076,-0.8304165,-1.6716659,0.7846144,-1.3496753,0.13755003,-0.008793671,0.6617513,0
-1.0004743,0.8208007,-0.79930174,-0.902478,-1.6392763,0.86236274,-1.3572646,-0.03498328,0.16746578,0.75475454,0
-1.1478511,0.68360966,-0.5730311,-1.0541505,-1.7520522,0.77297705,-1.1065354,-0.22261693,-0.031108076,0.9129025,0
-1.3162934,0.86292136,-0.3642972,-0.83415186,-1.906348,0.7551766,-0.88531035,-0.41272202,-0.22569706,0.696211,0
-1.4327074,0.62637764,-0.5331902,-0.5991941,-1.9902351,0.90252227,-0.64753246,-0.5789456,-0.4022304,0.46885726,0
-1.4897561,0.6558703,-0.4796675,-0.5492821,-1.7404145,1.0059911,-0.77332693,-0.71074516,-0.54950225,0.6102956,0
-1.2751914,0.67450625,-0.27650934,-0.74082077,-1.9185022,0.7968894,-0.5668526,-0.6824064,-0.74103844,0.80114526,0
-1.2711465,0.78993154,-0.06911001,-0.48851725,-1.9136188,0.5391634,-0.63003165,-0.79706764,-0.8500293,0.8996266,0
-1.2403878,0.9039263,0.119518265,-0.6286989,-1.5647396,0.6749449,-0.75791854,-0.9104424,-0.95880276,1.0040911,0
-1.120739,1.0099298,0.2923121,-0.71994495,-1.6144764,0.8004455,-0.87635416,-0.6632857,-1.0601336,0.7356248,0
-1.2403078,1.1555202,0.08816088,-0.6036105,-1.3998648,0.5734439,-1.0279512,-0.8244643,-0.9648702,0.8935504,0
-1.3253155,1.2472972,0.26515448,-0.7394512,-1.2764913,0.34362862,-0.7618486,-0.94267243,-0.91739553,1.0062428,0
-1.1185147,1.4385506,0.46234334,-0.5361911,-1.4675683,0.5403432,-0.55845314,-0.73818415,-1.1106427,0.80137026,0
-0.901404,1.2154781,0.6500048,-0.7224769,-1.283031,0.72655165,-0.35177568,-0.9207071,-1.2862272,0.9827162,0
-0.9656075,1.2409581,0.74520427,-0.6857422,-1.3001821,0.8123133,-0.13306263,-0.98253065,-1.3029842,0.68621194,0
-0.9768669,1.040958,0.7345785,-0.8857422,-1.2020184,0.61231333,-0.33306265,-0.8355938,-1.4202899,0.48621196,0
-0.7114786,1.1365075,0.85591567,-0.9943561,-1.2324009,0.7439415,-0.48819515,-0.9484287,-1.4839113,0.2621217,0
-0.46490577,1.2148114,0.5961911,-0.7220258,-1.3019732,0.8579906,-0.6255314,-1.0438582,-1.5305823,0.4200431,0
-0.2500178,1.3352978,0.7514444,-0.7413945,-1.0400413,0.6582294,-0.77913576,-1.0987548,-1.633322,0.20767649,0
-0.08596501,1.3944814,0.8641786,-0.8550505,-1.1263057,0.41620097,-0.88933015,-1.179634,-1.3949324,0.006972401,0
-0.17315033,1.5111669,0.62947404,-0.9999222,-0.87790453,0.5179909,-1.0324107,-0.92844635,-1.5115943,0.19615772,0
-0.10723252,1.3111669,0.82947403,-0.995277,-1.0779046,0.37818038,-0.83241075,-1.1284463,-1.3115942,-0.0038422793,0
-0.29075265,1.1702939,0.730418,-1.0111682,-1.2093581,0.5471669,-0.7527377,-1.2571888,-1.4305127,0.18563586,0
-0.45631242,1.1169416,0.49319416,-1.1261704,-0.93852293,0.3228033,-0.8858761,-1.3549256,-1.516086,0.35857254,0
-0.6514566,1.307198,0.68806547,-1.3163587,-0.7330589,0.51893526,-0.80948246,-1.1463808,-1.3063487,0.42182532,0
-0.43915772,1.466138,0.8638722,-1.0859461,-0.7220333,0.6993495,-0.5928785,-1.3097018,-1.2681555,0.21578221,0
-0.2353895,1.6171603,0.87803787,-0.85990286,-0.8949293,0.4846707,-0.7695711,-1.0770811,-1.4249977,0.0153182745,0
-0.035389498,1.4171603,0.6780379,-0.6599029,-1.0949293,0.6846707,-0.56957114,-0.8770811,-1.6249977,0.21531828,0
0.15633011,1.328312,0.46551445,-0.8166472,-1.2297906,0.8401691,-0.7308594,-0.9212708,-1.6511074,0.01454772,0
-0.043215882,1.1547652,0.65859544,-1.0060776,-1.4149258,0.7760376,-0.5253403,-1.1096135,-1.436021,0.21231718,0
-0.24321589,0.95476526,0.45859545,-0.93863577,-1.2149258,0.97603756,-0.32534033,-1.3096136,-1.2360209,0.012317181,0
-0.4168047,1.01643,0.6213783,-1.0742916,-1.0503937,1.1095798,-0.118257366,-1.4243056,-1.3548716,0.20031917,0
-0.6029046,1.1890169,0.41188228,-1.2455746,-0.8312295,0.88908184,-0.31108522,-1.2702645,-1.5198315,0.0003119753,0
-0.3736745,1.2882459,0.5674912,-1.265124,-0.9564154,0.9155619,-0.36459908,-1.3635992,-1.2240797,0.18577965,0
-0.5584407,1.4487258,0.74711055,-1.3123754,-0.7463141,0.6965603,-0.16022818,-1.1327,-1.3862636,0.19037695,0
-0.3292332,1.5143797,0.8699354,-1.3891398,-0.5017978,0.6042391,-0.33087504,-1.2241051,-1.2483494,0.35856715,0
-0.12528941,1.6620623,1.0372844,-1.5406443,-0.29258788,0.391903,-0.12688114,-0.99285257,-1.2278543,0.15372817,0
0.07471059,1.7901026,1.2372844,-1.3406442,-0.09258787,0.19190301,0.073118865,-0.7928526,-1.0278542,0.35372818,0
-0.11639208,1.848777,1.3352169,-1.3519717,-0.27180997,0.36407232,0.24513255,-0.6571691,-0.9974176,0.5144056,0
-0.3163921,1.648777,1.1352168,-1.3818097,-0.18207565,0.16407232,0.44513255,-0.45716912,-0.8796155,0.31440562,0
-0.5163921,1.848777,1.3352169,-1.1818097,-0.36450717,0.36407232,0.46163106,-0.6571691,-0.6796155,0.12149088,0
-0.55183506,2.048777,1.5352169,-0.9818097,-0.39427027,0.5640723,0.26163107,-0.45716912,-0.4796155,0.32149088,0
-0.6859088,2.0515883,1.554083,-0.81146395,-0.54216045,0.42432085,0.42115197,-0.5995438,-0.3797181,0.30310187,0
-0.5544709,2.1885982,1.3162012,-0.59435767,-0.7213978,0.22016063,0.295612,-0.77717584,-0.5635,0.48902714,0
-0.7245925,2.2940054,1.3134123,-0.3787404,-0.5007495,0.40352154,0.0918256,-0.55431867,-0.733264,0.27758116,0
-0.92345065,2.0914195,1.1120373,-0.5780257,-0.30037814,0.6027762,0.2914652,-0.7533871,-0.9321115,0.47699136,0
-0.99704266,2.0335946,0.80941707,-0.6904841,-0.44407678,0.7124498,0.43616673,-0.6951283,-1.004729,0.5922501,0
-0.79548186,2.2292206,0.6082237,-0.7316115,-0.48110074,0.5114463,0.63492095,-0.8933754,-0.80315316,0.391482,0
-0.97284406,2.2523837,0.39894047,-0.76720536,-0.27470836,0.6952676,0.46742535,-0.67760766,-0.98034096,0.18712759,0
-0.845153,2.3781276,0.58080506,-0.9379192,-0.4603346,0.48027134,0.25932795,-0.46314612,-0.7567129,0.34096822,0
-0.7658637,2.4003112,0.3545405,-1.018539,-0.54959345,0.2609407,0.42764756,-0.35382548,-0.8907273,0.13124548,0
-0.52123904,2.3952475,0.4753341,-1.0548427,-0.50343704,0.42459035,0.209695,-0.26873767,-1.0047113,0.30512306,0
-0.32123905,2.1952474,0.6753341,-1.0614103,-0.70343703,0.62459034,0.0096949935,-0.46873766,-0.8047113,0.10512306,0
-0.32461286,1.9952474,0.4753341,-1.2614104,-0.50343704,0.8245903,-0.19030501,-0.26873767,-0.6047113,0.30512306,0
-0.25792512,2.0304337,0.27533412,-1.0614103,-0.70343703,0.79386634,-0.390305,-0.2122454,-0.7743888,0.24924754,0
-0.05792512,1.8304336,0.07533412,-0.8614103,-0.7699318,0.9773632,-0.44623494,-0.4122454,-0.9743888,0.35715657,0
-0.058744602,1.6304336,-0.124665886,-1.0614103,-0.9699318,1.1484627,-0.6462349,-0.6122454,-1.1743888,0.55715656,0
0.13812603,1.7898821,-0.31747323,-1.2334651,-0.7528747,0.9274504,-0.6384616,-0.79425085,-1.252036,0.34924412,0
-0.057181515,1.8389715,-0.2627054,-0.9550881,-0.5109452,0.9525694,-0.7500588,-0.91884786,-1.3419151,0.50759,0
-0.25718153,1.6389714,-0.46270537,-0.7550881,-0.6397399,1.0590427,-0.9500588,-0.83075637,-1.2051083,0.30759,0
-0.057181522,1.4389714,-0.40683454,-0.5550881,-0.8266665,1.2590427,-1.122742,-0.6307564,-1.4051083,0.50759,0
-0.25718153,1.2389714,-0.60683453,-0.7550881,-1.0266665,1.0590427,-1.3227421,-0.4307564,-1.2051083,0.3889465,0
-0.057181522,1.0389713,-0.40683454,-0.9550881,-1.2163969,0.94500655,-1.2617923,-0.23075639,-1.0594717,0.1889465,0
0.07571943,1.2389714,-0.60683453,-1.1550881,-1.0163969,0.86990607,-1.0617923,-0.41456735,-1.2594718,0.3889465,0
0.27571943,1.4389714,-0.40683454,-0.9550881,-0.8163969,1.0699061,-0.86179227,-0.61456734,-1.4594718,0.5579333,0
0.47571945,1.4584868,-0.60683453,-1.1550881,-0.6163969,1.2699062,-0.6617923,-0.8145673,-1.2594718,0.35793328,0
0.67571944,1.2584867,-0.8068345,-0.9550881,-0.7647534,1.4699062,-0.86179227,-0.61456734,-1.0594717,0.5579333,0
0.59276515,1.3078296,-0.5441504,-1.035771,-0.86509734,1.49741,-0.9521124,-0.37174383,-1.1293722,0.5083963,0
0.75933886,1.4442532,-0.50011194,-0.8005314,-0.637054,1.6258402,-1.1035345,-0.54763675,-0.890186,0.29539305,0
0.55933887,1.3239956,-0.7001119,-1.0005314,-0.837054,1.49127,-0.9035345,-0.34763676,-1.090186,0.49539304,0
0.75933886,1.1239955,-0.50011194,-0.80053145,-1.0370541,1.4716036,-1.1035345,-0.14763676,-1.290186,0.29539305,0
0.8879301,1.2254435,-0.64799887,-0.9260565,-1.1449735,1.5471773,-0.8362796,0.04846557,-1.0090376,0.088292435,0
1.0242088,1.4038364,-0.63246053,-0.7150508,-1.3245863,1.3267565,-0.94069177,-0.14923745,-0.7967741,-0.11001428,0
0.78689426,1.1493348,-0.7947724,-0.80423737,-1.4555634,1.3602571,-1.089049,-0.33342636,-0.65390927,-0.29597893,0
0.88042927,1.2037702,-0.65281045,-0.8424706,-1.4769633,1.3919386,-1.1499879,-0.16482505,-0.4049421,-0.08562484,0
0.90899026,1.0037701,-0.45281047,-0.6424706,-1.6278037,1.5536649,-0.94998795,0.03517495,-0.2096162,0.11437517,0
1.0312016,1.1950921,-0.58615863,-0.43928078,-1.4247087,1.7410226,-0.88690037,-0.1636368,-0.009546872,0.31210878,0
1.0007464,0.95265746,-0.36969134,-0.61201936,-1.5554248,1.8582499,-0.6576083,0.034812532,0.18233146,0.4902705,0
1.1516416,1.1055193,-0.16275178,-0.39516973,-1.2999943,1.9740773,-0.4388943,0.22520982,-0.016945986,0.6620417,0
1.0635861,1.2282121,0.016061287,-0.18361263,-1.1142254,2.045338,-0.22474802,0.40003073,-0.18207574,0.81099534,0
1.1618952,0.96590376,-0.00067205745,-0.36036623,-0.85882455,2.1092734,-0.39900884,0.5636697,-0.35892245,0.89151263,0
0.96189517,0.7659038,-0.20067206,-0.45544723,-1.0588245,1.9092734,-0.59900886,0.3636697,-0.15892245,0.69151264,0
1.1554213,0.9605219,-0.00066831266,-0.6517952,-1.1695069,2.0975208,-0.39678565,0.16275775,-0.3569226,0.48877403,0
0.95542127,0.7605219,-0.20066832,-0.45179522,-1.369507,1.8975208,-0.31303048,0.16307214,-0.24241748,0.288774,0
1.1554213,0.9605219,-0.0006683171,-0.25179523,-1.1695069,2.0975208,-0.11303048,-0.036927864,-0.04241748,0.23508729,0
0.95397544,1.1357181,0.19507137,-0.36109862,-1.3402365,2.158702,-0.3063401,-0.23186402,-0.16314991,0.034337368,0
0.75397545,0.9357181,0.2631783,-0.56109864,-1.5402366,2.0941563,-0.106340095,-0.43186402,-0.3631499,-0.16566263,0
0.6501024,1.1315966,0.11170335,-0.7583366,-1.3353729,2.1095624,-0.15506195,-0.629571,-0.23292783,0.03421276,0
0.84161484,0.9222954,0.13901967,-0.8626172,-1.5200436,1.890497,0.04448939,-0.82128847,-0.29946056,-0.16413201,0
0.62587595,1.0947653,0.33070344,-0.6463631,-1.6778507,1.6490288,-0.1516959,-0.99623615,-0.48720872,-0.30865765,0
0.42587596,1.2947654,0.13070343,-0.4463631,-1.4778507,1.8490288,-0.0816191,-0.79623616,-0.6872087,-0.21535888,0
0.61225796,1.4622418,0.13149284,-0.24100265,-1.6413435,1.6131487,0.115805134,-0.9351832,-0.4766079,-0.0150246965,0
0.6309613,1.5477054,-0.06378669,-0.038177367,-1.342028,1.6882142,-0.078393444,-1.0569637,-0.6299864,0.17222963,0
0.7786397,1.6548853,0.12897904,-0.22552782,-1.4601313,1.4091754,-0.26360804,-0.81145054,-0.785906,0.3524606,0
0.928882,1.5909781,0.32457063,-0.3884605,-1.352817,1.587612,-0.06275567,-0.60325694,-0.5780547,0.5450575,0
1.0499274,1.2936924,0.2605276,-0.17527945,-1.4442122,1.6625855,-0.24437839,-0.7470767,-0.63095057,0.5094435,0
0.8148209,1.431995,0.44150537,0.02369946,-1.5762975,1.4021729,-0.4260232,-0.9079574,-0.41315004,0.6801397,0
0.8664784,1.3934364,0.36992776,-0.15052961,-1.5166453,1.3679736,-0.53451353,-0.9230217,-0.5235222,0.75148433,0
1.0627793,1.5879096,0.56795096,-0.3493138,-1.3120785,1.1639224,-0.41203722,-1.1191266,-0.32240006,0.5495715,0
0.8378493,1.4803011,0.45208913,-0.14499937,-1.4683871,1.324512,-0.20591041,-1.2810105,-0.4149538,0.33947068,0
0.5807066,1.5297688,0.24542361,0.050073314,-1.5189221,1.3879362,-0.0053809183,-1.3483319,-0.19569683,0.41234806,0
0.7271463,1.5323331,0.42956802,0.24117155,-1.2719729,1.276349,-0.19807005,-1.4932166,-0.12594451,0.59055054,0
0.8581734,1.2332172,0.58273274,0.038108688,-1.3624688,1.3665193,0.0017863791,-1.5672537,-0.3016966,0.36149642,0
0.6581734,1.05519,0.38273275,-0.16189131,-1.1624688,1.4529958,0.20178638,-1.7672538,-0.5016966,0.16149642,0
0.8581734,1.01647,0.39801913,-0.32881248,-0.9624688,1.2529957,0.4017864,-1.9672538,-0.3016966,-0.038503587,0
0.9568874,1.1730771,0.37143642,-0.50994915,-0.7352707,1.0154341,0.58032,-2.0899453,-0.09806897,0.15573566,0
1.044022,1.2391204,0.5156873,-0.27971065,-0.8440261,0.73588073,0.7041923,-2.0665393,0.091986686,-0.039945934,0
0.844022,1.0391203,0.7156873,-0.47971064,-0.6440261,0.9358807,0.60802996,-1.8665392,-0.10801332,0.16005407,0
0.65900886,1.2391204,0.6796882,-0.27971065,-0.57673514,0.7973947,0.40802997,-1.8700075,-0.30801332,0.36005408,0
0.85900885,1.0391203,0.8796882,-0.07971065,-0.37673515,0.9973947,0.2217703,-2.0700076,-0.14826989,0.56005406,0
0.8976404,1.2037042,1.0488288,0.116851285,-0.56025106,1.1631712,0.07290387,-1.8165596,-0.33831576,0.7383304,0
1.0976404,1.0305439,1.2488289,-0.08314872,-0.36025107,1.128646,0.27290386,-1.6165595,-0.5383158,0.53833044,0
0.8976404,0.83054394,1.4488289,-0.2831487,-0.16025107,1.3286461,0.47290385,-1.4165595,-0.73831576,0.7383304,0
0.6976404,0.63054395,1.648829,-0.25361952,-0.36025107,1.5286461,0.3582837,-1.4300759,-0.5383158,0.53833044,0
0.850264,0.78670883,1.3723615,-0.26883703,-0.15179321,1.6374103,0.14992967,-1.5440425,-0.69934833,0.3204738,0
0.650264,0.7562963,1.5723616,-0.46883702,-0.35179323,1.4374102,0.3499297,-1.3440424,-0.49934834,0.5204738,0
0.42763776,0.9082413,1.6832985,-0.25532767,-0.3902662,1.5551286,0.14239556,-1.4664526,-0.28430575,0.520784,0
0.60201955,1.0740131,1.528517,-0.053618863,-0.1843898,1.7009212,-0.055825323,-1.227338,-0.46934786,0.6985225,0
0.40201956,0.8740131,1.328517,-0.25361887,-0.09321643,1.9009212,-0.25582534,-1.427338,-0.26934785,0.49852252,0
0.34236443,0.95049995,1.3527352,-0.04745261,-0.2594961,1.8593119,-0.4034047,-1.4401916,-0.061372735,0.6181913,0
0.28574193,1.1259828,1.1281704,-0.24217941,-0.44970423,2.015428,-0.5905462,-1.2137631,-0.2558029,0.40927967,0
0.08574192,0.9259828,1.1861984,-0.042179406,-0.6497042,1.815428,-0.6749171,-1.2750032,-0.055802897,0.6092797,0
-0.061074175,1.0704089,1.1255869,-0.10791189,-0.50351304,1.9159548,-0.8317348,-1.3432277,-0.008357063,0.38907936,0
0.13286047,1.2149442,0.9889375,-0.2944688,-0.6727984,1.677079,-0.98669034,-1.3628343,-0.16747612,0.56336075,0
0.32729658,0.997979,1.0702611,-0.092889704,-0.8582092,1.8457029,-0.7735405,-1.1433971,-0.36133358,0.7506009,0
0.12678324,1.1931479,0.8667517,0.10667836,-1.0539417,2.0374532,-0.5712276,-0.9395927,-0.16068298,0.5483805,0
0.32678324,1.393148,0.6667517,0.2934196,-1.2539418,1.8374531,-0.7712276,-0.73959273,-0.045583747,0.3483805,0
0.24584925,1.1931479,0.49461538,0.4033464,-1.4539418,1.6374531,-0.5712276,-0.53959274,-0.07581234,0.1483805,0
0.21921219,0.9931479,0.5136591,0.20334639,-1.6539419,1.8374531,-0.5170755,-0.33959275,0.12418766,0.3483805,0
0.39211994,0.7893589,0.61800677,0.3772795,-1.734128,1.9057796,-0.67073333,-0.5047207,0.3032365,0.5129405,0
0.56182677,0.559207,0.7761571,0.16820978,-1.8351771,1.9980469,-0.4466504,-0.28913105,0.09795488,0.29693034,0
0.36182678,0.35920703,0.5761571,0.36820978,-1.9248848,1.7980468,-0.6466504,-0.48913103,0.2979549,0.09693034,0
0.16182677,0.559207,0.7761571,0.45726424,-1.7248847,1.812311,-0.56040275,-0.689131,0.4979549,-0.10306966,0
0.36182678,0.759207,0.708473,0.25726426,-1.5248847,1.71105,-0.36040276,-0.889131,0.29795492,0.09693034,0
0.16182677,0.559207,0.614764,0.057264253,-1.7248847,1.51105,-0.16040276,-0.689131,0.097954914,0.29693034,0
0.08500973,0.35920703,0.414764,0.25726426,-1.9248848,1.71105,0.039597243,-0.6267802,0.29795492,0.49693036,0
0.28500974,0.30802095,0.49665356,0.057264253,-1.9905062,1.51105,-0.16040276,-0.8267802,0.4979549,0.69693035,0
0.4483178,0.23885208,0.5901744,-0.13193752,-2.02479,1.5816058,-0.3331376,-0.94910234,0.27541405,0.8290758,0
0.30126265,0.036479898,0.7419289,0.063906804,-2.0889516,1.2972493,-0.500586,-1.0789418,0.44638678,0.83236444,0
0.48916876,-0.15957487,0.91920304,-0.0063267853,-1.843377,1.3697578,-0.683683,-0.8577357,0.6307915,1.0074568,0
0.65221167,-0.34029245,0.6806354,-0.19526239,-1.6751748,1.4855787,-0.4577452,-1.001014,0.65340316,1.1427063,0
0.71305776,-0.12642993,0.7936184,-0.35620588,-1.6898859,1.5190239,-0.36485156,-0.7218645,0.6613035,1.2100313,0
0.5850532,-0.09290996,0.5936184,-0.15620588,-1.6911043,1.3190238,-0.16485156,-0.9218645,0.8613035,1.0100312,0
0.38505322,0.10709004,0.3936184,-0.35620588,-1.4911042,1.5190239,-0.36485156,-1.1218646,0.6613035,0.81003124,0
0.43024576,0.090311356,0.1936184,-0.15620588,-1.2911042,1.719024,-0.16485156,-1.3218646,0.46130353,0.61003125,0
0.38771546,-0.10871972,0.39014143,-0.35305938,-1.4779327,1.9020724,-0.36162868,-1.320008,0.65546197,0.6752799,0
0.17721052,-0.29144317,0.38591233,-0.14449388,-1.5840323,1.9844364,-0.5301989,-1.0573301,0.42997342,0.8262975,0
-0.021325493,-0.45987308,0.32080093,-0.32236376,-1.4319853,2.028463,-0.5133275,-1.1765599,0.58950424,0.6485934,0
0.17048244,-0.24795815,0.4969227,-0.116753496,-1.5571603,1.7446295,-0.68062204,-1.3134459,0.58002543,0.8096862,0
0.34470892,-0.044621825,0.6484396,-0.2947178,-1.5979195,1.64846,-0.8193594,-1.4081594,0.35358804,0.5672719,0
0.46606165,0.05268402,0.72593844,-0.27546868,-1.5383286,1.5815719,-0.8721802,-1.3759669,0.47365877,0.6564901,0
0.26449257,-0.14644718,0.6905147,-0.4726646,-1.3304358,1.7710651,-1.065857,-1.1690316,0.27204484,0.8514389,0
0.4283171,0.04938204,0.8211599,-0.25142902,-1.4112428,1.8175553,-0.79842263,-1.2624092,0.4352812,0.6007037,0
0.21163608,0.23116201,0.92531496,-0.41844726,-1.222055,1.8701512,-0.9254771,-1.3555646,0.21809137,0.371428,0
0.055018257,0.029677577,1.0717095,-0.55561775,-0.9733684,1.9715376,-0.6909183,-1.4814639,0.07520641,0.16326188,0
0.25501826,0.22967759,0.8717095,-0.6766229,-1.0085478,1.7715375,-0.5643589,-1.681464,-0.11090843,0.35370153,0
0.43670315,0.02848302,1.0285717,-0.45743817,-0.8797067,1.8921803,-0.5361721,-1.5900062,-0.29839393,0.5314142,0
0.62300736,0.22356825,1.2021446,-0.64329636,-0.66508585,1.6557807,-0.32894087,-1.7515024,-0.48767325,0.32428533,0
0.4480057,0.02331062,1.3868179,-0.43845075,-0.46000206,1.8354954,-0.12753142,-1.534543,-0.6801564,0.5185544,0
0.5939777,-0.16335873,1.348363,-0.59028167,-0.24038574,1.6518416,-0.17995322,-1.6036773,-0.8137514,0.6334574,0
0.6873786,-0.36335874,1.1523035,-0.79028165,-0.44038576,1.4518416,-0.3799532,-1.4036772,-0.6137514,0.8334574,0
0.84639585,-0.417296,1.2898487,-0.9445464,-0.61081016,1.1940265,-0.31402552,-1.5296129,-0.77616906,0.8450122,0
0.9984582,-0.20734118,1.3934039,-0.7104371,-0.7736652,1.1966281,-0.10880176,-1.2687004,-0.9314486,0.99713796,0
0.73978233,-0.006801699,1.2549433,-0.84353226,-0.9021139,1.1018431,0.0844964,-1.3607707,-1.0243511,1.1091645,0
0.9110717,-0.1481943,1.4104944,-0.7986336,-0.6806642,1.2620715,-0.11197494,-1.1253089,-1.186947,0.8813893,0
0.6627675,0.048286464,1.1282637,-0.93079484,-0.6509375,1.3627508,-0.290782,-1.2352786,-1.2927296,0.9255394,0
0.8239953,0.23712863,1.0336354,-1.0799776,-0.43067265,1.1104974,-0.46872658,-1.3707781,-1.4256473,0.6929341,0
0.57553,0.03424487,0.76888746,-1.1805626,-0.5816887,1.2087119,-0.61678696,-1.4487767,-1.3136458,0.82358044,0
0.77553,-0.16575514,0.5688875,-0.9805626,-0.6325875,1.4087119,-0.41678697,-1.4406466,-1.3739957,0.62358046,0
0.65050644,-0.33417347,0.7024967,-1.0786252,-0.7606965,1.2029947,-0.56352955,-1.4989825,-1.4380866,0.38700578,0
0.511961,-0.12683173,0.85311365,-1.0959837,-0.9081288,1.3262253,-0.34363785,-1.3659025,-1.481293,0.17677315,0
0.311961,0.07316828,0.65311366,-0.89598376,-1.1081288,1.1726694,-0.14363785,-1.1659025,-1.681293,0.37677315,0
0.11196099,-0.12683173,0.45311368,-1.0959837,-0.9081288,0.9726694,-0.34363785,-1.0786762,-1.481293,0.57677317,0
0.179633,-0.32683173,0.52949625,-0.89598376,-1.1081288,0.95291996,-0.5436379,-1.064038,-1.681293,0.6958958,0
0.28080595,-0.52683175,0.32949626,-1.0959837,-1.3081288,1.0739837,-0.34363788,-0.9976409,-1.481293,0.4958958,0
0.08080594,-0.32683176,0.12949626,-1.2959838,-1.2018757,0.8739837,-0.5436379,-0.95955837,-1.6235715,0.2977684,0
-0.11919406,-0.12683176,-0.07050374,-1.4959838,-1.0018756,1.0739837,-0.74363786,-0.7595584,-1.4235715,0.19103095,0
-0.31919408,-0.06119179,0.12949626,-1.2959838,-0.8427821,1.2739837,-0.5436379,-0.5595584,-1.6235715,0.25695068,0
-0.119194075,-0.2611918,-0.07050374,-1.0959837,-1.0427821,1.3468152,-0.74363786,-0.7595584,-1.8235716,0.31769738,0
-0.31919408,-0.46119177,0.12949626,-1.1178415,-1.0415412,1.1468152,-0.5436379,-0.95955837,-1.6235715,0.19835986,0
-0.51919407,-0.3315274,-0.07050374,-0.9178415,-1.2415413,0.9468152,-0.74363786,-1.1595584,-1.7949903,-0.001640141,0
-0.5073515,-0.37694606,0.12949626,-0.7178415,-1.4415413,1.079255,-0.5436379,-1.3595585,-1.5949903,0.042621072,0
-0.34268782,-0.52611125,0.30046427,-0.83697027,-1.4969049,0.8017837,-0.6781158,-1.3310642,-1.6368333,-0.14351223,0
-0.54268783,-0.32611126,0.50046426,-0.6369703,-1.5141867,0.6017837,-0.8781158,-1.1310642,-1.4458108,0.05648777,0
-0.72703964,-0.123454124,0.29413357,-0.8193356,-1.2864971,0.78489035,-1.0554003,-1.303019,-1.611134,-0.14048848,0
-0.86692387,0.07158211,0.088029295,-0.9532348,-1.3901023,0.90633166,-0.79993016,-1.0314915,-1.6936876,0.025554258,0
-0.98555297,-0.12039368,0.27003175,-1.0811747,-1.4907445,1.0372024,-0.93744934,-0.77953565,-1.4003543,-0.16354547,0
-1.0458821,0.07022785,0.061781257,-1.1302387,-1.4915566,0.7385709,-1.0034456,-0.86413586,-1.4118154,-0.32071593,0
-1.1416234,0.12545197,0.23987472,-1.2189208,-1.5500027,0.4935019,-1.1027381,-0.9750862,-1.1104075,-0.30293265,0
-1.0439144,-0.074548036,0.4398747,-1.0189208,-1.7500027,0.5461664,-0.90273815,-0.92783993,-0.9104075,-0.10293265,0
-1.2439145,-0.17297913,0.4371112,-0.8189208,-1.849734,0.4979798,-1.0804892,-0.72783995,-0.7104075,0.097067356,0
-1.0439144,-0.37297913,0.2371112,-0.6189208,-1.6497339,0.29797977,-1.2186631,-0.92783993,-0.9104075,0.29706734,0
-0.80649906,-0.16531001,0.082647435,-0.7826135,-1.767725,0.47590154,-1.3557659,-1.0778365,-1.0611769,0.4750296,0
-0.5899287,-0.35532925,-0.11414633,-0.95576715,-1.5248924,0.65743494,-1.5132602,-0.8538528,-1.1796438,0.6565868,0
-0.3899287,-0.55532926,0.08585367,-0.9352453,-1.3248924,0.45743495,-1.3132602,-1.0538528,-0.97964376,0.45658684,0
-0.5766828,-0.7383696,0.2794353,-0.85185176,-1.4906535,0.6426733,-1.4792825,-1.2256997,-0.7621381,0.6418442,0
-0.46924257,-0.87202966,0.1555999,-0.977489,-1.5711294,0.41137764,-1.3272853,-1.324907,-0.5223967,0.7823283,0
-0.2634119,-0.9485573,-0.043438576,-1.1519896,-1.6327013,0.5981378,-1.102873,-1.2798425,-0.7067526,0.5697175,0
-0.324039,-0.7568575,-0.21885183,-1.0184385,-1.6476027,0.7175277,-1.1712859,-1.3303819,-0.73583007,0.56950736,0
-0.1225252,-0.55006146,-0.024217522,-0.80845,-1.825054,0.51121163,-1.3386787,-1.2172532,-0.9244089,0.5547837,0
-0.30325466,-0.7052461,-0.18774937,-0.57209575,-1.9040592,0.6687175,-1.4467443,-0.95647335,-0.68112624,0.70968616,0
-0.49844924,-0.5004217,0.012133655,-0.76472324,-1.9464726,0.4642419,-1.6310202,-0.8422074,-0.5362074,0.50481933,0
-0.29023263,-0.68113846,-0.18269421,-0.9381635,-2.0873783,0.25696707,-1.3916229,-0.62452686,-0.7159389,0.5252522,0
-0.48107266,-0.47214842,0.016982432,-1.116897,-2.2446387,0.055902638,-1.1693574,-0.4165946,-0.5062986,0.6775572,0
-0.67326206,-0.3420822,-0.18091871,-0.90638196,-2.4166036,-0.14244485,-1.1179892,-0.21411067,-0.44336277,0.47208053,0
-0.6841312,-0.1420822,-0.18369804,-1.106382,-2.2166035,0.048506275,-1.3179892,-0.07031156,-0.62061757,0.3198161,0
-0.5865763,-0.30990168,-0.34760264,-1.0212814,-2.1892676,0.18716544,-1.3751882,-0.24488269,-0.74342006,0.25364834,0
-0.6796209,-0.09495771,-0.47314194,-1.0552167,-2.064385,0.33452028,-1.3610008,-0.3843894,-0.81513774,0.39196312,0
-0.42453608,-0.07954966,-0.59583104,-1.1110541,-2.0043185,0.45969245,-1.3817186,-0.16321212,-0.8860253,0.5239757,0
-0.61295825,-0.27436727,-0.7810776,-0.8941646,-1.7708694,0.64746284,-1.510386,0.036105897,-0.89260757,0.71055436,0
-0.54817647,-0.427753,-0.5983126,-0.6259517,-1.7771996,0.7641859,-1.542313,0.0268189,-0.98524123,0.82107764,0
-0.6494583,-0.49982533,-0.6929792,-0.7169715,-1.716318,0.4897444,-1.5051862,0.19689128,-1.0288546,0.8863515,0
-0.5655452,-0.69982535,-0.6352552,-0.9169715,-1.516318,0.28974438,-1.3051862,-0.003108725,-0.8288546,0.68635154,0
-0.7655452,-0.89982533,-0.5704146,-1.0684705,-1.3163179,0.089744374,-1.1051861,-0.20310873,-1.0288546,0.82640547,0
-0.5655452,-0.73872894,-0.3704146,-0.9487145,-1.1163179,-0.11025563,-1.3051862,-0.26011136,-1.2288547,0.6264055,0
-0.3655452,-0.9387289,-0.17041461,-1.1487145,-1.3163179,0.089744374,-1.4492851,-0.06011136,-1.2648351,0.82640547,0
-0.15548591,-0.6938404,-0.3479065,-1.2667605,-1.4241794,0.27213818,-1.549067,-0.16641134,-1.375825,0.5883422,0
0.04451409,-0.4938404,-0.5479065,-1.3276343,-1.2241794,0.072138175,-1.349067,0.018247873,-1.175825,0.7883422,0
-0.15548591,-0.6938404,-0.34790653,-1.1276343,-1.2516041,0.27213818,-1.549067,0.21824788,-1.375825,0.98834217,0
-0.1186338,-0.82923245,-0.13721564,-1.2316712,-1.3466803,0.0988186,-1.2515546,0.14194489,-1.4619224,1.1024473,0
0.025175726,-0.60873693,0.06073933,-0.9980673,-1.4963014,0.27032024,-1.017303,0.33080694,-1.6077899,1.2600237,0
0.06960004,-0.38249943,-0.1303213,-0.74683803,-1.587413,0.44012958,-0.76483893,0.49673355,-1.6917448,1.3663024,0
-0.01713834,-0.31836426,0.06737974,-0.9155982,-1.3416369,0.23220679,-0.9330052,0.67374563,-1.792183,1.2904377,0
0.16254815,-0.39491835,0.23767743,-0.87941885,-1.3703816,0.38419437,-0.90841615,0.7766841,-1.770878,1.1822565,0
0.1820156,-0.31981462,0.043473966,-1.0463159,-1.522222,0.33228678,-0.68669087,0.5589987,-1.9104363,0.9521332,0
-0.01678503,-0.111824214,0.22723676,-1.1631994,-1.6073675,0.4967887,-0.51710457,0.3350572,-1.9696918,0.7019736,0
-0.1966495,-0.25564533,0.38755396,-1.0202408,-1.6394948,0.6132442,-0.28765112,0.12251275,-1.9681655,0.81819606,0
-0.063057534,-0.05353061,0.29451317,-1.1738673,-1.7695875,0.39995304,-0.28398725,-0.07454246,-1.9486349,0.5947024,0
0.1294566,-0.23967153,0.4674809,-1.2987658,-1.8619213,0.18902272,-0.3920121,-0.25953475,-1.6530468,0.7512605,0
-0.07054341,-0.43967152,0.6674809,-1.4987658,-1.6619213,0.32906675,-0.19201209,-0.45953476,-1.4530468,0.55126053,0
0.1294566,-0.23967151,0.4674809,-1.5411226,-1.7187716,0.52906674,0.0079879165,-0.4109432,-1.2530468,0.35126054,0
-0.04037051,-0.3378232,0.6674809,-1.3411225,-1.9187716,0.7290667,0.20798792,-0.29951042,-1.0530467,0.17255935,0
-0.18979278,-0.5378232,0.4674809,-1.5411226,-1.7187716,0.52906674,0.0079879165,-0.42763695,-1.2530468,0.37255937,0
-0.3897928,-0.68198985,0.31273657,-1.7411226,-1.6230038,0.32906675,-0.19201209,-0.5353606,-1.2338153,0.17255937,0
-0.21790555,-0.811583,0.19877476,-1.6604773,-1.6774784,0.48683277,-0.36071882,-0.6766587,-1.3193578,0.34281895,0
-0.37057915,-0.8970246,0.35361484,-1.6497844,-1.6648602,0.6090512,-0.4972193,-0.77738,-0.9925942,0.48134652,0
-0.50200725,-0.9651847,0.26110232,-1.6274782,-1.6407423,0.35989165,-0.6134278,-0.8599189,-1.0492687,0.24753441,0
-0.6484421,-0.706799,0.4259189,-1.6880366,-1.7002885,0.5171703,-0.38188213,-0.9790441,-0.7844671,0.4133863,0
-0.4484421,-0.90679896,0.2259189,-1.8880366,-1.5002885,0.5202622,-0.18188213,-0.80807287,-0.70371497,0.24291474,0
-0.6484421,-0.706799,0.30581796,-1.9235202,-1.413024,0.72026217,-0.38188213,-0.65632343,-0.503715,0.042914733,0
-0.7030077,-0.49573058,0.10350691,-2.0771427,-1.5777957,0.90016377,-0.5691739,-0.4463574,-0.2970819,-0.15365455,0
-0.84417737,-0.27646396,0.06739284,-2.1287885,-1.6619736,0.6545486,-0.4617323,-0.23030739,-0.46469733,0.043326084,0
-0.9517448,-0.07646395,0.26739284,-2.151384,-1.4619735,0.56908756,-0.6149065,-0.030307382,-0.2646973,-0.15667392,0
-0.7517448,0.117353216,0.46739286,-2.3513842,-1.4274831,0.36908758,-0.4149065,-0.23030739,-0.21441977,0.04332608,0
-0.81792694,0.31735322,0.66739285,-2.151384,-1.4394403,0.56908756,-0.6105453,-0.030307382,-0.014419764,-0.15667392,0
-0.96007603,0.1968971,0.8180971,-2.0444837,-1.5462675,0.7007695,-0.47830653,-0.21721853,0.17503333,0.040863767,0
-1.1141169,0.3068588,0.9777629,-1.9595782,-1.292932,0.8650834,-0.6514338,-0.01653638,-0.023977559,-0.15283169,0
-0.90276617,0.45944595,1.1631384,-1.7377291,-1.3053547,1.0518581,-0.8408614,0.18118551,-0.2211964,0.046582617,0
-0.70720845,0.25944597,1.3631384,-1.537729,-1.1087872,0.8518581,-1.0408614,0.38118553,-0.021196395,0.24658263,0
-0.4872077,0.44132861,1.5014993,-1.6692052,-1.2571778,0.62615335,-1.1380225,0.17404084,-0.21247396,0.4289725,0
-0.62204903,0.21844666,1.540169,-1.5965978,-1.3190132,0.38574696,-1.2111559,-0.017476892,-0.011291218,0.536808,0
-0.72242826,0.070030935,1.5292851,-1.4679401,-1.3349303,0.5147627,-1.2401438,-0.19112176,-0.18568571,0.56890315,0
-0.8683442,0.07110822,1.329285,-1.6679401,-1.1349303,0.66501755,-1.0401437,-0.3293891,-0.3856857,0.36890316,0
-0.973926,-0.11750057,1.3941298,-1.7028552,-0.8523029,0.788569,-1.1305423,-0.117953934,-0.533924,0.5186246,0
-1.1216348,-0.3033579,1.1409385,-1.6691097,-0.62324685,0.9445343,-1.2712748,-0.30379105,-0.31904975,0.6866143,0
-0.92163485,-0.19922648,0.94093853,-1.6590813,-0.5488879,1.1445343,-1.436013,-0.10379104,-0.47232705,0.4866143,0
-1.0934259,0.00075406535,0.72230405,-1.8123257,-0.7300534,0.9207794,-1.2853235,-0.29615074,-0.6554181,0.66934603,0
-1.2275593,-0.18909952,0.8753365,-1.5401862,-0.54971755,0.68407434,-1.4096848,-0.47088468,-0.8118567,0.8250753,0
-1.0275593,-0.38909954,1.0753366,-1.3401861,-0.74971753,0.48407435,-1.2235533,-0.40693566,-0.79398686,0.9490542,0
-1.109903,-0.5890995,0.8753366,-1.1401861,-0.9497175,0.35400146,-1.0235533,-0.6069357,-0.59398687,0.7490542,0
-1.1471831,-0.4664458,1.0753366,-0.9401861,-1.1497176,0.15400146,-1.2235533,-0.80693567,-0.39398688,0.5490542,0
-0.9471831,-0.6664458,1.2753366,-0.7401861,-0.9497176,0.35400146,-1.0521649,-1.0069357,-0.19398688,0.7490542,0
-0.7471831,-0.4664458,1.4753367,-0.5401861,-1.1497176,0.55400145,-0.8521649,-0.8069357,-0.39398688,0.5490542,0
-0.5471831,-0.6664458,1.6753367,-0.7401861,-1.2035105,0.75400144,-1.0521649,-1.0069357,-0.59398687,0.37229055,0
-0.32826504,-0.44102907,1.6227238,-0.8889552,-0.948829,0.9020177,-1.1839342,-1.1411695,-0.75072235,0.5411063,0
-0.12826504,-0.24102907,1.4227238,-1.0889552,-0.748829,1.1020178,-0.9839342,-1.3411696,-0.95072234,0.3411063,0
-0.3203734,-0.040042706,1.258106,-1.2579681,-0.5356349,1.2707167,-1.1554718,-1.3774048,-0.7326746,0.24422581,0
-0.4817414,-0.21189053,0.9795532,-1.34973,-0.31071767,1.3615322,-1.1600758,-1.4602998,-0.71518564,0.04094253,0
-0.2737114,-0.14447019,0.757335,-1.5055609,-0.11358164,1.2174598,-1.3213121,-1.4204538,-0.88910174,0.12155057,0
-0.07240597,0.054546375,0.94038045,-1.6753552,-0.30802807,1.3798103,-1.1014534,-1.1988393,-0.742774,0.31585586,0
0.06707426,0.14721228,1.1403805,-1.4753551,-0.40852964,1.4642386,-0.99912024,-1.2085409,-0.542774,0.51585585,0
0.26707426,0.34721228,0.9403805,-1.6753552,-0.25583315,1.2642386,-0.79912025,-1.408541,-0.34277403,0.31585586,0
0.46707428,0.5472123,0.7403805,-1.4753551,-0.45583314,1.4642386,-0.99912024,-1.2085409,-0.542774,0.11585586,0
0.66707426,0.3472123,0.9403805,-1.2753551,-0.25583315,1.6642387,-1.1991203,-1.1223006,-0.34277403,0.05374783,0
0.86707425,0.5472123,0.7403805,-1.4753551,-0.055833146,1.6499283,-0.9991203,-0.93875444,-0.39996883,0.25374782,0
1.0669997,0.7472123,0.9403805,-1.2753551,-0.25583315,1.4499283,-0.7991203,-0.73875445,-0.33257565,0.4537478,0
1.2049365,0.90081364,1.0845196,-1.3783147,-0.05309819,1.5691075,-0.5697728,-0.8927701,-0.12608151,0.24131814,0
0.9619673,0.6899654,0.84669924,-1.4530042,0.14062057,1.6934639,-0.7368587,-1.0460453,-0.25926492,0.42244822,0
0.7003983,0.81805384,0.96212316,-1.5194371,-0.05458141,1.740467,-0.4934791,-1.1103183,-0.23562367,0.20447381,0
0.9003983,0.61805385,1.1621232,-1.319437,0.14541858,1.5722727,-0.29347908,-1.0678864,-0.03562367,0.4044738,0
1.1003983,0.81805384,0.9621232,-1.119437,-0.05458142,1.7722727,-0.09347908,-1.2678864,0.16437633,0.3513625,0
0.9003983,1.0180539,0.7621232,-0.919437,-0.25458142,1.5722727,0.10652092,-1.4678864,0.36390865,0.1513625,0
0.8236553,0.8180539,0.8436806,-0.8436819,-0.05458142,1.7722727,-0.09347908,-1.2678864,0.16390865,0.3513625,0
0.6236553,0.6180539,1.0436807,-0.9866755,-0.25458142,1.9722728,0.10652092,-1.1208351,-0.036091357,0.1513625,0
0.7421705,0.41805393,0.8436807,-1.1866755,-0.45458144,1.7722727,0.30652094,-1.3208351,0.16390865,-0.04863751,0
0.5421705,0.21805392,0.6436807,-0.98667556,-0.6545814,1.5722727,0.106520936,-1.1208351,-0.036091357,-0.07635704,0
0.7421705,0.41805393,0.4436807,-0.8259061,-0.8545814,1.3722726,0.29517272,-1.3208351,-0.23609136,-0.27635705,0
0.5421705,0.21805392,0.2436807,-0.80120814,-0.6545814,1.5722727,0.24490723,-1.5208352,-0.43609136,-0.07635705,0
0.34217054,0.41805393,0.4436807,-1.0012082,-0.45458144,1.7722727,0.44490725,-1.3208351,-0.23609136,-0.27635705,0
0.18665418,0.21805392,0.2436807,-0.8012082,-0.6545814,1.5722727,0.3924596,-1.5208352,-0.43609136,-0.36844233,0
0.14435987,0.41805393,0.043680698,-0.73318607,-0.8545814,1.7722727,0.1924596,-1.3208351,-0.63609135,-0.56844234,0
0.34435987,0.6180539,0.2436807,-0.74121416,-1.0545814,1.5722727,-0.007540405,-1.2037902,-0.7687612,-0.36844236,0
0.14435987,0.67170835,0.4436807,-0.94121414,-0.8545814,1.7358786,0.1924596,-1.4037902,-0.5687612,-0.16844235,0
-0.05564013,0.87170833,0.6436807,-1.1412141,-1.0135131,1.5358785,-0.007540405,-1.6037903,-0.36876124,-0.36844236,0
-0.03395651,0.9405598,0.7404367,-1.1770853,-0.9067686,1.5234534,-0.18214299,-1.5830544,-0.49916002,-0.49888015,0
-0.21134356,0.9984651,0.8495392,-1.2439837,-0.6384562,1.5568738,-0.30495596,-1.402581,-0.63158303,-0.6313302,0
-0.010777104,0.9601037,0.9971296,-0.9918515,-0.7965872,1.669143,-0.0997149,-1.3702476,-0.4100316,-0.78981704,0
0.0064938283,0.7222304,1.1374807,-0.8408967,-0.9469307,1.77601,-0.28478113,-1.1119381,-0.47384486,-0.94044995,0
-0.18111426,0.86317176,0.8774455,-0.5998544,-0.9294,1.8494686,-0.4537363,-1.0320125,-0.6306926,-1.0674169,0
0.017804898,0.62521785,0.9588229,-0.68011147,-1.0647634,1.9321756,-0.23921476,-1.0102304,-0.7831513,-0.8177739,0
0.10508382,0.42521787,0.7588229,-0.88011146,-0.95144045,1.7321756,-0.03921476,-0.81023043,-0.9831513,-0.6177739,0
-0.09491618,0.22521786,0.9588229,-1.0801115,-1.1511989,1.9321756,-0.23921476,-0.72090375,-0.85342574,-0.4177739,0
0.09991542,0.40430412,1.1018279,-1.217151,-1.2847421,1.646981,-0.4176126,-0.49528384,-1.0016145,-0.5873895,0
0.27704197,0.18872257,1.2025422,-1.3090701,-1.0020127,1.7061185,-0.20101608,-0.64225703,-1.1099716,-0.35784474,0
0.17366692,0.38811323,1.4003437,-1.1073315,-1.2001286,1.5037575,-0.0010144876,-0.44156379,-1.3079183,-0.1575973,0
-0.014760466,0.50240946,1.3671309,-1.1168184,-1.1960925,1.4554746,0.16998802,-0.5480708,-1.2881744,-0.3054858,0
-0.21206011,0.29860702,1.2323463,-1.300261,-1.0662566,1.4934633,-0.029634615,-0.3436942,-1.4694624,-0.10415945,0
-0.030576458,0.45272604,1.0449493,-1.2413865,-1.1497378,1.5376335,-0.208504,-0.49366435,-1.460524,-0.23371093,0
-0.23057646,0.25272602,1.0958132,-1.2859195,-1.3497379,1.3376335,-0.008504003,-0.29366434,-1.2605239,-0.11036464,0
-0.030576453,0.452726,0.89581317,-1.0859195,-1.5497379,1.5376335,-0.14764689,-0.34496516,-1.0605239,0.089635365,0
-0.22565463,0.2473314,1.0724223,-0.8670089,-1.7123885,1.7005426,0.051235598,-0.14187077,-1.0618732,-0.108008824,0
-0.16577336,0.13128719,0.8724223,-0.66700894,-1.9123886,1.5005425,0.025150662,-0.34187078,-0.8618732,-0.0541365,0
-0.36577338,0.3312872,0.8956191,-0.7545264,-1.7123885,1.3005425,0.22515066,-0.5418708,-0.6618732,-0.2541365,0
-0.56577337,0.1312872,0.967146,-0.85201323,-1.5123885,1.1005424,0.10613721,-0.34187078,-0.46187323,-0.16985601,0
-0.7474011,-0.0687128,0.767146,-1.0520133,-1.7123885,0.90054244,-0.093862794,-0.14187078,-0.6618732,-0.36792502,0
-0.7603283,0.1312872,0.62747955,-1.2520133,-1.9123886,0.70054245,0.10613721,-0.110773966,-0.8618732,-0.16792502,0
-0.9603283,0.3312872,0.4339983,-1.0520133,-2.060292,0.56231725,0.3061372,-0.31077397,-1.0377403,0.032074988,0
-1.1509261,0.13022338,0.23210219,-0.8451094,-2.175339,0.7561402,0.10527717,-0.20094976,-1.227711,-0.16656432,0
-1.0396621,0.25865975,0.029510941,-0.95118475,-2.1836052,0.51124936,-0.08707695,-0.3685857,-1.3124683,-0.22595769,0
-1.1625595,0.055011317,0.21523617,-1.0795852,-1.8602319,0.66701216,-0.26922178,-0.53322166,-1.4183981,-0.3994646,0
-0.90758944,0.24044807,0.014366059,-1.0089242,-1.9425757,0.8174986,-0.44242534,-0.31419197,-1.5259744,-0.18807353,0
-0.6663215,0.41127056,0.20016536,-1.128839,-2.0006406,0.64020044,-0.22636585,-0.10662731,-1.6116371,0.011136402,0
-0.45987853,0.5795117,0.39463642,-0.91600555,-2.1702352,0.82859164,-0.026001558,-0.30239075,-1.392133,0.176749,0
-0.6180371,0.7300846,0.18229495,-1.0452421,-1.909785,0.9633709,0.1629656,-0.09589838,-1.4911795,0.35286018,0
-0.8180371,0.9300846,-0.017705053,-0.8452421,-1.709785,0.76337093,0.075874634,-0.0022025108,-1.2911794,0.5528602,0
-0.925496,1.0297241,-0.19837111,-0.95241624,-1.7401809,0.8778159,-0.11310204,-0.09108586,-1.3587508,0.68600017,0
-0.753837,0.82972413,0.0016288906,-0.75241625,-1.5401808,1.0015404,0.08689796,-0.29108587,-1.5587509,0.88600016,0
-0.9109215,0.6013913,0.10365604,-0.5275617,-1.6618859,0.86524916,-0.1080133,-0.43510887,-1.6529734,1.0371383,0
-1.0482513,0.75618255,-0.08827057,-0.6865179,-1.3794167,0.6277206,-0.29063743,-0.22184572,-1.748442,1.1673479,0
-1.1678641,0.89460456,0.104534075,-0.8294263,-1.1041218,0.7744155,-0.30999452,-0.28229538,-1.8229628,0.9050509,0
-1.3678641,0.6946046,-0.09546593,-0.8151205,-0.9041218,0.5744155,-0.5099945,-0.4822954,-1.7650056,0.7050509,0
-1.4891258,0.46976548,0.09928436,-0.964141,-0.6687607,0.3556123,-0.6377176,-0.6480304,-1.8663228,0.8595991,0
-1.4971697,0.23998885,-0.08959868,-1.0356435,-0.72661406,0.49428397,-0.7452505,-0.754425,-1.8382427,0.5867927,0
-1.637213,0.039988846,0.110401325,-1.2356435,-0.52661407,0.69428396,-0.54525054,-0.554425,-1.6382426,0.38679272,0
-1.7335607,0.19658731,0.30183452,-1.3046894,-0.31759983,0.8468033,-0.7246823,-0.73360354,-1.3985484,0.57059777,0
-1.7916758,0.012671738,0.094361894,-1.3942752,-0.32106763,0.9699888,-0.48618105,-0.49444765,-1.4812467,0.34340328,0
-1.8524306,0.1978031,-0.098252565,-1.3703011,-0.11260335,0.82122546,-0.6382077,-0.27386177,-1.5637047,0.16559735,0
-1.8141695,0.28257728,0.09181814,-1.4170591,-0.2820971,0.56060153,-0.75640893,-0.066653766,-1.5915889,0.32991955,0
-1.8592213,0.076224685,0.26936886,-1.1234318,-0.34727725,0.7020892,-0.8828333,-0.24614036,-1.6537637,0.11992496,0
-1.8502445,0.24819246,0.42173573,-1.1891255,-0.17609634,0.8105421,-0.6135371,-0.041457877,-1.6656375,0.28745788,0
-1.8556503,0.09192855,0.2006902,-1.2572799,0.021634907,0.5525939,-0.72635573,-0.21854046,-1.6885648,0.4411919,0
-1.9152297,-0.10447294,0.00066721026,-1.0825943,0.214255,0.39514506,-0.5088294,-0.1004799,-1.8256803,0.5872076,0
-2.0015159,0.09177021,0.19277546,-0.84788394,0.013694387,0.19531135,-0.2966839,0.095606215,-1.9460151,0.55405045,0
-2.087235,0.27662438,0.37238643,-0.99348813,-0.17663446,0.37479067,-0.09166503,-0.09897469,-1.6553792,0.7149075,0
-1.8872349,0.47662437,0.22562796,-0.8109385,0.023365542,0.57479066,-0.29166502,-0.2989747,-1.4553791,0.5391757,0
-1.8141592,0.67662436,0.030614167,-0.6109385,0.040023766,0.5695348,-0.091665015,-0.3779557,-1.6553792,0.3391757,0
-1.6141591,0.47662437,-0.16938584,-0.8109385,0.10530783,0.44315392,-0.29166502,-0.1779557,-1.4553791,0.1391757,0
-1.8141592,0.67662436,-0.36938584,-0.9875887,-0.09469217,0.24315391,-0.491665,-0.3779557,-1.6553792,0.3391757,0
-1.575546,0.8556542,-0.5557653,-1.1591798,-0.24925205,0.43255302,-0.28468797,-0.49597013,-1.8109958,0.5262778,0
-1.54358,0.80716234,-0.7359749,-1.2955463,-0.4218637,0.6159891,-0.471996,-0.2882199,-1.6677927,0.3177339,0
-1.34358,0.7013317,-0.5359749,-1.4955463,-0.40817067,0.8159891,-0.671996,-0.48821992,-1.5403801,0.51773393,0
-1.4201145,0.56372756,-0.69609696,-1.4969672,-0.57521766,0.9609389,-0.44642144,-0.61634785,-1.2828636,0.67884433,0
-1.1609057,0.72359866,-0.47202274,-1.6146181,-0.65310735,0.7240126,-0.23446329,-0.77673274,-1.4109044,0.8361964,0
-0.91583186,0.4990379,-0.6404998,-1.7294986,-0.8130901,0.4994324,-0.15696813,-0.9309165,-1.4634775,0.7531601,0
-0.7010892,0.5426045,-0.8231895,-1.8897603,-0.72395533,0.29326552,-0.34961632,-1.050875,-1.3546298,0.5417677,0
-0.8094341,0.3225513,-0.5867132,-1.9674432,-0.8698747,0.46439388,-0.27878025,-1.1776593,-1.1332514,0.55182433,0
-0.94904804,0.49129137,-0.36357936,-1.8707552,-1.005873,0.24857737,-0.07406748,-1.2952454,-1.1661453,0.33077762,0
-1.1354696,0.28784913,-0.16164632,-2.046285,-1.0501777,0.44327646,0.12444435,-1.0823027,-0.95472825,0.1292322,0
-0.8698487,0.4536277,-0.33627772,-2.0887136,-1.1624808,0.5981522,-0.070255615,-0.8204114,-1.073727,0.14740722,0
-0.9792975,0.23216084,-0.49088752,-2.0949986,-1.2471614,0.73059714,0.1187629,-0.7162641,-0.79977536,0.3180029,0
-1.105541,0.4051323,-0.6476775,-2.151463,-0.98166895,0.49741212,-0.0761563,-0.48397553,-0.9372466,0.48560557,0
-0.905541,0.6051323,-0.4476775,-1.951463,-1.181669,0.2974121,0.07764691,-0.28397554,-1.1372466,0.6856056,0
-0.753415,0.38730732,-0.619181,-1.988869,-1.3208785,0.475527,0.26543102,-0.08028079,-1.2784106,0.51117283,0
-0.8883979,0.5472565,-0.7633178,-1.8332537,-1.3731256,0.62946016,0.08041159,-0.26116735,-1.0827187,0.66267514,0
-1.0284171,0.3281195,-0.5322738,-1.9212025,-1.2620392,0.40579292,0.26495832,-0.38966045,-1.1029358,0.81513375,0
-1.1102824,0.47733116,-0.30031964,-1.9172101,-1.3214375,0.18600217,0.42024407,-0.53295386,-0.83082974,0.9175101,0
-1.036239,0.3665816,-0.09676721,-2.0422373,-1.3819315,0.1466395,0.21244498,-0.3211636,-0.60849136,1.0779378,0
-0.83623904,0.16658159,-0.2967672,-1.8422372,-1.5819316,-0.053360507,0.012444973,-0.172791,-0.40849137,1.1206235,0
-1.036239,-0.033418417,-0.18461658,-1.6422372,-1.7819316,0.1466395,-0.18755503,0.027208999,-0.60849136,1.2019767,0
-1.0991877,0.16658159,-0.109118566,-1.5369847,-1.6054935,0.21756303,-0.38755503,0.227209,-0.7760962,1.1701081,0
-0.89918774,0.3665816,-0.30911857,-1.7369847,-1.4054935,0.01756303,-0.5493898,0.346168,-0.7170476,0.9701081,0
-1.0384105,0.5352537,-0.31761384,-1.8298833,-1.5167212,0.20553336,-0.41479075,0.13808596,-0.8663414,0.94947416,0
-1.2164811,0.35278317,-0.508448,-1.9939386,-1.2934049,0.39835227,-0.21098727,-0.060817678,-0.86001134,0.7362026,0
-1.016481,0.20974037,-0.708448,-1.7939385,-1.493405,0.59835225,-0.09666475,0.13918233,-0.66001135,0.9362026,0
-1.1175563,0.37642014,-0.4671008,-1.8317907,-1.5556966,0.67564577,-0.27253985,-0.055871956,-0.7900749,0.6763343,0
-1.3175564,0.5283009,-0.36009872,-1.6317906,-1.3556966,0.47564578,-0.47253984,-0.25587195,-0.9900749,0.828377,0
-1.1175563,0.3283009,-0.16009872,-1.787016,-1.190861,0.67564577,-0.27253985,-0.05587195,-0.7900749,1.028377,0
-1.2896494,0.12558337,-0.35247153,-1.9449294,-1.3614014,0.57944286,-0.46253103,0.1410753,-0.5775766,0.8108313,0
-1.4287137,-0.07296068,-0.4221074,-1.71079,-1.5308529,0.7641932,-0.6495687,-0.05777185,-0.37018934,0.59888047,0
-1.2805388,-0.2255302,-0.29335707,-1.51079,-1.5324985,0.96419317,-0.84956867,0.09883891,-0.57018936,0.39888048,0
-1.3822464,-0.023835262,-0.42670733,-1.310841,-1.6174785,1.0254688,-0.97988814,-0.09444504,-0.7190567,0.18567687,0
-1.1092535,-0.17947179,-0.21271025,-1.4175606,-1.705266,1.1498075,-1.0366778,0.099037915,-0.4870098,0.3618649,0
-0.90925354,-0.37947178,-0.012710243,-1.6175606,-1.505266,1.06511,-1.2366779,0.24389438,-0.3622952,0.16186489,0
-1.038661,-0.32743546,0.0070484933,-1.7018918,-1.2221992,1.1845989,-1.3452482,0.26989338,-0.1519668,0.33883595,0
-0.94311064,-0.12652406,-0.19157156,-1.762974,-1.2657113,1.1524519,-1.3025429,0.06939351,-0.34944957,0.44276077,0
-1.043069,0.06704555,0.0076908073,-1.7911804,-1.3374367,1.2340894,-1.0060517,0.11262028,-0.1363702,0.5865083,0
-0.843069,-0.13295445,0.068717524,-1.7117985,-1.146237,1.131749,-1.2060517,0.31262028,-0.21142808,0.3865083,0
-1.043069,-0.33295447,-0.13128248,-1.5117985,-1.3462371,1.3317491,-1.0060517,0.5126203,-0.4114281,0.18650828,0
-0.843069,-0.37288365,-0.30347854,-1.3117985,-1.2806388,1.5317491,-1.2060517,0.31262028,-0.6114281,0.21822676,0
-0.643069,-0.42652398,-0.5034785,-1.1117984,-1.0806388,1.7317492,-1.0060517,0.11262028,-0.81142807,0.018226758,0
-0.81798494,-0.626524,-0.67447233,-0.9117984,-1.075259,1.9317492,-0.8060517,-0.087379724,-1.0114281,-0.18177325,0
-0.576938,-0.7716257,-0.8010893,-1.037952,-0.8487908,1.9901569,-0.5657973,-0.26829177,-1.1309643,0.017016124,0
-0.7577387,-0.94761544,-0.818307,-1.2073604,-1.0228736,1.7459195,-0.35675797,-0.4567196,-0.96865207,-0.17846209,0
-0.8802892,-1.0548111,-0.5683063,-1.2935513,-1.1239835,1.4209055,-0.5117346,-0.60361266,-1.0424395,-0.34785697,0
-0.6601767,-0.82953894,-0.3574175,-1.0612209,-1.1516054,1.5729841,-0.6906924,-0.7798541,-1.2057073,-0.5316598,0
-0.4601767,-0.62953895,-0.5574175,-0.8612209,-1.1691147,1.372984,-0.8906924,-0.9798541,-1.4057074,-0.3316598,0
-0.2529652,-0.6733479,-0.6055144,-1.0318062,-1.2210325,1.1404716,-0.9900808,-0.7582384,-1.5612009,-0.51692337,0
-0.4529652,-0.4733479,-0.40551442,-1.1073724,-1.4210325,0.9404716,-0.7900808,-0.95823836,-1.3612008,-0.71692336,0
-0.2524525,-0.6719831,-0.20509788,-1.2912862,-1.6177471,0.7389708,-0.9530751,-0.7567016,-1.3656359,-0.5158757,0
-0.45245248,-0.8719831,-0.005097881,-1.0912862,-1.417747,0.9389708,-1.1530751,-0.5567016,-1.1656358,-0.7158757,0
-0.4284727,-0.6958362,-0.118554845,-0.88209176,-1.6010586,1.1272213,-1.3391169,-0.35302192,-0.983156,-0.9064276,0
-0.5506345,-0.83622825,-0.29735857,-0.6367062,-1.4620211,0.86552507,-1.4367058,-0.51622444,-1.1044302,-1.0328072,0
-0.72679067,-0.93059117,-0.48156,-0.8101283,-1.221933,1.0316787,-1.1974219,-0.69347364,-1.2629951,-0.8063532,0
-0.8580412,-1.0467237,-0.26067385,-0.9351968,-1.3164539,0.76998466,-0.92343307,-0.79092264,-1.2463177,-0.93170184,0
-0.9813673,-1.147816,-0.42728984,-0.68191874,-1.40656,0.52867913,-0.7823254,-0.5480998,-1.3415064,-1.0496899,0
-1.1614728,-0.93185455,-0.22346222,-0.47380313,-1.5795052,0.38714764,-0.5725189,-0.73550165,-1.5155472,-0.8353809,0
-1.3582307,-0.7301118,-0.02340635,-0.6721986,-1.3762201,0.58574945,-0.40774333,-0.91203743,-1.482114,-0.8590315,0
-1.1235086,-0.8877318,0.16272151,-0.83245736,-1.4369657,0.74994725,-0.58005184,-0.67959386,-1.3352629,-1.0107774,0
-0.96234155,-0.99425256,0.33154935,-0.9437283,-1.3724043,0.8683091,-0.7130144,-0.64840186,-1.4033229,-0.7410994,0
-0.97766256,-1.1942526,0.2321234,-0.74372834,-1.3414452,0.6683091,-0.51301444,-0.44840187,-1.3395077,-0.9410994,0
-0.7117526,-1.2760842,0.39549923,-0.8637436,-1.4108016,0.7947164,-0.3491097,-0.5934472,-1.4090283,-0.93871874,0
-0.7556416,-1.1603274,0.1821781,-0.99126107,-1.5010432,0.8910702,-0.13894951,-0.3666381,-1.4993906,-0.78601557,0
-0.5439234,-0.94007456,0.098673336,-0.9224972,-1.665169,0.67649585,0.059762962,-0.16312377,-1.6635512,-0.9652209,0
-0.74392337,-1.1400746,-0.071584664,-0.7224972,-1.465169,0.47649586,0.053999502,0.03687623,-1.8635513,-0.76522094,0
-0.58104604,-0.9400746,0.12841535,-0.52249724,-1.2651689,0.6614308,-0.099381834,0.14593112,-1.6635512,-0.9652209,0
-0.6678662,-0.7343341,0.32586792,-0.31999573,-1.453804,0.8547489,-0.29705963,0.34324783,-1.8490962,-1.1561826,0
-0.55148596,-0.9313363,0.12546407,-0.51832736,-1.3429608,1.0513647,-0.24287331,0.21594128,-1.643805,-1.3518313,0
-0.74243,-1.1177028,-0.073637724,-0.31449127,-1.1735936,1.2362849,-0.37085837,0.4109289,-1.596331,-1.1553432,0
-0.79623044,-0.91770285,0.12636228,-0.51449126,-1.3183182,1.4362849,-0.17085837,0.2109289,-1.396331,-0.9553432,0
-0.95160997,-0.71770287,-0.073637724,-0.4061895,-1.1183182,1.636285,0.002505675,0.4109289,-1.1963309,-0.88256645,0
-0.9732269,-0.5177029,0.12636228,-0.2061895,-1.3183182,1.4362849,-0.19749433,0.26654577,-1.396331,-0.68256646,0
-0.85340464,-0.449817,-0.073637724,-0.4061895,-1.5183183,1.636285,-0.25012073,0.06654577,-1.3577118,-0.87396836,0
-1.0138866,-0.6254393,0.12162184,-0.58344847,-1.2820544,1.7673973,-0.3847341,0.012876962,-1.1142806,-1.0336788,0
-0.8138866,-0.4254393,0.16479364,-0.38344848,-1.0820544,1.5673972,-0.5847341,0.082142584,-0.9142806,-1.0502383,0
-1.0138866,-0.6254393,-0.035206363,-0.20791785,-0.8820544,1.7673973,-0.3847341,-0.03602913,-0.7142806,-1.2502383,0
-0.9048095,-0.4254393,0.16479364,-0.007917851,-1.0820544,1.9673973,-0.18473409,-0.23602913,-0.9142806,-1.0502383,0
-1.1048095,-0.6254393,-0.035206363,-0.20791785,-1.2820544,1.7673973,-0.3847341,-0.43602914,-0.78429,-0.85023826,0
-1.3048096,-0.4254393,0.16479364,-0.007917851,-1.1794897,1.7816472,-0.22863565,-0.6360291,-0.59791183,-0.8981496,0
-1.054882,-0.21739228,-0.03361535,-0.19852184,-1.3171493,1.8920946,-0.4092652,-0.7982481,-0.7618534,-1.0485232,0
-1.1014365,-0.015265569,0.14603932,-0.34979102,-1.3316339,1.8362756,-0.5347649,-0.8761834,-0.49315056,-1.0958551,0
-1.1880221,0.16863565,0.31588352,-0.3240233,-1.3981589,1.8588232,-0.3055916,-0.617257,-0.26760378,-1.1829271,0
-0.9848725,-0.030214237,0.49696633,-0.50480765,-1.154223,1.9503293,-0.48705184,-0.7872886,-0.450457,-1.1538364,0
-1.1507212,-0.17400852,0.67687786,-0.3348931,-1.3151906,1.6998799,-0.2806908,-0.912477,-0.63170904,-1.0702662,0
-0.9507212,0.025991485,0.47687787,-0.5348931,-1.5151906,1.4998798,-0.48069078,-1.1124771,-0.5922482,-1.0119458,0
-0.8517469,-0.17400852,0.67687786,-0.7348931,-1.3151906,1.3623849,-0.2806908,-0.9124771,-0.3922482,-0.81194586,0
-0.6517469,-0.37400854,0.87687784,-0.5348931,-1.1151905,1.3179919,-0.48069078,-1.1124771,-0.5922482,-1.0119458,0
-0.81796634,-0.1671073,1.0341685,-0.69315004,-1.2630297,1.4577879,-0.5070785,-1.2604238,-0.76082736,-0.7797438,0
-0.9190406,0.025664112,1.1142323,-0.44522583,-1.3208529,1.1355563,-0.6383648,-1.3185002,-0.86745435,-0.8845325,0
-1.0312268,0.1888039,1.2111013,-0.59459335,-1.241378,1.230752,-0.7725762,-1.0307286,-0.98368853,-0.63081557,0
-0.930924,-0.011196107,1.4111013,-0.39459336,-1.062483,1.030752,-0.8591373,-1.2307286,-0.98881483,-0.43081558,0
-1.130924,0.16270544,1.4366703,-0.19459336,-0.86248296,0.83075196,-1.0591373,-1.0307286,-1.1888149,-0.63081557,0
-0.8995404,0.3504778,1.1949793,0.0052243774,-0.6401492,0.996003,-1.216689,-1.189238,-1.3034796,-0.80280685,0
-1.0028511,0.5020709,1.2723103,-0.17764781,-0.76626974,1.0908312,-0.92728525,-1.2670739,-1.0064439,-0.914624,0
-1.1514837,0.28917104,1.4094356,-0.36152047,-0.92500544,1.2357066,-0.8406845,-1.1488738,-0.7720049,-0.6841061,0
-0.96558976,0.14217763,1.2043118,-0.16083619,-1.1202395,1.0313188,-1.0362756,-1.3431594,-0.90268105,-0.74823314,0
-1.1530734,0.19247001,1.2728179,-0.35696146,-0.9103577,1.1764436,-0.8272955,-1.1308838,-1.0908402,-0.7210211,0
-1.3530735,0.39247,1.0728178,-0.15696146,-0.7103577,0.9764436,-0.6272955,-1.3308839,-1.2908403,-0.5210211,0
-1.478927,0.18328114,0.83114797,-0.33991948,-0.7559488,0.7393748,-0.78779894,-1.4577968,-1.419665,-0.30569503,0
-1.5371048,0.35090464,0.9440449,-0.49431145,-0.87519795,0.7640582,-0.53814644,-1.1515483,-1.4828488,-0.462978,0
-1.490634,0.54477406,0.73576504,-0.5131,-1.0632329,0.5577812,-0.38795286,-0.9409593,-1.6641217,-0.65560025,0
-1.4972215,0.3395654,0.92162794,-0.30836987,-1.2441486,0.35237604,-0.36237803,-0.72976524,-1.7779869,-0.44871727,0
-1.2972214,0.5395654,1.1216279,-0.10836987,-1.4441487,0.40875697,-0.3522735,-0.52976525,-1.5779868,-0.6487173,0
-1.3317866,0.3387226,1.3183477,-0.3076045,-1.6400679,0.20823884,-0.43308738,-0.32894677,-1.3745667,-0.6004658,0
-1.0900774,0.5030536,1.4178175,-0.47399586,-1.7182366,0.38120922,-0.2176546,-0.49392503,-1.1730686,-0.7474667,0
-0.8668667,0.29515085,1.5756295,-0.49367356,-1.4786452,0.41214797,-0.017194217,-0.6758294,-1.337263,-0.91298115,0
-0.8192606,0.09515084,1.3756294,-0.29367357,-1.6786453,0.21214797,-0.21719421,-0.47582942,-1.2684073,-0.71298116,0
-0.6192606,0.2791599,1.1756294,-0.09367357,-1.8786453,0.012147963,-0.41719422,-0.27582943,-1.4684074,-0.5129812,0
-0.40842906,0.37968045,1.1397569,-0.28608653,-2.0249436,-0.1829989,-0.21158302,-0.07387038,-1.6253042,-0.69456136,0
-0.22710782,0.5450395,1.2596947,-0.38571393,-1.8023376,0.015985142,-0.010890828,0.11859228,-1.7162263,-0.84110343,0
-0.3796863,0.66231817,1.2976258,-0.52068245,-1.7800194,-0.1635838,-0.18747576,-0.07236908,-1.7034689,-0.56992215,0
-0.43548292,0.46231818,1.0976257,-0.32068247,-1.9800195,-0.3635838,-0.20935473,-0.2723691,-1.5034689,-0.76992214,0
-0.6350854,0.6619039,0.97939265,-0.120606974,-2.1786559,-0.16348147,-0.40909868,-0.4720736,-1.3026536,-0.56956565,0
-0.43508542,0.8619039,0.77939266,0.07939303,-2.1427376,0.03651853,-0.48239696,-0.27207363,-1.5026536,-0.36956567,0
-0.6350854,0.68312,0.5793927,0.19574997,-1.9427376,-0.16348147,-0.28239697,-0.28364718,-1.7026536,-0.16956566,0
-0.6841622,0.6155515,0.44831818,0.39575,-2.1427376,-0.36348146,-0.08239697,-0.27338678,-1.6242652,-0.36956567,0
-0.45586294,0.42923245,0.23380399,0.1843084,-2.2058046,-0.382768,-0.26589087,-0.4457173,-1.717637,-0.53627455,0
-0.25586295,0.22923245,0.033803985,-0.015691608,-2.2863448,-0.182768,-0.46589088,-0.25840703,-1.5176369,-0.33627456,0
-0.45560914,0.029216168,-0.055666286,-0.11109283,-2.4849606,-0.38255492,-0.6655202,-0.45815185,-1.3169034,-0.2601823,0
-0.65560913,-0.17078383,-0.1758609,0.088907175,-2.2849605,-0.35809946,-0.4655202,-0.65815187,-1.3699849,-0.3472933,0
-0.8488753,0.028986232,0.023949128,-0.1102185,-2.4654033,-0.15685518,-0.2634305,-0.85139805,-1.1607769,-0.14613406,0
-0.6488753,-0.13118884,-0.17605087,0.011988901,-2.2654033,0.043144822,-0.409974,-1.051398,-1.0114847,0.05386594,0
-0.4488753,0.06881116,-0.3760509,0.2119889,-2.2157903,0.24314483,-0.609974,-1.2513981,-1.2114848,-0.14613406,0
-0.51326364,0.046171542,-0.16659588,0.011345017,-2.0663652,0.41934523,-0.7587353,-1.3734492,-1.3356795,-0.12144247,0
-0.28285858,0.22227839,-0.33101442,0.19083208,-1.985162,0.19805579,-0.8656814,-1.4207318,-1.386628,-0.23212631,0
-0.40756726,0.39223158,-0.4932306,0.36302277,-1.6581404,0.3697325,-0.9898539,-1.5054102,-1.4737331,-0.029840391,0
-0.20397696,0.58198774,-0.43280542,0.16020297,-1.813365,0.3761287,-1.169273,-1.2828305,-1.3914446,0.16721635,0
-0.3495171,0.6765685,-0.5314737,0.25713274,-1.7326578,0.1523849,-1.1846823,-1.2829312,-1.376903,0.31771216,0
-0.5202967,0.45122716,-0.60852414,0.05409472,-1.5753118,0.33364698,-1.3110523,-1.4040768,-1.3626513,0.11145285,0
-0.28789645,0.22581378,-0.3671991,0.22839127,-1.5957267,0.4796649,-1.3581989,-1.4418133,-1.4045783,-0.07958999,0
-0.08789645,0.025813773,-0.16719909,0.028391272,-1.7957268,0.27966487,-1.1581988,-1.4538192,-1.4601191,-0.092894346,0
0.11210355,-0.17418623,0.032800913,0.22839127,-1.8074933,0.47966486,-0.95819885,-1.6538192,-1.2601191,-0.24213116,0
-0.078598335,0.023083067,0.2081741,0.38307396,-1.7951308,0.60776657,-0.8488319,-1.6577132,-1.3056606,-0.19507486,0
-0.26399872,-0.16423346,0.007745738,0.17348018,-1.8905784,0.76543653,-0.6148306,-1.4694173,-1.4267583,-0.3743714,0
-0.2790373,0.021938464,-0.10933884,0.28134483,-1.7997234,0.841538,-0.71026,-1.4551741,-1.4179896,-0.50065994,0
-0.25257632,0.22193846,0.09066116,0.36006793,-1.5997233,1.0310572,-0.51026,-1.4231616,-1.2179896,-0.70065993,0
-0.3457299,0.021938458,0.29066116,0.16006793,-1.7997234,0.83105725,-0.31026,-1.6231617,-1.0179895,-0.50065994,0
-0.5457299,0.22193846,0.49066114,0.24404964,-1.5997233,1.0310572,-0.110259995,-1.4231616,-1.2179896,-0.30065995,0
-0.71742094,0.021938458,0.69066113,0.44404966,-1.3997233,1.2310573,0.08974001,-1.2231616,-1.0179895,-0.15544844,0
-0.51742095,0.22193846,0.8906611,0.24404965,-1.1997232,1.0310572,-0.110259995,-1.4159662,-1.2179896,-0.27076256,0
-0.71742094,0.021938458,1.0858355,0.04404965,-1.3997233,1.1666175,-0.31026,-1.6159662,-1.0179895,-0.07076256,0
-0.51742095,0.22193846,0.88583547,0.24404965,-1.1997232,0.9666175,-0.19123018,-1.4159662,-1.2179896,-0.1910864,0
-0.31742096,0.021938458,1.0858355,0.44404966,-1.3217136,1.1666175,0.008769825,-1.4378656,-1.4179896,0.008913606,0
-0.11390924,-0.018347653,1.2148896,0.624788,-1.0881664,0.9377088,-0.18551104,-1.5888819,-1.5696002,-0.18537155,0
-0.247861,-0.178311,1.2571293,0.5291861,-1.1445357,1.0108541,0.012873444,-1.5894213,-1.4791808,0.01299738,0
-0.40809986,-0.015010385,1.3277652,0.6644489,-0.8606797,0.9210598,-0.10339137,-1.6305563,-1.530103,-0.17040052,0
-0.41533396,-0.21501039,1.5277653,0.46444893,-0.6606797,0.7210598,-0.30339137,-1.4305563,-1.3641801,-0.37040052,0
-0.5815189,-0.3922039,1.6328176,0.62793475,-0.4353635,0.49242547,-0.47572798,-1.5409507,-1.4782221,-0.4791716,0
-0.7815189,-0.1922039,1.4328176,0.42793477,-0.2353635,0.3373208,-0.67572796,-1.3409506,-1.6782222,-0.6791716,0
-0.7920884,-0.35774276,1.4893495,0.2079072,-0.032256268,0.4901089,-0.43392798,-1.4055545,-1.7131915,-0.80192286,0
-0.9920884,-0.5577428,1.6893495,0.007907197,0.16774374,0.6901089,-0.23392798,-1.2055545,-1.5131915,-0.60192287,0
-0.7920884,-0.42702818,1.6827996,-0.1920928,0.36774373,0.4901089,-0.033927977,-1.1374321,-1.7131915,-0.6384225,0
-0.5585135,-0.591472,1.6832013,-0.36985886,0.15823168,0.27365804,0.15665478,-1.2615919,-1.8047024,-0.62867314,0
-0.34515363,-0.6767585,1.4279302,-0.16352911,0.34488228,0.4560073,-0.04172998,-1.4071262,-1.9299977,-0.56887406,0
-0.51565695,-0.82931966,1.5398477,-0.0610051,0.2971736,0.62051266,-0.22865067,-1.3438799,-1.6765764,-0.7272725,0
-0.6786774,-0.9761324,1.4126663,0.064523526,0.47148353,0.7781149,-0.40650135,-1.0847731,-1.7796096,-0.5000272,0
-0.4786774,-0.96904963,1.2126663,0.011810936,0.6714835,0.9781149,-0.26990426,-1.2847731,-1.6830041,-0.3000272,0
-0.6080557,-0.76904964,1.0126662,-0.18818906,0.47148353,1.1781149,-0.46990424,-1.0847731,-1.7559209,-0.4999801,0
-0.40805572,-0.96904963,0.81266624,-0.38818908,0.27148354,0.9781149,-0.66990423,-0.8847731,-1.5559208,-0.69232064,0
-0.20805572,-0.76904964,0.61266625,-0.18818907,0.07148354,0.7781149,-0.8699042,-0.75569963,-1.4158036,-0.89232063,0
-0.40805572,-0.9237349,0.6131716,-0.38818908,-0.12851647,0.9781149,-1.0699042,-0.55569965,-1.2158035,-1.0923207,0
-0.6080557,-1.123735,0.81317157,-0.18818907,-0.32799423,0.7781149,-1.2699043,-0.75569963,-1.4158036,-0.8923207,0
-0.40805572,-0.92373496,0.7029526,0.011810929,-0.12799422,0.5781149,-1.4641763,-0.55569965,-1.6158036,-0.94183314,0
-0.6080557,-1.123735,0.9029526,0.21181093,-0.32799423,0.42326558,-1.2641762,-0.75569963,-1.4158036,-0.74183315,0
-0.40805572,-0.92373496,1.1029526,0.011810929,-0.2009361,0.62326556,-1.3539376,-0.7832249,-1.2158035,-0.9176683,0
-0.6080557,-1.123735,1.3029526,-0.18818907,-0.4009361,0.82326555,-1.1987607,-0.5832249,-1.4158036,-0.91725475,0
-0.68561727,-1.1231596,1.2752218,0.010021309,-0.5098809,0.86821806,-1.1868174,-0.6645489,-1.3709733,-0.94796574,0
-0.4567274,-0.8682399,1.3874593,0.19752692,-0.66764927,1.0046686,-1.3043141,-0.73387456,-1.1013108,-1.0796721,0
-0.6564881,-1.0678507,1.1870266,-0.002472185,-0.8673332,0.80437547,-1.1849163,-0.5336801,-1.3008368,-1.1132725,0
-0.8564881,-1.2678508,0.98702663,-0.038239513,-0.6673332,1.0043755,-0.98491627,-0.73368007,-1.3309996,-0.91327256,0
-0.6564881,-1.0678507,1.0589176,-0.23823951,-0.51726705,0.80437547,-0.7849163,-0.93368006,-1.1309996,-1.1132725,0
-0.7066772,-0.8678507,0.8954487,-0.4382395,-0.4187605,0.9820811,-0.5849163,-1.1336801,-1.3309996,-1.3132726,0
-0.9066772,-0.66785073,0.6954487,-0.6382395,-0.44518,1.1820811,-0.3849163,-0.9336801,-1.5309997,-1.1132725,0
-1.1066772,-0.52875936,0.4954487,-0.4382395,-0.24518,1.3120171,-0.1849163,-1.1336801,-1.3309996,-1.3132726,0
-0.9066772,-0.46536458,0.428614,-0.23823951,-0.44518,1.112017,0.0150837,-1.3336802,-1.5309997,-1.1530144,0
-1.0403099,-0.6254627,0.2779572,-0.03594629,-0.6064886,1.2333355,-0.17382689,-1.4417056,-1.6271918,-0.8958622,0
-0.8403099,-0.5665728,0.0779572,0.16405371,-0.4064886,1.0333354,0.026173115,-1.2870834,-1.7799077,-1.0282053,0
-1.0403099,-0.38754267,-0.122042805,0.22850348,-0.6064886,0.83333546,0.22617312,-1.3296347,-1.9525552,-0.8282053,0
-1.24031,-0.44192883,-0.32204282,0.42850348,-0.8064886,0.6333355,0.026173115,-1.1296346,-1.7827274,-1.0282053,0
-1.1505367,-0.23425095,-0.11816965,0.22125167,-0.587241,0.80688864,0.21899526,-1.2874372,-1.8554895,-1.1892269,0
-1.1868869,-0.43285388,-0.31714603,0.021183291,-0.38599518,0.7455556,0.41764727,-1.0839386,-2.0488765,-1.0250922,0
-1.3481878,-0.2263564,-0.12204411,-0.11541134,-0.5696438,0.5303326,0.21157412,-1.2481121,-1.8645056,-1.1909078,0
-1.4213408,-0.02419695,0.071568765,-0.28956887,-0.5034015,0.67049456,0.010625822,-1.3294646,-1.6700522,-1.2769471,0
-1.330672,0.15715505,0.2427626,-0.32205564,-0.6287894,0.5579109,-0.16928664,-1.3672293,-1.6414024,-1.3202826,0
-1.4124837,-0.039536748,0.13555293,-0.112631306,-0.59276354,0.69939005,-0.34077278,-1.0771035,-1.6992215,-1.4028964,0
-1.5308876,-0.11080206,0.33380604,-0.22962989,-0.39071882,0.5244533,-0.53795755,-0.8725373,-1.8893342,-1.196634,0
-1.7308877,0.08919794,0.533806,-0.029629886,-0.5907188,0.3244533,-0.33795756,-1.0725373,-1.6893342,-0.99663407,0
-1.9308877,-0.11080206,0.33380604,-0.22962989,-0.7907188,0.5244533,-0.13795756,-0.8725373,-1.6334518,-0.7966341,0
-1.9771876,-0.07843743,0.4953028,-0.39864087,-0.5481105,0.3010506,-0.3135808,-0.9951756,-1.7012057,-0.5535991,0
-1.7771876,0.12156257,0.2953028,-0.19864087,-0.3481105,0.5010506,-0.49551773,-0.7951756,-1.9012058,-0.7535991,0
-1.9771876,-0.07843743,0.4530735,0.0013591349,-0.5481105,0.7010506,-0.29551774,-0.5951756,-1.7012057,-0.5535991,0
-2.0785663,-0.26582488,0.2416099,0.19223806,-0.7142229,0.47835422,-0.473072,-0.37727514,-1.8150858,-0.33758196,0
-1.8325015,-0.06421077,0.04058957,0.19745377,-0.72748834,0.6617201,-0.65656745,-0.56311965,-1.9656733,-0.13420828,0
-1.7827976,-0.102225706,-0.14915162,0.3718758,-0.8229465,0.43200627,-0.42718524,-0.7053774,-2.026302,-0.028815089,0
-1.5827975,-0.3022257,-0.038670383,0.5718758,-0.6229465,0.6320063,-0.6271852,-0.9053774,-1.826302,-0.2288151,0
-1.3749348,-0.10164445,0.1604123,0.6341278,-0.49741995,0.82727545,-0.5389068,-1.0990922,-2.0147805,-0.42637685,0
-1.5749348,-0.30164444,0.3604123,0.4341278,-0.29741997,1.0272754,-0.33890682,-1.0689,-1.8147805,-0.22637685,0
-1.3749348,-0.11672892,0.5604123,0.6341278,-0.49741995,0.82727545,-0.5389068,-0.89461654,-1.6147804,-0.42637685,0
-1.4849709,-0.31672892,0.3604123,0.4776392,-0.41384152,1.0272754,-0.5781511,-0.69461656,-1.8147805,-0.47395834,0
-1.684971,-0.51672894,0.5604123,0.6776392,-0.29699463,1.2272755,-0.51502234,-0.66026855,-1.6147804,-0.27395833,0
-1.6788758,-0.6383646,0.47071785,0.7816816,-0.20614946,1.271223,-0.28057906,-0.7662102,-1.6163596,-0.06587201,0
-1.4490972,-0.8214833,0.5002258,0.9619144,-0.0060256305,1.4415984,-0.3630679,-0.9467546,-1.3878397,0.13142718,0
-1.4989103,-0.5648835,0.63645464,1.0560963,0.1763087,1.4920945,-0.14821693,-0.678746,-1.4432317,0.3012434,0
-1.2260656,-0.34442034,0.4119777,1.1856529,-0.022362659,1.5971997,0.04887901,-0.7957273,-1.5510771,0.45790857,0
-1.3169127,-0.5027497,0.19575264,0.91020966,0.16404073,1.6596396,-0.13955398,-0.919513,-1.5630636,0.23816791,0
-1.1169126,-0.70274967,0.221853,0.71020967,-0.035959274,1.4596395,0.060446024,-1.119513,-1.6739372,0.43816793,0
-1.0400417,-0.48686957,0.1941202,0.8814593,-0.22850615,1.2198519,-0.13514595,-1.2778343,-1.814746,0.6180104,0
-1.2301792,-0.5455777,0.3909856,0.7233896,-0.06822514,1.0117406,-0.3324804,-1.4660805,-1.6019032,0.8115044,0
-1.0093561,-0.33859256,0.1871252,0.51281035,-0.2628035,0.84781295,-0.12980257,-1.6324041,-1.7654814,0.9910589,0
-1.1651324,-0.5276083,0.24783711,0.69827294,-0.061522648,0.6346011,-0.32307643,-1.4031909,-1.8635557,0.92866665,0
-1.1941345,-0.6364673,0.041844983,0.6645676,-0.22876404,0.7300581,-0.34372902,-1.4023736,-1.8050725,0.8928304,0
-1.2882686,-0.77294874,-0.14614525,0.4582341,-0.39620513,0.76049787,-0.50244004,-1.4806947,-1.7092277,0.64021915,0
-1.0742761,-0.5804877,-0.34169468,0.25491384,-0.1936824,0.9481482,-0.69340837,-1.3743895,-1.8846797,0.68480027,0
-0.8271562,-0.7384226,-0.3036422,0.43039584,-0.37246454,1.0862676,-0.8452573,-1.4895364,-1.5938822,0.8371131,0
-0.8456111,-0.91824293,-0.3877657,0.22544146,-0.16875589,0.8672095,-0.8700305,-1.2618064,-1.755307,1.0148112,0
-0.9599306,-0.9402054,-0.34971282,0.02520365,0.030952075,0.6609731,-1.060029,-1.0518816,-1.9370307,0.8071951,0
-1.1599306,-1.1402054,-0.14971282,0.22520365,0.23095208,0.46097308,-0.86002904,-0.85188156,-1.7370306,1.0071951,0
-0.9599306,-0.9402054,-0.32474583,0.025203645,0.11067282,0.2609731,-1.060029,-1.0518816,-1.5370306,1.1867052,0
-1.1599306,-0.7402054,-0.5247458,0.22520365,-0.08932719,0.060973093,-1.2600291,-0.85188156,-1.7370306,0.98670524,0
-0.9599306,-0.9402054,-0.5821921,0.025203645,0.11067282,0.2609731,-1.060029,-0.6518816,-1.5370306,0.78670526,0
-1.1145563,-1.1402054,-0.7821921,0.22520365,-0.08932719,0.36476433,-0.86002904,-0.78962576,-1.3370305,0.98670524,0
-1.2161001,-1.3173698,-0.9821921,0.41648066,-0.2893272,0.16476433,-1.060029,-0.5896258,-1.1370305,0.78670526,0
-1.0161,-1.5173699,-0.7821921,0.21648066,-0.0893272,0.36476433,-0.86002904,-0.78962576,-0.9370305,0.8589004,0
-0.81610006,-1.7173699,-0.9821921,0.41648066,-0.2893272,0.16476433,-1.060029,-0.5896258,-1.1370305,0.65890044,0
-1.0161,-1.91737,-0.7821921,0.42131853,-0.15898801,0.062942855,-0.92298126,-0.3896258,-1.2562705,0.45890045,0
-1.1291542,-1.8481971,-0.5821921,0.43030804,0.04101199,-0.13705716,-0.7229813,-0.18962578,-1.195549,0.38851944,0
-0.9291542,-1.648197,-0.38219213,0.23030804,-0.15898801,-0.33705717,-0.92298126,-0.3896258,-1.0387437,0.5158284,0
-1.0643427,-1.5653642,-0.5464632,0.29745805,-0.35898802,-0.53705716,-1.1229813,-0.5896258,-1.2387438,0.31582838,0
-1.2504783,-1.7653643,-0.3464632,0.49745804,-0.15898801,-0.5963579,-1.2455527,-0.78962576,-1.0387437,0.19351202,0
-1.0277171,-1.7708685,-0.5346228,0.4370682,-0.3512097,-0.7791029,-1.0228982,-0.96818316,-1.2119035,0.38498566,0
-1.1869318,-1.5186836,-0.7102183,0.61590457,-0.53289825,-0.5598649,-0.7955612,-1.1293757,-1.3649995,0.17884035,0
-0.98693186,-1.3186835,-0.9102183,0.41590458,-0.4397107,-0.75986487,-0.9955612,-1.3293757,-1.1649995,-0.021159649,0
-1.1612811,-1.0945076,-0.7463663,0.27796626,-0.62588596,-0.93912125,-1.1697239,-1.4963245,-0.9441449,-0.21638018,0
-1.3612812,-0.8945076,-0.54636633,0.07796626,-0.51217306,-0.73912126,-0.9697239,-1.6963246,-1.1441449,-0.14650059,0
-1.1524854,-0.68924725,-0.6227252,0.27586088,-0.4032638,-0.93200815,-0.76389384,-1.8819615,-1.2074783,-0.34387612,0
-0.8941644,-0.4548753,-0.76492476,0.4424294,-0.5608816,-1.0524791,-0.55962205,-1.9356936,-1.3085963,-0.13376813,0
-1.0820522,-0.3230479,-0.6815279,0.23974577,-0.42294407,-0.9725098,-0.35564116,-2.112052,-1.2205102,-0.036009673,0
-1.2183194,-0.49704638,-0.83770573,0.03776994,-0.36211616,-0.73410714,-0.32147494,-2.1971161,-0.969779,0.15583812,0
-1.0072173,-0.6894469,-0.6307532,0.23517768,-0.1603487,-0.5282841,-0.120150566,-2.370982,-0.9961716,0.35195863,0
-0.7585449,-0.45993498,-0.78066164,0.12856703,-0.33862093,-0.59177655,-0.038810886,-2.4159608,-1.1240467,0.14279605,0
-0.94500244,-0.25993496,-0.58066165,0.32856703,-0.13862093,-0.39177656,-0.17981696,-2.309369,-1.3150629,-0.05720395,0
-1.0600451,-0.25999805,-0.3524172,0.11902756,0.056824848,-0.40175796,-0.35163516,-2.323178,-1.4026477,0.13220082,0
-0.81522876,-0.43602785,-0.38561618,0.30240324,0.11059117,-0.19124447,-0.5228898,-2.391697,-1.363295,-0.06426621,0
-0.91390276,-0.25161806,-0.16883318,0.09314417,0.28250822,0.007963879,-0.58953863,-2.3573616,-1.4219455,-0.24037187,0
-1.0360535,-0.42005503,-0.23614964,0.27265668,0.14147882,-0.17861496,-0.5914545,-2.1851065,-1.5085897,-0.40959483,0
-0.8514914,-0.345816,-0.1807856,0.072656676,0.18210943,0.021385044,-0.7914545,-1.9851065,-1.3085897,-0.20959483,0
-1.0514914,-0.545816,0.019214407,-0.12734333,-0.017890573,0.22138505,-0.9914545,-1.7851064,-1.5085897,-0.18354426,0
-1.1610215,-0.69190115,-0.16771665,-0.17932469,-0.13235857,0.019839125,-1.1053246,-1.8416038,-1.5346829,-0.35581797,0
-1.2303575,-0.49190116,-0.36771667,0.020675316,0.06764144,-0.18016088,-0.90532464,-1.9764726,-1.3346828,-0.15581797,0
-1.0917946,-0.69190115,-0.16771667,-0.17932469,-0.13235857,-0.38016087,-0.70532465,-1.7764726,-1.1346828,0.044182032,0
-1.2917947,-0.49190116,0.032283336,0.020675316,0.06764144,-0.58016086,-0.90532464,-1.9764726,-1.3346828,-0.058068864,0
-1.13458,-0.29190117,-0.16771667,-0.17932469,0.19000292,-0.73564076,-1.1053246,-1.7764726,-1.1346828,0.14193115,0
-1.3130672,-0.09041976,0.031762943,-0.3732101,-0.009835936,-0.9205586,-1.2842834,-1.9446126,-0.9196161,-0.05713281,0
-1.4319001,0.10958024,0.23176295,-0.5732101,-0.20983595,-0.7205586,-1.2673498,-1.8414997,-0.7196161,0.1428672,0
-1.6155499,0.08450593,0.427437,-0.5135441,-0.4057297,-0.76800805,-1.4526483,-1.6745061,-0.51441,-0.056560386,0
-1.683113,0.17730351,0.6178175,-0.7135441,-0.6057297,-0.56800807,-1.2526482,-1.474506,-0.71441,0.14343962,0
-1.4183589,0.3608301,0.78211087,-0.87365794,-0.77055085,-0.3519405,-1.1972275,-1.6013956,-0.874486,-0.054090906,0
-1.5443817,0.15803552,0.6416165,-0.6619525,-0.9536866,-0.54235,-0.9798997,-1.7700948,-0.6627662,-0.06080245,0
-1.5164069,-0.039151248,0.49724042,-0.4309839,-0.9312863,-0.34579375,-1.100801,-1.8380225,-0.80492765,-0.20277314,0
-1.302494,-0.23662373,0.6898715,-0.36692291,-0.72355753,-0.5400254,-1.1128958,-2.0164833,-0.59853435,-0.39851633,0
-1.3912609,-0.033912387,0.82399213,-0.52495223,-0.8551843,-0.68523955,-1.2156991,-1.6880053,-0.7394169,-0.18381968,0
-1.1885983,0.008538684,0.6225975,-0.7233319,-0.679474,-0.48415503,-1.412535,-1.8837856,-0.5382113,-0.38296184,0
-0.9622676,0.20298438,0.4113419,-0.8987395,-0.4667035,-0.2765867,-1.5695862,-2.0282853,-0.32920325,-0.275092,0
-1.0238492,0.0026289558,0.5279806,-0.967887,-0.23494089,-0.41982841,-1.5588404,-1.9629115,-0.4661787,-0.06614905,0
-0.9953698,-0.18491317,0.68203115,-1.094171,-0.03273545,-0.53233707,-1.2730716,-2.0263906,-0.5343405,0.12540242,0
-1.1076468,-0.35666606,0.44665697,-1.1991974,0.15498972,-0.53030354,-1.0181133,-2.0630054,-0.5921279,0.24479921,0
-1.2925627,-0.38641253,0.24665697,-1.0578529,0.29113364,-0.61022013,-0.81811327,-1.9120398,-0.7921279,0.3561741,0
-1.4233682,-0.55922675,0.3224294,-0.92883426,0.36031145,-0.39120254,-0.5894578,-2.0141265,-0.9461333,0.33525634,0
-1.6026056,-0.61379504,0.12086353,-0.9178383,0.22219476,-0.18875708,-0.7793607,-1.790924,-1.1314744,0.13352641,0
-1.3416318,-0.7784179,-0.07569627,-0.6866326,0.021229912,0.0107541755,-0.9293033,-1.904375,-1.2735928,-0.06358386,0
