[validate_spec] experiment_specs/April_10_Experiments/compas_v18k3_ep3000_gpu1.json: OK
[main] spec=compas_v18k3_ep3000_gpu1.json device=cuda:1
[main] exp_group=SPEC_compas_v18k3_ep3000_gpu1_0eb9b6f1__G202604111115
[main] seeds=[2, 3]
[main] ---- running seed=2 ----
FFNN Using device: cuda:1
FFNN Using device: cuda:1
[Tracker] Experiment: SPECcompas_v18k3_ep3000_gpu1_EP3000_PCA10_REWfairness_minID0_majID1_TRJ2000_REAL3000_BIAS0.05_GG202604111115_d5681707
[Tracker] Seed folder: training_runs/SPECcompas_v18k3_ep3000_gpu1_EP3000_PCA10_REWfairness_minID0_majID1_TRJ2000_REAL3000_BIAS0.05_GG202604111115_d5681707/seed_2
[Tracker] Run: 2026-04-11_11-15-29_seed2_82403_e8b13ec6
[Tracker] Metrics CSV: training_runs/SPECcompas_v18k3_ep3000_gpu1_EP3000_PCA10_REWfairness_minID0_majID1_TRJ2000_REAL3000_BIAS0.05_GG202604111115_d5681707/seed_2/metrics.csv
[Tracker] Mirroring console to: training_runs/SPECcompas_v18k3_ep3000_gpu1_EP3000_PCA10_REWfairness_minID0_majID1_TRJ2000_REAL3000_BIAS0.05_GG202604111115_d5681707/seed_2/console.log
[compas] Label distribution: {0: 2795, 1: 2483}
[compas/TRAIN] size=2701, minority=1024 (37.91%)
[compas/VAL] size=1056, minority=497 (47.06%)
[compas/TEST] size=1056, minority=497 (47.06%)
FFNN Using device: cuda:1
FFNN Using device: cuda:1
Beta will train with: 57.46% real data, 42.54% synthetic data: 
[disadv] group=0 per_g={0: 1.0563642978668213, 1: 0.6104156970977783} worst_4g=2.6946 soft_eo_alpha=0.4907
Anchors: 40 (disadv=0) sigma_anchor=0.8500
[Tracker] Alpha model state_dict saved to training_runs/SPECcompas_v18k3_ep3000_gpu1_EP3000_PCA10_REWfairness_minID0_majID1_TRJ2000_REAL3000_BIAS0.05_GG202604111115_d5681707/seed_2/alpha_state_dict.pt
[Tracker] Alpha model config saved to training_runs/SPECcompas_v18k3_ep3000_gpu1_EP3000_PCA10_REWfairness_minID0_majID1_TRJ2000_REAL3000_BIAS0.05_GG202604111115_d5681707/seed_2/ffnn_meta.json

============================================================
[Phase] Starting phase1_class1 | target_class=1 | episodes=3000
============================================================
[Tracker] CSV header written with 44 columns.
[Tracker] Ep    1 | AvgR 0.0002 | Global 0.4587 | Local 0.1192 | F1_macro 0.6479 | WorstLoss 2.7418
[Tracker] New BEST synthetic [phase1_class1] (by global.global_obj: 0.458711) saved.
[Tracker] BEST β weights [phase1_class1] saved -> training_runs/SPECcompas_v18k3_ep3000_gpu1_EP3000_PCA10_REWfairness_minID0_majID1_TRJ2000_REAL3000_BIAS0.05_GG202604111115_d5681707/seed_2/best_beta_state_dict_phase1_class1.pt
[Tracker] Ep    2 | AvgR 0.0002 | Global 0.3527 | Local 0.1192 | F1_macro 0.6496 | WorstLoss 2.8899
[Tracker] Ep    3 | AvgR 0.0002 | Global 0.3693 | Local 0.1192 | F1_macro 0.6361 | WorstLoss 2.8684
[Tracker] Ep    4 | AvgR 0.0002 | Global 0.3781 | Local 0.1192 | F1_macro 0.6389 | WorstLoss 2.8538
[Tracker] Ep    5 | AvgR 0.0002 | Global 0.4801 | Local 0.1192 | F1_macro 0.6587 | WorstLoss 2.7159
[Tracker] Saved snapshot: ep0005_phase1_class1
[Tracker] New BEST synthetic [phase1_class1] (by global.global_obj: 0.480114) saved.
[Tracker] BEST β weights [phase1_class1] saved -> training_runs/SPECcompas_v18k3_ep3000_gpu1_EP3000_PCA10_REWfairness_minID0_majID1_TRJ2000_REAL3000_BIAS0.05_GG202604111115_d5681707/seed_2/best_beta_state_dict_phase1_class1.pt
[Tracker] Ep    6 | AvgR 0.0002 | Global 0.4877 | Local 0.1192 | F1_macro 0.6600 | WorstLoss 2.7042
[Tracker] New BEST synthetic [phase1_class1] (by global.global_obj: 0.487672) saved.
[Tracker] BEST β weights [phase1_class1] saved -> training_runs/SPECcompas_v18k3_ep3000_gpu1_EP3000_PCA10_REWfairness_minID0_majID1_TRJ2000_REAL3000_BIAS0.05_GG202604111115_d5681707/seed_2/best_beta_state_dict_phase1_class1.pt
[Tracker] Ep    7 | AvgR 0.0002 | Global 0.3676 | Local 0.1192 | F1_macro 0.6289 | WorstLoss 2.8667
[Tracker] Ep    8 | AvgR 0.0002 | Global 0.3709 | Local 0.1192 | F1_macro 0.6293 | WorstLoss 2.8621
[Tracker] Ep    9 | AvgR 0.0003 | Global 0.5852 | Local 0.1192 | F1_macro 0.6495 | WorstLoss 2.5703
[Tracker] New BEST synthetic [phase1_class1] (by global.global_obj: 0.585217) saved.
[Tracker] BEST β weights [phase1_class1] saved -> training_runs/SPECcompas_v18k3_ep3000_gpu1_EP3000_PCA10_REWfairness_minID0_majID1_TRJ2000_REAL3000_BIAS0.05_GG202604111115_d5681707/seed_2/best_beta_state_dict_phase1_class1.pt
[Tracker] Ep   10 | AvgR 0.0002 | Global 0.3259 | Local 0.1192 | F1_macro 0.6348 | WorstLoss 2.9368
[Tracker] Saved snapshot: ep0010_phase1_class1
[Tracker] Ep   11 | AvgR 0.0002 | Global 0.4172 | Local 0.1192 | F1_macro 0.6422 | WorstLoss 2.8004
[Tracker] Ep   12 | AvgR 0.0002 | Global 0.4118 | Local 0.1192 | F1_macro 0.6370 | WorstLoss 2.8078
[Tracker] Ep   13 | AvgR 0.0003 | Global 0.5278 | Local 0.1192 | F1_macro 0.6502 | WorstLoss 2.6469
[Tracker] Ep   14 | AvgR 0.0003 | Global 0.5115 | Local 0.1192 | F1_macro 0.6540 | WorstLoss 2.6743
[Tracker] Ep   15 | AvgR 0.0003 | Global 0.5387 | Local 0.1192 | F1_macro 0.6356 | WorstLoss 2.6175
[Tracker] Saved snapshot: ep0015_phase1_class1
[Tracker] Ep   16 | AvgR 0.0003 | Global 0.5834 | Local 0.1192 | F1_macro 0.6506 | WorstLoss 2.5732
[Tracker] Ep   17 | AvgR 0.0002 | Global 0.3493 | Local 0.1192 | F1_macro 0.6198 | WorstLoss 2.8978
[Tracker] Ep   18 | AvgR 0.0002 | Global 0.3016 | Local 0.1192 | F1_macro 0.6402 | WorstLoss 2.9732
[Tracker] Ep   19 | AvgR 0.0002 | Global 0.3046 | Local 0.1192 | F1_macro 0.6433 | WorstLoss 2.9635
[Tracker] Ep   20 | AvgR 0.0002 | Global 0.3558 | Local 0.1192 | F1_macro 0.6370 | WorstLoss 2.8867
[Tracker] Saved snapshot: ep0020_phase1_class1
[Tracker] Ep   21 | AvgR 0.0002 | Global 0.4945 | Local 0.1192 | F1_macro 0.6422 | WorstLoss 2.6969
[Tracker] Ep   22 | AvgR 0.0003 | Global 0.5525 | Local 0.1192 | F1_macro 0.6405 | WorstLoss 2.6160
[Tracker] Ep   23 | AvgR 0.0002 | Global 0.3844 | Local 0.1192 | F1_macro 0.6418 | WorstLoss 2.8466
[Tracker] Ep   24 | AvgR 0.0003 | Global 0.5840 | Local 0.1192 | F1_macro 0.6603 | WorstLoss 2.5748
[Tracker] Ep   25 | AvgR 0.0002 | Global 0.4609 | Local 0.1192 | F1_macro 0.6486 | WorstLoss 2.7408
[Tracker] Saved snapshot: ep0025_phase1_class1
[Tracker] Ep   26 | AvgR 0.0003 | Global 0.5702 | Local 0.1192 | F1_macro 0.6542 | WorstLoss 2.5927
[Tracker] Ep   27 | AvgR 0.0002 | Global 0.4248 | Local 0.1192 | F1_macro 0.6422 | WorstLoss 2.7893
[Tracker] Ep   28 | AvgR 0.0002 | Global 0.3233 | Local 0.1192 | F1_macro 0.6417 | WorstLoss 2.9399
[Tracker] Ep   29 | AvgR 0.0002 | Global 0.3253 | Local 0.1192 | F1_macro 0.6473 | WorstLoss 2.9339
[Tracker] Ep   30 | AvgR 0.0003 | Global 0.5117 | Local 0.1192 | F1_macro 0.6469 | WorstLoss 2.6746
[Tracker] Saved snapshot: ep0030_phase1_class1
[Tracker] Ep   31 | AvgR 0.0002 | Global 0.4101 | Local 0.1192 | F1_macro 0.6424 | WorstLoss 2.8128
[Tracker] Ep   32 | AvgR 0.0003 | Global 0.5716 | Local 0.1192 | F1_macro 0.6582 | WorstLoss 2.5913
[Tracker] Ep   33 | AvgR 0.0002 | Global 0.4150 | Local 0.1192 | F1_macro 0.6404 | WorstLoss 2.8047
[Tracker] Ep   34 | AvgR 0.0002 | Global 0.4927 | Local 0.1192 | F1_macro 0.6449 | WorstLoss 2.6982
[Tracker] Ep   35 | AvgR 0.0002 | Global 0.4684 | Local 0.1192 | F1_macro 0.6498 | WorstLoss 2.7258
[Tracker] Saved snapshot: ep0035_phase1_class1
[Tracker] Ep   36 | AvgR 0.0002 | Global 0.4947 | Local 0.1192 | F1_macro 0.6501 | WorstLoss 2.6903
[Tracker] Ep   37 | AvgR 0.0003 | Global 0.5551 | Local 0.1192 | F1_macro 0.6566 | WorstLoss 2.6166
[Tracker] Ep   38 | AvgR 0.0003 | Global 0.5147 | Local 0.1192 | F1_macro 0.6532 | WorstLoss 2.6691
[Tracker] Ep   39 | AvgR 0.0002 | Global 0.4803 | Local 0.1192 | F1_macro 0.6388 | WorstLoss 2.7105
[Tracker] Ep   40 | AvgR 0.0003 | Global 0.5435 | Local 0.1192 | F1_macro 0.6546 | WorstLoss 2.6317
[Tracker] Saved snapshot: ep0040_phase1_class1
[Tracker] Ep   41 | AvgR 0.0002 | Global 0.4209 | Local 0.1192 | F1_macro 0.6368 | WorstLoss 2.7959
[Tracker] Ep   42 | AvgR 0.0002 | Global 0.4824 | Local 0.1192 | F1_macro 0.6475 | WorstLoss 2.7128
[Tracker] Ep   43 | AvgR 0.0003 | Global 0.5080 | Local 0.1192 | F1_macro 0.6627 | WorstLoss 2.6761
[Tracker] Ep   44 | AvgR 0.0002 | Global 0.4329 | Local 0.1192 | F1_macro 0.6397 | WorstLoss 2.7787
[Tracker] Ep   45 | AvgR 0.0002 | Global 0.3949 | Local 0.1192 | F1_macro 0.6428 | WorstLoss 2.8341
[Tracker] Saved snapshot: ep0045_phase1_class1
[Tracker] Ep   46 | AvgR 0.0002 | Global 0.3970 | Local 0.1192 | F1_macro 0.6556 | WorstLoss 2.8300
[Tracker] Ep   47 | AvgR 0.0002 | Global 0.3240 | Local 0.1192 | F1_macro 0.6235 | WorstLoss 2.9320
[Tracker] Ep   48 | AvgR 0.0002 | Global 0.4329 | Local 0.1192 | F1_macro 0.6507 | WorstLoss 2.7768
[Tracker] Ep   49 | AvgR 0.0003 | Global 0.5333 | Local 0.1192 | F1_macro 0.6566 | WorstLoss 2.6378
[Tracker] Ep   50 | AvgR 0.0003 | Global 0.6106 | Local 0.1192 | F1_macro 0.6590 | WorstLoss 2.5411
[Tracker] Saved snapshot: ep0050_phase1_class1
[Tracker] New BEST synthetic [phase1_class1] (by global.global_obj: 0.610591) saved.
[Tracker] BEST β weights [phase1_class1] saved -> training_runs/SPECcompas_v18k3_ep3000_gpu1_EP3000_PCA10_REWfairness_minID0_majID1_TRJ2000_REAL3000_BIAS0.05_GG202604111115_d5681707/seed_2/best_beta_state_dict_phase1_class1.pt
[Tracker] Ep   51 | AvgR 0.0002 | Global 0.4411 | Local 0.1192 | F1_macro 0.6444 | WorstLoss 2.7677
[Tracker] Ep   52 | AvgR 0.0003 | Global 0.5194 | Local 0.1192 | F1_macro 0.6572 | WorstLoss 2.6585
[Tracker] Ep   53 | AvgR 0.0003 | Global 0.5151 | Local 0.1192 | F1_macro 0.6576 | WorstLoss 2.6685
[Tracker] Ep   54 | AvgR 0.0002 | Global 0.3900 | Local 0.1192 | F1_macro 0.6479 | WorstLoss 2.8374
[Tracker] Ep   55 | AvgR 0.0002 | Global 0.3988 | Local 0.1192 | F1_macro 0.6350 | WorstLoss 2.8244
[Tracker] Saved snapshot: ep0055_phase1_class1
[Tracker] Ep   56 | AvgR 0.0002 | Global 0.4881 | Local 0.1192 | F1_macro 0.6620 | WorstLoss 2.7020
[Tracker] Ep   57 | AvgR 0.0002 | Global 0.3828 | Local 0.1192 | F1_macro 0.6340 | WorstLoss 2.8496
[Tracker] Ep   58 | AvgR 0.0002 | Global 0.3700 | Local 0.1192 | F1_macro 0.6462 | WorstLoss 2.8669
[Tracker] Ep   59 | AvgR 0.0002 | Global 0.4296 | Local 0.1192 | F1_macro 0.6387 | WorstLoss 2.7843
[Tracker] Ep   60 | AvgR 0.0002 | Global 0.4353 | Local 0.1192 | F1_macro 0.6382 | WorstLoss 2.7731
[Tracker] Saved snapshot: ep0060_phase1_class1
[Tracker] Ep   61 | AvgR 0.0002 | Global 0.4450 | Local 0.1192 | F1_macro 0.6518 | WorstLoss 2.7633
[Tracker] Ep   62 | AvgR 0.0002 | Global 0.3154 | Local 0.1192 | F1_macro 0.6385 | WorstLoss 2.9504
[Tracker] Ep   63 | AvgR 0.0002 | Global 0.3209 | Local 0.1192 | F1_macro 0.6408 | WorstLoss 2.9400
[Tracker] Ep   64 | AvgR 0.0002 | Global 0.3518 | Local 0.1192 | F1_macro 0.6428 | WorstLoss 2.8918
[Tracker] Ep   65 | AvgR 0.0003 | Global 0.5143 | Local 0.1192 | F1_macro 0.6548 | WorstLoss 2.6660
[Tracker] Saved snapshot: ep0065_phase1_class1
[Tracker] Ep   66 | AvgR 0.0002 | Global 0.4651 | Local 0.1192 | F1_macro 0.6541 | WorstLoss 2.7339
[Tracker] Ep   67 | AvgR 0.0002 | Global 0.3576 | Local 0.1192 | F1_macro 0.6387 | WorstLoss 2.8823
[Tracker] Ep   68 | AvgR 0.0002 | Global 0.4289 | Local 0.1192 | F1_macro 0.6342 | WorstLoss 2.7835
[Tracker] Ep   69 | AvgR 0.0001 | Global 0.2787 | Local 0.1192 | F1_macro 0.6342 | WorstLoss 2.9994
[Tracker] Ep   70 | AvgR 0.0002 | Global 0.4116 | Local 0.1192 | F1_macro 0.6359 | WorstLoss 2.8002
[Tracker] Saved snapshot: ep0070_phase1_class1
[Tracker] Ep   71 | AvgR 0.0002 | Global 0.3246 | Local 0.1192 | F1_macro 0.6352 | WorstLoss 2.9325
[Tracker] Ep   72 | AvgR 0.0002 | Global 0.3252 | Local 0.1192 | F1_macro 0.6440 | WorstLoss 2.9322
[Tracker] Ep   73 | AvgR 0.0002 | Global 0.4478 | Local 0.1192 | F1_macro 0.6366 | WorstLoss 2.7554
[Tracker] Ep   74 | AvgR 0.0002 | Global 0.4859 | Local 0.1192 | F1_macro 0.6620 | WorstLoss 2.7108
[Tracker] Ep   75 | AvgR 0.0002 | Global 0.4008 | Local 0.1192 | F1_macro 0.6499 | WorstLoss 2.8213
[Tracker] Saved snapshot: ep0075_phase1_class1
[Tracker] Ep   76 | AvgR 0.0002 | Global 0.4207 | Local 0.1192 | F1_macro 0.6422 | WorstLoss 2.7936
[Tracker] Ep   77 | AvgR 0.0002 | Global 0.4524 | Local 0.1192 | F1_macro 0.6472 | WorstLoss 2.7517
[Tracker] Ep   78 | AvgR 0.0002 | Global 0.3939 | Local 0.1192 | F1_macro 0.6470 | WorstLoss 2.8294
[Tracker] Ep   79 | AvgR 0.0002 | Global 0.4157 | Local 0.1192 | F1_macro 0.6506 | WorstLoss 2.8004
[Tracker] Ep   80 | AvgR 0.0003 | Global 0.5582 | Local 0.1192 | F1_macro 0.6578 | WorstLoss 2.6088
[Tracker] Saved snapshot: ep0080_phase1_class1
[Tracker] Ep   81 | AvgR 0.0002 | Global 0.3547 | Local 0.1192 | F1_macro 0.6493 | WorstLoss 2.8830
[Tracker] Ep   82 | AvgR 0.0002 | Global 0.3888 | Local 0.1192 | F1_macro 0.6317 | WorstLoss 2.8386
[Tracker] Ep   83 | AvgR 0.0002 | Global 0.3649 | Local 0.1192 | F1_macro 0.6123 | WorstLoss 2.8699
[Tracker] Ep   84 | AvgR 0.0002 | Global 0.4089 | Local 0.1192 | F1_macro 0.6493 | WorstLoss 2.8093
[Tracker] Ep   85 | AvgR 0.0003 | Global 0.5727 | Local 0.1192 | F1_macro 0.6529 | WorstLoss 2.5875
[Tracker] Saved snapshot: ep0085_phase1_class1
[Tracker] Ep   86 | AvgR 0.0003 | Global 0.5207 | Local 0.1192 | F1_macro 0.6469 | WorstLoss 2.6564
[Tracker] Ep   87 | AvgR 0.0002 | Global 0.4539 | Local 0.1192 | F1_macro 0.6632 | WorstLoss 2.7507
[Tracker] Ep   88 | AvgR 0.0002 | Global 0.4003 | Local 0.1192 | F1_macro 0.6319 | WorstLoss 2.8234
[Tracker] Ep   89 | AvgR 0.0002 | Global 0.3977 | Local 0.1192 | F1_macro 0.6512 | WorstLoss 2.8267
[Tracker] Ep   90 | AvgR 0.0003 | Global 0.6599 | Local 0.1192 | F1_macro 0.6602 | WorstLoss 2.4592
[Tracker] Saved snapshot: ep0090_phase1_class1
[Tracker] New BEST synthetic [phase1_class1] (by global.global_obj: 0.659860) saved.
[Tracker] BEST β weights [phase1_class1] saved -> training_runs/SPECcompas_v18k3_ep3000_gpu1_EP3000_PCA10_REWfairness_minID0_majID1_TRJ2000_REAL3000_BIAS0.05_GG202604111115_d5681707/seed_2/best_beta_state_dict_phase1_class1.pt
[Tracker] Ep   91 | AvgR 0.0002 | Global 0.4258 | Local 0.1192 | F1_macro 0.6404 | WorstLoss 2.7890
[Tracker] Ep   92 | AvgR 0.0004 | Global 0.7140 | Local 0.1192 | F1_macro 0.6318 | WorstLoss 2.3572
[Tracker] New BEST synthetic [phase1_class1] (by global.global_obj: 0.714049) saved.
[Tracker] BEST β weights [phase1_class1] saved -> training_runs/SPECcompas_v18k3_ep3000_gpu1_EP3000_PCA10_REWfairness_minID0_majID1_TRJ2000_REAL3000_BIAS0.05_GG202604111115_d5681707/seed_2/best_beta_state_dict_phase1_class1.pt
[Tracker] Ep   93 | AvgR 0.0002 | Global 0.4089 | Local 0.1192 | F1_macro 0.6379 | WorstLoss 2.8094
[Tracker] Ep   94 | AvgR 0.0002 | Global 0.4609 | Local 0.1192 | F1_macro 0.6518 | WorstLoss 2.7391
[Tracker] Ep   95 | AvgR 0.0002 | Global 0.4580 | Local 0.1192 | F1_macro 0.6498 | WorstLoss 2.7444
[Tracker] Saved snapshot: ep0095_phase1_class1
[Tracker] Ep   96 | AvgR 0.0002 | Global 0.4397 | Local 0.1192 | F1_macro 0.6444 | WorstLoss 2.7702
[Tracker] Ep   97 | AvgR 0.0003 | Global 0.6127 | Local 0.1192 | F1_macro 0.6623 | WorstLoss 2.5378
[Tracker] Ep   98 | AvgR 0.0002 | Global 0.4188 | Local 0.1192 | F1_macro 0.6473 | WorstLoss 2.7940
[Tracker] Ep   99 | AvgR 0.0002 | Global 0.4484 | Local 0.1192 | F1_macro 0.6467 | WorstLoss 2.7545
[Tracker] Ep  100 | AvgR 0.0002 | Global 0.4006 | Local 0.1192 | F1_macro 0.6614 | WorstLoss 2.8257
[Tracker] Saved snapshot: ep0100_phase1_class1
[Tracker] Ep  101 | AvgR 0.0002 | Global 0.4124 | Local 0.1192 | F1_macro 0.6517 | WorstLoss 2.8040
[Tracker] Ep  102 | AvgR 0.0002 | Global 0.3437 | Local 0.1192 | F1_macro 0.6461 | WorstLoss 2.9032
[Tracker] Ep  103 | AvgR 0.0001 | Global 0.2771 | Local 0.1192 | F1_macro 0.6332 | WorstLoss 3.0080
[Tracker] Ep  104 | AvgR 0.0002 | Global 0.4808 | Local 0.1192 | F1_macro 0.6493 | WorstLoss 2.7140
[Tracker] Ep  105 | AvgR 0.0002 | Global 0.4846 | Local 0.1192 | F1_macro 0.6478 | WorstLoss 2.7056
[Tracker] Saved snapshot: ep0105_phase1_class1
[Tracker] Ep  106 | AvgR 0.0002 | Global 0.4970 | Local 0.1192 | F1_macro 0.6549 | WorstLoss 2.6920
[Tracker] Ep  107 | AvgR 0.0002 | Global 0.3049 | Local 0.1192 | F1_macro 0.6364 | WorstLoss 2.9639
[Tracker] Ep  108 | AvgR 0.0002 | Global 0.4542 | Local 0.1192 | F1_macro 0.6523 | WorstLoss 2.7463
[Tracker] Ep  109 | AvgR 0.0002 | Global 0.3997 | Local 0.1192 | F1_macro 0.6328 | WorstLoss 2.8231
[Tracker] Ep  110 | AvgR 0.0002 | Global 0.4932 | Local 0.1192 | F1_macro 0.6485 | WorstLoss 2.6936
[Tracker] Saved snapshot: ep0110_phase1_class1
[Tracker] Ep  111 | AvgR 0.0002 | Global 0.4456 | Local 0.1192 | F1_macro 0.6400 | WorstLoss 2.7612
[Tracker] Ep  112 | AvgR 0.0002 | Global 0.4695 | Local 0.1192 | F1_macro 0.6397 | WorstLoss 2.7246
[Tracker] Ep  113 | AvgR 0.0002 | Global 0.3481 | Local 0.1192 | F1_macro 0.6515 | WorstLoss 2.8996
[Tracker] Ep  114 | AvgR 0.0002 | Global 0.3013 | Local 0.1192 | F1_macro 0.6284 | WorstLoss 2.9724
[Tracker] Ep  115 | AvgR 0.0002 | Global 0.4226 | Local 0.1192 | F1_macro 0.6355 | WorstLoss 2.7893
[Tracker] Saved snapshot: ep0115_phase1_class1
[Tracker] Ep  116 | AvgR 0.0002 | Global 0.3599 | Local 0.1192 | F1_macro 0.6476 | WorstLoss 2.8827
[Tracker] Ep  117 | AvgR 0.0003 | Global 0.5777 | Local 0.1192 | F1_macro 0.6508 | WorstLoss 2.5749
[Tracker] Ep  118 | AvgR 0.0002 | Global 0.4765 | Local 0.1192 | F1_macro 0.6383 | WorstLoss 2.7133
[Tracker] Ep  119 | AvgR 0.0002 | Global 0.4182 | Local 0.1192 | F1_macro 0.6337 | WorstLoss 2.7935
[Tracker] Ep  120 | AvgR 0.0002 | Global 0.4550 | Local 0.1192 | F1_macro 0.6467 | WorstLoss 2.7450
[Tracker] Saved snapshot: ep0120_phase1_class1
[Tracker] Ep  121 | AvgR 0.0003 | Global 0.5114 | Local 0.1192 | F1_macro 0.6500 | WorstLoss 2.6675
[Tracker] Ep  122 | AvgR 0.0002 | Global 0.4089 | Local 0.1192 | F1_macro 0.6507 | WorstLoss 2.8120
[Tracker] Ep  123 | AvgR 0.0002 | Global 0.3557 | Local 0.1192 | F1_macro 0.6366 | WorstLoss 2.8886
[Tracker] Ep  124 | AvgR 0.0002 | Global 0.3639 | Local 0.1192 | F1_macro 0.6384 | WorstLoss 2.8771
[Tracker] Ep  125 | AvgR 0.0002 | Global 0.3567 | Local 0.1192 | F1_macro 0.6239 | WorstLoss 2.8848
[Tracker] Saved snapshot: ep0125_phase1_class1
[Tracker] Ep  126 | AvgR 0.0003 | Global 0.5468 | Local 0.1192 | F1_macro 0.6488 | WorstLoss 2.6198
[Tracker] Ep  127 | AvgR 0.0002 | Global 0.3717 | Local 0.1192 | F1_macro 0.6474 | WorstLoss 2.8630
[Tracker] Ep  128 | AvgR 0.0002 | Global 0.4472 | Local 0.1192 | F1_macro 0.6482 | WorstLoss 2.7580
[Tracker] Ep  129 | AvgR 0.0002 | Global 0.4617 | Local 0.1192 | F1_macro 0.6445 | WorstLoss 2.7376
[Tracker] Ep  130 | AvgR 0.0002 | Global 0.4495 | Local 0.1192 | F1_macro 0.6453 | WorstLoss 2.7561
[Tracker] Saved snapshot: ep0130_phase1_class1
[Tracker] Ep  131 | AvgR 0.0002 | Global 0.4489 | Local 0.1192 | F1_macro 0.6418 | WorstLoss 2.7532
[Tracker] Ep  132 | AvgR 0.0002 | Global 0.4003 | Local 0.1192 | F1_macro 0.6358 | WorstLoss 2.8248
[Tracker] Ep  133 | AvgR 0.0002 | Global 0.4759 | Local 0.1192 | F1_macro 0.6500 | WorstLoss 2.7150
[Tracker] Ep  134 | AvgR 0.0002 | Global 0.4352 | Local 0.1192 | F1_macro 0.6389 | WorstLoss 2.7744
[Tracker] Ep  135 | AvgR 0.0002 | Global 0.3953 | Local 0.1192 | F1_macro 0.6425 | WorstLoss 2.8296
[Tracker] Saved snapshot: ep0135_phase1_class1
[Tracker] Ep  136 | AvgR 0.0002 | Global 0.4283 | Local 0.1192 | F1_macro 0.6481 | WorstLoss 2.7832
[Tracker] Ep  137 | AvgR 0.0002 | Global 0.3604 | Local 0.1192 | F1_macro 0.6374 | WorstLoss 2.8773
[Tracker] Ep  138 | AvgR 0.0002 | Global 0.4445 | Local 0.1192 | F1_macro 0.6426 | WorstLoss 2.7647
[Tracker] Ep  139 | AvgR 0.0002 | Global 0.3996 | Local 0.1192 | F1_macro 0.6416 | WorstLoss 2.8201
[Tracker] Ep  140 | AvgR 0.0002 | Global 0.3285 | Local 0.1192 | F1_macro 0.6344 | WorstLoss 2.9252
[Tracker] Saved snapshot: ep0140_phase1_class1
[Tracker] Ep  141 | AvgR 0.0003 | Global 0.5101 | Local 0.1192 | F1_macro 0.6513 | WorstLoss 2.6723
[Tracker] Ep  142 | AvgR 0.0002 | Global 0.4403 | Local 0.1192 | F1_macro 0.6469 | WorstLoss 2.7651
[Tracker] Ep  143 | AvgR 0.0002 | Global 0.4369 | Local 0.1192 | F1_macro 0.6520 | WorstLoss 2.7743
[Tracker] Ep  144 | AvgR 0.0002 | Global 0.3643 | Local 0.1192 | F1_macro 0.6298 | WorstLoss 2.8708
[Tracker] Ep  145 | AvgR 0.0002 | Global 0.4049 | Local 0.1192 | F1_macro 0.6452 | WorstLoss 2.8149
[Tracker] Saved snapshot: ep0145_phase1_class1
[Tracker] Ep  146 | AvgR 0.0003 | Global 0.5819 | Local 0.1192 | F1_macro 0.6556 | WorstLoss 2.5769
[Tracker] Ep  147 | AvgR 0.0002 | Global 0.3138 | Local 0.1192 | F1_macro 0.6274 | WorstLoss 2.9490
[Tracker] Ep  148 | AvgR 0.0002 | Global 0.3631 | Local 0.1192 | F1_macro 0.6261 | WorstLoss 2.8783
[Tracker] Ep  149 | AvgR 0.0002 | Global 0.3290 | Local 0.1192 | F1_macro 0.6170 | WorstLoss 2.9246
[Tracker] Ep  150 | AvgR 0.0002 | Global 0.4158 | Local 0.1192 | F1_macro 0.6340 | WorstLoss 2.7966
[Tracker] Saved snapshot: ep0150_phase1_class1
[Tracker] Ep  151 | AvgR 0.0002 | Global 0.3437 | Local 0.1192 | F1_macro 0.6461 | WorstLoss 2.9051
[Tracker] Ep  152 | AvgR 0.0002 | Global 0.4062 | Local 0.1192 | F1_macro 0.6213 | WorstLoss 2.8142
[Tracker] Ep  153 | AvgR 0.0002 | Global 0.4438 | Local 0.1192 | F1_macro 0.6464 | WorstLoss 2.7638
[Tracker] Ep  154 | AvgR 0.0002 | Global 0.4679 | Local 0.1192 | F1_macro 0.6512 | WorstLoss 2.7304
[Tracker] Ep  155 | AvgR 0.0002 | Global 0.3531 | Local 0.1192 | F1_macro 0.6448 | WorstLoss 2.8926
[Tracker] Saved snapshot: ep0155_phase1_class1
[Tracker] Ep  156 | AvgR 0.0002 | Global 0.4306 | Local 0.1192 | F1_macro 0.6467 | WorstLoss 2.7832
[Tracker] Ep  157 | AvgR 0.0002 | Global 0.3848 | Local 0.1192 | F1_macro 0.6484 | WorstLoss 2.8427
[Tracker] Ep  158 | AvgR 0.0002 | Global 0.3343 | Local 0.1192 | F1_macro 0.6280 | WorstLoss 2.9151
[Tracker] Ep  159 | AvgR 0.0002 | Global 0.4429 | Local 0.1192 | F1_macro 0.6481 | WorstLoss 2.7620
[Tracker] Ep  160 | AvgR 0.0003 | Global 0.5637 | Local 0.1192 | F1_macro 0.6521 | WorstLoss 2.5925
[Tracker] Saved snapshot: ep0160_phase1_class1
[Tracker] Ep  161 | AvgR 0.0002 | Global 0.3740 | Local 0.1192 | F1_macro 0.6360 | WorstLoss 2.8553
[Tracker] Ep  162 | AvgR 0.0002 | Global 0.3222 | Local 0.1192 | F1_macro 0.6345 | WorstLoss 2.9333
[Tracker] Ep  163 | AvgR 0.0003 | Global 0.5605 | Local 0.1192 | F1_macro 0.6363 | WorstLoss 2.6034
[Tracker] Ep  164 | AvgR 0.0002 | Global 0.4527 | Local 0.1192 | F1_macro 0.6417 | WorstLoss 2.7489
[Tracker] Ep  165 | AvgR 0.0002 | Global 0.4213 | Local 0.1192 | F1_macro 0.6353 | WorstLoss 2.7941
[Tracker] Saved snapshot: ep0165_phase1_class1
[Tracker] Ep  166 | AvgR 0.0002 | Global 0.4483 | Local 0.1192 | F1_macro 0.6322 | WorstLoss 2.7527
[Tracker] Ep  167 | AvgR 0.0003 | Global 0.5009 | Local 0.1192 | F1_macro 0.6418 | WorstLoss 2.6857
[Tracker] Ep  168 | AvgR 0.0003 | Global 0.5534 | Local 0.1192 | F1_macro 0.6466 | WorstLoss 2.6104
[Tracker] Ep  169 | AvgR 0.0002 | Global 0.4511 | Local 0.1192 | F1_macro 0.6461 | WorstLoss 2.7486
[Tracker] Ep  170 | AvgR 0.0002 | Global 0.4957 | Local 0.1192 | F1_macro 0.6386 | WorstLoss 2.6858
[Tracker] Saved snapshot: ep0170_phase1_class1
[Tracker] Ep  171 | AvgR 0.0002 | Global 0.4450 | Local 0.1192 | F1_macro 0.6469 | WorstLoss 2.7644
[Tracker] Ep  172 | AvgR 0.0002 | Global 0.3992 | Local 0.1192 | F1_macro 0.6372 | WorstLoss 2.8225
[Tracker] Ep  173 | AvgR 0.0003 | Global 0.5374 | Local 0.1192 | F1_macro 0.6450 | WorstLoss 2.6299
[Tracker] Ep  174 | AvgR 0.0002 | Global 0.4201 | Local 0.1192 | F1_macro 0.6345 | WorstLoss 2.7983
[Tracker] Ep  175 | AvgR 0.0002 | Global 0.3928 | Local 0.1192 | F1_macro 0.6388 | WorstLoss 2.8286
[Tracker] Saved snapshot: ep0175_phase1_class1
[Tracker] Ep  176 | AvgR 0.0002 | Global 0.4398 | Local 0.1192 | F1_macro 0.6322 | WorstLoss 2.7649
[Tracker] Ep  177 | AvgR 0.0002 | Global 0.3781 | Local 0.1192 | F1_macro 0.6355 | WorstLoss 2.8533
[Tracker] Ep  178 | AvgR 0.0002 | Global 0.4408 | Local 0.1192 | F1_macro 0.6334 | WorstLoss 2.7631
[Tracker] Ep  179 | AvgR 0.0002 | Global 0.3393 | Local 0.1192 | F1_macro 0.6242 | WorstLoss 2.9063
[Tracker] Ep  180 | AvgR 0.0002 | Global 0.3635 | Local 0.1192 | F1_macro 0.6408 | WorstLoss 2.8690
[Tracker] Saved snapshot: ep0180_phase1_class1
[Tracker] Ep  181 | AvgR 0.0002 | Global 0.3282 | Local 0.1192 | F1_macro 0.6290 | WorstLoss 2.9290
[Tracker] Ep  182 | AvgR 0.0002 | Global 0.4994 | Local 0.1192 | F1_macro 0.6429 | WorstLoss 2.6800
[Tracker] Ep  183 | AvgR 0.0002 | Global 0.4968 | Local 0.1192 | F1_macro 0.6365 | WorstLoss 2.6801
[Tracker] Ep  184 | AvgR 0.0002 | Global 0.4012 | Local 0.1192 | F1_macro 0.6374 | WorstLoss 2.8155
[Tracker] Ep  185 | AvgR 0.0003 | Global 0.5056 | Local 0.1192 | F1_macro 0.6428 | WorstLoss 2.6760
[Tracker] Saved snapshot: ep0185_phase1_class1
[Tracker] Ep  186 | AvgR 0.0002 | Global 0.4515 | Local 0.1192 | F1_macro 0.6391 | WorstLoss 2.7453
[Tracker] Ep  187 | AvgR 0.0003 | Global 0.5612 | Local 0.1192 | F1_macro 0.6444 | WorstLoss 2.6044
[Tracker] Ep  188 | AvgR 0.0002 | Global 0.4597 | Local 0.1192 | F1_macro 0.6422 | WorstLoss 2.7409
[Tracker] Ep  189 | AvgR 0.0003 | Global 0.5316 | Local 0.1192 | F1_macro 0.6402 | WorstLoss 2.6409
[Tracker] Ep  190 | AvgR 0.0002 | Global 0.3049 | Local 0.1192 | F1_macro 0.6061 | WorstLoss 2.9577
[Tracker] Saved snapshot: ep0190_phase1_class1
[Tracker] Ep  191 | AvgR 0.0003 | Global 0.5053 | Local 0.1192 | F1_macro 0.6481 | WorstLoss 2.6718
[Tracker] Ep  192 | AvgR 0.0002 | Global 0.4348 | Local 0.1192 | F1_macro 0.6319 | WorstLoss 2.7741
[Tracker] Ep  193 | AvgR 0.0002 | Global 0.4362 | Local 0.1192 | F1_macro 0.6332 | WorstLoss 2.7621
[Tracker] Ep  194 | AvgR 0.0003 | Global 0.5123 | Local 0.1192 | F1_macro 0.6436 | WorstLoss 2.6632
[Tracker] Ep  195 | AvgR 0.0002 | Global 0.4136 | Local 0.1192 | F1_macro 0.6357 | WorstLoss 2.7974
[Tracker] Saved snapshot: ep0195_phase1_class1
[Tracker] Ep  196 | AvgR 0.0002 | Global 0.4543 | Local 0.1192 | F1_macro 0.6394 | WorstLoss 2.7423
[Tracker] Ep  197 | AvgR 0.0002 | Global 0.3555 | Local 0.1192 | F1_macro 0.6227 | WorstLoss 2.8778
[Tracker] Ep  198 | AvgR 0.0002 | Global 0.4450 | Local 0.1192 | F1_macro 0.6484 | WorstLoss 2.7574
[Tracker] Ep  199 | AvgR 0.0002 | Global 0.4027 | Local 0.1192 | F1_macro 0.6380 | WorstLoss 2.8177
[Tracker] Ep  200 | AvgR 0.0002 | Global 0.4275 | Local 0.1192 | F1_macro 0.6360 | WorstLoss 2.7725
[Tracker] Saved snapshot: ep0200_phase1_class1
[Tracker] Ep  201 | AvgR 0.0003 | Global 0.5137 | Local 0.1192 | F1_macro 0.6485 | WorstLoss 2.6624
[Tracker] Ep  202 | AvgR 0.0003 | Global 0.5358 | Local 0.1192 | F1_macro 0.6352 | WorstLoss 2.6282
[Tracker] Ep  203 | AvgR 0.0003 | Global 0.5304 | Local 0.1192 | F1_macro 0.6448 | WorstLoss 2.6416
[Tracker] Ep  204 | AvgR 0.0002 | Global 0.3073 | Local 0.1192 | F1_macro 0.6129 | WorstLoss 2.9494
[Tracker] Ep  205 | AvgR 0.0002 | Global 0.3764 | Local 0.1192 | F1_macro 0.6254 | WorstLoss 2.8519
[Tracker] Saved snapshot: ep0205_phase1_class1
[Tracker] Ep  206 | AvgR 0.0002 | Global 0.4000 | Local 0.1192 | F1_macro 0.6422 | WorstLoss 2.8132
[Tracker] Ep  207 | AvgR 0.0002 | Global 0.3819 | Local 0.1192 | F1_macro 0.6319 | WorstLoss 2.8408
[Tracker] Ep  208 | AvgR 0.0002 | Global 0.4709 | Local 0.1192 | F1_macro 0.6411 | WorstLoss 2.7149
[Tracker] Ep  209 | AvgR 0.0002 | Global 0.3708 | Local 0.1192 | F1_macro 0.6361 | WorstLoss 2.8573
[Tracker] Ep  210 | AvgR 0.0003 | Global 0.5074 | Local 0.1192 | F1_macro 0.6394 | WorstLoss 2.6687
[Tracker] Saved snapshot: ep0210_phase1_class1
[Tracker] Ep  211 | AvgR 0.0001 | Global 0.2910 | Local 0.1192 | F1_macro 0.6384 | WorstLoss 2.9812
[Tracker] Ep  212 | AvgR 0.0002 | Global 0.4979 | Local 0.1192 | F1_macro 0.6422 | WorstLoss 2.6756
[Tracker] Ep  213 | AvgR 0.0002 | Global 0.3234 | Local 0.1192 | F1_macro 0.6369 | WorstLoss 2.9288
[Tracker] Ep  214 | AvgR 0.0002 | Global 0.4406 | Local 0.1192 | F1_macro 0.6482 | WorstLoss 2.7612
[Tracker] Ep  215 | AvgR 0.0001 | Global 0.2839 | Local 0.1192 | F1_macro 0.6371 | WorstLoss 2.9943
[Tracker] Saved snapshot: ep0215_phase1_class1
[Tracker] Ep  216 | AvgR 0.0002 | Global 0.4430 | Local 0.1192 | F1_macro 0.6414 | WorstLoss 2.7583
[Tracker] Ep  217 | AvgR 0.0002 | Global 0.4552 | Local 0.1192 | F1_macro 0.6399 | WorstLoss 2.7408
[Tracker] Ep  218 | AvgR 0.0003 | Global 0.5805 | Local 0.1192 | F1_macro 0.6402 | WorstLoss 2.5584
[Tracker] Ep  219 | AvgR 0.0002 | Global 0.4255 | Local 0.1192 | F1_macro 0.6413 | WorstLoss 2.7819
[Tracker] Ep  220 | AvgR 0.0002 | Global 0.4369 | Local 0.1192 | F1_macro 0.6352 | WorstLoss 2.7650
[Tracker] Saved snapshot: ep0220_phase1_class1
[Tracker] Ep  221 | AvgR 0.0002 | Global 0.3699 | Local 0.1192 | F1_macro 0.6389 | WorstLoss 2.8554
[Tracker] Ep  222 | AvgR 0.0003 | Global 0.5369 | Local 0.1192 | F1_macro 0.6455 | WorstLoss 2.6297
[Tracker] Ep  223 | AvgR 0.0002 | Global 0.4209 | Local 0.1192 | F1_macro 0.6399 | WorstLoss 2.7888
[Tracker] Ep  224 | AvgR 0.0001 | Global 0.2868 | Local 0.1192 | F1_macro 0.6327 | WorstLoss 2.9841
[Tracker] Ep  225 | AvgR 0.0002 | Global 0.4510 | Local 0.1192 | F1_macro 0.6471 | WorstLoss 2.7471
[Tracker] Saved snapshot: ep0225_phase1_class1
[Tracker] Ep  226 | AvgR 0.0003 | Global 0.5070 | Local 0.1192 | F1_macro 0.6376 | WorstLoss 2.6655
[Tracker] Ep  227 | AvgR 0.0002 | Global 0.4689 | Local 0.1192 | F1_macro 0.6343 | WorstLoss 2.7231
[Tracker] Ep  228 | AvgR 0.0002 | Global 0.3958 | Local 0.1192 | F1_macro 0.6310 | WorstLoss 2.8172
[Tracker] Ep  229 | AvgR 0.0002 | Global 0.4187 | Local 0.1192 | F1_macro 0.6426 | WorstLoss 2.7961
[Tracker] Ep  230 | AvgR 0.0002 | Global 0.3874 | Local 0.1192 | F1_macro 0.6461 | WorstLoss 2.8306
[Tracker] Saved snapshot: ep0230_phase1_class1
[Tracker] Ep  231 | AvgR 0.0002 | Global 0.4259 | Local 0.1192 | F1_macro 0.6416 | WorstLoss 2.7832
[Tracker] Ep  232 | AvgR 0.0002 | Global 0.3865 | Local 0.1192 | F1_macro 0.6283 | WorstLoss 2.8358
[Tracker] Ep  233 | AvgR 0.0002 | Global 0.4067 | Local 0.1192 | F1_macro 0.6258 | WorstLoss 2.7997
[Tracker] Ep  234 | AvgR 0.0002 | Global 0.4991 | Local 0.1192 | F1_macro 0.6383 | WorstLoss 2.6833
[Tracker] Ep  235 | AvgR 0.0002 | Global 0.3189 | Local 0.1192 | F1_macro 0.6309 | WorstLoss 2.9410
[Tracker] Saved snapshot: ep0235_phase1_class1
[Tracker] Ep  236 | AvgR 0.0003 | Global 0.5279 | Local 0.1192 | F1_macro 0.6404 | WorstLoss 2.6439
[Tracker] Ep  237 | AvgR 0.0002 | Global 0.4122 | Local 0.1192 | F1_macro 0.6368 | WorstLoss 2.8009
[Tracker] Ep  238 | AvgR 0.0002 | Global 0.4377 | Local 0.1192 | F1_macro 0.6256 | WorstLoss 2.7602
[Tracker] Ep  239 | AvgR 0.0002 | Global 0.3168 | Local 0.1192 | F1_macro 0.6340 | WorstLoss 2.9410
[Tracker] Ep  240 | AvgR 0.0002 | Global 0.4006 | Local 0.1192 | F1_macro 0.6414 | WorstLoss 2.8183
[Tracker] Saved snapshot: ep0240_phase1_class1
[Tracker] Ep  241 | AvgR 0.0002 | Global 0.4729 | Local 0.1192 | F1_macro 0.6418 | WorstLoss 2.7127
[Tracker] Ep  242 | AvgR 0.0003 | Global 0.5274 | Local 0.1192 | F1_macro 0.6368 | WorstLoss 2.6390
[Tracker] Ep  243 | AvgR 0.0002 | Global 0.3671 | Local 0.1192 | F1_macro 0.6417 | WorstLoss 2.8644
[Tracker] Ep  244 | AvgR 0.0002 | Global 0.3867 | Local 0.1192 | F1_macro 0.6382 | WorstLoss 2.8291
[Tracker] Ep  245 | AvgR 0.0002 | Global 0.3528 | Local 0.1192 | F1_macro 0.6343 | WorstLoss 2.8839
[Tracker] Saved snapshot: ep0245_phase1_class1
[Tracker] Ep  246 | AvgR 0.0002 | Global 0.3956 | Local 0.1192 | F1_macro 0.6286 | WorstLoss 2.8160
[Tracker] Ep  247 | AvgR 0.0002 | Global 0.4422 | Local 0.1192 | F1_macro 0.6465 | WorstLoss 2.7581
[Tracker] Ep  248 | AvgR 0.0002 | Global 0.3305 | Local 0.1192 | F1_macro 0.6322 | WorstLoss 2.9150
[Tracker] Ep  249 | AvgR 0.0002 | Global 0.4441 | Local 0.1192 | F1_macro 0.6450 | WorstLoss 2.7518
[Tracker] Ep  250 | AvgR 0.0002 | Global 0.4004 | Local 0.1192 | F1_macro 0.6309 | WorstLoss 2.8126
[Tracker] Saved snapshot: ep0250_phase1_class1
[Tracker] Ep  251 | AvgR 0.0002 | Global 0.4366 | Local 0.1192 | F1_macro 0.6329 | WorstLoss 2.7631
[Tracker] Ep  252 | AvgR 0.0002 | Global 0.3132 | Local 0.1192 | F1_macro 0.6385 | WorstLoss 2.9441
[Tracker] Ep  253 | AvgR 0.0002 | Global 0.4541 | Local 0.1192 | F1_macro 0.6362 | WorstLoss 2.7335
[Tracker] Ep  254 | AvgR 0.0002 | Global 0.4216 | Local 0.1192 | F1_macro 0.6393 | WorstLoss 2.7900
[Tracker] Ep  255 | AvgR 0.0003 | Global 0.6723 | Local 0.1192 | F1_macro 0.6407 | WorstLoss 2.4242
[Tracker] Saved snapshot: ep0255_phase1_class1
[Tracker] Ep  256 | AvgR 0.0002 | Global 0.4154 | Local 0.1192 | F1_macro 0.6422 | WorstLoss 2.7946
[Tracker] Ep  257 | AvgR 0.0002 | Global 0.3272 | Local 0.1192 | F1_macro 0.6254 | WorstLoss 2.9195
[Tracker] Ep  258 | AvgR 0.0002 | Global 0.4269 | Local 0.1192 | F1_macro 0.6429 | WorstLoss 2.7742
[Tracker] Ep  259 | AvgR 0.0001 | Global 0.2791 | Local 0.1192 | F1_macro 0.6271 | WorstLoss 3.0019
[Tracker] Ep  260 | AvgR 0.0002 | Global 0.3948 | Local 0.1192 | F1_macro 0.6349 | WorstLoss 2.8167
[Tracker] Saved snapshot: ep0260_phase1_class1
[Tracker] Ep  261 | AvgR 0.0002 | Global 0.3059 | Local 0.1192 | F1_macro 0.6261 | WorstLoss 2.9555
[Tracker] Ep  262 | AvgR 0.0003 | Global 0.5044 | Local 0.1192 | F1_macro 0.6381 | WorstLoss 2.6660
[Tracker] Ep  263 | AvgR 0.0002 | Global 0.3837 | Local 0.1192 | F1_macro 0.6393 | WorstLoss 2.8365
[Tracker] Ep  264 | AvgR 0.0002 | Global 0.3596 | Local 0.1192 | F1_macro 0.6441 | WorstLoss 2.8763
[Tracker] Ep  265 | AvgR 0.0002 | Global 0.3729 | Local 0.1192 | F1_macro 0.6284 | WorstLoss 2.8434
[Tracker] Saved snapshot: ep0265_phase1_class1
[Tracker] Ep  266 | AvgR 0.0002 | Global 0.3518 | Local 0.1192 | F1_macro 0.6342 | WorstLoss 2.8798
[Tracker] Ep  267 | AvgR 0.0002 | Global 0.4476 | Local 0.1192 | F1_macro 0.6463 | WorstLoss 2.7502
[Tracker] Ep  268 | AvgR 0.0002 | Global 0.4341 | Local 0.1192 | F1_macro 0.6422 | WorstLoss 2.7711
[Tracker] Ep  269 | AvgR 0.0002 | Global 0.3288 | Local 0.1192 | F1_macro 0.6265 | WorstLoss 2.9175
[Tracker] Ep  270 | AvgR 0.0002 | Global 0.3450 | Local 0.1192 | F1_macro 0.6259 | WorstLoss 2.8945
[Tracker] Saved snapshot: ep0270_phase1_class1
[Tracker] Ep  271 | AvgR 0.0002 | Global 0.3494 | Local 0.1192 | F1_macro 0.6256 | WorstLoss 2.8860
[Tracker] Ep  272 | AvgR 0.0002 | Global 0.3841 | Local 0.1192 | F1_macro 0.6379 | WorstLoss 2.8325
[Tracker] Ep  273 | AvgR 0.0002 | Global 0.3165 | Local 0.1192 | F1_macro 0.6249 | WorstLoss 2.9374
[Tracker] Ep  274 | AvgR 0.0002 | Global 0.4300 | Local 0.1192 | F1_macro 0.6475 | WorstLoss 2.7759
[Tracker] Ep  275 | AvgR 0.0002 | Global 0.4229 | Local 0.1192 | F1_macro 0.6385 | WorstLoss 2.7822
[Tracker] Saved snapshot: ep0275_phase1_class1
[Tracker] Ep  276 | AvgR 0.0002 | Global 0.4448 | Local 0.1192 | F1_macro 0.6265 | WorstLoss 2.7530
[Tracker] Ep  277 | AvgR 0.0002 | Global 0.4816 | Local 0.1192 | F1_macro 0.6414 | WorstLoss 2.7009
[Tracker] Ep  278 | AvgR 0.0002 | Global 0.3845 | Local 0.1192 | F1_macro 0.6363 | WorstLoss 2.8345
[Tracker] Ep  279 | AvgR 0.0002 | Global 0.4815 | Local 0.1192 | F1_macro 0.6381 | WorstLoss 2.7058
[Tracker] Ep  280 | AvgR 0.0002 | Global 0.4299 | Local 0.1192 | F1_macro 0.6327 | WorstLoss 2.7728
[Tracker] Saved snapshot: ep0280_phase1_class1
[Tracker] Ep  281 | AvgR 0.0003 | Global 0.5386 | Local 0.1192 | F1_macro 0.6444 | WorstLoss 2.6242
[Tracker] Ep  282 | AvgR 0.0002 | Global 0.4226 | Local 0.1192 | F1_macro 0.6429 | WorstLoss 2.7811
[Tracker] Ep  283 | AvgR 0.0003 | Global 0.5410 | Local 0.1192 | F1_macro 0.6304 | WorstLoss 2.6179
[Tracker] Ep  284 | AvgR 0.0002 | Global 0.4636 | Local 0.1192 | F1_macro 0.6405 | WorstLoss 2.7136
[Tracker] Ep  285 | AvgR 0.0002 | Global 0.3035 | Local 0.1192 | F1_macro 0.6386 | WorstLoss 2.9594
[Tracker] Saved snapshot: ep0285_phase1_class1
[Tracker] Ep  286 | AvgR 0.0003 | Global 0.5042 | Local 0.1192 | F1_macro 0.6409 | WorstLoss 2.6695
[Tracker] Ep  287 | AvgR 0.0002 | Global 0.4918 | Local 0.1192 | F1_macro 0.6454 | WorstLoss 2.6922
[Tracker] Ep  288 | AvgR 0.0002 | Global 0.4417 | Local 0.1192 | F1_macro 0.6345 | WorstLoss 2.7556
[Tracker] Ep  289 | AvgR 0.0003 | Global 0.5043 | Local 0.1192 | F1_macro 0.6343 | WorstLoss 2.6608
[Tracker] Ep  290 | AvgR 0.0002 | Global 0.4288 | Local 0.1192 | F1_macro 0.6385 | WorstLoss 2.7738
[Tracker] Saved snapshot: ep0290_phase1_class1
[Tracker] Ep  291 | AvgR 0.0002 | Global 0.4334 | Local 0.1192 | F1_macro 0.6369 | WorstLoss 2.7643
[Tracker] Ep  292 | AvgR 0.0002 | Global 0.4634 | Local 0.1192 | F1_macro 0.6360 | WorstLoss 2.7146
[Tracker] Ep  293 | AvgR 0.0002 | Global 0.3996 | Local 0.1192 | F1_macro 0.6284 | WorstLoss 2.8016
[Tracker] Ep  294 | AvgR 0.0002 | Global 0.4706 | Local 0.1192 | F1_macro 0.6378 | WorstLoss 2.7075
[Tracker] Ep  295 | AvgR 0.0002 | Global 0.4838 | Local 0.1192 | F1_macro 0.6419 | WorstLoss 2.6913
[Tracker] Saved snapshot: ep0295_phase1_class1
[Tracker] Ep  296 | AvgR 0.0002 | Global 0.3139 | Local 0.1192 | F1_macro 0.6244 | WorstLoss 2.9375
[Tracker] Ep  297 | AvgR 0.0002 | Global 0.3255 | Local 0.1192 | F1_macro 0.6249 | WorstLoss 2.9218
[Tracker] Ep  298 | AvgR 0.0001 | Global 0.2300 | Local 0.1192 | F1_macro 0.6117 | WorstLoss 3.0829
[Tracker] Ep  299 | AvgR 0.0002 | Global 0.4861 | Local 0.1192 | F1_macro 0.6385 | WorstLoss 2.6871
[Tracker] Ep  300 | AvgR 0.0002 | Global 0.3856 | Local 0.1192 | F1_macro 0.6418 | WorstLoss 2.8282
[Tracker] Saved snapshot: ep0300_phase1_class1
[Tracker] Ep  301 | AvgR 0.0002 | Global 0.3698 | Local 0.1192 | F1_macro 0.6427 | WorstLoss 2.8546
[Tracker] Ep  302 | AvgR 0.0002 | Global 0.3226 | Local 0.1192 | F1_macro 0.6280 | WorstLoss 2.9165
[Tracker] Ep  303 | AvgR 0.0002 | Global 0.4653 | Local 0.1192 | F1_macro 0.6462 | WorstLoss 2.7179
[Tracker] Ep  304 | AvgR 0.0002 | Global 0.3654 | Local 0.1192 | F1_macro 0.6317 | WorstLoss 2.8556
[Tracker] Ep  305 | AvgR 0.0002 | Global 0.4185 | Local 0.1192 | F1_macro 0.6343 | WorstLoss 2.7774
[Tracker] Saved snapshot: ep0305_phase1_class1
[Tracker] Ep  306 | AvgR 0.0002 | Global 0.4971 | Local 0.1192 | F1_macro 0.6438 | WorstLoss 2.6730
[Tracker] Ep  307 | AvgR 0.0002 | Global 0.4321 | Local 0.1192 | F1_macro 0.6406 | WorstLoss 2.7685
[Tracker] Ep  308 | AvgR 0.0002 | Global 0.3155 | Local 0.1192 | F1_macro 0.6336 | WorstLoss 2.9355
[Tracker] Ep  309 | AvgR 0.0002 | Global 0.4053 | Local 0.1192 | F1_macro 0.6223 | WorstLoss 2.8067
[Tracker] Ep  310 | AvgR 0.0002 | Global 0.3247 | Local 0.1192 | F1_macro 0.6224 | WorstLoss 2.9229
[Tracker] Saved snapshot: ep0310_phase1_class1
[Tracker] Ep  311 | AvgR 0.0002 | Global 0.4180 | Local 0.1192 | F1_macro 0.6442 | WorstLoss 2.7864
[Tracker] Ep  312 | AvgR 0.0002 | Global 0.4633 | Local 0.1192 | F1_macro 0.6242 | WorstLoss 2.7153
[Tracker] Ep  313 | AvgR 0.0002 | Global 0.3777 | Local 0.1192 | F1_macro 0.6247 | WorstLoss 2.8424
[Tracker] Ep  314 | AvgR 0.0002 | Global 0.3172 | Local 0.1192 | F1_macro 0.6366 | WorstLoss 2.9360
[Tracker] Ep  315 | AvgR 0.0002 | Global 0.4467 | Local 0.1192 | F1_macro 0.6237 | WorstLoss 2.7385
[Tracker] Saved snapshot: ep0315_phase1_class1
[Tracker] Ep  316 | AvgR 0.0002 | Global 0.3650 | Local 0.1192 | F1_macro 0.6349 | WorstLoss 2.8665
[Tracker] Ep  317 | AvgR 0.0003 | Global 0.5920 | Local 0.1192 | F1_macro 0.6386 | WorstLoss 2.5330
[Tracker] Ep  318 | AvgR 0.0003 | Global 0.5086 | Local 0.1192 | F1_macro 0.6390 | WorstLoss 2.6559
[Tracker] Ep  319 | AvgR 0.0002 | Global 0.3227 | Local 0.1192 | F1_macro 0.6289 | WorstLoss 2.9223
[Tracker] Ep  320 | AvgR 0.0002 | Global 0.3960 | Local 0.1192 | F1_macro 0.6274 | WorstLoss 2.8163
[Tracker] Saved snapshot: ep0320_phase1_class1
[Tracker] Ep  321 | AvgR 0.0002 | Global 0.3599 | Local 0.1192 | F1_macro 0.6335 | WorstLoss 2.8651
[Tracker] Ep  322 | AvgR 0.0002 | Global 0.3840 | Local 0.1192 | F1_macro 0.6581 | WorstLoss 2.8399
[Tracker] Ep  323 | AvgR 0.0002 | Global 0.4075 | Local 0.1192 | F1_macro 0.6398 | WorstLoss 2.8045
[Tracker] Ep  324 | AvgR 0.0002 | Global 0.4136 | Local 0.1192 | F1_macro 0.6321 | WorstLoss 2.7934
[Tracker] Ep  325 | AvgR 0.0002 | Global 0.4444 | Local 0.1192 | F1_macro 0.6439 | WorstLoss 2.7432
[Tracker] Saved snapshot: ep0325_phase1_class1
[Tracker] Ep  326 | AvgR 0.0002 | Global 0.4480 | Local 0.1192 | F1_macro 0.6373 | WorstLoss 2.7365
[Tracker] Ep  327 | AvgR 0.0002 | Global 0.3756 | Local 0.1192 | F1_macro 0.6275 | WorstLoss 2.8453
[Tracker] Ep  328 | AvgR 0.0002 | Global 0.4141 | Local 0.1192 | F1_macro 0.6333 | WorstLoss 2.7777
[Tracker] Ep  329 | AvgR 0.0002 | Global 0.4425 | Local 0.1192 | F1_macro 0.6310 | WorstLoss 2.7438
[Tracker] Ep  330 | AvgR 0.0002 | Global 0.3671 | Local 0.1192 | F1_macro 0.6354 | WorstLoss 2.8517
[Tracker] Saved snapshot: ep0330_phase1_class1
[Tracker] Ep  331 | AvgR 0.0003 | Global 0.5612 | Local 0.1192 | F1_macro 0.6410 | WorstLoss 2.5804
[Tracker] Ep  332 | AvgR 0.0002 | Global 0.4038 | Local 0.1192 | F1_macro 0.6317 | WorstLoss 2.8006
[Tracker] Ep  333 | AvgR 0.0003 | Global 0.5236 | Local 0.1192 | F1_macro 0.6448 | WorstLoss 2.6395
[Tracker] Ep  334 | AvgR 0.0003 | Global 0.5071 | Local 0.1192 | F1_macro 0.6340 | WorstLoss 2.6483
[Tracker] Ep  335 | AvgR 0.0003 | Global 0.5586 | Local 0.1192 | F1_macro 0.6489 | WorstLoss 2.5952
[Tracker] Saved snapshot: ep0335_phase1_class1
[Tracker] Ep  336 | AvgR 0.0002 | Global 0.3544 | Local 0.1192 | F1_macro 0.6275 | WorstLoss 2.8757
[Tracker] Ep  337 | AvgR 0.0002 | Global 0.4578 | Local 0.1192 | F1_macro 0.6438 | WorstLoss 2.7351
[Tracker] Ep  338 | AvgR 0.0003 | Global 0.5456 | Local 0.1192 | F1_macro 0.6373 | WorstLoss 2.5969
[Tracker] Ep  339 | AvgR 0.0002 | Global 0.3855 | Local 0.1192 | F1_macro 0.6374 | WorstLoss 2.8274
[Tracker] Ep  340 | AvgR 0.0003 | Global 0.6020 | Local 0.1192 | F1_macro 0.6270 | WorstLoss 2.5207
[Tracker] Saved snapshot: ep0340_phase1_class1
[Tracker] Ep  341 | AvgR 0.0003 | Global 0.5352 | Local 0.1192 | F1_macro 0.6379 | WorstLoss 2.6173
[Tracker] Ep  342 | AvgR 0.0002 | Global 0.3890 | Local 0.1192 | F1_macro 0.6182 | WorstLoss 2.8250
[Tracker] Ep  343 | AvgR 0.0002 | Global 0.3555 | Local 0.1192 | F1_macro 0.6356 | WorstLoss 2.8727
[Tracker] Ep  344 | AvgR 0.0002 | Global 0.4925 | Local 0.1192 | F1_macro 0.6405 | WorstLoss 2.6762
[Tracker] Ep  345 | AvgR 0.0002 | Global 0.3662 | Local 0.1192 | F1_macro 0.6371 | WorstLoss 2.8581
[Tracker] Saved snapshot: ep0345_phase1_class1
[Tracker] Ep  346 | AvgR 0.0002 | Global 0.4619 | Local 0.1192 | F1_macro 0.6261 | WorstLoss 2.7152
[Tracker] Ep  347 | AvgR 0.0002 | Global 0.4120 | Local 0.1192 | F1_macro 0.6295 | WorstLoss 2.7914
[Tracker] Ep  348 | AvgR 0.0002 | Global 0.3685 | Local 0.1192 | F1_macro 0.6352 | WorstLoss 2.8528
[Tracker] Ep  349 | AvgR 0.0002 | Global 0.4926 | Local 0.1192 | F1_macro 0.6484 | WorstLoss 2.6893
[Tracker] Ep  350 | AvgR 0.0002 | Global 0.3883 | Local 0.1192 | F1_macro 0.6324 | WorstLoss 2.8292
[Tracker] Saved snapshot: ep0350_phase1_class1
[Tracker] Ep  351 | AvgR 0.0002 | Global 0.4629 | Local 0.1192 | F1_macro 0.6290 | WorstLoss 2.7257
[Tracker] Ep  352 | AvgR 0.0003 | Global 0.6049 | Local 0.1192 | F1_macro 0.6361 | WorstLoss 2.5065
[Tracker] Ep  353 | AvgR 0.0003 | Global 0.5150 | Local 0.1192 | F1_macro 0.6433 | WorstLoss 2.6533
[Tracker] Ep  354 | AvgR 0.0002 | Global 0.4014 | Local 0.1192 | F1_macro 0.6380 | WorstLoss 2.8060
[Tracker] Ep  355 | AvgR 0.0002 | Global 0.4512 | Local 0.1192 | F1_macro 0.6413 | WorstLoss 2.7357
[Tracker] Saved snapshot: ep0355_phase1_class1
[Tracker] Ep  356 | AvgR 0.0002 | Global 0.3462 | Local 0.1192 | F1_macro 0.6431 | WorstLoss 2.8928
[Tracker] Ep  357 | AvgR 0.0003 | Global 0.5071 | Local 0.1192 | F1_macro 0.6467 | WorstLoss 2.6610
[Tracker] Ep  358 | AvgR 0.0003 | Global 0.5009 | Local 0.1192 | F1_macro 0.6388 | WorstLoss 2.6800
[Tracker] Ep  359 | AvgR 0.0002 | Global 0.3564 | Local 0.1192 | F1_macro 0.6389 | WorstLoss 2.8770
[Tracker] Ep  360 | AvgR 0.0002 | Global 0.3769 | Local 0.1192 | F1_macro 0.6377 | WorstLoss 2.8382
[Tracker] Saved snapshot: ep0360_phase1_class1
[Tracker] Ep  361 | AvgR 0.0002 | Global 0.3722 | Local 0.1192 | F1_macro 0.6258 | WorstLoss 2.8446
[Tracker] Ep  362 | AvgR 0.0003 | Global 0.5737 | Local 0.1192 | F1_macro 0.6222 | WorstLoss 2.5419
[Tracker] Ep  363 | AvgR 0.0002 | Global 0.4934 | Local 0.1192 | F1_macro 0.6275 | WorstLoss 2.6800
[Tracker] Ep  364 | AvgR 0.0003 | Global 0.5760 | Local 0.1192 | F1_macro 0.6361 | WorstLoss 2.5627
[Tracker] Ep  365 | AvgR 0.0003 | Global 0.5782 | Local 0.1192 | F1_macro 0.6423 | WorstLoss 2.5662
[Tracker] Saved snapshot: ep0365_phase1_class1
[Tracker] Ep  366 | AvgR 0.0002 | Global 0.4027 | Local 0.1192 | F1_macro 0.6391 | WorstLoss 2.8013
[Tracker] Ep  367 | AvgR 0.0002 | Global 0.4775 | Local 0.1192 | F1_macro 0.6436 | WorstLoss 2.7028
[Tracker] Ep  368 | AvgR 0.0002 | Global 0.4229 | Local 0.1192 | F1_macro 0.6332 | WorstLoss 2.7788
[Tracker] Ep  369 | AvgR 0.0003 | Global 0.5934 | Local 0.1192 | F1_macro 0.6431 | WorstLoss 2.5457
[Tracker] Ep  370 | AvgR 0.0003 | Global 0.5014 | Local 0.1192 | F1_macro 0.6374 | WorstLoss 2.6701
[Tracker] Saved snapshot: ep0370_phase1_class1
[Tracker] Ep  371 | AvgR 0.0003 | Global 0.5461 | Local 0.1192 | F1_macro 0.6365 | WorstLoss 2.6167
[Tracker] Ep  372 | AvgR 0.0002 | Global 0.4903 | Local 0.1192 | F1_macro 0.6338 | WorstLoss 2.6837
[Tracker] Ep  373 | AvgR 0.0003 | Global 0.5525 | Local 0.1192 | F1_macro 0.6515 | WorstLoss 2.6031
[Tracker] Ep  374 | AvgR 0.0003 | Global 0.6237 | Local 0.1192 | F1_macro 0.6446 | WorstLoss 2.5044
[Tracker] Ep  375 | AvgR 0.0002 | Global 0.3026 | Local 0.1192 | F1_macro 0.6289 | WorstLoss 2.9537
[Tracker] Saved snapshot: ep0375_phase1_class1
[Tracker] Ep  376 | AvgR 0.0003 | Global 0.5770 | Local 0.1192 | F1_macro 0.6500 | WorstLoss 2.5762
[Tracker] Ep  377 | AvgR 0.0002 | Global 0.4831 | Local 0.1192 | F1_macro 0.6386 | WorstLoss 2.6850
[Tracker] Ep  378 | AvgR 0.0002 | Global 0.4396 | Local 0.1192 | F1_macro 0.6441 | WorstLoss 2.7544
[Tracker] Ep  379 | AvgR 0.0003 | Global 0.5834 | Local 0.1192 | F1_macro 0.6457 | WorstLoss 2.5607
[Tracker] Ep  380 | AvgR 0.0002 | Global 0.4830 | Local 0.1192 | F1_macro 0.6331 | WorstLoss 2.6899
[Tracker] Saved snapshot: ep0380_phase1_class1
[Tracker] Ep  381 | AvgR 0.0002 | Global 0.4899 | Local 0.1192 | F1_macro 0.6352 | WorstLoss 2.6852
[Tracker] Ep  382 | AvgR 0.0002 | Global 0.4232 | Local 0.1192 | F1_macro 0.6363 | WorstLoss 2.7806
[Tracker] Ep  383 | AvgR 0.0003 | Global 0.5583 | Local 0.1192 | F1_macro 0.6434 | WorstLoss 2.5925
[Tracker] Ep  384 | AvgR 0.0002 | Global 0.3952 | Local 0.1192 | F1_macro 0.6363 | WorstLoss 2.8177
[Tracker] Ep  385 | AvgR 0.0002 | Global 0.4966 | Local 0.1192 | F1_macro 0.6440 | WorstLoss 2.6770
[Tracker] Saved snapshot: ep0385_phase1_class1
[Tracker] Ep  386 | AvgR 0.0002 | Global 0.4096 | Local 0.1192 | F1_macro 0.6413 | WorstLoss 2.7982
[Tracker] Ep  387 | AvgR 0.0003 | Global 0.5169 | Local 0.1192 | F1_macro 0.6422 | WorstLoss 2.6520
[Tracker] Ep  388 | AvgR 0.0003 | Global 0.6097 | Local 0.1192 | F1_macro 0.6422 | WorstLoss 2.5256
[Tracker] Ep  389 | AvgR 0.0002 | Global 0.4918 | Local 0.1192 | F1_macro 0.6424 | WorstLoss 2.6886
[Tracker] Ep  390 | AvgR 0.0002 | Global 0.3231 | Local 0.1192 | F1_macro 0.6236 | WorstLoss 2.9259
[Tracker] Saved snapshot: ep0390_phase1_class1
[Tracker] Ep  391 | AvgR 0.0002 | Global 0.4480 | Local 0.1192 | F1_macro 0.6446 | WorstLoss 2.7429
[Tracker] Ep  392 | AvgR 0.0002 | Global 0.4287 | Local 0.1192 | F1_macro 0.6346 | WorstLoss 2.7743
[Tracker] Ep  393 | AvgR 0.0002 | Global 0.4795 | Local 0.1192 | F1_macro 0.6372 | WorstLoss 2.7004
[Tracker] Ep  394 | AvgR 0.0002 | Global 0.4179 | Local 0.1192 | F1_macro 0.6455 | WorstLoss 2.7924
[Tracker] Ep  395 | AvgR 0.0002 | Global 0.4242 | Local 0.1192 | F1_macro 0.6456 | WorstLoss 2.7799
[Tracker] Saved snapshot: ep0395_phase1_class1
[Tracker] Ep  396 | AvgR 0.0002 | Global 0.4382 | Local 0.1192 | F1_macro 0.6411 | WorstLoss 2.7626
[Tracker] Ep  397 | AvgR 0.0003 | Global 0.5828 | Local 0.1192 | F1_macro 0.6408 | WorstLoss 2.5582
[Tracker] Ep  398 | AvgR 0.0003 | Global 0.6006 | Local 0.1192 | F1_macro 0.6414 | WorstLoss 2.5216
[Tracker] Ep  399 | AvgR 0.0003 | Global 0.5190 | Local 0.1192 | F1_macro 0.6439 | WorstLoss 2.6478
[Tracker] Ep  400 | AvgR 0.0003 | Global 0.5190 | Local 0.1192 | F1_macro 0.6386 | WorstLoss 2.6373
[Tracker] Saved snapshot: ep0400_phase1_class1
[Tracker] Ep  401 | AvgR 0.0002 | Global 0.4364 | Local 0.1192 | F1_macro 0.6315 | WorstLoss 2.7631
[Tracker] Ep  402 | AvgR 0.0002 | Global 0.4385 | Local 0.1192 | F1_macro 0.6366 | WorstLoss 2.7608
[Tracker] Ep  403 | AvgR 0.0002 | Global 0.4394 | Local 0.1192 | F1_macro 0.6380 | WorstLoss 2.7550
[Tracker] Ep  404 | AvgR 0.0002 | Global 0.3891 | Local 0.1192 | F1_macro 0.6344 | WorstLoss 2.8278
[Tracker] Ep  405 | AvgR 0.0003 | Global 0.5253 | Local 0.1192 | F1_macro 0.6305 | WorstLoss 2.6386
[Tracker] Saved snapshot: ep0405_phase1_class1
[Tracker] Ep  406 | AvgR 0.0003 | Global 0.5173 | Local 0.1192 | F1_macro 0.6383 | WorstLoss 2.6539
[Tracker] Ep  407 | AvgR 0.0002 | Global 0.4422 | Local 0.1192 | F1_macro 0.6329 | WorstLoss 2.7385
[Tracker] Ep  408 | AvgR 0.0002 | Global 0.3918 | Local 0.1192 | F1_macro 0.6206 | WorstLoss 2.8259
[Tracker] Ep  409 | AvgR 0.0002 | Global 0.4752 | Local 0.1192 | F1_macro 0.6134 | WorstLoss 2.7093
[Tracker] Ep  410 | AvgR 0.0003 | Global 0.5646 | Local 0.1192 | F1_macro 0.6400 | WorstLoss 2.5886
[Tracker] Saved snapshot: ep0410_phase1_class1
[Tracker] Ep  411 | AvgR 0.0001 | Global 0.2739 | Local 0.1192 | F1_macro 0.6117 | WorstLoss 3.0029
[Tracker] Ep  412 | AvgR 0.0003 | Global 0.5983 | Local 0.1192 | F1_macro 0.6445 | WorstLoss 2.5369
[Tracker] Ep  413 | AvgR 0.0003 | Global 0.6344 | Local 0.1192 | F1_macro 0.6393 | WorstLoss 2.4754
[Tracker] Ep  414 | AvgR 0.0003 | Global 0.5291 | Local 0.1192 | F1_macro 0.6440 | WorstLoss 2.6394
[Tracker] Ep  415 | AvgR 0.0002 | Global 0.3224 | Local 0.1192 | F1_macro 0.6109 | WorstLoss 2.9263
[Tracker] Saved snapshot: ep0415_phase1_class1
[Tracker] Ep  416 | AvgR 0.0003 | Global 0.5331 | Local 0.1192 | F1_macro 0.6479 | WorstLoss 2.6348
[Tracker] Ep  417 | AvgR 0.0003 | Global 0.5077 | Local 0.1192 | F1_macro 0.6448 | WorstLoss 2.6669
[Tracker] Ep  418 | AvgR 0.0002 | Global 0.4213 | Local 0.1192 | F1_macro 0.6410 | WorstLoss 2.7779
[Tracker] Ep  419 | AvgR 0.0003 | Global 0.6069 | Local 0.1192 | F1_macro 0.6563 | WorstLoss 2.5305
[Tracker] Ep  420 | AvgR 0.0002 | Global 0.4488 | Local 0.1192 | F1_macro 0.6391 | WorstLoss 2.7481
[Tracker] Saved snapshot: ep0420_phase1_class1
[Tracker] Ep  421 | AvgR 0.0002 | Global 0.4456 | Local 0.1192 | F1_macro 0.6435 | WorstLoss 2.7484
[Tracker] Ep  422 | AvgR 0.0002 | Global 0.4803 | Local 0.1192 | F1_macro 0.6468 | WorstLoss 2.7074
[Tracker] Ep  423 | AvgR 0.0003 | Global 0.5376 | Local 0.1192 | F1_macro 0.6410 | WorstLoss 2.6189
[Tracker] Ep  424 | AvgR 0.0003 | Global 0.5424 | Local 0.1192 | F1_macro 0.6441 | WorstLoss 2.6190
[Tracker] Ep  425 | AvgR 0.0003 | Global 0.5090 | Local 0.1192 | F1_macro 0.6321 | WorstLoss 2.6559
[Tracker] Saved snapshot: ep0425_phase1_class1
[Tracker] Ep  426 | AvgR 0.0002 | Global 0.3738 | Local 0.1192 | F1_macro 0.6310 | WorstLoss 2.8475
[Tracker] Ep  427 | AvgR 0.0002 | Global 0.3982 | Local 0.1192 | F1_macro 0.6408 | WorstLoss 2.8168
[Tracker] Ep  428 | AvgR 0.0002 | Global 0.4692 | Local 0.1192 | F1_macro 0.6284 | WorstLoss 2.7074
[Tracker] Ep  429 | AvgR 0.0002 | Global 0.3929 | Local 0.1192 | F1_macro 0.6442 | WorstLoss 2.8205
[Tracker] Ep  430 | AvgR 0.0002 | Global 0.4232 | Local 0.1192 | F1_macro 0.6381 | WorstLoss 2.7792
[Tracker] Saved snapshot: ep0430_phase1_class1
[Tracker] Ep  431 | AvgR 0.0002 | Global 0.3587 | Local 0.1192 | F1_macro 0.6363 | WorstLoss 2.8740
[Tracker] Ep  432 | AvgR 0.0002 | Global 0.4407 | Local 0.1192 | F1_macro 0.6376 | WorstLoss 2.7600
[Tracker] Ep  433 | AvgR 0.0003 | Global 0.5523 | Local 0.1192 | F1_macro 0.6511 | WorstLoss 2.6058
[Tracker] Ep  434 | AvgR 0.0002 | Global 0.3767 | Local 0.1192 | F1_macro 0.6277 | WorstLoss 2.8425
[Tracker] Ep  435 | AvgR 0.0003 | Global 0.5203 | Local 0.1192 | F1_macro 0.6269 | WorstLoss 2.6482
[Tracker] Saved snapshot: ep0435_phase1_class1
[Tracker] Ep  436 | AvgR 0.0002 | Global 0.4133 | Local 0.1192 | F1_macro 0.6249 | WorstLoss 2.8021
[Tracker] Ep  437 | AvgR 0.0002 | Global 0.4607 | Local 0.1192 | F1_macro 0.6405 | WorstLoss 2.7340
[Tracker] Ep  438 | AvgR 0.0002 | Global 0.4778 | Local 0.1192 | F1_macro 0.6383 | WorstLoss 2.7065
[Tracker] Ep  439 | AvgR 0.0002 | Global 0.4382 | Local 0.1192 | F1_macro 0.6272 | WorstLoss 2.7523
[Tracker] Ep  440 | AvgR 0.0003 | Global 0.5674 | Local 0.1192 | F1_macro 0.6549 | WorstLoss 2.5834
[Tracker] Saved snapshot: ep0440_phase1_class1
[Tracker] Ep  441 | AvgR 0.0002 | Global 0.4187 | Local 0.1192 | F1_macro 0.6416 | WorstLoss 2.7942
[Tracker] Ep  442 | AvgR 0.0002 | Global 0.4482 | Local 0.1192 | F1_macro 0.6121 | WorstLoss 2.7412
[Tracker] Ep  443 | AvgR 0.0003 | Global 0.5490 | Local 0.1192 | F1_macro 0.6402 | WorstLoss 2.6104
[Tracker] Ep  444 | AvgR 0.0002 | Global 0.3376 | Local 0.1192 | F1_macro 0.6315 | WorstLoss 2.9031
[Tracker] Ep  445 | AvgR 0.0002 | Global 0.4100 | Local 0.1192 | F1_macro 0.6405 | WorstLoss 2.7891
[Tracker] Saved snapshot: ep0445_phase1_class1
[Tracker] Ep  446 | AvgR 0.0002 | Global 0.3756 | Local 0.1192 | F1_macro 0.6412 | WorstLoss 2.8474
[Tracker] Ep  447 | AvgR 0.0002 | Global 0.4277 | Local 0.1192 | F1_macro 0.6424 | WorstLoss 2.7815
[Tracker] Ep  448 | AvgR 0.0002 | Global 0.4430 | Local 0.1192 | F1_macro 0.6299 | WorstLoss 2.7553
[Tracker] Ep  449 | AvgR 0.0002 | Global 0.4470 | Local 0.1192 | F1_macro 0.6398 | WorstLoss 2.7468
[Tracker] Ep  450 | AvgR 0.0003 | Global 0.5713 | Local 0.1192 | F1_macro 0.6444 | WorstLoss 2.5733
[Tracker] Saved snapshot: ep0450_phase1_class1
[Tracker] Ep  451 | AvgR 0.0002 | Global 0.4668 | Local 0.1192 | F1_macro 0.6410 | WorstLoss 2.7200
[Tracker] Ep  452 | AvgR 0.0003 | Global 0.5209 | Local 0.1192 | F1_macro 0.6294 | WorstLoss 2.6397
[Tracker] Ep  453 | AvgR 0.0002 | Global 0.3055 | Local 0.1192 | F1_macro 0.6201 | WorstLoss 2.9503
[Tracker] Ep  454 | AvgR 0.0002 | Global 0.4075 | Local 0.1192 | F1_macro 0.6189 | WorstLoss 2.7948
[Tracker] Ep  455 | AvgR 0.0003 | Global 0.5943 | Local 0.1192 | F1_macro 0.6558 | WorstLoss 2.5538
[Tracker] Saved snapshot: ep0455_phase1_class1
[Tracker] Ep  456 | AvgR 0.0002 | Global 0.4741 | Local 0.1192 | F1_macro 0.6335 | WorstLoss 2.7093
[Tracker] Ep  457 | AvgR 0.0002 | Global 0.4937 | Local 0.1192 | F1_macro 0.6476 | WorstLoss 2.6842
[Tracker] Ep  458 | AvgR 0.0003 | Global 0.5285 | Local 0.1192 | F1_macro 0.6481 | WorstLoss 2.6306
[Tracker] Ep  459 | AvgR 0.0003 | Global 0.5295 | Local 0.1192 | F1_macro 0.6473 | WorstLoss 2.6352
[Tracker] Ep  460 | AvgR 0.0003 | Global 0.5180 | Local 0.1192 | F1_macro 0.6395 | WorstLoss 2.6407
[Tracker] Saved snapshot: ep0460_phase1_class1
[Tracker] Ep  461 | AvgR 0.0002 | Global 0.4725 | Local 0.1192 | F1_macro 0.6485 | WorstLoss 2.7121
[Tracker] Ep  462 | AvgR 0.0003 | Global 0.5224 | Local 0.1192 | F1_macro 0.6405 | WorstLoss 2.6339
[Tracker] Ep  463 | AvgR 0.0003 | Global 0.5906 | Local 0.1192 | F1_macro 0.6430 | WorstLoss 2.5413
[Tracker] Ep  464 | AvgR 0.0002 | Global 0.4887 | Local 0.1192 | F1_macro 0.6402 | WorstLoss 2.6901
[Tracker] Ep  465 | AvgR 0.0002 | Global 0.3604 | Local 0.1192 | F1_macro 0.6419 | WorstLoss 2.8751
[Tracker] Saved snapshot: ep0465_phase1_class1
[Tracker] Ep  466 | AvgR 0.0002 | Global 0.4888 | Local 0.1192 | F1_macro 0.6382 | WorstLoss 2.6962
[Tracker] Ep  467 | AvgR 0.0002 | Global 0.3747 | Local 0.1192 | F1_macro 0.6233 | WorstLoss 2.8554
[Tracker] Ep  468 | AvgR 0.0002 | Global 0.4214 | Local 0.1192 | F1_macro 0.6439 | WorstLoss 2.7914
[Tracker] Ep  469 | AvgR 0.0002 | Global 0.4078 | Local 0.1192 | F1_macro 0.6349 | WorstLoss 2.8014
[Tracker] Ep  470 | AvgR 0.0003 | Global 0.5078 | Local 0.1192 | F1_macro 0.6384 | WorstLoss 2.6670
[Tracker] Saved snapshot: ep0470_phase1_class1
[Tracker] Ep  471 | AvgR 0.0002 | Global 0.3933 | Local 0.1192 | F1_macro 0.6342 | WorstLoss 2.8320
[Tracker] Ep  472 | AvgR 0.0002 | Global 0.3704 | Local 0.1192 | F1_macro 0.6271 | WorstLoss 2.8657
[Tracker] Ep  473 | AvgR 0.0003 | Global 0.5724 | Local 0.1192 | F1_macro 0.6495 | WorstLoss 2.5719
[Tracker] Ep  474 | AvgR 0.0002 | Global 0.4519 | Local 0.1192 | F1_macro 0.6289 | WorstLoss 2.7449
[Tracker] Ep  475 | AvgR 0.0003 | Global 0.5342 | Local 0.1192 | F1_macro 0.6383 | WorstLoss 2.6232
[Tracker] Saved snapshot: ep0475_phase1_class1
[Tracker] Ep  476 | AvgR 0.0003 | Global 0.5428 | Local 0.1192 | F1_macro 0.6335 | WorstLoss 2.6138
[Tracker] Ep  477 | AvgR 0.0003 | Global 0.5129 | Local 0.1192 | F1_macro 0.6307 | WorstLoss 2.6591
[Tracker] Ep  478 | AvgR 0.0002 | Global 0.4505 | Local 0.1192 | F1_macro 0.6358 | WorstLoss 2.7434
[Tracker] Ep  479 | AvgR 0.0003 | Global 0.6905 | Local 0.1192 | F1_macro 0.6400 | WorstLoss 2.3788
[Tracker] Ep  480 | AvgR 0.0003 | Global 0.6064 | Local 0.1192 | F1_macro 0.6277 | WorstLoss 2.5180
[Tracker] Saved snapshot: ep0480_phase1_class1
[Tracker] Ep  481 | AvgR 0.0002 | Global 0.4819 | Local 0.1192 | F1_macro 0.6352 | WorstLoss 2.6975
[Tracker] Ep  482 | AvgR 0.0002 | Global 0.4520 | Local 0.1192 | F1_macro 0.6349 | WorstLoss 2.7395
[Tracker] Ep  483 | AvgR 0.0003 | Global 0.5341 | Local 0.1192 | F1_macro 0.6469 | WorstLoss 2.6322
[Tracker] Ep  484 | AvgR 0.0002 | Global 0.4230 | Local 0.1192 | F1_macro 0.6403 | WorstLoss 2.7754
[Tracker] Ep  485 | AvgR 0.0003 | Global 0.5097 | Local 0.1192 | F1_macro 0.6399 | WorstLoss 2.6571
[Tracker] Saved snapshot: ep0485_phase1_class1
[Tracker] Ep  486 | AvgR 0.0002 | Global 0.3566 | Local 0.1192 | F1_macro 0.6077 | WorstLoss 2.8710
[Tracker] Ep  487 | AvgR 0.0002 | Global 0.4203 | Local 0.1192 | F1_macro 0.6282 | WorstLoss 2.7868
[Tracker] Ep  488 | AvgR 0.0002 | Global 0.4455 | Local 0.1192 | F1_macro 0.6340 | WorstLoss 2.7469
[Tracker] Ep  489 | AvgR 0.0003 | Global 0.5744 | Local 0.1192 | F1_macro 0.6382 | WorstLoss 2.5668
[Tracker] Ep  490 | AvgR 0.0003 | Global 0.5437 | Local 0.1192 | F1_macro 0.6376 | WorstLoss 2.6182
[Tracker] Saved snapshot: ep0490_phase1_class1
[Tracker] Ep  491 | AvgR 0.0003 | Global 0.6104 | Local 0.1192 | F1_macro 0.6341 | WorstLoss 2.5002
[Tracker] Ep  492 | AvgR 0.0002 | Global 0.3732 | Local 0.1192 | F1_macro 0.6236 | WorstLoss 2.8522
[Tracker] Ep  493 | AvgR 0.0002 | Global 0.4221 | Local 0.1192 | F1_macro 0.6377 | WorstLoss 2.7857
[Tracker] Ep  494 | AvgR 0.0003 | Global 0.6316 | Local 0.1192 | F1_macro 0.6472 | WorstLoss 2.4970
[Tracker] Ep  495 | AvgR 0.0002 | Global 0.4621 | Local 0.1192 | F1_macro 0.6400 | WorstLoss 2.7322
[Tracker] Saved snapshot: ep0495_phase1_class1
[Tracker] Ep  496 | AvgR 0.0003 | Global 0.5128 | Local 0.1192 | F1_macro 0.6408 | WorstLoss 2.6594
[Tracker] Ep  497 | AvgR 0.0003 | Global 0.5034 | Local 0.1192 | F1_macro 0.6368 | WorstLoss 2.6576
[Tracker] Ep  498 | AvgR 0.0003 | Global 0.5724 | Local 0.1192 | F1_macro 0.6507 | WorstLoss 2.5797
[Tracker] Ep  499 | AvgR 0.0003 | Global 0.5297 | Local 0.1192 | F1_macro 0.6419 | WorstLoss 2.6344
[Tracker] Ep  500 | AvgR 0.0002 | Global 0.4084 | Local 0.1192 | F1_macro 0.6250 | WorstLoss 2.7999
[Tracker] Saved snapshot: ep0500_phase1_class1
[Tracker] Ep  501 | AvgR 0.0003 | Global 0.5013 | Local 0.1192 | F1_macro 0.6380 | WorstLoss 2.6786
[Tracker] Ep  502 | AvgR 0.0002 | Global 0.3886 | Local 0.1192 | F1_macro 0.6393 | WorstLoss 2.8280
[Tracker] Ep  503 | AvgR 0.0002 | Global 0.3704 | Local 0.1192 | F1_macro 0.6389 | WorstLoss 2.8661
[Tracker] Ep  504 | AvgR 0.0003 | Global 0.5568 | Local 0.1192 | F1_macro 0.6410 | WorstLoss 2.5985
[Tracker] Ep  505 | AvgR 0.0003 | Global 0.5895 | Local 0.1192 | F1_macro 0.6442 | WorstLoss 2.5536
[Tracker] Saved snapshot: ep0505_phase1_class1
[Tracker] Ep  506 | AvgR 0.0002 | Global 0.4135 | Local 0.1192 | F1_macro 0.6414 | WorstLoss 2.7967
[Tracker] Ep  507 | AvgR 0.0002 | Global 0.4876 | Local 0.1192 | F1_macro 0.6388 | WorstLoss 2.6989
[Tracker] Ep  508 | AvgR 0.0002 | Global 0.4981 | Local 0.1192 | F1_macro 0.6363 | WorstLoss 2.6817
[Tracker] Ep  509 | AvgR 0.0002 | Global 0.4450 | Local 0.1192 | F1_macro 0.6467 | WorstLoss 2.7530
[Tracker] Ep  510 | AvgR 0.0003 | Global 0.5386 | Local 0.1192 | F1_macro 0.6328 | WorstLoss 2.6118
[Tracker] Saved snapshot: ep0510_phase1_class1
[Tracker] Ep  511 | AvgR 0.0002 | Global 0.4841 | Local 0.1192 | F1_macro 0.6387 | WorstLoss 2.6974
[Tracker] Ep  512 | AvgR 0.0002 | Global 0.4817 | Local 0.1192 | F1_macro 0.6372 | WorstLoss 2.7081
[Tracker] Ep  513 | AvgR 0.0003 | Global 0.5314 | Local 0.1192 | F1_macro 0.6311 | WorstLoss 2.6301
[Tracker] Ep  514 | AvgR 0.0002 | Global 0.3365 | Local 0.1192 | F1_macro 0.6182 | WorstLoss 2.9042
[Tracker] Ep  515 | AvgR 0.0002 | Global 0.4234 | Local 0.1192 | F1_macro 0.6532 | WorstLoss 2.7884
[Tracker] Saved snapshot: ep0515_phase1_class1
[Tracker] Ep  516 | AvgR 0.0003 | Global 0.5228 | Local 0.1192 | F1_macro 0.6455 | WorstLoss 2.6503
[Tracker] Ep  517 | AvgR 0.0002 | Global 0.4744 | Local 0.1192 | F1_macro 0.6380 | WorstLoss 2.7104
[Tracker] Ep  518 | AvgR 0.0003 | Global 0.5231 | Local 0.1192 | F1_macro 0.6401 | WorstLoss 2.6395
[Tracker] Ep  519 | AvgR 0.0002 | Global 0.4503 | Local 0.1192 | F1_macro 0.6323 | WorstLoss 2.7433
[Tracker] Ep  520 | AvgR 0.0003 | Global 0.6154 | Local 0.1192 | F1_macro 0.6394 | WorstLoss 2.5252
[Tracker] Saved snapshot: ep0520_phase1_class1
[Tracker] Ep  521 | AvgR 0.0002 | Global 0.4818 | Local 0.1192 | F1_macro 0.6352 | WorstLoss 2.6986
[Tracker] Ep  522 | AvgR 0.0003 | Global 0.5697 | Local 0.1192 | F1_macro 0.6462 | WorstLoss 2.5825
[Tracker] Ep  523 | AvgR 0.0002 | Global 0.4994 | Local 0.1192 | F1_macro 0.6372 | WorstLoss 2.6745
[Tracker] Ep  524 | AvgR 0.0002 | Global 0.4570 | Local 0.1192 | F1_macro 0.6324 | WorstLoss 2.7313
[Tracker] Ep  525 | AvgR 0.0003 | Global 0.5296 | Local 0.1192 | F1_macro 0.6483 | WorstLoss 2.6340
[Tracker] Saved snapshot: ep0525_phase1_class1
[Tracker] Ep  526 | AvgR 0.0001 | Global 0.2255 | Local 0.1192 | F1_macro 0.6405 | WorstLoss 3.0981
[Tracker] Ep  527 | AvgR 0.0002 | Global 0.4133 | Local 0.1192 | F1_macro 0.6424 | WorstLoss 2.7985
[Tracker] Ep  528 | AvgR 0.0002 | Global 0.3287 | Local 0.1192 | F1_macro 0.6415 | WorstLoss 2.9226
[Tracker] Ep  529 | AvgR 0.0003 | Global 0.5909 | Local 0.1192 | F1_macro 0.6466 | WorstLoss 2.5414
[Tracker] Ep  530 | AvgR 0.0002 | Global 0.4670 | Local 0.1192 | F1_macro 0.6348 | WorstLoss 2.7244
[Tracker] Saved snapshot: ep0530_phase1_class1
[Tracker] Ep  531 | AvgR 0.0003 | Global 0.5175 | Local 0.1192 | F1_macro 0.6470 | WorstLoss 2.6602
[Tracker] Ep  532 | AvgR 0.0002 | Global 0.4738 | Local 0.1192 | F1_macro 0.6449 | WorstLoss 2.7073
[Tracker] Ep  533 | AvgR 0.0003 | Global 0.6496 | Local 0.1192 | F1_macro 0.6528 | WorstLoss 2.4692
[Tracker] Ep  534 | AvgR 0.0003 | Global 0.5285 | Local 0.1192 | F1_macro 0.6389 | WorstLoss 2.6305
[Tracker] Ep  535 | AvgR 0.0003 | Global 0.5099 | Local 0.1192 | F1_macro 0.6463 | WorstLoss 2.6697
[Tracker] Saved snapshot: ep0535_phase1_class1
[Tracker] Ep  536 | AvgR 0.0002 | Global 0.4214 | Local 0.1192 | F1_macro 0.6505 | WorstLoss 2.7888
[Tracker] Ep  537 | AvgR 0.0003 | Global 0.6078 | Local 0.1192 | F1_macro 0.6399 | WorstLoss 2.5237
[Tracker] Ep  538 | AvgR 0.0004 | Global 0.7032 | Local 0.1192 | F1_macro 0.6352 | WorstLoss 2.3700
[Tracker] Ep  539 | AvgR 0.0002 | Global 0.4414 | Local 0.1192 | F1_macro 0.6337 | WorstLoss 2.7441
[Tracker] Ep  540 | AvgR 0.0003 | Global 0.6141 | Local 0.1192 | F1_macro 0.6418 | WorstLoss 2.5162
[Tracker] Saved snapshot: ep0540_phase1_class1
[Tracker] Ep  541 | AvgR 0.0002 | Global 0.3768 | Local 0.1192 | F1_macro 0.6302 | WorstLoss 2.8490
[Tracker] Ep  542 | AvgR 0.0002 | Global 0.4640 | Local 0.1192 | F1_macro 0.6448 | WorstLoss 2.7316
[Tracker] Ep  543 | AvgR 0.0002 | Global 0.4286 | Local 0.1192 | F1_macro 0.6337 | WorstLoss 2.7756
[Tracker] Ep  544 | AvgR 0.0003 | Global 0.5792 | Local 0.1192 | F1_macro 0.6402 | WorstLoss 2.5769
[Tracker] Ep  545 | AvgR 0.0002 | Global 0.3943 | Local 0.1192 | F1_macro 0.6263 | WorstLoss 2.8208
[Tracker] Saved snapshot: ep0545_phase1_class1
[Tracker] Ep  546 | AvgR 0.0003 | Global 0.5183 | Local 0.1192 | F1_macro 0.6458 | WorstLoss 2.6589
[Tracker] Ep  547 | AvgR 0.0003 | Global 0.6347 | Local 0.1192 | F1_macro 0.6402 | WorstLoss 2.4747
[Tracker] Ep  548 | AvgR 0.0002 | Global 0.4906 | Local 0.1192 | F1_macro 0.6396 | WorstLoss 2.6963
[Tracker] Ep  549 | AvgR 0.0003 | Global 0.6019 | Local 0.1192 | F1_macro 0.6319 | WorstLoss 2.5184
[Tracker] Ep  550 | AvgR 0.0002 | Global 0.4964 | Local 0.1192 | F1_macro 0.6464 | WorstLoss 2.6848
[Tracker] Saved snapshot: ep0550_phase1_class1
[Tracker] Ep  551 | AvgR 0.0002 | Global 0.4171 | Local 0.1192 | F1_macro 0.6453 | WorstLoss 2.7854
[Tracker] Ep  552 | AvgR 0.0003 | Global 0.5822 | Local 0.1192 | F1_macro 0.6373 | WorstLoss 2.5630
[Tracker] Ep  553 | AvgR 0.0003 | Global 0.6307 | Local 0.1192 | F1_macro 0.6366 | WorstLoss 2.4847
[Tracker] Ep  554 | AvgR 0.0002 | Global 0.4269 | Local 0.1192 | F1_macro 0.6407 | WorstLoss 2.7817
[Tracker] Ep  555 | AvgR 0.0002 | Global 0.4659 | Local 0.1192 | F1_macro 0.6387 | WorstLoss 2.7293
[Tracker] Saved snapshot: ep0555_phase1_class1
[Tracker] Ep  556 | AvgR 0.0003 | Global 0.6177 | Local 0.1192 | F1_macro 0.6368 | WorstLoss 2.5092
[Tracker] Ep  557 | AvgR 0.0003 | Global 0.5226 | Local 0.1192 | F1_macro 0.6405 | WorstLoss 2.6512
[Tracker] Ep  558 | AvgR 0.0004 | Global 0.7127 | Local 0.1192 | F1_macro 0.6443 | WorstLoss 2.3653
[Tracker] Ep  559 | AvgR 0.0003 | Global 0.5085 | Local 0.1192 | F1_macro 0.6407 | WorstLoss 2.6631
[Tracker] Ep  560 | AvgR 0.0003 | Global 0.5518 | Local 0.1192 | F1_macro 0.6488 | WorstLoss 2.6108
[Tracker] Saved snapshot: ep0560_phase1_class1
[Tracker] Ep  561 | AvgR 0.0003 | Global 0.5249 | Local 0.1192 | F1_macro 0.6376 | WorstLoss 2.6550
[Tracker] Ep  562 | AvgR 0.0002 | Global 0.4993 | Local 0.1192 | F1_macro 0.6484 | WorstLoss 2.6823
[Tracker] Ep  563 | AvgR 0.0002 | Global 0.4821 | Local 0.1192 | F1_macro 0.6421 | WorstLoss 2.7045
[Tracker] Ep  564 | AvgR 0.0003 | Global 0.6060 | Local 0.1192 | F1_macro 0.6481 | WorstLoss 2.5348
[Tracker] Ep  565 | AvgR 0.0002 | Global 0.3801 | Local 0.1192 | F1_macro 0.6484 | WorstLoss 2.8527
[Tracker] Saved snapshot: ep0565_phase1_class1
[Tracker] Ep  566 | AvgR 0.0003 | Global 0.5205 | Local 0.1192 | F1_macro 0.6449 | WorstLoss 2.6555
[Tracker] Ep  567 | AvgR 0.0003 | Global 0.5182 | Local 0.1192 | F1_macro 0.6661 | WorstLoss 2.6631
[Tracker] Ep  568 | AvgR 0.0003 | Global 0.5431 | Local 0.1192 | F1_macro 0.6418 | WorstLoss 2.6199
[Tracker] Ep  569 | AvgR 0.0002 | Global 0.4420 | Local 0.1192 | F1_macro 0.6256 | WorstLoss 2.7521
[Tracker] Ep  570 | AvgR 0.0003 | Global 0.5303 | Local 0.1192 | F1_macro 0.6425 | WorstLoss 2.6349
[Tracker] Saved snapshot: ep0570_phase1_class1
[Tracker] Ep  571 | AvgR 0.0002 | Global 0.4625 | Local 0.1192 | F1_macro 0.6369 | WorstLoss 2.7237
[Tracker] Ep  572 | AvgR 0.0003 | Global 0.5085 | Local 0.1192 | F1_macro 0.6403 | WorstLoss 2.6627
[Tracker] Ep  573 | AvgR 0.0002 | Global 0.4421 | Local 0.1192 | F1_macro 0.6433 | WorstLoss 2.7554
[Tracker] Ep  574 | AvgR 0.0002 | Global 0.4633 | Local 0.1192 | F1_macro 0.6468 | WorstLoss 2.7379
[Tracker] Ep  575 | AvgR 0.0002 | Global 0.4323 | Local 0.1192 | F1_macro 0.6408 | WorstLoss 2.7714
[Tracker] Saved snapshot: ep0575_phase1_class1
[Tracker] Ep  576 | AvgR 0.0003 | Global 0.5290 | Local 0.1192 | F1_macro 0.6494 | WorstLoss 2.6449
[Tracker] Ep  577 | AvgR 0.0003 | Global 0.6584 | Local 0.1192 | F1_macro 0.6424 | WorstLoss 2.4495
[Tracker] Ep  578 | AvgR 0.0002 | Global 0.3540 | Local 0.1192 | F1_macro 0.6422 | WorstLoss 2.8866
[Tracker] Ep  579 | AvgR 0.0003 | Global 0.5303 | Local 0.1192 | F1_macro 0.6501 | WorstLoss 2.6342
[Tracker] Ep  580 | AvgR 0.0002 | Global 0.4286 | Local 0.1192 | F1_macro 0.6427 | WorstLoss 2.7789
[Tracker] Saved snapshot: ep0580_phase1_class1
[Tracker] Ep  581 | AvgR 0.0003 | Global 0.5593 | Local 0.1192 | F1_macro 0.6418 | WorstLoss 2.5912
[Tracker] Ep  582 | AvgR 0.0002 | Global 0.4204 | Local 0.1192 | F1_macro 0.6234 | WorstLoss 2.7827
[Tracker] Ep  583 | AvgR 0.0002 | Global 0.4518 | Local 0.1192 | F1_macro 0.6402 | WorstLoss 2.7385
[Tracker] Ep  584 | AvgR 0.0002 | Global 0.3882 | Local 0.1192 | F1_macro 0.6355 | WorstLoss 2.8375
[Tracker] Ep  585 | AvgR 0.0002 | Global 0.4683 | Local 0.1192 | F1_macro 0.6458 | WorstLoss 2.7273
[Tracker] Saved snapshot: ep0585_phase1_class1
[Tracker] Ep  586 | AvgR 0.0003 | Global 0.6167 | Local 0.1192 | F1_macro 0.6483 | WorstLoss 2.5102
[Tracker] Ep  587 | AvgR 0.0003 | Global 0.6403 | Local 0.1192 | F1_macro 0.6508 | WorstLoss 2.4819
[Tracker] Ep  588 | AvgR 0.0002 | Global 0.3608 | Local 0.1192 | F1_macro 0.6469 | WorstLoss 2.8824
[Tracker] Ep  589 | AvgR 0.0003 | Global 0.6142 | Local 0.1192 | F1_macro 0.6491 | WorstLoss 2.5211
[Tracker] Ep  590 | AvgR 0.0003 | Global 0.5352 | Local 0.1192 | F1_macro 0.6462 | WorstLoss 2.6329
[Tracker] Saved snapshot: ep0590_phase1_class1
[Tracker] Ep  591 | AvgR 0.0003 | Global 0.5890 | Local 0.1192 | F1_macro 0.6448 | WorstLoss 2.5607
[Tracker] Ep  592 | AvgR 0.0004 | Global 0.7042 | Local 0.1192 | F1_macro 0.6586 | WorstLoss 2.3952
[Tracker] Ep  593 | AvgR 0.0003 | Global 0.6375 | Local 0.1192 | F1_macro 0.6514 | WorstLoss 2.4891
[Tracker] Ep  594 | AvgR 0.0002 | Global 0.4458 | Local 0.1192 | F1_macro 0.6321 | WorstLoss 2.7516
[Tracker] Ep  595 | AvgR 0.0002 | Global 0.4201 | Local 0.1192 | F1_macro 0.6368 | WorstLoss 2.7888
[Tracker] Saved snapshot: ep0595_phase1_class1
[Tracker] Ep  596 | AvgR 0.0003 | Global 0.5028 | Local 0.1192 | F1_macro 0.6513 | WorstLoss 2.6829
[Tracker] Ep  597 | AvgR 0.0003 | Global 0.6149 | Local 0.1192 | F1_macro 0.6515 | WorstLoss 2.5241
[Tracker] Ep  598 | AvgR 0.0002 | Global 0.4542 | Local 0.1192 | F1_macro 0.6340 | WorstLoss 2.7454
[Tracker] Ep  599 | AvgR 0.0002 | Global 0.3840 | Local 0.1192 | F1_macro 0.6281 | WorstLoss 2.8333
[Tracker] Ep  600 | AvgR 0.0003 | Global 0.5882 | Local 0.1192 | F1_macro 0.6440 | WorstLoss 2.5579
[Tracker] Saved snapshot: ep0600_phase1_class1
[Tracker] Ep  601 | AvgR 0.0003 | Global 0.6296 | Local 0.1192 | F1_macro 0.6245 | WorstLoss 2.4928
[Tracker] Ep  602 | AvgR 0.0002 | Global 0.4859 | Local 0.1192 | F1_macro 0.6396 | WorstLoss 2.7025
[Tracker] Ep  603 | AvgR 0.0003 | Global 0.6288 | Local 0.1192 | F1_macro 0.6402 | WorstLoss 2.4839
[Tracker] Ep  604 | AvgR 0.0003 | Global 0.5217 | Local 0.1192 | F1_macro 0.6414 | WorstLoss 2.6445
[Tracker] Ep  605 | AvgR 0.0004 | Global 0.7647 | Local 0.1192 | F1_macro 0.6430 | WorstLoss 2.2658
[Tracker] Saved snapshot: ep0605_phase1_class1
[Tracker] New BEST synthetic [phase1_class1] (by global.global_obj: 0.764735) saved.
[Tracker] BEST β weights [phase1_class1] saved -> training_runs/SPECcompas_v18k3_ep3000_gpu1_EP3000_PCA10_REWfairness_minID0_majID1_TRJ2000_REAL3000_BIAS0.05_GG202604111115_d5681707/seed_2/best_beta_state_dict_phase1_class1.pt
[Tracker] Ep  606 | AvgR 0.0003 | Global 0.6271 | Local 0.1192 | F1_macro 0.6442 | WorstLoss 2.4899
[Tracker] Ep  607 | AvgR 0.0003 | Global 0.6214 | Local 0.1192 | F1_macro 0.6537 | WorstLoss 2.5108
[Tracker] Ep  608 | AvgR 0.0003 | Global 0.5067 | Local 0.1192 | F1_macro 0.6483 | WorstLoss 2.6823
[Tracker] Ep  609 | AvgR 0.0003 | Global 0.5952 | Local 0.1192 | F1_macro 0.6560 | WorstLoss 2.5556
[Tracker] Ep  610 | AvgR 0.0003 | Global 0.5795 | Local 0.1192 | F1_macro 0.6457 | WorstLoss 2.5645
[Tracker] Saved snapshot: ep0610_phase1_class1
[Tracker] Ep  611 | AvgR 0.0003 | Global 0.6097 | Local 0.1192 | F1_macro 0.6492 | WorstLoss 2.5420
[Tracker] Ep  612 | AvgR 0.0002 | Global 0.4321 | Local 0.1192 | F1_macro 0.6467 | WorstLoss 2.7746
[Tracker] Ep  613 | AvgR 0.0002 | Global 0.4796 | Local 0.1192 | F1_macro 0.6394 | WorstLoss 2.7109
[Tracker] Ep  614 | AvgR 0.0003 | Global 0.5545 | Local 0.1192 | F1_macro 0.6352 | WorstLoss 2.6095
[Tracker] Ep  615 | AvgR 0.0002 | Global 0.4840 | Local 0.1192 | F1_macro 0.6419 | WorstLoss 2.7028
[Tracker] Saved snapshot: ep0615_phase1_class1
[Tracker] Ep  616 | AvgR 0.0002 | Global 0.4924 | Local 0.1192 | F1_macro 0.6345 | WorstLoss 2.6918
[Tracker] Ep  617 | AvgR 0.0002 | Global 0.4549 | Local 0.1192 | F1_macro 0.6299 | WorstLoss 2.7432
[Tracker] Ep  618 | AvgR 0.0003 | Global 0.5060 | Local 0.1192 | F1_macro 0.6400 | WorstLoss 2.6750
[Tracker] Ep  619 | AvgR 0.0003 | Global 0.6950 | Local 0.1192 | F1_macro 0.6512 | WorstLoss 2.3904
[Tracker] Ep  620 | AvgR 0.0003 | Global 0.6164 | Local 0.1192 | F1_macro 0.6526 | WorstLoss 2.5151
[Tracker] Saved snapshot: ep0620_phase1_class1
[Tracker] Ep  621 | AvgR 0.0002 | Global 0.4955 | Local 0.1192 | F1_macro 0.6480 | WorstLoss 2.6854
[Tracker] Ep  622 | AvgR 0.0004 | Global 0.7331 | Local 0.1192 | F1_macro 0.6519 | WorstLoss 2.3391
[Tracker] Ep  623 | AvgR 0.0003 | Global 0.5518 | Local 0.1192 | F1_macro 0.6349 | WorstLoss 2.6090
[Tracker] Ep  624 | AvgR 0.0002 | Global 0.4284 | Local 0.1192 | F1_macro 0.6266 | WorstLoss 2.7804
[Tracker] Ep  625 | AvgR 0.0003 | Global 0.5701 | Local 0.1192 | F1_macro 0.6511 | WorstLoss 2.5899
[Tracker] Saved snapshot: ep0625_phase1_class1
[Tracker] Ep  626 | AvgR 0.0003 | Global 0.5553 | Local 0.1192 | F1_macro 0.6466 | WorstLoss 2.6087
[Tracker] Ep  627 | AvgR 0.0003 | Global 0.6172 | Local 0.1192 | F1_macro 0.6410 | WorstLoss 2.5079
[Tracker] Ep  628 | AvgR 0.0003 | Global 0.6227 | Local 0.1192 | F1_macro 0.6493 | WorstLoss 2.5170
[Tracker] Ep  629 | AvgR 0.0003 | Global 0.6132 | Local 0.1192 | F1_macro 0.6455 | WorstLoss 2.5231
[Tracker] Ep  630 | AvgR 0.0003 | Global 0.5759 | Local 0.1192 | F1_macro 0.6489 | WorstLoss 2.5723
[Tracker] Saved snapshot: ep0630_phase1_class1
[Tracker] Ep  631 | AvgR 0.0003 | Global 0.6505 | Local 0.1192 | F1_macro 0.6532 | WorstLoss 2.4722
[Tracker] Ep  632 | AvgR 0.0003 | Global 0.5341 | Local 0.1192 | F1_macro 0.6435 | WorstLoss 2.6375
[Tracker] Ep  633 | AvgR 0.0003 | Global 0.5271 | Local 0.1192 | F1_macro 0.6452 | WorstLoss 2.6321
[Tracker] Ep  634 | AvgR 0.0002 | Global 0.4181 | Local 0.1192 | F1_macro 0.6377 | WorstLoss 2.8008
[Tracker] Ep  635 | AvgR 0.0003 | Global 0.6098 | Local 0.1192 | F1_macro 0.6425 | WorstLoss 2.5224
[Tracker] Saved snapshot: ep0635_phase1_class1
[Tracker] Ep  636 | AvgR 0.0003 | Global 0.5245 | Local 0.1192 | F1_macro 0.6504 | WorstLoss 2.6559
[Tracker] Ep  637 | AvgR 0.0003 | Global 0.5047 | Local 0.1192 | F1_macro 0.6405 | WorstLoss 2.6735
[Tracker] Ep  638 | AvgR 0.0003 | Global 0.6240 | Local 0.1192 | F1_macro 0.6448 | WorstLoss 2.5037
[Tracker] Ep  639 | AvgR 0.0003 | Global 0.5423 | Local 0.1192 | F1_macro 0.6470 | WorstLoss 2.6179
[Tracker] Ep  640 | AvgR 0.0002 | Global 0.4330 | Local 0.1192 | F1_macro 0.6358 | WorstLoss 2.7694
[Tracker] Saved snapshot: ep0640_phase1_class1
[Tracker] Ep  641 | AvgR 0.0003 | Global 0.6621 | Local 0.1192 | F1_macro 0.6373 | WorstLoss 2.4321
[Tracker] Ep  642 | AvgR 0.0003 | Global 0.5062 | Local 0.1192 | F1_macro 0.6465 | WorstLoss 2.6666
[Tracker] Ep  643 | AvgR 0.0003 | Global 0.6799 | Local 0.1192 | F1_macro 0.6369 | WorstLoss 2.4159
[Tracker] Ep  644 | AvgR 0.0003 | Global 0.5978 | Local 0.1192 | F1_macro 0.6475 | WorstLoss 2.5521
[Tracker] Ep  645 | AvgR 0.0004 | Global 0.7652 | Local 0.1192 | F1_macro 0.6424 | WorstLoss 2.2528
[Tracker] Saved snapshot: ep0645_phase1_class1
[Tracker] New BEST synthetic [phase1_class1] (by global.global_obj: 0.765154) saved.
[Tracker] BEST β weights [phase1_class1] saved -> training_runs/SPECcompas_v18k3_ep3000_gpu1_EP3000_PCA10_REWfairness_minID0_majID1_TRJ2000_REAL3000_BIAS0.05_GG202604111115_d5681707/seed_2/best_beta_state_dict_phase1_class1.pt
[Tracker] Ep  646 | AvgR 0.0002 | Global 0.4232 | Local 0.1192 | F1_macro 0.6357 | WorstLoss 2.7869
[Tracker] Ep  647 | AvgR 0.0002 | Global 0.4802 | Local 0.1192 | F1_macro 0.6422 | WorstLoss 2.7074
[Tracker] Ep  648 | AvgR 0.0002 | Global 0.4925 | Local 0.1192 | F1_macro 0.6543 | WorstLoss 2.6924
[Tracker] Ep  649 | AvgR 0.0003 | Global 0.5387 | Local 0.1192 | F1_macro 0.6505 | WorstLoss 2.6286
[Tracker] Ep  650 | AvgR 0.0002 | Global 0.4199 | Local 0.1192 | F1_macro 0.6413 | WorstLoss 2.7876
[Tracker] Saved snapshot: ep0650_phase1_class1
[Tracker] Ep  651 | AvgR 0.0003 | Global 0.5443 | Local 0.1192 | F1_macro 0.6394 | WorstLoss 2.6172
[Tracker] Ep  652 | AvgR 0.0002 | Global 0.4912 | Local 0.1192 | F1_macro 0.6456 | WorstLoss 2.6940
[Tracker] Ep  653 | AvgR 0.0003 | Global 0.5713 | Local 0.1192 | F1_macro 0.6450 | WorstLoss 2.5870
[Tracker] Ep  654 | AvgR 0.0003 | Global 0.5499 | Local 0.1192 | F1_macro 0.6481 | WorstLoss 2.6205
[Tracker] Ep  655 | AvgR 0.0002 | Global 0.4197 | Local 0.1192 | F1_macro 0.6433 | WorstLoss 2.7841
[Tracker] Saved snapshot: ep0655_phase1_class1
[Tracker] Ep  656 | AvgR 0.0002 | Global 0.4287 | Local 0.1192 | F1_macro 0.6410 | WorstLoss 2.7772
[Tracker] Ep  657 | AvgR 0.0002 | Global 0.3801 | Local 0.1192 | F1_macro 0.6334 | WorstLoss 2.8447
[Tracker] Ep  658 | AvgR 0.0003 | Global 0.5357 | Local 0.1192 | F1_macro 0.6502 | WorstLoss 2.6299
[Tracker] Ep  659 | AvgR 0.0003 | Global 0.5690 | Local 0.1192 | F1_macro 0.6545 | WorstLoss 2.5877
[Tracker] Ep  660 | AvgR 0.0003 | Global 0.6858 | Local 0.1192 | F1_macro 0.6374 | WorstLoss 2.3946
[Tracker] Saved snapshot: ep0660_phase1_class1
[Tracker] Ep  661 | AvgR 0.0003 | Global 0.6378 | Local 0.1192 | F1_macro 0.6529 | WorstLoss 2.4946
[Tracker] Ep  662 | AvgR 0.0003 | Global 0.6222 | Local 0.1192 | F1_macro 0.6454 | WorstLoss 2.5082
[Tracker] Ep  663 | AvgR 0.0003 | Global 0.5386 | Local 0.1192 | F1_macro 0.6448 | WorstLoss 2.6340
[Tracker] Ep  664 | AvgR 0.0002 | Global 0.4455 | Local 0.1192 | F1_macro 0.6457 | WorstLoss 2.7566
[Tracker] Ep  665 | AvgR 0.0002 | Global 0.4860 | Local 0.1192 | F1_macro 0.6317 | WorstLoss 2.6829
[Tracker] Saved snapshot: ep0665_phase1_class1
[Tracker] Ep  666 | AvgR 0.0003 | Global 0.6107 | Local 0.1192 | F1_macro 0.6498 | WorstLoss 2.5244
[Tracker] Ep  667 | AvgR 0.0002 | Global 0.4792 | Local 0.1192 | F1_macro 0.6342 | WorstLoss 2.7120
[Tracker] Ep  668 | AvgR 0.0002 | Global 0.4849 | Local 0.1192 | F1_macro 0.6374 | WorstLoss 2.7024
[Tracker] Ep  669 | AvgR 0.0003 | Global 0.5337 | Local 0.1192 | F1_macro 0.6410 | WorstLoss 2.6343
[Tracker] Ep  670 | AvgR 0.0003 | Global 0.6810 | Local 0.1192 | F1_macro 0.6483 | WorstLoss 2.4240
[Tracker] Saved snapshot: ep0670_phase1_class1
[Tracker] Ep  671 | AvgR 0.0003 | Global 0.5050 | Local 0.1192 | F1_macro 0.6357 | WorstLoss 2.6635
[Tracker] Ep  672 | AvgR 0.0002 | Global 0.4559 | Local 0.1192 | F1_macro 0.6448 | WorstLoss 2.7437
[Tracker] Ep  673 | AvgR 0.0002 | Global 0.4730 | Local 0.1192 | F1_macro 0.6428 | WorstLoss 2.7173
[Tracker] Ep  674 | AvgR 0.0003 | Global 0.5990 | Local 0.1192 | F1_macro 0.6454 | WorstLoss 2.5396
[Tracker] Ep  675 | AvgR 0.0003 | Global 0.5088 | Local 0.1192 | F1_macro 0.6442 | WorstLoss 2.6810
[Tracker] Saved snapshot: ep0675_phase1_class1
[Tracker] Ep  676 | AvgR 0.0002 | Global 0.4946 | Local 0.1192 | F1_macro 0.6477 | WorstLoss 2.6856
[Tracker] Ep  677 | AvgR 0.0003 | Global 0.5093 | Local 0.1192 | F1_macro 0.6498 | WorstLoss 2.6757
[Tracker] Ep  678 | AvgR 0.0003 | Global 0.5187 | Local 0.1192 | F1_macro 0.6488 | WorstLoss 2.6634
[Tracker] Ep  679 | AvgR 0.0002 | Global 0.4998 | Local 0.1192 | F1_macro 0.6422 | WorstLoss 2.6835
[Tracker] Ep  680 | AvgR 0.0003 | Global 0.6235 | Local 0.1192 | F1_macro 0.6491 | WorstLoss 2.5078
[Tracker] Saved snapshot: ep0680_phase1_class1
[Tracker] Ep  681 | AvgR 0.0003 | Global 0.6843 | Local 0.1192 | F1_macro 0.6480 | WorstLoss 2.4091
[Tracker] Ep  682 | AvgR 0.0002 | Global 0.4304 | Local 0.1192 | F1_macro 0.6453 | WorstLoss 2.7774
[Tracker] Ep  683 | AvgR 0.0003 | Global 0.5646 | Local 0.1192 | F1_macro 0.6463 | WorstLoss 2.5928
[Tracker] Ep  684 | AvgR 0.0003 | Global 0.5162 | Local 0.1192 | F1_macro 0.6476 | WorstLoss 2.6631
[Tracker] Ep  685 | AvgR 0.0003 | Global 0.6056 | Local 0.1192 | F1_macro 0.6528 | WorstLoss 2.5378
[Tracker] Saved snapshot: ep0685_phase1_class1
[Tracker] Ep  686 | AvgR 0.0003 | Global 0.5755 | Local 0.1192 | F1_macro 0.6515 | WorstLoss 2.5835
[Tracker] Ep  687 | AvgR 0.0003 | Global 0.6026 | Local 0.1192 | F1_macro 0.6465 | WorstLoss 2.5399
[Tracker] Ep  688 | AvgR 0.0003 | Global 0.5652 | Local 0.1192 | F1_macro 0.6434 | WorstLoss 2.5889
[Tracker] Ep  689 | AvgR 0.0002 | Global 0.4306 | Local 0.1192 | F1_macro 0.6360 | WorstLoss 2.7723
[Tracker] Ep  690 | AvgR 0.0003 | Global 0.5392 | Local 0.1192 | F1_macro 0.6265 | WorstLoss 2.6125
[Tracker] Saved snapshot: ep0690_phase1_class1
[Tracker] Ep  691 | AvgR 0.0003 | Global 0.5410 | Local 0.1192 | F1_macro 0.6446 | WorstLoss 2.6264
[Tracker] Ep  692 | AvgR 0.0003 | Global 0.6532 | Local 0.1192 | F1_macro 0.6461 | WorstLoss 2.4589
[Tracker] Ep  693 | AvgR 0.0002 | Global 0.4900 | Local 0.1192 | F1_macro 0.6352 | WorstLoss 2.6930
[Tracker] Ep  694 | AvgR 0.0002 | Global 0.3983 | Local 0.1192 | F1_macro 0.6437 | WorstLoss 2.8175
[Tracker] Ep  695 | AvgR 0.0002 | Global 0.4840 | Local 0.1192 | F1_macro 0.6479 | WorstLoss 2.7075
[Tracker] Saved snapshot: ep0695_phase1_class1
[Tracker] Ep  696 | AvgR 0.0003 | Global 0.6414 | Local 0.1192 | F1_macro 0.6599 | WorstLoss 2.4859
[Tracker] Ep  697 | AvgR 0.0003 | Global 0.5297 | Local 0.1192 | F1_macro 0.6465 | WorstLoss 2.6416
[Tracker] Ep  698 | AvgR 0.0003 | Global 0.5487 | Local 0.1192 | F1_macro 0.6543 | WorstLoss 2.6108
[Tracker] Ep  699 | AvgR 0.0003 | Global 0.5620 | Local 0.1192 | F1_macro 0.6441 | WorstLoss 2.6045
[Tracker] Ep  700 | AvgR 0.0003 | Global 0.5383 | Local 0.1192 | F1_macro 0.6422 | WorstLoss 2.6249
[Tracker] Saved snapshot: ep0700_phase1_class1
[Tracker] Ep  701 | AvgR 0.0002 | Global 0.4212 | Local 0.1192 | F1_macro 0.6391 | WorstLoss 2.7851
[Tracker] Ep  702 | AvgR 0.0004 | Global 0.7015 | Local 0.1192 | F1_macro 0.6351 | WorstLoss 2.3593
[Tracker] Ep  703 | AvgR 0.0003 | Global 0.6939 | Local 0.1192 | F1_macro 0.6439 | WorstLoss 2.3922
[Tracker] Ep  704 | AvgR 0.0002 | Global 0.4860 | Local 0.1192 | F1_macro 0.6382 | WorstLoss 2.6939
[Tracker] Ep  705 | AvgR 0.0003 | Global 0.6035 | Local 0.1192 | F1_macro 0.6536 | WorstLoss 2.5433
[Tracker] Saved snapshot: ep0705_phase1_class1
[Tracker] Ep  706 | AvgR 0.0003 | Global 0.6319 | Local 0.1192 | F1_macro 0.6425 | WorstLoss 2.4823
[Tracker] Ep  707 | AvgR 0.0002 | Global 0.4673 | Local 0.1192 | F1_macro 0.6448 | WorstLoss 2.7281
[Tracker] Ep  708 | AvgR 0.0002 | Global 0.3614 | Local 0.1192 | F1_macro 0.6347 | WorstLoss 2.8731
[Tracker] Ep  709 | AvgR 0.0003 | Global 0.5056 | Local 0.1192 | F1_macro 0.6548 | WorstLoss 2.6801
[Tracker] Ep  710 | AvgR 0.0003 | Global 0.5969 | Local 0.1192 | F1_macro 0.6431 | WorstLoss 2.5406
[Tracker] Saved snapshot: ep0710_phase1_class1
[Tracker] Ep  711 | AvgR 0.0002 | Global 0.4926 | Local 0.1192 | F1_macro 0.6350 | WorstLoss 2.6913
[Tracker] Ep  712 | AvgR 0.0003 | Global 0.6360 | Local 0.1192 | F1_macro 0.6526 | WorstLoss 2.4931
[Tracker] Ep  713 | AvgR 0.0003 | Global 0.5478 | Local 0.1192 | F1_macro 0.6453 | WorstLoss 2.6129
[Tracker] Ep  714 | AvgR 0.0003 | Global 0.5225 | Local 0.1192 | F1_macro 0.6416 | WorstLoss 2.6538
[Tracker] Ep  715 | AvgR 0.0002 | Global 0.4573 | Local 0.1192 | F1_macro 0.6294 | WorstLoss 2.7367
[Tracker] Saved snapshot: ep0715_phase1_class1
[Tracker] Ep  716 | AvgR 0.0003 | Global 0.5287 | Local 0.1192 | F1_macro 0.6484 | WorstLoss 2.6400
[Tracker] Ep  717 | AvgR 0.0003 | Global 0.5357 | Local 0.1192 | F1_macro 0.6407 | WorstLoss 2.6273
[Tracker] Ep  718 | AvgR 0.0002 | Global 0.4496 | Local 0.1192 | F1_macro 0.6395 | WorstLoss 2.7503
[Tracker] Ep  719 | AvgR 0.0002 | Global 0.4486 | Local 0.1192 | F1_macro 0.6431 | WorstLoss 2.7528
[Tracker] Ep  720 | AvgR 0.0002 | Global 0.4050 | Local 0.1192 | F1_macro 0.6487 | WorstLoss 2.8106
[Tracker] Saved snapshot: ep0720_phase1_class1
[Tracker] Ep  721 | AvgR 0.0003 | Global 0.6634 | Local 0.1192 | F1_macro 0.6493 | WorstLoss 2.4381
[Tracker] Ep  722 | AvgR 0.0003 | Global 0.5347 | Local 0.1192 | F1_macro 0.6493 | WorstLoss 2.6378
[Tracker] Ep  723 | AvgR 0.0002 | Global 0.4735 | Local 0.1192 | F1_macro 0.6223 | WorstLoss 2.7146
[Tracker] Ep  724 | AvgR 0.0004 | Global 0.7731 | Local 0.1192 | F1_macro 0.6470 | WorstLoss 2.2849
[Tracker] New BEST synthetic [phase1_class1] (by global.global_obj: 0.773109) saved.
[Tracker] BEST β weights [phase1_class1] saved -> training_runs/SPECcompas_v18k3_ep3000_gpu1_EP3000_PCA10_REWfairness_minID0_majID1_TRJ2000_REAL3000_BIAS0.05_GG202604111115_d5681707/seed_2/best_beta_state_dict_phase1_class1.pt
[Tracker] Ep  725 | AvgR 0.0003 | Global 0.5666 | Local 0.1192 | F1_macro 0.6471 | WorstLoss 2.5865
[Tracker] Saved snapshot: ep0725_phase1_class1
[Tracker] Ep  726 | AvgR 0.0004 | Global 0.7933 | Local 0.1192 | F1_macro 0.6469 | WorstLoss 2.1983
[Tracker] New BEST synthetic [phase1_class1] (by global.global_obj: 0.793271) saved.
[Tracker] BEST β weights [phase1_class1] saved -> training_runs/SPECcompas_v18k3_ep3000_gpu1_EP3000_PCA10_REWfairness_minID0_majID1_TRJ2000_REAL3000_BIAS0.05_GG202604111115_d5681707/seed_2/best_beta_state_dict_phase1_class1.pt
[Tracker] Ep  727 | AvgR 0.0003 | Global 0.6754 | Local 0.1192 | F1_macro 0.6485 | WorstLoss 2.4368
[Tracker] Ep  728 | AvgR 0.0003 | Global 0.5317 | Local 0.1192 | F1_macro 0.6485 | WorstLoss 2.6309
[Tracker] Ep  729 | AvgR 0.0003 | Global 0.5507 | Local 0.1192 | F1_macro 0.6462 | WorstLoss 2.6099
[Tracker] Ep  730 | AvgR 0.0003 | Global 0.5737 | Local 0.1192 | F1_macro 0.6343 | WorstLoss 2.5654
[Tracker] Saved snapshot: ep0730_phase1_class1
[Tracker] Ep  731 | AvgR 0.0003 | Global 0.5263 | Local 0.1192 | F1_macro 0.6311 | WorstLoss 2.6404
[Tracker] Ep  732 | AvgR 0.0003 | Global 0.5998 | Local 0.1192 | F1_macro 0.6456 | WorstLoss 2.5469
[Tracker] Ep  733 | AvgR 0.0003 | Global 0.6205 | Local 0.1192 | F1_macro 0.6548 | WorstLoss 2.5200
[Tracker] Ep  734 | AvgR 0.0003 | Global 0.6049 | Local 0.1192 | F1_macro 0.6372 | WorstLoss 2.5352
[Tracker] Ep  735 | AvgR 0.0003 | Global 0.5134 | Local 0.1192 | F1_macro 0.6432 | WorstLoss 2.6685
[Tracker] Saved snapshot: ep0735_phase1_class1
[Tracker] Ep  736 | AvgR 0.0003 | Global 0.5511 | Local 0.1192 | F1_macro 0.6519 | WorstLoss 2.6116
[Tracker] Ep  737 | AvgR 0.0002 | Global 0.4437 | Local 0.1192 | F1_macro 0.6496 | WorstLoss 2.7604
[Tracker] Ep  738 | AvgR 0.0003 | Global 0.5179 | Local 0.1192 | F1_macro 0.6472 | WorstLoss 2.6579
[Tracker] Ep  739 | AvgR 0.0002 | Global 0.4599 | Local 0.1192 | F1_macro 0.6504 | WorstLoss 2.7406
[Tracker] Ep  740 | AvgR 0.0003 | Global 0.5250 | Local 0.1192 | F1_macro 0.6436 | WorstLoss 2.6441
[Tracker] Saved snapshot: ep0740_phase1_class1
[Tracker] Ep  741 | AvgR 0.0004 | Global 0.7575 | Local 0.1192 | F1_macro 0.6563 | WorstLoss 2.2896
[Tracker] Ep  742 | AvgR 0.0003 | Global 0.6244 | Local 0.1192 | F1_macro 0.6543 | WorstLoss 2.5124
[Tracker] Ep  743 | AvgR 0.0002 | Global 0.4086 | Local 0.1192 | F1_macro 0.6489 | WorstLoss 2.8095
[Tracker] Ep  744 | AvgR 0.0002 | Global 0.4190 | Local 0.1192 | F1_macro 0.6434 | WorstLoss 2.7933
[Tracker] Ep  745 | AvgR 0.0002 | Global 0.4784 | Local 0.1192 | F1_macro 0.6514 | WorstLoss 2.7151
[Tracker] Saved snapshot: ep0745_phase1_class1
[Tracker] Ep  746 | AvgR 0.0003 | Global 0.5838 | Local 0.1192 | F1_macro 0.6527 | WorstLoss 2.5752
[Tracker] Ep  747 | AvgR 0.0002 | Global 0.3602 | Local 0.1192 | F1_macro 0.6383 | WorstLoss 2.8742
[Tracker] Ep  748 | AvgR 0.0003 | Global 0.6345 | Local 0.1192 | F1_macro 0.6489 | WorstLoss 2.4805
[Tracker] Ep  749 | AvgR 0.0003 | Global 0.6057 | Local 0.1192 | F1_macro 0.6434 | WorstLoss 2.5398
[Tracker] Ep  750 | AvgR 0.0003 | Global 0.5337 | Local 0.1192 | F1_macro 0.6570 | WorstLoss 2.6445
[Tracker] Saved snapshot: ep0750_phase1_class1
[Tracker] Ep  751 | AvgR 0.0002 | Global 0.4856 | Local 0.1192 | F1_macro 0.6378 | WorstLoss 2.7071
[Tracker] Ep  752 | AvgR 0.0003 | Global 0.5761 | Local 0.1192 | F1_macro 0.6405 | WorstLoss 2.5711
[Tracker] Ep  753 | AvgR 0.0003 | Global 0.5744 | Local 0.1192 | F1_macro 0.6443 | WorstLoss 2.5919
[Tracker] Ep  754 | AvgR 0.0003 | Global 0.6579 | Local 0.1192 | F1_macro 0.6485 | WorstLoss 2.4573
[Tracker] Ep  755 | AvgR 0.0002 | Global 0.4984 | Local 0.1192 | F1_macro 0.6371 | WorstLoss 2.6764
[Tracker] Saved snapshot: ep0755_phase1_class1
[Tracker] Ep  756 | AvgR 0.0002 | Global 0.4228 | Local 0.1192 | F1_macro 0.6410 | WorstLoss 2.7840
[Tracker] Ep  757 | AvgR 0.0003 | Global 0.5327 | Local 0.1192 | F1_macro 0.6454 | WorstLoss 2.6347
[Tracker] Ep  758 | AvgR 0.0003 | Global 0.5273 | Local 0.1192 | F1_macro 0.6514 | WorstLoss 2.6530
[Tracker] Ep  759 | AvgR 0.0002 | Global 0.4162 | Local 0.1192 | F1_macro 0.6515 | WorstLoss 2.8022
[Tracker] Ep  760 | AvgR 0.0003 | Global 0.6037 | Local 0.1192 | F1_macro 0.6571 | WorstLoss 2.5491
[Tracker] Saved snapshot: ep0760_phase1_class1
[Tracker] Ep  761 | AvgR 0.0003 | Global 0.5162 | Local 0.1192 | F1_macro 0.6413 | WorstLoss 2.6597
[Tracker] Ep  762 | AvgR 0.0003 | Global 0.6184 | Local 0.1192 | F1_macro 0.6497 | WorstLoss 2.5204
[Tracker] Ep  763 | AvgR 0.0003 | Global 0.6541 | Local 0.1192 | F1_macro 0.6659 | WorstLoss 2.4769
[Tracker] Ep  764 | AvgR 0.0003 | Global 0.5979 | Local 0.1192 | F1_macro 0.6383 | WorstLoss 2.5487
[Tracker] Ep  765 | AvgR 0.0003 | Global 0.5622 | Local 0.1192 | F1_macro 0.6514 | WorstLoss 2.6000
[Tracker] Saved snapshot: ep0765_phase1_class1
[Tracker] Ep  766 | AvgR 0.0003 | Global 0.5187 | Local 0.1192 | F1_macro 0.6446 | WorstLoss 2.6579
[Tracker] Ep  767 | AvgR 0.0003 | Global 0.6618 | Local 0.1192 | F1_macro 0.6523 | WorstLoss 2.4528
[Tracker] Ep  768 | AvgR 0.0004 | Global 0.7183 | Local 0.1192 | F1_macro 0.6543 | WorstLoss 2.3735
[Tracker] Ep  769 | AvgR 0.0003 | Global 0.6717 | Local 0.1192 | F1_macro 0.6554 | WorstLoss 2.4357
[Tracker] Ep  770 | AvgR 0.0003 | Global 0.5059 | Local 0.1192 | F1_macro 0.6442 | WorstLoss 2.6748
[Tracker] Saved snapshot: ep0770_phase1_class1
[Tracker] Ep  771 | AvgR 0.0003 | Global 0.5201 | Local 0.1192 | F1_macro 0.6558 | WorstLoss 2.6655
[Tracker] Ep  772 | AvgR 0.0004 | Global 0.7195 | Local 0.1192 | F1_macro 0.6602 | WorstLoss 2.3806
[Tracker] Ep  773 | AvgR 0.0003 | Global 0.5537 | Local 0.1192 | F1_macro 0.6541 | WorstLoss 2.6165
[Tracker] Ep  774 | AvgR 0.0003 | Global 0.5277 | Local 0.1192 | F1_macro 0.6400 | WorstLoss 2.6500
[Tracker] Ep  775 | AvgR 0.0002 | Global 0.4791 | Local 0.1192 | F1_macro 0.6503 | WorstLoss 2.7134
[Tracker] Saved snapshot: ep0775_phase1_class1
[Tracker] Ep  776 | AvgR 0.0003 | Global 0.5695 | Local 0.1192 | F1_macro 0.6571 | WorstLoss 2.5920
[Tracker] Ep  777 | AvgR 0.0002 | Global 0.3849 | Local 0.1192 | F1_macro 0.6351 | WorstLoss 2.8508
[Tracker] Ep  778 | AvgR 0.0003 | Global 0.5044 | Local 0.1192 | F1_macro 0.6494 | WorstLoss 2.6777
[Tracker] Ep  779 | AvgR 0.0003 | Global 0.6484 | Local 0.1192 | F1_macro 0.6579 | WorstLoss 2.4657
[Tracker] Ep  780 | AvgR 0.0003 | Global 0.5624 | Local 0.1192 | F1_macro 0.6512 | WorstLoss 2.6042
[Tracker] Saved snapshot: ep0780_phase1_class1
[Tracker] Ep  781 | AvgR 0.0003 | Global 0.6044 | Local 0.1192 | F1_macro 0.6565 | WorstLoss 2.5403
[Tracker] Ep  782 | AvgR 0.0002 | Global 0.4691 | Local 0.1192 | F1_macro 0.6580 | WorstLoss 2.7237
[Tracker] Ep  783 | AvgR 0.0003 | Global 0.5957 | Local 0.1192 | F1_macro 0.6480 | WorstLoss 2.5563
[Tracker] Ep  784 | AvgR 0.0002 | Global 0.4281 | Local 0.1192 | F1_macro 0.6444 | WorstLoss 2.7830
[Tracker] Ep  785 | AvgR 0.0003 | Global 0.5671 | Local 0.1192 | F1_macro 0.6372 | WorstLoss 2.5841
[Tracker] Saved snapshot: ep0785_phase1_class1
[Tracker] Ep  786 | AvgR 0.0003 | Global 0.5816 | Local 0.1192 | F1_macro 0.6463 | WorstLoss 2.5684
[Tracker] Ep  787 | AvgR 0.0002 | Global 0.3356 | Local 0.1192 | F1_macro 0.6342 | WorstLoss 2.9141
[Tracker] Ep  788 | AvgR 0.0003 | Global 0.6086 | Local 0.1192 | F1_macro 0.6556 | WorstLoss 2.5360
[Tracker] Ep  789 | AvgR 0.0002 | Global 0.4279 | Local 0.1192 | F1_macro 0.6487 | WorstLoss 2.7785
[Tracker] Ep  790 | AvgR 0.0004 | Global 0.7334 | Local 0.1192 | F1_macro 0.6542 | WorstLoss 2.3332
[Tracker] Saved snapshot: ep0790_phase1_class1
[Tracker] Ep  791 | AvgR 0.0003 | Global 0.6230 | Local 0.1192 | F1_macro 0.6489 | WorstLoss 2.5193
[Tracker] Ep  792 | AvgR 0.0003 | Global 0.5632 | Local 0.1192 | F1_macro 0.6505 | WorstLoss 2.6008
[Tracker] Ep  793 | AvgR 0.0004 | Global 0.7395 | Local 0.1192 | F1_macro 0.6445 | WorstLoss 2.3263
[Tracker] Ep  794 | AvgR 0.0003 | Global 0.6301 | Local 0.1192 | F1_macro 0.6484 | WorstLoss 2.5055
[Tracker] Ep  795 | AvgR 0.0003 | Global 0.5170 | Local 0.1192 | F1_macro 0.6580 | WorstLoss 2.6609
[Tracker] Saved snapshot: ep0795_phase1_class1
[Tracker] Ep  796 | AvgR 0.0003 | Global 0.6578 | Local 0.1192 | F1_macro 0.6579 | WorstLoss 2.4581
[Tracker] Ep  797 | AvgR 0.0002 | Global 0.4784 | Local 0.1192 | F1_macro 0.6281 | WorstLoss 2.7054
[Tracker] Ep  798 | AvgR 0.0003 | Global 0.6149 | Local 0.1192 | F1_macro 0.6405 | WorstLoss 2.5199
[Tracker] Ep  799 | AvgR 0.0003 | Global 0.6110 | Local 0.1192 | F1_macro 0.6408 | WorstLoss 2.5404
[Tracker] Ep  800 | AvgR 0.0003 | Global 0.5959 | Local 0.1192 | F1_macro 0.6444 | WorstLoss 2.5434
[Tracker] Saved snapshot: ep0800_phase1_class1
[Tracker] Ep  801 | AvgR 0.0003 | Global 0.5583 | Local 0.1192 | F1_macro 0.6476 | WorstLoss 2.6050
[Tracker] Ep  802 | AvgR 0.0003 | Global 0.6689 | Local 0.1192 | F1_macro 0.6579 | WorstLoss 2.4566
[Tracker] Ep  803 | AvgR 0.0003 | Global 0.5070 | Local 0.1192 | F1_macro 0.6427 | WorstLoss 2.6736
[Tracker] Ep  804 | AvgR 0.0004 | Global 0.7253 | Local 0.1192 | F1_macro 0.6471 | WorstLoss 2.3453
[Tracker] Ep  805 | AvgR 0.0003 | Global 0.5177 | Local 0.1192 | F1_macro 0.6405 | WorstLoss 2.6578
[Tracker] Saved snapshot: ep0805_phase1_class1
[Tracker] Ep  806 | AvgR 0.0003 | Global 0.5143 | Local 0.1192 | F1_macro 0.6377 | WorstLoss 2.6656
[Tracker] Ep  807 | AvgR 0.0003 | Global 0.6070 | Local 0.1192 | F1_macro 0.6468 | WorstLoss 2.5460
[Tracker] Ep  808 | AvgR 0.0003 | Global 0.6192 | Local 0.1192 | F1_macro 0.6476 | WorstLoss 2.5212
[Tracker] Ep  809 | AvgR 0.0003 | Global 0.6309 | Local 0.1192 | F1_macro 0.6515 | WorstLoss 2.5114
[Tracker] Ep  810 | AvgR 0.0004 | Global 0.7417 | Local 0.1192 | F1_macro 0.6547 | WorstLoss 2.3363
[Tracker] Saved snapshot: ep0810_phase1_class1
[Tracker] Ep  811 | AvgR 0.0003 | Global 0.5746 | Local 0.1192 | F1_macro 0.6478 | WorstLoss 2.5883
[Tracker] Ep  812 | AvgR 0.0003 | Global 0.5335 | Local 0.1192 | F1_macro 0.6461 | WorstLoss 2.6422
[Tracker] Ep  813 | AvgR 0.0002 | Global 0.4144 | Local 0.1192 | F1_macro 0.6350 | WorstLoss 2.8096
[Tracker] Ep  814 | AvgR 0.0002 | Global 0.3504 | Local 0.1192 | F1_macro 0.6294 | WorstLoss 2.8945
[Tracker] Ep  815 | AvgR 0.0004 | Global 0.7038 | Local 0.1192 | F1_macro 0.6501 | WorstLoss 2.3952
[Tracker] Saved snapshot: ep0815_phase1_class1
[Tracker] Ep  816 | AvgR 0.0003 | Global 0.5699 | Local 0.1192 | F1_macro 0.6476 | WorstLoss 2.5865
[Tracker] Ep  817 | AvgR 0.0003 | Global 0.5979 | Local 0.1192 | F1_macro 0.6488 | WorstLoss 2.5520
[Tracker] Ep  818 | AvgR 0.0003 | Global 0.5001 | Local 0.1192 | F1_macro 0.6315 | WorstLoss 2.6902
[Tracker] Ep  819 | AvgR 0.0003 | Global 0.5958 | Local 0.1192 | F1_macro 0.6545 | WorstLoss 2.5653
[Tracker] Ep  820 | AvgR 0.0003 | Global 0.5393 | Local 0.1192 | F1_macro 0.6425 | WorstLoss 2.6222
[Tracker] Saved snapshot: ep0820_phase1_class1
[Tracker] Ep  821 | AvgR 0.0003 | Global 0.5457 | Local 0.1192 | F1_macro 0.6394 | WorstLoss 2.6147
[Tracker] Ep  822 | AvgR 0.0003 | Global 0.6555 | Local 0.1192 | F1_macro 0.6580 | WorstLoss 2.4673
[Tracker] Ep  823 | AvgR 0.0003 | Global 0.5509 | Local 0.1192 | F1_macro 0.6504 | WorstLoss 2.6121
[Tracker] Ep  824 | AvgR 0.0003 | Global 0.6643 | Local 0.1192 | F1_macro 0.6584 | WorstLoss 2.4618
[Tracker] Ep  825 | AvgR 0.0003 | Global 0.6010 | Local 0.1192 | F1_macro 0.6563 | WorstLoss 2.5515
[Tracker] Saved snapshot: ep0825_phase1_class1
[Tracker] Ep  826 | AvgR 0.0002 | Global 0.4361 | Local 0.1192 | F1_macro 0.6377 | WorstLoss 2.7724
[Tracker] Ep  827 | AvgR 0.0003 | Global 0.5943 | Local 0.1192 | F1_macro 0.6361 | WorstLoss 2.5611
[Tracker] Ep  828 | AvgR 0.0002 | Global 0.4753 | Local 0.1192 | F1_macro 0.6440 | WorstLoss 2.7083
[Tracker] Ep  829 | AvgR 0.0003 | Global 0.5470 | Local 0.1192 | F1_macro 0.6553 | WorstLoss 2.6235
[Tracker] Ep  830 | AvgR 0.0003 | Global 0.6841 | Local 0.1192 | F1_macro 0.6518 | WorstLoss 2.4207
[Tracker] Saved snapshot: ep0830_phase1_class1
[Tracker] Ep  831 | AvgR 0.0003 | Global 0.5309 | Local 0.1192 | F1_macro 0.6260 | WorstLoss 2.6434
[Tracker] Ep  832 | AvgR 0.0003 | Global 0.6421 | Local 0.1192 | F1_macro 0.6569 | WorstLoss 2.4998
[Tracker] Ep  833 | AvgR 0.0003 | Global 0.5047 | Local 0.1192 | F1_macro 0.6433 | WorstLoss 2.6806
[Tracker] Ep  834 | AvgR 0.0003 | Global 0.6138 | Local 0.1192 | F1_macro 0.6414 | WorstLoss 2.5214
[Tracker] Ep  835 | AvgR 0.0003 | Global 0.5252 | Local 0.1192 | F1_macro 0.6621 | WorstLoss 2.6539
[Tracker] Saved snapshot: ep0835_phase1_class1
[Tracker] Ep  836 | AvgR 0.0002 | Global 0.4695 | Local 0.1192 | F1_macro 0.6394 | WorstLoss 2.7223
[Tracker] Ep  837 | AvgR 0.0003 | Global 0.6681 | Local 0.1192 | F1_macro 0.6484 | WorstLoss 2.4388
[Tracker] Ep  838 | AvgR 0.0002 | Global 0.4639 | Local 0.1192 | F1_macro 0.6607 | WorstLoss 2.7409
[Tracker] Ep  839 | AvgR 0.0003 | Global 0.5959 | Local 0.1192 | F1_macro 0.6395 | WorstLoss 2.5487
[Tracker] Ep  840 | AvgR 0.0003 | Global 0.6001 | Local 0.1192 | F1_macro 0.6533 | WorstLoss 2.5439
[Tracker] Saved snapshot: ep0840_phase1_class1
[Tracker] Ep  841 | AvgR 0.0004 | Global 0.7022 | Local 0.1192 | F1_macro 0.6570 | WorstLoss 2.3955
[Tracker] Ep  842 | AvgR 0.0003 | Global 0.5814 | Local 0.1192 | F1_macro 0.6544 | WorstLoss 2.5770
[Tracker] Ep  843 | AvgR 0.0003 | Global 0.6519 | Local 0.1192 | F1_macro 0.6470 | WorstLoss 2.4734
[Tracker] Ep  844 | AvgR 0.0003 | Global 0.5278 | Local 0.1192 | F1_macro 0.6289 | WorstLoss 2.6428
[Tracker] Ep  845 | AvgR 0.0003 | Global 0.5388 | Local 0.1192 | F1_macro 0.6325 | WorstLoss 2.6311
[Tracker] Saved snapshot: ep0845_phase1_class1
[Tracker] Ep  846 | AvgR 0.0003 | Global 0.5539 | Local 0.1192 | F1_macro 0.6483 | WorstLoss 2.6133
[Tracker] Ep  847 | AvgR 0.0003 | Global 0.5880 | Local 0.1192 | F1_macro 0.6481 | WorstLoss 2.5670
[Tracker] Ep  848 | AvgR 0.0003 | Global 0.5160 | Local 0.1192 | F1_macro 0.6497 | WorstLoss 2.6651
[Tracker] Ep  849 | AvgR 0.0004 | Global 0.7797 | Local 0.1192 | F1_macro 0.6571 | WorstLoss 2.2613
[Tracker] Ep  850 | AvgR 0.0003 | Global 0.5257 | Local 0.1192 | F1_macro 0.6589 | WorstLoss 2.6568
[Tracker] Saved snapshot: ep0850_phase1_class1
[Tracker] Ep  851 | AvgR 0.0002 | Global 0.4665 | Local 0.1192 | F1_macro 0.6494 | WorstLoss 2.7301
[Tracker] Ep  852 | AvgR 0.0004 | Global 0.7000 | Local 0.1192 | F1_macro 0.6367 | WorstLoss 2.4121
[Tracker] Ep  853 | AvgR 0.0003 | Global 0.5232 | Local 0.1192 | F1_macro 0.6290 | WorstLoss 2.6505
[Tracker] Ep  854 | AvgR 0.0003 | Global 0.6081 | Local 0.1192 | F1_macro 0.6425 | WorstLoss 2.5364
[Tracker] Ep  855 | AvgR 0.0002 | Global 0.4521 | Local 0.1192 | F1_macro 0.6355 | WorstLoss 2.7441
[Tracker] Saved snapshot: ep0855_phase1_class1
[Tracker] Ep  856 | AvgR 0.0003 | Global 0.6381 | Local 0.1192 | F1_macro 0.6481 | WorstLoss 2.4903
[Tracker] Ep  857 | AvgR 0.0004 | Global 0.7289 | Local 0.1192 | F1_macro 0.6463 | WorstLoss 2.3472
[Tracker] Ep  858 | AvgR 0.0003 | Global 0.5607 | Local 0.1192 | F1_macro 0.6426 | WorstLoss 2.5923
[Tracker] Ep  859 | AvgR 0.0003 | Global 0.6380 | Local 0.1192 | F1_macro 0.6453 | WorstLoss 2.4968
[Tracker] Ep  860 | AvgR 0.0003 | Global 0.5239 | Local 0.1192 | F1_macro 0.6503 | WorstLoss 2.6612
[Tracker] Saved snapshot: ep0860_phase1_class1
[Tracker] Ep  861 | AvgR 0.0004 | Global 0.7270 | Local 0.1192 | F1_macro 0.6520 | WorstLoss 2.3516
[Tracker] Ep  862 | AvgR 0.0003 | Global 0.5774 | Local 0.1192 | F1_macro 0.6449 | WorstLoss 2.5671
[Tracker] Ep  863 | AvgR 0.0003 | Global 0.6123 | Local 0.1192 | F1_macro 0.6456 | WorstLoss 2.5312
[Tracker] Ep  864 | AvgR 0.0003 | Global 0.5299 | Local 0.1192 | F1_macro 0.6323 | WorstLoss 2.6309
[Tracker] Ep  865 | AvgR 0.0003 | Global 0.5340 | Local 0.1192 | F1_macro 0.6498 | WorstLoss 2.6341
[Tracker] Saved snapshot: ep0865_phase1_class1
[Tracker] Ep  866 | AvgR 0.0003 | Global 0.5687 | Local 0.1192 | F1_macro 0.6441 | WorstLoss 2.5964
[Tracker] Ep  867 | AvgR 0.0004 | Global 0.7146 | Local 0.1192 | F1_macro 0.6451 | WorstLoss 2.3756
[Tracker] Ep  868 | AvgR 0.0003 | Global 0.6167 | Local 0.1192 | F1_macro 0.6577 | WorstLoss 2.5254
[Tracker] Ep  869 | AvgR 0.0003 | Global 0.6228 | Local 0.1192 | F1_macro 0.6493 | WorstLoss 2.5110
[Tracker] Ep  870 | AvgR 0.0003 | Global 0.5813 | Local 0.1192 | F1_macro 0.6453 | WorstLoss 2.5744
[Tracker] Saved snapshot: ep0870_phase1_class1
[Tracker] Ep  871 | AvgR 0.0003 | Global 0.6774 | Local 0.1192 | F1_macro 0.6532 | WorstLoss 2.4439
[Tracker] Ep  872 | AvgR 0.0004 | Global 0.7866 | Local 0.1192 | F1_macro 0.6510 | WorstLoss 2.2425
[Tracker] Ep  873 | AvgR 0.0003 | Global 0.5825 | Local 0.1192 | F1_macro 0.6554 | WorstLoss 2.5681
[Tracker] Ep  874 | AvgR 0.0003 | Global 0.6120 | Local 0.1192 | F1_macro 0.6565 | WorstLoss 2.5393
[Tracker] Ep  875 | AvgR 0.0002 | Global 0.4605 | Local 0.1192 | F1_macro 0.6424 | WorstLoss 2.7473
[Tracker] Saved snapshot: ep0875_phase1_class1
[Tracker] Ep  876 | AvgR 0.0003 | Global 0.6287 | Local 0.1192 | F1_macro 0.6487 | WorstLoss 2.5049
[Tracker] Ep  877 | AvgR 0.0003 | Global 0.5316 | Local 0.1192 | F1_macro 0.6588 | WorstLoss 2.6517
[Tracker] Ep  878 | AvgR 0.0003 | Global 0.6814 | Local 0.1192 | F1_macro 0.6480 | WorstLoss 2.4255
[Tracker] Ep  879 | AvgR 0.0003 | Global 0.6646 | Local 0.1192 | F1_macro 0.6538 | WorstLoss 2.4477
[Tracker] Ep  880 | AvgR 0.0003 | Global 0.6488 | Local 0.1192 | F1_macro 0.6358 | WorstLoss 2.4676
[Tracker] Saved snapshot: ep0880_phase1_class1
[Tracker] Ep  881 | AvgR 0.0003 | Global 0.5467 | Local 0.1192 | F1_macro 0.6374 | WorstLoss 2.6159
[Tracker] Ep  882 | AvgR 0.0003 | Global 0.6564 | Local 0.1192 | F1_macro 0.6483 | WorstLoss 2.4680
[Tracker] Ep  883 | AvgR 0.0003 | Global 0.6151 | Local 0.1192 | F1_macro 0.6405 | WorstLoss 2.5178
[Tracker] Ep  884 | AvgR 0.0003 | Global 0.5194 | Local 0.1192 | F1_macro 0.6371 | WorstLoss 2.6453
[Tracker] Ep  885 | AvgR 0.0002 | Global 0.4562 | Local 0.1192 | F1_macro 0.6463 | WorstLoss 2.7496
[Tracker] Saved snapshot: ep0885_phase1_class1
[Tracker] Ep  886 | AvgR 0.0003 | Global 0.6963 | Local 0.1192 | F1_macro 0.6491 | WorstLoss 2.4088
[Tracker] Ep  887 | AvgR 0.0003 | Global 0.6304 | Local 0.1192 | F1_macro 0.6472 | WorstLoss 2.4953
[Tracker] Ep  888 | AvgR 0.0003 | Global 0.5461 | Local 0.1192 | F1_macro 0.6473 | WorstLoss 2.6199
[Tracker] Ep  889 | AvgR 0.0002 | Global 0.3650 | Local 0.1192 | F1_macro 0.6394 | WorstLoss 2.8679
[Tracker] Ep  890 | AvgR 0.0003 | Global 0.6254 | Local 0.1192 | F1_macro 0.6577 | WorstLoss 2.5065
[Tracker] Saved snapshot: ep0890_phase1_class1
[Tracker] Ep  891 | AvgR 0.0003 | Global 0.5765 | Local 0.1192 | F1_macro 0.6473 | WorstLoss 2.5831
[Tracker] Ep  892 | AvgR 0.0003 | Global 0.5740 | Local 0.1192 | F1_macro 0.6512 | WorstLoss 2.5886
[Tracker] Ep  893 | AvgR 0.0003 | Global 0.5961 | Local 0.1192 | F1_macro 0.6514 | WorstLoss 2.5548
[Tracker] Ep  894 | AvgR 0.0003 | Global 0.6294 | Local 0.1192 | F1_macro 0.6463 | WorstLoss 2.5001
[Tracker] Ep  895 | AvgR 0.0003 | Global 0.5420 | Local 0.1192 | F1_macro 0.6525 | WorstLoss 2.6269
[Tracker] Saved snapshot: ep0895_phase1_class1
[Tracker] Ep  896 | AvgR 0.0003 | Global 0.6258 | Local 0.1192 | F1_macro 0.6440 | WorstLoss 2.4990
[Tracker] Ep  897 | AvgR 0.0004 | Global 0.7000 | Local 0.1192 | F1_macro 0.6507 | WorstLoss 2.3916
[Tracker] Ep  898 | AvgR 0.0003 | Global 0.5772 | Local 0.1192 | F1_macro 0.6521 | WorstLoss 2.5885
[Tracker] Ep  899 | AvgR 0.0003 | Global 0.6259 | Local 0.1192 | F1_macro 0.6377 | WorstLoss 2.5169
[Tracker] Ep  900 | AvgR 0.0003 | Global 0.5443 | Local 0.1192 | F1_macro 0.6451 | WorstLoss 2.6249
[Tracker] Saved snapshot: ep0900_phase1_class1
[Tracker] Ep  901 | AvgR 0.0003 | Global 0.5790 | Local 0.1192 | F1_macro 0.6305 | WorstLoss 2.5808
[Tracker] Ep  902 | AvgR 0.0003 | Global 0.5716 | Local 0.1192 | F1_macro 0.6457 | WorstLoss 2.5850
[Tracker] Ep  903 | AvgR 0.0003 | Global 0.6039 | Local 0.1192 | F1_macro 0.6517 | WorstLoss 2.5391
[Tracker] Ep  904 | AvgR 0.0003 | Global 0.5633 | Local 0.1192 | F1_macro 0.6335 | WorstLoss 2.5971
[Tracker] Ep  905 | AvgR 0.0002 | Global 0.4956 | Local 0.1192 | F1_macro 0.6484 | WorstLoss 2.6887
[Tracker] Saved snapshot: ep0905_phase1_class1
[Tracker] Ep  906 | AvgR 0.0003 | Global 0.6220 | Local 0.1192 | F1_macro 0.6545 | WorstLoss 2.5242
[Tracker] Ep  907 | AvgR 0.0002 | Global 0.4865 | Local 0.1192 | F1_macro 0.6430 | WorstLoss 2.7068
[Tracker] Ep  908 | AvgR 0.0002 | Global 0.4955 | Local 0.1192 | F1_macro 0.6487 | WorstLoss 2.6979
[Tracker] Ep  909 | AvgR 0.0003 | Global 0.5701 | Local 0.1192 | F1_macro 0.6570 | WorstLoss 2.6005
[Tracker] Ep  910 | AvgR 0.0003 | Global 0.5997 | Local 0.1192 | F1_macro 0.6417 | WorstLoss 2.5480
[Tracker] Saved snapshot: ep0910_phase1_class1
[Tracker] Ep  911 | AvgR 0.0003 | Global 0.5692 | Local 0.1192 | F1_macro 0.6498 | WorstLoss 2.5862
[Tracker] Ep  912 | AvgR 0.0003 | Global 0.6049 | Local 0.1192 | F1_macro 0.6515 | WorstLoss 2.5440
[Tracker] Ep  913 | AvgR 0.0003 | Global 0.6593 | Local 0.1192 | F1_macro 0.6606 | WorstLoss 2.4607
[Tracker] Ep  914 | AvgR 0.0003 | Global 0.6233 | Local 0.1192 | F1_macro 0.6425 | WorstLoss 2.5047
[Tracker] Ep  915 | AvgR 0.0003 | Global 0.5692 | Local 0.1192 | F1_macro 0.6532 | WorstLoss 2.5947
[Tracker] Saved snapshot: ep0915_phase1_class1
[Tracker] Ep  916 | AvgR 0.0003 | Global 0.6894 | Local 0.1192 | F1_macro 0.6599 | WorstLoss 2.4242
[Tracker] Ep  917 | AvgR 0.0003 | Global 0.6759 | Local 0.1192 | F1_macro 0.6433 | WorstLoss 2.4257
[Tracker] Ep  918 | AvgR 0.0003 | Global 0.5052 | Local 0.1192 | F1_macro 0.6394 | WorstLoss 2.6808
[Tracker] Ep  919 | AvgR 0.0003 | Global 0.6462 | Local 0.1192 | F1_macro 0.6532 | WorstLoss 2.4837
[Tracker] Ep  920 | AvgR 0.0003 | Global 0.6477 | Local 0.1192 | F1_macro 0.6530 | WorstLoss 2.4818
[Tracker] Saved snapshot: ep0920_phase1_class1
[Tracker] Ep  921 | AvgR 0.0002 | Global 0.4523 | Local 0.1192 | F1_macro 0.6376 | WorstLoss 2.7504
[Tracker] Ep  922 | AvgR 0.0002 | Global 0.4947 | Local 0.1192 | F1_macro 0.6424 | WorstLoss 2.6861
[Tracker] Ep  923 | AvgR 0.0003 | Global 0.6588 | Local 0.1192 | F1_macro 0.6530 | WorstLoss 2.4673
[Tracker] Ep  924 | AvgR 0.0003 | Global 0.5786 | Local 0.1192 | F1_macro 0.6663 | WorstLoss 2.5820
[Tracker] Ep  925 | AvgR 0.0002 | Global 0.4672 | Local 0.1192 | F1_macro 0.6351 | WorstLoss 2.7275
[Tracker] Saved snapshot: ep0925_phase1_class1
[Tracker] Ep  926 | AvgR 0.0003 | Global 0.6273 | Local 0.1192 | F1_macro 0.6472 | WorstLoss 2.5108
[Tracker] Ep  927 | AvgR 0.0002 | Global 0.4571 | Local 0.1192 | F1_macro 0.6448 | WorstLoss 2.7489
[Tracker] Ep  928 | AvgR 0.0003 | Global 0.6829 | Local 0.1192 | F1_macro 0.6558 | WorstLoss 2.4180
[Tracker] Ep  929 | AvgR 0.0003 | Global 0.5125 | Local 0.1192 | F1_macro 0.6450 | WorstLoss 2.6717
[Tracker] Ep  930 | AvgR 0.0004 | Global 0.7117 | Local 0.1192 | F1_macro 0.6448 | WorstLoss 2.3654
[Tracker] Saved snapshot: ep0930_phase1_class1
[Tracker] Ep  931 | AvgR 0.0003 | Global 0.6676 | Local 0.1192 | F1_macro 0.6584 | WorstLoss 2.4571
[Tracker] Ep  932 | AvgR 0.0003 | Global 0.6868 | Local 0.1192 | F1_macro 0.6448 | WorstLoss 2.4233
[Tracker] Ep  933 | AvgR 0.0003 | Global 0.6496 | Local 0.1192 | F1_macro 0.6303 | WorstLoss 2.4694
[Tracker] Ep  934 | AvgR 0.0003 | Global 0.6285 | Local 0.1192 | F1_macro 0.6572 | WorstLoss 2.5103
[Tracker] Ep  935 | AvgR 0.0003 | Global 0.6799 | Local 0.1192 | F1_macro 0.6449 | WorstLoss 2.4223
[Tracker] Saved snapshot: ep0935_phase1_class1
[Tracker] Ep  936 | AvgR 0.0003 | Global 0.5740 | Local 0.1192 | F1_macro 0.6482 | WorstLoss 2.5881
[Tracker] Ep  937 | AvgR 0.0003 | Global 0.5655 | Local 0.1192 | F1_macro 0.6442 | WorstLoss 2.5989
[Tracker] Ep  938 | AvgR 0.0003 | Global 0.5538 | Local 0.1192 | F1_macro 0.6424 | WorstLoss 2.6180
[Tracker] Ep  939 | AvgR 0.0004 | Global 0.7424 | Local 0.1192 | F1_macro 0.6513 | WorstLoss 2.3192
[Tracker] Ep  940 | AvgR 0.0003 | Global 0.6781 | Local 0.1192 | F1_macro 0.6539 | WorstLoss 2.4414
[Tracker] Saved snapshot: ep0940_phase1_class1
[Tracker] Ep  941 | AvgR 0.0003 | Global 0.6384 | Local 0.1192 | F1_macro 0.6287 | WorstLoss 2.4752
[Tracker] Ep  942 | AvgR 0.0003 | Global 0.5823 | Local 0.1192 | F1_macro 0.6476 | WorstLoss 2.5729
[Tracker] Ep  943 | AvgR 0.0004 | Global 0.7967 | Local 0.1192 | F1_macro 0.6464 | WorstLoss 2.2358
[Tracker] New BEST synthetic [phase1_class1] (by global.global_obj: 0.796651) saved.
[Tracker] BEST β weights [phase1_class1] saved -> training_runs/SPECcompas_v18k3_ep3000_gpu1_EP3000_PCA10_REWfairness_minID0_majID1_TRJ2000_REAL3000_BIAS0.05_GG202604111115_d5681707/seed_2/best_beta_state_dict_phase1_class1.pt
[Tracker] Ep  944 | AvgR 0.0003 | Global 0.5661 | Local 0.1192 | F1_macro 0.6518 | WorstLoss 2.6036
[Tracker] Ep  945 | AvgR 0.0003 | Global 0.5955 | Local 0.1192 | F1_macro 0.6507 | WorstLoss 2.5609
[Tracker] Saved snapshot: ep0945_phase1_class1
[Tracker] Ep  946 | AvgR 0.0002 | Global 0.3847 | Local 0.1192 | F1_macro 0.6414 | WorstLoss 2.8470
[Tracker] Ep  947 | AvgR 0.0003 | Global 0.6204 | Local 0.1192 | F1_macro 0.6496 | WorstLoss 2.5230
[Tracker] Ep  948 | AvgR 0.0004 | Global 0.7939 | Local 0.1192 | F1_macro 0.6430 | WorstLoss 2.2266
[Tracker] Ep  949 | AvgR 0.0003 | Global 0.5568 | Local 0.1192 | F1_macro 0.6459 | WorstLoss 2.6132
[Tracker] Ep  950 | AvgR 0.0003 | Global 0.5332 | Local 0.1192 | F1_macro 0.6565 | WorstLoss 2.6468
[Tracker] Saved snapshot: ep0950_phase1_class1
[Tracker] Ep  951 | AvgR 0.0004 | Global 0.7322 | Local 0.1192 | F1_macro 0.6422 | WorstLoss 2.3459
[Tracker] Ep  952 | AvgR 0.0003 | Global 0.5412 | Local 0.1192 | F1_macro 0.6424 | WorstLoss 2.6246
[Tracker] Ep  953 | AvgR 0.0003 | Global 0.6261 | Local 0.1192 | F1_macro 0.6512 | WorstLoss 2.5183
[Tracker] Ep  954 | AvgR 0.0003 | Global 0.5211 | Local 0.1192 | F1_macro 0.6515 | WorstLoss 2.6601
[Tracker] Ep  955 | AvgR 0.0004 | Global 0.7413 | Local 0.1192 | F1_macro 0.6438 | WorstLoss 2.3241
[Tracker] Saved snapshot: ep0955_phase1_class1
[Tracker] Ep  956 | AvgR 0.0002 | Global 0.4762 | Local 0.1192 | F1_macro 0.6354 | WorstLoss 2.7187
[Tracker] Ep  957 | AvgR 0.0003 | Global 0.6559 | Local 0.1192 | F1_macro 0.6489 | WorstLoss 2.4734
[Tracker] Ep  958 | AvgR 0.0003 | Global 0.5131 | Local 0.1192 | F1_macro 0.6575 | WorstLoss 2.6699
[Tracker] Ep  959 | AvgR 0.0003 | Global 0.6939 | Local 0.1192 | F1_macro 0.6504 | WorstLoss 2.4091
[Tracker] Ep  960 | AvgR 0.0003 | Global 0.6176 | Local 0.1192 | F1_macro 0.6282 | WorstLoss 2.5282
[Tracker] Saved snapshot: ep0960_phase1_class1
[Tracker] Ep  961 | AvgR 0.0003 | Global 0.6170 | Local 0.1192 | F1_macro 0.6515 | WorstLoss 2.5357
[Tracker] Ep  962 | AvgR 0.0003 | Global 0.6577 | Local 0.1192 | F1_macro 0.6564 | WorstLoss 2.4770
[Tracker] Ep  963 | AvgR 0.0003 | Global 0.6145 | Local 0.1192 | F1_macro 0.6510 | WorstLoss 2.5388
[Tracker] Ep  964 | AvgR 0.0003 | Global 0.5187 | Local 0.1192 | F1_macro 0.6395 | WorstLoss 2.6678
[Tracker] Ep  965 | AvgR 0.0003 | Global 0.6809 | Local 0.1192 | F1_macro 0.6425 | WorstLoss 2.4360
[Tracker] Saved snapshot: ep0965_phase1_class1
[Tracker] Ep  966 | AvgR 0.0003 | Global 0.6077 | Local 0.1192 | F1_macro 0.6629 | WorstLoss 2.5460
[Tracker] Ep  967 | AvgR 0.0004 | Global 0.7656 | Local 0.1192 | F1_macro 0.6419 | WorstLoss 2.2859
[Tracker] Ep  968 | AvgR 0.0003 | Global 0.6861 | Local 0.1192 | F1_macro 0.6385 | WorstLoss 2.4212
[Tracker] Ep  969 | AvgR 0.0003 | Global 0.5736 | Local 0.1192 | F1_macro 0.6459 | WorstLoss 2.5863
[Tracker] Ep  970 | AvgR 0.0003 | Global 0.5007 | Local 0.1192 | F1_macro 0.6532 | WorstLoss 2.6937
[Tracker] Saved snapshot: ep0970_phase1_class1
[Tracker] Ep  971 | AvgR 0.0004 | Global 0.7146 | Local 0.1192 | F1_macro 0.6493 | WorstLoss 2.3656
[Tracker] Ep  972 | AvgR 0.0003 | Global 0.5878 | Local 0.1192 | F1_macro 0.6511 | WorstLoss 2.5711
[Tracker] Ep  973 | AvgR 0.0003 | Global 0.5558 | Local 0.1192 | F1_macro 0.6495 | WorstLoss 2.6140
[Tracker] Ep  974 | AvgR 0.0003 | Global 0.6213 | Local 0.1192 | F1_macro 0.6561 | WorstLoss 2.5259
[Tracker] Ep  975 | AvgR 0.0003 | Global 0.6148 | Local 0.1192 | F1_macro 0.6397 | WorstLoss 2.5334
[Tracker] Saved snapshot: ep0975_phase1_class1
[Tracker] Ep  976 | AvgR 0.0004 | Global 0.7320 | Local 0.1192 | F1_macro 0.6494 | WorstLoss 2.3401
[Tracker] Ep  977 | AvgR 0.0003 | Global 0.5802 | Local 0.1192 | F1_macro 0.6460 | WorstLoss 2.5788
[Tracker] Ep  978 | AvgR 0.0003 | Global 0.6842 | Local 0.1192 | F1_macro 0.6522 | WorstLoss 2.4260
[Tracker] Ep  979 | AvgR 0.0004 | Global 0.7630 | Local 0.1192 | F1_macro 0.6556 | WorstLoss 2.2952
[Tracker] Ep  980 | AvgR 0.0003 | Global 0.5721 | Local 0.1192 | F1_macro 0.6449 | WorstLoss 2.5851
[Tracker] Saved snapshot: ep0980_phase1_class1
[Tracker] Ep  981 | AvgR 0.0003 | Global 0.6633 | Local 0.1192 | F1_macro 0.6527 | WorstLoss 2.4652
[Tracker] Ep  982 | AvgR 0.0003 | Global 0.6963 | Local 0.1192 | F1_macro 0.6513 | WorstLoss 2.4012
[Tracker] Ep  983 | AvgR 0.0003 | Global 0.6690 | Local 0.1192 | F1_macro 0.6517 | WorstLoss 2.4546
[Tracker] Ep  984 | AvgR 0.0004 | Global 0.7330 | Local 0.1192 | F1_macro 0.6467 | WorstLoss 2.3468
[Tracker] Ep  985 | AvgR 0.0003 | Global 0.6118 | Local 0.1192 | F1_macro 0.6372 | WorstLoss 2.5366
[Tracker] Saved snapshot: ep0985_phase1_class1
[Tracker] Ep  986 | AvgR 0.0003 | Global 0.5353 | Local 0.1192 | F1_macro 0.6375 | WorstLoss 2.6451
[Tracker] Ep  987 | AvgR 0.0003 | Global 0.6090 | Local 0.1192 | F1_macro 0.6344 | WorstLoss 2.5338
[Tracker] Ep  988 | AvgR 0.0004 | Global 0.7127 | Local 0.1192 | F1_macro 0.6393 | WorstLoss 2.3617
[Tracker] Ep  989 | AvgR 0.0003 | Global 0.6110 | Local 0.1192 | F1_macro 0.6422 | WorstLoss 2.5311
[Tracker] Ep  990 | AvgR 0.0004 | Global 0.8649 | Local 0.1192 | F1_macro 0.6562 | WorstLoss 2.0560
[Tracker] Saved snapshot: ep0990_phase1_class1
[Tracker] New BEST synthetic [phase1_class1] (by global.global_obj: 0.864907) saved.
[Tracker] BEST β weights [phase1_class1] saved -> training_runs/SPECcompas_v18k3_ep3000_gpu1_EP3000_PCA10_REWfairness_minID0_majID1_TRJ2000_REAL3000_BIAS0.05_GG202604111115_d5681707/seed_2/best_beta_state_dict_phase1_class1.pt
[Tracker] Ep  991 | AvgR 0.0004 | Global 0.7486 | Local 0.1192 | F1_macro 0.6550 | WorstLoss 2.3142
[Tracker] Ep  992 | AvgR 0.0003 | Global 0.6074 | Local 0.1192 | F1_macro 0.6293 | WorstLoss 2.5392
[Tracker] Ep  993 | AvgR 0.0003 | Global 0.6384 | Local 0.1192 | F1_macro 0.6400 | WorstLoss 2.4904
[Tracker] Ep  994 | AvgR 0.0004 | Global 0.8190 | Local 0.1192 | F1_macro 0.6586 | WorstLoss 2.1810
[Tracker] Ep  995 | AvgR 0.0004 | Global 0.7467 | Local 0.1192 | F1_macro 0.6456 | WorstLoss 2.3072
[Tracker] Saved snapshot: ep0995_phase1_class1
[Tracker] Ep  996 | AvgR 0.0003 | Global 0.6687 | Local 0.1192 | F1_macro 0.6484 | WorstLoss 2.4427
[Tracker] Ep  997 | AvgR 0.0003 | Global 0.6907 | Local 0.1192 | F1_macro 0.6390 | WorstLoss 2.4008
[Tracker] Ep  998 | AvgR 0.0003 | Global 0.6314 | Local 0.1192 | F1_macro 0.6464 | WorstLoss 2.5038
[Tracker] Ep  999 | AvgR 0.0003 | Global 0.6190 | Local 0.1192 | F1_macro 0.6449 | WorstLoss 2.5267
[Tracker] Ep 1000 | AvgR 0.0004 | Global 0.8905 | Local 0.1192 | F1_macro 0.6674 | WorstLoss 1.9958
[Tracker] Saved snapshot: ep1000_phase1_class1
[Tracker] New BEST synthetic [phase1_class1] (by global.global_obj: 0.890546) saved.
[Tracker] BEST β weights [phase1_class1] saved -> training_runs/SPECcompas_v18k3_ep3000_gpu1_EP3000_PCA10_REWfairness_minID0_majID1_TRJ2000_REAL3000_BIAS0.05_GG202604111115_d5681707/seed_2/best_beta_state_dict_phase1_class1.pt
[Tracker] Ep 1001 | AvgR 0.0004 | Global 0.7338 | Local 0.1192 | F1_macro 0.6463 | WorstLoss 2.3516
[Tracker] Ep 1002 | AvgR 0.0003 | Global 0.6124 | Local 0.1192 | F1_macro 0.6448 | WorstLoss 2.5268
[Tracker] Ep 1003 | AvgR 0.0003 | Global 0.6939 | Local 0.1192 | F1_macro 0.6538 | WorstLoss 2.4175
[Tracker] Ep 1004 | AvgR 0.0002 | Global 0.4269 | Local 0.1192 | F1_macro 0.6448 | WorstLoss 2.7824
[Tracker] Ep 1005 | AvgR 0.0004 | Global 0.7913 | Local 0.1192 | F1_macro 0.6496 | WorstLoss 2.2436
[Tracker] Saved snapshot: ep1005_phase1_class1
[Tracker] Ep 1006 | AvgR 0.0003 | Global 0.6625 | Local 0.1192 | F1_macro 0.6391 | WorstLoss 2.4541
[Tracker] Ep 1007 | AvgR 0.0003 | Global 0.6247 | Local 0.1192 | F1_macro 0.6476 | WorstLoss 2.5122
[Tracker] Ep 1008 | AvgR 0.0004 | Global 0.8254 | Local 0.1192 | F1_macro 0.6467 | WorstLoss 2.1381
[Tracker] Ep 1009 | AvgR 0.0003 | Global 0.5819 | Local 0.1192 | F1_macro 0.6528 | WorstLoss 2.5844
[Tracker] Ep 1010 | AvgR 0.0003 | Global 0.6411 | Local 0.1192 | F1_macro 0.6541 | WorstLoss 2.4992
[Tracker] Saved snapshot: ep1010_phase1_class1
[Tracker] Ep 1011 | AvgR 0.0003 | Global 0.6239 | Local 0.1192 | F1_macro 0.6523 | WorstLoss 2.5166
[Tracker] Ep 1012 | AvgR 0.0004 | Global 0.7988 | Local 0.1192 | F1_macro 0.6517 | WorstLoss 2.2176
[Tracker] Ep 1013 | AvgR 0.0003 | Global 0.6322 | Local 0.1192 | F1_macro 0.6424 | WorstLoss 2.5035
[Tracker] Ep 1014 | AvgR 0.0004 | Global 0.7232 | Local 0.1192 | F1_macro 0.6412 | WorstLoss 2.3606
[Tracker] Ep 1015 | AvgR 0.0003 | Global 0.6212 | Local 0.1192 | F1_macro 0.6566 | WorstLoss 2.5262
[Tracker] Saved snapshot: ep1015_phase1_class1
[Tracker] Ep 1016 | AvgR 0.0003 | Global 0.6472 | Local 0.1192 | F1_macro 0.6294 | WorstLoss 2.4767
[Tracker] Ep 1017 | AvgR 0.0004 | Global 0.7020 | Local 0.1192 | F1_macro 0.6554 | WorstLoss 2.4028
[Tracker] Ep 1018 | AvgR 0.0004 | Global 0.7460 | Local 0.1192 | F1_macro 0.6465 | WorstLoss 2.3322
[Tracker] Ep 1019 | AvgR 0.0004 | Global 0.7435 | Local 0.1192 | F1_macro 0.6448 | WorstLoss 2.3257
[Tracker] Ep 1020 | AvgR 0.0004 | Global 0.7193 | Local 0.1192 | F1_macro 0.6483 | WorstLoss 2.3716
[Tracker] Saved snapshot: ep1020_phase1_class1
[Tracker] Ep 1021 | AvgR 0.0004 | Global 0.7619 | Local 0.1192 | F1_macro 0.6649 | WorstLoss 2.2971
[Tracker] Ep 1022 | AvgR 0.0003 | Global 0.6182 | Local 0.1192 | F1_macro 0.6436 | WorstLoss 2.5231
[Tracker] Ep 1023 | AvgR 0.0003 | Global 0.6266 | Local 0.1192 | F1_macro 0.6411 | WorstLoss 2.5071
[Tracker] Ep 1024 | AvgR 0.0003 | Global 0.5213 | Local 0.1192 | F1_macro 0.6367 | WorstLoss 2.6557
[Tracker] Ep 1025 | AvgR 0.0004 | Global 0.7082 | Local 0.1192 | F1_macro 0.6457 | WorstLoss 2.3759
[Tracker] Saved snapshot: ep1025_phase1_class1
[Tracker] Ep 1026 | AvgR 0.0004 | Global 0.7072 | Local 0.1192 | F1_macro 0.6493 | WorstLoss 2.3783
[Tracker] Ep 1027 | AvgR 0.0003 | Global 0.6318 | Local 0.1192 | F1_macro 0.6362 | WorstLoss 2.5069
[Tracker] Ep 1028 | AvgR 0.0003 | Global 0.5596 | Local 0.1192 | F1_macro 0.6275 | WorstLoss 2.6063
[Tracker] Ep 1029 | AvgR 0.0004 | Global 0.7885 | Local 0.1192 | F1_macro 0.6528 | WorstLoss 2.2556
[Tracker] Ep 1030 | AvgR 0.0003 | Global 0.6596 | Local 0.1192 | F1_macro 0.6491 | WorstLoss 2.4668
[Tracker] Saved snapshot: ep1030_phase1_class1
[Tracker] Ep 1031 | AvgR 0.0004 | Global 0.7305 | Local 0.1192 | F1_macro 0.6442 | WorstLoss 2.3480
[Tracker] Ep 1032 | AvgR 0.0004 | Global 0.7966 | Local 0.1192 | F1_macro 0.6491 | WorstLoss 2.2199
[Tracker] Ep 1033 | AvgR 0.0004 | Global 0.7230 | Local 0.1192 | F1_macro 0.6488 | WorstLoss 2.3535
[Tracker] Ep 1034 | AvgR 0.0004 | Global 0.7050 | Local 0.1192 | F1_macro 0.6591 | WorstLoss 2.4041
[Tracker] Ep 1035 | AvgR 0.0003 | Global 0.6981 | Local 0.1192 | F1_macro 0.6449 | WorstLoss 2.3987
[Tracker] Saved snapshot: ep1035_phase1_class1
[Tracker] Ep 1036 | AvgR 0.0003 | Global 0.6782 | Local 0.1192 | F1_macro 0.6626 | WorstLoss 2.4373
[Tracker] Ep 1037 | AvgR 0.0003 | Global 0.5571 | Local 0.1192 | F1_macro 0.6530 | WorstLoss 2.6167
[Tracker] Ep 1038 | AvgR 0.0003 | Global 0.6883 | Local 0.1192 | F1_macro 0.6336 | WorstLoss 2.4128
[Tracker] Ep 1039 | AvgR 0.0003 | Global 0.6898 | Local 0.1192 | F1_macro 0.6541 | WorstLoss 2.4095
[Tracker] Ep 1040 | AvgR 0.0004 | Global 0.7520 | Local 0.1192 | F1_macro 0.6557 | WorstLoss 2.3248
[Tracker] Saved snapshot: ep1040_phase1_class1
[Tracker] Ep 1041 | AvgR 0.0004 | Global 0.7399 | Local 0.1192 | F1_macro 0.6448 | WorstLoss 2.3315
[Tracker] Ep 1042 | AvgR 0.0003 | Global 0.6174 | Local 0.1192 | F1_macro 0.6464 | WorstLoss 2.5274
[Tracker] Ep 1043 | AvgR 0.0003 | Global 0.6027 | Local 0.1192 | F1_macro 0.6366 | WorstLoss 2.5327
[Tracker] Ep 1044 | AvgR 0.0003 | Global 0.6606 | Local 0.1192 | F1_macro 0.6445 | WorstLoss 2.4599
[Tracker] Ep 1045 | AvgR 0.0003 | Global 0.6898 | Local 0.1192 | F1_macro 0.6540 | WorstLoss 2.4088
[Tracker] Saved snapshot: ep1045_phase1_class1
[Tracker] Ep 1046 | AvgR 0.0004 | Global 0.7945 | Local 0.1192 | F1_macro 0.6503 | WorstLoss 2.2297
[Tracker] Ep 1047 | AvgR 0.0004 | Global 0.7975 | Local 0.1192 | F1_macro 0.6500 | WorstLoss 2.2302
[Tracker] Ep 1048 | AvgR 0.0003 | Global 0.6778 | Local 0.1192 | F1_macro 0.6498 | WorstLoss 2.4361
[Tracker] Ep 1049 | AvgR 0.0004 | Global 0.7206 | Local 0.1192 | F1_macro 0.6538 | WorstLoss 2.3523
[Tracker] Ep 1050 | AvgR 0.0004 | Global 0.8322 | Local 0.1192 | F1_macro 0.6570 | WorstLoss 2.1561
[Tracker] Saved snapshot: ep1050_phase1_class1
[Tracker] Ep 1051 | AvgR 0.0004 | Global 0.8170 | Local 0.1192 | F1_macro 0.6426 | WorstLoss 2.1896
[Tracker] Ep 1052 | AvgR 0.0003 | Global 0.6872 | Local 0.1192 | F1_macro 0.6440 | WorstLoss 2.4240
[Tracker] Ep 1053 | AvgR 0.0004 | Global 0.8013 | Local 0.1192 | F1_macro 0.6558 | WorstLoss 2.2140
[Tracker] Ep 1054 | AvgR 0.0004 | Global 0.7714 | Local 0.1192 | F1_macro 0.6586 | WorstLoss 2.2771
[Tracker] Ep 1055 | AvgR 0.0004 | Global 0.8355 | Local 0.1192 | F1_macro 0.6472 | WorstLoss 2.1488
[Tracker] Saved snapshot: ep1055_phase1_class1
[Tracker] Ep 1056 | AvgR 0.0004 | Global 0.7679 | Local 0.1192 | F1_macro 0.6433 | WorstLoss 2.2746
[Tracker] Ep 1057 | AvgR 0.0003 | Global 0.6413 | Local 0.1192 | F1_macro 0.6466 | WorstLoss 2.4882
[Tracker] Ep 1058 | AvgR 0.0003 | Global 0.6107 | Local 0.1192 | F1_macro 0.6420 | WorstLoss 2.5371
[Tracker] Ep 1059 | AvgR 0.0003 | Global 0.6658 | Local 0.1192 | F1_macro 0.6287 | WorstLoss 2.4484
[Tracker] Ep 1060 | AvgR 0.0003 | Global 0.6996 | Local 0.1192 | F1_macro 0.6458 | WorstLoss 2.4069
[Tracker] Saved snapshot: ep1060_phase1_class1
[Tracker] Ep 1061 | AvgR 0.0004 | Global 0.7076 | Local 0.1192 | F1_macro 0.6422 | WorstLoss 2.3908
[Tracker] Ep 1062 | AvgR 0.0004 | Global 0.7799 | Local 0.1192 | F1_macro 0.6519 | WorstLoss 2.2662
[Tracker] Ep 1063 | AvgR 0.0003 | Global 0.5739 | Local 0.1192 | F1_macro 0.6448 | WorstLoss 2.5905
[Tracker] Ep 1064 | AvgR 0.0003 | Global 0.6712 | Local 0.1192 | F1_macro 0.6447 | WorstLoss 2.4479
[Tracker] Ep 1065 | AvgR 0.0003 | Global 0.6427 | Local 0.1192 | F1_macro 0.6388 | WorstLoss 2.4931
[Tracker] Saved snapshot: ep1065_phase1_class1
[Tracker] Ep 1066 | AvgR 0.0003 | Global 0.6977 | Local 0.1192 | F1_macro 0.6549 | WorstLoss 2.3980
[Tracker] Ep 1067 | AvgR 0.0004 | Global 0.8458 | Local 0.1192 | F1_macro 0.6474 | WorstLoss 2.1040
[Tracker] Ep 1068 | AvgR 0.0003 | Global 0.6891 | Local 0.1192 | F1_macro 0.6469 | WorstLoss 2.4171
[Tracker] Ep 1069 | AvgR 0.0004 | Global 0.7333 | Local 0.1192 | F1_macro 0.6470 | WorstLoss 2.3496
[Tracker] Ep 1070 | AvgR 0.0004 | Global 0.7063 | Local 0.1192 | F1_macro 0.6463 | WorstLoss 2.3874
[Tracker] Saved snapshot: ep1070_phase1_class1
[Tracker] Ep 1071 | AvgR 0.0004 | Global 0.7729 | Local 0.1192 | F1_macro 0.6473 | WorstLoss 2.2827
[Tracker] Ep 1072 | AvgR 0.0004 | Global 0.7758 | Local 0.1192 | F1_macro 0.6618 | WorstLoss 2.2790
[Tracker] Ep 1073 | AvgR 0.0004 | Global 0.7090 | Local 0.1192 | F1_macro 0.6399 | WorstLoss 2.3760
[Tracker] Ep 1074 | AvgR 0.0004 | Global 0.8287 | Local 0.1192 | F1_macro 0.6544 | WorstLoss 2.1618
[Tracker] Ep 1075 | AvgR 0.0004 | Global 0.8070 | Local 0.1192 | F1_macro 0.6623 | WorstLoss 2.2081
[Tracker] Saved snapshot: ep1075_phase1_class1
[Tracker] Ep 1076 | AvgR 0.0004 | Global 0.7253 | Local 0.1192 | F1_macro 0.6595 | WorstLoss 2.3658
[Tracker] Ep 1077 | AvgR 0.0004 | Global 0.7464 | Local 0.1192 | F1_macro 0.6610 | WorstLoss 2.3307
[Tracker] Ep 1078 | AvgR 0.0004 | Global 0.7670 | Local 0.1192 | F1_macro 0.6586 | WorstLoss 2.2861
[Tracker] Ep 1079 | AvgR 0.0004 | Global 0.8876 | Local 0.1192 | F1_macro 0.6630 | WorstLoss 2.0056
[Tracker] Ep 1080 | AvgR 0.0004 | Global 0.7212 | Local 0.1192 | F1_macro 0.6490 | WorstLoss 2.3605
[Tracker] Saved snapshot: ep1080_phase1_class1
[Tracker] Ep 1081 | AvgR 0.0004 | Global 0.7445 | Local 0.1192 | F1_macro 0.6470 | WorstLoss 2.3277
[Tracker] Ep 1082 | AvgR 0.0004 | Global 0.7848 | Local 0.1192 | F1_macro 0.6624 | WorstLoss 2.2633
[Tracker] Ep 1083 | AvgR 0.0003 | Global 0.6337 | Local 0.1192 | F1_macro 0.6383 | WorstLoss 2.4983
[Tracker] Ep 1084 | AvgR 0.0004 | Global 0.8376 | Local 0.1192 | F1_macro 0.6572 | WorstLoss 2.1275
[Tracker] Ep 1085 | AvgR 0.0004 | Global 0.7607 | Local 0.1192 | F1_macro 0.6503 | WorstLoss 2.3017
[Tracker] Saved snapshot: ep1085_phase1_class1
[Tracker] Ep 1086 | AvgR 0.0004 | Global 0.7199 | Local 0.1192 | F1_macro 0.6484 | WorstLoss 2.3764
[Tracker] Ep 1087 | AvgR 0.0003 | Global 0.6798 | Local 0.1192 | F1_macro 0.6483 | WorstLoss 2.4335
[Tracker] Ep 1088 | AvgR 0.0004 | Global 0.7497 | Local 0.1192 | F1_macro 0.6578 | WorstLoss 2.3288
[Tracker] Ep 1089 | AvgR 0.0004 | Global 0.7584 | Local 0.1192 | F1_macro 0.6472 | WorstLoss 2.2966
[Tracker] Ep 1090 | AvgR 0.0004 | Global 0.7357 | Local 0.1192 | F1_macro 0.6495 | WorstLoss 2.3343
[Tracker] Saved snapshot: ep1090_phase1_class1
[Tracker] Ep 1091 | AvgR 0.0004 | Global 0.8191 | Local 0.1192 | F1_macro 0.6510 | WorstLoss 2.1905
[Tracker] Ep 1092 | AvgR 0.0003 | Global 0.6793 | Local 0.1192 | F1_macro 0.6537 | WorstLoss 2.4445
[Tracker] Ep 1093 | AvgR 0.0004 | Global 0.7127 | Local 0.1192 | F1_macro 0.6410 | WorstLoss 2.3629
[Tracker] Ep 1094 | AvgR 0.0004 | Global 0.8330 | Local 0.1192 | F1_macro 0.6571 | WorstLoss 2.1467
[Tracker] Ep 1095 | AvgR 0.0004 | Global 0.7432 | Local 0.1192 | F1_macro 0.6273 | WorstLoss 2.3295
[Tracker] Saved snapshot: ep1095_phase1_class1
[Tracker] Ep 1096 | AvgR 0.0004 | Global 0.7860 | Local 0.1192 | F1_macro 0.6416 | WorstLoss 2.2402
[Tracker] Ep 1097 | AvgR 0.0004 | Global 0.7645 | Local 0.1192 | F1_macro 0.6433 | WorstLoss 2.3021
[Tracker] Ep 1098 | AvgR 0.0004 | Global 0.7792 | Local 0.1192 | F1_macro 0.6503 | WorstLoss 2.2742
[Tracker] Ep 1099 | AvgR 0.0004 | Global 0.7826 | Local 0.1192 | F1_macro 0.6482 | WorstLoss 2.2676
[Tracker] Ep 1100 | AvgR 0.0004 | Global 0.7722 | Local 0.1192 | F1_macro 0.6463 | WorstLoss 2.2737
[Tracker] Saved snapshot: ep1100_phase1_class1
[Tracker] Ep 1101 | AvgR 0.0004 | Global 0.8149 | Local 0.1192 | F1_macro 0.6465 | WorstLoss 2.1895
[Tracker] Ep 1102 | AvgR 0.0004 | Global 0.7077 | Local 0.1192 | F1_macro 0.6493 | WorstLoss 2.3931
[Tracker] Ep 1103 | AvgR 0.0003 | Global 0.6813 | Local 0.1192 | F1_macro 0.6498 | WorstLoss 2.4338
[Tracker] Ep 1104 | AvgR 0.0004 | Global 0.7412 | Local 0.1192 | F1_macro 0.6456 | WorstLoss 2.3396
[Tracker] Ep 1105 | AvgR 0.0004 | Global 0.7108 | Local 0.1192 | F1_macro 0.6389 | WorstLoss 2.3723
[Tracker] Saved snapshot: ep1105_phase1_class1
[Tracker] Ep 1106 | AvgR 0.0004 | Global 0.7349 | Local 0.1192 | F1_macro 0.6507 | WorstLoss 2.3547
[Tracker] Ep 1107 | AvgR 0.0004 | Global 0.7560 | Local 0.1192 | F1_macro 0.6511 | WorstLoss 2.3063
[Tracker] Ep 1108 | AvgR 0.0004 | Global 0.8016 | Local 0.1192 | F1_macro 0.6555 | WorstLoss 2.2209
[Tracker] Ep 1109 | AvgR 0.0004 | Global 0.8629 | Local 0.1192 | F1_macro 0.6554 | WorstLoss 2.0732
[Tracker] Ep 1110 | AvgR 0.0004 | Global 0.7096 | Local 0.1192 | F1_macro 0.6637 | WorstLoss 2.3885
[Tracker] Saved snapshot: ep1110_phase1_class1
[Tracker] Ep 1111 | AvgR 0.0004 | Global 0.7724 | Local 0.1192 | F1_macro 0.6492 | WorstLoss 2.2739
[Tracker] Ep 1112 | AvgR 0.0004 | Global 0.8472 | Local 0.1192 | F1_macro 0.6560 | WorstLoss 2.1237
[Tracker] Ep 1113 | AvgR 0.0004 | Global 0.7223 | Local 0.1192 | F1_macro 0.6580 | WorstLoss 2.3760
[Tracker] Ep 1114 | AvgR 0.0004 | Global 0.7502 | Local 0.1192 | F1_macro 0.6563 | WorstLoss 2.3005
[Tracker] Ep 1115 | AvgR 0.0004 | Global 0.7470 | Local 0.1192 | F1_macro 0.6411 | WorstLoss 2.3243
[Tracker] Saved snapshot: ep1115_phase1_class1
[Tracker] Ep 1116 | AvgR 0.0004 | Global 0.7305 | Local 0.1192 | F1_macro 0.6478 | WorstLoss 2.3523
[Tracker] Ep 1117 | AvgR 0.0003 | Global 0.6670 | Local 0.1192 | F1_macro 0.6445 | WorstLoss 2.4571
[Tracker] Ep 1118 | AvgR 0.0003 | Global 0.6541 | Local 0.1192 | F1_macro 0.6319 | WorstLoss 2.4684
[Tracker] Ep 1119 | AvgR 0.0003 | Global 0.6739 | Local 0.1192 | F1_macro 0.6388 | WorstLoss 2.4426
[Tracker] Ep 1120 | AvgR 0.0004 | Global 0.7455 | Local 0.1192 | F1_macro 0.6515 | WorstLoss 2.3255
[Tracker] Saved snapshot: ep1120_phase1_class1
[Tracker] Ep 1121 | AvgR 0.0004 | Global 0.7378 | Local 0.1192 | F1_macro 0.6449 | WorstLoss 2.3497
[Tracker] Ep 1122 | AvgR 0.0004 | Global 0.7140 | Local 0.1192 | F1_macro 0.6402 | WorstLoss 2.3887
[Tracker] Ep 1123 | AvgR 0.0004 | Global 0.7923 | Local 0.1192 | F1_macro 0.6532 | WorstLoss 2.2286
[Tracker] Ep 1124 | AvgR 0.0003 | Global 0.6730 | Local 0.1192 | F1_macro 0.6432 | WorstLoss 2.4540
[Tracker] Ep 1125 | AvgR 0.0003 | Global 0.6888 | Local 0.1192 | F1_macro 0.6450 | WorstLoss 2.4171
[Tracker] Saved snapshot: ep1125_phase1_class1
[Tracker] Ep 1126 | AvgR 0.0004 | Global 0.7905 | Local 0.1192 | F1_macro 0.6543 | WorstLoss 2.2415
[Tracker] Ep 1127 | AvgR 0.0003 | Global 0.6813 | Local 0.1192 | F1_macro 0.6524 | WorstLoss 2.4349
[Tracker] Ep 1128 | AvgR 0.0004 | Global 0.7132 | Local 0.1192 | F1_macro 0.6439 | WorstLoss 2.3878
[Tracker] Ep 1129 | AvgR 0.0004 | Global 0.8448 | Local 0.1192 | F1_macro 0.6464 | WorstLoss 2.1299
[Tracker] Ep 1130 | AvgR 0.0004 | Global 0.7198 | Local 0.1192 | F1_macro 0.6426 | WorstLoss 2.3713
[Tracker] Saved snapshot: ep1130_phase1_class1
[Tracker] Ep 1131 | AvgR 0.0004 | Global 0.8196 | Local 0.1192 | F1_macro 0.6571 | WorstLoss 2.1855
[Tracker] Ep 1132 | AvgR 0.0003 | Global 0.5992 | Local 0.1192 | F1_macro 0.6561 | WorstLoss 2.5597
[Tracker] Ep 1133 | AvgR 0.0004 | Global 0.8126 | Local 0.1192 | F1_macro 0.6526 | WorstLoss 2.2055
[Tracker] Ep 1134 | AvgR 0.0004 | Global 0.8241 | Local 0.1192 | F1_macro 0.6526 | WorstLoss 2.1596
[Tracker] Ep 1135 | AvgR 0.0004 | Global 0.7181 | Local 0.1192 | F1_macro 0.6453 | WorstLoss 2.3716
[Tracker] Saved snapshot: ep1135_phase1_class1
[Tracker] Ep 1136 | AvgR 0.0004 | Global 0.8218 | Local 0.1192 | F1_macro 0.6518 | WorstLoss 2.1790
[Tracker] Ep 1137 | AvgR 0.0004 | Global 0.7921 | Local 0.1192 | F1_macro 0.6500 | WorstLoss 2.2488
[Tracker] Ep 1138 | AvgR 0.0003 | Global 0.6701 | Local 0.1192 | F1_macro 0.6424 | WorstLoss 2.4584
[Tracker] Ep 1139 | AvgR 0.0004 | Global 0.7259 | Local 0.1192 | F1_macro 0.6450 | WorstLoss 2.3660
[Tracker] Ep 1140 | AvgR 0.0004 | Global 0.8630 | Local 0.1192 | F1_macro 0.6654 | WorstLoss 2.0811
[Tracker] Saved snapshot: ep1140_phase1_class1
[Tracker] Ep 1141 | AvgR 0.0004 | Global 0.7042 | Local 0.1192 | F1_macro 0.6485 | WorstLoss 2.3975
[Tracker] Ep 1142 | AvgR 0.0004 | Global 0.8090 | Local 0.1192 | F1_macro 0.6517 | WorstLoss 2.1853
[Tracker] Ep 1143 | AvgR 0.0003 | Global 0.6842 | Local 0.1192 | F1_macro 0.6477 | WorstLoss 2.4206
[Tracker] Ep 1144 | AvgR 0.0003 | Global 0.6061 | Local 0.1192 | F1_macro 0.6466 | WorstLoss 2.5432
[Tracker] Ep 1145 | AvgR 0.0003 | Global 0.6720 | Local 0.1192 | F1_macro 0.6411 | WorstLoss 2.4529
[Tracker] Saved snapshot: ep1145_phase1_class1
[Tracker] Ep 1146 | AvgR 0.0003 | Global 0.6057 | Local 0.1192 | F1_macro 0.6254 | WorstLoss 2.5390
[Tracker] Ep 1147 | AvgR 0.0004 | Global 0.7085 | Local 0.1192 | F1_macro 0.6549 | WorstLoss 2.3929
[Tracker] Ep 1148 | AvgR 0.0004 | Global 0.7551 | Local 0.1192 | F1_macro 0.6556 | WorstLoss 2.3085
[Tracker] Ep 1149 | AvgR 0.0004 | Global 0.7220 | Local 0.1192 | F1_macro 0.6524 | WorstLoss 2.3764
[Tracker] Ep 1150 | AvgR 0.0004 | Global 0.8188 | Local 0.1192 | F1_macro 0.6595 | WorstLoss 2.1805
[Tracker] Saved snapshot: ep1150_phase1_class1
[Tracker] Ep 1151 | AvgR 0.0004 | Global 0.8129 | Local 0.1192 | F1_macro 0.6568 | WorstLoss 2.2050
[Tracker] Ep 1152 | AvgR 0.0004 | Global 0.8142 | Local 0.1192 | F1_macro 0.6402 | WorstLoss 2.1943
[Tracker] Ep 1153 | AvgR 0.0003 | Global 0.6836 | Local 0.1192 | F1_macro 0.6451 | WorstLoss 2.4317
[Tracker] Ep 1154 | AvgR 0.0004 | Global 0.8031 | Local 0.1192 | F1_macro 0.6528 | WorstLoss 2.2260
[Tracker] Ep 1155 | AvgR 0.0004 | Global 0.7639 | Local 0.1192 | F1_macro 0.6471 | WorstLoss 2.2993
[Tracker] Saved snapshot: ep1155_phase1_class1
[Tracker] Ep 1156 | AvgR 0.0004 | Global 0.8222 | Local 0.1192 | F1_macro 0.6614 | WorstLoss 2.1841
[Tracker] Ep 1157 | AvgR 0.0004 | Global 0.8547 | Local 0.1192 | F1_macro 0.6558 | WorstLoss 2.0890
[Tracker] Ep 1158 | AvgR 0.0004 | Global 0.8075 | Local 0.1192 | F1_macro 0.6684 | WorstLoss 2.2167
[Tracker] Ep 1159 | AvgR 0.0004 | Global 0.8368 | Local 0.1192 | F1_macro 0.6500 | WorstLoss 2.1376
[Tracker] Ep 1160 | AvgR 0.0003 | Global 0.6245 | Local 0.1192 | F1_macro 0.6410 | WorstLoss 2.5245
[Tracker] Saved snapshot: ep1160_phase1_class1
[Tracker] Ep 1161 | AvgR 0.0004 | Global 0.7109 | Local 0.1192 | F1_macro 0.6429 | WorstLoss 2.3686
[Tracker] Ep 1162 | AvgR 0.0004 | Global 0.8553 | Local 0.1192 | F1_macro 0.6500 | WorstLoss 2.1024
[Tracker] Ep 1163 | AvgR 0.0004 | Global 0.7682 | Local 0.1192 | F1_macro 0.6373 | WorstLoss 2.2901
[Tracker] Ep 1164 | AvgR 0.0004 | Global 0.8376 | Local 0.1192 | F1_macro 0.6596 | WorstLoss 2.1477
[Tracker] Ep 1165 | AvgR 0.0004 | Global 0.7957 | Local 0.1192 | F1_macro 0.6498 | WorstLoss 2.2255
[Tracker] Saved snapshot: ep1165_phase1_class1
[Tracker] Ep 1166 | AvgR 0.0004 | Global 0.8637 | Local 0.1192 | F1_macro 0.6651 | WorstLoss 2.0792
[Tracker] Ep 1167 | AvgR 0.0004 | Global 0.7393 | Local 0.1192 | F1_macro 0.6465 | WorstLoss 2.3291
[Tracker] Ep 1168 | AvgR 0.0003 | Global 0.6980 | Local 0.1192 | F1_macro 0.6453 | WorstLoss 2.4119
[Tracker] Ep 1169 | AvgR 0.0004 | Global 0.7208 | Local 0.1192 | F1_macro 0.6363 | WorstLoss 2.3643
[Tracker] Ep 1170 | AvgR 0.0004 | Global 0.7193 | Local 0.1192 | F1_macro 0.6532 | WorstLoss 2.3755
[Tracker] Saved snapshot: ep1170_phase1_class1
[Tracker] Ep 1171 | AvgR 0.0004 | Global 0.8710 | Local 0.1192 | F1_macro 0.6528 | WorstLoss 2.0581
[Tracker] Ep 1172 | AvgR 0.0004 | Global 0.7542 | Local 0.1192 | F1_macro 0.6489 | WorstLoss 2.3194
[Tracker] Ep 1173 | AvgR 0.0004 | Global 0.7844 | Local 0.1192 | F1_macro 0.6496 | WorstLoss 2.2640
[Tracker] Ep 1174 | AvgR 0.0004 | Global 0.7594 | Local 0.1192 | F1_macro 0.6582 | WorstLoss 2.3115
[Tracker] Ep 1175 | AvgR 0.0004 | Global 0.8340 | Local 0.1192 | F1_macro 0.6538 | WorstLoss 2.1565
[Tracker] Saved snapshot: ep1175_phase1_class1
[Tracker] Ep 1176 | AvgR 0.0004 | Global 0.7918 | Local 0.1192 | F1_macro 0.6388 | WorstLoss 2.2188
[Tracker] Ep 1177 | AvgR 0.0004 | Global 0.8332 | Local 0.1192 | F1_macro 0.6496 | WorstLoss 2.1579
[Tracker] Ep 1178 | AvgR 0.0004 | Global 0.7225 | Local 0.1192 | F1_macro 0.6417 | WorstLoss 2.3628
[Tracker] Ep 1179 | AvgR 0.0004 | Global 0.8561 | Local 0.1192 | F1_macro 0.6496 | WorstLoss 2.1002
[Tracker] Ep 1180 | AvgR 0.0004 | Global 0.8189 | Local 0.1192 | F1_macro 0.6683 | WorstLoss 2.1915
[Tracker] Saved snapshot: ep1180_phase1_class1
[Tracker] Ep 1181 | AvgR 0.0005 | Global 0.9161 | Local 0.1192 | F1_macro 0.6533 | WorstLoss 1.8980
[Tracker] New BEST synthetic [phase1_class1] (by global.global_obj: 0.916052) saved.
[Tracker] BEST β weights [phase1_class1] saved -> training_runs/SPECcompas_v18k3_ep3000_gpu1_EP3000_PCA10_REWfairness_minID0_majID1_TRJ2000_REAL3000_BIAS0.05_GG202604111115_d5681707/seed_2/best_beta_state_dict_phase1_class1.pt
[Tracker] Ep 1182 | AvgR 0.0004 | Global 0.7214 | Local 0.1192 | F1_macro 0.6552 | WorstLoss 2.3761
[Tracker] Ep 1183 | AvgR 0.0003 | Global 0.6052 | Local 0.1192 | F1_macro 0.6365 | WorstLoss 2.5521
[Tracker] Ep 1184 | AvgR 0.0004 | Global 0.7137 | Local 0.1192 | F1_macro 0.6510 | WorstLoss 2.3759
[Tracker] Ep 1185 | AvgR 0.0003 | Global 0.6986 | Local 0.1192 | F1_macro 0.6702 | WorstLoss 2.4085
[Tracker] Saved snapshot: ep1185_phase1_class1
[Tracker] Ep 1186 | AvgR 0.0004 | Global 0.8372 | Local 0.1192 | F1_macro 0.6621 | WorstLoss 2.1397
[Tracker] Ep 1187 | AvgR 0.0004 | Global 0.8888 | Local 0.1192 | F1_macro 0.6543 | WorstLoss 2.0016
[Tracker] Ep 1188 | AvgR 0.0004 | Global 0.8436 | Local 0.1192 | F1_macro 0.6507 | WorstLoss 2.1212
[Tracker] Ep 1189 | AvgR 0.0004 | Global 0.8486 | Local 0.1192 | F1_macro 0.6487 | WorstLoss 2.1201
[Tracker] Ep 1190 | AvgR 0.0004 | Global 0.7297 | Local 0.1192 | F1_macro 0.6550 | WorstLoss 2.3587
[Tracker] Saved snapshot: ep1190_phase1_class1
[Tracker] Ep 1191 | AvgR 0.0004 | Global 0.8511 | Local 0.1192 | F1_macro 0.6619 | WorstLoss 2.1136
[Tracker] Ep 1192 | AvgR 0.0004 | Global 0.7569 | Local 0.1192 | F1_macro 0.6565 | WorstLoss 2.3161
[Tracker] Ep 1193 | AvgR 0.0004 | Global 0.8847 | Local 0.1192 | F1_macro 0.6485 | WorstLoss 2.0154
[Tracker] Ep 1194 | AvgR 0.0004 | Global 0.7867 | Local 0.1192 | F1_macro 0.6583 | WorstLoss 2.2595
[Tracker] Ep 1195 | AvgR 0.0004 | Global 0.8620 | Local 0.1192 | F1_macro 0.6538 | WorstLoss 2.0405
[Tracker] Saved snapshot: ep1195_phase1_class1
[Tracker] Ep 1196 | AvgR 0.0004 | Global 0.8817 | Local 0.1192 | F1_macro 0.6503 | WorstLoss 2.0250
[Tracker] Ep 1197 | AvgR 0.0004 | Global 0.8330 | Local 0.1192 | F1_macro 0.6471 | WorstLoss 2.1588
[Tracker] Ep 1198 | AvgR 0.0003 | Global 0.6977 | Local 0.1192 | F1_macro 0.6569 | WorstLoss 2.4158
[Tracker] Ep 1199 | AvgR 0.0003 | Global 0.6682 | Local 0.1192 | F1_macro 0.6504 | WorstLoss 2.4609
[Tracker] Ep 1200 | AvgR 0.0004 | Global 0.7655 | Local 0.1192 | F1_macro 0.6473 | WorstLoss 2.2843
[Tracker] Saved snapshot: ep1200_phase1_class1
[Tracker] Ep 1201 | AvgR 0.0003 | Global 0.6972 | Local 0.1192 | F1_macro 0.6576 | WorstLoss 2.4166
[Tracker] Ep 1202 | AvgR 0.0004 | Global 0.7328 | Local 0.1192 | F1_macro 0.6469 | WorstLoss 2.3503
[Tracker] Ep 1203 | AvgR 0.0004 | Global 0.8024 | Local 0.1192 | F1_macro 0.6498 | WorstLoss 2.2248
[Tracker] Ep 1204 | AvgR 0.0004 | Global 0.8464 | Local 0.1192 | F1_macro 0.6300 | WorstLoss 2.1257
[Tracker] Ep 1205 | AvgR 0.0004 | Global 0.7630 | Local 0.1192 | F1_macro 0.6574 | WorstLoss 2.3031
[Tracker] Saved snapshot: ep1205_phase1_class1
[Tracker] Ep 1206 | AvgR 0.0004 | Global 0.7996 | Local 0.1192 | F1_macro 0.6528 | WorstLoss 2.2184
[Tracker] Ep 1207 | AvgR 0.0004 | Global 0.7940 | Local 0.1192 | F1_macro 0.6516 | WorstLoss 2.2448
[Tracker] Ep 1208 | AvgR 0.0004 | Global 0.7447 | Local 0.1192 | F1_macro 0.6513 | WorstLoss 2.3335
[Tracker] Ep 1209 | AvgR 0.0004 | Global 0.7921 | Local 0.1192 | F1_macro 0.6524 | WorstLoss 2.2476
[Tracker] Ep 1210 | AvgR 0.0004 | Global 0.8782 | Local 0.1192 | F1_macro 0.6577 | WorstLoss 2.0360
[Tracker] Saved snapshot: ep1210_phase1_class1
[Tracker] Ep 1211 | AvgR 0.0004 | Global 0.8241 | Local 0.1192 | F1_macro 0.6502 | WorstLoss 2.1585
[Tracker] Ep 1212 | AvgR 0.0004 | Global 0.7446 | Local 0.1192 | F1_macro 0.6502 | WorstLoss 2.3212
[Tracker] Ep 1213 | AvgR 0.0004 | Global 0.8891 | Local 0.1192 | F1_macro 0.6682 | WorstLoss 2.0006
[Tracker] Ep 1214 | AvgR 0.0004 | Global 0.7973 | Local 0.1192 | F1_macro 0.6614 | WorstLoss 2.2381
[Tracker] Ep 1215 | AvgR 0.0004 | Global 0.8226 | Local 0.1192 | F1_macro 0.6548 | WorstLoss 2.1832
[Tracker] Saved snapshot: ep1215_phase1_class1
[Tracker] Ep 1216 | AvgR 0.0004 | Global 0.8300 | Local 0.1192 | F1_macro 0.6610 | WorstLoss 2.1660
[Tracker] Ep 1217 | AvgR 0.0004 | Global 0.7302 | Local 0.1192 | F1_macro 0.6358 | WorstLoss 2.3521
[Tracker] Ep 1218 | AvgR 0.0004 | Global 0.8187 | Local 0.1192 | F1_macro 0.6578 | WorstLoss 2.1868
[Tracker] Ep 1219 | AvgR 0.0004 | Global 0.7781 | Local 0.1192 | F1_macro 0.6411 | WorstLoss 2.2454
[Tracker] Ep 1220 | AvgR 0.0004 | Global 0.7714 | Local 0.1192 | F1_macro 0.6562 | WorstLoss 2.2803
[Tracker] Saved snapshot: ep1220_phase1_class1
[Tracker] Ep 1221 | AvgR 0.0004 | Global 0.7995 | Local 0.1192 | F1_macro 0.6492 | WorstLoss 2.2286
[Tracker] Ep 1222 | AvgR 0.0004 | Global 0.8670 | Local 0.1192 | F1_macro 0.6715 | WorstLoss 2.0698
[Tracker] Ep 1223 | AvgR 0.0004 | Global 0.7379 | Local 0.1192 | F1_macro 0.6478 | WorstLoss 2.3448
[Tracker] Ep 1224 | AvgR 0.0004 | Global 0.7759 | Local 0.1192 | F1_macro 0.6608 | WorstLoss 2.2803
[Tracker] Ep 1225 | AvgR 0.0004 | Global 0.7802 | Local 0.1192 | F1_macro 0.6574 | WorstLoss 2.2723
[Tracker] Saved snapshot: ep1225_phase1_class1
[Tracker] Ep 1226 | AvgR 0.0004 | Global 0.7544 | Local 0.1192 | F1_macro 0.6554 | WorstLoss 2.3204
[Tracker] Ep 1227 | AvgR 0.0004 | Global 0.8597 | Local 0.1192 | F1_macro 0.6565 | WorstLoss 2.0889
[Tracker] Ep 1228 | AvgR 0.0004 | Global 0.7966 | Local 0.1192 | F1_macro 0.6579 | WorstLoss 2.2395
[Tracker] Ep 1229 | AvgR 0.0004 | Global 0.8279 | Local 0.1192 | F1_macro 0.6591 | WorstLoss 2.1710
[Tracker] Ep 1230 | AvgR 0.0004 | Global 0.8749 | Local 0.1192 | F1_macro 0.6578 | WorstLoss 2.0464
[Tracker] Saved snapshot: ep1230_phase1_class1
[Tracker] Ep 1231 | AvgR 0.0004 | Global 0.8294 | Local 0.1192 | F1_macro 0.6539 | WorstLoss 2.1623
[Tracker] Ep 1232 | AvgR 0.0004 | Global 0.8356 | Local 0.1192 | F1_macro 0.6603 | WorstLoss 2.1527
[Tracker] Ep 1233 | AvgR 0.0004 | Global 0.8772 | Local 0.1192 | F1_macro 0.6608 | WorstLoss 2.0391
[Tracker] Ep 1234 | AvgR 0.0003 | Global 0.6406 | Local 0.1192 | F1_macro 0.6573 | WorstLoss 2.5019
[Tracker] Ep 1235 | AvgR 0.0004 | Global 0.7570 | Local 0.1192 | F1_macro 0.6492 | WorstLoss 2.3091
[Tracker] Saved snapshot: ep1235_phase1_class1
[Tracker] Ep 1236 | AvgR 0.0004 | Global 0.7088 | Local 0.1192 | F1_macro 0.6473 | WorstLoss 2.3980
[Tracker] Ep 1237 | AvgR 0.0004 | Global 0.7763 | Local 0.1192 | F1_macro 0.6573 | WorstLoss 2.2758
[Tracker] Ep 1238 | AvgR 0.0003 | Global 0.5868 | Local 0.1192 | F1_macro 0.6332 | WorstLoss 2.5773
[Tracker] Ep 1239 | AvgR 0.0004 | Global 0.8417 | Local 0.1192 | F1_macro 0.6565 | WorstLoss 2.1376
[Tracker] Ep 1240 | AvgR 0.0004 | Global 0.7739 | Local 0.1192 | F1_macro 0.6578 | WorstLoss 2.2845
[Tracker] Saved snapshot: ep1240_phase1_class1
[Tracker] Ep 1241 | AvgR 0.0004 | Global 0.7696 | Local 0.1192 | F1_macro 0.6588 | WorstLoss 2.2926
[Tracker] Ep 1242 | AvgR 0.0004 | Global 0.8295 | Local 0.1192 | F1_macro 0.6479 | WorstLoss 2.1672
[Tracker] Ep 1243 | AvgR 0.0004 | Global 0.7854 | Local 0.1192 | F1_macro 0.6608 | WorstLoss 2.2622
[Tracker] Ep 1244 | AvgR 0.0004 | Global 0.8578 | Local 0.1192 | F1_macro 0.6559 | WorstLoss 2.0952
[Tracker] Ep 1245 | AvgR 0.0004 | Global 0.7446 | Local 0.1192 | F1_macro 0.6530 | WorstLoss 2.3265
[Tracker] Saved snapshot: ep1245_phase1_class1
[Tracker] Ep 1246 | AvgR 0.0004 | Global 0.8011 | Local 0.1192 | F1_macro 0.6530 | WorstLoss 2.2265
[Tracker] Ep 1247 | AvgR 0.0004 | Global 0.8327 | Local 0.1192 | F1_macro 0.6652 | WorstLoss 2.1596
[Tracker] Ep 1248 | AvgR 0.0004 | Global 0.8562 | Local 0.1192 | F1_macro 0.6623 | WorstLoss 2.0998
[Tracker] Ep 1249 | AvgR 0.0005 | Global 0.9226 | Local 0.1192 | F1_macro 0.6710 | WorstLoss 1.8687
[Tracker] New BEST synthetic [phase1_class1] (by global.global_obj: 0.922559) saved.
[Tracker] BEST β weights [phase1_class1] saved -> training_runs/SPECcompas_v18k3_ep3000_gpu1_EP3000_PCA10_REWfairness_minID0_majID1_TRJ2000_REAL3000_BIAS0.05_GG202604111115_d5681707/seed_2/best_beta_state_dict_phase1_class1.pt
[Tracker] Ep 1250 | AvgR 0.0004 | Global 0.8542 | Local 0.1192 | F1_macro 0.6569 | WorstLoss 2.1054
[Tracker] Saved snapshot: ep1250_phase1_class1
[Tracker] Ep 1251 | AvgR 0.0004 | Global 0.8271 | Local 0.1192 | F1_macro 0.6612 | WorstLoss 2.1728
[Tracker] Ep 1252 | AvgR 0.0004 | Global 0.8915 | Local 0.1192 | F1_macro 0.6543 | WorstLoss 1.9924
[Tracker] Ep 1253 | AvgR 0.0004 | Global 0.7658 | Local 0.1192 | F1_macro 0.6422 | WorstLoss 2.2937
[Tracker] Ep 1254 | AvgR 0.0004 | Global 0.8705 | Local 0.1192 | F1_macro 0.6628 | WorstLoss 2.0594
[Tracker] Ep 1255 | AvgR 0.0004 | Global 0.8945 | Local 0.1192 | F1_macro 0.6533 | WorstLoss 1.9820
[Tracker] Saved snapshot: ep1255_phase1_class1
[Tracker] Ep 1256 | AvgR 0.0004 | Global 0.7851 | Local 0.1192 | F1_macro 0.6422 | WorstLoss 2.2628
[Tracker] Ep 1257 | AvgR 0.0004 | Global 0.7990 | Local 0.1192 | F1_macro 0.6561 | WorstLoss 2.2346
[Tracker] Ep 1258 | AvgR 0.0004 | Global 0.7933 | Local 0.1192 | F1_macro 0.6499 | WorstLoss 2.2422
[Tracker] Ep 1259 | AvgR 0.0004 | Global 0.7972 | Local 0.1192 | F1_macro 0.6573 | WorstLoss 2.2293
[Tracker] Ep 1260 | AvgR 0.0004 | Global 0.8246 | Local 0.1192 | F1_macro 0.6512 | WorstLoss 2.1760
[Tracker] Saved snapshot: ep1260_phase1_class1
[Tracker] Ep 1261 | AvgR 0.0004 | Global 0.8634 | Local 0.1192 | F1_macro 0.6565 | WorstLoss 2.0799
[Tracker] Ep 1262 | AvgR 0.0004 | Global 0.7883 | Local 0.1192 | F1_macro 0.6581 | WorstLoss 2.2563
[Tracker] Ep 1263 | AvgR 0.0004 | Global 0.7479 | Local 0.1192 | F1_macro 0.6504 | WorstLoss 2.3246
[Tracker] Ep 1264 | AvgR 0.0005 | Global 0.9189 | Local 0.1192 | F1_macro 0.6545 | WorstLoss 1.8855
[Tracker] Ep 1265 | AvgR 0.0004 | Global 0.8403 | Local 0.1192 | F1_macro 0.6485 | WorstLoss 2.1412
[Tracker] Saved snapshot: ep1265_phase1_class1
[Tracker] Ep 1266 | AvgR 0.0004 | Global 0.8472 | Local 0.1192 | F1_macro 0.6744 | WorstLoss 2.1236
[Tracker] Ep 1267 | AvgR 0.0004 | Global 0.7812 | Local 0.1192 | F1_macro 0.6519 | WorstLoss 2.2703
[Tracker] Ep 1268 | AvgR 0.0005 | Global 0.9281 | Local 0.1192 | F1_macro 0.6465 | WorstLoss 1.8223
[Tracker] New BEST synthetic [phase1_class1] (by global.global_obj: 0.928108) saved.
[Tracker] BEST β weights [phase1_class1] saved -> training_runs/SPECcompas_v18k3_ep3000_gpu1_EP3000_PCA10_REWfairness_minID0_majID1_TRJ2000_REAL3000_BIAS0.05_GG202604111115_d5681707/seed_2/best_beta_state_dict_phase1_class1.pt
[Tracker] Ep 1269 | AvgR 0.0004 | Global 0.8390 | Local 0.1192 | F1_macro 0.6480 | WorstLoss 2.1354
[Tracker] Ep 1270 | AvgR 0.0004 | Global 0.7953 | Local 0.1192 | F1_macro 0.6614 | WorstLoss 2.2423
[Tracker] Saved snapshot: ep1270_phase1_class1
[Tracker] Ep 1271 | AvgR 0.0004 | Global 0.7899 | Local 0.1192 | F1_macro 0.6576 | WorstLoss 2.2532
[Tracker] Ep 1272 | AvgR 0.0004 | Global 0.8707 | Local 0.1192 | F1_macro 0.6560 | WorstLoss 2.0588
[Tracker] Ep 1273 | AvgR 0.0004 | Global 0.8669 | Local 0.1192 | F1_macro 0.6688 | WorstLoss 2.0699
[Tracker] Ep 1274 | AvgR 0.0004 | Global 0.8654 | Local 0.1192 | F1_macro 0.6565 | WorstLoss 2.0744
[Tracker] Ep 1275 | AvgR 0.0004 | Global 0.8454 | Local 0.1192 | F1_macro 0.6614 | WorstLoss 2.1281
[Tracker] Saved snapshot: ep1275_phase1_class1
[Tracker] Ep 1276 | AvgR 0.0004 | Global 0.7881 | Local 0.1192 | F1_macro 0.6584 | WorstLoss 2.2568
[Tracker] Ep 1277 | AvgR 0.0004 | Global 0.8116 | Local 0.1192 | F1_macro 0.6612 | WorstLoss 2.2077
[Tracker] Ep 1278 | AvgR 0.0004 | Global 0.8279 | Local 0.1192 | F1_macro 0.6631 | WorstLoss 2.1709
[Tracker] Ep 1279 | AvgR 0.0004 | Global 0.8858 | Local 0.1192 | F1_macro 0.6762 | WorstLoss 2.0119
[Tracker] Ep 1280 | AvgR 0.0004 | Global 0.8131 | Local 0.1192 | F1_macro 0.6452 | WorstLoss 2.2032
[Tracker] Saved snapshot: ep1280_phase1_class1
[Tracker] Ep 1281 | AvgR 0.0004 | Global 0.8496 | Local 0.1192 | F1_macro 0.6504 | WorstLoss 2.1173
[Tracker] Ep 1282 | AvgR 0.0004 | Global 0.8302 | Local 0.1192 | F1_macro 0.6536 | WorstLoss 2.1624
[Tracker] Ep 1283 | AvgR 0.0004 | Global 0.8057 | Local 0.1192 | F1_macro 0.6496 | WorstLoss 2.1934
[Tracker] Ep 1284 | AvgR 0.0004 | Global 0.7060 | Local 0.1192 | F1_macro 0.6550 | WorstLoss 2.4025
[Tracker] Ep 1285 | AvgR 0.0004 | Global 0.7568 | Local 0.1192 | F1_macro 0.6563 | WorstLoss 2.3162
[Tracker] Saved snapshot: ep1285_phase1_class1
[Tracker] Ep 1286 | AvgR 0.0004 | Global 0.7775 | Local 0.1192 | F1_macro 0.6587 | WorstLoss 2.2776
[Tracker] Ep 1287 | AvgR 0.0004 | Global 0.7809 | Local 0.1192 | F1_macro 0.6504 | WorstLoss 2.2670
[Tracker] Ep 1288 | AvgR 0.0004 | Global 0.8991 | Local 0.1192 | F1_macro 0.6566 | WorstLoss 1.9656
[Tracker] Ep 1289 | AvgR 0.0004 | Global 0.8045 | Local 0.1192 | F1_macro 0.6471 | WorstLoss 2.2032
[Tracker] Ep 1290 | AvgR 0.0005 | Global 0.9000 | Local 0.1192 | F1_macro 0.6598 | WorstLoss 1.9622
[Tracker] Saved snapshot: ep1290_phase1_class1
[Tracker] Ep 1291 | AvgR 0.0004 | Global 0.8541 | Local 0.1192 | F1_macro 0.6708 | WorstLoss 2.1055
[Tracker] Ep 1292 | AvgR 0.0003 | Global 0.6199 | Local 0.1192 | F1_macro 0.6483 | WorstLoss 2.5315
[Tracker] Ep 1293 | AvgR 0.0004 | Global 0.8805 | Local 0.1192 | F1_macro 0.6600 | WorstLoss 2.0289
[Tracker] Ep 1294 | AvgR 0.0004 | Global 0.8104 | Local 0.1192 | F1_macro 0.6566 | WorstLoss 2.2104
[Tracker] Ep 1295 | AvgR 0.0004 | Global 0.8792 | Local 0.1192 | F1_macro 0.6483 | WorstLoss 2.0331
[Tracker] Saved snapshot: ep1295_phase1_class1
[Tracker] Ep 1296 | AvgR 0.0004 | Global 0.8884 | Local 0.1192 | F1_macro 0.6616 | WorstLoss 2.0030
[Tracker] Ep 1297 | AvgR 0.0004 | Global 0.7428 | Local 0.1192 | F1_macro 0.6491 | WorstLoss 2.3400
[Tracker] Ep 1298 | AvgR 0.0004 | Global 0.8219 | Local 0.1192 | F1_macro 0.6643 | WorstLoss 2.1849
[Tracker] Ep 1299 | AvgR 0.0004 | Global 0.8635 | Local 0.1192 | F1_macro 0.6695 | WorstLoss 2.0797
[Tracker] Ep 1300 | AvgR 0.0004 | Global 0.8686 | Local 0.1192 | F1_macro 0.6680 | WorstLoss 2.0650
[Tracker] Saved snapshot: ep1300_phase1_class1
[Tracker] Ep 1301 | AvgR 0.0004 | Global 0.7915 | Local 0.1192 | F1_macro 0.6613 | WorstLoss 2.2500
[Tracker] Ep 1302 | AvgR 0.0004 | Global 0.8425 | Local 0.1192 | F1_macro 0.6500 | WorstLoss 2.1253
[Tracker] Ep 1303 | AvgR 0.0003 | Global 0.6659 | Local 0.1192 | F1_macro 0.6521 | WorstLoss 2.4647
[Tracker] Ep 1304 | AvgR 0.0005 | Global 0.9047 | Local 0.1192 | F1_macro 0.6395 | WorstLoss 1.9363
[Tracker] Ep 1305 | AvgR 0.0004 | Global 0.7585 | Local 0.1192 | F1_macro 0.6475 | WorstLoss 2.3131
[Tracker] Saved snapshot: ep1305_phase1_class1
[Tracker] Ep 1306 | AvgR 0.0004 | Global 0.8184 | Local 0.1192 | F1_macro 0.6700 | WorstLoss 2.1928
[Tracker] Ep 1307 | AvgR 0.0004 | Global 0.7544 | Local 0.1192 | F1_macro 0.6589 | WorstLoss 2.3204
[Tracker] Ep 1308 | AvgR 0.0004 | Global 0.7645 | Local 0.1192 | F1_macro 0.6446 | WorstLoss 2.2986
[Tracker] Ep 1309 | AvgR 0.0004 | Global 0.8331 | Local 0.1192 | F1_macro 0.6615 | WorstLoss 2.1586
[Tracker] Ep 1310 | AvgR 0.0004 | Global 0.8442 | Local 0.1192 | F1_macro 0.6551 | WorstLoss 2.1313
[Tracker] Saved snapshot: ep1310_phase1_class1
[Tracker] Ep 1311 | AvgR 0.0004 | Global 0.8795 | Local 0.1192 | F1_macro 0.6374 | WorstLoss 2.0322
[Tracker] Ep 1312 | AvgR 0.0004 | Global 0.8523 | Local 0.1192 | F1_macro 0.6617 | WorstLoss 2.1104
[Tracker] Ep 1313 | AvgR 0.0004 | Global 0.8218 | Local 0.1192 | F1_macro 0.6548 | WorstLoss 2.1850
[Tracker] Ep 1314 | AvgR 0.0003 | Global 0.6960 | Local 0.1192 | F1_macro 0.6550 | WorstLoss 2.4184
[Tracker] Ep 1315 | AvgR 0.0004 | Global 0.8709 | Local 0.1192 | F1_macro 0.6640 | WorstLoss 2.0584
[Tracker] Saved snapshot: ep1315_phase1_class1
[Tracker] Ep 1316 | AvgR 0.0004 | Global 0.8690 | Local 0.1192 | F1_macro 0.6554 | WorstLoss 2.0640
[Tracker] Ep 1317 | AvgR 0.0004 | Global 0.8092 | Local 0.1192 | F1_macro 0.6635 | WorstLoss 2.2098
[Tracker] Ep 1318 | AvgR 0.0004 | Global 0.8172 | Local 0.1192 | F1_macro 0.6623 | WorstLoss 2.1937
[Tracker] Ep 1319 | AvgR 0.0004 | Global 0.8454 | Local 0.1192 | F1_macro 0.6608 | WorstLoss 2.1282
[Tracker] Ep 1320 | AvgR 0.0004 | Global 0.8546 | Local 0.1192 | F1_macro 0.6593 | WorstLoss 2.1042
[Tracker] Saved snapshot: ep1320_phase1_class1
[Tracker] Ep 1321 | AvgR 0.0003 | Global 0.6897 | Local 0.1192 | F1_macro 0.6464 | WorstLoss 2.4284
[Tracker] Ep 1322 | AvgR 0.0004 | Global 0.8376 | Local 0.1192 | F1_macro 0.6634 | WorstLoss 2.1477
[Tracker] Ep 1323 | AvgR 0.0005 | Global 0.9186 | Local 0.1192 | F1_macro 0.6686 | WorstLoss 1.8869
[Tracker] Ep 1324 | AvgR 0.0005 | Global 0.9349 | Local 0.1192 | F1_macro 0.6571 | WorstLoss 1.8063
[Tracker] New BEST synthetic [phase1_class1] (by global.global_obj: 0.934919) saved.
[Tracker] BEST β weights [phase1_class1] saved -> training_runs/SPECcompas_v18k3_ep3000_gpu1_EP3000_PCA10_REWfairness_minID0_majID1_TRJ2000_REAL3000_BIAS0.05_GG202604111115_d5681707/seed_2/best_beta_state_dict_phase1_class1.pt
[Tracker] Ep 1325 | AvgR 0.0004 | Global 0.7708 | Local 0.1192 | F1_macro 0.6504 | WorstLoss 2.2903
[Tracker] Saved snapshot: ep1325_phase1_class1
[Tracker] Ep 1326 | AvgR 0.0004 | Global 0.8375 | Local 0.1192 | F1_macro 0.6686 | WorstLoss 2.1480
[Tracker] Ep 1327 | AvgR 0.0004 | Global 0.7658 | Local 0.1192 | F1_macro 0.6606 | WorstLoss 2.2996
[Tracker] Ep 1328 | AvgR 0.0004 | Global 0.7930 | Local 0.1192 | F1_macro 0.6512 | WorstLoss 2.2326
[Tracker] Ep 1329 | AvgR 0.0004 | Global 0.8180 | Local 0.1192 | F1_macro 0.6601 | WorstLoss 2.1937
[Tracker] Ep 1330 | AvgR 0.0004 | Global 0.8742 | Local 0.1192 | F1_macro 0.6450 | WorstLoss 1.9898
[Tracker] Saved snapshot: ep1330_phase1_class1
[Tracker] Ep 1331 | AvgR 0.0004 | Global 0.8914 | Local 0.1192 | F1_macro 0.6638 | WorstLoss 1.9927
[Tracker] Ep 1332 | AvgR 0.0004 | Global 0.8053 | Local 0.1192 | F1_macro 0.6551 | WorstLoss 2.2213
[Tracker] Ep 1333 | AvgR 0.0004 | Global 0.8697 | Local 0.1192 | F1_macro 0.6567 | WorstLoss 2.0619
[Tracker] Ep 1334 | AvgR 0.0004 | Global 0.7107 | Local 0.1192 | F1_macro 0.6456 | WorstLoss 2.3949
[Tracker] Ep 1335 | AvgR 0.0003 | Global 0.6889 | Local 0.1192 | F1_macro 0.6455 | WorstLoss 2.4297
[Tracker] Saved snapshot: ep1335_phase1_class1
[Tracker] Ep 1336 | AvgR 0.0004 | Global 0.8455 | Local 0.1192 | F1_macro 0.6635 | WorstLoss 2.1279
[Tracker] Ep 1337 | AvgR 0.0004 | Global 0.8077 | Local 0.1192 | F1_macro 0.6484 | WorstLoss 2.2163
[Tracker] Ep 1338 | AvgR 0.0004 | Global 0.7470 | Local 0.1192 | F1_macro 0.6527 | WorstLoss 2.3336
[Tracker] Ep 1339 | AvgR 0.0004 | Global 0.8522 | Local 0.1192 | F1_macro 0.6563 | WorstLoss 2.1105
[Tracker] Ep 1340 | AvgR 0.0004 | Global 0.8549 | Local 0.1192 | F1_macro 0.6499 | WorstLoss 2.1033
[Tracker] Saved snapshot: ep1340_phase1_class1
[Tracker] Ep 1341 | AvgR 0.0004 | Global 0.8319 | Local 0.1192 | F1_macro 0.6577 | WorstLoss 2.1616
[Tracker] Ep 1342 | AvgR 0.0004 | Global 0.8485 | Local 0.1192 | F1_macro 0.6629 | WorstLoss 2.1204
[Tracker] Ep 1343 | AvgR 0.0004 | Global 0.7899 | Local 0.1192 | F1_macro 0.6549 | WorstLoss 2.2531
[Tracker] Ep 1344 | AvgR 0.0004 | Global 0.8449 | Local 0.1192 | F1_macro 0.6558 | WorstLoss 2.1294
[Tracker] Ep 1345 | AvgR 0.0005 | Global 0.9023 | Local 0.1192 | F1_macro 0.6680 | WorstLoss 1.9537
[Tracker] Saved snapshot: ep1345_phase1_class1
[Tracker] Ep 1346 | AvgR 0.0004 | Global 0.8477 | Local 0.1192 | F1_macro 0.6669 | WorstLoss 2.1223
[Tracker] Ep 1347 | AvgR 0.0004 | Global 0.7650 | Local 0.1192 | F1_macro 0.6632 | WorstLoss 2.3012
[Tracker] Ep 1348 | AvgR 0.0004 | Global 0.8726 | Local 0.1192 | F1_macro 0.6600 | WorstLoss 2.0533
[Tracker] Ep 1349 | AvgR 0.0004 | Global 0.8479 | Local 0.1192 | F1_macro 0.6571 | WorstLoss 2.1177
[Tracker] Ep 1350 | AvgR 0.0005 | Global 0.9049 | Local 0.1192 | F1_macro 0.6509 | WorstLoss 1.9438
[Tracker] Saved snapshot: ep1350_phase1_class1
[Tracker] Ep 1351 | AvgR 0.0004 | Global 0.7863 | Local 0.1192 | F1_macro 0.6547 | WorstLoss 2.2604
[Tracker] Ep 1352 | AvgR 0.0004 | Global 0.8046 | Local 0.1192 | F1_macro 0.6561 | WorstLoss 2.2228
[Tracker] Ep 1353 | AvgR 0.0004 | Global 0.8288 | Local 0.1192 | F1_macro 0.6667 | WorstLoss 2.1688
[Tracker] Ep 1354 | AvgR 0.0004 | Global 0.8869 | Local 0.1192 | F1_macro 0.6673 | WorstLoss 2.0082
[Tracker] Ep 1355 | AvgR 0.0004 | Global 0.8581 | Local 0.1192 | F1_macro 0.6652 | WorstLoss 2.0947
[Tracker] Saved snapshot: ep1355_phase1_class1
[Tracker] Ep 1356 | AvgR 0.0004 | Global 0.7739 | Local 0.1192 | F1_macro 0.6615 | WorstLoss 2.2844
[Tracker] Ep 1357 | AvgR 0.0004 | Global 0.7145 | Local 0.1192 | F1_macro 0.6529 | WorstLoss 2.3888
[Tracker] Ep 1358 | AvgR 0.0004 | Global 0.7969 | Local 0.1192 | F1_macro 0.6607 | WorstLoss 2.2389
[Tracker] Ep 1359 | AvgR 0.0005 | Global 0.9018 | Local 0.1192 | F1_macro 0.6540 | WorstLoss 1.9555
[Tracker] Ep 1360 | AvgR 0.0004 | Global 0.8135 | Local 0.1192 | F1_macro 0.6589 | WorstLoss 2.2035
[Tracker] Saved snapshot: ep1360_phase1_class1
[Tracker] Ep 1361 | AvgR 0.0004 | Global 0.8599 | Local 0.1192 | F1_macro 0.6528 | WorstLoss 2.0898
[Tracker] Ep 1362 | AvgR 0.0004 | Global 0.8055 | Local 0.1192 | F1_macro 0.6618 | WorstLoss 2.2209
[Tracker] Ep 1363 | AvgR 0.0004 | Global 0.8338 | Local 0.1192 | F1_macro 0.6699 | WorstLoss 2.1569
[Tracker] Ep 1364 | AvgR 0.0004 | Global 0.8630 | Local 0.1192 | F1_macro 0.6548 | WorstLoss 2.0811
[Tracker] Ep 1365 | AvgR 0.0004 | Global 0.8274 | Local 0.1192 | F1_macro 0.6492 | WorstLoss 2.1721
[Tracker] Saved snapshot: ep1365_phase1_class1
[Tracker] Ep 1366 | AvgR 0.0004 | Global 0.8408 | Local 0.1192 | F1_macro 0.6532 | WorstLoss 2.1371
[Tracker] Ep 1367 | AvgR 0.0004 | Global 0.8027 | Local 0.1192 | F1_macro 0.6615 | WorstLoss 2.2269
[Tracker] Ep 1368 | AvgR 0.0004 | Global 0.8375 | Local 0.1192 | F1_macro 0.6597 | WorstLoss 2.1481
[Tracker] Ep 1369 | AvgR 0.0004 | Global 0.8469 | Local 0.1192 | F1_macro 0.6637 | WorstLoss 2.1245
[Tracker] Ep 1370 | AvgR 0.0004 | Global 0.7476 | Local 0.1192 | F1_macro 0.6565 | WorstLoss 2.3327
[Tracker] Saved snapshot: ep1370_phase1_class1
[Tracker] Ep 1371 | AvgR 0.0004 | Global 0.8191 | Local 0.1192 | F1_macro 0.6568 | WorstLoss 2.1912
[Tracker] Ep 1372 | AvgR 0.0004 | Global 0.8774 | Local 0.1192 | F1_macro 0.6549 | WorstLoss 2.0387
[Tracker] Ep 1373 | AvgR 0.0004 | Global 0.8172 | Local 0.1192 | F1_macro 0.6561 | WorstLoss 2.1953
[Tracker] Ep 1374 | AvgR 0.0004 | Global 0.7933 | Local 0.1192 | F1_macro 0.6512 | WorstLoss 2.2462
[Tracker] Ep 1375 | AvgR 0.0004 | Global 0.7626 | Local 0.1192 | F1_macro 0.6528 | WorstLoss 2.3055
[Tracker] Saved snapshot: ep1375_phase1_class1
[Tracker] Ep 1376 | AvgR 0.0004 | Global 0.8129 | Local 0.1192 | F1_macro 0.6451 | WorstLoss 2.2049
[Tracker] Ep 1377 | AvgR 0.0004 | Global 0.8460 | Local 0.1192 | F1_macro 0.6571 | WorstLoss 2.1267
[Tracker] Ep 1378 | AvgR 0.0004 | Global 0.8102 | Local 0.1192 | F1_macro 0.6643 | WorstLoss 2.2108
[Tracker] Ep 1379 | AvgR 0.0004 | Global 0.8209 | Local 0.1192 | F1_macro 0.6533 | WorstLoss 2.1871
[Tracker] Ep 1380 | AvgR 0.0004 | Global 0.8477 | Local 0.1192 | F1_macro 0.6564 | WorstLoss 2.1222
[Tracker] Saved snapshot: ep1380_phase1_class1
[Tracker] Ep 1381 | AvgR 0.0004 | Global 0.8912 | Local 0.1192 | F1_macro 0.6614 | WorstLoss 1.9936
[Tracker] Ep 1382 | AvgR 0.0004 | Global 0.8818 | Local 0.1192 | F1_macro 0.6695 | WorstLoss 2.0247
[Tracker] Ep 1383 | AvgR 0.0004 | Global 0.8988 | Local 0.1192 | F1_macro 0.6537 | WorstLoss 1.9667
[Tracker] Ep 1384 | AvgR 0.0004 | Global 0.8142 | Local 0.1192 | F1_macro 0.6525 | WorstLoss 2.2020
[Tracker] Ep 1385 | AvgR 0.0004 | Global 0.8719 | Local 0.1192 | F1_macro 0.6614 | WorstLoss 2.0552
[Tracker] Saved snapshot: ep1385_phase1_class1
[Tracker] Ep 1386 | AvgR 0.0005 | Global 0.9018 | Local 0.1192 | F1_macro 0.6548 | WorstLoss 1.9555
[Tracker] Ep 1387 | AvgR 0.0004 | Global 0.8085 | Local 0.1192 | F1_macro 0.6572 | WorstLoss 2.2144
[Tracker] Ep 1388 | AvgR 0.0004 | Global 0.8402 | Local 0.1192 | F1_macro 0.6669 | WorstLoss 2.1414
[Tracker] Ep 1389 | AvgR 0.0004 | Global 0.8870 | Local 0.1192 | F1_macro 0.6633 | WorstLoss 2.0078
[Tracker] Ep 1390 | AvgR 0.0004 | Global 0.7600 | Local 0.1192 | F1_macro 0.6628 | WorstLoss 2.3103
[Tracker] Saved snapshot: ep1390_phase1_class1
[Tracker] Ep 1391 | AvgR 0.0004 | Global 0.8125 | Local 0.1192 | F1_macro 0.6595 | WorstLoss 2.2058
[Tracker] Ep 1392 | AvgR 0.0004 | Global 0.8620 | Local 0.1192 | F1_macro 0.6624 | WorstLoss 2.0840
[Tracker] Ep 1393 | AvgR 0.0004 | Global 0.7701 | Local 0.1192 | F1_macro 0.6580 | WorstLoss 2.2917
[Tracker] Ep 1394 | AvgR 0.0005 | Global 0.9131 | Local 0.1192 | F1_macro 0.6610 | WorstLoss 1.9106
[Tracker] Ep 1395 | AvgR 0.0004 | Global 0.7334 | Local 0.1192 | F1_macro 0.6625 | WorstLoss 2.3573
[Tracker] Saved snapshot: ep1395_phase1_class1
[Tracker] Ep 1396 | AvgR 0.0004 | Global 0.7251 | Local 0.1192 | F1_macro 0.6574 | WorstLoss 2.3713
[Tracker] Ep 1397 | AvgR 0.0004 | Global 0.7259 | Local 0.1192 | F1_macro 0.6664 | WorstLoss 2.3699
[Tracker] Ep 1398 | AvgR 0.0004 | Global 0.7850 | Local 0.1192 | F1_macro 0.6582 | WorstLoss 2.2629
[Tracker] Ep 1399 | AvgR 0.0004 | Global 0.8414 | Local 0.1192 | F1_macro 0.6539 | WorstLoss 2.1384
[Tracker] Ep 1400 | AvgR 0.0004 | Global 0.8601 | Local 0.1192 | F1_macro 0.6625 | WorstLoss 2.0893
[Tracker] Saved snapshot: ep1400_phase1_class1
[Tracker] Ep 1401 | AvgR 0.0004 | Global 0.8810 | Local 0.1192 | F1_macro 0.6593 | WorstLoss 2.0274
[Tracker] Ep 1402 | AvgR 0.0004 | Global 0.8953 | Local 0.1192 | F1_macro 0.6645 | WorstLoss 1.9791
[Tracker] Ep 1403 | AvgR 0.0004 | Global 0.8277 | Local 0.1192 | F1_macro 0.6652 | WorstLoss 2.1714
[Tracker] Ep 1404 | AvgR 0.0004 | Global 0.8897 | Local 0.1192 | F1_macro 0.6630 | WorstLoss 1.9988
[Tracker] Ep 1405 | AvgR 0.0005 | Global 0.9020 | Local 0.1192 | F1_macro 0.6580 | WorstLoss 1.9548
[Tracker] Saved snapshot: ep1405_phase1_class1
[Tracker] Ep 1406 | AvgR 0.0004 | Global 0.7378 | Local 0.1192 | F1_macro 0.6449 | WorstLoss 2.3498
[Tracker] Ep 1407 | AvgR 0.0004 | Global 0.8413 | Local 0.1192 | F1_macro 0.6661 | WorstLoss 2.1387
[Tracker] Ep 1408 | AvgR 0.0004 | Global 0.7545 | Local 0.1192 | F1_macro 0.6490 | WorstLoss 2.3204
[Tracker] Ep 1409 | AvgR 0.0004 | Global 0.7359 | Local 0.1192 | F1_macro 0.6482 | WorstLoss 2.3531
[Tracker] Ep 1410 | AvgR 0.0004 | Global 0.8305 | Local 0.1192 | F1_macro 0.6515 | WorstLoss 2.1551
[Tracker] Saved snapshot: ep1410_phase1_class1
[Tracker] Ep 1411 | AvgR 0.0004 | Global 0.8121 | Local 0.1192 | F1_macro 0.6532 | WorstLoss 2.2066
[Tracker] Ep 1412 | AvgR 0.0004 | Global 0.8911 | Local 0.1192 | F1_macro 0.6552 | WorstLoss 1.9939
[Tracker] Ep 1413 | AvgR 0.0004 | Global 0.8792 | Local 0.1192 | F1_macro 0.6684 | WorstLoss 2.0330
[Tracker] Ep 1414 | AvgR 0.0004 | Global 0.8320 | Local 0.1192 | F1_macro 0.6615 | WorstLoss 2.1614
[Tracker] Ep 1415 | AvgR 0.0004 | Global 0.7479 | Local 0.1192 | F1_macro 0.6424 | WorstLoss 2.3321
[Tracker] Saved snapshot: ep1415_phase1_class1
[Tracker] Ep 1416 | AvgR 0.0004 | Global 0.7805 | Local 0.1192 | F1_macro 0.6510 | WorstLoss 2.2717
[Tracker] Ep 1417 | AvgR 0.0004 | Global 0.8835 | Local 0.1192 | F1_macro 0.6634 | WorstLoss 2.0192
[Tracker] Ep 1418 | AvgR 0.0004 | Global 0.8288 | Local 0.1192 | F1_macro 0.6439 | WorstLoss 2.1688
[Tracker] Ep 1419 | AvgR 0.0004 | Global 0.8284 | Local 0.1192 | F1_macro 0.6571 | WorstLoss 2.1641
[Tracker] Ep 1420 | AvgR 0.0004 | Global 0.8585 | Local 0.1192 | F1_macro 0.6619 | WorstLoss 2.0937
[Tracker] Saved snapshot: ep1420_phase1_class1
[Tracker] Ep 1421 | AvgR 0.0004 | Global 0.8438 | Local 0.1192 | F1_macro 0.6507 | WorstLoss 2.1304
[Tracker] Ep 1422 | AvgR 0.0004 | Global 0.8696 | Local 0.1192 | F1_macro 0.6419 | WorstLoss 2.0622
[Tracker] Ep 1423 | AvgR 0.0004 | Global 0.8818 | Local 0.1192 | F1_macro 0.6580 | WorstLoss 2.0249
[Tracker] Ep 1424 | AvgR 0.0004 | Global 0.7055 | Local 0.1192 | F1_macro 0.6447 | WorstLoss 2.4034
[Tracker] Ep 1425 | AvgR 0.0004 | Global 0.8645 | Local 0.1192 | F1_macro 0.6682 | WorstLoss 2.0767
[Tracker] Saved snapshot: ep1425_phase1_class1
[Tracker] Ep 1426 | AvgR 0.0004 | Global 0.8764 | Local 0.1192 | F1_macro 0.6594 | WorstLoss 2.0417
[Tracker] Ep 1427 | AvgR 0.0004 | Global 0.8518 | Local 0.1192 | F1_macro 0.6499 | WorstLoss 2.0903
[Tracker] Ep 1428 | AvgR 0.0004 | Global 0.7796 | Local 0.1192 | F1_macro 0.6583 | WorstLoss 2.2735
[Tracker] Ep 1429 | AvgR 0.0004 | Global 0.7920 | Local 0.1192 | F1_macro 0.6419 | WorstLoss 2.2489
[Tracker] Ep 1430 | AvgR 0.0004 | Global 0.7017 | Local 0.1192 | F1_macro 0.6514 | WorstLoss 2.4094
[Tracker] Saved snapshot: ep1430_phase1_class1
[Tracker] Ep 1431 | AvgR 0.0004 | Global 0.8923 | Local 0.1192 | F1_macro 0.6647 | WorstLoss 1.9899
[Tracker] Ep 1432 | AvgR 0.0005 | Global 0.9084 | Local 0.1192 | F1_macro 0.6473 | WorstLoss 1.9297
[Tracker] Ep 1433 | AvgR 0.0004 | Global 0.8531 | Local 0.1192 | F1_macro 0.6541 | WorstLoss 2.1083
[Tracker] Ep 1434 | AvgR 0.0004 | Global 0.8701 | Local 0.1192 | F1_macro 0.6517 | WorstLoss 2.0608
[Tracker] Ep 1435 | AvgR 0.0005 | Global 0.9166 | Local 0.1192 | F1_macro 0.6716 | WorstLoss 1.8958
[Tracker] Saved snapshot: ep1435_phase1_class1
[Tracker] Ep 1436 | AvgR 0.0004 | Global 0.8797 | Local 0.1192 | F1_macro 0.6480 | WorstLoss 2.0315
[Tracker] Ep 1437 | AvgR 0.0004 | Global 0.7856 | Local 0.1192 | F1_macro 0.6521 | WorstLoss 2.2617
[Tracker] Ep 1438 | AvgR 0.0004 | Global 0.8264 | Local 0.1192 | F1_macro 0.6567 | WorstLoss 2.1690
[Tracker] Ep 1439 | AvgR 0.0004 | Global 0.8570 | Local 0.1192 | F1_macro 0.6526 | WorstLoss 2.0977
[Tracker] Ep 1440 | AvgR 0.0004 | Global 0.7086 | Local 0.1192 | F1_macro 0.6481 | WorstLoss 2.3984
[Tracker] Saved snapshot: ep1440_phase1_class1
[Tracker] Ep 1441 | AvgR 0.0004 | Global 0.8555 | Local 0.1192 | F1_macro 0.6582 | WorstLoss 2.1019
[Tracker] Ep 1442 | AvgR 0.0004 | Global 0.8099 | Local 0.1192 | F1_macro 0.6390 | WorstLoss 2.2115
[Tracker] Ep 1443 | AvgR 0.0004 | Global 0.8941 | Local 0.1192 | F1_macro 0.6558 | WorstLoss 1.9834
[Tracker] Ep 1444 | AvgR 0.0004 | Global 0.8816 | Local 0.1192 | F1_macro 0.6684 | WorstLoss 2.0255
[Tracker] Ep 1445 | AvgR 0.0004 | Global 0.8082 | Local 0.1192 | F1_macro 0.6573 | WorstLoss 2.2149
[Tracker] Saved snapshot: ep1445_phase1_class1
[Tracker] Ep 1446 | AvgR 0.0004 | Global 0.8110 | Local 0.1192 | F1_macro 0.6594 | WorstLoss 2.2090
[Tracker] Ep 1447 | AvgR 0.0005 | Global 0.9093 | Local 0.1192 | F1_macro 0.6473 | WorstLoss 1.9264
[Tracker] Ep 1448 | AvgR 0.0004 | Global 0.7832 | Local 0.1192 | F1_macro 0.6552 | WorstLoss 2.2664
[Tracker] Ep 1449 | AvgR 0.0004 | Global 0.8261 | Local 0.1192 | F1_macro 0.6642 | WorstLoss 2.1753
[Tracker] Ep 1450 | AvgR 0.0004 | Global 0.8145 | Local 0.1192 | F1_macro 0.6491 | WorstLoss 2.2014
[Tracker] Saved snapshot: ep1450_phase1_class1
[Tracker] Ep 1451 | AvgR 0.0004 | Global 0.7988 | Local 0.1192 | F1_macro 0.6517 | WorstLoss 2.2327
[Tracker] Ep 1452 | AvgR 0.0004 | Global 0.8707 | Local 0.1192 | F1_macro 0.6502 | WorstLoss 2.0588
[Tracker] Ep 1453 | AvgR 0.0004 | Global 0.7698 | Local 0.1192 | F1_macro 0.6594 | WorstLoss 2.2923
[Tracker] Ep 1454 | AvgR 0.0004 | Global 0.7486 | Local 0.1192 | F1_macro 0.6657 | WorstLoss 2.3308
[Tracker] Ep 1455 | AvgR 0.0004 | Global 0.8087 | Local 0.1192 | F1_macro 0.6529 | WorstLoss 2.2140
[Tracker] Saved snapshot: ep1455_phase1_class1
[Tracker] Ep 1456 | AvgR 0.0004 | Global 0.8598 | Local 0.1192 | F1_macro 0.6640 | WorstLoss 2.0901
[Tracker] Ep 1457 | AvgR 0.0004 | Global 0.8614 | Local 0.1192 | F1_macro 0.6512 | WorstLoss 2.0857
[Tracker] Ep 1458 | AvgR 0.0004 | Global 0.7950 | Local 0.1192 | F1_macro 0.6621 | WorstLoss 2.2428
[Tracker] Ep 1459 | AvgR 0.0004 | Global 0.8012 | Local 0.1192 | F1_macro 0.6599 | WorstLoss 2.2301
[Tracker] Ep 1460 | AvgR 0.0004 | Global 0.8480 | Local 0.1192 | F1_macro 0.6543 | WorstLoss 2.1215
[Tracker] Saved snapshot: ep1460_phase1_class1
[Tracker] Ep 1461 | AvgR 0.0004 | Global 0.7372 | Local 0.1192 | F1_macro 0.6491 | WorstLoss 2.3379
[Tracker] Ep 1462 | AvgR 0.0004 | Global 0.8091 | Local 0.1192 | F1_macro 0.6586 | WorstLoss 2.2133
[Tracker] Ep 1463 | AvgR 0.0004 | Global 0.8339 | Local 0.1192 | F1_macro 0.6500 | WorstLoss 2.1568
[Tracker] Ep 1464 | AvgR 0.0004 | Global 0.8966 | Local 0.1192 | F1_macro 0.6605 | WorstLoss 1.9744
[Tracker] Ep 1465 | AvgR 0.0004 | Global 0.7605 | Local 0.1192 | F1_macro 0.6487 | WorstLoss 2.3049
[Tracker] Saved snapshot: ep1465_phase1_class1
[Tracker] Ep 1466 | AvgR 0.0004 | Global 0.8881 | Local 0.1192 | F1_macro 0.6558 | WorstLoss 2.0040
[Tracker] Ep 1467 | AvgR 0.0004 | Global 0.7222 | Local 0.1192 | F1_macro 0.6567 | WorstLoss 2.3762
[Tracker] Ep 1468 | AvgR 0.0004 | Global 0.8941 | Local 0.1192 | F1_macro 0.6600 | WorstLoss 1.9836
[Tracker] Ep 1469 | AvgR 0.0004 | Global 0.8759 | Local 0.1192 | F1_macro 0.6582 | WorstLoss 2.0432
[Tracker] Ep 1470 | AvgR 0.0004 | Global 0.8774 | Local 0.1192 | F1_macro 0.6587 | WorstLoss 2.0384
[Tracker] Saved snapshot: ep1470_phase1_class1
[Tracker] Ep 1471 | AvgR 0.0005 | Global 0.9107 | Local 0.1192 | F1_macro 0.6672 | WorstLoss 1.9207
[Tracker] Ep 1472 | AvgR 0.0004 | Global 0.8451 | Local 0.1192 | F1_macro 0.6597 | WorstLoss 2.1291
[Tracker] Ep 1473 | AvgR 0.0004 | Global 0.7364 | Local 0.1192 | F1_macro 0.6335 | WorstLoss 2.3473
[Tracker] Ep 1474 | AvgR 0.0004 | Global 0.8868 | Local 0.1192 | F1_macro 0.6647 | WorstLoss 2.0051
[Tracker] Ep 1475 | AvgR 0.0004 | Global 0.8818 | Local 0.1192 | F1_macro 0.6479 | WorstLoss 2.0246
[Tracker] Saved snapshot: ep1475_phase1_class1
[Tracker] Ep 1476 | AvgR 0.0004 | Global 0.8560 | Local 0.1192 | F1_macro 0.6632 | WorstLoss 2.1003
[Tracker] Ep 1477 | AvgR 0.0004 | Global 0.7838 | Local 0.1192 | F1_macro 0.6573 | WorstLoss 2.2654
[Tracker] Ep 1478 | AvgR 0.0004 | Global 0.8244 | Local 0.1192 | F1_macro 0.6638 | WorstLoss 2.1791
[Tracker] Ep 1479 | AvgR 0.0004 | Global 0.8287 | Local 0.1192 | F1_macro 0.6575 | WorstLoss 2.1692
[Tracker] Ep 1480 | AvgR 0.0004 | Global 0.7526 | Local 0.1192 | F1_macro 0.6680 | WorstLoss 2.3237
[Tracker] Saved snapshot: ep1480_phase1_class1
[Tracker] Ep 1481 | AvgR 0.0005 | Global 0.9101 | Local 0.1192 | F1_macro 0.6623 | WorstLoss 1.9230
[Tracker] Ep 1482 | AvgR 0.0004 | Global 0.8411 | Local 0.1192 | F1_macro 0.6526 | WorstLoss 2.1102
[Tracker] Ep 1483 | AvgR 0.0005 | Global 0.9274 | Local 0.1192 | F1_macro 0.6629 | WorstLoss 1.8454
[Tracker] Ep 1484 | AvgR 0.0004 | Global 0.8680 | Local 0.1192 | F1_macro 0.6605 | WorstLoss 2.0668
[Tracker] Ep 1485 | AvgR 0.0004 | Global 0.8839 | Local 0.1192 | F1_macro 0.6592 | WorstLoss 2.0180
[Tracker] Saved snapshot: ep1485_phase1_class1
[Tracker] Ep 1486 | AvgR 0.0004 | Global 0.7720 | Local 0.1192 | F1_macro 0.6551 | WorstLoss 2.2880
[Tracker] Ep 1487 | AvgR 0.0004 | Global 0.8477 | Local 0.1192 | F1_macro 0.6429 | WorstLoss 2.1224
[Tracker] Ep 1488 | AvgR 0.0005 | Global 0.9073 | Local 0.1192 | F1_macro 0.6522 | WorstLoss 1.9188
[Tracker] Ep 1489 | AvgR 0.0004 | Global 0.8329 | Local 0.1192 | F1_macro 0.6572 | WorstLoss 2.1591
[Tracker] Ep 1490 | AvgR 0.0004 | Global 0.8545 | Local 0.1192 | F1_macro 0.6595 | WorstLoss 2.0982
[Tracker] Saved snapshot: ep1490_phase1_class1
[Tracker] Ep 1491 | AvgR 0.0004 | Global 0.8099 | Local 0.1192 | F1_macro 0.6415 | WorstLoss 2.2115
[Tracker] Ep 1492 | AvgR 0.0004 | Global 0.7592 | Local 0.1192 | F1_macro 0.6559 | WorstLoss 2.3117
[Tracker] Ep 1493 | AvgR 0.0004 | Global 0.8476 | Local 0.1192 | F1_macro 0.6593 | WorstLoss 2.1227
[Tracker] Ep 1494 | AvgR 0.0005 | Global 0.9265 | Local 0.1192 | F1_macro 0.6573 | WorstLoss 1.8501
[Tracker] Ep 1495 | AvgR 0.0004 | Global 0.7010 | Local 0.1192 | F1_macro 0.6548 | WorstLoss 2.4106
[Tracker] Saved snapshot: ep1495_phase1_class1
[Tracker] Ep 1496 | AvgR 0.0004 | Global 0.8886 | Local 0.1192 | F1_macro 0.6645 | WorstLoss 1.9912
[Tracker] Ep 1497 | AvgR 0.0004 | Global 0.8856 | Local 0.1192 | F1_macro 0.6644 | WorstLoss 2.0124
[Tracker] Ep 1498 | AvgR 0.0004 | Global 0.8277 | Local 0.1192 | F1_macro 0.6495 | WorstLoss 2.1715
[Tracker] Ep 1499 | AvgR 0.0004 | Global 0.8184 | Local 0.1192 | F1_macro 0.6532 | WorstLoss 2.1929
[Tracker] Ep 1500 | AvgR 0.0004 | Global 0.7862 | Local 0.1192 | F1_macro 0.6424 | WorstLoss 2.2605
[Tracker] Saved snapshot: ep1500_phase1_class1
[Tracker] Ep 1501 | AvgR 0.0004 | Global 0.8418 | Local 0.1192 | F1_macro 0.6642 | WorstLoss 2.1374
[Tracker] Ep 1502 | AvgR 0.0004 | Global 0.8671 | Local 0.1192 | F1_macro 0.6497 | WorstLoss 2.0694
[Tracker] Ep 1503 | AvgR 0.0004 | Global 0.8454 | Local 0.1192 | F1_macro 0.6513 | WorstLoss 2.1282
[Tracker] Ep 1504 | AvgR 0.0004 | Global 0.8138 | Local 0.1192 | F1_macro 0.6664 | WorstLoss 2.2030
[Tracker] Ep 1505 | AvgR 0.0004 | Global 0.8308 | Local 0.1192 | F1_macro 0.6597 | WorstLoss 2.1641
[Tracker] Saved snapshot: ep1505_phase1_class1
[Tracker] Ep 1506 | AvgR 0.0004 | Global 0.8522 | Local 0.1192 | F1_macro 0.6614 | WorstLoss 2.1105
[Tracker] Ep 1507 | AvgR 0.0004 | Global 0.8445 | Local 0.1192 | F1_macro 0.6638 | WorstLoss 2.1307
[Tracker] Ep 1508 | AvgR 0.0005 | Global 0.9256 | Local 0.1192 | F1_macro 0.6620 | WorstLoss 1.8541
[Tracker] Ep 1509 | AvgR 0.0004 | Global 0.8655 | Local 0.1192 | F1_macro 0.6586 | WorstLoss 2.0672
[Tracker] Ep 1510 | AvgR 0.0004 | Global 0.8797 | Local 0.1192 | F1_macro 0.6532 | WorstLoss 2.0315
[Tracker] Saved snapshot: ep1510_phase1_class1
[Tracker] Ep 1511 | AvgR 0.0004 | Global 0.8953 | Local 0.1192 | F1_macro 0.6498 | WorstLoss 1.9792
[Tracker] Ep 1512 | AvgR 0.0004 | Global 0.7566 | Local 0.1192 | F1_macro 0.6383 | WorstLoss 2.3162
[Tracker] Ep 1513 | AvgR 0.0004 | Global 0.8585 | Local 0.1192 | F1_macro 0.6435 | WorstLoss 2.0937
[Tracker] Ep 1514 | AvgR 0.0004 | Global 0.7956 | Local 0.1192 | F1_macro 0.6439 | WorstLoss 2.2416
[Tracker] Ep 1515 | AvgR 0.0005 | Global 0.9167 | Local 0.1192 | F1_macro 0.6453 | WorstLoss 1.8953
[Tracker] Saved snapshot: ep1515_phase1_class1
[Tracker] Ep 1516 | AvgR 0.0004 | Global 0.7724 | Local 0.1192 | F1_macro 0.6425 | WorstLoss 2.2874
[Tracker] Ep 1517 | AvgR 0.0004 | Global 0.8553 | Local 0.1192 | F1_macro 0.6629 | WorstLoss 2.1022
[Tracker] Ep 1518 | AvgR 0.0004 | Global 0.8415 | Local 0.1192 | F1_macro 0.6639 | WorstLoss 2.1381
[Tracker] Ep 1519 | AvgR 0.0004 | Global 0.8802 | Local 0.1192 | F1_macro 0.6649 | WorstLoss 2.0299
[Tracker] Ep 1520 | AvgR 0.0004 | Global 0.8375 | Local 0.1192 | F1_macro 0.6644 | WorstLoss 2.1479
[Tracker] Saved snapshot: ep1520_phase1_class1
[Tracker] Ep 1521 | AvgR 0.0004 | Global 0.8862 | Local 0.1192 | F1_macro 0.6602 | WorstLoss 2.0104
[Tracker] Ep 1522 | AvgR 0.0004 | Global 0.8551 | Local 0.1192 | F1_macro 0.6565 | WorstLoss 2.1028
[Tracker] Ep 1523 | AvgR 0.0004 | Global 0.7784 | Local 0.1192 | F1_macro 0.6384 | WorstLoss 2.2757
[Tracker] Ep 1524 | AvgR 0.0005 | Global 0.9188 | Local 0.1192 | F1_macro 0.6576 | WorstLoss 1.8861
[Tracker] Ep 1525 | AvgR 0.0004 | Global 0.8871 | Local 0.1192 | F1_macro 0.6521 | WorstLoss 2.0074
[Tracker] Saved snapshot: ep1525_phase1_class1
[Tracker] Ep 1526 | AvgR 0.0004 | Global 0.7491 | Local 0.1192 | F1_macro 0.6507 | WorstLoss 2.3300
[Tracker] Ep 1527 | AvgR 0.0004 | Global 0.7261 | Local 0.1192 | F1_macro 0.6566 | WorstLoss 2.3697
[Tracker] Ep 1528 | AvgR 0.0005 | Global 0.9046 | Local 0.1192 | F1_macro 0.6591 | WorstLoss 1.9450
[Tracker] Ep 1529 | AvgR 0.0004 | Global 0.7862 | Local 0.1192 | F1_macro 0.6405 | WorstLoss 2.2605
[Tracker] Ep 1530 | AvgR 0.0004 | Global 0.8619 | Local 0.1192 | F1_macro 0.6619 | WorstLoss 2.0841
[Tracker] Saved snapshot: ep1530_phase1_class1
[Tracker] Ep 1531 | AvgR 0.0004 | Global 0.8427 | Local 0.1192 | F1_macro 0.6458 | WorstLoss 2.1351
[Tracker] Ep 1532 | AvgR 0.0004 | Global 0.8690 | Local 0.1192 | F1_macro 0.6502 | WorstLoss 2.0483
[Tracker] Ep 1533 | AvgR 0.0004 | Global 0.8828 | Local 0.1192 | F1_macro 0.6561 | WorstLoss 2.0217
[Tracker] Ep 1534 | AvgR 0.0004 | Global 0.7900 | Local 0.1192 | F1_macro 0.6517 | WorstLoss 2.2392
[Tracker] Ep 1535 | AvgR 0.0004 | Global 0.8312 | Local 0.1192 | F1_macro 0.6500 | WorstLoss 2.1632
[Tracker] Saved snapshot: ep1535_phase1_class1
[Tracker] Ep 1536 | AvgR 0.0004 | Global 0.8833 | Local 0.1192 | F1_macro 0.6621 | WorstLoss 2.0200
[Tracker] Ep 1537 | AvgR 0.0004 | Global 0.8811 | Local 0.1192 | F1_macro 0.6523 | WorstLoss 2.0270
[Tracker] Ep 1538 | AvgR 0.0004 | Global 0.8560 | Local 0.1192 | F1_macro 0.6607 | WorstLoss 2.1005
[Tracker] Ep 1539 | AvgR 0.0004 | Global 0.8714 | Local 0.1192 | F1_macro 0.6621 | WorstLoss 2.0567
[Tracker] Ep 1540 | AvgR 0.0004 | Global 0.8155 | Local 0.1192 | F1_macro 0.6501 | WorstLoss 2.1993
[Tracker] Saved snapshot: ep1540_phase1_class1
[Tracker] Ep 1541 | AvgR 0.0004 | Global 0.8543 | Local 0.1192 | F1_macro 0.6520 | WorstLoss 2.1051
[Tracker] Ep 1542 | AvgR 0.0005 | Global 0.9296 | Local 0.1192 | F1_macro 0.6476 | WorstLoss 1.8342
[Tracker] Ep 1543 | AvgR 0.0004 | Global 0.8862 | Local 0.1192 | F1_macro 0.6557 | WorstLoss 2.0103
[Tracker] Ep 1544 | AvgR 0.0004 | Global 0.8659 | Local 0.1192 | F1_macro 0.6479 | WorstLoss 2.0728
[Tracker] Ep 1545 | AvgR 0.0004 | Global 0.8920 | Local 0.1192 | F1_macro 0.6546 | WorstLoss 1.9909
[Tracker] Saved snapshot: ep1545_phase1_class1
[Tracker] Ep 1546 | AvgR 0.0004 | Global 0.8241 | Local 0.1192 | F1_macro 0.6590 | WorstLoss 2.1798
[Tracker] Ep 1547 | AvgR 0.0004 | Global 0.8379 | Local 0.1192 | F1_macro 0.6615 | WorstLoss 2.1469
[Tracker] Ep 1548 | AvgR 0.0004 | Global 0.8798 | Local 0.1192 | F1_macro 0.6504 | WorstLoss 2.0311
[Tracker] Ep 1549 | AvgR 0.0004 | Global 0.7717 | Local 0.1192 | F1_macro 0.6521 | WorstLoss 2.2886
[Tracker] Ep 1550 | AvgR 0.0004 | Global 0.8593 | Local 0.1192 | F1_macro 0.6511 | WorstLoss 2.0913
[Tracker] Saved snapshot: ep1550_phase1_class1
[Tracker] Ep 1551 | AvgR 0.0004 | Global 0.8605 | Local 0.1192 | F1_macro 0.6528 | WorstLoss 2.0881
[Tracker] Ep 1552 | AvgR 0.0004 | Global 0.8916 | Local 0.1192 | F1_macro 0.6614 | WorstLoss 1.9921
[Tracker] Ep 1553 | AvgR 0.0004 | Global 0.8662 | Local 0.1192 | F1_macro 0.6555 | WorstLoss 2.0719
[Tracker] Ep 1554 | AvgR 0.0004 | Global 0.8773 | Local 0.1192 | F1_macro 0.6565 | WorstLoss 2.0312
[Tracker] Ep 1555 | AvgR 0.0005 | Global 0.9001 | Local 0.1192 | F1_macro 0.6609 | WorstLoss 1.9619
[Tracker] Saved snapshot: ep1555_phase1_class1
[Tracker] Ep 1556 | AvgR 0.0004 | Global 0.8806 | Local 0.1192 | F1_macro 0.6589 | WorstLoss 2.0285
[Tracker] Ep 1557 | AvgR 0.0004 | Global 0.8498 | Local 0.1192 | F1_macro 0.6614 | WorstLoss 2.1168
[Tracker] Ep 1558 | AvgR 0.0004 | Global 0.7981 | Local 0.1192 | F1_macro 0.6415 | WorstLoss 2.2365
[Tracker] Ep 1559 | AvgR 0.0004 | Global 0.8763 | Local 0.1192 | F1_macro 0.6558 | WorstLoss 2.0419
[Tracker] Ep 1560 | AvgR 0.0005 | Global 0.9002 | Local 0.1192 | F1_macro 0.6626 | WorstLoss 1.9616
[Tracker] Saved snapshot: ep1560_phase1_class1
[Tracker] Ep 1561 | AvgR 0.0004 | Global 0.8584 | Local 0.1192 | F1_macro 0.6394 | WorstLoss 2.0940
[Tracker] Ep 1562 | AvgR 0.0004 | Global 0.7357 | Local 0.1192 | F1_macro 0.6558 | WorstLoss 2.3533
[Tracker] Ep 1563 | AvgR 0.0004 | Global 0.7973 | Local 0.1192 | F1_macro 0.6652 | WorstLoss 2.2382
[Tracker] Ep 1564 | AvgR 0.0004 | Global 0.8768 | Local 0.1192 | F1_macro 0.6604 | WorstLoss 2.0404
[Tracker] Ep 1565 | AvgR 0.0004 | Global 0.7762 | Local 0.1192 | F1_macro 0.6618 | WorstLoss 2.2800
[Tracker] Saved snapshot: ep1565_phase1_class1
[Tracker] Ep 1566 | AvgR 0.0005 | Global 0.9002 | Local 0.1192 | F1_macro 0.6656 | WorstLoss 1.9614
[Tracker] Ep 1567 | AvgR 0.0005 | Global 0.9258 | Local 0.1192 | F1_macro 0.6586 | WorstLoss 1.8534
[Tracker] Ep 1568 | AvgR 0.0004 | Global 0.8860 | Local 0.1192 | F1_macro 0.6496 | WorstLoss 2.0110
[Tracker] Ep 1569 | AvgR 0.0004 | Global 0.8988 | Local 0.1192 | F1_macro 0.6608 | WorstLoss 1.9665
[Tracker] Ep 1570 | AvgR 0.0004 | Global 0.8128 | Local 0.1192 | F1_macro 0.6612 | WorstLoss 2.2042
[Tracker] Saved snapshot: ep1570_phase1_class1
[Tracker] Ep 1571 | AvgR 0.0004 | Global 0.8437 | Local 0.1192 | F1_macro 0.6610 | WorstLoss 2.1325
[Tracker] Ep 1572 | AvgR 0.0004 | Global 0.8631 | Local 0.1192 | F1_macro 0.6481 | WorstLoss 2.0597
[Tracker] Ep 1573 | AvgR 0.0005 | Global 0.9182 | Local 0.1192 | F1_macro 0.6490 | WorstLoss 1.8885
[Tracker] Ep 1574 | AvgR 0.0004 | Global 0.8556 | Local 0.1192 | F1_macro 0.6576 | WorstLoss 2.1014
[Tracker] Ep 1575 | AvgR 0.0004 | Global 0.8381 | Local 0.1192 | F1_macro 0.6559 | WorstLoss 2.1466
[Tracker] Saved snapshot: ep1575_phase1_class1
[Tracker] Ep 1576 | AvgR 0.0004 | Global 0.8964 | Local 0.1192 | F1_macro 0.6567 | WorstLoss 1.9696
[Tracker] Ep 1577 | AvgR 0.0004 | Global 0.8370 | Local 0.1192 | F1_macro 0.6543 | WorstLoss 2.1460
[Tracker] Ep 1578 | AvgR 0.0004 | Global 0.7739 | Local 0.1192 | F1_macro 0.6504 | WorstLoss 2.2844
[Tracker] Ep 1579 | AvgR 0.0004 | Global 0.8599 | Local 0.1192 | F1_macro 0.6683 | WorstLoss 2.0899
[Tracker] Ep 1580 | AvgR 0.0004 | Global 0.8124 | Local 0.1192 | F1_macro 0.6546 | WorstLoss 2.2059
[Tracker] Saved snapshot: ep1580_phase1_class1
[Tracker] Ep 1581 | AvgR 0.0004 | Global 0.7001 | Local 0.1192 | F1_macro 0.6568 | WorstLoss 2.4120
[Tracker] Ep 1582 | AvgR 0.0004 | Global 0.8370 | Local 0.1192 | F1_macro 0.6509 | WorstLoss 2.1493
[Tracker] Ep 1583 | AvgR 0.0004 | Global 0.8915 | Local 0.1192 | F1_macro 0.6636 | WorstLoss 1.9925
[Tracker] Ep 1584 | AvgR 0.0004 | Global 0.7977 | Local 0.1192 | F1_macro 0.6482 | WorstLoss 2.2364
[Tracker] Ep 1585 | AvgR 0.0004 | Global 0.7520 | Local 0.1192 | F1_macro 0.6371 | WorstLoss 2.2908
[Tracker] Saved snapshot: ep1585_phase1_class1
[Tracker] Ep 1586 | AvgR 0.0004 | Global 0.8850 | Local 0.1192 | F1_macro 0.6522 | WorstLoss 2.0092
[Tracker] Ep 1587 | AvgR 0.0005 | Global 0.9088 | Local 0.1192 | F1_macro 0.6617 | WorstLoss 1.9283
[Tracker] Ep 1588 | AvgR 0.0005 | Global 0.9348 | Local 0.1192 | F1_macro 0.6681 | WorstLoss 1.8068
[Tracker] Ep 1589 | AvgR 0.0004 | Global 0.8733 | Local 0.1192 | F1_macro 0.6448 | WorstLoss 2.0510
[Tracker] Ep 1590 | AvgR 0.0004 | Global 0.8562 | Local 0.1192 | F1_macro 0.6566 | WorstLoss 2.0999
[Tracker] Saved snapshot: ep1590_phase1_class1
[Tracker] Ep 1591 | AvgR 0.0004 | Global 0.8758 | Local 0.1192 | F1_macro 0.6615 | WorstLoss 2.0414
[Tracker] Ep 1592 | AvgR 0.0005 | Global 0.9050 | Local 0.1192 | F1_macro 0.6408 | WorstLoss 1.9431
[Tracker] Ep 1593 | AvgR 0.0004 | Global 0.8238 | Local 0.1192 | F1_macro 0.6499 | WorstLoss 2.1665
[Tracker] Ep 1594 | AvgR 0.0004 | Global 0.7703 | Local 0.1192 | F1_macro 0.6608 | WorstLoss 2.2913
[Tracker] Ep 1595 | AvgR 0.0004 | Global 0.8560 | Local 0.1192 | F1_macro 0.6501 | WorstLoss 2.1003
[Tracker] Saved snapshot: ep1595_phase1_class1
[Tracker] Ep 1596 | AvgR 0.0004 | Global 0.7892 | Local 0.1192 | F1_macro 0.6524 | WorstLoss 2.2546
[Tracker] Ep 1597 | AvgR 0.0004 | Global 0.8924 | Local 0.1192 | F1_macro 0.6619 | WorstLoss 1.9894
[Tracker] Ep 1598 | AvgR 0.0004 | Global 0.8861 | Local 0.1192 | F1_macro 0.6703 | WorstLoss 2.0109
[Tracker] Ep 1599 | AvgR 0.0004 | Global 0.8529 | Local 0.1192 | F1_macro 0.6539 | WorstLoss 2.1077
[Tracker] Ep 1600 | AvgR 0.0004 | Global 0.8230 | Local 0.1192 | F1_macro 0.6529 | WorstLoss 2.1822
[Tracker] Saved snapshot: ep1600_phase1_class1
[Tracker] Ep 1601 | AvgR 0.0004 | Global 0.8342 | Local 0.1192 | F1_macro 0.6571 | WorstLoss 2.1561
[Tracker] Ep 1602 | AvgR 0.0004 | Global 0.8802 | Local 0.1192 | F1_macro 0.6660 | WorstLoss 2.0279
[Tracker] Ep 1603 | AvgR 0.0004 | Global 0.7934 | Local 0.1192 | F1_macro 0.6317 | WorstLoss 2.2434
[Tracker] Ep 1604 | AvgR 0.0004 | Global 0.8512 | Local 0.1192 | F1_macro 0.6593 | WorstLoss 2.1132
[Tracker] Ep 1605 | AvgR 0.0004 | Global 0.8694 | Local 0.1192 | F1_macro 0.6371 | WorstLoss 2.0627
[Tracker] Saved snapshot: ep1605_phase1_class1
[Tracker] Ep 1606 | AvgR 0.0004 | Global 0.8910 | Local 0.1192 | F1_macro 0.6547 | WorstLoss 1.9841
[Tracker] Ep 1607 | AvgR 0.0005 | Global 0.9157 | Local 0.1192 | F1_macro 0.6501 | WorstLoss 1.8996
[Tracker] Ep 1608 | AvgR 0.0004 | Global 0.8422 | Local 0.1192 | F1_macro 0.6512 | WorstLoss 2.1364
[Tracker] Ep 1609 | AvgR 0.0004 | Global 0.8869 | Local 0.1192 | F1_macro 0.6552 | WorstLoss 2.0083
[Tracker] Ep 1610 | AvgR 0.0004 | Global 0.7744 | Local 0.1192 | F1_macro 0.6405 | WorstLoss 2.2834
[Tracker] Saved snapshot: ep1610_phase1_class1
[Tracker] Ep 1611 | AvgR 0.0005 | Global 0.9108 | Local 0.1192 | F1_macro 0.6614 | WorstLoss 1.9200
[Tracker] Ep 1612 | AvgR 0.0005 | Global 0.9199 | Local 0.1192 | F1_macro 0.6619 | WorstLoss 1.8809
[Tracker] Ep 1613 | AvgR 0.0004 | Global 0.8074 | Local 0.1192 | F1_macro 0.6428 | WorstLoss 2.2146
[Tracker] Ep 1614 | AvgR 0.0004 | Global 0.7507 | Local 0.1192 | F1_macro 0.6528 | WorstLoss 2.3271
[Tracker] Ep 1615 | AvgR 0.0005 | Global 0.9301 | Local 0.1192 | F1_macro 0.6523 | WorstLoss 1.8321
[Tracker] Saved snapshot: ep1615_phase1_class1
[Tracker] Ep 1616 | AvgR 0.0004 | Global 0.8936 | Local 0.1192 | F1_macro 0.6595 | WorstLoss 1.9854
[Tracker] Ep 1617 | AvgR 0.0004 | Global 0.9000 | Local 0.1192 | F1_macro 0.6586 | WorstLoss 1.9519
[Tracker] Ep 1618 | AvgR 0.0005 | Global 0.9089 | Local 0.1192 | F1_macro 0.6508 | WorstLoss 1.9278
[Tracker] Ep 1619 | AvgR 0.0004 | Global 0.8408 | Local 0.1192 | F1_macro 0.6614 | WorstLoss 2.1398
[Tracker] Ep 1620 | AvgR 0.0004 | Global 0.8983 | Local 0.1192 | F1_macro 0.6520 | WorstLoss 1.9683
[Tracker] Saved snapshot: ep1620_phase1_class1
[Tracker] Ep 1621 | AvgR 0.0004 | Global 0.8076 | Local 0.1192 | F1_macro 0.6548 | WorstLoss 2.2133
[Tracker] Ep 1622 | AvgR 0.0005 | Global 0.9095 | Local 0.1192 | F1_macro 0.6416 | WorstLoss 1.8872
[Tracker] Ep 1623 | AvgR 0.0004 | Global 0.8140 | Local 0.1192 | F1_macro 0.6546 | WorstLoss 2.2025
[Tracker] Ep 1624 | AvgR 0.0005 | Global 0.9398 | Local 0.1192 | F1_macro 0.6587 | WorstLoss 1.7785
[Tracker] New BEST synthetic [phase1_class1] (by global.global_obj: 0.939818) saved.
[Tracker] BEST β weights [phase1_class1] saved -> training_runs/SPECcompas_v18k3_ep3000_gpu1_EP3000_PCA10_REWfairness_minID0_majID1_TRJ2000_REAL3000_BIAS0.05_GG202604111115_d5681707/seed_2/best_beta_state_dict_phase1_class1.pt
[Tracker] Ep 1625 | AvgR 0.0004 | Global 0.8286 | Local 0.1192 | F1_macro 0.6545 | WorstLoss 2.1695
[Tracker] Saved snapshot: ep1625_phase1_class1
[Tracker] Ep 1626 | AvgR 0.0004 | Global 0.8682 | Local 0.1192 | F1_macro 0.6544 | WorstLoss 2.0663
[Tracker] Ep 1627 | AvgR 0.0004 | Global 0.8387 | Local 0.1192 | F1_macro 0.6486 | WorstLoss 2.1451
[Tracker] Ep 1628 | AvgR 0.0004 | Global 0.8891 | Local 0.1192 | F1_macro 0.6630 | WorstLoss 2.0008
[Tracker] Ep 1629 | AvgR 0.0004 | Global 0.8667 | Local 0.1192 | F1_macro 0.6560 | WorstLoss 2.0706
[Tracker] Ep 1630 | AvgR 0.0004 | Global 0.8955 | Local 0.1192 | F1_macro 0.6690 | WorstLoss 1.9786
[Tracker] Saved snapshot: ep1630_phase1_class1
[Tracker] Ep 1631 | AvgR 0.0004 | Global 0.7993 | Local 0.1192 | F1_macro 0.6576 | WorstLoss 2.2271
[Tracker] Ep 1632 | AvgR 0.0004 | Global 0.8703 | Local 0.1192 | F1_macro 0.6530 | WorstLoss 2.0601
[Tracker] Ep 1633 | AvgR 0.0004 | Global 0.8257 | Local 0.1192 | F1_macro 0.6634 | WorstLoss 2.1759
[Tracker] Ep 1634 | AvgR 0.0004 | Global 0.8467 | Local 0.1192 | F1_macro 0.6569 | WorstLoss 2.1250
[Tracker] Ep 1635 | AvgR 0.0004 | Global 0.8658 | Local 0.1192 | F1_macro 0.6605 | WorstLoss 2.0731
[Tracker] Saved snapshot: ep1635_phase1_class1
[Tracker] Ep 1636 | AvgR 0.0004 | Global 0.8903 | Local 0.1192 | F1_macro 0.6604 | WorstLoss 1.9965
[Tracker] Ep 1637 | AvgR 0.0005 | Global 0.9066 | Local 0.1192 | F1_macro 0.6577 | WorstLoss 1.9368
[Tracker] Ep 1638 | AvgR 0.0004 | Global 0.8062 | Local 0.1192 | F1_macro 0.6462 | WorstLoss 2.2195
[Tracker] Ep 1639 | AvgR 0.0004 | Global 0.8760 | Local 0.1192 | F1_macro 0.6510 | WorstLoss 2.0429
[Tracker] Ep 1640 | AvgR 0.0004 | Global 0.8876 | Local 0.1192 | F1_macro 0.6633 | WorstLoss 2.0058
[Tracker] Saved snapshot: ep1640_phase1_class1
[Tracker] Ep 1641 | AvgR 0.0005 | Global 0.9496 | Local 0.1192 | F1_macro 0.6600 | WorstLoss 1.7156
[Tracker] New BEST synthetic [phase1_class1] (by global.global_obj: 0.949641) saved.
[Tracker] BEST β weights [phase1_class1] saved -> training_runs/SPECcompas_v18k3_ep3000_gpu1_EP3000_PCA10_REWfairness_minID0_majID1_TRJ2000_REAL3000_BIAS0.05_GG202604111115_d5681707/seed_2/best_beta_state_dict_phase1_class1.pt
[Tracker] Ep 1642 | AvgR 0.0004 | Global 0.8100 | Local 0.1192 | F1_macro 0.6504 | WorstLoss 2.2112
[Tracker] Ep 1643 | AvgR 0.0005 | Global 0.9191 | Local 0.1192 | F1_macro 0.6526 | WorstLoss 1.8845
[Tracker] Ep 1644 | AvgR 0.0004 | Global 0.8687 | Local 0.1192 | F1_macro 0.6541 | WorstLoss 2.0649
[Tracker] Ep 1645 | AvgR 0.0005 | Global 0.9004 | Local 0.1192 | F1_macro 0.6638 | WorstLoss 1.9607
[Tracker] Saved snapshot: ep1645_phase1_class1
[Tracker] Ep 1646 | AvgR 0.0004 | Global 0.8828 | Local 0.1192 | F1_macro 0.6661 | WorstLoss 2.0214
[Tracker] Ep 1647 | AvgR 0.0004 | Global 0.8852 | Local 0.1192 | F1_macro 0.6487 | WorstLoss 2.0035
[Tracker] Ep 1648 | AvgR 0.0004 | Global 0.8556 | Local 0.1192 | F1_macro 0.6558 | WorstLoss 2.1016
[Tracker] Ep 1649 | AvgR 0.0004 | Global 0.8831 | Local 0.1192 | F1_macro 0.6508 | WorstLoss 2.0188
[Tracker] Ep 1650 | AvgR 0.0004 | Global 0.8284 | Local 0.1192 | F1_macro 0.6473 | WorstLoss 2.1699
[Tracker] Saved snapshot: ep1650_phase1_class1
[Tracker] Ep 1651 | AvgR 0.0005 | Global 0.9059 | Local 0.1192 | F1_macro 0.6639 | WorstLoss 1.9397
[Tracker] Ep 1652 | AvgR 0.0005 | Global 0.9063 | Local 0.1192 | F1_macro 0.6566 | WorstLoss 1.9382
[Tracker] Ep 1653 | AvgR 0.0004 | Global 0.8361 | Local 0.1192 | F1_macro 0.6451 | WorstLoss 2.1245
[Tracker] Ep 1654 | AvgR 0.0004 | Global 0.8835 | Local 0.1192 | F1_macro 0.6631 | WorstLoss 2.0193
[Tracker] Ep 1655 | AvgR 0.0005 | Global 0.9280 | Local 0.1192 | F1_macro 0.6619 | WorstLoss 1.8426
[Tracker] Saved snapshot: ep1655_phase1_class1
[Tracker] Ep 1656 | AvgR 0.0005 | Global 0.9060 | Local 0.1192 | F1_macro 0.6567 | WorstLoss 1.9393
[Tracker] Ep 1657 | AvgR 0.0004 | Global 0.8855 | Local 0.1192 | F1_macro 0.6592 | WorstLoss 2.0127
[Tracker] Ep 1658 | AvgR 0.0004 | Global 0.8784 | Local 0.1192 | F1_macro 0.6582 | WorstLoss 2.0356
[Tracker] Ep 1659 | AvgR 0.0004 | Global 0.8272 | Local 0.1192 | F1_macro 0.6571 | WorstLoss 2.1617
[Tracker] Ep 1660 | AvgR 0.0005 | Global 0.9202 | Local 0.1192 | F1_macro 0.6651 | WorstLoss 1.8795
[Tracker] Saved snapshot: ep1660_phase1_class1
[Tracker] Ep 1661 | AvgR 0.0004 | Global 0.8939 | Local 0.1192 | F1_macro 0.6624 | WorstLoss 1.9842
[Tracker] Ep 1662 | AvgR 0.0004 | Global 0.7725 | Local 0.1192 | F1_macro 0.6487 | WorstLoss 2.2871
[Tracker] Ep 1663 | AvgR 0.0004 | Global 0.7987 | Local 0.1192 | F1_macro 0.6562 | WorstLoss 2.2352
[Tracker] Ep 1664 | AvgR 0.0004 | Global 0.8871 | Local 0.1192 | F1_macro 0.6556 | WorstLoss 2.0075
[Tracker] Ep 1665 | AvgR 0.0004 | Global 0.8132 | Local 0.1192 | F1_macro 0.6591 | WorstLoss 2.2043
[Tracker] Saved snapshot: ep1665_phase1_class1
[Tracker] Ep 1666 | AvgR 0.0004 | Global 0.8609 | Local 0.1192 | F1_macro 0.6610 | WorstLoss 2.0869
[Tracker] Ep 1667 | AvgR 0.0004 | Global 0.8677 | Local 0.1192 | F1_macro 0.6426 | WorstLoss 2.0676
[Tracker] Ep 1668 | AvgR 0.0004 | Global 0.8921 | Local 0.1192 | F1_macro 0.6453 | WorstLoss 1.9833
[Tracker] Ep 1669 | AvgR 0.0004 | Global 0.8651 | Local 0.1192 | F1_macro 0.6646 | WorstLoss 2.0751
[Tracker] Ep 1670 | AvgR 0.0005 | Global 0.9448 | Local 0.1192 | F1_macro 0.6578 | WorstLoss 1.7479
[Tracker] Saved snapshot: ep1670_phase1_class1
[Tracker] Ep 1671 | AvgR 0.0004 | Global 0.8777 | Local 0.1192 | F1_macro 0.6661 | WorstLoss 2.0376
[Tracker] Ep 1672 | AvgR 0.0003 | Global 0.6900 | Local 0.1192 | F1_macro 0.6560 | WorstLoss 2.4250
[Tracker] Ep 1673 | AvgR 0.0004 | Global 0.8508 | Local 0.1192 | F1_macro 0.6547 | WorstLoss 2.1144
[Tracker] Ep 1674 | AvgR 0.0005 | Global 0.9066 | Local 0.1192 | F1_macro 0.6670 | WorstLoss 1.9369
[Tracker] Ep 1675 | AvgR 0.0004 | Global 0.8999 | Local 0.1192 | F1_macro 0.6674 | WorstLoss 1.9624
[Tracker] Saved snapshot: ep1675_phase1_class1
[Tracker] Ep 1676 | AvgR 0.0004 | Global 0.7888 | Local 0.1192 | F1_macro 0.6515 | WorstLoss 2.2553
[Tracker] Ep 1677 | AvgR 0.0004 | Global 0.8958 | Local 0.1192 | F1_macro 0.6654 | WorstLoss 1.9774
[Tracker] Ep 1678 | AvgR 0.0004 | Global 0.8953 | Local 0.1192 | F1_macro 0.6436 | WorstLoss 1.9793
[Tracker] Ep 1679 | AvgR 0.0005 | Global 0.9190 | Local 0.1192 | F1_macro 0.6662 | WorstLoss 1.8849
[Tracker] Ep 1680 | AvgR 0.0004 | Global 0.8993 | Local 0.1192 | F1_macro 0.6457 | WorstLoss 1.9649
[Tracker] Saved snapshot: ep1680_phase1_class1
[Tracker] Ep 1681 | AvgR 0.0004 | Global 0.8822 | Local 0.1192 | F1_macro 0.6496 | WorstLoss 2.0235
[Tracker] Ep 1682 | AvgR 0.0005 | Global 0.9308 | Local 0.1192 | F1_macro 0.6686 | WorstLoss 1.8282
[Tracker] Ep 1683 | AvgR 0.0005 | Global 0.9347 | Local 0.1192 | F1_macro 0.6579 | WorstLoss 1.8076
[Tracker] Ep 1684 | AvgR 0.0004 | Global 0.8461 | Local 0.1192 | F1_macro 0.6483 | WorstLoss 2.1265
[Tracker] Ep 1685 | AvgR 0.0005 | Global 0.9513 | Local 0.1192 | F1_macro 0.6601 | WorstLoss 1.7037
[Tracker] Saved snapshot: ep1685_phase1_class1
[Tracker] New BEST synthetic [phase1_class1] (by global.global_obj: 0.951328) saved.
[Tracker] BEST β weights [phase1_class1] saved -> training_runs/SPECcompas_v18k3_ep3000_gpu1_EP3000_PCA10_REWfairness_minID0_majID1_TRJ2000_REAL3000_BIAS0.05_GG202604111115_d5681707/seed_2/best_beta_state_dict_phase1_class1.pt
[Tracker] Ep 1686 | AvgR 0.0005 | Global 0.9487 | Local 0.1192 | F1_macro 0.6718 | WorstLoss 1.7220
[Tracker] Ep 1687 | AvgR 0.0004 | Global 0.8842 | Local 0.1192 | F1_macro 0.6587 | WorstLoss 2.0171
[Tracker] Ep 1688 | AvgR 0.0005 | Global 0.9205 | Local 0.1192 | F1_macro 0.6577 | WorstLoss 1.8784
[Tracker] Ep 1689 | AvgR 0.0005 | Global 0.9372 | Local 0.1192 | F1_macro 0.6577 | WorstLoss 1.7934
[Tracker] Ep 1690 | AvgR 0.0005 | Global 0.9118 | Local 0.1192 | F1_macro 0.6638 | WorstLoss 1.9158
[Tracker] Saved snapshot: ep1690_phase1_class1
[Tracker] Ep 1691 | AvgR 0.0005 | Global 0.9271 | Local 0.1192 | F1_macro 0.6605 | WorstLoss 1.8472
[Tracker] Ep 1692 | AvgR 0.0004 | Global 0.8849 | Local 0.1192 | F1_macro 0.6575 | WorstLoss 2.0146
[Tracker] Ep 1693 | AvgR 0.0004 | Global 0.8626 | Local 0.1192 | F1_macro 0.6490 | WorstLoss 2.0824
[Tracker] Ep 1694 | AvgR 0.0004 | Global 0.8936 | Local 0.1192 | F1_macro 0.6595 | WorstLoss 1.9853
[Tracker] Ep 1695 | AvgR 0.0005 | Global 0.9360 | Local 0.1192 | F1_macro 0.6695 | WorstLoss 1.8004
[Tracker] Saved snapshot: ep1695_phase1_class1
[Tracker] Ep 1696 | AvgR 0.0004 | Global 0.8762 | Local 0.1192 | F1_macro 0.6558 | WorstLoss 2.0423
[Tracker] Ep 1697 | AvgR 0.0004 | Global 0.8865 | Local 0.1192 | F1_macro 0.6630 | WorstLoss 2.0094
[Tracker] Ep 1698 | AvgR 0.0004 | Global 0.7948 | Local 0.1192 | F1_macro 0.6600 | WorstLoss 2.2433
[Tracker] Ep 1699 | AvgR 0.0004 | Global 0.8731 | Local 0.1192 | F1_macro 0.6546 | WorstLoss 2.0517
[Tracker] Ep 1700 | AvgR 0.0004 | Global 0.8857 | Local 0.1192 | F1_macro 0.6560 | WorstLoss 2.0121
[Tracker] Saved snapshot: ep1700_phase1_class1
[Tracker] Ep 1701 | AvgR 0.0004 | Global 0.8604 | Local 0.1192 | F1_macro 0.6590 | WorstLoss 2.0885
[Tracker] Ep 1702 | AvgR 0.0004 | Global 0.8627 | Local 0.1192 | F1_macro 0.6594 | WorstLoss 2.0818
[Tracker] Ep 1703 | AvgR 0.0004 | Global 0.8372 | Local 0.1192 | F1_macro 0.6504 | WorstLoss 2.1487
[Tracker] Ep 1704 | AvgR 0.0004 | Global 0.8965 | Local 0.1192 | F1_macro 0.6512 | WorstLoss 1.9751
[Tracker] Ep 1705 | AvgR 0.0005 | Global 0.9187 | Local 0.1192 | F1_macro 0.6490 | WorstLoss 1.8862
[Tracker] Saved snapshot: ep1705_phase1_class1
[Tracker] Ep 1706 | AvgR 0.0004 | Global 0.8115 | Local 0.1192 | F1_macro 0.6580 | WorstLoss 2.2081
[Tracker] Ep 1707 | AvgR 0.0005 | Global 0.9137 | Local 0.1192 | F1_macro 0.6604 | WorstLoss 1.9080
[Tracker] Ep 1708 | AvgR 0.0004 | Global 0.8790 | Local 0.1192 | F1_macro 0.6519 | WorstLoss 2.0336
[Tracker] Ep 1709 | AvgR 0.0005 | Global 0.9126 | Local 0.1192 | F1_macro 0.6601 | WorstLoss 1.9125
[Tracker] Ep 1710 | AvgR 0.0004 | Global 0.8611 | Local 0.1192 | F1_macro 0.6569 | WorstLoss 2.0865
[Tracker] Saved snapshot: ep1710_phase1_class1
[Tracker] Ep 1711 | AvgR 0.0004 | Global 0.8001 | Local 0.1192 | F1_macro 0.6614 | WorstLoss 2.2323
[Tracker] Ep 1712 | AvgR 0.0004 | Global 0.8648 | Local 0.1192 | F1_macro 0.6638 | WorstLoss 2.0759
[Tracker] Ep 1713 | AvgR 0.0005 | Global 0.9230 | Local 0.1192 | F1_macro 0.6575 | WorstLoss 1.8668
[Tracker] Ep 1714 | AvgR 0.0004 | Global 0.8501 | Local 0.1192 | F1_macro 0.6536 | WorstLoss 2.1160
[Tracker] Ep 1715 | AvgR 0.0005 | Global 0.9027 | Local 0.1192 | F1_macro 0.6634 | WorstLoss 1.9522
[Tracker] Saved snapshot: ep1715_phase1_class1
[Tracker] Ep 1716 | AvgR 0.0005 | Global 0.9080 | Local 0.1192 | F1_macro 0.6625 | WorstLoss 1.9313
[Tracker] Ep 1717 | AvgR 0.0005 | Global 0.9133 | Local 0.1192 | F1_macro 0.6563 | WorstLoss 1.9098
[Tracker] Ep 1718 | AvgR 0.0005 | Global 0.9095 | Local 0.1192 | F1_macro 0.6588 | WorstLoss 1.9252
[Tracker] Ep 1719 | AvgR 0.0004 | Global 0.8662 | Local 0.1192 | F1_macro 0.6476 | WorstLoss 2.0719
[Tracker] Ep 1720 | AvgR 0.0005 | Global 0.9245 | Local 0.1192 | F1_macro 0.6584 | WorstLoss 1.8595
[Tracker] Saved snapshot: ep1720_phase1_class1
[Tracker] Ep 1721 | AvgR 0.0005 | Global 0.9374 | Local 0.1192 | F1_macro 0.6596 | WorstLoss 1.7923
[Tracker] Ep 1722 | AvgR 0.0004 | Global 0.8903 | Local 0.1192 | F1_macro 0.6723 | WorstLoss 1.9967
[Tracker] Ep 1723 | AvgR 0.0004 | Global 0.8646 | Local 0.1192 | F1_macro 0.6463 | WorstLoss 2.0643
[Tracker] Ep 1724 | AvgR 0.0004 | Global 0.8837 | Local 0.1192 | F1_macro 0.6593 | WorstLoss 2.0124
[Tracker] Ep 1725 | AvgR 0.0005 | Global 0.9067 | Local 0.1192 | F1_macro 0.6584 | WorstLoss 1.9365
[Tracker] Saved snapshot: ep1725_phase1_class1
[Tracker] Ep 1726 | AvgR 0.0004 | Global 0.8656 | Local 0.1192 | F1_macro 0.6554 | WorstLoss 2.0736
[Tracker] Ep 1727 | AvgR 0.0005 | Global 0.9132 | Local 0.1192 | F1_macro 0.6645 | WorstLoss 1.9100
[Tracker] Ep 1728 | AvgR 0.0005 | Global 0.9146 | Local 0.1192 | F1_macro 0.6575 | WorstLoss 1.9041
[Tracker] Ep 1729 | AvgR 0.0004 | Global 0.8538 | Local 0.1192 | F1_macro 0.6538 | WorstLoss 2.0955
[Tracker] Ep 1730 | AvgR 0.0005 | Global 0.9034 | Local 0.1192 | F1_macro 0.6571 | WorstLoss 1.9495
[Tracker] Saved snapshot: ep1730_phase1_class1
[Tracker] Ep 1731 | AvgR 0.0004 | Global 0.7956 | Local 0.1192 | F1_macro 0.6549 | WorstLoss 2.2417
[Tracker] Ep 1732 | AvgR 0.0004 | Global 0.7913 | Local 0.1192 | F1_macro 0.6491 | WorstLoss 2.2502
[Tracker] Ep 1733 | AvgR 0.0004 | Global 0.8644 | Local 0.1192 | F1_macro 0.6541 | WorstLoss 2.0771
[Tracker] Ep 1734 | AvgR 0.0004 | Global 0.8302 | Local 0.1192 | F1_macro 0.6549 | WorstLoss 2.1560
[Tracker] Ep 1735 | AvgR 0.0004 | Global 0.8411 | Local 0.1192 | F1_macro 0.6545 | WorstLoss 2.1391
[Tracker] Saved snapshot: ep1735_phase1_class1
[Tracker] Ep 1736 | AvgR 0.0004 | Global 0.8605 | Local 0.1192 | F1_macro 0.6509 | WorstLoss 2.0880
[Tracker] Ep 1737 | AvgR 0.0004 | Global 0.8037 | Local 0.1192 | F1_macro 0.6487 | WorstLoss 2.2248
[Tracker] Ep 1738 | AvgR 0.0005 | Global 0.9048 | Local 0.1192 | F1_macro 0.6532 | WorstLoss 1.9438
[Tracker] Ep 1739 | AvgR 0.0004 | Global 0.8837 | Local 0.1192 | F1_macro 0.6595 | WorstLoss 2.0186
[Tracker] Ep 1740 | AvgR 0.0004 | Global 0.8982 | Local 0.1192 | F1_macro 0.6660 | WorstLoss 1.9688
[Tracker] Saved snapshot: ep1740_phase1_class1
[Tracker] Ep 1741 | AvgR 0.0004 | Global 0.8670 | Local 0.1192 | F1_macro 0.6592 | WorstLoss 2.0698
[Tracker] Ep 1742 | AvgR 0.0004 | Global 0.8030 | Local 0.1192 | F1_macro 0.6595 | WorstLoss 2.2262
[Tracker] Ep 1743 | AvgR 0.0005 | Global 0.9345 | Local 0.1192 | F1_macro 0.6584 | WorstLoss 1.8084
[Tracker] Ep 1744 | AvgR 0.0004 | Global 0.8937 | Local 0.1192 | F1_macro 0.6524 | WorstLoss 1.9849
[Tracker] Ep 1745 | AvgR 0.0004 | Global 0.8690 | Local 0.1192 | F1_macro 0.6487 | WorstLoss 2.0638
[Tracker] Saved snapshot: ep1745_phase1_class1
[Tracker] Ep 1746 | AvgR 0.0005 | Global 0.9052 | Local 0.1192 | F1_macro 0.6552 | WorstLoss 1.9424
[Tracker] Ep 1747 | AvgR 0.0004 | Global 0.8142 | Local 0.1192 | F1_macro 0.6633 | WorstLoss 2.2021
[Tracker] Ep 1748 | AvgR 0.0004 | Global 0.8689 | Local 0.1192 | F1_macro 0.6613 | WorstLoss 2.0642
[Tracker] Ep 1749 | AvgR 0.0004 | Global 0.8813 | Local 0.1192 | F1_macro 0.6619 | WorstLoss 2.0265
[Tracker] Ep 1750 | AvgR 0.0004 | Global 0.8840 | Local 0.1192 | F1_macro 0.6390 | WorstLoss 2.0177
[Tracker] Saved snapshot: ep1750_phase1_class1
[Tracker] Ep 1751 | AvgR 0.0004 | Global 0.8611 | Local 0.1192 | F1_macro 0.6530 | WorstLoss 2.0863
[Tracker] Ep 1752 | AvgR 0.0005 | Global 0.9047 | Local 0.1192 | F1_macro 0.6619 | WorstLoss 1.9443
[Tracker] Ep 1753 | AvgR 0.0005 | Global 0.9090 | Local 0.1192 | F1_macro 0.6439 | WorstLoss 1.9274
[Tracker] Ep 1754 | AvgR 0.0005 | Global 0.9435 | Local 0.1192 | F1_macro 0.6645 | WorstLoss 1.7560
[Tracker] Ep 1755 | AvgR 0.0005 | Global 0.9327 | Local 0.1192 | F1_macro 0.6539 | WorstLoss 1.8185
[Tracker] Saved snapshot: ep1755_phase1_class1
[Tracker] Ep 1756 | AvgR 0.0004 | Global 0.8649 | Local 0.1192 | F1_macro 0.6567 | WorstLoss 2.0758
[Tracker] Ep 1757 | AvgR 0.0005 | Global 0.9065 | Local 0.1192 | F1_macro 0.6679 | WorstLoss 1.9375
[Tracker] Ep 1758 | AvgR 0.0004 | Global 0.8243 | Local 0.1192 | F1_macro 0.6441 | WorstLoss 2.1793
[Tracker] Ep 1759 | AvgR 0.0005 | Global 0.9089 | Local 0.1192 | F1_macro 0.6622 | WorstLoss 1.9277
[Tracker] Ep 1760 | AvgR 0.0005 | Global 0.9229 | Local 0.1192 | F1_macro 0.6561 | WorstLoss 1.8671
[Tracker] Saved snapshot: ep1760_phase1_class1
[Tracker] Ep 1761 | AvgR 0.0004 | Global 0.8247 | Local 0.1192 | F1_macro 0.6453 | WorstLoss 2.1785
[Tracker] Ep 1762 | AvgR 0.0004 | Global 0.8341 | Local 0.1192 | F1_macro 0.6309 | WorstLoss 2.1564
[Tracker] Ep 1763 | AvgR 0.0004 | Global 0.8973 | Local 0.1192 | F1_macro 0.6448 | WorstLoss 1.9720
[Tracker] Ep 1764 | AvgR 0.0005 | Global 0.9047 | Local 0.1192 | F1_macro 0.6579 | WorstLoss 1.9444
[Tracker] Ep 1765 | AvgR 0.0004 | Global 0.8876 | Local 0.1192 | F1_macro 0.6633 | WorstLoss 2.0059
[Tracker] Saved snapshot: ep1765_phase1_class1
[Tracker] Ep 1766 | AvgR 0.0004 | Global 0.8596 | Local 0.1192 | F1_macro 0.6451 | WorstLoss 2.0907
[Tracker] Ep 1767 | AvgR 0.0005 | Global 0.9141 | Local 0.1192 | F1_macro 0.6527 | WorstLoss 1.9064
[Tracker] Ep 1768 | AvgR 0.0005 | Global 0.9219 | Local 0.1192 | F1_macro 0.6630 | WorstLoss 1.8720
[Tracker] Ep 1769 | AvgR 0.0005 | Global 0.9205 | Local 0.1192 | F1_macro 0.6572 | WorstLoss 1.8781
[Tracker] Ep 1770 | AvgR 0.0004 | Global 0.8918 | Local 0.1192 | F1_macro 0.6614 | WorstLoss 1.9914
[Tracker] Saved snapshot: ep1770_phase1_class1
[Tracker] Ep 1771 | AvgR 0.0004 | Global 0.8909 | Local 0.1192 | F1_macro 0.6576 | WorstLoss 1.9946
[Tracker] Ep 1772 | AvgR 0.0005 | Global 0.9011 | Local 0.1192 | F1_macro 0.6670 | WorstLoss 1.9579
[Tracker] Ep 1773 | AvgR 0.0004 | Global 0.8746 | Local 0.1192 | F1_macro 0.6572 | WorstLoss 2.0443
[Tracker] Ep 1774 | AvgR 0.0004 | Global 0.8505 | Local 0.1192 | F1_macro 0.6414 | WorstLoss 2.1151
[Tracker] Ep 1775 | AvgR 0.0005 | Global 0.9003 | Local 0.1192 | F1_macro 0.6608 | WorstLoss 1.9611
[Tracker] Saved snapshot: ep1775_phase1_class1
[Tracker] Ep 1776 | AvgR 0.0005 | Global 0.9108 | Local 0.1192 | F1_macro 0.6625 | WorstLoss 1.9201
[Tracker] Ep 1777 | AvgR 0.0005 | Global 0.9229 | Local 0.1192 | F1_macro 0.6545 | WorstLoss 1.8672
[Tracker] Ep 1778 | AvgR 0.0004 | Global 0.8976 | Local 0.1192 | F1_macro 0.6658 | WorstLoss 1.9708
[Tracker] Ep 1779 | AvgR 0.0004 | Global 0.8964 | Local 0.1192 | F1_macro 0.6484 | WorstLoss 1.9752
[Tracker] Ep 1780 | AvgR 0.0004 | Global 0.8801 | Local 0.1192 | F1_macro 0.6593 | WorstLoss 2.0300
[Tracker] Saved snapshot: ep1780_phase1_class1
[Tracker] Ep 1781 | AvgR 0.0004 | Global 0.8966 | Local 0.1192 | F1_macro 0.6560 | WorstLoss 1.9746
[Tracker] Ep 1782 | AvgR 0.0005 | Global 0.9337 | Local 0.1192 | F1_macro 0.6681 | WorstLoss 1.8127
[Tracker] Ep 1783 | AvgR 0.0005 | Global 0.9208 | Local 0.1192 | F1_macro 0.6574 | WorstLoss 1.8767
[Tracker] Ep 1784 | AvgR 0.0005 | Global 0.9002 | Local 0.1192 | F1_macro 0.6564 | WorstLoss 1.9613
[Tracker] Ep 1785 | AvgR 0.0004 | Global 0.8584 | Local 0.1192 | F1_macro 0.6630 | WorstLoss 2.0939
[Tracker] Saved snapshot: ep1785_phase1_class1
[Tracker] Ep 1786 | AvgR 0.0005 | Global 0.9351 | Local 0.1192 | F1_macro 0.6647 | WorstLoss 1.8051
[Tracker] Ep 1787 | AvgR 0.0005 | Global 0.9054 | Local 0.1192 | F1_macro 0.6626 | WorstLoss 1.9417
[Tracker] Ep 1788 | AvgR 0.0004 | Global 0.8884 | Local 0.1192 | F1_macro 0.6529 | WorstLoss 2.0031
[Tracker] Ep 1789 | AvgR 0.0004 | Global 0.8824 | Local 0.1192 | F1_macro 0.6527 | WorstLoss 2.0227
[Tracker] Ep 1790 | AvgR 0.0005 | Global 0.9080 | Local 0.1192 | F1_macro 0.6620 | WorstLoss 1.9313
[Tracker] Saved snapshot: ep1790_phase1_class1
[Tracker] Ep 1791 | AvgR 0.0005 | Global 0.9159 | Local 0.1192 | F1_macro 0.6535 | WorstLoss 1.8986
[Tracker] Ep 1792 | AvgR 0.0004 | Global 0.8740 | Local 0.1192 | F1_macro 0.6468 | WorstLoss 2.0439
[Tracker] Ep 1793 | AvgR 0.0004 | Global 0.8618 | Local 0.1192 | F1_macro 0.6556 | WorstLoss 2.0845
[Tracker] Ep 1794 | AvgR 0.0004 | Global 0.8803 | Local 0.1192 | F1_macro 0.6712 | WorstLoss 2.0296
[Tracker] Ep 1795 | AvgR 0.0004 | Global 0.8728 | Local 0.1192 | F1_macro 0.6649 | WorstLoss 2.0527
[Tracker] Saved snapshot: ep1795_phase1_class1
[Tracker] Ep 1796 | AvgR 0.0004 | Global 0.8652 | Local 0.1192 | F1_macro 0.6532 | WorstLoss 2.0748
[Tracker] Ep 1797 | AvgR 0.0004 | Global 0.7963 | Local 0.1192 | F1_macro 0.6666 | WorstLoss 2.2402
[Tracker] Ep 1798 | AvgR 0.0004 | Global 0.8524 | Local 0.1192 | F1_macro 0.6459 | WorstLoss 2.1102
[Tracker] Ep 1799 | AvgR 0.0004 | Global 0.8789 | Local 0.1192 | F1_macro 0.6569 | WorstLoss 2.0174
[Tracker] Ep 1800 | AvgR 0.0004 | Global 0.8119 | Local 0.1192 | F1_macro 0.6611 | WorstLoss 2.2072
[Tracker] Saved snapshot: ep1800_phase1_class1
[Tracker] Ep 1801 | AvgR 0.0004 | Global 0.8579 | Local 0.1192 | F1_macro 0.6594 | WorstLoss 2.0953
[Tracker] Ep 1802 | AvgR 0.0004 | Global 0.8910 | Local 0.1192 | F1_macro 0.6571 | WorstLoss 1.9942
[Tracker] Ep 1803 | AvgR 0.0004 | Global 0.8622 | Local 0.1192 | F1_macro 0.6592 | WorstLoss 2.0835
[Tracker] Ep 1804 | AvgR 0.0004 | Global 0.8965 | Local 0.1192 | F1_macro 0.6629 | WorstLoss 1.9720
[Tracker] Ep 1805 | AvgR 0.0004 | Global 0.8920 | Local 0.1192 | F1_macro 0.6662 | WorstLoss 1.9907
[Tracker] Saved snapshot: ep1805_phase1_class1
[Tracker] Ep 1806 | AvgR 0.0005 | Global 0.9210 | Local 0.1192 | F1_macro 0.6581 | WorstLoss 1.8757
[Tracker] Ep 1807 | AvgR 0.0004 | Global 0.8476 | Local 0.1192 | F1_macro 0.6602 | WorstLoss 2.1226
[Tracker] Ep 1808 | AvgR 0.0004 | Global 0.8978 | Local 0.1192 | F1_macro 0.6584 | WorstLoss 1.9702
[Tracker] Ep 1809 | AvgR 0.0004 | Global 0.8750 | Local 0.1192 | F1_macro 0.6580 | WorstLoss 2.0459
[Tracker] Ep 1810 | AvgR 0.0004 | Global 0.8977 | Local 0.1192 | F1_macro 0.6626 | WorstLoss 1.9705
[Tracker] Saved snapshot: ep1810_phase1_class1
[Tracker] Ep 1811 | AvgR 0.0004 | Global 0.8841 | Local 0.1192 | F1_macro 0.6631 | WorstLoss 2.0174
[Tracker] Ep 1812 | AvgR 0.0004 | Global 0.8749 | Local 0.1192 | F1_macro 0.6518 | WorstLoss 2.0463
[Tracker] Ep 1813 | AvgR 0.0004 | Global 0.8354 | Local 0.1192 | F1_macro 0.6554 | WorstLoss 2.1532
[Tracker] Ep 1814 | AvgR 0.0004 | Global 0.8475 | Local 0.1192 | F1_macro 0.6643 | WorstLoss 2.1230
[Tracker] Ep 1815 | AvgR 0.0005 | Global 0.9019 | Local 0.1192 | F1_macro 0.6649 | WorstLoss 1.9551
[Tracker] Saved snapshot: ep1815_phase1_class1
[Tracker] Ep 1816 | AvgR 0.0004 | Global 0.8004 | Local 0.1192 | F1_macro 0.6512 | WorstLoss 2.2317
[Tracker] Ep 1817 | AvgR 0.0004 | Global 0.8948 | Local 0.1192 | F1_macro 0.6547 | WorstLoss 1.9810
[Tracker] Ep 1818 | AvgR 0.0004 | Global 0.8244 | Local 0.1192 | F1_macro 0.6367 | WorstLoss 2.1792
[Tracker] Ep 1819 | AvgR 0.0004 | Global 0.8392 | Local 0.1192 | F1_macro 0.6509 | WorstLoss 2.1438
[Tracker] Ep 1820 | AvgR 0.0005 | Global 0.9051 | Local 0.1192 | F1_macro 0.6587 | WorstLoss 1.9430
[Tracker] Saved snapshot: ep1820_phase1_class1
[Tracker] Ep 1821 | AvgR 0.0004 | Global 0.8684 | Local 0.1192 | F1_macro 0.6506 | WorstLoss 2.0656
[Tracker] Ep 1822 | AvgR 0.0004 | Global 0.8706 | Local 0.1192 | F1_macro 0.6696 | WorstLoss 2.0591
[Tracker] Ep 1823 | AvgR 0.0005 | Global 0.9058 | Local 0.1192 | F1_macro 0.6634 | WorstLoss 1.9402
[Tracker] Ep 1824 | AvgR 0.0004 | Global 0.8623 | Local 0.1192 | F1_macro 0.6561 | WorstLoss 2.0831
[Tracker] Ep 1825 | AvgR 0.0005 | Global 0.9027 | Local 0.1192 | F1_macro 0.6575 | WorstLoss 1.9521
[Tracker] Saved snapshot: ep1825_phase1_class1
[Tracker] Ep 1826 | AvgR 0.0004 | Global 0.8737 | Local 0.1192 | F1_macro 0.6591 | WorstLoss 2.0500
[Tracker] Ep 1827 | AvgR 0.0004 | Global 0.8716 | Local 0.1192 | F1_macro 0.6462 | WorstLoss 2.0561
[Tracker] Ep 1828 | AvgR 0.0005 | Global 0.9085 | Local 0.1192 | F1_macro 0.6607 | WorstLoss 1.9293
[Tracker] Ep 1829 | AvgR 0.0004 | Global 0.8989 | Local 0.1192 | F1_macro 0.6506 | WorstLoss 1.9527
[Tracker] Ep 1830 | AvgR 0.0004 | Global 0.8981 | Local 0.1192 | F1_macro 0.6600 | WorstLoss 1.9691
[Tracker] Saved snapshot: ep1830_phase1_class1
[Tracker] Ep 1831 | AvgR 0.0005 | Global 0.9007 | Local 0.1192 | F1_macro 0.6578 | WorstLoss 1.9597
[Tracker] Ep 1832 | AvgR 0.0004 | Global 0.8658 | Local 0.1192 | F1_macro 0.6567 | WorstLoss 2.0732
[Tracker] Ep 1833 | AvgR 0.0004 | Global 0.8650 | Local 0.1192 | F1_macro 0.6551 | WorstLoss 2.0754
[Tracker] Ep 1834 | AvgR 0.0004 | Global 0.8467 | Local 0.1192 | F1_macro 0.6601 | WorstLoss 2.1249
[Tracker] Ep 1835 | AvgR 0.0004 | Global 0.8673 | Local 0.1192 | F1_macro 0.6617 | WorstLoss 2.0687
[Tracker] Saved snapshot: ep1835_phase1_class1
[Tracker] Ep 1836 | AvgR 0.0005 | Global 0.9149 | Local 0.1192 | F1_macro 0.6584 | WorstLoss 1.9028
[Tracker] Ep 1837 | AvgR 0.0004 | Global 0.8846 | Local 0.1192 | F1_macro 0.6634 | WorstLoss 2.0157
[Tracker] Ep 1838 | AvgR 0.0004 | Global 0.8148 | Local 0.1192 | F1_macro 0.6404 | WorstLoss 2.2008
[Tracker] Ep 1839 | AvgR 0.0005 | Global 0.9413 | Local 0.1192 | F1_macro 0.6614 | WorstLoss 1.7694
[Tracker] Ep 1840 | AvgR 0.0005 | Global 0.9035 | Local 0.1192 | F1_macro 0.6535 | WorstLoss 1.9489
[Tracker] Saved snapshot: ep1840_phase1_class1
[Tracker] Ep 1841 | AvgR 0.0005 | Global 0.9435 | Local 0.1192 | F1_macro 0.6693 | WorstLoss 1.7564
[Tracker] Ep 1842 | AvgR 0.0004 | Global 0.8938 | Local 0.1192 | F1_macro 0.6563 | WorstLoss 1.9846
[Tracker] Ep 1843 | AvgR 0.0004 | Global 0.8286 | Local 0.1192 | F1_macro 0.6452 | WorstLoss 2.1693
[Tracker] Ep 1844 | AvgR 0.0004 | Global 0.8324 | Local 0.1192 | F1_macro 0.6518 | WorstLoss 2.1605
[Tracker] Ep 1845 | AvgR 0.0005 | Global 0.9118 | Local 0.1192 | F1_macro 0.6624 | WorstLoss 1.9160
[Tracker] Saved snapshot: ep1845_phase1_class1
[Tracker] Ep 1846 | AvgR 0.0005 | Global 0.9136 | Local 0.1192 | F1_macro 0.6615 | WorstLoss 1.9084
[Tracker] Ep 1847 | AvgR 0.0004 | Global 0.8779 | Local 0.1192 | F1_macro 0.6633 | WorstLoss 2.0372
[Tracker] Ep 1848 | AvgR 0.0005 | Global 0.9082 | Local 0.1192 | F1_macro 0.6505 | WorstLoss 1.9308
[Tracker] Ep 1849 | AvgR 0.0005 | Global 0.9151 | Local 0.1192 | F1_macro 0.6560 | WorstLoss 1.9021
[Tracker] Ep 1850 | AvgR 0.0004 | Global 0.8773 | Local 0.1192 | F1_macro 0.6617 | WorstLoss 2.0390
[Tracker] Saved snapshot: ep1850_phase1_class1
[Tracker] Ep 1851 | AvgR 0.0004 | Global 0.8346 | Local 0.1192 | F1_macro 0.6529 | WorstLoss 2.1550
[Tracker] Ep 1852 | AvgR 0.0005 | Global 0.9094 | Local 0.1192 | F1_macro 0.6661 | WorstLoss 1.9259
[Tracker] Ep 1853 | AvgR 0.0004 | Global 0.7926 | Local 0.1192 | F1_macro 0.6546 | WorstLoss 2.2477
[Tracker] Ep 1854 | AvgR 0.0005 | Global 0.9023 | Local 0.1192 | F1_macro 0.6633 | WorstLoss 1.9536
[Tracker] Ep 1855 | AvgR 0.0005 | Global 0.9377 | Local 0.1192 | F1_macro 0.6640 | WorstLoss 1.7907
[Tracker] Saved snapshot: ep1855_phase1_class1
[Tracker] Ep 1856 | AvgR 0.0004 | Global 0.8617 | Local 0.1192 | F1_macro 0.6573 | WorstLoss 2.0848
[Tracker] Ep 1857 | AvgR 0.0005 | Global 0.9202 | Local 0.1192 | F1_macro 0.6527 | WorstLoss 1.8797
[Tracker] Ep 1858 | AvgR 0.0004 | Global 0.8507 | Local 0.1192 | F1_macro 0.6598 | WorstLoss 2.1145
[Tracker] Ep 1859 | AvgR 0.0005 | Global 0.9343 | Local 0.1192 | F1_macro 0.6567 | WorstLoss 1.8097
[Tracker] Ep 1860 | AvgR 0.0004 | Global 0.8815 | Local 0.1192 | F1_macro 0.6554 | WorstLoss 2.0256
[Tracker] Saved snapshot: ep1860_phase1_class1
[Tracker] Ep 1861 | AvgR 0.0005 | Global 0.9382 | Local 0.1192 | F1_macro 0.6597 | WorstLoss 1.7880
[Tracker] Ep 1862 | AvgR 0.0004 | Global 0.8589 | Local 0.1192 | F1_macro 0.6610 | WorstLoss 2.0925
[Tracker] Ep 1863 | AvgR 0.0004 | Global 0.8208 | Local 0.1192 | F1_macro 0.6600 | WorstLoss 2.1874
[Tracker] Ep 1864 | AvgR 0.0004 | Global 0.8318 | Local 0.1192 | F1_macro 0.6552 | WorstLoss 2.1618
[Tracker] Ep 1865 | AvgR 0.0005 | Global 0.9178 | Local 0.1192 | F1_macro 0.6661 | WorstLoss 1.8904
[Tracker] Saved snapshot: ep1865_phase1_class1
[Tracker] Ep 1866 | AvgR 0.0005 | Global 0.9005 | Local 0.1192 | F1_macro 0.6551 | WorstLoss 1.9503
[Tracker] Ep 1867 | AvgR 0.0004 | Global 0.8387 | Local 0.1192 | F1_macro 0.6574 | WorstLoss 2.1451
[Tracker] Ep 1868 | AvgR 0.0004 | Global 0.8832 | Local 0.1192 | F1_macro 0.6556 | WorstLoss 2.0203
[Tracker] Ep 1869 | AvgR 0.0004 | Global 0.8946 | Local 0.1192 | F1_macro 0.6535 | WorstLoss 1.9818
[Tracker] Ep 1870 | AvgR 0.0004 | Global 0.8424 | Local 0.1192 | F1_macro 0.6598 | WorstLoss 2.1358
[Tracker] Saved snapshot: ep1870_phase1_class1
[Tracker] Ep 1871 | AvgR 0.0004 | Global 0.8689 | Local 0.1192 | F1_macro 0.6560 | WorstLoss 2.0642
[Tracker] Ep 1872 | AvgR 0.0004 | Global 0.8597 | Local 0.1192 | F1_macro 0.6510 | WorstLoss 2.0904
[Tracker] Ep 1873 | AvgR 0.0004 | Global 0.8777 | Local 0.1192 | F1_macro 0.6569 | WorstLoss 2.0377
[Tracker] Ep 1874 | AvgR 0.0004 | Global 0.8748 | Local 0.1192 | F1_macro 0.6365 | WorstLoss 2.0322
[Tracker] Ep 1875 | AvgR 0.0005 | Global 0.9115 | Local 0.1192 | F1_macro 0.6675 | WorstLoss 1.9172
[Tracker] Saved snapshot: ep1875_phase1_class1
[Tracker] Ep 1876 | AvgR 0.0004 | Global 0.8878 | Local 0.1192 | F1_macro 0.6383 | WorstLoss 2.0050
[Tracker] Ep 1877 | AvgR 0.0005 | Global 0.9166 | Local 0.1192 | F1_macro 0.6703 | WorstLoss 1.8954
[Tracker] Ep 1878 | AvgR 0.0005 | Global 0.9373 | Local 0.1192 | F1_macro 0.6703 | WorstLoss 1.7933
[Tracker] Ep 1879 | AvgR 0.0004 | Global 0.8879 | Local 0.1192 | F1_macro 0.6645 | WorstLoss 2.0049
[Tracker] Ep 1880 | AvgR 0.0005 | Global 0.9037 | Local 0.1192 | F1_macro 0.6541 | WorstLoss 1.9481
[Tracker] Saved snapshot: ep1880_phase1_class1
[Tracker] Ep 1881 | AvgR 0.0004 | Global 0.8891 | Local 0.1192 | F1_macro 0.6544 | WorstLoss 2.0009
[Tracker] Ep 1882 | AvgR 0.0005 | Global 0.9207 | Local 0.1192 | F1_macro 0.6550 | WorstLoss 1.8774
[Tracker] Ep 1883 | AvgR 0.0004 | Global 0.8323 | Local 0.1192 | F1_macro 0.6633 | WorstLoss 2.1606
[Tracker] Ep 1884 | AvgR 0.0004 | Global 0.8443 | Local 0.1192 | F1_macro 0.6606 | WorstLoss 2.1311
[Tracker] Ep 1885 | AvgR 0.0004 | Global 0.8910 | Local 0.1192 | F1_macro 0.6614 | WorstLoss 1.9944
[Tracker] Saved snapshot: ep1885_phase1_class1
[Tracker] Ep 1886 | AvgR 0.0005 | Global 0.9162 | Local 0.1192 | F1_macro 0.6636 | WorstLoss 1.8972
[Tracker] Ep 1887 | AvgR 0.0004 | Global 0.8384 | Local 0.1192 | F1_macro 0.6564 | WorstLoss 2.1458
[Tracker] Ep 1888 | AvgR 0.0004 | Global 0.8295 | Local 0.1192 | F1_macro 0.6512 | WorstLoss 2.1672
[Tracker] Ep 1889 | AvgR 0.0004 | Global 0.8936 | Local 0.1192 | F1_macro 0.6557 | WorstLoss 1.9755
[Tracker] Ep 1890 | AvgR 0.0004 | Global 0.8847 | Local 0.1192 | F1_macro 0.6535 | WorstLoss 2.0155
[Tracker] Saved snapshot: ep1890_phase1_class1
[Tracker] Ep 1891 | AvgR 0.0004 | Global 0.8576 | Local 0.1192 | F1_macro 0.6529 | WorstLoss 2.0960
[Tracker] Ep 1892 | AvgR 0.0005 | Global 0.9217 | Local 0.1192 | F1_macro 0.6559 | WorstLoss 1.8728
[Tracker] Ep 1893 | AvgR 0.0005 | Global 0.9357 | Local 0.1192 | F1_macro 0.6539 | WorstLoss 1.8019
[Tracker] Ep 1894 | AvgR 0.0004 | Global 0.8664 | Local 0.1192 | F1_macro 0.6619 | WorstLoss 2.0714
[Tracker] Ep 1895 | AvgR 0.0005 | Global 0.9082 | Local 0.1192 | F1_macro 0.6530 | WorstLoss 1.9305
[Tracker] Saved snapshot: ep1895_phase1_class1
[Tracker] Ep 1896 | AvgR 0.0004 | Global 0.8865 | Local 0.1192 | F1_macro 0.6532 | WorstLoss 2.0094
[Tracker] Ep 1897 | AvgR 0.0004 | Global 0.7893 | Local 0.1192 | F1_macro 0.6487 | WorstLoss 2.2543
[Tracker] Ep 1898 | AvgR 0.0005 | Global 0.9222 | Local 0.1192 | F1_macro 0.6638 | WorstLoss 1.8704
[Tracker] Ep 1899 | AvgR 0.0004 | Global 0.8697 | Local 0.1192 | F1_macro 0.6617 | WorstLoss 2.0617
[Tracker] Ep 1900 | AvgR 0.0004 | Global 0.8796 | Local 0.1192 | F1_macro 0.6593 | WorstLoss 2.0318
[Tracker] Saved snapshot: ep1900_phase1_class1
[Tracker] Ep 1901 | AvgR 0.0005 | Global 0.9227 | Local 0.1192 | F1_macro 0.6524 | WorstLoss 1.8683
[Tracker] Ep 1902 | AvgR 0.0005 | Global 0.9264 | Local 0.1192 | F1_macro 0.6608 | WorstLoss 1.8505
[Tracker] Ep 1903 | AvgR 0.0004 | Global 0.8619 | Local 0.1192 | F1_macro 0.6594 | WorstLoss 2.0843
[Tracker] Ep 1904 | AvgR 0.0004 | Global 0.8714 | Local 0.1192 | F1_macro 0.6556 | WorstLoss 2.0569
[Tracker] Ep 1905 | AvgR 0.0004 | Global 0.8554 | Local 0.1192 | F1_macro 0.6475 | WorstLoss 2.1002
[Tracker] Saved snapshot: ep1905_phase1_class1
[Tracker] Ep 1906 | AvgR 0.0005 | Global 0.9275 | Local 0.1192 | F1_macro 0.6656 | WorstLoss 1.8449
[Tracker] Ep 1907 | AvgR 0.0004 | Global 0.8826 | Local 0.1192 | F1_macro 0.6522 | WorstLoss 2.0223
[Tracker] Ep 1908 | AvgR 0.0004 | Global 0.8752 | Local 0.1192 | F1_macro 0.6552 | WorstLoss 2.0452
[Tracker] Ep 1909 | AvgR 0.0004 | Global 0.8454 | Local 0.1192 | F1_macro 0.6616 | WorstLoss 2.1283
[Tracker] Ep 1910 | AvgR 0.0004 | Global 0.8900 | Local 0.1192 | F1_macro 0.6422 | WorstLoss 1.9978
[Tracker] Saved snapshot: ep1910_phase1_class1
[Tracker] Ep 1911 | AvgR 0.0004 | Global 0.8405 | Local 0.1192 | F1_macro 0.6429 | WorstLoss 2.1405
[Tracker] Ep 1912 | AvgR 0.0004 | Global 0.8979 | Local 0.1192 | F1_macro 0.6595 | WorstLoss 1.9698
[Tracker] Ep 1913 | AvgR 0.0005 | Global 0.9225 | Local 0.1192 | F1_macro 0.6689 | WorstLoss 1.8690
[Tracker] Ep 1914 | AvgR 0.0005 | Global 0.9107 | Local 0.1192 | F1_macro 0.6535 | WorstLoss 1.9205
[Tracker] Ep 1915 | AvgR 0.0004 | Global 0.8927 | Local 0.1192 | F1_macro 0.6586 | WorstLoss 1.9883
[Tracker] Saved snapshot: ep1915_phase1_class1
[Tracker] Ep 1916 | AvgR 0.0005 | Global 0.9408 | Local 0.1192 | F1_macro 0.6672 | WorstLoss 1.7726
[Tracker] Ep 1917 | AvgR 0.0004 | Global 0.8794 | Local 0.1192 | F1_macro 0.6628 | WorstLoss 2.0323
[Tracker] Ep 1918 | AvgR 0.0004 | Global 0.8790 | Local 0.1192 | F1_macro 0.6625 | WorstLoss 2.0337
[Tracker] Ep 1919 | AvgR 0.0004 | Global 0.8927 | Local 0.1192 | F1_macro 0.6543 | WorstLoss 1.9885
[Tracker] Ep 1920 | AvgR 0.0005 | Global 0.9129 | Local 0.1192 | F1_macro 0.6521 | WorstLoss 1.9116
[Tracker] Saved snapshot: ep1920_phase1_class1
[Tracker] Ep 1921 | AvgR 0.0004 | Global 0.8407 | Local 0.1192 | F1_macro 0.6467 | WorstLoss 2.1401
[Tracker] Ep 1922 | AvgR 0.0004 | Global 0.8786 | Local 0.1192 | F1_macro 0.6602 | WorstLoss 2.0349
[Tracker] Ep 1923 | AvgR 0.0004 | Global 0.8259 | Local 0.1192 | F1_macro 0.6557 | WorstLoss 2.1756
[Tracker] Ep 1924 | AvgR 0.0005 | Global 0.9119 | Local 0.1192 | F1_macro 0.6551 | WorstLoss 1.9154
[Tracker] Ep 1925 | AvgR 0.0005 | Global 0.9027 | Local 0.1192 | F1_macro 0.6632 | WorstLoss 1.9521
[Tracker] Saved snapshot: ep1925_phase1_class1
[Tracker] Ep 1926 | AvgR 0.0004 | Global 0.8677 | Local 0.1192 | F1_macro 0.6573 | WorstLoss 2.0676
[Tracker] Ep 1927 | AvgR 0.0004 | Global 0.8419 | Local 0.1192 | F1_macro 0.6653 | WorstLoss 2.1372
[Tracker] Ep 1928 | AvgR 0.0004 | Global 0.8578 | Local 0.1192 | F1_macro 0.6590 | WorstLoss 2.0957
[Tracker] Ep 1929 | AvgR 0.0004 | Global 0.7551 | Local 0.1192 | F1_macro 0.6490 | WorstLoss 2.3192
[Tracker] Ep 1930 | AvgR 0.0004 | Global 0.8810 | Local 0.1192 | F1_macro 0.6593 | WorstLoss 2.0274
[Tracker] Saved snapshot: ep1930_phase1_class1
[Tracker] Ep 1931 | AvgR 0.0004 | Global 0.8610 | Local 0.1192 | F1_macro 0.6606 | WorstLoss 2.0866
[Tracker] Ep 1932 | AvgR 0.0005 | Global 0.9328 | Local 0.1192 | F1_macro 0.6526 | WorstLoss 1.8179
[Tracker] Ep 1933 | AvgR 0.0004 | Global 0.8511 | Local 0.1192 | F1_macro 0.6533 | WorstLoss 2.1134
[Tracker] Ep 1934 | AvgR 0.0004 | Global 0.8487 | Local 0.1192 | F1_macro 0.6558 | WorstLoss 2.1198
[Tracker] Ep 1935 | AvgR 0.0004 | Global 0.8686 | Local 0.1192 | F1_macro 0.6640 | WorstLoss 2.0651
[Tracker] Saved snapshot: ep1935_phase1_class1
[Tracker] Ep 1936 | AvgR 0.0005 | Global 0.9165 | Local 0.1192 | F1_macro 0.6658 | WorstLoss 1.8962
[Tracker] Ep 1937 | AvgR 0.0005 | Global 0.9437 | Local 0.1192 | F1_macro 0.6632 | WorstLoss 1.7546
[Tracker] Ep 1938 | AvgR 0.0004 | Global 0.8548 | Local 0.1192 | F1_macro 0.6646 | WorstLoss 2.1037
[Tracker] Ep 1939 | AvgR 0.0004 | Global 0.8712 | Local 0.1192 | F1_macro 0.6504 | WorstLoss 2.0575
[Tracker] Ep 1940 | AvgR 0.0005 | Global 0.9367 | Local 0.1192 | F1_macro 0.6646 | WorstLoss 1.7967
[Tracker] Saved snapshot: ep1940_phase1_class1
[Tracker] Ep 1941 | AvgR 0.0004 | Global 0.8045 | Local 0.1192 | F1_macro 0.6492 | WorstLoss 2.2231
[Tracker] Ep 1942 | AvgR 0.0004 | Global 0.8082 | Local 0.1192 | F1_macro 0.6541 | WorstLoss 2.2152
[Tracker] Ep 1943 | AvgR 0.0004 | Global 0.8945 | Local 0.1192 | F1_macro 0.6684 | WorstLoss 1.9821
[Tracker] Ep 1944 | AvgR 0.0005 | Global 0.9010 | Local 0.1192 | F1_macro 0.6563 | WorstLoss 1.9584
[Tracker] Ep 1945 | AvgR 0.0004 | Global 0.8363 | Local 0.1192 | F1_macro 0.6473 | WorstLoss 2.1509
[Tracker] Saved snapshot: ep1945_phase1_class1
[Tracker] Ep 1946 | AvgR 0.0005 | Global 0.9235 | Local 0.1192 | F1_macro 0.6568 | WorstLoss 1.8644
[Tracker] Ep 1947 | AvgR 0.0004 | Global 0.8564 | Local 0.1192 | F1_macro 0.6405 | WorstLoss 2.0994
[Tracker] Ep 1948 | AvgR 0.0005 | Global 0.9454 | Local 0.1192 | F1_macro 0.6515 | WorstLoss 1.7443
[Tracker] Ep 1949 | AvgR 0.0005 | Global 0.9075 | Local 0.1192 | F1_macro 0.6590 | WorstLoss 1.9335
[Tracker] Ep 1950 | AvgR 0.0005 | Global 0.9405 | Local 0.1192 | F1_macro 0.6707 | WorstLoss 1.7746
[Tracker] Saved snapshot: ep1950_phase1_class1
[Tracker] Ep 1951 | AvgR 0.0004 | Global 0.7975 | Local 0.1192 | F1_macro 0.6495 | WorstLoss 2.2377
[Tracker] Ep 1952 | AvgR 0.0005 | Global 0.9129 | Local 0.1192 | F1_macro 0.6628 | WorstLoss 1.9115
[Tracker] Ep 1953 | AvgR 0.0005 | Global 0.9178 | Local 0.1192 | F1_macro 0.6567 | WorstLoss 1.8903
[Tracker] Ep 1954 | AvgR 0.0004 | Global 0.8718 | Local 0.1192 | F1_macro 0.6435 | WorstLoss 2.0555
[Tracker] Ep 1955 | AvgR 0.0004 | Global 0.8948 | Local 0.1192 | F1_macro 0.6579 | WorstLoss 1.9809
[Tracker] Saved snapshot: ep1955_phase1_class1
[Tracker] Ep 1956 | AvgR 0.0004 | Global 0.8805 | Local 0.1192 | F1_macro 0.6576 | WorstLoss 2.0289
[Tracker] Ep 1957 | AvgR 0.0004 | Global 0.8447 | Local 0.1192 | F1_macro 0.6496 | WorstLoss 2.1300
[Tracker] Ep 1958 | AvgR 0.0004 | Global 0.8529 | Local 0.1192 | F1_macro 0.6537 | WorstLoss 2.1088
[Tracker] Ep 1959 | AvgR 0.0005 | Global 0.9103 | Local 0.1192 | F1_macro 0.6580 | WorstLoss 1.9222
[Tracker] Ep 1960 | AvgR 0.0005 | Global 0.9221 | Local 0.1192 | F1_macro 0.6541 | WorstLoss 1.8710
[Tracker] Saved snapshot: ep1960_phase1_class1
[Tracker] Ep 1961 | AvgR 0.0005 | Global 0.9078 | Local 0.1192 | F1_macro 0.6616 | WorstLoss 1.9324
[Tracker] Ep 1962 | AvgR 0.0005 | Global 0.9075 | Local 0.1192 | F1_macro 0.6582 | WorstLoss 1.9334
[Tracker] Ep 1963 | AvgR 0.0005 | Global 0.9021 | Local 0.1192 | F1_macro 0.6529 | WorstLoss 1.9545
[Tracker] Ep 1964 | AvgR 0.0004 | Global 0.8132 | Local 0.1192 | F1_macro 0.6561 | WorstLoss 2.2043
[Tracker] Ep 1965 | AvgR 0.0004 | Global 0.8550 | Local 0.1192 | F1_macro 0.6558 | WorstLoss 2.1032
[Tracker] Saved snapshot: ep1965_phase1_class1
[Tracker] Ep 1966 | AvgR 0.0004 | Global 0.8838 | Local 0.1192 | F1_macro 0.6638 | WorstLoss 2.0182
[Tracker] Ep 1967 | AvgR 0.0004 | Global 0.8809 | Local 0.1192 | F1_macro 0.6544 | WorstLoss 2.0278
[Tracker] Ep 1968 | AvgR 0.0004 | Global 0.8534 | Local 0.1192 | F1_macro 0.6384 | WorstLoss 2.1074
[Tracker] Ep 1969 | AvgR 0.0005 | Global 0.9450 | Local 0.1192 | F1_macro 0.6586 | WorstLoss 1.7465
[Tracker] Ep 1970 | AvgR 0.0004 | Global 0.8453 | Local 0.1192 | F1_macro 0.6498 | WorstLoss 2.1286
[Tracker] Saved snapshot: ep1970_phase1_class1
[Tracker] Ep 1971 | AvgR 0.0005 | Global 0.9253 | Local 0.1192 | F1_macro 0.6621 | WorstLoss 1.8556
[Tracker] Ep 1972 | AvgR 0.0005 | Global 0.9142 | Local 0.1192 | F1_macro 0.6532 | WorstLoss 1.9061
[Tracker] Ep 1973 | AvgR 0.0005 | Global 0.9173 | Local 0.1192 | F1_macro 0.6606 | WorstLoss 1.8924
[Tracker] Ep 1974 | AvgR 0.0004 | Global 0.8907 | Local 0.1192 | F1_macro 0.6595 | WorstLoss 1.9952
[Tracker] Ep 1975 | AvgR 0.0004 | Global 0.8957 | Local 0.1192 | F1_macro 0.6646 | WorstLoss 1.9778
[Tracker] Saved snapshot: ep1975_phase1_class1
[Tracker] Ep 1976 | AvgR 0.0005 | Global 0.9047 | Local 0.1192 | F1_macro 0.6489 | WorstLoss 1.9443
[Tracker] Ep 1977 | AvgR 0.0004 | Global 0.8708 | Local 0.1192 | F1_macro 0.6698 | WorstLoss 2.0586
[Tracker] Ep 1978 | AvgR 0.0004 | Global 0.7829 | Local 0.1192 | F1_macro 0.6460 | WorstLoss 2.2670
[Tracker] Ep 1979 | AvgR 0.0004 | Global 0.8871 | Local 0.1192 | F1_macro 0.6552 | WorstLoss 2.0075
[Tracker] Ep 1980 | AvgR 0.0004 | Global 0.8992 | Local 0.1192 | F1_macro 0.6595 | WorstLoss 1.9650
[Tracker] Saved snapshot: ep1980_phase1_class1
[Tracker] Ep 1981 | AvgR 0.0004 | Global 0.8443 | Local 0.1192 | F1_macro 0.6437 | WorstLoss 2.1308
[Tracker] Ep 1982 | AvgR 0.0004 | Global 0.8715 | Local 0.1192 | F1_macro 0.6608 | WorstLoss 2.0566
[Tracker] Ep 1983 | AvgR 0.0005 | Global 0.9067 | Local 0.1192 | F1_macro 0.6630 | WorstLoss 1.9366
[Tracker] Ep 1984 | AvgR 0.0004 | Global 0.8956 | Local 0.1192 | F1_macro 0.6546 | WorstLoss 1.9780
[Tracker] Ep 1985 | AvgR 0.0004 | Global 0.8890 | Local 0.1192 | F1_macro 0.6605 | WorstLoss 2.0011
[Tracker] Saved snapshot: ep1985_phase1_class1
[Tracker] Ep 1986 | AvgR 0.0005 | Global 0.9175 | Local 0.1192 | F1_macro 0.6587 | WorstLoss 1.8914
[Tracker] Ep 1987 | AvgR 0.0005 | Global 0.9090 | Local 0.1192 | F1_macro 0.6659 | WorstLoss 1.9275
[Tracker] Ep 1988 | AvgR 0.0004 | Global 0.8439 | Local 0.1192 | F1_macro 0.6552 | WorstLoss 2.1321
[Tracker] Ep 1989 | AvgR 0.0005 | Global 0.9187 | Local 0.1192 | F1_macro 0.6517 | WorstLoss 1.8862
[Tracker] Ep 1990 | AvgR 0.0005 | Global 0.9497 | Local 0.1192 | F1_macro 0.6551 | WorstLoss 1.7156
[Tracker] Saved snapshot: ep1990_phase1_class1
[Tracker] Ep 1991 | AvgR 0.0005 | Global 0.9467 | Local 0.1192 | F1_macro 0.6695 | WorstLoss 1.7353
[Tracker] Ep 1992 | AvgR 0.0005 | Global 0.9174 | Local 0.1192 | F1_macro 0.6675 | WorstLoss 1.8922
[Tracker] Ep 1993 | AvgR 0.0004 | Global 0.8967 | Local 0.1192 | F1_macro 0.6555 | WorstLoss 1.9742
[Tracker] Ep 1994 | AvgR 0.0005 | Global 0.9046 | Local 0.1192 | F1_macro 0.6472 | WorstLoss 1.9448
[Tracker] Ep 1995 | AvgR 0.0005 | Global 0.9041 | Local 0.1192 | F1_macro 0.6691 | WorstLoss 1.9466
[Tracker] Saved snapshot: ep1995_phase1_class1
[Tracker] Ep 1996 | AvgR 0.0004 | Global 0.8796 | Local 0.1192 | F1_macro 0.6535 | WorstLoss 2.0317
[Tracker] Ep 1997 | AvgR 0.0004 | Global 0.8714 | Local 0.1192 | F1_macro 0.6607 | WorstLoss 2.0569
[Tracker] Ep 1998 | AvgR 0.0005 | Global 0.9237 | Local 0.1192 | F1_macro 0.6672 | WorstLoss 1.8633
[Tracker] Ep 1999 | AvgR 0.0005 | Global 0.9240 | Local 0.1192 | F1_macro 0.6626 | WorstLoss 1.8618
[Tracker] Ep 2000 | AvgR 0.0005 | Global 0.9143 | Local 0.1192 | F1_macro 0.6617 | WorstLoss 1.9057
[Tracker] Saved snapshot: ep2000_phase1_class1
[Tracker] Ep 2001 | AvgR 0.0005 | Global 0.9082 | Local 0.1192 | F1_macro 0.6554 | WorstLoss 1.9308
[Tracker] Ep 2002 | AvgR 0.0005 | Global 0.9090 | Local 0.1192 | F1_macro 0.6584 | WorstLoss 1.9273
[Tracker] Ep 2003 | AvgR 0.0005 | Global 0.9113 | Local 0.1192 | F1_macro 0.6529 | WorstLoss 1.9179
[Tracker] Ep 2004 | AvgR 0.0004 | Global 0.8843 | Local 0.1192 | F1_macro 0.6573 | WorstLoss 2.0165
[Tracker] Ep 2005 | AvgR 0.0005 | Global 0.9122 | Local 0.1192 | F1_macro 0.6532 | WorstLoss 1.9142
[Tracker] Saved snapshot: ep2005_phase1_class1
[Tracker] Ep 2006 | AvgR 0.0005 | Global 0.9115 | Local 0.1192 | F1_macro 0.6677 | WorstLoss 1.9171
[Tracker] Ep 2007 | AvgR 0.0005 | Global 0.9238 | Local 0.1192 | F1_macro 0.6669 | WorstLoss 1.8628
[Tracker] Ep 2008 | AvgR 0.0004 | Global 0.8889 | Local 0.1192 | F1_macro 0.6512 | WorstLoss 2.0016
[Tracker] Ep 2009 | AvgR 0.0005 | Global 0.9064 | Local 0.1192 | F1_macro 0.6540 | WorstLoss 1.9379
[Tracker] Ep 2010 | AvgR 0.0004 | Global 0.8821 | Local 0.1192 | F1_macro 0.6524 | WorstLoss 2.0237
[Tracker] Saved snapshot: ep2010_phase1_class1
[Tracker] Ep 2011 | AvgR 0.0005 | Global 0.9091 | Local 0.1192 | F1_macro 0.6680 | WorstLoss 1.9268
[Tracker] Ep 2012 | AvgR 0.0004 | Global 0.8818 | Local 0.1192 | F1_macro 0.6603 | WorstLoss 2.0247
[Tracker] Ep 2013 | AvgR 0.0004 | Global 0.8746 | Local 0.1192 | F1_macro 0.6543 | WorstLoss 2.0473
[Tracker] Ep 2014 | AvgR 0.0004 | Global 0.8395 | Local 0.1192 | F1_macro 0.6504 | WorstLoss 2.1432
[Tracker] Ep 2015 | AvgR 0.0005 | Global 0.9396 | Local 0.1192 | F1_macro 0.6581 | WorstLoss 1.7797
[Tracker] Saved snapshot: ep2015_phase1_class1
[Tracker] Ep 2016 | AvgR 0.0005 | Global 0.9144 | Local 0.1192 | F1_macro 0.6590 | WorstLoss 1.9052
[Tracker] Ep 2017 | AvgR 0.0005 | Global 0.9183 | Local 0.1192 | F1_macro 0.6601 | WorstLoss 1.8879
[Tracker] Ep 2018 | AvgR 0.0005 | Global 0.9125 | Local 0.1192 | F1_macro 0.6621 | WorstLoss 1.9131
[Tracker] Ep 2019 | AvgR 0.0004 | Global 0.8949 | Local 0.1192 | F1_macro 0.6692 | WorstLoss 1.9808
[Tracker] Ep 2020 | AvgR 0.0005 | Global 0.9073 | Local 0.1192 | F1_macro 0.6498 | WorstLoss 1.9343
[Tracker] Saved snapshot: ep2020_phase1_class1
[Tracker] Ep 2021 | AvgR 0.0005 | Global 0.9384 | Local 0.1192 | F1_macro 0.6659 | WorstLoss 1.7869
[Tracker] Ep 2022 | AvgR 0.0005 | Global 0.9168 | Local 0.1192 | F1_macro 0.6688 | WorstLoss 1.8945
[Tracker] Ep 2023 | AvgR 0.0004 | Global 0.8998 | Local 0.1192 | F1_macro 0.6509 | WorstLoss 1.9629
[Tracker] Ep 2024 | AvgR 0.0004 | Global 0.8957 | Local 0.1192 | F1_macro 0.6625 | WorstLoss 1.9719
[Tracker] Ep 2025 | AvgR 0.0004 | Global 0.8607 | Local 0.1192 | F1_macro 0.6339 | WorstLoss 2.0875
[Tracker] Saved snapshot: ep2025_phase1_class1
[Tracker] Ep 2026 | AvgR 0.0005 | Global 0.9225 | Local 0.1192 | F1_macro 0.6554 | WorstLoss 1.8690
[Tracker] Ep 2027 | AvgR 0.0004 | Global 0.8861 | Local 0.1192 | F1_macro 0.6593 | WorstLoss 2.0107
[Tracker] Ep 2028 | AvgR 0.0004 | Global 0.8413 | Local 0.1192 | F1_macro 0.6528 | WorstLoss 2.1385
[Tracker] Ep 2029 | AvgR 0.0005 | Global 0.9169 | Local 0.1192 | F1_macro 0.6642 | WorstLoss 1.8941
[Tracker] Ep 2030 | AvgR 0.0004 | Global 0.8883 | Local 0.1192 | F1_macro 0.6535 | WorstLoss 2.0036
[Tracker] Saved snapshot: ep2030_phase1_class1
[Tracker] Ep 2031 | AvgR 0.0004 | Global 0.8975 | Local 0.1192 | F1_macro 0.6632 | WorstLoss 1.9715
[Tracker] Ep 2032 | AvgR 0.0005 | Global 0.9116 | Local 0.1192 | F1_macro 0.6559 | WorstLoss 1.9168
[Tracker] Ep 2033 | AvgR 0.0004 | Global 0.8942 | Local 0.1192 | F1_macro 0.6608 | WorstLoss 1.9832
[Tracker] Ep 2034 | AvgR 0.0004 | Global 0.8502 | Local 0.1192 | F1_macro 0.6459 | WorstLoss 2.1160
[Tracker] Ep 2035 | AvgR 0.0005 | Global 0.9018 | Local 0.1192 | F1_macro 0.6479 | WorstLoss 1.9553
[Tracker] Saved snapshot: ep2035_phase1_class1
[Tracker] Ep 2036 | AvgR 0.0005 | Global 0.9184 | Local 0.1192 | F1_macro 0.6619 | WorstLoss 1.8877
[Tracker] Ep 2037 | AvgR 0.0004 | Global 0.8648 | Local 0.1192 | F1_macro 0.6400 | WorstLoss 2.0759
[Tracker] Ep 2038 | AvgR 0.0004 | Global 0.8247 | Local 0.1192 | F1_macro 0.6632 | WorstLoss 2.1784
[Tracker] Ep 2039 | AvgR 0.0004 | Global 0.8936 | Local 0.1192 | F1_macro 0.6692 | WorstLoss 1.9853
[Tracker] Ep 2040 | AvgR 0.0004 | Global 0.8535 | Local 0.1192 | F1_macro 0.6568 | WorstLoss 2.1072
[Tracker] Saved snapshot: ep2040_phase1_class1
[Tracker] Ep 2041 | AvgR 0.0005 | Global 0.9076 | Local 0.1192 | F1_macro 0.6593 | WorstLoss 1.9330
[Tracker] Ep 2042 | AvgR 0.0005 | Global 0.9338 | Local 0.1192 | F1_macro 0.6582 | WorstLoss 1.8126
[Tracker] Ep 2043 | AvgR 0.0004 | Global 0.8317 | Local 0.1192 | F1_macro 0.6631 | WorstLoss 2.1621
[Tracker] Ep 2044 | AvgR 0.0005 | Global 0.9333 | Local 0.1192 | F1_macro 0.6614 | WorstLoss 1.8151
[Tracker] Ep 2045 | AvgR 0.0005 | Global 0.9372 | Local 0.1192 | F1_macro 0.6490 | WorstLoss 1.7939
[Tracker] Saved snapshot: ep2045_phase1_class1
[Tracker] Ep 2046 | AvgR 0.0004 | Global 0.8961 | Local 0.1192 | F1_macro 0.6710 | WorstLoss 1.9762
[Tracker] Ep 2047 | AvgR 0.0004 | Global 0.8957 | Local 0.1192 | F1_macro 0.6478 | WorstLoss 1.9778
[Tracker] Ep 2048 | AvgR 0.0005 | Global 0.9124 | Local 0.1192 | F1_macro 0.6602 | WorstLoss 1.9137
[Tracker] Ep 2049 | AvgR 0.0005 | Global 0.9070 | Local 0.1192 | F1_macro 0.6551 | WorstLoss 1.9355
[Tracker] Ep 2050 | AvgR 0.0004 | Global 0.8739 | Local 0.1192 | F1_macro 0.6439 | WorstLoss 2.0492
[Tracker] Saved snapshot: ep2050_phase1_class1
[Tracker] Ep 2051 | AvgR 0.0004 | Global 0.8734 | Local 0.1192 | F1_macro 0.6611 | WorstLoss 2.0507
[Tracker] Ep 2052 | AvgR 0.0004 | Global 0.8983 | Local 0.1192 | F1_macro 0.6575 | WorstLoss 1.9684
[Tracker] Ep 2053 | AvgR 0.0004 | Global 0.8831 | Local 0.1192 | F1_macro 0.6541 | WorstLoss 2.0205
[Tracker] Ep 2054 | AvgR 0.0004 | Global 0.8234 | Local 0.1192 | F1_macro 0.6512 | WorstLoss 2.1813
[Tracker] Ep 2055 | AvgR 0.0005 | Global 0.9128 | Local 0.1192 | F1_macro 0.6662 | WorstLoss 1.9119
[Tracker] Saved snapshot: ep2055_phase1_class1
[Tracker] Ep 2056 | AvgR 0.0005 | Global 0.9268 | Local 0.1192 | F1_macro 0.6567 | WorstLoss 1.8483
[Tracker] Ep 2057 | AvgR 0.0005 | Global 0.9009 | Local 0.1192 | F1_macro 0.6501 | WorstLoss 1.9587
[Tracker] Ep 2058 | AvgR 0.0005 | Global 0.9036 | Local 0.1192 | F1_macro 0.6677 | WorstLoss 1.9488
[Tracker] Ep 2059 | AvgR 0.0004 | Global 0.8478 | Local 0.1192 | F1_macro 0.6599 | WorstLoss 2.1222
[Tracker] Ep 2060 | AvgR 0.0004 | Global 0.8980 | Local 0.1192 | F1_macro 0.6507 | WorstLoss 1.9694
[Tracker] Saved snapshot: ep2060_phase1_class1
[Tracker] Ep 2061 | AvgR 0.0005 | Global 0.9057 | Local 0.1192 | F1_macro 0.6561 | WorstLoss 1.9404
[Tracker] Ep 2062 | AvgR 0.0005 | Global 0.9343 | Local 0.1192 | F1_macro 0.6697 | WorstLoss 1.8097
[Tracker] Ep 2063 | AvgR 0.0005 | Global 0.9080 | Local 0.1192 | F1_macro 0.6514 | WorstLoss 1.9315
[Tracker] Ep 2064 | AvgR 0.0004 | Global 0.8951 | Local 0.1192 | F1_macro 0.6529 | WorstLoss 1.9798
[Tracker] Ep 2065 | AvgR 0.0004 | Global 0.7868 | Local 0.1192 | F1_macro 0.6518 | WorstLoss 2.2594
[Tracker] Saved snapshot: ep2065_phase1_class1
[Tracker] Ep 2066 | AvgR 0.0005 | Global 0.9112 | Local 0.1192 | F1_macro 0.6580 | WorstLoss 1.9184
[Tracker] Ep 2067 | AvgR 0.0004 | Global 0.8797 | Local 0.1192 | F1_macro 0.6591 | WorstLoss 2.0315
[Tracker] Ep 2068 | AvgR 0.0005 | Global 0.9180 | Local 0.1192 | F1_macro 0.6665 | WorstLoss 1.8894
[Tracker] Ep 2069 | AvgR 0.0004 | Global 0.8638 | Local 0.1192 | F1_macro 0.6566 | WorstLoss 2.0789
[Tracker] Ep 2070 | AvgR 0.0004 | Global 0.8853 | Local 0.1192 | F1_macro 0.6625 | WorstLoss 2.0132
[Tracker] Saved snapshot: ep2070_phase1_class1
[Tracker] Ep 2071 | AvgR 0.0004 | Global 0.8987 | Local 0.1192 | F1_macro 0.6604 | WorstLoss 1.9669
[Tracker] Ep 2072 | AvgR 0.0004 | Global 0.8443 | Local 0.1192 | F1_macro 0.6511 | WorstLoss 2.1311
[Tracker] Ep 2073 | AvgR 0.0004 | Global 0.8757 | Local 0.1192 | F1_macro 0.6621 | WorstLoss 2.0437
[Tracker] Ep 2074 | AvgR 0.0005 | Global 0.9206 | Local 0.1192 | F1_macro 0.6634 | WorstLoss 1.8779
[Tracker] Ep 2075 | AvgR 0.0004 | Global 0.8710 | Local 0.1192 | F1_macro 0.6589 | WorstLoss 2.0581
[Tracker] Saved snapshot: ep2075_phase1_class1
[Tracker] Ep 2076 | AvgR 0.0005 | Global 0.9192 | Local 0.1192 | F1_macro 0.6572 | WorstLoss 1.8841
[Tracker] Ep 2077 | AvgR 0.0005 | Global 0.9041 | Local 0.1192 | F1_macro 0.6559 | WorstLoss 1.9468
[Tracker] Ep 2078 | AvgR 0.0004 | Global 0.8945 | Local 0.1192 | F1_macro 0.6643 | WorstLoss 1.9821
[Tracker] Ep 2079 | AvgR 0.0004 | Global 0.8536 | Local 0.1192 | F1_macro 0.6517 | WorstLoss 2.1068
[Tracker] Ep 2080 | AvgR 0.0004 | Global 0.8661 | Local 0.1192 | F1_macro 0.6517 | WorstLoss 2.0724
[Tracker] Saved snapshot: ep2080_phase1_class1
[Tracker] Ep 2081 | AvgR 0.0004 | Global 0.8477 | Local 0.1192 | F1_macro 0.6577 | WorstLoss 2.1224
[Tracker] Ep 2082 | AvgR 0.0004 | Global 0.8410 | Local 0.1192 | F1_macro 0.6627 | WorstLoss 2.1394
[Tracker] Ep 2083 | AvgR 0.0004 | Global 0.8787 | Local 0.1192 | F1_macro 0.6697 | WorstLoss 2.0347
[Tracker] Ep 2084 | AvgR 0.0004 | Global 0.8392 | Local 0.1192 | F1_macro 0.6601 | WorstLoss 2.1438
[Tracker] Ep 2085 | AvgR 0.0004 | Global 0.8966 | Local 0.1192 | F1_macro 0.6469 | WorstLoss 1.9745
[Tracker] Saved snapshot: ep2085_phase1_class1
[Tracker] Ep 2086 | AvgR 0.0004 | Global 0.8943 | Local 0.1192 | F1_macro 0.6638 | WorstLoss 1.9829
[Tracker] Ep 2087 | AvgR 0.0004 | Global 0.8784 | Local 0.1192 | F1_macro 0.6537 | WorstLoss 2.0354
[Tracker] Ep 2088 | AvgR 0.0005 | Global 0.9549 | Local 0.1192 | F1_macro 0.6689 | WorstLoss 1.6769
[Tracker] New BEST synthetic [phase1_class1] (by global.global_obj: 0.954909) saved.
[Tracker] BEST β weights [phase1_class1] saved -> training_runs/SPECcompas_v18k3_ep3000_gpu1_EP3000_PCA10_REWfairness_minID0_majID1_TRJ2000_REAL3000_BIAS0.05_GG202604111115_d5681707/seed_2/best_beta_state_dict_phase1_class1.pt
[Tracker] Ep 2089 | AvgR 0.0004 | Global 0.8754 | Local 0.1192 | F1_macro 0.6465 | WorstLoss 2.0446
[Tracker] Ep 2090 | AvgR 0.0004 | Global 0.8667 | Local 0.1192 | F1_macro 0.6539 | WorstLoss 2.0705
[Tracker] Saved snapshot: ep2090_phase1_class1
[Tracker] Ep 2091 | AvgR 0.0005 | Global 0.9270 | Local 0.1192 | F1_macro 0.6626 | WorstLoss 1.8473
[Tracker] Ep 2092 | AvgR 0.0005 | Global 0.9316 | Local 0.1192 | F1_macro 0.6533 | WorstLoss 1.8242
[Tracker] Ep 2093 | AvgR 0.0004 | Global 0.8710 | Local 0.1192 | F1_macro 0.6499 | WorstLoss 2.0579
[Tracker] Ep 2094 | AvgR 0.0004 | Global 0.8496 | Local 0.1192 | F1_macro 0.6453 | WorstLoss 2.1174
[Tracker] Ep 2095 | AvgR 0.0004 | Global 0.8883 | Local 0.1192 | F1_macro 0.6611 | WorstLoss 2.0034
[Tracker] Saved snapshot: ep2095_phase1_class1
[Tracker] Ep 2096 | AvgR 0.0004 | Global 0.8665 | Local 0.1192 | F1_macro 0.6714 | WorstLoss 2.0711
[Tracker] Ep 2097 | AvgR 0.0004 | Global 0.8047 | Local 0.1192 | F1_macro 0.6549 | WorstLoss 2.2225
[Tracker] Ep 2098 | AvgR 0.0005 | Global 0.9036 | Local 0.1192 | F1_macro 0.6651 | WorstLoss 1.9488
[Tracker] Ep 2099 | AvgR 0.0004 | Global 0.8733 | Local 0.1192 | F1_macro 0.6640 | WorstLoss 2.0512
[Tracker] Ep 2100 | AvgR 0.0005 | Global 0.9017 | Local 0.1192 | F1_macro 0.6702 | WorstLoss 1.9559
[Tracker] Saved snapshot: ep2100_phase1_class1
[Tracker] Ep 2101 | AvgR 0.0004 | Global 0.8575 | Local 0.1192 | F1_macro 0.6553 | WorstLoss 2.0963
[Tracker] Ep 2102 | AvgR 0.0004 | Global 0.7563 | Local 0.1192 | F1_macro 0.6436 | WorstLoss 2.3170
[Tracker] Ep 2103 | AvgR 0.0005 | Global 0.9352 | Local 0.1192 | F1_macro 0.6582 | WorstLoss 1.8049
[Tracker] Ep 2104 | AvgR 0.0004 | Global 0.8956 | Local 0.1192 | F1_macro 0.6480 | WorstLoss 1.9782
[Tracker] Ep 2105 | AvgR 0.0004 | Global 0.8672 | Local 0.1192 | F1_macro 0.6365 | WorstLoss 2.0690
[Tracker] Saved snapshot: ep2105_phase1_class1
[Tracker] Ep 2106 | AvgR 0.0004 | Global 0.8943 | Local 0.1192 | F1_macro 0.6628 | WorstLoss 1.9827
[Tracker] Ep 2107 | AvgR 0.0005 | Global 0.9051 | Local 0.1192 | F1_macro 0.6487 | WorstLoss 1.9430
[Tracker] Ep 2108 | AvgR 0.0005 | Global 0.9070 | Local 0.1192 | F1_macro 0.6586 | WorstLoss 1.9354
[Tracker] Ep 2109 | AvgR 0.0004 | Global 0.8733 | Local 0.1192 | F1_macro 0.6519 | WorstLoss 2.0511
[Tracker] Ep 2110 | AvgR 0.0004 | Global 0.8925 | Local 0.1192 | F1_macro 0.6636 | WorstLoss 1.9892
[Tracker] Saved snapshot: ep2110_phase1_class1
[Tracker] Ep 2111 | AvgR 0.0004 | Global 0.8884 | Local 0.1192 | F1_macro 0.6595 | WorstLoss 2.0030
[Tracker] Ep 2112 | AvgR 0.0005 | Global 0.9212 | Local 0.1192 | F1_macro 0.6640 | WorstLoss 1.8750
[Tracker] Ep 2113 | AvgR 0.0004 | Global 0.8852 | Local 0.1192 | F1_macro 0.6610 | WorstLoss 2.0137
[Tracker] Ep 2114 | AvgR 0.0004 | Global 0.8836 | Local 0.1192 | F1_macro 0.6591 | WorstLoss 2.0191
[Tracker] Ep 2115 | AvgR 0.0004 | Global 0.8499 | Local 0.1192 | F1_macro 0.6550 | WorstLoss 2.1168
[Tracker] Saved snapshot: ep2115_phase1_class1
[Tracker] Ep 2116 | AvgR 0.0004 | Global 0.8891 | Local 0.1192 | F1_macro 0.6569 | WorstLoss 2.0006
[Tracker] Ep 2117 | AvgR 0.0004 | Global 0.8923 | Local 0.1192 | F1_macro 0.6630 | WorstLoss 1.9899
[Tracker] Ep 2118 | AvgR 0.0004 | Global 0.8458 | Local 0.1192 | F1_macro 0.6459 | WorstLoss 2.1273
[Tracker] Ep 2119 | AvgR 0.0004 | Global 0.7980 | Local 0.1192 | F1_macro 0.6397 | WorstLoss 2.2366
[Tracker] Ep 2120 | AvgR 0.0005 | Global 0.9407 | Local 0.1192 | F1_macro 0.6601 | WorstLoss 1.7732
[Tracker] Saved snapshot: ep2120_phase1_class1
[Tracker] Ep 2121 | AvgR 0.0004 | Global 0.8886 | Local 0.1192 | F1_macro 0.6593 | WorstLoss 2.0024
[Tracker] Ep 2122 | AvgR 0.0004 | Global 0.8249 | Local 0.1192 | F1_macro 0.6554 | WorstLoss 2.1778
[Tracker] Ep 2123 | AvgR 0.0005 | Global 0.9010 | Local 0.1192 | F1_macro 0.6598 | WorstLoss 1.9585
[Tracker] Ep 2124 | AvgR 0.0004 | Global 0.8839 | Local 0.1192 | F1_macro 0.6552 | WorstLoss 2.0181
[Tracker] Ep 2125 | AvgR 0.0005 | Global 0.9365 | Local 0.1192 | F1_macro 0.6635 | WorstLoss 1.7977
[Tracker] Saved snapshot: ep2125_phase1_class1
[Tracker] Ep 2126 | AvgR 0.0004 | Global 0.8829 | Local 0.1192 | F1_macro 0.6512 | WorstLoss 2.0211
[Tracker] Ep 2127 | AvgR 0.0004 | Global 0.8295 | Local 0.1192 | F1_macro 0.6552 | WorstLoss 2.1671
[Tracker] Ep 2128 | AvgR 0.0005 | Global 0.9087 | Local 0.1192 | F1_macro 0.6502 | WorstLoss 1.9286
[Tracker] Ep 2129 | AvgR 0.0005 | Global 0.9468 | Local 0.1192 | F1_macro 0.6642 | WorstLoss 1.7352
[Tracker] Ep 2130 | AvgR 0.0005 | Global 0.9308 | Local 0.1192 | F1_macro 0.6756 | WorstLoss 1.8282
[Tracker] Saved snapshot: ep2130_phase1_class1
[Tracker] Ep 2131 | AvgR 0.0005 | Global 0.9380 | Local 0.1192 | F1_macro 0.6670 | WorstLoss 1.7890
[Tracker] Ep 2132 | AvgR 0.0004 | Global 0.8999 | Local 0.1192 | F1_macro 0.6649 | WorstLoss 1.9625
[Tracker] Ep 2133 | AvgR 0.0004 | Global 0.8495 | Local 0.1192 | F1_macro 0.6630 | WorstLoss 2.1177
[Tracker] Ep 2134 | AvgR 0.0005 | Global 0.9563 | Local 0.1192 | F1_macro 0.6628 | WorstLoss 1.6664
[Tracker] New BEST synthetic [phase1_class1] (by global.global_obj: 0.956257) saved.
[Tracker] BEST β weights [phase1_class1] saved -> training_runs/SPECcompas_v18k3_ep3000_gpu1_EP3000_PCA10_REWfairness_minID0_majID1_TRJ2000_REAL3000_BIAS0.05_GG202604111115_d5681707/seed_2/best_beta_state_dict_phase1_class1.pt
[Tracker] Ep 2135 | AvgR 0.0005 | Global 0.9100 | Local 0.1192 | F1_macro 0.6509 | WorstLoss 1.9235
[Tracker] Saved snapshot: ep2135_phase1_class1
[Tracker] Ep 2136 | AvgR 0.0005 | Global 0.9130 | Local 0.1192 | F1_macro 0.6502 | WorstLoss 1.9109
[Tracker] Ep 2137 | AvgR 0.0005 | Global 0.9007 | Local 0.1192 | F1_macro 0.6595 | WorstLoss 1.9596
[Tracker] Ep 2138 | AvgR 0.0004 | Global 0.8949 | Local 0.1192 | F1_macro 0.6702 | WorstLoss 1.9807
[Tracker] Ep 2139 | AvgR 0.0004 | Global 0.8503 | Local 0.1192 | F1_macro 0.6522 | WorstLoss 2.1157
[Tracker] Ep 2140 | AvgR 0.0005 | Global 0.9336 | Local 0.1192 | F1_macro 0.6694 | WorstLoss 1.8135
[Tracker] Saved snapshot: ep2140_phase1_class1
[Tracker] Ep 2141 | AvgR 0.0004 | Global 0.8768 | Local 0.1192 | F1_macro 0.6623 | WorstLoss 2.0403
[Tracker] Ep 2142 | AvgR 0.0004 | Global 0.8513 | Local 0.1192 | F1_macro 0.6573 | WorstLoss 2.1130
[Tracker] Ep 2143 | AvgR 0.0004 | Global 0.8245 | Local 0.1192 | F1_macro 0.6563 | WorstLoss 2.1790
[Tracker] Ep 2144 | AvgR 0.0004 | Global 0.8923 | Local 0.1192 | F1_macro 0.6478 | WorstLoss 1.9897
[Tracker] Ep 2145 | AvgR 0.0004 | Global 0.8933 | Local 0.1192 | F1_macro 0.6503 | WorstLoss 1.9865
[Tracker] Saved snapshot: ep2145_phase1_class1
[Tracker] Ep 2146 | AvgR 0.0004 | Global 0.8633 | Local 0.1192 | F1_macro 0.6565 | WorstLoss 2.0803
[Tracker] Ep 2147 | AvgR 0.0005 | Global 0.9453 | Local 0.1192 | F1_macro 0.6637 | WorstLoss 1.7448
[Tracker] Ep 2148 | AvgR 0.0005 | Global 0.9396 | Local 0.1192 | F1_macro 0.6646 | WorstLoss 1.7795
[Tracker] Ep 2149 | AvgR 0.0004 | Global 0.8266 | Local 0.1192 | F1_macro 0.6529 | WorstLoss 2.1739
[Tracker] Ep 2150 | AvgR 0.0005 | Global 0.9129 | Local 0.1192 | F1_macro 0.6496 | WorstLoss 1.9113
[Tracker] Saved snapshot: ep2150_phase1_class1
[Tracker] Ep 2151 | AvgR 0.0005 | Global 0.9091 | Local 0.1192 | F1_macro 0.6682 | WorstLoss 1.9269
[Tracker] Ep 2152 | AvgR 0.0005 | Global 0.9080 | Local 0.1192 | F1_macro 0.6726 | WorstLoss 1.9315
[Tracker] Ep 2153 | AvgR 0.0004 | Global 0.7897 | Local 0.1192 | F1_macro 0.6580 | WorstLoss 2.2535
[Tracker] Ep 2154 | AvgR 0.0004 | Global 0.8558 | Local 0.1192 | F1_macro 0.6497 | WorstLoss 2.1010
[Tracker] Ep 2155 | AvgR 0.0005 | Global 0.9072 | Local 0.1192 | F1_macro 0.6600 | WorstLoss 1.9347
[Tracker] Saved snapshot: ep2155_phase1_class1
[Tracker] Ep 2156 | AvgR 0.0004 | Global 0.8939 | Local 0.1192 | F1_macro 0.6534 | WorstLoss 1.9844
[Tracker] Ep 2157 | AvgR 0.0005 | Global 0.9385 | Local 0.1192 | F1_macro 0.6686 | WorstLoss 1.7863
[Tracker] Ep 2158 | AvgR 0.0004 | Global 0.8652 | Local 0.1192 | F1_macro 0.6654 | WorstLoss 2.0750
[Tracker] Ep 2159 | AvgR 0.0005 | Global 0.9314 | Local 0.1192 | F1_macro 0.6609 | WorstLoss 1.8250
[Tracker] Ep 2160 | AvgR 0.0004 | Global 0.8211 | Local 0.1192 | F1_macro 0.6521 | WorstLoss 2.1867
[Tracker] Saved snapshot: ep2160_phase1_class1
[Tracker] Ep 2161 | AvgR 0.0004 | Global 0.8618 | Local 0.1192 | F1_macro 0.6611 | WorstLoss 2.0844
[Tracker] Ep 2162 | AvgR 0.0005 | Global 0.9162 | Local 0.1192 | F1_macro 0.6730 | WorstLoss 1.8975
[Tracker] Ep 2163 | AvgR 0.0004 | Global 0.8898 | Local 0.1192 | F1_macro 0.6604 | WorstLoss 1.9985
[Tracker] Ep 2164 | AvgR 0.0004 | Global 0.8827 | Local 0.1192 | F1_macro 0.6566 | WorstLoss 2.0219
[Tracker] Ep 2165 | AvgR 0.0004 | Global 0.8602 | Local 0.1192 | F1_macro 0.6510 | WorstLoss 2.0888
[Tracker] Saved snapshot: ep2165_phase1_class1
[Tracker] Ep 2166 | AvgR 0.0004 | Global 0.8760 | Local 0.1192 | F1_macro 0.6591 | WorstLoss 2.0429
[Tracker] Ep 2167 | AvgR 0.0004 | Global 0.8955 | Local 0.1192 | F1_macro 0.6497 | WorstLoss 1.9785
[Tracker] Ep 2168 | AvgR 0.0005 | Global 0.9053 | Local 0.1192 | F1_macro 0.6476 | WorstLoss 1.9420
[Tracker] Ep 2169 | AvgR 0.0004 | Global 0.8938 | Local 0.1192 | F1_macro 0.6581 | WorstLoss 1.9845
[Tracker] Ep 2170 | AvgR 0.0004 | Global 0.8975 | Local 0.1192 | F1_macro 0.6502 | WorstLoss 1.9713
[Tracker] Saved snapshot: ep2170_phase1_class1
[Tracker] Ep 2171 | AvgR 0.0004 | Global 0.8977 | Local 0.1192 | F1_macro 0.6574 | WorstLoss 1.9705
[Tracker] Ep 2172 | AvgR 0.0005 | Global 0.9130 | Local 0.1192 | F1_macro 0.6575 | WorstLoss 1.9111
[Tracker] Ep 2173 | AvgR 0.0004 | Global 0.8659 | Local 0.1192 | F1_macro 0.6562 | WorstLoss 2.0728
[Tracker] Ep 2174 | AvgR 0.0005 | Global 0.9032 | Local 0.1192 | F1_macro 0.6511 | WorstLoss 1.9502
[Tracker] Ep 2175 | AvgR 0.0005 | Global 0.9278 | Local 0.1192 | F1_macro 0.6692 | WorstLoss 1.8433
[Tracker] Saved snapshot: ep2175_phase1_class1
[Tracker] Ep 2176 | AvgR 0.0004 | Global 0.8601 | Local 0.1192 | F1_macro 0.6494 | WorstLoss 2.0891
[Tracker] Ep 2177 | AvgR 0.0005 | Global 0.9189 | Local 0.1192 | F1_macro 0.6709 | WorstLoss 1.8854
[Tracker] Ep 2178 | AvgR 0.0004 | Global 0.8928 | Local 0.1192 | F1_macro 0.6495 | WorstLoss 1.9879
[Tracker] Ep 2179 | AvgR 0.0004 | Global 0.8415 | Local 0.1192 | F1_macro 0.6608 | WorstLoss 2.1382
[Tracker] Ep 2180 | AvgR 0.0005 | Global 0.9134 | Local 0.1192 | F1_macro 0.6653 | WorstLoss 1.9092
[Tracker] Saved snapshot: ep2180_phase1_class1
[Tracker] Ep 2181 | AvgR 0.0005 | Global 0.9093 | Local 0.1192 | F1_macro 0.6668 | WorstLoss 1.9262
[Tracker] Ep 2182 | AvgR 0.0005 | Global 0.9100 | Local 0.1192 | F1_macro 0.6591 | WorstLoss 1.9233
[Tracker] Ep 2183 | AvgR 0.0005 | Global 0.9272 | Local 0.1192 | F1_macro 0.6521 | WorstLoss 1.8463
[Tracker] Ep 2184 | AvgR 0.0005 | Global 0.9540 | Local 0.1192 | F1_macro 0.6786 | WorstLoss 1.6842
[Tracker] Ep 2185 | AvgR 0.0004 | Global 0.8632 | Local 0.1192 | F1_macro 0.6667 | WorstLoss 2.0804
[Tracker] Saved snapshot: ep2185_phase1_class1
[Tracker] Ep 2186 | AvgR 0.0005 | Global 0.9088 | Local 0.1192 | F1_macro 0.6555 | WorstLoss 1.9283
[Tracker] Ep 2187 | AvgR 0.0005 | Global 0.9136 | Local 0.1192 | F1_macro 0.6584 | WorstLoss 1.9083
[Tracker] Ep 2188 | AvgR 0.0004 | Global 0.8666 | Local 0.1192 | F1_macro 0.6604 | WorstLoss 2.0708
[Tracker] Ep 2189 | AvgR 0.0005 | Global 0.9278 | Local 0.1192 | F1_macro 0.6655 | WorstLoss 1.8437
[Tracker] Ep 2190 | AvgR 0.0004 | Global 0.8373 | Local 0.1192 | F1_macro 0.6726 | WorstLoss 2.1486
[Tracker] Saved snapshot: ep2190_phase1_class1
[Tracker] Ep 2191 | AvgR 0.0004 | Global 0.8408 | Local 0.1192 | F1_macro 0.6495 | WorstLoss 2.1399
[Tracker] Ep 2192 | AvgR 0.0005 | Global 0.9071 | Local 0.1192 | F1_macro 0.6644 | WorstLoss 1.9350
[Tracker] Ep 2193 | AvgR 0.0005 | Global 0.9396 | Local 0.1192 | F1_macro 0.6700 | WorstLoss 1.7797
[Tracker] Ep 2194 | AvgR 0.0005 | Global 0.9148 | Local 0.1192 | F1_macro 0.6576 | WorstLoss 1.9032
[Tracker] Ep 2195 | AvgR 0.0004 | Global 0.8976 | Local 0.1192 | F1_macro 0.6699 | WorstLoss 1.9709
[Tracker] Saved snapshot: ep2195_phase1_class1
[Tracker] Ep 2196 | AvgR 0.0004 | Global 0.8967 | Local 0.1192 | F1_macro 0.6442 | WorstLoss 1.9743
[Tracker] Ep 2197 | AvgR 0.0004 | Global 0.8595 | Local 0.1192 | F1_macro 0.6587 | WorstLoss 2.0909
[Tracker] Ep 2198 | AvgR 0.0004 | Global 0.8760 | Local 0.1192 | F1_macro 0.6597 | WorstLoss 2.0428
[Tracker] Ep 2199 | AvgR 0.0005 | Global 0.9035 | Local 0.1192 | F1_macro 0.6604 | WorstLoss 1.9491
[Tracker] Ep 2200 | AvgR 0.0005 | Global 0.9008 | Local 0.1192 | F1_macro 0.6693 | WorstLoss 1.9592
[Tracker] Saved snapshot: ep2200_phase1_class1
[Tracker] Ep 2201 | AvgR 0.0005 | Global 0.9167 | Local 0.1192 | F1_macro 0.6703 | WorstLoss 1.8950
[Tracker] Ep 2202 | AvgR 0.0005 | Global 0.9449 | Local 0.1192 | F1_macro 0.6442 | WorstLoss 1.7475
[Tracker] Ep 2203 | AvgR 0.0004 | Global 0.8640 | Local 0.1192 | F1_macro 0.6549 | WorstLoss 2.0783
[Tracker] Ep 2204 | AvgR 0.0004 | Global 0.8495 | Local 0.1192 | F1_macro 0.6513 | WorstLoss 2.1176
[Tracker] Ep 2205 | AvgR 0.0005 | Global 0.9291 | Local 0.1192 | F1_macro 0.6550 | WorstLoss 1.8368
[Tracker] Saved snapshot: ep2205_phase1_class1
[Tracker] Ep 2206 | AvgR 0.0005 | Global 0.9468 | Local 0.1192 | F1_macro 0.6744 | WorstLoss 1.7347
[Tracker] Ep 2207 | AvgR 0.0004 | Global 0.8923 | Local 0.1192 | F1_macro 0.6600 | WorstLoss 1.9897
[Tracker] Ep 2208 | AvgR 0.0004 | Global 0.8959 | Local 0.1192 | F1_macro 0.6680 | WorstLoss 1.9772
[Tracker] Ep 2209 | AvgR 0.0005 | Global 0.9196 | Local 0.1192 | F1_macro 0.6600 | WorstLoss 1.8823
[Tracker] Ep 2210 | AvgR 0.0004 | Global 0.8286 | Local 0.1192 | F1_macro 0.6628 | WorstLoss 2.1694
[Tracker] Saved snapshot: ep2210_phase1_class1
[Tracker] Ep 2211 | AvgR 0.0005 | Global 0.9098 | Local 0.1192 | F1_macro 0.6550 | WorstLoss 1.9243
[Tracker] Ep 2212 | AvgR 0.0005 | Global 0.9276 | Local 0.1192 | F1_macro 0.6518 | WorstLoss 1.8447
[Tracker] Ep 2213 | AvgR 0.0004 | Global 0.8782 | Local 0.1192 | F1_macro 0.6565 | WorstLoss 2.0362
[Tracker] Ep 2214 | AvgR 0.0005 | Global 0.9066 | Local 0.1192 | F1_macro 0.6575 | WorstLoss 1.9370
[Tracker] Ep 2215 | AvgR 0.0004 | Global 0.8303 | Local 0.1192 | F1_macro 0.6560 | WorstLoss 2.1653
[Tracker] Saved snapshot: ep2215_phase1_class1
[Tracker] Ep 2216 | AvgR 0.0005 | Global 0.9224 | Local 0.1192 | F1_macro 0.6594 | WorstLoss 1.8695
[Tracker] Ep 2217 | AvgR 0.0004 | Global 0.8943 | Local 0.1192 | F1_macro 0.6791 | WorstLoss 1.9827
[Tracker] Ep 2218 | AvgR 0.0004 | Global 0.8776 | Local 0.1192 | F1_macro 0.6588 | WorstLoss 2.0380
[Tracker] Ep 2219 | AvgR 0.0005 | Global 0.9263 | Local 0.1192 | F1_macro 0.6467 | WorstLoss 1.8507
[Tracker] Ep 2220 | AvgR 0.0004 | Global 0.8738 | Local 0.1192 | F1_macro 0.6498 | WorstLoss 2.0496
[Tracker] Saved snapshot: ep2220_phase1_class1
[Tracker] Ep 2221 | AvgR 0.0004 | Global 0.8973 | Local 0.1192 | F1_macro 0.6515 | WorstLoss 1.9720
[Tracker] Ep 2222 | AvgR 0.0004 | Global 0.8618 | Local 0.1192 | F1_macro 0.6605 | WorstLoss 2.0844
[Tracker] Ep 2223 | AvgR 0.0004 | Global 0.8519 | Local 0.1192 | F1_macro 0.6445 | WorstLoss 2.1113
[Tracker] Ep 2224 | AvgR 0.0005 | Global 0.9201 | Local 0.1192 | F1_macro 0.6702 | WorstLoss 1.8802
[Tracker] Ep 2225 | AvgR 0.0005 | Global 0.9123 | Local 0.1192 | F1_macro 0.6637 | WorstLoss 1.9139
[Tracker] Saved snapshot: ep2225_phase1_class1
[Tracker] Ep 2226 | AvgR 0.0004 | Global 0.8823 | Local 0.1192 | F1_macro 0.6559 | WorstLoss 2.0231
[Tracker] Ep 2227 | AvgR 0.0004 | Global 0.8401 | Local 0.1192 | F1_macro 0.6527 | WorstLoss 2.1416
[Tracker] Ep 2228 | AvgR 0.0005 | Global 0.9094 | Local 0.1192 | F1_macro 0.6656 | WorstLoss 1.9256
[Tracker] Ep 2229 | AvgR 0.0005 | Global 0.9240 | Local 0.1192 | F1_macro 0.6684 | WorstLoss 1.8619
[Tracker] Ep 2230 | AvgR 0.0005 | Global 0.9373 | Local 0.1192 | F1_macro 0.6572 | WorstLoss 1.7931
[Tracker] Saved snapshot: ep2230_phase1_class1
[Tracker] Ep 2231 | AvgR 0.0005 | Global 0.9228 | Local 0.1192 | F1_macro 0.6610 | WorstLoss 1.8674
[Tracker] Ep 2232 | AvgR 0.0004 | Global 0.8793 | Local 0.1192 | F1_macro 0.6369 | WorstLoss 2.0326
[Tracker] Ep 2233 | AvgR 0.0004 | Global 0.8647 | Local 0.1192 | F1_macro 0.6444 | WorstLoss 2.0763
[Tracker] Ep 2234 | AvgR 0.0005 | Global 0.9063 | Local 0.1192 | F1_macro 0.6602 | WorstLoss 1.9382
[Tracker] Ep 2235 | AvgR 0.0004 | Global 0.8622 | Local 0.1192 | F1_macro 0.6544 | WorstLoss 2.0835
[Tracker] Saved snapshot: ep2235_phase1_class1
[Tracker] Ep 2236 | AvgR 0.0004 | Global 0.8719 | Local 0.1192 | F1_macro 0.6473 | WorstLoss 2.0554
[Tracker] Ep 2237 | AvgR 0.0004 | Global 0.8794 | Local 0.1192 | F1_macro 0.6510 | WorstLoss 2.0324
[Tracker] Ep 2238 | AvgR 0.0004 | Global 0.8450 | Local 0.1192 | F1_macro 0.6622 | WorstLoss 2.1293
[Tracker] Ep 2239 | AvgR 0.0004 | Global 0.8673 | Local 0.1192 | F1_macro 0.6479 | WorstLoss 2.0687
[Tracker] Ep 2240 | AvgR 0.0004 | Global 0.8687 | Local 0.1192 | F1_macro 0.6660 | WorstLoss 2.0646
[Tracker] Saved snapshot: ep2240_phase1_class1
[Tracker] Ep 2241 | AvgR 0.0004 | Global 0.8688 | Local 0.1192 | F1_macro 0.6576 | WorstLoss 2.0645
[Tracker] Ep 2242 | AvgR 0.0004 | Global 0.8684 | Local 0.1192 | F1_macro 0.6658 | WorstLoss 2.0656
[Tracker] Ep 2243 | AvgR 0.0004 | Global 0.8766 | Local 0.1192 | F1_macro 0.6498 | WorstLoss 2.0411
[Tracker] Ep 2244 | AvgR 0.0005 | Global 0.9012 | Local 0.1192 | F1_macro 0.6540 | WorstLoss 1.9576
[Tracker] Ep 2245 | AvgR 0.0004 | Global 0.8267 | Local 0.1192 | F1_macro 0.6535 | WorstLoss 2.1738
[Tracker] Saved snapshot: ep2245_phase1_class1
[Tracker] Ep 2246 | AvgR 0.0004 | Global 0.8362 | Local 0.1192 | F1_macro 0.6551 | WorstLoss 2.1512
[Tracker] Ep 2247 | AvgR 0.0005 | Global 0.9190 | Local 0.1192 | F1_macro 0.6558 | WorstLoss 1.8849
[Tracker] Ep 2248 | AvgR 0.0004 | Global 0.8466 | Local 0.1192 | F1_macro 0.6623 | WorstLoss 2.1253
[Tracker] Ep 2249 | AvgR 0.0005 | Global 0.9126 | Local 0.1192 | F1_macro 0.6590 | WorstLoss 1.9126
[Tracker] Ep 2250 | AvgR 0.0004 | Global 0.8589 | Local 0.1192 | F1_macro 0.6632 | WorstLoss 2.0925
[Tracker] Saved snapshot: ep2250_phase1_class1
[Tracker] Ep 2251 | AvgR 0.0004 | Global 0.8867 | Local 0.1192 | F1_macro 0.6406 | WorstLoss 2.0086
[Tracker] Ep 2252 | AvgR 0.0005 | Global 0.9135 | Local 0.1192 | F1_macro 0.6691 | WorstLoss 1.9090
[Tracker] Ep 2253 | AvgR 0.0004 | Global 0.8940 | Local 0.1192 | F1_macro 0.6692 | WorstLoss 1.9838
[Tracker] Ep 2254 | AvgR 0.0004 | Global 0.8530 | Local 0.1192 | F1_macro 0.6671 | WorstLoss 2.1085
[Tracker] Ep 2255 | AvgR 0.0004 | Global 0.8920 | Local 0.1192 | F1_macro 0.6681 | WorstLoss 1.9907
[Tracker] Saved snapshot: ep2255_phase1_class1
[Tracker] Ep 2256 | AvgR 0.0005 | Global 0.9257 | Local 0.1192 | F1_macro 0.6695 | WorstLoss 1.8536
[Tracker] Ep 2257 | AvgR 0.0004 | Global 0.8949 | Local 0.1192 | F1_macro 0.6586 | WorstLoss 1.9806
[Tracker] Ep 2258 | AvgR 0.0005 | Global 0.9296 | Local 0.1192 | F1_macro 0.6688 | WorstLoss 1.8343
[Tracker] Ep 2259 | AvgR 0.0004 | Global 0.8732 | Local 0.1192 | F1_macro 0.6554 | WorstLoss 2.0516
[Tracker] Ep 2260 | AvgR 0.0004 | Global 0.8514 | Local 0.1192 | F1_macro 0.6556 | WorstLoss 2.1128
[Tracker] Saved snapshot: ep2260_phase1_class1
[Tracker] Ep 2261 | AvgR 0.0004 | Global 0.8202 | Local 0.1192 | F1_macro 0.6531 | WorstLoss 2.1886
[Tracker] Ep 2262 | AvgR 0.0004 | Global 0.8950 | Local 0.1192 | F1_macro 0.6695 | WorstLoss 1.9802
[Tracker] Ep 2263 | AvgR 0.0005 | Global 0.9285 | Local 0.1192 | F1_macro 0.6658 | WorstLoss 1.8398
[Tracker] Ep 2264 | AvgR 0.0005 | Global 0.9265 | Local 0.1192 | F1_macro 0.6554 | WorstLoss 1.8500
[Tracker] Ep 2265 | AvgR 0.0005 | Global 0.9219 | Local 0.1192 | F1_macro 0.6672 | WorstLoss 1.8718
[Tracker] Saved snapshot: ep2265_phase1_class1
[Tracker] Ep 2266 | AvgR 0.0005 | Global 0.9192 | Local 0.1192 | F1_macro 0.6663 | WorstLoss 1.8839
[Tracker] Ep 2267 | AvgR 0.0004 | Global 0.8272 | Local 0.1192 | F1_macro 0.6515 | WorstLoss 2.1727
[Tracker] Ep 2268 | AvgR 0.0004 | Global 0.8958 | Local 0.1192 | F1_macro 0.6507 | WorstLoss 1.9776
[Tracker] Ep 2269 | AvgR 0.0005 | Global 0.9029 | Local 0.1192 | F1_macro 0.6537 | WorstLoss 1.9512
[Tracker] Ep 2270 | AvgR 0.0005 | Global 0.9266 | Local 0.1192 | F1_macro 0.6640 | WorstLoss 1.8494
[Tracker] Saved snapshot: ep2270_phase1_class1
[Tracker] Ep 2271 | AvgR 0.0005 | Global 0.9193 | Local 0.1192 | F1_macro 0.6565 | WorstLoss 1.8838
[Tracker] Ep 2272 | AvgR 0.0004 | Global 0.8580 | Local 0.1192 | F1_macro 0.6593 | WorstLoss 2.0950
[Tracker] Ep 2273 | AvgR 0.0005 | Global 0.9377 | Local 0.1192 | F1_macro 0.6701 | WorstLoss 1.7907
[Tracker] Ep 2274 | AvgR 0.0004 | Global 0.8216 | Local 0.1192 | F1_macro 0.6631 | WorstLoss 2.1855
[Tracker] Ep 2275 | AvgR 0.0004 | Global 0.8592 | Local 0.1192 | F1_macro 0.6576 | WorstLoss 2.0918
[Tracker] Saved snapshot: ep2275_phase1_class1
[Tracker] Ep 2276 | AvgR 0.0005 | Global 0.9255 | Local 0.1192 | F1_macro 0.6626 | WorstLoss 1.8548
[Tracker] Ep 2277 | AvgR 0.0004 | Global 0.8080 | Local 0.1192 | F1_macro 0.6448 | WorstLoss 2.2155
[Tracker] Ep 2278 | AvgR 0.0005 | Global 0.9242 | Local 0.1192 | F1_macro 0.6732 | WorstLoss 1.8611
[Tracker] Ep 2279 | AvgR 0.0004 | Global 0.8774 | Local 0.1192 | F1_macro 0.6567 | WorstLoss 2.0387
[Tracker] Ep 2280 | AvgR 0.0005 | Global 0.9204 | Local 0.1192 | F1_macro 0.6664 | WorstLoss 1.8785
[Tracker] Saved snapshot: ep2280_phase1_class1
[Tracker] Ep 2281 | AvgR 0.0005 | Global 0.9214 | Local 0.1192 | F1_macro 0.6617 | WorstLoss 1.8740
[Tracker] Ep 2282 | AvgR 0.0004 | Global 0.8125 | Local 0.1192 | F1_macro 0.6524 | WorstLoss 2.2057
[Tracker] Ep 2283 | AvgR 0.0005 | Global 0.9231 | Local 0.1192 | F1_macro 0.6637 | WorstLoss 1.8660
[Tracker] Ep 2284 | AvgR 0.0005 | Global 0.9334 | Local 0.1192 | F1_macro 0.6621 | WorstLoss 1.8146
[Tracker] Ep 2285 | AvgR 0.0004 | Global 0.8937 | Local 0.1192 | F1_macro 0.6593 | WorstLoss 1.9850
[Tracker] Saved snapshot: ep2285_phase1_class1
[Tracker] Ep 2286 | AvgR 0.0005 | Global 0.9017 | Local 0.1192 | F1_macro 0.6515 | WorstLoss 1.9559
[Tracker] Ep 2287 | AvgR 0.0004 | Global 0.8862 | Local 0.1192 | F1_macro 0.6479 | WorstLoss 2.0105
[Tracker] Ep 2288 | AvgR 0.0005 | Global 0.9114 | Local 0.1192 | F1_macro 0.6574 | WorstLoss 1.9175
[Tracker] Ep 2289 | AvgR 0.0004 | Global 0.8411 | Local 0.1192 | F1_macro 0.6460 | WorstLoss 2.1391
[Tracker] Ep 2290 | AvgR 0.0005 | Global 0.9272 | Local 0.1192 | F1_macro 0.6651 | WorstLoss 1.8464
[Tracker] Saved snapshot: ep2290_phase1_class1
[Tracker] Ep 2291 | AvgR 0.0005 | Global 0.9379 | Local 0.1192 | F1_macro 0.6467 | WorstLoss 1.7894
[Tracker] Ep 2292 | AvgR 0.0004 | Global 0.8962 | Local 0.1192 | F1_macro 0.6658 | WorstLoss 1.9761
[Tracker] Ep 2293 | AvgR 0.0005 | Global 0.9269 | Local 0.1192 | F1_macro 0.6677 | WorstLoss 1.8480
[Tracker] Ep 2294 | AvgR 0.0004 | Global 0.8866 | Local 0.1192 | F1_macro 0.6690 | WorstLoss 2.0089
[Tracker] Ep 2295 | AvgR 0.0004 | Global 0.8948 | Local 0.1192 | F1_macro 0.6656 | WorstLoss 1.9809
[Tracker] Saved snapshot: ep2295_phase1_class1
[Tracker] Ep 2296 | AvgR 0.0005 | Global 0.9179 | Local 0.1192 | F1_macro 0.6642 | WorstLoss 1.8897
[Tracker] Ep 2297 | AvgR 0.0005 | Global 0.9224 | Local 0.1192 | F1_macro 0.6683 | WorstLoss 1.8692
[Tracker] Ep 2298 | AvgR 0.0005 | Global 0.9449 | Local 0.1192 | F1_macro 0.6655 | WorstLoss 1.7473
[Tracker] Ep 2299 | AvgR 0.0005 | Global 0.9318 | Local 0.1192 | F1_macro 0.6610 | WorstLoss 1.8232
[Tracker] Ep 2300 | AvgR 0.0005 | Global 0.9058 | Local 0.1192 | F1_macro 0.6560 | WorstLoss 1.9403
[Tracker] Saved snapshot: ep2300_phase1_class1
[Tracker] Ep 2301 | AvgR 0.0004 | Global 0.8743 | Local 0.1192 | F1_macro 0.6550 | WorstLoss 2.0481
[Tracker] Ep 2302 | AvgR 0.0004 | Global 0.8215 | Local 0.1192 | F1_macro 0.6607 | WorstLoss 2.1858
[Tracker] Ep 2303 | AvgR 0.0004 | Global 0.8685 | Local 0.1192 | F1_macro 0.6575 | WorstLoss 2.0654
[Tracker] Ep 2304 | AvgR 0.0005 | Global 0.9174 | Local 0.1192 | F1_macro 0.6639 | WorstLoss 1.8921
[Tracker] Ep 2305 | AvgR 0.0004 | Global 0.8834 | Local 0.1192 | F1_macro 0.6562 | WorstLoss 2.0195
[Tracker] Saved snapshot: ep2305_phase1_class1
[Tracker] Ep 2306 | AvgR 0.0004 | Global 0.8413 | Local 0.1192 | F1_macro 0.6644 | WorstLoss 2.1387
[Tracker] Ep 2307 | AvgR 0.0004 | Global 0.8949 | Local 0.1192 | F1_macro 0.6621 | WorstLoss 1.9806
[Tracker] Ep 2308 | AvgR 0.0005 | Global 0.9084 | Local 0.1192 | F1_macro 0.6636 | WorstLoss 1.9297
[Tracker] Ep 2309 | AvgR 0.0004 | Global 0.8976 | Local 0.1192 | F1_macro 0.6663 | WorstLoss 1.9708
[Tracker] Ep 2310 | AvgR 0.0005 | Global 0.9027 | Local 0.1192 | F1_macro 0.6604 | WorstLoss 1.9520
[Tracker] Saved snapshot: ep2310_phase1_class1
[Tracker] Ep 2311 | AvgR 0.0005 | Global 0.9001 | Local 0.1192 | F1_macro 0.6719 | WorstLoss 1.9617
[Tracker] Ep 2312 | AvgR 0.0005 | Global 0.9241 | Local 0.1192 | F1_macro 0.6627 | WorstLoss 1.8615
[Tracker] Ep 2313 | AvgR 0.0004 | Global 0.8086 | Local 0.1192 | F1_macro 0.6559 | WorstLoss 2.2142
[Tracker] Ep 2314 | AvgR 0.0004 | Global 0.8787 | Local 0.1192 | F1_macro 0.6455 | WorstLoss 2.0347
[Tracker] Ep 2315 | AvgR 0.0004 | Global 0.8516 | Local 0.1192 | F1_macro 0.6609 | WorstLoss 2.1123
[Tracker] Saved snapshot: ep2315_phase1_class1
[Tracker] Ep 2316 | AvgR 0.0004 | Global 0.8867 | Local 0.1192 | F1_macro 0.6619 | WorstLoss 2.0087
[Tracker] Ep 2317 | AvgR 0.0005 | Global 0.9146 | Local 0.1192 | F1_macro 0.6565 | WorstLoss 1.9042
[Tracker] Ep 2318 | AvgR 0.0005 | Global 0.9208 | Local 0.1192 | F1_macro 0.6589 | WorstLoss 1.8769
[Tracker] Ep 2319 | AvgR 0.0004 | Global 0.8218 | Local 0.1192 | F1_macro 0.6670 | WorstLoss 2.1852
[Tracker] Ep 2320 | AvgR 0.0004 | Global 0.8809 | Local 0.1192 | F1_macro 0.6559 | WorstLoss 2.0277
[Tracker] Saved snapshot: ep2320_phase1_class1
[Tracker] Ep 2321 | AvgR 0.0004 | Global 0.8726 | Local 0.1192 | F1_macro 0.6542 | WorstLoss 2.0532
[Tracker] Ep 2322 | AvgR 0.0004 | Global 0.8830 | Local 0.1192 | F1_macro 0.6606 | WorstLoss 2.0209
[Tracker] Ep 2323 | AvgR 0.0004 | Global 0.8714 | Local 0.1192 | F1_macro 0.6653 | WorstLoss 2.0567
[Tracker] Ep 2324 | AvgR 0.0004 | Global 0.7877 | Local 0.1192 | F1_macro 0.6549 | WorstLoss 2.2576
[Tracker] Ep 2325 | AvgR 0.0004 | Global 0.8554 | Local 0.1192 | F1_macro 0.6496 | WorstLoss 2.1021
[Tracker] Saved snapshot: ep2325_phase1_class1
[Tracker] Ep 2326 | AvgR 0.0004 | Global 0.8701 | Local 0.1192 | F1_macro 0.6647 | WorstLoss 2.0607
[Tracker] Ep 2327 | AvgR 0.0004 | Global 0.8560 | Local 0.1192 | F1_macro 0.6510 | WorstLoss 2.1004
[Tracker] Ep 2328 | AvgR 0.0005 | Global 0.9130 | Local 0.1192 | F1_macro 0.6641 | WorstLoss 1.9111
[Tracker] Ep 2329 | AvgR 0.0005 | Global 0.9313 | Local 0.1192 | F1_macro 0.6541 | WorstLoss 1.8259
[Tracker] Ep 2330 | AvgR 0.0004 | Global 0.8660 | Local 0.1192 | F1_macro 0.6590 | WorstLoss 2.0725
[Tracker] Saved snapshot: ep2330_phase1_class1
[Tracker] Ep 2331 | AvgR 0.0004 | Global 0.8700 | Local 0.1192 | F1_macro 0.6600 | WorstLoss 2.0610
[Tracker] Ep 2332 | AvgR 0.0004 | Global 0.8690 | Local 0.1192 | F1_macro 0.6630 | WorstLoss 2.0638
[Tracker] Ep 2333 | AvgR 0.0005 | Global 0.9088 | Local 0.1192 | F1_macro 0.6703 | WorstLoss 1.9280
[Tracker] Ep 2334 | AvgR 0.0005 | Global 0.9227 | Local 0.1192 | F1_macro 0.6629 | WorstLoss 1.8682
[Tracker] Ep 2335 | AvgR 0.0004 | Global 0.8678 | Local 0.1192 | F1_macro 0.6498 | WorstLoss 2.0672
[Tracker] Saved snapshot: ep2335_phase1_class1
[Tracker] Ep 2336 | AvgR 0.0005 | Global 0.9065 | Local 0.1192 | F1_macro 0.6606 | WorstLoss 1.9373
[Tracker] Ep 2337 | AvgR 0.0004 | Global 0.8630 | Local 0.1192 | F1_macro 0.6619 | WorstLoss 2.0812
[Tracker] Ep 2338 | AvgR 0.0005 | Global 0.9171 | Local 0.1192 | F1_macro 0.6691 | WorstLoss 1.8933
[Tracker] Ep 2339 | AvgR 0.0005 | Global 0.9130 | Local 0.1192 | F1_macro 0.6658 | WorstLoss 1.9110
[Tracker] Ep 2340 | AvgR 0.0004 | Global 0.8833 | Local 0.1192 | F1_macro 0.6689 | WorstLoss 2.0199
[Tracker] Saved snapshot: ep2340_phase1_class1
[Tracker] Ep 2341 | AvgR 0.0004 | Global 0.8748 | Local 0.1192 | F1_macro 0.6683 | WorstLoss 2.0465
[Tracker] Ep 2342 | AvgR 0.0004 | Global 0.8867 | Local 0.1192 | F1_macro 0.6625 | WorstLoss 2.0087
[Tracker] Ep 2343 | AvgR 0.0005 | Global 0.9317 | Local 0.1192 | F1_macro 0.6675 | WorstLoss 1.8235
[Tracker] Ep 2344 | AvgR 0.0004 | Global 0.8370 | Local 0.1192 | F1_macro 0.6650 | WorstLoss 2.1492
[Tracker] Ep 2345 | AvgR 0.0005 | Global 0.9306 | Local 0.1192 | F1_macro 0.6679 | WorstLoss 1.8294
[Tracker] Saved snapshot: ep2345_phase1_class1
[Tracker] Ep 2346 | AvgR 0.0005 | Global 0.9001 | Local 0.1192 | F1_macro 0.6540 | WorstLoss 1.9619
[Tracker] Ep 2347 | AvgR 0.0004 | Global 0.8869 | Local 0.1192 | F1_macro 0.6565 | WorstLoss 2.0082
[Tracker] Ep 2348 | AvgR 0.0005 | Global 0.9170 | Local 0.1192 | F1_macro 0.6658 | WorstLoss 1.8939
[Tracker] Ep 2349 | AvgR 0.0004 | Global 0.8225 | Local 0.1192 | F1_macro 0.6566 | WorstLoss 2.1834
[Tracker] Ep 2350 | AvgR 0.0005 | Global 0.9020 | Local 0.1192 | F1_macro 0.6616 | WorstLoss 1.9545
[Tracker] Saved snapshot: ep2350_phase1_class1
[Tracker] Ep 2351 | AvgR 0.0004 | Global 0.8389 | Local 0.1192 | F1_macro 0.6506 | WorstLoss 2.1445
[Tracker] Ep 2352 | AvgR 0.0004 | Global 0.8546 | Local 0.1192 | F1_macro 0.6593 | WorstLoss 2.1041
[Tracker] Ep 2353 | AvgR 0.0004 | Global 0.8813 | Local 0.1192 | F1_macro 0.6606 | WorstLoss 2.0264
[Tracker] Ep 2354 | AvgR 0.0004 | Global 0.8792 | Local 0.1192 | F1_macro 0.6565 | WorstLoss 2.0331
[Tracker] Ep 2355 | AvgR 0.0004 | Global 0.8345 | Local 0.1192 | F1_macro 0.6543 | WorstLoss 2.1553
[Tracker] Saved snapshot: ep2355_phase1_class1
[Tracker] Ep 2356 | AvgR 0.0004 | Global 0.8702 | Local 0.1192 | F1_macro 0.6359 | WorstLoss 2.0604
[Tracker] Ep 2357 | AvgR 0.0004 | Global 0.8751 | Local 0.1192 | F1_macro 0.6670 | WorstLoss 2.0458
[Tracker] Ep 2358 | AvgR 0.0005 | Global 0.9121 | Local 0.1192 | F1_macro 0.6560 | WorstLoss 1.9148
[Tracker] Ep 2359 | AvgR 0.0005 | Global 0.9028 | Local 0.1192 | F1_macro 0.6575 | WorstLoss 1.9516
[Tracker] Ep 2360 | AvgR 0.0004 | Global 0.8996 | Local 0.1192 | F1_macro 0.6658 | WorstLoss 1.9637
[Tracker] Saved snapshot: ep2360_phase1_class1
[Tracker] Ep 2361 | AvgR 0.0004 | Global 0.8824 | Local 0.1192 | F1_macro 0.6653 | WorstLoss 2.0227
[Tracker] Ep 2362 | AvgR 0.0005 | Global 0.9310 | Local 0.1192 | F1_macro 0.6674 | WorstLoss 1.8271
[Tracker] Ep 2363 | AvgR 0.0004 | Global 0.8739 | Local 0.1192 | F1_macro 0.6586 | WorstLoss 2.0493
[Tracker] Ep 2364 | AvgR 0.0004 | Global 0.8924 | Local 0.1192 | F1_macro 0.6672 | WorstLoss 1.9893
[Tracker] Ep 2365 | AvgR 0.0004 | Global 0.8413 | Local 0.1192 | F1_macro 0.6487 | WorstLoss 2.1386
[Tracker] Saved snapshot: ep2365_phase1_class1
[Tracker] Ep 2366 | AvgR 0.0004 | Global 0.8878 | Local 0.1192 | F1_macro 0.6664 | WorstLoss 2.0050
[Tracker] Ep 2367 | AvgR 0.0004 | Global 0.8936 | Local 0.1192 | F1_macro 0.6550 | WorstLoss 1.9852
[Tracker] Ep 2368 | AvgR 0.0005 | Global 0.9160 | Local 0.1192 | F1_macro 0.6599 | WorstLoss 1.8983
[Tracker] Ep 2369 | AvgR 0.0005 | Global 0.9098 | Local 0.1192 | F1_macro 0.6648 | WorstLoss 1.9241
[Tracker] Ep 2370 | AvgR 0.0004 | Global 0.8599 | Local 0.1192 | F1_macro 0.6563 | WorstLoss 2.0897
[Tracker] Saved snapshot: ep2370_phase1_class1
[Tracker] Ep 2371 | AvgR 0.0005 | Global 0.9036 | Local 0.1192 | F1_macro 0.6624 | WorstLoss 1.9487
[Tracker] Ep 2372 | AvgR 0.0005 | Global 0.9272 | Local 0.1192 | F1_macro 0.6584 | WorstLoss 1.8465
[Tracker] Ep 2373 | AvgR 0.0004 | Global 0.8946 | Local 0.1192 | F1_macro 0.6537 | WorstLoss 1.9816
[Tracker] Ep 2374 | AvgR 0.0005 | Global 0.9318 | Local 0.1192 | F1_macro 0.6604 | WorstLoss 1.8228
[Tracker] Ep 2375 | AvgR 0.0004 | Global 0.8958 | Local 0.1192 | F1_macro 0.6758 | WorstLoss 1.9776
[Tracker] Saved snapshot: ep2375_phase1_class1
[Tracker] Ep 2376 | AvgR 0.0005 | Global 0.9003 | Local 0.1192 | F1_macro 0.6569 | WorstLoss 1.9612
[Tracker] Ep 2377 | AvgR 0.0004 | Global 0.8454 | Local 0.1192 | F1_macro 0.6628 | WorstLoss 2.1283
[Tracker] Ep 2378 | AvgR 0.0005 | Global 0.9249 | Local 0.1192 | F1_macro 0.6696 | WorstLoss 1.8577
[Tracker] Ep 2379 | AvgR 0.0004 | Global 0.8935 | Local 0.1192 | F1_macro 0.6550 | WorstLoss 1.9855
[Tracker] Ep 2380 | AvgR 0.0004 | Global 0.8432 | Local 0.1192 | F1_macro 0.6498 | WorstLoss 2.1337
[Tracker] Saved snapshot: ep2380_phase1_class1
[Tracker] Ep 2381 | AvgR 0.0005 | Global 0.9239 | Local 0.1192 | F1_macro 0.6636 | WorstLoss 1.8624
[Tracker] Ep 2382 | AvgR 0.0004 | Global 0.8671 | Local 0.1192 | F1_macro 0.6664 | WorstLoss 2.0694
[Tracker] Ep 2383 | AvgR 0.0005 | Global 0.9206 | Local 0.1192 | F1_macro 0.6518 | WorstLoss 1.8777
[Tracker] Ep 2384 | AvgR 0.0004 | Global 0.8846 | Local 0.1192 | F1_macro 0.6549 | WorstLoss 2.0158
[Tracker] Ep 2385 | AvgR 0.0004 | Global 0.8738 | Local 0.1192 | F1_macro 0.6673 | WorstLoss 2.0496
[Tracker] Saved snapshot: ep2385_phase1_class1
[Tracker] Ep 2386 | AvgR 0.0005 | Global 0.9361 | Local 0.1192 | F1_macro 0.6589 | WorstLoss 1.7998
[Tracker] Ep 2387 | AvgR 0.0005 | Global 0.9345 | Local 0.1192 | F1_macro 0.6571 | WorstLoss 1.8088
[Tracker] Ep 2388 | AvgR 0.0005 | Global 0.9149 | Local 0.1192 | F1_macro 0.6609 | WorstLoss 1.9029
[Tracker] Ep 2389 | AvgR 0.0005 | Global 0.9197 | Local 0.1192 | F1_macro 0.6656 | WorstLoss 1.8817
[Tracker] Ep 2390 | AvgR 0.0004 | Global 0.8999 | Local 0.1192 | F1_macro 0.6515 | WorstLoss 1.9624
[Tracker] Saved snapshot: ep2390_phase1_class1
[Tracker] Ep 2391 | AvgR 0.0004 | Global 0.8788 | Local 0.1192 | F1_macro 0.6589 | WorstLoss 2.0341
[Tracker] Ep 2392 | AvgR 0.0005 | Global 0.9311 | Local 0.1192 | F1_macro 0.6680 | WorstLoss 1.8269
[Tracker] Ep 2393 | AvgR 0.0005 | Global 0.9071 | Local 0.1192 | F1_macro 0.6602 | WorstLoss 1.9348
[Tracker] Ep 2394 | AvgR 0.0005 | Global 0.9153 | Local 0.1192 | F1_macro 0.6654 | WorstLoss 1.9013
[Tracker] Ep 2395 | AvgR 0.0004 | Global 0.8546 | Local 0.1192 | F1_macro 0.6512 | WorstLoss 2.1041
[Tracker] Saved snapshot: ep2395_phase1_class1
[Tracker] Ep 2396 | AvgR 0.0004 | Global 0.8676 | Local 0.1192 | F1_macro 0.6639 | WorstLoss 2.0680
[Tracker] Ep 2397 | AvgR 0.0004 | Global 0.7963 | Local 0.1192 | F1_macro 0.6518 | WorstLoss 2.2401
[Tracker] Ep 2398 | AvgR 0.0004 | Global 0.8832 | Local 0.1192 | F1_macro 0.6528 | WorstLoss 2.0204
[Tracker] Ep 2399 | AvgR 0.0004 | Global 0.8761 | Local 0.1192 | F1_macro 0.6714 | WorstLoss 2.0426
[Tracker] Ep 2400 | AvgR 0.0004 | Global 0.8695 | Local 0.1192 | F1_macro 0.6597 | WorstLoss 2.0625
[Tracker] Saved snapshot: ep2400_phase1_class1
[Tracker] Ep 2401 | AvgR 0.0004 | Global 0.8448 | Local 0.1192 | F1_macro 0.6577 | WorstLoss 2.1297
[Tracker] Ep 2402 | AvgR 0.0005 | Global 0.9261 | Local 0.1192 | F1_macro 0.6426 | WorstLoss 1.8516
[Tracker] Ep 2403 | AvgR 0.0004 | Global 0.8988 | Local 0.1192 | F1_macro 0.6630 | WorstLoss 1.9666
[Tracker] Ep 2404 | AvgR 0.0005 | Global 0.9084 | Local 0.1192 | F1_macro 0.6566 | WorstLoss 1.9299
[Tracker] Ep 2405 | AvgR 0.0005 | Global 0.9039 | Local 0.1192 | F1_macro 0.6606 | WorstLoss 1.9477
[Tracker] Saved snapshot: ep2405_phase1_class1
[Tracker] Ep 2406 | AvgR 0.0005 | Global 0.9059 | Local 0.1192 | F1_macro 0.6663 | WorstLoss 1.9396
[Tracker] Ep 2407 | AvgR 0.0005 | Global 0.9100 | Local 0.1192 | F1_macro 0.6645 | WorstLoss 1.9232
[Tracker] Ep 2408 | AvgR 0.0004 | Global 0.8796 | Local 0.1192 | F1_macro 0.6560 | WorstLoss 2.0316
[Tracker] Ep 2409 | AvgR 0.0005 | Global 0.9045 | Local 0.1192 | F1_macro 0.6600 | WorstLoss 1.9450
[Tracker] Ep 2410 | AvgR 0.0005 | Global 0.9068 | Local 0.1192 | F1_macro 0.6620 | WorstLoss 1.9361
[Tracker] Saved snapshot: ep2410_phase1_class1
[Tracker] Ep 2411 | AvgR 0.0004 | Global 0.8765 | Local 0.1192 | F1_macro 0.6673 | WorstLoss 2.0412
[Tracker] Ep 2412 | AvgR 0.0004 | Global 0.8747 | Local 0.1192 | F1_macro 0.6393 | WorstLoss 2.0469
[Tracker] Ep 2413 | AvgR 0.0004 | Global 0.8817 | Local 0.1192 | F1_macro 0.6475 | WorstLoss 2.0251
[Tracker] Ep 2414 | AvgR 0.0005 | Global 0.9470 | Local 0.1192 | F1_macro 0.6659 | WorstLoss 1.7336
[Tracker] Ep 2415 | AvgR 0.0005 | Global 0.9098 | Local 0.1192 | F1_macro 0.6597 | WorstLoss 1.9243
[Tracker] Saved snapshot: ep2415_phase1_class1
[Tracker] Ep 2416 | AvgR 0.0005 | Global 0.9082 | Local 0.1192 | F1_macro 0.6639 | WorstLoss 1.9306
[Tracker] Ep 2417 | AvgR 0.0005 | Global 0.9308 | Local 0.1192 | F1_macro 0.6649 | WorstLoss 1.8284
[Tracker] Ep 2418 | AvgR 0.0005 | Global 0.9495 | Local 0.1192 | F1_macro 0.6639 | WorstLoss 1.7165
[Tracker] Ep 2419 | AvgR 0.0005 | Global 0.9333 | Local 0.1192 | F1_macro 0.6670 | WorstLoss 1.8151
[Tracker] Ep 2420 | AvgR 0.0004 | Global 0.8592 | Local 0.1192 | F1_macro 0.6472 | WorstLoss 2.0918
[Tracker] Saved snapshot: ep2420_phase1_class1
[Tracker] Ep 2421 | AvgR 0.0004 | Global 0.8701 | Local 0.1192 | F1_macro 0.6658 | WorstLoss 2.0607
[Tracker] Ep 2422 | AvgR 0.0005 | Global 0.9558 | Local 0.1192 | F1_macro 0.6725 | WorstLoss 1.6696
[Tracker] Ep 2423 | AvgR 0.0004 | Global 0.8723 | Local 0.1192 | F1_macro 0.6610 | WorstLoss 2.0541
[Tracker] Ep 2424 | AvgR 0.0005 | Global 0.9350 | Local 0.1192 | F1_macro 0.6652 | WorstLoss 1.8058
[Tracker] Ep 2425 | AvgR 0.0004 | Global 0.8588 | Local 0.1192 | F1_macro 0.6590 | WorstLoss 2.0929
[Tracker] Saved snapshot: ep2425_phase1_class1
[Tracker] Ep 2426 | AvgR 0.0005 | Global 0.9378 | Local 0.1192 | F1_macro 0.6688 | WorstLoss 1.7901
[Tracker] Ep 2427 | AvgR 0.0004 | Global 0.8599 | Local 0.1192 | F1_macro 0.6524 | WorstLoss 2.0898
[Tracker] Ep 2428 | AvgR 0.0004 | Global 0.8790 | Local 0.1192 | F1_macro 0.6591 | WorstLoss 2.0336
[Tracker] Ep 2429 | AvgR 0.0004 | Global 0.8699 | Local 0.1192 | F1_macro 0.6597 | WorstLoss 2.0613
[Tracker] Ep 2430 | AvgR 0.0004 | Global 0.8960 | Local 0.1192 | F1_macro 0.6673 | WorstLoss 1.9768
[Tracker] Saved snapshot: ep2430_phase1_class1
[Tracker] Ep 2431 | AvgR 0.0004 | Global 0.8929 | Local 0.1192 | F1_macro 0.6599 | WorstLoss 1.9878
[Tracker] Ep 2432 | AvgR 0.0005 | Global 0.9329 | Local 0.1192 | F1_macro 0.6569 | WorstLoss 1.8174
[Tracker] Ep 2433 | AvgR 0.0004 | Global 0.8927 | Local 0.1192 | F1_macro 0.6711 | WorstLoss 1.9883
[Tracker] Ep 2434 | AvgR 0.0004 | Global 0.8971 | Local 0.1192 | F1_macro 0.6528 | WorstLoss 1.9727
[Tracker] Ep 2435 | AvgR 0.0005 | Global 0.9163 | Local 0.1192 | F1_macro 0.6606 | WorstLoss 1.8970
[Tracker] Saved snapshot: ep2435_phase1_class1
[Tracker] Ep 2436 | AvgR 0.0004 | Global 0.8522 | Local 0.1192 | F1_macro 0.6486 | WorstLoss 2.1106
[Tracker] Ep 2437 | AvgR 0.0004 | Global 0.8384 | Local 0.1192 | F1_macro 0.6631 | WorstLoss 2.1457
[Tracker] Ep 2438 | AvgR 0.0005 | Global 0.9151 | Local 0.1192 | F1_macro 0.6604 | WorstLoss 1.9021
[Tracker] Ep 2439 | AvgR 0.0004 | Global 0.8929 | Local 0.1192 | F1_macro 0.6603 | WorstLoss 1.9876
[Tracker] Ep 2440 | AvgR 0.0005 | Global 0.9084 | Local 0.1192 | F1_macro 0.6640 | WorstLoss 1.9298
[Tracker] Saved snapshot: ep2440_phase1_class1
[Tracker] Ep 2441 | AvgR 0.0005 | Global 0.9287 | Local 0.1192 | F1_macro 0.6656 | WorstLoss 1.8392
[Tracker] Ep 2442 | AvgR 0.0005 | Global 0.9052 | Local 0.1192 | F1_macro 0.6593 | WorstLoss 1.9425
[Tracker] Ep 2443 | AvgR 0.0004 | Global 0.8849 | Local 0.1192 | F1_macro 0.6546 | WorstLoss 2.0146
[Tracker] Ep 2444 | AvgR 0.0005 | Global 0.9237 | Local 0.1192 | F1_macro 0.6546 | WorstLoss 1.8635
[Tracker] Ep 2445 | AvgR 0.0004 | Global 0.8890 | Local 0.1192 | F1_macro 0.6547 | WorstLoss 2.0012
[Tracker] Saved snapshot: ep2445_phase1_class1
[Tracker] Ep 2446 | AvgR 0.0004 | Global 0.8477 | Local 0.1192 | F1_macro 0.6621 | WorstLoss 2.1224
[Tracker] Ep 2447 | AvgR 0.0005 | Global 0.9250 | Local 0.1192 | F1_macro 0.6604 | WorstLoss 1.8570
[Tracker] Ep 2448 | AvgR 0.0005 | Global 0.9259 | Local 0.1192 | F1_macro 0.6517 | WorstLoss 1.8529
[Tracker] Ep 2449 | AvgR 0.0004 | Global 0.8789 | Local 0.1192 | F1_macro 0.6600 | WorstLoss 2.0339
[Tracker] Ep 2450 | AvgR 0.0005 | Global 0.9390 | Local 0.1192 | F1_macro 0.6556 | WorstLoss 1.7834
[Tracker] Saved snapshot: ep2450_phase1_class1
[Tracker] Ep 2451 | AvgR 0.0005 | Global 0.9037 | Local 0.1192 | F1_macro 0.6554 | WorstLoss 1.9483
[Tracker] Ep 2452 | AvgR 0.0005 | Global 0.9234 | Local 0.1192 | F1_macro 0.6667 | WorstLoss 1.8647
[Tracker] Ep 2453 | AvgR 0.0005 | Global 0.9092 | Local 0.1192 | F1_macro 0.6456 | WorstLoss 1.9264
[Tracker] Ep 2454 | AvgR 0.0004 | Global 0.8443 | Local 0.1192 | F1_macro 0.6579 | WorstLoss 2.1310
[Tracker] Ep 2455 | AvgR 0.0005 | Global 0.9443 | Local 0.1192 | F1_macro 0.6602 | WorstLoss 1.7512
[Tracker] Saved snapshot: ep2455_phase1_class1
[Tracker] Ep 2456 | AvgR 0.0005 | Global 0.9388 | Local 0.1192 | F1_macro 0.6634 | WorstLoss 1.7843
[Tracker] Ep 2457 | AvgR 0.0004 | Global 0.8884 | Local 0.1192 | F1_macro 0.6540 | WorstLoss 2.0030
[Tracker] Ep 2458 | AvgR 0.0005 | Global 0.9146 | Local 0.1192 | F1_macro 0.6482 | WorstLoss 1.9043
[Tracker] Ep 2459 | AvgR 0.0004 | Global 0.8940 | Local 0.1192 | F1_macro 0.6563 | WorstLoss 1.9839
[Tracker] Ep 2460 | AvgR 0.0005 | Global 0.9264 | Local 0.1192 | F1_macro 0.6556 | WorstLoss 1.8502
[Tracker] Saved snapshot: ep2460_phase1_class1
[Tracker] Ep 2461 | AvgR 0.0005 | Global 0.9284 | Local 0.1192 | F1_macro 0.6550 | WorstLoss 1.8403
[Tracker] Ep 2462 | AvgR 0.0005 | Global 0.9029 | Local 0.1192 | F1_macro 0.6584 | WorstLoss 1.9513
[Tracker] Ep 2463 | AvgR 0.0004 | Global 0.8028 | Local 0.1192 | F1_macro 0.6583 | WorstLoss 2.2267
[Tracker] Ep 2464 | AvgR 0.0004 | Global 0.8157 | Local 0.1192 | F1_macro 0.6444 | WorstLoss 2.1987
[Tracker] Ep 2465 | AvgR 0.0005 | Global 0.9395 | Local 0.1192 | F1_macro 0.6604 | WorstLoss 1.7803
[Tracker] Saved snapshot: ep2465_phase1_class1
[Tracker] Ep 2466 | AvgR 0.0004 | Global 0.8628 | Local 0.1192 | F1_macro 0.6545 | WorstLoss 2.0817
[Tracker] Ep 2467 | AvgR 0.0004 | Global 0.8619 | Local 0.1192 | F1_macro 0.6521 | WorstLoss 2.0842
[Tracker] Ep 2468 | AvgR 0.0005 | Global 0.9105 | Local 0.1192 | F1_macro 0.6636 | WorstLoss 1.9214
[Tracker] Ep 2469 | AvgR 0.0004 | Global 0.8692 | Local 0.1192 | F1_macro 0.6451 | WorstLoss 2.0633
[Tracker] Ep 2470 | AvgR 0.0004 | Global 0.8961 | Local 0.1192 | F1_macro 0.6565 | WorstLoss 1.9764
[Tracker] Saved snapshot: ep2470_phase1_class1
[Tracker] Ep 2471 | AvgR 0.0005 | Global 0.9364 | Local 0.1192 | F1_macro 0.6670 | WorstLoss 1.7979
[Tracker] Ep 2472 | AvgR 0.0005 | Global 0.9184 | Local 0.1192 | F1_macro 0.6680 | WorstLoss 1.8875
[Tracker] Ep 2473 | AvgR 0.0004 | Global 0.8994 | Local 0.1192 | F1_macro 0.6716 | WorstLoss 1.9645
[Tracker] Ep 2474 | AvgR 0.0005 | Global 0.9088 | Local 0.1192 | F1_macro 0.6505 | WorstLoss 1.9282
[Tracker] Ep 2475 | AvgR 0.0005 | Global 0.9417 | Local 0.1192 | F1_macro 0.6497 | WorstLoss 1.7671
[Tracker] Saved snapshot: ep2475_phase1_class1
[Tracker] Ep 2476 | AvgR 0.0004 | Global 0.7905 | Local 0.1192 | F1_macro 0.6335 | WorstLoss 2.2519
[Tracker] Ep 2477 | AvgR 0.0004 | Global 0.8554 | Local 0.1192 | F1_macro 0.6560 | WorstLoss 2.1021
[Tracker] Ep 2478 | AvgR 0.0005 | Global 0.9058 | Local 0.1192 | F1_macro 0.6576 | WorstLoss 1.9401
[Tracker] Ep 2479 | AvgR 0.0005 | Global 0.9223 | Local 0.1192 | F1_macro 0.6700 | WorstLoss 1.8699
[Tracker] Ep 2480 | AvgR 0.0005 | Global 0.9123 | Local 0.1192 | F1_macro 0.6658 | WorstLoss 1.9141
[Tracker] Saved snapshot: ep2480_phase1_class1
[Tracker] Ep 2481 | AvgR 0.0004 | Global 0.8818 | Local 0.1192 | F1_macro 0.6586 | WorstLoss 2.0246
[Tracker] Ep 2482 | AvgR 0.0004 | Global 0.8795 | Local 0.1192 | F1_macro 0.6683 | WorstLoss 2.0320
[Tracker] Ep 2483 | AvgR 0.0005 | Global 0.9315 | Local 0.1192 | F1_macro 0.6658 | WorstLoss 1.8244
[Tracker] Ep 2484 | AvgR 0.0004 | Global 0.8991 | Local 0.1192 | F1_macro 0.6610 | WorstLoss 1.9657
[Tracker] Ep 2485 | AvgR 0.0004 | Global 0.8772 | Local 0.1192 | F1_macro 0.6627 | WorstLoss 2.0392
[Tracker] Saved snapshot: ep2485_phase1_class1
[Tracker] Ep 2486 | AvgR 0.0004 | Global 0.8797 | Local 0.1192 | F1_macro 0.6523 | WorstLoss 2.0313
[Tracker] Ep 2487 | AvgR 0.0004 | Global 0.8379 | Local 0.1192 | F1_macro 0.6537 | WorstLoss 2.1471
[Tracker] Ep 2488 | AvgR 0.0005 | Global 0.9247 | Local 0.1192 | F1_macro 0.6608 | WorstLoss 1.8588
[Tracker] Ep 2489 | AvgR 0.0004 | Global 0.8993 | Local 0.1192 | F1_macro 0.6596 | WorstLoss 1.9649
[Tracker] Ep 2490 | AvgR 0.0005 | Global 0.9098 | Local 0.1192 | F1_macro 0.6623 | WorstLoss 1.9240
[Tracker] Saved snapshot: ep2490_phase1_class1
[Tracker] Ep 2491 | AvgR 0.0004 | Global 0.8584 | Local 0.1192 | F1_macro 0.6513 | WorstLoss 2.0938
[Tracker] Ep 2492 | AvgR 0.0004 | Global 0.8959 | Local 0.1192 | F1_macro 0.6579 | WorstLoss 1.9770
[Tracker] Ep 2493 | AvgR 0.0004 | Global 0.8517 | Local 0.1192 | F1_macro 0.6595 | WorstLoss 2.1118
[Tracker] Ep 2494 | AvgR 0.0005 | Global 0.9268 | Local 0.1192 | F1_macro 0.6617 | WorstLoss 1.8482
[Tracker] Ep 2495 | AvgR 0.0004 | Global 0.8986 | Local 0.1192 | F1_macro 0.6620 | WorstLoss 1.9674
[Tracker] Saved snapshot: ep2495_phase1_class1
[Tracker] Ep 2496 | AvgR 0.0004 | Global 0.8844 | Local 0.1192 | F1_macro 0.6619 | WorstLoss 2.0163
[Tracker] Ep 2497 | AvgR 0.0005 | Global 0.9274 | Local 0.1192 | F1_macro 0.6499 | WorstLoss 1.8454
[Tracker] Ep 2498 | AvgR 0.0005 | Global 0.9452 | Local 0.1192 | F1_macro 0.6571 | WorstLoss 1.7453
[Tracker] Ep 2499 | AvgR 0.0004 | Global 0.8460 | Local 0.1192 | F1_macro 0.6600 | WorstLoss 2.1267
[Tracker] Ep 2500 | AvgR 0.0004 | Global 0.8626 | Local 0.1192 | F1_macro 0.6515 | WorstLoss 2.0821
[Tracker] Saved snapshot: ep2500_phase1_class1
[Tracker] Ep 2501 | AvgR 0.0005 | Global 0.9081 | Local 0.1192 | F1_macro 0.6498 | WorstLoss 1.9311
[Tracker] Ep 2502 | AvgR 0.0004 | Global 0.8927 | Local 0.1192 | F1_macro 0.6643 | WorstLoss 1.9884
[Tracker] Ep 2503 | AvgR 0.0004 | Global 0.8701 | Local 0.1192 | F1_macro 0.6432 | WorstLoss 2.0606
[Tracker] Ep 2504 | AvgR 0.0004 | Global 0.8855 | Local 0.1192 | F1_macro 0.6552 | WorstLoss 2.0128
[Tracker] Ep 2505 | AvgR 0.0004 | Global 0.8996 | Local 0.1192 | F1_macro 0.6535 | WorstLoss 1.9638
[Tracker] Saved snapshot: ep2505_phase1_class1
[Tracker] Ep 2506 | AvgR 0.0005 | Global 0.9103 | Local 0.1192 | F1_macro 0.6569 | WorstLoss 1.9220
[Tracker] Ep 2507 | AvgR 0.0004 | Global 0.8550 | Local 0.1192 | F1_macro 0.6563 | WorstLoss 2.1030
[Tracker] Ep 2508 | AvgR 0.0005 | Global 0.9197 | Local 0.1192 | F1_macro 0.6632 | WorstLoss 1.8819
[Tracker] Ep 2509 | AvgR 0.0005 | Global 0.9501 | Local 0.1192 | F1_macro 0.6643 | WorstLoss 1.7125
[Tracker] Ep 2510 | AvgR 0.0005 | Global 0.9057 | Local 0.1192 | F1_macro 0.6642 | WorstLoss 1.9406
[Tracker] Saved snapshot: ep2510_phase1_class1
[Tracker] Ep 2511 | AvgR 0.0005 | Global 0.9073 | Local 0.1192 | F1_macro 0.6550 | WorstLoss 1.9341
[Tracker] Ep 2512 | AvgR 0.0005 | Global 0.9332 | Local 0.1192 | F1_macro 0.6619 | WorstLoss 1.8158
[Tracker] Ep 2513 | AvgR 0.0005 | Global 0.9059 | Local 0.1192 | F1_macro 0.6658 | WorstLoss 1.9397
[Tracker] Ep 2514 | AvgR 0.0005 | Global 0.9153 | Local 0.1192 | F1_macro 0.6605 | WorstLoss 1.9013
[Tracker] Ep 2515 | AvgR 0.0005 | Global 0.9436 | Local 0.1192 | F1_macro 0.6654 | WorstLoss 1.7556
[Tracker] Saved snapshot: ep2515_phase1_class1
[Tracker] Ep 2516 | AvgR 0.0004 | Global 0.8739 | Local 0.1192 | F1_macro 0.6408 | WorstLoss 2.0494
[Tracker] Ep 2517 | AvgR 0.0004 | Global 0.8288 | Local 0.1192 | F1_macro 0.6493 | WorstLoss 2.1688
[Tracker] Ep 2518 | AvgR 0.0005 | Global 0.9244 | Local 0.1192 | F1_macro 0.6680 | WorstLoss 1.8599
[Tracker] Ep 2519 | AvgR 0.0004 | Global 0.8563 | Local 0.1192 | F1_macro 0.6501 | WorstLoss 2.0998
[Tracker] Ep 2520 | AvgR 0.0005 | Global 0.9103 | Local 0.1192 | F1_macro 0.6535 | WorstLoss 1.9222
[Tracker] Saved snapshot: ep2520_phase1_class1
[Tracker] Ep 2521 | AvgR 0.0004 | Global 0.8951 | Local 0.1192 | F1_macro 0.6595 | WorstLoss 1.9800
[Tracker] Ep 2522 | AvgR 0.0004 | Global 0.8775 | Local 0.1192 | F1_macro 0.6487 | WorstLoss 2.0382
[Tracker] Ep 2523 | AvgR 0.0005 | Global 0.9043 | Local 0.1192 | F1_macro 0.6662 | WorstLoss 1.9458
[Tracker] Ep 2524 | AvgR 0.0005 | Global 0.9116 | Local 0.1192 | F1_macro 0.6597 | WorstLoss 1.9168
[Tracker] Ep 2525 | AvgR 0.0005 | Global 0.9017 | Local 0.1192 | F1_macro 0.6576 | WorstLoss 1.9557
[Tracker] Saved snapshot: ep2525_phase1_class1
[Tracker] Ep 2526 | AvgR 0.0004 | Global 0.8549 | Local 0.1192 | F1_macro 0.6299 | WorstLoss 2.1035
[Tracker] Ep 2527 | AvgR 0.0004 | Global 0.8821 | Local 0.1192 | F1_macro 0.6595 | WorstLoss 2.0237
[Tracker] Ep 2528 | AvgR 0.0005 | Global 0.9400 | Local 0.1192 | F1_macro 0.6609 | WorstLoss 1.7776
[Tracker] Ep 2529 | AvgR 0.0004 | Global 0.8925 | Local 0.1192 | F1_macro 0.6660 | WorstLoss 1.9890
[Tracker] Ep 2530 | AvgR 0.0004 | Global 0.8849 | Local 0.1192 | F1_macro 0.6550 | WorstLoss 2.0146
[Tracker] Saved snapshot: ep2530_phase1_class1
[Tracker] Ep 2531 | AvgR 0.0004 | Global 0.8710 | Local 0.1192 | F1_macro 0.6454 | WorstLoss 2.0581
[Tracker] Ep 2532 | AvgR 0.0004 | Global 0.8658 | Local 0.1192 | F1_macro 0.6630 | WorstLoss 2.0733
[Tracker] Ep 2533 | AvgR 0.0005 | Global 0.9160 | Local 0.1192 | F1_macro 0.6680 | WorstLoss 1.8980
[Tracker] Ep 2534 | AvgR 0.0005 | Global 0.9047 | Local 0.1192 | F1_macro 0.6555 | WorstLoss 1.9443
[Tracker] Ep 2535 | AvgR 0.0005 | Global 0.9258 | Local 0.1192 | F1_macro 0.6579 | WorstLoss 1.8531
[Tracker] Saved snapshot: ep2535_phase1_class1
[Tracker] Ep 2536 | AvgR 0.0005 | Global 0.9052 | Local 0.1192 | F1_macro 0.6628 | WorstLoss 1.9425
[Tracker] Ep 2537 | AvgR 0.0005 | Global 0.9262 | Local 0.1192 | F1_macro 0.6756 | WorstLoss 1.8514
[Tracker] Ep 2538 | AvgR 0.0005 | Global 0.9317 | Local 0.1192 | F1_macro 0.6531 | WorstLoss 1.8233
[Tracker] Ep 2539 | AvgR 0.0005 | Global 0.9111 | Local 0.1192 | F1_macro 0.6512 | WorstLoss 1.9190
[Tracker] Ep 2540 | AvgR 0.0005 | Global 0.9305 | Local 0.1192 | F1_macro 0.6615 | WorstLoss 1.8298
[Tracker] Saved snapshot: ep2540_phase1_class1
[Tracker] Ep 2541 | AvgR 0.0004 | Global 0.8073 | Local 0.1192 | F1_macro 0.6598 | WorstLoss 2.2172
[Tracker] Ep 2542 | AvgR 0.0004 | Global 0.8821 | Local 0.1192 | F1_macro 0.6597 | WorstLoss 2.0238
[Tracker] Ep 2543 | AvgR 0.0005 | Global 0.9023 | Local 0.1192 | F1_macro 0.6552 | WorstLoss 1.9537
[Tracker] Ep 2544 | AvgR 0.0005 | Global 0.9388 | Local 0.1192 | F1_macro 0.6677 | WorstLoss 1.7847
[Tracker] Ep 2545 | AvgR 0.0004 | Global 0.8931 | Local 0.1192 | F1_macro 0.6484 | WorstLoss 1.9870
[Tracker] Saved snapshot: ep2545_phase1_class1
[Tracker] Ep 2546 | AvgR 0.0004 | Global 0.8602 | Local 0.1192 | F1_macro 0.6554 | WorstLoss 2.0889
[Tracker] Ep 2547 | AvgR 0.0005 | Global 0.9462 | Local 0.1192 | F1_macro 0.6646 | WorstLoss 1.7386
[Tracker] Ep 2548 | AvgR 0.0004 | Global 0.8925 | Local 0.1192 | F1_macro 0.6589 | WorstLoss 1.9890
[Tracker] Ep 2549 | AvgR 0.0005 | Global 0.9078 | Local 0.1192 | F1_macro 0.6554 | WorstLoss 1.9322
[Tracker] Ep 2550 | AvgR 0.0005 | Global 0.9005 | Local 0.1192 | F1_macro 0.6608 | WorstLoss 1.9604
[Tracker] Saved snapshot: ep2550_phase1_class1
[Tracker] Ep 2551 | AvgR 0.0005 | Global 0.9072 | Local 0.1192 | F1_macro 0.6594 | WorstLoss 1.9347
[Tracker] Ep 2552 | AvgR 0.0005 | Global 0.9158 | Local 0.1192 | F1_macro 0.6575 | WorstLoss 1.8992
[Tracker] Ep 2553 | AvgR 0.0004 | Global 0.8915 | Local 0.1192 | F1_macro 0.6662 | WorstLoss 1.9926
[Tracker] Ep 2554 | AvgR 0.0005 | Global 0.9136 | Local 0.1192 | F1_macro 0.6632 | WorstLoss 1.9086
[Tracker] Ep 2555 | AvgR 0.0004 | Global 0.8639 | Local 0.1192 | F1_macro 0.6620 | WorstLoss 2.0784
[Tracker] Saved snapshot: ep2555_phase1_class1
[Tracker] Ep 2556 | AvgR 0.0004 | Global 0.8674 | Local 0.1192 | F1_macro 0.6523 | WorstLoss 2.0684
[Tracker] Ep 2557 | AvgR 0.0005 | Global 0.9114 | Local 0.1192 | F1_macro 0.6559 | WorstLoss 1.9175
[Tracker] Ep 2558 | AvgR 0.0005 | Global 0.9193 | Local 0.1192 | F1_macro 0.6621 | WorstLoss 1.8835
[Tracker] Ep 2559 | AvgR 0.0004 | Global 0.8894 | Local 0.1192 | F1_macro 0.6580 | WorstLoss 1.9996
[Tracker] Ep 2560 | AvgR 0.0005 | Global 0.9072 | Local 0.1192 | F1_macro 0.6606 | WorstLoss 1.9347
[Tracker] Saved snapshot: ep2560_phase1_class1
[Tracker] Ep 2561 | AvgR 0.0004 | Global 0.8972 | Local 0.1192 | F1_macro 0.6599 | WorstLoss 1.9725
[Tracker] Ep 2562 | AvgR 0.0004 | Global 0.8136 | Local 0.1192 | F1_macro 0.6597 | WorstLoss 2.2035
[Tracker] Ep 2563 | AvgR 0.0005 | Global 0.9185 | Local 0.1192 | F1_macro 0.6670 | WorstLoss 1.8874
[Tracker] Ep 2564 | AvgR 0.0005 | Global 0.9238 | Local 0.1192 | F1_macro 0.6695 | WorstLoss 1.8628
[Tracker] Ep 2565 | AvgR 0.0005 | Global 0.9280 | Local 0.1192 | F1_macro 0.6609 | WorstLoss 1.8426
[Tracker] Saved snapshot: ep2565_phase1_class1
[Tracker] Ep 2566 | AvgR 0.0004 | Global 0.7956 | Local 0.1192 | F1_macro 0.6418 | WorstLoss 2.2416
[Tracker] Ep 2567 | AvgR 0.0004 | Global 0.8568 | Local 0.1192 | F1_macro 0.6647 | WorstLoss 2.0983
[Tracker] Ep 2568 | AvgR 0.0005 | Global 0.9160 | Local 0.1192 | F1_macro 0.6586 | WorstLoss 1.8980
[Tracker] Ep 2569 | AvgR 0.0005 | Global 0.9258 | Local 0.1192 | F1_macro 0.6643 | WorstLoss 1.8535
[Tracker] Ep 2570 | AvgR 0.0004 | Global 0.8753 | Local 0.1192 | F1_macro 0.6482 | WorstLoss 2.0449
[Tracker] Saved snapshot: ep2570_phase1_class1
[Tracker] Ep 2571 | AvgR 0.0004 | Global 0.8812 | Local 0.1192 | F1_macro 0.6577 | WorstLoss 2.0267
[Tracker] Ep 2572 | AvgR 0.0005 | Global 0.9251 | Local 0.1192 | F1_macro 0.6507 | WorstLoss 1.8565
[Tracker] Ep 2573 | AvgR 0.0004 | Global 0.8444 | Local 0.1192 | F1_macro 0.6644 | WorstLoss 2.1308
[Tracker] Ep 2574 | AvgR 0.0005 | Global 0.9057 | Local 0.1192 | F1_macro 0.6630 | WorstLoss 1.9407
[Tracker] Ep 2575 | AvgR 0.0005 | Global 0.9221 | Local 0.1192 | F1_macro 0.6571 | WorstLoss 1.8711
[Tracker] Saved snapshot: ep2575_phase1_class1
[Tracker] Ep 2576 | AvgR 0.0004 | Global 0.8727 | Local 0.1192 | F1_macro 0.6538 | WorstLoss 2.0530
[Tracker] Ep 2577 | AvgR 0.0005 | Global 0.9227 | Local 0.1192 | F1_macro 0.6573 | WorstLoss 1.8682
[Tracker] Ep 2578 | AvgR 0.0004 | Global 0.8982 | Local 0.1192 | F1_macro 0.6596 | WorstLoss 1.9688
[Tracker] Ep 2579 | AvgR 0.0005 | Global 0.9180 | Local 0.1192 | F1_macro 0.6686 | WorstLoss 1.8893
[Tracker] Ep 2580 | AvgR 0.0004 | Global 0.8816 | Local 0.1192 | F1_macro 0.6641 | WorstLoss 2.0255
[Tracker] Saved snapshot: ep2580_phase1_class1
[Tracker] Ep 2581 | AvgR 0.0005 | Global 0.9148 | Local 0.1192 | F1_macro 0.6649 | WorstLoss 1.9031
[Tracker] Ep 2582 | AvgR 0.0004 | Global 0.8877 | Local 0.1192 | F1_macro 0.6757 | WorstLoss 2.0053
[Tracker] Ep 2583 | AvgR 0.0004 | Global 0.8907 | Local 0.1192 | F1_macro 0.6569 | WorstLoss 1.9953
[Tracker] Ep 2584 | AvgR 0.0005 | Global 0.9127 | Local 0.1192 | F1_macro 0.6623 | WorstLoss 1.9123
[Tracker] Ep 2585 | AvgR 0.0005 | Global 0.9179 | Local 0.1192 | F1_macro 0.6578 | WorstLoss 1.8899
[Tracker] Saved snapshot: ep2585_phase1_class1
[Tracker] Ep 2586 | AvgR 0.0004 | Global 0.8603 | Local 0.1192 | F1_macro 0.6565 | WorstLoss 2.0888
[Tracker] Ep 2587 | AvgR 0.0005 | Global 0.9180 | Local 0.1192 | F1_macro 0.6453 | WorstLoss 1.8894
[Tracker] Ep 2588 | AvgR 0.0004 | Global 0.8694 | Local 0.1192 | F1_macro 0.6480 | WorstLoss 2.0626
[Tracker] Ep 2589 | AvgR 0.0005 | Global 0.9372 | Local 0.1192 | F1_macro 0.6703 | WorstLoss 1.7934
[Tracker] Ep 2590 | AvgR 0.0004 | Global 0.8892 | Local 0.1192 | F1_macro 0.6702 | WorstLoss 2.0003
[Tracker] Saved snapshot: ep2590_phase1_class1
[Tracker] Ep 2591 | AvgR 0.0005 | Global 0.9571 | Local 0.1192 | F1_macro 0.6737 | WorstLoss 1.6592
[Tracker] New BEST synthetic [phase1_class1] (by global.global_obj: 0.957149) saved.
[Tracker] BEST β weights [phase1_class1] saved -> training_runs/SPECcompas_v18k3_ep3000_gpu1_EP3000_PCA10_REWfairness_minID0_majID1_TRJ2000_REAL3000_BIAS0.05_GG202604111115_d5681707/seed_2/best_beta_state_dict_phase1_class1.pt
[Tracker] Ep 2592 | AvgR 0.0005 | Global 0.9055 | Local 0.1192 | F1_macro 0.6639 | WorstLoss 1.9415
[Tracker] Ep 2593 | AvgR 0.0004 | Global 0.8938 | Local 0.1192 | F1_macro 0.6486 | WorstLoss 1.9847
[Tracker] Ep 2594 | AvgR 0.0004 | Global 0.8322 | Local 0.1192 | F1_macro 0.6647 | WorstLoss 2.1608
[Tracker] Ep 2595 | AvgR 0.0004 | Global 0.8758 | Local 0.1192 | F1_macro 0.6548 | WorstLoss 2.0435
[Tracker] Saved snapshot: ep2595_phase1_class1
[Tracker] Ep 2596 | AvgR 0.0004 | Global 0.8386 | Local 0.1192 | F1_macro 0.6436 | WorstLoss 2.1454
[Tracker] Ep 2597 | AvgR 0.0005 | Global 0.9202 | Local 0.1192 | F1_macro 0.6651 | WorstLoss 1.8795
[Tracker] Ep 2598 | AvgR 0.0004 | Global 0.8987 | Local 0.1192 | F1_macro 0.6679 | WorstLoss 1.9668
[Tracker] Ep 2599 | AvgR 0.0004 | Global 0.8895 | Local 0.1192 | F1_macro 0.6611 | WorstLoss 1.9993
[Tracker] Ep 2600 | AvgR 0.0004 | Global 0.8391 | Local 0.1192 | F1_macro 0.6449 | WorstLoss 2.1440
[Tracker] Saved snapshot: ep2600_phase1_class1
[Tracker] Ep 2601 | AvgR 0.0004 | Global 0.8729 | Local 0.1192 | F1_macro 0.6525 | WorstLoss 2.0522
[Tracker] Ep 2602 | AvgR 0.0005 | Global 0.9280 | Local 0.1192 | F1_macro 0.6647 | WorstLoss 1.8423
[Tracker] Ep 2603 | AvgR 0.0005 | Global 0.9461 | Local 0.1192 | F1_macro 0.6707 | WorstLoss 1.7394
[Tracker] Ep 2604 | AvgR 0.0004 | Global 0.8766 | Local 0.1192 | F1_macro 0.6584 | WorstLoss 2.0412
[Tracker] Ep 2605 | AvgR 0.0005 | Global 0.9240 | Local 0.1192 | F1_macro 0.6493 | WorstLoss 1.8617
[Tracker] Saved snapshot: ep2605_phase1_class1
[Tracker] Ep 2606 | AvgR 0.0004 | Global 0.8052 | Local 0.1192 | F1_macro 0.6575 | WorstLoss 2.2216
[Tracker] Ep 2607 | AvgR 0.0004 | Global 0.8822 | Local 0.1192 | F1_macro 0.6554 | WorstLoss 2.0234
[Tracker] Ep 2608 | AvgR 0.0004 | Global 0.7324 | Local 0.1192 | F1_macro 0.6446 | WorstLoss 2.3590
[Tracker] Ep 2609 | AvgR 0.0004 | Global 0.8772 | Local 0.1192 | F1_macro 0.6589 | WorstLoss 2.0393
[Tracker] Ep 2610 | AvgR 0.0004 | Global 0.8777 | Local 0.1192 | F1_macro 0.6478 | WorstLoss 2.0377
[Tracker] Saved snapshot: ep2610_phase1_class1
[Tracker] Ep 2611 | AvgR 0.0004 | Global 0.8590 | Local 0.1192 | F1_macro 0.6584 | WorstLoss 2.0923
[Tracker] Ep 2612 | AvgR 0.0005 | Global 0.9114 | Local 0.1192 | F1_macro 0.6595 | WorstLoss 1.9178
[Tracker] Ep 2613 | AvgR 0.0004 | Global 0.8708 | Local 0.1192 | F1_macro 0.6654 | WorstLoss 2.0587
[Tracker] Ep 2614 | AvgR 0.0004 | Global 0.8845 | Local 0.1192 | F1_macro 0.6526 | WorstLoss 2.0161
[Tracker] Ep 2615 | AvgR 0.0004 | Global 0.8768 | Local 0.1192 | F1_macro 0.6430 | WorstLoss 2.0403
[Tracker] Saved snapshot: ep2615_phase1_class1
[Tracker] Ep 2616 | AvgR 0.0004 | Global 0.8822 | Local 0.1192 | F1_macro 0.6481 | WorstLoss 2.0233
[Tracker] Ep 2617 | AvgR 0.0004 | Global 0.8447 | Local 0.1192 | F1_macro 0.6485 | WorstLoss 2.1301
[Tracker] Ep 2618 | AvgR 0.0005 | Global 0.9216 | Local 0.1192 | F1_macro 0.6496 | WorstLoss 1.8733
[Tracker] Ep 2619 | AvgR 0.0005 | Global 0.9039 | Local 0.1192 | F1_macro 0.6545 | WorstLoss 1.9476
[Tracker] Ep 2620 | AvgR 0.0004 | Global 0.8608 | Local 0.1192 | F1_macro 0.6352 | WorstLoss 2.0873
[Tracker] Saved snapshot: ep2620_phase1_class1
[Tracker] Ep 2621 | AvgR 0.0004 | Global 0.8737 | Local 0.1192 | F1_macro 0.6752 | WorstLoss 2.0500
[Tracker] Ep 2622 | AvgR 0.0005 | Global 0.9040 | Local 0.1192 | F1_macro 0.6582 | WorstLoss 1.9472
[Tracker] Ep 2623 | AvgR 0.0004 | Global 0.8995 | Local 0.1192 | F1_macro 0.6626 | WorstLoss 1.9642
[Tracker] Ep 2624 | AvgR 0.0004 | Global 0.8799 | Local 0.1192 | F1_macro 0.6467 | WorstLoss 2.0309
[Tracker] Ep 2625 | AvgR 0.0004 | Global 0.8856 | Local 0.1192 | F1_macro 0.6540 | WorstLoss 2.0124
[Tracker] Saved snapshot: ep2625_phase1_class1
[Tracker] Ep 2626 | AvgR 0.0005 | Global 0.9386 | Local 0.1192 | F1_macro 0.6668 | WorstLoss 1.7853
[Tracker] Ep 2627 | AvgR 0.0005 | Global 0.9160 | Local 0.1192 | F1_macro 0.6533 | WorstLoss 1.8982
[Tracker] Ep 2628 | AvgR 0.0004 | Global 0.8414 | Local 0.1192 | F1_macro 0.6651 | WorstLoss 2.1383
[Tracker] Ep 2629 | AvgR 0.0004 | Global 0.8968 | Local 0.1192 | F1_macro 0.6622 | WorstLoss 1.9740
[Tracker] Ep 2630 | AvgR 0.0005 | Global 0.9271 | Local 0.1192 | F1_macro 0.6695 | WorstLoss 1.8471
[Tracker] Saved snapshot: ep2630_phase1_class1
[Tracker] Ep 2631 | AvgR 0.0004 | Global 0.8475 | Local 0.1192 | F1_macro 0.6484 | WorstLoss 2.1229
[Tracker] Ep 2632 | AvgR 0.0005 | Global 0.9232 | Local 0.1192 | F1_macro 0.6537 | WorstLoss 1.8657
[Tracker] Ep 2633 | AvgR 0.0004 | Global 0.8968 | Local 0.1192 | F1_macro 0.6608 | WorstLoss 1.9740
[Tracker] Ep 2634 | AvgR 0.0004 | Global 0.8210 | Local 0.1192 | F1_macro 0.6523 | WorstLoss 2.1870
[Tracker] Ep 2635 | AvgR 0.0005 | Global 0.9245 | Local 0.1192 | F1_macro 0.6632 | WorstLoss 1.8593
[Tracker] Saved snapshot: ep2635_phase1_class1
[Tracker] Ep 2636 | AvgR 0.0005 | Global 0.9398 | Local 0.1192 | F1_macro 0.6654 | WorstLoss 1.7788
[Tracker] Ep 2637 | AvgR 0.0004 | Global 0.8592 | Local 0.1192 | F1_macro 0.6595 | WorstLoss 2.0918
[Tracker] Ep 2638 | AvgR 0.0005 | Global 0.9048 | Local 0.1192 | F1_macro 0.6507 | WorstLoss 1.9441
[Tracker] Ep 2639 | AvgR 0.0004 | Global 0.8982 | Local 0.1192 | F1_macro 0.6575 | WorstLoss 1.9688
[Tracker] Ep 2640 | AvgR 0.0004 | Global 0.7764 | Local 0.1192 | F1_macro 0.6507 | WorstLoss 2.2797
[Tracker] Saved snapshot: ep2640_phase1_class1
[Tracker] Ep 2641 | AvgR 0.0004 | Global 0.8898 | Local 0.1192 | F1_macro 0.6682 | WorstLoss 1.9983
[Tracker] Ep 2642 | AvgR 0.0004 | Global 0.8575 | Local 0.1192 | F1_macro 0.6633 | WorstLoss 2.0964
[Tracker] Ep 2643 | AvgR 0.0004 | Global 0.8789 | Local 0.1192 | F1_macro 0.6690 | WorstLoss 2.0340
[Tracker] Ep 2644 | AvgR 0.0004 | Global 0.8887 | Local 0.1192 | F1_macro 0.6558 | WorstLoss 2.0021
[Tracker] Ep 2645 | AvgR 0.0005 | Global 0.9089 | Local 0.1192 | F1_macro 0.6571 | WorstLoss 1.9278
[Tracker] Saved snapshot: ep2645_phase1_class1
[Tracker] Ep 2646 | AvgR 0.0004 | Global 0.8579 | Local 0.1192 | F1_macro 0.6633 | WorstLoss 2.0953
[Tracker] Ep 2647 | AvgR 0.0004 | Global 0.8930 | Local 0.1192 | F1_macro 0.6495 | WorstLoss 1.9872
[Tracker] Ep 2648 | AvgR 0.0004 | Global 0.8467 | Local 0.1192 | F1_macro 0.6404 | WorstLoss 2.1251
[Tracker] Ep 2649 | AvgR 0.0004 | Global 0.8959 | Local 0.1192 | F1_macro 0.6511 | WorstLoss 1.9771
[Tracker] Ep 2650 | AvgR 0.0004 | Global 0.8929 | Local 0.1192 | F1_macro 0.6608 | WorstLoss 1.9878
[Tracker] Saved snapshot: ep2650_phase1_class1
[Tracker] Ep 2651 | AvgR 0.0004 | Global 0.8791 | Local 0.1192 | F1_macro 0.6648 | WorstLoss 2.0333
[Tracker] Ep 2652 | AvgR 0.0004 | Global 0.8864 | Local 0.1192 | F1_macro 0.6564 | WorstLoss 2.0099
[Tracker] Ep 2653 | AvgR 0.0005 | Global 0.9201 | Local 0.1192 | F1_macro 0.6677 | WorstLoss 1.8799
[Tracker] Ep 2654 | AvgR 0.0004 | Global 0.8508 | Local 0.1192 | F1_macro 0.6424 | WorstLoss 2.1142
[Tracker] Ep 2655 | AvgR 0.0005 | Global 0.9243 | Local 0.1192 | F1_macro 0.6586 | WorstLoss 1.8603
[Tracker] Saved snapshot: ep2655_phase1_class1
[Tracker] Ep 2656 | AvgR 0.0004 | Global 0.8706 | Local 0.1192 | F1_macro 0.6509 | WorstLoss 2.0591
[Tracker] Ep 2657 | AvgR 0.0005 | Global 0.9487 | Local 0.1192 | F1_macro 0.6491 | WorstLoss 1.7220
[Tracker] Ep 2658 | AvgR 0.0004 | Global 0.8877 | Local 0.1192 | F1_macro 0.6604 | WorstLoss 2.0055
[Tracker] Ep 2659 | AvgR 0.0004 | Global 0.7943 | Local 0.1192 | F1_macro 0.6419 | WorstLoss 2.2442
[Tracker] Ep 2660 | AvgR 0.0004 | Global 0.8105 | Local 0.1192 | F1_macro 0.6531 | WorstLoss 2.2101
[Tracker] Saved snapshot: ep2660_phase1_class1
[Tracker] Ep 2661 | AvgR 0.0005 | Global 0.9115 | Local 0.1192 | F1_macro 0.6543 | WorstLoss 1.9172
[Tracker] Ep 2662 | AvgR 0.0005 | Global 0.9090 | Local 0.1192 | F1_macro 0.6535 | WorstLoss 1.9274
[Tracker] Ep 2663 | AvgR 0.0004 | Global 0.8688 | Local 0.1192 | F1_macro 0.6493 | WorstLoss 2.0643
[Tracker] Ep 2664 | AvgR 0.0004 | Global 0.8100 | Local 0.1192 | F1_macro 0.6558 | WorstLoss 2.2112
[Tracker] Ep 2665 | AvgR 0.0004 | Global 0.8727 | Local 0.1192 | F1_macro 0.6630 | WorstLoss 2.0528
[Tracker] Saved snapshot: ep2665_phase1_class1
[Tracker] Ep 2666 | AvgR 0.0005 | Global 0.9005 | Local 0.1192 | F1_macro 0.6617 | WorstLoss 1.9605
[Tracker] Ep 2667 | AvgR 0.0005 | Global 0.9122 | Local 0.1192 | F1_macro 0.6453 | WorstLoss 1.9142
[Tracker] Ep 2668 | AvgR 0.0005 | Global 0.9362 | Local 0.1192 | F1_macro 0.6520 | WorstLoss 1.7992
[Tracker] Ep 2669 | AvgR 0.0004 | Global 0.8780 | Local 0.1192 | F1_macro 0.6511 | WorstLoss 2.0368
[Tracker] Ep 2670 | AvgR 0.0004 | Global 0.8728 | Local 0.1192 | F1_macro 0.6593 | WorstLoss 2.0527
[Tracker] Saved snapshot: ep2670_phase1_class1
[Tracker] Ep 2671 | AvgR 0.0004 | Global 0.8842 | Local 0.1192 | F1_macro 0.6586 | WorstLoss 2.0169
[Tracker] Ep 2672 | AvgR 0.0004 | Global 0.7953 | Local 0.1192 | F1_macro 0.6622 | WorstLoss 2.2422
[Tracker] Ep 2673 | AvgR 0.0004 | Global 0.8641 | Local 0.1192 | F1_macro 0.6647 | WorstLoss 2.0780
[Tracker] Ep 2674 | AvgR 0.0004 | Global 0.8764 | Local 0.1192 | F1_macro 0.6600 | WorstLoss 2.0418
[Tracker] Ep 2675 | AvgR 0.0005 | Global 0.9281 | Local 0.1192 | F1_macro 0.6639 | WorstLoss 1.8418
[Tracker] Saved snapshot: ep2675_phase1_class1
[Tracker] Ep 2676 | AvgR 0.0005 | Global 0.9062 | Local 0.1192 | F1_macro 0.6687 | WorstLoss 1.9386
[Tracker] Ep 2677 | AvgR 0.0005 | Global 0.9364 | Local 0.1192 | F1_macro 0.6566 | WorstLoss 1.7980
[Tracker] Ep 2678 | AvgR 0.0004 | Global 0.8927 | Local 0.1192 | F1_macro 0.6617 | WorstLoss 1.9884
[Tracker] Ep 2679 | AvgR 0.0004 | Global 0.8948 | Local 0.1192 | F1_macro 0.6652 | WorstLoss 1.9809
[Tracker] Ep 2680 | AvgR 0.0005 | Global 0.9375 | Local 0.1192 | F1_macro 0.6626 | WorstLoss 1.7920
[Tracker] Saved snapshot: ep2680_phase1_class1
[Tracker] Ep 2681 | AvgR 0.0004 | Global 0.8569 | Local 0.1192 | F1_macro 0.6330 | WorstLoss 2.0980
[Tracker] Ep 2682 | AvgR 0.0004 | Global 0.8994 | Local 0.1192 | F1_macro 0.6583 | WorstLoss 1.9645
[Tracker] Ep 2683 | AvgR 0.0004 | Global 0.8657 | Local 0.1192 | F1_macro 0.6633 | WorstLoss 2.0734
[Tracker] Ep 2684 | AvgR 0.0005 | Global 0.9268 | Local 0.1192 | F1_macro 0.6482 | WorstLoss 1.8485
[Tracker] Ep 2685 | AvgR 0.0004 | Global 0.8666 | Local 0.1192 | F1_macro 0.6527 | WorstLoss 2.0707
[Tracker] Saved snapshot: ep2685_phase1_class1
[Tracker] Ep 2686 | AvgR 0.0005 | Global 0.9300 | Local 0.1192 | F1_macro 0.6764 | WorstLoss 1.8322
[Tracker] Ep 2687 | AvgR 0.0005 | Global 0.9315 | Local 0.1192 | F1_macro 0.6701 | WorstLoss 1.8246
[Tracker] Ep 2688 | AvgR 0.0005 | Global 0.9140 | Local 0.1192 | F1_macro 0.6501 | WorstLoss 1.9068
[Tracker] Ep 2689 | AvgR 0.0004 | Global 0.8300 | Local 0.1192 | F1_macro 0.6607 | WorstLoss 2.1661
[Tracker] Ep 2690 | AvgR 0.0004 | Global 0.8913 | Local 0.1192 | F1_macro 0.6510 | WorstLoss 1.9932
[Tracker] Saved snapshot: ep2690_phase1_class1
[Tracker] Ep 2691 | AvgR 0.0004 | Global 0.8942 | Local 0.1192 | F1_macro 0.6556 | WorstLoss 1.9830
[Tracker] Ep 2692 | AvgR 0.0004 | Global 0.8730 | Local 0.1192 | F1_macro 0.6614 | WorstLoss 2.0520
[Tracker] Ep 2693 | AvgR 0.0004 | Global 0.8974 | Local 0.1192 | F1_macro 0.6666 | WorstLoss 1.9717
[Tracker] Ep 2694 | AvgR 0.0005 | Global 0.9126 | Local 0.1192 | F1_macro 0.6686 | WorstLoss 1.9126
[Tracker] Ep 2695 | AvgR 0.0004 | Global 0.8636 | Local 0.1192 | F1_macro 0.6464 | WorstLoss 2.0795
[Tracker] Saved snapshot: ep2695_phase1_class1
[Tracker] Ep 2696 | AvgR 0.0004 | Global 0.8787 | Local 0.1192 | F1_macro 0.6526 | WorstLoss 2.0346
[Tracker] Ep 2697 | AvgR 0.0004 | Global 0.8917 | Local 0.1192 | F1_macro 0.6521 | WorstLoss 1.9917
[Tracker] Ep 2698 | AvgR 0.0004 | Global 0.8952 | Local 0.1192 | F1_macro 0.6640 | WorstLoss 1.9795
[Tracker] Ep 2699 | AvgR 0.0004 | Global 0.8945 | Local 0.1192 | F1_macro 0.6493 | WorstLoss 1.9819
[Tracker] Ep 2700 | AvgR 0.0004 | Global 0.8227 | Local 0.1192 | F1_macro 0.6555 | WorstLoss 2.1831
[Tracker] Saved snapshot: ep2700_phase1_class1
[Tracker] Ep 2701 | AvgR 0.0004 | Global 0.8641 | Local 0.1192 | F1_macro 0.6573 | WorstLoss 2.0780
[Tracker] Ep 2702 | AvgR 0.0004 | Global 0.8867 | Local 0.1192 | F1_macro 0.6621 | WorstLoss 2.0088
[Tracker] Ep 2703 | AvgR 0.0004 | Global 0.8697 | Local 0.1192 | F1_macro 0.6555 | WorstLoss 2.0617
[Tracker] Ep 2704 | AvgR 0.0004 | Global 0.8956 | Local 0.1192 | F1_macro 0.6621 | WorstLoss 1.9782
[Tracker] Ep 2705 | AvgR 0.0004 | Global 0.8617 | Local 0.1192 | F1_macro 0.6559 | WorstLoss 2.0847
[Tracker] Saved snapshot: ep2705_phase1_class1
[Tracker] Ep 2706 | AvgR 0.0005 | Global 0.9247 | Local 0.1192 | F1_macro 0.6601 | WorstLoss 1.8588
[Tracker] Ep 2707 | AvgR 0.0004 | Global 0.7323 | Local 0.1192 | F1_macro 0.6464 | WorstLoss 2.3591
[Tracker] Ep 2708 | AvgR 0.0004 | Global 0.8935 | Local 0.1192 | F1_macro 0.6574 | WorstLoss 1.9855
[Tracker] Ep 2709 | AvgR 0.0005 | Global 0.9078 | Local 0.1192 | F1_macro 0.6589 | WorstLoss 1.9321
[Tracker] Ep 2710 | AvgR 0.0004 | Global 0.8963 | Local 0.1192 | F1_macro 0.6640 | WorstLoss 1.9757
[Tracker] Saved snapshot: ep2710_phase1_class1
[Tracker] Ep 2711 | AvgR 0.0004 | Global 0.8581 | Local 0.1192 | F1_macro 0.6559 | WorstLoss 2.0948
[Tracker] Ep 2712 | AvgR 0.0004 | Global 0.8896 | Local 0.1192 | F1_macro 0.6555 | WorstLoss 1.9990
[Tracker] Ep 2713 | AvgR 0.0004 | Global 0.8839 | Local 0.1192 | F1_macro 0.6560 | WorstLoss 2.0180
[Tracker] Ep 2714 | AvgR 0.0004 | Global 0.7944 | Local 0.1192 | F1_macro 0.6447 | WorstLoss 2.2441
[Tracker] Ep 2715 | AvgR 0.0004 | Global 0.8109 | Local 0.1192 | F1_macro 0.6627 | WorstLoss 2.2094
[Tracker] Saved snapshot: ep2715_phase1_class1
[Tracker] Ep 2716 | AvgR 0.0004 | Global 0.8494 | Local 0.1192 | F1_macro 0.6478 | WorstLoss 2.1181
[Tracker] Ep 2717 | AvgR 0.0005 | Global 0.9278 | Local 0.1192 | F1_macro 0.6649 | WorstLoss 1.8435
[Tracker] Ep 2718 | AvgR 0.0005 | Global 0.9342 | Local 0.1192 | F1_macro 0.6634 | WorstLoss 1.8103
[Tracker] Ep 2719 | AvgR 0.0004 | Global 0.8805 | Local 0.1192 | F1_macro 0.6565 | WorstLoss 2.0289
[Tracker] Ep 2720 | AvgR 0.0005 | Global 0.9474 | Local 0.1192 | F1_macro 0.6728 | WorstLoss 1.7309
[Tracker] Saved snapshot: ep2720_phase1_class1
[Tracker] Ep 2721 | AvgR 0.0004 | Global 0.8894 | Local 0.1192 | F1_macro 0.6573 | WorstLoss 1.9996
[Tracker] Ep 2722 | AvgR 0.0004 | Global 0.8493 | Local 0.1192 | F1_macro 0.6597 | WorstLoss 2.1182
[Tracker] Ep 2723 | AvgR 0.0004 | Global 0.8728 | Local 0.1192 | F1_macro 0.6436 | WorstLoss 2.0527
[Tracker] Ep 2724 | AvgR 0.0004 | Global 0.8485 | Local 0.1192 | F1_macro 0.6508 | WorstLoss 2.1203
[Tracker] Ep 2725 | AvgR 0.0005 | Global 0.9096 | Local 0.1192 | F1_macro 0.6576 | WorstLoss 1.9249
[Tracker] Saved snapshot: ep2725_phase1_class1
[Tracker] Ep 2726 | AvgR 0.0004 | Global 0.8547 | Local 0.1192 | F1_macro 0.6467 | WorstLoss 2.1040
[Tracker] Ep 2727 | AvgR 0.0004 | Global 0.8692 | Local 0.1192 | F1_macro 0.6481 | WorstLoss 2.0632
[Tracker] Ep 2728 | AvgR 0.0005 | Global 0.9324 | Local 0.1192 | F1_macro 0.6739 | WorstLoss 1.8199
[Tracker] Ep 2729 | AvgR 0.0005 | Global 0.9418 | Local 0.1192 | F1_macro 0.6573 | WorstLoss 1.7669
[Tracker] Ep 2730 | AvgR 0.0005 | Global 0.9319 | Local 0.1192 | F1_macro 0.6702 | WorstLoss 1.8223
[Tracker] Saved snapshot: ep2730_phase1_class1
[Tracker] Ep 2731 | AvgR 0.0005 | Global 0.9174 | Local 0.1192 | F1_macro 0.6566 | WorstLoss 1.8922
[Tracker] Ep 2732 | AvgR 0.0004 | Global 0.8881 | Local 0.1192 | F1_macro 0.6623 | WorstLoss 2.0042
[Tracker] Ep 2733 | AvgR 0.0005 | Global 0.9319 | Local 0.1192 | F1_macro 0.6582 | WorstLoss 1.8224
[Tracker] Ep 2734 | AvgR 0.0005 | Global 0.9003 | Local 0.1192 | F1_macro 0.6504 | WorstLoss 1.9611
[Tracker] Ep 2735 | AvgR 0.0005 | Global 0.9301 | Local 0.1192 | F1_macro 0.6711 | WorstLoss 1.8319
[Tracker] Saved snapshot: ep2735_phase1_class1
[Tracker] Ep 2736 | AvgR 0.0004 | Global 0.8468 | Local 0.1192 | F1_macro 0.6422 | WorstLoss 2.1247
[Tracker] Ep 2737 | AvgR 0.0004 | Global 0.8303 | Local 0.1192 | F1_macro 0.6433 | WorstLoss 2.1654
[Tracker] Ep 2738 | AvgR 0.0004 | Global 0.8528 | Local 0.1192 | F1_macro 0.6386 | WorstLoss 2.1090
[Tracker] Ep 2739 | AvgR 0.0005 | Global 0.9010 | Local 0.1192 | F1_macro 0.6642 | WorstLoss 1.9583
[Tracker] Ep 2740 | AvgR 0.0005 | Global 0.9013 | Local 0.1192 | F1_macro 0.6552 | WorstLoss 1.9573
[Tracker] Saved snapshot: ep2740_phase1_class1
[Tracker] Ep 2741 | AvgR 0.0005 | Global 0.9045 | Local 0.1192 | F1_macro 0.6607 | WorstLoss 1.9451
[Tracker] Ep 2742 | AvgR 0.0004 | Global 0.8881 | Local 0.1192 | F1_macro 0.6572 | WorstLoss 2.0041
[Tracker] Ep 2743 | AvgR 0.0005 | Global 0.9347 | Local 0.1192 | F1_macro 0.6619 | WorstLoss 1.8078
[Tracker] Ep 2744 | AvgR 0.0005 | Global 0.9308 | Local 0.1192 | F1_macro 0.6679 | WorstLoss 1.8281
[Tracker] Ep 2745 | AvgR 0.0005 | Global 0.9448 | Local 0.1192 | F1_macro 0.6569 | WorstLoss 1.7482
[Tracker] Saved snapshot: ep2745_phase1_class1
[Tracker] Ep 2746 | AvgR 0.0005 | Global 0.9191 | Local 0.1192 | F1_macro 0.6698 | WorstLoss 1.8847
[Tracker] Ep 2747 | AvgR 0.0004 | Global 0.8916 | Local 0.1192 | F1_macro 0.6472 | WorstLoss 1.9924
[Tracker] Ep 2748 | AvgR 0.0005 | Global 0.9049 | Local 0.1192 | F1_macro 0.6621 | WorstLoss 1.9435
[Tracker] Ep 2749 | AvgR 0.0004 | Global 0.8738 | Local 0.1192 | F1_macro 0.6611 | WorstLoss 2.0495
[Tracker] Ep 2750 | AvgR 0.0005 | Global 0.9284 | Local 0.1192 | F1_macro 0.6558 | WorstLoss 1.8406
[Tracker] Saved snapshot: ep2750_phase1_class1
[Tracker] Ep 2751 | AvgR 0.0005 | Global 0.9386 | Local 0.1192 | F1_macro 0.6703 | WorstLoss 1.7859
[Tracker] Ep 2752 | AvgR 0.0005 | Global 0.9341 | Local 0.1192 | F1_macro 0.6615 | WorstLoss 1.8109
[Tracker] Ep 2753 | AvgR 0.0005 | Global 0.9052 | Local 0.1192 | F1_macro 0.6669 | WorstLoss 1.9423
[Tracker] Ep 2754 | AvgR 0.0005 | Global 0.9296 | Local 0.1192 | F1_macro 0.6614 | WorstLoss 1.8345
[Tracker] Ep 2755 | AvgR 0.0004 | Global 0.8959 | Local 0.1192 | F1_macro 0.6584 | WorstLoss 1.9770
[Tracker] Saved snapshot: ep2755_phase1_class1
[Tracker] Ep 2756 | AvgR 0.0004 | Global 0.8970 | Local 0.1192 | F1_macro 0.6379 | WorstLoss 1.9732
[Tracker] Ep 2757 | AvgR 0.0005 | Global 0.9278 | Local 0.1192 | F1_macro 0.6712 | WorstLoss 1.8435
[Tracker] Ep 2758 | AvgR 0.0005 | Global 0.9357 | Local 0.1192 | F1_macro 0.6612 | WorstLoss 1.8020
[Tracker] Ep 2759 | AvgR 0.0005 | Global 0.9423 | Local 0.1192 | F1_macro 0.6577 | WorstLoss 1.7633
[Tracker] Ep 2760 | AvgR 0.0005 | Global 0.9231 | Local 0.1192 | F1_macro 0.6710 | WorstLoss 1.8662
[Tracker] Saved snapshot: ep2760_phase1_class1
[Tracker] Ep 2761 | AvgR 0.0004 | Global 0.8672 | Local 0.1192 | F1_macro 0.6385 | WorstLoss 2.0690
[Tracker] Ep 2762 | AvgR 0.0004 | Global 0.8978 | Local 0.1192 | F1_macro 0.6627 | WorstLoss 1.9702
[Tracker] Ep 2763 | AvgR 0.0004 | Global 0.8649 | Local 0.1192 | F1_macro 0.6469 | WorstLoss 2.0757
[Tracker] Ep 2764 | AvgR 0.0005 | Global 0.9180 | Local 0.1192 | F1_macro 0.6613 | WorstLoss 1.8893
[Tracker] Ep 2765 | AvgR 0.0004 | Global 0.8846 | Local 0.1192 | F1_macro 0.6526 | WorstLoss 2.0157
[Tracker] Saved snapshot: ep2765_phase1_class1
[Tracker] Ep 2766 | AvgR 0.0004 | Global 0.8817 | Local 0.1192 | F1_macro 0.6535 | WorstLoss 2.0251
[Tracker] Ep 2767 | AvgR 0.0004 | Global 0.8590 | Local 0.1192 | F1_macro 0.6634 | WorstLoss 2.0922
[Tracker] Ep 2768 | AvgR 0.0004 | Global 0.8709 | Local 0.1192 | F1_macro 0.6561 | WorstLoss 2.0583
[Tracker] Ep 2769 | AvgR 0.0004 | Global 0.8861 | Local 0.1192 | F1_macro 0.6518 | WorstLoss 2.0109
[Tracker] Ep 2770 | AvgR 0.0004 | Global 0.8759 | Local 0.1192 | F1_macro 0.6549 | WorstLoss 2.0433
[Tracker] Saved snapshot: ep2770_phase1_class1
[Tracker] Ep 2771 | AvgR 0.0005 | Global 0.9324 | Local 0.1192 | F1_macro 0.6696 | WorstLoss 1.8198
[Tracker] Ep 2772 | AvgR 0.0005 | Global 0.9255 | Local 0.1192 | F1_macro 0.6640 | WorstLoss 1.8547
[Tracker] Ep 2773 | AvgR 0.0005 | Global 0.9131 | Local 0.1192 | F1_macro 0.6499 | WorstLoss 1.9104
[Tracker] Ep 2774 | AvgR 0.0005 | Global 0.9241 | Local 0.1192 | F1_macro 0.6383 | WorstLoss 1.8614
[Tracker] Ep 2775 | AvgR 0.0005 | Global 0.9208 | Local 0.1192 | F1_macro 0.6689 | WorstLoss 1.8769
[Tracker] Saved snapshot: ep2775_phase1_class1
[Tracker] Ep 2776 | AvgR 0.0005 | Global 0.9304 | Local 0.1192 | F1_macro 0.6582 | WorstLoss 1.8305
[Tracker] Ep 2777 | AvgR 0.0005 | Global 0.9111 | Local 0.1192 | F1_macro 0.6521 | WorstLoss 1.9189
[Tracker] Ep 2778 | AvgR 0.0005 | Global 0.9311 | Local 0.1192 | F1_macro 0.6619 | WorstLoss 1.8269
[Tracker] Ep 2779 | AvgR 0.0005 | Global 0.9142 | Local 0.1192 | F1_macro 0.6633 | WorstLoss 1.9059
[Tracker] Ep 2780 | AvgR 0.0005 | Global 0.9111 | Local 0.1192 | F1_macro 0.6571 | WorstLoss 1.9188
[Tracker] Saved snapshot: ep2780_phase1_class1
[Tracker] Ep 2781 | AvgR 0.0005 | Global 0.9293 | Local 0.1192 | F1_macro 0.6554 | WorstLoss 1.8362
[Tracker] Ep 2782 | AvgR 0.0005 | Global 0.9104 | Local 0.1192 | F1_macro 0.6718 | WorstLoss 1.9219
[Tracker] Ep 2783 | AvgR 0.0004 | Global 0.7974 | Local 0.1192 | F1_macro 0.6439 | WorstLoss 2.2379
[Tracker] Ep 2784 | AvgR 0.0004 | Global 0.8685 | Local 0.1192 | F1_macro 0.6462 | WorstLoss 2.0654
[Tracker] Ep 2785 | AvgR 0.0005 | Global 0.9006 | Local 0.1192 | F1_macro 0.6705 | WorstLoss 1.9600
[Tracker] Saved snapshot: ep2785_phase1_class1
[Tracker] Ep 2786 | AvgR 0.0005 | Global 0.9283 | Local 0.1192 | F1_macro 0.6722 | WorstLoss 1.8409
[Tracker] Ep 2787 | AvgR 0.0004 | Global 0.8730 | Local 0.1192 | F1_macro 0.6510 | WorstLoss 2.0519
[Tracker] Ep 2788 | AvgR 0.0005 | Global 0.9157 | Local 0.1192 | F1_macro 0.6510 | WorstLoss 1.8994
[Tracker] Ep 2789 | AvgR 0.0004 | Global 0.8167 | Local 0.1192 | F1_macro 0.6603 | WorstLoss 2.1965
[Tracker] Ep 2790 | AvgR 0.0005 | Global 0.9254 | Local 0.1192 | F1_macro 0.6582 | WorstLoss 1.8553
[Tracker] Saved snapshot: ep2790_phase1_class1
[Tracker] Ep 2791 | AvgR 0.0005 | Global 0.9420 | Local 0.1192 | F1_macro 0.6599 | WorstLoss 1.7656
[Tracker] Ep 2792 | AvgR 0.0004 | Global 0.8710 | Local 0.1192 | F1_macro 0.6599 | WorstLoss 2.0579
[Tracker] Ep 2793 | AvgR 0.0004 | Global 0.8651 | Local 0.1192 | F1_macro 0.6597 | WorstLoss 2.0752
[Tracker] Ep 2794 | AvgR 0.0005 | Global 0.9265 | Local 0.1192 | F1_macro 0.6582 | WorstLoss 1.8497
[Tracker] Ep 2795 | AvgR 0.0005 | Global 0.9297 | Local 0.1192 | F1_macro 0.6584 | WorstLoss 1.8341
[Tracker] Saved snapshot: ep2795_phase1_class1
[Tracker] Ep 2796 | AvgR 0.0004 | Global 0.8219 | Local 0.1192 | F1_macro 0.6368 | WorstLoss 2.1849
[Tracker] Ep 2797 | AvgR 0.0004 | Global 0.8828 | Local 0.1192 | F1_macro 0.6548 | WorstLoss 2.0217
[Tracker] Ep 2798 | AvgR 0.0005 | Global 0.9204 | Local 0.1192 | F1_macro 0.6753 | WorstLoss 1.8786
[Tracker] Ep 2799 | AvgR 0.0005 | Global 0.9362 | Local 0.1192 | F1_macro 0.6688 | WorstLoss 1.7990
[Tracker] Ep 2800 | AvgR 0.0004 | Global 0.8902 | Local 0.1192 | F1_macro 0.6599 | WorstLoss 1.9971
[Tracker] Saved snapshot: ep2800_phase1_class1
[Tracker] Ep 2801 | AvgR 0.0005 | Global 0.9239 | Local 0.1192 | F1_macro 0.6527 | WorstLoss 1.8626
[Tracker] Ep 2802 | AvgR 0.0004 | Global 0.8516 | Local 0.1192 | F1_macro 0.6590 | WorstLoss 2.1122
[Tracker] Ep 2803 | AvgR 0.0004 | Global 0.8717 | Local 0.1192 | F1_macro 0.6578 | WorstLoss 2.0559
[Tracker] Ep 2804 | AvgR 0.0005 | Global 0.9135 | Local 0.1192 | F1_macro 0.6649 | WorstLoss 1.9089
[Tracker] Ep 2805 | AvgR 0.0005 | Global 0.9090 | Local 0.1192 | F1_macro 0.6652 | WorstLoss 1.9273
[Tracker] Saved snapshot: ep2805_phase1_class1
[Tracker] Ep 2806 | AvgR 0.0004 | Global 0.8272 | Local 0.1192 | F1_macro 0.6593 | WorstLoss 2.1725
[Tracker] Ep 2807 | AvgR 0.0005 | Global 0.9233 | Local 0.1192 | F1_macro 0.6707 | WorstLoss 1.8653
[Tracker] Ep 2808 | AvgR 0.0004 | Global 0.8842 | Local 0.1192 | F1_macro 0.6529 | WorstLoss 2.0171
[Tracker] Ep 2809 | AvgR 0.0005 | Global 0.9111 | Local 0.1192 | F1_macro 0.6678 | WorstLoss 1.9189
[Tracker] Ep 2810 | AvgR 0.0004 | Global 0.8425 | Local 0.1192 | F1_macro 0.6552 | WorstLoss 2.1356
[Tracker] Saved snapshot: ep2810_phase1_class1
[Tracker] Ep 2811 | AvgR 0.0004 | Global 0.8847 | Local 0.1192 | F1_macro 0.6515 | WorstLoss 2.0155
[Tracker] Ep 2812 | AvgR 0.0005 | Global 0.9091 | Local 0.1192 | F1_macro 0.6583 | WorstLoss 1.9272
[Tracker] Ep 2813 | AvgR 0.0005 | Global 0.9159 | Local 0.1192 | F1_macro 0.6653 | WorstLoss 1.8986
[Tracker] Ep 2814 | AvgR 0.0004 | Global 0.8883 | Local 0.1192 | F1_macro 0.6578 | WorstLoss 2.0034
[Tracker] Ep 2815 | AvgR 0.0004 | Global 0.8664 | Local 0.1192 | F1_macro 0.6625 | WorstLoss 2.0714
[Tracker] Saved snapshot: ep2815_phase1_class1
[Tracker] Ep 2816 | AvgR 0.0005 | Global 0.9011 | Local 0.1192 | F1_macro 0.6594 | WorstLoss 1.9582
[Tracker] Ep 2817 | AvgR 0.0004 | Global 0.8762 | Local 0.1192 | F1_macro 0.6569 | WorstLoss 2.0422
[Tracker] Ep 2818 | AvgR 0.0004 | Global 0.8745 | Local 0.1192 | F1_macro 0.6604 | WorstLoss 2.0474
[Tracker] Ep 2819 | AvgR 0.0005 | Global 0.9107 | Local 0.1192 | F1_macro 0.6505 | WorstLoss 1.9205
[Tracker] Ep 2820 | AvgR 0.0004 | Global 0.8940 | Local 0.1192 | F1_macro 0.6561 | WorstLoss 1.9838
[Tracker] Saved snapshot: ep2820_phase1_class1
[Tracker] Ep 2821 | AvgR 0.0004 | Global 0.8995 | Local 0.1192 | F1_macro 0.6500 | WorstLoss 1.9641
[Tracker] Ep 2822 | AvgR 0.0004 | Global 0.8695 | Local 0.1192 | F1_macro 0.6723 | WorstLoss 2.0623
[Tracker] Ep 2823 | AvgR 0.0004 | Global 0.8645 | Local 0.1192 | F1_macro 0.6597 | WorstLoss 2.0767
[Tracker] Ep 2824 | AvgR 0.0005 | Global 0.9168 | Local 0.1192 | F1_macro 0.6617 | WorstLoss 1.8949
[Tracker] Ep 2825 | AvgR 0.0004 | Global 0.8575 | Local 0.1192 | F1_macro 0.6528 | WorstLoss 2.0963
[Tracker] Saved snapshot: ep2825_phase1_class1
[Tracker] Ep 2826 | AvgR 0.0004 | Global 0.8698 | Local 0.1192 | F1_macro 0.6412 | WorstLoss 2.0617
[Tracker] Ep 2827 | AvgR 0.0004 | Global 0.8707 | Local 0.1192 | F1_macro 0.6549 | WorstLoss 2.0590
[Tracker] Ep 2828 | AvgR 0.0005 | Global 0.9046 | Local 0.1192 | F1_macro 0.6554 | WorstLoss 1.9449
[Tracker] Ep 2829 | AvgR 0.0004 | Global 0.8912 | Local 0.1192 | F1_macro 0.6561 | WorstLoss 1.9937
[Tracker] Ep 2830 | AvgR 0.0005 | Global 0.9385 | Local 0.1192 | F1_macro 0.6614 | WorstLoss 1.7861
[Tracker] Saved snapshot: ep2830_phase1_class1
[Tracker] Ep 2831 | AvgR 0.0004 | Global 0.8971 | Local 0.1192 | F1_macro 0.6532 | WorstLoss 1.9728
[Tracker] Ep 2832 | AvgR 0.0004 | Global 0.8453 | Local 0.1192 | F1_macro 0.6660 | WorstLoss 2.1285
[Tracker] Ep 2833 | AvgR 0.0005 | Global 0.9345 | Local 0.1192 | F1_macro 0.6699 | WorstLoss 1.8086
[Tracker] Ep 2834 | AvgR 0.0004 | Global 0.8769 | Local 0.1192 | F1_macro 0.6484 | WorstLoss 2.0401
[Tracker] Ep 2835 | AvgR 0.0004 | Global 0.8720 | Local 0.1192 | F1_macro 0.6495 | WorstLoss 2.0551
[Tracker] Saved snapshot: ep2835_phase1_class1
[Tracker] Ep 2836 | AvgR 0.0004 | Global 0.8717 | Local 0.1192 | F1_macro 0.6580 | WorstLoss 2.0559
[Tracker] Ep 2837 | AvgR 0.0004 | Global 0.8608 | Local 0.1192 | F1_macro 0.6548 | WorstLoss 2.0872
[Tracker] Ep 2838 | AvgR 0.0005 | Global 0.9094 | Local 0.1192 | F1_macro 0.6564 | WorstLoss 1.9258
[Tracker] Ep 2839 | AvgR 0.0004 | Global 0.8976 | Local 0.1192 | F1_macro 0.6688 | WorstLoss 1.9708
[Tracker] Ep 2840 | AvgR 0.0004 | Global 0.8944 | Local 0.1192 | F1_macro 0.6591 | WorstLoss 1.9825
[Tracker] Saved snapshot: ep2840_phase1_class1
[Tracker] Ep 2841 | AvgR 0.0005 | Global 0.9212 | Local 0.1192 | F1_macro 0.6751 | WorstLoss 1.8750
[Tracker] Ep 2842 | AvgR 0.0005 | Global 0.9071 | Local 0.1192 | F1_macro 0.6611 | WorstLoss 1.9351
[Tracker] Ep 2843 | AvgR 0.0004 | Global 0.8958 | Local 0.1192 | F1_macro 0.6622 | WorstLoss 1.9776
[Tracker] Ep 2844 | AvgR 0.0004 | Global 0.8881 | Local 0.1192 | F1_macro 0.6654 | WorstLoss 2.0041
[Tracker] Ep 2845 | AvgR 0.0004 | Global 0.8707 | Local 0.1192 | F1_macro 0.6682 | WorstLoss 2.0588
[Tracker] Saved snapshot: ep2845_phase1_class1
[Tracker] Ep 2846 | AvgR 0.0004 | Global 0.8678 | Local 0.1192 | F1_macro 0.6617 | WorstLoss 2.0675
[Tracker] Ep 2847 | AvgR 0.0004 | Global 0.8855 | Local 0.1192 | F1_macro 0.6705 | WorstLoss 2.0127
[Tracker] Ep 2848 | AvgR 0.0004 | Global 0.8837 | Local 0.1192 | F1_macro 0.6611 | WorstLoss 2.0186
[Tracker] Ep 2849 | AvgR 0.0004 | Global 0.8877 | Local 0.1192 | F1_macro 0.6575 | WorstLoss 2.0054
[Tracker] Ep 2850 | AvgR 0.0005 | Global 0.9045 | Local 0.1192 | F1_macro 0.6579 | WorstLoss 1.9453
[Tracker] Saved snapshot: ep2850_phase1_class1
[Tracker] Ep 2851 | AvgR 0.0004 | Global 0.8821 | Local 0.1192 | F1_macro 0.6636 | WorstLoss 2.0238
[Tracker] Ep 2852 | AvgR 0.0005 | Global 0.9207 | Local 0.1192 | F1_macro 0.6606 | WorstLoss 1.8772
[Tracker] Ep 2853 | AvgR 0.0004 | Global 0.8769 | Local 0.1192 | F1_macro 0.6578 | WorstLoss 2.0401
[Tracker] Ep 2854 | AvgR 0.0005 | Global 0.9029 | Local 0.1192 | F1_macro 0.6465 | WorstLoss 1.9512
[Tracker] Ep 2855 | AvgR 0.0005 | Global 0.9162 | Local 0.1192 | F1_macro 0.6476 | WorstLoss 1.8972
[Tracker] Saved snapshot: ep2855_phase1_class1
[Tracker] Ep 2856 | AvgR 0.0005 | Global 0.9122 | Local 0.1192 | F1_macro 0.6512 | WorstLoss 1.9142
[Tracker] Ep 2857 | AvgR 0.0004 | Global 0.8712 | Local 0.1192 | F1_macro 0.6514 | WorstLoss 2.0573
[Tracker] Ep 2858 | AvgR 0.0004 | Global 0.8943 | Local 0.1192 | F1_macro 0.6465 | WorstLoss 1.9827
[Tracker] Ep 2859 | AvgR 0.0005 | Global 0.9140 | Local 0.1192 | F1_macro 0.6555 | WorstLoss 1.9069
[Tracker] Ep 2860 | AvgR 0.0004 | Global 0.8553 | Local 0.1192 | F1_macro 0.6589 | WorstLoss 2.1024
[Tracker] Saved snapshot: ep2860_phase1_class1
[Tracker] Ep 2861 | AvgR 0.0004 | Global 0.8820 | Local 0.1192 | F1_macro 0.6747 | WorstLoss 2.0240
[Tracker] Ep 2862 | AvgR 0.0004 | Global 0.7939 | Local 0.1192 | F1_macro 0.6377 | WorstLoss 2.2450
[Tracker] Ep 2863 | AvgR 0.0004 | Global 0.8643 | Local 0.1192 | F1_macro 0.6625 | WorstLoss 2.0773
[Tracker] Ep 2864 | AvgR 0.0005 | Global 0.9102 | Local 0.1192 | F1_macro 0.6552 | WorstLoss 1.9224
[Tracker] Ep 2865 | AvgR 0.0004 | Global 0.8705 | Local 0.1192 | F1_macro 0.6631 | WorstLoss 2.0596
[Tracker] Saved snapshot: ep2865_phase1_class1
[Tracker] Ep 2866 | AvgR 0.0005 | Global 0.9101 | Local 0.1192 | F1_macro 0.6546 | WorstLoss 1.9231
[Tracker] Ep 2867 | AvgR 0.0004 | Global 0.8760 | Local 0.1192 | F1_macro 0.6654 | WorstLoss 2.0429
[Tracker] Ep 2868 | AvgR 0.0005 | Global 0.9124 | Local 0.1192 | F1_macro 0.6573 | WorstLoss 1.9134
[Tracker] Ep 2869 | AvgR 0.0004 | Global 0.8569 | Local 0.1192 | F1_macro 0.6604 | WorstLoss 2.0981
[Tracker] Ep 2870 | AvgR 0.0004 | Global 0.8426 | Local 0.1192 | F1_macro 0.6349 | WorstLoss 2.1354
[Tracker] Saved snapshot: ep2870_phase1_class1
[Tracker] Ep 2871 | AvgR 0.0004 | Global 0.8761 | Local 0.1192 | F1_macro 0.6567 | WorstLoss 2.0427
[Tracker] Ep 2872 | AvgR 0.0004 | Global 0.8832 | Local 0.1192 | F1_macro 0.6643 | WorstLoss 2.0202
[Tracker] Ep 2873 | AvgR 0.0004 | Global 0.8739 | Local 0.1192 | F1_macro 0.6533 | WorstLoss 2.0492
[Tracker] Ep 2874 | AvgR 0.0005 | Global 0.9164 | Local 0.1192 | F1_macro 0.6638 | WorstLoss 1.8965
[Tracker] Ep 2875 | AvgR 0.0004 | Global 0.8832 | Local 0.1192 | F1_macro 0.6595 | WorstLoss 2.0201
[Tracker] Saved snapshot: ep2875_phase1_class1
[Tracker] Ep 2876 | AvgR 0.0004 | Global 0.8803 | Local 0.1192 | F1_macro 0.6614 | WorstLoss 2.0295
[Tracker] Ep 2877 | AvgR 0.0005 | Global 0.9124 | Local 0.1192 | F1_macro 0.6609 | WorstLoss 1.9136
[Tracker] Ep 2878 | AvgR 0.0004 | Global 0.8408 | Local 0.1192 | F1_macro 0.6493 | WorstLoss 2.1398
[Tracker] Ep 2879 | AvgR 0.0004 | Global 0.8614 | Local 0.1192 | F1_macro 0.6566 | WorstLoss 2.0857
[Tracker] Ep 2880 | AvgR 0.0005 | Global 0.9114 | Local 0.1192 | F1_macro 0.6611 | WorstLoss 1.9176
[Tracker] Saved snapshot: ep2880_phase1_class1
[Tracker] Ep 2881 | AvgR 0.0004 | Global 0.8616 | Local 0.1192 | F1_macro 0.6502 | WorstLoss 2.0851
[Tracker] Ep 2882 | AvgR 0.0004 | Global 0.8937 | Local 0.1192 | F1_macro 0.6440 | WorstLoss 1.9848
[Tracker] Ep 2883 | AvgR 0.0004 | Global 0.8867 | Local 0.1192 | F1_macro 0.6554 | WorstLoss 2.0086
[Tracker] Ep 2884 | AvgR 0.0005 | Global 0.9083 | Local 0.1192 | F1_macro 0.6567 | WorstLoss 1.9300
[Tracker] Ep 2885 | AvgR 0.0004 | Global 0.8738 | Local 0.1192 | F1_macro 0.6657 | WorstLoss 2.0496
[Tracker] Saved snapshot: ep2885_phase1_class1
[Tracker] Ep 2886 | AvgR 0.0004 | Global 0.8594 | Local 0.1192 | F1_macro 0.6632 | WorstLoss 2.0913
[Tracker] Ep 2887 | AvgR 0.0004 | Global 0.8264 | Local 0.1192 | F1_macro 0.6321 | WorstLoss 2.1746
[Tracker] Ep 2888 | AvgR 0.0005 | Global 0.9023 | Local 0.1192 | F1_macro 0.6697 | WorstLoss 1.9536
[Tracker] Ep 2889 | AvgR 0.0004 | Global 0.8873 | Local 0.1192 | F1_macro 0.6490 | WorstLoss 2.0069
[Tracker] Ep 2890 | AvgR 0.0004 | Global 0.8350 | Local 0.1192 | F1_macro 0.6552 | WorstLoss 2.1541
[Tracker] Saved snapshot: ep2890_phase1_class1
[Tracker] Ep 2891 | AvgR 0.0004 | Global 0.8355 | Local 0.1192 | F1_macro 0.6587 | WorstLoss 2.1529
[Tracker] Ep 2892 | AvgR 0.0004 | Global 0.8669 | Local 0.1192 | F1_macro 0.6502 | WorstLoss 2.0701
[Tracker] Ep 2893 | AvgR 0.0004 | Global 0.8795 | Local 0.1192 | F1_macro 0.6515 | WorstLoss 2.0320
[Tracker] Ep 2894 | AvgR 0.0004 | Global 0.8752 | Local 0.1192 | F1_macro 0.6595 | WorstLoss 2.0454
[Tracker] Ep 2895 | AvgR 0.0005 | Global 0.9165 | Local 0.1192 | F1_macro 0.6575 | WorstLoss 1.8960
[Tracker] Saved snapshot: ep2895_phase1_class1
[Tracker] Ep 2896 | AvgR 0.0004 | Global 0.8673 | Local 0.1192 | F1_macro 0.6507 | WorstLoss 2.0690
[Tracker] Ep 2897 | AvgR 0.0005 | Global 0.9084 | Local 0.1192 | F1_macro 0.6580 | WorstLoss 1.9297
[Tracker] Ep 2898 | AvgR 0.0005 | Global 0.9264 | Local 0.1192 | F1_macro 0.6670 | WorstLoss 1.8505
[Tracker] Ep 2899 | AvgR 0.0005 | Global 0.9023 | Local 0.1192 | F1_macro 0.6567 | WorstLoss 1.9535
[Tracker] Ep 2900 | AvgR 0.0004 | Global 0.8731 | Local 0.1192 | F1_macro 0.6499 | WorstLoss 2.0518
[Tracker] Saved snapshot: ep2900_phase1_class1
[Tracker] Ep 2901 | AvgR 0.0004 | Global 0.8635 | Local 0.1192 | F1_macro 0.6525 | WorstLoss 2.0798
[Tracker] Ep 2902 | AvgR 0.0005 | Global 0.9280 | Local 0.1192 | F1_macro 0.6600 | WorstLoss 1.8427
[Tracker] Ep 2903 | AvgR 0.0004 | Global 0.8557 | Local 0.1192 | F1_macro 0.6536 | WorstLoss 2.1012
[Tracker] Ep 2904 | AvgR 0.0004 | Global 0.8854 | Local 0.1192 | F1_macro 0.6540 | WorstLoss 2.0129
[Tracker] Ep 2905 | AvgR 0.0004 | Global 0.8873 | Local 0.1192 | F1_macro 0.6499 | WorstLoss 2.0067
[Tracker] Saved snapshot: ep2905_phase1_class1
[Tracker] Ep 2906 | AvgR 0.0005 | Global 0.9064 | Local 0.1192 | F1_macro 0.6694 | WorstLoss 1.9376
[Tracker] Ep 2907 | AvgR 0.0004 | Global 0.8887 | Local 0.1192 | F1_macro 0.6507 | WorstLoss 2.0022
[Tracker] Ep 2908 | AvgR 0.0005 | Global 0.9249 | Local 0.1192 | F1_macro 0.6693 | WorstLoss 1.8579
[Tracker] Ep 2909 | AvgR 0.0004 | Global 0.7800 | Local 0.1192 | F1_macro 0.6540 | WorstLoss 2.2727
[Tracker] Ep 2910 | AvgR 0.0005 | Global 0.9179 | Local 0.1192 | F1_macro 0.6621 | WorstLoss 1.8898
[Tracker] Saved snapshot: ep2910_phase1_class1
[Tracker] Ep 2911 | AvgR 0.0004 | Global 0.8855 | Local 0.1192 | F1_macro 0.6518 | WorstLoss 2.0128
[Tracker] Ep 2912 | AvgR 0.0004 | Global 0.8820 | Local 0.1192 | F1_macro 0.6574 | WorstLoss 2.0242
[Tracker] Ep 2913 | AvgR 0.0004 | Global 0.8933 | Local 0.1192 | F1_macro 0.6549 | WorstLoss 1.9862
[Tracker] Ep 2914 | AvgR 0.0004 | Global 0.8853 | Local 0.1192 | F1_macro 0.6679 | WorstLoss 2.0134
[Tracker] Ep 2915 | AvgR 0.0004 | Global 0.8598 | Local 0.1192 | F1_macro 0.6615 | WorstLoss 2.0901
[Tracker] Saved snapshot: ep2915_phase1_class1
[Tracker] Ep 2916 | AvgR 0.0004 | Global 0.8917 | Local 0.1192 | F1_macro 0.6551 | WorstLoss 1.9919
[Tracker] Ep 2917 | AvgR 0.0004 | Global 0.8309 | Local 0.1192 | F1_macro 0.6495 | WorstLoss 2.1640
[Tracker] Ep 2918 | AvgR 0.0004 | Global 0.8763 | Local 0.1192 | F1_macro 0.6623 | WorstLoss 2.0420
[Tracker] Ep 2919 | AvgR 0.0004 | Global 0.8718 | Local 0.1192 | F1_macro 0.6501 | WorstLoss 2.0555
[Tracker] Ep 2920 | AvgR 0.0004 | Global 0.8221 | Local 0.1192 | F1_macro 0.6493 | WorstLoss 2.1844
[Tracker] Saved snapshot: ep2920_phase1_class1
[Tracker] Ep 2921 | AvgR 0.0004 | Global 0.8807 | Local 0.1192 | F1_macro 0.6504 | WorstLoss 2.0281
[Tracker] Ep 2922 | AvgR 0.0004 | Global 0.8265 | Local 0.1192 | F1_macro 0.6452 | WorstLoss 2.1742
[Tracker] Ep 2923 | AvgR 0.0005 | Global 0.9249 | Local 0.1192 | F1_macro 0.6675 | WorstLoss 1.8577
[Tracker] Ep 2924 | AvgR 0.0005 | Global 0.9143 | Local 0.1192 | F1_macro 0.6671 | WorstLoss 1.9054
[Tracker] Ep 2925 | AvgR 0.0004 | Global 0.8927 | Local 0.1192 | F1_macro 0.6440 | WorstLoss 1.9884
[Tracker] Saved snapshot: ep2925_phase1_class1
[Tracker] Ep 2926 | AvgR 0.0005 | Global 0.9014 | Local 0.1192 | F1_macro 0.6663 | WorstLoss 1.9568
[Tracker] Ep 2927 | AvgR 0.0004 | Global 0.8762 | Local 0.1192 | F1_macro 0.6377 | WorstLoss 2.0421
[Tracker] Ep 2928 | AvgR 0.0004 | Global 0.8576 | Local 0.1192 | F1_macro 0.6518 | WorstLoss 2.0961
[Tracker] Ep 2929 | AvgR 0.0004 | Global 0.8861 | Local 0.1192 | F1_macro 0.6655 | WorstLoss 2.0108
[Tracker] Ep 2930 | AvgR 0.0004 | Global 0.8835 | Local 0.1192 | F1_macro 0.6600 | WorstLoss 2.0194
[Tracker] Saved snapshot: ep2930_phase1_class1
[Tracker] Ep 2931 | AvgR 0.0004 | Global 0.8739 | Local 0.1192 | F1_macro 0.6582 | WorstLoss 2.0492
[Tracker] Ep 2932 | AvgR 0.0005 | Global 0.9543 | Local 0.1192 | F1_macro 0.6618 | WorstLoss 1.6816
[Tracker] Ep 2933 | AvgR 0.0005 | Global 0.9234 | Local 0.1192 | F1_macro 0.6733 | WorstLoss 1.8649
[Tracker] Ep 2934 | AvgR 0.0005 | Global 0.9335 | Local 0.1192 | F1_macro 0.6688 | WorstLoss 1.8142
[Tracker] Ep 2935 | AvgR 0.0004 | Global 0.8993 | Local 0.1192 | F1_macro 0.6510 | WorstLoss 1.9647
[Tracker] Saved snapshot: ep2935_phase1_class1
[Tracker] Ep 2936 | AvgR 0.0004 | Global 0.8776 | Local 0.1192 | F1_macro 0.6539 | WorstLoss 2.0380
[Tracker] Ep 2937 | AvgR 0.0004 | Global 0.8986 | Local 0.1192 | F1_macro 0.6708 | WorstLoss 1.9675
[Tracker] Ep 2938 | AvgR 0.0004 | Global 0.8869 | Local 0.1192 | F1_macro 0.6498 | WorstLoss 2.0080
[Tracker] Ep 2939 | AvgR 0.0005 | Global 0.9034 | Local 0.1192 | F1_macro 0.6531 | WorstLoss 1.9492
[Tracker] Ep 2940 | AvgR 0.0004 | Global 0.8887 | Local 0.1192 | F1_macro 0.6527 | WorstLoss 2.0021
[Tracker] Saved snapshot: ep2940_phase1_class1
[Tracker] Ep 2941 | AvgR 0.0005 | Global 0.9105 | Local 0.1192 | F1_macro 0.6535 | WorstLoss 1.9212
[Tracker] Ep 2942 | AvgR 0.0004 | Global 0.8444 | Local 0.1192 | F1_macro 0.6549 | WorstLoss 2.1307
[Tracker] Ep 2943 | AvgR 0.0004 | Global 0.8826 | Local 0.1192 | F1_macro 0.6719 | WorstLoss 2.0221
[Tracker] Ep 2944 | AvgR 0.0004 | Global 0.8471 | Local 0.1192 | F1_macro 0.6720 | WorstLoss 2.1239
[Tracker] Ep 2945 | AvgR 0.0004 | Global 0.8665 | Local 0.1192 | F1_macro 0.6504 | WorstLoss 2.0712
[Tracker] Saved snapshot: ep2945_phase1_class1
[Tracker] Ep 2946 | AvgR 0.0004 | Global 0.8867 | Local 0.1192 | F1_macro 0.6665 | WorstLoss 2.0088
[Tracker] Ep 2947 | AvgR 0.0005 | Global 0.9046 | Local 0.1192 | F1_macro 0.6638 | WorstLoss 1.9447
[Tracker] Ep 2948 | AvgR 0.0004 | Global 0.8768 | Local 0.1192 | F1_macro 0.6671 | WorstLoss 2.0403
[Tracker] Ep 2949 | AvgR 0.0005 | Global 0.9167 | Local 0.1192 | F1_macro 0.6692 | WorstLoss 1.8949
[Tracker] Ep 2950 | AvgR 0.0004 | Global 0.8856 | Local 0.1192 | F1_macro 0.6582 | WorstLoss 2.0124
[Tracker] Saved snapshot: ep2950_phase1_class1
[Tracker] Ep 2951 | AvgR 0.0005 | Global 0.9250 | Local 0.1192 | F1_macro 0.6635 | WorstLoss 1.8571
[Tracker] Ep 2952 | AvgR 0.0004 | Global 0.7778 | Local 0.1192 | F1_macro 0.6365 | WorstLoss 2.2771
[Tracker] Ep 2953 | AvgR 0.0004 | Global 0.8387 | Local 0.1192 | F1_macro 0.6473 | WorstLoss 2.1450
[Tracker] Ep 2954 | AvgR 0.0004 | Global 0.8922 | Local 0.1192 | F1_macro 0.6571 | WorstLoss 1.9900
[Tracker] Ep 2955 | AvgR 0.0004 | Global 0.8953 | Local 0.1192 | F1_macro 0.6604 | WorstLoss 1.9793
[Tracker] Saved snapshot: ep2955_phase1_class1
[Tracker] Ep 2956 | AvgR 0.0004 | Global 0.8560 | Local 0.1192 | F1_macro 0.6495 | WorstLoss 2.1004
[Tracker] Ep 2957 | AvgR 0.0004 | Global 0.8428 | Local 0.1192 | F1_macro 0.6522 | WorstLoss 2.1348
[Tracker] Ep 2958 | AvgR 0.0004 | Global 0.8901 | Local 0.1192 | F1_macro 0.6459 | WorstLoss 1.9975
[Tracker] Ep 2959 | AvgR 0.0004 | Global 0.8262 | Local 0.1192 | F1_macro 0.6453 | WorstLoss 2.1750
[Tracker] Ep 2960 | AvgR 0.0004 | Global 0.8445 | Local 0.1192 | F1_macro 0.6630 | WorstLoss 2.1305
[Tracker] Saved snapshot: ep2960_phase1_class1
[Tracker] Ep 2961 | AvgR 0.0004 | Global 0.8226 | Local 0.1192 | F1_macro 0.6367 | WorstLoss 2.1833
[Tracker] Ep 2962 | AvgR 0.0004 | Global 0.8632 | Local 0.1192 | F1_macro 0.6574 | WorstLoss 2.0806
[Tracker] Ep 2963 | AvgR 0.0004 | Global 0.8855 | Local 0.1192 | F1_macro 0.6493 | WorstLoss 2.0127
[Tracker] Ep 2964 | AvgR 0.0005 | Global 0.9195 | Local 0.1192 | F1_macro 0.6691 | WorstLoss 1.8828
[Tracker] Ep 2965 | AvgR 0.0004 | Global 0.8727 | Local 0.1192 | F1_macro 0.6690 | WorstLoss 2.0530
[Tracker] Saved snapshot: ep2965_phase1_class1
[Tracker] Ep 2966 | AvgR 0.0004 | Global 0.8663 | Local 0.1192 | F1_macro 0.6601 | WorstLoss 2.0718
[Tracker] Ep 2967 | AvgR 0.0004 | Global 0.8359 | Local 0.1192 | F1_macro 0.6448 | WorstLoss 2.1518
[Tracker] Ep 2968 | AvgR 0.0005 | Global 0.9228 | Local 0.1192 | F1_macro 0.6597 | WorstLoss 1.8675
[Tracker] Ep 2969 | AvgR 0.0005 | Global 0.9249 | Local 0.1192 | F1_macro 0.6653 | WorstLoss 1.8576
[Tracker] Ep 2970 | AvgR 0.0004 | Global 0.8217 | Local 0.1192 | F1_macro 0.6421 | WorstLoss 2.1853
[Tracker] Saved snapshot: ep2970_phase1_class1
[Tracker] Ep 2971 | AvgR 0.0004 | Global 0.8436 | Local 0.1192 | F1_macro 0.6481 | WorstLoss 2.1330
[Tracker] Ep 2972 | AvgR 0.0004 | Global 0.8724 | Local 0.1192 | F1_macro 0.6547 | WorstLoss 2.0538
[Tracker] Ep 2973 | AvgR 0.0004 | Global 0.8854 | Local 0.1192 | F1_macro 0.6634 | WorstLoss 2.0132
[Tracker] Ep 2974 | AvgR 0.0005 | Global 0.9001 | Local 0.1192 | F1_macro 0.6567 | WorstLoss 1.9619
[Tracker] Ep 2975 | AvgR 0.0005 | Global 0.9226 | Local 0.1192 | F1_macro 0.6436 | WorstLoss 1.8686
[Tracker] Saved snapshot: ep2975_phase1_class1
[Tracker] Ep 2976 | AvgR 0.0005 | Global 0.9100 | Local 0.1192 | F1_macro 0.6475 | WorstLoss 1.9232
[Tracker] Ep 2977 | AvgR 0.0004 | Global 0.8520 | Local 0.1192 | F1_macro 0.6589 | WorstLoss 2.1111
[Tracker] Ep 2978 | AvgR 0.0005 | Global 0.9012 | Local 0.1192 | F1_macro 0.6683 | WorstLoss 1.9577
[Tracker] Ep 2979 | AvgR 0.0004 | Global 0.8626 | Local 0.1192 | F1_macro 0.6572 | WorstLoss 2.0822
[Tracker] Ep 2980 | AvgR 0.0004 | Global 0.8423 | Local 0.1192 | F1_macro 0.6489 | WorstLoss 2.1362
[Tracker] Saved snapshot: ep2980_phase1_class1
[Tracker] Ep 2981 | AvgR 0.0004 | Global 0.8817 | Local 0.1192 | F1_macro 0.6636 | WorstLoss 2.0251
[Tracker] Ep 2982 | AvgR 0.0004 | Global 0.8640 | Local 0.1192 | F1_macro 0.6465 | WorstLoss 2.0784
[Tracker] Ep 2983 | AvgR 0.0004 | Global 0.8453 | Local 0.1192 | F1_macro 0.6577 | WorstLoss 2.1284
[Tracker] Ep 2984 | AvgR 0.0005 | Global 0.9373 | Local 0.1192 | F1_macro 0.6553 | WorstLoss 1.7932
[Tracker] Ep 2985 | AvgR 0.0004 | Global 0.8629 | Local 0.1192 | F1_macro 0.6515 | WorstLoss 2.0813
[Tracker] Saved snapshot: ep2985_phase1_class1
[Tracker] Ep 2986 | AvgR 0.0004 | Global 0.8863 | Local 0.1192 | F1_macro 0.6481 | WorstLoss 2.0100
[Tracker] Ep 2987 | AvgR 0.0004 | Global 0.8660 | Local 0.1192 | F1_macro 0.6565 | WorstLoss 2.0725
[Tracker] Ep 2988 | AvgR 0.0004 | Global 0.8744 | Local 0.1192 | F1_macro 0.6619 | WorstLoss 2.0479
[Tracker] Ep 2989 | AvgR 0.0005 | Global 0.9039 | Local 0.1192 | F1_macro 0.6649 | WorstLoss 1.9474
[Tracker] Ep 2990 | AvgR 0.0004 | Global 0.8942 | Local 0.1192 | F1_macro 0.6455 | WorstLoss 1.9830
[Tracker] Saved snapshot: ep2990_phase1_class1
[Tracker] Ep 2991 | AvgR 0.0004 | Global 0.8789 | Local 0.1192 | F1_macro 0.6528 | WorstLoss 2.0338
[Tracker] Ep 2992 | AvgR 0.0004 | Global 0.8163 | Local 0.1192 | F1_macro 0.6507 | WorstLoss 2.1975
[Tracker] Ep 2993 | AvgR 0.0004 | Global 0.8695 | Local 0.1192 | F1_macro 0.6532 | WorstLoss 2.0625
[Tracker] Ep 2994 | AvgR 0.0005 | Global 0.9184 | Local 0.1192 | F1_macro 0.6643 | WorstLoss 1.8876
[Tracker] Ep 2995 | AvgR 0.0005 | Global 0.9207 | Local 0.1192 | F1_macro 0.6597 | WorstLoss 1.8774
[Tracker] Saved snapshot: ep2995_phase1_class1
[Tracker] Ep 2996 | AvgR 0.0005 | Global 0.9122 | Local 0.1192 | F1_macro 0.6638 | WorstLoss 1.9145
[Tracker] Ep 2997 | AvgR 0.0004 | Global 0.8099 | Local 0.1192 | F1_macro 0.6481 | WorstLoss 2.2115
[Tracker] Ep 2998 | AvgR 0.0004 | Global 0.8766 | Local 0.1192 | F1_macro 0.6449 | WorstLoss 2.0412
[Tracker] Ep 2999 | AvgR 0.0004 | Global 0.8940 | Local 0.1192 | F1_macro 0.6528 | WorstLoss 1.9837
[Tracker] Ep 3000 | AvgR 0.0004 | Global 0.8451 | Local 0.1192 | F1_macro 0.6430 | WorstLoss 2.1290
[Tracker] Saved snapshot: ep3000_phase1_class1
[Phase] Finished phase1_class1 | best global_obj=0.9571
[TestSuite] Using provided β (no best checkpoint found or factory missing).

[TEST] Alpha -> F1(min)=0.5801 | F1(maj)=0.7144 | F1(weighted)=0.6512 | F1(macro)=0.6473 | Brier=0.2510
[TEST] Beta  -> F1(min)=0.5620 | F1(maj)=0.7247 | F1(weighted)=0.6481 | F1(macro)=0.6434 | Brier=0.2437
[TestSuite] Final test metrics appended to (seed): training_runs/SPECcompas_v18k3_ep3000_gpu1_EP3000_PCA10_REWfairness_minID0_majID1_TRJ2000_REAL3000_BIAS0.05_GG202604111115_d5681707/seed_2/final_test_metrics.csv
[TestSuite] Final test metrics appended to (experiment): training_runs/SPECcompas_v18k3_ep3000_gpu1_EP3000_PCA10_REWfairness_minID0_majID1_TRJ2000_REAL3000_BIAS0.05_GG202604111115_d5681707/final_test_metrics.csv
Total time 12868.44s
[Tracker] Finished. Run folder: training_runs/SPECcompas_v18k3_ep3000_gpu1_EP3000_PCA10_REWfairness_minID0_majID1_TRJ2000_REAL3000_BIAS0.05_GG202604111115_d5681707/seed_2
[main] ---- running seed=3 ----
FFNN Using device: cuda:1
FFNN Using device: cuda:1
[Tracker] Experiment: SPECcompas_v18k3_ep3000_gpu1_EP3000_PCA10_REWfairness_minID0_majID1_TRJ2000_REAL3000_BIAS0.05_GG202604111115_d5681707
[Tracker] Seed folder: training_runs/SPECcompas_v18k3_ep3000_gpu1_EP3000_PCA10_REWfairness_minID0_majID1_TRJ2000_REAL3000_BIAS0.05_GG202604111115_d5681707/seed_3
[Tracker] Run: 2026-04-11_14-49-58_seed3_82403_efe58782
[Tracker] Metrics CSV: training_runs/SPECcompas_v18k3_ep3000_gpu1_EP3000_PCA10_REWfairness_minID0_majID1_TRJ2000_REAL3000_BIAS0.05_GG202604111115_d5681707/seed_3/metrics.csv
[Tracker] Mirroring console to: training_runs/SPECcompas_v18k3_ep3000_gpu1_EP3000_PCA10_REWfairness_minID0_majID1_TRJ2000_REAL3000_BIAS0.05_GG202604111115_d5681707/seed_3/console.log
[compas] Label distribution: {0: 2795, 1: 2483}
[compas/TRAIN] size=2709, minority=1032 (38.10%)
[compas/VAL] size=1056, minority=497 (47.06%)
[compas/TEST] size=1056, minority=497 (47.06%)
FFNN Using device: cuda:1
FFNN Using device: cuda:1
Beta will train with: 57.53% real data, 42.47% synthetic data: 
[disadv] group=0 per_g={0: 1.1360605955123901, 1: 0.6008974313735962} worst_4g=3.0199 soft_eo_alpha=0.5004
Anchors: 39 (disadv=0) sigma_anchor=0.8500
[Tracker] Alpha model state_dict saved to training_runs/SPECcompas_v18k3_ep3000_gpu1_EP3000_PCA10_REWfairness_minID0_majID1_TRJ2000_REAL3000_BIAS0.05_GG202604111115_d5681707/seed_3/alpha_state_dict.pt
[Tracker] Alpha model config saved to training_runs/SPECcompas_v18k3_ep3000_gpu1_EP3000_PCA10_REWfairness_minID0_majID1_TRJ2000_REAL3000_BIAS0.05_GG202604111115_d5681707/seed_3/ffnn_meta.json

============================================================
[Phase] Starting phase1_class1 | target_class=1 | episodes=3000
============================================================
[Tracker] CSV header written with 44 columns.
[Tracker] Ep    1 | AvgR 0.0002 | Global 0.3656 | Local 0.1192 | F1_macro 0.6628 | WorstLoss 3.2009
[Tracker] New BEST synthetic [phase1_class1] (by global.global_obj: 0.365577) saved.
[Tracker] BEST β weights [phase1_class1] saved -> training_runs/SPECcompas_v18k3_ep3000_gpu1_EP3000_PCA10_REWfairness_minID0_majID1_TRJ2000_REAL3000_BIAS0.05_GG202604111115_d5681707/seed_3/best_beta_state_dict_phase1_class1.pt
[Tracker] Ep    2 | AvgR 0.0002 | Global 0.4967 | Local 0.1192 | F1_macro 0.6442 | WorstLoss 3.0224
[Tracker] New BEST synthetic [phase1_class1] (by global.global_obj: 0.496710) saved.
[Tracker] BEST β weights [phase1_class1] saved -> training_runs/SPECcompas_v18k3_ep3000_gpu1_EP3000_PCA10_REWfairness_minID0_majID1_TRJ2000_REAL3000_BIAS0.05_GG202604111115_d5681707/seed_3/best_beta_state_dict_phase1_class1.pt
[Tracker] Ep    3 | AvgR 0.0003 | Global 0.6178 | Local 0.1192 | F1_macro 0.6539 | WorstLoss 2.8565
[Tracker] New BEST synthetic [phase1_class1] (by global.global_obj: 0.617752) saved.
[Tracker] BEST β weights [phase1_class1] saved -> training_runs/SPECcompas_v18k3_ep3000_gpu1_EP3000_PCA10_REWfairness_minID0_majID1_TRJ2000_REAL3000_BIAS0.05_GG202604111115_d5681707/seed_3/best_beta_state_dict_phase1_class1.pt
[Tracker] Ep    4 | AvgR 0.0003 | Global 0.5039 | Local 0.1192 | F1_macro 0.6550 | WorstLoss 3.0147
[Tracker] Ep    5 | AvgR 0.0003 | Global 0.5038 | Local 0.1192 | F1_macro 0.6454 | WorstLoss 3.0064
[Tracker] Saved snapshot: ep0005_phase1_class1
[Tracker] Ep    6 | AvgR 0.0003 | Global 0.5422 | Local 0.1192 | F1_macro 0.6521 | WorstLoss 2.9607
[Tracker] Ep    7 | AvgR 0.0002 | Global 0.4936 | Local 0.1192 | F1_macro 0.6462 | WorstLoss 3.0284
[Tracker] Ep    8 | AvgR 0.0002 | Global 0.4565 | Local 0.1192 | F1_macro 0.6456 | WorstLoss 3.0780
[Tracker] Ep    9 | AvgR 0.0003 | Global 0.5170 | Local 0.1192 | F1_macro 0.6575 | WorstLoss 2.9973
[Tracker] Ep   10 | AvgR 0.0003 | Global 0.5882 | Local 0.1192 | F1_macro 0.6546 | WorstLoss 2.8955
[Tracker] Saved snapshot: ep0010_phase1_class1
[Tracker] Ep   11 | AvgR 0.0003 | Global 0.5640 | Local 0.1192 | F1_macro 0.6469 | WorstLoss 2.9342
[Tracker] Ep   12 | AvgR 0.0002 | Global 0.4395 | Local 0.1192 | F1_macro 0.6467 | WorstLoss 3.0964
[Tracker] Ep   13 | AvgR 0.0002 | Global 0.4694 | Local 0.1192 | F1_macro 0.6549 | WorstLoss 3.0574
[Tracker] Ep   14 | AvgR 0.0003 | Global 0.5921 | Local 0.1192 | F1_macro 0.6563 | WorstLoss 2.8957
[Tracker] Ep   15 | AvgR 0.0003 | Global 0.5748 | Local 0.1192 | F1_macro 0.6552 | WorstLoss 2.9195
[Tracker] Saved snapshot: ep0015_phase1_class1
[Tracker] Ep   16 | AvgR 0.0003 | Global 0.5237 | Local 0.1192 | F1_macro 0.6478 | WorstLoss 2.9884
[Tracker] Ep   17 | AvgR 0.0002 | Global 0.4450 | Local 0.1192 | F1_macro 0.6522 | WorstLoss 3.0896
[Tracker] Ep   18 | AvgR 0.0003 | Global 0.5735 | Local 0.1192 | F1_macro 0.6520 | WorstLoss 2.9213
[Tracker] Ep   19 | AvgR 0.0002 | Global 0.3670 | Local 0.1192 | F1_macro 0.6520 | WorstLoss 3.2000
[Tracker] Ep   20 | AvgR 0.0003 | Global 0.5501 | Local 0.1192 | F1_macro 0.6510 | WorstLoss 2.9474
[Tracker] Saved snapshot: ep0020_phase1_class1
[Tracker] Ep   21 | AvgR 0.0002 | Global 0.3962 | Local 0.1192 | F1_macro 0.6571 | WorstLoss 3.1587
[Tracker] Ep   22 | AvgR 0.0002 | Global 0.4994 | Local 0.1192 | F1_macro 0.6478 | WorstLoss 3.0208
[Tracker] Ep   23 | AvgR 0.0002 | Global 0.4486 | Local 0.1192 | F1_macro 0.6537 | WorstLoss 3.0870
[Tracker] Ep   24 | AvgR 0.0003 | Global 0.5665 | Local 0.1192 | F1_macro 0.6480 | WorstLoss 2.9307
[Tracker] Ep   25 | AvgR 0.0002 | Global 0.4785 | Local 0.1192 | F1_macro 0.6558 | WorstLoss 3.0482
[Tracker] Saved snapshot: ep0025_phase1_class1
[Tracker] Ep   26 | AvgR 0.0002 | Global 0.4515 | Local 0.1192 | F1_macro 0.6557 | WorstLoss 3.0842
[Tracker] Ep   27 | AvgR 0.0002 | Global 0.4044 | Local 0.1192 | F1_macro 0.6497 | WorstLoss 3.1490
[Tracker] Ep   28 | AvgR 0.0003 | Global 0.5820 | Local 0.1192 | F1_macro 0.6535 | WorstLoss 2.9096
[Tracker] Ep   29 | AvgR 0.0003 | Global 0.5382 | Local 0.1192 | F1_macro 0.6521 | WorstLoss 2.9688
[Tracker] Ep   30 | AvgR 0.0003 | Global 0.6264 | Local 0.1192 | F1_macro 0.6509 | WorstLoss 2.8477
[Tracker] Saved snapshot: ep0030_phase1_class1
[Tracker] New BEST synthetic [phase1_class1] (by global.global_obj: 0.626365) saved.
[Tracker] BEST β weights [phase1_class1] saved -> training_runs/SPECcompas_v18k3_ep3000_gpu1_EP3000_PCA10_REWfairness_minID0_majID1_TRJ2000_REAL3000_BIAS0.05_GG202604111115_d5681707/seed_3/best_beta_state_dict_phase1_class1.pt
[Tracker] Ep   31 | AvgR 0.0003 | Global 0.5779 | Local 0.1192 | F1_macro 0.6469 | WorstLoss 2.9128
[Tracker] Ep   32 | AvgR 0.0003 | Global 0.5768 | Local 0.1192 | F1_macro 0.6531 | WorstLoss 2.9167
[Tracker] Ep   33 | AvgR 0.0002 | Global 0.4719 | Local 0.1192 | F1_macro 0.6498 | WorstLoss 3.0561
[Tracker] Ep   34 | AvgR 0.0003 | Global 0.5590 | Local 0.1192 | F1_macro 0.6498 | WorstLoss 2.9409
[Tracker] Ep   35 | AvgR 0.0003 | Global 0.6549 | Local 0.1192 | F1_macro 0.6561 | WorstLoss 2.8050
[Tracker] Saved snapshot: ep0035_phase1_class1
[Tracker] New BEST synthetic [phase1_class1] (by global.global_obj: 0.654939) saved.
[Tracker] BEST β weights [phase1_class1] saved -> training_runs/SPECcompas_v18k3_ep3000_gpu1_EP3000_PCA10_REWfairness_minID0_majID1_TRJ2000_REAL3000_BIAS0.05_GG202604111115_d5681707/seed_3/best_beta_state_dict_phase1_class1.pt
[Tracker] Ep   36 | AvgR 0.0003 | Global 0.5071 | Local 0.1192 | F1_macro 0.6541 | WorstLoss 3.0054
[Tracker] Ep   37 | AvgR 0.0003 | Global 0.5690 | Local 0.1192 | F1_macro 0.6537 | WorstLoss 2.9273
[Tracker] Ep   38 | AvgR 0.0003 | Global 0.5248 | Local 0.1192 | F1_macro 0.6535 | WorstLoss 2.9831
[Tracker] Ep   39 | AvgR 0.0003 | Global 0.5268 | Local 0.1192 | F1_macro 0.6530 | WorstLoss 2.9815
[Tracker] Ep   40 | AvgR 0.0003 | Global 0.5677 | Local 0.1192 | F1_macro 0.6523 | WorstLoss 2.9291
[Tracker] Saved snapshot: ep0040_phase1_class1
[Tracker] Ep   41 | AvgR 0.0002 | Global 0.4808 | Local 0.1192 | F1_macro 0.6484 | WorstLoss 3.0441
[Tracker] Ep   42 | AvgR 0.0003 | Global 0.5395 | Local 0.1192 | F1_macro 0.6613 | WorstLoss 2.9671
[Tracker] Ep   43 | AvgR 0.0003 | Global 0.6508 | Local 0.1192 | F1_macro 0.6589 | WorstLoss 2.8124
[Tracker] Ep   44 | AvgR 0.0003 | Global 0.6184 | Local 0.1192 | F1_macro 0.6520 | WorstLoss 2.8576
[Tracker] Ep   45 | AvgR 0.0003 | Global 0.5636 | Local 0.1192 | F1_macro 0.6464 | WorstLoss 2.9273
[Tracker] Saved snapshot: ep0045_phase1_class1
[Tracker] Ep   46 | AvgR 0.0003 | Global 0.5940 | Local 0.1192 | F1_macro 0.6495 | WorstLoss 2.8931
[Tracker] Ep   47 | AvgR 0.0003 | Global 0.5250 | Local 0.1192 | F1_macro 0.6538 | WorstLoss 2.9858
[Tracker] Ep   48 | AvgR 0.0002 | Global 0.4673 | Local 0.1192 | F1_macro 0.6498 | WorstLoss 3.0636
[Tracker] Ep   49 | AvgR 0.0003 | Global 0.5413 | Local 0.1192 | F1_macro 0.6448 | WorstLoss 2.9647
[Tracker] Ep   50 | AvgR 0.0003 | Global 0.5971 | Local 0.1192 | F1_macro 0.6463 | WorstLoss 2.8887
[Tracker] Saved snapshot: ep0050_phase1_class1
[Tracker] Ep   51 | AvgR 0.0002 | Global 0.4547 | Local 0.1192 | F1_macro 0.6564 | WorstLoss 3.0797
[Tracker] Ep   52 | AvgR 0.0002 | Global 0.3593 | Local 0.1192 | F1_macro 0.6562 | WorstLoss 3.2109
[Tracker] Ep   53 | AvgR 0.0002 | Global 0.4614 | Local 0.1192 | F1_macro 0.6527 | WorstLoss 3.0691
[Tracker] Ep   54 | AvgR 0.0003 | Global 0.5262 | Local 0.1192 | F1_macro 0.6549 | WorstLoss 2.9850
[Tracker] Ep   55 | AvgR 0.0003 | Global 0.6821 | Local 0.1192 | F1_macro 0.6606 | WorstLoss 2.7585
[Tracker] Saved snapshot: ep0055_phase1_class1
[Tracker] New BEST synthetic [phase1_class1] (by global.global_obj: 0.682067) saved.
[Tracker] BEST β weights [phase1_class1] saved -> training_runs/SPECcompas_v18k3_ep3000_gpu1_EP3000_PCA10_REWfairness_minID0_majID1_TRJ2000_REAL3000_BIAS0.05_GG202604111115_d5681707/seed_3/best_beta_state_dict_phase1_class1.pt
[Tracker] Ep   56 | AvgR 0.0002 | Global 0.4567 | Local 0.1192 | F1_macro 0.6478 | WorstLoss 3.0779
[Tracker] Ep   57 | AvgR 0.0003 | Global 0.5013 | Local 0.1192 | F1_macro 0.6455 | WorstLoss 3.0113
[Tracker] Ep   58 | AvgR 0.0002 | Global 0.4156 | Local 0.1192 | F1_macro 0.6477 | WorstLoss 3.1336
[Tracker] Ep   59 | AvgR 0.0003 | Global 0.5895 | Local 0.1192 | F1_macro 0.6577 | WorstLoss 2.8993
[Tracker] Ep   60 | AvgR 0.0003 | Global 0.5554 | Local 0.1192 | F1_macro 0.6482 | WorstLoss 2.9428
[Tracker] Saved snapshot: ep0060_phase1_class1
[Tracker] Ep   61 | AvgR 0.0003 | Global 0.5213 | Local 0.1192 | F1_macro 0.6613 | WorstLoss 2.9915
[Tracker] Ep   62 | AvgR 0.0003 | Global 0.5195 | Local 0.1192 | F1_macro 0.6482 | WorstLoss 2.9917
[Tracker] Ep   63 | AvgR 0.0003 | Global 0.5633 | Local 0.1192 | F1_macro 0.6523 | WorstLoss 2.9350
[Tracker] Ep   64 | AvgR 0.0003 | Global 0.5074 | Local 0.1192 | F1_macro 0.6408 | WorstLoss 3.0101
[Tracker] Ep   65 | AvgR 0.0003 | Global 0.5025 | Local 0.1192 | F1_macro 0.6425 | WorstLoss 3.0166
[Tracker] Saved snapshot: ep0065_phase1_class1
[Tracker] Ep   66 | AvgR 0.0003 | Global 0.6418 | Local 0.1192 | F1_macro 0.6419 | WorstLoss 2.8131
[Tracker] Ep   67 | AvgR 0.0003 | Global 0.5812 | Local 0.1192 | F1_macro 0.6475 | WorstLoss 2.9016
[Tracker] Ep   68 | AvgR 0.0003 | Global 0.5315 | Local 0.1192 | F1_macro 0.6484 | WorstLoss 2.9738
[Tracker] Ep   69 | AvgR 0.0002 | Global 0.4164 | Local 0.1192 | F1_macro 0.6505 | WorstLoss 3.1273
[Tracker] Ep   70 | AvgR 0.0002 | Global 0.4981 | Local 0.1192 | F1_macro 0.6534 | WorstLoss 3.0222
[Tracker] Saved snapshot: ep0070_phase1_class1
[Tracker] Ep   71 | AvgR 0.0003 | Global 0.5259 | Local 0.1192 | F1_macro 0.6535 | WorstLoss 2.9844
[Tracker] Ep   72 | AvgR 0.0003 | Global 0.5678 | Local 0.1192 | F1_macro 0.6444 | WorstLoss 2.9263
[Tracker] Ep   73 | AvgR 0.0002 | Global 0.4273 | Local 0.1192 | F1_macro 0.6470 | WorstLoss 3.1145
[Tracker] Ep   74 | AvgR 0.0003 | Global 0.5125 | Local 0.1192 | F1_macro 0.6393 | WorstLoss 2.9937
[Tracker] Ep   75 | AvgR 0.0002 | Global 0.4908 | Local 0.1192 | F1_macro 0.6574 | WorstLoss 3.0266
[Tracker] Saved snapshot: ep0075_phase1_class1
[Tracker] Ep   76 | AvgR 0.0002 | Global 0.3945 | Local 0.1192 | F1_macro 0.6475 | WorstLoss 3.1594
[Tracker] Ep   77 | AvgR 0.0002 | Global 0.3930 | Local 0.1192 | F1_macro 0.6397 | WorstLoss 3.1570
[Tracker] Ep   78 | AvgR 0.0003 | Global 0.5786 | Local 0.1192 | F1_macro 0.6520 | WorstLoss 2.9139
[Tracker] Ep   79 | AvgR 0.0003 | Global 0.6157 | Local 0.1192 | F1_macro 0.6415 | WorstLoss 2.8525
[Tracker] Ep   80 | AvgR 0.0003 | Global 0.5111 | Local 0.1192 | F1_macro 0.6555 | WorstLoss 3.0052
[Tracker] Saved snapshot: ep0080_phase1_class1
[Tracker] Ep   81 | AvgR 0.0002 | Global 0.4848 | Local 0.1192 | F1_macro 0.6473 | WorstLoss 3.0393
[Tracker] Ep   82 | AvgR 0.0003 | Global 0.6139 | Local 0.1192 | F1_macro 0.6545 | WorstLoss 2.8630
[Tracker] Ep   83 | AvgR 0.0003 | Global 0.5153 | Local 0.1192 | F1_macro 0.6515 | WorstLoss 2.9954
[Tracker] Ep   84 | AvgR 0.0003 | Global 0.6396 | Local 0.1192 | F1_macro 0.6489 | WorstLoss 2.8230
[Tracker] Ep   85 | AvgR 0.0003 | Global 0.5473 | Local 0.1192 | F1_macro 0.6460 | WorstLoss 2.9534
[Tracker] Saved snapshot: ep0085_phase1_class1
[Tracker] Ep   86 | AvgR 0.0003 | Global 0.5001 | Local 0.1192 | F1_macro 0.6506 | WorstLoss 3.0160
[Tracker] Ep   87 | AvgR 0.0002 | Global 0.4434 | Local 0.1192 | F1_macro 0.6473 | WorstLoss 3.0949
[Tracker] Ep   88 | AvgR 0.0003 | Global 0.5759 | Local 0.1192 | F1_macro 0.6453 | WorstLoss 2.9166
[Tracker] Ep   89 | AvgR 0.0002 | Global 0.3612 | Local 0.1192 | F1_macro 0.6505 | WorstLoss 3.2065
[Tracker] Ep   90 | AvgR 0.0002 | Global 0.4936 | Local 0.1192 | F1_macro 0.6459 | WorstLoss 3.0232
[Tracker] Saved snapshot: ep0090_phase1_class1
[Tracker] Ep   91 | AvgR 0.0002 | Global 0.4268 | Local 0.1192 | F1_macro 0.6467 | WorstLoss 3.1108
[Tracker] Ep   92 | AvgR 0.0003 | Global 0.6723 | Local 0.1192 | F1_macro 0.6545 | WorstLoss 2.7749
[Tracker] Ep   93 | AvgR 0.0002 | Global 0.4004 | Local 0.1192 | F1_macro 0.6477 | WorstLoss 3.1545
[Tracker] Ep   94 | AvgR 0.0002 | Global 0.4178 | Local 0.1192 | F1_macro 0.6386 | WorstLoss 3.1241
[Tracker] Ep   95 | AvgR 0.0002 | Global 0.4458 | Local 0.1192 | F1_macro 0.6467 | WorstLoss 3.0896
[Tracker] Saved snapshot: ep0095_phase1_class1
[Tracker] Ep   96 | AvgR 0.0003 | Global 0.5820 | Local 0.1192 | F1_macro 0.6436 | WorstLoss 2.9097
[Tracker] Ep   97 | AvgR 0.0003 | Global 0.5310 | Local 0.1192 | F1_macro 0.6470 | WorstLoss 2.9786
[Tracker] Ep   98 | AvgR 0.0002 | Global 0.4684 | Local 0.1192 | F1_macro 0.6414 | WorstLoss 3.0557
[Tracker] Ep   99 | AvgR 0.0003 | Global 0.6389 | Local 0.1192 | F1_macro 0.6529 | WorstLoss 2.8297
[Tracker] Ep  100 | AvgR 0.0002 | Global 0.4843 | Local 0.1192 | F1_macro 0.6600 | WorstLoss 3.0375
[Tracker] Saved snapshot: ep0100_phase1_class1
[Tracker] Ep  101 | AvgR 0.0003 | Global 0.5455 | Local 0.1192 | F1_macro 0.6504 | WorstLoss 2.9558
[Tracker] Ep  102 | AvgR 0.0003 | Global 0.5675 | Local 0.1192 | F1_macro 0.6566 | WorstLoss 2.9278
[Tracker] Ep  103 | AvgR 0.0003 | Global 0.6655 | Local 0.1192 | F1_macro 0.6556 | WorstLoss 2.7855
[Tracker] Ep  104 | AvgR 0.0003 | Global 0.5200 | Local 0.1192 | F1_macro 0.6481 | WorstLoss 2.9907
[Tracker] Ep  105 | AvgR 0.0003 | Global 0.6210 | Local 0.1192 | F1_macro 0.6506 | WorstLoss 2.8553
[Tracker] Saved snapshot: ep0105_phase1_class1
[Tracker] Ep  106 | AvgR 0.0003 | Global 0.6853 | Local 0.1192 | F1_macro 0.6508 | WorstLoss 2.7567
[Tracker] New BEST synthetic [phase1_class1] (by global.global_obj: 0.685349) saved.
[Tracker] BEST β weights [phase1_class1] saved -> training_runs/SPECcompas_v18k3_ep3000_gpu1_EP3000_PCA10_REWfairness_minID0_majID1_TRJ2000_REAL3000_BIAS0.05_GG202604111115_d5681707/seed_3/best_beta_state_dict_phase1_class1.pt
[Tracker] Ep  107 | AvgR 0.0003 | Global 0.5713 | Local 0.1192 | F1_macro 0.6552 | WorstLoss 2.9236
[Tracker] Ep  108 | AvgR 0.0003 | Global 0.5426 | Local 0.1192 | F1_macro 0.6496 | WorstLoss 2.9575
[Tracker] Ep  109 | AvgR 0.0002 | Global 0.4943 | Local 0.1192 | F1_macro 0.6458 | WorstLoss 3.0261
[Tracker] Ep  110 | AvgR 0.0003 | Global 0.5525 | Local 0.1192 | F1_macro 0.6534 | WorstLoss 2.9429
[Tracker] Saved snapshot: ep0110_phase1_class1
[Tracker] Ep  111 | AvgR 0.0003 | Global 0.6178 | Local 0.1192 | F1_macro 0.6420 | WorstLoss 2.8585
[Tracker] Ep  112 | AvgR 0.0003 | Global 0.6375 | Local 0.1192 | F1_macro 0.6526 | WorstLoss 2.8318
[Tracker] Ep  113 | AvgR 0.0003 | Global 0.5457 | Local 0.1192 | F1_macro 0.6560 | WorstLoss 2.9560
[Tracker] Ep  114 | AvgR 0.0003 | Global 0.5941 | Local 0.1192 | F1_macro 0.6501 | WorstLoss 2.8912
[Tracker] Ep  115 | AvgR 0.0002 | Global 0.4900 | Local 0.1192 | F1_macro 0.6483 | WorstLoss 3.0322
[Tracker] Saved snapshot: ep0115_phase1_class1
[Tracker] Ep  116 | AvgR 0.0003 | Global 0.5581 | Local 0.1192 | F1_macro 0.6419 | WorstLoss 2.9421
[Tracker] Ep  117 | AvgR 0.0003 | Global 0.6024 | Local 0.1192 | F1_macro 0.6527 | WorstLoss 2.8797
[Tracker] Ep  118 | AvgR 0.0003 | Global 0.5811 | Local 0.1192 | F1_macro 0.6507 | WorstLoss 2.9033
[Tracker] Ep  119 | AvgR 0.0002 | Global 0.4821 | Local 0.1192 | F1_macro 0.6496 | WorstLoss 3.0387
[Tracker] Ep  120 | AvgR 0.0003 | Global 0.5744 | Local 0.1192 | F1_macro 0.6558 | WorstLoss 2.9200
[Tracker] Saved snapshot: ep0120_phase1_class1
[Tracker] Ep  121 | AvgR 0.0002 | Global 0.4586 | Local 0.1192 | F1_macro 0.6433 | WorstLoss 3.0735
[Tracker] Ep  122 | AvgR 0.0003 | Global 0.5751 | Local 0.1192 | F1_macro 0.6495 | WorstLoss 2.9128
[Tracker] Ep  123 | AvgR 0.0003 | Global 0.6179 | Local 0.1192 | F1_macro 0.6523 | WorstLoss 2.8597
[Tracker] Ep  124 | AvgR 0.0002 | Global 0.4855 | Local 0.1192 | F1_macro 0.6459 | WorstLoss 3.0341
[Tracker] Ep  125 | AvgR 0.0002 | Global 0.4206 | Local 0.1192 | F1_macro 0.6453 | WorstLoss 3.1190
[Tracker] Saved snapshot: ep0125_phase1_class1
[Tracker] Ep  126 | AvgR 0.0003 | Global 0.5518 | Local 0.1192 | F1_macro 0.6546 | WorstLoss 2.9506
[Tracker] Ep  127 | AvgR 0.0002 | Global 0.4478 | Local 0.1192 | F1_macro 0.6425 | WorstLoss 3.0820
[Tracker] Ep  128 | AvgR 0.0002 | Global 0.4776 | Local 0.1192 | F1_macro 0.6451 | WorstLoss 3.0381
[Tracker] Ep  129 | AvgR 0.0003 | Global 0.6079 | Local 0.1192 | F1_macro 0.6516 | WorstLoss 2.8726
[Tracker] Ep  130 | AvgR 0.0002 | Global 0.4851 | Local 0.1192 | F1_macro 0.6540 | WorstLoss 3.0394
[Tracker] Saved snapshot: ep0130_phase1_class1
[Tracker] Ep  131 | AvgR 0.0002 | Global 0.4597 | Local 0.1192 | F1_macro 0.6541 | WorstLoss 3.0738
[Tracker] Ep  132 | AvgR 0.0003 | Global 0.6937 | Local 0.1192 | F1_macro 0.6479 | WorstLoss 2.7475
[Tracker] New BEST synthetic [phase1_class1] (by global.global_obj: 0.693684) saved.
[Tracker] BEST β weights [phase1_class1] saved -> training_runs/SPECcompas_v18k3_ep3000_gpu1_EP3000_PCA10_REWfairness_minID0_majID1_TRJ2000_REAL3000_BIAS0.05_GG202604111115_d5681707/seed_3/best_beta_state_dict_phase1_class1.pt
[Tracker] Ep  133 | AvgR 0.0002 | Global 0.4160 | Local 0.1192 | F1_macro 0.6532 | WorstLoss 3.1307
[Tracker] Ep  134 | AvgR 0.0003 | Global 0.5308 | Local 0.1192 | F1_macro 0.6455 | WorstLoss 2.9744
[Tracker] Ep  135 | AvgR 0.0003 | Global 0.5182 | Local 0.1192 | F1_macro 0.6529 | WorstLoss 2.9957
[Tracker] Saved snapshot: ep0135_phase1_class1
[Tracker] Ep  136 | AvgR 0.0003 | Global 0.5390 | Local 0.1192 | F1_macro 0.6462 | WorstLoss 2.9658
[Tracker] Ep  137 | AvgR 0.0003 | Global 0.6449 | Local 0.1192 | F1_macro 0.6529 | WorstLoss 2.8210
[Tracker] Ep  138 | AvgR 0.0003 | Global 0.5398 | Local 0.1192 | F1_macro 0.6569 | WorstLoss 2.9643
[Tracker] Ep  139 | AvgR 0.0003 | Global 0.6319 | Local 0.1192 | F1_macro 0.6513 | WorstLoss 2.8365
[Tracker] Ep  140 | AvgR 0.0002 | Global 0.4898 | Local 0.1192 | F1_macro 0.6515 | WorstLoss 3.0335
[Tracker] Saved snapshot: ep0140_phase1_class1
[Tracker] Ep  141 | AvgR 0.0002 | Global 0.4744 | Local 0.1192 | F1_macro 0.6450 | WorstLoss 3.0507
[Tracker] Ep  142 | AvgR 0.0003 | Global 0.5547 | Local 0.1192 | F1_macro 0.6527 | WorstLoss 2.9348
[Tracker] Ep  143 | AvgR 0.0003 | Global 0.6149 | Local 0.1192 | F1_macro 0.6626 | WorstLoss 2.8631
[Tracker] Ep  144 | AvgR 0.0003 | Global 0.5905 | Local 0.1192 | F1_macro 0.6446 | WorstLoss 2.8959
[Tracker] Ep  145 | AvgR 0.0003 | Global 0.6295 | Local 0.1192 | F1_macro 0.6549 | WorstLoss 2.8433
[Tracker] Saved snapshot: ep0145_phase1_class1
[Tracker] Ep  146 | AvgR 0.0003 | Global 0.5585 | Local 0.1192 | F1_macro 0.6442 | WorstLoss 2.9390
[Tracker] Ep  147 | AvgR 0.0003 | Global 0.5534 | Local 0.1192 | F1_macro 0.6544 | WorstLoss 2.9436
[Tracker] Ep  148 | AvgR 0.0003 | Global 0.5591 | Local 0.1192 | F1_macro 0.6515 | WorstLoss 2.9408
[Tracker] Ep  149 | AvgR 0.0004 | Global 0.7124 | Local 0.1192 | F1_macro 0.6522 | WorstLoss 2.7175
[Tracker] New BEST synthetic [phase1_class1] (by global.global_obj: 0.712438) saved.
[Tracker] BEST β weights [phase1_class1] saved -> training_runs/SPECcompas_v18k3_ep3000_gpu1_EP3000_PCA10_REWfairness_minID0_majID1_TRJ2000_REAL3000_BIAS0.05_GG202604111115_d5681707/seed_3/best_beta_state_dict_phase1_class1.pt
[Tracker] Ep  150 | AvgR 0.0002 | Global 0.4783 | Local 0.1192 | F1_macro 0.6501 | WorstLoss 3.0424
[Tracker] Saved snapshot: ep0150_phase1_class1
[Tracker] Ep  151 | AvgR 0.0002 | Global 0.4648 | Local 0.1192 | F1_macro 0.6504 | WorstLoss 3.0670
[Tracker] Ep  152 | AvgR 0.0002 | Global 0.4521 | Local 0.1192 | F1_macro 0.6475 | WorstLoss 3.0768
[Tracker] Ep  153 | AvgR 0.0003 | Global 0.5135 | Local 0.1192 | F1_macro 0.6419 | WorstLoss 3.0004
[Tracker] Ep  154 | AvgR 0.0003 | Global 0.5974 | Local 0.1192 | F1_macro 0.6461 | WorstLoss 2.8868
[Tracker] Ep  155 | AvgR 0.0003 | Global 0.6870 | Local 0.1192 | F1_macro 0.6573 | WorstLoss 2.7579
[Tracker] Saved snapshot: ep0155_phase1_class1
[Tracker] Ep  156 | AvgR 0.0002 | Global 0.3847 | Local 0.1192 | F1_macro 0.6430 | WorstLoss 3.1738
[Tracker] Ep  157 | AvgR 0.0003 | Global 0.5479 | Local 0.1192 | F1_macro 0.6572 | WorstLoss 2.9559
[Tracker] Ep  158 | AvgR 0.0003 | Global 0.5251 | Local 0.1192 | F1_macro 0.6434 | WorstLoss 2.9757
[Tracker] Ep  159 | AvgR 0.0003 | Global 0.5648 | Local 0.1192 | F1_macro 0.6511 | WorstLoss 2.9302
[Tracker] Ep  160 | AvgR 0.0003 | Global 0.6815 | Local 0.1192 | F1_macro 0.6512 | WorstLoss 2.7605
[Tracker] Saved snapshot: ep0160_phase1_class1
[Tracker] Ep  161 | AvgR 0.0003 | Global 0.5762 | Local 0.1192 | F1_macro 0.6617 | WorstLoss 2.9176
[Tracker] Ep  162 | AvgR 0.0003 | Global 0.6914 | Local 0.1192 | F1_macro 0.6526 | WorstLoss 2.7511
[Tracker] Ep  163 | AvgR 0.0003 | Global 0.5607 | Local 0.1192 | F1_macro 0.6517 | WorstLoss 2.9376
[Tracker] Ep  164 | AvgR 0.0003 | Global 0.6109 | Local 0.1192 | F1_macro 0.6518 | WorstLoss 2.8536
[Tracker] Ep  165 | AvgR 0.0003 | Global 0.6169 | Local 0.1192 | F1_macro 0.6545 | WorstLoss 2.8612
[Tracker] Saved snapshot: ep0165_phase1_class1
[Tracker] Ep  166 | AvgR 0.0003 | Global 0.5494 | Local 0.1192 | F1_macro 0.6518 | WorstLoss 2.9538
[Tracker] Ep  167 | AvgR 0.0003 | Global 0.6735 | Local 0.1192 | F1_macro 0.6600 | WorstLoss 2.7763
[Tracker] Ep  168 | AvgR 0.0003 | Global 0.6012 | Local 0.1192 | F1_macro 0.6469 | WorstLoss 2.8755
[Tracker] Ep  169 | AvgR 0.0003 | Global 0.5460 | Local 0.1192 | F1_macro 0.6470 | WorstLoss 2.9506
[Tracker] Ep  170 | AvgR 0.0003 | Global 0.5709 | Local 0.1192 | F1_macro 0.6495 | WorstLoss 2.9248
[Tracker] Saved snapshot: ep0170_phase1_class1
[Tracker] Ep  171 | AvgR 0.0003 | Global 0.6276 | Local 0.1192 | F1_macro 0.6481 | WorstLoss 2.8383
[Tracker] Ep  172 | AvgR 0.0003 | Global 0.5002 | Local 0.1192 | F1_macro 0.6572 | WorstLoss 3.0197
[Tracker] Ep  173 | AvgR 0.0002 | Global 0.4774 | Local 0.1192 | F1_macro 0.6546 | WorstLoss 3.0481
[Tracker] Ep  174 | AvgR 0.0003 | Global 0.6649 | Local 0.1192 | F1_macro 0.6592 | WorstLoss 2.7916
[Tracker] Ep  175 | AvgR 0.0004 | Global 0.7290 | Local 0.1192 | F1_macro 0.6459 | WorstLoss 2.6867
[Tracker] Saved snapshot: ep0175_phase1_class1
[Tracker] New BEST synthetic [phase1_class1] (by global.global_obj: 0.728981) saved.
[Tracker] BEST β weights [phase1_class1] saved -> training_runs/SPECcompas_v18k3_ep3000_gpu1_EP3000_PCA10_REWfairness_minID0_majID1_TRJ2000_REAL3000_BIAS0.05_GG202604111115_d5681707/seed_3/best_beta_state_dict_phase1_class1.pt
[Tracker] Ep  176 | AvgR 0.0004 | Global 0.7310 | Local 0.1192 | F1_macro 0.6541 | WorstLoss 2.6867
[Tracker] New BEST synthetic [phase1_class1] (by global.global_obj: 0.730975) saved.
[Tracker] BEST β weights [phase1_class1] saved -> training_runs/SPECcompas_v18k3_ep3000_gpu1_EP3000_PCA10_REWfairness_minID0_majID1_TRJ2000_REAL3000_BIAS0.05_GG202604111115_d5681707/seed_3/best_beta_state_dict_phase1_class1.pt
[Tracker] Ep  177 | AvgR 0.0003 | Global 0.6975 | Local 0.1192 | F1_macro 0.6380 | WorstLoss 2.7415
[Tracker] Ep  178 | AvgR 0.0003 | Global 0.5662 | Local 0.1192 | F1_macro 0.6473 | WorstLoss 2.9238
[Tracker] Ep  179 | AvgR 0.0004 | Global 0.7615 | Local 0.1192 | F1_macro 0.6521 | WorstLoss 2.6271
[Tracker] New BEST synthetic [phase1_class1] (by global.global_obj: 0.761461) saved.
[Tracker] BEST β weights [phase1_class1] saved -> training_runs/SPECcompas_v18k3_ep3000_gpu1_EP3000_PCA10_REWfairness_minID0_majID1_TRJ2000_REAL3000_BIAS0.05_GG202604111115_d5681707/seed_3/best_beta_state_dict_phase1_class1.pt
[Tracker] Ep  180 | AvgR 0.0003 | Global 0.6384 | Local 0.1192 | F1_macro 0.6469 | WorstLoss 2.8219
[Tracker] Saved snapshot: ep0180_phase1_class1
[Tracker] Ep  181 | AvgR 0.0003 | Global 0.5275 | Local 0.1192 | F1_macro 0.6439 | WorstLoss 2.9784
[Tracker] Ep  182 | AvgR 0.0004 | Global 0.7126 | Local 0.1192 | F1_macro 0.6474 | WorstLoss 2.7124
[Tracker] Ep  183 | AvgR 0.0003 | Global 0.6902 | Local 0.1192 | F1_macro 0.6619 | WorstLoss 2.7529
[Tracker] Ep  184 | AvgR 0.0003 | Global 0.6647 | Local 0.1192 | F1_macro 0.6610 | WorstLoss 2.7919
[Tracker] Ep  185 | AvgR 0.0003 | Global 0.5660 | Local 0.1192 | F1_macro 0.6535 | WorstLoss 2.9304
[Tracker] Saved snapshot: ep0185_phase1_class1
[Tracker] Ep  186 | AvgR 0.0003 | Global 0.5514 | Local 0.1192 | F1_macro 0.6589 | WorstLoss 2.9511
[Tracker] Ep  187 | AvgR 0.0003 | Global 0.6234 | Local 0.1192 | F1_macro 0.6628 | WorstLoss 2.8520
[Tracker] Ep  188 | AvgR 0.0004 | Global 0.7890 | Local 0.1192 | F1_macro 0.6667 | WorstLoss 2.5803
[Tracker] New BEST synthetic [phase1_class1] (by global.global_obj: 0.788975) saved.
[Tracker] BEST β weights [phase1_class1] saved -> training_runs/SPECcompas_v18k3_ep3000_gpu1_EP3000_PCA10_REWfairness_minID0_majID1_TRJ2000_REAL3000_BIAS0.05_GG202604111115_d5681707/seed_3/best_beta_state_dict_phase1_class1.pt
[Tracker] Ep  189 | AvgR 0.0004 | Global 0.7690 | Local 0.1192 | F1_macro 0.6610 | WorstLoss 2.6191
[Tracker] Ep  190 | AvgR 0.0004 | Global 0.7229 | Local 0.1192 | F1_macro 0.6576 | WorstLoss 2.7003
[Tracker] Saved snapshot: ep0190_phase1_class1
[Tracker] Ep  191 | AvgR 0.0004 | Global 0.7128 | Local 0.1192 | F1_macro 0.6591 | WorstLoss 2.7169
[Tracker] Ep  192 | AvgR 0.0003 | Global 0.6179 | Local 0.1192 | F1_macro 0.6568 | WorstLoss 2.8597
[Tracker] Ep  193 | AvgR 0.0003 | Global 0.5785 | Local 0.1192 | F1_macro 0.6626 | WorstLoss 2.9144
[Tracker] Ep  194 | AvgR 0.0003 | Global 0.6478 | Local 0.1192 | F1_macro 0.6541 | WorstLoss 2.8168
[Tracker] Ep  195 | AvgR 0.0003 | Global 0.5806 | Local 0.1192 | F1_macro 0.6515 | WorstLoss 2.9115
[Tracker] Saved snapshot: ep0195_phase1_class1
[Tracker] Ep  196 | AvgR 0.0004 | Global 0.7216 | Local 0.1192 | F1_macro 0.6501 | WorstLoss 2.6935
[Tracker] Ep  197 | AvgR 0.0004 | Global 0.7941 | Local 0.1192 | F1_macro 0.6615 | WorstLoss 2.5700
[Tracker] New BEST synthetic [phase1_class1] (by global.global_obj: 0.794095) saved.
[Tracker] BEST β weights [phase1_class1] saved -> training_runs/SPECcompas_v18k3_ep3000_gpu1_EP3000_PCA10_REWfairness_minID0_majID1_TRJ2000_REAL3000_BIAS0.05_GG202604111115_d5681707/seed_3/best_beta_state_dict_phase1_class1.pt
[Tracker] Ep  198 | AvgR 0.0003 | Global 0.5629 | Local 0.1192 | F1_macro 0.6484 | WorstLoss 2.9350
[Tracker] Ep  199 | AvgR 0.0004 | Global 0.7372 | Local 0.1192 | F1_macro 0.6545 | WorstLoss 2.6577
[Tracker] Ep  200 | AvgR 0.0003 | Global 0.6888 | Local 0.1192 | F1_macro 0.6648 | WorstLoss 2.7551
[Tracker] Saved snapshot: ep0200_phase1_class1
[Tracker] Ep  201 | AvgR 0.0002 | Global 0.3687 | Local 0.1192 | F1_macro 0.6480 | WorstLoss 3.1968
[Tracker] Ep  202 | AvgR 0.0003 | Global 0.5583 | Local 0.1192 | F1_macro 0.6529 | WorstLoss 2.9412
[Tracker] Ep  203 | AvgR 0.0003 | Global 0.6679 | Local 0.1192 | F1_macro 0.6532 | WorstLoss 2.7783
[Tracker] Ep  204 | AvgR 0.0003 | Global 0.6936 | Local 0.1192 | F1_macro 0.6506 | WorstLoss 2.7362
[Tracker] Ep  205 | AvgR 0.0004 | Global 0.7274 | Local 0.1192 | F1_macro 0.6497 | WorstLoss 2.6866
[Tracker] Saved snapshot: ep0205_phase1_class1
[Tracker] Ep  206 | AvgR 0.0003 | Global 0.6237 | Local 0.1192 | F1_macro 0.6541 | WorstLoss 2.8515
[Tracker] Ep  207 | AvgR 0.0003 | Global 0.6572 | Local 0.1192 | F1_macro 0.6589 | WorstLoss 2.8030
[Tracker] Ep  208 | AvgR 0.0003 | Global 0.6469 | Local 0.1192 | F1_macro 0.6465 | WorstLoss 2.8156
[Tracker] Ep  209 | AvgR 0.0003 | Global 0.6273 | Local 0.1192 | F1_macro 0.6515 | WorstLoss 2.8463
[Tracker] Ep  210 | AvgR 0.0004 | Global 0.7914 | Local 0.1192 | F1_macro 0.6621 | WorstLoss 2.5755
[Tracker] Saved snapshot: ep0210_phase1_class1
[Tracker] Ep  211 | AvgR 0.0004 | Global 0.7456 | Local 0.1192 | F1_macro 0.6593 | WorstLoss 2.6616
[Tracker] Ep  212 | AvgR 0.0004 | Global 0.7154 | Local 0.1192 | F1_macro 0.6583 | WorstLoss 2.7126
[Tracker] Ep  213 | AvgR 0.0003 | Global 0.6944 | Local 0.1192 | F1_macro 0.6511 | WorstLoss 2.7395
[Tracker] Ep  214 | AvgR 0.0004 | Global 0.7405 | Local 0.1192 | F1_macro 0.6550 | WorstLoss 2.6704
[Tracker] Ep  215 | AvgR 0.0003 | Global 0.6517 | Local 0.1192 | F1_macro 0.6574 | WorstLoss 2.8063
[Tracker] Saved snapshot: ep0215_phase1_class1
[Tracker] Ep  216 | AvgR 0.0003 | Global 0.6186 | Local 0.1192 | F1_macro 0.6526 | WorstLoss 2.8560
[Tracker] Ep  217 | AvgR 0.0003 | Global 0.6856 | Local 0.1192 | F1_macro 0.6637 | WorstLoss 2.7601
[Tracker] Ep  218 | AvgR 0.0004 | Global 0.7712 | Local 0.1192 | F1_macro 0.6537 | WorstLoss 2.6149
[Tracker] Ep  219 | AvgR 0.0003 | Global 0.6431 | Local 0.1192 | F1_macro 0.6532 | WorstLoss 2.8237
[Tracker] Ep  220 | AvgR 0.0003 | Global 0.6691 | Local 0.1192 | F1_macro 0.6504 | WorstLoss 2.7853
[Tracker] Saved snapshot: ep0220_phase1_class1
[Tracker] Ep  221 | AvgR 0.0003 | Global 0.5136 | Local 0.1192 | F1_macro 0.6439 | WorstLoss 3.0015
[Tracker] Ep  222 | AvgR 0.0003 | Global 0.6751 | Local 0.1192 | F1_macro 0.6599 | WorstLoss 2.7761
[Tracker] Ep  223 | AvgR 0.0004 | Global 0.7381 | Local 0.1192 | F1_macro 0.6580 | WorstLoss 2.6745
[Tracker] Ep  224 | AvgR 0.0003 | Global 0.6523 | Local 0.1192 | F1_macro 0.6547 | WorstLoss 2.8102
[Tracker] Ep  225 | AvgR 0.0003 | Global 0.6455 | Local 0.1192 | F1_macro 0.6532 | WorstLoss 2.8201
[Tracker] Saved snapshot: ep0225_phase1_class1
[Tracker] Ep  226 | AvgR 0.0004 | Global 0.7505 | Local 0.1192 | F1_macro 0.6583 | WorstLoss 2.6529
[Tracker] Ep  227 | AvgR 0.0004 | Global 0.7353 | Local 0.1192 | F1_macro 0.6558 | WorstLoss 2.6794
[Tracker] Ep  228 | AvgR 0.0003 | Global 0.6942 | Local 0.1192 | F1_macro 0.6521 | WorstLoss 2.7466
[Tracker] Ep  229 | AvgR 0.0003 | Global 0.5908 | Local 0.1192 | F1_macro 0.6528 | WorstLoss 2.8975
[Tracker] Ep  230 | AvgR 0.0004 | Global 0.7631 | Local 0.1192 | F1_macro 0.6529 | WorstLoss 2.6260
[Tracker] Saved snapshot: ep0230_phase1_class1
[Tracker] Ep  231 | AvgR 0.0003 | Global 0.5850 | Local 0.1192 | F1_macro 0.6415 | WorstLoss 2.9054
[Tracker] Ep  232 | AvgR 0.0003 | Global 0.6893 | Local 0.1192 | F1_macro 0.6647 | WorstLoss 2.7452
[Tracker] Ep  233 | AvgR 0.0004 | Global 0.7345 | Local 0.1192 | F1_macro 0.6596 | WorstLoss 2.6807
[Tracker] Ep  234 | AvgR 0.0004 | Global 0.7644 | Local 0.1192 | F1_macro 0.6556 | WorstLoss 2.6256
[Tracker] Ep  235 | AvgR 0.0004 | Global 0.8012 | Local 0.1192 | F1_macro 0.6540 | WorstLoss 2.5554
[Tracker] Saved snapshot: ep0235_phase1_class1
[Tracker] New BEST synthetic [phase1_class1] (by global.global_obj: 0.801158) saved.
[Tracker] BEST β weights [phase1_class1] saved -> training_runs/SPECcompas_v18k3_ep3000_gpu1_EP3000_PCA10_REWfairness_minID0_majID1_TRJ2000_REAL3000_BIAS0.05_GG202604111115_d5681707/seed_3/best_beta_state_dict_phase1_class1.pt
[Tracker] Ep  236 | AvgR 0.0003 | Global 0.6853 | Local 0.1192 | F1_macro 0.6504 | WorstLoss 2.7605
[Tracker] Ep  237 | AvgR 0.0004 | Global 0.7010 | Local 0.1192 | F1_macro 0.6529 | WorstLoss 2.7313
[Tracker] Ep  238 | AvgR 0.0004 | Global 0.7660 | Local 0.1192 | F1_macro 0.6481 | WorstLoss 2.6229
[Tracker] Ep  239 | AvgR 0.0003 | Global 0.6700 | Local 0.1192 | F1_macro 0.6515 | WorstLoss 2.7814
[Tracker] Ep  240 | AvgR 0.0003 | Global 0.6827 | Local 0.1192 | F1_macro 0.6524 | WorstLoss 2.7645
[Tracker] Saved snapshot: ep0240_phase1_class1
[Tracker] Ep  241 | AvgR 0.0004 | Global 0.7654 | Local 0.1192 | F1_macro 0.6546 | WorstLoss 2.6258
[Tracker] Ep  242 | AvgR 0.0004 | Global 0.7139 | Local 0.1192 | F1_macro 0.6521 | WorstLoss 2.7152
[Tracker] Ep  243 | AvgR 0.0004 | Global 0.7726 | Local 0.1192 | F1_macro 0.6487 | WorstLoss 2.6043
[Tracker] Ep  244 | AvgR 0.0003 | Global 0.6388 | Local 0.1192 | F1_macro 0.6583 | WorstLoss 2.8294
[Tracker] Ep  245 | AvgR 0.0003 | Global 0.6373 | Local 0.1192 | F1_macro 0.6561 | WorstLoss 2.8320
[Tracker] Saved snapshot: ep0245_phase1_class1
[Tracker] Ep  246 | AvgR 0.0004 | Global 0.7267 | Local 0.1192 | F1_macro 0.6432 | WorstLoss 2.6940
[Tracker] Ep  247 | AvgR 0.0004 | Global 0.8724 | Local 0.1192 | F1_macro 0.6533 | WorstLoss 2.3791
[Tracker] New BEST synthetic [phase1_class1] (by global.global_obj: 0.872404) saved.
[Tracker] BEST β weights [phase1_class1] saved -> training_runs/SPECcompas_v18k3_ep3000_gpu1_EP3000_PCA10_REWfairness_minID0_majID1_TRJ2000_REAL3000_BIAS0.05_GG202604111115_d5681707/seed_3/best_beta_state_dict_phase1_class1.pt
[Tracker] Ep  248 | AvgR 0.0004 | Global 0.7905 | Local 0.1192 | F1_macro 0.6614 | WorstLoss 2.5773
[Tracker] Ep  249 | AvgR 0.0004 | Global 0.7806 | Local 0.1192 | F1_macro 0.6548 | WorstLoss 2.5968
[Tracker] Ep  250 | AvgR 0.0004 | Global 0.7807 | Local 0.1192 | F1_macro 0.6684 | WorstLoss 2.5967
[Tracker] Saved snapshot: ep0250_phase1_class1
[Tracker] Ep  251 | AvgR 0.0004 | Global 0.7405 | Local 0.1192 | F1_macro 0.6524 | WorstLoss 2.6668
[Tracker] Ep  252 | AvgR 0.0003 | Global 0.6368 | Local 0.1192 | F1_macro 0.6535 | WorstLoss 2.8327
[Tracker] Ep  253 | AvgR 0.0004 | Global 0.7430 | Local 0.1192 | F1_macro 0.6590 | WorstLoss 2.6661
[Tracker] Ep  254 | AvgR 0.0004 | Global 0.8316 | Local 0.1192 | F1_macro 0.6664 | WorstLoss 2.4876
[Tracker] Ep  255 | AvgR 0.0004 | Global 0.7817 | Local 0.1192 | F1_macro 0.6510 | WorstLoss 2.5947
[Tracker] Saved snapshot: ep0255_phase1_class1
[Tracker] Ep  256 | AvgR 0.0004 | Global 0.7124 | Local 0.1192 | F1_macro 0.6541 | WorstLoss 2.7167
[Tracker] Ep  257 | AvgR 0.0004 | Global 0.7451 | Local 0.1192 | F1_macro 0.6579 | WorstLoss 2.6624
[Tracker] Ep  258 | AvgR 0.0004 | Global 0.8594 | Local 0.1192 | F1_macro 0.6599 | WorstLoss 2.4164
[Tracker] Ep  259 | AvgR 0.0004 | Global 0.7353 | Local 0.1192 | F1_macro 0.6532 | WorstLoss 2.6764
[Tracker] Ep  260 | AvgR 0.0004 | Global 0.7970 | Local 0.1192 | F1_macro 0.6619 | WorstLoss 2.5640
[Tracker] Saved snapshot: ep0260_phase1_class1
[Tracker] Ep  261 | AvgR 0.0004 | Global 0.8221 | Local 0.1192 | F1_macro 0.6572 | WorstLoss 2.5039
[Tracker] Ep  262 | AvgR 0.0003 | Global 0.5746 | Local 0.1192 | F1_macro 0.6521 | WorstLoss 2.9197
[Tracker] Ep  263 | AvgR 0.0003 | Global 0.6829 | Local 0.1192 | F1_macro 0.6515 | WorstLoss 2.7643
[Tracker] Ep  264 | AvgR 0.0004 | Global 0.7643 | Local 0.1192 | F1_macro 0.6593 | WorstLoss 2.6278
[Tracker] Ep  265 | AvgR 0.0004 | Global 0.7726 | Local 0.1192 | F1_macro 0.6515 | WorstLoss 2.6113
[Tracker] Saved snapshot: ep0265_phase1_class1
[Tracker] Ep  266 | AvgR 0.0004 | Global 0.7886 | Local 0.1192 | F1_macro 0.6654 | WorstLoss 2.5758
[Tracker] Ep  267 | AvgR 0.0004 | Global 0.7733 | Local 0.1192 | F1_macro 0.6532 | WorstLoss 2.6057
[Tracker] Ep  268 | AvgR 0.0003 | Global 0.5811 | Local 0.1192 | F1_macro 0.6422 | WorstLoss 2.9085
[Tracker] Ep  269 | AvgR 0.0004 | Global 0.7996 | Local 0.1192 | F1_macro 0.6571 | WorstLoss 2.5409
[Tracker] Ep  270 | AvgR 0.0003 | Global 0.6217 | Local 0.1192 | F1_macro 0.6456 | WorstLoss 2.8543
[Tracker] Saved snapshot: ep0270_phase1_class1
[Tracker] Ep  271 | AvgR 0.0003 | Global 0.6490 | Local 0.1192 | F1_macro 0.6478 | WorstLoss 2.8129
[Tracker] Ep  272 | AvgR 0.0004 | Global 0.7304 | Local 0.1192 | F1_macro 0.6565 | WorstLoss 2.6877
[Tracker] Ep  273 | AvgR 0.0004 | Global 0.7528 | Local 0.1192 | F1_macro 0.6442 | WorstLoss 2.6416
[Tracker] Ep  274 | AvgR 0.0004 | Global 0.7221 | Local 0.1192 | F1_macro 0.6448 | WorstLoss 2.7016
[Tracker] Ep  275 | AvgR 0.0004 | Global 0.7707 | Local 0.1192 | F1_macro 0.6498 | WorstLoss 2.5986
[Tracker] Saved snapshot: ep0275_phase1_class1
[Tracker] Ep  276 | AvgR 0.0004 | Global 0.7591 | Local 0.1192 | F1_macro 0.6560 | WorstLoss 2.6374
[Tracker] Ep  277 | AvgR 0.0003 | Global 0.6625 | Local 0.1192 | F1_macro 0.6549 | WorstLoss 2.7943
[Tracker] Ep  278 | AvgR 0.0003 | Global 0.6548 | Local 0.1192 | F1_macro 0.6448 | WorstLoss 2.8040
[Tracker] Ep  279 | AvgR 0.0004 | Global 0.8419 | Local 0.1192 | F1_macro 0.6614 | WorstLoss 2.4626
[Tracker] Ep  280 | AvgR 0.0003 | Global 0.6360 | Local 0.1192 | F1_macro 0.6531 | WorstLoss 2.8340
[Tracker] Saved snapshot: ep0280_phase1_class1
[Tracker] Ep  281 | AvgR 0.0004 | Global 0.8383 | Local 0.1192 | F1_macro 0.6595 | WorstLoss 2.4713
[Tracker] Ep  282 | AvgR 0.0004 | Global 0.7399 | Local 0.1192 | F1_macro 0.6576 | WorstLoss 2.6714
[Tracker] Ep  283 | AvgR 0.0003 | Global 0.6828 | Local 0.1192 | F1_macro 0.6549 | WorstLoss 2.7644
[Tracker] Ep  284 | AvgR 0.0004 | Global 0.8557 | Local 0.1192 | F1_macro 0.6507 | WorstLoss 2.4266
[Tracker] Ep  285 | AvgR 0.0004 | Global 0.7971 | Local 0.1192 | F1_macro 0.6688 | WorstLoss 2.5638
[Tracker] Saved snapshot: ep0285_phase1_class1
[Tracker] Ep  286 | AvgR 0.0004 | Global 0.7664 | Local 0.1192 | F1_macro 0.6523 | WorstLoss 2.6172
[Tracker] Ep  287 | AvgR 0.0004 | Global 0.8580 | Local 0.1192 | F1_macro 0.6484 | WorstLoss 2.4022
[Tracker] Ep  288 | AvgR 0.0004 | Global 0.8525 | Local 0.1192 | F1_macro 0.6512 | WorstLoss 2.4350
[Tracker] Ep  289 | AvgR 0.0004 | Global 0.8022 | Local 0.1192 | F1_macro 0.6515 | WorstLoss 2.5532
[Tracker] Ep  290 | AvgR 0.0004 | Global 0.7813 | Local 0.1192 | F1_macro 0.6595 | WorstLoss 2.5956
[Tracker] Saved snapshot: ep0290_phase1_class1
[Tracker] Ep  291 | AvgR 0.0004 | Global 0.7360 | Local 0.1192 | F1_macro 0.6515 | WorstLoss 2.6782
[Tracker] Ep  292 | AvgR 0.0004 | Global 0.7385 | Local 0.1192 | F1_macro 0.6470 | WorstLoss 2.6548
[Tracker] Ep  293 | AvgR 0.0004 | Global 0.7404 | Local 0.1192 | F1_macro 0.6583 | WorstLoss 2.6706
[Tracker] Ep  294 | AvgR 0.0004 | Global 0.7428 | Local 0.1192 | F1_macro 0.6538 | WorstLoss 2.6638
[Tracker] Ep  295 | AvgR 0.0004 | Global 0.7622 | Local 0.1192 | F1_macro 0.6478 | WorstLoss 2.6275
[Tracker] Saved snapshot: ep0295_phase1_class1
[Tracker] Ep  296 | AvgR 0.0004 | Global 0.8253 | Local 0.1192 | F1_macro 0.6532 | WorstLoss 2.4882
[Tracker] Ep  297 | AvgR 0.0003 | Global 0.6134 | Local 0.1192 | F1_macro 0.6373 | WorstLoss 2.8582
[Tracker] Ep  298 | AvgR 0.0004 | Global 0.8961 | Local 0.1192 | F1_macro 0.6442 | WorstLoss 2.2489
[Tracker] New BEST synthetic [phase1_class1] (by global.global_obj: 0.896139) saved.
[Tracker] BEST β weights [phase1_class1] saved -> training_runs/SPECcompas_v18k3_ep3000_gpu1_EP3000_PCA10_REWfairness_minID0_majID1_TRJ2000_REAL3000_BIAS0.05_GG202604111115_d5681707/seed_3/best_beta_state_dict_phase1_class1.pt
[Tracker] Ep  299 | AvgR 0.0004 | Global 0.7955 | Local 0.1192 | F1_macro 0.6520 | WorstLoss 2.5657
[Tracker] Ep  300 | AvgR 0.0004 | Global 0.8035 | Local 0.1192 | F1_macro 0.6565 | WorstLoss 2.5504
[Tracker] Saved snapshot: ep0300_phase1_class1
[Tracker] Ep  301 | AvgR 0.0004 | Global 0.7642 | Local 0.1192 | F1_macro 0.6636 | WorstLoss 2.6280
[Tracker] Ep  302 | AvgR 0.0004 | Global 0.8087 | Local 0.1192 | F1_macro 0.6592 | WorstLoss 2.5393
[Tracker] Ep  303 | AvgR 0.0004 | Global 0.7615 | Local 0.1192 | F1_macro 0.6608 | WorstLoss 2.6330
[Tracker] Ep  304 | AvgR 0.0004 | Global 0.8578 | Local 0.1192 | F1_macro 0.6546 | WorstLoss 2.4208
[Tracker] Ep  305 | AvgR 0.0004 | Global 0.8335 | Local 0.1192 | F1_macro 0.6549 | WorstLoss 2.4506
[Tracker] Saved snapshot: ep0305_phase1_class1
[Tracker] Ep  306 | AvgR 0.0004 | Global 0.7322 | Local 0.1192 | F1_macro 0.6563 | WorstLoss 2.6760
[Tracker] Ep  307 | AvgR 0.0004 | Global 0.8954 | Local 0.1192 | F1_macro 0.6494 | WorstLoss 2.2969
[Tracker] Ep  308 | AvgR 0.0005 | Global 0.9109 | Local 0.1192 | F1_macro 0.6579 | WorstLoss 2.2386
[Tracker] New BEST synthetic [phase1_class1] (by global.global_obj: 0.910913) saved.
[Tracker] BEST β weights [phase1_class1] saved -> training_runs/SPECcompas_v18k3_ep3000_gpu1_EP3000_PCA10_REWfairness_minID0_majID1_TRJ2000_REAL3000_BIAS0.05_GG202604111115_d5681707/seed_3/best_beta_state_dict_phase1_class1.pt
[Tracker] Ep  309 | AvgR 0.0004 | Global 0.7323 | Local 0.1192 | F1_macro 0.6574 | WorstLoss 2.6821
[Tracker] Ep  310 | AvgR 0.0004 | Global 0.8208 | Local 0.1192 | F1_macro 0.6543 | WorstLoss 2.4906
[Tracker] Saved snapshot: ep0310_phase1_class1
[Tracker] Ep  311 | AvgR 0.0004 | Global 0.7989 | Local 0.1192 | F1_macro 0.6551 | WorstLoss 2.5602
[Tracker] Ep  312 | AvgR 0.0005 | Global 0.9231 | Local 0.1192 | F1_macro 0.6682 | WorstLoss 2.1915
[Tracker] New BEST synthetic [phase1_class1] (by global.global_obj: 0.923101) saved.
[Tracker] BEST β weights [phase1_class1] saved -> training_runs/SPECcompas_v18k3_ep3000_gpu1_EP3000_PCA10_REWfairness_minID0_majID1_TRJ2000_REAL3000_BIAS0.05_GG202604111115_d5681707/seed_3/best_beta_state_dict_phase1_class1.pt
[Tracker] Ep  313 | AvgR 0.0004 | Global 0.8580 | Local 0.1192 | F1_macro 0.6569 | WorstLoss 2.4175
[Tracker] Ep  314 | AvgR 0.0004 | Global 0.8117 | Local 0.1192 | F1_macro 0.6518 | WorstLoss 2.5241
[Tracker] Ep  315 | AvgR 0.0004 | Global 0.8726 | Local 0.1192 | F1_macro 0.6630 | WorstLoss 2.3786
[Tracker] Saved snapshot: ep0315_phase1_class1
[Tracker] Ep  316 | AvgR 0.0004 | Global 0.7717 | Local 0.1192 | F1_macro 0.6607 | WorstLoss 2.6027
[Tracker] Ep  317 | AvgR 0.0004 | Global 0.8032 | Local 0.1192 | F1_macro 0.6593 | WorstLoss 2.5512
[Tracker] Ep  318 | AvgR 0.0004 | Global 0.8141 | Local 0.1192 | F1_macro 0.6487 | WorstLoss 2.5277
[Tracker] Ep  319 | AvgR 0.0004 | Global 0.8312 | Local 0.1192 | F1_macro 0.6481 | WorstLoss 2.4684
[Tracker] Ep  320 | AvgR 0.0004 | Global 0.8412 | Local 0.1192 | F1_macro 0.6542 | WorstLoss 2.4642
[Tracker] Saved snapshot: ep0320_phase1_class1
[Tracker] Ep  321 | AvgR 0.0004 | Global 0.8219 | Local 0.1192 | F1_macro 0.6567 | WorstLoss 2.5046
[Tracker] Ep  322 | AvgR 0.0004 | Global 0.8658 | Local 0.1192 | F1_macro 0.6566 | WorstLoss 2.3985
[Tracker] Ep  323 | AvgR 0.0004 | Global 0.8683 | Local 0.1192 | F1_macro 0.6490 | WorstLoss 2.3913
[Tracker] Ep  324 | AvgR 0.0004 | Global 0.8556 | Local 0.1192 | F1_macro 0.6507 | WorstLoss 2.4182
[Tracker] Ep  325 | AvgR 0.0004 | Global 0.8788 | Local 0.1192 | F1_macro 0.6576 | WorstLoss 2.3559
[Tracker] Saved snapshot: ep0325_phase1_class1
[Tracker] Ep  326 | AvgR 0.0004 | Global 0.8270 | Local 0.1192 | F1_macro 0.6606 | WorstLoss 2.4984
[Tracker] Ep  327 | AvgR 0.0004 | Global 0.8452 | Local 0.1192 | F1_macro 0.6584 | WorstLoss 2.4431
[Tracker] Ep  328 | AvgR 0.0004 | Global 0.8482 | Local 0.1192 | F1_macro 0.6543 | WorstLoss 2.4353
[Tracker] Ep  329 | AvgR 0.0005 | Global 0.9217 | Local 0.1192 | F1_macro 0.6628 | WorstLoss 2.1980
[Tracker] Ep  330 | AvgR 0.0005 | Global 0.9083 | Local 0.1192 | F1_macro 0.6647 | WorstLoss 2.2555
[Tracker] Saved snapshot: ep0330_phase1_class1
[Tracker] Ep  331 | AvgR 0.0005 | Global 0.9417 | Local 0.1192 | F1_macro 0.6711 | WorstLoss 2.0924
[Tracker] New BEST synthetic [phase1_class1] (by global.global_obj: 0.941729) saved.
[Tracker] BEST β weights [phase1_class1] saved -> training_runs/SPECcompas_v18k3_ep3000_gpu1_EP3000_PCA10_REWfairness_minID0_majID1_TRJ2000_REAL3000_BIAS0.05_GG202604111115_d5681707/seed_3/best_beta_state_dict_phase1_class1.pt
[Tracker] Ep  332 | AvgR 0.0004 | Global 0.8973 | Local 0.1192 | F1_macro 0.6529 | WorstLoss 2.2972
[Tracker] Ep  333 | AvgR 0.0004 | Global 0.8433 | Local 0.1192 | F1_macro 0.6594 | WorstLoss 2.4589
[Tracker] Ep  334 | AvgR 0.0004 | Global 0.8734 | Local 0.1192 | F1_macro 0.6503 | WorstLoss 2.3669
[Tracker] Ep  335 | AvgR 0.0004 | Global 0.7592 | Local 0.1192 | F1_macro 0.6481 | WorstLoss 2.6354
[Tracker] Saved snapshot: ep0335_phase1_class1
[Tracker] Ep  336 | AvgR 0.0004 | Global 0.7958 | Local 0.1192 | F1_macro 0.6588 | WorstLoss 2.5664
[Tracker] Ep  337 | AvgR 0.0004 | Global 0.8278 | Local 0.1192 | F1_macro 0.6566 | WorstLoss 2.4964
[Tracker] Ep  338 | AvgR 0.0004 | Global 0.8601 | Local 0.1192 | F1_macro 0.6667 | WorstLoss 2.4145
[Tracker] Ep  339 | AvgR 0.0004 | Global 0.8830 | Local 0.1192 | F1_macro 0.6548 | WorstLoss 2.3461
[Tracker] Ep  340 | AvgR 0.0004 | Global 0.8357 | Local 0.1192 | F1_macro 0.6431 | WorstLoss 2.4527
[Tracker] Saved snapshot: ep0340_phase1_class1
[Tracker] Ep  341 | AvgR 0.0004 | Global 0.8729 | Local 0.1192 | F1_macro 0.6560 | WorstLoss 2.3742
[Tracker] Ep  342 | AvgR 0.0004 | Global 0.8727 | Local 0.1192 | F1_macro 0.6642 | WorstLoss 2.3639
[Tracker] Ep  343 | AvgR 0.0005 | Global 0.9090 | Local 0.1192 | F1_macro 0.6596 | WorstLoss 2.2528
[Tracker] Ep  344 | AvgR 0.0004 | Global 0.7993 | Local 0.1192 | F1_macro 0.6540 | WorstLoss 2.5593
[Tracker] Ep  345 | AvgR 0.0004 | Global 0.8765 | Local 0.1192 | F1_macro 0.6558 | WorstLoss 2.3667
[Tracker] Saved snapshot: ep0345_phase1_class1
[Tracker] Ep  346 | AvgR 0.0004 | Global 0.8727 | Local 0.1192 | F1_macro 0.6617 | WorstLoss 2.3782
[Tracker] Ep  347 | AvgR 0.0004 | Global 0.7477 | Local 0.1192 | F1_macro 0.6589 | WorstLoss 2.6578
[Tracker] Ep  348 | AvgR 0.0005 | Global 0.9158 | Local 0.1192 | F1_macro 0.6562 | WorstLoss 2.2243
[Tracker] Ep  349 | AvgR 0.0004 | Global 0.8853 | Local 0.1192 | F1_macro 0.6496 | WorstLoss 2.3387
[Tracker] Ep  350 | AvgR 0.0004 | Global 0.8191 | Local 0.1192 | F1_macro 0.6481 | WorstLoss 2.5166
[Tracker] Saved snapshot: ep0350_phase1_class1
[Tracker] Ep  351 | AvgR 0.0004 | Global 0.8210 | Local 0.1192 | F1_macro 0.6535 | WorstLoss 2.5121
[Tracker] Ep  352 | AvgR 0.0004 | Global 0.8762 | Local 0.1192 | F1_macro 0.6486 | WorstLoss 2.3248
[Tracker] Ep  353 | AvgR 0.0004 | Global 0.8877 | Local 0.1192 | F1_macro 0.6543 | WorstLoss 2.3308
[Tracker] Ep  354 | AvgR 0.0004 | Global 0.8574 | Local 0.1192 | F1_macro 0.6551 | WorstLoss 2.4138
[Tracker] Ep  355 | AvgR 0.0004 | Global 0.8437 | Local 0.1192 | F1_macro 0.6530 | WorstLoss 2.4555
[Tracker] Saved snapshot: ep0355_phase1_class1
[Tracker] Ep  356 | AvgR 0.0005 | Global 0.9386 | Local 0.1192 | F1_macro 0.6652 | WorstLoss 2.1112
[Tracker] Ep  357 | AvgR 0.0004 | Global 0.8656 | Local 0.1192 | F1_macro 0.6507 | WorstLoss 2.3628
[Tracker] Ep  358 | AvgR 0.0004 | Global 0.8963 | Local 0.1192 | F1_macro 0.6478 | WorstLoss 2.2874
[Tracker] Ep  359 | AvgR 0.0004 | Global 0.8780 | Local 0.1192 | F1_macro 0.6631 | WorstLoss 2.3619
[Tracker] Ep  360 | AvgR 0.0003 | Global 0.6977 | Local 0.1192 | F1_macro 0.6554 | WorstLoss 2.7321
[Tracker] Saved snapshot: ep0360_phase1_class1
[Tracker] Ep  361 | AvgR 0.0004 | Global 0.8763 | Local 0.1192 | F1_macro 0.6608 | WorstLoss 2.3673
[Tracker] Ep  362 | AvgR 0.0004 | Global 0.7548 | Local 0.1192 | F1_macro 0.6529 | WorstLoss 2.6451
[Tracker] Ep  363 | AvgR 0.0005 | Global 0.9277 | Local 0.1192 | F1_macro 0.6439 | WorstLoss 2.1606
[Tracker] Ep  364 | AvgR 0.0005 | Global 0.9017 | Local 0.1192 | F1_macro 0.6530 | WorstLoss 2.2474
[Tracker] Ep  365 | AvgR 0.0004 | Global 0.7794 | Local 0.1192 | F1_macro 0.6535 | WorstLoss 2.5993
[Tracker] Saved snapshot: ep0365_phase1_class1
[Tracker] Ep  366 | AvgR 0.0004 | Global 0.8780 | Local 0.1192 | F1_macro 0.6561 | WorstLoss 2.3619
[Tracker] Ep  367 | AvgR 0.0004 | Global 0.8855 | Local 0.1192 | F1_macro 0.6558 | WorstLoss 2.3328
[Tracker] Ep  368 | AvgR 0.0005 | Global 0.9118 | Local 0.1192 | F1_macro 0.6694 | WorstLoss 2.2412
[Tracker] Ep  369 | AvgR 0.0004 | Global 0.8929 | Local 0.1192 | F1_macro 0.6580 | WorstLoss 2.3131
[Tracker] Ep  370 | AvgR 0.0004 | Global 0.8431 | Local 0.1192 | F1_macro 0.6504 | WorstLoss 2.4578
[Tracker] Saved snapshot: ep0370_phase1_class1
[Tracker] Ep  371 | AvgR 0.0005 | Global 0.9190 | Local 0.1192 | F1_macro 0.6644 | WorstLoss 2.2103
[Tracker] Ep  372 | AvgR 0.0004 | Global 0.8703 | Local 0.1192 | F1_macro 0.6560 | WorstLoss 2.3853
[Tracker] Ep  373 | AvgR 0.0005 | Global 0.9060 | Local 0.1192 | F1_macro 0.6527 | WorstLoss 2.2286
[Tracker] Ep  374 | AvgR 0.0004 | Global 0.8926 | Local 0.1192 | F1_macro 0.6679 | WorstLoss 2.3139
[Tracker] Ep  375 | AvgR 0.0004 | Global 0.8433 | Local 0.1192 | F1_macro 0.6537 | WorstLoss 2.4448
[Tracker] Saved snapshot: ep0375_phase1_class1
[Tracker] Ep  376 | AvgR 0.0005 | Global 0.9425 | Local 0.1192 | F1_macro 0.6623 | WorstLoss 2.0876
[Tracker] New BEST synthetic [phase1_class1] (by global.global_obj: 0.942518) saved.
[Tracker] BEST β weights [phase1_class1] saved -> training_runs/SPECcompas_v18k3_ep3000_gpu1_EP3000_PCA10_REWfairness_minID0_majID1_TRJ2000_REAL3000_BIAS0.05_GG202604111115_d5681707/seed_3/best_beta_state_dict_phase1_class1.pt
[Tracker] Ep  377 | AvgR 0.0004 | Global 0.8953 | Local 0.1192 | F1_macro 0.6536 | WorstLoss 2.3045
[Tracker] Ep  378 | AvgR 0.0005 | Global 0.9109 | Local 0.1192 | F1_macro 0.6550 | WorstLoss 2.2449
[Tracker] Ep  379 | AvgR 0.0004 | Global 0.8747 | Local 0.1192 | F1_macro 0.6581 | WorstLoss 2.3723
[Tracker] Ep  380 | AvgR 0.0005 | Global 0.9392 | Local 0.1192 | F1_macro 0.6524 | WorstLoss 2.0853
[Tracker] Saved snapshot: ep0380_phase1_class1
[Tracker] Ep  381 | AvgR 0.0005 | Global 0.9472 | Local 0.1192 | F1_macro 0.6701 | WorstLoss 2.0579
[Tracker] New BEST synthetic [phase1_class1] (by global.global_obj: 0.947160) saved.
[Tracker] BEST β weights [phase1_class1] saved -> training_runs/SPECcompas_v18k3_ep3000_gpu1_EP3000_PCA10_REWfairness_minID0_majID1_TRJ2000_REAL3000_BIAS0.05_GG202604111115_d5681707/seed_3/best_beta_state_dict_phase1_class1.pt
[Tracker] Ep  382 | AvgR 0.0004 | Global 0.8827 | Local 0.1192 | F1_macro 0.6484 | WorstLoss 2.3472
[Tracker] Ep  383 | AvgR 0.0004 | Global 0.8305 | Local 0.1192 | F1_macro 0.6416 | WorstLoss 2.4603
[Tracker] Ep  384 | AvgR 0.0004 | Global 0.8997 | Local 0.1192 | F1_macro 0.6585 | WorstLoss 2.2885
[Tracker] Ep  385 | AvgR 0.0004 | Global 0.8882 | Local 0.1192 | F1_macro 0.6502 | WorstLoss 2.3086
[Tracker] Saved snapshot: ep0385_phase1_class1
[Tracker] Ep  386 | AvgR 0.0004 | Global 0.8574 | Local 0.1192 | F1_macro 0.6472 | WorstLoss 2.4083
[Tracker] Ep  387 | AvgR 0.0005 | Global 0.9038 | Local 0.1192 | F1_macro 0.6571 | WorstLoss 2.2733
[Tracker] Ep  388 | AvgR 0.0005 | Global 0.9081 | Local 0.1192 | F1_macro 0.6472 | WorstLoss 2.2563
[Tracker] Ep  389 | AvgR 0.0004 | Global 0.8462 | Local 0.1192 | F1_macro 0.6551 | WorstLoss 2.4446
[Tracker] Ep  390 | AvgR 0.0005 | Global 0.9440 | Local 0.1192 | F1_macro 0.6643 | WorstLoss 2.0784
[Tracker] Saved snapshot: ep0390_phase1_class1
[Tracker] Ep  391 | AvgR 0.0005 | Global 0.9217 | Local 0.1192 | F1_macro 0.6612 | WorstLoss 2.1979
[Tracker] Ep  392 | AvgR 0.0004 | Global 0.8888 | Local 0.1192 | F1_macro 0.6606 | WorstLoss 2.3271
[Tracker] Ep  393 | AvgR 0.0005 | Global 0.9318 | Local 0.1192 | F1_macro 0.6695 | WorstLoss 2.1481
[Tracker] Ep  394 | AvgR 0.0005 | Global 0.9266 | Local 0.1192 | F1_macro 0.6545 | WorstLoss 2.1302
[Tracker] Ep  395 | AvgR 0.0005 | Global 0.9391 | Local 0.1192 | F1_macro 0.6494 | WorstLoss 2.1082
[Tracker] Saved snapshot: ep0395_phase1_class1
[Tracker] Ep  396 | AvgR 0.0005 | Global 0.9460 | Local 0.1192 | F1_macro 0.6515 | WorstLoss 2.0654
[Tracker] Ep  397 | AvgR 0.0004 | Global 0.8999 | Local 0.1192 | F1_macro 0.6597 | WorstLoss 2.2878
[Tracker] Ep  398 | AvgR 0.0004 | Global 0.8216 | Local 0.1192 | F1_macro 0.6524 | WorstLoss 2.4993
[Tracker] Ep  399 | AvgR 0.0005 | Global 0.9005 | Local 0.1192 | F1_macro 0.6537 | WorstLoss 2.2756
[Tracker] Ep  400 | AvgR 0.0005 | Global 0.9526 | Local 0.1192 | F1_macro 0.6581 | WorstLoss 2.0197
[Tracker] Saved snapshot: ep0400_phase1_class1
[Tracker] New BEST synthetic [phase1_class1] (by global.global_obj: 0.952600) saved.
[Tracker] BEST β weights [phase1_class1] saved -> training_runs/SPECcompas_v18k3_ep3000_gpu1_EP3000_PCA10_REWfairness_minID0_majID1_TRJ2000_REAL3000_BIAS0.05_GG202604111115_d5681707/seed_3/best_beta_state_dict_phase1_class1.pt
[Tracker] Ep  401 | AvgR 0.0004 | Global 0.8393 | Local 0.1192 | F1_macro 0.6453 | WorstLoss 2.4334
[Tracker] Ep  402 | AvgR 0.0005 | Global 0.9371 | Local 0.1192 | F1_macro 0.6506 | WorstLoss 2.1192
[Tracker] Ep  403 | AvgR 0.0005 | Global 0.9103 | Local 0.1192 | F1_macro 0.6529 | WorstLoss 2.2473
[Tracker] Ep  404 | AvgR 0.0004 | Global 0.8931 | Local 0.1192 | F1_macro 0.6479 | WorstLoss 2.3108
[Tracker] Ep  405 | AvgR 0.0004 | Global 0.8677 | Local 0.1192 | F1_macro 0.6550 | WorstLoss 2.3676
[Tracker] Saved snapshot: ep0405_phase1_class1
[Tracker] Ep  406 | AvgR 0.0005 | Global 0.9616 | Local 0.1192 | F1_macro 0.6593 | WorstLoss 1.9466
[Tracker] New BEST synthetic [phase1_class1] (by global.global_obj: 0.961581) saved.
[Tracker] BEST β weights [phase1_class1] saved -> training_runs/SPECcompas_v18k3_ep3000_gpu1_EP3000_PCA10_REWfairness_minID0_majID1_TRJ2000_REAL3000_BIAS0.05_GG202604111115_d5681707/seed_3/best_beta_state_dict_phase1_class1.pt
[Tracker] Ep  407 | AvgR 0.0005 | Global 0.9300 | Local 0.1192 | F1_macro 0.6554 | WorstLoss 2.1390
[Tracker] Ep  408 | AvgR 0.0005 | Global 0.9393 | Local 0.1192 | F1_macro 0.6632 | WorstLoss 2.1069
[Tracker] Ep  409 | AvgR 0.0004 | Global 0.8648 | Local 0.1192 | F1_macro 0.6527 | WorstLoss 2.3560
[Tracker] Ep  410 | AvgR 0.0004 | Global 0.8824 | Local 0.1192 | F1_macro 0.6543 | WorstLoss 2.3482
[Tracker] Saved snapshot: ep0410_phase1_class1
[Tracker] Ep  411 | AvgR 0.0004 | Global 0.8207 | Local 0.1192 | F1_macro 0.6487 | WorstLoss 2.5020
[Tracker] Ep  412 | AvgR 0.0004 | Global 0.8930 | Local 0.1192 | F1_macro 0.6523 | WorstLoss 2.2898
[Tracker] Ep  413 | AvgR 0.0005 | Global 0.9116 | Local 0.1192 | F1_macro 0.6453 | WorstLoss 2.2083
[Tracker] Ep  414 | AvgR 0.0005 | Global 0.9118 | Local 0.1192 | F1_macro 0.6339 | WorstLoss 2.2282
[Tracker] Ep  415 | AvgR 0.0005 | Global 0.9343 | Local 0.1192 | F1_macro 0.6504 | WorstLoss 2.1351
[Tracker] Saved snapshot: ep0415_phase1_class1
[Tracker] Ep  416 | AvgR 0.0004 | Global 0.8989 | Local 0.1192 | F1_macro 0.6571 | WorstLoss 2.2893
[Tracker] Ep  417 | AvgR 0.0005 | Global 0.9022 | Local 0.1192 | F1_macro 0.6528 | WorstLoss 2.2794
[Tracker] Ep  418 | AvgR 0.0004 | Global 0.7877 | Local 0.1192 | F1_macro 0.6465 | WorstLoss 2.5746
[Tracker] Ep  419 | AvgR 0.0005 | Global 0.9313 | Local 0.1192 | F1_macro 0.6580 | WorstLoss 2.1261
[Tracker] Ep  420 | AvgR 0.0004 | Global 0.8901 | Local 0.1192 | F1_macro 0.6450 | WorstLoss 2.3226
[Tracker] Saved snapshot: ep0420_phase1_class1
[Tracker] Ep  421 | AvgR 0.0005 | Global 0.9513 | Local 0.1192 | F1_macro 0.6576 | WorstLoss 2.0293
[Tracker] Ep  422 | AvgR 0.0005 | Global 0.9362 | Local 0.1192 | F1_macro 0.6623 | WorstLoss 2.1246
[Tracker] Ep  423 | AvgR 0.0005 | Global 0.9039 | Local 0.1192 | F1_macro 0.6533 | WorstLoss 2.2730
[Tracker] Ep  424 | AvgR 0.0005 | Global 0.9371 | Local 0.1192 | F1_macro 0.6563 | WorstLoss 2.1193
[Tracker] Ep  425 | AvgR 0.0004 | Global 0.8981 | Local 0.1192 | F1_macro 0.6532 | WorstLoss 2.2867
[Tracker] Saved snapshot: ep0425_phase1_class1
[Tracker] Ep  426 | AvgR 0.0004 | Global 0.7714 | Local 0.1192 | F1_macro 0.6433 | WorstLoss 2.6111
[Tracker] Ep  427 | AvgR 0.0004 | Global 0.8635 | Local 0.1192 | F1_macro 0.6603 | WorstLoss 2.4051
[Tracker] Ep  428 | AvgR 0.0005 | Global 0.9627 | Local 0.1192 | F1_macro 0.6478 | WorstLoss 1.8957
[Tracker] New BEST synthetic [phase1_class1] (by global.global_obj: 0.962728) saved.
[Tracker] BEST β weights [phase1_class1] saved -> training_runs/SPECcompas_v18k3_ep3000_gpu1_EP3000_PCA10_REWfairness_minID0_majID1_TRJ2000_REAL3000_BIAS0.05_GG202604111115_d5681707/seed_3/best_beta_state_dict_phase1_class1.pt
[Tracker] Ep  429 | AvgR 0.0004 | Global 0.8985 | Local 0.1192 | F1_macro 0.6503 | WorstLoss 2.2929
[Tracker] Ep  430 | AvgR 0.0004 | Global 0.8890 | Local 0.1192 | F1_macro 0.6586 | WorstLoss 2.3263
[Tracker] Saved snapshot: ep0430_phase1_class1
[Tracker] Ep  431 | AvgR 0.0005 | Global 0.9179 | Local 0.1192 | F1_macro 0.6578 | WorstLoss 2.2151
[Tracker] Ep  432 | AvgR 0.0005 | Global 0.9150 | Local 0.1192 | F1_macro 0.6560 | WorstLoss 2.1656
[Tracker] Ep  433 | AvgR 0.0004 | Global 0.8978 | Local 0.1192 | F1_macro 0.6599 | WorstLoss 2.2693
[Tracker] Ep  434 | AvgR 0.0005 | Global 0.9266 | Local 0.1192 | F1_macro 0.6484 | WorstLoss 2.1748
[Tracker] Ep  435 | AvgR 0.0004 | Global 0.8202 | Local 0.1192 | F1_macro 0.6524 | WorstLoss 2.4762
[Tracker] Saved snapshot: ep0435_phase1_class1
[Tracker] Ep  436 | AvgR 0.0005 | Global 0.9086 | Local 0.1192 | F1_macro 0.6572 | WorstLoss 2.2543
[Tracker] Ep  437 | AvgR 0.0004 | Global 0.8401 | Local 0.1192 | F1_macro 0.6483 | WorstLoss 2.4595
[Tracker] Ep  438 | AvgR 0.0005 | Global 0.9002 | Local 0.1192 | F1_macro 0.6552 | WorstLoss 2.2843
[Tracker] Ep  439 | AvgR 0.0005 | Global 0.9380 | Local 0.1192 | F1_macro 0.6521 | WorstLoss 2.1146
[Tracker] Ep  440 | AvgR 0.0005 | Global 0.9446 | Local 0.1192 | F1_macro 0.6502 | WorstLoss 2.0748
[Tracker] Saved snapshot: ep0440_phase1_class1
[Tracker] Ep  441 | AvgR 0.0005 | Global 0.9449 | Local 0.1192 | F1_macro 0.6562 | WorstLoss 2.0725
[Tracker] Ep  442 | AvgR 0.0004 | Global 0.8847 | Local 0.1192 | F1_macro 0.6488 | WorstLoss 2.3251
[Tracker] Ep  443 | AvgR 0.0005 | Global 0.9081 | Local 0.1192 | F1_macro 0.6554 | WorstLoss 2.2564
[Tracker] Ep  444 | AvgR 0.0005 | Global 0.9334 | Local 0.1192 | F1_macro 0.6550 | WorstLoss 2.1397
[Tracker] Ep  445 | AvgR 0.0004 | Global 0.8933 | Local 0.1192 | F1_macro 0.6584 | WorstLoss 2.3118
[Tracker] Saved snapshot: ep0445_phase1_class1
[Tracker] Ep  446 | AvgR 0.0005 | Global 0.9347 | Local 0.1192 | F1_macro 0.6636 | WorstLoss 2.1328
[Tracker] Ep  447 | AvgR 0.0005 | Global 0.9210 | Local 0.1192 | F1_macro 0.6538 | WorstLoss 2.1460
[Tracker] Ep  448 | AvgR 0.0005 | Global 0.9108 | Local 0.1192 | F1_macro 0.6467 | WorstLoss 2.2453
[Tracker] Ep  449 | AvgR 0.0005 | Global 0.9016 | Local 0.1192 | F1_macro 0.6492 | WorstLoss 2.2814
[Tracker] Ep  450 | AvgR 0.0005 | Global 0.9384 | Local 0.1192 | F1_macro 0.6617 | WorstLoss 2.1121
[Tracker] Saved snapshot: ep0450_phase1_class1
[Tracker] Ep  451 | AvgR 0.0005 | Global 0.9047 | Local 0.1192 | F1_macro 0.6518 | WorstLoss 2.2697
[Tracker] Ep  452 | AvgR 0.0004 | Global 0.8450 | Local 0.1192 | F1_macro 0.6645 | WorstLoss 2.4545
[Tracker] Ep  453 | AvgR 0.0004 | Global 0.8831 | Local 0.1192 | F1_macro 0.6540 | WorstLoss 2.3400
[Tracker] Ep  454 | AvgR 0.0004 | Global 0.8957 | Local 0.1192 | F1_macro 0.6605 | WorstLoss 2.3032
[Tracker] Ep  455 | AvgR 0.0004 | Global 0.8741 | Local 0.1192 | F1_macro 0.6635 | WorstLoss 2.3741
[Tracker] Saved snapshot: ep0455_phase1_class1
[Tracker] Ep  456 | AvgR 0.0004 | Global 0.8754 | Local 0.1192 | F1_macro 0.6541 | WorstLoss 2.3391
[Tracker] Ep  457 | AvgR 0.0005 | Global 0.9219 | Local 0.1192 | F1_macro 0.6524 | WorstLoss 2.1932
[Tracker] Ep  458 | AvgR 0.0005 | Global 0.9275 | Local 0.1192 | F1_macro 0.6630 | WorstLoss 2.1702
[Tracker] Ep  459 | AvgR 0.0005 | Global 0.9635 | Local 0.1192 | F1_macro 0.6772 | WorstLoss 1.9284
[Tracker] New BEST synthetic [phase1_class1] (by global.global_obj: 0.963544) saved.
[Tracker] BEST β weights [phase1_class1] saved -> training_runs/SPECcompas_v18k3_ep3000_gpu1_EP3000_PCA10_REWfairness_minID0_majID1_TRJ2000_REAL3000_BIAS0.05_GG202604111115_d5681707/seed_3/best_beta_state_dict_phase1_class1.pt
[Tracker] Ep  460 | AvgR 0.0004 | Global 0.8776 | Local 0.1192 | F1_macro 0.6649 | WorstLoss 2.3632
[Tracker] Saved snapshot: ep0460_phase1_class1
[Tracker] Ep  461 | AvgR 0.0005 | Global 0.9016 | Local 0.1192 | F1_macro 0.6500 | WorstLoss 2.2816
[Tracker] Ep  462 | AvgR 0.0005 | Global 0.9500 | Local 0.1192 | F1_macro 0.6750 | WorstLoss 2.0384
[Tracker] Ep  463 | AvgR 0.0004 | Global 0.8717 | Local 0.1192 | F1_macro 0.6549 | WorstLoss 2.3812
[Tracker] Ep  464 | AvgR 0.0005 | Global 0.9198 | Local 0.1192 | F1_macro 0.6560 | WorstLoss 2.2068
[Tracker] Ep  465 | AvgR 0.0004 | Global 0.8902 | Local 0.1192 | F1_macro 0.6575 | WorstLoss 2.3222
[Tracker] Saved snapshot: ep0465_phase1_class1
[Tracker] Ep  466 | AvgR 0.0004 | Global 0.8648 | Local 0.1192 | F1_macro 0.6509 | WorstLoss 2.4014
[Tracker] Ep  467 | AvgR 0.0005 | Global 0.9449 | Local 0.1192 | F1_macro 0.6556 | WorstLoss 2.0728
[Tracker] Ep  468 | AvgR 0.0005 | Global 0.9395 | Local 0.1192 | F1_macro 0.6645 | WorstLoss 2.1060
[Tracker] Ep  469 | AvgR 0.0005 | Global 0.9402 | Local 0.1192 | F1_macro 0.6621 | WorstLoss 2.1014
[Tracker] Ep  470 | AvgR 0.0005 | Global 0.9527 | Local 0.1192 | F1_macro 0.6539 | WorstLoss 2.0187
[Tracker] Saved snapshot: ep0470_phase1_class1
[Tracker] Ep  471 | AvgR 0.0005 | Global 0.9218 | Local 0.1192 | F1_macro 0.6583 | WorstLoss 2.1977
[Tracker] Ep  472 | AvgR 0.0004 | Global 0.8984 | Local 0.1192 | F1_macro 0.6518 | WorstLoss 2.2934
[Tracker] Ep  473 | AvgR 0.0005 | Global 0.9360 | Local 0.1192 | F1_macro 0.6511 | WorstLoss 2.1258
[Tracker] Ep  474 | AvgR 0.0004 | Global 0.7987 | Local 0.1192 | F1_macro 0.6524 | WorstLoss 2.5605
[Tracker] Ep  475 | AvgR 0.0005 | Global 0.9247 | Local 0.1192 | F1_macro 0.6547 | WorstLoss 2.1591
[Tracker] Saved snapshot: ep0475_phase1_class1
[Tracker] Ep  476 | AvgR 0.0005 | Global 0.9273 | Local 0.1192 | F1_macro 0.6663 | WorstLoss 2.1714
[Tracker] Ep  477 | AvgR 0.0005 | Global 0.9195 | Local 0.1192 | F1_macro 0.6504 | WorstLoss 2.2080
[Tracker] Ep  478 | AvgR 0.0004 | Global 0.8612 | Local 0.1192 | F1_macro 0.6495 | WorstLoss 2.3843
[Tracker] Ep  479 | AvgR 0.0005 | Global 0.9482 | Local 0.1192 | F1_macro 0.6593 | WorstLoss 2.0424
[Tracker] Ep  480 | AvgR 0.0005 | Global 0.9197 | Local 0.1192 | F1_macro 0.6467 | WorstLoss 2.2053
[Tracker] Saved snapshot: ep0480_phase1_class1
[Tracker] Ep  481 | AvgR 0.0005 | Global 0.9410 | Local 0.1192 | F1_macro 0.6529 | WorstLoss 2.0970
[Tracker] Ep  482 | AvgR 0.0005 | Global 0.9605 | Local 0.1192 | F1_macro 0.6671 | WorstLoss 1.9563
[Tracker] Ep  483 | AvgR 0.0005 | Global 0.9355 | Local 0.1192 | F1_macro 0.6565 | WorstLoss 2.1284
[Tracker] Ep  484 | AvgR 0.0005 | Global 0.9178 | Local 0.1192 | F1_macro 0.6653 | WorstLoss 2.2155
[Tracker] Ep  485 | AvgR 0.0005 | Global 0.9095 | Local 0.1192 | F1_macro 0.6572 | WorstLoss 2.2506
[Tracker] Saved snapshot: ep0485_phase1_class1
[Tracker] Ep  486 | AvgR 0.0005 | Global 0.9139 | Local 0.1192 | F1_macro 0.6547 | WorstLoss 2.2278
[Tracker] Ep  487 | AvgR 0.0005 | Global 0.9145 | Local 0.1192 | F1_macro 0.6614 | WorstLoss 2.2298
[Tracker] Ep  488 | AvgR 0.0005 | Global 0.9317 | Local 0.1192 | F1_macro 0.6544 | WorstLoss 2.1451
[Tracker] Ep  489 | AvgR 0.0005 | Global 0.9310 | Local 0.1192 | F1_macro 0.6519 | WorstLoss 2.1526
[Tracker] Ep  490 | AvgR 0.0004 | Global 0.8814 | Local 0.1192 | F1_macro 0.6594 | WorstLoss 2.3513
[Tracker] Saved snapshot: ep0490_phase1_class1
[Tracker] Ep  491 | AvgR 0.0005 | Global 0.9325 | Local 0.1192 | F1_macro 0.6596 | WorstLoss 2.1445
[Tracker] Ep  492 | AvgR 0.0005 | Global 0.9612 | Local 0.1192 | F1_macro 0.6619 | WorstLoss 1.9504
[Tracker] Ep  493 | AvgR 0.0004 | Global 0.8796 | Local 0.1192 | F1_macro 0.6628 | WorstLoss 2.3572
[Tracker] Ep  494 | AvgR 0.0005 | Global 0.9268 | Local 0.1192 | F1_macro 0.6546 | WorstLoss 2.1712
[Tracker] Ep  495 | AvgR 0.0005 | Global 0.9116 | Local 0.1192 | F1_macro 0.6560 | WorstLoss 2.2423
[Tracker] Saved snapshot: ep0495_phase1_class1
[Tracker] Ep  496 | AvgR 0.0005 | Global 0.9102 | Local 0.1192 | F1_macro 0.6575 | WorstLoss 2.2133
[Tracker] Ep  497 | AvgR 0.0004 | Global 0.8867 | Local 0.1192 | F1_macro 0.6600 | WorstLoss 2.3341
[Tracker] Ep  498 | AvgR 0.0005 | Global 0.9049 | Local 0.1192 | F1_macro 0.6681 | WorstLoss 2.2691
[Tracker] Ep  499 | AvgR 0.0004 | Global 0.8928 | Local 0.1192 | F1_macro 0.6641 | WorstLoss 2.3134
[Tracker] Ep  500 | AvgR 0.0005 | Global 0.9430 | Local 0.1192 | F1_macro 0.6567 | WorstLoss 2.0849
[Tracker] Saved snapshot: ep0500_phase1_class1
[Tracker] Ep  501 | AvgR 0.0005 | Global 0.9330 | Local 0.1192 | F1_macro 0.6527 | WorstLoss 2.1421
[Tracker] Ep  502 | AvgR 0.0005 | Global 0.9240 | Local 0.1192 | F1_macro 0.6610 | WorstLoss 2.1871
[Tracker] Ep  503 | AvgR 0.0004 | Global 0.8678 | Local 0.1192 | F1_macro 0.6488 | WorstLoss 2.3594
[Tracker] Ep  504 | AvgR 0.0005 | Global 0.9515 | Local 0.1192 | F1_macro 0.6526 | WorstLoss 2.0279
[Tracker] Ep  505 | AvgR 0.0005 | Global 0.9306 | Local 0.1192 | F1_macro 0.6532 | WorstLoss 2.1544
[Tracker] Saved snapshot: ep0505_phase1_class1
[Tracker] Ep  506 | AvgR 0.0005 | Global 0.9401 | Local 0.1192 | F1_macro 0.6686 | WorstLoss 2.1022
[Tracker] Ep  507 | AvgR 0.0004 | Global 0.8735 | Local 0.1192 | F1_macro 0.6481 | WorstLoss 2.3757
[Tracker] Ep  508 | AvgR 0.0005 | Global 0.9235 | Local 0.1192 | F1_macro 0.6662 | WorstLoss 2.1898
[Tracker] Ep  509 | AvgR 0.0004 | Global 0.8597 | Local 0.1192 | F1_macro 0.6613 | WorstLoss 2.4157
[Tracker] Ep  510 | AvgR 0.0005 | Global 0.9567 | Local 0.1192 | F1_macro 0.6550 | WorstLoss 1.9878
[Tracker] Saved snapshot: ep0510_phase1_class1
[Tracker] Ep  511 | AvgR 0.0005 | Global 0.9476 | Local 0.1192 | F1_macro 0.6656 | WorstLoss 2.0549
[Tracker] Ep  512 | AvgR 0.0004 | Global 0.8356 | Local 0.1192 | F1_macro 0.6558 | WorstLoss 2.4780
[Tracker] Ep  513 | AvgR 0.0004 | Global 0.8943 | Local 0.1192 | F1_macro 0.6563 | WorstLoss 2.3079
[Tracker] Ep  514 | AvgR 0.0004 | Global 0.8845 | Local 0.1192 | F1_macro 0.6532 | WorstLoss 2.3414
[Tracker] Ep  515 | AvgR 0.0005 | Global 0.9489 | Local 0.1192 | F1_macro 0.6660 | WorstLoss 2.0463
[Tracker] Saved snapshot: ep0515_phase1_class1
[Tracker] Ep  516 | AvgR 0.0004 | Global 0.8869 | Local 0.1192 | F1_macro 0.6578 | WorstLoss 2.3259
[Tracker] Ep  517 | AvgR 0.0005 | Global 0.9542 | Local 0.1192 | F1_macro 0.6734 | WorstLoss 2.0076
[Tracker] Ep  518 | AvgR 0.0005 | Global 0.9161 | Local 0.1192 | F1_macro 0.6523 | WorstLoss 2.2230
[Tracker] Ep  519 | AvgR 0.0004 | Global 0.8996 | Local 0.1192 | F1_macro 0.6552 | WorstLoss 2.2685
[Tracker] Ep  520 | AvgR 0.0005 | Global 0.9360 | Local 0.1192 | F1_macro 0.6551 | WorstLoss 2.1254
[Tracker] Saved snapshot: ep0520_phase1_class1
[Tracker] Ep  521 | AvgR 0.0004 | Global 0.8506 | Local 0.1192 | F1_macro 0.6493 | WorstLoss 2.4401
[Tracker] Ep  522 | AvgR 0.0004 | Global 0.8205 | Local 0.1192 | F1_macro 0.6452 | WorstLoss 2.5095
[Tracker] Ep  523 | AvgR 0.0005 | Global 0.9364 | Local 0.1192 | F1_macro 0.6479 | WorstLoss 2.1236
[Tracker] Ep  524 | AvgR 0.0005 | Global 0.9033 | Local 0.1192 | F1_macro 0.6476 | WorstLoss 2.2635
[Tracker] Ep  525 | AvgR 0.0005 | Global 0.9204 | Local 0.1192 | F1_macro 0.6576 | WorstLoss 2.2039
[Tracker] Saved snapshot: ep0525_phase1_class1
[Tracker] Ep  526 | AvgR 0.0004 | Global 0.8831 | Local 0.1192 | F1_macro 0.6577 | WorstLoss 2.3458
[Tracker] Ep  527 | AvgR 0.0004 | Global 0.8902 | Local 0.1192 | F1_macro 0.6595 | WorstLoss 2.3222
[Tracker] Ep  528 | AvgR 0.0005 | Global 0.9264 | Local 0.1192 | F1_macro 0.6535 | WorstLoss 2.1641
[Tracker] Ep  529 | AvgR 0.0004 | Global 0.8714 | Local 0.1192 | F1_macro 0.6582 | WorstLoss 2.3822
[Tracker] Ep  530 | AvgR 0.0004 | Global 0.8619 | Local 0.1192 | F1_macro 0.6471 | WorstLoss 2.4096
[Tracker] Saved snapshot: ep0530_phase1_class1
[Tracker] Ep  531 | AvgR 0.0004 | Global 0.8856 | Local 0.1192 | F1_macro 0.6625 | WorstLoss 2.3377
[Tracker] Ep  532 | AvgR 0.0005 | Global 0.9279 | Local 0.1192 | F1_macro 0.6569 | WorstLoss 2.1683
[Tracker] Ep  533 | AvgR 0.0005 | Global 0.9411 | Local 0.1192 | F1_macro 0.6561 | WorstLoss 2.0962
[Tracker] Ep  534 | AvgR 0.0005 | Global 0.9439 | Local 0.1192 | F1_macro 0.6604 | WorstLoss 2.0788
[Tracker] Ep  535 | AvgR 0.0005 | Global 0.9162 | Local 0.1192 | F1_macro 0.6590 | WorstLoss 2.2228
[Tracker] Saved snapshot: ep0535_phase1_class1
[Tracker] Ep  536 | AvgR 0.0005 | Global 0.9341 | Local 0.1192 | F1_macro 0.6586 | WorstLoss 2.1362
[Tracker] Ep  537 | AvgR 0.0005 | Global 0.9660 | Local 0.1192 | F1_macro 0.6535 | WorstLoss 1.9047
[Tracker] New BEST synthetic [phase1_class1] (by global.global_obj: 0.965962) saved.
[Tracker] BEST β weights [phase1_class1] saved -> training_runs/SPECcompas_v18k3_ep3000_gpu1_EP3000_PCA10_REWfairness_minID0_majID1_TRJ2000_REAL3000_BIAS0.05_GG202604111115_d5681707/seed_3/best_beta_state_dict_phase1_class1.pt
[Tracker] Ep  538 | AvgR 0.0005 | Global 0.9358 | Local 0.1192 | F1_macro 0.6497 | WorstLoss 2.1180
[Tracker] Ep  539 | AvgR 0.0005 | Global 0.9275 | Local 0.1192 | F1_macro 0.6526 | WorstLoss 2.0938
[Tracker] Ep  540 | AvgR 0.0005 | Global 0.9302 | Local 0.1192 | F1_macro 0.6544 | WorstLoss 2.0390
[Tracker] Saved snapshot: ep0540_phase1_class1
[Tracker] Ep  541 | AvgR 0.0005 | Global 0.9545 | Local 0.1192 | F1_macro 0.6664 | WorstLoss 2.0054
[Tracker] Ep  542 | AvgR 0.0004 | Global 0.8997 | Local 0.1192 | F1_macro 0.6677 | WorstLoss 2.2885
[Tracker] Ep  543 | AvgR 0.0005 | Global 0.9481 | Local 0.1192 | F1_macro 0.6513 | WorstLoss 2.0514
[Tracker] Ep  544 | AvgR 0.0005 | Global 0.9672 | Local 0.1192 | F1_macro 0.6687 | WorstLoss 1.8918
[Tracker] New BEST synthetic [phase1_class1] (by global.global_obj: 0.967217) saved.
[Tracker] BEST β weights [phase1_class1] saved -> training_runs/SPECcompas_v18k3_ep3000_gpu1_EP3000_PCA10_REWfairness_minID0_majID1_TRJ2000_REAL3000_BIAS0.05_GG202604111115_d5681707/seed_3/best_beta_state_dict_phase1_class1.pt
[Tracker] Ep  545 | AvgR 0.0004 | Global 0.8928 | Local 0.1192 | F1_macro 0.6640 | WorstLoss 2.3132
[Tracker] Saved snapshot: ep0545_phase1_class1
[Tracker] Ep  546 | AvgR 0.0005 | Global 0.9096 | Local 0.1192 | F1_macro 0.6645 | WorstLoss 2.2504
[Tracker] Ep  547 | AvgR 0.0005 | Global 0.9491 | Local 0.1192 | F1_macro 0.6564 | WorstLoss 2.0448
[Tracker] Ep  548 | AvgR 0.0005 | Global 0.9257 | Local 0.1192 | F1_macro 0.6584 | WorstLoss 2.1793
[Tracker] Ep  549 | AvgR 0.0005 | Global 0.9157 | Local 0.1192 | F1_macro 0.6461 | WorstLoss 2.2154
[Tracker] Ep  550 | AvgR 0.0005 | Global 0.9523 | Local 0.1192 | F1_macro 0.6534 | WorstLoss 1.9548
[Tracker] Saved snapshot: ep0550_phase1_class1
[Tracker] Ep  551 | AvgR 0.0004 | Global 0.8866 | Local 0.1192 | F1_macro 0.6560 | WorstLoss 2.3344
[Tracker] Ep  552 | AvgR 0.0005 | Global 0.9373 | Local 0.1192 | F1_macro 0.6653 | WorstLoss 2.1182
[Tracker] Ep  553 | AvgR 0.0004 | Global 0.8688 | Local 0.1192 | F1_macro 0.6496 | WorstLoss 2.3731
[Tracker] Ep  554 | AvgR 0.0005 | Global 0.9221 | Local 0.1192 | F1_macro 0.6645 | WorstLoss 2.1963
[Tracker] Ep  555 | AvgR 0.0005 | Global 0.9363 | Local 0.1192 | F1_macro 0.6610 | WorstLoss 2.1240
[Tracker] Saved snapshot: ep0555_phase1_class1
[Tracker] Ep  556 | AvgR 0.0005 | Global 0.9077 | Local 0.1192 | F1_macro 0.6560 | WorstLoss 2.2309
[Tracker] Ep  557 | AvgR 0.0005 | Global 0.9297 | Local 0.1192 | F1_macro 0.6614 | WorstLoss 2.1592
[Tracker] Ep  558 | AvgR 0.0005 | Global 0.9407 | Local 0.1192 | F1_macro 0.6467 | WorstLoss 2.0495
[Tracker] Ep  559 | AvgR 0.0004 | Global 0.8810 | Local 0.1192 | F1_macro 0.6465 | WorstLoss 2.3317
[Tracker] Ep  560 | AvgR 0.0004 | Global 0.8224 | Local 0.1192 | F1_macro 0.6467 | WorstLoss 2.5015
[Tracker] Saved snapshot: ep0560_phase1_class1
[Tracker] Ep  561 | AvgR 0.0005 | Global 0.9101 | Local 0.1192 | F1_macro 0.6602 | WorstLoss 2.2482
[Tracker] Ep  562 | AvgR 0.0005 | Global 0.9171 | Local 0.1192 | F1_macro 0.6560 | WorstLoss 2.2189
[Tracker] Ep  563 | AvgR 0.0005 | Global 0.9024 | Local 0.1192 | F1_macro 0.6520 | WorstLoss 2.2502
[Tracker] Ep  564 | AvgR 0.0005 | Global 0.9021 | Local 0.1192 | F1_macro 0.6537 | WorstLoss 2.2797
[Tracker] Ep  565 | AvgR 0.0005 | Global 0.9223 | Local 0.1192 | F1_macro 0.6503 | WorstLoss 2.1953
[Tracker] Saved snapshot: ep0565_phase1_class1
[Tracker] Ep  566 | AvgR 0.0004 | Global 0.8800 | Local 0.1192 | F1_macro 0.6579 | WorstLoss 2.3387
[Tracker] Ep  567 | AvgR 0.0005 | Global 0.9579 | Local 0.1192 | F1_macro 0.6550 | WorstLoss 1.9786
[Tracker] Ep  568 | AvgR 0.0004 | Global 0.8849 | Local 0.1192 | F1_macro 0.6551 | WorstLoss 2.3354
[Tracker] Ep  569 | AvgR 0.0004 | Global 0.8952 | Local 0.1192 | F1_macro 0.6558 | WorstLoss 2.3050
[Tracker] Ep  570 | AvgR 0.0005 | Global 0.9255 | Local 0.1192 | F1_macro 0.6532 | WorstLoss 2.1801
[Tracker] Saved snapshot: ep0570_phase1_class1
[Tracker] Ep  571 | AvgR 0.0004 | Global 0.8993 | Local 0.1192 | F1_macro 0.6606 | WorstLoss 2.2901
[Tracker] Ep  572 | AvgR 0.0005 | Global 0.9109 | Local 0.1192 | F1_macro 0.6553 | WorstLoss 2.2450
[Tracker] Ep  573 | AvgR 0.0005 | Global 0.9175 | Local 0.1192 | F1_macro 0.6609 | WorstLoss 2.2170
[Tracker] Ep  574 | AvgR 0.0005 | Global 0.9555 | Local 0.1192 | F1_macro 0.6543 | WorstLoss 1.9979
[Tracker] Ep  575 | AvgR 0.0005 | Global 0.9369 | Local 0.1192 | F1_macro 0.6619 | WorstLoss 2.1205
[Tracker] Saved snapshot: ep0575_phase1_class1
[Tracker] Ep  576 | AvgR 0.0005 | Global 0.9519 | Local 0.1192 | F1_macro 0.6383 | WorstLoss 1.9643
[Tracker] Ep  577 | AvgR 0.0005 | Global 0.9265 | Local 0.1192 | F1_macro 0.6602 | WorstLoss 2.1754
[Tracker] Ep  578 | AvgR 0.0005 | Global 0.9093 | Local 0.1192 | F1_macro 0.6471 | WorstLoss 2.2517
[Tracker] Ep  579 | AvgR 0.0005 | Global 0.9439 | Local 0.1192 | F1_macro 0.6560 | WorstLoss 2.0789
[Tracker] Ep  580 | AvgR 0.0005 | Global 0.9187 | Local 0.1192 | F1_macro 0.6594 | WorstLoss 2.1879
[Tracker] Saved snapshot: ep0580_phase1_class1
[Tracker] Ep  581 | AvgR 0.0005 | Global 0.9262 | Local 0.1192 | F1_macro 0.6604 | WorstLoss 2.1768
[Tracker] Ep  582 | AvgR 0.0005 | Global 0.9450 | Local 0.1192 | F1_macro 0.6552 | WorstLoss 2.0718
[Tracker] Ep  583 | AvgR 0.0005 | Global 0.9472 | Local 0.1192 | F1_macro 0.6608 | WorstLoss 2.0577
[Tracker] Ep  584 | AvgR 0.0005 | Global 0.9523 | Local 0.1192 | F1_macro 0.6552 | WorstLoss 2.0221
[Tracker] Ep  585 | AvgR 0.0005 | Global 0.9506 | Local 0.1192 | F1_macro 0.6540 | WorstLoss 2.0341
[Tracker] Saved snapshot: ep0585_phase1_class1
[Tracker] Ep  586 | AvgR 0.0004 | Global 0.8571 | Local 0.1192 | F1_macro 0.6513 | WorstLoss 2.4227
[Tracker] Ep  587 | AvgR 0.0005 | Global 0.9224 | Local 0.1192 | F1_macro 0.6543 | WorstLoss 2.1691
[Tracker] Ep  588 | AvgR 0.0004 | Global 0.8573 | Local 0.1192 | F1_macro 0.6596 | WorstLoss 2.4221
[Tracker] Ep  589 | AvgR 0.0005 | Global 0.9446 | Local 0.1192 | F1_macro 0.6532 | WorstLoss 2.0744
[Tracker] Ep  590 | AvgR 0.0004 | Global 0.8986 | Local 0.1192 | F1_macro 0.6537 | WorstLoss 2.2928
[Tracker] Saved snapshot: ep0590_phase1_class1
[Tracker] Ep  591 | AvgR 0.0005 | Global 0.9447 | Local 0.1192 | F1_macro 0.6616 | WorstLoss 2.0739
[Tracker] Ep  592 | AvgR 0.0005 | Global 0.9346 | Local 0.1192 | F1_macro 0.6631 | WorstLoss 2.1335
[Tracker] Ep  593 | AvgR 0.0005 | Global 0.9478 | Local 0.1192 | F1_macro 0.6633 | WorstLoss 2.0537
[Tracker] Ep  594 | AvgR 0.0005 | Global 0.9158 | Local 0.1192 | F1_macro 0.6488 | WorstLoss 2.2243
[Tracker] Ep  595 | AvgR 0.0005 | Global 0.9223 | Local 0.1192 | F1_macro 0.6655 | WorstLoss 2.1955
[Tracker] Saved snapshot: ep0595_phase1_class1
[Tracker] Ep  596 | AvgR 0.0005 | Global 0.9703 | Local 0.1192 | F1_macro 0.6422 | WorstLoss 1.8583
[Tracker] New BEST synthetic [phase1_class1] (by global.global_obj: 0.970255) saved.
[Tracker] BEST β weights [phase1_class1] saved -> training_runs/SPECcompas_v18k3_ep3000_gpu1_EP3000_PCA10_REWfairness_minID0_majID1_TRJ2000_REAL3000_BIAS0.05_GG202604111115_d5681707/seed_3/best_beta_state_dict_phase1_class1.pt
[Tracker] Ep  597 | AvgR 0.0005 | Global 0.9490 | Local 0.1192 | F1_macro 0.6686 | WorstLoss 2.0456
[Tracker] Ep  598 | AvgR 0.0005 | Global 0.9327 | Local 0.1192 | F1_macro 0.6608 | WorstLoss 2.1438
[Tracker] Ep  599 | AvgR 0.0005 | Global 0.9656 | Local 0.1192 | F1_macro 0.6565 | WorstLoss 1.9086
[Tracker] Ep  600 | AvgR 0.0005 | Global 0.9772 | Local 0.1192 | F1_macro 0.6610 | WorstLoss 1.7673
[Tracker] Saved snapshot: ep0600_phase1_class1
[Tracker] New BEST synthetic [phase1_class1] (by global.global_obj: 0.977197) saved.
[Tracker] BEST β weights [phase1_class1] saved -> training_runs/SPECcompas_v18k3_ep3000_gpu1_EP3000_PCA10_REWfairness_minID0_majID1_TRJ2000_REAL3000_BIAS0.05_GG202604111115_d5681707/seed_3/best_beta_state_dict_phase1_class1.pt
[Tracker] Ep  601 | AvgR 0.0005 | Global 0.9320 | Local 0.1192 | F1_macro 0.6561 | WorstLoss 2.1475
[Tracker] Ep  602 | AvgR 0.0005 | Global 0.9364 | Local 0.1192 | F1_macro 0.6458 | WorstLoss 2.0660
[Tracker] Ep  603 | AvgR 0.0005 | Global 0.9626 | Local 0.1192 | F1_macro 0.6452 | WorstLoss 1.9369
[Tracker] Ep  604 | AvgR 0.0005 | Global 0.9397 | Local 0.1192 | F1_macro 0.6604 | WorstLoss 2.1045
[Tracker] Ep  605 | AvgR 0.0005 | Global 0.9491 | Local 0.1192 | F1_macro 0.6657 | WorstLoss 2.0445
[Tracker] Saved snapshot: ep0605_phase1_class1
[Tracker] Ep  606 | AvgR 0.0005 | Global 0.9307 | Local 0.1192 | F1_macro 0.6688 | WorstLoss 2.1540
[Tracker] Ep  607 | AvgR 0.0005 | Global 0.9288 | Local 0.1192 | F1_macro 0.6467 | WorstLoss 2.1637
[Tracker] Ep  608 | AvgR 0.0005 | Global 0.9388 | Local 0.1192 | F1_macro 0.6590 | WorstLoss 2.1096
[Tracker] Ep  609 | AvgR 0.0005 | Global 0.9345 | Local 0.1192 | F1_macro 0.6511 | WorstLoss 2.1338
[Tracker] Ep  610 | AvgR 0.0005 | Global 0.9508 | Local 0.1192 | F1_macro 0.6595 | WorstLoss 1.9432
[Tracker] Saved snapshot: ep0610_phase1_class1
[Tracker] Ep  611 | AvgR 0.0005 | Global 0.9515 | Local 0.1192 | F1_macro 0.6481 | WorstLoss 2.0147
[Tracker] Ep  612 | AvgR 0.0005 | Global 0.9678 | Local 0.1192 | F1_macro 0.6545 | WorstLoss 1.8860
[Tracker] Ep  613 | AvgR 0.0005 | Global 0.9575 | Local 0.1192 | F1_macro 0.6490 | WorstLoss 1.9817
[Tracker] Ep  614 | AvgR 0.0005 | Global 0.9616 | Local 0.1192 | F1_macro 0.6608 | WorstLoss 1.9462
[Tracker] Ep  615 | AvgR 0.0005 | Global 0.9263 | Local 0.1192 | F1_macro 0.6491 | WorstLoss 2.1714
[Tracker] Saved snapshot: ep0615_phase1_class1
[Tracker] Ep  616 | AvgR 0.0005 | Global 0.9672 | Local 0.1192 | F1_macro 0.6473 | WorstLoss 1.8922
[Tracker] Ep  617 | AvgR 0.0005 | Global 0.9514 | Local 0.1192 | F1_macro 0.6612 | WorstLoss 2.0283
[Tracker] Ep  618 | AvgR 0.0005 | Global 0.9207 | Local 0.1192 | F1_macro 0.6635 | WorstLoss 2.2027
[Tracker] Ep  619 | AvgR 0.0005 | Global 0.9333 | Local 0.1192 | F1_macro 0.6521 | WorstLoss 2.1404
[Tracker] Ep  620 | AvgR 0.0005 | Global 0.9538 | Local 0.1192 | F1_macro 0.6540 | WorstLoss 2.0105
[Tracker] Saved snapshot: ep0620_phase1_class1
[Tracker] Ep  621 | AvgR 0.0005 | Global 0.9698 | Local 0.1192 | F1_macro 0.6700 | WorstLoss 1.8632
[Tracker] Ep  622 | AvgR 0.0005 | Global 0.9012 | Local 0.1192 | F1_macro 0.6530 | WorstLoss 2.2829
[Tracker] Ep  623 | AvgR 0.0005 | Global 0.9400 | Local 0.1192 | F1_macro 0.6621 | WorstLoss 2.1029
[Tracker] Ep  624 | AvgR 0.0005 | Global 0.9346 | Local 0.1192 | F1_macro 0.6547 | WorstLoss 2.1333
[Tracker] Ep  625 | AvgR 0.0005 | Global 0.9163 | Local 0.1192 | F1_macro 0.6445 | WorstLoss 2.2223
[Tracker] Saved snapshot: ep0625_phase1_class1
[Tracker] Ep  626 | AvgR 0.0004 | Global 0.8975 | Local 0.1192 | F1_macro 0.6609 | WorstLoss 2.2968
[Tracker] Ep  627 | AvgR 0.0005 | Global 0.9699 | Local 0.1192 | F1_macro 0.6554 | WorstLoss 1.8625
[Tracker] Ep  628 | AvgR 0.0005 | Global 0.9297 | Local 0.1192 | F1_macro 0.6478 | WorstLoss 2.1536
[Tracker] Ep  629 | AvgR 0.0005 | Global 0.9546 | Local 0.1192 | F1_macro 0.6726 | WorstLoss 2.0045
[Tracker] Ep  630 | AvgR 0.0005 | Global 0.9403 | Local 0.1192 | F1_macro 0.6526 | WorstLoss 2.1012
[Tracker] Saved snapshot: ep0630_phase1_class1
[Tracker] Ep  631 | AvgR 0.0005 | Global 0.9147 | Local 0.1192 | F1_macro 0.6566 | WorstLoss 2.2290
[Tracker] Ep  632 | AvgR 0.0005 | Global 0.9350 | Local 0.1192 | F1_macro 0.6481 | WorstLoss 2.1291
[Tracker] Ep  633 | AvgR 0.0005 | Global 0.9596 | Local 0.1192 | F1_macro 0.6564 | WorstLoss 1.9639
[Tracker] Ep  634 | AvgR 0.0005 | Global 0.9269 | Local 0.1192 | F1_macro 0.6527 | WorstLoss 2.1472
[Tracker] Ep  635 | AvgR 0.0005 | Global 0.9326 | Local 0.1192 | F1_macro 0.6615 | WorstLoss 2.1373
[Tracker] Saved snapshot: ep0635_phase1_class1
[Tracker] Ep  636 | AvgR 0.0005 | Global 0.9484 | Local 0.1192 | F1_macro 0.6542 | WorstLoss 2.0495
[Tracker] Ep  637 | AvgR 0.0005 | Global 0.9461 | Local 0.1192 | F1_macro 0.6476 | WorstLoss 2.0647
[Tracker] Ep  638 | AvgR 0.0005 | Global 0.9640 | Local 0.1192 | F1_macro 0.6541 | WorstLoss 1.9237
[Tracker] Ep  639 | AvgR 0.0005 | Global 0.9586 | Local 0.1192 | F1_macro 0.6569 | WorstLoss 1.9722
[Tracker] Ep  640 | AvgR 0.0005 | Global 0.9172 | Local 0.1192 | F1_macro 0.6595 | WorstLoss 2.2184
[Tracker] Saved snapshot: ep0640_phase1_class1
[Tracker] Ep  641 | AvgR 0.0005 | Global 0.9350 | Local 0.1192 | F1_macro 0.6490 | WorstLoss 2.1313
[Tracker] Ep  642 | AvgR 0.0005 | Global 0.9260 | Local 0.1192 | F1_macro 0.6566 | WorstLoss 2.1778
[Tracker] Ep  643 | AvgR 0.0005 | Global 0.9259 | Local 0.1192 | F1_macro 0.6537 | WorstLoss 2.1314
[Tracker] Ep  644 | AvgR 0.0005 | Global 0.9491 | Local 0.1192 | F1_macro 0.6552 | WorstLoss 2.0448
[Tracker] Ep  645 | AvgR 0.0005 | Global 0.9495 | Local 0.1192 | F1_macro 0.6632 | WorstLoss 2.0417
[Tracker] Saved snapshot: ep0645_phase1_class1
[Tracker] Ep  646 | AvgR 0.0005 | Global 0.9451 | Local 0.1192 | F1_macro 0.6520 | WorstLoss 2.0575
[Tracker] Ep  647 | AvgR 0.0005 | Global 0.9605 | Local 0.1192 | F1_macro 0.6610 | WorstLoss 1.9561
[Tracker] Ep  648 | AvgR 0.0005 | Global 0.9500 | Local 0.1192 | F1_macro 0.6554 | WorstLoss 2.0382
[Tracker] Ep  649 | AvgR 0.0004 | Global 0.8974 | Local 0.1192 | F1_macro 0.6572 | WorstLoss 2.2970
[Tracker] Ep  650 | AvgR 0.0005 | Global 0.9256 | Local 0.1192 | F1_macro 0.6543 | WorstLoss 2.1795
[Tracker] Saved snapshot: ep0650_phase1_class1
[Tracker] Ep  651 | AvgR 0.0005 | Global 0.9508 | Local 0.1192 | F1_macro 0.6562 | WorstLoss 2.0325
[Tracker] Ep  652 | AvgR 0.0005 | Global 0.9545 | Local 0.1192 | F1_macro 0.6684 | WorstLoss 2.0055
[Tracker] Ep  653 | AvgR 0.0005 | Global 0.9274 | Local 0.1192 | F1_macro 0.6582 | WorstLoss 2.1708
[Tracker] Ep  654 | AvgR 0.0005 | Global 0.9154 | Local 0.1192 | F1_macro 0.6563 | WorstLoss 2.2263
[Tracker] Ep  655 | AvgR 0.0005 | Global 0.9325 | Local 0.1192 | F1_macro 0.6603 | WorstLoss 2.1448
[Tracker] Saved snapshot: ep0655_phase1_class1
[Tracker] Ep  656 | AvgR 0.0005 | Global 0.9468 | Local 0.1192 | F1_macro 0.6651 | WorstLoss 2.0601
[Tracker] Ep  657 | AvgR 0.0005 | Global 0.9670 | Local 0.1192 | F1_macro 0.6617 | WorstLoss 1.8909
[Tracker] Ep  658 | AvgR 0.0005 | Global 0.9216 | Local 0.1192 | F1_macro 0.6535 | WorstLoss 2.1985
[Tracker] Ep  659 | AvgR 0.0005 | Global 0.9291 | Local 0.1192 | F1_macro 0.6507 | WorstLoss 2.1505
[Tracker] Ep  660 | AvgR 0.0004 | Global 0.8562 | Local 0.1192 | F1_macro 0.6554 | WorstLoss 2.4252
[Tracker] Saved snapshot: ep0660_phase1_class1
[Tracker] Ep  661 | AvgR 0.0005 | Global 0.9744 | Local 0.1192 | F1_macro 0.6543 | WorstLoss 1.8065
[Tracker] Ep  662 | AvgR 0.0005 | Global 0.9628 | Local 0.1192 | F1_macro 0.6509 | WorstLoss 1.9354
[Tracker] Ep  663 | AvgR 0.0005 | Global 0.9709 | Local 0.1192 | F1_macro 0.6612 | WorstLoss 1.8506
[Tracker] Ep  664 | AvgR 0.0005 | Global 0.9501 | Local 0.1192 | F1_macro 0.6623 | WorstLoss 2.0127
[Tracker] Ep  665 | AvgR 0.0005 | Global 0.9325 | Local 0.1192 | F1_macro 0.6445 | WorstLoss 2.0778
[Tracker] Saved snapshot: ep0665_phase1_class1
[Tracker] Ep  666 | AvgR 0.0005 | Global 0.9544 | Local 0.1192 | F1_macro 0.6543 | WorstLoss 2.0060
[Tracker] Ep  667 | AvgR 0.0005 | Global 0.9739 | Local 0.1192 | F1_macro 0.6632 | WorstLoss 1.8138
[Tracker] Ep  668 | AvgR 0.0005 | Global 0.9443 | Local 0.1192 | F1_macro 0.6625 | WorstLoss 2.0763
[Tracker] Ep  669 | AvgR 0.0005 | Global 0.9498 | Local 0.1192 | F1_macro 0.6508 | WorstLoss 2.0397
[Tracker] Ep  670 | AvgR 0.0005 | Global 0.9584 | Local 0.1192 | F1_macro 0.6422 | WorstLoss 1.9746
[Tracker] Saved snapshot: ep0670_phase1_class1
[Tracker] Ep  671 | AvgR 0.0005 | Global 0.9784 | Local 0.1192 | F1_macro 0.6548 | WorstLoss 1.7486
[Tracker] New BEST synthetic [phase1_class1] (by global.global_obj: 0.978417) saved.
[Tracker] BEST β weights [phase1_class1] saved -> training_runs/SPECcompas_v18k3_ep3000_gpu1_EP3000_PCA10_REWfairness_minID0_majID1_TRJ2000_REAL3000_BIAS0.05_GG202604111115_d5681707/seed_3/best_beta_state_dict_phase1_class1.pt
[Tracker] Ep  672 | AvgR 0.0005 | Global 0.9340 | Local 0.1192 | F1_macro 0.6513 | WorstLoss 2.1052
[Tracker] Ep  673 | AvgR 0.0005 | Global 0.9719 | Local 0.1192 | F1_macro 0.6604 | WorstLoss 1.8392
[Tracker] Ep  674 | AvgR 0.0005 | Global 0.9413 | Local 0.1192 | F1_macro 0.6647 | WorstLoss 2.0951
[Tracker] Ep  675 | AvgR 0.0005 | Global 0.9103 | Local 0.1192 | F1_macro 0.6528 | WorstLoss 2.2473
[Tracker] Saved snapshot: ep0675_phase1_class1
[Tracker] Ep  676 | AvgR 0.0005 | Global 0.9443 | Local 0.1192 | F1_macro 0.6606 | WorstLoss 2.0764
[Tracker] Ep  677 | AvgR 0.0005 | Global 0.9584 | Local 0.1192 | F1_macro 0.6538 | WorstLoss 1.9745
[Tracker] Ep  678 | AvgR 0.0005 | Global 0.9617 | Local 0.1192 | F1_macro 0.6600 | WorstLoss 1.8729
[Tracker] Ep  679 | AvgR 0.0005 | Global 0.9498 | Local 0.1192 | F1_macro 0.6436 | WorstLoss 2.0400
[Tracker] Ep  680 | AvgR 0.0005 | Global 0.9441 | Local 0.1192 | F1_macro 0.6394 | WorstLoss 2.0775
[Tracker] Saved snapshot: ep0680_phase1_class1
[Tracker] Ep  681 | AvgR 0.0005 | Global 0.9372 | Local 0.1192 | F1_macro 0.6510 | WorstLoss 2.1187
[Tracker] Ep  682 | AvgR 0.0005 | Global 0.9577 | Local 0.1192 | F1_macro 0.6651 | WorstLoss 1.9799
[Tracker] Ep  683 | AvgR 0.0005 | Global 0.9614 | Local 0.1192 | F1_macro 0.6470 | WorstLoss 1.8355
[Tracker] Ep  684 | AvgR 0.0005 | Global 0.9467 | Local 0.1192 | F1_macro 0.6632 | WorstLoss 2.0611
[Tracker] Ep  685 | AvgR 0.0005 | Global 0.9501 | Local 0.1192 | F1_macro 0.6557 | WorstLoss 2.0378
[Tracker] Saved snapshot: ep0685_phase1_class1
[Tracker] Ep  686 | AvgR 0.0005 | Global 0.9274 | Local 0.1192 | F1_macro 0.6574 | WorstLoss 2.1709
[Tracker] Ep  687 | AvgR 0.0005 | Global 0.9248 | Local 0.1192 | F1_macro 0.6513 | WorstLoss 2.1834
[Tracker] Ep  688 | AvgR 0.0005 | Global 0.9669 | Local 0.1192 | F1_macro 0.6588 | WorstLoss 1.8952
[Tracker] Ep  689 | AvgR 0.0005 | Global 0.9683 | Local 0.1192 | F1_macro 0.6500 | WorstLoss 1.8797
[Tracker] Ep  690 | AvgR 0.0005 | Global 0.9648 | Local 0.1192 | F1_macro 0.6420 | WorstLoss 1.9164
[Tracker] Saved snapshot: ep0690_phase1_class1
[Tracker] Ep  691 | AvgR 0.0005 | Global 0.9605 | Local 0.1192 | F1_macro 0.6619 | WorstLoss 1.9565
[Tracker] Ep  692 | AvgR 0.0005 | Global 0.9593 | Local 0.1192 | F1_macro 0.6513 | WorstLoss 1.9664
[Tracker] Ep  693 | AvgR 0.0005 | Global 0.9470 | Local 0.1192 | F1_macro 0.6483 | WorstLoss 2.0592
[Tracker] Ep  694 | AvgR 0.0005 | Global 0.9614 | Local 0.1192 | F1_macro 0.6564 | WorstLoss 1.9486
[Tracker] Ep  695 | AvgR 0.0005 | Global 0.9564 | Local 0.1192 | F1_macro 0.6501 | WorstLoss 1.9281
[Tracker] Saved snapshot: ep0695_phase1_class1
[Tracker] Ep  696 | AvgR 0.0005 | Global 0.9116 | Local 0.1192 | F1_macro 0.6422 | WorstLoss 2.1887
[Tracker] Ep  697 | AvgR 0.0005 | Global 0.9211 | Local 0.1192 | F1_macro 0.6641 | WorstLoss 2.2008
[Tracker] Ep  698 | AvgR 0.0005 | Global 0.9218 | Local 0.1192 | F1_macro 0.6636 | WorstLoss 2.1975
[Tracker] Ep  699 | AvgR 0.0005 | Global 0.9507 | Local 0.1192 | F1_macro 0.6503 | WorstLoss 2.0338
[Tracker] Ep  700 | AvgR 0.0005 | Global 0.9312 | Local 0.1192 | F1_macro 0.6566 | WorstLoss 2.1513
[Tracker] Saved snapshot: ep0700_phase1_class1
[Tracker] Ep  701 | AvgR 0.0005 | Global 0.9479 | Local 0.1192 | F1_macro 0.6556 | WorstLoss 2.0526
[Tracker] Ep  702 | AvgR 0.0005 | Global 0.9327 | Local 0.1192 | F1_macro 0.6702 | WorstLoss 2.1435
[Tracker] Ep  703 | AvgR 0.0005 | Global 0.9326 | Local 0.1192 | F1_macro 0.6567 | WorstLoss 2.0845
[Tracker] Ep  704 | AvgR 0.0005 | Global 0.9138 | Local 0.1192 | F1_macro 0.6565 | WorstLoss 2.2331
[Tracker] Ep  705 | AvgR 0.0005 | Global 0.9617 | Local 0.1192 | F1_macro 0.6556 | WorstLoss 1.9454
[Tracker] Saved snapshot: ep0705_phase1_class1
[Tracker] Ep  706 | AvgR 0.0005 | Global 0.9337 | Local 0.1192 | F1_macro 0.6547 | WorstLoss 2.1381
[Tracker] Ep  707 | AvgR 0.0005 | Global 0.9289 | Local 0.1192 | F1_macro 0.6595 | WorstLoss 2.1632
[Tracker] Ep  708 | AvgR 0.0005 | Global 0.9614 | Local 0.1192 | F1_macro 0.6569 | WorstLoss 1.9480
[Tracker] Ep  709 | AvgR 0.0005 | Global 0.9296 | Local 0.1192 | F1_macro 0.6592 | WorstLoss 2.1599
[Tracker] Ep  710 | AvgR 0.0005 | Global 0.9549 | Local 0.1192 | F1_macro 0.6557 | WorstLoss 2.0023
[Tracker] Saved snapshot: ep0710_phase1_class1
[Tracker] Ep  711 | AvgR 0.0005 | Global 0.9534 | Local 0.1192 | F1_macro 0.6526 | WorstLoss 2.0139
[Tracker] Ep  712 | AvgR 0.0005 | Global 0.9216 | Local 0.1192 | F1_macro 0.6552 | WorstLoss 2.1984
[Tracker] Ep  713 | AvgR 0.0005 | Global 0.9260 | Local 0.1192 | F1_macro 0.6482 | WorstLoss 2.1763
[Tracker] Ep  714 | AvgR 0.0005 | Global 0.9581 | Local 0.1192 | F1_macro 0.6449 | WorstLoss 1.9587
[Tracker] Ep  715 | AvgR 0.0005 | Global 0.9792 | Local 0.1192 | F1_macro 0.6552 | WorstLoss 1.7361
[Tracker] Saved snapshot: ep0715_phase1_class1
[Tracker] New BEST synthetic [phase1_class1] (by global.global_obj: 0.979193) saved.
[Tracker] BEST β weights [phase1_class1] saved -> training_runs/SPECcompas_v18k3_ep3000_gpu1_EP3000_PCA10_REWfairness_minID0_majID1_TRJ2000_REAL3000_BIAS0.05_GG202604111115_d5681707/seed_3/best_beta_state_dict_phase1_class1.pt
[Tracker] Ep  716 | AvgR 0.0005 | Global 0.9373 | Local 0.1192 | F1_macro 0.6499 | WorstLoss 2.0634
[Tracker] Ep  717 | AvgR 0.0005 | Global 0.9515 | Local 0.1192 | F1_macro 0.6637 | WorstLoss 2.0275
[Tracker] Ep  718 | AvgR 0.0005 | Global 0.9577 | Local 0.1192 | F1_macro 0.6622 | WorstLoss 1.9798
[Tracker] Ep  719 | AvgR 0.0005 | Global 0.9592 | Local 0.1192 | F1_macro 0.6515 | WorstLoss 1.9673
[Tracker] Ep  720 | AvgR 0.0005 | Global 0.9310 | Local 0.1192 | F1_macro 0.6614 | WorstLoss 2.1527
[Tracker] Saved snapshot: ep0720_phase1_class1
[Tracker] Ep  721 | AvgR 0.0005 | Global 0.9671 | Local 0.1192 | F1_macro 0.6445 | WorstLoss 1.8930
[Tracker] Ep  722 | AvgR 0.0005 | Global 0.9280 | Local 0.1192 | F1_macro 0.6617 | WorstLoss 2.1678
[Tracker] Ep  723 | AvgR 0.0005 | Global 0.9403 | Local 0.1192 | F1_macro 0.6510 | WorstLoss 2.0774
[Tracker] Ep  724 | AvgR 0.0005 | Global 0.9150 | Local 0.1192 | F1_macro 0.6517 | WorstLoss 2.2279
[Tracker] Ep  725 | AvgR 0.0005 | Global 0.9215 | Local 0.1192 | F1_macro 0.6545 | WorstLoss 2.1991
[Tracker] Saved snapshot: ep0725_phase1_class1
[Tracker] Ep  726 | AvgR 0.0005 | Global 0.9630 | Local 0.1192 | F1_macro 0.6600 | WorstLoss 1.9332
[Tracker] Ep  727 | AvgR 0.0005 | Global 0.9683 | Local 0.1192 | F1_macro 0.6479 | WorstLoss 1.8806
[Tracker] Ep  728 | AvgR 0.0005 | Global 0.9596 | Local 0.1192 | F1_macro 0.6614 | WorstLoss 1.9644
[Tracker] Ep  729 | AvgR 0.0005 | Global 0.9200 | Local 0.1192 | F1_macro 0.6456 | WorstLoss 2.2058
[Tracker] Ep  730 | AvgR 0.0005 | Global 0.9765 | Local 0.1192 | F1_macro 0.6566 | WorstLoss 1.7773
[Tracker] Saved snapshot: ep0730_phase1_class1
[Tracker] Ep  731 | AvgR 0.0005 | Global 0.9246 | Local 0.1192 | F1_macro 0.6438 | WorstLoss 2.1843
[Tracker] Ep  732 | AvgR 0.0005 | Global 0.9630 | Local 0.1192 | F1_macro 0.6546 | WorstLoss 1.9336
[Tracker] Ep  733 | AvgR 0.0005 | Global 0.9612 | Local 0.1192 | F1_macro 0.6589 | WorstLoss 1.9500
[Tracker] Ep  734 | AvgR 0.0005 | Global 0.9102 | Local 0.1192 | F1_macro 0.6374 | WorstLoss 2.2477
[Tracker] Ep  735 | AvgR 0.0005 | Global 0.9486 | Local 0.1192 | F1_macro 0.6561 | WorstLoss 2.0484
[Tracker] Saved snapshot: ep0735_phase1_class1
[Tracker] Ep  736 | AvgR 0.0005 | Global 0.9595 | Local 0.1192 | F1_macro 0.6642 | WorstLoss 1.9651
[Tracker] Ep  737 | AvgR 0.0005 | Global 0.9334 | Local 0.1192 | F1_macro 0.6577 | WorstLoss 2.1399
[Tracker] Ep  738 | AvgR 0.0005 | Global 0.9312 | Local 0.1192 | F1_macro 0.6501 | WorstLoss 2.1513
[Tracker] Ep  739 | AvgR 0.0005 | Global 0.9318 | Local 0.1192 | F1_macro 0.6642 | WorstLoss 2.1485
[Tracker] Ep  740 | AvgR 0.0005 | Global 0.9573 | Local 0.1192 | F1_macro 0.6495 | WorstLoss 1.9833
[Tracker] Saved snapshot: ep0740_phase1_class1
[Tracker] Ep  741 | AvgR 0.0005 | Global 0.9568 | Local 0.1192 | F1_macro 0.6451 | WorstLoss 1.9491
[Tracker] Ep  742 | AvgR 0.0005 | Global 0.9711 | Local 0.1192 | F1_macro 0.6506 | WorstLoss 1.8490
[Tracker] Ep  743 | AvgR 0.0005 | Global 0.9699 | Local 0.1192 | F1_macro 0.6497 | WorstLoss 1.8618
[Tracker] Ep  744 | AvgR 0.0004 | Global 0.8999 | Local 0.1192 | F1_macro 0.6537 | WorstLoss 2.2875
[Tracker] Ep  745 | AvgR 0.0005 | Global 0.9612 | Local 0.1192 | F1_macro 0.6549 | WorstLoss 1.9496
[Tracker] Saved snapshot: ep0745_phase1_class1
[Tracker] Ep  746 | AvgR 0.0005 | Global 0.9656 | Local 0.1192 | F1_macro 0.6610 | WorstLoss 1.9086
[Tracker] Ep  747 | AvgR 0.0005 | Global 0.9696 | Local 0.1192 | F1_macro 0.6618 | WorstLoss 1.8658
[Tracker] Ep  748 | AvgR 0.0005 | Global 0.9517 | Local 0.1192 | F1_macro 0.6502 | WorstLoss 2.0260
[Tracker] Ep  749 | AvgR 0.0005 | Global 0.9435 | Local 0.1192 | F1_macro 0.6524 | WorstLoss 2.0813
[Tracker] Ep  750 | AvgR 0.0005 | Global 0.9180 | Local 0.1192 | F1_macro 0.6442 | WorstLoss 2.2150
[Tracker] Saved snapshot: ep0750_phase1_class1
[Tracker] Ep  751 | AvgR 0.0005 | Global 0.9466 | Local 0.1192 | F1_macro 0.6543 | WorstLoss 2.0618
[Tracker] Ep  752 | AvgR 0.0005 | Global 0.9543 | Local 0.1192 | F1_macro 0.6523 | WorstLoss 2.0071
[Tracker] Ep  753 | AvgR 0.0005 | Global 0.9545 | Local 0.1192 | F1_macro 0.6612 | WorstLoss 2.0055
[Tracker] Ep  754 | AvgR 0.0005 | Global 0.9457 | Local 0.1192 | F1_macro 0.6577 | WorstLoss 2.0672
[Tracker] Ep  755 | AvgR 0.0005 | Global 0.9075 | Local 0.1192 | F1_macro 0.6533 | WorstLoss 2.2176
[Tracker] Saved snapshot: ep0755_phase1_class1
[Tracker] Ep  756 | AvgR 0.0005 | Global 0.9027 | Local 0.1192 | F1_macro 0.6498 | WorstLoss 2.2774
[Tracker] Ep  757 | AvgR 0.0005 | Global 0.9578 | Local 0.1192 | F1_macro 0.6511 | WorstLoss 1.9516
[Tracker] Ep  758 | AvgR 0.0005 | Global 0.9401 | Local 0.1192 | F1_macro 0.6538 | WorstLoss 2.1023
[Tracker] Ep  759 | AvgR 0.0005 | Global 0.9620 | Local 0.1192 | F1_macro 0.6543 | WorstLoss 1.9427
[Tracker] Ep  760 | AvgR 0.0005 | Global 0.9069 | Local 0.1192 | F1_macro 0.6520 | WorstLoss 2.2239
[Tracker] Saved snapshot: ep0760_phase1_class1
[Tracker] Ep  761 | AvgR 0.0005 | Global 0.9496 | Local 0.1192 | F1_macro 0.6461 | WorstLoss 2.0413
[Tracker] Ep  762 | AvgR 0.0005 | Global 0.9662 | Local 0.1192 | F1_macro 0.6575 | WorstLoss 1.9019
[Tracker] Ep  763 | AvgR 0.0005 | Global 0.9228 | Local 0.1192 | F1_macro 0.6520 | WorstLoss 2.1930
[Tracker] Ep  764 | AvgR 0.0005 | Global 0.9465 | Local 0.1192 | F1_macro 0.6434 | WorstLoss 2.0623
[Tracker] Ep  765 | AvgR 0.0005 | Global 0.9294 | Local 0.1192 | F1_macro 0.6402 | WorstLoss 2.1094
[Tracker] Saved snapshot: ep0765_phase1_class1
[Tracker] Ep  766 | AvgR 0.0005 | Global 0.9196 | Local 0.1192 | F1_macro 0.6423 | WorstLoss 2.1846
[Tracker] Ep  767 | AvgR 0.0005 | Global 0.9459 | Local 0.1192 | F1_macro 0.6566 | WorstLoss 2.0663
[Tracker] Ep  768 | AvgR 0.0004 | Global 0.8811 | Local 0.1192 | F1_macro 0.6389 | WorstLoss 2.3423
[Tracker] Ep  769 | AvgR 0.0005 | Global 0.9423 | Local 0.1192 | F1_macro 0.6510 | WorstLoss 2.0679
[Tracker] Ep  770 | AvgR 0.0005 | Global 0.9451 | Local 0.1192 | F1_macro 0.6515 | WorstLoss 2.0559
[Tracker] Saved snapshot: ep0770_phase1_class1
[Tracker] Ep  771 | AvgR 0.0005 | Global 0.9679 | Local 0.1192 | F1_macro 0.6522 | WorstLoss 1.8846
[Tracker] Ep  772 | AvgR 0.0005 | Global 0.9356 | Local 0.1192 | F1_macro 0.6465 | WorstLoss 2.1121
[Tracker] Ep  773 | AvgR 0.0005 | Global 0.9161 | Local 0.1192 | F1_macro 0.6425 | WorstLoss 2.2158
[Tracker] Ep  774 | AvgR 0.0005 | Global 0.9317 | Local 0.1192 | F1_macro 0.6569 | WorstLoss 2.1491
[Tracker] Ep  775 | AvgR 0.0005 | Global 0.9411 | Local 0.1192 | F1_macro 0.6402 | WorstLoss 2.0962
[Tracker] Saved snapshot: ep0775_phase1_class1
[Tracker] Ep  776 | AvgR 0.0005 | Global 0.9482 | Local 0.1192 | F1_macro 0.6405 | WorstLoss 2.0509
[Tracker] Ep  777 | AvgR 0.0005 | Global 0.9589 | Local 0.1192 | F1_macro 0.6494 | WorstLoss 1.9702
[Tracker] Ep  778 | AvgR 0.0005 | Global 0.9381 | Local 0.1192 | F1_macro 0.6500 | WorstLoss 2.0565
[Tracker] Ep  779 | AvgR 0.0005 | Global 0.9487 | Local 0.1192 | F1_macro 0.6487 | WorstLoss 1.9790
[Tracker] Ep  780 | AvgR 0.0005 | Global 0.9542 | Local 0.1192 | F1_macro 0.6476 | WorstLoss 1.9952
[Tracker] Saved snapshot: ep0780_phase1_class1
[Tracker] Ep  781 | AvgR 0.0005 | Global 0.9420 | Local 0.1192 | F1_macro 0.6485 | WorstLoss 2.0906
[Tracker] Ep  782 | AvgR 0.0005 | Global 0.9376 | Local 0.1192 | F1_macro 0.6463 | WorstLoss 2.0273
[Tracker] Ep  783 | AvgR 0.0005 | Global 0.9636 | Local 0.1192 | F1_macro 0.6558 | WorstLoss 1.9276
[Tracker] Ep  784 | AvgR 0.0005 | Global 0.9493 | Local 0.1192 | F1_macro 0.6419 | WorstLoss 1.9882
[Tracker] Ep  785 | AvgR 0.0005 | Global 0.9290 | Local 0.1192 | F1_macro 0.6453 | WorstLoss 2.1186
[Tracker] Saved snapshot: ep0785_phase1_class1
[Tracker] Ep  786 | AvgR 0.0005 | Global 0.9484 | Local 0.1192 | F1_macro 0.6429 | WorstLoss 2.0206
[Tracker] Ep  787 | AvgR 0.0005 | Global 0.9349 | Local 0.1192 | F1_macro 0.6535 | WorstLoss 2.1319
[Tracker] Ep  788 | AvgR 0.0005 | Global 0.9687 | Local 0.1192 | F1_macro 0.6678 | WorstLoss 1.8757
[Tracker] Ep  789 | AvgR 0.0005 | Global 0.9612 | Local 0.1192 | F1_macro 0.6578 | WorstLoss 1.9502
[Tracker] Ep  790 | AvgR 0.0005 | Global 0.9513 | Local 0.1192 | F1_macro 0.6526 | WorstLoss 2.0065
[Tracker] Saved snapshot: ep0790_phase1_class1
[Tracker] Ep  791 | AvgR 0.0005 | Global 0.9502 | Local 0.1192 | F1_macro 0.6555 | WorstLoss 2.0370
[Tracker] Ep  792 | AvgR 0.0005 | Global 0.9686 | Local 0.1192 | F1_macro 0.6497 | WorstLoss 1.8774
[Tracker] Ep  793 | AvgR 0.0005 | Global 0.9353 | Local 0.1192 | F1_macro 0.6501 | WorstLoss 2.0906
[Tracker] Ep  794 | AvgR 0.0005 | Global 0.9777 | Local 0.1192 | F1_macro 0.6569 | WorstLoss 1.7601
[Tracker] Ep  795 | AvgR 0.0005 | Global 0.9574 | Local 0.1192 | F1_macro 0.6512 | WorstLoss 1.9828
[Tracker] Saved snapshot: ep0795_phase1_class1
[Tracker] Ep  796 | AvgR 0.0005 | Global 0.9789 | Local 0.1192 | F1_macro 0.6575 | WorstLoss 1.7408
[Tracker] Ep  797 | AvgR 0.0005 | Global 0.9292 | Local 0.1192 | F1_macro 0.6416 | WorstLoss 2.1616
[Tracker] Ep  798 | AvgR 0.0005 | Global 0.9621 | Local 0.1192 | F1_macro 0.6453 | WorstLoss 1.8410
[Tracker] Ep  799 | AvgR 0.0005 | Global 0.9534 | Local 0.1192 | F1_macro 0.6598 | WorstLoss 2.0137
[Tracker] Ep  800 | AvgR 0.0005 | Global 0.9245 | Local 0.1192 | F1_macro 0.6604 | WorstLoss 2.1850
[Tracker] Saved snapshot: ep0800_phase1_class1
[Tracker] Ep  801 | AvgR 0.0004 | Global 0.8999 | Local 0.1192 | F1_macro 0.6460 | WorstLoss 2.2075
[Tracker] Ep  802 | AvgR 0.0004 | Global 0.8723 | Local 0.1192 | F1_macro 0.6447 | WorstLoss 2.3794
[Tracker] Ep  803 | AvgR 0.0005 | Global 0.9309 | Local 0.1192 | F1_macro 0.6519 | WorstLoss 2.1148
[Tracker] Ep  804 | AvgR 0.0005 | Global 0.9721 | Local 0.1192 | F1_macro 0.6501 | WorstLoss 1.8365
[Tracker] Ep  805 | AvgR 0.0005 | Global 0.9598 | Local 0.1192 | F1_macro 0.6580 | WorstLoss 1.9621
[Tracker] Saved snapshot: ep0805_phase1_class1
[Tracker] Ep  806 | AvgR 0.0005 | Global 0.9390 | Local 0.1192 | F1_macro 0.6422 | WorstLoss 2.0962
[Tracker] Ep  807 | AvgR 0.0005 | Global 0.9069 | Local 0.1192 | F1_macro 0.6537 | WorstLoss 2.2456
[Tracker] Ep  808 | AvgR 0.0005 | Global 0.9452 | Local 0.1192 | F1_macro 0.6555 | WorstLoss 2.0709
[Tracker] Ep  809 | AvgR 0.0005 | Global 0.9592 | Local 0.1192 | F1_macro 0.6643 | WorstLoss 1.9672
[Tracker] Ep  810 | AvgR 0.0005 | Global 0.9505 | Local 0.1192 | F1_macro 0.6498 | WorstLoss 1.9745
[Tracker] Saved snapshot: ep0810_phase1_class1
[Tracker] Ep  811 | AvgR 0.0005 | Global 0.9451 | Local 0.1192 | F1_macro 0.6563 | WorstLoss 2.0485
[Tracker] Ep  812 | AvgR 0.0005 | Global 0.9449 | Local 0.1192 | F1_macro 0.6556 | WorstLoss 2.0724
[Tracker] Ep  813 | AvgR 0.0005 | Global 0.9151 | Local 0.1192 | F1_macro 0.6485 | WorstLoss 2.1813
[Tracker] Ep  814 | AvgR 0.0005 | Global 0.9509 | Local 0.1192 | F1_macro 0.6534 | WorstLoss 2.0323
[Tracker] Ep  815 | AvgR 0.0005 | Global 0.9630 | Local 0.1192 | F1_macro 0.6506 | WorstLoss 1.9336
[Tracker] Saved snapshot: ep0815_phase1_class1
[Tracker] Ep  816 | AvgR 0.0005 | Global 0.9664 | Local 0.1192 | F1_macro 0.6592 | WorstLoss 1.9007
[Tracker] Ep  817 | AvgR 0.0005 | Global 0.9609 | Local 0.1192 | F1_macro 0.6490 | WorstLoss 1.9529
[Tracker] Ep  818 | AvgR 0.0005 | Global 0.9654 | Local 0.1192 | F1_macro 0.6507 | WorstLoss 1.9108
[Tracker] Ep  819 | AvgR 0.0005 | Global 0.9523 | Local 0.1192 | F1_macro 0.6452 | WorstLoss 2.0019
[Tracker] Ep  820 | AvgR 0.0005 | Global 0.9503 | Local 0.1192 | F1_macro 0.6617 | WorstLoss 2.0366
[Tracker] Saved snapshot: ep0820_phase1_class1
[Tracker] Ep  821 | AvgR 0.0005 | Global 0.9694 | Local 0.1192 | F1_macro 0.6630 | WorstLoss 1.8684
[Tracker] Ep  822 | AvgR 0.0005 | Global 0.9651 | Local 0.1192 | F1_macro 0.6577 | WorstLoss 1.9130
[Tracker] Ep  823 | AvgR 0.0005 | Global 0.9777 | Local 0.1192 | F1_macro 0.6615 | WorstLoss 1.7595
[Tracker] Ep  824 | AvgR 0.0005 | Global 0.9356 | Local 0.1192 | F1_macro 0.6470 | WorstLoss 2.1279
[Tracker] Ep  825 | AvgR 0.0005 | Global 0.9613 | Local 0.1192 | F1_macro 0.6446 | WorstLoss 1.9163
[Tracker] Saved snapshot: ep0825_phase1_class1
[Tracker] Ep  826 | AvgR 0.0005 | Global 0.9160 | Local 0.1192 | F1_macro 0.6588 | WorstLoss 2.2235
[Tracker] Ep  827 | AvgR 0.0005 | Global 0.9748 | Local 0.1192 | F1_macro 0.6680 | WorstLoss 1.8008
[Tracker] Ep  828 | AvgR 0.0005 | Global 0.9692 | Local 0.1192 | F1_macro 0.6563 | WorstLoss 1.8698
[Tracker] Ep  829 | AvgR 0.0005 | Global 0.9779 | Local 0.1192 | F1_macro 0.6498 | WorstLoss 1.7562
[Tracker] Ep  830 | AvgR 0.0005 | Global 0.9627 | Local 0.1192 | F1_macro 0.6540 | WorstLoss 1.9366
[Tracker] Saved snapshot: ep0830_phase1_class1
[Tracker] Ep  831 | AvgR 0.0005 | Global 0.9583 | Local 0.1192 | F1_macro 0.6581 | WorstLoss 1.9753
[Tracker] Ep  832 | AvgR 0.0005 | Global 0.9787 | Local 0.1192 | F1_macro 0.6599 | WorstLoss 1.7441
[Tracker] Ep  833 | AvgR 0.0005 | Global 0.9578 | Local 0.1192 | F1_macro 0.6496 | WorstLoss 1.9788
[Tracker] Ep  834 | AvgR 0.0005 | Global 0.9520 | Local 0.1192 | F1_macro 0.6554 | WorstLoss 2.0159
[Tracker] Ep  835 | AvgR 0.0005 | Global 0.9548 | Local 0.1192 | F1_macro 0.6573 | WorstLoss 2.0031
[Tracker] Saved snapshot: ep0835_phase1_class1
[Tracker] Ep  836 | AvgR 0.0005 | Global 0.9611 | Local 0.1192 | F1_macro 0.6547 | WorstLoss 1.9512
[Tracker] Ep  837 | AvgR 0.0005 | Global 0.9301 | Local 0.1192 | F1_macro 0.6483 | WorstLoss 2.1573
[Tracker] Ep  838 | AvgR 0.0005 | Global 0.9556 | Local 0.1192 | F1_macro 0.6534 | WorstLoss 1.9972
[Tracker] Ep  839 | AvgR 0.0005 | Global 0.9441 | Local 0.1192 | F1_macro 0.6482 | WorstLoss 2.0775
[Tracker] Ep  840 | AvgR 0.0005 | Global 0.9487 | Local 0.1192 | F1_macro 0.6429 | WorstLoss 1.9729
[Tracker] Saved snapshot: ep0840_phase1_class1
[Tracker] Ep  841 | AvgR 0.0005 | Global 0.9468 | Local 0.1192 | F1_macro 0.6655 | WorstLoss 2.0601
[Tracker] Ep  842 | AvgR 0.0005 | Global 0.9493 | Local 0.1192 | F1_macro 0.6551 | WorstLoss 2.0435
[Tracker] Ep  843 | AvgR 0.0005 | Global 0.9832 | Local 0.1192 | F1_macro 0.6597 | WorstLoss 1.6632
[Tracker] New BEST synthetic [phase1_class1] (by global.global_obj: 0.983211) saved.
[Tracker] BEST β weights [phase1_class1] saved -> training_runs/SPECcompas_v18k3_ep3000_gpu1_EP3000_PCA10_REWfairness_minID0_majID1_TRJ2000_REAL3000_BIAS0.05_GG202604111115_d5681707/seed_3/best_beta_state_dict_phase1_class1.pt
[Tracker] Ep  844 | AvgR 0.0005 | Global 0.9588 | Local 0.1192 | F1_macro 0.6427 | WorstLoss 1.9708
[Tracker] Ep  845 | AvgR 0.0005 | Global 0.9483 | Local 0.1192 | F1_macro 0.6520 | WorstLoss 2.0503
[Tracker] Saved snapshot: ep0845_phase1_class1
[Tracker] Ep  846 | AvgR 0.0005 | Global 0.9540 | Local 0.1192 | F1_macro 0.6512 | WorstLoss 2.0092
[Tracker] Ep  847 | AvgR 0.0005 | Global 0.9577 | Local 0.1192 | F1_macro 0.6573 | WorstLoss 1.9802
[Tracker] Ep  848 | AvgR 0.0005 | Global 0.9665 | Local 0.1192 | F1_macro 0.6597 | WorstLoss 1.8990
[Tracker] Ep  849 | AvgR 0.0005 | Global 0.9718 | Local 0.1192 | F1_macro 0.6507 | WorstLoss 1.8303
[Tracker] Ep  850 | AvgR 0.0005 | Global 0.9605 | Local 0.1192 | F1_macro 0.6619 | WorstLoss 1.9561
[Tracker] Saved snapshot: ep0850_phase1_class1
[Tracker] Ep  851 | AvgR 0.0005 | Global 0.9704 | Local 0.1192 | F1_macro 0.6472 | WorstLoss 1.8276
[Tracker] Ep  852 | AvgR 0.0005 | Global 0.9741 | Local 0.1192 | F1_macro 0.6622 | WorstLoss 1.8114
[Tracker] Ep  853 | AvgR 0.0005 | Global 0.9619 | Local 0.1192 | F1_macro 0.6605 | WorstLoss 1.9434
[Tracker] Ep  854 | AvgR 0.0005 | Global 0.9408 | Local 0.1192 | F1_macro 0.6425 | WorstLoss 2.0410
[Tracker] Ep  855 | AvgR 0.0005 | Global 0.9735 | Local 0.1192 | F1_macro 0.6498 | WorstLoss 1.8187
[Tracker] Saved snapshot: ep0855_phase1_class1
[Tracker] Ep  856 | AvgR 0.0005 | Global 0.9388 | Local 0.1192 | F1_macro 0.6571 | WorstLoss 2.0521
[Tracker] Ep  857 | AvgR 0.0005 | Global 0.9674 | Local 0.1192 | F1_macro 0.6526 | WorstLoss 1.8902
[Tracker] Ep  858 | AvgR 0.0005 | Global 0.9434 | Local 0.1192 | F1_macro 0.6467 | WorstLoss 2.0823
[Tracker] Ep  859 | AvgR 0.0005 | Global 0.9423 | Local 0.1192 | F1_macro 0.6495 | WorstLoss 2.0889
[Tracker] Ep  860 | AvgR 0.0005 | Global 0.9558 | Local 0.1192 | F1_macro 0.6535 | WorstLoss 1.9953
[Tracker] Saved snapshot: ep0860_phase1_class1
[Tracker] Ep  861 | AvgR 0.0005 | Global 0.9644 | Local 0.1192 | F1_macro 0.6532 | WorstLoss 1.9204
[Tracker] Ep  862 | AvgR 0.0005 | Global 0.9554 | Local 0.1192 | F1_macro 0.6503 | WorstLoss 1.9982
[Tracker] Ep  863 | AvgR 0.0005 | Global 0.9568 | Local 0.1192 | F1_macro 0.6446 | WorstLoss 1.9877
[Tracker] Ep  864 | AvgR 0.0005 | Global 0.9628 | Local 0.1192 | F1_macro 0.6577 | WorstLoss 1.9352
[Tracker] Ep  865 | AvgR 0.0005 | Global 0.9649 | Local 0.1192 | F1_macro 0.6478 | WorstLoss 1.9150
[Tracker] Saved snapshot: ep0865_phase1_class1
[Tracker] Ep  866 | AvgR 0.0005 | Global 0.9359 | Local 0.1192 | F1_macro 0.6496 | WorstLoss 2.0429
[Tracker] Ep  867 | AvgR 0.0005 | Global 0.9639 | Local 0.1192 | F1_macro 0.6469 | WorstLoss 1.8566
[Tracker] Ep  868 | AvgR 0.0005 | Global 0.9431 | Local 0.1192 | F1_macro 0.6448 | WorstLoss 2.0839
[Tracker] Ep  869 | AvgR 0.0005 | Global 0.9416 | Local 0.1192 | F1_macro 0.6470 | WorstLoss 1.9886
[Tracker] Ep  870 | AvgR 0.0005 | Global 0.9672 | Local 0.1192 | F1_macro 0.6467 | WorstLoss 1.8918
[Tracker] Saved snapshot: ep0870_phase1_class1
[Tracker] Ep  871 | AvgR 0.0005 | Global 0.9293 | Local 0.1192 | F1_macro 0.6551 | WorstLoss 2.1093
[Tracker] Ep  872 | AvgR 0.0005 | Global 0.9699 | Local 0.1192 | F1_macro 0.6481 | WorstLoss 1.8625
[Tracker] Ep  873 | AvgR 0.0005 | Global 0.9638 | Local 0.1192 | F1_macro 0.6501 | WorstLoss 1.9260
[Tracker] Ep  874 | AvgR 0.0005 | Global 0.9570 | Local 0.1192 | F1_macro 0.6479 | WorstLoss 1.9853
[Tracker] Ep  875 | AvgR 0.0005 | Global 0.9502 | Local 0.1192 | F1_macro 0.6588 | WorstLoss 2.0368
[Tracker] Saved snapshot: ep0875_phase1_class1
[Tracker] Ep  876 | AvgR 0.0005 | Global 0.9321 | Local 0.1192 | F1_macro 0.6504 | WorstLoss 2.1466
[Tracker] Ep  877 | AvgR 0.0005 | Global 0.9699 | Local 0.1192 | F1_macro 0.6477 | WorstLoss 1.8627
[Tracker] Ep  878 | AvgR 0.0005 | Global 0.9592 | Local 0.1192 | F1_macro 0.6427 | WorstLoss 1.9679
[Tracker] Ep  879 | AvgR 0.0005 | Global 0.9426 | Local 0.1192 | F1_macro 0.6504 | WorstLoss 2.0872
[Tracker] Ep  880 | AvgR 0.0005 | Global 0.9530 | Local 0.1192 | F1_macro 0.6459 | WorstLoss 2.0170
[Tracker] Saved snapshot: ep0880_phase1_class1
[Tracker] Ep  881 | AvgR 0.0005 | Global 0.9646 | Local 0.1192 | F1_macro 0.6476 | WorstLoss 1.9184
[Tracker] Ep  882 | AvgR 0.0005 | Global 0.9565 | Local 0.1192 | F1_macro 0.6600 | WorstLoss 1.9900
[Tracker] Ep  883 | AvgR 0.0005 | Global 0.9543 | Local 0.1192 | F1_macro 0.6515 | WorstLoss 1.9453
[Tracker] Ep  884 | AvgR 0.0005 | Global 0.9511 | Local 0.1192 | F1_macro 0.6394 | WorstLoss 2.0307
[Tracker] Ep  885 | AvgR 0.0005 | Global 0.9689 | Local 0.1192 | F1_macro 0.6569 | WorstLoss 1.8736
[Tracker] Saved snapshot: ep0885_phase1_class1
[Tracker] Ep  886 | AvgR 0.0005 | Global 0.9593 | Local 0.1192 | F1_macro 0.6539 | WorstLoss 1.9342
[Tracker] Ep  887 | AvgR 0.0005 | Global 0.9799 | Local 0.1192 | F1_macro 0.6600 | WorstLoss 1.7237
[Tracker] Ep  888 | AvgR 0.0005 | Global 0.9689 | Local 0.1192 | F1_macro 0.6528 | WorstLoss 1.8741
[Tracker] Ep  889 | AvgR 0.0005 | Global 0.9601 | Local 0.1192 | F1_macro 0.6590 | WorstLoss 1.9597
[Tracker] Ep  890 | AvgR 0.0004 | Global 0.8781 | Local 0.1192 | F1_macro 0.6419 | WorstLoss 2.3617
[Tracker] Saved snapshot: ep0890_phase1_class1
[Tracker] Ep  891 | AvgR 0.0005 | Global 0.9334 | Local 0.1192 | F1_macro 0.6406 | WorstLoss 2.1134
[Tracker] Ep  892 | AvgR 0.0005 | Global 0.9701 | Local 0.1192 | F1_macro 0.6616 | WorstLoss 1.8603
[Tracker] Ep  893 | AvgR 0.0005 | Global 0.9431 | Local 0.1192 | F1_macro 0.6548 | WorstLoss 2.0842
[Tracker] Ep  894 | AvgR 0.0005 | Global 0.9761 | Local 0.1192 | F1_macro 0.6617 | WorstLoss 1.7839
[Tracker] Ep  895 | AvgR 0.0005 | Global 0.9418 | Local 0.1192 | F1_macro 0.6425 | WorstLoss 2.0922
[Tracker] Saved snapshot: ep0895_phase1_class1
[Tracker] Ep  896 | AvgR 0.0005 | Global 0.9576 | Local 0.1192 | F1_macro 0.6411 | WorstLoss 1.9807
[Tracker] Ep  897 | AvgR 0.0005 | Global 0.9384 | Local 0.1192 | F1_macro 0.6474 | WorstLoss 2.1124
[Tracker] Ep  898 | AvgR 0.0005 | Global 0.9723 | Local 0.1192 | F1_macro 0.6456 | WorstLoss 1.8335
[Tracker] Ep  899 | AvgR 0.0005 | Global 0.9644 | Local 0.1192 | F1_macro 0.6574 | WorstLoss 1.9199
[Tracker] Ep  900 | AvgR 0.0005 | Global 0.9494 | Local 0.1192 | F1_macro 0.6587 | WorstLoss 2.0424
[Tracker] Saved snapshot: ep0900_phase1_class1
[Tracker] Ep  901 | AvgR 0.0005 | Global 0.9612 | Local 0.1192 | F1_macro 0.6501 | WorstLoss 1.9502
[Tracker] Ep  902 | AvgR 0.0005 | Global 0.9690 | Local 0.1192 | F1_macro 0.6637 | WorstLoss 1.8725
[Tracker] Ep  903 | AvgR 0.0005 | Global 0.9523 | Local 0.1192 | F1_macro 0.6543 | WorstLoss 2.0221
[Tracker] Ep  904 | AvgR 0.0005 | Global 0.9416 | Local 0.1192 | F1_macro 0.6437 | WorstLoss 2.0753
[Tracker] Ep  905 | AvgR 0.0005 | Global 0.9541 | Local 0.1192 | F1_macro 0.6567 | WorstLoss 2.0088
[Tracker] Saved snapshot: ep0905_phase1_class1
[Tracker] Ep  906 | AvgR 0.0005 | Global 0.9223 | Local 0.1192 | F1_macro 0.6458 | WorstLoss 2.1282
[Tracker] Ep  907 | AvgR 0.0005 | Global 0.9547 | Local 0.1192 | F1_macro 0.6416 | WorstLoss 2.0043
[Tracker] Ep  908 | AvgR 0.0005 | Global 0.9539 | Local 0.1192 | F1_macro 0.6405 | WorstLoss 1.9997
[Tracker] Ep  909 | AvgR 0.0005 | Global 0.9610 | Local 0.1192 | F1_macro 0.6478 | WorstLoss 1.9493
[Tracker] Ep  910 | AvgR 0.0005 | Global 0.9351 | Local 0.1192 | F1_macro 0.6448 | WorstLoss 2.1309
[Tracker] Saved snapshot: ep0910_phase1_class1
[Tracker] Ep  911 | AvgR 0.0005 | Global 0.9593 | Local 0.1192 | F1_macro 0.6695 | WorstLoss 1.9667
[Tracker] Ep  912 | AvgR 0.0005 | Global 0.9529 | Local 0.1192 | F1_macro 0.6514 | WorstLoss 2.0174
[Tracker] Ep  913 | AvgR 0.0005 | Global 0.9582 | Local 0.1192 | F1_macro 0.6577 | WorstLoss 1.9755
[Tracker] Ep  914 | AvgR 0.0005 | Global 0.9718 | Local 0.1192 | F1_macro 0.6543 | WorstLoss 1.8402
[Tracker] Ep  915 | AvgR 0.0005 | Global 0.9541 | Local 0.1192 | F1_macro 0.6523 | WorstLoss 2.0084
[Tracker] Saved snapshot: ep0915_phase1_class1
[Tracker] Ep  916 | AvgR 0.0005 | Global 0.9771 | Local 0.1192 | F1_macro 0.6530 | WorstLoss 1.7693
[Tracker] Ep  917 | AvgR 0.0005 | Global 0.9591 | Local 0.1192 | F1_macro 0.6707 | WorstLoss 1.9684
[Tracker] Ep  918 | AvgR 0.0005 | Global 0.9630 | Local 0.1192 | F1_macro 0.6472 | WorstLoss 1.9331
[Tracker] Ep  919 | AvgR 0.0005 | Global 0.9218 | Local 0.1192 | F1_macro 0.6473 | WorstLoss 2.1976
[Tracker] Ep  920 | AvgR 0.0005 | Global 0.9778 | Local 0.1192 | F1_macro 0.6571 | WorstLoss 1.7580
[Tracker] Saved snapshot: ep0920_phase1_class1
[Tracker] Ep  921 | AvgR 0.0005 | Global 0.9665 | Local 0.1192 | F1_macro 0.6430 | WorstLoss 1.8993
[Tracker] Ep  922 | AvgR 0.0005 | Global 0.9497 | Local 0.1192 | F1_macro 0.6595 | WorstLoss 2.0407
[Tracker] Ep  923 | AvgR 0.0005 | Global 0.9446 | Local 0.1192 | F1_macro 0.6414 | WorstLoss 2.0743
[Tracker] Ep  924 | AvgR 0.0005 | Global 0.9212 | Local 0.1192 | F1_macro 0.6561 | WorstLoss 2.2001
[Tracker] Ep  925 | AvgR 0.0005 | Global 0.9384 | Local 0.1192 | F1_macro 0.6433 | WorstLoss 2.1124
[Tracker] Saved snapshot: ep0925_phase1_class1
[Tracker] Ep  926 | AvgR 0.0005 | Global 0.9660 | Local 0.1192 | F1_macro 0.6436 | WorstLoss 1.9046
[Tracker] Ep  927 | AvgR 0.0005 | Global 0.9441 | Local 0.1192 | F1_macro 0.6476 | WorstLoss 2.0775
[Tracker] Ep  928 | AvgR 0.0005 | Global 0.9180 | Local 0.1192 | F1_macro 0.6509 | WorstLoss 2.1853
[Tracker] Ep  929 | AvgR 0.0005 | Global 0.9621 | Local 0.1192 | F1_macro 0.6556 | WorstLoss 1.9418
[Tracker] Ep  930 | AvgR 0.0005 | Global 0.9143 | Local 0.1192 | F1_macro 0.6350 | WorstLoss 2.1148
[Tracker] Saved snapshot: ep0930_phase1_class1
[Tracker] Ep  931 | AvgR 0.0005 | Global 0.9303 | Local 0.1192 | F1_macro 0.6397 | WorstLoss 2.1497
[Tracker] Ep  932 | AvgR 0.0005 | Global 0.9462 | Local 0.1192 | F1_macro 0.6360 | WorstLoss 2.0480
[Tracker] Ep  933 | AvgR 0.0005 | Global 0.9635 | Local 0.1192 | F1_macro 0.6526 | WorstLoss 1.9289
[Tracker] Ep  934 | AvgR 0.0005 | Global 0.9691 | Local 0.1192 | F1_macro 0.6494 | WorstLoss 1.8712
[Tracker] Ep  935 | AvgR 0.0005 | Global 0.9289 | Local 0.1192 | F1_macro 0.6506 | WorstLoss 2.1635
[Tracker] Saved snapshot: ep0935_phase1_class1
[Tracker] Ep  936 | AvgR 0.0005 | Global 0.9404 | Local 0.1192 | F1_macro 0.6442 | WorstLoss 2.1003
[Tracker] Ep  937 | AvgR 0.0005 | Global 0.9717 | Local 0.1192 | F1_macro 0.6625 | WorstLoss 1.8407
[Tracker] Ep  938 | AvgR 0.0005 | Global 0.9560 | Local 0.1192 | F1_macro 0.6500 | WorstLoss 1.9941
[Tracker] Ep  939 | AvgR 0.0005 | Global 0.9552 | Local 0.1192 | F1_macro 0.6444 | WorstLoss 1.9878
[Tracker] Ep  940 | AvgR 0.0005 | Global 0.9625 | Local 0.1192 | F1_macro 0.6557 | WorstLoss 1.9378
[Tracker] Saved snapshot: ep0940_phase1_class1
[Tracker] Ep  941 | AvgR 0.0005 | Global 0.9654 | Local 0.1192 | F1_macro 0.6487 | WorstLoss 1.8754
[Tracker] Ep  942 | AvgR 0.0005 | Global 0.9473 | Local 0.1192 | F1_macro 0.6479 | WorstLoss 2.0569
[Tracker] Ep  943 | AvgR 0.0005 | Global 0.9619 | Local 0.1192 | F1_macro 0.6618 | WorstLoss 1.9439
[Tracker] Ep  944 | AvgR 0.0005 | Global 0.9790 | Local 0.1192 | F1_macro 0.6561 | WorstLoss 1.7401
[Tracker] Ep  945 | AvgR 0.0005 | Global 0.9663 | Local 0.1192 | F1_macro 0.6455 | WorstLoss 1.8942
[Tracker] Saved snapshot: ep0945_phase1_class1
[Tracker] Ep  946 | AvgR 0.0005 | Global 0.9683 | Local 0.1192 | F1_macro 0.6460 | WorstLoss 1.8799
[Tracker] Ep  947 | AvgR 0.0005 | Global 0.9622 | Local 0.1192 | F1_macro 0.6570 | WorstLoss 1.9413
[Tracker] Ep  948 | AvgR 0.0005 | Global 0.9077 | Local 0.1192 | F1_macro 0.6408 | WorstLoss 2.2262
[Tracker] Ep  949 | AvgR 0.0005 | Global 0.9089 | Local 0.1192 | F1_macro 0.6404 | WorstLoss 2.2408
[Tracker] Ep  950 | AvgR 0.0005 | Global 0.9439 | Local 0.1192 | F1_macro 0.6464 | WorstLoss 2.0170
[Tracker] Saved snapshot: ep0950_phase1_class1
[Tracker] Ep  951 | AvgR 0.0005 | Global 0.9293 | Local 0.1192 | F1_macro 0.6515 | WorstLoss 2.1491
[Tracker] Ep  952 | AvgR 0.0005 | Global 0.9299 | Local 0.1192 | F1_macro 0.6417 | WorstLoss 2.1315
[Tracker] Ep  953 | AvgR 0.0005 | Global 0.9559 | Local 0.1192 | F1_macro 0.6541 | WorstLoss 1.9947
[Tracker] Ep  954 | AvgR 0.0005 | Global 0.9337 | Local 0.1192 | F1_macro 0.6610 | WorstLoss 2.1385
[Tracker] Ep  955 | AvgR 0.0005 | Global 0.9549 | Local 0.1192 | F1_macro 0.6444 | WorstLoss 2.0023
[Tracker] Saved snapshot: ep0955_phase1_class1
[Tracker] Ep  956 | AvgR 0.0005 | Global 0.9341 | Local 0.1192 | F1_macro 0.6505 | WorstLoss 2.1359
[Tracker] Ep  957 | AvgR 0.0005 | Global 0.9243 | Local 0.1192 | F1_macro 0.6385 | WorstLoss 2.1711
[Tracker] Ep  958 | AvgR 0.0005 | Global 0.9352 | Local 0.1192 | F1_macro 0.6434 | WorstLoss 2.1304
[Tracker] Ep  959 | AvgR 0.0005 | Global 0.9478 | Local 0.1192 | F1_macro 0.6535 | WorstLoss 2.0535
[Tracker] Ep  960 | AvgR 0.0005 | Global 0.9650 | Local 0.1192 | F1_macro 0.6522 | WorstLoss 1.9147
[Tracker] Saved snapshot: ep0960_phase1_class1
[Tracker] Ep  961 | AvgR 0.0005 | Global 0.9450 | Local 0.1192 | F1_macro 0.6532 | WorstLoss 2.0717
[Tracker] Ep  962 | AvgR 0.0005 | Global 0.9342 | Local 0.1192 | F1_macro 0.6525 | WorstLoss 2.1357
[Tracker] Ep  963 | AvgR 0.0005 | Global 0.9506 | Local 0.1192 | F1_macro 0.6587 | WorstLoss 2.0343
[Tracker] Ep  964 | AvgR 0.0005 | Global 0.9662 | Local 0.1192 | F1_macro 0.6422 | WorstLoss 1.9025
[Tracker] Ep  965 | AvgR 0.0005 | Global 0.9801 | Local 0.1192 | F1_macro 0.6600 | WorstLoss 1.7209
[Tracker] Saved snapshot: ep0965_phase1_class1
[Tracker] Ep  966 | AvgR 0.0005 | Global 0.9610 | Local 0.1192 | F1_macro 0.6481 | WorstLoss 1.9426
[Tracker] Ep  967 | AvgR 0.0005 | Global 0.9683 | Local 0.1192 | F1_macro 0.6528 | WorstLoss 1.8798
[Tracker] Ep  968 | AvgR 0.0005 | Global 0.9457 | Local 0.1192 | F1_macro 0.6560 | WorstLoss 2.0673
[Tracker] Ep  969 | AvgR 0.0005 | Global 0.9575 | Local 0.1192 | F1_macro 0.6313 | WorstLoss 1.9816
[Tracker] Ep  970 | AvgR 0.0005 | Global 0.9490 | Local 0.1192 | F1_macro 0.6498 | WorstLoss 2.0457
[Tracker] Saved snapshot: ep0970_phase1_class1
[Tracker] Ep  971 | AvgR 0.0005 | Global 0.9730 | Local 0.1192 | F1_macro 0.6533 | WorstLoss 1.8257
[Tracker] Ep  972 | AvgR 0.0005 | Global 0.9449 | Local 0.1192 | F1_macro 0.6437 | WorstLoss 2.0728
[Tracker] Ep  973 | AvgR 0.0005 | Global 0.9512 | Local 0.1192 | F1_macro 0.6321 | WorstLoss 2.0303
[Tracker] Ep  974 | AvgR 0.0005 | Global 0.9641 | Local 0.1192 | F1_macro 0.6538 | WorstLoss 1.9229
[Tracker] Ep  975 | AvgR 0.0005 | Global 0.9583 | Local 0.1192 | F1_macro 0.6529 | WorstLoss 1.9617
[Tracker] Saved snapshot: ep0975_phase1_class1
[Tracker] Ep  976 | AvgR 0.0005 | Global 0.9515 | Local 0.1192 | F1_macro 0.6540 | WorstLoss 2.0279
[Tracker] Ep  977 | AvgR 0.0005 | Global 0.9622 | Local 0.1192 | F1_macro 0.6596 | WorstLoss 1.9412
[Tracker] Ep  978 | AvgR 0.0005 | Global 0.9230 | Local 0.1192 | F1_macro 0.6636 | WorstLoss 2.1919
[Tracker] Ep  979 | AvgR 0.0005 | Global 0.9450 | Local 0.1192 | F1_macro 0.6441 | WorstLoss 2.0721
[Tracker] Ep  980 | AvgR 0.0005 | Global 0.9708 | Local 0.1192 | F1_macro 0.6642 | WorstLoss 1.8522
[Tracker] Saved snapshot: ep0980_phase1_class1
[Tracker] Ep  981 | AvgR 0.0005 | Global 0.9292 | Local 0.1192 | F1_macro 0.6468 | WorstLoss 2.1618
[Tracker] Ep  982 | AvgR 0.0005 | Global 0.9640 | Local 0.1192 | F1_macro 0.6461 | WorstLoss 1.9240
[Tracker] Ep  983 | AvgR 0.0005 | Global 0.9652 | Local 0.1192 | F1_macro 0.6393 | WorstLoss 1.9123
[Tracker] Ep  984 | AvgR 0.0005 | Global 0.9641 | Local 0.1192 | F1_macro 0.6513 | WorstLoss 1.9233
[Tracker] Ep  985 | AvgR 0.0005 | Global 0.9578 | Local 0.1192 | F1_macro 0.6518 | WorstLoss 1.9792
[Tracker] Saved snapshot: ep0985_phase1_class1
[Tracker] Ep  986 | AvgR 0.0005 | Global 0.9366 | Local 0.1192 | F1_macro 0.6532 | WorstLoss 2.1224
[Tracker] Ep  987 | AvgR 0.0005 | Global 0.9463 | Local 0.1192 | F1_macro 0.6537 | WorstLoss 2.0637
[Tracker] Ep  988 | AvgR 0.0005 | Global 0.9244 | Local 0.1192 | F1_macro 0.6527 | WorstLoss 2.1852
[Tracker] Ep  989 | AvgR 0.0005 | Global 0.9651 | Local 0.1192 | F1_macro 0.6516 | WorstLoss 1.9135
[Tracker] Ep  990 | AvgR 0.0005 | Global 0.9698 | Local 0.1192 | F1_macro 0.6473 | WorstLoss 1.8633
[Tracker] Saved snapshot: ep0990_phase1_class1
[Tracker] Ep  991 | AvgR 0.0005 | Global 0.9396 | Local 0.1192 | F1_macro 0.6448 | WorstLoss 2.1052
[Tracker] Ep  992 | AvgR 0.0005 | Global 0.9453 | Local 0.1192 | F1_macro 0.6682 | WorstLoss 2.0700
[Tracker] Ep  993 | AvgR 0.0005 | Global 0.9533 | Local 0.1192 | F1_macro 0.6433 | WorstLoss 2.0143
[Tracker] Ep  994 | AvgR 0.0005 | Global 0.9732 | Local 0.1192 | F1_macro 0.6686 | WorstLoss 1.8220
[Tracker] Ep  995 | AvgR 0.0005 | Global 0.9682 | Local 0.1192 | F1_macro 0.6433 | WorstLoss 1.8476
[Tracker] Saved snapshot: ep0995_phase1_class1
[Tracker] Ep  996 | AvgR 0.0005 | Global 0.9475 | Local 0.1192 | F1_macro 0.6610 | WorstLoss 2.0555
[Tracker] Ep  997 | AvgR 0.0005 | Global 0.9591 | Local 0.1192 | F1_macro 0.6379 | WorstLoss 1.9390
[Tracker] Ep  998 | AvgR 0.0005 | Global 0.9570 | Local 0.1192 | F1_macro 0.6465 | WorstLoss 1.9855
[Tracker] Ep  999 | AvgR 0.0005 | Global 0.9599 | Local 0.1192 | F1_macro 0.6522 | WorstLoss 1.9611
[Tracker] Ep 1000 | AvgR 0.0005 | Global 0.9756 | Local 0.1192 | F1_macro 0.6489 | WorstLoss 1.7903
[Tracker] Saved snapshot: ep1000_phase1_class1
[Tracker] Ep 1001 | AvgR 0.0005 | Global 0.9515 | Local 0.1192 | F1_macro 0.6540 | WorstLoss 2.0280
[Tracker] Ep 1002 | AvgR 0.0005 | Global 0.9619 | Local 0.1192 | F1_macro 0.6572 | WorstLoss 1.9436
[Tracker] Ep 1003 | AvgR 0.0005 | Global 0.9762 | Local 0.1192 | F1_macro 0.6538 | WorstLoss 1.7823
[Tracker] Ep 1004 | AvgR 0.0005 | Global 0.9659 | Local 0.1192 | F1_macro 0.6595 | WorstLoss 1.9055
[Tracker] Ep 1005 | AvgR 0.0005 | Global 0.9654 | Local 0.1192 | F1_macro 0.6493 | WorstLoss 1.9108
[Tracker] Saved snapshot: ep1005_phase1_class1
[Tracker] Ep 1006 | AvgR 0.0005 | Global 0.9131 | Local 0.1192 | F1_macro 0.6473 | WorstLoss 2.2360
[Tracker] Ep 1007 | AvgR 0.0005 | Global 0.9673 | Local 0.1192 | F1_macro 0.6658 | WorstLoss 1.8904
[Tracker] Ep 1008 | AvgR 0.0005 | Global 0.9703 | Local 0.1192 | F1_macro 0.6487 | WorstLoss 1.8573
[Tracker] Ep 1009 | AvgR 0.0005 | Global 0.9375 | Local 0.1192 | F1_macro 0.6504 | WorstLoss 2.0968
[Tracker] Ep 1010 | AvgR 0.0005 | Global 0.9823 | Local 0.1192 | F1_macro 0.6467 | WorstLoss 1.6811
[Tracker] Saved snapshot: ep1010_phase1_class1
[Tracker] Ep 1011 | AvgR 0.0005 | Global 0.9660 | Local 0.1192 | F1_macro 0.6569 | WorstLoss 1.9047
[Tracker] Ep 1012 | AvgR 0.0005 | Global 0.9730 | Local 0.1192 | F1_macro 0.6548 | WorstLoss 1.8246
[Tracker] Ep 1013 | AvgR 0.0005 | Global 0.9445 | Local 0.1192 | F1_macro 0.6407 | WorstLoss 2.0753
[Tracker] Ep 1014 | AvgR 0.0004 | Global 0.8674 | Local 0.1192 | F1_macro 0.6544 | WorstLoss 2.3816
[Tracker] Ep 1015 | AvgR 0.0005 | Global 0.9270 | Local 0.1192 | F1_macro 0.6617 | WorstLoss 2.1728
[Tracker] Saved snapshot: ep1015_phase1_class1
[Tracker] Ep 1016 | AvgR 0.0005 | Global 0.9665 | Local 0.1192 | F1_macro 0.6396 | WorstLoss 1.8994
[Tracker] Ep 1017 | AvgR 0.0005 | Global 0.9777 | Local 0.1192 | F1_macro 0.6464 | WorstLoss 1.7596
[Tracker] Ep 1018 | AvgR 0.0005 | Global 0.9565 | Local 0.1192 | F1_macro 0.6485 | WorstLoss 1.9895
[Tracker] Ep 1019 | AvgR 0.0005 | Global 0.9565 | Local 0.1192 | F1_macro 0.6495 | WorstLoss 1.9897
[Tracker] Ep 1020 | AvgR 0.0005 | Global 0.9376 | Local 0.1192 | F1_macro 0.6440 | WorstLoss 2.0445
[Tracker] Saved snapshot: ep1020_phase1_class1
[Tracker] Ep 1021 | AvgR 0.0005 | Global 0.9619 | Local 0.1192 | F1_macro 0.6571 | WorstLoss 1.9434
[Tracker] Ep 1022 | AvgR 0.0005 | Global 0.9268 | Local 0.1192 | F1_macro 0.6359 | WorstLoss 2.1540
[Tracker] Ep 1023 | AvgR 0.0005 | Global 0.9436 | Local 0.1192 | F1_macro 0.6382 | WorstLoss 2.0690
[Tracker] Ep 1024 | AvgR 0.0005 | Global 0.9693 | Local 0.1192 | F1_macro 0.6466 | WorstLoss 1.8693
[Tracker] Ep 1025 | AvgR 0.0005 | Global 0.9610 | Local 0.1192 | F1_macro 0.6675 | WorstLoss 1.9521
[Tracker] Saved snapshot: ep1025_phase1_class1
[Tracker] Ep 1026 | AvgR 0.0005 | Global 0.9563 | Local 0.1192 | F1_macro 0.6484 | WorstLoss 1.9913
[Tracker] Ep 1027 | AvgR 0.0005 | Global 0.9330 | Local 0.1192 | F1_macro 0.6498 | WorstLoss 2.1420
[Tracker] Ep 1028 | AvgR 0.0005 | Global 0.9774 | Local 0.1192 | F1_macro 0.6586 | WorstLoss 1.7644
[Tracker] Ep 1029 | AvgR 0.0005 | Global 0.9567 | Local 0.1192 | F1_macro 0.6568 | WorstLoss 1.9882
[Tracker] Ep 1030 | AvgR 0.0005 | Global 0.9475 | Local 0.1192 | F1_macro 0.6442 | WorstLoss 2.0509
[Tracker] Saved snapshot: ep1030_phase1_class1
[Tracker] Ep 1031 | AvgR 0.0005 | Global 0.9738 | Local 0.1192 | F1_macro 0.6649 | WorstLoss 1.8152
[Tracker] Ep 1032 | AvgR 0.0005 | Global 0.9638 | Local 0.1192 | F1_macro 0.6401 | WorstLoss 1.8667
[Tracker] Ep 1033 | AvgR 0.0005 | Global 0.9626 | Local 0.1192 | F1_macro 0.6487 | WorstLoss 1.9372
[Tracker] Ep 1034 | AvgR 0.0005 | Global 0.9697 | Local 0.1192 | F1_macro 0.6560 | WorstLoss 1.8646
[Tracker] Ep 1035 | AvgR 0.0005 | Global 0.9764 | Local 0.1192 | F1_macro 0.6510 | WorstLoss 1.7793
[Tracker] Saved snapshot: ep1035_phase1_class1
[Tracker] Ep 1036 | AvgR 0.0005 | Global 0.9222 | Local 0.1192 | F1_macro 0.6461 | WorstLoss 2.1959
[Tracker] Ep 1037 | AvgR 0.0005 | Global 0.9310 | Local 0.1192 | F1_macro 0.6566 | WorstLoss 2.1527
[Tracker] Ep 1038 | AvgR 0.0005 | Global 0.9490 | Local 0.1192 | F1_macro 0.6634 | WorstLoss 2.0453
[Tracker] Ep 1039 | AvgR 0.0005 | Global 0.9624 | Local 0.1192 | F1_macro 0.6582 | WorstLoss 1.9393
[Tracker] Ep 1040 | AvgR 0.0005 | Global 0.9760 | Local 0.1192 | F1_macro 0.6569 | WorstLoss 1.7848
[Tracker] Saved snapshot: ep1040_phase1_class1
[Tracker] Ep 1041 | AvgR 0.0005 | Global 0.9473 | Local 0.1192 | F1_macro 0.6604 | WorstLoss 2.0570
[Tracker] Ep 1042 | AvgR 0.0005 | Global 0.9653 | Local 0.1192 | F1_macro 0.6475 | WorstLoss 1.9118
[Tracker] Ep 1043 | AvgR 0.0005 | Global 0.9612 | Local 0.1192 | F1_macro 0.6511 | WorstLoss 1.9505
[Tracker] Ep 1044 | AvgR 0.0005 | Global 0.9328 | Local 0.1192 | F1_macro 0.6563 | WorstLoss 2.1431
[Tracker] Ep 1045 | AvgR 0.0005 | Global 0.9730 | Local 0.1192 | F1_macro 0.6562 | WorstLoss 1.8249
[Tracker] Saved snapshot: ep1045_phase1_class1
[Tracker] Ep 1046 | AvgR 0.0005 | Global 0.9680 | Local 0.1192 | F1_macro 0.6635 | WorstLoss 1.8837
[Tracker] Ep 1047 | AvgR 0.0005 | Global 0.9705 | Local 0.1192 | F1_macro 0.6522 | WorstLoss 1.8557
[Tracker] Ep 1048 | AvgR 0.0005 | Global 0.9746 | Local 0.1192 | F1_macro 0.6539 | WorstLoss 1.8038
[Tracker] Ep 1049 | AvgR 0.0005 | Global 0.9424 | Local 0.1192 | F1_macro 0.6374 | WorstLoss 2.0882
[Tracker] Ep 1050 | AvgR 0.0005 | Global 0.9600 | Local 0.1192 | F1_macro 0.6445 | WorstLoss 1.9605
[Tracker] Saved snapshot: ep1050_phase1_class1
[Tracker] Ep 1051 | AvgR 0.0005 | Global 0.9609 | Local 0.1192 | F1_macro 0.6487 | WorstLoss 1.9407
[Tracker] Ep 1052 | AvgR 0.0005 | Global 0.9620 | Local 0.1192 | F1_macro 0.6699 | WorstLoss 1.9429
[Tracker] Ep 1053 | AvgR 0.0005 | Global 0.9320 | Local 0.1192 | F1_macro 0.6408 | WorstLoss 2.0784
[Tracker] Ep 1054 | AvgR 0.0005 | Global 0.9477 | Local 0.1192 | F1_macro 0.6429 | WorstLoss 2.0157
[Tracker] Ep 1055 | AvgR 0.0005 | Global 0.9696 | Local 0.1192 | F1_macro 0.6532 | WorstLoss 1.8577
[Tracker] Saved snapshot: ep1055_phase1_class1
[Tracker] Ep 1056 | AvgR 0.0005 | Global 0.9706 | Local 0.1192 | F1_macro 0.6712 | WorstLoss 1.8541
[Tracker] Ep 1057 | AvgR 0.0005 | Global 0.9678 | Local 0.1192 | F1_macro 0.6532 | WorstLoss 1.8860
[Tracker] Ep 1058 | AvgR 0.0005 | Global 0.9481 | Local 0.1192 | F1_macro 0.6561 | WorstLoss 2.0512
[Tracker] Ep 1059 | AvgR 0.0005 | Global 0.9528 | Local 0.1192 | F1_macro 0.6575 | WorstLoss 1.9964
[Tracker] Ep 1060 | AvgR 0.0005 | Global 0.9548 | Local 0.1192 | F1_macro 0.6521 | WorstLoss 2.0032
[Tracker] Saved snapshot: ep1060_phase1_class1
[Tracker] Ep 1061 | AvgR 0.0005 | Global 0.9750 | Local 0.1192 | F1_macro 0.6543 | WorstLoss 1.7991
[Tracker] Ep 1062 | AvgR 0.0005 | Global 0.9675 | Local 0.1192 | F1_macro 0.6468 | WorstLoss 1.8891
[Tracker] Ep 1063 | AvgR 0.0005 | Global 0.9574 | Local 0.1192 | F1_macro 0.6595 | WorstLoss 1.9823
[Tracker] Ep 1064 | AvgR 0.0005 | Global 0.9642 | Local 0.1192 | F1_macro 0.6400 | WorstLoss 1.9223
[Tracker] Ep 1065 | AvgR 0.0005 | Global 0.9348 | Local 0.1192 | F1_macro 0.6481 | WorstLoss 2.1321
[Tracker] Saved snapshot: ep1065_phase1_class1
[Tracker] Ep 1066 | AvgR 0.0005 | Global 0.9630 | Local 0.1192 | F1_macro 0.6510 | WorstLoss 1.9333
[Tracker] Ep 1067 | AvgR 0.0005 | Global 0.9580 | Local 0.1192 | F1_macro 0.6497 | WorstLoss 1.9773
[Tracker] Ep 1068 | AvgR 0.0005 | Global 0.9564 | Local 0.1192 | F1_macro 0.6435 | WorstLoss 1.9907
[Tracker] Ep 1069 | AvgR 0.0005 | Global 0.9279 | Local 0.1192 | F1_macro 0.6506 | WorstLoss 2.1684
[Tracker] Ep 1070 | AvgR 0.0005 | Global 0.9552 | Local 0.1192 | F1_macro 0.6560 | WorstLoss 1.9996
[Tracker] Saved snapshot: ep1070_phase1_class1
[Tracker] Ep 1071 | AvgR 0.0005 | Global 0.9461 | Local 0.1192 | F1_macro 0.6469 | WorstLoss 2.0597
[Tracker] Ep 1072 | AvgR 0.0005 | Global 0.9712 | Local 0.1192 | F1_macro 0.6473 | WorstLoss 1.8468
[Tracker] Ep 1073 | AvgR 0.0005 | Global 0.9739 | Local 0.1192 | F1_macro 0.6636 | WorstLoss 1.8129
[Tracker] Ep 1074 | AvgR 0.0005 | Global 0.9493 | Local 0.1192 | F1_macro 0.6414 | WorstLoss 2.0165
[Tracker] Ep 1075 | AvgR 0.0005 | Global 0.9498 | Local 0.1192 | F1_macro 0.6521 | WorstLoss 2.0395
[Tracker] Saved snapshot: ep1075_phase1_class1
[Tracker] Ep 1076 | AvgR 0.0005 | Global 0.9596 | Local 0.1192 | F1_macro 0.6673 | WorstLoss 1.9637
[Tracker] Ep 1077 | AvgR 0.0005 | Global 0.9556 | Local 0.1192 | F1_macro 0.6434 | WorstLoss 1.9954
[Tracker] Ep 1078 | AvgR 0.0005 | Global 0.9654 | Local 0.1192 | F1_macro 0.6451 | WorstLoss 1.8851
[Tracker] Ep 1079 | AvgR 0.0005 | Global 0.9532 | Local 0.1192 | F1_macro 0.6466 | WorstLoss 2.0152
[Tracker] Ep 1080 | AvgR 0.0005 | Global 0.9172 | Local 0.1192 | F1_macro 0.6495 | WorstLoss 2.2182
[Tracker] Saved snapshot: ep1080_phase1_class1
[Tracker] Ep 1081 | AvgR 0.0005 | Global 0.9131 | Local 0.1192 | F1_macro 0.6459 | WorstLoss 2.2360
[Tracker] Ep 1082 | AvgR 0.0005 | Global 0.9634 | Local 0.1192 | F1_macro 0.6591 | WorstLoss 1.9297
[Tracker] Ep 1083 | AvgR 0.0005 | Global 0.9533 | Local 0.1192 | F1_macro 0.6538 | WorstLoss 2.0147
[Tracker] Ep 1084 | AvgR 0.0005 | Global 0.9382 | Local 0.1192 | F1_macro 0.6500 | WorstLoss 2.1131
[Tracker] Ep 1085 | AvgR 0.0005 | Global 0.9634 | Local 0.1192 | F1_macro 0.6463 | WorstLoss 1.8738
[Tracker] Saved snapshot: ep1085_phase1_class1
[Tracker] Ep 1086 | AvgR 0.0005 | Global 0.9552 | Local 0.1192 | F1_macro 0.6586 | WorstLoss 1.9997
[Tracker] Ep 1087 | AvgR 0.0005 | Global 0.9735 | Local 0.1192 | F1_macro 0.6567 | WorstLoss 1.8190
[Tracker] Ep 1088 | AvgR 0.0005 | Global 0.9482 | Local 0.1192 | F1_macro 0.6560 | WorstLoss 2.0507
[Tracker] Ep 1089 | AvgR 0.0005 | Global 0.9526 | Local 0.1192 | F1_macro 0.6480 | WorstLoss 2.0144
[Tracker] Ep 1090 | AvgR 0.0005 | Global 0.9733 | Local 0.1192 | F1_macro 0.6623 | WorstLoss 1.8210
[Tracker] Saved snapshot: ep1090_phase1_class1
[Tracker] Ep 1091 | AvgR 0.0005 | Global 0.9550 | Local 0.1192 | F1_macro 0.6434 | WorstLoss 2.0016
[Tracker] Ep 1092 | AvgR 0.0005 | Global 0.9571 | Local 0.1192 | F1_macro 0.6537 | WorstLoss 1.9848
[Tracker] Ep 1093 | AvgR 0.0005 | Global 0.9689 | Local 0.1192 | F1_macro 0.6386 | WorstLoss 1.8731
[Tracker] Ep 1094 | AvgR 0.0005 | Global 0.9698 | Local 0.1192 | F1_macro 0.6565 | WorstLoss 1.8635
[Tracker] Ep 1095 | AvgR 0.0005 | Global 0.9800 | Local 0.1192 | F1_macro 0.6608 | WorstLoss 1.7228
[Tracker] Saved snapshot: ep1095_phase1_class1
[Tracker] Ep 1096 | AvgR 0.0005 | Global 0.9676 | Local 0.1192 | F1_macro 0.6524 | WorstLoss 1.8876
[Tracker] Ep 1097 | AvgR 0.0005 | Global 0.9718 | Local 0.1192 | F1_macro 0.6645 | WorstLoss 1.8401
[Tracker] Ep 1098 | AvgR 0.0005 | Global 0.9189 | Local 0.1192 | F1_macro 0.6419 | WorstLoss 2.1915
[Tracker] Ep 1099 | AvgR 0.0005 | Global 0.9587 | Local 0.1192 | F1_macro 0.6465 | WorstLoss 1.9714
[Tracker] Ep 1100 | AvgR 0.0005 | Global 0.9646 | Local 0.1192 | F1_macro 0.6610 | WorstLoss 1.9182
[Tracker] Saved snapshot: ep1100_phase1_class1
[Tracker] Ep 1101 | AvgR 0.0005 | Global 0.9705 | Local 0.1192 | F1_macro 0.6474 | WorstLoss 1.8557
[Tracker] Ep 1102 | AvgR 0.0005 | Global 0.9612 | Local 0.1192 | F1_macro 0.6343 | WorstLoss 1.9500
[Tracker] Ep 1103 | AvgR 0.0005 | Global 0.9216 | Local 0.1192 | F1_macro 0.6416 | WorstLoss 2.1938
[Tracker] Ep 1104 | AvgR 0.0005 | Global 0.9341 | Local 0.1192 | F1_macro 0.6430 | WorstLoss 2.1178
[Tracker] Ep 1105 | AvgR 0.0005 | Global 0.9715 | Local 0.1192 | F1_macro 0.6571 | WorstLoss 1.8440
[Tracker] Saved snapshot: ep1105_phase1_class1
[Tracker] Ep 1106 | AvgR 0.0005 | Global 0.9584 | Local 0.1192 | F1_macro 0.6515 | WorstLoss 1.9739
[Tracker] Ep 1107 | AvgR 0.0005 | Global 0.9778 | Local 0.1192 | F1_macro 0.6532 | WorstLoss 1.7588
[Tracker] Ep 1108 | AvgR 0.0005 | Global 0.9745 | Local 0.1192 | F1_macro 0.6450 | WorstLoss 1.8052
[Tracker] Ep 1109 | AvgR 0.0005 | Global 0.9503 | Local 0.1192 | F1_macro 0.6446 | WorstLoss 2.0364
[Tracker] Ep 1110 | AvgR 0.0005 | Global 0.9606 | Local 0.1192 | F1_macro 0.6524 | WorstLoss 1.9557
[Tracker] Saved snapshot: ep1110_phase1_class1
[Tracker] Ep 1111 | AvgR 0.0005 | Global 0.9431 | Local 0.1192 | F1_macro 0.6424 | WorstLoss 2.0841
[Tracker] Ep 1112 | AvgR 0.0005 | Global 0.9482 | Local 0.1192 | F1_macro 0.6483 | WorstLoss 2.0511
[Tracker] Ep 1113 | AvgR 0.0005 | Global 0.9695 | Local 0.1192 | F1_macro 0.6554 | WorstLoss 1.8666
[Tracker] Ep 1114 | AvgR 0.0005 | Global 0.9530 | Local 0.1192 | F1_macro 0.6556 | WorstLoss 2.0167
[Tracker] Ep 1115 | AvgR 0.0005 | Global 0.9440 | Local 0.1192 | F1_macro 0.6450 | WorstLoss 2.0786
[Tracker] Saved snapshot: ep1115_phase1_class1
[Tracker] Ep 1116 | AvgR 0.0005 | Global 0.9505 | Local 0.1192 | F1_macro 0.6652 | WorstLoss 2.0352
[Tracker] Ep 1117 | AvgR 0.0005 | Global 0.9758 | Local 0.1192 | F1_macro 0.6453 | WorstLoss 1.7881
[Tracker] Ep 1118 | AvgR 0.0005 | Global 0.9807 | Local 0.1192 | F1_macro 0.6658 | WorstLoss 1.7103
[Tracker] Ep 1119 | AvgR 0.0005 | Global 0.9566 | Local 0.1192 | F1_macro 0.6489 | WorstLoss 1.9893
[Tracker] Ep 1120 | AvgR 0.0005 | Global 0.9249 | Local 0.1192 | F1_macro 0.6528 | WorstLoss 2.1831
[Tracker] Saved snapshot: ep1120_phase1_class1
[Tracker] Ep 1121 | AvgR 0.0005 | Global 0.9494 | Local 0.1192 | F1_macro 0.6506 | WorstLoss 2.0279
[Tracker] Ep 1122 | AvgR 0.0005 | Global 0.9146 | Local 0.1192 | F1_macro 0.6489 | WorstLoss 2.2294
[Tracker] Ep 1123 | AvgR 0.0005 | Global 0.9354 | Local 0.1192 | F1_macro 0.6438 | WorstLoss 2.0762
[Tracker] Ep 1124 | AvgR 0.0005 | Global 0.9525 | Local 0.1192 | F1_macro 0.6508 | WorstLoss 2.0203
[Tracker] Ep 1125 | AvgR 0.0005 | Global 0.9712 | Local 0.1192 | F1_macro 0.6474 | WorstLoss 1.8471
[Tracker] Saved snapshot: ep1125_phase1_class1
[Tracker] Ep 1126 | AvgR 0.0005 | Global 0.9693 | Local 0.1192 | F1_macro 0.6654 | WorstLoss 1.8693
[Tracker] Ep 1127 | AvgR 0.0004 | Global 0.8862 | Local 0.1192 | F1_macro 0.6358 | WorstLoss 2.3352
[Tracker] Ep 1128 | AvgR 0.0005 | Global 0.9678 | Local 0.1192 | F1_macro 0.6563 | WorstLoss 1.8856
[Tracker] Ep 1129 | AvgR 0.0005 | Global 0.9627 | Local 0.1192 | F1_macro 0.6539 | WorstLoss 1.9362
[Tracker] Ep 1130 | AvgR 0.0005 | Global 0.9080 | Local 0.1192 | F1_macro 0.6614 | WorstLoss 2.2568
[Tracker] Saved snapshot: ep1130_phase1_class1
[Tracker] Ep 1131 | AvgR 0.0005 | Global 0.9481 | Local 0.1192 | F1_macro 0.6414 | WorstLoss 2.0516
[Tracker] Ep 1132 | AvgR 0.0005 | Global 0.9670 | Local 0.1192 | F1_macro 0.6554 | WorstLoss 1.8943
[Tracker] Ep 1133 | AvgR 0.0005 | Global 0.9265 | Local 0.1192 | F1_macro 0.6434 | WorstLoss 2.1752
[Tracker] Ep 1134 | AvgR 0.0005 | Global 0.9515 | Local 0.1192 | F1_macro 0.6466 | WorstLoss 2.0280
[Tracker] Ep 1135 | AvgR 0.0005 | Global 0.9222 | Local 0.1192 | F1_macro 0.6702 | WorstLoss 2.1957
[Tracker] Saved snapshot: ep1135_phase1_class1
[Tracker] Ep 1136 | AvgR 0.0005 | Global 0.9752 | Local 0.1192 | F1_macro 0.6491 | WorstLoss 1.7964
[Tracker] Ep 1137 | AvgR 0.0005 | Global 0.9614 | Local 0.1192 | F1_macro 0.6408 | WorstLoss 1.9161
[Tracker] Ep 1138 | AvgR 0.0004 | Global 0.8992 | Local 0.1192 | F1_macro 0.6460 | WorstLoss 2.2903
[Tracker] Ep 1139 | AvgR 0.0005 | Global 0.9545 | Local 0.1192 | F1_macro 0.6445 | WorstLoss 2.0058
[Tracker] Ep 1140 | AvgR 0.0005 | Global 0.9617 | Local 0.1192 | F1_macro 0.6386 | WorstLoss 1.9459
[Tracker] Saved snapshot: ep1140_phase1_class1
[Tracker] Ep 1141 | AvgR 0.0005 | Global 0.9667 | Local 0.1192 | F1_macro 0.6526 | WorstLoss 1.8972
[Tracker] Ep 1142 | AvgR 0.0005 | Global 0.9606 | Local 0.1192 | F1_macro 0.6487 | WorstLoss 1.9557
[Tracker] Ep 1143 | AvgR 0.0005 | Global 0.9642 | Local 0.1192 | F1_macro 0.6465 | WorstLoss 1.9010
[Tracker] Ep 1144 | AvgR 0.0005 | Global 0.9698 | Local 0.1192 | F1_macro 0.6595 | WorstLoss 1.8633
[Tracker] Ep 1145 | AvgR 0.0005 | Global 0.9693 | Local 0.1192 | F1_macro 0.6419 | WorstLoss 1.8690
[Tracker] Saved snapshot: ep1145_phase1_class1
[Tracker] Ep 1146 | AvgR 0.0005 | Global 0.9571 | Local 0.1192 | F1_macro 0.6435 | WorstLoss 1.9848
[Tracker] Ep 1147 | AvgR 0.0005 | Global 0.9654 | Local 0.1192 | F1_macro 0.6576 | WorstLoss 1.9106
[Tracker] Ep 1148 | AvgR 0.0005 | Global 0.9672 | Local 0.1192 | F1_macro 0.6517 | WorstLoss 1.8922
[Tracker] Ep 1149 | AvgR 0.0005 | Global 0.9551 | Local 0.1192 | F1_macro 0.6511 | WorstLoss 2.0009
[Tracker] Ep 1150 | AvgR 0.0005 | Global 0.9399 | Local 0.1192 | F1_macro 0.6493 | WorstLoss 2.0981
[Tracker] Saved snapshot: ep1150_phase1_class1
[Tracker] Ep 1151 | AvgR 0.0005 | Global 0.9467 | Local 0.1192 | F1_macro 0.6319 | WorstLoss 2.0608
[Tracker] Ep 1152 | AvgR 0.0005 | Global 0.9652 | Local 0.1192 | F1_macro 0.6596 | WorstLoss 1.9126
[Tracker] Ep 1153 | AvgR 0.0005 | Global 0.9531 | Local 0.1192 | F1_macro 0.6524 | WorstLoss 2.0159
[Tracker] Ep 1154 | AvgR 0.0005 | Global 0.9708 | Local 0.1192 | F1_macro 0.6528 | WorstLoss 1.8519
[Tracker] Ep 1155 | AvgR 0.0005 | Global 0.9636 | Local 0.1192 | F1_macro 0.6475 | WorstLoss 1.9283
[Tracker] Saved snapshot: ep1155_phase1_class1
[Tracker] Ep 1156 | AvgR 0.0005 | Global 0.9206 | Local 0.1192 | F1_macro 0.6482 | WorstLoss 2.2029
[Tracker] Ep 1157 | AvgR 0.0005 | Global 0.9507 | Local 0.1192 | F1_macro 0.6532 | WorstLoss 2.0339
[Tracker] Ep 1158 | AvgR 0.0005 | Global 0.9493 | Local 0.1192 | F1_macro 0.6528 | WorstLoss 2.0431
[Tracker] Ep 1159 | AvgR 0.0005 | Global 0.9739 | Local 0.1192 | F1_macro 0.6619 | WorstLoss 1.8133
[Tracker] Ep 1160 | AvgR 0.0005 | Global 0.9722 | Local 0.1192 | F1_macro 0.6574 | WorstLoss 1.8349
[Tracker] Saved snapshot: ep1160_phase1_class1
[Tracker] Ep 1161 | AvgR 0.0005 | Global 0.9676 | Local 0.1192 | F1_macro 0.6427 | WorstLoss 1.8878
[Tracker] Ep 1162 | AvgR 0.0005 | Global 0.9695 | Local 0.1192 | F1_macro 0.6602 | WorstLoss 1.8667
[Tracker] Ep 1163 | AvgR 0.0005 | Global 0.9678 | Local 0.1192 | F1_macro 0.6519 | WorstLoss 1.8673
[Tracker] Ep 1164 | AvgR 0.0005 | Global 0.9629 | Local 0.1192 | F1_macro 0.6565 | WorstLoss 1.9345
[Tracker] Ep 1165 | AvgR 0.0005 | Global 0.9626 | Local 0.1192 | F1_macro 0.6588 | WorstLoss 1.9373
[Tracker] Saved snapshot: ep1165_phase1_class1
[Tracker] Ep 1166 | AvgR 0.0005 | Global 0.9471 | Local 0.1192 | F1_macro 0.6587 | WorstLoss 2.0582
[Tracker] Ep 1167 | AvgR 0.0005 | Global 0.9722 | Local 0.1192 | F1_macro 0.6478 | WorstLoss 1.8346
[Tracker] Ep 1168 | AvgR 0.0005 | Global 0.9723 | Local 0.1192 | F1_macro 0.6508 | WorstLoss 1.8340
[Tracker] Ep 1169 | AvgR 0.0005 | Global 0.9596 | Local 0.1192 | F1_macro 0.6617 | WorstLoss 1.9637
[Tracker] Ep 1170 | AvgR 0.0005 | Global 0.9692 | Local 0.1192 | F1_macro 0.6526 | WorstLoss 1.8707
[Tracker] Saved snapshot: ep1170_phase1_class1
[Tracker] Ep 1171 | AvgR 0.0005 | Global 0.9574 | Local 0.1192 | F1_macro 0.6537 | WorstLoss 1.9823
[Tracker] Ep 1172 | AvgR 0.0005 | Global 0.9721 | Local 0.1192 | F1_macro 0.6479 | WorstLoss 1.8358
[Tracker] Ep 1173 | AvgR 0.0005 | Global 0.9527 | Local 0.1192 | F1_macro 0.6566 | WorstLoss 2.0191
[Tracker] Ep 1174 | AvgR 0.0005 | Global 0.9675 | Local 0.1192 | F1_macro 0.6632 | WorstLoss 1.8892
[Tracker] Ep 1175 | AvgR 0.0005 | Global 0.9577 | Local 0.1192 | F1_macro 0.6538 | WorstLoss 1.9799
[Tracker] Saved snapshot: ep1175_phase1_class1
[Tracker] Ep 1176 | AvgR 0.0005 | Global 0.9692 | Local 0.1192 | F1_macro 0.6604 | WorstLoss 1.8705
[Tracker] Ep 1177 | AvgR 0.0005 | Global 0.9145 | Local 0.1192 | F1_macro 0.6425 | WorstLoss 2.2301
[Tracker] Ep 1178 | AvgR 0.0005 | Global 0.9558 | Local 0.1192 | F1_macro 0.6444 | WorstLoss 1.9952
[Tracker] Ep 1179 | AvgR 0.0005 | Global 0.9618 | Local 0.1192 | F1_macro 0.6496 | WorstLoss 1.9446
[Tracker] Ep 1180 | AvgR 0.0005 | Global 0.9182 | Local 0.1192 | F1_macro 0.6412 | WorstLoss 2.2019
[Tracker] Saved snapshot: ep1180_phase1_class1
[Tracker] Ep 1181 | AvgR 0.0005 | Global 0.9697 | Local 0.1192 | F1_macro 0.6593 | WorstLoss 1.8630
[Tracker] Ep 1182 | AvgR 0.0005 | Global 0.9578 | Local 0.1192 | F1_macro 0.6620 | WorstLoss 1.9795
[Tracker] Ep 1183 | AvgR 0.0005 | Global 0.9474 | Local 0.1192 | F1_macro 0.6573 | WorstLoss 2.0564
[Tracker] Ep 1184 | AvgR 0.0005 | Global 0.9681 | Local 0.1192 | F1_macro 0.6609 | WorstLoss 1.8821
[Tracker] Ep 1185 | AvgR 0.0005 | Global 0.9620 | Local 0.1192 | F1_macro 0.6620 | WorstLoss 1.9425
[Tracker] Saved snapshot: ep1185_phase1_class1
[Tracker] Ep 1186 | AvgR 0.0005 | Global 0.9356 | Local 0.1192 | F1_macro 0.6554 | WorstLoss 2.1280
[Tracker] Ep 1187 | AvgR 0.0005 | Global 0.9316 | Local 0.1192 | F1_macro 0.6661 | WorstLoss 2.1495
[Tracker] Ep 1188 | AvgR 0.0005 | Global 0.9736 | Local 0.1192 | F1_macro 0.6511 | WorstLoss 1.8179
[Tracker] Ep 1189 | AvgR 0.0005 | Global 0.9647 | Local 0.1192 | F1_macro 0.6517 | WorstLoss 1.9175
[Tracker] Ep 1190 | AvgR 0.0005 | Global 0.9651 | Local 0.1192 | F1_macro 0.6458 | WorstLoss 1.9136
[Tracker] Saved snapshot: ep1190_phase1_class1
[Tracker] Ep 1191 | AvgR 0.0005 | Global 0.9546 | Local 0.1192 | F1_macro 0.6393 | WorstLoss 2.0049
[Tracker] Ep 1192 | AvgR 0.0005 | Global 0.9502 | Local 0.1192 | F1_macro 0.6576 | WorstLoss 2.0371
[Tracker] Ep 1193 | AvgR 0.0005 | Global 0.9265 | Local 0.1192 | F1_macro 0.6441 | WorstLoss 2.1433
[Tracker] Ep 1194 | AvgR 0.0005 | Global 0.9831 | Local 0.1192 | F1_macro 0.6591 | WorstLoss 1.6659
[Tracker] Ep 1195 | AvgR 0.0005 | Global 0.9563 | Local 0.1192 | F1_macro 0.6589 | WorstLoss 1.9910
[Tracker] Saved snapshot: ep1195_phase1_class1
[Tracker] Ep 1196 | AvgR 0.0005 | Global 0.9700 | Local 0.1192 | F1_macro 0.6465 | WorstLoss 1.8617
[Tracker] Ep 1197 | AvgR 0.0005 | Global 0.9177 | Local 0.1192 | F1_macro 0.6391 | WorstLoss 2.2131
[Tracker] Ep 1198 | AvgR 0.0005 | Global 0.9580 | Local 0.1192 | F1_macro 0.6369 | WorstLoss 1.9778
[Tracker] Ep 1199 | AvgR 0.0005 | Global 0.9615 | Local 0.1192 | F1_macro 0.6556 | WorstLoss 1.9476
[Tracker] Ep 1200 | AvgR 0.0005 | Global 0.9414 | Local 0.1192 | F1_macro 0.6422 | WorstLoss 2.0733
[Tracker] Saved snapshot: ep1200_phase1_class1
[Tracker] Ep 1201 | AvgR 0.0005 | Global 0.9539 | Local 0.1192 | F1_macro 0.6627 | WorstLoss 2.0097
[Tracker] Ep 1202 | AvgR 0.0005 | Global 0.9670 | Local 0.1192 | F1_macro 0.6604 | WorstLoss 1.8940
[Tracker] Ep 1203 | AvgR 0.0005 | Global 0.9759 | Local 0.1192 | F1_macro 0.6554 | WorstLoss 1.7856
[Tracker] Ep 1204 | AvgR 0.0005 | Global 0.9496 | Local 0.1192 | F1_macro 0.6478 | WorstLoss 2.0415
[Tracker] Ep 1205 | AvgR 0.0005 | Global 0.9502 | Local 0.1192 | F1_macro 0.6493 | WorstLoss 2.0372
[Tracker] Saved snapshot: ep1205_phase1_class1
[Tracker] Ep 1206 | AvgR 0.0005 | Global 0.9661 | Local 0.1192 | F1_macro 0.6551 | WorstLoss 1.9030
[Tracker] Ep 1207 | AvgR 0.0005 | Global 0.9688 | Local 0.1192 | F1_macro 0.6529 | WorstLoss 1.8743
[Tracker] Ep 1208 | AvgR 0.0005 | Global 0.9493 | Local 0.1192 | F1_macro 0.6482 | WorstLoss 2.0432
[Tracker] Ep 1209 | AvgR 0.0005 | Global 0.9483 | Local 0.1192 | F1_macro 0.6606 | WorstLoss 2.0504
[Tracker] Ep 1210 | AvgR 0.0005 | Global 0.9510 | Local 0.1192 | F1_macro 0.6455 | WorstLoss 2.0314
[Tracker] Saved snapshot: ep1210_phase1_class1
[Tracker] Ep 1211 | AvgR 0.0005 | Global 0.9506 | Local 0.1192 | F1_macro 0.6554 | WorstLoss 2.0345
[Tracker] Ep 1212 | AvgR 0.0005 | Global 0.9429 | Local 0.1192 | F1_macro 0.6457 | WorstLoss 2.0850
[Tracker] Ep 1213 | AvgR 0.0005 | Global 0.9624 | Local 0.1192 | F1_macro 0.6415 | WorstLoss 1.9312
[Tracker] Ep 1214 | AvgR 0.0005 | Global 0.9593 | Local 0.1192 | F1_macro 0.6515 | WorstLoss 1.9663
[Tracker] Ep 1215 | AvgR 0.0005 | Global 0.9822 | Local 0.1192 | F1_macro 0.6628 | WorstLoss 1.6822
[Tracker] Saved snapshot: ep1215_phase1_class1
[Tracker] Ep 1216 | AvgR 0.0005 | Global 0.9669 | Local 0.1192 | F1_macro 0.6586 | WorstLoss 1.8952
[Tracker] Ep 1217 | AvgR 0.0005 | Global 0.9758 | Local 0.1192 | F1_macro 0.6545 | WorstLoss 1.7877
[Tracker] Ep 1218 | AvgR 0.0005 | Global 0.9619 | Local 0.1192 | F1_macro 0.6405 | WorstLoss 1.9436
[Tracker] Ep 1219 | AvgR 0.0005 | Global 0.9518 | Local 0.1192 | F1_macro 0.6342 | WorstLoss 2.0253
[Tracker] Ep 1220 | AvgR 0.0005 | Global 0.9621 | Local 0.1192 | F1_macro 0.6338 | WorstLoss 1.8771
[Tracker] Saved snapshot: ep1220_phase1_class1
[Tracker] Ep 1221 | AvgR 0.0005 | Global 0.9211 | Local 0.1192 | F1_macro 0.6335 | WorstLoss 2.1926
[Tracker] Ep 1222 | AvgR 0.0005 | Global 0.9370 | Local 0.1192 | F1_macro 0.6456 | WorstLoss 2.0643
[Tracker] Ep 1223 | AvgR 0.0005 | Global 0.9622 | Local 0.1192 | F1_macro 0.6522 | WorstLoss 1.9413
[Tracker] Ep 1224 | AvgR 0.0005 | Global 0.9712 | Local 0.1192 | F1_macro 0.6457 | WorstLoss 1.8472
[Tracker] Ep 1225 | AvgR 0.0005 | Global 0.9665 | Local 0.1192 | F1_macro 0.6569 | WorstLoss 1.8994
[Tracker] Saved snapshot: ep1225_phase1_class1
[Tracker] Ep 1226 | AvgR 0.0005 | Global 0.9701 | Local 0.1192 | F1_macro 0.6548 | WorstLoss 1.8601
[Tracker] Ep 1227 | AvgR 0.0005 | Global 0.9489 | Local 0.1192 | F1_macro 0.6588 | WorstLoss 2.0458
[Tracker] Ep 1228 | AvgR 0.0005 | Global 0.9386 | Local 0.1192 | F1_macro 0.6426 | WorstLoss 2.1039
[Tracker] Ep 1229 | AvgR 0.0005 | Global 0.9179 | Local 0.1192 | F1_macro 0.6430 | WorstLoss 2.2152
[Tracker] Ep 1230 | AvgR 0.0005 | Global 0.9247 | Local 0.1192 | F1_macro 0.6474 | WorstLoss 2.1838
[Tracker] Saved snapshot: ep1230_phase1_class1
[Tracker] Ep 1231 | AvgR 0.0005 | Global 0.9304 | Local 0.1192 | F1_macro 0.6526 | WorstLoss 2.1314
[Tracker] Ep 1232 | AvgR 0.0005 | Global 0.9680 | Local 0.1192 | F1_macro 0.6504 | WorstLoss 1.8838
[Tracker] Ep 1233 | AvgR 0.0005 | Global 0.9737 | Local 0.1192 | F1_macro 0.6567 | WorstLoss 1.8161
[Tracker] Ep 1234 | AvgR 0.0005 | Global 0.9342 | Local 0.1192 | F1_macro 0.6524 | WorstLoss 2.1357
[Tracker] Ep 1235 | AvgR 0.0005 | Global 0.9729 | Local 0.1192 | F1_macro 0.6479 | WorstLoss 1.8259
[Tracker] Saved snapshot: ep1235_phase1_class1
[Tracker] Ep 1236 | AvgR 0.0005 | Global 0.9568 | Local 0.1192 | F1_macro 0.6515 | WorstLoss 1.9871
[Tracker] Ep 1237 | AvgR 0.0005 | Global 0.9428 | Local 0.1192 | F1_macro 0.6501 | WorstLoss 2.0860
[Tracker] Ep 1238 | AvgR 0.0005 | Global 0.9807 | Local 0.1192 | F1_macro 0.6554 | WorstLoss 1.7107
[Tracker] Ep 1239 | AvgR 0.0005 | Global 0.9673 | Local 0.1192 | F1_macro 0.6565 | WorstLoss 1.8912
[Tracker] Ep 1240 | AvgR 0.0005 | Global 0.9636 | Local 0.1192 | F1_macro 0.6548 | WorstLoss 1.9282
[Tracker] Saved snapshot: ep1240_phase1_class1
[Tracker] Ep 1241 | AvgR 0.0005 | Global 0.9476 | Local 0.1192 | F1_macro 0.6490 | WorstLoss 2.0548
[Tracker] Ep 1242 | AvgR 0.0005 | Global 0.9589 | Local 0.1192 | F1_macro 0.6437 | WorstLoss 1.9698
[Tracker] Ep 1243 | AvgR 0.0005 | Global 0.9438 | Local 0.1192 | F1_macro 0.6435 | WorstLoss 2.0249
[Tracker] Ep 1244 | AvgR 0.0005 | Global 0.9258 | Local 0.1192 | F1_macro 0.6427 | WorstLoss 2.1522
[Tracker] Ep 1245 | AvgR 0.0005 | Global 0.9564 | Local 0.1192 | F1_macro 0.6539 | WorstLoss 1.9905
[Tracker] Saved snapshot: ep1245_phase1_class1
[Tracker] Ep 1246 | AvgR 0.0005 | Global 0.9449 | Local 0.1192 | F1_macro 0.6569 | WorstLoss 2.0729
[Tracker] Ep 1247 | AvgR 0.0005 | Global 0.9490 | Local 0.1192 | F1_macro 0.6643 | WorstLoss 2.0451
[Tracker] Ep 1248 | AvgR 0.0005 | Global 0.9628 | Local 0.1192 | F1_macro 0.6472 | WorstLoss 1.9358
[Tracker] Ep 1249 | AvgR 0.0005 | Global 0.9112 | Local 0.1192 | F1_macro 0.6460 | WorstLoss 2.2437
[Tracker] Ep 1250 | AvgR 0.0005 | Global 0.9710 | Local 0.1192 | F1_macro 0.6500 | WorstLoss 1.8495
[Tracker] Saved snapshot: ep1250_phase1_class1
[Tracker] Ep 1251 | AvgR 0.0005 | Global 0.9468 | Local 0.1192 | F1_macro 0.6422 | WorstLoss 2.0602
[Tracker] Ep 1252 | AvgR 0.0005 | Global 0.9499 | Local 0.1192 | F1_macro 0.6502 | WorstLoss 2.0389
[Tracker] Ep 1253 | AvgR 0.0005 | Global 0.9378 | Local 0.1192 | F1_macro 0.6582 | WorstLoss 2.1156
[Tracker] Ep 1254 | AvgR 0.0005 | Global 0.9376 | Local 0.1192 | F1_macro 0.6594 | WorstLoss 2.1166
[Tracker] Ep 1255 | AvgR 0.0005 | Global 0.9582 | Local 0.1192 | F1_macro 0.6577 | WorstLoss 1.9763
[Tracker] Saved snapshot: ep1255_phase1_class1
[Tracker] Ep 1256 | AvgR 0.0005 | Global 0.9542 | Local 0.1192 | F1_macro 0.6554 | WorstLoss 2.0081
[Tracker] Ep 1257 | AvgR 0.0005 | Global 0.9412 | Local 0.1192 | F1_macro 0.6635 | WorstLoss 2.0954
[Tracker] Ep 1258 | AvgR 0.0005 | Global 0.9848 | Local 0.1192 | F1_macro 0.6594 | WorstLoss 1.6293
[Tracker] New BEST synthetic [phase1_class1] (by global.global_obj: 0.984813) saved.
[Tracker] BEST β weights [phase1_class1] saved -> training_runs/SPECcompas_v18k3_ep3000_gpu1_EP3000_PCA10_REWfairness_minID0_majID1_TRJ2000_REAL3000_BIAS0.05_GG202604111115_d5681707/seed_3/best_beta_state_dict_phase1_class1.pt
[Tracker] Ep 1259 | AvgR 0.0005 | Global 0.9311 | Local 0.1192 | F1_macro 0.6530 | WorstLoss 2.1522
[Tracker] Ep 1260 | AvgR 0.0005 | Global 0.9634 | Local 0.1192 | F1_macro 0.6528 | WorstLoss 1.9295
[Tracker] Saved snapshot: ep1260_phase1_class1
[Tracker] Ep 1261 | AvgR 0.0005 | Global 0.9420 | Local 0.1192 | F1_macro 0.6702 | WorstLoss 2.0910
[Tracker] Ep 1262 | AvgR 0.0005 | Global 0.9771 | Local 0.1192 | F1_macro 0.6636 | WorstLoss 1.7682
[Tracker] Ep 1263 | AvgR 0.0005 | Global 0.9619 | Local 0.1192 | F1_macro 0.6604 | WorstLoss 1.9436
[Tracker] Ep 1264 | AvgR 0.0005 | Global 0.9663 | Local 0.1192 | F1_macro 0.6457 | WorstLoss 1.9013
[Tracker] Ep 1265 | AvgR 0.0005 | Global 0.9778 | Local 0.1192 | F1_macro 0.6497 | WorstLoss 1.7181
[Tracker] Saved snapshot: ep1265_phase1_class1
[Tracker] Ep 1266 | AvgR 0.0005 | Global 0.9447 | Local 0.1192 | F1_macro 0.6524 | WorstLoss 2.0738
[Tracker] Ep 1267 | AvgR 0.0005 | Global 0.9730 | Local 0.1192 | F1_macro 0.6535 | WorstLoss 1.8249
[Tracker] Ep 1268 | AvgR 0.0005 | Global 0.9679 | Local 0.1192 | F1_macro 0.6634 | WorstLoss 1.8840
[Tracker] Ep 1269 | AvgR 0.0005 | Global 0.9619 | Local 0.1192 | F1_macro 0.6447 | WorstLoss 1.9437
[Tracker] Ep 1270 | AvgR 0.0005 | Global 0.9540 | Local 0.1192 | F1_macro 0.6431 | WorstLoss 2.0090
[Tracker] Saved snapshot: ep1270_phase1_class1
[Tracker] Ep 1271 | AvgR 0.0005 | Global 0.9587 | Local 0.1192 | F1_macro 0.6653 | WorstLoss 1.9713
[Tracker] Ep 1272 | AvgR 0.0005 | Global 0.9664 | Local 0.1192 | F1_macro 0.6612 | WorstLoss 1.9006
[Tracker] Ep 1273 | AvgR 0.0005 | Global 0.9502 | Local 0.1192 | F1_macro 0.6506 | WorstLoss 2.0369
[Tracker] Ep 1274 | AvgR 0.0005 | Global 0.9481 | Local 0.1192 | F1_macro 0.6552 | WorstLoss 2.0516
[Tracker] Ep 1275 | AvgR 0.0005 | Global 0.9781 | Local 0.1192 | F1_macro 0.6526 | WorstLoss 1.7532
[Tracker] Saved snapshot: ep1275_phase1_class1
[Tracker] Ep 1276 | AvgR 0.0005 | Global 0.9615 | Local 0.1192 | F1_macro 0.6615 | WorstLoss 1.9469
[Tracker] Ep 1277 | AvgR 0.0005 | Global 0.9559 | Local 0.1192 | F1_macro 0.6442 | WorstLoss 1.9946
[Tracker] Ep 1278 | AvgR 0.0005 | Global 0.9495 | Local 0.1192 | F1_macro 0.6690 | WorstLoss 2.0422
[Tracker] Ep 1279 | AvgR 0.0005 | Global 0.9837 | Local 0.1192 | F1_macro 0.6661 | WorstLoss 1.6540
[Tracker] Ep 1280 | AvgR 0.0005 | Global 0.9578 | Local 0.1192 | F1_macro 0.6602 | WorstLoss 1.9790
[Tracker] Saved snapshot: ep1280_phase1_class1
[Tracker] Ep 1281 | AvgR 0.0005 | Global 0.9644 | Local 0.1192 | F1_macro 0.6667 | WorstLoss 1.9204
[Tracker] Ep 1282 | AvgR 0.0005 | Global 0.9586 | Local 0.1192 | F1_macro 0.6587 | WorstLoss 1.9724
[Tracker] Ep 1283 | AvgR 0.0005 | Global 0.9648 | Local 0.1192 | F1_macro 0.6541 | WorstLoss 1.9161
[Tracker] Ep 1284 | AvgR 0.0005 | Global 0.9601 | Local 0.1192 | F1_macro 0.6711 | WorstLoss 1.9597
[Tracker] Ep 1285 | AvgR 0.0005 | Global 0.9459 | Local 0.1192 | F1_macro 0.6498 | WorstLoss 2.0660
[Tracker] Saved snapshot: ep1285_phase1_class1
[Tracker] Ep 1286 | AvgR 0.0005 | Global 0.9493 | Local 0.1192 | F1_macro 0.6516 | WorstLoss 2.0437
[Tracker] Ep 1287 | AvgR 0.0005 | Global 0.9730 | Local 0.1192 | F1_macro 0.6496 | WorstLoss 1.8249
[Tracker] Ep 1288 | AvgR 0.0005 | Global 0.9520 | Local 0.1192 | F1_macro 0.6497 | WorstLoss 2.0243
[Tracker] Ep 1289 | AvgR 0.0005 | Global 0.9475 | Local 0.1192 | F1_macro 0.6578 | WorstLoss 2.0556
[Tracker] Ep 1290 | AvgR 0.0005 | Global 0.9431 | Local 0.1192 | F1_macro 0.6514 | WorstLoss 2.0837
[Tracker] Saved snapshot: ep1290_phase1_class1
[Tracker] Ep 1291 | AvgR 0.0005 | Global 0.9621 | Local 0.1192 | F1_macro 0.6645 | WorstLoss 1.9415
[Tracker] Ep 1292 | AvgR 0.0005 | Global 0.9644 | Local 0.1192 | F1_macro 0.6472 | WorstLoss 1.9197
[Tracker] Ep 1293 | AvgR 0.0005 | Global 0.9267 | Local 0.1192 | F1_macro 0.6478 | WorstLoss 2.1743
[Tracker] Ep 1294 | AvgR 0.0005 | Global 0.9616 | Local 0.1192 | F1_macro 0.6524 | WorstLoss 1.9461
[Tracker] Ep 1295 | AvgR 0.0005 | Global 0.9823 | Local 0.1192 | F1_macro 0.6573 | WorstLoss 1.6808
[Tracker] Saved snapshot: ep1295_phase1_class1
[Tracker] Ep 1296 | AvgR 0.0005 | Global 0.9753 | Local 0.1192 | F1_macro 0.6566 | WorstLoss 1.7950
[Tracker] Ep 1297 | AvgR 0.0005 | Global 0.9826 | Local 0.1192 | F1_macro 0.6594 | WorstLoss 1.6746
[Tracker] Ep 1298 | AvgR 0.0005 | Global 0.9792 | Local 0.1192 | F1_macro 0.6683 | WorstLoss 1.7359
[Tracker] Ep 1299 | AvgR 0.0005 | Global 0.9577 | Local 0.1192 | F1_macro 0.6504 | WorstLoss 1.9800
[Tracker] Ep 1300 | AvgR 0.0005 | Global 0.9476 | Local 0.1192 | F1_macro 0.6478 | WorstLoss 1.9073
[Tracker] Saved snapshot: ep1300_phase1_class1
[Tracker] Ep 1301 | AvgR 0.0005 | Global 0.9716 | Local 0.1192 | F1_macro 0.6567 | WorstLoss 1.8422
[Tracker] Ep 1302 | AvgR 0.0005 | Global 0.9662 | Local 0.1192 | F1_macro 0.6645 | WorstLoss 1.9019
[Tracker] Ep 1303 | AvgR 0.0005 | Global 0.9738 | Local 0.1192 | F1_macro 0.6576 | WorstLoss 1.8145
[Tracker] Ep 1304 | AvgR 0.0005 | Global 0.9730 | Local 0.1192 | F1_macro 0.6614 | WorstLoss 1.8252
[Tracker] Ep 1305 | AvgR 0.0005 | Global 0.9607 | Local 0.1192 | F1_macro 0.6675 | WorstLoss 1.9541
[Tracker] Saved snapshot: ep1305_phase1_class1
[Tracker] Ep 1306 | AvgR 0.0005 | Global 0.9656 | Local 0.1192 | F1_macro 0.6571 | WorstLoss 1.9081
[Tracker] Ep 1307 | AvgR 0.0005 | Global 0.9223 | Local 0.1192 | F1_macro 0.6413 | WorstLoss 2.1954
[Tracker] Ep 1308 | AvgR 0.0005 | Global 0.9633 | Local 0.1192 | F1_macro 0.6514 | WorstLoss 1.7814
[Tracker] Ep 1309 | AvgR 0.0005 | Global 0.9657 | Local 0.1192 | F1_macro 0.6629 | WorstLoss 1.9077
[Tracker] Ep 1310 | AvgR 0.0005 | Global 0.9708 | Local 0.1192 | F1_macro 0.6509 | WorstLoss 1.8517
[Tracker] Saved snapshot: ep1310_phase1_class1
[Tracker] Ep 1311 | AvgR 0.0005 | Global 0.9505 | Local 0.1192 | F1_macro 0.6490 | WorstLoss 2.0346
[Tracker] Ep 1312 | AvgR 0.0005 | Global 0.9619 | Local 0.1192 | F1_macro 0.6608 | WorstLoss 1.9433
[Tracker] Ep 1313 | AvgR 0.0005 | Global 0.9554 | Local 0.1192 | F1_macro 0.6625 | WorstLoss 1.9983
[Tracker] Ep 1314 | AvgR 0.0005 | Global 0.9465 | Local 0.1192 | F1_macro 0.6552 | WorstLoss 2.0624
[Tracker] Ep 1315 | AvgR 0.0005 | Global 0.9307 | Local 0.1192 | F1_macro 0.6431 | WorstLoss 2.1542
[Tracker] Saved snapshot: ep1315_phase1_class1
[Tracker] Ep 1316 | AvgR 0.0005 | Global 0.9740 | Local 0.1192 | F1_macro 0.6656 | WorstLoss 1.8123
[Tracker] Ep 1317 | AvgR 0.0005 | Global 0.9665 | Local 0.1192 | F1_macro 0.6714 | WorstLoss 1.8997
[Tracker] Ep 1318 | AvgR 0.0005 | Global 0.9676 | Local 0.1192 | F1_macro 0.6668 | WorstLoss 1.8879
[Tracker] Ep 1319 | AvgR 0.0005 | Global 0.9667 | Local 0.1192 | F1_macro 0.6523 | WorstLoss 1.8975
[Tracker] Ep 1320 | AvgR 0.0005 | Global 0.9589 | Local 0.1192 | F1_macro 0.6566 | WorstLoss 1.9699
[Tracker] Saved snapshot: ep1320_phase1_class1
[Tracker] Ep 1321 | AvgR 0.0005 | Global 0.9567 | Local 0.1192 | F1_macro 0.6532 | WorstLoss 1.9878
[Tracker] Ep 1322 | AvgR 0.0005 | Global 0.9708 | Local 0.1192 | F1_macro 0.6504 | WorstLoss 1.8522
[Tracker] Ep 1323 | AvgR 0.0005 | Global 0.9597 | Local 0.1192 | F1_macro 0.6702 | WorstLoss 1.9636
[Tracker] Ep 1324 | AvgR 0.0005 | Global 0.9734 | Local 0.1192 | F1_macro 0.6497 | WorstLoss 1.8202
[Tracker] Ep 1325 | AvgR 0.0005 | Global 0.9361 | Local 0.1192 | F1_macro 0.6475 | WorstLoss 2.1049
[Tracker] Saved snapshot: ep1325_phase1_class1
[Tracker] Ep 1326 | AvgR 0.0005 | Global 0.9577 | Local 0.1192 | F1_macro 0.6549 | WorstLoss 1.9803
[Tracker] Ep 1327 | AvgR 0.0005 | Global 0.9809 | Local 0.1192 | F1_macro 0.6608 | WorstLoss 1.7073
[Tracker] Ep 1328 | AvgR 0.0005 | Global 0.9310 | Local 0.1192 | F1_macro 0.6456 | WorstLoss 2.1422
[Tracker] Ep 1329 | AvgR 0.0005 | Global 0.9710 | Local 0.1192 | F1_macro 0.6621 | WorstLoss 1.8501
[Tracker] Ep 1330 | AvgR 0.0005 | Global 0.9653 | Local 0.1192 | F1_macro 0.6516 | WorstLoss 1.9114
[Tracker] Saved snapshot: ep1330_phase1_class1
[Tracker] Ep 1331 | AvgR 0.0005 | Global 0.9492 | Local 0.1192 | F1_macro 0.6561 | WorstLoss 2.0438
[Tracker] Ep 1332 | AvgR 0.0005 | Global 0.9584 | Local 0.1192 | F1_macro 0.6376 | WorstLoss 1.9741
[Tracker] Ep 1333 | AvgR 0.0005 | Global 0.9805 | Local 0.1192 | F1_macro 0.6614 | WorstLoss 1.7143
[Tracker] Ep 1334 | AvgR 0.0005 | Global 0.9481 | Local 0.1192 | F1_macro 0.6481 | WorstLoss 2.0515
[Tracker] Ep 1335 | AvgR 0.0005 | Global 0.9322 | Local 0.1192 | F1_macro 0.6561 | WorstLoss 2.1461
[Tracker] Saved snapshot: ep1335_phase1_class1
[Tracker] Ep 1336 | AvgR 0.0005 | Global 0.9510 | Local 0.1192 | F1_macro 0.6550 | WorstLoss 2.0314
[Tracker] Ep 1337 | AvgR 0.0005 | Global 0.9572 | Local 0.1192 | F1_macro 0.6451 | WorstLoss 1.9844
[Tracker] Ep 1338 | AvgR 0.0005 | Global 0.9264 | Local 0.1192 | F1_macro 0.6469 | WorstLoss 2.1759
[Tracker] Ep 1339 | AvgR 0.0005 | Global 0.9658 | Local 0.1192 | F1_macro 0.6617 | WorstLoss 1.9066
[Tracker] Ep 1340 | AvgR 0.0005 | Global 0.9778 | Local 0.1192 | F1_macro 0.6570 | WorstLoss 1.7581
[Tracker] Saved snapshot: ep1340_phase1_class1
[Tracker] Ep 1341 | AvgR 0.0005 | Global 0.9444 | Local 0.1192 | F1_macro 0.6501 | WorstLoss 2.0758
[Tracker] Ep 1342 | AvgR 0.0005 | Global 0.9676 | Local 0.1192 | F1_macro 0.6655 | WorstLoss 1.8874
[Tracker] Ep 1343 | AvgR 0.0005 | Global 0.9573 | Local 0.1192 | F1_macro 0.6554 | WorstLoss 1.9834
[Tracker] Ep 1344 | AvgR 0.0005 | Global 0.9592 | Local 0.1192 | F1_macro 0.6513 | WorstLoss 1.9673
[Tracker] Ep 1345 | AvgR 0.0005 | Global 0.9700 | Local 0.1192 | F1_macro 0.6493 | WorstLoss 1.8607
[Tracker] Saved snapshot: ep1345_phase1_class1
[Tracker] Ep 1346 | AvgR 0.0005 | Global 0.9597 | Local 0.1192 | F1_macro 0.6597 | WorstLoss 1.9630
[Tracker] Ep 1347 | AvgR 0.0005 | Global 0.9533 | Local 0.1192 | F1_macro 0.6622 | WorstLoss 2.0143
[Tracker] Ep 1348 | AvgR 0.0005 | Global 0.9452 | Local 0.1192 | F1_macro 0.6470 | WorstLoss 2.0705
[Tracker] Ep 1349 | AvgR 0.0005 | Global 0.9622 | Local 0.1192 | F1_macro 0.6568 | WorstLoss 1.9406
[Tracker] Ep 1350 | AvgR 0.0005 | Global 0.9488 | Local 0.1192 | F1_macro 0.6608 | WorstLoss 2.0467
[Tracker] Saved snapshot: ep1350_phase1_class1
[Tracker] Ep 1351 | AvgR 0.0005 | Global 0.9684 | Local 0.1192 | F1_macro 0.6560 | WorstLoss 1.8788
[Tracker] Ep 1352 | AvgR 0.0005 | Global 0.9652 | Local 0.1192 | F1_macro 0.6670 | WorstLoss 1.9128
[Tracker] Ep 1353 | AvgR 0.0005 | Global 0.9705 | Local 0.1192 | F1_macro 0.6509 | WorstLoss 1.8557
[Tracker] Ep 1354 | AvgR 0.0005 | Global 0.9434 | Local 0.1192 | F1_macro 0.6404 | WorstLoss 2.0820
[Tracker] Ep 1355 | AvgR 0.0005 | Global 0.9658 | Local 0.1192 | F1_macro 0.6438 | WorstLoss 1.9064
[Tracker] Saved snapshot: ep1355_phase1_class1
[Tracker] Ep 1356 | AvgR 0.0005 | Global 0.9669 | Local 0.1192 | F1_macro 0.6465 | WorstLoss 1.8953
[Tracker] Ep 1357 | AvgR 0.0005 | Global 0.9509 | Local 0.1192 | F1_macro 0.6498 | WorstLoss 2.0318
[Tracker] Ep 1358 | AvgR 0.0005 | Global 0.9328 | Local 0.1192 | F1_macro 0.6648 | WorstLoss 2.1429
[Tracker] Ep 1359 | AvgR 0.0005 | Global 0.9610 | Local 0.1192 | F1_macro 0.6555 | WorstLoss 1.9516
[Tracker] Ep 1360 | AvgR 0.0005 | Global 0.9643 | Local 0.1192 | F1_macro 0.6505 | WorstLoss 1.9143
[Tracker] Saved snapshot: ep1360_phase1_class1
[Tracker] Ep 1361 | AvgR 0.0005 | Global 0.9721 | Local 0.1192 | F1_macro 0.6602 | WorstLoss 1.8363
[Tracker] Ep 1362 | AvgR 0.0005 | Global 0.9651 | Local 0.1192 | F1_macro 0.6547 | WorstLoss 1.9131
[Tracker] Ep 1363 | AvgR 0.0005 | Global 0.9759 | Local 0.1192 | F1_macro 0.6590 | WorstLoss 1.7857
[Tracker] Ep 1364 | AvgR 0.0005 | Global 0.9454 | Local 0.1192 | F1_macro 0.6527 | WorstLoss 2.0695
[Tracker] Ep 1365 | AvgR 0.0005 | Global 0.9797 | Local 0.1192 | F1_macro 0.6562 | WorstLoss 1.7275
[Tracker] Saved snapshot: ep1365_phase1_class1
[Tracker] Ep 1366 | AvgR 0.0005 | Global 0.9565 | Local 0.1192 | F1_macro 0.6619 | WorstLoss 1.9899
[Tracker] Ep 1367 | AvgR 0.0005 | Global 0.9682 | Local 0.1192 | F1_macro 0.6536 | WorstLoss 1.8816
[Tracker] Ep 1368 | AvgR 0.0005 | Global 0.9711 | Local 0.1192 | F1_macro 0.6673 | WorstLoss 1.8489
[Tracker] Ep 1369 | AvgR 0.0005 | Global 0.9529 | Local 0.1192 | F1_macro 0.6508 | WorstLoss 2.0178
[Tracker] Ep 1370 | AvgR 0.0005 | Global 0.9694 | Local 0.1192 | F1_macro 0.6647 | WorstLoss 1.8684
[Tracker] Saved snapshot: ep1370_phase1_class1
[Tracker] Ep 1371 | AvgR 0.0005 | Global 0.9613 | Local 0.1192 | F1_macro 0.6614 | WorstLoss 1.9493
[Tracker] Ep 1372 | AvgR 0.0005 | Global 0.9712 | Local 0.1192 | F1_macro 0.6571 | WorstLoss 1.8472
[Tracker] Ep 1373 | AvgR 0.0005 | Global 0.9493 | Local 0.1192 | F1_macro 0.6613 | WorstLoss 2.0433
[Tracker] Ep 1374 | AvgR 0.0005 | Global 0.9597 | Local 0.1192 | F1_macro 0.6563 | WorstLoss 1.9631
[Tracker] Ep 1375 | AvgR 0.0005 | Global 0.9612 | Local 0.1192 | F1_macro 0.6546 | WorstLoss 1.9504
[Tracker] Saved snapshot: ep1375_phase1_class1
[Tracker] Ep 1376 | AvgR 0.0005 | Global 0.9345 | Local 0.1192 | F1_macro 0.6512 | WorstLoss 2.0844
[Tracker] Ep 1377 | AvgR 0.0005 | Global 0.9796 | Local 0.1192 | F1_macro 0.6569 | WorstLoss 1.7289
[Tracker] Ep 1378 | AvgR 0.0005 | Global 0.9418 | Local 0.1192 | F1_macro 0.6580 | WorstLoss 2.0922
[Tracker] Ep 1379 | AvgR 0.0005 | Global 0.9599 | Local 0.1192 | F1_macro 0.6531 | WorstLoss 1.9618
[Tracker] Ep 1380 | AvgR 0.0005 | Global 0.9718 | Local 0.1192 | F1_macro 0.6520 | WorstLoss 1.8395
[Tracker] Saved snapshot: ep1380_phase1_class1
[Tracker] Ep 1381 | AvgR 0.0005 | Global 0.9518 | Local 0.1192 | F1_macro 0.6529 | WorstLoss 2.0259
[Tracker] Ep 1382 | AvgR 0.0005 | Global 0.9665 | Local 0.1192 | F1_macro 0.6577 | WorstLoss 1.8995
[Tracker] Ep 1383 | AvgR 0.0005 | Global 0.9217 | Local 0.1192 | F1_macro 0.6436 | WorstLoss 2.1982
[Tracker] Ep 1384 | AvgR 0.0005 | Global 0.9575 | Local 0.1192 | F1_macro 0.6569 | WorstLoss 1.9820
[Tracker] Ep 1385 | AvgR 0.0005 | Global 0.9576 | Local 0.1192 | F1_macro 0.6484 | WorstLoss 1.9040
[Tracker] Saved snapshot: ep1385_phase1_class1
[Tracker] Ep 1386 | AvgR 0.0005 | Global 0.9700 | Local 0.1192 | F1_macro 0.6572 | WorstLoss 1.8611
[Tracker] Ep 1387 | AvgR 0.0005 | Global 0.9768 | Local 0.1192 | F1_macro 0.6518 | WorstLoss 1.7735
[Tracker] Ep 1388 | AvgR 0.0005 | Global 0.9665 | Local 0.1192 | F1_macro 0.6641 | WorstLoss 1.8995
[Tracker] Ep 1389 | AvgR 0.0005 | Global 0.9582 | Local 0.1192 | F1_macro 0.6668 | WorstLoss 1.9757
[Tracker] Ep 1390 | AvgR 0.0005 | Global 0.9637 | Local 0.1192 | F1_macro 0.6620 | WorstLoss 1.9273
[Tracker] Saved snapshot: ep1390_phase1_class1
[Tracker] Ep 1391 | AvgR 0.0005 | Global 0.9744 | Local 0.1192 | F1_macro 0.6627 | WorstLoss 1.8070
[Tracker] Ep 1392 | AvgR 0.0005 | Global 0.9534 | Local 0.1192 | F1_macro 0.6518 | WorstLoss 2.0136
[Tracker] Ep 1393 | AvgR 0.0005 | Global 0.9483 | Local 0.1192 | F1_macro 0.6556 | WorstLoss 2.0504
[Tracker] Ep 1394 | AvgR 0.0005 | Global 0.9475 | Local 0.1192 | F1_macro 0.6604 | WorstLoss 2.0555
[Tracker] Ep 1395 | AvgR 0.0005 | Global 0.9269 | Local 0.1192 | F1_macro 0.6539 | WorstLoss 2.1734
[Tracker] Saved snapshot: ep1395_phase1_class1
[Tracker] Ep 1396 | AvgR 0.0005 | Global 0.9424 | Local 0.1192 | F1_macro 0.6543 | WorstLoss 2.0884
[Tracker] Ep 1397 | AvgR 0.0005 | Global 0.9669 | Local 0.1192 | F1_macro 0.6603 | WorstLoss 1.8949
[Tracker] Ep 1398 | AvgR 0.0005 | Global 0.9670 | Local 0.1192 | F1_macro 0.6453 | WorstLoss 1.8202
[Tracker] Ep 1399 | AvgR 0.0005 | Global 0.9604 | Local 0.1192 | F1_macro 0.6619 | WorstLoss 1.9573
[Tracker] Ep 1400 | AvgR 0.0005 | Global 0.9704 | Local 0.1192 | F1_macro 0.6569 | WorstLoss 1.8563
[Tracker] Saved snapshot: ep1400_phase1_class1
[Tracker] Ep 1401 | AvgR 0.0005 | Global 0.9740 | Local 0.1192 | F1_macro 0.6535 | WorstLoss 1.8118
[Tracker] Ep 1402 | AvgR 0.0005 | Global 0.9459 | Local 0.1192 | F1_macro 0.6532 | WorstLoss 2.0659
[Tracker] Ep 1403 | AvgR 0.0005 | Global 0.9655 | Local 0.1192 | F1_macro 0.6685 | WorstLoss 1.9090
[Tracker] Ep 1404 | AvgR 0.0005 | Global 0.9583 | Local 0.1192 | F1_macro 0.6549 | WorstLoss 1.9750
[Tracker] Ep 1405 | AvgR 0.0005 | Global 0.9511 | Local 0.1192 | F1_macro 0.6526 | WorstLoss 2.0305
[Tracker] Saved snapshot: ep1405_phase1_class1
[Tracker] Ep 1406 | AvgR 0.0005 | Global 0.9433 | Local 0.1192 | F1_macro 0.6456 | WorstLoss 2.0677
[Tracker] Ep 1407 | AvgR 0.0005 | Global 0.9719 | Local 0.1192 | F1_macro 0.6528 | WorstLoss 1.8385
[Tracker] Ep 1408 | AvgR 0.0005 | Global 0.9550 | Local 0.1192 | F1_macro 0.6593 | WorstLoss 2.0013
[Tracker] Ep 1409 | AvgR 0.0005 | Global 0.9460 | Local 0.1192 | F1_macro 0.6470 | WorstLoss 2.0652
[Tracker] Ep 1410 | AvgR 0.0005 | Global 0.9626 | Local 0.1192 | F1_macro 0.6618 | WorstLoss 1.9377
[Tracker] Saved snapshot: ep1410_phase1_class1
[Tracker] Ep 1411 | AvgR 0.0005 | Global 0.9667 | Local 0.1192 | F1_macro 0.6603 | WorstLoss 1.8971
[Tracker] Ep 1412 | AvgR 0.0005 | Global 0.9552 | Local 0.1192 | F1_macro 0.6604 | WorstLoss 1.9999
[Tracker] Ep 1413 | AvgR 0.0005 | Global 0.9773 | Local 0.1192 | F1_macro 0.6513 | WorstLoss 1.7663
[Tracker] Ep 1414 | AvgR 0.0005 | Global 0.9678 | Local 0.1192 | F1_macro 0.6593 | WorstLoss 1.8857
[Tracker] Ep 1415 | AvgR 0.0005 | Global 0.9655 | Local 0.1192 | F1_macro 0.6578 | WorstLoss 1.9097
[Tracker] Saved snapshot: ep1415_phase1_class1
[Tracker] Ep 1416 | AvgR 0.0005 | Global 0.9328 | Local 0.1192 | F1_macro 0.6470 | WorstLoss 2.1429
[Tracker] Ep 1417 | AvgR 0.0005 | Global 0.9695 | Local 0.1192 | F1_macro 0.6589 | WorstLoss 1.8669
[Tracker] Ep 1418 | AvgR 0.0005 | Global 0.9522 | Local 0.1192 | F1_macro 0.6495 | WorstLoss 2.0229
[Tracker] Ep 1419 | AvgR 0.0005 | Global 0.9447 | Local 0.1192 | F1_macro 0.6621 | WorstLoss 2.0741
[Tracker] Ep 1420 | AvgR 0.0005 | Global 0.9709 | Local 0.1192 | F1_macro 0.6500 | WorstLoss 1.8512
[Tracker] Saved snapshot: ep1420_phase1_class1
[Tracker] Ep 1421 | AvgR 0.0005 | Global 0.9473 | Local 0.1192 | F1_macro 0.6608 | WorstLoss 2.0572
[Tracker] Ep 1422 | AvgR 0.0005 | Global 0.9763 | Local 0.1192 | F1_macro 0.6513 | WorstLoss 1.7805
[Tracker] Ep 1423 | AvgR 0.0005 | Global 0.9730 | Local 0.1192 | F1_macro 0.6578 | WorstLoss 1.8256
[Tracker] Ep 1424 | AvgR 0.0005 | Global 0.9649 | Local 0.1192 | F1_macro 0.6499 | WorstLoss 1.9152
[Tracker] Ep 1425 | AvgR 0.0005 | Global 0.9307 | Local 0.1192 | F1_macro 0.6448 | WorstLoss 2.1223
[Tracker] Saved snapshot: ep1425_phase1_class1
[Tracker] Ep 1426 | AvgR 0.0005 | Global 0.9707 | Local 0.1192 | F1_macro 0.6620 | WorstLoss 1.8529
[Tracker] Ep 1427 | AvgR 0.0005 | Global 0.9775 | Local 0.1192 | F1_macro 0.6527 | WorstLoss 1.7634
[Tracker] Ep 1428 | AvgR 0.0005 | Global 0.9671 | Local 0.1192 | F1_macro 0.6539 | WorstLoss 1.8926
[Tracker] Ep 1429 | AvgR 0.0005 | Global 0.9694 | Local 0.1192 | F1_macro 0.6494 | WorstLoss 1.8684
[Tracker] Ep 1430 | AvgR 0.0005 | Global 0.9569 | Local 0.1192 | F1_macro 0.6578 | WorstLoss 1.9862
[Tracker] Saved snapshot: ep1430_phase1_class1
[Tracker] Ep 1431 | AvgR 0.0005 | Global 0.9635 | Local 0.1192 | F1_macro 0.6524 | WorstLoss 1.9291
[Tracker] Ep 1432 | AvgR 0.0005 | Global 0.9523 | Local 0.1192 | F1_macro 0.6532 | WorstLoss 2.0218
[Tracker] Ep 1433 | AvgR 0.0005 | Global 0.9684 | Local 0.1192 | F1_macro 0.6675 | WorstLoss 1.8790
[Tracker] Ep 1434 | AvgR 0.0005 | Global 0.9815 | Local 0.1192 | F1_macro 0.6627 | WorstLoss 1.6968
[Tracker] Ep 1435 | AvgR 0.0005 | Global 0.9541 | Local 0.1192 | F1_macro 0.6620 | WorstLoss 2.0084
[Tracker] Saved snapshot: ep1435_phase1_class1
[Tracker] Ep 1436 | AvgR 0.0005 | Global 0.9726 | Local 0.1192 | F1_macro 0.6634 | WorstLoss 1.8296
[Tracker] Ep 1437 | AvgR 0.0005 | Global 0.9772 | Local 0.1192 | F1_macro 0.6606 | WorstLoss 1.7677
[Tracker] Ep 1438 | AvgR 0.0005 | Global 0.9754 | Local 0.1192 | F1_macro 0.6612 | WorstLoss 1.7929
[Tracker] Ep 1439 | AvgR 0.0005 | Global 0.9712 | Local 0.1192 | F1_macro 0.6563 | WorstLoss 1.8472
[Tracker] Ep 1440 | AvgR 0.0005 | Global 0.9576 | Local 0.1192 | F1_macro 0.6560 | WorstLoss 1.9810
[Tracker] Saved snapshot: ep1440_phase1_class1
[Tracker] Ep 1441 | AvgR 0.0005 | Global 0.9806 | Local 0.1192 | F1_macro 0.6507 | WorstLoss 1.7131
[Tracker] Ep 1442 | AvgR 0.0005 | Global 0.9606 | Local 0.1192 | F1_macro 0.6564 | WorstLoss 1.9556
[Tracker] Ep 1443 | AvgR 0.0005 | Global 0.9694 | Local 0.1192 | F1_macro 0.6575 | WorstLoss 1.8675
[Tracker] Ep 1444 | AvgR 0.0005 | Global 0.9568 | Local 0.1192 | F1_macro 0.6569 | WorstLoss 1.9871
[Tracker] Ep 1445 | AvgR 0.0005 | Global 0.9499 | Local 0.1192 | F1_macro 0.6481 | WorstLoss 2.0388
[Tracker] Saved snapshot: ep1445_phase1_class1
[Tracker] Ep 1446 | AvgR 0.0005 | Global 0.9634 | Local 0.1192 | F1_macro 0.6577 | WorstLoss 1.9296
[Tracker] Ep 1447 | AvgR 0.0005 | Global 0.9648 | Local 0.1192 | F1_macro 0.6559 | WorstLoss 1.9165
[Tracker] Ep 1448 | AvgR 0.0005 | Global 0.9619 | Local 0.1192 | F1_macro 0.6560 | WorstLoss 1.9439
[Tracker] Ep 1449 | AvgR 0.0005 | Global 0.9595 | Local 0.1192 | F1_macro 0.6547 | WorstLoss 1.9647
[Tracker] Ep 1450 | AvgR 0.0005 | Global 0.9583 | Local 0.1192 | F1_macro 0.6512 | WorstLoss 1.9752
[Tracker] Saved snapshot: ep1450_phase1_class1
[Tracker] Ep 1451 | AvgR 0.0005 | Global 0.9597 | Local 0.1192 | F1_macro 0.6554 | WorstLoss 1.9631
[Tracker] Ep 1452 | AvgR 0.0005 | Global 0.9517 | Local 0.1192 | F1_macro 0.6544 | WorstLoss 2.0264
[Tracker] Ep 1453 | AvgR 0.0005 | Global 0.9600 | Local 0.1192 | F1_macro 0.6528 | WorstLoss 1.9606
[Tracker] Ep 1454 | AvgR 0.0005 | Global 0.9705 | Local 0.1192 | F1_macro 0.6542 | WorstLoss 1.8551
[Tracker] Ep 1455 | AvgR 0.0005 | Global 0.9732 | Local 0.1192 | F1_macro 0.6619 | WorstLoss 1.8222
[Tracker] Saved snapshot: ep1455_phase1_class1
[Tracker] Ep 1456 | AvgR 0.0005 | Global 0.9610 | Local 0.1192 | F1_macro 0.6478 | WorstLoss 1.9522
[Tracker] Ep 1457 | AvgR 0.0005 | Global 0.9552 | Local 0.1192 | F1_macro 0.6551 | WorstLoss 1.9783
[Tracker] Ep 1458 | AvgR 0.0005 | Global 0.9631 | Local 0.1192 | F1_macro 0.6508 | WorstLoss 1.9323
[Tracker] Ep 1459 | AvgR 0.0005 | Global 0.9712 | Local 0.1192 | F1_macro 0.6508 | WorstLoss 1.8466
[Tracker] Ep 1460 | AvgR 0.0005 | Global 0.9413 | Local 0.1192 | F1_macro 0.6531 | WorstLoss 2.0947
[Tracker] Saved snapshot: ep1460_phase1_class1
[Tracker] Ep 1461 | AvgR 0.0005 | Global 0.9737 | Local 0.1192 | F1_macro 0.6501 | WorstLoss 1.8157
[Tracker] Ep 1462 | AvgR 0.0005 | Global 0.9767 | Local 0.1192 | F1_macro 0.6552 | WorstLoss 1.7745
[Tracker] Ep 1463 | AvgR 0.0005 | Global 0.9601 | Local 0.1192 | F1_macro 0.6630 | WorstLoss 1.9599
[Tracker] Ep 1464 | AvgR 0.0005 | Global 0.9706 | Local 0.1192 | F1_macro 0.6490 | WorstLoss 1.8548
[Tracker] Ep 1465 | AvgR 0.0005 | Global 0.9705 | Local 0.1192 | F1_macro 0.6617 | WorstLoss 1.8550
[Tracker] Saved snapshot: ep1465_phase1_class1
[Tracker] Ep 1466 | AvgR 0.0005 | Global 0.9727 | Local 0.1192 | F1_macro 0.6523 | WorstLoss 1.8294
[Tracker] Ep 1467 | AvgR 0.0005 | Global 0.9502 | Local 0.1192 | F1_macro 0.6603 | WorstLoss 2.0370
[Tracker] Ep 1468 | AvgR 0.0005 | Global 0.9803 | Local 0.1192 | F1_macro 0.6621 | WorstLoss 1.7178
[Tracker] Ep 1469 | AvgR 0.0005 | Global 0.9588 | Local 0.1192 | F1_macro 0.6425 | WorstLoss 1.9705
[Tracker] Ep 1470 | AvgR 0.0005 | Global 0.9414 | Local 0.1192 | F1_macro 0.6416 | WorstLoss 2.0051
[Tracker] Saved snapshot: ep1470_phase1_class1
[Tracker] Ep 1471 | AvgR 0.0005 | Global 0.9809 | Local 0.1192 | F1_macro 0.6670 | WorstLoss 1.7073
[Tracker] Ep 1472 | AvgR 0.0005 | Global 0.9825 | Local 0.1192 | F1_macro 0.6645 | WorstLoss 1.6783
[Tracker] Ep 1473 | AvgR 0.0005 | Global 0.9686 | Local 0.1192 | F1_macro 0.6485 | WorstLoss 1.8772
[Tracker] Ep 1474 | AvgR 0.0005 | Global 0.9696 | Local 0.1192 | F1_macro 0.6534 | WorstLoss 1.8661
[Tracker] Ep 1475 | AvgR 0.0005 | Global 0.9741 | Local 0.1192 | F1_macro 0.6617 | WorstLoss 1.8114
[Tracker] Saved snapshot: ep1475_phase1_class1
[Tracker] Ep 1476 | AvgR 0.0005 | Global 0.9744 | Local 0.1192 | F1_macro 0.6586 | WorstLoss 1.8068
[Tracker] Ep 1477 | AvgR 0.0005 | Global 0.9635 | Local 0.1192 | F1_macro 0.6558 | WorstLoss 1.9291
[Tracker] Ep 1478 | AvgR 0.0005 | Global 0.9754 | Local 0.1192 | F1_macro 0.6660 | WorstLoss 1.7939
[Tracker] Ep 1479 | AvgR 0.0005 | Global 0.9730 | Local 0.1192 | F1_macro 0.6621 | WorstLoss 1.8247
[Tracker] Ep 1480 | AvgR 0.0005 | Global 0.9562 | Local 0.1192 | F1_macro 0.6504 | WorstLoss 1.9518
[Tracker] Saved snapshot: ep1480_phase1_class1
[Tracker] Ep 1481 | AvgR 0.0005 | Global 0.9402 | Local 0.1192 | F1_macro 0.6524 | WorstLoss 2.1015
[Tracker] Ep 1482 | AvgR 0.0005 | Global 0.9625 | Local 0.1192 | F1_macro 0.6543 | WorstLoss 1.9380
[Tracker] Ep 1483 | AvgR 0.0005 | Global 0.9612 | Local 0.1192 | F1_macro 0.6673 | WorstLoss 1.9502
[Tracker] Ep 1484 | AvgR 0.0005 | Global 0.9690 | Local 0.1192 | F1_macro 0.6766 | WorstLoss 1.8721
[Tracker] Ep 1485 | AvgR 0.0005 | Global 0.9624 | Local 0.1192 | F1_macro 0.6510 | WorstLoss 1.9394
[Tracker] Saved snapshot: ep1485_phase1_class1
[Tracker] Ep 1486 | AvgR 0.0005 | Global 0.9623 | Local 0.1192 | F1_macro 0.6483 | WorstLoss 1.9400
[Tracker] Ep 1487 | AvgR 0.0005 | Global 0.9445 | Local 0.1192 | F1_macro 0.6489 | WorstLoss 2.0658
[Tracker] Ep 1488 | AvgR 0.0005 | Global 0.9647 | Local 0.1192 | F1_macro 0.6549 | WorstLoss 1.9170
[Tracker] Ep 1489 | AvgR 0.0004 | Global 0.8929 | Local 0.1192 | F1_macro 0.6562 | WorstLoss 2.3131
[Tracker] Ep 1490 | AvgR 0.0005 | Global 0.9502 | Local 0.1192 | F1_macro 0.6668 | WorstLoss 2.0374
[Tracker] Saved snapshot: ep1490_phase1_class1
[Tracker] Ep 1491 | AvgR 0.0005 | Global 0.9716 | Local 0.1192 | F1_macro 0.6456 | WorstLoss 1.8425
[Tracker] Ep 1492 | AvgR 0.0005 | Global 0.9724 | Local 0.1192 | F1_macro 0.6498 | WorstLoss 1.8325
[Tracker] Ep 1493 | AvgR 0.0005 | Global 0.9857 | Local 0.1192 | F1_macro 0.6667 | WorstLoss 1.6098
[Tracker] New BEST synthetic [phase1_class1] (by global.global_obj: 0.985664) saved.
[Tracker] BEST β weights [phase1_class1] saved -> training_runs/SPECcompas_v18k3_ep3000_gpu1_EP3000_PCA10_REWfairness_minID0_majID1_TRJ2000_REAL3000_BIAS0.05_GG202604111115_d5681707/seed_3/best_beta_state_dict_phase1_class1.pt
[Tracker] Ep 1494 | AvgR 0.0005 | Global 0.9542 | Local 0.1192 | F1_macro 0.6543 | WorstLoss 2.0076
[Tracker] Ep 1495 | AvgR 0.0005 | Global 0.9690 | Local 0.1192 | F1_macro 0.6427 | WorstLoss 1.8721
[Tracker] Saved snapshot: ep1495_phase1_class1
[Tracker] Ep 1496 | AvgR 0.0005 | Global 0.9592 | Local 0.1192 | F1_macro 0.6313 | WorstLoss 1.9550
[Tracker] Ep 1497 | AvgR 0.0005 | Global 0.9628 | Local 0.1192 | F1_macro 0.6609 | WorstLoss 1.9357
[Tracker] Ep 1498 | AvgR 0.0005 | Global 0.9726 | Local 0.1192 | F1_macro 0.6487 | WorstLoss 1.8302
[Tracker] Ep 1499 | AvgR 0.0005 | Global 0.9852 | Local 0.1192 | F1_macro 0.6517 | WorstLoss 1.6215
[Tracker] Ep 1500 | AvgR 0.0005 | Global 0.9561 | Local 0.1192 | F1_macro 0.6767 | WorstLoss 1.9932
[Tracker] Saved snapshot: ep1500_phase1_class1
[Tracker] Ep 1501 | AvgR 0.0005 | Global 0.9639 | Local 0.1192 | F1_macro 0.6579 | WorstLoss 1.9249
[Tracker] Ep 1502 | AvgR 0.0005 | Global 0.9611 | Local 0.1192 | F1_macro 0.6605 | WorstLoss 1.9334
[Tracker] Ep 1503 | AvgR 0.0005 | Global 0.9776 | Local 0.1192 | F1_macro 0.6553 | WorstLoss 1.7609
[Tracker] Ep 1504 | AvgR 0.0005 | Global 0.9751 | Local 0.1192 | F1_macro 0.6504 | WorstLoss 1.7969
[Tracker] Ep 1505 | AvgR 0.0005 | Global 0.9382 | Local 0.1192 | F1_macro 0.6465 | WorstLoss 2.1132
[Tracker] Saved snapshot: ep1505_phase1_class1
[Tracker] Ep 1506 | AvgR 0.0005 | Global 0.9739 | Local 0.1192 | F1_macro 0.6448 | WorstLoss 1.8134
[Tracker] Ep 1507 | AvgR 0.0005 | Global 0.9797 | Local 0.1192 | F1_macro 0.6507 | WorstLoss 1.7274
[Tracker] Ep 1508 | AvgR 0.0005 | Global 0.9666 | Local 0.1192 | F1_macro 0.6547 | WorstLoss 1.8987
[Tracker] Ep 1509 | AvgR 0.0005 | Global 0.9578 | Local 0.1192 | F1_macro 0.6558 | WorstLoss 1.9790
[Tracker] Ep 1510 | AvgR 0.0005 | Global 0.9698 | Local 0.1192 | F1_macro 0.6627 | WorstLoss 1.8636
[Tracker] Saved snapshot: ep1510_phase1_class1
[Tracker] Ep 1511 | AvgR 0.0005 | Global 0.9725 | Local 0.1192 | F1_macro 0.6546 | WorstLoss 1.8309
[Tracker] Ep 1512 | AvgR 0.0005 | Global 0.9530 | Local 0.1192 | F1_macro 0.6593 | WorstLoss 2.0019
[Tracker] Ep 1513 | AvgR 0.0005 | Global 0.9542 | Local 0.1192 | F1_macro 0.6611 | WorstLoss 2.0079
[Tracker] Ep 1514 | AvgR 0.0005 | Global 0.9675 | Local 0.1192 | F1_macro 0.6572 | WorstLoss 1.8888
[Tracker] Ep 1515 | AvgR 0.0005 | Global 0.9630 | Local 0.1192 | F1_macro 0.6467 | WorstLoss 1.9334
[Tracker] Saved snapshot: ep1515_phase1_class1
[Tracker] Ep 1516 | AvgR 0.0005 | Global 0.9547 | Local 0.1192 | F1_macro 0.6510 | WorstLoss 2.0037
[Tracker] Ep 1517 | AvgR 0.0005 | Global 0.9783 | Local 0.1192 | F1_macro 0.6558 | WorstLoss 1.7500
[Tracker] Ep 1518 | AvgR 0.0005 | Global 0.9571 | Local 0.1192 | F1_macro 0.6620 | WorstLoss 1.9846
[Tracker] Ep 1519 | AvgR 0.0005 | Global 0.9747 | Local 0.1192 | F1_macro 0.6556 | WorstLoss 1.8023
[Tracker] Ep 1520 | AvgR 0.0005 | Global 0.9584 | Local 0.1192 | F1_macro 0.6512 | WorstLoss 1.9740
[Tracker] Saved snapshot: ep1520_phase1_class1
[Tracker] Ep 1521 | AvgR 0.0005 | Global 0.9586 | Local 0.1192 | F1_macro 0.6555 | WorstLoss 1.9569
[Tracker] Ep 1522 | AvgR 0.0005 | Global 0.9502 | Local 0.1192 | F1_macro 0.6470 | WorstLoss 1.9736
[Tracker] Ep 1523 | AvgR 0.0005 | Global 0.9773 | Local 0.1192 | F1_macro 0.6664 | WorstLoss 1.7656
[Tracker] Ep 1524 | AvgR 0.0005 | Global 0.9439 | Local 0.1192 | F1_macro 0.6640 | WorstLoss 2.0792
[Tracker] Ep 1525 | AvgR 0.0005 | Global 0.9672 | Local 0.1192 | F1_macro 0.6521 | WorstLoss 1.8784
[Tracker] Saved snapshot: ep1525_phase1_class1
[Tracker] Ep 1526 | AvgR 0.0005 | Global 0.9763 | Local 0.1192 | F1_macro 0.6616 | WorstLoss 1.7810
[Tracker] Ep 1527 | AvgR 0.0005 | Global 0.9813 | Local 0.1192 | F1_macro 0.6631 | WorstLoss 1.6991
[Tracker] Ep 1528 | AvgR 0.0005 | Global 0.9619 | Local 0.1192 | F1_macro 0.6508 | WorstLoss 1.8908
[Tracker] Ep 1529 | AvgR 0.0005 | Global 0.9754 | Local 0.1192 | F1_macro 0.6605 | WorstLoss 1.7928
[Tracker] Ep 1530 | AvgR 0.0005 | Global 0.9788 | Local 0.1192 | F1_macro 0.6504 | WorstLoss 1.7427
[Tracker] Saved snapshot: ep1530_phase1_class1
[Tracker] Ep 1531 | AvgR 0.0005 | Global 0.9456 | Local 0.1192 | F1_macro 0.6542 | WorstLoss 2.0683
[Tracker] Ep 1532 | AvgR 0.0005 | Global 0.9731 | Local 0.1192 | F1_macro 0.6590 | WorstLoss 1.8244
[Tracker] Ep 1533 | AvgR 0.0005 | Global 0.9564 | Local 0.1192 | F1_macro 0.6552 | WorstLoss 1.9903
[Tracker] Ep 1534 | AvgR 0.0005 | Global 0.9763 | Local 0.1192 | F1_macro 0.6567 | WorstLoss 1.7801
[Tracker] Ep 1535 | AvgR 0.0005 | Global 0.9762 | Local 0.1192 | F1_macro 0.6465 | WorstLoss 1.7820
[Tracker] Saved snapshot: ep1535_phase1_class1
[Tracker] Ep 1536 | AvgR 0.0005 | Global 0.9641 | Local 0.1192 | F1_macro 0.6603 | WorstLoss 1.9236
[Tracker] Ep 1537 | AvgR 0.0005 | Global 0.9767 | Local 0.1192 | F1_macro 0.6608 | WorstLoss 1.7751
[Tracker] Ep 1538 | AvgR 0.0005 | Global 0.9711 | Local 0.1192 | F1_macro 0.6535 | WorstLoss 1.8488
[Tracker] Ep 1539 | AvgR 0.0005 | Global 0.9589 | Local 0.1192 | F1_macro 0.6584 | WorstLoss 1.9699
[Tracker] Ep 1540 | AvgR 0.0005 | Global 0.9770 | Local 0.1192 | F1_macro 0.6570 | WorstLoss 1.7696
[Tracker] Saved snapshot: ep1540_phase1_class1
[Tracker] Ep 1541 | AvgR 0.0005 | Global 0.9807 | Local 0.1192 | F1_macro 0.6591 | WorstLoss 1.7100
[Tracker] Ep 1542 | AvgR 0.0005 | Global 0.9767 | Local 0.1192 | F1_macro 0.6509 | WorstLoss 1.7742
[Tracker] Ep 1543 | AvgR 0.0005 | Global 0.9582 | Local 0.1192 | F1_macro 0.6541 | WorstLoss 1.9663
[Tracker] Ep 1544 | AvgR 0.0005 | Global 0.9548 | Local 0.1192 | F1_macro 0.6558 | WorstLoss 2.0033
[Tracker] Ep 1545 | AvgR 0.0005 | Global 0.9292 | Local 0.1192 | F1_macro 0.6566 | WorstLoss 2.1535
[Tracker] Saved snapshot: ep1545_phase1_class1
[Tracker] Ep 1546 | AvgR 0.0005 | Global 0.9706 | Local 0.1192 | F1_macro 0.6532 | WorstLoss 1.8540
[Tracker] Ep 1547 | AvgR 0.0005 | Global 0.9308 | Local 0.1192 | F1_macro 0.6486 | WorstLoss 2.1240
[Tracker] Ep 1548 | AvgR 0.0005 | Global 0.9387 | Local 0.1192 | F1_macro 0.6636 | WorstLoss 2.1103
[Tracker] Ep 1549 | AvgR 0.0005 | Global 0.9728 | Local 0.1192 | F1_macro 0.6509 | WorstLoss 1.8279
[Tracker] Ep 1550 | AvgR 0.0005 | Global 0.9750 | Local 0.1192 | F1_macro 0.6596 | WorstLoss 1.7990
[Tracker] Saved snapshot: ep1550_phase1_class1
[Tracker] Ep 1551 | AvgR 0.0005 | Global 0.9390 | Local 0.1192 | F1_macro 0.6495 | WorstLoss 2.1085
[Tracker] Ep 1552 | AvgR 0.0005 | Global 0.9577 | Local 0.1192 | F1_macro 0.6475 | WorstLoss 1.9797
[Tracker] Ep 1553 | AvgR 0.0005 | Global 0.9736 | Local 0.1192 | F1_macro 0.6569 | WorstLoss 1.8176
[Tracker] Ep 1554 | AvgR 0.0005 | Global 0.9772 | Local 0.1192 | F1_macro 0.6656 | WorstLoss 1.7680
[Tracker] Ep 1555 | AvgR 0.0005 | Global 0.9575 | Local 0.1192 | F1_macro 0.6506 | WorstLoss 1.9819
[Tracker] Saved snapshot: ep1555_phase1_class1
[Tracker] Ep 1556 | AvgR 0.0005 | Global 0.9759 | Local 0.1192 | F1_macro 0.6511 | WorstLoss 1.7869
[Tracker] Ep 1557 | AvgR 0.0005 | Global 0.9511 | Local 0.1192 | F1_macro 0.6416 | WorstLoss 2.0305
[Tracker] Ep 1558 | AvgR 0.0005 | Global 0.9822 | Local 0.1192 | F1_macro 0.6496 | WorstLoss 1.6531
[Tracker] Ep 1559 | AvgR 0.0005 | Global 0.9749 | Local 0.1192 | F1_macro 0.6595 | WorstLoss 1.7999
[Tracker] Ep 1560 | AvgR 0.0005 | Global 0.9644 | Local 0.1192 | F1_macro 0.6554 | WorstLoss 1.9203
[Tracker] Saved snapshot: ep1560_phase1_class1
[Tracker] Ep 1561 | AvgR 0.0005 | Global 0.9669 | Local 0.1192 | F1_macro 0.6563 | WorstLoss 1.8954
[Tracker] Ep 1562 | AvgR 0.0005 | Global 0.9702 | Local 0.1192 | F1_macro 0.6656 | WorstLoss 1.8585
[Tracker] Ep 1563 | AvgR 0.0005 | Global 0.9717 | Local 0.1192 | F1_macro 0.6607 | WorstLoss 1.8407
[Tracker] Ep 1564 | AvgR 0.0005 | Global 0.9848 | Local 0.1192 | F1_macro 0.6691 | WorstLoss 1.6290
[Tracker] Ep 1565 | AvgR 0.0005 | Global 0.9724 | Local 0.1192 | F1_macro 0.6496 | WorstLoss 1.8324
[Tracker] Saved snapshot: ep1565_phase1_class1
[Tracker] Ep 1566 | AvgR 0.0005 | Global 0.9799 | Local 0.1192 | F1_macro 0.6563 | WorstLoss 1.7239
[Tracker] Ep 1567 | AvgR 0.0005 | Global 0.9772 | Local 0.1192 | F1_macro 0.6580 | WorstLoss 1.7675
[Tracker] Ep 1568 | AvgR 0.0005 | Global 0.9862 | Local 0.1192 | F1_macro 0.6693 | WorstLoss 1.5960
[Tracker] New BEST synthetic [phase1_class1] (by global.global_obj: 0.986236) saved.
[Tracker] BEST β weights [phase1_class1] saved -> training_runs/SPECcompas_v18k3_ep3000_gpu1_EP3000_PCA10_REWfairness_minID0_majID1_TRJ2000_REAL3000_BIAS0.05_GG202604111115_d5681707/seed_3/best_beta_state_dict_phase1_class1.pt
[Tracker] Ep 1569 | AvgR 0.0005 | Global 0.9761 | Local 0.1192 | F1_macro 0.6578 | WorstLoss 1.7841
[Tracker] Ep 1570 | AvgR 0.0005 | Global 0.9572 | Local 0.1192 | F1_macro 0.6548 | WorstLoss 1.9840
[Tracker] Saved snapshot: ep1570_phase1_class1
[Tracker] Ep 1571 | AvgR 0.0005 | Global 0.9799 | Local 0.1192 | F1_macro 0.6559 | WorstLoss 1.7246
[Tracker] Ep 1572 | AvgR 0.0005 | Global 0.9623 | Local 0.1192 | F1_macro 0.6569 | WorstLoss 1.9396
[Tracker] Ep 1573 | AvgR 0.0005 | Global 0.9715 | Local 0.1192 | F1_macro 0.6576 | WorstLoss 1.8435
[Tracker] Ep 1574 | AvgR 0.0005 | Global 0.9821 | Local 0.1192 | F1_macro 0.6467 | WorstLoss 1.6848
[Tracker] Ep 1575 | AvgR 0.0005 | Global 0.9472 | Local 0.1192 | F1_macro 0.6539 | WorstLoss 2.0573
[Tracker] Saved snapshot: ep1575_phase1_class1
[Tracker] Ep 1576 | AvgR 0.0005 | Global 0.9833 | Local 0.1192 | F1_macro 0.6524 | WorstLoss 1.6613
[Tracker] Ep 1577 | AvgR 0.0005 | Global 0.9730 | Local 0.1192 | F1_macro 0.6547 | WorstLoss 1.8245
[Tracker] Ep 1578 | AvgR 0.0005 | Global 0.9554 | Local 0.1192 | F1_macro 0.6484 | WorstLoss 1.9984
[Tracker] Ep 1579 | AvgR 0.0005 | Global 0.9744 | Local 0.1192 | F1_macro 0.6539 | WorstLoss 1.8073
[Tracker] Ep 1580 | AvgR 0.0005 | Global 0.9732 | Local 0.1192 | F1_macro 0.6643 | WorstLoss 1.8231
[Tracker] Saved snapshot: ep1580_phase1_class1
[Tracker] Ep 1581 | AvgR 0.0005 | Global 0.9687 | Local 0.1192 | F1_macro 0.6631 | WorstLoss 1.8759
[Tracker] Ep 1582 | AvgR 0.0005 | Global 0.9667 | Local 0.1192 | F1_macro 0.6422 | WorstLoss 1.8976
[Tracker] Ep 1583 | AvgR 0.0005 | Global 0.9616 | Local 0.1192 | F1_macro 0.6548 | WorstLoss 1.9464
[Tracker] Ep 1584 | AvgR 0.0005 | Global 0.9751 | Local 0.1192 | F1_macro 0.6618 | WorstLoss 1.7971
[Tracker] Ep 1585 | AvgR 0.0005 | Global 0.9657 | Local 0.1192 | F1_macro 0.6633 | WorstLoss 1.8201
[Tracker] Saved snapshot: ep1585_phase1_class1
[Tracker] Ep 1586 | AvgR 0.0005 | Global 0.9818 | Local 0.1192 | F1_macro 0.6565 | WorstLoss 1.6901
[Tracker] Ep 1587 | AvgR 0.0005 | Global 0.9741 | Local 0.1192 | F1_macro 0.6584 | WorstLoss 1.8106
[Tracker] Ep 1588 | AvgR 0.0005 | Global 0.9719 | Local 0.1192 | F1_macro 0.6624 | WorstLoss 1.8392
[Tracker] Ep 1589 | AvgR 0.0005 | Global 0.9642 | Local 0.1192 | F1_macro 0.6463 | WorstLoss 1.9224
[Tracker] Ep 1590 | AvgR 0.0005 | Global 0.9656 | Local 0.1192 | F1_macro 0.6543 | WorstLoss 1.8462
[Tracker] Saved snapshot: ep1590_phase1_class1
[Tracker] Ep 1591 | AvgR 0.0005 | Global 0.9731 | Local 0.1192 | F1_macro 0.6546 | WorstLoss 1.8238
[Tracker] Ep 1592 | AvgR 0.0005 | Global 0.9713 | Local 0.1192 | F1_macro 0.6438 | WorstLoss 1.8459
[Tracker] Ep 1593 | AvgR 0.0005 | Global 0.9541 | Local 0.1192 | F1_macro 0.6583 | WorstLoss 2.0083
[Tracker] Ep 1594 | AvgR 0.0005 | Global 0.9839 | Local 0.1192 | F1_macro 0.6557 | WorstLoss 1.6488
[Tracker] Ep 1595 | AvgR 0.0005 | Global 0.9635 | Local 0.1192 | F1_macro 0.6553 | WorstLoss 1.9287
[Tracker] Saved snapshot: ep1595_phase1_class1
[Tracker] Ep 1596 | AvgR 0.0005 | Global 0.9641 | Local 0.1192 | F1_macro 0.6589 | WorstLoss 1.9226
[Tracker] Ep 1597 | AvgR 0.0005 | Global 0.9618 | Local 0.1192 | F1_macro 0.6528 | WorstLoss 1.9448
[Tracker] Ep 1598 | AvgR 0.0005 | Global 0.9680 | Local 0.1192 | F1_macro 0.6612 | WorstLoss 1.8832
[Tracker] Ep 1599 | AvgR 0.0005 | Global 0.9644 | Local 0.1192 | F1_macro 0.6512 | WorstLoss 1.9204
[Tracker] Ep 1600 | AvgR 0.0005 | Global 0.9337 | Local 0.1192 | F1_macro 0.6606 | WorstLoss 2.1382
[Tracker] Saved snapshot: ep1600_phase1_class1
[Tracker] Ep 1601 | AvgR 0.0005 | Global 0.9662 | Local 0.1192 | F1_macro 0.6644 | WorstLoss 1.9026
[Tracker] Ep 1602 | AvgR 0.0005 | Global 0.9695 | Local 0.1192 | F1_macro 0.6439 | WorstLoss 1.8671
[Tracker] Ep 1603 | AvgR 0.0005 | Global 0.9548 | Local 0.1192 | F1_macro 0.6494 | WorstLoss 1.9868
[Tracker] Ep 1604 | AvgR 0.0005 | Global 0.9875 | Local 0.1192 | F1_macro 0.6563 | WorstLoss 1.5643
[Tracker] New BEST synthetic [phase1_class1] (by global.global_obj: 0.987468) saved.
[Tracker] BEST β weights [phase1_class1] saved -> training_runs/SPECcompas_v18k3_ep3000_gpu1_EP3000_PCA10_REWfairness_minID0_majID1_TRJ2000_REAL3000_BIAS0.05_GG202604111115_d5681707/seed_3/best_beta_state_dict_phase1_class1.pt
[Tracker] Ep 1605 | AvgR 0.0005 | Global 0.9783 | Local 0.1192 | F1_macro 0.6615 | WorstLoss 1.7500
[Tracker] Saved snapshot: ep1605_phase1_class1
[Tracker] Ep 1606 | AvgR 0.0005 | Global 0.9830 | Local 0.1192 | F1_macro 0.6617 | WorstLoss 1.6681
[Tracker] Ep 1607 | AvgR 0.0005 | Global 0.9768 | Local 0.1192 | F1_macro 0.6512 | WorstLoss 1.7731
[Tracker] Ep 1608 | AvgR 0.0005 | Global 0.9434 | Local 0.1192 | F1_macro 0.6544 | WorstLoss 2.0824
[Tracker] Ep 1609 | AvgR 0.0005 | Global 0.9770 | Local 0.1192 | F1_macro 0.6712 | WorstLoss 1.7710
[Tracker] Ep 1610 | AvgR 0.0005 | Global 0.9773 | Local 0.1192 | F1_macro 0.6756 | WorstLoss 1.7651
[Tracker] Saved snapshot: ep1610_phase1_class1
[Tracker] Ep 1611 | AvgR 0.0005 | Global 0.9753 | Local 0.1192 | F1_macro 0.6584 | WorstLoss 1.7941
[Tracker] Ep 1612 | AvgR 0.0005 | Global 0.9581 | Local 0.1192 | F1_macro 0.6531 | WorstLoss 1.9767
[Tracker] Ep 1613 | AvgR 0.0005 | Global 0.9760 | Local 0.1192 | F1_macro 0.6441 | WorstLoss 1.7844
[Tracker] Ep 1614 | AvgR 0.0005 | Global 0.9831 | Local 0.1192 | F1_macro 0.6459 | WorstLoss 1.6650
[Tracker] Ep 1615 | AvgR 0.0005 | Global 0.9708 | Local 0.1192 | F1_macro 0.6674 | WorstLoss 1.8518
[Tracker] Saved snapshot: ep1615_phase1_class1
[Tracker] Ep 1616 | AvgR 0.0005 | Global 0.9713 | Local 0.1192 | F1_macro 0.6671 | WorstLoss 1.8458
[Tracker] Ep 1617 | AvgR 0.0005 | Global 0.9520 | Local 0.1192 | F1_macro 0.6485 | WorstLoss 2.0244
[Tracker] Ep 1618 | AvgR 0.0005 | Global 0.9520 | Local 0.1192 | F1_macro 0.6632 | WorstLoss 2.0245
[Tracker] Ep 1619 | AvgR 0.0005 | Global 0.9847 | Local 0.1192 | F1_macro 0.6579 | WorstLoss 1.6319
[Tracker] Ep 1620 | AvgR 0.0005 | Global 0.9691 | Local 0.1192 | F1_macro 0.6555 | WorstLoss 1.8553
[Tracker] Saved snapshot: ep1620_phase1_class1
[Tracker] Ep 1621 | AvgR 0.0005 | Global 0.9226 | Local 0.1192 | F1_macro 0.6501 | WorstLoss 2.1427
[Tracker] Ep 1622 | AvgR 0.0005 | Global 0.9702 | Local 0.1192 | F1_macro 0.6470 | WorstLoss 1.8586
[Tracker] Ep 1623 | AvgR 0.0005 | Global 0.9463 | Local 0.1192 | F1_macro 0.6515 | WorstLoss 2.0635
[Tracker] Ep 1624 | AvgR 0.0005 | Global 0.9616 | Local 0.1192 | F1_macro 0.6699 | WorstLoss 1.9465
[Tracker] Ep 1625 | AvgR 0.0005 | Global 0.9271 | Local 0.1192 | F1_macro 0.6476 | WorstLoss 2.1471
[Tracker] Saved snapshot: ep1625_phase1_class1
[Tracker] Ep 1626 | AvgR 0.0005 | Global 0.9670 | Local 0.1192 | F1_macro 0.6455 | WorstLoss 1.7731
[Tracker] Ep 1627 | AvgR 0.0005 | Global 0.9743 | Local 0.1192 | F1_macro 0.6544 | WorstLoss 1.8078
[Tracker] Ep 1628 | AvgR 0.0005 | Global 0.9586 | Local 0.1192 | F1_macro 0.6493 | WorstLoss 1.9727
[Tracker] Ep 1629 | AvgR 0.0005 | Global 0.9358 | Local 0.1192 | F1_macro 0.6411 | WorstLoss 2.0938
[Tracker] Ep 1630 | AvgR 0.0005 | Global 0.9572 | Local 0.1192 | F1_macro 0.6462 | WorstLoss 1.9837
[Tracker] Saved snapshot: ep1630_phase1_class1
[Tracker] Ep 1631 | AvgR 0.0005 | Global 0.9589 | Local 0.1192 | F1_macro 0.6547 | WorstLoss 1.9702
[Tracker] Ep 1632 | AvgR 0.0005 | Global 0.9544 | Local 0.1192 | F1_macro 0.6603 | WorstLoss 2.0060
[Tracker] Ep 1633 | AvgR 0.0005 | Global 0.9624 | Local 0.1192 | F1_macro 0.6398 | WorstLoss 1.9389
[Tracker] Ep 1634 | AvgR 0.0005 | Global 0.9612 | Local 0.1192 | F1_macro 0.6488 | WorstLoss 1.9361
[Tracker] Ep 1635 | AvgR 0.0005 | Global 0.9550 | Local 0.1192 | F1_macro 0.6425 | WorstLoss 2.0019
[Tracker] Saved snapshot: ep1635_phase1_class1
[Tracker] Ep 1636 | AvgR 0.0005 | Global 0.9781 | Local 0.1192 | F1_macro 0.6473 | WorstLoss 1.7531
[Tracker] Ep 1637 | AvgR 0.0005 | Global 0.9669 | Local 0.1192 | F1_macro 0.6515 | WorstLoss 1.8953
[Tracker] Ep 1638 | AvgR 0.0005 | Global 0.9789 | Local 0.1192 | F1_macro 0.6556 | WorstLoss 1.7404
[Tracker] Ep 1639 | AvgR 0.0005 | Global 0.9822 | Local 0.1192 | F1_macro 0.6619 | WorstLoss 1.6829
[Tracker] Ep 1640 | AvgR 0.0005 | Global 0.9708 | Local 0.1192 | F1_macro 0.6529 | WorstLoss 1.8520
[Tracker] Saved snapshot: ep1640_phase1_class1
[Tracker] Ep 1641 | AvgR 0.0005 | Global 0.9621 | Local 0.1192 | F1_macro 0.6597 | WorstLoss 1.9422
[Tracker] Ep 1642 | AvgR 0.0005 | Global 0.9837 | Local 0.1192 | F1_macro 0.6586 | WorstLoss 1.6535
[Tracker] Ep 1643 | AvgR 0.0005 | Global 0.9596 | Local 0.1192 | F1_macro 0.6552 | WorstLoss 1.9640
[Tracker] Ep 1644 | AvgR 0.0005 | Global 0.9515 | Local 0.1192 | F1_macro 0.6487 | WorstLoss 2.0160
[Tracker] Ep 1645 | AvgR 0.0005 | Global 0.9684 | Local 0.1192 | F1_macro 0.6513 | WorstLoss 1.8790
[Tracker] Saved snapshot: ep1645_phase1_class1
[Tracker] Ep 1646 | AvgR 0.0005 | Global 0.9682 | Local 0.1192 | F1_macro 0.6532 | WorstLoss 1.8814
[Tracker] Ep 1647 | AvgR 0.0005 | Global 0.9667 | Local 0.1192 | F1_macro 0.6591 | WorstLoss 1.8970
[Tracker] Ep 1648 | AvgR 0.0005 | Global 0.9847 | Local 0.1192 | F1_macro 0.6515 | WorstLoss 1.6324
[Tracker] Ep 1649 | AvgR 0.0005 | Global 0.9778 | Local 0.1192 | F1_macro 0.6580 | WorstLoss 1.7587
[Tracker] Ep 1650 | AvgR 0.0005 | Global 0.9574 | Local 0.1192 | F1_macro 0.6557 | WorstLoss 1.9826
[Tracker] Saved snapshot: ep1650_phase1_class1
[Tracker] Ep 1651 | AvgR 0.0005 | Global 0.9661 | Local 0.1192 | F1_macro 0.6622 | WorstLoss 1.9034
[Tracker] Ep 1652 | AvgR 0.0005 | Global 0.9761 | Local 0.1192 | F1_macro 0.6526 | WorstLoss 1.7840
[Tracker] Ep 1653 | AvgR 0.0005 | Global 0.9655 | Local 0.1192 | F1_macro 0.6520 | WorstLoss 1.9093
[Tracker] Ep 1654 | AvgR 0.0005 | Global 0.9662 | Local 0.1192 | F1_macro 0.6456 | WorstLoss 1.9023
[Tracker] Ep 1655 | AvgR 0.0005 | Global 0.9788 | Local 0.1192 | F1_macro 0.6547 | WorstLoss 1.7421
[Tracker] Saved snapshot: ep1655_phase1_class1
[Tracker] Ep 1656 | AvgR 0.0005 | Global 0.9600 | Local 0.1192 | F1_macro 0.6537 | WorstLoss 1.9602
[Tracker] Ep 1657 | AvgR 0.0005 | Global 0.9537 | Local 0.1192 | F1_macro 0.6441 | WorstLoss 1.9952
[Tracker] Ep 1658 | AvgR 0.0005 | Global 0.9689 | Local 0.1192 | F1_macro 0.6664 | WorstLoss 1.8736
[Tracker] Ep 1659 | AvgR 0.0005 | Global 0.9351 | Local 0.1192 | F1_macro 0.6487 | WorstLoss 2.1305
[Tracker] Ep 1660 | AvgR 0.0005 | Global 0.9810 | Local 0.1192 | F1_macro 0.6494 | WorstLoss 1.7050
[Tracker] Saved snapshot: ep1660_phase1_class1
[Tracker] Ep 1661 | AvgR 0.0005 | Global 0.9732 | Local 0.1192 | F1_macro 0.6448 | WorstLoss 1.8222
[Tracker] Ep 1662 | AvgR 0.0005 | Global 0.9714 | Local 0.1192 | F1_macro 0.6378 | WorstLoss 1.8448
[Tracker] Ep 1663 | AvgR 0.0005 | Global 0.9570 | Local 0.1192 | F1_macro 0.6479 | WorstLoss 1.9424
[Tracker] Ep 1664 | AvgR 0.0005 | Global 0.9753 | Local 0.1192 | F1_macro 0.6512 | WorstLoss 1.7949
[Tracker] Ep 1665 | AvgR 0.0005 | Global 0.9693 | Local 0.1192 | F1_macro 0.6451 | WorstLoss 1.7956
[Tracker] Saved snapshot: ep1665_phase1_class1
[Tracker] Ep 1666 | AvgR 0.0005 | Global 0.9642 | Local 0.1192 | F1_macro 0.6595 | WorstLoss 1.9222
[Tracker] Ep 1667 | AvgR 0.0005 | Global 0.9642 | Local 0.1192 | F1_macro 0.6419 | WorstLoss 1.9218
[Tracker] Ep 1668 | AvgR 0.0005 | Global 0.9670 | Local 0.1192 | F1_macro 0.6457 | WorstLoss 1.8865
[Tracker] Ep 1669 | AvgR 0.0005 | Global 0.9398 | Local 0.1192 | F1_macro 0.6456 | WorstLoss 2.0522
[Tracker] Ep 1670 | AvgR 0.0005 | Global 0.9775 | Local 0.1192 | F1_macro 0.6632 | WorstLoss 1.7632
[Tracker] Saved snapshot: ep1670_phase1_class1
[Tracker] Ep 1671 | AvgR 0.0005 | Global 0.9690 | Local 0.1192 | F1_macro 0.6550 | WorstLoss 1.8723
[Tracker] Ep 1672 | AvgR 0.0005 | Global 0.9604 | Local 0.1192 | F1_macro 0.6474 | WorstLoss 1.9572
[Tracker] Ep 1673 | AvgR 0.0005 | Global 0.9692 | Local 0.1192 | F1_macro 0.6493 | WorstLoss 1.8702
[Tracker] Ep 1674 | AvgR 0.0005 | Global 0.9796 | Local 0.1192 | F1_macro 0.6582 | WorstLoss 1.7301
[Tracker] Ep 1675 | AvgR 0.0005 | Global 0.9685 | Local 0.1192 | F1_macro 0.6547 | WorstLoss 1.8775
[Tracker] Saved snapshot: ep1675_phase1_class1
[Tracker] Ep 1676 | AvgR 0.0005 | Global 0.9692 | Local 0.1192 | F1_macro 0.6546 | WorstLoss 1.8705
[Tracker] Ep 1677 | AvgR 0.0005 | Global 0.9636 | Local 0.1192 | F1_macro 0.6583 | WorstLoss 1.9276
[Tracker] Ep 1678 | AvgR 0.0005 | Global 0.9772 | Local 0.1192 | F1_macro 0.6568 | WorstLoss 1.7672
[Tracker] Ep 1679 | AvgR 0.0005 | Global 0.9558 | Local 0.1192 | F1_macro 0.6394 | WorstLoss 1.9857
[Tracker] Ep 1680 | AvgR 0.0005 | Global 0.9625 | Local 0.1192 | F1_macro 0.6513 | WorstLoss 1.9381
[Tracker] Saved snapshot: ep1680_phase1_class1
[Tracker] Ep 1681 | AvgR 0.0005 | Global 0.9692 | Local 0.1192 | F1_macro 0.6563 | WorstLoss 1.8703
[Tracker] Ep 1682 | AvgR 0.0005 | Global 0.9805 | Local 0.1192 | F1_macro 0.6627 | WorstLoss 1.7137
[Tracker] Ep 1683 | AvgR 0.0005 | Global 0.9751 | Local 0.1192 | F1_macro 0.6599 | WorstLoss 1.7972
[Tracker] Ep 1684 | AvgR 0.0005 | Global 0.9699 | Local 0.1192 | F1_macro 0.6456 | WorstLoss 1.8627
[Tracker] Ep 1685 | AvgR 0.0005 | Global 0.9692 | Local 0.1192 | F1_macro 0.6457 | WorstLoss 1.7586
[Tracker] Saved snapshot: ep1685_phase1_class1
[Tracker] Ep 1686 | AvgR 0.0005 | Global 0.9669 | Local 0.1192 | F1_macro 0.6397 | WorstLoss 1.8952
[Tracker] Ep 1687 | AvgR 0.0005 | Global 0.9689 | Local 0.1192 | F1_macro 0.6558 | WorstLoss 1.8735
[Tracker] Ep 1688 | AvgR 0.0005 | Global 0.9621 | Local 0.1192 | F1_macro 0.6418 | WorstLoss 1.9419
[Tracker] Ep 1689 | AvgR 0.0005 | Global 0.9793 | Local 0.1192 | F1_macro 0.6502 | WorstLoss 1.7347
[Tracker] Ep 1690 | AvgR 0.0005 | Global 0.9727 | Local 0.1192 | F1_macro 0.6697 | WorstLoss 1.8294
[Tracker] Saved snapshot: ep1690_phase1_class1
[Tracker] Ep 1691 | AvgR 0.0005 | Global 0.9678 | Local 0.1192 | F1_macro 0.6477 | WorstLoss 1.8255
[Tracker] Ep 1692 | AvgR 0.0005 | Global 0.9667 | Local 0.1192 | F1_macro 0.6491 | WorstLoss 1.8972
[Tracker] Ep 1693 | AvgR 0.0005 | Global 0.9593 | Local 0.1192 | F1_macro 0.6463 | WorstLoss 1.9668
[Tracker] Ep 1694 | AvgR 0.0005 | Global 0.9569 | Local 0.1192 | F1_macro 0.6578 | WorstLoss 1.9868
[Tracker] Ep 1695 | AvgR 0.0005 | Global 0.9739 | Local 0.1192 | F1_macro 0.6479 | WorstLoss 1.8141
[Tracker] Saved snapshot: ep1695_phase1_class1
[Tracker] Ep 1696 | AvgR 0.0005 | Global 0.9558 | Local 0.1192 | F1_macro 0.6355 | WorstLoss 1.9200
[Tracker] Ep 1697 | AvgR 0.0005 | Global 0.9738 | Local 0.1192 | F1_macro 0.6630 | WorstLoss 1.8146
[Tracker] Ep 1698 | AvgR 0.0005 | Global 0.9718 | Local 0.1192 | F1_macro 0.6513 | WorstLoss 1.8403
[Tracker] Ep 1699 | AvgR 0.0005 | Global 0.9638 | Local 0.1192 | F1_macro 0.6603 | WorstLoss 1.9242
[Tracker] Ep 1700 | AvgR 0.0005 | Global 0.9705 | Local 0.1192 | F1_macro 0.6569 | WorstLoss 1.8555
[Tracker] Saved snapshot: ep1700_phase1_class1
[Tracker] Ep 1701 | AvgR 0.0004 | Global 0.8917 | Local 0.1192 | F1_macro 0.6565 | WorstLoss 2.3171
[Tracker] Ep 1702 | AvgR 0.0005 | Global 0.9580 | Local 0.1192 | F1_macro 0.6527 | WorstLoss 1.9779
[Tracker] Ep 1703 | AvgR 0.0005 | Global 0.9846 | Local 0.1192 | F1_macro 0.6643 | WorstLoss 1.6340
[Tracker] Ep 1704 | AvgR 0.0005 | Global 0.9475 | Local 0.1192 | F1_macro 0.6455 | WorstLoss 2.0555
[Tracker] Ep 1705 | AvgR 0.0005 | Global 0.9791 | Local 0.1192 | F1_macro 0.6705 | WorstLoss 1.7374
[Tracker] Saved snapshot: ep1705_phase1_class1
[Tracker] Ep 1706 | AvgR 0.0005 | Global 0.9752 | Local 0.1192 | F1_macro 0.6545 | WorstLoss 1.7960
[Tracker] Ep 1707 | AvgR 0.0005 | Global 0.9495 | Local 0.1192 | F1_macro 0.6456 | WorstLoss 2.0416
[Tracker] Ep 1708 | AvgR 0.0005 | Global 0.9498 | Local 0.1192 | F1_macro 0.6424 | WorstLoss 2.0399
[Tracker] Ep 1709 | AvgR 0.0005 | Global 0.9648 | Local 0.1192 | F1_macro 0.6581 | WorstLoss 1.9159
[Tracker] Ep 1710 | AvgR 0.0005 | Global 0.9727 | Local 0.1192 | F1_macro 0.6525 | WorstLoss 1.8284
[Tracker] Saved snapshot: ep1710_phase1_class1
[Tracker] Ep 1711 | AvgR 0.0005 | Global 0.9820 | Local 0.1192 | F1_macro 0.6479 | WorstLoss 1.6861
[Tracker] Ep 1712 | AvgR 0.0005 | Global 0.9769 | Local 0.1192 | F1_macro 0.6480 | WorstLoss 1.7718
[Tracker] Ep 1713 | AvgR 0.0005 | Global 0.9603 | Local 0.1192 | F1_macro 0.6466 | WorstLoss 1.9577
[Tracker] Ep 1714 | AvgR 0.0005 | Global 0.9425 | Local 0.1192 | F1_macro 0.6427 | WorstLoss 2.0879
[Tracker] Ep 1715 | AvgR 0.0005 | Global 0.9777 | Local 0.1192 | F1_macro 0.6631 | WorstLoss 1.7600
[Tracker] Saved snapshot: ep1715_phase1_class1
[Tracker] Ep 1716 | AvgR 0.0005 | Global 0.9541 | Local 0.1192 | F1_macro 0.6501 | WorstLoss 1.9520
[Tracker] Ep 1717 | AvgR 0.0005 | Global 0.9533 | Local 0.1192 | F1_macro 0.6571 | WorstLoss 2.0145
[Tracker] Ep 1718 | AvgR 0.0005 | Global 0.9264 | Local 0.1192 | F1_macro 0.6467 | WorstLoss 2.1759
[Tracker] Ep 1719 | AvgR 0.0005 | Global 0.9652 | Local 0.1192 | F1_macro 0.6556 | WorstLoss 1.9124
[Tracker] Ep 1720 | AvgR 0.0005 | Global 0.9737 | Local 0.1192 | F1_macro 0.6467 | WorstLoss 1.8161
[Tracker] Saved snapshot: ep1720_phase1_class1
[Tracker] Ep 1721 | AvgR 0.0005 | Global 0.9804 | Local 0.1192 | F1_macro 0.6524 | WorstLoss 1.7161
[Tracker] Ep 1722 | AvgR 0.0005 | Global 0.9747 | Local 0.1192 | F1_macro 0.6533 | WorstLoss 1.8022
[Tracker] Ep 1723 | AvgR 0.0005 | Global 0.9686 | Local 0.1192 | F1_macro 0.6611 | WorstLoss 1.8422
[Tracker] Ep 1724 | AvgR 0.0005 | Global 0.9627 | Local 0.1192 | F1_macro 0.6561 | WorstLoss 1.9366
[Tracker] Ep 1725 | AvgR 0.0005 | Global 0.9848 | Local 0.1192 | F1_macro 0.6599 | WorstLoss 1.6307
[Tracker] Saved snapshot: ep1725_phase1_class1
[Tracker] Ep 1726 | AvgR 0.0005 | Global 0.9811 | Local 0.1192 | F1_macro 0.6623 | WorstLoss 1.7041
[Tracker] Ep 1727 | AvgR 0.0005 | Global 0.9670 | Local 0.1192 | F1_macro 0.6491 | WorstLoss 1.8941
[Tracker] Ep 1728 | AvgR 0.0005 | Global 0.9251 | Local 0.1192 | F1_macro 0.6577 | WorstLoss 2.1821
[Tracker] Ep 1729 | AvgR 0.0005 | Global 0.9602 | Local 0.1192 | F1_macro 0.6496 | WorstLoss 1.9318
[Tracker] Ep 1730 | AvgR 0.0005 | Global 0.9743 | Local 0.1192 | F1_macro 0.6549 | WorstLoss 1.8082
[Tracker] Saved snapshot: ep1730_phase1_class1
[Tracker] Ep 1731 | AvgR 0.0005 | Global 0.9709 | Local 0.1192 | F1_macro 0.6431 | WorstLoss 1.8467
[Tracker] Ep 1732 | AvgR 0.0005 | Global 0.9796 | Local 0.1192 | F1_macro 0.6437 | WorstLoss 1.7289
[Tracker] Ep 1733 | AvgR 0.0005 | Global 0.9810 | Local 0.1192 | F1_macro 0.6610 | WorstLoss 1.7052
[Tracker] Ep 1734 | AvgR 0.0005 | Global 0.9768 | Local 0.1192 | F1_macro 0.6582 | WorstLoss 1.7738
[Tracker] Ep 1735 | AvgR 0.0005 | Global 0.9470 | Local 0.1192 | F1_macro 0.6355 | WorstLoss 1.9694
[Tracker] Saved snapshot: ep1735_phase1_class1
[Tracker] Ep 1736 | AvgR 0.0005 | Global 0.9681 | Local 0.1192 | F1_macro 0.6439 | WorstLoss 1.8827
[Tracker] Ep 1737 | AvgR 0.0005 | Global 0.9690 | Local 0.1192 | F1_macro 0.6477 | WorstLoss 1.8729
[Tracker] Ep 1738 | AvgR 0.0005 | Global 0.9569 | Local 0.1192 | F1_macro 0.6431 | WorstLoss 1.9865
[Tracker] Ep 1739 | AvgR 0.0005 | Global 0.9797 | Local 0.1192 | F1_macro 0.6370 | WorstLoss 1.7280
[Tracker] Ep 1740 | AvgR 0.0005 | Global 0.9345 | Local 0.1192 | F1_macro 0.6549 | WorstLoss 2.1053
[Tracker] Saved snapshot: ep1740_phase1_class1
[Tracker] Ep 1741 | AvgR 0.0005 | Global 0.9819 | Local 0.1192 | F1_macro 0.6481 | WorstLoss 1.6886
[Tracker] Ep 1742 | AvgR 0.0005 | Global 0.9673 | Local 0.1192 | F1_macro 0.6380 | WorstLoss 1.8637
[Tracker] Ep 1743 | AvgR 0.0005 | Global 0.9781 | Local 0.1192 | F1_macro 0.6558 | WorstLoss 1.7536
[Tracker] Ep 1744 | AvgR 0.0005 | Global 0.9648 | Local 0.1192 | F1_macro 0.6534 | WorstLoss 1.9164
[Tracker] Ep 1745 | AvgR 0.0005 | Global 0.9602 | Local 0.1192 | F1_macro 0.6484 | WorstLoss 1.9588
[Tracker] Saved snapshot: ep1745_phase1_class1
[Tracker] Ep 1746 | AvgR 0.0005 | Global 0.9224 | Local 0.1192 | F1_macro 0.6425 | WorstLoss 2.1949
[Tracker] Ep 1747 | AvgR 0.0005 | Global 0.9585 | Local 0.1192 | F1_macro 0.6517 | WorstLoss 1.9731
[Tracker] Ep 1748 | AvgR 0.0005 | Global 0.9665 | Local 0.1192 | F1_macro 0.6597 | WorstLoss 1.8996
[Tracker] Ep 1749 | AvgR 0.0005 | Global 0.9686 | Local 0.1192 | F1_macro 0.6571 | WorstLoss 1.8770
[Tracker] Ep 1750 | AvgR 0.0005 | Global 0.9593 | Local 0.1192 | F1_macro 0.6379 | WorstLoss 1.9102
[Tracker] Saved snapshot: ep1750_phase1_class1
[Tracker] Ep 1751 | AvgR 0.0005 | Global 0.9541 | Local 0.1192 | F1_macro 0.6716 | WorstLoss 2.0089
[Tracker] Ep 1752 | AvgR 0.0005 | Global 0.9770 | Local 0.1192 | F1_macro 0.6485 | WorstLoss 1.7571
[Tracker] Ep 1753 | AvgR 0.0005 | Global 0.9649 | Local 0.1192 | F1_macro 0.6581 | WorstLoss 1.9158
[Tracker] Ep 1754 | AvgR 0.0005 | Global 0.9626 | Local 0.1192 | F1_macro 0.6515 | WorstLoss 1.9372
[Tracker] Ep 1755 | AvgR 0.0005 | Global 0.9541 | Local 0.1192 | F1_macro 0.6354 | WorstLoss 1.9745
[Tracker] Saved snapshot: ep1755_phase1_class1
[Tracker] Ep 1756 | AvgR 0.0005 | Global 0.9630 | Local 0.1192 | F1_macro 0.6600 | WorstLoss 1.9331
[Tracker] Ep 1757 | AvgR 0.0005 | Global 0.9620 | Local 0.1192 | F1_macro 0.6569 | WorstLoss 1.9426
[Tracker] Ep 1758 | AvgR 0.0005 | Global 0.9635 | Local 0.1192 | F1_macro 0.6584 | WorstLoss 1.9286
[Tracker] Ep 1759 | AvgR 0.0005 | Global 0.9816 | Local 0.1192 | F1_macro 0.6677 | WorstLoss 1.6940
[Tracker] Ep 1760 | AvgR 0.0005 | Global 0.9588 | Local 0.1192 | F1_macro 0.6543 | WorstLoss 1.9711
[Tracker] Saved snapshot: ep1760_phase1_class1
[Tracker] Ep 1761 | AvgR 0.0005 | Global 0.9831 | Local 0.1192 | F1_macro 0.6480 | WorstLoss 1.6663
[Tracker] Ep 1762 | AvgR 0.0005 | Global 0.9683 | Local 0.1192 | F1_macro 0.6563 | WorstLoss 1.8675
[Tracker] Ep 1763 | AvgR 0.0005 | Global 0.9662 | Local 0.1192 | F1_macro 0.6485 | WorstLoss 1.9018
[Tracker] Ep 1764 | AvgR 0.0005 | Global 0.9688 | Local 0.1192 | F1_macro 0.6405 | WorstLoss 1.8062
[Tracker] Ep 1765 | AvgR 0.0005 | Global 0.9590 | Local 0.1192 | F1_macro 0.6456 | WorstLoss 1.9694
[Tracker] Saved snapshot: ep1765_phase1_class1
[Tracker] Ep 1766 | AvgR 0.0005 | Global 0.9689 | Local 0.1192 | F1_macro 0.6507 | WorstLoss 1.8733
[Tracker] Ep 1767 | AvgR 0.0005 | Global 0.9844 | Local 0.1192 | F1_macro 0.6673 | WorstLoss 1.6392
[Tracker] Ep 1768 | AvgR 0.0005 | Global 0.9562 | Local 0.1192 | F1_macro 0.6522 | WorstLoss 1.9890
[Tracker] Ep 1769 | AvgR 0.0005 | Global 0.9339 | Local 0.1192 | F1_macro 0.6566 | WorstLoss 2.1373
[Tracker] Ep 1770 | AvgR 0.0005 | Global 0.9723 | Local 0.1192 | F1_macro 0.6559 | WorstLoss 1.8342
[Tracker] Saved snapshot: ep1770_phase1_class1
[Tracker] Ep 1771 | AvgR 0.0005 | Global 0.9771 | Local 0.1192 | F1_macro 0.6631 | WorstLoss 1.7551
[Tracker] Ep 1772 | AvgR 0.0005 | Global 0.9516 | Local 0.1192 | F1_macro 0.6507 | WorstLoss 2.0270
[Tracker] Ep 1773 | AvgR 0.0005 | Global 0.9472 | Local 0.1192 | F1_macro 0.6671 | WorstLoss 2.0575
[Tracker] Ep 1774 | AvgR 0.0005 | Global 0.9726 | Local 0.1192 | F1_macro 0.6600 | WorstLoss 1.8300
[Tracker] Ep 1775 | AvgR 0.0005 | Global 0.9592 | Local 0.1192 | F1_macro 0.6534 | WorstLoss 1.9606
[Tracker] Saved snapshot: ep1775_phase1_class1
[Tracker] Ep 1776 | AvgR 0.0005 | Global 0.9646 | Local 0.1192 | F1_macro 0.6459 | WorstLoss 1.9185
[Tracker] Ep 1777 | AvgR 0.0005 | Global 0.9519 | Local 0.1192 | F1_macro 0.6539 | WorstLoss 1.9889
[Tracker] Ep 1778 | AvgR 0.0005 | Global 0.9685 | Local 0.1192 | F1_macro 0.6505 | WorstLoss 1.8281
[Tracker] Ep 1779 | AvgR 0.0005 | Global 0.9653 | Local 0.1192 | F1_macro 0.6515 | WorstLoss 1.9112
[Tracker] Ep 1780 | AvgR 0.0005 | Global 0.9638 | Local 0.1192 | F1_macro 0.6440 | WorstLoss 1.7863
[Tracker] Saved snapshot: ep1780_phase1_class1
[Tracker] Ep 1781 | AvgR 0.0005 | Global 0.9786 | Local 0.1192 | F1_macro 0.6526 | WorstLoss 1.7452
[Tracker] Ep 1782 | AvgR 0.0005 | Global 0.9594 | Local 0.1192 | F1_macro 0.6403 | WorstLoss 1.9619
[Tracker] Ep 1783 | AvgR 0.0005 | Global 0.9626 | Local 0.1192 | F1_macro 0.6467 | WorstLoss 1.8780
[Tracker] Ep 1784 | AvgR 0.0005 | Global 0.9823 | Local 0.1192 | F1_macro 0.6526 | WorstLoss 1.6812
[Tracker] Ep 1785 | AvgR 0.0005 | Global 0.9278 | Local 0.1192 | F1_macro 0.6372 | WorstLoss 2.1426
[Tracker] Saved snapshot: ep1785_phase1_class1
[Tracker] Ep 1786 | AvgR 0.0005 | Global 0.9392 | Local 0.1192 | F1_macro 0.6427 | WorstLoss 2.1073
[Tracker] Ep 1787 | AvgR 0.0005 | Global 0.9651 | Local 0.1192 | F1_macro 0.6540 | WorstLoss 1.9135
[Tracker] Ep 1788 | AvgR 0.0005 | Global 0.9409 | Local 0.1192 | F1_macro 0.6590 | WorstLoss 2.0971
[Tracker] Ep 1789 | AvgR 0.0005 | Global 0.9730 | Local 0.1192 | F1_macro 0.6535 | WorstLoss 1.8256
[Tracker] Ep 1790 | AvgR 0.0005 | Global 0.9539 | Local 0.1192 | F1_macro 0.6511 | WorstLoss 2.0104
[Tracker] Saved snapshot: ep1790_phase1_class1
[Tracker] Ep 1791 | AvgR 0.0005 | Global 0.9436 | Local 0.1192 | F1_macro 0.6479 | WorstLoss 2.0693
[Tracker] Ep 1792 | AvgR 0.0005 | Global 0.9395 | Local 0.1192 | F1_macro 0.6394 | WorstLoss 2.0304
[Tracker] Ep 1793 | AvgR 0.0005 | Global 0.9726 | Local 0.1192 | F1_macro 0.6618 | WorstLoss 1.8299
[Tracker] Ep 1794 | AvgR 0.0005 | Global 0.9722 | Local 0.1192 | F1_macro 0.6422 | WorstLoss 1.8348
[Tracker] Ep 1795 | AvgR 0.0005 | Global 0.9613 | Local 0.1192 | F1_macro 0.6623 | WorstLoss 1.9493
[Tracker] Saved snapshot: ep1795_phase1_class1
[Tracker] Ep 1796 | AvgR 0.0005 | Global 0.9636 | Local 0.1192 | F1_macro 0.6578 | WorstLoss 1.9276
[Tracker] Ep 1797 | AvgR 0.0005 | Global 0.9638 | Local 0.1192 | F1_macro 0.6526 | WorstLoss 1.9263
[Tracker] Ep 1798 | AvgR 0.0005 | Global 0.9450 | Local 0.1192 | F1_macro 0.6471 | WorstLoss 2.0718
[Tracker] Ep 1799 | AvgR 0.0005 | Global 0.9560 | Local 0.1192 | F1_macro 0.6463 | WorstLoss 1.9811
[Tracker] Ep 1800 | AvgR 0.0005 | Global 0.9691 | Local 0.1192 | F1_macro 0.6485 | WorstLoss 1.8673
[Tracker] Saved snapshot: ep1800_phase1_class1
[Tracker] Ep 1801 | AvgR 0.0005 | Global 0.9724 | Local 0.1192 | F1_macro 0.6470 | WorstLoss 1.7762
[Tracker] Ep 1802 | AvgR 0.0005 | Global 0.9631 | Local 0.1192 | F1_macro 0.6562 | WorstLoss 1.9323
[Tracker] Ep 1803 | AvgR 0.0005 | Global 0.9817 | Local 0.1192 | F1_macro 0.6567 | WorstLoss 1.6916
[Tracker] Ep 1804 | AvgR 0.0005 | Global 0.9584 | Local 0.1192 | F1_macro 0.6430 | WorstLoss 1.9379
[Tracker] Ep 1805 | AvgR 0.0005 | Global 0.9575 | Local 0.1192 | F1_macro 0.6450 | WorstLoss 1.9813
[Tracker] Saved snapshot: ep1805_phase1_class1
[Tracker] Ep 1806 | AvgR 0.0005 | Global 0.9503 | Local 0.1192 | F1_macro 0.6504 | WorstLoss 2.0361
[Tracker] Ep 1807 | AvgR 0.0005 | Global 0.9686 | Local 0.1192 | F1_macro 0.6586 | WorstLoss 1.8772
[Tracker] Ep 1808 | AvgR 0.0005 | Global 0.9685 | Local 0.1192 | F1_macro 0.6464 | WorstLoss 1.8779
[Tracker] Ep 1809 | AvgR 0.0005 | Global 0.9584 | Local 0.1192 | F1_macro 0.6544 | WorstLoss 1.9738
[Tracker] Ep 1810 | AvgR 0.0005 | Global 0.9725 | Local 0.1192 | F1_macro 0.6513 | WorstLoss 1.7833
[Tracker] Saved snapshot: ep1810_phase1_class1
[Tracker] Ep 1811 | AvgR 0.0005 | Global 0.9705 | Local 0.1192 | F1_macro 0.6556 | WorstLoss 1.8558
[Tracker] Ep 1812 | AvgR 0.0005 | Global 0.9632 | Local 0.1192 | F1_macro 0.6668 | WorstLoss 1.9318
[Tracker] Ep 1813 | AvgR 0.0005 | Global 0.9710 | Local 0.1192 | F1_macro 0.6591 | WorstLoss 1.8491
[Tracker] Ep 1814 | AvgR 0.0005 | Global 0.9690 | Local 0.1192 | F1_macro 0.6550 | WorstLoss 1.8659
[Tracker] Ep 1815 | AvgR 0.0005 | Global 0.9764 | Local 0.1192 | F1_macro 0.6734 | WorstLoss 1.7796
[Tracker] Saved snapshot: ep1815_phase1_class1
[Tracker] Ep 1816 | AvgR 0.0005 | Global 0.9643 | Local 0.1192 | F1_macro 0.6537 | WorstLoss 1.9210
[Tracker] Ep 1817 | AvgR 0.0005 | Global 0.9734 | Local 0.1192 | F1_macro 0.6498 | WorstLoss 1.8205
[Tracker] Ep 1818 | AvgR 0.0005 | Global 0.9700 | Local 0.1192 | F1_macro 0.6459 | WorstLoss 1.8612
[Tracker] Ep 1819 | AvgR 0.0005 | Global 0.9659 | Local 0.1192 | F1_macro 0.6390 | WorstLoss 1.9052
[Tracker] Ep 1820 | AvgR 0.0005 | Global 0.9731 | Local 0.1192 | F1_macro 0.6483 | WorstLoss 1.8243
[Tracker] Saved snapshot: ep1820_phase1_class1
[Tracker] Ep 1821 | AvgR 0.0005 | Global 0.9705 | Local 0.1192 | F1_macro 0.6476 | WorstLoss 1.8556
[Tracker] Ep 1822 | AvgR 0.0005 | Global 0.9719 | Local 0.1192 | F1_macro 0.6539 | WorstLoss 1.8389
[Tracker] Ep 1823 | AvgR 0.0005 | Global 0.9138 | Local 0.1192 | F1_macro 0.6379 | WorstLoss 2.2156
[Tracker] Ep 1824 | AvgR 0.0005 | Global 0.9498 | Local 0.1192 | F1_macro 0.6484 | WorstLoss 2.0398
[Tracker] Ep 1825 | AvgR 0.0005 | Global 0.9691 | Local 0.1192 | F1_macro 0.6501 | WorstLoss 1.8715
[Tracker] Saved snapshot: ep1825_phase1_class1
[Tracker] Ep 1826 | AvgR 0.0005 | Global 0.9790 | Local 0.1192 | F1_macro 0.6566 | WorstLoss 1.7392
[Tracker] Ep 1827 | AvgR 0.0005 | Global 0.9657 | Local 0.1192 | F1_macro 0.6434 | WorstLoss 1.9074
[Tracker] Ep 1828 | AvgR 0.0005 | Global 0.9735 | Local 0.1192 | F1_macro 0.6332 | WorstLoss 1.8189
[Tracker] Ep 1829 | AvgR 0.0005 | Global 0.9841 | Local 0.1192 | F1_macro 0.6556 | WorstLoss 1.6440
[Tracker] Ep 1830 | AvgR 0.0005 | Global 0.9361 | Local 0.1192 | F1_macro 0.6380 | WorstLoss 2.1252
[Tracker] Saved snapshot: ep1830_phase1_class1
[Tracker] Ep 1831 | AvgR 0.0005 | Global 0.9726 | Local 0.1192 | F1_macro 0.6500 | WorstLoss 1.8301
[Tracker] Ep 1832 | AvgR 0.0005 | Global 0.9694 | Local 0.1192 | F1_macro 0.6528 | WorstLoss 1.8681
[Tracker] Ep 1833 | AvgR 0.0005 | Global 0.9369 | Local 0.1192 | F1_macro 0.6501 | WorstLoss 2.0625
[Tracker] Ep 1834 | AvgR 0.0005 | Global 0.9801 | Local 0.1192 | F1_macro 0.6430 | WorstLoss 1.7203
[Tracker] Ep 1835 | AvgR 0.0005 | Global 0.9558 | Local 0.1192 | F1_macro 0.6468 | WorstLoss 1.9954
[Tracker] Saved snapshot: ep1835_phase1_class1
[Tracker] Ep 1836 | AvgR 0.0005 | Global 0.9607 | Local 0.1192 | F1_macro 0.6487 | WorstLoss 1.9548
[Tracker] Ep 1837 | AvgR 0.0005 | Global 0.9726 | Local 0.1192 | F1_macro 0.6566 | WorstLoss 1.8020
[Tracker] Ep 1838 | AvgR 0.0005 | Global 0.9658 | Local 0.1192 | F1_macro 0.6484 | WorstLoss 1.9065
[Tracker] Ep 1839 | AvgR 0.0005 | Global 0.9609 | Local 0.1192 | F1_macro 0.6521 | WorstLoss 1.8884
[Tracker] Ep 1840 | AvgR 0.0004 | Global 0.8845 | Local 0.1192 | F1_macro 0.6560 | WorstLoss 2.3413
[Tracker] Saved snapshot: ep1840_phase1_class1
[Tracker] Ep 1841 | AvgR 0.0005 | Global 0.9652 | Local 0.1192 | F1_macro 0.6585 | WorstLoss 1.9034
[Tracker] Ep 1842 | AvgR 0.0005 | Global 0.9672 | Local 0.1192 | F1_macro 0.6575 | WorstLoss 1.8920
[Tracker] Ep 1843 | AvgR 0.0005 | Global 0.9528 | Local 0.1192 | F1_macro 0.6550 | WorstLoss 2.0182
[Tracker] Ep 1844 | AvgR 0.0005 | Global 0.9721 | Local 0.1192 | F1_macro 0.6512 | WorstLoss 1.8357
[Tracker] Ep 1845 | AvgR 0.0005 | Global 0.9704 | Local 0.1192 | F1_macro 0.6558 | WorstLoss 1.8561
[Tracker] Saved snapshot: ep1845_phase1_class1
[Tracker] Ep 1846 | AvgR 0.0005 | Global 0.9553 | Local 0.1192 | F1_macro 0.6507 | WorstLoss 1.9991
[Tracker] Ep 1847 | AvgR 0.0005 | Global 0.9638 | Local 0.1192 | F1_macro 0.6456 | WorstLoss 1.9257
[Tracker] Ep 1848 | AvgR 0.0005 | Global 0.9592 | Local 0.1192 | F1_macro 0.6479 | WorstLoss 1.9677
[Tracker] Ep 1849 | AvgR 0.0005 | Global 0.9715 | Local 0.1192 | F1_macro 0.6479 | WorstLoss 1.8438
[Tracker] Ep 1850 | AvgR 0.0005 | Global 0.9591 | Local 0.1192 | F1_macro 0.6357 | WorstLoss 1.9051
[Tracker] Saved snapshot: ep1850_phase1_class1
[Tracker] Ep 1851 | AvgR 0.0005 | Global 0.9743 | Local 0.1192 | F1_macro 0.6483 | WorstLoss 1.8087
[Tracker] Ep 1852 | AvgR 0.0005 | Global 0.9657 | Local 0.1192 | F1_macro 0.6571 | WorstLoss 1.9071
[Tracker] Ep 1853 | AvgR 0.0005 | Global 0.9713 | Local 0.1192 | F1_macro 0.6388 | WorstLoss 1.8465
[Tracker] Ep 1854 | AvgR 0.0005 | Global 0.9689 | Local 0.1192 | F1_macro 0.6495 | WorstLoss 1.8737
[Tracker] Ep 1855 | AvgR 0.0005 | Global 0.9526 | Local 0.1192 | F1_macro 0.6607 | WorstLoss 2.0195
[Tracker] Saved snapshot: ep1855_phase1_class1
[Tracker] Ep 1856 | AvgR 0.0005 | Global 0.9343 | Local 0.1192 | F1_macro 0.6511 | WorstLoss 2.1226
[Tracker] Ep 1857 | AvgR 0.0005 | Global 0.9692 | Local 0.1192 | F1_macro 0.6470 | WorstLoss 1.8703
[Tracker] Ep 1858 | AvgR 0.0005 | Global 0.9678 | Local 0.1192 | F1_macro 0.6379 | WorstLoss 1.7346
[Tracker] Ep 1859 | AvgR 0.0005 | Global 0.9568 | Local 0.1192 | F1_macro 0.6453 | WorstLoss 1.9873
[Tracker] Ep 1860 | AvgR 0.0005 | Global 0.9687 | Local 0.1192 | F1_macro 0.6520 | WorstLoss 1.8763
[Tracker] Saved snapshot: ep1860_phase1_class1
[Tracker] Ep 1861 | AvgR 0.0005 | Global 0.9693 | Local 0.1192 | F1_macro 0.6571 | WorstLoss 1.8686
[Tracker] Ep 1862 | AvgR 0.0005 | Global 0.9658 | Local 0.1192 | F1_macro 0.6430 | WorstLoss 1.9065
[Tracker] Ep 1863 | AvgR 0.0005 | Global 0.9721 | Local 0.1192 | F1_macro 0.6534 | WorstLoss 1.8360
[Tracker] Ep 1864 | AvgR 0.0005 | Global 0.9816 | Local 0.1192 | F1_macro 0.6749 | WorstLoss 1.6948
[Tracker] Ep 1865 | AvgR 0.0005 | Global 0.9681 | Local 0.1192 | F1_macro 0.6567 | WorstLoss 1.8820
[Tracker] Saved snapshot: ep1865_phase1_class1
[Tracker] Ep 1866 | AvgR 0.0005 | Global 0.9466 | Local 0.1192 | F1_macro 0.6428 | WorstLoss 2.0423
[Tracker] Ep 1867 | AvgR 0.0005 | Global 0.9700 | Local 0.1192 | F1_macro 0.6490 | WorstLoss 1.8617
[Tracker] Ep 1868 | AvgR 0.0005 | Global 0.9793 | Local 0.1192 | F1_macro 0.6620 | WorstLoss 1.7352
[Tracker] Ep 1869 | AvgR 0.0005 | Global 0.9802 | Local 0.1192 | F1_macro 0.6537 | WorstLoss 1.7198
[Tracker] Ep 1870 | AvgR 0.0005 | Global 0.9686 | Local 0.1192 | F1_macro 0.6527 | WorstLoss 1.8775
[Tracker] Saved snapshot: ep1870_phase1_class1
[Tracker] Ep 1871 | AvgR 0.0005 | Global 0.9692 | Local 0.1192 | F1_macro 0.6579 | WorstLoss 1.8699
[Tracker] Ep 1872 | AvgR 0.0005 | Global 0.9732 | Local 0.1192 | F1_macro 0.6524 | WorstLoss 1.8227
[Tracker] Ep 1873 | AvgR 0.0005 | Global 0.9471 | Local 0.1192 | F1_macro 0.6486 | WorstLoss 2.0585
[Tracker] Ep 1874 | AvgR 0.0005 | Global 0.9664 | Local 0.1192 | F1_macro 0.6548 | WorstLoss 1.9000
[Tracker] Ep 1875 | AvgR 0.0005 | Global 0.9478 | Local 0.1192 | F1_macro 0.6335 | WorstLoss 2.0473
[Tracker] Saved snapshot: ep1875_phase1_class1
[Tracker] Ep 1876 | AvgR 0.0005 | Global 0.9051 | Local 0.1192 | F1_macro 0.6463 | WorstLoss 2.2512
[Tracker] Ep 1877 | AvgR 0.0005 | Global 0.9661 | Local 0.1192 | F1_macro 0.6628 | WorstLoss 1.9035
[Tracker] Ep 1878 | AvgR 0.0005 | Global 0.9456 | Local 0.1192 | F1_macro 0.6399 | WorstLoss 2.0553
[Tracker] Ep 1879 | AvgR 0.0005 | Global 0.9728 | Local 0.1192 | F1_macro 0.6480 | WorstLoss 1.8272
[Tracker] Ep 1880 | AvgR 0.0005 | Global 0.9454 | Local 0.1192 | F1_macro 0.6372 | WorstLoss 2.0602
[Tracker] Saved snapshot: ep1880_phase1_class1
[Tracker] Ep 1881 | AvgR 0.0005 | Global 0.9537 | Local 0.1192 | F1_macro 0.6438 | WorstLoss 2.0112
[Tracker] Ep 1882 | AvgR 0.0005 | Global 0.9299 | Local 0.1192 | F1_macro 0.6413 | WorstLoss 2.1289
[Tracker] Ep 1883 | AvgR 0.0005 | Global 0.9443 | Local 0.1192 | F1_macro 0.6465 | WorstLoss 2.0588
[Tracker] Ep 1884 | AvgR 0.0005 | Global 0.9709 | Local 0.1192 | F1_macro 0.6498 | WorstLoss 1.8513
[Tracker] Ep 1885 | AvgR 0.0005 | Global 0.9678 | Local 0.1192 | F1_macro 0.6487 | WorstLoss 1.8456
[Tracker] Saved snapshot: ep1885_phase1_class1
[Tracker] Ep 1886 | AvgR 0.0005 | Global 0.9593 | Local 0.1192 | F1_macro 0.6531 | WorstLoss 1.9669
[Tracker] Ep 1887 | AvgR 0.0005 | Global 0.9712 | Local 0.1192 | F1_macro 0.6507 | WorstLoss 1.8478
[Tracker] Ep 1888 | AvgR 0.0005 | Global 0.9720 | Local 0.1192 | F1_macro 0.6554 | WorstLoss 1.7373
[Tracker] Ep 1889 | AvgR 0.0005 | Global 0.9345 | Local 0.1192 | F1_macro 0.6462 | WorstLoss 2.1337
[Tracker] Ep 1890 | AvgR 0.0005 | Global 0.9700 | Local 0.1192 | F1_macro 0.6496 | WorstLoss 1.8613
[Tracker] Saved snapshot: ep1890_phase1_class1
[Tracker] Ep 1891 | AvgR 0.0005 | Global 0.9662 | Local 0.1192 | F1_macro 0.6376 | WorstLoss 1.9026
[Tracker] Ep 1892 | AvgR 0.0005 | Global 0.9612 | Local 0.1192 | F1_macro 0.6526 | WorstLoss 1.9498
[Tracker] Ep 1893 | AvgR 0.0005 | Global 0.9514 | Local 0.1192 | F1_macro 0.6485 | WorstLoss 2.0286
[Tracker] Ep 1894 | AvgR 0.0005 | Global 0.9501 | Local 0.1192 | F1_macro 0.6637 | WorstLoss 2.0380
[Tracker] Ep 1895 | AvgR 0.0005 | Global 0.9282 | Local 0.1192 | F1_macro 0.6440 | WorstLoss 2.1667
[Tracker] Saved snapshot: ep1895_phase1_class1
[Tracker] Ep 1896 | AvgR 0.0005 | Global 0.9438 | Local 0.1192 | F1_macro 0.6589 | WorstLoss 2.0793
[Tracker] Ep 1897 | AvgR 0.0005 | Global 0.9272 | Local 0.1192 | F1_macro 0.6488 | WorstLoss 2.1568
[Tracker] Ep 1898 | AvgR 0.0005 | Global 0.9320 | Local 0.1192 | F1_macro 0.6554 | WorstLoss 2.1475
[Tracker] Ep 1899 | AvgR 0.0005 | Global 0.9132 | Local 0.1192 | F1_macro 0.6553 | WorstLoss 2.2357
[Tracker] Ep 1900 | AvgR 0.0005 | Global 0.9713 | Local 0.1192 | F1_macro 0.6528 | WorstLoss 1.8458
[Tracker] Saved snapshot: ep1900_phase1_class1
[Tracker] Ep 1901 | AvgR 0.0005 | Global 0.9458 | Local 0.1192 | F1_macro 0.6478 | WorstLoss 2.0604
[Tracker] Ep 1902 | AvgR 0.0005 | Global 0.9819 | Local 0.1192 | F1_macro 0.6511 | WorstLoss 1.6893
[Tracker] Ep 1903 | AvgR 0.0005 | Global 0.9250 | Local 0.1192 | F1_macro 0.6470 | WorstLoss 2.1595
[Tracker] Ep 1904 | AvgR 0.0005 | Global 0.9409 | Local 0.1192 | F1_macro 0.6521 | WorstLoss 2.0974
[Tracker] Ep 1905 | AvgR 0.0005 | Global 0.9666 | Local 0.1192 | F1_macro 0.6455 | WorstLoss 1.8980
[Tracker] Saved snapshot: ep1905_phase1_class1
[Tracker] Ep 1906 | AvgR 0.0005 | Global 0.9535 | Local 0.1192 | F1_macro 0.6304 | WorstLoss 1.9485
[Tracker] Ep 1907 | AvgR 0.0005 | Global 0.9635 | Local 0.1192 | F1_macro 0.6514 | WorstLoss 1.8859
[Tracker] Ep 1908 | AvgR 0.0005 | Global 0.9493 | Local 0.1192 | F1_macro 0.6525 | WorstLoss 2.0433
[Tracker] Ep 1909 | AvgR 0.0005 | Global 0.9633 | Local 0.1192 | F1_macro 0.6569 | WorstLoss 1.9311
[Tracker] Ep 1910 | AvgR 0.0005 | Global 0.9708 | Local 0.1192 | F1_macro 0.6600 | WorstLoss 1.8522
[Tracker] Saved snapshot: ep1910_phase1_class1
[Tracker] Ep 1911 | AvgR 0.0005 | Global 0.9571 | Local 0.1192 | F1_macro 0.6538 | WorstLoss 1.9847
[Tracker] Ep 1912 | AvgR 0.0005 | Global 0.9667 | Local 0.1192 | F1_macro 0.6582 | WorstLoss 1.8972
[Tracker] Ep 1913 | AvgR 0.0005 | Global 0.9620 | Local 0.1192 | F1_macro 0.6382 | WorstLoss 1.9431
[Tracker] Ep 1914 | AvgR 0.0004 | Global 0.8765 | Local 0.1192 | F1_macro 0.6448 | WorstLoss 2.3667
[Tracker] Ep 1915 | AvgR 0.0005 | Global 0.9647 | Local 0.1192 | F1_macro 0.6580 | WorstLoss 1.9168
[Tracker] Saved snapshot: ep1915_phase1_class1
[Tracker] Ep 1916 | AvgR 0.0005 | Global 0.9455 | Local 0.1192 | F1_macro 0.6585 | WorstLoss 2.0686
[Tracker] Ep 1917 | AvgR 0.0005 | Global 0.9281 | Local 0.1192 | F1_macro 0.6427 | WorstLoss 2.1300
[Tracker] Ep 1918 | AvgR 0.0005 | Global 0.9492 | Local 0.1192 | F1_macro 0.6379 | WorstLoss 1.9917
[Tracker] Ep 1919 | AvgR 0.0005 | Global 0.9702 | Local 0.1192 | F1_macro 0.6512 | WorstLoss 1.8585
[Tracker] Ep 1920 | AvgR 0.0005 | Global 0.9691 | Local 0.1192 | F1_macro 0.6574 | WorstLoss 1.8709
[Tracker] Saved snapshot: ep1920_phase1_class1
[Tracker] Ep 1921 | AvgR 0.0005 | Global 0.9748 | Local 0.1192 | F1_macro 0.6499 | WorstLoss 1.8020
[Tracker] Ep 1922 | AvgR 0.0005 | Global 0.9555 | Local 0.1192 | F1_macro 0.6411 | WorstLoss 1.9977
[Tracker] Ep 1923 | AvgR 0.0005 | Global 0.9473 | Local 0.1192 | F1_macro 0.6554 | WorstLoss 2.0566
[Tracker] Ep 1924 | AvgR 0.0005 | Global 0.9653 | Local 0.1192 | F1_macro 0.6458 | WorstLoss 1.9111
[Tracker] Ep 1925 | AvgR 0.0005 | Global 0.9696 | Local 0.1192 | F1_macro 0.6487 | WorstLoss 1.8655
[Tracker] Saved snapshot: ep1925_phase1_class1
[Tracker] Ep 1926 | AvgR 0.0005 | Global 0.9351 | Local 0.1192 | F1_macro 0.6419 | WorstLoss 2.1305
[Tracker] Ep 1927 | AvgR 0.0005 | Global 0.9812 | Local 0.1192 | F1_macro 0.6556 | WorstLoss 1.7015
[Tracker] Ep 1928 | AvgR 0.0005 | Global 0.9713 | Local 0.1192 | F1_macro 0.6520 | WorstLoss 1.8459
[Tracker] Ep 1929 | AvgR 0.0005 | Global 0.9612 | Local 0.1192 | F1_macro 0.6523 | WorstLoss 1.9502
[Tracker] Ep 1930 | AvgR 0.0005 | Global 0.9587 | Local 0.1192 | F1_macro 0.6450 | WorstLoss 1.9719
[Tracker] Saved snapshot: ep1930_phase1_class1
[Tracker] Ep 1931 | AvgR 0.0005 | Global 0.9661 | Local 0.1192 | F1_macro 0.6572 | WorstLoss 1.9037
[Tracker] Ep 1932 | AvgR 0.0005 | Global 0.9794 | Local 0.1192 | F1_macro 0.6622 | WorstLoss 1.7326
[Tracker] Ep 1933 | AvgR 0.0005 | Global 0.9733 | Local 0.1192 | F1_macro 0.6446 | WorstLoss 1.8215
[Tracker] Ep 1934 | AvgR 0.0005 | Global 0.9456 | Local 0.1192 | F1_macro 0.6680 | WorstLoss 2.0682
[Tracker] Ep 1935 | AvgR 0.0005 | Global 0.9833 | Local 0.1192 | F1_macro 0.6648 | WorstLoss 1.6621
[Tracker] Saved snapshot: ep1935_phase1_class1
[Tracker] Ep 1936 | AvgR 0.0005 | Global 0.9759 | Local 0.1192 | F1_macro 0.6540 | WorstLoss 1.7864
[Tracker] Ep 1937 | AvgR 0.0005 | Global 0.9661 | Local 0.1192 | F1_macro 0.6473 | WorstLoss 1.9035
[Tracker] Ep 1938 | AvgR 0.0005 | Global 0.9645 | Local 0.1192 | F1_macro 0.6555 | WorstLoss 1.9197
[Tracker] Ep 1939 | AvgR 0.0005 | Global 0.9528 | Local 0.1192 | F1_macro 0.6537 | WorstLoss 2.0183
[Tracker] Ep 1940 | AvgR 0.0005 | Global 0.9581 | Local 0.1192 | F1_macro 0.6426 | WorstLoss 1.9764
[Tracker] Saved snapshot: ep1940_phase1_class1
[Tracker] Ep 1941 | AvgR 0.0005 | Global 0.9725 | Local 0.1192 | F1_macro 0.6552 | WorstLoss 1.8320
[Tracker] Ep 1942 | AvgR 0.0005 | Global 0.9811 | Local 0.1192 | F1_macro 0.6558 | WorstLoss 1.7029
[Tracker] Ep 1943 | AvgR 0.0005 | Global 0.9360 | Local 0.1192 | F1_macro 0.6444 | WorstLoss 2.1183
[Tracker] Ep 1944 | AvgR 0.0005 | Global 0.9662 | Local 0.1192 | F1_macro 0.6637 | WorstLoss 1.9023
[Tracker] Ep 1945 | AvgR 0.0005 | Global 0.9868 | Local 0.1192 | F1_macro 0.6677 | WorstLoss 1.5827
[Tracker] Saved snapshot: ep1945_phase1_class1
[Tracker] Ep 1946 | AvgR 0.0005 | Global 0.9564 | Local 0.1192 | F1_macro 0.6611 | WorstLoss 1.9907
[Tracker] Ep 1947 | AvgR 0.0005 | Global 0.9208 | Local 0.1192 | F1_macro 0.6646 | WorstLoss 2.2022
[Tracker] Ep 1948 | AvgR 0.0005 | Global 0.9776 | Local 0.1192 | F1_macro 0.6589 | WorstLoss 1.7618
[Tracker] Ep 1949 | AvgR 0.0005 | Global 0.9708 | Local 0.1192 | F1_macro 0.6570 | WorstLoss 1.8520
[Tracker] Ep 1950 | AvgR 0.0005 | Global 0.9685 | Local 0.1192 | F1_macro 0.6517 | WorstLoss 1.8089
[Tracker] Saved snapshot: ep1950_phase1_class1
[Tracker] Ep 1951 | AvgR 0.0005 | Global 0.9801 | Local 0.1192 | F1_macro 0.6533 | WorstLoss 1.7203
[Tracker] Ep 1952 | AvgR 0.0005 | Global 0.9504 | Local 0.1192 | F1_macro 0.6550 | WorstLoss 2.0354
[Tracker] Ep 1953 | AvgR 0.0005 | Global 0.9601 | Local 0.1192 | F1_macro 0.6596 | WorstLoss 1.9597
[Tracker] Ep 1954 | AvgR 0.0005 | Global 0.9715 | Local 0.1192 | F1_macro 0.6608 | WorstLoss 1.8434
[Tracker] Ep 1955 | AvgR 0.0005 | Global 0.9650 | Local 0.1192 | F1_macro 0.6626 | WorstLoss 1.9142
[Tracker] Saved snapshot: ep1955_phase1_class1
[Tracker] Ep 1956 | AvgR 0.0005 | Global 0.9576 | Local 0.1192 | F1_macro 0.6439 | WorstLoss 1.9811
[Tracker] Ep 1957 | AvgR 0.0005 | Global 0.9717 | Local 0.1192 | F1_macro 0.6585 | WorstLoss 1.8407
[Tracker] Ep 1958 | AvgR 0.0005 | Global 0.9676 | Local 0.1192 | F1_macro 0.6556 | WorstLoss 1.8878
[Tracker] Ep 1959 | AvgR 0.0005 | Global 0.9627 | Local 0.1192 | F1_macro 0.6597 | WorstLoss 1.8113
[Tracker] Ep 1960 | AvgR 0.0005 | Global 0.9740 | Local 0.1192 | F1_macro 0.6636 | WorstLoss 1.8123
[Tracker] Saved snapshot: ep1960_phase1_class1
[Tracker] Ep 1961 | AvgR 0.0005 | Global 0.9598 | Local 0.1192 | F1_macro 0.6536 | WorstLoss 1.9204
[Tracker] Ep 1962 | AvgR 0.0005 | Global 0.9541 | Local 0.1192 | F1_macro 0.6546 | WorstLoss 2.0083
[Tracker] Ep 1963 | AvgR 0.0005 | Global 0.9706 | Local 0.1192 | F1_macro 0.6501 | WorstLoss 1.8541
[Tracker] Ep 1964 | AvgR 0.0005 | Global 0.9672 | Local 0.1192 | F1_macro 0.6496 | WorstLoss 1.8924
[Tracker] Ep 1965 | AvgR 0.0005 | Global 0.9721 | Local 0.1192 | F1_macro 0.6500 | WorstLoss 1.8364
[Tracker] Saved snapshot: ep1965_phase1_class1
[Tracker] Ep 1966 | AvgR 0.0005 | Global 0.9702 | Local 0.1192 | F1_macro 0.6571 | WorstLoss 1.8589
[Tracker] Ep 1967 | AvgR 0.0005 | Global 0.9572 | Local 0.1192 | F1_macro 0.6642 | WorstLoss 1.9841
[Tracker] Ep 1968 | AvgR 0.0005 | Global 0.9700 | Local 0.1192 | F1_macro 0.6575 | WorstLoss 1.8617
[Tracker] Ep 1969 | AvgR 0.0005 | Global 0.9775 | Local 0.1192 | F1_macro 0.6636 | WorstLoss 1.7621
[Tracker] Ep 1970 | AvgR 0.0005 | Global 0.9651 | Local 0.1192 | F1_macro 0.6659 | WorstLoss 1.9132
[Tracker] Saved snapshot: ep1970_phase1_class1
[Tracker] Ep 1971 | AvgR 0.0005 | Global 0.9649 | Local 0.1192 | F1_macro 0.6545 | WorstLoss 1.9155
[Tracker] Ep 1972 | AvgR 0.0005 | Global 0.9478 | Local 0.1192 | F1_macro 0.6667 | WorstLoss 2.0535
[Tracker] Ep 1973 | AvgR 0.0005 | Global 0.9511 | Local 0.1192 | F1_macro 0.6587 | WorstLoss 2.0310
[Tracker] Ep 1974 | AvgR 0.0005 | Global 0.9591 | Local 0.1192 | F1_macro 0.6575 | WorstLoss 1.9685
[Tracker] Ep 1975 | AvgR 0.0005 | Global 0.9767 | Local 0.1192 | F1_macro 0.6631 | WorstLoss 1.7747
[Tracker] Saved snapshot: ep1975_phase1_class1
[Tracker] Ep 1976 | AvgR 0.0005 | Global 0.9757 | Local 0.1192 | F1_macro 0.6450 | WorstLoss 1.7891
[Tracker] Ep 1977 | AvgR 0.0005 | Global 0.9752 | Local 0.1192 | F1_macro 0.6532 | WorstLoss 1.7963
[Tracker] Ep 1978 | AvgR 0.0005 | Global 0.9680 | Local 0.1192 | F1_macro 0.6484 | WorstLoss 1.8831
[Tracker] Ep 1979 | AvgR 0.0005 | Global 0.9702 | Local 0.1192 | F1_macro 0.6504 | WorstLoss 1.8591
[Tracker] Ep 1980 | AvgR 0.0005 | Global 0.9729 | Local 0.1192 | F1_macro 0.6654 | WorstLoss 1.8268
[Tracker] Saved snapshot: ep1980_phase1_class1
[Tracker] Ep 1981 | AvgR 0.0005 | Global 0.9579 | Local 0.1192 | F1_macro 0.6540 | WorstLoss 1.9785
[Tracker] Ep 1982 | AvgR 0.0005 | Global 0.9748 | Local 0.1192 | F1_macro 0.6550 | WorstLoss 1.8014
[Tracker] Ep 1983 | AvgR 0.0005 | Global 0.9629 | Local 0.1192 | F1_macro 0.6542 | WorstLoss 1.9342
[Tracker] Ep 1984 | AvgR 0.0005 | Global 0.9694 | Local 0.1192 | F1_macro 0.6584 | WorstLoss 1.8675
[Tracker] Ep 1985 | AvgR 0.0005 | Global 0.9819 | Local 0.1192 | F1_macro 0.6587 | WorstLoss 1.6891
[Tracker] Saved snapshot: ep1985_phase1_class1
[Tracker] Ep 1986 | AvgR 0.0005 | Global 0.9826 | Local 0.1192 | F1_macro 0.6543 | WorstLoss 1.6479
[Tracker] Ep 1987 | AvgR 0.0005 | Global 0.9625 | Local 0.1192 | F1_macro 0.6478 | WorstLoss 1.9384
[Tracker] Ep 1988 | AvgR 0.0005 | Global 0.9679 | Local 0.1192 | F1_macro 0.6464 | WorstLoss 1.8842
[Tracker] Ep 1989 | AvgR 0.0005 | Global 0.9562 | Local 0.1192 | F1_macro 0.6467 | WorstLoss 1.9925
[Tracker] Ep 1990 | AvgR 0.0005 | Global 0.9696 | Local 0.1192 | F1_macro 0.6547 | WorstLoss 1.8661
[Tracker] Saved snapshot: ep1990_phase1_class1
[Tracker] Ep 1991 | AvgR 0.0005 | Global 0.9640 | Local 0.1192 | F1_macro 0.6496 | WorstLoss 1.9238
[Tracker] Ep 1992 | AvgR 0.0005 | Global 0.9771 | Local 0.1192 | F1_macro 0.6550 | WorstLoss 1.7683
[Tracker] Ep 1993 | AvgR 0.0005 | Global 0.9736 | Local 0.1192 | F1_macro 0.6532 | WorstLoss 1.8178
[Tracker] Ep 1994 | AvgR 0.0005 | Global 0.9687 | Local 0.1192 | F1_macro 0.6662 | WorstLoss 1.8762
[Tracker] Ep 1995 | AvgR 0.0005 | Global 0.9621 | Local 0.1192 | F1_macro 0.6462 | WorstLoss 1.9415
[Tracker] Saved snapshot: ep1995_phase1_class1
[Tracker] Ep 1996 | AvgR 0.0005 | Global 0.9481 | Local 0.1192 | F1_macro 0.6586 | WorstLoss 2.0517
[Tracker] Ep 1997 | AvgR 0.0005 | Global 0.9630 | Local 0.1192 | F1_macro 0.6450 | WorstLoss 1.9340
[Tracker] Ep 1998 | AvgR 0.0005 | Global 0.9729 | Local 0.1192 | F1_macro 0.6610 | WorstLoss 1.8267
[Tracker] Ep 1999 | AvgR 0.0005 | Global 0.9812 | Local 0.1192 | F1_macro 0.6426 | WorstLoss 1.7022
[Tracker] Ep 2000 | AvgR 0.0005 | Global 0.9471 | Local 0.1192 | F1_macro 0.6507 | WorstLoss 2.0586
[Tracker] Saved snapshot: ep2000_phase1_class1
[Tracker] Ep 2001 | AvgR 0.0005 | Global 0.9549 | Local 0.1192 | F1_macro 0.6412 | WorstLoss 2.0025
[Tracker] Ep 2002 | AvgR 0.0005 | Global 0.9616 | Local 0.1192 | F1_macro 0.6428 | WorstLoss 1.9463
[Tracker] Ep 2003 | AvgR 0.0005 | Global 0.9759 | Local 0.1192 | F1_macro 0.6513 | WorstLoss 1.7863
[Tracker] Ep 2004 | AvgR 0.0005 | Global 0.9651 | Local 0.1192 | F1_macro 0.6444 | WorstLoss 1.9131
[Tracker] Ep 2005 | AvgR 0.0005 | Global 0.9737 | Local 0.1192 | F1_macro 0.6507 | WorstLoss 1.8164
[Tracker] Saved snapshot: ep2005_phase1_class1
[Tracker] Ep 2006 | AvgR 0.0005 | Global 0.9744 | Local 0.1192 | F1_macro 0.6439 | WorstLoss 1.8063
[Tracker] Ep 2007 | AvgR 0.0005 | Global 0.9549 | Local 0.1192 | F1_macro 0.6706 | WorstLoss 2.0023
[Tracker] Ep 2008 | AvgR 0.0005 | Global 0.9645 | Local 0.1192 | F1_macro 0.6614 | WorstLoss 1.9189
[Tracker] Ep 2009 | AvgR 0.0005 | Global 0.9523 | Local 0.1192 | F1_macro 0.6402 | WorstLoss 2.0222
[Tracker] Ep 2010 | AvgR 0.0005 | Global 0.9451 | Local 0.1192 | F1_macro 0.6470 | WorstLoss 2.0714
[Tracker] Saved snapshot: ep2010_phase1_class1
[Tracker] Ep 2011 | AvgR 0.0005 | Global 0.9650 | Local 0.1192 | F1_macro 0.6720 | WorstLoss 1.9140
[Tracker] Ep 2012 | AvgR 0.0005 | Global 0.9693 | Local 0.1192 | F1_macro 0.6603 | WorstLoss 1.8691
[Tracker] Ep 2013 | AvgR 0.0005 | Global 0.9554 | Local 0.1192 | F1_macro 0.6473 | WorstLoss 1.9982
[Tracker] Ep 2014 | AvgR 0.0005 | Global 0.9556 | Local 0.1192 | F1_macro 0.6597 | WorstLoss 1.9968
[Tracker] Ep 2015 | AvgR 0.0005 | Global 0.9591 | Local 0.1192 | F1_macro 0.6529 | WorstLoss 1.9687
[Tracker] Saved snapshot: ep2015_phase1_class1
[Tracker] Ep 2016 | AvgR 0.0005 | Global 0.9353 | Local 0.1192 | F1_macro 0.6546 | WorstLoss 2.0940
[Tracker] Ep 2017 | AvgR 0.0005 | Global 0.9618 | Local 0.1192 | F1_macro 0.6481 | WorstLoss 1.9110
[Tracker] Ep 2018 | AvgR 0.0005 | Global 0.9752 | Local 0.1192 | F1_macro 0.6526 | WorstLoss 1.7962
[Tracker] Ep 2019 | AvgR 0.0005 | Global 0.9679 | Local 0.1192 | F1_macro 0.6552 | WorstLoss 1.8849
[Tracker] Ep 2020 | AvgR 0.0005 | Global 0.9715 | Local 0.1192 | F1_macro 0.6578 | WorstLoss 1.8441
[Tracker] Saved snapshot: ep2020_phase1_class1
[Tracker] Ep 2021 | AvgR 0.0005 | Global 0.9297 | Local 0.1192 | F1_macro 0.6515 | WorstLoss 2.1594
[Tracker] Ep 2022 | AvgR 0.0005 | Global 0.9393 | Local 0.1192 | F1_macro 0.6404 | WorstLoss 2.1071
[Tracker] Ep 2023 | AvgR 0.0005 | Global 0.9736 | Local 0.1192 | F1_macro 0.6535 | WorstLoss 1.8180
[Tracker] Ep 2024 | AvgR 0.0005 | Global 0.9449 | Local 0.1192 | F1_macro 0.6507 | WorstLoss 2.0725
[Tracker] Ep 2025 | AvgR 0.0005 | Global 0.9604 | Local 0.1192 | F1_macro 0.6472 | WorstLoss 1.9575
[Tracker] Saved snapshot: ep2025_phase1_class1
[Tracker] Ep 2026 | AvgR 0.0005 | Global 0.9748 | Local 0.1192 | F1_macro 0.6642 | WorstLoss 1.8015
[Tracker] Ep 2027 | AvgR 0.0005 | Global 0.9730 | Local 0.1192 | F1_macro 0.6447 | WorstLoss 1.8245
[Tracker] Ep 2028 | AvgR 0.0005 | Global 0.9754 | Local 0.1192 | F1_macro 0.6436 | WorstLoss 1.7938
[Tracker] Ep 2029 | AvgR 0.0005 | Global 0.9568 | Local 0.1192 | F1_macro 0.6416 | WorstLoss 1.9873
[Tracker] Ep 2030 | AvgR 0.0005 | Global 0.9738 | Local 0.1192 | F1_macro 0.6556 | WorstLoss 1.8149
[Tracker] Saved snapshot: ep2030_phase1_class1
[Tracker] Ep 2031 | AvgR 0.0005 | Global 0.9745 | Local 0.1192 | F1_macro 0.6526 | WorstLoss 1.8055
[Tracker] Ep 2032 | AvgR 0.0005 | Global 0.9794 | Local 0.1192 | F1_macro 0.6647 | WorstLoss 1.7322
[Tracker] Ep 2033 | AvgR 0.0005 | Global 0.9597 | Local 0.1192 | F1_macro 0.6607 | WorstLoss 1.9372
[Tracker] Ep 2034 | AvgR 0.0005 | Global 0.9452 | Local 0.1192 | F1_macro 0.6529 | WorstLoss 2.0704
[Tracker] Ep 2035 | AvgR 0.0005 | Global 0.9728 | Local 0.1192 | F1_macro 0.6654 | WorstLoss 1.8280
[Tracker] Saved snapshot: ep2035_phase1_class1
[Tracker] Ep 2036 | AvgR 0.0005 | Global 0.9485 | Local 0.1192 | F1_macro 0.6518 | WorstLoss 2.0490
[Tracker] Ep 2037 | AvgR 0.0005 | Global 0.9721 | Local 0.1192 | F1_macro 0.6458 | WorstLoss 1.7426
[Tracker] Ep 2038 | AvgR 0.0005 | Global 0.9679 | Local 0.1192 | F1_macro 0.6381 | WorstLoss 1.8845
[Tracker] Ep 2039 | AvgR 0.0005 | Global 0.9588 | Local 0.1192 | F1_macro 0.6436 | WorstLoss 1.9707
[Tracker] Ep 2040 | AvgR 0.0005 | Global 0.9746 | Local 0.1192 | F1_macro 0.6564 | WorstLoss 1.8048
[Tracker] Saved snapshot: ep2040_phase1_class1
[Tracker] Ep 2041 | AvgR 0.0005 | Global 0.9475 | Local 0.1192 | F1_macro 0.6592 | WorstLoss 2.0558
[Tracker] Ep 2042 | AvgR 0.0005 | Global 0.9619 | Local 0.1192 | F1_macro 0.6555 | WorstLoss 1.9441
[Tracker] Ep 2043 | AvgR 0.0005 | Global 0.9561 | Local 0.1192 | F1_macro 0.6591 | WorstLoss 1.9928
[Tracker] Ep 2044 | AvgR 0.0005 | Global 0.9792 | Local 0.1192 | F1_macro 0.6507 | WorstLoss 1.7358
[Tracker] Ep 2045 | AvgR 0.0005 | Global 0.9727 | Local 0.1192 | F1_macro 0.6474 | WorstLoss 1.8288
[Tracker] Saved snapshot: ep2045_phase1_class1
[Tracker] Ep 2046 | AvgR 0.0005 | Global 0.9714 | Local 0.1192 | F1_macro 0.6543 | WorstLoss 1.8447
[Tracker] Ep 2047 | AvgR 0.0005 | Global 0.9631 | Local 0.1192 | F1_macro 0.6331 | WorstLoss 1.9322
[Tracker] Ep 2048 | AvgR 0.0005 | Global 0.9320 | Local 0.1192 | F1_macro 0.6448 | WorstLoss 2.1474
[Tracker] Ep 2049 | AvgR 0.0005 | Global 0.9758 | Local 0.1192 | F1_macro 0.6545 | WorstLoss 1.7882
[Tracker] Ep 2050 | AvgR 0.0005 | Global 0.9529 | Local 0.1192 | F1_macro 0.6459 | WorstLoss 2.0176
[Tracker] Saved snapshot: ep2050_phase1_class1
[Tracker] Ep 2051 | AvgR 0.0005 | Global 0.9419 | Local 0.1192 | F1_macro 0.6690 | WorstLoss 2.0913
[Tracker] Ep 2052 | AvgR 0.0005 | Global 0.9796 | Local 0.1192 | F1_macro 0.6548 | WorstLoss 1.6728
[Tracker] Ep 2053 | AvgR 0.0005 | Global 0.9335 | Local 0.1192 | F1_macro 0.6454 | WorstLoss 2.0869
[Tracker] Ep 2054 | AvgR 0.0005 | Global 0.9644 | Local 0.1192 | F1_macro 0.6588 | WorstLoss 1.9206
[Tracker] Ep 2055 | AvgR 0.0005 | Global 0.9633 | Local 0.1192 | F1_macro 0.6458 | WorstLoss 1.8509
[Tracker] Saved snapshot: ep2055_phase1_class1
[Tracker] Ep 2056 | AvgR 0.0005 | Global 0.9766 | Local 0.1192 | F1_macro 0.6348 | WorstLoss 1.7766
[Tracker] Ep 2057 | AvgR 0.0005 | Global 0.9608 | Local 0.1192 | F1_macro 0.6576 | WorstLoss 1.9538
[Tracker] Ep 2058 | AvgR 0.0005 | Global 0.9585 | Local 0.1192 | F1_macro 0.6461 | WorstLoss 1.9734
[Tracker] Ep 2059 | AvgR 0.0005 | Global 0.9735 | Local 0.1192 | F1_macro 0.6425 | WorstLoss 1.8140
[Tracker] Ep 2060 | AvgR 0.0005 | Global 0.9648 | Local 0.1192 | F1_macro 0.6523 | WorstLoss 1.9166
[Tracker] Saved snapshot: ep2060_phase1_class1
[Tracker] Ep 2061 | AvgR 0.0005 | Global 0.9818 | Local 0.1192 | F1_macro 0.6456 | WorstLoss 1.6915
[Tracker] Ep 2062 | AvgR 0.0005 | Global 0.9463 | Local 0.1192 | F1_macro 0.6444 | WorstLoss 2.0374
[Tracker] Ep 2063 | AvgR 0.0005 | Global 0.9789 | Local 0.1192 | F1_macro 0.6403 | WorstLoss 1.7401
[Tracker] Ep 2064 | AvgR 0.0005 | Global 0.9627 | Local 0.1192 | F1_macro 0.6506 | WorstLoss 1.9365
[Tracker] Ep 2065 | AvgR 0.0005 | Global 0.9769 | Local 0.1192 | F1_macro 0.6581 | WorstLoss 1.7722
[Tracker] Saved snapshot: ep2065_phase1_class1
[Tracker] Ep 2066 | AvgR 0.0005 | Global 0.9534 | Local 0.1192 | F1_macro 0.6429 | WorstLoss 1.9719
[Tracker] Ep 2067 | AvgR 0.0005 | Global 0.9748 | Local 0.1192 | F1_macro 0.6621 | WorstLoss 1.8013
[Tracker] Ep 2068 | AvgR 0.0005 | Global 0.9325 | Local 0.1192 | F1_macro 0.6529 | WorstLoss 2.1447
[Tracker] Ep 2069 | AvgR 0.0005 | Global 0.9738 | Local 0.1192 | F1_macro 0.6489 | WorstLoss 1.8146
[Tracker] Ep 2070 | AvgR 0.0005 | Global 0.9752 | Local 0.1192 | F1_macro 0.6596 | WorstLoss 1.7958
[Tracker] Saved snapshot: ep2070_phase1_class1
[Tracker] Ep 2071 | AvgR 0.0005 | Global 0.9723 | Local 0.1192 | F1_macro 0.6516 | WorstLoss 1.8339
[Tracker] Ep 2072 | AvgR 0.0005 | Global 0.9808 | Local 0.1192 | F1_macro 0.6469 | WorstLoss 1.7093
[Tracker] Ep 2073 | AvgR 0.0005 | Global 0.9325 | Local 0.1192 | F1_macro 0.6565 | WorstLoss 2.1445
[Tracker] Ep 2074 | AvgR 0.0005 | Global 0.9765 | Local 0.1192 | F1_macro 0.6450 | WorstLoss 1.7779
[Tracker] Ep 2075 | AvgR 0.0005 | Global 0.9694 | Local 0.1192 | F1_macro 0.6608 | WorstLoss 1.8678
[Tracker] Saved snapshot: ep2075_phase1_class1
[Tracker] Ep 2076 | AvgR 0.0005 | Global 0.9748 | Local 0.1192 | F1_macro 0.6532 | WorstLoss 1.8009
[Tracker] Ep 2077 | AvgR 0.0005 | Global 0.9743 | Local 0.1192 | F1_macro 0.6404 | WorstLoss 1.8081
[Tracker] Ep 2078 | AvgR 0.0005 | Global 0.9594 | Local 0.1192 | F1_macro 0.6537 | WorstLoss 1.9549
[Tracker] Ep 2079 | AvgR 0.0005 | Global 0.9429 | Local 0.1192 | F1_macro 0.6501 | WorstLoss 2.0671
[Tracker] Ep 2080 | AvgR 0.0005 | Global 0.9677 | Local 0.1192 | F1_macro 0.6543 | WorstLoss 1.8864
[Tracker] Saved snapshot: ep2080_phase1_class1
[Tracker] Ep 2081 | AvgR 0.0005 | Global 0.9569 | Local 0.1192 | F1_macro 0.6501 | WorstLoss 1.9828
[Tracker] Ep 2082 | AvgR 0.0005 | Global 0.9527 | Local 0.1192 | F1_macro 0.6458 | WorstLoss 1.9261
[Tracker] Ep 2083 | AvgR 0.0005 | Global 0.9481 | Local 0.1192 | F1_macro 0.6555 | WorstLoss 2.0514
[Tracker] Ep 2084 | AvgR 0.0005 | Global 0.9647 | Local 0.1192 | F1_macro 0.6510 | WorstLoss 1.9177
[Tracker] Ep 2085 | AvgR 0.0005 | Global 0.9697 | Local 0.1192 | F1_macro 0.6597 | WorstLoss 1.8650
[Tracker] Saved snapshot: ep2085_phase1_class1
[Tracker] Ep 2086 | AvgR 0.0005 | Global 0.9441 | Local 0.1192 | F1_macro 0.6603 | WorstLoss 2.0780
[Tracker] Ep 2087 | AvgR 0.0005 | Global 0.9674 | Local 0.1192 | F1_macro 0.6693 | WorstLoss 1.8896
[Tracker] Ep 2088 | AvgR 0.0005 | Global 0.9590 | Local 0.1192 | F1_macro 0.6577 | WorstLoss 1.9688
[Tracker] Ep 2089 | AvgR 0.0005 | Global 0.9763 | Local 0.1192 | F1_macro 0.6582 | WorstLoss 1.7800
[Tracker] Ep 2090 | AvgR 0.0005 | Global 0.9814 | Local 0.1192 | F1_macro 0.6509 | WorstLoss 1.6989
[Tracker] Saved snapshot: ep2090_phase1_class1
[Tracker] Ep 2091 | AvgR 0.0005 | Global 0.9736 | Local 0.1192 | F1_macro 0.6520 | WorstLoss 1.8179
[Tracker] Ep 2092 | AvgR 0.0005 | Global 0.9836 | Local 0.1192 | F1_macro 0.6431 | WorstLoss 1.6552
[Tracker] Ep 2093 | AvgR 0.0005 | Global 0.9667 | Local 0.1192 | F1_macro 0.6491 | WorstLoss 1.8975
[Tracker] Ep 2094 | AvgR 0.0005 | Global 0.9649 | Local 0.1192 | F1_macro 0.6702 | WorstLoss 1.8879
[Tracker] Ep 2095 | AvgR 0.0005 | Global 0.9749 | Local 0.1192 | F1_macro 0.6504 | WorstLoss 1.8004
[Tracker] Saved snapshot: ep2095_phase1_class1
[Tracker] Ep 2096 | AvgR 0.0005 | Global 0.9674 | Local 0.1192 | F1_macro 0.6594 | WorstLoss 1.8899
[Tracker] Ep 2097 | AvgR 0.0005 | Global 0.9805 | Local 0.1192 | F1_macro 0.6522 | WorstLoss 1.7148
[Tracker] Ep 2098 | AvgR 0.0005 | Global 0.9735 | Local 0.1192 | F1_macro 0.6480 | WorstLoss 1.8190
[Tracker] Ep 2099 | AvgR 0.0005 | Global 0.9679 | Local 0.1192 | F1_macro 0.6461 | WorstLoss 1.8841
[Tracker] Ep 2100 | AvgR 0.0005 | Global 0.9731 | Local 0.1192 | F1_macro 0.6413 | WorstLoss 1.8243
[Tracker] Saved snapshot: ep2100_phase1_class1
[Tracker] Ep 2101 | AvgR 0.0005 | Global 0.9482 | Local 0.1192 | F1_macro 0.6490 | WorstLoss 2.0507
[Tracker] Ep 2102 | AvgR 0.0005 | Global 0.9611 | Local 0.1192 | F1_macro 0.6595 | WorstLoss 1.9507
[Tracker] Ep 2103 | AvgR 0.0005 | Global 0.9763 | Local 0.1192 | F1_macro 0.6551 | WorstLoss 1.7302
[Tracker] Ep 2104 | AvgR 0.0005 | Global 0.9626 | Local 0.1192 | F1_macro 0.6467 | WorstLoss 1.9375
[Tracker] Ep 2105 | AvgR 0.0005 | Global 0.9751 | Local 0.1192 | F1_macro 0.6401 | WorstLoss 1.7976
[Tracker] Saved snapshot: ep2105_phase1_class1
[Tracker] Ep 2106 | AvgR 0.0005 | Global 0.9619 | Local 0.1192 | F1_macro 0.6578 | WorstLoss 1.9434
[Tracker] Ep 2107 | AvgR 0.0005 | Global 0.9666 | Local 0.1192 | F1_macro 0.6590 | WorstLoss 1.8984
[Tracker] Ep 2108 | AvgR 0.0005 | Global 0.9696 | Local 0.1192 | F1_macro 0.6517 | WorstLoss 1.8663
[Tracker] Ep 2109 | AvgR 0.0005 | Global 0.9579 | Local 0.1192 | F1_macro 0.6551 | WorstLoss 1.9784
[Tracker] Ep 2110 | AvgR 0.0005 | Global 0.9597 | Local 0.1192 | F1_macro 0.6479 | WorstLoss 1.9633
[Tracker] Saved snapshot: ep2110_phase1_class1
[Tracker] Ep 2111 | AvgR 0.0005 | Global 0.9351 | Local 0.1192 | F1_macro 0.6546 | WorstLoss 2.1307
[Tracker] Ep 2112 | AvgR 0.0005 | Global 0.9734 | Local 0.1192 | F1_macro 0.6505 | WorstLoss 1.8202
[Tracker] Ep 2113 | AvgR 0.0005 | Global 0.9796 | Local 0.1192 | F1_macro 0.6576 | WorstLoss 1.7292
[Tracker] Ep 2114 | AvgR 0.0005 | Global 0.9661 | Local 0.1192 | F1_macro 0.6467 | WorstLoss 1.9037
[Tracker] Ep 2115 | AvgR 0.0005 | Global 0.9875 | Local 0.1192 | F1_macro 0.6509 | WorstLoss 1.5632
[Tracker] Saved snapshot: ep2115_phase1_class1
[Tracker] New BEST synthetic [phase1_class1] (by global.global_obj: 0.987511) saved.
[Tracker] BEST β weights [phase1_class1] saved -> training_runs/SPECcompas_v18k3_ep3000_gpu1_EP3000_PCA10_REWfairness_minID0_majID1_TRJ2000_REAL3000_BIAS0.05_GG202604111115_d5681707/seed_3/best_beta_state_dict_phase1_class1.pt
[Tracker] Ep 2116 | AvgR 0.0005 | Global 0.9520 | Local 0.1192 | F1_macro 0.6454 | WorstLoss 2.0240
[Tracker] Ep 2117 | AvgR 0.0005 | Global 0.9572 | Local 0.1192 | F1_macro 0.6594 | WorstLoss 1.9841
[Tracker] Ep 2118 | AvgR 0.0005 | Global 0.9737 | Local 0.1192 | F1_macro 0.6523 | WorstLoss 1.8157
[Tracker] Ep 2119 | AvgR 0.0005 | Global 0.9538 | Local 0.1192 | F1_macro 0.6419 | WorstLoss 2.0107
[Tracker] Ep 2120 | AvgR 0.0005 | Global 0.9766 | Local 0.1192 | F1_macro 0.6586 | WorstLoss 1.7760
[Tracker] Saved snapshot: ep2120_phase1_class1
[Tracker] Ep 2121 | AvgR 0.0005 | Global 0.9571 | Local 0.1192 | F1_macro 0.6455 | WorstLoss 1.9846
[Tracker] Ep 2122 | AvgR 0.0005 | Global 0.9673 | Local 0.1192 | F1_macro 0.6542 | WorstLoss 1.8911
[Tracker] Ep 2123 | AvgR 0.0005 | Global 0.9594 | Local 0.1192 | F1_macro 0.6496 | WorstLoss 1.9419
[Tracker] Ep 2124 | AvgR 0.0005 | Global 0.9789 | Local 0.1192 | F1_macro 0.6502 | WorstLoss 1.7413
[Tracker] Ep 2125 | AvgR 0.0005 | Global 0.9846 | Local 0.1192 | F1_macro 0.6519 | WorstLoss 1.6350
[Tracker] Saved snapshot: ep2125_phase1_class1
[Tracker] Ep 2126 | AvgR 0.0005 | Global 0.9775 | Local 0.1192 | F1_macro 0.6688 | WorstLoss 1.7631
[Tracker] Ep 2127 | AvgR 0.0005 | Global 0.9813 | Local 0.1192 | F1_macro 0.6654 | WorstLoss 1.7003
[Tracker] Ep 2128 | AvgR 0.0005 | Global 0.9643 | Local 0.1192 | F1_macro 0.6676 | WorstLoss 1.9214
[Tracker] Ep 2129 | AvgR 0.0005 | Global 0.9722 | Local 0.1192 | F1_macro 0.6453 | WorstLoss 1.8349
[Tracker] Ep 2130 | AvgR 0.0005 | Global 0.9651 | Local 0.1192 | F1_macro 0.6552 | WorstLoss 1.9135
[Tracker] Saved snapshot: ep2130_phase1_class1
[Tracker] Ep 2131 | AvgR 0.0005 | Global 0.9693 | Local 0.1192 | F1_macro 0.6612 | WorstLoss 1.8697
[Tracker] Ep 2132 | AvgR 0.0005 | Global 0.9623 | Local 0.1192 | F1_macro 0.6572 | WorstLoss 1.9236
[Tracker] Ep 2133 | AvgR 0.0005 | Global 0.9622 | Local 0.1192 | F1_macro 0.6592 | WorstLoss 1.9413
[Tracker] Ep 2134 | AvgR 0.0005 | Global 0.9625 | Local 0.1192 | F1_macro 0.6522 | WorstLoss 1.9384
[Tracker] Ep 2135 | AvgR 0.0005 | Global 0.9460 | Local 0.1192 | F1_macro 0.6567 | WorstLoss 2.0658
[Tracker] Saved snapshot: ep2135_phase1_class1
[Tracker] Ep 2136 | AvgR 0.0005 | Global 0.9634 | Local 0.1192 | F1_macro 0.6572 | WorstLoss 1.9294
[Tracker] Ep 2137 | AvgR 0.0005 | Global 0.9718 | Local 0.1192 | F1_macro 0.6608 | WorstLoss 1.8394
[Tracker] Ep 2138 | AvgR 0.0005 | Global 0.9618 | Local 0.1192 | F1_macro 0.6571 | WorstLoss 1.8318
[Tracker] Ep 2139 | AvgR 0.0005 | Global 0.9750 | Local 0.1192 | F1_macro 0.6633 | WorstLoss 1.7990
[Tracker] Ep 2140 | AvgR 0.0005 | Global 0.9828 | Local 0.1192 | F1_macro 0.6570 | WorstLoss 1.6715
[Tracker] Saved snapshot: ep2140_phase1_class1
[Tracker] Ep 2141 | AvgR 0.0005 | Global 0.9819 | Local 0.1192 | F1_macro 0.6560 | WorstLoss 1.6896
[Tracker] Ep 2142 | AvgR 0.0005 | Global 0.9756 | Local 0.1192 | F1_macro 0.6451 | WorstLoss 1.7900
[Tracker] Ep 2143 | AvgR 0.0005 | Global 0.9745 | Local 0.1192 | F1_macro 0.6379 | WorstLoss 1.8050
[Tracker] Ep 2144 | AvgR 0.0005 | Global 0.9772 | Local 0.1192 | F1_macro 0.6675 | WorstLoss 1.7667
[Tracker] Ep 2145 | AvgR 0.0005 | Global 0.9793 | Local 0.1192 | F1_macro 0.6586 | WorstLoss 1.7343
[Tracker] Saved snapshot: ep2145_phase1_class1
[Tracker] Ep 2146 | AvgR 0.0005 | Global 0.9591 | Local 0.1192 | F1_macro 0.6596 | WorstLoss 1.9682
[Tracker] Ep 2147 | AvgR 0.0005 | Global 0.9472 | Local 0.1192 | F1_macro 0.6494 | WorstLoss 2.0579
[Tracker] Ep 2148 | AvgR 0.0005 | Global 0.9732 | Local 0.1192 | F1_macro 0.6436 | WorstLoss 1.8225
[Tracker] Ep 2149 | AvgR 0.0005 | Global 0.9738 | Local 0.1192 | F1_macro 0.6532 | WorstLoss 1.8144
[Tracker] Ep 2150 | AvgR 0.0005 | Global 0.9647 | Local 0.1192 | F1_macro 0.6509 | WorstLoss 1.9084
[Tracker] Saved snapshot: ep2150_phase1_class1
[Tracker] Ep 2151 | AvgR 0.0005 | Global 0.9690 | Local 0.1192 | F1_macro 0.6539 | WorstLoss 1.8728
[Tracker] Ep 2152 | AvgR 0.0005 | Global 0.9665 | Local 0.1192 | F1_macro 0.6485 | WorstLoss 1.8991
[Tracker] Ep 2153 | AvgR 0.0005 | Global 0.9546 | Local 0.1192 | F1_macro 0.6498 | WorstLoss 2.0012
[Tracker] Ep 2154 | AvgR 0.0005 | Global 0.9571 | Local 0.1192 | F1_macro 0.6461 | WorstLoss 1.9849
[Tracker] Ep 2155 | AvgR 0.0005 | Global 0.9750 | Local 0.1192 | F1_macro 0.6500 | WorstLoss 1.7988
[Tracker] Saved snapshot: ep2155_phase1_class1
[Tracker] Ep 2156 | AvgR 0.0005 | Global 0.9760 | Local 0.1192 | F1_macro 0.6457 | WorstLoss 1.7852
[Tracker] Ep 2157 | AvgR 0.0005 | Global 0.9516 | Local 0.1192 | F1_macro 0.6494 | WorstLoss 1.9841
[Tracker] Ep 2158 | AvgR 0.0005 | Global 0.9713 | Local 0.1192 | F1_macro 0.6489 | WorstLoss 1.8457
[Tracker] Ep 2159 | AvgR 0.0005 | Global 0.9675 | Local 0.1192 | F1_macro 0.6518 | WorstLoss 1.8893
[Tracker] Ep 2160 | AvgR 0.0005 | Global 0.9628 | Local 0.1192 | F1_macro 0.6552 | WorstLoss 1.9350
[Tracker] Saved snapshot: ep2160_phase1_class1
[Tracker] Ep 2161 | AvgR 0.0005 | Global 0.9367 | Local 0.1192 | F1_macro 0.6485 | WorstLoss 2.1219
[Tracker] Ep 2162 | AvgR 0.0005 | Global 0.9800 | Local 0.1192 | F1_macro 0.6554 | WorstLoss 1.7234
[Tracker] Ep 2163 | AvgR 0.0005 | Global 0.9581 | Local 0.1192 | F1_macro 0.6628 | WorstLoss 1.9770
[Tracker] Ep 2164 | AvgR 0.0005 | Global 0.9665 | Local 0.1192 | F1_macro 0.6523 | WorstLoss 1.8994
[Tracker] Ep 2165 | AvgR 0.0005 | Global 0.9744 | Local 0.1192 | F1_macro 0.6582 | WorstLoss 1.8066
[Tracker] Saved snapshot: ep2165_phase1_class1
[Tracker] Ep 2166 | AvgR 0.0005 | Global 0.9419 | Local 0.1192 | F1_macro 0.6442 | WorstLoss 2.0916
[Tracker] Ep 2167 | AvgR 0.0005 | Global 0.9771 | Local 0.1192 | F1_macro 0.6523 | WorstLoss 1.7681
[Tracker] Ep 2168 | AvgR 0.0005 | Global 0.9579 | Local 0.1192 | F1_macro 0.6463 | WorstLoss 1.9781
[Tracker] Ep 2169 | AvgR 0.0005 | Global 0.9534 | Local 0.1192 | F1_macro 0.6477 | WorstLoss 1.9673
[Tracker] Ep 2170 | AvgR 0.0005 | Global 0.9667 | Local 0.1192 | F1_macro 0.6497 | WorstLoss 1.8970
[Tracker] Saved snapshot: ep2170_phase1_class1
[Tracker] Ep 2171 | AvgR 0.0005 | Global 0.9743 | Local 0.1192 | F1_macro 0.6466 | WorstLoss 1.8088
[Tracker] Ep 2172 | AvgR 0.0005 | Global 0.9650 | Local 0.1192 | F1_macro 0.6462 | WorstLoss 1.9147
[Tracker] Ep 2173 | AvgR 0.0005 | Global 0.9715 | Local 0.1192 | F1_macro 0.6456 | WorstLoss 1.8442
[Tracker] Ep 2174 | AvgR 0.0005 | Global 0.9842 | Local 0.1192 | F1_macro 0.6617 | WorstLoss 1.6427
[Tracker] Ep 2175 | AvgR 0.0005 | Global 0.9492 | Local 0.1192 | F1_macro 0.6446 | WorstLoss 2.0026
[Tracker] Saved snapshot: ep2175_phase1_class1
[Tracker] Ep 2176 | AvgR 0.0005 | Global 0.9393 | Local 0.1192 | F1_macro 0.6474 | WorstLoss 2.1066
[Tracker] Ep 2177 | AvgR 0.0005 | Global 0.9690 | Local 0.1192 | F1_macro 0.6547 | WorstLoss 1.8051
[Tracker] Ep 2178 | AvgR 0.0005 | Global 0.9643 | Local 0.1192 | F1_macro 0.6645 | WorstLoss 1.9211
[Tracker] Ep 2179 | AvgR 0.0005 | Global 0.9657 | Local 0.1192 | F1_macro 0.6417 | WorstLoss 1.8334
[Tracker] Ep 2180 | AvgR 0.0005 | Global 0.9642 | Local 0.1192 | F1_macro 0.6565 | WorstLoss 1.9225
[Tracker] Saved snapshot: ep2180_phase1_class1
[Tracker] Ep 2181 | AvgR 0.0005 | Global 0.9516 | Local 0.1192 | F1_macro 0.6527 | WorstLoss 2.0268
[Tracker] Ep 2182 | AvgR 0.0005 | Global 0.9685 | Local 0.1192 | F1_macro 0.6427 | WorstLoss 1.8779
[Tracker] Ep 2183 | AvgR 0.0005 | Global 0.9602 | Local 0.1192 | F1_macro 0.6505 | WorstLoss 1.9584
[Tracker] Ep 2184 | AvgR 0.0005 | Global 0.9727 | Local 0.1192 | F1_macro 0.6504 | WorstLoss 1.8294
[Tracker] Ep 2185 | AvgR 0.0005 | Global 0.9682 | Local 0.1192 | F1_macro 0.6589 | WorstLoss 1.8380
[Tracker] Saved snapshot: ep2185_phase1_class1
[Tracker] Ep 2186 | AvgR 0.0005 | Global 0.9730 | Local 0.1192 | F1_macro 0.6560 | WorstLoss 1.8255
[Tracker] Ep 2187 | AvgR 0.0005 | Global 0.9785 | Local 0.1192 | F1_macro 0.6528 | WorstLoss 1.7478
[Tracker] Ep 2188 | AvgR 0.0005 | Global 0.9489 | Local 0.1192 | F1_macro 0.6451 | WorstLoss 2.0459
[Tracker] Ep 2189 | AvgR 0.0005 | Global 0.9763 | Local 0.1192 | F1_macro 0.6578 | WorstLoss 1.7805
[Tracker] Ep 2190 | AvgR 0.0005 | Global 0.9787 | Local 0.1192 | F1_macro 0.6485 | WorstLoss 1.7440
[Tracker] Saved snapshot: ep2190_phase1_class1
[Tracker] Ep 2191 | AvgR 0.0005 | Global 0.9571 | Local 0.1192 | F1_macro 0.6526 | WorstLoss 1.9850
[Tracker] Ep 2192 | AvgR 0.0005 | Global 0.9806 | Local 0.1192 | F1_macro 0.6450 | WorstLoss 1.7130
[Tracker] Ep 2193 | AvgR 0.0005 | Global 0.9661 | Local 0.1192 | F1_macro 0.6637 | WorstLoss 1.9028
[Tracker] Ep 2194 | AvgR 0.0005 | Global 0.9833 | Local 0.1192 | F1_macro 0.6612 | WorstLoss 1.6610
[Tracker] Ep 2195 | AvgR 0.0005 | Global 0.9504 | Local 0.1192 | F1_macro 0.6626 | WorstLoss 2.0355
[Tracker] Saved snapshot: ep2195_phase1_class1
[Tracker] Ep 2196 | AvgR 0.0005 | Global 0.9760 | Local 0.1192 | F1_macro 0.6518 | WorstLoss 1.7845
[Tracker] Ep 2197 | AvgR 0.0005 | Global 0.9777 | Local 0.1192 | F1_macro 0.6502 | WorstLoss 1.7596
[Tracker] Ep 2198 | AvgR 0.0005 | Global 0.9663 | Local 0.1192 | F1_macro 0.6580 | WorstLoss 1.9011
[Tracker] Ep 2199 | AvgR 0.0005 | Global 0.9632 | Local 0.1192 | F1_macro 0.6518 | WorstLoss 1.9037
[Tracker] Ep 2200 | AvgR 0.0005 | Global 0.9769 | Local 0.1192 | F1_macro 0.6697 | WorstLoss 1.7725
[Tracker] Saved snapshot: ep2200_phase1_class1
[Tracker] Ep 2201 | AvgR 0.0005 | Global 0.9530 | Local 0.1192 | F1_macro 0.6478 | WorstLoss 2.0168
[Tracker] Ep 2202 | AvgR 0.0005 | Global 0.9639 | Local 0.1192 | F1_macro 0.6586 | WorstLoss 1.9255
[Tracker] Ep 2203 | AvgR 0.0005 | Global 0.9700 | Local 0.1192 | F1_macro 0.6520 | WorstLoss 1.8608
[Tracker] Ep 2204 | AvgR 0.0005 | Global 0.9094 | Local 0.1192 | F1_macro 0.6352 | WorstLoss 2.2297
[Tracker] Ep 2205 | AvgR 0.0005 | Global 0.9481 | Local 0.1192 | F1_macro 0.6422 | WorstLoss 2.0381
[Tracker] Saved snapshot: ep2205_phase1_class1
[Tracker] Ep 2206 | AvgR 0.0005 | Global 0.9613 | Local 0.1192 | F1_macro 0.6430 | WorstLoss 1.9490
[Tracker] Ep 2207 | AvgR 0.0005 | Global 0.9442 | Local 0.1192 | F1_macro 0.6524 | WorstLoss 2.0768
[Tracker] Ep 2208 | AvgR 0.0005 | Global 0.9660 | Local 0.1192 | F1_macro 0.6425 | WorstLoss 1.9046
[Tracker] Ep 2209 | AvgR 0.0005 | Global 0.9829 | Local 0.1192 | F1_macro 0.6485 | WorstLoss 1.6687
[Tracker] Ep 2210 | AvgR 0.0005 | Global 0.9620 | Local 0.1192 | F1_macro 0.6507 | WorstLoss 1.9430
[Tracker] Saved snapshot: ep2210_phase1_class1
[Tracker] Ep 2211 | AvgR 0.0005 | Global 0.9757 | Local 0.1192 | F1_macro 0.6529 | WorstLoss 1.7886
[Tracker] Ep 2212 | AvgR 0.0005 | Global 0.9626 | Local 0.1192 | F1_macro 0.6532 | WorstLoss 1.9368
[Tracker] Ep 2213 | AvgR 0.0005 | Global 0.9637 | Local 0.1192 | F1_macro 0.6558 | WorstLoss 1.9158
[Tracker] Ep 2214 | AvgR 0.0005 | Global 0.9652 | Local 0.1192 | F1_macro 0.6620 | WorstLoss 1.9119
[Tracker] Ep 2215 | AvgR 0.0005 | Global 0.9466 | Local 0.1192 | F1_macro 0.6506 | WorstLoss 2.0618
[Tracker] Saved snapshot: ep2215_phase1_class1
[Tracker] Ep 2216 | AvgR 0.0005 | Global 0.9703 | Local 0.1192 | F1_macro 0.6515 | WorstLoss 1.8573
[Tracker] Ep 2217 | AvgR 0.0005 | Global 0.9428 | Local 0.1192 | F1_macro 0.6394 | WorstLoss 2.0594
[Tracker] Ep 2218 | AvgR 0.0005 | Global 0.9456 | Local 0.1192 | F1_macro 0.6434 | WorstLoss 2.0246
[Tracker] Ep 2219 | AvgR 0.0005 | Global 0.9709 | Local 0.1192 | F1_macro 0.6444 | WorstLoss 1.8510
[Tracker] Ep 2220 | AvgR 0.0005 | Global 0.9572 | Local 0.1192 | F1_macro 0.6490 | WorstLoss 1.9842
[Tracker] Saved snapshot: ep2220_phase1_class1
[Tracker] Ep 2221 | AvgR 0.0005 | Global 0.9543 | Local 0.1192 | F1_macro 0.6563 | WorstLoss 2.0072
[Tracker] Ep 2222 | AvgR 0.0005 | Global 0.9671 | Local 0.1192 | F1_macro 0.6499 | WorstLoss 1.8930
[Tracker] Ep 2223 | AvgR 0.0005 | Global 0.9627 | Local 0.1192 | F1_macro 0.6571 | WorstLoss 1.9362
[Tracker] Ep 2224 | AvgR 0.0005 | Global 0.9712 | Local 0.1192 | F1_macro 0.6436 | WorstLoss 1.8476
[Tracker] Ep 2225 | AvgR 0.0005 | Global 0.9768 | Local 0.1192 | F1_macro 0.6478 | WorstLoss 1.7732
[Tracker] Saved snapshot: ep2225_phase1_class1
[Tracker] Ep 2226 | AvgR 0.0005 | Global 0.9591 | Local 0.1192 | F1_macro 0.6537 | WorstLoss 1.9680
[Tracker] Ep 2227 | AvgR 0.0005 | Global 0.9765 | Local 0.1192 | F1_macro 0.6567 | WorstLoss 1.7772
[Tracker] Ep 2228 | AvgR 0.0005 | Global 0.9633 | Local 0.1192 | F1_macro 0.6520 | WorstLoss 1.9308
[Tracker] Ep 2229 | AvgR 0.0005 | Global 0.9792 | Local 0.1192 | F1_macro 0.6500 | WorstLoss 1.7358
[Tracker] Ep 2230 | AvgR 0.0005 | Global 0.9641 | Local 0.1192 | F1_macro 0.6554 | WorstLoss 1.9232
[Tracker] Saved snapshot: ep2230_phase1_class1
[Tracker] Ep 2231 | AvgR 0.0005 | Global 0.9783 | Local 0.1192 | F1_macro 0.6433 | WorstLoss 1.7502
[Tracker] Ep 2232 | AvgR 0.0005 | Global 0.9432 | Local 0.1192 | F1_macro 0.6529 | WorstLoss 2.0831
[Tracker] Ep 2233 | AvgR 0.0005 | Global 0.9621 | Local 0.1192 | F1_macro 0.6587 | WorstLoss 1.9422
[Tracker] Ep 2234 | AvgR 0.0005 | Global 0.9551 | Local 0.1192 | F1_macro 0.6538 | WorstLoss 2.0008
[Tracker] Ep 2235 | AvgR 0.0005 | Global 0.9644 | Local 0.1192 | F1_macro 0.6479 | WorstLoss 1.8606
[Tracker] Saved snapshot: ep2235_phase1_class1
[Tracker] Ep 2236 | AvgR 0.0005 | Global 0.9771 | Local 0.1192 | F1_macro 0.6599 | WorstLoss 1.7685
[Tracker] Ep 2237 | AvgR 0.0005 | Global 0.9413 | Local 0.1192 | F1_macro 0.6484 | WorstLoss 2.0948
[Tracker] Ep 2238 | AvgR 0.0005 | Global 0.9504 | Local 0.1192 | F1_macro 0.6580 | WorstLoss 2.0357
[Tracker] Ep 2239 | AvgR 0.0005 | Global 0.9709 | Local 0.1192 | F1_macro 0.6659 | WorstLoss 1.8503
[Tracker] Ep 2240 | AvgR 0.0005 | Global 0.9378 | Local 0.1192 | F1_macro 0.6497 | WorstLoss 2.1156
[Tracker] Saved snapshot: ep2240_phase1_class1
[Tracker] Ep 2241 | AvgR 0.0005 | Global 0.9821 | Local 0.1192 | F1_macro 0.6594 | WorstLoss 1.6850
[Tracker] Ep 2242 | AvgR 0.0005 | Global 0.9527 | Local 0.1192 | F1_macro 0.6633 | WorstLoss 2.0193
[Tracker] Ep 2243 | AvgR 0.0005 | Global 0.9676 | Local 0.1192 | F1_macro 0.6501 | WorstLoss 1.8879
[Tracker] Ep 2244 | AvgR 0.0005 | Global 0.9410 | Local 0.1192 | F1_macro 0.6501 | WorstLoss 2.0955
[Tracker] Ep 2245 | AvgR 0.0005 | Global 0.9823 | Local 0.1192 | F1_macro 0.6590 | WorstLoss 1.6818
[Tracker] Saved snapshot: ep2245_phase1_class1
[Tracker] Ep 2246 | AvgR 0.0005 | Global 0.9700 | Local 0.1192 | F1_macro 0.6621 | WorstLoss 1.8607
[Tracker] Ep 2247 | AvgR 0.0005 | Global 0.9740 | Local 0.1192 | F1_macro 0.6577 | WorstLoss 1.8116
[Tracker] Ep 2248 | AvgR 0.0005 | Global 0.9706 | Local 0.1192 | F1_macro 0.6597 | WorstLoss 1.8549
[Tracker] Ep 2249 | AvgR 0.0005 | Global 0.9724 | Local 0.1192 | F1_macro 0.6590 | WorstLoss 1.8332
[Tracker] Ep 2250 | AvgR 0.0005 | Global 0.9809 | Local 0.1192 | F1_macro 0.6684 | WorstLoss 1.7063
[Tracker] Saved snapshot: ep2250_phase1_class1
[Tracker] Ep 2251 | AvgR 0.0005 | Global 0.9740 | Local 0.1192 | F1_macro 0.6538 | WorstLoss 1.8123
[Tracker] Ep 2252 | AvgR 0.0005 | Global 0.9761 | Local 0.1192 | F1_macro 0.6539 | WorstLoss 1.7840
[Tracker] Ep 2253 | AvgR 0.0005 | Global 0.9672 | Local 0.1192 | F1_macro 0.6533 | WorstLoss 1.8921
[Tracker] Ep 2254 | AvgR 0.0005 | Global 0.9659 | Local 0.1192 | F1_macro 0.6533 | WorstLoss 1.9052
[Tracker] Ep 2255 | AvgR 0.0005 | Global 0.9630 | Local 0.1192 | F1_macro 0.6561 | WorstLoss 1.9335
[Tracker] Saved snapshot: ep2255_phase1_class1
[Tracker] Ep 2256 | AvgR 0.0005 | Global 0.9353 | Local 0.1192 | F1_macro 0.6515 | WorstLoss 2.1296
[Tracker] Ep 2257 | AvgR 0.0005 | Global 0.9788 | Local 0.1192 | F1_macro 0.6626 | WorstLoss 1.7424
[Tracker] Ep 2258 | AvgR 0.0005 | Global 0.9731 | Local 0.1192 | F1_macro 0.6506 | WorstLoss 1.8243
[Tracker] Ep 2259 | AvgR 0.0005 | Global 0.9655 | Local 0.1192 | F1_macro 0.6582 | WorstLoss 1.9095
[Tracker] Ep 2260 | AvgR 0.0005 | Global 0.9677 | Local 0.1192 | F1_macro 0.6602 | WorstLoss 1.8863
[Tracker] Saved snapshot: ep2260_phase1_class1
[Tracker] Ep 2261 | AvgR 0.0005 | Global 0.9530 | Local 0.1192 | F1_macro 0.6502 | WorstLoss 2.0170
[Tracker] Ep 2262 | AvgR 0.0005 | Global 0.9640 | Local 0.1192 | F1_macro 0.6518 | WorstLoss 1.9239
[Tracker] Ep 2263 | AvgR 0.0005 | Global 0.9378 | Local 0.1192 | F1_macro 0.6424 | WorstLoss 2.1018
[Tracker] Ep 2264 | AvgR 0.0005 | Global 0.9662 | Local 0.1192 | F1_macro 0.6622 | WorstLoss 1.9027
[Tracker] Ep 2265 | AvgR 0.0005 | Global 0.9427 | Local 0.1192 | F1_macro 0.6479 | WorstLoss 2.0818
[Tracker] Saved snapshot: ep2265_phase1_class1
[Tracker] Ep 2266 | AvgR 0.0005 | Global 0.9530 | Local 0.1192 | F1_macro 0.6515 | WorstLoss 2.0164
[Tracker] Ep 2267 | AvgR 0.0005 | Global 0.9804 | Local 0.1192 | F1_macro 0.6541 | WorstLoss 1.7157
[Tracker] Ep 2268 | AvgR 0.0005 | Global 0.9227 | Local 0.1192 | F1_macro 0.6518 | WorstLoss 2.1870
[Tracker] Ep 2269 | AvgR 0.0005 | Global 0.9744 | Local 0.1192 | F1_macro 0.6648 | WorstLoss 1.8073
[Tracker] Ep 2270 | AvgR 0.0005 | Global 0.9680 | Local 0.1192 | F1_macro 0.6445 | WorstLoss 1.8839
[Tracker] Saved snapshot: ep2270_phase1_class1
[Tracker] Ep 2271 | AvgR 0.0005 | Global 0.9365 | Local 0.1192 | F1_macro 0.6466 | WorstLoss 2.1228
[Tracker] Ep 2272 | AvgR 0.0005 | Global 0.9679 | Local 0.1192 | F1_macro 0.6512 | WorstLoss 1.8842
[Tracker] Ep 2273 | AvgR 0.0005 | Global 0.9743 | Local 0.1192 | F1_macro 0.6578 | WorstLoss 1.8086
[Tracker] Ep 2274 | AvgR 0.0005 | Global 0.9687 | Local 0.1192 | F1_macro 0.6636 | WorstLoss 1.8764
[Tracker] Ep 2275 | AvgR 0.0005 | Global 0.9714 | Local 0.1192 | F1_macro 0.6517 | WorstLoss 1.8449
[Tracker] Saved snapshot: ep2275_phase1_class1
[Tracker] Ep 2276 | AvgR 0.0005 | Global 0.9782 | Local 0.1192 | F1_macro 0.6702 | WorstLoss 1.7526
[Tracker] Ep 2277 | AvgR 0.0005 | Global 0.9654 | Local 0.1192 | F1_macro 0.6407 | WorstLoss 1.8710
[Tracker] Ep 2278 | AvgR 0.0005 | Global 0.9689 | Local 0.1192 | F1_macro 0.6543 | WorstLoss 1.8738
[Tracker] Ep 2279 | AvgR 0.0005 | Global 0.9739 | Local 0.1192 | F1_macro 0.6620 | WorstLoss 1.8136
[Tracker] Ep 2280 | AvgR 0.0005 | Global 0.9687 | Local 0.1192 | F1_macro 0.6453 | WorstLoss 1.8763
[Tracker] Saved snapshot: ep2280_phase1_class1
[Tracker] Ep 2281 | AvgR 0.0005 | Global 0.9744 | Local 0.1192 | F1_macro 0.6569 | WorstLoss 1.8066
[Tracker] Ep 2282 | AvgR 0.0005 | Global 0.9217 | Local 0.1192 | F1_macro 0.6546 | WorstLoss 2.1980
[Tracker] Ep 2283 | AvgR 0.0005 | Global 0.9680 | Local 0.1192 | F1_macro 0.6459 | WorstLoss 1.8831
[Tracker] Ep 2284 | AvgR 0.0005 | Global 0.9429 | Local 0.1192 | F1_macro 0.6489 | WorstLoss 2.0853
[Tracker] Ep 2285 | AvgR 0.0005 | Global 0.9636 | Local 0.1192 | F1_macro 0.6467 | WorstLoss 1.9276
[Tracker] Saved snapshot: ep2285_phase1_class1
[Tracker] Ep 2286 | AvgR 0.0005 | Global 0.9648 | Local 0.1192 | F1_macro 0.6493 | WorstLoss 1.9165
[Tracker] Ep 2287 | AvgR 0.0005 | Global 0.9478 | Local 0.1192 | F1_macro 0.6549 | WorstLoss 2.0538
[Tracker] Ep 2288 | AvgR 0.0005 | Global 0.9724 | Local 0.1192 | F1_macro 0.6543 | WorstLoss 1.8323
[Tracker] Ep 2289 | AvgR 0.0005 | Global 0.9670 | Local 0.1192 | F1_macro 0.6491 | WorstLoss 1.8945
[Tracker] Ep 2290 | AvgR 0.0005 | Global 0.9730 | Local 0.1192 | F1_macro 0.6580 | WorstLoss 1.8247
[Tracker] Saved snapshot: ep2290_phase1_class1
[Tracker] Ep 2291 | AvgR 0.0005 | Global 0.9623 | Local 0.1192 | F1_macro 0.6566 | WorstLoss 1.9404
[Tracker] Ep 2292 | AvgR 0.0005 | Global 0.9616 | Local 0.1192 | F1_macro 0.6437 | WorstLoss 1.9462
[Tracker] Ep 2293 | AvgR 0.0005 | Global 0.9635 | Local 0.1192 | F1_macro 0.6558 | WorstLoss 1.9288
[Tracker] Ep 2294 | AvgR 0.0005 | Global 0.9706 | Local 0.1192 | F1_macro 0.6537 | WorstLoss 1.8548
[Tracker] Ep 2295 | AvgR 0.0005 | Global 0.9699 | Local 0.1192 | F1_macro 0.6623 | WorstLoss 1.8627
[Tracker] Saved snapshot: ep2295_phase1_class1
[Tracker] Ep 2296 | AvgR 0.0005 | Global 0.9566 | Local 0.1192 | F1_macro 0.6533 | WorstLoss 1.9887
[Tracker] Ep 2297 | AvgR 0.0005 | Global 0.9618 | Local 0.1192 | F1_macro 0.6563 | WorstLoss 1.9447
[Tracker] Ep 2298 | AvgR 0.0005 | Global 0.9694 | Local 0.1192 | F1_macro 0.6489 | WorstLoss 1.8679
[Tracker] Ep 2299 | AvgR 0.0005 | Global 0.9741 | Local 0.1192 | F1_macro 0.6567 | WorstLoss 1.8104
[Tracker] Ep 2300 | AvgR 0.0005 | Global 0.9721 | Local 0.1192 | F1_macro 0.6552 | WorstLoss 1.8369
[Tracker] Saved snapshot: ep2300_phase1_class1
[Tracker] Ep 2301 | AvgR 0.0005 | Global 0.9759 | Local 0.1192 | F1_macro 0.6674 | WorstLoss 1.7857
[Tracker] Ep 2302 | AvgR 0.0005 | Global 0.9535 | Local 0.1192 | F1_macro 0.6549 | WorstLoss 2.0133
[Tracker] Ep 2303 | AvgR 0.0005 | Global 0.9610 | Local 0.1192 | F1_macro 0.6539 | WorstLoss 1.9521
[Tracker] Ep 2304 | AvgR 0.0005 | Global 0.9729 | Local 0.1192 | F1_macro 0.6594 | WorstLoss 1.8263
[Tracker] Ep 2305 | AvgR 0.0005 | Global 0.9724 | Local 0.1192 | F1_macro 0.6610 | WorstLoss 1.8321
[Tracker] Saved snapshot: ep2305_phase1_class1
[Tracker] Ep 2306 | AvgR 0.0005 | Global 0.9537 | Local 0.1192 | F1_macro 0.6445 | WorstLoss 2.0115
[Tracker] Ep 2307 | AvgR 0.0005 | Global 0.9635 | Local 0.1192 | F1_macro 0.6581 | WorstLoss 1.9292
[Tracker] Ep 2308 | AvgR 0.0005 | Global 0.9692 | Local 0.1192 | F1_macro 0.6593 | WorstLoss 1.8705
[Tracker] Ep 2309 | AvgR 0.0005 | Global 0.9741 | Local 0.1192 | F1_macro 0.6612 | WorstLoss 1.8105
[Tracker] Ep 2310 | AvgR 0.0005 | Global 0.9718 | Local 0.1192 | F1_macro 0.6537 | WorstLoss 1.8398
[Tracker] Saved snapshot: ep2310_phase1_class1
[Tracker] Ep 2311 | AvgR 0.0005 | Global 0.9568 | Local 0.1192 | F1_macro 0.6565 | WorstLoss 1.9870
[Tracker] Ep 2312 | AvgR 0.0005 | Global 0.9762 | Local 0.1192 | F1_macro 0.6560 | WorstLoss 1.7820
[Tracker] Ep 2313 | AvgR 0.0005 | Global 0.9740 | Local 0.1192 | F1_macro 0.6648 | WorstLoss 1.8128
[Tracker] Ep 2314 | AvgR 0.0005 | Global 0.9804 | Local 0.1192 | F1_macro 0.6611 | WorstLoss 1.7156
[Tracker] Ep 2315 | AvgR 0.0005 | Global 0.9751 | Local 0.1192 | F1_macro 0.6498 | WorstLoss 1.7969
[Tracker] Saved snapshot: ep2315_phase1_class1
[Tracker] Ep 2316 | AvgR 0.0005 | Global 0.9865 | Local 0.1192 | F1_macro 0.6561 | WorstLoss 1.5904
[Tracker] Ep 2317 | AvgR 0.0005 | Global 0.9390 | Local 0.1192 | F1_macro 0.6416 | WorstLoss 2.1085
[Tracker] Ep 2318 | AvgR 0.0005 | Global 0.9741 | Local 0.1192 | F1_macro 0.6465 | WorstLoss 1.8106
[Tracker] Ep 2319 | AvgR 0.0005 | Global 0.9770 | Local 0.1192 | F1_macro 0.6576 | WorstLoss 1.7704
[Tracker] Ep 2320 | AvgR 0.0005 | Global 0.9801 | Local 0.1192 | F1_macro 0.6596 | WorstLoss 1.7213
[Tracker] Saved snapshot: ep2320_phase1_class1
[Tracker] Ep 2321 | AvgR 0.0005 | Global 0.9468 | Local 0.1192 | F1_macro 0.6583 | WorstLoss 2.0603
[Tracker] Ep 2322 | AvgR 0.0005 | Global 0.9708 | Local 0.1192 | F1_macro 0.6469 | WorstLoss 1.8523
[Tracker] Ep 2323 | AvgR 0.0005 | Global 0.9750 | Local 0.1192 | F1_macro 0.6521 | WorstLoss 1.7983
[Tracker] Ep 2324 | AvgR 0.0005 | Global 0.9781 | Local 0.1192 | F1_macro 0.6579 | WorstLoss 1.7532
[Tracker] Ep 2325 | AvgR 0.0005 | Global 0.9748 | Local 0.1192 | F1_macro 0.6606 | WorstLoss 1.8011
[Tracker] Saved snapshot: ep2325_phase1_class1
[Tracker] Ep 2326 | AvgR 0.0005 | Global 0.9631 | Local 0.1192 | F1_macro 0.6546 | WorstLoss 1.9323
[Tracker] Ep 2327 | AvgR 0.0005 | Global 0.9626 | Local 0.1192 | F1_macro 0.6654 | WorstLoss 1.9373
[Tracker] Ep 2328 | AvgR 0.0005 | Global 0.9752 | Local 0.1192 | F1_macro 0.6582 | WorstLoss 1.7957
[Tracker] Ep 2329 | AvgR 0.0005 | Global 0.9554 | Local 0.1192 | F1_macro 0.6579 | WorstLoss 1.9988
[Tracker] Ep 2330 | AvgR 0.0005 | Global 0.9699 | Local 0.1192 | F1_macro 0.6597 | WorstLoss 1.8627
[Tracker] Saved snapshot: ep2330_phase1_class1
[Tracker] Ep 2331 | AvgR 0.0005 | Global 0.9654 | Local 0.1192 | F1_macro 0.6412 | WorstLoss 1.9103
[Tracker] Ep 2332 | AvgR 0.0005 | Global 0.9716 | Local 0.1192 | F1_macro 0.6439 | WorstLoss 1.8428
[Tracker] Ep 2333 | AvgR 0.0005 | Global 0.9740 | Local 0.1192 | F1_macro 0.6480 | WorstLoss 1.8115
[Tracker] Ep 2334 | AvgR 0.0005 | Global 0.9484 | Local 0.1192 | F1_macro 0.6617 | WorstLoss 2.0495
[Tracker] Ep 2335 | AvgR 0.0005 | Global 0.9656 | Local 0.1192 | F1_macro 0.6389 | WorstLoss 1.9083
[Tracker] Saved snapshot: ep2335_phase1_class1
[Tracker] Ep 2336 | AvgR 0.0005 | Global 0.9570 | Local 0.1192 | F1_macro 0.6467 | WorstLoss 1.9712
[Tracker] Ep 2337 | AvgR 0.0005 | Global 0.9501 | Local 0.1192 | F1_macro 0.6462 | WorstLoss 2.0230
[Tracker] Ep 2338 | AvgR 0.0005 | Global 0.9724 | Local 0.1192 | F1_macro 0.6498 | WorstLoss 1.8329
[Tracker] Ep 2339 | AvgR 0.0005 | Global 0.9687 | Local 0.1192 | F1_macro 0.6507 | WorstLoss 1.8757
[Tracker] Ep 2340 | AvgR 0.0005 | Global 0.9628 | Local 0.1192 | F1_macro 0.6767 | WorstLoss 1.9354
[Tracker] Saved snapshot: ep2340_phase1_class1
[Tracker] Ep 2341 | AvgR 0.0005 | Global 0.9732 | Local 0.1192 | F1_macro 0.6478 | WorstLoss 1.8226
[Tracker] Ep 2342 | AvgR 0.0005 | Global 0.9746 | Local 0.1192 | F1_macro 0.6610 | WorstLoss 1.8043
[Tracker] Ep 2343 | AvgR 0.0005 | Global 0.9798 | Local 0.1192 | F1_macro 0.6584 | WorstLoss 1.7256
[Tracker] Ep 2344 | AvgR 0.0005 | Global 0.9751 | Local 0.1192 | F1_macro 0.6545 | WorstLoss 1.7973
[Tracker] Ep 2345 | AvgR 0.0005 | Global 0.9654 | Local 0.1192 | F1_macro 0.6500 | WorstLoss 1.9108
[Tracker] Saved snapshot: ep2345_phase1_class1
[Tracker] Ep 2346 | AvgR 0.0005 | Global 0.9792 | Local 0.1192 | F1_macro 0.6503 | WorstLoss 1.7360
[Tracker] Ep 2347 | AvgR 0.0005 | Global 0.9735 | Local 0.1192 | F1_macro 0.6500 | WorstLoss 1.8180
[Tracker] Ep 2348 | AvgR 0.0005 | Global 0.9613 | Local 0.1192 | F1_macro 0.6543 | WorstLoss 1.9489
[Tracker] Ep 2349 | AvgR 0.0005 | Global 0.9665 | Local 0.1192 | F1_macro 0.6422 | WorstLoss 1.8987
[Tracker] Ep 2350 | AvgR 0.0005 | Global 0.9731 | Local 0.1192 | F1_macro 0.6500 | WorstLoss 1.8235
[Tracker] Saved snapshot: ep2350_phase1_class1
[Tracker] Ep 2351 | AvgR 0.0005 | Global 0.9568 | Local 0.1192 | F1_macro 0.6433 | WorstLoss 1.9876
[Tracker] Ep 2352 | AvgR 0.0005 | Global 0.9730 | Local 0.1192 | F1_macro 0.6527 | WorstLoss 1.8252
[Tracker] Ep 2353 | AvgR 0.0005 | Global 0.9591 | Local 0.1192 | F1_macro 0.6644 | WorstLoss 1.9683
[Tracker] Ep 2354 | AvgR 0.0005 | Global 0.9698 | Local 0.1192 | F1_macro 0.6502 | WorstLoss 1.8638
[Tracker] Ep 2355 | AvgR 0.0005 | Global 0.9637 | Local 0.1192 | F1_macro 0.6456 | WorstLoss 1.9267
[Tracker] Saved snapshot: ep2355_phase1_class1
[Tracker] Ep 2356 | AvgR 0.0005 | Global 0.9785 | Local 0.1192 | F1_macro 0.6634 | WorstLoss 1.7466
[Tracker] Ep 2357 | AvgR 0.0005 | Global 0.9768 | Local 0.1192 | F1_macro 0.6690 | WorstLoss 1.7736
[Tracker] Ep 2358 | AvgR 0.0005 | Global 0.9481 | Local 0.1192 | F1_macro 0.6467 | WorstLoss 2.0267
[Tracker] Ep 2359 | AvgR 0.0005 | Global 0.9444 | Local 0.1192 | F1_macro 0.6571 | WorstLoss 2.0757
[Tracker] Ep 2360 | AvgR 0.0005 | Global 0.9768 | Local 0.1192 | F1_macro 0.6658 | WorstLoss 1.7737
[Tracker] Saved snapshot: ep2360_phase1_class1
[Tracker] Ep 2361 | AvgR 0.0005 | Global 0.9694 | Local 0.1192 | F1_macro 0.6634 | WorstLoss 1.8682
[Tracker] Ep 2362 | AvgR 0.0005 | Global 0.9805 | Local 0.1192 | F1_macro 0.6674 | WorstLoss 1.7132
[Tracker] Ep 2363 | AvgR 0.0005 | Global 0.9374 | Local 0.1192 | F1_macro 0.6422 | WorstLoss 2.1180
[Tracker] Ep 2364 | AvgR 0.0005 | Global 0.9752 | Local 0.1192 | F1_macro 0.6676 | WorstLoss 1.7956
[Tracker] Ep 2365 | AvgR 0.0005 | Global 0.9493 | Local 0.1192 | F1_macro 0.6577 | WorstLoss 2.0436
[Tracker] Saved snapshot: ep2365_phase1_class1
[Tracker] Ep 2366 | AvgR 0.0005 | Global 0.9714 | Local 0.1192 | F1_macro 0.6499 | WorstLoss 1.8443
[Tracker] Ep 2367 | AvgR 0.0005 | Global 0.9742 | Local 0.1192 | F1_macro 0.6543 | WorstLoss 1.8100
[Tracker] Ep 2368 | AvgR 0.0005 | Global 0.9720 | Local 0.1192 | F1_macro 0.6461 | WorstLoss 1.8373
[Tracker] Ep 2369 | AvgR 0.0005 | Global 0.9718 | Local 0.1192 | F1_macro 0.6520 | WorstLoss 1.8398
[Tracker] Ep 2370 | AvgR 0.0005 | Global 0.9038 | Local 0.1192 | F1_macro 0.6444 | WorstLoss 2.2733
[Tracker] Saved snapshot: ep2370_phase1_class1
[Tracker] Ep 2371 | AvgR 0.0005 | Global 0.9557 | Local 0.1192 | F1_macro 0.6374 | WorstLoss 1.9606
[Tracker] Ep 2372 | AvgR 0.0005 | Global 0.9726 | Local 0.1192 | F1_macro 0.6522 | WorstLoss 1.8299
[Tracker] Ep 2373 | AvgR 0.0005 | Global 0.9793 | Local 0.1192 | F1_macro 0.6510 | WorstLoss 1.7336
[Tracker] Ep 2374 | AvgR 0.0005 | Global 0.9567 | Local 0.1192 | F1_macro 0.6390 | WorstLoss 1.9650
[Tracker] Ep 2375 | AvgR 0.0005 | Global 0.9791 | Local 0.1192 | F1_macro 0.6544 | WorstLoss 1.7372
[Tracker] Saved snapshot: ep2375_phase1_class1
[Tracker] Ep 2376 | AvgR 0.0005 | Global 0.9655 | Local 0.1192 | F1_macro 0.6476 | WorstLoss 1.9096
[Tracker] Ep 2377 | AvgR 0.0005 | Global 0.9644 | Local 0.1192 | F1_macro 0.6559 | WorstLoss 1.9204
[Tracker] Ep 2378 | AvgR 0.0005 | Global 0.9737 | Local 0.1192 | F1_macro 0.6606 | WorstLoss 1.8160
[Tracker] Ep 2379 | AvgR 0.0005 | Global 0.9592 | Local 0.1192 | F1_macro 0.6411 | WorstLoss 1.8652
[Tracker] Ep 2380 | AvgR 0.0005 | Global 0.9825 | Local 0.1192 | F1_macro 0.6619 | WorstLoss 1.6773
[Tracker] Saved snapshot: ep2380_phase1_class1
[Tracker] Ep 2381 | AvgR 0.0005 | Global 0.9322 | Local 0.1192 | F1_macro 0.6554 | WorstLoss 2.1463
[Tracker] Ep 2382 | AvgR 0.0005 | Global 0.9749 | Local 0.1192 | F1_macro 0.6530 | WorstLoss 1.7997
[Tracker] Ep 2383 | AvgR 0.0005 | Global 0.9578 | Local 0.1192 | F1_macro 0.6569 | WorstLoss 1.9790
[Tracker] Ep 2384 | AvgR 0.0005 | Global 0.9661 | Local 0.1192 | F1_macro 0.6471 | WorstLoss 1.9033
[Tracker] Ep 2385 | AvgR 0.0005 | Global 0.9445 | Local 0.1192 | F1_macro 0.6543 | WorstLoss 2.0755
[Tracker] Saved snapshot: ep2385_phase1_class1
[Tracker] Ep 2386 | AvgR 0.0005 | Global 0.9755 | Local 0.1192 | F1_macro 0.6663 | WorstLoss 1.7917
[Tracker] Ep 2387 | AvgR 0.0005 | Global 0.9536 | Local 0.1192 | F1_macro 0.6448 | WorstLoss 2.0122
[Tracker] Ep 2388 | AvgR 0.0005 | Global 0.9651 | Local 0.1192 | F1_macro 0.6544 | WorstLoss 1.9129
[Tracker] Ep 2389 | AvgR 0.0005 | Global 0.9625 | Local 0.1192 | F1_macro 0.6677 | WorstLoss 1.9384
[Tracker] Ep 2390 | AvgR 0.0005 | Global 0.9847 | Local 0.1192 | F1_macro 0.6576 | WorstLoss 1.6308
[Tracker] Saved snapshot: ep2390_phase1_class1
[Tracker] Ep 2391 | AvgR 0.0005 | Global 0.9797 | Local 0.1192 | F1_macro 0.6619 | WorstLoss 1.7284
[Tracker] Ep 2392 | AvgR 0.0005 | Global 0.9613 | Local 0.1192 | F1_macro 0.6617 | WorstLoss 1.9494
[Tracker] Ep 2393 | AvgR 0.0005 | Global 0.9685 | Local 0.1192 | F1_macro 0.6511 | WorstLoss 1.8776
[Tracker] Ep 2394 | AvgR 0.0005 | Global 0.9736 | Local 0.1192 | F1_macro 0.6565 | WorstLoss 1.8170
[Tracker] Ep 2395 | AvgR 0.0005 | Global 0.9637 | Local 0.1192 | F1_macro 0.6571 | WorstLoss 1.9274
[Tracker] Saved snapshot: ep2395_phase1_class1
[Tracker] Ep 2396 | AvgR 0.0005 | Global 0.9808 | Local 0.1192 | F1_macro 0.6660 | WorstLoss 1.7089
[Tracker] Ep 2397 | AvgR 0.0005 | Global 0.9683 | Local 0.1192 | F1_macro 0.6614 | WorstLoss 1.8805
[Tracker] Ep 2398 | AvgR 0.0005 | Global 0.9628 | Local 0.1192 | F1_macro 0.6495 | WorstLoss 1.9217
[Tracker] Ep 2399 | AvgR 0.0005 | Global 0.9809 | Local 0.1192 | F1_macro 0.6508 | WorstLoss 1.7077
[Tracker] Ep 2400 | AvgR 0.0004 | Global 0.8657 | Local 0.1192 | F1_macro 0.6427 | WorstLoss 2.3987
[Tracker] Saved snapshot: ep2400_phase1_class1
[Tracker] Ep 2401 | AvgR 0.0005 | Global 0.9722 | Local 0.1192 | F1_macro 0.6589 | WorstLoss 1.8347
[Tracker] Ep 2402 | AvgR 0.0005 | Global 0.9652 | Local 0.1192 | F1_macro 0.6525 | WorstLoss 1.9123
[Tracker] Ep 2403 | AvgR 0.0005 | Global 0.9573 | Local 0.1192 | F1_macro 0.6539 | WorstLoss 1.9834
[Tracker] Ep 2404 | AvgR 0.0005 | Global 0.9702 | Local 0.1192 | F1_macro 0.6523 | WorstLoss 1.8595
[Tracker] Ep 2405 | AvgR 0.0005 | Global 0.9797 | Local 0.1192 | F1_macro 0.6606 | WorstLoss 1.7280
[Tracker] Saved snapshot: ep2405_phase1_class1
[Tracker] Ep 2406 | AvgR 0.0005 | Global 0.9735 | Local 0.1192 | F1_macro 0.6608 | WorstLoss 1.8182
[Tracker] Ep 2407 | AvgR 0.0005 | Global 0.9703 | Local 0.1192 | F1_macro 0.6578 | WorstLoss 1.8578
[Tracker] Ep 2408 | AvgR 0.0005 | Global 0.9687 | Local 0.1192 | F1_macro 0.6569 | WorstLoss 1.8762
[Tracker] Ep 2409 | AvgR 0.0005 | Global 0.9357 | Local 0.1192 | F1_macro 0.6475 | WorstLoss 2.1275
[Tracker] Ep 2410 | AvgR 0.0005 | Global 0.9514 | Local 0.1192 | F1_macro 0.6450 | WorstLoss 2.0284
[Tracker] Saved snapshot: ep2410_phase1_class1
[Tracker] Ep 2411 | AvgR 0.0005 | Global 0.9745 | Local 0.1192 | F1_macro 0.6602 | WorstLoss 1.8061
[Tracker] Ep 2412 | AvgR 0.0005 | Global 0.9798 | Local 0.1192 | F1_macro 0.6543 | WorstLoss 1.7260
[Tracker] Ep 2413 | AvgR 0.0005 | Global 0.9717 | Local 0.1192 | F1_macro 0.6661 | WorstLoss 1.8415
[Tracker] Ep 2414 | AvgR 0.0005 | Global 0.9800 | Local 0.1192 | F1_macro 0.6473 | WorstLoss 1.7224
[Tracker] Ep 2415 | AvgR 0.0005 | Global 0.9649 | Local 0.1192 | F1_macro 0.6561 | WorstLoss 1.9156
[Tracker] Saved snapshot: ep2415_phase1_class1
[Tracker] Ep 2416 | AvgR 0.0005 | Global 0.9601 | Local 0.1192 | F1_macro 0.6628 | WorstLoss 1.9598
[Tracker] Ep 2417 | AvgR 0.0005 | Global 0.9686 | Local 0.1192 | F1_macro 0.6608 | WorstLoss 1.8768
[Tracker] Ep 2418 | AvgR 0.0005 | Global 0.9651 | Local 0.1192 | F1_macro 0.6545 | WorstLoss 1.9129
[Tracker] Ep 2419 | AvgR 0.0005 | Global 0.9755 | Local 0.1192 | F1_macro 0.6579 | WorstLoss 1.7918
[Tracker] Ep 2420 | AvgR 0.0005 | Global 0.9593 | Local 0.1192 | F1_macro 0.6473 | WorstLoss 1.9665
[Tracker] Saved snapshot: ep2420_phase1_class1
[Tracker] Ep 2421 | AvgR 0.0005 | Global 0.9738 | Local 0.1192 | F1_macro 0.6572 | WorstLoss 1.8153
[Tracker] Ep 2422 | AvgR 0.0005 | Global 0.9685 | Local 0.1192 | F1_macro 0.6533 | WorstLoss 1.8783
[Tracker] Ep 2423 | AvgR 0.0005 | Global 0.9567 | Local 0.1192 | F1_macro 0.6448 | WorstLoss 1.9879
[Tracker] Ep 2424 | AvgR 0.0005 | Global 0.9344 | Local 0.1192 | F1_macro 0.6599 | WorstLoss 2.1345
[Tracker] Ep 2425 | AvgR 0.0005 | Global 0.9445 | Local 0.1192 | F1_macro 0.6487 | WorstLoss 2.0754
[Tracker] Saved snapshot: ep2425_phase1_class1
[Tracker] Ep 2426 | AvgR 0.0005 | Global 0.9712 | Local 0.1192 | F1_macro 0.6561 | WorstLoss 1.8476
[Tracker] Ep 2427 | AvgR 0.0005 | Global 0.9535 | Local 0.1192 | F1_macro 0.6526 | WorstLoss 2.0130
[Tracker] Ep 2428 | AvgR 0.0005 | Global 0.9656 | Local 0.1192 | F1_macro 0.6467 | WorstLoss 1.9088
[Tracker] Ep 2429 | AvgR 0.0005 | Global 0.9782 | Local 0.1192 | F1_macro 0.6648 | WorstLoss 1.7515
[Tracker] Ep 2430 | AvgR 0.0005 | Global 0.9516 | Local 0.1192 | F1_macro 0.6541 | WorstLoss 2.0270
[Tracker] Saved snapshot: ep2430_phase1_class1
[Tracker] Ep 2431 | AvgR 0.0005 | Global 0.9635 | Local 0.1192 | F1_macro 0.6623 | WorstLoss 1.9292
[Tracker] Ep 2432 | AvgR 0.0005 | Global 0.9574 | Local 0.1192 | F1_macro 0.6457 | WorstLoss 1.9518
[Tracker] Ep 2433 | AvgR 0.0005 | Global 0.9672 | Local 0.1192 | F1_macro 0.6621 | WorstLoss 1.8921
[Tracker] Ep 2434 | AvgR 0.0005 | Global 0.9316 | Local 0.1192 | F1_macro 0.6502 | WorstLoss 2.1492
[Tracker] Ep 2435 | AvgR 0.0005 | Global 0.9790 | Local 0.1192 | F1_macro 0.6606 | WorstLoss 1.7392
[Tracker] Saved snapshot: ep2435_phase1_class1
[Tracker] Ep 2436 | AvgR 0.0005 | Global 0.9805 | Local 0.1192 | F1_macro 0.6567 | WorstLoss 1.7149
[Tracker] Ep 2437 | AvgR 0.0005 | Global 0.9736 | Local 0.1192 | F1_macro 0.6646 | WorstLoss 1.8179
[Tracker] Ep 2438 | AvgR 0.0005 | Global 0.9784 | Local 0.1192 | F1_macro 0.6685 | WorstLoss 1.7488
[Tracker] Ep 2439 | AvgR 0.0005 | Global 0.9065 | Local 0.1192 | F1_macro 0.6480 | WorstLoss 2.2628
[Tracker] Ep 2440 | AvgR 0.0005 | Global 0.9639 | Local 0.1192 | F1_macro 0.6456 | WorstLoss 1.9250
[Tracker] Saved snapshot: ep2440_phase1_class1
[Tracker] Ep 2441 | AvgR 0.0005 | Global 0.9728 | Local 0.1192 | F1_macro 0.6436 | WorstLoss 1.8272
[Tracker] Ep 2442 | AvgR 0.0005 | Global 0.9635 | Local 0.1192 | F1_macro 0.6539 | WorstLoss 1.9286
[Tracker] Ep 2443 | AvgR 0.0005 | Global 0.9535 | Local 0.1192 | F1_macro 0.6529 | WorstLoss 2.0128
[Tracker] Ep 2444 | AvgR 0.0005 | Global 0.9634 | Local 0.1192 | F1_macro 0.6607 | WorstLoss 1.9302
[Tracker] Ep 2445 | AvgR 0.0005 | Global 0.9748 | Local 0.1192 | F1_macro 0.6558 | WorstLoss 1.8011
[Tracker] Saved snapshot: ep2445_phase1_class1
[Tracker] Ep 2446 | AvgR 0.0005 | Global 0.9445 | Local 0.1192 | F1_macro 0.6499 | WorstLoss 2.0753
[Tracker] Ep 2447 | AvgR 0.0005 | Global 0.9637 | Local 0.1192 | F1_macro 0.6526 | WorstLoss 1.9272
[Tracker] Ep 2448 | AvgR 0.0005 | Global 0.9647 | Local 0.1192 | F1_macro 0.6561 | WorstLoss 1.9173
[Tracker] Ep 2449 | AvgR 0.0005 | Global 0.9725 | Local 0.1192 | F1_macro 0.6521 | WorstLoss 1.8308
[Tracker] Ep 2450 | AvgR 0.0005 | Global 0.9501 | Local 0.1192 | F1_macro 0.6544 | WorstLoss 2.0376
[Tracker] Saved snapshot: ep2450_phase1_class1
[Tracker] Ep 2451 | AvgR 0.0005 | Global 0.9079 | Local 0.1192 | F1_macro 0.6532 | WorstLoss 2.2570
[Tracker] Ep 2452 | AvgR 0.0005 | Global 0.9362 | Local 0.1192 | F1_macro 0.6571 | WorstLoss 2.1247
[Tracker] Ep 2453 | AvgR 0.0005 | Global 0.9707 | Local 0.1192 | F1_macro 0.6627 | WorstLoss 1.8531
[Tracker] Ep 2454 | AvgR 0.0005 | Global 0.9551 | Local 0.1192 | F1_macro 0.6501 | WorstLoss 2.0005
[Tracker] Ep 2455 | AvgR 0.0005 | Global 0.9678 | Local 0.1192 | F1_macro 0.6669 | WorstLoss 1.8858
[Tracker] Saved snapshot: ep2455_phase1_class1
[Tracker] Ep 2456 | AvgR 0.0005 | Global 0.9724 | Local 0.1192 | F1_macro 0.6634 | WorstLoss 1.8325
[Tracker] Ep 2457 | AvgR 0.0005 | Global 0.9521 | Local 0.1192 | F1_macro 0.6520 | WorstLoss 2.0234
[Tracker] Ep 2458 | AvgR 0.0005 | Global 0.9614 | Local 0.1192 | F1_macro 0.6520 | WorstLoss 1.9486
[Tracker] Ep 2459 | AvgR 0.0005 | Global 0.9421 | Local 0.1192 | F1_macro 0.6461 | WorstLoss 2.0900
[Tracker] Ep 2460 | AvgR 0.0005 | Global 0.9526 | Local 0.1192 | F1_macro 0.6560 | WorstLoss 2.0201
[Tracker] Saved snapshot: ep2460_phase1_class1
[Tracker] Ep 2461 | AvgR 0.0005 | Global 0.9245 | Local 0.1192 | F1_macro 0.6532 | WorstLoss 2.1848
[Tracker] Ep 2462 | AvgR 0.0005 | Global 0.9529 | Local 0.1192 | F1_macro 0.6608 | WorstLoss 2.0176
[Tracker] Ep 2463 | AvgR 0.0005 | Global 0.9693 | Local 0.1192 | F1_macro 0.6632 | WorstLoss 1.8692
[Tracker] Ep 2464 | AvgR 0.0005 | Global 0.9636 | Local 0.1192 | F1_macro 0.6507 | WorstLoss 1.9282
[Tracker] Ep 2465 | AvgR 0.0005 | Global 0.9761 | Local 0.1192 | F1_macro 0.6576 | WorstLoss 1.7838
[Tracker] Saved snapshot: ep2465_phase1_class1
[Tracker] Ep 2466 | AvgR 0.0005 | Global 0.9431 | Local 0.1192 | F1_macro 0.6491 | WorstLoss 2.0842
[Tracker] Ep 2467 | AvgR 0.0005 | Global 0.9794 | Local 0.1192 | F1_macro 0.6554 | WorstLoss 1.7322
[Tracker] Ep 2468 | AvgR 0.0005 | Global 0.9394 | Local 0.1192 | F1_macro 0.6482 | WorstLoss 2.1062
[Tracker] Ep 2469 | AvgR 0.0005 | Global 0.9666 | Local 0.1192 | F1_macro 0.6496 | WorstLoss 1.8980
[Tracker] Ep 2470 | AvgR 0.0005 | Global 0.9588 | Local 0.1192 | F1_macro 0.6445 | WorstLoss 1.9710
[Tracker] Saved snapshot: ep2470_phase1_class1
[Tracker] Ep 2471 | AvgR 0.0005 | Global 0.9643 | Local 0.1192 | F1_macro 0.6383 | WorstLoss 1.9213
[Tracker] Ep 2472 | AvgR 0.0005 | Global 0.9788 | Local 0.1192 | F1_macro 0.6672 | WorstLoss 1.7423
[Tracker] Ep 2473 | AvgR 0.0005 | Global 0.9715 | Local 0.1192 | F1_macro 0.6636 | WorstLoss 1.8441
[Tracker] Ep 2474 | AvgR 0.0005 | Global 0.9686 | Local 0.1192 | F1_macro 0.6573 | WorstLoss 1.8769
[Tracker] Ep 2475 | AvgR 0.0005 | Global 0.9711 | Local 0.1192 | F1_macro 0.6471 | WorstLoss 1.8480
[Tracker] Saved snapshot: ep2475_phase1_class1
[Tracker] Ep 2476 | AvgR 0.0005 | Global 0.9282 | Local 0.1192 | F1_macro 0.6603 | WorstLoss 2.1668
[Tracker] Ep 2477 | AvgR 0.0005 | Global 0.9708 | Local 0.1192 | F1_macro 0.6593 | WorstLoss 1.8521
[Tracker] Ep 2478 | AvgR 0.0005 | Global 0.9755 | Local 0.1192 | F1_macro 0.6683 | WorstLoss 1.7923
[Tracker] Ep 2479 | AvgR 0.0005 | Global 0.9646 | Local 0.1192 | F1_macro 0.6731 | WorstLoss 1.9185
[Tracker] Ep 2480 | AvgR 0.0005 | Global 0.9522 | Local 0.1192 | F1_macro 0.6458 | WorstLoss 2.0225
[Tracker] Saved snapshot: ep2480_phase1_class1
[Tracker] Ep 2481 | AvgR 0.0005 | Global 0.9806 | Local 0.1192 | F1_macro 0.6626 | WorstLoss 1.7125
[Tracker] Ep 2482 | AvgR 0.0005 | Global 0.9665 | Local 0.1192 | F1_macro 0.6554 | WorstLoss 1.8875
[Tracker] Ep 2483 | AvgR 0.0005 | Global 0.9404 | Local 0.1192 | F1_macro 0.6499 | WorstLoss 2.1006
[Tracker] Ep 2484 | AvgR 0.0005 | Global 0.9759 | Local 0.1192 | F1_macro 0.6578 | WorstLoss 1.7857
[Tracker] Ep 2485 | AvgR 0.0005 | Global 0.9563 | Local 0.1192 | F1_macro 0.6621 | WorstLoss 1.9915
[Tracker] Saved snapshot: ep2485_phase1_class1
[Tracker] Ep 2486 | AvgR 0.0005 | Global 0.9753 | Local 0.1192 | F1_macro 0.6623 | WorstLoss 1.7943
[Tracker] Ep 2487 | AvgR 0.0005 | Global 0.9445 | Local 0.1192 | F1_macro 0.6648 | WorstLoss 2.0750
[Tracker] Ep 2488 | AvgR 0.0005 | Global 0.9654 | Local 0.1192 | F1_macro 0.6439 | WorstLoss 1.9101
[Tracker] Ep 2489 | AvgR 0.0005 | Global 0.9740 | Local 0.1192 | F1_macro 0.6734 | WorstLoss 1.8127
[Tracker] Ep 2490 | AvgR 0.0005 | Global 0.9626 | Local 0.1192 | F1_macro 0.6602 | WorstLoss 1.9373
[Tracker] Saved snapshot: ep2490_phase1_class1
[Tracker] Ep 2491 | AvgR 0.0005 | Global 0.9307 | Local 0.1192 | F1_macro 0.6611 | WorstLoss 2.1539
[Tracker] Ep 2492 | AvgR 0.0005 | Global 0.9627 | Local 0.1192 | F1_macro 0.6589 | WorstLoss 1.9304
[Tracker] Ep 2493 | AvgR 0.0005 | Global 0.9784 | Local 0.1192 | F1_macro 0.6716 | WorstLoss 1.7487
[Tracker] Ep 2494 | AvgR 0.0005 | Global 0.9802 | Local 0.1192 | F1_macro 0.6597 | WorstLoss 1.7192
[Tracker] Ep 2495 | AvgR 0.0005 | Global 0.9763 | Local 0.1192 | F1_macro 0.6569 | WorstLoss 1.7808
[Tracker] Saved snapshot: ep2495_phase1_class1
[Tracker] Ep 2496 | AvgR 0.0005 | Global 0.9787 | Local 0.1192 | F1_macro 0.6610 | WorstLoss 1.7443
[Tracker] Ep 2497 | AvgR 0.0005 | Global 0.9735 | Local 0.1192 | F1_macro 0.6554 | WorstLoss 1.8186
[Tracker] Ep 2498 | AvgR 0.0005 | Global 0.9313 | Local 0.1192 | F1_macro 0.6506 | WorstLoss 2.1508
[Tracker] Ep 2499 | AvgR 0.0005 | Global 0.9590 | Local 0.1192 | F1_macro 0.6566 | WorstLoss 1.9688
[Tracker] Ep 2500 | AvgR 0.0005 | Global 0.9534 | Local 0.1192 | F1_macro 0.6452 | WorstLoss 2.0140
[Tracker] Saved snapshot: ep2500_phase1_class1
[Tracker] Ep 2501 | AvgR 0.0005 | Global 0.9606 | Local 0.1192 | F1_macro 0.6547 | WorstLoss 1.9550
[Tracker] Ep 2502 | AvgR 0.0005 | Global 0.9404 | Local 0.1192 | F1_macro 0.6633 | WorstLoss 2.1003
[Tracker] Ep 2503 | AvgR 0.0005 | Global 0.9447 | Local 0.1192 | F1_macro 0.6517 | WorstLoss 2.0740
[Tracker] Ep 2504 | AvgR 0.0005 | Global 0.9811 | Local 0.1192 | F1_macro 0.6556 | WorstLoss 1.7033
[Tracker] Ep 2505 | AvgR 0.0005 | Global 0.9794 | Local 0.1192 | F1_macro 0.6577 | WorstLoss 1.7329
[Tracker] Saved snapshot: ep2505_phase1_class1
[Tracker] Ep 2506 | AvgR 0.0005 | Global 0.9690 | Local 0.1192 | F1_macro 0.6475 | WorstLoss 1.8730
[Tracker] Ep 2507 | AvgR 0.0005 | Global 0.9570 | Local 0.1192 | F1_macro 0.6594 | WorstLoss 1.9858
[Tracker] Ep 2508 | AvgR 0.0005 | Global 0.9747 | Local 0.1192 | F1_macro 0.6656 | WorstLoss 1.8034
[Tracker] Ep 2509 | AvgR 0.0005 | Global 0.9819 | Local 0.1192 | F1_macro 0.6582 | WorstLoss 1.6880
[Tracker] Ep 2510 | AvgR 0.0005 | Global 0.9464 | Local 0.1192 | F1_macro 0.6555 | WorstLoss 2.0623
[Tracker] Saved snapshot: ep2510_phase1_class1
[Tracker] Ep 2511 | AvgR 0.0005 | Global 0.9656 | Local 0.1192 | F1_macro 0.6608 | WorstLoss 1.9086
[Tracker] Ep 2512 | AvgR 0.0005 | Global 0.9625 | Local 0.1192 | F1_macro 0.6621 | WorstLoss 1.9383
[Tracker] Ep 2513 | AvgR 0.0005 | Global 0.9831 | Local 0.1192 | F1_macro 0.6597 | WorstLoss 1.6649
[Tracker] Ep 2514 | AvgR 0.0005 | Global 0.9440 | Local 0.1192 | F1_macro 0.6458 | WorstLoss 2.0466
[Tracker] Ep 2515 | AvgR 0.0005 | Global 0.9869 | Local 0.1192 | F1_macro 0.6669 | WorstLoss 1.5789
[Tracker] Saved snapshot: ep2515_phase1_class1
[Tracker] Ep 2516 | AvgR 0.0005 | Global 0.9769 | Local 0.1192 | F1_macro 0.6660 | WorstLoss 1.7713
[Tracker] Ep 2517 | AvgR 0.0005 | Global 0.9361 | Local 0.1192 | F1_macro 0.6467 | WorstLoss 2.1254
[Tracker] Ep 2518 | AvgR 0.0005 | Global 0.9689 | Local 0.1192 | F1_macro 0.6626 | WorstLoss 1.8734
[Tracker] Ep 2519 | AvgR 0.0005 | Global 0.9592 | Local 0.1192 | F1_macro 0.6653 | WorstLoss 1.9677
[Tracker] Ep 2520 | AvgR 0.0005 | Global 0.9520 | Local 0.1192 | F1_macro 0.6513 | WorstLoss 2.0243
[Tracker] Saved snapshot: ep2520_phase1_class1
[Tracker] Ep 2521 | AvgR 0.0005 | Global 0.9534 | Local 0.1192 | F1_macro 0.6671 | WorstLoss 2.0137
[Tracker] Ep 2522 | AvgR 0.0005 | Global 0.9646 | Local 0.1192 | F1_macro 0.6462 | WorstLoss 1.9185
[Tracker] Ep 2523 | AvgR 0.0005 | Global 0.9603 | Local 0.1192 | F1_macro 0.6500 | WorstLoss 1.9581
[Tracker] Ep 2524 | AvgR 0.0005 | Global 0.9522 | Local 0.1192 | F1_macro 0.6425 | WorstLoss 2.0229
[Tracker] Ep 2525 | AvgR 0.0005 | Global 0.9653 | Local 0.1192 | F1_macro 0.6673 | WorstLoss 1.9115
[Tracker] Saved snapshot: ep2525_phase1_class1
[Tracker] Ep 2526 | AvgR 0.0005 | Global 0.9618 | Local 0.1192 | F1_macro 0.6572 | WorstLoss 1.9445
[Tracker] Ep 2527 | AvgR 0.0005 | Global 0.9670 | Local 0.1192 | F1_macro 0.6476 | WorstLoss 1.8938
[Tracker] Ep 2528 | AvgR 0.0005 | Global 0.9496 | Local 0.1192 | F1_macro 0.6620 | WorstLoss 2.0414
[Tracker] Ep 2529 | AvgR 0.0005 | Global 0.9675 | Local 0.1192 | F1_macro 0.6627 | WorstLoss 1.8888
[Tracker] Ep 2530 | AvgR 0.0005 | Global 0.9745 | Local 0.1192 | F1_macro 0.6569 | WorstLoss 1.8054
[Tracker] Saved snapshot: ep2530_phase1_class1
[Tracker] Ep 2531 | AvgR 0.0005 | Global 0.9569 | Local 0.1192 | F1_macro 0.6717 | WorstLoss 1.9869
[Tracker] Ep 2532 | AvgR 0.0005 | Global 0.9701 | Local 0.1192 | F1_macro 0.6605 | WorstLoss 1.8605
[Tracker] Ep 2533 | AvgR 0.0005 | Global 0.9729 | Local 0.1192 | F1_macro 0.6529 | WorstLoss 1.8261
[Tracker] Ep 2534 | AvgR 0.0005 | Global 0.9792 | Local 0.1192 | F1_macro 0.6565 | WorstLoss 1.7355
[Tracker] Ep 2535 | AvgR 0.0005 | Global 0.9672 | Local 0.1192 | F1_macro 0.6576 | WorstLoss 1.8915
[Tracker] Saved snapshot: ep2535_phase1_class1
[Tracker] Ep 2536 | AvgR 0.0005 | Global 0.9669 | Local 0.1192 | F1_macro 0.6649 | WorstLoss 1.8950
[Tracker] Ep 2537 | AvgR 0.0005 | Global 0.9730 | Local 0.1192 | F1_macro 0.6510 | WorstLoss 1.8248
[Tracker] Ep 2538 | AvgR 0.0005 | Global 0.9705 | Local 0.1192 | F1_macro 0.6526 | WorstLoss 1.8550
[Tracker] Ep 2539 | AvgR 0.0005 | Global 0.9616 | Local 0.1192 | F1_macro 0.6557 | WorstLoss 1.9463
[Tracker] Ep 2540 | AvgR 0.0005 | Global 0.9701 | Local 0.1192 | F1_macro 0.6577 | WorstLoss 1.8604
[Tracker] Saved snapshot: ep2540_phase1_class1
[Tracker] Ep 2541 | AvgR 0.0005 | Global 0.9480 | Local 0.1192 | F1_macro 0.6504 | WorstLoss 2.0525
[Tracker] Ep 2542 | AvgR 0.0005 | Global 0.9555 | Local 0.1192 | F1_macro 0.6666 | WorstLoss 1.9978
[Tracker] Ep 2543 | AvgR 0.0005 | Global 0.9332 | Local 0.1192 | F1_macro 0.6447 | WorstLoss 2.1410
[Tracker] Ep 2544 | AvgR 0.0005 | Global 0.9709 | Local 0.1192 | F1_macro 0.6677 | WorstLoss 1.8512
[Tracker] Ep 2545 | AvgR 0.0005 | Global 0.9632 | Local 0.1192 | F1_macro 0.6609 | WorstLoss 1.9321
[Tracker] Saved snapshot: ep2545_phase1_class1
[Tracker] Ep 2546 | AvgR 0.0005 | Global 0.9659 | Local 0.1192 | F1_macro 0.6537 | WorstLoss 1.9055
[Tracker] Ep 2547 | AvgR 0.0005 | Global 0.9686 | Local 0.1192 | F1_macro 0.6577 | WorstLoss 1.8774
[Tracker] Ep 2548 | AvgR 0.0005 | Global 0.9206 | Local 0.1192 | F1_macro 0.6440 | WorstLoss 2.2029
[Tracker] Ep 2549 | AvgR 0.0005 | Global 0.9752 | Local 0.1192 | F1_macro 0.6635 | WorstLoss 1.7954
[Tracker] Ep 2550 | AvgR 0.0005 | Global 0.9772 | Local 0.1192 | F1_macro 0.6620 | WorstLoss 1.7676
[Tracker] Saved snapshot: ep2550_phase1_class1
[Tracker] Ep 2551 | AvgR 0.0005 | Global 0.9837 | Local 0.1192 | F1_macro 0.6622 | WorstLoss 1.6538
[Tracker] Ep 2552 | AvgR 0.0005 | Global 0.9453 | Local 0.1192 | F1_macro 0.6611 | WorstLoss 2.0701
[Tracker] Ep 2553 | AvgR 0.0005 | Global 0.9748 | Local 0.1192 | F1_macro 0.6563 | WorstLoss 1.8010
[Tracker] Ep 2554 | AvgR 0.0005 | Global 0.9759 | Local 0.1192 | F1_macro 0.6567 | WorstLoss 1.7859
[Tracker] Ep 2555 | AvgR 0.0005 | Global 0.9786 | Local 0.1192 | F1_macro 0.6631 | WorstLoss 1.7460
[Tracker] Saved snapshot: ep2555_phase1_class1
[Tracker] Ep 2556 | AvgR 0.0005 | Global 0.9754 | Local 0.1192 | F1_macro 0.6662 | WorstLoss 1.7935
[Tracker] Ep 2557 | AvgR 0.0005 | Global 0.9596 | Local 0.1192 | F1_macro 0.6657 | WorstLoss 1.9643
[Tracker] Ep 2558 | AvgR 0.0005 | Global 0.9487 | Local 0.1192 | F1_macro 0.6657 | WorstLoss 2.0476
[Tracker] Ep 2559 | AvgR 0.0005 | Global 0.9631 | Local 0.1192 | F1_macro 0.6681 | WorstLoss 1.9324
[Tracker] Ep 2560 | AvgR 0.0005 | Global 0.9555 | Local 0.1192 | F1_macro 0.6628 | WorstLoss 1.9978
[Tracker] Saved snapshot: ep2560_phase1_class1
[Tracker] Ep 2561 | AvgR 0.0005 | Global 0.9685 | Local 0.1192 | F1_macro 0.6719 | WorstLoss 1.8778
[Tracker] Ep 2562 | AvgR 0.0005 | Global 0.9634 | Local 0.1192 | F1_macro 0.6555 | WorstLoss 1.9300
[Tracker] Ep 2563 | AvgR 0.0005 | Global 0.9599 | Local 0.1192 | F1_macro 0.6697 | WorstLoss 1.9618
[Tracker] Ep 2564 | AvgR 0.0005 | Global 0.9762 | Local 0.1192 | F1_macro 0.6681 | WorstLoss 1.7823
[Tracker] Ep 2565 | AvgR 0.0005 | Global 0.9294 | Local 0.1192 | F1_macro 0.6459 | WorstLoss 2.1609
[Tracker] Saved snapshot: ep2565_phase1_class1
[Tracker] Ep 2566 | AvgR 0.0005 | Global 0.9643 | Local 0.1192 | F1_macro 0.6545 | WorstLoss 1.9208
[Tracker] Ep 2567 | AvgR 0.0005 | Global 0.9699 | Local 0.1192 | F1_macro 0.6578 | WorstLoss 1.8620
[Tracker] Ep 2568 | AvgR 0.0005 | Global 0.9741 | Local 0.1192 | F1_macro 0.6705 | WorstLoss 1.8108
[Tracker] Ep 2569 | AvgR 0.0005 | Global 0.9437 | Local 0.1192 | F1_macro 0.6584 | WorstLoss 2.0805
[Tracker] Ep 2570 | AvgR 0.0005 | Global 0.9541 | Local 0.1192 | F1_macro 0.6560 | WorstLoss 2.0088
[Tracker] Saved snapshot: ep2570_phase1_class1
[Tracker] Ep 2571 | AvgR 0.0005 | Global 0.9740 | Local 0.1192 | F1_macro 0.6611 | WorstLoss 1.8118
[Tracker] Ep 2572 | AvgR 0.0005 | Global 0.9746 | Local 0.1192 | F1_macro 0.6599 | WorstLoss 1.8041
[Tracker] Ep 2573 | AvgR 0.0005 | Global 0.9737 | Local 0.1192 | F1_macro 0.6580 | WorstLoss 1.8155
[Tracker] Ep 2574 | AvgR 0.0005 | Global 0.9299 | Local 0.1192 | F1_macro 0.6579 | WorstLoss 2.1584
[Tracker] Ep 2575 | AvgR 0.0005 | Global 0.9659 | Local 0.1192 | F1_macro 0.6309 | WorstLoss 1.9053
[Tracker] Saved snapshot: ep2575_phase1_class1
[Tracker] Ep 2576 | AvgR 0.0005 | Global 0.9403 | Local 0.1192 | F1_macro 0.6568 | WorstLoss 2.1010
[Tracker] Ep 2577 | AvgR 0.0005 | Global 0.9770 | Local 0.1192 | F1_macro 0.6632 | WorstLoss 1.7710
[Tracker] Ep 2578 | AvgR 0.0005 | Global 0.9542 | Local 0.1192 | F1_macro 0.6474 | WorstLoss 2.0078
[Tracker] Ep 2579 | AvgR 0.0005 | Global 0.9765 | Local 0.1192 | F1_macro 0.6515 | WorstLoss 1.7779
[Tracker] Ep 2580 | AvgR 0.0005 | Global 0.9702 | Local 0.1192 | F1_macro 0.6544 | WorstLoss 1.8593
[Tracker] Saved snapshot: ep2580_phase1_class1
[Tracker] Ep 2581 | AvgR 0.0005 | Global 0.9303 | Local 0.1192 | F1_macro 0.6537 | WorstLoss 2.1564
[Tracker] Ep 2582 | AvgR 0.0005 | Global 0.9767 | Local 0.1192 | F1_macro 0.6636 | WorstLoss 1.7752
[Tracker] Ep 2583 | AvgR 0.0005 | Global 0.9828 | Local 0.1192 | F1_macro 0.6610 | WorstLoss 1.6707
[Tracker] Ep 2584 | AvgR 0.0005 | Global 0.9258 | Local 0.1192 | F1_macro 0.6478 | WorstLoss 2.1785
[Tracker] Ep 2585 | AvgR 0.0005 | Global 0.9693 | Local 0.1192 | F1_macro 0.6558 | WorstLoss 1.8695
[Tracker] Saved snapshot: ep2585_phase1_class1
[Tracker] Ep 2586 | AvgR 0.0005 | Global 0.9682 | Local 0.1192 | F1_macro 0.6579 | WorstLoss 1.8814
[Tracker] Ep 2587 | AvgR 0.0005 | Global 0.9584 | Local 0.1192 | F1_macro 0.6580 | WorstLoss 1.9743
[Tracker] Ep 2588 | AvgR 0.0005 | Global 0.9718 | Local 0.1192 | F1_macro 0.6627 | WorstLoss 1.8394
[Tracker] Ep 2589 | AvgR 0.0005 | Global 0.9746 | Local 0.1192 | F1_macro 0.6698 | WorstLoss 1.8047
[Tracker] Ep 2590 | AvgR 0.0005 | Global 0.9774 | Local 0.1192 | F1_macro 0.6568 | WorstLoss 1.7636
[Tracker] Saved snapshot: ep2590_phase1_class1
[Tracker] Ep 2591 | AvgR 0.0005 | Global 0.9579 | Local 0.1192 | F1_macro 0.6532 | WorstLoss 1.9783
[Tracker] Ep 2592 | AvgR 0.0005 | Global 0.9689 | Local 0.1192 | F1_macro 0.6648 | WorstLoss 1.8740
[Tracker] Ep 2593 | AvgR 0.0005 | Global 0.9739 | Local 0.1192 | F1_macro 0.6592 | WorstLoss 1.8129
[Tracker] Ep 2594 | AvgR 0.0005 | Global 0.9542 | Local 0.1192 | F1_macro 0.6495 | WorstLoss 2.0077
[Tracker] Ep 2595 | AvgR 0.0005 | Global 0.9705 | Local 0.1192 | F1_macro 0.6545 | WorstLoss 1.8551
[Tracker] Saved snapshot: ep2595_phase1_class1
[Tracker] Ep 2596 | AvgR 0.0005 | Global 0.9629 | Local 0.1192 | F1_macro 0.6479 | WorstLoss 1.9341
[Tracker] Ep 2597 | AvgR 0.0005 | Global 0.9619 | Local 0.1192 | F1_macro 0.6532 | WorstLoss 1.9435
[Tracker] Ep 2598 | AvgR 0.0005 | Global 0.9817 | Local 0.1192 | F1_macro 0.6508 | WorstLoss 1.6926
[Tracker] Ep 2599 | AvgR 0.0005 | Global 0.9694 | Local 0.1192 | F1_macro 0.6619 | WorstLoss 1.8678
[Tracker] Ep 2600 | AvgR 0.0005 | Global 0.9693 | Local 0.1192 | F1_macro 0.6560 | WorstLoss 1.8689
[Tracker] Saved snapshot: ep2600_phase1_class1
[Tracker] Ep 2601 | AvgR 0.0005 | Global 0.9490 | Local 0.1192 | F1_macro 0.6513 | WorstLoss 2.0453
[Tracker] Ep 2602 | AvgR 0.0005 | Global 0.9537 | Local 0.1192 | F1_macro 0.6576 | WorstLoss 2.0113
[Tracker] Ep 2603 | AvgR 0.0005 | Global 0.9859 | Local 0.1192 | F1_macro 0.6689 | WorstLoss 1.6042
[Tracker] Ep 2604 | AvgR 0.0005 | Global 0.9632 | Local 0.1192 | F1_macro 0.6695 | WorstLoss 1.9315
[Tracker] Ep 2605 | AvgR 0.0005 | Global 0.9797 | Local 0.1192 | F1_macro 0.6545 | WorstLoss 1.7281
[Tracker] Saved snapshot: ep2605_phase1_class1
[Tracker] Ep 2606 | AvgR 0.0005 | Global 0.9648 | Local 0.1192 | F1_macro 0.6604 | WorstLoss 1.9165
[Tracker] Ep 2607 | AvgR 0.0005 | Global 0.9721 | Local 0.1192 | F1_macro 0.6634 | WorstLoss 1.8365
[Tracker] Ep 2608 | AvgR 0.0005 | Global 0.9651 | Local 0.1192 | F1_macro 0.6575 | WorstLoss 1.9134
[Tracker] Ep 2609 | AvgR 0.0005 | Global 0.9662 | Local 0.1192 | F1_macro 0.6563 | WorstLoss 1.8919
[Tracker] Ep 2610 | AvgR 0.0005 | Global 0.9687 | Local 0.1192 | F1_macro 0.6575 | WorstLoss 1.8753
[Tracker] Saved snapshot: ep2610_phase1_class1
[Tracker] Ep 2611 | AvgR 0.0005 | Global 0.9657 | Local 0.1192 | F1_macro 0.6629 | WorstLoss 1.9073
[Tracker] Ep 2612 | AvgR 0.0005 | Global 0.9755 | Local 0.1192 | F1_macro 0.6576 | WorstLoss 1.7924
[Tracker] Ep 2613 | AvgR 0.0005 | Global 0.9788 | Local 0.1192 | F1_macro 0.6586 | WorstLoss 1.7433
[Tracker] Ep 2614 | AvgR 0.0005 | Global 0.9557 | Local 0.1192 | F1_macro 0.6510 | WorstLoss 1.9959
[Tracker] Ep 2615 | AvgR 0.0005 | Global 0.9681 | Local 0.1192 | F1_macro 0.6470 | WorstLoss 1.8822
[Tracker] Saved snapshot: ep2615_phase1_class1
[Tracker] Ep 2616 | AvgR 0.0005 | Global 0.9775 | Local 0.1192 | F1_macro 0.6582 | WorstLoss 1.7626
[Tracker] Ep 2617 | AvgR 0.0005 | Global 0.9738 | Local 0.1192 | F1_macro 0.6632 | WorstLoss 1.8144
[Tracker] Ep 2618 | AvgR 0.0005 | Global 0.9647 | Local 0.1192 | F1_macro 0.6506 | WorstLoss 1.9172
[Tracker] Ep 2619 | AvgR 0.0005 | Global 0.9472 | Local 0.1192 | F1_macro 0.6478 | WorstLoss 2.0576
[Tracker] Ep 2620 | AvgR 0.0005 | Global 0.9519 | Local 0.1192 | F1_macro 0.6595 | WorstLoss 2.0250
[Tracker] Saved snapshot: ep2620_phase1_class1
[Tracker] Ep 2621 | AvgR 0.0005 | Global 0.9576 | Local 0.1192 | F1_macro 0.6459 | WorstLoss 1.9804
[Tracker] Ep 2622 | AvgR 0.0005 | Global 0.9766 | Local 0.1192 | F1_macro 0.6603 | WorstLoss 1.7755
[Tracker] Ep 2623 | AvgR 0.0005 | Global 0.9674 | Local 0.1192 | F1_macro 0.6634 | WorstLoss 1.8902
[Tracker] Ep 2624 | AvgR 0.0005 | Global 0.9732 | Local 0.1192 | F1_macro 0.6597 | WorstLoss 1.8225
[Tracker] Ep 2625 | AvgR 0.0005 | Global 0.9617 | Local 0.1192 | F1_macro 0.6654 | WorstLoss 1.9453
[Tracker] Saved snapshot: ep2625_phase1_class1
[Tracker] Ep 2626 | AvgR 0.0005 | Global 0.9670 | Local 0.1192 | F1_macro 0.6613 | WorstLoss 1.8937
[Tracker] Ep 2627 | AvgR 0.0005 | Global 0.9753 | Local 0.1192 | F1_macro 0.6605 | WorstLoss 1.7943
[Tracker] Ep 2628 | AvgR 0.0005 | Global 0.9574 | Local 0.1192 | F1_macro 0.6568 | WorstLoss 1.9825
[Tracker] Ep 2629 | AvgR 0.0005 | Global 0.9713 | Local 0.1192 | F1_macro 0.6561 | WorstLoss 1.8460
[Tracker] Ep 2630 | AvgR 0.0005 | Global 0.9712 | Local 0.1192 | F1_macro 0.6537 | WorstLoss 1.8472
[Tracker] Saved snapshot: ep2630_phase1_class1
[Tracker] Ep 2631 | AvgR 0.0005 | Global 0.9629 | Local 0.1192 | F1_macro 0.6550 | WorstLoss 1.9341
[Tracker] Ep 2632 | AvgR 0.0005 | Global 0.9658 | Local 0.1192 | F1_macro 0.6580 | WorstLoss 1.9066
[Tracker] Ep 2633 | AvgR 0.0005 | Global 0.9570 | Local 0.1192 | F1_macro 0.6520 | WorstLoss 1.9861
[Tracker] Ep 2634 | AvgR 0.0005 | Global 0.9778 | Local 0.1192 | F1_macro 0.6664 | WorstLoss 1.7575
[Tracker] Ep 2635 | AvgR 0.0005 | Global 0.9603 | Local 0.1192 | F1_macro 0.6345 | WorstLoss 1.8911
[Tracker] Saved snapshot: ep2635_phase1_class1
[Tracker] Ep 2636 | AvgR 0.0005 | Global 0.9670 | Local 0.1192 | F1_macro 0.6608 | WorstLoss 1.8941
[Tracker] Ep 2637 | AvgR 0.0005 | Global 0.9723 | Local 0.1192 | F1_macro 0.6584 | WorstLoss 1.8344
[Tracker] Ep 2638 | AvgR 0.0005 | Global 0.9666 | Local 0.1192 | F1_macro 0.6524 | WorstLoss 1.8986
[Tracker] Ep 2639 | AvgR 0.0005 | Global 0.9737 | Local 0.1192 | F1_macro 0.6522 | WorstLoss 1.8156
[Tracker] Ep 2640 | AvgR 0.0005 | Global 0.9491 | Local 0.1192 | F1_macro 0.6549 | WorstLoss 2.0447
[Tracker] Saved snapshot: ep2640_phase1_class1
[Tracker] Ep 2641 | AvgR 0.0005 | Global 0.9831 | Local 0.1192 | F1_macro 0.6599 | WorstLoss 1.6656
[Tracker] Ep 2642 | AvgR 0.0005 | Global 0.9634 | Local 0.1192 | F1_macro 0.6475 | WorstLoss 1.9298
[Tracker] Ep 2643 | AvgR 0.0005 | Global 0.9612 | Local 0.1192 | F1_macro 0.6511 | WorstLoss 1.9504
[Tracker] Ep 2644 | AvgR 0.0005 | Global 0.9709 | Local 0.1192 | F1_macro 0.6652 | WorstLoss 1.8502
[Tracker] Ep 2645 | AvgR 0.0005 | Global 0.9543 | Local 0.1192 | F1_macro 0.6484 | WorstLoss 1.9832
[Tracker] Saved snapshot: ep2645_phase1_class1
[Tracker] Ep 2646 | AvgR 0.0005 | Global 0.9655 | Local 0.1192 | F1_macro 0.6603 | WorstLoss 1.9089
[Tracker] Ep 2647 | AvgR 0.0005 | Global 0.9564 | Local 0.1192 | F1_macro 0.6548 | WorstLoss 1.9908
[Tracker] Ep 2648 | AvgR 0.0005 | Global 0.9610 | Local 0.1192 | F1_macro 0.6580 | WorstLoss 1.9518
[Tracker] Ep 2649 | AvgR 0.0005 | Global 0.9548 | Local 0.1192 | F1_macro 0.6677 | WorstLoss 2.0031
[Tracker] Ep 2650 | AvgR 0.0005 | Global 0.9653 | Local 0.1192 | F1_macro 0.6649 | WorstLoss 1.9116
[Tracker] Saved snapshot: ep2650_phase1_class1
[Tracker] Ep 2651 | AvgR 0.0005 | Global 0.9755 | Local 0.1192 | F1_macro 0.6750 | WorstLoss 1.7915
[Tracker] Ep 2652 | AvgR 0.0005 | Global 0.9630 | Local 0.1192 | F1_macro 0.6522 | WorstLoss 1.9333
[Tracker] Ep 2653 | AvgR 0.0005 | Global 0.9755 | Local 0.1192 | F1_macro 0.6507 | WorstLoss 1.7915
[Tracker] Ep 2654 | AvgR 0.0005 | Global 0.9687 | Local 0.1192 | F1_macro 0.6450 | WorstLoss 1.8757
[Tracker] Ep 2655 | AvgR 0.0005 | Global 0.9599 | Local 0.1192 | F1_macro 0.6578 | WorstLoss 1.9618
[Tracker] Saved snapshot: ep2655_phase1_class1
[Tracker] Ep 2656 | AvgR 0.0005 | Global 0.9781 | Local 0.1192 | F1_macro 0.6597 | WorstLoss 1.7541
[Tracker] Ep 2657 | AvgR 0.0005 | Global 0.9550 | Local 0.1192 | F1_macro 0.6547 | WorstLoss 2.0018
[Tracker] Ep 2658 | AvgR 0.0005 | Global 0.9554 | Local 0.1192 | F1_macro 0.6740 | WorstLoss 1.9984
[Tracker] Ep 2659 | AvgR 0.0005 | Global 0.9595 | Local 0.1192 | F1_macro 0.6552 | WorstLoss 1.9389
[Tracker] Ep 2660 | AvgR 0.0005 | Global 0.9720 | Local 0.1192 | F1_macro 0.6478 | WorstLoss 1.8113
[Tracker] Saved snapshot: ep2660_phase1_class1
[Tracker] Ep 2661 | AvgR 0.0005 | Global 0.9569 | Local 0.1192 | F1_macro 0.6696 | WorstLoss 1.9868
[Tracker] Ep 2662 | AvgR 0.0005 | Global 0.9654 | Local 0.1192 | F1_macro 0.6480 | WorstLoss 1.9109
[Tracker] Ep 2663 | AvgR 0.0005 | Global 0.9338 | Local 0.1192 | F1_macro 0.6647 | WorstLoss 2.1377
[Tracker] Ep 2664 | AvgR 0.0005 | Global 0.9737 | Local 0.1192 | F1_macro 0.6456 | WorstLoss 1.8158
[Tracker] Ep 2665 | AvgR 0.0005 | Global 0.9550 | Local 0.1192 | F1_macro 0.6580 | WorstLoss 2.0013
[Tracker] Saved snapshot: ep2665_phase1_class1
[Tracker] Ep 2666 | AvgR 0.0005 | Global 0.9516 | Local 0.1192 | F1_macro 0.6476 | WorstLoss 2.0137
[Tracker] Ep 2667 | AvgR 0.0005 | Global 0.9596 | Local 0.1192 | F1_macro 0.6586 | WorstLoss 1.9644
[Tracker] Ep 2668 | AvgR 0.0005 | Global 0.9495 | Local 0.1192 | F1_macro 0.6679 | WorstLoss 2.0421
[Tracker] Ep 2669 | AvgR 0.0005 | Global 0.9618 | Local 0.1192 | F1_macro 0.6520 | WorstLoss 1.7975
[Tracker] Ep 2670 | AvgR 0.0005 | Global 0.9484 | Local 0.1192 | F1_macro 0.6513 | WorstLoss 2.0498
[Tracker] Saved snapshot: ep2670_phase1_class1
[Tracker] Ep 2671 | AvgR 0.0005 | Global 0.9812 | Local 0.1192 | F1_macro 0.6561 | WorstLoss 1.7023
[Tracker] Ep 2672 | AvgR 0.0005 | Global 0.9613 | Local 0.1192 | F1_macro 0.6627 | WorstLoss 1.9495
[Tracker] Ep 2673 | AvgR 0.0005 | Global 0.9493 | Local 0.1192 | F1_macro 0.6535 | WorstLoss 2.0437
[Tracker] Ep 2674 | AvgR 0.0005 | Global 0.9542 | Local 0.1192 | F1_macro 0.6690 | WorstLoss 2.0078
[Tracker] Ep 2675 | AvgR 0.0005 | Global 0.9653 | Local 0.1192 | F1_macro 0.6588 | WorstLoss 1.9109
[Tracker] Saved snapshot: ep2675_phase1_class1
[Tracker] Ep 2676 | AvgR 0.0005 | Global 0.9645 | Local 0.1192 | F1_macro 0.6614 | WorstLoss 1.9076
[Tracker] Ep 2677 | AvgR 0.0005 | Global 0.9545 | Local 0.1192 | F1_macro 0.6434 | WorstLoss 2.0058
[Tracker] Ep 2678 | AvgR 0.0005 | Global 0.9544 | Local 0.1192 | F1_macro 0.6450 | WorstLoss 2.0064
[Tracker] Ep 2679 | AvgR 0.0005 | Global 0.9591 | Local 0.1192 | F1_macro 0.6670 | WorstLoss 1.9686
[Tracker] Ep 2680 | AvgR 0.0005 | Global 0.9782 | Local 0.1192 | F1_macro 0.6479 | WorstLoss 1.7519
[Tracker] Saved snapshot: ep2680_phase1_class1
[Tracker] Ep 2681 | AvgR 0.0005 | Global 0.9544 | Local 0.1192 | F1_macro 0.6593 | WorstLoss 2.0061
[Tracker] Ep 2682 | AvgR 0.0005 | Global 0.9715 | Local 0.1192 | F1_macro 0.6582 | WorstLoss 1.8441
[Tracker] Ep 2683 | AvgR 0.0005 | Global 0.9715 | Local 0.1192 | F1_macro 0.6501 | WorstLoss 1.8442
[Tracker] Ep 2684 | AvgR 0.0005 | Global 0.9687 | Local 0.1192 | F1_macro 0.6595 | WorstLoss 1.8755
[Tracker] Ep 2685 | AvgR 0.0005 | Global 0.9789 | Local 0.1192 | F1_macro 0.6557 | WorstLoss 1.7414
[Tracker] Saved snapshot: ep2685_phase1_class1
[Tracker] Ep 2686 | AvgR 0.0005 | Global 0.9519 | Local 0.1192 | F1_macro 0.6486 | WorstLoss 2.0249
[Tracker] Ep 2687 | AvgR 0.0005 | Global 0.9714 | Local 0.1192 | F1_macro 0.6470 | WorstLoss 1.8445
[Tracker] Ep 2688 | AvgR 0.0005 | Global 0.9583 | Local 0.1192 | F1_macro 0.6716 | WorstLoss 1.9755
[Tracker] Ep 2689 | AvgR 0.0005 | Global 0.9448 | Local 0.1192 | F1_macro 0.6413 | WorstLoss 2.0735
[Tracker] Ep 2690 | AvgR 0.0005 | Global 0.9545 | Local 0.1192 | F1_macro 0.6534 | WorstLoss 2.0058
[Tracker] Saved snapshot: ep2690_phase1_class1
[Tracker] Ep 2691 | AvgR 0.0005 | Global 0.9657 | Local 0.1192 | F1_macro 0.6418 | WorstLoss 1.9074
[Tracker] Ep 2692 | AvgR 0.0005 | Global 0.9704 | Local 0.1192 | F1_macro 0.6648 | WorstLoss 1.8565
[Tracker] Ep 2693 | AvgR 0.0005 | Global 0.9515 | Local 0.1192 | F1_macro 0.6600 | WorstLoss 2.0279
[Tracker] Ep 2694 | AvgR 0.0005 | Global 0.9728 | Local 0.1192 | F1_macro 0.6522 | WorstLoss 1.7728
[Tracker] Ep 2695 | AvgR 0.0005 | Global 0.9337 | Local 0.1192 | F1_macro 0.6478 | WorstLoss 2.1382
[Tracker] Saved snapshot: ep2695_phase1_class1
[Tracker] Ep 2696 | AvgR 0.0005 | Global 0.9354 | Local 0.1192 | F1_macro 0.6619 | WorstLoss 2.1289
[Tracker] Ep 2697 | AvgR 0.0005 | Global 0.9729 | Local 0.1192 | F1_macro 0.6587 | WorstLoss 1.8259
[Tracker] Ep 2698 | AvgR 0.0005 | Global 0.9723 | Local 0.1192 | F1_macro 0.6629 | WorstLoss 1.8333
[Tracker] Ep 2699 | AvgR 0.0005 | Global 0.9774 | Local 0.1192 | F1_macro 0.6591 | WorstLoss 1.7648
[Tracker] Ep 2700 | AvgR 0.0005 | Global 0.9784 | Local 0.1192 | F1_macro 0.6540 | WorstLoss 1.7485
[Tracker] Saved snapshot: ep2700_phase1_class1
[Tracker] Ep 2701 | AvgR 0.0005 | Global 0.9700 | Local 0.1192 | F1_macro 0.6529 | WorstLoss 1.8611
[Tracker] Ep 2702 | AvgR 0.0005 | Global 0.9466 | Local 0.1192 | F1_macro 0.6510 | WorstLoss 1.9975
[Tracker] Ep 2703 | AvgR 0.0005 | Global 0.9659 | Local 0.1192 | F1_macro 0.6513 | WorstLoss 1.9049
[Tracker] Ep 2704 | AvgR 0.0005 | Global 0.9341 | Local 0.1192 | F1_macro 0.6431 | WorstLoss 2.1186
[Tracker] Ep 2705 | AvgR 0.0005 | Global 0.9574 | Local 0.1192 | F1_macro 0.6617 | WorstLoss 1.9821
[Tracker] Saved snapshot: ep2705_phase1_class1
[Tracker] Ep 2706 | AvgR 0.0005 | Global 0.9816 | Local 0.1192 | F1_macro 0.6718 | WorstLoss 1.6945
[Tracker] Ep 2707 | AvgR 0.0005 | Global 0.9491 | Local 0.1192 | F1_macro 0.6501 | WorstLoss 2.0182
[Tracker] Ep 2708 | AvgR 0.0005 | Global 0.9736 | Local 0.1192 | F1_macro 0.6576 | WorstLoss 1.8171
[Tracker] Ep 2709 | AvgR 0.0005 | Global 0.9765 | Local 0.1192 | F1_macro 0.6502 | WorstLoss 1.7775
[Tracker] Ep 2710 | AvgR 0.0005 | Global 0.9673 | Local 0.1192 | F1_macro 0.6621 | WorstLoss 1.8904
[Tracker] Saved snapshot: ep2710_phase1_class1
[Tracker] Ep 2711 | AvgR 0.0005 | Global 0.9688 | Local 0.1192 | F1_macro 0.6579 | WorstLoss 1.8747
[Tracker] Ep 2712 | AvgR 0.0005 | Global 0.9518 | Local 0.1192 | F1_macro 0.6523 | WorstLoss 2.0256
[Tracker] Ep 2713 | AvgR 0.0005 | Global 0.9667 | Local 0.1192 | F1_macro 0.6484 | WorstLoss 1.8974
[Tracker] Ep 2714 | AvgR 0.0005 | Global 0.9457 | Local 0.1192 | F1_macro 0.6648 | WorstLoss 2.0675
[Tracker] Ep 2715 | AvgR 0.0005 | Global 0.9565 | Local 0.1192 | F1_macro 0.6476 | WorstLoss 1.9900
[Tracker] Saved snapshot: ep2715_phase1_class1
[Tracker] Ep 2716 | AvgR 0.0005 | Global 0.9304 | Local 0.1192 | F1_macro 0.6485 | WorstLoss 2.0908
[Tracker] Ep 2717 | AvgR 0.0005 | Global 0.9698 | Local 0.1192 | F1_macro 0.6486 | WorstLoss 1.8640
[Tracker] Ep 2718 | AvgR 0.0005 | Global 0.9815 | Local 0.1192 | F1_macro 0.6673 | WorstLoss 1.6961
[Tracker] Ep 2719 | AvgR 0.0005 | Global 0.9779 | Local 0.1192 | F1_macro 0.6521 | WorstLoss 1.7574
[Tracker] Ep 2720 | AvgR 0.0005 | Global 0.9697 | Local 0.1192 | F1_macro 0.6589 | WorstLoss 1.8650
[Tracker] Saved snapshot: ep2720_phase1_class1
[Tracker] Ep 2721 | AvgR 0.0005 | Global 0.9712 | Local 0.1192 | F1_macro 0.6598 | WorstLoss 1.8474
[Tracker] Ep 2722 | AvgR 0.0005 | Global 0.9477 | Local 0.1192 | F1_macro 0.6550 | WorstLoss 2.0539
[Tracker] Ep 2723 | AvgR 0.0005 | Global 0.9858 | Local 0.1192 | F1_macro 0.6511 | WorstLoss 1.6067
[Tracker] Ep 2724 | AvgR 0.0005 | Global 0.9114 | Local 0.1192 | F1_macro 0.6432 | WorstLoss 2.2170
[Tracker] Ep 2725 | AvgR 0.0005 | Global 0.9706 | Local 0.1192 | F1_macro 0.6722 | WorstLoss 1.8544
[Tracker] Saved snapshot: ep2725_phase1_class1
[Tracker] Ep 2726 | AvgR 0.0005 | Global 0.9766 | Local 0.1192 | F1_macro 0.6586 | WorstLoss 1.7583
[Tracker] Ep 2727 | AvgR 0.0005 | Global 0.9571 | Local 0.1192 | F1_macro 0.6467 | WorstLoss 1.9848
[Tracker] Ep 2728 | AvgR 0.0005 | Global 0.9488 | Local 0.1192 | F1_macro 0.6494 | WorstLoss 2.0465
[Tracker] Ep 2729 | AvgR 0.0005 | Global 0.9728 | Local 0.1192 | F1_macro 0.6490 | WorstLoss 1.8277
[Tracker] Ep 2730 | AvgR 0.0005 | Global 0.9241 | Local 0.1192 | F1_macro 0.6506 | WorstLoss 2.1870
[Tracker] Saved snapshot: ep2730_phase1_class1
[Tracker] Ep 2731 | AvgR 0.0005 | Global 0.9346 | Local 0.1192 | F1_macro 0.6414 | WorstLoss 2.0318
[Tracker] Ep 2732 | AvgR 0.0005 | Global 0.9663 | Local 0.1192 | F1_macro 0.6463 | WorstLoss 1.9015
[Tracker] Ep 2733 | AvgR 0.0005 | Global 0.9605 | Local 0.1192 | F1_macro 0.6560 | WorstLoss 1.9559
[Tracker] Ep 2734 | AvgR 0.0005 | Global 0.9769 | Local 0.1192 | F1_macro 0.6536 | WorstLoss 1.7710
[Tracker] Ep 2735 | AvgR 0.0005 | Global 0.9804 | Local 0.1192 | F1_macro 0.6641 | WorstLoss 1.7155
[Tracker] Saved snapshot: ep2735_phase1_class1
[Tracker] Ep 2736 | AvgR 0.0005 | Global 0.9542 | Local 0.1192 | F1_macro 0.6544 | WorstLoss 2.0077
[Tracker] Ep 2737 | AvgR 0.0005 | Global 0.9680 | Local 0.1192 | F1_macro 0.6584 | WorstLoss 1.8830
[Tracker] Ep 2738 | AvgR 0.0005 | Global 0.9758 | Local 0.1192 | F1_macro 0.6483 | WorstLoss 1.7878
[Tracker] Ep 2739 | AvgR 0.0005 | Global 0.9731 | Local 0.1192 | F1_macro 0.6462 | WorstLoss 1.8238
[Tracker] Ep 2740 | AvgR 0.0005 | Global 0.9639 | Local 0.1192 | F1_macro 0.6549 | WorstLoss 1.9254
[Tracker] Saved snapshot: ep2740_phase1_class1
[Tracker] Ep 2741 | AvgR 0.0005 | Global 0.9306 | Local 0.1192 | F1_macro 0.6416 | WorstLoss 2.0936
[Tracker] Ep 2742 | AvgR 0.0005 | Global 0.9631 | Local 0.1192 | F1_macro 0.6602 | WorstLoss 1.9322
[Tracker] Ep 2743 | AvgR 0.0005 | Global 0.9823 | Local 0.1192 | F1_macro 0.6505 | WorstLoss 1.6815
[Tracker] Ep 2744 | AvgR 0.0005 | Global 0.9778 | Local 0.1192 | F1_macro 0.6551 | WorstLoss 1.7586
[Tracker] Ep 2745 | AvgR 0.0005 | Global 0.9701 | Local 0.1192 | F1_macro 0.6500 | WorstLoss 1.8595
[Tracker] Saved snapshot: ep2745_phase1_class1
[Tracker] Ep 2746 | AvgR 0.0005 | Global 0.9725 | Local 0.1192 | F1_macro 0.6578 | WorstLoss 1.8313
[Tracker] Ep 2747 | AvgR 0.0005 | Global 0.9707 | Local 0.1192 | F1_macro 0.6421 | WorstLoss 1.8530
[Tracker] Ep 2748 | AvgR 0.0005 | Global 0.9403 | Local 0.1192 | F1_macro 0.6409 | WorstLoss 2.0155
[Tracker] Ep 2749 | AvgR 0.0005 | Global 0.9456 | Local 0.1192 | F1_macro 0.6568 | WorstLoss 1.9812
[Tracker] Ep 2750 | AvgR 0.0005 | Global 0.9667 | Local 0.1192 | F1_macro 0.6756 | WorstLoss 1.8971
[Tracker] Saved snapshot: ep2750_phase1_class1
[Tracker] Ep 2751 | AvgR 0.0005 | Global 0.9574 | Local 0.1192 | F1_macro 0.6380 | WorstLoss 1.9450
[Tracker] Ep 2752 | AvgR 0.0005 | Global 0.9723 | Local 0.1192 | F1_macro 0.6615 | WorstLoss 1.8341
[Tracker] Ep 2753 | AvgR 0.0005 | Global 0.9514 | Local 0.1192 | F1_macro 0.6485 | WorstLoss 1.9810
[Tracker] Ep 2754 | AvgR 0.0005 | Global 0.9639 | Local 0.1192 | F1_macro 0.6539 | WorstLoss 1.9249
[Tracker] Ep 2755 | AvgR 0.0005 | Global 0.9677 | Local 0.1192 | F1_macro 0.6547 | WorstLoss 1.8871
[Tracker] Saved snapshot: ep2755_phase1_class1
[Tracker] Ep 2756 | AvgR 0.0005 | Global 0.9575 | Local 0.1192 | F1_macro 0.6604 | WorstLoss 1.9814
[Tracker] Ep 2757 | AvgR 0.0005 | Global 0.9669 | Local 0.1192 | F1_macro 0.6445 | WorstLoss 1.8952
[Tracker] Ep 2758 | AvgR 0.0005 | Global 0.9714 | Local 0.1192 | F1_macro 0.6476 | WorstLoss 1.8451
[Tracker] Ep 2759 | AvgR 0.0005 | Global 0.9682 | Local 0.1192 | F1_macro 0.6503 | WorstLoss 1.8818
[Tracker] Ep 2760 | AvgR 0.0005 | Global 0.9790 | Local 0.1192 | F1_macro 0.6565 | WorstLoss 1.7388
[Tracker] Saved snapshot: ep2760_phase1_class1
[Tracker] Ep 2761 | AvgR 0.0005 | Global 0.9607 | Local 0.1192 | F1_macro 0.6380 | WorstLoss 1.9542
[Tracker] Ep 2762 | AvgR 0.0005 | Global 0.9692 | Local 0.1192 | F1_macro 0.6540 | WorstLoss 1.8701
[Tracker] Ep 2763 | AvgR 0.0005 | Global 0.9549 | Local 0.1192 | F1_macro 0.6627 | WorstLoss 2.0025
[Tracker] Ep 2764 | AvgR 0.0005 | Global 0.9466 | Local 0.1192 | F1_macro 0.6597 | WorstLoss 2.0618
[Tracker] Ep 2765 | AvgR 0.0005 | Global 0.9318 | Local 0.1192 | F1_macro 0.6510 | WorstLoss 2.1484
[Tracker] Saved snapshot: ep2765_phase1_class1
[Tracker] Ep 2766 | AvgR 0.0005 | Global 0.9709 | Local 0.1192 | F1_macro 0.6706 | WorstLoss 1.8513
[Tracker] Ep 2767 | AvgR 0.0005 | Global 0.9632 | Local 0.1192 | F1_macro 0.6501 | WorstLoss 1.9314
[Tracker] Ep 2768 | AvgR 0.0005 | Global 0.9818 | Local 0.1192 | F1_macro 0.6600 | WorstLoss 1.6898
[Tracker] Ep 2769 | AvgR 0.0005 | Global 0.9672 | Local 0.1192 | F1_macro 0.6590 | WorstLoss 1.8918
[Tracker] Ep 2770 | AvgR 0.0005 | Global 0.9674 | Local 0.1192 | F1_macro 0.6544 | WorstLoss 1.8899
[Tracker] Saved snapshot: ep2770_phase1_class1
[Tracker] Ep 2771 | AvgR 0.0005 | Global 0.9714 | Local 0.1192 | F1_macro 0.6450 | WorstLoss 1.8450
[Tracker] Ep 2772 | AvgR 0.0005 | Global 0.9779 | Local 0.1192 | F1_macro 0.6418 | WorstLoss 1.7566
[Tracker] Ep 2773 | AvgR 0.0005 | Global 0.9748 | Local 0.1192 | F1_macro 0.6653 | WorstLoss 1.8020
[Tracker] Ep 2774 | AvgR 0.0005 | Global 0.9659 | Local 0.1192 | F1_macro 0.6581 | WorstLoss 1.9054
[Tracker] Ep 2775 | AvgR 0.0005 | Global 0.9653 | Local 0.1192 | F1_macro 0.6646 | WorstLoss 1.9116
[Tracker] Saved snapshot: ep2775_phase1_class1
[Tracker] Ep 2776 | AvgR 0.0005 | Global 0.9728 | Local 0.1192 | F1_macro 0.6391 | WorstLoss 1.8273
[Tracker] Ep 2777 | AvgR 0.0005 | Global 0.9573 | Local 0.1192 | F1_macro 0.6527 | WorstLoss 1.9829
[Tracker] Ep 2778 | AvgR 0.0005 | Global 0.9631 | Local 0.1192 | F1_macro 0.6562 | WorstLoss 1.9324
[Tracker] Ep 2779 | AvgR 0.0005 | Global 0.9429 | Local 0.1192 | F1_macro 0.6400 | WorstLoss 2.0854
[Tracker] Ep 2780 | AvgR 0.0005 | Global 0.9860 | Local 0.1192 | F1_macro 0.6661 | WorstLoss 1.6013
[Tracker] Saved snapshot: ep2780_phase1_class1
[Tracker] Ep 2781 | AvgR 0.0005 | Global 0.9677 | Local 0.1192 | F1_macro 0.6559 | WorstLoss 1.8869
[Tracker] Ep 2782 | AvgR 0.0005 | Global 0.9734 | Local 0.1192 | F1_macro 0.6623 | WorstLoss 1.8204
[Tracker] Ep 2783 | AvgR 0.0005 | Global 0.9694 | Local 0.1192 | F1_macro 0.6584 | WorstLoss 1.8685
[Tracker] Ep 2784 | AvgR 0.0005 | Global 0.9877 | Local 0.1192 | F1_macro 0.6638 | WorstLoss 1.5567
[Tracker] New BEST synthetic [phase1_class1] (by global.global_obj: 0.987749) saved.
[Tracker] BEST β weights [phase1_class1] saved -> training_runs/SPECcompas_v18k3_ep3000_gpu1_EP3000_PCA10_REWfairness_minID0_majID1_TRJ2000_REAL3000_BIAS0.05_GG202604111115_d5681707/seed_3/best_beta_state_dict_phase1_class1.pt
[Tracker] Ep 2785 | AvgR 0.0005 | Global 0.9793 | Local 0.1192 | F1_macro 0.6561 | WorstLoss 1.7348
[Tracker] Saved snapshot: ep2785_phase1_class1
[Tracker] Ep 2786 | AvgR 0.0005 | Global 0.9813 | Local 0.1192 | F1_macro 0.6638 | WorstLoss 1.6993
[Tracker] Ep 2787 | AvgR 0.0005 | Global 0.9655 | Local 0.1192 | F1_macro 0.6586 | WorstLoss 1.9094
[Tracker] Ep 2788 | AvgR 0.0005 | Global 0.9758 | Local 0.1192 | F1_macro 0.6611 | WorstLoss 1.7882
[Tracker] Ep 2789 | AvgR 0.0005 | Global 0.9670 | Local 0.1192 | F1_macro 0.6600 | WorstLoss 1.8945
[Tracker] Ep 2790 | AvgR 0.0005 | Global 0.9786 | Local 0.1192 | F1_macro 0.6714 | WorstLoss 1.7449
[Tracker] Saved snapshot: ep2790_phase1_class1
[Tracker] Ep 2791 | AvgR 0.0005 | Global 0.9803 | Local 0.1192 | F1_macro 0.6576 | WorstLoss 1.7169
[Tracker] Ep 2792 | AvgR 0.0005 | Global 0.9705 | Local 0.1192 | F1_macro 0.6505 | WorstLoss 1.8554
[Tracker] Ep 2793 | AvgR 0.0005 | Global 0.9674 | Local 0.1192 | F1_macro 0.6569 | WorstLoss 1.8894
[Tracker] Ep 2794 | AvgR 0.0005 | Global 0.9755 | Local 0.1192 | F1_macro 0.6569 | WorstLoss 1.7924
[Tracker] Ep 2795 | AvgR 0.0005 | Global 0.9744 | Local 0.1192 | F1_macro 0.6604 | WorstLoss 1.8064
[Tracker] Saved snapshot: ep2795_phase1_class1
[Tracker] Ep 2796 | AvgR 0.0005 | Global 0.9727 | Local 0.1192 | F1_macro 0.6642 | WorstLoss 1.8283
[Tracker] Ep 2797 | AvgR 0.0005 | Global 0.9595 | Local 0.1192 | F1_macro 0.6588 | WorstLoss 1.9651
[Tracker] Ep 2798 | AvgR 0.0005 | Global 0.9788 | Local 0.1192 | F1_macro 0.6710 | WorstLoss 1.7426
[Tracker] Ep 2799 | AvgR 0.0005 | Global 0.9705 | Local 0.1192 | F1_macro 0.6575 | WorstLoss 1.8554
[Tracker] Ep 2800 | AvgR 0.0005 | Global 0.9806 | Local 0.1192 | F1_macro 0.6634 | WorstLoss 1.7126
[Tracker] Saved snapshot: ep2800_phase1_class1
[Tracker] Ep 2801 | AvgR 0.0005 | Global 0.9784 | Local 0.1192 | F1_macro 0.6517 | WorstLoss 1.7487
[Tracker] Ep 2802 | AvgR 0.0005 | Global 0.9324 | Local 0.1192 | F1_macro 0.6623 | WorstLoss 2.1451
[Tracker] Ep 2803 | AvgR 0.0005 | Global 0.9639 | Local 0.1192 | F1_macro 0.6636 | WorstLoss 1.9252
[Tracker] Ep 2804 | AvgR 0.0005 | Global 0.9676 | Local 0.1192 | F1_macro 0.6448 | WorstLoss 1.8872
[Tracker] Ep 2805 | AvgR 0.0005 | Global 0.9550 | Local 0.1192 | F1_macro 0.6541 | WorstLoss 2.0013
[Tracker] Saved snapshot: ep2805_phase1_class1
[Tracker] Ep 2806 | AvgR 0.0005 | Global 0.9797 | Local 0.1192 | F1_macro 0.6673 | WorstLoss 1.7285
[Tracker] Ep 2807 | AvgR 0.0005 | Global 0.9856 | Local 0.1192 | F1_macro 0.6574 | WorstLoss 1.6119
[Tracker] Ep 2808 | AvgR 0.0005 | Global 0.9836 | Local 0.1192 | F1_macro 0.6566 | WorstLoss 1.6543
[Tracker] Ep 2809 | AvgR 0.0005 | Global 0.9804 | Local 0.1192 | F1_macro 0.6541 | WorstLoss 1.7164
[Tracker] Ep 2810 | AvgR 0.0005 | Global 0.9609 | Local 0.1192 | F1_macro 0.6554 | WorstLoss 1.9526
[Tracker] Saved snapshot: ep2810_phase1_class1
[Tracker] Ep 2811 | AvgR 0.0005 | Global 0.9754 | Local 0.1192 | F1_macro 0.6630 | WorstLoss 1.7933
[Tracker] Ep 2812 | AvgR 0.0005 | Global 0.9713 | Local 0.1192 | F1_macro 0.6468 | WorstLoss 1.8461
[Tracker] Ep 2813 | AvgR 0.0005 | Global 0.9562 | Local 0.1192 | F1_macro 0.6642 | WorstLoss 1.9923
[Tracker] Ep 2814 | AvgR 0.0005 | Global 0.9772 | Local 0.1192 | F1_macro 0.6493 | WorstLoss 1.7677
[Tracker] Ep 2815 | AvgR 0.0005 | Global 0.9541 | Local 0.1192 | F1_macro 0.6388 | WorstLoss 2.0083
[Tracker] Saved snapshot: ep2815_phase1_class1
[Tracker] Ep 2816 | AvgR 0.0005 | Global 0.9705 | Local 0.1192 | F1_macro 0.6517 | WorstLoss 1.8552
[Tracker] Ep 2817 | AvgR 0.0005 | Global 0.9559 | Local 0.1192 | F1_macro 0.6552 | WorstLoss 1.9946
[Tracker] Ep 2818 | AvgR 0.0005 | Global 0.9863 | Local 0.1192 | F1_macro 0.6526 | WorstLoss 1.5938
[Tracker] Ep 2819 | AvgR 0.0005 | Global 0.9579 | Local 0.1192 | F1_macro 0.6448 | WorstLoss 1.9783
[Tracker] Ep 2820 | AvgR 0.0005 | Global 0.9768 | Local 0.1192 | F1_macro 0.6421 | WorstLoss 1.7729
[Tracker] Saved snapshot: ep2820_phase1_class1
[Tracker] Ep 2821 | AvgR 0.0005 | Global 0.9824 | Local 0.1192 | F1_macro 0.6608 | WorstLoss 1.6795
[Tracker] Ep 2822 | AvgR 0.0005 | Global 0.9514 | Local 0.1192 | F1_macro 0.6490 | WorstLoss 2.0288
[Tracker] Ep 2823 | AvgR 0.0005 | Global 0.9444 | Local 0.1192 | F1_macro 0.6468 | WorstLoss 2.0759
[Tracker] Ep 2824 | AvgR 0.0005 | Global 0.9657 | Local 0.1192 | F1_macro 0.6606 | WorstLoss 1.9077
[Tracker] Ep 2825 | AvgR 0.0005 | Global 0.9632 | Local 0.1192 | F1_macro 0.6413 | WorstLoss 1.8668
[Tracker] Saved snapshot: ep2825_phase1_class1
[Tracker] Ep 2826 | AvgR 0.0005 | Global 0.9638 | Local 0.1192 | F1_macro 0.6666 | WorstLoss 1.9258
[Tracker] Ep 2827 | AvgR 0.0005 | Global 0.9464 | Local 0.1192 | F1_macro 0.6603 | WorstLoss 2.0630
[Tracker] Ep 2828 | AvgR 0.0005 | Global 0.9617 | Local 0.1192 | F1_macro 0.6394 | WorstLoss 1.9458
[Tracker] Ep 2829 | AvgR 0.0005 | Global 0.9846 | Local 0.1192 | F1_macro 0.6480 | WorstLoss 1.6336
[Tracker] Ep 2830 | AvgR 0.0005 | Global 0.9762 | Local 0.1192 | F1_macro 0.6600 | WorstLoss 1.7817
[Tracker] Saved snapshot: ep2830_phase1_class1
[Tracker] Ep 2831 | AvgR 0.0005 | Global 0.9755 | Local 0.1192 | F1_macro 0.6533 | WorstLoss 1.7924
[Tracker] Ep 2832 | AvgR 0.0005 | Global 0.9762 | Local 0.1192 | F1_macro 0.6459 | WorstLoss 1.7819
[Tracker] Ep 2833 | AvgR 0.0005 | Global 0.9621 | Local 0.1192 | F1_macro 0.6576 | WorstLoss 1.9418
[Tracker] Ep 2834 | AvgR 0.0005 | Global 0.9668 | Local 0.1192 | F1_macro 0.6529 | WorstLoss 1.8959
[Tracker] Ep 2835 | AvgR 0.0005 | Global 0.9597 | Local 0.1192 | F1_macro 0.6441 | WorstLoss 1.8827
[Tracker] Saved snapshot: ep2835_phase1_class1
[Tracker] Ep 2836 | AvgR 0.0005 | Global 0.9770 | Local 0.1192 | F1_macro 0.6420 | WorstLoss 1.7706
[Tracker] Ep 2837 | AvgR 0.0005 | Global 0.9353 | Local 0.1192 | F1_macro 0.6494 | WorstLoss 2.1296
[Tracker] Ep 2838 | AvgR 0.0005 | Global 0.9576 | Local 0.1192 | F1_macro 0.6450 | WorstLoss 1.9811
[Tracker] Ep 2839 | AvgR 0.0005 | Global 0.9680 | Local 0.1192 | F1_macro 0.6623 | WorstLoss 1.8838
[Tracker] Ep 2840 | AvgR 0.0005 | Global 0.9713 | Local 0.1192 | F1_macro 0.6617 | WorstLoss 1.8462
[Tracker] Saved snapshot: ep2840_phase1_class1
[Tracker] Ep 2841 | AvgR 0.0005 | Global 0.9727 | Local 0.1192 | F1_macro 0.6609 | WorstLoss 1.8284
[Tracker] Ep 2842 | AvgR 0.0005 | Global 0.9650 | Local 0.1192 | F1_macro 0.6456 | WorstLoss 1.9147
[Tracker] Ep 2843 | AvgR 0.0005 | Global 0.9791 | Local 0.1192 | F1_macro 0.6837 | WorstLoss 1.7377
[Tracker] Ep 2844 | AvgR 0.0005 | Global 0.9439 | Local 0.1192 | F1_macro 0.6526 | WorstLoss 2.0790
[Tracker] Ep 2845 | AvgR 0.0005 | Global 0.9644 | Local 0.1192 | F1_macro 0.6496 | WorstLoss 1.9202
[Tracker] Saved snapshot: ep2845_phase1_class1
[Tracker] Ep 2846 | AvgR 0.0005 | Global 0.9568 | Local 0.1192 | F1_macro 0.6536 | WorstLoss 1.9877
[Tracker] Ep 2847 | AvgR 0.0005 | Global 0.9801 | Local 0.1192 | F1_macro 0.6590 | WorstLoss 1.7207
[Tracker] Ep 2848 | AvgR 0.0005 | Global 0.9509 | Local 0.1192 | F1_macro 0.6465 | WorstLoss 2.0030
[Tracker] Ep 2849 | AvgR 0.0005 | Global 0.9641 | Local 0.1192 | F1_macro 0.6541 | WorstLoss 1.9231
[Tracker] Ep 2850 | AvgR 0.0005 | Global 0.9678 | Local 0.1192 | F1_macro 0.6532 | WorstLoss 1.8856
[Tracker] Saved snapshot: ep2850_phase1_class1
[Tracker] Ep 2851 | AvgR 0.0005 | Global 0.9598 | Local 0.1192 | F1_macro 0.6422 | WorstLoss 1.9621
[Tracker] Ep 2852 | AvgR 0.0005 | Global 0.9868 | Local 0.1192 | F1_macro 0.6604 | WorstLoss 1.5811
[Tracker] Ep 2853 | AvgR 0.0005 | Global 0.9085 | Local 0.1192 | F1_macro 0.6634 | WorstLoss 2.2549
[Tracker] Ep 2854 | AvgR 0.0005 | Global 0.9515 | Local 0.1192 | F1_macro 0.6638 | WorstLoss 2.0279
[Tracker] Ep 2855 | AvgR 0.0005 | Global 0.9610 | Local 0.1192 | F1_macro 0.6433 | WorstLoss 1.9522
[Tracker] Saved snapshot: ep2855_phase1_class1
[Tracker] Ep 2856 | AvgR 0.0005 | Global 0.9565 | Local 0.1192 | F1_macro 0.6470 | WorstLoss 1.9897
[Tracker] Ep 2857 | AvgR 0.0005 | Global 0.9559 | Local 0.1192 | F1_macro 0.6498 | WorstLoss 1.9943
[Tracker] Ep 2858 | AvgR 0.0005 | Global 0.9802 | Local 0.1192 | F1_macro 0.6660 | WorstLoss 1.7200
[Tracker] Ep 2859 | AvgR 0.0005 | Global 0.9668 | Local 0.1192 | F1_macro 0.6554 | WorstLoss 1.8965
[Tracker] Ep 2860 | AvgR 0.0005 | Global 0.9826 | Local 0.1192 | F1_macro 0.6703 | WorstLoss 1.6744
[Tracker] Saved snapshot: ep2860_phase1_class1
[Tracker] Ep 2861 | AvgR 0.0005 | Global 0.9588 | Local 0.1192 | F1_macro 0.6537 | WorstLoss 1.9712
[Tracker] Ep 2862 | AvgR 0.0005 | Global 0.9728 | Local 0.1192 | F1_macro 0.6511 | WorstLoss 1.8279
[Tracker] Ep 2863 | AvgR 0.0005 | Global 0.9735 | Local 0.1192 | F1_macro 0.6501 | WorstLoss 1.8187
[Tracker] Ep 2864 | AvgR 0.0005 | Global 0.9749 | Local 0.1192 | F1_macro 0.6679 | WorstLoss 1.8005
[Tracker] Ep 2865 | AvgR 0.0005 | Global 0.9609 | Local 0.1192 | F1_macro 0.6471 | WorstLoss 1.9522
[Tracker] Saved snapshot: ep2865_phase1_class1
[Tracker] Ep 2866 | AvgR 0.0005 | Global 0.9817 | Local 0.1192 | F1_macro 0.6587 | WorstLoss 1.6917
[Tracker] Ep 2867 | AvgR 0.0005 | Global 0.9751 | Local 0.1192 | F1_macro 0.6628 | WorstLoss 1.7973
[Tracker] Ep 2868 | AvgR 0.0005 | Global 0.9805 | Local 0.1192 | F1_macro 0.6664 | WorstLoss 1.7139
[Tracker] Ep 2869 | AvgR 0.0005 | Global 0.9780 | Local 0.1192 | F1_macro 0.6725 | WorstLoss 1.7555
[Tracker] Ep 2870 | AvgR 0.0005 | Global 0.9905 | Local 0.1192 | F1_macro 0.6620 | WorstLoss 1.4711
[Tracker] Saved snapshot: ep2870_phase1_class1
[Tracker] New BEST synthetic [phase1_class1] (by global.global_obj: 0.990495) saved.
[Tracker] BEST β weights [phase1_class1] saved -> training_runs/SPECcompas_v18k3_ep3000_gpu1_EP3000_PCA10_REWfairness_minID0_majID1_TRJ2000_REAL3000_BIAS0.05_GG202604111115_d5681707/seed_3/best_beta_state_dict_phase1_class1.pt
[Tracker] Ep 2871 | AvgR 0.0005 | Global 0.9767 | Local 0.1192 | F1_macro 0.6573 | WorstLoss 1.7746
[Tracker] Ep 2872 | AvgR 0.0005 | Global 0.9586 | Local 0.1192 | F1_macro 0.6639 | WorstLoss 1.9729
[Tracker] Ep 2873 | AvgR 0.0005 | Global 0.9424 | Local 0.1192 | F1_macro 0.6428 | WorstLoss 2.0880
[Tracker] Ep 2874 | AvgR 0.0005 | Global 0.9648 | Local 0.1192 | F1_macro 0.6531 | WorstLoss 1.9160
[Tracker] Ep 2875 | AvgR 0.0005 | Global 0.9748 | Local 0.1192 | F1_macro 0.6591 | WorstLoss 1.8016
[Tracker] Saved snapshot: ep2875_phase1_class1
[Tracker] Ep 2876 | AvgR 0.0005 | Global 0.9560 | Local 0.1192 | F1_macro 0.6575 | WorstLoss 1.9941
[Tracker] Ep 2877 | AvgR 0.0005 | Global 0.9870 | Local 0.1192 | F1_macro 0.6524 | WorstLoss 1.5778
[Tracker] Ep 2878 | AvgR 0.0005 | Global 0.9313 | Local 0.1192 | F1_macro 0.6460 | WorstLoss 2.1508
[Tracker] Ep 2879 | AvgR 0.0005 | Global 0.9609 | Local 0.1192 | F1_macro 0.6625 | WorstLoss 1.9528
[Tracker] Ep 2880 | AvgR 0.0005 | Global 0.9566 | Local 0.1192 | F1_macro 0.6555 | WorstLoss 1.9893
[Tracker] Saved snapshot: ep2880_phase1_class1
[Tracker] Ep 2881 | AvgR 0.0005 | Global 0.9741 | Local 0.1192 | F1_macro 0.6497 | WorstLoss 1.8111
[Tracker] Ep 2882 | AvgR 0.0005 | Global 0.9708 | Local 0.1192 | F1_macro 0.6589 | WorstLoss 1.8521
[Tracker] Ep 2883 | AvgR 0.0005 | Global 0.9680 | Local 0.1192 | F1_macro 0.6538 | WorstLoss 1.8835
[Tracker] Ep 2884 | AvgR 0.0005 | Global 0.9825 | Local 0.1192 | F1_macro 0.6540 | WorstLoss 1.6772
[Tracker] Ep 2885 | AvgR 0.0005 | Global 0.9853 | Local 0.1192 | F1_macro 0.6586 | WorstLoss 1.6191
[Tracker] Saved snapshot: ep2885_phase1_class1
[Tracker] Ep 2886 | AvgR 0.0005 | Global 0.9756 | Local 0.1192 | F1_macro 0.6524 | WorstLoss 1.7904
[Tracker] Ep 2887 | AvgR 0.0005 | Global 0.9685 | Local 0.1192 | F1_macro 0.6671 | WorstLoss 1.8778
[Tracker] Ep 2888 | AvgR 0.0005 | Global 0.9722 | Local 0.1192 | F1_macro 0.6546 | WorstLoss 1.8357
[Tracker] Ep 2889 | AvgR 0.0005 | Global 0.9696 | Local 0.1192 | F1_macro 0.6559 | WorstLoss 1.8662
[Tracker] Ep 2890 | AvgR 0.0005 | Global 0.9360 | Local 0.1192 | F1_macro 0.6597 | WorstLoss 2.1259
[Tracker] Saved snapshot: ep2890_phase1_class1
[Tracker] Ep 2891 | AvgR 0.0005 | Global 0.9646 | Local 0.1192 | F1_macro 0.6654 | WorstLoss 1.9185
[Tracker] Ep 2892 | AvgR 0.0005 | Global 0.9722 | Local 0.1192 | F1_macro 0.6589 | WorstLoss 1.8351
[Tracker] Ep 2893 | AvgR 0.0005 | Global 0.9556 | Local 0.1192 | F1_macro 0.6614 | WorstLoss 1.9966
[Tracker] Ep 2894 | AvgR 0.0005 | Global 0.9740 | Local 0.1192 | F1_macro 0.6440 | WorstLoss 1.8120
[Tracker] Ep 2895 | AvgR 0.0005 | Global 0.9562 | Local 0.1192 | F1_macro 0.6507 | WorstLoss 1.9920
[Tracker] Saved snapshot: ep2895_phase1_class1
[Tracker] Ep 2896 | AvgR 0.0005 | Global 0.9623 | Local 0.1192 | F1_macro 0.6526 | WorstLoss 1.9402
[Tracker] Ep 2897 | AvgR 0.0005 | Global 0.9697 | Local 0.1192 | F1_macro 0.6566 | WorstLoss 1.8644
[Tracker] Ep 2898 | AvgR 0.0005 | Global 0.9707 | Local 0.1192 | F1_macro 0.6538 | WorstLoss 1.8536
[Tracker] Ep 2899 | AvgR 0.0005 | Global 0.9690 | Local 0.1192 | F1_macro 0.6653 | WorstLoss 1.8728
[Tracker] Ep 2900 | AvgR 0.0005 | Global 0.9667 | Local 0.1192 | F1_macro 0.6608 | WorstLoss 1.8967
[Tracker] Saved snapshot: ep2900_phase1_class1
[Tracker] Ep 2901 | AvgR 0.0005 | Global 0.9679 | Local 0.1192 | F1_macro 0.6515 | WorstLoss 1.8847
[Tracker] Ep 2902 | AvgR 0.0005 | Global 0.9292 | Local 0.1192 | F1_macro 0.6599 | WorstLoss 2.1617
[Tracker] Ep 2903 | AvgR 0.0005 | Global 0.9267 | Local 0.1192 | F1_macro 0.6484 | WorstLoss 2.1742
[Tracker] Ep 2904 | AvgR 0.0005 | Global 0.9675 | Local 0.1192 | F1_macro 0.6586 | WorstLoss 1.8883
[Tracker] Ep 2905 | AvgR 0.0005 | Global 0.9778 | Local 0.1192 | F1_macro 0.6561 | WorstLoss 1.7588
[Tracker] Saved snapshot: ep2905_phase1_class1
[Tracker] Ep 2906 | AvgR 0.0005 | Global 0.9721 | Local 0.1192 | F1_macro 0.6480 | WorstLoss 1.8360
[Tracker] Ep 2907 | AvgR 0.0005 | Global 0.9782 | Local 0.1192 | F1_macro 0.6511 | WorstLoss 1.7513
[Tracker] Ep 2908 | AvgR 0.0005 | Global 0.9575 | Local 0.1192 | F1_macro 0.6502 | WorstLoss 1.9819
[Tracker] Ep 2909 | AvgR 0.0005 | Global 0.9764 | Local 0.1192 | F1_macro 0.6657 | WorstLoss 1.7783
[Tracker] Ep 2910 | AvgR 0.0005 | Global 0.9832 | Local 0.1192 | F1_macro 0.6592 | WorstLoss 1.6637
[Tracker] Saved snapshot: ep2910_phase1_class1
[Tracker] Ep 2911 | AvgR 0.0005 | Global 0.9749 | Local 0.1192 | F1_macro 0.6631 | WorstLoss 1.8006
[Tracker] Ep 2912 | AvgR 0.0005 | Global 0.9525 | Local 0.1192 | F1_macro 0.6416 | WorstLoss 2.0075
[Tracker] Ep 2913 | AvgR 0.0005 | Global 0.9869 | Local 0.1192 | F1_macro 0.6673 | WorstLoss 1.5801
[Tracker] Ep 2914 | AvgR 0.0005 | Global 0.9608 | Local 0.1192 | F1_macro 0.6518 | WorstLoss 1.9533
[Tracker] Ep 2915 | AvgR 0.0005 | Global 0.9482 | Local 0.1192 | F1_macro 0.6586 | WorstLoss 2.0509
[Tracker] Saved snapshot: ep2915_phase1_class1
[Tracker] Ep 2916 | AvgR 0.0005 | Global 0.9624 | Local 0.1192 | F1_macro 0.6526 | WorstLoss 1.9390
[Tracker] Ep 2917 | AvgR 0.0005 | Global 0.9744 | Local 0.1192 | F1_macro 0.6580 | WorstLoss 1.8063
[Tracker] Ep 2918 | AvgR 0.0005 | Global 0.9755 | Local 0.1192 | F1_macro 0.6502 | WorstLoss 1.7913
[Tracker] Ep 2919 | AvgR 0.0005 | Global 0.9715 | Local 0.1192 | F1_macro 0.6630 | WorstLoss 1.8432
[Tracker] Ep 2920 | AvgR 0.0005 | Global 0.9549 | Local 0.1192 | F1_macro 0.6491 | WorstLoss 2.0020
[Tracker] Saved snapshot: ep2920_phase1_class1
[Tracker] Ep 2921 | AvgR 0.0005 | Global 0.9706 | Local 0.1192 | F1_macro 0.6661 | WorstLoss 1.8547
[Tracker] Ep 2922 | AvgR 0.0005 | Global 0.9571 | Local 0.1192 | F1_macro 0.6549 | WorstLoss 1.9845
[Tracker] Ep 2923 | AvgR 0.0005 | Global 0.9461 | Local 0.1192 | F1_macro 0.6545 | WorstLoss 2.0644
[Tracker] Ep 2924 | AvgR 0.0005 | Global 0.9565 | Local 0.1192 | F1_macro 0.6546 | WorstLoss 1.9755
[Tracker] Ep 2925 | AvgR 0.0005 | Global 0.9672 | Local 0.1192 | F1_macro 0.6609 | WorstLoss 1.8660
[Tracker] Saved snapshot: ep2925_phase1_class1
[Tracker] Ep 2926 | AvgR 0.0005 | Global 0.9785 | Local 0.1192 | F1_macro 0.6485 | WorstLoss 1.7480
[Tracker] Ep 2927 | AvgR 0.0005 | Global 0.9576 | Local 0.1192 | F1_macro 0.6458 | WorstLoss 1.9808
[Tracker] Ep 2928 | AvgR 0.0005 | Global 0.9822 | Local 0.1192 | F1_macro 0.6545 | WorstLoss 1.6838
[Tracker] Ep 2929 | AvgR 0.0005 | Global 0.9687 | Local 0.1192 | F1_macro 0.6546 | WorstLoss 1.8756
[Tracker] Ep 2930 | AvgR 0.0005 | Global 0.9796 | Local 0.1192 | F1_macro 0.6491 | WorstLoss 1.7288
[Tracker] Saved snapshot: ep2930_phase1_class1
[Tracker] Ep 2931 | AvgR 0.0005 | Global 0.9809 | Local 0.1192 | F1_macro 0.6572 | WorstLoss 1.7068
[Tracker] Ep 2932 | AvgR 0.0005 | Global 0.9584 | Local 0.1192 | F1_macro 0.6478 | WorstLoss 1.9742
[Tracker] Ep 2933 | AvgR 0.0005 | Global 0.9769 | Local 0.1192 | F1_macro 0.6472 | WorstLoss 1.7715
[Tracker] Ep 2934 | AvgR 0.0005 | Global 0.9789 | Local 0.1192 | F1_macro 0.6655 | WorstLoss 1.7415
[Tracker] Ep 2935 | AvgR 0.0005 | Global 0.9633 | Local 0.1192 | F1_macro 0.6420 | WorstLoss 1.8817
[Tracker] Saved snapshot: ep2935_phase1_class1
[Tracker] Ep 2936 | AvgR 0.0005 | Global 0.9158 | Local 0.1192 | F1_macro 0.6471 | WorstLoss 2.1994
[Tracker] Ep 2937 | AvgR 0.0005 | Global 0.9752 | Local 0.1192 | F1_macro 0.6493 | WorstLoss 1.7960
[Tracker] Ep 2938 | AvgR 0.0005 | Global 0.9702 | Local 0.1192 | F1_macro 0.6495 | WorstLoss 1.8587
[Tracker] Ep 2939 | AvgR 0.0005 | Global 0.9533 | Local 0.1192 | F1_macro 0.6684 | WorstLoss 2.0142
[Tracker] Ep 2940 | AvgR 0.0005 | Global 0.9589 | Local 0.1192 | F1_macro 0.6515 | WorstLoss 1.9700
[Tracker] Saved snapshot: ep2940_phase1_class1
[Tracker] Ep 2941 | AvgR 0.0005 | Global 0.9663 | Local 0.1192 | F1_macro 0.6459 | WorstLoss 1.9010
[Tracker] Ep 2942 | AvgR 0.0005 | Global 0.9651 | Local 0.1192 | F1_macro 0.6528 | WorstLoss 1.9011
[Tracker] Ep 2943 | AvgR 0.0005 | Global 0.9772 | Local 0.1192 | F1_macro 0.6677 | WorstLoss 1.7678
[Tracker] Ep 2944 | AvgR 0.0005 | Global 0.9581 | Local 0.1192 | F1_macro 0.6586 | WorstLoss 1.9243
[Tracker] Ep 2945 | AvgR 0.0005 | Global 0.9806 | Local 0.1192 | F1_macro 0.6541 | WorstLoss 1.7116
[Tracker] Saved snapshot: ep2945_phase1_class1
[Tracker] Ep 2946 | AvgR 0.0005 | Global 0.9791 | Local 0.1192 | F1_macro 0.6563 | WorstLoss 1.7378
[Tracker] Ep 2947 | AvgR 0.0005 | Global 0.9732 | Local 0.1192 | F1_macro 0.6539 | WorstLoss 1.8220
[Tracker] Ep 2948 | AvgR 0.0005 | Global 0.9761 | Local 0.1192 | F1_macro 0.6574 | WorstLoss 1.7832
[Tracker] Ep 2949 | AvgR 0.0005 | Global 0.9393 | Local 0.1192 | F1_macro 0.6495 | WorstLoss 2.1069
[Tracker] Ep 2950 | AvgR 0.0005 | Global 0.9764 | Local 0.1192 | F1_macro 0.6608 | WorstLoss 1.7790
[Tracker] Saved snapshot: ep2950_phase1_class1
[Tracker] Ep 2951 | AvgR 0.0005 | Global 0.9722 | Local 0.1192 | F1_macro 0.6474 | WorstLoss 1.8349
[Tracker] Ep 2952 | AvgR 0.0005 | Global 0.9800 | Local 0.1192 | F1_macro 0.6363 | WorstLoss 1.7222
[Tracker] Ep 2953 | AvgR 0.0005 | Global 0.9707 | Local 0.1192 | F1_macro 0.6459 | WorstLoss 1.8536
[Tracker] Ep 2954 | AvgR 0.0005 | Global 0.9375 | Local 0.1192 | F1_macro 0.6459 | WorstLoss 2.1011
[Tracker] Ep 2955 | AvgR 0.0005 | Global 0.9767 | Local 0.1192 | F1_macro 0.6563 | WorstLoss 1.7742
[Tracker] Saved snapshot: ep2955_phase1_class1
[Tracker] Ep 2956 | AvgR 0.0005 | Global 0.9542 | Local 0.1192 | F1_macro 0.6532 | WorstLoss 2.0075
[Tracker] Ep 2957 | AvgR 0.0005 | Global 0.9771 | Local 0.1192 | F1_macro 0.6610 | WorstLoss 1.7693
[Tracker] Ep 2958 | AvgR 0.0005 | Global 0.9449 | Local 0.1192 | F1_macro 0.6512 | WorstLoss 2.0724
[Tracker] Ep 2959 | AvgR 0.0005 | Global 0.9580 | Local 0.1192 | F1_macro 0.6481 | WorstLoss 1.9778
[Tracker] Ep 2960 | AvgR 0.0005 | Global 0.9616 | Local 0.1192 | F1_macro 0.6490 | WorstLoss 1.9461
[Tracker] Saved snapshot: ep2960_phase1_class1
[Tracker] Ep 2961 | AvgR 0.0005 | Global 0.9711 | Local 0.1192 | F1_macro 0.6615 | WorstLoss 1.8483
[Tracker] Ep 2962 | AvgR 0.0005 | Global 0.9785 | Local 0.1192 | F1_macro 0.6664 | WorstLoss 1.7471
[Tracker] Ep 2963 | AvgR 0.0005 | Global 0.9771 | Local 0.1192 | F1_macro 0.6540 | WorstLoss 1.7692
[Tracker] Ep 2964 | AvgR 0.0005 | Global 0.9611 | Local 0.1192 | F1_macro 0.6502 | WorstLoss 1.8714
[Tracker] Ep 2965 | AvgR 0.0005 | Global 0.9792 | Local 0.1192 | F1_macro 0.6528 | WorstLoss 1.7361
[Tracker] Saved snapshot: ep2965_phase1_class1
[Tracker] Ep 2966 | AvgR 0.0005 | Global 0.9780 | Local 0.1192 | F1_macro 0.6439 | WorstLoss 1.7558
[Tracker] Ep 2967 | AvgR 0.0005 | Global 0.9740 | Local 0.1192 | F1_macro 0.6628 | WorstLoss 1.8116
[Tracker] Ep 2968 | AvgR 0.0005 | Global 0.9723 | Local 0.1192 | F1_macro 0.6586 | WorstLoss 1.8342
[Tracker] Ep 2969 | AvgR 0.0005 | Global 0.9729 | Local 0.1192 | F1_macro 0.6565 | WorstLoss 1.8258
[Tracker] Ep 2970 | AvgR 0.0005 | Global 0.9219 | Local 0.1192 | F1_macro 0.6617 | WorstLoss 2.1969
[Tracker] Saved snapshot: ep2970_phase1_class1
[Tracker] Ep 2971 | AvgR 0.0005 | Global 0.9682 | Local 0.1192 | F1_macro 0.6454 | WorstLoss 1.8766
[Tracker] Ep 2972 | AvgR 0.0005 | Global 0.9766 | Local 0.1192 | F1_macro 0.6464 | WorstLoss 1.7761
[Tracker] Ep 2973 | AvgR 0.0005 | Global 0.9678 | Local 0.1192 | F1_macro 0.6503 | WorstLoss 1.8860
[Tracker] Ep 2974 | AvgR 0.0005 | Global 0.9815 | Local 0.1192 | F1_macro 0.6604 | WorstLoss 1.6965
[Tracker] Ep 2975 | AvgR 0.0005 | Global 0.9742 | Local 0.1192 | F1_macro 0.6448 | WorstLoss 1.8099
[Tracker] Saved snapshot: ep2975_phase1_class1
[Tracker] Ep 2976 | AvgR 0.0005 | Global 0.9824 | Local 0.1192 | F1_macro 0.6528 | WorstLoss 1.6783
[Tracker] Ep 2977 | AvgR 0.0005 | Global 0.9857 | Local 0.1192 | F1_macro 0.6645 | WorstLoss 1.6091
[Tracker] Ep 2978 | AvgR 0.0005 | Global 0.9351 | Local 0.1192 | F1_macro 0.6397 | WorstLoss 2.1305
[Tracker] Ep 2979 | AvgR 0.0005 | Global 0.9332 | Local 0.1192 | F1_macro 0.6382 | WorstLoss 2.1213
[Tracker] Ep 2980 | AvgR 0.0005 | Global 0.9668 | Local 0.1192 | F1_macro 0.6524 | WorstLoss 1.8958
[Tracker] Saved snapshot: ep2980_phase1_class1
[Tracker] Ep 2981 | AvgR 0.0005 | Global 0.9696 | Local 0.1192 | F1_macro 0.6645 | WorstLoss 1.8661
[Tracker] Ep 2982 | AvgR 0.0005 | Global 0.9720 | Local 0.1192 | F1_macro 0.6493 | WorstLoss 1.8370
[Tracker] Ep 2983 | AvgR 0.0005 | Global 0.9715 | Local 0.1192 | F1_macro 0.6678 | WorstLoss 1.8438
[Tracker] Ep 2984 | AvgR 0.0005 | Global 0.9569 | Local 0.1192 | F1_macro 0.6469 | WorstLoss 1.9867
[Tracker] Ep 2985 | AvgR 0.0005 | Global 0.9555 | Local 0.1192 | F1_macro 0.6427 | WorstLoss 1.9909
[Tracker] Saved snapshot: ep2985_phase1_class1
[Tracker] Ep 2986 | AvgR 0.0005 | Global 0.9768 | Local 0.1192 | F1_macro 0.6592 | WorstLoss 1.7728
[Tracker] Ep 2987 | AvgR 0.0005 | Global 0.9524 | Local 0.1192 | F1_macro 0.6518 | WorstLoss 1.9920
[Tracker] Ep 2988 | AvgR 0.0005 | Global 0.9220 | Local 0.1192 | F1_macro 0.6403 | WorstLoss 2.1783
[Tracker] Ep 2989 | AvgR 0.0005 | Global 0.9769 | Local 0.1192 | F1_macro 0.6474 | WorstLoss 1.7720
[Tracker] Ep 2990 | AvgR 0.0005 | Global 0.9809 | Local 0.1192 | F1_macro 0.6584 | WorstLoss 1.7064
[Tracker] Saved snapshot: ep2990_phase1_class1
[Tracker] Ep 2991 | AvgR 0.0005 | Global 0.9704 | Local 0.1192 | F1_macro 0.6550 | WorstLoss 1.8569
[Tracker] Ep 2992 | AvgR 0.0005 | Global 0.9731 | Local 0.1192 | F1_macro 0.6522 | WorstLoss 1.8237
[Tracker] Ep 2993 | AvgR 0.0005 | Global 0.9559 | Local 0.1192 | F1_macro 0.6515 | WorstLoss 1.9942
[Tracker] Ep 2994 | AvgR 0.0005 | Global 0.9556 | Local 0.1192 | F1_macro 0.6487 | WorstLoss 1.9972
[Tracker] Ep 2995 | AvgR 0.0005 | Global 0.9598 | Local 0.1192 | F1_macro 0.6481 | WorstLoss 1.9621
[Tracker] Saved snapshot: ep2995_phase1_class1
[Tracker] Ep 2996 | AvgR 0.0005 | Global 0.9782 | Local 0.1192 | F1_macro 0.6450 | WorstLoss 1.7524
[Tracker] Ep 2997 | AvgR 0.0005 | Global 0.9685 | Local 0.1192 | F1_macro 0.6550 | WorstLoss 1.8779
[Tracker] Ep 2998 | AvgR 0.0005 | Global 0.9577 | Local 0.1192 | F1_macro 0.6478 | WorstLoss 1.9797
[Tracker] Ep 2999 | AvgR 0.0005 | Global 0.9755 | Local 0.1192 | F1_macro 0.6590 | WorstLoss 1.7917
[Tracker] Ep 3000 | AvgR 0.0005 | Global 0.9577 | Local 0.1192 | F1_macro 0.6589 | WorstLoss 1.9798
[Tracker] Saved snapshot: ep3000_phase1_class1
[Phase] Finished phase1_class1 | best global_obj=0.9905
[TestSuite] Using provided β (no best checkpoint found or factory missing).

[TEST] Alpha -> F1(min)=0.5691 | F1(maj)=0.7115 | F1(weighted)=0.6444 | F1(macro)=0.6403 | Brier=0.2613
[TEST] Beta  -> F1(min)=0.5877 | F1(maj)=0.7162 | F1(weighted)=0.6557 | F1(macro)=0.6520 | Brier=0.2461
[TestSuite] Final test metrics appended to (seed): training_runs/SPECcompas_v18k3_ep3000_gpu1_EP3000_PCA10_REWfairness_minID0_majID1_TRJ2000_REAL3000_BIAS0.05_GG202604111115_d5681707/seed_3/final_test_metrics.csv
[TestSuite] Final test metrics appended to (experiment): training_runs/SPECcompas_v18k3_ep3000_gpu1_EP3000_PCA10_REWfairness_minID0_majID1_TRJ2000_REAL3000_BIAS0.05_GG202604111115_d5681707/final_test_metrics.csv
Total time 12880.58s
[Tracker] Finished. Run folder: training_runs/SPECcompas_v18k3_ep3000_gpu1_EP3000_PCA10_REWfairness_minID0_majID1_TRJ2000_REAL3000_BIAS0.05_GG202604111115_d5681707/seed_3
