[main] spec=p1_har_nobias_global_5s.json device=cuda:0
[main] exp_group=SPEC_p1_har_nobias_global_5s_f11afcd0__G202603241204
[main] seeds=[42, 0, 1, 2, 3]
[main] ---- running seed=42 ----
FFNN Using device: cuda:0
FFNN Using device: cuda:0
[Tracker] Experiment: SPECp1_har_nobias_global_5s_EP800_PCA10_REWfairness_minID5_majID24_TRJ2000_GG202603241204_8b91bc47
[Tracker] Seed folder: training_runs/SPECp1_har_nobias_global_5s_EP800_PCA10_REWfairness_minID5_majID24_TRJ2000_GG202603241204_8b91bc47/seed_42
[Tracker] Run: 2026-03-24_12-04-17_seed42_4119123_49dc2605
[Tracker] Metrics CSV: training_runs/SPECp1_har_nobias_global_5s_EP800_PCA10_REWfairness_minID5_majID24_TRJ2000_GG202603241204_8b91bc47/seed_42/metrics.csv
[Tracker] Mirroring console to: training_runs/SPECp1_har_nobias_global_5s_EP800_PCA10_REWfairness_minID5_majID24_TRJ2000_GG202603241204_8b91bc47/seed_42/console.log
[TRAIN] size=1686, rope=1174 (69.63%), class0=512, class1=1174
[VAL] size=560, rope=390 (69.64%), class0=170, class1=390
[TEST] size=568, rope=395 (69.54%), class0=173, class1=395
use_pca=True | theta_dim=10 | features_in=14 | classes=[np.int64(0), np.int64(1)]
FFNN Using device: cuda:0
FFNN Using device: cuda:0
Beta will train with: 45.74% real data, 54.26% synthetic data: 
[disadv] group=0 per_g={0: 0.06615205854177475, 1: 0.0032399578485637903} worst_4g=0.0977 soft_eo_alpha=0.0155
Anchors: 110 (disadv=0) sigma_anchor=0.8500
[Tracker] Alpha model state_dict saved to training_runs/SPECp1_har_nobias_global_5s_EP800_PCA10_REWfairness_minID5_majID24_TRJ2000_GG202603241204_8b91bc47/seed_42/alpha_state_dict.pt
[Tracker] Alpha model config saved to training_runs/SPECp1_har_nobias_global_5s_EP800_PCA10_REWfairness_minID5_majID24_TRJ2000_GG202603241204_8b91bc47/seed_42/ffnn_meta.json

============================================================
[Phase] Starting phase1_class1 | target_class=1 | episodes=800
============================================================
[Tracker] CSV header written with 44 columns.
[Tracker] Ep    1 | AvgR 0.0003 | Global 0.5702 | Local 0.1192 | F1_macro 0.9958 | WorstLoss 0.0694
[Tracker] New BEST synthetic [phase1_class1] (by global.global_obj: 0.570204) saved.
[Tracker] BEST β weights [phase1_class1] saved -> training_runs/SPECp1_har_nobias_global_5s_EP800_PCA10_REWfairness_minID5_majID24_TRJ2000_GG202603241204_8b91bc47/seed_42/best_beta_state_dict_phase1_class1.pt
[Tracker] Ep    2 | AvgR 0.0003 | Global 0.5948 | Local 0.1192 | F1_macro 0.9958 | WorstLoss 0.0593
[Tracker] New BEST synthetic [phase1_class1] (by global.global_obj: 0.594819) saved.
[Tracker] BEST β weights [phase1_class1] saved -> training_runs/SPECp1_har_nobias_global_5s_EP800_PCA10_REWfairness_minID5_majID24_TRJ2000_GG202603241204_8b91bc47/seed_42/best_beta_state_dict_phase1_class1.pt
[Tracker] Ep    3 | AvgR 0.0003 | Global 0.5466 | Local 0.1192 | F1_macro 0.9958 | WorstLoss 0.0790
[Tracker] Ep    4 | AvgR 0.0003 | Global 0.5504 | Local 0.1192 | F1_macro 0.9958 | WorstLoss 0.0774
[Tracker] Ep    5 | AvgR 0.0003 | Global 0.5808 | Local 0.1192 | F1_macro 0.9958 | WorstLoss 0.0651
[Tracker] Saved snapshot: ep0005_phase1_class1
[Tracker] Ep    6 | AvgR 0.0003 | Global 0.5556 | Local 0.1192 | F1_macro 0.9936 | WorstLoss 0.0754
[Tracker] Ep    7 | AvgR 0.0003 | Global 0.5950 | Local 0.1192 | F1_macro 0.9958 | WorstLoss 0.0592
[Tracker] New BEST synthetic [phase1_class1] (by global.global_obj: 0.595006) saved.
[Tracker] BEST β weights [phase1_class1] saved -> training_runs/SPECp1_har_nobias_global_5s_EP800_PCA10_REWfairness_minID5_majID24_TRJ2000_GG202603241204_8b91bc47/seed_42/best_beta_state_dict_phase1_class1.pt
[Tracker] Ep    8 | AvgR 0.0003 | Global 0.5888 | Local 0.1192 | F1_macro 0.9958 | WorstLoss 0.0618
[Tracker] Ep    9 | AvgR 0.0003 | Global 0.5918 | Local 0.1192 | F1_macro 0.9958 | WorstLoss 0.0605
[Tracker] Ep   10 | AvgR 0.0003 | Global 0.5896 | Local 0.1192 | F1_macro 0.9958 | WorstLoss 0.0615
[Tracker] Saved snapshot: ep0010_phase1_class1
[Tracker] Ep   11 | AvgR 0.0003 | Global 0.5675 | Local 0.1192 | F1_macro 0.9958 | WorstLoss 0.0705
[Tracker] Ep   12 | AvgR 0.0003 | Global 0.5655 | Local 0.1192 | F1_macro 0.9958 | WorstLoss 0.0713
[Tracker] Ep   13 | AvgR 0.0003 | Global 0.5888 | Local 0.1192 | F1_macro 0.9958 | WorstLoss 0.0618
[Tracker] Ep   14 | AvgR 0.0003 | Global 0.5812 | Local 0.1192 | F1_macro 0.9958 | WorstLoss 0.0649
[Tracker] Ep   15 | AvgR 0.0002 | Global 0.4768 | Local 0.1192 | F1_macro 0.9936 | WorstLoss 0.1070
[Tracker] Saved snapshot: ep0015_phase1_class1
[Tracker] Ep   16 | AvgR 0.0003 | Global 0.5766 | Local 0.1192 | F1_macro 0.9958 | WorstLoss 0.0668
[Tracker] Ep   17 | AvgR 0.0003 | Global 0.5787 | Local 0.1192 | F1_macro 0.9958 | WorstLoss 0.0659
[Tracker] Ep   18 | AvgR 0.0003 | Global 0.5840 | Local 0.1192 | F1_macro 0.9958 | WorstLoss 0.0638
[Tracker] Ep   19 | AvgR 0.0003 | Global 0.6248 | Local 0.1192 | F1_macro 0.9958 | WorstLoss 0.0467
[Tracker] New BEST synthetic [phase1_class1] (by global.global_obj: 0.624771) saved.
[Tracker] BEST β weights [phase1_class1] saved -> training_runs/SPECp1_har_nobias_global_5s_EP800_PCA10_REWfairness_minID5_majID24_TRJ2000_GG202603241204_8b91bc47/seed_42/best_beta_state_dict_phase1_class1.pt
[Tracker] Ep   20 | AvgR 0.0003 | Global 0.5637 | Local 0.1192 | F1_macro 0.9958 | WorstLoss 0.0720
[Tracker] Saved snapshot: ep0020_phase1_class1
[Tracker] Ep   21 | AvgR 0.0003 | Global 0.5591 | Local 0.1192 | F1_macro 0.9958 | WorstLoss 0.0739
[Tracker] Ep   22 | AvgR 0.0003 | Global 0.5756 | Local 0.1192 | F1_macro 0.9958 | WorstLoss 0.0672
[Tracker] Ep   23 | AvgR 0.0003 | Global 0.5722 | Local 0.1192 | F1_macro 0.9958 | WorstLoss 0.0686
[Tracker] Ep   24 | AvgR 0.0003 | Global 0.6084 | Local 0.1192 | F1_macro 0.9958 | WorstLoss 0.0536
[Tracker] Ep   25 | AvgR 0.0003 | Global 0.6032 | Local 0.1192 | F1_macro 0.9958 | WorstLoss 0.0558
[Tracker] Saved snapshot: ep0025_phase1_class1
[Tracker] Ep   26 | AvgR 0.0003 | Global 0.6048 | Local 0.1192 | F1_macro 0.9958 | WorstLoss 0.0551
[Tracker] Ep   27 | AvgR 0.0003 | Global 0.5724 | Local 0.1192 | F1_macro 0.9958 | WorstLoss 0.0685
[Tracker] Ep   28 | AvgR 0.0003 | Global 0.6200 | Local 0.1192 | F1_macro 0.9958 | WorstLoss 0.0487
[Tracker] Ep   29 | AvgR 0.0003 | Global 0.5628 | Local 0.1192 | F1_macro 0.9958 | WorstLoss 0.0724
[Tracker] Ep   30 | AvgR 0.0003 | Global 0.5658 | Local 0.1192 | F1_macro 0.9958 | WorstLoss 0.0712
[Tracker] Saved snapshot: ep0030_phase1_class1
[Tracker] Ep   31 | AvgR 0.0003 | Global 0.6102 | Local 0.1192 | F1_macro 0.9958 | WorstLoss 0.0529
[Tracker] Ep   32 | AvgR 0.0003 | Global 0.5792 | Local 0.1192 | F1_macro 0.9958 | WorstLoss 0.0657
[Tracker] Ep   33 | AvgR 0.0003 | Global 0.5906 | Local 0.1192 | F1_macro 0.9958 | WorstLoss 0.0610
[Tracker] Ep   34 | AvgR 0.0003 | Global 0.5784 | Local 0.1192 | F1_macro 0.9958 | WorstLoss 0.0661
[Tracker] Ep   35 | AvgR 0.0003 | Global 0.5542 | Local 0.1192 | F1_macro 0.9958 | WorstLoss 0.0759
[Tracker] Saved snapshot: ep0035_phase1_class1
[Tracker] Ep   36 | AvgR 0.0003 | Global 0.5922 | Local 0.1192 | F1_macro 0.9958 | WorstLoss 0.0604
[Tracker] Ep   37 | AvgR 0.0003 | Global 0.6119 | Local 0.1192 | F1_macro 0.9958 | WorstLoss 0.0522
[Tracker] Ep   38 | AvgR 0.0003 | Global 0.6396 | Local 0.1192 | F1_macro 0.9979 | WorstLoss 0.0403
[Tracker] New BEST synthetic [phase1_class1] (by global.global_obj: 0.639589) saved.
[Tracker] BEST β weights [phase1_class1] saved -> training_runs/SPECp1_har_nobias_global_5s_EP800_PCA10_REWfairness_minID5_majID24_TRJ2000_GG202603241204_8b91bc47/seed_42/best_beta_state_dict_phase1_class1.pt
[Tracker] Ep   39 | AvgR 0.0003 | Global 0.5730 | Local 0.1192 | F1_macro 0.9958 | WorstLoss 0.0683
[Tracker] Ep   40 | AvgR 0.0003 | Global 0.5211 | Local 0.1192 | F1_macro 0.9958 | WorstLoss 0.0892
[Tracker] Saved snapshot: ep0040_phase1_class1
[Tracker] Ep   41 | AvgR 0.0003 | Global 0.5660 | Local 0.1192 | F1_macro 0.9958 | WorstLoss 0.0711
[Tracker] Ep   42 | AvgR 0.0003 | Global 0.6594 | Local 0.1192 | F1_macro 1.0000 | WorstLoss 0.0316
[Tracker] New BEST synthetic [phase1_class1] (by global.global_obj: 0.659352) saved.
[Tracker] BEST β weights [phase1_class1] saved -> training_runs/SPECp1_har_nobias_global_5s_EP800_PCA10_REWfairness_minID5_majID24_TRJ2000_GG202603241204_8b91bc47/seed_42/best_beta_state_dict_phase1_class1.pt
[Tracker] Ep   43 | AvgR 0.0003 | Global 0.5893 | Local 0.1192 | F1_macro 0.9958 | WorstLoss 0.0616
[Tracker] Ep   44 | AvgR 0.0003 | Global 0.5339 | Local 0.1192 | F1_macro 0.9958 | WorstLoss 0.0841
[Tracker] Ep   45 | AvgR 0.0003 | Global 0.5762 | Local 0.1192 | F1_macro 0.9958 | WorstLoss 0.0670
[Tracker] Saved snapshot: ep0045_phase1_class1
[Tracker] Ep   46 | AvgR 0.0003 | Global 0.5954 | Local 0.1192 | F1_macro 0.9958 | WorstLoss 0.0591
[Tracker] Ep   47 | AvgR 0.0003 | Global 0.5945 | Local 0.1192 | F1_macro 0.9958 | WorstLoss 0.0594
[Tracker] Ep   48 | AvgR 0.0003 | Global 0.5631 | Local 0.1192 | F1_macro 0.9958 | WorstLoss 0.0723
[Tracker] Ep   49 | AvgR 0.0003 | Global 0.5824 | Local 0.1192 | F1_macro 0.9958 | WorstLoss 0.0644
[Tracker] Ep   50 | AvgR 0.0003 | Global 0.5509 | Local 0.1192 | F1_macro 0.9958 | WorstLoss 0.0773
[Tracker] Saved snapshot: ep0050_phase1_class1
[Tracker] Ep   51 | AvgR 0.0003 | Global 0.5901 | Local 0.1192 | F1_macro 0.9958 | WorstLoss 0.0612
[Tracker] Ep   52 | AvgR 0.0003 | Global 0.6181 | Local 0.1192 | F1_macro 0.9958 | WorstLoss 0.0495
[Tracker] Ep   53 | AvgR 0.0003 | Global 0.5484 | Local 0.1192 | F1_macro 0.9936 | WorstLoss 0.0783
[Tracker] Ep   54 | AvgR 0.0003 | Global 0.5693 | Local 0.1192 | F1_macro 0.9958 | WorstLoss 0.0698
[Tracker] Ep   55 | AvgR 0.0003 | Global 0.5605 | Local 0.1192 | F1_macro 0.9936 | WorstLoss 0.0734
[Tracker] Saved snapshot: ep0055_phase1_class1
[Tracker] Ep   56 | AvgR 0.0003 | Global 0.5505 | Local 0.1192 | F1_macro 0.9958 | WorstLoss 0.0774
[Tracker] Ep   57 | AvgR 0.0003 | Global 0.5633 | Local 0.1192 | F1_macro 0.9958 | WorstLoss 0.0722
[Tracker] Ep   58 | AvgR 0.0003 | Global 0.5922 | Local 0.1192 | F1_macro 0.9958 | WorstLoss 0.0604
[Tracker] Ep   59 | AvgR 0.0003 | Global 0.5599 | Local 0.1192 | F1_macro 0.9958 | WorstLoss 0.0736
[Tracker] Ep   60 | AvgR 0.0003 | Global 0.5491 | Local 0.1192 | F1_macro 0.9958 | WorstLoss 0.0780
[Tracker] Saved snapshot: ep0060_phase1_class1
[Tracker] Ep   61 | AvgR 0.0003 | Global 0.5108 | Local 0.1192 | F1_macro 0.9915 | WorstLoss 0.0934
[Tracker] Ep   62 | AvgR 0.0003 | Global 0.5386 | Local 0.1192 | F1_macro 0.9936 | WorstLoss 0.0822
[Tracker] Ep   63 | AvgR 0.0003 | Global 0.5483 | Local 0.1192 | F1_macro 0.9958 | WorstLoss 0.0783
[Tracker] Ep   64 | AvgR 0.0003 | Global 0.5917 | Local 0.1192 | F1_macro 0.9958 | WorstLoss 0.0606
[Tracker] Ep   65 | AvgR 0.0003 | Global 0.5848 | Local 0.1192 | F1_macro 0.9936 | WorstLoss 0.0634
[Tracker] Saved snapshot: ep0065_phase1_class1
[Tracker] Ep   66 | AvgR 0.0003 | Global 0.6354 | Local 0.1192 | F1_macro 0.9958 | WorstLoss 0.0421
[Tracker] Ep   67 | AvgR 0.0003 | Global 0.5595 | Local 0.1192 | F1_macro 0.9958 | WorstLoss 0.0738
[Tracker] Ep   68 | AvgR 0.0003 | Global 0.5635 | Local 0.1192 | F1_macro 0.9936 | WorstLoss 0.0721
[Tracker] Ep   69 | AvgR 0.0003 | Global 0.6737 | Local 0.1192 | F1_macro 1.0000 | WorstLoss 0.0252
[Tracker] New BEST synthetic [phase1_class1] (by global.global_obj: 0.673696) saved.
[Tracker] BEST β weights [phase1_class1] saved -> training_runs/SPECp1_har_nobias_global_5s_EP800_PCA10_REWfairness_minID5_majID24_TRJ2000_GG202603241204_8b91bc47/seed_42/best_beta_state_dict_phase1_class1.pt
[Tracker] Ep   70 | AvgR 0.0003 | Global 0.5892 | Local 0.1192 | F1_macro 0.9958 | WorstLoss 0.0616
[Tracker] Saved snapshot: ep0070_phase1_class1
[Tracker] Ep   71 | AvgR 0.0003 | Global 0.5972 | Local 0.1192 | F1_macro 0.9958 | WorstLoss 0.0583
[Tracker] Ep   72 | AvgR 0.0003 | Global 0.6080 | Local 0.1192 | F1_macro 0.9958 | WorstLoss 0.0538
[Tracker] Ep   73 | AvgR 0.0003 | Global 0.5900 | Local 0.1192 | F1_macro 0.9958 | WorstLoss 0.0613
[Tracker] Ep   74 | AvgR 0.0003 | Global 0.5803 | Local 0.1192 | F1_macro 0.9958 | WorstLoss 0.0653
[Tracker] Ep   75 | AvgR 0.0003 | Global 0.5934 | Local 0.1192 | F1_macro 0.9958 | WorstLoss 0.0599
[Tracker] Saved snapshot: ep0075_phase1_class1
[Tracker] Ep   76 | AvgR 0.0003 | Global 0.5888 | Local 0.1192 | F1_macro 0.9958 | WorstLoss 0.0618
[Tracker] Ep   77 | AvgR 0.0003 | Global 0.5902 | Local 0.1192 | F1_macro 0.9958 | WorstLoss 0.0612
[Tracker] Ep   78 | AvgR 0.0003 | Global 0.5548 | Local 0.1192 | F1_macro 0.9936 | WorstLoss 0.0757
[Tracker] Ep   79 | AvgR 0.0003 | Global 0.6558 | Local 0.1192 | F1_macro 0.9979 | WorstLoss 0.0332
[Tracker] Ep   80 | AvgR 0.0003 | Global 0.5391 | Local 0.1192 | F1_macro 0.9936 | WorstLoss 0.0820
[Tracker] Saved snapshot: ep0080_phase1_class1
[Tracker] Ep   81 | AvgR 0.0003 | Global 0.6229 | Local 0.1192 | F1_macro 0.9958 | WorstLoss 0.0475
[Tracker] Ep   82 | AvgR 0.0003 | Global 0.5891 | Local 0.1192 | F1_macro 0.9958 | WorstLoss 0.0617
[Tracker] Ep   83 | AvgR 0.0003 | Global 0.5888 | Local 0.1192 | F1_macro 0.9958 | WorstLoss 0.0618
[Tracker] Ep   84 | AvgR 0.0003 | Global 0.5638 | Local 0.1192 | F1_macro 0.9958 | WorstLoss 0.0720
[Tracker] Ep   85 | AvgR 0.0003 | Global 0.5396 | Local 0.1192 | F1_macro 0.9958 | WorstLoss 0.0818
[Tracker] Saved snapshot: ep0085_phase1_class1
[Tracker] Ep   86 | AvgR 0.0003 | Global 0.5232 | Local 0.1192 | F1_macro 0.9958 | WorstLoss 0.0884
[Tracker] Ep   87 | AvgR 0.0003 | Global 0.5564 | Local 0.1192 | F1_macro 0.9958 | WorstLoss 0.0750
[Tracker] Ep   88 | AvgR 0.0003 | Global 0.5487 | Local 0.1192 | F1_macro 0.9958 | WorstLoss 0.0781
[Tracker] Ep   89 | AvgR 0.0003 | Global 0.5535 | Local 0.1192 | F1_macro 0.9958 | WorstLoss 0.0762
[Tracker] Ep   90 | AvgR 0.0003 | Global 0.5756 | Local 0.1192 | F1_macro 0.9958 | WorstLoss 0.0672
[Tracker] Saved snapshot: ep0090_phase1_class1
[Tracker] Ep   91 | AvgR 0.0003 | Global 0.5548 | Local 0.1192 | F1_macro 0.9958 | WorstLoss 0.0757
[Tracker] Ep   92 | AvgR 0.0003 | Global 0.5876 | Local 0.1192 | F1_macro 0.9958 | WorstLoss 0.0623
[Tracker] Ep   93 | AvgR 0.0002 | Global 0.4781 | Local 0.1192 | F1_macro 0.9936 | WorstLoss 0.1065
[Tracker] Ep   94 | AvgR 0.0003 | Global 0.5859 | Local 0.1192 | F1_macro 0.9958 | WorstLoss 0.0630
[Tracker] Ep   95 | AvgR 0.0003 | Global 0.5389 | Local 0.1192 | F1_macro 0.9958 | WorstLoss 0.0821
[Tracker] Saved snapshot: ep0095_phase1_class1
[Tracker] Ep   96 | AvgR 0.0003 | Global 0.6002 | Local 0.1192 | F1_macro 0.9958 | WorstLoss 0.0570
[Tracker] Ep   97 | AvgR 0.0003 | Global 0.6008 | Local 0.1192 | F1_macro 0.9958 | WorstLoss 0.0568
[Tracker] Ep   98 | AvgR 0.0003 | Global 0.5848 | Local 0.1192 | F1_macro 0.9958 | WorstLoss 0.0634
[Tracker] Ep   99 | AvgR 0.0003 | Global 0.5557 | Local 0.1192 | F1_macro 0.9958 | WorstLoss 0.0753
[Tracker] Ep  100 | AvgR 0.0003 | Global 0.5647 | Local 0.1192 | F1_macro 0.9958 | WorstLoss 0.0716
[Tracker] Saved snapshot: ep0100_phase1_class1
[Tracker] Ep  101 | AvgR 0.0003 | Global 0.5578 | Local 0.1192 | F1_macro 0.9958 | WorstLoss 0.0745
[Tracker] Ep  102 | AvgR 0.0003 | Global 0.5112 | Local 0.1192 | F1_macro 0.9958 | WorstLoss 0.0932
[Tracker] Ep  103 | AvgR 0.0003 | Global 0.5598 | Local 0.1192 | F1_macro 0.9958 | WorstLoss 0.0737
[Tracker] Ep  104 | AvgR 0.0002 | Global 0.4847 | Local 0.1192 | F1_macro 0.9915 | WorstLoss 0.1038
[Tracker] Ep  105 | AvgR 0.0003 | Global 0.5438 | Local 0.1192 | F1_macro 0.9936 | WorstLoss 0.0801
[Tracker] Saved snapshot: ep0105_phase1_class1
[Tracker] Ep  106 | AvgR 0.0002 | Global 0.4967 | Local 0.1192 | F1_macro 0.9936 | WorstLoss 0.0990
[Tracker] Ep  107 | AvgR 0.0003 | Global 0.5600 | Local 0.1192 | F1_macro 0.9958 | WorstLoss 0.0735
[Tracker] Ep  108 | AvgR 0.0003 | Global 0.5431 | Local 0.1192 | F1_macro 0.9958 | WorstLoss 0.0804
[Tracker] Ep  109 | AvgR 0.0002 | Global 0.4127 | Local 0.1192 | F1_macro 0.9915 | WorstLoss 0.1329
[Tracker] Ep  110 | AvgR 0.0003 | Global 0.5646 | Local 0.1192 | F1_macro 0.9958 | WorstLoss 0.0717
[Tracker] Saved snapshot: ep0110_phase1_class1
[Tracker] Ep  111 | AvgR 0.0003 | Global 0.5358 | Local 0.1192 | F1_macro 0.9958 | WorstLoss 0.0833
[Tracker] Ep  112 | AvgR 0.0003 | Global 0.5103 | Local 0.1192 | F1_macro 0.9936 | WorstLoss 0.0936
[Tracker] Ep  113 | AvgR 0.0003 | Global 0.5514 | Local 0.1192 | F1_macro 0.9936 | WorstLoss 0.0770
[Tracker] Ep  114 | AvgR 0.0003 | Global 0.5824 | Local 0.1192 | F1_macro 0.9958 | WorstLoss 0.0644
[Tracker] Ep  115 | AvgR 0.0003 | Global 0.5921 | Local 0.1192 | F1_macro 0.9958 | WorstLoss 0.0604
[Tracker] Saved snapshot: ep0115_phase1_class1
[Tracker] Ep  116 | AvgR 0.0003 | Global 0.5325 | Local 0.1192 | F1_macro 0.9936 | WorstLoss 0.0847
[Tracker] Ep  117 | AvgR 0.0003 | Global 0.5180 | Local 0.1192 | F1_macro 0.9958 | WorstLoss 0.0905
[Tracker] Ep  118 | AvgR 0.0003 | Global 0.5665 | Local 0.1192 | F1_macro 0.9936 | WorstLoss 0.0709
[Tracker] Ep  119 | AvgR 0.0003 | Global 0.5216 | Local 0.1192 | F1_macro 0.9936 | WorstLoss 0.0890
[Tracker] Ep  120 | AvgR 0.0003 | Global 0.5178 | Local 0.1192 | F1_macro 0.9958 | WorstLoss 0.0905
[Tracker] Saved snapshot: ep0120_phase1_class1
[Tracker] Ep  121 | AvgR 0.0003 | Global 0.5525 | Local 0.1192 | F1_macro 0.9958 | WorstLoss 0.0766
[Tracker] Ep  122 | AvgR 0.0002 | Global 0.4745 | Local 0.1192 | F1_macro 0.9936 | WorstLoss 0.1079
[Tracker] Ep  123 | AvgR 0.0003 | Global 0.5946 | Local 0.1192 | F1_macro 0.9958 | WorstLoss 0.0594
[Tracker] Ep  124 | AvgR 0.0002 | Global 0.4489 | Local 0.1192 | F1_macro 0.9958 | WorstLoss 0.1182
[Tracker] Ep  125 | AvgR 0.0003 | Global 0.5790 | Local 0.1192 | F1_macro 0.9958 | WorstLoss 0.0658
[Tracker] Saved snapshot: ep0125_phase1_class1
[Tracker] Ep  126 | AvgR 0.0003 | Global 0.5178 | Local 0.1192 | F1_macro 0.9958 | WorstLoss 0.0906
[Tracker] Ep  127 | AvgR 0.0003 | Global 0.6866 | Local 0.1192 | F1_macro 1.0000 | WorstLoss 0.0193
[Tracker] New BEST synthetic [phase1_class1] (by global.global_obj: 0.686581) saved.
[Tracker] BEST β weights [phase1_class1] saved -> training_runs/SPECp1_har_nobias_global_5s_EP800_PCA10_REWfairness_minID5_majID24_TRJ2000_GG202603241204_8b91bc47/seed_42/best_beta_state_dict_phase1_class1.pt
[Tracker] Ep  128 | AvgR 0.0003 | Global 0.5424 | Local 0.1192 | F1_macro 0.9958 | WorstLoss 0.0807
[Tracker] Ep  129 | AvgR 0.0003 | Global 0.5923 | Local 0.1192 | F1_macro 0.9958 | WorstLoss 0.0603
[Tracker] Ep  130 | AvgR 0.0003 | Global 0.5377 | Local 0.1192 | F1_macro 0.9936 | WorstLoss 0.0826
[Tracker] Saved snapshot: ep0130_phase1_class1
[Tracker] Ep  131 | AvgR 0.0003 | Global 0.5332 | Local 0.1192 | F1_macro 0.9958 | WorstLoss 0.0844
[Tracker] Ep  132 | AvgR 0.0003 | Global 0.6011 | Local 0.1192 | F1_macro 0.9958 | WorstLoss 0.0567
[Tracker] Ep  133 | AvgR 0.0002 | Global 0.4515 | Local 0.1192 | F1_macro 0.9915 | WorstLoss 0.1171
[Tracker] Ep  134 | AvgR 0.0003 | Global 0.5582 | Local 0.1192 | F1_macro 0.9958 | WorstLoss 0.0743
[Tracker] Ep  135 | AvgR 0.0003 | Global 0.6204 | Local 0.1192 | F1_macro 0.9979 | WorstLoss 0.0485
[Tracker] Saved snapshot: ep0135_phase1_class1
[Tracker] Ep  136 | AvgR 0.0003 | Global 0.6258 | Local 0.1192 | F1_macro 0.9979 | WorstLoss 0.0463
[Tracker] Ep  137 | AvgR 0.0003 | Global 0.5707 | Local 0.1192 | F1_macro 0.9958 | WorstLoss 0.0692
[Tracker] Ep  138 | AvgR 0.0003 | Global 0.6566 | Local 0.1192 | F1_macro 1.0000 | WorstLoss 0.0328
[Tracker] Ep  139 | AvgR 0.0003 | Global 0.5351 | Local 0.1192 | F1_macro 0.9958 | WorstLoss 0.0836
[Tracker] Ep  140 | AvgR 0.0003 | Global 0.5584 | Local 0.1192 | F1_macro 0.9958 | WorstLoss 0.0742
[Tracker] Saved snapshot: ep0140_phase1_class1
[Tracker] Ep  141 | AvgR 0.0003 | Global 0.5783 | Local 0.1192 | F1_macro 0.9958 | WorstLoss 0.0661
[Tracker] Ep  142 | AvgR 0.0003 | Global 0.6127 | Local 0.1192 | F1_macro 0.9979 | WorstLoss 0.0518
[Tracker] Ep  143 | AvgR 0.0003 | Global 0.5738 | Local 0.1192 | F1_macro 0.9958 | WorstLoss 0.0680
[Tracker] Ep  144 | AvgR 0.0003 | Global 0.5876 | Local 0.1192 | F1_macro 0.9958 | WorstLoss 0.0623
[Tracker] Ep  145 | AvgR 0.0003 | Global 0.5153 | Local 0.1192 | F1_macro 0.9936 | WorstLoss 0.0916
[Tracker] Saved snapshot: ep0145_phase1_class1
[Tracker] Ep  146 | AvgR 0.0003 | Global 0.5818 | Local 0.1192 | F1_macro 0.9936 | WorstLoss 0.0646
[Tracker] Ep  147 | AvgR 0.0003 | Global 0.6060 | Local 0.1192 | F1_macro 0.9958 | WorstLoss 0.0546
[Tracker] Ep  148 | AvgR 0.0003 | Global 0.5515 | Local 0.1192 | F1_macro 0.9958 | WorstLoss 0.0770
[Tracker] Ep  149 | AvgR 0.0003 | Global 0.5235 | Local 0.1192 | F1_macro 0.9936 | WorstLoss 0.0883
[Tracker] Ep  150 | AvgR 0.0003 | Global 0.6005 | Local 0.1192 | F1_macro 0.9958 | WorstLoss 0.0569
[Tracker] Saved snapshot: ep0150_phase1_class1
[Tracker] Ep  151 | AvgR 0.0003 | Global 0.5863 | Local 0.1192 | F1_macro 0.9958 | WorstLoss 0.0628
[Tracker] Ep  152 | AvgR 0.0003 | Global 0.6210 | Local 0.1192 | F1_macro 0.9958 | WorstLoss 0.0483
[Tracker] Ep  153 | AvgR 0.0003 | Global 0.5765 | Local 0.1192 | F1_macro 0.9979 | WorstLoss 0.0668
[Tracker] Ep  154 | AvgR 0.0003 | Global 0.5782 | Local 0.1192 | F1_macro 0.9958 | WorstLoss 0.0662
[Tracker] Ep  155 | AvgR 0.0002 | Global 0.4462 | Local 0.1192 | F1_macro 0.9936 | WorstLoss 0.1193
[Tracker] Saved snapshot: ep0155_phase1_class1
[Tracker] Ep  156 | AvgR 0.0003 | Global 0.6393 | Local 0.1192 | F1_macro 0.9979 | WorstLoss 0.0404
[Tracker] Ep  157 | AvgR 0.0003 | Global 0.6126 | Local 0.1192 | F1_macro 0.9958 | WorstLoss 0.0519
[Tracker] Ep  158 | AvgR 0.0003 | Global 0.5685 | Local 0.1192 | F1_macro 0.9958 | WorstLoss 0.0701
[Tracker] Ep  159 | AvgR 0.0002 | Global 0.4353 | Local 0.1192 | F1_macro 0.9936 | WorstLoss 0.1237
[Tracker] Ep  160 | AvgR 0.0003 | Global 0.5957 | Local 0.1192 | F1_macro 0.9958 | WorstLoss 0.0589
[Tracker] Saved snapshot: ep0160_phase1_class1
[Tracker] Ep  161 | AvgR 0.0003 | Global 0.5487 | Local 0.1192 | F1_macro 0.9958 | WorstLoss 0.0781
[Tracker] Ep  162 | AvgR 0.0003 | Global 0.6216 | Local 0.1192 | F1_macro 0.9979 | WorstLoss 0.0480
[Tracker] Ep  163 | AvgR 0.0002 | Global 0.4225 | Local 0.1192 | F1_macro 0.9936 | WorstLoss 0.1289
[Tracker] Ep  164 | AvgR 0.0003 | Global 0.5295 | Local 0.1192 | F1_macro 0.9958 | WorstLoss 0.0859
[Tracker] Ep  165 | AvgR 0.0003 | Global 0.6211 | Local 0.1192 | F1_macro 0.9979 | WorstLoss 0.0482
[Tracker] Saved snapshot: ep0165_phase1_class1
[Tracker] Ep  166 | AvgR 0.0003 | Global 0.5367 | Local 0.1192 | F1_macro 0.9915 | WorstLoss 0.0830
[Tracker] Ep  167 | AvgR 0.0003 | Global 0.5379 | Local 0.1192 | F1_macro 0.9915 | WorstLoss 0.0825
[Tracker] Ep  168 | AvgR 0.0003 | Global 0.5457 | Local 0.1192 | F1_macro 0.9936 | WorstLoss 0.0793
[Tracker] Ep  169 | AvgR 0.0003 | Global 0.6142 | Local 0.1192 | F1_macro 0.9979 | WorstLoss 0.0512
[Tracker] Ep  170 | AvgR 0.0003 | Global 0.5454 | Local 0.1192 | F1_macro 0.9958 | WorstLoss 0.0795
[Tracker] Saved snapshot: ep0170_phase1_class1
[Tracker] Ep  171 | AvgR 0.0003 | Global 0.5893 | Local 0.1192 | F1_macro 0.9958 | WorstLoss 0.0616
[Tracker] Ep  172 | AvgR 0.0003 | Global 0.6598 | Local 0.1192 | F1_macro 1.0000 | WorstLoss 0.0314
[Tracker] Ep  173 | AvgR 0.0003 | Global 0.6451 | Local 0.1192 | F1_macro 0.9979 | WorstLoss 0.0379
[Tracker] Ep  174 | AvgR 0.0003 | Global 0.5636 | Local 0.1192 | F1_macro 0.9958 | WorstLoss 0.0721
[Tracker] Ep  175 | AvgR 0.0003 | Global 0.6803 | Local 0.1192 | F1_macro 1.0000 | WorstLoss 0.0222
[Tracker] Saved snapshot: ep0175_phase1_class1
[Tracker] Ep  176 | AvgR 0.0003 | Global 0.6786 | Local 0.1192 | F1_macro 1.0000 | WorstLoss 0.0230
[Tracker] Ep  177 | AvgR 0.0003 | Global 0.5904 | Local 0.1192 | F1_macro 0.9958 | WorstLoss 0.0611
[Tracker] Ep  178 | AvgR 0.0003 | Global 0.5985 | Local 0.1192 | F1_macro 0.9979 | WorstLoss 0.0578
[Tracker] Ep  179 | AvgR 0.0003 | Global 0.6266 | Local 0.1192 | F1_macro 0.9979 | WorstLoss 0.0459
[Tracker] Ep  180 | AvgR 0.0003 | Global 0.5920 | Local 0.1192 | F1_macro 0.9979 | WorstLoss 0.0605
[Tracker] Saved snapshot: ep0180_phase1_class1
[Tracker] Ep  181 | AvgR 0.0003 | Global 0.6042 | Local 0.1192 | F1_macro 0.9979 | WorstLoss 0.0554
[Tracker] Ep  182 | AvgR 0.0003 | Global 0.5964 | Local 0.1192 | F1_macro 0.9958 | WorstLoss 0.0586
[Tracker] Ep  183 | AvgR 0.0003 | Global 0.6259 | Local 0.1192 | F1_macro 0.9979 | WorstLoss 0.0462
[Tracker] Ep  184 | AvgR 0.0003 | Global 0.5514 | Local 0.1192 | F1_macro 0.9958 | WorstLoss 0.0771
[Tracker] Ep  185 | AvgR 0.0003 | Global 0.6433 | Local 0.1192 | F1_macro 0.9979 | WorstLoss 0.0387
[Tracker] Saved snapshot: ep0185_phase1_class1
[Tracker] Ep  186 | AvgR 0.0003 | Global 0.6045 | Local 0.1192 | F1_macro 0.9979 | WorstLoss 0.0553
[Tracker] Ep  187 | AvgR 0.0003 | Global 0.6449 | Local 0.1192 | F1_macro 1.0000 | WorstLoss 0.0380
[Tracker] Ep  188 | AvgR 0.0003 | Global 0.6095 | Local 0.1192 | F1_macro 0.9958 | WorstLoss 0.0532
[Tracker] Ep  189 | AvgR 0.0003 | Global 0.5967 | Local 0.1192 | F1_macro 0.9958 | WorstLoss 0.0585
[Tracker] Ep  190 | AvgR 0.0003 | Global 0.6056 | Local 0.1192 | F1_macro 0.9979 | WorstLoss 0.0548
[Tracker] Saved snapshot: ep0190_phase1_class1
[Tracker] Ep  191 | AvgR 0.0003 | Global 0.6207 | Local 0.1192 | F1_macro 0.9979 | WorstLoss 0.0484
[Tracker] Ep  192 | AvgR 0.0003 | Global 0.6678 | Local 0.1192 | F1_macro 1.0000 | WorstLoss 0.0278
[Tracker] Ep  193 | AvgR 0.0003 | Global 0.6512 | Local 0.1192 | F1_macro 0.9979 | WorstLoss 0.0352
[Tracker] Ep  194 | AvgR 0.0003 | Global 0.6215 | Local 0.1192 | F1_macro 0.9979 | WorstLoss 0.0481
[Tracker] Ep  195 | AvgR 0.0003 | Global 0.6633 | Local 0.1192 | F1_macro 0.9979 | WorstLoss 0.0299
[Tracker] Saved snapshot: ep0195_phase1_class1
[Tracker] Ep  196 | AvgR 0.0003 | Global 0.6399 | Local 0.1192 | F1_macro 0.9979 | WorstLoss 0.0402
[Tracker] Ep  197 | AvgR 0.0003 | Global 0.6435 | Local 0.1192 | F1_macro 0.9979 | WorstLoss 0.0386
[Tracker] Ep  198 | AvgR 0.0003 | Global 0.5991 | Local 0.1192 | F1_macro 0.9958 | WorstLoss 0.0575
[Tracker] Ep  199 | AvgR 0.0003 | Global 0.6281 | Local 0.1192 | F1_macro 0.9979 | WorstLoss 0.0453
[Tracker] Ep  200 | AvgR 0.0003 | Global 0.6097 | Local 0.1192 | F1_macro 0.9958 | WorstLoss 0.0531
[Tracker] Saved snapshot: ep0200_phase1_class1
[Tracker] Ep  201 | AvgR 0.0003 | Global 0.6860 | Local 0.1192 | F1_macro 1.0000 | WorstLoss 0.0195
[Tracker] Ep  202 | AvgR 0.0003 | Global 0.6740 | Local 0.1192 | F1_macro 1.0000 | WorstLoss 0.0250
[Tracker] Ep  203 | AvgR 0.0003 | Global 0.5982 | Local 0.1192 | F1_macro 0.9979 | WorstLoss 0.0579
[Tracker] Ep  204 | AvgR 0.0003 | Global 0.6246 | Local 0.1192 | F1_macro 0.9979 | WorstLoss 0.0468
[Tracker] Ep  205 | AvgR 0.0003 | Global 0.6832 | Local 0.1192 | F1_macro 1.0000 | WorstLoss 0.0208
[Tracker] Saved snapshot: ep0205_phase1_class1
[Tracker] Ep  206 | AvgR 0.0003 | Global 0.6879 | Local 0.1192 | F1_macro 1.0000 | WorstLoss 0.0187
[Tracker] New BEST synthetic [phase1_class1] (by global.global_obj: 0.687885) saved.
[Tracker] BEST β weights [phase1_class1] saved -> training_runs/SPECp1_har_nobias_global_5s_EP800_PCA10_REWfairness_minID5_majID24_TRJ2000_GG202603241204_8b91bc47/seed_42/best_beta_state_dict_phase1_class1.pt
[Tracker] Ep  207 | AvgR 0.0003 | Global 0.6311 | Local 0.1192 | F1_macro 0.9979 | WorstLoss 0.0440
[Tracker] Ep  208 | AvgR 0.0003 | Global 0.5792 | Local 0.1192 | F1_macro 0.9979 | WorstLoss 0.0657
[Tracker] Ep  209 | AvgR 0.0003 | Global 0.6424 | Local 0.1192 | F1_macro 0.9979 | WorstLoss 0.0391
[Tracker] Ep  210 | AvgR 0.0003 | Global 0.6695 | Local 0.1192 | F1_macro 1.0000 | WorstLoss 0.0271
[Tracker] Saved snapshot: ep0210_phase1_class1
[Tracker] Ep  211 | AvgR 0.0003 | Global 0.5067 | Local 0.1192 | F1_macro 0.9915 | WorstLoss 0.0950
[Tracker] Ep  212 | AvgR 0.0003 | Global 0.6808 | Local 0.1192 | F1_macro 1.0000 | WorstLoss 0.0220
[Tracker] Ep  213 | AvgR 0.0003 | Global 0.6720 | Local 0.1192 | F1_macro 1.0000 | WorstLoss 0.0260
[Tracker] Ep  214 | AvgR 0.0003 | Global 0.6248 | Local 0.1192 | F1_macro 0.9979 | WorstLoss 0.0467
[Tracker] Ep  215 | AvgR 0.0003 | Global 0.6899 | Local 0.1192 | F1_macro 1.0000 | WorstLoss 0.0177
[Tracker] Saved snapshot: ep0215_phase1_class1
[Tracker] New BEST synthetic [phase1_class1] (by global.global_obj: 0.689886) saved.
[Tracker] BEST β weights [phase1_class1] saved -> training_runs/SPECp1_har_nobias_global_5s_EP800_PCA10_REWfairness_minID5_majID24_TRJ2000_GG202603241204_8b91bc47/seed_42/best_beta_state_dict_phase1_class1.pt
[Tracker] Ep  216 | AvgR 0.0003 | Global 0.6532 | Local 0.1192 | F1_macro 0.9979 | WorstLoss 0.0344
[Tracker] Ep  217 | AvgR 0.0003 | Global 0.6134 | Local 0.1192 | F1_macro 0.9958 | WorstLoss 0.0515
[Tracker] Ep  218 | AvgR 0.0003 | Global 0.6692 | Local 0.1192 | F1_macro 0.9979 | WorstLoss 0.0272
[Tracker] Ep  219 | AvgR 0.0003 | Global 0.6246 | Local 0.1192 | F1_macro 0.9979 | WorstLoss 0.0467
[Tracker] Ep  220 | AvgR 0.0003 | Global 0.6921 | Local 0.1192 | F1_macro 1.0000 | WorstLoss 0.0167
[Tracker] Saved snapshot: ep0220_phase1_class1
[Tracker] New BEST synthetic [phase1_class1] (by global.global_obj: 0.692061) saved.
[Tracker] BEST β weights [phase1_class1] saved -> training_runs/SPECp1_har_nobias_global_5s_EP800_PCA10_REWfairness_minID5_majID24_TRJ2000_GG202603241204_8b91bc47/seed_42/best_beta_state_dict_phase1_class1.pt
[Tracker] Ep  221 | AvgR 0.0003 | Global 0.6481 | Local 0.1192 | F1_macro 0.9979 | WorstLoss 0.0366
[Tracker] Ep  222 | AvgR 0.0003 | Global 0.6997 | Local 0.1192 | F1_macro 1.0000 | WorstLoss 0.0131
[Tracker] New BEST synthetic [phase1_class1] (by global.global_obj: 0.699688) saved.
[Tracker] BEST β weights [phase1_class1] saved -> training_runs/SPECp1_har_nobias_global_5s_EP800_PCA10_REWfairness_minID5_majID24_TRJ2000_GG202603241204_8b91bc47/seed_42/best_beta_state_dict_phase1_class1.pt
[Tracker] Ep  223 | AvgR 0.0003 | Global 0.5354 | Local 0.1192 | F1_macro 0.9894 | WorstLoss 0.0835
[Tracker] Ep  224 | AvgR 0.0003 | Global 0.6766 | Local 0.1192 | F1_macro 1.0000 | WorstLoss 0.0239
[Tracker] Ep  225 | AvgR 0.0003 | Global 0.6735 | Local 0.1192 | F1_macro 1.0000 | WorstLoss 0.0253
[Tracker] Saved snapshot: ep0225_phase1_class1
[Tracker] Ep  226 | AvgR 0.0003 | Global 0.6706 | Local 0.1192 | F1_macro 1.0000 | WorstLoss 0.0266
[Tracker] Ep  227 | AvgR 0.0003 | Global 0.6757 | Local 0.1192 | F1_macro 1.0000 | WorstLoss 0.0243
[Tracker] Ep  228 | AvgR 0.0003 | Global 0.6784 | Local 0.1192 | F1_macro 1.0000 | WorstLoss 0.0230
[Tracker] Ep  229 | AvgR 0.0003 | Global 0.6677 | Local 0.1192 | F1_macro 1.0000 | WorstLoss 0.0279
[Tracker] Ep  230 | AvgR 0.0003 | Global 0.6809 | Local 0.1192 | F1_macro 1.0000 | WorstLoss 0.0219
[Tracker] Saved snapshot: ep0230_phase1_class1
[Tracker] Ep  231 | AvgR 0.0003 | Global 0.6958 | Local 0.1192 | F1_macro 1.0000 | WorstLoss 0.0149
[Tracker] Ep  232 | AvgR 0.0003 | Global 0.6929 | Local 0.1192 | F1_macro 1.0000 | WorstLoss 0.0163
[Tracker] Ep  233 | AvgR 0.0004 | Global 0.7001 | Local 0.1192 | F1_macro 1.0000 | WorstLoss 0.0129
[Tracker] New BEST synthetic [phase1_class1] (by global.global_obj: 0.700106) saved.
[Tracker] BEST β weights [phase1_class1] saved -> training_runs/SPECp1_har_nobias_global_5s_EP800_PCA10_REWfairness_minID5_majID24_TRJ2000_GG202603241204_8b91bc47/seed_42/best_beta_state_dict_phase1_class1.pt
[Tracker] Ep  234 | AvgR 0.0003 | Global 0.6926 | Local 0.1192 | F1_macro 1.0000 | WorstLoss 0.0165
[Tracker] Ep  235 | AvgR 0.0003 | Global 0.6637 | Local 0.1192 | F1_macro 1.0000 | WorstLoss 0.0297
[Tracker] Saved snapshot: ep0235_phase1_class1
[Tracker] Ep  236 | AvgR 0.0003 | Global 0.6946 | Local 0.1192 | F1_macro 1.0000 | WorstLoss 0.0155
[Tracker] Ep  237 | AvgR 0.0003 | Global 0.6992 | Local 0.1192 | F1_macro 1.0000 | WorstLoss 0.0133
[Tracker] Ep  238 | AvgR 0.0003 | Global 0.6946 | Local 0.1192 | F1_macro 1.0000 | WorstLoss 0.0155
[Tracker] Ep  239 | AvgR 0.0004 | Global 0.7083 | Local 0.1192 | F1_macro 1.0000 | WorstLoss 0.0089
[Tracker] New BEST synthetic [phase1_class1] (by global.global_obj: 0.708339) saved.
[Tracker] BEST β weights [phase1_class1] saved -> training_runs/SPECp1_har_nobias_global_5s_EP800_PCA10_REWfairness_minID5_majID24_TRJ2000_GG202603241204_8b91bc47/seed_42/best_beta_state_dict_phase1_class1.pt
[Tracker] Ep  240 | AvgR 0.0003 | Global 0.6869 | Local 0.1192 | F1_macro 1.0000 | WorstLoss 0.0191
[Tracker] Saved snapshot: ep0240_phase1_class1
[Tracker] Ep  241 | AvgR 0.0003 | Global 0.6969 | Local 0.1192 | F1_macro 1.0000 | WorstLoss 0.0144
[Tracker] Ep  242 | AvgR 0.0004 | Global 0.7001 | Local 0.1192 | F1_macro 1.0000 | WorstLoss 0.0129
[Tracker] Ep  243 | AvgR 0.0003 | Global 0.6988 | Local 0.1192 | F1_macro 1.0000 | WorstLoss 0.0135
[Tracker] Ep  244 | AvgR 0.0003 | Global 0.6925 | Local 0.1192 | F1_macro 1.0000 | WorstLoss 0.0165
[Tracker] Ep  245 | AvgR 0.0003 | Global 0.6879 | Local 0.1192 | F1_macro 1.0000 | WorstLoss 0.0187
[Tracker] Saved snapshot: ep0245_phase1_class1
[Tracker] Ep  246 | AvgR 0.0003 | Global 0.6927 | Local 0.1192 | F1_macro 1.0000 | WorstLoss 0.0164
[Tracker] Ep  247 | AvgR 0.0003 | Global 0.6838 | Local 0.1192 | F1_macro 1.0000 | WorstLoss 0.0206
[Tracker] Ep  248 | AvgR 0.0003 | Global 0.6987 | Local 0.1192 | F1_macro 1.0000 | WorstLoss 0.0136
[Tracker] Ep  249 | AvgR 0.0003 | Global 0.6992 | Local 0.1192 | F1_macro 1.0000 | WorstLoss 0.0134
[Tracker] Ep  250 | AvgR 0.0003 | Global 0.6647 | Local 0.1192 | F1_macro 0.9979 | WorstLoss 0.0292
[Tracker] Saved snapshot: ep0250_phase1_class1
[Tracker] Ep  251 | AvgR 0.0003 | Global 0.6862 | Local 0.1192 | F1_macro 1.0000 | WorstLoss 0.0194
[Tracker] Ep  252 | AvgR 0.0003 | Global 0.6950 | Local 0.1192 | F1_macro 1.0000 | WorstLoss 0.0153
[Tracker] Ep  253 | AvgR 0.0003 | Global 0.6628 | Local 0.1192 | F1_macro 0.9979 | WorstLoss 0.0301
[Tracker] Ep  254 | AvgR 0.0003 | Global 0.6547 | Local 0.1192 | F1_macro 0.9958 | WorstLoss 0.0337
[Tracker] Ep  255 | AvgR 0.0003 | Global 0.5927 | Local 0.1192 | F1_macro 0.9894 | WorstLoss 0.0602
[Tracker] Saved snapshot: ep0255_phase1_class1
[Tracker] Ep  256 | AvgR 0.0003 | Global 0.6962 | Local 0.1192 | F1_macro 1.0000 | WorstLoss 0.0148
[Tracker] Ep  257 | AvgR 0.0003 | Global 0.6937 | Local 0.1192 | F1_macro 0.9979 | WorstLoss 0.0159
[Tracker] Ep  258 | AvgR 0.0003 | Global 0.6996 | Local 0.1192 | F1_macro 1.0000 | WorstLoss 0.0131
[Tracker] Ep  259 | AvgR 0.0003 | Global 0.6867 | Local 0.1192 | F1_macro 1.0000 | WorstLoss 0.0192
[Tracker] Ep  260 | AvgR 0.0003 | Global 0.6653 | Local 0.1192 | F1_macro 0.9979 | WorstLoss 0.0290
[Tracker] Saved snapshot: ep0260_phase1_class1
[Tracker] Ep  261 | AvgR 0.0003 | Global 0.5482 | Local 0.1192 | F1_macro 0.9958 | WorstLoss 0.0783
[Tracker] Ep  262 | AvgR 0.0003 | Global 0.6041 | Local 0.1192 | F1_macro 1.0000 | WorstLoss 0.0554
[Tracker] Ep  263 | AvgR 0.0003 | Global 0.6983 | Local 0.1192 | F1_macro 1.0000 | WorstLoss 0.0138
[Tracker] Ep  264 | AvgR 0.0003 | Global 0.6894 | Local 0.1192 | F1_macro 1.0000 | WorstLoss 0.0180
[Tracker] Ep  265 | AvgR 0.0003 | Global 0.6408 | Local 0.1192 | F1_macro 0.9979 | WorstLoss 0.0398
[Tracker] Saved snapshot: ep0265_phase1_class1
[Tracker] Ep  266 | AvgR 0.0003 | Global 0.6920 | Local 0.1192 | F1_macro 1.0000 | WorstLoss 0.0167
[Tracker] Ep  267 | AvgR 0.0003 | Global 0.6830 | Local 0.1192 | F1_macro 1.0000 | WorstLoss 0.0209
[Tracker] Ep  268 | AvgR 0.0004 | Global 0.7057 | Local 0.1192 | F1_macro 1.0000 | WorstLoss 0.0102
[Tracker] Ep  269 | AvgR 0.0003 | Global 0.6825 | Local 0.1192 | F1_macro 0.9979 | WorstLoss 0.0212
[Tracker] Ep  270 | AvgR 0.0003 | Global 0.6536 | Local 0.1192 | F1_macro 0.9958 | WorstLoss 0.0342
[Tracker] Saved snapshot: ep0270_phase1_class1
[Tracker] Ep  271 | AvgR 0.0003 | Global 0.6955 | Local 0.1192 | F1_macro 1.0000 | WorstLoss 0.0151
[Tracker] Ep  272 | AvgR 0.0003 | Global 0.6432 | Local 0.1192 | F1_macro 1.0000 | WorstLoss 0.0388
[Tracker] Ep  273 | AvgR 0.0003 | Global 0.6906 | Local 0.1192 | F1_macro 1.0000 | WorstLoss 0.0174
[Tracker] Ep  274 | AvgR 0.0002 | Global 0.4228 | Local 0.1192 | F1_macro 0.9936 | WorstLoss 0.1288
[Tracker] Ep  275 | AvgR 0.0003 | Global 0.6591 | Local 0.1192 | F1_macro 1.0000 | WorstLoss 0.0318
[Tracker] Saved snapshot: ep0275_phase1_class1
[Tracker] Ep  276 | AvgR 0.0003 | Global 0.6710 | Local 0.1192 | F1_macro 0.9979 | WorstLoss 0.0264
[Tracker] Ep  277 | AvgR 0.0003 | Global 0.6719 | Local 0.1192 | F1_macro 1.0000 | WorstLoss 0.0260
[Tracker] Ep  278 | AvgR 0.0003 | Global 0.6338 | Local 0.1192 | F1_macro 0.9958 | WorstLoss 0.0428
[Tracker] Ep  279 | AvgR 0.0003 | Global 0.6695 | Local 0.1192 | F1_macro 1.0000 | WorstLoss 0.0271
[Tracker] Ep  280 | AvgR 0.0003 | Global 0.6955 | Local 0.1192 | F1_macro 1.0000 | WorstLoss 0.0151
[Tracker] Saved snapshot: ep0280_phase1_class1
[Tracker] Ep  281 | AvgR 0.0003 | Global 0.6212 | Local 0.1192 | F1_macro 0.9979 | WorstLoss 0.0482
[Tracker] Ep  282 | AvgR 0.0003 | Global 0.6373 | Local 0.1192 | F1_macro 0.9936 | WorstLoss 0.0413
[Tracker] Ep  283 | AvgR 0.0003 | Global 0.6710 | Local 0.1192 | F1_macro 1.0000 | WorstLoss 0.0264
[Tracker] Ep  284 | AvgR 0.0003 | Global 0.6712 | Local 0.1192 | F1_macro 0.9958 | WorstLoss 0.0263
[Tracker] Ep  285 | AvgR 0.0004 | Global 0.7012 | Local 0.1192 | F1_macro 1.0000 | WorstLoss 0.0124
[Tracker] Saved snapshot: ep0285_phase1_class1
[Tracker] Ep  286 | AvgR 0.0003 | Global 0.6920 | Local 0.1192 | F1_macro 1.0000 | WorstLoss 0.0167
[Tracker] Ep  287 | AvgR 0.0003 | Global 0.5985 | Local 0.1192 | F1_macro 0.9915 | WorstLoss 0.0578
[Tracker] Ep  288 | AvgR 0.0003 | Global 0.6918 | Local 0.1192 | F1_macro 1.0000 | WorstLoss 0.0168
[Tracker] Ep  289 | AvgR 0.0003 | Global 0.6853 | Local 0.1192 | F1_macro 1.0000 | WorstLoss 0.0198
[Tracker] Ep  290 | AvgR 0.0003 | Global 0.6687 | Local 0.1192 | F1_macro 1.0000 | WorstLoss 0.0275
[Tracker] Saved snapshot: ep0290_phase1_class1
[Tracker] Ep  291 | AvgR 0.0004 | Global 0.7130 | Local 0.1192 | F1_macro 1.0000 | WorstLoss 0.0067
[Tracker] New BEST synthetic [phase1_class1] (by global.global_obj: 0.713026) saved.
[Tracker] BEST β weights [phase1_class1] saved -> training_runs/SPECp1_har_nobias_global_5s_EP800_PCA10_REWfairness_minID5_majID24_TRJ2000_GG202603241204_8b91bc47/seed_42/best_beta_state_dict_phase1_class1.pt
[Tracker] Ep  292 | AvgR 0.0003 | Global 0.6700 | Local 0.1192 | F1_macro 1.0000 | WorstLoss 0.0269
[Tracker] Ep  293 | AvgR 0.0003 | Global 0.6831 | Local 0.1192 | F1_macro 1.0000 | WorstLoss 0.0209
[Tracker] Ep  294 | AvgR 0.0003 | Global 0.6657 | Local 0.1192 | F1_macro 0.9979 | WorstLoss 0.0288
[Tracker] Ep  295 | AvgR 0.0003 | Global 0.6990 | Local 0.1192 | F1_macro 1.0000 | WorstLoss 0.0134
[Tracker] Saved snapshot: ep0295_phase1_class1
[Tracker] Ep  296 | AvgR 0.0003 | Global 0.6879 | Local 0.1192 | F1_macro 1.0000 | WorstLoss 0.0186
[Tracker] Ep  297 | AvgR 0.0003 | Global 0.6893 | Local 0.1192 | F1_macro 1.0000 | WorstLoss 0.0180
[Tracker] Ep  298 | AvgR 0.0003 | Global 0.6757 | Local 0.1192 | F1_macro 0.9979 | WorstLoss 0.0243
[Tracker] Ep  299 | AvgR 0.0003 | Global 0.6924 | Local 0.1192 | F1_macro 1.0000 | WorstLoss 0.0165
[Tracker] Ep  300 | AvgR 0.0003 | Global 0.6675 | Local 0.1192 | F1_macro 1.0000 | WorstLoss 0.0280
[Tracker] Saved snapshot: ep0300_phase1_class1
[Tracker] Ep  301 | AvgR 0.0003 | Global 0.6520 | Local 0.1192 | F1_macro 1.0000 | WorstLoss 0.0349
[Tracker] Ep  302 | AvgR 0.0003 | Global 0.6827 | Local 0.1192 | F1_macro 1.0000 | WorstLoss 0.0211
[Tracker] Ep  303 | AvgR 0.0003 | Global 0.6196 | Local 0.1192 | F1_macro 0.9979 | WorstLoss 0.0489
[Tracker] Ep  304 | AvgR 0.0003 | Global 0.6721 | Local 0.1192 | F1_macro 0.9979 | WorstLoss 0.0259
[Tracker] Ep  305 | AvgR 0.0004 | Global 0.7029 | Local 0.1192 | F1_macro 1.0000 | WorstLoss 0.0116
[Tracker] Saved snapshot: ep0305_phase1_class1
[Tracker] Ep  306 | AvgR 0.0003 | Global 0.6982 | Local 0.1192 | F1_macro 1.0000 | WorstLoss 0.0138
[Tracker] Ep  307 | AvgR 0.0003 | Global 0.6479 | Local 0.1192 | F1_macro 0.9958 | WorstLoss 0.0367
[Tracker] Ep  308 | AvgR 0.0003 | Global 0.5675 | Local 0.1192 | F1_macro 0.9958 | WorstLoss 0.0705
[Tracker] Ep  309 | AvgR 0.0003 | Global 0.6650 | Local 0.1192 | F1_macro 0.9958 | WorstLoss 0.0291
[Tracker] Ep  310 | AvgR 0.0003 | Global 0.6942 | Local 0.1192 | F1_macro 1.0000 | WorstLoss 0.0157
[Tracker] Saved snapshot: ep0310_phase1_class1
[Tracker] Ep  311 | AvgR 0.0003 | Global 0.6200 | Local 0.1192 | F1_macro 0.9979 | WorstLoss 0.0487
[Tracker] Ep  312 | AvgR 0.0003 | Global 0.6872 | Local 0.1192 | F1_macro 1.0000 | WorstLoss 0.0190
[Tracker] Ep  313 | AvgR 0.0003 | Global 0.6948 | Local 0.1192 | F1_macro 1.0000 | WorstLoss 0.0154
[Tracker] Ep  314 | AvgR 0.0003 | Global 0.6991 | Local 0.1192 | F1_macro 1.0000 | WorstLoss 0.0134
[Tracker] Ep  315 | AvgR 0.0003 | Global 0.6948 | Local 0.1192 | F1_macro 1.0000 | WorstLoss 0.0154
[Tracker] Saved snapshot: ep0315_phase1_class1
[Tracker] Ep  316 | AvgR 0.0002 | Global 0.3511 | Local 0.1192 | F1_macro 0.9936 | WorstLoss 0.1591
[Tracker] Ep  317 | AvgR 0.0003 | Global 0.6875 | Local 0.1192 | F1_macro 1.0000 | WorstLoss 0.0188
[Tracker] Ep  318 | AvgR 0.0003 | Global 0.6349 | Local 0.1192 | F1_macro 0.9958 | WorstLoss 0.0424
[Tracker] Ep  319 | AvgR 0.0003 | Global 0.6225 | Local 0.1192 | F1_macro 0.9979 | WorstLoss 0.0476
[Tracker] Ep  320 | AvgR 0.0004 | Global 0.7061 | Local 0.1192 | F1_macro 1.0000 | WorstLoss 0.0100
[Tracker] Saved snapshot: ep0320_phase1_class1
[Tracker] Ep  321 | AvgR 0.0003 | Global 0.6391 | Local 0.1192 | F1_macro 1.0000 | WorstLoss 0.0405
[Tracker] Ep  322 | AvgR 0.0003 | Global 0.6284 | Local 0.1192 | F1_macro 0.9915 | WorstLoss 0.0451
[Tracker] Ep  323 | AvgR 0.0004 | Global 0.7092 | Local 0.1192 | F1_macro 1.0000 | WorstLoss 0.0085
[Tracker] Ep  324 | AvgR 0.0003 | Global 0.6007 | Local 0.1192 | F1_macro 0.9958 | WorstLoss 0.0568
[Tracker] Ep  325 | AvgR 0.0003 | Global 0.5945 | Local 0.1192 | F1_macro 0.9915 | WorstLoss 0.0594
[Tracker] Saved snapshot: ep0325_phase1_class1
[Tracker] Ep  326 | AvgR 0.0004 | Global 0.7082 | Local 0.1192 | F1_macro 1.0000 | WorstLoss 0.0090
[Tracker] Ep  327 | AvgR 0.0003 | Global 0.6862 | Local 0.1192 | F1_macro 1.0000 | WorstLoss 0.0194
[Tracker] Ep  328 | AvgR 0.0004 | Global 0.7004 | Local 0.1192 | F1_macro 1.0000 | WorstLoss 0.0127
[Tracker] Ep  329 | AvgR 0.0003 | Global 0.6187 | Local 0.1192 | F1_macro 0.9979 | WorstLoss 0.0493
[Tracker] Ep  330 | AvgR 0.0004 | Global 0.7023 | Local 0.1192 | F1_macro 1.0000 | WorstLoss 0.0119
[Tracker] Saved snapshot: ep0330_phase1_class1
[Tracker] Ep  331 | AvgR 0.0003 | Global 0.6654 | Local 0.1192 | F1_macro 1.0000 | WorstLoss 0.0289
[Tracker] Ep  332 | AvgR 0.0003 | Global 0.6932 | Local 0.1192 | F1_macro 1.0000 | WorstLoss 0.0162
[Tracker] Ep  333 | AvgR 0.0004 | Global 0.7098 | Local 0.1192 | F1_macro 1.0000 | WorstLoss 0.0082
[Tracker] Ep  334 | AvgR 0.0003 | Global 0.6265 | Local 0.1192 | F1_macro 0.9958 | WorstLoss 0.0459
[Tracker] Ep  335 | AvgR 0.0004 | Global 0.7036 | Local 0.1192 | F1_macro 1.0000 | WorstLoss 0.0112
[Tracker] Saved snapshot: ep0335_phase1_class1
[Tracker] Ep  336 | AvgR 0.0003 | Global 0.5597 | Local 0.1192 | F1_macro 0.9958 | WorstLoss 0.0737
[Tracker] Ep  337 | AvgR 0.0003 | Global 0.6815 | Local 0.1192 | F1_macro 1.0000 | WorstLoss 0.0216
[Tracker] Ep  338 | AvgR 0.0003 | Global 0.6642 | Local 0.1192 | F1_macro 1.0000 | WorstLoss 0.0295
[Tracker] Ep  339 | AvgR 0.0003 | Global 0.6308 | Local 0.1192 | F1_macro 0.9958 | WorstLoss 0.0441
[Tracker] Ep  340 | AvgR 0.0003 | Global 0.6690 | Local 0.1192 | F1_macro 1.0000 | WorstLoss 0.0273
[Tracker] Saved snapshot: ep0340_phase1_class1
[Tracker] Ep  341 | AvgR 0.0004 | Global 0.7068 | Local 0.1192 | F1_macro 1.0000 | WorstLoss 0.0097
[Tracker] Ep  342 | AvgR 0.0003 | Global 0.6496 | Local 0.1192 | F1_macro 0.9979 | WorstLoss 0.0360
[Tracker] Ep  343 | AvgR 0.0003 | Global 0.6845 | Local 0.1192 | F1_macro 1.0000 | WorstLoss 0.0202
[Tracker] Ep  344 | AvgR 0.0003 | Global 0.6316 | Local 0.1192 | F1_macro 0.9958 | WorstLoss 0.0438
[Tracker] Ep  345 | AvgR 0.0003 | Global 0.6675 | Local 0.1192 | F1_macro 1.0000 | WorstLoss 0.0280
[Tracker] Saved snapshot: ep0345_phase1_class1
[Tracker] Ep  346 | AvgR 0.0003 | Global 0.6138 | Local 0.1192 | F1_macro 0.9979 | WorstLoss 0.0513
[Tracker] Ep  347 | AvgR 0.0003 | Global 0.6139 | Local 0.1192 | F1_macro 0.9979 | WorstLoss 0.0513
[Tracker] Ep  348 | AvgR 0.0003 | Global 0.6586 | Local 0.1192 | F1_macro 0.9979 | WorstLoss 0.0320
[Tracker] Ep  349 | AvgR 0.0002 | Global 0.4839 | Local 0.1192 | F1_macro 0.9936 | WorstLoss 0.1041
[Tracker] Ep  350 | AvgR 0.0003 | Global 0.6979 | Local 0.1192 | F1_macro 1.0000 | WorstLoss 0.0139
[Tracker] Saved snapshot: ep0350_phase1_class1
[Tracker] Ep  351 | AvgR 0.0003 | Global 0.6822 | Local 0.1192 | F1_macro 1.0000 | WorstLoss 0.0213
[Tracker] Ep  352 | AvgR 0.0003 | Global 0.6930 | Local 0.1192 | F1_macro 1.0000 | WorstLoss 0.0163
[Tracker] Ep  353 | AvgR 0.0003 | Global 0.6967 | Local 0.1192 | F1_macro 1.0000 | WorstLoss 0.0145
[Tracker] Ep  354 | AvgR 0.0004 | Global 0.7003 | Local 0.1192 | F1_macro 1.0000 | WorstLoss 0.0128
[Tracker] Ep  355 | AvgR 0.0003 | Global 0.6483 | Local 0.1192 | F1_macro 0.9979 | WorstLoss 0.0365
[Tracker] Saved snapshot: ep0355_phase1_class1
[Tracker] Ep  356 | AvgR 0.0002 | Global 0.4679 | Local 0.1192 | F1_macro 0.9958 | WorstLoss 0.1105
[Tracker] Ep  357 | AvgR 0.0004 | Global 0.7053 | Local 0.1192 | F1_macro 1.0000 | WorstLoss 0.0104
[Tracker] Ep  358 | AvgR 0.0003 | Global 0.6688 | Local 0.1192 | F1_macro 1.0000 | WorstLoss 0.0274
[Tracker] Ep  359 | AvgR 0.0003 | Global 0.6644 | Local 0.1192 | F1_macro 0.9979 | WorstLoss 0.0294
[Tracker] Ep  360 | AvgR 0.0003 | Global 0.6495 | Local 0.1192 | F1_macro 0.9979 | WorstLoss 0.0360
[Tracker] Saved snapshot: ep0360_phase1_class1
[Tracker] Ep  361 | AvgR 0.0003 | Global 0.6814 | Local 0.1192 | F1_macro 1.0000 | WorstLoss 0.0217
[Tracker] Ep  362 | AvgR 0.0004 | Global 0.7001 | Local 0.1192 | F1_macro 1.0000 | WorstLoss 0.0129
[Tracker] Ep  363 | AvgR 0.0003 | Global 0.6916 | Local 0.1192 | F1_macro 1.0000 | WorstLoss 0.0169
[Tracker] Ep  364 | AvgR 0.0003 | Global 0.6404 | Local 0.1192 | F1_macro 0.9979 | WorstLoss 0.0400
[Tracker] Ep  365 | AvgR 0.0003 | Global 0.6980 | Local 0.1192 | F1_macro 1.0000 | WorstLoss 0.0139
[Tracker] Saved snapshot: ep0365_phase1_class1
[Tracker] Ep  366 | AvgR 0.0003 | Global 0.6798 | Local 0.1192 | F1_macro 1.0000 | WorstLoss 0.0224
[Tracker] Ep  367 | AvgR 0.0003 | Global 0.6948 | Local 0.1192 | F1_macro 1.0000 | WorstLoss 0.0154
[Tracker] Ep  368 | AvgR 0.0003 | Global 0.6589 | Local 0.1192 | F1_macro 0.9979 | WorstLoss 0.0318
[Tracker] Ep  369 | AvgR 0.0003 | Global 0.6341 | Local 0.1192 | F1_macro 0.9979 | WorstLoss 0.0427
[Tracker] Ep  370 | AvgR 0.0003 | Global 0.6384 | Local 0.1192 | F1_macro 0.9958 | WorstLoss 0.0408
[Tracker] Saved snapshot: ep0370_phase1_class1
[Tracker] Ep  371 | AvgR 0.0003 | Global 0.5958 | Local 0.1192 | F1_macro 0.9958 | WorstLoss 0.0589
[Tracker] Ep  372 | AvgR 0.0004 | Global 0.7067 | Local 0.1192 | F1_macro 1.0000 | WorstLoss 0.0097
[Tracker] Ep  373 | AvgR 0.0003 | Global 0.6911 | Local 0.1192 | F1_macro 1.0000 | WorstLoss 0.0171
[Tracker] Ep  374 | AvgR 0.0004 | Global 0.7084 | Local 0.1192 | F1_macro 1.0000 | WorstLoss 0.0089
[Tracker] Ep  375 | AvgR 0.0003 | Global 0.6490 | Local 0.1192 | F1_macro 0.9979 | WorstLoss 0.0362
[Tracker] Saved snapshot: ep0375_phase1_class1
[Tracker] Ep  376 | AvgR 0.0003 | Global 0.6987 | Local 0.1192 | F1_macro 1.0000 | WorstLoss 0.0136
[Tracker] Ep  377 | AvgR 0.0003 | Global 0.5778 | Local 0.1192 | F1_macro 0.9958 | WorstLoss 0.0663
[Tracker] Ep  378 | AvgR 0.0003 | Global 0.5816 | Local 0.1192 | F1_macro 0.9958 | WorstLoss 0.0648
[Tracker] Ep  379 | AvgR 0.0004 | Global 0.7025 | Local 0.1192 | F1_macro 1.0000 | WorstLoss 0.0118
[Tracker] Ep  380 | AvgR 0.0003 | Global 0.6597 | Local 0.1192 | F1_macro 0.9979 | WorstLoss 0.0315
[Tracker] Saved snapshot: ep0380_phase1_class1
[Tracker] Ep  381 | AvgR 0.0004 | Global 0.7004 | Local 0.1192 | F1_macro 1.0000 | WorstLoss 0.0128
[Tracker] Ep  382 | AvgR 0.0003 | Global 0.6259 | Local 0.1192 | F1_macro 0.9958 | WorstLoss 0.0462
[Tracker] Ep  383 | AvgR 0.0003 | Global 0.6436 | Local 0.1192 | F1_macro 0.9936 | WorstLoss 0.0386
[Tracker] Ep  384 | AvgR 0.0003 | Global 0.6698 | Local 0.1192 | F1_macro 1.0000 | WorstLoss 0.0269
[Tracker] Ep  385 | AvgR 0.0003 | Global 0.6348 | Local 0.1192 | F1_macro 0.9958 | WorstLoss 0.0424
[Tracker] Saved snapshot: ep0385_phase1_class1
[Tracker] Ep  386 | AvgR 0.0003 | Global 0.5731 | Local 0.1192 | F1_macro 0.9979 | WorstLoss 0.0682
[Tracker] Ep  387 | AvgR 0.0002 | Global 0.3437 | Local 0.1192 | F1_macro 0.9894 | WorstLoss 0.1623
[Tracker] Ep  388 | AvgR 0.0004 | Global 0.7025 | Local 0.1192 | F1_macro 1.0000 | WorstLoss 0.0118
[Tracker] Ep  389 | AvgR 0.0004 | Global 0.7096 | Local 0.1192 | F1_macro 1.0000 | WorstLoss 0.0083
[Tracker] Ep  390 | AvgR 0.0003 | Global 0.6650 | Local 0.1192 | F1_macro 1.0000 | WorstLoss 0.0291
[Tracker] Saved snapshot: ep0390_phase1_class1
[Tracker] Ep  391 | AvgR 0.0003 | Global 0.6942 | Local 0.1192 | F1_macro 1.0000 | WorstLoss 0.0157
[Tracker] Ep  392 | AvgR 0.0004 | Global 0.7057 | Local 0.1192 | F1_macro 1.0000 | WorstLoss 0.0102
[Tracker] Ep  393 | AvgR 0.0004 | Global 0.7031 | Local 0.1192 | F1_macro 1.0000 | WorstLoss 0.0114
[Tracker] Ep  394 | AvgR 0.0004 | Global 0.7039 | Local 0.1192 | F1_macro 1.0000 | WorstLoss 0.0111
[Tracker] Ep  395 | AvgR 0.0003 | Global 0.6730 | Local 0.1192 | F1_macro 1.0000 | WorstLoss 0.0255
[Tracker] Saved snapshot: ep0395_phase1_class1
[Tracker] Ep  396 | AvgR 0.0003 | Global 0.6616 | Local 0.1192 | F1_macro 1.0000 | WorstLoss 0.0306
[Tracker] Ep  397 | AvgR 0.0003 | Global 0.6984 | Local 0.1192 | F1_macro 1.0000 | WorstLoss 0.0137
[Tracker] Ep  398 | AvgR 0.0004 | Global 0.7044 | Local 0.1192 | F1_macro 1.0000 | WorstLoss 0.0109
[Tracker] Ep  399 | AvgR 0.0004 | Global 0.7013 | Local 0.1192 | F1_macro 1.0000 | WorstLoss 0.0123
[Tracker] Ep  400 | AvgR 0.0001 | Global 0.2118 | Local 0.1192 | F1_macro 0.9894 | WorstLoss 0.2291
[Tracker] Saved snapshot: ep0400_phase1_class1
[Tracker] Ep  401 | AvgR 0.0003 | Global 0.6583 | Local 0.1192 | F1_macro 0.9958 | WorstLoss 0.0321
[Tracker] Ep  402 | AvgR 0.0003 | Global 0.6946 | Local 0.1192 | F1_macro 1.0000 | WorstLoss 0.0155
[Tracker] Ep  403 | AvgR 0.0003 | Global 0.6944 | Local 0.1192 | F1_macro 1.0000 | WorstLoss 0.0156
[Tracker] Ep  404 | AvgR 0.0003 | Global 0.6977 | Local 0.1192 | F1_macro 1.0000 | WorstLoss 0.0140
[Tracker] Ep  405 | AvgR 0.0004 | Global 0.7101 | Local 0.1192 | F1_macro 1.0000 | WorstLoss 0.0081
[Tracker] Saved snapshot: ep0405_phase1_class1
[Tracker] Ep  406 | AvgR 0.0003 | Global 0.6482 | Local 0.1192 | F1_macro 0.9979 | WorstLoss 0.0366
[Tracker] Ep  407 | AvgR 0.0004 | Global 0.7034 | Local 0.1192 | F1_macro 1.0000 | WorstLoss 0.0113
[Tracker] Ep  408 | AvgR 0.0003 | Global 0.6916 | Local 0.1192 | F1_macro 1.0000 | WorstLoss 0.0169
[Tracker] Ep  409 | AvgR 0.0003 | Global 0.6934 | Local 0.1192 | F1_macro 1.0000 | WorstLoss 0.0161
[Tracker] Ep  410 | AvgR 0.0003 | Global 0.6877 | Local 0.1192 | F1_macro 1.0000 | WorstLoss 0.0187
[Tracker] Saved snapshot: ep0410_phase1_class1
[Tracker] Ep  411 | AvgR 0.0004 | Global 0.7064 | Local 0.1192 | F1_macro 1.0000 | WorstLoss 0.0099
[Tracker] Ep  412 | AvgR 0.0003 | Global 0.6311 | Local 0.1192 | F1_macro 0.9979 | WorstLoss 0.0440
[Tracker] Ep  413 | AvgR 0.0004 | Global 0.7047 | Local 0.1192 | F1_macro 1.0000 | WorstLoss 0.0107
[Tracker] Ep  414 | AvgR 0.0004 | Global 0.7031 | Local 0.1192 | F1_macro 1.0000 | WorstLoss 0.0115
[Tracker] Ep  415 | AvgR 0.0003 | Global 0.6800 | Local 0.1192 | F1_macro 1.0000 | WorstLoss 0.0223
[Tracker] Saved snapshot: ep0415_phase1_class1
[Tracker] Ep  416 | AvgR 0.0003 | Global 0.5218 | Local 0.1192 | F1_macro 0.9915 | WorstLoss 0.0889
[Tracker] Ep  417 | AvgR 0.0003 | Global 0.6670 | Local 0.1192 | F1_macro 0.9979 | WorstLoss 0.0282
[Tracker] Ep  418 | AvgR 0.0004 | Global 0.7019 | Local 0.1192 | F1_macro 1.0000 | WorstLoss 0.0120
[Tracker] Ep  419 | AvgR 0.0003 | Global 0.6847 | Local 0.1192 | F1_macro 1.0000 | WorstLoss 0.0201
[Tracker] Ep  420 | AvgR 0.0003 | Global 0.6223 | Local 0.1192 | F1_macro 0.9958 | WorstLoss 0.0477
[Tracker] Saved snapshot: ep0420_phase1_class1
[Tracker] Ep  421 | AvgR 0.0003 | Global 0.6749 | Local 0.1192 | F1_macro 0.9979 | WorstLoss 0.0247
[Tracker] Ep  422 | AvgR 0.0003 | Global 0.6740 | Local 0.1192 | F1_macro 0.9979 | WorstLoss 0.0250
[Tracker] Ep  423 | AvgR 0.0003 | Global 0.6845 | Local 0.1192 | F1_macro 1.0000 | WorstLoss 0.0202
[Tracker] Ep  424 | AvgR 0.0003 | Global 0.6885 | Local 0.1192 | F1_macro 1.0000 | WorstLoss 0.0184
[Tracker] Ep  425 | AvgR 0.0004 | Global 0.7059 | Local 0.1192 | F1_macro 1.0000 | WorstLoss 0.0101
[Tracker] Saved snapshot: ep0425_phase1_class1
[Tracker] Ep  426 | AvgR 0.0003 | Global 0.6999 | Local 0.1192 | F1_macro 1.0000 | WorstLoss 0.0130
[Tracker] Ep  427 | AvgR 0.0003 | Global 0.6342 | Local 0.1192 | F1_macro 0.9979 | WorstLoss 0.0427
[Tracker] Ep  428 | AvgR 0.0003 | Global 0.6980 | Local 0.1192 | F1_macro 1.0000 | WorstLoss 0.0139
[Tracker] Ep  429 | AvgR 0.0003 | Global 0.6684 | Local 0.1192 | F1_macro 0.9979 | WorstLoss 0.0276
[Tracker] Ep  430 | AvgR 0.0003 | Global 0.6922 | Local 0.1192 | F1_macro 1.0000 | WorstLoss 0.0166
[Tracker] Saved snapshot: ep0430_phase1_class1
[Tracker] Ep  431 | AvgR 0.0003 | Global 0.5400 | Local 0.1192 | F1_macro 0.9936 | WorstLoss 0.0816
[Tracker] Ep  432 | AvgR 0.0003 | Global 0.6055 | Local 0.1192 | F1_macro 0.9979 | WorstLoss 0.0548
[Tracker] Ep  433 | AvgR 0.0003 | Global 0.6701 | Local 0.1192 | F1_macro 0.9979 | WorstLoss 0.0268
[Tracker] Ep  434 | AvgR 0.0004 | Global 0.7001 | Local 0.1192 | F1_macro 1.0000 | WorstLoss 0.0129
[Tracker] Ep  435 | AvgR 0.0004 | Global 0.7015 | Local 0.1192 | F1_macro 1.0000 | WorstLoss 0.0122
[Tracker] Saved snapshot: ep0435_phase1_class1
[Tracker] Ep  436 | AvgR 0.0004 | Global 0.7008 | Local 0.1192 | F1_macro 1.0000 | WorstLoss 0.0126
[Tracker] Ep  437 | AvgR 0.0003 | Global 0.5903 | Local 0.1192 | F1_macro 0.9979 | WorstLoss 0.0612
[Tracker] Ep  438 | AvgR 0.0003 | Global 0.6547 | Local 0.1192 | F1_macro 0.9979 | WorstLoss 0.0337
[Tracker] Ep  439 | AvgR 0.0003 | Global 0.6994 | Local 0.1192 | F1_macro 1.0000 | WorstLoss 0.0132
[Tracker] Ep  440 | AvgR 0.0003 | Global 0.6937 | Local 0.1192 | F1_macro 1.0000 | WorstLoss 0.0159
[Tracker] Saved snapshot: ep0440_phase1_class1
[Tracker] Ep  441 | AvgR 0.0003 | Global 0.6884 | Local 0.1192 | F1_macro 1.0000 | WorstLoss 0.0184
[Tracker] Ep  442 | AvgR 0.0003 | Global 0.6559 | Local 0.1192 | F1_macro 0.9958 | WorstLoss 0.0332
[Tracker] Ep  443 | AvgR 0.0003 | Global 0.6837 | Local 0.1192 | F1_macro 1.0000 | WorstLoss 0.0206
[Tracker] Ep  444 | AvgR 0.0004 | Global 0.7016 | Local 0.1192 | F1_macro 1.0000 | WorstLoss 0.0122
[Tracker] Ep  445 | AvgR 0.0003 | Global 0.6040 | Local 0.1192 | F1_macro 0.9936 | WorstLoss 0.0554
[Tracker] Saved snapshot: ep0445_phase1_class1
[Tracker] Ep  446 | AvgR 0.0003 | Global 0.6919 | Local 0.1192 | F1_macro 1.0000 | WorstLoss 0.0168
[Tracker] Ep  447 | AvgR 0.0003 | Global 0.6964 | Local 0.1192 | F1_macro 1.0000 | WorstLoss 0.0147
[Tracker] Ep  448 | AvgR 0.0003 | Global 0.6839 | Local 0.1192 | F1_macro 1.0000 | WorstLoss 0.0205
[Tracker] Ep  449 | AvgR 0.0003 | Global 0.6545 | Local 0.1192 | F1_macro 0.9979 | WorstLoss 0.0338
[Tracker] Ep  450 | AvgR 0.0004 | Global 0.7060 | Local 0.1192 | F1_macro 1.0000 | WorstLoss 0.0101
[Tracker] Saved snapshot: ep0450_phase1_class1
[Tracker] Ep  451 | AvgR 0.0003 | Global 0.6924 | Local 0.1192 | F1_macro 1.0000 | WorstLoss 0.0165
[Tracker] Ep  452 | AvgR 0.0003 | Global 0.5561 | Local 0.1192 | F1_macro 0.9979 | WorstLoss 0.0751
[Tracker] Ep  453 | AvgR 0.0003 | Global 0.6965 | Local 0.1192 | F1_macro 1.0000 | WorstLoss 0.0146
[Tracker] Ep  454 | AvgR 0.0003 | Global 0.6948 | Local 0.1192 | F1_macro 1.0000 | WorstLoss 0.0154
[Tracker] Ep  455 | AvgR 0.0003 | Global 0.6990 | Local 0.1192 | F1_macro 1.0000 | WorstLoss 0.0134
[Tracker] Saved snapshot: ep0455_phase1_class1
[Tracker] Ep  456 | AvgR 0.0003 | Global 0.6963 | Local 0.1192 | F1_macro 1.0000 | WorstLoss 0.0147
[Tracker] Ep  457 | AvgR 0.0003 | Global 0.6904 | Local 0.1192 | F1_macro 1.0000 | WorstLoss 0.0175
[Tracker] Ep  458 | AvgR 0.0003 | Global 0.6498 | Local 0.1192 | F1_macro 0.9979 | WorstLoss 0.0359
[Tracker] Ep  459 | AvgR 0.0003 | Global 0.6536 | Local 0.1192 | F1_macro 1.0000 | WorstLoss 0.0342
[Tracker] Ep  460 | AvgR 0.0003 | Global 0.6364 | Local 0.1192 | F1_macro 0.9979 | WorstLoss 0.0417
[Tracker] Saved snapshot: ep0460_phase1_class1
[Tracker] Ep  461 | AvgR 0.0003 | Global 0.6745 | Local 0.1192 | F1_macro 0.9979 | WorstLoss 0.0248
[Tracker] Ep  462 | AvgR 0.0004 | Global 0.7040 | Local 0.1192 | F1_macro 1.0000 | WorstLoss 0.0110
[Tracker] Ep  463 | AvgR 0.0003 | Global 0.6673 | Local 0.1192 | F1_macro 1.0000 | WorstLoss 0.0281
[Tracker] Ep  464 | AvgR 0.0004 | Global 0.7063 | Local 0.1192 | F1_macro 1.0000 | WorstLoss 0.0099
[Tracker] Ep  465 | AvgR 0.0004 | Global 0.7053 | Local 0.1192 | F1_macro 1.0000 | WorstLoss 0.0104
[Tracker] Saved snapshot: ep0465_phase1_class1
[Tracker] Ep  466 | AvgR 0.0003 | Global 0.6961 | Local 0.1192 | F1_macro 1.0000 | WorstLoss 0.0148
[Tracker] Ep  467 | AvgR 0.0003 | Global 0.6500 | Local 0.1192 | F1_macro 0.9979 | WorstLoss 0.0358
[Tracker] Ep  468 | AvgR 0.0003 | Global 0.6873 | Local 0.1192 | F1_macro 1.0000 | WorstLoss 0.0189
[Tracker] Ep  469 | AvgR 0.0003 | Global 0.6818 | Local 0.1192 | F1_macro 1.0000 | WorstLoss 0.0215
[Tracker] Ep  470 | AvgR 0.0003 | Global 0.6820 | Local 0.1192 | F1_macro 1.0000 | WorstLoss 0.0214
[Tracker] Saved snapshot: ep0470_phase1_class1
[Tracker] Ep  471 | AvgR 0.0003 | Global 0.6816 | Local 0.1192 | F1_macro 1.0000 | WorstLoss 0.0216
[Tracker] Ep  472 | AvgR 0.0003 | Global 0.6662 | Local 0.1192 | F1_macro 1.0000 | WorstLoss 0.0286
[Tracker] Ep  473 | AvgR 0.0003 | Global 0.6875 | Local 0.1192 | F1_macro 1.0000 | WorstLoss 0.0188
[Tracker] Ep  474 | AvgR 0.0003 | Global 0.6855 | Local 0.1192 | F1_macro 1.0000 | WorstLoss 0.0198
[Tracker] Ep  475 | AvgR 0.0004 | Global 0.7003 | Local 0.1192 | F1_macro 1.0000 | WorstLoss 0.0128
[Tracker] Saved snapshot: ep0475_phase1_class1
[Tracker] Ep  476 | AvgR 0.0003 | Global 0.6152 | Local 0.1192 | F1_macro 0.9958 | WorstLoss 0.0508
[Tracker] Ep  477 | AvgR 0.0003 | Global 0.6796 | Local 0.1192 | F1_macro 1.0000 | WorstLoss 0.0225
[Tracker] Ep  478 | AvgR 0.0003 | Global 0.6890 | Local 0.1192 | F1_macro 1.0000 | WorstLoss 0.0182
[Tracker] Ep  479 | AvgR 0.0003 | Global 0.6927 | Local 0.1192 | F1_macro 1.0000 | WorstLoss 0.0164
[Tracker] Ep  480 | AvgR 0.0004 | Global 0.7066 | Local 0.1192 | F1_macro 1.0000 | WorstLoss 0.0098
[Tracker] Saved snapshot: ep0480_phase1_class1
[Tracker] Ep  481 | AvgR 0.0003 | Global 0.6957 | Local 0.1192 | F1_macro 1.0000 | WorstLoss 0.0150
[Tracker] Ep  482 | AvgR 0.0003 | Global 0.6894 | Local 0.1192 | F1_macro 0.9979 | WorstLoss 0.0179
[Tracker] Ep  483 | AvgR 0.0004 | Global 0.7082 | Local 0.1192 | F1_macro 1.0000 | WorstLoss 0.0090
[Tracker] Ep  484 | AvgR 0.0003 | Global 0.6952 | Local 0.1192 | F1_macro 1.0000 | WorstLoss 0.0152
[Tracker] Ep  485 | AvgR 0.0003 | Global 0.6942 | Local 0.1192 | F1_macro 1.0000 | WorstLoss 0.0157
[Tracker] Saved snapshot: ep0485_phase1_class1
[Tracker] Ep  486 | AvgR 0.0003 | Global 0.6587 | Local 0.1192 | F1_macro 0.9979 | WorstLoss 0.0319
[Tracker] Ep  487 | AvgR 0.0003 | Global 0.6367 | Local 0.1192 | F1_macro 0.9979 | WorstLoss 0.0416
[Tracker] Ep  488 | AvgR 0.0003 | Global 0.6968 | Local 0.1192 | F1_macro 1.0000 | WorstLoss 0.0145
[Tracker] Ep  489 | AvgR 0.0002 | Global 0.4714 | Local 0.1192 | F1_macro 0.9894 | WorstLoss 0.1091
[Tracker] Ep  490 | AvgR 0.0004 | Global 0.7016 | Local 0.1192 | F1_macro 1.0000 | WorstLoss 0.0122
[Tracker] Saved snapshot: ep0490_phase1_class1
[Tracker] Ep  491 | AvgR 0.0003 | Global 0.6864 | Local 0.1192 | F1_macro 1.0000 | WorstLoss 0.0194
[Tracker] Ep  492 | AvgR 0.0003 | Global 0.6960 | Local 0.1192 | F1_macro 1.0000 | WorstLoss 0.0149
[Tracker] Ep  493 | AvgR 0.0003 | Global 0.6843 | Local 0.1192 | F1_macro 1.0000 | WorstLoss 0.0203
[Tracker] Ep  494 | AvgR 0.0004 | Global 0.7010 | Local 0.1192 | F1_macro 1.0000 | WorstLoss 0.0125
[Tracker] Ep  495 | AvgR 0.0003 | Global 0.6591 | Local 0.1192 | F1_macro 0.9979 | WorstLoss 0.0318
[Tracker] Saved snapshot: ep0495_phase1_class1
[Tracker] Ep  496 | AvgR 0.0003 | Global 0.6556 | Local 0.1192 | F1_macro 0.9979 | WorstLoss 0.0333
[Tracker] Ep  497 | AvgR 0.0003 | Global 0.6953 | Local 0.1192 | F1_macro 1.0000 | WorstLoss 0.0152
[Tracker] Ep  498 | AvgR 0.0003 | Global 0.6776 | Local 0.1192 | F1_macro 1.0000 | WorstLoss 0.0234
[Tracker] Ep  499 | AvgR 0.0003 | Global 0.6770 | Local 0.1192 | F1_macro 0.9979 | WorstLoss 0.0237
[Tracker] Ep  500 | AvgR 0.0003 | Global 0.6414 | Local 0.1192 | F1_macro 0.9958 | WorstLoss 0.0395
[Tracker] Saved snapshot: ep0500_phase1_class1
[Tracker] Ep  501 | AvgR 0.0003 | Global 0.6850 | Local 0.1192 | F1_macro 1.0000 | WorstLoss 0.0200
[Tracker] Ep  502 | AvgR 0.0003 | Global 0.6132 | Local 0.1192 | F1_macro 0.9979 | WorstLoss 0.0516
[Tracker] Ep  503 | AvgR 0.0003 | Global 0.6779 | Local 0.1192 | F1_macro 0.9979 | WorstLoss 0.0233
[Tracker] Ep  504 | AvgR 0.0004 | Global 0.7077 | Local 0.1192 | F1_macro 1.0000 | WorstLoss 0.0092
[Tracker] Ep  505 | AvgR 0.0003 | Global 0.6643 | Local 0.1192 | F1_macro 1.0000 | WorstLoss 0.0294
[Tracker] Saved snapshot: ep0505_phase1_class1
[Tracker] Ep  506 | AvgR 0.0003 | Global 0.6718 | Local 0.1192 | F1_macro 0.9979 | WorstLoss 0.0260
[Tracker] Ep  507 | AvgR 0.0003 | Global 0.6510 | Local 0.1192 | F1_macro 0.9979 | WorstLoss 0.0354
[Tracker] Ep  508 | AvgR 0.0003 | Global 0.6979 | Local 0.1192 | F1_macro 1.0000 | WorstLoss 0.0139
[Tracker] Ep  509 | AvgR 0.0003 | Global 0.6995 | Local 0.1192 | F1_macro 1.0000 | WorstLoss 0.0132
[Tracker] Ep  510 | AvgR 0.0004 | Global 0.7090 | Local 0.1192 | F1_macro 1.0000 | WorstLoss 0.0086
[Tracker] Saved snapshot: ep0510_phase1_class1
[Tracker] Ep  511 | AvgR 0.0003 | Global 0.6810 | Local 0.1192 | F1_macro 1.0000 | WorstLoss 0.0218
[Tracker] Ep  512 | AvgR 0.0003 | Global 0.6436 | Local 0.1192 | F1_macro 0.9979 | WorstLoss 0.0386
[Tracker] Ep  513 | AvgR 0.0004 | Global 0.7008 | Local 0.1192 | F1_macro 1.0000 | WorstLoss 0.0126
[Tracker] Ep  514 | AvgR 0.0003 | Global 0.6970 | Local 0.1192 | F1_macro 1.0000 | WorstLoss 0.0144
[Tracker] Ep  515 | AvgR 0.0003 | Global 0.6276 | Local 0.1192 | F1_macro 0.9979 | WorstLoss 0.0455
[Tracker] Saved snapshot: ep0515_phase1_class1
[Tracker] Ep  516 | AvgR 0.0003 | Global 0.6743 | Local 0.1192 | F1_macro 1.0000 | WorstLoss 0.0249
[Tracker] Ep  517 | AvgR 0.0003 | Global 0.6713 | Local 0.1192 | F1_macro 0.9958 | WorstLoss 0.0263
[Tracker] Ep  518 | AvgR 0.0003 | Global 0.6594 | Local 0.1192 | F1_macro 1.0000 | WorstLoss 0.0316
[Tracker] Ep  519 | AvgR 0.0004 | Global 0.7013 | Local 0.1192 | F1_macro 1.0000 | WorstLoss 0.0123
[Tracker] Ep  520 | AvgR 0.0003 | Global 0.6787 | Local 0.1192 | F1_macro 1.0000 | WorstLoss 0.0229
[Tracker] Saved snapshot: ep0520_phase1_class1
[Tracker] Ep  521 | AvgR 0.0003 | Global 0.6877 | Local 0.1192 | F1_macro 1.0000 | WorstLoss 0.0188
[Tracker] Ep  522 | AvgR 0.0003 | Global 0.6938 | Local 0.1192 | F1_macro 1.0000 | WorstLoss 0.0159
[Tracker] Ep  523 | AvgR 0.0003 | Global 0.6896 | Local 0.1192 | F1_macro 1.0000 | WorstLoss 0.0179
[Tracker] Ep  524 | AvgR 0.0004 | Global 0.7046 | Local 0.1192 | F1_macro 1.0000 | WorstLoss 0.0107
[Tracker] Ep  525 | AvgR 0.0003 | Global 0.6952 | Local 0.1192 | F1_macro 1.0000 | WorstLoss 0.0152
[Tracker] Saved snapshot: ep0525_phase1_class1
[Tracker] Ep  526 | AvgR 0.0003 | Global 0.6956 | Local 0.1192 | F1_macro 1.0000 | WorstLoss 0.0150
[Tracker] Ep  527 | AvgR 0.0003 | Global 0.6926 | Local 0.1192 | F1_macro 1.0000 | WorstLoss 0.0165
[Tracker] Ep  528 | AvgR 0.0003 | Global 0.6949 | Local 0.1192 | F1_macro 1.0000 | WorstLoss 0.0154
[Tracker] Ep  529 | AvgR 0.0003 | Global 0.6996 | Local 0.1192 | F1_macro 1.0000 | WorstLoss 0.0132
[Tracker] Ep  530 | AvgR 0.0003 | Global 0.5269 | Local 0.1192 | F1_macro 0.9958 | WorstLoss 0.0869
[Tracker] Saved snapshot: ep0530_phase1_class1
[Tracker] Ep  531 | AvgR 0.0004 | Global 0.7039 | Local 0.1192 | F1_macro 1.0000 | WorstLoss 0.0111
[Tracker] Ep  532 | AvgR 0.0003 | Global 0.6666 | Local 0.1192 | F1_macro 0.9979 | WorstLoss 0.0284
[Tracker] Ep  533 | AvgR 0.0004 | Global 0.7047 | Local 0.1192 | F1_macro 1.0000 | WorstLoss 0.0107
[Tracker] Ep  534 | AvgR 0.0003 | Global 0.6900 | Local 0.1192 | F1_macro 1.0000 | WorstLoss 0.0177
[Tracker] Ep  535 | AvgR 0.0003 | Global 0.6685 | Local 0.1192 | F1_macro 1.0000 | WorstLoss 0.0276
[Tracker] Saved snapshot: ep0535_phase1_class1
[Tracker] Ep  536 | AvgR 0.0003 | Global 0.6763 | Local 0.1192 | F1_macro 1.0000 | WorstLoss 0.0240
[Tracker] Ep  537 | AvgR 0.0004 | Global 0.7058 | Local 0.1192 | F1_macro 1.0000 | WorstLoss 0.0102
[Tracker] Ep  538 | AvgR 0.0004 | Global 0.7075 | Local 0.1192 | F1_macro 1.0000 | WorstLoss 0.0093
[Tracker] Ep  539 | AvgR 0.0003 | Global 0.6864 | Local 0.1192 | F1_macro 1.0000 | WorstLoss 0.0194
[Tracker] Ep  540 | AvgR 0.0004 | Global 0.7020 | Local 0.1192 | F1_macro 1.0000 | WorstLoss 0.0120
[Tracker] Saved snapshot: ep0540_phase1_class1
[Tracker] Ep  541 | AvgR 0.0003 | Global 0.6889 | Local 0.1192 | F1_macro 1.0000 | WorstLoss 0.0182
[Tracker] Ep  542 | AvgR 0.0003 | Global 0.6880 | Local 0.1192 | F1_macro 1.0000 | WorstLoss 0.0186
[Tracker] Ep  543 | AvgR 0.0004 | Global 0.7009 | Local 0.1192 | F1_macro 1.0000 | WorstLoss 0.0125
[Tracker] Ep  544 | AvgR 0.0004 | Global 0.7004 | Local 0.1192 | F1_macro 1.0000 | WorstLoss 0.0128
[Tracker] Ep  545 | AvgR 0.0003 | Global 0.6774 | Local 0.1192 | F1_macro 1.0000 | WorstLoss 0.0235
[Tracker] Saved snapshot: ep0545_phase1_class1
[Tracker] Ep  546 | AvgR 0.0003 | Global 0.6739 | Local 0.1192 | F1_macro 1.0000 | WorstLoss 0.0251
[Tracker] Ep  547 | AvgR 0.0003 | Global 0.6644 | Local 0.1192 | F1_macro 1.0000 | WorstLoss 0.0294
[Tracker] Ep  548 | AvgR 0.0003 | Global 0.6563 | Local 0.1192 | F1_macro 0.9958 | WorstLoss 0.0330
[Tracker] Ep  549 | AvgR 0.0003 | Global 0.6647 | Local 0.1192 | F1_macro 1.0000 | WorstLoss 0.0292
[Tracker] Ep  550 | AvgR 0.0003 | Global 0.6744 | Local 0.1192 | F1_macro 1.0000 | WorstLoss 0.0249
[Tracker] Saved snapshot: ep0550_phase1_class1
[Tracker] Ep  551 | AvgR 0.0003 | Global 0.6971 | Local 0.1192 | F1_macro 1.0000 | WorstLoss 0.0143
[Tracker] Ep  552 | AvgR 0.0003 | Global 0.6755 | Local 0.1192 | F1_macro 1.0000 | WorstLoss 0.0244
[Tracker] Ep  553 | AvgR 0.0003 | Global 0.6992 | Local 0.1192 | F1_macro 1.0000 | WorstLoss 0.0133
[Tracker] Ep  554 | AvgR 0.0003 | Global 0.6979 | Local 0.1192 | F1_macro 1.0000 | WorstLoss 0.0139
[Tracker] Ep  555 | AvgR 0.0002 | Global 0.4250 | Local 0.1192 | F1_macro 0.9936 | WorstLoss 0.1279
[Tracker] Saved snapshot: ep0555_phase1_class1
[Tracker] Ep  556 | AvgR 0.0003 | Global 0.6892 | Local 0.1192 | F1_macro 1.0000 | WorstLoss 0.0180
[Tracker] Ep  557 | AvgR 0.0003 | Global 0.6941 | Local 0.1192 | F1_macro 1.0000 | WorstLoss 0.0158
[Tracker] Ep  558 | AvgR 0.0004 | Global 0.7083 | Local 0.1192 | F1_macro 1.0000 | WorstLoss 0.0090
[Tracker] Ep  559 | AvgR 0.0003 | Global 0.6443 | Local 0.1192 | F1_macro 0.9979 | WorstLoss 0.0383
[Tracker] Ep  560 | AvgR 0.0003 | Global 0.6839 | Local 0.1192 | F1_macro 1.0000 | WorstLoss 0.0205
[Tracker] Saved snapshot: ep0560_phase1_class1
[Tracker] Ep  561 | AvgR 0.0004 | Global 0.7064 | Local 0.1192 | F1_macro 1.0000 | WorstLoss 0.0099
[Tracker] Ep  562 | AvgR 0.0003 | Global 0.6728 | Local 0.1192 | F1_macro 1.0000 | WorstLoss 0.0256
[Tracker] Ep  563 | AvgR 0.0004 | Global 0.7110 | Local 0.1192 | F1_macro 1.0000 | WorstLoss 0.0077
[Tracker] Ep  564 | AvgR 0.0003 | Global 0.6614 | Local 0.1192 | F1_macro 0.9979 | WorstLoss 0.0307
[Tracker] Ep  565 | AvgR 0.0003 | Global 0.6549 | Local 0.1192 | F1_macro 0.9936 | WorstLoss 0.0336
[Tracker] Saved snapshot: ep0565_phase1_class1
[Tracker] Ep  566 | AvgR 0.0003 | Global 0.6951 | Local 0.1192 | F1_macro 1.0000 | WorstLoss 0.0153
[Tracker] Ep  567 | AvgR 0.0003 | Global 0.6830 | Local 0.1192 | F1_macro 1.0000 | WorstLoss 0.0209
[Tracker] Ep  568 | AvgR 0.0003 | Global 0.6989 | Local 0.1192 | F1_macro 1.0000 | WorstLoss 0.0135
[Tracker] Ep  569 | AvgR 0.0003 | Global 0.6593 | Local 0.1192 | F1_macro 1.0000 | WorstLoss 0.0317
[Tracker] Ep  570 | AvgR 0.0004 | Global 0.7003 | Local 0.1192 | F1_macro 1.0000 | WorstLoss 0.0128
[Tracker] Saved snapshot: ep0570_phase1_class1
[Tracker] Ep  571 | AvgR 0.0003 | Global 0.6864 | Local 0.1192 | F1_macro 1.0000 | WorstLoss 0.0193
[Tracker] Ep  572 | AvgR 0.0004 | Global 0.7005 | Local 0.1192 | F1_macro 1.0000 | WorstLoss 0.0127
[Tracker] Ep  573 | AvgR 0.0004 | Global 0.7055 | Local 0.1192 | F1_macro 1.0000 | WorstLoss 0.0103
[Tracker] Ep  574 | AvgR 0.0003 | Global 0.6328 | Local 0.1192 | F1_macro 0.9915 | WorstLoss 0.0432
[Tracker] Ep  575 | AvgR 0.0003 | Global 0.6879 | Local 0.1192 | F1_macro 1.0000 | WorstLoss 0.0187
[Tracker] Saved snapshot: ep0575_phase1_class1
[Tracker] Ep  576 | AvgR 0.0004 | Global 0.7057 | Local 0.1192 | F1_macro 1.0000 | WorstLoss 0.0102
[Tracker] Ep  577 | AvgR 0.0003 | Global 0.6982 | Local 0.1192 | F1_macro 1.0000 | WorstLoss 0.0138
[Tracker] Ep  578 | AvgR 0.0003 | Global 0.6962 | Local 0.1192 | F1_macro 1.0000 | WorstLoss 0.0148
[Tracker] Ep  579 | AvgR 0.0003 | Global 0.5752 | Local 0.1192 | F1_macro 0.9958 | WorstLoss 0.0674
[Tracker] Ep  580 | AvgR 0.0003 | Global 0.6949 | Local 0.1192 | F1_macro 1.0000 | WorstLoss 0.0154
[Tracker] Saved snapshot: ep0580_phase1_class1
[Tracker] Ep  581 | AvgR 0.0003 | Global 0.6696 | Local 0.1192 | F1_macro 1.0000 | WorstLoss 0.0270
[Tracker] Ep  582 | AvgR 0.0003 | Global 0.6911 | Local 0.1192 | F1_macro 1.0000 | WorstLoss 0.0171
[Tracker] Ep  583 | AvgR 0.0003 | Global 0.6847 | Local 0.1192 | F1_macro 1.0000 | WorstLoss 0.0201
[Tracker] Ep  584 | AvgR 0.0003 | Global 0.6896 | Local 0.1192 | F1_macro 1.0000 | WorstLoss 0.0179
[Tracker] Ep  585 | AvgR 0.0003 | Global 0.6860 | Local 0.1192 | F1_macro 1.0000 | WorstLoss 0.0195
[Tracker] Saved snapshot: ep0585_phase1_class1
[Tracker] Ep  586 | AvgR 0.0003 | Global 0.6928 | Local 0.1192 | F1_macro 1.0000 | WorstLoss 0.0163
[Tracker] Ep  587 | AvgR 0.0003 | Global 0.6297 | Local 0.1192 | F1_macro 0.9958 | WorstLoss 0.0446
[Tracker] Ep  588 | AvgR 0.0002 | Global 0.4545 | Local 0.1192 | F1_macro 0.9915 | WorstLoss 0.1159
[Tracker] Ep  589 | AvgR 0.0003 | Global 0.6944 | Local 0.1192 | F1_macro 1.0000 | WorstLoss 0.0156
[Tracker] Ep  590 | AvgR 0.0003 | Global 0.6922 | Local 0.1192 | F1_macro 1.0000 | WorstLoss 0.0166
[Tracker] Saved snapshot: ep0590_phase1_class1
[Tracker] Ep  591 | AvgR 0.0003 | Global 0.6472 | Local 0.1192 | F1_macro 0.9979 | WorstLoss 0.0370
[Tracker] Ep  592 | AvgR 0.0003 | Global 0.6429 | Local 0.1192 | F1_macro 0.9979 | WorstLoss 0.0389
[Tracker] Ep  593 | AvgR 0.0003 | Global 0.6418 | Local 0.1192 | F1_macro 0.9958 | WorstLoss 0.0394
[Tracker] Ep  594 | AvgR 0.0003 | Global 0.6991 | Local 0.1192 | F1_macro 1.0000 | WorstLoss 0.0134
[Tracker] Ep  595 | AvgR 0.0003 | Global 0.6969 | Local 0.1192 | F1_macro 1.0000 | WorstLoss 0.0144
[Tracker] Saved snapshot: ep0595_phase1_class1
[Tracker] Ep  596 | AvgR 0.0003 | Global 0.6642 | Local 0.1192 | F1_macro 0.9979 | WorstLoss 0.0295
[Tracker] Ep  597 | AvgR 0.0003 | Global 0.6550 | Local 0.1192 | F1_macro 1.0000 | WorstLoss 0.0336
[Tracker] Ep  598 | AvgR 0.0003 | Global 0.6884 | Local 0.1192 | F1_macro 1.0000 | WorstLoss 0.0184
[Tracker] Ep  599 | AvgR 0.0003 | Global 0.6765 | Local 0.1192 | F1_macro 1.0000 | WorstLoss 0.0239
[Tracker] Ep  600 | AvgR 0.0003 | Global 0.6914 | Local 0.1192 | F1_macro 1.0000 | WorstLoss 0.0170
[Tracker] Saved snapshot: ep0600_phase1_class1
[Tracker] Ep  601 | AvgR 0.0003 | Global 0.6515 | Local 0.1192 | F1_macro 0.9958 | WorstLoss 0.0351
[Tracker] Ep  602 | AvgR 0.0003 | Global 0.6961 | Local 0.1192 | F1_macro 1.0000 | WorstLoss 0.0148
[Tracker] Ep  603 | AvgR 0.0003 | Global 0.6890 | Local 0.1192 | F1_macro 1.0000 | WorstLoss 0.0181
[Tracker] Ep  604 | AvgR 0.0003 | Global 0.6946 | Local 0.1192 | F1_macro 1.0000 | WorstLoss 0.0155
[Tracker] Ep  605 | AvgR 0.0004 | Global 0.7043 | Local 0.1192 | F1_macro 1.0000 | WorstLoss 0.0109
[Tracker] Saved snapshot: ep0605_phase1_class1
[Tracker] Ep  606 | AvgR 0.0003 | Global 0.6564 | Local 0.1192 | F1_macro 0.9979 | WorstLoss 0.0329
[Tracker] Ep  607 | AvgR 0.0003 | Global 0.6216 | Local 0.1192 | F1_macro 1.0000 | WorstLoss 0.0481
[Tracker] Ep  608 | AvgR 0.0003 | Global 0.6904 | Local 0.1192 | F1_macro 1.0000 | WorstLoss 0.0175
[Tracker] Ep  609 | AvgR 0.0003 | Global 0.6443 | Local 0.1192 | F1_macro 0.9979 | WorstLoss 0.0383
[Tracker] Ep  610 | AvgR 0.0003 | Global 0.6899 | Local 0.1192 | F1_macro 1.0000 | WorstLoss 0.0177
[Tracker] Saved snapshot: ep0610_phase1_class1
[Tracker] Ep  611 | AvgR 0.0003 | Global 0.5833 | Local 0.1192 | F1_macro 0.9958 | WorstLoss 0.0640
[Tracker] Ep  612 | AvgR 0.0003 | Global 0.6860 | Local 0.1192 | F1_macro 1.0000 | WorstLoss 0.0195
[Tracker] Ep  613 | AvgR 0.0004 | Global 0.7055 | Local 0.1192 | F1_macro 1.0000 | WorstLoss 0.0103
[Tracker] Ep  614 | AvgR 0.0003 | Global 0.6995 | Local 0.1192 | F1_macro 1.0000 | WorstLoss 0.0132
[Tracker] Ep  615 | AvgR 0.0003 | Global 0.6708 | Local 0.1192 | F1_macro 1.0000 | WorstLoss 0.0265
[Tracker] Saved snapshot: ep0615_phase1_class1
[Tracker] Ep  616 | AvgR 0.0003 | Global 0.6841 | Local 0.1192 | F1_macro 1.0000 | WorstLoss 0.0204
[Tracker] Ep  617 | AvgR 0.0003 | Global 0.6902 | Local 0.1192 | F1_macro 1.0000 | WorstLoss 0.0176
[Tracker] Ep  618 | AvgR 0.0003 | Global 0.6847 | Local 0.1192 | F1_macro 1.0000 | WorstLoss 0.0202
[Tracker] Ep  619 | AvgR 0.0003 | Global 0.6079 | Local 0.1192 | F1_macro 0.9958 | WorstLoss 0.0538
[Tracker] Ep  620 | AvgR 0.0003 | Global 0.6563 | Local 0.1192 | F1_macro 1.0000 | WorstLoss 0.0330
[Tracker] Saved snapshot: ep0620_phase1_class1
[Tracker] Ep  621 | AvgR 0.0004 | Global 0.7062 | Local 0.1192 | F1_macro 1.0000 | WorstLoss 0.0100
[Tracker] Ep  622 | AvgR 0.0003 | Global 0.6579 | Local 0.1192 | F1_macro 0.9979 | WorstLoss 0.0323
[Tracker] Ep  623 | AvgR 0.0003 | Global 0.6918 | Local 0.1192 | F1_macro 1.0000 | WorstLoss 0.0168
[Tracker] Ep  624 | AvgR 0.0003 | Global 0.6860 | Local 0.1192 | F1_macro 1.0000 | WorstLoss 0.0195
[Tracker] Ep  625 | AvgR 0.0003 | Global 0.6121 | Local 0.1192 | F1_macro 0.9958 | WorstLoss 0.0521
[Tracker] Saved snapshot: ep0625_phase1_class1
[Tracker] Ep  626 | AvgR 0.0003 | Global 0.6939 | Local 0.1192 | F1_macro 1.0000 | WorstLoss 0.0158
[Tracker] Ep  627 | AvgR 0.0003 | Global 0.6016 | Local 0.1192 | F1_macro 0.9979 | WorstLoss 0.0565
[Tracker] Ep  628 | AvgR 0.0003 | Global 0.6857 | Local 0.1192 | F1_macro 1.0000 | WorstLoss 0.0197
[Tracker] Ep  629 | AvgR 0.0003 | Global 0.6683 | Local 0.1192 | F1_macro 1.0000 | WorstLoss 0.0276
[Tracker] Ep  630 | AvgR 0.0004 | Global 0.7047 | Local 0.1192 | F1_macro 1.0000 | WorstLoss 0.0107
[Tracker] Saved snapshot: ep0630_phase1_class1
[Tracker] Ep  631 | AvgR 0.0004 | Global 0.7087 | Local 0.1192 | F1_macro 1.0000 | WorstLoss 0.0088
[Tracker] Ep  632 | AvgR 0.0003 | Global 0.6843 | Local 0.1192 | F1_macro 0.9979 | WorstLoss 0.0203
[Tracker] Ep  633 | AvgR 0.0003 | Global 0.6874 | Local 0.1192 | F1_macro 1.0000 | WorstLoss 0.0189
[Tracker] Ep  634 | AvgR 0.0003 | Global 0.6925 | Local 0.1192 | F1_macro 1.0000 | WorstLoss 0.0165
[Tracker] Ep  635 | AvgR 0.0003 | Global 0.6818 | Local 0.1192 | F1_macro 1.0000 | WorstLoss 0.0215
[Tracker] Saved snapshot: ep0635_phase1_class1
[Tracker] Ep  636 | AvgR 0.0003 | Global 0.6503 | Local 0.1192 | F1_macro 1.0000 | WorstLoss 0.0356
[Tracker] Ep  637 | AvgR 0.0003 | Global 0.6978 | Local 0.1192 | F1_macro 1.0000 | WorstLoss 0.0140
[Tracker] Ep  638 | AvgR 0.0003 | Global 0.6685 | Local 0.1192 | F1_macro 1.0000 | WorstLoss 0.0275
[Tracker] Ep  639 | AvgR 0.0003 | Global 0.6850 | Local 0.1192 | F1_macro 1.0000 | WorstLoss 0.0200
[Tracker] Ep  640 | AvgR 0.0003 | Global 0.6822 | Local 0.1192 | F1_macro 1.0000 | WorstLoss 0.0213
[Tracker] Saved snapshot: ep0640_phase1_class1
[Tracker] Ep  641 | AvgR 0.0003 | Global 0.6928 | Local 0.1192 | F1_macro 1.0000 | WorstLoss 0.0163
[Tracker] Ep  642 | AvgR 0.0003 | Global 0.5277 | Local 0.1192 | F1_macro 0.9936 | WorstLoss 0.0866
[Tracker] Ep  643 | AvgR 0.0003 | Global 0.6895 | Local 0.1192 | F1_macro 1.0000 | WorstLoss 0.0179
[Tracker] Ep  644 | AvgR 0.0003 | Global 0.6963 | Local 0.1192 | F1_macro 1.0000 | WorstLoss 0.0147
[Tracker] Ep  645 | AvgR 0.0003 | Global 0.5048 | Local 0.1192 | F1_macro 0.9958 | WorstLoss 0.0958
[Tracker] Saved snapshot: ep0645_phase1_class1
[Tracker] Ep  646 | AvgR 0.0003 | Global 0.6910 | Local 0.1192 | F1_macro 1.0000 | WorstLoss 0.0172
[Tracker] Ep  647 | AvgR 0.0003 | Global 0.6864 | Local 0.1192 | F1_macro 1.0000 | WorstLoss 0.0193
[Tracker] Ep  648 | AvgR 0.0004 | Global 0.7023 | Local 0.1192 | F1_macro 1.0000 | WorstLoss 0.0119
[Tracker] Ep  649 | AvgR 0.0004 | Global 0.7085 | Local 0.1192 | F1_macro 1.0000 | WorstLoss 0.0089
[Tracker] Ep  650 | AvgR 0.0003 | Global 0.6884 | Local 0.1192 | F1_macro 1.0000 | WorstLoss 0.0184
[Tracker] Saved snapshot: ep0650_phase1_class1
[Tracker] Ep  651 | AvgR 0.0004 | Global 0.7105 | Local 0.1192 | F1_macro 1.0000 | WorstLoss 0.0079
[Tracker] Ep  652 | AvgR 0.0003 | Global 0.6804 | Local 0.1192 | F1_macro 1.0000 | WorstLoss 0.0221
[Tracker] Ep  653 | AvgR 0.0003 | Global 0.6703 | Local 0.1192 | F1_macro 1.0000 | WorstLoss 0.0267
[Tracker] Ep  654 | AvgR 0.0003 | Global 0.6794 | Local 0.1192 | F1_macro 1.0000 | WorstLoss 0.0226
[Tracker] Ep  655 | AvgR 0.0003 | Global 0.6404 | Local 0.1192 | F1_macro 0.9979 | WorstLoss 0.0400
[Tracker] Saved snapshot: ep0655_phase1_class1
[Tracker] Ep  656 | AvgR 0.0003 | Global 0.6741 | Local 0.1192 | F1_macro 1.0000 | WorstLoss 0.0250
[Tracker] Ep  657 | AvgR 0.0003 | Global 0.6838 | Local 0.1192 | F1_macro 1.0000 | WorstLoss 0.0206
[Tracker] Ep  658 | AvgR 0.0003 | Global 0.6926 | Local 0.1192 | F1_macro 1.0000 | WorstLoss 0.0164
[Tracker] Ep  659 | AvgR 0.0003 | Global 0.6752 | Local 0.1192 | F1_macro 1.0000 | WorstLoss 0.0245
[Tracker] Ep  660 | AvgR 0.0003 | Global 0.6812 | Local 0.1192 | F1_macro 1.0000 | WorstLoss 0.0217
[Tracker] Saved snapshot: ep0660_phase1_class1
[Tracker] Ep  661 | AvgR 0.0003 | Global 0.6849 | Local 0.1192 | F1_macro 1.0000 | WorstLoss 0.0200
[Tracker] Ep  662 | AvgR 0.0003 | Global 0.6821 | Local 0.1192 | F1_macro 1.0000 | WorstLoss 0.0214
[Tracker] Ep  663 | AvgR 0.0003 | Global 0.6646 | Local 0.1192 | F1_macro 0.9979 | WorstLoss 0.0293
[Tracker] Ep  664 | AvgR 0.0004 | Global 0.7070 | Local 0.1192 | F1_macro 1.0000 | WorstLoss 0.0096
[Tracker] Ep  665 | AvgR 0.0003 | Global 0.6699 | Local 0.1192 | F1_macro 0.9979 | WorstLoss 0.0269
[Tracker] Saved snapshot: ep0665_phase1_class1
[Tracker] Ep  666 | AvgR 0.0003 | Global 0.6312 | Local 0.1192 | F1_macro 0.9937 | WorstLoss 0.0439
[Tracker] Ep  667 | AvgR 0.0003 | Global 0.6737 | Local 0.1192 | F1_macro 1.0000 | WorstLoss 0.0252
[Tracker] Ep  668 | AvgR 0.0003 | Global 0.6182 | Local 0.1192 | F1_macro 0.9979 | WorstLoss 0.0495
[Tracker] Ep  669 | AvgR 0.0004 | Global 0.7070 | Local 0.1192 | F1_macro 1.0000 | WorstLoss 0.0096
[Tracker] Ep  670 | AvgR 0.0003 | Global 0.6537 | Local 0.1192 | F1_macro 0.9979 | WorstLoss 0.0341
[Tracker] Saved snapshot: ep0670_phase1_class1
[Tracker] Ep  671 | AvgR 0.0003 | Global 0.6967 | Local 0.1192 | F1_macro 1.0000 | WorstLoss 0.0145
[Tracker] Ep  672 | AvgR 0.0003 | Global 0.5826 | Local 0.1192 | F1_macro 0.9979 | WorstLoss 0.0643
[Tracker] Ep  673 | AvgR 0.0003 | Global 0.6931 | Local 0.1192 | F1_macro 1.0000 | WorstLoss 0.0162
[Tracker] Ep  674 | AvgR 0.0003 | Global 0.6561 | Local 0.1192 | F1_macro 0.9958 | WorstLoss 0.0331
[Tracker] Ep  675 | AvgR 0.0003 | Global 0.6979 | Local 0.1192 | F1_macro 1.0000 | WorstLoss 0.0139
[Tracker] Saved snapshot: ep0675_phase1_class1
[Tracker] Ep  676 | AvgR 0.0003 | Global 0.6801 | Local 0.1192 | F1_macro 1.0000 | WorstLoss 0.0222
[Tracker] Ep  677 | AvgR 0.0004 | Global 0.7025 | Local 0.1192 | F1_macro 1.0000 | WorstLoss 0.0117
[Tracker] Ep  678 | AvgR 0.0003 | Global 0.6621 | Local 0.1192 | F1_macro 0.9979 | WorstLoss 0.0304
[Tracker] Ep  679 | AvgR 0.0003 | Global 0.6350 | Local 0.1192 | F1_macro 0.9979 | WorstLoss 0.0423
[Tracker] Ep  680 | AvgR 0.0003 | Global 0.6839 | Local 0.1192 | F1_macro 1.0000 | WorstLoss 0.0205
[Tracker] Saved snapshot: ep0680_phase1_class1
[Tracker] Ep  681 | AvgR 0.0003 | Global 0.6512 | Local 0.1192 | F1_macro 1.0000 | WorstLoss 0.0352
[Tracker] Ep  682 | AvgR 0.0004 | Global 0.7052 | Local 0.1192 | F1_macro 1.0000 | WorstLoss 0.0104
[Tracker] Ep  683 | AvgR 0.0003 | Global 0.6586 | Local 0.1192 | F1_macro 0.9979 | WorstLoss 0.0320
[Tracker] Ep  684 | AvgR 0.0003 | Global 0.6688 | Local 0.1192 | F1_macro 1.0000 | WorstLoss 0.0274
[Tracker] Ep  685 | AvgR 0.0004 | Global 0.7066 | Local 0.1192 | F1_macro 1.0000 | WorstLoss 0.0098
[Tracker] Saved snapshot: ep0685_phase1_class1
[Tracker] Ep  686 | AvgR 0.0003 | Global 0.6770 | Local 0.1192 | F1_macro 0.9958 | WorstLoss 0.0237
[Tracker] Ep  687 | AvgR 0.0003 | Global 0.6956 | Local 0.1192 | F1_macro 1.0000 | WorstLoss 0.0151
[Tracker] Ep  688 | AvgR 0.0004 | Global 0.7053 | Local 0.1192 | F1_macro 1.0000 | WorstLoss 0.0104
[Tracker] Ep  689 | AvgR 0.0003 | Global 0.6860 | Local 0.1192 | F1_macro 1.0000 | WorstLoss 0.0195
[Tracker] Ep  690 | AvgR 0.0004 | Global 0.7018 | Local 0.1192 | F1_macro 1.0000 | WorstLoss 0.0121
[Tracker] Saved snapshot: ep0690_phase1_class1
[Tracker] Ep  691 | AvgR 0.0004 | Global 0.7058 | Local 0.1192 | F1_macro 1.0000 | WorstLoss 0.0102
[Tracker] Ep  692 | AvgR 0.0003 | Global 0.6748 | Local 0.1192 | F1_macro 0.9979 | WorstLoss 0.0247
[Tracker] Ep  693 | AvgR 0.0003 | Global 0.6849 | Local 0.1192 | F1_macro 1.0000 | WorstLoss 0.0200
[Tracker] Ep  694 | AvgR 0.0003 | Global 0.6952 | Local 0.1192 | F1_macro 1.0000 | WorstLoss 0.0152
[Tracker] Ep  695 | AvgR 0.0004 | Global 0.7013 | Local 0.1192 | F1_macro 1.0000 | WorstLoss 0.0123
[Tracker] Saved snapshot: ep0695_phase1_class1
[Tracker] Ep  696 | AvgR 0.0004 | Global 0.7045 | Local 0.1192 | F1_macro 1.0000 | WorstLoss 0.0108
[Tracker] Ep  697 | AvgR 0.0004 | Global 0.7035 | Local 0.1192 | F1_macro 1.0000 | WorstLoss 0.0113
[Tracker] Ep  698 | AvgR 0.0003 | Global 0.6799 | Local 0.1192 | F1_macro 1.0000 | WorstLoss 0.0223
[Tracker] Ep  699 | AvgR 0.0003 | Global 0.6727 | Local 0.1192 | F1_macro 0.9979 | WorstLoss 0.0256
[Tracker] Ep  700 | AvgR 0.0003 | Global 0.6971 | Local 0.1192 | F1_macro 0.9979 | WorstLoss 0.0143
[Tracker] Saved snapshot: ep0700_phase1_class1
[Tracker] Ep  701 | AvgR 0.0002 | Global 0.3110 | Local 0.1192 | F1_macro 0.9936 | WorstLoss 0.1772
[Tracker] Ep  702 | AvgR 0.0003 | Global 0.6953 | Local 0.1192 | F1_macro 1.0000 | WorstLoss 0.0152
[Tracker] Ep  703 | AvgR 0.0004 | Global 0.7066 | Local 0.1192 | F1_macro 1.0000 | WorstLoss 0.0098
[Tracker] Ep  704 | AvgR 0.0003 | Global 0.6708 | Local 0.1192 | F1_macro 1.0000 | WorstLoss 0.0265
[Tracker] Ep  705 | AvgR 0.0003 | Global 0.6737 | Local 0.1192 | F1_macro 1.0000 | WorstLoss 0.0252
[Tracker] Saved snapshot: ep0705_phase1_class1
[Tracker] Ep  706 | AvgR 0.0003 | Global 0.6164 | Local 0.1192 | F1_macro 0.9936 | WorstLoss 0.0503
[Tracker] Ep  707 | AvgR 0.0003 | Global 0.5971 | Local 0.1192 | F1_macro 1.0000 | WorstLoss 0.0583
[Tracker] Ep  708 | AvgR 0.0003 | Global 0.6917 | Local 0.1192 | F1_macro 1.0000 | WorstLoss 0.0169
[Tracker] Ep  709 | AvgR 0.0003 | Global 0.6769 | Local 0.1192 | F1_macro 1.0000 | WorstLoss 0.0237
[Tracker] Ep  710 | AvgR 0.0003 | Global 0.6935 | Local 0.1192 | F1_macro 1.0000 | WorstLoss 0.0160
[Tracker] Saved snapshot: ep0710_phase1_class1
[Tracker] Ep  711 | AvgR 0.0003 | Global 0.6634 | Local 0.1192 | F1_macro 1.0000 | WorstLoss 0.0298
[Tracker] Ep  712 | AvgR 0.0003 | Global 0.5618 | Local 0.1192 | F1_macro 0.9979 | WorstLoss 0.0728
[Tracker] Ep  713 | AvgR 0.0003 | Global 0.6989 | Local 0.1192 | F1_macro 1.0000 | WorstLoss 0.0135
[Tracker] Ep  714 | AvgR 0.0004 | Global 0.7085 | Local 0.1192 | F1_macro 1.0000 | WorstLoss 0.0089
[Tracker] Ep  715 | AvgR 0.0004 | Global 0.7050 | Local 0.1192 | F1_macro 1.0000 | WorstLoss 0.0106
[Tracker] Saved snapshot: ep0715_phase1_class1
[Tracker] Ep  716 | AvgR 0.0004 | Global 0.7110 | Local 0.1192 | F1_macro 1.0000 | WorstLoss 0.0077
[Tracker] Ep  717 | AvgR 0.0003 | Global 0.6941 | Local 0.1192 | F1_macro 1.0000 | WorstLoss 0.0157
[Tracker] Ep  718 | AvgR 0.0004 | Global 0.7061 | Local 0.1192 | F1_macro 1.0000 | WorstLoss 0.0100
[Tracker] Ep  719 | AvgR 0.0003 | Global 0.6745 | Local 0.1192 | F1_macro 1.0000 | WorstLoss 0.0248
[Tracker] Ep  720 | AvgR 0.0004 | Global 0.7064 | Local 0.1192 | F1_macro 1.0000 | WorstLoss 0.0099
[Tracker] Saved snapshot: ep0720_phase1_class1
[Tracker] Ep  721 | AvgR 0.0003 | Global 0.6941 | Local 0.1192 | F1_macro 1.0000 | WorstLoss 0.0157
[Tracker] Ep  722 | AvgR 0.0003 | Global 0.6680 | Local 0.1192 | F1_macro 1.0000 | WorstLoss 0.0277
[Tracker] Ep  723 | AvgR 0.0003 | Global 0.6977 | Local 0.1192 | F1_macro 1.0000 | WorstLoss 0.0141
[Tracker] Ep  724 | AvgR 0.0003 | Global 0.6850 | Local 0.1192 | F1_macro 1.0000 | WorstLoss 0.0200
[Tracker] Ep  725 | AvgR 0.0003 | Global 0.6711 | Local 0.1192 | F1_macro 0.9979 | WorstLoss 0.0264
[Tracker] Saved snapshot: ep0725_phase1_class1
[Tracker] Ep  726 | AvgR 0.0004 | Global 0.7017 | Local 0.1192 | F1_macro 1.0000 | WorstLoss 0.0122
[Tracker] Ep  727 | AvgR 0.0003 | Global 0.6919 | Local 0.1192 | F1_macro 1.0000 | WorstLoss 0.0168
[Tracker] Ep  728 | AvgR 0.0003 | Global 0.6949 | Local 0.1192 | F1_macro 1.0000 | WorstLoss 0.0154
[Tracker] Ep  729 | AvgR 0.0004 | Global 0.7087 | Local 0.1192 | F1_macro 1.0000 | WorstLoss 0.0088
[Tracker] Ep  730 | AvgR 0.0003 | Global 0.6850 | Local 0.1192 | F1_macro 1.0000 | WorstLoss 0.0200
[Tracker] Saved snapshot: ep0730_phase1_class1
[Tracker] Ep  731 | AvgR 0.0003 | Global 0.6672 | Local 0.1192 | F1_macro 0.9979 | WorstLoss 0.0281
[Tracker] Ep  732 | AvgR 0.0003 | Global 0.6705 | Local 0.1192 | F1_macro 1.0000 | WorstLoss 0.0266
[Tracker] Ep  733 | AvgR 0.0003 | Global 0.5990 | Local 0.1192 | F1_macro 0.9894 | WorstLoss 0.0575
[Tracker] Ep  734 | AvgR 0.0003 | Global 0.6786 | Local 0.1192 | F1_macro 1.0000 | WorstLoss 0.0229
[Tracker] Ep  735 | AvgR 0.0003 | Global 0.6995 | Local 0.1192 | F1_macro 1.0000 | WorstLoss 0.0132
[Tracker] Saved snapshot: ep0735_phase1_class1
[Tracker] Ep  736 | AvgR 0.0003 | Global 0.6026 | Local 0.1192 | F1_macro 0.9979 | WorstLoss 0.0560
[Tracker] Ep  737 | AvgR 0.0004 | Global 0.7065 | Local 0.1192 | F1_macro 1.0000 | WorstLoss 0.0098
[Tracker] Ep  738 | AvgR 0.0003 | Global 0.6993 | Local 0.1192 | F1_macro 1.0000 | WorstLoss 0.0133
[Tracker] Ep  739 | AvgR 0.0004 | Global 0.7072 | Local 0.1192 | F1_macro 1.0000 | WorstLoss 0.0095
[Tracker] Ep  740 | AvgR 0.0003 | Global 0.6776 | Local 0.1192 | F1_macro 0.9979 | WorstLoss 0.0234
[Tracker] Saved snapshot: ep0740_phase1_class1
[Tracker] Ep  741 | AvgR 0.0003 | Global 0.6898 | Local 0.1192 | F1_macro 1.0000 | WorstLoss 0.0178
[Tracker] Ep  742 | AvgR 0.0003 | Global 0.6908 | Local 0.1192 | F1_macro 1.0000 | WorstLoss 0.0173
[Tracker] Ep  743 | AvgR 0.0003 | Global 0.6985 | Local 0.1192 | F1_macro 1.0000 | WorstLoss 0.0136
[Tracker] Ep  744 | AvgR 0.0004 | Global 0.7007 | Local 0.1192 | F1_macro 1.0000 | WorstLoss 0.0126
[Tracker] Ep  745 | AvgR 0.0003 | Global 0.6757 | Local 0.1192 | F1_macro 0.9979 | WorstLoss 0.0243
[Tracker] Saved snapshot: ep0745_phase1_class1
[Tracker] Ep  746 | AvgR 0.0003 | Global 0.6971 | Local 0.1192 | F1_macro 1.0000 | WorstLoss 0.0143
[Tracker] Ep  747 | AvgR 0.0004 | Global 0.7042 | Local 0.1192 | F1_macro 1.0000 | WorstLoss 0.0109
[Tracker] Ep  748 | AvgR 0.0003 | Global 0.6829 | Local 0.1192 | F1_macro 0.9979 | WorstLoss 0.0210
[Tracker] Ep  749 | AvgR 0.0004 | Global 0.7086 | Local 0.1192 | F1_macro 1.0000 | WorstLoss 0.0088
[Tracker] Ep  750 | AvgR 0.0003 | Global 0.6969 | Local 0.1192 | F1_macro 1.0000 | WorstLoss 0.0144
[Tracker] Saved snapshot: ep0750_phase1_class1
[Tracker] Ep  751 | AvgR 0.0003 | Global 0.6698 | Local 0.1192 | F1_macro 0.9979 | WorstLoss 0.0270
[Tracker] Ep  752 | AvgR 0.0003 | Global 0.6985 | Local 0.1192 | F1_macro 1.0000 | WorstLoss 0.0137
[Tracker] Ep  753 | AvgR 0.0003 | Global 0.6616 | Local 0.1192 | F1_macro 0.9979 | WorstLoss 0.0306
[Tracker] Ep  754 | AvgR 0.0004 | Global 0.7058 | Local 0.1192 | F1_macro 1.0000 | WorstLoss 0.0102
[Tracker] Ep  755 | AvgR 0.0003 | Global 0.6680 | Local 0.1192 | F1_macro 1.0000 | WorstLoss 0.0277
[Tracker] Saved snapshot: ep0755_phase1_class1
[Tracker] Ep  756 | AvgR 0.0003 | Global 0.6569 | Local 0.1192 | F1_macro 0.9979 | WorstLoss 0.0327
[Tracker] Ep  757 | AvgR 0.0004 | Global 0.7042 | Local 0.1192 | F1_macro 1.0000 | WorstLoss 0.0110
[Tracker] Ep  758 | AvgR 0.0004 | Global 0.7045 | Local 0.1192 | F1_macro 1.0000 | WorstLoss 0.0108
[Tracker] Ep  759 | AvgR 0.0004 | Global 0.7027 | Local 0.1192 | F1_macro 1.0000 | WorstLoss 0.0117
[Tracker] Ep  760 | AvgR 0.0004 | Global 0.7117 | Local 0.1192 | F1_macro 1.0000 | WorstLoss 0.0073
[Tracker] Saved snapshot: ep0760_phase1_class1
[Tracker] Ep  761 | AvgR 0.0004 | Global 0.7068 | Local 0.1192 | F1_macro 1.0000 | WorstLoss 0.0097
[Tracker] Ep  762 | AvgR 0.0003 | Global 0.6603 | Local 0.1192 | F1_macro 0.9979 | WorstLoss 0.0312
[Tracker] Ep  763 | AvgR 0.0004 | Global 0.7160 | Local 0.1192 | F1_macro 1.0000 | WorstLoss 0.0052
[Tracker] New BEST synthetic [phase1_class1] (by global.global_obj: 0.716002) saved.
[Tracker] BEST β weights [phase1_class1] saved -> training_runs/SPECp1_har_nobias_global_5s_EP800_PCA10_REWfairness_minID5_majID24_TRJ2000_GG202603241204_8b91bc47/seed_42/best_beta_state_dict_phase1_class1.pt
[Tracker] Ep  764 | AvgR 0.0003 | Global 0.6759 | Local 0.1192 | F1_macro 0.9979 | WorstLoss 0.0242
[Tracker] Ep  765 | AvgR 0.0003 | Global 0.6548 | Local 0.1192 | F1_macro 0.9979 | WorstLoss 0.0337
[Tracker] Saved snapshot: ep0765_phase1_class1
[Tracker] Ep  766 | AvgR 0.0003 | Global 0.6790 | Local 0.1192 | F1_macro 0.9979 | WorstLoss 0.0227
[Tracker] Ep  767 | AvgR 0.0003 | Global 0.6908 | Local 0.1192 | F1_macro 1.0000 | WorstLoss 0.0173
[Tracker] Ep  768 | AvgR 0.0003 | Global 0.6956 | Local 0.1192 | F1_macro 1.0000 | WorstLoss 0.0150
[Tracker] Ep  769 | AvgR 0.0003 | Global 0.6857 | Local 0.1192 | F1_macro 1.0000 | WorstLoss 0.0197
[Tracker] Ep  770 | AvgR 0.0003 | Global 0.6977 | Local 0.1192 | F1_macro 1.0000 | WorstLoss 0.0140
[Tracker] Saved snapshot: ep0770_phase1_class1
[Tracker] Ep  771 | AvgR 0.0003 | Global 0.6870 | Local 0.1192 | F1_macro 1.0000 | WorstLoss 0.0191
[Tracker] Ep  772 | AvgR 0.0004 | Global 0.7070 | Local 0.1192 | F1_macro 1.0000 | WorstLoss 0.0096
[Tracker] Ep  773 | AvgR 0.0003 | Global 0.6613 | Local 0.1192 | F1_macro 1.0000 | WorstLoss 0.0308
[Tracker] Ep  774 | AvgR 0.0003 | Global 0.6917 | Local 0.1192 | F1_macro 1.0000 | WorstLoss 0.0169
[Tracker] Ep  775 | AvgR 0.0003 | Global 0.6458 | Local 0.1192 | F1_macro 0.9936 | WorstLoss 0.0376
[Tracker] Saved snapshot: ep0775_phase1_class1
[Tracker] Ep  776 | AvgR 0.0003 | Global 0.6886 | Local 0.1192 | F1_macro 1.0000 | WorstLoss 0.0183
[Tracker] Ep  777 | AvgR 0.0004 | Global 0.7012 | Local 0.1192 | F1_macro 1.0000 | WorstLoss 0.0124
[Tracker] Ep  778 | AvgR 0.0003 | Global 0.6594 | Local 0.1192 | F1_macro 1.0000 | WorstLoss 0.0316
[Tracker] Ep  779 | AvgR 0.0003 | Global 0.6856 | Local 0.1192 | F1_macro 1.0000 | WorstLoss 0.0197
[Tracker] Ep  780 | AvgR 0.0004 | Global 0.7012 | Local 0.1192 | F1_macro 1.0000 | WorstLoss 0.0124
[Tracker] Saved snapshot: ep0780_phase1_class1
[Tracker] Ep  781 | AvgR 0.0004 | Global 0.7061 | Local 0.1192 | F1_macro 1.0000 | WorstLoss 0.0100
[Tracker] Ep  782 | AvgR 0.0003 | Global 0.6685 | Local 0.1192 | F1_macro 0.9979 | WorstLoss 0.0275
[Tracker] Ep  783 | AvgR 0.0003 | Global 0.5669 | Local 0.1192 | F1_macro 0.9958 | WorstLoss 0.0707
[Tracker] Ep  784 | AvgR 0.0003 | Global 0.6942 | Local 0.1192 | F1_macro 1.0000 | WorstLoss 0.0157
[Tracker] Ep  785 | AvgR 0.0003 | Global 0.6849 | Local 0.1192 | F1_macro 0.9979 | WorstLoss 0.0201
[Tracker] Saved snapshot: ep0785_phase1_class1
[Tracker] Ep  786 | AvgR 0.0003 | Global 0.6998 | Local 0.1192 | F1_macro 1.0000 | WorstLoss 0.0131
[Tracker] Ep  787 | AvgR 0.0004 | Global 0.7030 | Local 0.1192 | F1_macro 1.0000 | WorstLoss 0.0115
[Tracker] Ep  788 | AvgR 0.0003 | Global 0.6876 | Local 0.1192 | F1_macro 1.0000 | WorstLoss 0.0188
[Tracker] Ep  789 | AvgR 0.0004 | Global 0.7071 | Local 0.1192 | F1_macro 1.0000 | WorstLoss 0.0096
[Tracker] Ep  790 | AvgR 0.0003 | Global 0.6983 | Local 0.1192 | F1_macro 1.0000 | WorstLoss 0.0138
[Tracker] Saved snapshot: ep0790_phase1_class1
[Tracker] Ep  791 | AvgR 0.0003 | Global 0.6801 | Local 0.1192 | F1_macro 0.9979 | WorstLoss 0.0222
[Tracker] Ep  792 | AvgR 0.0003 | Global 0.6923 | Local 0.1192 | F1_macro 1.0000 | WorstLoss 0.0166
[Tracker] Ep  793 | AvgR 0.0003 | Global 0.6928 | Local 0.1192 | F1_macro 1.0000 | WorstLoss 0.0164
[Tracker] Ep  794 | AvgR 0.0003 | Global 0.6041 | Local 0.1192 | F1_macro 0.9936 | WorstLoss 0.0554
[Tracker] Ep  795 | AvgR 0.0004 | Global 0.7091 | Local 0.1192 | F1_macro 1.0000 | WorstLoss 0.0086
[Tracker] Saved snapshot: ep0795_phase1_class1
[Tracker] Ep  796 | AvgR 0.0003 | Global 0.6984 | Local 0.1192 | F1_macro 1.0000 | WorstLoss 0.0137
[Tracker] Ep  797 | AvgR 0.0004 | Global 0.7036 | Local 0.1192 | F1_macro 1.0000 | WorstLoss 0.0112
[Tracker] Ep  798 | AvgR 0.0003 | Global 0.6663 | Local 0.1192 | F1_macro 1.0000 | WorstLoss 0.0285
[Tracker] Ep  799 | AvgR 0.0003 | Global 0.6561 | Local 0.1192 | F1_macro 0.9979 | WorstLoss 0.0331
[Tracker] Ep  800 | AvgR 0.0003 | Global 0.6727 | Local 0.1192 | F1_macro 1.0000 | WorstLoss 0.0256
[Tracker] Saved snapshot: ep0800_phase1_class1
[Phase] Finished phase1_class1 | best global_obj=0.7160
[TestSuite] Using provided β (no best checkpoint found or factory missing).

[TEST] Alpha -> F1(min)=0.8988 | F1(maj)=0.8241 | F1(weighted)=0.8760 | F1(macro)=0.8614 | Brier=0.1252
[TEST] Beta  -> F1(min)=0.9028 | F1(maj)=0.8317 | F1(weighted)=0.8811 | F1(macro)=0.8673 | Brier=0.1217
[TestSuite] Final test metrics appended to (seed): training_runs/SPECp1_har_nobias_global_5s_EP800_PCA10_REWfairness_minID5_majID24_TRJ2000_GG202603241204_8b91bc47/seed_42/final_test_metrics.csv
[TestSuite] Final test metrics appended to (experiment): training_runs/SPECp1_har_nobias_global_5s_EP800_PCA10_REWfairness_minID5_majID24_TRJ2000_GG202603241204_8b91bc47/final_test_metrics.csv
Total time 2285.29s
[Tracker] Finished. Run folder: training_runs/SPECp1_har_nobias_global_5s_EP800_PCA10_REWfairness_minID5_majID24_TRJ2000_GG202603241204_8b91bc47/seed_42
[main] ---- running seed=0 ----
FFNN Using device: cuda:0
FFNN Using device: cuda:0
[Tracker] Experiment: SPECp1_har_nobias_global_5s_EP800_PCA10_REWfairness_minID5_majID24_TRJ2000_GG202603241204_8b91bc47
[Tracker] Seed folder: training_runs/SPECp1_har_nobias_global_5s_EP800_PCA10_REWfairness_minID5_majID24_TRJ2000_GG202603241204_8b91bc47/seed_0
[Tracker] Run: 2026-03-24_12-42-23_seed0_4119123_23610019
[Tracker] Metrics CSV: training_runs/SPECp1_har_nobias_global_5s_EP800_PCA10_REWfairness_minID5_majID24_TRJ2000_GG202603241204_8b91bc47/seed_0/metrics.csv
[Tracker] Mirroring console to: training_runs/SPECp1_har_nobias_global_5s_EP800_PCA10_REWfairness_minID5_majID24_TRJ2000_GG202603241204_8b91bc47/seed_0/console.log
[TRAIN] size=1686, rope=1174 (69.63%), class0=512, class1=1174
[VAL] size=560, rope=390 (69.64%), class0=170, class1=390
[TEST] size=568, rope=395 (69.54%), class0=173, class1=395
use_pca=True | theta_dim=10 | features_in=14 | classes=[np.int64(0), np.int64(1)]
FFNN Using device: cuda:0
FFNN Using device: cuda:0
Beta will train with: 45.74% real data, 54.26% synthetic data: 
[disadv] group=0 per_g={0: 0.058610059320926666, 1: 0.005299259442836046} worst_4g=0.0759 soft_eo_alpha=0.0258
Anchors: 110 (disadv=0) sigma_anchor=0.8500
[Tracker] Alpha model state_dict saved to training_runs/SPECp1_har_nobias_global_5s_EP800_PCA10_REWfairness_minID5_majID24_TRJ2000_GG202603241204_8b91bc47/seed_0/alpha_state_dict.pt
[Tracker] Alpha model config saved to training_runs/SPECp1_har_nobias_global_5s_EP800_PCA10_REWfairness_minID5_majID24_TRJ2000_GG202603241204_8b91bc47/seed_0/ffnn_meta.json

============================================================
[Phase] Starting phase1_class1 | target_class=1 | episodes=800
============================================================
[Tracker] CSV header written with 44 columns.
[Tracker] Ep    1 | AvgR 0.0003 | Global 0.5801 | Local 0.1192 | F1_macro 0.9979 | WorstLoss 0.0436
[Tracker] New BEST synthetic [phase1_class1] (by global.global_obj: 0.580061) saved.
[Tracker] BEST β weights [phase1_class1] saved -> training_runs/SPECp1_har_nobias_global_5s_EP800_PCA10_REWfairness_minID5_majID24_TRJ2000_GG202603241204_8b91bc47/seed_0/best_beta_state_dict_phase1_class1.pt
[Tracker] Ep    2 | AvgR 0.0003 | Global 0.6112 | Local 0.1192 | F1_macro 0.9979 | WorstLoss 0.0307
[Tracker] New BEST synthetic [phase1_class1] (by global.global_obj: 0.611191) saved.
[Tracker] BEST β weights [phase1_class1] saved -> training_runs/SPECp1_har_nobias_global_5s_EP800_PCA10_REWfairness_minID5_majID24_TRJ2000_GG202603241204_8b91bc47/seed_0/best_beta_state_dict_phase1_class1.pt
[Tracker] Ep    3 | AvgR 0.0003 | Global 0.5830 | Local 0.1192 | F1_macro 0.9979 | WorstLoss 0.0424
[Tracker] Ep    4 | AvgR 0.0003 | Global 0.6108 | Local 0.1192 | F1_macro 0.9979 | WorstLoss 0.0308
[Tracker] Ep    5 | AvgR 0.0003 | Global 0.5772 | Local 0.1192 | F1_macro 0.9958 | WorstLoss 0.0448
[Tracker] Saved snapshot: ep0005_phase1_class1
[Tracker] Ep    6 | AvgR 0.0003 | Global 0.6008 | Local 0.1192 | F1_macro 0.9958 | WorstLoss 0.0350
[Tracker] Ep    7 | AvgR 0.0003 | Global 0.6195 | Local 0.1192 | F1_macro 0.9979 | WorstLoss 0.0272
[Tracker] New BEST synthetic [phase1_class1] (by global.global_obj: 0.619489) saved.
[Tracker] BEST β weights [phase1_class1] saved -> training_runs/SPECp1_har_nobias_global_5s_EP800_PCA10_REWfairness_minID5_majID24_TRJ2000_GG202603241204_8b91bc47/seed_0/best_beta_state_dict_phase1_class1.pt
[Tracker] Ep    8 | AvgR 0.0003 | Global 0.5766 | Local 0.1192 | F1_macro 0.9958 | WorstLoss 0.0450
[Tracker] Ep    9 | AvgR 0.0003 | Global 0.6137 | Local 0.1192 | F1_macro 0.9979 | WorstLoss 0.0296
[Tracker] Ep   10 | AvgR 0.0003 | Global 0.6080 | Local 0.1192 | F1_macro 0.9979 | WorstLoss 0.0320
[Tracker] Saved snapshot: ep0010_phase1_class1
[Tracker] Ep   11 | AvgR 0.0003 | Global 0.5910 | Local 0.1192 | F1_macro 0.9979 | WorstLoss 0.0391
[Tracker] Ep   12 | AvgR 0.0003 | Global 0.6191 | Local 0.1192 | F1_macro 0.9979 | WorstLoss 0.0273
[Tracker] Ep   13 | AvgR 0.0003 | Global 0.5773 | Local 0.1192 | F1_macro 0.9958 | WorstLoss 0.0448
[Tracker] Ep   14 | AvgR 0.0003 | Global 0.5791 | Local 0.1192 | F1_macro 0.9958 | WorstLoss 0.0440
[Tracker] Ep   15 | AvgR 0.0003 | Global 0.5930 | Local 0.1192 | F1_macro 0.9979 | WorstLoss 0.0383
[Tracker] Saved snapshot: ep0015_phase1_class1
[Tracker] Ep   16 | AvgR 0.0003 | Global 0.5762 | Local 0.1192 | F1_macro 0.9979 | WorstLoss 0.0452
[Tracker] Ep   17 | AvgR 0.0003 | Global 0.5691 | Local 0.1192 | F1_macro 0.9958 | WorstLoss 0.0481
[Tracker] Ep   18 | AvgR 0.0003 | Global 0.5899 | Local 0.1192 | F1_macro 0.9958 | WorstLoss 0.0395
[Tracker] Ep   19 | AvgR 0.0003 | Global 0.5993 | Local 0.1192 | F1_macro 0.9958 | WorstLoss 0.0356
[Tracker] Ep   20 | AvgR 0.0003 | Global 0.5576 | Local 0.1192 | F1_macro 0.9958 | WorstLoss 0.0528
[Tracker] Saved snapshot: ep0020_phase1_class1
[Tracker] Ep   21 | AvgR 0.0003 | Global 0.6183 | Local 0.1192 | F1_macro 0.9979 | WorstLoss 0.0277
[Tracker] Ep   22 | AvgR 0.0003 | Global 0.6116 | Local 0.1192 | F1_macro 0.9979 | WorstLoss 0.0305
[Tracker] Ep   23 | AvgR 0.0003 | Global 0.5711 | Local 0.1192 | F1_macro 0.9958 | WorstLoss 0.0473
[Tracker] Ep   24 | AvgR 0.0003 | Global 0.6201 | Local 0.1192 | F1_macro 0.9979 | WorstLoss 0.0269
[Tracker] New BEST synthetic [phase1_class1] (by global.global_obj: 0.620130) saved.
[Tracker] BEST β weights [phase1_class1] saved -> training_runs/SPECp1_har_nobias_global_5s_EP800_PCA10_REWfairness_minID5_majID24_TRJ2000_GG202603241204_8b91bc47/seed_0/best_beta_state_dict_phase1_class1.pt
[Tracker] Ep   25 | AvgR 0.0003 | Global 0.6103 | Local 0.1192 | F1_macro 0.9979 | WorstLoss 0.0310
[Tracker] Saved snapshot: ep0025_phase1_class1
[Tracker] Ep   26 | AvgR 0.0003 | Global 0.5928 | Local 0.1192 | F1_macro 0.9979 | WorstLoss 0.0384
[Tracker] Ep   27 | AvgR 0.0003 | Global 0.5932 | Local 0.1192 | F1_macro 0.9979 | WorstLoss 0.0382
[Tracker] Ep   28 | AvgR 0.0003 | Global 0.6385 | Local 0.1192 | F1_macro 0.9979 | WorstLoss 0.0190
[Tracker] New BEST synthetic [phase1_class1] (by global.global_obj: 0.638475) saved.
[Tracker] BEST β weights [phase1_class1] saved -> training_runs/SPECp1_har_nobias_global_5s_EP800_PCA10_REWfairness_minID5_majID24_TRJ2000_GG202603241204_8b91bc47/seed_0/best_beta_state_dict_phase1_class1.pt
[Tracker] Ep   29 | AvgR 0.0003 | Global 0.5686 | Local 0.1192 | F1_macro 0.9958 | WorstLoss 0.0483
[Tracker] Ep   30 | AvgR 0.0003 | Global 0.5600 | Local 0.1192 | F1_macro 0.9958 | WorstLoss 0.0518
[Tracker] Saved snapshot: ep0030_phase1_class1
[Tracker] Ep   31 | AvgR 0.0003 | Global 0.5966 | Local 0.1192 | F1_macro 0.9958 | WorstLoss 0.0368
[Tracker] Ep   32 | AvgR 0.0003 | Global 0.6233 | Local 0.1192 | F1_macro 0.9979 | WorstLoss 0.0256
[Tracker] Ep   33 | AvgR 0.0003 | Global 0.6011 | Local 0.1192 | F1_macro 0.9979 | WorstLoss 0.0349
[Tracker] Ep   34 | AvgR 0.0003 | Global 0.5780 | Local 0.1192 | F1_macro 0.9958 | WorstLoss 0.0444
[Tracker] Ep   35 | AvgR 0.0003 | Global 0.6109 | Local 0.1192 | F1_macro 0.9958 | WorstLoss 0.0308
[Tracker] Saved snapshot: ep0035_phase1_class1
[Tracker] Ep   36 | AvgR 0.0003 | Global 0.6084 | Local 0.1192 | F1_macro 0.9979 | WorstLoss 0.0318
[Tracker] Ep   37 | AvgR 0.0003 | Global 0.6250 | Local 0.1192 | F1_macro 0.9979 | WorstLoss 0.0248
[Tracker] Ep   38 | AvgR 0.0003 | Global 0.5973 | Local 0.1192 | F1_macro 0.9979 | WorstLoss 0.0365
[Tracker] Ep   39 | AvgR 0.0003 | Global 0.6101 | Local 0.1192 | F1_macro 0.9979 | WorstLoss 0.0311
[Tracker] Ep   40 | AvgR 0.0003 | Global 0.5989 | Local 0.1192 | F1_macro 0.9979 | WorstLoss 0.0358
[Tracker] Saved snapshot: ep0040_phase1_class1
[Tracker] Ep   41 | AvgR 0.0003 | Global 0.5859 | Local 0.1192 | F1_macro 0.9958 | WorstLoss 0.0412
[Tracker] Ep   42 | AvgR 0.0003 | Global 0.6179 | Local 0.1192 | F1_macro 0.9979 | WorstLoss 0.0279
[Tracker] Ep   43 | AvgR 0.0003 | Global 0.6006 | Local 0.1192 | F1_macro 0.9979 | WorstLoss 0.0351
[Tracker] Ep   44 | AvgR 0.0003 | Global 0.5883 | Local 0.1192 | F1_macro 0.9958 | WorstLoss 0.0402
[Tracker] Ep   45 | AvgR 0.0003 | Global 0.6435 | Local 0.1192 | F1_macro 1.0000 | WorstLoss 0.0168
[Tracker] Saved snapshot: ep0045_phase1_class1
[Tracker] New BEST synthetic [phase1_class1] (by global.global_obj: 0.643505) saved.
[Tracker] BEST β weights [phase1_class1] saved -> training_runs/SPECp1_har_nobias_global_5s_EP800_PCA10_REWfairness_minID5_majID24_TRJ2000_GG202603241204_8b91bc47/seed_0/best_beta_state_dict_phase1_class1.pt
[Tracker] Ep   46 | AvgR 0.0003 | Global 0.5732 | Local 0.1192 | F1_macro 0.9958 | WorstLoss 0.0464
[Tracker] Ep   47 | AvgR 0.0003 | Global 0.5463 | Local 0.1192 | F1_macro 0.9958 | WorstLoss 0.0573
[Tracker] Ep   48 | AvgR 0.0003 | Global 0.5682 | Local 0.1192 | F1_macro 0.9958 | WorstLoss 0.0484
[Tracker] Ep   49 | AvgR 0.0003 | Global 0.5945 | Local 0.1192 | F1_macro 0.9979 | WorstLoss 0.0377
[Tracker] Ep   50 | AvgR 0.0003 | Global 0.5940 | Local 0.1192 | F1_macro 0.9979 | WorstLoss 0.0379
[Tracker] Saved snapshot: ep0050_phase1_class1
[Tracker] Ep   51 | AvgR 0.0003 | Global 0.5900 | Local 0.1192 | F1_macro 0.9958 | WorstLoss 0.0395
[Tracker] Ep   52 | AvgR 0.0003 | Global 0.5920 | Local 0.1192 | F1_macro 0.9958 | WorstLoss 0.0387
[Tracker] Ep   53 | AvgR 0.0003 | Global 0.6091 | Local 0.1192 | F1_macro 0.9979 | WorstLoss 0.0316
[Tracker] Ep   54 | AvgR 0.0003 | Global 0.5804 | Local 0.1192 | F1_macro 0.9958 | WorstLoss 0.0435
[Tracker] Ep   55 | AvgR 0.0003 | Global 0.5816 | Local 0.1192 | F1_macro 0.9958 | WorstLoss 0.0430
[Tracker] Saved snapshot: ep0055_phase1_class1
[Tracker] Ep   56 | AvgR 0.0003 | Global 0.6042 | Local 0.1192 | F1_macro 0.9979 | WorstLoss 0.0336
[Tracker] Ep   57 | AvgR 0.0003 | Global 0.5867 | Local 0.1192 | F1_macro 0.9958 | WorstLoss 0.0409
[Tracker] Ep   58 | AvgR 0.0003 | Global 0.6056 | Local 0.1192 | F1_macro 0.9979 | WorstLoss 0.0330
[Tracker] Ep   59 | AvgR 0.0003 | Global 0.5756 | Local 0.1192 | F1_macro 0.9958 | WorstLoss 0.0454
[Tracker] Ep   60 | AvgR 0.0003 | Global 0.5985 | Local 0.1192 | F1_macro 0.9979 | WorstLoss 0.0360
[Tracker] Saved snapshot: ep0060_phase1_class1
[Tracker] Ep   61 | AvgR 0.0003 | Global 0.5788 | Local 0.1192 | F1_macro 0.9958 | WorstLoss 0.0441
[Tracker] Ep   62 | AvgR 0.0003 | Global 0.5425 | Local 0.1192 | F1_macro 0.9958 | WorstLoss 0.0589
[Tracker] Ep   63 | AvgR 0.0003 | Global 0.5545 | Local 0.1192 | F1_macro 0.9958 | WorstLoss 0.0540
[Tracker] Ep   64 | AvgR 0.0003 | Global 0.6060 | Local 0.1192 | F1_macro 0.9979 | WorstLoss 0.0328
[Tracker] Ep   65 | AvgR 0.0003 | Global 0.5783 | Local 0.1192 | F1_macro 0.9958 | WorstLoss 0.0443
[Tracker] Saved snapshot: ep0065_phase1_class1
[Tracker] Ep   66 | AvgR 0.0003 | Global 0.5685 | Local 0.1192 | F1_macro 0.9958 | WorstLoss 0.0483
[Tracker] Ep   67 | AvgR 0.0003 | Global 0.6241 | Local 0.1192 | F1_macro 1.0000 | WorstLoss 0.0252
[Tracker] Ep   68 | AvgR 0.0003 | Global 0.6278 | Local 0.1192 | F1_macro 0.9979 | WorstLoss 0.0236
[Tracker] Ep   69 | AvgR 0.0003 | Global 0.5637 | Local 0.1192 | F1_macro 0.9958 | WorstLoss 0.0503
[Tracker] Ep   70 | AvgR 0.0003 | Global 0.6035 | Local 0.1192 | F1_macro 0.9958 | WorstLoss 0.0339
[Tracker] Saved snapshot: ep0070_phase1_class1
[Tracker] Ep   71 | AvgR 0.0003 | Global 0.5920 | Local 0.1192 | F1_macro 0.9958 | WorstLoss 0.0387
[Tracker] Ep   72 | AvgR 0.0003 | Global 0.5908 | Local 0.1192 | F1_macro 0.9958 | WorstLoss 0.0392
[Tracker] Ep   73 | AvgR 0.0003 | Global 0.5895 | Local 0.1192 | F1_macro 0.9958 | WorstLoss 0.0397
[Tracker] Ep   74 | AvgR 0.0003 | Global 0.5831 | Local 0.1192 | F1_macro 0.9958 | WorstLoss 0.0423
[Tracker] Ep   75 | AvgR 0.0003 | Global 0.5083 | Local 0.1192 | F1_macro 0.9958 | WorstLoss 0.0726
[Tracker] Saved snapshot: ep0075_phase1_class1
[Tracker] Ep   76 | AvgR 0.0003 | Global 0.5978 | Local 0.1192 | F1_macro 0.9958 | WorstLoss 0.0363
[Tracker] Ep   77 | AvgR 0.0003 | Global 0.6055 | Local 0.1192 | F1_macro 0.9958 | WorstLoss 0.0330
[Tracker] Ep   78 | AvgR 0.0003 | Global 0.5859 | Local 0.1192 | F1_macro 0.9958 | WorstLoss 0.0412
[Tracker] Ep   79 | AvgR 0.0003 | Global 0.5693 | Local 0.1192 | F1_macro 0.9958 | WorstLoss 0.0480
[Tracker] Ep   80 | AvgR 0.0003 | Global 0.5896 | Local 0.1192 | F1_macro 0.9958 | WorstLoss 0.0397
[Tracker] Saved snapshot: ep0080_phase1_class1
[Tracker] Ep   81 | AvgR 0.0003 | Global 0.5744 | Local 0.1192 | F1_macro 0.9979 | WorstLoss 0.0459
[Tracker] Ep   82 | AvgR 0.0003 | Global 0.6019 | Local 0.1192 | F1_macro 0.9979 | WorstLoss 0.0346
[Tracker] Ep   83 | AvgR 0.0003 | Global 0.5682 | Local 0.1192 | F1_macro 0.9958 | WorstLoss 0.0485
[Tracker] Ep   84 | AvgR 0.0003 | Global 0.5731 | Local 0.1192 | F1_macro 0.9958 | WorstLoss 0.0465
[Tracker] Ep   85 | AvgR 0.0003 | Global 0.5805 | Local 0.1192 | F1_macro 0.9979 | WorstLoss 0.0434
[Tracker] Saved snapshot: ep0085_phase1_class1
[Tracker] Ep   86 | AvgR 0.0003 | Global 0.5509 | Local 0.1192 | F1_macro 0.9958 | WorstLoss 0.0555
[Tracker] Ep   87 | AvgR 0.0003 | Global 0.6050 | Local 0.1192 | F1_macro 0.9958 | WorstLoss 0.0333
[Tracker] Ep   88 | AvgR 0.0003 | Global 0.5966 | Local 0.1192 | F1_macro 0.9979 | WorstLoss 0.0368
[Tracker] Ep   89 | AvgR 0.0003 | Global 0.6347 | Local 0.1192 | F1_macro 1.0000 | WorstLoss 0.0206
[Tracker] Ep   90 | AvgR 0.0003 | Global 0.5673 | Local 0.1192 | F1_macro 0.9958 | WorstLoss 0.0488
[Tracker] Saved snapshot: ep0090_phase1_class1
[Tracker] Ep   91 | AvgR 0.0003 | Global 0.6052 | Local 0.1192 | F1_macro 0.9979 | WorstLoss 0.0332
[Tracker] Ep   92 | AvgR 0.0003 | Global 0.5977 | Local 0.1192 | F1_macro 0.9979 | WorstLoss 0.0363
[Tracker] Ep   93 | AvgR 0.0003 | Global 0.5920 | Local 0.1192 | F1_macro 0.9979 | WorstLoss 0.0387
[Tracker] Ep   94 | AvgR 0.0003 | Global 0.5547 | Local 0.1192 | F1_macro 0.9958 | WorstLoss 0.0539
[Tracker] Ep   95 | AvgR 0.0003 | Global 0.6061 | Local 0.1192 | F1_macro 0.9958 | WorstLoss 0.0328
[Tracker] Saved snapshot: ep0095_phase1_class1
[Tracker] Ep   96 | AvgR 0.0003 | Global 0.5565 | Local 0.1192 | F1_macro 0.9958 | WorstLoss 0.0532
[Tracker] Ep   97 | AvgR 0.0003 | Global 0.5603 | Local 0.1192 | F1_macro 0.9958 | WorstLoss 0.0517
[Tracker] Ep   98 | AvgR 0.0003 | Global 0.5798 | Local 0.1192 | F1_macro 0.9958 | WorstLoss 0.0437
[Tracker] Ep   99 | AvgR 0.0003 | Global 0.5674 | Local 0.1192 | F1_macro 0.9958 | WorstLoss 0.0488
[Tracker] Ep  100 | AvgR 0.0003 | Global 0.6192 | Local 0.1192 | F1_macro 0.9979 | WorstLoss 0.0273
[Tracker] Saved snapshot: ep0100_phase1_class1
[Tracker] Ep  101 | AvgR 0.0003 | Global 0.6265 | Local 0.1192 | F1_macro 0.9979 | WorstLoss 0.0242
[Tracker] Ep  102 | AvgR 0.0003 | Global 0.6127 | Local 0.1192 | F1_macro 0.9979 | WorstLoss 0.0301
[Tracker] Ep  103 | AvgR 0.0003 | Global 0.5578 | Local 0.1192 | F1_macro 0.9958 | WorstLoss 0.0527
[Tracker] Ep  104 | AvgR 0.0003 | Global 0.5911 | Local 0.1192 | F1_macro 0.9958 | WorstLoss 0.0390
[Tracker] Ep  105 | AvgR 0.0003 | Global 0.5979 | Local 0.1192 | F1_macro 0.9958 | WorstLoss 0.0362
[Tracker] Saved snapshot: ep0105_phase1_class1
[Tracker] Ep  106 | AvgR 0.0003 | Global 0.5859 | Local 0.1192 | F1_macro 0.9958 | WorstLoss 0.0412
[Tracker] Ep  107 | AvgR 0.0003 | Global 0.6136 | Local 0.1192 | F1_macro 0.9979 | WorstLoss 0.0296
[Tracker] Ep  108 | AvgR 0.0003 | Global 0.5681 | Local 0.1192 | F1_macro 0.9958 | WorstLoss 0.0485
[Tracker] Ep  109 | AvgR 0.0003 | Global 0.6045 | Local 0.1192 | F1_macro 0.9979 | WorstLoss 0.0335
[Tracker] Ep  110 | AvgR 0.0003 | Global 0.6179 | Local 0.1192 | F1_macro 0.9979 | WorstLoss 0.0278
[Tracker] Saved snapshot: ep0110_phase1_class1
[Tracker] Ep  111 | AvgR 0.0003 | Global 0.5563 | Local 0.1192 | F1_macro 0.9979 | WorstLoss 0.0533
[Tracker] Ep  112 | AvgR 0.0003 | Global 0.5779 | Local 0.1192 | F1_macro 0.9958 | WorstLoss 0.0445
[Tracker] Ep  113 | AvgR 0.0003 | Global 0.5355 | Local 0.1192 | F1_macro 0.9958 | WorstLoss 0.0617
[Tracker] Ep  114 | AvgR 0.0003 | Global 0.6262 | Local 0.1192 | F1_macro 0.9979 | WorstLoss 0.0243
[Tracker] Ep  115 | AvgR 0.0003 | Global 0.5795 | Local 0.1192 | F1_macro 0.9958 | WorstLoss 0.0438
[Tracker] Saved snapshot: ep0115_phase1_class1
[Tracker] Ep  116 | AvgR 0.0003 | Global 0.6087 | Local 0.1192 | F1_macro 0.9979 | WorstLoss 0.0317
[Tracker] Ep  117 | AvgR 0.0003 | Global 0.5714 | Local 0.1192 | F1_macro 0.9979 | WorstLoss 0.0472
[Tracker] Ep  118 | AvgR 0.0003 | Global 0.6093 | Local 0.1192 | F1_macro 0.9979 | WorstLoss 0.0315
[Tracker] Ep  119 | AvgR 0.0003 | Global 0.6175 | Local 0.1192 | F1_macro 1.0000 | WorstLoss 0.0280
[Tracker] Ep  120 | AvgR 0.0003 | Global 0.5966 | Local 0.1192 | F1_macro 0.9958 | WorstLoss 0.0368
[Tracker] Saved snapshot: ep0120_phase1_class1
[Tracker] Ep  121 | AvgR 0.0003 | Global 0.6071 | Local 0.1192 | F1_macro 0.9979 | WorstLoss 0.0324
[Tracker] Ep  122 | AvgR 0.0003 | Global 0.5660 | Local 0.1192 | F1_macro 0.9958 | WorstLoss 0.0494
[Tracker] Ep  123 | AvgR 0.0003 | Global 0.5494 | Local 0.1192 | F1_macro 0.9979 | WorstLoss 0.0561
[Tracker] Ep  124 | AvgR 0.0003 | Global 0.5647 | Local 0.1192 | F1_macro 0.9958 | WorstLoss 0.0499
[Tracker] Ep  125 | AvgR 0.0003 | Global 0.5240 | Local 0.1192 | F1_macro 0.9958 | WorstLoss 0.0663
[Tracker] Saved snapshot: ep0125_phase1_class1
[Tracker] Ep  126 | AvgR 0.0003 | Global 0.5944 | Local 0.1192 | F1_macro 0.9958 | WorstLoss 0.0377
[Tracker] Ep  127 | AvgR 0.0003 | Global 0.6225 | Local 0.1192 | F1_macro 0.9979 | WorstLoss 0.0259
[Tracker] Ep  128 | AvgR 0.0003 | Global 0.6151 | Local 0.1192 | F1_macro 1.0000 | WorstLoss 0.0290
[Tracker] Ep  129 | AvgR 0.0003 | Global 0.5362 | Local 0.1192 | F1_macro 0.9958 | WorstLoss 0.0614
[Tracker] Ep  130 | AvgR 0.0003 | Global 0.5900 | Local 0.1192 | F1_macro 0.9979 | WorstLoss 0.0395
[Tracker] Saved snapshot: ep0130_phase1_class1
[Tracker] Ep  131 | AvgR 0.0003 | Global 0.6017 | Local 0.1192 | F1_macro 0.9958 | WorstLoss 0.0346
[Tracker] Ep  132 | AvgR 0.0003 | Global 0.6111 | Local 0.1192 | F1_macro 0.9979 | WorstLoss 0.0307
[Tracker] Ep  133 | AvgR 0.0003 | Global 0.5479 | Local 0.1192 | F1_macro 0.9979 | WorstLoss 0.0567
[Tracker] Ep  134 | AvgR 0.0003 | Global 0.6236 | Local 0.1192 | F1_macro 0.9979 | WorstLoss 0.0254
[Tracker] Ep  135 | AvgR 0.0003 | Global 0.5981 | Local 0.1192 | F1_macro 0.9958 | WorstLoss 0.0361
[Tracker] Saved snapshot: ep0135_phase1_class1
[Tracker] Ep  136 | AvgR 0.0003 | Global 0.5903 | Local 0.1192 | F1_macro 0.9958 | WorstLoss 0.0394
[Tracker] Ep  137 | AvgR 0.0003 | Global 0.6221 | Local 0.1192 | F1_macro 0.9979 | WorstLoss 0.0261
[Tracker] Ep  138 | AvgR 0.0003 | Global 0.6101 | Local 0.1192 | F1_macro 0.9979 | WorstLoss 0.0311
[Tracker] Ep  139 | AvgR 0.0003 | Global 0.5312 | Local 0.1192 | F1_macro 0.9979 | WorstLoss 0.0634
[Tracker] Ep  140 | AvgR 0.0003 | Global 0.6134 | Local 0.1192 | F1_macro 0.9979 | WorstLoss 0.0298
[Tracker] Saved snapshot: ep0140_phase1_class1
[Tracker] Ep  141 | AvgR 0.0003 | Global 0.5859 | Local 0.1192 | F1_macro 0.9979 | WorstLoss 0.0412
[Tracker] Ep  142 | AvgR 0.0003 | Global 0.6340 | Local 0.1192 | F1_macro 0.9979 | WorstLoss 0.0209
[Tracker] Ep  143 | AvgR 0.0003 | Global 0.5702 | Local 0.1192 | F1_macro 0.9958 | WorstLoss 0.0476
[Tracker] Ep  144 | AvgR 0.0003 | Global 0.5140 | Local 0.1192 | F1_macro 0.9979 | WorstLoss 0.0703
[Tracker] Ep  145 | AvgR 0.0003 | Global 0.5959 | Local 0.1192 | F1_macro 0.9979 | WorstLoss 0.0371
[Tracker] Saved snapshot: ep0145_phase1_class1
[Tracker] Ep  146 | AvgR 0.0003 | Global 0.5861 | Local 0.1192 | F1_macro 0.9979 | WorstLoss 0.0411
[Tracker] Ep  147 | AvgR 0.0003 | Global 0.6401 | Local 0.1192 | F1_macro 1.0000 | WorstLoss 0.0183
[Tracker] Ep  148 | AvgR 0.0003 | Global 0.5631 | Local 0.1192 | F1_macro 0.9979 | WorstLoss 0.0505
[Tracker] Ep  149 | AvgR 0.0003 | Global 0.6318 | Local 0.1192 | F1_macro 0.9979 | WorstLoss 0.0219
[Tracker] Ep  150 | AvgR 0.0003 | Global 0.6076 | Local 0.1192 | F1_macro 0.9979 | WorstLoss 0.0322
[Tracker] Saved snapshot: ep0150_phase1_class1
[Tracker] Ep  151 | AvgR 0.0003 | Global 0.6185 | Local 0.1192 | F1_macro 0.9979 | WorstLoss 0.0276
[Tracker] Ep  152 | AvgR 0.0003 | Global 0.6270 | Local 0.1192 | F1_macro 1.0000 | WorstLoss 0.0239
[Tracker] Ep  153 | AvgR 0.0003 | Global 0.5579 | Local 0.1192 | F1_macro 0.9936 | WorstLoss 0.0526
[Tracker] Ep  154 | AvgR 0.0002 | Global 0.4411 | Local 0.1192 | F1_macro 0.9958 | WorstLoss 0.0995
[Tracker] Ep  155 | AvgR 0.0003 | Global 0.5809 | Local 0.1192 | F1_macro 0.9958 | WorstLoss 0.0433
[Tracker] Saved snapshot: ep0155_phase1_class1
[Tracker] Ep  156 | AvgR 0.0002 | Global 0.4590 | Local 0.1192 | F1_macro 0.9958 | WorstLoss 0.0923
[Tracker] Ep  157 | AvgR 0.0003 | Global 0.5699 | Local 0.1192 | F1_macro 0.9958 | WorstLoss 0.0478
[Tracker] Ep  158 | AvgR 0.0003 | Global 0.6098 | Local 0.1192 | F1_macro 0.9979 | WorstLoss 0.0313
[Tracker] Ep  159 | AvgR 0.0003 | Global 0.5917 | Local 0.1192 | F1_macro 0.9958 | WorstLoss 0.0388
[Tracker] Ep  160 | AvgR 0.0003 | Global 0.6310 | Local 0.1192 | F1_macro 0.9979 | WorstLoss 0.0222
[Tracker] Saved snapshot: ep0160_phase1_class1
[Tracker] Ep  161 | AvgR 0.0003 | Global 0.5852 | Local 0.1192 | F1_macro 0.9958 | WorstLoss 0.0415
[Tracker] Ep  162 | AvgR 0.0003 | Global 0.6223 | Local 0.1192 | F1_macro 0.9979 | WorstLoss 0.0260
[Tracker] Ep  163 | AvgR 0.0003 | Global 0.5949 | Local 0.1192 | F1_macro 0.9979 | WorstLoss 0.0375
[Tracker] Ep  164 | AvgR 0.0003 | Global 0.6362 | Local 0.1192 | F1_macro 1.0000 | WorstLoss 0.0200
[Tracker] Ep  165 | AvgR 0.0003 | Global 0.6213 | Local 0.1192 | F1_macro 0.9979 | WorstLoss 0.0264
[Tracker] Saved snapshot: ep0165_phase1_class1
[Tracker] Ep  166 | AvgR 0.0003 | Global 0.6046 | Local 0.1192 | F1_macro 0.9958 | WorstLoss 0.0334
[Tracker] Ep  167 | AvgR 0.0003 | Global 0.6350 | Local 0.1192 | F1_macro 1.0000 | WorstLoss 0.0205
[Tracker] Ep  168 | AvgR 0.0003 | Global 0.6262 | Local 0.1192 | F1_macro 0.9979 | WorstLoss 0.0243
[Tracker] Ep  169 | AvgR 0.0003 | Global 0.6333 | Local 0.1192 | F1_macro 1.0000 | WorstLoss 0.0213
[Tracker] Ep  170 | AvgR 0.0003 | Global 0.5931 | Local 0.1192 | F1_macro 0.9958 | WorstLoss 0.0382
[Tracker] Saved snapshot: ep0170_phase1_class1
[Tracker] Ep  171 | AvgR 0.0003 | Global 0.6037 | Local 0.1192 | F1_macro 0.9958 | WorstLoss 0.0338
[Tracker] Ep  172 | AvgR 0.0003 | Global 0.6397 | Local 0.1192 | F1_macro 1.0000 | WorstLoss 0.0185
[Tracker] Ep  173 | AvgR 0.0003 | Global 0.6339 | Local 0.1192 | F1_macro 1.0000 | WorstLoss 0.0210
[Tracker] Ep  174 | AvgR 0.0003 | Global 0.5467 | Local 0.1192 | F1_macro 0.9958 | WorstLoss 0.0572
[Tracker] Ep  175 | AvgR 0.0003 | Global 0.6595 | Local 0.1192 | F1_macro 1.0000 | WorstLoss 0.0098
[Tracker] Saved snapshot: ep0175_phase1_class1
[Tracker] New BEST synthetic [phase1_class1] (by global.global_obj: 0.659494) saved.
[Tracker] BEST β weights [phase1_class1] saved -> training_runs/SPECp1_har_nobias_global_5s_EP800_PCA10_REWfairness_minID5_majID24_TRJ2000_GG202603241204_8b91bc47/seed_0/best_beta_state_dict_phase1_class1.pt
[Tracker] Ep  176 | AvgR 0.0003 | Global 0.6258 | Local 0.1192 | F1_macro 0.9979 | WorstLoss 0.0245
[Tracker] Ep  177 | AvgR 0.0003 | Global 0.5877 | Local 0.1192 | F1_macro 0.9958 | WorstLoss 0.0405
[Tracker] Ep  178 | AvgR 0.0003 | Global 0.6302 | Local 0.1192 | F1_macro 1.0000 | WorstLoss 0.0226
[Tracker] Ep  179 | AvgR 0.0003 | Global 0.6160 | Local 0.1192 | F1_macro 0.9979 | WorstLoss 0.0287
[Tracker] Ep  180 | AvgR 0.0003 | Global 0.6089 | Local 0.1192 | F1_macro 0.9979 | WorstLoss 0.0316
[Tracker] Saved snapshot: ep0180_phase1_class1
[Tracker] Ep  181 | AvgR 0.0003 | Global 0.6447 | Local 0.1192 | F1_macro 1.0000 | WorstLoss 0.0163
[Tracker] Ep  182 | AvgR 0.0003 | Global 0.6337 | Local 0.1192 | F1_macro 1.0000 | WorstLoss 0.0211
[Tracker] Ep  183 | AvgR 0.0003 | Global 0.5994 | Local 0.1192 | F1_macro 0.9979 | WorstLoss 0.0356
[Tracker] Ep  184 | AvgR 0.0003 | Global 0.6195 | Local 0.1192 | F1_macro 0.9979 | WorstLoss 0.0272
[Tracker] Ep  185 | AvgR 0.0003 | Global 0.6120 | Local 0.1192 | F1_macro 0.9979 | WorstLoss 0.0303
[Tracker] Saved snapshot: ep0185_phase1_class1
[Tracker] Ep  186 | AvgR 0.0003 | Global 0.6343 | Local 0.1192 | F1_macro 1.0000 | WorstLoss 0.0208
[Tracker] Ep  187 | AvgR 0.0003 | Global 0.6202 | Local 0.1192 | F1_macro 0.9979 | WorstLoss 0.0269
[Tracker] Ep  188 | AvgR 0.0003 | Global 0.5783 | Local 0.1192 | F1_macro 0.9979 | WorstLoss 0.0443
[Tracker] Ep  189 | AvgR 0.0003 | Global 0.6188 | Local 0.1192 | F1_macro 0.9979 | WorstLoss 0.0275
[Tracker] Ep  190 | AvgR 0.0003 | Global 0.6336 | Local 0.1192 | F1_macro 1.0000 | WorstLoss 0.0211
[Tracker] Saved snapshot: ep0190_phase1_class1
[Tracker] Ep  191 | AvgR 0.0003 | Global 0.6407 | Local 0.1192 | F1_macro 1.0000 | WorstLoss 0.0181
[Tracker] Ep  192 | AvgR 0.0003 | Global 0.5982 | Local 0.1192 | F1_macro 0.9958 | WorstLoss 0.0361
[Tracker] Ep  193 | AvgR 0.0003 | Global 0.6373 | Local 0.1192 | F1_macro 1.0000 | WorstLoss 0.0195
[Tracker] Ep  194 | AvgR 0.0003 | Global 0.6448 | Local 0.1192 | F1_macro 0.9979 | WorstLoss 0.0163
[Tracker] Ep  195 | AvgR 0.0003 | Global 0.5975 | Local 0.1192 | F1_macro 0.9979 | WorstLoss 0.0364
[Tracker] Saved snapshot: ep0195_phase1_class1
[Tracker] Ep  196 | AvgR 0.0003 | Global 0.6480 | Local 0.1192 | F1_macro 1.0000 | WorstLoss 0.0149
[Tracker] Ep  197 | AvgR 0.0003 | Global 0.6368 | Local 0.1192 | F1_macro 1.0000 | WorstLoss 0.0197
[Tracker] Ep  198 | AvgR 0.0003 | Global 0.5368 | Local 0.1192 | F1_macro 0.9958 | WorstLoss 0.0612
[Tracker] Ep  199 | AvgR 0.0003 | Global 0.6354 | Local 0.1192 | F1_macro 1.0000 | WorstLoss 0.0203
[Tracker] Ep  200 | AvgR 0.0003 | Global 0.6531 | Local 0.1192 | F1_macro 1.0000 | WorstLoss 0.0126
[Tracker] Saved snapshot: ep0200_phase1_class1
[Tracker] Ep  201 | AvgR 0.0003 | Global 0.6168 | Local 0.1192 | F1_macro 0.9979 | WorstLoss 0.0283
[Tracker] Ep  202 | AvgR 0.0003 | Global 0.6423 | Local 0.1192 | F1_macro 0.9979 | WorstLoss 0.0174
[Tracker] Ep  203 | AvgR 0.0003 | Global 0.6290 | Local 0.1192 | F1_macro 1.0000 | WorstLoss 0.0231
[Tracker] Ep  204 | AvgR 0.0003 | Global 0.6367 | Local 0.1192 | F1_macro 1.0000 | WorstLoss 0.0198
[Tracker] Ep  205 | AvgR 0.0003 | Global 0.6042 | Local 0.1192 | F1_macro 0.9979 | WorstLoss 0.0336
[Tracker] Saved snapshot: ep0205_phase1_class1
[Tracker] Ep  206 | AvgR 0.0003 | Global 0.6007 | Local 0.1192 | F1_macro 0.9979 | WorstLoss 0.0351
[Tracker] Ep  207 | AvgR 0.0003 | Global 0.6160 | Local 0.1192 | F1_macro 0.9979 | WorstLoss 0.0286
[Tracker] Ep  208 | AvgR 0.0003 | Global 0.6129 | Local 0.1192 | F1_macro 0.9979 | WorstLoss 0.0300
[Tracker] Ep  209 | AvgR 0.0003 | Global 0.6271 | Local 0.1192 | F1_macro 0.9979 | WorstLoss 0.0239
[Tracker] Ep  210 | AvgR 0.0003 | Global 0.6279 | Local 0.1192 | F1_macro 1.0000 | WorstLoss 0.0236
[Tracker] Saved snapshot: ep0210_phase1_class1
[Tracker] Ep  211 | AvgR 0.0003 | Global 0.6451 | Local 0.1192 | F1_macro 1.0000 | WorstLoss 0.0161
[Tracker] Ep  212 | AvgR 0.0003 | Global 0.6266 | Local 0.1192 | F1_macro 0.9979 | WorstLoss 0.0241
[Tracker] Ep  213 | AvgR 0.0003 | Global 0.6088 | Local 0.1192 | F1_macro 0.9979 | WorstLoss 0.0317
[Tracker] Ep  214 | AvgR 0.0003 | Global 0.6345 | Local 0.1192 | F1_macro 1.0000 | WorstLoss 0.0208
[Tracker] Ep  215 | AvgR 0.0003 | Global 0.6392 | Local 0.1192 | F1_macro 0.9979 | WorstLoss 0.0187
[Tracker] Saved snapshot: ep0215_phase1_class1
[Tracker] Ep  216 | AvgR 0.0003 | Global 0.6117 | Local 0.1192 | F1_macro 0.9979 | WorstLoss 0.0305
[Tracker] Ep  217 | AvgR 0.0003 | Global 0.6035 | Local 0.1192 | F1_macro 0.9979 | WorstLoss 0.0339
[Tracker] Ep  218 | AvgR 0.0003 | Global 0.6220 | Local 0.1192 | F1_macro 0.9979 | WorstLoss 0.0261
[Tracker] Ep  219 | AvgR 0.0003 | Global 0.6316 | Local 0.1192 | F1_macro 0.9979 | WorstLoss 0.0220
[Tracker] Ep  220 | AvgR 0.0003 | Global 0.6648 | Local 0.1192 | F1_macro 1.0000 | WorstLoss 0.0074
[Tracker] Saved snapshot: ep0220_phase1_class1
[Tracker] New BEST synthetic [phase1_class1] (by global.global_obj: 0.664763) saved.
[Tracker] BEST β weights [phase1_class1] saved -> training_runs/SPECp1_har_nobias_global_5s_EP800_PCA10_REWfairness_minID5_majID24_TRJ2000_GG202603241204_8b91bc47/seed_0/best_beta_state_dict_phase1_class1.pt
[Tracker] Ep  221 | AvgR 0.0003 | Global 0.6382 | Local 0.1192 | F1_macro 1.0000 | WorstLoss 0.0192
[Tracker] Ep  222 | AvgR 0.0003 | Global 0.6465 | Local 0.1192 | F1_macro 0.9979 | WorstLoss 0.0155
[Tracker] Ep  223 | AvgR 0.0003 | Global 0.6231 | Local 0.1192 | F1_macro 1.0000 | WorstLoss 0.0256
[Tracker] Ep  224 | AvgR 0.0003 | Global 0.6311 | Local 0.1192 | F1_macro 1.0000 | WorstLoss 0.0222
[Tracker] Ep  225 | AvgR 0.0003 | Global 0.6350 | Local 0.1192 | F1_macro 1.0000 | WorstLoss 0.0205
[Tracker] Saved snapshot: ep0225_phase1_class1
[Tracker] Ep  226 | AvgR 0.0003 | Global 0.6437 | Local 0.1192 | F1_macro 1.0000 | WorstLoss 0.0168
[Tracker] Ep  227 | AvgR 0.0003 | Global 0.6481 | Local 0.1192 | F1_macro 1.0000 | WorstLoss 0.0148
[Tracker] Ep  228 | AvgR 0.0003 | Global 0.5789 | Local 0.1192 | F1_macro 0.9958 | WorstLoss 0.0441
[Tracker] Ep  229 | AvgR 0.0003 | Global 0.6438 | Local 0.1192 | F1_macro 1.0000 | WorstLoss 0.0167
[Tracker] Ep  230 | AvgR 0.0003 | Global 0.6512 | Local 0.1192 | F1_macro 1.0000 | WorstLoss 0.0135
[Tracker] Saved snapshot: ep0230_phase1_class1
[Tracker] Ep  231 | AvgR 0.0003 | Global 0.6330 | Local 0.1192 | F1_macro 0.9979 | WorstLoss 0.0214
[Tracker] Ep  232 | AvgR 0.0003 | Global 0.6526 | Local 0.1192 | F1_macro 1.0000 | WorstLoss 0.0128
[Tracker] Ep  233 | AvgR 0.0003 | Global 0.6231 | Local 0.1192 | F1_macro 1.0000 | WorstLoss 0.0256
[Tracker] Ep  234 | AvgR 0.0003 | Global 0.6183 | Local 0.1192 | F1_macro 0.9979 | WorstLoss 0.0277
[Tracker] Ep  235 | AvgR 0.0003 | Global 0.6326 | Local 0.1192 | F1_macro 1.0000 | WorstLoss 0.0216
[Tracker] Saved snapshot: ep0235_phase1_class1
[Tracker] Ep  236 | AvgR 0.0003 | Global 0.6123 | Local 0.1192 | F1_macro 1.0000 | WorstLoss 0.0302
[Tracker] Ep  237 | AvgR 0.0003 | Global 0.5370 | Local 0.1192 | F1_macro 0.9958 | WorstLoss 0.0611
[Tracker] Ep  238 | AvgR 0.0003 | Global 0.6368 | Local 0.1192 | F1_macro 1.0000 | WorstLoss 0.0198
[Tracker] Ep  239 | AvgR 0.0003 | Global 0.6245 | Local 0.1192 | F1_macro 0.9979 | WorstLoss 0.0250
[Tracker] Ep  240 | AvgR 0.0003 | Global 0.6408 | Local 0.1192 | F1_macro 1.0000 | WorstLoss 0.0180
[Tracker] Saved snapshot: ep0240_phase1_class1
[Tracker] Ep  241 | AvgR 0.0003 | Global 0.6450 | Local 0.1192 | F1_macro 1.0000 | WorstLoss 0.0162
[Tracker] Ep  242 | AvgR 0.0003 | Global 0.6569 | Local 0.1192 | F1_macro 1.0000 | WorstLoss 0.0109
[Tracker] Ep  243 | AvgR 0.0003 | Global 0.6104 | Local 0.1192 | F1_macro 1.0000 | WorstLoss 0.0310
[Tracker] Ep  244 | AvgR 0.0003 | Global 0.6582 | Local 0.1192 | F1_macro 1.0000 | WorstLoss 0.0104
[Tracker] Ep  245 | AvgR 0.0003 | Global 0.6305 | Local 0.1192 | F1_macro 0.9958 | WorstLoss 0.0225
[Tracker] Saved snapshot: ep0245_phase1_class1
[Tracker] Ep  246 | AvgR 0.0003 | Global 0.6284 | Local 0.1192 | F1_macro 0.9979 | WorstLoss 0.0234
[Tracker] Ep  247 | AvgR 0.0003 | Global 0.6445 | Local 0.1192 | F1_macro 1.0000 | WorstLoss 0.0164
[Tracker] Ep  248 | AvgR 0.0003 | Global 0.5664 | Local 0.1192 | F1_macro 0.9979 | WorstLoss 0.0492
[Tracker] Ep  249 | AvgR 0.0003 | Global 0.6247 | Local 0.1192 | F1_macro 0.9979 | WorstLoss 0.0250
[Tracker] Ep  250 | AvgR 0.0003 | Global 0.6320 | Local 0.1192 | F1_macro 1.0000 | WorstLoss 0.0218
[Tracker] Saved snapshot: ep0250_phase1_class1
[Tracker] Ep  251 | AvgR 0.0003 | Global 0.5730 | Local 0.1192 | F1_macro 0.9979 | WorstLoss 0.0465
[Tracker] Ep  252 | AvgR 0.0003 | Global 0.6520 | Local 0.1192 | F1_macro 1.0000 | WorstLoss 0.0131
[Tracker] Ep  253 | AvgR 0.0003 | Global 0.6326 | Local 0.1192 | F1_macro 1.0000 | WorstLoss 0.0215
[Tracker] Ep  254 | AvgR 0.0003 | Global 0.5921 | Local 0.1192 | F1_macro 0.9958 | WorstLoss 0.0387
[Tracker] Ep  255 | AvgR 0.0003 | Global 0.6321 | Local 0.1192 | F1_macro 0.9979 | WorstLoss 0.0218
[Tracker] Saved snapshot: ep0255_phase1_class1
[Tracker] Ep  256 | AvgR 0.0003 | Global 0.6410 | Local 0.1192 | F1_macro 1.0000 | WorstLoss 0.0179
[Tracker] Ep  257 | AvgR 0.0002 | Global 0.4743 | Local 0.1192 | F1_macro 0.9958 | WorstLoss 0.0862
[Tracker] Ep  258 | AvgR 0.0003 | Global 0.6020 | Local 0.1192 | F1_macro 0.9979 | WorstLoss 0.0345
[Tracker] Ep  259 | AvgR 0.0003 | Global 0.6263 | Local 0.1192 | F1_macro 1.0000 | WorstLoss 0.0243
[Tracker] Ep  260 | AvgR 0.0003 | Global 0.6457 | Local 0.1192 | F1_macro 0.9979 | WorstLoss 0.0159
[Tracker] Saved snapshot: ep0260_phase1_class1
[Tracker] Ep  261 | AvgR 0.0003 | Global 0.6238 | Local 0.1192 | F1_macro 0.9958 | WorstLoss 0.0253
[Tracker] Ep  262 | AvgR 0.0003 | Global 0.6273 | Local 0.1192 | F1_macro 0.9979 | WorstLoss 0.0238
[Tracker] Ep  263 | AvgR 0.0003 | Global 0.6080 | Local 0.1192 | F1_macro 0.9979 | WorstLoss 0.0320
[Tracker] Ep  264 | AvgR 0.0003 | Global 0.5942 | Local 0.1192 | F1_macro 0.9979 | WorstLoss 0.0378
[Tracker] Ep  265 | AvgR 0.0003 | Global 0.6523 | Local 0.1192 | F1_macro 1.0000 | WorstLoss 0.0130
[Tracker] Saved snapshot: ep0265_phase1_class1
[Tracker] Ep  266 | AvgR 0.0003 | Global 0.5644 | Local 0.1192 | F1_macro 0.9958 | WorstLoss 0.0500
[Tracker] Ep  267 | AvgR 0.0003 | Global 0.6447 | Local 0.1192 | F1_macro 1.0000 | WorstLoss 0.0163
[Tracker] Ep  268 | AvgR 0.0002 | Global 0.3336 | Local 0.1192 | F1_macro 0.9915 | WorstLoss 0.1451
[Tracker] Ep  269 | AvgR 0.0003 | Global 0.5588 | Local 0.1192 | F1_macro 0.9958 | WorstLoss 0.0523
[Tracker] Ep  270 | AvgR 0.0003 | Global 0.6102 | Local 0.1192 | F1_macro 0.9979 | WorstLoss 0.0311
[Tracker] Saved snapshot: ep0270_phase1_class1
[Tracker] Ep  271 | AvgR 0.0003 | Global 0.5750 | Local 0.1192 | F1_macro 0.9979 | WorstLoss 0.0457
[Tracker] Ep  272 | AvgR 0.0003 | Global 0.5947 | Local 0.1192 | F1_macro 0.9979 | WorstLoss 0.0376
[Tracker] Ep  273 | AvgR 0.0003 | Global 0.5579 | Local 0.1192 | F1_macro 0.9958 | WorstLoss 0.0527
[Tracker] Ep  274 | AvgR 0.0003 | Global 0.6461 | Local 0.1192 | F1_macro 1.0000 | WorstLoss 0.0157
[Tracker] Ep  275 | AvgR 0.0002 | Global 0.4930 | Local 0.1192 | F1_macro 0.9979 | WorstLoss 0.0787
[Tracker] Saved snapshot: ep0275_phase1_class1
[Tracker] Ep  276 | AvgR 0.0003 | Global 0.5939 | Local 0.1192 | F1_macro 0.9979 | WorstLoss 0.0379
[Tracker] Ep  277 | AvgR 0.0003 | Global 0.5194 | Local 0.1192 | F1_macro 0.9915 | WorstLoss 0.0681
[Tracker] Ep  278 | AvgR 0.0003 | Global 0.5055 | Local 0.1192 | F1_macro 0.9958 | WorstLoss 0.0737
[Tracker] Ep  279 | AvgR 0.0003 | Global 0.6525 | Local 0.1192 | F1_macro 0.9979 | WorstLoss 0.0129
[Tracker] Ep  280 | AvgR 0.0003 | Global 0.6277 | Local 0.1192 | F1_macro 0.9979 | WorstLoss 0.0237
[Tracker] Saved snapshot: ep0280_phase1_class1
[Tracker] Ep  281 | AvgR 0.0003 | Global 0.6068 | Local 0.1192 | F1_macro 0.9979 | WorstLoss 0.0325
[Tracker] Ep  282 | AvgR 0.0003 | Global 0.5659 | Local 0.1192 | F1_macro 0.9958 | WorstLoss 0.0494
[Tracker] Ep  283 | AvgR 0.0003 | Global 0.6332 | Local 0.1192 | F1_macro 0.9979 | WorstLoss 0.0213
[Tracker] Ep  284 | AvgR 0.0003 | Global 0.6433 | Local 0.1192 | F1_macro 0.9979 | WorstLoss 0.0169
[Tracker] Ep  285 | AvgR 0.0003 | Global 0.6116 | Local 0.1192 | F1_macro 1.0000 | WorstLoss 0.0305
[Tracker] Saved snapshot: ep0285_phase1_class1
[Tracker] Ep  286 | AvgR 0.0003 | Global 0.6158 | Local 0.1192 | F1_macro 0.9979 | WorstLoss 0.0287
[Tracker] Ep  287 | AvgR 0.0003 | Global 0.6221 | Local 0.1192 | F1_macro 0.9979 | WorstLoss 0.0261
[Tracker] Ep  288 | AvgR 0.0003 | Global 0.5314 | Local 0.1192 | F1_macro 0.9936 | WorstLoss 0.0633
[Tracker] Ep  289 | AvgR 0.0003 | Global 0.6197 | Local 0.1192 | F1_macro 1.0000 | WorstLoss 0.0271
[Tracker] Ep  290 | AvgR 0.0003 | Global 0.5665 | Local 0.1192 | F1_macro 0.9936 | WorstLoss 0.0491
[Tracker] Saved snapshot: ep0290_phase1_class1
[Tracker] Ep  291 | AvgR 0.0003 | Global 0.6166 | Local 0.1192 | F1_macro 0.9979 | WorstLoss 0.0284
[Tracker] Ep  292 | AvgR 0.0003 | Global 0.5687 | Local 0.1192 | F1_macro 0.9958 | WorstLoss 0.0483
[Tracker] Ep  293 | AvgR 0.0003 | Global 0.6387 | Local 0.1192 | F1_macro 1.0000 | WorstLoss 0.0190
[Tracker] Ep  294 | AvgR 0.0003 | Global 0.6523 | Local 0.1192 | F1_macro 0.9979 | WorstLoss 0.0130
[Tracker] Ep  295 | AvgR 0.0003 | Global 0.5964 | Local 0.1192 | F1_macro 0.9958 | WorstLoss 0.0369
[Tracker] Saved snapshot: ep0295_phase1_class1
[Tracker] Ep  296 | AvgR 0.0003 | Global 0.6347 | Local 0.1192 | F1_macro 0.9958 | WorstLoss 0.0207
[Tracker] Ep  297 | AvgR 0.0003 | Global 0.6507 | Local 0.1192 | F1_macro 1.0000 | WorstLoss 0.0137
[Tracker] Ep  298 | AvgR 0.0002 | Global 0.4880 | Local 0.1192 | F1_macro 0.9894 | WorstLoss 0.0807
[Tracker] Ep  299 | AvgR 0.0003 | Global 0.6408 | Local 0.1192 | F1_macro 0.9979 | WorstLoss 0.0180
[Tracker] Ep  300 | AvgR 0.0003 | Global 0.6309 | Local 0.1192 | F1_macro 0.9979 | WorstLoss 0.0223
[Tracker] Saved snapshot: ep0300_phase1_class1
[Tracker] Ep  301 | AvgR 0.0003 | Global 0.5440 | Local 0.1192 | F1_macro 0.9915 | WorstLoss 0.0582
[Tracker] Ep  302 | AvgR 0.0003 | Global 0.6218 | Local 0.1192 | F1_macro 1.0000 | WorstLoss 0.0262
[Tracker] Ep  303 | AvgR 0.0003 | Global 0.6386 | Local 0.1192 | F1_macro 1.0000 | WorstLoss 0.0190
[Tracker] Ep  304 | AvgR 0.0002 | Global 0.4598 | Local 0.1192 | F1_macro 0.9915 | WorstLoss 0.0919
[Tracker] Ep  305 | AvgR 0.0003 | Global 0.6076 | Local 0.1192 | F1_macro 0.9979 | WorstLoss 0.0322
[Tracker] Saved snapshot: ep0305_phase1_class1
[Tracker] Ep  306 | AvgR 0.0003 | Global 0.6464 | Local 0.1192 | F1_macro 1.0000 | WorstLoss 0.0156
[Tracker] Ep  307 | AvgR 0.0003 | Global 0.5359 | Local 0.1192 | F1_macro 0.9915 | WorstLoss 0.0615
[Tracker] Ep  308 | AvgR 0.0003 | Global 0.6284 | Local 0.1192 | F1_macro 0.9979 | WorstLoss 0.0233
[Tracker] Ep  309 | AvgR 0.0003 | Global 0.6249 | Local 0.1192 | F1_macro 0.9979 | WorstLoss 0.0249
[Tracker] Ep  310 | AvgR 0.0003 | Global 0.5518 | Local 0.1192 | F1_macro 0.9958 | WorstLoss 0.0551
[Tracker] Saved snapshot: ep0310_phase1_class1
[Tracker] Ep  311 | AvgR 0.0002 | Global 0.3872 | Local 0.1192 | F1_macro 0.9872 | WorstLoss 0.1218
[Tracker] Ep  312 | AvgR 0.0003 | Global 0.6390 | Local 0.1192 | F1_macro 0.9979 | WorstLoss 0.0188
[Tracker] Ep  313 | AvgR 0.0003 | Global 0.6483 | Local 0.1192 | F1_macro 1.0000 | WorstLoss 0.0147
[Tracker] Ep  314 | AvgR 0.0003 | Global 0.6125 | Local 0.1192 | F1_macro 0.9979 | WorstLoss 0.0301
[Tracker] Ep  315 | AvgR 0.0003 | Global 0.6014 | Local 0.1192 | F1_macro 0.9936 | WorstLoss 0.0348
[Tracker] Saved snapshot: ep0315_phase1_class1
[Tracker] Ep  316 | AvgR 0.0003 | Global 0.5709 | Local 0.1192 | F1_macro 0.9936 | WorstLoss 0.0473
[Tracker] Ep  317 | AvgR 0.0003 | Global 0.6418 | Local 0.1192 | F1_macro 0.9979 | WorstLoss 0.0176
[Tracker] Ep  318 | AvgR 0.0003 | Global 0.6184 | Local 0.1192 | F1_macro 0.9958 | WorstLoss 0.0276
[Tracker] Ep  319 | AvgR 0.0003 | Global 0.6419 | Local 0.1192 | F1_macro 1.0000 | WorstLoss 0.0176
[Tracker] Ep  320 | AvgR 0.0003 | Global 0.5781 | Local 0.1192 | F1_macro 0.9958 | WorstLoss 0.0444
[Tracker] Saved snapshot: ep0320_phase1_class1
[Tracker] Ep  321 | AvgR 0.0003 | Global 0.6258 | Local 0.1192 | F1_macro 1.0000 | WorstLoss 0.0245
[Tracker] Ep  322 | AvgR 0.0003 | Global 0.6444 | Local 0.1192 | F1_macro 1.0000 | WorstLoss 0.0165
[Tracker] Ep  323 | AvgR 0.0003 | Global 0.5444 | Local 0.1192 | F1_macro 0.9979 | WorstLoss 0.0581
[Tracker] Ep  324 | AvgR 0.0003 | Global 0.5694 | Local 0.1192 | F1_macro 0.9958 | WorstLoss 0.0479
[Tracker] Ep  325 | AvgR 0.0003 | Global 0.6109 | Local 0.1192 | F1_macro 0.9979 | WorstLoss 0.0308
[Tracker] Saved snapshot: ep0325_phase1_class1
[Tracker] Ep  326 | AvgR 0.0003 | Global 0.6459 | Local 0.1192 | F1_macro 1.0000 | WorstLoss 0.0158
[Tracker] Ep  327 | AvgR 0.0003 | Global 0.6422 | Local 0.1192 | F1_macro 1.0000 | WorstLoss 0.0174
[Tracker] Ep  328 | AvgR 0.0002 | Global 0.4479 | Local 0.1192 | F1_macro 0.9936 | WorstLoss 0.0968
[Tracker] Ep  329 | AvgR 0.0003 | Global 0.6237 | Local 0.1192 | F1_macro 0.9979 | WorstLoss 0.0254
[Tracker] Ep  330 | AvgR 0.0002 | Global 0.4728 | Local 0.1192 | F1_macro 0.9979 | WorstLoss 0.0868
[Tracker] Saved snapshot: ep0330_phase1_class1
[Tracker] Ep  331 | AvgR 0.0003 | Global 0.6210 | Local 0.1192 | F1_macro 0.9936 | WorstLoss 0.0265
[Tracker] Ep  332 | AvgR 0.0003 | Global 0.6380 | Local 0.1192 | F1_macro 1.0000 | WorstLoss 0.0193
[Tracker] Ep  333 | AvgR 0.0002 | Global 0.4900 | Local 0.1192 | F1_macro 0.9958 | WorstLoss 0.0799
[Tracker] Ep  334 | AvgR 0.0003 | Global 0.6078 | Local 0.1192 | F1_macro 0.9979 | WorstLoss 0.0321
[Tracker] Ep  335 | AvgR 0.0003 | Global 0.6314 | Local 0.1192 | F1_macro 0.9979 | WorstLoss 0.0221
[Tracker] Saved snapshot: ep0335_phase1_class1
[Tracker] Ep  336 | AvgR 0.0003 | Global 0.6429 | Local 0.1192 | F1_macro 0.9979 | WorstLoss 0.0171
[Tracker] Ep  337 | AvgR 0.0003 | Global 0.5332 | Local 0.1192 | F1_macro 0.9958 | WorstLoss 0.0626
[Tracker] Ep  338 | AvgR 0.0003 | Global 0.5107 | Local 0.1192 | F1_macro 0.9872 | WorstLoss 0.0716
[Tracker] Ep  339 | AvgR 0.0003 | Global 0.5435 | Local 0.1192 | F1_macro 0.9915 | WorstLoss 0.0585
[Tracker] Ep  340 | AvgR 0.0003 | Global 0.6535 | Local 0.1192 | F1_macro 1.0000 | WorstLoss 0.0124
[Tracker] Saved snapshot: ep0340_phase1_class1
[Tracker] Ep  341 | AvgR 0.0002 | Global 0.3185 | Local 0.1192 | F1_macro 0.9915 | WorstLoss 0.1520
[Tracker] Ep  342 | AvgR 0.0002 | Global 0.4078 | Local 0.1192 | F1_macro 0.9936 | WorstLoss 0.1132
[Tracker] Ep  343 | AvgR 0.0003 | Global 0.6200 | Local 0.1192 | F1_macro 1.0000 | WorstLoss 0.0269
[Tracker] Ep  344 | AvgR 0.0003 | Global 0.6487 | Local 0.1192 | F1_macro 1.0000 | WorstLoss 0.0146
[Tracker] Ep  345 | AvgR 0.0003 | Global 0.6159 | Local 0.1192 | F1_macro 0.9979 | WorstLoss 0.0287
[Tracker] Saved snapshot: ep0345_phase1_class1
[Tracker] Ep  346 | AvgR 0.0003 | Global 0.6297 | Local 0.1192 | F1_macro 0.9979 | WorstLoss 0.0228
[Tracker] Ep  347 | AvgR 0.0003 | Global 0.5970 | Local 0.1192 | F1_macro 0.9979 | WorstLoss 0.0366
[Tracker] Ep  348 | AvgR 0.0002 | Global 0.4031 | Local 0.1192 | F1_macro 0.9872 | WorstLoss 0.1151
[Tracker] Ep  349 | AvgR 0.0003 | Global 0.5403 | Local 0.1192 | F1_macro 0.9958 | WorstLoss 0.0598
[Tracker] Ep  350 | AvgR 0.0003 | Global 0.5883 | Local 0.1192 | F1_macro 0.9958 | WorstLoss 0.0402
[Tracker] Saved snapshot: ep0350_phase1_class1
[Tracker] Ep  351 | AvgR 0.0003 | Global 0.5466 | Local 0.1192 | F1_macro 0.9979 | WorstLoss 0.0572
[Tracker] Ep  352 | AvgR 0.0003 | Global 0.5977 | Local 0.1192 | F1_macro 0.9979 | WorstLoss 0.0363
[Tracker] Ep  353 | AvgR 0.0003 | Global 0.6215 | Local 0.1192 | F1_macro 0.9979 | WorstLoss 0.0263
[Tracker] Ep  354 | AvgR 0.0003 | Global 0.5731 | Local 0.1192 | F1_macro 1.0000 | WorstLoss 0.0465
[Tracker] Ep  355 | AvgR 0.0003 | Global 0.5849 | Local 0.1192 | F1_macro 0.9936 | WorstLoss 0.0416
[Tracker] Saved snapshot: ep0355_phase1_class1
[Tracker] Ep  356 | AvgR 0.0003 | Global 0.6126 | Local 0.1192 | F1_macro 1.0000 | WorstLoss 0.0301
[Tracker] Ep  357 | AvgR 0.0003 | Global 0.6435 | Local 0.1192 | F1_macro 1.0000 | WorstLoss 0.0168
[Tracker] Ep  358 | AvgR 0.0003 | Global 0.5462 | Local 0.1192 | F1_macro 0.9979 | WorstLoss 0.0574
[Tracker] Ep  359 | AvgR 0.0003 | Global 0.5932 | Local 0.1192 | F1_macro 0.9979 | WorstLoss 0.0382
[Tracker] Ep  360 | AvgR 0.0003 | Global 0.5841 | Local 0.1192 | F1_macro 0.9958 | WorstLoss 0.0419
[Tracker] Saved snapshot: ep0360_phase1_class1
[Tracker] Ep  361 | AvgR 0.0003 | Global 0.6081 | Local 0.1192 | F1_macro 0.9979 | WorstLoss 0.0320
[Tracker] Ep  362 | AvgR 0.0003 | Global 0.6332 | Local 0.1192 | F1_macro 0.9979 | WorstLoss 0.0213
[Tracker] Ep  363 | AvgR 0.0003 | Global 0.6060 | Local 0.1192 | F1_macro 0.9958 | WorstLoss 0.0329
[Tracker] Ep  364 | AvgR 0.0003 | Global 0.6141 | Local 0.1192 | F1_macro 1.0000 | WorstLoss 0.0295
[Tracker] Ep  365 | AvgR 0.0003 | Global 0.6417 | Local 0.1192 | F1_macro 0.9979 | WorstLoss 0.0176
[Tracker] Saved snapshot: ep0365_phase1_class1
[Tracker] Ep  366 | AvgR 0.0003 | Global 0.6333 | Local 0.1192 | F1_macro 0.9979 | WorstLoss 0.0213
[Tracker] Ep  367 | AvgR 0.0003 | Global 0.6013 | Local 0.1192 | F1_macro 0.9979 | WorstLoss 0.0348
[Tracker] Ep  368 | AvgR 0.0003 | Global 0.5823 | Local 0.1192 | F1_macro 0.9958 | WorstLoss 0.0427
[Tracker] Ep  369 | AvgR 0.0003 | Global 0.6308 | Local 0.1192 | F1_macro 1.0000 | WorstLoss 0.0224
[Tracker] Ep  370 | AvgR 0.0003 | Global 0.5896 | Local 0.1192 | F1_macro 0.9979 | WorstLoss 0.0397
[Tracker] Saved snapshot: ep0370_phase1_class1
[Tracker] Ep  371 | AvgR 0.0003 | Global 0.6111 | Local 0.1192 | F1_macro 0.9979 | WorstLoss 0.0307
[Tracker] Ep  372 | AvgR 0.0003 | Global 0.6616 | Local 0.1192 | F1_macro 1.0000 | WorstLoss 0.0089
[Tracker] Ep  373 | AvgR 0.0003 | Global 0.6305 | Local 0.1192 | F1_macro 1.0000 | WorstLoss 0.0225
[Tracker] Ep  374 | AvgR 0.0003 | Global 0.6268 | Local 0.1192 | F1_macro 0.9958 | WorstLoss 0.0241
[Tracker] Ep  375 | AvgR 0.0003 | Global 0.6428 | Local 0.1192 | F1_macro 1.0000 | WorstLoss 0.0171
[Tracker] Saved snapshot: ep0375_phase1_class1
[Tracker] Ep  376 | AvgR 0.0003 | Global 0.6361 | Local 0.1192 | F1_macro 0.9979 | WorstLoss 0.0201
[Tracker] Ep  377 | AvgR 0.0002 | Global 0.4582 | Local 0.1192 | F1_macro 0.9958 | WorstLoss 0.0926
[Tracker] Ep  378 | AvgR 0.0003 | Global 0.6421 | Local 0.1192 | F1_macro 1.0000 | WorstLoss 0.0175
[Tracker] Ep  379 | AvgR 0.0003 | Global 0.6418 | Local 0.1192 | F1_macro 1.0000 | WorstLoss 0.0176
[Tracker] Ep  380 | AvgR 0.0003 | Global 0.6043 | Local 0.1192 | F1_macro 0.9979 | WorstLoss 0.0335
[Tracker] Saved snapshot: ep0380_phase1_class1
[Tracker] Ep  381 | AvgR 0.0003 | Global 0.6438 | Local 0.1192 | F1_macro 0.9979 | WorstLoss 0.0167
[Tracker] Ep  382 | AvgR 0.0003 | Global 0.5628 | Local 0.1192 | F1_macro 0.9979 | WorstLoss 0.0506
[Tracker] Ep  383 | AvgR 0.0003 | Global 0.6002 | Local 0.1192 | F1_macro 0.9979 | WorstLoss 0.0353
[Tracker] Ep  384 | AvgR 0.0003 | Global 0.5763 | Local 0.1192 | F1_macro 0.9979 | WorstLoss 0.0452
[Tracker] Ep  385 | AvgR 0.0003 | Global 0.5747 | Local 0.1192 | F1_macro 0.9936 | WorstLoss 0.0458
[Tracker] Saved snapshot: ep0385_phase1_class1
[Tracker] Ep  386 | AvgR 0.0003 | Global 0.6209 | Local 0.1192 | F1_macro 0.9979 | WorstLoss 0.0266
[Tracker] Ep  387 | AvgR 0.0002 | Global 0.4914 | Local 0.1192 | F1_macro 0.9915 | WorstLoss 0.0793
[Tracker] Ep  388 | AvgR 0.0003 | Global 0.6205 | Local 0.1192 | F1_macro 1.0000 | WorstLoss 0.0267
[Tracker] Ep  389 | AvgR 0.0003 | Global 0.5624 | Local 0.1192 | F1_macro 0.9979 | WorstLoss 0.0508
[Tracker] Ep  390 | AvgR 0.0002 | Global 0.4597 | Local 0.1192 | F1_macro 0.9936 | WorstLoss 0.0921
[Tracker] Saved snapshot: ep0390_phase1_class1
[Tracker] Ep  391 | AvgR 0.0002 | Global 0.4819 | Local 0.1192 | F1_macro 0.9872 | WorstLoss 0.0832
[Tracker] Ep  392 | AvgR 0.0002 | Global 0.4221 | Local 0.1192 | F1_macro 0.9850 | WorstLoss 0.1073
[Tracker] Ep  393 | AvgR 0.0003 | Global 0.6042 | Local 0.1192 | F1_macro 0.9979 | WorstLoss 0.0336
[Tracker] Ep  394 | AvgR 0.0003 | Global 0.5722 | Local 0.1192 | F1_macro 0.9979 | WorstLoss 0.0468
[Tracker] Ep  395 | AvgR 0.0003 | Global 0.5164 | Local 0.1192 | F1_macro 0.9979 | WorstLoss 0.0693
[Tracker] Saved snapshot: ep0395_phase1_class1
[Tracker] Ep  396 | AvgR 0.0003 | Global 0.5504 | Local 0.1192 | F1_macro 0.9958 | WorstLoss 0.0557
[Tracker] Ep  397 | AvgR 0.0003 | Global 0.5955 | Local 0.1192 | F1_macro 0.9936 | WorstLoss 0.0372
[Tracker] Ep  398 | AvgR 0.0002 | Global 0.4645 | Local 0.1192 | F1_macro 0.9958 | WorstLoss 0.0901
[Tracker] Ep  399 | AvgR 0.0003 | Global 0.5816 | Local 0.1192 | F1_macro 0.9958 | WorstLoss 0.0430
[Tracker] Ep  400 | AvgR 0.0003 | Global 0.5903 | Local 0.1192 | F1_macro 1.0000 | WorstLoss 0.0394
[Tracker] Saved snapshot: ep0400_phase1_class1
[Tracker] Ep  401 | AvgR 0.0003 | Global 0.5037 | Local 0.1192 | F1_macro 0.9936 | WorstLoss 0.0744
[Tracker] Ep  402 | AvgR 0.0003 | Global 0.6547 | Local 0.1192 | F1_macro 1.0000 | WorstLoss 0.0119
[Tracker] Ep  403 | AvgR 0.0003 | Global 0.6235 | Local 0.1192 | F1_macro 0.9979 | WorstLoss 0.0255
[Tracker] Ep  404 | AvgR 0.0003 | Global 0.5439 | Local 0.1192 | F1_macro 0.9958 | WorstLoss 0.0583
[Tracker] Ep  405 | AvgR 0.0003 | Global 0.6306 | Local 0.1192 | F1_macro 1.0000 | WorstLoss 0.0224
[Tracker] Saved snapshot: ep0405_phase1_class1
[Tracker] Ep  406 | AvgR 0.0003 | Global 0.6005 | Local 0.1192 | F1_macro 0.9979 | WorstLoss 0.0352
[Tracker] Ep  407 | AvgR 0.0002 | Global 0.4062 | Local 0.1192 | F1_macro 0.9936 | WorstLoss 0.1139
[Tracker] Ep  408 | AvgR 0.0003 | Global 0.5671 | Local 0.1192 | F1_macro 0.9915 | WorstLoss 0.0489
[Tracker] Ep  409 | AvgR 0.0003 | Global 0.5103 | Local 0.1192 | F1_macro 0.9979 | WorstLoss 0.0718
[Tracker] Ep  410 | AvgR 0.0003 | Global 0.5721 | Local 0.1192 | F1_macro 0.9958 | WorstLoss 0.0469
[Tracker] Saved snapshot: ep0410_phase1_class1
[Tracker] Ep  411 | AvgR 0.0002 | Global 0.3583 | Local 0.1192 | F1_macro 0.9936 | WorstLoss 0.1341
[Tracker] Ep  412 | AvgR 0.0003 | Global 0.5030 | Local 0.1192 | F1_macro 0.9894 | WorstLoss 0.0747
[Tracker] Ep  413 | AvgR 0.0002 | Global 0.4831 | Local 0.1192 | F1_macro 0.9894 | WorstLoss 0.0827
[Tracker] Ep  414 | AvgR 0.0003 | Global 0.6092 | Local 0.1192 | F1_macro 0.9958 | WorstLoss 0.0315
[Tracker] Ep  415 | AvgR 0.0002 | Global 0.4703 | Local 0.1192 | F1_macro 0.9894 | WorstLoss 0.0878
[Tracker] Saved snapshot: ep0415_phase1_class1
[Tracker] Ep  416 | AvgR 0.0003 | Global 0.5903 | Local 0.1192 | F1_macro 0.9958 | WorstLoss 0.0394
[Tracker] Ep  417 | AvgR 0.0003 | Global 0.6357 | Local 0.1192 | F1_macro 0.9979 | WorstLoss 0.0202
[Tracker] Ep  418 | AvgR 0.0003 | Global 0.5821 | Local 0.1192 | F1_macro 0.9958 | WorstLoss 0.0428
[Tracker] Ep  419 | AvgR 0.0002 | Global 0.3052 | Local 0.1192 | F1_macro 0.9936 | WorstLoss 0.1582
[Tracker] Ep  420 | AvgR 0.0003 | Global 0.6139 | Local 0.1192 | F1_macro 0.9958 | WorstLoss 0.0295
[Tracker] Saved snapshot: ep0420_phase1_class1
[Tracker] Ep  421 | AvgR 0.0001 | Global 0.2338 | Local 0.1192 | F1_macro 0.9850 | WorstLoss 0.1946
[Tracker] Ep  422 | AvgR 0.0003 | Global 0.6476 | Local 0.1192 | F1_macro 1.0000 | WorstLoss 0.0150
[Tracker] Ep  423 | AvgR 0.0003 | Global 0.5847 | Local 0.1192 | F1_macro 0.9979 | WorstLoss 0.0417
[Tracker] Ep  424 | AvgR 0.0003 | Global 0.6008 | Local 0.1192 | F1_macro 0.9958 | WorstLoss 0.0350
[Tracker] Ep  425 | AvgR 0.0003 | Global 0.5582 | Local 0.1192 | F1_macro 0.9936 | WorstLoss 0.0525
[Tracker] Saved snapshot: ep0425_phase1_class1
[Tracker] Ep  426 | AvgR 0.0003 | Global 0.6186 | Local 0.1192 | F1_macro 0.9979 | WorstLoss 0.0276
[Tracker] Ep  427 | AvgR 0.0002 | Global 0.4938 | Local 0.1192 | F1_macro 0.9979 | WorstLoss 0.0784
[Tracker] Ep  428 | AvgR 0.0003 | Global 0.6158 | Local 0.1192 | F1_macro 0.9979 | WorstLoss 0.0287
[Tracker] Ep  429 | AvgR 0.0003 | Global 0.5269 | Local 0.1192 | F1_macro 0.9936 | WorstLoss 0.0651
[Tracker] Ep  430 | AvgR 0.0003 | Global 0.5819 | Local 0.1192 | F1_macro 0.9979 | WorstLoss 0.0429
[Tracker] Saved snapshot: ep0430_phase1_class1
[Tracker] Ep  431 | AvgR 0.0003 | Global 0.5647 | Local 0.1192 | F1_macro 0.9958 | WorstLoss 0.0499
[Tracker] Ep  432 | AvgR 0.0003 | Global 0.5333 | Local 0.1192 | F1_macro 0.9915 | WorstLoss 0.0626
[Tracker] Ep  433 | AvgR 0.0003 | Global 0.5277 | Local 0.1192 | F1_macro 0.9958 | WorstLoss 0.0648
[Tracker] Ep  434 | AvgR 0.0003 | Global 0.5442 | Local 0.1192 | F1_macro 0.9915 | WorstLoss 0.0582
[Tracker] Ep  435 | AvgR 0.0003 | Global 0.5452 | Local 0.1192 | F1_macro 0.9936 | WorstLoss 0.0578
[Tracker] Saved snapshot: ep0435_phase1_class1
[Tracker] Ep  436 | AvgR 0.0003 | Global 0.6515 | Local 0.1192 | F1_macro 1.0000 | WorstLoss 0.0134
[Tracker] Ep  437 | AvgR 0.0003 | Global 0.5888 | Local 0.1192 | F1_macro 0.9979 | WorstLoss 0.0400
[Tracker] Ep  438 | AvgR 0.0002 | Global 0.4166 | Local 0.1192 | F1_macro 0.9958 | WorstLoss 0.1096
[Tracker] Ep  439 | AvgR 0.0003 | Global 0.6134 | Local 0.1192 | F1_macro 0.9958 | WorstLoss 0.0297
[Tracker] Ep  440 | AvgR 0.0003 | Global 0.6393 | Local 0.1192 | F1_macro 0.9979 | WorstLoss 0.0187
[Tracker] Saved snapshot: ep0440_phase1_class1
[Tracker] Ep  441 | AvgR 0.0003 | Global 0.6000 | Local 0.1192 | F1_macro 0.9958 | WorstLoss 0.0354
[Tracker] Ep  442 | AvgR 0.0003 | Global 0.5275 | Local 0.1192 | F1_macro 0.9979 | WorstLoss 0.0649
[Tracker] Ep  443 | AvgR 0.0002 | Global 0.4078 | Local 0.1192 | F1_macro 0.9850 | WorstLoss 0.1132
[Tracker] Ep  444 | AvgR 0.0003 | Global 0.5974 | Local 0.1192 | F1_macro 0.9958 | WorstLoss 0.0365
[Tracker] Ep  445 | AvgR 0.0001 | Global 0.2913 | Local 0.1192 | F1_macro 0.9936 | WorstLoss 0.1646
[Tracker] Saved snapshot: ep0445_phase1_class1
[Tracker] Ep  446 | AvgR 0.0002 | Global 0.4934 | Local 0.1192 | F1_macro 0.9915 | WorstLoss 0.0785
[Tracker] Ep  447 | AvgR 0.0002 | Global 0.4958 | Local 0.1192 | F1_macro 0.9979 | WorstLoss 0.0776
[Tracker] Ep  448 | AvgR 0.0003 | Global 0.5940 | Local 0.1192 | F1_macro 0.9979 | WorstLoss 0.0379
[Tracker] Ep  449 | AvgR 0.0002 | Global 0.4082 | Local 0.1192 | F1_macro 0.9872 | WorstLoss 0.1130
[Tracker] Ep  450 | AvgR 0.0003 | Global 0.6148 | Local 0.1192 | F1_macro 0.9958 | WorstLoss 0.0292
[Tracker] Saved snapshot: ep0450_phase1_class1
[Tracker] Ep  451 | AvgR 0.0003 | Global 0.6014 | Local 0.1192 | F1_macro 0.9979 | WorstLoss 0.0348
[Tracker] Ep  452 | AvgR 0.0003 | Global 0.6290 | Local 0.1192 | F1_macro 0.9979 | WorstLoss 0.0231
[Tracker] Ep  453 | AvgR 0.0003 | Global 0.6105 | Local 0.1192 | F1_macro 0.9958 | WorstLoss 0.0309
[Tracker] Ep  454 | AvgR 0.0003 | Global 0.5775 | Local 0.1192 | F1_macro 0.9958 | WorstLoss 0.0447
[Tracker] Ep  455 | AvgR 0.0003 | Global 0.6330 | Local 0.1192 | F1_macro 1.0000 | WorstLoss 0.0214
[Tracker] Saved snapshot: ep0455_phase1_class1
[Tracker] Ep  456 | AvgR 0.0003 | Global 0.5914 | Local 0.1192 | F1_macro 0.9915 | WorstLoss 0.0389
[Tracker] Ep  457 | AvgR 0.0003 | Global 0.6533 | Local 0.1192 | F1_macro 1.0000 | WorstLoss 0.0126
[Tracker] Ep  458 | AvgR 0.0003 | Global 0.5653 | Local 0.1192 | F1_macro 0.9915 | WorstLoss 0.0496
[Tracker] Ep  459 | AvgR 0.0003 | Global 0.6568 | Local 0.1192 | F1_macro 1.0000 | WorstLoss 0.0110
[Tracker] Ep  460 | AvgR 0.0003 | Global 0.5748 | Local 0.1192 | F1_macro 0.9979 | WorstLoss 0.0457
[Tracker] Saved snapshot: ep0460_phase1_class1
[Tracker] Ep  461 | AvgR 0.0003 | Global 0.6390 | Local 0.1192 | F1_macro 1.0000 | WorstLoss 0.0188
[Tracker] Ep  462 | AvgR 0.0003 | Global 0.5886 | Local 0.1192 | F1_macro 0.9958 | WorstLoss 0.0401
[Tracker] Ep  463 | AvgR 0.0003 | Global 0.6414 | Local 0.1192 | F1_macro 0.9958 | WorstLoss 0.0178
[Tracker] Ep  464 | AvgR 0.0003 | Global 0.6260 | Local 0.1192 | F1_macro 1.0000 | WorstLoss 0.0244
[Tracker] Ep  465 | AvgR 0.0002 | Global 0.4560 | Local 0.1192 | F1_macro 0.9936 | WorstLoss 0.0935
[Tracker] Saved snapshot: ep0465_phase1_class1
[Tracker] Ep  466 | AvgR 0.0003 | Global 0.5627 | Local 0.1192 | F1_macro 0.9979 | WorstLoss 0.0507
[Tracker] Ep  467 | AvgR 0.0003 | Global 0.6066 | Local 0.1192 | F1_macro 0.9979 | WorstLoss 0.0326
[Tracker] Ep  468 | AvgR 0.0003 | Global 0.5860 | Local 0.1192 | F1_macro 0.9979 | WorstLoss 0.0412
[Tracker] Ep  469 | AvgR 0.0003 | Global 0.6147 | Local 0.1192 | F1_macro 0.9979 | WorstLoss 0.0292
[Tracker] Ep  470 | AvgR 0.0003 | Global 0.6317 | Local 0.1192 | F1_macro 1.0000 | WorstLoss 0.0220
[Tracker] Saved snapshot: ep0470_phase1_class1
[Tracker] Ep  471 | AvgR 0.0003 | Global 0.5494 | Local 0.1192 | F1_macro 0.9936 | WorstLoss 0.0561
[Tracker] Ep  472 | AvgR 0.0003 | Global 0.6287 | Local 0.1192 | F1_macro 1.0000 | WorstLoss 0.0233
[Tracker] Ep  473 | AvgR 0.0002 | Global 0.4961 | Local 0.1192 | F1_macro 0.9958 | WorstLoss 0.0775
[Tracker] Ep  474 | AvgR 0.0003 | Global 0.6348 | Local 0.1192 | F1_macro 0.9979 | WorstLoss 0.0206
[Tracker] Ep  475 | AvgR 0.0003 | Global 0.5460 | Local 0.1192 | F1_macro 0.9958 | WorstLoss 0.0575
[Tracker] Saved snapshot: ep0475_phase1_class1
[Tracker] Ep  476 | AvgR 0.0003 | Global 0.6437 | Local 0.1192 | F1_macro 1.0000 | WorstLoss 0.0168
[Tracker] Ep  477 | AvgR 0.0002 | Global 0.4269 | Local 0.1192 | F1_macro 0.9979 | WorstLoss 0.1053
[Tracker] Ep  478 | AvgR 0.0003 | Global 0.5909 | Local 0.1192 | F1_macro 0.9936 | WorstLoss 0.0392
[Tracker] Ep  479 | AvgR 0.0003 | Global 0.6572 | Local 0.1192 | F1_macro 1.0000 | WorstLoss 0.0108
[Tracker] Ep  480 | AvgR 0.0002 | Global 0.4878 | Local 0.1192 | F1_macro 0.9958 | WorstLoss 0.0808
[Tracker] Saved snapshot: ep0480_phase1_class1
[Tracker] Ep  481 | AvgR 0.0003 | Global 0.5613 | Local 0.1192 | F1_macro 0.9958 | WorstLoss 0.0513
[Tracker] Ep  482 | AvgR 0.0003 | Global 0.6481 | Local 0.1192 | F1_macro 1.0000 | WorstLoss 0.0148
[Tracker] Ep  483 | AvgR 0.0003 | Global 0.6006 | Local 0.1192 | F1_macro 0.9979 | WorstLoss 0.0351
[Tracker] Ep  484 | AvgR 0.0003 | Global 0.6042 | Local 0.1192 | F1_macro 0.9979 | WorstLoss 0.0336
[Tracker] Ep  485 | AvgR 0.0003 | Global 0.5745 | Local 0.1192 | F1_macro 0.9936 | WorstLoss 0.0459
[Tracker] Saved snapshot: ep0485_phase1_class1
[Tracker] Ep  486 | AvgR 0.0003 | Global 0.6147 | Local 0.1192 | F1_macro 0.9979 | WorstLoss 0.0292
[Tracker] Ep  487 | AvgR 0.0003 | Global 0.6558 | Local 0.1192 | F1_macro 1.0000 | WorstLoss 0.0114
[Tracker] Ep  488 | AvgR 0.0003 | Global 0.6094 | Local 0.1192 | F1_macro 0.9958 | WorstLoss 0.0314
[Tracker] Ep  489 | AvgR 0.0003 | Global 0.6184 | Local 0.1192 | F1_macro 0.9979 | WorstLoss 0.0276
[Tracker] Ep  490 | AvgR 0.0003 | Global 0.6484 | Local 0.1192 | F1_macro 0.9979 | WorstLoss 0.0147
[Tracker] Saved snapshot: ep0490_phase1_class1
[Tracker] Ep  491 | AvgR 0.0003 | Global 0.5790 | Local 0.1192 | F1_macro 0.9979 | WorstLoss 0.0440
[Tracker] Ep  492 | AvgR 0.0003 | Global 0.6263 | Local 0.1192 | F1_macro 0.9979 | WorstLoss 0.0243
[Tracker] Ep  493 | AvgR 0.0003 | Global 0.6583 | Local 0.1192 | F1_macro 1.0000 | WorstLoss 0.0103
[Tracker] Ep  494 | AvgR 0.0003 | Global 0.5742 | Local 0.1192 | F1_macro 0.9979 | WorstLoss 0.0460
[Tracker] Ep  495 | AvgR 0.0003 | Global 0.5836 | Local 0.1192 | F1_macro 0.9979 | WorstLoss 0.0421
[Tracker] Saved snapshot: ep0495_phase1_class1
[Tracker] Ep  496 | AvgR 0.0003 | Global 0.6033 | Local 0.1192 | F1_macro 0.9979 | WorstLoss 0.0340
[Tracker] Ep  497 | AvgR 0.0002 | Global 0.4537 | Local 0.1192 | F1_macro 0.9958 | WorstLoss 0.0945
[Tracker] Ep  498 | AvgR 0.0003 | Global 0.5992 | Local 0.1192 | F1_macro 0.9979 | WorstLoss 0.0357
[Tracker] Ep  499 | AvgR 0.0002 | Global 0.4331 | Local 0.1192 | F1_macro 0.9915 | WorstLoss 0.1028
[Tracker] Ep  500 | AvgR 0.0003 | Global 0.6298 | Local 0.1192 | F1_macro 1.0000 | WorstLoss 0.0228
[Tracker] Saved snapshot: ep0500_phase1_class1
[Tracker] Ep  501 | AvgR 0.0003 | Global 0.6283 | Local 0.1192 | F1_macro 1.0000 | WorstLoss 0.0234
[Tracker] Ep  502 | AvgR 0.0003 | Global 0.5714 | Local 0.1192 | F1_macro 0.9958 | WorstLoss 0.0471
[Tracker] Ep  503 | AvgR 0.0003 | Global 0.6369 | Local 0.1192 | F1_macro 0.9979 | WorstLoss 0.0197
[Tracker] Ep  504 | AvgR 0.0003 | Global 0.6143 | Local 0.1192 | F1_macro 1.0000 | WorstLoss 0.0293
[Tracker] Ep  505 | AvgR 0.0003 | Global 0.5560 | Local 0.1192 | F1_macro 0.9979 | WorstLoss 0.0534
[Tracker] Saved snapshot: ep0505_phase1_class1
[Tracker] Ep  506 | AvgR 0.0003 | Global 0.5488 | Local 0.1192 | F1_macro 0.9979 | WorstLoss 0.0563
[Tracker] Ep  507 | AvgR 0.0002 | Global 0.4776 | Local 0.1192 | F1_macro 0.9958 | WorstLoss 0.0849
[Tracker] Ep  508 | AvgR 0.0003 | Global 0.6307 | Local 0.1192 | F1_macro 1.0000 | WorstLoss 0.0224
[Tracker] Ep  509 | AvgR 0.0003 | Global 0.5011 | Local 0.1192 | F1_macro 0.9894 | WorstLoss 0.0755
[Tracker] Ep  510 | AvgR 0.0003 | Global 0.5131 | Local 0.1192 | F1_macro 0.9936 | WorstLoss 0.0706
[Tracker] Saved snapshot: ep0510_phase1_class1
[Tracker] Ep  511 | AvgR 0.0003 | Global 0.5649 | Local 0.1192 | F1_macro 0.9958 | WorstLoss 0.0498
[Tracker] Ep  512 | AvgR 0.0003 | Global 0.6089 | Local 0.1192 | F1_macro 0.9958 | WorstLoss 0.0316
[Tracker] Ep  513 | AvgR 0.0003 | Global 0.5489 | Local 0.1192 | F1_macro 0.9894 | WorstLoss 0.0563
[Tracker] Ep  514 | AvgR 0.0002 | Global 0.4739 | Local 0.1192 | F1_macro 0.9894 | WorstLoss 0.0863
[Tracker] Ep  515 | AvgR 0.0001 | Global 0.1890 | Local 0.1192 | F1_macro 0.9915 | WorstLoss 0.2213
[Tracker] Saved snapshot: ep0515_phase1_class1
[Tracker] Ep  516 | AvgR 0.0003 | Global 0.5956 | Local 0.1192 | F1_macro 0.9915 | WorstLoss 0.0372
[Tracker] Ep  517 | AvgR 0.0002 | Global 0.4490 | Local 0.1192 | F1_macro 0.9979 | WorstLoss 0.0964
[Tracker] Ep  518 | AvgR 0.0003 | Global 0.6349 | Local 0.1192 | F1_macro 1.0000 | WorstLoss 0.0206
[Tracker] Ep  519 | AvgR 0.0003 | Global 0.5919 | Local 0.1192 | F1_macro 0.9979 | WorstLoss 0.0387
[Tracker] Ep  520 | AvgR 0.0003 | Global 0.5318 | Local 0.1192 | F1_macro 0.9936 | WorstLoss 0.0632
[Tracker] Saved snapshot: ep0520_phase1_class1
[Tracker] Ep  521 | AvgR 0.0002 | Global 0.4419 | Local 0.1192 | F1_macro 0.9915 | WorstLoss 0.0993
[Tracker] Ep  522 | AvgR 0.0002 | Global 0.4991 | Local 0.1192 | F1_macro 0.9915 | WorstLoss 0.0762
[Tracker] Ep  523 | AvgR 0.0003 | Global 0.5947 | Local 0.1192 | F1_macro 0.9979 | WorstLoss 0.0376
[Tracker] Ep  524 | AvgR 0.0002 | Global 0.3167 | Local 0.1192 | F1_macro 0.9872 | WorstLoss 0.1528
[Tracker] Ep  525 | AvgR 0.0003 | Global 0.5145 | Local 0.1192 | F1_macro 0.9936 | WorstLoss 0.0701
[Tracker] Saved snapshot: ep0525_phase1_class1
[Tracker] Ep  526 | AvgR 0.0003 | Global 0.6280 | Local 0.1192 | F1_macro 0.9958 | WorstLoss 0.0235
[Tracker] Ep  527 | AvgR 0.0003 | Global 0.5866 | Local 0.1192 | F1_macro 0.9979 | WorstLoss 0.0409
[Tracker] Ep  528 | AvgR 0.0003 | Global 0.5872 | Local 0.1192 | F1_macro 0.9958 | WorstLoss 0.0407
[Tracker] Ep  529 | AvgR 0.0002 | Global 0.4768 | Local 0.1192 | F1_macro 0.9894 | WorstLoss 0.0852
[Tracker] Ep  530 | AvgR 0.0002 | Global 0.4007 | Local 0.1192 | F1_macro 0.9872 | WorstLoss 0.1160
[Tracker] Saved snapshot: ep0530_phase1_class1
[Tracker] Ep  531 | AvgR 0.0002 | Global 0.4829 | Local 0.1192 | F1_macro 0.9894 | WorstLoss 0.0827
[Tracker] Ep  532 | AvgR 0.0003 | Global 0.5205 | Local 0.1192 | F1_macro 0.9894 | WorstLoss 0.0677
[Tracker] Ep  533 | AvgR 0.0003 | Global 0.5030 | Local 0.1192 | F1_macro 0.9979 | WorstLoss 0.0747
[Tracker] Ep  534 | AvgR 0.0003 | Global 0.5994 | Local 0.1192 | F1_macro 0.9958 | WorstLoss 0.0356
[Tracker] Ep  535 | AvgR 0.0003 | Global 0.5422 | Local 0.1192 | F1_macro 0.9915 | WorstLoss 0.0590
[Tracker] Saved snapshot: ep0535_phase1_class1
[Tracker] Ep  536 | AvgR 0.0003 | Global 0.5209 | Local 0.1192 | F1_macro 0.9936 | WorstLoss 0.0675
[Tracker] Ep  537 | AvgR 0.0003 | Global 0.5305 | Local 0.1192 | F1_macro 0.9958 | WorstLoss 0.0637
[Tracker] Ep  538 | AvgR 0.0002 | Global 0.4587 | Local 0.1192 | F1_macro 0.9936 | WorstLoss 0.0925
[Tracker] Ep  539 | AvgR 0.0003 | Global 0.6136 | Local 0.1192 | F1_macro 0.9958 | WorstLoss 0.0297
[Tracker] Ep  540 | AvgR 0.0003 | Global 0.6007 | Local 0.1192 | F1_macro 0.9979 | WorstLoss 0.0351
[Tracker] Saved snapshot: ep0540_phase1_class1
[Tracker] Ep  541 | AvgR 0.0003 | Global 0.5768 | Local 0.1192 | F1_macro 0.9979 | WorstLoss 0.0449
[Tracker] Ep  542 | AvgR 0.0003 | Global 0.5552 | Local 0.1192 | F1_macro 0.9958 | WorstLoss 0.0537
[Tracker] Ep  543 | AvgR 0.0003 | Global 0.6097 | Local 0.1192 | F1_macro 0.9936 | WorstLoss 0.0313
[Tracker] Ep  544 | AvgR 0.0003 | Global 0.5416 | Local 0.1192 | F1_macro 0.9979 | WorstLoss 0.0592
[Tracker] Ep  545 | AvgR 0.0002 | Global 0.4315 | Local 0.1192 | F1_macro 0.9936 | WorstLoss 0.1035
[Tracker] Saved snapshot: ep0545_phase1_class1
[Tracker] Ep  546 | AvgR 0.0003 | Global 0.6358 | Local 0.1192 | F1_macro 0.9979 | WorstLoss 0.0202
[Tracker] Ep  547 | AvgR 0.0003 | Global 0.6243 | Local 0.1192 | F1_macro 0.9958 | WorstLoss 0.0251
[Tracker] Ep  548 | AvgR 0.0002 | Global 0.4224 | Local 0.1192 | F1_macro 0.9958 | WorstLoss 0.1072
[Tracker] Ep  549 | AvgR 0.0003 | Global 0.5555 | Local 0.1192 | F1_macro 0.9936 | WorstLoss 0.0536
[Tracker] Ep  550 | AvgR 0.0003 | Global 0.6010 | Local 0.1192 | F1_macro 0.9936 | WorstLoss 0.0349
[Tracker] Saved snapshot: ep0550_phase1_class1
[Tracker] Ep  551 | AvgR 0.0003 | Global 0.5611 | Local 0.1192 | F1_macro 0.9936 | WorstLoss 0.0514
[Tracker] Ep  552 | AvgR 0.0003 | Global 0.5500 | Local 0.1192 | F1_macro 0.9958 | WorstLoss 0.0558
[Tracker] Ep  553 | AvgR 0.0002 | Global 0.4476 | Local 0.1192 | F1_macro 0.9872 | WorstLoss 0.0968
[Tracker] Ep  554 | AvgR 0.0003 | Global 0.5445 | Local 0.1192 | F1_macro 0.9958 | WorstLoss 0.0580
[Tracker] Ep  555 | AvgR 0.0002 | Global 0.4434 | Local 0.1192 | F1_macro 0.9936 | WorstLoss 0.0986
[Tracker] Saved snapshot: ep0555_phase1_class1
[Tracker] Ep  556 | AvgR 0.0003 | Global 0.6281 | Local 0.1192 | F1_macro 0.9979 | WorstLoss 0.0235
[Tracker] Ep  557 | AvgR 0.0002 | Global 0.4170 | Local 0.1192 | F1_macro 0.9936 | WorstLoss 0.1094
[Tracker] Ep  558 | AvgR 0.0002 | Global 0.4208 | Local 0.1192 | F1_macro 0.9872 | WorstLoss 0.1079
[Tracker] Ep  559 | AvgR 0.0003 | Global 0.5784 | Local 0.1192 | F1_macro 0.9958 | WorstLoss 0.0443
[Tracker] Ep  560 | AvgR 0.0001 | Global 0.2052 | Local 0.1192 | F1_macro 0.9872 | WorstLoss 0.2113
[Tracker] Saved snapshot: ep0560_phase1_class1
[Tracker] Ep  561 | AvgR 0.0003 | Global 0.5191 | Local 0.1192 | F1_macro 0.9915 | WorstLoss 0.0682
[Tracker] Ep  562 | AvgR 0.0001 | Global 0.1776 | Local 0.1192 | F1_macro 0.9829 | WorstLoss 0.2291
[Tracker] Ep  563 | AvgR 0.0003 | Global 0.5850 | Local 0.1192 | F1_macro 0.9958 | WorstLoss 0.0416
[Tracker] Ep  564 | AvgR 0.0003 | Global 0.5990 | Local 0.1192 | F1_macro 0.9958 | WorstLoss 0.0358
[Tracker] Ep  565 | AvgR 0.0003 | Global 0.6167 | Local 0.1192 | F1_macro 0.9979 | WorstLoss 0.0284
[Tracker] Saved snapshot: ep0565_phase1_class1
[Tracker] Ep  566 | AvgR 0.0003 | Global 0.5756 | Local 0.1192 | F1_macro 0.9894 | WorstLoss 0.0454
[Tracker] Ep  567 | AvgR 0.0003 | Global 0.5344 | Local 0.1192 | F1_macro 0.9936 | WorstLoss 0.0621
[Tracker] Ep  568 | AvgR 0.0003 | Global 0.6522 | Local 0.1192 | F1_macro 1.0000 | WorstLoss 0.0131
[Tracker] Ep  569 | AvgR 0.0002 | Global 0.4900 | Local 0.1192 | F1_macro 0.9958 | WorstLoss 0.0798
[Tracker] Ep  570 | AvgR 0.0003 | Global 0.5814 | Local 0.1192 | F1_macro 0.9979 | WorstLoss 0.0431
[Tracker] Saved snapshot: ep0570_phase1_class1
[Tracker] Ep  571 | AvgR 0.0003 | Global 0.6350 | Local 0.1192 | F1_macro 0.9979 | WorstLoss 0.0205
[Tracker] Ep  572 | AvgR 0.0003 | Global 0.5036 | Local 0.1192 | F1_macro 0.9936 | WorstLoss 0.0745
[Tracker] Ep  573 | AvgR 0.0003 | Global 0.6069 | Local 0.1192 | F1_macro 0.9979 | WorstLoss 0.0325
[Tracker] Ep  574 | AvgR 0.0002 | Global 0.4836 | Local 0.1192 | F1_macro 0.9915 | WorstLoss 0.0824
[Tracker] Ep  575 | AvgR 0.0002 | Global 0.4443 | Local 0.1192 | F1_macro 0.9850 | WorstLoss 0.0981
[Tracker] Saved snapshot: ep0575_phase1_class1
[Tracker] Ep  576 | AvgR 0.0003 | Global 0.5744 | Local 0.1192 | F1_macro 0.9958 | WorstLoss 0.0459
[Tracker] Ep  577 | AvgR 0.0002 | Global 0.4080 | Local 0.1192 | F1_macro 0.9872 | WorstLoss 0.1131
[Tracker] Ep  578 | AvgR 0.0003 | Global 0.5507 | Local 0.1192 | F1_macro 0.9958 | WorstLoss 0.0555
[Tracker] Ep  579 | AvgR 0.0003 | Global 0.6502 | Local 0.1192 | F1_macro 0.9979 | WorstLoss 0.0139
[Tracker] Ep  580 | AvgR 0.0003 | Global 0.5830 | Local 0.1192 | F1_macro 0.9958 | WorstLoss 0.0424
[Tracker] Saved snapshot: ep0580_phase1_class1
[Tracker] Ep  581 | AvgR 0.0003 | Global 0.5572 | Local 0.1192 | F1_macro 0.9936 | WorstLoss 0.0529
[Tracker] Ep  582 | AvgR 0.0003 | Global 0.5469 | Local 0.1192 | F1_macro 0.9915 | WorstLoss 0.0571
[Tracker] Ep  583 | AvgR 0.0003 | Global 0.5362 | Local 0.1192 | F1_macro 0.9894 | WorstLoss 0.0614
[Tracker] Ep  584 | AvgR 0.0002 | Global 0.4281 | Local 0.1192 | F1_macro 0.9936 | WorstLoss 0.1045
[Tracker] Ep  585 | AvgR 0.0003 | Global 0.5942 | Local 0.1192 | F1_macro 0.9936 | WorstLoss 0.0378
[Tracker] Saved snapshot: ep0585_phase1_class1
[Tracker] Ep  586 | AvgR 0.0003 | Global 0.5674 | Local 0.1192 | F1_macro 0.9979 | WorstLoss 0.0488
[Tracker] Ep  587 | AvgR 0.0003 | Global 0.6027 | Local 0.1192 | F1_macro 0.9979 | WorstLoss 0.0342
[Tracker] Ep  588 | AvgR 0.0003 | Global 0.5919 | Local 0.1192 | F1_macro 0.9958 | WorstLoss 0.0387
[Tracker] Ep  589 | AvgR 0.0003 | Global 0.5649 | Local 0.1192 | F1_macro 0.9915 | WorstLoss 0.0498
[Tracker] Ep  590 | AvgR 0.0002 | Global 0.4697 | Local 0.1192 | F1_macro 0.9872 | WorstLoss 0.0878
[Tracker] Saved snapshot: ep0590_phase1_class1
[Tracker] Ep  591 | AvgR 0.0003 | Global 0.6314 | Local 0.1192 | F1_macro 0.9979 | WorstLoss 0.0221
[Tracker] Ep  592 | AvgR 0.0003 | Global 0.6367 | Local 0.1192 | F1_macro 0.9979 | WorstLoss 0.0198
[Tracker] Ep  593 | AvgR 0.0003 | Global 0.5498 | Local 0.1192 | F1_macro 0.9915 | WorstLoss 0.0559
[Tracker] Ep  594 | AvgR 0.0003 | Global 0.6078 | Local 0.1192 | F1_macro 0.9979 | WorstLoss 0.0321
[Tracker] Ep  595 | AvgR 0.0003 | Global 0.5950 | Local 0.1192 | F1_macro 0.9915 | WorstLoss 0.0374
[Tracker] Saved snapshot: ep0595_phase1_class1
[Tracker] Ep  596 | AvgR 0.0003 | Global 0.6402 | Local 0.1192 | F1_macro 1.0000 | WorstLoss 0.0183
[Tracker] Ep  597 | AvgR 0.0003 | Global 0.6567 | Local 0.1192 | F1_macro 1.0000 | WorstLoss 0.0110
[Tracker] Ep  598 | AvgR 0.0003 | Global 0.5468 | Local 0.1192 | F1_macro 0.9936 | WorstLoss 0.0571
[Tracker] Ep  599 | AvgR 0.0002 | Global 0.4399 | Local 0.1192 | F1_macro 0.9872 | WorstLoss 0.1000
[Tracker] Ep  600 | AvgR 0.0002 | Global 0.4683 | Local 0.1192 | F1_macro 0.9936 | WorstLoss 0.0886
[Tracker] Saved snapshot: ep0600_phase1_class1
[Tracker] Ep  601 | AvgR 0.0003 | Global 0.5737 | Local 0.1192 | F1_macro 0.9915 | WorstLoss 0.0462
[Tracker] Ep  602 | AvgR 0.0003 | Global 0.6065 | Local 0.1192 | F1_macro 0.9936 | WorstLoss 0.0327
[Tracker] Ep  603 | AvgR 0.0003 | Global 0.6175 | Local 0.1192 | F1_macro 0.9979 | WorstLoss 0.0280
[Tracker] Ep  604 | AvgR 0.0002 | Global 0.3406 | Local 0.1192 | F1_macro 0.9850 | WorstLoss 0.1419
[Tracker] Ep  605 | AvgR 0.0002 | Global 0.4846 | Local 0.1192 | F1_macro 0.9872 | WorstLoss 0.0820
[Tracker] Saved snapshot: ep0605_phase1_class1
[Tracker] Ep  606 | AvgR 0.0003 | Global 0.5203 | Local 0.1192 | F1_macro 0.9958 | WorstLoss 0.0677
[Tracker] Ep  607 | AvgR 0.0003 | Global 0.5975 | Local 0.1192 | F1_macro 0.9936 | WorstLoss 0.0364
[Tracker] Ep  608 | AvgR 0.0002 | Global 0.4932 | Local 0.1192 | F1_macro 0.9894 | WorstLoss 0.0786
[Tracker] Ep  609 | AvgR 0.0003 | Global 0.5779 | Local 0.1192 | F1_macro 0.9958 | WorstLoss 0.0445
[Tracker] Ep  610 | AvgR 0.0003 | Global 0.5523 | Local 0.1192 | F1_macro 0.9936 | WorstLoss 0.0549
[Tracker] Saved snapshot: ep0610_phase1_class1
[Tracker] Ep  611 | AvgR 0.0003 | Global 0.6312 | Local 0.1192 | F1_macro 1.0000 | WorstLoss 0.0222
[Tracker] Ep  612 | AvgR 0.0003 | Global 0.5294 | Local 0.1192 | F1_macro 0.9958 | WorstLoss 0.0641
[Tracker] Ep  613 | AvgR 0.0003 | Global 0.5725 | Local 0.1192 | F1_macro 0.9936 | WorstLoss 0.0467
[Tracker] Ep  614 | AvgR 0.0003 | Global 0.6129 | Local 0.1192 | F1_macro 0.9958 | WorstLoss 0.0300
[Tracker] Ep  615 | AvgR 0.0003 | Global 0.5292 | Local 0.1192 | F1_macro 0.9915 | WorstLoss 0.0642
[Tracker] Saved snapshot: ep0615_phase1_class1
[Tracker] Ep  616 | AvgR 0.0002 | Global 0.3361 | Local 0.1192 | F1_macro 0.9850 | WorstLoss 0.1439
[Tracker] Ep  617 | AvgR 0.0003 | Global 0.5873 | Local 0.1192 | F1_macro 0.9958 | WorstLoss 0.0406
[Tracker] Ep  618 | AvgR 0.0002 | Global 0.3383 | Local 0.1192 | F1_macro 0.9741 | WorstLoss 0.1430
[Tracker] Ep  619 | AvgR 0.0003 | Global 0.6322 | Local 0.1192 | F1_macro 0.9958 | WorstLoss 0.0217
[Tracker] Ep  620 | AvgR 0.0003 | Global 0.5769 | Local 0.1192 | F1_macro 0.9958 | WorstLoss 0.0449
[Tracker] Saved snapshot: ep0620_phase1_class1
[Tracker] Ep  621 | AvgR 0.0002 | Global 0.4444 | Local 0.1192 | F1_macro 0.9894 | WorstLoss 0.0982
[Tracker] Ep  622 | AvgR 0.0003 | Global 0.6494 | Local 0.1192 | F1_macro 0.9979 | WorstLoss 0.0143
[Tracker] Ep  623 | AvgR 0.0003 | Global 0.5375 | Local 0.1192 | F1_macro 0.9958 | WorstLoss 0.0609
[Tracker] Ep  624 | AvgR 0.0003 | Global 0.6143 | Local 0.1192 | F1_macro 0.9958 | WorstLoss 0.0294
[Tracker] Ep  625 | AvgR 0.0002 | Global 0.3582 | Local 0.1192 | F1_macro 0.9850 | WorstLoss 0.1342
[Tracker] Saved snapshot: ep0625_phase1_class1
[Tracker] Ep  626 | AvgR 0.0003 | Global 0.5480 | Local 0.1192 | F1_macro 0.9979 | WorstLoss 0.0566
[Tracker] Ep  627 | AvgR 0.0003 | Global 0.6106 | Local 0.1192 | F1_macro 0.9936 | WorstLoss 0.0309
[Tracker] Ep  628 | AvgR 0.0003 | Global 0.5354 | Local 0.1192 | F1_macro 0.9915 | WorstLoss 0.0617
[Tracker] Ep  629 | AvgR 0.0003 | Global 0.5971 | Local 0.1192 | F1_macro 0.9979 | WorstLoss 0.0366
[Tracker] Ep  630 | AvgR 0.0003 | Global 0.6201 | Local 0.1192 | F1_macro 1.0000 | WorstLoss 0.0269
[Tracker] Saved snapshot: ep0630_phase1_class1
[Tracker] Ep  631 | AvgR 0.0003 | Global 0.6147 | Local 0.1192 | F1_macro 0.9958 | WorstLoss 0.0292
[Tracker] Ep  632 | AvgR 0.0003 | Global 0.5831 | Local 0.1192 | F1_macro 0.9915 | WorstLoss 0.0424
[Tracker] Ep  633 | AvgR 0.0003 | Global 0.5709 | Local 0.1192 | F1_macro 0.9958 | WorstLoss 0.0474
[Tracker] Ep  634 | AvgR 0.0003 | Global 0.5411 | Local 0.1192 | F1_macro 0.9936 | WorstLoss 0.0593
[Tracker] Ep  635 | AvgR 0.0003 | Global 0.5979 | Local 0.1192 | F1_macro 0.9979 | WorstLoss 0.0362
[Tracker] Saved snapshot: ep0635_phase1_class1
[Tracker] Ep  636 | AvgR 0.0003 | Global 0.6299 | Local 0.1192 | F1_macro 1.0000 | WorstLoss 0.0227
[Tracker] Ep  637 | AvgR 0.0003 | Global 0.5675 | Local 0.1192 | F1_macro 0.9958 | WorstLoss 0.0487
[Tracker] Ep  638 | AvgR 0.0003 | Global 0.6120 | Local 0.1192 | F1_macro 0.9979 | WorstLoss 0.0303
[Tracker] Ep  639 | AvgR 0.0003 | Global 0.5296 | Local 0.1192 | F1_macro 0.9915 | WorstLoss 0.0641
[Tracker] Ep  640 | AvgR 0.0003 | Global 0.5883 | Local 0.1192 | F1_macro 0.9958 | WorstLoss 0.0402
[Tracker] Saved snapshot: ep0640_phase1_class1
[Tracker] Ep  641 | AvgR 0.0003 | Global 0.6071 | Local 0.1192 | F1_macro 1.0000 | WorstLoss 0.0324
[Tracker] Ep  642 | AvgR 0.0003 | Global 0.5110 | Local 0.1192 | F1_macro 0.9915 | WorstLoss 0.0715
[Tracker] Ep  643 | AvgR 0.0003 | Global 0.5705 | Local 0.1192 | F1_macro 0.9958 | WorstLoss 0.0475
[Tracker] Ep  644 | AvgR 0.0003 | Global 0.6206 | Local 0.1192 | F1_macro 0.9979 | WorstLoss 0.0267
[Tracker] Ep  645 | AvgR 0.0003 | Global 0.5573 | Local 0.1192 | F1_macro 0.9936 | WorstLoss 0.0529
[Tracker] Saved snapshot: ep0645_phase1_class1
[Tracker] Ep  646 | AvgR 0.0003 | Global 0.5771 | Local 0.1192 | F1_macro 0.9979 | WorstLoss 0.0448
[Tracker] Ep  647 | AvgR 0.0002 | Global 0.4833 | Local 0.1192 | F1_macro 0.9936 | WorstLoss 0.0826
[Tracker] Ep  648 | AvgR 0.0002 | Global 0.3451 | Local 0.1192 | F1_macro 0.9915 | WorstLoss 0.1398
[Tracker] Ep  649 | AvgR 0.0002 | Global 0.4797 | Local 0.1192 | F1_macro 0.9894 | WorstLoss 0.0840
[Tracker] Ep  650 | AvgR 0.0002 | Global 0.4290 | Local 0.1192 | F1_macro 0.9894 | WorstLoss 0.1045
[Tracker] Saved snapshot: ep0650_phase1_class1
[Tracker] Ep  651 | AvgR 0.0003 | Global 0.5385 | Local 0.1192 | F1_macro 0.9958 | WorstLoss 0.0605
[Tracker] Ep  652 | AvgR 0.0003 | Global 0.6102 | Local 0.1192 | F1_macro 0.9979 | WorstLoss 0.0311
[Tracker] Ep  653 | AvgR 0.0003 | Global 0.5620 | Local 0.1192 | F1_macro 0.9936 | WorstLoss 0.0509
[Tracker] Ep  654 | AvgR 0.0003 | Global 0.5620 | Local 0.1192 | F1_macro 0.9936 | WorstLoss 0.0509
[Tracker] Ep  655 | AvgR 0.0003 | Global 0.6169 | Local 0.1192 | F1_macro 0.9979 | WorstLoss 0.0283
[Tracker] Saved snapshot: ep0655_phase1_class1
[Tracker] Ep  656 | AvgR 0.0003 | Global 0.6025 | Local 0.1192 | F1_macro 0.9958 | WorstLoss 0.0343
[Tracker] Ep  657 | AvgR 0.0001 | Global 0.1949 | Local 0.1192 | F1_macro 0.9829 | WorstLoss 0.2177
[Tracker] Ep  658 | AvgR 0.0003 | Global 0.5334 | Local 0.1192 | F1_macro 0.9915 | WorstLoss 0.0625
[Tracker] Ep  659 | AvgR 0.0003 | Global 0.6145 | Local 0.1192 | F1_macro 0.9979 | WorstLoss 0.0293
[Tracker] Ep  660 | AvgR 0.0003 | Global 0.5852 | Local 0.1192 | F1_macro 0.9958 | WorstLoss 0.0415
[Tracker] Saved snapshot: ep0660_phase1_class1
[Tracker] Ep  661 | AvgR 0.0002 | Global 0.4805 | Local 0.1192 | F1_macro 0.9958 | WorstLoss 0.0837
[Tracker] Ep  662 | AvgR 0.0002 | Global 0.4829 | Local 0.1192 | F1_macro 0.9936 | WorstLoss 0.0828
[Tracker] Ep  663 | AvgR 0.0003 | Global 0.5952 | Local 0.1192 | F1_macro 0.9958 | WorstLoss 0.0373
[Tracker] Ep  664 | AvgR 0.0002 | Global 0.4155 | Local 0.1192 | F1_macro 0.9958 | WorstLoss 0.1100
[Tracker] Ep  665 | AvgR 0.0003 | Global 0.5724 | Local 0.1192 | F1_macro 0.9958 | WorstLoss 0.0467
[Tracker] Saved snapshot: ep0665_phase1_class1
[Tracker] Ep  666 | AvgR 0.0003 | Global 0.5679 | Local 0.1192 | F1_macro 0.9979 | WorstLoss 0.0486
[Tracker] Ep  667 | AvgR 0.0003 | Global 0.5457 | Local 0.1192 | F1_macro 0.9958 | WorstLoss 0.0576
[Tracker] Ep  668 | AvgR 0.0003 | Global 0.5873 | Local 0.1192 | F1_macro 0.9958 | WorstLoss 0.0406
[Tracker] Ep  669 | AvgR 0.0003 | Global 0.5196 | Local 0.1192 | F1_macro 0.9936 | WorstLoss 0.0681
[Tracker] Ep  670 | AvgR 0.0003 | Global 0.5445 | Local 0.1192 | F1_macro 0.9958 | WorstLoss 0.0580
[Tracker] Saved snapshot: ep0670_phase1_class1
[Tracker] Ep  671 | AvgR 0.0003 | Global 0.6454 | Local 0.1192 | F1_macro 1.0000 | WorstLoss 0.0160
[Tracker] Ep  672 | AvgR 0.0003 | Global 0.6222 | Local 0.1192 | F1_macro 0.9979 | WorstLoss 0.0260
[Tracker] Ep  673 | AvgR 0.0003 | Global 0.5990 | Local 0.1192 | F1_macro 0.9979 | WorstLoss 0.0358
[Tracker] Ep  674 | AvgR 0.0003 | Global 0.6114 | Local 0.1192 | F1_macro 1.0000 | WorstLoss 0.0306
[Tracker] Ep  675 | AvgR 0.0001 | Global 0.2325 | Local 0.1192 | F1_macro 0.9763 | WorstLoss 0.1953
[Tracker] Saved snapshot: ep0675_phase1_class1
[Tracker] Ep  676 | AvgR 0.0003 | Global 0.5205 | Local 0.1192 | F1_macro 0.9915 | WorstLoss 0.0677
[Tracker] Ep  677 | AvgR 0.0003 | Global 0.6398 | Local 0.1192 | F1_macro 0.9979 | WorstLoss 0.0184
[Tracker] Ep  678 | AvgR 0.0003 | Global 0.6478 | Local 0.1192 | F1_macro 1.0000 | WorstLoss 0.0150
[Tracker] Ep  679 | AvgR 0.0003 | Global 0.5294 | Local 0.1192 | F1_macro 0.9979 | WorstLoss 0.0641
[Tracker] Ep  680 | AvgR 0.0002 | Global 0.3128 | Local 0.1192 | F1_macro 0.9958 | WorstLoss 0.1546
[Tracker] Saved snapshot: ep0680_phase1_class1
[Tracker] Ep  681 | AvgR 0.0002 | Global 0.4989 | Local 0.1192 | F1_macro 0.9958 | WorstLoss 0.0763
[Tracker] Ep  682 | AvgR 0.0003 | Global 0.6316 | Local 0.1192 | F1_macro 0.9979 | WorstLoss 0.0220
[Tracker] Ep  683 | AvgR 0.0003 | Global 0.6230 | Local 0.1192 | F1_macro 0.9979 | WorstLoss 0.0257
[Tracker] Ep  684 | AvgR 0.0003 | Global 0.5539 | Local 0.1192 | F1_macro 0.9936 | WorstLoss 0.0543
[Tracker] Ep  685 | AvgR 0.0003 | Global 0.6131 | Local 0.1192 | F1_macro 0.9958 | WorstLoss 0.0299
[Tracker] Saved snapshot: ep0685_phase1_class1
[Tracker] Ep  686 | AvgR 0.0003 | Global 0.6216 | Local 0.1192 | F1_macro 0.9979 | WorstLoss 0.0263
[Tracker] Ep  687 | AvgR 0.0003 | Global 0.5261 | Local 0.1192 | F1_macro 0.9979 | WorstLoss 0.0654
[Tracker] Ep  688 | AvgR 0.0003 | Global 0.6362 | Local 0.1192 | F1_macro 1.0000 | WorstLoss 0.0200
[Tracker] Ep  689 | AvgR 0.0003 | Global 0.5087 | Local 0.1192 | F1_macro 0.9936 | WorstLoss 0.0724
[Tracker] Ep  690 | AvgR 0.0003 | Global 0.5641 | Local 0.1192 | F1_macro 0.9958 | WorstLoss 0.0501
[Tracker] Saved snapshot: ep0690_phase1_class1
[Tracker] Ep  691 | AvgR 0.0003 | Global 0.5338 | Local 0.1192 | F1_macro 0.9958 | WorstLoss 0.0624
[Tracker] Ep  692 | AvgR 0.0003 | Global 0.5811 | Local 0.1192 | F1_macro 0.9979 | WorstLoss 0.0432
[Tracker] Ep  693 | AvgR 0.0003 | Global 0.6250 | Local 0.1192 | F1_macro 0.9979 | WorstLoss 0.0248
[Tracker] Ep  694 | AvgR 0.0003 | Global 0.6159 | Local 0.1192 | F1_macro 0.9958 | WorstLoss 0.0287
[Tracker] Ep  695 | AvgR 0.0003 | Global 0.6069 | Local 0.1192 | F1_macro 0.9979 | WorstLoss 0.0325
[Tracker] Saved snapshot: ep0695_phase1_class1
[Tracker] Ep  696 | AvgR 0.0003 | Global 0.6269 | Local 0.1192 | F1_macro 0.9979 | WorstLoss 0.0240
[Tracker] Ep  697 | AvgR 0.0003 | Global 0.5431 | Local 0.1192 | F1_macro 0.9936 | WorstLoss 0.0586
[Tracker] Ep  698 | AvgR 0.0003 | Global 0.5890 | Local 0.1192 | F1_macro 0.9979 | WorstLoss 0.0399
[Tracker] Ep  699 | AvgR 0.0003 | Global 0.5748 | Local 0.1192 | F1_macro 0.9958 | WorstLoss 0.0458
[Tracker] Ep  700 | AvgR 0.0003 | Global 0.6017 | Local 0.1192 | F1_macro 0.9936 | WorstLoss 0.0346
[Tracker] Saved snapshot: ep0700_phase1_class1
[Tracker] Ep  701 | AvgR 0.0003 | Global 0.5074 | Local 0.1192 | F1_macro 0.9958 | WorstLoss 0.0729
[Tracker] Ep  702 | AvgR 0.0003 | Global 0.6542 | Local 0.1192 | F1_macro 1.0000 | WorstLoss 0.0122
[Tracker] Ep  703 | AvgR 0.0003 | Global 0.6110 | Local 0.1192 | F1_macro 0.9979 | WorstLoss 0.0307
[Tracker] Ep  704 | AvgR 0.0003 | Global 0.5303 | Local 0.1192 | F1_macro 0.9958 | WorstLoss 0.0638
[Tracker] Ep  705 | AvgR 0.0003 | Global 0.6459 | Local 0.1192 | F1_macro 1.0000 | WorstLoss 0.0158
[Tracker] Saved snapshot: ep0705_phase1_class1
[Tracker] Ep  706 | AvgR 0.0003 | Global 0.5737 | Local 0.1192 | F1_macro 1.0000 | WorstLoss 0.0462
[Tracker] Ep  707 | AvgR 0.0002 | Global 0.4766 | Local 0.1192 | F1_macro 0.9936 | WorstLoss 0.0853
[Tracker] Ep  708 | AvgR 0.0003 | Global 0.5889 | Local 0.1192 | F1_macro 0.9979 | WorstLoss 0.0400
[Tracker] Ep  709 | AvgR 0.0003 | Global 0.5347 | Local 0.1192 | F1_macro 0.9979 | WorstLoss 0.0620
[Tracker] Ep  710 | AvgR 0.0003 | Global 0.5976 | Local 0.1192 | F1_macro 0.9958 | WorstLoss 0.0363
[Tracker] Saved snapshot: ep0710_phase1_class1
[Tracker] Ep  711 | AvgR 0.0003 | Global 0.6470 | Local 0.1192 | F1_macro 1.0000 | WorstLoss 0.0153
[Tracker] Ep  712 | AvgR 0.0003 | Global 0.6187 | Local 0.1192 | F1_macro 0.9979 | WorstLoss 0.0275
[Tracker] Ep  713 | AvgR 0.0003 | Global 0.5915 | Local 0.1192 | F1_macro 0.9958 | WorstLoss 0.0389
[Tracker] Ep  714 | AvgR 0.0003 | Global 0.6129 | Local 0.1192 | F1_macro 0.9979 | WorstLoss 0.0300
[Tracker] Ep  715 | AvgR 0.0003 | Global 0.6310 | Local 0.1192 | F1_macro 0.9979 | WorstLoss 0.0223
[Tracker] Saved snapshot: ep0715_phase1_class1
[Tracker] Ep  716 | AvgR 0.0003 | Global 0.5729 | Local 0.1192 | F1_macro 0.9958 | WorstLoss 0.0465
[Tracker] Ep  717 | AvgR 0.0003 | Global 0.5978 | Local 0.1192 | F1_macro 0.9979 | WorstLoss 0.0363
[Tracker] Ep  718 | AvgR 0.0003 | Global 0.6638 | Local 0.1192 | F1_macro 1.0000 | WorstLoss 0.0079
[Tracker] Ep  719 | AvgR 0.0003 | Global 0.6234 | Local 0.1192 | F1_macro 1.0000 | WorstLoss 0.0255
[Tracker] Ep  720 | AvgR 0.0003 | Global 0.6478 | Local 0.1192 | F1_macro 1.0000 | WorstLoss 0.0150
[Tracker] Saved snapshot: ep0720_phase1_class1
[Tracker] Ep  721 | AvgR 0.0003 | Global 0.6039 | Local 0.1192 | F1_macro 0.9979 | WorstLoss 0.0337
[Tracker] Ep  722 | AvgR 0.0000 | Global 0.0135 | Local 0.1192 | F1_macro 0.9807 | WorstLoss 0.5047
[Tracker] Ep  723 | AvgR 0.0003 | Global 0.6140 | Local 0.1192 | F1_macro 0.9979 | WorstLoss 0.0295
[Tracker] Ep  724 | AvgR 0.0003 | Global 0.5831 | Local 0.1192 | F1_macro 0.9936 | WorstLoss 0.0424
[Tracker] Ep  725 | AvgR 0.0003 | Global 0.6259 | Local 0.1192 | F1_macro 0.9979 | WorstLoss 0.0244
[Tracker] Saved snapshot: ep0725_phase1_class1
[Tracker] Ep  726 | AvgR 0.0003 | Global 0.5969 | Local 0.1192 | F1_macro 0.9979 | WorstLoss 0.0367
[Tracker] Ep  727 | AvgR 0.0002 | Global 0.4967 | Local 0.1192 | F1_macro 0.9936 | WorstLoss 0.0772
[Tracker] Ep  728 | AvgR 0.0003 | Global 0.6594 | Local 0.1192 | F1_macro 1.0000 | WorstLoss 0.0098
[Tracker] Ep  729 | AvgR 0.0003 | Global 0.6496 | Local 0.1192 | F1_macro 1.0000 | WorstLoss 0.0142
[Tracker] Ep  730 | AvgR 0.0003 | Global 0.5902 | Local 0.1192 | F1_macro 0.9958 | WorstLoss 0.0394
[Tracker] Saved snapshot: ep0730_phase1_class1
[Tracker] Ep  731 | AvgR 0.0002 | Global 0.4221 | Local 0.1192 | F1_macro 0.9936 | WorstLoss 0.1073
[Tracker] Ep  732 | AvgR 0.0003 | Global 0.6140 | Local 0.1192 | F1_macro 0.9958 | WorstLoss 0.0295
[Tracker] Ep  733 | AvgR 0.0003 | Global 0.5900 | Local 0.1192 | F1_macro 0.9915 | WorstLoss 0.0395
[Tracker] Ep  734 | AvgR 0.0003 | Global 0.5997 | Local 0.1192 | F1_macro 0.9979 | WorstLoss 0.0355
[Tracker] Ep  735 | AvgR 0.0003 | Global 0.5690 | Local 0.1192 | F1_macro 0.9915 | WorstLoss 0.0481
[Tracker] Saved snapshot: ep0735_phase1_class1
[Tracker] Ep  736 | AvgR 0.0003 | Global 0.6522 | Local 0.1192 | F1_macro 1.0000 | WorstLoss 0.0131
[Tracker] Ep  737 | AvgR 0.0003 | Global 0.6495 | Local 0.1192 | F1_macro 1.0000 | WorstLoss 0.0142
[Tracker] Ep  738 | AvgR 0.0003 | Global 0.6560 | Local 0.1192 | F1_macro 1.0000 | WorstLoss 0.0113
[Tracker] Ep  739 | AvgR 0.0003 | Global 0.6105 | Local 0.1192 | F1_macro 0.9979 | WorstLoss 0.0310
[Tracker] Ep  740 | AvgR 0.0003 | Global 0.5606 | Local 0.1192 | F1_macro 0.9979 | WorstLoss 0.0515
[Tracker] Saved snapshot: ep0740_phase1_class1
[Tracker] Ep  741 | AvgR 0.0003 | Global 0.5544 | Local 0.1192 | F1_macro 0.9958 | WorstLoss 0.0541
[Tracker] Ep  742 | AvgR 0.0003 | Global 0.6358 | Local 0.1192 | F1_macro 1.0000 | WorstLoss 0.0202
[Tracker] Ep  743 | AvgR 0.0003 | Global 0.6424 | Local 0.1192 | F1_macro 0.9979 | WorstLoss 0.0173
[Tracker] Ep  744 | AvgR 0.0003 | Global 0.6559 | Local 0.1192 | F1_macro 1.0000 | WorstLoss 0.0114
[Tracker] Ep  745 | AvgR 0.0002 | Global 0.4935 | Local 0.1192 | F1_macro 0.9936 | WorstLoss 0.0785
[Tracker] Saved snapshot: ep0745_phase1_class1
[Tracker] Ep  746 | AvgR 0.0003 | Global 0.5193 | Local 0.1192 | F1_macro 0.9958 | WorstLoss 0.0682
[Tracker] Ep  747 | AvgR 0.0003 | Global 0.5744 | Local 0.1192 | F1_macro 0.9979 | WorstLoss 0.0459
[Tracker] Ep  748 | AvgR 0.0003 | Global 0.5258 | Local 0.1192 | F1_macro 0.9958 | WorstLoss 0.0656
[Tracker] Ep  749 | AvgR 0.0003 | Global 0.5420 | Local 0.1192 | F1_macro 0.9958 | WorstLoss 0.0591
[Tracker] Ep  750 | AvgR 0.0003 | Global 0.6362 | Local 0.1192 | F1_macro 1.0000 | WorstLoss 0.0200
[Tracker] Saved snapshot: ep0750_phase1_class1
[Tracker] Ep  751 | AvgR 0.0002 | Global 0.3997 | Local 0.1192 | F1_macro 0.9915 | WorstLoss 0.1165
[Tracker] Ep  752 | AvgR 0.0003 | Global 0.6307 | Local 0.1192 | F1_macro 0.9958 | WorstLoss 0.0224
[Tracker] Ep  753 | AvgR 0.0003 | Global 0.5940 | Local 0.1192 | F1_macro 0.9979 | WorstLoss 0.0378
[Tracker] Ep  754 | AvgR 0.0003 | Global 0.5764 | Local 0.1192 | F1_macro 0.9915 | WorstLoss 0.0451
[Tracker] Ep  755 | AvgR 0.0002 | Global 0.4838 | Local 0.1192 | F1_macro 0.9958 | WorstLoss 0.0824
[Tracker] Saved snapshot: ep0755_phase1_class1
[Tracker] Ep  756 | AvgR 0.0002 | Global 0.4167 | Local 0.1192 | F1_macro 0.9872 | WorstLoss 0.1094
[Tracker] Ep  757 | AvgR 0.0003 | Global 0.6242 | Local 0.1192 | F1_macro 0.9979 | WorstLoss 0.0252
[Tracker] Ep  758 | AvgR 0.0003 | Global 0.6214 | Local 0.1192 | F1_macro 0.9979 | WorstLoss 0.0264
[Tracker] Ep  759 | AvgR 0.0003 | Global 0.6355 | Local 0.1192 | F1_macro 1.0000 | WorstLoss 0.0203
[Tracker] Ep  760 | AvgR 0.0002 | Global 0.4191 | Local 0.1192 | F1_macro 0.9958 | WorstLoss 0.1086
[Tracker] Saved snapshot: ep0760_phase1_class1
[Tracker] Ep  761 | AvgR 0.0003 | Global 0.6429 | Local 0.1192 | F1_macro 1.0000 | WorstLoss 0.0171
[Tracker] Ep  762 | AvgR 0.0003 | Global 0.6122 | Local 0.1192 | F1_macro 0.9979 | WorstLoss 0.0303
[Tracker] Ep  763 | AvgR 0.0003 | Global 0.6392 | Local 0.1192 | F1_macro 0.9979 | WorstLoss 0.0187
[Tracker] Ep  764 | AvgR 0.0003 | Global 0.6531 | Local 0.1192 | F1_macro 1.0000 | WorstLoss 0.0126
[Tracker] Ep  765 | AvgR 0.0003 | Global 0.5768 | Local 0.1192 | F1_macro 0.9979 | WorstLoss 0.0449
[Tracker] Saved snapshot: ep0765_phase1_class1
[Tracker] Ep  766 | AvgR 0.0003 | Global 0.5588 | Local 0.1192 | F1_macro 0.9979 | WorstLoss 0.0523
[Tracker] Ep  767 | AvgR 0.0003 | Global 0.6210 | Local 0.1192 | F1_macro 1.0000 | WorstLoss 0.0265
[Tracker] Ep  768 | AvgR 0.0003 | Global 0.6402 | Local 0.1192 | F1_macro 1.0000 | WorstLoss 0.0183
[Tracker] Ep  769 | AvgR 0.0003 | Global 0.6475 | Local 0.1192 | F1_macro 1.0000 | WorstLoss 0.0151
[Tracker] Ep  770 | AvgR 0.0003 | Global 0.6269 | Local 0.1192 | F1_macro 1.0000 | WorstLoss 0.0240
[Tracker] Saved snapshot: ep0770_phase1_class1
[Tracker] Ep  771 | AvgR 0.0003 | Global 0.6335 | Local 0.1192 | F1_macro 0.9979 | WorstLoss 0.0212
[Tracker] Ep  772 | AvgR 0.0003 | Global 0.5963 | Local 0.1192 | F1_macro 0.9958 | WorstLoss 0.0369
[Tracker] Ep  773 | AvgR 0.0003 | Global 0.5842 | Local 0.1192 | F1_macro 0.9958 | WorstLoss 0.0419
[Tracker] Ep  774 | AvgR 0.0003 | Global 0.6252 | Local 0.1192 | F1_macro 1.0000 | WorstLoss 0.0247
[Tracker] Ep  775 | AvgR 0.0003 | Global 0.6028 | Local 0.1192 | F1_macro 0.9915 | WorstLoss 0.0342
[Tracker] Saved snapshot: ep0775_phase1_class1
[Tracker] Ep  776 | AvgR 0.0003 | Global 0.6085 | Local 0.1192 | F1_macro 0.9958 | WorstLoss 0.0318
[Tracker] Ep  777 | AvgR 0.0003 | Global 0.5290 | Local 0.1192 | F1_macro 0.9936 | WorstLoss 0.0642
[Tracker] Ep  778 | AvgR 0.0003 | Global 0.6127 | Local 0.1192 | F1_macro 0.9979 | WorstLoss 0.0300
[Tracker] Ep  779 | AvgR 0.0003 | Global 0.6350 | Local 0.1192 | F1_macro 1.0000 | WorstLoss 0.0205
[Tracker] Ep  780 | AvgR 0.0003 | Global 0.6456 | Local 0.1192 | F1_macro 1.0000 | WorstLoss 0.0159
[Tracker] Saved snapshot: ep0780_phase1_class1
[Tracker] Ep  781 | AvgR 0.0003 | Global 0.6327 | Local 0.1192 | F1_macro 0.9979 | WorstLoss 0.0215
[Tracker] Ep  782 | AvgR 0.0003 | Global 0.6254 | Local 0.1192 | F1_macro 0.9979 | WorstLoss 0.0246
[Tracker] Ep  783 | AvgR 0.0003 | Global 0.6232 | Local 0.1192 | F1_macro 0.9979 | WorstLoss 0.0256
[Tracker] Ep  784 | AvgR 0.0003 | Global 0.6154 | Local 0.1192 | F1_macro 0.9979 | WorstLoss 0.0289
[Tracker] Ep  785 | AvgR 0.0003 | Global 0.6297 | Local 0.1192 | F1_macro 0.9979 | WorstLoss 0.0228
[Tracker] Saved snapshot: ep0785_phase1_class1
[Tracker] Ep  786 | AvgR 0.0003 | Global 0.5813 | Local 0.1192 | F1_macro 0.9958 | WorstLoss 0.0431
[Tracker] Ep  787 | AvgR 0.0003 | Global 0.5411 | Local 0.1192 | F1_macro 0.9958 | WorstLoss 0.0594
[Tracker] Ep  788 | AvgR 0.0003 | Global 0.5399 | Local 0.1192 | F1_macro 0.9979 | WorstLoss 0.0599
[Tracker] Ep  789 | AvgR 0.0003 | Global 0.6290 | Local 0.1192 | F1_macro 1.0000 | WorstLoss 0.0231
[Tracker] Ep  790 | AvgR 0.0003 | Global 0.6067 | Local 0.1192 | F1_macro 0.9979 | WorstLoss 0.0325
[Tracker] Saved snapshot: ep0790_phase1_class1
[Tracker] Ep  791 | AvgR 0.0003 | Global 0.6191 | Local 0.1192 | F1_macro 0.9979 | WorstLoss 0.0273
[Tracker] Ep  792 | AvgR 0.0003 | Global 0.6101 | Local 0.1192 | F1_macro 0.9958 | WorstLoss 0.0311
[Tracker] Ep  793 | AvgR 0.0003 | Global 0.5576 | Local 0.1192 | F1_macro 0.9958 | WorstLoss 0.0528
[Tracker] Ep  794 | AvgR 0.0003 | Global 0.6412 | Local 0.1192 | F1_macro 1.0000 | WorstLoss 0.0179
[Tracker] Ep  795 | AvgR 0.0003 | Global 0.6033 | Local 0.1192 | F1_macro 0.9958 | WorstLoss 0.0340
[Tracker] Saved snapshot: ep0795_phase1_class1
[Tracker] Ep  796 | AvgR 0.0003 | Global 0.6324 | Local 0.1192 | F1_macro 0.9979 | WorstLoss 0.0217
[Tracker] Ep  797 | AvgR 0.0003 | Global 0.6384 | Local 0.1192 | F1_macro 1.0000 | WorstLoss 0.0191
[Tracker] Ep  798 | AvgR 0.0003 | Global 0.6317 | Local 0.1192 | F1_macro 1.0000 | WorstLoss 0.0219
[Tracker] Ep  799 | AvgR 0.0003 | Global 0.6035 | Local 0.1192 | F1_macro 0.9958 | WorstLoss 0.0339
[Tracker] Ep  800 | AvgR 0.0003 | Global 0.6493 | Local 0.1192 | F1_macro 1.0000 | WorstLoss 0.0143
[Tracker] Saved snapshot: ep0800_phase1_class1
[Phase] Finished phase1_class1 | best global_obj=0.6648
[TestSuite] Using provided β (no best checkpoint found or factory missing).

[TEST] Alpha -> F1(min)=0.8920 | F1(maj)=0.8180 | F1(weighted)=0.8695 | F1(macro)=0.8550 | Brier=0.1309
[TEST] Beta  -> F1(min)=0.9030 | F1(maj)=0.8309 | F1(weighted)=0.8811 | F1(macro)=0.8670 | Brier=0.1198
[TestSuite] Final test metrics appended to (seed): training_runs/SPECp1_har_nobias_global_5s_EP800_PCA10_REWfairness_minID5_majID24_TRJ2000_GG202603241204_8b91bc47/seed_0/final_test_metrics.csv
[TestSuite] Final test metrics appended to (experiment): training_runs/SPECp1_har_nobias_global_5s_EP800_PCA10_REWfairness_minID5_majID24_TRJ2000_GG202603241204_8b91bc47/final_test_metrics.csv
Total time 2222.16s
[Tracker] Finished. Run folder: training_runs/SPECp1_har_nobias_global_5s_EP800_PCA10_REWfairness_minID5_majID24_TRJ2000_GG202603241204_8b91bc47/seed_0
[main] ---- running seed=1 ----
FFNN Using device: cuda:0
FFNN Using device: cuda:0
[Tracker] Experiment: SPECp1_har_nobias_global_5s_EP800_PCA10_REWfairness_minID5_majID24_TRJ2000_GG202603241204_8b91bc47
[Tracker] Seed folder: training_runs/SPECp1_har_nobias_global_5s_EP800_PCA10_REWfairness_minID5_majID24_TRJ2000_GG202603241204_8b91bc47/seed_1
[Tracker] Run: 2026-03-24_13-19-25_seed1_4119123_c31b2b37
[Tracker] Metrics CSV: training_runs/SPECp1_har_nobias_global_5s_EP800_PCA10_REWfairness_minID5_majID24_TRJ2000_GG202603241204_8b91bc47/seed_1/metrics.csv
[Tracker] Mirroring console to: training_runs/SPECp1_har_nobias_global_5s_EP800_PCA10_REWfairness_minID5_majID24_TRJ2000_GG202603241204_8b91bc47/seed_1/console.log
[TRAIN] size=1686, rope=1174 (69.63%), class0=512, class1=1174
[VAL] size=560, rope=390 (69.64%), class0=170, class1=390
[TEST] size=568, rope=395 (69.54%), class0=173, class1=395
use_pca=True | theta_dim=10 | features_in=14 | classes=[np.int64(0), np.int64(1)]
FFNN Using device: cuda:0
FFNN Using device: cuda:0
Beta will train with: 45.74% real data, 54.26% synthetic data: 
[disadv] group=0 per_g={0: 0.021454058587551117, 1: 0.002626774599775672} worst_4g=0.0316 soft_eo_alpha=0.0046
Anchors: 110 (disadv=0) sigma_anchor=0.8500
[Tracker] Alpha model state_dict saved to training_runs/SPECp1_har_nobias_global_5s_EP800_PCA10_REWfairness_minID5_majID24_TRJ2000_GG202603241204_8b91bc47/seed_1/alpha_state_dict.pt
[Tracker] Alpha model config saved to training_runs/SPECp1_har_nobias_global_5s_EP800_PCA10_REWfairness_minID5_majID24_TRJ2000_GG202603241204_8b91bc47/seed_1/ffnn_meta.json

============================================================
[Phase] Starting phase1_class1 | target_class=1 | episodes=800
============================================================
[Tracker] CSV header written with 44 columns.
[Tracker] Ep    1 | AvgR 0.0003 | Global 0.5414 | Local 0.1192 | F1_macro 0.9979 | WorstLoss 0.0150
[Tracker] New BEST synthetic [phase1_class1] (by global.global_obj: 0.541425) saved.
[Tracker] BEST β weights [phase1_class1] saved -> training_runs/SPECp1_har_nobias_global_5s_EP800_PCA10_REWfairness_minID5_majID24_TRJ2000_GG202603241204_8b91bc47/seed_1/best_beta_state_dict_phase1_class1.pt
[Tracker] Ep    2 | AvgR 0.0002 | Global 0.4930 | Local 0.1192 | F1_macro 0.9979 | WorstLoss 0.0344
[Tracker] Ep    3 | AvgR 0.0003 | Global 0.5425 | Local 0.1192 | F1_macro 0.9979 | WorstLoss 0.0146
[Tracker] New BEST synthetic [phase1_class1] (by global.global_obj: 0.542480) saved.
[Tracker] BEST β weights [phase1_class1] saved -> training_runs/SPECp1_har_nobias_global_5s_EP800_PCA10_REWfairness_minID5_majID24_TRJ2000_GG202603241204_8b91bc47/seed_1/best_beta_state_dict_phase1_class1.pt
[Tracker] Ep    4 | AvgR 0.0003 | Global 0.5124 | Local 0.1192 | F1_macro 0.9979 | WorstLoss 0.0266
[Tracker] Ep    5 | AvgR 0.0003 | Global 0.5236 | Local 0.1192 | F1_macro 0.9979 | WorstLoss 0.0221
[Tracker] Saved snapshot: ep0005_phase1_class1
[Tracker] Ep    6 | AvgR 0.0003 | Global 0.5270 | Local 0.1192 | F1_macro 0.9979 | WorstLoss 0.0208
[Tracker] Ep    7 | AvgR 0.0003 | Global 0.5529 | Local 0.1192 | F1_macro 1.0000 | WorstLoss 0.0103
[Tracker] New BEST synthetic [phase1_class1] (by global.global_obj: 0.552924) saved.
[Tracker] BEST β weights [phase1_class1] saved -> training_runs/SPECp1_har_nobias_global_5s_EP800_PCA10_REWfairness_minID5_majID24_TRJ2000_GG202603241204_8b91bc47/seed_1/best_beta_state_dict_phase1_class1.pt
[Tracker] Ep    8 | AvgR 0.0003 | Global 0.5478 | Local 0.1192 | F1_macro 1.0000 | WorstLoss 0.0124
[Tracker] Ep    9 | AvgR 0.0003 | Global 0.5007 | Local 0.1192 | F1_macro 0.9979 | WorstLoss 0.0313
[Tracker] Ep   10 | AvgR 0.0003 | Global 0.5268 | Local 0.1192 | F1_macro 0.9979 | WorstLoss 0.0209
[Tracker] Saved snapshot: ep0010_phase1_class1
[Tracker] Ep   11 | AvgR 0.0003 | Global 0.5294 | Local 0.1192 | F1_macro 0.9979 | WorstLoss 0.0198
[Tracker] Ep   12 | AvgR 0.0003 | Global 0.5374 | Local 0.1192 | F1_macro 0.9979 | WorstLoss 0.0166
[Tracker] Ep   13 | AvgR 0.0003 | Global 0.5137 | Local 0.1192 | F1_macro 0.9979 | WorstLoss 0.0261
[Tracker] Ep   14 | AvgR 0.0003 | Global 0.5334 | Local 0.1192 | F1_macro 0.9979 | WorstLoss 0.0182
[Tracker] Ep   15 | AvgR 0.0003 | Global 0.5178 | Local 0.1192 | F1_macro 0.9979 | WorstLoss 0.0245
[Tracker] Saved snapshot: ep0015_phase1_class1
[Tracker] Ep   16 | AvgR 0.0003 | Global 0.5082 | Local 0.1192 | F1_macro 0.9979 | WorstLoss 0.0283
[Tracker] Ep   17 | AvgR 0.0003 | Global 0.5122 | Local 0.1192 | F1_macro 0.9979 | WorstLoss 0.0267
[Tracker] Ep   18 | AvgR 0.0002 | Global 0.4724 | Local 0.1192 | F1_macro 0.9979 | WorstLoss 0.0426
[Tracker] Ep   19 | AvgR 0.0003 | Global 0.5017 | Local 0.1192 | F1_macro 0.9979 | WorstLoss 0.0309
[Tracker] Ep   20 | AvgR 0.0003 | Global 0.5194 | Local 0.1192 | F1_macro 0.9979 | WorstLoss 0.0238
[Tracker] Saved snapshot: ep0020_phase1_class1
[Tracker] Ep   21 | AvgR 0.0003 | Global 0.5115 | Local 0.1192 | F1_macro 0.9979 | WorstLoss 0.0270
[Tracker] Ep   22 | AvgR 0.0003 | Global 0.5211 | Local 0.1192 | F1_macro 0.9979 | WorstLoss 0.0231
[Tracker] Ep   23 | AvgR 0.0003 | Global 0.5246 | Local 0.1192 | F1_macro 0.9979 | WorstLoss 0.0218
[Tracker] Ep   24 | AvgR 0.0003 | Global 0.5277 | Local 0.1192 | F1_macro 0.9979 | WorstLoss 0.0205
[Tracker] Ep   25 | AvgR 0.0003 | Global 0.5064 | Local 0.1192 | F1_macro 0.9979 | WorstLoss 0.0290
[Tracker] Saved snapshot: ep0025_phase1_class1
[Tracker] Ep   26 | AvgR 0.0003 | Global 0.5319 | Local 0.1192 | F1_macro 0.9979 | WorstLoss 0.0188
[Tracker] Ep   27 | AvgR 0.0003 | Global 0.5384 | Local 0.1192 | F1_macro 0.9979 | WorstLoss 0.0162
[Tracker] Ep   28 | AvgR 0.0003 | Global 0.5134 | Local 0.1192 | F1_macro 0.9979 | WorstLoss 0.0262
[Tracker] Ep   29 | AvgR 0.0003 | Global 0.5264 | Local 0.1192 | F1_macro 0.9979 | WorstLoss 0.0210
[Tracker] Ep   30 | AvgR 0.0002 | Global 0.4927 | Local 0.1192 | F1_macro 0.9979 | WorstLoss 0.0345
[Tracker] Saved snapshot: ep0030_phase1_class1
[Tracker] Ep   31 | AvgR 0.0003 | Global 0.5340 | Local 0.1192 | F1_macro 0.9979 | WorstLoss 0.0180
[Tracker] Ep   32 | AvgR 0.0003 | Global 0.5253 | Local 0.1192 | F1_macro 0.9979 | WorstLoss 0.0215
[Tracker] Ep   33 | AvgR 0.0003 | Global 0.5293 | Local 0.1192 | F1_macro 0.9979 | WorstLoss 0.0199
[Tracker] Ep   34 | AvgR 0.0003 | Global 0.5210 | Local 0.1192 | F1_macro 0.9979 | WorstLoss 0.0232
[Tracker] Ep   35 | AvgR 0.0002 | Global 0.4921 | Local 0.1192 | F1_macro 0.9979 | WorstLoss 0.0348
[Tracker] Saved snapshot: ep0035_phase1_class1
[Tracker] Ep   36 | AvgR 0.0003 | Global 0.5380 | Local 0.1192 | F1_macro 0.9979 | WorstLoss 0.0164
[Tracker] Ep   37 | AvgR 0.0003 | Global 0.5010 | Local 0.1192 | F1_macro 0.9979 | WorstLoss 0.0312
[Tracker] Ep   38 | AvgR 0.0003 | Global 0.5279 | Local 0.1192 | F1_macro 0.9979 | WorstLoss 0.0204
[Tracker] Ep   39 | AvgR 0.0003 | Global 0.5260 | Local 0.1192 | F1_macro 0.9979 | WorstLoss 0.0212
[Tracker] Ep   40 | AvgR 0.0003 | Global 0.5025 | Local 0.1192 | F1_macro 0.9979 | WorstLoss 0.0306
[Tracker] Saved snapshot: ep0040_phase1_class1
[Tracker] Ep   41 | AvgR 0.0003 | Global 0.5253 | Local 0.1192 | F1_macro 1.0000 | WorstLoss 0.0214
[Tracker] Ep   42 | AvgR 0.0002 | Global 0.4884 | Local 0.1192 | F1_macro 0.9979 | WorstLoss 0.0362
[Tracker] Ep   43 | AvgR 0.0003 | Global 0.5055 | Local 0.1192 | F1_macro 0.9979 | WorstLoss 0.0294
[Tracker] Ep   44 | AvgR 0.0003 | Global 0.5163 | Local 0.1192 | F1_macro 0.9979 | WorstLoss 0.0251
[Tracker] Ep   45 | AvgR 0.0003 | Global 0.5181 | Local 0.1192 | F1_macro 0.9979 | WorstLoss 0.0244
[Tracker] Saved snapshot: ep0045_phase1_class1
[Tracker] Ep   46 | AvgR 0.0002 | Global 0.4774 | Local 0.1192 | F1_macro 0.9979 | WorstLoss 0.0407
[Tracker] Ep   47 | AvgR 0.0002 | Global 0.4593 | Local 0.1192 | F1_macro 0.9958 | WorstLoss 0.0479
[Tracker] Ep   48 | AvgR 0.0003 | Global 0.5231 | Local 0.1192 | F1_macro 0.9979 | WorstLoss 0.0224
[Tracker] Ep   49 | AvgR 0.0003 | Global 0.5267 | Local 0.1192 | F1_macro 1.0000 | WorstLoss 0.0209
[Tracker] Ep   50 | AvgR 0.0003 | Global 0.5197 | Local 0.1192 | F1_macro 0.9979 | WorstLoss 0.0237
[Tracker] Saved snapshot: ep0050_phase1_class1
[Tracker] Ep   51 | AvgR 0.0003 | Global 0.5048 | Local 0.1192 | F1_macro 0.9979 | WorstLoss 0.0297
[Tracker] Ep   52 | AvgR 0.0003 | Global 0.5112 | Local 0.1192 | F1_macro 0.9979 | WorstLoss 0.0271
[Tracker] Ep   53 | AvgR 0.0003 | Global 0.5135 | Local 0.1192 | F1_macro 0.9979 | WorstLoss 0.0262
[Tracker] Ep   54 | AvgR 0.0003 | Global 0.5351 | Local 0.1192 | F1_macro 0.9979 | WorstLoss 0.0175
[Tracker] Ep   55 | AvgR 0.0002 | Global 0.4832 | Local 0.1192 | F1_macro 0.9979 | WorstLoss 0.0383
[Tracker] Saved snapshot: ep0055_phase1_class1
[Tracker] Ep   56 | AvgR 0.0003 | Global 0.5397 | Local 0.1192 | F1_macro 0.9979 | WorstLoss 0.0157
[Tracker] Ep   57 | AvgR 0.0003 | Global 0.5002 | Local 0.1192 | F1_macro 0.9979 | WorstLoss 0.0315
[Tracker] Ep   58 | AvgR 0.0003 | Global 0.5386 | Local 0.1192 | F1_macro 0.9979 | WorstLoss 0.0161
[Tracker] Ep   59 | AvgR 0.0002 | Global 0.4812 | Local 0.1192 | F1_macro 0.9979 | WorstLoss 0.0391
[Tracker] Ep   60 | AvgR 0.0003 | Global 0.5221 | Local 0.1192 | F1_macro 0.9979 | WorstLoss 0.0227
[Tracker] Saved snapshot: ep0060_phase1_class1
[Tracker] Ep   61 | AvgR 0.0003 | Global 0.5198 | Local 0.1192 | F1_macro 0.9979 | WorstLoss 0.0237
[Tracker] Ep   62 | AvgR 0.0003 | Global 0.5198 | Local 0.1192 | F1_macro 0.9979 | WorstLoss 0.0237
[Tracker] Ep   63 | AvgR 0.0003 | Global 0.5317 | Local 0.1192 | F1_macro 0.9979 | WorstLoss 0.0189
[Tracker] Ep   64 | AvgR 0.0002 | Global 0.4983 | Local 0.1192 | F1_macro 0.9979 | WorstLoss 0.0323
[Tracker] Ep   65 | AvgR 0.0002 | Global 0.4637 | Local 0.1192 | F1_macro 0.9979 | WorstLoss 0.0461
[Tracker] Saved snapshot: ep0065_phase1_class1
[Tracker] Ep   66 | AvgR 0.0003 | Global 0.5392 | Local 0.1192 | F1_macro 0.9979 | WorstLoss 0.0159
[Tracker] Ep   67 | AvgR 0.0003 | Global 0.5100 | Local 0.1192 | F1_macro 0.9979 | WorstLoss 0.0276
[Tracker] Ep   68 | AvgR 0.0003 | Global 0.5188 | Local 0.1192 | F1_macro 0.9979 | WorstLoss 0.0241
[Tracker] Ep   69 | AvgR 0.0003 | Global 0.5151 | Local 0.1192 | F1_macro 0.9979 | WorstLoss 0.0256
[Tracker] Ep   70 | AvgR 0.0003 | Global 0.5169 | Local 0.1192 | F1_macro 0.9979 | WorstLoss 0.0248
[Tracker] Saved snapshot: ep0070_phase1_class1
[Tracker] Ep   71 | AvgR 0.0003 | Global 0.5163 | Local 0.1192 | F1_macro 0.9979 | WorstLoss 0.0251
[Tracker] Ep   72 | AvgR 0.0003 | Global 0.5448 | Local 0.1192 | F1_macro 1.0000 | WorstLoss 0.0136
[Tracker] Ep   73 | AvgR 0.0002 | Global 0.4956 | Local 0.1192 | F1_macro 0.9979 | WorstLoss 0.0334
[Tracker] Ep   74 | AvgR 0.0002 | Global 0.4598 | Local 0.1192 | F1_macro 0.9936 | WorstLoss 0.0477
[Tracker] Ep   75 | AvgR 0.0002 | Global 0.4899 | Local 0.1192 | F1_macro 0.9979 | WorstLoss 0.0356
[Tracker] Saved snapshot: ep0075_phase1_class1
[Tracker] Ep   76 | AvgR 0.0003 | Global 0.5163 | Local 0.1192 | F1_macro 0.9979 | WorstLoss 0.0251
[Tracker] Ep   77 | AvgR 0.0003 | Global 0.5586 | Local 0.1192 | F1_macro 1.0000 | WorstLoss 0.0081
[Tracker] New BEST synthetic [phase1_class1] (by global.global_obj: 0.558580) saved.
[Tracker] BEST β weights [phase1_class1] saved -> training_runs/SPECp1_har_nobias_global_5s_EP800_PCA10_REWfairness_minID5_majID24_TRJ2000_GG202603241204_8b91bc47/seed_1/best_beta_state_dict_phase1_class1.pt
[Tracker] Ep   78 | AvgR 0.0003 | Global 0.5011 | Local 0.1192 | F1_macro 0.9979 | WorstLoss 0.0311
[Tracker] Ep   79 | AvgR 0.0003 | Global 0.5200 | Local 0.1192 | F1_macro 0.9979 | WorstLoss 0.0236
[Tracker] Ep   80 | AvgR 0.0002 | Global 0.4500 | Local 0.1192 | F1_macro 0.9915 | WorstLoss 0.0517
[Tracker] Saved snapshot: ep0080_phase1_class1
[Tracker] Ep   81 | AvgR 0.0002 | Global 0.4674 | Local 0.1192 | F1_macro 0.9979 | WorstLoss 0.0447
[Tracker] Ep   82 | AvgR 0.0003 | Global 0.5148 | Local 0.1192 | F1_macro 0.9979 | WorstLoss 0.0257
[Tracker] Ep   83 | AvgR 0.0003 | Global 0.5314 | Local 0.1192 | F1_macro 0.9979 | WorstLoss 0.0190
[Tracker] Ep   84 | AvgR 0.0003 | Global 0.5348 | Local 0.1192 | F1_macro 0.9979 | WorstLoss 0.0177
[Tracker] Ep   85 | AvgR 0.0003 | Global 0.5304 | Local 0.1192 | F1_macro 0.9979 | WorstLoss 0.0194
[Tracker] Saved snapshot: ep0085_phase1_class1
[Tracker] Ep   86 | AvgR 0.0003 | Global 0.5162 | Local 0.1192 | F1_macro 0.9979 | WorstLoss 0.0251
[Tracker] Ep   87 | AvgR 0.0003 | Global 0.5115 | Local 0.1192 | F1_macro 0.9979 | WorstLoss 0.0270
[Tracker] Ep   88 | AvgR 0.0003 | Global 0.5349 | Local 0.1192 | F1_macro 0.9979 | WorstLoss 0.0176
[Tracker] Ep   89 | AvgR 0.0003 | Global 0.5399 | Local 0.1192 | F1_macro 0.9979 | WorstLoss 0.0156
[Tracker] Ep   90 | AvgR 0.0003 | Global 0.5104 | Local 0.1192 | F1_macro 0.9979 | WorstLoss 0.0274
[Tracker] Saved snapshot: ep0090_phase1_class1
[Tracker] Ep   91 | AvgR 0.0003 | Global 0.5129 | Local 0.1192 | F1_macro 0.9979 | WorstLoss 0.0264
[Tracker] Ep   92 | AvgR 0.0003 | Global 0.5028 | Local 0.1192 | F1_macro 0.9958 | WorstLoss 0.0305
[Tracker] Ep   93 | AvgR 0.0003 | Global 0.5166 | Local 0.1192 | F1_macro 0.9979 | WorstLoss 0.0249
[Tracker] Ep   94 | AvgR 0.0002 | Global 0.4865 | Local 0.1192 | F1_macro 0.9958 | WorstLoss 0.0370
[Tracker] Ep   95 | AvgR 0.0002 | Global 0.4987 | Local 0.1192 | F1_macro 0.9979 | WorstLoss 0.0321
[Tracker] Saved snapshot: ep0095_phase1_class1
[Tracker] Ep   96 | AvgR 0.0003 | Global 0.5344 | Local 0.1192 | F1_macro 0.9979 | WorstLoss 0.0178
[Tracker] Ep   97 | AvgR 0.0003 | Global 0.5022 | Local 0.1192 | F1_macro 0.9979 | WorstLoss 0.0307
[Tracker] Ep   98 | AvgR 0.0003 | Global 0.5020 | Local 0.1192 | F1_macro 0.9979 | WorstLoss 0.0308
[Tracker] Ep   99 | AvgR 0.0003 | Global 0.5219 | Local 0.1192 | F1_macro 0.9979 | WorstLoss 0.0228
[Tracker] Ep  100 | AvgR 0.0003 | Global 0.5188 | Local 0.1192 | F1_macro 0.9979 | WorstLoss 0.0240
[Tracker] Saved snapshot: ep0100_phase1_class1
[Tracker] Ep  101 | AvgR 0.0003 | Global 0.5388 | Local 0.1192 | F1_macro 0.9979 | WorstLoss 0.0161
[Tracker] Ep  102 | AvgR 0.0003 | Global 0.5366 | Local 0.1192 | F1_macro 0.9979 | WorstLoss 0.0169
[Tracker] Ep  103 | AvgR 0.0003 | Global 0.5088 | Local 0.1192 | F1_macro 0.9979 | WorstLoss 0.0281
[Tracker] Ep  104 | AvgR 0.0003 | Global 0.5357 | Local 0.1192 | F1_macro 0.9979 | WorstLoss 0.0173
[Tracker] Ep  105 | AvgR 0.0003 | Global 0.5233 | Local 0.1192 | F1_macro 0.9979 | WorstLoss 0.0223
[Tracker] Saved snapshot: ep0105_phase1_class1
[Tracker] Ep  106 | AvgR 0.0002 | Global 0.4962 | Local 0.1192 | F1_macro 0.9979 | WorstLoss 0.0331
[Tracker] Ep  107 | AvgR 0.0002 | Global 0.4694 | Local 0.1192 | F1_macro 0.9979 | WorstLoss 0.0439
[Tracker] Ep  108 | AvgR 0.0003 | Global 0.5422 | Local 0.1192 | F1_macro 0.9979 | WorstLoss 0.0147
[Tracker] Ep  109 | AvgR 0.0002 | Global 0.4687 | Local 0.1192 | F1_macro 0.9979 | WorstLoss 0.0441
[Tracker] Ep  110 | AvgR 0.0003 | Global 0.5393 | Local 0.1192 | F1_macro 0.9979 | WorstLoss 0.0158
[Tracker] Saved snapshot: ep0110_phase1_class1
[Tracker] Ep  111 | AvgR 0.0003 | Global 0.5430 | Local 0.1192 | F1_macro 1.0000 | WorstLoss 0.0144
[Tracker] Ep  112 | AvgR 0.0003 | Global 0.5284 | Local 0.1192 | F1_macro 0.9979 | WorstLoss 0.0202
[Tracker] Ep  113 | AvgR 0.0003 | Global 0.5314 | Local 0.1192 | F1_macro 0.9979 | WorstLoss 0.0190
[Tracker] Ep  114 | AvgR 0.0003 | Global 0.5239 | Local 0.1192 | F1_macro 0.9979 | WorstLoss 0.0220
[Tracker] Ep  115 | AvgR 0.0003 | Global 0.5179 | Local 0.1192 | F1_macro 0.9979 | WorstLoss 0.0244
[Tracker] Saved snapshot: ep0115_phase1_class1
[Tracker] Ep  116 | AvgR 0.0003 | Global 0.5486 | Local 0.1192 | F1_macro 1.0000 | WorstLoss 0.0121
[Tracker] Ep  117 | AvgR 0.0003 | Global 0.5239 | Local 0.1192 | F1_macro 0.9979 | WorstLoss 0.0220
[Tracker] Ep  118 | AvgR 0.0003 | Global 0.5282 | Local 0.1192 | F1_macro 0.9979 | WorstLoss 0.0203
[Tracker] Ep  119 | AvgR 0.0003 | Global 0.5487 | Local 0.1192 | F1_macro 1.0000 | WorstLoss 0.0121
[Tracker] Ep  120 | AvgR 0.0003 | Global 0.5342 | Local 0.1192 | F1_macro 0.9979 | WorstLoss 0.0179
[Tracker] Saved snapshot: ep0120_phase1_class1
[Tracker] Ep  121 | AvgR 0.0003 | Global 0.5086 | Local 0.1192 | F1_macro 0.9979 | WorstLoss 0.0281
[Tracker] Ep  122 | AvgR 0.0002 | Global 0.4938 | Local 0.1192 | F1_macro 0.9958 | WorstLoss 0.0341
[Tracker] Ep  123 | AvgR 0.0003 | Global 0.5226 | Local 0.1192 | F1_macro 0.9979 | WorstLoss 0.0226
[Tracker] Ep  124 | AvgR 0.0003 | Global 0.5118 | Local 0.1192 | F1_macro 0.9979 | WorstLoss 0.0269
[Tracker] Ep  125 | AvgR 0.0003 | Global 0.5205 | Local 0.1192 | F1_macro 0.9979 | WorstLoss 0.0234
[Tracker] Saved snapshot: ep0125_phase1_class1
[Tracker] Ep  126 | AvgR 0.0003 | Global 0.5413 | Local 0.1192 | F1_macro 0.9979 | WorstLoss 0.0150
[Tracker] Ep  127 | AvgR 0.0003 | Global 0.5106 | Local 0.1192 | F1_macro 0.9979 | WorstLoss 0.0274
[Tracker] Ep  128 | AvgR 0.0003 | Global 0.5379 | Local 0.1192 | F1_macro 0.9979 | WorstLoss 0.0164
[Tracker] Ep  129 | AvgR 0.0003 | Global 0.5170 | Local 0.1192 | F1_macro 0.9979 | WorstLoss 0.0248
[Tracker] Ep  130 | AvgR 0.0003 | Global 0.5222 | Local 0.1192 | F1_macro 0.9979 | WorstLoss 0.0227
[Tracker] Saved snapshot: ep0130_phase1_class1
[Tracker] Ep  131 | AvgR 0.0003 | Global 0.5061 | Local 0.1192 | F1_macro 0.9979 | WorstLoss 0.0292
[Tracker] Ep  132 | AvgR 0.0003 | Global 0.5504 | Local 0.1192 | F1_macro 1.0000 | WorstLoss 0.0113
[Tracker] Ep  133 | AvgR 0.0003 | Global 0.5373 | Local 0.1192 | F1_macro 0.9979 | WorstLoss 0.0167
[Tracker] Ep  134 | AvgR 0.0003 | Global 0.5307 | Local 0.1192 | F1_macro 0.9979 | WorstLoss 0.0193
[Tracker] Ep  135 | AvgR 0.0003 | Global 0.5069 | Local 0.1192 | F1_macro 0.9979 | WorstLoss 0.0288
[Tracker] Saved snapshot: ep0135_phase1_class1
[Tracker] Ep  136 | AvgR 0.0003 | Global 0.5209 | Local 0.1192 | F1_macro 0.9979 | WorstLoss 0.0232
[Tracker] Ep  137 | AvgR 0.0003 | Global 0.5480 | Local 0.1192 | F1_macro 1.0000 | WorstLoss 0.0123
[Tracker] Ep  138 | AvgR 0.0003 | Global 0.5394 | Local 0.1192 | F1_macro 0.9979 | WorstLoss 0.0158
[Tracker] Ep  139 | AvgR 0.0003 | Global 0.5267 | Local 0.1192 | F1_macro 0.9979 | WorstLoss 0.0209
[Tracker] Ep  140 | AvgR 0.0003 | Global 0.5270 | Local 0.1192 | F1_macro 0.9979 | WorstLoss 0.0208
[Tracker] Saved snapshot: ep0140_phase1_class1
[Tracker] Ep  141 | AvgR 0.0003 | Global 0.5298 | Local 0.1192 | F1_macro 0.9979 | WorstLoss 0.0197
[Tracker] Ep  142 | AvgR 0.0002 | Global 0.4851 | Local 0.1192 | F1_macro 0.9979 | WorstLoss 0.0375
[Tracker] Ep  143 | AvgR 0.0003 | Global 0.5180 | Local 0.1192 | F1_macro 0.9979 | WorstLoss 0.0244
[Tracker] Ep  144 | AvgR 0.0003 | Global 0.5153 | Local 0.1192 | F1_macro 0.9979 | WorstLoss 0.0255
[Tracker] Ep  145 | AvgR 0.0003 | Global 0.5401 | Local 0.1192 | F1_macro 0.9979 | WorstLoss 0.0155
[Tracker] Saved snapshot: ep0145_phase1_class1
[Tracker] Ep  146 | AvgR 0.0003 | Global 0.5610 | Local 0.1192 | F1_macro 1.0000 | WorstLoss 0.0071
[Tracker] New BEST synthetic [phase1_class1] (by global.global_obj: 0.560960) saved.
[Tracker] BEST β weights [phase1_class1] saved -> training_runs/SPECp1_har_nobias_global_5s_EP800_PCA10_REWfairness_minID5_majID24_TRJ2000_GG202603241204_8b91bc47/seed_1/best_beta_state_dict_phase1_class1.pt
[Tracker] Ep  147 | AvgR 0.0003 | Global 0.5123 | Local 0.1192 | F1_macro 0.9979 | WorstLoss 0.0267
[Tracker] Ep  148 | AvgR 0.0002 | Global 0.4938 | Local 0.1192 | F1_macro 0.9979 | WorstLoss 0.0341
[Tracker] Ep  149 | AvgR 0.0003 | Global 0.5321 | Local 0.1192 | F1_macro 0.9979 | WorstLoss 0.0187
[Tracker] Ep  150 | AvgR 0.0002 | Global 0.4945 | Local 0.1192 | F1_macro 0.9979 | WorstLoss 0.0338
[Tracker] Saved snapshot: ep0150_phase1_class1
[Tracker] Ep  151 | AvgR 0.0003 | Global 0.5083 | Local 0.1192 | F1_macro 0.9979 | WorstLoss 0.0283
[Tracker] Ep  152 | AvgR 0.0003 | Global 0.5384 | Local 0.1192 | F1_macro 0.9979 | WorstLoss 0.0162
[Tracker] Ep  153 | AvgR 0.0003 | Global 0.5384 | Local 0.1192 | F1_macro 0.9979 | WorstLoss 0.0162
[Tracker] Ep  154 | AvgR 0.0003 | Global 0.5502 | Local 0.1192 | F1_macro 1.0000 | WorstLoss 0.0115
[Tracker] Ep  155 | AvgR 0.0002 | Global 0.4797 | Local 0.1192 | F1_macro 0.9979 | WorstLoss 0.0397
[Tracker] Saved snapshot: ep0155_phase1_class1
[Tracker] Ep  156 | AvgR 0.0003 | Global 0.5151 | Local 0.1192 | F1_macro 0.9979 | WorstLoss 0.0255
[Tracker] Ep  157 | AvgR 0.0003 | Global 0.5233 | Local 0.1192 | F1_macro 0.9979 | WorstLoss 0.0223
[Tracker] Ep  158 | AvgR 0.0003 | Global 0.5493 | Local 0.1192 | F1_macro 1.0000 | WorstLoss 0.0118
[Tracker] Ep  159 | AvgR 0.0003 | Global 0.5356 | Local 0.1192 | F1_macro 0.9979 | WorstLoss 0.0173
[Tracker] Ep  160 | AvgR 0.0003 | Global 0.5588 | Local 0.1192 | F1_macro 1.0000 | WorstLoss 0.0080
[Tracker] Saved snapshot: ep0160_phase1_class1
[Tracker] Ep  161 | AvgR 0.0002 | Global 0.4778 | Local 0.1192 | F1_macro 0.9979 | WorstLoss 0.0405
[Tracker] Ep  162 | AvgR 0.0003 | Global 0.5475 | Local 0.1192 | F1_macro 1.0000 | WorstLoss 0.0125
[Tracker] Ep  163 | AvgR 0.0003 | Global 0.5206 | Local 0.1192 | F1_macro 0.9979 | WorstLoss 0.0234
[Tracker] Ep  164 | AvgR 0.0003 | Global 0.5529 | Local 0.1192 | F1_macro 1.0000 | WorstLoss 0.0104
[Tracker] Ep  165 | AvgR 0.0003 | Global 0.5428 | Local 0.1192 | F1_macro 0.9979 | WorstLoss 0.0144
[Tracker] Saved snapshot: ep0165_phase1_class1
[Tracker] Ep  166 | AvgR 0.0003 | Global 0.5332 | Local 0.1192 | F1_macro 0.9979 | WorstLoss 0.0183
[Tracker] Ep  167 | AvgR 0.0003 | Global 0.5334 | Local 0.1192 | F1_macro 0.9979 | WorstLoss 0.0182
[Tracker] Ep  168 | AvgR 0.0003 | Global 0.5244 | Local 0.1192 | F1_macro 0.9979 | WorstLoss 0.0218
[Tracker] Ep  169 | AvgR 0.0003 | Global 0.5411 | Local 0.1192 | F1_macro 0.9979 | WorstLoss 0.0151
[Tracker] Ep  170 | AvgR 0.0003 | Global 0.5382 | Local 0.1192 | F1_macro 0.9979 | WorstLoss 0.0163
[Tracker] Saved snapshot: ep0170_phase1_class1
[Tracker] Ep  171 | AvgR 0.0003 | Global 0.5455 | Local 0.1192 | F1_macro 1.0000 | WorstLoss 0.0133
[Tracker] Ep  172 | AvgR 0.0003 | Global 0.5559 | Local 0.1192 | F1_macro 1.0000 | WorstLoss 0.0091
[Tracker] Ep  173 | AvgR 0.0003 | Global 0.5435 | Local 0.1192 | F1_macro 1.0000 | WorstLoss 0.0141
[Tracker] Ep  174 | AvgR 0.0003 | Global 0.5371 | Local 0.1192 | F1_macro 0.9979 | WorstLoss 0.0167
[Tracker] Ep  175 | AvgR 0.0003 | Global 0.5548 | Local 0.1192 | F1_macro 1.0000 | WorstLoss 0.0096
[Tracker] Saved snapshot: ep0175_phase1_class1
[Tracker] Ep  176 | AvgR 0.0003 | Global 0.5146 | Local 0.1192 | F1_macro 0.9979 | WorstLoss 0.0258
[Tracker] Ep  177 | AvgR 0.0003 | Global 0.5433 | Local 0.1192 | F1_macro 1.0000 | WorstLoss 0.0142
[Tracker] Ep  178 | AvgR 0.0003 | Global 0.5382 | Local 0.1192 | F1_macro 0.9958 | WorstLoss 0.0163
[Tracker] Ep  179 | AvgR 0.0003 | Global 0.5311 | Local 0.1192 | F1_macro 0.9979 | WorstLoss 0.0191
[Tracker] Ep  180 | AvgR 0.0003 | Global 0.5278 | Local 0.1192 | F1_macro 0.9979 | WorstLoss 0.0205
[Tracker] Saved snapshot: ep0180_phase1_class1
[Tracker] Ep  181 | AvgR 0.0003 | Global 0.5362 | Local 0.1192 | F1_macro 0.9979 | WorstLoss 0.0171
[Tracker] Ep  182 | AvgR 0.0003 | Global 0.5631 | Local 0.1192 | F1_macro 1.0000 | WorstLoss 0.0062
[Tracker] New BEST synthetic [phase1_class1] (by global.global_obj: 0.563078) saved.
[Tracker] BEST β weights [phase1_class1] saved -> training_runs/SPECp1_har_nobias_global_5s_EP800_PCA10_REWfairness_minID5_majID24_TRJ2000_GG202603241204_8b91bc47/seed_1/best_beta_state_dict_phase1_class1.pt
[Tracker] Ep  183 | AvgR 0.0003 | Global 0.5533 | Local 0.1192 | F1_macro 1.0000 | WorstLoss 0.0102
[Tracker] Ep  184 | AvgR 0.0003 | Global 0.5430 | Local 0.1192 | F1_macro 0.9979 | WorstLoss 0.0143
[Tracker] Ep  185 | AvgR 0.0003 | Global 0.5402 | Local 0.1192 | F1_macro 0.9979 | WorstLoss 0.0155
[Tracker] Saved snapshot: ep0185_phase1_class1
[Tracker] Ep  186 | AvgR 0.0003 | Global 0.5456 | Local 0.1192 | F1_macro 1.0000 | WorstLoss 0.0133
[Tracker] Ep  187 | AvgR 0.0003 | Global 0.5506 | Local 0.1192 | F1_macro 1.0000 | WorstLoss 0.0113
[Tracker] Ep  188 | AvgR 0.0003 | Global 0.5597 | Local 0.1192 | F1_macro 1.0000 | WorstLoss 0.0076
[Tracker] Ep  189 | AvgR 0.0003 | Global 0.5402 | Local 0.1192 | F1_macro 0.9979 | WorstLoss 0.0155
[Tracker] Ep  190 | AvgR 0.0003 | Global 0.5581 | Local 0.1192 | F1_macro 1.0000 | WorstLoss 0.0083
[Tracker] Saved snapshot: ep0190_phase1_class1
[Tracker] Ep  191 | AvgR 0.0003 | Global 0.5335 | Local 0.1192 | F1_macro 0.9979 | WorstLoss 0.0182
[Tracker] Ep  192 | AvgR 0.0003 | Global 0.5570 | Local 0.1192 | F1_macro 1.0000 | WorstLoss 0.0087
[Tracker] Ep  193 | AvgR 0.0003 | Global 0.5403 | Local 0.1192 | F1_macro 0.9979 | WorstLoss 0.0154
[Tracker] Ep  194 | AvgR 0.0003 | Global 0.5447 | Local 0.1192 | F1_macro 0.9979 | WorstLoss 0.0137
[Tracker] Ep  195 | AvgR 0.0003 | Global 0.5556 | Local 0.1192 | F1_macro 1.0000 | WorstLoss 0.0093
[Tracker] Saved snapshot: ep0195_phase1_class1
[Tracker] Ep  196 | AvgR 0.0003 | Global 0.5375 | Local 0.1192 | F1_macro 0.9979 | WorstLoss 0.0166
[Tracker] Ep  197 | AvgR 0.0003 | Global 0.5452 | Local 0.1192 | F1_macro 1.0000 | WorstLoss 0.0135
[Tracker] Ep  198 | AvgR 0.0003 | Global 0.5535 | Local 0.1192 | F1_macro 1.0000 | WorstLoss 0.0101
[Tracker] Ep  199 | AvgR 0.0003 | Global 0.5096 | Local 0.1192 | F1_macro 0.9979 | WorstLoss 0.0277
[Tracker] Ep  200 | AvgR 0.0003 | Global 0.5542 | Local 0.1192 | F1_macro 1.0000 | WorstLoss 0.0098
[Tracker] Saved snapshot: ep0200_phase1_class1
[Tracker] Ep  201 | AvgR 0.0003 | Global 0.5353 | Local 0.1192 | F1_macro 0.9979 | WorstLoss 0.0175
[Tracker] Ep  202 | AvgR 0.0003 | Global 0.5555 | Local 0.1192 | F1_macro 1.0000 | WorstLoss 0.0093
[Tracker] Ep  203 | AvgR 0.0003 | Global 0.5514 | Local 0.1192 | F1_macro 1.0000 | WorstLoss 0.0110
[Tracker] Ep  204 | AvgR 0.0003 | Global 0.5520 | Local 0.1192 | F1_macro 1.0000 | WorstLoss 0.0107
[Tracker] Ep  205 | AvgR 0.0003 | Global 0.5435 | Local 0.1192 | F1_macro 1.0000 | WorstLoss 0.0141
[Tracker] Saved snapshot: ep0205_phase1_class1
[Tracker] Ep  206 | AvgR 0.0003 | Global 0.5600 | Local 0.1192 | F1_macro 1.0000 | WorstLoss 0.0075
[Tracker] Ep  207 | AvgR 0.0003 | Global 0.5490 | Local 0.1192 | F1_macro 1.0000 | WorstLoss 0.0119
[Tracker] Ep  208 | AvgR 0.0003 | Global 0.5516 | Local 0.1192 | F1_macro 1.0000 | WorstLoss 0.0109
[Tracker] Ep  209 | AvgR 0.0003 | Global 0.5676 | Local 0.1192 | F1_macro 1.0000 | WorstLoss 0.0044
[Tracker] New BEST synthetic [phase1_class1] (by global.global_obj: 0.567581) saved.
[Tracker] BEST β weights [phase1_class1] saved -> training_runs/SPECp1_har_nobias_global_5s_EP800_PCA10_REWfairness_minID5_majID24_TRJ2000_GG202603241204_8b91bc47/seed_1/best_beta_state_dict_phase1_class1.pt
[Tracker] Ep  210 | AvgR 0.0003 | Global 0.5450 | Local 0.1192 | F1_macro 1.0000 | WorstLoss 0.0135
[Tracker] Saved snapshot: ep0210_phase1_class1
[Tracker] Ep  211 | AvgR 0.0003 | Global 0.5291 | Local 0.1192 | F1_macro 0.9979 | WorstLoss 0.0200
[Tracker] Ep  212 | AvgR 0.0003 | Global 0.5387 | Local 0.1192 | F1_macro 0.9979 | WorstLoss 0.0161
[Tracker] Ep  213 | AvgR 0.0003 | Global 0.5523 | Local 0.1192 | F1_macro 1.0000 | WorstLoss 0.0106
[Tracker] Ep  214 | AvgR 0.0003 | Global 0.5569 | Local 0.1192 | F1_macro 1.0000 | WorstLoss 0.0087
[Tracker] Ep  215 | AvgR 0.0003 | Global 0.5248 | Local 0.1192 | F1_macro 0.9979 | WorstLoss 0.0217
[Tracker] Saved snapshot: ep0215_phase1_class1
[Tracker] Ep  216 | AvgR 0.0003 | Global 0.5324 | Local 0.1192 | F1_macro 0.9979 | WorstLoss 0.0186
[Tracker] Ep  217 | AvgR 0.0003 | Global 0.5495 | Local 0.1192 | F1_macro 1.0000 | WorstLoss 0.0117
[Tracker] Ep  218 | AvgR 0.0003 | Global 0.5585 | Local 0.1192 | F1_macro 1.0000 | WorstLoss 0.0081
[Tracker] Ep  219 | AvgR 0.0003 | Global 0.5493 | Local 0.1192 | F1_macro 1.0000 | WorstLoss 0.0118
[Tracker] Ep  220 | AvgR 0.0003 | Global 0.5486 | Local 0.1192 | F1_macro 1.0000 | WorstLoss 0.0121
[Tracker] Saved snapshot: ep0220_phase1_class1
[Tracker] Ep  221 | AvgR 0.0003 | Global 0.5281 | Local 0.1192 | F1_macro 0.9979 | WorstLoss 0.0203
[Tracker] Ep  222 | AvgR 0.0003 | Global 0.5440 | Local 0.1192 | F1_macro 0.9979 | WorstLoss 0.0140
[Tracker] Ep  223 | AvgR 0.0003 | Global 0.5635 | Local 0.1192 | F1_macro 1.0000 | WorstLoss 0.0060
[Tracker] Ep  224 | AvgR 0.0003 | Global 0.5384 | Local 0.1192 | F1_macro 0.9979 | WorstLoss 0.0162
[Tracker] Ep  225 | AvgR 0.0003 | Global 0.5548 | Local 0.1192 | F1_macro 1.0000 | WorstLoss 0.0096
[Tracker] Saved snapshot: ep0225_phase1_class1
[Tracker] Ep  226 | AvgR 0.0003 | Global 0.5628 | Local 0.1192 | F1_macro 1.0000 | WorstLoss 0.0063
[Tracker] Ep  227 | AvgR 0.0003 | Global 0.5588 | Local 0.1192 | F1_macro 1.0000 | WorstLoss 0.0080
[Tracker] Ep  228 | AvgR 0.0003 | Global 0.5535 | Local 0.1192 | F1_macro 1.0000 | WorstLoss 0.0101
[Tracker] Ep  229 | AvgR 0.0003 | Global 0.5557 | Local 0.1192 | F1_macro 1.0000 | WorstLoss 0.0092
[Tracker] Ep  230 | AvgR 0.0003 | Global 0.5504 | Local 0.1192 | F1_macro 1.0000 | WorstLoss 0.0114
[Tracker] Saved snapshot: ep0230_phase1_class1
[Tracker] Ep  231 | AvgR 0.0003 | Global 0.5566 | Local 0.1192 | F1_macro 1.0000 | WorstLoss 0.0088
[Tracker] Ep  232 | AvgR 0.0003 | Global 0.5486 | Local 0.1192 | F1_macro 1.0000 | WorstLoss 0.0121
[Tracker] Ep  233 | AvgR 0.0003 | Global 0.5607 | Local 0.1192 | F1_macro 1.0000 | WorstLoss 0.0072
[Tracker] Ep  234 | AvgR 0.0003 | Global 0.5480 | Local 0.1192 | F1_macro 1.0000 | WorstLoss 0.0123
[Tracker] Ep  235 | AvgR 0.0003 | Global 0.5446 | Local 0.1192 | F1_macro 1.0000 | WorstLoss 0.0137
[Tracker] Saved snapshot: ep0235_phase1_class1
[Tracker] Ep  236 | AvgR 0.0003 | Global 0.5635 | Local 0.1192 | F1_macro 1.0000 | WorstLoss 0.0060
[Tracker] Ep  237 | AvgR 0.0003 | Global 0.5494 | Local 0.1192 | F1_macro 1.0000 | WorstLoss 0.0118
[Tracker] Ep  238 | AvgR 0.0003 | Global 0.5604 | Local 0.1192 | F1_macro 1.0000 | WorstLoss 0.0073
[Tracker] Ep  239 | AvgR 0.0003 | Global 0.5523 | Local 0.1192 | F1_macro 1.0000 | WorstLoss 0.0106
[Tracker] Ep  240 | AvgR 0.0003 | Global 0.5559 | Local 0.1192 | F1_macro 1.0000 | WorstLoss 0.0091
[Tracker] Saved snapshot: ep0240_phase1_class1
[Tracker] Ep  241 | AvgR 0.0003 | Global 0.5586 | Local 0.1192 | F1_macro 1.0000 | WorstLoss 0.0081
[Tracker] Ep  242 | AvgR 0.0003 | Global 0.5615 | Local 0.1192 | F1_macro 1.0000 | WorstLoss 0.0069
[Tracker] Ep  243 | AvgR 0.0003 | Global 0.5581 | Local 0.1192 | F1_macro 1.0000 | WorstLoss 0.0082
[Tracker] Ep  244 | AvgR 0.0003 | Global 0.5454 | Local 0.1192 | F1_macro 1.0000 | WorstLoss 0.0134
[Tracker] Ep  245 | AvgR 0.0003 | Global 0.5574 | Local 0.1192 | F1_macro 1.0000 | WorstLoss 0.0085
[Tracker] Saved snapshot: ep0245_phase1_class1
[Tracker] Ep  246 | AvgR 0.0003 | Global 0.5493 | Local 0.1192 | F1_macro 1.0000 | WorstLoss 0.0118
[Tracker] Ep  247 | AvgR 0.0003 | Global 0.5606 | Local 0.1192 | F1_macro 1.0000 | WorstLoss 0.0072
[Tracker] Ep  248 | AvgR 0.0003 | Global 0.5480 | Local 0.1192 | F1_macro 1.0000 | WorstLoss 0.0123
[Tracker] Ep  249 | AvgR 0.0003 | Global 0.5666 | Local 0.1192 | F1_macro 1.0000 | WorstLoss 0.0048
[Tracker] Ep  250 | AvgR 0.0003 | Global 0.5503 | Local 0.1192 | F1_macro 1.0000 | WorstLoss 0.0114
[Tracker] Saved snapshot: ep0250_phase1_class1
[Tracker] Ep  251 | AvgR 0.0003 | Global 0.5553 | Local 0.1192 | F1_macro 1.0000 | WorstLoss 0.0094
[Tracker] Ep  252 | AvgR 0.0003 | Global 0.5420 | Local 0.1192 | F1_macro 0.9979 | WorstLoss 0.0148
[Tracker] Ep  253 | AvgR 0.0003 | Global 0.5570 | Local 0.1192 | F1_macro 1.0000 | WorstLoss 0.0087
[Tracker] Ep  254 | AvgR 0.0003 | Global 0.5505 | Local 0.1192 | F1_macro 1.0000 | WorstLoss 0.0113
[Tracker] Ep  255 | AvgR 0.0003 | Global 0.5502 | Local 0.1192 | F1_macro 1.0000 | WorstLoss 0.0114
[Tracker] Saved snapshot: ep0255_phase1_class1
[Tracker] Ep  256 | AvgR 0.0003 | Global 0.5553 | Local 0.1192 | F1_macro 1.0000 | WorstLoss 0.0094
[Tracker] Ep  257 | AvgR 0.0003 | Global 0.5489 | Local 0.1192 | F1_macro 1.0000 | WorstLoss 0.0120
[Tracker] Ep  258 | AvgR 0.0003 | Global 0.5571 | Local 0.1192 | F1_macro 1.0000 | WorstLoss 0.0087
[Tracker] Ep  259 | AvgR 0.0003 | Global 0.5459 | Local 0.1192 | F1_macro 1.0000 | WorstLoss 0.0132
[Tracker] Ep  260 | AvgR 0.0003 | Global 0.5621 | Local 0.1192 | F1_macro 1.0000 | WorstLoss 0.0066
[Tracker] Saved snapshot: ep0260_phase1_class1
[Tracker] Ep  261 | AvgR 0.0003 | Global 0.5582 | Local 0.1192 | F1_macro 1.0000 | WorstLoss 0.0082
[Tracker] Ep  262 | AvgR 0.0003 | Global 0.5327 | Local 0.1192 | F1_macro 0.9979 | WorstLoss 0.0185
[Tracker] Ep  263 | AvgR 0.0003 | Global 0.5537 | Local 0.1192 | F1_macro 1.0000 | WorstLoss 0.0100
[Tracker] Ep  264 | AvgR 0.0003 | Global 0.5393 | Local 0.1192 | F1_macro 0.9979 | WorstLoss 0.0158
[Tracker] Ep  265 | AvgR 0.0003 | Global 0.5445 | Local 0.1192 | F1_macro 1.0000 | WorstLoss 0.0137
[Tracker] Saved snapshot: ep0265_phase1_class1
[Tracker] Ep  266 | AvgR 0.0003 | Global 0.5514 | Local 0.1192 | F1_macro 1.0000 | WorstLoss 0.0110
[Tracker] Ep  267 | AvgR 0.0003 | Global 0.5554 | Local 0.1192 | F1_macro 1.0000 | WorstLoss 0.0093
[Tracker] Ep  268 | AvgR 0.0003 | Global 0.5620 | Local 0.1192 | F1_macro 1.0000 | WorstLoss 0.0067
[Tracker] Ep  269 | AvgR 0.0003 | Global 0.5504 | Local 0.1192 | F1_macro 1.0000 | WorstLoss 0.0114
[Tracker] Ep  270 | AvgR 0.0003 | Global 0.5627 | Local 0.1192 | F1_macro 1.0000 | WorstLoss 0.0064
[Tracker] Saved snapshot: ep0270_phase1_class1
[Tracker] Ep  271 | AvgR 0.0003 | Global 0.5428 | Local 0.1192 | F1_macro 0.9979 | WorstLoss 0.0144
[Tracker] Ep  272 | AvgR 0.0003 | Global 0.5535 | Local 0.1192 | F1_macro 1.0000 | WorstLoss 0.0101
[Tracker] Ep  273 | AvgR 0.0003 | Global 0.5617 | Local 0.1192 | F1_macro 1.0000 | WorstLoss 0.0068
[Tracker] Ep  274 | AvgR 0.0003 | Global 0.5462 | Local 0.1192 | F1_macro 1.0000 | WorstLoss 0.0130
[Tracker] Ep  275 | AvgR 0.0003 | Global 0.5590 | Local 0.1192 | F1_macro 1.0000 | WorstLoss 0.0079
[Tracker] Saved snapshot: ep0275_phase1_class1
[Tracker] Ep  276 | AvgR 0.0003 | Global 0.5125 | Local 0.1192 | F1_macro 0.9958 | WorstLoss 0.0266
[Tracker] Ep  277 | AvgR 0.0003 | Global 0.5635 | Local 0.1192 | F1_macro 1.0000 | WorstLoss 0.0061
[Tracker] Ep  278 | AvgR 0.0003 | Global 0.5585 | Local 0.1192 | F1_macro 1.0000 | WorstLoss 0.0081
[Tracker] Ep  279 | AvgR 0.0003 | Global 0.5409 | Local 0.1192 | F1_macro 1.0000 | WorstLoss 0.0152
[Tracker] Ep  280 | AvgR 0.0003 | Global 0.5624 | Local 0.1192 | F1_macro 1.0000 | WorstLoss 0.0065
[Tracker] Saved snapshot: ep0280_phase1_class1
[Tracker] Ep  281 | AvgR 0.0003 | Global 0.5512 | Local 0.1192 | F1_macro 1.0000 | WorstLoss 0.0110
[Tracker] Ep  282 | AvgR 0.0003 | Global 0.5472 | Local 0.1192 | F1_macro 1.0000 | WorstLoss 0.0127
[Tracker] Ep  283 | AvgR 0.0003 | Global 0.5460 | Local 0.1192 | F1_macro 1.0000 | WorstLoss 0.0131
[Tracker] Ep  284 | AvgR 0.0003 | Global 0.5543 | Local 0.1192 | F1_macro 1.0000 | WorstLoss 0.0098
[Tracker] Ep  285 | AvgR 0.0003 | Global 0.5575 | Local 0.1192 | F1_macro 1.0000 | WorstLoss 0.0085
[Tracker] Saved snapshot: ep0285_phase1_class1
[Tracker] Ep  286 | AvgR 0.0003 | Global 0.5451 | Local 0.1192 | F1_macro 1.0000 | WorstLoss 0.0135
[Tracker] Ep  287 | AvgR 0.0003 | Global 0.5468 | Local 0.1192 | F1_macro 1.0000 | WorstLoss 0.0128
[Tracker] Ep  288 | AvgR 0.0003 | Global 0.5504 | Local 0.1192 | F1_macro 1.0000 | WorstLoss 0.0114
[Tracker] Ep  289 | AvgR 0.0003 | Global 0.5540 | Local 0.1192 | F1_macro 1.0000 | WorstLoss 0.0099
[Tracker] Ep  290 | AvgR 0.0003 | Global 0.5674 | Local 0.1192 | F1_macro 1.0000 | WorstLoss 0.0045
[Tracker] Saved snapshot: ep0290_phase1_class1
[Tracker] Ep  291 | AvgR 0.0003 | Global 0.5681 | Local 0.1192 | F1_macro 1.0000 | WorstLoss 0.0042
[Tracker] New BEST synthetic [phase1_class1] (by global.global_obj: 0.568137) saved.
[Tracker] BEST β weights [phase1_class1] saved -> training_runs/SPECp1_har_nobias_global_5s_EP800_PCA10_REWfairness_minID5_majID24_TRJ2000_GG202603241204_8b91bc47/seed_1/best_beta_state_dict_phase1_class1.pt
[Tracker] Ep  292 | AvgR 0.0003 | Global 0.5478 | Local 0.1192 | F1_macro 1.0000 | WorstLoss 0.0124
[Tracker] Ep  293 | AvgR 0.0003 | Global 0.5341 | Local 0.1192 | F1_macro 0.9979 | WorstLoss 0.0179
[Tracker] Ep  294 | AvgR 0.0003 | Global 0.5521 | Local 0.1192 | F1_macro 1.0000 | WorstLoss 0.0107
[Tracker] Ep  295 | AvgR 0.0003 | Global 0.5496 | Local 0.1192 | F1_macro 1.0000 | WorstLoss 0.0117
[Tracker] Saved snapshot: ep0295_phase1_class1
[Tracker] Ep  296 | AvgR 0.0003 | Global 0.5603 | Local 0.1192 | F1_macro 1.0000 | WorstLoss 0.0073
[Tracker] Ep  297 | AvgR 0.0003 | Global 0.5521 | Local 0.1192 | F1_macro 1.0000 | WorstLoss 0.0107
[Tracker] Ep  298 | AvgR 0.0003 | Global 0.5263 | Local 0.1192 | F1_macro 0.9979 | WorstLoss 0.0211
[Tracker] Ep  299 | AvgR 0.0003 | Global 0.5125 | Local 0.1192 | F1_macro 0.9958 | WorstLoss 0.0266
[Tracker] Ep  300 | AvgR 0.0003 | Global 0.5469 | Local 0.1192 | F1_macro 1.0000 | WorstLoss 0.0128
[Tracker] Saved snapshot: ep0300_phase1_class1
[Tracker] Ep  301 | AvgR 0.0003 | Global 0.5520 | Local 0.1192 | F1_macro 1.0000 | WorstLoss 0.0107
[Tracker] Ep  302 | AvgR 0.0003 | Global 0.5415 | Local 0.1192 | F1_macro 1.0000 | WorstLoss 0.0150
[Tracker] Ep  303 | AvgR 0.0003 | Global 0.5473 | Local 0.1192 | F1_macro 1.0000 | WorstLoss 0.0126
[Tracker] Ep  304 | AvgR 0.0003 | Global 0.5346 | Local 0.1192 | F1_macro 0.9979 | WorstLoss 0.0177
[Tracker] Ep  305 | AvgR 0.0003 | Global 0.5581 | Local 0.1192 | F1_macro 1.0000 | WorstLoss 0.0082
[Tracker] Saved snapshot: ep0305_phase1_class1
[Tracker] Ep  306 | AvgR 0.0003 | Global 0.5482 | Local 0.1192 | F1_macro 1.0000 | WorstLoss 0.0122
[Tracker] Ep  307 | AvgR 0.0003 | Global 0.5523 | Local 0.1192 | F1_macro 1.0000 | WorstLoss 0.0106
[Tracker] Ep  308 | AvgR 0.0003 | Global 0.5299 | Local 0.1192 | F1_macro 0.9979 | WorstLoss 0.0196
[Tracker] Ep  309 | AvgR 0.0003 | Global 0.5640 | Local 0.1192 | F1_macro 1.0000 | WorstLoss 0.0058
[Tracker] Ep  310 | AvgR 0.0003 | Global 0.5379 | Local 0.1192 | F1_macro 0.9979 | WorstLoss 0.0164
[Tracker] Saved snapshot: ep0310_phase1_class1
[Tracker] Ep  311 | AvgR 0.0003 | Global 0.5469 | Local 0.1192 | F1_macro 1.0000 | WorstLoss 0.0128
[Tracker] Ep  312 | AvgR 0.0003 | Global 0.5291 | Local 0.1192 | F1_macro 1.0000 | WorstLoss 0.0199
[Tracker] Ep  313 | AvgR 0.0003 | Global 0.5581 | Local 0.1192 | F1_macro 1.0000 | WorstLoss 0.0083
[Tracker] Ep  314 | AvgR 0.0003 | Global 0.5408 | Local 0.1192 | F1_macro 1.0000 | WorstLoss 0.0152
[Tracker] Ep  315 | AvgR 0.0003 | Global 0.5153 | Local 0.1192 | F1_macro 0.9958 | WorstLoss 0.0255
[Tracker] Saved snapshot: ep0315_phase1_class1
[Tracker] Ep  316 | AvgR 0.0003 | Global 0.5048 | Local 0.1192 | F1_macro 0.9958 | WorstLoss 0.0297
[Tracker] Ep  317 | AvgR 0.0003 | Global 0.5483 | Local 0.1192 | F1_macro 1.0000 | WorstLoss 0.0122
[Tracker] Ep  318 | AvgR 0.0003 | Global 0.5505 | Local 0.1192 | F1_macro 0.9979 | WorstLoss 0.0113
[Tracker] Ep  319 | AvgR 0.0002 | Global 0.4984 | Local 0.1192 | F1_macro 0.9958 | WorstLoss 0.0322
[Tracker] Ep  320 | AvgR 0.0003 | Global 0.5344 | Local 0.1192 | F1_macro 0.9979 | WorstLoss 0.0178
[Tracker] Saved snapshot: ep0320_phase1_class1
[Tracker] Ep  321 | AvgR 0.0003 | Global 0.5519 | Local 0.1192 | F1_macro 1.0000 | WorstLoss 0.0107
[Tracker] Ep  322 | AvgR 0.0003 | Global 0.5189 | Local 0.1192 | F1_macro 0.9979 | WorstLoss 0.0240
[Tracker] Ep  323 | AvgR 0.0003 | Global 0.5385 | Local 0.1192 | F1_macro 0.9979 | WorstLoss 0.0162
[Tracker] Ep  324 | AvgR 0.0003 | Global 0.5523 | Local 0.1192 | F1_macro 1.0000 | WorstLoss 0.0106
[Tracker] Ep  325 | AvgR 0.0002 | Global 0.4501 | Local 0.1192 | F1_macro 0.9958 | WorstLoss 0.0516
[Tracker] Saved snapshot: ep0325_phase1_class1
[Tracker] Ep  326 | AvgR 0.0003 | Global 0.5516 | Local 0.1192 | F1_macro 1.0000 | WorstLoss 0.0109
[Tracker] Ep  327 | AvgR 0.0003 | Global 0.5577 | Local 0.1192 | F1_macro 1.0000 | WorstLoss 0.0084
[Tracker] Ep  328 | AvgR 0.0003 | Global 0.5309 | Local 0.1192 | F1_macro 0.9979 | WorstLoss 0.0192
[Tracker] Ep  329 | AvgR 0.0003 | Global 0.5530 | Local 0.1192 | F1_macro 1.0000 | WorstLoss 0.0103
[Tracker] Ep  330 | AvgR 0.0003 | Global 0.5534 | Local 0.1192 | F1_macro 1.0000 | WorstLoss 0.0102
[Tracker] Saved snapshot: ep0330_phase1_class1
[Tracker] Ep  331 | AvgR 0.0003 | Global 0.5529 | Local 0.1192 | F1_macro 1.0000 | WorstLoss 0.0104
[Tracker] Ep  332 | AvgR 0.0003 | Global 0.5626 | Local 0.1192 | F1_macro 1.0000 | WorstLoss 0.0064
[Tracker] Ep  333 | AvgR 0.0003 | Global 0.5476 | Local 0.1192 | F1_macro 1.0000 | WorstLoss 0.0125
[Tracker] Ep  334 | AvgR 0.0003 | Global 0.5165 | Local 0.1192 | F1_macro 0.9936 | WorstLoss 0.0250
[Tracker] Ep  335 | AvgR 0.0003 | Global 0.5496 | Local 0.1192 | F1_macro 1.0000 | WorstLoss 0.0117
[Tracker] Saved snapshot: ep0335_phase1_class1
[Tracker] Ep  336 | AvgR 0.0003 | Global 0.5099 | Local 0.1192 | F1_macro 0.9979 | WorstLoss 0.0276
[Tracker] Ep  337 | AvgR 0.0003 | Global 0.5504 | Local 0.1192 | F1_macro 1.0000 | WorstLoss 0.0114
[Tracker] Ep  338 | AvgR 0.0003 | Global 0.5612 | Local 0.1192 | F1_macro 1.0000 | WorstLoss 0.0070
[Tracker] Ep  339 | AvgR 0.0002 | Global 0.4695 | Local 0.1192 | F1_macro 0.9958 | WorstLoss 0.0438
[Tracker] Ep  340 | AvgR 0.0003 | Global 0.5435 | Local 0.1192 | F1_macro 1.0000 | WorstLoss 0.0142
[Tracker] Saved snapshot: ep0340_phase1_class1
[Tracker] Ep  341 | AvgR 0.0003 | Global 0.5565 | Local 0.1192 | F1_macro 1.0000 | WorstLoss 0.0089
[Tracker] Ep  342 | AvgR 0.0003 | Global 0.5462 | Local 0.1192 | F1_macro 1.0000 | WorstLoss 0.0131
[Tracker] Ep  343 | AvgR 0.0003 | Global 0.5499 | Local 0.1192 | F1_macro 1.0000 | WorstLoss 0.0116
[Tracker] Ep  344 | AvgR 0.0003 | Global 0.5301 | Local 0.1192 | F1_macro 1.0000 | WorstLoss 0.0195
[Tracker] Ep  345 | AvgR 0.0003 | Global 0.5551 | Local 0.1192 | F1_macro 1.0000 | WorstLoss 0.0095
[Tracker] Saved snapshot: ep0345_phase1_class1
[Tracker] Ep  346 | AvgR 0.0003 | Global 0.5573 | Local 0.1192 | F1_macro 1.0000 | WorstLoss 0.0086
[Tracker] Ep  347 | AvgR 0.0003 | Global 0.5237 | Local 0.1192 | F1_macro 0.9979 | WorstLoss 0.0221
[Tracker] Ep  348 | AvgR 0.0003 | Global 0.5650 | Local 0.1192 | F1_macro 1.0000 | WorstLoss 0.0054
[Tracker] Ep  349 | AvgR 0.0003 | Global 0.5562 | Local 0.1192 | F1_macro 1.0000 | WorstLoss 0.0090
[Tracker] Ep  350 | AvgR 0.0003 | Global 0.5567 | Local 0.1192 | F1_macro 1.0000 | WorstLoss 0.0088
[Tracker] Saved snapshot: ep0350_phase1_class1
[Tracker] Ep  351 | AvgR 0.0003 | Global 0.5469 | Local 0.1192 | F1_macro 1.0000 | WorstLoss 0.0128
[Tracker] Ep  352 | AvgR 0.0003 | Global 0.5319 | Local 0.1192 | F1_macro 0.9979 | WorstLoss 0.0188
[Tracker] Ep  353 | AvgR 0.0003 | Global 0.5384 | Local 0.1192 | F1_macro 1.0000 | WorstLoss 0.0162
[Tracker] Ep  354 | AvgR 0.0003 | Global 0.5388 | Local 0.1192 | F1_macro 0.9979 | WorstLoss 0.0160
[Tracker] Ep  355 | AvgR 0.0003 | Global 0.5573 | Local 0.1192 | F1_macro 1.0000 | WorstLoss 0.0086
[Tracker] Saved snapshot: ep0355_phase1_class1
[Tracker] Ep  356 | AvgR 0.0003 | Global 0.5459 | Local 0.1192 | F1_macro 1.0000 | WorstLoss 0.0132
[Tracker] Ep  357 | AvgR 0.0003 | Global 0.5454 | Local 0.1192 | F1_macro 1.0000 | WorstLoss 0.0134
[Tracker] Ep  358 | AvgR 0.0003 | Global 0.5621 | Local 0.1192 | F1_macro 1.0000 | WorstLoss 0.0066
[Tracker] Ep  359 | AvgR 0.0003 | Global 0.5487 | Local 0.1192 | F1_macro 1.0000 | WorstLoss 0.0120
[Tracker] Ep  360 | AvgR 0.0003 | Global 0.5569 | Local 0.1192 | F1_macro 1.0000 | WorstLoss 0.0087
[Tracker] Saved snapshot: ep0360_phase1_class1
[Tracker] Ep  361 | AvgR 0.0003 | Global 0.5555 | Local 0.1192 | F1_macro 1.0000 | WorstLoss 0.0093
[Tracker] Ep  362 | AvgR 0.0003 | Global 0.5602 | Local 0.1192 | F1_macro 1.0000 | WorstLoss 0.0074
[Tracker] Ep  363 | AvgR 0.0003 | Global 0.5519 | Local 0.1192 | F1_macro 1.0000 | WorstLoss 0.0107
[Tracker] Ep  364 | AvgR 0.0003 | Global 0.5290 | Local 0.1192 | F1_macro 0.9979 | WorstLoss 0.0200
[Tracker] Ep  365 | AvgR 0.0003 | Global 0.5557 | Local 0.1192 | F1_macro 1.0000 | WorstLoss 0.0092
[Tracker] Saved snapshot: ep0365_phase1_class1
[Tracker] Ep  366 | AvgR 0.0003 | Global 0.5297 | Local 0.1192 | F1_macro 1.0000 | WorstLoss 0.0197
[Tracker] Ep  367 | AvgR 0.0003 | Global 0.5497 | Local 0.1192 | F1_macro 1.0000 | WorstLoss 0.0116
[Tracker] Ep  368 | AvgR 0.0003 | Global 0.5540 | Local 0.1192 | F1_macro 1.0000 | WorstLoss 0.0099
[Tracker] Ep  369 | AvgR 0.0003 | Global 0.5577 | Local 0.1192 | F1_macro 1.0000 | WorstLoss 0.0084
[Tracker] Ep  370 | AvgR 0.0003 | Global 0.5206 | Local 0.1192 | F1_macro 0.9979 | WorstLoss 0.0234
[Tracker] Saved snapshot: ep0370_phase1_class1
[Tracker] Ep  371 | AvgR 0.0003 | Global 0.5463 | Local 0.1192 | F1_macro 1.0000 | WorstLoss 0.0130
[Tracker] Ep  372 | AvgR 0.0003 | Global 0.5560 | Local 0.1192 | F1_macro 1.0000 | WorstLoss 0.0091
[Tracker] Ep  373 | AvgR 0.0003 | Global 0.5526 | Local 0.1192 | F1_macro 1.0000 | WorstLoss 0.0105
[Tracker] Ep  374 | AvgR 0.0003 | Global 0.5583 | Local 0.1192 | F1_macro 1.0000 | WorstLoss 0.0082
[Tracker] Ep  375 | AvgR 0.0003 | Global 0.5540 | Local 0.1192 | F1_macro 1.0000 | WorstLoss 0.0099
[Tracker] Saved snapshot: ep0375_phase1_class1
[Tracker] Ep  376 | AvgR 0.0003 | Global 0.5404 | Local 0.1192 | F1_macro 1.0000 | WorstLoss 0.0154
[Tracker] Ep  377 | AvgR 0.0003 | Global 0.5444 | Local 0.1192 | F1_macro 1.0000 | WorstLoss 0.0138
[Tracker] Ep  378 | AvgR 0.0003 | Global 0.5608 | Local 0.1192 | F1_macro 1.0000 | WorstLoss 0.0072
[Tracker] Ep  379 | AvgR 0.0003 | Global 0.5368 | Local 0.1192 | F1_macro 0.9979 | WorstLoss 0.0169
[Tracker] Ep  380 | AvgR 0.0003 | Global 0.5637 | Local 0.1192 | F1_macro 1.0000 | WorstLoss 0.0060
[Tracker] Saved snapshot: ep0380_phase1_class1
[Tracker] Ep  381 | AvgR 0.0003 | Global 0.5258 | Local 0.1192 | F1_macro 0.9979 | WorstLoss 0.0213
[Tracker] Ep  382 | AvgR 0.0003 | Global 0.5501 | Local 0.1192 | F1_macro 1.0000 | WorstLoss 0.0115
[Tracker] Ep  383 | AvgR 0.0003 | Global 0.5131 | Local 0.1192 | F1_macro 0.9979 | WorstLoss 0.0263
[Tracker] Ep  384 | AvgR 0.0003 | Global 0.5576 | Local 0.1192 | F1_macro 1.0000 | WorstLoss 0.0085
[Tracker] Ep  385 | AvgR 0.0003 | Global 0.5326 | Local 0.1192 | F1_macro 0.9979 | WorstLoss 0.0185
[Tracker] Saved snapshot: ep0385_phase1_class1
[Tracker] Ep  386 | AvgR 0.0003 | Global 0.5625 | Local 0.1192 | F1_macro 1.0000 | WorstLoss 0.0065
[Tracker] Ep  387 | AvgR 0.0003 | Global 0.5381 | Local 0.1192 | F1_macro 0.9979 | WorstLoss 0.0163
[Tracker] Ep  388 | AvgR 0.0003 | Global 0.5657 | Local 0.1192 | F1_macro 1.0000 | WorstLoss 0.0051
[Tracker] Ep  389 | AvgR 0.0002 | Global 0.4963 | Local 0.1192 | F1_macro 0.9979 | WorstLoss 0.0331
[Tracker] Ep  390 | AvgR 0.0003 | Global 0.5536 | Local 0.1192 | F1_macro 1.0000 | WorstLoss 0.0101
[Tracker] Saved snapshot: ep0390_phase1_class1
[Tracker] Ep  391 | AvgR 0.0003 | Global 0.5407 | Local 0.1192 | F1_macro 0.9979 | WorstLoss 0.0153
[Tracker] Ep  392 | AvgR 0.0003 | Global 0.5614 | Local 0.1192 | F1_macro 1.0000 | WorstLoss 0.0069
[Tracker] Ep  393 | AvgR 0.0003 | Global 0.5469 | Local 0.1192 | F1_macro 1.0000 | WorstLoss 0.0128
[Tracker] Ep  394 | AvgR 0.0003 | Global 0.5459 | Local 0.1192 | F1_macro 1.0000 | WorstLoss 0.0132
[Tracker] Ep  395 | AvgR 0.0003 | Global 0.5647 | Local 0.1192 | F1_macro 1.0000 | WorstLoss 0.0055
[Tracker] Saved snapshot: ep0395_phase1_class1
[Tracker] Ep  396 | AvgR 0.0003 | Global 0.5488 | Local 0.1192 | F1_macro 1.0000 | WorstLoss 0.0120
[Tracker] Ep  397 | AvgR 0.0003 | Global 0.5616 | Local 0.1192 | F1_macro 1.0000 | WorstLoss 0.0068
[Tracker] Ep  398 | AvgR 0.0003 | Global 0.5607 | Local 0.1192 | F1_macro 1.0000 | WorstLoss 0.0072
[Tracker] Ep  399 | AvgR 0.0003 | Global 0.5342 | Local 0.1192 | F1_macro 0.9979 | WorstLoss 0.0179
[Tracker] Ep  400 | AvgR 0.0003 | Global 0.5574 | Local 0.1192 | F1_macro 1.0000 | WorstLoss 0.0085
[Tracker] Saved snapshot: ep0400_phase1_class1
[Tracker] Ep  401 | AvgR 0.0003 | Global 0.5219 | Local 0.1192 | F1_macro 0.9979 | WorstLoss 0.0228
[Tracker] Ep  402 | AvgR 0.0003 | Global 0.5390 | Local 0.1192 | F1_macro 1.0000 | WorstLoss 0.0160
[Tracker] Ep  403 | AvgR 0.0003 | Global 0.5554 | Local 0.1192 | F1_macro 1.0000 | WorstLoss 0.0093
[Tracker] Ep  404 | AvgR 0.0003 | Global 0.5532 | Local 0.1192 | F1_macro 1.0000 | WorstLoss 0.0102
[Tracker] Ep  405 | AvgR 0.0003 | Global 0.5535 | Local 0.1192 | F1_macro 1.0000 | WorstLoss 0.0101
[Tracker] Saved snapshot: ep0405_phase1_class1
[Tracker] Ep  406 | AvgR 0.0003 | Global 0.5447 | Local 0.1192 | F1_macro 1.0000 | WorstLoss 0.0137
[Tracker] Ep  407 | AvgR 0.0003 | Global 0.5380 | Local 0.1192 | F1_macro 0.9979 | WorstLoss 0.0164
[Tracker] Ep  408 | AvgR 0.0003 | Global 0.5645 | Local 0.1192 | F1_macro 1.0000 | WorstLoss 0.0056
[Tracker] Ep  409 | AvgR 0.0003 | Global 0.5558 | Local 0.1192 | F1_macro 1.0000 | WorstLoss 0.0092
[Tracker] Ep  410 | AvgR 0.0003 | Global 0.5454 | Local 0.1192 | F1_macro 1.0000 | WorstLoss 0.0134
[Tracker] Saved snapshot: ep0410_phase1_class1
[Tracker] Ep  411 | AvgR 0.0003 | Global 0.5179 | Local 0.1192 | F1_macro 0.9979 | WorstLoss 0.0244
[Tracker] Ep  412 | AvgR 0.0003 | Global 0.5453 | Local 0.1192 | F1_macro 1.0000 | WorstLoss 0.0134
[Tracker] Ep  413 | AvgR 0.0003 | Global 0.5622 | Local 0.1192 | F1_macro 1.0000 | WorstLoss 0.0066
[Tracker] Ep  414 | AvgR 0.0003 | Global 0.5539 | Local 0.1192 | F1_macro 1.0000 | WorstLoss 0.0100
[Tracker] Ep  415 | AvgR 0.0003 | Global 0.5183 | Local 0.1192 | F1_macro 1.0000 | WorstLoss 0.0242
[Tracker] Saved snapshot: ep0415_phase1_class1
[Tracker] Ep  416 | AvgR 0.0002 | Global 0.4801 | Local 0.1192 | F1_macro 0.9979 | WorstLoss 0.0396
[Tracker] Ep  417 | AvgR 0.0003 | Global 0.5401 | Local 0.1192 | F1_macro 1.0000 | WorstLoss 0.0155
[Tracker] Ep  418 | AvgR 0.0003 | Global 0.5362 | Local 0.1192 | F1_macro 0.9979 | WorstLoss 0.0171
[Tracker] Ep  419 | AvgR 0.0003 | Global 0.5337 | Local 0.1192 | F1_macro 0.9979 | WorstLoss 0.0181
[Tracker] Ep  420 | AvgR 0.0003 | Global 0.5423 | Local 0.1192 | F1_macro 0.9979 | WorstLoss 0.0146
[Tracker] Saved snapshot: ep0420_phase1_class1
[Tracker] Ep  421 | AvgR 0.0003 | Global 0.5494 | Local 0.1192 | F1_macro 1.0000 | WorstLoss 0.0117
[Tracker] Ep  422 | AvgR 0.0003 | Global 0.5527 | Local 0.1192 | F1_macro 1.0000 | WorstLoss 0.0104
[Tracker] Ep  423 | AvgR 0.0003 | Global 0.5461 | Local 0.1192 | F1_macro 1.0000 | WorstLoss 0.0131
[Tracker] Ep  424 | AvgR 0.0003 | Global 0.5527 | Local 0.1192 | F1_macro 1.0000 | WorstLoss 0.0104
[Tracker] Ep  425 | AvgR 0.0003 | Global 0.5498 | Local 0.1192 | F1_macro 1.0000 | WorstLoss 0.0116
[Tracker] Saved snapshot: ep0425_phase1_class1
[Tracker] Ep  426 | AvgR 0.0003 | Global 0.5449 | Local 0.1192 | F1_macro 1.0000 | WorstLoss 0.0136
[Tracker] Ep  427 | AvgR 0.0003 | Global 0.5525 | Local 0.1192 | F1_macro 1.0000 | WorstLoss 0.0105
[Tracker] Ep  428 | AvgR 0.0003 | Global 0.5484 | Local 0.1192 | F1_macro 0.9979 | WorstLoss 0.0122
[Tracker] Ep  429 | AvgR 0.0003 | Global 0.5653 | Local 0.1192 | F1_macro 1.0000 | WorstLoss 0.0053
[Tracker] Ep  430 | AvgR 0.0003 | Global 0.5460 | Local 0.1192 | F1_macro 1.0000 | WorstLoss 0.0131
[Tracker] Saved snapshot: ep0430_phase1_class1
[Tracker] Ep  431 | AvgR 0.0003 | Global 0.5610 | Local 0.1192 | F1_macro 1.0000 | WorstLoss 0.0071
[Tracker] Ep  432 | AvgR 0.0003 | Global 0.5262 | Local 0.1192 | F1_macro 0.9979 | WorstLoss 0.0211
[Tracker] Ep  433 | AvgR 0.0003 | Global 0.5558 | Local 0.1192 | F1_macro 1.0000 | WorstLoss 0.0092
[Tracker] Ep  434 | AvgR 0.0003 | Global 0.5372 | Local 0.1192 | F1_macro 0.9979 | WorstLoss 0.0167
[Tracker] Ep  435 | AvgR 0.0003 | Global 0.5084 | Local 0.1192 | F1_macro 0.9958 | WorstLoss 0.0282
[Tracker] Saved snapshot: ep0435_phase1_class1
[Tracker] Ep  436 | AvgR 0.0003 | Global 0.5339 | Local 0.1192 | F1_macro 0.9979 | WorstLoss 0.0180
[Tracker] Ep  437 | AvgR 0.0003 | Global 0.5260 | Local 0.1192 | F1_macro 0.9979 | WorstLoss 0.0212
[Tracker] Ep  438 | AvgR 0.0003 | Global 0.5057 | Local 0.1192 | F1_macro 0.9979 | WorstLoss 0.0293
[Tracker] Ep  439 | AvgR 0.0003 | Global 0.5364 | Local 0.1192 | F1_macro 1.0000 | WorstLoss 0.0170
[Tracker] Ep  440 | AvgR 0.0003 | Global 0.5347 | Local 0.1192 | F1_macro 1.0000 | WorstLoss 0.0177
[Tracker] Saved snapshot: ep0440_phase1_class1
[Tracker] Ep  441 | AvgR 0.0003 | Global 0.5503 | Local 0.1192 | F1_macro 1.0000 | WorstLoss 0.0114
[Tracker] Ep  442 | AvgR 0.0003 | Global 0.5564 | Local 0.1192 | F1_macro 1.0000 | WorstLoss 0.0089
[Tracker] Ep  443 | AvgR 0.0003 | Global 0.5433 | Local 0.1192 | F1_macro 1.0000 | WorstLoss 0.0142
[Tracker] Ep  444 | AvgR 0.0003 | Global 0.5413 | Local 0.1192 | F1_macro 1.0000 | WorstLoss 0.0150
[Tracker] Ep  445 | AvgR 0.0003 | Global 0.5347 | Local 0.1192 | F1_macro 0.9979 | WorstLoss 0.0177
[Tracker] Saved snapshot: ep0445_phase1_class1
[Tracker] Ep  446 | AvgR 0.0003 | Global 0.5295 | Local 0.1192 | F1_macro 1.0000 | WorstLoss 0.0198
[Tracker] Ep  447 | AvgR 0.0002 | Global 0.4647 | Local 0.1192 | F1_macro 0.9958 | WorstLoss 0.0457
[Tracker] Ep  448 | AvgR 0.0002 | Global 0.4890 | Local 0.1192 | F1_macro 0.9979 | WorstLoss 0.0360
[Tracker] Ep  449 | AvgR 0.0003 | Global 0.5456 | Local 0.1192 | F1_macro 0.9979 | WorstLoss 0.0133
[Tracker] Ep  450 | AvgR 0.0003 | Global 0.5377 | Local 0.1192 | F1_macro 0.9979 | WorstLoss 0.0165
[Tracker] Saved snapshot: ep0450_phase1_class1
[Tracker] Ep  451 | AvgR 0.0003 | Global 0.5445 | Local 0.1192 | F1_macro 1.0000 | WorstLoss 0.0138
[Tracker] Ep  452 | AvgR 0.0003 | Global 0.5618 | Local 0.1192 | F1_macro 1.0000 | WorstLoss 0.0067
[Tracker] Ep  453 | AvgR 0.0003 | Global 0.5037 | Local 0.1192 | F1_macro 0.9958 | WorstLoss 0.0301
[Tracker] Ep  454 | AvgR 0.0003 | Global 0.5507 | Local 0.1192 | F1_macro 1.0000 | WorstLoss 0.0112
[Tracker] Ep  455 | AvgR 0.0003 | Global 0.5438 | Local 0.1192 | F1_macro 1.0000 | WorstLoss 0.0140
[Tracker] Saved snapshot: ep0455_phase1_class1
[Tracker] Ep  456 | AvgR 0.0003 | Global 0.5542 | Local 0.1192 | F1_macro 1.0000 | WorstLoss 0.0098
[Tracker] Ep  457 | AvgR 0.0003 | Global 0.5462 | Local 0.1192 | F1_macro 1.0000 | WorstLoss 0.0131
[Tracker] Ep  458 | AvgR 0.0003 | Global 0.5384 | Local 0.1192 | F1_macro 1.0000 | WorstLoss 0.0162
[Tracker] Ep  459 | AvgR 0.0003 | Global 0.5293 | Local 0.1192 | F1_macro 0.9979 | WorstLoss 0.0198
[Tracker] Ep  460 | AvgR 0.0002 | Global 0.4804 | Local 0.1192 | F1_macro 0.9958 | WorstLoss 0.0394
[Tracker] Saved snapshot: ep0460_phase1_class1
[Tracker] Ep  461 | AvgR 0.0003 | Global 0.5484 | Local 0.1192 | F1_macro 1.0000 | WorstLoss 0.0122
[Tracker] Ep  462 | AvgR 0.0003 | Global 0.5412 | Local 0.1192 | F1_macro 1.0000 | WorstLoss 0.0151
[Tracker] Ep  463 | AvgR 0.0003 | Global 0.5428 | Local 0.1192 | F1_macro 0.9979 | WorstLoss 0.0144
[Tracker] Ep  464 | AvgR 0.0002 | Global 0.4982 | Local 0.1192 | F1_macro 0.9958 | WorstLoss 0.0323
[Tracker] Ep  465 | AvgR 0.0003 | Global 0.5315 | Local 0.1192 | F1_macro 0.9979 | WorstLoss 0.0190
[Tracker] Saved snapshot: ep0465_phase1_class1
[Tracker] Ep  466 | AvgR 0.0003 | Global 0.5099 | Local 0.1192 | F1_macro 0.9979 | WorstLoss 0.0276
[Tracker] Ep  467 | AvgR 0.0003 | Global 0.5065 | Local 0.1192 | F1_macro 0.9979 | WorstLoss 0.0290
[Tracker] Ep  468 | AvgR 0.0003 | Global 0.5483 | Local 0.1192 | F1_macro 1.0000 | WorstLoss 0.0122
[Tracker] Ep  469 | AvgR 0.0003 | Global 0.5369 | Local 0.1192 | F1_macro 0.9979 | WorstLoss 0.0168
[Tracker] Ep  470 | AvgR 0.0003 | Global 0.5502 | Local 0.1192 | F1_macro 1.0000 | WorstLoss 0.0114
[Tracker] Saved snapshot: ep0470_phase1_class1
[Tracker] Ep  471 | AvgR 0.0003 | Global 0.5558 | Local 0.1192 | F1_macro 1.0000 | WorstLoss 0.0092
[Tracker] Ep  472 | AvgR 0.0003 | Global 0.5520 | Local 0.1192 | F1_macro 1.0000 | WorstLoss 0.0107
[Tracker] Ep  473 | AvgR 0.0003 | Global 0.5113 | Local 0.1192 | F1_macro 0.9979 | WorstLoss 0.0271
[Tracker] Ep  474 | AvgR 0.0003 | Global 0.5323 | Local 0.1192 | F1_macro 0.9958 | WorstLoss 0.0187
[Tracker] Ep  475 | AvgR 0.0003 | Global 0.5386 | Local 0.1192 | F1_macro 0.9979 | WorstLoss 0.0161
[Tracker] Saved snapshot: ep0475_phase1_class1
[Tracker] Ep  476 | AvgR 0.0003 | Global 0.5401 | Local 0.1192 | F1_macro 0.9979 | WorstLoss 0.0155
[Tracker] Ep  477 | AvgR 0.0003 | Global 0.5258 | Local 0.1192 | F1_macro 1.0000 | WorstLoss 0.0213
[Tracker] Ep  478 | AvgR 0.0003 | Global 0.5342 | Local 0.1192 | F1_macro 0.9958 | WorstLoss 0.0179
[Tracker] Ep  479 | AvgR 0.0003 | Global 0.5236 | Local 0.1192 | F1_macro 0.9979 | WorstLoss 0.0221
[Tracker] Ep  480 | AvgR 0.0002 | Global 0.3116 | Local 0.1192 | F1_macro 0.9872 | WorstLoss 0.1109
[Tracker] Saved snapshot: ep0480_phase1_class1
[Tracker] Ep  481 | AvgR 0.0002 | Global 0.4901 | Local 0.1192 | F1_macro 0.9958 | WorstLoss 0.0356
[Tracker] Ep  482 | AvgR 0.0003 | Global 0.5107 | Local 0.1192 | F1_macro 0.9979 | WorstLoss 0.0273
[Tracker] Ep  483 | AvgR 0.0003 | Global 0.5188 | Local 0.1192 | F1_macro 0.9979 | WorstLoss 0.0241
[Tracker] Ep  484 | AvgR 0.0003 | Global 0.5238 | Local 0.1192 | F1_macro 0.9979 | WorstLoss 0.0220
[Tracker] Ep  485 | AvgR 0.0002 | Global 0.4698 | Local 0.1192 | F1_macro 0.9958 | WorstLoss 0.0437
[Tracker] Saved snapshot: ep0485_phase1_class1
[Tracker] Ep  486 | AvgR 0.0003 | Global 0.5468 | Local 0.1192 | F1_macro 0.9979 | WorstLoss 0.0128
[Tracker] Ep  487 | AvgR 0.0003 | Global 0.5077 | Local 0.1192 | F1_macro 0.9979 | WorstLoss 0.0285
[Tracker] Ep  488 | AvgR 0.0003 | Global 0.5407 | Local 0.1192 | F1_macro 1.0000 | WorstLoss 0.0153
[Tracker] Ep  489 | AvgR 0.0003 | Global 0.5547 | Local 0.1192 | F1_macro 1.0000 | WorstLoss 0.0096
[Tracker] Ep  490 | AvgR 0.0003 | Global 0.5526 | Local 0.1192 | F1_macro 1.0000 | WorstLoss 0.0105
[Tracker] Saved snapshot: ep0490_phase1_class1
[Tracker] Ep  491 | AvgR 0.0003 | Global 0.5352 | Local 0.1192 | F1_macro 0.9979 | WorstLoss 0.0175
[Tracker] Ep  492 | AvgR 0.0003 | Global 0.5119 | Local 0.1192 | F1_macro 0.9958 | WorstLoss 0.0268
[Tracker] Ep  493 | AvgR 0.0003 | Global 0.5313 | Local 0.1192 | F1_macro 0.9979 | WorstLoss 0.0191
[Tracker] Ep  494 | AvgR 0.0003 | Global 0.5488 | Local 0.1192 | F1_macro 1.0000 | WorstLoss 0.0120
[Tracker] Ep  495 | AvgR 0.0003 | Global 0.5253 | Local 0.1192 | F1_macro 0.9958 | WorstLoss 0.0215
[Tracker] Saved snapshot: ep0495_phase1_class1
[Tracker] Ep  496 | AvgR 0.0003 | Global 0.5342 | Local 0.1192 | F1_macro 0.9979 | WorstLoss 0.0179
[Tracker] Ep  497 | AvgR 0.0003 | Global 0.5607 | Local 0.1192 | F1_macro 1.0000 | WorstLoss 0.0072
[Tracker] Ep  498 | AvgR 0.0003 | Global 0.5179 | Local 0.1192 | F1_macro 0.9979 | WorstLoss 0.0244
[Tracker] Ep  499 | AvgR 0.0003 | Global 0.5286 | Local 0.1192 | F1_macro 0.9979 | WorstLoss 0.0201
[Tracker] Ep  500 | AvgR 0.0003 | Global 0.5419 | Local 0.1192 | F1_macro 1.0000 | WorstLoss 0.0148
[Tracker] Saved snapshot: ep0500_phase1_class1
[Tracker] Ep  501 | AvgR 0.0003 | Global 0.5063 | Local 0.1192 | F1_macro 0.9979 | WorstLoss 0.0291
[Tracker] Ep  502 | AvgR 0.0003 | Global 0.5338 | Local 0.1192 | F1_macro 0.9979 | WorstLoss 0.0181
[Tracker] Ep  503 | AvgR 0.0003 | Global 0.5338 | Local 0.1192 | F1_macro 0.9958 | WorstLoss 0.0181
[Tracker] Ep  504 | AvgR 0.0003 | Global 0.5487 | Local 0.1192 | F1_macro 1.0000 | WorstLoss 0.0121
[Tracker] Ep  505 | AvgR 0.0003 | Global 0.5274 | Local 0.1192 | F1_macro 1.0000 | WorstLoss 0.0206
[Tracker] Saved snapshot: ep0505_phase1_class1
[Tracker] Ep  506 | AvgR 0.0003 | Global 0.5331 | Local 0.1192 | F1_macro 0.9979 | WorstLoss 0.0183
[Tracker] Ep  507 | AvgR 0.0003 | Global 0.5521 | Local 0.1192 | F1_macro 1.0000 | WorstLoss 0.0107
[Tracker] Ep  508 | AvgR 0.0003 | Global 0.5214 | Local 0.1192 | F1_macro 0.9979 | WorstLoss 0.0230
[Tracker] Ep  509 | AvgR 0.0003 | Global 0.5074 | Local 0.1192 | F1_macro 0.9958 | WorstLoss 0.0286
[Tracker] Ep  510 | AvgR 0.0003 | Global 0.5472 | Local 0.1192 | F1_macro 1.0000 | WorstLoss 0.0127
[Tracker] Saved snapshot: ep0510_phase1_class1
[Tracker] Ep  511 | AvgR 0.0003 | Global 0.5408 | Local 0.1192 | F1_macro 1.0000 | WorstLoss 0.0152
[Tracker] Ep  512 | AvgR 0.0003 | Global 0.5237 | Local 0.1192 | F1_macro 0.9979 | WorstLoss 0.0221
[Tracker] Ep  513 | AvgR 0.0003 | Global 0.5224 | Local 0.1192 | F1_macro 0.9979 | WorstLoss 0.0226
[Tracker] Ep  514 | AvgR 0.0003 | Global 0.5264 | Local 0.1192 | F1_macro 0.9979 | WorstLoss 0.0210
[Tracker] Ep  515 | AvgR 0.0003 | Global 0.5323 | Local 0.1192 | F1_macro 0.9979 | WorstLoss 0.0187
[Tracker] Saved snapshot: ep0515_phase1_class1
[Tracker] Ep  516 | AvgR 0.0003 | Global 0.5559 | Local 0.1192 | F1_macro 1.0000 | WorstLoss 0.0091
[Tracker] Ep  517 | AvgR 0.0002 | Global 0.4966 | Local 0.1192 | F1_macro 0.9936 | WorstLoss 0.0330
[Tracker] Ep  518 | AvgR 0.0003 | Global 0.5544 | Local 0.1192 | F1_macro 1.0000 | WorstLoss 0.0097
[Tracker] Ep  519 | AvgR 0.0003 | Global 0.5233 | Local 0.1192 | F1_macro 0.9979 | WorstLoss 0.0223
[Tracker] Ep  520 | AvgR 0.0002 | Global 0.4744 | Local 0.1192 | F1_macro 0.9958 | WorstLoss 0.0418
[Tracker] Saved snapshot: ep0520_phase1_class1
[Tracker] Ep  521 | AvgR 0.0003 | Global 0.5354 | Local 0.1192 | F1_macro 1.0000 | WorstLoss 0.0174
[Tracker] Ep  522 | AvgR 0.0002 | Global 0.4707 | Local 0.1192 | F1_macro 0.9958 | WorstLoss 0.0433
[Tracker] Ep  523 | AvgR 0.0003 | Global 0.5609 | Local 0.1192 | F1_macro 1.0000 | WorstLoss 0.0071
[Tracker] Ep  524 | AvgR 0.0002 | Global 0.4466 | Local 0.1192 | F1_macro 0.9958 | WorstLoss 0.0530
[Tracker] Ep  525 | AvgR 0.0003 | Global 0.5648 | Local 0.1192 | F1_macro 1.0000 | WorstLoss 0.0055
[Tracker] Saved snapshot: ep0525_phase1_class1
[Tracker] Ep  526 | AvgR 0.0002 | Global 0.4759 | Local 0.1192 | F1_macro 0.9958 | WorstLoss 0.0413
[Tracker] Ep  527 | AvgR 0.0003 | Global 0.5346 | Local 0.1192 | F1_macro 0.9979 | WorstLoss 0.0177
[Tracker] Ep  528 | AvgR 0.0003 | Global 0.5418 | Local 0.1192 | F1_macro 1.0000 | WorstLoss 0.0148
[Tracker] Ep  529 | AvgR 0.0003 | Global 0.5422 | Local 0.1192 | F1_macro 1.0000 | WorstLoss 0.0147
[Tracker] Ep  530 | AvgR 0.0003 | Global 0.5298 | Local 0.1192 | F1_macro 0.9979 | WorstLoss 0.0197
[Tracker] Saved snapshot: ep0530_phase1_class1
[Tracker] Ep  531 | AvgR 0.0003 | Global 0.5482 | Local 0.1192 | F1_macro 1.0000 | WorstLoss 0.0123
[Tracker] Ep  532 | AvgR 0.0003 | Global 0.5400 | Local 0.1192 | F1_macro 1.0000 | WorstLoss 0.0156
[Tracker] Ep  533 | AvgR 0.0002 | Global 0.3635 | Local 0.1192 | F1_macro 0.9915 | WorstLoss 0.0875
[Tracker] Ep  534 | AvgR 0.0003 | Global 0.5152 | Local 0.1192 | F1_macro 0.9979 | WorstLoss 0.0255
[Tracker] Ep  535 | AvgR 0.0003 | Global 0.5505 | Local 0.1192 | F1_macro 1.0000 | WorstLoss 0.0113
[Tracker] Saved snapshot: ep0535_phase1_class1
[Tracker] Ep  536 | AvgR 0.0003 | Global 0.5317 | Local 0.1192 | F1_macro 0.9979 | WorstLoss 0.0189
[Tracker] Ep  537 | AvgR 0.0003 | Global 0.5312 | Local 0.1192 | F1_macro 0.9979 | WorstLoss 0.0191
[Tracker] Ep  538 | AvgR 0.0003 | Global 0.5535 | Local 0.1192 | F1_macro 1.0000 | WorstLoss 0.0101
[Tracker] Ep  539 | AvgR 0.0002 | Global 0.4947 | Local 0.1192 | F1_macro 0.9958 | WorstLoss 0.0337
[Tracker] Ep  540 | AvgR 0.0003 | Global 0.5437 | Local 0.1192 | F1_macro 1.0000 | WorstLoss 0.0140
[Tracker] Saved snapshot: ep0540_phase1_class1
[Tracker] Ep  541 | AvgR 0.0003 | Global 0.5315 | Local 0.1192 | F1_macro 0.9979 | WorstLoss 0.0190
[Tracker] Ep  542 | AvgR 0.0003 | Global 0.5444 | Local 0.1192 | F1_macro 1.0000 | WorstLoss 0.0138
[Tracker] Ep  543 | AvgR 0.0003 | Global 0.5370 | Local 0.1192 | F1_macro 0.9958 | WorstLoss 0.0168
[Tracker] Ep  544 | AvgR 0.0003 | Global 0.5500 | Local 0.1192 | F1_macro 1.0000 | WorstLoss 0.0115
[Tracker] Ep  545 | AvgR 0.0003 | Global 0.5356 | Local 0.1192 | F1_macro 0.9979 | WorstLoss 0.0173
[Tracker] Saved snapshot: ep0545_phase1_class1
[Tracker] Ep  546 | AvgR 0.0003 | Global 0.5190 | Local 0.1192 | F1_macro 0.9958 | WorstLoss 0.0240
[Tracker] Ep  547 | AvgR 0.0003 | Global 0.5529 | Local 0.1192 | F1_macro 1.0000 | WorstLoss 0.0103
[Tracker] Ep  548 | AvgR 0.0003 | Global 0.5282 | Local 0.1192 | F1_macro 0.9979 | WorstLoss 0.0203
[Tracker] Ep  549 | AvgR 0.0003 | Global 0.5362 | Local 0.1192 | F1_macro 0.9979 | WorstLoss 0.0171
[Tracker] Ep  550 | AvgR 0.0003 | Global 0.5554 | Local 0.1192 | F1_macro 1.0000 | WorstLoss 0.0094
[Tracker] Saved snapshot: ep0550_phase1_class1
[Tracker] Ep  551 | AvgR 0.0003 | Global 0.5334 | Local 0.1192 | F1_macro 0.9979 | WorstLoss 0.0182
[Tracker] Ep  552 | AvgR 0.0003 | Global 0.5554 | Local 0.1192 | F1_macro 1.0000 | WorstLoss 0.0093
[Tracker] Ep  553 | AvgR 0.0003 | Global 0.5516 | Local 0.1192 | F1_macro 1.0000 | WorstLoss 0.0109
[Tracker] Ep  554 | AvgR 0.0003 | Global 0.5363 | Local 0.1192 | F1_macro 1.0000 | WorstLoss 0.0170
[Tracker] Ep  555 | AvgR 0.0003 | Global 0.5464 | Local 0.1192 | F1_macro 1.0000 | WorstLoss 0.0130
[Tracker] Saved snapshot: ep0555_phase1_class1
[Tracker] Ep  556 | AvgR 0.0003 | Global 0.5324 | Local 0.1192 | F1_macro 0.9958 | WorstLoss 0.0186
[Tracker] Ep  557 | AvgR 0.0003 | Global 0.5577 | Local 0.1192 | F1_macro 1.0000 | WorstLoss 0.0084
[Tracker] Ep  558 | AvgR 0.0003 | Global 0.5526 | Local 0.1192 | F1_macro 1.0000 | WorstLoss 0.0105
[Tracker] Ep  559 | AvgR 0.0003 | Global 0.5541 | Local 0.1192 | F1_macro 1.0000 | WorstLoss 0.0099
[Tracker] Ep  560 | AvgR 0.0003 | Global 0.5582 | Local 0.1192 | F1_macro 1.0000 | WorstLoss 0.0082
[Tracker] Saved snapshot: ep0560_phase1_class1
[Tracker] Ep  561 | AvgR 0.0003 | Global 0.5485 | Local 0.1192 | F1_macro 1.0000 | WorstLoss 0.0121
[Tracker] Ep  562 | AvgR 0.0003 | Global 0.5504 | Local 0.1192 | F1_macro 1.0000 | WorstLoss 0.0113
[Tracker] Ep  563 | AvgR 0.0003 | Global 0.5588 | Local 0.1192 | F1_macro 1.0000 | WorstLoss 0.0080
[Tracker] Ep  564 | AvgR 0.0003 | Global 0.5340 | Local 0.1192 | F1_macro 0.9979 | WorstLoss 0.0180
[Tracker] Ep  565 | AvgR 0.0003 | Global 0.5325 | Local 0.1192 | F1_macro 0.9958 | WorstLoss 0.0186
[Tracker] Saved snapshot: ep0565_phase1_class1
[Tracker] Ep  566 | AvgR 0.0003 | Global 0.5290 | Local 0.1192 | F1_macro 0.9979 | WorstLoss 0.0200
[Tracker] Ep  567 | AvgR 0.0003 | Global 0.5406 | Local 0.1192 | F1_macro 0.9979 | WorstLoss 0.0153
[Tracker] Ep  568 | AvgR 0.0003 | Global 0.5271 | Local 0.1192 | F1_macro 0.9958 | WorstLoss 0.0208
[Tracker] Ep  569 | AvgR 0.0003 | Global 0.5505 | Local 0.1192 | F1_macro 1.0000 | WorstLoss 0.0113
[Tracker] Ep  570 | AvgR 0.0003 | Global 0.5190 | Local 0.1192 | F1_macro 0.9979 | WorstLoss 0.0240
[Tracker] Saved snapshot: ep0570_phase1_class1
[Tracker] Ep  571 | AvgR 0.0003 | Global 0.5417 | Local 0.1192 | F1_macro 0.9958 | WorstLoss 0.0149
[Tracker] Ep  572 | AvgR 0.0003 | Global 0.5425 | Local 0.1192 | F1_macro 1.0000 | WorstLoss 0.0145
[Tracker] Ep  573 | AvgR 0.0002 | Global 0.4951 | Local 0.1192 | F1_macro 0.9979 | WorstLoss 0.0335
[Tracker] Ep  574 | AvgR 0.0003 | Global 0.5455 | Local 0.1192 | F1_macro 1.0000 | WorstLoss 0.0134
[Tracker] Ep  575 | AvgR 0.0003 | Global 0.5564 | Local 0.1192 | F1_macro 1.0000 | WorstLoss 0.0089
[Tracker] Saved snapshot: ep0575_phase1_class1
[Tracker] Ep  576 | AvgR 0.0003 | Global 0.5454 | Local 0.1192 | F1_macro 1.0000 | WorstLoss 0.0134
[Tracker] Ep  577 | AvgR 0.0002 | Global 0.4887 | Local 0.1192 | F1_macro 0.9979 | WorstLoss 0.0361
[Tracker] Ep  578 | AvgR 0.0003 | Global 0.5496 | Local 0.1192 | F1_macro 1.0000 | WorstLoss 0.0117
[Tracker] Ep  579 | AvgR 0.0003 | Global 0.5213 | Local 0.1192 | F1_macro 1.0000 | WorstLoss 0.0231
[Tracker] Ep  580 | AvgR 0.0003 | Global 0.5508 | Local 0.1192 | F1_macro 1.0000 | WorstLoss 0.0112
[Tracker] Saved snapshot: ep0580_phase1_class1
[Tracker] Ep  581 | AvgR 0.0003 | Global 0.5284 | Local 0.1192 | F1_macro 0.9979 | WorstLoss 0.0202
[Tracker] Ep  582 | AvgR 0.0003 | Global 0.5259 | Local 0.1192 | F1_macro 0.9979 | WorstLoss 0.0212
[Tracker] Ep  583 | AvgR 0.0003 | Global 0.5495 | Local 0.1192 | F1_macro 1.0000 | WorstLoss 0.0117
[Tracker] Ep  584 | AvgR 0.0003 | Global 0.5560 | Local 0.1192 | F1_macro 1.0000 | WorstLoss 0.0091
[Tracker] Ep  585 | AvgR 0.0003 | Global 0.5568 | Local 0.1192 | F1_macro 1.0000 | WorstLoss 0.0088
[Tracker] Saved snapshot: ep0585_phase1_class1
[Tracker] Ep  586 | AvgR 0.0003 | Global 0.5236 | Local 0.1192 | F1_macro 0.9979 | WorstLoss 0.0221
[Tracker] Ep  587 | AvgR 0.0003 | Global 0.5273 | Local 0.1192 | F1_macro 0.9979 | WorstLoss 0.0207
[Tracker] Ep  588 | AvgR 0.0003 | Global 0.5440 | Local 0.1192 | F1_macro 1.0000 | WorstLoss 0.0139
[Tracker] Ep  589 | AvgR 0.0003 | Global 0.5628 | Local 0.1192 | F1_macro 1.0000 | WorstLoss 0.0063
[Tracker] Ep  590 | AvgR 0.0003 | Global 0.5507 | Local 0.1192 | F1_macro 1.0000 | WorstLoss 0.0112
[Tracker] Saved snapshot: ep0590_phase1_class1
[Tracker] Ep  591 | AvgR 0.0003 | Global 0.5202 | Local 0.1192 | F1_macro 0.9979 | WorstLoss 0.0235
[Tracker] Ep  592 | AvgR 0.0003 | Global 0.5631 | Local 0.1192 | F1_macro 1.0000 | WorstLoss 0.0062
[Tracker] Ep  593 | AvgR 0.0003 | Global 0.5560 | Local 0.1192 | F1_macro 1.0000 | WorstLoss 0.0091
[Tracker] Ep  594 | AvgR 0.0003 | Global 0.5087 | Local 0.1192 | F1_macro 0.9979 | WorstLoss 0.0281
[Tracker] Ep  595 | AvgR 0.0003 | Global 0.5427 | Local 0.1192 | F1_macro 0.9979 | WorstLoss 0.0145
[Tracker] Saved snapshot: ep0595_phase1_class1
[Tracker] Ep  596 | AvgR 0.0003 | Global 0.5568 | Local 0.1192 | F1_macro 1.0000 | WorstLoss 0.0088
[Tracker] Ep  597 | AvgR 0.0003 | Global 0.5520 | Local 0.1192 | F1_macro 1.0000 | WorstLoss 0.0107
[Tracker] Ep  598 | AvgR 0.0003 | Global 0.5509 | Local 0.1192 | F1_macro 1.0000 | WorstLoss 0.0112
[Tracker] Ep  599 | AvgR 0.0003 | Global 0.5353 | Local 0.1192 | F1_macro 0.9979 | WorstLoss 0.0175
[Tracker] Ep  600 | AvgR 0.0003 | Global 0.5305 | Local 0.1192 | F1_macro 0.9979 | WorstLoss 0.0194
[Tracker] Saved snapshot: ep0600_phase1_class1
[Tracker] Ep  601 | AvgR 0.0003 | Global 0.5547 | Local 0.1192 | F1_macro 1.0000 | WorstLoss 0.0096
[Tracker] Ep  602 | AvgR 0.0003 | Global 0.5442 | Local 0.1192 | F1_macro 1.0000 | WorstLoss 0.0139
[Tracker] Ep  603 | AvgR 0.0003 | Global 0.5381 | Local 0.1192 | F1_macro 0.9979 | WorstLoss 0.0163
[Tracker] Ep  604 | AvgR 0.0003 | Global 0.5461 | Local 0.1192 | F1_macro 1.0000 | WorstLoss 0.0131
[Tracker] Ep  605 | AvgR 0.0003 | Global 0.5382 | Local 0.1192 | F1_macro 0.9979 | WorstLoss 0.0163
[Tracker] Saved snapshot: ep0605_phase1_class1
[Tracker] Ep  606 | AvgR 0.0003 | Global 0.5428 | Local 0.1192 | F1_macro 0.9979 | WorstLoss 0.0144
[Tracker] Ep  607 | AvgR 0.0003 | Global 0.5584 | Local 0.1192 | F1_macro 1.0000 | WorstLoss 0.0081
[Tracker] Ep  608 | AvgR 0.0003 | Global 0.5369 | Local 0.1192 | F1_macro 0.9979 | WorstLoss 0.0168
[Tracker] Ep  609 | AvgR 0.0003 | Global 0.5503 | Local 0.1192 | F1_macro 1.0000 | WorstLoss 0.0114
[Tracker] Ep  610 | AvgR 0.0003 | Global 0.5439 | Local 0.1192 | F1_macro 1.0000 | WorstLoss 0.0140
[Tracker] Saved snapshot: ep0610_phase1_class1
[Tracker] Ep  611 | AvgR 0.0003 | Global 0.5242 | Local 0.1192 | F1_macro 0.9979 | WorstLoss 0.0219
[Tracker] Ep  612 | AvgR 0.0003 | Global 0.5053 | Local 0.1192 | F1_macro 0.9979 | WorstLoss 0.0295
[Tracker] Ep  613 | AvgR 0.0003 | Global 0.5344 | Local 0.1192 | F1_macro 0.9979 | WorstLoss 0.0178
[Tracker] Ep  614 | AvgR 0.0002 | Global 0.3899 | Local 0.1192 | F1_macro 0.9915 | WorstLoss 0.0764
[Tracker] Ep  615 | AvgR 0.0003 | Global 0.5283 | Local 0.1192 | F1_macro 0.9979 | WorstLoss 0.0202
[Tracker] Saved snapshot: ep0615_phase1_class1
[Tracker] Ep  616 | AvgR 0.0003 | Global 0.5396 | Local 0.1192 | F1_macro 1.0000 | WorstLoss 0.0157
[Tracker] Ep  617 | AvgR 0.0003 | Global 0.5533 | Local 0.1192 | F1_macro 1.0000 | WorstLoss 0.0102
[Tracker] Ep  618 | AvgR 0.0003 | Global 0.5514 | Local 0.1192 | F1_macro 1.0000 | WorstLoss 0.0110
[Tracker] Ep  619 | AvgR 0.0003 | Global 0.5422 | Local 0.1192 | F1_macro 0.9979 | WorstLoss 0.0147
[Tracker] Ep  620 | AvgR 0.0003 | Global 0.5414 | Local 0.1192 | F1_macro 0.9979 | WorstLoss 0.0150
[Tracker] Saved snapshot: ep0620_phase1_class1
[Tracker] Ep  621 | AvgR 0.0003 | Global 0.5468 | Local 0.1192 | F1_macro 1.0000 | WorstLoss 0.0128
[Tracker] Ep  622 | AvgR 0.0003 | Global 0.5391 | Local 0.1192 | F1_macro 0.9979 | WorstLoss 0.0159
[Tracker] Ep  623 | AvgR 0.0003 | Global 0.5540 | Local 0.1192 | F1_macro 1.0000 | WorstLoss 0.0099
[Tracker] Ep  624 | AvgR 0.0003 | Global 0.5517 | Local 0.1192 | F1_macro 1.0000 | WorstLoss 0.0108
[Tracker] Ep  625 | AvgR 0.0003 | Global 0.5517 | Local 0.1192 | F1_macro 1.0000 | WorstLoss 0.0109
[Tracker] Saved snapshot: ep0625_phase1_class1
[Tracker] Ep  626 | AvgR 0.0003 | Global 0.5155 | Local 0.1192 | F1_macro 0.9958 | WorstLoss 0.0254
[Tracker] Ep  627 | AvgR 0.0003 | Global 0.5494 | Local 0.1192 | F1_macro 1.0000 | WorstLoss 0.0118
[Tracker] Ep  628 | AvgR 0.0003 | Global 0.5512 | Local 0.1192 | F1_macro 1.0000 | WorstLoss 0.0110
[Tracker] Ep  629 | AvgR 0.0003 | Global 0.5551 | Local 0.1192 | F1_macro 1.0000 | WorstLoss 0.0095
[Tracker] Ep  630 | AvgR 0.0003 | Global 0.5384 | Local 0.1192 | F1_macro 0.9979 | WorstLoss 0.0162
[Tracker] Saved snapshot: ep0630_phase1_class1
[Tracker] Ep  631 | AvgR 0.0002 | Global 0.4825 | Local 0.1192 | F1_macro 0.9979 | WorstLoss 0.0386
[Tracker] Ep  632 | AvgR 0.0003 | Global 0.5435 | Local 0.1192 | F1_macro 1.0000 | WorstLoss 0.0142
[Tracker] Ep  633 | AvgR 0.0003 | Global 0.5110 | Local 0.1192 | F1_macro 1.0000 | WorstLoss 0.0272
[Tracker] Ep  634 | AvgR 0.0003 | Global 0.5351 | Local 0.1192 | F1_macro 1.0000 | WorstLoss 0.0175
[Tracker] Ep  635 | AvgR 0.0003 | Global 0.5370 | Local 0.1192 | F1_macro 0.9979 | WorstLoss 0.0168
[Tracker] Saved snapshot: ep0635_phase1_class1
[Tracker] Ep  636 | AvgR 0.0003 | Global 0.5342 | Local 0.1192 | F1_macro 0.9979 | WorstLoss 0.0179
[Tracker] Ep  637 | AvgR 0.0003 | Global 0.5299 | Local 0.1192 | F1_macro 0.9979 | WorstLoss 0.0196
[Tracker] Ep  638 | AvgR 0.0002 | Global 0.4892 | Local 0.1192 | F1_macro 0.9958 | WorstLoss 0.0359
[Tracker] Ep  639 | AvgR 0.0003 | Global 0.5493 | Local 0.1192 | F1_macro 1.0000 | WorstLoss 0.0118
[Tracker] Ep  640 | AvgR 0.0003 | Global 0.5635 | Local 0.1192 | F1_macro 1.0000 | WorstLoss 0.0061
[Tracker] Saved snapshot: ep0640_phase1_class1
[Tracker] Ep  641 | AvgR 0.0003 | Global 0.5464 | Local 0.1192 | F1_macro 0.9979 | WorstLoss 0.0130
[Tracker] Ep  642 | AvgR 0.0003 | Global 0.5540 | Local 0.1192 | F1_macro 1.0000 | WorstLoss 0.0099
[Tracker] Ep  643 | AvgR 0.0003 | Global 0.5355 | Local 0.1192 | F1_macro 0.9979 | WorstLoss 0.0174
[Tracker] Ep  644 | AvgR 0.0002 | Global 0.4804 | Local 0.1192 | F1_macro 0.9958 | WorstLoss 0.0394
[Tracker] Ep  645 | AvgR 0.0003 | Global 0.5044 | Local 0.1192 | F1_macro 0.9979 | WorstLoss 0.0298
[Tracker] Saved snapshot: ep0645_phase1_class1
[Tracker] Ep  646 | AvgR 0.0003 | Global 0.5422 | Local 0.1192 | F1_macro 1.0000 | WorstLoss 0.0147
[Tracker] Ep  647 | AvgR 0.0002 | Global 0.4716 | Local 0.1192 | F1_macro 0.9958 | WorstLoss 0.0429
[Tracker] Ep  648 | AvgR 0.0003 | Global 0.5602 | Local 0.1192 | F1_macro 1.0000 | WorstLoss 0.0074
[Tracker] Ep  649 | AvgR 0.0003 | Global 0.5481 | Local 0.1192 | F1_macro 1.0000 | WorstLoss 0.0123
[Tracker] Ep  650 | AvgR 0.0002 | Global 0.4869 | Local 0.1192 | F1_macro 0.9979 | WorstLoss 0.0368
[Tracker] Saved snapshot: ep0650_phase1_class1
[Tracker] Ep  651 | AvgR 0.0003 | Global 0.5293 | Local 0.1192 | F1_macro 0.9979 | WorstLoss 0.0198
[Tracker] Ep  652 | AvgR 0.0002 | Global 0.3911 | Local 0.1192 | F1_macro 0.9936 | WorstLoss 0.0759
[Tracker] Ep  653 | AvgR 0.0003 | Global 0.5300 | Local 0.1192 | F1_macro 0.9979 | WorstLoss 0.0196
[Tracker] Ep  654 | AvgR 0.0003 | Global 0.5528 | Local 0.1192 | F1_macro 1.0000 | WorstLoss 0.0104
[Tracker] Ep  655 | AvgR 0.0003 | Global 0.5517 | Local 0.1192 | F1_macro 1.0000 | WorstLoss 0.0108
[Tracker] Saved snapshot: ep0655_phase1_class1
[Tracker] Ep  656 | AvgR 0.0003 | Global 0.5531 | Local 0.1192 | F1_macro 1.0000 | WorstLoss 0.0103
[Tracker] Ep  657 | AvgR 0.0003 | Global 0.5436 | Local 0.1192 | F1_macro 1.0000 | WorstLoss 0.0141
[Tracker] Ep  658 | AvgR 0.0003 | Global 0.5454 | Local 0.1192 | F1_macro 1.0000 | WorstLoss 0.0134
[Tracker] Ep  659 | AvgR 0.0003 | Global 0.5419 | Local 0.1192 | F1_macro 0.9979 | WorstLoss 0.0148
[Tracker] Ep  660 | AvgR 0.0003 | Global 0.5118 | Local 0.1192 | F1_macro 1.0000 | WorstLoss 0.0269
[Tracker] Saved snapshot: ep0660_phase1_class1
[Tracker] Ep  661 | AvgR 0.0003 | Global 0.5550 | Local 0.1192 | F1_macro 1.0000 | WorstLoss 0.0095
[Tracker] Ep  662 | AvgR 0.0003 | Global 0.5324 | Local 0.1192 | F1_macro 1.0000 | WorstLoss 0.0186
[Tracker] Ep  663 | AvgR 0.0003 | Global 0.5452 | Local 0.1192 | F1_macro 0.9979 | WorstLoss 0.0134
[Tracker] Ep  664 | AvgR 0.0003 | Global 0.5483 | Local 0.1192 | F1_macro 1.0000 | WorstLoss 0.0122
[Tracker] Ep  665 | AvgR 0.0003 | Global 0.5316 | Local 0.1192 | F1_macro 0.9979 | WorstLoss 0.0189
[Tracker] Saved snapshot: ep0665_phase1_class1
[Tracker] Ep  666 | AvgR 0.0003 | Global 0.5604 | Local 0.1192 | F1_macro 1.0000 | WorstLoss 0.0073
[Tracker] Ep  667 | AvgR 0.0003 | Global 0.5214 | Local 0.1192 | F1_macro 0.9979 | WorstLoss 0.0230
[Tracker] Ep  668 | AvgR 0.0003 | Global 0.5327 | Local 0.1192 | F1_macro 0.9979 | WorstLoss 0.0185
[Tracker] Ep  669 | AvgR 0.0003 | Global 0.5600 | Local 0.1192 | F1_macro 1.0000 | WorstLoss 0.0075
[Tracker] Ep  670 | AvgR 0.0003 | Global 0.5473 | Local 0.1192 | F1_macro 1.0000 | WorstLoss 0.0126
[Tracker] Saved snapshot: ep0670_phase1_class1
[Tracker] Ep  671 | AvgR 0.0003 | Global 0.5601 | Local 0.1192 | F1_macro 1.0000 | WorstLoss 0.0075
[Tracker] Ep  672 | AvgR 0.0003 | Global 0.5320 | Local 0.1192 | F1_macro 0.9979 | WorstLoss 0.0188
[Tracker] Ep  673 | AvgR 0.0003 | Global 0.5408 | Local 0.1192 | F1_macro 0.9979 | WorstLoss 0.0152
[Tracker] Ep  674 | AvgR 0.0003 | Global 0.5607 | Local 0.1192 | F1_macro 1.0000 | WorstLoss 0.0072
[Tracker] Ep  675 | AvgR 0.0003 | Global 0.5375 | Local 0.1192 | F1_macro 0.9979 | WorstLoss 0.0166
[Tracker] Saved snapshot: ep0675_phase1_class1
[Tracker] Ep  676 | AvgR 0.0003 | Global 0.5050 | Local 0.1192 | F1_macro 0.9958 | WorstLoss 0.0296
[Tracker] Ep  677 | AvgR 0.0003 | Global 0.5523 | Local 0.1192 | F1_macro 1.0000 | WorstLoss 0.0106
[Tracker] Ep  678 | AvgR 0.0003 | Global 0.5327 | Local 0.1192 | F1_macro 1.0000 | WorstLoss 0.0185
[Tracker] Ep  679 | AvgR 0.0003 | Global 0.5421 | Local 0.1192 | F1_macro 1.0000 | WorstLoss 0.0147
[Tracker] Ep  680 | AvgR 0.0003 | Global 0.5457 | Local 0.1192 | F1_macro 1.0000 | WorstLoss 0.0133
[Tracker] Saved snapshot: ep0680_phase1_class1
[Tracker] Ep  681 | AvgR 0.0003 | Global 0.5620 | Local 0.1192 | F1_macro 1.0000 | WorstLoss 0.0067
[Tracker] Ep  682 | AvgR 0.0003 | Global 0.5503 | Local 0.1192 | F1_macro 1.0000 | WorstLoss 0.0114
[Tracker] Ep  683 | AvgR 0.0003 | Global 0.5409 | Local 0.1192 | F1_macro 1.0000 | WorstLoss 0.0152
[Tracker] Ep  684 | AvgR 0.0003 | Global 0.5295 | Local 0.1192 | F1_macro 0.9979 | WorstLoss 0.0198
[Tracker] Ep  685 | AvgR 0.0003 | Global 0.5431 | Local 0.1192 | F1_macro 1.0000 | WorstLoss 0.0143
[Tracker] Saved snapshot: ep0685_phase1_class1
[Tracker] Ep  686 | AvgR 0.0003 | Global 0.5356 | Local 0.1192 | F1_macro 1.0000 | WorstLoss 0.0173
[Tracker] Ep  687 | AvgR 0.0003 | Global 0.5342 | Local 0.1192 | F1_macro 1.0000 | WorstLoss 0.0179
[Tracker] Ep  688 | AvgR 0.0003 | Global 0.5386 | Local 0.1192 | F1_macro 0.9979 | WorstLoss 0.0161
[Tracker] Ep  689 | AvgR 0.0003 | Global 0.5491 | Local 0.1192 | F1_macro 1.0000 | WorstLoss 0.0119
[Tracker] Ep  690 | AvgR 0.0003 | Global 0.5424 | Local 0.1192 | F1_macro 0.9979 | WorstLoss 0.0146
[Tracker] Saved snapshot: ep0690_phase1_class1
[Tracker] Ep  691 | AvgR 0.0003 | Global 0.5074 | Local 0.1192 | F1_macro 0.9979 | WorstLoss 0.0286
[Tracker] Ep  692 | AvgR 0.0003 | Global 0.5031 | Local 0.1192 | F1_macro 0.9958 | WorstLoss 0.0303
[Tracker] Ep  693 | AvgR 0.0003 | Global 0.5425 | Local 0.1192 | F1_macro 1.0000 | WorstLoss 0.0146
[Tracker] Ep  694 | AvgR 0.0003 | Global 0.5328 | Local 0.1192 | F1_macro 1.0000 | WorstLoss 0.0185
[Tracker] Ep  695 | AvgR 0.0003 | Global 0.5412 | Local 0.1192 | F1_macro 0.9979 | WorstLoss 0.0151
[Tracker] Saved snapshot: ep0695_phase1_class1
[Tracker] Ep  696 | AvgR 0.0003 | Global 0.5447 | Local 0.1192 | F1_macro 0.9979 | WorstLoss 0.0137
[Tracker] Ep  697 | AvgR 0.0003 | Global 0.5341 | Local 0.1192 | F1_macro 0.9979 | WorstLoss 0.0179
[Tracker] Ep  698 | AvgR 0.0003 | Global 0.5386 | Local 0.1192 | F1_macro 1.0000 | WorstLoss 0.0161
[Tracker] Ep  699 | AvgR 0.0002 | Global 0.4354 | Local 0.1192 | F1_macro 0.9958 | WorstLoss 0.0576
[Tracker] Ep  700 | AvgR 0.0003 | Global 0.5531 | Local 0.1192 | F1_macro 1.0000 | WorstLoss 0.0103
[Tracker] Saved snapshot: ep0700_phase1_class1
[Tracker] Ep  701 | AvgR 0.0003 | Global 0.5467 | Local 0.1192 | F1_macro 1.0000 | WorstLoss 0.0129
[Tracker] Ep  702 | AvgR 0.0003 | Global 0.5386 | Local 0.1192 | F1_macro 0.9979 | WorstLoss 0.0161
[Tracker] Ep  703 | AvgR 0.0003 | Global 0.5342 | Local 0.1192 | F1_macro 1.0000 | WorstLoss 0.0179
[Tracker] Ep  704 | AvgR 0.0003 | Global 0.5568 | Local 0.1192 | F1_macro 1.0000 | WorstLoss 0.0088
[Tracker] Ep  705 | AvgR 0.0003 | Global 0.5618 | Local 0.1192 | F1_macro 1.0000 | WorstLoss 0.0067
[Tracker] Saved snapshot: ep0705_phase1_class1
[Tracker] Ep  706 | AvgR 0.0003 | Global 0.5180 | Local 0.1192 | F1_macro 0.9979 | WorstLoss 0.0244
[Tracker] Ep  707 | AvgR 0.0003 | Global 0.5359 | Local 0.1192 | F1_macro 1.0000 | WorstLoss 0.0172
[Tracker] Ep  708 | AvgR 0.0003 | Global 0.5524 | Local 0.1192 | F1_macro 1.0000 | WorstLoss 0.0106
[Tracker] Ep  709 | AvgR 0.0003 | Global 0.5487 | Local 0.1192 | F1_macro 1.0000 | WorstLoss 0.0120
[Tracker] Ep  710 | AvgR 0.0002 | Global 0.4470 | Local 0.1192 | F1_macro 0.9979 | WorstLoss 0.0529
[Tracker] Saved snapshot: ep0710_phase1_class1
[Tracker] Ep  711 | AvgR 0.0003 | Global 0.5089 | Local 0.1192 | F1_macro 0.9958 | WorstLoss 0.0280
[Tracker] Ep  712 | AvgR 0.0003 | Global 0.5324 | Local 0.1192 | F1_macro 0.9979 | WorstLoss 0.0186
[Tracker] Ep  713 | AvgR 0.0003 | Global 0.5150 | Local 0.1192 | F1_macro 0.9979 | WorstLoss 0.0256
[Tracker] Ep  714 | AvgR 0.0002 | Global 0.4992 | Local 0.1192 | F1_macro 0.9958 | WorstLoss 0.0319
[Tracker] Ep  715 | AvgR 0.0003 | Global 0.5580 | Local 0.1192 | F1_macro 1.0000 | WorstLoss 0.0083
[Tracker] Saved snapshot: ep0715_phase1_class1
[Tracker] Ep  716 | AvgR 0.0003 | Global 0.5444 | Local 0.1192 | F1_macro 1.0000 | WorstLoss 0.0138
[Tracker] Ep  717 | AvgR 0.0003 | Global 0.5183 | Local 0.1192 | F1_macro 1.0000 | WorstLoss 0.0243
[Tracker] Ep  718 | AvgR 0.0003 | Global 0.5356 | Local 0.1192 | F1_macro 1.0000 | WorstLoss 0.0173
[Tracker] Ep  719 | AvgR 0.0003 | Global 0.5554 | Local 0.1192 | F1_macro 1.0000 | WorstLoss 0.0094
[Tracker] Ep  720 | AvgR 0.0002 | Global 0.4575 | Local 0.1192 | F1_macro 0.9958 | WorstLoss 0.0486
[Tracker] Saved snapshot: ep0720_phase1_class1
[Tracker] Ep  721 | AvgR 0.0003 | Global 0.5559 | Local 0.1192 | F1_macro 1.0000 | WorstLoss 0.0092
[Tracker] Ep  722 | AvgR 0.0003 | Global 0.5595 | Local 0.1192 | F1_macro 1.0000 | WorstLoss 0.0077
[Tracker] Ep  723 | AvgR 0.0003 | Global 0.5608 | Local 0.1192 | F1_macro 1.0000 | WorstLoss 0.0071
[Tracker] Ep  724 | AvgR 0.0003 | Global 0.5436 | Local 0.1192 | F1_macro 1.0000 | WorstLoss 0.0141
[Tracker] Ep  725 | AvgR 0.0002 | Global 0.4840 | Local 0.1192 | F1_macro 0.9979 | WorstLoss 0.0380
[Tracker] Saved snapshot: ep0725_phase1_class1
[Tracker] Ep  726 | AvgR 0.0002 | Global 0.4954 | Local 0.1192 | F1_macro 0.9958 | WorstLoss 0.0334
[Tracker] Ep  727 | AvgR 0.0003 | Global 0.5424 | Local 0.1192 | F1_macro 1.0000 | WorstLoss 0.0146
[Tracker] Ep  728 | AvgR 0.0003 | Global 0.5470 | Local 0.1192 | F1_macro 1.0000 | WorstLoss 0.0127
[Tracker] Ep  729 | AvgR 0.0003 | Global 0.5318 | Local 0.1192 | F1_macro 0.9979 | WorstLoss 0.0188
[Tracker] Ep  730 | AvgR 0.0003 | Global 0.5552 | Local 0.1192 | F1_macro 1.0000 | WorstLoss 0.0094
[Tracker] Saved snapshot: ep0730_phase1_class1
[Tracker] Ep  731 | AvgR 0.0003 | Global 0.5446 | Local 0.1192 | F1_macro 0.9979 | WorstLoss 0.0137
[Tracker] Ep  732 | AvgR 0.0003 | Global 0.5243 | Local 0.1192 | F1_macro 0.9979 | WorstLoss 0.0219
[Tracker] Ep  733 | AvgR 0.0003 | Global 0.5339 | Local 0.1192 | F1_macro 0.9958 | WorstLoss 0.0180
[Tracker] Ep  734 | AvgR 0.0003 | Global 0.5499 | Local 0.1192 | F1_macro 1.0000 | WorstLoss 0.0116
[Tracker] Ep  735 | AvgR 0.0002 | Global 0.4695 | Local 0.1192 | F1_macro 0.9936 | WorstLoss 0.0438
[Tracker] Saved snapshot: ep0735_phase1_class1
[Tracker] Ep  736 | AvgR 0.0003 | Global 0.5377 | Local 0.1192 | F1_macro 1.0000 | WorstLoss 0.0165
[Tracker] Ep  737 | AvgR 0.0003 | Global 0.5240 | Local 0.1192 | F1_macro 0.9979 | WorstLoss 0.0220
[Tracker] Ep  738 | AvgR 0.0003 | Global 0.5548 | Local 0.1192 | F1_macro 1.0000 | WorstLoss 0.0096
[Tracker] Ep  739 | AvgR 0.0003 | Global 0.5470 | Local 0.1192 | F1_macro 1.0000 | WorstLoss 0.0127
[Tracker] Ep  740 | AvgR 0.0003 | Global 0.5145 | Local 0.1192 | F1_macro 0.9958 | WorstLoss 0.0258
[Tracker] Saved snapshot: ep0740_phase1_class1
[Tracker] Ep  741 | AvgR 0.0003 | Global 0.5474 | Local 0.1192 | F1_macro 1.0000 | WorstLoss 0.0126
[Tracker] Ep  742 | AvgR 0.0003 | Global 0.5462 | Local 0.1192 | F1_macro 1.0000 | WorstLoss 0.0131
[Tracker] Ep  743 | AvgR 0.0003 | Global 0.5430 | Local 0.1192 | F1_macro 1.0000 | WorstLoss 0.0143
[Tracker] Ep  744 | AvgR 0.0003 | Global 0.5618 | Local 0.1192 | F1_macro 1.0000 | WorstLoss 0.0068
[Tracker] Ep  745 | AvgR 0.0002 | Global 0.4821 | Local 0.1192 | F1_macro 0.9958 | WorstLoss 0.0388
[Tracker] Saved snapshot: ep0745_phase1_class1
[Tracker] Ep  746 | AvgR 0.0003 | Global 0.5401 | Local 0.1192 | F1_macro 0.9979 | WorstLoss 0.0155
[Tracker] Ep  747 | AvgR 0.0003 | Global 0.5378 | Local 0.1192 | F1_macro 1.0000 | WorstLoss 0.0164
[Tracker] Ep  748 | AvgR 0.0003 | Global 0.5532 | Local 0.1192 | F1_macro 1.0000 | WorstLoss 0.0103
[Tracker] Ep  749 | AvgR 0.0003 | Global 0.5417 | Local 0.1192 | F1_macro 1.0000 | WorstLoss 0.0149
[Tracker] Ep  750 | AvgR 0.0003 | Global 0.5305 | Local 0.1192 | F1_macro 0.9979 | WorstLoss 0.0194
[Tracker] Saved snapshot: ep0750_phase1_class1
[Tracker] Ep  751 | AvgR 0.0003 | Global 0.5376 | Local 0.1192 | F1_macro 1.0000 | WorstLoss 0.0165
[Tracker] Ep  752 | AvgR 0.0003 | Global 0.5209 | Local 0.1192 | F1_macro 0.9979 | WorstLoss 0.0232
[Tracker] Ep  753 | AvgR 0.0002 | Global 0.4842 | Local 0.1192 | F1_macro 0.9979 | WorstLoss 0.0379
[Tracker] Ep  754 | AvgR 0.0003 | Global 0.5427 | Local 0.1192 | F1_macro 0.9979 | WorstLoss 0.0145
[Tracker] Ep  755 | AvgR 0.0003 | Global 0.5332 | Local 0.1192 | F1_macro 1.0000 | WorstLoss 0.0183
[Tracker] Saved snapshot: ep0755_phase1_class1
[Tracker] Ep  756 | AvgR 0.0003 | Global 0.5625 | Local 0.1192 | F1_macro 1.0000 | WorstLoss 0.0064
[Tracker] Ep  757 | AvgR 0.0003 | Global 0.5349 | Local 0.1192 | F1_macro 0.9979 | WorstLoss 0.0176
[Tracker] Ep  758 | AvgR 0.0003 | Global 0.5438 | Local 0.1192 | F1_macro 1.0000 | WorstLoss 0.0140
[Tracker] Ep  759 | AvgR 0.0003 | Global 0.5319 | Local 0.1192 | F1_macro 0.9979 | WorstLoss 0.0188
[Tracker] Ep  760 | AvgR 0.0003 | Global 0.5403 | Local 0.1192 | F1_macro 1.0000 | WorstLoss 0.0154
[Tracker] Saved snapshot: ep0760_phase1_class1
[Tracker] Ep  761 | AvgR 0.0003 | Global 0.5585 | Local 0.1192 | F1_macro 1.0000 | WorstLoss 0.0081
[Tracker] Ep  762 | AvgR 0.0003 | Global 0.5443 | Local 0.1192 | F1_macro 1.0000 | WorstLoss 0.0138
[Tracker] Ep  763 | AvgR 0.0002 | Global 0.4822 | Local 0.1192 | F1_macro 0.9958 | WorstLoss 0.0387
[Tracker] Ep  764 | AvgR 0.0003 | Global 0.5589 | Local 0.1192 | F1_macro 1.0000 | WorstLoss 0.0079
[Tracker] Ep  765 | AvgR 0.0003 | Global 0.5580 | Local 0.1192 | F1_macro 1.0000 | WorstLoss 0.0083
[Tracker] Saved snapshot: ep0765_phase1_class1
[Tracker] Ep  766 | AvgR 0.0003 | Global 0.5586 | Local 0.1192 | F1_macro 1.0000 | WorstLoss 0.0081
[Tracker] Ep  767 | AvgR 0.0003 | Global 0.5289 | Local 0.1192 | F1_macro 0.9979 | WorstLoss 0.0200
[Tracker] Ep  768 | AvgR 0.0003 | Global 0.5292 | Local 0.1192 | F1_macro 0.9979 | WorstLoss 0.0199
[Tracker] Ep  769 | AvgR 0.0003 | Global 0.5458 | Local 0.1192 | F1_macro 1.0000 | WorstLoss 0.0132
[Tracker] Ep  770 | AvgR 0.0003 | Global 0.5478 | Local 0.1192 | F1_macro 1.0000 | WorstLoss 0.0124
[Tracker] Saved snapshot: ep0770_phase1_class1
[Tracker] Ep  771 | AvgR 0.0003 | Global 0.5390 | Local 0.1192 | F1_macro 0.9979 | WorstLoss 0.0160
[Tracker] Ep  772 | AvgR 0.0002 | Global 0.4818 | Local 0.1192 | F1_macro 0.9979 | WorstLoss 0.0389
[Tracker] Ep  773 | AvgR 0.0003 | Global 0.5460 | Local 0.1192 | F1_macro 1.0000 | WorstLoss 0.0131
[Tracker] Ep  774 | AvgR 0.0003 | Global 0.5267 | Local 0.1192 | F1_macro 0.9979 | WorstLoss 0.0209
[Tracker] Ep  775 | AvgR 0.0003 | Global 0.5550 | Local 0.1192 | F1_macro 1.0000 | WorstLoss 0.0095
[Tracker] Saved snapshot: ep0775_phase1_class1
[Tracker] Ep  776 | AvgR 0.0003 | Global 0.5488 | Local 0.1192 | F1_macro 1.0000 | WorstLoss 0.0120
[Tracker] Ep  777 | AvgR 0.0003 | Global 0.5410 | Local 0.1192 | F1_macro 0.9979 | WorstLoss 0.0152
[Tracker] Ep  778 | AvgR 0.0003 | Global 0.5362 | Local 0.1192 | F1_macro 0.9979 | WorstLoss 0.0171
[Tracker] Ep  779 | AvgR 0.0003 | Global 0.5385 | Local 0.1192 | F1_macro 1.0000 | WorstLoss 0.0162
[Tracker] Ep  780 | AvgR 0.0003 | Global 0.5459 | Local 0.1192 | F1_macro 1.0000 | WorstLoss 0.0132
[Tracker] Saved snapshot: ep0780_phase1_class1
[Tracker] Ep  781 | AvgR 0.0003 | Global 0.5448 | Local 0.1192 | F1_macro 1.0000 | WorstLoss 0.0136
[Tracker] Ep  782 | AvgR 0.0003 | Global 0.5404 | Local 0.1192 | F1_macro 0.9979 | WorstLoss 0.0154
[Tracker] Ep  783 | AvgR 0.0003 | Global 0.5588 | Local 0.1192 | F1_macro 1.0000 | WorstLoss 0.0080
[Tracker] Ep  784 | AvgR 0.0003 | Global 0.5272 | Local 0.1192 | F1_macro 0.9979 | WorstLoss 0.0207
[Tracker] Ep  785 | AvgR 0.0003 | Global 0.5267 | Local 0.1192 | F1_macro 1.0000 | WorstLoss 0.0209
[Tracker] Saved snapshot: ep0785_phase1_class1
[Tracker] Ep  786 | AvgR 0.0003 | Global 0.5290 | Local 0.1192 | F1_macro 0.9979 | WorstLoss 0.0200
[Tracker] Ep  787 | AvgR 0.0003 | Global 0.5385 | Local 0.1192 | F1_macro 1.0000 | WorstLoss 0.0162
[Tracker] Ep  788 | AvgR 0.0003 | Global 0.5132 | Local 0.1192 | F1_macro 0.9979 | WorstLoss 0.0263
[Tracker] Ep  789 | AvgR 0.0003 | Global 0.5429 | Local 0.1192 | F1_macro 1.0000 | WorstLoss 0.0144
[Tracker] Ep  790 | AvgR 0.0003 | Global 0.5520 | Local 0.1192 | F1_macro 1.0000 | WorstLoss 0.0107
[Tracker] Saved snapshot: ep0790_phase1_class1
[Tracker] Ep  791 | AvgR 0.0003 | Global 0.5325 | Local 0.1192 | F1_macro 0.9979 | WorstLoss 0.0186
[Tracker] Ep  792 | AvgR 0.0003 | Global 0.5334 | Local 0.1192 | F1_macro 0.9979 | WorstLoss 0.0182
[Tracker] Ep  793 | AvgR 0.0003 | Global 0.5515 | Local 0.1192 | F1_macro 1.0000 | WorstLoss 0.0109
[Tracker] Ep  794 | AvgR 0.0003 | Global 0.5542 | Local 0.1192 | F1_macro 1.0000 | WorstLoss 0.0098
[Tracker] Ep  795 | AvgR 0.0003 | Global 0.5352 | Local 0.1192 | F1_macro 0.9979 | WorstLoss 0.0175
[Tracker] Saved snapshot: ep0795_phase1_class1
[Tracker] Ep  796 | AvgR 0.0003 | Global 0.5312 | Local 0.1192 | F1_macro 0.9958 | WorstLoss 0.0191
[Tracker] Ep  797 | AvgR 0.0003 | Global 0.5325 | Local 0.1192 | F1_macro 0.9979 | WorstLoss 0.0186
[Tracker] Ep  798 | AvgR 0.0003 | Global 0.5043 | Local 0.1192 | F1_macro 1.0000 | WorstLoss 0.0299
[Tracker] Ep  799 | AvgR 0.0003 | Global 0.5132 | Local 0.1192 | F1_macro 0.9958 | WorstLoss 0.0263
[Tracker] Ep  800 | AvgR 0.0003 | Global 0.5349 | Local 0.1192 | F1_macro 1.0000 | WorstLoss 0.0176
[Tracker] Saved snapshot: ep0800_phase1_class1
[Phase] Finished phase1_class1 | best global_obj=0.5681
[TestSuite] Using provided β (no best checkpoint found or factory missing).

[TEST] Alpha -> F1(min)=0.8957 | F1(maj)=0.8201 | F1(weighted)=0.8727 | F1(macro)=0.8579 | Brier=0.1265
[TEST] Beta  -> F1(min)=0.8988 | F1(maj)=0.8241 | F1(weighted)=0.8760 | F1(macro)=0.8614 | Brier=0.1206
[TestSuite] Final test metrics appended to (seed): training_runs/SPECp1_har_nobias_global_5s_EP800_PCA10_REWfairness_minID5_majID24_TRJ2000_GG202603241204_8b91bc47/seed_1/final_test_metrics.csv
[TestSuite] Final test metrics appended to (experiment): training_runs/SPECp1_har_nobias_global_5s_EP800_PCA10_REWfairness_minID5_majID24_TRJ2000_GG202603241204_8b91bc47/final_test_metrics.csv
Total time 2223.75s
[Tracker] Finished. Run folder: training_runs/SPECp1_har_nobias_global_5s_EP800_PCA10_REWfairness_minID5_majID24_TRJ2000_GG202603241204_8b91bc47/seed_1
[main] ---- running seed=2 ----
FFNN Using device: cuda:0
FFNN Using device: cuda:0
[Tracker] Experiment: SPECp1_har_nobias_global_5s_EP800_PCA10_REWfairness_minID5_majID24_TRJ2000_GG202603241204_8b91bc47
[Tracker] Seed folder: training_runs/SPECp1_har_nobias_global_5s_EP800_PCA10_REWfairness_minID5_majID24_TRJ2000_GG202603241204_8b91bc47/seed_2
[Tracker] Run: 2026-03-24_13-56-28_seed2_4119123_0a3932cd
[Tracker] Metrics CSV: training_runs/SPECp1_har_nobias_global_5s_EP800_PCA10_REWfairness_minID5_majID24_TRJ2000_GG202603241204_8b91bc47/seed_2/metrics.csv
[Tracker] Mirroring console to: training_runs/SPECp1_har_nobias_global_5s_EP800_PCA10_REWfairness_minID5_majID24_TRJ2000_GG202603241204_8b91bc47/seed_2/console.log
[TRAIN] size=1686, rope=1174 (69.63%), class0=512, class1=1174
[VAL] size=560, rope=390 (69.64%), class0=170, class1=390
[TEST] size=568, rope=395 (69.54%), class0=173, class1=395
use_pca=True | theta_dim=10 | features_in=14 | classes=[np.int64(0), np.int64(1)]
FFNN Using device: cuda:0
FFNN Using device: cuda:0
Beta will train with: 45.74% real data, 54.26% synthetic data: 
[disadv] group=0 per_g={0: 0.052478957921266556, 1: 0.0049736350774765015} worst_4g=0.0807 soft_eo_alpha=0.0048
Anchors: 110 (disadv=0) sigma_anchor=0.8500
[Tracker] Alpha model state_dict saved to training_runs/SPECp1_har_nobias_global_5s_EP800_PCA10_REWfairness_minID5_majID24_TRJ2000_GG202603241204_8b91bc47/seed_2/alpha_state_dict.pt
[Tracker] Alpha model config saved to training_runs/SPECp1_har_nobias_global_5s_EP800_PCA10_REWfairness_minID5_majID24_TRJ2000_GG202603241204_8b91bc47/seed_2/ffnn_meta.json

============================================================
[Phase] Starting phase1_class1 | target_class=1 | episodes=800
============================================================
[Tracker] CSV header written with 44 columns.
[Tracker] Ep    1 | AvgR 0.0003 | Global 0.5605 | Local 0.1192 | F1_macro 0.9958 | WorstLoss 0.0564
[Tracker] New BEST synthetic [phase1_class1] (by global.global_obj: 0.560544) saved.
[Tracker] BEST β weights [phase1_class1] saved -> training_runs/SPECp1_har_nobias_global_5s_EP800_PCA10_REWfairness_minID5_majID24_TRJ2000_GG202603241204_8b91bc47/seed_2/best_beta_state_dict_phase1_class1.pt
[Tracker] Ep    2 | AvgR 0.0003 | Global 0.6462 | Local 0.1192 | F1_macro 0.9979 | WorstLoss 0.0205
[Tracker] New BEST synthetic [phase1_class1] (by global.global_obj: 0.646156) saved.
[Tracker] BEST β weights [phase1_class1] saved -> training_runs/SPECp1_har_nobias_global_5s_EP800_PCA10_REWfairness_minID5_majID24_TRJ2000_GG202603241204_8b91bc47/seed_2/best_beta_state_dict_phase1_class1.pt
[Tracker] Ep    3 | AvgR 0.0003 | Global 0.6345 | Local 0.1192 | F1_macro 0.9979 | WorstLoss 0.0256
[Tracker] Ep    4 | AvgR 0.0003 | Global 0.6578 | Local 0.1192 | F1_macro 1.0000 | WorstLoss 0.0154
[Tracker] New BEST synthetic [phase1_class1] (by global.global_obj: 0.657813) saved.
[Tracker] BEST β weights [phase1_class1] saved -> training_runs/SPECp1_har_nobias_global_5s_EP800_PCA10_REWfairness_minID5_majID24_TRJ2000_GG202603241204_8b91bc47/seed_2/best_beta_state_dict_phase1_class1.pt
[Tracker] Ep    5 | AvgR 0.0003 | Global 0.6556 | Local 0.1192 | F1_macro 1.0000 | WorstLoss 0.0164
[Tracker] Saved snapshot: ep0005_phase1_class1
[Tracker] Ep    6 | AvgR 0.0003 | Global 0.5968 | Local 0.1192 | F1_macro 0.9958 | WorstLoss 0.0415
[Tracker] Ep    7 | AvgR 0.0003 | Global 0.6197 | Local 0.1192 | F1_macro 0.9979 | WorstLoss 0.0319
[Tracker] Ep    8 | AvgR 0.0003 | Global 0.6143 | Local 0.1192 | F1_macro 0.9979 | WorstLoss 0.0342
[Tracker] Ep    9 | AvgR 0.0003 | Global 0.6629 | Local 0.1192 | F1_macro 1.0000 | WorstLoss 0.0131
[Tracker] New BEST synthetic [phase1_class1] (by global.global_obj: 0.662857) saved.
[Tracker] BEST β weights [phase1_class1] saved -> training_runs/SPECp1_har_nobias_global_5s_EP800_PCA10_REWfairness_minID5_majID24_TRJ2000_GG202603241204_8b91bc47/seed_2/best_beta_state_dict_phase1_class1.pt
[Tracker] Ep   10 | AvgR 0.0003 | Global 0.5655 | Local 0.1192 | F1_macro 0.9979 | WorstLoss 0.0544
[Tracker] Saved snapshot: ep0010_phase1_class1
[Tracker] Ep   11 | AvgR 0.0003 | Global 0.6298 | Local 0.1192 | F1_macro 0.9979 | WorstLoss 0.0276
[Tracker] Ep   12 | AvgR 0.0003 | Global 0.6302 | Local 0.1192 | F1_macro 0.9979 | WorstLoss 0.0274
[Tracker] Ep   13 | AvgR 0.0003 | Global 0.5962 | Local 0.1192 | F1_macro 0.9979 | WorstLoss 0.0418
[Tracker] Ep   14 | AvgR 0.0003 | Global 0.6487 | Local 0.1192 | F1_macro 1.0000 | WorstLoss 0.0194
[Tracker] Ep   15 | AvgR 0.0003 | Global 0.5454 | Local 0.1192 | F1_macro 0.9979 | WorstLoss 0.0625
[Tracker] Saved snapshot: ep0015_phase1_class1
[Tracker] Ep   16 | AvgR 0.0003 | Global 0.5965 | Local 0.1192 | F1_macro 0.9958 | WorstLoss 0.0416
[Tracker] Ep   17 | AvgR 0.0003 | Global 0.5923 | Local 0.1192 | F1_macro 0.9979 | WorstLoss 0.0434
[Tracker] Ep   18 | AvgR 0.0003 | Global 0.5890 | Local 0.1192 | F1_macro 0.9979 | WorstLoss 0.0448
[Tracker] Ep   19 | AvgR 0.0003 | Global 0.6682 | Local 0.1192 | F1_macro 1.0000 | WorstLoss 0.0107
[Tracker] New BEST synthetic [phase1_class1] (by global.global_obj: 0.668168) saved.
[Tracker] BEST β weights [phase1_class1] saved -> training_runs/SPECp1_har_nobias_global_5s_EP800_PCA10_REWfairness_minID5_majID24_TRJ2000_GG202603241204_8b91bc47/seed_2/best_beta_state_dict_phase1_class1.pt
[Tracker] Ep   20 | AvgR 0.0003 | Global 0.6034 | Local 0.1192 | F1_macro 0.9979 | WorstLoss 0.0388
[Tracker] Saved snapshot: ep0020_phase1_class1
[Tracker] Ep   21 | AvgR 0.0003 | Global 0.6068 | Local 0.1192 | F1_macro 0.9979 | WorstLoss 0.0373
[Tracker] Ep   22 | AvgR 0.0003 | Global 0.5577 | Local 0.1192 | F1_macro 0.9979 | WorstLoss 0.0576
[Tracker] Ep   23 | AvgR 0.0003 | Global 0.5839 | Local 0.1192 | F1_macro 0.9979 | WorstLoss 0.0469
[Tracker] Ep   24 | AvgR 0.0003 | Global 0.5607 | Local 0.1192 | F1_macro 0.9979 | WorstLoss 0.0564
[Tracker] Ep   25 | AvgR 0.0003 | Global 0.6341 | Local 0.1192 | F1_macro 0.9979 | WorstLoss 0.0257
[Tracker] Saved snapshot: ep0025_phase1_class1
[Tracker] Ep   26 | AvgR 0.0003 | Global 0.6327 | Local 0.1192 | F1_macro 0.9979 | WorstLoss 0.0264
[Tracker] Ep   27 | AvgR 0.0003 | Global 0.6320 | Local 0.1192 | F1_macro 0.9979 | WorstLoss 0.0267
[Tracker] Ep   28 | AvgR 0.0003 | Global 0.6195 | Local 0.1192 | F1_macro 0.9979 | WorstLoss 0.0320
[Tracker] Ep   29 | AvgR 0.0003 | Global 0.6182 | Local 0.1192 | F1_macro 0.9979 | WorstLoss 0.0325
[Tracker] Ep   30 | AvgR 0.0003 | Global 0.6624 | Local 0.1192 | F1_macro 1.0000 | WorstLoss 0.0134
[Tracker] Saved snapshot: ep0030_phase1_class1
[Tracker] Ep   31 | AvgR 0.0003 | Global 0.5890 | Local 0.1192 | F1_macro 0.9979 | WorstLoss 0.0448
[Tracker] Ep   32 | AvgR 0.0003 | Global 0.6136 | Local 0.1192 | F1_macro 0.9979 | WorstLoss 0.0345
[Tracker] Ep   33 | AvgR 0.0003 | Global 0.6158 | Local 0.1192 | F1_macro 0.9979 | WorstLoss 0.0336
[Tracker] Ep   34 | AvgR 0.0003 | Global 0.5882 | Local 0.1192 | F1_macro 0.9979 | WorstLoss 0.0451
[Tracker] Ep   35 | AvgR 0.0003 | Global 0.6040 | Local 0.1192 | F1_macro 0.9979 | WorstLoss 0.0385
[Tracker] Saved snapshot: ep0035_phase1_class1
[Tracker] Ep   36 | AvgR 0.0003 | Global 0.6603 | Local 0.1192 | F1_macro 1.0000 | WorstLoss 0.0143
[Tracker] Ep   37 | AvgR 0.0003 | Global 0.6194 | Local 0.1192 | F1_macro 0.9979 | WorstLoss 0.0321
[Tracker] Ep   38 | AvgR 0.0003 | Global 0.5858 | Local 0.1192 | F1_macro 0.9979 | WorstLoss 0.0461
[Tracker] Ep   39 | AvgR 0.0003 | Global 0.6116 | Local 0.1192 | F1_macro 0.9979 | WorstLoss 0.0353
[Tracker] Ep   40 | AvgR 0.0003 | Global 0.6250 | Local 0.1192 | F1_macro 0.9979 | WorstLoss 0.0297
[Tracker] Saved snapshot: ep0040_phase1_class1
[Tracker] Ep   41 | AvgR 0.0003 | Global 0.5871 | Local 0.1192 | F1_macro 0.9979 | WorstLoss 0.0455
[Tracker] Ep   42 | AvgR 0.0003 | Global 0.5574 | Local 0.1192 | F1_macro 0.9979 | WorstLoss 0.0577
[Tracker] Ep   43 | AvgR 0.0003 | Global 0.6203 | Local 0.1192 | F1_macro 0.9979 | WorstLoss 0.0317
[Tracker] Ep   44 | AvgR 0.0003 | Global 0.6081 | Local 0.1192 | F1_macro 0.9979 | WorstLoss 0.0368
[Tracker] Ep   45 | AvgR 0.0003 | Global 0.6675 | Local 0.1192 | F1_macro 0.9979 | WorstLoss 0.0110
[Tracker] Saved snapshot: ep0045_phase1_class1
[Tracker] Ep   46 | AvgR 0.0003 | Global 0.5977 | Local 0.1192 | F1_macro 0.9979 | WorstLoss 0.0412
[Tracker] Ep   47 | AvgR 0.0003 | Global 0.6436 | Local 0.1192 | F1_macro 1.0000 | WorstLoss 0.0217
[Tracker] Ep   48 | AvgR 0.0003 | Global 0.6061 | Local 0.1192 | F1_macro 0.9979 | WorstLoss 0.0377
[Tracker] Ep   49 | AvgR 0.0003 | Global 0.5910 | Local 0.1192 | F1_macro 0.9979 | WorstLoss 0.0439
[Tracker] Ep   50 | AvgR 0.0003 | Global 0.6385 | Local 0.1192 | F1_macro 0.9979 | WorstLoss 0.0239
[Tracker] Saved snapshot: ep0050_phase1_class1
[Tracker] Ep   51 | AvgR 0.0003 | Global 0.6085 | Local 0.1192 | F1_macro 0.9979 | WorstLoss 0.0366
[Tracker] Ep   52 | AvgR 0.0003 | Global 0.6594 | Local 0.1192 | F1_macro 1.0000 | WorstLoss 0.0147
[Tracker] Ep   53 | AvgR 0.0003 | Global 0.6604 | Local 0.1192 | F1_macro 1.0000 | WorstLoss 0.0142
[Tracker] Ep   54 | AvgR 0.0003 | Global 0.6208 | Local 0.1192 | F1_macro 0.9979 | WorstLoss 0.0314
[Tracker] Ep   55 | AvgR 0.0003 | Global 0.5802 | Local 0.1192 | F1_macro 0.9979 | WorstLoss 0.0484
[Tracker] Saved snapshot: ep0055_phase1_class1
[Tracker] Ep   56 | AvgR 0.0002 | Global 0.4715 | Local 0.1192 | F1_macro 0.9958 | WorstLoss 0.0921
[Tracker] Ep   57 | AvgR 0.0003 | Global 0.5834 | Local 0.1192 | F1_macro 0.9979 | WorstLoss 0.0471
[Tracker] Ep   58 | AvgR 0.0003 | Global 0.6425 | Local 0.1192 | F1_macro 0.9979 | WorstLoss 0.0221
[Tracker] Ep   59 | AvgR 0.0003 | Global 0.5829 | Local 0.1192 | F1_macro 0.9979 | WorstLoss 0.0473
[Tracker] Ep   60 | AvgR 0.0003 | Global 0.6041 | Local 0.1192 | F1_macro 0.9979 | WorstLoss 0.0385
[Tracker] Saved snapshot: ep0060_phase1_class1
[Tracker] Ep   61 | AvgR 0.0003 | Global 0.5785 | Local 0.1192 | F1_macro 0.9979 | WorstLoss 0.0491
[Tracker] Ep   62 | AvgR 0.0003 | Global 0.5637 | Local 0.1192 | F1_macro 0.9958 | WorstLoss 0.0551
[Tracker] Ep   63 | AvgR 0.0003 | Global 0.6021 | Local 0.1192 | F1_macro 0.9979 | WorstLoss 0.0393
[Tracker] Ep   64 | AvgR 0.0003 | Global 0.6195 | Local 0.1192 | F1_macro 0.9979 | WorstLoss 0.0320
[Tracker] Ep   65 | AvgR 0.0003 | Global 0.6326 | Local 0.1192 | F1_macro 0.9979 | WorstLoss 0.0264
[Tracker] Saved snapshot: ep0065_phase1_class1
[Tracker] Ep   66 | AvgR 0.0003 | Global 0.5856 | Local 0.1192 | F1_macro 0.9979 | WorstLoss 0.0462
[Tracker] Ep   67 | AvgR 0.0003 | Global 0.6191 | Local 0.1192 | F1_macro 0.9979 | WorstLoss 0.0322
[Tracker] Ep   68 | AvgR 0.0003 | Global 0.6128 | Local 0.1192 | F1_macro 0.9979 | WorstLoss 0.0348
[Tracker] Ep   69 | AvgR 0.0003 | Global 0.6257 | Local 0.1192 | F1_macro 0.9979 | WorstLoss 0.0294
[Tracker] Ep   70 | AvgR 0.0003 | Global 0.6179 | Local 0.1192 | F1_macro 0.9979 | WorstLoss 0.0327
[Tracker] Saved snapshot: ep0070_phase1_class1
[Tracker] Ep   71 | AvgR 0.0003 | Global 0.6269 | Local 0.1192 | F1_macro 0.9979 | WorstLoss 0.0288
[Tracker] Ep   72 | AvgR 0.0003 | Global 0.6108 | Local 0.1192 | F1_macro 0.9979 | WorstLoss 0.0357
[Tracker] Ep   73 | AvgR 0.0003 | Global 0.6103 | Local 0.1192 | F1_macro 0.9979 | WorstLoss 0.0359
[Tracker] Ep   74 | AvgR 0.0003 | Global 0.6095 | Local 0.1192 | F1_macro 0.9979 | WorstLoss 0.0362
[Tracker] Ep   75 | AvgR 0.0003 | Global 0.5999 | Local 0.1192 | F1_macro 0.9979 | WorstLoss 0.0403
[Tracker] Saved snapshot: ep0075_phase1_class1
[Tracker] Ep   76 | AvgR 0.0003 | Global 0.5665 | Local 0.1192 | F1_macro 0.9979 | WorstLoss 0.0540
[Tracker] Ep   77 | AvgR 0.0003 | Global 0.6192 | Local 0.1192 | F1_macro 0.9979 | WorstLoss 0.0321
[Tracker] Ep   78 | AvgR 0.0003 | Global 0.6218 | Local 0.1192 | F1_macro 0.9979 | WorstLoss 0.0310
[Tracker] Ep   79 | AvgR 0.0003 | Global 0.6311 | Local 0.1192 | F1_macro 0.9979 | WorstLoss 0.0271
[Tracker] Ep   80 | AvgR 0.0003 | Global 0.6621 | Local 0.1192 | F1_macro 1.0000 | WorstLoss 0.0135
[Tracker] Saved snapshot: ep0080_phase1_class1
[Tracker] Ep   81 | AvgR 0.0003 | Global 0.6264 | Local 0.1192 | F1_macro 0.9979 | WorstLoss 0.0290
[Tracker] Ep   82 | AvgR 0.0003 | Global 0.6161 | Local 0.1192 | F1_macro 0.9979 | WorstLoss 0.0335
[Tracker] Ep   83 | AvgR 0.0003 | Global 0.6051 | Local 0.1192 | F1_macro 0.9979 | WorstLoss 0.0380
[Tracker] Ep   84 | AvgR 0.0003 | Global 0.6001 | Local 0.1192 | F1_macro 0.9979 | WorstLoss 0.0402
[Tracker] Ep   85 | AvgR 0.0003 | Global 0.6184 | Local 0.1192 | F1_macro 0.9979 | WorstLoss 0.0324
[Tracker] Saved snapshot: ep0085_phase1_class1
[Tracker] Ep   86 | AvgR 0.0003 | Global 0.6171 | Local 0.1192 | F1_macro 0.9979 | WorstLoss 0.0330
[Tracker] Ep   87 | AvgR 0.0003 | Global 0.6625 | Local 0.1192 | F1_macro 1.0000 | WorstLoss 0.0133
[Tracker] Ep   88 | AvgR 0.0003 | Global 0.6166 | Local 0.1192 | F1_macro 0.9979 | WorstLoss 0.0332
[Tracker] Ep   89 | AvgR 0.0003 | Global 0.6087 | Local 0.1192 | F1_macro 0.9979 | WorstLoss 0.0366
[Tracker] Ep   90 | AvgR 0.0003 | Global 0.6093 | Local 0.1192 | F1_macro 0.9979 | WorstLoss 0.0363
[Tracker] Saved snapshot: ep0090_phase1_class1
[Tracker] Ep   91 | AvgR 0.0003 | Global 0.6208 | Local 0.1192 | F1_macro 0.9979 | WorstLoss 0.0314
[Tracker] Ep   92 | AvgR 0.0003 | Global 0.6022 | Local 0.1192 | F1_macro 0.9979 | WorstLoss 0.0393
[Tracker] Ep   93 | AvgR 0.0003 | Global 0.5969 | Local 0.1192 | F1_macro 0.9979 | WorstLoss 0.0415
[Tracker] Ep   94 | AvgR 0.0003 | Global 0.6159 | Local 0.1192 | F1_macro 0.9979 | WorstLoss 0.0335
[Tracker] Ep   95 | AvgR 0.0003 | Global 0.5451 | Local 0.1192 | F1_macro 0.9958 | WorstLoss 0.0627
[Tracker] Saved snapshot: ep0095_phase1_class1
[Tracker] Ep   96 | AvgR 0.0003 | Global 0.6088 | Local 0.1192 | F1_macro 0.9979 | WorstLoss 0.0365
[Tracker] Ep   97 | AvgR 0.0003 | Global 0.6172 | Local 0.1192 | F1_macro 0.9979 | WorstLoss 0.0330
[Tracker] Ep   98 | AvgR 0.0003 | Global 0.6377 | Local 0.1192 | F1_macro 0.9979 | WorstLoss 0.0242
[Tracker] Ep   99 | AvgR 0.0003 | Global 0.5928 | Local 0.1192 | F1_macro 0.9979 | WorstLoss 0.0432
[Tracker] Ep  100 | AvgR 0.0003 | Global 0.6318 | Local 0.1192 | F1_macro 0.9979 | WorstLoss 0.0268
[Tracker] Saved snapshot: ep0100_phase1_class1
[Tracker] Ep  101 | AvgR 0.0003 | Global 0.6281 | Local 0.1192 | F1_macro 0.9979 | WorstLoss 0.0283
[Tracker] Ep  102 | AvgR 0.0003 | Global 0.6402 | Local 0.1192 | F1_macro 0.9979 | WorstLoss 0.0231
[Tracker] Ep  103 | AvgR 0.0003 | Global 0.5758 | Local 0.1192 | F1_macro 0.9979 | WorstLoss 0.0502
[Tracker] Ep  104 | AvgR 0.0003 | Global 0.6255 | Local 0.1192 | F1_macro 0.9979 | WorstLoss 0.0295
[Tracker] Ep  105 | AvgR 0.0003 | Global 0.6210 | Local 0.1192 | F1_macro 0.9979 | WorstLoss 0.0314
[Tracker] Saved snapshot: ep0105_phase1_class1
[Tracker] Ep  106 | AvgR 0.0003 | Global 0.6011 | Local 0.1192 | F1_macro 0.9979 | WorstLoss 0.0397
[Tracker] Ep  107 | AvgR 0.0003 | Global 0.6123 | Local 0.1192 | F1_macro 0.9979 | WorstLoss 0.0351
[Tracker] Ep  108 | AvgR 0.0003 | Global 0.6168 | Local 0.1192 | F1_macro 0.9979 | WorstLoss 0.0331
[Tracker] Ep  109 | AvgR 0.0003 | Global 0.5240 | Local 0.1192 | F1_macro 0.9958 | WorstLoss 0.0712
[Tracker] Ep  110 | AvgR 0.0003 | Global 0.6340 | Local 0.1192 | F1_macro 0.9979 | WorstLoss 0.0258
[Tracker] Saved snapshot: ep0110_phase1_class1
[Tracker] Ep  111 | AvgR 0.0003 | Global 0.6296 | Local 0.1192 | F1_macro 0.9979 | WorstLoss 0.0277
[Tracker] Ep  112 | AvgR 0.0003 | Global 0.6291 | Local 0.1192 | F1_macro 0.9979 | WorstLoss 0.0279
[Tracker] Ep  113 | AvgR 0.0003 | Global 0.6254 | Local 0.1192 | F1_macro 0.9979 | WorstLoss 0.0295
[Tracker] Ep  114 | AvgR 0.0003 | Global 0.6421 | Local 0.1192 | F1_macro 0.9979 | WorstLoss 0.0223
[Tracker] Ep  115 | AvgR 0.0003 | Global 0.6160 | Local 0.1192 | F1_macro 0.9979 | WorstLoss 0.0335
[Tracker] Saved snapshot: ep0115_phase1_class1
[Tracker] Ep  116 | AvgR 0.0003 | Global 0.6378 | Local 0.1192 | F1_macro 0.9979 | WorstLoss 0.0242
[Tracker] Ep  117 | AvgR 0.0003 | Global 0.6102 | Local 0.1192 | F1_macro 0.9979 | WorstLoss 0.0359
[Tracker] Ep  118 | AvgR 0.0003 | Global 0.5953 | Local 0.1192 | F1_macro 0.9979 | WorstLoss 0.0421
[Tracker] Ep  119 | AvgR 0.0003 | Global 0.6445 | Local 0.1192 | F1_macro 0.9958 | WorstLoss 0.0212
[Tracker] Ep  120 | AvgR 0.0003 | Global 0.6414 | Local 0.1192 | F1_macro 0.9979 | WorstLoss 0.0226
[Tracker] Saved snapshot: ep0120_phase1_class1
[Tracker] Ep  121 | AvgR 0.0003 | Global 0.6525 | Local 0.1192 | F1_macro 1.0000 | WorstLoss 0.0177
[Tracker] Ep  122 | AvgR 0.0003 | Global 0.6149 | Local 0.1192 | F1_macro 0.9979 | WorstLoss 0.0339
[Tracker] Ep  123 | AvgR 0.0003 | Global 0.6321 | Local 0.1192 | F1_macro 0.9979 | WorstLoss 0.0266
[Tracker] Ep  124 | AvgR 0.0003 | Global 0.6275 | Local 0.1192 | F1_macro 0.9979 | WorstLoss 0.0286
[Tracker] Ep  125 | AvgR 0.0003 | Global 0.6424 | Local 0.1192 | F1_macro 0.9979 | WorstLoss 0.0222
[Tracker] Saved snapshot: ep0125_phase1_class1
[Tracker] Ep  126 | AvgR 0.0003 | Global 0.6272 | Local 0.1192 | F1_macro 0.9979 | WorstLoss 0.0287
[Tracker] Ep  127 | AvgR 0.0003 | Global 0.6453 | Local 0.1192 | F1_macro 1.0000 | WorstLoss 0.0209
[Tracker] Ep  128 | AvgR 0.0003 | Global 0.6267 | Local 0.1192 | F1_macro 0.9979 | WorstLoss 0.0290
[Tracker] Ep  129 | AvgR 0.0003 | Global 0.6468 | Local 0.1192 | F1_macro 0.9979 | WorstLoss 0.0202
[Tracker] Ep  130 | AvgR 0.0003 | Global 0.6342 | Local 0.1192 | F1_macro 0.9979 | WorstLoss 0.0257
[Tracker] Saved snapshot: ep0130_phase1_class1
[Tracker] Ep  131 | AvgR 0.0003 | Global 0.6511 | Local 0.1192 | F1_macro 0.9979 | WorstLoss 0.0183
[Tracker] Ep  132 | AvgR 0.0003 | Global 0.6111 | Local 0.1192 | F1_macro 0.9979 | WorstLoss 0.0355
[Tracker] Ep  133 | AvgR 0.0003 | Global 0.6343 | Local 0.1192 | F1_macro 0.9979 | WorstLoss 0.0257
[Tracker] Ep  134 | AvgR 0.0003 | Global 0.6540 | Local 0.1192 | F1_macro 1.0000 | WorstLoss 0.0171
[Tracker] Ep  135 | AvgR 0.0003 | Global 0.6498 | Local 0.1192 | F1_macro 0.9979 | WorstLoss 0.0189
[Tracker] Saved snapshot: ep0135_phase1_class1
[Tracker] Ep  136 | AvgR 0.0003 | Global 0.6239 | Local 0.1192 | F1_macro 0.9979 | WorstLoss 0.0301
[Tracker] Ep  137 | AvgR 0.0003 | Global 0.6152 | Local 0.1192 | F1_macro 0.9979 | WorstLoss 0.0338
[Tracker] Ep  138 | AvgR 0.0003 | Global 0.6156 | Local 0.1192 | F1_macro 0.9979 | WorstLoss 0.0336
[Tracker] Ep  139 | AvgR 0.0003 | Global 0.6260 | Local 0.1192 | F1_macro 0.9979 | WorstLoss 0.0292
[Tracker] Ep  140 | AvgR 0.0003 | Global 0.6205 | Local 0.1192 | F1_macro 0.9979 | WorstLoss 0.0316
[Tracker] Saved snapshot: ep0140_phase1_class1
[Tracker] Ep  141 | AvgR 0.0003 | Global 0.6466 | Local 0.1192 | F1_macro 0.9979 | WorstLoss 0.0203
[Tracker] Ep  142 | AvgR 0.0003 | Global 0.6316 | Local 0.1192 | F1_macro 0.9979 | WorstLoss 0.0268
[Tracker] Ep  143 | AvgR 0.0003 | Global 0.5997 | Local 0.1192 | F1_macro 0.9979 | WorstLoss 0.0403
[Tracker] Ep  144 | AvgR 0.0003 | Global 0.6524 | Local 0.1192 | F1_macro 0.9979 | WorstLoss 0.0178
[Tracker] Ep  145 | AvgR 0.0003 | Global 0.6478 | Local 0.1192 | F1_macro 1.0000 | WorstLoss 0.0198
[Tracker] Saved snapshot: ep0145_phase1_class1
[Tracker] Ep  146 | AvgR 0.0003 | Global 0.6518 | Local 0.1192 | F1_macro 0.9979 | WorstLoss 0.0180
[Tracker] Ep  147 | AvgR 0.0003 | Global 0.6371 | Local 0.1192 | F1_macro 0.9958 | WorstLoss 0.0245
[Tracker] Ep  148 | AvgR 0.0003 | Global 0.6150 | Local 0.1192 | F1_macro 0.9979 | WorstLoss 0.0339
[Tracker] Ep  149 | AvgR 0.0003 | Global 0.6270 | Local 0.1192 | F1_macro 0.9979 | WorstLoss 0.0288
[Tracker] Ep  150 | AvgR 0.0003 | Global 0.6460 | Local 0.1192 | F1_macro 0.9979 | WorstLoss 0.0206
[Tracker] Saved snapshot: ep0150_phase1_class1
[Tracker] Ep  151 | AvgR 0.0003 | Global 0.6141 | Local 0.1192 | F1_macro 0.9979 | WorstLoss 0.0343
[Tracker] Ep  152 | AvgR 0.0003 | Global 0.6551 | Local 0.1192 | F1_macro 1.0000 | WorstLoss 0.0166
[Tracker] Ep  153 | AvgR 0.0003 | Global 0.6602 | Local 0.1192 | F1_macro 1.0000 | WorstLoss 0.0143
[Tracker] Ep  154 | AvgR 0.0003 | Global 0.6278 | Local 0.1192 | F1_macro 0.9979 | WorstLoss 0.0285
[Tracker] Ep  155 | AvgR 0.0003 | Global 0.6200 | Local 0.1192 | F1_macro 0.9979 | WorstLoss 0.0318
[Tracker] Saved snapshot: ep0155_phase1_class1
[Tracker] Ep  156 | AvgR 0.0003 | Global 0.6577 | Local 0.1192 | F1_macro 1.0000 | WorstLoss 0.0154
[Tracker] Ep  157 | AvgR 0.0003 | Global 0.6383 | Local 0.1192 | F1_macro 0.9979 | WorstLoss 0.0240
[Tracker] Ep  158 | AvgR 0.0003 | Global 0.6367 | Local 0.1192 | F1_macro 0.9979 | WorstLoss 0.0246
[Tracker] Ep  159 | AvgR 0.0003 | Global 0.6336 | Local 0.1192 | F1_macro 0.9979 | WorstLoss 0.0260
[Tracker] Ep  160 | AvgR 0.0003 | Global 0.6410 | Local 0.1192 | F1_macro 0.9979 | WorstLoss 0.0228
[Tracker] Saved snapshot: ep0160_phase1_class1
[Tracker] Ep  161 | AvgR 0.0003 | Global 0.6418 | Local 0.1192 | F1_macro 0.9979 | WorstLoss 0.0224
[Tracker] Ep  162 | AvgR 0.0003 | Global 0.6557 | Local 0.1192 | F1_macro 1.0000 | WorstLoss 0.0163
[Tracker] Ep  163 | AvgR 0.0003 | Global 0.6528 | Local 0.1192 | F1_macro 1.0000 | WorstLoss 0.0176
[Tracker] Ep  164 | AvgR 0.0003 | Global 0.6456 | Local 0.1192 | F1_macro 0.9979 | WorstLoss 0.0208
[Tracker] Ep  165 | AvgR 0.0003 | Global 0.6287 | Local 0.1192 | F1_macro 0.9979 | WorstLoss 0.0281
[Tracker] Saved snapshot: ep0165_phase1_class1
[Tracker] Ep  166 | AvgR 0.0003 | Global 0.6380 | Local 0.1192 | F1_macro 0.9979 | WorstLoss 0.0241
[Tracker] Ep  167 | AvgR 0.0003 | Global 0.6607 | Local 0.1192 | F1_macro 1.0000 | WorstLoss 0.0141
[Tracker] Ep  168 | AvgR 0.0003 | Global 0.6366 | Local 0.1192 | F1_macro 0.9979 | WorstLoss 0.0247
[Tracker] Ep  169 | AvgR 0.0003 | Global 0.6494 | Local 0.1192 | F1_macro 0.9979 | WorstLoss 0.0191
[Tracker] Ep  170 | AvgR 0.0003 | Global 0.6496 | Local 0.1192 | F1_macro 0.9979 | WorstLoss 0.0190
[Tracker] Saved snapshot: ep0170_phase1_class1
[Tracker] Ep  171 | AvgR 0.0003 | Global 0.6421 | Local 0.1192 | F1_macro 0.9979 | WorstLoss 0.0223
[Tracker] Ep  172 | AvgR 0.0003 | Global 0.6505 | Local 0.1192 | F1_macro 0.9979 | WorstLoss 0.0186
[Tracker] Ep  173 | AvgR 0.0003 | Global 0.6233 | Local 0.1192 | F1_macro 0.9979 | WorstLoss 0.0304
[Tracker] Ep  174 | AvgR 0.0003 | Global 0.6470 | Local 0.1192 | F1_macro 0.9979 | WorstLoss 0.0202
[Tracker] Ep  175 | AvgR 0.0003 | Global 0.6455 | Local 0.1192 | F1_macro 1.0000 | WorstLoss 0.0208
[Tracker] Saved snapshot: ep0175_phase1_class1
[Tracker] Ep  176 | AvgR 0.0003 | Global 0.6535 | Local 0.1192 | F1_macro 0.9979 | WorstLoss 0.0173
[Tracker] Ep  177 | AvgR 0.0003 | Global 0.6280 | Local 0.1192 | F1_macro 0.9979 | WorstLoss 0.0284
[Tracker] Ep  178 | AvgR 0.0003 | Global 0.6461 | Local 0.1192 | F1_macro 0.9979 | WorstLoss 0.0206
[Tracker] Ep  179 | AvgR 0.0003 | Global 0.6404 | Local 0.1192 | F1_macro 0.9979 | WorstLoss 0.0230
[Tracker] Ep  180 | AvgR 0.0003 | Global 0.6461 | Local 0.1192 | F1_macro 0.9979 | WorstLoss 0.0206
[Tracker] Saved snapshot: ep0180_phase1_class1
[Tracker] Ep  181 | AvgR 0.0003 | Global 0.6324 | Local 0.1192 | F1_macro 0.9979 | WorstLoss 0.0265
[Tracker] Ep  182 | AvgR 0.0003 | Global 0.6473 | Local 0.1192 | F1_macro 0.9979 | WorstLoss 0.0200
[Tracker] Ep  183 | AvgR 0.0003 | Global 0.6394 | Local 0.1192 | F1_macro 0.9979 | WorstLoss 0.0235
[Tracker] Ep  184 | AvgR 0.0003 | Global 0.6292 | Local 0.1192 | F1_macro 0.9979 | WorstLoss 0.0279
[Tracker] Ep  185 | AvgR 0.0003 | Global 0.6292 | Local 0.1192 | F1_macro 0.9979 | WorstLoss 0.0279
[Tracker] Saved snapshot: ep0185_phase1_class1
[Tracker] Ep  186 | AvgR 0.0003 | Global 0.6162 | Local 0.1192 | F1_macro 0.9979 | WorstLoss 0.0334
[Tracker] Ep  187 | AvgR 0.0003 | Global 0.6482 | Local 0.1192 | F1_macro 0.9979 | WorstLoss 0.0196
[Tracker] Ep  188 | AvgR 0.0003 | Global 0.6551 | Local 0.1192 | F1_macro 1.0000 | WorstLoss 0.0166
[Tracker] Ep  189 | AvgR 0.0003 | Global 0.6394 | Local 0.1192 | F1_macro 0.9979 | WorstLoss 0.0235
[Tracker] Ep  190 | AvgR 0.0003 | Global 0.6565 | Local 0.1192 | F1_macro 1.0000 | WorstLoss 0.0160
[Tracker] Saved snapshot: ep0190_phase1_class1
[Tracker] Ep  191 | AvgR 0.0003 | Global 0.6565 | Local 0.1192 | F1_macro 1.0000 | WorstLoss 0.0160
[Tracker] Ep  192 | AvgR 0.0003 | Global 0.6363 | Local 0.1192 | F1_macro 0.9979 | WorstLoss 0.0248
[Tracker] Ep  193 | AvgR 0.0003 | Global 0.6571 | Local 0.1192 | F1_macro 1.0000 | WorstLoss 0.0157
[Tracker] Ep  194 | AvgR 0.0003 | Global 0.6397 | Local 0.1192 | F1_macro 0.9979 | WorstLoss 0.0233
[Tracker] Ep  195 | AvgR 0.0003 | Global 0.6243 | Local 0.1192 | F1_macro 0.9979 | WorstLoss 0.0299
[Tracker] Saved snapshot: ep0195_phase1_class1
[Tracker] Ep  196 | AvgR 0.0003 | Global 0.6610 | Local 0.1192 | F1_macro 1.0000 | WorstLoss 0.0140
[Tracker] Ep  197 | AvgR 0.0003 | Global 0.6561 | Local 0.1192 | F1_macro 1.0000 | WorstLoss 0.0162
[Tracker] Ep  198 | AvgR 0.0003 | Global 0.6258 | Local 0.1192 | F1_macro 0.9979 | WorstLoss 0.0293
[Tracker] Ep  199 | AvgR 0.0003 | Global 0.6503 | Local 0.1192 | F1_macro 0.9979 | WorstLoss 0.0187
[Tracker] Ep  200 | AvgR 0.0003 | Global 0.6527 | Local 0.1192 | F1_macro 0.9979 | WorstLoss 0.0176
[Tracker] Saved snapshot: ep0200_phase1_class1
[Tracker] Ep  201 | AvgR 0.0003 | Global 0.6466 | Local 0.1192 | F1_macro 0.9979 | WorstLoss 0.0203
[Tracker] Ep  202 | AvgR 0.0003 | Global 0.6487 | Local 0.1192 | F1_macro 0.9979 | WorstLoss 0.0194
[Tracker] Ep  203 | AvgR 0.0003 | Global 0.6378 | Local 0.1192 | F1_macro 0.9979 | WorstLoss 0.0242
[Tracker] Ep  204 | AvgR 0.0003 | Global 0.6577 | Local 0.1192 | F1_macro 1.0000 | WorstLoss 0.0154
[Tracker] Ep  205 | AvgR 0.0003 | Global 0.6446 | Local 0.1192 | F1_macro 0.9979 | WorstLoss 0.0212
[Tracker] Saved snapshot: ep0205_phase1_class1
[Tracker] Ep  206 | AvgR 0.0003 | Global 0.6386 | Local 0.1192 | F1_macro 0.9979 | WorstLoss 0.0238
[Tracker] Ep  207 | AvgR 0.0003 | Global 0.6446 | Local 0.1192 | F1_macro 0.9979 | WorstLoss 0.0212
[Tracker] Ep  208 | AvgR 0.0003 | Global 0.6475 | Local 0.1192 | F1_macro 0.9979 | WorstLoss 0.0199
[Tracker] Ep  209 | AvgR 0.0003 | Global 0.6557 | Local 0.1192 | F1_macro 1.0000 | WorstLoss 0.0163
[Tracker] Ep  210 | AvgR 0.0003 | Global 0.6522 | Local 0.1192 | F1_macro 0.9979 | WorstLoss 0.0179
[Tracker] Saved snapshot: ep0210_phase1_class1
[Tracker] Ep  211 | AvgR 0.0003 | Global 0.6479 | Local 0.1192 | F1_macro 0.9979 | WorstLoss 0.0198
[Tracker] Ep  212 | AvgR 0.0003 | Global 0.6414 | Local 0.1192 | F1_macro 0.9979 | WorstLoss 0.0226
[Tracker] Ep  213 | AvgR 0.0003 | Global 0.6691 | Local 0.1192 | F1_macro 1.0000 | WorstLoss 0.0103
[Tracker] New BEST synthetic [phase1_class1] (by global.global_obj: 0.669102) saved.
[Tracker] BEST β weights [phase1_class1] saved -> training_runs/SPECp1_har_nobias_global_5s_EP800_PCA10_REWfairness_minID5_majID24_TRJ2000_GG202603241204_8b91bc47/seed_2/best_beta_state_dict_phase1_class1.pt
[Tracker] Ep  214 | AvgR 0.0003 | Global 0.6593 | Local 0.1192 | F1_macro 1.0000 | WorstLoss 0.0147
[Tracker] Ep  215 | AvgR 0.0003 | Global 0.6580 | Local 0.1192 | F1_macro 1.0000 | WorstLoss 0.0153
[Tracker] Saved snapshot: ep0215_phase1_class1
[Tracker] Ep  216 | AvgR 0.0003 | Global 0.6654 | Local 0.1192 | F1_macro 1.0000 | WorstLoss 0.0120
[Tracker] Ep  217 | AvgR 0.0003 | Global 0.6495 | Local 0.1192 | F1_macro 0.9979 | WorstLoss 0.0190
[Tracker] Ep  218 | AvgR 0.0003 | Global 0.6636 | Local 0.1192 | F1_macro 1.0000 | WorstLoss 0.0128
[Tracker] Ep  219 | AvgR 0.0003 | Global 0.6532 | Local 0.1192 | F1_macro 1.0000 | WorstLoss 0.0174
[Tracker] Ep  220 | AvgR 0.0003 | Global 0.6662 | Local 0.1192 | F1_macro 1.0000 | WorstLoss 0.0116
[Tracker] Saved snapshot: ep0220_phase1_class1
[Tracker] Ep  221 | AvgR 0.0003 | Global 0.6582 | Local 0.1192 | F1_macro 1.0000 | WorstLoss 0.0152
[Tracker] Ep  222 | AvgR 0.0003 | Global 0.6485 | Local 0.1192 | F1_macro 0.9979 | WorstLoss 0.0195
[Tracker] Ep  223 | AvgR 0.0003 | Global 0.6631 | Local 0.1192 | F1_macro 1.0000 | WorstLoss 0.0130
[Tracker] Ep  224 | AvgR 0.0003 | Global 0.6575 | Local 0.1192 | F1_macro 1.0000 | WorstLoss 0.0155
[Tracker] Ep  225 | AvgR 0.0003 | Global 0.6692 | Local 0.1192 | F1_macro 1.0000 | WorstLoss 0.0103
[Tracker] Saved snapshot: ep0225_phase1_class1
[Tracker] New BEST synthetic [phase1_class1] (by global.global_obj: 0.669234) saved.
[Tracker] BEST β weights [phase1_class1] saved -> training_runs/SPECp1_har_nobias_global_5s_EP800_PCA10_REWfairness_minID5_majID24_TRJ2000_GG202603241204_8b91bc47/seed_2/best_beta_state_dict_phase1_class1.pt
[Tracker] Ep  226 | AvgR 0.0003 | Global 0.6711 | Local 0.1192 | F1_macro 1.0000 | WorstLoss 0.0094
[Tracker] New BEST synthetic [phase1_class1] (by global.global_obj: 0.671144) saved.
[Tracker] BEST β weights [phase1_class1] saved -> training_runs/SPECp1_har_nobias_global_5s_EP800_PCA10_REWfairness_minID5_majID24_TRJ2000_GG202603241204_8b91bc47/seed_2/best_beta_state_dict_phase1_class1.pt
[Tracker] Ep  227 | AvgR 0.0003 | Global 0.6583 | Local 0.1192 | F1_macro 1.0000 | WorstLoss 0.0152
[Tracker] Ep  228 | AvgR 0.0003 | Global 0.6480 | Local 0.1192 | F1_macro 1.0000 | WorstLoss 0.0197
[Tracker] Ep  229 | AvgR 0.0003 | Global 0.6653 | Local 0.1192 | F1_macro 1.0000 | WorstLoss 0.0120
[Tracker] Ep  230 | AvgR 0.0003 | Global 0.6435 | Local 0.1192 | F1_macro 0.9979 | WorstLoss 0.0217
[Tracker] Saved snapshot: ep0230_phase1_class1
[Tracker] Ep  231 | AvgR 0.0003 | Global 0.6413 | Local 0.1192 | F1_macro 0.9979 | WorstLoss 0.0227
[Tracker] Ep  232 | AvgR 0.0003 | Global 0.6515 | Local 0.1192 | F1_macro 1.0000 | WorstLoss 0.0182
[Tracker] Ep  233 | AvgR 0.0003 | Global 0.6673 | Local 0.1192 | F1_macro 1.0000 | WorstLoss 0.0111
[Tracker] Ep  234 | AvgR 0.0003 | Global 0.6699 | Local 0.1192 | F1_macro 1.0000 | WorstLoss 0.0100
[Tracker] Ep  235 | AvgR 0.0003 | Global 0.6654 | Local 0.1192 | F1_macro 1.0000 | WorstLoss 0.0120
[Tracker] Saved snapshot: ep0235_phase1_class1
[Tracker] Ep  236 | AvgR 0.0003 | Global 0.6669 | Local 0.1192 | F1_macro 1.0000 | WorstLoss 0.0113
[Tracker] Ep  237 | AvgR 0.0003 | Global 0.6718 | Local 0.1192 | F1_macro 1.0000 | WorstLoss 0.0091
[Tracker] New BEST synthetic [phase1_class1] (by global.global_obj: 0.671781) saved.
[Tracker] BEST β weights [phase1_class1] saved -> training_runs/SPECp1_har_nobias_global_5s_EP800_PCA10_REWfairness_minID5_majID24_TRJ2000_GG202603241204_8b91bc47/seed_2/best_beta_state_dict_phase1_class1.pt
[Tracker] Ep  238 | AvgR 0.0003 | Global 0.6618 | Local 0.1192 | F1_macro 1.0000 | WorstLoss 0.0136
[Tracker] Ep  239 | AvgR 0.0003 | Global 0.6552 | Local 0.1192 | F1_macro 1.0000 | WorstLoss 0.0165
[Tracker] Ep  240 | AvgR 0.0003 | Global 0.6618 | Local 0.1192 | F1_macro 1.0000 | WorstLoss 0.0136
[Tracker] Saved snapshot: ep0240_phase1_class1
[Tracker] Ep  241 | AvgR 0.0003 | Global 0.6602 | Local 0.1192 | F1_macro 1.0000 | WorstLoss 0.0143
[Tracker] Ep  242 | AvgR 0.0003 | Global 0.6600 | Local 0.1192 | F1_macro 1.0000 | WorstLoss 0.0144
[Tracker] Ep  243 | AvgR 0.0003 | Global 0.6554 | Local 0.1192 | F1_macro 1.0000 | WorstLoss 0.0164
[Tracker] Ep  244 | AvgR 0.0003 | Global 0.6609 | Local 0.1192 | F1_macro 1.0000 | WorstLoss 0.0140
[Tracker] Ep  245 | AvgR 0.0003 | Global 0.6554 | Local 0.1192 | F1_macro 1.0000 | WorstLoss 0.0164
[Tracker] Saved snapshot: ep0245_phase1_class1
[Tracker] Ep  246 | AvgR 0.0003 | Global 0.6729 | Local 0.1192 | F1_macro 1.0000 | WorstLoss 0.0086
[Tracker] New BEST synthetic [phase1_class1] (by global.global_obj: 0.672927) saved.
[Tracker] BEST β weights [phase1_class1] saved -> training_runs/SPECp1_har_nobias_global_5s_EP800_PCA10_REWfairness_minID5_majID24_TRJ2000_GG202603241204_8b91bc47/seed_2/best_beta_state_dict_phase1_class1.pt
[Tracker] Ep  247 | AvgR 0.0003 | Global 0.6676 | Local 0.1192 | F1_macro 1.0000 | WorstLoss 0.0110
[Tracker] Ep  248 | AvgR 0.0003 | Global 0.6598 | Local 0.1192 | F1_macro 1.0000 | WorstLoss 0.0145
[Tracker] Ep  249 | AvgR 0.0003 | Global 0.6561 | Local 0.1192 | F1_macro 1.0000 | WorstLoss 0.0162
[Tracker] Ep  250 | AvgR 0.0003 | Global 0.6747 | Local 0.1192 | F1_macro 1.0000 | WorstLoss 0.0078
[Tracker] Saved snapshot: ep0250_phase1_class1
[Tracker] New BEST synthetic [phase1_class1] (by global.global_obj: 0.674714) saved.
[Tracker] BEST β weights [phase1_class1] saved -> training_runs/SPECp1_har_nobias_global_5s_EP800_PCA10_REWfairness_minID5_majID24_TRJ2000_GG202603241204_8b91bc47/seed_2/best_beta_state_dict_phase1_class1.pt
[Tracker] Ep  251 | AvgR 0.0003 | Global 0.6603 | Local 0.1192 | F1_macro 1.0000 | WorstLoss 0.0143
[Tracker] Ep  252 | AvgR 0.0003 | Global 0.6497 | Local 0.1192 | F1_macro 1.0000 | WorstLoss 0.0190
[Tracker] Ep  253 | AvgR 0.0003 | Global 0.6587 | Local 0.1192 | F1_macro 1.0000 | WorstLoss 0.0150
[Tracker] Ep  254 | AvgR 0.0003 | Global 0.6760 | Local 0.1192 | F1_macro 1.0000 | WorstLoss 0.0072
[Tracker] New BEST synthetic [phase1_class1] (by global.global_obj: 0.676012) saved.
[Tracker] BEST β weights [phase1_class1] saved -> training_runs/SPECp1_har_nobias_global_5s_EP800_PCA10_REWfairness_minID5_majID24_TRJ2000_GG202603241204_8b91bc47/seed_2/best_beta_state_dict_phase1_class1.pt
[Tracker] Ep  255 | AvgR 0.0003 | Global 0.6092 | Local 0.1192 | F1_macro 0.9958 | WorstLoss 0.0363
[Tracker] Saved snapshot: ep0255_phase1_class1
[Tracker] Ep  256 | AvgR 0.0003 | Global 0.6682 | Local 0.1192 | F1_macro 1.0000 | WorstLoss 0.0107
[Tracker] Ep  257 | AvgR 0.0003 | Global 0.6691 | Local 0.1192 | F1_macro 1.0000 | WorstLoss 0.0103
[Tracker] Ep  258 | AvgR 0.0003 | Global 0.6628 | Local 0.1192 | F1_macro 1.0000 | WorstLoss 0.0132
[Tracker] Ep  259 | AvgR 0.0003 | Global 0.6493 | Local 0.1192 | F1_macro 1.0000 | WorstLoss 0.0191
[Tracker] Ep  260 | AvgR 0.0003 | Global 0.6509 | Local 0.1192 | F1_macro 1.0000 | WorstLoss 0.0184
[Tracker] Saved snapshot: ep0260_phase1_class1
[Tracker] Ep  261 | AvgR 0.0003 | Global 0.6606 | Local 0.1192 | F1_macro 1.0000 | WorstLoss 0.0141
[Tracker] Ep  262 | AvgR 0.0003 | Global 0.6595 | Local 0.1192 | F1_macro 1.0000 | WorstLoss 0.0146
[Tracker] Ep  263 | AvgR 0.0003 | Global 0.6552 | Local 0.1192 | F1_macro 1.0000 | WorstLoss 0.0165
[Tracker] Ep  264 | AvgR 0.0003 | Global 0.6560 | Local 0.1192 | F1_macro 1.0000 | WorstLoss 0.0162
[Tracker] Ep  265 | AvgR 0.0003 | Global 0.6637 | Local 0.1192 | F1_macro 1.0000 | WorstLoss 0.0127
[Tracker] Saved snapshot: ep0265_phase1_class1
[Tracker] Ep  266 | AvgR 0.0003 | Global 0.6422 | Local 0.1192 | F1_macro 0.9979 | WorstLoss 0.0222
[Tracker] Ep  267 | AvgR 0.0003 | Global 0.6702 | Local 0.1192 | F1_macro 1.0000 | WorstLoss 0.0098
[Tracker] Ep  268 | AvgR 0.0003 | Global 0.6468 | Local 0.1192 | F1_macro 0.9979 | WorstLoss 0.0202
[Tracker] Ep  269 | AvgR 0.0003 | Global 0.6563 | Local 0.1192 | F1_macro 1.0000 | WorstLoss 0.0161
[Tracker] Ep  270 | AvgR 0.0003 | Global 0.6493 | Local 0.1192 | F1_macro 0.9979 | WorstLoss 0.0191
[Tracker] Saved snapshot: ep0270_phase1_class1
[Tracker] Ep  271 | AvgR 0.0003 | Global 0.6411 | Local 0.1192 | F1_macro 0.9979 | WorstLoss 0.0227
[Tracker] Ep  272 | AvgR 0.0003 | Global 0.6641 | Local 0.1192 | F1_macro 1.0000 | WorstLoss 0.0126
[Tracker] Ep  273 | AvgR 0.0003 | Global 0.6440 | Local 0.1192 | F1_macro 0.9979 | WorstLoss 0.0215
[Tracker] Ep  274 | AvgR 0.0003 | Global 0.6418 | Local 0.1192 | F1_macro 0.9979 | WorstLoss 0.0224
[Tracker] Ep  275 | AvgR 0.0003 | Global 0.6599 | Local 0.1192 | F1_macro 1.0000 | WorstLoss 0.0145
[Tracker] Saved snapshot: ep0275_phase1_class1
[Tracker] Ep  276 | AvgR 0.0003 | Global 0.6485 | Local 0.1192 | F1_macro 0.9979 | WorstLoss 0.0195
[Tracker] Ep  277 | AvgR 0.0003 | Global 0.6507 | Local 0.1192 | F1_macro 0.9979 | WorstLoss 0.0185
[Tracker] Ep  278 | AvgR 0.0003 | Global 0.6452 | Local 0.1192 | F1_macro 0.9979 | WorstLoss 0.0209
[Tracker] Ep  279 | AvgR 0.0003 | Global 0.6448 | Local 0.1192 | F1_macro 0.9979 | WorstLoss 0.0211
[Tracker] Ep  280 | AvgR 0.0003 | Global 0.6423 | Local 0.1192 | F1_macro 0.9979 | WorstLoss 0.0222
[Tracker] Saved snapshot: ep0280_phase1_class1
[Tracker] Ep  281 | AvgR 0.0003 | Global 0.6572 | Local 0.1192 | F1_macro 1.0000 | WorstLoss 0.0157
[Tracker] Ep  282 | AvgR 0.0003 | Global 0.6461 | Local 0.1192 | F1_macro 0.9979 | WorstLoss 0.0206
[Tracker] Ep  283 | AvgR 0.0003 | Global 0.6691 | Local 0.1192 | F1_macro 1.0000 | WorstLoss 0.0103
[Tracker] Ep  284 | AvgR 0.0003 | Global 0.6629 | Local 0.1192 | F1_macro 1.0000 | WorstLoss 0.0131
[Tracker] Ep  285 | AvgR 0.0003 | Global 0.6563 | Local 0.1192 | F1_macro 1.0000 | WorstLoss 0.0161
[Tracker] Saved snapshot: ep0285_phase1_class1
[Tracker] Ep  286 | AvgR 0.0003 | Global 0.6658 | Local 0.1192 | F1_macro 1.0000 | WorstLoss 0.0118
[Tracker] Ep  287 | AvgR 0.0003 | Global 0.6732 | Local 0.1192 | F1_macro 1.0000 | WorstLoss 0.0085
[Tracker] Ep  288 | AvgR 0.0003 | Global 0.6615 | Local 0.1192 | F1_macro 1.0000 | WorstLoss 0.0137
[Tracker] Ep  289 | AvgR 0.0003 | Global 0.6455 | Local 0.1192 | F1_macro 0.9979 | WorstLoss 0.0208
[Tracker] Ep  290 | AvgR 0.0003 | Global 0.6610 | Local 0.1192 | F1_macro 1.0000 | WorstLoss 0.0140
[Tracker] Saved snapshot: ep0290_phase1_class1
[Tracker] Ep  291 | AvgR 0.0003 | Global 0.6603 | Local 0.1192 | F1_macro 1.0000 | WorstLoss 0.0143
[Tracker] Ep  292 | AvgR 0.0003 | Global 0.6671 | Local 0.1192 | F1_macro 1.0000 | WorstLoss 0.0113
[Tracker] Ep  293 | AvgR 0.0003 | Global 0.6658 | Local 0.1192 | F1_macro 1.0000 | WorstLoss 0.0118
[Tracker] Ep  294 | AvgR 0.0003 | Global 0.6573 | Local 0.1192 | F1_macro 1.0000 | WorstLoss 0.0156
[Tracker] Ep  295 | AvgR 0.0003 | Global 0.6764 | Local 0.1192 | F1_macro 1.0000 | WorstLoss 0.0070
[Tracker] Saved snapshot: ep0295_phase1_class1
[Tracker] New BEST synthetic [phase1_class1] (by global.global_obj: 0.676424) saved.
[Tracker] BEST β weights [phase1_class1] saved -> training_runs/SPECp1_har_nobias_global_5s_EP800_PCA10_REWfairness_minID5_majID24_TRJ2000_GG202603241204_8b91bc47/seed_2/best_beta_state_dict_phase1_class1.pt
[Tracker] Ep  296 | AvgR 0.0003 | Global 0.6528 | Local 0.1192 | F1_macro 1.0000 | WorstLoss 0.0176
[Tracker] Ep  297 | AvgR 0.0003 | Global 0.6579 | Local 0.1192 | F1_macro 1.0000 | WorstLoss 0.0153
[Tracker] Ep  298 | AvgR 0.0003 | Global 0.6552 | Local 0.1192 | F1_macro 1.0000 | WorstLoss 0.0166
[Tracker] Ep  299 | AvgR 0.0003 | Global 0.6732 | Local 0.1192 | F1_macro 1.0000 | WorstLoss 0.0085
[Tracker] Ep  300 | AvgR 0.0003 | Global 0.6331 | Local 0.1192 | F1_macro 0.9979 | WorstLoss 0.0262
[Tracker] Saved snapshot: ep0300_phase1_class1
[Tracker] Ep  301 | AvgR 0.0003 | Global 0.6604 | Local 0.1192 | F1_macro 1.0000 | WorstLoss 0.0142
[Tracker] Ep  302 | AvgR 0.0003 | Global 0.6574 | Local 0.1192 | F1_macro 1.0000 | WorstLoss 0.0156
[Tracker] Ep  303 | AvgR 0.0003 | Global 0.6462 | Local 0.1192 | F1_macro 0.9979 | WorstLoss 0.0205
[Tracker] Ep  304 | AvgR 0.0003 | Global 0.6669 | Local 0.1192 | F1_macro 1.0000 | WorstLoss 0.0113
[Tracker] Ep  305 | AvgR 0.0003 | Global 0.6480 | Local 0.1192 | F1_macro 0.9979 | WorstLoss 0.0197
[Tracker] Saved snapshot: ep0305_phase1_class1
[Tracker] Ep  306 | AvgR 0.0003 | Global 0.6692 | Local 0.1192 | F1_macro 1.0000 | WorstLoss 0.0103
[Tracker] Ep  307 | AvgR 0.0003 | Global 0.6682 | Local 0.1192 | F1_macro 1.0000 | WorstLoss 0.0107
[Tracker] Ep  308 | AvgR 0.0003 | Global 0.6581 | Local 0.1192 | F1_macro 1.0000 | WorstLoss 0.0153
[Tracker] Ep  309 | AvgR 0.0003 | Global 0.6674 | Local 0.1192 | F1_macro 1.0000 | WorstLoss 0.0111
[Tracker] Ep  310 | AvgR 0.0003 | Global 0.6742 | Local 0.1192 | F1_macro 1.0000 | WorstLoss 0.0080
[Tracker] Saved snapshot: ep0310_phase1_class1
[Tracker] Ep  311 | AvgR 0.0003 | Global 0.6602 | Local 0.1192 | F1_macro 1.0000 | WorstLoss 0.0143
[Tracker] Ep  312 | AvgR 0.0003 | Global 0.6667 | Local 0.1192 | F1_macro 1.0000 | WorstLoss 0.0114
[Tracker] Ep  313 | AvgR 0.0003 | Global 0.6692 | Local 0.1192 | F1_macro 1.0000 | WorstLoss 0.0103
[Tracker] Ep  314 | AvgR 0.0003 | Global 0.6460 | Local 0.1192 | F1_macro 0.9979 | WorstLoss 0.0206
[Tracker] Ep  315 | AvgR 0.0003 | Global 0.6550 | Local 0.1192 | F1_macro 1.0000 | WorstLoss 0.0166
[Tracker] Saved snapshot: ep0315_phase1_class1
[Tracker] Ep  316 | AvgR 0.0003 | Global 0.6716 | Local 0.1192 | F1_macro 1.0000 | WorstLoss 0.0092
[Tracker] Ep  317 | AvgR 0.0003 | Global 0.6736 | Local 0.1192 | F1_macro 1.0000 | WorstLoss 0.0083
[Tracker] Ep  318 | AvgR 0.0003 | Global 0.6704 | Local 0.1192 | F1_macro 1.0000 | WorstLoss 0.0097
[Tracker] Ep  319 | AvgR 0.0003 | Global 0.6567 | Local 0.1192 | F1_macro 1.0000 | WorstLoss 0.0159
[Tracker] Ep  320 | AvgR 0.0003 | Global 0.6714 | Local 0.1192 | F1_macro 1.0000 | WorstLoss 0.0093
[Tracker] Saved snapshot: ep0320_phase1_class1
[Tracker] Ep  321 | AvgR 0.0003 | Global 0.6674 | Local 0.1192 | F1_macro 1.0000 | WorstLoss 0.0111
[Tracker] Ep  322 | AvgR 0.0003 | Global 0.6742 | Local 0.1192 | F1_macro 1.0000 | WorstLoss 0.0080
[Tracker] Ep  323 | AvgR 0.0003 | Global 0.6717 | Local 0.1192 | F1_macro 1.0000 | WorstLoss 0.0091
[Tracker] Ep  324 | AvgR 0.0003 | Global 0.6642 | Local 0.1192 | F1_macro 1.0000 | WorstLoss 0.0125
[Tracker] Ep  325 | AvgR 0.0003 | Global 0.6587 | Local 0.1192 | F1_macro 1.0000 | WorstLoss 0.0150
[Tracker] Saved snapshot: ep0325_phase1_class1
[Tracker] Ep  326 | AvgR 0.0003 | Global 0.6729 | Local 0.1192 | F1_macro 1.0000 | WorstLoss 0.0086
[Tracker] Ep  327 | AvgR 0.0003 | Global 0.6755 | Local 0.1192 | F1_macro 1.0000 | WorstLoss 0.0074
[Tracker] Ep  328 | AvgR 0.0003 | Global 0.6636 | Local 0.1192 | F1_macro 1.0000 | WorstLoss 0.0128
[Tracker] Ep  329 | AvgR 0.0003 | Global 0.6690 | Local 0.1192 | F1_macro 1.0000 | WorstLoss 0.0104
[Tracker] Ep  330 | AvgR 0.0003 | Global 0.6628 | Local 0.1192 | F1_macro 1.0000 | WorstLoss 0.0132
[Tracker] Saved snapshot: ep0330_phase1_class1
[Tracker] Ep  331 | AvgR 0.0003 | Global 0.6715 | Local 0.1192 | F1_macro 1.0000 | WorstLoss 0.0093
[Tracker] Ep  332 | AvgR 0.0003 | Global 0.6538 | Local 0.1192 | F1_macro 1.0000 | WorstLoss 0.0172
[Tracker] Ep  333 | AvgR 0.0003 | Global 0.6606 | Local 0.1192 | F1_macro 1.0000 | WorstLoss 0.0141
[Tracker] Ep  334 | AvgR 0.0003 | Global 0.6720 | Local 0.1192 | F1_macro 1.0000 | WorstLoss 0.0090
[Tracker] Ep  335 | AvgR 0.0003 | Global 0.6735 | Local 0.1192 | F1_macro 1.0000 | WorstLoss 0.0083
[Tracker] Saved snapshot: ep0335_phase1_class1
[Tracker] Ep  336 | AvgR 0.0003 | Global 0.6615 | Local 0.1192 | F1_macro 1.0000 | WorstLoss 0.0138
[Tracker] Ep  337 | AvgR 0.0003 | Global 0.6651 | Local 0.1192 | F1_macro 1.0000 | WorstLoss 0.0122
[Tracker] Ep  338 | AvgR 0.0003 | Global 0.6721 | Local 0.1192 | F1_macro 1.0000 | WorstLoss 0.0090
[Tracker] Ep  339 | AvgR 0.0003 | Global 0.6708 | Local 0.1192 | F1_macro 1.0000 | WorstLoss 0.0096
[Tracker] Ep  340 | AvgR 0.0003 | Global 0.6609 | Local 0.1192 | F1_macro 1.0000 | WorstLoss 0.0140
[Tracker] Saved snapshot: ep0340_phase1_class1
[Tracker] Ep  341 | AvgR 0.0003 | Global 0.6713 | Local 0.1192 | F1_macro 1.0000 | WorstLoss 0.0093
[Tracker] Ep  342 | AvgR 0.0003 | Global 0.6570 | Local 0.1192 | F1_macro 1.0000 | WorstLoss 0.0158
[Tracker] Ep  343 | AvgR 0.0003 | Global 0.6687 | Local 0.1192 | F1_macro 1.0000 | WorstLoss 0.0105
[Tracker] Ep  344 | AvgR 0.0003 | Global 0.6694 | Local 0.1192 | F1_macro 1.0000 | WorstLoss 0.0102
[Tracker] Ep  345 | AvgR 0.0003 | Global 0.6622 | Local 0.1192 | F1_macro 1.0000 | WorstLoss 0.0134
[Tracker] Saved snapshot: ep0345_phase1_class1
[Tracker] Ep  346 | AvgR 0.0003 | Global 0.6653 | Local 0.1192 | F1_macro 1.0000 | WorstLoss 0.0120
[Tracker] Ep  347 | AvgR 0.0003 | Global 0.6620 | Local 0.1192 | F1_macro 1.0000 | WorstLoss 0.0135
[Tracker] Ep  348 | AvgR 0.0003 | Global 0.6536 | Local 0.1192 | F1_macro 0.9979 | WorstLoss 0.0173
[Tracker] Ep  349 | AvgR 0.0003 | Global 0.6808 | Local 0.1192 | F1_macro 1.0000 | WorstLoss 0.0050
[Tracker] New BEST synthetic [phase1_class1] (by global.global_obj: 0.680836) saved.
[Tracker] BEST β weights [phase1_class1] saved -> training_runs/SPECp1_har_nobias_global_5s_EP800_PCA10_REWfairness_minID5_majID24_TRJ2000_GG202603241204_8b91bc47/seed_2/best_beta_state_dict_phase1_class1.pt
[Tracker] Ep  350 | AvgR 0.0003 | Global 0.6734 | Local 0.1192 | F1_macro 1.0000 | WorstLoss 0.0084
[Tracker] Saved snapshot: ep0350_phase1_class1
[Tracker] Ep  351 | AvgR 0.0003 | Global 0.6636 | Local 0.1192 | F1_macro 1.0000 | WorstLoss 0.0128
[Tracker] Ep  352 | AvgR 0.0003 | Global 0.6543 | Local 0.1192 | F1_macro 0.9979 | WorstLoss 0.0169
[Tracker] Ep  353 | AvgR 0.0003 | Global 0.6572 | Local 0.1192 | F1_macro 1.0000 | WorstLoss 0.0156
[Tracker] Ep  354 | AvgR 0.0003 | Global 0.6540 | Local 0.1192 | F1_macro 1.0000 | WorstLoss 0.0171
[Tracker] Ep  355 | AvgR 0.0003 | Global 0.6676 | Local 0.1192 | F1_macro 1.0000 | WorstLoss 0.0110
[Tracker] Saved snapshot: ep0355_phase1_class1
[Tracker] Ep  356 | AvgR 0.0003 | Global 0.6525 | Local 0.1192 | F1_macro 1.0000 | WorstLoss 0.0177
[Tracker] Ep  357 | AvgR 0.0003 | Global 0.6682 | Local 0.1192 | F1_macro 1.0000 | WorstLoss 0.0107
[Tracker] Ep  358 | AvgR 0.0003 | Global 0.6471 | Local 0.1192 | F1_macro 0.9979 | WorstLoss 0.0201
[Tracker] Ep  359 | AvgR 0.0003 | Global 0.6737 | Local 0.1192 | F1_macro 1.0000 | WorstLoss 0.0082
[Tracker] Ep  360 | AvgR 0.0003 | Global 0.6609 | Local 0.1192 | F1_macro 1.0000 | WorstLoss 0.0140
[Tracker] Saved snapshot: ep0360_phase1_class1
[Tracker] Ep  361 | AvgR 0.0003 | Global 0.6663 | Local 0.1192 | F1_macro 1.0000 | WorstLoss 0.0116
[Tracker] Ep  362 | AvgR 0.0003 | Global 0.6681 | Local 0.1192 | F1_macro 1.0000 | WorstLoss 0.0108
[Tracker] Ep  363 | AvgR 0.0003 | Global 0.6738 | Local 0.1192 | F1_macro 1.0000 | WorstLoss 0.0082
[Tracker] Ep  364 | AvgR 0.0003 | Global 0.6647 | Local 0.1192 | F1_macro 1.0000 | WorstLoss 0.0123
[Tracker] Ep  365 | AvgR 0.0003 | Global 0.6694 | Local 0.1192 | F1_macro 1.0000 | WorstLoss 0.0102
[Tracker] Saved snapshot: ep0365_phase1_class1
[Tracker] Ep  366 | AvgR 0.0003 | Global 0.6662 | Local 0.1192 | F1_macro 1.0000 | WorstLoss 0.0116
[Tracker] Ep  367 | AvgR 0.0003 | Global 0.6682 | Local 0.1192 | F1_macro 1.0000 | WorstLoss 0.0107
[Tracker] Ep  368 | AvgR 0.0003 | Global 0.6746 | Local 0.1192 | F1_macro 1.0000 | WorstLoss 0.0078
[Tracker] Ep  369 | AvgR 0.0003 | Global 0.6739 | Local 0.1192 | F1_macro 1.0000 | WorstLoss 0.0082
[Tracker] Ep  370 | AvgR 0.0003 | Global 0.6766 | Local 0.1192 | F1_macro 1.0000 | WorstLoss 0.0069
[Tracker] Saved snapshot: ep0370_phase1_class1
[Tracker] Ep  371 | AvgR 0.0003 | Global 0.6766 | Local 0.1192 | F1_macro 1.0000 | WorstLoss 0.0069
[Tracker] Ep  372 | AvgR 0.0003 | Global 0.6764 | Local 0.1192 | F1_macro 1.0000 | WorstLoss 0.0070
[Tracker] Ep  373 | AvgR 0.0003 | Global 0.6748 | Local 0.1192 | F1_macro 1.0000 | WorstLoss 0.0077
[Tracker] Ep  374 | AvgR 0.0003 | Global 0.6764 | Local 0.1192 | F1_macro 1.0000 | WorstLoss 0.0070
[Tracker] Ep  375 | AvgR 0.0003 | Global 0.6666 | Local 0.1192 | F1_macro 1.0000 | WorstLoss 0.0115
[Tracker] Saved snapshot: ep0375_phase1_class1
[Tracker] Ep  376 | AvgR 0.0003 | Global 0.6770 | Local 0.1192 | F1_macro 1.0000 | WorstLoss 0.0067
[Tracker] Ep  377 | AvgR 0.0003 | Global 0.6707 | Local 0.1192 | F1_macro 1.0000 | WorstLoss 0.0096
[Tracker] Ep  378 | AvgR 0.0003 | Global 0.6739 | Local 0.1192 | F1_macro 1.0000 | WorstLoss 0.0082
[Tracker] Ep  379 | AvgR 0.0003 | Global 0.6561 | Local 0.1192 | F1_macro 1.0000 | WorstLoss 0.0161
[Tracker] Ep  380 | AvgR 0.0003 | Global 0.6655 | Local 0.1192 | F1_macro 1.0000 | WorstLoss 0.0120
[Tracker] Saved snapshot: ep0380_phase1_class1
[Tracker] Ep  381 | AvgR 0.0003 | Global 0.6680 | Local 0.1192 | F1_macro 1.0000 | WorstLoss 0.0108
[Tracker] Ep  382 | AvgR 0.0003 | Global 0.6687 | Local 0.1192 | F1_macro 1.0000 | WorstLoss 0.0105
[Tracker] Ep  383 | AvgR 0.0003 | Global 0.6790 | Local 0.1192 | F1_macro 1.0000 | WorstLoss 0.0058
[Tracker] Ep  384 | AvgR 0.0003 | Global 0.6743 | Local 0.1192 | F1_macro 1.0000 | WorstLoss 0.0080
[Tracker] Ep  385 | AvgR 0.0003 | Global 0.6680 | Local 0.1192 | F1_macro 1.0000 | WorstLoss 0.0108
[Tracker] Saved snapshot: ep0385_phase1_class1
[Tracker] Ep  386 | AvgR 0.0003 | Global 0.6676 | Local 0.1192 | F1_macro 1.0000 | WorstLoss 0.0110
[Tracker] Ep  387 | AvgR 0.0003 | Global 0.6736 | Local 0.1192 | F1_macro 1.0000 | WorstLoss 0.0083
[Tracker] Ep  388 | AvgR 0.0003 | Global 0.6766 | Local 0.1192 | F1_macro 1.0000 | WorstLoss 0.0069
[Tracker] Ep  389 | AvgR 0.0003 | Global 0.6616 | Local 0.1192 | F1_macro 1.0000 | WorstLoss 0.0137
[Tracker] Ep  390 | AvgR 0.0003 | Global 0.6607 | Local 0.1192 | F1_macro 1.0000 | WorstLoss 0.0141
[Tracker] Saved snapshot: ep0390_phase1_class1
[Tracker] Ep  391 | AvgR 0.0003 | Global 0.6682 | Local 0.1192 | F1_macro 1.0000 | WorstLoss 0.0107
[Tracker] Ep  392 | AvgR 0.0003 | Global 0.6524 | Local 0.1192 | F1_macro 0.9979 | WorstLoss 0.0178
[Tracker] Ep  393 | AvgR 0.0003 | Global 0.6744 | Local 0.1192 | F1_macro 1.0000 | WorstLoss 0.0079
[Tracker] Ep  394 | AvgR 0.0003 | Global 0.6768 | Local 0.1192 | F1_macro 1.0000 | WorstLoss 0.0068
[Tracker] Ep  395 | AvgR 0.0003 | Global 0.6808 | Local 0.1192 | F1_macro 1.0000 | WorstLoss 0.0050
[Tracker] Saved snapshot: ep0395_phase1_class1
[Tracker] Ep  396 | AvgR 0.0003 | Global 0.6592 | Local 0.1192 | F1_macro 1.0000 | WorstLoss 0.0148
[Tracker] Ep  397 | AvgR 0.0003 | Global 0.6679 | Local 0.1192 | F1_macro 1.0000 | WorstLoss 0.0109
[Tracker] Ep  398 | AvgR 0.0003 | Global 0.6780 | Local 0.1192 | F1_macro 1.0000 | WorstLoss 0.0063
[Tracker] Ep  399 | AvgR 0.0003 | Global 0.6776 | Local 0.1192 | F1_macro 1.0000 | WorstLoss 0.0065
[Tracker] Ep  400 | AvgR 0.0003 | Global 0.6675 | Local 0.1192 | F1_macro 1.0000 | WorstLoss 0.0110
[Tracker] Saved snapshot: ep0400_phase1_class1
[Tracker] Ep  401 | AvgR 0.0003 | Global 0.6471 | Local 0.1192 | F1_macro 1.0000 | WorstLoss 0.0201
[Tracker] Ep  402 | AvgR 0.0003 | Global 0.6758 | Local 0.1192 | F1_macro 1.0000 | WorstLoss 0.0073
[Tracker] Ep  403 | AvgR 0.0003 | Global 0.6692 | Local 0.1192 | F1_macro 1.0000 | WorstLoss 0.0103
[Tracker] Ep  404 | AvgR 0.0003 | Global 0.6794 | Local 0.1192 | F1_macro 1.0000 | WorstLoss 0.0056
[Tracker] Ep  405 | AvgR 0.0003 | Global 0.6773 | Local 0.1192 | F1_macro 1.0000 | WorstLoss 0.0066
[Tracker] Saved snapshot: ep0405_phase1_class1
[Tracker] Ep  406 | AvgR 0.0003 | Global 0.6797 | Local 0.1192 | F1_macro 1.0000 | WorstLoss 0.0055
[Tracker] Ep  407 | AvgR 0.0003 | Global 0.6698 | Local 0.1192 | F1_macro 1.0000 | WorstLoss 0.0100
[Tracker] Ep  408 | AvgR 0.0003 | Global 0.6742 | Local 0.1192 | F1_macro 1.0000 | WorstLoss 0.0080
[Tracker] Ep  409 | AvgR 0.0003 | Global 0.6658 | Local 0.1192 | F1_macro 1.0000 | WorstLoss 0.0118
[Tracker] Ep  410 | AvgR 0.0003 | Global 0.6744 | Local 0.1192 | F1_macro 1.0000 | WorstLoss 0.0079
[Tracker] Saved snapshot: ep0410_phase1_class1
[Tracker] Ep  411 | AvgR 0.0003 | Global 0.6741 | Local 0.1192 | F1_macro 1.0000 | WorstLoss 0.0081
[Tracker] Ep  412 | AvgR 0.0003 | Global 0.6813 | Local 0.1192 | F1_macro 1.0000 | WorstLoss 0.0048
[Tracker] New BEST synthetic [phase1_class1] (by global.global_obj: 0.681271) saved.
[Tracker] BEST β weights [phase1_class1] saved -> training_runs/SPECp1_har_nobias_global_5s_EP800_PCA10_REWfairness_minID5_majID24_TRJ2000_GG202603241204_8b91bc47/seed_2/best_beta_state_dict_phase1_class1.pt
[Tracker] Ep  413 | AvgR 0.0003 | Global 0.6704 | Local 0.1192 | F1_macro 1.0000 | WorstLoss 0.0098
[Tracker] Ep  414 | AvgR 0.0003 | Global 0.6222 | Local 0.1192 | F1_macro 0.9979 | WorstLoss 0.0309
[Tracker] Ep  415 | AvgR 0.0003 | Global 0.6391 | Local 0.1192 | F1_macro 0.9979 | WorstLoss 0.0236
[Tracker] Saved snapshot: ep0415_phase1_class1
[Tracker] Ep  416 | AvgR 0.0003 | Global 0.6739 | Local 0.1192 | F1_macro 1.0000 | WorstLoss 0.0081
[Tracker] Ep  417 | AvgR 0.0003 | Global 0.6047 | Local 0.1192 | F1_macro 0.9979 | WorstLoss 0.0382
[Tracker] Ep  418 | AvgR 0.0003 | Global 0.6676 | Local 0.1192 | F1_macro 1.0000 | WorstLoss 0.0110
[Tracker] Ep  419 | AvgR 0.0003 | Global 0.6726 | Local 0.1192 | F1_macro 1.0000 | WorstLoss 0.0087
[Tracker] Ep  420 | AvgR 0.0003 | Global 0.6736 | Local 0.1192 | F1_macro 1.0000 | WorstLoss 0.0083
[Tracker] Saved snapshot: ep0420_phase1_class1
[Tracker] Ep  421 | AvgR 0.0003 | Global 0.6709 | Local 0.1192 | F1_macro 1.0000 | WorstLoss 0.0095
[Tracker] Ep  422 | AvgR 0.0003 | Global 0.6720 | Local 0.1192 | F1_macro 1.0000 | WorstLoss 0.0090
[Tracker] Ep  423 | AvgR 0.0003 | Global 0.6730 | Local 0.1192 | F1_macro 1.0000 | WorstLoss 0.0085
[Tracker] Ep  424 | AvgR 0.0003 | Global 0.6737 | Local 0.1192 | F1_macro 1.0000 | WorstLoss 0.0082
[Tracker] Ep  425 | AvgR 0.0003 | Global 0.6733 | Local 0.1192 | F1_macro 1.0000 | WorstLoss 0.0084
[Tracker] Saved snapshot: ep0425_phase1_class1
[Tracker] Ep  426 | AvgR 0.0003 | Global 0.6806 | Local 0.1192 | F1_macro 1.0000 | WorstLoss 0.0051
[Tracker] Ep  427 | AvgR 0.0003 | Global 0.6784 | Local 0.1192 | F1_macro 1.0000 | WorstLoss 0.0061
[Tracker] Ep  428 | AvgR 0.0003 | Global 0.6720 | Local 0.1192 | F1_macro 1.0000 | WorstLoss 0.0090
[Tracker] Ep  429 | AvgR 0.0003 | Global 0.6652 | Local 0.1192 | F1_macro 1.0000 | WorstLoss 0.0121
[Tracker] Ep  430 | AvgR 0.0003 | Global 0.6353 | Local 0.1192 | F1_macro 0.9979 | WorstLoss 0.0252
[Tracker] Saved snapshot: ep0430_phase1_class1
[Tracker] Ep  431 | AvgR 0.0003 | Global 0.6299 | Local 0.1192 | F1_macro 1.0000 | WorstLoss 0.0276
[Tracker] Ep  432 | AvgR 0.0003 | Global 0.6709 | Local 0.1192 | F1_macro 1.0000 | WorstLoss 0.0095
[Tracker] Ep  433 | AvgR 0.0003 | Global 0.6456 | Local 0.1192 | F1_macro 1.0000 | WorstLoss 0.0208
[Tracker] Ep  434 | AvgR 0.0003 | Global 0.6460 | Local 0.1192 | F1_macro 1.0000 | WorstLoss 0.0206
[Tracker] Ep  435 | AvgR 0.0003 | Global 0.6735 | Local 0.1192 | F1_macro 1.0000 | WorstLoss 0.0083
[Tracker] Saved snapshot: ep0435_phase1_class1
[Tracker] Ep  436 | AvgR 0.0003 | Global 0.6754 | Local 0.1192 | F1_macro 1.0000 | WorstLoss 0.0075
[Tracker] Ep  437 | AvgR 0.0003 | Global 0.6629 | Local 0.1192 | F1_macro 1.0000 | WorstLoss 0.0131
[Tracker] Ep  438 | AvgR 0.0003 | Global 0.6635 | Local 0.1192 | F1_macro 1.0000 | WorstLoss 0.0128
[Tracker] Ep  439 | AvgR 0.0003 | Global 0.6321 | Local 0.1192 | F1_macro 0.9979 | WorstLoss 0.0266
[Tracker] Ep  440 | AvgR 0.0003 | Global 0.5839 | Local 0.1192 | F1_macro 0.9979 | WorstLoss 0.0468
[Tracker] Saved snapshot: ep0440_phase1_class1
[Tracker] Ep  441 | AvgR 0.0003 | Global 0.5851 | Local 0.1192 | F1_macro 0.9958 | WorstLoss 0.0464
[Tracker] Ep  442 | AvgR 0.0003 | Global 0.6762 | Local 0.1192 | F1_macro 1.0000 | WorstLoss 0.0071
[Tracker] Ep  443 | AvgR 0.0003 | Global 0.6740 | Local 0.1192 | F1_macro 1.0000 | WorstLoss 0.0081
[Tracker] Ep  444 | AvgR 0.0003 | Global 0.6773 | Local 0.1192 | F1_macro 1.0000 | WorstLoss 0.0066
[Tracker] Ep  445 | AvgR 0.0003 | Global 0.6808 | Local 0.1192 | F1_macro 1.0000 | WorstLoss 0.0050
[Tracker] Saved snapshot: ep0445_phase1_class1
[Tracker] Ep  446 | AvgR 0.0003 | Global 0.6641 | Local 0.1192 | F1_macro 1.0000 | WorstLoss 0.0126
[Tracker] Ep  447 | AvgR 0.0003 | Global 0.6784 | Local 0.1192 | F1_macro 1.0000 | WorstLoss 0.0061
[Tracker] Ep  448 | AvgR 0.0003 | Global 0.6624 | Local 0.1192 | F1_macro 1.0000 | WorstLoss 0.0134
[Tracker] Ep  449 | AvgR 0.0003 | Global 0.6653 | Local 0.1192 | F1_macro 1.0000 | WorstLoss 0.0120
[Tracker] Ep  450 | AvgR 0.0003 | Global 0.6527 | Local 0.1192 | F1_macro 1.0000 | WorstLoss 0.0176
[Tracker] Saved snapshot: ep0450_phase1_class1
[Tracker] Ep  451 | AvgR 0.0003 | Global 0.6688 | Local 0.1192 | F1_macro 1.0000 | WorstLoss 0.0104
[Tracker] Ep  452 | AvgR 0.0003 | Global 0.6720 | Local 0.1192 | F1_macro 1.0000 | WorstLoss 0.0090
[Tracker] Ep  453 | AvgR 0.0003 | Global 0.6673 | Local 0.1192 | F1_macro 1.0000 | WorstLoss 0.0112
[Tracker] Ep  454 | AvgR 0.0003 | Global 0.6587 | Local 0.1192 | F1_macro 1.0000 | WorstLoss 0.0150
[Tracker] Ep  455 | AvgR 0.0003 | Global 0.6818 | Local 0.1192 | F1_macro 1.0000 | WorstLoss 0.0045
[Tracker] Saved snapshot: ep0455_phase1_class1
[Tracker] New BEST synthetic [phase1_class1] (by global.global_obj: 0.681786) saved.
[Tracker] BEST β weights [phase1_class1] saved -> training_runs/SPECp1_har_nobias_global_5s_EP800_PCA10_REWfairness_minID5_majID24_TRJ2000_GG202603241204_8b91bc47/seed_2/best_beta_state_dict_phase1_class1.pt
[Tracker] Ep  456 | AvgR 0.0003 | Global 0.6193 | Local 0.1192 | F1_macro 0.9958 | WorstLoss 0.0321
[Tracker] Ep  457 | AvgR 0.0003 | Global 0.6131 | Local 0.1192 | F1_macro 1.0000 | WorstLoss 0.0347
[Tracker] Ep  458 | AvgR 0.0003 | Global 0.6769 | Local 0.1192 | F1_macro 1.0000 | WorstLoss 0.0068
[Tracker] Ep  459 | AvgR 0.0003 | Global 0.6665 | Local 0.1192 | F1_macro 1.0000 | WorstLoss 0.0115
[Tracker] Ep  460 | AvgR 0.0003 | Global 0.6734 | Local 0.1192 | F1_macro 1.0000 | WorstLoss 0.0084
[Tracker] Saved snapshot: ep0460_phase1_class1
[Tracker] Ep  461 | AvgR 0.0003 | Global 0.6658 | Local 0.1192 | F1_macro 1.0000 | WorstLoss 0.0118
[Tracker] Ep  462 | AvgR 0.0003 | Global 0.6703 | Local 0.1192 | F1_macro 1.0000 | WorstLoss 0.0098
[Tracker] Ep  463 | AvgR 0.0003 | Global 0.6401 | Local 0.1192 | F1_macro 0.9979 | WorstLoss 0.0232
[Tracker] Ep  464 | AvgR 0.0003 | Global 0.6535 | Local 0.1192 | F1_macro 1.0000 | WorstLoss 0.0173
[Tracker] Ep  465 | AvgR 0.0003 | Global 0.6831 | Local 0.1192 | F1_macro 1.0000 | WorstLoss 0.0039
[Tracker] Saved snapshot: ep0465_phase1_class1
[Tracker] New BEST synthetic [phase1_class1] (by global.global_obj: 0.683070) saved.
[Tracker] BEST β weights [phase1_class1] saved -> training_runs/SPECp1_har_nobias_global_5s_EP800_PCA10_REWfairness_minID5_majID24_TRJ2000_GG202603241204_8b91bc47/seed_2/best_beta_state_dict_phase1_class1.pt
[Tracker] Ep  466 | AvgR 0.0003 | Global 0.6640 | Local 0.1192 | F1_macro 1.0000 | WorstLoss 0.0126
[Tracker] Ep  467 | AvgR 0.0003 | Global 0.6784 | Local 0.1192 | F1_macro 1.0000 | WorstLoss 0.0061
[Tracker] Ep  468 | AvgR 0.0003 | Global 0.6829 | Local 0.1192 | F1_macro 1.0000 | WorstLoss 0.0040
[Tracker] Ep  469 | AvgR 0.0003 | Global 0.6735 | Local 0.1192 | F1_macro 1.0000 | WorstLoss 0.0083
[Tracker] Ep  470 | AvgR 0.0003 | Global 0.6752 | Local 0.1192 | F1_macro 1.0000 | WorstLoss 0.0076
[Tracker] Saved snapshot: ep0470_phase1_class1
[Tracker] Ep  471 | AvgR 0.0003 | Global 0.6776 | Local 0.1192 | F1_macro 1.0000 | WorstLoss 0.0064
[Tracker] Ep  472 | AvgR 0.0003 | Global 0.6818 | Local 0.1192 | F1_macro 1.0000 | WorstLoss 0.0045
[Tracker] Ep  473 | AvgR 0.0003 | Global 0.6530 | Local 0.1192 | F1_macro 0.9979 | WorstLoss 0.0175
[Tracker] Ep  474 | AvgR 0.0003 | Global 0.6779 | Local 0.1192 | F1_macro 1.0000 | WorstLoss 0.0063
[Tracker] Ep  475 | AvgR 0.0003 | Global 0.6543 | Local 0.1192 | F1_macro 1.0000 | WorstLoss 0.0169
[Tracker] Saved snapshot: ep0475_phase1_class1
[Tracker] Ep  476 | AvgR 0.0003 | Global 0.6729 | Local 0.1192 | F1_macro 1.0000 | WorstLoss 0.0086
[Tracker] Ep  477 | AvgR 0.0003 | Global 0.6690 | Local 0.1192 | F1_macro 0.9979 | WorstLoss 0.0104
[Tracker] Ep  478 | AvgR 0.0003 | Global 0.6706 | Local 0.1192 | F1_macro 1.0000 | WorstLoss 0.0097
[Tracker] Ep  479 | AvgR 0.0003 | Global 0.6776 | Local 0.1192 | F1_macro 1.0000 | WorstLoss 0.0064
[Tracker] Ep  480 | AvgR 0.0003 | Global 0.6800 | Local 0.1192 | F1_macro 1.0000 | WorstLoss 0.0054
[Tracker] Saved snapshot: ep0480_phase1_class1
[Tracker] Ep  481 | AvgR 0.0003 | Global 0.6768 | Local 0.1192 | F1_macro 1.0000 | WorstLoss 0.0068
[Tracker] Ep  482 | AvgR 0.0003 | Global 0.6664 | Local 0.1192 | F1_macro 1.0000 | WorstLoss 0.0115
[Tracker] Ep  483 | AvgR 0.0003 | Global 0.6725 | Local 0.1192 | F1_macro 1.0000 | WorstLoss 0.0088
[Tracker] Ep  484 | AvgR 0.0003 | Global 0.6730 | Local 0.1192 | F1_macro 1.0000 | WorstLoss 0.0086
[Tracker] Ep  485 | AvgR 0.0003 | Global 0.6765 | Local 0.1192 | F1_macro 1.0000 | WorstLoss 0.0069
[Tracker] Saved snapshot: ep0485_phase1_class1
[Tracker] Ep  486 | AvgR 0.0003 | Global 0.6667 | Local 0.1192 | F1_macro 1.0000 | WorstLoss 0.0114
[Tracker] Ep  487 | AvgR 0.0003 | Global 0.6574 | Local 0.1192 | F1_macro 1.0000 | WorstLoss 0.0156
[Tracker] Ep  488 | AvgR 0.0003 | Global 0.6738 | Local 0.1192 | F1_macro 1.0000 | WorstLoss 0.0082
[Tracker] Ep  489 | AvgR 0.0003 | Global 0.5516 | Local 0.1192 | F1_macro 0.9936 | WorstLoss 0.0600
[Tracker] Ep  490 | AvgR 0.0003 | Global 0.6204 | Local 0.1192 | F1_macro 0.9979 | WorstLoss 0.0316
[Tracker] Saved snapshot: ep0490_phase1_class1
[Tracker] Ep  491 | AvgR 0.0003 | Global 0.6358 | Local 0.1192 | F1_macro 0.9979 | WorstLoss 0.0250
[Tracker] Ep  492 | AvgR 0.0003 | Global 0.6667 | Local 0.1192 | F1_macro 1.0000 | WorstLoss 0.0114
[Tracker] Ep  493 | AvgR 0.0003 | Global 0.6748 | Local 0.1192 | F1_macro 1.0000 | WorstLoss 0.0077
[Tracker] Ep  494 | AvgR 0.0003 | Global 0.5085 | Local 0.1192 | F1_macro 0.9936 | WorstLoss 0.0774
[Tracker] Ep  495 | AvgR 0.0003 | Global 0.6786 | Local 0.1192 | F1_macro 1.0000 | WorstLoss 0.0060
[Tracker] Saved snapshot: ep0495_phase1_class1
[Tracker] Ep  496 | AvgR 0.0003 | Global 0.6707 | Local 0.1192 | F1_macro 1.0000 | WorstLoss 0.0096
[Tracker] Ep  497 | AvgR 0.0003 | Global 0.6455 | Local 0.1192 | F1_macro 0.9979 | WorstLoss 0.0208
[Tracker] Ep  498 | AvgR 0.0003 | Global 0.6669 | Local 0.1192 | F1_macro 1.0000 | WorstLoss 0.0113
[Tracker] Ep  499 | AvgR 0.0003 | Global 0.5294 | Local 0.1192 | F1_macro 0.9936 | WorstLoss 0.0690
[Tracker] Ep  500 | AvgR 0.0003 | Global 0.6039 | Local 0.1192 | F1_macro 0.9979 | WorstLoss 0.0386
[Tracker] Saved snapshot: ep0500_phase1_class1
[Tracker] Ep  501 | AvgR 0.0003 | Global 0.6586 | Local 0.1192 | F1_macro 1.0000 | WorstLoss 0.0150
[Tracker] Ep  502 | AvgR 0.0003 | Global 0.6761 | Local 0.1192 | F1_macro 1.0000 | WorstLoss 0.0071
[Tracker] Ep  503 | AvgR 0.0003 | Global 0.6620 | Local 0.1192 | F1_macro 1.0000 | WorstLoss 0.0135
[Tracker] Ep  504 | AvgR 0.0003 | Global 0.6766 | Local 0.1192 | F1_macro 1.0000 | WorstLoss 0.0069
[Tracker] Ep  505 | AvgR 0.0003 | Global 0.6592 | Local 0.1192 | F1_macro 0.9979 | WorstLoss 0.0148
[Tracker] Saved snapshot: ep0505_phase1_class1
[Tracker] Ep  506 | AvgR 0.0003 | Global 0.6659 | Local 0.1192 | F1_macro 1.0000 | WorstLoss 0.0118
[Tracker] Ep  507 | AvgR 0.0003 | Global 0.6808 | Local 0.1192 | F1_macro 1.0000 | WorstLoss 0.0050
[Tracker] Ep  508 | AvgR 0.0003 | Global 0.6735 | Local 0.1192 | F1_macro 1.0000 | WorstLoss 0.0083
[Tracker] Ep  509 | AvgR 0.0003 | Global 0.6608 | Local 0.1192 | F1_macro 1.0000 | WorstLoss 0.0140
[Tracker] Ep  510 | AvgR 0.0003 | Global 0.6696 | Local 0.1192 | F1_macro 1.0000 | WorstLoss 0.0101
[Tracker] Saved snapshot: ep0510_phase1_class1
[Tracker] Ep  511 | AvgR 0.0003 | Global 0.6595 | Local 0.1192 | F1_macro 1.0000 | WorstLoss 0.0146
[Tracker] Ep  512 | AvgR 0.0003 | Global 0.6477 | Local 0.1192 | F1_macro 0.9979 | WorstLoss 0.0198
[Tracker] Ep  513 | AvgR 0.0003 | Global 0.6416 | Local 0.1192 | F1_macro 0.9979 | WorstLoss 0.0225
[Tracker] Ep  514 | AvgR 0.0003 | Global 0.6828 | Local 0.1192 | F1_macro 1.0000 | WorstLoss 0.0041
[Tracker] Ep  515 | AvgR 0.0003 | Global 0.6677 | Local 0.1192 | F1_macro 1.0000 | WorstLoss 0.0110
[Tracker] Saved snapshot: ep0515_phase1_class1
[Tracker] Ep  516 | AvgR 0.0003 | Global 0.6626 | Local 0.1192 | F1_macro 0.9979 | WorstLoss 0.0132
[Tracker] Ep  517 | AvgR 0.0003 | Global 0.6535 | Local 0.1192 | F1_macro 1.0000 | WorstLoss 0.0173
[Tracker] Ep  518 | AvgR 0.0003 | Global 0.6601 | Local 0.1192 | F1_macro 0.9979 | WorstLoss 0.0144
[Tracker] Ep  519 | AvgR 0.0003 | Global 0.6214 | Local 0.1192 | F1_macro 0.9979 | WorstLoss 0.0312
[Tracker] Ep  520 | AvgR 0.0003 | Global 0.5880 | Local 0.1192 | F1_macro 0.9958 | WorstLoss 0.0452
[Tracker] Saved snapshot: ep0520_phase1_class1
[Tracker] Ep  521 | AvgR 0.0003 | Global 0.6558 | Local 0.1192 | F1_macro 0.9979 | WorstLoss 0.0163
[Tracker] Ep  522 | AvgR 0.0003 | Global 0.6701 | Local 0.1192 | F1_macro 1.0000 | WorstLoss 0.0099
[Tracker] Ep  523 | AvgR 0.0003 | Global 0.6524 | Local 0.1192 | F1_macro 1.0000 | WorstLoss 0.0178
[Tracker] Ep  524 | AvgR 0.0003 | Global 0.6006 | Local 0.1192 | F1_macro 0.9958 | WorstLoss 0.0400
[Tracker] Ep  525 | AvgR 0.0003 | Global 0.6816 | Local 0.1192 | F1_macro 1.0000 | WorstLoss 0.0046
[Tracker] Saved snapshot: ep0525_phase1_class1
[Tracker] Ep  526 | AvgR 0.0003 | Global 0.6681 | Local 0.1192 | F1_macro 1.0000 | WorstLoss 0.0108
[Tracker] Ep  527 | AvgR 0.0003 | Global 0.6688 | Local 0.1192 | F1_macro 1.0000 | WorstLoss 0.0105
[Tracker] Ep  528 | AvgR 0.0003 | Global 0.6810 | Local 0.1192 | F1_macro 1.0000 | WorstLoss 0.0049
[Tracker] Ep  529 | AvgR 0.0003 | Global 0.6772 | Local 0.1192 | F1_macro 1.0000 | WorstLoss 0.0066
[Tracker] Ep  530 | AvgR 0.0003 | Global 0.6012 | Local 0.1192 | F1_macro 0.9936 | WorstLoss 0.0397
[Tracker] Saved snapshot: ep0530_phase1_class1
[Tracker] Ep  531 | AvgR 0.0003 | Global 0.6798 | Local 0.1192 | F1_macro 1.0000 | WorstLoss 0.0054
[Tracker] Ep  532 | AvgR 0.0003 | Global 0.6819 | Local 0.1192 | F1_macro 1.0000 | WorstLoss 0.0045
[Tracker] Ep  533 | AvgR 0.0003 | Global 0.6622 | Local 0.1192 | F1_macro 1.0000 | WorstLoss 0.0134
[Tracker] Ep  534 | AvgR 0.0003 | Global 0.6466 | Local 0.1192 | F1_macro 1.0000 | WorstLoss 0.0203
[Tracker] Ep  535 | AvgR 0.0003 | Global 0.5023 | Local 0.1192 | F1_macro 0.9936 | WorstLoss 0.0798
[Tracker] Saved snapshot: ep0535_phase1_class1
[Tracker] Ep  536 | AvgR 0.0003 | Global 0.6173 | Local 0.1192 | F1_macro 0.9958 | WorstLoss 0.0329
[Tracker] Ep  537 | AvgR 0.0003 | Global 0.6635 | Local 0.1192 | F1_macro 1.0000 | WorstLoss 0.0128
[Tracker] Ep  538 | AvgR 0.0003 | Global 0.6715 | Local 0.1192 | F1_macro 1.0000 | WorstLoss 0.0092
[Tracker] Ep  539 | AvgR 0.0003 | Global 0.6433 | Local 0.1192 | F1_macro 0.9979 | WorstLoss 0.0218
[Tracker] Ep  540 | AvgR 0.0003 | Global 0.6795 | Local 0.1192 | F1_macro 1.0000 | WorstLoss 0.0056
[Tracker] Saved snapshot: ep0540_phase1_class1
[Tracker] Ep  541 | AvgR 0.0003 | Global 0.6809 | Local 0.1192 | F1_macro 1.0000 | WorstLoss 0.0049
[Tracker] Ep  542 | AvgR 0.0003 | Global 0.6334 | Local 0.1192 | F1_macro 0.9979 | WorstLoss 0.0261
[Tracker] Ep  543 | AvgR 0.0003 | Global 0.6021 | Local 0.1192 | F1_macro 0.9979 | WorstLoss 0.0393
[Tracker] Ep  544 | AvgR 0.0003 | Global 0.6574 | Local 0.1192 | F1_macro 1.0000 | WorstLoss 0.0156
[Tracker] Ep  545 | AvgR 0.0003 | Global 0.6673 | Local 0.1192 | F1_macro 1.0000 | WorstLoss 0.0111
[Tracker] Saved snapshot: ep0545_phase1_class1
[Tracker] Ep  546 | AvgR 0.0003 | Global 0.6754 | Local 0.1192 | F1_macro 1.0000 | WorstLoss 0.0075
[Tracker] Ep  547 | AvgR 0.0003 | Global 0.5107 | Local 0.1192 | F1_macro 0.9958 | WorstLoss 0.0765
[Tracker] Ep  548 | AvgR 0.0003 | Global 0.6518 | Local 0.1192 | F1_macro 1.0000 | WorstLoss 0.0181
[Tracker] Ep  549 | AvgR 0.0003 | Global 0.6451 | Local 0.1192 | F1_macro 0.9958 | WorstLoss 0.0210
[Tracker] Ep  550 | AvgR 0.0003 | Global 0.6609 | Local 0.1192 | F1_macro 1.0000 | WorstLoss 0.0140
[Tracker] Saved snapshot: ep0550_phase1_class1
[Tracker] Ep  551 | AvgR 0.0003 | Global 0.6272 | Local 0.1192 | F1_macro 0.9958 | WorstLoss 0.0287
[Tracker] Ep  552 | AvgR 0.0003 | Global 0.6559 | Local 0.1192 | F1_macro 0.9979 | WorstLoss 0.0162
[Tracker] Ep  553 | AvgR 0.0003 | Global 0.6832 | Local 0.1192 | F1_macro 1.0000 | WorstLoss 0.0039
[Tracker] New BEST synthetic [phase1_class1] (by global.global_obj: 0.683248) saved.
[Tracker] BEST β weights [phase1_class1] saved -> training_runs/SPECp1_har_nobias_global_5s_EP800_PCA10_REWfairness_minID5_majID24_TRJ2000_GG202603241204_8b91bc47/seed_2/best_beta_state_dict_phase1_class1.pt
[Tracker] Ep  554 | AvgR 0.0003 | Global 0.6757 | Local 0.1192 | F1_macro 1.0000 | WorstLoss 0.0073
[Tracker] Ep  555 | AvgR 0.0003 | Global 0.6804 | Local 0.1192 | F1_macro 1.0000 | WorstLoss 0.0052
[Tracker] Saved snapshot: ep0555_phase1_class1
[Tracker] Ep  556 | AvgR 0.0003 | Global 0.6800 | Local 0.1192 | F1_macro 1.0000 | WorstLoss 0.0054
[Tracker] Ep  557 | AvgR 0.0003 | Global 0.6739 | Local 0.1192 | F1_macro 1.0000 | WorstLoss 0.0081
[Tracker] Ep  558 | AvgR 0.0003 | Global 0.6787 | Local 0.1192 | F1_macro 1.0000 | WorstLoss 0.0059
[Tracker] Ep  559 | AvgR 0.0003 | Global 0.6324 | Local 0.1192 | F1_macro 0.9979 | WorstLoss 0.0265
[Tracker] Ep  560 | AvgR 0.0003 | Global 0.6579 | Local 0.1192 | F1_macro 0.9979 | WorstLoss 0.0154
[Tracker] Saved snapshot: ep0560_phase1_class1
[Tracker] Ep  561 | AvgR 0.0003 | Global 0.6733 | Local 0.1192 | F1_macro 1.0000 | WorstLoss 0.0084
[Tracker] Ep  562 | AvgR 0.0003 | Global 0.6667 | Local 0.1192 | F1_macro 1.0000 | WorstLoss 0.0114
[Tracker] Ep  563 | AvgR 0.0003 | Global 0.6729 | Local 0.1192 | F1_macro 1.0000 | WorstLoss 0.0086
[Tracker] Ep  564 | AvgR 0.0003 | Global 0.6766 | Local 0.1192 | F1_macro 1.0000 | WorstLoss 0.0069
[Tracker] Ep  565 | AvgR 0.0003 | Global 0.6757 | Local 0.1192 | F1_macro 1.0000 | WorstLoss 0.0073
[Tracker] Saved snapshot: ep0565_phase1_class1
[Tracker] Ep  566 | AvgR 0.0003 | Global 0.6289 | Local 0.1192 | F1_macro 0.9958 | WorstLoss 0.0280
[Tracker] Ep  567 | AvgR 0.0003 | Global 0.6799 | Local 0.1192 | F1_macro 1.0000 | WorstLoss 0.0054
[Tracker] Ep  568 | AvgR 0.0003 | Global 0.6793 | Local 0.1192 | F1_macro 1.0000 | WorstLoss 0.0057
[Tracker] Ep  569 | AvgR 0.0003 | Global 0.6580 | Local 0.1192 | F1_macro 1.0000 | WorstLoss 0.0153
[Tracker] Ep  570 | AvgR 0.0003 | Global 0.6758 | Local 0.1192 | F1_macro 1.0000 | WorstLoss 0.0073
[Tracker] Saved snapshot: ep0570_phase1_class1
[Tracker] Ep  571 | AvgR 0.0003 | Global 0.6691 | Local 0.1192 | F1_macro 1.0000 | WorstLoss 0.0103
[Tracker] Ep  572 | AvgR 0.0003 | Global 0.6635 | Local 0.1192 | F1_macro 1.0000 | WorstLoss 0.0128
[Tracker] Ep  573 | AvgR 0.0003 | Global 0.6732 | Local 0.1192 | F1_macro 1.0000 | WorstLoss 0.0085
[Tracker] Ep  574 | AvgR 0.0003 | Global 0.6667 | Local 0.1192 | F1_macro 1.0000 | WorstLoss 0.0114
[Tracker] Ep  575 | AvgR 0.0003 | Global 0.6768 | Local 0.1192 | F1_macro 1.0000 | WorstLoss 0.0068
[Tracker] Saved snapshot: ep0575_phase1_class1
[Tracker] Ep  576 | AvgR 0.0003 | Global 0.6763 | Local 0.1192 | F1_macro 1.0000 | WorstLoss 0.0071
[Tracker] Ep  577 | AvgR 0.0003 | Global 0.6511 | Local 0.1192 | F1_macro 1.0000 | WorstLoss 0.0183
[Tracker] Ep  578 | AvgR 0.0003 | Global 0.6567 | Local 0.1192 | F1_macro 0.9979 | WorstLoss 0.0159
[Tracker] Ep  579 | AvgR 0.0003 | Global 0.6822 | Local 0.1192 | F1_macro 1.0000 | WorstLoss 0.0044
[Tracker] Ep  580 | AvgR 0.0003 | Global 0.6816 | Local 0.1192 | F1_macro 1.0000 | WorstLoss 0.0046
[Tracker] Saved snapshot: ep0580_phase1_class1
[Tracker] Ep  581 | AvgR 0.0003 | Global 0.6796 | Local 0.1192 | F1_macro 1.0000 | WorstLoss 0.0055
[Tracker] Ep  582 | AvgR 0.0003 | Global 0.6763 | Local 0.1192 | F1_macro 1.0000 | WorstLoss 0.0071
[Tracker] Ep  583 | AvgR 0.0003 | Global 0.6764 | Local 0.1192 | F1_macro 1.0000 | WorstLoss 0.0070
[Tracker] Ep  584 | AvgR 0.0003 | Global 0.6713 | Local 0.1192 | F1_macro 1.0000 | WorstLoss 0.0093
[Tracker] Ep  585 | AvgR 0.0003 | Global 0.6620 | Local 0.1192 | F1_macro 0.9979 | WorstLoss 0.0135
[Tracker] Saved snapshot: ep0585_phase1_class1
[Tracker] Ep  586 | AvgR 0.0003 | Global 0.6831 | Local 0.1192 | F1_macro 1.0000 | WorstLoss 0.0039
[Tracker] Ep  587 | AvgR 0.0003 | Global 0.6857 | Local 0.1192 | F1_macro 1.0000 | WorstLoss 0.0027
[Tracker] New BEST synthetic [phase1_class1] (by global.global_obj: 0.685675) saved.
[Tracker] BEST β weights [phase1_class1] saved -> training_runs/SPECp1_har_nobias_global_5s_EP800_PCA10_REWfairness_minID5_majID24_TRJ2000_GG202603241204_8b91bc47/seed_2/best_beta_state_dict_phase1_class1.pt
[Tracker] Ep  588 | AvgR 0.0003 | Global 0.6309 | Local 0.1192 | F1_macro 0.9979 | WorstLoss 0.0271
[Tracker] Ep  589 | AvgR 0.0003 | Global 0.6806 | Local 0.1192 | F1_macro 1.0000 | WorstLoss 0.0051
[Tracker] Ep  590 | AvgR 0.0003 | Global 0.6284 | Local 0.1192 | F1_macro 0.9979 | WorstLoss 0.0282
[Tracker] Saved snapshot: ep0590_phase1_class1
[Tracker] Ep  591 | AvgR 0.0003 | Global 0.6792 | Local 0.1192 | F1_macro 1.0000 | WorstLoss 0.0057
[Tracker] Ep  592 | AvgR 0.0003 | Global 0.6773 | Local 0.1192 | F1_macro 1.0000 | WorstLoss 0.0066
[Tracker] Ep  593 | AvgR 0.0003 | Global 0.6677 | Local 0.1192 | F1_macro 1.0000 | WorstLoss 0.0109
[Tracker] Ep  594 | AvgR 0.0003 | Global 0.6495 | Local 0.1192 | F1_macro 0.9979 | WorstLoss 0.0191
[Tracker] Ep  595 | AvgR 0.0003 | Global 0.6750 | Local 0.1192 | F1_macro 1.0000 | WorstLoss 0.0077
[Tracker] Saved snapshot: ep0595_phase1_class1
[Tracker] Ep  596 | AvgR 0.0003 | Global 0.6760 | Local 0.1192 | F1_macro 1.0000 | WorstLoss 0.0072
[Tracker] Ep  597 | AvgR 0.0003 | Global 0.6641 | Local 0.1192 | F1_macro 1.0000 | WorstLoss 0.0126
[Tracker] Ep  598 | AvgR 0.0003 | Global 0.6782 | Local 0.1192 | F1_macro 1.0000 | WorstLoss 0.0062
[Tracker] Ep  599 | AvgR 0.0003 | Global 0.6791 | Local 0.1192 | F1_macro 1.0000 | WorstLoss 0.0058
[Tracker] Ep  600 | AvgR 0.0003 | Global 0.6652 | Local 0.1192 | F1_macro 1.0000 | WorstLoss 0.0121
[Tracker] Saved snapshot: ep0600_phase1_class1
[Tracker] Ep  601 | AvgR 0.0003 | Global 0.6820 | Local 0.1192 | F1_macro 1.0000 | WorstLoss 0.0044
[Tracker] Ep  602 | AvgR 0.0003 | Global 0.6836 | Local 0.1192 | F1_macro 1.0000 | WorstLoss 0.0037
[Tracker] Ep  603 | AvgR 0.0003 | Global 0.6806 | Local 0.1192 | F1_macro 1.0000 | WorstLoss 0.0051
[Tracker] Ep  604 | AvgR 0.0003 | Global 0.6800 | Local 0.1192 | F1_macro 1.0000 | WorstLoss 0.0053
[Tracker] Ep  605 | AvgR 0.0003 | Global 0.6809 | Local 0.1192 | F1_macro 1.0000 | WorstLoss 0.0049
[Tracker] Saved snapshot: ep0605_phase1_class1
[Tracker] Ep  606 | AvgR 0.0003 | Global 0.6764 | Local 0.1192 | F1_macro 1.0000 | WorstLoss 0.0070
[Tracker] Ep  607 | AvgR 0.0003 | Global 0.6756 | Local 0.1192 | F1_macro 1.0000 | WorstLoss 0.0074
[Tracker] Ep  608 | AvgR 0.0003 | Global 0.6793 | Local 0.1192 | F1_macro 1.0000 | WorstLoss 0.0057
[Tracker] Ep  609 | AvgR 0.0003 | Global 0.6705 | Local 0.1192 | F1_macro 1.0000 | WorstLoss 0.0097
[Tracker] Ep  610 | AvgR 0.0003 | Global 0.6845 | Local 0.1192 | F1_macro 1.0000 | WorstLoss 0.0033
[Tracker] Saved snapshot: ep0610_phase1_class1
[Tracker] Ep  611 | AvgR 0.0003 | Global 0.6676 | Local 0.1192 | F1_macro 1.0000 | WorstLoss 0.0110
[Tracker] Ep  612 | AvgR 0.0003 | Global 0.6763 | Local 0.1192 | F1_macro 1.0000 | WorstLoss 0.0071
[Tracker] Ep  613 | AvgR 0.0003 | Global 0.6777 | Local 0.1192 | F1_macro 1.0000 | WorstLoss 0.0064
[Tracker] Ep  614 | AvgR 0.0003 | Global 0.6808 | Local 0.1192 | F1_macro 1.0000 | WorstLoss 0.0050
[Tracker] Ep  615 | AvgR 0.0003 | Global 0.6638 | Local 0.1192 | F1_macro 1.0000 | WorstLoss 0.0127
[Tracker] Saved snapshot: ep0615_phase1_class1
[Tracker] Ep  616 | AvgR 0.0003 | Global 0.6800 | Local 0.1192 | F1_macro 1.0000 | WorstLoss 0.0054
[Tracker] Ep  617 | AvgR 0.0003 | Global 0.6821 | Local 0.1192 | F1_macro 1.0000 | WorstLoss 0.0044
[Tracker] Ep  618 | AvgR 0.0003 | Global 0.6773 | Local 0.1192 | F1_macro 1.0000 | WorstLoss 0.0066
[Tracker] Ep  619 | AvgR 0.0003 | Global 0.6570 | Local 0.1192 | F1_macro 0.9979 | WorstLoss 0.0158
[Tracker] Ep  620 | AvgR 0.0003 | Global 0.6803 | Local 0.1192 | F1_macro 1.0000 | WorstLoss 0.0052
[Tracker] Saved snapshot: ep0620_phase1_class1
[Tracker] Ep  621 | AvgR 0.0001 | Global 0.1180 | Local 0.1192 | F1_macro 0.9872 | WorstLoss 0.2818
[Tracker] Ep  622 | AvgR 0.0003 | Global 0.6125 | Local 0.1192 | F1_macro 0.9979 | WorstLoss 0.0350
[Tracker] Ep  623 | AvgR 0.0003 | Global 0.6801 | Local 0.1192 | F1_macro 1.0000 | WorstLoss 0.0053
[Tracker] Ep  624 | AvgR 0.0003 | Global 0.6632 | Local 0.1192 | F1_macro 0.9979 | WorstLoss 0.0130
[Tracker] Ep  625 | AvgR 0.0003 | Global 0.6719 | Local 0.1192 | F1_macro 1.0000 | WorstLoss 0.0091
[Tracker] Saved snapshot: ep0625_phase1_class1
[Tracker] Ep  626 | AvgR 0.0003 | Global 0.6736 | Local 0.1192 | F1_macro 1.0000 | WorstLoss 0.0083
[Tracker] Ep  627 | AvgR 0.0003 | Global 0.6782 | Local 0.1192 | F1_macro 1.0000 | WorstLoss 0.0062
[Tracker] Ep  628 | AvgR 0.0003 | Global 0.6720 | Local 0.1192 | F1_macro 1.0000 | WorstLoss 0.0090
[Tracker] Ep  629 | AvgR 0.0003 | Global 0.6815 | Local 0.1192 | F1_macro 1.0000 | WorstLoss 0.0047
[Tracker] Ep  630 | AvgR 0.0003 | Global 0.6787 | Local 0.1192 | F1_macro 1.0000 | WorstLoss 0.0060
[Tracker] Saved snapshot: ep0630_phase1_class1
[Tracker] Ep  631 | AvgR 0.0003 | Global 0.6782 | Local 0.1192 | F1_macro 1.0000 | WorstLoss 0.0062
[Tracker] Ep  632 | AvgR 0.0003 | Global 0.6827 | Local 0.1192 | F1_macro 1.0000 | WorstLoss 0.0041
[Tracker] Ep  633 | AvgR 0.0003 | Global 0.6817 | Local 0.1192 | F1_macro 1.0000 | WorstLoss 0.0046
[Tracker] Ep  634 | AvgR 0.0003 | Global 0.6844 | Local 0.1192 | F1_macro 1.0000 | WorstLoss 0.0033
[Tracker] Ep  635 | AvgR 0.0003 | Global 0.6649 | Local 0.1192 | F1_macro 1.0000 | WorstLoss 0.0122
[Tracker] Saved snapshot: ep0635_phase1_class1
[Tracker] Ep  636 | AvgR 0.0003 | Global 0.6820 | Local 0.1192 | F1_macro 1.0000 | WorstLoss 0.0044
[Tracker] Ep  637 | AvgR 0.0003 | Global 0.6827 | Local 0.1192 | F1_macro 1.0000 | WorstLoss 0.0041
[Tracker] Ep  638 | AvgR 0.0003 | Global 0.6344 | Local 0.1192 | F1_macro 0.9979 | WorstLoss 0.0256
[Tracker] Ep  639 | AvgR 0.0003 | Global 0.6750 | Local 0.1192 | F1_macro 1.0000 | WorstLoss 0.0077
[Tracker] Ep  640 | AvgR 0.0003 | Global 0.6650 | Local 0.1192 | F1_macro 1.0000 | WorstLoss 0.0122
[Tracker] Saved snapshot: ep0640_phase1_class1
[Tracker] Ep  641 | AvgR 0.0003 | Global 0.6720 | Local 0.1192 | F1_macro 1.0000 | WorstLoss 0.0090
[Tracker] Ep  642 | AvgR 0.0003 | Global 0.6787 | Local 0.1192 | F1_macro 1.0000 | WorstLoss 0.0059
[Tracker] Ep  643 | AvgR 0.0003 | Global 0.6806 | Local 0.1192 | F1_macro 1.0000 | WorstLoss 0.0051
[Tracker] Ep  644 | AvgR 0.0003 | Global 0.6671 | Local 0.1192 | F1_macro 1.0000 | WorstLoss 0.0112
[Tracker] Ep  645 | AvgR 0.0003 | Global 0.6676 | Local 0.1192 | F1_macro 1.0000 | WorstLoss 0.0110
[Tracker] Saved snapshot: ep0645_phase1_class1
[Tracker] Ep  646 | AvgR 0.0003 | Global 0.6777 | Local 0.1192 | F1_macro 1.0000 | WorstLoss 0.0064
[Tracker] Ep  647 | AvgR 0.0003 | Global 0.5119 | Local 0.1192 | F1_macro 0.9936 | WorstLoss 0.0760
[Tracker] Ep  648 | AvgR 0.0003 | Global 0.6802 | Local 0.1192 | F1_macro 1.0000 | WorstLoss 0.0053
[Tracker] Ep  649 | AvgR 0.0003 | Global 0.6590 | Local 0.1192 | F1_macro 0.9979 | WorstLoss 0.0149
[Tracker] Ep  650 | AvgR 0.0003 | Global 0.6793 | Local 0.1192 | F1_macro 1.0000 | WorstLoss 0.0057
[Tracker] Saved snapshot: ep0650_phase1_class1
[Tracker] Ep  651 | AvgR 0.0003 | Global 0.6671 | Local 0.1192 | F1_macro 1.0000 | WorstLoss 0.0112
[Tracker] Ep  652 | AvgR 0.0003 | Global 0.6838 | Local 0.1192 | F1_macro 1.0000 | WorstLoss 0.0036
[Tracker] Ep  653 | AvgR 0.0003 | Global 0.6670 | Local 0.1192 | F1_macro 1.0000 | WorstLoss 0.0113
[Tracker] Ep  654 | AvgR 0.0003 | Global 0.6513 | Local 0.1192 | F1_macro 1.0000 | WorstLoss 0.0183
[Tracker] Ep  655 | AvgR 0.0003 | Global 0.6804 | Local 0.1192 | F1_macro 1.0000 | WorstLoss 0.0052
[Tracker] Saved snapshot: ep0655_phase1_class1
[Tracker] Ep  656 | AvgR 0.0003 | Global 0.6583 | Local 0.1192 | F1_macro 1.0000 | WorstLoss 0.0151
[Tracker] Ep  657 | AvgR 0.0003 | Global 0.6761 | Local 0.1192 | F1_macro 1.0000 | WorstLoss 0.0072
[Tracker] Ep  658 | AvgR 0.0003 | Global 0.6777 | Local 0.1192 | F1_macro 1.0000 | WorstLoss 0.0064
[Tracker] Ep  659 | AvgR 0.0003 | Global 0.6580 | Local 0.1192 | F1_macro 1.0000 | WorstLoss 0.0153
[Tracker] Ep  660 | AvgR 0.0003 | Global 0.6668 | Local 0.1192 | F1_macro 0.9979 | WorstLoss 0.0114
[Tracker] Saved snapshot: ep0660_phase1_class1
[Tracker] Ep  661 | AvgR 0.0003 | Global 0.6659 | Local 0.1192 | F1_macro 1.0000 | WorstLoss 0.0118
[Tracker] Ep  662 | AvgR 0.0003 | Global 0.6804 | Local 0.1192 | F1_macro 1.0000 | WorstLoss 0.0052
[Tracker] Ep  663 | AvgR 0.0003 | Global 0.6769 | Local 0.1192 | F1_macro 1.0000 | WorstLoss 0.0068
[Tracker] Ep  664 | AvgR 0.0003 | Global 0.6799 | Local 0.1192 | F1_macro 1.0000 | WorstLoss 0.0054
[Tracker] Ep  665 | AvgR 0.0003 | Global 0.6791 | Local 0.1192 | F1_macro 1.0000 | WorstLoss 0.0058
[Tracker] Saved snapshot: ep0665_phase1_class1
[Tracker] Ep  666 | AvgR 0.0003 | Global 0.6803 | Local 0.1192 | F1_macro 1.0000 | WorstLoss 0.0052
[Tracker] Ep  667 | AvgR 0.0003 | Global 0.6600 | Local 0.1192 | F1_macro 1.0000 | WorstLoss 0.0144
[Tracker] Ep  668 | AvgR 0.0003 | Global 0.6780 | Local 0.1192 | F1_macro 1.0000 | WorstLoss 0.0063
[Tracker] Ep  669 | AvgR 0.0003 | Global 0.6816 | Local 0.1192 | F1_macro 1.0000 | WorstLoss 0.0046
[Tracker] Ep  670 | AvgR 0.0003 | Global 0.6723 | Local 0.1192 | F1_macro 1.0000 | WorstLoss 0.0089
[Tracker] Saved snapshot: ep0670_phase1_class1
[Tracker] Ep  671 | AvgR 0.0003 | Global 0.6804 | Local 0.1192 | F1_macro 1.0000 | WorstLoss 0.0052
[Tracker] Ep  672 | AvgR 0.0003 | Global 0.6524 | Local 0.1192 | F1_macro 0.9979 | WorstLoss 0.0178
[Tracker] Ep  673 | AvgR 0.0003 | Global 0.6756 | Local 0.1192 | F1_macro 1.0000 | WorstLoss 0.0074
[Tracker] Ep  674 | AvgR 0.0003 | Global 0.6623 | Local 0.1192 | F1_macro 0.9979 | WorstLoss 0.0134
[Tracker] Ep  675 | AvgR 0.0003 | Global 0.6736 | Local 0.1192 | F1_macro 1.0000 | WorstLoss 0.0083
[Tracker] Saved snapshot: ep0675_phase1_class1
[Tracker] Ep  676 | AvgR 0.0003 | Global 0.6794 | Local 0.1192 | F1_macro 1.0000 | WorstLoss 0.0056
[Tracker] Ep  677 | AvgR 0.0003 | Global 0.6833 | Local 0.1192 | F1_macro 1.0000 | WorstLoss 0.0038
[Tracker] Ep  678 | AvgR 0.0003 | Global 0.6110 | Local 0.1192 | F1_macro 0.9979 | WorstLoss 0.0356
[Tracker] Ep  679 | AvgR 0.0003 | Global 0.6717 | Local 0.1192 | F1_macro 1.0000 | WorstLoss 0.0091
[Tracker] Ep  680 | AvgR 0.0003 | Global 0.6823 | Local 0.1192 | F1_macro 1.0000 | WorstLoss 0.0043
[Tracker] Saved snapshot: ep0680_phase1_class1
[Tracker] Ep  681 | AvgR 0.0003 | Global 0.6280 | Local 0.1192 | F1_macro 0.9979 | WorstLoss 0.0284
[Tracker] Ep  682 | AvgR 0.0003 | Global 0.6753 | Local 0.1192 | F1_macro 1.0000 | WorstLoss 0.0075
[Tracker] Ep  683 | AvgR 0.0003 | Global 0.6212 | Local 0.1192 | F1_macro 0.9979 | WorstLoss 0.0313
[Tracker] Ep  684 | AvgR 0.0003 | Global 0.6678 | Local 0.1192 | F1_macro 1.0000 | WorstLoss 0.0109
[Tracker] Ep  685 | AvgR 0.0003 | Global 0.6772 | Local 0.1192 | F1_macro 1.0000 | WorstLoss 0.0067
[Tracker] Saved snapshot: ep0685_phase1_class1
[Tracker] Ep  686 | AvgR 0.0003 | Global 0.6635 | Local 0.1192 | F1_macro 1.0000 | WorstLoss 0.0129
[Tracker] Ep  687 | AvgR 0.0003 | Global 0.6698 | Local 0.1192 | F1_macro 1.0000 | WorstLoss 0.0100
[Tracker] Ep  688 | AvgR 0.0003 | Global 0.6778 | Local 0.1192 | F1_macro 1.0000 | WorstLoss 0.0064
[Tracker] Ep  689 | AvgR 0.0003 | Global 0.6787 | Local 0.1192 | F1_macro 1.0000 | WorstLoss 0.0060
[Tracker] Ep  690 | AvgR 0.0003 | Global 0.6701 | Local 0.1192 | F1_macro 1.0000 | WorstLoss 0.0099
[Tracker] Saved snapshot: ep0690_phase1_class1
[Tracker] Ep  691 | AvgR 0.0003 | Global 0.6594 | Local 0.1192 | F1_macro 1.0000 | WorstLoss 0.0147
[Tracker] Ep  692 | AvgR 0.0003 | Global 0.6814 | Local 0.1192 | F1_macro 1.0000 | WorstLoss 0.0047
[Tracker] Ep  693 | AvgR 0.0003 | Global 0.6664 | Local 0.1192 | F1_macro 1.0000 | WorstLoss 0.0115
[Tracker] Ep  694 | AvgR 0.0003 | Global 0.6204 | Local 0.1192 | F1_macro 0.9958 | WorstLoss 0.0316
[Tracker] Ep  695 | AvgR 0.0003 | Global 0.6778 | Local 0.1192 | F1_macro 1.0000 | WorstLoss 0.0064
[Tracker] Saved snapshot: ep0695_phase1_class1
[Tracker] Ep  696 | AvgR 0.0003 | Global 0.6819 | Local 0.1192 | F1_macro 1.0000 | WorstLoss 0.0045
[Tracker] Ep  697 | AvgR 0.0003 | Global 0.6785 | Local 0.1192 | F1_macro 1.0000 | WorstLoss 0.0061
[Tracker] Ep  698 | AvgR 0.0003 | Global 0.6706 | Local 0.1192 | F1_macro 1.0000 | WorstLoss 0.0096
[Tracker] Ep  699 | AvgR 0.0003 | Global 0.6758 | Local 0.1192 | F1_macro 1.0000 | WorstLoss 0.0073
[Tracker] Ep  700 | AvgR 0.0003 | Global 0.5251 | Local 0.1192 | F1_macro 0.9958 | WorstLoss 0.0707
[Tracker] Saved snapshot: ep0700_phase1_class1
[Tracker] Ep  701 | AvgR 0.0003 | Global 0.6772 | Local 0.1192 | F1_macro 1.0000 | WorstLoss 0.0067
[Tracker] Ep  702 | AvgR 0.0003 | Global 0.6811 | Local 0.1192 | F1_macro 1.0000 | WorstLoss 0.0049
[Tracker] Ep  703 | AvgR 0.0003 | Global 0.6396 | Local 0.1192 | F1_macro 0.9979 | WorstLoss 0.0234
[Tracker] Ep  704 | AvgR 0.0003 | Global 0.6670 | Local 0.1192 | F1_macro 1.0000 | WorstLoss 0.0113
[Tracker] Ep  705 | AvgR 0.0003 | Global 0.6824 | Local 0.1192 | F1_macro 1.0000 | WorstLoss 0.0043
[Tracker] Saved snapshot: ep0705_phase1_class1
[Tracker] Ep  706 | AvgR 0.0003 | Global 0.6639 | Local 0.1192 | F1_macro 1.0000 | WorstLoss 0.0127
[Tracker] Ep  707 | AvgR 0.0003 | Global 0.6434 | Local 0.1192 | F1_macro 1.0000 | WorstLoss 0.0217
[Tracker] Ep  708 | AvgR 0.0003 | Global 0.6718 | Local 0.1192 | F1_macro 1.0000 | WorstLoss 0.0091
[Tracker] Ep  709 | AvgR 0.0003 | Global 0.6825 | Local 0.1192 | F1_macro 1.0000 | WorstLoss 0.0042
[Tracker] Ep  710 | AvgR 0.0003 | Global 0.6737 | Local 0.1192 | F1_macro 1.0000 | WorstLoss 0.0082
[Tracker] Saved snapshot: ep0710_phase1_class1
[Tracker] Ep  711 | AvgR 0.0003 | Global 0.6687 | Local 0.1192 | F1_macro 1.0000 | WorstLoss 0.0105
[Tracker] Ep  712 | AvgR 0.0003 | Global 0.6617 | Local 0.1192 | F1_macro 1.0000 | WorstLoss 0.0137
[Tracker] Ep  713 | AvgR 0.0003 | Global 0.6697 | Local 0.1192 | F1_macro 1.0000 | WorstLoss 0.0101
[Tracker] Ep  714 | AvgR 0.0003 | Global 0.6736 | Local 0.1192 | F1_macro 1.0000 | WorstLoss 0.0083
[Tracker] Ep  715 | AvgR 0.0003 | Global 0.6752 | Local 0.1192 | F1_macro 1.0000 | WorstLoss 0.0076
[Tracker] Saved snapshot: ep0715_phase1_class1
[Tracker] Ep  716 | AvgR 0.0003 | Global 0.6829 | Local 0.1192 | F1_macro 1.0000 | WorstLoss 0.0041
[Tracker] Ep  717 | AvgR 0.0003 | Global 0.6776 | Local 0.1192 | F1_macro 1.0000 | WorstLoss 0.0065
[Tracker] Ep  718 | AvgR 0.0003 | Global 0.6695 | Local 0.1192 | F1_macro 1.0000 | WorstLoss 0.0101
[Tracker] Ep  719 | AvgR 0.0003 | Global 0.6751 | Local 0.1192 | F1_macro 1.0000 | WorstLoss 0.0076
[Tracker] Ep  720 | AvgR 0.0003 | Global 0.6787 | Local 0.1192 | F1_macro 1.0000 | WorstLoss 0.0060
[Tracker] Saved snapshot: ep0720_phase1_class1
[Tracker] Ep  721 | AvgR 0.0003 | Global 0.6773 | Local 0.1192 | F1_macro 1.0000 | WorstLoss 0.0066
[Tracker] Ep  722 | AvgR 0.0003 | Global 0.6672 | Local 0.1192 | F1_macro 1.0000 | WorstLoss 0.0112
[Tracker] Ep  723 | AvgR 0.0003 | Global 0.6669 | Local 0.1192 | F1_macro 1.0000 | WorstLoss 0.0113
[Tracker] Ep  724 | AvgR 0.0003 | Global 0.6732 | Local 0.1192 | F1_macro 1.0000 | WorstLoss 0.0085
[Tracker] Ep  725 | AvgR 0.0003 | Global 0.6825 | Local 0.1192 | F1_macro 1.0000 | WorstLoss 0.0042
[Tracker] Saved snapshot: ep0725_phase1_class1
[Tracker] Ep  726 | AvgR 0.0003 | Global 0.6594 | Local 0.1192 | F1_macro 0.9979 | WorstLoss 0.0147
[Tracker] Ep  727 | AvgR 0.0003 | Global 0.6775 | Local 0.1192 | F1_macro 1.0000 | WorstLoss 0.0065
[Tracker] Ep  728 | AvgR 0.0003 | Global 0.6791 | Local 0.1192 | F1_macro 1.0000 | WorstLoss 0.0058
[Tracker] Ep  729 | AvgR 0.0003 | Global 0.6750 | Local 0.1192 | F1_macro 1.0000 | WorstLoss 0.0076
[Tracker] Ep  730 | AvgR 0.0003 | Global 0.6816 | Local 0.1192 | F1_macro 1.0000 | WorstLoss 0.0046
[Tracker] Saved snapshot: ep0730_phase1_class1
[Tracker] Ep  731 | AvgR 0.0003 | Global 0.6627 | Local 0.1192 | F1_macro 1.0000 | WorstLoss 0.0132
[Tracker] Ep  732 | AvgR 0.0003 | Global 0.6791 | Local 0.1192 | F1_macro 1.0000 | WorstLoss 0.0058
[Tracker] Ep  733 | AvgR 0.0003 | Global 0.6757 | Local 0.1192 | F1_macro 1.0000 | WorstLoss 0.0073
[Tracker] Ep  734 | AvgR 0.0003 | Global 0.6776 | Local 0.1192 | F1_macro 1.0000 | WorstLoss 0.0065
[Tracker] Ep  735 | AvgR 0.0003 | Global 0.6733 | Local 0.1192 | F1_macro 1.0000 | WorstLoss 0.0084
[Tracker] Saved snapshot: ep0735_phase1_class1
[Tracker] Ep  736 | AvgR 0.0003 | Global 0.6791 | Local 0.1192 | F1_macro 1.0000 | WorstLoss 0.0058
[Tracker] Ep  737 | AvgR 0.0003 | Global 0.6667 | Local 0.1192 | F1_macro 1.0000 | WorstLoss 0.0114
[Tracker] Ep  738 | AvgR 0.0003 | Global 0.6750 | Local 0.1192 | F1_macro 1.0000 | WorstLoss 0.0077
[Tracker] Ep  739 | AvgR 0.0003 | Global 0.6765 | Local 0.1192 | F1_macro 1.0000 | WorstLoss 0.0069
[Tracker] Ep  740 | AvgR 0.0003 | Global 0.6363 | Local 0.1192 | F1_macro 0.9979 | WorstLoss 0.0248
[Tracker] Saved snapshot: ep0740_phase1_class1
[Tracker] Ep  741 | AvgR 0.0003 | Global 0.6794 | Local 0.1192 | F1_macro 1.0000 | WorstLoss 0.0057
[Tracker] Ep  742 | AvgR 0.0003 | Global 0.6576 | Local 0.1192 | F1_macro 1.0000 | WorstLoss 0.0155
[Tracker] Ep  743 | AvgR 0.0003 | Global 0.6806 | Local 0.1192 | F1_macro 1.0000 | WorstLoss 0.0051
[Tracker] Ep  744 | AvgR 0.0003 | Global 0.6684 | Local 0.1192 | F1_macro 1.0000 | WorstLoss 0.0107
[Tracker] Ep  745 | AvgR 0.0003 | Global 0.6659 | Local 0.1192 | F1_macro 0.9979 | WorstLoss 0.0118
[Tracker] Saved snapshot: ep0745_phase1_class1
[Tracker] Ep  746 | AvgR 0.0003 | Global 0.6613 | Local 0.1192 | F1_macro 1.0000 | WorstLoss 0.0138
[Tracker] Ep  747 | AvgR 0.0003 | Global 0.6629 | Local 0.1192 | F1_macro 1.0000 | WorstLoss 0.0131
[Tracker] Ep  748 | AvgR 0.0003 | Global 0.6792 | Local 0.1192 | F1_macro 1.0000 | WorstLoss 0.0057
[Tracker] Ep  749 | AvgR 0.0003 | Global 0.6521 | Local 0.1192 | F1_macro 1.0000 | WorstLoss 0.0179
[Tracker] Ep  750 | AvgR 0.0003 | Global 0.6816 | Local 0.1192 | F1_macro 1.0000 | WorstLoss 0.0046
[Tracker] Saved snapshot: ep0750_phase1_class1
[Tracker] Ep  751 | AvgR 0.0003 | Global 0.6589 | Local 0.1192 | F1_macro 1.0000 | WorstLoss 0.0149
[Tracker] Ep  752 | AvgR 0.0003 | Global 0.6765 | Local 0.1192 | F1_macro 1.0000 | WorstLoss 0.0070
[Tracker] Ep  753 | AvgR 0.0003 | Global 0.6759 | Local 0.1192 | F1_macro 1.0000 | WorstLoss 0.0073
[Tracker] Ep  754 | AvgR 0.0003 | Global 0.6678 | Local 0.1192 | F1_macro 1.0000 | WorstLoss 0.0109
[Tracker] Ep  755 | AvgR 0.0003 | Global 0.6627 | Local 0.1192 | F1_macro 1.0000 | WorstLoss 0.0132
[Tracker] Saved snapshot: ep0755_phase1_class1
[Tracker] Ep  756 | AvgR 0.0003 | Global 0.6812 | Local 0.1192 | F1_macro 1.0000 | WorstLoss 0.0048
[Tracker] Ep  757 | AvgR 0.0003 | Global 0.6492 | Local 0.1192 | F1_macro 0.9979 | WorstLoss 0.0192
[Tracker] Ep  758 | AvgR 0.0003 | Global 0.6453 | Local 0.1192 | F1_macro 0.9979 | WorstLoss 0.0209
[Tracker] Ep  759 | AvgR 0.0003 | Global 0.6808 | Local 0.1192 | F1_macro 1.0000 | WorstLoss 0.0050
[Tracker] Ep  760 | AvgR 0.0003 | Global 0.6814 | Local 0.1192 | F1_macro 1.0000 | WorstLoss 0.0047
[Tracker] Saved snapshot: ep0760_phase1_class1
[Tracker] Ep  761 | AvgR 0.0003 | Global 0.6819 | Local 0.1192 | F1_macro 1.0000 | WorstLoss 0.0045
[Tracker] Ep  762 | AvgR 0.0003 | Global 0.6823 | Local 0.1192 | F1_macro 1.0000 | WorstLoss 0.0043
[Tracker] Ep  763 | AvgR 0.0003 | Global 0.6775 | Local 0.1192 | F1_macro 1.0000 | WorstLoss 0.0065
[Tracker] Ep  764 | AvgR 0.0003 | Global 0.6740 | Local 0.1192 | F1_macro 1.0000 | WorstLoss 0.0081
[Tracker] Ep  765 | AvgR 0.0003 | Global 0.6750 | Local 0.1192 | F1_macro 1.0000 | WorstLoss 0.0076
[Tracker] Saved snapshot: ep0765_phase1_class1
[Tracker] Ep  766 | AvgR 0.0003 | Global 0.6700 | Local 0.1192 | F1_macro 1.0000 | WorstLoss 0.0099
[Tracker] Ep  767 | AvgR 0.0003 | Global 0.6723 | Local 0.1192 | F1_macro 1.0000 | WorstLoss 0.0089
[Tracker] Ep  768 | AvgR 0.0003 | Global 0.6740 | Local 0.1192 | F1_macro 1.0000 | WorstLoss 0.0081
[Tracker] Ep  769 | AvgR 0.0003 | Global 0.6753 | Local 0.1192 | F1_macro 1.0000 | WorstLoss 0.0075
[Tracker] Ep  770 | AvgR 0.0003 | Global 0.6832 | Local 0.1192 | F1_macro 1.0000 | WorstLoss 0.0039
[Tracker] Saved snapshot: ep0770_phase1_class1
[Tracker] Ep  771 | AvgR 0.0003 | Global 0.6812 | Local 0.1192 | F1_macro 1.0000 | WorstLoss 0.0048
[Tracker] Ep  772 | AvgR 0.0003 | Global 0.6774 | Local 0.1192 | F1_macro 1.0000 | WorstLoss 0.0066
[Tracker] Ep  773 | AvgR 0.0003 | Global 0.6781 | Local 0.1192 | F1_macro 1.0000 | WorstLoss 0.0062
[Tracker] Ep  774 | AvgR 0.0003 | Global 0.6715 | Local 0.1192 | F1_macro 1.0000 | WorstLoss 0.0092
[Tracker] Ep  775 | AvgR 0.0003 | Global 0.6506 | Local 0.1192 | F1_macro 0.9979 | WorstLoss 0.0186
[Tracker] Saved snapshot: ep0775_phase1_class1
[Tracker] Ep  776 | AvgR 0.0003 | Global 0.6771 | Local 0.1192 | F1_macro 1.0000 | WorstLoss 0.0067
[Tracker] Ep  777 | AvgR 0.0003 | Global 0.6420 | Local 0.1192 | F1_macro 1.0000 | WorstLoss 0.0223
[Tracker] Ep  778 | AvgR 0.0003 | Global 0.6635 | Local 0.1192 | F1_macro 1.0000 | WorstLoss 0.0129
[Tracker] Ep  779 | AvgR 0.0003 | Global 0.6818 | Local 0.1192 | F1_macro 1.0000 | WorstLoss 0.0045
[Tracker] Ep  780 | AvgR 0.0003 | Global 0.6716 | Local 0.1192 | F1_macro 1.0000 | WorstLoss 0.0092
[Tracker] Saved snapshot: ep0780_phase1_class1
[Tracker] Ep  781 | AvgR 0.0003 | Global 0.6753 | Local 0.1192 | F1_macro 1.0000 | WorstLoss 0.0075
[Tracker] Ep  782 | AvgR 0.0003 | Global 0.6695 | Local 0.1192 | F1_macro 1.0000 | WorstLoss 0.0102
[Tracker] Ep  783 | AvgR 0.0003 | Global 0.6778 | Local 0.1192 | F1_macro 1.0000 | WorstLoss 0.0064
[Tracker] Ep  784 | AvgR 0.0003 | Global 0.6840 | Local 0.1192 | F1_macro 1.0000 | WorstLoss 0.0035
[Tracker] Ep  785 | AvgR 0.0003 | Global 0.6352 | Local 0.1192 | F1_macro 1.0000 | WorstLoss 0.0253
[Tracker] Saved snapshot: ep0785_phase1_class1
[Tracker] Ep  786 | AvgR 0.0003 | Global 0.6752 | Local 0.1192 | F1_macro 1.0000 | WorstLoss 0.0076
[Tracker] Ep  787 | AvgR 0.0003 | Global 0.6573 | Local 0.1192 | F1_macro 1.0000 | WorstLoss 0.0156
[Tracker] Ep  788 | AvgR 0.0003 | Global 0.6749 | Local 0.1192 | F1_macro 1.0000 | WorstLoss 0.0077
[Tracker] Ep  789 | AvgR 0.0003 | Global 0.6772 | Local 0.1192 | F1_macro 1.0000 | WorstLoss 0.0066
[Tracker] Ep  790 | AvgR 0.0003 | Global 0.6650 | Local 0.1192 | F1_macro 1.0000 | WorstLoss 0.0122
[Tracker] Saved snapshot: ep0790_phase1_class1
[Tracker] Ep  791 | AvgR 0.0003 | Global 0.6836 | Local 0.1192 | F1_macro 1.0000 | WorstLoss 0.0037
[Tracker] Ep  792 | AvgR 0.0003 | Global 0.6708 | Local 0.1192 | F1_macro 1.0000 | WorstLoss 0.0095
[Tracker] Ep  793 | AvgR 0.0003 | Global 0.6770 | Local 0.1192 | F1_macro 1.0000 | WorstLoss 0.0067
[Tracker] Ep  794 | AvgR 0.0003 | Global 0.6751 | Local 0.1192 | F1_macro 1.0000 | WorstLoss 0.0076
[Tracker] Ep  795 | AvgR 0.0003 | Global 0.6799 | Local 0.1192 | F1_macro 1.0000 | WorstLoss 0.0054
[Tracker] Saved snapshot: ep0795_phase1_class1
[Tracker] Ep  796 | AvgR 0.0003 | Global 0.6720 | Local 0.1192 | F1_macro 1.0000 | WorstLoss 0.0090
[Tracker] Ep  797 | AvgR 0.0003 | Global 0.6675 | Local 0.1192 | F1_macro 1.0000 | WorstLoss 0.0111
[Tracker] Ep  798 | AvgR 0.0003 | Global 0.6799 | Local 0.1192 | F1_macro 1.0000 | WorstLoss 0.0054
[Tracker] Ep  799 | AvgR 0.0003 | Global 0.6599 | Local 0.1192 | F1_macro 1.0000 | WorstLoss 0.0145
[Tracker] Ep  800 | AvgR 0.0003 | Global 0.6752 | Local 0.1192 | F1_macro 1.0000 | WorstLoss 0.0075
[Tracker] Saved snapshot: ep0800_phase1_class1
[Phase] Finished phase1_class1 | best global_obj=0.6857
[TestSuite] Using provided β (no best checkpoint found or factory missing).

[TEST] Alpha -> F1(min)=0.8936 | F1(maj)=0.8199 | F1(weighted)=0.8711 | F1(macro)=0.8567 | Brier=0.1278
[TEST] Beta  -> F1(min)=0.8951 | F1(maj)=0.8219 | F1(weighted)=0.8728 | F1(macro)=0.8585 | Brier=0.1294
[TestSuite] Final test metrics appended to (seed): training_runs/SPECp1_har_nobias_global_5s_EP800_PCA10_REWfairness_minID5_majID24_TRJ2000_GG202603241204_8b91bc47/seed_2/final_test_metrics.csv
[TestSuite] Final test metrics appended to (experiment): training_runs/SPECp1_har_nobias_global_5s_EP800_PCA10_REWfairness_minID5_majID24_TRJ2000_GG202603241204_8b91bc47/final_test_metrics.csv
Total time 2191.37s
[Tracker] Finished. Run folder: training_runs/SPECp1_har_nobias_global_5s_EP800_PCA10_REWfairness_minID5_majID24_TRJ2000_GG202603241204_8b91bc47/seed_2
[main] ---- running seed=3 ----
FFNN Using device: cuda:0
FFNN Using device: cuda:0
[Tracker] Experiment: SPECp1_har_nobias_global_5s_EP800_PCA10_REWfairness_minID5_majID24_TRJ2000_GG202603241204_8b91bc47
[Tracker] Seed folder: training_runs/SPECp1_har_nobias_global_5s_EP800_PCA10_REWfairness_minID5_majID24_TRJ2000_GG202603241204_8b91bc47/seed_3
[Tracker] Run: 2026-03-24_14-33-00_seed3_4119123_abb1dc94
[Tracker] Metrics CSV: training_runs/SPECp1_har_nobias_global_5s_EP800_PCA10_REWfairness_minID5_majID24_TRJ2000_GG202603241204_8b91bc47/seed_3/metrics.csv
[Tracker] Mirroring console to: training_runs/SPECp1_har_nobias_global_5s_EP800_PCA10_REWfairness_minID5_majID24_TRJ2000_GG202603241204_8b91bc47/seed_3/console.log
[TRAIN] size=1686, rope=1174 (69.63%), class0=512, class1=1174
[VAL] size=560, rope=390 (69.64%), class0=170, class1=390
[TEST] size=568, rope=395 (69.54%), class0=173, class1=395
use_pca=True | theta_dim=10 | features_in=14 | classes=[np.int64(0), np.int64(1)]
FFNN Using device: cuda:0
FFNN Using device: cuda:0
Beta will train with: 45.74% real data, 54.26% synthetic data: 
[disadv] group=0 per_g={0: 0.040530942380428314, 1: 0.0047165644355118275} worst_4g=0.0668 soft_eo_alpha=0.0032
Anchors: 110 (disadv=0) sigma_anchor=0.8500
[Tracker] Alpha model state_dict saved to training_runs/SPECp1_har_nobias_global_5s_EP800_PCA10_REWfairness_minID5_majID24_TRJ2000_GG202603241204_8b91bc47/seed_3/alpha_state_dict.pt
[Tracker] Alpha model config saved to training_runs/SPECp1_har_nobias_global_5s_EP800_PCA10_REWfairness_minID5_majID24_TRJ2000_GG202603241204_8b91bc47/seed_3/ffnn_meta.json

============================================================
[Phase] Starting phase1_class1 | target_class=1 | episodes=800
============================================================
[Tracker] CSV header written with 44 columns.
[Tracker] Ep    1 | AvgR 0.0003 | Global 0.5812 | Local 0.1192 | F1_macro 0.9958 | WorstLoss 0.0340
[Tracker] New BEST synthetic [phase1_class1] (by global.global_obj: 0.581198) saved.
[Tracker] BEST β weights [phase1_class1] saved -> training_runs/SPECp1_har_nobias_global_5s_EP800_PCA10_REWfairness_minID5_majID24_TRJ2000_GG202603241204_8b91bc47/seed_3/best_beta_state_dict_phase1_class1.pt
[Tracker] Ep    2 | AvgR 0.0003 | Global 0.5939 | Local 0.1192 | F1_macro 0.9979 | WorstLoss 0.0287
[Tracker] New BEST synthetic [phase1_class1] (by global.global_obj: 0.593929) saved.
[Tracker] BEST β weights [phase1_class1] saved -> training_runs/SPECp1_har_nobias_global_5s_EP800_PCA10_REWfairness_minID5_majID24_TRJ2000_GG202603241204_8b91bc47/seed_3/best_beta_state_dict_phase1_class1.pt
[Tracker] Ep    3 | AvgR 0.0003 | Global 0.6233 | Local 0.1192 | F1_macro 1.0000 | WorstLoss 0.0164
[Tracker] New BEST synthetic [phase1_class1] (by global.global_obj: 0.623262) saved.
[Tracker] BEST β weights [phase1_class1] saved -> training_runs/SPECp1_har_nobias_global_5s_EP800_PCA10_REWfairness_minID5_majID24_TRJ2000_GG202603241204_8b91bc47/seed_3/best_beta_state_dict_phase1_class1.pt
[Tracker] Ep    4 | AvgR 0.0003 | Global 0.6092 | Local 0.1192 | F1_macro 1.0000 | WorstLoss 0.0224
[Tracker] Ep    5 | AvgR 0.0003 | Global 0.5764 | Local 0.1192 | F1_macro 0.9958 | WorstLoss 0.0359
[Tracker] Saved snapshot: ep0005_phase1_class1
[Tracker] Ep    6 | AvgR 0.0003 | Global 0.5588 | Local 0.1192 | F1_macro 0.9958 | WorstLoss 0.0431
[Tracker] Ep    7 | AvgR 0.0003 | Global 0.6057 | Local 0.1192 | F1_macro 1.0000 | WorstLoss 0.0238
[Tracker] Ep    8 | AvgR 0.0003 | Global 0.6042 | Local 0.1192 | F1_macro 1.0000 | WorstLoss 0.0244
[Tracker] Ep    9 | AvgR 0.0003 | Global 0.6062 | Local 0.1192 | F1_macro 1.0000 | WorstLoss 0.0236
[Tracker] Ep   10 | AvgR 0.0003 | Global 0.5986 | Local 0.1192 | F1_macro 1.0000 | WorstLoss 0.0268
[Tracker] Saved snapshot: ep0010_phase1_class1
[Tracker] Ep   11 | AvgR 0.0003 | Global 0.6084 | Local 0.1192 | F1_macro 1.0000 | WorstLoss 0.0227
[Tracker] Ep   12 | AvgR 0.0003 | Global 0.5875 | Local 0.1192 | F1_macro 0.9979 | WorstLoss 0.0314
[Tracker] Ep   13 | AvgR 0.0003 | Global 0.6088 | Local 0.1192 | F1_macro 1.0000 | WorstLoss 0.0225
[Tracker] Ep   14 | AvgR 0.0003 | Global 0.5751 | Local 0.1192 | F1_macro 0.9958 | WorstLoss 0.0365
[Tracker] Ep   15 | AvgR 0.0003 | Global 0.5922 | Local 0.1192 | F1_macro 0.9979 | WorstLoss 0.0295
[Tracker] Saved snapshot: ep0015_phase1_class1
[Tracker] Ep   16 | AvgR 0.0003 | Global 0.5959 | Local 0.1192 | F1_macro 0.9979 | WorstLoss 0.0279
[Tracker] Ep   17 | AvgR 0.0003 | Global 0.5924 | Local 0.1192 | F1_macro 0.9979 | WorstLoss 0.0293
[Tracker] Ep   18 | AvgR 0.0003 | Global 0.6147 | Local 0.1192 | F1_macro 1.0000 | WorstLoss 0.0201
[Tracker] Ep   19 | AvgR 0.0003 | Global 0.6098 | Local 0.1192 | F1_macro 1.0000 | WorstLoss 0.0221
[Tracker] Ep   20 | AvgR 0.0003 | Global 0.5924 | Local 0.1192 | F1_macro 0.9979 | WorstLoss 0.0294
[Tracker] Saved snapshot: ep0020_phase1_class1
[Tracker] Ep   21 | AvgR 0.0003 | Global 0.5780 | Local 0.1192 | F1_macro 0.9958 | WorstLoss 0.0353
[Tracker] Ep   22 | AvgR 0.0003 | Global 0.6039 | Local 0.1192 | F1_macro 1.0000 | WorstLoss 0.0246
[Tracker] Ep   23 | AvgR 0.0003 | Global 0.5932 | Local 0.1192 | F1_macro 0.9979 | WorstLoss 0.0290
[Tracker] Ep   24 | AvgR 0.0003 | Global 0.5904 | Local 0.1192 | F1_macro 0.9979 | WorstLoss 0.0302
[Tracker] Ep   25 | AvgR 0.0003 | Global 0.5920 | Local 0.1192 | F1_macro 0.9979 | WorstLoss 0.0295
[Tracker] Saved snapshot: ep0025_phase1_class1
[Tracker] Ep   26 | AvgR 0.0003 | Global 0.6010 | Local 0.1192 | F1_macro 1.0000 | WorstLoss 0.0258
[Tracker] Ep   27 | AvgR 0.0003 | Global 0.5984 | Local 0.1192 | F1_macro 1.0000 | WorstLoss 0.0269
[Tracker] Ep   28 | AvgR 0.0003 | Global 0.6044 | Local 0.1192 | F1_macro 1.0000 | WorstLoss 0.0244
[Tracker] Ep   29 | AvgR 0.0003 | Global 0.6137 | Local 0.1192 | F1_macro 1.0000 | WorstLoss 0.0205
[Tracker] Ep   30 | AvgR 0.0003 | Global 0.5872 | Local 0.1192 | F1_macro 0.9958 | WorstLoss 0.0315
[Tracker] Saved snapshot: ep0030_phase1_class1
[Tracker] Ep   31 | AvgR 0.0003 | Global 0.6063 | Local 0.1192 | F1_macro 1.0000 | WorstLoss 0.0236
[Tracker] Ep   32 | AvgR 0.0003 | Global 0.5892 | Local 0.1192 | F1_macro 0.9958 | WorstLoss 0.0307
[Tracker] Ep   33 | AvgR 0.0003 | Global 0.6035 | Local 0.1192 | F1_macro 1.0000 | WorstLoss 0.0248
[Tracker] Ep   34 | AvgR 0.0003 | Global 0.5938 | Local 0.1192 | F1_macro 0.9979 | WorstLoss 0.0288
[Tracker] Ep   35 | AvgR 0.0003 | Global 0.5972 | Local 0.1192 | F1_macro 0.9979 | WorstLoss 0.0274
[Tracker] Saved snapshot: ep0035_phase1_class1
[Tracker] Ep   36 | AvgR 0.0003 | Global 0.6082 | Local 0.1192 | F1_macro 1.0000 | WorstLoss 0.0228
[Tracker] Ep   37 | AvgR 0.0003 | Global 0.5643 | Local 0.1192 | F1_macro 0.9958 | WorstLoss 0.0409
[Tracker] Ep   38 | AvgR 0.0003 | Global 0.5841 | Local 0.1192 | F1_macro 0.9979 | WorstLoss 0.0328
[Tracker] Ep   39 | AvgR 0.0003 | Global 0.5790 | Local 0.1192 | F1_macro 0.9958 | WorstLoss 0.0349
[Tracker] Ep   40 | AvgR 0.0003 | Global 0.5869 | Local 0.1192 | F1_macro 0.9958 | WorstLoss 0.0316
[Tracker] Saved snapshot: ep0040_phase1_class1
[Tracker] Ep   41 | AvgR 0.0003 | Global 0.6043 | Local 0.1192 | F1_macro 1.0000 | WorstLoss 0.0244
[Tracker] Ep   42 | AvgR 0.0003 | Global 0.6095 | Local 0.1192 | F1_macro 1.0000 | WorstLoss 0.0222
[Tracker] Ep   43 | AvgR 0.0003 | Global 0.6167 | Local 0.1192 | F1_macro 1.0000 | WorstLoss 0.0192
[Tracker] Ep   44 | AvgR 0.0003 | Global 0.5833 | Local 0.1192 | F1_macro 0.9979 | WorstLoss 0.0331
[Tracker] Ep   45 | AvgR 0.0002 | Global 0.3967 | Local 0.1192 | F1_macro 0.9936 | WorstLoss 0.1087
[Tracker] Saved snapshot: ep0045_phase1_class1
[Tracker] Ep   46 | AvgR 0.0003 | Global 0.6076 | Local 0.1192 | F1_macro 1.0000 | WorstLoss 0.0230
[Tracker] Ep   47 | AvgR 0.0003 | Global 0.5954 | Local 0.1192 | F1_macro 0.9979 | WorstLoss 0.0281
[Tracker] Ep   48 | AvgR 0.0003 | Global 0.6126 | Local 0.1192 | F1_macro 1.0000 | WorstLoss 0.0209
[Tracker] Ep   49 | AvgR 0.0003 | Global 0.6018 | Local 0.1192 | F1_macro 1.0000 | WorstLoss 0.0254
[Tracker] Ep   50 | AvgR 0.0003 | Global 0.6115 | Local 0.1192 | F1_macro 1.0000 | WorstLoss 0.0214
[Tracker] Saved snapshot: ep0050_phase1_class1
[Tracker] Ep   51 | AvgR 0.0003 | Global 0.5988 | Local 0.1192 | F1_macro 1.0000 | WorstLoss 0.0267
[Tracker] Ep   52 | AvgR 0.0003 | Global 0.6070 | Local 0.1192 | F1_macro 1.0000 | WorstLoss 0.0233
[Tracker] Ep   53 | AvgR 0.0003 | Global 0.6204 | Local 0.1192 | F1_macro 1.0000 | WorstLoss 0.0176
[Tracker] Ep   54 | AvgR 0.0003 | Global 0.6137 | Local 0.1192 | F1_macro 1.0000 | WorstLoss 0.0205
[Tracker] Ep   55 | AvgR 0.0003 | Global 0.6041 | Local 0.1192 | F1_macro 1.0000 | WorstLoss 0.0245
[Tracker] Saved snapshot: ep0055_phase1_class1
[Tracker] Ep   56 | AvgR 0.0003 | Global 0.5958 | Local 0.1192 | F1_macro 0.9979 | WorstLoss 0.0279
[Tracker] Ep   57 | AvgR 0.0003 | Global 0.5840 | Local 0.1192 | F1_macro 0.9979 | WorstLoss 0.0328
[Tracker] Ep   58 | AvgR 0.0003 | Global 0.6080 | Local 0.1192 | F1_macro 1.0000 | WorstLoss 0.0228
[Tracker] Ep   59 | AvgR 0.0003 | Global 0.5886 | Local 0.1192 | F1_macro 0.9958 | WorstLoss 0.0309
[Tracker] Ep   60 | AvgR 0.0003 | Global 0.5981 | Local 0.1192 | F1_macro 0.9979 | WorstLoss 0.0270
[Tracker] Saved snapshot: ep0060_phase1_class1
[Tracker] Ep   61 | AvgR 0.0003 | Global 0.6126 | Local 0.1192 | F1_macro 1.0000 | WorstLoss 0.0209
[Tracker] Ep   62 | AvgR 0.0003 | Global 0.6107 | Local 0.1192 | F1_macro 1.0000 | WorstLoss 0.0217
[Tracker] Ep   63 | AvgR 0.0003 | Global 0.6099 | Local 0.1192 | F1_macro 1.0000 | WorstLoss 0.0221
[Tracker] Ep   64 | AvgR 0.0003 | Global 0.5978 | Local 0.1192 | F1_macro 0.9979 | WorstLoss 0.0271
[Tracker] Ep   65 | AvgR 0.0003 | Global 0.6030 | Local 0.1192 | F1_macro 1.0000 | WorstLoss 0.0249
[Tracker] Saved snapshot: ep0065_phase1_class1
[Tracker] Ep   66 | AvgR 0.0003 | Global 0.6192 | Local 0.1192 | F1_macro 1.0000 | WorstLoss 0.0181
[Tracker] Ep   67 | AvgR 0.0003 | Global 0.6028 | Local 0.1192 | F1_macro 1.0000 | WorstLoss 0.0250
[Tracker] Ep   68 | AvgR 0.0003 | Global 0.5901 | Local 0.1192 | F1_macro 0.9979 | WorstLoss 0.0303
[Tracker] Ep   69 | AvgR 0.0003 | Global 0.6148 | Local 0.1192 | F1_macro 1.0000 | WorstLoss 0.0200
[Tracker] Ep   70 | AvgR 0.0003 | Global 0.6207 | Local 0.1192 | F1_macro 1.0000 | WorstLoss 0.0175
[Tracker] Saved snapshot: ep0070_phase1_class1
[Tracker] Ep   71 | AvgR 0.0003 | Global 0.6015 | Local 0.1192 | F1_macro 1.0000 | WorstLoss 0.0256
[Tracker] Ep   72 | AvgR 0.0003 | Global 0.6016 | Local 0.1192 | F1_macro 1.0000 | WorstLoss 0.0256
[Tracker] Ep   73 | AvgR 0.0003 | Global 0.6105 | Local 0.1192 | F1_macro 1.0000 | WorstLoss 0.0218
[Tracker] Ep   74 | AvgR 0.0003 | Global 0.6058 | Local 0.1192 | F1_macro 1.0000 | WorstLoss 0.0238
[Tracker] Ep   75 | AvgR 0.0003 | Global 0.6050 | Local 0.1192 | F1_macro 1.0000 | WorstLoss 0.0241
[Tracker] Saved snapshot: ep0075_phase1_class1
[Tracker] Ep   76 | AvgR 0.0003 | Global 0.6091 | Local 0.1192 | F1_macro 1.0000 | WorstLoss 0.0224
[Tracker] Ep   77 | AvgR 0.0003 | Global 0.6054 | Local 0.1192 | F1_macro 1.0000 | WorstLoss 0.0240
[Tracker] Ep   78 | AvgR 0.0003 | Global 0.6242 | Local 0.1192 | F1_macro 1.0000 | WorstLoss 0.0160
[Tracker] New BEST synthetic [phase1_class1] (by global.global_obj: 0.624190) saved.
[Tracker] BEST β weights [phase1_class1] saved -> training_runs/SPECp1_har_nobias_global_5s_EP800_PCA10_REWfairness_minID5_majID24_TRJ2000_GG202603241204_8b91bc47/seed_3/best_beta_state_dict_phase1_class1.pt
[Tracker] Ep   79 | AvgR 0.0003 | Global 0.6173 | Local 0.1192 | F1_macro 1.0000 | WorstLoss 0.0189
[Tracker] Ep   80 | AvgR 0.0003 | Global 0.5967 | Local 0.1192 | F1_macro 0.9979 | WorstLoss 0.0276
[Tracker] Saved snapshot: ep0080_phase1_class1
[Tracker] Ep   81 | AvgR 0.0003 | Global 0.6032 | Local 0.1192 | F1_macro 1.0000 | WorstLoss 0.0249
[Tracker] Ep   82 | AvgR 0.0003 | Global 0.5727 | Local 0.1192 | F1_macro 0.9979 | WorstLoss 0.0375
[Tracker] Ep   83 | AvgR 0.0003 | Global 0.6080 | Local 0.1192 | F1_macro 1.0000 | WorstLoss 0.0229
[Tracker] Ep   84 | AvgR 0.0003 | Global 0.6020 | Local 0.1192 | F1_macro 1.0000 | WorstLoss 0.0254
[Tracker] Ep   85 | AvgR 0.0003 | Global 0.5908 | Local 0.1192 | F1_macro 0.9958 | WorstLoss 0.0300
[Tracker] Saved snapshot: ep0085_phase1_class1
[Tracker] Ep   86 | AvgR 0.0003 | Global 0.5972 | Local 0.1192 | F1_macro 1.0000 | WorstLoss 0.0274
[Tracker] Ep   87 | AvgR 0.0003 | Global 0.6188 | Local 0.1192 | F1_macro 1.0000 | WorstLoss 0.0183
[Tracker] Ep   88 | AvgR 0.0003 | Global 0.6042 | Local 0.1192 | F1_macro 1.0000 | WorstLoss 0.0244
[Tracker] Ep   89 | AvgR 0.0003 | Global 0.6108 | Local 0.1192 | F1_macro 1.0000 | WorstLoss 0.0217
[Tracker] Ep   90 | AvgR 0.0003 | Global 0.5613 | Local 0.1192 | F1_macro 0.9958 | WorstLoss 0.0421
[Tracker] Saved snapshot: ep0090_phase1_class1
[Tracker] Ep   91 | AvgR 0.0003 | Global 0.6043 | Local 0.1192 | F1_macro 1.0000 | WorstLoss 0.0244
[Tracker] Ep   92 | AvgR 0.0003 | Global 0.5469 | Local 0.1192 | F1_macro 0.9958 | WorstLoss 0.0479
[Tracker] Ep   93 | AvgR 0.0003 | Global 0.6116 | Local 0.1192 | F1_macro 1.0000 | WorstLoss 0.0213
[Tracker] Ep   94 | AvgR 0.0003 | Global 0.5987 | Local 0.1192 | F1_macro 1.0000 | WorstLoss 0.0268
[Tracker] Ep   95 | AvgR 0.0003 | Global 0.6142 | Local 0.1192 | F1_macro 1.0000 | WorstLoss 0.0203
[Tracker] Saved snapshot: ep0095_phase1_class1
[Tracker] Ep   96 | AvgR 0.0003 | Global 0.5657 | Local 0.1192 | F1_macro 0.9958 | WorstLoss 0.0403
[Tracker] Ep   97 | AvgR 0.0003 | Global 0.6131 | Local 0.1192 | F1_macro 1.0000 | WorstLoss 0.0207
[Tracker] Ep   98 | AvgR 0.0003 | Global 0.6008 | Local 0.1192 | F1_macro 1.0000 | WorstLoss 0.0259
[Tracker] Ep   99 | AvgR 0.0003 | Global 0.6027 | Local 0.1192 | F1_macro 0.9979 | WorstLoss 0.0251
[Tracker] Ep  100 | AvgR 0.0003 | Global 0.6032 | Local 0.1192 | F1_macro 1.0000 | WorstLoss 0.0249
[Tracker] Saved snapshot: ep0100_phase1_class1
[Tracker] Ep  101 | AvgR 0.0003 | Global 0.5770 | Local 0.1192 | F1_macro 0.9979 | WorstLoss 0.0357
[Tracker] Ep  102 | AvgR 0.0003 | Global 0.5980 | Local 0.1192 | F1_macro 1.0000 | WorstLoss 0.0270
[Tracker] Ep  103 | AvgR 0.0003 | Global 0.5724 | Local 0.1192 | F1_macro 0.9958 | WorstLoss 0.0376
[Tracker] Ep  104 | AvgR 0.0003 | Global 0.5981 | Local 0.1192 | F1_macro 0.9979 | WorstLoss 0.0270
[Tracker] Ep  105 | AvgR 0.0003 | Global 0.5895 | Local 0.1192 | F1_macro 0.9958 | WorstLoss 0.0306
[Tracker] Saved snapshot: ep0105_phase1_class1
[Tracker] Ep  106 | AvgR 0.0003 | Global 0.5852 | Local 0.1192 | F1_macro 0.9958 | WorstLoss 0.0323
[Tracker] Ep  107 | AvgR 0.0003 | Global 0.5879 | Local 0.1192 | F1_macro 0.9958 | WorstLoss 0.0312
[Tracker] Ep  108 | AvgR 0.0003 | Global 0.6027 | Local 0.1192 | F1_macro 1.0000 | WorstLoss 0.0251
[Tracker] Ep  109 | AvgR 0.0003 | Global 0.5709 | Local 0.1192 | F1_macro 0.9958 | WorstLoss 0.0382
[Tracker] Ep  110 | AvgR 0.0003 | Global 0.5916 | Local 0.1192 | F1_macro 0.9979 | WorstLoss 0.0297
[Tracker] Saved snapshot: ep0110_phase1_class1
[Tracker] Ep  111 | AvgR 0.0003 | Global 0.5794 | Local 0.1192 | F1_macro 0.9958 | WorstLoss 0.0347
[Tracker] Ep  112 | AvgR 0.0003 | Global 0.6169 | Local 0.1192 | F1_macro 1.0000 | WorstLoss 0.0191
[Tracker] Ep  113 | AvgR 0.0003 | Global 0.6013 | Local 0.1192 | F1_macro 1.0000 | WorstLoss 0.0256
[Tracker] Ep  114 | AvgR 0.0003 | Global 0.5890 | Local 0.1192 | F1_macro 0.9979 | WorstLoss 0.0308
[Tracker] Ep  115 | AvgR 0.0003 | Global 0.6128 | Local 0.1192 | F1_macro 1.0000 | WorstLoss 0.0208
[Tracker] Saved snapshot: ep0115_phase1_class1
[Tracker] Ep  116 | AvgR 0.0003 | Global 0.6148 | Local 0.1192 | F1_macro 1.0000 | WorstLoss 0.0200
[Tracker] Ep  117 | AvgR 0.0003 | Global 0.6068 | Local 0.1192 | F1_macro 1.0000 | WorstLoss 0.0234
[Tracker] Ep  118 | AvgR 0.0003 | Global 0.5836 | Local 0.1192 | F1_macro 0.9958 | WorstLoss 0.0330
[Tracker] Ep  119 | AvgR 0.0003 | Global 0.5849 | Local 0.1192 | F1_macro 0.9979 | WorstLoss 0.0324
[Tracker] Ep  120 | AvgR 0.0003 | Global 0.6084 | Local 0.1192 | F1_macro 1.0000 | WorstLoss 0.0227
[Tracker] Saved snapshot: ep0120_phase1_class1
[Tracker] Ep  121 | AvgR 0.0003 | Global 0.5449 | Local 0.1192 | F1_macro 0.9958 | WorstLoss 0.0487
[Tracker] Ep  122 | AvgR 0.0003 | Global 0.6093 | Local 0.1192 | F1_macro 1.0000 | WorstLoss 0.0223
[Tracker] Ep  123 | AvgR 0.0003 | Global 0.6044 | Local 0.1192 | F1_macro 1.0000 | WorstLoss 0.0244
[Tracker] Ep  124 | AvgR 0.0003 | Global 0.6256 | Local 0.1192 | F1_macro 1.0000 | WorstLoss 0.0154
[Tracker] New BEST synthetic [phase1_class1] (by global.global_obj: 0.625634) saved.
[Tracker] BEST β weights [phase1_class1] saved -> training_runs/SPECp1_har_nobias_global_5s_EP800_PCA10_REWfairness_minID5_majID24_TRJ2000_GG202603241204_8b91bc47/seed_3/best_beta_state_dict_phase1_class1.pt
[Tracker] Ep  125 | AvgR 0.0003 | Global 0.6032 | Local 0.1192 | F1_macro 1.0000 | WorstLoss 0.0249
[Tracker] Saved snapshot: ep0125_phase1_class1
[Tracker] Ep  126 | AvgR 0.0003 | Global 0.6119 | Local 0.1192 | F1_macro 1.0000 | WorstLoss 0.0212
[Tracker] Ep  127 | AvgR 0.0003 | Global 0.5962 | Local 0.1192 | F1_macro 0.9979 | WorstLoss 0.0278
[Tracker] Ep  128 | AvgR 0.0003 | Global 0.5834 | Local 0.1192 | F1_macro 0.9979 | WorstLoss 0.0331
[Tracker] Ep  129 | AvgR 0.0003 | Global 0.5884 | Local 0.1192 | F1_macro 0.9979 | WorstLoss 0.0310
[Tracker] Ep  130 | AvgR 0.0003 | Global 0.5990 | Local 0.1192 | F1_macro 0.9979 | WorstLoss 0.0266
[Tracker] Saved snapshot: ep0130_phase1_class1
[Tracker] Ep  131 | AvgR 0.0003 | Global 0.6075 | Local 0.1192 | F1_macro 1.0000 | WorstLoss 0.0231
[Tracker] Ep  132 | AvgR 0.0003 | Global 0.6113 | Local 0.1192 | F1_macro 1.0000 | WorstLoss 0.0215
[Tracker] Ep  133 | AvgR 0.0003 | Global 0.5891 | Local 0.1192 | F1_macro 0.9979 | WorstLoss 0.0307
[Tracker] Ep  134 | AvgR 0.0003 | Global 0.6035 | Local 0.1192 | F1_macro 1.0000 | WorstLoss 0.0247
[Tracker] Ep  135 | AvgR 0.0003 | Global 0.6044 | Local 0.1192 | F1_macro 1.0000 | WorstLoss 0.0244
[Tracker] Saved snapshot: ep0135_phase1_class1
[Tracker] Ep  136 | AvgR 0.0003 | Global 0.5625 | Local 0.1192 | F1_macro 0.9979 | WorstLoss 0.0416
[Tracker] Ep  137 | AvgR 0.0003 | Global 0.5742 | Local 0.1192 | F1_macro 0.9958 | WorstLoss 0.0368
[Tracker] Ep  138 | AvgR 0.0003 | Global 0.5684 | Local 0.1192 | F1_macro 0.9979 | WorstLoss 0.0392
[Tracker] Ep  139 | AvgR 0.0003 | Global 0.5764 | Local 0.1192 | F1_macro 0.9979 | WorstLoss 0.0359
[Tracker] Ep  140 | AvgR 0.0003 | Global 0.6130 | Local 0.1192 | F1_macro 1.0000 | WorstLoss 0.0208
[Tracker] Saved snapshot: ep0140_phase1_class1
[Tracker] Ep  141 | AvgR 0.0003 | Global 0.6121 | Local 0.1192 | F1_macro 1.0000 | WorstLoss 0.0211
[Tracker] Ep  142 | AvgR 0.0003 | Global 0.5567 | Local 0.1192 | F1_macro 0.9936 | WorstLoss 0.0440
[Tracker] Ep  143 | AvgR 0.0003 | Global 0.6052 | Local 0.1192 | F1_macro 1.0000 | WorstLoss 0.0241
[Tracker] Ep  144 | AvgR 0.0003 | Global 0.6046 | Local 0.1192 | F1_macro 1.0000 | WorstLoss 0.0243
[Tracker] Ep  145 | AvgR 0.0003 | Global 0.5976 | Local 0.1192 | F1_macro 0.9979 | WorstLoss 0.0272
[Tracker] Saved snapshot: ep0145_phase1_class1
[Tracker] Ep  146 | AvgR 0.0003 | Global 0.6244 | Local 0.1192 | F1_macro 1.0000 | WorstLoss 0.0159
[Tracker] Ep  147 | AvgR 0.0003 | Global 0.6115 | Local 0.1192 | F1_macro 1.0000 | WorstLoss 0.0214
[Tracker] Ep  148 | AvgR 0.0003 | Global 0.6180 | Local 0.1192 | F1_macro 1.0000 | WorstLoss 0.0186
[Tracker] Ep  149 | AvgR 0.0003 | Global 0.6174 | Local 0.1192 | F1_macro 1.0000 | WorstLoss 0.0189
[Tracker] Ep  150 | AvgR 0.0003 | Global 0.6213 | Local 0.1192 | F1_macro 1.0000 | WorstLoss 0.0173
[Tracker] Saved snapshot: ep0150_phase1_class1
[Tracker] Ep  151 | AvgR 0.0003 | Global 0.5738 | Local 0.1192 | F1_macro 0.9979 | WorstLoss 0.0370
[Tracker] Ep  152 | AvgR 0.0003 | Global 0.5552 | Local 0.1192 | F1_macro 0.9915 | WorstLoss 0.0446
[Tracker] Ep  153 | AvgR 0.0003 | Global 0.6160 | Local 0.1192 | F1_macro 1.0000 | WorstLoss 0.0195
[Tracker] Ep  154 | AvgR 0.0003 | Global 0.6020 | Local 0.1192 | F1_macro 0.9979 | WorstLoss 0.0254
[Tracker] Ep  155 | AvgR 0.0003 | Global 0.6222 | Local 0.1192 | F1_macro 1.0000 | WorstLoss 0.0169
[Tracker] Saved snapshot: ep0155_phase1_class1
[Tracker] Ep  156 | AvgR 0.0003 | Global 0.6112 | Local 0.1192 | F1_macro 1.0000 | WorstLoss 0.0215
[Tracker] Ep  157 | AvgR 0.0003 | Global 0.6138 | Local 0.1192 | F1_macro 1.0000 | WorstLoss 0.0204
[Tracker] Ep  158 | AvgR 0.0003 | Global 0.5771 | Local 0.1192 | F1_macro 0.9958 | WorstLoss 0.0356
[Tracker] Ep  159 | AvgR 0.0003 | Global 0.6000 | Local 0.1192 | F1_macro 0.9979 | WorstLoss 0.0262
[Tracker] Ep  160 | AvgR 0.0003 | Global 0.6070 | Local 0.1192 | F1_macro 1.0000 | WorstLoss 0.0233
[Tracker] Saved snapshot: ep0160_phase1_class1
[Tracker] Ep  161 | AvgR 0.0003 | Global 0.6189 | Local 0.1192 | F1_macro 1.0000 | WorstLoss 0.0182
[Tracker] Ep  162 | AvgR 0.0003 | Global 0.6028 | Local 0.1192 | F1_macro 1.0000 | WorstLoss 0.0250
[Tracker] Ep  163 | AvgR 0.0003 | Global 0.5933 | Local 0.1192 | F1_macro 0.9979 | WorstLoss 0.0290
[Tracker] Ep  164 | AvgR 0.0003 | Global 0.6173 | Local 0.1192 | F1_macro 1.0000 | WorstLoss 0.0190
[Tracker] Ep  165 | AvgR 0.0003 | Global 0.5941 | Local 0.1192 | F1_macro 0.9979 | WorstLoss 0.0286
[Tracker] Saved snapshot: ep0165_phase1_class1
[Tracker] Ep  166 | AvgR 0.0003 | Global 0.6159 | Local 0.1192 | F1_macro 1.0000 | WorstLoss 0.0195
[Tracker] Ep  167 | AvgR 0.0003 | Global 0.6208 | Local 0.1192 | F1_macro 1.0000 | WorstLoss 0.0174
[Tracker] Ep  168 | AvgR 0.0003 | Global 0.6019 | Local 0.1192 | F1_macro 0.9979 | WorstLoss 0.0254
[Tracker] Ep  169 | AvgR 0.0003 | Global 0.6166 | Local 0.1192 | F1_macro 1.0000 | WorstLoss 0.0192
[Tracker] Ep  170 | AvgR 0.0003 | Global 0.6074 | Local 0.1192 | F1_macro 1.0000 | WorstLoss 0.0231
[Tracker] Saved snapshot: ep0170_phase1_class1
[Tracker] Ep  171 | AvgR 0.0003 | Global 0.6198 | Local 0.1192 | F1_macro 1.0000 | WorstLoss 0.0179
[Tracker] Ep  172 | AvgR 0.0003 | Global 0.6096 | Local 0.1192 | F1_macro 1.0000 | WorstLoss 0.0222
[Tracker] Ep  173 | AvgR 0.0003 | Global 0.6194 | Local 0.1192 | F1_macro 1.0000 | WorstLoss 0.0180
[Tracker] Ep  174 | AvgR 0.0003 | Global 0.6081 | Local 0.1192 | F1_macro 1.0000 | WorstLoss 0.0228
[Tracker] Ep  175 | AvgR 0.0003 | Global 0.6179 | Local 0.1192 | F1_macro 1.0000 | WorstLoss 0.0187
[Tracker] Saved snapshot: ep0175_phase1_class1
[Tracker] Ep  176 | AvgR 0.0003 | Global 0.6249 | Local 0.1192 | F1_macro 1.0000 | WorstLoss 0.0157
[Tracker] Ep  177 | AvgR 0.0003 | Global 0.5991 | Local 0.1192 | F1_macro 0.9979 | WorstLoss 0.0266
[Tracker] Ep  178 | AvgR 0.0003 | Global 0.6245 | Local 0.1192 | F1_macro 1.0000 | WorstLoss 0.0159
[Tracker] Ep  179 | AvgR 0.0003 | Global 0.6053 | Local 0.1192 | F1_macro 1.0000 | WorstLoss 0.0240
[Tracker] Ep  180 | AvgR 0.0003 | Global 0.5802 | Local 0.1192 | F1_macro 0.9979 | WorstLoss 0.0344
[Tracker] Saved snapshot: ep0180_phase1_class1
[Tracker] Ep  181 | AvgR 0.0003 | Global 0.6140 | Local 0.1192 | F1_macro 1.0000 | WorstLoss 0.0203
[Tracker] Ep  182 | AvgR 0.0003 | Global 0.6321 | Local 0.1192 | F1_macro 1.0000 | WorstLoss 0.0126
[Tracker] New BEST synthetic [phase1_class1] (by global.global_obj: 0.632133) saved.
[Tracker] BEST β weights [phase1_class1] saved -> training_runs/SPECp1_har_nobias_global_5s_EP800_PCA10_REWfairness_minID5_majID24_TRJ2000_GG202603241204_8b91bc47/seed_3/best_beta_state_dict_phase1_class1.pt
[Tracker] Ep  183 | AvgR 0.0003 | Global 0.6158 | Local 0.1192 | F1_macro 1.0000 | WorstLoss 0.0196
[Tracker] Ep  184 | AvgR 0.0003 | Global 0.6251 | Local 0.1192 | F1_macro 1.0000 | WorstLoss 0.0156
[Tracker] Ep  185 | AvgR 0.0003 | Global 0.6201 | Local 0.1192 | F1_macro 1.0000 | WorstLoss 0.0178
[Tracker] Saved snapshot: ep0185_phase1_class1
[Tracker] Ep  186 | AvgR 0.0003 | Global 0.5955 | Local 0.1192 | F1_macro 0.9979 | WorstLoss 0.0281
[Tracker] Ep  187 | AvgR 0.0003 | Global 0.6162 | Local 0.1192 | F1_macro 1.0000 | WorstLoss 0.0194
[Tracker] Ep  188 | AvgR 0.0003 | Global 0.6037 | Local 0.1192 | F1_macro 0.9979 | WorstLoss 0.0247
[Tracker] Ep  189 | AvgR 0.0003 | Global 0.5787 | Local 0.1192 | F1_macro 0.9979 | WorstLoss 0.0350
[Tracker] Ep  190 | AvgR 0.0003 | Global 0.6139 | Local 0.1192 | F1_macro 1.0000 | WorstLoss 0.0204
[Tracker] Saved snapshot: ep0190_phase1_class1
[Tracker] Ep  191 | AvgR 0.0003 | Global 0.6107 | Local 0.1192 | F1_macro 1.0000 | WorstLoss 0.0217
[Tracker] Ep  192 | AvgR 0.0003 | Global 0.5522 | Local 0.1192 | F1_macro 0.9979 | WorstLoss 0.0458
[Tracker] Ep  193 | AvgR 0.0003 | Global 0.6189 | Local 0.1192 | F1_macro 1.0000 | WorstLoss 0.0183
[Tracker] Ep  194 | AvgR 0.0003 | Global 0.5966 | Local 0.1192 | F1_macro 1.0000 | WorstLoss 0.0276
[Tracker] Ep  195 | AvgR 0.0003 | Global 0.6281 | Local 0.1192 | F1_macro 1.0000 | WorstLoss 0.0143
[Tracker] Saved snapshot: ep0195_phase1_class1
[Tracker] Ep  196 | AvgR 0.0003 | Global 0.6111 | Local 0.1192 | F1_macro 1.0000 | WorstLoss 0.0215
[Tracker] Ep  197 | AvgR 0.0003 | Global 0.6210 | Local 0.1192 | F1_macro 1.0000 | WorstLoss 0.0174
[Tracker] Ep  198 | AvgR 0.0003 | Global 0.6000 | Local 0.1192 | F1_macro 0.9979 | WorstLoss 0.0262
[Tracker] Ep  199 | AvgR 0.0003 | Global 0.5861 | Local 0.1192 | F1_macro 1.0000 | WorstLoss 0.0320
[Tracker] Ep  200 | AvgR 0.0003 | Global 0.5776 | Local 0.1192 | F1_macro 0.9979 | WorstLoss 0.0355
[Tracker] Saved snapshot: ep0200_phase1_class1
[Tracker] Ep  201 | AvgR 0.0003 | Global 0.6312 | Local 0.1192 | F1_macro 1.0000 | WorstLoss 0.0130
[Tracker] Ep  202 | AvgR 0.0003 | Global 0.6262 | Local 0.1192 | F1_macro 1.0000 | WorstLoss 0.0151
[Tracker] Ep  203 | AvgR 0.0003 | Global 0.6205 | Local 0.1192 | F1_macro 1.0000 | WorstLoss 0.0176
[Tracker] Ep  204 | AvgR 0.0003 | Global 0.6301 | Local 0.1192 | F1_macro 1.0000 | WorstLoss 0.0135
[Tracker] Ep  205 | AvgR 0.0003 | Global 0.6179 | Local 0.1192 | F1_macro 1.0000 | WorstLoss 0.0187
[Tracker] Saved snapshot: ep0205_phase1_class1
[Tracker] Ep  206 | AvgR 0.0003 | Global 0.6154 | Local 0.1192 | F1_macro 1.0000 | WorstLoss 0.0197
[Tracker] Ep  207 | AvgR 0.0003 | Global 0.5886 | Local 0.1192 | F1_macro 1.0000 | WorstLoss 0.0309
[Tracker] Ep  208 | AvgR 0.0003 | Global 0.5803 | Local 0.1192 | F1_macro 0.9979 | WorstLoss 0.0343
[Tracker] Ep  209 | AvgR 0.0003 | Global 0.5885 | Local 0.1192 | F1_macro 0.9979 | WorstLoss 0.0310
[Tracker] Ep  210 | AvgR 0.0003 | Global 0.6057 | Local 0.1192 | F1_macro 1.0000 | WorstLoss 0.0238
[Tracker] Saved snapshot: ep0210_phase1_class1
[Tracker] Ep  211 | AvgR 0.0003 | Global 0.6294 | Local 0.1192 | F1_macro 1.0000 | WorstLoss 0.0138
[Tracker] Ep  212 | AvgR 0.0003 | Global 0.6090 | Local 0.1192 | F1_macro 1.0000 | WorstLoss 0.0225
[Tracker] Ep  213 | AvgR 0.0003 | Global 0.6308 | Local 0.1192 | F1_macro 1.0000 | WorstLoss 0.0132
[Tracker] Ep  214 | AvgR 0.0003 | Global 0.6291 | Local 0.1192 | F1_macro 1.0000 | WorstLoss 0.0139
[Tracker] Ep  215 | AvgR 0.0003 | Global 0.6289 | Local 0.1192 | F1_macro 1.0000 | WorstLoss 0.0140
[Tracker] Saved snapshot: ep0215_phase1_class1
[Tracker] Ep  216 | AvgR 0.0003 | Global 0.6195 | Local 0.1192 | F1_macro 1.0000 | WorstLoss 0.0180
[Tracker] Ep  217 | AvgR 0.0003 | Global 0.6424 | Local 0.1192 | F1_macro 1.0000 | WorstLoss 0.0082
[Tracker] New BEST synthetic [phase1_class1] (by global.global_obj: 0.642428) saved.
[Tracker] BEST β weights [phase1_class1] saved -> training_runs/SPECp1_har_nobias_global_5s_EP800_PCA10_REWfairness_minID5_majID24_TRJ2000_GG202603241204_8b91bc47/seed_3/best_beta_state_dict_phase1_class1.pt
[Tracker] Ep  218 | AvgR 0.0003 | Global 0.6206 | Local 0.1192 | F1_macro 1.0000 | WorstLoss 0.0175
[Tracker] Ep  219 | AvgR 0.0003 | Global 0.5604 | Local 0.1192 | F1_macro 0.9958 | WorstLoss 0.0425
[Tracker] Ep  220 | AvgR 0.0003 | Global 0.6055 | Local 0.1192 | F1_macro 0.9979 | WorstLoss 0.0239
[Tracker] Saved snapshot: ep0220_phase1_class1
[Tracker] Ep  221 | AvgR 0.0003 | Global 0.5847 | Local 0.1192 | F1_macro 0.9979 | WorstLoss 0.0325
[Tracker] Ep  222 | AvgR 0.0002 | Global 0.3377 | Local 0.1192 | F1_macro 0.9936 | WorstLoss 0.1341
[Tracker] Ep  223 | AvgR 0.0003 | Global 0.6201 | Local 0.1192 | F1_macro 1.0000 | WorstLoss 0.0177
[Tracker] Ep  224 | AvgR 0.0003 | Global 0.6146 | Local 0.1192 | F1_macro 1.0000 | WorstLoss 0.0201
[Tracker] Ep  225 | AvgR 0.0003 | Global 0.6130 | Local 0.1192 | F1_macro 1.0000 | WorstLoss 0.0208
[Tracker] Saved snapshot: ep0225_phase1_class1
[Tracker] Ep  226 | AvgR 0.0003 | Global 0.5942 | Local 0.1192 | F1_macro 1.0000 | WorstLoss 0.0286
[Tracker] Ep  227 | AvgR 0.0003 | Global 0.6185 | Local 0.1192 | F1_macro 1.0000 | WorstLoss 0.0184
[Tracker] Ep  228 | AvgR 0.0003 | Global 0.5875 | Local 0.1192 | F1_macro 1.0000 | WorstLoss 0.0314
[Tracker] Ep  229 | AvgR 0.0003 | Global 0.6054 | Local 0.1192 | F1_macro 0.9979 | WorstLoss 0.0239
[Tracker] Ep  230 | AvgR 0.0003 | Global 0.5507 | Local 0.1192 | F1_macro 0.9958 | WorstLoss 0.0464
[Tracker] Saved snapshot: ep0230_phase1_class1
[Tracker] Ep  231 | AvgR 0.0003 | Global 0.6083 | Local 0.1192 | F1_macro 1.0000 | WorstLoss 0.0227
[Tracker] Ep  232 | AvgR 0.0003 | Global 0.6169 | Local 0.1192 | F1_macro 0.9979 | WorstLoss 0.0191
[Tracker] Ep  233 | AvgR 0.0003 | Global 0.6259 | Local 0.1192 | F1_macro 1.0000 | WorstLoss 0.0153
[Tracker] Ep  234 | AvgR 0.0003 | Global 0.5955 | Local 0.1192 | F1_macro 1.0000 | WorstLoss 0.0281
[Tracker] Ep  235 | AvgR 0.0003 | Global 0.6013 | Local 0.1192 | F1_macro 1.0000 | WorstLoss 0.0257
[Tracker] Saved snapshot: ep0235_phase1_class1
[Tracker] Ep  236 | AvgR 0.0002 | Global 0.3679 | Local 0.1192 | F1_macro 0.9936 | WorstLoss 0.1209
[Tracker] Ep  237 | AvgR 0.0003 | Global 0.5811 | Local 0.1192 | F1_macro 0.9979 | WorstLoss 0.0340
[Tracker] Ep  238 | AvgR 0.0003 | Global 0.6279 | Local 0.1192 | F1_macro 1.0000 | WorstLoss 0.0144
[Tracker] Ep  239 | AvgR 0.0003 | Global 0.6160 | Local 0.1192 | F1_macro 1.0000 | WorstLoss 0.0195
[Tracker] Ep  240 | AvgR 0.0003 | Global 0.5578 | Local 0.1192 | F1_macro 0.9958 | WorstLoss 0.0435
[Tracker] Saved snapshot: ep0240_phase1_class1
[Tracker] Ep  241 | AvgR 0.0003 | Global 0.6047 | Local 0.1192 | F1_macro 1.0000 | WorstLoss 0.0243
[Tracker] Ep  242 | AvgR 0.0003 | Global 0.5661 | Local 0.1192 | F1_macro 0.9958 | WorstLoss 0.0401
[Tracker] Ep  243 | AvgR 0.0003 | Global 0.6275 | Local 0.1192 | F1_macro 1.0000 | WorstLoss 0.0146
[Tracker] Ep  244 | AvgR 0.0003 | Global 0.6245 | Local 0.1192 | F1_macro 1.0000 | WorstLoss 0.0159
[Tracker] Ep  245 | AvgR 0.0003 | Global 0.6286 | Local 0.1192 | F1_macro 1.0000 | WorstLoss 0.0141
[Tracker] Saved snapshot: ep0245_phase1_class1
[Tracker] Ep  246 | AvgR 0.0003 | Global 0.6178 | Local 0.1192 | F1_macro 1.0000 | WorstLoss 0.0187
[Tracker] Ep  247 | AvgR 0.0003 | Global 0.6235 | Local 0.1192 | F1_macro 1.0000 | WorstLoss 0.0163
[Tracker] Ep  248 | AvgR 0.0003 | Global 0.6169 | Local 0.1192 | F1_macro 1.0000 | WorstLoss 0.0191
[Tracker] Ep  249 | AvgR 0.0003 | Global 0.6178 | Local 0.1192 | F1_macro 1.0000 | WorstLoss 0.0187
[Tracker] Ep  250 | AvgR 0.0003 | Global 0.5475 | Local 0.1192 | F1_macro 0.9958 | WorstLoss 0.0477
[Tracker] Saved snapshot: ep0250_phase1_class1
[Tracker] Ep  251 | AvgR 0.0003 | Global 0.5942 | Local 0.1192 | F1_macro 1.0000 | WorstLoss 0.0286
[Tracker] Ep  252 | AvgR 0.0003 | Global 0.5837 | Local 0.1192 | F1_macro 0.9979 | WorstLoss 0.0329
[Tracker] Ep  253 | AvgR 0.0003 | Global 0.6185 | Local 0.1192 | F1_macro 1.0000 | WorstLoss 0.0185
[Tracker] Ep  254 | AvgR 0.0003 | Global 0.5136 | Local 0.1192 | F1_macro 0.9958 | WorstLoss 0.0613
[Tracker] Ep  255 | AvgR 0.0003 | Global 0.5868 | Local 0.1192 | F1_macro 0.9979 | WorstLoss 0.0317
[Tracker] Saved snapshot: ep0255_phase1_class1
[Tracker] Ep  256 | AvgR 0.0002 | Global 0.4028 | Local 0.1192 | F1_macro 0.9936 | WorstLoss 0.1061
[Tracker] Ep  257 | AvgR 0.0003 | Global 0.6022 | Local 0.1192 | F1_macro 1.0000 | WorstLoss 0.0253
[Tracker] Ep  258 | AvgR 0.0003 | Global 0.5456 | Local 0.1192 | F1_macro 0.9979 | WorstLoss 0.0485
[Tracker] Ep  259 | AvgR 0.0003 | Global 0.5685 | Local 0.1192 | F1_macro 0.9979 | WorstLoss 0.0392
[Tracker] Ep  260 | AvgR 0.0002 | Global 0.4564 | Local 0.1192 | F1_macro 0.9936 | WorstLoss 0.0842
[Tracker] Saved snapshot: ep0260_phase1_class1
[Tracker] Ep  261 | AvgR 0.0003 | Global 0.6236 | Local 0.1192 | F1_macro 1.0000 | WorstLoss 0.0163
[Tracker] Ep  262 | AvgR 0.0003 | Global 0.6022 | Local 0.1192 | F1_macro 1.0000 | WorstLoss 0.0253
[Tracker] Ep  263 | AvgR 0.0003 | Global 0.6012 | Local 0.1192 | F1_macro 1.0000 | WorstLoss 0.0257
[Tracker] Ep  264 | AvgR 0.0003 | Global 0.6280 | Local 0.1192 | F1_macro 1.0000 | WorstLoss 0.0144
[Tracker] Ep  265 | AvgR 0.0003 | Global 0.6042 | Local 0.1192 | F1_macro 1.0000 | WorstLoss 0.0244
[Tracker] Saved snapshot: ep0265_phase1_class1
[Tracker] Ep  266 | AvgR 0.0003 | Global 0.5505 | Local 0.1192 | F1_macro 0.9958 | WorstLoss 0.0465
[Tracker] Ep  267 | AvgR 0.0003 | Global 0.6051 | Local 0.1192 | F1_macro 0.9979 | WorstLoss 0.0241
[Tracker] Ep  268 | AvgR 0.0003 | Global 0.6077 | Local 0.1192 | F1_macro 1.0000 | WorstLoss 0.0230
[Tracker] Ep  269 | AvgR 0.0003 | Global 0.5220 | Local 0.1192 | F1_macro 0.9936 | WorstLoss 0.0580
[Tracker] Ep  270 | AvgR 0.0003 | Global 0.5803 | Local 0.1192 | F1_macro 0.9979 | WorstLoss 0.0344
[Tracker] Saved snapshot: ep0270_phase1_class1
[Tracker] Ep  271 | AvgR 0.0003 | Global 0.5259 | Local 0.1192 | F1_macro 0.9958 | WorstLoss 0.0564
[Tracker] Ep  272 | AvgR 0.0003 | Global 0.6421 | Local 0.1192 | F1_macro 1.0000 | WorstLoss 0.0083
[Tracker] Ep  273 | AvgR 0.0003 | Global 0.5441 | Local 0.1192 | F1_macro 0.9958 | WorstLoss 0.0491
[Tracker] Ep  274 | AvgR 0.0003 | Global 0.6130 | Local 0.1192 | F1_macro 1.0000 | WorstLoss 0.0208
[Tracker] Ep  275 | AvgR 0.0002 | Global 0.3351 | Local 0.1192 | F1_macro 0.9936 | WorstLoss 0.1353
[Tracker] Saved snapshot: ep0275_phase1_class1
[Tracker] Ep  276 | AvgR 0.0003 | Global 0.5739 | Local 0.1192 | F1_macro 0.9979 | WorstLoss 0.0370
[Tracker] Ep  277 | AvgR 0.0002 | Global 0.3908 | Local 0.1192 | F1_macro 0.9936 | WorstLoss 0.1111
[Tracker] Ep  278 | AvgR 0.0003 | Global 0.5113 | Local 0.1192 | F1_macro 0.9936 | WorstLoss 0.0622
[Tracker] Ep  279 | AvgR 0.0002 | Global 0.4533 | Local 0.1192 | F1_macro 0.9936 | WorstLoss 0.0855
[Tracker] Ep  280 | AvgR 0.0000 | Global 0.0761 | Local 0.1192 | F1_macro 0.9872 | WorstLoss 0.3164
[Tracker] Saved snapshot: ep0280_phase1_class1
[Tracker] Ep  281 | AvgR 0.0003 | Global 0.5718 | Local 0.1192 | F1_macro 0.9979 | WorstLoss 0.0378
[Tracker] Ep  282 | AvgR 0.0003 | Global 0.6387 | Local 0.1192 | F1_macro 1.0000 | WorstLoss 0.0098
[Tracker] Ep  283 | AvgR 0.0003 | Global 0.5838 | Local 0.1192 | F1_macro 0.9979 | WorstLoss 0.0329
[Tracker] Ep  284 | AvgR 0.0003 | Global 0.5165 | Local 0.1192 | F1_macro 0.9936 | WorstLoss 0.0602
[Tracker] Ep  285 | AvgR 0.0000 | Global 0.0936 | Local 0.1192 | F1_macro 0.9915 | WorstLoss 0.2938
[Tracker] Saved snapshot: ep0285_phase1_class1
[Tracker] Ep  286 | AvgR 0.0003 | Global 0.5834 | Local 0.1192 | F1_macro 0.9958 | WorstLoss 0.0331
[Tracker] Ep  287 | AvgR 0.0002 | Global 0.4905 | Local 0.1192 | F1_macro 0.9958 | WorstLoss 0.0706
[Tracker] Ep  288 | AvgR 0.0002 | Global 0.3813 | Local 0.1192 | F1_macro 0.9936 | WorstLoss 0.1152
[Tracker] Ep  289 | AvgR 0.0002 | Global 0.4968 | Local 0.1192 | F1_macro 0.9958 | WorstLoss 0.0680
[Tracker] Ep  290 | AvgR 0.0001 | Global 0.1239 | Local 0.1192 | F1_macro 0.9894 | WorstLoss 0.2622
[Tracker] Saved snapshot: ep0290_phase1_class1
[Tracker] Ep  291 | AvgR 0.0003 | Global 0.5913 | Local 0.1192 | F1_macro 1.0000 | WorstLoss 0.0298
[Tracker] Ep  292 | AvgR 0.0002 | Global 0.4295 | Local 0.1192 | F1_macro 0.9936 | WorstLoss 0.0951
[Tracker] Ep  293 | AvgR 0.0002 | Global 0.3548 | Local 0.1192 | F1_macro 0.9936 | WorstLoss 0.1266
[Tracker] Ep  294 | AvgR 0.0002 | Global 0.4302 | Local 0.1192 | F1_macro 0.9936 | WorstLoss 0.0949
[Tracker] Ep  295 | AvgR 0.0003 | Global 0.5955 | Local 0.1192 | F1_macro 0.9979 | WorstLoss 0.0281
[Tracker] Saved snapshot: ep0295_phase1_class1
[Tracker] Ep  296 | AvgR 0.0003 | Global 0.5513 | Local 0.1192 | F1_macro 0.9979 | WorstLoss 0.0461
[Tracker] Ep  297 | AvgR 0.0000 | Global 0.0563 | Local 0.1192 | F1_macro 0.9915 | WorstLoss 0.3486
[Tracker] Ep  298 | AvgR 0.0002 | Global 0.4182 | Local 0.1192 | F1_macro 0.9936 | WorstLoss 0.0998
[Tracker] Ep  299 | AvgR 0.0001 | Global 0.2024 | Local 0.1192 | F1_macro 0.9915 | WorstLoss 0.2039
[Tracker] Ep  300 | AvgR 0.0001 | Global 0.1432 | Local 0.1192 | F1_macro 0.9915 | WorstLoss 0.2456
[Tracker] Saved snapshot: ep0300_phase1_class1
[Tracker] Ep  301 | AvgR 0.0003 | Global 0.5129 | Local 0.1192 | F1_macro 0.9936 | WorstLoss 0.0616
[Tracker] Ep  302 | AvgR 0.0002 | Global 0.4692 | Local 0.1192 | F1_macro 0.9936 | WorstLoss 0.0791
[Tracker] Ep  303 | AvgR 0.0002 | Global 0.4594 | Local 0.1192 | F1_macro 0.9936 | WorstLoss 0.0830
[Tracker] Ep  304 | AvgR 0.0003 | Global 0.5889 | Local 0.1192 | F1_macro 0.9958 | WorstLoss 0.0308
[Tracker] Ep  305 | AvgR 0.0003 | Global 0.5898 | Local 0.1192 | F1_macro 1.0000 | WorstLoss 0.0305
[Tracker] Saved snapshot: ep0305_phase1_class1
[Tracker] Ep  306 | AvgR 0.0003 | Global 0.5133 | Local 0.1192 | F1_macro 0.9936 | WorstLoss 0.0614
[Tracker] Ep  307 | AvgR 0.0002 | Global 0.4039 | Local 0.1192 | F1_macro 0.9936 | WorstLoss 0.1057
[Tracker] Ep  308 | AvgR 0.0002 | Global 0.4833 | Local 0.1192 | F1_macro 0.9936 | WorstLoss 0.0734
[Tracker] Ep  309 | AvgR 0.0003 | Global 0.5270 | Local 0.1192 | F1_macro 0.9958 | WorstLoss 0.0560
[Tracker] Ep  310 | AvgR 0.0003 | Global 0.5887 | Local 0.1192 | F1_macro 0.9979 | WorstLoss 0.0309
[Tracker] Saved snapshot: ep0310_phase1_class1
[Tracker] Ep  311 | AvgR 0.0002 | Global 0.4845 | Local 0.1192 | F1_macro 0.9936 | WorstLoss 0.0729
[Tracker] Ep  312 | AvgR 0.0002 | Global 0.4747 | Local 0.1192 | F1_macro 0.9936 | WorstLoss 0.0769
[Tracker] Ep  313 | AvgR 0.0003 | Global 0.5858 | Local 0.1192 | F1_macro 0.9979 | WorstLoss 0.0321
[Tracker] Ep  314 | AvgR 0.0003 | Global 0.5505 | Local 0.1192 | F1_macro 0.9958 | WorstLoss 0.0465
[Tracker] Ep  315 | AvgR 0.0003 | Global 0.5914 | Local 0.1192 | F1_macro 0.9979 | WorstLoss 0.0298
[Tracker] Saved snapshot: ep0315_phase1_class1
[Tracker] Ep  316 | AvgR 0.0003 | Global 0.6277 | Local 0.1192 | F1_macro 1.0000 | WorstLoss 0.0145
[Tracker] Ep  317 | AvgR 0.0003 | Global 0.5770 | Local 0.1192 | F1_macro 0.9979 | WorstLoss 0.0357
[Tracker] Ep  318 | AvgR 0.0002 | Global 0.3750 | Local 0.1192 | F1_macro 0.9936 | WorstLoss 0.1178
[Tracker] Ep  319 | AvgR 0.0003 | Global 0.5450 | Local 0.1192 | F1_macro 0.9936 | WorstLoss 0.0487
[Tracker] Ep  320 | AvgR 0.0002 | Global 0.4337 | Local 0.1192 | F1_macro 0.9936 | WorstLoss 0.0934
[Tracker] Saved snapshot: ep0320_phase1_class1
[Tracker] Ep  321 | AvgR 0.0003 | Global 0.5950 | Local 0.1192 | F1_macro 1.0000 | WorstLoss 0.0283
[Tracker] Ep  322 | AvgR 0.0001 | Global 0.2545 | Local 0.1192 | F1_macro 0.9936 | WorstLoss 0.1742
[Tracker] Ep  323 | AvgR 0.0002 | Global 0.4665 | Local 0.1192 | F1_macro 0.9936 | WorstLoss 0.0802
[Tracker] Ep  324 | AvgR 0.0002 | Global 0.4231 | Local 0.1192 | F1_macro 0.9936 | WorstLoss 0.0977
[Tracker] Ep  325 | AvgR 0.0002 | Global 0.4727 | Local 0.1192 | F1_macro 0.9936 | WorstLoss 0.0777
[Tracker] Saved snapshot: ep0325_phase1_class1
[Tracker] Ep  326 | AvgR 0.0003 | Global 0.5611 | Local 0.1192 | F1_macro 0.9958 | WorstLoss 0.0422
[Tracker] Ep  327 | AvgR 0.0002 | Global 0.4708 | Local 0.1192 | F1_macro 0.9936 | WorstLoss 0.0784
[Tracker] Ep  328 | AvgR 0.0002 | Global 0.3371 | Local 0.1192 | F1_macro 0.9936 | WorstLoss 0.1344
[Tracker] Ep  329 | AvgR 0.0003 | Global 0.5410 | Local 0.1192 | F1_macro 0.9958 | WorstLoss 0.0503
[Tracker] Ep  330 | AvgR 0.0003 | Global 0.5034 | Local 0.1192 | F1_macro 0.9936 | WorstLoss 0.0654
[Tracker] Saved snapshot: ep0330_phase1_class1
[Tracker] Ep  331 | AvgR 0.0003 | Global 0.5671 | Local 0.1192 | F1_macro 0.9958 | WorstLoss 0.0397
[Tracker] Ep  332 | AvgR 0.0001 | Global 0.1123 | Local 0.1192 | F1_macro 0.9915 | WorstLoss 0.2735
[Tracker] Ep  333 | AvgR 0.0001 | Global 0.1792 | Local 0.1192 | F1_macro 0.9936 | WorstLoss 0.2189
[Tracker] Ep  334 | AvgR 0.0003 | Global 0.5702 | Local 0.1192 | F1_macro 0.9958 | WorstLoss 0.0385
[Tracker] Ep  335 | AvgR 0.0003 | Global 0.6157 | Local 0.1192 | F1_macro 1.0000 | WorstLoss 0.0196
[Tracker] Saved snapshot: ep0335_phase1_class1
[Tracker] Ep  336 | AvgR 0.0003 | Global 0.5205 | Local 0.1192 | F1_macro 0.9936 | WorstLoss 0.0585
[Tracker] Ep  337 | AvgR 0.0002 | Global 0.3879 | Local 0.1192 | F1_macro 0.9936 | WorstLoss 0.1123
[Tracker] Ep  338 | AvgR 0.0003 | Global 0.6186 | Local 0.1192 | F1_macro 1.0000 | WorstLoss 0.0184
[Tracker] Ep  339 | AvgR 0.0002 | Global 0.4402 | Local 0.1192 | F1_macro 0.9936 | WorstLoss 0.0908
[Tracker] Ep  340 | AvgR 0.0003 | Global 0.5898 | Local 0.1192 | F1_macro 1.0000 | WorstLoss 0.0304
[Tracker] Saved snapshot: ep0340_phase1_class1
[Tracker] Ep  341 | AvgR 0.0003 | Global 0.5346 | Local 0.1192 | F1_macro 0.9936 | WorstLoss 0.0529
[Tracker] Ep  342 | AvgR 0.0002 | Global 0.3121 | Local 0.1192 | F1_macro 0.9936 | WorstLoss 0.1458
[Tracker] Ep  343 | AvgR 0.0002 | Global 0.4700 | Local 0.1192 | F1_macro 0.9936 | WorstLoss 0.0788
[Tracker] Ep  344 | AvgR 0.0002 | Global 0.3614 | Local 0.1192 | F1_macro 0.9936 | WorstLoss 0.1237
[Tracker] Ep  345 | AvgR 0.0003 | Global 0.5121 | Local 0.1192 | F1_macro 0.9936 | WorstLoss 0.0619
[Tracker] Saved snapshot: ep0345_phase1_class1
[Tracker] Ep  346 | AvgR 0.0002 | Global 0.4487 | Local 0.1192 | F1_macro 0.9936 | WorstLoss 0.0873
[Tracker] Ep  347 | AvgR 0.0002 | Global 0.4154 | Local 0.1192 | F1_macro 0.9936 | WorstLoss 0.1009
[Tracker] Ep  348 | AvgR 0.0003 | Global 0.6360 | Local 0.1192 | F1_macro 1.0000 | WorstLoss 0.0110
[Tracker] Ep  349 | AvgR 0.0003 | Global 0.5097 | Local 0.1192 | F1_macro 0.9936 | WorstLoss 0.0629
[Tracker] Ep  350 | AvgR 0.0003 | Global 0.5553 | Local 0.1192 | F1_macro 0.9958 | WorstLoss 0.0445
[Tracker] Saved snapshot: ep0350_phase1_class1
[Tracker] Ep  351 | AvgR 0.0003 | Global 0.5449 | Local 0.1192 | F1_macro 0.9958 | WorstLoss 0.0487
[Tracker] Ep  352 | AvgR 0.0003 | Global 0.6054 | Local 0.1192 | F1_macro 1.0000 | WorstLoss 0.0240
[Tracker] Ep  353 | AvgR 0.0002 | Global 0.4459 | Local 0.1192 | F1_macro 0.9936 | WorstLoss 0.0885
[Tracker] Ep  354 | AvgR 0.0003 | Global 0.5862 | Local 0.1192 | F1_macro 0.9979 | WorstLoss 0.0319
[Tracker] Ep  355 | AvgR 0.0002 | Global 0.4537 | Local 0.1192 | F1_macro 0.9936 | WorstLoss 0.0853
[Tracker] Saved snapshot: ep0355_phase1_class1
[Tracker] Ep  356 | AvgR 0.0002 | Global 0.4957 | Local 0.1192 | F1_macro 0.9936 | WorstLoss 0.0685
[Tracker] Ep  357 | AvgR 0.0003 | Global 0.5594 | Local 0.1192 | F1_macro 0.9936 | WorstLoss 0.0429
[Tracker] Ep  358 | AvgR 0.0003 | Global 0.5157 | Local 0.1192 | F1_macro 0.9936 | WorstLoss 0.0605
[Tracker] Ep  359 | AvgR 0.0003 | Global 0.5761 | Local 0.1192 | F1_macro 0.9958 | WorstLoss 0.0361
[Tracker] Ep  360 | AvgR 0.0003 | Global 0.5231 | Local 0.1192 | F1_macro 0.9936 | WorstLoss 0.0575
[Tracker] Saved snapshot: ep0360_phase1_class1
[Tracker] Ep  361 | AvgR 0.0002 | Global 0.4983 | Local 0.1192 | F1_macro 0.9936 | WorstLoss 0.0674
[Tracker] Ep  362 | AvgR 0.0002 | Global 0.4356 | Local 0.1192 | F1_macro 0.9936 | WorstLoss 0.0927
[Tracker] Ep  363 | AvgR 0.0003 | Global 0.6330 | Local 0.1192 | F1_macro 1.0000 | WorstLoss 0.0123
[Tracker] Ep  364 | AvgR 0.0003 | Global 0.5578 | Local 0.1192 | F1_macro 0.9958 | WorstLoss 0.0435
[Tracker] Ep  365 | AvgR 0.0003 | Global 0.5790 | Local 0.1192 | F1_macro 1.0000 | WorstLoss 0.0349
[Tracker] Saved snapshot: ep0365_phase1_class1
[Tracker] Ep  366 | AvgR 0.0003 | Global 0.5010 | Local 0.1192 | F1_macro 0.9936 | WorstLoss 0.0664
[Tracker] Ep  367 | AvgR 0.0002 | Global 0.4229 | Local 0.1192 | F1_macro 0.9936 | WorstLoss 0.0978
[Tracker] Ep  368 | AvgR 0.0002 | Global 0.4893 | Local 0.1192 | F1_macro 0.9936 | WorstLoss 0.0710
[Tracker] Ep  369 | AvgR 0.0002 | Global 0.3178 | Local 0.1192 | F1_macro 0.9936 | WorstLoss 0.1432
[Tracker] Ep  370 | AvgR 0.0003 | Global 0.5663 | Local 0.1192 | F1_macro 0.9958 | WorstLoss 0.0401
[Tracker] Saved snapshot: ep0370_phase1_class1
[Tracker] Ep  371 | AvgR 0.0003 | Global 0.5791 | Local 0.1192 | F1_macro 0.9979 | WorstLoss 0.0349
[Tracker] Ep  372 | AvgR 0.0003 | Global 0.5691 | Local 0.1192 | F1_macro 0.9958 | WorstLoss 0.0389
[Tracker] Ep  373 | AvgR 0.0002 | Global 0.3052 | Local 0.1192 | F1_macro 0.9936 | WorstLoss 0.1490
[Tracker] Ep  374 | AvgR 0.0003 | Global 0.6028 | Local 0.1192 | F1_macro 1.0000 | WorstLoss 0.0250
[Tracker] Ep  375 | AvgR 0.0003 | Global 0.6201 | Local 0.1192 | F1_macro 1.0000 | WorstLoss 0.0177
[Tracker] Saved snapshot: ep0375_phase1_class1
[Tracker] Ep  376 | AvgR 0.0002 | Global 0.3830 | Local 0.1192 | F1_macro 0.9936 | WorstLoss 0.1144
[Tracker] Ep  377 | AvgR 0.0002 | Global 0.4746 | Local 0.1192 | F1_macro 0.9936 | WorstLoss 0.0769
[Tracker] Ep  378 | AvgR 0.0001 | Global 0.2059 | Local 0.1192 | F1_macro 0.9936 | WorstLoss 0.2017
[Tracker] Ep  379 | AvgR 0.0003 | Global 0.5529 | Local 0.1192 | F1_macro 0.9958 | WorstLoss 0.0455
[Tracker] Ep  380 | AvgR 0.0003 | Global 0.6013 | Local 0.1192 | F1_macro 0.9979 | WorstLoss 0.0257
[Tracker] Saved snapshot: ep0380_phase1_class1
[Tracker] Ep  381 | AvgR 0.0003 | Global 0.5719 | Local 0.1192 | F1_macro 0.9979 | WorstLoss 0.0378
[Tracker] Ep  382 | AvgR 0.0003 | Global 0.5988 | Local 0.1192 | F1_macro 0.9979 | WorstLoss 0.0267
[Tracker] Ep  383 | AvgR 0.0002 | Global 0.3323 | Local 0.1192 | F1_macro 0.9936 | WorstLoss 0.1365
[Tracker] Ep  384 | AvgR 0.0003 | Global 0.5505 | Local 0.1192 | F1_macro 0.9958 | WorstLoss 0.0465
[Tracker] Ep  385 | AvgR 0.0003 | Global 0.6093 | Local 0.1192 | F1_macro 0.9979 | WorstLoss 0.0223
[Tracker] Saved snapshot: ep0385_phase1_class1
[Tracker] Ep  386 | AvgR 0.0003 | Global 0.5707 | Local 0.1192 | F1_macro 0.9958 | WorstLoss 0.0383
[Tracker] Ep  387 | AvgR 0.0001 | Global 0.1600 | Local 0.1192 | F1_macro 0.9915 | WorstLoss 0.2325
[Tracker] Ep  388 | AvgR 0.0003 | Global 0.5806 | Local 0.1192 | F1_macro 1.0000 | WorstLoss 0.0342
[Tracker] Ep  389 | AvgR 0.0003 | Global 0.5696 | Local 0.1192 | F1_macro 0.9979 | WorstLoss 0.0387
[Tracker] Ep  390 | AvgR 0.0003 | Global 0.5929 | Local 0.1192 | F1_macro 0.9979 | WorstLoss 0.0292
[Tracker] Saved snapshot: ep0390_phase1_class1
[Tracker] Ep  391 | AvgR 0.0003 | Global 0.5548 | Local 0.1192 | F1_macro 0.9958 | WorstLoss 0.0447
[Tracker] Ep  392 | AvgR 0.0002 | Global 0.4509 | Local 0.1192 | F1_macro 0.9936 | WorstLoss 0.0865
[Tracker] Ep  393 | AvgR 0.0003 | Global 0.5860 | Local 0.1192 | F1_macro 0.9979 | WorstLoss 0.0320
[Tracker] Ep  394 | AvgR 0.0003 | Global 0.6123 | Local 0.1192 | F1_macro 1.0000 | WorstLoss 0.0211
[Tracker] Ep  395 | AvgR 0.0003 | Global 0.6121 | Local 0.1192 | F1_macro 1.0000 | WorstLoss 0.0212
[Tracker] Saved snapshot: ep0395_phase1_class1
[Tracker] Ep  396 | AvgR 0.0003 | Global 0.5413 | Local 0.1192 | F1_macro 0.9958 | WorstLoss 0.0502
[Tracker] Ep  397 | AvgR 0.0003 | Global 0.6300 | Local 0.1192 | F1_macro 1.0000 | WorstLoss 0.0135
[Tracker] Ep  398 | AvgR 0.0001 | Global 0.1573 | Local 0.1192 | F1_macro 0.9915 | WorstLoss 0.2346
[Tracker] Ep  399 | AvgR 0.0002 | Global 0.4872 | Local 0.1192 | F1_macro 0.9936 | WorstLoss 0.0719
[Tracker] Ep  400 | AvgR 0.0003 | Global 0.6080 | Local 0.1192 | F1_macro 1.0000 | WorstLoss 0.0229
[Tracker] Saved snapshot: ep0400_phase1_class1
[Tracker] Ep  401 | AvgR 0.0000 | Global 0.0749 | Local 0.1192 | F1_macro 0.9894 | WorstLoss 0.3181
[Tracker] Ep  402 | AvgR 0.0001 | Global 0.2714 | Local 0.1192 | F1_macro 0.9936 | WorstLoss 0.1655
[Tracker] Ep  403 | AvgR 0.0003 | Global 0.6132 | Local 0.1192 | F1_macro 0.9979 | WorstLoss 0.0207
[Tracker] Ep  404 | AvgR 0.0003 | Global 0.5963 | Local 0.1192 | F1_macro 0.9979 | WorstLoss 0.0277
[Tracker] Ep  405 | AvgR 0.0003 | Global 0.6099 | Local 0.1192 | F1_macro 1.0000 | WorstLoss 0.0221
[Tracker] Saved snapshot: ep0405_phase1_class1
[Tracker] Ep  406 | AvgR 0.0002 | Global 0.4919 | Local 0.1192 | F1_macro 0.9936 | WorstLoss 0.0700
[Tracker] Ep  407 | AvgR 0.0003 | Global 0.5342 | Local 0.1192 | F1_macro 0.9936 | WorstLoss 0.0531
[Tracker] Ep  408 | AvgR 0.0003 | Global 0.6234 | Local 0.1192 | F1_macro 1.0000 | WorstLoss 0.0164
[Tracker] Ep  409 | AvgR 0.0001 | Global 0.1458 | Local 0.1192 | F1_macro 0.9872 | WorstLoss 0.2436
[Tracker] Ep  410 | AvgR 0.0003 | Global 0.5233 | Local 0.1192 | F1_macro 0.9958 | WorstLoss 0.0574
[Tracker] Saved snapshot: ep0410_phase1_class1
[Tracker] Ep  411 | AvgR 0.0003 | Global 0.5942 | Local 0.1192 | F1_macro 1.0000 | WorstLoss 0.0286
[Tracker] Ep  412 | AvgR 0.0003 | Global 0.6216 | Local 0.1192 | F1_macro 1.0000 | WorstLoss 0.0171
[Tracker] Ep  413 | AvgR 0.0003 | Global 0.5700 | Local 0.1192 | F1_macro 0.9979 | WorstLoss 0.0386
[Tracker] Ep  414 | AvgR 0.0003 | Global 0.6114 | Local 0.1192 | F1_macro 0.9979 | WorstLoss 0.0214
[Tracker] Ep  415 | AvgR 0.0003 | Global 0.5824 | Local 0.1192 | F1_macro 0.9979 | WorstLoss 0.0335
[Tracker] Saved snapshot: ep0415_phase1_class1
[Tracker] Ep  416 | AvgR 0.0003 | Global 0.5965 | Local 0.1192 | F1_macro 1.0000 | WorstLoss 0.0277
[Tracker] Ep  417 | AvgR 0.0002 | Global 0.4904 | Local 0.1192 | F1_macro 0.9936 | WorstLoss 0.0706
[Tracker] Ep  418 | AvgR 0.0003 | Global 0.5951 | Local 0.1192 | F1_macro 0.9979 | WorstLoss 0.0282
[Tracker] Ep  419 | AvgR 0.0003 | Global 0.6201 | Local 0.1192 | F1_macro 1.0000 | WorstLoss 0.0178
[Tracker] Ep  420 | AvgR 0.0001 | Global 0.2124 | Local 0.1192 | F1_macro 0.9936 | WorstLoss 0.1978
[Tracker] Saved snapshot: ep0420_phase1_class1
[Tracker] Ep  421 | AvgR 0.0003 | Global 0.5737 | Local 0.1192 | F1_macro 0.9958 | WorstLoss 0.0371
[Tracker] Ep  422 | AvgR 0.0003 | Global 0.6117 | Local 0.1192 | F1_macro 1.0000 | WorstLoss 0.0213
[Tracker] Ep  423 | AvgR 0.0003 | Global 0.5417 | Local 0.1192 | F1_macro 0.9936 | WorstLoss 0.0500
[Tracker] Ep  424 | AvgR 0.0003 | Global 0.5896 | Local 0.1192 | F1_macro 0.9958 | WorstLoss 0.0305
[Tracker] Ep  425 | AvgR 0.0003 | Global 0.6070 | Local 0.1192 | F1_macro 1.0000 | WorstLoss 0.0233
[Tracker] Saved snapshot: ep0425_phase1_class1
[Tracker] Ep  426 | AvgR 0.0003 | Global 0.5389 | Local 0.1192 | F1_macro 0.9958 | WorstLoss 0.0511
[Tracker] Ep  427 | AvgR 0.0003 | Global 0.5474 | Local 0.1192 | F1_macro 0.9958 | WorstLoss 0.0477
[Tracker] Ep  428 | AvgR 0.0003 | Global 0.5551 | Local 0.1192 | F1_macro 0.9979 | WorstLoss 0.0446
[Tracker] Ep  429 | AvgR 0.0003 | Global 0.5885 | Local 0.1192 | F1_macro 0.9979 | WorstLoss 0.0310
[Tracker] Ep  430 | AvgR 0.0003 | Global 0.5540 | Local 0.1192 | F1_macro 0.9979 | WorstLoss 0.0450
[Tracker] Saved snapshot: ep0430_phase1_class1
[Tracker] Ep  431 | AvgR 0.0003 | Global 0.6133 | Local 0.1192 | F1_macro 0.9979 | WorstLoss 0.0206
[Tracker] Ep  432 | AvgR 0.0002 | Global 0.4958 | Local 0.1192 | F1_macro 0.9958 | WorstLoss 0.0684
[Tracker] Ep  433 | AvgR 0.0002 | Global 0.4412 | Local 0.1192 | F1_macro 0.9958 | WorstLoss 0.0904
[Tracker] Ep  434 | AvgR 0.0003 | Global 0.5912 | Local 0.1192 | F1_macro 0.9979 | WorstLoss 0.0299
[Tracker] Ep  435 | AvgR 0.0001 | Global 0.1306 | Local 0.1192 | F1_macro 0.9915 | WorstLoss 0.2563
[Tracker] Saved snapshot: ep0435_phase1_class1
[Tracker] Ep  436 | AvgR 0.0003 | Global 0.5596 | Local 0.1192 | F1_macro 0.9958 | WorstLoss 0.0428
[Tracker] Ep  437 | AvgR 0.0003 | Global 0.5990 | Local 0.1192 | F1_macro 0.9979 | WorstLoss 0.0266
[Tracker] Ep  438 | AvgR 0.0002 | Global 0.3683 | Local 0.1192 | F1_macro 0.9936 | WorstLoss 0.1207
[Tracker] Ep  439 | AvgR 0.0003 | Global 0.5706 | Local 0.1192 | F1_macro 0.9958 | WorstLoss 0.0383
[Tracker] Ep  440 | AvgR 0.0003 | Global 0.5718 | Local 0.1192 | F1_macro 0.9958 | WorstLoss 0.0378
[Tracker] Saved snapshot: ep0440_phase1_class1
[Tracker] Ep  441 | AvgR 0.0003 | Global 0.5759 | Local 0.1192 | F1_macro 1.0000 | WorstLoss 0.0362
[Tracker] Ep  442 | AvgR 0.0003 | Global 0.6308 | Local 0.1192 | F1_macro 1.0000 | WorstLoss 0.0132
[Tracker] Ep  443 | AvgR 0.0002 | Global 0.3741 | Local 0.1192 | F1_macro 0.9915 | WorstLoss 0.1182
[Tracker] Ep  444 | AvgR 0.0003 | Global 0.5165 | Local 0.1192 | F1_macro 0.9936 | WorstLoss 0.0602
[Tracker] Ep  445 | AvgR 0.0003 | Global 0.5256 | Local 0.1192 | F1_macro 0.9958 | WorstLoss 0.0565
[Tracker] Saved snapshot: ep0445_phase1_class1
[Tracker] Ep  446 | AvgR 0.0003 | Global 0.6127 | Local 0.1192 | F1_macro 1.0000 | WorstLoss 0.0209
[Tracker] Ep  447 | AvgR 0.0003 | Global 0.6038 | Local 0.1192 | F1_macro 0.9979 | WorstLoss 0.0246
[Tracker] Ep  448 | AvgR 0.0003 | Global 0.5177 | Local 0.1192 | F1_macro 0.9958 | WorstLoss 0.0597
[Tracker] Ep  449 | AvgR 0.0003 | Global 0.5617 | Local 0.1192 | F1_macro 0.9958 | WorstLoss 0.0419
[Tracker] Ep  450 | AvgR 0.0003 | Global 0.6019 | Local 0.1192 | F1_macro 0.9979 | WorstLoss 0.0254
[Tracker] Saved snapshot: ep0450_phase1_class1
[Tracker] Ep  451 | AvgR 0.0003 | Global 0.5973 | Local 0.1192 | F1_macro 0.9979 | WorstLoss 0.0273
[Tracker] Ep  452 | AvgR 0.0003 | Global 0.6122 | Local 0.1192 | F1_macro 1.0000 | WorstLoss 0.0211
[Tracker] Ep  453 | AvgR 0.0003 | Global 0.6101 | Local 0.1192 | F1_macro 1.0000 | WorstLoss 0.0220
[Tracker] Ep  454 | AvgR 0.0002 | Global 0.3129 | Local 0.1192 | F1_macro 0.9915 | WorstLoss 0.1454
[Tracker] Ep  455 | AvgR 0.0003 | Global 0.6153 | Local 0.1192 | F1_macro 1.0000 | WorstLoss 0.0198
[Tracker] Saved snapshot: ep0455_phase1_class1
[Tracker] Ep  456 | AvgR 0.0002 | Global 0.4904 | Local 0.1192 | F1_macro 0.9958 | WorstLoss 0.0706
[Tracker] Ep  457 | AvgR 0.0003 | Global 0.5836 | Local 0.1192 | F1_macro 0.9979 | WorstLoss 0.0330
[Tracker] Ep  458 | AvgR 0.0003 | Global 0.5745 | Local 0.1192 | F1_macro 0.9958 | WorstLoss 0.0367
[Tracker] Ep  459 | AvgR 0.0003 | Global 0.5870 | Local 0.1192 | F1_macro 0.9958 | WorstLoss 0.0316
[Tracker] Ep  460 | AvgR 0.0002 | Global 0.3857 | Local 0.1192 | F1_macro 0.9936 | WorstLoss 0.1133
[Tracker] Saved snapshot: ep0460_phase1_class1
[Tracker] Ep  461 | AvgR 0.0003 | Global 0.5709 | Local 0.1192 | F1_macro 0.9979 | WorstLoss 0.0382
[Tracker] Ep  462 | AvgR 0.0003 | Global 0.5970 | Local 0.1192 | F1_macro 0.9979 | WorstLoss 0.0275
[Tracker] Ep  463 | AvgR 0.0003 | Global 0.5847 | Local 0.1192 | F1_macro 0.9979 | WorstLoss 0.0325
[Tracker] Ep  464 | AvgR 0.0003 | Global 0.5659 | Local 0.1192 | F1_macro 0.9958 | WorstLoss 0.0402
[Tracker] Ep  465 | AvgR 0.0003 | Global 0.6154 | Local 0.1192 | F1_macro 1.0000 | WorstLoss 0.0197
[Tracker] Saved snapshot: ep0465_phase1_class1
[Tracker] Ep  466 | AvgR 0.0003 | Global 0.6195 | Local 0.1192 | F1_macro 1.0000 | WorstLoss 0.0180
[Tracker] Ep  467 | AvgR 0.0003 | Global 0.5530 | Local 0.1192 | F1_macro 0.9958 | WorstLoss 0.0455
[Tracker] Ep  468 | AvgR 0.0003 | Global 0.5780 | Local 0.1192 | F1_macro 0.9958 | WorstLoss 0.0353
[Tracker] Ep  469 | AvgR 0.0003 | Global 0.5850 | Local 0.1192 | F1_macro 0.9979 | WorstLoss 0.0324
[Tracker] Ep  470 | AvgR 0.0003 | Global 0.5982 | Local 0.1192 | F1_macro 0.9979 | WorstLoss 0.0270
[Tracker] Saved snapshot: ep0470_phase1_class1
[Tracker] Ep  471 | AvgR 0.0003 | Global 0.5765 | Local 0.1192 | F1_macro 0.9979 | WorstLoss 0.0359
[Tracker] Ep  472 | AvgR 0.0002 | Global 0.4993 | Local 0.1192 | F1_macro 0.9958 | WorstLoss 0.0670
[Tracker] Ep  473 | AvgR 0.0002 | Global 0.3703 | Local 0.1192 | F1_macro 0.9936 | WorstLoss 0.1198
[Tracker] Ep  474 | AvgR 0.0003 | Global 0.5887 | Local 0.1192 | F1_macro 1.0000 | WorstLoss 0.0309
[Tracker] Ep  475 | AvgR 0.0003 | Global 0.6312 | Local 0.1192 | F1_macro 1.0000 | WorstLoss 0.0130
[Tracker] Saved snapshot: ep0475_phase1_class1
[Tracker] Ep  476 | AvgR 0.0003 | Global 0.5750 | Local 0.1192 | F1_macro 0.9958 | WorstLoss 0.0365
[Tracker] Ep  477 | AvgR 0.0003 | Global 0.6285 | Local 0.1192 | F1_macro 1.0000 | WorstLoss 0.0142
[Tracker] Ep  478 | AvgR 0.0003 | Global 0.5896 | Local 0.1192 | F1_macro 0.9979 | WorstLoss 0.0305
[Tracker] Ep  479 | AvgR 0.0003 | Global 0.5808 | Local 0.1192 | F1_macro 0.9979 | WorstLoss 0.0341
[Tracker] Ep  480 | AvgR 0.0003 | Global 0.5352 | Local 0.1192 | F1_macro 0.9936 | WorstLoss 0.0527
[Tracker] Saved snapshot: ep0480_phase1_class1
[Tracker] Ep  481 | AvgR 0.0003 | Global 0.5900 | Local 0.1192 | F1_macro 0.9979 | WorstLoss 0.0304
[Tracker] Ep  482 | AvgR 0.0003 | Global 0.6208 | Local 0.1192 | F1_macro 1.0000 | WorstLoss 0.0175
[Tracker] Ep  483 | AvgR 0.0003 | Global 0.6144 | Local 0.1192 | F1_macro 1.0000 | WorstLoss 0.0202
[Tracker] Ep  484 | AvgR 0.0003 | Global 0.5923 | Local 0.1192 | F1_macro 0.9979 | WorstLoss 0.0294
[Tracker] Ep  485 | AvgR 0.0003 | Global 0.5901 | Local 0.1192 | F1_macro 0.9979 | WorstLoss 0.0303
[Tracker] Saved snapshot: ep0485_phase1_class1
[Tracker] Ep  486 | AvgR 0.0003 | Global 0.6276 | Local 0.1192 | F1_macro 1.0000 | WorstLoss 0.0146
[Tracker] Ep  487 | AvgR 0.0003 | Global 0.6172 | Local 0.1192 | F1_macro 1.0000 | WorstLoss 0.0190
[Tracker] Ep  488 | AvgR 0.0003 | Global 0.5908 | Local 0.1192 | F1_macro 0.9979 | WorstLoss 0.0300
[Tracker] Ep  489 | AvgR 0.0003 | Global 0.6262 | Local 0.1192 | F1_macro 1.0000 | WorstLoss 0.0152
[Tracker] Ep  490 | AvgR 0.0003 | Global 0.5715 | Local 0.1192 | F1_macro 0.9979 | WorstLoss 0.0379
[Tracker] Saved snapshot: ep0490_phase1_class1
[Tracker] Ep  491 | AvgR 0.0003 | Global 0.5764 | Local 0.1192 | F1_macro 0.9958 | WorstLoss 0.0359
[Tracker] Ep  492 | AvgR 0.0003 | Global 0.5916 | Local 0.1192 | F1_macro 0.9979 | WorstLoss 0.0297
[Tracker] Ep  493 | AvgR 0.0003 | Global 0.6305 | Local 0.1192 | F1_macro 1.0000 | WorstLoss 0.0133
[Tracker] Ep  494 | AvgR 0.0003 | Global 0.5999 | Local 0.1192 | F1_macro 0.9979 | WorstLoss 0.0263
[Tracker] Ep  495 | AvgR 0.0003 | Global 0.5519 | Local 0.1192 | F1_macro 0.9979 | WorstLoss 0.0459
[Tracker] Saved snapshot: ep0495_phase1_class1
[Tracker] Ep  496 | AvgR 0.0003 | Global 0.6356 | Local 0.1192 | F1_macro 1.0000 | WorstLoss 0.0111
[Tracker] Ep  497 | AvgR 0.0003 | Global 0.5721 | Local 0.1192 | F1_macro 0.9979 | WorstLoss 0.0377
[Tracker] Ep  498 | AvgR 0.0003 | Global 0.6113 | Local 0.1192 | F1_macro 1.0000 | WorstLoss 0.0215
[Tracker] Ep  499 | AvgR 0.0003 | Global 0.6040 | Local 0.1192 | F1_macro 1.0000 | WorstLoss 0.0245
[Tracker] Ep  500 | AvgR 0.0003 | Global 0.5995 | Local 0.1192 | F1_macro 1.0000 | WorstLoss 0.0264
[Tracker] Saved snapshot: ep0500_phase1_class1
[Tracker] Ep  501 | AvgR 0.0003 | Global 0.5941 | Local 0.1192 | F1_macro 0.9979 | WorstLoss 0.0287
[Tracker] Ep  502 | AvgR 0.0003 | Global 0.5658 | Local 0.1192 | F1_macro 0.9979 | WorstLoss 0.0403
[Tracker] Ep  503 | AvgR 0.0003 | Global 0.6348 | Local 0.1192 | F1_macro 1.0000 | WorstLoss 0.0115
[Tracker] Ep  504 | AvgR 0.0003 | Global 0.6172 | Local 0.1192 | F1_macro 1.0000 | WorstLoss 0.0190
[Tracker] Ep  505 | AvgR 0.0003 | Global 0.5874 | Local 0.1192 | F1_macro 0.9979 | WorstLoss 0.0314
[Tracker] Saved snapshot: ep0505_phase1_class1
[Tracker] Ep  506 | AvgR 0.0003 | Global 0.5373 | Local 0.1192 | F1_macro 0.9979 | WorstLoss 0.0518
[Tracker] Ep  507 | AvgR 0.0003 | Global 0.6008 | Local 0.1192 | F1_macro 1.0000 | WorstLoss 0.0259
[Tracker] Ep  508 | AvgR 0.0003 | Global 0.6316 | Local 0.1192 | F1_macro 1.0000 | WorstLoss 0.0129
[Tracker] Ep  509 | AvgR 0.0003 | Global 0.5932 | Local 0.1192 | F1_macro 0.9979 | WorstLoss 0.0290
[Tracker] Ep  510 | AvgR 0.0003 | Global 0.5956 | Local 0.1192 | F1_macro 0.9979 | WorstLoss 0.0280
[Tracker] Saved snapshot: ep0510_phase1_class1
[Tracker] Ep  511 | AvgR 0.0003 | Global 0.6165 | Local 0.1192 | F1_macro 1.0000 | WorstLoss 0.0193
[Tracker] Ep  512 | AvgR 0.0003 | Global 0.5730 | Local 0.1192 | F1_macro 0.9979 | WorstLoss 0.0373
[Tracker] Ep  513 | AvgR 0.0003 | Global 0.6068 | Local 0.1192 | F1_macro 0.9979 | WorstLoss 0.0234
[Tracker] Ep  514 | AvgR 0.0003 | Global 0.5850 | Local 0.1192 | F1_macro 0.9979 | WorstLoss 0.0324
[Tracker] Ep  515 | AvgR 0.0003 | Global 0.6087 | Local 0.1192 | F1_macro 0.9979 | WorstLoss 0.0226
[Tracker] Saved snapshot: ep0515_phase1_class1
[Tracker] Ep  516 | AvgR 0.0003 | Global 0.6013 | Local 0.1192 | F1_macro 0.9979 | WorstLoss 0.0257
[Tracker] Ep  517 | AvgR 0.0003 | Global 0.5942 | Local 0.1192 | F1_macro 0.9979 | WorstLoss 0.0286
[Tracker] Ep  518 | AvgR 0.0003 | Global 0.6288 | Local 0.1192 | F1_macro 1.0000 | WorstLoss 0.0141
[Tracker] Ep  519 | AvgR 0.0003 | Global 0.6030 | Local 0.1192 | F1_macro 1.0000 | WorstLoss 0.0249
[Tracker] Ep  520 | AvgR 0.0003 | Global 0.6257 | Local 0.1192 | F1_macro 1.0000 | WorstLoss 0.0154
[Tracker] Saved snapshot: ep0520_phase1_class1
[Tracker] Ep  521 | AvgR 0.0003 | Global 0.6353 | Local 0.1192 | F1_macro 1.0000 | WorstLoss 0.0113
[Tracker] Ep  522 | AvgR 0.0003 | Global 0.5786 | Local 0.1192 | F1_macro 0.9958 | WorstLoss 0.0351
[Tracker] Ep  523 | AvgR 0.0003 | Global 0.6382 | Local 0.1192 | F1_macro 1.0000 | WorstLoss 0.0100
[Tracker] Ep  524 | AvgR 0.0003 | Global 0.6007 | Local 0.1192 | F1_macro 0.9979 | WorstLoss 0.0259
[Tracker] Ep  525 | AvgR 0.0003 | Global 0.6408 | Local 0.1192 | F1_macro 1.0000 | WorstLoss 0.0089
[Tracker] Saved snapshot: ep0525_phase1_class1
[Tracker] Ep  526 | AvgR 0.0003 | Global 0.6316 | Local 0.1192 | F1_macro 1.0000 | WorstLoss 0.0128
[Tracker] Ep  527 | AvgR 0.0003 | Global 0.6166 | Local 0.1192 | F1_macro 1.0000 | WorstLoss 0.0192
[Tracker] Ep  528 | AvgR 0.0003 | Global 0.5809 | Local 0.1192 | F1_macro 0.9979 | WorstLoss 0.0341
[Tracker] Ep  529 | AvgR 0.0003 | Global 0.5301 | Local 0.1192 | F1_macro 0.9958 | WorstLoss 0.0547
[Tracker] Ep  530 | AvgR 0.0003 | Global 0.6149 | Local 0.1192 | F1_macro 1.0000 | WorstLoss 0.0199
[Tracker] Saved snapshot: ep0530_phase1_class1
[Tracker] Ep  531 | AvgR 0.0003 | Global 0.6085 | Local 0.1192 | F1_macro 0.9979 | WorstLoss 0.0227
[Tracker] Ep  532 | AvgR 0.0003 | Global 0.6242 | Local 0.1192 | F1_macro 1.0000 | WorstLoss 0.0160
[Tracker] Ep  533 | AvgR 0.0003 | Global 0.6220 | Local 0.1192 | F1_macro 1.0000 | WorstLoss 0.0169
[Tracker] Ep  534 | AvgR 0.0003 | Global 0.6088 | Local 0.1192 | F1_macro 0.9979 | WorstLoss 0.0225
[Tracker] Ep  535 | AvgR 0.0002 | Global 0.4792 | Local 0.1192 | F1_macro 0.9915 | WorstLoss 0.0751
[Tracker] Saved snapshot: ep0535_phase1_class1
[Tracker] Ep  536 | AvgR 0.0003 | Global 0.6241 | Local 0.1192 | F1_macro 1.0000 | WorstLoss 0.0161
[Tracker] Ep  537 | AvgR 0.0003 | Global 0.5737 | Local 0.1192 | F1_macro 0.9958 | WorstLoss 0.0370
[Tracker] Ep  538 | AvgR 0.0003 | Global 0.6307 | Local 0.1192 | F1_macro 1.0000 | WorstLoss 0.0132
[Tracker] Ep  539 | AvgR 0.0003 | Global 0.5053 | Local 0.1192 | F1_macro 0.9958 | WorstLoss 0.0646
[Tracker] Ep  540 | AvgR 0.0003 | Global 0.6311 | Local 0.1192 | F1_macro 1.0000 | WorstLoss 0.0131
[Tracker] Saved snapshot: ep0540_phase1_class1
[Tracker] Ep  541 | AvgR 0.0003 | Global 0.6086 | Local 0.1192 | F1_macro 1.0000 | WorstLoss 0.0226
[Tracker] Ep  542 | AvgR 0.0003 | Global 0.6136 | Local 0.1192 | F1_macro 1.0000 | WorstLoss 0.0205
[Tracker] Ep  543 | AvgR 0.0003 | Global 0.5677 | Local 0.1192 | F1_macro 0.9958 | WorstLoss 0.0395
[Tracker] Ep  544 | AvgR 0.0003 | Global 0.6205 | Local 0.1192 | F1_macro 1.0000 | WorstLoss 0.0176
[Tracker] Ep  545 | AvgR 0.0003 | Global 0.5962 | Local 0.1192 | F1_macro 0.9979 | WorstLoss 0.0278
[Tracker] Saved snapshot: ep0545_phase1_class1
[Tracker] Ep  546 | AvgR 0.0003 | Global 0.6234 | Local 0.1192 | F1_macro 1.0000 | WorstLoss 0.0163
[Tracker] Ep  547 | AvgR 0.0003 | Global 0.6238 | Local 0.1192 | F1_macro 1.0000 | WorstLoss 0.0162
[Tracker] Ep  548 | AvgR 0.0003 | Global 0.5321 | Local 0.1192 | F1_macro 0.9958 | WorstLoss 0.0539
[Tracker] Ep  549 | AvgR 0.0003 | Global 0.5987 | Local 0.1192 | F1_macro 1.0000 | WorstLoss 0.0268
[Tracker] Ep  550 | AvgR 0.0003 | Global 0.6114 | Local 0.1192 | F1_macro 0.9979 | WorstLoss 0.0214
[Tracker] Saved snapshot: ep0550_phase1_class1
[Tracker] Ep  551 | AvgR 0.0003 | Global 0.5872 | Local 0.1192 | F1_macro 1.0000 | WorstLoss 0.0315
[Tracker] Ep  552 | AvgR 0.0003 | Global 0.6019 | Local 0.1192 | F1_macro 0.9979 | WorstLoss 0.0254
[Tracker] Ep  553 | AvgR 0.0003 | Global 0.6074 | Local 0.1192 | F1_macro 1.0000 | WorstLoss 0.0231
[Tracker] Ep  554 | AvgR 0.0003 | Global 0.6093 | Local 0.1192 | F1_macro 1.0000 | WorstLoss 0.0223
[Tracker] Ep  555 | AvgR 0.0003 | Global 0.6346 | Local 0.1192 | F1_macro 1.0000 | WorstLoss 0.0116
[Tracker] Saved snapshot: ep0555_phase1_class1
[Tracker] Ep  556 | AvgR 0.0003 | Global 0.6131 | Local 0.1192 | F1_macro 1.0000 | WorstLoss 0.0207
[Tracker] Ep  557 | AvgR 0.0003 | Global 0.5988 | Local 0.1192 | F1_macro 0.9979 | WorstLoss 0.0267
[Tracker] Ep  558 | AvgR 0.0003 | Global 0.6116 | Local 0.1192 | F1_macro 1.0000 | WorstLoss 0.0214
[Tracker] Ep  559 | AvgR 0.0003 | Global 0.6142 | Local 0.1192 | F1_macro 1.0000 | WorstLoss 0.0202
[Tracker] Ep  560 | AvgR 0.0003 | Global 0.5558 | Local 0.1192 | F1_macro 0.9958 | WorstLoss 0.0443
[Tracker] Saved snapshot: ep0560_phase1_class1
[Tracker] Ep  561 | AvgR 0.0003 | Global 0.6066 | Local 0.1192 | F1_macro 0.9979 | WorstLoss 0.0235
[Tracker] Ep  562 | AvgR 0.0003 | Global 0.6201 | Local 0.1192 | F1_macro 1.0000 | WorstLoss 0.0178
[Tracker] Ep  563 | AvgR 0.0003 | Global 0.6001 | Local 0.1192 | F1_macro 0.9979 | WorstLoss 0.0261
[Tracker] Ep  564 | AvgR 0.0003 | Global 0.6135 | Local 0.1192 | F1_macro 1.0000 | WorstLoss 0.0206
[Tracker] Ep  565 | AvgR 0.0003 | Global 0.5827 | Local 0.1192 | F1_macro 0.9979 | WorstLoss 0.0334
[Tracker] Saved snapshot: ep0565_phase1_class1
[Tracker] Ep  566 | AvgR 0.0003 | Global 0.5950 | Local 0.1192 | F1_macro 0.9979 | WorstLoss 0.0283
[Tracker] Ep  567 | AvgR 0.0003 | Global 0.6173 | Local 0.1192 | F1_macro 1.0000 | WorstLoss 0.0189
[Tracker] Ep  568 | AvgR 0.0003 | Global 0.6200 | Local 0.1192 | F1_macro 1.0000 | WorstLoss 0.0178
[Tracker] Ep  569 | AvgR 0.0003 | Global 0.6204 | Local 0.1192 | F1_macro 1.0000 | WorstLoss 0.0176
[Tracker] Ep  570 | AvgR 0.0003 | Global 0.6085 | Local 0.1192 | F1_macro 1.0000 | WorstLoss 0.0226
[Tracker] Saved snapshot: ep0570_phase1_class1
[Tracker] Ep  571 | AvgR 0.0003 | Global 0.6270 | Local 0.1192 | F1_macro 1.0000 | WorstLoss 0.0148
[Tracker] Ep  572 | AvgR 0.0003 | Global 0.6184 | Local 0.1192 | F1_macro 1.0000 | WorstLoss 0.0185
[Tracker] Ep  573 | AvgR 0.0002 | Global 0.4881 | Local 0.1192 | F1_macro 0.9958 | WorstLoss 0.0715
[Tracker] Ep  574 | AvgR 0.0003 | Global 0.6379 | Local 0.1192 | F1_macro 1.0000 | WorstLoss 0.0101
[Tracker] Ep  575 | AvgR 0.0003 | Global 0.6434 | Local 0.1192 | F1_macro 1.0000 | WorstLoss 0.0077
[Tracker] Saved snapshot: ep0575_phase1_class1
[Tracker] New BEST synthetic [phase1_class1] (by global.global_obj: 0.643441) saved.
[Tracker] BEST β weights [phase1_class1] saved -> training_runs/SPECp1_har_nobias_global_5s_EP800_PCA10_REWfairness_minID5_majID24_TRJ2000_GG202603241204_8b91bc47/seed_3/best_beta_state_dict_phase1_class1.pt
[Tracker] Ep  576 | AvgR 0.0002 | Global 0.4818 | Local 0.1192 | F1_macro 0.9936 | WorstLoss 0.0740
[Tracker] Ep  577 | AvgR 0.0003 | Global 0.5193 | Local 0.1192 | F1_macro 0.9958 | WorstLoss 0.0590
[Tracker] Ep  578 | AvgR 0.0003 | Global 0.6173 | Local 0.1192 | F1_macro 1.0000 | WorstLoss 0.0189
[Tracker] Ep  579 | AvgR 0.0003 | Global 0.5943 | Local 0.1192 | F1_macro 0.9979 | WorstLoss 0.0286
[Tracker] Ep  580 | AvgR 0.0003 | Global 0.5694 | Local 0.1192 | F1_macro 0.9958 | WorstLoss 0.0388
[Tracker] Saved snapshot: ep0580_phase1_class1
[Tracker] Ep  581 | AvgR 0.0003 | Global 0.6045 | Local 0.1192 | F1_macro 1.0000 | WorstLoss 0.0243
[Tracker] Ep  582 | AvgR 0.0003 | Global 0.5855 | Local 0.1192 | F1_macro 0.9979 | WorstLoss 0.0322
[Tracker] Ep  583 | AvgR 0.0003 | Global 0.6107 | Local 0.1192 | F1_macro 0.9979 | WorstLoss 0.0217
[Tracker] Ep  584 | AvgR 0.0003 | Global 0.6219 | Local 0.1192 | F1_macro 1.0000 | WorstLoss 0.0170
[Tracker] Ep  585 | AvgR 0.0003 | Global 0.6163 | Local 0.1192 | F1_macro 1.0000 | WorstLoss 0.0194
[Tracker] Saved snapshot: ep0585_phase1_class1
[Tracker] Ep  586 | AvgR 0.0003 | Global 0.6195 | Local 0.1192 | F1_macro 1.0000 | WorstLoss 0.0180
[Tracker] Ep  587 | AvgR 0.0003 | Global 0.6249 | Local 0.1192 | F1_macro 1.0000 | WorstLoss 0.0157
[Tracker] Ep  588 | AvgR 0.0003 | Global 0.6091 | Local 0.1192 | F1_macro 1.0000 | WorstLoss 0.0224
[Tracker] Ep  589 | AvgR 0.0003 | Global 0.6335 | Local 0.1192 | F1_macro 1.0000 | WorstLoss 0.0120
[Tracker] Ep  590 | AvgR 0.0003 | Global 0.5876 | Local 0.1192 | F1_macro 0.9979 | WorstLoss 0.0313
[Tracker] Saved snapshot: ep0590_phase1_class1
[Tracker] Ep  591 | AvgR 0.0003 | Global 0.6277 | Local 0.1192 | F1_macro 1.0000 | WorstLoss 0.0145
[Tracker] Ep  592 | AvgR 0.0003 | Global 0.6056 | Local 0.1192 | F1_macro 1.0000 | WorstLoss 0.0239
[Tracker] Ep  593 | AvgR 0.0002 | Global 0.4329 | Local 0.1192 | F1_macro 0.9958 | WorstLoss 0.0937
[Tracker] Ep  594 | AvgR 0.0003 | Global 0.6072 | Local 0.1192 | F1_macro 1.0000 | WorstLoss 0.0232
[Tracker] Ep  595 | AvgR 0.0003 | Global 0.6136 | Local 0.1192 | F1_macro 0.9979 | WorstLoss 0.0205
[Tracker] Saved snapshot: ep0595_phase1_class1
[Tracker] Ep  596 | AvgR 0.0003 | Global 0.6400 | Local 0.1192 | F1_macro 1.0000 | WorstLoss 0.0092
[Tracker] Ep  597 | AvgR 0.0002 | Global 0.4109 | Local 0.1192 | F1_macro 0.9915 | WorstLoss 0.1028
[Tracker] Ep  598 | AvgR 0.0003 | Global 0.5957 | Local 0.1192 | F1_macro 1.0000 | WorstLoss 0.0280
[Tracker] Ep  599 | AvgR 0.0003 | Global 0.6262 | Local 0.1192 | F1_macro 1.0000 | WorstLoss 0.0152
[Tracker] Ep  600 | AvgR 0.0003 | Global 0.6127 | Local 0.1192 | F1_macro 1.0000 | WorstLoss 0.0209
[Tracker] Saved snapshot: ep0600_phase1_class1
[Tracker] Ep  601 | AvgR 0.0003 | Global 0.6216 | Local 0.1192 | F1_macro 1.0000 | WorstLoss 0.0171
[Tracker] Ep  602 | AvgR 0.0003 | Global 0.6188 | Local 0.1192 | F1_macro 1.0000 | WorstLoss 0.0183
[Tracker] Ep  603 | AvgR 0.0003 | Global 0.6148 | Local 0.1192 | F1_macro 1.0000 | WorstLoss 0.0200
[Tracker] Ep  604 | AvgR 0.0003 | Global 0.5683 | Local 0.1192 | F1_macro 0.9958 | WorstLoss 0.0393
[Tracker] Ep  605 | AvgR 0.0003 | Global 0.5801 | Local 0.1192 | F1_macro 1.0000 | WorstLoss 0.0344
[Tracker] Saved snapshot: ep0605_phase1_class1
[Tracker] Ep  606 | AvgR 0.0003 | Global 0.6215 | Local 0.1192 | F1_macro 1.0000 | WorstLoss 0.0171
[Tracker] Ep  607 | AvgR 0.0003 | Global 0.6237 | Local 0.1192 | F1_macro 1.0000 | WorstLoss 0.0162
[Tracker] Ep  608 | AvgR 0.0003 | Global 0.6324 | Local 0.1192 | F1_macro 1.0000 | WorstLoss 0.0125
[Tracker] Ep  609 | AvgR 0.0003 | Global 0.6385 | Local 0.1192 | F1_macro 1.0000 | WorstLoss 0.0099
[Tracker] Ep  610 | AvgR 0.0003 | Global 0.6055 | Local 0.1192 | F1_macro 0.9979 | WorstLoss 0.0239
[Tracker] Saved snapshot: ep0610_phase1_class1
[Tracker] Ep  611 | AvgR 0.0003 | Global 0.6189 | Local 0.1192 | F1_macro 1.0000 | WorstLoss 0.0183
[Tracker] Ep  612 | AvgR 0.0003 | Global 0.6020 | Local 0.1192 | F1_macro 0.9979 | WorstLoss 0.0254
[Tracker] Ep  613 | AvgR 0.0003 | Global 0.6255 | Local 0.1192 | F1_macro 1.0000 | WorstLoss 0.0154
[Tracker] Ep  614 | AvgR 0.0003 | Global 0.5826 | Local 0.1192 | F1_macro 0.9979 | WorstLoss 0.0334
[Tracker] Ep  615 | AvgR 0.0003 | Global 0.5830 | Local 0.1192 | F1_macro 0.9979 | WorstLoss 0.0333
[Tracker] Saved snapshot: ep0615_phase1_class1
[Tracker] Ep  616 | AvgR 0.0002 | Global 0.4978 | Local 0.1192 | F1_macro 0.9958 | WorstLoss 0.0676
[Tracker] Ep  617 | AvgR 0.0003 | Global 0.6144 | Local 0.1192 | F1_macro 1.0000 | WorstLoss 0.0201
[Tracker] Ep  618 | AvgR 0.0003 | Global 0.6170 | Local 0.1192 | F1_macro 1.0000 | WorstLoss 0.0191
[Tracker] Ep  619 | AvgR 0.0003 | Global 0.6428 | Local 0.1192 | F1_macro 1.0000 | WorstLoss 0.0080
[Tracker] Ep  620 | AvgR 0.0003 | Global 0.6281 | Local 0.1192 | F1_macro 1.0000 | WorstLoss 0.0144
[Tracker] Saved snapshot: ep0620_phase1_class1
[Tracker] Ep  621 | AvgR 0.0003 | Global 0.6089 | Local 0.1192 | F1_macro 1.0000 | WorstLoss 0.0225
[Tracker] Ep  622 | AvgR 0.0003 | Global 0.6086 | Local 0.1192 | F1_macro 1.0000 | WorstLoss 0.0226
[Tracker] Ep  623 | AvgR 0.0003 | Global 0.6238 | Local 0.1192 | F1_macro 1.0000 | WorstLoss 0.0162
[Tracker] Ep  624 | AvgR 0.0003 | Global 0.5992 | Local 0.1192 | F1_macro 0.9979 | WorstLoss 0.0265
[Tracker] Ep  625 | AvgR 0.0003 | Global 0.5191 | Local 0.1192 | F1_macro 0.9979 | WorstLoss 0.0591
[Tracker] Saved snapshot: ep0625_phase1_class1
[Tracker] Ep  626 | AvgR 0.0003 | Global 0.5828 | Local 0.1192 | F1_macro 0.9979 | WorstLoss 0.0333
[Tracker] Ep  627 | AvgR 0.0003 | Global 0.6335 | Local 0.1192 | F1_macro 1.0000 | WorstLoss 0.0120
[Tracker] Ep  628 | AvgR 0.0003 | Global 0.5548 | Local 0.1192 | F1_macro 0.9958 | WorstLoss 0.0447
[Tracker] Ep  629 | AvgR 0.0003 | Global 0.6336 | Local 0.1192 | F1_macro 1.0000 | WorstLoss 0.0120
[Tracker] Ep  630 | AvgR 0.0002 | Global 0.4932 | Local 0.1192 | F1_macro 0.9958 | WorstLoss 0.0695
[Tracker] Saved snapshot: ep0630_phase1_class1
[Tracker] Ep  631 | AvgR 0.0003 | Global 0.5768 | Local 0.1192 | F1_macro 0.9958 | WorstLoss 0.0358
[Tracker] Ep  632 | AvgR 0.0003 | Global 0.6020 | Local 0.1192 | F1_macro 1.0000 | WorstLoss 0.0254
[Tracker] Ep  633 | AvgR 0.0003 | Global 0.6232 | Local 0.1192 | F1_macro 1.0000 | WorstLoss 0.0164
[Tracker] Ep  634 | AvgR 0.0003 | Global 0.5506 | Local 0.1192 | F1_macro 0.9979 | WorstLoss 0.0464
[Tracker] Ep  635 | AvgR 0.0003 | Global 0.5957 | Local 0.1192 | F1_macro 0.9979 | WorstLoss 0.0280
[Tracker] Saved snapshot: ep0635_phase1_class1
[Tracker] Ep  636 | AvgR 0.0003 | Global 0.6193 | Local 0.1192 | F1_macro 1.0000 | WorstLoss 0.0181
[Tracker] Ep  637 | AvgR 0.0003 | Global 0.6233 | Local 0.1192 | F1_macro 1.0000 | WorstLoss 0.0164
[Tracker] Ep  638 | AvgR 0.0003 | Global 0.6198 | Local 0.1192 | F1_macro 1.0000 | WorstLoss 0.0179
[Tracker] Ep  639 | AvgR 0.0003 | Global 0.6250 | Local 0.1192 | F1_macro 1.0000 | WorstLoss 0.0157
[Tracker] Ep  640 | AvgR 0.0003 | Global 0.6102 | Local 0.1192 | F1_macro 0.9979 | WorstLoss 0.0219
[Tracker] Saved snapshot: ep0640_phase1_class1
[Tracker] Ep  641 | AvgR 0.0003 | Global 0.5933 | Local 0.1192 | F1_macro 1.0000 | WorstLoss 0.0290
[Tracker] Ep  642 | AvgR 0.0003 | Global 0.6125 | Local 0.1192 | F1_macro 0.9979 | WorstLoss 0.0210
[Tracker] Ep  643 | AvgR 0.0003 | Global 0.6298 | Local 0.1192 | F1_macro 1.0000 | WorstLoss 0.0136
[Tracker] Ep  644 | AvgR 0.0003 | Global 0.5817 | Local 0.1192 | F1_macro 0.9979 | WorstLoss 0.0338
[Tracker] Ep  645 | AvgR 0.0003 | Global 0.6355 | Local 0.1192 | F1_macro 1.0000 | WorstLoss 0.0111
[Tracker] Saved snapshot: ep0645_phase1_class1
[Tracker] Ep  646 | AvgR 0.0003 | Global 0.5460 | Local 0.1192 | F1_macro 0.9958 | WorstLoss 0.0483
[Tracker] Ep  647 | AvgR 0.0003 | Global 0.5785 | Local 0.1192 | F1_macro 0.9979 | WorstLoss 0.0351
[Tracker] Ep  648 | AvgR 0.0003 | Global 0.6106 | Local 0.1192 | F1_macro 0.9979 | WorstLoss 0.0218
[Tracker] Ep  649 | AvgR 0.0003 | Global 0.6064 | Local 0.1192 | F1_macro 1.0000 | WorstLoss 0.0235
[Tracker] Ep  650 | AvgR 0.0003 | Global 0.6103 | Local 0.1192 | F1_macro 1.0000 | WorstLoss 0.0219
[Tracker] Saved snapshot: ep0650_phase1_class1
[Tracker] Ep  651 | AvgR 0.0003 | Global 0.6139 | Local 0.1192 | F1_macro 0.9979 | WorstLoss 0.0204
[Tracker] Ep  652 | AvgR 0.0003 | Global 0.5656 | Local 0.1192 | F1_macro 0.9958 | WorstLoss 0.0404
[Tracker] Ep  653 | AvgR 0.0003 | Global 0.6016 | Local 0.1192 | F1_macro 0.9979 | WorstLoss 0.0255
[Tracker] Ep  654 | AvgR 0.0003 | Global 0.5903 | Local 0.1192 | F1_macro 0.9979 | WorstLoss 0.0302
[Tracker] Ep  655 | AvgR 0.0003 | Global 0.5138 | Local 0.1192 | F1_macro 0.9958 | WorstLoss 0.0612
[Tracker] Saved snapshot: ep0655_phase1_class1
[Tracker] Ep  656 | AvgR 0.0003 | Global 0.6315 | Local 0.1192 | F1_macro 1.0000 | WorstLoss 0.0129
[Tracker] Ep  657 | AvgR 0.0003 | Global 0.6075 | Local 0.1192 | F1_macro 1.0000 | WorstLoss 0.0231
[Tracker] Ep  658 | AvgR 0.0003 | Global 0.5931 | Local 0.1192 | F1_macro 0.9979 | WorstLoss 0.0291
[Tracker] Ep  659 | AvgR 0.0003 | Global 0.6260 | Local 0.1192 | F1_macro 1.0000 | WorstLoss 0.0153
[Tracker] Ep  660 | AvgR 0.0003 | Global 0.5863 | Local 0.1192 | F1_macro 1.0000 | WorstLoss 0.0319
[Tracker] Saved snapshot: ep0660_phase1_class1
[Tracker] Ep  661 | AvgR 0.0003 | Global 0.6236 | Local 0.1192 | F1_macro 1.0000 | WorstLoss 0.0163
[Tracker] Ep  662 | AvgR 0.0002 | Global 0.4862 | Local 0.1192 | F1_macro 0.9958 | WorstLoss 0.0723
[Tracker] Ep  663 | AvgR 0.0003 | Global 0.5946 | Local 0.1192 | F1_macro 0.9979 | WorstLoss 0.0284
[Tracker] Ep  664 | AvgR 0.0003 | Global 0.6265 | Local 0.1192 | F1_macro 1.0000 | WorstLoss 0.0150
[Tracker] Ep  665 | AvgR 0.0003 | Global 0.6079 | Local 0.1192 | F1_macro 0.9979 | WorstLoss 0.0229
[Tracker] Saved snapshot: ep0665_phase1_class1
[Tracker] Ep  666 | AvgR 0.0003 | Global 0.6078 | Local 0.1192 | F1_macro 0.9979 | WorstLoss 0.0229
[Tracker] Ep  667 | AvgR 0.0003 | Global 0.5112 | Local 0.1192 | F1_macro 0.9979 | WorstLoss 0.0623
[Tracker] Ep  668 | AvgR 0.0003 | Global 0.6074 | Local 0.1192 | F1_macro 0.9979 | WorstLoss 0.0231
[Tracker] Ep  669 | AvgR 0.0003 | Global 0.6157 | Local 0.1192 | F1_macro 1.0000 | WorstLoss 0.0196
[Tracker] Ep  670 | AvgR 0.0003 | Global 0.6334 | Local 0.1192 | F1_macro 1.0000 | WorstLoss 0.0121
[Tracker] Saved snapshot: ep0670_phase1_class1
[Tracker] Ep  671 | AvgR 0.0003 | Global 0.6388 | Local 0.1192 | F1_macro 1.0000 | WorstLoss 0.0097
[Tracker] Ep  672 | AvgR 0.0003 | Global 0.6288 | Local 0.1192 | F1_macro 1.0000 | WorstLoss 0.0140
[Tracker] Ep  673 | AvgR 0.0003 | Global 0.6211 | Local 0.1192 | F1_macro 1.0000 | WorstLoss 0.0173
[Tracker] Ep  674 | AvgR 0.0003 | Global 0.6242 | Local 0.1192 | F1_macro 1.0000 | WorstLoss 0.0160
[Tracker] Ep  675 | AvgR 0.0003 | Global 0.6100 | Local 0.1192 | F1_macro 1.0000 | WorstLoss 0.0220
[Tracker] Saved snapshot: ep0675_phase1_class1
[Tracker] Ep  676 | AvgR 0.0003 | Global 0.5716 | Local 0.1192 | F1_macro 0.9958 | WorstLoss 0.0379
[Tracker] Ep  677 | AvgR 0.0003 | Global 0.6142 | Local 0.1192 | F1_macro 1.0000 | WorstLoss 0.0203
[Tracker] Ep  678 | AvgR 0.0003 | Global 0.5770 | Local 0.1192 | F1_macro 0.9979 | WorstLoss 0.0357
[Tracker] Ep  679 | AvgR 0.0002 | Global 0.4683 | Local 0.1192 | F1_macro 0.9936 | WorstLoss 0.0794
[Tracker] Ep  680 | AvgR 0.0003 | Global 0.5864 | Local 0.1192 | F1_macro 0.9958 | WorstLoss 0.0318
[Tracker] Saved snapshot: ep0680_phase1_class1
[Tracker] Ep  681 | AvgR 0.0003 | Global 0.6343 | Local 0.1192 | F1_macro 1.0000 | WorstLoss 0.0117
[Tracker] Ep  682 | AvgR 0.0002 | Global 0.4884 | Local 0.1192 | F1_macro 0.9958 | WorstLoss 0.0714
[Tracker] Ep  683 | AvgR 0.0003 | Global 0.6094 | Local 0.1192 | F1_macro 1.0000 | WorstLoss 0.0223
[Tracker] Ep  684 | AvgR 0.0003 | Global 0.6001 | Local 0.1192 | F1_macro 1.0000 | WorstLoss 0.0262
[Tracker] Ep  685 | AvgR 0.0003 | Global 0.6329 | Local 0.1192 | F1_macro 1.0000 | WorstLoss 0.0123
[Tracker] Saved snapshot: ep0685_phase1_class1
[Tracker] Ep  686 | AvgR 0.0003 | Global 0.6253 | Local 0.1192 | F1_macro 1.0000 | WorstLoss 0.0155
[Tracker] Ep  687 | AvgR 0.0003 | Global 0.5671 | Local 0.1192 | F1_macro 0.9958 | WorstLoss 0.0397
[Tracker] Ep  688 | AvgR 0.0003 | Global 0.6225 | Local 0.1192 | F1_macro 1.0000 | WorstLoss 0.0167
[Tracker] Ep  689 | AvgR 0.0003 | Global 0.6370 | Local 0.1192 | F1_macro 1.0000 | WorstLoss 0.0105
[Tracker] Ep  690 | AvgR 0.0000 | Global 0.0748 | Local 0.1192 | F1_macro 0.9915 | WorstLoss 0.3182
[Tracker] Saved snapshot: ep0690_phase1_class1
[Tracker] Ep  691 | AvgR 0.0003 | Global 0.6096 | Local 0.1192 | F1_macro 1.0000 | WorstLoss 0.0222
[Tracker] Ep  692 | AvgR 0.0003 | Global 0.5892 | Local 0.1192 | F1_macro 0.9979 | WorstLoss 0.0307
[Tracker] Ep  693 | AvgR 0.0002 | Global 0.4851 | Local 0.1192 | F1_macro 0.9958 | WorstLoss 0.0727
[Tracker] Ep  694 | AvgR 0.0003 | Global 0.5792 | Local 0.1192 | F1_macro 0.9979 | WorstLoss 0.0348
[Tracker] Ep  695 | AvgR 0.0003 | Global 0.5974 | Local 0.1192 | F1_macro 1.0000 | WorstLoss 0.0273
[Tracker] Saved snapshot: ep0695_phase1_class1
[Tracker] Ep  696 | AvgR 0.0003 | Global 0.5987 | Local 0.1192 | F1_macro 0.9979 | WorstLoss 0.0268
[Tracker] Ep  697 | AvgR 0.0003 | Global 0.5735 | Local 0.1192 | F1_macro 0.9958 | WorstLoss 0.0371
[Tracker] Ep  698 | AvgR 0.0003 | Global 0.6115 | Local 0.1192 | F1_macro 1.0000 | WorstLoss 0.0214
[Tracker] Ep  699 | AvgR 0.0003 | Global 0.5975 | Local 0.1192 | F1_macro 0.9979 | WorstLoss 0.0273
[Tracker] Ep  700 | AvgR 0.0002 | Global 0.3766 | Local 0.1192 | F1_macro 0.9936 | WorstLoss 0.1172
[Tracker] Saved snapshot: ep0700_phase1_class1
[Tracker] Ep  701 | AvgR 0.0003 | Global 0.6180 | Local 0.1192 | F1_macro 1.0000 | WorstLoss 0.0186
[Tracker] Ep  702 | AvgR 0.0003 | Global 0.6340 | Local 0.1192 | F1_macro 1.0000 | WorstLoss 0.0118
[Tracker] Ep  703 | AvgR 0.0003 | Global 0.6340 | Local 0.1192 | F1_macro 1.0000 | WorstLoss 0.0118
[Tracker] Ep  704 | AvgR 0.0003 | Global 0.5901 | Local 0.1192 | F1_macro 0.9979 | WorstLoss 0.0303
[Tracker] Ep  705 | AvgR 0.0003 | Global 0.6243 | Local 0.1192 | F1_macro 1.0000 | WorstLoss 0.0160
[Tracker] Saved snapshot: ep0705_phase1_class1
[Tracker] Ep  706 | AvgR 0.0003 | Global 0.5979 | Local 0.1192 | F1_macro 1.0000 | WorstLoss 0.0271
[Tracker] Ep  707 | AvgR 0.0003 | Global 0.6084 | Local 0.1192 | F1_macro 1.0000 | WorstLoss 0.0227
[Tracker] Ep  708 | AvgR 0.0003 | Global 0.6037 | Local 0.1192 | F1_macro 0.9979 | WorstLoss 0.0247
[Tracker] Ep  709 | AvgR 0.0003 | Global 0.6178 | Local 0.1192 | F1_macro 1.0000 | WorstLoss 0.0187
[Tracker] Ep  710 | AvgR 0.0003 | Global 0.6151 | Local 0.1192 | F1_macro 1.0000 | WorstLoss 0.0199
[Tracker] Saved snapshot: ep0710_phase1_class1
[Tracker] Ep  711 | AvgR 0.0003 | Global 0.6020 | Local 0.1192 | F1_macro 0.9979 | WorstLoss 0.0254
[Tracker] Ep  712 | AvgR 0.0003 | Global 0.6149 | Local 0.1192 | F1_macro 1.0000 | WorstLoss 0.0199
[Tracker] Ep  713 | AvgR 0.0003 | Global 0.6216 | Local 0.1192 | F1_macro 1.0000 | WorstLoss 0.0171
[Tracker] Ep  714 | AvgR 0.0003 | Global 0.6316 | Local 0.1192 | F1_macro 1.0000 | WorstLoss 0.0128
[Tracker] Ep  715 | AvgR 0.0003 | Global 0.6082 | Local 0.1192 | F1_macro 0.9979 | WorstLoss 0.0228
[Tracker] Saved snapshot: ep0715_phase1_class1
[Tracker] Ep  716 | AvgR 0.0003 | Global 0.6063 | Local 0.1192 | F1_macro 1.0000 | WorstLoss 0.0236
[Tracker] Ep  717 | AvgR 0.0003 | Global 0.6115 | Local 0.1192 | F1_macro 1.0000 | WorstLoss 0.0214
[Tracker] Ep  718 | AvgR 0.0003 | Global 0.5506 | Local 0.1192 | F1_macro 0.9958 | WorstLoss 0.0465
[Tracker] Ep  719 | AvgR 0.0003 | Global 0.5224 | Local 0.1192 | F1_macro 0.9958 | WorstLoss 0.0578
[Tracker] Ep  720 | AvgR 0.0003 | Global 0.5957 | Local 0.1192 | F1_macro 1.0000 | WorstLoss 0.0280
[Tracker] Saved snapshot: ep0720_phase1_class1
[Tracker] Ep  721 | AvgR 0.0003 | Global 0.5733 | Local 0.1192 | F1_macro 0.9958 | WorstLoss 0.0372
[Tracker] Ep  722 | AvgR 0.0003 | Global 0.5851 | Local 0.1192 | F1_macro 0.9958 | WorstLoss 0.0324
[Tracker] Ep  723 | AvgR 0.0003 | Global 0.6182 | Local 0.1192 | F1_macro 1.0000 | WorstLoss 0.0186
[Tracker] Ep  724 | AvgR 0.0003 | Global 0.6170 | Local 0.1192 | F1_macro 1.0000 | WorstLoss 0.0191
[Tracker] Ep  725 | AvgR 0.0003 | Global 0.5855 | Local 0.1192 | F1_macro 0.9979 | WorstLoss 0.0322
[Tracker] Saved snapshot: ep0725_phase1_class1
[Tracker] Ep  726 | AvgR 0.0003 | Global 0.6008 | Local 0.1192 | F1_macro 0.9979 | WorstLoss 0.0259
[Tracker] Ep  727 | AvgR 0.0003 | Global 0.6363 | Local 0.1192 | F1_macro 1.0000 | WorstLoss 0.0108
[Tracker] Ep  728 | AvgR 0.0003 | Global 0.6129 | Local 0.1192 | F1_macro 1.0000 | WorstLoss 0.0208
[Tracker] Ep  729 | AvgR 0.0003 | Global 0.6015 | Local 0.1192 | F1_macro 0.9979 | WorstLoss 0.0256
[Tracker] Ep  730 | AvgR 0.0003 | Global 0.6357 | Local 0.1192 | F1_macro 1.0000 | WorstLoss 0.0111
[Tracker] Saved snapshot: ep0730_phase1_class1
[Tracker] Ep  731 | AvgR 0.0003 | Global 0.6182 | Local 0.1192 | F1_macro 1.0000 | WorstLoss 0.0186
[Tracker] Ep  732 | AvgR 0.0003 | Global 0.5995 | Local 0.1192 | F1_macro 0.9979 | WorstLoss 0.0264
[Tracker] Ep  733 | AvgR 0.0003 | Global 0.6397 | Local 0.1192 | F1_macro 1.0000 | WorstLoss 0.0094
[Tracker] Ep  734 | AvgR 0.0003 | Global 0.5679 | Local 0.1192 | F1_macro 0.9979 | WorstLoss 0.0394
[Tracker] Ep  735 | AvgR 0.0003 | Global 0.5907 | Local 0.1192 | F1_macro 0.9979 | WorstLoss 0.0301
[Tracker] Saved snapshot: ep0735_phase1_class1
[Tracker] Ep  736 | AvgR 0.0003 | Global 0.6240 | Local 0.1192 | F1_macro 1.0000 | WorstLoss 0.0161
[Tracker] Ep  737 | AvgR 0.0003 | Global 0.6157 | Local 0.1192 | F1_macro 1.0000 | WorstLoss 0.0196
[Tracker] Ep  738 | AvgR 0.0003 | Global 0.6055 | Local 0.1192 | F1_macro 0.9979 | WorstLoss 0.0239
[Tracker] Ep  739 | AvgR 0.0003 | Global 0.6174 | Local 0.1192 | F1_macro 1.0000 | WorstLoss 0.0189
[Tracker] Ep  740 | AvgR 0.0003 | Global 0.6122 | Local 0.1192 | F1_macro 1.0000 | WorstLoss 0.0211
[Tracker] Saved snapshot: ep0740_phase1_class1
[Tracker] Ep  741 | AvgR 0.0003 | Global 0.6255 | Local 0.1192 | F1_macro 1.0000 | WorstLoss 0.0154
[Tracker] Ep  742 | AvgR 0.0003 | Global 0.5908 | Local 0.1192 | F1_macro 0.9979 | WorstLoss 0.0300
[Tracker] Ep  743 | AvgR 0.0003 | Global 0.6353 | Local 0.1192 | F1_macro 1.0000 | WorstLoss 0.0112
[Tracker] Ep  744 | AvgR 0.0003 | Global 0.5933 | Local 0.1192 | F1_macro 0.9979 | WorstLoss 0.0290
[Tracker] Ep  745 | AvgR 0.0003 | Global 0.6196 | Local 0.1192 | F1_macro 1.0000 | WorstLoss 0.0180
[Tracker] Saved snapshot: ep0745_phase1_class1
[Tracker] Ep  746 | AvgR 0.0003 | Global 0.6164 | Local 0.1192 | F1_macro 1.0000 | WorstLoss 0.0193
[Tracker] Ep  747 | AvgR 0.0003 | Global 0.6101 | Local 0.1192 | F1_macro 1.0000 | WorstLoss 0.0220
[Tracker] Ep  748 | AvgR 0.0003 | Global 0.6131 | Local 0.1192 | F1_macro 1.0000 | WorstLoss 0.0207
[Tracker] Ep  749 | AvgR 0.0003 | Global 0.6315 | Local 0.1192 | F1_macro 1.0000 | WorstLoss 0.0129
[Tracker] Ep  750 | AvgR 0.0003 | Global 0.6243 | Local 0.1192 | F1_macro 1.0000 | WorstLoss 0.0160
[Tracker] Saved snapshot: ep0750_phase1_class1
[Tracker] Ep  751 | AvgR 0.0003 | Global 0.6307 | Local 0.1192 | F1_macro 1.0000 | WorstLoss 0.0132
[Tracker] Ep  752 | AvgR 0.0003 | Global 0.6166 | Local 0.1192 | F1_macro 1.0000 | WorstLoss 0.0193
[Tracker] Ep  753 | AvgR 0.0003 | Global 0.6438 | Local 0.1192 | F1_macro 1.0000 | WorstLoss 0.0076
[Tracker] New BEST synthetic [phase1_class1] (by global.global_obj: 0.643781) saved.
[Tracker] BEST β weights [phase1_class1] saved -> training_runs/SPECp1_har_nobias_global_5s_EP800_PCA10_REWfairness_minID5_majID24_TRJ2000_GG202603241204_8b91bc47/seed_3/best_beta_state_dict_phase1_class1.pt
[Tracker] Ep  754 | AvgR 0.0003 | Global 0.6180 | Local 0.1192 | F1_macro 1.0000 | WorstLoss 0.0186
[Tracker] Ep  755 | AvgR 0.0003 | Global 0.6190 | Local 0.1192 | F1_macro 1.0000 | WorstLoss 0.0182
[Tracker] Saved snapshot: ep0755_phase1_class1
[Tracker] Ep  756 | AvgR 0.0003 | Global 0.6016 | Local 0.1192 | F1_macro 0.9979 | WorstLoss 0.0255
[Tracker] Ep  757 | AvgR 0.0003 | Global 0.6232 | Local 0.1192 | F1_macro 1.0000 | WorstLoss 0.0164
[Tracker] Ep  758 | AvgR 0.0003 | Global 0.6007 | Local 0.1192 | F1_macro 0.9979 | WorstLoss 0.0259
[Tracker] Ep  759 | AvgR 0.0003 | Global 0.6339 | Local 0.1192 | F1_macro 1.0000 | WorstLoss 0.0118
[Tracker] Ep  760 | AvgR 0.0003 | Global 0.6431 | Local 0.1192 | F1_macro 1.0000 | WorstLoss 0.0079
[Tracker] Saved snapshot: ep0760_phase1_class1
[Tracker] Ep  761 | AvgR 0.0003 | Global 0.6027 | Local 0.1192 | F1_macro 0.9979 | WorstLoss 0.0251
[Tracker] Ep  762 | AvgR 0.0003 | Global 0.5921 | Local 0.1192 | F1_macro 0.9979 | WorstLoss 0.0295
[Tracker] Ep  763 | AvgR 0.0002 | Global 0.3563 | Local 0.1192 | F1_macro 0.9915 | WorstLoss 0.1259
[Tracker] Ep  764 | AvgR 0.0003 | Global 0.6287 | Local 0.1192 | F1_macro 1.0000 | WorstLoss 0.0141
[Tracker] Ep  765 | AvgR 0.0003 | Global 0.5994 | Local 0.1192 | F1_macro 0.9979 | WorstLoss 0.0265
[Tracker] Saved snapshot: ep0765_phase1_class1
[Tracker] Ep  766 | AvgR 0.0003 | Global 0.6169 | Local 0.1192 | F1_macro 1.0000 | WorstLoss 0.0191
[Tracker] Ep  767 | AvgR 0.0003 | Global 0.6429 | Local 0.1192 | F1_macro 1.0000 | WorstLoss 0.0079
[Tracker] Ep  768 | AvgR 0.0003 | Global 0.6085 | Local 0.1192 | F1_macro 1.0000 | WorstLoss 0.0226
[Tracker] Ep  769 | AvgR 0.0003 | Global 0.6396 | Local 0.1192 | F1_macro 1.0000 | WorstLoss 0.0094
[Tracker] Ep  770 | AvgR 0.0003 | Global 0.6342 | Local 0.1192 | F1_macro 1.0000 | WorstLoss 0.0117
[Tracker] Saved snapshot: ep0770_phase1_class1
[Tracker] Ep  771 | AvgR 0.0003 | Global 0.6252 | Local 0.1192 | F1_macro 1.0000 | WorstLoss 0.0156
[Tracker] Ep  772 | AvgR 0.0003 | Global 0.6401 | Local 0.1192 | F1_macro 1.0000 | WorstLoss 0.0092
[Tracker] Ep  773 | AvgR 0.0003 | Global 0.5918 | Local 0.1192 | F1_macro 0.9979 | WorstLoss 0.0296
[Tracker] Ep  774 | AvgR 0.0003 | Global 0.6126 | Local 0.1192 | F1_macro 1.0000 | WorstLoss 0.0209
[Tracker] Ep  775 | AvgR 0.0003 | Global 0.6261 | Local 0.1192 | F1_macro 1.0000 | WorstLoss 0.0152
[Tracker] Saved snapshot: ep0775_phase1_class1
[Tracker] Ep  776 | AvgR 0.0003 | Global 0.6159 | Local 0.1192 | F1_macro 1.0000 | WorstLoss 0.0195
[Tracker] Ep  777 | AvgR 0.0003 | Global 0.6038 | Local 0.1192 | F1_macro 1.0000 | WorstLoss 0.0246
[Tracker] Ep  778 | AvgR 0.0003 | Global 0.6299 | Local 0.1192 | F1_macro 1.0000 | WorstLoss 0.0136
[Tracker] Ep  779 | AvgR 0.0003 | Global 0.6279 | Local 0.1192 | F1_macro 1.0000 | WorstLoss 0.0144
[Tracker] Ep  780 | AvgR 0.0003 | Global 0.5962 | Local 0.1192 | F1_macro 0.9979 | WorstLoss 0.0278
[Tracker] Saved snapshot: ep0780_phase1_class1
[Tracker] Ep  781 | AvgR 0.0003 | Global 0.6259 | Local 0.1192 | F1_macro 1.0000 | WorstLoss 0.0153
[Tracker] Ep  782 | AvgR 0.0003 | Global 0.5959 | Local 0.1192 | F1_macro 1.0000 | WorstLoss 0.0279
[Tracker] Ep  783 | AvgR 0.0003 | Global 0.5533 | Local 0.1192 | F1_macro 0.9936 | WorstLoss 0.0453
[Tracker] Ep  784 | AvgR 0.0003 | Global 0.5898 | Local 0.1192 | F1_macro 1.0000 | WorstLoss 0.0304
[Tracker] Ep  785 | AvgR 0.0003 | Global 0.5309 | Local 0.1192 | F1_macro 0.9958 | WorstLoss 0.0544
[Tracker] Saved snapshot: ep0785_phase1_class1
[Tracker] Ep  786 | AvgR 0.0003 | Global 0.6472 | Local 0.1192 | F1_macro 1.0000 | WorstLoss 0.0061
[Tracker] New BEST synthetic [phase1_class1] (by global.global_obj: 0.647230) saved.
[Tracker] BEST β weights [phase1_class1] saved -> training_runs/SPECp1_har_nobias_global_5s_EP800_PCA10_REWfairness_minID5_majID24_TRJ2000_GG202603241204_8b91bc47/seed_3/best_beta_state_dict_phase1_class1.pt
[Tracker] Ep  787 | AvgR 0.0003 | Global 0.6280 | Local 0.1192 | F1_macro 1.0000 | WorstLoss 0.0144
[Tracker] Ep  788 | AvgR 0.0003 | Global 0.6296 | Local 0.1192 | F1_macro 1.0000 | WorstLoss 0.0137
[Tracker] Ep  789 | AvgR 0.0003 | Global 0.6095 | Local 0.1192 | F1_macro 1.0000 | WorstLoss 0.0222
[Tracker] Ep  790 | AvgR 0.0002 | Global 0.4446 | Local 0.1192 | F1_macro 0.9958 | WorstLoss 0.0890
[Tracker] Saved snapshot: ep0790_phase1_class1
[Tracker] Ep  791 | AvgR 0.0003 | Global 0.5645 | Local 0.1192 | F1_macro 0.9958 | WorstLoss 0.0408
[Tracker] Ep  792 | AvgR 0.0003 | Global 0.6144 | Local 0.1192 | F1_macro 1.0000 | WorstLoss 0.0202
[Tracker] Ep  793 | AvgR 0.0003 | Global 0.6088 | Local 0.1192 | F1_macro 0.9979 | WorstLoss 0.0225
[Tracker] Ep  794 | AvgR 0.0003 | Global 0.6296 | Local 0.1192 | F1_macro 1.0000 | WorstLoss 0.0137
[Tracker] Ep  795 | AvgR 0.0003 | Global 0.6238 | Local 0.1192 | F1_macro 1.0000 | WorstLoss 0.0162
[Tracker] Saved snapshot: ep0795_phase1_class1
[Tracker] Ep  796 | AvgR 0.0003 | Global 0.6290 | Local 0.1192 | F1_macro 1.0000 | WorstLoss 0.0139
[Tracker] Ep  797 | AvgR 0.0003 | Global 0.6066 | Local 0.1192 | F1_macro 1.0000 | WorstLoss 0.0234
[Tracker] Ep  798 | AvgR 0.0002 | Global 0.4569 | Local 0.1192 | F1_macro 0.9958 | WorstLoss 0.0840
[Tracker] Ep  799 | AvgR 0.0003 | Global 0.6032 | Local 0.1192 | F1_macro 0.9979 | WorstLoss 0.0249
[Tracker] Ep  800 | AvgR 0.0003 | Global 0.6344 | Local 0.1192 | F1_macro 1.0000 | WorstLoss 0.0117
[Tracker] Saved snapshot: ep0800_phase1_class1
[Phase] Finished phase1_class1 | best global_obj=0.6472
[TestSuite] Using provided β (no best checkpoint found or factory missing).

[TEST] Alpha -> F1(min)=0.8895 | F1(maj)=0.8058 | F1(weighted)=0.8640 | F1(macro)=0.8477 | Brier=0.1343
[TEST] Beta  -> F1(min)=0.8972 | F1(maj)=0.8221 | F1(weighted)=0.8743 | F1(macro)=0.8597 | Brier=0.1258
[TestSuite] Final test metrics appended to (seed): training_runs/SPECp1_har_nobias_global_5s_EP800_PCA10_REWfairness_minID5_majID24_TRJ2000_GG202603241204_8b91bc47/seed_3/final_test_metrics.csv
[TestSuite] Final test metrics appended to (experiment): training_runs/SPECp1_har_nobias_global_5s_EP800_PCA10_REWfairness_minID5_majID24_TRJ2000_GG202603241204_8b91bc47/final_test_metrics.csv
Total time 2183.70s
[Tracker] Finished. Run folder: training_runs/SPECp1_har_nobias_global_5s_EP800_PCA10_REWfairness_minID5_majID24_TRJ2000_GG202603241204_8b91bc47/seed_3
