[validate_spec] experiment_specs/sc_census_cmaes_bias020_5s.json: OK
[main] spec=sc_census_cmaes_bias020_5s.json device=cuda:1
[main] exp_group=SPEC_sc_census_cmaes_bias020_5s_b7520f9d__G202604041241
[main] seeds=[42, 0, 1, 2, 3]
[main] ---- running seed=42 ----
FFNN Using device: cuda:1
FFNN Using device: cuda:1
[Tracker] Experiment: SPECsc_census_cmaes_bias020_5s_EP130_PCA10_REWfairness_minID1_majID0_TRJ2000_REAL3000_BIAS0.2_GG202604041241_afeac7d2
[Tracker] Seed folder: paper_results_v4/SPECsc_census_cmaes_bias020_5s_EP130_PCA10_REWfairness_minID1_majID0_TRJ2000_REAL3000_BIAS0.2_GG202604041241_afeac7d2/seed_42
[Tracker] Run: 2026-04-04_12-41-26_seed42_101118_ea2fbab4
[Tracker] Metrics CSV: paper_results_v4/SPECsc_census_cmaes_bias020_5s_EP130_PCA10_REWfairness_minID1_majID0_TRJ2000_REAL3000_BIAS0.2_GG202604041241_afeac7d2/seed_42/metrics.csv
[Tracker] Mirroring console to: paper_results_v4/SPECsc_census_cmaes_bias020_5s_EP130_PCA10_REWfairness_minID1_majID0_TRJ2000_REAL3000_BIAS0.2_GG202604041241_afeac7d2/seed_42/console.log
[TRAIN] size=3000, minority=600 (20.00%)
[VAL] size=6512, minority=1568 (24.08%)
[TEST] size=6513, minority=1569 (24.09%)
FFNN Using device: cuda:1
FFNN Using device: cuda:1
Beta will train with: 60.00% real data, 40.00% synthetic data: 
[disadv] group=1 per_g={0: 0.18229573965072632, 1: 0.40026092529296875} worst_4g=1.1273 soft_eo_alpha=0.1075
Anchors: 504 (disadv=1) sigma_anchor=0.8500
[Tracker] Alpha model state_dict saved to paper_results_v4/SPECsc_census_cmaes_bias020_5s_EP130_PCA10_REWfairness_minID1_majID0_TRJ2000_REAL3000_BIAS0.2_GG202604041241_afeac7d2/seed_42/alpha_state_dict.pt
[Tracker] Alpha model config saved to paper_results_v4/SPECsc_census_cmaes_bias020_5s_EP130_PCA10_REWfairness_minID1_majID0_TRJ2000_REAL3000_BIAS0.2_GG202604041241_afeac7d2/seed_42/ffnn_meta.json
[CMAESAgent] reset phase='phase1_class1' | D=10 param_dim=20 popsize=12 sigma0=1.000

============================================================
[CMA-ES Phase] phase1_class1 | target_class=1 | episodes=130 | popsize=12
============================================================
[Tracker] CSV header written with 47 columns.
[Tracker] Ep    1 | AvgR 0.0000 | Global 0.0707 | Local 0.1192 | F1_macro 0.7698 | WorstLoss 1.0472
[Tracker] New BEST synthetic [phase1_class1] (by global.global_obj: 0.070732) saved.
[Tracker] BEST β weights [phase1_class1] saved -> paper_results_v4/SPECsc_census_cmaes_bias020_5s_EP130_PCA10_REWfairness_minID1_majID0_TRJ2000_REAL3000_BIAS0.2_GG202604041241_afeac7d2/seed_42/best_beta_state_dict_phase1_class1.pt
[Tracker] Ep    2 | AvgR -0.0000 | Global -0.0016 | Local 0.1192 | F1_macro 0.7766 | WorstLoss 1.1291
[Tracker] Ep    3 | AvgR -0.0001 | Global -0.2172 | Local 0.1192 | F1_macro 0.7535 | WorstLoss 1.3760
[Tracker] Ep    4 | AvgR -0.0000 | Global -0.0873 | Local 0.1192 | F1_macro 0.7625 | WorstLoss 1.2267
[Tracker] Ep    5 | AvgR 0.0000 | Global 0.0361 | Local 0.1192 | F1_macro 0.7629 | WorstLoss 1.0861
[Tracker] Saved snapshot: ep0005_phase1_class1
[Tracker] Ep    6 | AvgR 0.0000 | Global 0.0296 | Local 0.1192 | F1_macro 0.7599 | WorstLoss 1.0936
[Tracker] Ep    7 | AvgR -0.0000 | Global -0.0505 | Local 0.1192 | F1_macro 0.7738 | WorstLoss 1.1844
[Tracker] Ep    8 | AvgR 0.0001 | Global 0.1137 | Local 0.1192 | F1_macro 0.7654 | WorstLoss 0.9974
[Tracker] New BEST synthetic [phase1_class1] (by global.global_obj: 0.113686) saved.
[Tracker] BEST β weights [phase1_class1] saved -> paper_results_v4/SPECsc_census_cmaes_bias020_5s_EP130_PCA10_REWfairness_minID1_majID0_TRJ2000_REAL3000_BIAS0.2_GG202604041241_afeac7d2/seed_42/best_beta_state_dict_phase1_class1.pt
[Tracker] Ep    9 | AvgR 0.0000 | Global 0.0497 | Local 0.1192 | F1_macro 0.7687 | WorstLoss 1.0711
[Tracker] Ep   10 | AvgR -0.0000 | Global -0.0837 | Local 0.1192 | F1_macro 0.7588 | WorstLoss 1.2231
[Tracker] Saved snapshot: ep0010_phase1_class1
[Tracker] Ep   11 | AvgR -0.0000 | Global -0.0690 | Local 0.1192 | F1_macro 0.7618 | WorstLoss 1.2053
[Tracker] Ep   12 | AvgR -0.0000 | Global -0.0883 | Local 0.1192 | F1_macro 0.7694 | WorstLoss 1.2269
[Tracker] Ep   13 | AvgR -0.0001 | Global -0.1441 | Local 0.1192 | F1_macro 0.7598 | WorstLoss 1.2912
[Tracker] Ep   14 | AvgR -0.0001 | Global -0.1755 | Local 0.1192 | F1_macro 0.7532 | WorstLoss 1.3269
[Tracker] Ep   15 | AvgR 0.0000 | Global 0.0150 | Local 0.1192 | F1_macro 0.7732 | WorstLoss 1.1104
[Tracker] Saved snapshot: ep0015_phase1_class1
[Tracker] Ep   16 | AvgR -0.0001 | Global -0.1163 | Local 0.1192 | F1_macro 0.7584 | WorstLoss 1.2596
[Tracker] Ep   17 | AvgR -0.0000 | Global -0.0911 | Local 0.1192 | F1_macro 0.7555 | WorstLoss 1.2319
[Tracker] Ep   18 | AvgR 0.0000 | Global 0.0148 | Local 0.1192 | F1_macro 0.7710 | WorstLoss 1.1106
[Tracker] Ep   19 | AvgR -0.0000 | Global -0.0596 | Local 0.1192 | F1_macro 0.7664 | WorstLoss 1.1948
[Tracker] Ep   20 | AvgR -0.0001 | Global -0.1583 | Local 0.1192 | F1_macro 0.7490 | WorstLoss 1.3082
[Tracker] Saved snapshot: ep0020_phase1_class1
[Tracker] Ep   21 | AvgR -0.0000 | Global -0.0615 | Local 0.1192 | F1_macro 0.7620 | WorstLoss 1.1977
[Tracker] Ep   22 | AvgR -0.0000 | Global -0.0365 | Local 0.1192 | F1_macro 0.7678 | WorstLoss 1.1690
[Tracker] Ep   23 | AvgR -0.0001 | Global -0.1018 | Local 0.1192 | F1_macro 0.7547 | WorstLoss 1.2433
[Tracker] Ep   24 | AvgR -0.0000 | Global -0.0454 | Local 0.1192 | F1_macro 0.7622 | WorstLoss 1.1791
[Tracker] Ep   25 | AvgR -0.0001 | Global -0.1723 | Local 0.1192 | F1_macro 0.7548 | WorstLoss 1.3233
[Tracker] Saved snapshot: ep0025_phase1_class1
[Tracker] Ep   26 | AvgR -0.0000 | Global -0.0610 | Local 0.1192 | F1_macro 0.7699 | WorstLoss 1.1961
[Tracker] Ep   27 | AvgR -0.0001 | Global -0.2209 | Local 0.1192 | F1_macro 0.7550 | WorstLoss 1.3779
[Tracker] Ep   28 | AvgR -0.0000 | Global -0.0765 | Local 0.1192 | F1_macro 0.7597 | WorstLoss 1.2144
[Tracker] Ep   29 | AvgR -0.0001 | Global -0.1050 | Local 0.1192 | F1_macro 0.7667 | WorstLoss 1.2466
[Tracker] Ep   30 | AvgR -0.0001 | Global -0.1222 | Local 0.1192 | F1_macro 0.7632 | WorstLoss 1.2664
[Tracker] Saved snapshot: ep0030_phase1_class1
[Tracker] Ep   31 | AvgR -0.0001 | Global -0.1153 | Local 0.1192 | F1_macro 0.7592 | WorstLoss 1.2582
[Tracker] Ep   32 | AvgR -0.0001 | Global -0.1672 | Local 0.1192 | F1_macro 0.7659 | WorstLoss 1.3165
[Tracker] Ep   33 | AvgR -0.0001 | Global -0.1468 | Local 0.1192 | F1_macro 0.7667 | WorstLoss 1.2944
[Tracker] Ep   34 | AvgR -0.0001 | Global -0.1524 | Local 0.1192 | F1_macro 0.7618 | WorstLoss 1.3036
[Tracker] Ep   35 | AvgR -0.0000 | Global -0.0395 | Local 0.1192 | F1_macro 0.7647 | WorstLoss 1.1723
[Tracker] Saved snapshot: ep0035_phase1_class1
[Tracker] Ep   36 | AvgR -0.0000 | Global -0.0067 | Local 0.1192 | F1_macro 0.7720 | WorstLoss 1.1349
[Tracker] Ep   37 | AvgR 0.0000 | Global 0.0363 | Local 0.1192 | F1_macro 0.7606 | WorstLoss 1.0861
[Tracker] Ep   38 | AvgR -0.0001 | Global -0.1088 | Local 0.1192 | F1_macro 0.7625 | WorstLoss 1.2502
[Tracker] Ep   39 | AvgR -0.0000 | Global -0.0554 | Local 0.1192 | F1_macro 0.7679 | WorstLoss 1.1900
[Tracker] Ep   40 | AvgR -0.0000 | Global -0.1000 | Local 0.1192 | F1_macro 0.7581 | WorstLoss 1.2413
[Tracker] Saved snapshot: ep0040_phase1_class1
[Tracker] Ep   41 | AvgR 0.0001 | Global 0.1195 | Local 0.1192 | F1_macro 0.7705 | WorstLoss 0.9916
[Tracker] New BEST synthetic [phase1_class1] (by global.global_obj: 0.119529) saved.
[Tracker] BEST β weights [phase1_class1] saved -> paper_results_v4/SPECsc_census_cmaes_bias020_5s_EP130_PCA10_REWfairness_minID1_majID0_TRJ2000_REAL3000_BIAS0.2_GG202604041241_afeac7d2/seed_42/best_beta_state_dict_phase1_class1.pt
[Tracker] Ep   42 | AvgR -0.0001 | Global -0.1202 | Local 0.1192 | F1_macro 0.7556 | WorstLoss 1.2632
[Tracker] Ep   43 | AvgR 0.0000 | Global 0.0595 | Local 0.1192 | F1_macro 0.7691 | WorstLoss 1.0599
[Tracker] Ep   44 | AvgR -0.0000 | Global -0.0194 | Local 0.1192 | F1_macro 0.7654 | WorstLoss 1.1493
[Tracker] Ep   45 | AvgR 0.0000 | Global 0.0052 | Local 0.1192 | F1_macro 0.7609 | WorstLoss 1.1214
[Tracker] Saved snapshot: ep0045_phase1_class1
[Tracker] Ep   46 | AvgR -0.0000 | Global -0.0653 | Local 0.1192 | F1_macro 0.7708 | WorstLoss 1.2011
[Tracker] Ep   47 | AvgR -0.0000 | Global -0.0928 | Local 0.1192 | F1_macro 0.7591 | WorstLoss 1.2329
[Tracker] Ep   48 | AvgR -0.0000 | Global -0.0756 | Local 0.1192 | F1_macro 0.7753 | WorstLoss 1.2125
[Tracker] Ep   49 | AvgR -0.0000 | Global -0.0830 | Local 0.1192 | F1_macro 0.7640 | WorstLoss 1.2214
[Tracker] Ep   50 | AvgR 0.0000 | Global 0.0510 | Local 0.1192 | F1_macro 0.7700 | WorstLoss 1.0696
[Tracker] Saved snapshot: ep0050_phase1_class1
[Tracker] Ep   51 | AvgR -0.0000 | Global -0.0574 | Local 0.1192 | F1_macro 0.7665 | WorstLoss 1.1927
[Tracker] Ep   52 | AvgR 0.0000 | Global 0.0178 | Local 0.1192 | F1_macro 0.7677 | WorstLoss 1.1072
[Tracker] Ep   53 | AvgR 0.0001 | Global 0.1113 | Local 0.1192 | F1_macro 0.7722 | WorstLoss 1.0015
[Tracker] Ep   54 | AvgR -0.0000 | Global -0.0555 | Local 0.1192 | F1_macro 0.7560 | WorstLoss 1.1902
[Tracker] Ep   55 | AvgR -0.0000 | Global -0.0254 | Local 0.1192 | F1_macro 0.7532 | WorstLoss 1.1562
[Tracker] Saved snapshot: ep0055_phase1_class1
[Tracker] Ep   56 | AvgR -0.0000 | Global -0.0365 | Local 0.1192 | F1_macro 0.7693 | WorstLoss 1.1687
[Tracker] Ep   57 | AvgR -0.0000 | Global -0.0553 | Local 0.1192 | F1_macro 0.7611 | WorstLoss 1.1899
[Tracker] Ep   58 | AvgR -0.0000 | Global -0.0305 | Local 0.1192 | F1_macro 0.7625 | WorstLoss 1.1619
[Tracker] Ep   59 | AvgR -0.0001 | Global -0.1526 | Local 0.1192 | F1_macro 0.7445 | WorstLoss 1.3017
[Tracker] Ep   60 | AvgR 0.0000 | Global 0.0150 | Local 0.1192 | F1_macro 0.7708 | WorstLoss 1.1104
[Tracker] Saved snapshot: ep0060_phase1_class1
[Tracker] Ep   61 | AvgR 0.0000 | Global 0.0176 | Local 0.1192 | F1_macro 0.7703 | WorstLoss 1.1075
[Tracker] Ep   62 | AvgR 0.0000 | Global 0.0100 | Local 0.1192 | F1_macro 0.7686 | WorstLoss 1.1160
[Tracker] Ep   63 | AvgR -0.0000 | Global -0.0204 | Local 0.1192 | F1_macro 0.7625 | WorstLoss 1.1504
[Tracker] Ep   64 | AvgR -0.0000 | Global -0.0392 | Local 0.1192 | F1_macro 0.7684 | WorstLoss 1.1717
[Tracker] Ep   65 | AvgR 0.0000 | Global 0.0222 | Local 0.1192 | F1_macro 0.7698 | WorstLoss 1.1022
[Tracker] Saved snapshot: ep0065_phase1_class1
[Tracker] Ep   66 | AvgR 0.0000 | Global 0.0102 | Local 0.1192 | F1_macro 0.7640 | WorstLoss 1.1157
[Tracker] Ep   67 | AvgR -0.0000 | Global -0.0219 | Local 0.1192 | F1_macro 0.7664 | WorstLoss 1.1522
[Tracker] Ep   68 | AvgR -0.0000 | Global -0.0667 | Local 0.1192 | F1_macro 0.7650 | WorstLoss 1.2029
[Tracker] Ep   69 | AvgR -0.0000 | Global -0.0461 | Local 0.1192 | F1_macro 0.7681 | WorstLoss 1.1795
[Tracker] Ep   70 | AvgR -0.0000 | Global -0.0020 | Local 0.1192 | F1_macro 0.7669 | WorstLoss 1.1296
[Tracker] Saved snapshot: ep0070_phase1_class1
[Tracker] Ep   71 | AvgR 0.0000 | Global 0.0367 | Local 0.1192 | F1_macro 0.7733 | WorstLoss 1.0859
[Tracker] Ep   72 | AvgR -0.0000 | Global -0.0662 | Local 0.1192 | F1_macro 0.7571 | WorstLoss 1.2022
[Tracker] Ep   73 | AvgR -0.0000 | Global -0.0127 | Local 0.1192 | F1_macro 0.7706 | WorstLoss 1.1417
[Tracker] Ep   74 | AvgR 0.0000 | Global 0.0569 | Local 0.1192 | F1_macro 0.7703 | WorstLoss 1.0631
[Tracker] Ep   75 | AvgR -0.0000 | Global -0.0620 | Local 0.1192 | F1_macro 0.7713 | WorstLoss 1.1975
[Tracker] Saved snapshot: ep0075_phase1_class1
[Tracker] Ep   76 | AvgR -0.0000 | Global -0.0214 | Local 0.1192 | F1_macro 0.7663 | WorstLoss 1.1515
[Tracker] Ep   77 | AvgR -0.0000 | Global -0.0071 | Local 0.1192 | F1_macro 0.7653 | WorstLoss 1.1353
[Tracker] Ep   78 | AvgR -0.0000 | Global -0.0700 | Local 0.1192 | F1_macro 0.7645 | WorstLoss 1.2063
[Tracker] Ep   79 | AvgR -0.0000 | Global -0.0185 | Local 0.1192 | F1_macro 0.7657 | WorstLoss 1.1482
[Tracker] Ep   80 | AvgR -0.0000 | Global -0.0230 | Local 0.1192 | F1_macro 0.7579 | WorstLoss 1.1533
[Tracker] Saved snapshot: ep0080_phase1_class1
[Tracker] Ep   81 | AvgR 0.0000 | Global 0.0037 | Local 0.1192 | F1_macro 0.7630 | WorstLoss 1.1232
[Tracker] Ep   82 | AvgR -0.0000 | Global -0.0602 | Local 0.1192 | F1_macro 0.7679 | WorstLoss 1.1954
[Tracker] Ep   83 | AvgR -0.0000 | Global -0.0671 | Local 0.1192 | F1_macro 0.7641 | WorstLoss 1.2030
[Tracker] Ep   84 | AvgR -0.0001 | Global -0.1004 | Local 0.1192 | F1_macro 0.7578 | WorstLoss 1.2408
[Tracker] Ep   85 | AvgR -0.0000 | Global -0.0075 | Local 0.1192 | F1_macro 0.7671 | WorstLoss 1.1358
[Tracker] Saved snapshot: ep0085_phase1_class1
[Tracker] Ep   86 | AvgR 0.0000 | Global 0.0238 | Local 0.1192 | F1_macro 0.7671 | WorstLoss 1.1004
[Tracker] Ep   87 | AvgR -0.0001 | Global -0.1090 | Local 0.1192 | F1_macro 0.7508 | WorstLoss 1.2515
[Tracker] Ep   88 | AvgR 0.0000 | Global 0.0956 | Local 0.1192 | F1_macro 0.7611 | WorstLoss 1.0184
[Tracker] Ep   89 | AvgR -0.0001 | Global -0.1042 | Local 0.1192 | F1_macro 0.7606 | WorstLoss 1.2450
[Tracker] Ep   90 | AvgR 0.0000 | Global 0.0433 | Local 0.1192 | F1_macro 0.7714 | WorstLoss 1.0785
[Tracker] Saved snapshot: ep0090_phase1_class1
[Tracker] Ep   91 | AvgR -0.0000 | Global -0.0503 | Local 0.1192 | F1_macro 0.7658 | WorstLoss 1.1840
[Tracker] Ep   92 | AvgR 0.0000 | Global 0.0052 | Local 0.1192 | F1_macro 0.7670 | WorstLoss 1.1214
[Tracker] Ep   93 | AvgR -0.0000 | Global -0.0235 | Local 0.1192 | F1_macro 0.7679 | WorstLoss 1.1538
[Tracker] Ep   94 | AvgR -0.0001 | Global -0.1059 | Local 0.1192 | F1_macro 0.7623 | WorstLoss 1.2469
[Tracker] Ep   95 | AvgR 0.0001 | Global 0.1098 | Local 0.1192 | F1_macro 0.7728 | WorstLoss 1.0033
[Tracker] Saved snapshot: ep0095_phase1_class1
[Tracker] Ep   96 | AvgR 0.0000 | Global 0.0295 | Local 0.1192 | F1_macro 0.7713 | WorstLoss 1.0941
[Tracker] Ep   97 | AvgR -0.0000 | Global -0.0281 | Local 0.1192 | F1_macro 0.7622 | WorstLoss 1.1591
[Tracker] Ep   98 | AvgR -0.0000 | Global -0.0608 | Local 0.1192 | F1_macro 0.7638 | WorstLoss 1.1960
[Tracker] Ep   99 | AvgR 0.0000 | Global 0.0377 | Local 0.1192 | F1_macro 0.7694 | WorstLoss 1.0848
[Tracker] Ep  100 | AvgR 0.0000 | Global 0.0107 | Local 0.1192 | F1_macro 0.7740 | WorstLoss 1.1152
[Tracker] Saved snapshot: ep0100_phase1_class1
[Tracker] Ep  101 | AvgR -0.0000 | Global -0.0300 | Local 0.1192 | F1_macro 0.7511 | WorstLoss 1.1613
[Tracker] Ep  102 | AvgR -0.0000 | Global -0.0077 | Local 0.1192 | F1_macro 0.7664 | WorstLoss 1.1361
[Tracker] Ep  103 | AvgR 0.0000 | Global 0.0558 | Local 0.1192 | F1_macro 0.7723 | WorstLoss 1.0643
[Tracker] Ep  104 | AvgR -0.0000 | Global -0.0718 | Local 0.1192 | F1_macro 0.7533 | WorstLoss 1.2087
[Tracker] Ep  105 | AvgR 0.0000 | Global 0.0146 | Local 0.1192 | F1_macro 0.7636 | WorstLoss 1.1108
[Tracker] Saved snapshot: ep0105_phase1_class1
[Tracker] Ep  106 | AvgR -0.0000 | Global -0.0911 | Local 0.1192 | F1_macro 0.7616 | WorstLoss 1.2302
[Tracker] Ep  107 | AvgR 0.0000 | Global 0.0757 | Local 0.1192 | F1_macro 0.7640 | WorstLoss 1.0413
[Tracker] Ep  108 | AvgR 0.0000 | Global 0.0004 | Local 0.1192 | F1_macro 0.7703 | WorstLoss 1.1269
[Tracker] Ep  109 | AvgR -0.0000 | Global -0.0777 | Local 0.1192 | F1_macro 0.7641 | WorstLoss 1.2157
[Tracker] Ep  110 | AvgR 0.0000 | Global 0.0359 | Local 0.1192 | F1_macro 0.7686 | WorstLoss 1.0867
[Tracker] Saved snapshot: ep0110_phase1_class1
[Tracker] Ep  111 | AvgR -0.0001 | Global -0.1084 | Local 0.1192 | F1_macro 0.7656 | WorstLoss 1.2497
[Tracker] Ep  112 | AvgR 0.0000 | Global 0.0293 | Local 0.1192 | F1_macro 0.7701 | WorstLoss 1.0943
[Tracker] Ep  113 | AvgR 0.0000 | Global 0.0332 | Local 0.1192 | F1_macro 0.7688 | WorstLoss 1.0898
[Tracker] Ep  114 | AvgR 0.0000 | Global 0.0402 | Local 0.1192 | F1_macro 0.7712 | WorstLoss 1.0819
[Tracker] Ep  115 | AvgR 0.0000 | Global 0.0385 | Local 0.1192 | F1_macro 0.7756 | WorstLoss 1.0839
[Tracker] Saved snapshot: ep0115_phase1_class1
[Tracker] Ep  116 | AvgR 0.0000 | Global 0.0184 | Local 0.1192 | F1_macro 0.7651 | WorstLoss 1.1065
[Tracker] Ep  117 | AvgR 0.0000 | Global 0.0116 | Local 0.1192 | F1_macro 0.7645 | WorstLoss 1.1141
[Tracker] Ep  118 | AvgR -0.0000 | Global -0.0373 | Local 0.1192 | F1_macro 0.7640 | WorstLoss 1.1695
[Tracker] Ep  119 | AvgR -0.0000 | Global -0.0825 | Local 0.1192 | F1_macro 0.7618 | WorstLoss 1.2210
[Tracker] Ep  120 | AvgR -0.0000 | Global -0.0001 | Local 0.1192 | F1_macro 0.7662 | WorstLoss 1.1275
[Tracker] Saved snapshot: ep0120_phase1_class1
[Tracker] Ep  121 | AvgR -0.0000 | Global -0.0557 | Local 0.1192 | F1_macro 0.7663 | WorstLoss 1.1904
[Tracker] Ep  122 | AvgR 0.0000 | Global 0.0222 | Local 0.1192 | F1_macro 0.7665 | WorstLoss 1.1021
[Tracker] Ep  123 | AvgR -0.0000 | Global -0.0291 | Local 0.1192 | F1_macro 0.7675 | WorstLoss 1.1602
[Tracker] Ep  124 | AvgR -0.0000 | Global -0.0441 | Local 0.1192 | F1_macro 0.7692 | WorstLoss 1.1772
[Tracker] Ep  125 | AvgR -0.0000 | Global -0.0610 | Local 0.1192 | F1_macro 0.7643 | WorstLoss 1.1960
[Tracker] Saved snapshot: ep0125_phase1_class1
[Tracker] Ep  126 | AvgR -0.0000 | Global -0.0937 | Local 0.1192 | F1_macro 0.7583 | WorstLoss 1.2333
[Tracker] Ep  127 | AvgR -0.0000 | Global -0.0490 | Local 0.1192 | F1_macro 0.7647 | WorstLoss 1.1828
[Tracker] Ep  128 | AvgR -0.0000 | Global -0.0043 | Local 0.1192 | F1_macro 0.7699 | WorstLoss 1.1321
[Tracker] Ep  129 | AvgR -0.0000 | Global -0.0450 | Local 0.1192 | F1_macro 0.7582 | WorstLoss 1.1783
[Tracker] Ep  130 | AvgR 0.0000 | Global 0.0316 | Local 0.1192 | F1_macro 0.7638 | WorstLoss 1.0916
[Tracker] Saved snapshot: ep0130_phase1_class1
[CMA-ES Phase] Finished phase1_class1 | best global_obj=0.1195
Phase 2 anchors: 1439 (y=0 & disadv=1)
[CMAESAgent] reset phase='phase2_class0' | D=10 param_dim=20 popsize=12 sigma0=1.000
FFNN Using device: cuda:1

============================================================
[CMA-ES Phase] phase2_class0 | target_class=0 | episodes=26 | popsize=12
============================================================
[Tracker] Ep    1 | AvgR -0.0000 | Global -0.0566 | Local 0.1192 | F1_macro 0.7496 | WorstLoss 1.1918
[Tracker] New BEST synthetic [phase2_class0] (by global.global_obj: -0.056573) saved.
[Tracker] BEST β weights [phase2_class0] saved -> paper_results_v4/SPECsc_census_cmaes_bias020_5s_EP130_PCA10_REWfairness_minID1_majID0_TRJ2000_REAL3000_BIAS0.2_GG202604041241_afeac7d2/seed_42/best_beta_state_dict_phase2_class0.pt
[Tracker] Ep    2 | AvgR -0.0000 | Global -0.0049 | Local 0.1192 | F1_macro 0.7661 | WorstLoss 1.1329
[Tracker] New BEST synthetic [phase2_class0] (by global.global_obj: -0.004902) saved.
[Tracker] BEST β weights [phase2_class0] saved -> paper_results_v4/SPECsc_census_cmaes_bias020_5s_EP130_PCA10_REWfairness_minID1_majID0_TRJ2000_REAL3000_BIAS0.2_GG202604041241_afeac7d2/seed_42/best_beta_state_dict_phase2_class0.pt
[Tracker] Ep    3 | AvgR -0.0000 | Global -0.0967 | Local 0.1192 | F1_macro 0.7623 | WorstLoss 1.2387
[Tracker] Ep    4 | AvgR -0.0000 | Global -0.0857 | Local 0.1192 | F1_macro 0.7506 | WorstLoss 1.2254
[Tracker] Ep    5 | AvgR 0.0000 | Global 0.0108 | Local 0.1192 | F1_macro 0.7643 | WorstLoss 1.1151
[Tracker] Saved snapshot: ep0005_phase2_class0
[Tracker] New BEST synthetic [phase2_class0] (by global.global_obj: 0.010772) saved.
[Tracker] BEST β weights [phase2_class0] saved -> paper_results_v4/SPECsc_census_cmaes_bias020_5s_EP130_PCA10_REWfairness_minID1_majID0_TRJ2000_REAL3000_BIAS0.2_GG202604041241_afeac7d2/seed_42/best_beta_state_dict_phase2_class0.pt
[Tracker] Ep    6 | AvgR 0.0000 | Global 0.0563 | Local 0.1192 | F1_macro 0.7669 | WorstLoss 1.0632
[Tracker] New BEST synthetic [phase2_class0] (by global.global_obj: 0.056273) saved.
[Tracker] BEST β weights [phase2_class0] saved -> paper_results_v4/SPECsc_census_cmaes_bias020_5s_EP130_PCA10_REWfairness_minID1_majID0_TRJ2000_REAL3000_BIAS0.2_GG202604041241_afeac7d2/seed_42/best_beta_state_dict_phase2_class0.pt
[Tracker] Ep    7 | AvgR 0.0000 | Global 0.0462 | Local 0.1192 | F1_macro 0.7639 | WorstLoss 1.0749
[Tracker] Ep    8 | AvgR 0.0000 | Global 0.0952 | Local 0.1192 | F1_macro 0.7532 | WorstLoss 1.0187
[Tracker] New BEST synthetic [phase2_class0] (by global.global_obj: 0.095212) saved.
[Tracker] BEST β weights [phase2_class0] saved -> paper_results_v4/SPECsc_census_cmaes_bias020_5s_EP130_PCA10_REWfairness_minID1_majID0_TRJ2000_REAL3000_BIAS0.2_GG202604041241_afeac7d2/seed_42/best_beta_state_dict_phase2_class0.pt
[Tracker] Ep    9 | AvgR 0.0001 | Global 0.2045 | Local 0.1192 | F1_macro 0.7731 | WorstLoss 0.8952
[Tracker] New BEST synthetic [phase2_class0] (by global.global_obj: 0.204471) saved.
[Tracker] BEST β weights [phase2_class0] saved -> paper_results_v4/SPECsc_census_cmaes_bias020_5s_EP130_PCA10_REWfairness_minID1_majID0_TRJ2000_REAL3000_BIAS0.2_GG202604041241_afeac7d2/seed_42/best_beta_state_dict_phase2_class0.pt
[Tracker] Ep   10 | AvgR 0.0000 | Global 0.0335 | Local 0.1192 | F1_macro 0.7566 | WorstLoss 1.0891
[Tracker] Saved snapshot: ep0010_phase2_class0
[Tracker] Ep   11 | AvgR 0.0000 | Global 0.0828 | Local 0.1192 | F1_macro 0.7545 | WorstLoss 1.0321
[Tracker] Ep   12 | AvgR -0.0001 | Global -0.2286 | Local 0.1192 | F1_macro 0.7481 | WorstLoss 1.3921
[Tracker] Ep   13 | AvgR 0.0000 | Global 0.0832 | Local 0.1192 | F1_macro 0.7532 | WorstLoss 1.0316
[Tracker] Ep   14 | AvgR 0.0001 | Global 0.2032 | Local 0.1192 | F1_macro 0.7650 | WorstLoss 0.8957
[Tracker] Ep   15 | AvgR 0.0001 | Global 0.1964 | Local 0.1192 | F1_macro 0.7689 | WorstLoss 0.9038
[Tracker] Saved snapshot: ep0015_phase2_class0
[Tracker] Ep   16 | AvgR 0.0001 | Global 0.1579 | Local 0.1192 | F1_macro 0.7521 | WorstLoss 0.9472
[Tracker] Ep   17 | AvgR 0.0000 | Global 0.0037 | Local 0.1192 | F1_macro 0.7430 | WorstLoss 1.1231
[Tracker] Ep   18 | AvgR 0.0000 | Global 0.0009 | Local 0.1192 | F1_macro 0.7535 | WorstLoss 1.1263
[Tracker] Ep   19 | AvgR 0.0001 | Global 0.1108 | Local 0.1192 | F1_macro 0.7679 | WorstLoss 1.0010
[Tracker] Ep   20 | AvgR 0.0000 | Global 0.0886 | Local 0.1192 | F1_macro 0.7480 | WorstLoss 1.0261
[Tracker] Saved snapshot: ep0020_phase2_class0
[Tracker] Ep   21 | AvgR 0.0001 | Global 0.2378 | Local 0.1192 | F1_macro 0.7594 | WorstLoss 0.8532
[Tracker] New BEST synthetic [phase2_class0] (by global.global_obj: 0.237828) saved.
[Tracker] BEST β weights [phase2_class0] saved -> paper_results_v4/SPECsc_census_cmaes_bias020_5s_EP130_PCA10_REWfairness_minID1_majID0_TRJ2000_REAL3000_BIAS0.2_GG202604041241_afeac7d2/seed_42/best_beta_state_dict_phase2_class0.pt
[Tracker] Ep   22 | AvgR 0.0000 | Global 0.0277 | Local 0.1192 | F1_macro 0.7589 | WorstLoss 1.0956
[Tracker] Ep   23 | AvgR 0.0000 | Global 0.0503 | Local 0.1192 | F1_macro 0.7568 | WorstLoss 1.0699
[Tracker] Ep   24 | AvgR 0.0001 | Global 0.1131 | Local 0.1192 | F1_macro 0.7604 | WorstLoss 0.9985
[Tracker] Ep   25 | AvgR -0.0001 | Global -0.1293 | Local 0.1192 | F1_macro 0.7489 | WorstLoss 1.2766
[Tracker] Saved snapshot: ep0025_phase2_class0
[Tracker] Ep   26 | AvgR 0.0000 | Global 0.0402 | Local 0.1192 | F1_macro 0.7354 | WorstLoss 1.0813
[CMA-ES Phase] Finished phase2_class0 | best global_obj=0.2378
FFNN Using device: cuda:1
[Combined] Saved combined beta -> paper_results_v4/SPECsc_census_cmaes_bias020_5s_EP130_PCA10_REWfairness_minID1_majID0_TRJ2000_REAL3000_BIAS0.2_GG202604041241_afeac7d2/seed_42/best_beta_state_dict.pt
[Combined] Saved combined synthetic -> paper_results_v4/SPECsc_census_cmaes_bias020_5s_EP130_PCA10_REWfairness_minID1_majID0_TRJ2000_REAL3000_BIAS0.2_GG202604041241_afeac7d2/seed_42/best_synthetic_combined.npz
FFNN Using device: cuda:1
[TestSuite] Loaded best β weights from: paper_results_v4/SPECsc_census_cmaes_bias020_5s_EP130_PCA10_REWfairness_minID1_majID0_TRJ2000_REAL3000_BIAS0.2_GG202604041241_afeac7d2/seed_42/best_beta_state_dict.pt

[TEST] Alpha -> F1(min)=0.6322 | F1(maj)=0.9009 | F1(weighted)=0.8362 | F1(macro)=0.7665 | Brier=0.1086
[TEST] Beta  -> F1(min)=0.6045 | F1(maj)=0.8934 | F1(weighted)=0.8238 | F1(macro)=0.7489 | Brier=0.1169
[TestSuite] Final test metrics appended to (seed): paper_results_v4/SPECsc_census_cmaes_bias020_5s_EP130_PCA10_REWfairness_minID1_majID0_TRJ2000_REAL3000_BIAS0.2_GG202604041241_afeac7d2/seed_42/final_test_metrics.csv
[TestSuite] Final test metrics appended to (experiment): paper_results_v4/SPECsc_census_cmaes_bias020_5s_EP130_PCA10_REWfairness_minID1_majID0_TRJ2000_REAL3000_BIAS0.2_GG202604041241_afeac7d2/final_test_metrics.csv
Total time 501.52s
[Tracker] Finished. Run folder: paper_results_v4/SPECsc_census_cmaes_bias020_5s_EP130_PCA10_REWfairness_minID1_majID0_TRJ2000_REAL3000_BIAS0.2_GG202604041241_afeac7d2/seed_42
[main] ---- running seed=0 ----
FFNN Using device: cuda:1
FFNN Using device: cuda:1
[Tracker] Experiment: SPECsc_census_cmaes_bias020_5s_EP130_PCA10_REWfairness_minID1_majID0_TRJ2000_REAL3000_BIAS0.2_GG202604041241_afeac7d2
[Tracker] Seed folder: paper_results_v4/SPECsc_census_cmaes_bias020_5s_EP130_PCA10_REWfairness_minID1_majID0_TRJ2000_REAL3000_BIAS0.2_GG202604041241_afeac7d2/seed_0
[Tracker] Run: 2026-04-04_12-49-48_seed0_101118_f9b1f256
[Tracker] Metrics CSV: paper_results_v4/SPECsc_census_cmaes_bias020_5s_EP130_PCA10_REWfairness_minID1_majID0_TRJ2000_REAL3000_BIAS0.2_GG202604041241_afeac7d2/seed_0/metrics.csv
[Tracker] Mirroring console to: paper_results_v4/SPECsc_census_cmaes_bias020_5s_EP130_PCA10_REWfairness_minID1_majID0_TRJ2000_REAL3000_BIAS0.2_GG202604041241_afeac7d2/seed_0/console.log
[TRAIN] size=3000, minority=600 (20.00%)
[VAL] size=6512, minority=1568 (24.08%)
[TEST] size=6513, minority=1569 (24.09%)
FFNN Using device: cuda:1
FFNN Using device: cuda:1
Beta will train with: 60.00% real data, 40.00% synthetic data: 
[disadv] group=1 per_g={0: 0.1939486861228943, 1: 0.4169524312019348} worst_4g=1.1565 soft_eo_alpha=0.0811
Anchors: 506 (disadv=1) sigma_anchor=0.8500
[Tracker] Alpha model state_dict saved to paper_results_v4/SPECsc_census_cmaes_bias020_5s_EP130_PCA10_REWfairness_minID1_majID0_TRJ2000_REAL3000_BIAS0.2_GG202604041241_afeac7d2/seed_0/alpha_state_dict.pt
[Tracker] Alpha model config saved to paper_results_v4/SPECsc_census_cmaes_bias020_5s_EP130_PCA10_REWfairness_minID1_majID0_TRJ2000_REAL3000_BIAS0.2_GG202604041241_afeac7d2/seed_0/ffnn_meta.json
[CMAESAgent] reset phase='phase1_class1' | D=10 param_dim=20 popsize=12 sigma0=1.000

============================================================
[CMA-ES Phase] phase1_class1 | target_class=1 | episodes=130 | popsize=12
============================================================
[Tracker] CSV header written with 47 columns.
[Tracker] Ep    1 | AvgR 0.0000 | Global 0.0993 | Local 0.1192 | F1_macro 0.7621 | WorstLoss 1.0416
[Tracker] New BEST synthetic [phase1_class1] (by global.global_obj: 0.099314) saved.
[Tracker] BEST β weights [phase1_class1] saved -> paper_results_v4/SPECsc_census_cmaes_bias020_5s_EP130_PCA10_REWfairness_minID1_majID0_TRJ2000_REAL3000_BIAS0.2_GG202604041241_afeac7d2/seed_0/best_beta_state_dict_phase1_class1.pt
[Tracker] Ep    2 | AvgR 0.0001 | Global 0.1253 | Local 0.1192 | F1_macro 0.7579 | WorstLoss 1.0115
[Tracker] New BEST synthetic [phase1_class1] (by global.global_obj: 0.125337) saved.
[Tracker] BEST β weights [phase1_class1] saved -> paper_results_v4/SPECsc_census_cmaes_bias020_5s_EP130_PCA10_REWfairness_minID1_majID0_TRJ2000_REAL3000_BIAS0.2_GG202604041241_afeac7d2/seed_0/best_beta_state_dict_phase1_class1.pt
[Tracker] Ep    3 | AvgR 0.0000 | Global 0.0610 | Local 0.1192 | F1_macro 0.7589 | WorstLoss 1.0859
[Tracker] Ep    4 | AvgR 0.0000 | Global 0.0062 | Local 0.1192 | F1_macro 0.7486 | WorstLoss 1.1493
[Tracker] Ep    5 | AvgR -0.0000 | Global -0.0254 | Local 0.1192 | F1_macro 0.7414 | WorstLoss 1.1863
[Tracker] Saved snapshot: ep0005_phase1_class1
[Tracker] Ep    6 | AvgR 0.0000 | Global 0.0414 | Local 0.1192 | F1_macro 0.7517 | WorstLoss 1.1086
[Tracker] Ep    7 | AvgR 0.0001 | Global 0.2081 | Local 0.1192 | F1_macro 0.7668 | WorstLoss 0.9155
[Tracker] New BEST synthetic [phase1_class1] (by global.global_obj: 0.208055) saved.
[Tracker] BEST β weights [phase1_class1] saved -> paper_results_v4/SPECsc_census_cmaes_bias020_5s_EP130_PCA10_REWfairness_minID1_majID0_TRJ2000_REAL3000_BIAS0.2_GG202604041241_afeac7d2/seed_0/best_beta_state_dict_phase1_class1.pt
[Tracker] Ep    8 | AvgR -0.0000 | Global -0.0838 | Local 0.1192 | F1_macro 0.7355 | WorstLoss 1.2534
[Tracker] Ep    9 | AvgR 0.0000 | Global 0.0093 | Local 0.1192 | F1_macro 0.7590 | WorstLoss 1.1457
[Tracker] Ep   10 | AvgR 0.0001 | Global 0.1012 | Local 0.1192 | F1_macro 0.7531 | WorstLoss 1.0384
[Tracker] Saved snapshot: ep0010_phase1_class1
[Tracker] Ep   11 | AvgR 0.0000 | Global 0.0323 | Local 0.1192 | F1_macro 0.7513 | WorstLoss 1.1190
[Tracker] Ep   12 | AvgR 0.0001 | Global 0.2182 | Local 0.1192 | F1_macro 0.7537 | WorstLoss 0.9027
[Tracker] New BEST synthetic [phase1_class1] (by global.global_obj: 0.218224) saved.
[Tracker] BEST β weights [phase1_class1] saved -> paper_results_v4/SPECsc_census_cmaes_bias020_5s_EP130_PCA10_REWfairness_minID1_majID0_TRJ2000_REAL3000_BIAS0.2_GG202604041241_afeac7d2/seed_0/best_beta_state_dict_phase1_class1.pt
[Tracker] Ep   13 | AvgR 0.0000 | Global 0.0773 | Local 0.1192 | F1_macro 0.7455 | WorstLoss 1.0666
[Tracker] Ep   14 | AvgR 0.0001 | Global 0.1821 | Local 0.1192 | F1_macro 0.7650 | WorstLoss 0.9454
[Tracker] Ep   15 | AvgR 0.0001 | Global 0.1008 | Local 0.1192 | F1_macro 0.7591 | WorstLoss 1.0388
[Tracker] Saved snapshot: ep0015_phase1_class1
[Tracker] Ep   16 | AvgR -0.0000 | Global -0.0632 | Local 0.1192 | F1_macro 0.7344 | WorstLoss 1.2297
[Tracker] Ep   17 | AvgR 0.0000 | Global 0.0392 | Local 0.1192 | F1_macro 0.7443 | WorstLoss 1.1109
[Tracker] Ep   18 | AvgR -0.0000 | Global -0.0466 | Local 0.1192 | F1_macro 0.7356 | WorstLoss 1.2109
[Tracker] Ep   19 | AvgR -0.0000 | Global -0.0174 | Local 0.1192 | F1_macro 0.7392 | WorstLoss 1.1770
[Tracker] Ep   20 | AvgR 0.0001 | Global 0.1475 | Local 0.1192 | F1_macro 0.7664 | WorstLoss 0.9856
[Tracker] Saved snapshot: ep0020_phase1_class1
[Tracker] Ep   21 | AvgR 0.0000 | Global 0.0361 | Local 0.1192 | F1_macro 0.7413 | WorstLoss 1.1142
[Tracker] Ep   22 | AvgR 0.0000 | Global 0.0386 | Local 0.1192 | F1_macro 0.7586 | WorstLoss 1.1119
[Tracker] Ep   23 | AvgR 0.0000 | Global 0.0653 | Local 0.1192 | F1_macro 0.7504 | WorstLoss 1.0809
[Tracker] Ep   24 | AvgR 0.0001 | Global 0.1036 | Local 0.1192 | F1_macro 0.7551 | WorstLoss 1.0364
[Tracker] Ep   25 | AvgR -0.0000 | Global -0.0090 | Local 0.1192 | F1_macro 0.7454 | WorstLoss 1.1668
[Tracker] Saved snapshot: ep0025_phase1_class1
[Tracker] Ep   26 | AvgR 0.0001 | Global 0.1128 | Local 0.1192 | F1_macro 0.7576 | WorstLoss 1.0257
[Tracker] Ep   27 | AvgR 0.0001 | Global 0.1295 | Local 0.1192 | F1_macro 0.7580 | WorstLoss 1.0058
[Tracker] Ep   28 | AvgR 0.0000 | Global 0.0591 | Local 0.1192 | F1_macro 0.7386 | WorstLoss 1.0877
[Tracker] Ep   29 | AvgR 0.0000 | Global 0.0901 | Local 0.1192 | F1_macro 0.7531 | WorstLoss 1.0515
[Tracker] Ep   30 | AvgR 0.0001 | Global 0.1235 | Local 0.1192 | F1_macro 0.7570 | WorstLoss 1.0136
[Tracker] Saved snapshot: ep0030_phase1_class1
[Tracker] Ep   31 | AvgR 0.0000 | Global 0.0443 | Local 0.1192 | F1_macro 0.7367 | WorstLoss 1.1052
[Tracker] Ep   32 | AvgR 0.0000 | Global 0.0402 | Local 0.1192 | F1_macro 0.7451 | WorstLoss 1.1098
[Tracker] Ep   33 | AvgR 0.0000 | Global 0.0566 | Local 0.1192 | F1_macro 0.7547 | WorstLoss 1.0907
[Tracker] Ep   34 | AvgR 0.0001 | Global 0.1277 | Local 0.1192 | F1_macro 0.7556 | WorstLoss 1.0084
[Tracker] Ep   35 | AvgR 0.0001 | Global 0.1298 | Local 0.1192 | F1_macro 0.7619 | WorstLoss 1.0063
[Tracker] Saved snapshot: ep0035_phase1_class1
[Tracker] Ep   36 | AvgR 0.0000 | Global 0.0243 | Local 0.1192 | F1_macro 0.7551 | WorstLoss 1.1282
[Tracker] Ep   37 | AvgR 0.0001 | Global 0.1135 | Local 0.1192 | F1_macro 0.7565 | WorstLoss 1.0246
[Tracker] Ep   38 | AvgR 0.0000 | Global 0.0405 | Local 0.1192 | F1_macro 0.7484 | WorstLoss 1.1096
[Tracker] Ep   39 | AvgR 0.0000 | Global 0.0203 | Local 0.1192 | F1_macro 0.7500 | WorstLoss 1.1328
[Tracker] Ep   40 | AvgR 0.0001 | Global 0.1842 | Local 0.1192 | F1_macro 0.7561 | WorstLoss 0.9426
[Tracker] Saved snapshot: ep0040_phase1_class1
[Tracker] Ep   41 | AvgR 0.0000 | Global 0.0370 | Local 0.1192 | F1_macro 0.7430 | WorstLoss 1.1134
[Tracker] Ep   42 | AvgR 0.0001 | Global 0.1233 | Local 0.1192 | F1_macro 0.7534 | WorstLoss 1.0136
[Tracker] Ep   43 | AvgR 0.0000 | Global 0.0057 | Local 0.1192 | F1_macro 0.7410 | WorstLoss 1.1499
[Tracker] Ep   44 | AvgR 0.0000 | Global 0.0954 | Local 0.1192 | F1_macro 0.7536 | WorstLoss 1.0456
[Tracker] Ep   45 | AvgR 0.0000 | Global 0.0881 | Local 0.1192 | F1_macro 0.7531 | WorstLoss 1.0541
[Tracker] Saved snapshot: ep0045_phase1_class1
[Tracker] Ep   46 | AvgR 0.0000 | Global 0.0924 | Local 0.1192 | F1_macro 0.7497 | WorstLoss 1.0486
[Tracker] Ep   47 | AvgR 0.0000 | Global 0.0863 | Local 0.1192 | F1_macro 0.7501 | WorstLoss 1.0564
[Tracker] Ep   48 | AvgR 0.0000 | Global 0.0493 | Local 0.1192 | F1_macro 0.7489 | WorstLoss 1.0992
[Tracker] Ep   49 | AvgR 0.0001 | Global 0.1543 | Local 0.1192 | F1_macro 0.7554 | WorstLoss 0.9778
[Tracker] Ep   50 | AvgR 0.0000 | Global 0.0384 | Local 0.1192 | F1_macro 0.7454 | WorstLoss 1.1117
[Tracker] Saved snapshot: ep0050_phase1_class1
[Tracker] Ep   51 | AvgR 0.0000 | Global 0.0860 | Local 0.1192 | F1_macro 0.7518 | WorstLoss 1.0568
[Tracker] Ep   52 | AvgR 0.0001 | Global 0.1869 | Local 0.1192 | F1_macro 0.7524 | WorstLoss 0.9400
[Tracker] Ep   53 | AvgR 0.0000 | Global 0.0669 | Local 0.1192 | F1_macro 0.7460 | WorstLoss 1.0786
[Tracker] Ep   54 | AvgR 0.0001 | Global 0.1618 | Local 0.1192 | F1_macro 0.7448 | WorstLoss 0.9686
[Tracker] Ep   55 | AvgR 0.0001 | Global 0.1175 | Local 0.1192 | F1_macro 0.7573 | WorstLoss 1.0192
[Tracker] Saved snapshot: ep0055_phase1_class1
[Tracker] Ep   56 | AvgR 0.0000 | Global 0.0971 | Local 0.1192 | F1_macro 0.7440 | WorstLoss 1.0441
[Tracker] Ep   57 | AvgR 0.0000 | Global 0.0228 | Local 0.1192 | F1_macro 0.7424 | WorstLoss 1.1299
[Tracker] Ep   58 | AvgR 0.0000 | Global 0.0855 | Local 0.1192 | F1_macro 0.7453 | WorstLoss 1.0575
[Tracker] Ep   59 | AvgR 0.0000 | Global 0.0453 | Local 0.1192 | F1_macro 0.7509 | WorstLoss 1.1039
[Tracker] Ep   60 | AvgR -0.0000 | Global -0.0108 | Local 0.1192 | F1_macro 0.7515 | WorstLoss 1.1690
[Tracker] Saved snapshot: ep0060_phase1_class1
[Tracker] Ep   61 | AvgR 0.0001 | Global 0.1736 | Local 0.1192 | F1_macro 0.7634 | WorstLoss 0.9558
[Tracker] Ep   62 | AvgR 0.0001 | Global 0.2347 | Local 0.1192 | F1_macro 0.7536 | WorstLoss 0.8843
[Tracker] New BEST synthetic [phase1_class1] (by global.global_obj: 0.234733) saved.
[Tracker] BEST β weights [phase1_class1] saved -> paper_results_v4/SPECsc_census_cmaes_bias020_5s_EP130_PCA10_REWfairness_minID1_majID0_TRJ2000_REAL3000_BIAS0.2_GG202604041241_afeac7d2/seed_0/best_beta_state_dict_phase1_class1.pt
[Tracker] Ep   63 | AvgR 0.0001 | Global 0.1559 | Local 0.1192 | F1_macro 0.7545 | WorstLoss 0.9759
[Tracker] Ep   64 | AvgR 0.0000 | Global 0.0664 | Local 0.1192 | F1_macro 0.7521 | WorstLoss 1.0792
[Tracker] Ep   65 | AvgR 0.0001 | Global 0.1041 | Local 0.1192 | F1_macro 0.7598 | WorstLoss 1.0353
[Tracker] Saved snapshot: ep0065_phase1_class1
[Tracker] Ep   66 | AvgR 0.0000 | Global 0.0848 | Local 0.1192 | F1_macro 0.7556 | WorstLoss 1.0585
[Tracker] Ep   67 | AvgR 0.0000 | Global 0.0554 | Local 0.1192 | F1_macro 0.7555 | WorstLoss 1.0921
[Tracker] Ep   68 | AvgR 0.0001 | Global 0.1636 | Local 0.1192 | F1_macro 0.7627 | WorstLoss 0.9671
[Tracker] Ep   69 | AvgR 0.0000 | Global 0.0827 | Local 0.1192 | F1_macro 0.7372 | WorstLoss 1.0605
[Tracker] Ep   70 | AvgR 0.0001 | Global 0.2139 | Local 0.1192 | F1_macro 0.7653 | WorstLoss 0.9084
[Tracker] Saved snapshot: ep0070_phase1_class1
[Tracker] Ep   71 | AvgR 0.0000 | Global 0.0387 | Local 0.1192 | F1_macro 0.7387 | WorstLoss 1.1118
[Tracker] Ep   72 | AvgR 0.0001 | Global 0.1450 | Local 0.1192 | F1_macro 0.7602 | WorstLoss 0.9887
[Tracker] Ep   73 | AvgR 0.0001 | Global 0.1252 | Local 0.1192 | F1_macro 0.7622 | WorstLoss 1.0115
[Tracker] Ep   74 | AvgR 0.0001 | Global 0.1201 | Local 0.1192 | F1_macro 0.7395 | WorstLoss 1.0174
[Tracker] Ep   75 | AvgR 0.0001 | Global 0.1096 | Local 0.1192 | F1_macro 0.7433 | WorstLoss 1.0294
[Tracker] Saved snapshot: ep0075_phase1_class1
[Tracker] Ep   76 | AvgR 0.0001 | Global 0.1613 | Local 0.1192 | F1_macro 0.7477 | WorstLoss 0.9695
[Tracker] Ep   77 | AvgR 0.0000 | Global 0.0573 | Local 0.1192 | F1_macro 0.7515 | WorstLoss 1.0902
[Tracker] Ep   78 | AvgR 0.0001 | Global 0.1503 | Local 0.1192 | F1_macro 0.7559 | WorstLoss 0.9826
[Tracker] Ep   79 | AvgR 0.0001 | Global 0.1171 | Local 0.1192 | F1_macro 0.7542 | WorstLoss 1.0206
[Tracker] Ep   80 | AvgR 0.0001 | Global 0.2146 | Local 0.1192 | F1_macro 0.7627 | WorstLoss 0.9081
[Tracker] Saved snapshot: ep0080_phase1_class1
[Tracker] Ep   81 | AvgR 0.0001 | Global 0.1330 | Local 0.1192 | F1_macro 0.7493 | WorstLoss 1.0016
[Tracker] Ep   82 | AvgR 0.0001 | Global 0.1481 | Local 0.1192 | F1_macro 0.7598 | WorstLoss 0.9849
[Tracker] Ep   83 | AvgR 0.0000 | Global 0.0876 | Local 0.1192 | F1_macro 0.7403 | WorstLoss 1.0546
[Tracker] Ep   84 | AvgR 0.0001 | Global 0.1239 | Local 0.1192 | F1_macro 0.7503 | WorstLoss 1.0130
[Tracker] Ep   85 | AvgR 0.0000 | Global 0.0598 | Local 0.1192 | F1_macro 0.7546 | WorstLoss 1.0872
[Tracker] Saved snapshot: ep0085_phase1_class1
[Tracker] Ep   86 | AvgR 0.0001 | Global 0.1011 | Local 0.1192 | F1_macro 0.7482 | WorstLoss 1.0388
[Tracker] Ep   87 | AvgR 0.0001 | Global 0.1403 | Local 0.1192 | F1_macro 0.7575 | WorstLoss 0.9943
[Tracker] Ep   88 | AvgR 0.0001 | Global 0.1593 | Local 0.1192 | F1_macro 0.7623 | WorstLoss 0.9723
[Tracker] Ep   89 | AvgR 0.0001 | Global 0.1188 | Local 0.1192 | F1_macro 0.7567 | WorstLoss 1.0190
[Tracker] Ep   90 | AvgR 0.0001 | Global 0.1247 | Local 0.1192 | F1_macro 0.7528 | WorstLoss 1.0121
[Tracker] Saved snapshot: ep0090_phase1_class1
[Tracker] Ep   91 | AvgR 0.0001 | Global 0.1673 | Local 0.1192 | F1_macro 0.7544 | WorstLoss 0.9629
[Tracker] Ep   92 | AvgR 0.0000 | Global 0.0905 | Local 0.1192 | F1_macro 0.7500 | WorstLoss 1.0516
[Tracker] Ep   93 | AvgR 0.0001 | Global 0.1556 | Local 0.1192 | F1_macro 0.7530 | WorstLoss 0.9765
[Tracker] Ep   94 | AvgR 0.0001 | Global 0.1377 | Local 0.1192 | F1_macro 0.7491 | WorstLoss 0.9968
[Tracker] Ep   95 | AvgR 0.0001 | Global 0.1175 | Local 0.1192 | F1_macro 0.7460 | WorstLoss 1.0201
[Tracker] Saved snapshot: ep0095_phase1_class1
[Tracker] Ep   96 | AvgR 0.0000 | Global 0.0365 | Local 0.1192 | F1_macro 0.7547 | WorstLoss 1.1143
[Tracker] Ep   97 | AvgR 0.0000 | Global 0.0615 | Local 0.1192 | F1_macro 0.7384 | WorstLoss 1.0854
[Tracker] Ep   98 | AvgR 0.0001 | Global 0.1586 | Local 0.1192 | F1_macro 0.7490 | WorstLoss 0.9730
[Tracker] Ep   99 | AvgR 0.0001 | Global 0.1835 | Local 0.1192 | F1_macro 0.7544 | WorstLoss 0.9440
[Tracker] Ep  100 | AvgR 0.0000 | Global 0.0786 | Local 0.1192 | F1_macro 0.7600 | WorstLoss 1.0656
[Tracker] Saved snapshot: ep0100_phase1_class1
[Tracker] Ep  101 | AvgR 0.0000 | Global 0.0200 | Local 0.1192 | F1_macro 0.7312 | WorstLoss 1.1333
[Tracker] Ep  102 | AvgR 0.0001 | Global 0.1568 | Local 0.1192 | F1_macro 0.7514 | WorstLoss 0.9745
[Tracker] Ep  103 | AvgR 0.0000 | Global 0.0766 | Local 0.1192 | F1_macro 0.7498 | WorstLoss 1.0678
[Tracker] Ep  104 | AvgR 0.0001 | Global 0.1437 | Local 0.1192 | F1_macro 0.7470 | WorstLoss 0.9902
[Tracker] Ep  105 | AvgR 0.0001 | Global 0.1154 | Local 0.1192 | F1_macro 0.7523 | WorstLoss 1.0226
[Tracker] Saved snapshot: ep0105_phase1_class1
[Tracker] Ep  106 | AvgR 0.0000 | Global 0.0954 | Local 0.1192 | F1_macro 0.7507 | WorstLoss 1.0447
[Tracker] Ep  107 | AvgR 0.0000 | Global 0.0908 | Local 0.1192 | F1_macro 0.7523 | WorstLoss 1.0515
[Tracker] Ep  108 | AvgR 0.0001 | Global 0.2160 | Local 0.1192 | F1_macro 0.7585 | WorstLoss 0.9066
[Tracker] Ep  109 | AvgR 0.0000 | Global 0.1000 | Local 0.1192 | F1_macro 0.7389 | WorstLoss 1.0405
[Tracker] Ep  110 | AvgR 0.0000 | Global 0.0326 | Local 0.1192 | F1_macro 0.7424 | WorstLoss 1.1187
[Tracker] Saved snapshot: ep0110_phase1_class1
[Tracker] Ep  111 | AvgR 0.0001 | Global 0.1308 | Local 0.1192 | F1_macro 0.7537 | WorstLoss 1.0048
[Tracker] Ep  112 | AvgR 0.0001 | Global 0.1454 | Local 0.1192 | F1_macro 0.7672 | WorstLoss 0.9884
[Tracker] Ep  113 | AvgR 0.0000 | Global 0.0642 | Local 0.1192 | F1_macro 0.7397 | WorstLoss 1.0821
[Tracker] Ep  114 | AvgR 0.0001 | Global 0.1510 | Local 0.1192 | F1_macro 0.7513 | WorstLoss 0.9815
[Tracker] Ep  115 | AvgR 0.0001 | Global 0.1141 | Local 0.1192 | F1_macro 0.7476 | WorstLoss 1.0245
[Tracker] Saved snapshot: ep0115_phase1_class1
[Tracker] Ep  116 | AvgR 0.0001 | Global 0.2424 | Local 0.1192 | F1_macro 0.7623 | WorstLoss 0.8753
[Tracker] New BEST synthetic [phase1_class1] (by global.global_obj: 0.242354) saved.
[Tracker] BEST β weights [phase1_class1] saved -> paper_results_v4/SPECsc_census_cmaes_bias020_5s_EP130_PCA10_REWfairness_minID1_majID0_TRJ2000_REAL3000_BIAS0.2_GG202604041241_afeac7d2/seed_0/best_beta_state_dict_phase1_class1.pt
[Tracker] Ep  117 | AvgR 0.0001 | Global 0.2036 | Local 0.1192 | F1_macro 0.7652 | WorstLoss 0.9207
[Tracker] Ep  118 | AvgR 0.0000 | Global 0.0372 | Local 0.1192 | F1_macro 0.7461 | WorstLoss 1.1134
[Tracker] Ep  119 | AvgR 0.0000 | Global 0.0856 | Local 0.1192 | F1_macro 0.7476 | WorstLoss 1.0574
[Tracker] Ep  120 | AvgR 0.0001 | Global 0.1351 | Local 0.1192 | F1_macro 0.7528 | WorstLoss 0.9999
[Tracker] Saved snapshot: ep0120_phase1_class1
[Tracker] Ep  121 | AvgR 0.0001 | Global 0.1339 | Local 0.1192 | F1_macro 0.7576 | WorstLoss 1.0015
[Tracker] Ep  122 | AvgR 0.0001 | Global 0.1288 | Local 0.1192 | F1_macro 0.7445 | WorstLoss 1.0072
[Tracker] Ep  123 | AvgR 0.0000 | Global 0.0652 | Local 0.1192 | F1_macro 0.7439 | WorstLoss 1.0808
[Tracker] Ep  124 | AvgR 0.0000 | Global 0.0876 | Local 0.1192 | F1_macro 0.7482 | WorstLoss 1.0551
[Tracker] Ep  125 | AvgR 0.0001 | Global 0.1610 | Local 0.1192 | F1_macro 0.7569 | WorstLoss 0.9703
[Tracker] Saved snapshot: ep0125_phase1_class1
[Tracker] Ep  126 | AvgR 0.0001 | Global 0.1021 | Local 0.1192 | F1_macro 0.7449 | WorstLoss 1.0384
[Tracker] Ep  127 | AvgR 0.0000 | Global 0.0844 | Local 0.1192 | F1_macro 0.7410 | WorstLoss 1.0585
[Tracker] Ep  128 | AvgR 0.0001 | Global 0.1067 | Local 0.1192 | F1_macro 0.7516 | WorstLoss 1.0329
[Tracker] Ep  129 | AvgR 0.0001 | Global 0.1175 | Local 0.1192 | F1_macro 0.7505 | WorstLoss 1.0199
[Tracker] Ep  130 | AvgR 0.0001 | Global 0.1033 | Local 0.1192 | F1_macro 0.7512 | WorstLoss 1.0370
[Tracker] Saved snapshot: ep0130_phase1_class1
[CMA-ES Phase] Finished phase1_class1 | best global_obj=0.2424
Phase 2 anchors: 1516 (y=0 & disadv=1)
[CMAESAgent] reset phase='phase2_class0' | D=10 param_dim=20 popsize=12 sigma0=1.000
FFNN Using device: cuda:1

============================================================
[CMA-ES Phase] phase2_class0 | target_class=0 | episodes=26 | popsize=12
============================================================
[Tracker] Ep    1 | AvgR 0.0001 | Global 0.1033 | Local 0.1192 | F1_macro 0.7493 | WorstLoss 1.0359
[Tracker] New BEST synthetic [phase2_class0] (by global.global_obj: 0.103344) saved.
[Tracker] BEST β weights [phase2_class0] saved -> paper_results_v4/SPECsc_census_cmaes_bias020_5s_EP130_PCA10_REWfairness_minID1_majID0_TRJ2000_REAL3000_BIAS0.2_GG202604041241_afeac7d2/seed_0/best_beta_state_dict_phase2_class0.pt
[Tracker] Ep    2 | AvgR 0.0001 | Global 0.1217 | Local 0.1192 | F1_macro 0.7614 | WorstLoss 1.0155
[Tracker] New BEST synthetic [phase2_class0] (by global.global_obj: 0.121680) saved.
[Tracker] BEST β weights [phase2_class0] saved -> paper_results_v4/SPECsc_census_cmaes_bias020_5s_EP130_PCA10_REWfairness_minID1_majID0_TRJ2000_REAL3000_BIAS0.2_GG202604041241_afeac7d2/seed_0/best_beta_state_dict_phase2_class0.pt
[Tracker] Ep    3 | AvgR -0.0000 | Global -0.0056 | Local 0.1192 | F1_macro 0.7423 | WorstLoss 1.1629
[Tracker] Ep    4 | AvgR 0.0000 | Global 0.0726 | Local 0.1192 | F1_macro 0.7520 | WorstLoss 1.0724
[Tracker] Ep    5 | AvgR 0.0000 | Global 0.0683 | Local 0.1192 | F1_macro 0.7507 | WorstLoss 1.0767
[Tracker] Saved snapshot: ep0005_phase2_class0
[Tracker] Ep    6 | AvgR 0.0000 | Global 0.0685 | Local 0.1192 | F1_macro 0.7521 | WorstLoss 1.0770
[Tracker] Ep    7 | AvgR 0.0001 | Global 0.1604 | Local 0.1192 | F1_macro 0.7457 | WorstLoss 0.9708
[Tracker] New BEST synthetic [phase2_class0] (by global.global_obj: 0.160387) saved.
[Tracker] BEST β weights [phase2_class0] saved -> paper_results_v4/SPECsc_census_cmaes_bias020_5s_EP130_PCA10_REWfairness_minID1_majID0_TRJ2000_REAL3000_BIAS0.2_GG202604041241_afeac7d2/seed_0/best_beta_state_dict_phase2_class0.pt
[Tracker] Ep    8 | AvgR 0.0001 | Global 0.1881 | Local 0.1192 | F1_macro 0.7539 | WorstLoss 0.9375
[Tracker] New BEST synthetic [phase2_class0] (by global.global_obj: 0.188095) saved.
[Tracker] BEST β weights [phase2_class0] saved -> paper_results_v4/SPECsc_census_cmaes_bias020_5s_EP130_PCA10_REWfairness_minID1_majID0_TRJ2000_REAL3000_BIAS0.2_GG202604041241_afeac7d2/seed_0/best_beta_state_dict_phase2_class0.pt
[Tracker] Ep    9 | AvgR 0.0001 | Global 0.1717 | Local 0.1192 | F1_macro 0.7565 | WorstLoss 0.9578
[Tracker] Ep   10 | AvgR 0.0000 | Global 0.0515 | Local 0.1192 | F1_macro 0.7490 | WorstLoss 1.0963
[Tracker] Saved snapshot: ep0010_phase2_class0
[Tracker] Ep   11 | AvgR 0.0001 | Global 0.1657 | Local 0.1192 | F1_macro 0.7630 | WorstLoss 0.9635
[Tracker] Ep   12 | AvgR 0.0000 | Global 0.0165 | Local 0.1192 | F1_macro 0.7302 | WorstLoss 1.1371
[Tracker] Ep   13 | AvgR -0.0000 | Global -0.0799 | Local 0.1192 | F1_macro 0.7300 | WorstLoss 1.2494
[Tracker] Ep   14 | AvgR 0.0001 | Global 0.1229 | Local 0.1192 | F1_macro 0.7503 | WorstLoss 1.0139
[Tracker] Ep   15 | AvgR 0.0001 | Global 0.1525 | Local 0.1192 | F1_macro 0.7418 | WorstLoss 0.9793
[Tracker] Saved snapshot: ep0015_phase2_class0
[Tracker] Ep   16 | AvgR 0.0000 | Global 0.0018 | Local 0.1192 | F1_macro 0.7455 | WorstLoss 1.1544
[Tracker] Ep   17 | AvgR 0.0000 | Global 0.0597 | Local 0.1192 | F1_macro 0.7533 | WorstLoss 1.0867
[Tracker] Ep   18 | AvgR 0.0000 | Global 0.0391 | Local 0.1192 | F1_macro 0.7439 | WorstLoss 1.1111
[Tracker] Ep   19 | AvgR 0.0001 | Global 0.2190 | Local 0.1192 | F1_macro 0.7642 | WorstLoss 0.9028
[Tracker] New BEST synthetic [phase2_class0] (by global.global_obj: 0.218997) saved.
[Tracker] BEST β weights [phase2_class0] saved -> paper_results_v4/SPECsc_census_cmaes_bias020_5s_EP130_PCA10_REWfairness_minID1_majID0_TRJ2000_REAL3000_BIAS0.2_GG202604041241_afeac7d2/seed_0/best_beta_state_dict_phase2_class0.pt
[Tracker] Ep   20 | AvgR 0.0001 | Global 0.1065 | Local 0.1192 | F1_macro 0.7400 | WorstLoss 1.0331
[Tracker] Saved snapshot: ep0020_phase2_class0
[Tracker] Ep   21 | AvgR 0.0001 | Global 0.2311 | Local 0.1192 | F1_macro 0.7520 | WorstLoss 0.8881
[Tracker] New BEST synthetic [phase2_class0] (by global.global_obj: 0.231072) saved.
[Tracker] BEST β weights [phase2_class0] saved -> paper_results_v4/SPECsc_census_cmaes_bias020_5s_EP130_PCA10_REWfairness_minID1_majID0_TRJ2000_REAL3000_BIAS0.2_GG202604041241_afeac7d2/seed_0/best_beta_state_dict_phase2_class0.pt
[Tracker] Ep   22 | AvgR 0.0001 | Global 0.1841 | Local 0.1192 | F1_macro 0.7538 | WorstLoss 0.9430
[Tracker] Ep   23 | AvgR 0.0000 | Global 0.0319 | Local 0.1192 | F1_macro 0.7387 | WorstLoss 1.1194
[Tracker] Ep   24 | AvgR -0.0000 | Global -0.0554 | Local 0.1192 | F1_macro 0.7366 | WorstLoss 1.2212
[Tracker] Ep   25 | AvgR 0.0000 | Global 0.0452 | Local 0.1192 | F1_macro 0.7341 | WorstLoss 1.1041
[Tracker] Saved snapshot: ep0025_phase2_class0
[Tracker] Ep   26 | AvgR 0.0001 | Global 0.1213 | Local 0.1192 | F1_macro 0.7513 | WorstLoss 1.0159
[CMA-ES Phase] Finished phase2_class0 | best global_obj=0.2311
FFNN Using device: cuda:1
[Combined] Saved combined beta -> paper_results_v4/SPECsc_census_cmaes_bias020_5s_EP130_PCA10_REWfairness_minID1_majID0_TRJ2000_REAL3000_BIAS0.2_GG202604041241_afeac7d2/seed_0/best_beta_state_dict.pt
[Combined] Saved combined synthetic -> paper_results_v4/SPECsc_census_cmaes_bias020_5s_EP130_PCA10_REWfairness_minID1_majID0_TRJ2000_REAL3000_BIAS0.2_GG202604041241_afeac7d2/seed_0/best_synthetic_combined.npz
FFNN Using device: cuda:1
[TestSuite] Loaded best β weights from: paper_results_v4/SPECsc_census_cmaes_bias020_5s_EP130_PCA10_REWfairness_minID1_majID0_TRJ2000_REAL3000_BIAS0.2_GG202604041241_afeac7d2/seed_0/best_beta_state_dict.pt

[TEST] Alpha -> F1(min)=0.5995 | F1(maj)=0.8997 | F1(weighted)=0.8274 | F1(macro)=0.7496 | Brier=0.1087
[TEST] Beta  -> F1(min)=0.6035 | F1(maj)=0.8977 | F1(weighted)=0.8269 | F1(macro)=0.7506 | Brier=0.1106
[TestSuite] Final test metrics appended to (seed): paper_results_v4/SPECsc_census_cmaes_bias020_5s_EP130_PCA10_REWfairness_minID1_majID0_TRJ2000_REAL3000_BIAS0.2_GG202604041241_afeac7d2/seed_0/final_test_metrics.csv
[TestSuite] Final test metrics appended to (experiment): paper_results_v4/SPECsc_census_cmaes_bias020_5s_EP130_PCA10_REWfairness_minID1_majID0_TRJ2000_REAL3000_BIAS0.2_GG202604041241_afeac7d2/final_test_metrics.csv
Total time 500.00s
[Tracker] Finished. Run folder: paper_results_v4/SPECsc_census_cmaes_bias020_5s_EP130_PCA10_REWfairness_minID1_majID0_TRJ2000_REAL3000_BIAS0.2_GG202604041241_afeac7d2/seed_0
[main] ---- running seed=1 ----
FFNN Using device: cuda:1
FFNN Using device: cuda:1
[Tracker] Experiment: SPECsc_census_cmaes_bias020_5s_EP130_PCA10_REWfairness_minID1_majID0_TRJ2000_REAL3000_BIAS0.2_GG202604041241_afeac7d2
[Tracker] Seed folder: paper_results_v4/SPECsc_census_cmaes_bias020_5s_EP130_PCA10_REWfairness_minID1_majID0_TRJ2000_REAL3000_BIAS0.2_GG202604041241_afeac7d2/seed_1
[Tracker] Run: 2026-04-04_12-58-08_seed1_101118_ee97492d
[Tracker] Metrics CSV: paper_results_v4/SPECsc_census_cmaes_bias020_5s_EP130_PCA10_REWfairness_minID1_majID0_TRJ2000_REAL3000_BIAS0.2_GG202604041241_afeac7d2/seed_1/metrics.csv
[Tracker] Mirroring console to: paper_results_v4/SPECsc_census_cmaes_bias020_5s_EP130_PCA10_REWfairness_minID1_majID0_TRJ2000_REAL3000_BIAS0.2_GG202604041241_afeac7d2/seed_1/console.log
[TRAIN] size=3000, minority=600 (20.00%)
[VAL] size=6512, minority=1568 (24.08%)
[TEST] size=6513, minority=1569 (24.09%)
FFNN Using device: cuda:1
FFNN Using device: cuda:1
Beta will train with: 60.00% real data, 40.00% synthetic data: 
[disadv] group=1 per_g={0: 0.19305947422981262, 1: 0.39715540409088135} worst_4g=1.1927 soft_eo_alpha=0.0881
Anchors: 512 (disadv=1) sigma_anchor=0.8500
[Tracker] Alpha model state_dict saved to paper_results_v4/SPECsc_census_cmaes_bias020_5s_EP130_PCA10_REWfairness_minID1_majID0_TRJ2000_REAL3000_BIAS0.2_GG202604041241_afeac7d2/seed_1/alpha_state_dict.pt
[Tracker] Alpha model config saved to paper_results_v4/SPECsc_census_cmaes_bias020_5s_EP130_PCA10_REWfairness_minID1_majID0_TRJ2000_REAL3000_BIAS0.2_GG202604041241_afeac7d2/seed_1/ffnn_meta.json
[CMAESAgent] reset phase='phase1_class1' | D=10 param_dim=20 popsize=12 sigma0=1.000

============================================================
[CMA-ES Phase] phase1_class1 | target_class=1 | episodes=130 | popsize=12
============================================================
[Tracker] CSV header written with 47 columns.
[Tracker] Ep    1 | AvgR 0.0000 | Global 0.0213 | Local 0.1192 | F1_macro 0.7609 | WorstLoss 1.1672
[Tracker] New BEST synthetic [phase1_class1] (by global.global_obj: 0.021290) saved.
[Tracker] BEST β weights [phase1_class1] saved -> paper_results_v4/SPECsc_census_cmaes_bias020_5s_EP130_PCA10_REWfairness_minID1_majID0_TRJ2000_REAL3000_BIAS0.2_GG202604041241_afeac7d2/seed_1/best_beta_state_dict_phase1_class1.pt
[Tracker] Ep    2 | AvgR 0.0000 | Global 0.0336 | Local 0.1192 | F1_macro 0.7725 | WorstLoss 1.1522
[Tracker] New BEST synthetic [phase1_class1] (by global.global_obj: 0.033621) saved.
[Tracker] BEST β weights [phase1_class1] saved -> paper_results_v4/SPECsc_census_cmaes_bias020_5s_EP130_PCA10_REWfairness_minID1_majID0_TRJ2000_REAL3000_BIAS0.2_GG202604041241_afeac7d2/seed_1/best_beta_state_dict_phase1_class1.pt
[Tracker] Ep    3 | AvgR -0.0000 | Global -0.0240 | Local 0.1192 | F1_macro 0.7595 | WorstLoss 1.2217
[Tracker] Ep    4 | AvgR 0.0000 | Global 0.0018 | Local 0.1192 | F1_macro 0.7596 | WorstLoss 1.1905
[Tracker] Ep    5 | AvgR -0.0000 | Global -0.0020 | Local 0.1192 | F1_macro 0.7633 | WorstLoss 1.1952
[Tracker] Saved snapshot: ep0005_phase1_class1
[Tracker] Ep    6 | AvgR -0.0001 | Global -0.1645 | Local 0.1192 | F1_macro 0.7616 | WorstLoss 1.3905
[Tracker] Ep    7 | AvgR 0.0000 | Global 0.0634 | Local 0.1192 | F1_macro 0.7674 | WorstLoss 1.1165
[Tracker] New BEST synthetic [phase1_class1] (by global.global_obj: 0.063377) saved.
[Tracker] BEST β weights [phase1_class1] saved -> paper_results_v4/SPECsc_census_cmaes_bias020_5s_EP130_PCA10_REWfairness_minID1_majID0_TRJ2000_REAL3000_BIAS0.2_GG202604041241_afeac7d2/seed_1/best_beta_state_dict_phase1_class1.pt
[Tracker] Ep    8 | AvgR 0.0000 | Global 0.0056 | Local 0.1192 | F1_macro 0.7669 | WorstLoss 1.1859
[Tracker] Ep    9 | AvgR -0.0000 | Global -0.0390 | Local 0.1192 | F1_macro 0.7577 | WorstLoss 1.2396
[Tracker] Ep   10 | AvgR 0.0000 | Global 0.0074 | Local 0.1192 | F1_macro 0.7598 | WorstLoss 1.1838
[Tracker] Saved snapshot: ep0010_phase1_class1
[Tracker] Ep   11 | AvgR -0.0001 | Global -0.1382 | Local 0.1192 | F1_macro 0.7532 | WorstLoss 1.3585
[Tracker] Ep   12 | AvgR 0.0000 | Global 0.0309 | Local 0.1192 | F1_macro 0.7726 | WorstLoss 1.1557
[Tracker] Ep   13 | AvgR 0.0000 | Global 0.0008 | Local 0.1192 | F1_macro 0.7662 | WorstLoss 1.1917
[Tracker] Ep   14 | AvgR 0.0001 | Global 0.1226 | Local 0.1192 | F1_macro 0.7714 | WorstLoss 1.0458
[Tracker] New BEST synthetic [phase1_class1] (by global.global_obj: 0.122611) saved.
[Tracker] BEST β weights [phase1_class1] saved -> paper_results_v4/SPECsc_census_cmaes_bias020_5s_EP130_PCA10_REWfairness_minID1_majID0_TRJ2000_REAL3000_BIAS0.2_GG202604041241_afeac7d2/seed_1/best_beta_state_dict_phase1_class1.pt
[Tracker] Ep   15 | AvgR -0.0001 | Global -0.1313 | Local 0.1192 | F1_macro 0.7610 | WorstLoss 1.3497
[Tracker] Saved snapshot: ep0015_phase1_class1
[Tracker] Ep   16 | AvgR -0.0000 | Global -0.0460 | Local 0.1192 | F1_macro 0.7539 | WorstLoss 1.2478
[Tracker] Ep   17 | AvgR 0.0000 | Global 0.0657 | Local 0.1192 | F1_macro 0.7784 | WorstLoss 1.1141
[Tracker] Ep   18 | AvgR 0.0000 | Global 0.0016 | Local 0.1192 | F1_macro 0.7714 | WorstLoss 1.1907
[Tracker] Ep   19 | AvgR 0.0000 | Global 0.0839 | Local 0.1192 | F1_macro 0.7694 | WorstLoss 1.0924
[Tracker] Ep   20 | AvgR 0.0000 | Global 0.0569 | Local 0.1192 | F1_macro 0.7610 | WorstLoss 1.1240
[Tracker] Saved snapshot: ep0020_phase1_class1
[Tracker] Ep   21 | AvgR -0.0000 | Global -0.0306 | Local 0.1192 | F1_macro 0.7651 | WorstLoss 1.2293
[Tracker] Ep   22 | AvgR -0.0001 | Global -0.1127 | Local 0.1192 | F1_macro 0.7678 | WorstLoss 1.3272
[Tracker] Ep   23 | AvgR -0.0001 | Global -0.1434 | Local 0.1192 | F1_macro 0.7522 | WorstLoss 1.3653
[Tracker] Ep   24 | AvgR -0.0000 | Global -0.0111 | Local 0.1192 | F1_macro 0.7616 | WorstLoss 1.2060
[Tracker] Ep   25 | AvgR -0.0000 | Global -0.0427 | Local 0.1192 | F1_macro 0.7558 | WorstLoss 1.2438
[Tracker] Saved snapshot: ep0025_phase1_class1
[Tracker] Ep   26 | AvgR 0.0000 | Global 0.0703 | Local 0.1192 | F1_macro 0.7669 | WorstLoss 1.1081
[Tracker] Ep   27 | AvgR 0.0000 | Global 0.0099 | Local 0.1192 | F1_macro 0.7577 | WorstLoss 1.1808
[Tracker] Ep   28 | AvgR 0.0000 | Global 0.0233 | Local 0.1192 | F1_macro 0.7639 | WorstLoss 1.1648
[Tracker] Ep   29 | AvgR -0.0001 | Global -0.1126 | Local 0.1192 | F1_macro 0.7668 | WorstLoss 1.3271
[Tracker] Ep   30 | AvgR -0.0000 | Global -0.0922 | Local 0.1192 | F1_macro 0.7547 | WorstLoss 1.3032
[Tracker] Saved snapshot: ep0030_phase1_class1
[Tracker] Ep   31 | AvgR 0.0001 | Global 0.1014 | Local 0.1192 | F1_macro 0.7691 | WorstLoss 1.0714
[Tracker] Ep   32 | AvgR -0.0000 | Global -0.0634 | Local 0.1192 | F1_macro 0.7688 | WorstLoss 1.2683
[Tracker] Ep   33 | AvgR -0.0001 | Global -0.1183 | Local 0.1192 | F1_macro 0.7640 | WorstLoss 1.3339
[Tracker] Ep   34 | AvgR 0.0000 | Global 0.0079 | Local 0.1192 | F1_macro 0.7649 | WorstLoss 1.1832
[Tracker] Ep   35 | AvgR 0.0001 | Global 0.1181 | Local 0.1192 | F1_macro 0.7699 | WorstLoss 1.0512
[Tracker] Saved snapshot: ep0035_phase1_class1
[Tracker] Ep   36 | AvgR -0.0000 | Global -0.0329 | Local 0.1192 | F1_macro 0.7635 | WorstLoss 1.2321
[Tracker] Ep   37 | AvgR -0.0000 | Global -0.0872 | Local 0.1192 | F1_macro 0.7557 | WorstLoss 1.2969
[Tracker] Ep   38 | AvgR 0.0000 | Global 0.0982 | Local 0.1192 | F1_macro 0.7692 | WorstLoss 1.0748
[Tracker] Ep   39 | AvgR -0.0000 | Global -0.0280 | Local 0.1192 | F1_macro 0.7692 | WorstLoss 1.2261
[Tracker] Ep   40 | AvgR 0.0000 | Global 0.0659 | Local 0.1192 | F1_macro 0.7758 | WorstLoss 1.1139
[Tracker] Saved snapshot: ep0040_phase1_class1
[Tracker] Ep   41 | AvgR -0.0000 | Global -0.0615 | Local 0.1192 | F1_macro 0.7674 | WorstLoss 1.2663
[Tracker] Ep   42 | AvgR 0.0000 | Global 0.0399 | Local 0.1192 | F1_macro 0.7585 | WorstLoss 1.1447
[Tracker] Ep   43 | AvgR -0.0001 | Global -0.1713 | Local 0.1192 | F1_macro 0.7435 | WorstLoss 1.3977
[Tracker] Ep   44 | AvgR 0.0000 | Global 0.0958 | Local 0.1192 | F1_macro 0.7741 | WorstLoss 1.0784
[Tracker] Ep   45 | AvgR 0.0001 | Global 0.1381 | Local 0.1192 | F1_macro 0.7699 | WorstLoss 1.0270
[Tracker] Saved snapshot: ep0045_phase1_class1
[Tracker] New BEST synthetic [phase1_class1] (by global.global_obj: 0.138105) saved.
[Tracker] BEST β weights [phase1_class1] saved -> paper_results_v4/SPECsc_census_cmaes_bias020_5s_EP130_PCA10_REWfairness_minID1_majID0_TRJ2000_REAL3000_BIAS0.2_GG202604041241_afeac7d2/seed_1/best_beta_state_dict_phase1_class1.pt
[Tracker] Ep   46 | AvgR -0.0000 | Global -0.0228 | Local 0.1192 | F1_macro 0.7562 | WorstLoss 1.2200
[Tracker] Ep   47 | AvgR -0.0000 | Global -0.0071 | Local 0.1192 | F1_macro 0.7609 | WorstLoss 1.2011
[Tracker] Ep   48 | AvgR -0.0001 | Global -0.1453 | Local 0.1192 | F1_macro 0.7605 | WorstLoss 1.3664
[Tracker] Ep   49 | AvgR -0.0000 | Global -0.0328 | Local 0.1192 | F1_macro 0.7673 | WorstLoss 1.2318
[Tracker] Ep   50 | AvgR 0.0000 | Global 0.0351 | Local 0.1192 | F1_macro 0.7531 | WorstLoss 1.1506
[Tracker] Saved snapshot: ep0050_phase1_class1
[Tracker] Ep   51 | AvgR -0.0000 | Global -0.0094 | Local 0.1192 | F1_macro 0.7614 | WorstLoss 1.2039
[Tracker] Ep   52 | AvgR -0.0000 | Global -0.0847 | Local 0.1192 | F1_macro 0.7572 | WorstLoss 1.2940
[Tracker] Ep   53 | AvgR 0.0000 | Global 0.0122 | Local 0.1192 | F1_macro 0.7629 | WorstLoss 1.1780
[Tracker] Ep   54 | AvgR -0.0001 | Global -0.1809 | Local 0.1192 | F1_macro 0.7539 | WorstLoss 1.4084
[Tracker] Ep   55 | AvgR -0.0000 | Global -0.0907 | Local 0.1192 | F1_macro 0.7612 | WorstLoss 1.3017
[Tracker] Saved snapshot: ep0055_phase1_class1
[Tracker] Ep   56 | AvgR -0.0000 | Global -0.0571 | Local 0.1192 | F1_macro 0.7629 | WorstLoss 1.2611
[Tracker] Ep   57 | AvgR -0.0000 | Global -0.0897 | Local 0.1192 | F1_macro 0.7578 | WorstLoss 1.3002
[Tracker] Ep   58 | AvgR 0.0000 | Global 0.0577 | Local 0.1192 | F1_macro 0.7685 | WorstLoss 1.1237
[Tracker] Ep   59 | AvgR -0.0000 | Global -0.0010 | Local 0.1192 | F1_macro 0.7701 | WorstLoss 1.1939
[Tracker] Ep   60 | AvgR -0.0000 | Global -0.0684 | Local 0.1192 | F1_macro 0.7628 | WorstLoss 1.2746
[Tracker] Saved snapshot: ep0060_phase1_class1
[Tracker] Ep   61 | AvgR 0.0000 | Global 0.0724 | Local 0.1192 | F1_macro 0.7577 | WorstLoss 1.1059
[Tracker] Ep   62 | AvgR 0.0000 | Global 0.0591 | Local 0.1192 | F1_macro 0.7643 | WorstLoss 1.1217
[Tracker] Ep   63 | AvgR 0.0000 | Global 0.0539 | Local 0.1192 | F1_macro 0.7693 | WorstLoss 1.1282
[Tracker] Ep   64 | AvgR 0.0000 | Global 0.0798 | Local 0.1192 | F1_macro 0.7683 | WorstLoss 1.0971
[Tracker] Ep   65 | AvgR 0.0000 | Global 0.0879 | Local 0.1192 | F1_macro 0.7685 | WorstLoss 1.0872
[Tracker] Saved snapshot: ep0065_phase1_class1
[Tracker] Ep   66 | AvgR 0.0000 | Global 0.0132 | Local 0.1192 | F1_macro 0.7720 | WorstLoss 1.1769
[Tracker] Ep   67 | AvgR 0.0000 | Global 0.0031 | Local 0.1192 | F1_macro 0.7572 | WorstLoss 1.1890
[Tracker] Ep   68 | AvgR -0.0000 | Global -0.0368 | Local 0.1192 | F1_macro 0.7589 | WorstLoss 1.2366
[Tracker] Ep   69 | AvgR 0.0000 | Global 0.0471 | Local 0.1192 | F1_macro 0.7623 | WorstLoss 1.1362
[Tracker] Ep   70 | AvgR -0.0000 | Global -0.0350 | Local 0.1192 | F1_macro 0.7553 | WorstLoss 1.2346
[Tracker] Saved snapshot: ep0070_phase1_class1
[Tracker] Ep   71 | AvgR 0.0000 | Global 0.0138 | Local 0.1192 | F1_macro 0.7673 | WorstLoss 1.1761
[Tracker] Ep   72 | AvgR -0.0001 | Global -0.1250 | Local 0.1192 | F1_macro 0.7559 | WorstLoss 1.3427
[Tracker] Ep   73 | AvgR -0.0000 | Global -0.0594 | Local 0.1192 | F1_macro 0.7653 | WorstLoss 1.2640
[Tracker] Ep   74 | AvgR 0.0000 | Global 0.0599 | Local 0.1192 | F1_macro 0.7535 | WorstLoss 1.1203
[Tracker] Ep   75 | AvgR 0.0000 | Global 0.0542 | Local 0.1192 | F1_macro 0.7698 | WorstLoss 1.1276
[Tracker] Saved snapshot: ep0075_phase1_class1
[Tracker] Ep   76 | AvgR 0.0000 | Global 0.0292 | Local 0.1192 | F1_macro 0.7631 | WorstLoss 1.1576
[Tracker] Ep   77 | AvgR -0.0000 | Global -0.0548 | Local 0.1192 | F1_macro 0.7522 | WorstLoss 1.2582
[Tracker] Ep   78 | AvgR 0.0000 | Global 0.0080 | Local 0.1192 | F1_macro 0.7560 | WorstLoss 1.1831
[Tracker] Ep   79 | AvgR 0.0000 | Global 0.0273 | Local 0.1192 | F1_macro 0.7610 | WorstLoss 1.1599
[Tracker] Ep   80 | AvgR 0.0000 | Global 0.0352 | Local 0.1192 | F1_macro 0.7687 | WorstLoss 1.1506
[Tracker] Saved snapshot: ep0080_phase1_class1
[Tracker] Ep   81 | AvgR -0.0000 | Global -0.0547 | Local 0.1192 | F1_macro 0.7673 | WorstLoss 1.2580
[Tracker] Ep   82 | AvgR 0.0000 | Global 0.0644 | Local 0.1192 | F1_macro 0.7597 | WorstLoss 1.1155
[Tracker] Ep   83 | AvgR -0.0000 | Global -0.0212 | Local 0.1192 | F1_macro 0.7618 | WorstLoss 1.2180
[Tracker] Ep   84 | AvgR 0.0000 | Global 0.0585 | Local 0.1192 | F1_macro 0.7682 | WorstLoss 1.1228
[Tracker] Ep   85 | AvgR 0.0000 | Global 0.0971 | Local 0.1192 | F1_macro 0.7734 | WorstLoss 1.0766
[Tracker] Saved snapshot: ep0085_phase1_class1
[Tracker] Ep   86 | AvgR 0.0000 | Global 0.0863 | Local 0.1192 | F1_macro 0.7603 | WorstLoss 1.0891
[Tracker] Ep   87 | AvgR 0.0001 | Global 0.1859 | Local 0.1192 | F1_macro 0.7617 | WorstLoss 0.9688
[Tracker] New BEST synthetic [phase1_class1] (by global.global_obj: 0.185871) saved.
[Tracker] BEST β weights [phase1_class1] saved -> paper_results_v4/SPECsc_census_cmaes_bias020_5s_EP130_PCA10_REWfairness_minID1_majID0_TRJ2000_REAL3000_BIAS0.2_GG202604041241_afeac7d2/seed_1/best_beta_state_dict_phase1_class1.pt
[Tracker] Ep   88 | AvgR 0.0001 | Global 0.1107 | Local 0.1192 | F1_macro 0.7702 | WorstLoss 1.0601
[Tracker] Ep   89 | AvgR 0.0000 | Global 0.0766 | Local 0.1192 | F1_macro 0.7664 | WorstLoss 1.1011
[Tracker] Ep   90 | AvgR 0.0000 | Global 0.0578 | Local 0.1192 | F1_macro 0.7679 | WorstLoss 1.1235
[Tracker] Saved snapshot: ep0090_phase1_class1
[Tracker] Ep   91 | AvgR 0.0000 | Global 0.0231 | Local 0.1192 | F1_macro 0.7633 | WorstLoss 1.1650
[Tracker] Ep   92 | AvgR 0.0000 | Global 0.0323 | Local 0.1192 | F1_macro 0.7616 | WorstLoss 1.1541
[Tracker] Ep   93 | AvgR -0.0000 | Global -0.0408 | Local 0.1192 | F1_macro 0.7627 | WorstLoss 1.2415
[Tracker] Ep   94 | AvgR 0.0001 | Global 0.1617 | Local 0.1192 | F1_macro 0.7734 | WorstLoss 0.9989
[Tracker] Ep   95 | AvgR 0.0001 | Global 0.1588 | Local 0.1192 | F1_macro 0.7676 | WorstLoss 1.0023
[Tracker] Saved snapshot: ep0095_phase1_class1
[Tracker] Ep   96 | AvgR 0.0000 | Global 0.0348 | Local 0.1192 | F1_macro 0.7537 | WorstLoss 1.1507
[Tracker] Ep   97 | AvgR 0.0000 | Global 0.0466 | Local 0.1192 | F1_macro 0.7627 | WorstLoss 1.1369
[Tracker] Ep   98 | AvgR 0.0000 | Global 0.0585 | Local 0.1192 | F1_macro 0.7600 | WorstLoss 1.1225
[Tracker] Ep   99 | AvgR 0.0000 | Global 0.0465 | Local 0.1192 | F1_macro 0.7561 | WorstLoss 1.1370
[Tracker] Ep  100 | AvgR 0.0000 | Global 0.0525 | Local 0.1192 | F1_macro 0.7572 | WorstLoss 1.1297
[Tracker] Saved snapshot: ep0100_phase1_class1
[Tracker] Ep  101 | AvgR 0.0001 | Global 0.1337 | Local 0.1192 | F1_macro 0.7647 | WorstLoss 1.0324
[Tracker] Ep  102 | AvgR 0.0000 | Global 0.0855 | Local 0.1192 | F1_macro 0.7700 | WorstLoss 1.0904
[Tracker] Ep  103 | AvgR 0.0000 | Global 0.0345 | Local 0.1192 | F1_macro 0.7637 | WorstLoss 1.1515
[Tracker] Ep  104 | AvgR 0.0000 | Global 0.0492 | Local 0.1192 | F1_macro 0.7629 | WorstLoss 1.1336
[Tracker] Ep  105 | AvgR 0.0001 | Global 0.1127 | Local 0.1192 | F1_macro 0.7696 | WorstLoss 1.0575
[Tracker] Saved snapshot: ep0105_phase1_class1
[Tracker] Ep  106 | AvgR 0.0001 | Global 0.1464 | Local 0.1192 | F1_macro 0.7539 | WorstLoss 1.0156
[Tracker] Ep  107 | AvgR -0.0000 | Global -0.0166 | Local 0.1192 | F1_macro 0.7630 | WorstLoss 1.2125
[Tracker] Ep  108 | AvgR -0.0000 | Global -0.0520 | Local 0.1192 | F1_macro 0.7633 | WorstLoss 1.2550
[Tracker] Ep  109 | AvgR 0.0001 | Global 0.1267 | Local 0.1192 | F1_macro 0.7651 | WorstLoss 1.0407
[Tracker] Ep  110 | AvgR 0.0000 | Global 0.0223 | Local 0.1192 | F1_macro 0.7592 | WorstLoss 1.1659
[Tracker] Saved snapshot: ep0110_phase1_class1
[Tracker] Ep  111 | AvgR 0.0001 | Global 0.1384 | Local 0.1192 | F1_macro 0.7680 | WorstLoss 1.0274
[Tracker] Ep  112 | AvgR 0.0001 | Global 0.1048 | Local 0.1192 | F1_macro 0.7678 | WorstLoss 1.0674
[Tracker] Ep  113 | AvgR 0.0001 | Global 0.2042 | Local 0.1192 | F1_macro 0.7727 | WorstLoss 0.9478
[Tracker] New BEST synthetic [phase1_class1] (by global.global_obj: 0.204192) saved.
[Tracker] BEST β weights [phase1_class1] saved -> paper_results_v4/SPECsc_census_cmaes_bias020_5s_EP130_PCA10_REWfairness_minID1_majID0_TRJ2000_REAL3000_BIAS0.2_GG202604041241_afeac7d2/seed_1/best_beta_state_dict_phase1_class1.pt
[Tracker] Ep  114 | AvgR -0.0000 | Global -0.0596 | Local 0.1192 | F1_macro 0.7514 | WorstLoss 1.2639
[Tracker] Ep  115 | AvgR 0.0000 | Global 0.0644 | Local 0.1192 | F1_macro 0.7692 | WorstLoss 1.1156
[Tracker] Saved snapshot: ep0115_phase1_class1
[Tracker] Ep  116 | AvgR 0.0000 | Global 0.0443 | Local 0.1192 | F1_macro 0.7741 | WorstLoss 1.1397
[Tracker] Ep  117 | AvgR 0.0001 | Global 0.1682 | Local 0.1192 | F1_macro 0.7716 | WorstLoss 0.9909
[Tracker] Ep  118 | AvgR 0.0000 | Global 0.0131 | Local 0.1192 | F1_macro 0.7507 | WorstLoss 1.1769
[Tracker] Ep  119 | AvgR 0.0001 | Global 0.1494 | Local 0.1192 | F1_macro 0.7628 | WorstLoss 1.0120
[Tracker] Ep  120 | AvgR 0.0001 | Global 0.1089 | Local 0.1192 | F1_macro 0.7634 | WorstLoss 1.0624
[Tracker] Saved snapshot: ep0120_phase1_class1
[Tracker] Ep  121 | AvgR 0.0001 | Global 0.1010 | Local 0.1192 | F1_macro 0.7759 | WorstLoss 1.0718
[Tracker] Ep  122 | AvgR 0.0000 | Global 0.0486 | Local 0.1192 | F1_macro 0.7628 | WorstLoss 1.1345
[Tracker] Ep  123 | AvgR 0.0001 | Global 0.1242 | Local 0.1192 | F1_macro 0.7677 | WorstLoss 1.0440
[Tracker] Ep  124 | AvgR -0.0001 | Global -0.1189 | Local 0.1192 | F1_macro 0.7503 | WorstLoss 1.3350
[Tracker] Ep  125 | AvgR 0.0001 | Global 0.1591 | Local 0.1192 | F1_macro 0.7774 | WorstLoss 1.0025
[Tracker] Saved snapshot: ep0125_phase1_class1
[Tracker] Ep  126 | AvgR 0.0001 | Global 0.1546 | Local 0.1192 | F1_macro 0.7663 | WorstLoss 1.0073
[Tracker] Ep  127 | AvgR 0.0000 | Global 0.0372 | Local 0.1192 | F1_macro 0.7621 | WorstLoss 1.1480
[Tracker] Ep  128 | AvgR 0.0000 | Global 0.0879 | Local 0.1192 | F1_macro 0.7648 | WorstLoss 1.0877
[Tracker] Ep  129 | AvgR 0.0001 | Global 0.1279 | Local 0.1192 | F1_macro 0.7672 | WorstLoss 1.0398
[Tracker] Ep  130 | AvgR 0.0001 | Global 0.1893 | Local 0.1192 | F1_macro 0.7723 | WorstLoss 0.9656
[Tracker] Saved snapshot: ep0130_phase1_class1
[CMA-ES Phase] Finished phase1_class1 | best global_obj=0.2042
Phase 2 anchors: 1493 (y=0 & disadv=1)
[CMAESAgent] reset phase='phase2_class0' | D=10 param_dim=20 popsize=12 sigma0=1.000
FFNN Using device: cuda:1

============================================================
[CMA-ES Phase] phase2_class0 | target_class=0 | episodes=26 | popsize=12
============================================================
[Tracker] Ep    1 | AvgR 0.0000 | Global 0.0234 | Local 0.1192 | F1_macro 0.7546 | WorstLoss 1.1644
[Tracker] New BEST synthetic [phase2_class0] (by global.global_obj: 0.023390) saved.
[Tracker] BEST β weights [phase2_class0] saved -> paper_results_v4/SPECsc_census_cmaes_bias020_5s_EP130_PCA10_REWfairness_minID1_majID0_TRJ2000_REAL3000_BIAS0.2_GG202604041241_afeac7d2/seed_1/best_beta_state_dict_phase2_class0.pt
[Tracker] Ep    2 | AvgR 0.0001 | Global 0.1061 | Local 0.1192 | F1_macro 0.7694 | WorstLoss 1.0656
[Tracker] New BEST synthetic [phase2_class0] (by global.global_obj: 0.106144) saved.
[Tracker] BEST β weights [phase2_class0] saved -> paper_results_v4/SPECsc_census_cmaes_bias020_5s_EP130_PCA10_REWfairness_minID1_majID0_TRJ2000_REAL3000_BIAS0.2_GG202604041241_afeac7d2/seed_1/best_beta_state_dict_phase2_class0.pt
[Tracker] Ep    3 | AvgR -0.0000 | Global -0.0084 | Local 0.1192 | F1_macro 0.7284 | WorstLoss 1.2029
[Tracker] Ep    4 | AvgR 0.0000 | Global 0.0690 | Local 0.1192 | F1_macro 0.7652 | WorstLoss 1.1099
[Tracker] Ep    5 | AvgR -0.0001 | Global -0.2593 | Local 0.1192 | F1_macro 0.7412 | WorstLoss 1.5064
[Tracker] Saved snapshot: ep0005_phase2_class0
[Tracker] Ep    6 | AvgR 0.0000 | Global 0.0580 | Local 0.1192 | F1_macro 0.7584 | WorstLoss 1.1228
[Tracker] Ep    7 | AvgR -0.0000 | Global -0.0527 | Local 0.1192 | F1_macro 0.7641 | WorstLoss 1.2560
[Tracker] Ep    8 | AvgR 0.0000 | Global 0.0346 | Local 0.1192 | F1_macro 0.7565 | WorstLoss 1.1511
[Tracker] Ep    9 | AvgR -0.0000 | Global -0.0040 | Local 0.1192 | F1_macro 0.7513 | WorstLoss 1.1975
[Tracker] Ep   10 | AvgR 0.0000 | Global 0.0205 | Local 0.1192 | F1_macro 0.7424 | WorstLoss 1.1681
[Tracker] Saved snapshot: ep0010_phase2_class0
[Tracker] Ep   11 | AvgR 0.0000 | Global 0.0075 | Local 0.1192 | F1_macro 0.7628 | WorstLoss 1.1836
[Tracker] Ep   12 | AvgR -0.0002 | Global -0.3319 | Local 0.1192 | F1_macro 0.7471 | WorstLoss 1.5949
[Tracker] Ep   13 | AvgR 0.0000 | Global 0.0369 | Local 0.1192 | F1_macro 0.7621 | WorstLoss 1.1486
[Tracker] Ep   14 | AvgR -0.0001 | Global -0.2009 | Local 0.1192 | F1_macro 0.7405 | WorstLoss 1.4344
[Tracker] Ep   15 | AvgR 0.0000 | Global 0.0735 | Local 0.1192 | F1_macro 0.7554 | WorstLoss 1.1043
[Tracker] Saved snapshot: ep0015_phase2_class0
[Tracker] Ep   16 | AvgR -0.0002 | Global -0.4019 | Local 0.1192 | F1_macro 0.7406 | WorstLoss 1.6771
[Tracker] Ep   17 | AvgR 0.0000 | Global 0.0552 | Local 0.1192 | F1_macro 0.7615 | WorstLoss 1.1261
[Tracker] Ep   18 | AvgR 0.0001 | Global 0.2616 | Local 0.1192 | F1_macro 0.7523 | WorstLoss 0.8772
[Tracker] New BEST synthetic [phase2_class0] (by global.global_obj: 0.261569) saved.
[Tracker] BEST β weights [phase2_class0] saved -> paper_results_v4/SPECsc_census_cmaes_bias020_5s_EP130_PCA10_REWfairness_minID1_majID0_TRJ2000_REAL3000_BIAS0.2_GG202604041241_afeac7d2/seed_1/best_beta_state_dict_phase2_class0.pt
[Tracker] Ep   19 | AvgR 0.0000 | Global 0.0823 | Local 0.1192 | F1_macro 0.7608 | WorstLoss 1.0939
[Tracker] Ep   20 | AvgR 0.0001 | Global 0.1534 | Local 0.1192 | F1_macro 0.7636 | WorstLoss 1.0083
[Tracker] Saved snapshot: ep0020_phase2_class0
[Tracker] Ep   21 | AvgR 0.0001 | Global 0.1194 | Local 0.1192 | F1_macro 0.7359 | WorstLoss 1.0483
[Tracker] Ep   22 | AvgR 0.0000 | Global 0.0627 | Local 0.1192 | F1_macro 0.7556 | WorstLoss 1.1173
[Tracker] Ep   23 | AvgR -0.0002 | Global -0.3367 | Local 0.1192 | F1_macro 0.7322 | WorstLoss 1.6013
[Tracker] Ep   24 | AvgR 0.0001 | Global 0.1597 | Local 0.1192 | F1_macro 0.7723 | WorstLoss 1.0006
[Tracker] Ep   25 | AvgR 0.0001 | Global 0.1069 | Local 0.1192 | F1_macro 0.7386 | WorstLoss 1.0640
[Tracker] Saved snapshot: ep0025_phase2_class0
[Tracker] Ep   26 | AvgR 0.0001 | Global 0.1250 | Local 0.1192 | F1_macro 0.7625 | WorstLoss 1.0429
[CMA-ES Phase] Finished phase2_class0 | best global_obj=0.2616
FFNN Using device: cuda:1
[Combined] Saved combined beta -> paper_results_v4/SPECsc_census_cmaes_bias020_5s_EP130_PCA10_REWfairness_minID1_majID0_TRJ2000_REAL3000_BIAS0.2_GG202604041241_afeac7d2/seed_1/best_beta_state_dict.pt
[Combined] Saved combined synthetic -> paper_results_v4/SPECsc_census_cmaes_bias020_5s_EP130_PCA10_REWfairness_minID1_majID0_TRJ2000_REAL3000_BIAS0.2_GG202604041241_afeac7d2/seed_1/best_synthetic_combined.npz
FFNN Using device: cuda:1
[TestSuite] Loaded best β weights from: paper_results_v4/SPECsc_census_cmaes_bias020_5s_EP130_PCA10_REWfairness_minID1_majID0_TRJ2000_REAL3000_BIAS0.2_GG202604041241_afeac7d2/seed_1/best_beta_state_dict.pt

[TEST] Alpha -> F1(min)=0.6238 | F1(maj)=0.9007 | F1(weighted)=0.8340 | F1(macro)=0.7623 | Brier=0.1076
[TEST] Beta  -> F1(min)=0.6126 | F1(maj)=0.8969 | F1(weighted)=0.8284 | F1(macro)=0.7547 | Brier=0.1113
[TestSuite] Final test metrics appended to (seed): paper_results_v4/SPECsc_census_cmaes_bias020_5s_EP130_PCA10_REWfairness_minID1_majID0_TRJ2000_REAL3000_BIAS0.2_GG202604041241_afeac7d2/seed_1/final_test_metrics.csv
[TestSuite] Final test metrics appended to (experiment): paper_results_v4/SPECsc_census_cmaes_bias020_5s_EP130_PCA10_REWfairness_minID1_majID0_TRJ2000_REAL3000_BIAS0.2_GG202604041241_afeac7d2/final_test_metrics.csv
Total time 499.36s
[Tracker] Finished. Run folder: paper_results_v4/SPECsc_census_cmaes_bias020_5s_EP130_PCA10_REWfairness_minID1_majID0_TRJ2000_REAL3000_BIAS0.2_GG202604041241_afeac7d2/seed_1
[main] ---- running seed=2 ----
FFNN Using device: cuda:1
FFNN Using device: cuda:1
[Tracker] Experiment: SPECsc_census_cmaes_bias020_5s_EP130_PCA10_REWfairness_minID1_majID0_TRJ2000_REAL3000_BIAS0.2_GG202604041241_afeac7d2
[Tracker] Seed folder: paper_results_v4/SPECsc_census_cmaes_bias020_5s_EP130_PCA10_REWfairness_minID1_majID0_TRJ2000_REAL3000_BIAS0.2_GG202604041241_afeac7d2/seed_2
[Tracker] Run: 2026-04-04_13-06-27_seed2_101118_eefede19
[Tracker] Metrics CSV: paper_results_v4/SPECsc_census_cmaes_bias020_5s_EP130_PCA10_REWfairness_minID1_majID0_TRJ2000_REAL3000_BIAS0.2_GG202604041241_afeac7d2/seed_2/metrics.csv
[Tracker] Mirroring console to: paper_results_v4/SPECsc_census_cmaes_bias020_5s_EP130_PCA10_REWfairness_minID1_majID0_TRJ2000_REAL3000_BIAS0.2_GG202604041241_afeac7d2/seed_2/console.log
[TRAIN] size=3000, minority=600 (20.00%)
[VAL] size=6512, minority=1568 (24.08%)
[TEST] size=6513, minority=1569 (24.09%)
FFNN Using device: cuda:1
FFNN Using device: cuda:1
Beta will train with: 60.00% real data, 40.00% synthetic data: 
[disadv] group=1 per_g={0: 0.2024012804031372, 1: 0.3993946611881256} worst_4g=1.5515 soft_eo_alpha=0.2037
Anchors: 516 (disadv=1) sigma_anchor=0.8500
[Tracker] Alpha model state_dict saved to paper_results_v4/SPECsc_census_cmaes_bias020_5s_EP130_PCA10_REWfairness_minID1_majID0_TRJ2000_REAL3000_BIAS0.2_GG202604041241_afeac7d2/seed_2/alpha_state_dict.pt
[Tracker] Alpha model config saved to paper_results_v4/SPECsc_census_cmaes_bias020_5s_EP130_PCA10_REWfairness_minID1_majID0_TRJ2000_REAL3000_BIAS0.2_GG202604041241_afeac7d2/seed_2/ffnn_meta.json
[CMAESAgent] reset phase='phase1_class1' | D=10 param_dim=20 popsize=12 sigma0=1.000

============================================================
[CMA-ES Phase] phase1_class1 | target_class=1 | episodes=130 | popsize=12
============================================================
[Tracker] CSV header written with 47 columns.
[Tracker] Ep    1 | AvgR 0.0000 | Global 0.0063 | Local 0.1192 | F1_macro 0.7562 | WorstLoss 1.5418
[Tracker] New BEST synthetic [phase1_class1] (by global.global_obj: 0.006262) saved.
[Tracker] BEST β weights [phase1_class1] saved -> paper_results_v4/SPECsc_census_cmaes_bias020_5s_EP130_PCA10_REWfairness_minID1_majID0_TRJ2000_REAL3000_BIAS0.2_GG202604041241_afeac7d2/seed_2/best_beta_state_dict_phase1_class1.pt
[Tracker] Ep    2 | AvgR 0.0000 | Global 0.0943 | Local 0.1192 | F1_macro 0.7548 | WorstLoss 1.4053
[Tracker] New BEST synthetic [phase1_class1] (by global.global_obj: 0.094276) saved.
[Tracker] BEST β weights [phase1_class1] saved -> paper_results_v4/SPECsc_census_cmaes_bias020_5s_EP130_PCA10_REWfairness_minID1_majID0_TRJ2000_REAL3000_BIAS0.2_GG202604041241_afeac7d2/seed_2/best_beta_state_dict_phase1_class1.pt
[Tracker] Ep    3 | AvgR -0.0000 | Global -0.0625 | Local 0.1192 | F1_macro 0.7579 | WorstLoss 1.6486
[Tracker] Ep    4 | AvgR 0.0000 | Global 0.0801 | Local 0.1192 | F1_macro 0.7676 | WorstLoss 1.4272
[Tracker] Ep    5 | AvgR -0.0000 | Global -0.0292 | Local 0.1192 | F1_macro 0.7623 | WorstLoss 1.5970
[Tracker] Saved snapshot: ep0005_phase1_class1
[Tracker] Ep    6 | AvgR -0.0000 | Global -0.0846 | Local 0.1192 | F1_macro 0.7563 | WorstLoss 1.6829
[Tracker] Ep    7 | AvgR -0.0000 | Global -0.0171 | Local 0.1192 | F1_macro 0.7654 | WorstLoss 1.5783
[Tracker] Ep    8 | AvgR 0.0000 | Global 0.0553 | Local 0.1192 | F1_macro 0.7657 | WorstLoss 1.4653
[Tracker] Ep    9 | AvgR 0.0000 | Global 0.0092 | Local 0.1192 | F1_macro 0.7562 | WorstLoss 1.5372
[Tracker] Ep   10 | AvgR -0.0000 | Global -0.0664 | Local 0.1192 | F1_macro 0.7547 | WorstLoss 1.6547
[Tracker] Saved snapshot: ep0010_phase1_class1
[Tracker] Ep   11 | AvgR -0.0001 | Global -0.1530 | Local 0.1192 | F1_macro 0.7490 | WorstLoss 1.7925
[Tracker] Ep   12 | AvgR 0.0001 | Global 0.1435 | Local 0.1192 | F1_macro 0.7661 | WorstLoss 1.3276
[Tracker] New BEST synthetic [phase1_class1] (by global.global_obj: 0.143460) saved.
[Tracker] BEST β weights [phase1_class1] saved -> paper_results_v4/SPECsc_census_cmaes_bias020_5s_EP130_PCA10_REWfairness_minID1_majID0_TRJ2000_REAL3000_BIAS0.2_GG202604041241_afeac7d2/seed_2/best_beta_state_dict_phase1_class1.pt
[Tracker] Ep   13 | AvgR -0.0001 | Global -0.1275 | Local 0.1192 | F1_macro 0.7515 | WorstLoss 1.7507
[Tracker] Ep   14 | AvgR 0.0000 | Global 0.0047 | Local 0.1192 | F1_macro 0.7694 | WorstLoss 1.5443
[Tracker] Ep   15 | AvgR 0.0000 | Global 0.0217 | Local 0.1192 | F1_macro 0.7639 | WorstLoss 1.5179
[Tracker] Saved snapshot: ep0015_phase1_class1
[Tracker] Ep   16 | AvgR 0.0000 | Global 0.0496 | Local 0.1192 | F1_macro 0.7581 | WorstLoss 1.4743
[Tracker] Ep   17 | AvgR 0.0000 | Global 0.0795 | Local 0.1192 | F1_macro 0.7622 | WorstLoss 1.4281
[Tracker] Ep   18 | AvgR 0.0000 | Global 0.0896 | Local 0.1192 | F1_macro 0.7570 | WorstLoss 1.4121
[Tracker] Ep   19 | AvgR 0.0000 | Global 0.0230 | Local 0.1192 | F1_macro 0.7616 | WorstLoss 1.5155
[Tracker] Ep   20 | AvgR 0.0000 | Global 0.0551 | Local 0.1192 | F1_macro 0.7610 | WorstLoss 1.4659
[Tracker] Saved snapshot: ep0020_phase1_class1
[Tracker] Ep   21 | AvgR 0.0000 | Global 0.0768 | Local 0.1192 | F1_macro 0.7610 | WorstLoss 1.4324
[Tracker] Ep   22 | AvgR 0.0000 | Global 0.0028 | Local 0.1192 | F1_macro 0.7682 | WorstLoss 1.5472
[Tracker] Ep   23 | AvgR 0.0001 | Global 0.1225 | Local 0.1192 | F1_macro 0.7720 | WorstLoss 1.3614
[Tracker] Ep   24 | AvgR -0.0000 | Global -0.0301 | Local 0.1192 | F1_macro 0.7626 | WorstLoss 1.5984
[Tracker] Ep   25 | AvgR -0.0000 | Global -0.0239 | Local 0.1192 | F1_macro 0.7610 | WorstLoss 1.5886
[Tracker] Saved snapshot: ep0025_phase1_class1
[Tracker] Ep   26 | AvgR 0.0001 | Global 0.1652 | Local 0.1192 | F1_macro 0.7660 | WorstLoss 1.2952
[Tracker] New BEST synthetic [phase1_class1] (by global.global_obj: 0.165227) saved.
[Tracker] BEST β weights [phase1_class1] saved -> paper_results_v4/SPECsc_census_cmaes_bias020_5s_EP130_PCA10_REWfairness_minID1_majID0_TRJ2000_REAL3000_BIAS0.2_GG202604041241_afeac7d2/seed_2/best_beta_state_dict_phase1_class1.pt
[Tracker] Ep   27 | AvgR 0.0000 | Global 0.0399 | Local 0.1192 | F1_macro 0.7552 | WorstLoss 1.4896
[Tracker] Ep   28 | AvgR 0.0000 | Global 0.0592 | Local 0.1192 | F1_macro 0.7711 | WorstLoss 1.4593
[Tracker] Ep   29 | AvgR 0.0000 | Global 0.0027 | Local 0.1192 | F1_macro 0.7615 | WorstLoss 1.5474
[Tracker] Ep   30 | AvgR 0.0001 | Global 0.2153 | Local 0.1192 | F1_macro 0.7618 | WorstLoss 1.2171
[Tracker] Saved snapshot: ep0030_phase1_class1
[Tracker] New BEST synthetic [phase1_class1] (by global.global_obj: 0.215312) saved.
[Tracker] BEST β weights [phase1_class1] saved -> paper_results_v4/SPECsc_census_cmaes_bias020_5s_EP130_PCA10_REWfairness_minID1_majID0_TRJ2000_REAL3000_BIAS0.2_GG202604041241_afeac7d2/seed_2/best_beta_state_dict_phase1_class1.pt
[Tracker] Ep   31 | AvgR 0.0001 | Global 0.1850 | Local 0.1192 | F1_macro 0.7580 | WorstLoss 1.2642
[Tracker] Ep   32 | AvgR 0.0001 | Global 0.1375 | Local 0.1192 | F1_macro 0.7654 | WorstLoss 1.3375
[Tracker] Ep   33 | AvgR -0.0000 | Global -0.0193 | Local 0.1192 | F1_macro 0.7600 | WorstLoss 1.5814
[Tracker] Ep   34 | AvgR -0.0000 | Global -0.0181 | Local 0.1192 | F1_macro 0.7469 | WorstLoss 1.5796
[Tracker] Ep   35 | AvgR 0.0000 | Global 0.0117 | Local 0.1192 | F1_macro 0.7563 | WorstLoss 1.5333
[Tracker] Saved snapshot: ep0035_phase1_class1
[Tracker] Ep   36 | AvgR 0.0000 | Global 0.0512 | Local 0.1192 | F1_macro 0.7569 | WorstLoss 1.4720
[Tracker] Ep   37 | AvgR 0.0000 | Global 0.0274 | Local 0.1192 | F1_macro 0.7593 | WorstLoss 1.5089
[Tracker] Ep   38 | AvgR 0.0000 | Global 0.0257 | Local 0.1192 | F1_macro 0.7496 | WorstLoss 1.5114
[Tracker] Ep   39 | AvgR 0.0000 | Global 0.0759 | Local 0.1192 | F1_macro 0.7550 | WorstLoss 1.4330
[Tracker] Ep   40 | AvgR 0.0001 | Global 0.2598 | Local 0.1192 | F1_macro 0.7684 | WorstLoss 1.1484
[Tracker] Saved snapshot: ep0040_phase1_class1
[Tracker] New BEST synthetic [phase1_class1] (by global.global_obj: 0.259787) saved.
[Tracker] BEST β weights [phase1_class1] saved -> paper_results_v4/SPECsc_census_cmaes_bias020_5s_EP130_PCA10_REWfairness_minID1_majID0_TRJ2000_REAL3000_BIAS0.2_GG202604041241_afeac7d2/seed_2/best_beta_state_dict_phase1_class1.pt
[Tracker] Ep   41 | AvgR -0.0000 | Global -0.0194 | Local 0.1192 | F1_macro 0.7590 | WorstLoss 1.5817
[Tracker] Ep   42 | AvgR -0.0000 | Global -0.0630 | Local 0.1192 | F1_macro 0.7473 | WorstLoss 1.6493
[Tracker] Ep   43 | AvgR 0.0000 | Global 0.0767 | Local 0.1192 | F1_macro 0.7639 | WorstLoss 1.4326
[Tracker] Ep   44 | AvgR 0.0000 | Global 0.0247 | Local 0.1192 | F1_macro 0.7567 | WorstLoss 1.5131
[Tracker] Ep   45 | AvgR 0.0000 | Global 0.0627 | Local 0.1192 | F1_macro 0.7597 | WorstLoss 1.4542
[Tracker] Saved snapshot: ep0045_phase1_class1
[Tracker] Ep   46 | AvgR 0.0000 | Global 0.0438 | Local 0.1192 | F1_macro 0.7556 | WorstLoss 1.4834
[Tracker] Ep   47 | AvgR 0.0001 | Global 0.1188 | Local 0.1192 | F1_macro 0.7694 | WorstLoss 1.3665
[Tracker] Ep   48 | AvgR 0.0000 | Global 0.0667 | Local 0.1192 | F1_macro 0.7687 | WorstLoss 1.4480
[Tracker] Ep   49 | AvgR 0.0001 | Global 0.2728 | Local 0.1192 | F1_macro 0.7647 | WorstLoss 1.1283
[Tracker] New BEST synthetic [phase1_class1] (by global.global_obj: 0.272762) saved.
[Tracker] BEST β weights [phase1_class1] saved -> paper_results_v4/SPECsc_census_cmaes_bias020_5s_EP130_PCA10_REWfairness_minID1_majID0_TRJ2000_REAL3000_BIAS0.2_GG202604041241_afeac7d2/seed_2/best_beta_state_dict_phase1_class1.pt
[Tracker] Ep   50 | AvgR 0.0001 | Global 0.2303 | Local 0.1192 | F1_macro 0.7660 | WorstLoss 1.1941
[Tracker] Saved snapshot: ep0050_phase1_class1
[Tracker] Ep   51 | AvgR 0.0000 | Global 0.0515 | Local 0.1192 | F1_macro 0.7614 | WorstLoss 1.4708
[Tracker] Ep   52 | AvgR 0.0001 | Global 0.1312 | Local 0.1192 | F1_macro 0.7649 | WorstLoss 1.3480
[Tracker] Ep   53 | AvgR 0.0000 | Global 0.0999 | Local 0.1192 | F1_macro 0.7654 | WorstLoss 1.3956
[Tracker] Ep   54 | AvgR 0.0001 | Global 0.1121 | Local 0.1192 | F1_macro 0.7660 | WorstLoss 1.3776
[Tracker] Ep   55 | AvgR 0.0000 | Global 0.0722 | Local 0.1192 | F1_macro 0.7634 | WorstLoss 1.4394
[Tracker] Saved snapshot: ep0055_phase1_class1
[Tracker] Ep   56 | AvgR 0.0000 | Global 0.0403 | Local 0.1192 | F1_macro 0.7612 | WorstLoss 1.4890
[Tracker] Ep   57 | AvgR 0.0001 | Global 0.2841 | Local 0.1192 | F1_macro 0.7574 | WorstLoss 1.1107
[Tracker] New BEST synthetic [phase1_class1] (by global.global_obj: 0.284148) saved.
[Tracker] BEST β weights [phase1_class1] saved -> paper_results_v4/SPECsc_census_cmaes_bias020_5s_EP130_PCA10_REWfairness_minID1_majID0_TRJ2000_REAL3000_BIAS0.2_GG202604041241_afeac7d2/seed_2/best_beta_state_dict_phase1_class1.pt
[Tracker] Ep   58 | AvgR 0.0000 | Global 0.0680 | Local 0.1192 | F1_macro 0.7591 | WorstLoss 1.4460
[Tracker] Ep   59 | AvgR 0.0001 | Global 0.1039 | Local 0.1192 | F1_macro 0.7544 | WorstLoss 1.3901
[Tracker] Ep   60 | AvgR 0.0001 | Global 0.1475 | Local 0.1192 | F1_macro 0.7658 | WorstLoss 1.3223
[Tracker] Saved snapshot: ep0060_phase1_class1
[Tracker] Ep   61 | AvgR 0.0001 | Global 0.1650 | Local 0.1192 | F1_macro 0.7533 | WorstLoss 1.2954
[Tracker] Ep   62 | AvgR 0.0001 | Global 0.1584 | Local 0.1192 | F1_macro 0.7636 | WorstLoss 1.3058
[Tracker] Ep   63 | AvgR 0.0001 | Global 0.1318 | Local 0.1192 | F1_macro 0.7575 | WorstLoss 1.3470
[Tracker] Ep   64 | AvgR 0.0001 | Global 0.1679 | Local 0.1192 | F1_macro 0.7587 | WorstLoss 1.2911
[Tracker] Ep   65 | AvgR 0.0000 | Global 0.0209 | Local 0.1192 | F1_macro 0.7594 | WorstLoss 1.5190
[Tracker] Saved snapshot: ep0065_phase1_class1
[Tracker] Ep   66 | AvgR 0.0001 | Global 0.1948 | Local 0.1192 | F1_macro 0.7664 | WorstLoss 1.2489
[Tracker] Ep   67 | AvgR 0.0001 | Global 0.1272 | Local 0.1192 | F1_macro 0.7614 | WorstLoss 1.3539
[Tracker] Ep   68 | AvgR 0.0001 | Global 0.1463 | Local 0.1192 | F1_macro 0.7655 | WorstLoss 1.3246
[Tracker] Ep   69 | AvgR 0.0001 | Global 0.2516 | Local 0.1192 | F1_macro 0.7729 | WorstLoss 1.1612
[Tracker] Ep   70 | AvgR 0.0001 | Global 0.1054 | Local 0.1192 | F1_macro 0.7557 | WorstLoss 1.3881
[Tracker] Saved snapshot: ep0070_phase1_class1
[Tracker] Ep   71 | AvgR 0.0001 | Global 0.1106 | Local 0.1192 | F1_macro 0.7708 | WorstLoss 1.3799
[Tracker] Ep   72 | AvgR 0.0001 | Global 0.1117 | Local 0.1192 | F1_macro 0.7631 | WorstLoss 1.3782
[Tracker] Ep   73 | AvgR 0.0001 | Global 0.1539 | Local 0.1192 | F1_macro 0.7626 | WorstLoss 1.3127
[Tracker] Ep   74 | AvgR -0.0000 | Global -0.0311 | Local 0.1192 | F1_macro 0.7560 | WorstLoss 1.5999
[Tracker] Ep   75 | AvgR 0.0001 | Global 0.1306 | Local 0.1192 | F1_macro 0.7740 | WorstLoss 1.3481
[Tracker] Saved snapshot: ep0075_phase1_class1
[Tracker] Ep   76 | AvgR 0.0000 | Global 0.0699 | Local 0.1192 | F1_macro 0.7537 | WorstLoss 1.4431
[Tracker] Ep   77 | AvgR 0.0001 | Global 0.1302 | Local 0.1192 | F1_macro 0.7605 | WorstLoss 1.3492
[Tracker] Ep   78 | AvgR 0.0001 | Global 0.1399 | Local 0.1192 | F1_macro 0.7561 | WorstLoss 1.3341
[Tracker] Ep   79 | AvgR 0.0000 | Global 0.0616 | Local 0.1192 | F1_macro 0.7628 | WorstLoss 1.4559
[Tracker] Ep   80 | AvgR 0.0000 | Global 0.0196 | Local 0.1192 | F1_macro 0.7542 | WorstLoss 1.5211
[Tracker] Saved snapshot: ep0080_phase1_class1
[Tracker] Ep   81 | AvgR 0.0001 | Global 0.1855 | Local 0.1192 | F1_macro 0.7660 | WorstLoss 1.2637
[Tracker] Ep   82 | AvgR 0.0001 | Global 0.1562 | Local 0.1192 | F1_macro 0.7612 | WorstLoss 1.3092
[Tracker] Ep   83 | AvgR 0.0001 | Global 0.1809 | Local 0.1192 | F1_macro 0.7608 | WorstLoss 1.2709
[Tracker] Ep   84 | AvgR 0.0001 | Global 0.1285 | Local 0.1192 | F1_macro 0.7677 | WorstLoss 1.3522
[Tracker] Ep   85 | AvgR 0.0000 | Global 0.0864 | Local 0.1192 | F1_macro 0.7566 | WorstLoss 1.4175
[Tracker] Saved snapshot: ep0085_phase1_class1
[Tracker] Ep   86 | AvgR 0.0001 | Global 0.2698 | Local 0.1192 | F1_macro 0.7622 | WorstLoss 1.1329
[Tracker] Ep   87 | AvgR 0.0001 | Global 0.1842 | Local 0.1192 | F1_macro 0.7643 | WorstLoss 1.2658
[Tracker] Ep   88 | AvgR 0.0001 | Global 0.1615 | Local 0.1192 | F1_macro 0.7622 | WorstLoss 1.3010
[Tracker] Ep   89 | AvgR 0.0001 | Global 0.2061 | Local 0.1192 | F1_macro 0.7674 | WorstLoss 1.2318
[Tracker] Ep   90 | AvgR 0.0000 | Global 0.0258 | Local 0.1192 | F1_macro 0.7541 | WorstLoss 1.5114
[Tracker] Saved snapshot: ep0090_phase1_class1
[Tracker] Ep   91 | AvgR 0.0001 | Global 0.1684 | Local 0.1192 | F1_macro 0.7672 | WorstLoss 1.2902
[Tracker] Ep   92 | AvgR 0.0001 | Global 0.1174 | Local 0.1192 | F1_macro 0.7605 | WorstLoss 1.3693
[Tracker] Ep   93 | AvgR 0.0001 | Global 0.1743 | Local 0.1192 | F1_macro 0.7628 | WorstLoss 1.2811
[Tracker] Ep   94 | AvgR 0.0000 | Global 0.0450 | Local 0.1192 | F1_macro 0.7515 | WorstLoss 1.4817
[Tracker] Ep   95 | AvgR 0.0001 | Global 0.2660 | Local 0.1192 | F1_macro 0.7669 | WorstLoss 1.1377
[Tracker] Saved snapshot: ep0095_phase1_class1
[Tracker] Ep   96 | AvgR 0.0001 | Global 0.1994 | Local 0.1192 | F1_macro 0.7591 | WorstLoss 1.2421
[Tracker] Ep   97 | AvgR 0.0001 | Global 0.2415 | Local 0.1192 | F1_macro 0.7625 | WorstLoss 1.1768
[Tracker] Ep   98 | AvgR 0.0001 | Global 0.1844 | Local 0.1192 | F1_macro 0.7534 | WorstLoss 1.2654
[Tracker] Ep   99 | AvgR 0.0000 | Global 0.0845 | Local 0.1192 | F1_macro 0.7542 | WorstLoss 1.4204
[Tracker] Ep  100 | AvgR 0.0002 | Global 0.3090 | Local 0.1192 | F1_macro 0.7653 | WorstLoss 1.0721
[Tracker] Saved snapshot: ep0100_phase1_class1
[Tracker] New BEST synthetic [phase1_class1] (by global.global_obj: 0.309033) saved.
[Tracker] BEST β weights [phase1_class1] saved -> paper_results_v4/SPECsc_census_cmaes_bias020_5s_EP130_PCA10_REWfairness_minID1_majID0_TRJ2000_REAL3000_BIAS0.2_GG202604041241_afeac7d2/seed_2/best_beta_state_dict_phase1_class1.pt
[Tracker] Ep  101 | AvgR 0.0001 | Global 0.2499 | Local 0.1192 | F1_macro 0.7729 | WorstLoss 1.1638
[Tracker] Ep  102 | AvgR 0.0001 | Global 0.2750 | Local 0.1192 | F1_macro 0.7650 | WorstLoss 1.1248
[Tracker] Ep  103 | AvgR 0.0001 | Global 0.1231 | Local 0.1192 | F1_macro 0.7603 | WorstLoss 1.3605
[Tracker] Ep  104 | AvgR 0.0001 | Global 0.1688 | Local 0.1192 | F1_macro 0.7644 | WorstLoss 1.2896
[Tracker] Ep  105 | AvgR 0.0001 | Global 0.2276 | Local 0.1192 | F1_macro 0.7644 | WorstLoss 1.1984
[Tracker] Saved snapshot: ep0105_phase1_class1
[Tracker] Ep  106 | AvgR 0.0000 | Global 0.0943 | Local 0.1192 | F1_macro 0.7530 | WorstLoss 1.4053
[Tracker] Ep  107 | AvgR 0.0000 | Global 0.0999 | Local 0.1192 | F1_macro 0.7500 | WorstLoss 1.3965
[Tracker] Ep  108 | AvgR 0.0000 | Global 0.0607 | Local 0.1192 | F1_macro 0.7543 | WorstLoss 1.4573
[Tracker] Ep  109 | AvgR 0.0001 | Global 0.1411 | Local 0.1192 | F1_macro 0.7595 | WorstLoss 1.3326
[Tracker] Ep  110 | AvgR 0.0001 | Global 0.2088 | Local 0.1192 | F1_macro 0.7702 | WorstLoss 1.2276
[Tracker] Saved snapshot: ep0110_phase1_class1
[Tracker] Ep  111 | AvgR 0.0001 | Global 0.2371 | Local 0.1192 | F1_macro 0.7572 | WorstLoss 1.1836
[Tracker] Ep  112 | AvgR 0.0000 | Global 0.0268 | Local 0.1192 | F1_macro 0.7543 | WorstLoss 1.5100
[Tracker] Ep  113 | AvgR 0.0000 | Global 0.0219 | Local 0.1192 | F1_macro 0.7478 | WorstLoss 1.5175
[Tracker] Ep  114 | AvgR 0.0000 | Global 0.0590 | Local 0.1192 | F1_macro 0.7540 | WorstLoss 1.4600
[Tracker] Ep  115 | AvgR 0.0001 | Global 0.1658 | Local 0.1192 | F1_macro 0.7629 | WorstLoss 1.2943
[Tracker] Saved snapshot: ep0115_phase1_class1
[Tracker] Ep  116 | AvgR 0.0001 | Global 0.2503 | Local 0.1192 | F1_macro 0.7574 | WorstLoss 1.1633
[Tracker] Ep  117 | AvgR 0.0001 | Global 0.1079 | Local 0.1192 | F1_macro 0.7509 | WorstLoss 1.3841
[Tracker] Ep  118 | AvgR 0.0001 | Global 0.1842 | Local 0.1192 | F1_macro 0.7631 | WorstLoss 1.2657
[Tracker] Ep  119 | AvgR 0.0001 | Global 0.1465 | Local 0.1192 | F1_macro 0.7594 | WorstLoss 1.3242
[Tracker] Ep  120 | AvgR 0.0001 | Global 0.1755 | Local 0.1192 | F1_macro 0.7646 | WorstLoss 1.2792
[Tracker] Saved snapshot: ep0120_phase1_class1
[Tracker] Ep  121 | AvgR 0.0001 | Global 0.2266 | Local 0.1192 | F1_macro 0.7693 | WorstLoss 1.1999
[Tracker] Ep  122 | AvgR 0.0001 | Global 0.2494 | Local 0.1192 | F1_macro 0.7727 | WorstLoss 1.1645
[Tracker] Ep  123 | AvgR 0.0001 | Global 0.1546 | Local 0.1192 | F1_macro 0.7699 | WorstLoss 1.3116
[Tracker] Ep  124 | AvgR 0.0000 | Global 0.0967 | Local 0.1192 | F1_macro 0.7495 | WorstLoss 1.4015
[Tracker] Ep  125 | AvgR 0.0001 | Global 0.2078 | Local 0.1192 | F1_macro 0.7605 | WorstLoss 1.2291
[Tracker] Saved snapshot: ep0125_phase1_class1
[Tracker] Ep  126 | AvgR 0.0001 | Global 0.2298 | Local 0.1192 | F1_macro 0.7652 | WorstLoss 1.1950
[Tracker] Ep  127 | AvgR 0.0001 | Global 0.2487 | Local 0.1192 | F1_macro 0.7733 | WorstLoss 1.1656
[Tracker] Ep  128 | AvgR 0.0001 | Global 0.1885 | Local 0.1192 | F1_macro 0.7644 | WorstLoss 1.2591
[Tracker] Ep  129 | AvgR 0.0001 | Global 0.2686 | Local 0.1192 | F1_macro 0.7620 | WorstLoss 1.1349
[Tracker] Ep  130 | AvgR 0.0001 | Global 0.2112 | Local 0.1192 | F1_macro 0.7693 | WorstLoss 1.2239
[Tracker] Saved snapshot: ep0130_phase1_class1
[CMA-ES Phase] Finished phase1_class1 | best global_obj=0.3090
Phase 2 anchors: 1432 (y=0 & disadv=1)
[CMAESAgent] reset phase='phase2_class0' | D=10 param_dim=20 popsize=12 sigma0=1.000
FFNN Using device: cuda:1

============================================================
[CMA-ES Phase] phase2_class0 | target_class=0 | episodes=26 | popsize=12
============================================================
[Tracker] Ep    1 | AvgR 0.0000 | Global 0.0368 | Local 0.1192 | F1_macro 0.7435 | WorstLoss 1.4939
[Tracker] New BEST synthetic [phase2_class0] (by global.global_obj: 0.036790) saved.
[Tracker] BEST β weights [phase2_class0] saved -> paper_results_v4/SPECsc_census_cmaes_bias020_5s_EP130_PCA10_REWfairness_minID1_majID0_TRJ2000_REAL3000_BIAS0.2_GG202604041241_afeac7d2/seed_2/best_beta_state_dict_phase2_class0.pt
[Tracker] Ep    2 | AvgR 0.0001 | Global 0.2584 | Local 0.1192 | F1_macro 0.7669 | WorstLoss 1.1502
[Tracker] New BEST synthetic [phase2_class0] (by global.global_obj: 0.258441) saved.
[Tracker] BEST β weights [phase2_class0] saved -> paper_results_v4/SPECsc_census_cmaes_bias020_5s_EP130_PCA10_REWfairness_minID1_majID0_TRJ2000_REAL3000_BIAS0.2_GG202604041241_afeac7d2/seed_2/best_beta_state_dict_phase2_class0.pt
[Tracker] Ep    3 | AvgR 0.0001 | Global 0.2895 | Local 0.1192 | F1_macro 0.7616 | WorstLoss 1.1001
[Tracker] New BEST synthetic [phase2_class0] (by global.global_obj: 0.289490) saved.
[Tracker] BEST β weights [phase2_class0] saved -> paper_results_v4/SPECsc_census_cmaes_bias020_5s_EP130_PCA10_REWfairness_minID1_majID0_TRJ2000_REAL3000_BIAS0.2_GG202604041241_afeac7d2/seed_2/best_beta_state_dict_phase2_class0.pt
[Tracker] Ep    4 | AvgR 0.0001 | Global 0.2401 | Local 0.1192 | F1_macro 0.7502 | WorstLoss 1.1743
[Tracker] Ep    5 | AvgR 0.0002 | Global 0.3057 | Local 0.1192 | F1_macro 0.7671 | WorstLoss 1.0772
[Tracker] Saved snapshot: ep0005_phase2_class0
[Tracker] New BEST synthetic [phase2_class0] (by global.global_obj: 0.305726) saved.
[Tracker] BEST β weights [phase2_class0] saved -> paper_results_v4/SPECsc_census_cmaes_bias020_5s_EP130_PCA10_REWfairness_minID1_majID0_TRJ2000_REAL3000_BIAS0.2_GG202604041241_afeac7d2/seed_2/best_beta_state_dict_phase2_class0.pt
[Tracker] Ep    6 | AvgR 0.0001 | Global 0.2106 | Local 0.1192 | F1_macro 0.7613 | WorstLoss 1.2232
[Tracker] Ep    7 | AvgR 0.0001 | Global 0.2172 | Local 0.1192 | F1_macro 0.7652 | WorstLoss 1.2131
[Tracker] Ep    8 | AvgR 0.0001 | Global 0.2399 | Local 0.1192 | F1_macro 0.7576 | WorstLoss 1.1786
[Tracker] Ep    9 | AvgR 0.0001 | Global 0.2427 | Local 0.1192 | F1_macro 0.7587 | WorstLoss 1.1749
[Tracker] Ep   10 | AvgR 0.0001 | Global 0.1919 | Local 0.1192 | F1_macro 0.7406 | WorstLoss 1.2514
[Tracker] Saved snapshot: ep0010_phase2_class0
[Tracker] Ep   11 | AvgR 0.0001 | Global 0.2556 | Local 0.1192 | F1_macro 0.7653 | WorstLoss 1.1548
[Tracker] Ep   12 | AvgR 0.0001 | Global 0.2189 | Local 0.1192 | F1_macro 0.7513 | WorstLoss 1.2116
[Tracker] Ep   13 | AvgR 0.0001 | Global 0.2844 | Local 0.1192 | F1_macro 0.7707 | WorstLoss 1.1102
[Tracker] Ep   14 | AvgR 0.0001 | Global 0.2700 | Local 0.1192 | F1_macro 0.7659 | WorstLoss 1.1324
[Tracker] Ep   15 | AvgR 0.0001 | Global 0.1844 | Local 0.1192 | F1_macro 0.7526 | WorstLoss 1.2655
[Tracker] Saved snapshot: ep0015_phase2_class0
[Tracker] Ep   16 | AvgR 0.0001 | Global 0.2952 | Local 0.1192 | F1_macro 0.7605 | WorstLoss 1.0935
[Tracker] Ep   17 | AvgR 0.0001 | Global 0.2219 | Local 0.1192 | F1_macro 0.7543 | WorstLoss 1.2072
[Tracker] Ep   18 | AvgR 0.0001 | Global 0.2981 | Local 0.1192 | F1_macro 0.7706 | WorstLoss 1.0890
[Tracker] Ep   19 | AvgR 0.0001 | Global 0.2712 | Local 0.1192 | F1_macro 0.7650 | WorstLoss 1.1308
[Tracker] Ep   20 | AvgR 0.0001 | Global 0.1836 | Local 0.1192 | F1_macro 0.7553 | WorstLoss 1.2661
[Tracker] Saved snapshot: ep0020_phase2_class0
[Tracker] Ep   21 | AvgR 0.0002 | Global 0.3019 | Local 0.1192 | F1_macro 0.7743 | WorstLoss 1.0831
[Tracker] Ep   22 | AvgR 0.0001 | Global 0.2233 | Local 0.1192 | F1_macro 0.7556 | WorstLoss 1.2047
[Tracker] Ep   23 | AvgR 0.0001 | Global 0.1610 | Local 0.1192 | F1_macro 0.7679 | WorstLoss 1.3017
[Tracker] Ep   24 | AvgR 0.0001 | Global 0.2654 | Local 0.1192 | F1_macro 0.7672 | WorstLoss 1.1395
[Tracker] Ep   25 | AvgR 0.0001 | Global 0.2760 | Local 0.1192 | F1_macro 0.7750 | WorstLoss 1.1232
[Tracker] Saved snapshot: ep0025_phase2_class0
[Tracker] Ep   26 | AvgR 0.0002 | Global 0.3018 | Local 0.1192 | F1_macro 0.7550 | WorstLoss 1.0816
[CMA-ES Phase] Finished phase2_class0 | best global_obj=0.3057
FFNN Using device: cuda:1
[Combined] Saved combined beta -> paper_results_v4/SPECsc_census_cmaes_bias020_5s_EP130_PCA10_REWfairness_minID1_majID0_TRJ2000_REAL3000_BIAS0.2_GG202604041241_afeac7d2/seed_2/best_beta_state_dict.pt
[Combined] Saved combined synthetic -> paper_results_v4/SPECsc_census_cmaes_bias020_5s_EP130_PCA10_REWfairness_minID1_majID0_TRJ2000_REAL3000_BIAS0.2_GG202604041241_afeac7d2/seed_2/best_synthetic_combined.npz
FFNN Using device: cuda:1
[TestSuite] Loaded best β weights from: paper_results_v4/SPECsc_census_cmaes_bias020_5s_EP130_PCA10_REWfairness_minID1_majID0_TRJ2000_REAL3000_BIAS0.2_GG202604041241_afeac7d2/seed_2/best_beta_state_dict.pt

[TEST] Alpha -> F1(min)=0.6359 | F1(maj)=0.9016 | F1(weighted)=0.8376 | F1(macro)=0.7687 | Brier=0.1066
[TEST] Beta  -> F1(min)=0.6193 | F1(maj)=0.9011 | F1(weighted)=0.8332 | F1(macro)=0.7602 | Brier=0.1072
[TestSuite] Final test metrics appended to (seed): paper_results_v4/SPECsc_census_cmaes_bias020_5s_EP130_PCA10_REWfairness_minID1_majID0_TRJ2000_REAL3000_BIAS0.2_GG202604041241_afeac7d2/seed_2/final_test_metrics.csv
[TestSuite] Final test metrics appended to (experiment): paper_results_v4/SPECsc_census_cmaes_bias020_5s_EP130_PCA10_REWfairness_minID1_majID0_TRJ2000_REAL3000_BIAS0.2_GG202604041241_afeac7d2/final_test_metrics.csv
Total time 496.10s
[Tracker] Finished. Run folder: paper_results_v4/SPECsc_census_cmaes_bias020_5s_EP130_PCA10_REWfairness_minID1_majID0_TRJ2000_REAL3000_BIAS0.2_GG202604041241_afeac7d2/seed_2
[main] ---- running seed=3 ----
FFNN Using device: cuda:1
FFNN Using device: cuda:1
[Tracker] Experiment: SPECsc_census_cmaes_bias020_5s_EP130_PCA10_REWfairness_minID1_majID0_TRJ2000_REAL3000_BIAS0.2_GG202604041241_afeac7d2
[Tracker] Seed folder: paper_results_v4/SPECsc_census_cmaes_bias020_5s_EP130_PCA10_REWfairness_minID1_majID0_TRJ2000_REAL3000_BIAS0.2_GG202604041241_afeac7d2/seed_3
[Tracker] Run: 2026-04-04_13-14-43_seed3_101118_52409d88
[Tracker] Metrics CSV: paper_results_v4/SPECsc_census_cmaes_bias020_5s_EP130_PCA10_REWfairness_minID1_majID0_TRJ2000_REAL3000_BIAS0.2_GG202604041241_afeac7d2/seed_3/metrics.csv
[Tracker] Mirroring console to: paper_results_v4/SPECsc_census_cmaes_bias020_5s_EP130_PCA10_REWfairness_minID1_majID0_TRJ2000_REAL3000_BIAS0.2_GG202604041241_afeac7d2/seed_3/console.log
[TRAIN] size=3000, minority=600 (20.00%)
[VAL] size=6512, minority=1568 (24.08%)
[TEST] size=6513, minority=1569 (24.09%)
FFNN Using device: cuda:1
FFNN Using device: cuda:1
Beta will train with: 60.00% real data, 40.00% synthetic data: 
[disadv] group=1 per_g={0: 0.1885976642370224, 1: 0.4007420241832733} worst_4g=1.1780 soft_eo_alpha=0.1193
Anchors: 506 (disadv=1) sigma_anchor=0.8500
[Tracker] Alpha model state_dict saved to paper_results_v4/SPECsc_census_cmaes_bias020_5s_EP130_PCA10_REWfairness_minID1_majID0_TRJ2000_REAL3000_BIAS0.2_GG202604041241_afeac7d2/seed_3/alpha_state_dict.pt
[Tracker] Alpha model config saved to paper_results_v4/SPECsc_census_cmaes_bias020_5s_EP130_PCA10_REWfairness_minID1_majID0_TRJ2000_REAL3000_BIAS0.2_GG202604041241_afeac7d2/seed_3/ffnn_meta.json
[CMAESAgent] reset phase='phase1_class1' | D=10 param_dim=20 popsize=12 sigma0=1.000

============================================================
[CMA-ES Phase] phase1_class1 | target_class=1 | episodes=130 | popsize=12
============================================================
[Tracker] CSV header written with 47 columns.
[Tracker] Ep    1 | AvgR -0.0000 | Global -0.0586 | Local 0.1192 | F1_macro 0.7390 | WorstLoss 1.2472
[Tracker] New BEST synthetic [phase1_class1] (by global.global_obj: -0.058561) saved.
[Tracker] BEST β weights [phase1_class1] saved -> paper_results_v4/SPECsc_census_cmaes_bias020_5s_EP130_PCA10_REWfairness_minID1_majID0_TRJ2000_REAL3000_BIAS0.2_GG202604041241_afeac7d2/seed_3/best_beta_state_dict_phase1_class1.pt
[Tracker] Ep    2 | AvgR -0.0000 | Global -0.0034 | Local 0.1192 | F1_macro 0.7466 | WorstLoss 1.1820
[Tracker] New BEST synthetic [phase1_class1] (by global.global_obj: -0.003391) saved.
[Tracker] BEST β weights [phase1_class1] saved -> paper_results_v4/SPECsc_census_cmaes_bias020_5s_EP130_PCA10_REWfairness_minID1_majID0_TRJ2000_REAL3000_BIAS0.2_GG202604041241_afeac7d2/seed_3/best_beta_state_dict_phase1_class1.pt
[Tracker] Ep    3 | AvgR -0.0000 | Global -0.0385 | Local 0.1192 | F1_macro 0.7406 | WorstLoss 1.2239
[Tracker] Ep    4 | AvgR 0.0000 | Global 0.0017 | Local 0.1192 | F1_macro 0.7486 | WorstLoss 1.1760
[Tracker] New BEST synthetic [phase1_class1] (by global.global_obj: 0.001663) saved.
[Tracker] BEST β weights [phase1_class1] saved -> paper_results_v4/SPECsc_census_cmaes_bias020_5s_EP130_PCA10_REWfairness_minID1_majID0_TRJ2000_REAL3000_BIAS0.2_GG202604041241_afeac7d2/seed_3/best_beta_state_dict_phase1_class1.pt
[Tracker] Ep    5 | AvgR -0.0000 | Global -0.0735 | Local 0.1192 | F1_macro 0.7401 | WorstLoss 1.2650
[Tracker] Saved snapshot: ep0005_phase1_class1
[Tracker] Ep    6 | AvgR -0.0000 | Global -0.0059 | Local 0.1192 | F1_macro 0.7645 | WorstLoss 1.1850
[Tracker] Ep    7 | AvgR -0.0000 | Global -0.0477 | Local 0.1192 | F1_macro 0.7398 | WorstLoss 1.2352
[Tracker] Ep    8 | AvgR 0.0000 | Global 0.0953 | Local 0.1192 | F1_macro 0.7544 | WorstLoss 1.0646
[Tracker] New BEST synthetic [phase1_class1] (by global.global_obj: 0.095322) saved.
[Tracker] BEST β weights [phase1_class1] saved -> paper_results_v4/SPECsc_census_cmaes_bias020_5s_EP130_PCA10_REWfairness_minID1_majID0_TRJ2000_REAL3000_BIAS0.2_GG202604041241_afeac7d2/seed_3/best_beta_state_dict_phase1_class1.pt
[Tracker] Ep    9 | AvgR -0.0000 | Global -0.0924 | Local 0.1192 | F1_macro 0.7530 | WorstLoss 1.2872
[Tracker] Ep   10 | AvgR -0.0000 | Global -0.0601 | Local 0.1192 | F1_macro 0.7330 | WorstLoss 1.2494
[Tracker] Saved snapshot: ep0010_phase1_class1
[Tracker] Ep   11 | AvgR -0.0001 | Global -0.1482 | Local 0.1192 | F1_macro 0.7339 | WorstLoss 1.3552
[Tracker] Ep   12 | AvgR -0.0000 | Global -0.0505 | Local 0.1192 | F1_macro 0.7414 | WorstLoss 1.2378
[Tracker] Ep   13 | AvgR -0.0000 | Global -0.0574 | Local 0.1192 | F1_macro 0.7465 | WorstLoss 1.2458
[Tracker] Ep   14 | AvgR 0.0000 | Global 0.0006 | Local 0.1192 | F1_macro 0.7492 | WorstLoss 1.1774
[Tracker] Ep   15 | AvgR -0.0000 | Global -0.0475 | Local 0.1192 | F1_macro 0.7449 | WorstLoss 1.2342
[Tracker] Saved snapshot: ep0015_phase1_class1
[Tracker] Ep   16 | AvgR 0.0000 | Global 0.0655 | Local 0.1192 | F1_macro 0.7610 | WorstLoss 1.1005
[Tracker] Ep   17 | AvgR 0.0000 | Global 0.0193 | Local 0.1192 | F1_macro 0.7570 | WorstLoss 1.1551
[Tracker] Ep   18 | AvgR -0.0000 | Global -0.0594 | Local 0.1192 | F1_macro 0.7489 | WorstLoss 1.2482
[Tracker] Ep   19 | AvgR -0.0000 | Global -0.0354 | Local 0.1192 | F1_macro 0.7481 | WorstLoss 1.2202
[Tracker] Ep   20 | AvgR -0.0000 | Global -0.0708 | Local 0.1192 | F1_macro 0.7374 | WorstLoss 1.2627
[Tracker] Saved snapshot: ep0020_phase1_class1
[Tracker] Ep   21 | AvgR -0.0000 | Global -0.0507 | Local 0.1192 | F1_macro 0.7459 | WorstLoss 1.2382
[Tracker] Ep   22 | AvgR 0.0000 | Global 0.0188 | Local 0.1192 | F1_macro 0.7608 | WorstLoss 1.1558
[Tracker] Ep   23 | AvgR -0.0000 | Global -0.0042 | Local 0.1192 | F1_macro 0.7548 | WorstLoss 1.1830
[Tracker] Ep   24 | AvgR 0.0000 | Global 0.0009 | Local 0.1192 | F1_macro 0.7480 | WorstLoss 1.1769
[Tracker] Ep   25 | AvgR 0.0000 | Global 0.0203 | Local 0.1192 | F1_macro 0.7459 | WorstLoss 1.1540
[Tracker] Saved snapshot: ep0025_phase1_class1
[Tracker] Ep   26 | AvgR -0.0001 | Global -0.1521 | Local 0.1192 | F1_macro 0.7363 | WorstLoss 1.3577
[Tracker] Ep   27 | AvgR 0.0000 | Global 0.0364 | Local 0.1192 | F1_macro 0.7484 | WorstLoss 1.1343
[Tracker] Ep   28 | AvgR 0.0000 | Global 0.0498 | Local 0.1192 | F1_macro 0.7691 | WorstLoss 1.1194
[Tracker] Ep   29 | AvgR -0.0001 | Global -0.1076 | Local 0.1192 | F1_macro 0.7360 | WorstLoss 1.3074
[Tracker] Ep   30 | AvgR -0.0000 | Global -0.0559 | Local 0.1192 | F1_macro 0.7504 | WorstLoss 1.2441
[Tracker] Saved snapshot: ep0030_phase1_class1
[Tracker] Ep   31 | AvgR -0.0001 | Global -0.1139 | Local 0.1192 | F1_macro 0.7240 | WorstLoss 1.3152
[Tracker] Ep   32 | AvgR -0.0000 | Global -0.0525 | Local 0.1192 | F1_macro 0.7487 | WorstLoss 1.2400
[Tracker] Ep   33 | AvgR -0.0000 | Global -0.0458 | Local 0.1192 | F1_macro 0.7482 | WorstLoss 1.2324
[Tracker] Ep   34 | AvgR 0.0001 | Global 0.1772 | Local 0.1192 | F1_macro 0.7652 | WorstLoss 0.9688
[Tracker] New BEST synthetic [phase1_class1] (by global.global_obj: 0.177169) saved.
[Tracker] BEST β weights [phase1_class1] saved -> paper_results_v4/SPECsc_census_cmaes_bias020_5s_EP130_PCA10_REWfairness_minID1_majID0_TRJ2000_REAL3000_BIAS0.2_GG202604041241_afeac7d2/seed_3/best_beta_state_dict_phase1_class1.pt
[Tracker] Ep   35 | AvgR -0.0000 | Global -0.0836 | Local 0.1192 | F1_macro 0.7555 | WorstLoss 1.2767
[Tracker] Saved snapshot: ep0035_phase1_class1
[Tracker] Ep   36 | AvgR 0.0000 | Global 0.0047 | Local 0.1192 | F1_macro 0.7552 | WorstLoss 1.1724
[Tracker] Ep   37 | AvgR -0.0000 | Global -0.0182 | Local 0.1192 | F1_macro 0.7427 | WorstLoss 1.1995
[Tracker] Ep   38 | AvgR 0.0000 | Global 0.0949 | Local 0.1192 | F1_macro 0.7478 | WorstLoss 1.0656
[Tracker] Ep   39 | AvgR 0.0000 | Global 0.0508 | Local 0.1192 | F1_macro 0.7562 | WorstLoss 1.1180
[Tracker] Ep   40 | AvgR 0.0000 | Global 0.0441 | Local 0.1192 | F1_macro 0.7542 | WorstLoss 1.1256
[Tracker] Saved snapshot: ep0040_phase1_class1
[Tracker] Ep   41 | AvgR 0.0001 | Global 0.1911 | Local 0.1192 | F1_macro 0.7667 | WorstLoss 0.9525
[Tracker] New BEST synthetic [phase1_class1] (by global.global_obj: 0.191060) saved.
[Tracker] BEST β weights [phase1_class1] saved -> paper_results_v4/SPECsc_census_cmaes_bias020_5s_EP130_PCA10_REWfairness_minID1_majID0_TRJ2000_REAL3000_BIAS0.2_GG202604041241_afeac7d2/seed_3/best_beta_state_dict_phase1_class1.pt
[Tracker] Ep   42 | AvgR -0.0000 | Global -0.0564 | Local 0.1192 | F1_macro 0.7483 | WorstLoss 1.2446
[Tracker] Ep   43 | AvgR -0.0000 | Global -0.0554 | Local 0.1192 | F1_macro 0.7372 | WorstLoss 1.2434
[Tracker] Ep   44 | AvgR -0.0000 | Global -0.0625 | Local 0.1192 | F1_macro 0.7414 | WorstLoss 1.2520
[Tracker] Ep   45 | AvgR 0.0000 | Global 0.0494 | Local 0.1192 | F1_macro 0.7555 | WorstLoss 1.1196
[Tracker] Saved snapshot: ep0045_phase1_class1
[Tracker] Ep   46 | AvgR 0.0001 | Global 0.1691 | Local 0.1192 | F1_macro 0.7470 | WorstLoss 0.9779
[Tracker] Ep   47 | AvgR 0.0000 | Global 0.0264 | Local 0.1192 | F1_macro 0.7604 | WorstLoss 1.1468
[Tracker] Ep   48 | AvgR -0.0000 | Global -0.0852 | Local 0.1192 | F1_macro 0.7379 | WorstLoss 1.2801
[Tracker] Ep   49 | AvgR 0.0001 | Global 0.1017 | Local 0.1192 | F1_macro 0.7403 | WorstLoss 1.0564
[Tracker] Ep   50 | AvgR 0.0001 | Global 0.2038 | Local 0.1192 | F1_macro 0.7561 | WorstLoss 0.9366
[Tracker] Saved snapshot: ep0050_phase1_class1
[Tracker] New BEST synthetic [phase1_class1] (by global.global_obj: 0.203827) saved.
[Tracker] BEST β weights [phase1_class1] saved -> paper_results_v4/SPECsc_census_cmaes_bias020_5s_EP130_PCA10_REWfairness_minID1_majID0_TRJ2000_REAL3000_BIAS0.2_GG202604041241_afeac7d2/seed_3/best_beta_state_dict_phase1_class1.pt
[Tracker] Ep   51 | AvgR -0.0000 | Global -0.0199 | Local 0.1192 | F1_macro 0.7479 | WorstLoss 1.2015
[Tracker] Ep   52 | AvgR 0.0000 | Global 0.0593 | Local 0.1192 | F1_macro 0.7495 | WorstLoss 1.1078
[Tracker] Ep   53 | AvgR 0.0000 | Global 0.0423 | Local 0.1192 | F1_macro 0.7603 | WorstLoss 1.1282
[Tracker] Ep   54 | AvgR 0.0000 | Global 0.0876 | Local 0.1192 | F1_macro 0.7584 | WorstLoss 1.0745
[Tracker] Ep   55 | AvgR -0.0000 | Global -0.0880 | Local 0.1192 | F1_macro 0.7389 | WorstLoss 1.2823
[Tracker] Saved snapshot: ep0055_phase1_class1
[Tracker] Ep   56 | AvgR 0.0001 | Global 0.1167 | Local 0.1192 | F1_macro 0.7410 | WorstLoss 1.0399
[Tracker] Ep   57 | AvgR 0.0000 | Global 0.0712 | Local 0.1192 | F1_macro 0.7593 | WorstLoss 1.0939
[Tracker] Ep   58 | AvgR 0.0001 | Global 0.1189 | Local 0.1192 | F1_macro 0.7518 | WorstLoss 1.0373
[Tracker] Ep   59 | AvgR -0.0001 | Global -0.1966 | Local 0.1192 | F1_macro 0.7215 | WorstLoss 1.4122
[Tracker] Ep   60 | AvgR -0.0000 | Global -0.0906 | Local 0.1192 | F1_macro 0.7388 | WorstLoss 1.2851
[Tracker] Saved snapshot: ep0060_phase1_class1
[Tracker] Ep   61 | AvgR 0.0001 | Global 0.1241 | Local 0.1192 | F1_macro 0.7638 | WorstLoss 1.0314
[Tracker] Ep   62 | AvgR 0.0001 | Global 0.1731 | Local 0.1192 | F1_macro 0.7498 | WorstLoss 0.9734
[Tracker] Ep   63 | AvgR -0.0000 | Global -0.0228 | Local 0.1192 | F1_macro 0.7434 | WorstLoss 1.2054
[Tracker] Ep   64 | AvgR 0.0000 | Global 0.0483 | Local 0.1192 | F1_macro 0.7538 | WorstLoss 1.1212
[Tracker] Ep   65 | AvgR 0.0001 | Global 0.1467 | Local 0.1192 | F1_macro 0.7528 | WorstLoss 1.0049
[Tracker] Saved snapshot: ep0065_phase1_class1
[Tracker] Ep   66 | AvgR 0.0000 | Global 0.0391 | Local 0.1192 | F1_macro 0.7542 | WorstLoss 1.1319
[Tracker] Ep   67 | AvgR 0.0001 | Global 0.1288 | Local 0.1192 | F1_macro 0.7458 | WorstLoss 1.0251
[Tracker] Ep   68 | AvgR -0.0000 | Global -0.0129 | Local 0.1192 | F1_macro 0.7509 | WorstLoss 1.1933
[Tracker] Ep   69 | AvgR 0.0000 | Global 0.0413 | Local 0.1192 | F1_macro 0.7532 | WorstLoss 1.1290
[Tracker] Ep   70 | AvgR 0.0000 | Global 0.0655 | Local 0.1192 | F1_macro 0.7309 | WorstLoss 1.1004
[Tracker] Saved snapshot: ep0070_phase1_class1
[Tracker] Ep   71 | AvgR 0.0001 | Global 0.2532 | Local 0.1192 | F1_macro 0.7583 | WorstLoss 0.8775
[Tracker] New BEST synthetic [phase1_class1] (by global.global_obj: 0.253152) saved.
[Tracker] BEST β weights [phase1_class1] saved -> paper_results_v4/SPECsc_census_cmaes_bias020_5s_EP130_PCA10_REWfairness_minID1_majID0_TRJ2000_REAL3000_BIAS0.2_GG202604041241_afeac7d2/seed_3/best_beta_state_dict_phase1_class1.pt
[Tracker] Ep   72 | AvgR 0.0001 | Global 0.1290 | Local 0.1192 | F1_macro 0.7489 | WorstLoss 1.0246
[Tracker] Ep   73 | AvgR 0.0001 | Global 0.1581 | Local 0.1192 | F1_macro 0.7376 | WorstLoss 0.9909
[Tracker] Ep   74 | AvgR 0.0000 | Global 0.0254 | Local 0.1192 | F1_macro 0.7425 | WorstLoss 1.1479
[Tracker] Ep   75 | AvgR 0.0001 | Global 0.1689 | Local 0.1192 | F1_macro 0.7632 | WorstLoss 0.9790
[Tracker] Saved snapshot: ep0075_phase1_class1
[Tracker] Ep   76 | AvgR -0.0000 | Global -0.0310 | Local 0.1192 | F1_macro 0.7405 | WorstLoss 1.2148
[Tracker] Ep   77 | AvgR 0.0001 | Global 0.2644 | Local 0.1192 | F1_macro 0.7477 | WorstLoss 0.8640
[Tracker] New BEST synthetic [phase1_class1] (by global.global_obj: 0.264363) saved.
[Tracker] BEST β weights [phase1_class1] saved -> paper_results_v4/SPECsc_census_cmaes_bias020_5s_EP130_PCA10_REWfairness_minID1_majID0_TRJ2000_REAL3000_BIAS0.2_GG202604041241_afeac7d2/seed_3/best_beta_state_dict_phase1_class1.pt
[Tracker] Ep   78 | AvgR 0.0001 | Global 0.1181 | Local 0.1192 | F1_macro 0.7610 | WorstLoss 1.0385
[Tracker] Ep   79 | AvgR 0.0001 | Global 0.1072 | Local 0.1192 | F1_macro 0.7312 | WorstLoss 1.0499
[Tracker] Ep   80 | AvgR 0.0001 | Global 0.1346 | Local 0.1192 | F1_macro 0.7320 | WorstLoss 1.0183
[Tracker] Saved snapshot: ep0080_phase1_class1
[Tracker] Ep   81 | AvgR 0.0000 | Global 0.0318 | Local 0.1192 | F1_macro 0.7467 | WorstLoss 1.1403
[Tracker] Ep   82 | AvgR 0.0000 | Global 0.0955 | Local 0.1192 | F1_macro 0.7638 | WorstLoss 1.0652
[Tracker] Ep   83 | AvgR 0.0000 | Global 0.0726 | Local 0.1192 | F1_macro 0.7238 | WorstLoss 1.0916
[Tracker] Ep   84 | AvgR -0.0000 | Global -0.0739 | Local 0.1192 | F1_macro 0.7461 | WorstLoss 1.2660
[Tracker] Ep   85 | AvgR 0.0000 | Global 0.0682 | Local 0.1192 | F1_macro 0.7469 | WorstLoss 1.0968
[Tracker] Saved snapshot: ep0085_phase1_class1
[Tracker] Ep   86 | AvgR 0.0000 | Global 0.0712 | Local 0.1192 | F1_macro 0.7349 | WorstLoss 1.0933
[Tracker] Ep   87 | AvgR 0.0000 | Global 0.0727 | Local 0.1192 | F1_macro 0.7541 | WorstLoss 1.0922
[Tracker] Ep   88 | AvgR 0.0001 | Global 0.1870 | Local 0.1192 | F1_macro 0.7553 | WorstLoss 0.9562
[Tracker] Ep   89 | AvgR 0.0000 | Global 0.0851 | Local 0.1192 | F1_macro 0.7640 | WorstLoss 1.0777
[Tracker] Ep   90 | AvgR 0.0001 | Global 0.2265 | Local 0.1192 | F1_macro 0.7714 | WorstLoss 0.9109
[Tracker] Saved snapshot: ep0090_phase1_class1
[Tracker] Ep   91 | AvgR 0.0001 | Global 0.1894 | Local 0.1192 | F1_macro 0.7523 | WorstLoss 0.9531
[Tracker] Ep   92 | AvgR 0.0001 | Global 0.1421 | Local 0.1192 | F1_macro 0.7542 | WorstLoss 1.0104
[Tracker] Ep   93 | AvgR 0.0001 | Global 0.2035 | Local 0.1192 | F1_macro 0.7467 | WorstLoss 0.9366
[Tracker] Ep   94 | AvgR 0.0001 | Global 0.2686 | Local 0.1192 | F1_macro 0.7548 | WorstLoss 0.8589
[Tracker] New BEST synthetic [phase1_class1] (by global.global_obj: 0.268574) saved.
[Tracker] BEST β weights [phase1_class1] saved -> paper_results_v4/SPECsc_census_cmaes_bias020_5s_EP130_PCA10_REWfairness_minID1_majID0_TRJ2000_REAL3000_BIAS0.2_GG202604041241_afeac7d2/seed_3/best_beta_state_dict_phase1_class1.pt
[Tracker] Ep   95 | AvgR 0.0000 | Global 0.0707 | Local 0.1192 | F1_macro 0.7593 | WorstLoss 1.0946
[Tracker] Saved snapshot: ep0095_phase1_class1
[Tracker] Ep   96 | AvgR 0.0000 | Global 0.0540 | Local 0.1192 | F1_macro 0.7442 | WorstLoss 1.1141
[Tracker] Ep   97 | AvgR 0.0001 | Global 0.1741 | Local 0.1192 | F1_macro 0.7374 | WorstLoss 0.9702
[Tracker] Ep   98 | AvgR 0.0000 | Global 0.0916 | Local 0.1192 | F1_macro 0.7313 | WorstLoss 1.0691
[Tracker] Ep   99 | AvgR 0.0001 | Global 0.1166 | Local 0.1192 | F1_macro 0.7655 | WorstLoss 1.0404
[Tracker] Ep  100 | AvgR 0.0001 | Global 0.1988 | Local 0.1192 | F1_macro 0.7547 | WorstLoss 0.9418
[Tracker] Saved snapshot: ep0100_phase1_class1
[Tracker] Ep  101 | AvgR 0.0001 | Global 0.2100 | Local 0.1192 | F1_macro 0.7510 | WorstLoss 0.9296
[Tracker] Ep  102 | AvgR 0.0001 | Global 0.1406 | Local 0.1192 | F1_macro 0.7574 | WorstLoss 1.0117
[Tracker] Ep  103 | AvgR 0.0000 | Global 0.0409 | Local 0.1192 | F1_macro 0.7310 | WorstLoss 1.1293
[Tracker] Ep  104 | AvgR 0.0001 | Global 0.1999 | Local 0.1192 | F1_macro 0.7558 | WorstLoss 0.9412
[Tracker] Ep  105 | AvgR 0.0001 | Global 0.2166 | Local 0.1192 | F1_macro 0.7671 | WorstLoss 0.9212
[Tracker] Saved snapshot: ep0105_phase1_class1
[Tracker] Ep  106 | AvgR 0.0000 | Global 0.0758 | Local 0.1192 | F1_macro 0.7246 | WorstLoss 1.0877
[Tracker] Ep  107 | AvgR 0.0000 | Global 0.0556 | Local 0.1192 | F1_macro 0.7425 | WorstLoss 1.1121
[Tracker] Ep  108 | AvgR 0.0001 | Global 0.2348 | Local 0.1192 | F1_macro 0.7593 | WorstLoss 0.8994
[Tracker] Ep  109 | AvgR 0.0000 | Global 0.0976 | Local 0.1192 | F1_macro 0.7452 | WorstLoss 1.0620
[Tracker] Ep  110 | AvgR 0.0001 | Global 0.1923 | Local 0.1192 | F1_macro 0.7477 | WorstLoss 0.9503
[Tracker] Saved snapshot: ep0110_phase1_class1
[Tracker] Ep  111 | AvgR 0.0001 | Global 0.1201 | Local 0.1192 | F1_macro 0.7432 | WorstLoss 1.0353
[Tracker] Ep  112 | AvgR 0.0001 | Global 0.1714 | Local 0.1192 | F1_macro 0.7645 | WorstLoss 0.9755
[Tracker] Ep  113 | AvgR 0.0001 | Global 0.2086 | Local 0.1192 | F1_macro 0.7461 | WorstLoss 0.9308
[Tracker] Ep  114 | AvgR 0.0001 | Global 0.1561 | Local 0.1192 | F1_macro 0.7489 | WorstLoss 0.9938
[Tracker] Ep  115 | AvgR 0.0000 | Global 0.0863 | Local 0.1192 | F1_macro 0.7493 | WorstLoss 1.0754
[Tracker] Saved snapshot: ep0115_phase1_class1
[Tracker] Ep  116 | AvgR 0.0000 | Global 0.0347 | Local 0.1192 | F1_macro 0.7282 | WorstLoss 1.1369
[Tracker] Ep  117 | AvgR 0.0001 | Global 0.1634 | Local 0.1192 | F1_macro 0.7409 | WorstLoss 0.9837
[Tracker] Ep  118 | AvgR 0.0001 | Global 0.1689 | Local 0.1192 | F1_macro 0.7418 | WorstLoss 0.9773
[Tracker] Ep  119 | AvgR 0.0001 | Global 0.1837 | Local 0.1192 | F1_macro 0.7440 | WorstLoss 0.9592
[Tracker] Ep  120 | AvgR 0.0001 | Global 0.1422 | Local 0.1192 | F1_macro 0.7676 | WorstLoss 1.0104
[Tracker] Saved snapshot: ep0120_phase1_class1
[Tracker] Ep  121 | AvgR 0.0001 | Global 0.1412 | Local 0.1192 | F1_macro 0.7356 | WorstLoss 1.0102
[Tracker] Ep  122 | AvgR 0.0001 | Global 0.1462 | Local 0.1192 | F1_macro 0.7208 | WorstLoss 1.0036
[Tracker] Ep  123 | AvgR 0.0001 | Global 0.1224 | Local 0.1192 | F1_macro 0.7460 | WorstLoss 1.0331
[Tracker] Ep  124 | AvgR 0.0001 | Global 0.1238 | Local 0.1192 | F1_macro 0.7532 | WorstLoss 1.0312
[Tracker] Ep  125 | AvgR 0.0001 | Global 0.2022 | Local 0.1192 | F1_macro 0.7573 | WorstLoss 0.9388
[Tracker] Saved snapshot: ep0125_phase1_class1
[Tracker] Ep  126 | AvgR 0.0001 | Global 0.1241 | Local 0.1192 | F1_macro 0.7413 | WorstLoss 1.0311
[Tracker] Ep  127 | AvgR 0.0001 | Global 0.1240 | Local 0.1192 | F1_macro 0.7448 | WorstLoss 1.0305
[Tracker] Ep  128 | AvgR 0.0001 | Global 0.1309 | Local 0.1192 | F1_macro 0.7545 | WorstLoss 1.0234
[Tracker] Ep  129 | AvgR 0.0001 | Global 0.2431 | Local 0.1192 | F1_macro 0.7584 | WorstLoss 0.8895
[Tracker] Ep  130 | AvgR 0.0001 | Global 0.1453 | Local 0.1192 | F1_macro 0.7525 | WorstLoss 1.0061
[Tracker] Saved snapshot: ep0130_phase1_class1
[CMA-ES Phase] Finished phase1_class1 | best global_obj=0.2686
Phase 2 anchors: 1483 (y=0 & disadv=1)
[CMAESAgent] reset phase='phase2_class0' | D=10 param_dim=20 popsize=12 sigma0=1.000
FFNN Using device: cuda:1

============================================================
[CMA-ES Phase] phase2_class0 | target_class=0 | episodes=26 | popsize=12
============================================================
[Tracker] Ep    1 | AvgR -0.0001 | Global -0.1201 | Local 0.1192 | F1_macro 0.6772 | WorstLoss 1.3239
[Tracker] New BEST synthetic [phase2_class0] (by global.global_obj: -0.120149) saved.
[Tracker] BEST β weights [phase2_class0] saved -> paper_results_v4/SPECsc_census_cmaes_bias020_5s_EP130_PCA10_REWfairness_minID1_majID0_TRJ2000_REAL3000_BIAS0.2_GG202604041241_afeac7d2/seed_3/best_beta_state_dict_phase2_class0.pt
[Tracker] Ep    2 | AvgR 0.0001 | Global 0.1714 | Local 0.1192 | F1_macro 0.7609 | WorstLoss 0.9743
[Tracker] New BEST synthetic [phase2_class0] (by global.global_obj: 0.171433) saved.
[Tracker] BEST β weights [phase2_class0] saved -> paper_results_v4/SPECsc_census_cmaes_bias020_5s_EP130_PCA10_REWfairness_minID1_majID0_TRJ2000_REAL3000_BIAS0.2_GG202604041241_afeac7d2/seed_3/best_beta_state_dict_phase2_class0.pt
[Tracker] Ep    3 | AvgR -0.0000 | Global -0.0024 | Local 0.1192 | F1_macro 0.6720 | WorstLoss 1.1810
[Tracker] Ep    4 | AvgR -0.0001 | Global -0.1227 | Local 0.1192 | F1_macro 0.7188 | WorstLoss 1.3268
[Tracker] Ep    5 | AvgR -0.0000 | Global -0.0992 | Local 0.1192 | F1_macro 0.7294 | WorstLoss 1.2967
[Tracker] Saved snapshot: ep0005_phase2_class0
[Tracker] Ep    6 | AvgR 0.0001 | Global 0.1640 | Local 0.1192 | F1_macro 0.7414 | WorstLoss 0.9819
[Tracker] Ep    7 | AvgR -0.0001 | Global -0.1164 | Local 0.1192 | F1_macro 0.7163 | WorstLoss 1.3170
[Tracker] Ep    8 | AvgR 0.0001 | Global 0.1781 | Local 0.1192 | F1_macro 0.7312 | WorstLoss 0.9650
[Tracker] New BEST synthetic [phase2_class0] (by global.global_obj: 0.178111) saved.
[Tracker] BEST β weights [phase2_class0] saved -> paper_results_v4/SPECsc_census_cmaes_bias020_5s_EP130_PCA10_REWfairness_minID1_majID0_TRJ2000_REAL3000_BIAS0.2_GG202604041241_afeac7d2/seed_3/best_beta_state_dict_phase2_class0.pt
[Tracker] Ep    9 | AvgR 0.0000 | Global 0.0265 | Local 0.1192 | F1_macro 0.7437 | WorstLoss 1.1462
[Tracker] Ep   10 | AvgR -0.0002 | Global -0.3522 | Local 0.1192 | F1_macro 0.7073 | WorstLoss 1.6029
[Tracker] Saved snapshot: ep0010_phase2_class0
[Tracker] Ep   11 | AvgR 0.0001 | Global 0.1757 | Local 0.1192 | F1_macro 0.7421 | WorstLoss 0.9680
[Tracker] Ep   12 | AvgR 0.0000 | Global 0.0899 | Local 0.1192 | F1_macro 0.7428 | WorstLoss 1.0702
[Tracker] Ep   13 | AvgR 0.0001 | Global 0.1602 | Local 0.1192 | F1_macro 0.7436 | WorstLoss 0.9864
[Tracker] Ep   14 | AvgR 0.0000 | Global 0.0720 | Local 0.1192 | F1_macro 0.7151 | WorstLoss 1.0921
[Tracker] Ep   15 | AvgR 0.0001 | Global 0.1695 | Local 0.1192 | F1_macro 0.7406 | WorstLoss 0.9762
[Tracker] Saved snapshot: ep0015_phase2_class0
[Tracker] Ep   16 | AvgR 0.0000 | Global 0.0569 | Local 0.1192 | F1_macro 0.7405 | WorstLoss 1.1101
[Tracker] Ep   17 | AvgR -0.0000 | Global -0.0866 | Local 0.1192 | F1_macro 0.6923 | WorstLoss 1.2815
[Tracker] Ep   18 | AvgR 0.0001 | Global 0.1969 | Local 0.1192 | F1_macro 0.7408 | WorstLoss 0.9431
[Tracker] New BEST synthetic [phase2_class0] (by global.global_obj: 0.196904) saved.
[Tracker] BEST β weights [phase2_class0] saved -> paper_results_v4/SPECsc_census_cmaes_bias020_5s_EP130_PCA10_REWfairness_minID1_majID0_TRJ2000_REAL3000_BIAS0.2_GG202604041241_afeac7d2/seed_3/best_beta_state_dict_phase2_class0.pt
[Tracker] Ep   19 | AvgR 0.0000 | Global 0.0955 | Local 0.1192 | F1_macro 0.7474 | WorstLoss 1.0632
[Tracker] Ep   20 | AvgR 0.0001 | Global 0.2296 | Local 0.1192 | F1_macro 0.7440 | WorstLoss 0.9047
[Tracker] Saved snapshot: ep0020_phase2_class0
[Tracker] New BEST synthetic [phase2_class0] (by global.global_obj: 0.229634) saved.
[Tracker] BEST β weights [phase2_class0] saved -> paper_results_v4/SPECsc_census_cmaes_bias020_5s_EP130_PCA10_REWfairness_minID1_majID0_TRJ2000_REAL3000_BIAS0.2_GG202604041241_afeac7d2/seed_3/best_beta_state_dict_phase2_class0.pt
[Tracker] Ep   21 | AvgR 0.0000 | Global 0.0867 | Local 0.1192 | F1_macro 0.7238 | WorstLoss 1.0734
[Tracker] Ep   22 | AvgR 0.0001 | Global 0.1747 | Local 0.1192 | F1_macro 0.7348 | WorstLoss 0.9700
[Tracker] Ep   23 | AvgR 0.0000 | Global 0.0785 | Local 0.1192 | F1_macro 0.7233 | WorstLoss 1.0842
[Tracker] Ep   24 | AvgR 0.0001 | Global 0.1753 | Local 0.1192 | F1_macro 0.7398 | WorstLoss 0.9667
[Tracker] Ep   25 | AvgR 0.0001 | Global 0.2380 | Local 0.1192 | F1_macro 0.7546 | WorstLoss 0.8950
[Tracker] Saved snapshot: ep0025_phase2_class0
[Tracker] New BEST synthetic [phase2_class0] (by global.global_obj: 0.237972) saved.
[Tracker] BEST β weights [phase2_class0] saved -> paper_results_v4/SPECsc_census_cmaes_bias020_5s_EP130_PCA10_REWfairness_minID1_majID0_TRJ2000_REAL3000_BIAS0.2_GG202604041241_afeac7d2/seed_3/best_beta_state_dict_phase2_class0.pt
[Tracker] Ep   26 | AvgR 0.0001 | Global 0.2072 | Local 0.1192 | F1_macro 0.7391 | WorstLoss 0.9313
[CMA-ES Phase] Finished phase2_class0 | best global_obj=0.2380
FFNN Using device: cuda:1
[Combined] Saved combined beta -> paper_results_v4/SPECsc_census_cmaes_bias020_5s_EP130_PCA10_REWfairness_minID1_majID0_TRJ2000_REAL3000_BIAS0.2_GG202604041241_afeac7d2/seed_3/best_beta_state_dict.pt
[Combined] Saved combined synthetic -> paper_results_v4/SPECsc_census_cmaes_bias020_5s_EP130_PCA10_REWfairness_minID1_majID0_TRJ2000_REAL3000_BIAS0.2_GG202604041241_afeac7d2/seed_3/best_synthetic_combined.npz
FFNN Using device: cuda:1
[TestSuite] Loaded best β weights from: paper_results_v4/SPECsc_census_cmaes_bias020_5s_EP130_PCA10_REWfairness_minID1_majID0_TRJ2000_REAL3000_BIAS0.2_GG202604041241_afeac7d2/seed_3/best_beta_state_dict.pt

[TEST] Alpha -> F1(min)=0.6246 | F1(maj)=0.9020 | F1(weighted)=0.8352 | F1(macro)=0.7633 | Brier=0.1070
[TEST] Beta  -> F1(min)=0.6157 | F1(maj)=0.9004 | F1(weighted)=0.8318 | F1(macro)=0.7581 | Brier=0.1106
[TestSuite] Final test metrics appended to (seed): paper_results_v4/SPECsc_census_cmaes_bias020_5s_EP130_PCA10_REWfairness_minID1_majID0_TRJ2000_REAL3000_BIAS0.2_GG202604041241_afeac7d2/seed_3/final_test_metrics.csv
[TestSuite] Final test metrics appended to (experiment): paper_results_v4/SPECsc_census_cmaes_bias020_5s_EP130_PCA10_REWfairness_minID1_majID0_TRJ2000_REAL3000_BIAS0.2_GG202604041241_afeac7d2/final_test_metrics.csv
Total time 499.57s
[Tracker] Finished. Run folder: paper_results_v4/SPECsc_census_cmaes_bias020_5s_EP130_PCA10_REWfairness_minID1_majID0_TRJ2000_REAL3000_BIAS0.2_GG202604041241_afeac7d2/seed_3
