[main] spec=v14_census_dvrl_twophase_3seeds.json device=cuda:0
[main] exp_group=SPEC_v14_census_dvrl_twophase_3seeds_49574890__G202603162050
[main] seeds=[42, 0, 1]
[main] ---- running seed=42 ----
FFNN Using device: cuda:0
FFNN Using device: cuda:0
[Tracker] Experiment: SPECv14_census_dvrl_twophase_3seeds_EP800_PCA10_REWfairness_minID1_majID0_TRJ2000_REAL3000_GG202603162050_d61bc7e3
[Tracker] Seed folder: training_runs/SPECv14_census_dvrl_twophase_3seeds_EP800_PCA10_REWfairness_minID1_majID0_TRJ2000_REAL3000_GG202603162050_d61bc7e3/seed_42
[Tracker] Run: 2026-03-16_20-50-24_seed42_2394566_6d5e807c
[Tracker] Metrics CSV: training_runs/SPECv14_census_dvrl_twophase_3seeds_EP800_PCA10_REWfairness_minID1_majID0_TRJ2000_REAL3000_GG202603162050_d61bc7e3/seed_42/metrics.csv
[Tracker] Mirroring console to: training_runs/SPECv14_census_dvrl_twophase_3seeds_EP800_PCA10_REWfairness_minID1_majID0_TRJ2000_REAL3000_GG202603162050_d61bc7e3/seed_42/console.log
[TRAIN] size=3000, minority=722 (24.07%)
[VAL] size=6512, minority=1568 (24.08%)
[TEST] size=6513, minority=1569 (24.09%)
FFNN Using device: cuda:0
FFNN Using device: cuda:0
Beta will train with: 60.00% real data, 40.00% synthetic data: 
[disadv] group=1 per_g={0: 0.20557968318462372, 1: 0.4021179974079132} worst_4g=1.3434 soft_eo_alpha=0.1820
Anchors: 606 (disadv=1) sigma_anchor=0.8500
[Tracker] Alpha model state_dict saved to training_runs/SPECv14_census_dvrl_twophase_3seeds_EP800_PCA10_REWfairness_minID1_majID0_TRJ2000_REAL3000_GG202603162050_d61bc7e3/seed_42/alpha_state_dict.pt
[Tracker] Alpha model config saved to training_runs/SPECv14_census_dvrl_twophase_3seeds_EP800_PCA10_REWfairness_minID1_majID0_TRJ2000_REAL3000_GG202603162050_d61bc7e3/seed_42/ffnn_meta.json

============================================================
[Phase] Starting phase1_class1 | target_class=1 | episodes=800
============================================================
[Tracker] CSV header written with 44 columns.
[Tracker] Ep    1 | AvgR 0.0001 | Global 0.8068 | Local 0.0387 | F1_macro 0.7602 | WorstLoss 1.1930
[Tracker] New BEST synthetic [phase1_class1] (by global.global_obj: 0.806824) saved.
[Tracker] BEST β weights [phase1_class1] saved -> training_runs/SPECv14_census_dvrl_twophase_3seeds_EP800_PCA10_REWfairness_minID1_majID0_TRJ2000_REAL3000_GG202603162050_d61bc7e3/seed_42/best_beta_state_dict_phase1_class1.pt
[Tracker] Ep    2 | AvgR 0.0001 | Global 0.7810 | Local 0.0530 | F1_macro 0.7437 | WorstLoss 1.1991
[Tracker] Ep    3 | AvgR 0.0001 | Global 0.8364 | Local 0.0258 | F1_macro 0.7588 | WorstLoss 1.1677
[Tracker] New BEST synthetic [phase1_class1] (by global.global_obj: 0.836365) saved.
[Tracker] BEST β weights [phase1_class1] saved -> training_runs/SPECv14_census_dvrl_twophase_3seeds_EP800_PCA10_REWfairness_minID1_majID0_TRJ2000_REAL3000_GG202603162050_d61bc7e3/seed_42/best_beta_state_dict_phase1_class1.pt
[Tracker] Ep    4 | AvgR 0.0001 | Global 0.4853 | Local 0.0469 | F1_macro 0.7587 | WorstLoss 1.3444
[Tracker] Ep    5 | AvgR 0.0002 | Global 0.8768 | Local 0.0590 | F1_macro 0.7465 | WorstLoss 1.1296
[Tracker] Saved snapshot: ep0005_phase1_class1
[Tracker] New BEST synthetic [phase1_class1] (by global.global_obj: 0.876837) saved.
[Tracker] BEST β weights [phase1_class1] saved -> training_runs/SPECv14_census_dvrl_twophase_3seeds_EP800_PCA10_REWfairness_minID1_majID0_TRJ2000_REAL3000_GG202603162050_d61bc7e3/seed_42/best_beta_state_dict_phase1_class1.pt
[Tracker] Ep    6 | AvgR 0.0001 | Global 0.6218 | Local 0.0663 | F1_macro 0.7381 | WorstLoss 1.2850
[Tracker] Ep    7 | AvgR 0.0001 | Global 0.4343 | Local 0.0452 | F1_macro 0.7397 | WorstLoss 1.3662
[Tracker] Ep    8 | AvgR 0.0001 | Global 0.7731 | Local 0.0718 | F1_macro 0.7466 | WorstLoss 1.2109
[Tracker] Ep    9 | AvgR 0.0001 | Global 0.5880 | Local 0.0625 | F1_macro 0.7487 | WorstLoss 1.3002
[Tracker] Ep   10 | AvgR 0.0001 | Global 0.3415 | Local 0.0916 | F1_macro 0.7330 | WorstLoss 1.4008
[Tracker] Saved snapshot: ep0010_phase1_class1
[Tracker] Ep   11 | AvgR 0.0002 | Global 0.8620 | Local 0.0755 | F1_macro 0.7527 | WorstLoss 1.1407
[Tracker] Ep   12 | AvgR 0.0001 | Global 0.7838 | Local 0.0710 | F1_macro 0.7508 | WorstLoss 1.2009
[Tracker] Ep   13 | AvgR 0.0001 | Global 0.4428 | Local 0.0793 | F1_macro 0.7477 | WorstLoss 1.3575
[Tracker] Ep   14 | AvgR 0.0001 | Global 0.3347 | Local 0.0586 | F1_macro 0.7480 | WorstLoss 1.4067
[Tracker] Ep   15 | AvgR 0.0001 | Global 0.7206 | Local 0.0423 | F1_macro 0.7441 | WorstLoss 1.2379
[Tracker] Saved snapshot: ep0015_phase1_class1
[Tracker] Ep   16 | AvgR 0.0001 | Global 0.4843 | Local 0.0704 | F1_macro 0.7540 | WorstLoss 1.3418
[Tracker] Ep   17 | AvgR 0.0001 | Global 0.3643 | Local 0.0472 | F1_macro 0.7252 | WorstLoss 1.3944
[Tracker] Ep   18 | AvgR 0.0001 | Global 0.4453 | Local 0.0458 | F1_macro 0.7508 | WorstLoss 1.3603
[Tracker] Ep   19 | AvgR 0.0001 | Global 0.3709 | Local 0.0592 | F1_macro 0.7431 | WorstLoss 1.3913
[Tracker] Ep   20 | AvgR 0.0001 | Global 0.3001 | Local 0.0730 | F1_macro 0.7469 | WorstLoss 1.4202
[Tracker] Saved snapshot: ep0020_phase1_class1
[Tracker] Ep   21 | AvgR 0.0001 | Global 0.7410 | Local 0.0410 | F1_macro 0.7590 | WorstLoss 1.2306
[Tracker] Ep   22 | AvgR 0.0001 | Global 0.6509 | Local 0.0567 | F1_macro 0.7485 | WorstLoss 1.2726
[Tracker] Ep   23 | AvgR 0.0000 | Global 0.1303 | Local 0.0663 | F1_macro 0.7390 | WorstLoss 1.5276
[Tracker] Ep   24 | AvgR 0.0001 | Global 0.6549 | Local 0.0549 | F1_macro 0.7449 | WorstLoss 1.2733
[Tracker] Ep   25 | AvgR 0.0001 | Global 0.5658 | Local 0.0442 | F1_macro 0.7516 | WorstLoss 1.3094
[Tracker] Saved snapshot: ep0025_phase1_class1
[Tracker] Ep   26 | AvgR 0.0001 | Global 0.6090 | Local 0.0421 | F1_macro 0.7423 | WorstLoss 1.2920
[Tracker] Ep   27 | AvgR 0.0001 | Global 0.1741 | Local 0.0699 | F1_macro 0.7464 | WorstLoss 1.4923
[Tracker] Ep   28 | AvgR 0.0001 | Global 0.7401 | Local 0.0597 | F1_macro 0.7627 | WorstLoss 1.2309
[Tracker] Ep   29 | AvgR 0.0002 | Global 0.8464 | Local 0.0688 | F1_macro 0.7482 | WorstLoss 1.1523
[Tracker] Ep   30 | AvgR 0.0001 | Global 0.8170 | Local 0.0482 | F1_macro 0.7564 | WorstLoss 1.1816
[Tracker] Saved snapshot: ep0030_phase1_class1
[Tracker] Ep   31 | AvgR 0.0001 | Global 0.5543 | Local 0.0532 | F1_macro 0.7508 | WorstLoss 1.3156
[Tracker] Ep   32 | AvgR 0.0002 | Global 0.8203 | Local 0.0614 | F1_macro 0.7477 | WorstLoss 1.1802
[Tracker] Ep   33 | AvgR 0.0001 | Global 0.5135 | Local 0.0617 | F1_macro 0.7519 | WorstLoss 1.3284
[Tracker] Ep   34 | AvgR 0.0001 | Global 0.6866 | Local 0.0550 | F1_macro 0.7395 | WorstLoss 1.2562
[Tracker] Ep   35 | AvgR 0.0001 | Global 0.5799 | Local 0.0549 | F1_macro 0.7433 | WorstLoss 1.3048
[Tracker] Saved snapshot: ep0035_phase1_class1
[Tracker] Ep   36 | AvgR 0.0001 | Global 0.5474 | Local 0.0407 | F1_macro 0.7502 | WorstLoss 1.3193
[Tracker] Ep   37 | AvgR 0.0001 | Global 0.2878 | Local 0.0634 | F1_macro 0.7430 | WorstLoss 1.4261
[Tracker] Ep   38 | AvgR 0.0001 | Global 0.3193 | Local 0.0601 | F1_macro 0.7544 | WorstLoss 1.4134
[Tracker] Ep   39 | AvgR 0.0001 | Global 0.4875 | Local 0.0600 | F1_macro 0.7570 | WorstLoss 1.3432
[Tracker] Ep   40 | AvgR 0.0001 | Global 0.7103 | Local 0.0683 | F1_macro 0.7457 | WorstLoss 1.2467
[Tracker] Saved snapshot: ep0040_phase1_class1
[Tracker] Ep   41 | AvgR 0.0001 | Global 0.7553 | Local 0.0434 | F1_macro 0.7472 | WorstLoss 1.2210
[Tracker] Ep   42 | AvgR 0.0002 | Global 0.8562 | Local 0.0541 | F1_macro 0.7640 | WorstLoss 1.1524
[Tracker] Ep   43 | AvgR 0.0002 | Global 0.8469 | Local 0.0432 | F1_macro 0.7522 | WorstLoss 1.1543
[Tracker] Ep   44 | AvgR 0.0001 | Global 0.3424 | Local 0.0701 | F1_macro 0.7467 | WorstLoss 1.4021
[Tracker] Ep   45 | AvgR 0.0001 | Global 0.3239 | Local 0.0916 | F1_macro 0.7501 | WorstLoss 1.4098
[Tracker] Saved snapshot: ep0045_phase1_class1
[Tracker] Ep   46 | AvgR 0.0001 | Global 0.7949 | Local 0.0537 | F1_macro 0.7569 | WorstLoss 1.1922
[Tracker] Ep   47 | AvgR 0.0002 | Global 0.8081 | Local 0.0944 | F1_macro 0.7644 | WorstLoss 1.1879
[Tracker] Ep   48 | AvgR 0.0001 | Global 0.2078 | Local 0.0649 | F1_macro 0.7502 | WorstLoss 1.4725
[Tracker] Ep   49 | AvgR 0.0001 | Global 0.4830 | Local 0.0670 | F1_macro 0.7299 | WorstLoss 1.3460
[Tracker] Ep   50 | AvgR 0.0001 | Global 0.7305 | Local 0.0200 | F1_macro 0.7659 | WorstLoss 1.2396
[Tracker] Saved snapshot: ep0050_phase1_class1
[Tracker] Ep   51 | AvgR 0.0001 | Global 0.5366 | Local 0.0453 | F1_macro 0.7556 | WorstLoss 1.3233
[Tracker] Ep   52 | AvgR 0.0001 | Global 0.5533 | Local 0.0641 | F1_macro 0.7393 | WorstLoss 1.3157
[Tracker] Ep   53 | AvgR 0.0002 | Global 0.8261 | Local 0.0549 | F1_macro 0.7610 | WorstLoss 1.1792
[Tracker] Ep   54 | AvgR 0.0001 | Global 0.6027 | Local 0.0609 | F1_macro 0.7485 | WorstLoss 1.2949
[Tracker] Ep   55 | AvgR 0.0002 | Global 0.9427 | Local 0.0815 | F1_macro 0.7711 | WorstLoss 1.0294
[Tracker] Saved snapshot: ep0055_phase1_class1
[Tracker] New BEST synthetic [phase1_class1] (by global.global_obj: 0.942711) saved.
[Tracker] BEST β weights [phase1_class1] saved -> training_runs/SPECv14_census_dvrl_twophase_3seeds_EP800_PCA10_REWfairness_minID1_majID0_TRJ2000_REAL3000_GG202603162050_d61bc7e3/seed_42/best_beta_state_dict_phase1_class1.pt
[Tracker] Ep   56 | AvgR 0.0001 | Global 0.6834 | Local 0.0458 | F1_macro 0.7567 | WorstLoss 1.2632
[Tracker] Ep   57 | AvgR 0.0001 | Global 0.3925 | Local 0.0392 | F1_macro 0.7399 | WorstLoss 1.3825
[Tracker] Ep   58 | AvgR 0.0002 | Global 0.8858 | Local 0.0492 | F1_macro 0.7728 | WorstLoss 1.1300
[Tracker] Ep   59 | AvgR 0.0001 | Global 0.7057 | Local 0.0499 | F1_macro 0.7497 | WorstLoss 1.2434
[Tracker] Ep   60 | AvgR 0.0000 | Global 0.1191 | Local 0.0662 | F1_macro 0.7227 | WorstLoss 1.5376
[Tracker] Saved snapshot: ep0060_phase1_class1
[Tracker] Ep   61 | AvgR 0.0001 | Global 0.4874 | Local 0.0658 | F1_macro 0.7587 | WorstLoss 1.3416
[Tracker] Ep   62 | AvgR 0.0001 | Global 0.7160 | Local 0.0477 | F1_macro 0.7690 | WorstLoss 1.2487
[Tracker] Ep   63 | AvgR 0.0002 | Global 0.9008 | Local 0.0395 | F1_macro 0.7610 | WorstLoss 1.1076
[Tracker] Ep   64 | AvgR 0.0000 | Global 0.1492 | Local 0.0659 | F1_macro 0.7538 | WorstLoss 1.5118
[Tracker] Ep   65 | AvgR 0.0001 | Global 0.3602 | Local 0.0815 | F1_macro 0.7492 | WorstLoss 1.3953
[Tracker] Saved snapshot: ep0065_phase1_class1
[Tracker] Ep   66 | AvgR 0.0002 | Global 0.8622 | Local 0.0592 | F1_macro 0.7498 | WorstLoss 1.1376
[Tracker] Ep   67 | AvgR 0.0001 | Global 0.8024 | Local 0.0376 | F1_macro 0.7550 | WorstLoss 1.1928
[Tracker] Ep   68 | AvgR 0.0001 | Global 0.6292 | Local 0.0809 | F1_macro 0.7464 | WorstLoss 1.2827
[Tracker] Ep   69 | AvgR 0.0001 | Global 0.7920 | Local 0.0424 | F1_macro 0.7542 | WorstLoss 1.2065
[Tracker] Ep   70 | AvgR 0.0001 | Global 0.2778 | Local 0.0753 | F1_macro 0.7231 | WorstLoss 1.4343
[Tracker] Saved snapshot: ep0070_phase1_class1
[Tracker] Ep   71 | AvgR 0.0001 | Global 0.7642 | Local 0.0428 | F1_macro 0.7595 | WorstLoss 1.2154
[Tracker] Ep   72 | AvgR 0.0001 | Global 0.2472 | Local 0.0808 | F1_macro 0.7440 | WorstLoss 1.4491
[Tracker] Ep   73 | AvgR 0.0002 | Global 0.7873 | Local 0.0635 | F1_macro 0.7536 | WorstLoss 1.1932
[Tracker] Ep   74 | AvgR 0.0002 | Global 0.9167 | Local 0.0686 | F1_macro 0.7610 | WorstLoss 1.0770
[Tracker] Ep   75 | AvgR 0.0002 | Global 0.8344 | Local 0.0421 | F1_macro 0.7684 | WorstLoss 1.1686
[Tracker] Saved snapshot: ep0075_phase1_class1
[Tracker] Ep   76 | AvgR 0.0001 | Global 0.7730 | Local 0.0211 | F1_macro 0.7695 | WorstLoss 1.2182
[Tracker] Ep   77 | AvgR 0.0002 | Global 0.8425 | Local 0.0895 | F1_macro 0.7584 | WorstLoss 1.1527
[Tracker] Ep   78 | AvgR 0.0001 | Global 0.7196 | Local 0.0726 | F1_macro 0.7487 | WorstLoss 1.2375
[Tracker] Ep   79 | AvgR 0.0002 | Global 0.8733 | Local 0.0697 | F1_macro 0.7470 | WorstLoss 1.1333
[Tracker] Ep   80 | AvgR 0.0001 | Global 0.4435 | Local 0.0946 | F1_macro 0.7395 | WorstLoss 1.3574
[Tracker] Saved snapshot: ep0080_phase1_class1
[Tracker] Ep   81 | AvgR 0.0001 | Global 0.7150 | Local 0.0554 | F1_macro 0.7549 | WorstLoss 1.2419
[Tracker] Ep   82 | AvgR 0.0001 | Global 0.6004 | Local 0.0563 | F1_macro 0.7434 | WorstLoss 1.2953
[Tracker] Ep   83 | AvgR 0.0002 | Global 0.8997 | Local 0.0822 | F1_macro 0.7548 | WorstLoss 1.0921
[Tracker] Ep   84 | AvgR 0.0001 | Global 0.6613 | Local 0.0620 | F1_macro 0.7672 | WorstLoss 1.2711
[Tracker] Ep   85 | AvgR 0.0001 | Global 0.5104 | Local 0.0500 | F1_macro 0.7689 | WorstLoss 1.3335
[Tracker] Saved snapshot: ep0085_phase1_class1
[Tracker] Ep   86 | AvgR 0.0002 | Global 0.8627 | Local 0.0597 | F1_macro 0.7673 | WorstLoss 1.1517
[Tracker] Ep   87 | AvgR 0.0001 | Global 0.2285 | Local 0.0780 | F1_macro 0.7507 | WorstLoss 1.4605
[Tracker] Ep   88 | AvgR 0.0001 | Global 0.6206 | Local 0.0702 | F1_macro 0.7506 | WorstLoss 1.2817
[Tracker] Ep   89 | AvgR 0.0001 | Global 0.2387 | Local 0.0855 | F1_macro 0.7561 | WorstLoss 1.4543
[Tracker] Ep   90 | AvgR 0.0001 | Global 0.6214 | Local 0.0561 | F1_macro 0.7473 | WorstLoss 1.2858
[Tracker] Saved snapshot: ep0090_phase1_class1
[Tracker] Ep   91 | AvgR 0.0001 | Global 0.3898 | Local 0.0449 | F1_macro 0.7551 | WorstLoss 1.3830
[Tracker] Ep   92 | AvgR 0.0001 | Global 0.6189 | Local 0.0446 | F1_macro 0.7582 | WorstLoss 1.2912
[Tracker] Ep   93 | AvgR 0.0001 | Global 0.5673 | Local 0.0414 | F1_macro 0.7551 | WorstLoss 1.3100
[Tracker] Ep   94 | AvgR 0.0002 | Global 0.8321 | Local 0.0363 | F1_macro 0.7596 | WorstLoss 1.1713
[Tracker] Ep   95 | AvgR 0.0002 | Global 0.8037 | Local 0.0448 | F1_macro 0.7491 | WorstLoss 1.1863
[Tracker] Saved snapshot: ep0095_phase1_class1
[Tracker] Ep   96 | AvgR 0.0000 | Global 0.1765 | Local 0.0526 | F1_macro 0.7615 | WorstLoss 1.4936
[Tracker] Ep   97 | AvgR 0.0001 | Global 0.6202 | Local 0.0882 | F1_macro 0.7590 | WorstLoss 1.2836
[Tracker] Ep   98 | AvgR 0.0000 | Global 0.0360 | Local 0.0872 | F1_macro 0.7314 | WorstLoss 1.6671
[Tracker] Ep   99 | AvgR 0.0002 | Global 0.8971 | Local 0.0764 | F1_macro 0.7691 | WorstLoss 1.1080
[Tracker] Ep  100 | AvgR 0.0001 | Global 0.7472 | Local 0.0526 | F1_macro 0.7701 | WorstLoss 1.2269
[Tracker] Saved snapshot: ep0100_phase1_class1
[Tracker] Ep  101 | AvgR 0.0002 | Global 0.7767 | Local 0.0485 | F1_macro 0.7625 | WorstLoss 1.2127
[Tracker] Ep  102 | AvgR 0.0002 | Global 0.7825 | Local 0.0987 | F1_macro 0.7635 | WorstLoss 1.2062
[Tracker] Ep  103 | AvgR 0.0001 | Global 0.5737 | Local 0.0712 | F1_macro 0.7529 | WorstLoss 1.3074
[Tracker] Ep  104 | AvgR 0.0002 | Global 0.8550 | Local 0.0708 | F1_macro 0.7602 | WorstLoss 1.1532
[Tracker] Ep  105 | AvgR 0.0001 | Global 0.5334 | Local 0.0715 | F1_macro 0.7560 | WorstLoss 1.3235
[Tracker] Saved snapshot: ep0105_phase1_class1
[Tracker] Ep  106 | AvgR 0.0002 | Global 0.8687 | Local 0.0395 | F1_macro 0.7686 | WorstLoss 1.1330
[Tracker] Ep  107 | AvgR 0.0002 | Global 0.7321 | Local 0.0675 | F1_macro 0.7475 | WorstLoss 1.2357
[Tracker] Ep  108 | AvgR 0.0002 | Global 0.9114 | Local 0.0508 | F1_macro 0.7688 | WorstLoss 1.0978
[Tracker] Ep  109 | AvgR 0.0000 | Global 0.1435 | Local 0.0715 | F1_macro 0.7617 | WorstLoss 1.5172
[Tracker] Ep  110 | AvgR 0.0001 | Global 0.4771 | Local 0.0536 | F1_macro 0.7530 | WorstLoss 1.3430
[Tracker] Saved snapshot: ep0110_phase1_class1
[Tracker] Ep  111 | AvgR 0.0002 | Global 0.8701 | Local 0.0572 | F1_macro 0.7596 | WorstLoss 1.1389
[Tracker] Ep  112 | AvgR 0.0001 | Global 0.3175 | Local 0.0799 | F1_macro 0.7480 | WorstLoss 1.4126
[Tracker] Ep  113 | AvgR 0.0001 | Global 0.5194 | Local 0.0334 | F1_macro 0.7599 | WorstLoss 1.3307
[Tracker] Ep  114 | AvgR 0.0001 | Global 0.4249 | Local 0.0515 | F1_macro 0.7577 | WorstLoss 1.3666
[Tracker] Ep  115 | AvgR 0.0000 | Global 0.0783 | Local 0.0632 | F1_macro 0.7406 | WorstLoss 1.5857
[Tracker] Saved snapshot: ep0115_phase1_class1
[Tracker] Ep  116 | AvgR 0.0001 | Global 0.2432 | Local 0.1036 | F1_macro 0.7498 | WorstLoss 1.4509
[Tracker] Ep  117 | AvgR 0.0001 | Global 0.5225 | Local 0.0457 | F1_macro 0.7380 | WorstLoss 1.3295
[Tracker] Ep  118 | AvgR 0.0001 | Global 0.4479 | Local 0.0764 | F1_macro 0.7568 | WorstLoss 1.3572
[Tracker] Ep  119 | AvgR 0.0002 | Global 0.8059 | Local 0.0928 | F1_macro 0.7587 | WorstLoss 1.1831
[Tracker] Ep  120 | AvgR 0.0001 | Global 0.4838 | Local 0.0589 | F1_macro 0.7436 | WorstLoss 1.3428
[Tracker] Saved snapshot: ep0120_phase1_class1
[Tracker] Ep  121 | AvgR 0.0001 | Global 0.6976 | Local 0.0755 | F1_macro 0.7592 | WorstLoss 1.2445
[Tracker] Ep  122 | AvgR 0.0001 | Global 0.2814 | Local 0.0681 | F1_macro 0.7542 | WorstLoss 1.4321
[Tracker] Ep  123 | AvgR 0.0001 | Global 0.3270 | Local 0.0702 | F1_macro 0.7548 | WorstLoss 1.4089
[Tracker] Ep  124 | AvgR 0.0001 | Global 0.3264 | Local 0.0609 | F1_macro 0.7598 | WorstLoss 1.4115
[Tracker] Ep  125 | AvgR 0.0001 | Global 0.5526 | Local 0.0642 | F1_macro 0.7516 | WorstLoss 1.3134
[Tracker] Saved snapshot: ep0125_phase1_class1
[Tracker] Ep  126 | AvgR 0.0001 | Global 0.3386 | Local 0.0890 | F1_macro 0.7594 | WorstLoss 1.4031
[Tracker] Ep  127 | AvgR 0.0001 | Global 0.4382 | Local 0.0780 | F1_macro 0.7498 | WorstLoss 1.3611
[Tracker] Ep  128 | AvgR 0.0001 | Global 0.3314 | Local 0.0796 | F1_macro 0.7479 | WorstLoss 1.4083
[Tracker] Ep  129 | AvgR 0.0002 | Global 0.8356 | Local 0.0716 | F1_macro 0.7589 | WorstLoss 1.1689
[Tracker] Ep  130 | AvgR 0.0001 | Global 0.2461 | Local 0.0943 | F1_macro 0.7559 | WorstLoss 1.4487
[Tracker] Saved snapshot: ep0130_phase1_class1
[Tracker] Ep  131 | AvgR 0.0002 | Global 0.8210 | Local 0.0698 | F1_macro 0.7567 | WorstLoss 1.1714
[Tracker] Ep  132 | AvgR 0.0001 | Global 0.4343 | Local 0.0527 | F1_macro 0.7437 | WorstLoss 1.3632
[Tracker] Ep  133 | AvgR 0.0002 | Global 0.7753 | Local 0.0354 | F1_macro 0.7660 | WorstLoss 1.2147
[Tracker] Ep  134 | AvgR 0.0002 | Global 0.8524 | Local 0.0970 | F1_macro 0.7537 | WorstLoss 1.1416
[Tracker] Ep  135 | AvgR 0.0002 | Global 0.7891 | Local 0.0407 | F1_macro 0.7627 | WorstLoss 1.2033
[Tracker] Saved snapshot: ep0135_phase1_class1
[Tracker] Ep  136 | AvgR 0.0001 | Global 0.5834 | Local 0.0854 | F1_macro 0.7584 | WorstLoss 1.3024
[Tracker] Ep  137 | AvgR 0.0001 | Global 0.5921 | Local 0.0665 | F1_macro 0.7469 | WorstLoss 1.2984
[Tracker] Ep  138 | AvgR 0.0001 | Global 0.5779 | Local 0.0533 | F1_macro 0.7581 | WorstLoss 1.3053
[Tracker] Ep  139 | AvgR 0.0001 | Global 0.6879 | Local 0.0564 | F1_macro 0.7494 | WorstLoss 1.2524
[Tracker] Ep  140 | AvgR 0.0001 | Global 0.1610 | Local 0.0674 | F1_macro 0.7531 | WorstLoss 1.5036
[Tracker] Saved snapshot: ep0140_phase1_class1
[Tracker] Ep  141 | AvgR 0.0002 | Global 0.7590 | Local 0.0749 | F1_macro 0.7493 | WorstLoss 1.2090
[Tracker] Ep  142 | AvgR 0.0001 | Global 0.2217 | Local 0.0796 | F1_macro 0.7521 | WorstLoss 1.4626
[Tracker] Ep  143 | AvgR 0.0002 | Global 0.8888 | Local 0.0299 | F1_macro 0.7775 | WorstLoss 1.1266
[Tracker] Ep  144 | AvgR 0.0001 | Global 0.4555 | Local 0.0486 | F1_macro 0.7509 | WorstLoss 1.3552
[Tracker] Ep  145 | AvgR 0.0002 | Global 0.7583 | Local 0.0618 | F1_macro 0.7559 | WorstLoss 1.2199
[Tracker] Saved snapshot: ep0145_phase1_class1
[Tracker] Ep  146 | AvgR 0.0001 | Global 0.3442 | Local 0.0673 | F1_macro 0.7595 | WorstLoss 1.4020
[Tracker] Ep  147 | AvgR 0.0001 | Global 0.3841 | Local 0.0662 | F1_macro 0.7511 | WorstLoss 1.3842
[Tracker] Ep  148 | AvgR 0.0001 | Global 0.2262 | Local 0.0819 | F1_macro 0.7563 | WorstLoss 1.4597
[Tracker] Ep  149 | AvgR 0.0001 | Global 0.6907 | Local 0.0386 | F1_macro 0.7593 | WorstLoss 1.2591
[Tracker] Ep  150 | AvgR 0.0001 | Global 0.2934 | Local 0.0453 | F1_macro 0.7530 | WorstLoss 1.4252
[Tracker] Saved snapshot: ep0150_phase1_class1
[Tracker] Ep  151 | AvgR 0.0001 | Global 0.2860 | Local 0.0780 | F1_macro 0.7416 | WorstLoss 1.4271
[Tracker] Ep  152 | AvgR 0.0002 | Global 0.7543 | Local 0.0724 | F1_macro 0.7577 | WorstLoss 1.2157
[Tracker] Ep  153 | AvgR 0.0001 | Global 0.4806 | Local 0.0531 | F1_macro 0.7524 | WorstLoss 1.3454
[Tracker] Ep  154 | AvgR 0.0001 | Global 0.6591 | Local 0.0596 | F1_macro 0.7433 | WorstLoss 1.2731
[Tracker] Ep  155 | AvgR 0.0001 | Global 0.6723 | Local 0.0697 | F1_macro 0.7559 | WorstLoss 1.2645
[Tracker] Saved snapshot: ep0155_phase1_class1
[Tracker] Ep  156 | AvgR 0.0001 | Global 0.3717 | Local 0.0944 | F1_macro 0.7379 | WorstLoss 1.3896
[Tracker] Ep  157 | AvgR 0.0001 | Global 0.1586 | Local 0.1163 | F1_macro 0.7434 | WorstLoss 1.5040
[Tracker] Ep  158 | AvgR 0.0002 | Global 0.8097 | Local 0.0440 | F1_macro 0.7627 | WorstLoss 1.1863
[Tracker] Ep  159 | AvgR 0.0001 | Global 0.5574 | Local 0.0804 | F1_macro 0.7554 | WorstLoss 1.3106
[Tracker] Ep  160 | AvgR 0.0001 | Global 0.4920 | Local 0.0319 | F1_macro 0.7512 | WorstLoss 1.3435
[Tracker] Saved snapshot: ep0160_phase1_class1
[Tracker] Ep  161 | AvgR 0.0002 | Global 0.8066 | Local 0.0258 | F1_macro 0.7755 | WorstLoss 1.1979
[Tracker] Ep  162 | AvgR 0.0002 | Global 0.9049 | Local 0.0599 | F1_macro 0.7657 | WorstLoss 1.1005
[Tracker] Ep  163 | AvgR 0.0002 | Global 0.7804 | Local 0.0308 | F1_macro 0.7678 | WorstLoss 1.2166
[Tracker] Ep  164 | AvgR 0.0002 | Global 0.8468 | Local 0.0507 | F1_macro 0.7715 | WorstLoss 1.1664
[Tracker] Ep  165 | AvgR 0.0002 | Global 0.8751 | Local 0.0521 | F1_macro 0.7779 | WorstLoss 1.1473
[Tracker] Saved snapshot: ep0165_phase1_class1
[Tracker] Ep  166 | AvgR 0.0002 | Global 0.8429 | Local 0.0370 | F1_macro 0.7727 | WorstLoss 1.1723
[Tracker] Ep  167 | AvgR 0.0002 | Global 0.8444 | Local 0.0696 | F1_macro 0.7656 | WorstLoss 1.1645
[Tracker] Ep  168 | AvgR 0.0002 | Global 0.7713 | Local 0.0506 | F1_macro 0.7706 | WorstLoss 1.2180
[Tracker] Ep  169 | AvgR 0.0002 | Global 0.8100 | Local 0.0110 | F1_macro 0.7779 | WorstLoss 1.1979
[Tracker] Ep  170 | AvgR 0.0002 | Global 0.8215 | Local 0.0360 | F1_macro 0.7807 | WorstLoss 1.1895
[Tracker] Saved snapshot: ep0170_phase1_class1
[Tracker] Ep  171 | AvgR 0.0002 | Global 0.7953 | Local 0.0104 | F1_macro 0.7769 | WorstLoss 1.2077
[Tracker] Ep  172 | AvgR 0.0002 | Global 0.9396 | Local 0.0111 | F1_macro 0.7789 | WorstLoss 1.0655
[Tracker] Ep  173 | AvgR 0.0001 | Global 0.7027 | Local 0.0285 | F1_macro 0.7771 | WorstLoss 1.2566
[Tracker] Ep  174 | AvgR 0.0002 | Global 0.8992 | Local 0.0378 | F1_macro 0.7787 | WorstLoss 1.1152
[Tracker] Ep  175 | AvgR 0.0002 | Global 0.8231 | Local 0.0141 | F1_macro 0.7754 | WorstLoss 1.1894
[Tracker] Saved snapshot: ep0175_phase1_class1
[Tracker] Ep  176 | AvgR 0.0001 | Global 0.4578 | Local 0.0617 | F1_macro 0.7630 | WorstLoss 1.3554
[Tracker] Ep  177 | AvgR 0.0002 | Global 0.9038 | Local 0.0362 | F1_macro 0.7841 | WorstLoss 1.1144
[Tracker] Ep  178 | AvgR 0.0002 | Global 0.8507 | Local 0.0428 | F1_macro 0.7780 | WorstLoss 1.1660
[Tracker] Ep  179 | AvgR 0.0002 | Global 0.8578 | Local 0.0540 | F1_macro 0.7657 | WorstLoss 1.1547
[Tracker] Ep  180 | AvgR 0.0002 | Global 0.8175 | Local 0.0572 | F1_macro 0.7684 | WorstLoss 1.1855
[Tracker] Saved snapshot: ep0180_phase1_class1
[Tracker] Ep  181 | AvgR 0.0002 | Global 0.7830 | Local 0.0427 | F1_macro 0.7790 | WorstLoss 1.2106
[Tracker] Ep  182 | AvgR 0.0002 | Global 0.8066 | Local 0.0498 | F1_macro 0.7641 | WorstLoss 1.1904
[Tracker] Ep  183 | AvgR 0.0002 | Global 0.9667 | Local 0.0470 | F1_macro 0.7825 | WorstLoss 0.9915
[Tracker] New BEST synthetic [phase1_class1] (by global.global_obj: 0.966748) saved.
[Tracker] BEST β weights [phase1_class1] saved -> training_runs/SPECv14_census_dvrl_twophase_3seeds_EP800_PCA10_REWfairness_minID1_majID0_TRJ2000_REAL3000_GG202603162050_d61bc7e3/seed_42/best_beta_state_dict_phase1_class1.pt
[Tracker] Ep  184 | AvgR 0.0002 | Global 0.7813 | Local 0.0834 | F1_macro 0.7622 | WorstLoss 1.1990
[Tracker] Ep  185 | AvgR 0.0001 | Global 0.5815 | Local 0.1000 | F1_macro 0.7637 | WorstLoss 1.3041
[Tracker] Saved snapshot: ep0185_phase1_class1
[Tracker] Ep  186 | AvgR 0.0002 | Global 0.7985 | Local 0.0949 | F1_macro 0.7714 | WorstLoss 1.1989
[Tracker] Ep  187 | AvgR 0.0002 | Global 0.7796 | Local 0.0327 | F1_macro 0.7863 | WorstLoss 1.2132
[Tracker] Ep  188 | AvgR 0.0001 | Global 0.6147 | Local 0.0701 | F1_macro 0.7754 | WorstLoss 1.2948
[Tracker] Ep  189 | AvgR 0.0001 | Global 0.5305 | Local 0.0571 | F1_macro 0.7673 | WorstLoss 1.3270
[Tracker] Ep  190 | AvgR 0.0002 | Global 0.8169 | Local 0.0807 | F1_macro 0.7617 | WorstLoss 1.1820
[Tracker] Saved snapshot: ep0190_phase1_class1
[Tracker] Ep  191 | AvgR 0.0002 | Global 0.7528 | Local 0.0215 | F1_macro 0.7787 | WorstLoss 1.2310
[Tracker] Ep  192 | AvgR 0.0002 | Global 0.6357 | Local 0.0966 | F1_macro 0.7663 | WorstLoss 1.2777
[Tracker] Ep  193 | AvgR 0.0002 | Global 0.8310 | Local 0.0611 | F1_macro 0.7688 | WorstLoss 1.1755
[Tracker] Ep  194 | AvgR 0.0002 | Global 0.7133 | Local 0.0667 | F1_macro 0.7653 | WorstLoss 1.2469
[Tracker] Ep  195 | AvgR 0.0001 | Global 0.6335 | Local 0.0532 | F1_macro 0.7720 | WorstLoss 1.2849
[Tracker] Saved snapshot: ep0195_phase1_class1
[Tracker] Ep  196 | AvgR 0.0001 | Global 0.4102 | Local 0.1058 | F1_macro 0.7555 | WorstLoss 1.3746
[Tracker] Ep  197 | AvgR 0.0001 | Global 0.1573 | Local 0.0986 | F1_macro 0.7434 | WorstLoss 1.5039
[Tracker] Ep  198 | AvgR 0.0002 | Global 0.7127 | Local 0.0644 | F1_macro 0.7542 | WorstLoss 1.2464
[Tracker] Ep  199 | AvgR 0.0001 | Global 0.3805 | Local 0.0829 | F1_macro 0.7624 | WorstLoss 1.3878
[Tracker] Ep  200 | AvgR 0.0002 | Global 0.7036 | Local 0.0455 | F1_macro 0.7714 | WorstLoss 1.2539
[Tracker] Saved snapshot: ep0200_phase1_class1
[Tracker] Ep  201 | AvgR 0.0001 | Global 0.4036 | Local 0.1235 | F1_macro 0.7390 | WorstLoss 1.3732
[Tracker] Ep  202 | AvgR 0.0002 | Global 0.6544 | Local 0.0642 | F1_macro 0.7665 | WorstLoss 1.2710
[Tracker] Ep  203 | AvgR 0.0002 | Global 0.8793 | Local 0.0643 | F1_macro 0.7590 | WorstLoss 1.1265
[Tracker] Ep  204 | AvgR 0.0002 | Global 0.9102 | Local 0.0716 | F1_macro 0.7665 | WorstLoss 1.0865
[Tracker] Ep  205 | AvgR 0.0002 | Global 0.8454 | Local 0.0554 | F1_macro 0.7733 | WorstLoss 1.1593
[Tracker] Saved snapshot: ep0205_phase1_class1
[Tracker] Ep  206 | AvgR 0.0002 | Global 0.7970 | Local 0.0516 | F1_macro 0.7701 | WorstLoss 1.1988
[Tracker] Ep  207 | AvgR 0.0001 | Global 0.4441 | Local 0.0894 | F1_macro 0.7526 | WorstLoss 1.3575
[Tracker] Ep  208 | AvgR 0.0001 | Global 0.2206 | Local 0.0991 | F1_macro 0.7430 | WorstLoss 1.4637
[Tracker] Ep  209 | AvgR 0.0002 | Global 0.7503 | Local 0.0797 | F1_macro 0.7445 | WorstLoss 1.2184
[Tracker] Ep  210 | AvgR 0.0001 | Global 0.6573 | Local 0.0560 | F1_macro 0.7667 | WorstLoss 1.2716
[Tracker] Saved snapshot: ep0210_phase1_class1
[Tracker] Ep  211 | AvgR 0.0001 | Global 0.5616 | Local 0.0731 | F1_macro 0.7524 | WorstLoss 1.3103
[Tracker] Ep  212 | AvgR 0.0001 | Global 0.3293 | Local 0.0792 | F1_macro 0.7610 | WorstLoss 1.4104
[Tracker] Ep  213 | AvgR 0.0001 | Global 0.4251 | Local 0.0944 | F1_macro 0.7501 | WorstLoss 1.3673
[Tracker] Ep  214 | AvgR 0.0001 | Global 0.4685 | Local 0.0551 | F1_macro 0.7498 | WorstLoss 1.3497
[Tracker] Ep  215 | AvgR 0.0002 | Global 0.7960 | Local 0.0571 | F1_macro 0.7675 | WorstLoss 1.2027
[Tracker] Saved snapshot: ep0215_phase1_class1
[Tracker] Ep  216 | AvgR 0.0001 | Global 0.5564 | Local 0.0612 | F1_macro 0.7597 | WorstLoss 1.3140
[Tracker] Ep  217 | AvgR 0.0001 | Global 0.5735 | Local 0.0767 | F1_macro 0.7448 | WorstLoss 1.3055
[Tracker] Ep  218 | AvgR 0.0001 | Global 0.5425 | Local 0.0777 | F1_macro 0.7575 | WorstLoss 1.3191
[Tracker] Ep  219 | AvgR 0.0001 | Global 0.5325 | Local 0.0819 | F1_macro 0.7521 | WorstLoss 1.3202
[Tracker] Ep  220 | AvgR 0.0001 | Global 0.5832 | Local 0.0961 | F1_macro 0.7658 | WorstLoss 1.3016
[Tracker] Saved snapshot: ep0220_phase1_class1
[Tracker] Ep  221 | AvgR 0.0001 | Global 0.5159 | Local 0.0592 | F1_macro 0.7601 | WorstLoss 1.3300
[Tracker] Ep  222 | AvgR 0.0001 | Global 0.3580 | Local 0.1051 | F1_macro 0.7561 | WorstLoss 1.3973
[Tracker] Ep  223 | AvgR 0.0001 | Global 0.1186 | Local 0.1012 | F1_macro 0.7284 | WorstLoss 1.5374
[Tracker] Ep  224 | AvgR 0.0001 | Global 0.3774 | Local 0.0787 | F1_macro 0.7526 | WorstLoss 1.3861
[Tracker] Ep  225 | AvgR 0.0002 | Global 0.8146 | Local 0.1006 | F1_macro 0.7646 | WorstLoss 1.1804
[Tracker] Saved snapshot: ep0225_phase1_class1
[Tracker] Ep  226 | AvgR 0.0001 | Global 0.5550 | Local 0.0615 | F1_macro 0.7534 | WorstLoss 1.3137
[Tracker] Ep  227 | AvgR 0.0001 | Global 0.4200 | Local 0.0809 | F1_macro 0.7551 | WorstLoss 1.3691
[Tracker] Ep  228 | AvgR 0.0002 | Global 0.6617 | Local 0.0608 | F1_macro 0.7699 | WorstLoss 1.2666
[Tracker] Ep  229 | AvgR 0.0002 | Global 0.7603 | Local 0.0397 | F1_macro 0.7759 | WorstLoss 1.2237
[Tracker] Ep  230 | AvgR 0.0001 | Global 0.4255 | Local 0.0589 | F1_macro 0.7628 | WorstLoss 1.3683
[Tracker] Saved snapshot: ep0230_phase1_class1
[Tracker] Ep  231 | AvgR 0.0002 | Global 0.8102 | Local 0.0657 | F1_macro 0.7580 | WorstLoss 1.1804
[Tracker] Ep  232 | AvgR 0.0001 | Global 0.5317 | Local 0.0726 | F1_macro 0.7518 | WorstLoss 1.3233
[Tracker] Ep  233 | AvgR 0.0001 | Global 0.3865 | Local 0.0758 | F1_macro 0.7585 | WorstLoss 1.3845
[Tracker] Ep  234 | AvgR 0.0002 | Global 0.8925 | Local 0.0336 | F1_macro 0.7729 | WorstLoss 1.1156
[Tracker] Ep  235 | AvgR 0.0001 | Global 0.3600 | Local 0.0388 | F1_macro 0.7592 | WorstLoss 1.3975
[Tracker] Saved snapshot: ep0235_phase1_class1
[Tracker] Ep  236 | AvgR 0.0001 | Global 0.4410 | Local 0.0798 | F1_macro 0.7497 | WorstLoss 1.3629
[Tracker] Ep  237 | AvgR 0.0002 | Global 0.7210 | Local 0.0948 | F1_macro 0.7502 | WorstLoss 1.2368
[Tracker] Ep  238 | AvgR 0.0001 | Global 0.4169 | Local 0.1018 | F1_macro 0.7316 | WorstLoss 1.3670
[Tracker] Ep  239 | AvgR 0.0001 | Global 0.4400 | Local 0.0711 | F1_macro 0.7529 | WorstLoss 1.3596
[Tracker] Ep  240 | AvgR 0.0001 | Global 0.5356 | Local 0.0588 | F1_macro 0.7424 | WorstLoss 1.3182
[Tracker] Saved snapshot: ep0240_phase1_class1
[Tracker] Ep  241 | AvgR 0.0001 | Global 0.1585 | Local 0.0731 | F1_macro 0.7461 | WorstLoss 1.5039
[Tracker] Ep  242 | AvgR 0.0002 | Global 0.7608 | Local 0.1014 | F1_macro 0.7434 | WorstLoss 1.2109
[Tracker] Ep  243 | AvgR 0.0002 | Global 0.7219 | Local 0.0593 | F1_macro 0.7623 | WorstLoss 1.2373
[Tracker] Ep  244 | AvgR 0.0001 | Global 0.3072 | Local 0.0712 | F1_macro 0.7411 | WorstLoss 1.4183
[Tracker] Ep  245 | AvgR 0.0001 | Global 0.1940 | Local 0.1097 | F1_macro 0.7476 | WorstLoss 1.4795
[Tracker] Saved snapshot: ep0245_phase1_class1
[Tracker] Ep  246 | AvgR 0.0001 | Global 0.1986 | Local 0.0957 | F1_macro 0.7468 | WorstLoss 1.4773
[Tracker] Ep  247 | AvgR 0.0002 | Global 0.7006 | Local 0.0602 | F1_macro 0.7491 | WorstLoss 1.2488
[Tracker] Ep  248 | AvgR 0.0001 | Global 0.3817 | Local 0.0913 | F1_macro 0.7376 | WorstLoss 1.3849
[Tracker] Ep  249 | AvgR 0.0001 | Global 0.4148 | Local 0.0792 | F1_macro 0.7481 | WorstLoss 1.3685
[Tracker] Ep  250 | AvgR 0.0001 | Global 0.5120 | Local 0.0824 | F1_macro 0.7586 | WorstLoss 1.3293
[Tracker] Saved snapshot: ep0250_phase1_class1
[Tracker] Ep  251 | AvgR 0.0001 | Global 0.5876 | Local 0.0709 | F1_macro 0.7627 | WorstLoss 1.2995
[Tracker] Ep  252 | AvgR 0.0002 | Global 0.6567 | Local 0.0932 | F1_macro 0.7573 | WorstLoss 1.2654
[Tracker] Ep  253 | AvgR 0.0001 | Global 0.4444 | Local 0.0884 | F1_macro 0.7434 | WorstLoss 1.3575
[Tracker] Ep  254 | AvgR 0.0002 | Global 0.7065 | Local 0.0799 | F1_macro 0.7632 | WorstLoss 1.2477
[Tracker] Ep  255 | AvgR 0.0001 | Global 0.5645 | Local 0.0775 | F1_macro 0.7464 | WorstLoss 1.3084
[Tracker] Saved snapshot: ep0255_phase1_class1
[Tracker] Ep  256 | AvgR 0.0001 | Global 0.2304 | Local 0.1002 | F1_macro 0.7377 | WorstLoss 1.4575
[Tracker] Ep  257 | AvgR 0.0001 | Global 0.3919 | Local 0.0892 | F1_macro 0.7365 | WorstLoss 1.3786
[Tracker] Ep  258 | AvgR 0.0002 | Global 0.6382 | Local 0.0844 | F1_macro 0.7409 | WorstLoss 1.2748
[Tracker] Ep  259 | AvgR 0.0002 | Global 0.5852 | Local 0.0867 | F1_macro 0.7468 | WorstLoss 1.3007
[Tracker] Ep  260 | AvgR 0.0001 | Global 0.5487 | Local 0.0741 | F1_macro 0.7621 | WorstLoss 1.3169
[Tracker] Saved snapshot: ep0260_phase1_class1
[Tracker] Ep  261 | AvgR 0.0002 | Global 0.5981 | Local 0.0962 | F1_macro 0.7505 | WorstLoss 1.2947
[Tracker] Ep  262 | AvgR 0.0002 | Global 0.7274 | Local 0.0897 | F1_macro 0.7656 | WorstLoss 1.2358
[Tracker] Ep  263 | AvgR 0.0001 | Global 0.5667 | Local 0.0891 | F1_macro 0.7587 | WorstLoss 1.3078
[Tracker] Ep  264 | AvgR 0.0001 | Global 0.5332 | Local 0.0752 | F1_macro 0.7477 | WorstLoss 1.3217
[Tracker] Ep  265 | AvgR 0.0002 | Global 0.6068 | Local 0.0706 | F1_macro 0.7501 | WorstLoss 1.2908
[Tracker] Saved snapshot: ep0265_phase1_class1
[Tracker] Ep  266 | AvgR 0.0001 | Global 0.4166 | Local 0.0876 | F1_macro 0.7501 | WorstLoss 1.3688
[Tracker] Ep  267 | AvgR 0.0001 | Global 0.3737 | Local 0.1198 | F1_macro 0.7344 | WorstLoss 1.3859
[Tracker] Ep  268 | AvgR 0.0001 | Global 0.5230 | Local 0.0810 | F1_macro 0.7436 | WorstLoss 1.3222
[Tracker] Ep  269 | AvgR 0.0001 | Global 0.5024 | Local 0.0748 | F1_macro 0.7488 | WorstLoss 1.3333
[Tracker] Ep  270 | AvgR 0.0002 | Global 0.5241 | Local 0.1383 | F1_macro 0.7462 | WorstLoss 1.3226
[Tracker] Saved snapshot: ep0270_phase1_class1
[Tracker] Ep  271 | AvgR 0.0002 | Global 0.7021 | Local 0.1028 | F1_macro 0.7601 | WorstLoss 1.2461
[Tracker] Ep  272 | AvgR 0.0001 | Global 0.4096 | Local 0.0650 | F1_macro 0.7345 | WorstLoss 1.3735
[Tracker] Ep  273 | AvgR 0.0001 | Global 0.3867 | Local 0.1100 | F1_macro 0.7472 | WorstLoss 1.3835
[Tracker] Ep  274 | AvgR 0.0001 | Global 0.4575 | Local 0.1331 | F1_macro 0.7469 | WorstLoss 1.3508
[Tracker] Ep  275 | AvgR 0.0002 | Global 0.7532 | Local 0.0655 | F1_macro 0.7644 | WorstLoss 1.2236
[Tracker] Saved snapshot: ep0275_phase1_class1
[Tracker] Ep  276 | AvgR 0.0001 | Global 0.2540 | Local 0.1075 | F1_macro 0.7501 | WorstLoss 1.4452
[Tracker] Ep  277 | AvgR 0.0001 | Global 0.3945 | Local 0.0682 | F1_macro 0.7444 | WorstLoss 1.3785
[Tracker] Ep  278 | AvgR 0.0001 | Global 0.2494 | Local 0.1006 | F1_macro 0.7456 | WorstLoss 1.4481
[Tracker] Ep  279 | AvgR 0.0001 | Global 0.1246 | Local 0.0813 | F1_macro 0.7430 | WorstLoss 1.5325
[Tracker] Ep  280 | AvgR 0.0001 | Global 0.3592 | Local 0.0942 | F1_macro 0.7417 | WorstLoss 1.3919
[Tracker] Saved snapshot: ep0280_phase1_class1
[Tracker] Ep  281 | AvgR 0.0000 | Global 0.1208 | Local 0.0757 | F1_macro 0.7397 | WorstLoss 1.5347
[Tracker] Ep  282 | AvgR 0.0002 | Global 0.6274 | Local 0.0756 | F1_macro 0.7557 | WorstLoss 1.2835
[Tracker] Ep  283 | AvgR 0.0002 | Global 0.7196 | Local 0.0872 | F1_macro 0.7604 | WorstLoss 1.2385
[Tracker] Ep  284 | AvgR 0.0001 | Global 0.3522 | Local 0.0996 | F1_macro 0.7384 | WorstLoss 1.3955
[Tracker] Ep  285 | AvgR 0.0001 | Global 0.4311 | Local 0.0813 | F1_macro 0.7431 | WorstLoss 1.3622
[Tracker] Saved snapshot: ep0285_phase1_class1
[Tracker] Ep  286 | AvgR 0.0001 | Global 0.1989 | Local 0.1228 | F1_macro 0.7485 | WorstLoss 1.4776
[Tracker] Ep  287 | AvgR 0.0001 | Global 0.4255 | Local 0.0998 | F1_macro 0.7390 | WorstLoss 1.3684
[Tracker] Ep  288 | AvgR 0.0001 | Global 0.2927 | Local 0.0945 | F1_macro 0.7455 | WorstLoss 1.4267
[Tracker] Ep  289 | AvgR 0.0001 | Global 0.3589 | Local 0.0999 | F1_macro 0.7298 | WorstLoss 1.3944
[Tracker] Ep  290 | AvgR 0.0002 | Global 0.7185 | Local 0.0860 | F1_macro 0.7609 | WorstLoss 1.2390
[Tracker] Saved snapshot: ep0290_phase1_class1
[Tracker] Ep  291 | AvgR 0.0002 | Global 0.6824 | Local 0.0733 | F1_macro 0.7688 | WorstLoss 1.2608
[Tracker] Ep  292 | AvgR 0.0002 | Global 0.6716 | Local 0.1269 | F1_macro 0.7363 | WorstLoss 1.2575
[Tracker] Ep  293 | AvgR 0.0002 | Global 0.5920 | Local 0.0709 | F1_macro 0.7641 | WorstLoss 1.2989
[Tracker] Ep  294 | AvgR 0.0002 | Global 0.6192 | Local 0.0784 | F1_macro 0.7593 | WorstLoss 1.2844
[Tracker] Ep  295 | AvgR 0.0002 | Global 0.7692 | Local 0.0906 | F1_macro 0.7398 | WorstLoss 1.1981
[Tracker] Saved snapshot: ep0295_phase1_class1
[Tracker] Ep  296 | AvgR 0.0002 | Global 0.6327 | Local 0.1135 | F1_macro 0.7350 | WorstLoss 1.2784
[Tracker] Ep  297 | AvgR 0.0001 | Global 0.2154 | Local 0.0748 | F1_macro 0.7402 | WorstLoss 1.4663
[Tracker] Ep  298 | AvgR 0.0002 | Global 0.8405 | Local 0.0717 | F1_macro 0.7559 | WorstLoss 1.1563
[Tracker] Ep  299 | AvgR 0.0001 | Global 0.3444 | Local 0.0894 | F1_macro 0.7593 | WorstLoss 1.4007
[Tracker] Ep  300 | AvgR 0.0002 | Global 0.7333 | Local 0.1132 | F1_macro 0.7572 | WorstLoss 1.2323
[Tracker] Saved snapshot: ep0300_phase1_class1
[Tracker] Ep  301 | AvgR 0.0002 | Global 0.7335 | Local 0.0667 | F1_macro 0.7518 | WorstLoss 1.2254
[Tracker] Ep  302 | AvgR 0.0001 | Global 0.3809 | Local 0.0914 | F1_macro 0.7513 | WorstLoss 1.3858
[Tracker] Ep  303 | AvgR 0.0002 | Global 0.6468 | Local 0.0834 | F1_macro 0.7524 | WorstLoss 1.2741
[Tracker] Ep  304 | AvgR 0.0001 | Global 0.3926 | Local 0.0936 | F1_macro 0.7551 | WorstLoss 1.3815
[Tracker] Ep  305 | AvgR 0.0001 | Global 0.2472 | Local 0.0980 | F1_macro 0.7436 | WorstLoss 1.4485
[Tracker] Saved snapshot: ep0305_phase1_class1
[Tracker] Ep  306 | AvgR 0.0002 | Global 0.6501 | Local 0.0849 | F1_macro 0.7494 | WorstLoss 1.2670
[Tracker] Ep  307 | AvgR 0.0001 | Global 0.3151 | Local 0.0930 | F1_macro 0.7369 | WorstLoss 1.4156
[Tracker] Ep  308 | AvgR 0.0001 | Global 0.3354 | Local 0.0704 | F1_macro 0.7585 | WorstLoss 1.4054
[Tracker] Ep  309 | AvgR 0.0002 | Global 0.7377 | Local 0.0888 | F1_macro 0.7688 | WorstLoss 1.2327
[Tracker] Ep  310 | AvgR 0.0001 | Global 0.4122 | Local 0.0894 | F1_macro 0.7297 | WorstLoss 1.3689
[Tracker] Saved snapshot: ep0310_phase1_class1
[Tracker] Ep  311 | AvgR 0.0002 | Global 0.7186 | Local 0.0909 | F1_macro 0.7644 | WorstLoss 1.2419
[Tracker] Ep  312 | AvgR 0.0001 | Global 0.5448 | Local 0.0770 | F1_macro 0.7479 | WorstLoss 1.3169
[Tracker] Ep  313 | AvgR 0.0001 | Global 0.1946 | Local 0.0958 | F1_macro 0.7434 | WorstLoss 1.4784
[Tracker] Ep  314 | AvgR 0.0002 | Global 0.7512 | Local 0.0723 | F1_macro 0.7493 | WorstLoss 1.2187
[Tracker] Ep  315 | AvgR 0.0001 | Global 0.4289 | Local 0.1155 | F1_macro 0.7634 | WorstLoss 1.3675
[Tracker] Saved snapshot: ep0315_phase1_class1
[Tracker] Ep  316 | AvgR 0.0001 | Global 0.1421 | Local 0.1134 | F1_macro 0.7408 | WorstLoss 1.5184
[Tracker] Ep  317 | AvgR 0.0001 | Global 0.3836 | Local 0.0976 | F1_macro 0.7423 | WorstLoss 1.3820
[Tracker] Ep  318 | AvgR 0.0001 | Global 0.0869 | Local 0.1345 | F1_macro 0.7127 | WorstLoss 1.5724
[Tracker] Ep  319 | AvgR 0.0002 | Global 0.5372 | Local 0.1070 | F1_macro 0.7534 | WorstLoss 1.3206
[Tracker] Ep  320 | AvgR 0.0001 | Global 0.2028 | Local 0.1271 | F1_macro 0.7367 | WorstLoss 1.4732
[Tracker] Saved snapshot: ep0320_phase1_class1
[Tracker] Ep  321 | AvgR 0.0002 | Global 0.6941 | Local 0.0711 | F1_macro 0.7429 | WorstLoss 1.2502
[Tracker] Ep  322 | AvgR 0.0002 | Global 0.7416 | Local 0.0368 | F1_macro 0.7503 | WorstLoss 1.2310
[Tracker] Ep  323 | AvgR 0.0001 | Global 0.4575 | Local 0.0527 | F1_macro 0.7489 | WorstLoss 1.3551
[Tracker] Ep  324 | AvgR 0.0002 | Global 0.6232 | Local 0.0669 | F1_macro 0.7448 | WorstLoss 1.2848
[Tracker] Ep  325 | AvgR 0.0002 | Global 0.6468 | Local 0.0474 | F1_macro 0.7494 | WorstLoss 1.2750
[Tracker] Saved snapshot: ep0325_phase1_class1
[Tracker] Ep  326 | AvgR 0.0001 | Global 0.5398 | Local 0.0512 | F1_macro 0.7551 | WorstLoss 1.3227
[Tracker] Ep  327 | AvgR 0.0001 | Global 0.4451 | Local 0.0419 | F1_macro 0.7388 | WorstLoss 1.3601
[Tracker] Ep  328 | AvgR 0.0001 | Global 0.4927 | Local 0.0272 | F1_macro 0.7558 | WorstLoss 1.3451
[Tracker] Ep  329 | AvgR 0.0001 | Global 0.5263 | Local 0.0544 | F1_macro 0.7518 | WorstLoss 1.3284
[Tracker] Ep  330 | AvgR 0.0001 | Global 0.5239 | Local 0.0390 | F1_macro 0.7607 | WorstLoss 1.3295
[Tracker] Saved snapshot: ep0330_phase1_class1
[Tracker] Ep  331 | AvgR 0.0001 | Global 0.3224 | Local 0.0973 | F1_macro 0.7139 | WorstLoss 1.4089
[Tracker] Ep  332 | AvgR 0.0001 | Global 0.2391 | Local 0.0912 | F1_macro 0.7384 | WorstLoss 1.4521
[Tracker] Ep  333 | AvgR 0.0001 | Global 0.5487 | Local 0.0729 | F1_macro 0.7577 | WorstLoss 1.3171
[Tracker] Ep  334 | AvgR 0.0002 | Global 0.6140 | Local 0.0451 | F1_macro 0.7477 | WorstLoss 1.2914
[Tracker] Ep  335 | AvgR 0.0002 | Global 0.7820 | Local 0.0878 | F1_macro 0.7461 | WorstLoss 1.2002
[Tracker] Saved snapshot: ep0335_phase1_class1
[Tracker] Ep  336 | AvgR 0.0002 | Global 0.7240 | Local 0.0874 | F1_macro 0.7521 | WorstLoss 1.2325
[Tracker] Ep  337 | AvgR 0.0001 | Global 0.4523 | Local 0.0723 | F1_macro 0.7493 | WorstLoss 1.3573
[Tracker] Ep  338 | AvgR 0.0001 | Global 0.3815 | Local 0.0840 | F1_macro 0.7354 | WorstLoss 1.3852
[Tracker] Ep  339 | AvgR 0.0002 | Global 0.7271 | Local 0.0567 | F1_macro 0.7558 | WorstLoss 1.2370
[Tracker] Ep  340 | AvgR 0.0002 | Global 0.7840 | Local 0.0730 | F1_macro 0.7644 | WorstLoss 1.2028
[Tracker] Saved snapshot: ep0340_phase1_class1
[Tracker] Ep  341 | AvgR 0.0002 | Global 0.6316 | Local 0.1063 | F1_macro 0.7423 | WorstLoss 1.2765
[Tracker] Ep  342 | AvgR 0.0001 | Global 0.5075 | Local 0.0566 | F1_macro 0.7476 | WorstLoss 1.3360
[Tracker] Ep  343 | AvgR 0.0002 | Global 0.7350 | Local 0.0532 | F1_macro 0.7443 | WorstLoss 1.2289
[Tracker] Ep  344 | AvgR 0.0001 | Global 0.3805 | Local 0.0676 | F1_macro 0.7374 | WorstLoss 1.3843
[Tracker] Ep  345 | AvgR 0.0001 | Global 0.3685 | Local 0.0914 | F1_macro 0.7275 | WorstLoss 1.3870
[Tracker] Saved snapshot: ep0345_phase1_class1
[Tracker] Ep  346 | AvgR 0.0002 | Global 0.8110 | Local 0.1124 | F1_macro 0.7529 | WorstLoss 1.1772
[Tracker] Ep  347 | AvgR 0.0002 | Global 0.6016 | Local 0.0843 | F1_macro 0.7472 | WorstLoss 1.2957
[Tracker] Ep  348 | AvgR 0.0002 | Global 0.8149 | Local 0.0957 | F1_macro 0.7472 | WorstLoss 1.1672
[Tracker] Ep  349 | AvgR 0.0001 | Global 0.2508 | Local 0.1261 | F1_macro 0.7133 | WorstLoss 1.4443
[Tracker] Ep  350 | AvgR 0.0002 | Global 0.5953 | Local 0.0676 | F1_macro 0.7456 | WorstLoss 1.2974
[Tracker] Saved snapshot: ep0350_phase1_class1
[Tracker] Ep  351 | AvgR 0.0001 | Global 0.4704 | Local 0.0739 | F1_macro 0.7352 | WorstLoss 1.3474
[Tracker] Ep  352 | AvgR 0.0002 | Global 0.9295 | Local 0.0757 | F1_macro 0.7501 | WorstLoss 1.0466
[Tracker] Ep  353 | AvgR 0.0002 | Global 0.8668 | Local 0.0902 | F1_macro 0.7413 | WorstLoss 1.1207
[Tracker] Ep  354 | AvgR 0.0002 | Global 0.7870 | Local 0.0820 | F1_macro 0.7558 | WorstLoss 1.1990
[Tracker] Ep  355 | AvgR 0.0001 | Global 0.4683 | Local 0.1133 | F1_macro 0.7437 | WorstLoss 1.3483
[Tracker] Saved snapshot: ep0355_phase1_class1
[Tracker] Ep  356 | AvgR 0.0002 | Global 0.8694 | Local 0.0969 | F1_macro 0.7460 | WorstLoss 1.1158
[Tracker] Ep  357 | AvgR 0.0001 | Global 0.1068 | Local 0.1529 | F1_macro 0.7150 | WorstLoss 1.5502
[Tracker] Ep  358 | AvgR 0.0002 | Global 0.6077 | Local 0.1267 | F1_macro 0.7221 | WorstLoss 1.2895
[Tracker] Ep  359 | AvgR 0.0002 | Global 0.4853 | Local 0.1373 | F1_macro 0.7423 | WorstLoss 1.3386
[Tracker] Ep  360 | AvgR 0.0002 | Global 0.8140 | Local 0.0937 | F1_macro 0.7476 | WorstLoss 1.1672
[Tracker] Saved snapshot: ep0360_phase1_class1
[Tracker] Ep  361 | AvgR 0.0002 | Global 0.8092 | Local 0.0970 | F1_macro 0.7535 | WorstLoss 1.1806
[Tracker] Ep  362 | AvgR 0.0002 | Global 0.7995 | Local 0.0736 | F1_macro 0.7391 | WorstLoss 1.1831
[Tracker] Ep  363 | AvgR 0.0002 | Global 0.7622 | Local 0.0875 | F1_macro 0.7463 | WorstLoss 1.2099
[Tracker] Ep  364 | AvgR 0.0002 | Global 0.5873 | Local 0.1049 | F1_macro 0.7432 | WorstLoss 1.2946
[Tracker] Ep  365 | AvgR 0.0002 | Global 0.6618 | Local 0.0888 | F1_macro 0.7471 | WorstLoss 1.2643
[Tracker] Saved snapshot: ep0365_phase1_class1
[Tracker] Ep  366 | AvgR 0.0002 | Global 0.8686 | Local 0.1128 | F1_macro 0.7542 | WorstLoss 1.1331
[Tracker] Ep  367 | AvgR 0.0001 | Global 0.2788 | Local 0.1273 | F1_macro 0.7387 | WorstLoss 1.4319
[Tracker] Ep  368 | AvgR 0.0002 | Global 0.6808 | Local 0.1016 | F1_macro 0.7325 | WorstLoss 1.2474
[Tracker] Ep  369 | AvgR 0.0002 | Global 0.7151 | Local 0.1256 | F1_macro 0.7411 | WorstLoss 1.2355
[Tracker] Ep  370 | AvgR 0.0002 | Global 0.6796 | Local 0.0881 | F1_macro 0.7482 | WorstLoss 1.2541
[Tracker] Saved snapshot: ep0370_phase1_class1
[Tracker] Ep  371 | AvgR 0.0002 | Global 0.6802 | Local 0.1122 | F1_macro 0.7455 | WorstLoss 1.2508
[Tracker] Ep  372 | AvgR 0.0002 | Global 0.7597 | Local 0.1051 | F1_macro 0.7451 | WorstLoss 1.2079
[Tracker] Ep  373 | AvgR 0.0002 | Global 0.7725 | Local 0.1561 | F1_macro 0.7341 | WorstLoss 1.1951
[Tracker] Ep  374 | AvgR 0.0002 | Global 0.5633 | Local 0.1066 | F1_macro 0.7509 | WorstLoss 1.3101
[Tracker] Ep  375 | AvgR 0.0002 | Global 0.5720 | Local 0.1077 | F1_macro 0.7455 | WorstLoss 1.3070
[Tracker] Saved snapshot: ep0375_phase1_class1
[Tracker] Ep  376 | AvgR 0.0002 | Global 0.7404 | Local 0.1194 | F1_macro 0.7466 | WorstLoss 1.2200
[Tracker] Ep  377 | AvgR 0.0001 | Global 0.2900 | Local 0.1636 | F1_macro 0.7268 | WorstLoss 1.4235
[Tracker] Ep  378 | AvgR 0.0001 | Global 0.4849 | Local 0.1057 | F1_macro 0.7357 | WorstLoss 1.3403
[Tracker] Ep  379 | AvgR 0.0002 | Global 0.7618 | Local 0.1257 | F1_macro 0.7405 | WorstLoss 1.2064
[Tracker] Ep  380 | AvgR 0.0002 | Global 0.6642 | Local 0.1187 | F1_macro 0.7460 | WorstLoss 1.2606
[Tracker] Saved snapshot: ep0380_phase1_class1
[Tracker] Ep  381 | AvgR 0.0002 | Global 0.8583 | Local 0.0732 | F1_macro 0.7629 | WorstLoss 1.1501
[Tracker] Ep  382 | AvgR 0.0002 | Global 0.6178 | Local 0.1311 | F1_macro 0.7508 | WorstLoss 1.2851
[Tracker] Ep  383 | AvgR 0.0002 | Global 0.5676 | Local 0.1278 | F1_macro 0.7524 | WorstLoss 1.3072
[Tracker] Ep  384 | AvgR 0.0002 | Global 0.7931 | Local 0.0958 | F1_macro 0.7758 | WorstLoss 1.2005
[Tracker] Ep  385 | AvgR 0.0002 | Global 0.7066 | Local 0.1348 | F1_macro 0.7445 | WorstLoss 1.2345
[Tracker] Saved snapshot: ep0385_phase1_class1
[Tracker] Ep  386 | AvgR 0.0002 | Global 0.7052 | Local 0.1070 | F1_macro 0.7485 | WorstLoss 1.2457
[Tracker] Ep  387 | AvgR 0.0002 | Global 0.7790 | Local 0.0647 | F1_macro 0.7722 | WorstLoss 1.2099
[Tracker] Ep  388 | AvgR 0.0002 | Global 0.7832 | Local 0.1004 | F1_macro 0.7319 | WorstLoss 1.1886
[Tracker] Ep  389 | AvgR 0.0002 | Global 0.7796 | Local 0.1438 | F1_macro 0.7440 | WorstLoss 1.1954
[Tracker] Ep  390 | AvgR 0.0002 | Global 0.7459 | Local 0.1250 | F1_macro 0.7494 | WorstLoss 1.2175
[Tracker] Saved snapshot: ep0390_phase1_class1
[Tracker] Ep  391 | AvgR 0.0002 | Global 0.6163 | Local 0.1444 | F1_macro 0.7290 | WorstLoss 1.2782
[Tracker] Ep  392 | AvgR 0.0002 | Global 0.5140 | Local 0.1501 | F1_macro 0.7441 | WorstLoss 1.3284
[Tracker] Ep  393 | AvgR 0.0002 | Global 0.7185 | Local 0.1060 | F1_macro 0.7304 | WorstLoss 1.2288
[Tracker] Ep  394 | AvgR 0.0001 | Global 0.3981 | Local 0.1312 | F1_macro 0.7272 | WorstLoss 1.3754
[Tracker] Ep  395 | AvgR 0.0001 | Global 0.3828 | Local 0.1162 | F1_macro 0.7278 | WorstLoss 1.3801
[Tracker] Saved snapshot: ep0395_phase1_class1
[Tracker] Ep  396 | AvgR 0.0001 | Global 0.1792 | Local 0.1286 | F1_macro 0.7417 | WorstLoss 1.4882
[Tracker] Ep  397 | AvgR 0.0002 | Global 0.8714 | Local 0.1093 | F1_macro 0.7412 | WorstLoss 1.1086
[Tracker] Ep  398 | AvgR 0.0002 | Global 0.7934 | Local 0.1093 | F1_macro 0.7517 | WorstLoss 1.1827
[Tracker] Ep  399 | AvgR 0.0002 | Global 0.7713 | Local 0.1429 | F1_macro 0.7324 | WorstLoss 1.1945
[Tracker] Ep  400 | AvgR 0.0002 | Global 0.5104 | Local 0.1261 | F1_macro 0.7347 | WorstLoss 1.3268
[Tracker] Saved snapshot: ep0400_phase1_class1
[Tracker] Ep  401 | AvgR 0.0002 | Global 0.6559 | Local 0.1191 | F1_macro 0.7545 | WorstLoss 1.2672
[Tracker] Ep  402 | AvgR 0.0002 | Global 0.6161 | Local 0.1063 | F1_macro 0.7417 | WorstLoss 1.2816
[Tracker] Ep  403 | AvgR 0.0002 | Global 0.7030 | Local 0.1113 | F1_macro 0.7501 | WorstLoss 1.2421
[Tracker] Ep  404 | AvgR 0.0002 | Global 0.6269 | Local 0.1486 | F1_macro 0.7213 | WorstLoss 1.2745
[Tracker] Ep  405 | AvgR 0.0002 | Global 0.7724 | Local 0.1109 | F1_macro 0.7176 | WorstLoss 1.1874
[Tracker] Saved snapshot: ep0405_phase1_class1
[Tracker] Ep  406 | AvgR 0.0002 | Global 0.6215 | Local 0.1021 | F1_macro 0.7587 | WorstLoss 1.2826
[Tracker] Ep  407 | AvgR 0.0002 | Global 0.5391 | Local 0.1021 | F1_macro 0.7450 | WorstLoss 1.3160
[Tracker] Ep  408 | AvgR 0.0002 | Global 0.6673 | Local 0.1220 | F1_macro 0.7365 | WorstLoss 1.2581
[Tracker] Ep  409 | AvgR 0.0002 | Global 0.5623 | Local 0.1159 | F1_macro 0.7451 | WorstLoss 1.3067
[Tracker] Ep  410 | AvgR 0.0001 | Global 0.4081 | Local 0.1284 | F1_macro 0.7299 | WorstLoss 1.3720
[Tracker] Saved snapshot: ep0410_phase1_class1
[Tracker] Ep  411 | AvgR 0.0002 | Global 0.7550 | Local 0.1351 | F1_macro 0.7316 | WorstLoss 1.2015
[Tracker] Ep  412 | AvgR 0.0002 | Global 0.5696 | Local 0.1028 | F1_macro 0.7352 | WorstLoss 1.3001
[Tracker] Ep  413 | AvgR 0.0001 | Global 0.3277 | Local 0.1606 | F1_macro 0.7244 | WorstLoss 1.4052
[Tracker] Ep  414 | AvgR 0.0001 | Global 0.1006 | Local 0.1957 | F1_macro 0.7215 | WorstLoss 1.5549
[Tracker] Ep  415 | AvgR 0.0002 | Global 0.6434 | Local 0.0921 | F1_macro 0.7482 | WorstLoss 1.2713
[Tracker] Saved snapshot: ep0415_phase1_class1
[Tracker] Ep  416 | AvgR 0.0002 | Global 0.6264 | Local 0.1404 | F1_macro 0.7259 | WorstLoss 1.2731
[Tracker] Ep  417 | AvgR 0.0002 | Global 0.5816 | Local 0.1172 | F1_macro 0.7421 | WorstLoss 1.2994
[Tracker] Ep  418 | AvgR 0.0001 | Global 0.3088 | Local 0.1372 | F1_macro 0.7394 | WorstLoss 1.4151
[Tracker] Ep  419 | AvgR 0.0001 | Global 0.3425 | Local 0.1478 | F1_macro 0.7389 | WorstLoss 1.3993
[Tracker] Ep  420 | AvgR 0.0001 | Global 0.3951 | Local 0.0986 | F1_macro 0.7394 | WorstLoss 1.3770
[Tracker] Saved snapshot: ep0420_phase1_class1
[Tracker] Ep  421 | AvgR 0.0001 | Global 0.3836 | Local 0.1211 | F1_macro 0.7245 | WorstLoss 1.3808
[Tracker] Ep  422 | AvgR 0.0001 | Global 0.1822 | Local 0.1381 | F1_macro 0.7108 | WorstLoss 1.4849
[Tracker] Ep  423 | AvgR 0.0002 | Global 0.4788 | Local 0.1183 | F1_macro 0.7368 | WorstLoss 1.3415
[Tracker] Ep  424 | AvgR 0.0002 | Global 0.7663 | Local 0.0953 | F1_macro 0.7353 | WorstLoss 1.1955
[Tracker] Ep  425 | AvgR 0.0002 | Global 0.5075 | Local 0.1394 | F1_macro 0.7387 | WorstLoss 1.3264
[Tracker] Saved snapshot: ep0425_phase1_class1
[Tracker] Ep  426 | AvgR 0.0001 | Global 0.3513 | Local 0.1241 | F1_macro 0.7397 | WorstLoss 1.3945
[Tracker] Ep  427 | AvgR 0.0002 | Global 0.6181 | Local 0.1394 | F1_macro 0.7491 | WorstLoss 1.2855
[Tracker] Ep  428 | AvgR 0.0002 | Global 0.6515 | Local 0.1144 | F1_macro 0.7317 | WorstLoss 1.2609
[Tracker] Ep  429 | AvgR 0.0001 | Global 0.1669 | Local 0.1323 | F1_macro 0.7289 | WorstLoss 1.4953
[Tracker] Ep  430 | AvgR 0.0002 | Global 0.4770 | Local 0.1147 | F1_macro 0.7459 | WorstLoss 1.3417
[Tracker] Saved snapshot: ep0430_phase1_class1
[Tracker] Ep  431 | AvgR 0.0001 | Global 0.2436 | Local 0.1296 | F1_macro 0.7348 | WorstLoss 1.4484
[Tracker] Ep  432 | AvgR 0.0002 | Global 0.7821 | Local 0.1263 | F1_macro 0.7544 | WorstLoss 1.1953
[Tracker] Ep  433 | AvgR 0.0001 | Global 0.3617 | Local 0.1210 | F1_macro 0.7406 | WorstLoss 1.3914
[Tracker] Ep  434 | AvgR 0.0001 | Global 0.3982 | Local 0.1203 | F1_macro 0.7204 | WorstLoss 1.3759
[Tracker] Ep  435 | AvgR 0.0001 | Global 0.4260 | Local 0.1446 | F1_macro 0.7334 | WorstLoss 1.3622
[Tracker] Saved snapshot: ep0435_phase1_class1
[Tracker] Ep  436 | AvgR 0.0001 | Global 0.2061 | Local 0.1324 | F1_macro 0.7239 | WorstLoss 1.4679
[Tracker] Ep  437 | AvgR 0.0002 | Global 0.5559 | Local 0.1372 | F1_macro 0.7321 | WorstLoss 1.3075
[Tracker] Ep  438 | AvgR 0.0002 | Global 0.4862 | Local 0.1297 | F1_macro 0.7460 | WorstLoss 1.3370
[Tracker] Ep  439 | AvgR 0.0001 | Global 0.4502 | Local 0.0955 | F1_macro 0.7357 | WorstLoss 1.3542
[Tracker] Ep  440 | AvgR 0.0002 | Global 0.7148 | Local 0.1178 | F1_macro 0.7368 | WorstLoss 1.2292
[Tracker] Saved snapshot: ep0440_phase1_class1
[Tracker] Ep  441 | AvgR 0.0001 | Global 0.3217 | Local 0.1530 | F1_macro 0.7522 | WorstLoss 1.4103
[Tracker] Ep  442 | AvgR 0.0002 | Global 0.6542 | Local 0.1395 | F1_macro 0.7319 | WorstLoss 1.2594
[Tracker] Ep  443 | AvgR 0.0002 | Global 0.5072 | Local 0.1268 | F1_macro 0.7465 | WorstLoss 1.3303
[Tracker] Ep  444 | AvgR 0.0002 | Global 0.4881 | Local 0.1186 | F1_macro 0.7313 | WorstLoss 1.3348
[Tracker] Ep  445 | AvgR 0.0002 | Global 0.5080 | Local 0.1214 | F1_macro 0.7419 | WorstLoss 1.3301
[Tracker] Saved snapshot: ep0445_phase1_class1
[Tracker] Ep  446 | AvgR 0.0001 | Global 0.4741 | Local 0.0942 | F1_macro 0.7486 | WorstLoss 1.3437
[Tracker] Ep  447 | AvgR 0.0002 | Global 0.4873 | Local 0.1513 | F1_macro 0.7354 | WorstLoss 1.3368
[Tracker] Ep  448 | AvgR 0.0001 | Global 0.1652 | Local 0.1226 | F1_macro 0.7381 | WorstLoss 1.4972
[Tracker] Ep  449 | AvgR 0.0001 | Global 0.1404 | Local 0.1447 | F1_macro 0.7352 | WorstLoss 1.5162
[Tracker] Ep  450 | AvgR 0.0001 | Global 0.1239 | Local 0.1371 | F1_macro 0.7268 | WorstLoss 1.5312
[Tracker] Saved snapshot: ep0450_phase1_class1
[Tracker] Ep  451 | AvgR 0.0001 | Global 0.3655 | Local 0.1486 | F1_macro 0.7423 | WorstLoss 1.3903
[Tracker] Ep  452 | AvgR 0.0002 | Global 0.5051 | Local 0.1222 | F1_macro 0.7311 | WorstLoss 1.3292
[Tracker] Ep  453 | AvgR 0.0003 | Global 0.8467 | Local 0.1235 | F1_macro 0.7465 | WorstLoss 1.1453
[Tracker] Ep  454 | AvgR 0.0002 | Global 0.4564 | Local 0.1468 | F1_macro 0.7451 | WorstLoss 1.3501
[Tracker] Ep  455 | AvgR 0.0001 | Global 0.1734 | Local 0.1491 | F1_macro 0.7197 | WorstLoss 1.4888
[Tracker] Saved snapshot: ep0455_phase1_class1
[Tracker] Ep  456 | AvgR 0.0002 | Global 0.5721 | Local 0.1316 | F1_macro 0.7354 | WorstLoss 1.3026
[Tracker] Ep  457 | AvgR 0.0002 | Global 0.7262 | Local 0.1177 | F1_macro 0.7425 | WorstLoss 1.2260
[Tracker] Ep  458 | AvgR 0.0001 | Global 0.4097 | Local 0.1546 | F1_macro 0.7277 | WorstLoss 1.3684
[Tracker] Ep  459 | AvgR 0.0002 | Global 0.5686 | Local 0.1836 | F1_macro 0.7093 | WorstLoss 1.2988
[Tracker] Ep  460 | AvgR 0.0002 | Global 0.6699 | Local 0.1229 | F1_macro 0.7424 | WorstLoss 1.2579
[Tracker] Saved snapshot: ep0460_phase1_class1
[Tracker] Ep  461 | AvgR 0.0002 | Global 0.7722 | Local 0.1303 | F1_macro 0.7437 | WorstLoss 1.1966
[Tracker] Ep  462 | AvgR 0.0001 | Global 0.4294 | Local 0.1337 | F1_macro 0.7394 | WorstLoss 1.3627
[Tracker] Ep  463 | AvgR 0.0002 | Global 0.7733 | Local 0.1456 | F1_macro 0.7331 | WorstLoss 1.2005
[Tracker] Ep  464 | AvgR 0.0002 | Global 0.7279 | Local 0.1290 | F1_macro 0.7254 | WorstLoss 1.2191
[Tracker] Ep  465 | AvgR 0.0002 | Global 0.7549 | Local 0.1420 | F1_macro 0.7425 | WorstLoss 1.2108
[Tracker] Saved snapshot: ep0465_phase1_class1
[Tracker] Ep  466 | AvgR 0.0002 | Global 0.7165 | Local 0.1388 | F1_macro 0.7330 | WorstLoss 1.2275
[Tracker] Ep  467 | AvgR 0.0001 | Global 0.2273 | Local 0.1373 | F1_macro 0.7253 | WorstLoss 1.4554
[Tracker] Ep  468 | AvgR 0.0002 | Global 0.6099 | Local 0.1512 | F1_macro 0.7257 | WorstLoss 1.2786
[Tracker] Ep  469 | AvgR 0.0002 | Global 0.5073 | Local 0.1445 | F1_macro 0.7434 | WorstLoss 1.3281
[Tracker] Ep  470 | AvgR 0.0001 | Global 0.2884 | Local 0.1742 | F1_macro 0.7265 | WorstLoss 1.4236
[Tracker] Saved snapshot: ep0470_phase1_class1
[Tracker] Ep  471 | AvgR 0.0003 | Global 0.8359 | Local 0.1238 | F1_macro 0.7392 | WorstLoss 1.1510
[Tracker] Ep  472 | AvgR 0.0001 | Global 0.4025 | Local 0.1284 | F1_macro 0.7483 | WorstLoss 1.3753
[Tracker] Ep  473 | AvgR 0.0002 | Global 0.7760 | Local 0.1647 | F1_macro 0.7310 | WorstLoss 1.1812
[Tracker] Ep  474 | AvgR 0.0002 | Global 0.6582 | Local 0.1086 | F1_macro 0.7523 | WorstLoss 1.2665
[Tracker] Ep  475 | AvgR 0.0002 | Global 0.5110 | Local 0.1524 | F1_macro 0.7369 | WorstLoss 1.3267
[Tracker] Saved snapshot: ep0475_phase1_class1
[Tracker] Ep  476 | AvgR 0.0002 | Global 0.7056 | Local 0.1152 | F1_macro 0.7342 | WorstLoss 1.2309
[Tracker] Ep  477 | AvgR 0.0002 | Global 0.5715 | Local 0.1461 | F1_macro 0.7164 | WorstLoss 1.2986
[Tracker] Ep  478 | AvgR 0.0001 | Global 0.0913 | Local 0.1298 | F1_macro 0.7414 | WorstLoss 1.5673
[Tracker] Ep  479 | AvgR 0.0002 | Global 0.6944 | Local 0.1069 | F1_macro 0.7504 | WorstLoss 1.2471
[Tracker] Ep  480 | AvgR 0.0002 | Global 0.6333 | Local 0.1306 | F1_macro 0.7156 | WorstLoss 1.2675
[Tracker] Saved snapshot: ep0480_phase1_class1
[Tracker] Ep  481 | AvgR 0.0003 | Global 0.9168 | Local 0.1166 | F1_macro 0.7517 | WorstLoss 1.0507
[Tracker] Ep  482 | AvgR 0.0003 | Global 0.9169 | Local 0.1304 | F1_macro 0.7544 | WorstLoss 1.0142
[Tracker] Ep  483 | AvgR 0.0003 | Global 0.9039 | Local 0.1513 | F1_macro 0.7478 | WorstLoss 1.0574
[Tracker] Ep  484 | AvgR 0.0002 | Global 0.8146 | Local 0.1199 | F1_macro 0.7512 | WorstLoss 1.1755
[Tracker] Ep  485 | AvgR 0.0003 | Global 0.8696 | Local 0.1941 | F1_macro 0.7198 | WorstLoss 1.0687
[Tracker] Saved snapshot: ep0485_phase1_class1
[Tracker] Ep  486 | AvgR 0.0003 | Global 0.9538 | Local 0.1057 | F1_macro 0.7519 | WorstLoss 0.9067
[Tracker] Ep  487 | AvgR 0.0003 | Global 0.9499 | Local 0.1556 | F1_macro 0.7399 | WorstLoss 0.8127
[Tracker] Ep  488 | AvgR 0.0002 | Global 0.5902 | Local 0.1866 | F1_macro 0.7400 | WorstLoss 1.2930
[Tracker] Ep  489 | AvgR 0.0003 | Global 0.8678 | Local 0.1372 | F1_macro 0.7560 | WorstLoss 1.1181
[Tracker] Ep  490 | AvgR 0.0003 | Global 0.9472 | Local 0.1256 | F1_macro 0.7615 | WorstLoss 0.9771
[Tracker] Saved snapshot: ep0490_phase1_class1
[Tracker] Ep  491 | AvgR 0.0002 | Global 0.7072 | Local 0.1521 | F1_macro 0.7412 | WorstLoss 1.2343
[Tracker] Ep  492 | AvgR 0.0002 | Global 0.5967 | Local 0.1786 | F1_macro 0.7240 | WorstLoss 1.2872
[Tracker] Ep  493 | AvgR 0.0003 | Global 0.9581 | Local 0.1531 | F1_macro 0.7492 | WorstLoss 0.7718
[Tracker] Ep  494 | AvgR 0.0001 | Global 0.1632 | Local 0.1358 | F1_macro 0.7378 | WorstLoss 1.5008
[Tracker] Ep  495 | AvgR 0.0002 | Global 0.7132 | Local 0.1050 | F1_macro 0.7349 | WorstLoss 1.2378
[Tracker] Saved snapshot: ep0495_phase1_class1
[Tracker] Ep  496 | AvgR 0.0003 | Global 0.9324 | Local 0.1736 | F1_macro 0.7228 | WorstLoss 0.8101
[Tracker] Ep  497 | AvgR 0.0003 | Global 0.9453 | Local 0.1423 | F1_macro 0.7517 | WorstLoss 0.9673
[Tracker] Ep  498 | AvgR 0.0003 | Global 0.9422 | Local 0.1728 | F1_macro 0.7544 | WorstLoss 0.9408
[Tracker] Ep  499 | AvgR 0.0003 | Global 0.9136 | Local 0.1872 | F1_macro 0.7294 | WorstLoss 0.9709
[Tracker] Ep  500 | AvgR 0.0003 | Global 0.9167 | Local 0.1685 | F1_macro 0.7418 | WorstLoss 0.9843
[Tracker] Saved snapshot: ep0500_phase1_class1
[Tracker] Ep  501 | AvgR 0.0003 | Global 0.9206 | Local 0.1643 | F1_macro 0.7433 | WorstLoss 0.9885
[Tracker] Ep  502 | AvgR 0.0003 | Global 0.9522 | Local 0.1523 | F1_macro 0.7483 | WorstLoss 0.9130
[Tracker] Ep  503 | AvgR 0.0003 | Global 0.9199 | Local 0.1364 | F1_macro 0.7401 | WorstLoss 1.0144
[Tracker] Ep  504 | AvgR 0.0003 | Global 0.9526 | Local 0.1420 | F1_macro 0.7536 | WorstLoss 0.7951
[Tracker] Ep  505 | AvgR 0.0003 | Global 0.9357 | Local 0.1482 | F1_macro 0.7557 | WorstLoss 0.9700
[Tracker] Saved snapshot: ep0505_phase1_class1
[Tracker] Ep  506 | AvgR 0.0003 | Global 0.8688 | Local 0.1566 | F1_macro 0.7420 | WorstLoss 1.1029
[Tracker] Ep  507 | AvgR 0.0003 | Global 0.9600 | Local 0.1327 | F1_macro 0.7558 | WorstLoss 0.8923
[Tracker] Ep  508 | AvgR 0.0003 | Global 0.8907 | Local 0.1753 | F1_macro 0.7415 | WorstLoss 1.0651
[Tracker] Ep  509 | AvgR 0.0003 | Global 0.9377 | Local 0.1571 | F1_macro 0.7480 | WorstLoss 0.8839
[Tracker] Ep  510 | AvgR 0.0003 | Global 0.8346 | Local 0.1529 | F1_macro 0.7327 | WorstLoss 1.1276
[Tracker] Saved snapshot: ep0510_phase1_class1
[Tracker] Ep  511 | AvgR 0.0003 | Global 0.9390 | Local 0.1515 | F1_macro 0.7407 | WorstLoss 0.8197
[Tracker] Ep  512 | AvgR 0.0002 | Global 0.4632 | Local 0.1477 | F1_macro 0.7427 | WorstLoss 1.3473
[Tracker] Ep  513 | AvgR 0.0003 | Global 0.9490 | Local 0.1521 | F1_macro 0.7498 | WorstLoss 0.9071
[Tracker] Ep  514 | AvgR 0.0003 | Global 0.9097 | Local 0.2089 | F1_macro 0.7406 | WorstLoss 1.0373
[Tracker] Ep  515 | AvgR 0.0002 | Global 0.7361 | Local 0.1634 | F1_macro 0.7168 | WorstLoss 1.2054
[Tracker] Saved snapshot: ep0515_phase1_class1
[Tracker] Ep  516 | AvgR 0.0003 | Global 0.9423 | Local 0.1209 | F1_macro 0.7485 | WorstLoss 0.9414
[Tracker] Ep  517 | AvgR 0.0003 | Global 0.9100 | Local 0.1575 | F1_macro 0.7450 | WorstLoss 1.0520
[Tracker] Ep  518 | AvgR 0.0003 | Global 0.8359 | Local 0.1531 | F1_macro 0.7391 | WorstLoss 1.1492
[Tracker] Ep  519 | AvgR 0.0003 | Global 0.9474 | Local 0.1221 | F1_macro 0.7469 | WorstLoss 0.8327
[Tracker] Ep  520 | AvgR 0.0003 | Global 0.9525 | Local 0.1698 | F1_macro 0.7473 | WorstLoss 0.8054
[Tracker] Saved snapshot: ep0520_phase1_class1
[Tracker] Ep  521 | AvgR 0.0003 | Global 0.9369 | Local 0.1618 | F1_macro 0.7354 | WorstLoss 0.7505
[Tracker] Ep  522 | AvgR 0.0003 | Global 0.9262 | Local 0.1814 | F1_macro 0.7449 | WorstLoss 0.9928
[Tracker] Ep  523 | AvgR 0.0003 | Global 0.9403 | Local 0.1560 | F1_macro 0.7598 | WorstLoss 0.9038
[Tracker] Ep  524 | AvgR 0.0003 | Global 0.9142 | Local 0.1547 | F1_macro 0.7517 | WorstLoss 1.0116
[Tracker] Ep  525 | AvgR 0.0003 | Global 0.9128 | Local 0.1706 | F1_macro 0.7124 | WorstLoss 0.8975
[Tracker] Saved snapshot: ep0525_phase1_class1
[Tracker] Ep  526 | AvgR 0.0003 | Global 0.8615 | Local 0.1933 | F1_macro 0.7276 | WorstLoss 1.0847
[Tracker] Ep  527 | AvgR 0.0003 | Global 0.9224 | Local 0.2476 | F1_macro 0.7214 | WorstLoss 0.8655
[Tracker] Ep  528 | AvgR 0.0003 | Global 0.9384 | Local 0.1526 | F1_macro 0.7334 | WorstLoss 0.8093
[Tracker] Ep  529 | AvgR 0.0003 | Global 0.9284 | Local 0.1810 | F1_macro 0.7472 | WorstLoss 0.9373
[Tracker] Ep  530 | AvgR 0.0003 | Global 0.9386 | Local 0.1993 | F1_macro 0.7460 | WorstLoss 0.9584
[Tracker] Saved snapshot: ep0530_phase1_class1
[Tracker] Ep  531 | AvgR 0.0002 | Global 0.6714 | Local 0.1616 | F1_macro 0.7338 | WorstLoss 1.2551
[Tracker] Ep  532 | AvgR 0.0003 | Global 0.9193 | Local 0.1767 | F1_macro 0.7299 | WorstLoss 0.9137
[Tracker] Ep  533 | AvgR 0.0003 | Global 0.8640 | Local 0.1623 | F1_macro 0.7430 | WorstLoss 1.1007
[Tracker] Ep  534 | AvgR 0.0003 | Global 0.9193 | Local 0.1798 | F1_macro 0.7314 | WorstLoss 0.9233
[Tracker] Ep  535 | AvgR 0.0003 | Global 0.9537 | Local 0.1489 | F1_macro 0.7398 | WorstLoss 0.8153
[Tracker] Saved snapshot: ep0535_phase1_class1
[Tracker] Ep  536 | AvgR 0.0003 | Global 0.9156 | Local 0.1503 | F1_macro 0.7533 | WorstLoss 1.0208
[Tracker] Ep  537 | AvgR 0.0003 | Global 0.9265 | Local 0.1837 | F1_macro 0.7389 | WorstLoss 0.9609
[Tracker] Ep  538 | AvgR 0.0003 | Global 0.9238 | Local 0.1676 | F1_macro 0.7343 | WorstLoss 0.9402
[Tracker] Ep  539 | AvgR 0.0002 | Global 0.7133 | Local 0.2142 | F1_macro 0.7282 | WorstLoss 1.2242
[Tracker] Ep  540 | AvgR 0.0003 | Global 0.9388 | Local 0.1627 | F1_macro 0.7461 | WorstLoss 0.8957
[Tracker] Saved snapshot: ep0540_phase1_class1
[Tracker] Ep  541 | AvgR 0.0003 | Global 0.8143 | Local 0.1918 | F1_macro 0.7233 | WorstLoss 1.1338
[Tracker] Ep  542 | AvgR 0.0003 | Global 0.9580 | Local 0.1583 | F1_macro 0.7489 | WorstLoss 0.7680
[Tracker] Ep  543 | AvgR 0.0003 | Global 0.9257 | Local 0.1616 | F1_macro 0.7290 | WorstLoss 0.9158
[Tracker] Ep  544 | AvgR 0.0003 | Global 0.9272 | Local 0.1848 | F1_macro 0.7254 | WorstLoss 0.8273
[Tracker] Ep  545 | AvgR 0.0003 | Global 0.9026 | Local 0.1868 | F1_macro 0.7332 | WorstLoss 1.0342
[Tracker] Saved snapshot: ep0545_phase1_class1
[Tracker] Ep  546 | AvgR 0.0003 | Global 0.9102 | Local 0.2005 | F1_macro 0.7273 | WorstLoss 0.9839
[Tracker] Ep  547 | AvgR 0.0003 | Global 0.9414 | Local 0.1563 | F1_macro 0.7398 | WorstLoss 0.8115
[Tracker] Ep  548 | AvgR 0.0003 | Global 0.9232 | Local 0.1535 | F1_macro 0.7354 | WorstLoss 0.9409
[Tracker] Ep  549 | AvgR 0.0003 | Global 0.7449 | Local 0.1855 | F1_macro 0.7244 | WorstLoss 1.1960
[Tracker] Ep  550 | AvgR 0.0003 | Global 0.8112 | Local 0.1295 | F1_macro 0.7317 | WorstLoss 1.1504
[Tracker] Saved snapshot: ep0550_phase1_class1
[Tracker] Ep  551 | AvgR 0.0003 | Global 0.8942 | Local 0.1155 | F1_macro 0.7427 | WorstLoss 1.0674
[Tracker] Ep  552 | AvgR 0.0003 | Global 0.9405 | Local 0.1538 | F1_macro 0.7425 | WorstLoss 0.8790
[Tracker] Ep  553 | AvgR 0.0003 | Global 0.9334 | Local 0.2073 | F1_macro 0.7386 | WorstLoss 0.7371
[Tracker] Ep  554 | AvgR 0.0003 | Global 0.9235 | Local 0.1985 | F1_macro 0.7258 | WorstLoss 0.8927
[Tracker] Ep  555 | AvgR 0.0003 | Global 0.9336 | Local 0.1837 | F1_macro 0.7338 | WorstLoss 0.7477
[Tracker] Saved snapshot: ep0555_phase1_class1
[Tracker] Ep  556 | AvgR 0.0003 | Global 0.9256 | Local 0.1900 | F1_macro 0.7333 | WorstLoss 0.9040
[Tracker] Ep  557 | AvgR 0.0003 | Global 0.7947 | Local 0.2339 | F1_macro 0.7314 | WorstLoss 1.1710
[Tracker] Ep  558 | AvgR 0.0003 | Global 0.9476 | Local 0.1650 | F1_macro 0.7462 | WorstLoss 0.7492
[Tracker] Ep  559 | AvgR 0.0003 | Global 0.9383 | Local 0.1785 | F1_macro 0.7367 | WorstLoss 0.7250
[Tracker] Ep  560 | AvgR 0.0003 | Global 0.9466 | Local 0.1677 | F1_macro 0.7381 | WorstLoss 0.8242
[Tracker] Saved snapshot: ep0560_phase1_class1
[Tracker] Ep  561 | AvgR 0.0003 | Global 0.9408 | Local 0.1693 | F1_macro 0.7388 | WorstLoss 0.8661
[Tracker] Ep  562 | AvgR 0.0003 | Global 0.9439 | Local 0.1257 | F1_macro 0.7475 | WorstLoss 0.8757
[Tracker] Ep  563 | AvgR 0.0003 | Global 0.9312 | Local 0.1876 | F1_macro 0.7417 | WorstLoss 0.7348
[Tracker] Ep  564 | AvgR 0.0003 | Global 0.9465 | Local 0.1537 | F1_macro 0.7412 | WorstLoss 0.7550
[Tracker] Ep  565 | AvgR 0.0003 | Global 0.9393 | Local 0.1507 | F1_macro 0.7520 | WorstLoss 0.8991
[Tracker] Saved snapshot: ep0565_phase1_class1
[Tracker] Ep  566 | AvgR 0.0003 | Global 0.8511 | Local 0.1906 | F1_macro 0.7288 | WorstLoss 1.1028
[Tracker] Ep  567 | AvgR 0.0003 | Global 0.9356 | Local 0.1812 | F1_macro 0.7367 | WorstLoss 0.7987
[Tracker] Ep  568 | AvgR 0.0003 | Global 0.8926 | Local 0.1675 | F1_macro 0.7203 | WorstLoss 1.0367
[Tracker] Ep  569 | AvgR 0.0003 | Global 0.9474 | Local 0.1428 | F1_macro 0.7647 | WorstLoss 0.8974
[Tracker] Ep  570 | AvgR 0.0003 | Global 0.9481 | Local 0.2177 | F1_macro 0.7479 | WorstLoss 0.8057
[Tracker] Saved snapshot: ep0570_phase1_class1
[Tracker] Ep  571 | AvgR 0.0003 | Global 0.9385 | Local 0.1405 | F1_macro 0.7399 | WorstLoss 0.8315
[Tracker] Ep  572 | AvgR 0.0003 | Global 0.9282 | Local 0.2006 | F1_macro 0.7367 | WorstLoss 0.8811
[Tracker] Ep  573 | AvgR 0.0003 | Global 0.8677 | Local 0.2007 | F1_macro 0.7222 | WorstLoss 1.0540
[Tracker] Ep  574 | AvgR 0.0003 | Global 0.9496 | Local 0.1876 | F1_macro 0.7432 | WorstLoss 0.7743
[Tracker] Ep  575 | AvgR 0.0003 | Global 0.8966 | Local 0.1962 | F1_macro 0.7135 | WorstLoss 1.0371
[Tracker] Saved snapshot: ep0575_phase1_class1
[Tracker] Ep  576 | AvgR 0.0003 | Global 0.9190 | Local 0.1849 | F1_macro 0.7290 | WorstLoss 0.8993
[Tracker] Ep  577 | AvgR 0.0003 | Global 0.9060 | Local 0.1901 | F1_macro 0.7275 | WorstLoss 0.9898
[Tracker] Ep  578 | AvgR 0.0003 | Global 0.8891 | Local 0.1857 | F1_macro 0.7497 | WorstLoss 1.0675
[Tracker] Ep  579 | AvgR 0.0003 | Global 0.9067 | Local 0.1810 | F1_macro 0.7307 | WorstLoss 0.9741
[Tracker] Ep  580 | AvgR 0.0003 | Global 0.8866 | Local 0.1509 | F1_macro 0.7303 | WorstLoss 1.0405
[Tracker] Saved snapshot: ep0580_phase1_class1
[Tracker] Ep  581 | AvgR 0.0003 | Global 0.9131 | Local 0.1787 | F1_macro 0.7465 | WorstLoss 1.0078
[Tracker] Ep  582 | AvgR 0.0003 | Global 0.8695 | Local 0.1633 | F1_macro 0.7318 | WorstLoss 1.0677
[Tracker] Ep  583 | AvgR 0.0003 | Global 0.8858 | Local 0.1809 | F1_macro 0.7444 | WorstLoss 1.0537
[Tracker] Ep  584 | AvgR 0.0003 | Global 0.8346 | Local 0.1943 | F1_macro 0.7225 | WorstLoss 1.1076
[Tracker] Ep  585 | AvgR 0.0002 | Global 0.5245 | Local 0.1458 | F1_macro 0.7235 | WorstLoss 1.3172
[Tracker] Saved snapshot: ep0585_phase1_class1
[Tracker] Ep  586 | AvgR 0.0003 | Global 0.8460 | Local 0.1631 | F1_macro 0.7326 | WorstLoss 1.1198
[Tracker] Ep  587 | AvgR 0.0003 | Global 0.8695 | Local 0.2464 | F1_macro 0.7331 | WorstLoss 1.0819
[Tracker] Ep  588 | AvgR 0.0003 | Global 0.8986 | Local 0.2161 | F1_macro 0.7383 | WorstLoss 1.0379
[Tracker] Ep  589 | AvgR 0.0003 | Global 0.9117 | Local 0.1710 | F1_macro 0.7422 | WorstLoss 1.0090
[Tracker] Ep  590 | AvgR 0.0001 | Global 0.0814 | Local 0.1726 | F1_macro 0.7242 | WorstLoss 1.5775
[Tracker] Saved snapshot: ep0590_phase1_class1
[Tracker] Ep  591 | AvgR 0.0003 | Global 0.9286 | Local 0.1279 | F1_macro 0.7480 | WorstLoss 0.9839
[Tracker] Ep  592 | AvgR 0.0003 | Global 0.9212 | Local 0.2201 | F1_macro 0.7287 | WorstLoss 0.8545
[Tracker] Ep  593 | AvgR 0.0003 | Global 0.7786 | Local 0.2008 | F1_macro 0.7349 | WorstLoss 1.1802
[Tracker] Ep  594 | AvgR 0.0003 | Global 0.9390 | Local 0.1343 | F1_macro 0.7506 | WorstLoss 0.9347
[Tracker] Ep  595 | AvgR 0.0003 | Global 0.9393 | Local 0.1787 | F1_macro 0.7464 | WorstLoss 0.8192
[Tracker] Saved snapshot: ep0595_phase1_class1
[Tracker] Ep  596 | AvgR 0.0003 | Global 0.7512 | Local 0.1891 | F1_macro 0.7127 | WorstLoss 1.1890
[Tracker] Ep  597 | AvgR 0.0003 | Global 0.8896 | Local 0.1889 | F1_macro 0.7446 | WorstLoss 1.0545
[Tracker] Ep  598 | AvgR 0.0003 | Global 0.9289 | Local 0.1555 | F1_macro 0.7227 | WorstLoss 0.8178
[Tracker] Ep  599 | AvgR 0.0003 | Global 0.9512 | Local 0.1664 | F1_macro 0.7471 | WorstLoss 0.6996
[Tracker] Ep  600 | AvgR 0.0003 | Global 0.9448 | Local 0.1697 | F1_macro 0.7468 | WorstLoss 0.8577
[Tracker] Saved snapshot: ep0600_phase1_class1
[Tracker] Ep  601 | AvgR 0.0003 | Global 0.9472 | Local 0.1678 | F1_macro 0.7399 | WorstLoss 0.8408
[Tracker] Ep  602 | AvgR 0.0003 | Global 0.9157 | Local 0.1928 | F1_macro 0.7376 | WorstLoss 0.9760
[Tracker] Ep  603 | AvgR 0.0003 | Global 0.9214 | Local 0.2012 | F1_macro 0.7369 | WorstLoss 0.9336
[Tracker] Ep  604 | AvgR 0.0003 | Global 0.9585 | Local 0.1641 | F1_macro 0.7467 | WorstLoss 0.7415
[Tracker] Ep  605 | AvgR 0.0002 | Global 0.4956 | Local 0.2003 | F1_macro 0.7130 | WorstLoss 1.3257
[Tracker] Saved snapshot: ep0605_phase1_class1
[Tracker] Ep  606 | AvgR 0.0003 | Global 0.9042 | Local 0.1479 | F1_macro 0.7470 | WorstLoss 1.0435
[Tracker] Ep  607 | AvgR 0.0003 | Global 0.8818 | Local 0.2046 | F1_macro 0.7168 | WorstLoss 1.0281
[Tracker] Ep  608 | AvgR 0.0003 | Global 0.7952 | Local 0.1612 | F1_macro 0.7345 | WorstLoss 1.1697
[Tracker] Ep  609 | AvgR 0.0003 | Global 0.9374 | Local 0.1828 | F1_macro 0.7469 | WorstLoss 0.8512
[Tracker] Ep  610 | AvgR 0.0003 | Global 0.9418 | Local 0.1641 | F1_macro 0.7343 | WorstLoss 0.6782
[Tracker] Saved snapshot: ep0610_phase1_class1
[Tracker] Ep  611 | AvgR 0.0003 | Global 0.9359 | Local 0.1792 | F1_macro 0.7385 | WorstLoss 0.7451
[Tracker] Ep  612 | AvgR 0.0003 | Global 0.8875 | Local 0.1997 | F1_macro 0.7134 | WorstLoss 0.9945
[Tracker] Ep  613 | AvgR 0.0003 | Global 0.7247 | Local 0.1998 | F1_macro 0.7292 | WorstLoss 1.2077
[Tracker] Ep  614 | AvgR 0.0003 | Global 0.9375 | Local 0.1711 | F1_macro 0.7386 | WorstLoss 0.8958
[Tracker] Ep  615 | AvgR 0.0003 | Global 0.9463 | Local 0.1700 | F1_macro 0.7451 | WorstLoss 0.8483
[Tracker] Saved snapshot: ep0615_phase1_class1
[Tracker] Ep  616 | AvgR 0.0003 | Global 0.9210 | Local 0.1784 | F1_macro 0.7299 | WorstLoss 0.9251
[Tracker] Ep  617 | AvgR 0.0003 | Global 0.9613 | Local 0.1144 | F1_macro 0.7511 | WorstLoss 0.7584
[Tracker] Ep  618 | AvgR 0.0003 | Global 0.9460 | Local 0.1508 | F1_macro 0.7444 | WorstLoss 0.8713
[Tracker] Ep  619 | AvgR 0.0003 | Global 0.9084 | Local 0.2096 | F1_macro 0.7148 | WorstLoss 0.8562
[Tracker] Ep  620 | AvgR 0.0003 | Global 0.7949 | Local 0.2118 | F1_macro 0.7339 | WorstLoss 1.1724
[Tracker] Saved snapshot: ep0620_phase1_class1
[Tracker] Ep  621 | AvgR 0.0003 | Global 0.8830 | Local 0.2234 | F1_macro 0.7171 | WorstLoss 1.0323
[Tracker] Ep  622 | AvgR 0.0003 | Global 0.9527 | Local 0.2348 | F1_macro 0.7588 | WorstLoss 0.8894
[Tracker] Ep  623 | AvgR 0.0003 | Global 0.9291 | Local 0.1721 | F1_macro 0.7378 | WorstLoss 0.9246
[Tracker] Ep  624 | AvgR 0.0003 | Global 0.9217 | Local 0.1648 | F1_macro 0.7437 | WorstLoss 0.9908
[Tracker] Ep  625 | AvgR 0.0003 | Global 0.8820 | Local 0.1852 | F1_macro 0.7207 | WorstLoss 1.0397
[Tracker] Saved snapshot: ep0625_phase1_class1
[Tracker] Ep  626 | AvgR 0.0003 | Global 0.9149 | Local 0.1943 | F1_macro 0.7283 | WorstLoss 0.9218
[Tracker] Ep  627 | AvgR 0.0003 | Global 0.8733 | Local 0.2063 | F1_macro 0.7344 | WorstLoss 1.0745
[Tracker] Ep  628 | AvgR 0.0003 | Global 0.9171 | Local 0.1048 | F1_macro 0.7479 | WorstLoss 1.0241
[Tracker] Ep  629 | AvgR 0.0003 | Global 0.9471 | Local 0.2016 | F1_macro 0.7466 | WorstLoss 0.8099
[Tracker] Ep  630 | AvgR 0.0003 | Global 0.9418 | Local 0.1830 | F1_macro 0.7409 | WorstLoss 0.8055
[Tracker] Saved snapshot: ep0630_phase1_class1
[Tracker] Ep  631 | AvgR 0.0003 | Global 0.8985 | Local 0.1919 | F1_macro 0.7241 | WorstLoss 0.9832
[Tracker] Ep  632 | AvgR 0.0003 | Global 0.9352 | Local 0.1941 | F1_macro 0.7446 | WorstLoss 0.7566
[Tracker] Ep  633 | AvgR 0.0003 | Global 0.9523 | Local 0.1895 | F1_macro 0.7503 | WorstLoss 0.8603
[Tracker] Ep  634 | AvgR 0.0003 | Global 0.9220 | Local 0.2137 | F1_macro 0.7351 | WorstLoss 0.9466
[Tracker] Ep  635 | AvgR 0.0003 | Global 0.9408 | Local 0.1920 | F1_macro 0.7426 | WorstLoss 0.8381
[Tracker] Saved snapshot: ep0635_phase1_class1
[Tracker] Ep  636 | AvgR 0.0003 | Global 0.9422 | Local 0.1374 | F1_macro 0.7452 | WorstLoss 0.7423
[Tracker] Ep  637 | AvgR 0.0003 | Global 0.9036 | Local 0.2371 | F1_macro 0.7337 | WorstLoss 0.9946
[Tracker] Ep  638 | AvgR 0.0003 | Global 0.9467 | Local 0.1560 | F1_macro 0.7418 | WorstLoss 0.8225
[Tracker] Ep  639 | AvgR 0.0003 | Global 0.9226 | Local 0.1922 | F1_macro 0.7207 | WorstLoss 0.8030
[Tracker] Ep  640 | AvgR 0.0003 | Global 0.8150 | Local 0.1815 | F1_macro 0.7375 | WorstLoss 1.1534
[Tracker] Saved snapshot: ep0640_phase1_class1
[Tracker] Ep  641 | AvgR 0.0003 | Global 0.9023 | Local 0.2433 | F1_macro 0.7112 | WorstLoss 0.8463
[Tracker] Ep  642 | AvgR 0.0003 | Global 0.9224 | Local 0.2267 | F1_macro 0.7282 | WorstLoss 0.6875
[Tracker] Ep  643 | AvgR 0.0003 | Global 0.9400 | Local 0.1097 | F1_macro 0.7331 | WorstLoss 0.8169
[Tracker] Ep  644 | AvgR 0.0003 | Global 0.9055 | Local 0.1737 | F1_macro 0.7242 | WorstLoss 0.9958
[Tracker] Ep  645 | AvgR 0.0003 | Global 0.9153 | Local 0.1844 | F1_macro 0.7141 | WorstLoss 0.7848
[Tracker] Saved snapshot: ep0645_phase1_class1
[Tracker] Ep  646 | AvgR 0.0003 | Global 0.9093 | Local 0.1496 | F1_macro 0.7062 | WorstLoss 0.8480
[Tracker] Ep  647 | AvgR 0.0003 | Global 0.8519 | Local 0.1426 | F1_macro 0.7095 | WorstLoss 1.0863
[Tracker] Ep  648 | AvgR 0.0003 | Global 0.8831 | Local 0.1779 | F1_macro 0.7004 | WorstLoss 0.9584
[Tracker] Ep  649 | AvgR 0.0003 | Global 0.8999 | Local 0.2084 | F1_macro 0.7039 | WorstLoss 0.9498
[Tracker] Ep  650 | AvgR 0.0003 | Global 0.9218 | Local 0.1932 | F1_macro 0.7094 | WorstLoss 0.7219
[Tracker] Saved snapshot: ep0650_phase1_class1
[Tracker] Ep  651 | AvgR 0.0003 | Global 0.9134 | Local 0.2318 | F1_macro 0.7091 | WorstLoss 0.7782
[Tracker] Ep  652 | AvgR 0.0003 | Global 0.9358 | Local 0.1953 | F1_macro 0.7345 | WorstLoss 0.7401
[Tracker] Ep  653 | AvgR 0.0003 | Global 0.9410 | Local 0.1818 | F1_macro 0.7454 | WorstLoss 0.8104
[Tracker] Ep  654 | AvgR 0.0003 | Global 0.7746 | Local 0.1771 | F1_macro 0.7068 | WorstLoss 1.1616
[Tracker] Ep  655 | AvgR 0.0003 | Global 0.7210 | Local 0.1644 | F1_macro 0.7130 | WorstLoss 1.2172
[Tracker] Saved snapshot: ep0655_phase1_class1
[Tracker] Ep  656 | AvgR 0.0003 | Global 0.9159 | Local 0.2028 | F1_macro 0.7122 | WorstLoss 0.7515
[Tracker] Ep  657 | AvgR 0.0003 | Global 0.8944 | Local 0.1990 | F1_macro 0.7137 | WorstLoss 0.9689
[Tracker] Ep  658 | AvgR 0.0003 | Global 0.9213 | Local 0.2253 | F1_macro 0.7220 | WorstLoss 0.7497
[Tracker] Ep  659 | AvgR 0.0003 | Global 0.9013 | Local 0.2492 | F1_macro 0.6981 | WorstLoss 0.8160
[Tracker] Ep  660 | AvgR 0.0003 | Global 0.8898 | Local 0.1880 | F1_macro 0.7195 | WorstLoss 1.0159
[Tracker] Saved snapshot: ep0660_phase1_class1
[Tracker] Ep  661 | AvgR 0.0003 | Global 0.8868 | Local 0.2398 | F1_macro 0.6998 | WorstLoss 0.7086
[Tracker] Ep  662 | AvgR 0.0003 | Global 0.7926 | Local 0.1374 | F1_macro 0.7170 | WorstLoss 1.1712
[Tracker] Ep  663 | AvgR 0.0003 | Global 0.9197 | Local 0.1975 | F1_macro 0.7189 | WorstLoss 0.8248
[Tracker] Ep  664 | AvgR 0.0003 | Global 0.8808 | Local 0.2306 | F1_macro 0.6985 | WorstLoss 0.8951
[Tracker] Ep  665 | AvgR 0.0003 | Global 0.9188 | Local 0.2078 | F1_macro 0.7204 | WorstLoss 0.8571
[Tracker] Saved snapshot: ep0665_phase1_class1
[Tracker] Ep  666 | AvgR 0.0003 | Global 0.8915 | Local 0.2565 | F1_macro 0.6982 | WorstLoss 0.7034
[Tracker] Ep  667 | AvgR 0.0003 | Global 0.9047 | Local 0.2393 | F1_macro 0.7072 | WorstLoss 0.9092
[Tracker] Ep  668 | AvgR 0.0003 | Global 0.8854 | Local 0.1841 | F1_macro 0.7048 | WorstLoss 0.9681
[Tracker] Ep  669 | AvgR 0.0003 | Global 0.8343 | Local 0.1870 | F1_macro 0.7231 | WorstLoss 1.1182
[Tracker] Ep  670 | AvgR 0.0003 | Global 0.8751 | Local 0.2510 | F1_macro 0.6798 | WorstLoss 0.8688
[Tracker] Saved snapshot: ep0670_phase1_class1
[Tracker] Ep  671 | AvgR 0.0003 | Global 0.9186 | Local 0.1960 | F1_macro 0.7129 | WorstLoss 0.8224
[Tracker] Ep  672 | AvgR 0.0003 | Global 0.8400 | Local 0.2647 | F1_macro 0.6786 | WorstLoss 1.0472
[Tracker] Ep  673 | AvgR 0.0003 | Global 0.8971 | Local 0.2307 | F1_macro 0.7188 | WorstLoss 0.8533
[Tracker] Ep  674 | AvgR 0.0003 | Global 0.9078 | Local 0.2677 | F1_macro 0.7142 | WorstLoss 0.6825
[Tracker] Ep  675 | AvgR 0.0003 | Global 0.8741 | Local 0.2787 | F1_macro 0.6725 | WorstLoss 0.8076
[Tracker] Saved snapshot: ep0675_phase1_class1
[Tracker] Ep  676 | AvgR 0.0003 | Global 0.9161 | Local 0.2218 | F1_macro 0.7132 | WorstLoss 0.8621
[Tracker] Ep  677 | AvgR 0.0003 | Global 0.8686 | Local 0.1838 | F1_macro 0.7073 | WorstLoss 1.0207
[Tracker] Ep  678 | AvgR 0.0003 | Global 0.9067 | Local 0.2390 | F1_macro 0.6954 | WorstLoss 0.7297
[Tracker] Ep  679 | AvgR 0.0003 | Global 0.8668 | Local 0.2903 | F1_macro 0.7084 | WorstLoss 1.0482
[Tracker] Ep  680 | AvgR 0.0003 | Global 0.8852 | Local 0.2782 | F1_macro 0.6884 | WorstLoss 0.7974
[Tracker] Saved snapshot: ep0680_phase1_class1
[Tracker] Ep  681 | AvgR 0.0003 | Global 0.9221 | Local 0.1583 | F1_macro 0.7201 | WorstLoss 0.9110
[Tracker] Ep  682 | AvgR 0.0003 | Global 0.9069 | Local 0.2216 | F1_macro 0.7121 | WorstLoss 0.8895
[Tracker] Ep  683 | AvgR 0.0002 | Global 0.4012 | Local 0.2675 | F1_macro 0.6995 | WorstLoss 1.3646
[Tracker] Ep  684 | AvgR 0.0003 | Global 0.8879 | Local 0.1973 | F1_macro 0.7104 | WorstLoss 0.9564
[Tracker] Ep  685 | AvgR 0.0003 | Global 0.7254 | Local 0.2668 | F1_macro 0.6935 | WorstLoss 1.1959
[Tracker] Saved snapshot: ep0685_phase1_class1
[Tracker] Ep  686 | AvgR 0.0003 | Global 0.8693 | Local 0.2360 | F1_macro 0.6922 | WorstLoss 0.9237
[Tracker] Ep  687 | AvgR 0.0003 | Global 0.8080 | Local 0.2098 | F1_macro 0.7151 | WorstLoss 1.1485
[Tracker] Ep  688 | AvgR 0.0003 | Global 0.9143 | Local 0.2155 | F1_macro 0.7153 | WorstLoss 0.8347
[Tracker] Ep  689 | AvgR 0.0003 | Global 0.9060 | Local 0.2459 | F1_macro 0.7285 | WorstLoss 0.7775
[Tracker] Ep  690 | AvgR 0.0003 | Global 0.9139 | Local 0.2080 | F1_macro 0.7256 | WorstLoss 0.9147
[Tracker] Saved snapshot: ep0690_phase1_class1
[Tracker] Ep  691 | AvgR 0.0003 | Global 0.8708 | Local 0.2622 | F1_macro 0.6841 | WorstLoss 0.7921
[Tracker] Ep  692 | AvgR 0.0003 | Global 0.8948 | Local 0.3006 | F1_macro 0.7030 | WorstLoss 0.6410
[Tracker] Ep  693 | AvgR 0.0003 | Global 0.8940 | Local 0.2374 | F1_macro 0.7139 | WorstLoss 0.8849
[Tracker] Ep  694 | AvgR 0.0003 | Global 0.8917 | Local 0.2071 | F1_macro 0.7102 | WorstLoss 0.8306
[Tracker] Ep  695 | AvgR 0.0003 | Global 0.8481 | Local 0.3050 | F1_macro 0.7127 | WorstLoss 1.0813
[Tracker] Saved snapshot: ep0695_phase1_class1
[Tracker] Ep  696 | AvgR 0.0003 | Global 0.9153 | Local 0.2339 | F1_macro 0.7219 | WorstLoss 0.7703
[Tracker] Ep  697 | AvgR 0.0003 | Global 0.8984 | Local 0.2661 | F1_macro 0.6998 | WorstLoss 0.7265
[Tracker] Ep  698 | AvgR 0.0003 | Global 0.8990 | Local 0.2144 | F1_macro 0.6977 | WorstLoss 0.6326
[Tracker] Ep  699 | AvgR 0.0003 | Global 0.8777 | Local 0.2653 | F1_macro 0.6944 | WorstLoss 0.7997
[Tracker] Ep  700 | AvgR 0.0003 | Global 0.8854 | Local 0.2485 | F1_macro 0.6908 | WorstLoss 0.7529
[Tracker] Saved snapshot: ep0700_phase1_class1
[Tracker] Ep  701 | AvgR 0.0003 | Global 0.9320 | Local 0.2221 | F1_macro 0.7232 | WorstLoss 0.6423
[Tracker] Ep  702 | AvgR 0.0003 | Global 0.8709 | Local 0.2951 | F1_macro 0.6959 | WorstLoss 0.8409
[Tracker] Ep  703 | AvgR 0.0003 | Global 0.8851 | Local 0.1989 | F1_macro 0.7107 | WorstLoss 0.9858
[Tracker] Ep  704 | AvgR 0.0003 | Global 0.8695 | Local 0.2630 | F1_macro 0.6978 | WorstLoss 0.7906
[Tracker] Ep  705 | AvgR 0.0003 | Global 0.9035 | Local 0.2121 | F1_macro 0.7078 | WorstLoss 0.6355
[Tracker] Saved snapshot: ep0705_phase1_class1
[Tracker] Ep  706 | AvgR 0.0003 | Global 0.8428 | Local 0.1998 | F1_macro 0.6906 | WorstLoss 1.0343
[Tracker] Ep  707 | AvgR 0.0003 | Global 0.8414 | Local 0.2627 | F1_macro 0.7040 | WorstLoss 1.0584
[Tracker] Ep  708 | AvgR 0.0003 | Global 0.9218 | Local 0.2033 | F1_macro 0.7439 | WorstLoss 0.8474
[Tracker] Ep  709 | AvgR 0.0003 | Global 0.8966 | Local 0.1626 | F1_macro 0.7116 | WorstLoss 0.9348
[Tracker] Ep  710 | AvgR 0.0003 | Global 0.8585 | Local 0.2330 | F1_macro 0.6697 | WorstLoss 0.7711
[Tracker] Saved snapshot: ep0710_phase1_class1
[Tracker] Ep  711 | AvgR 0.0003 | Global 0.9248 | Local 0.2483 | F1_macro 0.7110 | WorstLoss 0.5793
[Tracker] Ep  712 | AvgR 0.0003 | Global 0.8983 | Local 0.2297 | F1_macro 0.7130 | WorstLoss 0.9339
[Tracker] Ep  713 | AvgR 0.0003 | Global 0.9094 | Local 0.2067 | F1_macro 0.7271 | WorstLoss 0.8616
[Tracker] Ep  714 | AvgR 0.0003 | Global 0.8755 | Local 0.2860 | F1_macro 0.6950 | WorstLoss 0.8525
[Tracker] Ep  715 | AvgR 0.0003 | Global 0.8410 | Local 0.2580 | F1_macro 0.7082 | WorstLoss 1.0783
[Tracker] Saved snapshot: ep0715_phase1_class1
[Tracker] Ep  716 | AvgR 0.0003 | Global 0.9009 | Local 0.2431 | F1_macro 0.7007 | WorstLoss 0.6636
[Tracker] Ep  717 | AvgR 0.0003 | Global 0.9066 | Local 0.2438 | F1_macro 0.7127 | WorstLoss 0.7329
[Tracker] Ep  718 | AvgR 0.0003 | Global 0.8906 | Local 0.2588 | F1_macro 0.7141 | WorstLoss 0.9178
[Tracker] Ep  719 | AvgR 0.0003 | Global 0.8104 | Local 0.2602 | F1_macro 0.6896 | WorstLoss 1.0953
[Tracker] Ep  720 | AvgR 0.0003 | Global 0.8808 | Local 0.2474 | F1_macro 0.7156 | WorstLoss 0.9207
[Tracker] Saved snapshot: ep0720_phase1_class1
[Tracker] Ep  721 | AvgR 0.0003 | Global 0.8913 | Local 0.2550 | F1_macro 0.6987 | WorstLoss 0.7135
[Tracker] Ep  722 | AvgR 0.0003 | Global 0.9011 | Local 0.2311 | F1_macro 0.7031 | WorstLoss 0.8523
[Tracker] Ep  723 | AvgR 0.0003 | Global 0.9306 | Local 0.2436 | F1_macro 0.7250 | WorstLoss 0.7021
[Tracker] Ep  724 | AvgR 0.0003 | Global 0.8933 | Local 0.2140 | F1_macro 0.7191 | WorstLoss 0.7595
[Tracker] Ep  725 | AvgR 0.0003 | Global 0.9130 | Local 0.2429 | F1_macro 0.7246 | WorstLoss 0.7786
[Tracker] Saved snapshot: ep0725_phase1_class1
[Tracker] Ep  726 | AvgR 0.0003 | Global 0.8280 | Local 0.2416 | F1_macro 0.6789 | WorstLoss 1.0487
[Tracker] Ep  727 | AvgR 0.0003 | Global 0.8109 | Local 0.2420 | F1_macro 0.7074 | WorstLoss 1.1153
[Tracker] Ep  728 | AvgR 0.0003 | Global 0.9108 | Local 0.2200 | F1_macro 0.7201 | WorstLoss 0.8821
[Tracker] Ep  729 | AvgR 0.0003 | Global 0.8579 | Local 0.2238 | F1_macro 0.6981 | WorstLoss 1.0130
[Tracker] Ep  730 | AvgR 0.0003 | Global 0.8767 | Local 0.2528 | F1_macro 0.6991 | WorstLoss 0.9772
[Tracker] Saved snapshot: ep0730_phase1_class1
[Tracker] Ep  731 | AvgR 0.0003 | Global 0.9038 | Local 0.2797 | F1_macro 0.7136 | WorstLoss 0.7686
[Tracker] Ep  732 | AvgR 0.0003 | Global 0.7938 | Local 0.1959 | F1_macro 0.6852 | WorstLoss 1.1117
[Tracker] Ep  733 | AvgR 0.0003 | Global 0.9228 | Local 0.2218 | F1_macro 0.7176 | WorstLoss 0.8055
[Tracker] Ep  734 | AvgR 0.0003 | Global 0.8925 | Local 0.2145 | F1_macro 0.7150 | WorstLoss 0.9261
[Tracker] Ep  735 | AvgR 0.0003 | Global 0.6635 | Local 0.2195 | F1_macro 0.6753 | WorstLoss 1.2204
[Tracker] Saved snapshot: ep0735_phase1_class1
[Tracker] Ep  736 | AvgR 0.0003 | Global 0.8827 | Local 0.2197 | F1_macro 0.7174 | WorstLoss 0.9918
[Tracker] Ep  737 | AvgR 0.0003 | Global 0.8581 | Local 0.2697 | F1_macro 0.7022 | WorstLoss 1.0038
[Tracker] Ep  738 | AvgR 0.0003 | Global 0.9279 | Local 0.2012 | F1_macro 0.7341 | WorstLoss 0.7020
[Tracker] Ep  739 | AvgR 0.0003 | Global 0.9029 | Local 0.2171 | F1_macro 0.7285 | WorstLoss 0.7859
[Tracker] Ep  740 | AvgR 0.0003 | Global 0.8865 | Local 0.2390 | F1_macro 0.6958 | WorstLoss 0.7061
[Tracker] Saved snapshot: ep0740_phase1_class1
[Tracker] Ep  741 | AvgR 0.0003 | Global 0.8694 | Local 0.2411 | F1_macro 0.6835 | WorstLoss 0.6906
[Tracker] Ep  742 | AvgR 0.0003 | Global 0.8836 | Local 0.2818 | F1_macro 0.7026 | WorstLoss 0.8621
[Tracker] Ep  743 | AvgR 0.0003 | Global 0.8672 | Local 0.2889 | F1_macro 0.6814 | WorstLoss 0.9291
[Tracker] Ep  744 | AvgR 0.0003 | Global 0.8648 | Local 0.2439 | F1_macro 0.6955 | WorstLoss 0.9896
[Tracker] Ep  745 | AvgR 0.0003 | Global 0.8078 | Local 0.2217 | F1_macro 0.7171 | WorstLoss 1.1418
[Tracker] Saved snapshot: ep0745_phase1_class1
[Tracker] Ep  746 | AvgR 0.0003 | Global 0.8934 | Local 0.2582 | F1_macro 0.7051 | WorstLoss 0.9015
[Tracker] Ep  747 | AvgR 0.0003 | Global 0.9046 | Local 0.2612 | F1_macro 0.7159 | WorstLoss 0.7151
[Tracker] Ep  748 | AvgR 0.0003 | Global 0.9154 | Local 0.1875 | F1_macro 0.7396 | WorstLoss 0.8652
[Tracker] Ep  749 | AvgR 0.0003 | Global 0.8980 | Local 0.2087 | F1_macro 0.7188 | WorstLoss 0.7772
[Tracker] Ep  750 | AvgR 0.0003 | Global 0.8887 | Local 0.2712 | F1_macro 0.6989 | WorstLoss 0.7312
[Tracker] Saved snapshot: ep0750_phase1_class1
[Tracker] Ep  751 | AvgR 0.0003 | Global 0.8740 | Local 0.2799 | F1_macro 0.7077 | WorstLoss 0.9618
[Tracker] Ep  752 | AvgR 0.0003 | Global 0.8634 | Local 0.2775 | F1_macro 0.6794 | WorstLoss 0.6724
[Tracker] Ep  753 | AvgR 0.0003 | Global 0.8494 | Local 0.2576 | F1_macro 0.6906 | WorstLoss 0.8133
[Tracker] Ep  754 | AvgR 0.0003 | Global 0.8809 | Local 0.2948 | F1_macro 0.6895 | WorstLoss 0.7280
[Tracker] Ep  755 | AvgR 0.0003 | Global 0.8782 | Local 0.2707 | F1_macro 0.7017 | WorstLoss 0.7640
[Tracker] Saved snapshot: ep0755_phase1_class1
[Tracker] Ep  756 | AvgR 0.0003 | Global 0.9123 | Local 0.1983 | F1_macro 0.7135 | WorstLoss 0.8590
[Tracker] Ep  757 | AvgR 0.0003 | Global 0.8617 | Local 0.2232 | F1_macro 0.7066 | WorstLoss 0.9941
[Tracker] Ep  758 | AvgR 0.0003 | Global 0.8768 | Local 0.3175 | F1_macro 0.7059 | WorstLoss 0.8729
[Tracker] Ep  759 | AvgR 0.0003 | Global 0.8909 | Local 0.2360 | F1_macro 0.6961 | WorstLoss 0.6973
[Tracker] Ep  760 | AvgR 0.0003 | Global 0.9136 | Local 0.1787 | F1_macro 0.7204 | WorstLoss 0.8491
[Tracker] Saved snapshot: ep0760_phase1_class1
[Tracker] Ep  761 | AvgR 0.0003 | Global 0.8819 | Local 0.2776 | F1_macro 0.7043 | WorstLoss 0.8492
[Tracker] Ep  762 | AvgR 0.0003 | Global 0.8959 | Local 0.2473 | F1_macro 0.7050 | WorstLoss 0.7174
[Tracker] Ep  763 | AvgR 0.0003 | Global 0.8898 | Local 0.1849 | F1_macro 0.7257 | WorstLoss 1.0160
[Tracker] Ep  764 | AvgR 0.0003 | Global 0.8731 | Local 0.2567 | F1_macro 0.7007 | WorstLoss 0.8288
[Tracker] Ep  765 | AvgR 0.0003 | Global 0.9225 | Local 0.2099 | F1_macro 0.7187 | WorstLoss 0.7241
[Tracker] Saved snapshot: ep0765_phase1_class1
[Tracker] Ep  766 | AvgR 0.0003 | Global 0.8626 | Local 0.3067 | F1_macro 0.6794 | WorstLoss 0.7697
[Tracker] Ep  767 | AvgR 0.0003 | Global 0.7589 | Local 0.3151 | F1_macro 0.6879 | WorstLoss 1.1488
[Tracker] Ep  768 | AvgR 0.0003 | Global 0.8914 | Local 0.2479 | F1_macro 0.6937 | WorstLoss 0.7525
[Tracker] Ep  769 | AvgR 0.0003 | Global 0.8569 | Local 0.2378 | F1_macro 0.7030 | WorstLoss 1.0245
[Tracker] Ep  770 | AvgR 0.0003 | Global 0.8522 | Local 0.2807 | F1_macro 0.7113 | WorstLoss 0.9527
[Tracker] Saved snapshot: ep0770_phase1_class1
[Tracker] Ep  771 | AvgR 0.0003 | Global 0.8735 | Local 0.2832 | F1_macro 0.6946 | WorstLoss 0.7783
[Tracker] Ep  772 | AvgR 0.0003 | Global 0.8743 | Local 0.2731 | F1_macro 0.6915 | WorstLoss 0.7493
[Tracker] Ep  773 | AvgR 0.0003 | Global 0.8664 | Local 0.2020 | F1_macro 0.7150 | WorstLoss 1.0375
[Tracker] Ep  774 | AvgR 0.0003 | Global 0.9069 | Local 0.2241 | F1_macro 0.7181 | WorstLoss 0.7464
[Tracker] Ep  775 | AvgR 0.0003 | Global 0.8969 | Local 0.2281 | F1_macro 0.7205 | WorstLoss 0.7705
[Tracker] Saved snapshot: ep0775_phase1_class1
[Tracker] Ep  776 | AvgR 0.0003 | Global 0.8498 | Local 0.2922 | F1_macro 0.6935 | WorstLoss 0.8870
[Tracker] Ep  777 | AvgR 0.0003 | Global 0.8886 | Local 0.2519 | F1_macro 0.6994 | WorstLoss 0.8352
[Tracker] Ep  778 | AvgR 0.0003 | Global 0.8124 | Local 0.2236 | F1_macro 0.7125 | WorstLoss 1.1307
[Tracker] Ep  779 | AvgR 0.0004 | Global 0.8912 | Local 0.2828 | F1_macro 0.7072 | WorstLoss 0.8024
[Tracker] Ep  780 | AvgR 0.0003 | Global 0.8828 | Local 0.1975 | F1_macro 0.7035 | WorstLoss 0.8761
[Tracker] Saved snapshot: ep0780_phase1_class1
[Tracker] Ep  781 | AvgR 0.0003 | Global 0.8660 | Local 0.3245 | F1_macro 0.6833 | WorstLoss 0.8143
[Tracker] Ep  782 | AvgR 0.0003 | Global 0.8947 | Local 0.2214 | F1_macro 0.7184 | WorstLoss 0.7389
[Tracker] Ep  783 | AvgR 0.0003 | Global 0.8890 | Local 0.2118 | F1_macro 0.7069 | WorstLoss 0.7331
[Tracker] Ep  784 | AvgR 0.0003 | Global 0.8854 | Local 0.1816 | F1_macro 0.7050 | WorstLoss 0.8689
[Tracker] Ep  785 | AvgR 0.0004 | Global 0.9187 | Local 0.2441 | F1_macro 0.7320 | WorstLoss 0.8708
[Tracker] Saved snapshot: ep0785_phase1_class1
[Tracker] Ep  786 | AvgR 0.0003 | Global 0.7067 | Local 0.2688 | F1_macro 0.6923 | WorstLoss 1.1966
[Tracker] Ep  787 | AvgR 0.0003 | Global 0.8661 | Local 0.2390 | F1_macro 0.6958 | WorstLoss 0.9529
[Tracker] Ep  788 | AvgR 0.0003 | Global 0.8892 | Local 0.2131 | F1_macro 0.7141 | WorstLoss 0.9341
[Tracker] Ep  789 | AvgR 0.0003 | Global 0.8828 | Local 0.2346 | F1_macro 0.7030 | WorstLoss 0.8304
[Tracker] Ep  790 | AvgR 0.0003 | Global 0.9165 | Local 0.1710 | F1_macro 0.7302 | WorstLoss 0.8825
[Tracker] Saved snapshot: ep0790_phase1_class1
[Tracker] Ep  791 | AvgR 0.0003 | Global 0.8204 | Local 0.2586 | F1_macro 0.6539 | WorstLoss 0.9539
[Tracker] Ep  792 | AvgR 0.0003 | Global 0.8880 | Local 0.2290 | F1_macro 0.7102 | WorstLoss 0.8087
[Tracker] Ep  793 | AvgR 0.0003 | Global 0.8649 | Local 0.2768 | F1_macro 0.6829 | WorstLoss 0.7787
[Tracker] Ep  794 | AvgR 0.0003 | Global 0.8707 | Local 0.2310 | F1_macro 0.7064 | WorstLoss 0.9688
[Tracker] Ep  795 | AvgR 0.0002 | Global 0.4680 | Local 0.2541 | F1_macro 0.6903 | WorstLoss 1.3301
[Tracker] Saved snapshot: ep0795_phase1_class1
[Tracker] Ep  796 | AvgR 0.0003 | Global 0.8762 | Local 0.2708 | F1_macro 0.6990 | WorstLoss 0.8214
[Tracker] Ep  797 | AvgR 0.0003 | Global 0.8713 | Local 0.2507 | F1_macro 0.6970 | WorstLoss 0.8967
[Tracker] Ep  798 | AvgR 0.0003 | Global 0.8767 | Local 0.2721 | F1_macro 0.7008 | WorstLoss 0.8110
[Tracker] Ep  799 | AvgR 0.0002 | Global 0.3579 | Local 0.2448 | F1_macro 0.7110 | WorstLoss 1.3793
[Tracker] Ep  800 | AvgR 0.0003 | Global 0.8860 | Local 0.2221 | F1_macro 0.7038 | WorstLoss 0.9064
[Tracker] Saved snapshot: ep0800_phase1_class1
[Phase] Finished phase1_class1 | best global_obj=0.9667
Phase 2 anchors: 1384 (y=0 & disadv=1)
FFNN Using device: cuda:0

============================================================
[Phase] Starting phase2_class0 | target_class=0 | episodes=200
============================================================
[Tracker] Ep    1 | AvgR 0.0002 | Global 0.9359 | Local 0.0504 | F1_macro 0.7639 | WorstLoss 1.0541
[Tracker] New BEST synthetic [phase2_class0] (by global.global_obj: 0.935903) saved.
[Tracker] BEST β weights [phase2_class0] saved -> training_runs/SPECv14_census_dvrl_twophase_3seeds_EP800_PCA10_REWfairness_minID1_majID0_TRJ2000_REAL3000_GG202603162050_d61bc7e3/seed_42/best_beta_state_dict_phase2_class0.pt
[Tracker] Ep    2 | AvgR 0.0002 | Global 0.9222 | Local 0.0447 | F1_macro 0.7759 | WorstLoss 1.0832
[Tracker] Ep    3 | AvgR 0.0001 | Global 0.9125 | Local 0.0223 | F1_macro 0.7677 | WorstLoss 1.1000
[Tracker] Ep    4 | AvgR 0.0002 | Global 0.9614 | Local 0.0061 | F1_macro 0.7774 | WorstLoss 1.0119
[Tracker] New BEST synthetic [phase2_class0] (by global.global_obj: 0.961434) saved.
[Tracker] BEST β weights [phase2_class0] saved -> training_runs/SPECv14_census_dvrl_twophase_3seeds_EP800_PCA10_REWfairness_minID1_majID0_TRJ2000_REAL3000_GG202603162050_d61bc7e3/seed_42/best_beta_state_dict_phase2_class0.pt
[Tracker] Ep    5 | AvgR 0.0002 | Global 0.8773 | Local 0.0415 | F1_macro 0.7640 | WorstLoss 1.1367
[Tracker] Saved snapshot: ep0005_phase2_class0
[Tracker] Ep    6 | AvgR 0.0002 | Global 0.9174 | Local 0.0301 | F1_macro 0.7822 | WorstLoss 1.0980
[Tracker] Ep    7 | AvgR 0.0002 | Global 0.9344 | Local 0.0373 | F1_macro 0.7521 | WorstLoss 1.0536
[Tracker] Ep    8 | AvgR 0.0001 | Global 0.6064 | Local 0.0396 | F1_macro 0.7535 | WorstLoss 1.2972
[Tracker] Ep    9 | AvgR 0.0001 | Global 0.7896 | Local 0.0594 | F1_macro 0.7704 | WorstLoss 1.2065
[Tracker] Ep   10 | AvgR 0.0002 | Global 0.8098 | Local 0.0963 | F1_macro 0.7396 | WorstLoss 1.1878
[Tracker] Saved snapshot: ep0010_phase2_class0
[Tracker] Ep   11 | AvgR 0.0001 | Global 0.6484 | Local 0.1037 | F1_macro 0.7678 | WorstLoss 1.2789
[Tracker] Ep   12 | AvgR 0.0002 | Global 0.9198 | Local 0.0476 | F1_macro 0.7709 | WorstLoss 1.0823
[Tracker] Ep   13 | AvgR 0.0002 | Global 0.9143 | Local 0.0438 | F1_macro 0.7717 | WorstLoss 1.0984
[Tracker] Ep   14 | AvgR 0.0002 | Global 0.8846 | Local 0.0592 | F1_macro 0.7658 | WorstLoss 1.1332
[Tracker] Ep   15 | AvgR 0.0002 | Global 0.9270 | Local 0.0407 | F1_macro 0.7720 | WorstLoss 1.0766
[Tracker] Saved snapshot: ep0015_phase2_class0
[Tracker] Ep   16 | AvgR 0.0002 | Global 0.7823 | Local 0.0743 | F1_macro 0.7449 | WorstLoss 1.2064
[Tracker] Ep   17 | AvgR 0.0002 | Global 0.9417 | Local 0.0319 | F1_macro 0.7727 | WorstLoss 1.0454
[Tracker] Ep   18 | AvgR 0.0002 | Global 0.9321 | Local 0.0479 | F1_macro 0.7781 | WorstLoss 1.0676
[Tracker] Ep   19 | AvgR 0.0002 | Global 0.9389 | Local 0.0424 | F1_macro 0.7790 | WorstLoss 1.0523
[Tracker] Ep   20 | AvgR 0.0002 | Global 0.8366 | Local 0.0804 | F1_macro 0.7532 | WorstLoss 1.1739
[Tracker] Saved snapshot: ep0020_phase2_class0
[Tracker] Ep   21 | AvgR 0.0002 | Global 0.8609 | Local 0.0315 | F1_macro 0.7461 | WorstLoss 1.1489
[Tracker] Ep   22 | AvgR 0.0002 | Global 0.8145 | Local 0.0469 | F1_macro 0.7593 | WorstLoss 1.1900
[Tracker] Ep   23 | AvgR 0.0002 | Global 0.8887 | Local 0.1271 | F1_macro 0.7688 | WorstLoss 1.1259
[Tracker] Ep   24 | AvgR 0.0002 | Global 0.8531 | Local 0.0755 | F1_macro 0.7620 | WorstLoss 1.1580
[Tracker] Ep   25 | AvgR 0.0002 | Global 0.9217 | Local 0.0450 | F1_macro 0.7717 | WorstLoss 1.0867
[Tracker] Saved snapshot: ep0025_phase2_class0
[Tracker] Ep   26 | AvgR 0.0002 | Global 0.9678 | Local 0.0441 | F1_macro 0.7795 | WorstLoss 0.9809
[Tracker] New BEST synthetic [phase2_class0] (by global.global_obj: 0.967804) saved.
[Tracker] BEST β weights [phase2_class0] saved -> training_runs/SPECv14_census_dvrl_twophase_3seeds_EP800_PCA10_REWfairness_minID1_majID0_TRJ2000_REAL3000_GG202603162050_d61bc7e3/seed_42/best_beta_state_dict_phase2_class0.pt
[Tracker] Ep   27 | AvgR 0.0002 | Global 0.9355 | Local 0.0794 | F1_macro 0.7656 | WorstLoss 1.0542
[Tracker] Ep   28 | AvgR 0.0002 | Global 0.8811 | Local 0.0668 | F1_macro 0.7610 | WorstLoss 1.1310
[Tracker] Ep   29 | AvgR 0.0002 | Global 0.8550 | Local 0.0696 | F1_macro 0.7589 | WorstLoss 1.1579
[Tracker] Ep   30 | AvgR 0.0002 | Global 0.9544 | Local 0.0555 | F1_macro 0.7726 | WorstLoss 1.0183
[Tracker] Saved snapshot: ep0030_phase2_class0
[Tracker] Ep   31 | AvgR 0.0002 | Global 0.8679 | Local 0.0593 | F1_macro 0.7668 | WorstLoss 1.1459
[Tracker] Ep   32 | AvgR 0.0002 | Global 0.9164 | Local 0.0579 | F1_macro 0.7678 | WorstLoss 1.0927
[Tracker] Ep   33 | AvgR 0.0002 | Global 0.8334 | Local 0.0360 | F1_macro 0.7526 | WorstLoss 1.1741
[Tracker] Ep   34 | AvgR 0.0002 | Global 0.9181 | Local 0.0531 | F1_macro 0.7751 | WorstLoss 1.0903
[Tracker] Ep   35 | AvgR 0.0002 | Global 0.9118 | Local 0.0566 | F1_macro 0.7675 | WorstLoss 1.0964
[Tracker] Saved snapshot: ep0035_phase2_class0
[Tracker] Ep   36 | AvgR 0.0002 | Global 0.9105 | Local 0.0489 | F1_macro 0.7720 | WorstLoss 1.0899
[Tracker] Ep   37 | AvgR 0.0001 | Global 0.6842 | Local 0.0512 | F1_macro 0.7613 | WorstLoss 1.2617
[Tracker] Ep   38 | AvgR 0.0002 | Global 0.8966 | Local 0.0864 | F1_macro 0.7552 | WorstLoss 1.1081
[Tracker] Ep   39 | AvgR 0.0002 | Global 0.8881 | Local 0.0674 | F1_macro 0.7578 | WorstLoss 1.1240
[Tracker] Ep   40 | AvgR 0.0001 | Global 0.6508 | Local 0.0675 | F1_macro 0.7514 | WorstLoss 1.2781
[Tracker] Saved snapshot: ep0040_phase2_class0
[Tracker] Ep   41 | AvgR 0.0002 | Global 0.9439 | Local 0.0486 | F1_macro 0.7692 | WorstLoss 1.0368
[Tracker] Ep   42 | AvgR 0.0002 | Global 0.8534 | Local 0.0470 | F1_macro 0.7558 | WorstLoss 1.1593
[Tracker] Ep   43 | AvgR 0.0002 | Global 0.9564 | Local 0.0909 | F1_macro 0.7687 | WorstLoss 1.0072
[Tracker] Ep   44 | AvgR 0.0002 | Global 0.8512 | Local 0.0723 | F1_macro 0.7669 | WorstLoss 1.1612
[Tracker] Ep   45 | AvgR 0.0002 | Global 0.7691 | Local 0.0633 | F1_macro 0.7619 | WorstLoss 1.2180
[Tracker] Saved snapshot: ep0045_phase2_class0
[Tracker] Ep   46 | AvgR 0.0002 | Global 0.8406 | Local 0.0603 | F1_macro 0.7494 | WorstLoss 1.1651
[Tracker] Ep   47 | AvgR 0.0002 | Global 0.8501 | Local 0.0654 | F1_macro 0.7661 | WorstLoss 1.1610
[Tracker] Ep   48 | AvgR 0.0002 | Global 0.8712 | Local 0.0767 | F1_macro 0.7604 | WorstLoss 1.1393
[Tracker] Ep   49 | AvgR 0.0002 | Global 0.9490 | Local 0.0803 | F1_macro 0.7709 | WorstLoss 1.0219
[Tracker] Ep   50 | AvgR 0.0002 | Global 0.7001 | Local 0.0510 | F1_macro 0.7567 | WorstLoss 1.2539
[Tracker] Saved snapshot: ep0050_phase2_class0
[Tracker] Ep   51 | AvgR 0.0002 | Global 0.8863 | Local 0.0408 | F1_macro 0.7570 | WorstLoss 1.1268
[Tracker] Ep   52 | AvgR 0.0002 | Global 0.9291 | Local 0.0530 | F1_macro 0.7685 | WorstLoss 1.0684
[Tracker] Ep   53 | AvgR 0.0002 | Global 0.9120 | Local 0.0803 | F1_macro 0.7660 | WorstLoss 1.0950
[Tracker] Ep   54 | AvgR 0.0002 | Global 0.9395 | Local 0.0603 | F1_macro 0.7679 | WorstLoss 1.0459
[Tracker] Ep   55 | AvgR 0.0002 | Global 0.7178 | Local 0.0538 | F1_macro 0.7433 | WorstLoss 1.2435
[Tracker] Saved snapshot: ep0055_phase2_class0
[Tracker] Ep   56 | AvgR 0.0002 | Global 0.9069 | Local 0.0722 | F1_macro 0.7661 | WorstLoss 1.1017
[Tracker] Ep   57 | AvgR 0.0002 | Global 0.8193 | Local 0.0463 | F1_macro 0.7577 | WorstLoss 1.1856
[Tracker] Ep   58 | AvgR 0.0002 | Global 0.8043 | Local 0.0460 | F1_macro 0.7496 | WorstLoss 1.1967
[Tracker] Ep   59 | AvgR 0.0002 | Global 0.8299 | Local 0.0772 | F1_macro 0.7641 | WorstLoss 1.1785
[Tracker] Ep   60 | AvgR 0.0002 | Global 0.8808 | Local 0.0629 | F1_macro 0.7591 | WorstLoss 1.1289
[Tracker] Saved snapshot: ep0060_phase2_class0
[Tracker] Ep   61 | AvgR 0.0002 | Global 0.8252 | Local 0.0671 | F1_macro 0.7749 | WorstLoss 1.1822
[Tracker] Ep   62 | AvgR 0.0002 | Global 0.8994 | Local 0.0532 | F1_macro 0.7618 | WorstLoss 1.1042
[Tracker] Ep   63 | AvgR 0.0002 | Global 0.8900 | Local 0.0488 | F1_macro 0.7758 | WorstLoss 1.1281
[Tracker] Ep   64 | AvgR 0.0002 | Global 0.9379 | Local 0.1010 | F1_macro 0.7718 | WorstLoss 1.0531
[Tracker] Ep   65 | AvgR 0.0002 | Global 0.8459 | Local 0.0915 | F1_macro 0.7578 | WorstLoss 1.1564
[Tracker] Saved snapshot: ep0065_phase2_class0
[Tracker] Ep   66 | AvgR 0.0002 | Global 0.8878 | Local 0.0679 | F1_macro 0.7631 | WorstLoss 1.1219
[Tracker] Ep   67 | AvgR 0.0002 | Global 0.9331 | Local 0.0486 | F1_macro 0.7674 | WorstLoss 1.0598
[Tracker] Ep   68 | AvgR 0.0002 | Global 0.9605 | Local 0.0482 | F1_macro 0.7625 | WorstLoss 0.9692
[Tracker] Ep   69 | AvgR 0.0002 | Global 0.8959 | Local 0.0428 | F1_macro 0.7646 | WorstLoss 1.1113
[Tracker] Ep   70 | AvgR 0.0002 | Global 0.8813 | Local 0.0694 | F1_macro 0.7599 | WorstLoss 1.1327
[Tracker] Saved snapshot: ep0070_phase2_class0
[Tracker] Ep   71 | AvgR 0.0002 | Global 0.9201 | Local 0.0779 | F1_macro 0.7630 | WorstLoss 1.0816
[Tracker] Ep   72 | AvgR 0.0002 | Global 0.8065 | Local 0.0513 | F1_macro 0.7519 | WorstLoss 1.1915
[Tracker] Ep   73 | AvgR 0.0002 | Global 0.9485 | Local 0.0667 | F1_macro 0.7660 | WorstLoss 1.0227
[Tracker] Ep   74 | AvgR 0.0002 | Global 0.8930 | Local 0.0737 | F1_macro 0.7653 | WorstLoss 1.1142
[Tracker] Ep   75 | AvgR 0.0002 | Global 0.8613 | Local 0.0649 | F1_macro 0.7528 | WorstLoss 1.1468
[Tracker] Saved snapshot: ep0075_phase2_class0
[Tracker] Ep   76 | AvgR 0.0002 | Global 0.9515 | Local 0.0527 | F1_macro 0.7642 | WorstLoss 0.9924
[Tracker] Ep   77 | AvgR 0.0002 | Global 0.8276 | Local 0.0495 | F1_macro 0.7507 | WorstLoss 1.1777
[Tracker] Ep   78 | AvgR 0.0002 | Global 0.7796 | Local 0.0719 | F1_macro 0.7607 | WorstLoss 1.2093
[Tracker] Ep   79 | AvgR 0.0002 | Global 0.9282 | Local 0.0909 | F1_macro 0.7617 | WorstLoss 1.0646
[Tracker] Ep   80 | AvgR 0.0002 | Global 0.8800 | Local 0.0880 | F1_macro 0.7717 | WorstLoss 1.1313
[Tracker] Saved snapshot: ep0080_phase2_class0
[Tracker] Ep   81 | AvgR 0.0002 | Global 0.6375 | Local 0.0559 | F1_macro 0.7520 | WorstLoss 1.2831
[Tracker] Ep   82 | AvgR 0.0002 | Global 0.8309 | Local 0.0512 | F1_macro 0.7500 | WorstLoss 1.1765
[Tracker] Ep   83 | AvgR 0.0002 | Global 0.8648 | Local 0.0832 | F1_macro 0.7733 | WorstLoss 1.1475
[Tracker] Ep   84 | AvgR 0.0002 | Global 0.7257 | Local 0.0594 | F1_macro 0.7552 | WorstLoss 1.2409
[Tracker] Ep   85 | AvgR 0.0002 | Global 0.5915 | Local 0.0499 | F1_macro 0.7437 | WorstLoss 1.3032
[Tracker] Saved snapshot: ep0085_phase2_class0
[Tracker] Ep   86 | AvgR 0.0002 | Global 0.8576 | Local 0.0792 | F1_macro 0.7673 | WorstLoss 1.1535
[Tracker] Ep   87 | AvgR 0.0002 | Global 0.5989 | Local 0.0585 | F1_macro 0.7366 | WorstLoss 1.3000
[Tracker] Ep   88 | AvgR 0.0002 | Global 0.8271 | Local 0.0808 | F1_macro 0.7627 | WorstLoss 1.1783
[Tracker] Ep   89 | AvgR 0.0002 | Global 0.8891 | Local 0.0335 | F1_macro 0.7641 | WorstLoss 1.1241
[Tracker] Ep   90 | AvgR 0.0002 | Global 0.9572 | Local 0.0772 | F1_macro 0.7748 | WorstLoss 0.9941
[Tracker] Saved snapshot: ep0090_phase2_class0
[Tracker] Ep   91 | AvgR 0.0002 | Global 0.8163 | Local 0.0792 | F1_macro 0.7522 | WorstLoss 1.1835
[Tracker] Ep   92 | AvgR 0.0002 | Global 0.8997 | Local 0.0739 | F1_macro 0.7700 | WorstLoss 1.1108
[Tracker] Ep   93 | AvgR 0.0003 | Global 0.9129 | Local 0.1129 | F1_macro 0.7600 | WorstLoss 1.0777
[Tracker] Ep   94 | AvgR 0.0002 | Global 0.8896 | Local 0.0615 | F1_macro 0.7634 | WorstLoss 1.1253
[Tracker] Ep   95 | AvgR 0.0002 | Global 0.8324 | Local 0.0625 | F1_macro 0.7588 | WorstLoss 1.1739
[Tracker] Saved snapshot: ep0095_phase2_class0
[Tracker] Ep   96 | AvgR 0.0002 | Global 0.9424 | Local 0.0697 | F1_macro 0.7735 | WorstLoss 1.0302
[Tracker] Ep   97 | AvgR 0.0002 | Global 0.7535 | Local 0.1002 | F1_macro 0.7447 | WorstLoss 1.2246
[Tracker] Ep   98 | AvgR 0.0002 | Global 0.8928 | Local 0.0644 | F1_macro 0.7739 | WorstLoss 1.1232
[Tracker] Ep   99 | AvgR 0.0002 | Global 0.7849 | Local 0.0622 | F1_macro 0.7719 | WorstLoss 1.2098
[Tracker] Ep  100 | AvgR 0.0002 | Global 0.8711 | Local 0.0830 | F1_macro 0.7501 | WorstLoss 1.1358
[Tracker] Saved snapshot: ep0100_phase2_class0
[Tracker] Ep  101 | AvgR 0.0002 | Global 0.9201 | Local 0.0725 | F1_macro 0.7788 | WorstLoss 1.0824
[Tracker] Ep  102 | AvgR 0.0002 | Global 0.7918 | Local 0.0565 | F1_macro 0.7531 | WorstLoss 1.1993
[Tracker] Ep  103 | AvgR 0.0002 | Global 0.8370 | Local 0.0525 | F1_macro 0.7581 | WorstLoss 1.1714
[Tracker] Ep  104 | AvgR 0.0002 | Global 0.8847 | Local 0.0450 | F1_macro 0.7721 | WorstLoss 1.1290
[Tracker] Ep  105 | AvgR 0.0002 | Global 0.8621 | Local 0.0964 | F1_macro 0.7614 | WorstLoss 1.1469
[Tracker] Saved snapshot: ep0105_phase2_class0
[Tracker] Ep  106 | AvgR 0.0002 | Global 0.5714 | Local 0.0916 | F1_macro 0.7587 | WorstLoss 1.3116
[Tracker] Ep  107 | AvgR 0.0003 | Global 0.9255 | Local 0.0655 | F1_macro 0.7707 | WorstLoss 1.0723
[Tracker] Ep  108 | AvgR 0.0002 | Global 0.8336 | Local 0.0410 | F1_macro 0.7521 | WorstLoss 1.1730
[Tracker] Ep  109 | AvgR 0.0002 | Global 0.8868 | Local 0.0595 | F1_macro 0.7651 | WorstLoss 1.1231
[Tracker] Ep  110 | AvgR 0.0002 | Global 0.6397 | Local 0.0846 | F1_macro 0.7676 | WorstLoss 1.2827
[Tracker] Saved snapshot: ep0110_phase2_class0
[Tracker] Ep  111 | AvgR 0.0002 | Global 0.8630 | Local 0.1012 | F1_macro 0.7630 | WorstLoss 1.1455
[Tracker] Ep  112 | AvgR 0.0002 | Global 0.6940 | Local 0.0738 | F1_macro 0.7580 | WorstLoss 1.2561
[Tracker] Ep  113 | AvgR 0.0002 | Global 0.7319 | Local 0.0866 | F1_macro 0.7642 | WorstLoss 1.2368
[Tracker] Ep  114 | AvgR 0.0002 | Global 0.8556 | Local 0.0684 | F1_macro 0.7521 | WorstLoss 1.1553
[Tracker] Ep  115 | AvgR 0.0002 | Global 0.7989 | Local 0.0571 | F1_macro 0.7511 | WorstLoss 1.1990
[Tracker] Saved snapshot: ep0115_phase2_class0
[Tracker] Ep  116 | AvgR 0.0002 | Global 0.8593 | Local 0.0619 | F1_macro 0.7683 | WorstLoss 1.1536
[Tracker] Ep  117 | AvgR 0.0003 | Global 0.9235 | Local 0.0502 | F1_macro 0.7748 | WorstLoss 1.0742
[Tracker] Ep  118 | AvgR 0.0002 | Global 0.6993 | Local 0.0637 | F1_macro 0.7478 | WorstLoss 1.2525
[Tracker] Ep  119 | AvgR 0.0003 | Global 0.9059 | Local 0.0766 | F1_macro 0.7670 | WorstLoss 1.1017
[Tracker] Ep  120 | AvgR 0.0003 | Global 0.8613 | Local 0.0947 | F1_macro 0.7659 | WorstLoss 1.1509
[Tracker] Saved snapshot: ep0120_phase2_class0
[Tracker] Ep  121 | AvgR 0.0002 | Global 0.8201 | Local 0.0754 | F1_macro 0.7618 | WorstLoss 1.1831
[Tracker] Ep  122 | AvgR 0.0002 | Global 0.7273 | Local 0.0810 | F1_macro 0.7583 | WorstLoss 1.2411
[Tracker] Ep  123 | AvgR 0.0003 | Global 0.9341 | Local 0.0665 | F1_macro 0.7639 | WorstLoss 1.0496
[Tracker] Ep  124 | AvgR 0.0002 | Global 0.8427 | Local 0.0825 | F1_macro 0.7543 | WorstLoss 1.1629
[Tracker] Ep  125 | AvgR 0.0003 | Global 0.9145 | Local 0.0784 | F1_macro 0.7574 | WorstLoss 1.0796
[Tracker] Saved snapshot: ep0125_phase2_class0
[Tracker] Ep  126 | AvgR 0.0002 | Global 0.7848 | Local 0.0840 | F1_macro 0.7665 | WorstLoss 1.2073
[Tracker] Ep  127 | AvgR 0.0002 | Global 0.7920 | Local 0.0639 | F1_macro 0.7644 | WorstLoss 1.2014
[Tracker] Ep  128 | AvgR 0.0002 | Global 0.7881 | Local 0.0838 | F1_macro 0.7578 | WorstLoss 1.2027
[Tracker] Ep  129 | AvgR 0.0003 | Global 0.8755 | Local 0.0545 | F1_macro 0.7522 | WorstLoss 1.1347
[Tracker] Ep  130 | AvgR 0.0003 | Global 0.8487 | Local 0.0845 | F1_macro 0.7702 | WorstLoss 1.1633
[Tracker] Saved snapshot: ep0130_phase2_class0
[Tracker] Ep  131 | AvgR 0.0002 | Global 0.8156 | Local 0.0658 | F1_macro 0.7659 | WorstLoss 1.1886
[Tracker] Ep  132 | AvgR 0.0002 | Global 0.7978 | Local 0.0556 | F1_macro 0.7502 | WorstLoss 1.1978
[Tracker] Ep  133 | AvgR 0.0002 | Global 0.7471 | Local 0.0551 | F1_macro 0.7651 | WorstLoss 1.2294
[Tracker] Ep  134 | AvgR 0.0003 | Global 0.8544 | Local 0.1095 | F1_macro 0.7542 | WorstLoss 1.1545
[Tracker] Ep  135 | AvgR 0.0003 | Global 0.8728 | Local 0.0793 | F1_macro 0.7639 | WorstLoss 1.1402
[Tracker] Saved snapshot: ep0135_phase2_class0
[Tracker] Ep  136 | AvgR 0.0003 | Global 0.8754 | Local 0.0700 | F1_macro 0.7638 | WorstLoss 1.1341
[Tracker] Ep  137 | AvgR 0.0003 | Global 0.8856 | Local 0.0645 | F1_macro 0.7600 | WorstLoss 1.1271
[Tracker] Ep  138 | AvgR 0.0002 | Global 0.7854 | Local 0.0585 | F1_macro 0.7731 | WorstLoss 1.2084
[Tracker] Ep  139 | AvgR 0.0003 | Global 0.8256 | Local 0.0598 | F1_macro 0.7534 | WorstLoss 1.1771
[Tracker] Ep  140 | AvgR 0.0003 | Global 0.8251 | Local 0.0621 | F1_macro 0.7548 | WorstLoss 1.1798
[Tracker] Saved snapshot: ep0140_phase2_class0
[Tracker] Ep  141 | AvgR 0.0003 | Global 0.8081 | Local 0.1080 | F1_macro 0.7620 | WorstLoss 1.1917
[Tracker] Ep  142 | AvgR 0.0003 | Global 0.8284 | Local 0.0703 | F1_macro 0.7564 | WorstLoss 1.1763
[Tracker] Ep  143 | AvgR 0.0002 | Global 0.8005 | Local 0.0624 | F1_macro 0.7649 | WorstLoss 1.1975
[Tracker] Ep  144 | AvgR 0.0003 | Global 0.8713 | Local 0.0725 | F1_macro 0.7552 | WorstLoss 1.1349
[Tracker] Ep  145 | AvgR 0.0003 | Global 0.9596 | Local 0.0792 | F1_macro 0.7754 | WorstLoss 0.9882
[Tracker] Saved snapshot: ep0145_phase2_class0
[Tracker] Ep  146 | AvgR 0.0003 | Global 0.8913 | Local 0.0810 | F1_macro 0.7685 | WorstLoss 1.1220
[Tracker] Ep  147 | AvgR 0.0003 | Global 0.8960 | Local 0.0780 | F1_macro 0.7653 | WorstLoss 1.1160
[Tracker] Ep  148 | AvgR 0.0003 | Global 0.8925 | Local 0.0808 | F1_macro 0.7664 | WorstLoss 1.1201
[Tracker] Ep  149 | AvgR 0.0003 | Global 0.9190 | Local 0.0689 | F1_macro 0.7626 | WorstLoss 1.0808
[Tracker] Ep  150 | AvgR 0.0003 | Global 0.8699 | Local 0.0823 | F1_macro 0.7619 | WorstLoss 1.1388
[Tracker] Saved snapshot: ep0150_phase2_class0
[Tracker] Ep  151 | AvgR 0.0003 | Global 0.8252 | Local 0.0688 | F1_macro 0.7644 | WorstLoss 1.1806
[Tracker] Ep  152 | AvgR 0.0003 | Global 0.7857 | Local 0.0672 | F1_macro 0.7595 | WorstLoss 1.2082
[Tracker] Ep  153 | AvgR 0.0003 | Global 0.8669 | Local 0.0770 | F1_macro 0.7718 | WorstLoss 1.1472
[Tracker] Ep  154 | AvgR 0.0003 | Global 0.8383 | Local 0.0559 | F1_macro 0.7613 | WorstLoss 1.1651
[Tracker] Ep  155 | AvgR 0.0003 | Global 0.9130 | Local 0.0555 | F1_macro 0.7707 | WorstLoss 1.0985
[Tracker] Saved snapshot: ep0155_phase2_class0
[Tracker] Ep  156 | AvgR 0.0003 | Global 0.9043 | Local 0.1221 | F1_macro 0.7599 | WorstLoss 1.0921
[Tracker] Ep  157 | AvgR 0.0003 | Global 0.8483 | Local 0.0711 | F1_macro 0.7745 | WorstLoss 1.1658
[Tracker] Ep  158 | AvgR 0.0003 | Global 0.9006 | Local 0.0770 | F1_macro 0.7487 | WorstLoss 1.0962
[Tracker] Ep  159 | AvgR 0.0003 | Global 0.8510 | Local 0.0698 | F1_macro 0.7607 | WorstLoss 1.1612
[Tracker] Ep  160 | AvgR 0.0002 | Global 0.7052 | Local 0.0875 | F1_macro 0.7491 | WorstLoss 1.2493
[Tracker] Saved snapshot: ep0160_phase2_class0
[Tracker] Ep  161 | AvgR 0.0003 | Global 0.9089 | Local 0.3311 | F1_macro 0.7425 | WorstLoss 1.0739
[Tracker] Ep  162 | AvgR 0.0003 | Global 0.8635 | Local 0.2124 | F1_macro 0.7656 | WorstLoss 1.1442
[Tracker] Ep  163 | AvgR 0.0003 | Global 0.7478 | Local 0.2157 | F1_macro 0.7444 | WorstLoss 1.2200
[Tracker] Ep  164 | AvgR 0.0004 | Global 0.8948 | Local 0.4708 | F1_macro 0.7504 | WorstLoss 1.1027
[Tracker] Ep  165 | AvgR 0.0004 | Global 0.9328 | Local 0.3360 | F1_macro 0.7515 | WorstLoss 1.0209
[Tracker] Saved snapshot: ep0165_phase2_class0
[Tracker] Ep  166 | AvgR 0.0003 | Global 0.6639 | Local 0.3999 | F1_macro 0.7297 | WorstLoss 1.2638
[Tracker] Ep  167 | AvgR 0.0003 | Global 0.6496 | Local 0.2987 | F1_macro 0.7205 | WorstLoss 1.2718
[Tracker] Ep  168 | AvgR 0.0003 | Global 0.8768 | Local 0.2700 | F1_macro 0.7458 | WorstLoss 1.1308
[Tracker] Ep  169 | AvgR 0.0004 | Global 0.8894 | Local 0.5024 | F1_macro 0.7422 | WorstLoss 1.1033
[Tracker] Ep  170 | AvgR 0.0004 | Global 0.9121 | Local 0.3860 | F1_macro 0.7448 | WorstLoss 1.0758
[Tracker] Saved snapshot: ep0170_phase2_class0
[Tracker] Ep  171 | AvgR 0.0004 | Global 0.9169 | Local 0.3714 | F1_macro 0.7442 | WorstLoss 1.0416
[Tracker] Ep  172 | AvgR 0.0003 | Global 0.9065 | Local 0.2604 | F1_macro 0.7231 | WorstLoss 1.0835
[Tracker] Ep  173 | AvgR 0.0003 | Global 0.8253 | Local 0.3038 | F1_macro 0.7304 | WorstLoss 1.1757
[Tracker] Ep  174 | AvgR 0.0003 | Global 0.8059 | Local 0.3869 | F1_macro 0.7391 | WorstLoss 1.1835
[Tracker] Ep  175 | AvgR 0.0003 | Global 0.8658 | Local 0.2513 | F1_macro 0.7287 | WorstLoss 1.1300
[Tracker] Saved snapshot: ep0175_phase2_class0
[Tracker] Ep  176 | AvgR 0.0003 | Global 0.8142 | Local 0.3002 | F1_macro 0.7445 | WorstLoss 1.1818
[Tracker] Ep  177 | AvgR 0.0003 | Global 0.8624 | Local 0.2772 | F1_macro 0.7424 | WorstLoss 1.1370
[Tracker] Ep  178 | AvgR 0.0003 | Global 0.8595 | Local 0.3324 | F1_macro 0.7436 | WorstLoss 1.1383
[Tracker] Ep  179 | AvgR 0.0004 | Global 0.9436 | Local 0.3843 | F1_macro 0.7390 | WorstLoss 1.0125
[Tracker] Ep  180 | AvgR 0.0003 | Global 0.8344 | Local 0.3324 | F1_macro 0.7431 | WorstLoss 1.1697
[Tracker] Saved snapshot: ep0180_phase2_class0
[Tracker] Ep  181 | AvgR 0.0003 | Global 0.7784 | Local 0.3862 | F1_macro 0.6995 | WorstLoss 1.1988
[Tracker] Ep  182 | AvgR 0.0004 | Global 0.8684 | Local 0.3706 | F1_macro 0.7482 | WorstLoss 1.1446
[Tracker] Ep  183 | AvgR 0.0004 | Global 0.8842 | Local 0.4516 | F1_macro 0.7291 | WorstLoss 1.0998
[Tracker] Ep  184 | AvgR 0.0004 | Global 0.8627 | Local 0.4025 | F1_macro 0.7344 | WorstLoss 1.1361
[Tracker] Ep  185 | AvgR 0.0004 | Global 0.8910 | Local 0.3220 | F1_macro 0.7304 | WorstLoss 1.1010
[Tracker] Saved snapshot: ep0185_phase2_class0
[Tracker] Ep  186 | AvgR 0.0003 | Global 0.8076 | Local 0.3449 | F1_macro 0.7246 | WorstLoss 1.1832
[Tracker] Ep  187 | AvgR 0.0004 | Global 0.9097 | Local 0.3963 | F1_macro 0.7378 | WorstLoss 1.0772
[Tracker] Ep  188 | AvgR 0.0004 | Global 0.9318 | Local 0.3884 | F1_macro 0.7446 | WorstLoss 1.0239
[Tracker] Ep  189 | AvgR 0.0004 | Global 0.9265 | Local 0.2686 | F1_macro 0.7457 | WorstLoss 1.0311
[Tracker] Ep  190 | AvgR 0.0004 | Global 0.9136 | Local 0.3271 | F1_macro 0.7379 | WorstLoss 1.0764
[Tracker] Saved snapshot: ep0190_phase2_class0
[Tracker] Ep  191 | AvgR 0.0003 | Global 0.8289 | Local 0.3024 | F1_macro 0.7336 | WorstLoss 1.1639
[Tracker] Ep  192 | AvgR 0.0003 | Global 0.7579 | Local 0.3619 | F1_macro 0.7369 | WorstLoss 1.2184
[Tracker] Ep  193 | AvgR 0.0004 | Global 0.8895 | Local 0.3973 | F1_macro 0.7429 | WorstLoss 1.0996
[Tracker] Ep  194 | AvgR 0.0004 | Global 0.9119 | Local 0.3200 | F1_macro 0.7451 | WorstLoss 1.0751
[Tracker] Ep  195 | AvgR 0.0003 | Global 0.8470 | Local 0.3153 | F1_macro 0.7282 | WorstLoss 1.1438
[Tracker] Saved snapshot: ep0195_phase2_class0
[Tracker] Ep  196 | AvgR 0.0003 | Global 0.8453 | Local 0.3259 | F1_macro 0.7573 | WorstLoss 1.1604
[Tracker] Ep  197 | AvgR 0.0003 | Global 0.8096 | Local 0.2952 | F1_macro 0.7470 | WorstLoss 1.1866
[Tracker] Ep  198 | AvgR 0.0003 | Global 0.6856 | Local 0.3405 | F1_macro 0.7289 | WorstLoss 1.2564
[Tracker] Ep  199 | AvgR 0.0004 | Global 0.8572 | Local 0.3827 | F1_macro 0.7358 | WorstLoss 1.1377
[Tracker] Ep  200 | AvgR 0.0004 | Global 0.9255 | Local 0.2394 | F1_macro 0.7436 | WorstLoss 1.0369
[Tracker] Saved snapshot: ep0200_phase2_class0
[Phase] Finished phase2_class0 | best global_obj=0.9678
FFNN Using device: cuda:0
[Combined] Saved combined beta -> training_runs/SPECv14_census_dvrl_twophase_3seeds_EP800_PCA10_REWfairness_minID1_majID0_TRJ2000_REAL3000_GG202603162050_d61bc7e3/seed_42/best_beta_state_dict.pt
[Combined] Saved combined synthetic -> training_runs/SPECv14_census_dvrl_twophase_3seeds_EP800_PCA10_REWfairness_minID1_majID0_TRJ2000_REAL3000_GG202603162050_d61bc7e3/seed_42/best_synthetic_combined.npz
FFNN Using device: cuda:0
[TestSuite] Loaded best β weights from: training_runs/SPECv14_census_dvrl_twophase_3seeds_EP800_PCA10_REWfairness_minID1_majID0_TRJ2000_REAL3000_GG202603162050_d61bc7e3/seed_42/best_beta_state_dict.pt

[TEST] Alpha -> F1(min)=0.6172 | F1(maj)=0.8981 | F1(weighted)=0.8305 | F1(macro)=0.7577 | Brier=0.1121
[TEST] Beta  -> F1(min)=0.6178 | F1(maj)=0.8935 | F1(weighted)=0.8271 | F1(macro)=0.7557 | Brier=0.1161
[TestSuite] Final test metrics appended to (seed): training_runs/SPECv14_census_dvrl_twophase_3seeds_EP800_PCA10_REWfairness_minID1_majID0_TRJ2000_REAL3000_GG202603162050_d61bc7e3/seed_42/final_test_metrics.csv
[TestSuite] Final test metrics appended to (experiment): training_runs/SPECv14_census_dvrl_twophase_3seeds_EP800_PCA10_REWfairness_minID1_majID0_TRJ2000_REAL3000_GG202603162050_d61bc7e3/final_test_metrics.csv
Total time 2150.08s
[Tracker] Finished. Run folder: training_runs/SPECv14_census_dvrl_twophase_3seeds_EP800_PCA10_REWfairness_minID1_majID0_TRJ2000_REAL3000_GG202603162050_d61bc7e3/seed_42
[main] ---- running seed=0 ----
FFNN Using device: cuda:0
FFNN Using device: cuda:0
[Tracker] Experiment: SPECv14_census_dvrl_twophase_3seeds_EP800_PCA10_REWfairness_minID1_majID0_TRJ2000_REAL3000_GG202603162050_d61bc7e3
[Tracker] Seed folder: training_runs/SPECv14_census_dvrl_twophase_3seeds_EP800_PCA10_REWfairness_minID1_majID0_TRJ2000_REAL3000_GG202603162050_d61bc7e3/seed_0
[Tracker] Run: 2026-03-16_21-26-15_seed0_2394566_f04f3f90
[Tracker] Metrics CSV: training_runs/SPECv14_census_dvrl_twophase_3seeds_EP800_PCA10_REWfairness_minID1_majID0_TRJ2000_REAL3000_GG202603162050_d61bc7e3/seed_0/metrics.csv
[Tracker] Mirroring console to: training_runs/SPECv14_census_dvrl_twophase_3seeds_EP800_PCA10_REWfairness_minID1_majID0_TRJ2000_REAL3000_GG202603162050_d61bc7e3/seed_0/console.log
[TRAIN] size=3000, minority=722 (24.07%)
[VAL] size=6512, minority=1568 (24.08%)
[TEST] size=6513, minority=1569 (24.09%)
FFNN Using device: cuda:0
FFNN Using device: cuda:0
Beta will train with: 60.00% real data, 40.00% synthetic data: 
[disadv] group=1 per_g={0: 0.19422496855258942, 1: 0.4055081307888031} worst_4g=1.0745 soft_eo_alpha=0.1365
Anchors: 606 (disadv=1) sigma_anchor=0.8500
[Tracker] Alpha model state_dict saved to training_runs/SPECv14_census_dvrl_twophase_3seeds_EP800_PCA10_REWfairness_minID1_majID0_TRJ2000_REAL3000_GG202603162050_d61bc7e3/seed_0/alpha_state_dict.pt
[Tracker] Alpha model config saved to training_runs/SPECv14_census_dvrl_twophase_3seeds_EP800_PCA10_REWfairness_minID1_majID0_TRJ2000_REAL3000_GG202603162050_d61bc7e3/seed_0/ffnn_meta.json

============================================================
[Phase] Starting phase1_class1 | target_class=1 | episodes=800
============================================================
[Tracker] CSV header written with 44 columns.
[Tracker] Ep    1 | AvgR 0.0001 | Global 0.4675 | Local 0.0406 | F1_macro 0.7682 | WorstLoss 1.0868
[Tracker] New BEST synthetic [phase1_class1] (by global.global_obj: 0.467529) saved.
[Tracker] BEST β weights [phase1_class1] saved -> training_runs/SPECv14_census_dvrl_twophase_3seeds_EP800_PCA10_REWfairness_minID1_majID0_TRJ2000_REAL3000_GG202603162050_d61bc7e3/seed_0/best_beta_state_dict_phase1_class1.pt
[Tracker] Ep    2 | AvgR 0.0001 | Global 0.3750 | Local 0.0228 | F1_macro 0.7583 | WorstLoss 1.1249
[Tracker] Ep    3 | AvgR 0.0001 | Global 0.5160 | Local 0.0229 | F1_macro 0.7652 | WorstLoss 1.0672
[Tracker] New BEST synthetic [phase1_class1] (by global.global_obj: 0.515986) saved.
[Tracker] BEST β weights [phase1_class1] saved -> training_runs/SPECv14_census_dvrl_twophase_3seeds_EP800_PCA10_REWfairness_minID1_majID0_TRJ2000_REAL3000_GG202603162050_d61bc7e3/seed_0/best_beta_state_dict_phase1_class1.pt
[Tracker] Ep    4 | AvgR 0.0001 | Global 0.4578 | Local 0.0571 | F1_macro 0.7530 | WorstLoss 1.0884
[Tracker] Ep    5 | AvgR 0.0001 | Global 0.4428 | Local 0.0345 | F1_macro 0.7623 | WorstLoss 1.0967
[Tracker] Saved snapshot: ep0005_phase1_class1
[Tracker] Ep    6 | AvgR 0.0001 | Global 0.6181 | Local 0.0505 | F1_macro 0.7688 | WorstLoss 1.0247
[Tracker] New BEST synthetic [phase1_class1] (by global.global_obj: 0.618055) saved.
[Tracker] BEST β weights [phase1_class1] saved -> training_runs/SPECv14_census_dvrl_twophase_3seeds_EP800_PCA10_REWfairness_minID1_majID0_TRJ2000_REAL3000_GG202603162050_d61bc7e3/seed_0/best_beta_state_dict_phase1_class1.pt
[Tracker] Ep    7 | AvgR 0.0001 | Global 0.6123 | Local 0.0335 | F1_macro 0.7728 | WorstLoss 1.0280
[Tracker] Ep    8 | AvgR 0.0001 | Global 0.5155 | Local 0.0106 | F1_macro 0.7692 | WorstLoss 1.0683
[Tracker] Ep    9 | AvgR 0.0001 | Global 0.6843 | Local 0.0610 | F1_macro 0.7654 | WorstLoss 0.9945
[Tracker] New BEST synthetic [phase1_class1] (by global.global_obj: 0.684350) saved.
[Tracker] BEST β weights [phase1_class1] saved -> training_runs/SPECv14_census_dvrl_twophase_3seeds_EP800_PCA10_REWfairness_minID1_majID0_TRJ2000_REAL3000_GG202603162050_d61bc7e3/seed_0/best_beta_state_dict_phase1_class1.pt
[Tracker] Ep   10 | AvgR 0.0001 | Global 0.5462 | Local 0.0383 | F1_macro 0.7627 | WorstLoss 1.0539
[Tracker] Saved snapshot: ep0010_phase1_class1
[Tracker] Ep   11 | AvgR 0.0001 | Global 0.6002 | Local 0.0462 | F1_macro 0.7606 | WorstLoss 1.0299
[Tracker] Ep   12 | AvgR 0.0001 | Global 0.5388 | Local 0.0463 | F1_macro 0.7564 | WorstLoss 1.0571
[Tracker] Ep   13 | AvgR 0.0001 | Global 0.5705 | Local 0.0143 | F1_macro 0.7652 | WorstLoss 1.0456
[Tracker] Ep   14 | AvgR 0.0001 | Global 0.7162 | Local 0.0225 | F1_macro 0.7671 | WorstLoss 0.9807
[Tracker] New BEST synthetic [phase1_class1] (by global.global_obj: 0.716172) saved.
[Tracker] BEST β weights [phase1_class1] saved -> training_runs/SPECv14_census_dvrl_twophase_3seeds_EP800_PCA10_REWfairness_minID1_majID0_TRJ2000_REAL3000_GG202603162050_d61bc7e3/seed_0/best_beta_state_dict_phase1_class1.pt
[Tracker] Ep   15 | AvgR 0.0001 | Global 0.4576 | Local 0.0339 | F1_macro 0.7625 | WorstLoss 1.0898
[Tracker] Saved snapshot: ep0015_phase1_class1
[Tracker] Ep   16 | AvgR 0.0001 | Global 0.4953 | Local 0.0414 | F1_macro 0.7632 | WorstLoss 1.0736
[Tracker] Ep   17 | AvgR 0.0001 | Global 0.4835 | Local 0.0613 | F1_macro 0.7591 | WorstLoss 1.0793
[Tracker] Ep   18 | AvgR 0.0001 | Global 0.3836 | Local 0.0464 | F1_macro 0.7686 | WorstLoss 1.1206
[Tracker] Ep   19 | AvgR 0.0001 | Global 0.7329 | Local 0.0494 | F1_macro 0.7639 | WorstLoss 0.9690
[Tracker] New BEST synthetic [phase1_class1] (by global.global_obj: 0.732866) saved.
[Tracker] BEST β weights [phase1_class1] saved -> training_runs/SPECv14_census_dvrl_twophase_3seeds_EP800_PCA10_REWfairness_minID1_majID0_TRJ2000_REAL3000_GG202603162050_d61bc7e3/seed_0/best_beta_state_dict_phase1_class1.pt
[Tracker] Ep   20 | AvgR 0.0001 | Global 0.6428 | Local 0.0173 | F1_macro 0.7657 | WorstLoss 1.0135
[Tracker] Saved snapshot: ep0020_phase1_class1
[Tracker] Ep   21 | AvgR 0.0001 | Global 0.4769 | Local 0.0403 | F1_macro 0.7615 | WorstLoss 1.0813
[Tracker] Ep   22 | AvgR 0.0001 | Global 0.6020 | Local 0.0428 | F1_macro 0.7664 | WorstLoss 1.0306
[Tracker] Ep   23 | AvgR 0.0001 | Global 0.5583 | Local 0.0315 | F1_macro 0.7617 | WorstLoss 1.0489
[Tracker] Ep   24 | AvgR 0.0001 | Global 0.5387 | Local 0.0387 | F1_macro 0.7554 | WorstLoss 1.0540
[Tracker] Ep   25 | AvgR 0.0001 | Global 0.7646 | Local 0.0511 | F1_macro 0.7629 | WorstLoss 0.9534
[Tracker] Saved snapshot: ep0025_phase1_class1
[Tracker] New BEST synthetic [phase1_class1] (by global.global_obj: 0.764617) saved.
[Tracker] BEST β weights [phase1_class1] saved -> training_runs/SPECv14_census_dvrl_twophase_3seeds_EP800_PCA10_REWfairness_minID1_majID0_TRJ2000_REAL3000_GG202603162050_d61bc7e3/seed_0/best_beta_state_dict_phase1_class1.pt
[Tracker] Ep   26 | AvgR 0.0000 | Global 0.1018 | Local 0.0776 | F1_macro 0.7432 | WorstLoss 1.2893
[Tracker] Ep   27 | AvgR 0.0001 | Global 0.3141 | Local 0.0343 | F1_macro 0.7534 | WorstLoss 1.1507
[Tracker] Ep   28 | AvgR 0.0001 | Global 0.3606 | Local 0.0697 | F1_macro 0.7603 | WorstLoss 1.1293
[Tracker] Ep   29 | AvgR 0.0001 | Global 0.6000 | Local 0.0402 | F1_macro 0.7682 | WorstLoss 1.0317
[Tracker] Ep   30 | AvgR 0.0001 | Global 0.2453 | Local 0.0619 | F1_macro 0.7485 | WorstLoss 1.1840
[Tracker] Saved snapshot: ep0030_phase1_class1
[Tracker] Ep   31 | AvgR 0.0000 | Global 0.2337 | Local 0.0126 | F1_macro 0.7646 | WorstLoss 1.1929
[Tracker] Ep   32 | AvgR 0.0001 | Global 0.5909 | Local 0.0629 | F1_macro 0.7606 | WorstLoss 1.0341
[Tracker] Ep   33 | AvgR 0.0001 | Global 0.7794 | Local 0.0459 | F1_macro 0.7606 | WorstLoss 0.9426
[Tracker] New BEST synthetic [phase1_class1] (by global.global_obj: 0.779421) saved.
[Tracker] BEST β weights [phase1_class1] saved -> training_runs/SPECv14_census_dvrl_twophase_3seeds_EP800_PCA10_REWfairness_minID1_majID0_TRJ2000_REAL3000_GG202603162050_d61bc7e3/seed_0/best_beta_state_dict_phase1_class1.pt
[Tracker] Ep   34 | AvgR 0.0001 | Global 0.6809 | Local 0.0448 | F1_macro 0.7606 | WorstLoss 0.9937
[Tracker] Ep   35 | AvgR 0.0001 | Global 0.6921 | Local 0.0431 | F1_macro 0.7652 | WorstLoss 0.9886
[Tracker] Saved snapshot: ep0035_phase1_class1
[Tracker] Ep   36 | AvgR 0.0001 | Global 0.3953 | Local 0.0547 | F1_macro 0.7543 | WorstLoss 1.1140
[Tracker] Ep   37 | AvgR 0.0001 | Global 0.5991 | Local 0.0688 | F1_macro 0.7600 | WorstLoss 1.0307
[Tracker] Ep   38 | AvgR 0.0001 | Global 0.7696 | Local 0.0393 | F1_macro 0.7603 | WorstLoss 0.9473
[Tracker] Ep   39 | AvgR 0.0001 | Global 0.4988 | Local 0.0508 | F1_macro 0.7610 | WorstLoss 1.0717
[Tracker] Ep   40 | AvgR 0.0001 | Global 0.7273 | Local 0.0496 | F1_macro 0.7574 | WorstLoss 0.9697
[Tracker] Saved snapshot: ep0040_phase1_class1
[Tracker] Ep   41 | AvgR 0.0001 | Global 0.6229 | Local 0.0490 | F1_macro 0.7591 | WorstLoss 1.0212
[Tracker] Ep   42 | AvgR 0.0001 | Global 0.5152 | Local 0.0436 | F1_macro 0.7542 | WorstLoss 1.0657
[Tracker] Ep   43 | AvgR 0.0001 | Global 0.5383 | Local 0.0689 | F1_macro 0.7548 | WorstLoss 1.0554
[Tracker] Ep   44 | AvgR 0.0001 | Global 0.3732 | Local 0.0529 | F1_macro 0.7528 | WorstLoss 1.1230
[Tracker] Ep   45 | AvgR 0.0001 | Global 0.2353 | Local 0.0508 | F1_macro 0.7449 | WorstLoss 1.1897
[Tracker] Saved snapshot: ep0045_phase1_class1
[Tracker] Ep   46 | AvgR 0.0001 | Global 0.3935 | Local 0.0694 | F1_macro 0.7491 | WorstLoss 1.1146
[Tracker] Ep   47 | AvgR 0.0001 | Global 0.5291 | Local 0.0640 | F1_macro 0.7526 | WorstLoss 1.0590
[Tracker] Ep   48 | AvgR 0.0001 | Global 0.3783 | Local 0.0544 | F1_macro 0.7571 | WorstLoss 1.1219
[Tracker] Ep   49 | AvgR 0.0001 | Global 0.6451 | Local 0.0700 | F1_macro 0.7540 | WorstLoss 1.0083
[Tracker] Ep   50 | AvgR 0.0001 | Global 0.5918 | Local 0.0427 | F1_macro 0.7611 | WorstLoss 1.0340
[Tracker] Saved snapshot: ep0050_phase1_class1
[Tracker] Ep   51 | AvgR 0.0001 | Global 0.2889 | Local 0.0350 | F1_macro 0.7617 | WorstLoss 1.1635
[Tracker] Ep   52 | AvgR 0.0001 | Global 0.5346 | Local 0.0719 | F1_macro 0.7537 | WorstLoss 1.0566
[Tracker] Ep   53 | AvgR 0.0001 | Global 0.6672 | Local 0.0735 | F1_macro 0.7601 | WorstLoss 1.0008
[Tracker] Ep   54 | AvgR 0.0001 | Global 0.5941 | Local 0.0571 | F1_macro 0.7631 | WorstLoss 1.0337
[Tracker] Ep   55 | AvgR 0.0001 | Global 0.4259 | Local 0.0354 | F1_macro 0.7615 | WorstLoss 1.1031
[Tracker] Saved snapshot: ep0055_phase1_class1
[Tracker] Ep   56 | AvgR 0.0001 | Global 0.6787 | Local 0.0733 | F1_macro 0.7655 | WorstLoss 0.9948
[Tracker] Ep   57 | AvgR 0.0001 | Global 0.4619 | Local 0.0276 | F1_macro 0.7647 | WorstLoss 1.0881
[Tracker] Ep   58 | AvgR 0.0001 | Global 0.2636 | Local 0.0458 | F1_macro 0.7493 | WorstLoss 1.1756
[Tracker] Ep   59 | AvgR 0.0001 | Global 0.3831 | Local 0.0647 | F1_macro 0.7561 | WorstLoss 1.1179
[Tracker] Ep   60 | AvgR 0.0001 | Global 0.3793 | Local 0.0543 | F1_macro 0.7479 | WorstLoss 1.1199
[Tracker] Saved snapshot: ep0060_phase1_class1
[Tracker] Ep   61 | AvgR 0.0001 | Global 0.3778 | Local 0.0500 | F1_macro 0.7479 | WorstLoss 1.1205
[Tracker] Ep   62 | AvgR 0.0001 | Global 0.3834 | Local 0.0607 | F1_macro 0.7601 | WorstLoss 1.1197
[Tracker] Ep   63 | AvgR 0.0001 | Global 0.7451 | Local 0.0324 | F1_macro 0.7614 | WorstLoss 0.9614
[Tracker] Ep   64 | AvgR 0.0001 | Global 0.6763 | Local 0.0610 | F1_macro 0.7608 | WorstLoss 0.9972
[Tracker] Ep   65 | AvgR 0.0001 | Global 0.5353 | Local 0.0787 | F1_macro 0.7561 | WorstLoss 1.0557
[Tracker] Saved snapshot: ep0065_phase1_class1
[Tracker] Ep   66 | AvgR 0.0001 | Global 0.5089 | Local 0.0412 | F1_macro 0.7476 | WorstLoss 1.0668
[Tracker] Ep   67 | AvgR 0.0001 | Global 0.7231 | Local 0.0409 | F1_macro 0.7581 | WorstLoss 0.9705
[Tracker] Ep   68 | AvgR 0.0001 | Global 0.2484 | Local 0.0284 | F1_macro 0.7600 | WorstLoss 1.1826
[Tracker] Ep   69 | AvgR 0.0001 | Global 0.5037 | Local 0.0684 | F1_macro 0.7582 | WorstLoss 1.0699
[Tracker] Ep   70 | AvgR 0.0001 | Global 0.2563 | Local 0.0400 | F1_macro 0.7522 | WorstLoss 1.1792
[Tracker] Saved snapshot: ep0070_phase1_class1
[Tracker] Ep   71 | AvgR 0.0001 | Global 0.6716 | Local 0.0764 | F1_macro 0.7623 | WorstLoss 1.0006
[Tracker] Ep   72 | AvgR 0.0001 | Global 0.3092 | Local 0.0781 | F1_macro 0.7471 | WorstLoss 1.1519
[Tracker] Ep   73 | AvgR 0.0001 | Global 0.5483 | Local 0.0560 | F1_macro 0.7666 | WorstLoss 1.0529
[Tracker] Ep   74 | AvgR 0.0001 | Global 0.4710 | Local 0.0651 | F1_macro 0.7495 | WorstLoss 1.0823
[Tracker] Ep   75 | AvgR 0.0001 | Global 0.5041 | Local 0.0618 | F1_macro 0.7574 | WorstLoss 1.0705
[Tracker] Saved snapshot: ep0075_phase1_class1
[Tracker] Ep   76 | AvgR 0.0001 | Global 0.4351 | Local 0.0496 | F1_macro 0.7483 | WorstLoss 1.0967
[Tracker] Ep   77 | AvgR 0.0001 | Global 0.3314 | Local 0.0799 | F1_macro 0.7575 | WorstLoss 1.1425
[Tracker] Ep   78 | AvgR 0.0001 | Global 0.3119 | Local 0.0269 | F1_macro 0.7464 | WorstLoss 1.1501
[Tracker] Ep   79 | AvgR 0.0001 | Global 0.5809 | Local 0.0503 | F1_macro 0.7493 | WorstLoss 1.0360
[Tracker] Ep   80 | AvgR 0.0001 | Global 0.5177 | Local 0.0484 | F1_macro 0.7556 | WorstLoss 1.0631
[Tracker] Saved snapshot: ep0080_phase1_class1
[Tracker] Ep   81 | AvgR 0.0001 | Global 0.3463 | Local 0.0653 | F1_macro 0.7602 | WorstLoss 1.1357
[Tracker] Ep   82 | AvgR 0.0001 | Global 0.4872 | Local 0.0545 | F1_macro 0.7537 | WorstLoss 1.0759
[Tracker] Ep   83 | AvgR 0.0001 | Global 0.4980 | Local 0.0301 | F1_macro 0.7622 | WorstLoss 1.0733
[Tracker] Ep   84 | AvgR 0.0000 | Global 0.1776 | Local 0.0536 | F1_macro 0.7609 | WorstLoss 1.2267
[Tracker] Ep   85 | AvgR 0.0001 | Global 0.5806 | Local 0.0561 | F1_macro 0.7582 | WorstLoss 1.0378
[Tracker] Saved snapshot: ep0085_phase1_class1
[Tracker] Ep   86 | AvgR 0.0000 | Global 0.0527 | Local 0.0631 | F1_macro 0.7409 | WorstLoss 1.3596
[Tracker] Ep   87 | AvgR 0.0001 | Global 0.5623 | Local 0.0444 | F1_macro 0.7442 | WorstLoss 1.0455
[Tracker] Ep   88 | AvgR 0.0000 | Global 0.1970 | Local 0.0294 | F1_macro 0.7513 | WorstLoss 1.2132
[Tracker] Ep   89 | AvgR 0.0001 | Global 0.3936 | Local 0.0614 | F1_macro 0.7521 | WorstLoss 1.1149
[Tracker] Ep   90 | AvgR 0.0001 | Global 0.5108 | Local 0.0232 | F1_macro 0.7706 | WorstLoss 1.0691
[Tracker] Saved snapshot: ep0090_phase1_class1
[Tracker] Ep   91 | AvgR 0.0001 | Global 0.2050 | Local 0.0689 | F1_macro 0.7564 | WorstLoss 1.2076
[Tracker] Ep   92 | AvgR 0.0001 | Global 0.4581 | Local 0.0704 | F1_macro 0.7597 | WorstLoss 1.0896
[Tracker] Ep   93 | AvgR 0.0001 | Global 0.1873 | Local 0.0639 | F1_macro 0.7602 | WorstLoss 1.2188
[Tracker] Ep   94 | AvgR 0.0000 | Global 0.1383 | Local 0.0542 | F1_macro 0.7432 | WorstLoss 1.2542
[Tracker] Ep   95 | AvgR 0.0000 | Global 0.1379 | Local 0.0362 | F1_macro 0.7409 | WorstLoss 1.2557
[Tracker] Saved snapshot: ep0095_phase1_class1
[Tracker] Ep   96 | AvgR 0.0001 | Global 0.4191 | Local 0.0337 | F1_macro 0.7559 | WorstLoss 1.1047
[Tracker] Ep   97 | AvgR 0.0001 | Global 0.2178 | Local 0.0684 | F1_macro 0.7548 | WorstLoss 1.2003
[Tracker] Ep   98 | AvgR 0.0001 | Global 0.7948 | Local 0.0316 | F1_macro 0.7605 | WorstLoss 0.9329
[Tracker] New BEST synthetic [phase1_class1] (by global.global_obj: 0.794781) saved.
[Tracker] BEST β weights [phase1_class1] saved -> training_runs/SPECv14_census_dvrl_twophase_3seeds_EP800_PCA10_REWfairness_minID1_majID0_TRJ2000_REAL3000_GG202603162050_d61bc7e3/seed_0/best_beta_state_dict_phase1_class1.pt
[Tracker] Ep   99 | AvgR 0.0001 | Global 0.5065 | Local 0.0630 | F1_macro 0.7501 | WorstLoss 1.0685
[Tracker] Ep  100 | AvgR 0.0001 | Global 0.2294 | Local 0.0470 | F1_macro 0.7476 | WorstLoss 1.1927
[Tracker] Saved snapshot: ep0100_phase1_class1
[Tracker] Ep  101 | AvgR 0.0001 | Global 0.5855 | Local 0.0566 | F1_macro 0.7550 | WorstLoss 1.0344
[Tracker] Ep  102 | AvgR 0.0001 | Global 0.2485 | Local 0.0636 | F1_macro 0.7555 | WorstLoss 1.1836
[Tracker] Ep  103 | AvgR 0.0001 | Global 0.6478 | Local 0.0628 | F1_macro 0.7522 | WorstLoss 1.0060
[Tracker] Ep  104 | AvgR 0.0001 | Global 0.3762 | Local 0.0589 | F1_macro 0.7442 | WorstLoss 1.1206
[Tracker] Ep  105 | AvgR 0.0001 | Global 0.3235 | Local 0.0399 | F1_macro 0.7422 | WorstLoss 1.1462
[Tracker] Saved snapshot: ep0105_phase1_class1
[Tracker] Ep  106 | AvgR 0.0001 | Global 0.4390 | Local 0.1129 | F1_macro 0.7405 | WorstLoss 1.0929
[Tracker] Ep  107 | AvgR 0.0001 | Global 0.4034 | Local 0.0767 | F1_macro 0.7515 | WorstLoss 1.1100
[Tracker] Ep  108 | AvgR 0.0001 | Global 0.2918 | Local 0.0387 | F1_macro 0.7446 | WorstLoss 1.1600
[Tracker] Ep  109 | AvgR 0.0000 | Global 0.2015 | Local 0.0398 | F1_macro 0.7458 | WorstLoss 1.2094
[Tracker] Ep  110 | AvgR 0.0001 | Global 0.5908 | Local 0.0429 | F1_macro 0.7567 | WorstLoss 1.0326
[Tracker] Saved snapshot: ep0110_phase1_class1
[Tracker] Ep  111 | AvgR 0.0001 | Global 0.3114 | Local 0.0395 | F1_macro 0.7492 | WorstLoss 1.1503
[Tracker] Ep  112 | AvgR 0.0001 | Global 0.3907 | Local 0.0674 | F1_macro 0.7581 | WorstLoss 1.1167
[Tracker] Ep  113 | AvgR 0.0001 | Global 0.4142 | Local 0.0592 | F1_macro 0.7565 | WorstLoss 1.1071
[Tracker] Ep  114 | AvgR 0.0001 | Global 0.4326 | Local 0.0404 | F1_macro 0.7582 | WorstLoss 1.0995
[Tracker] Ep  115 | AvgR 0.0001 | Global 0.5066 | Local 0.0870 | F1_macro 0.7485 | WorstLoss 1.0670
[Tracker] Saved snapshot: ep0115_phase1_class1
[Tracker] Ep  116 | AvgR 0.0001 | Global 0.6535 | Local 0.0737 | F1_macro 0.7626 | WorstLoss 1.0062
[Tracker] Ep  117 | AvgR 0.0001 | Global 0.5152 | Local 0.0678 | F1_macro 0.7480 | WorstLoss 1.0637
[Tracker] Ep  118 | AvgR 0.0001 | Global 0.2828 | Local 0.0271 | F1_macro 0.7547 | WorstLoss 1.1652
[Tracker] Ep  119 | AvgR 0.0001 | Global 0.3923 | Local 0.0792 | F1_macro 0.7538 | WorstLoss 1.1146
[Tracker] Ep  120 | AvgR 0.0001 | Global 0.3583 | Local 0.0323 | F1_macro 0.7634 | WorstLoss 1.1316
[Tracker] Saved snapshot: ep0120_phase1_class1
[Tracker] Ep  121 | AvgR 0.0001 | Global 0.1750 | Local 0.1080 | F1_macro 0.7345 | WorstLoss 1.2268
[Tracker] Ep  122 | AvgR 0.0001 | Global 0.5806 | Local 0.0230 | F1_macro 0.7515 | WorstLoss 1.0384
[Tracker] Ep  123 | AvgR 0.0001 | Global 0.3592 | Local 0.0219 | F1_macro 0.7618 | WorstLoss 1.1314
[Tracker] Ep  124 | AvgR 0.0001 | Global 0.4578 | Local 0.0353 | F1_macro 0.7617 | WorstLoss 1.0902
[Tracker] Ep  125 | AvgR 0.0001 | Global 0.4768 | Local 0.0609 | F1_macro 0.7465 | WorstLoss 1.0790
[Tracker] Saved snapshot: ep0125_phase1_class1
[Tracker] Ep  126 | AvgR 0.0001 | Global 0.6704 | Local 0.0259 | F1_macro 0.7687 | WorstLoss 1.0031
[Tracker] Ep  127 | AvgR 0.0000 | Global 0.2000 | Local 0.0287 | F1_macro 0.7578 | WorstLoss 1.2112
[Tracker] Ep  128 | AvgR 0.0001 | Global 0.5103 | Local 0.0457 | F1_macro 0.7581 | WorstLoss 1.0676
[Tracker] Ep  129 | AvgR 0.0001 | Global 0.2673 | Local 0.0664 | F1_macro 0.7496 | WorstLoss 1.1726
[Tracker] Ep  130 | AvgR 0.0000 | Global 0.0748 | Local 0.0578 | F1_macro 0.7477 | WorstLoss 1.3216
[Tracker] Saved snapshot: ep0130_phase1_class1
[Tracker] Ep  131 | AvgR 0.0001 | Global 0.2436 | Local 0.0699 | F1_macro 0.7486 | WorstLoss 1.1839
[Tracker] Ep  132 | AvgR 0.0001 | Global 0.4742 | Local 0.0715 | F1_macro 0.7592 | WorstLoss 1.0809
[Tracker] Ep  133 | AvgR 0.0001 | Global 0.5607 | Local 0.0536 | F1_macro 0.7609 | WorstLoss 1.0465
[Tracker] Ep  134 | AvgR 0.0001 | Global 0.6982 | Local 0.0428 | F1_macro 0.7588 | WorstLoss 0.9855
[Tracker] Ep  135 | AvgR 0.0001 | Global 0.4770 | Local 0.0671 | F1_macro 0.7506 | WorstLoss 1.0789
[Tracker] Saved snapshot: ep0135_phase1_class1
[Tracker] Ep  136 | AvgR 0.0001 | Global 0.5466 | Local 0.0370 | F1_macro 0.7611 | WorstLoss 1.0538
[Tracker] Ep  137 | AvgR 0.0001 | Global 0.3911 | Local 0.0658 | F1_macro 0.7466 | WorstLoss 1.1146
[Tracker] Ep  138 | AvgR 0.0000 | Global 0.0317 | Local 0.0757 | F1_macro 0.7449 | WorstLoss 1.4139
[Tracker] Ep  139 | AvgR 0.0001 | Global 0.6364 | Local 0.0496 | F1_macro 0.7477 | WorstLoss 1.0136
[Tracker] Ep  140 | AvgR 0.0001 | Global 0.2188 | Local 0.0423 | F1_macro 0.7627 | WorstLoss 1.1999
[Tracker] Saved snapshot: ep0140_phase1_class1
[Tracker] Ep  141 | AvgR 0.0001 | Global 0.6324 | Local 0.0702 | F1_macro 0.7531 | WorstLoss 1.0151
[Tracker] Ep  142 | AvgR 0.0001 | Global 0.7575 | Local 0.0174 | F1_macro 0.7691 | WorstLoss 0.9585
[Tracker] Ep  143 | AvgR 0.0001 | Global 0.5726 | Local 0.0845 | F1_macro 0.7509 | WorstLoss 1.0410
[Tracker] Ep  144 | AvgR 0.0001 | Global 0.6131 | Local 0.0692 | F1_macro 0.7623 | WorstLoss 1.0248
[Tracker] Ep  145 | AvgR 0.0001 | Global 0.4753 | Local 0.0243 | F1_macro 0.7600 | WorstLoss 1.0824
[Tracker] Saved snapshot: ep0145_phase1_class1
[Tracker] Ep  146 | AvgR 0.0001 | Global 0.4857 | Local 0.0561 | F1_macro 0.7546 | WorstLoss 1.0746
[Tracker] Ep  147 | AvgR 0.0001 | Global 0.2655 | Local 0.0305 | F1_macro 0.7560 | WorstLoss 1.1748
[Tracker] Ep  148 | AvgR 0.0001 | Global 0.4875 | Local 0.0693 | F1_macro 0.7580 | WorstLoss 1.0770
[Tracker] Ep  149 | AvgR 0.0001 | Global 0.6887 | Local 0.0462 | F1_macro 0.7459 | WorstLoss 0.9866
[Tracker] Ep  150 | AvgR 0.0000 | Global 0.1163 | Local 0.0691 | F1_macro 0.7436 | WorstLoss 1.2743
[Tracker] Saved snapshot: ep0150_phase1_class1
[Tracker] Ep  151 | AvgR 0.0000 | Global 0.1124 | Local 0.0252 | F1_macro 0.7494 | WorstLoss 1.2789
[Tracker] Ep  152 | AvgR 0.0001 | Global 0.2579 | Local 0.0188 | F1_macro 0.7483 | WorstLoss 1.1782
[Tracker] Ep  153 | AvgR 0.0002 | Global 0.7356 | Local 0.0524 | F1_macro 0.7515 | WorstLoss 0.9625
[Tracker] Ep  154 | AvgR 0.0001 | Global 0.3642 | Local 0.0748 | F1_macro 0.7540 | WorstLoss 1.1255
[Tracker] Ep  155 | AvgR 0.0001 | Global 0.3969 | Local 0.0632 | F1_macro 0.7614 | WorstLoss 1.1142
[Tracker] Saved snapshot: ep0155_phase1_class1
[Tracker] Ep  156 | AvgR 0.0001 | Global 0.3054 | Local 0.0215 | F1_macro 0.7579 | WorstLoss 1.1558
[Tracker] Ep  157 | AvgR 0.0001 | Global 0.4845 | Local 0.0245 | F1_macro 0.7633 | WorstLoss 1.0794
[Tracker] Ep  158 | AvgR 0.0001 | Global 0.3242 | Local 0.0416 | F1_macro 0.7495 | WorstLoss 1.1422
[Tracker] Ep  159 | AvgR 0.0000 | Global 0.0757 | Local 0.0872 | F1_macro 0.7472 | WorstLoss 1.3203
[Tracker] Ep  160 | AvgR 0.0001 | Global 0.3715 | Local 0.0304 | F1_macro 0.7532 | WorstLoss 1.1243
[Tracker] Saved snapshot: ep0160_phase1_class1
[Tracker] Ep  161 | AvgR 0.0001 | Global 0.2807 | Local 0.0267 | F1_macro 0.7526 | WorstLoss 1.1651
[Tracker] Ep  162 | AvgR 0.0001 | Global 0.2339 | Local 0.0270 | F1_macro 0.7543 | WorstLoss 1.1902
[Tracker] Ep  163 | AvgR 0.0000 | Global 0.0422 | Local 0.0280 | F1_macro 0.7433 | WorstLoss 1.3841
[Tracker] Ep  164 | AvgR 0.0000 | Global 0.1202 | Local 0.0291 | F1_macro 0.7520 | WorstLoss 1.2710
[Tracker] Ep  165 | AvgR 0.0000 | Global 0.0522 | Local 0.0281 | F1_macro 0.7451 | WorstLoss 1.3618
[Tracker] Saved snapshot: ep0165_phase1_class1
[Tracker] Ep  166 | AvgR 0.0000 | Global 0.1133 | Local 0.0288 | F1_macro 0.7462 | WorstLoss 1.2765
[Tracker] Ep  167 | AvgR 0.0000 | Global 0.1877 | Local 0.0237 | F1_macro 0.7491 | WorstLoss 1.2176
[Tracker] Ep  168 | AvgR 0.0000 | Global 0.0511 | Local 0.0569 | F1_macro 0.7361 | WorstLoss 1.3626
[Tracker] Ep  169 | AvgR 0.0000 | Global 0.0257 | Local 0.0361 | F1_macro 0.7379 | WorstLoss 1.4360
[Tracker] Ep  170 | AvgR 0.0001 | Global 0.2366 | Local 0.0203 | F1_macro 0.7544 | WorstLoss 1.1889
[Tracker] Saved snapshot: ep0170_phase1_class1
[Tracker] Ep  171 | AvgR 0.0000 | Global 0.0555 | Local 0.0404 | F1_macro 0.7440 | WorstLoss 1.3540
[Tracker] Ep  172 | AvgR 0.0000 | Global 0.1167 | Local 0.0281 | F1_macro 0.7537 | WorstLoss 1.2738
[Tracker] Ep  173 | AvgR 0.0000 | Global 0.1455 | Local 0.0326 | F1_macro 0.7494 | WorstLoss 1.2481
[Tracker] Ep  174 | AvgR 0.0001 | Global 0.3262 | Local 0.0301 | F1_macro 0.7541 | WorstLoss 1.1434
[Tracker] Ep  175 | AvgR 0.0000 | Global 0.0670 | Local 0.0408 | F1_macro 0.7461 | WorstLoss 1.3345
[Tracker] Saved snapshot: ep0175_phase1_class1
[Tracker] Ep  176 | AvgR 0.0000 | Global 0.0554 | Local 0.0494 | F1_macro 0.7368 | WorstLoss 1.3541
[Tracker] Ep  177 | AvgR 0.0000 | Global 0.0885 | Local 0.0280 | F1_macro 0.7484 | WorstLoss 1.3046
[Tracker] Ep  178 | AvgR 0.0000 | Global 0.1411 | Local 0.0356 | F1_macro 0.7512 | WorstLoss 1.2509
[Tracker] Ep  179 | AvgR 0.0000 | Global 0.0488 | Local 0.0566 | F1_macro 0.7521 | WorstLoss 1.3695
[Tracker] Ep  180 | AvgR 0.0000 | Global 0.1261 | Local 0.0467 | F1_macro 0.7570 | WorstLoss 1.2659
[Tracker] Saved snapshot: ep0180_phase1_class1
[Tracker] Ep  181 | AvgR 0.0000 | Global 0.1351 | Local 0.0387 | F1_macro 0.7576 | WorstLoss 1.2564
[Tracker] Ep  182 | AvgR 0.0000 | Global 0.0504 | Local 0.0534 | F1_macro 0.7456 | WorstLoss 1.3647
[Tracker] Ep  183 | AvgR 0.0000 | Global 0.2046 | Local 0.0319 | F1_macro 0.7473 | WorstLoss 1.2065
[Tracker] Ep  184 | AvgR 0.0000 | Global 0.1886 | Local 0.0374 | F1_macro 0.7559 | WorstLoss 1.2161
[Tracker] Ep  185 | AvgR 0.0001 | Global 0.2215 | Local 0.0315 | F1_macro 0.7552 | WorstLoss 1.1967
[Tracker] Saved snapshot: ep0185_phase1_class1
[Tracker] Ep  186 | AvgR 0.0000 | Global 0.1278 | Local 0.0482 | F1_macro 0.7441 | WorstLoss 1.2627
[Tracker] Ep  187 | AvgR 0.0001 | Global 0.2888 | Local 0.0268 | F1_macro 0.7537 | WorstLoss 1.1624
[Tracker] Ep  188 | AvgR 0.0000 | Global 0.1613 | Local 0.0183 | F1_macro 0.7559 | WorstLoss 1.2365
[Tracker] Ep  189 | AvgR 0.0000 | Global 0.0868 | Local 0.0420 | F1_macro 0.7446 | WorstLoss 1.3073
[Tracker] Ep  190 | AvgR 0.0000 | Global 0.0765 | Local 0.0279 | F1_macro 0.7481 | WorstLoss 1.3208
[Tracker] Saved snapshot: ep0190_phase1_class1
[Tracker] Ep  191 | AvgR 0.0000 | Global 0.1608 | Local 0.0284 | F1_macro 0.7448 | WorstLoss 1.2359
[Tracker] Ep  192 | AvgR 0.0000 | Global 0.1582 | Local 0.0301 | F1_macro 0.7465 | WorstLoss 1.2377
[Tracker] Ep  193 | AvgR 0.0000 | Global 0.1282 | Local 0.0454 | F1_macro 0.7491 | WorstLoss 1.2629
[Tracker] Ep  194 | AvgR 0.0000 | Global 0.1387 | Local 0.0412 | F1_macro 0.7469 | WorstLoss 1.2527
[Tracker] Ep  195 | AvgR 0.0000 | Global 0.1037 | Local 0.0260 | F1_macro 0.7488 | WorstLoss 1.2868
[Tracker] Saved snapshot: ep0195_phase1_class1
[Tracker] Ep  196 | AvgR 0.0000 | Global 0.1233 | Local 0.0497 | F1_macro 0.7432 | WorstLoss 1.2661
[Tracker] Ep  197 | AvgR 0.0000 | Global 0.1452 | Local 0.0582 | F1_macro 0.7463 | WorstLoss 1.2472
[Tracker] Ep  198 | AvgR 0.0001 | Global 0.1996 | Local 0.0454 | F1_macro 0.7411 | WorstLoss 1.2093
[Tracker] Ep  199 | AvgR 0.0001 | Global 0.2188 | Local 0.0294 | F1_macro 0.7576 | WorstLoss 1.1994
[Tracker] Ep  200 | AvgR 0.0000 | Global 0.1228 | Local 0.0302 | F1_macro 0.7529 | WorstLoss 1.2677
[Tracker] Saved snapshot: ep0200_phase1_class1
[Tracker] Ep  201 | AvgR 0.0000 | Global 0.1895 | Local 0.0320 | F1_macro 0.7492 | WorstLoss 1.2157
[Tracker] Ep  202 | AvgR 0.0000 | Global 0.0782 | Local 0.0453 | F1_macro 0.7427 | WorstLoss 1.3166
[Tracker] Ep  203 | AvgR 0.0000 | Global 0.1966 | Local 0.0324 | F1_macro 0.7526 | WorstLoss 1.2111
[Tracker] Ep  204 | AvgR 0.0001 | Global 0.2193 | Local 0.0387 | F1_macro 0.7543 | WorstLoss 1.1979
[Tracker] Ep  205 | AvgR 0.0000 | Global 0.0738 | Local 0.0565 | F1_macro 0.7474 | WorstLoss 1.3241
[Tracker] Saved snapshot: ep0205_phase1_class1
[Tracker] Ep  206 | AvgR 0.0000 | Global 0.0486 | Local 0.0536 | F1_macro 0.7364 | WorstLoss 1.3676
[Tracker] Ep  207 | AvgR 0.0000 | Global 0.0831 | Local 0.0639 | F1_macro 0.7360 | WorstLoss 1.3083
[Tracker] Ep  208 | AvgR 0.0000 | Global 0.1304 | Local 0.0389 | F1_macro 0.7517 | WorstLoss 1.2600
[Tracker] Ep  209 | AvgR 0.0000 | Global 0.0688 | Local 0.0374 | F1_macro 0.7518 | WorstLoss 1.3316
[Tracker] Ep  210 | AvgR 0.0001 | Global 0.3641 | Local 0.0314 | F1_macro 0.7591 | WorstLoss 1.1257
[Tracker] Saved snapshot: ep0210_phase1_class1
[Tracker] Ep  211 | AvgR 0.0001 | Global 0.1960 | Local 0.0350 | F1_macro 0.7488 | WorstLoss 1.2104
[Tracker] Ep  212 | AvgR 0.0000 | Global 0.1075 | Local 0.0344 | F1_macro 0.7508 | WorstLoss 1.2822
[Tracker] Ep  213 | AvgR 0.0000 | Global 0.0567 | Local 0.0600 | F1_macro 0.7391 | WorstLoss 1.3507
[Tracker] Ep  214 | AvgR 0.0001 | Global 0.2627 | Local 0.0705 | F1_macro 0.7471 | WorstLoss 1.1715
[Tracker] Ep  215 | AvgR 0.0001 | Global 0.1713 | Local 0.0535 | F1_macro 0.7498 | WorstLoss 1.2269
[Tracker] Saved snapshot: ep0215_phase1_class1
[Tracker] Ep  216 | AvgR 0.0001 | Global 0.2013 | Local 0.0659 | F1_macro 0.7473 | WorstLoss 1.2060
[Tracker] Ep  217 | AvgR 0.0000 | Global 0.0295 | Local 0.0626 | F1_macro 0.7344 | WorstLoss 1.4177
[Tracker] Ep  218 | AvgR 0.0001 | Global 0.1831 | Local 0.0451 | F1_macro 0.7550 | WorstLoss 1.2192
[Tracker] Ep  219 | AvgR 0.0001 | Global 0.2321 | Local 0.0425 | F1_macro 0.7517 | WorstLoss 1.1897
[Tracker] Ep  220 | AvgR 0.0000 | Global 0.1047 | Local 0.0544 | F1_macro 0.7343 | WorstLoss 1.2832
[Tracker] Saved snapshot: ep0220_phase1_class1
[Tracker] Ep  221 | AvgR 0.0000 | Global 0.1050 | Local 0.0410 | F1_macro 0.7466 | WorstLoss 1.2848
[Tracker] Ep  222 | AvgR 0.0000 | Global 0.1027 | Local 0.0699 | F1_macro 0.7469 | WorstLoss 1.2857
[Tracker] Ep  223 | AvgR 0.0000 | Global 0.0429 | Local 0.0440 | F1_macro 0.7404 | WorstLoss 1.3814
[Tracker] Ep  224 | AvgR 0.0000 | Global 0.0475 | Local 0.0434 | F1_macro 0.7379 | WorstLoss 1.3685
[Tracker] Ep  225 | AvgR 0.0001 | Global 0.2571 | Local 0.0666 | F1_macro 0.7542 | WorstLoss 1.1764
[Tracker] Saved snapshot: ep0225_phase1_class1
[Tracker] Ep  226 | AvgR 0.0000 | Global 0.0722 | Local 0.0482 | F1_macro 0.7440 | WorstLoss 1.3264
[Tracker] Ep  227 | AvgR 0.0000 | Global 0.0808 | Local 0.0776 | F1_macro 0.7402 | WorstLoss 1.3106
[Tracker] Ep  228 | AvgR 0.0000 | Global 0.0792 | Local 0.0751 | F1_macro 0.7412 | WorstLoss 1.3136
[Tracker] Ep  229 | AvgR 0.0001 | Global 0.4190 | Local 0.0644 | F1_macro 0.7449 | WorstLoss 1.1002
[Tracker] Ep  230 | AvgR 0.0001 | Global 0.2422 | Local 0.0482 | F1_macro 0.7462 | WorstLoss 1.1830
[Tracker] Saved snapshot: ep0230_phase1_class1
[Tracker] Ep  231 | AvgR 0.0000 | Global 0.0757 | Local 0.0749 | F1_macro 0.7439 | WorstLoss 1.3191
[Tracker] Ep  232 | AvgR 0.0001 | Global 0.1719 | Local 0.0657 | F1_macro 0.7509 | WorstLoss 1.2252
[Tracker] Ep  233 | AvgR 0.0001 | Global 0.1925 | Local 0.0438 | F1_macro 0.7401 | WorstLoss 1.2115
[Tracker] Ep  234 | AvgR 0.0001 | Global 0.2820 | Local 0.0367 | F1_macro 0.7516 | WorstLoss 1.1623
[Tracker] Ep  235 | AvgR 0.0001 | Global 0.1766 | Local 0.0624 | F1_macro 0.7544 | WorstLoss 1.2240
[Tracker] Saved snapshot: ep0235_phase1_class1
[Tracker] Ep  236 | AvgR 0.0001 | Global 0.1488 | Local 0.0658 | F1_macro 0.7497 | WorstLoss 1.2432
[Tracker] Ep  237 | AvgR 0.0000 | Global 0.0538 | Local 0.0582 | F1_macro 0.7440 | WorstLoss 1.3561
[Tracker] Ep  238 | AvgR 0.0001 | Global 0.1999 | Local 0.0514 | F1_macro 0.7440 | WorstLoss 1.2080
[Tracker] Ep  239 | AvgR 0.0000 | Global 0.1389 | Local 0.0496 | F1_macro 0.7515 | WorstLoss 1.2528
[Tracker] Ep  240 | AvgR 0.0000 | Global 0.0789 | Local 0.0447 | F1_macro 0.7551 | WorstLoss 1.3181
[Tracker] Saved snapshot: ep0240_phase1_class1
[Tracker] Ep  241 | AvgR 0.0001 | Global 0.2414 | Local 0.0960 | F1_macro 0.7427 | WorstLoss 1.1830
[Tracker] Ep  242 | AvgR 0.0000 | Global 0.0943 | Local 0.0647 | F1_macro 0.7608 | WorstLoss 1.2970
[Tracker] Ep  243 | AvgR 0.0001 | Global 0.1774 | Local 0.0535 | F1_macro 0.7467 | WorstLoss 1.2222
[Tracker] Ep  244 | AvgR 0.0001 | Global 0.1435 | Local 0.0770 | F1_macro 0.7421 | WorstLoss 1.2474
[Tracker] Ep  245 | AvgR 0.0001 | Global 0.3076 | Local 0.0712 | F1_macro 0.7415 | WorstLoss 1.1480
[Tracker] Saved snapshot: ep0245_phase1_class1
[Tracker] Ep  246 | AvgR 0.0000 | Global 0.0738 | Local 0.0411 | F1_macro 0.7507 | WorstLoss 1.3243
[Tracker] Ep  247 | AvgR 0.0000 | Global 0.1005 | Local 0.0365 | F1_macro 0.7512 | WorstLoss 1.2891
[Tracker] Ep  248 | AvgR 0.0001 | Global 0.3235 | Local 0.0377 | F1_macro 0.7574 | WorstLoss 1.1448
[Tracker] Ep  249 | AvgR 0.0000 | Global 0.1092 | Local 0.0583 | F1_macro 0.7512 | WorstLoss 1.2796
[Tracker] Ep  250 | AvgR 0.0000 | Global 0.1319 | Local 0.0698 | F1_macro 0.7426 | WorstLoss 1.2561
[Tracker] Saved snapshot: ep0250_phase1_class1
[Tracker] Ep  251 | AvgR 0.0000 | Global 0.1213 | Local 0.0609 | F1_macro 0.7449 | WorstLoss 1.2664
[Tracker] Ep  252 | AvgR 0.0001 | Global 0.1813 | Local 0.0531 | F1_macro 0.7404 | WorstLoss 1.2202
[Tracker] Ep  253 | AvgR 0.0001 | Global 0.1790 | Local 0.0603 | F1_macro 0.7441 | WorstLoss 1.2215
[Tracker] Ep  254 | AvgR 0.0001 | Global 0.3564 | Local 0.0639 | F1_macro 0.7555 | WorstLoss 1.1265
[Tracker] Ep  255 | AvgR 0.0001 | Global 0.3971 | Local 0.0732 | F1_macro 0.7463 | WorstLoss 1.1089
[Tracker] Saved snapshot: ep0255_phase1_class1
[Tracker] Ep  256 | AvgR 0.0001 | Global 0.1613 | Local 0.0586 | F1_macro 0.7397 | WorstLoss 1.2321
[Tracker] Ep  257 | AvgR 0.0001 | Global 0.5964 | Local 0.0728 | F1_macro 0.7553 | WorstLoss 1.0289
[Tracker] Ep  258 | AvgR 0.0000 | Global 0.0461 | Local 0.0608 | F1_macro 0.7319 | WorstLoss 1.3724
[Tracker] Ep  259 | AvgR 0.0001 | Global 0.1845 | Local 0.0445 | F1_macro 0.7475 | WorstLoss 1.2186
[Tracker] Ep  260 | AvgR 0.0001 | Global 0.4522 | Local 0.0811 | F1_macro 0.7613 | WorstLoss 1.0862
[Tracker] Saved snapshot: ep0260_phase1_class1
[Tracker] Ep  261 | AvgR 0.0001 | Global 0.4182 | Local 0.0674 | F1_macro 0.7537 | WorstLoss 1.1023
[Tracker] Ep  262 | AvgR 0.0000 | Global 0.0639 | Local 0.0523 | F1_macro 0.7542 | WorstLoss 1.3384
[Tracker] Ep  263 | AvgR 0.0000 | Global 0.0785 | Local 0.0904 | F1_macro 0.7341 | WorstLoss 1.3131
[Tracker] Ep  264 | AvgR 0.0001 | Global 0.3832 | Local 0.0637 | F1_macro 0.7554 | WorstLoss 1.1141
[Tracker] Ep  265 | AvgR 0.0000 | Global 0.0335 | Local 0.0443 | F1_macro 0.7431 | WorstLoss 1.4057
[Tracker] Saved snapshot: ep0265_phase1_class1
[Tracker] Ep  266 | AvgR 0.0000 | Global 0.1089 | Local 0.0569 | F1_macro 0.7463 | WorstLoss 1.2815
[Tracker] Ep  267 | AvgR 0.0000 | Global 0.1614 | Local 0.0501 | F1_macro 0.7368 | WorstLoss 1.2340
[Tracker] Ep  268 | AvgR 0.0001 | Global 0.1341 | Local 0.0841 | F1_macro 0.7443 | WorstLoss 1.2546
[Tracker] Ep  269 | AvgR 0.0000 | Global 0.0877 | Local 0.0763 | F1_macro 0.7409 | WorstLoss 1.3031
[Tracker] Ep  270 | AvgR 0.0000 | Global 0.0591 | Local 0.0840 | F1_macro 0.7519 | WorstLoss 1.3467
[Tracker] Saved snapshot: ep0270_phase1_class1
[Tracker] Ep  271 | AvgR 0.0001 | Global 0.3289 | Local 0.0777 | F1_macro 0.7511 | WorstLoss 1.1406
[Tracker] Ep  272 | AvgR 0.0001 | Global 0.1375 | Local 0.0851 | F1_macro 0.7553 | WorstLoss 1.2536
[Tracker] Ep  273 | AvgR 0.0000 | Global 0.0745 | Local 0.0804 | F1_macro 0.7385 | WorstLoss 1.3204
[Tracker] Ep  274 | AvgR 0.0001 | Global 0.1957 | Local 0.0631 | F1_macro 0.7409 | WorstLoss 1.2102
[Tracker] Ep  275 | AvgR 0.0001 | Global 0.1103 | Local 0.1083 | F1_macro 0.7499 | WorstLoss 1.2778
[Tracker] Saved snapshot: ep0275_phase1_class1
[Tracker] Ep  276 | AvgR 0.0001 | Global 0.5126 | Local 0.0761 | F1_macro 0.7526 | WorstLoss 1.0613
[Tracker] Ep  277 | AvgR 0.0001 | Global 0.2980 | Local 0.0747 | F1_macro 0.7493 | WorstLoss 1.1543
[Tracker] Ep  278 | AvgR 0.0001 | Global 0.4120 | Local 0.0747 | F1_macro 0.7538 | WorstLoss 1.1037
[Tracker] Ep  279 | AvgR 0.0000 | Global 0.0948 | Local 0.0720 | F1_macro 0.7453 | WorstLoss 1.2942
[Tracker] Ep  280 | AvgR 0.0001 | Global 0.2755 | Local 0.0670 | F1_macro 0.7533 | WorstLoss 1.1673
[Tracker] Saved snapshot: ep0280_phase1_class1
[Tracker] Ep  281 | AvgR 0.0001 | Global 0.2597 | Local 0.0762 | F1_macro 0.7473 | WorstLoss 1.1746
[Tracker] Ep  282 | AvgR 0.0000 | Global 0.0617 | Local 0.1061 | F1_macro 0.7579 | WorstLoss 1.3404
[Tracker] Ep  283 | AvgR 0.0001 | Global 0.3333 | Local 0.0825 | F1_macro 0.7405 | WorstLoss 1.1357
[Tracker] Ep  284 | AvgR 0.0001 | Global 0.3874 | Local 0.0671 | F1_macro 0.7455 | WorstLoss 1.1130
[Tracker] Ep  285 | AvgR 0.0001 | Global 0.1700 | Local 0.0891 | F1_macro 0.7512 | WorstLoss 1.2265
[Tracker] Saved snapshot: ep0285_phase1_class1
[Tracker] Ep  286 | AvgR 0.0000 | Global 0.1125 | Local 0.0618 | F1_macro 0.7554 | WorstLoss 1.2772
[Tracker] Ep  287 | AvgR 0.0001 | Global 0.3544 | Local 0.0681 | F1_macro 0.7587 | WorstLoss 1.1287
[Tracker] Ep  288 | AvgR 0.0000 | Global 0.0460 | Local 0.0849 | F1_macro 0.7561 | WorstLoss 1.3721
[Tracker] Ep  289 | AvgR 0.0001 | Global 0.1758 | Local 0.1023 | F1_macro 0.7465 | WorstLoss 1.2221
[Tracker] Ep  290 | AvgR 0.0001 | Global 0.4261 | Local 0.0473 | F1_macro 0.7586 | WorstLoss 1.0980
[Tracker] Saved snapshot: ep0290_phase1_class1
[Tracker] Ep  291 | AvgR 0.0001 | Global 0.2774 | Local 0.0825 | F1_macro 0.7567 | WorstLoss 1.1658
[Tracker] Ep  292 | AvgR 0.0000 | Global 0.0979 | Local 0.0728 | F1_macro 0.7535 | WorstLoss 1.2928
[Tracker] Ep  293 | AvgR 0.0000 | Global 0.0996 | Local 0.0907 | F1_macro 0.7402 | WorstLoss 1.2886
[Tracker] Ep  294 | AvgR 0.0001 | Global 0.3632 | Local 0.0570 | F1_macro 0.7516 | WorstLoss 1.1239
[Tracker] Ep  295 | AvgR 0.0001 | Global 0.5343 | Local 0.0313 | F1_macro 0.7687 | WorstLoss 1.0584
[Tracker] Saved snapshot: ep0295_phase1_class1
[Tracker] Ep  296 | AvgR 0.0001 | Global 0.3256 | Local 0.0680 | F1_macro 0.7356 | WorstLoss 1.1382
[Tracker] Ep  297 | AvgR 0.0000 | Global 0.1272 | Local 0.0435 | F1_macro 0.7584 | WorstLoss 1.2630
[Tracker] Ep  298 | AvgR 0.0000 | Global 0.0436 | Local 0.0968 | F1_macro 0.7366 | WorstLoss 1.3762
[Tracker] Ep  299 | AvgR 0.0001 | Global 0.2831 | Local 0.0716 | F1_macro 0.7542 | WorstLoss 1.1618
[Tracker] Ep  300 | AvgR 0.0001 | Global 0.1232 | Local 0.0824 | F1_macro 0.7555 | WorstLoss 1.2660
[Tracker] Saved snapshot: ep0300_phase1_class1
[Tracker] Ep  301 | AvgR 0.0001 | Global 0.1660 | Local 0.1061 | F1_macro 0.7462 | WorstLoss 1.2293
[Tracker] Ep  302 | AvgR 0.0001 | Global 0.2744 | Local 0.0716 | F1_macro 0.7593 | WorstLoss 1.1673
[Tracker] Ep  303 | AvgR 0.0001 | Global 0.1461 | Local 0.0666 | F1_macro 0.7518 | WorstLoss 1.2461
[Tracker] Ep  304 | AvgR 0.0000 | Global 0.0898 | Local 0.0474 | F1_macro 0.7570 | WorstLoss 1.3022
[Tracker] Ep  305 | AvgR 0.0000 | Global 0.1363 | Local 0.0628 | F1_macro 0.7509 | WorstLoss 1.2558
[Tracker] Saved snapshot: ep0305_phase1_class1
[Tracker] Ep  306 | AvgR 0.0001 | Global 0.3290 | Local 0.0846 | F1_macro 0.7435 | WorstLoss 1.1389
[Tracker] Ep  307 | AvgR 0.0001 | Global 0.3438 | Local 0.0572 | F1_macro 0.7585 | WorstLoss 1.1350
[Tracker] Ep  308 | AvgR 0.0001 | Global 0.3522 | Local 0.0634 | F1_macro 0.7593 | WorstLoss 1.1286
[Tracker] Ep  309 | AvgR 0.0001 | Global 0.5869 | Local 0.0521 | F1_macro 0.7538 | WorstLoss 1.0314
[Tracker] Ep  310 | AvgR 0.0002 | Global 0.6362 | Local 0.0711 | F1_macro 0.7511 | WorstLoss 1.0083
[Tracker] Saved snapshot: ep0310_phase1_class1
[Tracker] Ep  311 | AvgR 0.0000 | Global 0.1026 | Local 0.0386 | F1_macro 0.7527 | WorstLoss 1.2884
[Tracker] Ep  312 | AvgR 0.0000 | Global 0.0439 | Local 0.0871 | F1_macro 0.7499 | WorstLoss 1.3765
[Tracker] Ep  313 | AvgR 0.0001 | Global 0.2234 | Local 0.0510 | F1_macro 0.7421 | WorstLoss 1.1929
[Tracker] Ep  314 | AvgR 0.0000 | Global 0.1112 | Local 0.0641 | F1_macro 0.7455 | WorstLoss 1.2788
[Tracker] Ep  315 | AvgR 0.0001 | Global 0.1358 | Local 0.0949 | F1_macro 0.7402 | WorstLoss 1.2532
[Tracker] Saved snapshot: ep0315_phase1_class1
[Tracker] Ep  316 | AvgR 0.0001 | Global 0.2980 | Local 0.0715 | F1_macro 0.7474 | WorstLoss 1.1533
[Tracker] Ep  317 | AvgR 0.0002 | Global 0.6283 | Local 0.0619 | F1_macro 0.7549 | WorstLoss 1.0131
[Tracker] Ep  318 | AvgR 0.0001 | Global 0.2122 | Local 0.0888 | F1_macro 0.7401 | WorstLoss 1.1978
[Tracker] Ep  319 | AvgR 0.0001 | Global 0.1720 | Local 0.0777 | F1_macro 0.7383 | WorstLoss 1.2261
[Tracker] Ep  320 | AvgR 0.0001 | Global 0.1563 | Local 0.0688 | F1_macro 0.7480 | WorstLoss 1.2382
[Tracker] Saved snapshot: ep0320_phase1_class1
[Tracker] Ep  321 | AvgR 0.0001 | Global 0.2207 | Local 0.0580 | F1_macro 0.7582 | WorstLoss 1.1991
[Tracker] Ep  322 | AvgR 0.0001 | Global 0.4270 | Local 0.0721 | F1_macro 0.7643 | WorstLoss 1.0999
[Tracker] Ep  323 | AvgR 0.0001 | Global 0.5407 | Local 0.0539 | F1_macro 0.7525 | WorstLoss 1.0539
[Tracker] Ep  324 | AvgR 0.0001 | Global 0.4544 | Local 0.0530 | F1_macro 0.7574 | WorstLoss 1.0874
[Tracker] Ep  325 | AvgR 0.0002 | Global 0.7142 | Local 0.0466 | F1_macro 0.7545 | WorstLoss 0.9728
[Tracker] Saved snapshot: ep0325_phase1_class1
[Tracker] Ep  326 | AvgR 0.0000 | Global 0.0748 | Local 0.0435 | F1_macro 0.7481 | WorstLoss 1.3212
[Tracker] Ep  327 | AvgR 0.0001 | Global 0.2634 | Local 0.0828 | F1_macro 0.7436 | WorstLoss 1.1716
[Tracker] Ep  328 | AvgR 0.0001 | Global 0.2214 | Local 0.0718 | F1_macro 0.7521 | WorstLoss 1.1951
[Tracker] Ep  329 | AvgR 0.0001 | Global 0.2781 | Local 0.0687 | F1_macro 0.7486 | WorstLoss 1.1662
[Tracker] Ep  330 | AvgR 0.0001 | Global 0.3510 | Local 0.0693 | F1_macro 0.7640 | WorstLoss 1.1330
[Tracker] Saved snapshot: ep0330_phase1_class1
[Tracker] Ep  331 | AvgR 0.0001 | Global 0.2209 | Local 0.0842 | F1_macro 0.7599 | WorstLoss 1.1972
[Tracker] Ep  332 | AvgR 0.0002 | Global 0.7306 | Local 0.0717 | F1_macro 0.7655 | WorstLoss 0.9685
[Tracker] Ep  333 | AvgR 0.0002 | Global 0.7249 | Local 0.0733 | F1_macro 0.7676 | WorstLoss 0.9716
[Tracker] Ep  334 | AvgR 0.0001 | Global 0.3461 | Local 0.0496 | F1_macro 0.7557 | WorstLoss 1.1362
[Tracker] Ep  335 | AvgR 0.0001 | Global 0.1930 | Local 0.0838 | F1_macro 0.7538 | WorstLoss 1.2141
[Tracker] Saved snapshot: ep0335_phase1_class1
[Tracker] Ep  336 | AvgR 0.0000 | Global 0.0781 | Local 0.0936 | F1_macro 0.7508 | WorstLoss 1.3161
[Tracker] Ep  337 | AvgR 0.0001 | Global 0.2988 | Local 0.1085 | F1_macro 0.7563 | WorstLoss 1.1572
[Tracker] Ep  338 | AvgR 0.0001 | Global 0.5037 | Local 0.0802 | F1_macro 0.7500 | WorstLoss 1.0672
[Tracker] Ep  339 | AvgR 0.0001 | Global 0.3328 | Local 0.0740 | F1_macro 0.7495 | WorstLoss 1.1386
[Tracker] Ep  340 | AvgR 0.0001 | Global 0.4738 | Local 0.0381 | F1_macro 0.7634 | WorstLoss 1.0820
[Tracker] Saved snapshot: ep0340_phase1_class1
[Tracker] Ep  341 | AvgR 0.0001 | Global 0.2925 | Local 0.0715 | F1_macro 0.7621 | WorstLoss 1.1592
[Tracker] Ep  342 | AvgR 0.0001 | Global 0.3195 | Local 0.0617 | F1_macro 0.7581 | WorstLoss 1.1461
[Tracker] Ep  343 | AvgR 0.0001 | Global 0.4000 | Local 0.0545 | F1_macro 0.7494 | WorstLoss 1.1112
[Tracker] Ep  344 | AvgR 0.0001 | Global 0.5093 | Local 0.0772 | F1_macro 0.7500 | WorstLoss 1.0620
[Tracker] Ep  345 | AvgR 0.0002 | Global 0.6585 | Local 0.0636 | F1_macro 0.7657 | WorstLoss 1.0034
[Tracker] Saved snapshot: ep0345_phase1_class1
[Tracker] Ep  346 | AvgR 0.0001 | Global 0.4182 | Local 0.0884 | F1_macro 0.7465 | WorstLoss 1.0988
[Tracker] Ep  347 | AvgR 0.0001 | Global 0.3582 | Local 0.0632 | F1_macro 0.7513 | WorstLoss 1.1276
[Tracker] Ep  348 | AvgR 0.0001 | Global 0.1346 | Local 0.0802 | F1_macro 0.7477 | WorstLoss 1.2565
[Tracker] Ep  349 | AvgR 0.0001 | Global 0.4495 | Local 0.0756 | F1_macro 0.7634 | WorstLoss 1.0920
[Tracker] Ep  350 | AvgR 0.0002 | Global 0.5951 | Local 0.0503 | F1_macro 0.7643 | WorstLoss 1.0312
[Tracker] Saved snapshot: ep0350_phase1_class1
[Tracker] Ep  351 | AvgR 0.0002 | Global 0.5993 | Local 0.0622 | F1_macro 0.7681 | WorstLoss 1.0283
[Tracker] Ep  352 | AvgR 0.0002 | Global 0.6250 | Local 0.0407 | F1_macro 0.7593 | WorstLoss 1.0180
[Tracker] Ep  353 | AvgR 0.0001 | Global 0.3564 | Local 0.0711 | F1_macro 0.7553 | WorstLoss 1.1295
[Tracker] Ep  354 | AvgR 0.0001 | Global 0.2836 | Local 0.0888 | F1_macro 0.7548 | WorstLoss 1.1620
[Tracker] Ep  355 | AvgR 0.0001 | Global 0.5201 | Local 0.0401 | F1_macro 0.7633 | WorstLoss 1.0659
[Tracker] Saved snapshot: ep0355_phase1_class1
[Tracker] Ep  356 | AvgR 0.0001 | Global 0.1884 | Local 0.0675 | F1_macro 0.7414 | WorstLoss 1.2166
[Tracker] Ep  357 | AvgR 0.0001 | Global 0.2121 | Local 0.0631 | F1_macro 0.7568 | WorstLoss 1.2030
[Tracker] Ep  358 | AvgR 0.0002 | Global 0.6873 | Local 0.0669 | F1_macro 0.7578 | WorstLoss 0.9886
[Tracker] Ep  359 | AvgR 0.0000 | Global 0.1020 | Local 0.0643 | F1_macro 0.7534 | WorstLoss 1.2896
[Tracker] Ep  360 | AvgR 0.0001 | Global 0.2657 | Local 0.0533 | F1_macro 0.7563 | WorstLoss 1.1712
[Tracker] Saved snapshot: ep0360_phase1_class1
[Tracker] Ep  361 | AvgR 0.0002 | Global 0.5501 | Local 0.0690 | F1_macro 0.7632 | WorstLoss 1.0498
[Tracker] Ep  362 | AvgR 0.0001 | Global 0.2330 | Local 0.0692 | F1_macro 0.7503 | WorstLoss 1.1892
[Tracker] Ep  363 | AvgR 0.0001 | Global 0.3599 | Local 0.0533 | F1_macro 0.7534 | WorstLoss 1.1298
[Tracker] Ep  364 | AvgR 0.0001 | Global 0.4060 | Local 0.0528 | F1_macro 0.7637 | WorstLoss 1.1097
[Tracker] Ep  365 | AvgR 0.0001 | Global 0.5175 | Local 0.0870 | F1_macro 0.7521 | WorstLoss 1.0558
[Tracker] Saved snapshot: ep0365_phase1_class1
[Tracker] Ep  366 | AvgR 0.0001 | Global 0.1890 | Local 0.0993 | F1_macro 0.7573 | WorstLoss 1.2164
[Tracker] Ep  367 | AvgR 0.0001 | Global 0.1473 | Local 0.0884 | F1_macro 0.7455 | WorstLoss 1.2460
[Tracker] Ep  368 | AvgR 0.0001 | Global 0.2915 | Local 0.0296 | F1_macro 0.7575 | WorstLoss 1.1608
[Tracker] Ep  369 | AvgR 0.0001 | Global 0.4063 | Local 0.0725 | F1_macro 0.7617 | WorstLoss 1.1059
[Tracker] Ep  370 | AvgR 0.0001 | Global 0.2805 | Local 0.1130 | F1_macro 0.7512 | WorstLoss 1.1627
[Tracker] Saved snapshot: ep0370_phase1_class1
[Tracker] Ep  371 | AvgR 0.0001 | Global 0.2889 | Local 0.0767 | F1_macro 0.7444 | WorstLoss 1.1609
[Tracker] Ep  372 | AvgR 0.0000 | Global 0.1369 | Local 0.0640 | F1_macro 0.7551 | WorstLoss 1.2549
[Tracker] Ep  373 | AvgR 0.0000 | Global 0.0741 | Local 0.0756 | F1_macro 0.7508 | WorstLoss 1.3231
[Tracker] Ep  374 | AvgR 0.0001 | Global 0.1875 | Local 0.1135 | F1_macro 0.7449 | WorstLoss 1.2167
[Tracker] Ep  375 | AvgR 0.0001 | Global 0.1703 | Local 0.0725 | F1_macro 0.7548 | WorstLoss 1.2288
[Tracker] Saved snapshot: ep0375_phase1_class1
[Tracker] Ep  376 | AvgR 0.0002 | Global 0.5830 | Local 0.0830 | F1_macro 0.7564 | WorstLoss 1.0330
[Tracker] Ep  377 | AvgR 0.0001 | Global 0.4049 | Local 0.0758 | F1_macro 0.7609 | WorstLoss 1.1091
[Tracker] Ep  378 | AvgR 0.0000 | Global 0.1371 | Local 0.0471 | F1_macro 0.7533 | WorstLoss 1.2551
[Tracker] Ep  379 | AvgR 0.0001 | Global 0.3049 | Local 0.0786 | F1_macro 0.7569 | WorstLoss 1.1524
[Tracker] Ep  380 | AvgR 0.0001 | Global 0.1709 | Local 0.0767 | F1_macro 0.7491 | WorstLoss 1.2303
[Tracker] Saved snapshot: ep0380_phase1_class1
[Tracker] Ep  381 | AvgR 0.0001 | Global 0.3821 | Local 0.0671 | F1_macro 0.7627 | WorstLoss 1.1183
[Tracker] Ep  382 | AvgR 0.0001 | Global 0.2368 | Local 0.0957 | F1_macro 0.7549 | WorstLoss 1.1875
[Tracker] Ep  383 | AvgR 0.0001 | Global 0.1919 | Local 0.1058 | F1_macro 0.7455 | WorstLoss 1.2117
[Tracker] Ep  384 | AvgR 0.0001 | Global 0.1372 | Local 0.0779 | F1_macro 0.7541 | WorstLoss 1.2541
[Tracker] Ep  385 | AvgR 0.0001 | Global 0.1405 | Local 0.0852 | F1_macro 0.7639 | WorstLoss 1.2526
[Tracker] Saved snapshot: ep0385_phase1_class1
[Tracker] Ep  386 | AvgR 0.0001 | Global 0.4172 | Local 0.0839 | F1_macro 0.7553 | WorstLoss 1.1022
[Tracker] Ep  387 | AvgR 0.0001 | Global 0.2484 | Local 0.0856 | F1_macro 0.7495 | WorstLoss 1.1819
[Tracker] Ep  388 | AvgR 0.0001 | Global 0.1432 | Local 0.1083 | F1_macro 0.7529 | WorstLoss 1.2495
[Tracker] Ep  389 | AvgR 0.0001 | Global 0.1858 | Local 0.0700 | F1_macro 0.7518 | WorstLoss 1.2194
[Tracker] Ep  390 | AvgR 0.0001 | Global 0.2518 | Local 0.0659 | F1_macro 0.7611 | WorstLoss 1.1792
[Tracker] Saved snapshot: ep0390_phase1_class1
[Tracker] Ep  391 | AvgR 0.0001 | Global 0.1313 | Local 0.0797 | F1_macro 0.7506 | WorstLoss 1.2600
[Tracker] Ep  392 | AvgR 0.0001 | Global 0.4473 | Local 0.0569 | F1_macro 0.7477 | WorstLoss 1.0893
[Tracker] Ep  393 | AvgR 0.0001 | Global 0.2157 | Local 0.0937 | F1_macro 0.7421 | WorstLoss 1.1988
[Tracker] Ep  394 | AvgR 0.0001 | Global 0.4441 | Local 0.0599 | F1_macro 0.7546 | WorstLoss 1.0923
[Tracker] Ep  395 | AvgR 0.0001 | Global 0.1475 | Local 0.0948 | F1_macro 0.7523 | WorstLoss 1.2471
[Tracker] Saved snapshot: ep0395_phase1_class1
[Tracker] Ep  396 | AvgR 0.0001 | Global 0.5144 | Local 0.0737 | F1_macro 0.7560 | WorstLoss 1.0620
[Tracker] Ep  397 | AvgR 0.0001 | Global 0.4030 | Local 0.0815 | F1_macro 0.7496 | WorstLoss 1.1090
[Tracker] Ep  398 | AvgR 0.0001 | Global 0.2420 | Local 0.0489 | F1_macro 0.7502 | WorstLoss 1.1867
[Tracker] Ep  399 | AvgR 0.0001 | Global 0.1711 | Local 0.0922 | F1_macro 0.7501 | WorstLoss 1.2271
[Tracker] Ep  400 | AvgR 0.0001 | Global 0.1967 | Local 0.0967 | F1_macro 0.7477 | WorstLoss 1.2096
[Tracker] Saved snapshot: ep0400_phase1_class1
[Tracker] Ep  401 | AvgR 0.0001 | Global 0.4826 | Local 0.0783 | F1_macro 0.7471 | WorstLoss 1.0742
[Tracker] Ep  402 | AvgR 0.0001 | Global 0.3682 | Local 0.0691 | F1_macro 0.7501 | WorstLoss 1.1225
[Tracker] Ep  403 | AvgR 0.0001 | Global 0.1216 | Local 0.1254 | F1_macro 0.7446 | WorstLoss 1.2670
[Tracker] Ep  404 | AvgR 0.0001 | Global 0.3086 | Local 0.1168 | F1_macro 0.7519 | WorstLoss 1.1501
[Tracker] Ep  405 | AvgR 0.0002 | Global 0.5314 | Local 0.1043 | F1_macro 0.7390 | WorstLoss 1.0543
[Tracker] Saved snapshot: ep0405_phase1_class1
[Tracker] Ep  406 | AvgR 0.0001 | Global 0.2923 | Local 0.0662 | F1_macro 0.7639 | WorstLoss 1.1595
[Tracker] Ep  407 | AvgR 0.0002 | Global 0.7756 | Local 0.0988 | F1_macro 0.7590 | WorstLoss 0.9361
[Tracker] Ep  408 | AvgR 0.0001 | Global 0.2404 | Local 0.0961 | F1_macro 0.7480 | WorstLoss 1.1859
[Tracker] Ep  409 | AvgR 0.0002 | Global 0.6845 | Local 0.0789 | F1_macro 0.7580 | WorstLoss 0.9912
[Tracker] Ep  410 | AvgR 0.0001 | Global 0.3359 | Local 0.0949 | F1_macro 0.7603 | WorstLoss 1.1391
[Tracker] Saved snapshot: ep0410_phase1_class1
[Tracker] Ep  411 | AvgR 0.0001 | Global 0.1547 | Local 0.0915 | F1_macro 0.7510 | WorstLoss 1.2400
[Tracker] Ep  412 | AvgR 0.0000 | Global 0.1013 | Local 0.0848 | F1_macro 0.7473 | WorstLoss 1.2899
[Tracker] Ep  413 | AvgR 0.0001 | Global 0.4516 | Local 0.0827 | F1_macro 0.7533 | WorstLoss 1.0885
[Tracker] Ep  414 | AvgR 0.0000 | Global 0.1110 | Local 0.0528 | F1_macro 0.7509 | WorstLoss 1.2802
[Tracker] Ep  415 | AvgR 0.0002 | Global 0.5247 | Local 0.0815 | F1_macro 0.7628 | WorstLoss 1.0586
[Tracker] Saved snapshot: ep0415_phase1_class1
[Tracker] Ep  416 | AvgR 0.0001 | Global 0.4276 | Local 0.0785 | F1_macro 0.7497 | WorstLoss 1.0966
[Tracker] Ep  417 | AvgR 0.0001 | Global 0.2918 | Local 0.1057 | F1_macro 0.7560 | WorstLoss 1.1572
[Tracker] Ep  418 | AvgR 0.0001 | Global 0.2591 | Local 0.1196 | F1_macro 0.7495 | WorstLoss 1.1745
[Tracker] Ep  419 | AvgR 0.0000 | Global 0.0952 | Local 0.1041 | F1_macro 0.7467 | WorstLoss 1.2951
[Tracker] Ep  420 | AvgR 0.0000 | Global 0.1025 | Local 0.0853 | F1_macro 0.7417 | WorstLoss 1.2874
[Tracker] Saved snapshot: ep0420_phase1_class1
[Tracker] Ep  421 | AvgR 0.0001 | Global 0.2910 | Local 0.0724 | F1_macro 0.7532 | WorstLoss 1.1600
[Tracker] Ep  422 | AvgR 0.0001 | Global 0.2269 | Local 0.0606 | F1_macro 0.7472 | WorstLoss 1.1936
[Tracker] Ep  423 | AvgR 0.0001 | Global 0.1875 | Local 0.0876 | F1_macro 0.7522 | WorstLoss 1.2161
[Tracker] Ep  424 | AvgR 0.0000 | Global 0.0986 | Local 0.0886 | F1_macro 0.7535 | WorstLoss 1.2907
[Tracker] Ep  425 | AvgR 0.0001 | Global 0.4529 | Local 0.1119 | F1_macro 0.7610 | WorstLoss 1.0885
[Tracker] Saved snapshot: ep0425_phase1_class1
[Tracker] Ep  426 | AvgR 0.0001 | Global 0.3075 | Local 0.0612 | F1_macro 0.7545 | WorstLoss 1.1517
[Tracker] Ep  427 | AvgR 0.0001 | Global 0.1727 | Local 0.0609 | F1_macro 0.7542 | WorstLoss 1.2274
[Tracker] Ep  428 | AvgR 0.0001 | Global 0.1794 | Local 0.0815 | F1_macro 0.7480 | WorstLoss 1.2206
[Tracker] Ep  429 | AvgR 0.0001 | Global 0.3245 | Local 0.0795 | F1_macro 0.7562 | WorstLoss 1.1428
[Tracker] Ep  430 | AvgR 0.0001 | Global 0.2522 | Local 0.0747 | F1_macro 0.7583 | WorstLoss 1.1807
[Tracker] Saved snapshot: ep0430_phase1_class1
[Tracker] Ep  431 | AvgR 0.0001 | Global 0.2609 | Local 0.0503 | F1_macro 0.7510 | WorstLoss 1.1750
[Tracker] Ep  432 | AvgR 0.0002 | Global 0.6507 | Local 0.0691 | F1_macro 0.7657 | WorstLoss 1.0068
[Tracker] Ep  433 | AvgR 0.0001 | Global 0.1438 | Local 0.0943 | F1_macro 0.7504 | WorstLoss 1.2463
[Tracker] Ep  434 | AvgR 0.0001 | Global 0.3646 | Local 0.0804 | F1_macro 0.7556 | WorstLoss 1.1254
[Tracker] Ep  435 | AvgR 0.0001 | Global 0.4314 | Local 0.0640 | F1_macro 0.7494 | WorstLoss 1.0956
[Tracker] Saved snapshot: ep0435_phase1_class1
[Tracker] Ep  436 | AvgR 0.0001 | Global 0.4860 | Local 0.0715 | F1_macro 0.7606 | WorstLoss 1.0752
[Tracker] Ep  437 | AvgR 0.0001 | Global 0.3295 | Local 0.0805 | F1_macro 0.7520 | WorstLoss 1.1413
[Tracker] Ep  438 | AvgR 0.0001 | Global 0.3029 | Local 0.0964 | F1_macro 0.7604 | WorstLoss 1.1539
[Tracker] Ep  439 | AvgR 0.0001 | Global 0.2150 | Local 0.0989 | F1_macro 0.7452 | WorstLoss 1.1985
[Tracker] Ep  440 | AvgR 0.0001 | Global 0.3142 | Local 0.0823 | F1_macro 0.7614 | WorstLoss 1.1472
[Tracker] Saved snapshot: ep0440_phase1_class1
[Tracker] Ep  441 | AvgR 0.0001 | Global 0.2886 | Local 0.1159 | F1_macro 0.7532 | WorstLoss 1.1587
[Tracker] Ep  442 | AvgR 0.0001 | Global 0.4884 | Local 0.0910 | F1_macro 0.7469 | WorstLoss 1.0697
[Tracker] Ep  443 | AvgR 0.0001 | Global 0.4240 | Local 0.1085 | F1_macro 0.7617 | WorstLoss 1.1011
[Tracker] Ep  444 | AvgR 0.0001 | Global 0.1798 | Local 0.0897 | F1_macro 0.7565 | WorstLoss 1.2226
[Tracker] Ep  445 | AvgR 0.0000 | Global 0.0935 | Local 0.0843 | F1_macro 0.7426 | WorstLoss 1.2970
[Tracker] Saved snapshot: ep0445_phase1_class1
[Tracker] Ep  446 | AvgR 0.0001 | Global 0.2992 | Local 0.0919 | F1_macro 0.7581 | WorstLoss 1.1550
[Tracker] Ep  447 | AvgR 0.0001 | Global 0.1281 | Local 0.0821 | F1_macro 0.7545 | WorstLoss 1.2623
[Tracker] Ep  448 | AvgR 0.0002 | Global 0.5860 | Local 0.0690 | F1_macro 0.7648 | WorstLoss 1.0353
[Tracker] Ep  449 | AvgR 0.0001 | Global 0.1343 | Local 0.0940 | F1_macro 0.7547 | WorstLoss 1.2559
[Tracker] Ep  450 | AvgR 0.0001 | Global 0.3168 | Local 0.0949 | F1_macro 0.7456 | WorstLoss 1.1462
[Tracker] Saved snapshot: ep0450_phase1_class1
[Tracker] Ep  451 | AvgR 0.0001 | Global 0.1931 | Local 0.0785 | F1_macro 0.7645 | WorstLoss 1.2138
[Tracker] Ep  452 | AvgR 0.0001 | Global 0.1765 | Local 0.0861 | F1_macro 0.7537 | WorstLoss 1.2229
[Tracker] Ep  453 | AvgR 0.0002 | Global 0.5244 | Local 0.0730 | F1_macro 0.7592 | WorstLoss 1.0592
[Tracker] Ep  454 | AvgR 0.0001 | Global 0.1203 | Local 0.0914 | F1_macro 0.7443 | WorstLoss 1.2688
[Tracker] Ep  455 | AvgR 0.0001 | Global 0.4171 | Local 0.0855 | F1_macro 0.7558 | WorstLoss 1.1015
[Tracker] Saved snapshot: ep0455_phase1_class1
[Tracker] Ep  456 | AvgR 0.0001 | Global 0.4127 | Local 0.0948 | F1_macro 0.7572 | WorstLoss 1.1066
[Tracker] Ep  457 | AvgR 0.0001 | Global 0.5041 | Local 0.0673 | F1_macro 0.7586 | WorstLoss 1.0682
[Tracker] Ep  458 | AvgR 0.0001 | Global 0.3099 | Local 0.0968 | F1_macro 0.7502 | WorstLoss 1.1514
[Tracker] Ep  459 | AvgR 0.0001 | Global 0.3016 | Local 0.1151 | F1_macro 0.7583 | WorstLoss 1.1495
[Tracker] Ep  460 | AvgR 0.0001 | Global 0.3652 | Local 0.0717 | F1_macro 0.7601 | WorstLoss 1.1251
[Tracker] Saved snapshot: ep0460_phase1_class1
[Tracker] Ep  461 | AvgR 0.0001 | Global 0.4158 | Local 0.0761 | F1_macro 0.7647 | WorstLoss 1.1050
[Tracker] Ep  462 | AvgR 0.0001 | Global 0.3171 | Local 0.0848 | F1_macro 0.7569 | WorstLoss 1.1473
[Tracker] Ep  463 | AvgR 0.0001 | Global 0.3571 | Local 0.0679 | F1_macro 0.7518 | WorstLoss 1.1284
[Tracker] Ep  464 | AvgR 0.0001 | Global 0.3156 | Local 0.0923 | F1_macro 0.7508 | WorstLoss 1.1470
[Tracker] Ep  465 | AvgR 0.0001 | Global 0.1323 | Local 0.1032 | F1_macro 0.7392 | WorstLoss 1.2580
[Tracker] Saved snapshot: ep0465_phase1_class1
[Tracker] Ep  466 | AvgR 0.0001 | Global 0.2288 | Local 0.0825 | F1_macro 0.7493 | WorstLoss 1.1921
[Tracker] Ep  467 | AvgR 0.0002 | Global 0.5395 | Local 0.0788 | F1_macro 0.7577 | WorstLoss 1.0503
[Tracker] Ep  468 | AvgR 0.0001 | Global 0.1726 | Local 0.1031 | F1_macro 0.7565 | WorstLoss 1.2266
[Tracker] Ep  469 | AvgR 0.0000 | Global 0.0223 | Local 0.1107 | F1_macro 0.7527 | WorstLoss 1.4465
[Tracker] Ep  470 | AvgR 0.0001 | Global 0.3272 | Local 0.0750 | F1_macro 0.7576 | WorstLoss 1.1411
[Tracker] Saved snapshot: ep0470_phase1_class1
[Tracker] Ep  471 | AvgR 0.0001 | Global 0.1635 | Local 0.0968 | F1_macro 0.7574 | WorstLoss 1.2337
[Tracker] Ep  472 | AvgR 0.0001 | Global 0.1911 | Local 0.1047 | F1_macro 0.7546 | WorstLoss 1.2139
[Tracker] Ep  473 | AvgR 0.0001 | Global 0.3537 | Local 0.0791 | F1_macro 0.7554 | WorstLoss 1.1297
[Tracker] Ep  474 | AvgR 0.0001 | Global 0.1411 | Local 0.0657 | F1_macro 0.7520 | WorstLoss 1.2517
[Tracker] Ep  475 | AvgR 0.0001 | Global 0.4800 | Local 0.0893 | F1_macro 0.7642 | WorstLoss 1.0789
[Tracker] Saved snapshot: ep0475_phase1_class1
[Tracker] Ep  476 | AvgR 0.0002 | Global 0.5403 | Local 0.0464 | F1_macro 0.7501 | WorstLoss 1.0521
[Tracker] Ep  477 | AvgR 0.0001 | Global 0.2879 | Local 0.0878 | F1_macro 0.7486 | WorstLoss 1.1588
[Tracker] Ep  478 | AvgR 0.0001 | Global 0.1786 | Local 0.1115 | F1_macro 0.7494 | WorstLoss 1.2215
[Tracker] Ep  479 | AvgR 0.0001 | Global 0.1639 | Local 0.0668 | F1_macro 0.7512 | WorstLoss 1.2330
[Tracker] Ep  480 | AvgR 0.0001 | Global 0.2740 | Local 0.0953 | F1_macro 0.7442 | WorstLoss 1.1648
[Tracker] Saved snapshot: ep0480_phase1_class1
[Tracker] Ep  481 | AvgR 0.0002 | Global 0.5896 | Local 0.0787 | F1_macro 0.7434 | WorstLoss 1.0329
[Tracker] Ep  482 | AvgR 0.0001 | Global 0.2703 | Local 0.0777 | F1_macro 0.7427 | WorstLoss 1.1677
[Tracker] Ep  483 | AvgR 0.0001 | Global 0.1769 | Local 0.0806 | F1_macro 0.7341 | WorstLoss 1.2240
[Tracker] Ep  484 | AvgR 0.0003 | Global 0.8794 | Local 0.0933 | F1_macro 0.7414 | WorstLoss 0.8393
[Tracker] New BEST synthetic [phase1_class1] (by global.global_obj: 0.879376) saved.
[Tracker] BEST β weights [phase1_class1] saved -> training_runs/SPECv14_census_dvrl_twophase_3seeds_EP800_PCA10_REWfairness_minID1_majID0_TRJ2000_REAL3000_GG202603162050_d61bc7e3/seed_0/best_beta_state_dict_phase1_class1.pt
[Tracker] Ep  485 | AvgR 0.0001 | Global 0.4053 | Local 0.0449 | F1_macro 0.7456 | WorstLoss 1.1090
[Tracker] Saved snapshot: ep0485_phase1_class1
[Tracker] Ep  486 | AvgR 0.0002 | Global 0.5026 | Local 0.0692 | F1_macro 0.7410 | WorstLoss 1.0667
[Tracker] Ep  487 | AvgR 0.0001 | Global 0.1596 | Local 0.1145 | F1_macro 0.7337 | WorstLoss 1.2357
[Tracker] Ep  488 | AvgR 0.0001 | Global 0.3874 | Local 0.1105 | F1_macro 0.7404 | WorstLoss 1.1166
[Tracker] Ep  489 | AvgR 0.0002 | Global 0.7110 | Local 0.0635 | F1_macro 0.7474 | WorstLoss 0.9730
[Tracker] Ep  490 | AvgR 0.0002 | Global 0.7564 | Local 0.0925 | F1_macro 0.7558 | WorstLoss 0.9462
[Tracker] Saved snapshot: ep0490_phase1_class1
[Tracker] Ep  491 | AvgR 0.0001 | Global 0.1399 | Local 0.0863 | F1_macro 0.7338 | WorstLoss 1.2503
[Tracker] Ep  492 | AvgR 0.0002 | Global 0.7863 | Local 0.0543 | F1_macro 0.7467 | WorstLoss 0.9284
[Tracker] Ep  493 | AvgR 0.0002 | Global 0.6455 | Local 0.0757 | F1_macro 0.7403 | WorstLoss 1.0035
[Tracker] Ep  494 | AvgR 0.0001 | Global 0.3403 | Local 0.0850 | F1_macro 0.7473 | WorstLoss 1.1359
[Tracker] Ep  495 | AvgR 0.0002 | Global 0.7788 | Local 0.0831 | F1_macro 0.7539 | WorstLoss 0.9362
[Tracker] Saved snapshot: ep0495_phase1_class1
[Tracker] Ep  496 | AvgR 0.0001 | Global 0.4082 | Local 0.0648 | F1_macro 0.7479 | WorstLoss 1.1065
[Tracker] Ep  497 | AvgR 0.0002 | Global 0.4772 | Local 0.1100 | F1_macro 0.7338 | WorstLoss 1.0730
[Tracker] Ep  498 | AvgR 0.0002 | Global 0.6928 | Local 0.0790 | F1_macro 0.7487 | WorstLoss 0.9862
[Tracker] Ep  499 | AvgR 0.0003 | Global 0.8735 | Local 0.0730 | F1_macro 0.7441 | WorstLoss 0.8440
[Tracker] Ep  500 | AvgR 0.0002 | Global 0.8027 | Local 0.1023 | F1_macro 0.7455 | WorstLoss 0.9085
[Tracker] Saved snapshot: ep0500_phase1_class1
[Tracker] Ep  501 | AvgR 0.0001 | Global 0.3918 | Local 0.1158 | F1_macro 0.7386 | WorstLoss 1.1104
[Tracker] Ep  502 | AvgR 0.0002 | Global 0.7831 | Local 0.1006 | F1_macro 0.7540 | WorstLoss 0.9288
[Tracker] Ep  503 | AvgR 0.0002 | Global 0.7140 | Local 0.1194 | F1_macro 0.7473 | WorstLoss 0.9648
[Tracker] Ep  504 | AvgR 0.0003 | Global 0.8784 | Local 0.1414 | F1_macro 0.7351 | WorstLoss 0.8207
[Tracker] Ep  505 | AvgR 0.0003 | Global 0.9074 | Local 0.0804 | F1_macro 0.7527 | WorstLoss 0.8025
[Tracker] Saved snapshot: ep0505_phase1_class1
[Tracker] New BEST synthetic [phase1_class1] (by global.global_obj: 0.907446) saved.
[Tracker] BEST β weights [phase1_class1] saved -> training_runs/SPECv14_census_dvrl_twophase_3seeds_EP800_PCA10_REWfairness_minID1_majID0_TRJ2000_REAL3000_GG202603162050_d61bc7e3/seed_0/best_beta_state_dict_phase1_class1.pt
[Tracker] Ep  506 | AvgR 0.0003 | Global 0.9057 | Local 0.0946 | F1_macro 0.7460 | WorstLoss 0.8065
[Tracker] Ep  507 | AvgR 0.0002 | Global 0.7170 | Local 0.1094 | F1_macro 0.7257 | WorstLoss 0.9607
[Tracker] Ep  508 | AvgR 0.0002 | Global 0.7281 | Local 0.0986 | F1_macro 0.7259 | WorstLoss 0.9602
[Tracker] Ep  509 | AvgR 0.0002 | Global 0.7208 | Local 0.0987 | F1_macro 0.7412 | WorstLoss 0.9691
[Tracker] Ep  510 | AvgR 0.0001 | Global 0.3673 | Local 0.1029 | F1_macro 0.7275 | WorstLoss 1.1225
[Tracker] Saved snapshot: ep0510_phase1_class1
[Tracker] Ep  511 | AvgR 0.0002 | Global 0.7363 | Local 0.1197 | F1_macro 0.7369 | WorstLoss 0.9520
[Tracker] Ep  512 | AvgR 0.0003 | Global 0.8161 | Local 0.1334 | F1_macro 0.7408 | WorstLoss 0.8989
[Tracker] Ep  513 | AvgR 0.0002 | Global 0.7874 | Local 0.0700 | F1_macro 0.7575 | WorstLoss 0.9338
[Tracker] Ep  514 | AvgR 0.0003 | Global 0.8148 | Local 0.1150 | F1_macro 0.7481 | WorstLoss 0.9042
[Tracker] Ep  515 | AvgR 0.0003 | Global 0.8124 | Local 0.1177 | F1_macro 0.7477 | WorstLoss 0.9086
[Tracker] Saved snapshot: ep0515_phase1_class1
[Tracker] Ep  516 | AvgR 0.0003 | Global 0.8084 | Local 0.1226 | F1_macro 0.7396 | WorstLoss 0.9044
[Tracker] Ep  517 | AvgR 0.0002 | Global 0.7563 | Local 0.0771 | F1_macro 0.7444 | WorstLoss 0.9464
[Tracker] Ep  518 | AvgR 0.0003 | Global 0.9463 | Local 0.0863 | F1_macro 0.7518 | WorstLoss 0.6658
[Tracker] New BEST synthetic [phase1_class1] (by global.global_obj: 0.946278) saved.
[Tracker] BEST β weights [phase1_class1] saved -> training_runs/SPECv14_census_dvrl_twophase_3seeds_EP800_PCA10_REWfairness_minID1_majID0_TRJ2000_REAL3000_GG202603162050_d61bc7e3/seed_0/best_beta_state_dict_phase1_class1.pt
[Tracker] Ep  519 | AvgR 0.0003 | Global 0.8133 | Local 0.1138 | F1_macro 0.7369 | WorstLoss 0.9014
[Tracker] Ep  520 | AvgR 0.0002 | Global 0.7476 | Local 0.1280 | F1_macro 0.7326 | WorstLoss 0.9458
[Tracker] Saved snapshot: ep0520_phase1_class1
[Tracker] Ep  521 | AvgR 0.0003 | Global 0.9308 | Local 0.1125 | F1_macro 0.7492 | WorstLoss 0.7199
[Tracker] Ep  522 | AvgR 0.0002 | Global 0.7039 | Local 0.1371 | F1_macro 0.7289 | WorstLoss 0.9693
[Tracker] Ep  523 | AvgR 0.0003 | Global 0.9348 | Local 0.1136 | F1_macro 0.7493 | WorstLoss 0.7239
[Tracker] Ep  524 | AvgR 0.0003 | Global 0.8492 | Local 0.0825 | F1_macro 0.7497 | WorstLoss 0.8871
[Tracker] Ep  525 | AvgR 0.0002 | Global 0.7063 | Local 0.1087 | F1_macro 0.7435 | WorstLoss 0.9708
[Tracker] Saved snapshot: ep0525_phase1_class1
[Tracker] Ep  526 | AvgR 0.0003 | Global 0.8573 | Local 0.0924 | F1_macro 0.7505 | WorstLoss 0.8708
[Tracker] Ep  527 | AvgR 0.0003 | Global 0.8114 | Local 0.1088 | F1_macro 0.7470 | WorstLoss 0.9087
[Tracker] Ep  528 | AvgR 0.0003 | Global 0.9291 | Local 0.1037 | F1_macro 0.7365 | WorstLoss 0.7087
[Tracker] Ep  529 | AvgR 0.0003 | Global 0.8713 | Local 0.1139 | F1_macro 0.7345 | WorstLoss 0.8354
[Tracker] Ep  530 | AvgR 0.0003 | Global 0.9498 | Local 0.1121 | F1_macro 0.7530 | WorstLoss 0.7309
[Tracker] Saved snapshot: ep0530_phase1_class1
[Tracker] New BEST synthetic [phase1_class1] (by global.global_obj: 0.949826) saved.
[Tracker] BEST β weights [phase1_class1] saved -> training_runs/SPECv14_census_dvrl_twophase_3seeds_EP800_PCA10_REWfairness_minID1_majID0_TRJ2000_REAL3000_GG202603162050_d61bc7e3/seed_0/best_beta_state_dict_phase1_class1.pt
[Tracker] Ep  531 | AvgR 0.0002 | Global 0.7206 | Local 0.1093 | F1_macro 0.7432 | WorstLoss 0.9669
[Tracker] Ep  532 | AvgR 0.0002 | Global 0.7155 | Local 0.0900 | F1_macro 0.7408 | WorstLoss 0.9721
[Tracker] Ep  533 | AvgR 0.0003 | Global 0.8234 | Local 0.1249 | F1_macro 0.7380 | WorstLoss 0.9033
[Tracker] Ep  534 | AvgR 0.0002 | Global 0.7647 | Local 0.1186 | F1_macro 0.7322 | WorstLoss 0.9343
[Tracker] Ep  535 | AvgR 0.0002 | Global 0.6141 | Local 0.1189 | F1_macro 0.7224 | WorstLoss 1.0130
[Tracker] Saved snapshot: ep0535_phase1_class1
[Tracker] Ep  536 | AvgR 0.0003 | Global 0.9320 | Local 0.0965 | F1_macro 0.7459 | WorstLoss 0.7327
[Tracker] Ep  537 | AvgR 0.0003 | Global 0.8503 | Local 0.1250 | F1_macro 0.7303 | WorstLoss 0.8646
[Tracker] Ep  538 | AvgR 0.0003 | Global 0.9348 | Local 0.1344 | F1_macro 0.7486 | WorstLoss 0.6551
[Tracker] Ep  539 | AvgR 0.0003 | Global 0.8034 | Local 0.1003 | F1_macro 0.7342 | WorstLoss 0.9051
[Tracker] Ep  540 | AvgR 0.0003 | Global 0.8529 | Local 0.1281 | F1_macro 0.7514 | WorstLoss 0.8680
[Tracker] Saved snapshot: ep0540_phase1_class1
[Tracker] Ep  541 | AvgR 0.0002 | Global 0.4644 | Local 0.1062 | F1_macro 0.7340 | WorstLoss 1.0791
[Tracker] Ep  542 | AvgR 0.0003 | Global 0.9328 | Local 0.1119 | F1_macro 0.7372 | WorstLoss 0.6960
[Tracker] Ep  543 | AvgR 0.0003 | Global 0.8671 | Local 0.1413 | F1_macro 0.7307 | WorstLoss 0.8415
[Tracker] Ep  544 | AvgR 0.0003 | Global 0.9123 | Local 0.1051 | F1_macro 0.7416 | WorstLoss 0.7958
[Tracker] Ep  545 | AvgR 0.0002 | Global 0.6972 | Local 0.0887 | F1_macro 0.7451 | WorstLoss 0.9751
[Tracker] Saved snapshot: ep0545_phase1_class1
[Tracker] Ep  546 | AvgR 0.0003 | Global 0.8714 | Local 0.1490 | F1_macro 0.7420 | WorstLoss 0.8570
[Tracker] Ep  547 | AvgR 0.0003 | Global 0.8646 | Local 0.1055 | F1_macro 0.7392 | WorstLoss 0.8391
[Tracker] Ep  548 | AvgR 0.0003 | Global 0.8415 | Local 0.1123 | F1_macro 0.7363 | WorstLoss 0.8737
[Tracker] Ep  549 | AvgR 0.0002 | Global 0.4771 | Local 0.1086 | F1_macro 0.7364 | WorstLoss 1.0755
[Tracker] Ep  550 | AvgR 0.0003 | Global 0.9431 | Local 0.0984 | F1_macro 0.7555 | WorstLoss 0.7283
[Tracker] Saved snapshot: ep0550_phase1_class1
[Tracker] Ep  551 | AvgR 0.0003 | Global 0.9357 | Local 0.0791 | F1_macro 0.7513 | WorstLoss 0.7598
[Tracker] Ep  552 | AvgR 0.0003 | Global 0.7912 | Local 0.1310 | F1_macro 0.7428 | WorstLoss 0.9063
[Tracker] Ep  553 | AvgR 0.0003 | Global 0.8911 | Local 0.1086 | F1_macro 0.7410 | WorstLoss 0.8294
[Tracker] Ep  554 | AvgR 0.0003 | Global 0.8882 | Local 0.1120 | F1_macro 0.7400 | WorstLoss 0.8231
[Tracker] Ep  555 | AvgR 0.0003 | Global 0.8944 | Local 0.1093 | F1_macro 0.7443 | WorstLoss 0.7969
[Tracker] Saved snapshot: ep0555_phase1_class1
[Tracker] Ep  556 | AvgR 0.0002 | Global 0.7159 | Local 0.1309 | F1_macro 0.7144 | WorstLoss 0.9624
[Tracker] Ep  557 | AvgR 0.0003 | Global 0.8321 | Local 0.1287 | F1_macro 0.7485 | WorstLoss 0.8860
[Tracker] Ep  558 | AvgR 0.0003 | Global 0.8157 | Local 0.1288 | F1_macro 0.7461 | WorstLoss 0.9100
[Tracker] Ep  559 | AvgR 0.0003 | Global 0.8281 | Local 0.0933 | F1_macro 0.7429 | WorstLoss 0.8878
[Tracker] Ep  560 | AvgR 0.0003 | Global 0.8673 | Local 0.1287 | F1_macro 0.7356 | WorstLoss 0.8386
[Tracker] Saved snapshot: ep0560_phase1_class1
[Tracker] Ep  561 | AvgR 0.0003 | Global 0.9157 | Local 0.0996 | F1_macro 0.7422 | WorstLoss 0.7725
[Tracker] Ep  562 | AvgR 0.0003 | Global 0.9231 | Local 0.0982 | F1_macro 0.7501 | WorstLoss 0.7526
[Tracker] Ep  563 | AvgR 0.0003 | Global 0.9227 | Local 0.1050 | F1_macro 0.7394 | WorstLoss 0.7226
[Tracker] Ep  564 | AvgR 0.0003 | Global 0.9389 | Local 0.1469 | F1_macro 0.7559 | WorstLoss 0.7096
[Tracker] Ep  565 | AvgR 0.0003 | Global 0.8566 | Local 0.1780 | F1_macro 0.7278 | WorstLoss 0.8534
[Tracker] Saved snapshot: ep0565_phase1_class1
[Tracker] Ep  566 | AvgR 0.0003 | Global 0.9132 | Local 0.1986 | F1_macro 0.7180 | WorstLoss 0.7038
[Tracker] Ep  567 | AvgR 0.0003 | Global 0.8805 | Local 0.1337 | F1_macro 0.7357 | WorstLoss 0.8025
[Tracker] Ep  568 | AvgR 0.0003 | Global 0.7922 | Local 0.1281 | F1_macro 0.7545 | WorstLoss 0.9182
[Tracker] Ep  569 | AvgR 0.0003 | Global 0.8447 | Local 0.0996 | F1_macro 0.7428 | WorstLoss 0.8695
[Tracker] Ep  570 | AvgR 0.0003 | Global 0.7975 | Local 0.1103 | F1_macro 0.7439 | WorstLoss 0.9137
[Tracker] Saved snapshot: ep0570_phase1_class1
[Tracker] Ep  571 | AvgR 0.0002 | Global 0.6793 | Local 0.1044 | F1_macro 0.7407 | WorstLoss 0.9881
[Tracker] Ep  572 | AvgR 0.0003 | Global 0.8417 | Local 0.1316 | F1_macro 0.7432 | WorstLoss 0.8824
[Tracker] Ep  573 | AvgR 0.0003 | Global 0.9279 | Local 0.1096 | F1_macro 0.7498 | WorstLoss 0.6963
[Tracker] Ep  574 | AvgR 0.0003 | Global 0.8694 | Local 0.1233 | F1_macro 0.7418 | WorstLoss 0.8540
[Tracker] Ep  575 | AvgR 0.0003 | Global 0.8122 | Local 0.1438 | F1_macro 0.7362 | WorstLoss 0.8967
[Tracker] Saved snapshot: ep0575_phase1_class1
[Tracker] Ep  576 | AvgR 0.0003 | Global 0.9405 | Local 0.0929 | F1_macro 0.7536 | WorstLoss 0.7414
[Tracker] Ep  577 | AvgR 0.0002 | Global 0.7460 | Local 0.1144 | F1_macro 0.7379 | WorstLoss 0.9416
[Tracker] Ep  578 | AvgR 0.0003 | Global 0.9363 | Local 0.1034 | F1_macro 0.7508 | WorstLoss 0.6988
[Tracker] Ep  579 | AvgR 0.0003 | Global 0.8894 | Local 0.1473 | F1_macro 0.7463 | WorstLoss 0.8211
[Tracker] Ep  580 | AvgR 0.0003 | Global 0.8810 | Local 0.1017 | F1_macro 0.7487 | WorstLoss 0.8341
[Tracker] Saved snapshot: ep0580_phase1_class1
[Tracker] Ep  581 | AvgR 0.0003 | Global 0.9159 | Local 0.1073 | F1_macro 0.7525 | WorstLoss 0.7532
[Tracker] Ep  582 | AvgR 0.0003 | Global 0.9421 | Local 0.1050 | F1_macro 0.7469 | WorstLoss 0.6962
[Tracker] Ep  583 | AvgR 0.0003 | Global 0.9291 | Local 0.1149 | F1_macro 0.7564 | WorstLoss 0.7346
[Tracker] Ep  584 | AvgR 0.0003 | Global 0.9356 | Local 0.0980 | F1_macro 0.7488 | WorstLoss 0.7129
[Tracker] Ep  585 | AvgR 0.0002 | Global 0.5653 | Local 0.1216 | F1_macro 0.7351 | WorstLoss 1.0308
[Tracker] Saved snapshot: ep0585_phase1_class1
[Tracker] Ep  586 | AvgR 0.0003 | Global 0.8156 | Local 0.1078 | F1_macro 0.7451 | WorstLoss 0.9006
[Tracker] Ep  587 | AvgR 0.0002 | Global 0.5363 | Local 0.1114 | F1_macro 0.7357 | WorstLoss 1.0442
[Tracker] Ep  588 | AvgR 0.0003 | Global 0.8374 | Local 0.1789 | F1_macro 0.7360 | WorstLoss 0.8674
[Tracker] Ep  589 | AvgR 0.0003 | Global 0.8953 | Local 0.1321 | F1_macro 0.7381 | WorstLoss 0.7894
[Tracker] Ep  590 | AvgR 0.0003 | Global 0.8445 | Local 0.1518 | F1_macro 0.7273 | WorstLoss 0.8506
[Tracker] Saved snapshot: ep0590_phase1_class1
[Tracker] Ep  591 | AvgR 0.0003 | Global 0.9079 | Local 0.1357 | F1_macro 0.7535 | WorstLoss 0.7671
[Tracker] Ep  592 | AvgR 0.0003 | Global 0.9608 | Local 0.0648 | F1_macro 0.7629 | WorstLoss 0.6737
[Tracker] New BEST synthetic [phase1_class1] (by global.global_obj: 0.960816) saved.
[Tracker] BEST β weights [phase1_class1] saved -> training_runs/SPECv14_census_dvrl_twophase_3seeds_EP800_PCA10_REWfairness_minID1_majID0_TRJ2000_REAL3000_GG202603162050_d61bc7e3/seed_0/best_beta_state_dict_phase1_class1.pt
[Tracker] Ep  593 | AvgR 0.0002 | Global 0.6643 | Local 0.1167 | F1_macro 0.7182 | WorstLoss 0.9873
[Tracker] Ep  594 | AvgR 0.0003 | Global 0.9080 | Local 0.1121 | F1_macro 0.7508 | WorstLoss 0.7868
[Tracker] Ep  595 | AvgR 0.0002 | Global 0.7253 | Local 0.1199 | F1_macro 0.7335 | WorstLoss 0.9439
[Tracker] Saved snapshot: ep0595_phase1_class1
[Tracker] Ep  596 | AvgR 0.0003 | Global 0.8466 | Local 0.1116 | F1_macro 0.7488 | WorstLoss 0.8730
[Tracker] Ep  597 | AvgR 0.0002 | Global 0.7348 | Local 0.0992 | F1_macro 0.7401 | WorstLoss 0.9487
[Tracker] Ep  598 | AvgR 0.0003 | Global 0.8251 | Local 0.1699 | F1_macro 0.7361 | WorstLoss 0.8706
[Tracker] Ep  599 | AvgR 0.0002 | Global 0.7336 | Local 0.1099 | F1_macro 0.7475 | WorstLoss 0.9543
[Tracker] Ep  600 | AvgR 0.0003 | Global 0.9025 | Local 0.0943 | F1_macro 0.7551 | WorstLoss 0.8242
[Tracker] Saved snapshot: ep0600_phase1_class1
[Tracker] Ep  601 | AvgR 0.0002 | Global 0.7212 | Local 0.1616 | F1_macro 0.7269 | WorstLoss 0.9490
[Tracker] Ep  602 | AvgR 0.0003 | Global 0.8766 | Local 0.0986 | F1_macro 0.7567 | WorstLoss 0.8499
[Tracker] Ep  603 | AvgR 0.0003 | Global 0.7721 | Local 0.1073 | F1_macro 0.7488 | WorstLoss 0.9326
[Tracker] Ep  604 | AvgR 0.0003 | Global 0.7323 | Local 0.1561 | F1_macro 0.7235 | WorstLoss 0.9485
[Tracker] Ep  605 | AvgR 0.0003 | Global 0.8646 | Local 0.1006 | F1_macro 0.7387 | WorstLoss 0.8501
[Tracker] Saved snapshot: ep0605_phase1_class1
[Tracker] Ep  606 | AvgR 0.0003 | Global 0.8204 | Local 0.0937 | F1_macro 0.7484 | WorstLoss 0.8979
[Tracker] Ep  607 | AvgR 0.0003 | Global 0.7946 | Local 0.1246 | F1_macro 0.7430 | WorstLoss 0.9151
[Tracker] Ep  608 | AvgR 0.0003 | Global 0.8699 | Local 0.0979 | F1_macro 0.7439 | WorstLoss 0.8379
[Tracker] Ep  609 | AvgR 0.0003 | Global 0.8013 | Local 0.1409 | F1_macro 0.7350 | WorstLoss 0.9029
[Tracker] Ep  610 | AvgR 0.0002 | Global 0.7155 | Local 0.1266 | F1_macro 0.7459 | WorstLoss 0.9673
[Tracker] Saved snapshot: ep0610_phase1_class1
[Tracker] Ep  611 | AvgR 0.0002 | Global 0.7518 | Local 0.1015 | F1_macro 0.7408 | WorstLoss 0.9391
[Tracker] Ep  612 | AvgR 0.0002 | Global 0.7166 | Local 0.0894 | F1_macro 0.7519 | WorstLoss 0.9642
[Tracker] Ep  613 | AvgR 0.0002 | Global 0.6020 | Local 0.1380 | F1_macro 0.7446 | WorstLoss 1.0190
[Tracker] Ep  614 | AvgR 0.0003 | Global 0.7937 | Local 0.1240 | F1_macro 0.7397 | WorstLoss 0.9095
[Tracker] Ep  615 | AvgR 0.0003 | Global 0.9162 | Local 0.0739 | F1_macro 0.7553 | WorstLoss 0.7962
[Tracker] Saved snapshot: ep0615_phase1_class1
[Tracker] Ep  616 | AvgR 0.0003 | Global 0.9028 | Local 0.1143 | F1_macro 0.7493 | WorstLoss 0.7815
[Tracker] Ep  617 | AvgR 0.0003 | Global 0.7962 | Local 0.1434 | F1_macro 0.7334 | WorstLoss 0.8966
[Tracker] Ep  618 | AvgR 0.0003 | Global 0.8032 | Local 0.1026 | F1_macro 0.7491 | WorstLoss 0.9074
[Tracker] Ep  619 | AvgR 0.0002 | Global 0.6948 | Local 0.1093 | F1_macro 0.7397 | WorstLoss 0.9686
[Tracker] Ep  620 | AvgR 0.0002 | Global 0.6429 | Local 0.1502 | F1_macro 0.7331 | WorstLoss 0.9893
[Tracker] Saved snapshot: ep0620_phase1_class1
[Tracker] Ep  621 | AvgR 0.0003 | Global 0.7986 | Local 0.0963 | F1_macro 0.7395 | WorstLoss 0.9173
[Tracker] Ep  622 | AvgR 0.0002 | Global 0.7020 | Local 0.1057 | F1_macro 0.7389 | WorstLoss 0.9744
[Tracker] Ep  623 | AvgR 0.0003 | Global 0.8475 | Local 0.1226 | F1_macro 0.7289 | WorstLoss 0.8573
[Tracker] Ep  624 | AvgR 0.0003 | Global 0.8762 | Local 0.1131 | F1_macro 0.7345 | WorstLoss 0.8090
[Tracker] Ep  625 | AvgR 0.0002 | Global 0.7190 | Local 0.1150 | F1_macro 0.7419 | WorstLoss 0.9649
[Tracker] Saved snapshot: ep0625_phase1_class1
[Tracker] Ep  626 | AvgR 0.0003 | Global 0.7568 | Local 0.1225 | F1_macro 0.7425 | WorstLoss 0.9361
[Tracker] Ep  627 | AvgR 0.0002 | Global 0.7157 | Local 0.1266 | F1_macro 0.7400 | WorstLoss 0.9618
[Tracker] Ep  628 | AvgR 0.0002 | Global 0.6268 | Local 0.0936 | F1_macro 0.7313 | WorstLoss 1.0036
[Tracker] Ep  629 | AvgR 0.0002 | Global 0.7021 | Local 0.1493 | F1_macro 0.7285 | WorstLoss 0.9655
[Tracker] Ep  630 | AvgR 0.0003 | Global 0.8892 | Local 0.1426 | F1_macro 0.7443 | WorstLoss 0.7755
[Tracker] Saved snapshot: ep0630_phase1_class1
[Tracker] Ep  631 | AvgR 0.0003 | Global 0.8695 | Local 0.0942 | F1_macro 0.7469 | WorstLoss 0.8415
[Tracker] Ep  632 | AvgR 0.0003 | Global 0.8335 | Local 0.0917 | F1_macro 0.7439 | WorstLoss 0.8884
[Tracker] Ep  633 | AvgR 0.0002 | Global 0.7351 | Local 0.1111 | F1_macro 0.7405 | WorstLoss 0.9515
[Tracker] Ep  634 | AvgR 0.0003 | Global 0.8151 | Local 0.1574 | F1_macro 0.7261 | WorstLoss 0.8478
[Tracker] Ep  635 | AvgR 0.0003 | Global 0.8622 | Local 0.1356 | F1_macro 0.7442 | WorstLoss 0.8441
[Tracker] Saved snapshot: ep0635_phase1_class1
[Tracker] Ep  636 | AvgR 0.0002 | Global 0.4661 | Local 0.1200 | F1_macro 0.7500 | WorstLoss 1.0792
[Tracker] Ep  637 | AvgR 0.0003 | Global 0.7973 | Local 0.1092 | F1_macro 0.7419 | WorstLoss 0.9047
[Tracker] Ep  638 | AvgR 0.0003 | Global 0.8600 | Local 0.1072 | F1_macro 0.7379 | WorstLoss 0.8605
[Tracker] Ep  639 | AvgR 0.0003 | Global 0.9221 | Local 0.1048 | F1_macro 0.7385 | WorstLoss 0.7456
[Tracker] Ep  640 | AvgR 0.0003 | Global 0.7346 | Local 0.1502 | F1_macro 0.7298 | WorstLoss 0.9445
[Tracker] Saved snapshot: ep0640_phase1_class1
[Tracker] Ep  641 | AvgR 0.0003 | Global 0.8447 | Local 0.0852 | F1_macro 0.7375 | WorstLoss 0.8738
[Tracker] Ep  642 | AvgR 0.0003 | Global 0.9011 | Local 0.0687 | F1_macro 0.7383 | WorstLoss 0.7882
[Tracker] Ep  643 | AvgR 0.0003 | Global 0.8772 | Local 0.0978 | F1_macro 0.7320 | WorstLoss 0.8181
[Tracker] Ep  644 | AvgR 0.0003 | Global 0.7453 | Local 0.1194 | F1_macro 0.7096 | WorstLoss 0.9349
[Tracker] Ep  645 | AvgR 0.0003 | Global 0.8010 | Local 0.0828 | F1_macro 0.7503 | WorstLoss 0.9172
[Tracker] Saved snapshot: ep0645_phase1_class1
[Tracker] Ep  646 | AvgR 0.0002 | Global 0.6454 | Local 0.0711 | F1_macro 0.7349 | WorstLoss 1.0027
[Tracker] Ep  647 | AvgR 0.0003 | Global 0.8401 | Local 0.0754 | F1_macro 0.7381 | WorstLoss 0.8723
[Tracker] Ep  648 | AvgR 0.0002 | Global 0.6442 | Local 0.0823 | F1_macro 0.7374 | WorstLoss 1.0036
[Tracker] Ep  649 | AvgR 0.0003 | Global 0.8290 | Local 0.0975 | F1_macro 0.7396 | WorstLoss 0.8899
[Tracker] Ep  650 | AvgR 0.0003 | Global 0.8559 | Local 0.1067 | F1_macro 0.7213 | WorstLoss 0.8263
[Tracker] Saved snapshot: ep0650_phase1_class1
[Tracker] Ep  651 | AvgR 0.0003 | Global 0.7452 | Local 0.1405 | F1_macro 0.7456 | WorstLoss 0.9479
[Tracker] Ep  652 | AvgR 0.0002 | Global 0.7205 | Local 0.1150 | F1_macro 0.7277 | WorstLoss 0.9573
[Tracker] Ep  653 | AvgR 0.0003 | Global 0.9218 | Local 0.1080 | F1_macro 0.7300 | WorstLoss 0.7295
[Tracker] Ep  654 | AvgR 0.0002 | Global 0.6094 | Local 0.1072 | F1_macro 0.7289 | WorstLoss 1.0154
[Tracker] Ep  655 | AvgR 0.0003 | Global 0.7941 | Local 0.0911 | F1_macro 0.7413 | WorstLoss 0.9121
[Tracker] Saved snapshot: ep0655_phase1_class1
[Tracker] Ep  656 | AvgR 0.0003 | Global 0.8738 | Local 0.0910 | F1_macro 0.7269 | WorstLoss 0.8185
[Tracker] Ep  657 | AvgR 0.0003 | Global 0.8386 | Local 0.1047 | F1_macro 0.7371 | WorstLoss 0.8815
[Tracker] Ep  658 | AvgR 0.0002 | Global 0.4914 | Local 0.1023 | F1_macro 0.7248 | WorstLoss 1.0663
[Tracker] Ep  659 | AvgR 0.0003 | Global 0.8771 | Local 0.0797 | F1_macro 0.7400 | WorstLoss 0.8369
[Tracker] Ep  660 | AvgR 0.0003 | Global 0.8531 | Local 0.0870 | F1_macro 0.7329 | WorstLoss 0.8557
[Tracker] Saved snapshot: ep0660_phase1_class1
[Tracker] Ep  661 | AvgR 0.0003 | Global 0.8468 | Local 0.1147 | F1_macro 0.7375 | WorstLoss 0.8607
[Tracker] Ep  662 | AvgR 0.0003 | Global 0.8213 | Local 0.0940 | F1_macro 0.7331 | WorstLoss 0.8911
[Tracker] Ep  663 | AvgR 0.0003 | Global 0.9048 | Local 0.0807 | F1_macro 0.7524 | WorstLoss 0.7921
[Tracker] Ep  664 | AvgR 0.0003 | Global 0.8031 | Local 0.1176 | F1_macro 0.7394 | WorstLoss 0.9104
[Tracker] Ep  665 | AvgR 0.0002 | Global 0.5184 | Local 0.1036 | F1_macro 0.7334 | WorstLoss 1.0591
[Tracker] Saved snapshot: ep0665_phase1_class1
[Tracker] Ep  666 | AvgR 0.0002 | Global 0.7232 | Local 0.1044 | F1_macro 0.7297 | WorstLoss 0.9587
[Tracker] Ep  667 | AvgR 0.0003 | Global 0.8490 | Local 0.0651 | F1_macro 0.7474 | WorstLoss 0.8793
[Tracker] Ep  668 | AvgR 0.0002 | Global 0.5541 | Local 0.1002 | F1_macro 0.7260 | WorstLoss 1.0400
[Tracker] Ep  669 | AvgR 0.0003 | Global 0.7899 | Local 0.1642 | F1_macro 0.7263 | WorstLoss 0.8983
[Tracker] Ep  670 | AvgR 0.0003 | Global 0.8930 | Local 0.0687 | F1_macro 0.7390 | WorstLoss 0.8098
[Tracker] Saved snapshot: ep0670_phase1_class1
[Tracker] Ep  671 | AvgR 0.0002 | Global 0.6917 | Local 0.1413 | F1_macro 0.7289 | WorstLoss 0.9679
[Tracker] Ep  672 | AvgR 0.0003 | Global 0.7989 | Local 0.0958 | F1_macro 0.7283 | WorstLoss 0.9041
[Tracker] Ep  673 | AvgR 0.0003 | Global 0.8185 | Local 0.1330 | F1_macro 0.7238 | WorstLoss 0.8852
[Tracker] Ep  674 | AvgR 0.0002 | Global 0.6222 | Local 0.1156 | F1_macro 0.7380 | WorstLoss 1.0108
[Tracker] Ep  675 | AvgR 0.0003 | Global 0.7792 | Local 0.0895 | F1_macro 0.7383 | WorstLoss 0.9207
[Tracker] Saved snapshot: ep0675_phase1_class1
[Tracker] Ep  676 | AvgR 0.0003 | Global 0.8926 | Local 0.1132 | F1_macro 0.7387 | WorstLoss 0.8125
[Tracker] Ep  677 | AvgR 0.0002 | Global 0.6361 | Local 0.1471 | F1_macro 0.7094 | WorstLoss 0.9883
[Tracker] Ep  678 | AvgR 0.0003 | Global 0.7428 | Local 0.1090 | F1_macro 0.7363 | WorstLoss 0.9394
[Tracker] Ep  679 | AvgR 0.0003 | Global 0.8712 | Local 0.1251 | F1_macro 0.7302 | WorstLoss 0.8103
[Tracker] Ep  680 | AvgR 0.0003 | Global 0.8773 | Local 0.1423 | F1_macro 0.7247 | WorstLoss 0.7992
[Tracker] Saved snapshot: ep0680_phase1_class1
[Tracker] Ep  681 | AvgR 0.0003 | Global 0.8277 | Local 0.1031 | F1_macro 0.7304 | WorstLoss 0.8704
[Tracker] Ep  682 | AvgR 0.0002 | Global 0.6853 | Local 0.1232 | F1_macro 0.7158 | WorstLoss 0.9713
[Tracker] Ep  683 | AvgR 0.0003 | Global 0.8145 | Local 0.1626 | F1_macro 0.7287 | WorstLoss 0.8845
[Tracker] Ep  684 | AvgR 0.0002 | Global 0.6768 | Local 0.1557 | F1_macro 0.7375 | WorstLoss 0.9849
[Tracker] Ep  685 | AvgR 0.0003 | Global 0.8124 | Local 0.1279 | F1_macro 0.7359 | WorstLoss 0.8982
[Tracker] Saved snapshot: ep0685_phase1_class1
[Tracker] Ep  686 | AvgR 0.0003 | Global 0.8661 | Local 0.0994 | F1_macro 0.7403 | WorstLoss 0.8351
[Tracker] Ep  687 | AvgR 0.0003 | Global 0.8654 | Local 0.0956 | F1_macro 0.7526 | WorstLoss 0.8553
[Tracker] Ep  688 | AvgR 0.0003 | Global 0.9037 | Local 0.1288 | F1_macro 0.7372 | WorstLoss 0.7861
[Tracker] Ep  689 | AvgR 0.0003 | Global 0.7580 | Local 0.1637 | F1_macro 0.7209 | WorstLoss 0.9237
[Tracker] Ep  690 | AvgR 0.0003 | Global 0.9083 | Local 0.1049 | F1_macro 0.7398 | WorstLoss 0.7412
[Tracker] Saved snapshot: ep0690_phase1_class1
[Tracker] Ep  691 | AvgR 0.0003 | Global 0.8728 | Local 0.0968 | F1_macro 0.7449 | WorstLoss 0.8280
[Tracker] Ep  692 | AvgR 0.0003 | Global 0.9108 | Local 0.0876 | F1_macro 0.7391 | WorstLoss 0.7787
[Tracker] Ep  693 | AvgR 0.0003 | Global 0.8876 | Local 0.1237 | F1_macro 0.7292 | WorstLoss 0.7991
[Tracker] Ep  694 | AvgR 0.0003 | Global 0.7480 | Local 0.1354 | F1_macro 0.7439 | WorstLoss 0.9450
[Tracker] Ep  695 | AvgR 0.0002 | Global 0.5524 | Local 0.1359 | F1_macro 0.7248 | WorstLoss 1.0396
[Tracker] Saved snapshot: ep0695_phase1_class1
[Tracker] Ep  696 | AvgR 0.0002 | Global 0.6456 | Local 0.1624 | F1_macro 0.7393 | WorstLoss 0.9976
[Tracker] Ep  697 | AvgR 0.0003 | Global 0.8641 | Local 0.0980 | F1_macro 0.7396 | WorstLoss 0.8355
[Tracker] Ep  698 | AvgR 0.0003 | Global 0.9193 | Local 0.1070 | F1_macro 0.7512 | WorstLoss 0.7579
[Tracker] Ep  699 | AvgR 0.0003 | Global 0.7951 | Local 0.0968 | F1_macro 0.7464 | WorstLoss 0.9167
[Tracker] Ep  700 | AvgR 0.0003 | Global 0.8935 | Local 0.1094 | F1_macro 0.7355 | WorstLoss 0.7827
[Tracker] Saved snapshot: ep0700_phase1_class1
[Tracker] Ep  701 | AvgR 0.0003 | Global 0.8115 | Local 0.1266 | F1_macro 0.7250 | WorstLoss 0.8883
[Tracker] Ep  702 | AvgR 0.0003 | Global 0.8754 | Local 0.1623 | F1_macro 0.7247 | WorstLoss 0.7934
[Tracker] Ep  703 | AvgR 0.0003 | Global 0.7994 | Local 0.0801 | F1_macro 0.7314 | WorstLoss 0.9043
[Tracker] Ep  704 | AvgR 0.0003 | Global 0.8577 | Local 0.0996 | F1_macro 0.7384 | WorstLoss 0.8478
[Tracker] Ep  705 | AvgR 0.0003 | Global 0.7474 | Local 0.1447 | F1_macro 0.7183 | WorstLoss 0.9303
[Tracker] Saved snapshot: ep0705_phase1_class1
[Tracker] Ep  706 | AvgR 0.0003 | Global 0.8380 | Local 0.1274 | F1_macro 0.7376 | WorstLoss 0.8541
[Tracker] Ep  707 | AvgR 0.0003 | Global 0.8930 | Local 0.0923 | F1_macro 0.7488 | WorstLoss 0.7980
[Tracker] Ep  708 | AvgR 0.0003 | Global 0.8957 | Local 0.1278 | F1_macro 0.7339 | WorstLoss 0.7705
[Tracker] Ep  709 | AvgR 0.0003 | Global 0.9505 | Local 0.0959 | F1_macro 0.7443 | WorstLoss 0.6079
[Tracker] Ep  710 | AvgR 0.0002 | Global 0.6698 | Local 0.1159 | F1_macro 0.7249 | WorstLoss 0.9803
[Tracker] Saved snapshot: ep0710_phase1_class1
[Tracker] Ep  711 | AvgR 0.0003 | Global 0.8624 | Local 0.1696 | F1_macro 0.7387 | WorstLoss 0.8366
[Tracker] Ep  712 | AvgR 0.0002 | Global 0.5296 | Local 0.0938 | F1_macro 0.7368 | WorstLoss 1.0526
[Tracker] Ep  713 | AvgR 0.0003 | Global 0.8292 | Local 0.0998 | F1_macro 0.7426 | WorstLoss 0.8745
[Tracker] Ep  714 | AvgR 0.0003 | Global 0.7260 | Local 0.1444 | F1_macro 0.7130 | WorstLoss 0.9364
[Tracker] Ep  715 | AvgR 0.0003 | Global 0.8035 | Local 0.1174 | F1_macro 0.7375 | WorstLoss 0.9034
[Tracker] Saved snapshot: ep0715_phase1_class1
[Tracker] Ep  716 | AvgR 0.0003 | Global 0.8546 | Local 0.1604 | F1_macro 0.7497 | WorstLoss 0.8297
[Tracker] Ep  717 | AvgR 0.0003 | Global 0.9063 | Local 0.1483 | F1_macro 0.7349 | WorstLoss 0.7485
[Tracker] Ep  718 | AvgR 0.0003 | Global 0.8389 | Local 0.1051 | F1_macro 0.7409 | WorstLoss 0.8730
[Tracker] Ep  719 | AvgR 0.0003 | Global 0.8413 | Local 0.1066 | F1_macro 0.7301 | WorstLoss 0.8498
[Tracker] Ep  720 | AvgR 0.0003 | Global 0.9021 | Local 0.1324 | F1_macro 0.7329 | WorstLoss 0.7253
[Tracker] Saved snapshot: ep0720_phase1_class1
[Tracker] Ep  721 | AvgR 0.0003 | Global 0.8286 | Local 0.1724 | F1_macro 0.7177 | WorstLoss 0.8321
[Tracker] Ep  722 | AvgR 0.0003 | Global 0.7538 | Local 0.1532 | F1_macro 0.7435 | WorstLoss 0.9311
[Tracker] Ep  723 | AvgR 0.0003 | Global 0.8890 | Local 0.1223 | F1_macro 0.7361 | WorstLoss 0.7944
[Tracker] Ep  724 | AvgR 0.0003 | Global 0.7164 | Local 0.1817 | F1_macro 0.7280 | WorstLoss 0.9504
[Tracker] Ep  725 | AvgR 0.0003 | Global 0.8292 | Local 0.1337 | F1_macro 0.7429 | WorstLoss 0.8820
[Tracker] Saved snapshot: ep0725_phase1_class1
[Tracker] Ep  726 | AvgR 0.0003 | Global 0.6851 | Local 0.1537 | F1_macro 0.7357 | WorstLoss 0.9658
[Tracker] Ep  727 | AvgR 0.0003 | Global 0.8383 | Local 0.1335 | F1_macro 0.7415 | WorstLoss 0.8751
[Tracker] Ep  728 | AvgR 0.0003 | Global 0.8232 | Local 0.1528 | F1_macro 0.7468 | WorstLoss 0.8860
[Tracker] Ep  729 | AvgR 0.0002 | Global 0.6686 | Local 0.1123 | F1_macro 0.7452 | WorstLoss 0.9831
[Tracker] Ep  730 | AvgR 0.0003 | Global 0.8409 | Local 0.1164 | F1_macro 0.7237 | WorstLoss 0.8403
[Tracker] Saved snapshot: ep0730_phase1_class1
[Tracker] Ep  731 | AvgR 0.0003 | Global 0.8557 | Local 0.1491 | F1_macro 0.7475 | WorstLoss 0.8497
[Tracker] Ep  732 | AvgR 0.0002 | Global 0.6357 | Local 0.1518 | F1_macro 0.7352 | WorstLoss 0.9972
[Tracker] Ep  733 | AvgR 0.0003 | Global 0.7712 | Local 0.1025 | F1_macro 0.7485 | WorstLoss 0.9301
[Tracker] Ep  734 | AvgR 0.0003 | Global 0.8098 | Local 0.1173 | F1_macro 0.7226 | WorstLoss 0.8792
[Tracker] Ep  735 | AvgR 0.0003 | Global 0.7798 | Local 0.1132 | F1_macro 0.7395 | WorstLoss 0.9196
[Tracker] Saved snapshot: ep0735_phase1_class1
[Tracker] Ep  736 | AvgR 0.0002 | Global 0.4468 | Local 0.1520 | F1_macro 0.7219 | WorstLoss 1.0810
[Tracker] Ep  737 | AvgR 0.0003 | Global 0.8940 | Local 0.1502 | F1_macro 0.7416 | WorstLoss 0.7732
[Tracker] Ep  738 | AvgR 0.0003 | Global 0.8736 | Local 0.1163 | F1_macro 0.7308 | WorstLoss 0.7975
[Tracker] Ep  739 | AvgR 0.0003 | Global 0.8514 | Local 0.1873 | F1_macro 0.7286 | WorstLoss 0.8466
[Tracker] Ep  740 | AvgR 0.0003 | Global 0.8290 | Local 0.1028 | F1_macro 0.7397 | WorstLoss 0.8749
[Tracker] Saved snapshot: ep0740_phase1_class1
[Tracker] Ep  741 | AvgR 0.0003 | Global 0.9203 | Local 0.1231 | F1_macro 0.7455 | WorstLoss 0.6732
[Tracker] Ep  742 | AvgR 0.0003 | Global 0.8823 | Local 0.1111 | F1_macro 0.7280 | WorstLoss 0.7934
[Tracker] Ep  743 | AvgR 0.0003 | Global 0.9076 | Local 0.1270 | F1_macro 0.7220 | WorstLoss 0.7088
[Tracker] Ep  744 | AvgR 0.0003 | Global 0.7707 | Local 0.1342 | F1_macro 0.7467 | WorstLoss 0.9341
[Tracker] Ep  745 | AvgR 0.0002 | Global 0.5569 | Local 0.1160 | F1_macro 0.7480 | WorstLoss 1.0399
[Tracker] Saved snapshot: ep0745_phase1_class1
[Tracker] Ep  746 | AvgR 0.0003 | Global 0.6963 | Local 0.1579 | F1_macro 0.7237 | WorstLoss 0.9575
[Tracker] Ep  747 | AvgR 0.0003 | Global 0.8107 | Local 0.1226 | F1_macro 0.7388 | WorstLoss 0.8841
[Tracker] Ep  748 | AvgR 0.0003 | Global 0.8469 | Local 0.1196 | F1_macro 0.7385 | WorstLoss 0.8536
[Tracker] Ep  749 | AvgR 0.0002 | Global 0.4132 | Local 0.1605 | F1_macro 0.7270 | WorstLoss 1.0984
[Tracker] Ep  750 | AvgR 0.0003 | Global 0.8800 | Local 0.1232 | F1_macro 0.7432 | WorstLoss 0.8024
[Tracker] Saved snapshot: ep0750_phase1_class1
[Tracker] Ep  751 | AvgR 0.0003 | Global 0.8234 | Local 0.1645 | F1_macro 0.7335 | WorstLoss 0.8664
[Tracker] Ep  752 | AvgR 0.0003 | Global 0.8822 | Local 0.1395 | F1_macro 0.7333 | WorstLoss 0.7719
[Tracker] Ep  753 | AvgR 0.0003 | Global 0.7499 | Local 0.0997 | F1_macro 0.7363 | WorstLoss 0.9375
[Tracker] Ep  754 | AvgR 0.0003 | Global 0.8615 | Local 0.1402 | F1_macro 0.7254 | WorstLoss 0.8199
[Tracker] Ep  755 | AvgR 0.0002 | Global 0.6611 | Local 0.1434 | F1_macro 0.7439 | WorstLoss 0.9915
[Tracker] Saved snapshot: ep0755_phase1_class1
[Tracker] Ep  756 | AvgR 0.0003 | Global 0.7364 | Local 0.1784 | F1_macro 0.7408 | WorstLoss 0.9369
[Tracker] Ep  757 | AvgR 0.0003 | Global 0.8797 | Local 0.1218 | F1_macro 0.7202 | WorstLoss 0.7603
[Tracker] Ep  758 | AvgR 0.0003 | Global 0.8812 | Local 0.1068 | F1_macro 0.7435 | WorstLoss 0.8168
[Tracker] Ep  759 | AvgR 0.0003 | Global 0.8160 | Local 0.1461 | F1_macro 0.7179 | WorstLoss 0.8641
[Tracker] Ep  760 | AvgR 0.0003 | Global 0.7750 | Local 0.1386 | F1_macro 0.7255 | WorstLoss 0.9038
[Tracker] Saved snapshot: ep0760_phase1_class1
[Tracker] Ep  761 | AvgR 0.0003 | Global 0.8199 | Local 0.1579 | F1_macro 0.7327 | WorstLoss 0.8695
[Tracker] Ep  762 | AvgR 0.0003 | Global 0.9120 | Local 0.1582 | F1_macro 0.7279 | WorstLoss 0.7203
[Tracker] Ep  763 | AvgR 0.0003 | Global 0.8969 | Local 0.1528 | F1_macro 0.7348 | WorstLoss 0.7697
[Tracker] Ep  764 | AvgR 0.0003 | Global 0.8969 | Local 0.1415 | F1_macro 0.7429 | WorstLoss 0.7783
[Tracker] Ep  765 | AvgR 0.0003 | Global 0.7151 | Local 0.1018 | F1_macro 0.7541 | WorstLoss 0.9697
[Tracker] Saved snapshot: ep0765_phase1_class1
[Tracker] Ep  766 | AvgR 0.0003 | Global 0.7046 | Local 0.1214 | F1_macro 0.7548 | WorstLoss 0.9701
[Tracker] Ep  767 | AvgR 0.0003 | Global 0.8448 | Local 0.0947 | F1_macro 0.7355 | WorstLoss 0.8515
[Tracker] Ep  768 | AvgR 0.0003 | Global 0.8048 | Local 0.1150 | F1_macro 0.7309 | WorstLoss 0.8888
[Tracker] Ep  769 | AvgR 0.0003 | Global 0.7135 | Local 0.1123 | F1_macro 0.7509 | WorstLoss 0.9628
[Tracker] Ep  770 | AvgR 0.0003 | Global 0.8163 | Local 0.1672 | F1_macro 0.7100 | WorstLoss 0.8448
[Tracker] Saved snapshot: ep0770_phase1_class1
[Tracker] Ep  771 | AvgR 0.0003 | Global 0.8199 | Local 0.1186 | F1_macro 0.7337 | WorstLoss 0.8820
[Tracker] Ep  772 | AvgR 0.0003 | Global 0.8307 | Local 0.1072 | F1_macro 0.7396 | WorstLoss 0.8683
[Tracker] Ep  773 | AvgR 0.0002 | Global 0.4358 | Local 0.1417 | F1_macro 0.7208 | WorstLoss 1.0867
[Tracker] Ep  774 | AvgR 0.0003 | Global 0.8457 | Local 0.1346 | F1_macro 0.7327 | WorstLoss 0.8506
[Tracker] Ep  775 | AvgR 0.0003 | Global 0.8589 | Local 0.1026 | F1_macro 0.7326 | WorstLoss 0.8273
[Tracker] Saved snapshot: ep0775_phase1_class1
[Tracker] Ep  776 | AvgR 0.0003 | Global 0.8054 | Local 0.1465 | F1_macro 0.7366 | WorstLoss 0.8899
[Tracker] Ep  777 | AvgR 0.0003 | Global 0.7735 | Local 0.1532 | F1_macro 0.7271 | WorstLoss 0.9053
[Tracker] Ep  778 | AvgR 0.0003 | Global 0.6894 | Local 0.1162 | F1_macro 0.7384 | WorstLoss 0.9772
[Tracker] Ep  779 | AvgR 0.0002 | Global 0.5922 | Local 0.1574 | F1_macro 0.7255 | WorstLoss 1.0133
[Tracker] Ep  780 | AvgR 0.0003 | Global 0.9039 | Local 0.1101 | F1_macro 0.7444 | WorstLoss 0.7584
[Tracker] Saved snapshot: ep0780_phase1_class1
[Tracker] Ep  781 | AvgR 0.0003 | Global 0.9099 | Local 0.1504 | F1_macro 0.7479 | WorstLoss 0.7356
[Tracker] Ep  782 | AvgR 0.0003 | Global 0.8219 | Local 0.1466 | F1_macro 0.7310 | WorstLoss 0.8617
[Tracker] Ep  783 | AvgR 0.0002 | Global 0.5519 | Local 0.1526 | F1_macro 0.7414 | WorstLoss 1.0354
[Tracker] Ep  784 | AvgR 0.0002 | Global 0.5800 | Local 0.1105 | F1_macro 0.7457 | WorstLoss 1.0299
[Tracker] Ep  785 | AvgR 0.0002 | Global 0.3834 | Local 0.1463 | F1_macro 0.7267 | WorstLoss 1.1100
[Tracker] Saved snapshot: ep0785_phase1_class1
[Tracker] Ep  786 | AvgR 0.0003 | Global 0.9090 | Local 0.0906 | F1_macro 0.7481 | WorstLoss 0.7461
[Tracker] Ep  787 | AvgR 0.0003 | Global 0.6634 | Local 0.1446 | F1_macro 0.7261 | WorstLoss 0.9816
[Tracker] Ep  788 | AvgR 0.0003 | Global 0.9127 | Local 0.1390 | F1_macro 0.7306 | WorstLoss 0.7056
[Tracker] Ep  789 | AvgR 0.0003 | Global 0.7212 | Local 0.1336 | F1_macro 0.7158 | WorstLoss 0.9518
[Tracker] Ep  790 | AvgR 0.0003 | Global 0.7094 | Local 0.1084 | F1_macro 0.7446 | WorstLoss 0.9628
[Tracker] Saved snapshot: ep0790_phase1_class1
[Tracker] Ep  791 | AvgR 0.0003 | Global 0.8671 | Local 0.1631 | F1_macro 0.7368 | WorstLoss 0.8309
[Tracker] Ep  792 | AvgR 0.0003 | Global 0.7908 | Local 0.1157 | F1_macro 0.7446 | WorstLoss 0.9128
[Tracker] Ep  793 | AvgR 0.0003 | Global 0.7087 | Local 0.1295 | F1_macro 0.7396 | WorstLoss 0.9558
[Tracker] Ep  794 | AvgR 0.0003 | Global 0.8897 | Local 0.1082 | F1_macro 0.7326 | WorstLoss 0.7676
[Tracker] Ep  795 | AvgR 0.0002 | Global 0.6462 | Local 0.1345 | F1_macro 0.7310 | WorstLoss 0.9953
[Tracker] Saved snapshot: ep0795_phase1_class1
[Tracker] Ep  796 | AvgR 0.0003 | Global 0.8934 | Local 0.1305 | F1_macro 0.7446 | WorstLoss 0.7997
[Tracker] Ep  797 | AvgR 0.0003 | Global 0.7791 | Local 0.1378 | F1_macro 0.7370 | WorstLoss 0.9010
[Tracker] Ep  798 | AvgR 0.0003 | Global 0.8417 | Local 0.1252 | F1_macro 0.7507 | WorstLoss 0.8472
[Tracker] Ep  799 | AvgR 0.0003 | Global 0.8947 | Local 0.1598 | F1_macro 0.7277 | WorstLoss 0.7327
[Tracker] Ep  800 | AvgR 0.0003 | Global 0.7987 | Local 0.1102 | F1_macro 0.7399 | WorstLoss 0.9015
[Tracker] Saved snapshot: ep0800_phase1_class1
[Phase] Finished phase1_class1 | best global_obj=0.9608
Phase 2 anchors: 1402 (y=0 & disadv=1)
FFNN Using device: cuda:0

============================================================
[Phase] Starting phase2_class0 | target_class=0 | episodes=200
============================================================
[Tracker] Ep    1 | AvgR 0.0001 | Global 0.8203 | Local 0.0198 | F1_macro 0.7509 | WorstLoss 0.9020
[Tracker] New BEST synthetic [phase2_class0] (by global.global_obj: 0.820289) saved.
[Tracker] BEST β weights [phase2_class0] saved -> training_runs/SPECv14_census_dvrl_twophase_3seeds_EP800_PCA10_REWfairness_minID1_majID0_TRJ2000_REAL3000_GG202603162050_d61bc7e3/seed_0/best_beta_state_dict_phase2_class0.pt
[Tracker] Ep    2 | AvgR 0.0001 | Global 0.9348 | Local 0.0173 | F1_macro 0.7600 | WorstLoss 0.7740
[Tracker] New BEST synthetic [phase2_class0] (by global.global_obj: 0.934756) saved.
[Tracker] BEST β weights [phase2_class0] saved -> training_runs/SPECv14_census_dvrl_twophase_3seeds_EP800_PCA10_REWfairness_minID1_majID0_TRJ2000_REAL3000_GG202603162050_d61bc7e3/seed_0/best_beta_state_dict_phase2_class0.pt
[Tracker] Ep    3 | AvgR 0.0001 | Global 0.9229 | Local 0.0159 | F1_macro 0.7523 | WorstLoss 0.7891
[Tracker] Ep    4 | AvgR 0.0001 | Global 0.8212 | Local 0.0100 | F1_macro 0.7389 | WorstLoss 0.8988
[Tracker] Ep    5 | AvgR 0.0001 | Global 0.7874 | Local 0.0093 | F1_macro 0.7403 | WorstLoss 0.9225
[Tracker] Saved snapshot: ep0005_phase2_class0
[Tracker] Ep    6 | AvgR 0.0001 | Global 0.8876 | Local 0.0187 | F1_macro 0.7511 | WorstLoss 0.8386
[Tracker] Ep    7 | AvgR 0.0001 | Global 0.9230 | Local 0.0109 | F1_macro 0.7508 | WorstLoss 0.7824
[Tracker] Ep    8 | AvgR 0.0001 | Global 0.9190 | Local 0.0124 | F1_macro 0.7431 | WorstLoss 0.7835
[Tracker] Ep    9 | AvgR 0.0001 | Global 0.7396 | Local 0.0205 | F1_macro 0.7352 | WorstLoss 0.9475
[Tracker] Ep   10 | AvgR 0.0001 | Global 0.8811 | Local 0.0102 | F1_macro 0.7488 | WorstLoss 0.8501
[Tracker] Saved snapshot: ep0010_phase2_class0
[Tracker] Ep   11 | AvgR 0.0002 | Global 0.9436 | Local 0.0155 | F1_macro 0.7575 | WorstLoss 0.7267
[Tracker] New BEST synthetic [phase2_class0] (by global.global_obj: 0.943570) saved.
[Tracker] BEST β weights [phase2_class0] saved -> training_runs/SPECv14_census_dvrl_twophase_3seeds_EP800_PCA10_REWfairness_minID1_majID0_TRJ2000_REAL3000_GG202603162050_d61bc7e3/seed_0/best_beta_state_dict_phase2_class0.pt
[Tracker] Ep   12 | AvgR 0.0001 | Global 0.4179 | Local 0.0298 | F1_macro 0.7048 | WorstLoss 1.0971
[Tracker] Ep   13 | AvgR 0.0001 | Global 0.7830 | Local 0.0123 | F1_macro 0.7364 | WorstLoss 0.9237
[Tracker] Ep   14 | AvgR 0.0002 | Global 0.9416 | Local 0.0167 | F1_macro 0.7584 | WorstLoss 0.7480
[Tracker] Ep   15 | AvgR 0.0001 | Global 0.7618 | Local 0.0115 | F1_macro 0.7331 | WorstLoss 0.9404
[Tracker] Saved snapshot: ep0015_phase2_class0
[Tracker] Ep   16 | AvgR 0.0002 | Global 0.8820 | Local 0.0118 | F1_macro 0.7485 | WorstLoss 0.8417
[Tracker] Ep   17 | AvgR 0.0002 | Global 0.9194 | Local 0.0080 | F1_macro 0.7501 | WorstLoss 0.7917
[Tracker] Ep   18 | AvgR 0.0001 | Global 0.8072 | Local 0.0201 | F1_macro 0.7456 | WorstLoss 0.9062
[Tracker] Ep   19 | AvgR 0.0002 | Global 0.8926 | Local 0.0495 | F1_macro 0.7388 | WorstLoss 0.8179
[Tracker] Ep   20 | AvgR 0.0002 | Global 0.8680 | Local 0.0094 | F1_macro 0.7456 | WorstLoss 0.8605
[Tracker] Saved snapshot: ep0020_phase2_class0
[Tracker] Ep   21 | AvgR 0.0001 | Global 0.4000 | Local 0.0067 | F1_macro 0.7201 | WorstLoss 1.1081
[Tracker] Ep   22 | AvgR 0.0002 | Global 0.9204 | Local 0.0186 | F1_macro 0.7502 | WorstLoss 0.7781
[Tracker] Ep   23 | AvgR 0.0001 | Global 0.5937 | Local 0.0251 | F1_macro 0.7340 | WorstLoss 1.0240
[Tracker] Ep   24 | AvgR 0.0002 | Global 0.8639 | Local 0.0068 | F1_macro 0.7456 | WorstLoss 0.8617
[Tracker] Ep   25 | AvgR 0.0001 | Global 0.7360 | Local 0.0163 | F1_macro 0.7374 | WorstLoss 0.9526
[Tracker] Saved snapshot: ep0025_phase2_class0
[Tracker] Ep   26 | AvgR 0.0002 | Global 0.9145 | Local 0.0233 | F1_macro 0.7511 | WorstLoss 0.7916
[Tracker] Ep   27 | AvgR 0.0001 | Global 0.8135 | Local 0.0078 | F1_macro 0.7446 | WorstLoss 0.9046
[Tracker] Ep   28 | AvgR 0.0002 | Global 0.9452 | Local 0.0142 | F1_macro 0.7598 | WorstLoss 0.7419
[Tracker] New BEST synthetic [phase2_class0] (by global.global_obj: 0.945232) saved.
[Tracker] BEST β weights [phase2_class0] saved -> training_runs/SPECv14_census_dvrl_twophase_3seeds_EP800_PCA10_REWfairness_minID1_majID0_TRJ2000_REAL3000_GG202603162050_d61bc7e3/seed_0/best_beta_state_dict_phase2_class0.pt
[Tracker] Ep   29 | AvgR 0.0002 | Global 0.8570 | Local 0.0126 | F1_macro 0.7393 | WorstLoss 0.8637
[Tracker] Ep   30 | AvgR 0.0002 | Global 0.8713 | Local 0.0159 | F1_macro 0.7491 | WorstLoss 0.8605
[Tracker] Saved snapshot: ep0030_phase2_class0
[Tracker] Ep   31 | AvgR 0.0002 | Global 0.8154 | Local 0.0270 | F1_macro 0.7433 | WorstLoss 0.9020
[Tracker] Ep   32 | AvgR 0.0002 | Global 0.8143 | Local 0.0197 | F1_macro 0.7416 | WorstLoss 0.8965
[Tracker] Ep   33 | AvgR 0.0002 | Global 0.8776 | Local 0.0167 | F1_macro 0.7421 | WorstLoss 0.8426
[Tracker] Ep   34 | AvgR 0.0002 | Global 0.9189 | Local 0.0159 | F1_macro 0.7471 | WorstLoss 0.7938
[Tracker] Ep   35 | AvgR 0.0002 | Global 0.9073 | Local 0.0112 | F1_macro 0.7488 | WorstLoss 0.8109
[Tracker] Saved snapshot: ep0035_phase2_class0
[Tracker] Ep   36 | AvgR 0.0002 | Global 0.8764 | Local 0.0174 | F1_macro 0.7485 | WorstLoss 0.8521
[Tracker] Ep   37 | AvgR 0.0002 | Global 0.8211 | Local 0.0073 | F1_macro 0.7432 | WorstLoss 0.9013
[Tracker] Ep   38 | AvgR 0.0002 | Global 0.8137 | Local 0.0268 | F1_macro 0.7450 | WorstLoss 0.9000
[Tracker] Ep   39 | AvgR 0.0002 | Global 0.8544 | Local 0.0126 | F1_macro 0.7442 | WorstLoss 0.8711
[Tracker] Ep   40 | AvgR 0.0001 | Global 0.6709 | Local 0.0191 | F1_macro 0.7374 | WorstLoss 0.9880
[Tracker] Saved snapshot: ep0040_phase2_class0
[Tracker] Ep   41 | AvgR 0.0002 | Global 0.7609 | Local 0.0173 | F1_macro 0.7336 | WorstLoss 0.9371
[Tracker] Ep   42 | AvgR 0.0002 | Global 0.8754 | Local 0.0233 | F1_macro 0.7461 | WorstLoss 0.8537
[Tracker] Ep   43 | AvgR 0.0002 | Global 0.7789 | Local 0.0127 | F1_macro 0.7406 | WorstLoss 0.9326
[Tracker] Ep   44 | AvgR 0.0002 | Global 0.9077 | Local 0.0133 | F1_macro 0.7494 | WorstLoss 0.8064
[Tracker] Ep   45 | AvgR 0.0002 | Global 0.8570 | Local 0.0274 | F1_macro 0.7376 | WorstLoss 0.8636
[Tracker] Saved snapshot: ep0045_phase2_class0
[Tracker] Ep   46 | AvgR 0.0002 | Global 0.8124 | Local 0.0339 | F1_macro 0.7383 | WorstLoss 0.8969
[Tracker] Ep   47 | AvgR 0.0002 | Global 0.8790 | Local 0.0117 | F1_macro 0.7503 | WorstLoss 0.8536
[Tracker] Ep   48 | AvgR 0.0002 | Global 0.8071 | Local 0.0122 | F1_macro 0.7440 | WorstLoss 0.9100
[Tracker] Ep   49 | AvgR 0.0002 | Global 0.7697 | Local 0.0151 | F1_macro 0.7476 | WorstLoss 0.9407
[Tracker] Ep   50 | AvgR 0.0002 | Global 0.8456 | Local 0.0139 | F1_macro 0.7408 | WorstLoss 0.8756
[Tracker] Saved snapshot: ep0050_phase2_class0
[Tracker] Ep   51 | AvgR 0.0002 | Global 0.8163 | Local 0.0497 | F1_macro 0.7341 | WorstLoss 0.8947
[Tracker] Ep   52 | AvgR 0.0002 | Global 0.8694 | Local 0.0350 | F1_macro 0.7436 | WorstLoss 0.8435
[Tracker] Ep   53 | AvgR 0.0002 | Global 0.9018 | Local 0.0112 | F1_macro 0.7438 | WorstLoss 0.8095
[Tracker] Ep   54 | AvgR 0.0002 | Global 0.9417 | Local 0.0139 | F1_macro 0.7548 | WorstLoss 0.7431
[Tracker] Ep   55 | AvgR 0.0002 | Global 0.8508 | Local 0.0101 | F1_macro 0.7451 | WorstLoss 0.8779
[Tracker] Saved snapshot: ep0055_phase2_class0
[Tracker] Ep   56 | AvgR 0.0002 | Global 0.9064 | Local 0.0111 | F1_macro 0.7531 | WorstLoss 0.8079
[Tracker] Ep   57 | AvgR 0.0002 | Global 0.8652 | Local 0.0273 | F1_macro 0.7487 | WorstLoss 0.8579
[Tracker] Ep   58 | AvgR 0.0002 | Global 0.7588 | Local 0.0206 | F1_macro 0.7429 | WorstLoss 0.9440
[Tracker] Ep   59 | AvgR 0.0002 | Global 0.8511 | Local 0.0208 | F1_macro 0.7435 | WorstLoss 0.8761
[Tracker] Ep   60 | AvgR 0.0002 | Global 0.9290 | Local 0.0234 | F1_macro 0.7550 | WorstLoss 0.7546
[Tracker] Saved snapshot: ep0060_phase2_class0
[Tracker] Ep   61 | AvgR 0.0002 | Global 0.8290 | Local 0.0093 | F1_macro 0.7389 | WorstLoss 0.8948
[Tracker] Ep   62 | AvgR 0.0002 | Global 0.8720 | Local 0.0089 | F1_macro 0.7367 | WorstLoss 0.8465
[Tracker] Ep   63 | AvgR 0.0002 | Global 0.8661 | Local 0.0197 | F1_macro 0.7495 | WorstLoss 0.8602
[Tracker] Ep   64 | AvgR 0.0002 | Global 0.9071 | Local 0.0112 | F1_macro 0.7572 | WorstLoss 0.8188
[Tracker] Ep   65 | AvgR 0.0002 | Global 0.9351 | Local 0.0121 | F1_macro 0.7562 | WorstLoss 0.7539
[Tracker] Saved snapshot: ep0065_phase2_class0
[Tracker] Ep   66 | AvgR 0.0002 | Global 0.9280 | Local 0.0116 | F1_macro 0.7522 | WorstLoss 0.7720
[Tracker] Ep   67 | AvgR 0.0002 | Global 0.9121 | Local 0.0123 | F1_macro 0.7523 | WorstLoss 0.8053
[Tracker] Ep   68 | AvgR 0.0002 | Global 0.8633 | Local 0.0171 | F1_macro 0.7477 | WorstLoss 0.8623
[Tracker] Ep   69 | AvgR 0.0002 | Global 0.8280 | Local 0.0174 | F1_macro 0.7424 | WorstLoss 0.8952
[Tracker] Ep   70 | AvgR 0.0002 | Global 0.9360 | Local 0.0102 | F1_macro 0.7554 | WorstLoss 0.7506
[Tracker] Saved snapshot: ep0070_phase2_class0
[Tracker] Ep   71 | AvgR 0.0002 | Global 0.8942 | Local 0.0363 | F1_macro 0.7491 | WorstLoss 0.8190
[Tracker] Ep   72 | AvgR 0.0002 | Global 0.9110 | Local 0.0108 | F1_macro 0.7553 | WorstLoss 0.8119
[Tracker] Ep   73 | AvgR 0.0002 | Global 0.7025 | Local 0.0107 | F1_macro 0.7375 | WorstLoss 0.9740
[Tracker] Ep   74 | AvgR 0.0002 | Global 0.9202 | Local 0.0135 | F1_macro 0.7511 | WorstLoss 0.7924
[Tracker] Ep   75 | AvgR 0.0002 | Global 0.8388 | Local 0.0086 | F1_macro 0.7393 | WorstLoss 0.8896
[Tracker] Saved snapshot: ep0075_phase2_class0
[Tracker] Ep   76 | AvgR 0.0002 | Global 0.8178 | Local 0.0078 | F1_macro 0.7400 | WorstLoss 0.9051
[Tracker] Ep   77 | AvgR 0.0002 | Global 0.7613 | Local 0.0295 | F1_macro 0.7323 | WorstLoss 0.9397
[Tracker] Ep   78 | AvgR 0.0002 | Global 0.9100 | Local 0.0293 | F1_macro 0.7491 | WorstLoss 0.7944
[Tracker] Ep   79 | AvgR 0.0002 | Global 0.8933 | Local 0.0225 | F1_macro 0.7513 | WorstLoss 0.8325
[Tracker] Ep   80 | AvgR 0.0002 | Global 0.9312 | Local 0.0114 | F1_macro 0.7527 | WorstLoss 0.7677
[Tracker] Saved snapshot: ep0080_phase2_class0
[Tracker] Ep   81 | AvgR 0.0002 | Global 0.9346 | Local 0.0119 | F1_macro 0.7541 | WorstLoss 0.7704
[Tracker] Ep   82 | AvgR 0.0002 | Global 0.8398 | Local 0.0260 | F1_macro 0.7387 | WorstLoss 0.8819
[Tracker] Ep   83 | AvgR 0.0002 | Global 0.9233 | Local 0.0117 | F1_macro 0.7486 | WorstLoss 0.7844
[Tracker] Ep   84 | AvgR 0.0002 | Global 0.8398 | Local 0.0226 | F1_macro 0.7432 | WorstLoss 0.8828
[Tracker] Ep   85 | AvgR 0.0002 | Global 0.9175 | Local 0.0157 | F1_macro 0.7485 | WorstLoss 0.7893
[Tracker] Saved snapshot: ep0085_phase2_class0
[Tracker] Ep   86 | AvgR 0.0002 | Global 0.9134 | Local 0.0138 | F1_macro 0.7526 | WorstLoss 0.8054
[Tracker] Ep   87 | AvgR 0.0001 | Global 0.6164 | Local 0.0137 | F1_macro 0.7348 | WorstLoss 1.0151
[Tracker] Ep   88 | AvgR 0.0002 | Global 0.8919 | Local 0.0091 | F1_macro 0.7543 | WorstLoss 0.8327
[Tracker] Ep   89 | AvgR 0.0002 | Global 0.7055 | Local 0.0129 | F1_macro 0.7350 | WorstLoss 0.9724
[Tracker] Ep   90 | AvgR 0.0002 | Global 0.8315 | Local 0.0108 | F1_macro 0.7411 | WorstLoss 0.8899
[Tracker] Saved snapshot: ep0090_phase2_class0
[Tracker] Ep   91 | AvgR 0.0002 | Global 0.8500 | Local 0.0093 | F1_macro 0.7471 | WorstLoss 0.8779
[Tracker] Ep   92 | AvgR 0.0002 | Global 0.8455 | Local 0.0426 | F1_macro 0.7375 | WorstLoss 0.8627
[Tracker] Ep   93 | AvgR 0.0002 | Global 0.7621 | Local 0.0241 | F1_macro 0.7379 | WorstLoss 0.9416
[Tracker] Ep   94 | AvgR 0.0002 | Global 0.8854 | Local 0.0293 | F1_macro 0.7588 | WorstLoss 0.8444
[Tracker] Ep   95 | AvgR 0.0002 | Global 0.8961 | Local 0.0112 | F1_macro 0.7630 | WorstLoss 0.8439
[Tracker] Saved snapshot: ep0095_phase2_class0
[Tracker] Ep   96 | AvgR 0.0002 | Global 0.8893 | Local 0.0086 | F1_macro 0.7521 | WorstLoss 0.8354
[Tracker] Ep   97 | AvgR 0.0002 | Global 0.8773 | Local 0.0163 | F1_macro 0.7451 | WorstLoss 0.8505
[Tracker] Ep   98 | AvgR 0.0002 | Global 0.9087 | Local 0.0283 | F1_macro 0.7401 | WorstLoss 0.7821
[Tracker] Ep   99 | AvgR 0.0002 | Global 0.9341 | Local 0.0081 | F1_macro 0.7529 | WorstLoss 0.7619
[Tracker] Ep  100 | AvgR 0.0002 | Global 0.8486 | Local 0.0105 | F1_macro 0.7384 | WorstLoss 0.8740
[Tracker] Saved snapshot: ep0100_phase2_class0
[Tracker] Ep  101 | AvgR 0.0002 | Global 0.8069 | Local 0.0135 | F1_macro 0.7387 | WorstLoss 0.9074
[Tracker] Ep  102 | AvgR 0.0002 | Global 0.9320 | Local 0.0079 | F1_macro 0.7537 | WorstLoss 0.7570
[Tracker] Ep  103 | AvgR 0.0002 | Global 0.9497 | Local 0.0147 | F1_macro 0.7596 | WorstLoss 0.7278
[Tracker] New BEST synthetic [phase2_class0] (by global.global_obj: 0.949719) saved.
[Tracker] BEST β weights [phase2_class0] saved -> training_runs/SPECv14_census_dvrl_twophase_3seeds_EP800_PCA10_REWfairness_minID1_majID0_TRJ2000_REAL3000_GG202603162050_d61bc7e3/seed_0/best_beta_state_dict_phase2_class0.pt
[Tracker] Ep  104 | AvgR 0.0002 | Global 0.8276 | Local 0.0321 | F1_macro 0.7405 | WorstLoss 0.8898
[Tracker] Ep  105 | AvgR 0.0002 | Global 0.7565 | Local 0.0166 | F1_macro 0.7313 | WorstLoss 0.9466
[Tracker] Saved snapshot: ep0105_phase2_class0
[Tracker] Ep  106 | AvgR 0.0002 | Global 0.9218 | Local 0.0117 | F1_macro 0.7514 | WorstLoss 0.7848
[Tracker] Ep  107 | AvgR 0.0002 | Global 0.6937 | Local 0.0146 | F1_macro 0.7338 | WorstLoss 0.9810
[Tracker] Ep  108 | AvgR 0.0002 | Global 0.9063 | Local 0.0105 | F1_macro 0.7463 | WorstLoss 0.8021
[Tracker] Ep  109 | AvgR 0.0002 | Global 0.7995 | Local 0.0244 | F1_macro 0.7343 | WorstLoss 0.9108
[Tracker] Ep  110 | AvgR 0.0002 | Global 0.8816 | Local 0.0268 | F1_macro 0.7498 | WorstLoss 0.8420
[Tracker] Saved snapshot: ep0110_phase2_class0
[Tracker] Ep  111 | AvgR 0.0002 | Global 0.9047 | Local 0.0138 | F1_macro 0.7487 | WorstLoss 0.8049
[Tracker] Ep  112 | AvgR 0.0002 | Global 0.7997 | Local 0.0092 | F1_macro 0.7362 | WorstLoss 0.9172
[Tracker] Ep  113 | AvgR 0.0002 | Global 0.9203 | Local 0.0064 | F1_macro 0.7532 | WorstLoss 0.7809
[Tracker] Ep  114 | AvgR 0.0002 | Global 0.9327 | Local 0.0152 | F1_macro 0.7553 | WorstLoss 0.7685
[Tracker] Ep  115 | AvgR 0.0003 | Global 0.9532 | Local 0.0214 | F1_macro 0.7535 | WorstLoss 0.6891
[Tracker] Saved snapshot: ep0115_phase2_class0
[Tracker] New BEST synthetic [phase2_class0] (by global.global_obj: 0.953250) saved.
[Tracker] BEST β weights [phase2_class0] saved -> training_runs/SPECv14_census_dvrl_twophase_3seeds_EP800_PCA10_REWfairness_minID1_majID0_TRJ2000_REAL3000_GG202603162050_d61bc7e3/seed_0/best_beta_state_dict_phase2_class0.pt
[Tracker] Ep  116 | AvgR 0.0003 | Global 0.9462 | Local 0.0089 | F1_macro 0.7502 | WorstLoss 0.7139
[Tracker] Ep  117 | AvgR 0.0002 | Global 0.5624 | Local 0.0309 | F1_macro 0.7190 | WorstLoss 1.0338
[Tracker] Ep  118 | AvgR 0.0002 | Global 0.9004 | Local 0.0041 | F1_macro 0.7502 | WorstLoss 0.8252
[Tracker] Ep  119 | AvgR 0.0002 | Global 0.8604 | Local 0.0158 | F1_macro 0.7466 | WorstLoss 0.8718
[Tracker] Ep  120 | AvgR 0.0003 | Global 0.9379 | Local 0.0129 | F1_macro 0.7564 | WorstLoss 0.7386
[Tracker] Saved snapshot: ep0120_phase2_class0
[Tracker] Ep  121 | AvgR 0.0003 | Global 0.9057 | Local 0.0250 | F1_macro 0.7548 | WorstLoss 0.7902
[Tracker] Ep  122 | AvgR 0.0002 | Global 0.8869 | Local 0.0162 | F1_macro 0.7418 | WorstLoss 0.8332
[Tracker] Ep  123 | AvgR 0.0002 | Global 0.8840 | Local 0.0109 | F1_macro 0.7480 | WorstLoss 0.8369
[Tracker] Ep  124 | AvgR 0.0003 | Global 0.9247 | Local 0.0044 | F1_macro 0.7547 | WorstLoss 0.7673
[Tracker] Ep  125 | AvgR 0.0002 | Global 0.7647 | Local 0.0113 | F1_macro 0.7303 | WorstLoss 0.9371
[Tracker] Saved snapshot: ep0125_phase2_class0
[Tracker] Ep  126 | AvgR 0.0003 | Global 0.9186 | Local 0.0105 | F1_macro 0.7509 | WorstLoss 0.7823
[Tracker] Ep  127 | AvgR 0.0003 | Global 0.8945 | Local 0.0122 | F1_macro 0.7457 | WorstLoss 0.8258
[Tracker] Ep  128 | AvgR 0.0003 | Global 0.9117 | Local 0.0258 | F1_macro 0.7541 | WorstLoss 0.7975
[Tracker] Ep  129 | AvgR 0.0002 | Global 0.7163 | Local 0.0181 | F1_macro 0.7337 | WorstLoss 0.9628
[Tracker] Ep  130 | AvgR 0.0002 | Global 0.8277 | Local 0.0173 | F1_macro 0.7425 | WorstLoss 0.8890
[Tracker] Saved snapshot: ep0130_phase2_class0
[Tracker] Ep  131 | AvgR 0.0003 | Global 0.9346 | Local 0.0165 | F1_macro 0.7493 | WorstLoss 0.7471
[Tracker] Ep  132 | AvgR 0.0003 | Global 0.9215 | Local 0.0153 | F1_macro 0.7593 | WorstLoss 0.7792
[Tracker] Ep  133 | AvgR 0.0002 | Global 0.8063 | Local 0.0334 | F1_macro 0.7413 | WorstLoss 0.9051
[Tracker] Ep  134 | AvgR 0.0002 | Global 0.8505 | Local 0.0114 | F1_macro 0.7422 | WorstLoss 0.8773
[Tracker] Ep  135 | AvgR 0.0003 | Global 0.8925 | Local 0.0186 | F1_macro 0.7464 | WorstLoss 0.8243
[Tracker] Saved snapshot: ep0135_phase2_class0
[Tracker] Ep  136 | AvgR 0.0002 | Global 0.6587 | Local 0.0178 | F1_macro 0.7331 | WorstLoss 0.9982
[Tracker] Ep  137 | AvgR 0.0003 | Global 0.9131 | Local 0.0209 | F1_macro 0.7536 | WorstLoss 0.7990
[Tracker] Ep  138 | AvgR 0.0003 | Global 0.8800 | Local 0.0083 | F1_macro 0.7465 | WorstLoss 0.8423
[Tracker] Ep  139 | AvgR 0.0003 | Global 0.8772 | Local 0.0206 | F1_macro 0.7416 | WorstLoss 0.8302
[Tracker] Ep  140 | AvgR 0.0002 | Global 0.7567 | Local 0.0187 | F1_macro 0.7318 | WorstLoss 0.9415
[Tracker] Saved snapshot: ep0140_phase2_class0
[Tracker] Ep  141 | AvgR 0.0003 | Global 0.9240 | Local 0.0108 | F1_macro 0.7492 | WorstLoss 0.7739
[Tracker] Ep  142 | AvgR 0.0003 | Global 0.9655 | Local 0.0271 | F1_macro 0.7536 | WorstLoss 0.5892
[Tracker] New BEST synthetic [phase2_class0] (by global.global_obj: 0.965510) saved.
[Tracker] BEST β weights [phase2_class0] saved -> training_runs/SPECv14_census_dvrl_twophase_3seeds_EP800_PCA10_REWfairness_minID1_majID0_TRJ2000_REAL3000_GG202603162050_d61bc7e3/seed_0/best_beta_state_dict_phase2_class0.pt
[Tracker] Ep  143 | AvgR 0.0002 | Global 0.5458 | Local 0.0407 | F1_macro 0.7224 | WorstLoss 1.0447
[Tracker] Ep  144 | AvgR 0.0003 | Global 0.8764 | Local 0.0317 | F1_macro 0.7484 | WorstLoss 0.8342
[Tracker] Ep  145 | AvgR 0.0003 | Global 0.8753 | Local 0.0076 | F1_macro 0.7489 | WorstLoss 0.8505
[Tracker] Saved snapshot: ep0145_phase2_class0
[Tracker] Ep  146 | AvgR 0.0003 | Global 0.9512 | Local 0.0103 | F1_macro 0.7543 | WorstLoss 0.7141
[Tracker] Ep  147 | AvgR 0.0003 | Global 0.8791 | Local 0.0274 | F1_macro 0.7353 | WorstLoss 0.8287
[Tracker] Ep  148 | AvgR 0.0002 | Global 0.8214 | Local 0.0157 | F1_macro 0.7530 | WorstLoss 0.9081
[Tracker] Ep  149 | AvgR 0.0003 | Global 0.8512 | Local 0.0183 | F1_macro 0.7456 | WorstLoss 0.8787
[Tracker] Ep  150 | AvgR 0.0003 | Global 0.9227 | Local 0.0174 | F1_macro 0.7550 | WorstLoss 0.7830
[Tracker] Saved snapshot: ep0150_phase2_class0
[Tracker] Ep  151 | AvgR 0.0002 | Global 0.7999 | Local 0.0265 | F1_macro 0.7426 | WorstLoss 0.9113
[Tracker] Ep  152 | AvgR 0.0003 | Global 0.9045 | Local 0.0184 | F1_macro 0.7444 | WorstLoss 0.8098
[Tracker] Ep  153 | AvgR 0.0003 | Global 0.8716 | Local 0.0091 | F1_macro 0.7491 | WorstLoss 0.8590
[Tracker] Ep  154 | AvgR 0.0003 | Global 0.8880 | Local 0.0220 | F1_macro 0.7490 | WorstLoss 0.8283
[Tracker] Ep  155 | AvgR 0.0003 | Global 0.8545 | Local 0.0140 | F1_macro 0.7392 | WorstLoss 0.8733
[Tracker] Saved snapshot: ep0155_phase2_class0
[Tracker] Ep  156 | AvgR 0.0002 | Global 0.7716 | Local 0.0283 | F1_macro 0.7437 | WorstLoss 0.9332
[Tracker] Ep  157 | AvgR 0.0003 | Global 0.8147 | Local 0.0130 | F1_macro 0.7419 | WorstLoss 0.9102
[Tracker] Ep  158 | AvgR 0.0003 | Global 0.8344 | Local 0.0308 | F1_macro 0.7511 | WorstLoss 0.8893
[Tracker] Ep  159 | AvgR 0.0003 | Global 0.8655 | Local 0.0063 | F1_macro 0.7486 | WorstLoss 0.8617
[Tracker] Ep  160 | AvgR 0.0003 | Global 0.8734 | Local 0.0095 | F1_macro 0.7504 | WorstLoss 0.8587
[Tracker] Saved snapshot: ep0160_phase2_class0
[Tracker] Ep  161 | AvgR 0.0003 | Global 0.9089 | Local 0.0298 | F1_macro 0.7579 | WorstLoss 0.8094
[Tracker] Ep  162 | AvgR 0.0003 | Global 0.9249 | Local 0.0301 | F1_macro 0.7470 | WorstLoss 0.7616
[Tracker] Ep  163 | AvgR 0.0003 | Global 0.8767 | Local 0.0157 | F1_macro 0.7482 | WorstLoss 0.8430
[Tracker] Ep  164 | AvgR 0.0003 | Global 0.8517 | Local 0.0141 | F1_macro 0.7420 | WorstLoss 0.8686
[Tracker] Ep  165 | AvgR 0.0002 | Global 0.7800 | Local 0.0232 | F1_macro 0.7424 | WorstLoss 0.9267
[Tracker] Saved snapshot: ep0165_phase2_class0
[Tracker] Ep  166 | AvgR 0.0003 | Global 0.8173 | Local 0.0287 | F1_macro 0.7407 | WorstLoss 0.9001
[Tracker] Ep  167 | AvgR 0.0003 | Global 0.8584 | Local 0.0177 | F1_macro 0.7431 | WorstLoss 0.8621
[Tracker] Ep  168 | AvgR 0.0003 | Global 0.8019 | Local 0.0305 | F1_macro 0.7412 | WorstLoss 0.9100
[Tracker] Ep  169 | AvgR 0.0003 | Global 0.8505 | Local 0.0184 | F1_macro 0.7516 | WorstLoss 0.8799
[Tracker] Ep  170 | AvgR 0.0003 | Global 0.8038 | Local 0.0246 | F1_macro 0.7407 | WorstLoss 0.9060
[Tracker] Saved snapshot: ep0170_phase2_class0
[Tracker] Ep  171 | AvgR 0.0003 | Global 0.8807 | Local 0.0312 | F1_macro 0.7423 | WorstLoss 0.8403
[Tracker] Ep  172 | AvgR 0.0002 | Global 0.7116 | Local 0.0112 | F1_macro 0.7399 | WorstLoss 0.9698
[Tracker] Ep  173 | AvgR 0.0003 | Global 0.9082 | Local 0.0232 | F1_macro 0.7436 | WorstLoss 0.7807
[Tracker] Ep  174 | AvgR 0.0002 | Global 0.5068 | Local 0.0473 | F1_macro 0.7080 | WorstLoss 1.0583
[Tracker] Ep  175 | AvgR 0.0003 | Global 0.9058 | Local 0.0312 | F1_macro 0.7486 | WorstLoss 0.8026
[Tracker] Saved snapshot: ep0175_phase2_class0
[Tracker] Ep  176 | AvgR 0.0003 | Global 0.9022 | Local 0.0191 | F1_macro 0.7475 | WorstLoss 0.8087
[Tracker] Ep  177 | AvgR 0.0003 | Global 0.8110 | Local 0.0234 | F1_macro 0.7450 | WorstLoss 0.9041
[Tracker] Ep  178 | AvgR 0.0003 | Global 0.8814 | Local 0.0281 | F1_macro 0.7458 | WorstLoss 0.8392
[Tracker] Ep  179 | AvgR 0.0003 | Global 0.8462 | Local 0.0348 | F1_macro 0.7415 | WorstLoss 0.8739
[Tracker] Ep  180 | AvgR 0.0003 | Global 0.9266 | Local 0.0162 | F1_macro 0.7563 | WorstLoss 0.7758
[Tracker] Saved snapshot: ep0180_phase2_class0
[Tracker] Ep  181 | AvgR 0.0003 | Global 0.8851 | Local 0.0295 | F1_macro 0.7350 | WorstLoss 0.8225
[Tracker] Ep  182 | AvgR 0.0003 | Global 0.8034 | Local 0.0121 | F1_macro 0.7364 | WorstLoss 0.9083
[Tracker] Ep  183 | AvgR 0.0002 | Global 0.6260 | Local 0.0199 | F1_macro 0.7333 | WorstLoss 1.0110
[Tracker] Ep  184 | AvgR 0.0003 | Global 0.8545 | Local 0.0261 | F1_macro 0.7471 | WorstLoss 0.8696
[Tracker] Ep  185 | AvgR 0.0003 | Global 0.8673 | Local 0.0167 | F1_macro 0.7475 | WorstLoss 0.8529
[Tracker] Saved snapshot: ep0185_phase2_class0
[Tracker] Ep  186 | AvgR 0.0003 | Global 0.7782 | Local 0.0230 | F1_macro 0.7418 | WorstLoss 0.9313
[Tracker] Ep  187 | AvgR 0.0003 | Global 0.8182 | Local 0.0267 | F1_macro 0.7550 | WorstLoss 0.9063
[Tracker] Ep  188 | AvgR 0.0003 | Global 0.9126 | Local 0.0171 | F1_macro 0.7481 | WorstLoss 0.7948
[Tracker] Ep  189 | AvgR 0.0003 | Global 0.8051 | Local 0.0253 | F1_macro 0.7438 | WorstLoss 0.9102
[Tracker] Ep  190 | AvgR 0.0003 | Global 0.8946 | Local 0.0157 | F1_macro 0.7466 | WorstLoss 0.8149
[Tracker] Saved snapshot: ep0190_phase2_class0
[Tracker] Ep  191 | AvgR 0.0003 | Global 0.7665 | Local 0.0313 | F1_macro 0.7377 | WorstLoss 0.9371
[Tracker] Ep  192 | AvgR 0.0003 | Global 0.8594 | Local 0.0267 | F1_macro 0.7415 | WorstLoss 0.8569
[Tracker] Ep  193 | AvgR 0.0003 | Global 0.7394 | Local 0.0244 | F1_macro 0.7441 | WorstLoss 0.9511
[Tracker] Ep  194 | AvgR 0.0002 | Global 0.5771 | Local 0.0324 | F1_macro 0.7257 | WorstLoss 1.0301
[Tracker] Ep  195 | AvgR 0.0003 | Global 0.8044 | Local 0.0170 | F1_macro 0.7376 | WorstLoss 0.9122
[Tracker] Saved snapshot: ep0195_phase2_class0
[Tracker] Ep  196 | AvgR 0.0003 | Global 0.8881 | Local 0.0281 | F1_macro 0.7460 | WorstLoss 0.8297
[Tracker] Ep  197 | AvgR 0.0003 | Global 0.9064 | Local 0.0450 | F1_macro 0.7441 | WorstLoss 0.7885
[Tracker] Ep  198 | AvgR 0.0002 | Global 0.5875 | Local 0.0206 | F1_macro 0.7385 | WorstLoss 1.0288
[Tracker] Ep  199 | AvgR 0.0002 | Global 0.6176 | Local 0.0307 | F1_macro 0.7378 | WorstLoss 1.0128
[Tracker] Ep  200 | AvgR 0.0003 | Global 0.7500 | Local 0.0195 | F1_macro 0.7390 | WorstLoss 0.9480
[Tracker] Saved snapshot: ep0200_phase2_class0
[Phase] Finished phase2_class0 | best global_obj=0.9655
FFNN Using device: cuda:0
[Combined] Saved combined beta -> training_runs/SPECv14_census_dvrl_twophase_3seeds_EP800_PCA10_REWfairness_minID1_majID0_TRJ2000_REAL3000_GG202603162050_d61bc7e3/seed_0/best_beta_state_dict.pt
[Combined] Saved combined synthetic -> training_runs/SPECv14_census_dvrl_twophase_3seeds_EP800_PCA10_REWfairness_minID1_majID0_TRJ2000_REAL3000_GG202603162050_d61bc7e3/seed_0/best_synthetic_combined.npz
FFNN Using device: cuda:0
[TestSuite] Loaded best β weights from: training_runs/SPECv14_census_dvrl_twophase_3seeds_EP800_PCA10_REWfairness_minID1_majID0_TRJ2000_REAL3000_GG202603162050_d61bc7e3/seed_0/best_beta_state_dict.pt

[TEST] Alpha -> F1(min)=0.6377 | F1(maj)=0.8982 | F1(weighted)=0.8355 | F1(macro)=0.7680 | Brier=0.1095
[TEST] Beta  -> F1(min)=0.6089 | F1(maj)=0.8928 | F1(weighted)=0.8244 | F1(macro)=0.7508 | Brier=0.1178
[TestSuite] Final test metrics appended to (seed): training_runs/SPECv14_census_dvrl_twophase_3seeds_EP800_PCA10_REWfairness_minID1_majID0_TRJ2000_REAL3000_GG202603162050_d61bc7e3/seed_0/final_test_metrics.csv
[TestSuite] Final test metrics appended to (experiment): training_runs/SPECv14_census_dvrl_twophase_3seeds_EP800_PCA10_REWfairness_minID1_majID0_TRJ2000_REAL3000_GG202603162050_d61bc7e3/final_test_metrics.csv
Total time 2148.99s
[Tracker] Finished. Run folder: training_runs/SPECv14_census_dvrl_twophase_3seeds_EP800_PCA10_REWfairness_minID1_majID0_TRJ2000_REAL3000_GG202603162050_d61bc7e3/seed_0
[main] ---- running seed=1 ----
FFNN Using device: cuda:0
FFNN Using device: cuda:0
[Tracker] Experiment: SPECv14_census_dvrl_twophase_3seeds_EP800_PCA10_REWfairness_minID1_majID0_TRJ2000_REAL3000_GG202603162050_d61bc7e3
[Tracker] Seed folder: training_runs/SPECv14_census_dvrl_twophase_3seeds_EP800_PCA10_REWfairness_minID1_majID0_TRJ2000_REAL3000_GG202603162050_d61bc7e3/seed_1
[Tracker] Run: 2026-03-16_22-02-04_seed1_2394566_3d9b7d23
[Tracker] Metrics CSV: training_runs/SPECv14_census_dvrl_twophase_3seeds_EP800_PCA10_REWfairness_minID1_majID0_TRJ2000_REAL3000_GG202603162050_d61bc7e3/seed_1/metrics.csv
[Tracker] Mirroring console to: training_runs/SPECv14_census_dvrl_twophase_3seeds_EP800_PCA10_REWfairness_minID1_majID0_TRJ2000_REAL3000_GG202603162050_d61bc7e3/seed_1/console.log
[TRAIN] size=3000, minority=722 (24.07%)
[VAL] size=6512, minority=1568 (24.08%)
[TEST] size=6513, minority=1569 (24.09%)
FFNN Using device: cuda:0
FFNN Using device: cuda:0
Beta will train with: 60.00% real data, 40.00% synthetic data: 
[disadv] group=1 per_g={0: 0.20156973600387573, 1: 0.40176689624786377} worst_4g=1.2134 soft_eo_alpha=0.1608
Anchors: 612 (disadv=1) sigma_anchor=0.8500
[Tracker] Alpha model state_dict saved to training_runs/SPECv14_census_dvrl_twophase_3seeds_EP800_PCA10_REWfairness_minID1_majID0_TRJ2000_REAL3000_GG202603162050_d61bc7e3/seed_1/alpha_state_dict.pt
[Tracker] Alpha model config saved to training_runs/SPECv14_census_dvrl_twophase_3seeds_EP800_PCA10_REWfairness_minID1_majID0_TRJ2000_REAL3000_GG202603162050_d61bc7e3/seed_1/ffnn_meta.json

============================================================
[Phase] Starting phase1_class1 | target_class=1 | episodes=800
============================================================
[Tracker] CSV header written with 44 columns.
[Tracker] Ep    1 | AvgR 0.0001 | Global 0.3475 | Local 0.0615 | F1_macro 0.7614 | WorstLoss 1.2711
[Tracker] New BEST synthetic [phase1_class1] (by global.global_obj: 0.347453) saved.
[Tracker] BEST β weights [phase1_class1] saved -> training_runs/SPECv14_census_dvrl_twophase_3seeds_EP800_PCA10_REWfairness_minID1_majID0_TRJ2000_REAL3000_GG202603162050_d61bc7e3/seed_1/best_beta_state_dict_phase1_class1.pt
[Tracker] Ep    2 | AvgR 0.0001 | Global 0.3913 | Local 0.0678 | F1_macro 0.7563 | WorstLoss 1.2528
[Tracker] New BEST synthetic [phase1_class1] (by global.global_obj: 0.391263) saved.
[Tracker] BEST β weights [phase1_class1] saved -> training_runs/SPECv14_census_dvrl_twophase_3seeds_EP800_PCA10_REWfairness_minID1_majID0_TRJ2000_REAL3000_GG202603162050_d61bc7e3/seed_1/best_beta_state_dict_phase1_class1.pt
[Tracker] Ep    3 | AvgR 0.0000 | Global 0.2972 | Local 0.0143 | F1_macro 0.7617 | WorstLoss 1.2971
[Tracker] Ep    4 | AvgR 0.0001 | Global 0.5817 | Local 0.0383 | F1_macro 0.7672 | WorstLoss 1.1755
[Tracker] New BEST synthetic [phase1_class1] (by global.global_obj: 0.581733) saved.
[Tracker] BEST β weights [phase1_class1] saved -> training_runs/SPECv14_census_dvrl_twophase_3seeds_EP800_PCA10_REWfairness_minID1_majID0_TRJ2000_REAL3000_GG202603162050_d61bc7e3/seed_1/best_beta_state_dict_phase1_class1.pt
[Tracker] Ep    5 | AvgR 0.0001 | Global 0.7126 | Local 0.0143 | F1_macro 0.7750 | WorstLoss 1.1174
[Tracker] Saved snapshot: ep0005_phase1_class1
[Tracker] New BEST synthetic [phase1_class1] (by global.global_obj: 0.712562) saved.
[Tracker] BEST β weights [phase1_class1] saved -> training_runs/SPECv14_census_dvrl_twophase_3seeds_EP800_PCA10_REWfairness_minID1_majID0_TRJ2000_REAL3000_GG202603162050_d61bc7e3/seed_1/best_beta_state_dict_phase1_class1.pt
[Tracker] Ep    6 | AvgR 0.0001 | Global 0.7450 | Local 0.0310 | F1_macro 0.7679 | WorstLoss 1.0949
[Tracker] New BEST synthetic [phase1_class1] (by global.global_obj: 0.744972) saved.
[Tracker] BEST β weights [phase1_class1] saved -> training_runs/SPECv14_census_dvrl_twophase_3seeds_EP800_PCA10_REWfairness_minID1_majID0_TRJ2000_REAL3000_GG202603162050_d61bc7e3/seed_1/best_beta_state_dict_phase1_class1.pt
[Tracker] Ep    7 | AvgR 0.0001 | Global 0.5096 | Local 0.0402 | F1_macro 0.7550 | WorstLoss 1.2033
[Tracker] Ep    8 | AvgR 0.0001 | Global 0.2483 | Local 0.0410 | F1_macro 0.7501 | WorstLoss 1.3195
[Tracker] Ep    9 | AvgR 0.0000 | Global 0.2401 | Local 0.0314 | F1_macro 0.7630 | WorstLoss 1.3263
[Tracker] Ep   10 | AvgR 0.0001 | Global 0.7588 | Local 0.0320 | F1_macro 0.7668 | WorstLoss 1.0877
[Tracker] Saved snapshot: ep0010_phase1_class1
[Tracker] New BEST synthetic [phase1_class1] (by global.global_obj: 0.758770) saved.
[Tracker] BEST β weights [phase1_class1] saved -> training_runs/SPECv14_census_dvrl_twophase_3seeds_EP800_PCA10_REWfairness_minID1_majID0_TRJ2000_REAL3000_GG202603162050_d61bc7e3/seed_1/best_beta_state_dict_phase1_class1.pt
[Tracker] Ep   11 | AvgR 0.0001 | Global 0.4027 | Local 0.0262 | F1_macro 0.7666 | WorstLoss 1.2492
[Tracker] Ep   12 | AvgR 0.0001 | Global 0.3480 | Local 0.0239 | F1_macro 0.7678 | WorstLoss 1.2732
[Tracker] Ep   13 | AvgR 0.0001 | Global 0.3111 | Local 0.0509 | F1_macro 0.7475 | WorstLoss 1.2897
[Tracker] Ep   14 | AvgR 0.0001 | Global 0.4576 | Local 0.0170 | F1_macro 0.7697 | WorstLoss 1.2271
[Tracker] Ep   15 | AvgR 0.0001 | Global 0.7243 | Local 0.0317 | F1_macro 0.7637 | WorstLoss 1.1053
[Tracker] Saved snapshot: ep0015_phase1_class1
[Tracker] Ep   16 | AvgR 0.0001 | Global 0.6931 | Local 0.0392 | F1_macro 0.7620 | WorstLoss 1.1206
[Tracker] Ep   17 | AvgR 0.0001 | Global 0.7575 | Local 0.0526 | F1_macro 0.7705 | WorstLoss 1.0902
[Tracker] Ep   18 | AvgR 0.0001 | Global 0.4500 | Local 0.0468 | F1_macro 0.7614 | WorstLoss 1.2261
[Tracker] Ep   19 | AvgR 0.0001 | Global 0.5495 | Local 0.0383 | F1_macro 0.7666 | WorstLoss 1.1851
[Tracker] Ep   20 | AvgR 0.0001 | Global 0.6051 | Local 0.0397 | F1_macro 0.7664 | WorstLoss 1.1653
[Tracker] Saved snapshot: ep0020_phase1_class1
[Tracker] Ep   21 | AvgR 0.0001 | Global 0.5500 | Local 0.0463 | F1_macro 0.7565 | WorstLoss 1.1867
[Tracker] Ep   22 | AvgR 0.0001 | Global 0.6511 | Local 0.0417 | F1_macro 0.7697 | WorstLoss 1.1429
[Tracker] Ep   23 | AvgR 0.0001 | Global 0.7229 | Local 0.0565 | F1_macro 0.7573 | WorstLoss 1.1038
[Tracker] Ep   24 | AvgR 0.0001 | Global 0.3649 | Local 0.0268 | F1_macro 0.7582 | WorstLoss 1.2643
[Tracker] Ep   25 | AvgR 0.0001 | Global 0.5532 | Local 0.0287 | F1_macro 0.7610 | WorstLoss 1.1865
[Tracker] Saved snapshot: ep0025_phase1_class1
[Tracker] Ep   26 | AvgR 0.0001 | Global 0.2794 | Local 0.0314 | F1_macro 0.7546 | WorstLoss 1.3049
[Tracker] Ep   27 | AvgR 0.0001 | Global 0.3341 | Local 0.0562 | F1_macro 0.7486 | WorstLoss 1.2754
[Tracker] Ep   28 | AvgR 0.0001 | Global 0.5021 | Local 0.0495 | F1_macro 0.7720 | WorstLoss 1.2081
[Tracker] Ep   29 | AvgR 0.0000 | Global 0.2217 | Local 0.0379 | F1_macro 0.7682 | WorstLoss 1.3363
[Tracker] Ep   30 | AvgR 0.0001 | Global 0.3977 | Local 0.0322 | F1_macro 0.7561 | WorstLoss 1.2495
[Tracker] Saved snapshot: ep0030_phase1_class1
[Tracker] Ep   31 | AvgR 0.0001 | Global 0.6118 | Local 0.0292 | F1_macro 0.7676 | WorstLoss 1.1624
[Tracker] Ep   32 | AvgR 0.0001 | Global 0.3590 | Local 0.0698 | F1_macro 0.7544 | WorstLoss 1.2650
[Tracker] Ep   33 | AvgR 0.0001 | Global 0.5538 | Local 0.0318 | F1_macro 0.7656 | WorstLoss 1.1871
[Tracker] Ep   34 | AvgR 0.0001 | Global 0.6791 | Local 0.0316 | F1_macro 0.7653 | WorstLoss 1.1302
[Tracker] Ep   35 | AvgR 0.0001 | Global 0.7580 | Local 0.0422 | F1_macro 0.7660 | WorstLoss 1.0903
[Tracker] Saved snapshot: ep0035_phase1_class1
[Tracker] Ep   36 | AvgR 0.0000 | Global 0.1924 | Local 0.0390 | F1_macro 0.7555 | WorstLoss 1.3531
[Tracker] Ep   37 | AvgR 0.0001 | Global 0.4448 | Local 0.0310 | F1_macro 0.7632 | WorstLoss 1.2314
[Tracker] Ep   38 | AvgR 0.0001 | Global 0.6319 | Local 0.0353 | F1_macro 0.7675 | WorstLoss 1.1524
[Tracker] Ep   39 | AvgR 0.0001 | Global 0.5429 | Local 0.0369 | F1_macro 0.7644 | WorstLoss 1.1909
[Tracker] Ep   40 | AvgR 0.0001 | Global 0.6840 | Local 0.0474 | F1_macro 0.7671 | WorstLoss 1.1267
[Tracker] Saved snapshot: ep0040_phase1_class1
[Tracker] Ep   41 | AvgR 0.0001 | Global 0.2526 | Local 0.0453 | F1_macro 0.7637 | WorstLoss 1.3189
[Tracker] Ep   42 | AvgR 0.0001 | Global 0.4863 | Local 0.0406 | F1_macro 0.7628 | WorstLoss 1.2139
[Tracker] Ep   43 | AvgR 0.0001 | Global 0.6166 | Local 0.0215 | F1_macro 0.7708 | WorstLoss 1.1615
[Tracker] Ep   44 | AvgR 0.0001 | Global 0.5630 | Local 0.0347 | F1_macro 0.7689 | WorstLoss 1.1813
[Tracker] Ep   45 | AvgR 0.0001 | Global 0.2666 | Local 0.0529 | F1_macro 0.7598 | WorstLoss 1.3105
[Tracker] Saved snapshot: ep0045_phase1_class1
[Tracker] Ep   46 | AvgR 0.0001 | Global 0.4683 | Local 0.0332 | F1_macro 0.7623 | WorstLoss 1.2232
[Tracker] Ep   47 | AvgR 0.0001 | Global 0.4229 | Local 0.0323 | F1_macro 0.7637 | WorstLoss 1.2413
[Tracker] Ep   48 | AvgR 0.0000 | Global 0.1493 | Local 0.0368 | F1_macro 0.7416 | WorstLoss 1.3834
[Tracker] Ep   49 | AvgR 0.0000 | Global 0.1922 | Local 0.0428 | F1_macro 0.7664 | WorstLoss 1.3527
[Tracker] Ep   50 | AvgR 0.0001 | Global 0.4580 | Local 0.0285 | F1_macro 0.7606 | WorstLoss 1.2265
[Tracker] Saved snapshot: ep0050_phase1_class1
[Tracker] Ep   51 | AvgR 0.0001 | Global 0.4701 | Local 0.0304 | F1_macro 0.7656 | WorstLoss 1.2195
[Tracker] Ep   52 | AvgR 0.0001 | Global 0.3615 | Local 0.0308 | F1_macro 0.7629 | WorstLoss 1.2665
[Tracker] Ep   53 | AvgR 0.0001 | Global 0.3821 | Local 0.0323 | F1_macro 0.7596 | WorstLoss 1.2569
[Tracker] Ep   54 | AvgR 0.0001 | Global 0.7123 | Local 0.0178 | F1_macro 0.7745 | WorstLoss 1.1172
[Tracker] Ep   55 | AvgR 0.0001 | Global 0.6475 | Local 0.0370 | F1_macro 0.7721 | WorstLoss 1.1478
[Tracker] Saved snapshot: ep0055_phase1_class1
[Tracker] Ep   56 | AvgR 0.0001 | Global 0.3955 | Local 0.0285 | F1_macro 0.7629 | WorstLoss 1.2526
[Tracker] Ep   57 | AvgR 0.0001 | Global 0.5942 | Local 0.0761 | F1_macro 0.7606 | WorstLoss 1.1666
[Tracker] Ep   58 | AvgR 0.0001 | Global 0.7825 | Local 0.0174 | F1_macro 0.7696 | WorstLoss 1.0792
[Tracker] New BEST synthetic [phase1_class1] (by global.global_obj: 0.782534) saved.
[Tracker] BEST β weights [phase1_class1] saved -> training_runs/SPECv14_census_dvrl_twophase_3seeds_EP800_PCA10_REWfairness_minID1_majID0_TRJ2000_REAL3000_GG202603162050_d61bc7e3/seed_1/best_beta_state_dict_phase1_class1.pt
[Tracker] Ep   59 | AvgR 0.0001 | Global 0.3974 | Local 0.0918 | F1_macro 0.7571 | WorstLoss 1.2482
[Tracker] Ep   60 | AvgR 0.0001 | Global 0.6700 | Local 0.0460 | F1_macro 0.7717 | WorstLoss 1.1360
[Tracker] Saved snapshot: ep0060_phase1_class1
[Tracker] Ep   61 | AvgR 0.0001 | Global 0.3958 | Local 0.0298 | F1_macro 0.7590 | WorstLoss 1.2507
[Tracker] Ep   62 | AvgR 0.0001 | Global 0.6380 | Local 0.0530 | F1_macro 0.7619 | WorstLoss 1.1453
[Tracker] Ep   63 | AvgR 0.0001 | Global 0.6199 | Local 0.0229 | F1_macro 0.7690 | WorstLoss 1.1605
[Tracker] Ep   64 | AvgR 0.0001 | Global 0.5150 | Local 0.0359 | F1_macro 0.7642 | WorstLoss 1.2044
[Tracker] Ep   65 | AvgR 0.0001 | Global 0.7248 | Local 0.0462 | F1_macro 0.7581 | WorstLoss 1.1081
[Tracker] Saved snapshot: ep0065_phase1_class1
[Tracker] Ep   66 | AvgR 0.0001 | Global 0.4360 | Local 0.0282 | F1_macro 0.7678 | WorstLoss 1.2340
[Tracker] Ep   67 | AvgR 0.0001 | Global 0.5037 | Local 0.0341 | F1_macro 0.7613 | WorstLoss 1.2048
[Tracker] Ep   68 | AvgR 0.0001 | Global 0.5044 | Local 0.0286 | F1_macro 0.7669 | WorstLoss 1.2066
[Tracker] Ep   69 | AvgR 0.0001 | Global 0.4133 | Local 0.0276 | F1_macro 0.7666 | WorstLoss 1.2443
[Tracker] Ep   70 | AvgR 0.0001 | Global 0.6424 | Local 0.0311 | F1_macro 0.7637 | WorstLoss 1.1489
[Tracker] Saved snapshot: ep0070_phase1_class1
[Tracker] Ep   71 | AvgR 0.0001 | Global 0.5270 | Local 0.0567 | F1_macro 0.7547 | WorstLoss 1.1946
[Tracker] Ep   72 | AvgR 0.0001 | Global 0.6421 | Local 0.0339 | F1_macro 0.7683 | WorstLoss 1.1477
[Tracker] Ep   73 | AvgR 0.0000 | Global 0.2121 | Local 0.0360 | F1_macro 0.7616 | WorstLoss 1.3409
[Tracker] Ep   74 | AvgR 0.0001 | Global 0.3253 | Local 0.0521 | F1_macro 0.7662 | WorstLoss 1.2822
[Tracker] Ep   75 | AvgR 0.0001 | Global 0.6644 | Local 0.0530 | F1_macro 0.7719 | WorstLoss 1.1359
[Tracker] Saved snapshot: ep0075_phase1_class1
[Tracker] Ep   76 | AvgR 0.0001 | Global 0.6197 | Local 0.0576 | F1_macro 0.7553 | WorstLoss 1.1545
[Tracker] Ep   77 | AvgR 0.0001 | Global 0.3073 | Local 0.0445 | F1_macro 0.7655 | WorstLoss 1.2913
[Tracker] Ep   78 | AvgR 0.0001 | Global 0.6956 | Local 0.0555 | F1_macro 0.7679 | WorstLoss 1.1216
[Tracker] Ep   79 | AvgR 0.0001 | Global 0.3929 | Local 0.0289 | F1_macro 0.7631 | WorstLoss 1.2545
[Tracker] Ep   80 | AvgR 0.0001 | Global 0.6788 | Local 0.0335 | F1_macro 0.7630 | WorstLoss 1.1334
[Tracker] Saved snapshot: ep0080_phase1_class1
[Tracker] Ep   81 | AvgR 0.0001 | Global 0.5766 | Local 0.0408 | F1_macro 0.7661 | WorstLoss 1.1771
[Tracker] Ep   82 | AvgR 0.0001 | Global 0.4690 | Local 0.0502 | F1_macro 0.7636 | WorstLoss 1.2215
[Tracker] Ep   83 | AvgR 0.0000 | Global 0.1608 | Local 0.0588 | F1_macro 0.7555 | WorstLoss 1.3745
[Tracker] Ep   84 | AvgR 0.0001 | Global 0.7074 | Local 0.0569 | F1_macro 0.7614 | WorstLoss 1.1137
[Tracker] Ep   85 | AvgR 0.0001 | Global 0.2788 | Local 0.0443 | F1_macro 0.7660 | WorstLoss 1.3053
[Tracker] Saved snapshot: ep0085_phase1_class1
[Tracker] Ep   86 | AvgR 0.0001 | Global 0.3210 | Local 0.0454 | F1_macro 0.7543 | WorstLoss 1.2855
[Tracker] Ep   87 | AvgR 0.0001 | Global 0.5377 | Local 0.0707 | F1_macro 0.7508 | WorstLoss 1.1902
[Tracker] Ep   88 | AvgR 0.0001 | Global 0.7334 | Local 0.0462 | F1_macro 0.7639 | WorstLoss 1.1059
[Tracker] Ep   89 | AvgR 0.0001 | Global 0.2139 | Local 0.0490 | F1_macro 0.7638 | WorstLoss 1.3391
[Tracker] Ep   90 | AvgR 0.0001 | Global 0.3078 | Local 0.0356 | F1_macro 0.7599 | WorstLoss 1.2912
[Tracker] Saved snapshot: ep0090_phase1_class1
[Tracker] Ep   91 | AvgR 0.0001 | Global 0.7300 | Local 0.0621 | F1_macro 0.7576 | WorstLoss 1.1013
[Tracker] Ep   92 | AvgR 0.0001 | Global 0.5107 | Local 0.0637 | F1_macro 0.7613 | WorstLoss 1.2017
[Tracker] Ep   93 | AvgR 0.0001 | Global 0.2856 | Local 0.0532 | F1_macro 0.7580 | WorstLoss 1.2993
[Tracker] Ep   94 | AvgR 0.0001 | Global 0.5364 | Local 0.0225 | F1_macro 0.7691 | WorstLoss 1.1936
[Tracker] Ep   95 | AvgR 0.0001 | Global 0.5519 | Local 0.0409 | F1_macro 0.7696 | WorstLoss 1.1869
[Tracker] Saved snapshot: ep0095_phase1_class1
[Tracker] Ep   96 | AvgR 0.0001 | Global 0.5452 | Local 0.0332 | F1_macro 0.7671 | WorstLoss 1.1909
[Tracker] Ep   97 | AvgR 0.0001 | Global 0.4018 | Local 0.0403 | F1_macro 0.7685 | WorstLoss 1.2488
[Tracker] Ep   98 | AvgR 0.0001 | Global 0.5165 | Local 0.0789 | F1_macro 0.7542 | WorstLoss 1.2007
[Tracker] Ep   99 | AvgR 0.0001 | Global 0.2860 | Local 0.0310 | F1_macro 0.7593 | WorstLoss 1.3007
[Tracker] Ep  100 | AvgR 0.0001 | Global 0.7259 | Local 0.0479 | F1_macro 0.7632 | WorstLoss 1.1035
[Tracker] Saved snapshot: ep0100_phase1_class1
[Tracker] Ep  101 | AvgR 0.0001 | Global 0.3681 | Local 0.0634 | F1_macro 0.7628 | WorstLoss 1.2622
[Tracker] Ep  102 | AvgR 0.0001 | Global 0.7565 | Local 0.0349 | F1_macro 0.7648 | WorstLoss 1.0914
[Tracker] Ep  103 | AvgR 0.0001 | Global 0.3900 | Local 0.0428 | F1_macro 0.7648 | WorstLoss 1.2547
[Tracker] Ep  104 | AvgR 0.0002 | Global 0.8518 | Local 0.0747 | F1_macro 0.7584 | WorstLoss 1.0141
[Tracker] New BEST synthetic [phase1_class1] (by global.global_obj: 0.851783) saved.
[Tracker] BEST β weights [phase1_class1] saved -> training_runs/SPECv14_census_dvrl_twophase_3seeds_EP800_PCA10_REWfairness_minID1_majID0_TRJ2000_REAL3000_GG202603162050_d61bc7e3/seed_1/best_beta_state_dict_phase1_class1.pt
[Tracker] Ep  105 | AvgR 0.0001 | Global 0.7299 | Local 0.0304 | F1_macro 0.7661 | WorstLoss 1.1063
[Tracker] Saved snapshot: ep0105_phase1_class1
[Tracker] Ep  106 | AvgR 0.0001 | Global 0.2237 | Local 0.0507 | F1_macro 0.7613 | WorstLoss 1.3328
[Tracker] Ep  107 | AvgR 0.0001 | Global 0.4767 | Local 0.0500 | F1_macro 0.7576 | WorstLoss 1.2174
[Tracker] Ep  108 | AvgR 0.0001 | Global 0.7575 | Local 0.0334 | F1_macro 0.7699 | WorstLoss 1.0930
[Tracker] Ep  109 | AvgR 0.0001 | Global 0.6089 | Local 0.0549 | F1_macro 0.7622 | WorstLoss 1.1606
[Tracker] Ep  110 | AvgR 0.0001 | Global 0.4476 | Local 0.0319 | F1_macro 0.7524 | WorstLoss 1.2288
[Tracker] Saved snapshot: ep0110_phase1_class1
[Tracker] Ep  111 | AvgR 0.0001 | Global 0.4864 | Local 0.0800 | F1_macro 0.7471 | WorstLoss 1.2097
[Tracker] Ep  112 | AvgR 0.0001 | Global 0.5043 | Local 0.0549 | F1_macro 0.7614 | WorstLoss 1.2049
[Tracker] Ep  113 | AvgR 0.0001 | Global 0.5858 | Local 0.0456 | F1_macro 0.7715 | WorstLoss 1.1737
[Tracker] Ep  114 | AvgR 0.0001 | Global 0.2684 | Local 0.0457 | F1_macro 0.7440 | WorstLoss 1.3097
[Tracker] Ep  115 | AvgR 0.0001 | Global 0.6284 | Local 0.0680 | F1_macro 0.7600 | WorstLoss 1.1501
[Tracker] Saved snapshot: ep0115_phase1_class1
[Tracker] Ep  116 | AvgR 0.0001 | Global 0.6197 | Local 0.0442 | F1_macro 0.7640 | WorstLoss 1.1564
[Tracker] Ep  117 | AvgR 0.0001 | Global 0.6652 | Local 0.0617 | F1_macro 0.7687 | WorstLoss 1.1371
[Tracker] Ep  118 | AvgR 0.0002 | Global 0.8063 | Local 0.0483 | F1_macro 0.7629 | WorstLoss 1.0575
[Tracker] Ep  119 | AvgR 0.0002 | Global 0.7539 | Local 0.0494 | F1_macro 0.7587 | WorstLoss 1.0929
[Tracker] Ep  120 | AvgR 0.0001 | Global 0.5432 | Local 0.0267 | F1_macro 0.7631 | WorstLoss 1.1907
[Tracker] Saved snapshot: ep0120_phase1_class1
[Tracker] Ep  121 | AvgR 0.0001 | Global 0.5186 | Local 0.1070 | F1_macro 0.7599 | WorstLoss 1.1974
[Tracker] Ep  122 | AvgR 0.0001 | Global 0.4154 | Local 0.0427 | F1_macro 0.7529 | WorstLoss 1.2412
[Tracker] Ep  123 | AvgR 0.0001 | Global 0.7183 | Local 0.0540 | F1_macro 0.7727 | WorstLoss 1.1116
[Tracker] Ep  124 | AvgR 0.0001 | Global 0.3462 | Local 0.0408 | F1_macro 0.7531 | WorstLoss 1.2729
[Tracker] Ep  125 | AvgR 0.0001 | Global 0.6881 | Local 0.0425 | F1_macro 0.7652 | WorstLoss 1.1259
[Tracker] Saved snapshot: ep0125_phase1_class1
[Tracker] Ep  126 | AvgR 0.0001 | Global 0.7439 | Local 0.0449 | F1_macro 0.7611 | WorstLoss 1.0998
[Tracker] Ep  127 | AvgR 0.0001 | Global 0.2848 | Local 0.0674 | F1_macro 0.7501 | WorstLoss 1.3009
[Tracker] Ep  128 | AvgR 0.0001 | Global 0.6279 | Local 0.0413 | F1_macro 0.7656 | WorstLoss 1.1572
[Tracker] Ep  129 | AvgR 0.0001 | Global 0.2664 | Local 0.0390 | F1_macro 0.7591 | WorstLoss 1.3129
[Tracker] Ep  130 | AvgR 0.0001 | Global 0.4047 | Local 0.0447 | F1_macro 0.7601 | WorstLoss 1.2466
[Tracker] Saved snapshot: ep0130_phase1_class1
[Tracker] Ep  131 | AvgR 0.0001 | Global 0.5954 | Local 0.0346 | F1_macro 0.7569 | WorstLoss 1.1685
[Tracker] Ep  132 | AvgR 0.0001 | Global 0.5617 | Local 0.0556 | F1_macro 0.7581 | WorstLoss 1.1810
[Tracker] Ep  133 | AvgR 0.0001 | Global 0.2599 | Local 0.0833 | F1_macro 0.7603 | WorstLoss 1.3152
[Tracker] Ep  134 | AvgR 0.0001 | Global 0.7326 | Local 0.0279 | F1_macro 0.7633 | WorstLoss 1.1059
[Tracker] Ep  135 | AvgR 0.0001 | Global 0.3870 | Local 0.0484 | F1_macro 0.7450 | WorstLoss 1.2525
[Tracker] Saved snapshot: ep0135_phase1_class1
[Tracker] Ep  136 | AvgR 0.0002 | Global 0.8451 | Local 0.0244 | F1_macro 0.7747 | WorstLoss 1.0335
[Tracker] Ep  137 | AvgR 0.0001 | Global 0.7113 | Local 0.0298 | F1_macro 0.7645 | WorstLoss 1.1157
[Tracker] Ep  138 | AvgR 0.0001 | Global 0.4896 | Local 0.0482 | F1_macro 0.7554 | WorstLoss 1.2110
[Tracker] Ep  139 | AvgR 0.0001 | Global 0.7218 | Local 0.0390 | F1_macro 0.7709 | WorstLoss 1.1118
[Tracker] Ep  140 | AvgR 0.0001 | Global 0.6757 | Local 0.0247 | F1_macro 0.7640 | WorstLoss 1.1350
[Tracker] Saved snapshot: ep0140_phase1_class1
[Tracker] Ep  141 | AvgR 0.0001 | Global 0.6649 | Local 0.0147 | F1_macro 0.7739 | WorstLoss 1.1415
[Tracker] Ep  142 | AvgR 0.0002 | Global 0.7893 | Local 0.0649 | F1_macro 0.7594 | WorstLoss 1.0655
[Tracker] Ep  143 | AvgR 0.0001 | Global 0.6101 | Local 0.0559 | F1_macro 0.7715 | WorstLoss 1.1605
[Tracker] Ep  144 | AvgR 0.0002 | Global 0.7540 | Local 0.0351 | F1_macro 0.7637 | WorstLoss 1.0924
[Tracker] Ep  145 | AvgR 0.0001 | Global 0.5913 | Local 0.0345 | F1_macro 0.7590 | WorstLoss 1.1708
[Tracker] Saved snapshot: ep0145_phase1_class1
[Tracker] Ep  146 | AvgR 0.0001 | Global 0.5537 | Local 0.0592 | F1_macro 0.7545 | WorstLoss 1.1844
[Tracker] Ep  147 | AvgR 0.0001 | Global 0.3107 | Local 0.0742 | F1_macro 0.7500 | WorstLoss 1.2870
[Tracker] Ep  148 | AvgR 0.0001 | Global 0.5690 | Local 0.0610 | F1_macro 0.7517 | WorstLoss 1.1774
[Tracker] Ep  149 | AvgR 0.0002 | Global 0.7322 | Local 0.0450 | F1_macro 0.7675 | WorstLoss 1.1071
[Tracker] Ep  150 | AvgR 0.0001 | Global 0.7535 | Local 0.0261 | F1_macro 0.7744 | WorstLoss 1.0951
[Tracker] Saved snapshot: ep0150_phase1_class1
[Tracker] Ep  151 | AvgR 0.0002 | Global 0.7320 | Local 0.0447 | F1_macro 0.7650 | WorstLoss 1.1055
[Tracker] Ep  152 | AvgR 0.0001 | Global 0.2211 | Local 0.0454 | F1_macro 0.7572 | WorstLoss 1.3356
[Tracker] Ep  153 | AvgR 0.0001 | Global 0.5894 | Local 0.0226 | F1_macro 0.7717 | WorstLoss 1.1734
[Tracker] Ep  154 | AvgR 0.0001 | Global 0.3237 | Local 0.0565 | F1_macro 0.7614 | WorstLoss 1.2815
[Tracker] Ep  155 | AvgR 0.0001 | Global 0.2887 | Local 0.0800 | F1_macro 0.7597 | WorstLoss 1.2974
[Tracker] Saved snapshot: ep0155_phase1_class1
[Tracker] Ep  156 | AvgR 0.0001 | Global 0.6291 | Local 0.0579 | F1_macro 0.7671 | WorstLoss 1.1534
[Tracker] Ep  157 | AvgR 0.0001 | Global 0.5448 | Local 0.0632 | F1_macro 0.7568 | WorstLoss 1.1852
[Tracker] Ep  158 | AvgR 0.0001 | Global 0.4833 | Local 0.0486 | F1_macro 0.7597 | WorstLoss 1.2146
[Tracker] Ep  159 | AvgR 0.0002 | Global 0.7908 | Local 0.0291 | F1_macro 0.7708 | WorstLoss 1.0708
[Tracker] Ep  160 | AvgR 0.0001 | Global 0.6946 | Local 0.0266 | F1_macro 0.7640 | WorstLoss 1.1247
[Tracker] Saved snapshot: ep0160_phase1_class1
[Tracker] Ep  161 | AvgR 0.0001 | Global 0.6187 | Local 0.0667 | F1_macro 0.7684 | WorstLoss 1.1572
[Tracker] Ep  162 | AvgR 0.0001 | Global 0.3411 | Local 0.0303 | F1_macro 0.7629 | WorstLoss 1.2771
[Tracker] Ep  163 | AvgR 0.0001 | Global 0.3458 | Local 0.0393 | F1_macro 0.7716 | WorstLoss 1.2755
[Tracker] Ep  164 | AvgR 0.0001 | Global 0.5058 | Local 0.0314 | F1_macro 0.7736 | WorstLoss 1.2097
[Tracker] Ep  165 | AvgR 0.0001 | Global 0.3553 | Local 0.0529 | F1_macro 0.7761 | WorstLoss 1.2711
[Tracker] Saved snapshot: ep0165_phase1_class1
[Tracker] Ep  166 | AvgR 0.0001 | Global 0.4374 | Local 0.0425 | F1_macro 0.7650 | WorstLoss 1.2347
[Tracker] Ep  167 | AvgR 0.0001 | Global 0.2519 | Local 0.0281 | F1_macro 0.7644 | WorstLoss 1.3203
[Tracker] Ep  168 | AvgR 0.0001 | Global 0.4484 | Local 0.0279 | F1_macro 0.7732 | WorstLoss 1.2329
[Tracker] Ep  169 | AvgR 0.0001 | Global 0.3139 | Local 0.0263 | F1_macro 0.7694 | WorstLoss 1.2904
[Tracker] Ep  170 | AvgR 0.0001 | Global 0.4604 | Local 0.0561 | F1_macro 0.7628 | WorstLoss 1.2254
[Tracker] Saved snapshot: ep0170_phase1_class1
[Tracker] Ep  171 | AvgR 0.0001 | Global 0.1939 | Local 0.0719 | F1_macro 0.7591 | WorstLoss 1.3534
[Tracker] Ep  172 | AvgR 0.0001 | Global 0.3407 | Local 0.0752 | F1_macro 0.7653 | WorstLoss 1.2737
[Tracker] Ep  173 | AvgR 0.0001 | Global 0.4464 | Local 0.0502 | F1_macro 0.7530 | WorstLoss 1.2292
[Tracker] Ep  174 | AvgR 0.0001 | Global 0.2662 | Local 0.0391 | F1_macro 0.7646 | WorstLoss 1.3126
[Tracker] Ep  175 | AvgR 0.0001 | Global 0.4375 | Local 0.0643 | F1_macro 0.7530 | WorstLoss 1.2315
[Tracker] Saved snapshot: ep0175_phase1_class1
[Tracker] Ep  176 | AvgR 0.0001 | Global 0.2669 | Local 0.0674 | F1_macro 0.7592 | WorstLoss 1.3079
[Tracker] Ep  177 | AvgR 0.0001 | Global 0.3578 | Local 0.0688 | F1_macro 0.7533 | WorstLoss 1.2668
[Tracker] Ep  178 | AvgR 0.0001 | Global 0.1644 | Local 0.0934 | F1_macro 0.7625 | WorstLoss 1.3724
[Tracker] Ep  179 | AvgR 0.0001 | Global 0.6914 | Local 0.0396 | F1_macro 0.7727 | WorstLoss 1.1252
[Tracker] Ep  180 | AvgR 0.0001 | Global 0.4290 | Local 0.0784 | F1_macro 0.7444 | WorstLoss 1.2359
[Tracker] Saved snapshot: ep0180_phase1_class1
[Tracker] Ep  181 | AvgR 0.0002 | Global 0.7989 | Local 0.0325 | F1_macro 0.7679 | WorstLoss 1.0649
[Tracker] Ep  182 | AvgR 0.0001 | Global 0.4553 | Local 0.0690 | F1_macro 0.7575 | WorstLoss 1.2232
[Tracker] Ep  183 | AvgR 0.0001 | Global 0.3458 | Local 0.0712 | F1_macro 0.7623 | WorstLoss 1.2725
[Tracker] Ep  184 | AvgR 0.0001 | Global 0.4340 | Local 0.0708 | F1_macro 0.7538 | WorstLoss 1.2325
[Tracker] Ep  185 | AvgR 0.0001 | Global 0.5575 | Local 0.0597 | F1_macro 0.7657 | WorstLoss 1.1835
[Tracker] Saved snapshot: ep0185_phase1_class1
[Tracker] Ep  186 | AvgR 0.0001 | Global 0.6328 | Local 0.0572 | F1_macro 0.7642 | WorstLoss 1.1522
[Tracker] Ep  187 | AvgR 0.0000 | Global 0.1004 | Local 0.0675 | F1_macro 0.7668 | WorstLoss 1.4303
[Tracker] Ep  188 | AvgR 0.0001 | Global 0.3343 | Local 0.0651 | F1_macro 0.7478 | WorstLoss 1.2762
[Tracker] Ep  189 | AvgR 0.0001 | Global 0.5084 | Local 0.0528 | F1_macro 0.7528 | WorstLoss 1.2024
[Tracker] Ep  190 | AvgR 0.0001 | Global 0.2960 | Local 0.0487 | F1_macro 0.7574 | WorstLoss 1.2942
[Tracker] Saved snapshot: ep0190_phase1_class1
[Tracker] Ep  191 | AvgR 0.0000 | Global 0.1608 | Local 0.0306 | F1_macro 0.7679 | WorstLoss 1.3770
[Tracker] Ep  192 | AvgR 0.0001 | Global 0.2267 | Local 0.0566 | F1_macro 0.7517 | WorstLoss 1.3314
[Tracker] Ep  193 | AvgR 0.0000 | Global 0.1588 | Local 0.0441 | F1_macro 0.7533 | WorstLoss 1.3767
[Tracker] Ep  194 | AvgR 0.0001 | Global 0.3343 | Local 0.0540 | F1_macro 0.7581 | WorstLoss 1.2783
[Tracker] Ep  195 | AvgR 0.0001 | Global 0.5874 | Local 0.0496 | F1_macro 0.7572 | WorstLoss 1.1695
[Tracker] Saved snapshot: ep0195_phase1_class1
[Tracker] Ep  196 | AvgR 0.0001 | Global 0.2986 | Local 0.0573 | F1_macro 0.7625 | WorstLoss 1.2948
[Tracker] Ep  197 | AvgR 0.0001 | Global 0.2809 | Local 0.0518 | F1_macro 0.7638 | WorstLoss 1.3021
[Tracker] Ep  198 | AvgR 0.0001 | Global 0.6139 | Local 0.0655 | F1_macro 0.7577 | WorstLoss 1.1589
[Tracker] Ep  199 | AvgR 0.0001 | Global 0.5156 | Local 0.0483 | F1_macro 0.7565 | WorstLoss 1.1995
[Tracker] Ep  200 | AvgR 0.0001 | Global 0.3520 | Local 0.0860 | F1_macro 0.7547 | WorstLoss 1.2679
[Tracker] Saved snapshot: ep0200_phase1_class1
[Tracker] Ep  201 | AvgR 0.0001 | Global 0.4684 | Local 0.0792 | F1_macro 0.7599 | WorstLoss 1.2192
[Tracker] Ep  202 | AvgR 0.0002 | Global 0.8607 | Local 0.0604 | F1_macro 0.7615 | WorstLoss 1.0086
[Tracker] New BEST synthetic [phase1_class1] (by global.global_obj: 0.860693) saved.
[Tracker] BEST β weights [phase1_class1] saved -> training_runs/SPECv14_census_dvrl_twophase_3seeds_EP800_PCA10_REWfairness_minID1_majID0_TRJ2000_REAL3000_GG202603162050_d61bc7e3/seed_1/best_beta_state_dict_phase1_class1.pt
[Tracker] Ep  203 | AvgR 0.0001 | Global 0.4260 | Local 0.0648 | F1_macro 0.7500 | WorstLoss 1.2362
[Tracker] Ep  204 | AvgR 0.0001 | Global 0.4230 | Local 0.0667 | F1_macro 0.7617 | WorstLoss 1.2403
[Tracker] Ep  205 | AvgR 0.0001 | Global 0.3719 | Local 0.0660 | F1_macro 0.7542 | WorstLoss 1.2603
[Tracker] Saved snapshot: ep0205_phase1_class1
[Tracker] Ep  206 | AvgR 0.0001 | Global 0.2268 | Local 0.0789 | F1_macro 0.7497 | WorstLoss 1.3303
[Tracker] Ep  207 | AvgR 0.0001 | Global 0.6178 | Local 0.0576 | F1_macro 0.7546 | WorstLoss 1.1574
[Tracker] Ep  208 | AvgR 0.0001 | Global 0.2936 | Local 0.0600 | F1_macro 0.7583 | WorstLoss 1.2957
[Tracker] Ep  209 | AvgR 0.0000 | Global 0.0690 | Local 0.0801 | F1_macro 0.7456 | WorstLoss 1.4680
[Tracker] Ep  210 | AvgR 0.0001 | Global 0.6109 | Local 0.0719 | F1_macro 0.7505 | WorstLoss 1.1577
[Tracker] Saved snapshot: ep0210_phase1_class1
[Tracker] Ep  211 | AvgR 0.0001 | Global 0.4191 | Local 0.0822 | F1_macro 0.7560 | WorstLoss 1.2395
[Tracker] Ep  212 | AvgR 0.0001 | Global 0.3097 | Local 0.0778 | F1_macro 0.7548 | WorstLoss 1.2871
[Tracker] Ep  213 | AvgR 0.0001 | Global 0.3920 | Local 0.0700 | F1_macro 0.7524 | WorstLoss 1.2513
[Tracker] Ep  214 | AvgR 0.0001 | Global 0.4596 | Local 0.0457 | F1_macro 0.7572 | WorstLoss 1.2243
[Tracker] Ep  215 | AvgR 0.0001 | Global 0.3466 | Local 0.0648 | F1_macro 0.7640 | WorstLoss 1.2714
[Tracker] Saved snapshot: ep0215_phase1_class1
[Tracker] Ep  216 | AvgR 0.0001 | Global 0.3063 | Local 0.0691 | F1_macro 0.7456 | WorstLoss 1.2869
[Tracker] Ep  217 | AvgR 0.0001 | Global 0.3307 | Local 0.0668 | F1_macro 0.7483 | WorstLoss 1.2777
[Tracker] Ep  218 | AvgR 0.0001 | Global 0.1358 | Local 0.0833 | F1_macro 0.7520 | WorstLoss 1.3942
[Tracker] Ep  219 | AvgR 0.0001 | Global 0.3060 | Local 0.0728 | F1_macro 0.7600 | WorstLoss 1.2896
[Tracker] Ep  220 | AvgR 0.0001 | Global 0.3610 | Local 0.0737 | F1_macro 0.7512 | WorstLoss 1.2625
[Tracker] Saved snapshot: ep0220_phase1_class1
[Tracker] Ep  221 | AvgR 0.0001 | Global 0.3254 | Local 0.0605 | F1_macro 0.7573 | WorstLoss 1.2825
[Tracker] Ep  222 | AvgR 0.0001 | Global 0.2263 | Local 0.0731 | F1_macro 0.7455 | WorstLoss 1.3306
[Tracker] Ep  223 | AvgR 0.0001 | Global 0.4975 | Local 0.0720 | F1_macro 0.7556 | WorstLoss 1.2076
[Tracker] Ep  224 | AvgR 0.0001 | Global 0.4431 | Local 0.0818 | F1_macro 0.7537 | WorstLoss 1.2288
[Tracker] Ep  225 | AvgR 0.0001 | Global 0.2048 | Local 0.0714 | F1_macro 0.7493 | WorstLoss 1.3423
[Tracker] Saved snapshot: ep0225_phase1_class1
[Tracker] Ep  226 | AvgR 0.0001 | Global 0.2298 | Local 0.0679 | F1_macro 0.7495 | WorstLoss 1.3286
[Tracker] Ep  227 | AvgR 0.0001 | Global 0.3074 | Local 0.0754 | F1_macro 0.7479 | WorstLoss 1.2882
[Tracker] Ep  228 | AvgR 0.0001 | Global 0.4757 | Local 0.0730 | F1_macro 0.7520 | WorstLoss 1.2151
[Tracker] Ep  229 | AvgR 0.0001 | Global 0.1561 | Local 0.0759 | F1_macro 0.7556 | WorstLoss 1.3771
[Tracker] Ep  230 | AvgR 0.0002 | Global 0.6562 | Local 0.0635 | F1_macro 0.7611 | WorstLoss 1.1377
[Tracker] Saved snapshot: ep0230_phase1_class1
[Tracker] Ep  231 | AvgR 0.0001 | Global 0.4384 | Local 0.0862 | F1_macro 0.7545 | WorstLoss 1.2305
[Tracker] Ep  232 | AvgR 0.0001 | Global 0.5376 | Local 0.0604 | F1_macro 0.7698 | WorstLoss 1.1926
[Tracker] Ep  233 | AvgR 0.0001 | Global 0.3882 | Local 0.0617 | F1_macro 0.7687 | WorstLoss 1.2547
[Tracker] Ep  234 | AvgR 0.0001 | Global 0.5048 | Local 0.0785 | F1_macro 0.7509 | WorstLoss 1.2023
[Tracker] Ep  235 | AvgR 0.0001 | Global 0.3698 | Local 0.0402 | F1_macro 0.7648 | WorstLoss 1.2632
[Tracker] Saved snapshot: ep0235_phase1_class1
[Tracker] Ep  236 | AvgR 0.0001 | Global 0.4965 | Local 0.0749 | F1_macro 0.7592 | WorstLoss 1.2068
[Tracker] Ep  237 | AvgR 0.0001 | Global 0.3642 | Local 0.0987 | F1_macro 0.7569 | WorstLoss 1.2610
[Tracker] Ep  238 | AvgR 0.0001 | Global 0.4219 | Local 0.0503 | F1_macro 0.7584 | WorstLoss 1.2392
[Tracker] Ep  239 | AvgR 0.0001 | Global 0.2248 | Local 0.0755 | F1_macro 0.7505 | WorstLoss 1.3308
[Tracker] Ep  240 | AvgR 0.0001 | Global 0.3929 | Local 0.0854 | F1_macro 0.7450 | WorstLoss 1.2479
[Tracker] Saved snapshot: ep0240_phase1_class1
[Tracker] Ep  241 | AvgR 0.0001 | Global 0.4565 | Local 0.0538 | F1_macro 0.7518 | WorstLoss 1.2243
[Tracker] Ep  242 | AvgR 0.0001 | Global 0.4026 | Local 0.0554 | F1_macro 0.7637 | WorstLoss 1.2467
[Tracker] Ep  243 | AvgR 0.0001 | Global 0.3799 | Local 0.0752 | F1_macro 0.7375 | WorstLoss 1.2535
[Tracker] Ep  244 | AvgR 0.0001 | Global 0.4189 | Local 0.0582 | F1_macro 0.7510 | WorstLoss 1.2396
[Tracker] Ep  245 | AvgR 0.0001 | Global 0.4484 | Local 0.0820 | F1_macro 0.7658 | WorstLoss 1.2276
[Tracker] Saved snapshot: ep0245_phase1_class1
[Tracker] Ep  246 | AvgR 0.0001 | Global 0.3071 | Local 0.0998 | F1_macro 0.7539 | WorstLoss 1.2873
[Tracker] Ep  247 | AvgR 0.0001 | Global 0.6115 | Local 0.0549 | F1_macro 0.7718 | WorstLoss 1.1611
[Tracker] Ep  248 | AvgR 0.0001 | Global 0.3458 | Local 0.0439 | F1_macro 0.7601 | WorstLoss 1.2715
[Tracker] Ep  249 | AvgR 0.0001 | Global 0.2047 | Local 0.0587 | F1_macro 0.7458 | WorstLoss 1.3441
[Tracker] Ep  250 | AvgR 0.0001 | Global 0.5554 | Local 0.0743 | F1_macro 0.7534 | WorstLoss 1.1805
[Tracker] Saved snapshot: ep0250_phase1_class1
[Tracker] Ep  251 | AvgR 0.0001 | Global 0.1655 | Local 0.0597 | F1_macro 0.7463 | WorstLoss 1.3688
[Tracker] Ep  252 | AvgR 0.0001 | Global 0.2863 | Local 0.1019 | F1_macro 0.7572 | WorstLoss 1.2988
[Tracker] Ep  253 | AvgR 0.0001 | Global 0.6112 | Local 0.0415 | F1_macro 0.7607 | WorstLoss 1.1637
[Tracker] Ep  254 | AvgR 0.0001 | Global 0.5940 | Local 0.0544 | F1_macro 0.7629 | WorstLoss 1.1664
[Tracker] Ep  255 | AvgR 0.0002 | Global 0.6010 | Local 0.0852 | F1_macro 0.7531 | WorstLoss 1.1627
[Tracker] Saved snapshot: ep0255_phase1_class1
[Tracker] Ep  256 | AvgR 0.0001 | Global 0.1573 | Local 0.0735 | F1_macro 0.7551 | WorstLoss 1.3769
[Tracker] Ep  257 | AvgR 0.0002 | Global 0.6535 | Local 0.0442 | F1_macro 0.7610 | WorstLoss 1.1410
[Tracker] Ep  258 | AvgR 0.0002 | Global 0.6688 | Local 0.0893 | F1_macro 0.7573 | WorstLoss 1.1317
[Tracker] Ep  259 | AvgR 0.0001 | Global 0.3978 | Local 0.0470 | F1_macro 0.7581 | WorstLoss 1.2490
[Tracker] Ep  260 | AvgR 0.0002 | Global 0.7035 | Local 0.0534 | F1_macro 0.7563 | WorstLoss 1.1164
[Tracker] Saved snapshot: ep0260_phase1_class1
[Tracker] Ep  261 | AvgR 0.0002 | Global 0.6309 | Local 0.0759 | F1_macro 0.7554 | WorstLoss 1.1459
[Tracker] Ep  262 | AvgR 0.0001 | Global 0.5954 | Local 0.0434 | F1_macro 0.7564 | WorstLoss 1.1663
[Tracker] Ep  263 | AvgR 0.0001 | Global 0.2797 | Local 0.0700 | F1_macro 0.7564 | WorstLoss 1.3028
[Tracker] Ep  264 | AvgR 0.0000 | Global 0.1405 | Local 0.0618 | F1_macro 0.7527 | WorstLoss 1.3903
[Tracker] Ep  265 | AvgR 0.0001 | Global 0.2987 | Local 0.0895 | F1_macro 0.7532 | WorstLoss 1.2940
[Tracker] Saved snapshot: ep0265_phase1_class1
[Tracker] Ep  266 | AvgR 0.0001 | Global 0.5459 | Local 0.0916 | F1_macro 0.7512 | WorstLoss 1.1856
[Tracker] Ep  267 | AvgR 0.0001 | Global 0.3985 | Local 0.0581 | F1_macro 0.7524 | WorstLoss 1.2479
[Tracker] Ep  268 | AvgR 0.0001 | Global 0.1379 | Local 0.0895 | F1_macro 0.7516 | WorstLoss 1.3906
[Tracker] Ep  269 | AvgR 0.0002 | Global 0.7735 | Local 0.0624 | F1_macro 0.7530 | WorstLoss 1.0738
[Tracker] Ep  270 | AvgR 0.0002 | Global 0.8226 | Local 0.0935 | F1_macro 0.7269 | WorstLoss 1.0229
[Tracker] Saved snapshot: ep0270_phase1_class1
[Tracker] Ep  271 | AvgR 0.0002 | Global 0.7428 | Local 0.0381 | F1_macro 0.7681 | WorstLoss 1.0962
[Tracker] Ep  272 | AvgR 0.0001 | Global 0.2303 | Local 0.0811 | F1_macro 0.7520 | WorstLoss 1.3281
[Tracker] Ep  273 | AvgR 0.0001 | Global 0.6022 | Local 0.0620 | F1_macro 0.7524 | WorstLoss 1.1653
[Tracker] Ep  274 | AvgR 0.0001 | Global 0.4012 | Local 0.0829 | F1_macro 0.7488 | WorstLoss 1.2475
[Tracker] Ep  275 | AvgR 0.0001 | Global 0.4947 | Local 0.0689 | F1_macro 0.7436 | WorstLoss 1.2079
[Tracker] Saved snapshot: ep0275_phase1_class1
[Tracker] Ep  276 | AvgR 0.0001 | Global 0.3524 | Local 0.0781 | F1_macro 0.7573 | WorstLoss 1.2685
[Tracker] Ep  277 | AvgR 0.0001 | Global 0.5925 | Local 0.0658 | F1_macro 0.7522 | WorstLoss 1.1655
[Tracker] Ep  278 | AvgR 0.0002 | Global 0.6649 | Local 0.1061 | F1_macro 0.7453 | WorstLoss 1.1292
[Tracker] Ep  279 | AvgR 0.0001 | Global 0.3564 | Local 0.0883 | F1_macro 0.7489 | WorstLoss 1.2656
[Tracker] Ep  280 | AvgR 0.0001 | Global 0.4806 | Local 0.0893 | F1_macro 0.7567 | WorstLoss 1.2126
[Tracker] Saved snapshot: ep0280_phase1_class1
[Tracker] Ep  281 | AvgR 0.0002 | Global 0.6232 | Local 0.0599 | F1_macro 0.7478 | WorstLoss 1.1533
[Tracker] Ep  282 | AvgR 0.0001 | Global 0.3763 | Local 0.0484 | F1_macro 0.7512 | WorstLoss 1.2584
[Tracker] Ep  283 | AvgR 0.0002 | Global 0.6418 | Local 0.0740 | F1_macro 0.7576 | WorstLoss 1.1448
[Tracker] Ep  284 | AvgR 0.0001 | Global 0.4108 | Local 0.0546 | F1_macro 0.7538 | WorstLoss 1.2444
[Tracker] Ep  285 | AvgR 0.0001 | Global 0.2943 | Local 0.0898 | F1_macro 0.7595 | WorstLoss 1.2959
[Tracker] Saved snapshot: ep0285_phase1_class1
[Tracker] Ep  286 | AvgR 0.0001 | Global 0.4385 | Local 0.0708 | F1_macro 0.7548 | WorstLoss 1.2321
[Tracker] Ep  287 | AvgR 0.0001 | Global 0.4201 | Local 0.0786 | F1_macro 0.7438 | WorstLoss 1.2366
[Tracker] Ep  288 | AvgR 0.0002 | Global 0.6684 | Local 0.1250 | F1_macro 0.7480 | WorstLoss 1.1279
[Tracker] Ep  289 | AvgR 0.0001 | Global 0.4538 | Local 0.1216 | F1_macro 0.7447 | WorstLoss 1.2225
[Tracker] Ep  290 | AvgR 0.0002 | Global 0.9046 | Local 0.0497 | F1_macro 0.7600 | WorstLoss 0.9684
[Tracker] Saved snapshot: ep0290_phase1_class1
[Tracker] New BEST synthetic [phase1_class1] (by global.global_obj: 0.904583) saved.
[Tracker] BEST β weights [phase1_class1] saved -> training_runs/SPECv14_census_dvrl_twophase_3seeds_EP800_PCA10_REWfairness_minID1_majID0_TRJ2000_REAL3000_GG202603162050_d61bc7e3/seed_1/best_beta_state_dict_phase1_class1.pt
[Tracker] Ep  291 | AvgR 0.0001 | Global 0.2381 | Local 0.0478 | F1_macro 0.7561 | WorstLoss 1.3274
[Tracker] Ep  292 | AvgR 0.0002 | Global 0.6805 | Local 0.0746 | F1_macro 0.7473 | WorstLoss 1.1279
[Tracker] Ep  293 | AvgR 0.0001 | Global 0.3242 | Local 0.0979 | F1_macro 0.7549 | WorstLoss 1.2811
[Tracker] Ep  294 | AvgR 0.0001 | Global 0.4179 | Local 0.0919 | F1_macro 0.7472 | WorstLoss 1.2410
[Tracker] Ep  295 | AvgR 0.0001 | Global 0.2548 | Local 0.0955 | F1_macro 0.7550 | WorstLoss 1.3157
[Tracker] Saved snapshot: ep0295_phase1_class1
[Tracker] Ep  296 | AvgR 0.0002 | Global 0.6082 | Local 0.0697 | F1_macro 0.7432 | WorstLoss 1.1543
[Tracker] Ep  297 | AvgR 0.0001 | Global 0.5095 | Local 0.0728 | F1_macro 0.7609 | WorstLoss 1.2030
[Tracker] Ep  298 | AvgR 0.0002 | Global 0.6923 | Local 0.0494 | F1_macro 0.7595 | WorstLoss 1.1230
[Tracker] Ep  299 | AvgR 0.0001 | Global 0.5338 | Local 0.0648 | F1_macro 0.7518 | WorstLoss 1.1924
[Tracker] Ep  300 | AvgR 0.0002 | Global 0.6932 | Local 0.0604 | F1_macro 0.7552 | WorstLoss 1.1232
[Tracker] Saved snapshot: ep0300_phase1_class1
[Tracker] Ep  301 | AvgR 0.0002 | Global 0.7662 | Local 0.0597 | F1_macro 0.7547 | WorstLoss 1.0783
[Tracker] Ep  302 | AvgR 0.0001 | Global 0.5508 | Local 0.0751 | F1_macro 0.7547 | WorstLoss 1.1844
[Tracker] Ep  303 | AvgR 0.0002 | Global 0.6455 | Local 0.0570 | F1_macro 0.7546 | WorstLoss 1.1455
[Tracker] Ep  304 | AvgR 0.0002 | Global 0.5356 | Local 0.1098 | F1_macro 0.7423 | WorstLoss 1.1881
[Tracker] Ep  305 | AvgR 0.0001 | Global 0.4878 | Local 0.0843 | F1_macro 0.7456 | WorstLoss 1.2125
[Tracker] Saved snapshot: ep0305_phase1_class1
[Tracker] Ep  306 | AvgR 0.0001 | Global 0.2439 | Local 0.1158 | F1_macro 0.7466 | WorstLoss 1.3207
[Tracker] Ep  307 | AvgR 0.0001 | Global 0.5337 | Local 0.0917 | F1_macro 0.7471 | WorstLoss 1.1933
[Tracker] Ep  308 | AvgR 0.0002 | Global 0.6474 | Local 0.0886 | F1_macro 0.7461 | WorstLoss 1.1412
[Tracker] Ep  309 | AvgR 0.0002 | Global 0.6444 | Local 0.0686 | F1_macro 0.7449 | WorstLoss 1.1408
[Tracker] Ep  310 | AvgR 0.0001 | Global 0.1577 | Local 0.0906 | F1_macro 0.7517 | WorstLoss 1.3775
[Tracker] Saved snapshot: ep0310_phase1_class1
[Tracker] Ep  311 | AvgR 0.0001 | Global 0.2743 | Local 0.0746 | F1_macro 0.7424 | WorstLoss 1.3047
[Tracker] Ep  312 | AvgR 0.0001 | Global 0.5439 | Local 0.0766 | F1_macro 0.7572 | WorstLoss 1.1856
[Tracker] Ep  313 | AvgR 0.0001 | Global 0.2327 | Local 0.0619 | F1_macro 0.7529 | WorstLoss 1.3276
[Tracker] Ep  314 | AvgR 0.0001 | Global 0.3072 | Local 0.0931 | F1_macro 0.7497 | WorstLoss 1.2887
[Tracker] Ep  315 | AvgR 0.0001 | Global 0.4697 | Local 0.0802 | F1_macro 0.7501 | WorstLoss 1.2183
[Tracker] Saved snapshot: ep0315_phase1_class1
[Tracker] Ep  316 | AvgR 0.0001 | Global 0.2245 | Local 0.0988 | F1_macro 0.7537 | WorstLoss 1.3310
[Tracker] Ep  317 | AvgR 0.0002 | Global 0.8099 | Local 0.0739 | F1_macro 0.7522 | WorstLoss 1.0498
[Tracker] Ep  318 | AvgR 0.0001 | Global 0.3440 | Local 0.0930 | F1_macro 0.7493 | WorstLoss 1.2701
[Tracker] Ep  319 | AvgR 0.0001 | Global 0.3079 | Local 0.0938 | F1_macro 0.7474 | WorstLoss 1.2870
[Tracker] Ep  320 | AvgR 0.0001 | Global 0.3931 | Local 0.1002 | F1_macro 0.7548 | WorstLoss 1.2497
[Tracker] Saved snapshot: ep0320_phase1_class1
[Tracker] Ep  321 | AvgR 0.0002 | Global 0.6625 | Local 0.0493 | F1_macro 0.7631 | WorstLoss 1.1405
[Tracker] Ep  322 | AvgR 0.0002 | Global 0.7890 | Local 0.0408 | F1_macro 0.7718 | WorstLoss 1.0719
[Tracker] Ep  323 | AvgR 0.0002 | Global 0.6173 | Local 0.0433 | F1_macro 0.7660 | WorstLoss 1.1624
[Tracker] Ep  324 | AvgR 0.0002 | Global 0.8496 | Local 0.0290 | F1_macro 0.7686 | WorstLoss 1.0324
[Tracker] Ep  325 | AvgR 0.0001 | Global 0.5748 | Local 0.0369 | F1_macro 0.7630 | WorstLoss 1.1791
[Tracker] Saved snapshot: ep0325_phase1_class1
[Tracker] Ep  326 | AvgR 0.0001 | Global 0.5614 | Local 0.0283 | F1_macro 0.7682 | WorstLoss 1.1861
[Tracker] Ep  327 | AvgR 0.0002 | Global 0.6959 | Local 0.0427 | F1_macro 0.7745 | WorstLoss 1.1278
[Tracker] Ep  328 | AvgR 0.0001 | Global 0.5763 | Local 0.0315 | F1_macro 0.7639 | WorstLoss 1.1804
[Tracker] Ep  329 | AvgR 0.0002 | Global 0.8145 | Local 0.0741 | F1_macro 0.7634 | WorstLoss 1.0537
[Tracker] Ep  330 | AvgR 0.0002 | Global 0.8276 | Local 0.0623 | F1_macro 0.7746 | WorstLoss 1.0464
[Tracker] Saved snapshot: ep0330_phase1_class1
[Tracker] Ep  331 | AvgR 0.0001 | Global 0.1622 | Local 0.0915 | F1_macro 0.7623 | WorstLoss 1.3729
[Tracker] Ep  332 | AvgR 0.0002 | Global 0.7947 | Local 0.0532 | F1_macro 0.7580 | WorstLoss 1.0660
[Tracker] Ep  333 | AvgR 0.0002 | Global 0.7910 | Local 0.0364 | F1_macro 0.7695 | WorstLoss 1.0744
[Tracker] Ep  334 | AvgR 0.0002 | Global 0.6467 | Local 0.0412 | F1_macro 0.7660 | WorstLoss 1.1492
[Tracker] Ep  335 | AvgR 0.0002 | Global 0.8690 | Local 0.0551 | F1_macro 0.7667 | WorstLoss 1.0105
[Tracker] Saved snapshot: ep0335_phase1_class1
[Tracker] Ep  336 | AvgR 0.0002 | Global 0.6742 | Local 0.0655 | F1_macro 0.7688 | WorstLoss 1.1350
[Tracker] Ep  337 | AvgR 0.0002 | Global 0.7463 | Local 0.0679 | F1_macro 0.7655 | WorstLoss 1.0892
[Tracker] Ep  338 | AvgR 0.0002 | Global 0.5637 | Local 0.0690 | F1_macro 0.7508 | WorstLoss 1.1805
[Tracker] Ep  339 | AvgR 0.0002 | Global 0.6186 | Local 0.0537 | F1_macro 0.7623 | WorstLoss 1.1602
[Tracker] Ep  340 | AvgR 0.0002 | Global 0.6214 | Local 0.0748 | F1_macro 0.7501 | WorstLoss 1.1550
[Tracker] Saved snapshot: ep0340_phase1_class1
[Tracker] Ep  341 | AvgR 0.0002 | Global 0.8095 | Local 0.0777 | F1_macro 0.7594 | WorstLoss 1.0537
[Tracker] Ep  342 | AvgR 0.0002 | Global 0.6562 | Local 0.0642 | F1_macro 0.7683 | WorstLoss 1.1415
[Tracker] Ep  343 | AvgR 0.0002 | Global 0.7802 | Local 0.0598 | F1_macro 0.7605 | WorstLoss 1.0740
[Tracker] Ep  344 | AvgR 0.0001 | Global 0.3373 | Local 0.1318 | F1_macro 0.7435 | WorstLoss 1.2755
[Tracker] Ep  345 | AvgR 0.0002 | Global 0.6550 | Local 0.0693 | F1_macro 0.7536 | WorstLoss 1.1405
[Tracker] Saved snapshot: ep0345_phase1_class1
[Tracker] Ep  346 | AvgR 0.0002 | Global 0.7130 | Local 0.0802 | F1_macro 0.7544 | WorstLoss 1.1093
[Tracker] Ep  347 | AvgR 0.0002 | Global 0.7777 | Local 0.0857 | F1_macro 0.7640 | WorstLoss 1.0748
[Tracker] Ep  348 | AvgR 0.0002 | Global 0.7437 | Local 0.0778 | F1_macro 0.7572 | WorstLoss 1.0849
[Tracker] Ep  349 | AvgR 0.0002 | Global 0.7304 | Local 0.0746 | F1_macro 0.7536 | WorstLoss 1.1001
[Tracker] Ep  350 | AvgR 0.0002 | Global 0.6715 | Local 0.0791 | F1_macro 0.7548 | WorstLoss 1.1277
[Tracker] Saved snapshot: ep0350_phase1_class1
[Tracker] Ep  351 | AvgR 0.0002 | Global 0.6603 | Local 0.0840 | F1_macro 0.7459 | WorstLoss 1.1344
[Tracker] Ep  352 | AvgR 0.0002 | Global 0.8782 | Local 0.0843 | F1_macro 0.7507 | WorstLoss 0.9798
[Tracker] Ep  353 | AvgR 0.0002 | Global 0.7203 | Local 0.1201 | F1_macro 0.7561 | WorstLoss 1.1026
[Tracker] Ep  354 | AvgR 0.0002 | Global 0.6690 | Local 0.0692 | F1_macro 0.7599 | WorstLoss 1.1333
[Tracker] Ep  355 | AvgR 0.0002 | Global 0.6109 | Local 0.0905 | F1_macro 0.7589 | WorstLoss 1.1578
[Tracker] Saved snapshot: ep0355_phase1_class1
[Tracker] Ep  356 | AvgR 0.0001 | Global 0.3768 | Local 0.1047 | F1_macro 0.7378 | WorstLoss 1.2537
[Tracker] Ep  357 | AvgR 0.0002 | Global 0.5798 | Local 0.1090 | F1_macro 0.7426 | WorstLoss 1.1679
[Tracker] Ep  358 | AvgR 0.0002 | Global 0.5294 | Local 0.1026 | F1_macro 0.7443 | WorstLoss 1.1906
[Tracker] Ep  359 | AvgR 0.0002 | Global 0.6590 | Local 0.0751 | F1_macro 0.7535 | WorstLoss 1.1352
[Tracker] Ep  360 | AvgR 0.0002 | Global 0.7587 | Local 0.0706 | F1_macro 0.7491 | WorstLoss 1.0864
[Tracker] Saved snapshot: ep0360_phase1_class1
[Tracker] Ep  361 | AvgR 0.0002 | Global 0.6463 | Local 0.1264 | F1_macro 0.7569 | WorstLoss 1.1401
[Tracker] Ep  362 | AvgR 0.0002 | Global 0.6708 | Local 0.0869 | F1_macro 0.7472 | WorstLoss 1.1292
[Tracker] Ep  363 | AvgR 0.0002 | Global 0.5215 | Local 0.0946 | F1_macro 0.7588 | WorstLoss 1.1989
[Tracker] Ep  364 | AvgR 0.0001 | Global 0.5500 | Local 0.0595 | F1_macro 0.7611 | WorstLoss 1.1894
[Tracker] Ep  365 | AvgR 0.0002 | Global 0.7520 | Local 0.1115 | F1_macro 0.7559 | WorstLoss 1.0808
[Tracker] Saved snapshot: ep0365_phase1_class1
[Tracker] Ep  366 | AvgR 0.0002 | Global 0.7124 | Local 0.1004 | F1_macro 0.7442 | WorstLoss 1.1029
[Tracker] Ep  367 | AvgR 0.0002 | Global 0.5685 | Local 0.0844 | F1_macro 0.7532 | WorstLoss 1.1741
[Tracker] Ep  368 | AvgR 0.0002 | Global 0.6275 | Local 0.0813 | F1_macro 0.7605 | WorstLoss 1.1548
[Tracker] Ep  369 | AvgR 0.0001 | Global 0.5102 | Local 0.0982 | F1_macro 0.7546 | WorstLoss 1.1973
[Tracker] Ep  370 | AvgR 0.0001 | Global 0.3077 | Local 0.1190 | F1_macro 0.7485 | WorstLoss 1.2857
[Tracker] Saved snapshot: ep0370_phase1_class1
[Tracker] Ep  371 | AvgR 0.0001 | Global 0.4921 | Local 0.0712 | F1_macro 0.7519 | WorstLoss 1.2115
[Tracker] Ep  372 | AvgR 0.0002 | Global 0.7690 | Local 0.0863 | F1_macro 0.7450 | WorstLoss 1.0758
[Tracker] Ep  373 | AvgR 0.0001 | Global 0.0980 | Local 0.1151 | F1_macro 0.7440 | WorstLoss 1.4287
[Tracker] Ep  374 | AvgR 0.0002 | Global 0.8854 | Local 0.0622 | F1_macro 0.7535 | WorstLoss 0.9700
[Tracker] Ep  375 | AvgR 0.0002 | Global 0.7559 | Local 0.1485 | F1_macro 0.7233 | WorstLoss 1.0638
[Tracker] Saved snapshot: ep0375_phase1_class1
[Tracker] Ep  376 | AvgR 0.0002 | Global 0.7307 | Local 0.0999 | F1_macro 0.7533 | WorstLoss 1.0937
[Tracker] Ep  377 | AvgR 0.0001 | Global 0.4434 | Local 0.0971 | F1_macro 0.7320 | WorstLoss 1.2249
[Tracker] Ep  378 | AvgR 0.0001 | Global 0.2500 | Local 0.1244 | F1_macro 0.7209 | WorstLoss 1.3124
[Tracker] Ep  379 | AvgR 0.0002 | Global 0.7671 | Local 0.0348 | F1_macro 0.7567 | WorstLoss 1.0840
[Tracker] Ep  380 | AvgR 0.0001 | Global 0.4312 | Local 0.1106 | F1_macro 0.7501 | WorstLoss 1.2324
[Tracker] Saved snapshot: ep0380_phase1_class1
[Tracker] Ep  381 | AvgR 0.0001 | Global 0.1317 | Local 0.1170 | F1_macro 0.7439 | WorstLoss 1.3965
[Tracker] Ep  382 | AvgR 0.0002 | Global 0.5033 | Local 0.1340 | F1_macro 0.7566 | WorstLoss 1.2034
[Tracker] Ep  383 | AvgR 0.0002 | Global 0.7633 | Local 0.0756 | F1_macro 0.7583 | WorstLoss 1.0851
[Tracker] Ep  384 | AvgR 0.0002 | Global 0.8156 | Local 0.0823 | F1_macro 0.7698 | WorstLoss 1.0497
[Tracker] Ep  385 | AvgR 0.0002 | Global 0.5822 | Local 0.1184 | F1_macro 0.7352 | WorstLoss 1.1652
[Tracker] Saved snapshot: ep0385_phase1_class1
[Tracker] Ep  386 | AvgR 0.0001 | Global 0.4172 | Local 0.1044 | F1_macro 0.7588 | WorstLoss 1.2398
[Tracker] Ep  387 | AvgR 0.0002 | Global 0.7045 | Local 0.1080 | F1_macro 0.7621 | WorstLoss 1.1132
[Tracker] Ep  388 | AvgR 0.0001 | Global 0.3378 | Local 0.0835 | F1_macro 0.7493 | WorstLoss 1.2749
[Tracker] Ep  389 | AvgR 0.0001 | Global 0.3364 | Local 0.1167 | F1_macro 0.7430 | WorstLoss 1.2734
[Tracker] Ep  390 | AvgR 0.0001 | Global 0.4838 | Local 0.0979 | F1_macro 0.7526 | WorstLoss 1.2115
[Tracker] Saved snapshot: ep0390_phase1_class1
[Tracker] Ep  391 | AvgR 0.0002 | Global 0.5521 | Local 0.1239 | F1_macro 0.7535 | WorstLoss 1.1783
[Tracker] Ep  392 | AvgR 0.0002 | Global 0.5777 | Local 0.0932 | F1_macro 0.7424 | WorstLoss 1.1692
[Tracker] Ep  393 | AvgR 0.0002 | Global 0.5614 | Local 0.1068 | F1_macro 0.7547 | WorstLoss 1.1791
[Tracker] Ep  394 | AvgR 0.0002 | Global 0.8442 | Local 0.1181 | F1_macro 0.7565 | WorstLoss 1.0160
[Tracker] Ep  395 | AvgR 0.0001 | Global 0.4888 | Local 0.1020 | F1_macro 0.7445 | WorstLoss 1.2088
[Tracker] Saved snapshot: ep0395_phase1_class1
[Tracker] Ep  396 | AvgR 0.0002 | Global 0.6440 | Local 0.0597 | F1_macro 0.7588 | WorstLoss 1.1449
[Tracker] Ep  397 | AvgR 0.0001 | Global 0.3993 | Local 0.1387 | F1_macro 0.7411 | WorstLoss 1.2455
[Tracker] Ep  398 | AvgR 0.0002 | Global 0.6660 | Local 0.1293 | F1_macro 0.7517 | WorstLoss 1.1334
[Tracker] Ep  399 | AvgR 0.0001 | Global 0.4858 | Local 0.0579 | F1_macro 0.7485 | WorstLoss 1.2134
[Tracker] Ep  400 | AvgR 0.0001 | Global 0.4168 | Local 0.1079 | F1_macro 0.7514 | WorstLoss 1.2394
[Tracker] Saved snapshot: ep0400_phase1_class1
[Tracker] Ep  401 | AvgR 0.0002 | Global 0.8973 | Local 0.0872 | F1_macro 0.7416 | WorstLoss 0.9356
[Tracker] Ep  402 | AvgR 0.0002 | Global 0.8107 | Local 0.0863 | F1_macro 0.7582 | WorstLoss 1.0447
[Tracker] Ep  403 | AvgR 0.0002 | Global 0.6439 | Local 0.0938 | F1_macro 0.7518 | WorstLoss 1.1413
[Tracker] Ep  404 | AvgR 0.0002 | Global 0.8111 | Local 0.0851 | F1_macro 0.7523 | WorstLoss 1.0376
[Tracker] Ep  405 | AvgR 0.0002 | Global 0.7316 | Local 0.0743 | F1_macro 0.7447 | WorstLoss 1.0951
[Tracker] Saved snapshot: ep0405_phase1_class1
[Tracker] Ep  406 | AvgR 0.0002 | Global 0.6363 | Local 0.1366 | F1_macro 0.7350 | WorstLoss 1.1406
[Tracker] Ep  407 | AvgR 0.0002 | Global 0.7540 | Local 0.0806 | F1_macro 0.7527 | WorstLoss 1.0829
[Tracker] Ep  408 | AvgR 0.0002 | Global 0.5997 | Local 0.1118 | F1_macro 0.7346 | WorstLoss 1.1560
[Tracker] Ep  409 | AvgR 0.0001 | Global 0.3284 | Local 0.1156 | F1_macro 0.7541 | WorstLoss 1.2774
[Tracker] Ep  410 | AvgR 0.0001 | Global 0.3939 | Local 0.1459 | F1_macro 0.7523 | WorstLoss 1.2474
[Tracker] Saved snapshot: ep0410_phase1_class1
[Tracker] Ep  411 | AvgR 0.0002 | Global 0.7761 | Local 0.1165 | F1_macro 0.7369 | WorstLoss 1.0583
[Tracker] Ep  412 | AvgR 0.0001 | Global 0.2907 | Local 0.1116 | F1_macro 0.7482 | WorstLoss 1.2961
[Tracker] Ep  413 | AvgR 0.0002 | Global 0.5567 | Local 0.0823 | F1_macro 0.7489 | WorstLoss 1.1785
[Tracker] Ep  414 | AvgR 0.0002 | Global 0.7084 | Local 0.1106 | F1_macro 0.7499 | WorstLoss 1.1096
[Tracker] Ep  415 | AvgR 0.0002 | Global 0.5522 | Local 0.0968 | F1_macro 0.7439 | WorstLoss 1.1810
[Tracker] Saved snapshot: ep0415_phase1_class1
[Tracker] Ep  416 | AvgR 0.0001 | Global 0.2969 | Local 0.1383 | F1_macro 0.7299 | WorstLoss 1.2893
[Tracker] Ep  417 | AvgR 0.0001 | Global 0.2916 | Local 0.1307 | F1_macro 0.7485 | WorstLoss 1.2937
[Tracker] Ep  418 | AvgR 0.0002 | Global 0.8328 | Local 0.0900 | F1_macro 0.7486 | WorstLoss 1.0179
[Tracker] Ep  419 | AvgR 0.0002 | Global 0.7822 | Local 0.1050 | F1_macro 0.7430 | WorstLoss 1.0567
[Tracker] Ep  420 | AvgR 0.0001 | Global 0.4114 | Local 0.0934 | F1_macro 0.7481 | WorstLoss 1.2387
[Tracker] Saved snapshot: ep0420_phase1_class1
[Tracker] Ep  421 | AvgR 0.0001 | Global 0.1818 | Local 0.1532 | F1_macro 0.7425 | WorstLoss 1.3561
[Tracker] Ep  422 | AvgR 0.0002 | Global 0.5875 | Local 0.1425 | F1_macro 0.7479 | WorstLoss 1.1655
[Tracker] Ep  423 | AvgR 0.0001 | Global 0.3995 | Local 0.1023 | F1_macro 0.7511 | WorstLoss 1.2450
[Tracker] Ep  424 | AvgR 0.0001 | Global 0.2767 | Local 0.0760 | F1_macro 0.7598 | WorstLoss 1.3055
[Tracker] Ep  425 | AvgR 0.0002 | Global 0.5554 | Local 0.1409 | F1_macro 0.7363 | WorstLoss 1.1744
[Tracker] Saved snapshot: ep0425_phase1_class1
[Tracker] Ep  426 | AvgR 0.0001 | Global 0.2598 | Local 0.1014 | F1_macro 0.7546 | WorstLoss 1.3131
[Tracker] Ep  427 | AvgR 0.0001 | Global 0.2649 | Local 0.1628 | F1_macro 0.7366 | WorstLoss 1.3061
[Tracker] Ep  428 | AvgR 0.0002 | Global 0.4924 | Local 0.1058 | F1_macro 0.7535 | WorstLoss 1.2071
[Tracker] Ep  429 | AvgR 0.0002 | Global 0.6205 | Local 0.0873 | F1_macro 0.7391 | WorstLoss 1.1462
[Tracker] Ep  430 | AvgR 0.0001 | Global 0.4124 | Local 0.1089 | F1_macro 0.7288 | WorstLoss 1.2373
[Tracker] Saved snapshot: ep0430_phase1_class1
[Tracker] Ep  431 | AvgR 0.0002 | Global 0.6722 | Local 0.1017 | F1_macro 0.7552 | WorstLoss 1.1274
[Tracker] Ep  432 | AvgR 0.0002 | Global 0.7647 | Local 0.1162 | F1_macro 0.7379 | WorstLoss 1.0637
[Tracker] Ep  433 | AvgR 0.0002 | Global 0.5748 | Local 0.1217 | F1_macro 0.7319 | WorstLoss 1.1685
[Tracker] Ep  434 | AvgR 0.0001 | Global 0.4723 | Local 0.1099 | F1_macro 0.7547 | WorstLoss 1.2154
[Tracker] Ep  435 | AvgR 0.0002 | Global 0.5930 | Local 0.0897 | F1_macro 0.7456 | WorstLoss 1.1607
[Tracker] Saved snapshot: ep0435_phase1_class1
[Tracker] Ep  436 | AvgR 0.0001 | Global 0.1317 | Local 0.1193 | F1_macro 0.7272 | WorstLoss 1.3939
[Tracker] Ep  437 | AvgR 0.0002 | Global 0.6411 | Local 0.0851 | F1_macro 0.7561 | WorstLoss 1.1433
[Tracker] Ep  438 | AvgR 0.0001 | Global 0.1539 | Local 0.1196 | F1_macro 0.7353 | WorstLoss 1.3749
[Tracker] Ep  439 | AvgR 0.0001 | Global 0.2856 | Local 0.0993 | F1_macro 0.7476 | WorstLoss 1.2992
[Tracker] Ep  440 | AvgR 0.0001 | Global 0.4161 | Local 0.0939 | F1_macro 0.7493 | WorstLoss 1.2390
[Tracker] Saved snapshot: ep0440_phase1_class1
[Tracker] Ep  441 | AvgR 0.0001 | Global 0.4458 | Local 0.0549 | F1_macro 0.7453 | WorstLoss 1.2274
[Tracker] Ep  442 | AvgR 0.0001 | Global 0.4492 | Local 0.1084 | F1_macro 0.7483 | WorstLoss 1.2234
[Tracker] Ep  443 | AvgR 0.0001 | Global 0.4298 | Local 0.0927 | F1_macro 0.7476 | WorstLoss 1.2318
[Tracker] Ep  444 | AvgR 0.0001 | Global 0.3992 | Local 0.0777 | F1_macro 0.7414 | WorstLoss 1.2452
[Tracker] Ep  445 | AvgR 0.0002 | Global 0.6313 | Local 0.0817 | F1_macro 0.7528 | WorstLoss 1.1484
[Tracker] Saved snapshot: ep0445_phase1_class1
[Tracker] Ep  446 | AvgR 0.0001 | Global 0.3686 | Local 0.1339 | F1_macro 0.7433 | WorstLoss 1.2586
[Tracker] Ep  447 | AvgR 0.0001 | Global 0.1435 | Local 0.1000 | F1_macro 0.7250 | WorstLoss 1.3833
[Tracker] Ep  448 | AvgR 0.0002 | Global 0.5358 | Local 0.1152 | F1_macro 0.7352 | WorstLoss 1.1843
[Tracker] Ep  449 | AvgR 0.0002 | Global 0.4426 | Local 0.1583 | F1_macro 0.7327 | WorstLoss 1.2232
[Tracker] Ep  450 | AvgR 0.0002 | Global 0.5116 | Local 0.1271 | F1_macro 0.7537 | WorstLoss 1.1984
[Tracker] Saved snapshot: ep0450_phase1_class1
[Tracker] Ep  451 | AvgR 0.0001 | Global 0.3869 | Local 0.1057 | F1_macro 0.7326 | WorstLoss 1.2480
[Tracker] Ep  452 | AvgR 0.0002 | Global 0.5769 | Local 0.0943 | F1_macro 0.7485 | WorstLoss 1.1718
[Tracker] Ep  453 | AvgR 0.0001 | Global 0.3023 | Local 0.1277 | F1_macro 0.7380 | WorstLoss 1.2876
[Tracker] Ep  454 | AvgR 0.0002 | Global 0.4744 | Local 0.1348 | F1_macro 0.7407 | WorstLoss 1.2103
[Tracker] Ep  455 | AvgR 0.0001 | Global 0.4351 | Local 0.1108 | F1_macro 0.7350 | WorstLoss 1.2278
[Tracker] Saved snapshot: ep0455_phase1_class1
[Tracker] Ep  456 | AvgR 0.0002 | Global 0.6085 | Local 0.0936 | F1_macro 0.7568 | WorstLoss 1.1572
[Tracker] Ep  457 | AvgR 0.0002 | Global 0.4781 | Local 0.1135 | F1_macro 0.7429 | WorstLoss 1.2116
[Tracker] Ep  458 | AvgR 0.0002 | Global 0.4994 | Local 0.1162 | F1_macro 0.7468 | WorstLoss 1.2028
[Tracker] Ep  459 | AvgR 0.0001 | Global 0.3344 | Local 0.1109 | F1_macro 0.7254 | WorstLoss 1.2709
[Tracker] Ep  460 | AvgR 0.0001 | Global 0.3657 | Local 0.1059 | F1_macro 0.7379 | WorstLoss 1.2574
[Tracker] Saved snapshot: ep0460_phase1_class1
[Tracker] Ep  461 | AvgR 0.0001 | Global 0.3573 | Local 0.1201 | F1_macro 0.7408 | WorstLoss 1.2621
[Tracker] Ep  462 | AvgR 0.0002 | Global 0.5397 | Local 0.0862 | F1_macro 0.7450 | WorstLoss 1.1848
[Tracker] Ep  463 | AvgR 0.0001 | Global 0.3733 | Local 0.0978 | F1_macro 0.7452 | WorstLoss 1.2555
[Tracker] Ep  464 | AvgR 0.0002 | Global 0.8113 | Local 0.1001 | F1_macro 0.7612 | WorstLoss 1.0464
[Tracker] Ep  465 | AvgR 0.0002 | Global 0.8004 | Local 0.1196 | F1_macro 0.7364 | WorstLoss 1.0341
[Tracker] Saved snapshot: ep0465_phase1_class1
[Tracker] Ep  466 | AvgR 0.0002 | Global 0.5841 | Local 0.1284 | F1_macro 0.7364 | WorstLoss 1.1621
[Tracker] Ep  467 | AvgR 0.0002 | Global 0.4596 | Local 0.1186 | F1_macro 0.7483 | WorstLoss 1.2199
[Tracker] Ep  468 | AvgR 0.0001 | Global 0.4632 | Local 0.1015 | F1_macro 0.7481 | WorstLoss 1.2195
[Tracker] Ep  469 | AvgR 0.0001 | Global 0.2214 | Local 0.1356 | F1_macro 0.7379 | WorstLoss 1.3299
[Tracker] Ep  470 | AvgR 0.0002 | Global 0.6255 | Local 0.1068 | F1_macro 0.7515 | WorstLoss 1.1461
[Tracker] Saved snapshot: ep0470_phase1_class1
[Tracker] Ep  471 | AvgR 0.0002 | Global 0.7190 | Local 0.1154 | F1_macro 0.7514 | WorstLoss 1.0996
[Tracker] Ep  472 | AvgR 0.0001 | Global 0.3098 | Local 0.1096 | F1_macro 0.7443 | WorstLoss 1.2827
[Tracker] Ep  473 | AvgR 0.0002 | Global 0.4670 | Local 0.1570 | F1_macro 0.7244 | WorstLoss 1.2108
[Tracker] Ep  474 | AvgR 0.0002 | Global 0.6895 | Local 0.1356 | F1_macro 0.7311 | WorstLoss 1.1080
[Tracker] Ep  475 | AvgR 0.0002 | Global 0.5553 | Local 0.1407 | F1_macro 0.7443 | WorstLoss 1.1777
[Tracker] Saved snapshot: ep0475_phase1_class1
[Tracker] Ep  476 | AvgR 0.0001 | Global 0.1845 | Local 0.0973 | F1_macro 0.7357 | WorstLoss 1.3550
[Tracker] Ep  477 | AvgR 0.0001 | Global 0.3762 | Local 0.1101 | F1_macro 0.7512 | WorstLoss 1.2556
[Tracker] Ep  478 | AvgR 0.0001 | Global 0.3258 | Local 0.1174 | F1_macro 0.7406 | WorstLoss 1.2772
[Tracker] Ep  479 | AvgR 0.0001 | Global 0.3086 | Local 0.1243 | F1_macro 0.7275 | WorstLoss 1.2827
[Tracker] Ep  480 | AvgR 0.0002 | Global 0.7578 | Local 0.1014 | F1_macro 0.7623 | WorstLoss 1.0790
[Tracker] Saved snapshot: ep0480_phase1_class1
[Tracker] Ep  481 | AvgR 0.0002 | Global 0.7889 | Local 0.1332 | F1_macro 0.7271 | WorstLoss 1.0431
[Tracker] Ep  482 | AvgR 0.0003 | Global 0.9194 | Local 0.1595 | F1_macro 0.7317 | WorstLoss 0.7674
[Tracker] New BEST synthetic [phase1_class1] (by global.global_obj: 0.919446) saved.
[Tracker] BEST β weights [phase1_class1] saved -> training_runs/SPECv14_census_dvrl_twophase_3seeds_EP800_PCA10_REWfairness_minID1_majID0_TRJ2000_REAL3000_GG202603162050_d61bc7e3/seed_1/best_beta_state_dict_phase1_class1.pt
[Tracker] Ep  483 | AvgR 0.0002 | Global 0.5841 | Local 0.1089 | F1_macro 0.7371 | WorstLoss 1.1647
[Tracker] Ep  484 | AvgR 0.0003 | Global 0.8938 | Local 0.1408 | F1_macro 0.7334 | WorstLoss 0.9005
[Tracker] Ep  485 | AvgR 0.0002 | Global 0.7864 | Local 0.1383 | F1_macro 0.7340 | WorstLoss 1.0470
[Tracker] Saved snapshot: ep0485_phase1_class1
[Tracker] Ep  486 | AvgR 0.0003 | Global 0.8395 | Local 0.1377 | F1_macro 0.7510 | WorstLoss 1.0169
[Tracker] Ep  487 | AvgR 0.0002 | Global 0.7703 | Local 0.1266 | F1_macro 0.7416 | WorstLoss 1.0693
[Tracker] Ep  488 | AvgR 0.0002 | Global 0.7775 | Local 0.1514 | F1_macro 0.7348 | WorstLoss 1.0521
[Tracker] Ep  489 | AvgR 0.0003 | Global 0.8551 | Local 0.1758 | F1_macro 0.7409 | WorstLoss 0.9838
[Tracker] Ep  490 | AvgR 0.0003 | Global 0.9016 | Local 0.1600 | F1_macro 0.7450 | WorstLoss 0.9194
[Tracker] Saved snapshot: ep0490_phase1_class1
[Tracker] Ep  491 | AvgR 0.0003 | Global 0.9071 | Local 0.1324 | F1_macro 0.7291 | WorstLoss 0.8561
[Tracker] Ep  492 | AvgR 0.0003 | Global 0.8549 | Local 0.1097 | F1_macro 0.7363 | WorstLoss 0.9850
[Tracker] Ep  493 | AvgR 0.0002 | Global 0.4808 | Local 0.1298 | F1_macro 0.7276 | WorstLoss 1.2060
[Tracker] Ep  494 | AvgR 0.0002 | Global 0.8034 | Local 0.1241 | F1_macro 0.7315 | WorstLoss 1.0251
[Tracker] Ep  495 | AvgR 0.0002 | Global 0.6185 | Local 0.1192 | F1_macro 0.7495 | WorstLoss 1.1552
[Tracker] Saved snapshot: ep0495_phase1_class1
[Tracker] Ep  496 | AvgR 0.0003 | Global 0.9136 | Local 0.1106 | F1_macro 0.7464 | WorstLoss 0.8822
[Tracker] Ep  497 | AvgR 0.0003 | Global 0.8689 | Local 0.1262 | F1_macro 0.7272 | WorstLoss 0.9504
[Tracker] Ep  498 | AvgR 0.0003 | Global 0.8840 | Local 0.0970 | F1_macro 0.7443 | WorstLoss 0.9516
[Tracker] Ep  499 | AvgR 0.0003 | Global 0.8742 | Local 0.1276 | F1_macro 0.7396 | WorstLoss 0.9637
[Tracker] Ep  500 | AvgR 0.0003 | Global 0.8937 | Local 0.1284 | F1_macro 0.7243 | WorstLoss 0.9290
[Tracker] Saved snapshot: ep0500_phase1_class1
[Tracker] Ep  501 | AvgR 0.0003 | Global 0.9133 | Local 0.2013 | F1_macro 0.7420 | WorstLoss 0.8410
[Tracker] Ep  502 | AvgR 0.0003 | Global 0.8104 | Local 0.1291 | F1_macro 0.7207 | WorstLoss 1.0218
[Tracker] Ep  503 | AvgR 0.0002 | Global 0.7599 | Local 0.1267 | F1_macro 0.7113 | WorstLoss 1.0546
[Tracker] Ep  504 | AvgR 0.0003 | Global 0.9035 | Local 0.1441 | F1_macro 0.7307 | WorstLoss 0.8428
[Tracker] Ep  505 | AvgR 0.0002 | Global 0.8018 | Local 0.0988 | F1_macro 0.7406 | WorstLoss 1.0431
[Tracker] Saved snapshot: ep0505_phase1_class1
[Tracker] Ep  506 | AvgR 0.0003 | Global 0.8573 | Local 0.1456 | F1_macro 0.7230 | WorstLoss 0.9564
[Tracker] Ep  507 | AvgR 0.0002 | Global 0.6787 | Local 0.1499 | F1_macro 0.7319 | WorstLoss 1.1133
[Tracker] Ep  508 | AvgR 0.0002 | Global 0.7738 | Local 0.1083 | F1_macro 0.7318 | WorstLoss 1.0602
[Tracker] Ep  509 | AvgR 0.0003 | Global 0.7914 | Local 0.1431 | F1_macro 0.7480 | WorstLoss 1.0602
[Tracker] Ep  510 | AvgR 0.0001 | Global 0.4015 | Local 0.1295 | F1_macro 0.7356 | WorstLoss 1.2420
[Tracker] Saved snapshot: ep0510_phase1_class1
[Tracker] Ep  511 | AvgR 0.0003 | Global 0.8867 | Local 0.1632 | F1_macro 0.7311 | WorstLoss 0.9005
[Tracker] Ep  512 | AvgR 0.0003 | Global 0.8904 | Local 0.1570 | F1_macro 0.7229 | WorstLoss 0.8903
[Tracker] Ep  513 | AvgR 0.0003 | Global 0.8648 | Local 0.2064 | F1_macro 0.7326 | WorstLoss 0.9541
[Tracker] Ep  514 | AvgR 0.0003 | Global 0.8670 | Local 0.1660 | F1_macro 0.7271 | WorstLoss 0.9321
[Tracker] Ep  515 | AvgR 0.0003 | Global 0.7920 | Local 0.1717 | F1_macro 0.7289 | WorstLoss 1.0370
[Tracker] Saved snapshot: ep0515_phase1_class1
[Tracker] Ep  516 | AvgR 0.0003 | Global 0.9131 | Local 0.1362 | F1_macro 0.7346 | WorstLoss 0.8505
[Tracker] Ep  517 | AvgR 0.0002 | Global 0.7157 | Local 0.1350 | F1_macro 0.7186 | WorstLoss 1.0885
[Tracker] Ep  518 | AvgR 0.0003 | Global 0.8516 | Local 0.1173 | F1_macro 0.7317 | WorstLoss 0.9765
[Tracker] Ep  519 | AvgR 0.0003 | Global 0.9152 | Local 0.1232 | F1_macro 0.7303 | WorstLoss 0.8096
[Tracker] Ep  520 | AvgR 0.0003 | Global 0.8345 | Local 0.1472 | F1_macro 0.7479 | WorstLoss 1.0144
[Tracker] Saved snapshot: ep0520_phase1_class1
[Tracker] Ep  521 | AvgR 0.0002 | Global 0.5832 | Local 0.1699 | F1_macro 0.7291 | WorstLoss 1.1608
[Tracker] Ep  522 | AvgR 0.0003 | Global 0.8822 | Local 0.1318 | F1_macro 0.7334 | WorstLoss 0.9383
[Tracker] Ep  523 | AvgR 0.0003 | Global 0.8664 | Local 0.1256 | F1_macro 0.7420 | WorstLoss 0.9667
[Tracker] Ep  524 | AvgR 0.0003 | Global 0.9244 | Local 0.1162 | F1_macro 0.7507 | WorstLoss 0.8724
[Tracker] New BEST synthetic [phase1_class1] (by global.global_obj: 0.924417) saved.
[Tracker] BEST β weights [phase1_class1] saved -> training_runs/SPECv14_census_dvrl_twophase_3seeds_EP800_PCA10_REWfairness_minID1_majID0_TRJ2000_REAL3000_GG202603162050_d61bc7e3/seed_1/best_beta_state_dict_phase1_class1.pt
[Tracker] Ep  525 | AvgR 0.0003 | Global 0.9041 | Local 0.1105 | F1_macro 0.7344 | WorstLoss 0.8524
[Tracker] Saved snapshot: ep0525_phase1_class1
[Tracker] Ep  526 | AvgR 0.0003 | Global 0.8834 | Local 0.1856 | F1_macro 0.7446 | WorstLoss 0.9505
[Tracker] Ep  527 | AvgR 0.0003 | Global 0.9149 | Local 0.1359 | F1_macro 0.7444 | WorstLoss 0.8854
[Tracker] Ep  528 | AvgR 0.0002 | Global 0.7105 | Local 0.1976 | F1_macro 0.7276 | WorstLoss 1.0930
[Tracker] Ep  529 | AvgR 0.0003 | Global 0.8680 | Local 0.1275 | F1_macro 0.7434 | WorstLoss 0.9847
[Tracker] Ep  530 | AvgR 0.0003 | Global 0.8903 | Local 0.1692 | F1_macro 0.7244 | WorstLoss 0.8722
[Tracker] Saved snapshot: ep0530_phase1_class1
[Tracker] Ep  531 | AvgR 0.0003 | Global 0.8523 | Local 0.1924 | F1_macro 0.7278 | WorstLoss 0.9592
[Tracker] Ep  532 | AvgR 0.0003 | Global 0.8677 | Local 0.1371 | F1_macro 0.7267 | WorstLoss 0.9407
[Tracker] Ep  533 | AvgR 0.0003 | Global 0.9258 | Local 0.1814 | F1_macro 0.7353 | WorstLoss 0.8114
[Tracker] New BEST synthetic [phase1_class1] (by global.global_obj: 0.925790) saved.
[Tracker] BEST β weights [phase1_class1] saved -> training_runs/SPECv14_census_dvrl_twophase_3seeds_EP800_PCA10_REWfairness_minID1_majID0_TRJ2000_REAL3000_GG202603162050_d61bc7e3/seed_1/best_beta_state_dict_phase1_class1.pt
[Tracker] Ep  534 | AvgR 0.0003 | Global 0.8065 | Local 0.1479 | F1_macro 0.7344 | WorstLoss 1.0314
[Tracker] Ep  535 | AvgR 0.0002 | Global 0.7037 | Local 0.1481 | F1_macro 0.7094 | WorstLoss 1.0933
[Tracker] Saved snapshot: ep0535_phase1_class1
[Tracker] Ep  536 | AvgR 0.0003 | Global 0.9349 | Local 0.1648 | F1_macro 0.7418 | WorstLoss 0.7700
[Tracker] New BEST synthetic [phase1_class1] (by global.global_obj: 0.934948) saved.
[Tracker] BEST β weights [phase1_class1] saved -> training_runs/SPECv14_census_dvrl_twophase_3seeds_EP800_PCA10_REWfairness_minID1_majID0_TRJ2000_REAL3000_GG202603162050_d61bc7e3/seed_1/best_beta_state_dict_phase1_class1.pt
[Tracker] Ep  537 | AvgR 0.0003 | Global 0.8253 | Local 0.1649 | F1_macro 0.7226 | WorstLoss 0.9908
[Tracker] Ep  538 | AvgR 0.0002 | Global 0.7702 | Local 0.1302 | F1_macro 0.7392 | WorstLoss 1.0589
[Tracker] Ep  539 | AvgR 0.0003 | Global 0.8801 | Local 0.1452 | F1_macro 0.7444 | WorstLoss 0.9496
[Tracker] Ep  540 | AvgR 0.0003 | Global 0.8702 | Local 0.1452 | F1_macro 0.7347 | WorstLoss 0.9551
[Tracker] Saved snapshot: ep0540_phase1_class1
[Tracker] Ep  541 | AvgR 0.0003 | Global 0.8530 | Local 0.1144 | F1_macro 0.7406 | WorstLoss 0.9884
[Tracker] Ep  542 | AvgR 0.0003 | Global 0.9114 | Local 0.2163 | F1_macro 0.7354 | WorstLoss 0.8060
[Tracker] Ep  543 | AvgR 0.0002 | Global 0.6249 | Local 0.2146 | F1_macro 0.7351 | WorstLoss 1.1411
[Tracker] Ep  544 | AvgR 0.0003 | Global 0.8146 | Local 0.1921 | F1_macro 0.7256 | WorstLoss 1.0123
[Tracker] Ep  545 | AvgR 0.0003 | Global 0.9079 | Local 0.1593 | F1_macro 0.7245 | WorstLoss 0.8481
[Tracker] Saved snapshot: ep0545_phase1_class1
[Tracker] Ep  546 | AvgR 0.0002 | Global 0.7252 | Local 0.1850 | F1_macro 0.7190 | WorstLoss 1.0793
[Tracker] Ep  547 | AvgR 0.0003 | Global 0.8908 | Local 0.1598 | F1_macro 0.7476 | WorstLoss 0.9263
[Tracker] Ep  548 | AvgR 0.0003 | Global 0.9052 | Local 0.1555 | F1_macro 0.7381 | WorstLoss 0.8666
[Tracker] Ep  549 | AvgR 0.0002 | Global 0.6969 | Local 0.1542 | F1_macro 0.7312 | WorstLoss 1.1053
[Tracker] Ep  550 | AvgR 0.0003 | Global 0.9531 | Local 0.1132 | F1_macro 0.7595 | WorstLoss 0.7900
[Tracker] Saved snapshot: ep0550_phase1_class1
[Tracker] New BEST synthetic [phase1_class1] (by global.global_obj: 0.953077) saved.
[Tracker] BEST β weights [phase1_class1] saved -> training_runs/SPECv14_census_dvrl_twophase_3seeds_EP800_PCA10_REWfairness_minID1_majID0_TRJ2000_REAL3000_GG202603162050_d61bc7e3/seed_1/best_beta_state_dict_phase1_class1.pt
[Tracker] Ep  551 | AvgR 0.0003 | Global 0.8993 | Local 0.1622 | F1_macro 0.7354 | WorstLoss 0.8781
[Tracker] Ep  552 | AvgR 0.0003 | Global 0.9003 | Local 0.1172 | F1_macro 0.7414 | WorstLoss 0.9067
[Tracker] Ep  553 | AvgR 0.0003 | Global 0.9156 | Local 0.1538 | F1_macro 0.7193 | WorstLoss 0.7273
[Tracker] Ep  554 | AvgR 0.0003 | Global 0.9144 | Local 0.1586 | F1_macro 0.7327 | WorstLoss 0.7629
[Tracker] Ep  555 | AvgR 0.0003 | Global 0.8563 | Local 0.1970 | F1_macro 0.7382 | WorstLoss 0.9673
[Tracker] Saved snapshot: ep0555_phase1_class1
[Tracker] Ep  556 | AvgR 0.0003 | Global 0.8003 | Local 0.1832 | F1_macro 0.7235 | WorstLoss 1.0083
[Tracker] Ep  557 | AvgR 0.0003 | Global 0.9273 | Local 0.1221 | F1_macro 0.7345 | WorstLoss 0.7739
[Tracker] Ep  558 | AvgR 0.0003 | Global 0.7152 | Local 0.2161 | F1_macro 0.7253 | WorstLoss 1.0872
[Tracker] Ep  559 | AvgR 0.0003 | Global 0.7843 | Local 0.1385 | F1_macro 0.7358 | WorstLoss 1.0493
[Tracker] Ep  560 | AvgR 0.0003 | Global 0.8578 | Local 0.1754 | F1_macro 0.7198 | WorstLoss 0.9420
[Tracker] Saved snapshot: ep0560_phase1_class1
[Tracker] Ep  561 | AvgR 0.0003 | Global 0.8407 | Local 0.1535 | F1_macro 0.7186 | WorstLoss 0.9766
[Tracker] Ep  562 | AvgR 0.0003 | Global 0.9066 | Local 0.1414 | F1_macro 0.7276 | WorstLoss 0.8564
[Tracker] Ep  563 | AvgR 0.0003 | Global 0.7606 | Local 0.1718 | F1_macro 0.7298 | WorstLoss 1.0622
[Tracker] Ep  564 | AvgR 0.0003 | Global 0.8299 | Local 0.1440 | F1_macro 0.7451 | WorstLoss 1.0187
[Tracker] Ep  565 | AvgR 0.0003 | Global 0.8937 | Local 0.1777 | F1_macro 0.7353 | WorstLoss 0.9040
[Tracker] Saved snapshot: ep0565_phase1_class1
[Tracker] Ep  566 | AvgR 0.0001 | Global 0.1786 | Local 0.1038 | F1_macro 0.7258 | WorstLoss 1.3565
[Tracker] Ep  567 | AvgR 0.0003 | Global 0.8816 | Local 0.1742 | F1_macro 0.7362 | WorstLoss 0.8974
[Tracker] Ep  568 | AvgR 0.0003 | Global 0.9015 | Local 0.1643 | F1_macro 0.7292 | WorstLoss 0.8820
[Tracker] Ep  569 | AvgR 0.0003 | Global 0.9203 | Local 0.1677 | F1_macro 0.7443 | WorstLoss 0.7646
[Tracker] Ep  570 | AvgR 0.0002 | Global 0.6987 | Local 0.1079 | F1_macro 0.7244 | WorstLoss 1.0985
[Tracker] Saved snapshot: ep0570_phase1_class1
[Tracker] Ep  571 | AvgR 0.0003 | Global 0.8793 | Local 0.1412 | F1_macro 0.7243 | WorstLoss 0.9117
[Tracker] Ep  572 | AvgR 0.0003 | Global 0.8045 | Local 0.1643 | F1_macro 0.7346 | WorstLoss 1.0237
[Tracker] Ep  573 | AvgR 0.0003 | Global 0.8088 | Local 0.1777 | F1_macro 0.7373 | WorstLoss 1.0218
[Tracker] Ep  574 | AvgR 0.0003 | Global 0.8816 | Local 0.1567 | F1_macro 0.7140 | WorstLoss 0.8775
[Tracker] Ep  575 | AvgR 0.0003 | Global 0.9013 | Local 0.1563 | F1_macro 0.7174 | WorstLoss 0.7045
[Tracker] Saved snapshot: ep0575_phase1_class1
[Tracker] Ep  576 | AvgR 0.0003 | Global 0.8599 | Local 0.2003 | F1_macro 0.7163 | WorstLoss 0.9190
[Tracker] Ep  577 | AvgR 0.0003 | Global 0.8588 | Local 0.1342 | F1_macro 0.7458 | WorstLoss 0.9851
[Tracker] Ep  578 | AvgR 0.0003 | Global 0.9238 | Local 0.1373 | F1_macro 0.7473 | WorstLoss 0.8608
[Tracker] Ep  579 | AvgR 0.0003 | Global 0.8889 | Local 0.0846 | F1_macro 0.7346 | WorstLoss 0.9127
[Tracker] Ep  580 | AvgR 0.0003 | Global 0.8934 | Local 0.1711 | F1_macro 0.7260 | WorstLoss 0.8072
[Tracker] Saved snapshot: ep0580_phase1_class1
[Tracker] Ep  581 | AvgR 0.0003 | Global 0.8936 | Local 0.1287 | F1_macro 0.7387 | WorstLoss 0.9122
[Tracker] Ep  582 | AvgR 0.0002 | Global 0.6808 | Local 0.1486 | F1_macro 0.7445 | WorstLoss 1.1162
[Tracker] Ep  583 | AvgR 0.0003 | Global 0.8942 | Local 0.1258 | F1_macro 0.7368 | WorstLoss 0.8752
[Tracker] Ep  584 | AvgR 0.0003 | Global 0.7449 | Local 0.1967 | F1_macro 0.7285 | WorstLoss 1.0625
[Tracker] Ep  585 | AvgR 0.0003 | Global 0.7940 | Local 0.1683 | F1_macro 0.7367 | WorstLoss 1.0422
[Tracker] Saved snapshot: ep0585_phase1_class1
[Tracker] Ep  586 | AvgR 0.0003 | Global 0.8396 | Local 0.1735 | F1_macro 0.7218 | WorstLoss 0.9690
[Tracker] Ep  587 | AvgR 0.0003 | Global 0.8195 | Local 0.1761 | F1_macro 0.7335 | WorstLoss 1.0169
[Tracker] Ep  588 | AvgR 0.0003 | Global 0.9287 | Local 0.1295 | F1_macro 0.7331 | WorstLoss 0.6877
[Tracker] Ep  589 | AvgR 0.0003 | Global 0.7458 | Local 0.1973 | F1_macro 0.7298 | WorstLoss 1.0690
[Tracker] Ep  590 | AvgR 0.0003 | Global 0.9011 | Local 0.1765 | F1_macro 0.7450 | WorstLoss 0.9065
[Tracker] Saved snapshot: ep0590_phase1_class1
[Tracker] Ep  591 | AvgR 0.0003 | Global 0.8635 | Local 0.1348 | F1_macro 0.7302 | WorstLoss 0.9577
[Tracker] Ep  592 | AvgR 0.0002 | Global 0.6595 | Local 0.1362 | F1_macro 0.7385 | WorstLoss 1.1258
[Tracker] Ep  593 | AvgR 0.0003 | Global 0.9079 | Local 0.2096 | F1_macro 0.7248 | WorstLoss 0.7944
[Tracker] Ep  594 | AvgR 0.0002 | Global 0.7311 | Local 0.1350 | F1_macro 0.7295 | WorstLoss 1.0824
[Tracker] Ep  595 | AvgR 0.0003 | Global 0.7909 | Local 0.1532 | F1_macro 0.7400 | WorstLoss 1.0442
[Tracker] Saved snapshot: ep0595_phase1_class1
[Tracker] Ep  596 | AvgR 0.0003 | Global 0.9018 | Local 0.2139 | F1_macro 0.7354 | WorstLoss 0.8631
[Tracker] Ep  597 | AvgR 0.0003 | Global 0.7932 | Local 0.1420 | F1_macro 0.7306 | WorstLoss 1.0288
[Tracker] Ep  598 | AvgR 0.0003 | Global 0.8980 | Local 0.1396 | F1_macro 0.7488 | WorstLoss 0.9415
[Tracker] Ep  599 | AvgR 0.0003 | Global 0.8856 | Local 0.1721 | F1_macro 0.7253 | WorstLoss 0.9133
[Tracker] Ep  600 | AvgR 0.0003 | Global 0.8186 | Local 0.2049 | F1_macro 0.7330 | WorstLoss 1.0151
[Tracker] Saved snapshot: ep0600_phase1_class1
[Tracker] Ep  601 | AvgR 0.0003 | Global 0.7300 | Local 0.1935 | F1_macro 0.7219 | WorstLoss 1.0784
[Tracker] Ep  602 | AvgR 0.0003 | Global 0.9081 | Local 0.1977 | F1_macro 0.7216 | WorstLoss 0.8178
[Tracker] Ep  603 | AvgR 0.0003 | Global 0.8541 | Local 0.1643 | F1_macro 0.7263 | WorstLoss 0.9609
[Tracker] Ep  604 | AvgR 0.0003 | Global 0.8470 | Local 0.1428 | F1_macro 0.7248 | WorstLoss 0.9644
[Tracker] Ep  605 | AvgR 0.0003 | Global 0.7595 | Local 0.1559 | F1_macro 0.7092 | WorstLoss 1.0517
[Tracker] Saved snapshot: ep0605_phase1_class1
[Tracker] Ep  606 | AvgR 0.0003 | Global 0.9301 | Local 0.1136 | F1_macro 0.7424 | WorstLoss 0.7601
[Tracker] Ep  607 | AvgR 0.0003 | Global 0.8816 | Local 0.1908 | F1_macro 0.7144 | WorstLoss 0.8347
[Tracker] Ep  608 | AvgR 0.0003 | Global 0.8561 | Local 0.1741 | F1_macro 0.7318 | WorstLoss 0.9725
[Tracker] Ep  609 | AvgR 0.0002 | Global 0.6845 | Local 0.1763 | F1_macro 0.7305 | WorstLoss 1.1141
[Tracker] Ep  610 | AvgR 0.0003 | Global 0.8816 | Local 0.1406 | F1_macro 0.7359 | WorstLoss 0.9366
[Tracker] Saved snapshot: ep0610_phase1_class1
[Tracker] Ep  611 | AvgR 0.0003 | Global 0.9263 | Local 0.1470 | F1_macro 0.7343 | WorstLoss 0.7451
[Tracker] Ep  612 | AvgR 0.0003 | Global 0.8067 | Local 0.1597 | F1_macro 0.7221 | WorstLoss 1.0183
[Tracker] Ep  613 | AvgR 0.0003 | Global 0.8908 | Local 0.1694 | F1_macro 0.7228 | WorstLoss 0.8548
[Tracker] Ep  614 | AvgR 0.0003 | Global 0.8613 | Local 0.1205 | F1_macro 0.7394 | WorstLoss 0.9690
[Tracker] Ep  615 | AvgR 0.0003 | Global 0.8892 | Local 0.1633 | F1_macro 0.7408 | WorstLoss 0.9076
[Tracker] Saved snapshot: ep0615_phase1_class1
[Tracker] Ep  616 | AvgR 0.0003 | Global 0.7492 | Local 0.1392 | F1_macro 0.7447 | WorstLoss 1.0795
[Tracker] Ep  617 | AvgR 0.0003 | Global 0.8944 | Local 0.1499 | F1_macro 0.7314 | WorstLoss 0.9145
[Tracker] Ep  618 | AvgR 0.0002 | Global 0.5788 | Local 0.1848 | F1_macro 0.7252 | WorstLoss 1.1544
[Tracker] Ep  619 | AvgR 0.0003 | Global 0.8095 | Local 0.1530 | F1_macro 0.7360 | WorstLoss 1.0200
[Tracker] Ep  620 | AvgR 0.0002 | Global 0.6280 | Local 0.1886 | F1_macro 0.7240 | WorstLoss 1.1344
[Tracker] Saved snapshot: ep0620_phase1_class1
[Tracker] Ep  621 | AvgR 0.0002 | Global 0.5481 | Local 0.1611 | F1_macro 0.7271 | WorstLoss 1.1746
[Tracker] Ep  622 | AvgR 0.0003 | Global 0.8534 | Local 0.2097 | F1_macro 0.7216 | WorstLoss 0.9497
[Tracker] Ep  623 | AvgR 0.0003 | Global 0.7034 | Local 0.1843 | F1_macro 0.7371 | WorstLoss 1.0968
[Tracker] Ep  624 | AvgR 0.0003 | Global 0.7397 | Local 0.1512 | F1_macro 0.7339 | WorstLoss 1.0762
[Tracker] Ep  625 | AvgR 0.0003 | Global 0.8908 | Local 0.1513 | F1_macro 0.7312 | WorstLoss 0.8729
[Tracker] Saved snapshot: ep0625_phase1_class1
[Tracker] Ep  626 | AvgR 0.0003 | Global 0.9179 | Local 0.1815 | F1_macro 0.7229 | WorstLoss 0.7039
[Tracker] Ep  627 | AvgR 0.0003 | Global 0.7537 | Local 0.1879 | F1_macro 0.7217 | WorstLoss 1.0605
[Tracker] Ep  628 | AvgR 0.0003 | Global 0.8929 | Local 0.1703 | F1_macro 0.7348 | WorstLoss 0.8783
[Tracker] Ep  629 | AvgR 0.0003 | Global 0.8940 | Local 0.1796 | F1_macro 0.7345 | WorstLoss 0.8772
[Tracker] Ep  630 | AvgR 0.0003 | Global 0.8828 | Local 0.1711 | F1_macro 0.7176 | WorstLoss 0.8758
[Tracker] Saved snapshot: ep0630_phase1_class1
[Tracker] Ep  631 | AvgR 0.0003 | Global 0.9098 | Local 0.1479 | F1_macro 0.7173 | WorstLoss 0.7805
[Tracker] Ep  632 | AvgR 0.0003 | Global 0.8667 | Local 0.1594 | F1_macro 0.7317 | WorstLoss 0.9675
[Tracker] Ep  633 | AvgR 0.0003 | Global 0.9369 | Local 0.1545 | F1_macro 0.7472 | WorstLoss 0.7390
[Tracker] Ep  634 | AvgR 0.0002 | Global 0.6363 | Local 0.1529 | F1_macro 0.7432 | WorstLoss 1.1389
[Tracker] Ep  635 | AvgR 0.0003 | Global 0.8629 | Local 0.1508 | F1_macro 0.7371 | WorstLoss 0.9582
[Tracker] Saved snapshot: ep0635_phase1_class1
[Tracker] Ep  636 | AvgR 0.0003 | Global 0.9080 | Local 0.1526 | F1_macro 0.7276 | WorstLoss 0.8351
[Tracker] Ep  637 | AvgR 0.0003 | Global 0.8730 | Local 0.1470 | F1_macro 0.7355 | WorstLoss 0.9528
[Tracker] Ep  638 | AvgR 0.0003 | Global 0.8905 | Local 0.2394 | F1_macro 0.7117 | WorstLoss 0.8620
[Tracker] Ep  639 | AvgR 0.0003 | Global 0.8483 | Local 0.1637 | F1_macro 0.7333 | WorstLoss 0.9846
[Tracker] Ep  640 | AvgR 0.0003 | Global 0.9247 | Local 0.1323 | F1_macro 0.7371 | WorstLoss 0.7365
[Tracker] Saved snapshot: ep0640_phase1_class1
[Tracker] Ep  641 | AvgR 0.0003 | Global 0.8948 | Local 0.1361 | F1_macro 0.7346 | WorstLoss 0.9251
[Tracker] Ep  642 | AvgR 0.0003 | Global 0.8025 | Local 0.1845 | F1_macro 0.7328 | WorstLoss 1.0304
[Tracker] Ep  643 | AvgR 0.0003 | Global 0.8979 | Local 0.1838 | F1_macro 0.7327 | WorstLoss 0.9204
[Tracker] Ep  644 | AvgR 0.0003 | Global 0.8680 | Local 0.1391 | F1_macro 0.7337 | WorstLoss 0.9717
[Tracker] Ep  645 | AvgR 0.0003 | Global 0.9356 | Local 0.1081 | F1_macro 0.7355 | WorstLoss 0.8086
[Tracker] Saved snapshot: ep0645_phase1_class1
[Tracker] Ep  646 | AvgR 0.0003 | Global 0.8657 | Local 0.1647 | F1_macro 0.7296 | WorstLoss 0.9627
[Tracker] Ep  647 | AvgR 0.0003 | Global 0.8202 | Local 0.2246 | F1_macro 0.7191 | WorstLoss 0.9960
[Tracker] Ep  648 | AvgR 0.0003 | Global 0.8632 | Local 0.1789 | F1_macro 0.7269 | WorstLoss 0.9426
[Tracker] Ep  649 | AvgR 0.0003 | Global 0.9347 | Local 0.1142 | F1_macro 0.7331 | WorstLoss 0.7305
[Tracker] Ep  650 | AvgR 0.0003 | Global 0.8238 | Local 0.1794 | F1_macro 0.7184 | WorstLoss 1.0001
[Tracker] Saved snapshot: ep0650_phase1_class1
[Tracker] Ep  651 | AvgR 0.0003 | Global 0.9040 | Local 0.2063 | F1_macro 0.7142 | WorstLoss 0.8083
[Tracker] Ep  652 | AvgR 0.0003 | Global 0.7514 | Local 0.1550 | F1_macro 0.7103 | WorstLoss 1.0651
[Tracker] Ep  653 | AvgR 0.0003 | Global 0.8571 | Local 0.2006 | F1_macro 0.7313 | WorstLoss 0.9559
[Tracker] Ep  654 | AvgR 0.0003 | Global 0.9045 | Local 0.1423 | F1_macro 0.7220 | WorstLoss 0.8496
[Tracker] Ep  655 | AvgR 0.0003 | Global 0.9249 | Local 0.1810 | F1_macro 0.7209 | WorstLoss 0.7199
[Tracker] Saved snapshot: ep0655_phase1_class1
[Tracker] Ep  656 | AvgR 0.0003 | Global 0.8726 | Local 0.2345 | F1_macro 0.7110 | WorstLoss 0.8747
[Tracker] Ep  657 | AvgR 0.0002 | Global 0.6032 | Local 0.2179 | F1_macro 0.7148 | WorstLoss 1.1462
[Tracker] Ep  658 | AvgR 0.0003 | Global 0.9123 | Local 0.1856 | F1_macro 0.7169 | WorstLoss 0.6925
[Tracker] Ep  659 | AvgR 0.0003 | Global 0.8956 | Local 0.2032 | F1_macro 0.7162 | WorstLoss 0.8319
[Tracker] Ep  660 | AvgR 0.0003 | Global 0.8735 | Local 0.2011 | F1_macro 0.7100 | WorstLoss 0.9202
[Tracker] Saved snapshot: ep0660_phase1_class1
[Tracker] Ep  661 | AvgR 0.0003 | Global 0.8729 | Local 0.2102 | F1_macro 0.7276 | WorstLoss 0.9370
[Tracker] Ep  662 | AvgR 0.0003 | Global 0.7458 | Local 0.2125 | F1_macro 0.7186 | WorstLoss 1.0678
[Tracker] Ep  663 | AvgR 0.0003 | Global 0.8842 | Local 0.2139 | F1_macro 0.7270 | WorstLoss 0.8952
[Tracker] Ep  664 | AvgR 0.0003 | Global 0.8944 | Local 0.2248 | F1_macro 0.7322 | WorstLoss 0.7555
[Tracker] Ep  665 | AvgR 0.0003 | Global 0.7797 | Local 0.1655 | F1_macro 0.7295 | WorstLoss 1.0405
[Tracker] Saved snapshot: ep0665_phase1_class1
[Tracker] Ep  666 | AvgR 0.0003 | Global 0.9140 | Local 0.2158 | F1_macro 0.7331 | WorstLoss 0.8066
[Tracker] Ep  667 | AvgR 0.0003 | Global 0.8991 | Local 0.2041 | F1_macro 0.7326 | WorstLoss 0.8246
[Tracker] Ep  668 | AvgR 0.0003 | Global 0.9022 | Local 0.1886 | F1_macro 0.7129 | WorstLoss 0.6866
[Tracker] Ep  669 | AvgR 0.0003 | Global 0.8930 | Local 0.2366 | F1_macro 0.7131 | WorstLoss 0.6933
[Tracker] Ep  670 | AvgR 0.0003 | Global 0.8794 | Local 0.2137 | F1_macro 0.7129 | WorstLoss 0.8576
[Tracker] Saved snapshot: ep0670_phase1_class1
[Tracker] Ep  671 | AvgR 0.0003 | Global 0.8960 | Local 0.2069 | F1_macro 0.7062 | WorstLoss 0.7441
[Tracker] Ep  672 | AvgR 0.0003 | Global 0.9008 | Local 0.2295 | F1_macro 0.7048 | WorstLoss 0.7854
[Tracker] Ep  673 | AvgR 0.0003 | Global 0.8897 | Local 0.1707 | F1_macro 0.7301 | WorstLoss 0.8818
[Tracker] Ep  674 | AvgR 0.0003 | Global 0.8228 | Local 0.2325 | F1_macro 0.7274 | WorstLoss 0.9824
[Tracker] Ep  675 | AvgR 0.0003 | Global 0.9201 | Local 0.1621 | F1_macro 0.7263 | WorstLoss 0.6769
[Tracker] Saved snapshot: ep0675_phase1_class1
[Tracker] Ep  676 | AvgR 0.0003 | Global 0.9071 | Local 0.2418 | F1_macro 0.7243 | WorstLoss 0.8118
[Tracker] Ep  677 | AvgR 0.0003 | Global 0.8571 | Local 0.1768 | F1_macro 0.7149 | WorstLoss 0.9228
[Tracker] Ep  678 | AvgR 0.0003 | Global 0.8849 | Local 0.1863 | F1_macro 0.6994 | WorstLoss 0.7737
[Tracker] Ep  679 | AvgR 0.0003 | Global 0.8813 | Local 0.2395 | F1_macro 0.6919 | WorstLoss 0.6608
[Tracker] Ep  680 | AvgR 0.0003 | Global 0.8161 | Local 0.2286 | F1_macro 0.7091 | WorstLoss 0.9838
[Tracker] Saved snapshot: ep0680_phase1_class1
[Tracker] Ep  681 | AvgR 0.0003 | Global 0.8834 | Local 0.2534 | F1_macro 0.7048 | WorstLoss 0.7874
[Tracker] Ep  682 | AvgR 0.0003 | Global 0.9003 | Local 0.1801 | F1_macro 0.7309 | WorstLoss 0.8343
[Tracker] Ep  683 | AvgR 0.0003 | Global 0.9221 | Local 0.2437 | F1_macro 0.7262 | WorstLoss 0.6225
[Tracker] Ep  684 | AvgR 0.0003 | Global 0.6997 | Local 0.2037 | F1_macro 0.7075 | WorstLoss 1.0824
[Tracker] Ep  685 | AvgR 0.0003 | Global 0.7967 | Local 0.2693 | F1_macro 0.7288 | WorstLoss 1.0125
[Tracker] Saved snapshot: ep0685_phase1_class1
[Tracker] Ep  686 | AvgR 0.0003 | Global 0.8419 | Local 0.1960 | F1_macro 0.7278 | WorstLoss 0.9487
[Tracker] Ep  687 | AvgR 0.0003 | Global 0.7869 | Local 0.2090 | F1_macro 0.7071 | WorstLoss 1.0037
[Tracker] Ep  688 | AvgR 0.0003 | Global 0.9064 | Local 0.2159 | F1_macro 0.7347 | WorstLoss 0.8402
[Tracker] Ep  689 | AvgR 0.0003 | Global 0.9079 | Local 0.1763 | F1_macro 0.7358 | WorstLoss 0.8532
[Tracker] Ep  690 | AvgR 0.0003 | Global 0.9019 | Local 0.2400 | F1_macro 0.7212 | WorstLoss 0.8126
[Tracker] Saved snapshot: ep0690_phase1_class1
[Tracker] Ep  691 | AvgR 0.0003 | Global 0.8808 | Local 0.2642 | F1_macro 0.7111 | WorstLoss 0.8213
[Tracker] Ep  692 | AvgR 0.0003 | Global 0.8994 | Local 0.1960 | F1_macro 0.7314 | WorstLoss 0.8225
[Tracker] Ep  693 | AvgR 0.0003 | Global 0.9351 | Local 0.2013 | F1_macro 0.7489 | WorstLoss 0.7824
[Tracker] Ep  694 | AvgR 0.0003 | Global 0.8306 | Local 0.2291 | F1_macro 0.7414 | WorstLoss 0.9781
[Tracker] Ep  695 | AvgR 0.0003 | Global 0.8959 | Local 0.2169 | F1_macro 0.7190 | WorstLoss 0.8156
[Tracker] Saved snapshot: ep0695_phase1_class1
[Tracker] Ep  696 | AvgR 0.0003 | Global 0.8825 | Local 0.2333 | F1_macro 0.7117 | WorstLoss 0.8406
[Tracker] Ep  697 | AvgR 0.0003 | Global 0.8090 | Local 0.1971 | F1_macro 0.7025 | WorstLoss 0.9763
[Tracker] Ep  698 | AvgR 0.0003 | Global 0.8735 | Local 0.2369 | F1_macro 0.7118 | WorstLoss 0.8430
[Tracker] Ep  699 | AvgR 0.0003 | Global 0.8784 | Local 0.1662 | F1_macro 0.7327 | WorstLoss 0.9084
[Tracker] Ep  700 | AvgR 0.0003 | Global 0.9054 | Local 0.1984 | F1_macro 0.7340 | WorstLoss 0.7970
[Tracker] Saved snapshot: ep0700_phase1_class1
[Tracker] Ep  701 | AvgR 0.0003 | Global 0.8769 | Local 0.2756 | F1_macro 0.7210 | WorstLoss 0.8095
[Tracker] Ep  702 | AvgR 0.0003 | Global 0.8858 | Local 0.2009 | F1_macro 0.7203 | WorstLoss 0.7563
[Tracker] Ep  703 | AvgR 0.0003 | Global 0.7402 | Local 0.1822 | F1_macro 0.7248 | WorstLoss 1.0668
[Tracker] Ep  704 | AvgR 0.0003 | Global 0.7908 | Local 0.2381 | F1_macro 0.7010 | WorstLoss 0.9965
[Tracker] Ep  705 | AvgR 0.0003 | Global 0.8729 | Local 0.2931 | F1_macro 0.6900 | WorstLoss 0.6911
[Tracker] Saved snapshot: ep0705_phase1_class1
[Tracker] Ep  706 | AvgR 0.0003 | Global 0.8555 | Local 0.2907 | F1_macro 0.6946 | WorstLoss 0.7934
[Tracker] Ep  707 | AvgR 0.0003 | Global 0.8635 | Local 0.2228 | F1_macro 0.7100 | WorstLoss 0.8836
[Tracker] Ep  708 | AvgR 0.0003 | Global 0.8250 | Local 0.2402 | F1_macro 0.7017 | WorstLoss 0.9512
[Tracker] Ep  709 | AvgR 0.0003 | Global 0.7579 | Local 0.2292 | F1_macro 0.7131 | WorstLoss 1.0490
[Tracker] Ep  710 | AvgR 0.0003 | Global 0.7941 | Local 0.2681 | F1_macro 0.6909 | WorstLoss 0.9743
[Tracker] Saved snapshot: ep0710_phase1_class1
[Tracker] Ep  711 | AvgR 0.0003 | Global 0.8994 | Local 0.1885 | F1_macro 0.7271 | WorstLoss 0.8254
[Tracker] Ep  712 | AvgR 0.0003 | Global 0.7456 | Local 0.1914 | F1_macro 0.7264 | WorstLoss 1.0613
[Tracker] Ep  713 | AvgR 0.0003 | Global 0.9238 | Local 0.1971 | F1_macro 0.7308 | WorstLoss 0.7657
[Tracker] Ep  714 | AvgR 0.0003 | Global 0.8285 | Local 0.2312 | F1_macro 0.7504 | WorstLoss 1.0096
[Tracker] Ep  715 | AvgR 0.0003 | Global 0.8150 | Local 0.1943 | F1_macro 0.7258 | WorstLoss 1.0027
[Tracker] Saved snapshot: ep0715_phase1_class1
[Tracker] Ep  716 | AvgR 0.0003 | Global 0.8874 | Local 0.2544 | F1_macro 0.6917 | WorstLoss 0.6737
[Tracker] Ep  717 | AvgR 0.0003 | Global 0.7345 | Local 0.2041 | F1_macro 0.7392 | WorstLoss 1.0694
[Tracker] Ep  718 | AvgR 0.0003 | Global 0.9030 | Local 0.2450 | F1_macro 0.7139 | WorstLoss 0.7671
[Tracker] Ep  719 | AvgR 0.0003 | Global 0.9154 | Local 0.2171 | F1_macro 0.7239 | WorstLoss 0.7439
[Tracker] Ep  720 | AvgR 0.0003 | Global 0.8840 | Local 0.1799 | F1_macro 0.7423 | WorstLoss 0.9141
[Tracker] Saved snapshot: ep0720_phase1_class1
[Tracker] Ep  721 | AvgR 0.0003 | Global 0.6855 | Local 0.2977 | F1_macro 0.7284 | WorstLoss 1.1021
[Tracker] Ep  722 | AvgR 0.0003 | Global 0.8478 | Local 0.1971 | F1_macro 0.7138 | WorstLoss 0.9285
[Tracker] Ep  723 | AvgR 0.0003 | Global 0.8665 | Local 0.2100 | F1_macro 0.6981 | WorstLoss 0.8142
[Tracker] Ep  724 | AvgR 0.0003 | Global 0.8326 | Local 0.1493 | F1_macro 0.7336 | WorstLoss 0.9958
[Tracker] Ep  725 | AvgR 0.0003 | Global 0.9148 | Local 0.1656 | F1_macro 0.7296 | WorstLoss 0.7266
[Tracker] Saved snapshot: ep0725_phase1_class1
[Tracker] Ep  726 | AvgR 0.0003 | Global 0.8550 | Local 0.2292 | F1_macro 0.7349 | WorstLoss 0.9493
[Tracker] Ep  727 | AvgR 0.0003 | Global 0.8501 | Local 0.2202 | F1_macro 0.7331 | WorstLoss 0.9766
[Tracker] Ep  728 | AvgR 0.0003 | Global 0.8957 | Local 0.1945 | F1_macro 0.7346 | WorstLoss 0.8194
[Tracker] Ep  729 | AvgR 0.0003 | Global 0.8524 | Local 0.1758 | F1_macro 0.7242 | WorstLoss 0.9514
[Tracker] Ep  730 | AvgR 0.0003 | Global 0.8575 | Local 0.2245 | F1_macro 0.7140 | WorstLoss 0.9086
[Tracker] Saved snapshot: ep0730_phase1_class1
[Tracker] Ep  731 | AvgR 0.0003 | Global 0.9128 | Local 0.2204 | F1_macro 0.7292 | WorstLoss 0.7482
[Tracker] Ep  732 | AvgR 0.0003 | Global 0.8760 | Local 0.2590 | F1_macro 0.7174 | WorstLoss 0.8706
[Tracker] Ep  733 | AvgR 0.0003 | Global 0.8911 | Local 0.2189 | F1_macro 0.7179 | WorstLoss 0.8162
[Tracker] Ep  734 | AvgR 0.0003 | Global 0.6629 | Local 0.2161 | F1_macro 0.7172 | WorstLoss 1.1101
[Tracker] Ep  735 | AvgR 0.0003 | Global 0.8815 | Local 0.2811 | F1_macro 0.7108 | WorstLoss 0.7583
[Tracker] Saved snapshot: ep0735_phase1_class1
[Tracker] Ep  736 | AvgR 0.0003 | Global 0.8659 | Local 0.2652 | F1_macro 0.6839 | WorstLoss 0.7562
[Tracker] Ep  737 | AvgR 0.0003 | Global 0.8383 | Local 0.2086 | F1_macro 0.6946 | WorstLoss 0.9186
[Tracker] Ep  738 | AvgR 0.0002 | Global 0.6072 | Local 0.2283 | F1_macro 0.7158 | WorstLoss 1.1377
[Tracker] Ep  739 | AvgR 0.0003 | Global 0.8821 | Local 0.2158 | F1_macro 0.7215 | WorstLoss 0.8629
[Tracker] Ep  740 | AvgR 0.0003 | Global 0.8662 | Local 0.2851 | F1_macro 0.7163 | WorstLoss 0.8961
[Tracker] Saved snapshot: ep0740_phase1_class1
[Tracker] Ep  741 | AvgR 0.0003 | Global 0.7842 | Local 0.2550 | F1_macro 0.6805 | WorstLoss 0.9974
[Tracker] Ep  742 | AvgR 0.0003 | Global 0.8667 | Local 0.2203 | F1_macro 0.6884 | WorstLoss 0.7221
[Tracker] Ep  743 | AvgR 0.0003 | Global 0.6848 | Local 0.2326 | F1_macro 0.7239 | WorstLoss 1.1017
[Tracker] Ep  744 | AvgR 0.0003 | Global 0.8721 | Local 0.2774 | F1_macro 0.7129 | WorstLoss 0.8377
[Tracker] Ep  745 | AvgR 0.0003 | Global 0.8211 | Local 0.2302 | F1_macro 0.7167 | WorstLoss 0.9728
[Tracker] Saved snapshot: ep0745_phase1_class1
[Tracker] Ep  746 | AvgR 0.0003 | Global 0.8394 | Local 0.2618 | F1_macro 0.7086 | WorstLoss 0.9519
[Tracker] Ep  747 | AvgR 0.0003 | Global 0.7795 | Local 0.3176 | F1_macro 0.6777 | WorstLoss 0.9936
[Tracker] Ep  748 | AvgR 0.0003 | Global 0.9162 | Local 0.1832 | F1_macro 0.7210 | WorstLoss 0.7198
[Tracker] Ep  749 | AvgR 0.0003 | Global 0.7473 | Local 0.2343 | F1_macro 0.6990 | WorstLoss 1.0418
[Tracker] Ep  750 | AvgR 0.0003 | Global 0.8762 | Local 0.2264 | F1_macro 0.7077 | WorstLoss 0.8402
[Tracker] Saved snapshot: ep0750_phase1_class1
[Tracker] Ep  751 | AvgR 0.0003 | Global 0.8129 | Local 0.2549 | F1_macro 0.7034 | WorstLoss 0.9421
[Tracker] Ep  752 | AvgR 0.0003 | Global 0.8601 | Local 0.2102 | F1_macro 0.6904 | WorstLoss 0.8668
[Tracker] Ep  753 | AvgR 0.0003 | Global 0.8051 | Local 0.2375 | F1_macro 0.7000 | WorstLoss 0.9601
[Tracker] Ep  754 | AvgR 0.0003 | Global 0.8965 | Local 0.2130 | F1_macro 0.7018 | WorstLoss 0.6751
[Tracker] Ep  755 | AvgR 0.0003 | Global 0.8391 | Local 0.2375 | F1_macro 0.6681 | WorstLoss 0.7557
[Tracker] Saved snapshot: ep0755_phase1_class1
[Tracker] Ep  756 | AvgR 0.0003 | Global 0.8088 | Local 0.3159 | F1_macro 0.6939 | WorstLoss 0.9495
[Tracker] Ep  757 | AvgR 0.0003 | Global 0.8543 | Local 0.2391 | F1_macro 0.7077 | WorstLoss 0.8709
[Tracker] Ep  758 | AvgR 0.0002 | Global 0.5286 | Local 0.2438 | F1_macro 0.7229 | WorstLoss 1.1752
[Tracker] Ep  759 | AvgR 0.0003 | Global 0.8818 | Local 0.2479 | F1_macro 0.7022 | WorstLoss 0.7566
[Tracker] Ep  760 | AvgR 0.0003 | Global 0.8159 | Local 0.1666 | F1_macro 0.7107 | WorstLoss 0.9951
[Tracker] Saved snapshot: ep0760_phase1_class1
[Tracker] Ep  761 | AvgR 0.0003 | Global 0.8634 | Local 0.1718 | F1_macro 0.7387 | WorstLoss 0.9600
[Tracker] Ep  762 | AvgR 0.0003 | Global 0.8526 | Local 0.2680 | F1_macro 0.7005 | WorstLoss 0.9062
[Tracker] Ep  763 | AvgR 0.0003 | Global 0.8496 | Local 0.2470 | F1_macro 0.7187 | WorstLoss 0.9418
[Tracker] Ep  764 | AvgR 0.0003 | Global 0.9023 | Local 0.1949 | F1_macro 0.7349 | WorstLoss 0.8544
[Tracker] Ep  765 | AvgR 0.0003 | Global 0.8885 | Local 0.2234 | F1_macro 0.7118 | WorstLoss 0.7888
[Tracker] Saved snapshot: ep0765_phase1_class1
[Tracker] Ep  766 | AvgR 0.0003 | Global 0.8645 | Local 0.2358 | F1_macro 0.7046 | WorstLoss 0.8565
[Tracker] Ep  767 | AvgR 0.0003 | Global 0.8718 | Local 0.2566 | F1_macro 0.7193 | WorstLoss 0.7982
[Tracker] Ep  768 | AvgR 0.0003 | Global 0.8973 | Local 0.1815 | F1_macro 0.7437 | WorstLoss 0.8580
[Tracker] Ep  769 | AvgR 0.0003 | Global 0.8324 | Local 0.1950 | F1_macro 0.7074 | WorstLoss 0.9511
[Tracker] Ep  770 | AvgR 0.0002 | Global 0.4762 | Local 0.2323 | F1_macro 0.6922 | WorstLoss 1.1918
[Tracker] Saved snapshot: ep0770_phase1_class1
[Tracker] Ep  771 | AvgR 0.0003 | Global 0.8189 | Local 0.2232 | F1_macro 0.7266 | WorstLoss 1.0016
[Tracker] Ep  772 | AvgR 0.0003 | Global 0.7817 | Local 0.2606 | F1_macro 0.6804 | WorstLoss 0.9905
[Tracker] Ep  773 | AvgR 0.0003 | Global 0.8413 | Local 0.2358 | F1_macro 0.7381 | WorstLoss 0.9591
[Tracker] Ep  774 | AvgR 0.0003 | Global 0.7483 | Local 0.2786 | F1_macro 0.6812 | WorstLoss 1.0308
[Tracker] Ep  775 | AvgR 0.0003 | Global 0.7718 | Local 0.2551 | F1_macro 0.7114 | WorstLoss 1.0426
[Tracker] Saved snapshot: ep0775_phase1_class1
[Tracker] Ep  776 | AvgR 0.0003 | Global 0.8712 | Local 0.2494 | F1_macro 0.7069 | WorstLoss 0.8693
[Tracker] Ep  777 | AvgR 0.0002 | Global 0.6259 | Local 0.1981 | F1_macro 0.7242 | WorstLoss 1.1303
[Tracker] Ep  778 | AvgR 0.0003 | Global 0.8090 | Local 0.2742 | F1_macro 0.7300 | WorstLoss 0.9880
[Tracker] Ep  779 | AvgR 0.0003 | Global 0.8337 | Local 0.2247 | F1_macro 0.7048 | WorstLoss 0.9558
[Tracker] Ep  780 | AvgR 0.0003 | Global 0.8018 | Local 0.2126 | F1_macro 0.7254 | WorstLoss 1.0099
[Tracker] Saved snapshot: ep0780_phase1_class1
[Tracker] Ep  781 | AvgR 0.0003 | Global 0.8028 | Local 0.2596 | F1_macro 0.7005 | WorstLoss 0.9793
[Tracker] Ep  782 | AvgR 0.0003 | Global 0.8818 | Local 0.1834 | F1_macro 0.7364 | WorstLoss 0.9172
[Tracker] Ep  783 | AvgR 0.0003 | Global 0.8752 | Local 0.2383 | F1_macro 0.7326 | WorstLoss 0.9320
[Tracker] Ep  784 | AvgR 0.0003 | Global 0.8196 | Local 0.2429 | F1_macro 0.6773 | WorstLoss 0.9288
[Tracker] Ep  785 | AvgR 0.0003 | Global 0.6946 | Local 0.2472 | F1_macro 0.7102 | WorstLoss 1.0824
[Tracker] Saved snapshot: ep0785_phase1_class1
[Tracker] Ep  786 | AvgR 0.0003 | Global 0.8619 | Local 0.2196 | F1_macro 0.7040 | WorstLoss 0.8444
[Tracker] Ep  787 | AvgR 0.0003 | Global 0.8851 | Local 0.1975 | F1_macro 0.7224 | WorstLoss 0.8741
[Tracker] Ep  788 | AvgR 0.0003 | Global 0.8481 | Local 0.3085 | F1_macro 0.6904 | WorstLoss 0.8487
[Tracker] Ep  789 | AvgR 0.0003 | Global 0.8067 | Local 0.2411 | F1_macro 0.7068 | WorstLoss 0.9800
[Tracker] Ep  790 | AvgR 0.0003 | Global 0.8205 | Local 0.2153 | F1_macro 0.7046 | WorstLoss 0.9735
[Tracker] Saved snapshot: ep0790_phase1_class1
[Tracker] Ep  791 | AvgR 0.0003 | Global 0.7937 | Local 0.1998 | F1_macro 0.7250 | WorstLoss 1.0270
[Tracker] Ep  792 | AvgR 0.0003 | Global 0.8248 | Local 0.2617 | F1_macro 0.6879 | WorstLoss 0.9097
[Tracker] Ep  793 | AvgR 0.0002 | Global 0.5331 | Local 0.2046 | F1_macro 0.7154 | WorstLoss 1.1730
[Tracker] Ep  794 | AvgR 0.0003 | Global 0.8750 | Local 0.2410 | F1_macro 0.6953 | WorstLoss 0.7233
[Tracker] Ep  795 | AvgR 0.0003 | Global 0.7428 | Local 0.1715 | F1_macro 0.7253 | WorstLoss 1.0615
[Tracker] Saved snapshot: ep0795_phase1_class1
[Tracker] Ep  796 | AvgR 0.0003 | Global 0.8592 | Local 0.2088 | F1_macro 0.6907 | WorstLoss 0.8104
[Tracker] Ep  797 | AvgR 0.0003 | Global 0.7812 | Local 0.2130 | F1_macro 0.7280 | WorstLoss 1.0330
[Tracker] Ep  798 | AvgR 0.0003 | Global 0.7795 | Local 0.1535 | F1_macro 0.7198 | WorstLoss 1.0275
[Tracker] Ep  799 | AvgR 0.0003 | Global 0.8004 | Local 0.2721 | F1_macro 0.6969 | WorstLoss 0.9834
[Tracker] Ep  800 | AvgR 0.0003 | Global 0.8194 | Local 0.2663 | F1_macro 0.6957 | WorstLoss 0.9342
[Tracker] Saved snapshot: ep0800_phase1_class1
[Phase] Finished phase1_class1 | best global_obj=0.9531
Phase 2 anchors: 1406 (y=0 & disadv=1)
FFNN Using device: cuda:0

============================================================
[Phase] Starting phase2_class0 | target_class=0 | episodes=200
============================================================
[Tracker] Ep    1 | AvgR 0.0002 | Global 0.9218 | Local 0.0365 | F1_macro 0.7537 | WorstLoss 0.8810
[Tracker] New BEST synthetic [phase2_class0] (by global.global_obj: 0.921829) saved.
[Tracker] BEST β weights [phase2_class0] saved -> training_runs/SPECv14_census_dvrl_twophase_3seeds_EP800_PCA10_REWfairness_minID1_majID0_TRJ2000_REAL3000_GG202603162050_d61bc7e3/seed_1/best_beta_state_dict_phase2_class0.pt
[Tracker] Ep    2 | AvgR 0.0001 | Global 0.8844 | Local 0.0249 | F1_macro 0.7570 | WorstLoss 0.9611
[Tracker] Ep    3 | AvgR 0.0001 | Global 0.9183 | Local 0.0088 | F1_macro 0.7575 | WorstLoss 0.9199
[Tracker] Ep    4 | AvgR 0.0001 | Global 0.9436 | Local 0.0115 | F1_macro 0.7621 | WorstLoss 0.8486
[Tracker] New BEST synthetic [phase2_class0] (by global.global_obj: 0.943633) saved.
[Tracker] BEST β weights [phase2_class0] saved -> training_runs/SPECv14_census_dvrl_twophase_3seeds_EP800_PCA10_REWfairness_minID1_majID0_TRJ2000_REAL3000_GG202603162050_d61bc7e3/seed_1/best_beta_state_dict_phase2_class0.pt
[Tracker] Ep    5 | AvgR 0.0002 | Global 0.9384 | Local 0.0237 | F1_macro 0.7563 | WorstLoss 0.8383
[Tracker] Saved snapshot: ep0005_phase2_class0
[Tracker] Ep    6 | AvgR 0.0002 | Global 0.9433 | Local 0.0113 | F1_macro 0.7586 | WorstLoss 0.8526
[Tracker] Ep    7 | AvgR 0.0001 | Global 0.8939 | Local 0.0150 | F1_macro 0.7543 | WorstLoss 0.9517
[Tracker] Ep    8 | AvgR 0.0001 | Global 0.8664 | Local 0.0089 | F1_macro 0.7576 | WorstLoss 1.0005
[Tracker] Ep    9 | AvgR 0.0001 | Global 0.9081 | Local 0.0153 | F1_macro 0.7550 | WorstLoss 0.9333
[Tracker] Ep   10 | AvgR 0.0001 | Global 0.8056 | Local 0.0047 | F1_macro 0.7501 | WorstLoss 1.0491
[Tracker] Saved snapshot: ep0010_phase2_class0
[Tracker] Ep   11 | AvgR 0.0002 | Global 0.9109 | Local 0.0099 | F1_macro 0.7585 | WorstLoss 0.9389
[Tracker] Ep   12 | AvgR 0.0002 | Global 0.9328 | Local 0.0157 | F1_macro 0.7559 | WorstLoss 0.8552
[Tracker] Ep   13 | AvgR 0.0002 | Global 0.9470 | Local 0.0175 | F1_macro 0.7571 | WorstLoss 0.8229
[Tracker] New BEST synthetic [phase2_class0] (by global.global_obj: 0.946979) saved.
[Tracker] BEST β weights [phase2_class0] saved -> training_runs/SPECv14_census_dvrl_twophase_3seeds_EP800_PCA10_REWfairness_minID1_majID0_TRJ2000_REAL3000_GG202603162050_d61bc7e3/seed_1/best_beta_state_dict_phase2_class0.pt
[Tracker] Ep   14 | AvgR 0.0002 | Global 0.9435 | Local 0.0116 | F1_macro 0.7606 | WorstLoss 0.8574
[Tracker] Ep   15 | AvgR 0.0002 | Global 0.9596 | Local 0.0331 | F1_macro 0.7567 | WorstLoss 0.7290
[Tracker] Saved snapshot: ep0015_phase2_class0
[Tracker] New BEST synthetic [phase2_class0] (by global.global_obj: 0.959588) saved.
[Tracker] BEST β weights [phase2_class0] saved -> training_runs/SPECv14_census_dvrl_twophase_3seeds_EP800_PCA10_REWfairness_minID1_majID0_TRJ2000_REAL3000_GG202603162050_d61bc7e3/seed_1/best_beta_state_dict_phase2_class0.pt
[Tracker] Ep   16 | AvgR 0.0002 | Global 0.8995 | Local 0.0125 | F1_macro 0.7622 | WorstLoss 0.9652
[Tracker] Ep   17 | AvgR 0.0002 | Global 0.9279 | Local 0.0137 | F1_macro 0.7603 | WorstLoss 0.9101
[Tracker] Ep   18 | AvgR 0.0002 | Global 0.9386 | Local 0.0113 | F1_macro 0.7603 | WorstLoss 0.8856
[Tracker] Ep   19 | AvgR 0.0002 | Global 0.9200 | Local 0.0109 | F1_macro 0.7555 | WorstLoss 0.9210
[Tracker] Ep   20 | AvgR 0.0002 | Global 0.9186 | Local 0.0083 | F1_macro 0.7594 | WorstLoss 0.9358
[Tracker] Saved snapshot: ep0020_phase2_class0
[Tracker] Ep   21 | AvgR 0.0002 | Global 0.9432 | Local 0.0175 | F1_macro 0.7526 | WorstLoss 0.8165
[Tracker] Ep   22 | AvgR 0.0002 | Global 0.9156 | Local 0.0080 | F1_macro 0.7595 | WorstLoss 0.9192
[Tracker] Ep   23 | AvgR 0.0002 | Global 0.9251 | Local 0.0345 | F1_macro 0.7406 | WorstLoss 0.8343
[Tracker] Ep   24 | AvgR 0.0002 | Global 0.9519 | Local 0.0071 | F1_macro 0.7646 | WorstLoss 0.8450
[Tracker] Ep   25 | AvgR 0.0002 | Global 0.9441 | Local 0.0082 | F1_macro 0.7621 | WorstLoss 0.8522
[Tracker] Saved snapshot: ep0025_phase2_class0
[Tracker] Ep   26 | AvgR 0.0002 | Global 0.9220 | Local 0.0066 | F1_macro 0.7611 | WorstLoss 0.9259
[Tracker] Ep   27 | AvgR 0.0002 | Global 0.9100 | Local 0.0271 | F1_macro 0.7549 | WorstLoss 0.9225
[Tracker] Ep   28 | AvgR 0.0002 | Global 0.9300 | Local 0.0085 | F1_macro 0.7598 | WorstLoss 0.8933
[Tracker] Ep   29 | AvgR 0.0002 | Global 0.8825 | Local 0.0168 | F1_macro 0.7523 | WorstLoss 0.9819
[Tracker] Ep   30 | AvgR 0.0002 | Global 0.9372 | Local 0.0101 | F1_macro 0.7613 | WorstLoss 0.8831
[Tracker] Saved snapshot: ep0030_phase2_class0
[Tracker] Ep   31 | AvgR 0.0002 | Global 0.9115 | Local 0.0111 | F1_macro 0.7610 | WorstLoss 0.9375
[Tracker] Ep   32 | AvgR 0.0002 | Global 0.9203 | Local 0.0261 | F1_macro 0.7584 | WorstLoss 0.9166
[Tracker] Ep   33 | AvgR 0.0002 | Global 0.9197 | Local 0.0102 | F1_macro 0.7589 | WorstLoss 0.9232
[Tracker] Ep   34 | AvgR 0.0002 | Global 0.9103 | Local 0.0115 | F1_macro 0.7586 | WorstLoss 0.9337
[Tracker] Ep   35 | AvgR 0.0002 | Global 0.9042 | Local 0.0155 | F1_macro 0.7617 | WorstLoss 0.9506
[Tracker] Saved snapshot: ep0035_phase2_class0
[Tracker] Ep   36 | AvgR 0.0002 | Global 0.9612 | Local 0.0111 | F1_macro 0.7591 | WorstLoss 0.7588
[Tracker] New BEST synthetic [phase2_class0] (by global.global_obj: 0.961151) saved.
[Tracker] BEST β weights [phase2_class0] saved -> training_runs/SPECv14_census_dvrl_twophase_3seeds_EP800_PCA10_REWfairness_minID1_majID0_TRJ2000_REAL3000_GG202603162050_d61bc7e3/seed_1/best_beta_state_dict_phase2_class0.pt
[Tracker] Ep   37 | AvgR 0.0002 | Global 0.9398 | Local 0.0103 | F1_macro 0.7571 | WorstLoss 0.8422
[Tracker] Ep   38 | AvgR 0.0002 | Global 0.8821 | Local 0.0140 | F1_macro 0.7581 | WorstLoss 0.9804
[Tracker] Ep   39 | AvgR 0.0002 | Global 0.9238 | Local 0.0138 | F1_macro 0.7597 | WorstLoss 0.9171
[Tracker] Ep   40 | AvgR 0.0002 | Global 0.9256 | Local 0.0097 | F1_macro 0.7653 | WorstLoss 0.9128
[Tracker] Saved snapshot: ep0040_phase2_class0
[Tracker] Ep   41 | AvgR 0.0002 | Global 0.9366 | Local 0.0100 | F1_macro 0.7608 | WorstLoss 0.8752
[Tracker] Ep   42 | AvgR 0.0002 | Global 0.9331 | Local 0.0130 | F1_macro 0.7614 | WorstLoss 0.8956
[Tracker] Ep   43 | AvgR 0.0002 | Global 0.8921 | Local 0.0081 | F1_macro 0.7598 | WorstLoss 0.9595
[Tracker] Ep   44 | AvgR 0.0002 | Global 0.9188 | Local 0.0076 | F1_macro 0.7572 | WorstLoss 0.9127
[Tracker] Ep   45 | AvgR 0.0002 | Global 0.9448 | Local 0.0224 | F1_macro 0.7619 | WorstLoss 0.8504
[Tracker] Saved snapshot: ep0045_phase2_class0
[Tracker] Ep   46 | AvgR 0.0002 | Global 0.9408 | Local 0.0118 | F1_macro 0.7621 | WorstLoss 0.8615
[Tracker] Ep   47 | AvgR 0.0002 | Global 0.9143 | Local 0.0112 | F1_macro 0.7607 | WorstLoss 0.9301
[Tracker] Ep   48 | AvgR 0.0002 | Global 0.9245 | Local 0.0123 | F1_macro 0.7601 | WorstLoss 0.9036
[Tracker] Ep   49 | AvgR 0.0002 | Global 0.8280 | Local 0.0155 | F1_macro 0.7578 | WorstLoss 1.0330
[Tracker] Ep   50 | AvgR 0.0002 | Global 0.9204 | Local 0.0123 | F1_macro 0.7594 | WorstLoss 0.9135
[Tracker] Saved snapshot: ep0050_phase2_class0
[Tracker] Ep   51 | AvgR 0.0002 | Global 0.9534 | Local 0.0185 | F1_macro 0.7544 | WorstLoss 0.7796
[Tracker] Ep   52 | AvgR 0.0002 | Global 0.9418 | Local 0.0039 | F1_macro 0.7605 | WorstLoss 0.8631
[Tracker] Ep   53 | AvgR 0.0002 | Global 0.9481 | Local 0.0169 | F1_macro 0.7672 | WorstLoss 0.8596
[Tracker] Ep   54 | AvgR 0.0002 | Global 0.9561 | Local 0.0062 | F1_macro 0.7640 | WorstLoss 0.8265
[Tracker] Ep   55 | AvgR 0.0002 | Global 0.9155 | Local 0.0104 | F1_macro 0.7536 | WorstLoss 0.9262
[Tracker] Saved snapshot: ep0055_phase2_class0
[Tracker] Ep   56 | AvgR 0.0002 | Global 0.9448 | Local 0.0112 | F1_macro 0.7587 | WorstLoss 0.8486
[Tracker] Ep   57 | AvgR 0.0002 | Global 0.9061 | Local 0.0075 | F1_macro 0.7522 | WorstLoss 0.9329
[Tracker] Ep   58 | AvgR 0.0002 | Global 0.9276 | Local 0.0168 | F1_macro 0.7604 | WorstLoss 0.8897
[Tracker] Ep   59 | AvgR 0.0002 | Global 0.8093 | Local 0.0275 | F1_macro 0.7408 | WorstLoss 1.0441
[Tracker] Ep   60 | AvgR 0.0002 | Global 0.9414 | Local 0.0092 | F1_macro 0.7585 | WorstLoss 0.8657
[Tracker] Saved snapshot: ep0060_phase2_class0
[Tracker] Ep   61 | AvgR 0.0002 | Global 0.9185 | Local 0.0063 | F1_macro 0.7617 | WorstLoss 0.9274
[Tracker] Ep   62 | AvgR 0.0002 | Global 0.9435 | Local 0.0152 | F1_macro 0.7548 | WorstLoss 0.8434
[Tracker] Ep   63 | AvgR 0.0002 | Global 0.9433 | Local 0.0044 | F1_macro 0.7599 | WorstLoss 0.8180
[Tracker] Ep   64 | AvgR 0.0002 | Global 0.9443 | Local 0.0177 | F1_macro 0.7591 | WorstLoss 0.8413
[Tracker] Ep   65 | AvgR 0.0002 | Global 0.8779 | Local 0.0068 | F1_macro 0.7567 | WorstLoss 0.9894
[Tracker] Saved snapshot: ep0065_phase2_class0
[Tracker] Ep   66 | AvgR 0.0002 | Global 0.8817 | Local 0.0099 | F1_macro 0.7562 | WorstLoss 0.9806
[Tracker] Ep   67 | AvgR 0.0002 | Global 0.9436 | Local 0.0172 | F1_macro 0.7581 | WorstLoss 0.8037
[Tracker] Ep   68 | AvgR 0.0002 | Global 0.8987 | Local 0.0135 | F1_macro 0.7586 | WorstLoss 0.9584
[Tracker] Ep   69 | AvgR 0.0002 | Global 0.9278 | Local 0.0107 | F1_macro 0.7595 | WorstLoss 0.9079
[Tracker] Ep   70 | AvgR 0.0002 | Global 0.9551 | Local 0.0125 | F1_macro 0.7595 | WorstLoss 0.8108
[Tracker] Saved snapshot: ep0070_phase2_class0
[Tracker] Ep   71 | AvgR 0.0002 | Global 0.9317 | Local 0.0114 | F1_macro 0.7582 | WorstLoss 0.8794
[Tracker] Ep   72 | AvgR 0.0002 | Global 0.9534 | Local 0.0123 | F1_macro 0.7615 | WorstLoss 0.8151
[Tracker] Ep   73 | AvgR 0.0002 | Global 0.8729 | Local 0.0137 | F1_macro 0.7514 | WorstLoss 0.9855
[Tracker] Ep   74 | AvgR 0.0002 | Global 0.9644 | Local 0.0104 | F1_macro 0.7584 | WorstLoss 0.7357
[Tracker] New BEST synthetic [phase2_class0] (by global.global_obj: 0.964427) saved.
[Tracker] BEST β weights [phase2_class0] saved -> training_runs/SPECv14_census_dvrl_twophase_3seeds_EP800_PCA10_REWfairness_minID1_majID0_TRJ2000_REAL3000_GG202603162050_d61bc7e3/seed_1/best_beta_state_dict_phase2_class0.pt
[Tracker] Ep   75 | AvgR 0.0002 | Global 0.9373 | Local 0.0221 | F1_macro 0.7494 | WorstLoss 0.8167
[Tracker] Saved snapshot: ep0075_phase2_class0
[Tracker] Ep   76 | AvgR 0.0002 | Global 0.9164 | Local 0.0087 | F1_macro 0.7596 | WorstLoss 0.9272
[Tracker] Ep   77 | AvgR 0.0002 | Global 0.8469 | Local 0.0140 | F1_macro 0.7580 | WorstLoss 1.0086
[Tracker] Ep   78 | AvgR 0.0002 | Global 0.8837 | Local 0.0058 | F1_macro 0.7462 | WorstLoss 0.9653
[Tracker] Ep   79 | AvgR 0.0002 | Global 0.9293 | Local 0.0040 | F1_macro 0.7594 | WorstLoss 0.9014
[Tracker] Ep   80 | AvgR 0.0002 | Global 0.9381 | Local 0.0040 | F1_macro 0.7562 | WorstLoss 0.8798
[Tracker] Saved snapshot: ep0080_phase2_class0
[Tracker] Ep   81 | AvgR 0.0002 | Global 0.9531 | Local 0.0118 | F1_macro 0.7559 | WorstLoss 0.7615
[Tracker] Ep   82 | AvgR 0.0002 | Global 0.9263 | Local 0.0239 | F1_macro 0.7441 | WorstLoss 0.8626
[Tracker] Ep   83 | AvgR 0.0002 | Global 0.9145 | Local 0.0145 | F1_macro 0.7522 | WorstLoss 0.9240
[Tracker] Ep   84 | AvgR 0.0002 | Global 0.9353 | Local 0.0150 | F1_macro 0.7535 | WorstLoss 0.8767
[Tracker] Ep   85 | AvgR 0.0002 | Global 0.9561 | Local 0.0064 | F1_macro 0.7596 | WorstLoss 0.7930
[Tracker] Saved snapshot: ep0085_phase2_class0
[Tracker] Ep   86 | AvgR 0.0002 | Global 0.9153 | Local 0.0200 | F1_macro 0.7500 | WorstLoss 0.9146
[Tracker] Ep   87 | AvgR 0.0002 | Global 0.9464 | Local 0.0116 | F1_macro 0.7592 | WorstLoss 0.8222
[Tracker] Ep   88 | AvgR 0.0002 | Global 0.9422 | Local 0.0154 | F1_macro 0.7570 | WorstLoss 0.8479
[Tracker] Ep   89 | AvgR 0.0002 | Global 0.9261 | Local 0.0063 | F1_macro 0.7570 | WorstLoss 0.8957
[Tracker] Ep   90 | AvgR 0.0002 | Global 0.9149 | Local 0.0233 | F1_macro 0.7582 | WorstLoss 0.9134
[Tracker] Saved snapshot: ep0090_phase2_class0
[Tracker] Ep   91 | AvgR 0.0002 | Global 0.9490 | Local 0.0174 | F1_macro 0.7551 | WorstLoss 0.7909
[Tracker] Ep   92 | AvgR 0.0002 | Global 0.9242 | Local 0.0138 | F1_macro 0.7583 | WorstLoss 0.9003
[Tracker] Ep   93 | AvgR 0.0002 | Global 0.9302 | Local 0.0153 | F1_macro 0.7603 | WorstLoss 0.8967
[Tracker] Ep   94 | AvgR 0.0002 | Global 0.9378 | Local 0.0036 | F1_macro 0.7636 | WorstLoss 0.8972
[Tracker] Ep   95 | AvgR 0.0002 | Global 0.9476 | Local 0.0159 | F1_macro 0.7633 | WorstLoss 0.8358
[Tracker] Saved snapshot: ep0095_phase2_class0
[Tracker] Ep   96 | AvgR 0.0002 | Global 0.9353 | Local 0.0034 | F1_macro 0.7574 | WorstLoss 0.8887
[Tracker] Ep   97 | AvgR 0.0002 | Global 0.8841 | Local 0.0171 | F1_macro 0.7542 | WorstLoss 0.9771
[Tracker] Ep   98 | AvgR 0.0002 | Global 0.8750 | Local 0.0144 | F1_macro 0.7512 | WorstLoss 0.9836
[Tracker] Ep   99 | AvgR 0.0002 | Global 0.9490 | Local 0.0135 | F1_macro 0.7549 | WorstLoss 0.7797
[Tracker] Ep  100 | AvgR 0.0002 | Global 0.9558 | Local 0.0130 | F1_macro 0.7628 | WorstLoss 0.7892
[Tracker] Saved snapshot: ep0100_phase2_class0
[Tracker] Ep  101 | AvgR 0.0002 | Global 0.9214 | Local 0.0096 | F1_macro 0.7620 | WorstLoss 0.9089
[Tracker] Ep  102 | AvgR 0.0002 | Global 0.9268 | Local 0.0131 | F1_macro 0.7641 | WorstLoss 0.9137
[Tracker] Ep  103 | AvgR 0.0002 | Global 0.8995 | Local 0.0211 | F1_macro 0.7538 | WorstLoss 0.9498
[Tracker] Ep  104 | AvgR 0.0002 | Global 0.8842 | Local 0.0180 | F1_macro 0.7592 | WorstLoss 0.9803
[Tracker] Ep  105 | AvgR 0.0002 | Global 0.9514 | Local 0.0187 | F1_macro 0.7594 | WorstLoss 0.8347
[Tracker] Saved snapshot: ep0105_phase2_class0
[Tracker] Ep  106 | AvgR 0.0002 | Global 0.9461 | Local 0.0098 | F1_macro 0.7577 | WorstLoss 0.8387
[Tracker] Ep  107 | AvgR 0.0002 | Global 0.9354 | Local 0.0187 | F1_macro 0.7621 | WorstLoss 0.8917
[Tracker] Ep  108 | AvgR 0.0002 | Global 0.9179 | Local 0.0135 | F1_macro 0.7604 | WorstLoss 0.9196
[Tracker] Ep  109 | AvgR 0.0002 | Global 0.9219 | Local 0.0147 | F1_macro 0.7552 | WorstLoss 0.9096
[Tracker] Ep  110 | AvgR 0.0003 | Global 0.9544 | Local 0.0138 | F1_macro 0.7639 | WorstLoss 0.8287
[Tracker] Saved snapshot: ep0110_phase2_class0
[Tracker] Ep  111 | AvgR 0.0002 | Global 0.9356 | Local 0.0154 | F1_macro 0.7556 | WorstLoss 0.8768
[Tracker] Ep  112 | AvgR 0.0003 | Global 0.9507 | Local 0.0164 | F1_macro 0.7595 | WorstLoss 0.8213
[Tracker] Ep  113 | AvgR 0.0002 | Global 0.8713 | Local 0.0128 | F1_macro 0.7606 | WorstLoss 0.9891
[Tracker] Ep  114 | AvgR 0.0003 | Global 0.9329 | Local 0.0207 | F1_macro 0.7580 | WorstLoss 0.8805
[Tracker] Ep  115 | AvgR 0.0003 | Global 0.9143 | Local 0.0429 | F1_macro 0.7446 | WorstLoss 0.9116
[Tracker] Saved snapshot: ep0115_phase2_class0
[Tracker] Ep  116 | AvgR 0.0002 | Global 0.8527 | Local 0.0129 | F1_macro 0.7555 | WorstLoss 1.0142
[Tracker] Ep  117 | AvgR 0.0003 | Global 0.9364 | Local 0.0170 | F1_macro 0.7529 | WorstLoss 0.8418
[Tracker] Ep  118 | AvgR 0.0003 | Global 0.9271 | Local 0.0180 | F1_macro 0.7616 | WorstLoss 0.8993
[Tracker] Ep  119 | AvgR 0.0003 | Global 0.9146 | Local 0.0557 | F1_macro 0.7298 | WorstLoss 0.8478
[Tracker] Ep  120 | AvgR 0.0003 | Global 0.9291 | Local 0.0147 | F1_macro 0.7558 | WorstLoss 0.8685
[Tracker] Saved snapshot: ep0120_phase2_class0
[Tracker] Ep  121 | AvgR 0.0002 | Global 0.8668 | Local 0.0239 | F1_macro 0.7525 | WorstLoss 0.9951
[Tracker] Ep  122 | AvgR 0.0003 | Global 0.9373 | Local 0.0125 | F1_macro 0.7535 | WorstLoss 0.8405
[Tracker] Ep  123 | AvgR 0.0003 | Global 0.9072 | Local 0.0219 | F1_macro 0.7446 | WorstLoss 0.9074
[Tracker] Ep  124 | AvgR 0.0003 | Global 0.9367 | Local 0.0217 | F1_macro 0.7546 | WorstLoss 0.8513
[Tracker] Ep  125 | AvgR 0.0003 | Global 0.8884 | Local 0.0302 | F1_macro 0.7352 | WorstLoss 0.9336
[Tracker] Saved snapshot: ep0125_phase2_class0
[Tracker] Ep  126 | AvgR 0.0003 | Global 0.9009 | Local 0.0439 | F1_macro 0.7412 | WorstLoss 0.9332
[Tracker] Ep  127 | AvgR 0.0003 | Global 0.9287 | Local 0.0177 | F1_macro 0.7510 | WorstLoss 0.8531
[Tracker] Ep  128 | AvgR 0.0002 | Global 0.8664 | Local 0.0246 | F1_macro 0.7463 | WorstLoss 0.9820
[Tracker] Ep  129 | AvgR 0.0003 | Global 0.9386 | Local 0.0220 | F1_macro 0.7507 | WorstLoss 0.8284
[Tracker] Ep  130 | AvgR 0.0003 | Global 0.9270 | Local 0.0197 | F1_macro 0.7502 | WorstLoss 0.8748
[Tracker] Saved snapshot: ep0130_phase2_class0
[Tracker] Ep  131 | AvgR 0.0003 | Global 0.9044 | Local 0.0196 | F1_macro 0.7538 | WorstLoss 0.9344
[Tracker] Ep  132 | AvgR 0.0003 | Global 0.9127 | Local 0.0290 | F1_macro 0.7507 | WorstLoss 0.9139
[Tracker] Ep  133 | AvgR 0.0003 | Global 0.9105 | Local 0.0459 | F1_macro 0.7434 | WorstLoss 0.8783
[Tracker] Ep  134 | AvgR 0.0003 | Global 0.9360 | Local 0.0102 | F1_macro 0.7600 | WorstLoss 0.8669
[Tracker] Ep  135 | AvgR 0.0003 | Global 0.9386 | Local 0.0164 | F1_macro 0.7610 | WorstLoss 0.8657
[Tracker] Saved snapshot: ep0135_phase2_class0
[Tracker] Ep  136 | AvgR 0.0003 | Global 0.9268 | Local 0.0170 | F1_macro 0.7569 | WorstLoss 0.8911
[Tracker] Ep  137 | AvgR 0.0003 | Global 0.8971 | Local 0.0337 | F1_macro 0.7385 | WorstLoss 0.9189
[Tracker] Ep  138 | AvgR 0.0003 | Global 0.9437 | Local 0.0134 | F1_macro 0.7586 | WorstLoss 0.8324
[Tracker] Ep  139 | AvgR 0.0003 | Global 0.9369 | Local 0.0190 | F1_macro 0.7544 | WorstLoss 0.8707
[Tracker] Ep  140 | AvgR 0.0003 | Global 0.9299 | Local 0.0111 | F1_macro 0.7619 | WorstLoss 0.8854
[Tracker] Saved snapshot: ep0140_phase2_class0
[Tracker] Ep  141 | AvgR 0.0003 | Global 0.8816 | Local 0.0116 | F1_macro 0.7580 | WorstLoss 0.9770
[Tracker] Ep  142 | AvgR 0.0003 | Global 0.9362 | Local 0.0155 | F1_macro 0.7575 | WorstLoss 0.8667
[Tracker] Ep  143 | AvgR 0.0003 | Global 0.9040 | Local 0.0351 | F1_macro 0.7461 | WorstLoss 0.9326
[Tracker] Ep  144 | AvgR 0.0003 | Global 0.9409 | Local 0.0089 | F1_macro 0.7605 | WorstLoss 0.8649
[Tracker] Ep  145 | AvgR 0.0003 | Global 0.9317 | Local 0.0301 | F1_macro 0.7544 | WorstLoss 0.8643
[Tracker] Saved snapshot: ep0145_phase2_class0
[Tracker] Ep  146 | AvgR 0.0003 | Global 0.9301 | Local 0.0073 | F1_macro 0.7616 | WorstLoss 0.9001
[Tracker] Ep  147 | AvgR 0.0003 | Global 0.9491 | Local 0.0205 | F1_macro 0.7534 | WorstLoss 0.7914
[Tracker] Ep  148 | AvgR 0.0003 | Global 0.8967 | Local 0.0133 | F1_macro 0.7590 | WorstLoss 0.9600
[Tracker] Ep  149 | AvgR 0.0003 | Global 0.9370 | Local 0.0188 | F1_macro 0.7542 | WorstLoss 0.8508
[Tracker] Ep  150 | AvgR 0.0003 | Global 0.9405 | Local 0.0127 | F1_macro 0.7601 | WorstLoss 0.8581
[Tracker] Saved snapshot: ep0150_phase2_class0
[Tracker] Ep  151 | AvgR 0.0003 | Global 0.8913 | Local 0.0489 | F1_macro 0.7349 | WorstLoss 0.9283
[Tracker] Ep  152 | AvgR 0.0003 | Global 0.9253 | Local 0.0139 | F1_macro 0.7582 | WorstLoss 0.9065
[Tracker] Ep  153 | AvgR 0.0003 | Global 0.9276 | Local 0.0241 | F1_macro 0.7538 | WorstLoss 0.8720
[Tracker] Ep  154 | AvgR 0.0003 | Global 0.8928 | Local 0.0432 | F1_macro 0.7509 | WorstLoss 0.9545
[Tracker] Ep  155 | AvgR 0.0003 | Global 0.8807 | Local 0.0197 | F1_macro 0.7571 | WorstLoss 0.9778
[Tracker] Saved snapshot: ep0155_phase2_class0
[Tracker] Ep  156 | AvgR 0.0003 | Global 0.8932 | Local 0.0199 | F1_macro 0.7451 | WorstLoss 0.9326
[Tracker] Ep  157 | AvgR 0.0003 | Global 0.8885 | Local 0.0249 | F1_macro 0.7392 | WorstLoss 0.9435
[Tracker] Ep  158 | AvgR 0.0003 | Global 0.8756 | Local 0.0450 | F1_macro 0.7270 | WorstLoss 0.9580
[Tracker] Ep  159 | AvgR 0.0003 | Global 0.8431 | Local 0.0150 | F1_macro 0.7449 | WorstLoss 1.0111
[Tracker] Ep  160 | AvgR 0.0003 | Global 0.8750 | Local 0.0105 | F1_macro 0.7552 | WorstLoss 0.9739
[Tracker] Saved snapshot: ep0160_phase2_class0
[Tracker] Ep  161 | AvgR 0.0003 | Global 0.9168 | Local 0.0419 | F1_macro 0.7528 | WorstLoss 0.8858
[Tracker] Ep  162 | AvgR 0.0003 | Global 0.9086 | Local 0.0450 | F1_macro 0.7360 | WorstLoss 0.8573
[Tracker] Ep  163 | AvgR 0.0002 | Global 0.7239 | Local 0.0303 | F1_macro 0.7274 | WorstLoss 1.0807
[Tracker] Ep  164 | AvgR 0.0003 | Global 0.7766 | Local 0.0414 | F1_macro 0.7370 | WorstLoss 1.0549
[Tracker] Ep  165 | AvgR 0.0003 | Global 0.8457 | Local 0.0503 | F1_macro 0.7266 | WorstLoss 0.9531
[Tracker] Saved snapshot: ep0165_phase2_class0
[Tracker] Ep  166 | AvgR 0.0003 | Global 0.9022 | Local 0.0411 | F1_macro 0.7480 | WorstLoss 0.9093
[Tracker] Ep  167 | AvgR 0.0003 | Global 0.9338 | Local 0.0442 | F1_macro 0.7442 | WorstLoss 0.7757
[Tracker] Ep  168 | AvgR 0.0003 | Global 0.8743 | Local 0.0306 | F1_macro 0.7420 | WorstLoss 0.9551
[Tracker] Ep  169 | AvgR 0.0003 | Global 0.8851 | Local 0.0321 | F1_macro 0.7466 | WorstLoss 0.9467
[Tracker] Ep  170 | AvgR 0.0003 | Global 0.8933 | Local 0.0231 | F1_macro 0.7524 | WorstLoss 0.9487
[Tracker] Saved snapshot: ep0170_phase2_class0
[Tracker] Ep  171 | AvgR 0.0003 | Global 0.8392 | Local 0.0512 | F1_macro 0.7267 | WorstLoss 0.9882
[Tracker] Ep  172 | AvgR 0.0003 | Global 0.8757 | Local 0.0594 | F1_macro 0.7384 | WorstLoss 0.9557
[Tracker] Ep  173 | AvgR 0.0003 | Global 0.9013 | Local 0.0351 | F1_macro 0.7394 | WorstLoss 0.8861
[Tracker] Ep  174 | AvgR 0.0003 | Global 0.8557 | Local 0.0349 | F1_macro 0.7303 | WorstLoss 0.9648
[Tracker] Ep  175 | AvgR 0.0003 | Global 0.7513 | Local 0.0459 | F1_macro 0.7503 | WorstLoss 1.0796
[Tracker] Saved snapshot: ep0175_phase2_class0
[Tracker] Ep  176 | AvgR 0.0003 | Global 0.9033 | Local 0.0592 | F1_macro 0.7329 | WorstLoss 0.8782
[Tracker] Ep  177 | AvgR 0.0003 | Global 0.8555 | Local 0.0260 | F1_macro 0.7453 | WorstLoss 0.9831
[Tracker] Ep  178 | AvgR 0.0003 | Global 0.8730 | Local 0.0348 | F1_macro 0.7409 | WorstLoss 0.9612
[Tracker] Ep  179 | AvgR 0.0003 | Global 0.9316 | Local 0.0433 | F1_macro 0.7475 | WorstLoss 0.8631
[Tracker] Ep  180 | AvgR 0.0003 | Global 0.7626 | Local 0.0341 | F1_macro 0.7470 | WorstLoss 1.0746
[Tracker] Saved snapshot: ep0180_phase2_class0
[Tracker] Ep  181 | AvgR 0.0003 | Global 0.7640 | Local 0.0288 | F1_macro 0.7324 | WorstLoss 1.0675
[Tracker] Ep  182 | AvgR 0.0003 | Global 0.9233 | Local 0.0481 | F1_macro 0.7470 | WorstLoss 0.8510
[Tracker] Ep  183 | AvgR 0.0003 | Global 0.8579 | Local 0.0239 | F1_macro 0.7455 | WorstLoss 0.9878
[Tracker] Ep  184 | AvgR 0.0003 | Global 0.8514 | Local 0.0286 | F1_macro 0.7477 | WorstLoss 0.9976
[Tracker] Ep  185 | AvgR 0.0003 | Global 0.8983 | Local 0.0482 | F1_macro 0.7347 | WorstLoss 0.8927
[Tracker] Saved snapshot: ep0185_phase2_class0
[Tracker] Ep  186 | AvgR 0.0003 | Global 0.8481 | Local 0.0313 | F1_macro 0.7412 | WorstLoss 0.9850
[Tracker] Ep  187 | AvgR 0.0003 | Global 0.7982 | Local 0.0319 | F1_macro 0.7272 | WorstLoss 1.0300
[Tracker] Ep  188 | AvgR 0.0003 | Global 0.8383 | Local 0.0248 | F1_macro 0.7386 | WorstLoss 1.0039
[Tracker] Ep  189 | AvgR 0.0003 | Global 0.7612 | Local 0.0325 | F1_macro 0.7347 | WorstLoss 1.0691
[Tracker] Ep  190 | AvgR 0.0003 | Global 0.8845 | Local 0.0393 | F1_macro 0.7369 | WorstLoss 0.9282
[Tracker] Saved snapshot: ep0190_phase2_class0
[Tracker] Ep  191 | AvgR 0.0003 | Global 0.8896 | Local 0.0422 | F1_macro 0.7432 | WorstLoss 0.9251
[Tracker] Ep  192 | AvgR 0.0003 | Global 0.8644 | Local 0.0396 | F1_macro 0.7285 | WorstLoss 0.9572
[Tracker] Ep  193 | AvgR 0.0003 | Global 0.9404 | Local 0.0505 | F1_macro 0.7550 | WorstLoss 0.7959
[Tracker] Ep  194 | AvgR 0.0003 | Global 0.7656 | Local 0.0261 | F1_macro 0.7477 | WorstLoss 1.0699
[Tracker] Ep  195 | AvgR 0.0003 | Global 0.9113 | Local 0.0252 | F1_macro 0.7541 | WorstLoss 0.9178
[Tracker] Saved snapshot: ep0195_phase2_class0
[Tracker] Ep  196 | AvgR 0.0003 | Global 0.8077 | Local 0.0305 | F1_macro 0.7328 | WorstLoss 1.0291
[Tracker] Ep  197 | AvgR 0.0003 | Global 0.9053 | Local 0.0323 | F1_macro 0.7419 | WorstLoss 0.9118
[Tracker] Ep  198 | AvgR 0.0003 | Global 0.9087 | Local 0.0495 | F1_macro 0.7400 | WorstLoss 0.8847
[Tracker] Ep  199 | AvgR 0.0003 | Global 0.7983 | Local 0.0381 | F1_macro 0.7174 | WorstLoss 1.0342
[Tracker] Ep  200 | AvgR 0.0003 | Global 0.9119 | Local 0.0257 | F1_macro 0.7499 | WorstLoss 0.9010
[Tracker] Saved snapshot: ep0200_phase2_class0
[Phase] Finished phase2_class0 | best global_obj=0.9644
FFNN Using device: cuda:0
[Combined] Saved combined beta -> training_runs/SPECv14_census_dvrl_twophase_3seeds_EP800_PCA10_REWfairness_minID1_majID0_TRJ2000_REAL3000_GG202603162050_d61bc7e3/seed_1/best_beta_state_dict.pt
[Combined] Saved combined synthetic -> training_runs/SPECv14_census_dvrl_twophase_3seeds_EP800_PCA10_REWfairness_minID1_majID0_TRJ2000_REAL3000_GG202603162050_d61bc7e3/seed_1/best_synthetic_combined.npz
FFNN Using device: cuda:0
[TestSuite] Loaded best β weights from: training_runs/SPECv14_census_dvrl_twophase_3seeds_EP800_PCA10_REWfairness_minID1_majID0_TRJ2000_REAL3000_GG202603162050_d61bc7e3/seed_1/best_beta_state_dict.pt

[TEST] Alpha -> F1(min)=0.6265 | F1(maj)=0.8967 | F1(weighted)=0.8316 | F1(macro)=0.7616 | Brier=0.1096
[TEST] Beta  -> F1(min)=0.6175 | F1(maj)=0.8817 | F1(weighted)=0.8180 | F1(macro)=0.7496 | Brier=0.1267
[TestSuite] Final test metrics appended to (seed): training_runs/SPECv14_census_dvrl_twophase_3seeds_EP800_PCA10_REWfairness_minID1_majID0_TRJ2000_REAL3000_GG202603162050_d61bc7e3/seed_1/final_test_metrics.csv
[TestSuite] Final test metrics appended to (experiment): training_runs/SPECv14_census_dvrl_twophase_3seeds_EP800_PCA10_REWfairness_minID1_majID0_TRJ2000_REAL3000_GG202603162050_d61bc7e3/final_test_metrics.csv
Total time 2156.19s
[Tracker] Finished. Run folder: training_runs/SPECv14_census_dvrl_twophase_3seeds_EP800_PCA10_REWfairness_minID1_majID0_TRJ2000_REAL3000_GG202603162050_d61bc7e3/seed_1
