[main] spec=v16_bias05_rl_credit_3seeds.json device=cuda:0
[main] exp_group=SPEC_v16_bias05_rl_credit_3seeds_772c8f68__G202603180833
[main] seeds=[42, 0, 1]
[main] ---- running seed=42 ----
FFNN Using device: cuda:0
FFNN Using device: cuda:0
[Tracker] Experiment: SPECv16_bias05_rl_credit_3seeds_EP800_PCA10_REWfairness_minID1_majID0_TRJ2000_REAL3000_BIAS0.05_GG202603180833_a8116e4e
[Tracker] Seed folder: training_runs/SPECv16_bias05_rl_credit_3seeds_EP800_PCA10_REWfairness_minID1_majID0_TRJ2000_REAL3000_BIAS0.05_GG202603180833_a8116e4e/seed_42
[Tracker] Run: 2026-03-18_08-33-23_seed42_3334945_d7e3dbab
[Tracker] Metrics CSV: training_runs/SPECv16_bias05_rl_credit_3seeds_EP800_PCA10_REWfairness_minID1_majID0_TRJ2000_REAL3000_BIAS0.05_GG202603180833_a8116e4e/seed_42/metrics.csv
[Tracker] Mirroring console to: training_runs/SPECv16_bias05_rl_credit_3seeds_EP800_PCA10_REWfairness_minID1_majID0_TRJ2000_REAL3000_BIAS0.05_GG202603180833_a8116e4e/seed_42/console.log
Label distribution: {0: 23364, 1: 6636}
[TRAIN] size=3000, minority=150 (5.00%)
[VAL] size=4918, minority=245 (4.98%)
[TEST] size=6000, minority=1327 (22.12%)
FFNN Using device: cuda:0
FFNN Using device: cuda:0
Beta will train with: 60.00% real data, 40.00% synthetic data: 
[disadv] group=0 per_g={0: 0.19928401708602905, 1: 0.1951742172241211} worst_4g=3.2332 soft_eo_alpha=0.0369
Anchors: 61 (disadv=0) sigma_anchor=0.8500
[Tracker] Alpha model state_dict saved to training_runs/SPECv16_bias05_rl_credit_3seeds_EP800_PCA10_REWfairness_minID1_majID0_TRJ2000_REAL3000_BIAS0.05_GG202603180833_a8116e4e/seed_42/alpha_state_dict.pt
[Tracker] Alpha model config saved to training_runs/SPECv16_bias05_rl_credit_3seeds_EP800_PCA10_REWfairness_minID1_majID0_TRJ2000_REAL3000_BIAS0.05_GG202603180833_a8116e4e/seed_42/ffnn_meta.json

============================================================
[Phase] Starting phase1_class1 | target_class=1 | episodes=800
============================================================
[Tracker] CSV header written with 44 columns.
[Tracker] Ep    1 | AvgR 0.0001 | Global 0.2596 | Local 0.0504 | F1_macro 0.5519 | WorstLoss 3.3309
[Tracker] New BEST synthetic [phase1_class1] (by global.global_obj: 0.259592) saved.
[Tracker] BEST β weights [phase1_class1] saved -> training_runs/SPECv16_bias05_rl_credit_3seeds_EP800_PCA10_REWfairness_minID1_majID0_TRJ2000_REAL3000_BIAS0.05_GG202603180833_a8116e4e/seed_42/best_beta_state_dict_phase1_class1.pt
[Tracker] Ep    2 | AvgR 0.0001 | Global 0.1600 | Local 0.0796 | F1_macro 0.4936 | WorstLoss 3.3833
[Tracker] Ep    3 | AvgR 0.0000 | Global 0.0686 | Local 0.0793 | F1_macro 0.5648 | WorstLoss 3.4829
[Tracker] Ep    4 | AvgR 0.0000 | Global 0.0465 | Local 0.0590 | F1_macro 0.5290 | WorstLoss 3.5275
[Tracker] Ep    5 | AvgR 0.0000 | Global 0.0170 | Local 0.0717 | F1_macro 0.5317 | WorstLoss 3.6309
[Tracker] Saved snapshot: ep0005_phase1_class1
[Tracker] Ep    6 | AvgR 0.0000 | Global 0.0786 | Local 0.0723 | F1_macro 0.4917 | WorstLoss 3.4645
[Tracker] Ep    7 | AvgR 0.0000 | Global 0.0231 | Local 0.0617 | F1_macro 0.5252 | WorstLoss 3.5992
[Tracker] Ep    8 | AvgR 0.0000 | Global 0.0581 | Local 0.0723 | F1_macro 0.4960 | WorstLoss 3.5048
[Tracker] Ep    9 | AvgR 0.0000 | Global 0.0055 | Local 0.0804 | F1_macro 0.5207 | WorstLoss 3.7398
[Tracker] Ep   10 | AvgR 0.0000 | Global 0.0004 | Local 0.1208 | F1_macro 0.5268 | WorstLoss 3.9967
[Tracker] Saved snapshot: ep0010_phase1_class1
[Tracker] Ep   11 | AvgR 0.0000 | Global 0.0078 | Local 0.1167 | F1_macro 0.5128 | WorstLoss 3.7037
[Tracker] Ep   12 | AvgR 0.0001 | Global 0.2029 | Local 0.0556 | F1_macro 0.5049 | WorstLoss 3.3587
[Tracker] Ep   13 | AvgR 0.0000 | Global 0.0262 | Local 0.1082 | F1_macro 0.4924 | WorstLoss 3.5804
[Tracker] Ep   14 | AvgR 0.0000 | Global 0.0116 | Local 0.0886 | F1_macro 0.5267 | WorstLoss 3.6666
[Tracker] Ep   15 | AvgR 0.0000 | Global 0.0002 | Local 0.0982 | F1_macro 0.4863 | WorstLoss 4.0889
[Tracker] Saved snapshot: ep0015_phase1_class1
[Tracker] Ep   16 | AvgR 0.0000 | Global 0.0002 | Local 0.1255 | F1_macro 0.5273 | WorstLoss 4.0715
[Tracker] Ep   17 | AvgR 0.0001 | Global 0.4381 | Local 0.0502 | F1_macro 0.4855 | WorstLoss 3.2421
[Tracker] New BEST synthetic [phase1_class1] (by global.global_obj: 0.438144) saved.
[Tracker] BEST β weights [phase1_class1] saved -> training_runs/SPECv16_bias05_rl_credit_3seeds_EP800_PCA10_REWfairness_minID1_majID0_TRJ2000_REAL3000_BIAS0.05_GG202603180833_a8116e4e/seed_42/best_beta_state_dict_phase1_class1.pt
[Tracker] Ep   18 | AvgR 0.0000 | Global 0.0060 | Local 0.0915 | F1_macro 0.4935 | WorstLoss 3.7334
[Tracker] Ep   19 | AvgR 0.0000 | Global 0.0371 | Local 0.0645 | F1_macro 0.5314 | WorstLoss 3.5508
[Tracker] Ep   20 | AvgR 0.0000 | Global 0.0115 | Local 0.1181 | F1_macro 0.5261 | WorstLoss 3.6676
[Tracker] Saved snapshot: ep0020_phase1_class1
[Tracker] Ep   21 | AvgR 0.0001 | Global 0.0397 | Local 0.1458 | F1_macro 0.5262 | WorstLoss 3.5415
[Tracker] Ep   22 | AvgR 0.0001 | Global 0.3548 | Local 0.0403 | F1_macro 0.5126 | WorstLoss 3.2810
[Tracker] Ep   23 | AvgR 0.0000 | Global 0.0004 | Local 0.1244 | F1_macro 0.5113 | WorstLoss 3.9971
[Tracker] Ep   24 | AvgR 0.0000 | Global 0.0210 | Local 0.0936 | F1_macro 0.5197 | WorstLoss 3.6081
[Tracker] Ep   25 | AvgR 0.0000 | Global 0.0019 | Local 0.0921 | F1_macro 0.4971 | WorstLoss 3.8453
[Tracker] Saved snapshot: ep0025_phase1_class1
[Tracker] Ep   26 | AvgR 0.0000 | Global 0.0036 | Local 0.0736 | F1_macro 0.5159 | WorstLoss 3.7884
[Tracker] Ep   27 | AvgR 0.0000 | Global 0.0005 | Local 0.1386 | F1_macro 0.5196 | WorstLoss 3.9761
[Tracker] Ep   28 | AvgR 0.0000 | Global 0.0279 | Local 0.1054 | F1_macro 0.5484 | WorstLoss 3.5784
[Tracker] Ep   29 | AvgR 0.0000 | Global 0.0307 | Local 0.0454 | F1_macro 0.5139 | WorstLoss 3.5691
[Tracker] Ep   30 | AvgR 0.0000 | Global 0.1588 | Local 0.0664 | F1_macro 0.5476 | WorstLoss 3.3926
[Tracker] Saved snapshot: ep0030_phase1_class1
[Tracker] Ep   31 | AvgR 0.0000 | Global 0.0456 | Local 0.0986 | F1_macro 0.5042 | WorstLoss 3.5281
[Tracker] Ep   32 | AvgR 0.0000 | Global 0.0499 | Local 0.0376 | F1_macro 0.4878 | WorstLoss 3.5210
[Tracker] Ep   33 | AvgR 0.0000 | Global 0.0193 | Local 0.0911 | F1_macro 0.5188 | WorstLoss 3.6132
[Tracker] Ep   34 | AvgR 0.0000 | Global 0.2040 | Local 0.0367 | F1_macro 0.4925 | WorstLoss 3.3615
[Tracker] Ep   35 | AvgR 0.0000 | Global 0.0164 | Local 0.0886 | F1_macro 0.5351 | WorstLoss 3.6356
[Tracker] Saved snapshot: ep0035_phase1_class1
[Tracker] Ep   36 | AvgR 0.0000 | Global 0.0092 | Local 0.0749 | F1_macro 0.5374 | WorstLoss 3.6946
[Tracker] Ep   37 | AvgR 0.0000 | Global 0.0015 | Local 0.0905 | F1_macro 0.4904 | WorstLoss 3.8665
[Tracker] Ep   38 | AvgR 0.0000 | Global 0.0005 | Local 0.1053 | F1_macro 0.5313 | WorstLoss 3.9740
[Tracker] Ep   39 | AvgR 0.0000 | Global 0.0000 | Local 0.1172 | F1_macro 0.5308 | WorstLoss 4.2680
[Tracker] Ep   40 | AvgR 0.0000 | Global 0.0179 | Local 0.0678 | F1_macro 0.5214 | WorstLoss 3.6253
[Tracker] Saved snapshot: ep0040_phase1_class1
[Tracker] Ep   41 | AvgR 0.0001 | Global 0.1989 | Local 0.0720 | F1_macro 0.5017 | WorstLoss 3.3627
[Tracker] Ep   42 | AvgR 0.0001 | Global 0.1653 | Local 0.0868 | F1_macro 0.5544 | WorstLoss 3.3834
[Tracker] Ep   43 | AvgR 0.0000 | Global 0.0149 | Local 0.0564 | F1_macro 0.5204 | WorstLoss 3.6448
[Tracker] Ep   44 | AvgR 0.0001 | Global 0.0033 | Local 0.1586 | F1_macro 0.5379 | WorstLoss 3.7930
[Tracker] Ep   45 | AvgR 0.0000 | Global 0.0018 | Local 0.1387 | F1_macro 0.5440 | WorstLoss 3.8553
[Tracker] Saved snapshot: ep0045_phase1_class1
[Tracker] Ep   46 | AvgR 0.0000 | Global 0.0084 | Local 0.0654 | F1_macro 0.5179 | WorstLoss 3.7025
[Tracker] Ep   47 | AvgR 0.0000 | Global 0.0166 | Local 0.0858 | F1_macro 0.5239 | WorstLoss 3.6337
[Tracker] Ep   48 | AvgR 0.0000 | Global 0.0075 | Local 0.0721 | F1_macro 0.5339 | WorstLoss 3.7156
[Tracker] Ep   49 | AvgR 0.0001 | Global 0.1850 | Local 0.1047 | F1_macro 0.5287 | WorstLoss 3.3703
[Tracker] Ep   50 | AvgR 0.0000 | Global 0.0501 | Local 0.0943 | F1_macro 0.5134 | WorstLoss 3.5177
[Tracker] Saved snapshot: ep0050_phase1_class1
[Tracker] Ep   51 | AvgR 0.0000 | Global 0.0282 | Local 0.0833 | F1_macro 0.5653 | WorstLoss 3.5776
[Tracker] Ep   52 | AvgR 0.0000 | Global 0.0040 | Local 0.1044 | F1_macro 0.5119 | WorstLoss 3.7719
[Tracker] Ep   53 | AvgR 0.0000 | Global 0.0032 | Local 0.0925 | F1_macro 0.5630 | WorstLoss 3.7988
[Tracker] Ep   54 | AvgR 0.0001 | Global 0.3603 | Local 0.0560 | F1_macro 0.5603 | WorstLoss 3.2850
[Tracker] Ep   55 | AvgR 0.0000 | Global 0.0027 | Local 0.0988 | F1_macro 0.5337 | WorstLoss 3.8156
[Tracker] Saved snapshot: ep0055_phase1_class1
[Tracker] Ep   56 | AvgR 0.0000 | Global 0.0236 | Local 0.0671 | F1_macro 0.5224 | WorstLoss 3.5990
[Tracker] Ep   57 | AvgR 0.0000 | Global 0.0368 | Local 0.0554 | F1_macro 0.5388 | WorstLoss 3.5537
[Tracker] Ep   58 | AvgR 0.0000 | Global 0.0134 | Local 0.0813 | F1_macro 0.5463 | WorstLoss 3.6556
[Tracker] Ep   59 | AvgR 0.0000 | Global 0.0179 | Local 0.0867 | F1_macro 0.5135 | WorstLoss 3.6241
[Tracker] Ep   60 | AvgR 0.0000 | Global 0.0218 | Local 0.1113 | F1_macro 0.5230 | WorstLoss 3.6025
[Tracker] Saved snapshot: ep0060_phase1_class1
[Tracker] Ep   61 | AvgR 0.0000 | Global 0.0032 | Local 0.0903 | F1_macro 0.5387 | WorstLoss 3.7972
[Tracker] Ep   62 | AvgR 0.0000 | Global 0.0041 | Local 0.0811 | F1_macro 0.5563 | WorstLoss 3.7751
[Tracker] Ep   63 | AvgR 0.0000 | Global 0.0196 | Local 0.0605 | F1_macro 0.5149 | WorstLoss 3.6184
[Tracker] Ep   64 | AvgR 0.0000 | Global 0.0000 | Local 0.1090 | F1_macro 0.5354 | WorstLoss 4.2500
[Tracker] Ep   65 | AvgR 0.0000 | Global 0.0641 | Local 0.0896 | F1_macro 0.5397 | WorstLoss 3.4940
[Tracker] Saved snapshot: ep0065_phase1_class1
[Tracker] Ep   66 | AvgR 0.0000 | Global 0.0245 | Local 0.0733 | F1_macro 0.5621 | WorstLoss 3.5924
[Tracker] Ep   67 | AvgR 0.0000 | Global 0.1864 | Local 0.0487 | F1_macro 0.5450 | WorstLoss 3.3745
[Tracker] Ep   68 | AvgR 0.0000 | Global 0.0002 | Local 0.1157 | F1_macro 0.5481 | WorstLoss 4.0606
[Tracker] Ep   69 | AvgR 0.0000 | Global 0.0348 | Local 0.0654 | F1_macro 0.5321 | WorstLoss 3.5604
[Tracker] Ep   70 | AvgR 0.0000 | Global 0.0051 | Local 0.0677 | F1_macro 0.5534 | WorstLoss 3.7533
[Tracker] Saved snapshot: ep0070_phase1_class1
[Tracker] Ep   71 | AvgR 0.0001 | Global 0.0013 | Local 0.1476 | F1_macro 0.5107 | WorstLoss 3.8832
[Tracker] Ep   72 | AvgR 0.0000 | Global 0.0011 | Local 0.1186 | F1_macro 0.5273 | WorstLoss 3.9004
[Tracker] Ep   73 | AvgR 0.0000 | Global 0.0346 | Local 0.0736 | F1_macro 0.5496 | WorstLoss 3.5582
[Tracker] Ep   74 | AvgR 0.0000 | Global 0.0004 | Local 0.0763 | F1_macro 0.5030 | WorstLoss 3.9969
[Tracker] Ep   75 | AvgR 0.0000 | Global 0.0021 | Local 0.1194 | F1_macro 0.5245 | WorstLoss 3.8366
[Tracker] Saved snapshot: ep0075_phase1_class1
[Tracker] Ep   76 | AvgR 0.0000 | Global 0.0507 | Local 0.0628 | F1_macro 0.5383 | WorstLoss 3.5193
[Tracker] Ep   77 | AvgR 0.0000 | Global 0.0676 | Local 0.0876 | F1_macro 0.5624 | WorstLoss 3.4877
[Tracker] Ep   78 | AvgR 0.0000 | Global 0.0303 | Local 0.1042 | F1_macro 0.5289 | WorstLoss 3.5679
[Tracker] Ep   79 | AvgR 0.0000 | Global 0.0078 | Local 0.0832 | F1_macro 0.5223 | WorstLoss 3.7079
[Tracker] Ep   80 | AvgR 0.0000 | Global 0.0516 | Local 0.0745 | F1_macro 0.5580 | WorstLoss 3.5132
[Tracker] Saved snapshot: ep0080_phase1_class1
[Tracker] Ep   81 | AvgR 0.0001 | Global 0.0086 | Local 0.1478 | F1_macro 0.5335 | WorstLoss 3.6951
[Tracker] Ep   82 | AvgR 0.0000 | Global 0.0000 | Local 0.1104 | F1_macro 0.5241 | WorstLoss 4.2833
[Tracker] Ep   83 | AvgR 0.0000 | Global 0.0009 | Local 0.1182 | F1_macro 0.5430 | WorstLoss 3.9261
[Tracker] Ep   84 | AvgR 0.0000 | Global 0.0001 | Local 0.0959 | F1_macro 0.5542 | WorstLoss 4.1288
[Tracker] Ep   85 | AvgR 0.0000 | Global 0.0066 | Local 0.0841 | F1_macro 0.5429 | WorstLoss 3.7266
[Tracker] Saved snapshot: ep0085_phase1_class1
[Tracker] Ep   86 | AvgR 0.0000 | Global 0.0083 | Local 0.0862 | F1_macro 0.5505 | WorstLoss 3.7034
[Tracker] Ep   87 | AvgR 0.0000 | Global 0.0009 | Local 0.0786 | F1_macro 0.5709 | WorstLoss 3.9230
[Tracker] Ep   88 | AvgR 0.0000 | Global 0.0002 | Local 0.1003 | F1_macro 0.5450 | WorstLoss 4.0720
[Tracker] Ep   89 | AvgR 0.0000 | Global 0.0004 | Local 0.0880 | F1_macro 0.5514 | WorstLoss 4.0202
[Tracker] Ep   90 | AvgR 0.0000 | Global 0.0001 | Local 0.1181 | F1_macro 0.5440 | WorstLoss 4.1095
[Tracker] Saved snapshot: ep0090_phase1_class1
[Tracker] Ep   91 | AvgR 0.0000 | Global 0.0189 | Local 0.0750 | F1_macro 0.5518 | WorstLoss 3.6207
[Tracker] Ep   92 | AvgR 0.0000 | Global 0.0004 | Local 0.0995 | F1_macro 0.5368 | WorstLoss 4.0136
[Tracker] Ep   93 | AvgR 0.0000 | Global 0.0002 | Local 0.1140 | F1_macro 0.5601 | WorstLoss 4.1046
[Tracker] Ep   94 | AvgR 0.0000 | Global 0.0001 | Local 0.1071 | F1_macro 0.5274 | WorstLoss 4.1517
[Tracker] Ep   95 | AvgR 0.0000 | Global 0.0133 | Local 0.0926 | F1_macro 0.5507 | WorstLoss 3.6533
[Tracker] Saved snapshot: ep0095_phase1_class1
[Tracker] Ep   96 | AvgR 0.0000 | Global 0.0240 | Local 0.0931 | F1_macro 0.5370 | WorstLoss 3.5982
[Tracker] Ep   97 | AvgR 0.0000 | Global 0.0004 | Local 0.1190 | F1_macro 0.5395 | WorstLoss 4.0148
[Tracker] Ep   98 | AvgR 0.0001 | Global 0.1619 | Local 0.1155 | F1_macro 0.5355 | WorstLoss 3.3857
[Tracker] Ep   99 | AvgR 0.0000 | Global 0.0002 | Local 0.1220 | F1_macro 0.5380 | WorstLoss 4.0838
[Tracker] Ep  100 | AvgR 0.0000 | Global 0.0021 | Local 0.0895 | F1_macro 0.5630 | WorstLoss 3.8411
[Tracker] Saved snapshot: ep0100_phase1_class1
[Tracker] Ep  101 | AvgR 0.0000 | Global 0.0016 | Local 0.1014 | F1_macro 0.5424 | WorstLoss 3.8645
[Tracker] Ep  102 | AvgR 0.0000 | Global 0.0002 | Local 0.0860 | F1_macro 0.5560 | WorstLoss 4.0592
[Tracker] Ep  103 | AvgR 0.0000 | Global 0.0051 | Local 0.0882 | F1_macro 0.5369 | WorstLoss 3.7492
[Tracker] Ep  104 | AvgR 0.0000 | Global 0.0172 | Local 0.0951 | F1_macro 0.5424 | WorstLoss 3.6261
[Tracker] Ep  105 | AvgR 0.0001 | Global 0.0004 | Local 0.1527 | F1_macro 0.5095 | WorstLoss 4.0128
[Tracker] Saved snapshot: ep0105_phase1_class1
[Tracker] Ep  106 | AvgR 0.0000 | Global 0.0003 | Local 0.1352 | F1_macro 0.5163 | WorstLoss 4.0216
[Tracker] Ep  107 | AvgR 0.0000 | Global 0.0006 | Local 0.1319 | F1_macro 0.5213 | WorstLoss 3.9604
[Tracker] Ep  108 | AvgR 0.0000 | Global 0.0764 | Local 0.0340 | F1_macro 0.5059 | WorstLoss 3.4726
[Tracker] Ep  109 | AvgR 0.0000 | Global 0.0006 | Local 0.1008 | F1_macro 0.5343 | WorstLoss 3.9723
[Tracker] Ep  110 | AvgR 0.0000 | Global 0.0002 | Local 0.1062 | F1_macro 0.5244 | WorstLoss 4.0479
[Tracker] Saved snapshot: ep0110_phase1_class1
[Tracker] Ep  111 | AvgR 0.0000 | Global 0.0014 | Local 0.0939 | F1_macro 0.5376 | WorstLoss 3.8761
[Tracker] Ep  112 | AvgR 0.0000 | Global 0.0003 | Local 0.0997 | F1_macro 0.5377 | WorstLoss 4.0499
[Tracker] Ep  113 | AvgR 0.0000 | Global 0.0061 | Local 0.0769 | F1_macro 0.5382 | WorstLoss 3.7335
[Tracker] Ep  114 | AvgR 0.0000 | Global 0.0009 | Local 0.1190 | F1_macro 0.5230 | WorstLoss 3.9218
[Tracker] Ep  115 | AvgR 0.0001 | Global 0.1543 | Local 0.1027 | F1_macro 0.5045 | WorstLoss 3.3909
[Tracker] Saved snapshot: ep0115_phase1_class1
[Tracker] Ep  116 | AvgR 0.0000 | Global 0.0057 | Local 0.1241 | F1_macro 0.5139 | WorstLoss 3.7335
[Tracker] Ep  117 | AvgR 0.0000 | Global 0.0018 | Local 0.0930 | F1_macro 0.5010 | WorstLoss 3.8559
[Tracker] Ep  118 | AvgR 0.0000 | Global 0.0000 | Local 0.1194 | F1_macro 0.5510 | WorstLoss 4.2238
[Tracker] Ep  119 | AvgR 0.0000 | Global 0.0095 | Local 0.0986 | F1_macro 0.5603 | WorstLoss 3.6907
[Tracker] Ep  120 | AvgR 0.0000 | Global 0.0018 | Local 0.1055 | F1_macro 0.5634 | WorstLoss 3.8567
[Tracker] Saved snapshot: ep0120_phase1_class1
[Tracker] Ep  121 | AvgR 0.0000 | Global 0.0000 | Local 0.1102 | F1_macro 0.5230 | WorstLoss 4.3531
[Tracker] Ep  122 | AvgR 0.0000 | Global 0.0000 | Local 0.1104 | F1_macro 0.5391 | WorstLoss 4.2496
[Tracker] Ep  123 | AvgR 0.0000 | Global 0.0044 | Local 0.0823 | F1_macro 0.5562 | WorstLoss 3.7660
[Tracker] Ep  124 | AvgR 0.0000 | Global 0.0026 | Local 0.1074 | F1_macro 0.5383 | WorstLoss 3.8171
[Tracker] Ep  125 | AvgR 0.0000 | Global 0.0003 | Local 0.0897 | F1_macro 0.5296 | WorstLoss 4.0380
[Tracker] Saved snapshot: ep0125_phase1_class1
[Tracker] Ep  126 | AvgR 0.0000 | Global 0.0009 | Local 0.1457 | F1_macro 0.5119 | WorstLoss 3.9180
[Tracker] Ep  127 | AvgR 0.0001 | Global 0.0006 | Local 0.1629 | F1_macro 0.5302 | WorstLoss 3.9587
[Tracker] Ep  128 | AvgR 0.0000 | Global 0.0001 | Local 0.1286 | F1_macro 0.5393 | WorstLoss 4.1823
[Tracker] Ep  129 | AvgR 0.0000 | Global 0.0031 | Local 0.0864 | F1_macro 0.5021 | WorstLoss 3.8003
[Tracker] Ep  130 | AvgR 0.0000 | Global 0.0060 | Local 0.0907 | F1_macro 0.5214 | WorstLoss 3.7360
[Tracker] Saved snapshot: ep0130_phase1_class1
[Tracker] Ep  131 | AvgR 0.0000 | Global 0.0001 | Local 0.1378 | F1_macro 0.5216 | WorstLoss 4.1155
[Tracker] Ep  132 | AvgR 0.0000 | Global 0.0040 | Local 0.0784 | F1_macro 0.5436 | WorstLoss 3.7762
[Tracker] Ep  133 | AvgR 0.0000 | Global 0.0004 | Local 0.0848 | F1_macro 0.5721 | WorstLoss 4.0113
[Tracker] Ep  134 | AvgR 0.0000 | Global 0.0071 | Local 0.1218 | F1_macro 0.5314 | WorstLoss 3.7118
[Tracker] Ep  135 | AvgR 0.0000 | Global 0.0191 | Local 0.1232 | F1_macro 0.5120 | WorstLoss 3.6126
[Tracker] Saved snapshot: ep0135_phase1_class1
[Tracker] Ep  136 | AvgR 0.0000 | Global 0.0063 | Local 0.1146 | F1_macro 0.5299 | WorstLoss 3.7274
[Tracker] Ep  137 | AvgR 0.0000 | Global 0.0554 | Local 0.0739 | F1_macro 0.5200 | WorstLoss 3.5093
[Tracker] Ep  138 | AvgR 0.0000 | Global 0.0002 | Local 0.1233 | F1_macro 0.5290 | WorstLoss 4.0833
[Tracker] Ep  139 | AvgR 0.0000 | Global 0.0043 | Local 0.1106 | F1_macro 0.5196 | WorstLoss 3.7679
[Tracker] Ep  140 | AvgR 0.0000 | Global 0.0015 | Local 0.0920 | F1_macro 0.5001 | WorstLoss 3.8736
[Tracker] Saved snapshot: ep0140_phase1_class1
[Tracker] Ep  141 | AvgR 0.0000 | Global 0.0006 | Local 0.1037 | F1_macro 0.5150 | WorstLoss 3.9626
[Tracker] Ep  142 | AvgR 0.0000 | Global 0.0005 | Local 0.1177 | F1_macro 0.5325 | WorstLoss 3.9880
[Tracker] Ep  143 | AvgR 0.0000 | Global 0.0002 | Local 0.0994 | F1_macro 0.5099 | WorstLoss 4.0530
[Tracker] Ep  144 | AvgR 0.0000 | Global 0.0515 | Local 0.1037 | F1_macro 0.5048 | WorstLoss 3.5123
[Tracker] Ep  145 | AvgR 0.0000 | Global 0.0185 | Local 0.0704 | F1_macro 0.5383 | WorstLoss 3.6235
[Tracker] Saved snapshot: ep0145_phase1_class1
[Tracker] Ep  146 | AvgR 0.0000 | Global 0.0233 | Local 0.0650 | F1_macro 0.5063 | WorstLoss 3.5966
[Tracker] Ep  147 | AvgR 0.0000 | Global 0.0031 | Local 0.1114 | F1_macro 0.5202 | WorstLoss 3.7963
[Tracker] Ep  148 | AvgR 0.0000 | Global 0.0006 | Local 0.0991 | F1_macro 0.5410 | WorstLoss 3.9717
[Tracker] Ep  149 | AvgR 0.0000 | Global 0.0003 | Local 0.1005 | F1_macro 0.5428 | WorstLoss 4.0497
[Tracker] Ep  150 | AvgR 0.0000 | Global 0.0077 | Local 0.0813 | F1_macro 0.5212 | WorstLoss 3.7103
[Tracker] Saved snapshot: ep0150_phase1_class1
[Tracker] Ep  151 | AvgR 0.0000 | Global 0.0001 | Local 0.1209 | F1_macro 0.5337 | WorstLoss 4.1072
[Tracker] Ep  152 | AvgR 0.0000 | Global 0.0007 | Local 0.0932 | F1_macro 0.5315 | WorstLoss 3.9570
[Tracker] Ep  153 | AvgR 0.0000 | Global 0.0001 | Local 0.1225 | F1_macro 0.5259 | WorstLoss 4.2085
[Tracker] Ep  154 | AvgR 0.0000 | Global 0.0298 | Local 0.0921 | F1_macro 0.5328 | WorstLoss 3.5736
[Tracker] Ep  155 | AvgR 0.0000 | Global 0.0000 | Local 0.1125 | F1_macro 0.5500 | WorstLoss 4.3749
[Tracker] Saved snapshot: ep0155_phase1_class1
[Tracker] Ep  156 | AvgR 0.0000 | Global 0.0032 | Local 0.0725 | F1_macro 0.5242 | WorstLoss 3.7966
[Tracker] Ep  157 | AvgR 0.0000 | Global 0.0003 | Local 0.1086 | F1_macro 0.5068 | WorstLoss 4.0490
[Tracker] Ep  158 | AvgR 0.0000 | Global 0.0103 | Local 0.0576 | F1_macro 0.5518 | WorstLoss 3.6816
[Tracker] Ep  159 | AvgR 0.0001 | Global 0.0040 | Local 0.1548 | F1_macro 0.5307 | WorstLoss 3.7714
[Tracker] Ep  160 | AvgR 0.0000 | Global 0.0001 | Local 0.1161 | F1_macro 0.5174 | WorstLoss 4.1634
[Tracker] Saved snapshot: ep0160_phase1_class1
[Tracker] Ep  161 | AvgR 0.0002 | Global 0.7426 | Local 0.0952 | F1_macro 0.5183 | WorstLoss 3.1005
[Tracker] New BEST synthetic [phase1_class1] (by global.global_obj: 0.742620) saved.
[Tracker] BEST β weights [phase1_class1] saved -> training_runs/SPECv16_bias05_rl_credit_3seeds_EP800_PCA10_REWfairness_minID1_majID0_TRJ2000_REAL3000_BIAS0.05_GG202603180833_a8116e4e/seed_42/best_beta_state_dict_phase1_class1.pt
[Tracker] Ep  162 | AvgR 0.0000 | Global 0.0515 | Local 0.0634 | F1_macro 0.5018 | WorstLoss 3.5104
[Tracker] Ep  163 | AvgR 0.0002 | Global 0.9110 | Local 0.0677 | F1_macro 0.5623 | WorstLoss 2.9829
[Tracker] New BEST synthetic [phase1_class1] (by global.global_obj: 0.911011) saved.
[Tracker] BEST β weights [phase1_class1] saved -> training_runs/SPECv16_bias05_rl_credit_3seeds_EP800_PCA10_REWfairness_minID1_majID0_TRJ2000_REAL3000_BIAS0.05_GG202603180833_a8116e4e/seed_42/best_beta_state_dict_phase1_class1.pt
[Tracker] Ep  164 | AvgR 0.0001 | Global 0.3614 | Local 0.1447 | F1_macro 0.4963 | WorstLoss 3.2693
[Tracker] Ep  165 | AvgR 0.0002 | Global 0.6673 | Local 0.1163 | F1_macro 0.5391 | WorstLoss 3.1357
[Tracker] Saved snapshot: ep0165_phase1_class1
[Tracker] Ep  166 | AvgR 0.0001 | Global 0.2175 | Local 0.1265 | F1_macro 0.5175 | WorstLoss 3.3487
[Tracker] Ep  167 | AvgR 0.0000 | Global 0.0619 | Local 0.1111 | F1_macro 0.5548 | WorstLoss 3.4939
[Tracker] Ep  168 | AvgR 0.0000 | Global 0.0683 | Local 0.1063 | F1_macro 0.4860 | WorstLoss 3.4864
[Tracker] Ep  169 | AvgR 0.0000 | Global 0.0072 | Local 0.0810 | F1_macro 0.5287 | WorstLoss 3.7186
[Tracker] Ep  170 | AvgR 0.0001 | Global 0.4113 | Local 0.1246 | F1_macro 0.5324 | WorstLoss 3.2542
[Tracker] Saved snapshot: ep0170_phase1_class1
[Tracker] Ep  171 | AvgR 0.0001 | Global 0.3760 | Local 0.1335 | F1_macro 0.5414 | WorstLoss 3.2703
[Tracker] Ep  172 | AvgR 0.0001 | Global 0.3742 | Local 0.1124 | F1_macro 0.5472 | WorstLoss 3.2746
[Tracker] Ep  173 | AvgR 0.0001 | Global 0.1293 | Local 0.1745 | F1_macro 0.5121 | WorstLoss 3.4061
[Tracker] Ep  174 | AvgR 0.0001 | Global 0.1096 | Local 0.1569 | F1_macro 0.5277 | WorstLoss 3.4293
[Tracker] Ep  175 | AvgR 0.0001 | Global 0.0961 | Local 0.1079 | F1_macro 0.5619 | WorstLoss 3.4547
[Tracker] Saved snapshot: ep0175_phase1_class1
[Tracker] Ep  176 | AvgR 0.0001 | Global 0.3219 | Local 0.1467 | F1_macro 0.5316 | WorstLoss 3.2914
[Tracker] Ep  177 | AvgR 0.0001 | Global 0.0057 | Local 0.1714 | F1_macro 0.5268 | WorstLoss 3.7338
[Tracker] Ep  178 | AvgR 0.0001 | Global 0.0520 | Local 0.1375 | F1_macro 0.5365 | WorstLoss 3.5142
[Tracker] Ep  179 | AvgR 0.0002 | Global 0.6429 | Local 0.1443 | F1_macro 0.5328 | WorstLoss 3.1549
[Tracker] Ep  180 | AvgR 0.0001 | Global 0.4551 | Local 0.1155 | F1_macro 0.5235 | WorstLoss 3.2300
[Tracker] Saved snapshot: ep0180_phase1_class1
[Tracker] Ep  181 | AvgR 0.0001 | Global 0.1050 | Local 0.1085 | F1_macro 0.5612 | WorstLoss 3.4410
[Tracker] Ep  182 | AvgR 0.0000 | Global 0.0347 | Local 0.0921 | F1_macro 0.5109 | WorstLoss 3.5500
[Tracker] Ep  183 | AvgR 0.0001 | Global 0.0629 | Local 0.1601 | F1_macro 0.5529 | WorstLoss 3.4918
[Tracker] Ep  184 | AvgR 0.0001 | Global 0.0745 | Local 0.1623 | F1_macro 0.5484 | WorstLoss 3.4740
[Tracker] Ep  185 | AvgR 0.0001 | Global 0.0208 | Local 0.1788 | F1_macro 0.5188 | WorstLoss 3.6070
[Tracker] Saved snapshot: ep0185_phase1_class1
[Tracker] Ep  186 | AvgR 0.0001 | Global 0.0044 | Local 0.1798 | F1_macro 0.5627 | WorstLoss 3.7677
[Tracker] Ep  187 | AvgR 0.0001 | Global 0.3678 | Local 0.1426 | F1_macro 0.5267 | WorstLoss 3.2718
[Tracker] Ep  188 | AvgR 0.0001 | Global 0.0486 | Local 0.1638 | F1_macro 0.5763 | WorstLoss 3.5230
[Tracker] Ep  189 | AvgR 0.0001 | Global 0.1192 | Local 0.1637 | F1_macro 0.5355 | WorstLoss 3.4222
[Tracker] Ep  190 | AvgR 0.0001 | Global 0.5698 | Local 0.1504 | F1_macro 0.5288 | WorstLoss 3.1883
[Tracker] Saved snapshot: ep0190_phase1_class1
[Tracker] Ep  191 | AvgR 0.0001 | Global 0.5689 | Local 0.1476 | F1_macro 0.5657 | WorstLoss 3.1912
[Tracker] Ep  192 | AvgR 0.0001 | Global 0.0007 | Local 0.1728 | F1_macro 0.5162 | WorstLoss 3.9499
[Tracker] Ep  193 | AvgR 0.0001 | Global 0.1872 | Local 0.1534 | F1_macro 0.5212 | WorstLoss 3.3706
[Tracker] Ep  194 | AvgR 0.0001 | Global 0.1501 | Local 0.1382 | F1_macro 0.5380 | WorstLoss 3.3967
[Tracker] Ep  195 | AvgR 0.0001 | Global 0.0290 | Local 0.1698 | F1_macro 0.5753 | WorstLoss 3.5776
[Tracker] Saved snapshot: ep0195_phase1_class1
[Tracker] Ep  196 | AvgR 0.0001 | Global 0.1702 | Local 0.1484 | F1_macro 0.5178 | WorstLoss 3.3760
[Tracker] Ep  197 | AvgR 0.0001 | Global 0.0957 | Local 0.1609 | F1_macro 0.5556 | WorstLoss 3.4503
[Tracker] Ep  198 | AvgR 0.0001 | Global 0.5989 | Local 0.1124 | F1_macro 0.5191 | WorstLoss 3.1655
[Tracker] Ep  199 | AvgR 0.0000 | Global 0.0407 | Local 0.1171 | F1_macro 0.5628 | WorstLoss 3.5436
[Tracker] Ep  200 | AvgR 0.0001 | Global 0.0128 | Local 0.1830 | F1_macro 0.5146 | WorstLoss 3.6568
[Tracker] Saved snapshot: ep0200_phase1_class1
[Tracker] Ep  201 | AvgR 0.0001 | Global 0.0121 | Local 0.1767 | F1_macro 0.5495 | WorstLoss 3.6635
[Tracker] Ep  202 | AvgR 0.0001 | Global 0.0120 | Local 0.1928 | F1_macro 0.5630 | WorstLoss 3.6675
[Tracker] Ep  203 | AvgR 0.0000 | Global 0.0066 | Local 0.1382 | F1_macro 0.4998 | WorstLoss 3.7169
[Tracker] Ep  204 | AvgR 0.0002 | Global 0.8472 | Local 0.1579 | F1_macro 0.5547 | WorstLoss 3.0021
[Tracker] Ep  205 | AvgR 0.0001 | Global 0.0327 | Local 0.1414 | F1_macro 0.5312 | WorstLoss 3.5598
[Tracker] Saved snapshot: ep0205_phase1_class1
[Tracker] Ep  206 | AvgR 0.0002 | Global 0.6933 | Local 0.1293 | F1_macro 0.5432 | WorstLoss 3.1207
[Tracker] Ep  207 | AvgR 0.0001 | Global 0.0822 | Local 0.1391 | F1_macro 0.5546 | WorstLoss 3.4682
[Tracker] Ep  208 | AvgR 0.0001 | Global 0.0059 | Local 0.1907 | F1_macro 0.5624 | WorstLoss 3.7349
[Tracker] Ep  209 | AvgR 0.0001 | Global 0.0010 | Local 0.1788 | F1_macro 0.5122 | WorstLoss 3.9076
[Tracker] Ep  210 | AvgR 0.0001 | Global 0.5693 | Local 0.1429 | F1_macro 0.5490 | WorstLoss 3.1858
[Tracker] Saved snapshot: ep0210_phase1_class1
[Tracker] Ep  211 | AvgR 0.0002 | Global 0.7694 | Local 0.1097 | F1_macro 0.5527 | WorstLoss 3.0834
[Tracker] Ep  212 | AvgR 0.0001 | Global 0.0014 | Local 0.1823 | F1_macro 0.5213 | WorstLoss 3.8737
[Tracker] Ep  213 | AvgR 0.0001 | Global 0.0398 | Local 0.2067 | F1_macro 0.5230 | WorstLoss 3.5332
[Tracker] Ep  214 | AvgR 0.0001 | Global 0.0570 | Local 0.1688 | F1_macro 0.5608 | WorstLoss 3.5059
[Tracker] Ep  215 | AvgR 0.0001 | Global 0.0937 | Local 0.1435 | F1_macro 0.4969 | WorstLoss 3.4485
[Tracker] Saved snapshot: ep0215_phase1_class1
[Tracker] Ep  216 | AvgR 0.0000 | Global 0.0192 | Local 0.1094 | F1_macro 0.5622 | WorstLoss 3.6208
[Tracker] Ep  217 | AvgR 0.0001 | Global 0.0245 | Local 0.1638 | F1_macro 0.5252 | WorstLoss 3.5870
[Tracker] Ep  218 | AvgR 0.0001 | Global 0.1104 | Local 0.1052 | F1_macro 0.5768 | WorstLoss 3.4382
[Tracker] Ep  219 | AvgR 0.0000 | Global 0.0269 | Local 0.1331 | F1_macro 0.5896 | WorstLoss 3.5838
[Tracker] Ep  220 | AvgR 0.0001 | Global 0.0610 | Local 0.1396 | F1_macro 0.5693 | WorstLoss 3.4952
[Tracker] Saved snapshot: ep0220_phase1_class1
[Tracker] Ep  221 | AvgR 0.0002 | Global 0.6021 | Local 0.1664 | F1_macro 0.5227 | WorstLoss 3.1615
[Tracker] Ep  222 | AvgR 0.0001 | Global 0.0723 | Local 0.1575 | F1_macro 0.5516 | WorstLoss 3.4781
[Tracker] Ep  223 | AvgR 0.0001 | Global 0.0069 | Local 0.1639 | F1_macro 0.5163 | WorstLoss 3.7182
[Tracker] Ep  224 | AvgR 0.0001 | Global 0.0007 | Local 0.1607 | F1_macro 0.5607 | WorstLoss 3.9560
[Tracker] Ep  225 | AvgR 0.0001 | Global 0.2839 | Local 0.1789 | F1_macro 0.5227 | WorstLoss 3.3106
[Tracker] Saved snapshot: ep0225_phase1_class1
[Tracker] Ep  226 | AvgR 0.0001 | Global 0.0228 | Local 0.1835 | F1_macro 0.5601 | WorstLoss 3.6012
[Tracker] Ep  227 | AvgR 0.0001 | Global 0.0021 | Local 0.2149 | F1_macro 0.5051 | WorstLoss 3.8338
[Tracker] Ep  228 | AvgR 0.0001 | Global 0.1666 | Local 0.1660 | F1_macro 0.5563 | WorstLoss 3.3860
[Tracker] Ep  229 | AvgR 0.0001 | Global 0.0494 | Local 0.1285 | F1_macro 0.5711 | WorstLoss 3.5210
[Tracker] Ep  230 | AvgR 0.0001 | Global 0.1156 | Local 0.2083 | F1_macro 0.5433 | WorstLoss 3.4291
[Tracker] Saved snapshot: ep0230_phase1_class1
[Tracker] Ep  231 | AvgR 0.0001 | Global 0.0846 | Local 0.1587 | F1_macro 0.5569 | WorstLoss 3.4628
[Tracker] Ep  232 | AvgR 0.0001 | Global 0.0013 | Local 0.1624 | F1_macro 0.5015 | WorstLoss 3.8812
[Tracker] Ep  233 | AvgR 0.0001 | Global 0.1903 | Local 0.1417 | F1_macro 0.5478 | WorstLoss 3.3654
[Tracker] Ep  234 | AvgR 0.0001 | Global 0.0524 | Local 0.1485 | F1_macro 0.5442 | WorstLoss 3.5091
[Tracker] Ep  235 | AvgR 0.0002 | Global 0.7265 | Local 0.0864 | F1_macro 0.4821 | WorstLoss 3.0777
[Tracker] Saved snapshot: ep0235_phase1_class1
[Tracker] Ep  236 | AvgR 0.0001 | Global 0.0642 | Local 0.1702 | F1_macro 0.5454 | WorstLoss 3.4866
[Tracker] Ep  237 | AvgR 0.0000 | Global 0.0049 | Local 0.1374 | F1_macro 0.5234 | WorstLoss 3.7505
[Tracker] Ep  238 | AvgR 0.0001 | Global 0.0045 | Local 0.1861 | F1_macro 0.5411 | WorstLoss 3.7602
[Tracker] Ep  239 | AvgR 0.0001 | Global 0.2096 | Local 0.1432 | F1_macro 0.5158 | WorstLoss 3.3535
[Tracker] Ep  240 | AvgR 0.0001 | Global 0.0472 | Local 0.1377 | F1_macro 0.5241 | WorstLoss 3.5215
[Tracker] Saved snapshot: ep0240_phase1_class1
[Tracker] Ep  241 | AvgR 0.0001 | Global 0.0159 | Local 0.1712 | F1_macro 0.5406 | WorstLoss 3.6345
[Tracker] Ep  242 | AvgR 0.0001 | Global 0.0079 | Local 0.1985 | F1_macro 0.5237 | WorstLoss 3.7045
[Tracker] Ep  243 | AvgR 0.0001 | Global 0.0371 | Local 0.1716 | F1_macro 0.5525 | WorstLoss 3.5481
[Tracker] Ep  244 | AvgR 0.0001 | Global 0.5344 | Local 0.1123 | F1_macro 0.5758 | WorstLoss 3.2022
[Tracker] Ep  245 | AvgR 0.0001 | Global 0.4379 | Local 0.1430 | F1_macro 0.5203 | WorstLoss 3.2437
[Tracker] Saved snapshot: ep0245_phase1_class1
[Tracker] Ep  246 | AvgR 0.0001 | Global 0.1331 | Local 0.1422 | F1_macro 0.5406 | WorstLoss 3.4079
[Tracker] Ep  247 | AvgR 0.0000 | Global 0.0156 | Local 0.0958 | F1_macro 0.5031 | WorstLoss 3.6356
[Tracker] Ep  248 | AvgR 0.0001 | Global 0.4058 | Local 0.1475 | F1_macro 0.5313 | WorstLoss 3.2556
[Tracker] Ep  249 | AvgR 0.0001 | Global 0.0667 | Local 0.2324 | F1_macro 0.5525 | WorstLoss 3.4838
[Tracker] Ep  250 | AvgR 0.0001 | Global 0.1429 | Local 0.1919 | F1_macro 0.5488 | WorstLoss 3.3963
[Tracker] Saved snapshot: ep0250_phase1_class1
[Tracker] Ep  251 | AvgR 0.0001 | Global 0.0396 | Local 0.1782 | F1_macro 0.5153 | WorstLoss 3.5432
[Tracker] Ep  252 | AvgR 0.0001 | Global 0.0010 | Local 0.1886 | F1_macro 0.5391 | WorstLoss 3.9102
[Tracker] Ep  253 | AvgR 0.0001 | Global 0.0036 | Local 0.1896 | F1_macro 0.5297 | WorstLoss 3.7844
[Tracker] Ep  254 | AvgR 0.0001 | Global 0.3259 | Local 0.1147 | F1_macro 0.5562 | WorstLoss 3.2952
[Tracker] Ep  255 | AvgR 0.0001 | Global 0.0045 | Local 0.1782 | F1_macro 0.5217 | WorstLoss 3.7622
[Tracker] Saved snapshot: ep0255_phase1_class1
[Tracker] Ep  256 | AvgR 0.0001 | Global 0.1769 | Local 0.1577 | F1_macro 0.5588 | WorstLoss 3.3784
[Tracker] Ep  257 | AvgR 0.0001 | Global 0.2885 | Local 0.2166 | F1_macro 0.5330 | WorstLoss 3.3020
[Tracker] Ep  258 | AvgR 0.0001 | Global 0.0356 | Local 0.2080 | F1_macro 0.5281 | WorstLoss 3.5489
[Tracker] Ep  259 | AvgR 0.0001 | Global 0.2120 | Local 0.1621 | F1_macro 0.5170 | WorstLoss 3.3552
[Tracker] Ep  260 | AvgR 0.0001 | Global 0.2970 | Local 0.1433 | F1_macro 0.5583 | WorstLoss 3.3026
[Tracker] Saved snapshot: ep0260_phase1_class1
[Tracker] Ep  261 | AvgR 0.0002 | Global 0.7762 | Local 0.1555 | F1_macro 0.5574 | WorstLoss 3.0641
[Tracker] Ep  262 | AvgR 0.0001 | Global 0.0170 | Local 0.1939 | F1_macro 0.5634 | WorstLoss 3.6308
[Tracker] Ep  263 | AvgR 0.0001 | Global 0.3788 | Local 0.1999 | F1_macro 0.5220 | WorstLoss 3.2680
[Tracker] Ep  264 | AvgR 0.0001 | Global 0.0013 | Local 0.1685 | F1_macro 0.4998 | WorstLoss 3.8787
[Tracker] Ep  265 | AvgR 0.0001 | Global 0.2119 | Local 0.1755 | F1_macro 0.5383 | WorstLoss 3.3558
[Tracker] Saved snapshot: ep0265_phase1_class1
[Tracker] Ep  266 | AvgR 0.0001 | Global 0.0813 | Local 0.1457 | F1_macro 0.5147 | WorstLoss 3.4636
[Tracker] Ep  267 | AvgR 0.0001 | Global 0.0657 | Local 0.1714 | F1_macro 0.5439 | WorstLoss 3.4883
[Tracker] Ep  268 | AvgR 0.0001 | Global 0.2927 | Local 0.1940 | F1_macro 0.5162 | WorstLoss 3.3030
[Tracker] Ep  269 | AvgR 0.0001 | Global 0.0281 | Local 0.1915 | F1_macro 0.5532 | WorstLoss 3.5771
[Tracker] Ep  270 | AvgR 0.0001 | Global 0.5045 | Local 0.1544 | F1_macro 0.5702 | WorstLoss 3.2189
[Tracker] Saved snapshot: ep0270_phase1_class1
[Tracker] Ep  271 | AvgR 0.0001 | Global 0.0593 | Local 0.1759 | F1_macro 0.5531 | WorstLoss 3.4975
[Tracker] Ep  272 | AvgR 0.0001 | Global 0.2730 | Local 0.1394 | F1_macro 0.5376 | WorstLoss 3.3216
[Tracker] Ep  273 | AvgR 0.0001 | Global 0.1339 | Local 0.1930 | F1_macro 0.5539 | WorstLoss 3.4087
[Tracker] Ep  274 | AvgR 0.0001 | Global 0.0035 | Local 0.1793 | F1_macro 0.5465 | WorstLoss 3.7851
[Tracker] Ep  275 | AvgR 0.0001 | Global 0.0378 | Local 0.1403 | F1_macro 0.5547 | WorstLoss 3.5487
[Tracker] Saved snapshot: ep0275_phase1_class1
[Tracker] Ep  276 | AvgR 0.0001 | Global 0.0102 | Local 0.2057 | F1_macro 0.5635 | WorstLoss 3.6801
[Tracker] Ep  277 | AvgR 0.0001 | Global 0.0132 | Local 0.1884 | F1_macro 0.5565 | WorstLoss 3.6541
[Tracker] Ep  278 | AvgR 0.0001 | Global 0.0017 | Local 0.2063 | F1_macro 0.5067 | WorstLoss 3.8604
[Tracker] Ep  279 | AvgR 0.0001 | Global 0.3071 | Local 0.1274 | F1_macro 0.5299 | WorstLoss 3.3062
[Tracker] Ep  280 | AvgR 0.0000 | Global 0.0054 | Local 0.1549 | F1_macro 0.5311 | WorstLoss 3.7424
[Tracker] Saved snapshot: ep0280_phase1_class1
[Tracker] Ep  281 | AvgR 0.0001 | Global 0.3264 | Local 0.1398 | F1_macro 0.5257 | WorstLoss 3.2850
[Tracker] Ep  282 | AvgR 0.0001 | Global 0.0901 | Local 0.1870 | F1_macro 0.5544 | WorstLoss 3.4531
[Tracker] Ep  283 | AvgR 0.0002 | Global 0.6494 | Local 0.1462 | F1_macro 0.5570 | WorstLoss 3.1467
[Tracker] Ep  284 | AvgR 0.0002 | Global 0.5503 | Local 0.1720 | F1_macro 0.5390 | WorstLoss 3.1872
[Tracker] Ep  285 | AvgR 0.0001 | Global 0.0373 | Local 0.1788 | F1_macro 0.5592 | WorstLoss 3.5494
[Tracker] Saved snapshot: ep0285_phase1_class1
[Tracker] Ep  286 | AvgR 0.0001 | Global 0.0380 | Local 0.1870 | F1_macro 0.5531 | WorstLoss 3.5466
[Tracker] Ep  287 | AvgR 0.0001 | Global 0.1175 | Local 0.1781 | F1_macro 0.5401 | WorstLoss 3.4248
[Tracker] Ep  288 | AvgR 0.0001 | Global 0.1690 | Local 0.1584 | F1_macro 0.5509 | WorstLoss 3.3810
[Tracker] Ep  289 | AvgR 0.0001 | Global 0.1456 | Local 0.1276 | F1_macro 0.5473 | WorstLoss 3.3996
[Tracker] Ep  290 | AvgR 0.0001 | Global 0.0018 | Local 0.2290 | F1_macro 0.5436 | WorstLoss 3.8527
[Tracker] Saved snapshot: ep0290_phase1_class1
[Tracker] Ep  291 | AvgR 0.0000 | Global 0.0011 | Local 0.1572 | F1_macro 0.5378 | WorstLoss 3.9076
[Tracker] Ep  292 | AvgR 0.0001 | Global 0.0102 | Local 0.2273 | F1_macro 0.5327 | WorstLoss 3.6774
[Tracker] Ep  293 | AvgR 0.0001 | Global 0.0289 | Local 0.1546 | F1_macro 0.5300 | WorstLoss 3.5732
[Tracker] Ep  294 | AvgR 0.0001 | Global 0.0967 | Local 0.1704 | F1_macro 0.5561 | WorstLoss 3.4448
[Tracker] Ep  295 | AvgR 0.0000 | Global 0.0009 | Local 0.1492 | F1_macro 0.5456 | WorstLoss 3.9219
[Tracker] Saved snapshot: ep0295_phase1_class1
[Tracker] Ep  296 | AvgR 0.0001 | Global 0.1080 | Local 0.1834 | F1_macro 0.5670 | WorstLoss 3.4340
[Tracker] Ep  297 | AvgR 0.0001 | Global 0.0241 | Local 0.1459 | F1_macro 0.5274 | WorstLoss 3.5901
[Tracker] Ep  298 | AvgR 0.0001 | Global 0.1360 | Local 0.1512 | F1_macro 0.5120 | WorstLoss 3.4022
[Tracker] Ep  299 | AvgR 0.0001 | Global 0.0041 | Local 0.2199 | F1_macro 0.5411 | WorstLoss 3.7717
[Tracker] Ep  300 | AvgR 0.0001 | Global 0.1020 | Local 0.1639 | F1_macro 0.5562 | WorstLoss 3.4435
[Tracker] Saved snapshot: ep0300_phase1_class1
[Tracker] Ep  301 | AvgR 0.0001 | Global 0.0423 | Local 0.1598 | F1_macro 0.5220 | WorstLoss 3.5332
[Tracker] Ep  302 | AvgR 0.0001 | Global 0.2123 | Local 0.1716 | F1_macro 0.5409 | WorstLoss 3.3516
[Tracker] Ep  303 | AvgR 0.0001 | Global 0.1468 | Local 0.1599 | F1_macro 0.5264 | WorstLoss 3.3951
[Tracker] Ep  304 | AvgR 0.0001 | Global 0.4354 | Local 0.1273 | F1_macro 0.5519 | WorstLoss 3.2454
[Tracker] Ep  305 | AvgR 0.0001 | Global 0.2500 | Local 0.1545 | F1_macro 0.5617 | WorstLoss 3.3320
[Tracker] Saved snapshot: ep0305_phase1_class1
[Tracker] Ep  306 | AvgR 0.0001 | Global 0.1639 | Local 0.1790 | F1_macro 0.5419 | WorstLoss 3.3837
[Tracker] Ep  307 | AvgR 0.0002 | Global 0.8513 | Local 0.2138 | F1_macro 0.5273 | WorstLoss 2.9489
[Tracker] Ep  308 | AvgR 0.0001 | Global 0.0117 | Local 0.1726 | F1_macro 0.5407 | WorstLoss 3.6634
[Tracker] Ep  309 | AvgR 0.0001 | Global 0.1719 | Local 0.1446 | F1_macro 0.5668 | WorstLoss 3.3795
[Tracker] Ep  310 | AvgR 0.0001 | Global 0.0256 | Local 0.1738 | F1_macro 0.5273 | WorstLoss 3.5860
[Tracker] Saved snapshot: ep0310_phase1_class1
[Tracker] Ep  311 | AvgR 0.0002 | Global 0.7155 | Local 0.1525 | F1_macro 0.5405 | WorstLoss 3.1013
[Tracker] Ep  312 | AvgR 0.0001 | Global 0.2025 | Local 0.1627 | F1_macro 0.5303 | WorstLoss 3.3532
[Tracker] Ep  313 | AvgR 0.0002 | Global 0.6466 | Local 0.1606 | F1_macro 0.5201 | WorstLoss 3.1337
[Tracker] Ep  314 | AvgR 0.0001 | Global 0.0019 | Local 0.2176 | F1_macro 0.5364 | WorstLoss 3.8454
[Tracker] Ep  315 | AvgR 0.0001 | Global 0.1643 | Local 0.1419 | F1_macro 0.5446 | WorstLoss 3.3868
[Tracker] Saved snapshot: ep0315_phase1_class1
[Tracker] Ep  316 | AvgR 0.0001 | Global 0.0058 | Local 0.2143 | F1_macro 0.4958 | WorstLoss 3.7347
[Tracker] Ep  317 | AvgR 0.0001 | Global 0.4453 | Local 0.1396 | F1_macro 0.5323 | WorstLoss 3.2336
[Tracker] Ep  318 | AvgR 0.0001 | Global 0.0942 | Local 0.1936 | F1_macro 0.5608 | WorstLoss 3.4489
[Tracker] Ep  319 | AvgR 0.0001 | Global 0.0996 | Local 0.1892 | F1_macro 0.5544 | WorstLoss 3.4447
[Tracker] Ep  320 | AvgR 0.0001 | Global 0.0582 | Local 0.1775 | F1_macro 0.5440 | WorstLoss 3.5007
[Tracker] Saved snapshot: ep0320_phase1_class1
[Tracker] Ep  321 | AvgR 0.0002 | Global 0.7773 | Local 0.1395 | F1_macro 0.5308 | WorstLoss 3.0722
[Tracker] Ep  322 | AvgR 0.0001 | Global 0.4441 | Local 0.1503 | F1_macro 0.5261 | WorstLoss 3.2308
[Tracker] Ep  323 | AvgR 0.0002 | Global 0.8224 | Local 0.1543 | F1_macro 0.5355 | WorstLoss 2.9860
[Tracker] Ep  324 | AvgR 0.0002 | Global 0.5968 | Local 0.2192 | F1_macro 0.5205 | WorstLoss 3.1602
[Tracker] Ep  325 | AvgR 0.0001 | Global 0.1175 | Local 0.1527 | F1_macro 0.5162 | WorstLoss 3.4204
[Tracker] Saved snapshot: ep0325_phase1_class1
[Tracker] Ep  326 | AvgR 0.0002 | Global 0.8250 | Local 0.1142 | F1_macro 0.5362 | WorstLoss 3.0144
[Tracker] Ep  327 | AvgR 0.0001 | Global 0.2172 | Local 0.2240 | F1_macro 0.4947 | WorstLoss 3.3435
[Tracker] Ep  328 | AvgR 0.0001 | Global 0.1682 | Local 0.1537 | F1_macro 0.5055 | WorstLoss 3.3744
[Tracker] Ep  329 | AvgR 0.0002 | Global 0.8714 | Local 0.1390 | F1_macro 0.5264 | WorstLoss 2.9227
[Tracker] Ep  330 | AvgR 0.0002 | Global 0.8765 | Local 0.1182 | F1_macro 0.5474 | WorstLoss 2.7746
[Tracker] Saved snapshot: ep0330_phase1_class1
[Tracker] Ep  331 | AvgR 0.0001 | Global 0.2213 | Local 0.1381 | F1_macro 0.5439 | WorstLoss 3.3456
[Tracker] Ep  332 | AvgR 0.0002 | Global 0.7192 | Local 0.1258 | F1_macro 0.5155 | WorstLoss 3.1072
[Tracker] Ep  333 | AvgR 0.0002 | Global 0.7741 | Local 0.1688 | F1_macro 0.5047 | WorstLoss 3.0013
[Tracker] Ep  334 | AvgR 0.0001 | Global 0.5212 | Local 0.0850 | F1_macro 0.5405 | WorstLoss 3.2041
[Tracker] Ep  335 | AvgR 0.0002 | Global 0.7604 | Local 0.1551 | F1_macro 0.5198 | WorstLoss 3.0588
[Tracker] Saved snapshot: ep0335_phase1_class1
[Tracker] Ep  336 | AvgR 0.0001 | Global 0.0316 | Local 0.1778 | F1_macro 0.5139 | WorstLoss 3.5608
[Tracker] Ep  337 | AvgR 0.0002 | Global 0.5358 | Local 0.1762 | F1_macro 0.4988 | WorstLoss 3.1792
[Tracker] Ep  338 | AvgR 0.0002 | Global 0.7632 | Local 0.1195 | F1_macro 0.5280 | WorstLoss 3.0718
[Tracker] Ep  339 | AvgR 0.0002 | Global 0.6508 | Local 0.1426 | F1_macro 0.5456 | WorstLoss 3.1468
[Tracker] Ep  340 | AvgR 0.0001 | Global 0.0434 | Local 0.2242 | F1_macro 0.5116 | WorstLoss 3.5277
[Tracker] Saved snapshot: ep0340_phase1_class1
[Tracker] Ep  341 | AvgR 0.0001 | Global 0.2276 | Local 0.1890 | F1_macro 0.5102 | WorstLoss 3.3290
[Tracker] Ep  342 | AvgR 0.0002 | Global 0.7188 | Local 0.1452 | F1_macro 0.5220 | WorstLoss 3.0916
[Tracker] Ep  343 | AvgR 0.0002 | Global 0.8096 | Local 0.1055 | F1_macro 0.5080 | WorstLoss 3.0097
[Tracker] Ep  344 | AvgR 0.0001 | Global 0.4308 | Local 0.1870 | F1_macro 0.5127 | WorstLoss 3.2293
[Tracker] Ep  345 | AvgR 0.0002 | Global 0.5970 | Local 0.1291 | F1_macro 0.5078 | WorstLoss 3.1501
[Tracker] Saved snapshot: ep0345_phase1_class1
[Tracker] Ep  346 | AvgR 0.0002 | Global 0.8058 | Local 0.1975 | F1_macro 0.5152 | WorstLoss 2.9210
[Tracker] Ep  347 | AvgR 0.0001 | Global 0.3085 | Local 0.1949 | F1_macro 0.5131 | WorstLoss 3.2954
[Tracker] Ep  348 | AvgR 0.0001 | Global 0.3671 | Local 0.1994 | F1_macro 0.5267 | WorstLoss 3.2615
[Tracker] Ep  349 | AvgR 0.0002 | Global 0.8280 | Local 0.1811 | F1_macro 0.5233 | WorstLoss 2.7818
[Tracker] Ep  350 | AvgR 0.0001 | Global 0.4251 | Local 0.1513 | F1_macro 0.5121 | WorstLoss 3.2411
[Tracker] Saved snapshot: ep0350_phase1_class1
[Tracker] Ep  351 | AvgR 0.0002 | Global 0.7017 | Local 0.1645 | F1_macro 0.5435 | WorstLoss 3.1005
[Tracker] Ep  352 | AvgR 0.0001 | Global 0.0696 | Local 0.1692 | F1_macro 0.5144 | WorstLoss 3.4797
[Tracker] Ep  353 | AvgR 0.0002 | Global 0.5844 | Local 0.1420 | F1_macro 0.5176 | WorstLoss 3.1729
[Tracker] Ep  354 | AvgR 0.0001 | Global 0.4913 | Local 0.1621 | F1_macro 0.5108 | WorstLoss 3.2078
[Tracker] Ep  355 | AvgR 0.0002 | Global 0.8851 | Local 0.1274 | F1_macro 0.5523 | WorstLoss 2.8599
[Tracker] Saved snapshot: ep0355_phase1_class1
[Tracker] Ep  356 | AvgR 0.0002 | Global 0.8528 | Local 0.1401 | F1_macro 0.5117 | WorstLoss 2.8551
[Tracker] Ep  357 | AvgR 0.0002 | Global 0.7719 | Local 0.1553 | F1_macro 0.5111 | WorstLoss 2.9982
[Tracker] Ep  358 | AvgR 0.0001 | Global 0.0731 | Local 0.1391 | F1_macro 0.5097 | WorstLoss 3.4821
[Tracker] Ep  359 | AvgR 0.0002 | Global 0.5975 | Local 0.1425 | F1_macro 0.5256 | WorstLoss 3.1497
[Tracker] Ep  360 | AvgR 0.0002 | Global 0.7789 | Local 0.1391 | F1_macro 0.5338 | WorstLoss 3.0580
[Tracker] Saved snapshot: ep0360_phase1_class1
[Tracker] Ep  361 | AvgR 0.0002 | Global 0.8819 | Local 0.1558 | F1_macro 0.5480 | WorstLoss 2.8788
[Tracker] Ep  362 | AvgR 0.0001 | Global 0.4264 | Local 0.1894 | F1_macro 0.5024 | WorstLoss 3.2276
[Tracker] Ep  363 | AvgR 0.0001 | Global 0.1229 | Local 0.1518 | F1_macro 0.5266 | WorstLoss 3.4154
[Tracker] Ep  364 | AvgR 0.0001 | Global 0.2856 | Local 0.1921 | F1_macro 0.5243 | WorstLoss 3.3080
[Tracker] Ep  365 | AvgR 0.0001 | Global 0.1299 | Local 0.1627 | F1_macro 0.5696 | WorstLoss 3.4122
[Tracker] Saved snapshot: ep0365_phase1_class1
[Tracker] Ep  366 | AvgR 0.0001 | Global 0.2893 | Local 0.1886 | F1_macro 0.5054 | WorstLoss 3.2984
[Tracker] Ep  367 | AvgR 0.0001 | Global 0.1172 | Local 0.1228 | F1_macro 0.4959 | WorstLoss 3.4214
[Tracker] Ep  368 | AvgR 0.0002 | Global 0.8644 | Local 0.0933 | F1_macro 0.5174 | WorstLoss 2.9365
[Tracker] Ep  369 | AvgR 0.0001 | Global 0.1995 | Local 0.1559 | F1_macro 0.5146 | WorstLoss 3.3549
[Tracker] Ep  370 | AvgR 0.0001 | Global 0.2645 | Local 0.1479 | F1_macro 0.5451 | WorstLoss 3.3188
[Tracker] Saved snapshot: ep0370_phase1_class1
[Tracker] Ep  371 | AvgR 0.0002 | Global 0.7775 | Local 0.1543 | F1_macro 0.5258 | WorstLoss 3.0086
[Tracker] Ep  372 | AvgR 0.0001 | Global 0.5419 | Local 0.1327 | F1_macro 0.5391 | WorstLoss 3.1871
[Tracker] Ep  373 | AvgR 0.0001 | Global 0.1163 | Local 0.1566 | F1_macro 0.5124 | WorstLoss 3.4159
[Tracker] Ep  374 | AvgR 0.0001 | Global 0.4531 | Local 0.1452 | F1_macro 0.5460 | WorstLoss 3.2341
[Tracker] Ep  375 | AvgR 0.0001 | Global 0.3977 | Local 0.1575 | F1_macro 0.5352 | WorstLoss 3.2488
[Tracker] Saved snapshot: ep0375_phase1_class1
[Tracker] Ep  376 | AvgR 0.0002 | Global 0.8160 | Local 0.1196 | F1_macro 0.5239 | WorstLoss 3.0194
[Tracker] Ep  377 | AvgR 0.0002 | Global 0.8041 | Local 0.1498 | F1_macro 0.5253 | WorstLoss 3.0227
[Tracker] Ep  378 | AvgR 0.0001 | Global 0.2383 | Local 0.1348 | F1_macro 0.5149 | WorstLoss 3.3352
[Tracker] Ep  379 | AvgR 0.0002 | Global 0.8031 | Local 0.1382 | F1_macro 0.5594 | WorstLoss 3.0456
[Tracker] Ep  380 | AvgR 0.0002 | Global 0.5983 | Local 0.1235 | F1_macro 0.5064 | WorstLoss 3.1598
[Tracker] Saved snapshot: ep0380_phase1_class1
[Tracker] Ep  381 | AvgR 0.0002 | Global 0.9181 | Local 0.1163 | F1_macro 0.5316 | WorstLoss 2.7885
[Tracker] New BEST synthetic [phase1_class1] (by global.global_obj: 0.918051) saved.
[Tracker] BEST β weights [phase1_class1] saved -> training_runs/SPECv16_bias05_rl_credit_3seeds_EP800_PCA10_REWfairness_minID1_majID0_TRJ2000_REAL3000_BIAS0.05_GG202603180833_a8116e4e/seed_42/best_beta_state_dict_phase1_class1.pt
[Tracker] Ep  382 | AvgR 0.0002 | Global 0.6812 | Local 0.1248 | F1_macro 0.5456 | WorstLoss 3.1229
[Tracker] Ep  383 | AvgR 0.0002 | Global 0.6812 | Local 0.1504 | F1_macro 0.5086 | WorstLoss 3.0856
[Tracker] Ep  384 | AvgR 0.0001 | Global 0.1428 | Local 0.1510 | F1_macro 0.5222 | WorstLoss 3.4029
[Tracker] Ep  385 | AvgR 0.0002 | Global 0.8093 | Local 0.1571 | F1_macro 0.5306 | WorstLoss 2.9733
[Tracker] Saved snapshot: ep0385_phase1_class1
[Tracker] Ep  386 | AvgR 0.0002 | Global 0.8141 | Local 0.1436 | F1_macro 0.5277 | WorstLoss 2.9674
[Tracker] Ep  387 | AvgR 0.0002 | Global 0.7045 | Local 0.1423 | F1_macro 0.5368 | WorstLoss 3.0982
[Tracker] Ep  388 | AvgR 0.0002 | Global 0.6377 | Local 0.1971 | F1_macro 0.5120 | WorstLoss 3.1344
[Tracker] Ep  389 | AvgR 0.0002 | Global 0.9188 | Local 0.1304 | F1_macro 0.5363 | WorstLoss 2.7211
[Tracker] New BEST synthetic [phase1_class1] (by global.global_obj: 0.918788) saved.
[Tracker] BEST β weights [phase1_class1] saved -> training_runs/SPECv16_bias05_rl_credit_3seeds_EP800_PCA10_REWfairness_minID1_majID0_TRJ2000_REAL3000_BIAS0.05_GG202603180833_a8116e4e/seed_42/best_beta_state_dict_phase1_class1.pt
[Tracker] Ep  390 | AvgR 0.0001 | Global 0.3109 | Local 0.1683 | F1_macro 0.5269 | WorstLoss 3.2913
[Tracker] Saved snapshot: ep0390_phase1_class1
[Tracker] Ep  391 | AvgR 0.0001 | Global 0.1495 | Local 0.2379 | F1_macro 0.5042 | WorstLoss 3.3862
[Tracker] Ep  392 | AvgR 0.0001 | Global 0.3201 | Local 0.1945 | F1_macro 0.5136 | WorstLoss 3.2866
[Tracker] Ep  393 | AvgR 0.0002 | Global 0.7550 | Local 0.1568 | F1_macro 0.5318 | WorstLoss 3.0745
[Tracker] Ep  394 | AvgR 0.0001 | Global 0.3337 | Local 0.1768 | F1_macro 0.5136 | WorstLoss 3.2796
[Tracker] Ep  395 | AvgR 0.0001 | Global 0.4579 | Local 0.1368 | F1_macro 0.5085 | WorstLoss 3.2220
[Tracker] Saved snapshot: ep0395_phase1_class1
[Tracker] Ep  396 | AvgR 0.0002 | Global 0.7426 | Local 0.1357 | F1_macro 0.5268 | WorstLoss 3.0770
[Tracker] Ep  397 | AvgR 0.0001 | Global 0.3315 | Local 0.1557 | F1_macro 0.5015 | WorstLoss 3.2779
[Tracker] Ep  398 | AvgR 0.0002 | Global 0.7417 | Local 0.1268 | F1_macro 0.5190 | WorstLoss 3.0595
[Tracker] Ep  399 | AvgR 0.0002 | Global 0.6439 | Local 0.1558 | F1_macro 0.5494 | WorstLoss 3.1458
[Tracker] Ep  400 | AvgR 0.0001 | Global 0.3990 | Local 0.1392 | F1_macro 0.5165 | WorstLoss 3.2553
[Tracker] Saved snapshot: ep0400_phase1_class1
[Tracker] Ep  401 | AvgR 0.0001 | Global 0.2596 | Local 0.1896 | F1_macro 0.5220 | WorstLoss 3.3226
[Tracker] Ep  402 | AvgR 0.0001 | Global 0.4955 | Local 0.1340 | F1_macro 0.5326 | WorstLoss 3.2159
[Tracker] Ep  403 | AvgR 0.0002 | Global 0.8694 | Local 0.1424 | F1_macro 0.5202 | WorstLoss 2.8257
[Tracker] Ep  404 | AvgR 0.0001 | Global 0.2872 | Local 0.1417 | F1_macro 0.5368 | WorstLoss 3.3074
[Tracker] Ep  405 | AvgR 0.0002 | Global 0.7028 | Local 0.1236 | F1_macro 0.5306 | WorstLoss 3.1235
[Tracker] Saved snapshot: ep0405_phase1_class1
[Tracker] Ep  406 | AvgR 0.0001 | Global 0.1919 | Local 0.1748 | F1_macro 0.5156 | WorstLoss 3.3528
[Tracker] Ep  407 | AvgR 0.0001 | Global 0.2512 | Local 0.1566 | F1_macro 0.5149 | WorstLoss 3.3202
[Tracker] Ep  408 | AvgR 0.0001 | Global 0.0289 | Local 0.1756 | F1_macro 0.5083 | WorstLoss 3.5716
[Tracker] Ep  409 | AvgR 0.0002 | Global 0.6636 | Local 0.1332 | F1_macro 0.5256 | WorstLoss 3.1239
[Tracker] Ep  410 | AvgR 0.0002 | Global 0.7315 | Local 0.1378 | F1_macro 0.5554 | WorstLoss 3.0834
[Tracker] Saved snapshot: ep0410_phase1_class1
[Tracker] Ep  411 | AvgR 0.0002 | Global 0.6994 | Local 0.1335 | F1_macro 0.5234 | WorstLoss 3.1070
[Tracker] Ep  412 | AvgR 0.0002 | Global 0.5593 | Local 0.1673 | F1_macro 0.5162 | WorstLoss 3.1735
[Tracker] Ep  413 | AvgR 0.0002 | Global 0.6220 | Local 0.1427 | F1_macro 0.5108 | WorstLoss 3.1396
[Tracker] Ep  414 | AvgR 0.0002 | Global 0.6532 | Local 0.1632 | F1_macro 0.5096 | WorstLoss 3.1129
[Tracker] Ep  415 | AvgR 0.0001 | Global 0.2597 | Local 0.1303 | F1_macro 0.4931 | WorstLoss 3.3232
[Tracker] Saved snapshot: ep0415_phase1_class1
[Tracker] Ep  416 | AvgR 0.0001 | Global 0.4755 | Local 0.1637 | F1_macro 0.5517 | WorstLoss 3.2192
[Tracker] Ep  417 | AvgR 0.0001 | Global 0.0934 | Local 0.1797 | F1_macro 0.5199 | WorstLoss 3.4501
[Tracker] Ep  418 | AvgR 0.0002 | Global 0.7965 | Local 0.1510 | F1_macro 0.5347 | WorstLoss 3.0072
[Tracker] Ep  419 | AvgR 0.0002 | Global 0.5546 | Local 0.1942 | F1_macro 0.5303 | WorstLoss 3.1816
[Tracker] Ep  420 | AvgR 0.0001 | Global 0.0171 | Local 0.1906 | F1_macro 0.4858 | WorstLoss 3.6211
[Tracker] Saved snapshot: ep0420_phase1_class1
[Tracker] Ep  421 | AvgR 0.0001 | Global 0.0700 | Local 0.1834 | F1_macro 0.5213 | WorstLoss 3.4731
[Tracker] Ep  422 | AvgR 0.0001 | Global 0.3286 | Local 0.1528 | F1_macro 0.5143 | WorstLoss 3.2862
[Tracker] Ep  423 | AvgR 0.0001 | Global 0.1439 | Local 0.1653 | F1_macro 0.4901 | WorstLoss 3.3963
[Tracker] Ep  424 | AvgR 0.0001 | Global 0.3208 | Local 0.2017 | F1_macro 0.5382 | WorstLoss 3.2849
[Tracker] Ep  425 | AvgR 0.0001 | Global 0.1112 | Local 0.1496 | F1_macro 0.5093 | WorstLoss 3.4280
[Tracker] Saved snapshot: ep0425_phase1_class1
[Tracker] Ep  426 | AvgR 0.0002 | Global 0.7502 | Local 0.1866 | F1_macro 0.5422 | WorstLoss 3.0588
[Tracker] Ep  427 | AvgR 0.0002 | Global 0.7759 | Local 0.1614 | F1_macro 0.5350 | WorstLoss 3.0564
[Tracker] Ep  428 | AvgR 0.0001 | Global 0.2599 | Local 0.1397 | F1_macro 0.5234 | WorstLoss 3.3176
[Tracker] Ep  429 | AvgR 0.0001 | Global 0.2706 | Local 0.1763 | F1_macro 0.5232 | WorstLoss 3.3072
[Tracker] Ep  430 | AvgR 0.0001 | Global 0.0407 | Local 0.1863 | F1_macro 0.5503 | WorstLoss 3.5358
[Tracker] Saved snapshot: ep0430_phase1_class1
[Tracker] Ep  431 | AvgR 0.0002 | Global 0.8172 | Local 0.1584 | F1_macro 0.5265 | WorstLoss 2.9583
[Tracker] Ep  432 | AvgR 0.0002 | Global 0.6021 | Local 0.1670 | F1_macro 0.5545 | WorstLoss 3.1638
[Tracker] Ep  433 | AvgR 0.0002 | Global 0.8153 | Local 0.1462 | F1_macro 0.5278 | WorstLoss 2.9805
[Tracker] Ep  434 | AvgR 0.0002 | Global 0.7775 | Local 0.1891 | F1_macro 0.5359 | WorstLoss 3.0533
[Tracker] Ep  435 | AvgR 0.0001 | Global 0.0971 | Local 0.1539 | F1_macro 0.5020 | WorstLoss 3.4364
[Tracker] Saved snapshot: ep0435_phase1_class1
[Tracker] Ep  436 | AvgR 0.0002 | Global 0.8537 | Local 0.1270 | F1_macro 0.5340 | WorstLoss 2.7707
[Tracker] Ep  437 | AvgR 0.0001 | Global 0.3312 | Local 0.1893 | F1_macro 0.5622 | WorstLoss 3.2914
[Tracker] Ep  438 | AvgR 0.0002 | Global 0.7017 | Local 0.1306 | F1_macro 0.5136 | WorstLoss 3.1005
[Tracker] Ep  439 | AvgR 0.0001 | Global 0.0008 | Local 0.1862 | F1_macro 0.4990 | WorstLoss 3.9359
[Tracker] Ep  440 | AvgR 0.0002 | Global 0.7761 | Local 0.1717 | F1_macro 0.5129 | WorstLoss 3.0164
[Tracker] Saved snapshot: ep0440_phase1_class1
[Tracker] Ep  441 | AvgR 0.0002 | Global 0.7741 | Local 0.1333 | F1_macro 0.5563 | WorstLoss 3.0803
[Tracker] Ep  442 | AvgR 0.0001 | Global 0.4835 | Local 0.1718 | F1_macro 0.4963 | WorstLoss 3.2094
[Tracker] Ep  443 | AvgR 0.0001 | Global 0.1497 | Local 0.1362 | F1_macro 0.5364 | WorstLoss 3.3982
[Tracker] Ep  444 | AvgR 0.0002 | Global 0.8576 | Local 0.1734 | F1_macro 0.5457 | WorstLoss 2.8933
[Tracker] Ep  445 | AvgR 0.0001 | Global 0.3309 | Local 0.1630 | F1_macro 0.5332 | WorstLoss 3.2845
[Tracker] Saved snapshot: ep0445_phase1_class1
[Tracker] Ep  446 | AvgR 0.0002 | Global 0.7805 | Local 0.1581 | F1_macro 0.5418 | WorstLoss 3.0158
[Tracker] Ep  447 | AvgR 0.0001 | Global 0.3235 | Local 0.1704 | F1_macro 0.5235 | WorstLoss 3.2872
[Tracker] Ep  448 | AvgR 0.0001 | Global 0.1010 | Local 0.1516 | F1_macro 0.5139 | WorstLoss 3.4313
[Tracker] Ep  449 | AvgR 0.0002 | Global 0.6193 | Local 0.2039 | F1_macro 0.5068 | WorstLoss 3.1376
[Tracker] Ep  450 | AvgR 0.0001 | Global 0.5187 | Local 0.1355 | F1_macro 0.5071 | WorstLoss 3.1940
[Tracker] Saved snapshot: ep0450_phase1_class1
[Tracker] Ep  451 | AvgR 0.0002 | Global 0.6933 | Local 0.1722 | F1_macro 0.5490 | WorstLoss 3.1081
[Tracker] Ep  452 | AvgR 0.0002 | Global 0.5413 | Local 0.1463 | F1_macro 0.5198 | WorstLoss 3.1777
[Tracker] Ep  453 | AvgR 0.0002 | Global 0.8173 | Local 0.1900 | F1_macro 0.5325 | WorstLoss 2.9908
[Tracker] Ep  454 | AvgR 0.0002 | Global 0.8402 | Local 0.1530 | F1_macro 0.5460 | WorstLoss 2.9666
[Tracker] Ep  455 | AvgR 0.0001 | Global 0.2402 | Local 0.2039 | F1_macro 0.5098 | WorstLoss 3.3277
[Tracker] Saved snapshot: ep0455_phase1_class1
[Tracker] Ep  456 | AvgR 0.0002 | Global 0.7887 | Local 0.1523 | F1_macro 0.5369 | WorstLoss 3.0559
[Tracker] Ep  457 | AvgR 0.0002 | Global 0.7308 | Local 0.1783 | F1_macro 0.5223 | WorstLoss 3.0562
[Tracker] Ep  458 | AvgR 0.0001 | Global 0.2954 | Local 0.1401 | F1_macro 0.5063 | WorstLoss 3.3028
[Tracker] Ep  459 | AvgR 0.0001 | Global 0.1679 | Local 0.1832 | F1_macro 0.5174 | WorstLoss 3.3720
[Tracker] Ep  460 | AvgR 0.0001 | Global 0.4611 | Local 0.1585 | F1_macro 0.5152 | WorstLoss 3.2210
[Tracker] Saved snapshot: ep0460_phase1_class1
[Tracker] Ep  461 | AvgR 0.0002 | Global 0.6223 | Local 0.1464 | F1_macro 0.5568 | WorstLoss 3.1498
[Tracker] Ep  462 | AvgR 0.0001 | Global 0.0578 | Local 0.1467 | F1_macro 0.5380 | WorstLoss 3.4994
[Tracker] Ep  463 | AvgR 0.0002 | Global 0.9320 | Local 0.1152 | F1_macro 0.5470 | WorstLoss 2.6196
[Tracker] New BEST synthetic [phase1_class1] (by global.global_obj: 0.932045) saved.
[Tracker] BEST β weights [phase1_class1] saved -> training_runs/SPECv16_bias05_rl_credit_3seeds_EP800_PCA10_REWfairness_minID1_majID0_TRJ2000_REAL3000_BIAS0.05_GG202603180833_a8116e4e/seed_42/best_beta_state_dict_phase1_class1.pt
[Tracker] Ep  464 | AvgR 0.0001 | Global 0.1850 | Local 0.1627 | F1_macro 0.5153 | WorstLoss 3.3595
[Tracker] Ep  465 | AvgR 0.0002 | Global 0.8980 | Local 0.1238 | F1_macro 0.5454 | WorstLoss 2.8929
[Tracker] Saved snapshot: ep0465_phase1_class1
[Tracker] Ep  466 | AvgR 0.0002 | Global 0.5750 | Local 0.1702 | F1_macro 0.5243 | WorstLoss 3.1579
[Tracker] Ep  467 | AvgR 0.0001 | Global 0.1317 | Local 0.1583 | F1_macro 0.4997 | WorstLoss 3.4057
[Tracker] Ep  468 | AvgR 0.0001 | Global 0.4548 | Local 0.1628 | F1_macro 0.5323 | WorstLoss 3.2332
[Tracker] Ep  469 | AvgR 0.0002 | Global 0.7748 | Local 0.1254 | F1_macro 0.5630 | WorstLoss 3.0672
[Tracker] Ep  470 | AvgR 0.0000 | Global 0.0005 | Local 0.1643 | F1_macro 0.5022 | WorstLoss 3.9723
[Tracker] Saved snapshot: ep0470_phase1_class1
[Tracker] Ep  471 | AvgR 0.0002 | Global 0.7916 | Local 0.1170 | F1_macro 0.5454 | WorstLoss 3.0603
[Tracker] Ep  472 | AvgR 0.0001 | Global 0.0385 | Local 0.1451 | F1_macro 0.5428 | WorstLoss 3.5418
[Tracker] Ep  473 | AvgR 0.0002 | Global 0.8303 | Local 0.1553 | F1_macro 0.5465 | WorstLoss 2.9920
[Tracker] Ep  474 | AvgR 0.0002 | Global 0.8293 | Local 0.1189 | F1_macro 0.5683 | WorstLoss 3.0163
[Tracker] Ep  475 | AvgR 0.0002 | Global 0.8560 | Local 0.1469 | F1_macro 0.5274 | WorstLoss 2.8212
[Tracker] Saved snapshot: ep0475_phase1_class1
[Tracker] Ep  476 | AvgR 0.0001 | Global 0.2720 | Local 0.1863 | F1_macro 0.5164 | WorstLoss 3.3104
[Tracker] Ep  477 | AvgR 0.0002 | Global 0.9121 | Local 0.1231 | F1_macro 0.5580 | WorstLoss 2.8581
[Tracker] Ep  478 | AvgR 0.0002 | Global 0.5747 | Local 0.1921 | F1_macro 0.5265 | WorstLoss 3.1605
[Tracker] Ep  479 | AvgR 0.0001 | Global 0.2481 | Local 0.1915 | F1_macro 0.5248 | WorstLoss 3.3261
[Tracker] Ep  480 | AvgR 0.0001 | Global 0.0342 | Local 0.1865 | F1_macro 0.5055 | WorstLoss 3.5529
[Tracker] Saved snapshot: ep0480_phase1_class1
[Tracker] Ep  481 | AvgR 0.0002 | Global 0.8153 | Local 0.1107 | F1_macro 0.5117 | WorstLoss 3.0369
[Tracker] Ep  482 | AvgR 0.0002 | Global 0.9128 | Local 0.1348 | F1_macro 0.5432 | WorstLoss 2.6385
[Tracker] Ep  483 | AvgR 0.0002 | Global 0.9029 | Local 0.1596 | F1_macro 0.5291 | WorstLoss 2.6202
[Tracker] Ep  484 | AvgR 0.0002 | Global 0.8080 | Local 0.1676 | F1_macro 0.5040 | WorstLoss 2.9247
[Tracker] Ep  485 | AvgR 0.0002 | Global 0.8855 | Local 0.1107 | F1_macro 0.5457 | WorstLoss 2.9126
[Tracker] Saved snapshot: ep0485_phase1_class1
[Tracker] Ep  486 | AvgR 0.0002 | Global 0.8590 | Local 0.1841 | F1_macro 0.5157 | WorstLoss 2.8764
[Tracker] Ep  487 | AvgR 0.0002 | Global 0.8460 | Local 0.1567 | F1_macro 0.5188 | WorstLoss 2.9680
[Tracker] Ep  488 | AvgR 0.0002 | Global 0.6356 | Local 0.1665 | F1_macro 0.4996 | WorstLoss 3.1321
[Tracker] Ep  489 | AvgR 0.0002 | Global 0.8595 | Local 0.1403 | F1_macro 0.5326 | WorstLoss 2.9063
[Tracker] Ep  490 | AvgR 0.0002 | Global 0.8799 | Local 0.1628 | F1_macro 0.5154 | WorstLoss 2.7666
[Tracker] Saved snapshot: ep0490_phase1_class1
[Tracker] Ep  491 | AvgR 0.0002 | Global 0.8790 | Local 0.1181 | F1_macro 0.5095 | WorstLoss 2.8983
[Tracker] Ep  492 | AvgR 0.0002 | Global 0.7891 | Local 0.1690 | F1_macro 0.5010 | WorstLoss 3.0202
[Tracker] Ep  493 | AvgR 0.0002 | Global 0.8482 | Local 0.1963 | F1_macro 0.5257 | WorstLoss 2.8258
[Tracker] Ep  494 | AvgR 0.0002 | Global 0.8908 | Local 0.1379 | F1_macro 0.5216 | WorstLoss 2.9067
[Tracker] Ep  495 | AvgR 0.0002 | Global 0.6633 | Local 0.1546 | F1_macro 0.5094 | WorstLoss 3.1139
[Tracker] Saved snapshot: ep0495_phase1_class1
[Tracker] Ep  496 | AvgR 0.0002 | Global 0.8164 | Local 0.1387 | F1_macro 0.5046 | WorstLoss 2.9078
[Tracker] Ep  497 | AvgR 0.0002 | Global 0.6345 | Local 0.1577 | F1_macro 0.5085 | WorstLoss 3.1331
[Tracker] Ep  498 | AvgR 0.0002 | Global 0.8807 | Local 0.1545 | F1_macro 0.5153 | WorstLoss 2.8768
[Tracker] Ep  499 | AvgR 0.0002 | Global 0.8743 | Local 0.1441 | F1_macro 0.5182 | WorstLoss 2.8463
[Tracker] Ep  500 | AvgR 0.0002 | Global 0.7547 | Local 0.1720 | F1_macro 0.5112 | WorstLoss 3.0443
[Tracker] Saved snapshot: ep0500_phase1_class1
[Tracker] Ep  501 | AvgR 0.0002 | Global 0.7690 | Local 0.1470 | F1_macro 0.5355 | WorstLoss 3.0533
[Tracker] Ep  502 | AvgR 0.0002 | Global 0.9115 | Local 0.1246 | F1_macro 0.5529 | WorstLoss 2.4270
[Tracker] Ep  503 | AvgR 0.0002 | Global 0.8501 | Local 0.1743 | F1_macro 0.5040 | WorstLoss 2.6395
[Tracker] Ep  504 | AvgR 0.0002 | Global 0.5856 | Local 0.1975 | F1_macro 0.5060 | WorstLoss 3.1558
[Tracker] Ep  505 | AvgR 0.0002 | Global 0.8346 | Local 0.1295 | F1_macro 0.5269 | WorstLoss 2.9747
[Tracker] Saved snapshot: ep0505_phase1_class1
[Tracker] Ep  506 | AvgR 0.0002 | Global 0.7842 | Local 0.1513 | F1_macro 0.5284 | WorstLoss 3.0165
[Tracker] Ep  507 | AvgR 0.0002 | Global 0.8034 | Local 0.1951 | F1_macro 0.4979 | WorstLoss 2.9387
[Tracker] Ep  508 | AvgR 0.0001 | Global 0.4494 | Local 0.1661 | F1_macro 0.5008 | WorstLoss 3.2134
[Tracker] Ep  509 | AvgR 0.0002 | Global 0.4376 | Local 0.2122 | F1_macro 0.5181 | WorstLoss 3.2285
[Tracker] Ep  510 | AvgR 0.0002 | Global 0.8395 | Local 0.1397 | F1_macro 0.5410 | WorstLoss 2.8907
[Tracker] Saved snapshot: ep0510_phase1_class1
[Tracker] Ep  511 | AvgR 0.0002 | Global 0.9026 | Local 0.1610 | F1_macro 0.5172 | WorstLoss 2.6788
[Tracker] Ep  512 | AvgR 0.0002 | Global 0.7525 | Local 0.1531 | F1_macro 0.5180 | WorstLoss 3.0596
[Tracker] Ep  513 | AvgR 0.0002 | Global 0.8182 | Local 0.1518 | F1_macro 0.5063 | WorstLoss 2.8808
[Tracker] Ep  514 | AvgR 0.0002 | Global 0.8027 | Local 0.1465 | F1_macro 0.5233 | WorstLoss 2.9859
[Tracker] Ep  515 | AvgR 0.0002 | Global 0.7029 | Local 0.2038 | F1_macro 0.5231 | WorstLoss 3.0922
[Tracker] Saved snapshot: ep0515_phase1_class1
[Tracker] Ep  516 | AvgR 0.0002 | Global 0.6254 | Local 0.1767 | F1_macro 0.5151 | WorstLoss 3.1321
[Tracker] Ep  517 | AvgR 0.0002 | Global 0.8753 | Local 0.1701 | F1_macro 0.5293 | WorstLoss 2.8245
[Tracker] Ep  518 | AvgR 0.0002 | Global 0.8435 | Local 0.1427 | F1_macro 0.5251 | WorstLoss 2.8116
[Tracker] Ep  519 | AvgR 0.0002 | Global 0.8371 | Local 0.1521 | F1_macro 0.5094 | WorstLoss 2.9199
[Tracker] Ep  520 | AvgR 0.0002 | Global 0.8388 | Local 0.1522 | F1_macro 0.4993 | WorstLoss 2.8820
[Tracker] Saved snapshot: ep0520_phase1_class1
[Tracker] Ep  521 | AvgR 0.0002 | Global 0.8824 | Local 0.1385 | F1_macro 0.5241 | WorstLoss 2.8011
[Tracker] Ep  522 | AvgR 0.0002 | Global 0.9045 | Local 0.1262 | F1_macro 0.5216 | WorstLoss 2.7112
[Tracker] Ep  523 | AvgR 0.0002 | Global 0.8436 | Local 0.1928 | F1_macro 0.5370 | WorstLoss 2.8260
[Tracker] Ep  524 | AvgR 0.0002 | Global 0.8397 | Local 0.1898 | F1_macro 0.5258 | WorstLoss 2.9170
[Tracker] Ep  525 | AvgR 0.0002 | Global 0.7930 | Local 0.1813 | F1_macro 0.5227 | WorstLoss 2.9653
[Tracker] Saved snapshot: ep0525_phase1_class1
[Tracker] Ep  526 | AvgR 0.0002 | Global 0.8730 | Local 0.1499 | F1_macro 0.5215 | WorstLoss 2.7217
[Tracker] Ep  527 | AvgR 0.0002 | Global 0.8351 | Local 0.1630 | F1_macro 0.5255 | WorstLoss 2.8637
[Tracker] Ep  528 | AvgR 0.0002 | Global 0.7241 | Local 0.1708 | F1_macro 0.5088 | WorstLoss 3.0552
[Tracker] Ep  529 | AvgR 0.0002 | Global 0.8851 | Local 0.1277 | F1_macro 0.5478 | WorstLoss 2.7647
[Tracker] Ep  530 | AvgR 0.0002 | Global 0.9614 | Local 0.1056 | F1_macro 0.5773 | WorstLoss 2.5588
[Tracker] Saved snapshot: ep0530_phase1_class1
[Tracker] New BEST synthetic [phase1_class1] (by global.global_obj: 0.961356) saved.
[Tracker] BEST β weights [phase1_class1] saved -> training_runs/SPECv16_bias05_rl_credit_3seeds_EP800_PCA10_REWfairness_minID1_majID0_TRJ2000_REAL3000_BIAS0.05_GG202603180833_a8116e4e/seed_42/best_beta_state_dict_phase1_class1.pt
[Tracker] Ep  531 | AvgR 0.0002 | Global 0.8529 | Local 0.1464 | F1_macro 0.5211 | WorstLoss 2.9729
[Tracker] Ep  532 | AvgR 0.0002 | Global 0.7492 | Local 0.1848 | F1_macro 0.4951 | WorstLoss 3.0395
[Tracker] Ep  533 | AvgR 0.0002 | Global 0.8708 | Local 0.1317 | F1_macro 0.5377 | WorstLoss 2.6916
[Tracker] Ep  534 | AvgR 0.0002 | Global 0.8771 | Local 0.1410 | F1_macro 0.5275 | WorstLoss 2.9258
[Tracker] Ep  535 | AvgR 0.0002 | Global 0.6636 | Local 0.1828 | F1_macro 0.5037 | WorstLoss 3.1197
[Tracker] Saved snapshot: ep0535_phase1_class1
[Tracker] Ep  536 | AvgR 0.0002 | Global 0.7275 | Local 0.1543 | F1_macro 0.5170 | WorstLoss 3.0873
[Tracker] Ep  537 | AvgR 0.0002 | Global 0.7188 | Local 0.1564 | F1_macro 0.4972 | WorstLoss 3.0294
[Tracker] Ep  538 | AvgR 0.0002 | Global 0.8390 | Local 0.1552 | F1_macro 0.5107 | WorstLoss 2.7467
[Tracker] Ep  539 | AvgR 0.0002 | Global 0.7839 | Local 0.1967 | F1_macro 0.5068 | WorstLoss 2.9430
[Tracker] Ep  540 | AvgR 0.0002 | Global 0.7636 | Local 0.1707 | F1_macro 0.5378 | WorstLoss 3.0541
[Tracker] Saved snapshot: ep0540_phase1_class1
[Tracker] Ep  541 | AvgR 0.0002 | Global 0.8275 | Local 0.1519 | F1_macro 0.5365 | WorstLoss 2.8753
[Tracker] Ep  542 | AvgR 0.0002 | Global 0.8064 | Local 0.1613 | F1_macro 0.5166 | WorstLoss 2.9556
[Tracker] Ep  543 | AvgR 0.0002 | Global 0.5679 | Local 0.1728 | F1_macro 0.5098 | WorstLoss 3.1520
[Tracker] Ep  544 | AvgR 0.0002 | Global 0.5316 | Local 0.1695 | F1_macro 0.5159 | WorstLoss 3.1964
[Tracker] Ep  545 | AvgR 0.0002 | Global 0.7690 | Local 0.1604 | F1_macro 0.4958 | WorstLoss 2.9819
[Tracker] Saved snapshot: ep0545_phase1_class1
[Tracker] Ep  546 | AvgR 0.0002 | Global 0.8936 | Local 0.1501 | F1_macro 0.5333 | WorstLoss 2.7361
[Tracker] Ep  547 | AvgR 0.0002 | Global 0.7311 | Local 0.1876 | F1_macro 0.4924 | WorstLoss 3.0359
[Tracker] Ep  548 | AvgR 0.0002 | Global 0.8235 | Local 0.1588 | F1_macro 0.5009 | WorstLoss 2.8804
[Tracker] Ep  549 | AvgR 0.0002 | Global 0.7221 | Local 0.1892 | F1_macro 0.5157 | WorstLoss 3.0659
[Tracker] Ep  550 | AvgR 0.0002 | Global 0.9180 | Local 0.1147 | F1_macro 0.5224 | WorstLoss 2.4139
[Tracker] Saved snapshot: ep0550_phase1_class1
[Tracker] Ep  551 | AvgR 0.0002 | Global 0.8411 | Local 0.1602 | F1_macro 0.5274 | WorstLoss 2.9330
[Tracker] Ep  552 | AvgR 0.0002 | Global 0.8558 | Local 0.1735 | F1_macro 0.5159 | WorstLoss 2.8890
[Tracker] Ep  553 | AvgR 0.0002 | Global 0.6102 | Local 0.1681 | F1_macro 0.5039 | WorstLoss 3.1433
[Tracker] Ep  554 | AvgR 0.0002 | Global 0.7703 | Local 0.1595 | F1_macro 0.5454 | WorstLoss 3.0429
[Tracker] Ep  555 | AvgR 0.0002 | Global 0.8448 | Local 0.1587 | F1_macro 0.4951 | WorstLoss 2.7251
[Tracker] Saved snapshot: ep0555_phase1_class1
[Tracker] Ep  556 | AvgR 0.0002 | Global 0.8604 | Local 0.1528 | F1_macro 0.5366 | WorstLoss 2.7801
[Tracker] Ep  557 | AvgR 0.0002 | Global 0.7110 | Local 0.1678 | F1_macro 0.4977 | WorstLoss 3.0763
[Tracker] Ep  558 | AvgR 0.0002 | Global 0.8265 | Local 0.1644 | F1_macro 0.5177 | WorstLoss 2.9125
[Tracker] Ep  559 | AvgR 0.0002 | Global 0.7844 | Local 0.1699 | F1_macro 0.5073 | WorstLoss 2.9561
[Tracker] Ep  560 | AvgR 0.0002 | Global 0.8272 | Local 0.1645 | F1_macro 0.5062 | WorstLoss 2.8441
[Tracker] Saved snapshot: ep0560_phase1_class1
[Tracker] Ep  561 | AvgR 0.0002 | Global 0.7900 | Local 0.1564 | F1_macro 0.5131 | WorstLoss 3.0095
[Tracker] Ep  562 | AvgR 0.0002 | Global 0.8286 | Local 0.1640 | F1_macro 0.4969 | WorstLoss 2.6851
[Tracker] Ep  563 | AvgR 0.0002 | Global 0.8194 | Local 0.1519 | F1_macro 0.5078 | WorstLoss 2.9341
[Tracker] Ep  564 | AvgR 0.0002 | Global 0.6465 | Local 0.2141 | F1_macro 0.4924 | WorstLoss 3.0931
[Tracker] Ep  565 | AvgR 0.0002 | Global 0.8453 | Local 0.1692 | F1_macro 0.5373 | WorstLoss 2.8095
[Tracker] Saved snapshot: ep0565_phase1_class1
[Tracker] Ep  566 | AvgR 0.0002 | Global 0.8476 | Local 0.1604 | F1_macro 0.5275 | WorstLoss 2.8237
[Tracker] Ep  567 | AvgR 0.0002 | Global 0.7025 | Local 0.2134 | F1_macro 0.4924 | WorstLoss 3.0650
[Tracker] Ep  568 | AvgR 0.0002 | Global 0.8284 | Local 0.1453 | F1_macro 0.4993 | WorstLoss 2.8224
[Tracker] Ep  569 | AvgR 0.0002 | Global 0.7573 | Local 0.1562 | F1_macro 0.5215 | WorstLoss 3.0616
[Tracker] Ep  570 | AvgR 0.0002 | Global 0.8475 | Local 0.1468 | F1_macro 0.5045 | WorstLoss 2.9631
[Tracker] Saved snapshot: ep0570_phase1_class1
[Tracker] Ep  571 | AvgR 0.0002 | Global 0.8196 | Local 0.1725 | F1_macro 0.5065 | WorstLoss 2.7585
[Tracker] Ep  572 | AvgR 0.0001 | Global 0.3053 | Local 0.2084 | F1_macro 0.4993 | WorstLoss 3.2888
[Tracker] Ep  573 | AvgR 0.0002 | Global 0.6680 | Local 0.2172 | F1_macro 0.5104 | WorstLoss 3.1144
[Tracker] Ep  574 | AvgR 0.0002 | Global 0.8084 | Local 0.2185 | F1_macro 0.5189 | WorstLoss 2.8901
[Tracker] Ep  575 | AvgR 0.0002 | Global 0.8761 | Local 0.1272 | F1_macro 0.5144 | WorstLoss 2.7146
[Tracker] Saved snapshot: ep0575_phase1_class1
[Tracker] Ep  576 | AvgR 0.0002 | Global 0.6526 | Local 0.1597 | F1_macro 0.4961 | WorstLoss 3.1311
[Tracker] Ep  577 | AvgR 0.0002 | Global 0.8096 | Local 0.1545 | F1_macro 0.5032 | WorstLoss 2.8766
[Tracker] Ep  578 | AvgR 0.0002 | Global 0.7663 | Local 0.1478 | F1_macro 0.5208 | WorstLoss 3.0535
[Tracker] Ep  579 | AvgR 0.0002 | Global 0.8992 | Local 0.1401 | F1_macro 0.5387 | WorstLoss 2.5339
[Tracker] Ep  580 | AvgR 0.0002 | Global 0.5238 | Local 0.1861 | F1_macro 0.4985 | WorstLoss 3.1850
[Tracker] Saved snapshot: ep0580_phase1_class1
[Tracker] Ep  581 | AvgR 0.0002 | Global 0.6530 | Local 0.1773 | F1_macro 0.5022 | WorstLoss 3.1182
[Tracker] Ep  582 | AvgR 0.0002 | Global 0.8232 | Local 0.1585 | F1_macro 0.5174 | WorstLoss 2.9544
[Tracker] Ep  583 | AvgR 0.0002 | Global 0.8067 | Local 0.1594 | F1_macro 0.5018 | WorstLoss 2.9341
[Tracker] Ep  584 | AvgR 0.0002 | Global 0.7300 | Local 0.2175 | F1_macro 0.4910 | WorstLoss 3.0347
[Tracker] Ep  585 | AvgR 0.0002 | Global 0.8801 | Local 0.1326 | F1_macro 0.5279 | WorstLoss 2.6689
[Tracker] Saved snapshot: ep0585_phase1_class1
[Tracker] Ep  586 | AvgR 0.0002 | Global 0.8011 | Local 0.1387 | F1_macro 0.5094 | WorstLoss 2.9592
[Tracker] Ep  587 | AvgR 0.0002 | Global 0.8541 | Local 0.1850 | F1_macro 0.5159 | WorstLoss 2.7701
[Tracker] Ep  588 | AvgR 0.0002 | Global 0.6375 | Local 0.2017 | F1_macro 0.5115 | WorstLoss 3.1321
[Tracker] Ep  589 | AvgR 0.0002 | Global 0.6947 | Local 0.1648 | F1_macro 0.4941 | WorstLoss 3.0734
[Tracker] Ep  590 | AvgR 0.0002 | Global 0.8370 | Local 0.1899 | F1_macro 0.5108 | WorstLoss 2.8981
[Tracker] Saved snapshot: ep0590_phase1_class1
[Tracker] Ep  591 | AvgR 0.0002 | Global 0.8388 | Local 0.1659 | F1_macro 0.5163 | WorstLoss 2.5241
[Tracker] Ep  592 | AvgR 0.0002 | Global 0.7810 | Local 0.2176 | F1_macro 0.5119 | WorstLoss 2.9859
[Tracker] Ep  593 | AvgR 0.0002 | Global 0.4754 | Local 0.1823 | F1_macro 0.4915 | WorstLoss 3.2083
[Tracker] Ep  594 | AvgR 0.0002 | Global 0.7641 | Local 0.1824 | F1_macro 0.5150 | WorstLoss 2.9995
[Tracker] Ep  595 | AvgR 0.0002 | Global 0.8551 | Local 0.1686 | F1_macro 0.5223 | WorstLoss 2.9092
[Tracker] Saved snapshot: ep0595_phase1_class1
[Tracker] Ep  596 | AvgR 0.0001 | Global 0.3023 | Local 0.1821 | F1_macro 0.5018 | WorstLoss 3.2864
[Tracker] Ep  597 | AvgR 0.0002 | Global 0.6289 | Local 0.2052 | F1_macro 0.4914 | WorstLoss 3.1203
[Tracker] Ep  598 | AvgR 0.0002 | Global 0.7904 | Local 0.1581 | F1_macro 0.4971 | WorstLoss 2.8943
[Tracker] Ep  599 | AvgR 0.0001 | Global 0.4384 | Local 0.1442 | F1_macro 0.5054 | WorstLoss 3.2217
[Tracker] Ep  600 | AvgR 0.0002 | Global 0.8076 | Local 0.1733 | F1_macro 0.5017 | WorstLoss 2.9102
[Tracker] Saved snapshot: ep0600_phase1_class1
[Tracker] Ep  601 | AvgR 0.0002 | Global 0.6294 | Local 0.1976 | F1_macro 0.4950 | WorstLoss 3.1234
[Tracker] Ep  602 | AvgR 0.0002 | Global 0.8542 | Local 0.1687 | F1_macro 0.5219 | WorstLoss 2.7863
[Tracker] Ep  603 | AvgR 0.0002 | Global 0.8796 | Local 0.1353 | F1_macro 0.5074 | WorstLoss 2.7876
[Tracker] Ep  604 | AvgR 0.0002 | Global 0.6765 | Local 0.1989 | F1_macro 0.5110 | WorstLoss 3.0930
[Tracker] Ep  605 | AvgR 0.0002 | Global 0.4785 | Local 0.1868 | F1_macro 0.5037 | WorstLoss 3.2007
[Tracker] Saved snapshot: ep0605_phase1_class1
[Tracker] Ep  606 | AvgR 0.0002 | Global 0.7543 | Local 0.1799 | F1_macro 0.5079 | WorstLoss 3.0001
[Tracker] Ep  607 | AvgR 0.0002 | Global 0.7296 | Local 0.1608 | F1_macro 0.5086 | WorstLoss 3.0429
[Tracker] Ep  608 | AvgR 0.0002 | Global 0.5641 | Local 0.1658 | F1_macro 0.5044 | WorstLoss 3.1567
[Tracker] Ep  609 | AvgR 0.0002 | Global 0.7672 | Local 0.1763 | F1_macro 0.5030 | WorstLoss 2.9969
[Tracker] Ep  610 | AvgR 0.0002 | Global 0.6963 | Local 0.1872 | F1_macro 0.4973 | WorstLoss 3.0671
[Tracker] Saved snapshot: ep0610_phase1_class1
[Tracker] Ep  611 | AvgR 0.0002 | Global 0.8143 | Local 0.1840 | F1_macro 0.5009 | WorstLoss 2.8733
[Tracker] Ep  612 | AvgR 0.0002 | Global 0.5115 | Local 0.1653 | F1_macro 0.4926 | WorstLoss 3.1864
[Tracker] Ep  613 | AvgR 0.0002 | Global 0.8017 | Local 0.1892 | F1_macro 0.5080 | WorstLoss 2.9243
[Tracker] Ep  614 | AvgR 0.0002 | Global 0.8461 | Local 0.1755 | F1_macro 0.5289 | WorstLoss 2.7513
[Tracker] Ep  615 | AvgR 0.0002 | Global 0.7658 | Local 0.2056 | F1_macro 0.4988 | WorstLoss 2.8574
[Tracker] Saved snapshot: ep0615_phase1_class1
[Tracker] Ep  616 | AvgR 0.0002 | Global 0.5607 | Local 0.1775 | F1_macro 0.5090 | WorstLoss 3.1621
[Tracker] Ep  617 | AvgR 0.0002 | Global 0.7956 | Local 0.1643 | F1_macro 0.4899 | WorstLoss 2.8907
[Tracker] Ep  618 | AvgR 0.0002 | Global 0.7174 | Local 0.1637 | F1_macro 0.4937 | WorstLoss 3.0283
[Tracker] Ep  619 | AvgR 0.0002 | Global 0.5261 | Local 0.1519 | F1_macro 0.4865 | WorstLoss 3.1770
[Tracker] Ep  620 | AvgR 0.0002 | Global 0.4451 | Local 0.1843 | F1_macro 0.4920 | WorstLoss 3.2181
[Tracker] Saved snapshot: ep0620_phase1_class1
[Tracker] Ep  621 | AvgR 0.0002 | Global 0.7949 | Local 0.1786 | F1_macro 0.5045 | WorstLoss 2.8789
[Tracker] Ep  622 | AvgR 0.0002 | Global 0.6853 | Local 0.1655 | F1_macro 0.5079 | WorstLoss 3.0732
[Tracker] Ep  623 | AvgR 0.0002 | Global 0.8488 | Local 0.1717 | F1_macro 0.5042 | WorstLoss 2.7501
[Tracker] Ep  624 | AvgR 0.0002 | Global 0.8448 | Local 0.1713 | F1_macro 0.5129 | WorstLoss 2.7522
[Tracker] Ep  625 | AvgR 0.0002 | Global 0.8602 | Local 0.1536 | F1_macro 0.5099 | WorstLoss 2.8670
[Tracker] Saved snapshot: ep0625_phase1_class1
[Tracker] Ep  626 | AvgR 0.0002 | Global 0.7992 | Local 0.1743 | F1_macro 0.4907 | WorstLoss 2.9407
[Tracker] Ep  627 | AvgR 0.0002 | Global 0.6697 | Local 0.1818 | F1_macro 0.5088 | WorstLoss 3.1031
[Tracker] Ep  628 | AvgR 0.0002 | Global 0.8314 | Local 0.1406 | F1_macro 0.5021 | WorstLoss 2.9075
[Tracker] Ep  629 | AvgR 0.0002 | Global 0.7660 | Local 0.2061 | F1_macro 0.5053 | WorstLoss 2.9993
[Tracker] Ep  630 | AvgR 0.0002 | Global 0.8629 | Local 0.1920 | F1_macro 0.5085 | WorstLoss 2.6770
[Tracker] Saved snapshot: ep0630_phase1_class1
[Tracker] Ep  631 | AvgR 0.0002 | Global 0.7842 | Local 0.1477 | F1_macro 0.5021 | WorstLoss 2.9291
[Tracker] Ep  632 | AvgR 0.0002 | Global 0.7025 | Local 0.2046 | F1_macro 0.5156 | WorstLoss 3.0729
[Tracker] Ep  633 | AvgR 0.0002 | Global 0.7341 | Local 0.1573 | F1_macro 0.5056 | WorstLoss 3.0629
[Tracker] Ep  634 | AvgR 0.0002 | Global 0.8019 | Local 0.1697 | F1_macro 0.5000 | WorstLoss 2.7438
[Tracker] Ep  635 | AvgR 0.0002 | Global 0.4585 | Local 0.1903 | F1_macro 0.4987 | WorstLoss 3.2057
[Tracker] Saved snapshot: ep0635_phase1_class1
[Tracker] Ep  636 | AvgR 0.0002 | Global 0.8650 | Local 0.1484 | F1_macro 0.5065 | WorstLoss 2.7174
[Tracker] Ep  637 | AvgR 0.0002 | Global 0.7803 | Local 0.1767 | F1_macro 0.4921 | WorstLoss 2.9737
[Tracker] Ep  638 | AvgR 0.0002 | Global 0.7985 | Local 0.1957 | F1_macro 0.4997 | WorstLoss 2.9434
[Tracker] Ep  639 | AvgR 0.0002 | Global 0.5746 | Local 0.1580 | F1_macro 0.4937 | WorstLoss 3.1574
[Tracker] Ep  640 | AvgR 0.0002 | Global 0.7981 | Local 0.1598 | F1_macro 0.4970 | WorstLoss 2.9989
[Tracker] Saved snapshot: ep0640_phase1_class1
[Tracker] Ep  641 | AvgR 0.0002 | Global 0.7401 | Local 0.2209 | F1_macro 0.4866 | WorstLoss 3.0162
[Tracker] Ep  642 | AvgR 0.0002 | Global 0.7754 | Local 0.2261 | F1_macro 0.4936 | WorstLoss 2.7564
[Tracker] Ep  643 | AvgR 0.0002 | Global 0.7192 | Local 0.2043 | F1_macro 0.4937 | WorstLoss 2.8720
[Tracker] Ep  644 | AvgR 0.0002 | Global 0.6232 | Local 0.2176 | F1_macro 0.4928 | WorstLoss 3.0888
[Tracker] Ep  645 | AvgR 0.0002 | Global 0.7094 | Local 0.2354 | F1_macro 0.4899 | WorstLoss 2.9722
[Tracker] Saved snapshot: ep0645_phase1_class1
[Tracker] Ep  646 | AvgR 0.0002 | Global 0.6326 | Local 0.2113 | F1_macro 0.4830 | WorstLoss 3.0011
[Tracker] Ep  647 | AvgR 0.0002 | Global 0.6791 | Local 0.1830 | F1_macro 0.4763 | WorstLoss 2.9735
[Tracker] Ep  648 | AvgR 0.0002 | Global 0.7894 | Local 0.1717 | F1_macro 0.4882 | WorstLoss 2.5751
[Tracker] Ep  649 | AvgR 0.0002 | Global 0.7334 | Local 0.1970 | F1_macro 0.4875 | WorstLoss 2.8450
[Tracker] Ep  650 | AvgR 0.0003 | Global 0.8139 | Local 0.2344 | F1_macro 0.4963 | WorstLoss 2.7739
[Tracker] Saved snapshot: ep0650_phase1_class1
[Tracker] Ep  651 | AvgR 0.0002 | Global 0.7465 | Local 0.1692 | F1_macro 0.4888 | WorstLoss 2.9701
[Tracker] Ep  652 | AvgR 0.0001 | Global 0.2308 | Local 0.1638 | F1_macro 0.4898 | WorstLoss 3.3236
[Tracker] Ep  653 | AvgR 0.0002 | Global 0.7506 | Local 0.1989 | F1_macro 0.4877 | WorstLoss 3.0061
[Tracker] Ep  654 | AvgR 0.0002 | Global 0.7607 | Local 0.1966 | F1_macro 0.4902 | WorstLoss 2.9475
[Tracker] Ep  655 | AvgR 0.0002 | Global 0.7940 | Local 0.2085 | F1_macro 0.4980 | WorstLoss 2.8866
[Tracker] Saved snapshot: ep0655_phase1_class1
[Tracker] Ep  656 | AvgR 0.0002 | Global 0.7526 | Local 0.2381 | F1_macro 0.4943 | WorstLoss 2.9196
[Tracker] Ep  657 | AvgR 0.0002 | Global 0.7925 | Local 0.2364 | F1_macro 0.4898 | WorstLoss 2.6796
[Tracker] Ep  658 | AvgR 0.0002 | Global 0.7718 | Local 0.2099 | F1_macro 0.4861 | WorstLoss 2.8496
[Tracker] Ep  659 | AvgR 0.0002 | Global 0.7369 | Local 0.2043 | F1_macro 0.4831 | WorstLoss 2.7824
[Tracker] Ep  660 | AvgR 0.0002 | Global 0.7895 | Local 0.1676 | F1_macro 0.5004 | WorstLoss 2.6010
[Tracker] Saved snapshot: ep0660_phase1_class1
[Tracker] Ep  661 | AvgR 0.0002 | Global 0.7197 | Local 0.2949 | F1_macro 0.4809 | WorstLoss 2.9739
[Tracker] Ep  662 | AvgR 0.0002 | Global 0.7878 | Local 0.1952 | F1_macro 0.4921 | WorstLoss 2.9172
[Tracker] Ep  663 | AvgR 0.0002 | Global 0.7703 | Local 0.2447 | F1_macro 0.4881 | WorstLoss 2.6880
[Tracker] Ep  664 | AvgR 0.0002 | Global 0.7813 | Local 0.2122 | F1_macro 0.4838 | WorstLoss 2.4966
[Tracker] Ep  665 | AvgR 0.0002 | Global 0.7950 | Local 0.2145 | F1_macro 0.4948 | WorstLoss 2.9024
[Tracker] Saved snapshot: ep0665_phase1_class1
[Tracker] Ep  666 | AvgR 0.0002 | Global 0.7980 | Local 0.1819 | F1_macro 0.4890 | WorstLoss 2.7317
[Tracker] Ep  667 | AvgR 0.0002 | Global 0.7504 | Local 0.2382 | F1_macro 0.4841 | WorstLoss 2.9601
[Tracker] Ep  668 | AvgR 0.0002 | Global 0.6466 | Local 0.2666 | F1_macro 0.4852 | WorstLoss 2.9348
[Tracker] Ep  669 | AvgR 0.0002 | Global 0.8232 | Local 0.2096 | F1_macro 0.4890 | WorstLoss 2.8140
[Tracker] Ep  670 | AvgR 0.0002 | Global 0.7759 | Local 0.2055 | F1_macro 0.4905 | WorstLoss 2.7935
[Tracker] Saved snapshot: ep0670_phase1_class1
[Tracker] Ep  671 | AvgR 0.0002 | Global 0.7415 | Local 0.2436 | F1_macro 0.4797 | WorstLoss 2.7437
[Tracker] Ep  672 | AvgR 0.0002 | Global 0.8143 | Local 0.2014 | F1_macro 0.4904 | WorstLoss 2.6656
[Tracker] Ep  673 | AvgR 0.0002 | Global 0.7374 | Local 0.2519 | F1_macro 0.4886 | WorstLoss 2.8687
[Tracker] Ep  674 | AvgR 0.0002 | Global 0.7344 | Local 0.2478 | F1_macro 0.4938 | WorstLoss 3.0071
[Tracker] Ep  675 | AvgR 0.0002 | Global 0.6785 | Local 0.2164 | F1_macro 0.4883 | WorstLoss 2.8780
[Tracker] Saved snapshot: ep0675_phase1_class1
[Tracker] Ep  676 | AvgR 0.0003 | Global 0.7292 | Local 0.3025 | F1_macro 0.4819 | WorstLoss 2.7681
[Tracker] Ep  677 | AvgR 0.0003 | Global 0.8016 | Local 0.2354 | F1_macro 0.4810 | WorstLoss 2.6225
[Tracker] Ep  678 | AvgR 0.0002 | Global 0.7487 | Local 0.2382 | F1_macro 0.4976 | WorstLoss 2.8501
[Tracker] Ep  679 | AvgR 0.0002 | Global 0.7838 | Local 0.2315 | F1_macro 0.4901 | WorstLoss 2.6094
[Tracker] Ep  680 | AvgR 0.0002 | Global 0.6802 | Local 0.2678 | F1_macro 0.4875 | WorstLoss 3.0023
[Tracker] Saved snapshot: ep0680_phase1_class1
[Tracker] Ep  681 | AvgR 0.0002 | Global 0.7321 | Local 0.2475 | F1_macro 0.4800 | WorstLoss 2.8153
[Tracker] Ep  682 | AvgR 0.0002 | Global 0.7946 | Local 0.1966 | F1_macro 0.4875 | WorstLoss 2.8187
[Tracker] Ep  683 | AvgR 0.0003 | Global 0.8001 | Local 0.2905 | F1_macro 0.4956 | WorstLoss 2.7079
[Tracker] Ep  684 | AvgR 0.0003 | Global 0.7359 | Local 0.2961 | F1_macro 0.4827 | WorstLoss 2.6030
[Tracker] Ep  685 | AvgR 0.0003 | Global 0.7922 | Local 0.2995 | F1_macro 0.4796 | WorstLoss 2.7867
[Tracker] Saved snapshot: ep0685_phase1_class1
[Tracker] Ep  686 | AvgR 0.0002 | Global 0.7661 | Local 0.2061 | F1_macro 0.4809 | WorstLoss 2.8628
[Tracker] Ep  687 | AvgR 0.0001 | Global 0.3479 | Local 0.1946 | F1_macro 0.4921 | WorstLoss 3.2587
[Tracker] Ep  688 | AvgR 0.0002 | Global 0.6658 | Local 0.2884 | F1_macro 0.4722 | WorstLoss 2.6447
[Tracker] Ep  689 | AvgR 0.0002 | Global 0.7405 | Local 0.2539 | F1_macro 0.4815 | WorstLoss 2.7709
[Tracker] Ep  690 | AvgR 0.0003 | Global 0.7873 | Local 0.2463 | F1_macro 0.4891 | WorstLoss 2.8555
[Tracker] Saved snapshot: ep0690_phase1_class1
[Tracker] Ep  691 | AvgR 0.0003 | Global 0.7750 | Local 0.2597 | F1_macro 0.4877 | WorstLoss 2.7869
[Tracker] Ep  692 | AvgR 0.0002 | Global 0.6023 | Local 0.2710 | F1_macro 0.4808 | WorstLoss 3.0645
[Tracker] Ep  693 | AvgR 0.0003 | Global 0.7984 | Local 0.2398 | F1_macro 0.4820 | WorstLoss 2.4081
[Tracker] Ep  694 | AvgR 0.0003 | Global 0.7918 | Local 0.2867 | F1_macro 0.4826 | WorstLoss 2.6240
[Tracker] Ep  695 | AvgR 0.0002 | Global 0.7375 | Local 0.2805 | F1_macro 0.4826 | WorstLoss 2.9439
[Tracker] Saved snapshot: ep0695_phase1_class1
[Tracker] Ep  696 | AvgR 0.0002 | Global 0.6165 | Local 0.3207 | F1_macro 0.4836 | WorstLoss 3.0067
[Tracker] Ep  697 | AvgR 0.0003 | Global 0.7936 | Local 0.2593 | F1_macro 0.4800 | WorstLoss 2.4125
[Tracker] Ep  698 | AvgR 0.0003 | Global 0.8023 | Local 0.2462 | F1_macro 0.4911 | WorstLoss 2.8173
[Tracker] Ep  699 | AvgR 0.0002 | Global 0.7107 | Local 0.2671 | F1_macro 0.4899 | WorstLoss 3.0396
[Tracker] Ep  700 | AvgR 0.0002 | Global 0.8087 | Local 0.1934 | F1_macro 0.4854 | WorstLoss 2.7816
[Tracker] Saved snapshot: ep0700_phase1_class1
[Tracker] Ep  701 | AvgR 0.0003 | Global 0.7610 | Local 0.3175 | F1_macro 0.4823 | WorstLoss 2.5480
[Tracker] Ep  702 | AvgR 0.0003 | Global 0.8116 | Local 0.2371 | F1_macro 0.4885 | WorstLoss 2.6353
[Tracker] Ep  703 | AvgR 0.0003 | Global 0.7913 | Local 0.2455 | F1_macro 0.4929 | WorstLoss 2.7569
[Tracker] Ep  704 | AvgR 0.0003 | Global 0.7508 | Local 0.2852 | F1_macro 0.4795 | WorstLoss 2.8184
[Tracker] Ep  705 | AvgR 0.0003 | Global 0.8119 | Local 0.2681 | F1_macro 0.4867 | WorstLoss 2.7534
[Tracker] Saved snapshot: ep0705_phase1_class1
[Tracker] Ep  706 | AvgR 0.0003 | Global 0.8244 | Local 0.2300 | F1_macro 0.4870 | WorstLoss 2.5723
[Tracker] Ep  707 | AvgR 0.0003 | Global 0.8140 | Local 0.2607 | F1_macro 0.4925 | WorstLoss 2.3066
[Tracker] Ep  708 | AvgR 0.0002 | Global 0.7876 | Local 0.2361 | F1_macro 0.4880 | WorstLoss 2.8862
[Tracker] Ep  709 | AvgR 0.0003 | Global 0.8372 | Local 0.2319 | F1_macro 0.4933 | WorstLoss 2.6731
[Tracker] Ep  710 | AvgR 0.0003 | Global 0.7853 | Local 0.2639 | F1_macro 0.4813 | WorstLoss 2.7569
[Tracker] Saved snapshot: ep0710_phase1_class1
[Tracker] Ep  711 | AvgR 0.0002 | Global 0.7402 | Local 0.2745 | F1_macro 0.4798 | WorstLoss 2.8271
[Tracker] Ep  712 | AvgR 0.0003 | Global 0.7998 | Local 0.2421 | F1_macro 0.4809 | WorstLoss 2.6693
[Tracker] Ep  713 | AvgR 0.0002 | Global 0.7154 | Local 0.2872 | F1_macro 0.4793 | WorstLoss 2.7970
[Tracker] Ep  714 | AvgR 0.0003 | Global 0.7420 | Local 0.2950 | F1_macro 0.4774 | WorstLoss 2.8920
[Tracker] Ep  715 | AvgR 0.0003 | Global 0.7847 | Local 0.2758 | F1_macro 0.4811 | WorstLoss 2.8118
[Tracker] Saved snapshot: ep0715_phase1_class1
[Tracker] Ep  716 | AvgR 0.0003 | Global 0.7989 | Local 0.2350 | F1_macro 0.4886 | WorstLoss 2.5372
[Tracker] Ep  717 | AvgR 0.0002 | Global 0.7751 | Local 0.2247 | F1_macro 0.4890 | WorstLoss 2.8205
[Tracker] Ep  718 | AvgR 0.0002 | Global 0.6857 | Local 0.3127 | F1_macro 0.4772 | WorstLoss 2.9877
[Tracker] Ep  719 | AvgR 0.0002 | Global 0.7224 | Local 0.2152 | F1_macro 0.4837 | WorstLoss 3.0084
[Tracker] Ep  720 | AvgR 0.0003 | Global 0.8031 | Local 0.2693 | F1_macro 0.4791 | WorstLoss 2.6671
[Tracker] Saved snapshot: ep0720_phase1_class1
[Tracker] Ep  721 | AvgR 0.0002 | Global 0.7657 | Local 0.2213 | F1_macro 0.4843 | WorstLoss 2.7953
[Tracker] Ep  722 | AvgR 0.0002 | Global 0.7695 | Local 0.1947 | F1_macro 0.4866 | WorstLoss 2.8243
[Tracker] Ep  723 | AvgR 0.0002 | Global 0.8148 | Local 0.1962 | F1_macro 0.4877 | WorstLoss 2.4315
[Tracker] Ep  724 | AvgR 0.0002 | Global 0.7219 | Local 0.2448 | F1_macro 0.4792 | WorstLoss 2.8517
[Tracker] Ep  725 | AvgR 0.0002 | Global 0.7864 | Local 0.2301 | F1_macro 0.4859 | WorstLoss 2.7314
[Tracker] Saved snapshot: ep0725_phase1_class1
[Tracker] Ep  726 | AvgR 0.0003 | Global 0.8178 | Local 0.2337 | F1_macro 0.4800 | WorstLoss 2.6637
[Tracker] Ep  727 | AvgR 0.0003 | Global 0.8132 | Local 0.2199 | F1_macro 0.4856 | WorstLoss 2.8528
[Tracker] Ep  728 | AvgR 0.0003 | Global 0.7566 | Local 0.2911 | F1_macro 0.4780 | WorstLoss 2.7446
[Tracker] Ep  729 | AvgR 0.0002 | Global 0.7613 | Local 0.2342 | F1_macro 0.4822 | WorstLoss 2.7636
[Tracker] Ep  730 | AvgR 0.0002 | Global 0.6870 | Local 0.2699 | F1_macro 0.4754 | WorstLoss 3.0575
[Tracker] Saved snapshot: ep0730_phase1_class1
[Tracker] Ep  731 | AvgR 0.0003 | Global 0.7490 | Local 0.3006 | F1_macro 0.4848 | WorstLoss 2.7399
[Tracker] Ep  732 | AvgR 0.0002 | Global 0.8127 | Local 0.2011 | F1_macro 0.4845 | WorstLoss 2.6395
[Tracker] Ep  733 | AvgR 0.0002 | Global 0.6322 | Local 0.2492 | F1_macro 0.4797 | WorstLoss 3.0688
[Tracker] Ep  734 | AvgR 0.0002 | Global 0.7773 | Local 0.2308 | F1_macro 0.4924 | WorstLoss 2.6088
[Tracker] Ep  735 | AvgR 0.0002 | Global 0.7471 | Local 0.2604 | F1_macro 0.4903 | WorstLoss 2.9883
[Tracker] Saved snapshot: ep0735_phase1_class1
[Tracker] Ep  736 | AvgR 0.0003 | Global 0.7564 | Local 0.3108 | F1_macro 0.4790 | WorstLoss 2.7156
[Tracker] Ep  737 | AvgR 0.0003 | Global 0.7783 | Local 0.2669 | F1_macro 0.4817 | WorstLoss 2.8231
[Tracker] Ep  738 | AvgR 0.0003 | Global 0.7878 | Local 0.2513 | F1_macro 0.4862 | WorstLoss 2.6521
[Tracker] Ep  739 | AvgR 0.0003 | Global 0.8114 | Local 0.2146 | F1_macro 0.4851 | WorstLoss 2.8308
[Tracker] Ep  740 | AvgR 0.0003 | Global 0.8118 | Local 0.2195 | F1_macro 0.4808 | WorstLoss 2.6781
[Tracker] Saved snapshot: ep0740_phase1_class1
[Tracker] Ep  741 | AvgR 0.0003 | Global 0.7343 | Local 0.2800 | F1_macro 0.4908 | WorstLoss 2.9780
[Tracker] Ep  742 | AvgR 0.0003 | Global 0.8148 | Local 0.3089 | F1_macro 0.4842 | WorstLoss 2.7095
[Tracker] Ep  743 | AvgR 0.0002 | Global 0.6820 | Local 0.2665 | F1_macro 0.4782 | WorstLoss 3.0350
[Tracker] Ep  744 | AvgR 0.0003 | Global 0.7682 | Local 0.2681 | F1_macro 0.4699 | WorstLoss 2.7077
[Tracker] Ep  745 | AvgR 0.0003 | Global 0.8026 | Local 0.2482 | F1_macro 0.4915 | WorstLoss 2.6094
[Tracker] Saved snapshot: ep0745_phase1_class1
[Tracker] Ep  746 | AvgR 0.0003 | Global 0.6824 | Local 0.3272 | F1_macro 0.4738 | WorstLoss 2.9952
[Tracker] Ep  747 | AvgR 0.0002 | Global 0.6898 | Local 0.3141 | F1_macro 0.4840 | WorstLoss 2.7687
[Tracker] Ep  748 | AvgR 0.0003 | Global 0.7831 | Local 0.2568 | F1_macro 0.4816 | WorstLoss 2.6228
[Tracker] Ep  749 | AvgR 0.0003 | Global 0.8598 | Local 0.2440 | F1_macro 0.4922 | WorstLoss 2.6261
[Tracker] Ep  750 | AvgR 0.0003 | Global 0.7940 | Local 0.2722 | F1_macro 0.4823 | WorstLoss 2.8579
[Tracker] Saved snapshot: ep0750_phase1_class1
[Tracker] Ep  751 | AvgR 0.0002 | Global 0.7436 | Local 0.2608 | F1_macro 0.4832 | WorstLoss 2.9417
[Tracker] Ep  752 | AvgR 0.0003 | Global 0.7527 | Local 0.2644 | F1_macro 0.4883 | WorstLoss 2.8805
[Tracker] Ep  753 | AvgR 0.0003 | Global 0.7934 | Local 0.2815 | F1_macro 0.4832 | WorstLoss 2.6073
[Tracker] Ep  754 | AvgR 0.0003 | Global 0.7127 | Local 0.2982 | F1_macro 0.4688 | WorstLoss 2.8956
[Tracker] Ep  755 | AvgR 0.0003 | Global 0.7771 | Local 0.2375 | F1_macro 0.4812 | WorstLoss 2.6566
[Tracker] Saved snapshot: ep0755_phase1_class1
[Tracker] Ep  756 | AvgR 0.0003 | Global 0.8211 | Local 0.1940 | F1_macro 0.4825 | WorstLoss 2.7041
[Tracker] Ep  757 | AvgR 0.0003 | Global 0.7280 | Local 0.2997 | F1_macro 0.4834 | WorstLoss 2.8161
[Tracker] Ep  758 | AvgR 0.0003 | Global 0.8104 | Local 0.2838 | F1_macro 0.4888 | WorstLoss 2.6437
[Tracker] Ep  759 | AvgR 0.0003 | Global 0.7512 | Local 0.2667 | F1_macro 0.4832 | WorstLoss 2.7090
[Tracker] Ep  760 | AvgR 0.0003 | Global 0.7879 | Local 0.2655 | F1_macro 0.4880 | WorstLoss 2.6753
[Tracker] Saved snapshot: ep0760_phase1_class1
[Tracker] Ep  761 | AvgR 0.0003 | Global 0.7481 | Local 0.2900 | F1_macro 0.4788 | WorstLoss 2.7832
[Tracker] Ep  762 | AvgR 0.0003 | Global 0.7585 | Local 0.2784 | F1_macro 0.4858 | WorstLoss 2.5268
[Tracker] Ep  763 | AvgR 0.0003 | Global 0.7527 | Local 0.2651 | F1_macro 0.4888 | WorstLoss 2.8275
[Tracker] Ep  764 | AvgR 0.0003 | Global 0.7517 | Local 0.3120 | F1_macro 0.4794 | WorstLoss 2.4751
[Tracker] Ep  765 | AvgR 0.0003 | Global 0.8254 | Local 0.2962 | F1_macro 0.4897 | WorstLoss 2.3917
[Tracker] Saved snapshot: ep0765_phase1_class1
[Tracker] Ep  766 | AvgR 0.0003 | Global 0.7724 | Local 0.2817 | F1_macro 0.4848 | WorstLoss 2.4336
[Tracker] Ep  767 | AvgR 0.0003 | Global 0.8109 | Local 0.2376 | F1_macro 0.4821 | WorstLoss 2.7499
[Tracker] Ep  768 | AvgR 0.0003 | Global 0.7785 | Local 0.2732 | F1_macro 0.4768 | WorstLoss 2.6648
[Tracker] Ep  769 | AvgR 0.0003 | Global 0.7477 | Local 0.2706 | F1_macro 0.4870 | WorstLoss 2.9743
[Tracker] Ep  770 | AvgR 0.0003 | Global 0.7756 | Local 0.2738 | F1_macro 0.4832 | WorstLoss 2.9070
[Tracker] Saved snapshot: ep0770_phase1_class1
[Tracker] Ep  771 | AvgR 0.0003 | Global 0.7931 | Local 0.2859 | F1_macro 0.4898 | WorstLoss 2.6810
[Tracker] Ep  772 | AvgR 0.0002 | Global 0.8145 | Local 0.1828 | F1_macro 0.4855 | WorstLoss 2.8642
[Tracker] Ep  773 | AvgR 0.0002 | Global 0.7593 | Local 0.2422 | F1_macro 0.4764 | WorstLoss 2.8200
[Tracker] Ep  774 | AvgR 0.0003 | Global 0.7600 | Local 0.2512 | F1_macro 0.4816 | WorstLoss 2.9008
[Tracker] Ep  775 | AvgR 0.0003 | Global 0.7975 | Local 0.2732 | F1_macro 0.4809 | WorstLoss 2.6091
[Tracker] Saved snapshot: ep0775_phase1_class1
[Tracker] Ep  776 | AvgR 0.0003 | Global 0.8034 | Local 0.2742 | F1_macro 0.4818 | WorstLoss 2.6732
[Tracker] Ep  777 | AvgR 0.0002 | Global 0.7415 | Local 0.2503 | F1_macro 0.4890 | WorstLoss 2.6775
[Tracker] Ep  778 | AvgR 0.0002 | Global 0.6985 | Local 0.2648 | F1_macro 0.4797 | WorstLoss 2.5787
[Tracker] Ep  779 | AvgR 0.0003 | Global 0.7377 | Local 0.3362 | F1_macro 0.4751 | WorstLoss 2.2623
[Tracker] Ep  780 | AvgR 0.0002 | Global 0.7825 | Local 0.2087 | F1_macro 0.4804 | WorstLoss 2.5606
[Tracker] Saved snapshot: ep0780_phase1_class1
[Tracker] Ep  781 | AvgR 0.0003 | Global 0.7734 | Local 0.2874 | F1_macro 0.4792 | WorstLoss 2.6915
[Tracker] Ep  782 | AvgR 0.0002 | Global 0.6949 | Local 0.2075 | F1_macro 0.4846 | WorstLoss 3.0345
[Tracker] Ep  783 | AvgR 0.0003 | Global 0.7768 | Local 0.2763 | F1_macro 0.4787 | WorstLoss 2.4588
[Tracker] Ep  784 | AvgR 0.0003 | Global 0.7781 | Local 0.2499 | F1_macro 0.4782 | WorstLoss 2.7877
[Tracker] Ep  785 | AvgR 0.0003 | Global 0.7818 | Local 0.3275 | F1_macro 0.4873 | WorstLoss 2.5725
[Tracker] Saved snapshot: ep0785_phase1_class1
[Tracker] Ep  786 | AvgR 0.0002 | Global 0.7511 | Local 0.2519 | F1_macro 0.4806 | WorstLoss 2.7992
[Tracker] Ep  787 | AvgR 0.0002 | Global 0.6802 | Local 0.3125 | F1_macro 0.4816 | WorstLoss 2.7237
[Tracker] Ep  788 | AvgR 0.0003 | Global 0.7900 | Local 0.2369 | F1_macro 0.4760 | WorstLoss 2.6649
[Tracker] Ep  789 | AvgR 0.0003 | Global 0.7986 | Local 0.2499 | F1_macro 0.4784 | WorstLoss 2.6041
[Tracker] Ep  790 | AvgR 0.0003 | Global 0.7634 | Local 0.2632 | F1_macro 0.4824 | WorstLoss 2.9589
[Tracker] Saved snapshot: ep0790_phase1_class1
[Tracker] Ep  791 | AvgR 0.0003 | Global 0.7940 | Local 0.2527 | F1_macro 0.4796 | WorstLoss 2.7581
[Tracker] Ep  792 | AvgR 0.0003 | Global 0.8377 | Local 0.2653 | F1_macro 0.4881 | WorstLoss 2.6558
[Tracker] Ep  793 | AvgR 0.0002 | Global 0.7575 | Local 0.2298 | F1_macro 0.4775 | WorstLoss 2.6794
[Tracker] Ep  794 | AvgR 0.0003 | Global 0.7725 | Local 0.3313 | F1_macro 0.4870 | WorstLoss 2.8014
[Tracker] Ep  795 | AvgR 0.0003 | Global 0.8041 | Local 0.2378 | F1_macro 0.4777 | WorstLoss 2.8381
[Tracker] Saved snapshot: ep0795_phase1_class1
[Tracker] Ep  796 | AvgR 0.0003 | Global 0.8179 | Local 0.2483 | F1_macro 0.4871 | WorstLoss 2.6610
[Tracker] Ep  797 | AvgR 0.0003 | Global 0.7952 | Local 0.2556 | F1_macro 0.4852 | WorstLoss 2.7509
[Tracker] Ep  798 | AvgR 0.0003 | Global 0.8137 | Local 0.2415 | F1_macro 0.4772 | WorstLoss 2.6500
[Tracker] Ep  799 | AvgR 0.0002 | Global 0.7333 | Local 0.2504 | F1_macro 0.4811 | WorstLoss 2.6091
[Tracker] Ep  800 | AvgR 0.0003 | Global 0.7895 | Local 0.2388 | F1_macro 0.4841 | WorstLoss 2.6459
[Tracker] Saved snapshot: ep0800_phase1_class1
[Phase] Finished phase1_class1 | best global_obj=0.9614
Phase 2 anchors: 1102 (y=0 & disadv=0)
FFNN Using device: cuda:0

============================================================
[Phase] Starting phase2_class0 | target_class=0 | episodes=200
============================================================
[Tracker] Ep    1 | AvgR 0.0001 | Global 0.9646 | Local 0.0070 | F1_macro 0.5704 | WorstLoss 2.8065
[Tracker] New BEST synthetic [phase2_class0] (by global.global_obj: 0.964645) saved.
[Tracker] BEST β weights [phase2_class0] saved -> training_runs/SPECv16_bias05_rl_credit_3seeds_EP800_PCA10_REWfairness_minID1_majID0_TRJ2000_REAL3000_BIAS0.05_GG202603180833_a8116e4e/seed_42/best_beta_state_dict_phase2_class0.pt
[Tracker] Ep    2 | AvgR 0.0001 | Global 0.9424 | Local 0.0118 | F1_macro 0.5397 | WorstLoss 2.8882
[Tracker] Ep    3 | AvgR 0.0001 | Global 0.8430 | Local 0.0137 | F1_macro 0.5504 | WorstLoss 3.0392
[Tracker] Ep    4 | AvgR 0.0001 | Global 0.7782 | Local 0.0066 | F1_macro 0.5311 | WorstLoss 3.1020
[Tracker] Ep    5 | AvgR 0.0001 | Global 0.7703 | Local 0.0085 | F1_macro 0.5235 | WorstLoss 3.0975
[Tracker] Saved snapshot: ep0005_phase2_class0
[Tracker] Ep    6 | AvgR 0.0002 | Global 0.9882 | Local 0.0171 | F1_macro 0.5566 | WorstLoss 2.6188
[Tracker] New BEST synthetic [phase2_class0] (by global.global_obj: 0.988210) saved.
[Tracker] BEST β weights [phase2_class0] saved -> training_runs/SPECv16_bias05_rl_credit_3seeds_EP800_PCA10_REWfairness_minID1_majID0_TRJ2000_REAL3000_BIAS0.05_GG202603180833_a8116e4e/seed_42/best_beta_state_dict_phase2_class0.pt
[Tracker] Ep    7 | AvgR 0.0002 | Global 0.9491 | Local 0.0187 | F1_macro 0.5288 | WorstLoss 2.4800
[Tracker] Ep    8 | AvgR 0.0001 | Global 0.6409 | Local 0.0069 | F1_macro 0.5193 | WorstLoss 3.1679
[Tracker] Ep    9 | AvgR 0.0002 | Global 0.9749 | Local 0.0119 | F1_macro 0.5230 | WorstLoss 2.7740
[Tracker] Ep   10 | AvgR 0.0001 | Global 0.8778 | Local 0.0151 | F1_macro 0.5144 | WorstLoss 3.0187
[Tracker] Saved snapshot: ep0010_phase2_class0
[Tracker] Ep   11 | AvgR 0.0002 | Global 0.9556 | Local 0.0110 | F1_macro 0.5136 | WorstLoss 2.9239
[Tracker] Ep   12 | AvgR 0.0002 | Global 0.9736 | Local 0.0062 | F1_macro 0.5556 | WorstLoss 2.8058
[Tracker] Ep   13 | AvgR 0.0002 | Global 0.9811 | Local 0.0142 | F1_macro 0.5277 | WorstLoss 2.7765
[Tracker] Ep   14 | AvgR 0.0002 | Global 0.9632 | Local 0.0130 | F1_macro 0.5612 | WorstLoss 2.9029
[Tracker] Ep   15 | AvgR 0.0001 | Global 0.5116 | Local 0.0058 | F1_macro 0.5705 | WorstLoss 3.2227
[Tracker] Saved snapshot: ep0015_phase2_class0
[Tracker] Ep   16 | AvgR 0.0002 | Global 0.9624 | Local 0.0225 | F1_macro 0.5118 | WorstLoss 2.7188
[Tracker] Ep   17 | AvgR 0.0002 | Global 0.9644 | Local 0.0048 | F1_macro 0.5321 | WorstLoss 2.7917
[Tracker] Ep   18 | AvgR 0.0002 | Global 0.9369 | Local 0.0079 | F1_macro 0.5680 | WorstLoss 2.8890
[Tracker] Ep   19 | AvgR 0.0002 | Global 0.9785 | Local 0.0103 | F1_macro 0.5707 | WorstLoss 2.7314
[Tracker] Ep   20 | AvgR 0.0002 | Global 0.9529 | Local 0.0223 | F1_macro 0.5162 | WorstLoss 2.9070
[Tracker] Saved snapshot: ep0020_phase2_class0
[Tracker] Ep   21 | AvgR 0.0001 | Global 0.7826 | Local 0.0069 | F1_macro 0.5212 | WorstLoss 3.0956
[Tracker] Ep   22 | AvgR 0.0001 | Global 0.7235 | Local 0.0132 | F1_macro 0.5273 | WorstLoss 3.1124
[Tracker] Ep   23 | AvgR 0.0002 | Global 0.9878 | Local 0.0265 | F1_macro 0.5307 | WorstLoss 2.6674
[Tracker] Ep   24 | AvgR 0.0002 | Global 0.9910 | Local 0.0095 | F1_macro 0.5394 | WorstLoss 2.7627
[Tracker] New BEST synthetic [phase2_class0] (by global.global_obj: 0.991033) saved.
[Tracker] BEST β weights [phase2_class0] saved -> training_runs/SPECv16_bias05_rl_credit_3seeds_EP800_PCA10_REWfairness_minID1_majID0_TRJ2000_REAL3000_BIAS0.05_GG202603180833_a8116e4e/seed_42/best_beta_state_dict_phase2_class0.pt
[Tracker] Ep   25 | AvgR 0.0001 | Global 0.8839 | Local 0.0077 | F1_macro 0.5207 | WorstLoss 3.0015
[Tracker] Saved snapshot: ep0025_phase2_class0
[Tracker] Ep   26 | AvgR 0.0001 | Global 0.9020 | Local 0.0028 | F1_macro 0.5100 | WorstLoss 2.9821
[Tracker] Ep   27 | AvgR 0.0001 | Global 0.5612 | Local 0.0202 | F1_macro 0.5220 | WorstLoss 3.2024
[Tracker] Ep   28 | AvgR 0.0001 | Global 0.3455 | Local 0.0232 | F1_macro 0.5331 | WorstLoss 3.2928
[Tracker] Ep   29 | AvgR 0.0001 | Global 0.3831 | Local 0.0126 | F1_macro 0.5630 | WorstLoss 3.2714
[Tracker] Ep   30 | AvgR 0.0002 | Global 0.9232 | Local 0.0091 | F1_macro 0.5372 | WorstLoss 2.9083
[Tracker] Saved snapshot: ep0030_phase2_class0
[Tracker] Ep   31 | AvgR 0.0002 | Global 0.9246 | Local 0.0091 | F1_macro 0.5405 | WorstLoss 2.9481
[Tracker] Ep   32 | AvgR 0.0002 | Global 0.9863 | Local 0.0116 | F1_macro 0.5397 | WorstLoss 2.3877
[Tracker] Ep   33 | AvgR 0.0002 | Global 0.9507 | Local 0.0217 | F1_macro 0.5544 | WorstLoss 2.8170
[Tracker] Ep   34 | AvgR 0.0001 | Global 0.8646 | Local 0.0128 | F1_macro 0.5499 | WorstLoss 3.0032
[Tracker] Ep   35 | AvgR 0.0002 | Global 0.8878 | Local 0.0095 | F1_macro 0.5177 | WorstLoss 2.9968
[Tracker] Saved snapshot: ep0035_phase2_class0
[Tracker] Ep   36 | AvgR 0.0001 | Global 0.8396 | Local 0.0068 | F1_macro 0.5143 | WorstLoss 3.0352
[Tracker] Ep   37 | AvgR 0.0002 | Global 0.9406 | Local 0.0103 | F1_macro 0.5244 | WorstLoss 2.9014
[Tracker] Ep   38 | AvgR 0.0002 | Global 0.9275 | Local 0.0196 | F1_macro 0.5511 | WorstLoss 2.9615
[Tracker] Ep   39 | AvgR 0.0002 | Global 0.9134 | Local 0.0155 | F1_macro 0.5314 | WorstLoss 2.9475
[Tracker] Ep   40 | AvgR 0.0001 | Global 0.2777 | Local 0.0109 | F1_macro 0.5036 | WorstLoss 3.3235
[Tracker] Saved snapshot: ep0040_phase2_class0
[Tracker] Ep   41 | AvgR 0.0000 | Global 0.2795 | Local 0.0048 | F1_macro 0.5003 | WorstLoss 3.3236
[Tracker] Ep   42 | AvgR 0.0000 | Global 0.2003 | Local 0.0050 | F1_macro 0.5084 | WorstLoss 3.3665
[Tracker] Ep   43 | AvgR 0.0002 | Global 0.9605 | Local 0.0091 | F1_macro 0.5442 | WorstLoss 2.8482
[Tracker] Ep   44 | AvgR 0.0002 | Global 0.9393 | Local 0.0176 | F1_macro 0.5590 | WorstLoss 2.8384
[Tracker] Ep   45 | AvgR 0.0002 | Global 0.9632 | Local 0.0134 | F1_macro 0.5446 | WorstLoss 2.8694
[Tracker] Saved snapshot: ep0045_phase2_class0
[Tracker] Ep   46 | AvgR 0.0002 | Global 0.8745 | Local 0.0075 | F1_macro 0.5279 | WorstLoss 3.0169
[Tracker] Ep   47 | AvgR 0.0002 | Global 0.9567 | Local 0.0160 | F1_macro 0.5293 | WorstLoss 2.9238
[Tracker] Ep   48 | AvgR 0.0001 | Global 0.5555 | Local 0.0090 | F1_macro 0.5167 | WorstLoss 3.2060
[Tracker] Ep   49 | AvgR 0.0002 | Global 0.8625 | Local 0.0158 | F1_macro 0.5133 | WorstLoss 3.0118
[Tracker] Ep   50 | AvgR 0.0002 | Global 0.9392 | Local 0.0058 | F1_macro 0.5294 | WorstLoss 2.8832
[Tracker] Saved snapshot: ep0050_phase2_class0
[Tracker] Ep   51 | AvgR 0.0001 | Global 0.3428 | Local 0.0176 | F1_macro 0.5130 | WorstLoss 3.2913
[Tracker] Ep   52 | AvgR 0.0002 | Global 0.9734 | Local 0.0078 | F1_macro 0.5519 | WorstLoss 2.8709
[Tracker] Ep   53 | AvgR 0.0002 | Global 0.8610 | Local 0.0096 | F1_macro 0.5476 | WorstLoss 3.0288
[Tracker] Ep   54 | AvgR 0.0002 | Global 0.9223 | Local 0.0043 | F1_macro 0.5360 | WorstLoss 2.9578
[Tracker] Ep   55 | AvgR 0.0002 | Global 0.8788 | Local 0.0113 | F1_macro 0.5519 | WorstLoss 3.0120
[Tracker] Saved snapshot: ep0055_phase2_class0
[Tracker] Ep   56 | AvgR 0.0001 | Global 0.7087 | Local 0.0068 | F1_macro 0.5335 | WorstLoss 3.1379
[Tracker] Ep   57 | AvgR 0.0002 | Global 0.9774 | Local 0.0075 | F1_macro 0.5442 | WorstLoss 2.5210
[Tracker] Ep   58 | AvgR 0.0002 | Global 0.9841 | Local 0.0045 | F1_macro 0.5653 | WorstLoss 2.6745
[Tracker] Ep   59 | AvgR 0.0002 | Global 0.9548 | Local 0.0070 | F1_macro 0.5501 | WorstLoss 2.8653
[Tracker] Ep   60 | AvgR 0.0002 | Global 0.9161 | Local 0.0122 | F1_macro 0.5196 | WorstLoss 2.9231
[Tracker] Saved snapshot: ep0060_phase2_class0
[Tracker] Ep   61 | AvgR 0.0000 | Global 0.2134 | Local 0.0078 | F1_macro 0.5098 | WorstLoss 3.3555
[Tracker] Ep   62 | AvgR 0.0002 | Global 0.9885 | Local 0.0155 | F1_macro 0.5693 | WorstLoss 2.6951
[Tracker] Ep   63 | AvgR 0.0001 | Global 0.6439 | Local 0.0076 | F1_macro 0.5025 | WorstLoss 3.1600
[Tracker] Ep   64 | AvgR 0.0002 | Global 0.9628 | Local 0.0094 | F1_macro 0.5476 | WorstLoss 2.8578
[Tracker] Ep   65 | AvgR 0.0002 | Global 0.9844 | Local 0.0200 | F1_macro 0.5305 | WorstLoss 2.8141
[Tracker] Saved snapshot: ep0065_phase2_class0
[Tracker] Ep   66 | AvgR 0.0002 | Global 0.9721 | Local 0.0049 | F1_macro 0.5660 | WorstLoss 2.8024
[Tracker] Ep   67 | AvgR 0.0002 | Global 0.8486 | Local 0.0068 | F1_macro 0.5752 | WorstLoss 3.0468
[Tracker] Ep   68 | AvgR 0.0002 | Global 0.9629 | Local 0.0230 | F1_macro 0.5431 | WorstLoss 2.7465
[Tracker] Ep   69 | AvgR 0.0002 | Global 0.9738 | Local 0.0071 | F1_macro 0.5583 | WorstLoss 2.7937
[Tracker] Ep   70 | AvgR 0.0001 | Global 0.7553 | Local 0.0282 | F1_macro 0.5360 | WorstLoss 3.1047
[Tracker] Saved snapshot: ep0070_phase2_class0
[Tracker] Ep   71 | AvgR 0.0000 | Global 0.2495 | Local 0.0057 | F1_macro 0.5147 | WorstLoss 3.3368
[Tracker] Ep   72 | AvgR 0.0002 | Global 0.9795 | Local 0.0084 | F1_macro 0.5523 | WorstLoss 2.6645
[Tracker] Ep   73 | AvgR 0.0002 | Global 0.9928 | Local 0.0221 | F1_macro 0.5453 | WorstLoss 2.5637
[Tracker] New BEST synthetic [phase2_class0] (by global.global_obj: 0.992818) saved.
[Tracker] BEST β weights [phase2_class0] saved -> training_runs/SPECv16_bias05_rl_credit_3seeds_EP800_PCA10_REWfairness_minID1_majID0_TRJ2000_REAL3000_BIAS0.05_GG202603180833_a8116e4e/seed_42/best_beta_state_dict_phase2_class0.pt
[Tracker] Ep   74 | AvgR 0.0002 | Global 0.7901 | Local 0.0126 | F1_macro 0.5473 | WorstLoss 3.0919
[Tracker] Ep   75 | AvgR 0.0002 | Global 0.9707 | Local 0.0021 | F1_macro 0.5386 | WorstLoss 2.7903
[Tracker] Saved snapshot: ep0075_phase2_class0
[Tracker] Ep   76 | AvgR 0.0001 | Global 0.7042 | Local 0.0072 | F1_macro 0.5287 | WorstLoss 3.1386
[Tracker] Ep   77 | AvgR 0.0001 | Global 0.5890 | Local 0.0105 | F1_macro 0.5147 | WorstLoss 3.1903
[Tracker] Ep   78 | AvgR 0.0002 | Global 0.9734 | Local 0.0073 | F1_macro 0.5303 | WorstLoss 2.7698
[Tracker] Ep   79 | AvgR 0.0001 | Global 0.6884 | Local 0.0106 | F1_macro 0.5082 | WorstLoss 3.1381
[Tracker] Ep   80 | AvgR 0.0000 | Global 0.0666 | Local 0.0067 | F1_macro 0.5121 | WorstLoss 3.4924
[Tracker] Saved snapshot: ep0080_phase2_class0
[Tracker] Ep   81 | AvgR 0.0001 | Global 0.7484 | Local 0.0104 | F1_macro 0.5214 | WorstLoss 3.1139
[Tracker] Ep   82 | AvgR 0.0002 | Global 0.9548 | Local 0.0094 | F1_macro 0.5420 | WorstLoss 2.9019
[Tracker] Ep   83 | AvgR 0.0002 | Global 0.8350 | Local 0.0042 | F1_macro 0.5306 | WorstLoss 3.0561
[Tracker] Ep   84 | AvgR 0.0002 | Global 0.9819 | Local 0.0146 | F1_macro 0.5345 | WorstLoss 2.7433
[Tracker] Ep   85 | AvgR 0.0001 | Global 0.4067 | Local 0.0102 | F1_macro 0.5094 | WorstLoss 3.2621
[Tracker] Saved snapshot: ep0085_phase2_class0
[Tracker] Ep   86 | AvgR 0.0002 | Global 0.9679 | Local 0.0187 | F1_macro 0.5197 | WorstLoss 2.7979
[Tracker] Ep   87 | AvgR 0.0002 | Global 0.9582 | Local 0.0157 | F1_macro 0.5140 | WorstLoss 2.8003
[Tracker] Ep   88 | AvgR 0.0002 | Global 0.9184 | Local 0.0132 | F1_macro 0.5664 | WorstLoss 2.9845
[Tracker] Ep   89 | AvgR 0.0002 | Global 0.8204 | Local 0.0196 | F1_macro 0.5147 | WorstLoss 3.0695
[Tracker] Ep   90 | AvgR 0.0002 | Global 0.9692 | Local 0.0136 | F1_macro 0.5385 | WorstLoss 2.7844
[Tracker] Saved snapshot: ep0090_phase2_class0
[Tracker] Ep   91 | AvgR 0.0002 | Global 0.8800 | Local 0.0255 | F1_macro 0.5128 | WorstLoss 3.0113
[Tracker] Ep   92 | AvgR 0.0002 | Global 0.9800 | Local 0.0162 | F1_macro 0.5330 | WorstLoss 2.8443
[Tracker] Ep   93 | AvgR 0.0002 | Global 0.9319 | Local 0.0066 | F1_macro 0.5298 | WorstLoss 2.9210
[Tracker] Ep   94 | AvgR 0.0002 | Global 0.8041 | Local 0.0107 | F1_macro 0.5105 | WorstLoss 3.0735
[Tracker] Ep   95 | AvgR 0.0002 | Global 0.8714 | Local 0.0031 | F1_macro 0.5144 | WorstLoss 3.0151
[Tracker] Saved snapshot: ep0095_phase2_class0
[Tracker] Ep   96 | AvgR 0.0002 | Global 0.9092 | Local 0.0076 | F1_macro 0.5331 | WorstLoss 2.9804
[Tracker] Ep   97 | AvgR 0.0002 | Global 0.9852 | Local 0.0272 | F1_macro 0.5202 | WorstLoss 2.7368
[Tracker] Ep   98 | AvgR 0.0002 | Global 0.8374 | Local 0.0126 | F1_macro 0.5130 | WorstLoss 3.0586
[Tracker] Ep   99 | AvgR 0.0002 | Global 0.8917 | Local 0.0133 | F1_macro 0.5530 | WorstLoss 2.9884
[Tracker] Ep  100 | AvgR 0.0001 | Global 0.5356 | Local 0.0207 | F1_macro 0.5059 | WorstLoss 3.2118
[Tracker] Saved snapshot: ep0100_phase2_class0
[Tracker] Ep  101 | AvgR 0.0002 | Global 0.8374 | Local 0.0105 | F1_macro 0.5383 | WorstLoss 3.0673
[Tracker] Ep  102 | AvgR 0.0000 | Global 0.1496 | Local 0.0169 | F1_macro 0.5298 | WorstLoss 3.4036
[Tracker] Ep  103 | AvgR 0.0002 | Global 0.8137 | Local 0.0106 | F1_macro 0.5212 | WorstLoss 3.0702
[Tracker] Ep  104 | AvgR 0.0002 | Global 0.9943 | Local 0.0113 | F1_macro 0.5391 | WorstLoss 2.6168
[Tracker] New BEST synthetic [phase2_class0] (by global.global_obj: 0.994328) saved.
[Tracker] BEST β weights [phase2_class0] saved -> training_runs/SPECv16_bias05_rl_credit_3seeds_EP800_PCA10_REWfairness_minID1_majID0_TRJ2000_REAL3000_BIAS0.05_GG202603180833_a8116e4e/seed_42/best_beta_state_dict_phase2_class0.pt
[Tracker] Ep  105 | AvgR 0.0002 | Global 0.9543 | Local 0.0324 | F1_macro 0.5243 | WorstLoss 2.8858
[Tracker] Saved snapshot: ep0105_phase2_class0
[Tracker] Ep  106 | AvgR 0.0002 | Global 0.9439 | Local 0.0247 | F1_macro 0.5532 | WorstLoss 2.8859
[Tracker] Ep  107 | AvgR 0.0002 | Global 0.9736 | Local 0.0170 | F1_macro 0.5733 | WorstLoss 2.6055
[Tracker] Ep  108 | AvgR 0.0002 | Global 0.9445 | Local 0.0125 | F1_macro 0.5185 | WorstLoss 2.8157
[Tracker] Ep  109 | AvgR 0.0001 | Global 0.3377 | Local 0.0086 | F1_macro 0.5002 | WorstLoss 3.2914
[Tracker] Ep  110 | AvgR 0.0002 | Global 0.8558 | Local 0.0286 | F1_macro 0.5488 | WorstLoss 3.0389
[Tracker] Saved snapshot: ep0110_phase2_class0
[Tracker] Ep  111 | AvgR 0.0002 | Global 0.7572 | Local 0.0152 | F1_macro 0.5144 | WorstLoss 3.0945
[Tracker] Ep  112 | AvgR 0.0001 | Global 0.6029 | Local 0.0094 | F1_macro 0.5354 | WorstLoss 3.1851
[Tracker] Ep  113 | AvgR 0.0001 | Global 0.4749 | Local 0.0151 | F1_macro 0.5128 | WorstLoss 3.2415
[Tracker] Ep  114 | AvgR 0.0002 | Global 0.9357 | Local 0.0120 | F1_macro 0.5590 | WorstLoss 2.9426
[Tracker] Ep  115 | AvgR 0.0002 | Global 0.9817 | Local 0.0118 | F1_macro 0.5684 | WorstLoss 2.6235
[Tracker] Saved snapshot: ep0115_phase2_class0
[Tracker] Ep  116 | AvgR 0.0002 | Global 0.9776 | Local 0.0333 | F1_macro 0.5426 | WorstLoss 2.7399
[Tracker] Ep  117 | AvgR 0.0002 | Global 0.9701 | Local 0.0081 | F1_macro 0.5591 | WorstLoss 2.6980
[Tracker] Ep  118 | AvgR 0.0000 | Global 0.2150 | Local 0.0164 | F1_macro 0.5178 | WorstLoss 3.3592
[Tracker] Ep  119 | AvgR 0.0002 | Global 0.9887 | Local 0.0122 | F1_macro 0.5358 | WorstLoss 2.7863
[Tracker] Ep  120 | AvgR 0.0002 | Global 0.9811 | Local 0.0182 | F1_macro 0.5247 | WorstLoss 2.8297
[Tracker] Saved snapshot: ep0120_phase2_class0
[Tracker] Ep  121 | AvgR 0.0002 | Global 0.9576 | Local 0.0075 | F1_macro 0.5239 | WorstLoss 2.9068
[Tracker] Ep  122 | AvgR 0.0002 | Global 0.8734 | Local 0.0110 | F1_macro 0.5282 | WorstLoss 3.0316
[Tracker] Ep  123 | AvgR 0.0002 | Global 0.9832 | Local 0.0339 | F1_macro 0.5510 | WorstLoss 2.7173
[Tracker] Ep  124 | AvgR 0.0001 | Global 0.4532 | Local 0.0116 | F1_macro 0.5140 | WorstLoss 3.2386
[Tracker] Ep  125 | AvgR 0.0002 | Global 0.9848 | Local 0.0192 | F1_macro 0.5347 | WorstLoss 2.7602
[Tracker] Saved snapshot: ep0125_phase2_class0
[Tracker] Ep  126 | AvgR 0.0002 | Global 0.8720 | Local 0.0242 | F1_macro 0.5389 | WorstLoss 3.0413
[Tracker] Ep  127 | AvgR 0.0002 | Global 0.9798 | Local 0.0162 | F1_macro 0.5372 | WorstLoss 2.8284
[Tracker] Ep  128 | AvgR 0.0002 | Global 0.7669 | Local 0.0141 | F1_macro 0.5156 | WorstLoss 3.0974
[Tracker] Ep  129 | AvgR 0.0002 | Global 0.8905 | Local 0.0093 | F1_macro 0.5486 | WorstLoss 3.0027
[Tracker] Ep  130 | AvgR 0.0002 | Global 0.9387 | Local 0.0228 | F1_macro 0.5150 | WorstLoss 2.9185
[Tracker] Saved snapshot: ep0130_phase2_class0
[Tracker] Ep  131 | AvgR 0.0002 | Global 0.9459 | Local 0.0111 | F1_macro 0.5645 | WorstLoss 2.8475
[Tracker] Ep  132 | AvgR 0.0001 | Global 0.3074 | Local 0.0096 | F1_macro 0.5260 | WorstLoss 3.3071
[Tracker] Ep  133 | AvgR 0.0001 | Global 0.5202 | Local 0.0092 | F1_macro 0.5516 | WorstLoss 3.2160
[Tracker] Ep  134 | AvgR 0.0001 | Global 0.5479 | Local 0.0117 | F1_macro 0.5339 | WorstLoss 3.2066
[Tracker] Ep  135 | AvgR 0.0002 | Global 0.9469 | Local 0.0110 | F1_macro 0.5336 | WorstLoss 2.9014
[Tracker] Saved snapshot: ep0135_phase2_class0
[Tracker] Ep  136 | AvgR 0.0002 | Global 0.9501 | Local 0.0203 | F1_macro 0.5334 | WorstLoss 2.8672
[Tracker] Ep  137 | AvgR 0.0002 | Global 0.9832 | Local 0.0120 | F1_macro 0.5395 | WorstLoss 2.6273
[Tracker] Ep  138 | AvgR 0.0002 | Global 0.9542 | Local 0.0173 | F1_macro 0.5287 | WorstLoss 2.8604
[Tracker] Ep  139 | AvgR 0.0002 | Global 0.8826 | Local 0.0188 | F1_macro 0.5118 | WorstLoss 2.9645
[Tracker] Ep  140 | AvgR 0.0002 | Global 0.9846 | Local 0.0171 | F1_macro 0.5625 | WorstLoss 2.7052
[Tracker] Saved snapshot: ep0140_phase2_class0
[Tracker] Ep  141 | AvgR 0.0002 | Global 0.8573 | Local 0.0164 | F1_macro 0.5119 | WorstLoss 3.0527
[Tracker] Ep  142 | AvgR 0.0002 | Global 0.9445 | Local 0.0142 | F1_macro 0.5196 | WorstLoss 2.8872
[Tracker] Ep  143 | AvgR 0.0001 | Global 0.4474 | Local 0.0179 | F1_macro 0.5251 | WorstLoss 3.2504
[Tracker] Ep  144 | AvgR 0.0002 | Global 0.8823 | Local 0.0154 | F1_macro 0.5180 | WorstLoss 3.0172
[Tracker] Ep  145 | AvgR 0.0002 | Global 0.8977 | Local 0.0128 | F1_macro 0.5149 | WorstLoss 2.9898
[Tracker] Saved snapshot: ep0145_phase2_class0
[Tracker] Ep  146 | AvgR 0.0002 | Global 0.9790 | Local 0.0150 | F1_macro 0.5323 | WorstLoss 2.8254
[Tracker] Ep  147 | AvgR 0.0002 | Global 0.9523 | Local 0.0175 | F1_macro 0.5333 | WorstLoss 2.9327
[Tracker] Ep  148 | AvgR 0.0002 | Global 0.8088 | Local 0.0086 | F1_macro 0.5133 | WorstLoss 3.0661
[Tracker] Ep  149 | AvgR 0.0001 | Global 0.6238 | Local 0.0120 | F1_macro 0.5167 | WorstLoss 3.1772
[Tracker] Ep  150 | AvgR 0.0001 | Global 0.3656 | Local 0.0159 | F1_macro 0.5029 | WorstLoss 3.2875
[Tracker] Saved snapshot: ep0150_phase2_class0
[Tracker] Ep  151 | AvgR 0.0001 | Global 0.4637 | Local 0.0142 | F1_macro 0.5049 | WorstLoss 3.2374
[Tracker] Ep  152 | AvgR 0.0002 | Global 0.9929 | Local 0.0103 | F1_macro 0.5590 | WorstLoss 2.7397
[Tracker] Ep  153 | AvgR 0.0002 | Global 0.9565 | Local 0.0166 | F1_macro 0.5250 | WorstLoss 2.8880
[Tracker] Ep  154 | AvgR 0.0002 | Global 0.9378 | Local 0.0161 | F1_macro 0.5220 | WorstLoss 2.8892
[Tracker] Ep  155 | AvgR 0.0002 | Global 0.9537 | Local 0.0041 | F1_macro 0.5306 | WorstLoss 2.8992
[Tracker] Saved snapshot: ep0155_phase2_class0
[Tracker] Ep  156 | AvgR 0.0002 | Global 0.7286 | Local 0.0055 | F1_macro 0.5413 | WorstLoss 3.1242
[Tracker] Ep  157 | AvgR 0.0000 | Global 0.1622 | Local 0.0133 | F1_macro 0.5042 | WorstLoss 3.3938
[Tracker] Ep  158 | AvgR 0.0002 | Global 0.9975 | Local 0.0294 | F1_macro 0.5793 | WorstLoss 2.6334
[Tracker] New BEST synthetic [phase2_class0] (by global.global_obj: 0.997523) saved.
[Tracker] BEST β weights [phase2_class0] saved -> training_runs/SPECv16_bias05_rl_credit_3seeds_EP800_PCA10_REWfairness_minID1_majID0_TRJ2000_REAL3000_BIAS0.05_GG202603180833_a8116e4e/seed_42/best_beta_state_dict_phase2_class0.pt
[Tracker] Ep  159 | AvgR 0.0001 | Global 0.3078 | Local 0.0112 | F1_macro 0.5073 | WorstLoss 3.3110
[Tracker] Ep  160 | AvgR 0.0002 | Global 0.9826 | Local 0.0206 | F1_macro 0.5288 | WorstLoss 2.6472
[Tracker] Saved snapshot: ep0160_phase2_class0
[Tracker] Ep  161 | AvgR 0.0002 | Global 0.9048 | Local 0.0412 | F1_macro 0.5284 | WorstLoss 2.9790
[Tracker] Ep  162 | AvgR 0.0000 | Global 0.0526 | Local 0.0250 | F1_macro 0.5156 | WorstLoss 3.5132
[Tracker] Ep  163 | AvgR 0.0001 | Global 0.3875 | Local 0.0260 | F1_macro 0.5241 | WorstLoss 3.2643
[Tracker] Ep  164 | AvgR 0.0002 | Global 0.9689 | Local 0.0512 | F1_macro 0.5470 | WorstLoss 2.6471
[Tracker] Ep  165 | AvgR 0.0002 | Global 0.8231 | Local 0.0291 | F1_macro 0.5431 | WorstLoss 3.0389
[Tracker] Saved snapshot: ep0165_phase2_class0
[Tracker] Ep  166 | AvgR 0.0001 | Global 0.4148 | Local 0.0429 | F1_macro 0.5327 | WorstLoss 3.2602
[Tracker] Ep  167 | AvgR 0.0002 | Global 0.8832 | Local 0.0355 | F1_macro 0.5401 | WorstLoss 2.9797
[Tracker] Ep  168 | AvgR 0.0000 | Global 0.0841 | Local 0.0183 | F1_macro 0.5301 | WorstLoss 3.4658
[Tracker] Ep  169 | AvgR 0.0002 | Global 0.9281 | Local 0.0418 | F1_macro 0.5718 | WorstLoss 2.9232
[Tracker] Ep  170 | AvgR 0.0002 | Global 0.9379 | Local 0.0443 | F1_macro 0.5450 | WorstLoss 2.8660
[Tracker] Saved snapshot: ep0170_phase2_class0
[Tracker] Ep  171 | AvgR 0.0002 | Global 0.6953 | Local 0.0382 | F1_macro 0.5308 | WorstLoss 3.1329
[Tracker] Ep  172 | AvgR 0.0002 | Global 0.9376 | Local 0.0317 | F1_macro 0.5362 | WorstLoss 2.8894
[Tracker] Ep  173 | AvgR 0.0002 | Global 0.7417 | Local 0.0180 | F1_macro 0.5190 | WorstLoss 3.1042
[Tracker] Ep  174 | AvgR 0.0001 | Global 0.5756 | Local 0.0208 | F1_macro 0.5188 | WorstLoss 3.1966
[Tracker] Ep  175 | AvgR 0.0002 | Global 0.9381 | Local 0.0565 | F1_macro 0.5376 | WorstLoss 2.7634
[Tracker] Saved snapshot: ep0175_phase2_class0
[Tracker] Ep  176 | AvgR 0.0002 | Global 0.8810 | Local 0.0306 | F1_macro 0.5284 | WorstLoss 2.9861
[Tracker] Ep  177 | AvgR 0.0002 | Global 0.9327 | Local 0.0312 | F1_macro 0.5370 | WorstLoss 2.8701
[Tracker] Ep  178 | AvgR 0.0002 | Global 0.8497 | Local 0.0253 | F1_macro 0.5243 | WorstLoss 3.0401
[Tracker] Ep  179 | AvgR 0.0002 | Global 0.9263 | Local 0.0374 | F1_macro 0.5091 | WorstLoss 2.8514
[Tracker] Ep  180 | AvgR 0.0002 | Global 0.9035 | Local 0.0296 | F1_macro 0.5133 | WorstLoss 2.8802
[Tracker] Saved snapshot: ep0180_phase2_class0
[Tracker] Ep  181 | AvgR 0.0003 | Global 0.9684 | Local 0.0692 | F1_macro 0.5541 | WorstLoss 2.7034
[Tracker] Ep  182 | AvgR 0.0002 | Global 0.8328 | Local 0.0210 | F1_macro 0.5364 | WorstLoss 3.0393
[Tracker] Ep  183 | AvgR 0.0002 | Global 0.9208 | Local 0.0495 | F1_macro 0.5103 | WorstLoss 2.9530
[Tracker] Ep  184 | AvgR 0.0001 | Global 0.5787 | Local 0.0281 | F1_macro 0.5565 | WorstLoss 3.1906
[Tracker] Ep  185 | AvgR 0.0002 | Global 0.7807 | Local 0.0282 | F1_macro 0.5353 | WorstLoss 3.0867
[Tracker] Saved snapshot: ep0185_phase2_class0
[Tracker] Ep  186 | AvgR 0.0002 | Global 0.9355 | Local 0.0283 | F1_macro 0.5425 | WorstLoss 2.9163
[Tracker] Ep  187 | AvgR 0.0002 | Global 0.8429 | Local 0.0227 | F1_macro 0.5553 | WorstLoss 3.0313
[Tracker] Ep  188 | AvgR 0.0002 | Global 0.9726 | Local 0.0356 | F1_macro 0.5217 | WorstLoss 2.8384
[Tracker] Ep  189 | AvgR 0.0002 | Global 0.8872 | Local 0.0321 | F1_macro 0.5271 | WorstLoss 2.9752
[Tracker] Ep  190 | AvgR 0.0002 | Global 0.9009 | Local 0.0301 | F1_macro 0.5483 | WorstLoss 2.9538
[Tracker] Saved snapshot: ep0190_phase2_class0
[Tracker] Ep  191 | AvgR 0.0002 | Global 0.8753 | Local 0.0257 | F1_macro 0.5442 | WorstLoss 3.0057
[Tracker] Ep  192 | AvgR 0.0002 | Global 0.8412 | Local 0.0359 | F1_macro 0.5514 | WorstLoss 3.0484
[Tracker] Ep  193 | AvgR 0.0002 | Global 0.8888 | Local 0.0449 | F1_macro 0.5229 | WorstLoss 2.9802
[Tracker] Ep  194 | AvgR 0.0002 | Global 0.9040 | Local 0.0390 | F1_macro 0.5179 | WorstLoss 2.9237
[Tracker] Ep  195 | AvgR 0.0002 | Global 0.9583 | Local 0.0420 | F1_macro 0.5635 | WorstLoss 2.7322
[Tracker] Saved snapshot: ep0195_phase2_class0
[Tracker] Ep  196 | AvgR 0.0002 | Global 0.7225 | Local 0.0209 | F1_macro 0.5197 | WorstLoss 3.1098
[Tracker] Ep  197 | AvgR 0.0002 | Global 0.7849 | Local 0.0380 | F1_macro 0.5393 | WorstLoss 3.0751
[Tracker] Ep  198 | AvgR 0.0001 | Global 0.4179 | Local 0.0249 | F1_macro 0.5111 | WorstLoss 3.2537
[Tracker] Ep  199 | AvgR 0.0002 | Global 0.9491 | Local 0.0435 | F1_macro 0.5488 | WorstLoss 2.8765
[Tracker] Ep  200 | AvgR 0.0002 | Global 0.9650 | Local 0.0336 | F1_macro 0.5647 | WorstLoss 2.7749
[Tracker] Saved snapshot: ep0200_phase2_class0
[Phase] Finished phase2_class0 | best global_obj=0.9975
FFNN Using device: cuda:0
[Combined] Saved combined beta -> training_runs/SPECv16_bias05_rl_credit_3seeds_EP800_PCA10_REWfairness_minID1_majID0_TRJ2000_REAL3000_BIAS0.05_GG202603180833_a8116e4e/seed_42/best_beta_state_dict.pt
[Combined] Saved combined synthetic -> training_runs/SPECv16_bias05_rl_credit_3seeds_EP800_PCA10_REWfairness_minID1_majID0_TRJ2000_REAL3000_BIAS0.05_GG202603180833_a8116e4e/seed_42/best_synthetic_combined.npz
FFNN Using device: cuda:0
[TestSuite] Loaded best β weights from: training_runs/SPECv16_bias05_rl_credit_3seeds_EP800_PCA10_REWfairness_minID1_majID0_TRJ2000_REAL3000_BIAS0.05_GG202603180833_a8116e4e/seed_42/best_beta_state_dict.pt

[TEST] Alpha -> F1(min)=0.0060 | F1(maj)=0.8757 | F1(weighted)=0.6833 | F1(macro)=0.4408 | Brier=0.1785
[TEST] Beta  -> F1(min)=0.1684 | F1(maj)=0.8696 | F1(weighted)=0.7145 | F1(macro)=0.5190 | Brier=0.1813
[TestSuite] Final test metrics appended to (seed): training_runs/SPECv16_bias05_rl_credit_3seeds_EP800_PCA10_REWfairness_minID1_majID0_TRJ2000_REAL3000_BIAS0.05_GG202603180833_a8116e4e/seed_42/final_test_metrics.csv
[TestSuite] Final test metrics appended to (experiment): training_runs/SPECv16_bias05_rl_credit_3seeds_EP800_PCA10_REWfairness_minID1_majID0_TRJ2000_REAL3000_BIAS0.05_GG202603180833_a8116e4e/final_test_metrics.csv
Total time 2158.39s
[Tracker] Finished. Run folder: training_runs/SPECv16_bias05_rl_credit_3seeds_EP800_PCA10_REWfairness_minID1_majID0_TRJ2000_REAL3000_BIAS0.05_GG202603180833_a8116e4e/seed_42
[main] ---- running seed=0 ----
FFNN Using device: cuda:0
FFNN Using device: cuda:0
[Tracker] Experiment: SPECv16_bias05_rl_credit_3seeds_EP800_PCA10_REWfairness_minID1_majID0_TRJ2000_REAL3000_BIAS0.05_GG202603180833_a8116e4e
[Tracker] Seed folder: training_runs/SPECv16_bias05_rl_credit_3seeds_EP800_PCA10_REWfairness_minID1_majID0_TRJ2000_REAL3000_BIAS0.05_GG202603180833_a8116e4e/seed_0
[Tracker] Run: 2026-03-18_09-09-21_seed0_3334945_1ff109fa
[Tracker] Metrics CSV: training_runs/SPECv16_bias05_rl_credit_3seeds_EP800_PCA10_REWfairness_minID1_majID0_TRJ2000_REAL3000_BIAS0.05_GG202603180833_a8116e4e/seed_0/metrics.csv
[Tracker] Mirroring console to: training_runs/SPECv16_bias05_rl_credit_3seeds_EP800_PCA10_REWfairness_minID1_majID0_TRJ2000_REAL3000_BIAS0.05_GG202603180833_a8116e4e/seed_0/console.log
Label distribution: {0: 23364, 1: 6636}
[TRAIN] size=3000, minority=150 (5.00%)
[VAL] size=4918, minority=245 (4.98%)
[TEST] size=6000, minority=1327 (22.12%)
FFNN Using device: cuda:0
FFNN Using device: cuda:0
Beta will train with: 60.00% real data, 40.00% synthetic data: 
[disadv] group=0 per_g={0: 0.2106485515832901, 1: 0.17909233272075653} worst_4g=2.8192 soft_eo_alpha=0.0176
Anchors: 64 (disadv=0) sigma_anchor=0.8500
[Tracker] Alpha model state_dict saved to training_runs/SPECv16_bias05_rl_credit_3seeds_EP800_PCA10_REWfairness_minID1_majID0_TRJ2000_REAL3000_BIAS0.05_GG202603180833_a8116e4e/seed_0/alpha_state_dict.pt
[Tracker] Alpha model config saved to training_runs/SPECv16_bias05_rl_credit_3seeds_EP800_PCA10_REWfairness_minID1_majID0_TRJ2000_REAL3000_BIAS0.05_GG202603180833_a8116e4e/seed_0/ffnn_meta.json

============================================================
[Phase] Starting phase1_class1 | target_class=1 | episodes=800
============================================================
[Tracker] CSV header written with 44 columns.
[Tracker] Ep    1 | AvgR 0.0001 | Global 0.1912 | Local 0.0709 | F1_macro 0.5699 | WorstLoss 2.9633
[Tracker] New BEST synthetic [phase1_class1] (by global.global_obj: 0.191242) saved.
[Tracker] BEST β weights [phase1_class1] saved -> training_runs/SPECv16_bias05_rl_credit_3seeds_EP800_PCA10_REWfairness_minID1_majID0_TRJ2000_REAL3000_BIAS0.05_GG202603180833_a8116e4e/seed_0/best_beta_state_dict_phase1_class1.pt
[Tracker] Ep    2 | AvgR 0.0000 | Global 0.1103 | Local 0.0279 | F1_macro 0.5111 | WorstLoss 3.0225
[Tracker] Ep    3 | AvgR 0.0000 | Global 0.1424 | Local 0.0532 | F1_macro 0.5673 | WorstLoss 2.9967
[Tracker] Ep    4 | AvgR 0.0000 | Global 0.0202 | Local 0.0861 | F1_macro 0.5358 | WorstLoss 3.2037
[Tracker] Ep    5 | AvgR 0.0000 | Global 0.0018 | Local 0.0570 | F1_macro 0.5342 | WorstLoss 3.4467
[Tracker] Saved snapshot: ep0005_phase1_class1
[Tracker] Ep    6 | AvgR 0.0000 | Global 0.1186 | Local 0.0492 | F1_macro 0.5456 | WorstLoss 3.0127
[Tracker] Ep    7 | AvgR 0.0001 | Global 0.6430 | Local 0.0502 | F1_macro 0.5766 | WorstLoss 2.7545
[Tracker] New BEST synthetic [phase1_class1] (by global.global_obj: 0.643027) saved.
[Tracker] BEST β weights [phase1_class1] saved -> training_runs/SPECv16_bias05_rl_credit_3seeds_EP800_PCA10_REWfairness_minID1_majID0_TRJ2000_REAL3000_BIAS0.05_GG202603180833_a8116e4e/seed_0/best_beta_state_dict_phase1_class1.pt
[Tracker] Ep    8 | AvgR 0.0001 | Global 0.3580 | Local 0.0340 | F1_macro 0.5627 | WorstLoss 2.8725
[Tracker] Ep    9 | AvgR 0.0000 | Global 0.0887 | Local 0.0377 | F1_macro 0.5188 | WorstLoss 3.0464
[Tracker] Ep   10 | AvgR 0.0000 | Global 0.1442 | Local 0.0424 | F1_macro 0.5350 | WorstLoss 2.9930
[Tracker] Saved snapshot: ep0010_phase1_class1
[Tracker] Ep   11 | AvgR 0.0000 | Global 0.0610 | Local 0.0377 | F1_macro 0.5346 | WorstLoss 3.0861
[Tracker] Ep   12 | AvgR 0.0000 | Global 0.1364 | Local 0.0328 | F1_macro 0.5327 | WorstLoss 3.0014
[Tracker] Ep   13 | AvgR 0.0001 | Global 0.2920 | Local 0.0780 | F1_macro 0.5602 | WorstLoss 2.9041
[Tracker] Ep   14 | AvgR 0.0000 | Global 0.0187 | Local 0.0451 | F1_macro 0.5479 | WorstLoss 3.2106
[Tracker] Ep   15 | AvgR 0.0000 | Global 0.0094 | Local 0.0645 | F1_macro 0.5214 | WorstLoss 3.2732
[Tracker] Saved snapshot: ep0015_phase1_class1
[Tracker] Ep   16 | AvgR 0.0000 | Global 0.0049 | Local 0.0712 | F1_macro 0.5111 | WorstLoss 3.3434
[Tracker] Ep   17 | AvgR 0.0000 | Global 0.0281 | Local 0.0427 | F1_macro 0.5373 | WorstLoss 3.1671
[Tracker] Ep   18 | AvgR 0.0000 | Global 0.1020 | Local 0.0532 | F1_macro 0.5551 | WorstLoss 3.0309
[Tracker] Ep   19 | AvgR 0.0000 | Global 0.0427 | Local 0.0613 | F1_macro 0.5568 | WorstLoss 3.1230
[Tracker] Ep   20 | AvgR 0.0000 | Global 0.1625 | Local 0.0621 | F1_macro 0.5715 | WorstLoss 2.9759
[Tracker] Saved snapshot: ep0020_phase1_class1
[Tracker] Ep   21 | AvgR 0.0000 | Global 0.0614 | Local 0.1040 | F1_macro 0.5288 | WorstLoss 3.0862
[Tracker] Ep   22 | AvgR 0.0001 | Global 0.3960 | Local 0.0337 | F1_macro 0.5271 | WorstLoss 2.8573
[Tracker] Ep   23 | AvgR 0.0000 | Global 0.0024 | Local 0.0634 | F1_macro 0.5004 | WorstLoss 3.4128
[Tracker] Ep   24 | AvgR 0.0000 | Global 0.0174 | Local 0.0602 | F1_macro 0.5745 | WorstLoss 3.2165
[Tracker] Ep   25 | AvgR 0.0001 | Global 0.2076 | Local 0.0530 | F1_macro 0.5569 | WorstLoss 2.9469
[Tracker] Saved snapshot: ep0025_phase1_class1
[Tracker] Ep   26 | AvgR 0.0001 | Global 0.6059 | Local 0.0421 | F1_macro 0.5778 | WorstLoss 2.7762
[Tracker] Ep   27 | AvgR 0.0000 | Global 0.2074 | Local 0.0320 | F1_macro 0.5532 | WorstLoss 2.9488
[Tracker] Ep   28 | AvgR 0.0001 | Global 0.2076 | Local 0.0608 | F1_macro 0.5561 | WorstLoss 2.9472
[Tracker] Ep   29 | AvgR 0.0000 | Global 0.0111 | Local 0.0728 | F1_macro 0.5303 | WorstLoss 3.2601
[Tracker] Ep   30 | AvgR 0.0000 | Global 0.0140 | Local 0.0675 | F1_macro 0.5214 | WorstLoss 3.2343
[Tracker] Saved snapshot: ep0030_phase1_class1
[Tracker] Ep   31 | AvgR 0.0000 | Global 0.1440 | Local 0.0719 | F1_macro 0.5664 | WorstLoss 2.9958
[Tracker] Ep   32 | AvgR 0.0000 | Global 0.0009 | Local 0.0515 | F1_macro 0.5074 | WorstLoss 3.5135
[Tracker] Ep   33 | AvgR 0.0000 | Global 0.0105 | Local 0.0607 | F1_macro 0.5405 | WorstLoss 3.2660
[Tracker] Ep   34 | AvgR 0.0000 | Global 0.0032 | Local 0.0530 | F1_macro 0.5182 | WorstLoss 3.3869
[Tracker] Ep   35 | AvgR 0.0000 | Global 0.0191 | Local 0.0640 | F1_macro 0.5594 | WorstLoss 3.2068
[Tracker] Saved snapshot: ep0035_phase1_class1
[Tracker] Ep   36 | AvgR 0.0000 | Global 0.0081 | Local 0.0696 | F1_macro 0.5523 | WorstLoss 3.2912
[Tracker] Ep   37 | AvgR 0.0000 | Global 0.0948 | Local 0.0528 | F1_macro 0.5476 | WorstLoss 3.0376
[Tracker] Ep   38 | AvgR 0.0000 | Global 0.1423 | Local 0.0192 | F1_macro 0.5418 | WorstLoss 2.9948
[Tracker] Ep   39 | AvgR 0.0000 | Global 0.1122 | Local 0.0419 | F1_macro 0.5345 | WorstLoss 3.0200
[Tracker] Ep   40 | AvgR 0.0001 | Global 0.5496 | Local 0.0292 | F1_macro 0.5156 | WorstLoss 2.7993
[Tracker] Saved snapshot: ep0040_phase1_class1
[Tracker] Ep   41 | AvgR 0.0000 | Global 0.0019 | Local 0.0750 | F1_macro 0.5445 | WorstLoss 3.4386
[Tracker] Ep   42 | AvgR 0.0000 | Global 0.0259 | Local 0.0705 | F1_macro 0.5573 | WorstLoss 3.1762
[Tracker] Ep   43 | AvgR 0.0001 | Global 0.3964 | Local 0.0424 | F1_macro 0.5748 | WorstLoss 2.8543
[Tracker] Ep   44 | AvgR 0.0001 | Global 0.6344 | Local 0.1036 | F1_macro 0.5311 | WorstLoss 2.7580
[Tracker] Ep   45 | AvgR 0.0001 | Global 0.2461 | Local 0.0479 | F1_macro 0.5857 | WorstLoss 2.9229
[Tracker] Saved snapshot: ep0045_phase1_class1
[Tracker] Ep   46 | AvgR 0.0000 | Global 0.0368 | Local 0.0791 | F1_macro 0.5318 | WorstLoss 3.1401
[Tracker] Ep   47 | AvgR 0.0001 | Global 0.7594 | Local 0.0458 | F1_macro 0.5816 | WorstLoss 2.6934
[Tracker] New BEST synthetic [phase1_class1] (by global.global_obj: 0.759372) saved.
[Tracker] BEST β weights [phase1_class1] saved -> training_runs/SPECv16_bias05_rl_credit_3seeds_EP800_PCA10_REWfairness_minID1_majID0_TRJ2000_REAL3000_BIAS0.05_GG202603180833_a8116e4e/seed_0/best_beta_state_dict_phase1_class1.pt
[Tracker] Ep   48 | AvgR 0.0000 | Global 0.0057 | Local 0.0708 | F1_macro 0.5347 | WorstLoss 3.3256
[Tracker] Ep   49 | AvgR 0.0000 | Global 0.0211 | Local 0.0671 | F1_macro 0.5522 | WorstLoss 3.1980
[Tracker] Ep   50 | AvgR 0.0001 | Global 0.5572 | Local 0.0669 | F1_macro 0.5699 | WorstLoss 2.7893
[Tracker] Saved snapshot: ep0050_phase1_class1
[Tracker] Ep   51 | AvgR 0.0001 | Global 0.2112 | Local 0.1124 | F1_macro 0.5415 | WorstLoss 2.9402
[Tracker] Ep   52 | AvgR 0.0000 | Global 0.0072 | Local 0.1009 | F1_macro 0.5202 | WorstLoss 3.3031
[Tracker] Ep   53 | AvgR 0.0000 | Global 0.0116 | Local 0.0651 | F1_macro 0.5315 | WorstLoss 3.2536
[Tracker] Ep   54 | AvgR 0.0001 | Global 0.7861 | Local 0.0241 | F1_macro 0.5553 | WorstLoss 2.6776
[Tracker] New BEST synthetic [phase1_class1] (by global.global_obj: 0.786117) saved.
[Tracker] BEST β weights [phase1_class1] saved -> training_runs/SPECv16_bias05_rl_credit_3seeds_EP800_PCA10_REWfairness_minID1_majID0_TRJ2000_REAL3000_BIAS0.05_GG202603180833_a8116e4e/seed_0/best_beta_state_dict_phase1_class1.pt
[Tracker] Ep   55 | AvgR 0.0000 | Global 0.0814 | Local 0.0621 | F1_macro 0.5669 | WorstLoss 3.0560
[Tracker] Saved snapshot: ep0055_phase1_class1
[Tracker] Ep   56 | AvgR 0.0000 | Global 0.0899 | Local 0.0930 | F1_macro 0.5053 | WorstLoss 3.0369
[Tracker] Ep   57 | AvgR 0.0000 | Global 0.0327 | Local 0.0742 | F1_macro 0.5184 | WorstLoss 3.1486
[Tracker] Ep   58 | AvgR 0.0000 | Global 0.0076 | Local 0.0835 | F1_macro 0.5497 | WorstLoss 3.2982
[Tracker] Ep   59 | AvgR 0.0001 | Global 0.4536 | Local 0.0817 | F1_macro 0.5569 | WorstLoss 2.8347
[Tracker] Ep   60 | AvgR 0.0000 | Global 0.0032 | Local 0.0544 | F1_macro 0.5128 | WorstLoss 3.3807
[Tracker] Saved snapshot: ep0060_phase1_class1
[Tracker] Ep   61 | AvgR 0.0000 | Global 0.1469 | Local 0.0480 | F1_macro 0.5546 | WorstLoss 2.9917
[Tracker] Ep   62 | AvgR 0.0000 | Global 0.0249 | Local 0.0800 | F1_macro 0.5719 | WorstLoss 3.1776
[Tracker] Ep   63 | AvgR 0.0001 | Global 0.1401 | Local 0.0970 | F1_macro 0.5425 | WorstLoss 2.9966
[Tracker] Ep   64 | AvgR 0.0001 | Global 0.1405 | Local 0.0831 | F1_macro 0.5287 | WorstLoss 2.9914
[Tracker] Ep   65 | AvgR 0.0001 | Global 0.2242 | Local 0.0533 | F1_macro 0.5717 | WorstLoss 2.9356
[Tracker] Saved snapshot: ep0065_phase1_class1
[Tracker] Ep   66 | AvgR 0.0000 | Global 0.0071 | Local 0.1319 | F1_macro 0.5173 | WorstLoss 3.3065
[Tracker] Ep   67 | AvgR 0.0000 | Global 0.0247 | Local 0.0828 | F1_macro 0.5696 | WorstLoss 3.1786
[Tracker] Ep   68 | AvgR 0.0000 | Global 0.0018 | Local 0.1090 | F1_macro 0.5428 | WorstLoss 3.4401
[Tracker] Ep   69 | AvgR 0.0000 | Global 0.0186 | Local 0.0960 | F1_macro 0.5655 | WorstLoss 3.2128
[Tracker] Ep   70 | AvgR 0.0001 | Global 0.3976 | Local 0.0558 | F1_macro 0.5781 | WorstLoss 2.8537
[Tracker] Saved snapshot: ep0070_phase1_class1
[Tracker] Ep   71 | AvgR 0.0001 | Global 0.1270 | Local 0.0937 | F1_macro 0.5291 | WorstLoss 3.0038
[Tracker] Ep   72 | AvgR 0.0000 | Global 0.0157 | Local 0.0362 | F1_macro 0.5577 | WorstLoss 3.2276
[Tracker] Ep   73 | AvgR 0.0001 | Global 0.7159 | Local 0.0733 | F1_macro 0.5718 | WorstLoss 2.7268
[Tracker] Ep   74 | AvgR 0.0000 | Global 0.0624 | Local 0.0503 | F1_macro 0.5364 | WorstLoss 3.0825
[Tracker] Ep   75 | AvgR 0.0000 | Global 0.0174 | Local 0.0679 | F1_macro 0.5294 | WorstLoss 3.2134
[Tracker] Saved snapshot: ep0075_phase1_class1
[Tracker] Ep   76 | AvgR 0.0000 | Global 0.0369 | Local 0.0676 | F1_macro 0.5786 | WorstLoss 3.1417
[Tracker] Ep   77 | AvgR 0.0000 | Global 0.0265 | Local 0.1071 | F1_macro 0.5744 | WorstLoss 3.1781
[Tracker] Ep   78 | AvgR 0.0000 | Global 0.0776 | Local 0.0604 | F1_macro 0.5643 | WorstLoss 3.0600
[Tracker] Ep   79 | AvgR 0.0000 | Global 0.0192 | Local 0.0648 | F1_macro 0.5546 | WorstLoss 3.2046
[Tracker] Ep   80 | AvgR 0.0000 | Global 0.0345 | Local 0.0522 | F1_macro 0.5461 | WorstLoss 3.1467
[Tracker] Saved snapshot: ep0080_phase1_class1
[Tracker] Ep   81 | AvgR 0.0000 | Global 0.0271 | Local 0.0765 | F1_macro 0.5598 | WorstLoss 3.1693
[Tracker] Ep   82 | AvgR 0.0000 | Global 0.0262 | Local 0.0898 | F1_macro 0.5464 | WorstLoss 3.1739
[Tracker] Ep   83 | AvgR 0.0001 | Global 0.2986 | Local 0.0476 | F1_macro 0.5706 | WorstLoss 2.8956
[Tracker] Ep   84 | AvgR 0.0000 | Global 0.0116 | Local 0.0679 | F1_macro 0.5349 | WorstLoss 3.2570
[Tracker] Ep   85 | AvgR 0.0000 | Global 0.0032 | Local 0.0859 | F1_macro 0.5126 | WorstLoss 3.3851
[Tracker] Saved snapshot: ep0085_phase1_class1
[Tracker] Ep   86 | AvgR 0.0000 | Global 0.0464 | Local 0.0650 | F1_macro 0.5688 | WorstLoss 3.1163
[Tracker] Ep   87 | AvgR 0.0000 | Global 0.0039 | Local 0.0726 | F1_macro 0.5605 | WorstLoss 3.3640
[Tracker] Ep   88 | AvgR 0.0001 | Global 0.3387 | Local 0.0563 | F1_macro 0.5462 | WorstLoss 2.8786
[Tracker] Ep   89 | AvgR 0.0001 | Global 0.0651 | Local 0.1341 | F1_macro 0.5288 | WorstLoss 3.0733
[Tracker] Ep   90 | AvgR 0.0000 | Global 0.0558 | Local 0.0405 | F1_macro 0.5580 | WorstLoss 3.0982
[Tracker] Saved snapshot: ep0090_phase1_class1
[Tracker] Ep   91 | AvgR 0.0000 | Global 0.0897 | Local 0.0710 | F1_macro 0.5412 | WorstLoss 3.0465
[Tracker] Ep   92 | AvgR 0.0000 | Global 0.0165 | Local 0.0698 | F1_macro 0.5623 | WorstLoss 3.2232
[Tracker] Ep   93 | AvgR 0.0000 | Global 0.0365 | Local 0.0676 | F1_macro 0.5525 | WorstLoss 3.1407
[Tracker] Ep   94 | AvgR 0.0000 | Global 0.0093 | Local 0.0879 | F1_macro 0.5607 | WorstLoss 3.2775
[Tracker] Ep   95 | AvgR 0.0001 | Global 0.2311 | Local 0.0616 | F1_macro 0.5393 | WorstLoss 2.9353
[Tracker] Saved snapshot: ep0095_phase1_class1
[Tracker] Ep   96 | AvgR 0.0001 | Global 0.1842 | Local 0.0645 | F1_macro 0.5600 | WorstLoss 2.9606
[Tracker] Ep   97 | AvgR 0.0000 | Global 0.0067 | Local 0.0948 | F1_macro 0.5629 | WorstLoss 3.3127
[Tracker] Ep   98 | AvgR 0.0000 | Global 0.0054 | Local 0.0631 | F1_macro 0.5067 | WorstLoss 3.3340
[Tracker] Ep   99 | AvgR 0.0001 | Global 0.5339 | Local 0.0613 | F1_macro 0.5552 | WorstLoss 2.7982
[Tracker] Ep  100 | AvgR 0.0000 | Global 0.0205 | Local 0.0512 | F1_macro 0.5443 | WorstLoss 3.2010
[Tracker] Saved snapshot: ep0100_phase1_class1
[Tracker] Ep  101 | AvgR 0.0000 | Global 0.0095 | Local 0.0419 | F1_macro 0.5326 | WorstLoss 3.2802
[Tracker] Ep  102 | AvgR 0.0001 | Global 0.2033 | Local 0.0741 | F1_macro 0.5349 | WorstLoss 2.9467
[Tracker] Ep  103 | AvgR 0.0000 | Global 0.0871 | Local 0.0565 | F1_macro 0.5397 | WorstLoss 3.0484
[Tracker] Ep  104 | AvgR 0.0000 | Global 0.0003 | Local 0.1077 | F1_macro 0.5126 | WorstLoss 3.6285
[Tracker] Ep  105 | AvgR 0.0001 | Global 0.2611 | Local 0.0845 | F1_macro 0.5337 | WorstLoss 2.9142
[Tracker] Saved snapshot: ep0105_phase1_class1
[Tracker] Ep  106 | AvgR 0.0000 | Global 0.0236 | Local 0.0574 | F1_macro 0.5697 | WorstLoss 3.1871
[Tracker] Ep  107 | AvgR 0.0000 | Global 0.0086 | Local 0.0490 | F1_macro 0.5316 | WorstLoss 3.2862
[Tracker] Ep  108 | AvgR 0.0001 | Global 0.1926 | Local 0.0793 | F1_macro 0.5659 | WorstLoss 2.9596
[Tracker] Ep  109 | AvgR 0.0001 | Global 0.0067 | Local 0.1679 | F1_macro 0.5349 | WorstLoss 3.3075
[Tracker] Ep  110 | AvgR 0.0000 | Global 0.0344 | Local 0.0936 | F1_macro 0.5205 | WorstLoss 3.1406
[Tracker] Saved snapshot: ep0110_phase1_class1
[Tracker] Ep  111 | AvgR 0.0000 | Global 0.0028 | Local 0.0961 | F1_macro 0.5424 | WorstLoss 3.3992
[Tracker] Ep  112 | AvgR 0.0000 | Global 0.0004 | Local 0.1031 | F1_macro 0.5661 | WorstLoss 3.5958
[Tracker] Ep  113 | AvgR 0.0000 | Global 0.0597 | Local 0.0596 | F1_macro 0.5585 | WorstLoss 3.0902
[Tracker] Ep  114 | AvgR 0.0000 | Global 0.0198 | Local 0.1004 | F1_macro 0.5662 | WorstLoss 3.2052
[Tracker] Ep  115 | AvgR 0.0000 | Global 0.0002 | Local 0.0919 | F1_macro 0.5051 | WorstLoss 3.6853
[Tracker] Saved snapshot: ep0115_phase1_class1
[Tracker] Ep  116 | AvgR 0.0000 | Global 0.1009 | Local 0.0715 | F1_macro 0.5302 | WorstLoss 3.0311
[Tracker] Ep  117 | AvgR 0.0000 | Global 0.0026 | Local 0.1102 | F1_macro 0.5322 | WorstLoss 3.4081
[Tracker] Ep  118 | AvgR 0.0001 | Global 0.8432 | Local 0.0307 | F1_macro 0.5664 | WorstLoss 2.6492
[Tracker] New BEST synthetic [phase1_class1] (by global.global_obj: 0.843220) saved.
[Tracker] BEST β weights [phase1_class1] saved -> training_runs/SPECv16_bias05_rl_credit_3seeds_EP800_PCA10_REWfairness_minID1_majID0_TRJ2000_REAL3000_BIAS0.05_GG202603180833_a8116e4e/seed_0/best_beta_state_dict_phase1_class1.pt
[Tracker] Ep  119 | AvgR 0.0000 | Global 0.0297 | Local 0.0690 | F1_macro 0.5569 | WorstLoss 3.1612
[Tracker] Ep  120 | AvgR 0.0000 | Global 0.0036 | Local 0.0803 | F1_macro 0.5655 | WorstLoss 3.3752
[Tracker] Saved snapshot: ep0120_phase1_class1
[Tracker] Ep  121 | AvgR 0.0000 | Global 0.0112 | Local 0.0588 | F1_macro 0.5424 | WorstLoss 3.2614
[Tracker] Ep  122 | AvgR 0.0000 | Global 0.0169 | Local 0.0759 | F1_macro 0.5635 | WorstLoss 3.2209
[Tracker] Ep  123 | AvgR 0.0000 | Global 0.0177 | Local 0.0352 | F1_macro 0.5253 | WorstLoss 3.2150
[Tracker] Ep  124 | AvgR 0.0002 | Global 0.8093 | Local 0.0726 | F1_macro 0.5874 | WorstLoss 2.6668
[Tracker] Ep  125 | AvgR 0.0000 | Global 0.0033 | Local 0.0868 | F1_macro 0.5626 | WorstLoss 3.3857
[Tracker] Saved snapshot: ep0125_phase1_class1
[Tracker] Ep  126 | AvgR 0.0000 | Global 0.0029 | Local 0.0483 | F1_macro 0.5246 | WorstLoss 3.3949
[Tracker] Ep  127 | AvgR 0.0000 | Global 0.0074 | Local 0.0551 | F1_macro 0.5582 | WorstLoss 3.2996
[Tracker] Ep  128 | AvgR 0.0000 | Global 0.0173 | Local 0.0799 | F1_macro 0.5558 | WorstLoss 3.2160
[Tracker] Ep  129 | AvgR 0.0000 | Global 0.0011 | Local 0.1111 | F1_macro 0.5260 | WorstLoss 3.4887
[Tracker] Ep  130 | AvgR 0.0000 | Global 0.0324 | Local 0.0503 | F1_macro 0.5551 | WorstLoss 3.1525
[Tracker] Saved snapshot: ep0130_phase1_class1
[Tracker] Ep  131 | AvgR 0.0000 | Global 0.0021 | Local 0.0920 | F1_macro 0.5189 | WorstLoss 3.4211
[Tracker] Ep  132 | AvgR 0.0000 | Global 0.0103 | Local 0.1085 | F1_macro 0.5567 | WorstLoss 3.2676
[Tracker] Ep  133 | AvgR 0.0000 | Global 0.0160 | Local 0.0802 | F1_macro 0.5747 | WorstLoss 3.2260
[Tracker] Ep  134 | AvgR 0.0001 | Global 0.6687 | Local 0.0404 | F1_macro 0.5872 | WorstLoss 2.7375
[Tracker] Ep  135 | AvgR 0.0000 | Global 0.0299 | Local 0.0928 | F1_macro 0.5452 | WorstLoss 3.1572
[Tracker] Saved snapshot: ep0135_phase1_class1
[Tracker] Ep  136 | AvgR 0.0000 | Global 0.0100 | Local 0.1019 | F1_macro 0.5640 | WorstLoss 3.2730
[Tracker] Ep  137 | AvgR 0.0000 | Global 0.0325 | Local 0.0669 | F1_macro 0.5617 | WorstLoss 3.1542
[Tracker] Ep  138 | AvgR 0.0002 | Global 0.7954 | Local 0.0704 | F1_macro 0.5530 | WorstLoss 2.6597
[Tracker] Ep  139 | AvgR 0.0000 | Global 0.0016 | Local 0.0639 | F1_macro 0.5249 | WorstLoss 3.4557
[Tracker] Ep  140 | AvgR 0.0000 | Global 0.0002 | Local 0.0977 | F1_macro 0.5204 | WorstLoss 3.6758
[Tracker] Saved snapshot: ep0140_phase1_class1
[Tracker] Ep  141 | AvgR 0.0000 | Global 0.0835 | Local 0.0645 | F1_macro 0.5624 | WorstLoss 3.0526
[Tracker] Ep  142 | AvgR 0.0000 | Global 0.0732 | Local 0.0300 | F1_macro 0.5058 | WorstLoss 3.0685
[Tracker] Ep  143 | AvgR 0.0000 | Global 0.0399 | Local 0.1092 | F1_macro 0.5082 | WorstLoss 3.1224
[Tracker] Ep  144 | AvgR 0.0000 | Global 0.0296 | Local 0.0681 | F1_macro 0.5528 | WorstLoss 3.1599
[Tracker] Ep  145 | AvgR 0.0000 | Global 0.0064 | Local 0.0731 | F1_macro 0.5364 | WorstLoss 3.3160
[Tracker] Saved snapshot: ep0145_phase1_class1
[Tracker] Ep  146 | AvgR 0.0000 | Global 0.0274 | Local 0.0813 | F1_macro 0.5800 | WorstLoss 3.1715
[Tracker] Ep  147 | AvgR 0.0000 | Global 0.0382 | Local 0.0253 | F1_macro 0.5288 | WorstLoss 3.1381
[Tracker] Ep  148 | AvgR 0.0001 | Global 0.3792 | Local 0.0543 | F1_macro 0.5576 | WorstLoss 2.8631
[Tracker] Ep  149 | AvgR 0.0000 | Global 0.0222 | Local 0.0684 | F1_macro 0.5585 | WorstLoss 3.1912
[Tracker] Ep  150 | AvgR 0.0000 | Global 0.0352 | Local 0.0467 | F1_macro 0.5476 | WorstLoss 3.1452
[Tracker] Saved snapshot: ep0150_phase1_class1
[Tracker] Ep  151 | AvgR 0.0000 | Global 0.0012 | Local 0.1088 | F1_macro 0.5627 | WorstLoss 3.4803
[Tracker] Ep  152 | AvgR 0.0000 | Global 0.0004 | Local 0.1045 | F1_macro 0.5601 | WorstLoss 3.6039
[Tracker] Ep  153 | AvgR 0.0000 | Global 0.0054 | Local 0.0788 | F1_macro 0.5374 | WorstLoss 3.3363
[Tracker] Ep  154 | AvgR 0.0000 | Global 0.0405 | Local 0.0798 | F1_macro 0.5460 | WorstLoss 3.1283
[Tracker] Ep  155 | AvgR 0.0000 | Global 0.0058 | Local 0.0482 | F1_macro 0.5401 | WorstLoss 3.3277
[Tracker] Saved snapshot: ep0155_phase1_class1
[Tracker] Ep  156 | AvgR 0.0001 | Global 0.4799 | Local 0.0185 | F1_macro 0.5435 | WorstLoss 2.8201
[Tracker] Ep  157 | AvgR 0.0000 | Global 0.0024 | Local 0.0720 | F1_macro 0.5476 | WorstLoss 3.4141
[Tracker] Ep  158 | AvgR 0.0001 | Global 0.3319 | Local 0.0779 | F1_macro 0.5676 | WorstLoss 2.8889
[Tracker] Ep  159 | AvgR 0.0000 | Global 0.0186 | Local 0.0906 | F1_macro 0.5455 | WorstLoss 3.2100
[Tracker] Ep  160 | AvgR 0.0000 | Global 0.0126 | Local 0.0726 | F1_macro 0.5337 | WorstLoss 3.2474
[Tracker] Saved snapshot: ep0160_phase1_class1
[Tracker] Ep  161 | AvgR 0.0002 | Global 0.8389 | Local 0.0226 | F1_macro 0.5402 | WorstLoss 2.6346
[Tracker] Ep  162 | AvgR 0.0001 | Global 0.7172 | Local 0.0136 | F1_macro 0.5079 | WorstLoss 2.7206
[Tracker] Ep  163 | AvgR 0.0001 | Global 0.7252 | Local 0.0178 | F1_macro 0.5219 | WorstLoss 2.7222
[Tracker] Ep  164 | AvgR 0.0001 | Global 0.3817 | Local 0.0193 | F1_macro 0.5366 | WorstLoss 2.8674
[Tracker] Ep  165 | AvgR 0.0001 | Global 0.7802 | Local 0.0134 | F1_macro 0.5329 | WorstLoss 2.6925
[Tracker] Saved snapshot: ep0165_phase1_class1
[Tracker] Ep  166 | AvgR 0.0002 | Global 0.9362 | Local 0.0077 | F1_macro 0.5422 | WorstLoss 2.5507
[Tracker] New BEST synthetic [phase1_class1] (by global.global_obj: 0.936160) saved.
[Tracker] BEST β weights [phase1_class1] saved -> training_runs/SPECv16_bias05_rl_credit_3seeds_EP800_PCA10_REWfairness_minID1_majID0_TRJ2000_REAL3000_BIAS0.05_GG202603180833_a8116e4e/seed_0/best_beta_state_dict_phase1_class1.pt
[Tracker] Ep  167 | AvgR 0.0001 | Global 0.8273 | Local 0.0170 | F1_macro 0.5197 | WorstLoss 2.6626
[Tracker] Ep  168 | AvgR 0.0002 | Global 0.9091 | Local 0.0223 | F1_macro 0.5322 | WorstLoss 2.5890
[Tracker] Ep  169 | AvgR 0.0001 | Global 0.7429 | Local 0.0179 | F1_macro 0.5388 | WorstLoss 2.7131
[Tracker] Ep  170 | AvgR 0.0001 | Global 0.3383 | Local 0.0405 | F1_macro 0.5203 | WorstLoss 2.8838
[Tracker] Saved snapshot: ep0170_phase1_class1
[Tracker] Ep  171 | AvgR 0.0002 | Global 0.9241 | Local 0.0223 | F1_macro 0.5463 | WorstLoss 2.5692
[Tracker] Ep  172 | AvgR 0.0001 | Global 0.5675 | Local 0.0219 | F1_macro 0.5337 | WorstLoss 2.7920
[Tracker] Ep  173 | AvgR 0.0002 | Global 0.9298 | Local 0.0248 | F1_macro 0.5652 | WorstLoss 2.5609
[Tracker] Ep  174 | AvgR 0.0002 | Global 0.9621 | Local 0.0562 | F1_macro 0.5275 | WorstLoss 2.4958
[Tracker] New BEST synthetic [phase1_class1] (by global.global_obj: 0.962108) saved.
[Tracker] BEST β weights [phase1_class1] saved -> training_runs/SPECv16_bias05_rl_credit_3seeds_EP800_PCA10_REWfairness_minID1_majID0_TRJ2000_REAL3000_BIAS0.05_GG202603180833_a8116e4e/seed_0/best_beta_state_dict_phase1_class1.pt
[Tracker] Ep  175 | AvgR 0.0001 | Global 0.5987 | Local 0.0224 | F1_macro 0.5335 | WorstLoss 2.7792
[Tracker] Saved snapshot: ep0175_phase1_class1
[Tracker] Ep  176 | AvgR 0.0001 | Global 0.8141 | Local 0.0280 | F1_macro 0.5630 | WorstLoss 2.6661
[Tracker] Ep  177 | AvgR 0.0001 | Global 0.8107 | Local 0.0143 | F1_macro 0.5542 | WorstLoss 2.6738
[Tracker] Ep  178 | AvgR 0.0001 | Global 0.3470 | Local 0.0143 | F1_macro 0.5007 | WorstLoss 2.8822
[Tracker] Ep  179 | AvgR 0.0002 | Global 0.8334 | Local 0.0316 | F1_macro 0.5100 | WorstLoss 2.6582
[Tracker] Ep  180 | AvgR 0.0002 | Global 0.9338 | Local 0.0262 | F1_macro 0.5232 | WorstLoss 2.5508
[Tracker] Saved snapshot: ep0180_phase1_class1
[Tracker] Ep  181 | AvgR 0.0002 | Global 0.8117 | Local 0.0318 | F1_macro 0.5377 | WorstLoss 2.6595
[Tracker] Ep  182 | AvgR 0.0001 | Global 0.4772 | Local 0.0316 | F1_macro 0.5243 | WorstLoss 2.8270
[Tracker] Ep  183 | AvgR 0.0002 | Global 0.9269 | Local 0.0505 | F1_macro 0.5610 | WorstLoss 2.5493
[Tracker] Ep  184 | AvgR 0.0001 | Global 0.6838 | Local 0.0222 | F1_macro 0.5263 | WorstLoss 2.7295
[Tracker] Ep  185 | AvgR 0.0000 | Global 0.1947 | Local 0.0162 | F1_macro 0.5093 | WorstLoss 2.9612
[Tracker] Saved snapshot: ep0185_phase1_class1
[Tracker] Ep  186 | AvgR 0.0001 | Global 0.7587 | Local 0.0273 | F1_macro 0.5502 | WorstLoss 2.7030
[Tracker] Ep  187 | AvgR 0.0002 | Global 0.8245 | Local 0.0364 | F1_macro 0.5433 | WorstLoss 2.6643
[Tracker] Ep  188 | AvgR 0.0001 | Global 0.6031 | Local 0.0143 | F1_macro 0.5117 | WorstLoss 2.7774
[Tracker] Ep  189 | AvgR 0.0001 | Global 0.6423 | Local 0.0252 | F1_macro 0.5402 | WorstLoss 2.7574
[Tracker] Ep  190 | AvgR 0.0002 | Global 0.9283 | Local 0.0332 | F1_macro 0.5278 | WorstLoss 2.5176
[Tracker] Saved snapshot: ep0190_phase1_class1
[Tracker] Ep  191 | AvgR 0.0001 | Global 0.7907 | Local 0.0100 | F1_macro 0.5226 | WorstLoss 2.6863
[Tracker] Ep  192 | AvgR 0.0000 | Global 0.1663 | Local 0.0293 | F1_macro 0.5221 | WorstLoss 2.9720
[Tracker] Ep  193 | AvgR 0.0000 | Global 0.1868 | Local 0.0312 | F1_macro 0.5276 | WorstLoss 2.9645
[Tracker] Ep  194 | AvgR 0.0000 | Global 0.2030 | Local 0.0295 | F1_macro 0.5553 | WorstLoss 2.9548
[Tracker] Ep  195 | AvgR 0.0001 | Global 0.5760 | Local 0.0100 | F1_macro 0.5284 | WorstLoss 2.7867
[Tracker] Saved snapshot: ep0195_phase1_class1
[Tracker] Ep  196 | AvgR 0.0002 | Global 0.8594 | Local 0.0460 | F1_macro 0.5438 | WorstLoss 2.6016
[Tracker] Ep  197 | AvgR 0.0001 | Global 0.7485 | Local 0.0275 | F1_macro 0.5451 | WorstLoss 2.7011
[Tracker] Ep  198 | AvgR 0.0001 | Global 0.5284 | Local 0.0635 | F1_macro 0.5485 | WorstLoss 2.8078
[Tracker] Ep  199 | AvgR 0.0001 | Global 0.1912 | Local 0.0583 | F1_macro 0.5164 | WorstLoss 2.9584
[Tracker] Ep  200 | AvgR 0.0001 | Global 0.7246 | Local 0.0079 | F1_macro 0.5118 | WorstLoss 2.7225
[Tracker] Saved snapshot: ep0200_phase1_class1
[Tracker] Ep  201 | AvgR 0.0001 | Global 0.6757 | Local 0.0183 | F1_macro 0.5390 | WorstLoss 2.7458
[Tracker] Ep  202 | AvgR 0.0002 | Global 0.8793 | Local 0.0204 | F1_macro 0.5270 | WorstLoss 2.6207
[Tracker] Ep  203 | AvgR 0.0002 | Global 0.9161 | Local 0.0225 | F1_macro 0.5304 | WorstLoss 2.5802
[Tracker] Ep  204 | AvgR 0.0001 | Global 0.4871 | Local 0.0404 | F1_macro 0.5211 | WorstLoss 2.8187
[Tracker] Ep  205 | AvgR 0.0001 | Global 0.3667 | Local 0.0267 | F1_macro 0.5161 | WorstLoss 2.8639
[Tracker] Saved snapshot: ep0205_phase1_class1
[Tracker] Ep  206 | AvgR 0.0001 | Global 0.7760 | Local 0.0240 | F1_macro 0.5478 | WorstLoss 2.6950
[Tracker] Ep  207 | AvgR 0.0002 | Global 0.9067 | Local 0.0340 | F1_macro 0.5458 | WorstLoss 2.5918
[Tracker] Ep  208 | AvgR 0.0002 | Global 0.8573 | Local 0.0258 | F1_macro 0.5552 | WorstLoss 2.6399
[Tracker] Ep  209 | AvgR 0.0001 | Global 0.4407 | Local 0.0346 | F1_macro 0.5385 | WorstLoss 2.8394
[Tracker] Ep  210 | AvgR 0.0002 | Global 0.8635 | Local 0.0638 | F1_macro 0.5500 | WorstLoss 2.6300
[Tracker] Saved snapshot: ep0210_phase1_class1
[Tracker] Ep  211 | AvgR 0.0001 | Global 0.6103 | Local 0.0322 | F1_macro 0.5213 | WorstLoss 2.7716
[Tracker] Ep  212 | AvgR 0.0002 | Global 0.8561 | Local 0.0242 | F1_macro 0.5409 | WorstLoss 2.6397
[Tracker] Ep  213 | AvgR 0.0002 | Global 0.8753 | Local 0.0334 | F1_macro 0.5652 | WorstLoss 2.6243
[Tracker] Ep  214 | AvgR 0.0001 | Global 0.7473 | Local 0.0427 | F1_macro 0.5554 | WorstLoss 2.7108
[Tracker] Ep  215 | AvgR 0.0001 | Global 0.6039 | Local 0.0307 | F1_macro 0.5372 | WorstLoss 2.7755
[Tracker] Saved snapshot: ep0215_phase1_class1
[Tracker] Ep  216 | AvgR 0.0000 | Global 0.1569 | Local 0.0492 | F1_macro 0.5359 | WorstLoss 2.9851
[Tracker] Ep  217 | AvgR 0.0001 | Global 0.2397 | Local 0.0304 | F1_macro 0.5363 | WorstLoss 2.9329
[Tracker] Ep  218 | AvgR 0.0001 | Global 0.5895 | Local 0.0327 | F1_macro 0.5413 | WorstLoss 2.7811
[Tracker] Ep  219 | AvgR 0.0002 | Global 0.9226 | Local 0.0136 | F1_macro 0.5225 | WorstLoss 2.5714
[Tracker] Ep  220 | AvgR 0.0001 | Global 0.5785 | Local 0.0533 | F1_macro 0.5418 | WorstLoss 2.7833
[Tracker] Saved snapshot: ep0220_phase1_class1
[Tracker] Ep  221 | AvgR 0.0001 | Global 0.5349 | Local 0.0245 | F1_macro 0.5580 | WorstLoss 2.8022
[Tracker] Ep  222 | AvgR 0.0001 | Global 0.5394 | Local 0.0544 | F1_macro 0.5639 | WorstLoss 2.7996
[Tracker] Ep  223 | AvgR 0.0002 | Global 0.9422 | Local 0.0215 | F1_macro 0.5675 | WorstLoss 2.5401
[Tracker] Ep  224 | AvgR 0.0001 | Global 0.6011 | Local 0.0299 | F1_macro 0.5588 | WorstLoss 2.7774
[Tracker] Ep  225 | AvgR 0.0001 | Global 0.5804 | Local 0.0315 | F1_macro 0.5442 | WorstLoss 2.7857
[Tracker] Saved snapshot: ep0225_phase1_class1
[Tracker] Ep  226 | AvgR 0.0001 | Global 0.6417 | Local 0.0311 | F1_macro 0.5290 | WorstLoss 2.7556
[Tracker] Ep  227 | AvgR 0.0001 | Global 0.7475 | Local 0.0254 | F1_macro 0.5458 | WorstLoss 2.7053
[Tracker] Ep  228 | AvgR 0.0001 | Global 0.3584 | Local 0.0371 | F1_macro 0.5583 | WorstLoss 2.8755
[Tracker] Ep  229 | AvgR 0.0001 | Global 0.3007 | Local 0.0505 | F1_macro 0.5402 | WorstLoss 2.9020
[Tracker] Ep  230 | AvgR 0.0001 | Global 0.4817 | Local 0.0532 | F1_macro 0.5527 | WorstLoss 2.8152
[Tracker] Saved snapshot: ep0230_phase1_class1
[Tracker] Ep  231 | AvgR 0.0002 | Global 0.8901 | Local 0.0281 | F1_macro 0.5517 | WorstLoss 2.6044
[Tracker] Ep  232 | AvgR 0.0002 | Global 0.7904 | Local 0.0422 | F1_macro 0.5513 | WorstLoss 2.6865
[Tracker] Ep  233 | AvgR 0.0002 | Global 0.9054 | Local 0.0381 | F1_macro 0.5637 | WorstLoss 2.5784
[Tracker] Ep  234 | AvgR 0.0001 | Global 0.5142 | Local 0.0258 | F1_macro 0.5473 | WorstLoss 2.8083
[Tracker] Ep  235 | AvgR 0.0001 | Global 0.1848 | Local 0.0591 | F1_macro 0.5302 | WorstLoss 2.9650
[Tracker] Saved snapshot: ep0235_phase1_class1
[Tracker] Ep  236 | AvgR 0.0001 | Global 0.4690 | Local 0.0250 | F1_macro 0.5483 | WorstLoss 2.8312
[Tracker] Ep  237 | AvgR 0.0002 | Global 0.8774 | Local 0.0285 | F1_macro 0.5704 | WorstLoss 2.6099
[Tracker] Ep  238 | AvgR 0.0001 | Global 0.2151 | Local 0.0402 | F1_macro 0.5280 | WorstLoss 2.9455
[Tracker] Ep  239 | AvgR 0.0000 | Global 0.1375 | Local 0.0615 | F1_macro 0.5339 | WorstLoss 2.9987
[Tracker] Ep  240 | AvgR 0.0002 | Global 0.7605 | Local 0.0522 | F1_macro 0.5606 | WorstLoss 2.7029
[Tracker] Saved snapshot: ep0240_phase1_class1
[Tracker] Ep  241 | AvgR 0.0001 | Global 0.1861 | Local 0.0572 | F1_macro 0.5280 | WorstLoss 2.9593
[Tracker] Ep  242 | AvgR 0.0001 | Global 0.4585 | Local 0.0542 | F1_macro 0.5556 | WorstLoss 2.8313
[Tracker] Ep  243 | AvgR 0.0001 | Global 0.2647 | Local 0.0304 | F1_macro 0.5412 | WorstLoss 2.9200
[Tracker] Ep  244 | AvgR 0.0002 | Global 0.9349 | Local 0.0369 | F1_macro 0.5537 | WorstLoss 2.5325
[Tracker] Ep  245 | AvgR 0.0002 | Global 0.7160 | Local 0.0662 | F1_macro 0.5651 | WorstLoss 2.7248
[Tracker] Saved snapshot: ep0245_phase1_class1
[Tracker] Ep  246 | AvgR 0.0001 | Global 0.4617 | Local 0.0413 | F1_macro 0.5217 | WorstLoss 2.8187
[Tracker] Ep  247 | AvgR 0.0002 | Global 0.8566 | Local 0.0548 | F1_macro 0.5843 | WorstLoss 2.6404
[Tracker] Ep  248 | AvgR 0.0002 | Global 0.9098 | Local 0.0521 | F1_macro 0.5766 | WorstLoss 2.5694
[Tracker] Ep  249 | AvgR 0.0001 | Global 0.2904 | Local 0.0344 | F1_macro 0.5480 | WorstLoss 2.9067
[Tracker] Ep  250 | AvgR 0.0001 | Global 0.4559 | Local 0.0566 | F1_macro 0.5567 | WorstLoss 2.8338
[Tracker] Saved snapshot: ep0250_phase1_class1
[Tracker] Ep  251 | AvgR 0.0002 | Global 0.8238 | Local 0.0458 | F1_macro 0.5476 | WorstLoss 2.6650
[Tracker] Ep  252 | AvgR 0.0001 | Global 0.6845 | Local 0.0627 | F1_macro 0.5598 | WorstLoss 2.7187
[Tracker] Ep  253 | AvgR 0.0001 | Global 0.4080 | Local 0.0362 | F1_macro 0.5548 | WorstLoss 2.8484
[Tracker] Ep  254 | AvgR 0.0001 | Global 0.6038 | Local 0.0791 | F1_macro 0.5620 | WorstLoss 2.7598
[Tracker] Ep  255 | AvgR 0.0001 | Global 0.5747 | Local 0.0199 | F1_macro 0.5507 | WorstLoss 2.7865
[Tracker] Saved snapshot: ep0255_phase1_class1
[Tracker] Ep  256 | AvgR 0.0002 | Global 0.8096 | Local 0.0238 | F1_macro 0.5354 | WorstLoss 2.6624
[Tracker] Ep  257 | AvgR 0.0002 | Global 0.7449 | Local 0.0997 | F1_macro 0.5484 | WorstLoss 2.7025
[Tracker] Ep  258 | AvgR 0.0001 | Global 0.4364 | Local 0.0734 | F1_macro 0.5510 | WorstLoss 2.8289
[Tracker] Ep  259 | AvgR 0.0001 | Global 0.3573 | Local 0.0319 | F1_macro 0.5285 | WorstLoss 2.8714
[Tracker] Ep  260 | AvgR 0.0001 | Global 0.2152 | Local 0.0666 | F1_macro 0.5458 | WorstLoss 2.9420
[Tracker] Saved snapshot: ep0260_phase1_class1
[Tracker] Ep  261 | AvgR 0.0001 | Global 0.2776 | Local 0.0612 | F1_macro 0.5585 | WorstLoss 2.9097
[Tracker] Ep  262 | AvgR 0.0001 | Global 0.6536 | Local 0.0534 | F1_macro 0.5566 | WorstLoss 2.7431
[Tracker] Ep  263 | AvgR 0.0001 | Global 0.3377 | Local 0.0985 | F1_macro 0.5518 | WorstLoss 2.8817
[Tracker] Ep  264 | AvgR 0.0000 | Global 0.0889 | Local 0.0600 | F1_macro 0.5395 | WorstLoss 3.0490
[Tracker] Ep  265 | AvgR 0.0001 | Global 0.4642 | Local 0.0418 | F1_macro 0.5267 | WorstLoss 2.8204
[Tracker] Saved snapshot: ep0265_phase1_class1
[Tracker] Ep  266 | AvgR 0.0001 | Global 0.3465 | Local 0.0779 | F1_macro 0.5608 | WorstLoss 2.8758
[Tracker] Ep  267 | AvgR 0.0002 | Global 0.7929 | Local 0.0656 | F1_macro 0.5672 | WorstLoss 2.6776
[Tracker] Ep  268 | AvgR 0.0001 | Global 0.6290 | Local 0.0748 | F1_macro 0.5547 | WorstLoss 2.7548
[Tracker] Ep  269 | AvgR 0.0002 | Global 0.8475 | Local 0.0237 | F1_macro 0.5429 | WorstLoss 2.6340
[Tracker] Ep  270 | AvgR 0.0000 | Global 0.1229 | Local 0.0634 | F1_macro 0.5612 | WorstLoss 3.0104
[Tracker] Saved snapshot: ep0270_phase1_class1
[Tracker] Ep  271 | AvgR 0.0000 | Global 0.0539 | Local 0.1034 | F1_macro 0.5644 | WorstLoss 3.1030
[Tracker] Ep  272 | AvgR 0.0000 | Global 0.0983 | Local 0.0619 | F1_macro 0.5513 | WorstLoss 3.0328
[Tracker] Ep  273 | AvgR 0.0001 | Global 0.4972 | Local 0.0510 | F1_macro 0.5666 | WorstLoss 2.8124
[Tracker] Ep  274 | AvgR 0.0001 | Global 0.2532 | Local 0.0452 | F1_macro 0.5383 | WorstLoss 2.9245
[Tracker] Ep  275 | AvgR 0.0001 | Global 0.2099 | Local 0.1008 | F1_macro 0.5571 | WorstLoss 2.9476
[Tracker] Saved snapshot: ep0275_phase1_class1
[Tracker] Ep  276 | AvgR 0.0000 | Global 0.0456 | Local 0.1195 | F1_macro 0.5358 | WorstLoss 3.1147
[Tracker] Ep  277 | AvgR 0.0001 | Global 0.0622 | Local 0.1385 | F1_macro 0.5652 | WorstLoss 3.0874
[Tracker] Ep  278 | AvgR 0.0001 | Global 0.2732 | Local 0.1042 | F1_macro 0.5467 | WorstLoss 2.9046
[Tracker] Ep  279 | AvgR 0.0002 | Global 0.7814 | Local 0.0596 | F1_macro 0.5759 | WorstLoss 2.6830
[Tracker] Ep  280 | AvgR 0.0001 | Global 0.5797 | Local 0.0876 | F1_macro 0.5589 | WorstLoss 2.7785
[Tracker] Saved snapshot: ep0280_phase1_class1
[Tracker] Ep  281 | AvgR 0.0000 | Global 0.0765 | Local 0.0843 | F1_macro 0.5424 | WorstLoss 3.0631
[Tracker] Ep  282 | AvgR 0.0001 | Global 0.1846 | Local 0.1155 | F1_macro 0.5630 | WorstLoss 2.9611
[Tracker] Ep  283 | AvgR 0.0001 | Global 0.7144 | Local 0.0515 | F1_macro 0.5563 | WorstLoss 2.7130
[Tracker] Ep  284 | AvgR 0.0000 | Global 0.0380 | Local 0.1000 | F1_macro 0.5592 | WorstLoss 3.1349
[Tracker] Ep  285 | AvgR 0.0001 | Global 0.6115 | Local 0.0723 | F1_macro 0.5622 | WorstLoss 2.7612
[Tracker] Saved snapshot: ep0285_phase1_class1
[Tracker] Ep  286 | AvgR 0.0001 | Global 0.2426 | Local 0.1193 | F1_macro 0.5509 | WorstLoss 2.9282
[Tracker] Ep  287 | AvgR 0.0001 | Global 0.4454 | Local 0.0978 | F1_macro 0.5793 | WorstLoss 2.8335
[Tracker] Ep  288 | AvgR 0.0001 | Global 0.3049 | Local 0.0867 | F1_macro 0.5557 | WorstLoss 2.8958
[Tracker] Ep  289 | AvgR 0.0001 | Global 0.0516 | Local 0.1440 | F1_macro 0.5355 | WorstLoss 3.1013
[Tracker] Ep  290 | AvgR 0.0000 | Global 0.0097 | Local 0.1049 | F1_macro 0.5458 | WorstLoss 3.2756
[Tracker] Saved snapshot: ep0290_phase1_class1
[Tracker] Ep  291 | AvgR 0.0001 | Global 0.2817 | Local 0.1002 | F1_macro 0.5611 | WorstLoss 2.9055
[Tracker] Ep  292 | AvgR 0.0000 | Global 0.0042 | Local 0.1248 | F1_macro 0.5395 | WorstLoss 3.3573
[Tracker] Ep  293 | AvgR 0.0000 | Global 0.0886 | Local 0.0821 | F1_macro 0.5551 | WorstLoss 3.0464
[Tracker] Ep  294 | AvgR 0.0000 | Global 0.0958 | Local 0.1000 | F1_macro 0.5578 | WorstLoss 3.0383
[Tracker] Ep  295 | AvgR 0.0002 | Global 0.7494 | Local 0.0641 | F1_macro 0.5580 | WorstLoss 2.6969
[Tracker] Saved snapshot: ep0295_phase1_class1
[Tracker] Ep  296 | AvgR 0.0001 | Global 0.3019 | Local 0.0806 | F1_macro 0.5480 | WorstLoss 2.8967
[Tracker] Ep  297 | AvgR 0.0001 | Global 0.0869 | Local 0.1280 | F1_macro 0.5228 | WorstLoss 3.0437
[Tracker] Ep  298 | AvgR 0.0000 | Global 0.0186 | Local 0.1198 | F1_macro 0.5269 | WorstLoss 3.2092
[Tracker] Ep  299 | AvgR 0.0001 | Global 0.0708 | Local 0.1344 | F1_macro 0.5583 | WorstLoss 3.0724
[Tracker] Ep  300 | AvgR 0.0000 | Global 0.0049 | Local 0.1434 | F1_macro 0.5321 | WorstLoss 3.3399
[Tracker] Saved snapshot: ep0300_phase1_class1
[Tracker] Ep  301 | AvgR 0.0001 | Global 0.3390 | Local 0.1070 | F1_macro 0.5524 | WorstLoss 2.8701
[Tracker] Ep  302 | AvgR 0.0000 | Global 0.0920 | Local 0.0860 | F1_macro 0.5427 | WorstLoss 3.0399
[Tracker] Ep  303 | AvgR 0.0001 | Global 0.1569 | Local 0.1095 | F1_macro 0.5495 | WorstLoss 2.9804
[Tracker] Ep  304 | AvgR 0.0000 | Global 0.0668 | Local 0.1154 | F1_macro 0.5553 | WorstLoss 3.0770
[Tracker] Ep  305 | AvgR 0.0001 | Global 0.4542 | Local 0.1463 | F1_macro 0.5425 | WorstLoss 2.8229
[Tracker] Saved snapshot: ep0305_phase1_class1
[Tracker] Ep  306 | AvgR 0.0001 | Global 0.1549 | Local 0.0980 | F1_macro 0.5462 | WorstLoss 2.9821
[Tracker] Ep  307 | AvgR 0.0001 | Global 0.4699 | Local 0.0951 | F1_macro 0.5649 | WorstLoss 2.8216
[Tracker] Ep  308 | AvgR 0.0001 | Global 0.3946 | Local 0.0977 | F1_macro 0.5538 | WorstLoss 2.8530
[Tracker] Ep  309 | AvgR 0.0001 | Global 0.2249 | Local 0.0977 | F1_macro 0.5585 | WorstLoss 2.9373
[Tracker] Ep  310 | AvgR 0.0001 | Global 0.1559 | Local 0.1404 | F1_macro 0.5358 | WorstLoss 2.9810
[Tracker] Saved snapshot: ep0310_phase1_class1
[Tracker] Ep  311 | AvgR 0.0001 | Global 0.0786 | Local 0.1216 | F1_macro 0.5666 | WorstLoss 3.0599
[Tracker] Ep  312 | AvgR 0.0000 | Global 0.0390 | Local 0.1035 | F1_macro 0.5433 | WorstLoss 3.1327
[Tracker] Ep  313 | AvgR 0.0000 | Global 0.0761 | Local 0.0772 | F1_macro 0.5746 | WorstLoss 3.0619
[Tracker] Ep  314 | AvgR 0.0001 | Global 0.3343 | Local 0.1147 | F1_macro 0.5763 | WorstLoss 2.8838
[Tracker] Ep  315 | AvgR 0.0001 | Global 0.1843 | Local 0.1369 | F1_macro 0.5643 | WorstLoss 2.9609
[Tracker] Saved snapshot: ep0315_phase1_class1
[Tracker] Ep  316 | AvgR 0.0001 | Global 0.1221 | Local 0.1206 | F1_macro 0.5484 | WorstLoss 3.0105
[Tracker] Ep  317 | AvgR 0.0000 | Global 0.0696 | Local 0.1129 | F1_macro 0.5676 | WorstLoss 3.0725
[Tracker] Ep  318 | AvgR 0.0001 | Global 0.3921 | Local 0.1070 | F1_macro 0.5697 | WorstLoss 2.8561
[Tracker] Ep  319 | AvgR 0.0001 | Global 0.2452 | Local 0.0887 | F1_macro 0.5501 | WorstLoss 2.9230
[Tracker] Ep  320 | AvgR 0.0001 | Global 0.2688 | Local 0.0924 | F1_macro 0.5607 | WorstLoss 2.9150
[Tracker] Saved snapshot: ep0320_phase1_class1
[Tracker] Ep  321 | AvgR 0.0002 | Global 0.8164 | Local 0.0855 | F1_macro 0.5592 | WorstLoss 2.6380
[Tracker] Ep  322 | AvgR 0.0002 | Global 0.9370 | Local 0.1018 | F1_macro 0.5904 | WorstLoss 2.4249
[Tracker] Ep  323 | AvgR 0.0002 | Global 0.9574 | Local 0.0809 | F1_macro 0.5843 | WorstLoss 2.4858
[Tracker] Ep  324 | AvgR 0.0002 | Global 0.9137 | Local 0.1219 | F1_macro 0.5660 | WorstLoss 2.5337
[Tracker] Ep  325 | AvgR 0.0001 | Global 0.4239 | Local 0.0910 | F1_macro 0.5485 | WorstLoss 2.8447
[Tracker] Saved snapshot: ep0325_phase1_class1
[Tracker] Ep  326 | AvgR 0.0002 | Global 0.8041 | Local 0.0728 | F1_macro 0.5627 | WorstLoss 2.6677
[Tracker] Ep  327 | AvgR 0.0002 | Global 0.6400 | Local 0.1076 | F1_macro 0.5679 | WorstLoss 2.7496
[Tracker] Ep  328 | AvgR 0.0002 | Global 0.8603 | Local 0.0830 | F1_macro 0.5736 | WorstLoss 2.5893
[Tracker] Ep  329 | AvgR 0.0002 | Global 0.9047 | Local 0.0779 | F1_macro 0.5868 | WorstLoss 2.5673
[Tracker] Ep  330 | AvgR 0.0002 | Global 0.9276 | Local 0.0483 | F1_macro 0.5703 | WorstLoss 2.5330
[Tracker] Saved snapshot: ep0330_phase1_class1
[Tracker] Ep  331 | AvgR 0.0002 | Global 0.8375 | Local 0.0788 | F1_macro 0.5871 | WorstLoss 2.6428
[Tracker] Ep  332 | AvgR 0.0002 | Global 0.7330 | Local 0.0786 | F1_macro 0.5642 | WorstLoss 2.7027
[Tracker] Ep  333 | AvgR 0.0002 | Global 0.7883 | Local 0.1077 | F1_macro 0.5627 | WorstLoss 2.6510
[Tracker] Ep  334 | AvgR 0.0002 | Global 0.8835 | Local 0.0851 | F1_macro 0.5622 | WorstLoss 2.5920
[Tracker] Ep  335 | AvgR 0.0001 | Global 0.3372 | Local 0.0856 | F1_macro 0.5663 | WorstLoss 2.8851
[Tracker] Saved snapshot: ep0335_phase1_class1
[Tracker] Ep  336 | AvgR 0.0001 | Global 0.4299 | Local 0.0986 | F1_macro 0.5466 | WorstLoss 2.8436
[Tracker] Ep  337 | AvgR 0.0001 | Global 0.2715 | Local 0.1409 | F1_macro 0.5380 | WorstLoss 2.9106
[Tracker] Ep  338 | AvgR 0.0001 | Global 0.3555 | Local 0.1022 | F1_macro 0.5837 | WorstLoss 2.8729
[Tracker] Ep  339 | AvgR 0.0002 | Global 0.7747 | Local 0.0970 | F1_macro 0.5877 | WorstLoss 2.6942
[Tracker] Ep  340 | AvgR 0.0002 | Global 0.8118 | Local 0.0891 | F1_macro 0.5504 | WorstLoss 2.6648
[Tracker] Saved snapshot: ep0340_phase1_class1
[Tracker] Ep  341 | AvgR 0.0002 | Global 0.8434 | Local 0.0711 | F1_macro 0.5477 | WorstLoss 2.6307
[Tracker] Ep  342 | AvgR 0.0002 | Global 0.9315 | Local 0.0793 | F1_macro 0.5602 | WorstLoss 2.5323
[Tracker] Ep  343 | AvgR 0.0001 | Global 0.2212 | Local 0.1117 | F1_macro 0.5564 | WorstLoss 2.9351
[Tracker] Ep  344 | AvgR 0.0001 | Global 0.3122 | Local 0.1128 | F1_macro 0.5379 | WorstLoss 2.8893
[Tracker] Ep  345 | AvgR 0.0002 | Global 0.9428 | Local 0.0702 | F1_macro 0.5792 | WorstLoss 2.4960
[Tracker] Saved snapshot: ep0345_phase1_class1
[Tracker] Ep  346 | AvgR 0.0002 | Global 0.8183 | Local 0.1235 | F1_macro 0.5697 | WorstLoss 2.6513
[Tracker] Ep  347 | AvgR 0.0001 | Global 0.5554 | Local 0.0835 | F1_macro 0.5709 | WorstLoss 2.7953
[Tracker] Ep  348 | AvgR 0.0002 | Global 0.9593 | Local 0.1363 | F1_macro 0.5725 | WorstLoss 2.4368
[Tracker] Ep  349 | AvgR 0.0002 | Global 0.8998 | Local 0.0938 | F1_macro 0.5653 | WorstLoss 2.5874
[Tracker] Ep  350 | AvgR 0.0002 | Global 0.9403 | Local 0.0757 | F1_macro 0.5801 | WorstLoss 2.5435
[Tracker] Saved snapshot: ep0350_phase1_class1
[Tracker] Ep  351 | AvgR 0.0002 | Global 0.9693 | Local 0.0800 | F1_macro 0.5808 | WorstLoss 2.4271
[Tracker] New BEST synthetic [phase1_class1] (by global.global_obj: 0.969325) saved.
[Tracker] BEST β weights [phase1_class1] saved -> training_runs/SPECv16_bias05_rl_credit_3seeds_EP800_PCA10_REWfairness_minID1_majID0_TRJ2000_REAL3000_BIAS0.05_GG202603180833_a8116e4e/seed_0/best_beta_state_dict_phase1_class1.pt
[Tracker] Ep  352 | AvgR 0.0002 | Global 0.8955 | Local 0.0822 | F1_macro 0.5618 | WorstLoss 2.5841
[Tracker] Ep  353 | AvgR 0.0002 | Global 0.9224 | Local 0.1538 | F1_macro 0.5554 | WorstLoss 2.5182
[Tracker] Ep  354 | AvgR 0.0002 | Global 0.8347 | Local 0.1168 | F1_macro 0.5852 | WorstLoss 2.6340
[Tracker] Ep  355 | AvgR 0.0001 | Global 0.4375 | Local 0.0852 | F1_macro 0.5516 | WorstLoss 2.8422
[Tracker] Saved snapshot: ep0355_phase1_class1
[Tracker] Ep  356 | AvgR 0.0001 | Global 0.5407 | Local 0.1126 | F1_macro 0.5445 | WorstLoss 2.7849
[Tracker] Ep  357 | AvgR 0.0002 | Global 0.6495 | Local 0.0945 | F1_macro 0.5810 | WorstLoss 2.7454
[Tracker] Ep  358 | AvgR 0.0002 | Global 0.6560 | Local 0.0781 | F1_macro 0.5653 | WorstLoss 2.7430
[Tracker] Ep  359 | AvgR 0.0002 | Global 0.6794 | Local 0.1012 | F1_macro 0.5551 | WorstLoss 2.7311
[Tracker] Ep  360 | AvgR 0.0002 | Global 0.6958 | Local 0.1161 | F1_macro 0.5667 | WorstLoss 2.7283
[Tracker] Saved snapshot: ep0360_phase1_class1
[Tracker] Ep  361 | AvgR 0.0002 | Global 0.8081 | Local 0.0919 | F1_macro 0.5642 | WorstLoss 2.6559
[Tracker] Ep  362 | AvgR 0.0002 | Global 0.9638 | Local 0.1364 | F1_macro 0.5807 | WorstLoss 2.4456
[Tracker] Ep  363 | AvgR 0.0002 | Global 0.8032 | Local 0.1031 | F1_macro 0.5672 | WorstLoss 2.6695
[Tracker] Ep  364 | AvgR 0.0001 | Global 0.6464 | Local 0.0534 | F1_macro 0.5480 | WorstLoss 2.7527
[Tracker] Ep  365 | AvgR 0.0002 | Global 0.9393 | Local 0.1090 | F1_macro 0.5734 | WorstLoss 2.3735
[Tracker] Saved snapshot: ep0365_phase1_class1
[Tracker] Ep  366 | AvgR 0.0001 | Global 0.4801 | Local 0.1136 | F1_macro 0.5817 | WorstLoss 2.8164
[Tracker] Ep  367 | AvgR 0.0002 | Global 0.9225 | Local 0.1460 | F1_macro 0.5508 | WorstLoss 2.4143
[Tracker] Ep  368 | AvgR 0.0002 | Global 0.9213 | Local 0.0745 | F1_macro 0.5748 | WorstLoss 2.5731
[Tracker] Ep  369 | AvgR 0.0002 | Global 0.7000 | Local 0.1022 | F1_macro 0.5455 | WorstLoss 2.7285
[Tracker] Ep  370 | AvgR 0.0002 | Global 0.6384 | Local 0.1211 | F1_macro 0.5865 | WorstLoss 2.7617
[Tracker] Saved snapshot: ep0370_phase1_class1
[Tracker] Ep  371 | AvgR 0.0002 | Global 0.7405 | Local 0.1019 | F1_macro 0.5651 | WorstLoss 2.6932
[Tracker] Ep  372 | AvgR 0.0002 | Global 0.7788 | Local 0.0974 | F1_macro 0.5648 | WorstLoss 2.6899
[Tracker] Ep  373 | AvgR 0.0002 | Global 0.9405 | Local 0.0722 | F1_macro 0.5744 | WorstLoss 2.5003
[Tracker] Ep  374 | AvgR 0.0002 | Global 0.8669 | Local 0.1132 | F1_macro 0.5692 | WorstLoss 2.6166
[Tracker] Ep  375 | AvgR 0.0000 | Global 0.0482 | Local 0.1066 | F1_macro 0.5551 | WorstLoss 3.1106
[Tracker] Saved snapshot: ep0375_phase1_class1
[Tracker] Ep  376 | AvgR 0.0002 | Global 0.6358 | Local 0.1112 | F1_macro 0.5471 | WorstLoss 2.7384
[Tracker] Ep  377 | AvgR 0.0002 | Global 0.6447 | Local 0.1172 | F1_macro 0.5608 | WorstLoss 2.7509
[Tracker] Ep  378 | AvgR 0.0002 | Global 0.8754 | Local 0.0550 | F1_macro 0.5816 | WorstLoss 2.6005
[Tracker] Ep  379 | AvgR 0.0001 | Global 0.0863 | Local 0.1097 | F1_macro 0.5541 | WorstLoss 3.0512
[Tracker] Ep  380 | AvgR 0.0002 | Global 0.9285 | Local 0.0745 | F1_macro 0.5707 | WorstLoss 2.5500
[Tracker] Saved snapshot: ep0380_phase1_class1
[Tracker] Ep  381 | AvgR 0.0002 | Global 0.8753 | Local 0.1058 | F1_macro 0.5575 | WorstLoss 2.6073
[Tracker] Ep  382 | AvgR 0.0002 | Global 0.9325 | Local 0.1152 | F1_macro 0.5786 | WorstLoss 2.5565
[Tracker] Ep  383 | AvgR 0.0001 | Global 0.1028 | Local 0.1303 | F1_macro 0.5672 | WorstLoss 3.0299
[Tracker] Ep  384 | AvgR 0.0002 | Global 0.9489 | Local 0.1299 | F1_macro 0.5774 | WorstLoss 2.3952
[Tracker] Ep  385 | AvgR 0.0001 | Global 0.3466 | Local 0.1071 | F1_macro 0.5699 | WorstLoss 2.8762
[Tracker] Saved snapshot: ep0385_phase1_class1
[Tracker] Ep  386 | AvgR 0.0001 | Global 0.4023 | Local 0.1013 | F1_macro 0.5465 | WorstLoss 2.8555
[Tracker] Ep  387 | AvgR 0.0001 | Global 0.5378 | Local 0.1111 | F1_macro 0.5813 | WorstLoss 2.7926
[Tracker] Ep  388 | AvgR 0.0002 | Global 0.7138 | Local 0.1533 | F1_macro 0.5478 | WorstLoss 2.6964
[Tracker] Ep  389 | AvgR 0.0002 | Global 0.7162 | Local 0.0629 | F1_macro 0.5504 | WorstLoss 2.7180
[Tracker] Ep  390 | AvgR 0.0000 | Global 0.0405 | Local 0.1302 | F1_macro 0.5376 | WorstLoss 3.1304
[Tracker] Saved snapshot: ep0390_phase1_class1
[Tracker] Ep  391 | AvgR 0.0002 | Global 0.8555 | Local 0.0708 | F1_macro 0.5710 | WorstLoss 2.6066
[Tracker] Ep  392 | AvgR 0.0002 | Global 0.7651 | Local 0.0741 | F1_macro 0.5685 | WorstLoss 2.6907
[Tracker] Ep  393 | AvgR 0.0001 | Global 0.2086 | Local 0.1552 | F1_macro 0.5485 | WorstLoss 2.9421
[Tracker] Ep  394 | AvgR 0.0001 | Global 0.4825 | Local 0.1236 | F1_macro 0.5645 | WorstLoss 2.8228
[Tracker] Ep  395 | AvgR 0.0002 | Global 0.9017 | Local 0.0988 | F1_macro 0.5701 | WorstLoss 2.5398
[Tracker] Saved snapshot: ep0395_phase1_class1
[Tracker] Ep  396 | AvgR 0.0001 | Global 0.5313 | Local 0.1132 | F1_macro 0.5685 | WorstLoss 2.7991
[Tracker] Ep  397 | AvgR 0.0002 | Global 0.9512 | Local 0.1169 | F1_macro 0.5582 | WorstLoss 2.4458
[Tracker] Ep  398 | AvgR 0.0001 | Global 0.4457 | Local 0.0694 | F1_macro 0.5303 | WorstLoss 2.8336
[Tracker] Ep  399 | AvgR 0.0002 | Global 0.9769 | Local 0.1000 | F1_macro 0.5799 | WorstLoss 2.4394
[Tracker] New BEST synthetic [phase1_class1] (by global.global_obj: 0.976891) saved.
[Tracker] BEST β weights [phase1_class1] saved -> training_runs/SPECv16_bias05_rl_credit_3seeds_EP800_PCA10_REWfairness_minID1_majID0_TRJ2000_REAL3000_BIAS0.05_GG202603180833_a8116e4e/seed_0/best_beta_state_dict_phase1_class1.pt
[Tracker] Ep  400 | AvgR 0.0001 | Global 0.3916 | Local 0.0941 | F1_macro 0.5645 | WorstLoss 2.8564
[Tracker] Saved snapshot: ep0400_phase1_class1
[Tracker] Ep  401 | AvgR 0.0001 | Global 0.4128 | Local 0.1566 | F1_macro 0.5636 | WorstLoss 2.8398
[Tracker] Ep  402 | AvgR 0.0001 | Global 0.1986 | Local 0.1167 | F1_macro 0.5526 | WorstLoss 2.9521
[Tracker] Ep  403 | AvgR 0.0002 | Global 0.7031 | Local 0.1160 | F1_macro 0.5774 | WorstLoss 2.7226
[Tracker] Ep  404 | AvgR 0.0002 | Global 0.8155 | Local 0.0852 | F1_macro 0.5693 | WorstLoss 2.6557
[Tracker] Ep  405 | AvgR 0.0001 | Global 0.4524 | Local 0.0933 | F1_macro 0.5476 | WorstLoss 2.8310
[Tracker] Saved snapshot: ep0405_phase1_class1
[Tracker] Ep  406 | AvgR 0.0001 | Global 0.4580 | Local 0.1132 | F1_macro 0.5512 | WorstLoss 2.8283
[Tracker] Ep  407 | AvgR 0.0002 | Global 0.9096 | Local 0.1160 | F1_macro 0.5798 | WorstLoss 2.5375
[Tracker] Ep  408 | AvgR 0.0002 | Global 0.9536 | Local 0.1103 | F1_macro 0.5777 | WorstLoss 2.4940
[Tracker] Ep  409 | AvgR 0.0002 | Global 0.5120 | Local 0.1589 | F1_macro 0.5555 | WorstLoss 2.8008
[Tracker] Ep  410 | AvgR 0.0002 | Global 0.7252 | Local 0.1458 | F1_macro 0.5476 | WorstLoss 2.7077
[Tracker] Saved snapshot: ep0410_phase1_class1
[Tracker] Ep  411 | AvgR 0.0002 | Global 0.6376 | Local 0.1482 | F1_macro 0.5398 | WorstLoss 2.7450
[Tracker] Ep  412 | AvgR 0.0001 | Global 0.5212 | Local 0.1231 | F1_macro 0.5828 | WorstLoss 2.8009
[Tracker] Ep  413 | AvgR 0.0002 | Global 0.7137 | Local 0.1030 | F1_macro 0.5800 | WorstLoss 2.7170
[Tracker] Ep  414 | AvgR 0.0002 | Global 0.7236 | Local 0.0977 | F1_macro 0.5728 | WorstLoss 2.7075
[Tracker] Ep  415 | AvgR 0.0002 | Global 0.5740 | Local 0.1199 | F1_macro 0.5587 | WorstLoss 2.7784
[Tracker] Saved snapshot: ep0415_phase1_class1
[Tracker] Ep  416 | AvgR 0.0002 | Global 0.9254 | Local 0.0908 | F1_macro 0.5766 | WorstLoss 2.5675
[Tracker] Ep  417 | AvgR 0.0002 | Global 0.9870 | Local 0.1438 | F1_macro 0.5742 | WorstLoss 2.1668
[Tracker] New BEST synthetic [phase1_class1] (by global.global_obj: 0.987030) saved.
[Tracker] BEST β weights [phase1_class1] saved -> training_runs/SPECv16_bias05_rl_credit_3seeds_EP800_PCA10_REWfairness_minID1_majID0_TRJ2000_REAL3000_BIAS0.05_GG202603180833_a8116e4e/seed_0/best_beta_state_dict_phase1_class1.pt
[Tracker] Ep  418 | AvgR 0.0001 | Global 0.5173 | Local 0.0925 | F1_macro 0.5774 | WorstLoss 2.8095
[Tracker] Ep  419 | AvgR 0.0002 | Global 0.7000 | Local 0.1429 | F1_macro 0.5628 | WorstLoss 2.7123
[Tracker] Ep  420 | AvgR 0.0001 | Global 0.5852 | Local 0.0980 | F1_macro 0.5659 | WorstLoss 2.7842
[Tracker] Saved snapshot: ep0420_phase1_class1
[Tracker] Ep  421 | AvgR 0.0001 | Global 0.5291 | Local 0.1354 | F1_macro 0.5588 | WorstLoss 2.7965
[Tracker] Ep  422 | AvgR 0.0001 | Global 0.1528 | Local 0.1594 | F1_macro 0.5333 | WorstLoss 2.9796
[Tracker] Ep  423 | AvgR 0.0002 | Global 0.7783 | Local 0.1232 | F1_macro 0.5813 | WorstLoss 2.6894
[Tracker] Ep  424 | AvgR 0.0002 | Global 0.6426 | Local 0.1127 | F1_macro 0.5553 | WorstLoss 2.7519
[Tracker] Ep  425 | AvgR 0.0002 | Global 0.5236 | Local 0.1500 | F1_macro 0.5619 | WorstLoss 2.8043
[Tracker] Saved snapshot: ep0425_phase1_class1
[Tracker] Ep  426 | AvgR 0.0002 | Global 0.7776 | Local 0.1430 | F1_macro 0.5708 | WorstLoss 2.6795
[Tracker] Ep  427 | AvgR 0.0002 | Global 0.7382 | Local 0.1281 | F1_macro 0.5685 | WorstLoss 2.6950
[Tracker] Ep  428 | AvgR 0.0002 | Global 0.7620 | Local 0.1177 | F1_macro 0.5636 | WorstLoss 2.6764
[Tracker] Ep  429 | AvgR 0.0002 | Global 0.9092 | Local 0.1572 | F1_macro 0.5598 | WorstLoss 2.5170
[Tracker] Ep  430 | AvgR 0.0002 | Global 0.9098 | Local 0.1191 | F1_macro 0.5505 | WorstLoss 2.4049
[Tracker] Saved snapshot: ep0430_phase1_class1
[Tracker] Ep  431 | AvgR 0.0001 | Global 0.1915 | Local 0.1239 | F1_macro 0.5567 | WorstLoss 2.9551
[Tracker] Ep  432 | AvgR 0.0002 | Global 0.8188 | Local 0.1180 | F1_macro 0.5574 | WorstLoss 2.6519
[Tracker] Ep  433 | AvgR 0.0002 | Global 0.7590 | Local 0.1207 | F1_macro 0.5631 | WorstLoss 2.6876
[Tracker] Ep  434 | AvgR 0.0002 | Global 0.8900 | Local 0.1289 | F1_macro 0.5693 | WorstLoss 2.5875
[Tracker] Ep  435 | AvgR 0.0002 | Global 0.7550 | Local 0.1163 | F1_macro 0.5578 | WorstLoss 2.6924
[Tracker] Saved snapshot: ep0435_phase1_class1
[Tracker] Ep  436 | AvgR 0.0002 | Global 0.8321 | Local 0.0823 | F1_macro 0.5754 | WorstLoss 2.6357
[Tracker] Ep  437 | AvgR 0.0002 | Global 0.7051 | Local 0.1312 | F1_macro 0.5774 | WorstLoss 2.7076
[Tracker] Ep  438 | AvgR 0.0001 | Global 0.4305 | Local 0.1178 | F1_macro 0.5569 | WorstLoss 2.8356
[Tracker] Ep  439 | AvgR 0.0002 | Global 0.9565 | Local 0.0908 | F1_macro 0.5733 | WorstLoss 2.4568
[Tracker] Ep  440 | AvgR 0.0001 | Global 0.4712 | Local 0.1435 | F1_macro 0.5695 | WorstLoss 2.8162
[Tracker] Saved snapshot: ep0440_phase1_class1
[Tracker] Ep  441 | AvgR 0.0002 | Global 0.7769 | Local 0.1235 | F1_macro 0.5714 | WorstLoss 2.6690
[Tracker] Ep  442 | AvgR 0.0002 | Global 0.7964 | Local 0.1436 | F1_macro 0.5630 | WorstLoss 2.6390
[Tracker] Ep  443 | AvgR 0.0002 | Global 0.9104 | Local 0.1735 | F1_macro 0.5646 | WorstLoss 2.4332
[Tracker] Ep  444 | AvgR 0.0002 | Global 0.8910 | Local 0.1009 | F1_macro 0.5699 | WorstLoss 2.5830
[Tracker] Ep  445 | AvgR 0.0002 | Global 0.8365 | Local 0.1134 | F1_macro 0.5650 | WorstLoss 2.6395
[Tracker] Saved snapshot: ep0445_phase1_class1
[Tracker] Ep  446 | AvgR 0.0002 | Global 0.5386 | Local 0.1365 | F1_macro 0.5598 | WorstLoss 2.7976
[Tracker] Ep  447 | AvgR 0.0002 | Global 0.7567 | Local 0.1102 | F1_macro 0.5839 | WorstLoss 2.6893
[Tracker] Ep  448 | AvgR 0.0002 | Global 0.9306 | Local 0.1027 | F1_macro 0.5847 | WorstLoss 2.4947
[Tracker] Ep  449 | AvgR 0.0002 | Global 0.5808 | Local 0.1049 | F1_macro 0.5424 | WorstLoss 2.7733
[Tracker] Ep  450 | AvgR 0.0001 | Global 0.4405 | Local 0.1314 | F1_macro 0.5767 | WorstLoss 2.8329
[Tracker] Saved snapshot: ep0450_phase1_class1
[Tracker] Ep  451 | AvgR 0.0002 | Global 0.9322 | Local 0.0930 | F1_macro 0.5755 | WorstLoss 2.4548
[Tracker] Ep  452 | AvgR 0.0002 | Global 0.9177 | Local 0.1254 | F1_macro 0.5759 | WorstLoss 2.5192
[Tracker] Ep  453 | AvgR 0.0002 | Global 0.7660 | Local 0.1596 | F1_macro 0.5505 | WorstLoss 2.6736
[Tracker] Ep  454 | AvgR 0.0001 | Global 0.2046 | Local 0.1899 | F1_macro 0.5768 | WorstLoss 2.9475
[Tracker] Ep  455 | AvgR 0.0002 | Global 0.6946 | Local 0.1321 | F1_macro 0.5726 | WorstLoss 2.7269
[Tracker] Saved snapshot: ep0455_phase1_class1
[Tracker] Ep  456 | AvgR 0.0001 | Global 0.5004 | Local 0.1114 | F1_macro 0.5614 | WorstLoss 2.8102
[Tracker] Ep  457 | AvgR 0.0001 | Global 0.5220 | Local 0.1383 | F1_macro 0.5582 | WorstLoss 2.7999
[Tracker] Ep  458 | AvgR 0.0002 | Global 0.8073 | Local 0.1394 | F1_macro 0.5599 | WorstLoss 2.6734
[Tracker] Ep  459 | AvgR 0.0002 | Global 0.9590 | Local 0.0906 | F1_macro 0.5766 | WorstLoss 2.4561
[Tracker] Ep  460 | AvgR 0.0001 | Global 0.1649 | Local 0.1867 | F1_macro 0.5645 | WorstLoss 2.9730
[Tracker] Saved snapshot: ep0460_phase1_class1
[Tracker] Ep  461 | AvgR 0.0001 | Global 0.5355 | Local 0.1021 | F1_macro 0.5597 | WorstLoss 2.7896
[Tracker] Ep  462 | AvgR 0.0002 | Global 0.6850 | Local 0.1526 | F1_macro 0.5601 | WorstLoss 2.7252
[Tracker] Ep  463 | AvgR 0.0001 | Global 0.5461 | Local 0.0853 | F1_macro 0.5771 | WorstLoss 2.7921
[Tracker] Ep  464 | AvgR 0.0002 | Global 0.5885 | Local 0.1262 | F1_macro 0.5564 | WorstLoss 2.7735
[Tracker] Ep  465 | AvgR 0.0002 | Global 0.7834 | Local 0.1149 | F1_macro 0.5606 | WorstLoss 2.6808
[Tracker] Saved snapshot: ep0465_phase1_class1
[Tracker] Ep  466 | AvgR 0.0002 | Global 0.7658 | Local 0.1036 | F1_macro 0.5504 | WorstLoss 2.6947
[Tracker] Ep  467 | AvgR 0.0002 | Global 0.8478 | Local 0.0780 | F1_macro 0.5665 | WorstLoss 2.6303
[Tracker] Ep  468 | AvgR 0.0001 | Global 0.4955 | Local 0.1509 | F1_macro 0.5601 | WorstLoss 2.8062
[Tracker] Ep  469 | AvgR 0.0001 | Global 0.4901 | Local 0.1156 | F1_macro 0.5664 | WorstLoss 2.8163
[Tracker] Ep  470 | AvgR 0.0002 | Global 0.8719 | Local 0.1122 | F1_macro 0.5796 | WorstLoss 2.6066
[Tracker] Saved snapshot: ep0470_phase1_class1
[Tracker] Ep  471 | AvgR 0.0002 | Global 0.8154 | Local 0.1208 | F1_macro 0.5704 | WorstLoss 2.6529
[Tracker] Ep  472 | AvgR 0.0002 | Global 0.8330 | Local 0.1348 | F1_macro 0.5654 | WorstLoss 2.6377
[Tracker] Ep  473 | AvgR 0.0002 | Global 0.9647 | Local 0.1343 | F1_macro 0.5634 | WorstLoss 2.3499
[Tracker] Ep  474 | AvgR 0.0002 | Global 0.7859 | Local 0.1226 | F1_macro 0.5727 | WorstLoss 2.6892
[Tracker] Ep  475 | AvgR 0.0001 | Global 0.4720 | Local 0.1192 | F1_macro 0.5786 | WorstLoss 2.8257
[Tracker] Saved snapshot: ep0475_phase1_class1
[Tracker] Ep  476 | AvgR 0.0002 | Global 0.8760 | Local 0.1019 | F1_macro 0.5539 | WorstLoss 2.5904
[Tracker] Ep  477 | AvgR 0.0001 | Global 0.2312 | Local 0.1526 | F1_macro 0.5710 | WorstLoss 2.9300
[Tracker] Ep  478 | AvgR 0.0002 | Global 0.8954 | Local 0.1217 | F1_macro 0.5657 | WorstLoss 2.5732
[Tracker] Ep  479 | AvgR 0.0001 | Global 0.2852 | Local 0.1248 | F1_macro 0.5541 | WorstLoss 2.9061
[Tracker] Ep  480 | AvgR 0.0002 | Global 0.6266 | Local 0.1289 | F1_macro 0.5678 | WorstLoss 2.7539
[Tracker] Saved snapshot: ep0480_phase1_class1
[Tracker] Ep  481 | AvgR 0.0002 | Global 0.7325 | Local 0.0204 | F1_macro 0.5380 | WorstLoss 2.7145
[Tracker] Ep  482 | AvgR 0.0000 | Global 0.0518 | Local 0.0460 | F1_macro 0.5304 | WorstLoss 3.1063
[Tracker] Ep  483 | AvgR 0.0002 | Global 0.8918 | Local 0.0190 | F1_macro 0.5517 | WorstLoss 2.6083
[Tracker] Ep  484 | AvgR 0.0000 | Global 0.1074 | Local 0.0396 | F1_macro 0.5207 | WorstLoss 3.0210
[Tracker] Ep  485 | AvgR 0.0001 | Global 0.2162 | Local 0.0375 | F1_macro 0.5257 | WorstLoss 2.9452
[Tracker] Saved snapshot: ep0485_phase1_class1
[Tracker] Ep  486 | AvgR 0.0001 | Global 0.3238 | Local 0.0352 | F1_macro 0.5483 | WorstLoss 2.8854
[Tracker] Ep  487 | AvgR 0.0000 | Global 0.1101 | Local 0.0329 | F1_macro 0.5098 | WorstLoss 3.0258
[Tracker] Ep  488 | AvgR 0.0000 | Global 0.0984 | Local 0.0473 | F1_macro 0.5155 | WorstLoss 3.0356
[Tracker] Ep  489 | AvgR 0.0001 | Global 0.5715 | Local 0.0374 | F1_macro 0.5186 | WorstLoss 2.7796
[Tracker] Ep  490 | AvgR 0.0001 | Global 0.3275 | Local 0.0575 | F1_macro 0.5131 | WorstLoss 2.8871
[Tracker] Saved snapshot: ep0490_phase1_class1
[Tracker] Ep  491 | AvgR 0.0001 | Global 0.6359 | Local 0.0287 | F1_macro 0.5393 | WorstLoss 2.7578
[Tracker] Ep  492 | AvgR 0.0002 | Global 0.7759 | Local 0.0411 | F1_macro 0.5381 | WorstLoss 2.6878
[Tracker] Ep  493 | AvgR 0.0002 | Global 0.9270 | Local 0.0336 | F1_macro 0.5461 | WorstLoss 2.5595
[Tracker] Ep  494 | AvgR 0.0002 | Global 0.8432 | Local 0.0433 | F1_macro 0.5428 | WorstLoss 2.6392
[Tracker] Ep  495 | AvgR 0.0002 | Global 0.9115 | Local 0.0343 | F1_macro 0.5401 | WorstLoss 2.5774
[Tracker] Saved snapshot: ep0495_phase1_class1
[Tracker] Ep  496 | AvgR 0.0001 | Global 0.4180 | Local 0.0500 | F1_macro 0.5444 | WorstLoss 2.8478
[Tracker] Ep  497 | AvgR 0.0001 | Global 0.4613 | Local 0.0461 | F1_macro 0.5278 | WorstLoss 2.8299
[Tracker] Ep  498 | AvgR 0.0001 | Global 0.6333 | Local 0.0391 | F1_macro 0.5376 | WorstLoss 2.7507
[Tracker] Ep  499 | AvgR 0.0002 | Global 0.8843 | Local 0.0435 | F1_macro 0.5442 | WorstLoss 2.6106
[Tracker] Ep  500 | AvgR 0.0001 | Global 0.2200 | Local 0.0924 | F1_macro 0.5284 | WorstLoss 2.9361
[Tracker] Saved snapshot: ep0500_phase1_class1
[Tracker] Ep  501 | AvgR 0.0001 | Global 0.2081 | Local 0.0396 | F1_macro 0.5239 | WorstLoss 2.9484
[Tracker] Ep  502 | AvgR 0.0001 | Global 0.5332 | Local 0.0555 | F1_macro 0.5267 | WorstLoss 2.7994
[Tracker] Ep  503 | AvgR 0.0002 | Global 0.8271 | Local 0.0453 | F1_macro 0.5583 | WorstLoss 2.6460
[Tracker] Ep  504 | AvgR 0.0001 | Global 0.4170 | Local 0.0697 | F1_macro 0.5518 | WorstLoss 2.8447
[Tracker] Ep  505 | AvgR 0.0002 | Global 0.8458 | Local 0.0703 | F1_macro 0.5534 | WorstLoss 2.6030
[Tracker] Saved snapshot: ep0505_phase1_class1
[Tracker] Ep  506 | AvgR 0.0000 | Global 0.0649 | Local 0.0483 | F1_macro 0.5095 | WorstLoss 3.0813
[Tracker] Ep  507 | AvgR 0.0002 | Global 0.6418 | Local 0.0508 | F1_macro 0.5439 | WorstLoss 2.7470
[Tracker] Ep  508 | AvgR 0.0001 | Global 0.2321 | Local 0.0468 | F1_macro 0.5336 | WorstLoss 2.9308
[Tracker] Ep  509 | AvgR 0.0002 | Global 0.8414 | Local 0.0548 | F1_macro 0.5442 | WorstLoss 2.6200
[Tracker] Ep  510 | AvgR 0.0002 | Global 0.9073 | Local 0.0253 | F1_macro 0.5548 | WorstLoss 2.5825
[Tracker] Saved snapshot: ep0510_phase1_class1
[Tracker] Ep  511 | AvgR 0.0001 | Global 0.6333 | Local 0.0316 | F1_macro 0.5428 | WorstLoss 2.7610
[Tracker] Ep  512 | AvgR 0.0002 | Global 0.8722 | Local 0.0971 | F1_macro 0.5579 | WorstLoss 2.5700
[Tracker] Ep  513 | AvgR 0.0001 | Global 0.2607 | Local 0.0862 | F1_macro 0.5488 | WorstLoss 2.9114
[Tracker] Ep  514 | AvgR 0.0002 | Global 0.7509 | Local 0.0539 | F1_macro 0.5372 | WorstLoss 2.7073
[Tracker] Ep  515 | AvgR 0.0002 | Global 0.9015 | Local 0.0828 | F1_macro 0.5561 | WorstLoss 2.5090
[Tracker] Saved snapshot: ep0515_phase1_class1
[Tracker] Ep  516 | AvgR 0.0001 | Global 0.3441 | Local 0.1005 | F1_macro 0.5358 | WorstLoss 2.8761
[Tracker] Ep  517 | AvgR 0.0000 | Global 0.0783 | Local 0.0487 | F1_macro 0.5118 | WorstLoss 3.0583
[Tracker] Ep  518 | AvgR 0.0002 | Global 0.7712 | Local 0.0585 | F1_macro 0.5272 | WorstLoss 2.6758
[Tracker] Ep  519 | AvgR 0.0001 | Global 0.3396 | Local 0.0790 | F1_macro 0.5287 | WorstLoss 2.8719
[Tracker] Ep  520 | AvgR 0.0002 | Global 0.8050 | Local 0.0656 | F1_macro 0.5453 | WorstLoss 2.6495
[Tracker] Saved snapshot: ep0520_phase1_class1
[Tracker] Ep  521 | AvgR 0.0002 | Global 0.8233 | Local 0.0748 | F1_macro 0.5563 | WorstLoss 2.6364
[Tracker] Ep  522 | AvgR 0.0001 | Global 0.2966 | Local 0.1032 | F1_macro 0.5549 | WorstLoss 2.8969
[Tracker] Ep  523 | AvgR 0.0000 | Global 0.1479 | Local 0.0511 | F1_macro 0.5409 | WorstLoss 2.9884
[Tracker] Ep  524 | AvgR 0.0001 | Global 0.5542 | Local 0.0988 | F1_macro 0.5429 | WorstLoss 2.7770
[Tracker] Ep  525 | AvgR 0.0002 | Global 0.7534 | Local 0.1131 | F1_macro 0.5692 | WorstLoss 2.6849
[Tracker] Saved snapshot: ep0525_phase1_class1
[Tracker] Ep  526 | AvgR 0.0001 | Global 0.1817 | Local 0.0805 | F1_macro 0.5212 | WorstLoss 2.9622
[Tracker] Ep  527 | AvgR 0.0002 | Global 0.9712 | Local 0.1119 | F1_macro 0.5762 | WorstLoss 2.4242
[Tracker] Ep  528 | AvgR 0.0002 | Global 0.6291 | Local 0.0960 | F1_macro 0.5291 | WorstLoss 2.7488
[Tracker] Ep  529 | AvgR 0.0002 | Global 0.5691 | Local 0.1324 | F1_macro 0.5425 | WorstLoss 2.7732
[Tracker] Ep  530 | AvgR 0.0001 | Global 0.2042 | Local 0.1021 | F1_macro 0.5361 | WorstLoss 2.9498
[Tracker] Saved snapshot: ep0530_phase1_class1
[Tracker] Ep  531 | AvgR 0.0002 | Global 0.8127 | Local 0.0907 | F1_macro 0.5470 | WorstLoss 2.6157
[Tracker] Ep  532 | AvgR 0.0000 | Global 0.0455 | Local 0.1216 | F1_macro 0.5123 | WorstLoss 3.1106
[Tracker] Ep  533 | AvgR 0.0001 | Global 0.1208 | Local 0.1304 | F1_macro 0.5266 | WorstLoss 3.0078
[Tracker] Ep  534 | AvgR 0.0002 | Global 0.8449 | Local 0.1007 | F1_macro 0.5434 | WorstLoss 2.5852
[Tracker] Ep  535 | AvgR 0.0001 | Global 0.0232 | Local 0.1687 | F1_macro 0.5416 | WorstLoss 3.1870
[Tracker] Saved snapshot: ep0535_phase1_class1
[Tracker] Ep  536 | AvgR 0.0001 | Global 0.4090 | Local 0.1274 | F1_macro 0.5393 | WorstLoss 2.8462
[Tracker] Ep  537 | AvgR 0.0001 | Global 0.4907 | Local 0.0798 | F1_macro 0.5457 | WorstLoss 2.8106
[Tracker] Ep  538 | AvgR 0.0002 | Global 0.9269 | Local 0.1199 | F1_macro 0.5554 | WorstLoss 2.3897
[Tracker] Ep  539 | AvgR 0.0001 | Global 0.4807 | Local 0.1438 | F1_macro 0.5178 | WorstLoss 2.8095
[Tracker] Ep  540 | AvgR 0.0002 | Global 0.8853 | Local 0.0728 | F1_macro 0.5785 | WorstLoss 2.5778
[Tracker] Saved snapshot: ep0540_phase1_class1
[Tracker] Ep  541 | AvgR 0.0002 | Global 0.8398 | Local 0.1391 | F1_macro 0.5495 | WorstLoss 2.6184
[Tracker] Ep  542 | AvgR 0.0001 | Global 0.3428 | Local 0.1193 | F1_macro 0.5543 | WorstLoss 2.8717
[Tracker] Ep  543 | AvgR 0.0002 | Global 0.8223 | Local 0.0889 | F1_macro 0.5576 | WorstLoss 2.5893
[Tracker] Ep  544 | AvgR 0.0001 | Global 0.5087 | Local 0.1082 | F1_macro 0.5481 | WorstLoss 2.8105
[Tracker] Ep  545 | AvgR 0.0001 | Global 0.5461 | Local 0.0785 | F1_macro 0.5440 | WorstLoss 2.7855
[Tracker] Saved snapshot: ep0545_phase1_class1
[Tracker] Ep  546 | AvgR 0.0002 | Global 0.9619 | Local 0.1183 | F1_macro 0.5473 | WorstLoss 2.4593
[Tracker] Ep  547 | AvgR 0.0002 | Global 0.6525 | Local 0.1202 | F1_macro 0.5444 | WorstLoss 2.7375
[Tracker] Ep  548 | AvgR 0.0002 | Global 0.8852 | Local 0.1113 | F1_macro 0.5555 | WorstLoss 2.5398
[Tracker] Ep  549 | AvgR 0.0001 | Global 0.0614 | Local 0.1645 | F1_macro 0.5275 | WorstLoss 3.0810
[Tracker] Ep  550 | AvgR 0.0001 | Global 0.4521 | Local 0.1212 | F1_macro 0.5350 | WorstLoss 2.8228
[Tracker] Saved snapshot: ep0550_phase1_class1
[Tracker] Ep  551 | AvgR 0.0001 | Global 0.2017 | Local 0.1227 | F1_macro 0.5271 | WorstLoss 2.9460
[Tracker] Ep  552 | AvgR 0.0002 | Global 0.7579 | Local 0.1479 | F1_macro 0.5421 | WorstLoss 2.6416
[Tracker] Ep  553 | AvgR 0.0000 | Global 0.0161 | Local 0.1202 | F1_macro 0.5491 | WorstLoss 3.2168
[Tracker] Ep  554 | AvgR 0.0002 | Global 0.5469 | Local 0.1314 | F1_macro 0.5450 | WorstLoss 2.7765
[Tracker] Ep  555 | AvgR 0.0001 | Global 0.5060 | Local 0.0704 | F1_macro 0.5469 | WorstLoss 2.8067
[Tracker] Saved snapshot: ep0555_phase1_class1
[Tracker] Ep  556 | AvgR 0.0001 | Global 0.2027 | Local 0.1191 | F1_macro 0.5472 | WorstLoss 2.9477
[Tracker] Ep  557 | AvgR 0.0002 | Global 0.6196 | Local 0.1213 | F1_macro 0.5468 | WorstLoss 2.7441
[Tracker] Ep  558 | AvgR 0.0000 | Global 0.0360 | Local 0.1202 | F1_macro 0.5119 | WorstLoss 3.1365
[Tracker] Ep  559 | AvgR 0.0001 | Global 0.0894 | Local 0.1275 | F1_macro 0.5399 | WorstLoss 3.0406
[Tracker] Ep  560 | AvgR 0.0002 | Global 0.6599 | Local 0.1299 | F1_macro 0.5583 | WorstLoss 2.7354
[Tracker] Saved snapshot: ep0560_phase1_class1
[Tracker] Ep  561 | AvgR 0.0001 | Global 0.2597 | Local 0.1400 | F1_macro 0.5247 | WorstLoss 2.9130
[Tracker] Ep  562 | AvgR 0.0002 | Global 0.8836 | Local 0.1397 | F1_macro 0.5525 | WorstLoss 2.5671
[Tracker] Ep  563 | AvgR 0.0002 | Global 0.8799 | Local 0.1122 | F1_macro 0.5664 | WorstLoss 2.5477
[Tracker] Ep  564 | AvgR 0.0001 | Global 0.0743 | Local 0.1761 | F1_macro 0.5333 | WorstLoss 3.0635
[Tracker] Ep  565 | AvgR 0.0002 | Global 0.9044 | Local 0.1166 | F1_macro 0.5495 | WorstLoss 2.5189
[Tracker] Saved snapshot: ep0565_phase1_class1
[Tracker] Ep  566 | AvgR 0.0003 | Global 0.9213 | Local 0.1813 | F1_macro 0.5537 | WorstLoss 2.4285
[Tracker] Ep  567 | AvgR 0.0001 | Global 0.3009 | Local 0.1952 | F1_macro 0.5552 | WorstLoss 2.8940
[Tracker] Ep  568 | AvgR 0.0001 | Global 0.4411 | Local 0.1320 | F1_macro 0.5607 | WorstLoss 2.8342
[Tracker] Ep  569 | AvgR 0.0001 | Global 0.0803 | Local 0.1658 | F1_macro 0.5303 | WorstLoss 3.0468
[Tracker] Ep  570 | AvgR 0.0001 | Global 0.2848 | Local 0.2036 | F1_macro 0.5547 | WorstLoss 2.8982
[Tracker] Saved snapshot: ep0570_phase1_class1
[Tracker] Ep  571 | AvgR 0.0001 | Global 0.3353 | Local 0.1209 | F1_macro 0.5463 | WorstLoss 2.8791
[Tracker] Ep  572 | AvgR 0.0002 | Global 0.7301 | Local 0.1479 | F1_macro 0.5655 | WorstLoss 2.6984
[Tracker] Ep  573 | AvgR 0.0002 | Global 0.8910 | Local 0.1132 | F1_macro 0.5532 | WorstLoss 2.5667
[Tracker] Ep  574 | AvgR 0.0001 | Global 0.2335 | Local 0.1365 | F1_macro 0.5392 | WorstLoss 2.9280
[Tracker] Ep  575 | AvgR 0.0000 | Global 0.0325 | Local 0.1379 | F1_macro 0.5362 | WorstLoss 3.1526
[Tracker] Saved snapshot: ep0575_phase1_class1
[Tracker] Ep  576 | AvgR 0.0001 | Global 0.2160 | Local 0.1147 | F1_macro 0.5394 | WorstLoss 2.9349
[Tracker] Ep  577 | AvgR 0.0002 | Global 0.4944 | Local 0.1780 | F1_macro 0.5565 | WorstLoss 2.8018
[Tracker] Ep  578 | AvgR 0.0001 | Global 0.1712 | Local 0.1506 | F1_macro 0.5281 | WorstLoss 2.9598
[Tracker] Ep  579 | AvgR 0.0001 | Global 0.3656 | Local 0.1417 | F1_macro 0.5396 | WorstLoss 2.8551
[Tracker] Ep  580 | AvgR 0.0001 | Global 0.3303 | Local 0.1955 | F1_macro 0.5255 | WorstLoss 2.8691
[Tracker] Saved snapshot: ep0580_phase1_class1
[Tracker] Ep  581 | AvgR 0.0002 | Global 0.8485 | Local 0.1463 | F1_macro 0.5424 | WorstLoss 2.6156
[Tracker] Ep  582 | AvgR 0.0001 | Global 0.3569 | Local 0.1553 | F1_macro 0.5492 | WorstLoss 2.8664
[Tracker] Ep  583 | AvgR 0.0002 | Global 0.4383 | Local 0.2102 | F1_macro 0.5368 | WorstLoss 2.8236
[Tracker] Ep  584 | AvgR 0.0002 | Global 0.5621 | Local 0.1952 | F1_macro 0.5594 | WorstLoss 2.7788
[Tracker] Ep  585 | AvgR 0.0001 | Global 0.3186 | Local 0.1436 | F1_macro 0.5368 | WorstLoss 2.8825
[Tracker] Saved snapshot: ep0585_phase1_class1
[Tracker] Ep  586 | AvgR 0.0002 | Global 0.8064 | Local 0.1240 | F1_macro 0.5682 | WorstLoss 2.6536
[Tracker] Ep  587 | AvgR 0.0002 | Global 0.8015 | Local 0.1053 | F1_macro 0.5506 | WorstLoss 2.6251
[Tracker] Ep  588 | AvgR 0.0001 | Global 0.0671 | Local 0.1851 | F1_macro 0.5107 | WorstLoss 3.0719
[Tracker] Ep  589 | AvgR 0.0001 | Global 0.4085 | Local 0.1776 | F1_macro 0.5272 | WorstLoss 2.8363
[Tracker] Ep  590 | AvgR 0.0002 | Global 0.5938 | Local 0.1266 | F1_macro 0.5450 | WorstLoss 2.7661
[Tracker] Saved snapshot: ep0590_phase1_class1
[Tracker] Ep  591 | AvgR 0.0001 | Global 0.0634 | Local 0.1475 | F1_macro 0.5288 | WorstLoss 3.0787
[Tracker] Ep  592 | AvgR 0.0000 | Global 0.0084 | Local 0.1120 | F1_macro 0.5120 | WorstLoss 3.2851
[Tracker] Ep  593 | AvgR 0.0002 | Global 0.6856 | Local 0.1204 | F1_macro 0.5449 | WorstLoss 2.7081
[Tracker] Ep  594 | AvgR 0.0001 | Global 0.4705 | Local 0.1544 | F1_macro 0.5364 | WorstLoss 2.8128
[Tracker] Ep  595 | AvgR 0.0001 | Global 0.4686 | Local 0.1412 | F1_macro 0.5585 | WorstLoss 2.8158
[Tracker] Saved snapshot: ep0595_phase1_class1
[Tracker] Ep  596 | AvgR 0.0001 | Global 0.1436 | Local 0.1526 | F1_macro 0.5482 | WorstLoss 2.9871
[Tracker] Ep  597 | AvgR 0.0002 | Global 0.8589 | Local 0.1470 | F1_macro 0.5605 | WorstLoss 2.5610
[Tracker] Ep  598 | AvgR 0.0001 | Global 0.1737 | Local 0.1577 | F1_macro 0.5328 | WorstLoss 2.9597
[Tracker] Ep  599 | AvgR 0.0001 | Global 0.2851 | Local 0.1270 | F1_macro 0.5402 | WorstLoss 2.9028
[Tracker] Ep  600 | AvgR 0.0001 | Global 0.0604 | Local 0.1878 | F1_macro 0.5439 | WorstLoss 3.0789
[Tracker] Saved snapshot: ep0600_phase1_class1
[Tracker] Ep  601 | AvgR 0.0002 | Global 0.5577 | Local 0.1464 | F1_macro 0.5520 | WorstLoss 2.7768
[Tracker] Ep  602 | AvgR 0.0001 | Global 0.1749 | Local 0.2073 | F1_macro 0.5324 | WorstLoss 2.9560
[Tracker] Ep  603 | AvgR 0.0002 | Global 0.4881 | Local 0.2023 | F1_macro 0.5488 | WorstLoss 2.8064
[Tracker] Ep  604 | AvgR 0.0002 | Global 0.6943 | Local 0.1647 | F1_macro 0.5328 | WorstLoss 2.6971
[Tracker] Ep  605 | AvgR 0.0001 | Global 0.0207 | Local 0.1844 | F1_macro 0.5226 | WorstLoss 3.1906
[Tracker] Saved snapshot: ep0605_phase1_class1
[Tracker] Ep  606 | AvgR 0.0001 | Global 0.4163 | Local 0.1651 | F1_macro 0.5378 | WorstLoss 2.8364
[Tracker] Ep  607 | AvgR 0.0001 | Global 0.0491 | Local 0.1446 | F1_macro 0.5406 | WorstLoss 3.0945
[Tracker] Ep  608 | AvgR 0.0001 | Global 0.1581 | Local 0.1375 | F1_macro 0.5283 | WorstLoss 2.9712
[Tracker] Ep  609 | AvgR 0.0001 | Global 0.1820 | Local 0.1725 | F1_macro 0.5256 | WorstLoss 2.9560
[Tracker] Ep  610 | AvgR 0.0002 | Global 0.5119 | Local 0.1315 | F1_macro 0.5405 | WorstLoss 2.7919
[Tracker] Saved snapshot: ep0610_phase1_class1
[Tracker] Ep  611 | AvgR 0.0002 | Global 0.6395 | Local 0.1742 | F1_macro 0.5364 | WorstLoss 2.7297
[Tracker] Ep  612 | AvgR 0.0001 | Global 0.1172 | Local 0.1188 | F1_macro 0.5278 | WorstLoss 3.0086
[Tracker] Ep  613 | AvgR 0.0002 | Global 0.7674 | Local 0.1991 | F1_macro 0.5255 | WorstLoss 2.6504
[Tracker] Ep  614 | AvgR 0.0001 | Global 0.3921 | Local 0.2135 | F1_macro 0.5311 | WorstLoss 2.8420
[Tracker] Ep  615 | AvgR 0.0002 | Global 0.7122 | Local 0.1707 | F1_macro 0.5277 | WorstLoss 2.6861
[Tracker] Saved snapshot: ep0615_phase1_class1
[Tracker] Ep  616 | AvgR 0.0002 | Global 0.5348 | Local 0.1734 | F1_macro 0.5200 | WorstLoss 2.7852
[Tracker] Ep  617 | AvgR 0.0001 | Global 0.3647 | Local 0.1984 | F1_macro 0.5364 | WorstLoss 2.8592
[Tracker] Ep  618 | AvgR 0.0001 | Global 0.1037 | Local 0.1424 | F1_macro 0.5426 | WorstLoss 3.0261
[Tracker] Ep  619 | AvgR 0.0001 | Global 0.4220 | Local 0.1615 | F1_macro 0.5345 | WorstLoss 2.8287
[Tracker] Ep  620 | AvgR 0.0002 | Global 0.7347 | Local 0.1890 | F1_macro 0.5353 | WorstLoss 2.6866
[Tracker] Saved snapshot: ep0620_phase1_class1
[Tracker] Ep  621 | AvgR 0.0002 | Global 0.5249 | Local 0.1755 | F1_macro 0.5361 | WorstLoss 2.7841
[Tracker] Ep  622 | AvgR 0.0001 | Global 0.4738 | Local 0.1437 | F1_macro 0.5380 | WorstLoss 2.8153
[Tracker] Ep  623 | AvgR 0.0002 | Global 0.7273 | Local 0.1610 | F1_macro 0.5464 | WorstLoss 2.6845
[Tracker] Ep  624 | AvgR 0.0002 | Global 0.8136 | Local 0.1669 | F1_macro 0.5499 | WorstLoss 2.6286
[Tracker] Ep  625 | AvgR 0.0002 | Global 0.4034 | Local 0.2133 | F1_macro 0.5320 | WorstLoss 2.8354
[Tracker] Saved snapshot: ep0625_phase1_class1
[Tracker] Ep  626 | AvgR 0.0002 | Global 0.8368 | Local 0.1742 | F1_macro 0.5441 | WorstLoss 2.6058
[Tracker] Ep  627 | AvgR 0.0002 | Global 0.6942 | Local 0.2167 | F1_macro 0.5237 | WorstLoss 2.6952
[Tracker] Ep  628 | AvgR 0.0002 | Global 0.6217 | Local 0.1784 | F1_macro 0.5142 | WorstLoss 2.7386
[Tracker] Ep  629 | AvgR 0.0001 | Global 0.0021 | Local 0.1941 | F1_macro 0.5368 | WorstLoss 3.4270
[Tracker] Ep  630 | AvgR 0.0002 | Global 0.8011 | Local 0.1506 | F1_macro 0.5489 | WorstLoss 2.6449
[Tracker] Saved snapshot: ep0630_phase1_class1
[Tracker] Ep  631 | AvgR 0.0001 | Global 0.2393 | Local 0.1598 | F1_macro 0.5329 | WorstLoss 2.9204
[Tracker] Ep  632 | AvgR 0.0001 | Global 0.0470 | Local 0.1751 | F1_macro 0.5128 | WorstLoss 3.1055
[Tracker] Ep  633 | AvgR 0.0001 | Global 0.3886 | Local 0.1785 | F1_macro 0.5410 | WorstLoss 2.8489
[Tracker] Ep  634 | AvgR 0.0001 | Global 0.0303 | Local 0.1638 | F1_macro 0.5557 | WorstLoss 3.1576
[Tracker] Ep  635 | AvgR 0.0002 | Global 0.7927 | Local 0.2108 | F1_macro 0.5333 | WorstLoss 2.6240
[Tracker] Saved snapshot: ep0635_phase1_class1
[Tracker] Ep  636 | AvgR 0.0002 | Global 0.6272 | Local 0.1254 | F1_macro 0.5242 | WorstLoss 2.7426
[Tracker] Ep  637 | AvgR 0.0001 | Global 0.0769 | Local 0.1693 | F1_macro 0.5319 | WorstLoss 3.0543
[Tracker] Ep  638 | AvgR 0.0001 | Global 0.3105 | Local 0.1705 | F1_macro 0.5340 | WorstLoss 2.8838
[Tracker] Ep  639 | AvgR 0.0001 | Global 0.0573 | Local 0.1425 | F1_macro 0.5303 | WorstLoss 3.0908
[Tracker] Ep  640 | AvgR 0.0001 | Global 0.3113 | Local 0.1990 | F1_macro 0.5334 | WorstLoss 2.8858
[Tracker] Saved snapshot: ep0640_phase1_class1
[Tracker] Ep  641 | AvgR 0.0001 | Global 0.0642 | Local 0.1327 | F1_macro 0.5353 | WorstLoss 3.0763
[Tracker] Ep  642 | AvgR 0.0002 | Global 0.8144 | Local 0.1571 | F1_macro 0.5265 | WorstLoss 2.6071
[Tracker] Ep  643 | AvgR 0.0002 | Global 0.7542 | Local 0.2008 | F1_macro 0.5166 | WorstLoss 2.6469
[Tracker] Ep  644 | AvgR 0.0001 | Global 0.1506 | Local 0.2369 | F1_macro 0.5086 | WorstLoss 2.9684
[Tracker] Ep  645 | AvgR 0.0001 | Global 0.3212 | Local 0.1838 | F1_macro 0.5093 | WorstLoss 2.8774
[Tracker] Saved snapshot: ep0645_phase1_class1
[Tracker] Ep  646 | AvgR 0.0001 | Global 0.0738 | Local 0.1728 | F1_macro 0.5087 | WorstLoss 3.0585
[Tracker] Ep  647 | AvgR 0.0003 | Global 0.9121 | Local 0.2357 | F1_macro 0.5190 | WorstLoss 2.3210
[Tracker] Ep  648 | AvgR 0.0002 | Global 0.8109 | Local 0.2219 | F1_macro 0.5408 | WorstLoss 2.6076
[Tracker] Ep  649 | AvgR 0.0001 | Global 0.2558 | Local 0.2119 | F1_macro 0.5239 | WorstLoss 2.9166
[Tracker] Ep  650 | AvgR 0.0001 | Global 0.2915 | Local 0.1800 | F1_macro 0.5322 | WorstLoss 2.8941
[Tracker] Saved snapshot: ep0650_phase1_class1
[Tracker] Ep  651 | AvgR 0.0001 | Global 0.3589 | Local 0.2227 | F1_macro 0.5159 | WorstLoss 2.8631
[Tracker] Ep  652 | AvgR 0.0003 | Global 0.8166 | Local 0.2787 | F1_macro 0.5408 | WorstLoss 2.6265
[Tracker] Ep  653 | AvgR 0.0001 | Global 0.3853 | Local 0.1666 | F1_macro 0.5146 | WorstLoss 2.8427
[Tracker] Ep  654 | AvgR 0.0001 | Global 0.0444 | Local 0.2007 | F1_macro 0.5277 | WorstLoss 3.1122
[Tracker] Ep  655 | AvgR 0.0001 | Global 0.3650 | Local 0.2311 | F1_macro 0.5316 | WorstLoss 2.8661
[Tracker] Saved snapshot: ep0655_phase1_class1
[Tracker] Ep  656 | AvgR 0.0001 | Global 0.0712 | Local 0.1696 | F1_macro 0.5236 | WorstLoss 3.0628
[Tracker] Ep  657 | AvgR 0.0003 | Global 0.8673 | Local 0.2116 | F1_macro 0.5454 | WorstLoss 2.5371
[Tracker] Ep  658 | AvgR 0.0002 | Global 0.5947 | Local 0.2688 | F1_macro 0.5454 | WorstLoss 2.7588
[Tracker] Ep  659 | AvgR 0.0002 | Global 0.6644 | Local 0.1970 | F1_macro 0.5141 | WorstLoss 2.7280
[Tracker] Ep  660 | AvgR 0.0003 | Global 0.8638 | Local 0.2261 | F1_macro 0.5196 | WorstLoss 2.4267
[Tracker] Saved snapshot: ep0660_phase1_class1
[Tracker] Ep  661 | AvgR 0.0003 | Global 0.9521 | Local 0.2079 | F1_macro 0.5508 | WorstLoss 2.3377
[Tracker] Ep  662 | AvgR 0.0001 | Global 0.0665 | Local 0.1795 | F1_macro 0.5052 | WorstLoss 3.0726
[Tracker] Ep  663 | AvgR 0.0003 | Global 0.8977 | Local 0.1663 | F1_macro 0.5400 | WorstLoss 2.4587
[Tracker] Ep  664 | AvgR 0.0002 | Global 0.4590 | Local 0.1962 | F1_macro 0.5252 | WorstLoss 2.8213
[Tracker] Ep  665 | AvgR 0.0002 | Global 0.6804 | Local 0.1913 | F1_macro 0.5306 | WorstLoss 2.7189
[Tracker] Saved snapshot: ep0665_phase1_class1
[Tracker] Ep  666 | AvgR 0.0003 | Global 0.9327 | Local 0.2046 | F1_macro 0.5406 | WorstLoss 2.3578
[Tracker] Ep  667 | AvgR 0.0001 | Global 0.0467 | Local 0.2244 | F1_macro 0.5287 | WorstLoss 3.1128
[Tracker] Ep  668 | AvgR 0.0001 | Global 0.2174 | Local 0.1482 | F1_macro 0.5414 | WorstLoss 2.9375
[Tracker] Ep  669 | AvgR 0.0003 | Global 0.8216 | Local 0.2495 | F1_macro 0.5393 | WorstLoss 2.6369
[Tracker] Ep  670 | AvgR 0.0002 | Global 0.8095 | Local 0.1942 | F1_macro 0.5512 | WorstLoss 2.6137
[Tracker] Saved snapshot: ep0670_phase1_class1
[Tracker] Ep  671 | AvgR 0.0002 | Global 0.5936 | Local 0.2627 | F1_macro 0.5121 | WorstLoss 2.7434
[Tracker] Ep  672 | AvgR 0.0002 | Global 0.5336 | Local 0.2077 | F1_macro 0.5387 | WorstLoss 2.7833
[Tracker] Ep  673 | AvgR 0.0003 | Global 0.8475 | Local 0.2886 | F1_macro 0.5166 | WorstLoss 2.5586
[Tracker] Ep  674 | AvgR 0.0001 | Global 0.3397 | Local 0.2109 | F1_macro 0.5363 | WorstLoss 2.8670
[Tracker] Ep  675 | AvgR 0.0003 | Global 0.9426 | Local 0.1868 | F1_macro 0.5467 | WorstLoss 2.3594
[Tracker] Saved snapshot: ep0675_phase1_class1
[Tracker] Ep  676 | AvgR 0.0003 | Global 0.8060 | Local 0.2784 | F1_macro 0.5071 | WorstLoss 2.5713
[Tracker] Ep  677 | AvgR 0.0002 | Global 0.6875 | Local 0.2392 | F1_macro 0.5192 | WorstLoss 2.7125
[Tracker] Ep  678 | AvgR 0.0002 | Global 0.5585 | Local 0.2074 | F1_macro 0.5391 | WorstLoss 2.7782
[Tracker] Ep  679 | AvgR 0.0002 | Global 0.6383 | Local 0.2516 | F1_macro 0.5299 | WorstLoss 2.7368
[Tracker] Ep  680 | AvgR 0.0003 | Global 0.7624 | Local 0.2685 | F1_macro 0.5353 | WorstLoss 2.6488
[Tracker] Saved snapshot: ep0680_phase1_class1
[Tracker] Ep  681 | AvgR 0.0003 | Global 0.8136 | Local 0.3101 | F1_macro 0.4993 | WorstLoss 2.5690
[Tracker] Ep  682 | AvgR 0.0001 | Global 0.1247 | Local 0.2482 | F1_macro 0.5132 | WorstLoss 2.9938
[Tracker] Ep  683 | AvgR 0.0002 | Global 0.6883 | Local 0.2116 | F1_macro 0.5082 | WorstLoss 2.6980
[Tracker] Ep  684 | AvgR 0.0003 | Global 0.8650 | Local 0.2653 | F1_macro 0.5086 | WorstLoss 2.5501
[Tracker] Ep  685 | AvgR 0.0002 | Global 0.4433 | Local 0.2833 | F1_macro 0.5159 | WorstLoss 2.8225
[Tracker] Saved snapshot: ep0685_phase1_class1
[Tracker] Ep  686 | AvgR 0.0002 | Global 0.4380 | Local 0.2022 | F1_macro 0.5109 | WorstLoss 2.8278
[Tracker] Ep  687 | AvgR 0.0002 | Global 0.7288 | Local 0.2413 | F1_macro 0.5327 | WorstLoss 2.6672
[Tracker] Ep  688 | AvgR 0.0002 | Global 0.7557 | Local 0.2100 | F1_macro 0.5296 | WorstLoss 2.6592
[Tracker] Ep  689 | AvgR 0.0002 | Global 0.6872 | Local 0.2453 | F1_macro 0.5296 | WorstLoss 2.6905
[Tracker] Ep  690 | AvgR 0.0002 | Global 0.5663 | Local 0.2021 | F1_macro 0.5318 | WorstLoss 2.7639
[Tracker] Saved snapshot: ep0690_phase1_class1
[Tracker] Ep  691 | AvgR 0.0002 | Global 0.7802 | Local 0.1880 | F1_macro 0.5141 | WorstLoss 2.5808
[Tracker] Ep  692 | AvgR 0.0003 | Global 0.7645 | Local 0.2766 | F1_macro 0.5124 | WorstLoss 2.5975
[Tracker] Ep  693 | AvgR 0.0002 | Global 0.7828 | Local 0.1834 | F1_macro 0.5105 | WorstLoss 2.6060
[Tracker] Ep  694 | AvgR 0.0002 | Global 0.4766 | Local 0.2757 | F1_macro 0.4999 | WorstLoss 2.7944
[Tracker] Ep  695 | AvgR 0.0003 | Global 0.8907 | Local 0.2338 | F1_macro 0.5074 | WorstLoss 2.4205
[Tracker] Saved snapshot: ep0695_phase1_class1
[Tracker] Ep  696 | AvgR 0.0003 | Global 0.8729 | Local 0.1785 | F1_macro 0.5168 | WorstLoss 2.4327
[Tracker] Ep  697 | AvgR 0.0002 | Global 0.4750 | Local 0.2193 | F1_macro 0.5348 | WorstLoss 2.8100
[Tracker] Ep  698 | AvgR 0.0002 | Global 0.4399 | Local 0.2153 | F1_macro 0.5278 | WorstLoss 2.8263
[Tracker] Ep  699 | AvgR 0.0002 | Global 0.8058 | Local 0.1869 | F1_macro 0.5244 | WorstLoss 2.5995
[Tracker] Ep  700 | AvgR 0.0002 | Global 0.7072 | Local 0.2143 | F1_macro 0.5321 | WorstLoss 2.7063
[Tracker] Saved snapshot: ep0700_phase1_class1
[Tracker] Ep  701 | AvgR 0.0001 | Global 0.2173 | Local 0.1706 | F1_macro 0.5089 | WorstLoss 2.9341
[Tracker] Ep  702 | AvgR 0.0003 | Global 0.9076 | Local 0.2434 | F1_macro 0.5248 | WorstLoss 2.4491
[Tracker] Ep  703 | AvgR 0.0001 | Global 0.1793 | Local 0.2296 | F1_macro 0.5106 | WorstLoss 2.9577
[Tracker] Ep  704 | AvgR 0.0003 | Global 0.8894 | Local 0.2302 | F1_macro 0.5342 | WorstLoss 2.3849
[Tracker] Ep  705 | AvgR 0.0002 | Global 0.5580 | Local 0.2094 | F1_macro 0.5198 | WorstLoss 2.7608
[Tracker] Saved snapshot: ep0705_phase1_class1
[Tracker] Ep  706 | AvgR 0.0002 | Global 0.4187 | Local 0.1920 | F1_macro 0.5422 | WorstLoss 2.8326
[Tracker] Ep  707 | AvgR 0.0002 | Global 0.6103 | Local 0.2945 | F1_macro 0.5151 | WorstLoss 2.7430
[Tracker] Ep  708 | AvgR 0.0001 | Global 0.0952 | Local 0.2356 | F1_macro 0.5303 | WorstLoss 3.0303
[Tracker] Ep  709 | AvgR 0.0001 | Global 0.2987 | Local 0.2104 | F1_macro 0.5218 | WorstLoss 2.8870
[Tracker] Ep  710 | AvgR 0.0003 | Global 0.8557 | Local 0.2023 | F1_macro 0.5360 | WorstLoss 2.5674
[Tracker] Saved snapshot: ep0710_phase1_class1
[Tracker] Ep  711 | AvgR 0.0003 | Global 0.8798 | Local 0.1986 | F1_macro 0.5522 | WorstLoss 2.5328
[Tracker] Ep  712 | AvgR 0.0002 | Global 0.4949 | Local 0.1912 | F1_macro 0.5331 | WorstLoss 2.8145
[Tracker] Ep  713 | AvgR 0.0003 | Global 0.8988 | Local 0.2230 | F1_macro 0.5201 | WorstLoss 2.4247
[Tracker] Ep  714 | AvgR 0.0002 | Global 0.7481 | Local 0.2274 | F1_macro 0.5142 | WorstLoss 2.6618
[Tracker] Ep  715 | AvgR 0.0002 | Global 0.7728 | Local 0.2008 | F1_macro 0.5215 | WorstLoss 2.6324
[Tracker] Saved snapshot: ep0715_phase1_class1
[Tracker] Ep  716 | AvgR 0.0002 | Global 0.4134 | Local 0.2116 | F1_macro 0.5190 | WorstLoss 2.8302
[Tracker] Ep  717 | AvgR 0.0002 | Global 0.7118 | Local 0.2292 | F1_macro 0.5364 | WorstLoss 2.6992
[Tracker] Ep  718 | AvgR 0.0003 | Global 0.8345 | Local 0.2298 | F1_macro 0.5316 | WorstLoss 2.5803
[Tracker] Ep  719 | AvgR 0.0003 | Global 0.8769 | Local 0.2185 | F1_macro 0.5148 | WorstLoss 2.3625
[Tracker] Ep  720 | AvgR 0.0003 | Global 0.8333 | Local 0.2658 | F1_macro 0.5296 | WorstLoss 2.5759
[Tracker] Saved snapshot: ep0720_phase1_class1
[Tracker] Ep  721 | AvgR 0.0002 | Global 0.5483 | Local 0.2583 | F1_macro 0.5197 | WorstLoss 2.7677
[Tracker] Ep  722 | AvgR 0.0002 | Global 0.7504 | Local 0.1961 | F1_macro 0.5268 | WorstLoss 2.6585
[Tracker] Ep  723 | AvgR 0.0002 | Global 0.4209 | Local 0.2320 | F1_macro 0.5282 | WorstLoss 2.8393
[Tracker] Ep  724 | AvgR 0.0002 | Global 0.4524 | Local 0.1869 | F1_macro 0.5487 | WorstLoss 2.8284
[Tracker] Ep  725 | AvgR 0.0003 | Global 0.7444 | Local 0.2751 | F1_macro 0.5399 | WorstLoss 2.6488
[Tracker] Saved snapshot: ep0725_phase1_class1
[Tracker] Ep  726 | AvgR 0.0003 | Global 0.8436 | Local 0.2725 | F1_macro 0.5264 | WorstLoss 2.5916
[Tracker] Ep  727 | AvgR 0.0002 | Global 0.7924 | Local 0.2262 | F1_macro 0.5189 | WorstLoss 2.6346
[Tracker] Ep  728 | AvgR 0.0003 | Global 0.8590 | Local 0.1954 | F1_macro 0.5243 | WorstLoss 2.5610
[Tracker] Ep  729 | AvgR 0.0002 | Global 0.7077 | Local 0.2156 | F1_macro 0.5176 | WorstLoss 2.7037
[Tracker] Ep  730 | AvgR 0.0003 | Global 0.8193 | Local 0.2503 | F1_macro 0.5154 | WorstLoss 2.6042
[Tracker] Saved snapshot: ep0730_phase1_class1
[Tracker] Ep  731 | AvgR 0.0003 | Global 0.8314 | Local 0.2835 | F1_macro 0.5064 | WorstLoss 2.5192
[Tracker] Ep  732 | AvgR 0.0003 | Global 0.9078 | Local 0.1908 | F1_macro 0.5070 | WorstLoss 2.3807
[Tracker] Ep  733 | AvgR 0.0003 | Global 0.8899 | Local 0.1944 | F1_macro 0.5474 | WorstLoss 2.5693
[Tracker] Ep  734 | AvgR 0.0002 | Global 0.6413 | Local 0.2163 | F1_macro 0.5356 | WorstLoss 2.7298
[Tracker] Ep  735 | AvgR 0.0002 | Global 0.6252 | Local 0.2541 | F1_macro 0.5295 | WorstLoss 2.7345
[Tracker] Saved snapshot: ep0735_phase1_class1
[Tracker] Ep  736 | AvgR 0.0002 | Global 0.7520 | Local 0.1893 | F1_macro 0.5113 | WorstLoss 2.6792
[Tracker] Ep  737 | AvgR 0.0003 | Global 0.8113 | Local 0.2278 | F1_macro 0.5352 | WorstLoss 2.6295
[Tracker] Ep  738 | AvgR 0.0003 | Global 0.8842 | Local 0.2669 | F1_macro 0.5157 | WorstLoss 2.4866
[Tracker] Ep  739 | AvgR 0.0003 | Global 0.9033 | Local 0.2905 | F1_macro 0.5122 | WorstLoss 2.4500
[Tracker] Ep  740 | AvgR 0.0002 | Global 0.4790 | Local 0.2619 | F1_macro 0.5108 | WorstLoss 2.8040
[Tracker] Saved snapshot: ep0740_phase1_class1
[Tracker] Ep  741 | AvgR 0.0003 | Global 0.8767 | Local 0.2037 | F1_macro 0.5314 | WorstLoss 2.5442
[Tracker] Ep  742 | AvgR 0.0003 | Global 0.9215 | Local 0.2367 | F1_macro 0.5336 | WorstLoss 2.2530
[Tracker] Ep  743 | AvgR 0.0002 | Global 0.7093 | Local 0.2369 | F1_macro 0.5083 | WorstLoss 2.6877
[Tracker] Ep  744 | AvgR 0.0001 | Global 0.0914 | Local 0.2001 | F1_macro 0.5007 | WorstLoss 3.0336
[Tracker] Ep  745 | AvgR 0.0003 | Global 0.8033 | Local 0.2308 | F1_macro 0.5079 | WorstLoss 2.6067
[Tracker] Saved snapshot: ep0745_phase1_class1
[Tracker] Ep  746 | AvgR 0.0001 | Global 0.2217 | Local 0.2532 | F1_macro 0.5040 | WorstLoss 2.9279
[Tracker] Ep  747 | AvgR 0.0002 | Global 0.5787 | Local 0.2191 | F1_macro 0.5348 | WorstLoss 2.7698
[Tracker] Ep  748 | AvgR 0.0001 | Global 0.2306 | Local 0.1832 | F1_macro 0.5047 | WorstLoss 2.9250
[Tracker] Ep  749 | AvgR 0.0003 | Global 0.9422 | Local 0.2223 | F1_macro 0.5109 | WorstLoss 2.3705
[Tracker] Ep  750 | AvgR 0.0003 | Global 0.8202 | Local 0.2228 | F1_macro 0.5320 | WorstLoss 2.5886
[Tracker] Saved snapshot: ep0750_phase1_class1
[Tracker] Ep  751 | AvgR 0.0001 | Global 0.1134 | Local 0.2233 | F1_macro 0.5126 | WorstLoss 3.0161
[Tracker] Ep  752 | AvgR 0.0002 | Global 0.5453 | Local 0.2322 | F1_macro 0.5172 | WorstLoss 2.7664
[Tracker] Ep  753 | AvgR 0.0002 | Global 0.6985 | Local 0.2070 | F1_macro 0.5218 | WorstLoss 2.7112
[Tracker] Ep  754 | AvgR 0.0003 | Global 0.9037 | Local 0.2010 | F1_macro 0.5346 | WorstLoss 2.2757
[Tracker] Ep  755 | AvgR 0.0002 | Global 0.6089 | Local 0.2114 | F1_macro 0.5304 | WorstLoss 2.7498
[Tracker] Saved snapshot: ep0755_phase1_class1
[Tracker] Ep  756 | AvgR 0.0003 | Global 0.9421 | Local 0.2650 | F1_macro 0.5613 | WorstLoss 2.2370
[Tracker] Ep  757 | AvgR 0.0001 | Global 0.2806 | Local 0.2287 | F1_macro 0.5125 | WorstLoss 2.8998
[Tracker] Ep  758 | AvgR 0.0002 | Global 0.4777 | Local 0.1730 | F1_macro 0.5296 | WorstLoss 2.8185
[Tracker] Ep  759 | AvgR 0.0003 | Global 0.7562 | Local 0.2824 | F1_macro 0.5143 | WorstLoss 2.5340
[Tracker] Ep  760 | AvgR 0.0003 | Global 0.9253 | Local 0.2256 | F1_macro 0.5230 | WorstLoss 2.1987
[Tracker] Saved snapshot: ep0760_phase1_class1
[Tracker] Ep  761 | AvgR 0.0003 | Global 0.9446 | Local 0.1766 | F1_macro 0.5392 | WorstLoss 2.3503
[Tracker] Ep  762 | AvgR 0.0002 | Global 0.7472 | Local 0.2419 | F1_macro 0.5048 | WorstLoss 2.6540
[Tracker] Ep  763 | AvgR 0.0003 | Global 0.9002 | Local 0.2843 | F1_macro 0.5139 | WorstLoss 2.3976
[Tracker] Ep  764 | AvgR 0.0003 | Global 0.9439 | Local 0.2386 | F1_macro 0.5409 | WorstLoss 2.4962
[Tracker] Ep  765 | AvgR 0.0002 | Global 0.7442 | Local 0.2609 | F1_macro 0.5347 | WorstLoss 2.6573
[Tracker] Saved snapshot: ep0765_phase1_class1
[Tracker] Ep  766 | AvgR 0.0002 | Global 0.7140 | Local 0.2494 | F1_macro 0.5146 | WorstLoss 2.6754
[Tracker] Ep  767 | AvgR 0.0002 | Global 0.7733 | Local 0.1919 | F1_macro 0.5294 | WorstLoss 2.6379
[Tracker] Ep  768 | AvgR 0.0002 | Global 0.7165 | Local 0.2330 | F1_macro 0.5095 | WorstLoss 2.6787
[Tracker] Ep  769 | AvgR 0.0003 | Global 0.9029 | Local 0.2223 | F1_macro 0.5239 | WorstLoss 2.4079
[Tracker] Ep  770 | AvgR 0.0003 | Global 0.9351 | Local 0.1724 | F1_macro 0.5233 | WorstLoss 2.4347
[Tracker] Saved snapshot: ep0770_phase1_class1
[Tracker] Ep  771 | AvgR 0.0003 | Global 0.8960 | Local 0.1500 | F1_macro 0.5401 | WorstLoss 2.5304
[Tracker] Ep  772 | AvgR 0.0003 | Global 0.8453 | Local 0.2113 | F1_macro 0.5333 | WorstLoss 2.5494
[Tracker] Ep  773 | AvgR 0.0003 | Global 0.9604 | Local 0.2317 | F1_macro 0.5383 | WorstLoss 2.2827
[Tracker] Ep  774 | AvgR 0.0003 | Global 0.8409 | Local 0.2356 | F1_macro 0.5139 | WorstLoss 2.5461
[Tracker] Ep  775 | AvgR 0.0002 | Global 0.7960 | Local 0.2101 | F1_macro 0.5269 | WorstLoss 2.6404
[Tracker] Saved snapshot: ep0775_phase1_class1
[Tracker] Ep  776 | AvgR 0.0003 | Global 0.9349 | Local 0.2565 | F1_macro 0.5362 | WorstLoss 2.2898
[Tracker] Ep  777 | AvgR 0.0002 | Global 0.5687 | Local 0.1722 | F1_macro 0.5102 | WorstLoss 2.7716
[Tracker] Ep  778 | AvgR 0.0003 | Global 0.8543 | Local 0.2582 | F1_macro 0.5160 | WorstLoss 2.5062
[Tracker] Ep  779 | AvgR 0.0003 | Global 0.9643 | Local 0.1930 | F1_macro 0.5347 | WorstLoss 2.2912
[Tracker] Ep  780 | AvgR 0.0002 | Global 0.4219 | Local 0.1819 | F1_macro 0.5382 | WorstLoss 2.8411
[Tracker] Saved snapshot: ep0780_phase1_class1
[Tracker] Ep  781 | AvgR 0.0001 | Global 0.1432 | Local 0.2005 | F1_macro 0.5185 | WorstLoss 2.9808
[Tracker] Ep  782 | AvgR 0.0001 | Global 0.2326 | Local 0.2290 | F1_macro 0.5002 | WorstLoss 2.9105
[Tracker] Ep  783 | AvgR 0.0002 | Global 0.7175 | Local 0.2006 | F1_macro 0.5241 | WorstLoss 2.6997
[Tracker] Ep  784 | AvgR 0.0003 | Global 0.9329 | Local 0.1900 | F1_macro 0.5511 | WorstLoss 2.4560
[Tracker] Ep  785 | AvgR 0.0002 | Global 0.7378 | Local 0.1936 | F1_macro 0.5394 | WorstLoss 2.6805
[Tracker] Saved snapshot: ep0785_phase1_class1
[Tracker] Ep  786 | AvgR 0.0002 | Global 0.6820 | Local 0.1792 | F1_macro 0.5245 | WorstLoss 2.7054
[Tracker] Ep  787 | AvgR 0.0003 | Global 0.8566 | Local 0.1833 | F1_macro 0.5311 | WorstLoss 2.5944
[Tracker] Ep  788 | AvgR 0.0002 | Global 0.4317 | Local 0.2355 | F1_macro 0.5133 | WorstLoss 2.8243
[Tracker] Ep  789 | AvgR 0.0002 | Global 0.7132 | Local 0.2125 | F1_macro 0.5183 | WorstLoss 2.6979
[Tracker] Ep  790 | AvgR 0.0003 | Global 0.8677 | Local 0.2448 | F1_macro 0.5327 | WorstLoss 2.5303
[Tracker] Saved snapshot: ep0790_phase1_class1
[Tracker] Ep  791 | AvgR 0.0002 | Global 0.6263 | Local 0.2618 | F1_macro 0.5072 | WorstLoss 2.7319
[Tracker] Ep  792 | AvgR 0.0003 | Global 0.7945 | Local 0.2263 | F1_macro 0.5198 | WorstLoss 2.6293
[Tracker] Ep  793 | AvgR 0.0002 | Global 0.7055 | Local 0.2351 | F1_macro 0.5342 | WorstLoss 2.7053
[Tracker] Ep  794 | AvgR 0.0002 | Global 0.6650 | Local 0.2163 | F1_macro 0.5444 | WorstLoss 2.7354
[Tracker] Ep  795 | AvgR 0.0003 | Global 0.9073 | Local 0.2331 | F1_macro 0.5351 | WorstLoss 2.4943
[Tracker] Saved snapshot: ep0795_phase1_class1
[Tracker] Ep  796 | AvgR 0.0003 | Global 0.9333 | Local 0.2502 | F1_macro 0.5310 | WorstLoss 2.3087
[Tracker] Ep  797 | AvgR 0.0003 | Global 0.9009 | Local 0.2381 | F1_macro 0.5189 | WorstLoss 2.5077
[Tracker] Ep  798 | AvgR 0.0002 | Global 0.7352 | Local 0.1906 | F1_macro 0.5296 | WorstLoss 2.6697
[Tracker] Ep  799 | AvgR 0.0002 | Global 0.6679 | Local 0.2384 | F1_macro 0.5411 | WorstLoss 2.7144
[Tracker] Ep  800 | AvgR 0.0003 | Global 0.7711 | Local 0.2639 | F1_macro 0.5101 | WorstLoss 2.6215
[Tracker] Saved snapshot: ep0800_phase1_class1
[Phase] Finished phase1_class1 | best global_obj=0.9870
Phase 2 anchors: 1074 (y=0 & disadv=0)
FFNN Using device: cuda:0

============================================================
[Phase] Starting phase2_class0 | target_class=0 | episodes=200
============================================================
[Tracker] Ep    1 | AvgR 0.0001 | Global 0.8903 | Local 0.0145 | F1_macro 0.5798 | WorstLoss 2.6098
[Tracker] New BEST synthetic [phase2_class0] (by global.global_obj: 0.890291) saved.
[Tracker] BEST β weights [phase2_class0] saved -> training_runs/SPECv16_bias05_rl_credit_3seeds_EP800_PCA10_REWfairness_minID1_majID0_TRJ2000_REAL3000_BIAS0.05_GG202603180833_a8116e4e/seed_0/best_beta_state_dict_phase2_class0.pt
[Tracker] Ep    2 | AvgR 0.0001 | Global 0.5722 | Local 0.0087 | F1_macro 0.5609 | WorstLoss 2.7874
[Tracker] Ep    3 | AvgR 0.0001 | Global 0.9354 | Local 0.0108 | F1_macro 0.5832 | WorstLoss 2.5519
[Tracker] New BEST synthetic [phase2_class0] (by global.global_obj: 0.935397) saved.
[Tracker] BEST β weights [phase2_class0] saved -> training_runs/SPECv16_bias05_rl_credit_3seeds_EP800_PCA10_REWfairness_minID1_majID0_TRJ2000_REAL3000_BIAS0.05_GG202603180833_a8116e4e/seed_0/best_beta_state_dict_phase2_class0.pt
[Tracker] Ep    4 | AvgR 0.0002 | Global 0.9666 | Local 0.0145 | F1_macro 0.5897 | WorstLoss 2.4827
[Tracker] New BEST synthetic [phase2_class0] (by global.global_obj: 0.966599) saved.
[Tracker] BEST β weights [phase2_class0] saved -> training_runs/SPECv16_bias05_rl_credit_3seeds_EP800_PCA10_REWfairness_minID1_majID0_TRJ2000_REAL3000_BIAS0.05_GG202603180833_a8116e4e/seed_0/best_beta_state_dict_phase2_class0.pt
[Tracker] Ep    5 | AvgR 0.0000 | Global 0.1627 | Local 0.0152 | F1_macro 0.5783 | WorstLoss 2.9799
[Tracker] Saved snapshot: ep0005_phase2_class0
[Tracker] Ep    6 | AvgR 0.0002 | Global 0.9970 | Local 0.0157 | F1_macro 0.5804 | WorstLoss 2.2386
[Tracker] New BEST synthetic [phase2_class0] (by global.global_obj: 0.997001) saved.
[Tracker] BEST β weights [phase2_class0] saved -> training_runs/SPECv16_bias05_rl_credit_3seeds_EP800_PCA10_REWfairness_minID1_majID0_TRJ2000_REAL3000_BIAS0.05_GG202603180833_a8116e4e/seed_0/best_beta_state_dict_phase2_class0.pt
[Tracker] Ep    7 | AvgR 0.0002 | Global 0.9499 | Local 0.0197 | F1_macro 0.5768 | WorstLoss 2.5249
[Tracker] Ep    8 | AvgR 0.0001 | Global 0.8165 | Local 0.0126 | F1_macro 0.5681 | WorstLoss 2.6589
[Tracker] Ep    9 | AvgR 0.0001 | Global 0.7833 | Local 0.0124 | F1_macro 0.5728 | WorstLoss 2.6902
[Tracker] Ep   10 | AvgR 0.0001 | Global 0.9112 | Local 0.0232 | F1_macro 0.5925 | WorstLoss 2.5864
[Tracker] Saved snapshot: ep0010_phase2_class0
[Tracker] Ep   11 | AvgR 0.0001 | Global 0.9231 | Local 0.0081 | F1_macro 0.5826 | WorstLoss 2.5704
[Tracker] Ep   12 | AvgR 0.0001 | Global 0.8793 | Local 0.0096 | F1_macro 0.5800 | WorstLoss 2.6206
[Tracker] Ep   13 | AvgR 0.0002 | Global 0.9803 | Local 0.0088 | F1_macro 0.5685 | WorstLoss 2.4253
[Tracker] Ep   14 | AvgR 0.0001 | Global 0.8154 | Local 0.0092 | F1_macro 0.5692 | WorstLoss 2.6645
[Tracker] Ep   15 | AvgR 0.0002 | Global 0.9448 | Local 0.0175 | F1_macro 0.5755 | WorstLoss 2.5291
[Tracker] Saved snapshot: ep0015_phase2_class0
[Tracker] Ep   16 | AvgR 0.0001 | Global 0.5537 | Local 0.0091 | F1_macro 0.5814 | WorstLoss 2.7931
[Tracker] Ep   17 | AvgR 0.0001 | Global 0.8965 | Local 0.0152 | F1_macro 0.5736 | WorstLoss 2.6033
[Tracker] Ep   18 | AvgR 0.0001 | Global 0.7664 | Local 0.0090 | F1_macro 0.5733 | WorstLoss 2.6938
[Tracker] Ep   19 | AvgR 0.0001 | Global 0.3826 | Local 0.0212 | F1_macro 0.5750 | WorstLoss 2.8662
[Tracker] Ep   20 | AvgR 0.0001 | Global 0.5158 | Local 0.0191 | F1_macro 0.5733 | WorstLoss 2.8108
[Tracker] Saved snapshot: ep0020_phase2_class0
[Tracker] Ep   21 | AvgR 0.0001 | Global 0.4570 | Local 0.0174 | F1_macro 0.5677 | WorstLoss 2.8323
[Tracker] Ep   22 | AvgR 0.0001 | Global 0.6260 | Local 0.0073 | F1_macro 0.5784 | WorstLoss 2.7665
[Tracker] Ep   23 | AvgR 0.0001 | Global 0.8961 | Local 0.0082 | F1_macro 0.5825 | WorstLoss 2.5956
[Tracker] Ep   24 | AvgR 0.0000 | Global 0.1392 | Local 0.0074 | F1_macro 0.5680 | WorstLoss 2.9989
[Tracker] Ep   25 | AvgR 0.0001 | Global 0.6984 | Local 0.0225 | F1_macro 0.5680 | WorstLoss 2.7332
[Tracker] Saved snapshot: ep0025_phase2_class0
[Tracker] Ep   26 | AvgR 0.0001 | Global 0.8328 | Local 0.0111 | F1_macro 0.5832 | WorstLoss 2.6535
[Tracker] Ep   27 | AvgR 0.0001 | Global 0.7566 | Local 0.0039 | F1_macro 0.5762 | WorstLoss 2.7022
[Tracker] Ep   28 | AvgR 0.0001 | Global 0.6440 | Local 0.0238 | F1_macro 0.5624 | WorstLoss 2.7449
[Tracker] Ep   29 | AvgR 0.0000 | Global 0.1874 | Local 0.0084 | F1_macro 0.5528 | WorstLoss 2.9636
[Tracker] Ep   30 | AvgR 0.0001 | Global 0.5698 | Local 0.0206 | F1_macro 0.5959 | WorstLoss 2.7902
[Tracker] Saved snapshot: ep0030_phase2_class0
[Tracker] Ep   31 | AvgR 0.0002 | Global 0.9352 | Local 0.0273 | F1_macro 0.5625 | WorstLoss 2.5177
[Tracker] Ep   32 | AvgR 0.0002 | Global 0.9343 | Local 0.0109 | F1_macro 0.5701 | WorstLoss 2.5458
[Tracker] Ep   33 | AvgR 0.0002 | Global 0.9872 | Local 0.0065 | F1_macro 0.5766 | WorstLoss 2.3617
[Tracker] Ep   34 | AvgR 0.0002 | Global 0.9725 | Local 0.0100 | F1_macro 0.5817 | WorstLoss 2.4628
[Tracker] Ep   35 | AvgR 0.0002 | Global 0.9895 | Local 0.0313 | F1_macro 0.5770 | WorstLoss 2.3644
[Tracker] Saved snapshot: ep0035_phase2_class0
[Tracker] Ep   36 | AvgR 0.0001 | Global 0.7558 | Local 0.0093 | F1_macro 0.5596 | WorstLoss 2.7036
[Tracker] Ep   37 | AvgR 0.0001 | Global 0.6764 | Local 0.0057 | F1_macro 0.5756 | WorstLoss 2.7434
[Tracker] Ep   38 | AvgR 0.0002 | Global 0.9524 | Local 0.0104 | F1_macro 0.5577 | WorstLoss 2.4985
[Tracker] Ep   39 | AvgR 0.0002 | Global 0.8804 | Local 0.0081 | F1_macro 0.5936 | WorstLoss 2.6196
[Tracker] Ep   40 | AvgR 0.0001 | Global 0.4803 | Local 0.0084 | F1_macro 0.5793 | WorstLoss 2.8253
[Tracker] Saved snapshot: ep0040_phase2_class0
[Tracker] Ep   41 | AvgR 0.0001 | Global 0.3910 | Local 0.0110 | F1_macro 0.5812 | WorstLoss 2.8621
[Tracker] Ep   42 | AvgR 0.0002 | Global 0.8558 | Local 0.0161 | F1_macro 0.5819 | WorstLoss 2.6412
[Tracker] Ep   43 | AvgR 0.0001 | Global 0.5850 | Local 0.0105 | F1_macro 0.5621 | WorstLoss 2.7804
[Tracker] Ep   44 | AvgR 0.0002 | Global 0.9730 | Local 0.0158 | F1_macro 0.5728 | WorstLoss 2.4607
[Tracker] Ep   45 | AvgR 0.0002 | Global 0.9889 | Local 0.0237 | F1_macro 0.5799 | WorstLoss 2.3707
[Tracker] Saved snapshot: ep0045_phase2_class0
[Tracker] Ep   46 | AvgR 0.0001 | Global 0.8093 | Local 0.0146 | F1_macro 0.5819 | WorstLoss 2.6733
[Tracker] Ep   47 | AvgR 0.0001 | Global 0.3360 | Local 0.0168 | F1_macro 0.5597 | WorstLoss 2.8865
[Tracker] Ep   48 | AvgR 0.0002 | Global 0.9503 | Local 0.0206 | F1_macro 0.5830 | WorstLoss 2.5242
[Tracker] Ep   49 | AvgR 0.0001 | Global 0.6939 | Local 0.0263 | F1_macro 0.5869 | WorstLoss 2.7373
[Tracker] Ep   50 | AvgR 0.0001 | Global 0.3552 | Local 0.0130 | F1_macro 0.5736 | WorstLoss 2.8767
[Tracker] Saved snapshot: ep0050_phase2_class0
[Tracker] Ep   51 | AvgR 0.0000 | Global 0.1489 | Local 0.0158 | F1_macro 0.5596 | WorstLoss 2.9935
[Tracker] Ep   52 | AvgR 0.0001 | Global 0.7765 | Local 0.0231 | F1_macro 0.5884 | WorstLoss 2.6947
[Tracker] Ep   53 | AvgR 0.0001 | Global 0.6574 | Local 0.0100 | F1_macro 0.5766 | WorstLoss 2.7540
[Tracker] Ep   54 | AvgR 0.0002 | Global 0.8440 | Local 0.0069 | F1_macro 0.5760 | WorstLoss 2.6487
[Tracker] Ep   55 | AvgR 0.0002 | Global 0.8772 | Local 0.0130 | F1_macro 0.5570 | WorstLoss 2.6221
[Tracker] Saved snapshot: ep0055_phase2_class0
[Tracker] Ep   56 | AvgR 0.0000 | Global 0.1084 | Local 0.0071 | F1_macro 0.5682 | WorstLoss 3.0271
[Tracker] Ep   57 | AvgR 0.0002 | Global 0.8902 | Local 0.0107 | F1_macro 0.5801 | WorstLoss 2.6071
[Tracker] Ep   58 | AvgR 0.0002 | Global 0.9424 | Local 0.0104 | F1_macro 0.5827 | WorstLoss 2.5396
[Tracker] Ep   59 | AvgR 0.0002 | Global 0.9813 | Local 0.0358 | F1_macro 0.5750 | WorstLoss 2.4231
[Tracker] Ep   60 | AvgR 0.0002 | Global 0.8987 | Local 0.0052 | F1_macro 0.5674 | WorstLoss 2.6009
[Tracker] Saved snapshot: ep0060_phase2_class0
[Tracker] Ep   61 | AvgR 0.0002 | Global 0.9251 | Local 0.0058 | F1_macro 0.5746 | WorstLoss 2.5678
[Tracker] Ep   62 | AvgR 0.0002 | Global 0.9047 | Local 0.0276 | F1_macro 0.5906 | WorstLoss 2.5941
[Tracker] Ep   63 | AvgR 0.0001 | Global 0.3721 | Local 0.0188 | F1_macro 0.5534 | WorstLoss 2.8651
[Tracker] Ep   64 | AvgR 0.0001 | Global 0.6773 | Local 0.0462 | F1_macro 0.5835 | WorstLoss 2.7451
[Tracker] Ep   65 | AvgR 0.0000 | Global 0.2202 | Local 0.0119 | F1_macro 0.5825 | WorstLoss 2.9451
[Tracker] Saved snapshot: ep0065_phase2_class0
[Tracker] Ep   66 | AvgR 0.0001 | Global 0.5235 | Local 0.0100 | F1_macro 0.5710 | WorstLoss 2.8082
[Tracker] Ep   67 | AvgR 0.0001 | Global 0.4475 | Local 0.0095 | F1_macro 0.5786 | WorstLoss 2.8385
[Tracker] Ep   68 | AvgR 0.0001 | Global 0.3672 | Local 0.0307 | F1_macro 0.5617 | WorstLoss 2.8653
[Tracker] Ep   69 | AvgR 0.0001 | Global 0.7577 | Local 0.0204 | F1_macro 0.5908 | WorstLoss 2.7047
[Tracker] Ep   70 | AvgR 0.0000 | Global 0.1091 | Local 0.0293 | F1_macro 0.5776 | WorstLoss 3.0273
[Tracker] Saved snapshot: ep0070_phase2_class0
[Tracker] Ep   71 | AvgR 0.0001 | Global 0.5264 | Local 0.0160 | F1_macro 0.5751 | WorstLoss 2.8087
[Tracker] Ep   72 | AvgR 0.0001 | Global 0.3642 | Local 0.0199 | F1_macro 0.5599 | WorstLoss 2.8748
[Tracker] Ep   73 | AvgR 0.0002 | Global 0.9577 | Local 0.0220 | F1_macro 0.5869 | WorstLoss 2.5072
[Tracker] Ep   74 | AvgR 0.0002 | Global 0.9624 | Local 0.0075 | F1_macro 0.5697 | WorstLoss 2.4738
[Tracker] Ep   75 | AvgR 0.0002 | Global 0.8134 | Local 0.0281 | F1_macro 0.5661 | WorstLoss 2.6709
[Tracker] Saved snapshot: ep0075_phase2_class0
[Tracker] Ep   76 | AvgR 0.0001 | Global 0.7211 | Local 0.0064 | F1_macro 0.5676 | WorstLoss 2.7149
[Tracker] Ep   77 | AvgR 0.0002 | Global 0.8191 | Local 0.0210 | F1_macro 0.5811 | WorstLoss 2.6682
[Tracker] Ep   78 | AvgR 0.0002 | Global 0.9550 | Local 0.0225 | F1_macro 0.5852 | WorstLoss 2.5136
[Tracker] Ep   79 | AvgR 0.0002 | Global 0.8554 | Local 0.0085 | F1_macro 0.5709 | WorstLoss 2.6414
[Tracker] Ep   80 | AvgR 0.0001 | Global 0.6605 | Local 0.0057 | F1_macro 0.5810 | WorstLoss 2.7500
[Tracker] Saved snapshot: ep0080_phase2_class0
[Tracker] Ep   81 | AvgR 0.0001 | Global 0.6414 | Local 0.0063 | F1_macro 0.5769 | WorstLoss 2.7580
[Tracker] Ep   82 | AvgR 0.0001 | Global 0.5706 | Local 0.0242 | F1_macro 0.5687 | WorstLoss 2.7863
[Tracker] Ep   83 | AvgR 0.0001 | Global 0.5562 | Local 0.0154 | F1_macro 0.5680 | WorstLoss 2.7967
[Tracker] Ep   84 | AvgR 0.0001 | Global 0.4841 | Local 0.0222 | F1_macro 0.5708 | WorstLoss 2.8216
[Tracker] Ep   85 | AvgR 0.0001 | Global 0.5497 | Local 0.0106 | F1_macro 0.5741 | WorstLoss 2.7957
[Tracker] Saved snapshot: ep0085_phase2_class0
[Tracker] Ep   86 | AvgR 0.0002 | Global 0.8019 | Local 0.0395 | F1_macro 0.5669 | WorstLoss 2.6794
[Tracker] Ep   87 | AvgR 0.0002 | Global 0.9679 | Local 0.0087 | F1_macro 0.5877 | WorstLoss 2.4787
[Tracker] Ep   88 | AvgR 0.0002 | Global 0.7562 | Local 0.0182 | F1_macro 0.5943 | WorstLoss 2.7046
[Tracker] Ep   89 | AvgR 0.0001 | Global 0.4059 | Local 0.0262 | F1_macro 0.5617 | WorstLoss 2.8542
[Tracker] Ep   90 | AvgR 0.0000 | Global 0.1050 | Local 0.0066 | F1_macro 0.5698 | WorstLoss 3.0322
[Tracker] Saved snapshot: ep0090_phase2_class0
[Tracker] Ep   91 | AvgR 0.0002 | Global 0.9252 | Local 0.0274 | F1_macro 0.5838 | WorstLoss 2.5625
[Tracker] Ep   92 | AvgR 0.0002 | Global 0.8027 | Local 0.0209 | F1_macro 0.5696 | WorstLoss 2.6789
[Tracker] Ep   93 | AvgR 0.0000 | Global 0.1203 | Local 0.0325 | F1_macro 0.5702 | WorstLoss 3.0156
[Tracker] Ep   94 | AvgR 0.0002 | Global 0.8996 | Local 0.0457 | F1_macro 0.5852 | WorstLoss 2.5999
[Tracker] Ep   95 | AvgR 0.0002 | Global 0.9627 | Local 0.0099 | F1_macro 0.5680 | WorstLoss 2.4940
[Tracker] Saved snapshot: ep0095_phase2_class0
[Tracker] Ep   96 | AvgR 0.0002 | Global 0.8160 | Local 0.0280 | F1_macro 0.5688 | WorstLoss 2.6558
[Tracker] Ep   97 | AvgR 0.0001 | Global 0.5882 | Local 0.0233 | F1_macro 0.5811 | WorstLoss 2.7836
[Tracker] Ep   98 | AvgR 0.0002 | Global 0.8697 | Local 0.0131 | F1_macro 0.5955 | WorstLoss 2.6294
[Tracker] Ep   99 | AvgR 0.0001 | Global 0.4369 | Local 0.0172 | F1_macro 0.5817 | WorstLoss 2.8440
[Tracker] Ep  100 | AvgR 0.0002 | Global 0.9769 | Local 0.0188 | F1_macro 0.5784 | WorstLoss 2.4449
[Tracker] Saved snapshot: ep0100_phase2_class0
[Tracker] Ep  101 | AvgR 0.0001 | Global 0.5185 | Local 0.0018 | F1_macro 0.5625 | WorstLoss 2.8118
[Tracker] Ep  102 | AvgR 0.0002 | Global 0.7074 | Local 0.0347 | F1_macro 0.5572 | WorstLoss 2.7163
[Tracker] Ep  103 | AvgR 0.0002 | Global 0.9661 | Local 0.0202 | F1_macro 0.5921 | WorstLoss 2.4842
[Tracker] Ep  104 | AvgR 0.0002 | Global 0.9824 | Local 0.0167 | F1_macro 0.5828 | WorstLoss 2.4169
[Tracker] Ep  105 | AvgR 0.0002 | Global 0.7482 | Local 0.0140 | F1_macro 0.5804 | WorstLoss 2.7103
[Tracker] Saved snapshot: ep0105_phase2_class0
[Tracker] Ep  106 | AvgR 0.0002 | Global 0.8632 | Local 0.0409 | F1_macro 0.5885 | WorstLoss 2.6350
[Tracker] Ep  107 | AvgR 0.0001 | Global 0.3141 | Local 0.0020 | F1_macro 0.5677 | WorstLoss 2.8948
[Tracker] Ep  108 | AvgR 0.0002 | Global 0.9615 | Local 0.0153 | F1_macro 0.5687 | WorstLoss 2.3982
[Tracker] Ep  109 | AvgR 0.0001 | Global 0.6917 | Local 0.0169 | F1_macro 0.5849 | WorstLoss 2.7364
[Tracker] Ep  110 | AvgR 0.0002 | Global 0.9826 | Local 0.0090 | F1_macro 0.5800 | WorstLoss 2.4160
[Tracker] Saved snapshot: ep0110_phase2_class0
[Tracker] Ep  111 | AvgR 0.0002 | Global 0.9545 | Local 0.0383 | F1_macro 0.5758 | WorstLoss 2.5149
[Tracker] Ep  112 | AvgR 0.0002 | Global 0.9574 | Local 0.0250 | F1_macro 0.5865 | WorstLoss 2.5080
[Tracker] Ep  113 | AvgR 0.0002 | Global 0.8738 | Local 0.0101 | F1_macro 0.5817 | WorstLoss 2.6257
[Tracker] Ep  114 | AvgR 0.0001 | Global 0.3918 | Local 0.0100 | F1_macro 0.5523 | WorstLoss 2.8541
[Tracker] Ep  115 | AvgR 0.0002 | Global 0.8073 | Local 0.0075 | F1_macro 0.5795 | WorstLoss 2.6759
[Tracker] Saved snapshot: ep0115_phase2_class0
[Tracker] Ep  116 | AvgR 0.0002 | Global 0.7207 | Local 0.0229 | F1_macro 0.5822 | WorstLoss 2.7244
[Tracker] Ep  117 | AvgR 0.0002 | Global 0.8569 | Local 0.0236 | F1_macro 0.5665 | WorstLoss 2.6403
[Tracker] Ep  118 | AvgR 0.0000 | Global 0.1163 | Local 0.0009 | F1_macro 0.5555 | WorstLoss 3.0180
[Tracker] Ep  119 | AvgR 0.0001 | Global 0.5420 | Local 0.0147 | F1_macro 0.5550 | WorstLoss 2.8024
[Tracker] Ep  120 | AvgR 0.0002 | Global 0.9883 | Local 0.0216 | F1_macro 0.5852 | WorstLoss 2.3758
[Tracker] Saved snapshot: ep0120_phase2_class0
[Tracker] Ep  121 | AvgR 0.0001 | Global 0.3782 | Local 0.0248 | F1_macro 0.5684 | WorstLoss 2.8663
[Tracker] Ep  122 | AvgR 0.0002 | Global 0.8380 | Local 0.0381 | F1_macro 0.5681 | WorstLoss 2.6548
[Tracker] Ep  123 | AvgR 0.0002 | Global 0.9866 | Local 0.0108 | F1_macro 0.5761 | WorstLoss 2.3894
[Tracker] Ep  124 | AvgR 0.0002 | Global 0.9718 | Local 0.0304 | F1_macro 0.5869 | WorstLoss 2.4651
[Tracker] Ep  125 | AvgR 0.0002 | Global 0.6998 | Local 0.0254 | F1_macro 0.5843 | WorstLoss 2.7301
[Tracker] Saved snapshot: ep0125_phase2_class0
[Tracker] Ep  126 | AvgR 0.0002 | Global 0.7494 | Local 0.0099 | F1_macro 0.5791 | WorstLoss 2.7051
[Tracker] Ep  127 | AvgR 0.0002 | Global 0.9193 | Local 0.0128 | F1_macro 0.5678 | WorstLoss 2.5759
[Tracker] Ep  128 | AvgR 0.0001 | Global 0.4439 | Local 0.0404 | F1_macro 0.5766 | WorstLoss 2.8417
[Tracker] Ep  129 | AvgR 0.0002 | Global 0.7643 | Local 0.0227 | F1_macro 0.5678 | WorstLoss 2.7016
[Tracker] Ep  130 | AvgR 0.0001 | Global 0.6285 | Local 0.0124 | F1_macro 0.5580 | WorstLoss 2.7658
[Tracker] Saved snapshot: ep0130_phase2_class0
[Tracker] Ep  131 | AvgR 0.0002 | Global 0.9503 | Local 0.0209 | F1_macro 0.5858 | WorstLoss 2.5241
[Tracker] Ep  132 | AvgR 0.0001 | Global 0.5075 | Local 0.0253 | F1_macro 0.5744 | WorstLoss 2.8125
[Tracker] Ep  133 | AvgR 0.0002 | Global 0.9438 | Local 0.0365 | F1_macro 0.5732 | WorstLoss 2.5205
[Tracker] Ep  134 | AvgR 0.0002 | Global 0.9885 | Local 0.0179 | F1_macro 0.5768 | WorstLoss 2.3742
[Tracker] Ep  135 | AvgR 0.0002 | Global 0.8923 | Local 0.0301 | F1_macro 0.5676 | WorstLoss 2.6078
[Tracker] Saved snapshot: ep0135_phase2_class0
[Tracker] Ep  136 | AvgR 0.0001 | Global 0.6060 | Local 0.0273 | F1_macro 0.5838 | WorstLoss 2.7762
[Tracker] Ep  137 | AvgR 0.0001 | Global 0.4823 | Local 0.0155 | F1_macro 0.5758 | WorstLoss 2.8244
[Tracker] Ep  138 | AvgR 0.0002 | Global 0.9623 | Local 0.0463 | F1_macro 0.5683 | WorstLoss 2.4952
[Tracker] Ep  139 | AvgR 0.0002 | Global 0.7812 | Local 0.0358 | F1_macro 0.5806 | WorstLoss 2.6914
[Tracker] Ep  140 | AvgR 0.0002 | Global 0.9977 | Local 0.0351 | F1_macro 0.5869 | WorstLoss 2.2125
[Tracker] Saved snapshot: ep0140_phase2_class0
[Tracker] New BEST synthetic [phase2_class0] (by global.global_obj: 0.997687) saved.
[Tracker] BEST β weights [phase2_class0] saved -> training_runs/SPECv16_bias05_rl_credit_3seeds_EP800_PCA10_REWfairness_minID1_majID0_TRJ2000_REAL3000_BIAS0.05_GG202603180833_a8116e4e/seed_0/best_beta_state_dict_phase2_class0.pt
[Tracker] Ep  141 | AvgR 0.0002 | Global 0.9499 | Local 0.0067 | F1_macro 0.5764 | WorstLoss 2.5249
[Tracker] Ep  142 | AvgR 0.0001 | Global 0.6104 | Local 0.0216 | F1_macro 0.5737 | WorstLoss 2.7743
[Tracker] Ep  143 | AvgR 0.0002 | Global 0.8826 | Local 0.0307 | F1_macro 0.5660 | WorstLoss 2.6175
[Tracker] Ep  144 | AvgR 0.0001 | Global 0.5617 | Local 0.0249 | F1_macro 0.5801 | WorstLoss 2.7944
[Tracker] Ep  145 | AvgR 0.0000 | Global 0.1135 | Local 0.0253 | F1_macro 0.5509 | WorstLoss 3.0190
[Tracker] Saved snapshot: ep0145_phase2_class0
[Tracker] Ep  146 | AvgR 0.0001 | Global 0.5909 | Local 0.0221 | F1_macro 0.5534 | WorstLoss 2.7771
[Tracker] Ep  147 | AvgR 0.0002 | Global 0.8683 | Local 0.0267 | F1_macro 0.5512 | WorstLoss 2.6001
[Tracker] Ep  148 | AvgR 0.0002 | Global 0.9745 | Local 0.0265 | F1_macro 0.5850 | WorstLoss 2.4551
[Tracker] Ep  149 | AvgR 0.0002 | Global 0.9599 | Local 0.0359 | F1_macro 0.5911 | WorstLoss 2.5017
[Tracker] Ep  150 | AvgR 0.0002 | Global 0.9360 | Local 0.0046 | F1_macro 0.5741 | WorstLoss 2.5509
[Tracker] Saved snapshot: ep0150_phase2_class0
[Tracker] Ep  151 | AvgR 0.0002 | Global 0.9413 | Local 0.0226 | F1_macro 0.5814 | WorstLoss 2.5417
[Tracker] Ep  152 | AvgR 0.0001 | Global 0.5643 | Local 0.0266 | F1_macro 0.5766 | WorstLoss 2.7895
[Tracker] Ep  153 | AvgR 0.0002 | Global 0.6923 | Local 0.0153 | F1_macro 0.5809 | WorstLoss 2.7338
[Tracker] Ep  154 | AvgR 0.0002 | Global 0.8640 | Local 0.0468 | F1_macro 0.5614 | WorstLoss 2.6336
[Tracker] Ep  155 | AvgR 0.0002 | Global 0.6939 | Local 0.0190 | F1_macro 0.5783 | WorstLoss 2.7306
[Tracker] Saved snapshot: ep0155_phase2_class0
[Tracker] Ep  156 | AvgR 0.0002 | Global 0.8269 | Local 0.0121 | F1_macro 0.5749 | WorstLoss 2.6604
[Tracker] Ep  157 | AvgR 0.0002 | Global 0.9057 | Local 0.0219 | F1_macro 0.5821 | WorstLoss 2.5654
[Tracker] Ep  158 | AvgR 0.0002 | Global 0.9722 | Local 0.0491 | F1_macro 0.5799 | WorstLoss 2.4638
[Tracker] Ep  159 | AvgR 0.0002 | Global 0.7210 | Local 0.0299 | F1_macro 0.5625 | WorstLoss 2.7121
[Tracker] Ep  160 | AvgR 0.0002 | Global 0.6331 | Local 0.0373 | F1_macro 0.5767 | WorstLoss 2.7633
[Tracker] Saved snapshot: ep0160_phase2_class0
[Tracker] Ep  161 | AvgR 0.0002 | Global 0.8528 | Local 0.0293 | F1_macro 0.5643 | WorstLoss 2.6404
[Tracker] Ep  162 | AvgR 0.0002 | Global 0.9729 | Local 0.0313 | F1_macro 0.5723 | WorstLoss 2.3905
[Tracker] Ep  163 | AvgR 0.0002 | Global 0.7481 | Local 0.0274 | F1_macro 0.5570 | WorstLoss 2.7034
[Tracker] Ep  164 | AvgR 0.0002 | Global 0.7874 | Local 0.0128 | F1_macro 0.5710 | WorstLoss 2.6821
[Tracker] Ep  165 | AvgR 0.0002 | Global 0.8475 | Local 0.0207 | F1_macro 0.5751 | WorstLoss 2.6348
[Tracker] Saved snapshot: ep0165_phase2_class0
[Tracker] Ep  166 | AvgR 0.0002 | Global 0.9739 | Local 0.0221 | F1_macro 0.5754 | WorstLoss 2.4571
[Tracker] Ep  167 | AvgR 0.0002 | Global 0.6902 | Local 0.0166 | F1_macro 0.5483 | WorstLoss 2.7301
[Tracker] Ep  168 | AvgR 0.0002 | Global 0.9618 | Local 0.0347 | F1_macro 0.5718 | WorstLoss 2.4692
[Tracker] Ep  169 | AvgR 0.0002 | Global 0.8808 | Local 0.0324 | F1_macro 0.5667 | WorstLoss 2.6192
[Tracker] Ep  170 | AvgR 0.0002 | Global 0.7416 | Local 0.0196 | F1_macro 0.5728 | WorstLoss 2.7086
[Tracker] Saved snapshot: ep0170_phase2_class0
[Tracker] Ep  171 | AvgR 0.0002 | Global 0.7022 | Local 0.0338 | F1_macro 0.5605 | WorstLoss 2.7231
[Tracker] Ep  172 | AvgR 0.0002 | Global 0.6223 | Local 0.0229 | F1_macro 0.5612 | WorstLoss 2.7626
[Tracker] Ep  173 | AvgR 0.0002 | Global 0.8089 | Local 0.0282 | F1_macro 0.5697 | WorstLoss 2.6671
[Tracker] Ep  174 | AvgR 0.0002 | Global 0.7222 | Local 0.0233 | F1_macro 0.5747 | WorstLoss 2.7231
[Tracker] Ep  175 | AvgR 0.0002 | Global 0.8920 | Local 0.0228 | F1_macro 0.5760 | WorstLoss 2.5987
[Tracker] Saved snapshot: ep0175_phase2_class0
[Tracker] Ep  176 | AvgR 0.0002 | Global 0.9645 | Local 0.0349 | F1_macro 0.5833 | WorstLoss 2.4430
[Tracker] Ep  177 | AvgR 0.0002 | Global 0.7515 | Local 0.0419 | F1_macro 0.5525 | WorstLoss 2.6945
[Tracker] Ep  178 | AvgR 0.0002 | Global 0.9464 | Local 0.0337 | F1_macro 0.5828 | WorstLoss 2.5242
[Tracker] Ep  179 | AvgR 0.0002 | Global 0.6729 | Local 0.0204 | F1_macro 0.5586 | WorstLoss 2.7400
[Tracker] Ep  180 | AvgR 0.0002 | Global 0.8671 | Local 0.0246 | F1_macro 0.5635 | WorstLoss 2.6186
[Tracker] Saved snapshot: ep0180_phase2_class0
[Tracker] Ep  181 | AvgR 0.0001 | Global 0.5102 | Local 0.0508 | F1_macro 0.5565 | WorstLoss 2.8103
[Tracker] Ep  182 | AvgR 0.0002 | Global 0.8988 | Local 0.0434 | F1_macro 0.5653 | WorstLoss 2.5857
[Tracker] Ep  183 | AvgR 0.0000 | Global 0.0845 | Local 0.0461 | F1_macro 0.5530 | WorstLoss 3.0541
[Tracker] Ep  184 | AvgR 0.0001 | Global 0.5460 | Local 0.0341 | F1_macro 0.5719 | WorstLoss 2.7962
[Tracker] Ep  185 | AvgR 0.0002 | Global 0.6685 | Local 0.0283 | F1_macro 0.5613 | WorstLoss 2.7410
[Tracker] Saved snapshot: ep0185_phase2_class0
[Tracker] Ep  186 | AvgR 0.0002 | Global 0.8613 | Local 0.0494 | F1_macro 0.5752 | WorstLoss 2.6244
[Tracker] Ep  187 | AvgR 0.0001 | Global 0.4737 | Local 0.0309 | F1_macro 0.5690 | WorstLoss 2.8297
[Tracker] Ep  188 | AvgR 0.0002 | Global 0.9812 | Local 0.0256 | F1_macro 0.5891 | WorstLoss 2.4240
[Tracker] Ep  189 | AvgR 0.0003 | Global 0.9614 | Local 0.0606 | F1_macro 0.5710 | WorstLoss 2.4868
[Tracker] Ep  190 | AvgR 0.0002 | Global 0.9578 | Local 0.0214 | F1_macro 0.5799 | WorstLoss 2.4645
[Tracker] Saved snapshot: ep0190_phase2_class0
[Tracker] Ep  191 | AvgR 0.0002 | Global 0.8757 | Local 0.0259 | F1_macro 0.5689 | WorstLoss 2.6105
[Tracker] Ep  192 | AvgR 0.0003 | Global 0.9863 | Local 0.0469 | F1_macro 0.5862 | WorstLoss 2.3916
[Tracker] Ep  193 | AvgR 0.0002 | Global 0.9255 | Local 0.0437 | F1_macro 0.5822 | WorstLoss 2.5673
[Tracker] Ep  194 | AvgR 0.0002 | Global 0.9365 | Local 0.0483 | F1_macro 0.5825 | WorstLoss 2.5432
[Tracker] Ep  195 | AvgR 0.0002 | Global 0.6458 | Local 0.0352 | F1_macro 0.5590 | WorstLoss 2.7495
[Tracker] Saved snapshot: ep0195_phase2_class0
[Tracker] Ep  196 | AvgR 0.0002 | Global 0.8031 | Local 0.0351 | F1_macro 0.5671 | WorstLoss 2.6753
[Tracker] Ep  197 | AvgR 0.0003 | Global 0.9895 | Local 0.0505 | F1_macro 0.5903 | WorstLoss 2.3624
[Tracker] Ep  198 | AvgR 0.0002 | Global 0.8317 | Local 0.0388 | F1_macro 0.5902 | WorstLoss 2.6524
[Tracker] Ep  199 | AvgR 0.0003 | Global 0.9710 | Local 0.0621 | F1_macro 0.5659 | WorstLoss 2.4478
[Tracker] Ep  200 | AvgR 0.0002 | Global 0.9516 | Local 0.0296 | F1_macro 0.5783 | WorstLoss 2.4760
[Tracker] Saved snapshot: ep0200_phase2_class0
[Phase] Finished phase2_class0 | best global_obj=0.9977
FFNN Using device: cuda:0
[Combined] Saved combined beta -> training_runs/SPECv16_bias05_rl_credit_3seeds_EP800_PCA10_REWfairness_minID1_majID0_TRJ2000_REAL3000_BIAS0.05_GG202603180833_a8116e4e/seed_0/best_beta_state_dict.pt
[Combined] Saved combined synthetic -> training_runs/SPECv16_bias05_rl_credit_3seeds_EP800_PCA10_REWfairness_minID1_majID0_TRJ2000_REAL3000_BIAS0.05_GG202603180833_a8116e4e/seed_0/best_synthetic_combined.npz
FFNN Using device: cuda:0
[TestSuite] Loaded best β weights from: training_runs/SPECv16_bias05_rl_credit_3seeds_EP800_PCA10_REWfairness_minID1_majID0_TRJ2000_REAL3000_BIAS0.05_GG202603180833_a8116e4e/seed_0/best_beta_state_dict.pt

[TEST] Alpha -> F1(min)=0.0295 | F1(maj)=0.8765 | F1(weighted)=0.6892 | F1(macro)=0.4530 | Brier=0.1837
[TEST] Beta  -> F1(min)=0.1401 | F1(maj)=0.8719 | F1(weighted)=0.7100 | F1(macro)=0.5060 | Brier=0.1834
[TestSuite] Final test metrics appended to (seed): training_runs/SPECv16_bias05_rl_credit_3seeds_EP800_PCA10_REWfairness_minID1_majID0_TRJ2000_REAL3000_BIAS0.05_GG202603180833_a8116e4e/seed_0/final_test_metrics.csv
[TestSuite] Final test metrics appended to (experiment): training_runs/SPECv16_bias05_rl_credit_3seeds_EP800_PCA10_REWfairness_minID1_majID0_TRJ2000_REAL3000_BIAS0.05_GG202603180833_a8116e4e/final_test_metrics.csv
Total time 3845.33s
[Tracker] Finished. Run folder: training_runs/SPECv16_bias05_rl_credit_3seeds_EP800_PCA10_REWfairness_minID1_majID0_TRJ2000_REAL3000_BIAS0.05_GG202603180833_a8116e4e/seed_0
[main] ---- running seed=1 ----
FFNN Using device: cuda:0
FFNN Using device: cuda:0
[Tracker] Experiment: SPECv16_bias05_rl_credit_3seeds_EP800_PCA10_REWfairness_minID1_majID0_TRJ2000_REAL3000_BIAS0.05_GG202603180833_a8116e4e
[Tracker] Seed folder: training_runs/SPECv16_bias05_rl_credit_3seeds_EP800_PCA10_REWfairness_minID1_majID0_TRJ2000_REAL3000_BIAS0.05_GG202603180833_a8116e4e/seed_1
[Tracker] Run: 2026-03-18_10-13-26_seed1_3334945_12909de2
[Tracker] Metrics CSV: training_runs/SPECv16_bias05_rl_credit_3seeds_EP800_PCA10_REWfairness_minID1_majID0_TRJ2000_REAL3000_BIAS0.05_GG202603180833_a8116e4e/seed_1/metrics.csv
[Tracker] Mirroring console to: training_runs/SPECv16_bias05_rl_credit_3seeds_EP800_PCA10_REWfairness_minID1_majID0_TRJ2000_REAL3000_BIAS0.05_GG202603180833_a8116e4e/seed_1/console.log
Label distribution: {0: 23364, 1: 6636}
[TRAIN] size=3000, minority=150 (5.00%)
[VAL] size=4918, minority=245 (4.98%)
[TEST] size=6000, minority=1327 (22.12%)
FFNN Using device: cuda:0
FFNN Using device: cuda:0
Beta will train with: 60.00% real data, 40.00% synthetic data: 
[disadv] group=0 per_g={0: 0.21768499910831451, 1: 0.18202145397663116} worst_4g=2.7966 soft_eo_alpha=0.0034
Anchors: 58 (disadv=0) sigma_anchor=0.8500
[Tracker] Alpha model state_dict saved to training_runs/SPECv16_bias05_rl_credit_3seeds_EP800_PCA10_REWfairness_minID1_majID0_TRJ2000_REAL3000_BIAS0.05_GG202603180833_a8116e4e/seed_1/alpha_state_dict.pt
[Tracker] Alpha model config saved to training_runs/SPECv16_bias05_rl_credit_3seeds_EP800_PCA10_REWfairness_minID1_majID0_TRJ2000_REAL3000_BIAS0.05_GG202603180833_a8116e4e/seed_1/ffnn_meta.json

============================================================
[Phase] Starting phase1_class1 | target_class=1 | episodes=800
============================================================
[Tracker] CSV header written with 44 columns.
[Tracker] Ep    1 | AvgR 0.0001 | Global 0.0405 | Local 0.1317 | F1_macro 0.5399 | WorstLoss 3.1101
[Tracker] New BEST synthetic [phase1_class1] (by global.global_obj: 0.040541) saved.
[Tracker] BEST β weights [phase1_class1] saved -> training_runs/SPECv16_bias05_rl_credit_3seeds_EP800_PCA10_REWfairness_minID1_majID0_TRJ2000_REAL3000_BIAS0.05_GG202603180833_a8116e4e/seed_1/best_beta_state_dict_phase1_class1.pt
[Tracker] Ep    2 | AvgR 0.0000 | Global 0.0326 | Local 0.0944 | F1_macro 0.5230 | WorstLoss 3.1339
[Tracker] Ep    3 | AvgR 0.0000 | Global 0.0988 | Local 0.0527 | F1_macro 0.4851 | WorstLoss 3.0177
[Tracker] New BEST synthetic [phase1_class1] (by global.global_obj: 0.098763) saved.
[Tracker] BEST β weights [phase1_class1] saved -> training_runs/SPECv16_bias05_rl_credit_3seeds_EP800_PCA10_REWfairness_minID1_majID0_TRJ2000_REAL3000_BIAS0.05_GG202603180833_a8116e4e/seed_1/best_beta_state_dict_phase1_class1.pt
[Tracker] Ep    4 | AvgR 0.0001 | Global 0.3052 | Local 0.0808 | F1_macro 0.5153 | WorstLoss 2.8789
[Tracker] New BEST synthetic [phase1_class1] (by global.global_obj: 0.305187) saved.
[Tracker] BEST β weights [phase1_class1] saved -> training_runs/SPECv16_bias05_rl_credit_3seeds_EP800_PCA10_REWfairness_minID1_majID0_TRJ2000_REAL3000_BIAS0.05_GG202603180833_a8116e4e/seed_1/best_beta_state_dict_phase1_class1.pt
[Tracker] Ep    5 | AvgR 0.0001 | Global 0.4185 | Local 0.0739 | F1_macro 0.4829 | WorstLoss 2.8282
[Tracker] Saved snapshot: ep0005_phase1_class1
[Tracker] New BEST synthetic [phase1_class1] (by global.global_obj: 0.418478) saved.
[Tracker] BEST β weights [phase1_class1] saved -> training_runs/SPECv16_bias05_rl_credit_3seeds_EP800_PCA10_REWfairness_minID1_majID0_TRJ2000_REAL3000_BIAS0.05_GG202603180833_a8116e4e/seed_1/best_beta_state_dict_phase1_class1.pt
[Tracker] Ep    6 | AvgR 0.0000 | Global 0.0601 | Local 0.0939 | F1_macro 0.4968 | WorstLoss 3.0697
[Tracker] Ep    7 | AvgR 0.0000 | Global 0.0329 | Local 0.0922 | F1_macro 0.5473 | WorstLoss 3.1314
[Tracker] Ep    8 | AvgR 0.0000 | Global 0.0096 | Local 0.1186 | F1_macro 0.5306 | WorstLoss 3.2606
[Tracker] Ep    9 | AvgR 0.0000 | Global 0.1649 | Local 0.0570 | F1_macro 0.4877 | WorstLoss 2.9577
[Tracker] Ep   10 | AvgR 0.0001 | Global 0.2777 | Local 0.1153 | F1_macro 0.5363 | WorstLoss 2.8899
[Tracker] Saved snapshot: ep0010_phase1_class1
[Tracker] Ep   11 | AvgR 0.0000 | Global 0.0127 | Local 0.0662 | F1_macro 0.4893 | WorstLoss 3.2287
[Tracker] Ep   12 | AvgR 0.0000 | Global 0.0230 | Local 0.0500 | F1_macro 0.4893 | WorstLoss 3.1697
[Tracker] Ep   13 | AvgR 0.0000 | Global 0.0293 | Local 0.0918 | F1_macro 0.4869 | WorstLoss 3.1461
[Tracker] Ep   14 | AvgR 0.0000 | Global 0.0085 | Local 0.0662 | F1_macro 0.4944 | WorstLoss 3.2708
[Tracker] Ep   15 | AvgR 0.0000 | Global 0.0141 | Local 0.0607 | F1_macro 0.4888 | WorstLoss 3.2204
[Tracker] Saved snapshot: ep0015_phase1_class1
[Tracker] Ep   16 | AvgR 0.0000 | Global 0.0376 | Local 0.1013 | F1_macro 0.5479 | WorstLoss 3.1192
[Tracker] Ep   17 | AvgR 0.0000 | Global 0.0573 | Local 0.0742 | F1_macro 0.4925 | WorstLoss 3.0745
[Tracker] Ep   18 | AvgR 0.0000 | Global 0.1766 | Local 0.0604 | F1_macro 0.4893 | WorstLoss 2.9489
[Tracker] Ep   19 | AvgR 0.0001 | Global 0.1752 | Local 0.1047 | F1_macro 0.5321 | WorstLoss 2.9505
[Tracker] Ep   20 | AvgR 0.0000 | Global 0.0374 | Local 0.0590 | F1_macro 0.4878 | WorstLoss 3.1187
[Tracker] Saved snapshot: ep0020_phase1_class1
[Tracker] Ep   21 | AvgR 0.0000 | Global 0.0108 | Local 0.0719 | F1_macro 0.5131 | WorstLoss 3.2455
[Tracker] Ep   22 | AvgR 0.0000 | Global 0.0915 | Local 0.0694 | F1_macro 0.4979 | WorstLoss 3.0249
[Tracker] Ep   23 | AvgR 0.0001 | Global 0.3830 | Local 0.0511 | F1_macro 0.5159 | WorstLoss 2.8433
[Tracker] Ep   24 | AvgR 0.0000 | Global 0.0119 | Local 0.0814 | F1_macro 0.4896 | WorstLoss 3.2383
[Tracker] Ep   25 | AvgR 0.0000 | Global 0.0088 | Local 0.0513 | F1_macro 0.4917 | WorstLoss 3.2668
[Tracker] Saved snapshot: ep0025_phase1_class1
[Tracker] Ep   26 | AvgR 0.0000 | Global 0.0036 | Local 0.0898 | F1_macro 0.5014 | WorstLoss 3.3533
[Tracker] Ep   27 | AvgR 0.0000 | Global 0.0264 | Local 0.1131 | F1_macro 0.5109 | WorstLoss 3.1543
[Tracker] Ep   28 | AvgR 0.0000 | Global 0.0648 | Local 0.0775 | F1_macro 0.4967 | WorstLoss 3.0608
[Tracker] Ep   29 | AvgR 0.0000 | Global 0.0308 | Local 0.0738 | F1_macro 0.4880 | WorstLoss 3.1364
[Tracker] Ep   30 | AvgR 0.0000 | Global 0.0592 | Local 0.1012 | F1_macro 0.5420 | WorstLoss 3.0695
[Tracker] Saved snapshot: ep0030_phase1_class1
[Tracker] Ep   31 | AvgR 0.0000 | Global 0.0041 | Local 0.1083 | F1_macro 0.4941 | WorstLoss 3.3377
[Tracker] Ep   32 | AvgR 0.0000 | Global 0.0138 | Local 0.1246 | F1_macro 0.5138 | WorstLoss 3.2197
[Tracker] Ep   33 | AvgR 0.0000 | Global 0.0518 | Local 0.0527 | F1_macro 0.4871 | WorstLoss 3.0840
[Tracker] Ep   34 | AvgR 0.0000 | Global 0.0235 | Local 0.1249 | F1_macro 0.5144 | WorstLoss 3.1592
[Tracker] Ep   35 | AvgR 0.0000 | Global 0.0045 | Local 0.0975 | F1_macro 0.4958 | WorstLoss 3.3370
[Tracker] Saved snapshot: ep0035_phase1_class1
[Tracker] Ep   36 | AvgR 0.0000 | Global 0.0694 | Local 0.0790 | F1_macro 0.5152 | WorstLoss 3.0557
[Tracker] Ep   37 | AvgR 0.0000 | Global 0.0303 | Local 0.0695 | F1_macro 0.5283 | WorstLoss 3.1421
[Tracker] Ep   38 | AvgR 0.0001 | Global 0.0819 | Local 0.1317 | F1_macro 0.5237 | WorstLoss 3.0383
[Tracker] Ep   39 | AvgR 0.0000 | Global 0.0073 | Local 0.0980 | F1_macro 0.5038 | WorstLoss 3.2852
[Tracker] Ep   40 | AvgR 0.0000 | Global 0.0161 | Local 0.0942 | F1_macro 0.5105 | WorstLoss 3.2058
[Tracker] Saved snapshot: ep0040_phase1_class1
[Tracker] Ep   41 | AvgR 0.0000 | Global 0.0126 | Local 0.0894 | F1_macro 0.4899 | WorstLoss 3.2303
[Tracker] Ep   42 | AvgR 0.0001 | Global 0.1319 | Local 0.1366 | F1_macro 0.4981 | WorstLoss 2.9805
[Tracker] Ep   43 | AvgR 0.0000 | Global 0.1778 | Local 0.0348 | F1_macro 0.4848 | WorstLoss 2.9464
[Tracker] Ep   44 | AvgR 0.0000 | Global 0.0863 | Local 0.0572 | F1_macro 0.5019 | WorstLoss 3.0316
[Tracker] Ep   45 | AvgR 0.0000 | Global 0.0261 | Local 0.1229 | F1_macro 0.5230 | WorstLoss 3.1540
[Tracker] Saved snapshot: ep0045_phase1_class1
[Tracker] Ep   46 | AvgR 0.0000 | Global 0.0139 | Local 0.0835 | F1_macro 0.5286 | WorstLoss 3.2175
[Tracker] Ep   47 | AvgR 0.0000 | Global 0.0334 | Local 0.0798 | F1_macro 0.5000 | WorstLoss 3.1267
[Tracker] Ep   48 | AvgR 0.0000 | Global 0.0258 | Local 0.0932 | F1_macro 0.4995 | WorstLoss 3.1568
[Tracker] Ep   49 | AvgR 0.0000 | Global 0.0785 | Local 0.1088 | F1_macro 0.5014 | WorstLoss 3.0397
[Tracker] Ep   50 | AvgR 0.0000 | Global 0.0009 | Local 0.1446 | F1_macro 0.5439 | WorstLoss 3.4921
[Tracker] Saved snapshot: ep0050_phase1_class1
[Tracker] Ep   51 | AvgR 0.0000 | Global 0.1016 | Local 0.0901 | F1_macro 0.4986 | WorstLoss 3.0136
[Tracker] Ep   52 | AvgR 0.0000 | Global 0.0486 | Local 0.0931 | F1_macro 0.5292 | WorstLoss 3.0906
[Tracker] Ep   53 | AvgR 0.0001 | Global 0.0004 | Local 0.1457 | F1_macro 0.5548 | WorstLoss 3.5675
[Tracker] Ep   54 | AvgR 0.0001 | Global 0.2224 | Local 0.0731 | F1_macro 0.4883 | WorstLoss 2.9217
[Tracker] Ep   55 | AvgR 0.0000 | Global 0.0193 | Local 0.1365 | F1_macro 0.5266 | WorstLoss 3.1859
[Tracker] Saved snapshot: ep0055_phase1_class1
[Tracker] Ep   56 | AvgR 0.0000 | Global 0.0225 | Local 0.0607 | F1_macro 0.5147 | WorstLoss 3.1738
[Tracker] Ep   57 | AvgR 0.0000 | Global 0.0004 | Local 0.1095 | F1_macro 0.5123 | WorstLoss 3.5774
[Tracker] Ep   58 | AvgR 0.0000 | Global 0.0919 | Local 0.0579 | F1_macro 0.5144 | WorstLoss 3.0219
[Tracker] Ep   59 | AvgR 0.0000 | Global 0.0027 | Local 0.1145 | F1_macro 0.5269 | WorstLoss 3.3835
[Tracker] Ep   60 | AvgR 0.0000 | Global 0.0008 | Local 0.1040 | F1_macro 0.5165 | WorstLoss 3.5057
[Tracker] Saved snapshot: ep0060_phase1_class1
[Tracker] Ep   61 | AvgR 0.0001 | Global 0.2380 | Local 0.0869 | F1_macro 0.4943 | WorstLoss 2.9108
[Tracker] Ep   62 | AvgR 0.0001 | Global 0.0242 | Local 0.1451 | F1_macro 0.5435 | WorstLoss 3.1641
[Tracker] Ep   63 | AvgR 0.0000 | Global 0.0327 | Local 0.0615 | F1_macro 0.5445 | WorstLoss 3.1346
[Tracker] Ep   64 | AvgR 0.0001 | Global 0.1829 | Local 0.0961 | F1_macro 0.5117 | WorstLoss 2.9415
[Tracker] Ep   65 | AvgR 0.0001 | Global 0.6645 | Local 0.0840 | F1_macro 0.5083 | WorstLoss 2.7282
[Tracker] Saved snapshot: ep0065_phase1_class1
[Tracker] New BEST synthetic [phase1_class1] (by global.global_obj: 0.664534) saved.
[Tracker] BEST β weights [phase1_class1] saved -> training_runs/SPECv16_bias05_rl_credit_3seeds_EP800_PCA10_REWfairness_minID1_majID0_TRJ2000_REAL3000_BIAS0.05_GG202603180833_a8116e4e/seed_1/best_beta_state_dict_phase1_class1.pt
[Tracker] Ep   66 | AvgR 0.0000 | Global 0.0083 | Local 0.0955 | F1_macro 0.5128 | WorstLoss 3.2748
[Tracker] Ep   67 | AvgR 0.0000 | Global 0.0573 | Local 0.0721 | F1_macro 0.5030 | WorstLoss 3.0742
[Tracker] Ep   68 | AvgR 0.0000 | Global 0.0489 | Local 0.0968 | F1_macro 0.5219 | WorstLoss 3.0884
[Tracker] Ep   69 | AvgR 0.0000 | Global 0.0320 | Local 0.1181 | F1_macro 0.5035 | WorstLoss 3.1343
[Tracker] Ep   70 | AvgR 0.0001 | Global 0.2323 | Local 0.0601 | F1_macro 0.5096 | WorstLoss 2.9161
[Tracker] Saved snapshot: ep0070_phase1_class1
[Tracker] Ep   71 | AvgR 0.0001 | Global 0.0137 | Local 0.1404 | F1_macro 0.5053 | WorstLoss 3.2204
[Tracker] Ep   72 | AvgR 0.0000 | Global 0.0102 | Local 0.0981 | F1_macro 0.5340 | WorstLoss 3.2520
[Tracker] Ep   73 | AvgR 0.0000 | Global 0.0492 | Local 0.1080 | F1_macro 0.4882 | WorstLoss 3.0891
[Tracker] Ep   74 | AvgR 0.0001 | Global 0.2088 | Local 0.1556 | F1_macro 0.5206 | WorstLoss 2.9263
[Tracker] Ep   75 | AvgR 0.0000 | Global 0.0075 | Local 0.1033 | F1_macro 0.5373 | WorstLoss 3.2821
[Tracker] Saved snapshot: ep0075_phase1_class1
[Tracker] Ep   76 | AvgR 0.0000 | Global 0.0027 | Local 0.1340 | F1_macro 0.5250 | WorstLoss 3.3853
[Tracker] Ep   77 | AvgR 0.0000 | Global 0.0038 | Local 0.0877 | F1_macro 0.5206 | WorstLoss 3.3520
[Tracker] Ep   78 | AvgR 0.0001 | Global 0.0369 | Local 0.1514 | F1_macro 0.5437 | WorstLoss 3.1196
[Tracker] Ep   79 | AvgR 0.0001 | Global 0.0782 | Local 0.1446 | F1_macro 0.5275 | WorstLoss 3.0386
[Tracker] Ep   80 | AvgR 0.0000 | Global 0.0195 | Local 0.0976 | F1_macro 0.5546 | WorstLoss 3.1860
[Tracker] Saved snapshot: ep0080_phase1_class1
[Tracker] Ep   81 | AvgR 0.0001 | Global 0.0266 | Local 0.1383 | F1_macro 0.5547 | WorstLoss 3.1550
[Tracker] Ep   82 | AvgR 0.0000 | Global 0.1125 | Local 0.0896 | F1_macro 0.5304 | WorstLoss 3.0013
[Tracker] Ep   83 | AvgR 0.0001 | Global 0.4138 | Local 0.0677 | F1_macro 0.5012 | WorstLoss 2.8314
[Tracker] Ep   84 | AvgR 0.0000 | Global 0.0026 | Local 0.1262 | F1_macro 0.5408 | WorstLoss 3.3857
[Tracker] Ep   85 | AvgR 0.0000 | Global 0.0776 | Local 0.0848 | F1_macro 0.5013 | WorstLoss 3.0430
[Tracker] Saved snapshot: ep0085_phase1_class1
[Tracker] Ep   86 | AvgR 0.0001 | Global 0.1187 | Local 0.0990 | F1_macro 0.5498 | WorstLoss 2.9946
[Tracker] Ep   87 | AvgR 0.0000 | Global 0.0438 | Local 0.0766 | F1_macro 0.5447 | WorstLoss 3.1049
[Tracker] Ep   88 | AvgR 0.0001 | Global 0.3448 | Local 0.0853 | F1_macro 0.5575 | WorstLoss 2.8607
[Tracker] Ep   89 | AvgR 0.0000 | Global 0.0029 | Local 0.1424 | F1_macro 0.5243 | WorstLoss 3.3726
[Tracker] Ep   90 | AvgR 0.0000 | Global 0.0472 | Local 0.0701 | F1_macro 0.5220 | WorstLoss 3.0943
[Tracker] Saved snapshot: ep0090_phase1_class1
[Tracker] Ep   91 | AvgR 0.0000 | Global 0.0047 | Local 0.1121 | F1_macro 0.5652 | WorstLoss 3.3295
[Tracker] Ep   92 | AvgR 0.0001 | Global 0.2555 | Local 0.0984 | F1_macro 0.5536 | WorstLoss 2.9014
[Tracker] Ep   93 | AvgR 0.0000 | Global 0.0286 | Local 0.1121 | F1_macro 0.5707 | WorstLoss 3.1431
[Tracker] Ep   94 | AvgR 0.0000 | Global 0.0707 | Local 0.1011 | F1_macro 0.5239 | WorstLoss 3.0487
[Tracker] Ep   95 | AvgR 0.0000 | Global 0.0972 | Local 0.0829 | F1_macro 0.5129 | WorstLoss 3.0171
[Tracker] Saved snapshot: ep0095_phase1_class1
[Tracker] Ep   96 | AvgR 0.0001 | Global 0.5752 | Local 0.0886 | F1_macro 0.5050 | WorstLoss 2.7662
[Tracker] Ep   97 | AvgR 0.0000 | Global 0.0330 | Local 0.0654 | F1_macro 0.4908 | WorstLoss 3.1333
[Tracker] Ep   98 | AvgR 0.0000 | Global 0.0015 | Local 0.1409 | F1_macro 0.5358 | WorstLoss 3.4468
[Tracker] Ep   99 | AvgR 0.0000 | Global 0.0337 | Local 0.0697 | F1_macro 0.4858 | WorstLoss 3.1303
[Tracker] Ep  100 | AvgR 0.0000 | Global 0.0051 | Local 0.0647 | F1_macro 0.5025 | WorstLoss 3.3202
[Tracker] Saved snapshot: ep0100_phase1_class1
[Tracker] Ep  101 | AvgR 0.0001 | Global 0.0086 | Local 0.1503 | F1_macro 0.5270 | WorstLoss 3.2665
[Tracker] Ep  102 | AvgR 0.0000 | Global 0.0234 | Local 0.1199 | F1_macro 0.5463 | WorstLoss 3.1669
[Tracker] Ep  103 | AvgR 0.0000 | Global 0.0058 | Local 0.1281 | F1_macro 0.5525 | WorstLoss 3.3106
[Tracker] Ep  104 | AvgR 0.0001 | Global 0.0281 | Local 0.1509 | F1_macro 0.5237 | WorstLoss 3.1457
[Tracker] Ep  105 | AvgR 0.0000 | Global 0.0002 | Local 0.1268 | F1_macro 0.5263 | WorstLoss 3.6568
[Tracker] Saved snapshot: ep0105_phase1_class1
[Tracker] Ep  106 | AvgR 0.0000 | Global 0.0479 | Local 0.1151 | F1_macro 0.5132 | WorstLoss 3.0919
[Tracker] Ep  107 | AvgR 0.0001 | Global 0.0000 | Local 0.1534 | F1_macro 0.5233 | WorstLoss 3.8438
[Tracker] Ep  108 | AvgR 0.0001 | Global 0.1296 | Local 0.0892 | F1_macro 0.5688 | WorstLoss 2.9862
[Tracker] Ep  109 | AvgR 0.0001 | Global 0.0003 | Local 0.1528 | F1_macro 0.5566 | WorstLoss 3.6088
[Tracker] Ep  110 | AvgR 0.0001 | Global 0.1550 | Local 0.1356 | F1_macro 0.5423 | WorstLoss 2.9638
[Tracker] Saved snapshot: ep0110_phase1_class1
[Tracker] Ep  111 | AvgR 0.0000 | Global 0.0296 | Local 0.1028 | F1_macro 0.5321 | WorstLoss 3.1424
[Tracker] Ep  112 | AvgR 0.0000 | Global 0.0040 | Local 0.1008 | F1_macro 0.5138 | WorstLoss 3.3440
[Tracker] Ep  113 | AvgR 0.0000 | Global 0.0260 | Local 0.1135 | F1_macro 0.5013 | WorstLoss 3.1565
[Tracker] Ep  114 | AvgR 0.0001 | Global 0.1694 | Local 0.0761 | F1_macro 0.5565 | WorstLoss 2.9525
[Tracker] Ep  115 | AvgR 0.0000 | Global 0.0054 | Local 0.1443 | F1_macro 0.5312 | WorstLoss 3.3140
[Tracker] Saved snapshot: ep0115_phase1_class1
[Tracker] Ep  116 | AvgR 0.0000 | Global 0.0004 | Local 0.1481 | F1_macro 0.5466 | WorstLoss 3.5817
[Tracker] Ep  117 | AvgR 0.0000 | Global 0.0155 | Local 0.1100 | F1_macro 0.5529 | WorstLoss 3.2086
[Tracker] Ep  118 | AvgR 0.0000 | Global 0.0015 | Local 0.1110 | F1_macro 0.5370 | WorstLoss 3.4375
[Tracker] Ep  119 | AvgR 0.0000 | Global 0.0027 | Local 0.0961 | F1_macro 0.5508 | WorstLoss 3.3856
[Tracker] Ep  120 | AvgR 0.0000 | Global 0.0898 | Local 0.0448 | F1_macro 0.4851 | WorstLoss 3.0263
[Tracker] Saved snapshot: ep0120_phase1_class1
[Tracker] Ep  121 | AvgR 0.0001 | Global 0.2076 | Local 0.0853 | F1_macro 0.5558 | WorstLoss 2.9300
[Tracker] Ep  122 | AvgR 0.0000 | Global 0.0264 | Local 0.0720 | F1_macro 0.4980 | WorstLoss 3.1539
[Tracker] Ep  123 | AvgR 0.0000 | Global 0.0064 | Local 0.1383 | F1_macro 0.5671 | WorstLoss 3.2964
[Tracker] Ep  124 | AvgR 0.0000 | Global 0.0005 | Local 0.1242 | F1_macro 0.5286 | WorstLoss 3.5479
[Tracker] Ep  125 | AvgR 0.0000 | Global 0.0097 | Local 0.1160 | F1_macro 0.5654 | WorstLoss 3.2555
[Tracker] Saved snapshot: ep0125_phase1_class1
[Tracker] Ep  126 | AvgR 0.0000 | Global 0.0003 | Local 0.1063 | F1_macro 0.5187 | WorstLoss 3.6060
[Tracker] Ep  127 | AvgR 0.0001 | Global 0.0658 | Local 0.1229 | F1_macro 0.5139 | WorstLoss 3.0576
[Tracker] Ep  128 | AvgR 0.0000 | Global 0.0560 | Local 0.0646 | F1_macro 0.5326 | WorstLoss 3.0756
[Tracker] Ep  129 | AvgR 0.0000 | Global 0.0071 | Local 0.0917 | F1_macro 0.5370 | WorstLoss 3.2900
[Tracker] Ep  130 | AvgR 0.0000 | Global 0.0057 | Local 0.0875 | F1_macro 0.5393 | WorstLoss 3.3095
[Tracker] Saved snapshot: ep0130_phase1_class1
[Tracker] Ep  131 | AvgR 0.0000 | Global 0.0006 | Local 0.0914 | F1_macro 0.5207 | WorstLoss 3.5297
[Tracker] Ep  132 | AvgR 0.0000 | Global 0.0217 | Local 0.0603 | F1_macro 0.5348 | WorstLoss 3.1749
[Tracker] Ep  133 | AvgR 0.0000 | Global 0.0015 | Local 0.1216 | F1_macro 0.5210 | WorstLoss 3.4431
[Tracker] Ep  134 | AvgR 0.0000 | Global 0.0023 | Local 0.0922 | F1_macro 0.4902 | WorstLoss 3.3991
[Tracker] Ep  135 | AvgR 0.0000 | Global 0.0198 | Local 0.0985 | F1_macro 0.5000 | WorstLoss 3.1842
[Tracker] Saved snapshot: ep0135_phase1_class1
[Tracker] Ep  136 | AvgR 0.0000 | Global 0.0008 | Local 0.1377 | F1_macro 0.5301 | WorstLoss 3.5028
[Tracker] Ep  137 | AvgR 0.0000 | Global 0.0002 | Local 0.1089 | F1_macro 0.5405 | WorstLoss 3.6557
[Tracker] Ep  138 | AvgR 0.0001 | Global 0.2929 | Local 0.0339 | F1_macro 0.5145 | WorstLoss 2.8844
[Tracker] Ep  139 | AvgR 0.0001 | Global 0.2005 | Local 0.0674 | F1_macro 0.5119 | WorstLoss 2.9349
[Tracker] Ep  140 | AvgR 0.0001 | Global 0.5318 | Local 0.1241 | F1_macro 0.5730 | WorstLoss 2.7838
[Tracker] Saved snapshot: ep0140_phase1_class1
[Tracker] Ep  141 | AvgR 0.0001 | Global 0.6286 | Local 0.0337 | F1_macro 0.4871 | WorstLoss 2.7440
[Tracker] Ep  142 | AvgR 0.0000 | Global 0.0011 | Local 0.1464 | F1_macro 0.5231 | WorstLoss 3.4655
[Tracker] Ep  143 | AvgR 0.0001 | Global 0.3578 | Local 0.1458 | F1_macro 0.5292 | WorstLoss 2.8516
[Tracker] Ep  144 | AvgR 0.0000 | Global 0.0124 | Local 0.1034 | F1_macro 0.4957 | WorstLoss 3.2313
[Tracker] Ep  145 | AvgR 0.0000 | Global 0.0002 | Local 0.1469 | F1_macro 0.5596 | WorstLoss 3.6429
[Tracker] Saved snapshot: ep0145_phase1_class1
[Tracker] Ep  146 | AvgR 0.0001 | Global 0.1569 | Local 0.0765 | F1_macro 0.5279 | WorstLoss 2.9598
[Tracker] Ep  147 | AvgR 0.0000 | Global 0.0209 | Local 0.0756 | F1_macro 0.5398 | WorstLoss 3.1782
[Tracker] Ep  148 | AvgR 0.0000 | Global 0.0811 | Local 0.1063 | F1_macro 0.5027 | WorstLoss 3.0389
[Tracker] Ep  149 | AvgR 0.0000 | Global 0.0060 | Local 0.0935 | F1_macro 0.5482 | WorstLoss 3.3023
[Tracker] Ep  150 | AvgR 0.0000 | Global 0.0353 | Local 0.0573 | F1_macro 0.4916 | WorstLoss 3.1222
[Tracker] Saved snapshot: ep0150_phase1_class1
[Tracker] Ep  151 | AvgR 0.0000 | Global 0.0043 | Local 0.0788 | F1_macro 0.5211 | WorstLoss 3.3346
[Tracker] Ep  152 | AvgR 0.0000 | Global 0.0112 | Local 0.0527 | F1_macro 0.4930 | WorstLoss 3.2408
[Tracker] Ep  153 | AvgR 0.0000 | Global 0.0003 | Local 0.1209 | F1_macro 0.5278 | WorstLoss 3.6061
[Tracker] Ep  154 | AvgR 0.0000 | Global 0.0135 | Local 0.1241 | F1_macro 0.5676 | WorstLoss 3.2225
[Tracker] Ep  155 | AvgR 0.0000 | Global 0.0036 | Local 0.1448 | F1_macro 0.5229 | WorstLoss 3.3532
[Tracker] Saved snapshot: ep0155_phase1_class1
[Tracker] Ep  156 | AvgR 0.0001 | Global 0.6482 | Local 0.1045 | F1_macro 0.5541 | WorstLoss 2.7355
[Tracker] Ep  157 | AvgR 0.0000 | Global 0.0003 | Local 0.1381 | F1_macro 0.5423 | WorstLoss 3.6047
[Tracker] Ep  158 | AvgR 0.0000 | Global 0.0026 | Local 0.1088 | F1_macro 0.5495 | WorstLoss 3.3853
[Tracker] Ep  159 | AvgR 0.0000 | Global 0.0672 | Local 0.0879 | F1_macro 0.5237 | WorstLoss 3.0557
[Tracker] Ep  160 | AvgR 0.0000 | Global 0.0491 | Local 0.0795 | F1_macro 0.5130 | WorstLoss 3.0900
[Tracker] Saved snapshot: ep0160_phase1_class1
[Tracker] Ep  161 | AvgR 0.0001 | Global 0.6275 | Local 0.0285 | F1_macro 0.4933 | WorstLoss 2.7444
[Tracker] Ep  162 | AvgR 0.0001 | Global 0.3207 | Local 0.0390 | F1_macro 0.4957 | WorstLoss 2.8716
[Tracker] Ep  163 | AvgR 0.0000 | Global 0.1117 | Local 0.0223 | F1_macro 0.4902 | WorstLoss 3.0040
[Tracker] Ep  164 | AvgR 0.0001 | Global 0.8221 | Local 0.0155 | F1_macro 0.4988 | WorstLoss 2.6435
[Tracker] New BEST synthetic [phase1_class1] (by global.global_obj: 0.822101) saved.
[Tracker] BEST β weights [phase1_class1] saved -> training_runs/SPECv16_bias05_rl_credit_3seeds_EP800_PCA10_REWfairness_minID1_majID0_TRJ2000_REAL3000_BIAS0.05_GG202603180833_a8116e4e/seed_1/best_beta_state_dict_phase1_class1.pt
[Tracker] Ep  165 | AvgR 0.0001 | Global 0.5593 | Local 0.0353 | F1_macro 0.5174 | WorstLoss 2.7728
[Tracker] Saved snapshot: ep0165_phase1_class1
[Tracker] Ep  166 | AvgR 0.0002 | Global 0.9468 | Local 0.0330 | F1_macro 0.5185 | WorstLoss 2.5086
[Tracker] New BEST synthetic [phase1_class1] (by global.global_obj: 0.946826) saved.
[Tracker] BEST β weights [phase1_class1] saved -> training_runs/SPECv16_bias05_rl_credit_3seeds_EP800_PCA10_REWfairness_minID1_majID0_TRJ2000_REAL3000_BIAS0.05_GG202603180833_a8116e4e/seed_1/best_beta_state_dict_phase1_class1.pt
[Tracker] Ep  167 | AvgR 0.0002 | Global 0.8927 | Local 0.0248 | F1_macro 0.5074 | WorstLoss 2.5848
[Tracker] Ep  168 | AvgR 0.0000 | Global 0.2265 | Local 0.0227 | F1_macro 0.4958 | WorstLoss 2.9194
[Tracker] Ep  169 | AvgR 0.0001 | Global 0.7223 | Local 0.0196 | F1_macro 0.4999 | WorstLoss 2.7010
[Tracker] Ep  170 | AvgR 0.0000 | Global 0.1099 | Local 0.0334 | F1_macro 0.4896 | WorstLoss 3.0057
[Tracker] Saved snapshot: ep0170_phase1_class1
[Tracker] Ep  171 | AvgR 0.0001 | Global 0.7149 | Local 0.0337 | F1_macro 0.5157 | WorstLoss 2.7047
[Tracker] Ep  172 | AvgR 0.0001 | Global 0.4711 | Local 0.0173 | F1_macro 0.4929 | WorstLoss 2.8082
[Tracker] Ep  173 | AvgR 0.0001 | Global 0.7135 | Local 0.0362 | F1_macro 0.4900 | WorstLoss 2.7053
[Tracker] Ep  174 | AvgR 0.0001 | Global 0.6029 | Local 0.0193 | F1_macro 0.4991 | WorstLoss 2.7548
[Tracker] Ep  175 | AvgR 0.0001 | Global 0.5052 | Local 0.0197 | F1_macro 0.4939 | WorstLoss 2.7945
[Tracker] Saved snapshot: ep0175_phase1_class1
[Tracker] Ep  176 | AvgR 0.0000 | Global 0.2013 | Local 0.0267 | F1_macro 0.4901 | WorstLoss 2.9344
[Tracker] Ep  177 | AvgR 0.0001 | Global 0.2671 | Local 0.0225 | F1_macro 0.4940 | WorstLoss 2.8975
[Tracker] Ep  178 | AvgR 0.0001 | Global 0.2976 | Local 0.0306 | F1_macro 0.4903 | WorstLoss 2.8825
[Tracker] Ep  179 | AvgR 0.0001 | Global 0.4587 | Local 0.0251 | F1_macro 0.4901 | WorstLoss 2.8131
[Tracker] Ep  180 | AvgR 0.0000 | Global 0.0651 | Local 0.0290 | F1_macro 0.4898 | WorstLoss 3.0630
[Tracker] Saved snapshot: ep0180_phase1_class1
[Tracker] Ep  181 | AvgR 0.0001 | Global 0.7399 | Local 0.0274 | F1_macro 0.4878 | WorstLoss 2.6920
[Tracker] Ep  182 | AvgR 0.0001 | Global 0.3894 | Local 0.0188 | F1_macro 0.4902 | WorstLoss 2.8416
[Tracker] Ep  183 | AvgR 0.0001 | Global 0.6392 | Local 0.0348 | F1_macro 0.5093 | WorstLoss 2.7394
[Tracker] Ep  184 | AvgR 0.0001 | Global 0.5006 | Local 0.0229 | F1_macro 0.5031 | WorstLoss 2.7964
[Tracker] Ep  185 | AvgR 0.0001 | Global 0.3276 | Local 0.0454 | F1_macro 0.4900 | WorstLoss 2.8685
[Tracker] Saved snapshot: ep0185_phase1_class1
[Tracker] Ep  186 | AvgR 0.0001 | Global 0.5409 | Local 0.0269 | F1_macro 0.4936 | WorstLoss 2.7802
[Tracker] Ep  187 | AvgR 0.0000 | Global 0.1922 | Local 0.0273 | F1_macro 0.5035 | WorstLoss 2.9402
[Tracker] Ep  188 | AvgR 0.0000 | Global 0.0438 | Local 0.0268 | F1_macro 0.4900 | WorstLoss 3.1049
[Tracker] Ep  189 | AvgR 0.0000 | Global 0.1247 | Local 0.0373 | F1_macro 0.5235 | WorstLoss 2.9915
[Tracker] Ep  190 | AvgR 0.0000 | Global 0.1426 | Local 0.0259 | F1_macro 0.4899 | WorstLoss 2.9760
[Tracker] Saved snapshot: ep0190_phase1_class1
[Tracker] Ep  191 | AvgR 0.0000 | Global 0.1626 | Local 0.0478 | F1_macro 0.4902 | WorstLoss 2.9605
[Tracker] Ep  192 | AvgR 0.0001 | Global 0.3099 | Local 0.0663 | F1_macro 0.4902 | WorstLoss 2.8766
[Tracker] Ep  193 | AvgR 0.0001 | Global 0.6072 | Local 0.0361 | F1_macro 0.5082 | WorstLoss 2.7530
[Tracker] Ep  194 | AvgR 0.0000 | Global 0.0456 | Local 0.0281 | F1_macro 0.4900 | WorstLoss 3.0986
[Tracker] Ep  195 | AvgR 0.0001 | Global 0.7282 | Local 0.0531 | F1_macro 0.4970 | WorstLoss 2.6980
[Tracker] Saved snapshot: ep0195_phase1_class1
[Tracker] Ep  196 | AvgR 0.0001 | Global 0.5186 | Local 0.0240 | F1_macro 0.5290 | WorstLoss 2.7891
[Tracker] Ep  197 | AvgR 0.0000 | Global 0.0360 | Local 0.0675 | F1_macro 0.4923 | WorstLoss 3.1253
[Tracker] Ep  198 | AvgR 0.0001 | Global 0.6758 | Local 0.0196 | F1_macro 0.5115 | WorstLoss 2.7231
[Tracker] Ep  199 | AvgR 0.0001 | Global 0.2031 | Local 0.0466 | F1_macro 0.4941 | WorstLoss 2.9311
[Tracker] Ep  200 | AvgR 0.0001 | Global 0.5570 | Local 0.0388 | F1_macro 0.4927 | WorstLoss 2.7737
[Tracker] Saved snapshot: ep0200_phase1_class1
[Tracker] Ep  201 | AvgR 0.0001 | Global 0.4491 | Local 0.0367 | F1_macro 0.5044 | WorstLoss 2.8170
[Tracker] Ep  202 | AvgR 0.0000 | Global 0.1081 | Local 0.0376 | F1_macro 0.4887 | WorstLoss 3.0076
[Tracker] Ep  203 | AvgR 0.0001 | Global 0.4100 | Local 0.0276 | F1_macro 0.4987 | WorstLoss 2.8330
[Tracker] Ep  204 | AvgR 0.0002 | Global 0.8666 | Local 0.0210 | F1_macro 0.5367 | WorstLoss 2.6095
[Tracker] Ep  205 | AvgR 0.0001 | Global 0.2175 | Local 0.0389 | F1_macro 0.4839 | WorstLoss 2.9233
[Tracker] Saved snapshot: ep0205_phase1_class1
[Tracker] Ep  206 | AvgR 0.0002 | Global 0.8507 | Local 0.0369 | F1_macro 0.5453 | WorstLoss 2.6226
[Tracker] Ep  207 | AvgR 0.0000 | Global 0.0834 | Local 0.0485 | F1_macro 0.4851 | WorstLoss 3.0362
[Tracker] Ep  208 | AvgR 0.0001 | Global 0.3914 | Local 0.0329 | F1_macro 0.5435 | WorstLoss 2.8407
[Tracker] Ep  209 | AvgR 0.0001 | Global 0.3194 | Local 0.0512 | F1_macro 0.4948 | WorstLoss 2.8722
[Tracker] Ep  210 | AvgR 0.0001 | Global 0.4545 | Local 0.0204 | F1_macro 0.4949 | WorstLoss 2.8148
[Tracker] Saved snapshot: ep0210_phase1_class1
[Tracker] Ep  211 | AvgR 0.0000 | Global 0.0460 | Local 0.0554 | F1_macro 0.4911 | WorstLoss 3.0965
[Tracker] Ep  212 | AvgR 0.0001 | Global 0.2263 | Local 0.0756 | F1_macro 0.4852 | WorstLoss 2.9173
[Tracker] Ep  213 | AvgR 0.0000 | Global 0.0169 | Local 0.0638 | F1_macro 0.4876 | WorstLoss 3.2008
[Tracker] Ep  214 | AvgR 0.0001 | Global 0.4478 | Local 0.0760 | F1_macro 0.4892 | WorstLoss 2.8168
[Tracker] Ep  215 | AvgR 0.0000 | Global 0.1531 | Local 0.0624 | F1_macro 0.4836 | WorstLoss 2.9647
[Tracker] Saved snapshot: ep0215_phase1_class1
[Tracker] Ep  216 | AvgR 0.0001 | Global 0.3041 | Local 0.0447 | F1_macro 0.4918 | WorstLoss 2.8794
[Tracker] Ep  217 | AvgR 0.0001 | Global 0.3425 | Local 0.0390 | F1_macro 0.4874 | WorstLoss 2.8618
[Tracker] Ep  218 | AvgR 0.0001 | Global 0.4423 | Local 0.0465 | F1_macro 0.5221 | WorstLoss 2.8198
[Tracker] Ep  219 | AvgR 0.0001 | Global 0.2003 | Local 0.0587 | F1_macro 0.4850 | WorstLoss 2.9334
[Tracker] Ep  220 | AvgR 0.0000 | Global 0.1414 | Local 0.0517 | F1_macro 0.4873 | WorstLoss 2.9755
[Tracker] Saved snapshot: ep0220_phase1_class1
[Tracker] Ep  221 | AvgR 0.0001 | Global 0.4311 | Local 0.0761 | F1_macro 0.4822 | WorstLoss 2.8157
[Tracker] Ep  222 | AvgR 0.0001 | Global 0.3205 | Local 0.0523 | F1_macro 0.4903 | WorstLoss 2.8669
[Tracker] Ep  223 | AvgR 0.0001 | Global 0.3523 | Local 0.0416 | F1_macro 0.5021 | WorstLoss 2.8575
[Tracker] Ep  224 | AvgR 0.0000 | Global 0.1222 | Local 0.0587 | F1_macro 0.4833 | WorstLoss 2.9899
[Tracker] Ep  225 | AvgR 0.0001 | Global 0.2575 | Local 0.0439 | F1_macro 0.5021 | WorstLoss 2.9000
[Tracker] Saved snapshot: ep0225_phase1_class1
[Tracker] Ep  226 | AvgR 0.0000 | Global 0.0945 | Local 0.0484 | F1_macro 0.4836 | WorstLoss 3.0205
[Tracker] Ep  227 | AvgR 0.0001 | Global 0.2190 | Local 0.0462 | F1_macro 0.4896 | WorstLoss 2.9237
[Tracker] Ep  228 | AvgR 0.0001 | Global 0.4006 | Local 0.0428 | F1_macro 0.4832 | WorstLoss 2.8363
[Tracker] Ep  229 | AvgR 0.0002 | Global 0.8087 | Local 0.0386 | F1_macro 0.5223 | WorstLoss 2.6524
[Tracker] Ep  230 | AvgR 0.0000 | Global 0.1513 | Local 0.0691 | F1_macro 0.4872 | WorstLoss 2.9665
[Tracker] Saved snapshot: ep0230_phase1_class1
[Tracker] Ep  231 | AvgR 0.0001 | Global 0.3350 | Local 0.0833 | F1_macro 0.4936 | WorstLoss 2.8621
[Tracker] Ep  232 | AvgR 0.0001 | Global 0.4302 | Local 0.0578 | F1_macro 0.5080 | WorstLoss 2.8190
[Tracker] Ep  233 | AvgR 0.0000 | Global 0.1125 | Local 0.0484 | F1_macro 0.4844 | WorstLoss 3.0012
[Tracker] Ep  234 | AvgR 0.0001 | Global 0.4125 | Local 0.0635 | F1_macro 0.5116 | WorstLoss 2.8297
[Tracker] Ep  235 | AvgR 0.0000 | Global 0.0159 | Local 0.0762 | F1_macro 0.4834 | WorstLoss 3.2026
[Tracker] Saved snapshot: ep0235_phase1_class1
[Tracker] Ep  236 | AvgR 0.0001 | Global 0.2703 | Local 0.0489 | F1_macro 0.4946 | WorstLoss 2.8959
[Tracker] Ep  237 | AvgR 0.0001 | Global 0.6045 | Local 0.0359 | F1_macro 0.5027 | WorstLoss 2.7530
[Tracker] Ep  238 | AvgR 0.0000 | Global 0.1655 | Local 0.0490 | F1_macro 0.4849 | WorstLoss 2.9584
[Tracker] Ep  239 | AvgR 0.0000 | Global 0.0785 | Local 0.0444 | F1_macro 0.4867 | WorstLoss 3.0409
[Tracker] Ep  240 | AvgR 0.0000 | Global 0.0489 | Local 0.0529 | F1_macro 0.4845 | WorstLoss 3.0923
[Tracker] Saved snapshot: ep0240_phase1_class1
[Tracker] Ep  241 | AvgR 0.0001 | Global 0.3029 | Local 0.0541 | F1_macro 0.4888 | WorstLoss 2.8754
[Tracker] Ep  242 | AvgR 0.0001 | Global 0.2161 | Local 0.0391 | F1_macro 0.4837 | WorstLoss 2.9248
[Tracker] Ep  243 | AvgR 0.0000 | Global 0.1205 | Local 0.0436 | F1_macro 0.4889 | WorstLoss 2.9954
[Tracker] Ep  244 | AvgR 0.0000 | Global 0.1042 | Local 0.0485 | F1_macro 0.4930 | WorstLoss 3.0107
[Tracker] Ep  245 | AvgR 0.0001 | Global 0.2900 | Local 0.0868 | F1_macro 0.5070 | WorstLoss 2.8810
[Tracker] Saved snapshot: ep0245_phase1_class1
[Tracker] Ep  246 | AvgR 0.0001 | Global 0.2766 | Local 0.0784 | F1_macro 0.4896 | WorstLoss 2.8793
[Tracker] Ep  247 | AvgR 0.0001 | Global 0.4596 | Local 0.0925 | F1_macro 0.4883 | WorstLoss 2.8116
[Tracker] Ep  248 | AvgR 0.0000 | Global 0.0764 | Local 0.0808 | F1_macro 0.4850 | WorstLoss 3.0428
[Tracker] Ep  249 | AvgR 0.0000 | Global 0.0984 | Local 0.0740 | F1_macro 0.5150 | WorstLoss 3.0123
[Tracker] Ep  250 | AvgR 0.0001 | Global 0.2608 | Local 0.0600 | F1_macro 0.4950 | WorstLoss 2.8975
[Tracker] Saved snapshot: ep0250_phase1_class1
[Tracker] Ep  251 | AvgR 0.0000 | Global 0.0595 | Local 0.1047 | F1_macro 0.5109 | WorstLoss 3.0677
[Tracker] Ep  252 | AvgR 0.0000 | Global 0.0250 | Local 0.1238 | F1_macro 0.5153 | WorstLoss 3.1584
[Tracker] Ep  253 | AvgR 0.0000 | Global 0.0129 | Local 0.0955 | F1_macro 0.5061 | WorstLoss 3.2197
[Tracker] Ep  254 | AvgR 0.0000 | Global 0.1172 | Local 0.0702 | F1_macro 0.4931 | WorstLoss 2.9924
[Tracker] Ep  255 | AvgR 0.0000 | Global 0.0288 | Local 0.1101 | F1_macro 0.4896 | WorstLoss 3.1442
[Tracker] Saved snapshot: ep0255_phase1_class1
[Tracker] Ep  256 | AvgR 0.0001 | Global 0.1077 | Local 0.1356 | F1_macro 0.4969 | WorstLoss 3.0036
[Tracker] Ep  257 | AvgR 0.0001 | Global 0.1078 | Local 0.1982 | F1_macro 0.5535 | WorstLoss 3.0054
[Tracker] Ep  258 | AvgR 0.0001 | Global 0.2510 | Local 0.1054 | F1_macro 0.5283 | WorstLoss 2.9027
[Tracker] Ep  259 | AvgR 0.0000 | Global 0.0115 | Local 0.1178 | F1_macro 0.5184 | WorstLoss 3.2384
[Tracker] Ep  260 | AvgR 0.0000 | Global 0.0466 | Local 0.1099 | F1_macro 0.5186 | WorstLoss 3.0941
[Tracker] Saved snapshot: ep0260_phase1_class1
[Tracker] Ep  261 | AvgR 0.0001 | Global 0.1935 | Local 0.0873 | F1_macro 0.4983 | WorstLoss 2.9342
[Tracker] Ep  262 | AvgR 0.0001 | Global 0.0881 | Local 0.1228 | F1_macro 0.5125 | WorstLoss 3.0226
[Tracker] Ep  263 | AvgR 0.0001 | Global 0.2243 | Local 0.1041 | F1_macro 0.5162 | WorstLoss 2.9149
[Tracker] Ep  264 | AvgR 0.0000 | Global 0.1092 | Local 0.0615 | F1_macro 0.4936 | WorstLoss 2.9983
[Tracker] Ep  265 | AvgR 0.0001 | Global 0.2959 | Local 0.0651 | F1_macro 0.4908 | WorstLoss 2.8775
[Tracker] Saved snapshot: ep0265_phase1_class1
[Tracker] Ep  266 | AvgR 0.0000 | Global 0.0024 | Local 0.1273 | F1_macro 0.5053 | WorstLoss 3.3934
[Tracker] Ep  267 | AvgR 0.0000 | Global 0.0177 | Local 0.1231 | F1_macro 0.5035 | WorstLoss 3.1941
[Tracker] Ep  268 | AvgR 0.0000 | Global 0.0632 | Local 0.0988 | F1_macro 0.4900 | WorstLoss 3.0616
[Tracker] Ep  269 | AvgR 0.0000 | Global 0.0701 | Local 0.0848 | F1_macro 0.5162 | WorstLoss 3.0507
[Tracker] Ep  270 | AvgR 0.0000 | Global 0.0144 | Local 0.1348 | F1_macro 0.5150 | WorstLoss 3.2090
[Tracker] Saved snapshot: ep0270_phase1_class1
[Tracker] Ep  271 | AvgR 0.0000 | Global 0.0397 | Local 0.0974 | F1_macro 0.4983 | WorstLoss 3.1093
[Tracker] Ep  272 | AvgR 0.0001 | Global 0.0755 | Local 0.1381 | F1_macro 0.5442 | WorstLoss 3.0471
[Tracker] Ep  273 | AvgR 0.0000 | Global 0.0276 | Local 0.1075 | F1_macro 0.5225 | WorstLoss 3.1518
[Tracker] Ep  274 | AvgR 0.0000 | Global 0.0388 | Local 0.0850 | F1_macro 0.4932 | WorstLoss 3.1106
[Tracker] Ep  275 | AvgR 0.0001 | Global 0.5728 | Local 0.0640 | F1_macro 0.5114 | WorstLoss 2.7598
[Tracker] Saved snapshot: ep0275_phase1_class1
[Tracker] Ep  276 | AvgR 0.0001 | Global 0.0388 | Local 0.1917 | F1_macro 0.5380 | WorstLoss 3.1147
[Tracker] Ep  277 | AvgR 0.0001 | Global 0.1328 | Local 0.1121 | F1_macro 0.5308 | WorstLoss 2.9802
[Tracker] Ep  278 | AvgR 0.0000 | Global 0.0352 | Local 0.1286 | F1_macro 0.5670 | WorstLoss 3.1236
[Tracker] Ep  279 | AvgR 0.0000 | Global 0.0794 | Local 0.1077 | F1_macro 0.5060 | WorstLoss 3.0384
[Tracker] Ep  280 | AvgR 0.0001 | Global 0.0807 | Local 0.1321 | F1_macro 0.5327 | WorstLoss 3.0386
[Tracker] Saved snapshot: ep0280_phase1_class1
[Tracker] Ep  281 | AvgR 0.0000 | Global 0.0218 | Local 0.1284 | F1_macro 0.5224 | WorstLoss 3.1714
[Tracker] Ep  282 | AvgR 0.0000 | Global 0.0644 | Local 0.1138 | F1_macro 0.5029 | WorstLoss 3.0594
[Tracker] Ep  283 | AvgR 0.0001 | Global 0.1350 | Local 0.0830 | F1_macro 0.4996 | WorstLoss 2.9773
[Tracker] Ep  284 | AvgR 0.0000 | Global 0.0075 | Local 0.1423 | F1_macro 0.5022 | WorstLoss 3.2792
[Tracker] Ep  285 | AvgR 0.0001 | Global 0.4791 | Local 0.0972 | F1_macro 0.5207 | WorstLoss 2.7935
[Tracker] Saved snapshot: ep0285_phase1_class1
[Tracker] Ep  286 | AvgR 0.0000 | Global 0.0268 | Local 0.1203 | F1_macro 0.5070 | WorstLoss 3.1464
[Tracker] Ep  287 | AvgR 0.0000 | Global 0.0023 | Local 0.1500 | F1_macro 0.5029 | WorstLoss 3.3998
[Tracker] Ep  288 | AvgR 0.0001 | Global 0.3665 | Local 0.1342 | F1_macro 0.5409 | WorstLoss 2.8433
[Tracker] Ep  289 | AvgR 0.0002 | Global 0.6153 | Local 0.1504 | F1_macro 0.5350 | WorstLoss 2.7478
[Tracker] Ep  290 | AvgR 0.0001 | Global 0.0091 | Local 0.1685 | F1_macro 0.5304 | WorstLoss 3.2624
[Tracker] Saved snapshot: ep0290_phase1_class1
[Tracker] Ep  291 | AvgR 0.0002 | Global 0.8505 | Local 0.0753 | F1_macro 0.5661 | WorstLoss 2.6199
[Tracker] Ep  292 | AvgR 0.0000 | Global 0.0419 | Local 0.1169 | F1_macro 0.5317 | WorstLoss 3.1040
[Tracker] Ep  293 | AvgR 0.0001 | Global 0.1579 | Local 0.1143 | F1_macro 0.5576 | WorstLoss 2.9596
[Tracker] Ep  294 | AvgR 0.0001 | Global 0.2313 | Local 0.1195 | F1_macro 0.5676 | WorstLoss 2.9139
[Tracker] Ep  295 | AvgR 0.0001 | Global 0.3890 | Local 0.1125 | F1_macro 0.4979 | WorstLoss 2.8371
[Tracker] Saved snapshot: ep0295_phase1_class1
[Tracker] Ep  296 | AvgR 0.0001 | Global 0.3150 | Local 0.0928 | F1_macro 0.5079 | WorstLoss 2.8727
[Tracker] Ep  297 | AvgR 0.0000 | Global 0.1157 | Local 0.0872 | F1_macro 0.5017 | WorstLoss 2.9927
[Tracker] Ep  298 | AvgR 0.0000 | Global 0.0120 | Local 0.1298 | F1_macro 0.5261 | WorstLoss 3.2323
[Tracker] Ep  299 | AvgR 0.0001 | Global 0.0492 | Local 0.1469 | F1_macro 0.5425 | WorstLoss 3.0851
[Tracker] Ep  300 | AvgR 0.0000 | Global 0.0585 | Local 0.0974 | F1_macro 0.4942 | WorstLoss 3.0659
[Tracker] Saved snapshot: ep0300_phase1_class1
[Tracker] Ep  301 | AvgR 0.0000 | Global 0.0602 | Local 0.0767 | F1_macro 0.4973 | WorstLoss 3.0694
[Tracker] Ep  302 | AvgR 0.0000 | Global 0.0052 | Local 0.1132 | F1_macro 0.5127 | WorstLoss 3.3127
[Tracker] Ep  303 | AvgR 0.0000 | Global 0.0200 | Local 0.1120 | F1_macro 0.5115 | WorstLoss 3.1785
[Tracker] Ep  304 | AvgR 0.0001 | Global 0.0030 | Local 0.1744 | F1_macro 0.5212 | WorstLoss 3.3723
[Tracker] Ep  305 | AvgR 0.0001 | Global 0.4885 | Local 0.1082 | F1_macro 0.5150 | WorstLoss 2.8012
[Tracker] Saved snapshot: ep0305_phase1_class1
[Tracker] Ep  306 | AvgR 0.0000 | Global 0.0152 | Local 0.1295 | F1_macro 0.5273 | WorstLoss 3.2064
[Tracker] Ep  307 | AvgR 0.0000 | Global 0.0216 | Local 0.1467 | F1_macro 0.5497 | WorstLoss 3.1700
[Tracker] Ep  308 | AvgR 0.0000 | Global 0.0015 | Local 0.1476 | F1_macro 0.5147 | WorstLoss 3.4355
[Tracker] Ep  309 | AvgR 0.0000 | Global 0.0511 | Local 0.1010 | F1_macro 0.5404 | WorstLoss 3.0848
[Tracker] Ep  310 | AvgR 0.0001 | Global 0.1256 | Local 0.1519 | F1_macro 0.5285 | WorstLoss 2.9832
[Tracker] Saved snapshot: ep0310_phase1_class1
[Tracker] Ep  311 | AvgR 0.0001 | Global 0.2476 | Local 0.1257 | F1_macro 0.5388 | WorstLoss 2.9045
[Tracker] Ep  312 | AvgR 0.0000 | Global 0.0147 | Local 0.1499 | F1_macro 0.5072 | WorstLoss 3.2079
[Tracker] Ep  313 | AvgR 0.0001 | Global 0.0314 | Local 0.1742 | F1_macro 0.5407 | WorstLoss 3.1366
[Tracker] Ep  314 | AvgR 0.0001 | Global 0.2198 | Local 0.1184 | F1_macro 0.5035 | WorstLoss 2.9156
[Tracker] Ep  315 | AvgR 0.0000 | Global 0.0110 | Local 0.1521 | F1_macro 0.5522 | WorstLoss 3.2419
[Tracker] Saved snapshot: ep0315_phase1_class1
[Tracker] Ep  316 | AvgR 0.0000 | Global 0.0115 | Local 0.1331 | F1_macro 0.5342 | WorstLoss 3.2369
[Tracker] Ep  317 | AvgR 0.0001 | Global 0.0323 | Local 0.1521 | F1_macro 0.5203 | WorstLoss 3.1318
[Tracker] Ep  318 | AvgR 0.0002 | Global 0.6527 | Local 0.1393 | F1_macro 0.5159 | WorstLoss 2.7290
[Tracker] Ep  319 | AvgR 0.0001 | Global 0.0452 | Local 0.1712 | F1_macro 0.5530 | WorstLoss 3.0984
[Tracker] Ep  320 | AvgR 0.0001 | Global 0.2850 | Local 0.0994 | F1_macro 0.5306 | WorstLoss 2.8868
[Tracker] Saved snapshot: ep0320_phase1_class1
[Tracker] Ep  321 | AvgR 0.0001 | Global 0.2532 | Local 0.1039 | F1_macro 0.5128 | WorstLoss 2.8951
[Tracker] Ep  322 | AvgR 0.0002 | Global 0.6381 | Local 0.0931 | F1_macro 0.5113 | WorstLoss 2.7374
[Tracker] Ep  323 | AvgR 0.0001 | Global 0.2850 | Local 0.0873 | F1_macro 0.4839 | WorstLoss 2.8829
[Tracker] Ep  324 | AvgR 0.0001 | Global 0.4972 | Local 0.0790 | F1_macro 0.5023 | WorstLoss 2.7774
[Tracker] Ep  325 | AvgR 0.0002 | Global 0.8463 | Local 0.0678 | F1_macro 0.4984 | WorstLoss 2.6124
[Tracker] Saved snapshot: ep0325_phase1_class1
[Tracker] Ep  326 | AvgR 0.0002 | Global 0.6849 | Local 0.0857 | F1_macro 0.4956 | WorstLoss 2.7003
[Tracker] Ep  327 | AvgR 0.0001 | Global 0.5689 | Local 0.1320 | F1_macro 0.5176 | WorstLoss 2.7592
[Tracker] Ep  328 | AvgR 0.0001 | Global 0.5410 | Local 0.0489 | F1_macro 0.4904 | WorstLoss 2.7608
[Tracker] Ep  329 | AvgR 0.0002 | Global 0.7094 | Local 0.1022 | F1_macro 0.5216 | WorstLoss 2.7006
[Tracker] Ep  330 | AvgR 0.0002 | Global 0.9014 | Local 0.1442 | F1_macro 0.4891 | WorstLoss 2.4725
[Tracker] Saved snapshot: ep0330_phase1_class1
[Tracker] Ep  331 | AvgR 0.0001 | Global 0.0823 | Local 0.1466 | F1_macro 0.4924 | WorstLoss 3.0234
[Tracker] Ep  332 | AvgR 0.0002 | Global 0.8996 | Local 0.1108 | F1_macro 0.5229 | WorstLoss 2.5665
[Tracker] Ep  333 | AvgR 0.0001 | Global 0.4267 | Local 0.1179 | F1_macro 0.5127 | WorstLoss 2.8064
[Tracker] Ep  334 | AvgR 0.0002 | Global 0.8589 | Local 0.0928 | F1_macro 0.5205 | WorstLoss 2.6053
[Tracker] Ep  335 | AvgR 0.0002 | Global 0.6772 | Local 0.1251 | F1_macro 0.5298 | WorstLoss 2.6976
[Tracker] Saved snapshot: ep0335_phase1_class1
[Tracker] Ep  336 | AvgR 0.0002 | Global 0.8478 | Local 0.1366 | F1_macro 0.5008 | WorstLoss 2.5863
[Tracker] Ep  337 | AvgR 0.0002 | Global 0.7391 | Local 0.1331 | F1_macro 0.4904 | WorstLoss 2.6292
[Tracker] Ep  338 | AvgR 0.0002 | Global 0.5206 | Local 0.1628 | F1_macro 0.5124 | WorstLoss 2.7707
[Tracker] Ep  339 | AvgR 0.0002 | Global 0.8876 | Local 0.0951 | F1_macro 0.5068 | WorstLoss 2.5728
[Tracker] Ep  340 | AvgR 0.0001 | Global 0.3748 | Local 0.1499 | F1_macro 0.5017 | WorstLoss 2.8235
[Tracker] Saved snapshot: ep0340_phase1_class1
[Tracker] Ep  341 | AvgR 0.0001 | Global 0.2541 | Local 0.1521 | F1_macro 0.4961 | WorstLoss 2.8846
[Tracker] Ep  342 | AvgR 0.0002 | Global 0.7061 | Local 0.1310 | F1_macro 0.5207 | WorstLoss 2.6893
[Tracker] Ep  343 | AvgR 0.0002 | Global 0.7130 | Local 0.1285 | F1_macro 0.5117 | WorstLoss 2.6693
[Tracker] Ep  344 | AvgR 0.0002 | Global 0.5877 | Local 0.2232 | F1_macro 0.5414 | WorstLoss 2.7517
[Tracker] Ep  345 | AvgR 0.0001 | Global 0.4305 | Local 0.1097 | F1_macro 0.5112 | WorstLoss 2.8103
[Tracker] Saved snapshot: ep0345_phase1_class1
[Tracker] Ep  346 | AvgR 0.0002 | Global 0.7081 | Local 0.1267 | F1_macro 0.4954 | WorstLoss 2.6464
[Tracker] Ep  347 | AvgR 0.0001 | Global 0.1612 | Local 0.1283 | F1_macro 0.4906 | WorstLoss 2.9563
[Tracker] Ep  348 | AvgR 0.0001 | Global 0.2758 | Local 0.1184 | F1_macro 0.5229 | WorstLoss 2.8835
[Tracker] Ep  349 | AvgR 0.0001 | Global 0.3203 | Local 0.1110 | F1_macro 0.5152 | WorstLoss 2.8496
[Tracker] Ep  350 | AvgR 0.0001 | Global 0.3475 | Local 0.0855 | F1_macro 0.5168 | WorstLoss 2.8460
[Tracker] Saved snapshot: ep0350_phase1_class1
[Tracker] Ep  351 | AvgR 0.0002 | Global 0.9340 | Local 0.1198 | F1_macro 0.5287 | WorstLoss 2.5031
[Tracker] Ep  352 | AvgR 0.0001 | Global 0.4945 | Local 0.1392 | F1_macro 0.5387 | WorstLoss 2.7874
[Tracker] Ep  353 | AvgR 0.0002 | Global 0.6369 | Local 0.1251 | F1_macro 0.4982 | WorstLoss 2.7194
[Tracker] Ep  354 | AvgR 0.0001 | Global 0.4199 | Local 0.1467 | F1_macro 0.4987 | WorstLoss 2.8223
[Tracker] Ep  355 | AvgR 0.0001 | Global 0.5572 | Local 0.1341 | F1_macro 0.5311 | WorstLoss 2.7660
[Tracker] Saved snapshot: ep0355_phase1_class1
[Tracker] Ep  356 | AvgR 0.0002 | Global 0.7512 | Local 0.1101 | F1_macro 0.5389 | WorstLoss 2.6702
[Tracker] Ep  357 | AvgR 0.0002 | Global 0.7275 | Local 0.1701 | F1_macro 0.5280 | WorstLoss 2.6630
[Tracker] Ep  358 | AvgR 0.0002 | Global 0.8978 | Local 0.0938 | F1_macro 0.5129 | WorstLoss 2.4839
[Tracker] Ep  359 | AvgR 0.0001 | Global 0.1333 | Local 0.1385 | F1_macro 0.5052 | WorstLoss 2.9658
[Tracker] Ep  360 | AvgR 0.0002 | Global 0.7778 | Local 0.1587 | F1_macro 0.5073 | WorstLoss 2.6423
[Tracker] Saved snapshot: ep0360_phase1_class1
[Tracker] Ep  361 | AvgR 0.0002 | Global 0.9189 | Local 0.1620 | F1_macro 0.5114 | WorstLoss 2.5070
[Tracker] Ep  362 | AvgR 0.0001 | Global 0.3781 | Local 0.1680 | F1_macro 0.5022 | WorstLoss 2.8306
[Tracker] Ep  363 | AvgR 0.0001 | Global 0.4931 | Local 0.0858 | F1_macro 0.5150 | WorstLoss 2.7846
[Tracker] Ep  364 | AvgR 0.0002 | Global 0.7884 | Local 0.0896 | F1_macro 0.5439 | WorstLoss 2.6439
[Tracker] Ep  365 | AvgR 0.0002 | Global 0.6920 | Local 0.1766 | F1_macro 0.5159 | WorstLoss 2.7088
[Tracker] Saved snapshot: ep0365_phase1_class1
[Tracker] Ep  366 | AvgR 0.0002 | Global 0.5439 | Local 0.1526 | F1_macro 0.5319 | WorstLoss 2.7675
[Tracker] Ep  367 | AvgR 0.0002 | Global 0.5389 | Local 0.1580 | F1_macro 0.4953 | WorstLoss 2.7639
[Tracker] Ep  368 | AvgR 0.0001 | Global 0.4451 | Local 0.1051 | F1_macro 0.5234 | WorstLoss 2.8186
[Tracker] Ep  369 | AvgR 0.0002 | Global 0.8976 | Local 0.1476 | F1_macro 0.5511 | WorstLoss 2.5427
[Tracker] Ep  370 | AvgR 0.0001 | Global 0.4029 | Local 0.1568 | F1_macro 0.5085 | WorstLoss 2.8193
[Tracker] Saved snapshot: ep0370_phase1_class1
[Tracker] Ep  371 | AvgR 0.0001 | Global 0.3413 | Local 0.1580 | F1_macro 0.5233 | WorstLoss 2.8572
[Tracker] Ep  372 | AvgR 0.0002 | Global 0.9480 | Local 0.1153 | F1_macro 0.5761 | WorstLoss 2.5063
[Tracker] New BEST synthetic [phase1_class1] (by global.global_obj: 0.947996) saved.
[Tracker] BEST β weights [phase1_class1] saved -> training_runs/SPECv16_bias05_rl_credit_3seeds_EP800_PCA10_REWfairness_minID1_majID0_TRJ2000_REAL3000_BIAS0.05_GG202603180833_a8116e4e/seed_1/best_beta_state_dict_phase1_class1.pt
[Tracker] Ep  373 | AvgR 0.0002 | Global 0.6232 | Local 0.1464 | F1_macro 0.5221 | WorstLoss 2.7294
[Tracker] Ep  374 | AvgR 0.0002 | Global 0.7830 | Local 0.0982 | F1_macro 0.5198 | WorstLoss 2.6411
[Tracker] Ep  375 | AvgR 0.0002 | Global 0.7322 | Local 0.1708 | F1_macro 0.5406 | WorstLoss 2.6824
[Tracker] Saved snapshot: ep0375_phase1_class1
[Tracker] Ep  376 | AvgR 0.0002 | Global 0.8350 | Local 0.1238 | F1_macro 0.5276 | WorstLoss 2.6168
[Tracker] Ep  377 | AvgR 0.0001 | Global 0.4899 | Local 0.1243 | F1_macro 0.5293 | WorstLoss 2.7910
[Tracker] Ep  378 | AvgR 0.0002 | Global 0.6887 | Local 0.0863 | F1_macro 0.5436 | WorstLoss 2.7019
[Tracker] Ep  379 | AvgR 0.0002 | Global 0.6136 | Local 0.1312 | F1_macro 0.5596 | WorstLoss 2.7431
[Tracker] Ep  380 | AvgR 0.0002 | Global 0.7032 | Local 0.1263 | F1_macro 0.5291 | WorstLoss 2.6925
[Tracker] Saved snapshot: ep0380_phase1_class1
[Tracker] Ep  381 | AvgR 0.0002 | Global 0.8321 | Local 0.1207 | F1_macro 0.5446 | WorstLoss 2.6273
[Tracker] Ep  382 | AvgR 0.0001 | Global 0.3167 | Local 0.1313 | F1_macro 0.5177 | WorstLoss 2.8628
[Tracker] Ep  383 | AvgR 0.0002 | Global 0.9488 | Local 0.1253 | F1_macro 0.5468 | WorstLoss 2.4744
[Tracker] New BEST synthetic [phase1_class1] (by global.global_obj: 0.948783) saved.
[Tracker] BEST β weights [phase1_class1] saved -> training_runs/SPECv16_bias05_rl_credit_3seeds_EP800_PCA10_REWfairness_minID1_majID0_TRJ2000_REAL3000_BIAS0.05_GG202603180833_a8116e4e/seed_1/best_beta_state_dict_phase1_class1.pt
[Tracker] Ep  384 | AvgR 0.0001 | Global 0.1218 | Local 0.1685 | F1_macro 0.5501 | WorstLoss 2.9889
[Tracker] Ep  385 | AvgR 0.0002 | Global 0.5657 | Local 0.1900 | F1_macro 0.5449 | WorstLoss 2.7634
[Tracker] Saved snapshot: ep0385_phase1_class1
[Tracker] Ep  386 | AvgR 0.0002 | Global 0.8936 | Local 0.1829 | F1_macro 0.5317 | WorstLoss 2.5129
[Tracker] Ep  387 | AvgR 0.0002 | Global 0.8413 | Local 0.1837 | F1_macro 0.5236 | WorstLoss 2.5962
[Tracker] Ep  388 | AvgR 0.0002 | Global 0.9404 | Local 0.1206 | F1_macro 0.5302 | WorstLoss 2.4277
[Tracker] Ep  389 | AvgR 0.0002 | Global 0.8407 | Local 0.1943 | F1_macro 0.5558 | WorstLoss 2.6052
[Tracker] Ep  390 | AvgR 0.0001 | Global 0.1277 | Local 0.2048 | F1_macro 0.5070 | WorstLoss 2.9720
[Tracker] Saved snapshot: ep0390_phase1_class1
[Tracker] Ep  391 | AvgR 0.0002 | Global 0.6486 | Local 0.1455 | F1_macro 0.5339 | WorstLoss 2.7269
[Tracker] Ep  392 | AvgR 0.0002 | Global 0.8610 | Local 0.1849 | F1_macro 0.5187 | WorstLoss 2.6038
[Tracker] Ep  393 | AvgR 0.0002 | Global 0.7797 | Local 0.1245 | F1_macro 0.5251 | WorstLoss 2.6289
[Tracker] Ep  394 | AvgR 0.0002 | Global 0.7522 | Local 0.1655 | F1_macro 0.5541 | WorstLoss 2.6760
[Tracker] Ep  395 | AvgR 0.0001 | Global 0.2938 | Local 0.1411 | F1_macro 0.5328 | WorstLoss 2.8776
[Tracker] Saved snapshot: ep0395_phase1_class1
[Tracker] Ep  396 | AvgR 0.0002 | Global 0.9070 | Local 0.1097 | F1_macro 0.5282 | WorstLoss 2.5606
[Tracker] Ep  397 | AvgR 0.0001 | Global 0.4491 | Local 0.1779 | F1_macro 0.5225 | WorstLoss 2.7994
[Tracker] Ep  398 | AvgR 0.0001 | Global 0.4872 | Local 0.1161 | F1_macro 0.5046 | WorstLoss 2.7876
[Tracker] Ep  399 | AvgR 0.0002 | Global 0.7490 | Local 0.0915 | F1_macro 0.5089 | WorstLoss 2.6792
[Tracker] Ep  400 | AvgR 0.0001 | Global 0.4593 | Local 0.1539 | F1_macro 0.5242 | WorstLoss 2.8018
[Tracker] Saved snapshot: ep0400_phase1_class1
[Tracker] Ep  401 | AvgR 0.0002 | Global 0.8478 | Local 0.1424 | F1_macro 0.5188 | WorstLoss 2.6117
[Tracker] Ep  402 | AvgR 0.0002 | Global 0.9282 | Local 0.1534 | F1_macro 0.5348 | WorstLoss 2.4166
[Tracker] Ep  403 | AvgR 0.0001 | Global 0.2797 | Local 0.1287 | F1_macro 0.4964 | WorstLoss 2.8861
[Tracker] Ep  404 | AvgR 0.0002 | Global 0.9482 | Local 0.1148 | F1_macro 0.5131 | WorstLoss 2.2185
[Tracker] Ep  405 | AvgR 0.0002 | Global 0.9098 | Local 0.1338 | F1_macro 0.5448 | WorstLoss 2.5384
[Tracker] Saved snapshot: ep0405_phase1_class1
[Tracker] Ep  406 | AvgR 0.0002 | Global 0.9712 | Local 0.1431 | F1_macro 0.5476 | WorstLoss 2.4096
[Tracker] New BEST synthetic [phase1_class1] (by global.global_obj: 0.971179) saved.
[Tracker] BEST β weights [phase1_class1] saved -> training_runs/SPECv16_bias05_rl_credit_3seeds_EP800_PCA10_REWfairness_minID1_majID0_TRJ2000_REAL3000_BIAS0.05_GG202603180833_a8116e4e/seed_1/best_beta_state_dict_phase1_class1.pt
[Tracker] Ep  407 | AvgR 0.0002 | Global 0.9578 | Local 0.1430 | F1_macro 0.5314 | WorstLoss 2.4029
[Tracker] Ep  408 | AvgR 0.0001 | Global 0.2394 | Local 0.1663 | F1_macro 0.5146 | WorstLoss 2.9068
[Tracker] Ep  409 | AvgR 0.0002 | Global 0.7200 | Local 0.1294 | F1_macro 0.5135 | WorstLoss 2.6781
[Tracker] Ep  410 | AvgR 0.0002 | Global 0.6923 | Local 0.1450 | F1_macro 0.5209 | WorstLoss 2.6814
[Tracker] Saved snapshot: ep0410_phase1_class1
[Tracker] Ep  411 | AvgR 0.0002 | Global 0.8307 | Local 0.1853 | F1_macro 0.5169 | WorstLoss 2.6061
[Tracker] Ep  412 | AvgR 0.0002 | Global 0.5420 | Local 0.1462 | F1_macro 0.5134 | WorstLoss 2.7608
[Tracker] Ep  413 | AvgR 0.0002 | Global 0.8956 | Local 0.1599 | F1_macro 0.5343 | WorstLoss 2.4808
[Tracker] Ep  414 | AvgR 0.0002 | Global 0.9588 | Local 0.1671 | F1_macro 0.5394 | WorstLoss 2.3979
[Tracker] Ep  415 | AvgR 0.0002 | Global 0.8749 | Local 0.1509 | F1_macro 0.5412 | WorstLoss 2.5772
[Tracker] Saved snapshot: ep0415_phase1_class1
[Tracker] Ep  416 | AvgR 0.0002 | Global 0.4942 | Local 0.1740 | F1_macro 0.5413 | WorstLoss 2.7885
[Tracker] Ep  417 | AvgR 0.0002 | Global 0.9301 | Local 0.1764 | F1_macro 0.5468 | WorstLoss 2.4328
[Tracker] Ep  418 | AvgR 0.0002 | Global 0.8936 | Local 0.1265 | F1_macro 0.5226 | WorstLoss 2.5352
[Tracker] Ep  419 | AvgR 0.0002 | Global 0.7901 | Local 0.1985 | F1_macro 0.5448 | WorstLoss 2.6541
[Tracker] Ep  420 | AvgR 0.0002 | Global 0.5865 | Local 0.1782 | F1_macro 0.5423 | WorstLoss 2.7324
[Tracker] Saved snapshot: ep0420_phase1_class1
[Tracker] Ep  421 | AvgR 0.0001 | Global 0.4139 | Local 0.1897 | F1_macro 0.5283 | WorstLoss 2.8216
[Tracker] Ep  422 | AvgR 0.0002 | Global 0.8953 | Local 0.1271 | F1_macro 0.5484 | WorstLoss 2.5414
[Tracker] Ep  423 | AvgR 0.0001 | Global 0.5230 | Local 0.1375 | F1_macro 0.5214 | WorstLoss 2.7764
[Tracker] Ep  424 | AvgR 0.0002 | Global 0.8544 | Local 0.1472 | F1_macro 0.5243 | WorstLoss 2.6039
[Tracker] Ep  425 | AvgR 0.0001 | Global 0.3551 | Local 0.1662 | F1_macro 0.5397 | WorstLoss 2.8529
[Tracker] Saved snapshot: ep0425_phase1_class1
[Tracker] Ep  426 | AvgR 0.0002 | Global 0.8433 | Local 0.1347 | F1_macro 0.5202 | WorstLoss 2.6283
[Tracker] Ep  427 | AvgR 0.0002 | Global 0.8551 | Local 0.1850 | F1_macro 0.5366 | WorstLoss 2.5507
[Tracker] Ep  428 | AvgR 0.0002 | Global 0.8938 | Local 0.1917 | F1_macro 0.5174 | WorstLoss 2.5015
[Tracker] Ep  429 | AvgR 0.0002 | Global 0.9461 | Local 0.1434 | F1_macro 0.5229 | WorstLoss 2.5001
[Tracker] Ep  430 | AvgR 0.0002 | Global 0.9257 | Local 0.1872 | F1_macro 0.5610 | WorstLoss 2.5201
[Tracker] Saved snapshot: ep0430_phase1_class1
[Tracker] Ep  431 | AvgR 0.0001 | Global 0.1064 | Local 0.1784 | F1_macro 0.4917 | WorstLoss 2.9985
[Tracker] Ep  432 | AvgR 0.0002 | Global 0.8817 | Local 0.2107 | F1_macro 0.5233 | WorstLoss 2.5434
[Tracker] Ep  433 | AvgR 0.0001 | Global 0.4683 | Local 0.1557 | F1_macro 0.5177 | WorstLoss 2.8035
[Tracker] Ep  434 | AvgR 0.0002 | Global 0.7403 | Local 0.1500 | F1_macro 0.5128 | WorstLoss 2.6655
[Tracker] Ep  435 | AvgR 0.0001 | Global 0.3157 | Local 0.1326 | F1_macro 0.4966 | WorstLoss 2.8671
[Tracker] Saved snapshot: ep0435_phase1_class1
[Tracker] Ep  436 | AvgR 0.0002 | Global 0.8422 | Local 0.1647 | F1_macro 0.5476 | WorstLoss 2.6054
[Tracker] Ep  437 | AvgR 0.0002 | Global 0.8520 | Local 0.1715 | F1_macro 0.5107 | WorstLoss 2.5508
[Tracker] Ep  438 | AvgR 0.0001 | Global 0.0584 | Local 0.1761 | F1_macro 0.5279 | WorstLoss 3.0616
[Tracker] Ep  439 | AvgR 0.0002 | Global 0.9020 | Local 0.1638 | F1_macro 0.5342 | WorstLoss 2.5283
[Tracker] Ep  440 | AvgR 0.0002 | Global 0.9037 | Local 0.1504 | F1_macro 0.5219 | WorstLoss 2.5219
[Tracker] Saved snapshot: ep0440_phase1_class1
[Tracker] Ep  441 | AvgR 0.0002 | Global 0.8097 | Local 0.1738 | F1_macro 0.5225 | WorstLoss 2.5843
[Tracker] Ep  442 | AvgR 0.0002 | Global 0.9096 | Local 0.1560 | F1_macro 0.5496 | WorstLoss 2.5079
[Tracker] Ep  443 | AvgR 0.0002 | Global 0.8284 | Local 0.1560 | F1_macro 0.5257 | WorstLoss 2.6171
[Tracker] Ep  444 | AvgR 0.0002 | Global 0.9502 | Local 0.1496 | F1_macro 0.5709 | WorstLoss 2.5018
[Tracker] Ep  445 | AvgR 0.0002 | Global 0.8420 | Local 0.1645 | F1_macro 0.5368 | WorstLoss 2.5923
[Tracker] Saved snapshot: ep0445_phase1_class1
[Tracker] Ep  446 | AvgR 0.0002 | Global 0.9041 | Local 0.2040 | F1_macro 0.5108 | WorstLoss 2.4877
[Tracker] Ep  447 | AvgR 0.0002 | Global 0.8781 | Local 0.1765 | F1_macro 0.5252 | WorstLoss 2.5198
[Tracker] Ep  448 | AvgR 0.0002 | Global 0.5720 | Local 0.2399 | F1_macro 0.5166 | WorstLoss 2.7467
[Tracker] Ep  449 | AvgR 0.0002 | Global 0.6870 | Local 0.2006 | F1_macro 0.5056 | WorstLoss 2.7013
[Tracker] Ep  450 | AvgR 0.0002 | Global 0.8777 | Local 0.1901 | F1_macro 0.5328 | WorstLoss 2.5310
[Tracker] Saved snapshot: ep0450_phase1_class1
[Tracker] Ep  451 | AvgR 0.0002 | Global 0.9596 | Local 0.1542 | F1_macro 0.5560 | WorstLoss 2.4061
[Tracker] Ep  452 | AvgR 0.0002 | Global 0.7714 | Local 0.1350 | F1_macro 0.5393 | WorstLoss 2.6435
[Tracker] Ep  453 | AvgR 0.0002 | Global 0.8760 | Local 0.1980 | F1_macro 0.5433 | WorstLoss 2.5411
[Tracker] Ep  454 | AvgR 0.0002 | Global 0.7845 | Local 0.1419 | F1_macro 0.5278 | WorstLoss 2.6232
[Tracker] Ep  455 | AvgR 0.0002 | Global 0.8967 | Local 0.1545 | F1_macro 0.5173 | WorstLoss 2.5805
[Tracker] Saved snapshot: ep0455_phase1_class1
[Tracker] Ep  456 | AvgR 0.0002 | Global 0.9191 | Local 0.1706 | F1_macro 0.5388 | WorstLoss 2.4740
[Tracker] Ep  457 | AvgR 0.0002 | Global 0.9005 | Local 0.1466 | F1_macro 0.5454 | WorstLoss 2.5316
[Tracker] Ep  458 | AvgR 0.0002 | Global 0.8183 | Local 0.1277 | F1_macro 0.5333 | WorstLoss 2.6452
[Tracker] Ep  459 | AvgR 0.0003 | Global 0.9590 | Local 0.1957 | F1_macro 0.5163 | WorstLoss 2.4246
[Tracker] Ep  460 | AvgR 0.0002 | Global 0.7830 | Local 0.1760 | F1_macro 0.5302 | WorstLoss 2.6388
[Tracker] Saved snapshot: ep0460_phase1_class1
[Tracker] Ep  461 | AvgR 0.0002 | Global 0.9318 | Local 0.1468 | F1_macro 0.5123 | WorstLoss 2.4766
[Tracker] Ep  462 | AvgR 0.0002 | Global 0.8902 | Local 0.1542 | F1_macro 0.5249 | WorstLoss 2.5291
[Tracker] Ep  463 | AvgR 0.0002 | Global 0.7642 | Local 0.1278 | F1_macro 0.5393 | WorstLoss 2.6446
[Tracker] Ep  464 | AvgR 0.0002 | Global 0.9498 | Local 0.1395 | F1_macro 0.5507 | WorstLoss 2.4231
[Tracker] Ep  465 | AvgR 0.0002 | Global 0.8887 | Local 0.1810 | F1_macro 0.5164 | WorstLoss 2.4134
[Tracker] Saved snapshot: ep0465_phase1_class1
[Tracker] Ep  466 | AvgR 0.0002 | Global 0.6040 | Local 0.1898 | F1_macro 0.5028 | WorstLoss 2.7315
[Tracker] Ep  467 | AvgR 0.0001 | Global 0.4497 | Local 0.1649 | F1_macro 0.5362 | WorstLoss 2.8123
[Tracker] Ep  468 | AvgR 0.0002 | Global 0.7632 | Local 0.1172 | F1_macro 0.5606 | WorstLoss 2.6796
[Tracker] Ep  469 | AvgR 0.0002 | Global 0.7631 | Local 0.1725 | F1_macro 0.5172 | WorstLoss 2.6327
[Tracker] Ep  470 | AvgR 0.0003 | Global 0.9902 | Local 0.1570 | F1_macro 0.5220 | WorstLoss 2.3092
[Tracker] Saved snapshot: ep0470_phase1_class1
[Tracker] New BEST synthetic [phase1_class1] (by global.global_obj: 0.990227) saved.
[Tracker] BEST β weights [phase1_class1] saved -> training_runs/SPECv16_bias05_rl_credit_3seeds_EP800_PCA10_REWfairness_minID1_majID0_TRJ2000_REAL3000_BIAS0.05_GG202603180833_a8116e4e/seed_1/best_beta_state_dict_phase1_class1.pt
[Tracker] Ep  471 | AvgR 0.0002 | Global 0.7032 | Local 0.1566 | F1_macro 0.5325 | WorstLoss 2.6833
[Tracker] Ep  472 | AvgR 0.0002 | Global 0.7629 | Local 0.1396 | F1_macro 0.5267 | WorstLoss 2.6415
[Tracker] Ep  473 | AvgR 0.0002 | Global 0.7216 | Local 0.1655 | F1_macro 0.5478 | WorstLoss 2.6804
[Tracker] Ep  474 | AvgR 0.0002 | Global 0.8437 | Local 0.1354 | F1_macro 0.5377 | WorstLoss 2.5905
[Tracker] Ep  475 | AvgR 0.0001 | Global 0.3049 | Local 0.1790 | F1_macro 0.5096 | WorstLoss 2.8647
[Tracker] Saved snapshot: ep0475_phase1_class1
[Tracker] Ep  476 | AvgR 0.0001 | Global 0.2057 | Local 0.2307 | F1_macro 0.5126 | WorstLoss 2.9156
[Tracker] Ep  477 | AvgR 0.0002 | Global 0.7740 | Local 0.1959 | F1_macro 0.5281 | WorstLoss 2.6279
[Tracker] Ep  478 | AvgR 0.0002 | Global 0.8176 | Local 0.1623 | F1_macro 0.4981 | WorstLoss 2.6009
[Tracker] Ep  479 | AvgR 0.0002 | Global 0.9417 | Local 0.1532 | F1_macro 0.5351 | WorstLoss 2.3964
[Tracker] Ep  480 | AvgR 0.0002 | Global 0.7126 | Local 0.1502 | F1_macro 0.5167 | WorstLoss 2.6775
[Tracker] Saved snapshot: ep0480_phase1_class1
[Tracker] Ep  481 | AvgR 0.0001 | Global 0.5185 | Local 0.1263 | F1_macro 0.5034 | WorstLoss 2.7797
[Tracker] Ep  482 | AvgR 0.0001 | Global 0.1736 | Local 0.1381 | F1_macro 0.4974 | WorstLoss 2.9351
[Tracker] Ep  483 | AvgR 0.0002 | Global 0.8526 | Local 0.1490 | F1_macro 0.5109 | WorstLoss 2.5680
[Tracker] Ep  484 | AvgR 0.0002 | Global 0.6834 | Local 0.1735 | F1_macro 0.5211 | WorstLoss 2.6986
[Tracker] Ep  485 | AvgR 0.0001 | Global 0.5034 | Local 0.1037 | F1_macro 0.5174 | WorstLoss 2.7834
[Tracker] Saved snapshot: ep0485_phase1_class1
[Tracker] Ep  486 | AvgR 0.0001 | Global 0.2705 | Local 0.1692 | F1_macro 0.5021 | WorstLoss 2.8832
[Tracker] Ep  487 | AvgR 0.0002 | Global 0.6405 | Local 0.1670 | F1_macro 0.5024 | WorstLoss 2.7257
[Tracker] Ep  488 | AvgR 0.0002 | Global 0.8987 | Local 0.1892 | F1_macro 0.5279 | WorstLoss 2.5050
[Tracker] Ep  489 | AvgR 0.0002 | Global 0.8737 | Local 0.1206 | F1_macro 0.5197 | WorstLoss 2.5855
[Tracker] Ep  490 | AvgR 0.0001 | Global 0.1711 | Local 0.1405 | F1_macro 0.4936 | WorstLoss 2.9377
[Tracker] Saved snapshot: ep0490_phase1_class1
[Tracker] Ep  491 | AvgR 0.0002 | Global 0.8488 | Local 0.1451 | F1_macro 0.5229 | WorstLoss 2.5883
[Tracker] Ep  492 | AvgR 0.0001 | Global 0.5098 | Local 0.1170 | F1_macro 0.5009 | WorstLoss 2.7795
[Tracker] Ep  493 | AvgR 0.0002 | Global 0.6883 | Local 0.1237 | F1_macro 0.4957 | WorstLoss 2.6909
[Tracker] Ep  494 | AvgR 0.0002 | Global 0.8555 | Local 0.1563 | F1_macro 0.5237 | WorstLoss 2.5291
[Tracker] Ep  495 | AvgR 0.0001 | Global 0.1409 | Local 0.1265 | F1_macro 0.5173 | WorstLoss 2.9658
[Tracker] Saved snapshot: ep0495_phase1_class1
[Tracker] Ep  496 | AvgR 0.0002 | Global 0.8364 | Local 0.1373 | F1_macro 0.5122 | WorstLoss 2.5941
[Tracker] Ep  497 | AvgR 0.0002 | Global 0.9405 | Local 0.1433 | F1_macro 0.5371 | WorstLoss 2.4180
[Tracker] Ep  498 | AvgR 0.0002 | Global 0.8100 | Local 0.1431 | F1_macro 0.5039 | WorstLoss 2.5964
[Tracker] Ep  499 | AvgR 0.0002 | Global 0.8176 | Local 0.1688 | F1_macro 0.5181 | WorstLoss 2.5997
[Tracker] Ep  500 | AvgR 0.0001 | Global 0.2565 | Local 0.1419 | F1_macro 0.5104 | WorstLoss 2.8925
[Tracker] Saved snapshot: ep0500_phase1_class1
[Tracker] Ep  501 | AvgR 0.0002 | Global 0.8532 | Local 0.1731 | F1_macro 0.5056 | WorstLoss 2.5575
[Tracker] Ep  502 | AvgR 0.0002 | Global 0.6458 | Local 0.1394 | F1_macro 0.5055 | WorstLoss 2.7089
[Tracker] Ep  503 | AvgR 0.0003 | Global 0.9837 | Local 0.1595 | F1_macro 0.5163 | WorstLoss 2.3591
[Tracker] Ep  504 | AvgR 0.0002 | Global 0.6346 | Local 0.1620 | F1_macro 0.4927 | WorstLoss 2.7147
[Tracker] Ep  505 | AvgR 0.0003 | Global 0.9346 | Local 0.1833 | F1_macro 0.5388 | WorstLoss 2.5046
[Tracker] Saved snapshot: ep0505_phase1_class1
[Tracker] Ep  506 | AvgR 0.0002 | Global 0.7134 | Local 0.2014 | F1_macro 0.5089 | WorstLoss 2.6717
[Tracker] Ep  507 | AvgR 0.0002 | Global 0.8783 | Local 0.1925 | F1_macro 0.5015 | WorstLoss 2.5164
[Tracker] Ep  508 | AvgR 0.0001 | Global 0.4631 | Local 0.1704 | F1_macro 0.5291 | WorstLoss 2.8026
[Tracker] Ep  509 | AvgR 0.0002 | Global 0.7628 | Local 0.1734 | F1_macro 0.5242 | WorstLoss 2.6522
[Tracker] Ep  510 | AvgR 0.0002 | Global 0.8819 | Local 0.1510 | F1_macro 0.5122 | WorstLoss 2.5052
[Tracker] Saved snapshot: ep0510_phase1_class1
[Tracker] Ep  511 | AvgR 0.0002 | Global 0.8275 | Local 0.1507 | F1_macro 0.5118 | WorstLoss 2.6152
[Tracker] Ep  512 | AvgR 0.0002 | Global 0.8630 | Local 0.1748 | F1_macro 0.5144 | WorstLoss 2.5223
[Tracker] Ep  513 | AvgR 0.0001 | Global 0.3157 | Local 0.2179 | F1_macro 0.4931 | WorstLoss 2.8543
[Tracker] Ep  514 | AvgR 0.0002 | Global 0.8729 | Local 0.2030 | F1_macro 0.5154 | WorstLoss 2.5006
[Tracker] Ep  515 | AvgR 0.0003 | Global 0.9390 | Local 0.1811 | F1_macro 0.5035 | WorstLoss 2.3864
[Tracker] Saved snapshot: ep0515_phase1_class1
[Tracker] Ep  516 | AvgR 0.0002 | Global 0.7207 | Local 0.1645 | F1_macro 0.5022 | WorstLoss 2.6571
[Tracker] Ep  517 | AvgR 0.0002 | Global 0.8857 | Local 0.1293 | F1_macro 0.5053 | WorstLoss 2.5159
[Tracker] Ep  518 | AvgR 0.0001 | Global 0.3901 | Local 0.1585 | F1_macro 0.4989 | WorstLoss 2.8254
[Tracker] Ep  519 | AvgR 0.0002 | Global 0.9356 | Local 0.1572 | F1_macro 0.5390 | WorstLoss 2.4732
[Tracker] Ep  520 | AvgR 0.0002 | Global 0.9477 | Local 0.1571 | F1_macro 0.5292 | WorstLoss 2.3698
[Tracker] Saved snapshot: ep0520_phase1_class1
[Tracker] Ep  521 | AvgR 0.0001 | Global 0.3575 | Local 0.1277 | F1_macro 0.4942 | WorstLoss 2.8404
[Tracker] Ep  522 | AvgR 0.0002 | Global 0.8387 | Local 0.1022 | F1_macro 0.5173 | WorstLoss 2.6318
[Tracker] Ep  523 | AvgR 0.0002 | Global 0.9257 | Local 0.1558 | F1_macro 0.5177 | WorstLoss 2.3856
[Tracker] Ep  524 | AvgR 0.0002 | Global 0.8861 | Local 0.1280 | F1_macro 0.5152 | WorstLoss 2.5170
[Tracker] Ep  525 | AvgR 0.0002 | Global 0.8763 | Local 0.1640 | F1_macro 0.5032 | WorstLoss 2.5326
[Tracker] Saved snapshot: ep0525_phase1_class1
[Tracker] Ep  526 | AvgR 0.0002 | Global 0.7012 | Local 0.1298 | F1_macro 0.5188 | WorstLoss 2.6987
[Tracker] Ep  527 | AvgR 0.0002 | Global 0.9094 | Local 0.1653 | F1_macro 0.5140 | WorstLoss 2.4487
[Tracker] Ep  528 | AvgR 0.0002 | Global 0.5586 | Local 0.1520 | F1_macro 0.5159 | WorstLoss 2.7458
[Tracker] Ep  529 | AvgR 0.0002 | Global 0.8438 | Local 0.1891 | F1_macro 0.5064 | WorstLoss 2.5807
[Tracker] Ep  530 | AvgR 0.0002 | Global 0.9252 | Local 0.1175 | F1_macro 0.5250 | WorstLoss 2.3765
[Tracker] Saved snapshot: ep0530_phase1_class1
[Tracker] Ep  531 | AvgR 0.0002 | Global 0.8396 | Local 0.1505 | F1_macro 0.5061 | WorstLoss 2.5760
[Tracker] Ep  532 | AvgR 0.0002 | Global 0.7438 | Local 0.1895 | F1_macro 0.5090 | WorstLoss 2.6449
[Tracker] Ep  533 | AvgR 0.0002 | Global 0.8953 | Local 0.1479 | F1_macro 0.5220 | WorstLoss 2.5423
[Tracker] Ep  534 | AvgR 0.0002 | Global 0.7507 | Local 0.1468 | F1_macro 0.5069 | WorstLoss 2.6324
[Tracker] Ep  535 | AvgR 0.0002 | Global 0.9872 | Local 0.0932 | F1_macro 0.5304 | WorstLoss 2.3623
[Tracker] Saved snapshot: ep0535_phase1_class1
[Tracker] Ep  536 | AvgR 0.0002 | Global 0.9180 | Local 0.1063 | F1_macro 0.5276 | WorstLoss 2.4760
[Tracker] Ep  537 | AvgR 0.0002 | Global 0.9210 | Local 0.1551 | F1_macro 0.5197 | WorstLoss 2.3821
[Tracker] Ep  538 | AvgR 0.0003 | Global 0.9507 | Local 0.1652 | F1_macro 0.5288 | WorstLoss 2.2705
[Tracker] Ep  539 | AvgR 0.0001 | Global 0.4864 | Local 0.1524 | F1_macro 0.5104 | WorstLoss 2.7903
[Tracker] Ep  540 | AvgR 0.0002 | Global 0.5405 | Local 0.2143 | F1_macro 0.5058 | WorstLoss 2.7468
[Tracker] Saved snapshot: ep0540_phase1_class1
[Tracker] Ep  541 | AvgR 0.0002 | Global 0.7686 | Local 0.1537 | F1_macro 0.4997 | WorstLoss 2.6466
[Tracker] Ep  542 | AvgR 0.0002 | Global 0.7390 | Local 0.2270 | F1_macro 0.5159 | WorstLoss 2.6454
[Tracker] Ep  543 | AvgR 0.0002 | Global 0.6174 | Local 0.2214 | F1_macro 0.5004 | WorstLoss 2.7212
[Tracker] Ep  544 | AvgR 0.0002 | Global 0.5242 | Local 0.1472 | F1_macro 0.5032 | WorstLoss 2.7697
[Tracker] Ep  545 | AvgR 0.0003 | Global 0.9252 | Local 0.1986 | F1_macro 0.5091 | WorstLoss 2.5036
[Tracker] Saved snapshot: ep0545_phase1_class1
[Tracker] Ep  546 | AvgR 0.0002 | Global 0.7239 | Local 0.1294 | F1_macro 0.5184 | WorstLoss 2.6788
[Tracker] Ep  547 | AvgR 0.0002 | Global 0.7954 | Local 0.1553 | F1_macro 0.5182 | WorstLoss 2.6155
[Tracker] Ep  548 | AvgR 0.0002 | Global 0.8195 | Local 0.1603 | F1_macro 0.4999 | WorstLoss 2.5607
[Tracker] Ep  549 | AvgR 0.0002 | Global 0.9146 | Local 0.1313 | F1_macro 0.5236 | WorstLoss 2.5267
[Tracker] Ep  550 | AvgR 0.0001 | Global 0.4230 | Local 0.1461 | F1_macro 0.5118 | WorstLoss 2.8049
[Tracker] Saved snapshot: ep0550_phase1_class1
[Tracker] Ep  551 | AvgR 0.0002 | Global 0.6594 | Local 0.1536 | F1_macro 0.5082 | WorstLoss 2.7066
[Tracker] Ep  552 | AvgR 0.0002 | Global 0.4793 | Local 0.1967 | F1_macro 0.5018 | WorstLoss 2.7848
[Tracker] Ep  553 | AvgR 0.0002 | Global 0.5735 | Local 0.1817 | F1_macro 0.5062 | WorstLoss 2.7398
[Tracker] Ep  554 | AvgR 0.0002 | Global 0.8289 | Local 0.1627 | F1_macro 0.5194 | WorstLoss 2.5986
[Tracker] Ep  555 | AvgR 0.0002 | Global 0.8295 | Local 0.1379 | F1_macro 0.5035 | WorstLoss 2.5693
[Tracker] Saved snapshot: ep0555_phase1_class1
[Tracker] Ep  556 | AvgR 0.0002 | Global 0.6085 | Local 0.1744 | F1_macro 0.5204 | WorstLoss 2.7230
[Tracker] Ep  557 | AvgR 0.0002 | Global 0.8490 | Local 0.2084 | F1_macro 0.5083 | WorstLoss 2.5590
[Tracker] Ep  558 | AvgR 0.0002 | Global 0.7436 | Local 0.2093 | F1_macro 0.5178 | WorstLoss 2.6243
[Tracker] Ep  559 | AvgR 0.0001 | Global 0.2143 | Local 0.1733 | F1_macro 0.4855 | WorstLoss 2.9002
[Tracker] Ep  560 | AvgR 0.0002 | Global 0.8416 | Local 0.1388 | F1_macro 0.5079 | WorstLoss 2.5377
[Tracker] Saved snapshot: ep0560_phase1_class1
[Tracker] Ep  561 | AvgR 0.0002 | Global 0.8568 | Local 0.1772 | F1_macro 0.5098 | WorstLoss 2.5612
[Tracker] Ep  562 | AvgR 0.0001 | Global 0.2460 | Local 0.1576 | F1_macro 0.5039 | WorstLoss 2.8941
[Tracker] Ep  563 | AvgR 0.0003 | Global 0.9467 | Local 0.1583 | F1_macro 0.5273 | WorstLoss 2.4225
[Tracker] Ep  564 | AvgR 0.0001 | Global 0.1930 | Local 0.2009 | F1_macro 0.5046 | WorstLoss 2.9240
[Tracker] Ep  565 | AvgR 0.0002 | Global 0.8189 | Local 0.1550 | F1_macro 0.5187 | WorstLoss 2.6048
[Tracker] Saved snapshot: ep0565_phase1_class1
[Tracker] Ep  566 | AvgR 0.0002 | Global 0.5355 | Local 0.1621 | F1_macro 0.5089 | WorstLoss 2.7625
[Tracker] Ep  567 | AvgR 0.0002 | Global 0.8625 | Local 0.1833 | F1_macro 0.5261 | WorstLoss 2.5494
[Tracker] Ep  568 | AvgR 0.0002 | Global 0.6911 | Local 0.2253 | F1_macro 0.5122 | WorstLoss 2.6870
[Tracker] Ep  569 | AvgR 0.0001 | Global 0.2070 | Local 0.1924 | F1_macro 0.4875 | WorstLoss 2.9116
[Tracker] Ep  570 | AvgR 0.0002 | Global 0.7371 | Local 0.1737 | F1_macro 0.5062 | WorstLoss 2.6513
[Tracker] Saved snapshot: ep0570_phase1_class1
[Tracker] Ep  571 | AvgR 0.0002 | Global 0.9122 | Local 0.1540 | F1_macro 0.5142 | WorstLoss 2.4780
[Tracker] Ep  572 | AvgR 0.0002 | Global 0.5362 | Local 0.1769 | F1_macro 0.5017 | WorstLoss 2.7688
[Tracker] Ep  573 | AvgR 0.0002 | Global 0.8552 | Local 0.2167 | F1_macro 0.4979 | WorstLoss 2.5330
[Tracker] Ep  574 | AvgR 0.0002 | Global 0.8871 | Local 0.1857 | F1_macro 0.5075 | WorstLoss 2.2994
[Tracker] Ep  575 | AvgR 0.0002 | Global 0.9214 | Local 0.1518 | F1_macro 0.5227 | WorstLoss 2.3959
[Tracker] Saved snapshot: ep0575_phase1_class1
[Tracker] Ep  576 | AvgR 0.0002 | Global 0.7326 | Local 0.2259 | F1_macro 0.5244 | WorstLoss 2.6752
[Tracker] Ep  577 | AvgR 0.0002 | Global 0.7967 | Local 0.1501 | F1_macro 0.5131 | WorstLoss 2.5999
[Tracker] Ep  578 | AvgR 0.0002 | Global 0.8181 | Local 0.1681 | F1_macro 0.5313 | WorstLoss 2.6103
[Tracker] Ep  579 | AvgR 0.0002 | Global 0.7907 | Local 0.1885 | F1_macro 0.5121 | WorstLoss 2.6131
[Tracker] Ep  580 | AvgR 0.0002 | Global 0.9543 | Local 0.1112 | F1_macro 0.5162 | WorstLoss 2.2864
[Tracker] Saved snapshot: ep0580_phase1_class1
[Tracker] Ep  581 | AvgR 0.0002 | Global 0.7383 | Local 0.1867 | F1_macro 0.4990 | WorstLoss 2.6446
[Tracker] Ep  582 | AvgR 0.0002 | Global 0.8631 | Local 0.1320 | F1_macro 0.5208 | WorstLoss 2.5430
[Tracker] Ep  583 | AvgR 0.0002 | Global 0.8664 | Local 0.1447 | F1_macro 0.5227 | WorstLoss 2.5269
[Tracker] Ep  584 | AvgR 0.0002 | Global 0.7456 | Local 0.2045 | F1_macro 0.4998 | WorstLoss 2.6257
[Tracker] Ep  585 | AvgR 0.0002 | Global 0.9235 | Local 0.1338 | F1_macro 0.5014 | WorstLoss 2.4759
[Tracker] Saved snapshot: ep0585_phase1_class1
[Tracker] Ep  586 | AvgR 0.0002 | Global 0.8420 | Local 0.1607 | F1_macro 0.5347 | WorstLoss 2.5910
[Tracker] Ep  587 | AvgR 0.0002 | Global 0.9109 | Local 0.1200 | F1_macro 0.5070 | WorstLoss 2.4559
[Tracker] Ep  588 | AvgR 0.0002 | Global 0.6773 | Local 0.1963 | F1_macro 0.4937 | WorstLoss 2.6816
[Tracker] Ep  589 | AvgR 0.0003 | Global 0.8930 | Local 0.1843 | F1_macro 0.5185 | WorstLoss 2.4508
[Tracker] Ep  590 | AvgR 0.0003 | Global 0.9422 | Local 0.1746 | F1_macro 0.5243 | WorstLoss 2.4067
[Tracker] Saved snapshot: ep0590_phase1_class1
[Tracker] Ep  591 | AvgR 0.0002 | Global 0.5840 | Local 0.1663 | F1_macro 0.5077 | WorstLoss 2.7411
[Tracker] Ep  592 | AvgR 0.0002 | Global 0.5788 | Local 0.1575 | F1_macro 0.4992 | WorstLoss 2.7443
[Tracker] Ep  593 | AvgR 0.0003 | Global 0.8891 | Local 0.1975 | F1_macro 0.5112 | WorstLoss 2.5039
[Tracker] Ep  594 | AvgR 0.0003 | Global 0.9033 | Local 0.2255 | F1_macro 0.5088 | WorstLoss 2.3592
[Tracker] Ep  595 | AvgR 0.0001 | Global 0.4373 | Local 0.1605 | F1_macro 0.5084 | WorstLoss 2.8066
[Tracker] Saved snapshot: ep0595_phase1_class1
[Tracker] Ep  596 | AvgR 0.0002 | Global 0.7590 | Local 0.2118 | F1_macro 0.4960 | WorstLoss 2.6419
[Tracker] Ep  597 | AvgR 0.0001 | Global 0.3977 | Local 0.2019 | F1_macro 0.4999 | WorstLoss 2.8147
[Tracker] Ep  598 | AvgR 0.0003 | Global 0.9406 | Local 0.1581 | F1_macro 0.5344 | WorstLoss 2.4165
[Tracker] Ep  599 | AvgR 0.0002 | Global 0.9021 | Local 0.1296 | F1_macro 0.5168 | WorstLoss 2.5210
[Tracker] Ep  600 | AvgR 0.0002 | Global 0.8195 | Local 0.1811 | F1_macro 0.5094 | WorstLoss 2.6096
[Tracker] Saved snapshot: ep0600_phase1_class1
[Tracker] Ep  601 | AvgR 0.0001 | Global 0.2253 | Local 0.1970 | F1_macro 0.4891 | WorstLoss 2.8983
[Tracker] Ep  602 | AvgR 0.0002 | Global 0.8139 | Local 0.1846 | F1_macro 0.5130 | WorstLoss 2.6408
[Tracker] Ep  603 | AvgR 0.0003 | Global 0.9134 | Local 0.1795 | F1_macro 0.5295 | WorstLoss 2.4604
[Tracker] Ep  604 | AvgR 0.0002 | Global 0.8043 | Local 0.1804 | F1_macro 0.5031 | WorstLoss 2.5183
[Tracker] Ep  605 | AvgR 0.0002 | Global 0.8504 | Local 0.1833 | F1_macro 0.4933 | WorstLoss 2.5262
[Tracker] Saved snapshot: ep0605_phase1_class1
[Tracker] Ep  606 | AvgR 0.0002 | Global 0.8342 | Local 0.1916 | F1_macro 0.5192 | WorstLoss 2.5686
[Tracker] Ep  607 | AvgR 0.0002 | Global 0.9352 | Local 0.1367 | F1_macro 0.5243 | WorstLoss 2.4095
[Tracker] Ep  608 | AvgR 0.0002 | Global 0.8314 | Local 0.1650 | F1_macro 0.4955 | WorstLoss 2.5881
[Tracker] Ep  609 | AvgR 0.0002 | Global 0.5376 | Local 0.2048 | F1_macro 0.4947 | WorstLoss 2.7666
[Tracker] Ep  610 | AvgR 0.0002 | Global 0.8722 | Local 0.1763 | F1_macro 0.5209 | WorstLoss 2.4604
[Tracker] Saved snapshot: ep0610_phase1_class1
[Tracker] Ep  611 | AvgR 0.0002 | Global 0.7892 | Local 0.1880 | F1_macro 0.4945 | WorstLoss 2.5511
[Tracker] Ep  612 | AvgR 0.0002 | Global 0.9110 | Local 0.1316 | F1_macro 0.5183 | WorstLoss 2.4522
[Tracker] Ep  613 | AvgR 0.0003 | Global 0.8803 | Local 0.2109 | F1_macro 0.5201 | WorstLoss 2.4624
[Tracker] Ep  614 | AvgR 0.0002 | Global 0.5457 | Local 0.1806 | F1_macro 0.5079 | WorstLoss 2.7463
[Tracker] Ep  615 | AvgR 0.0003 | Global 0.9042 | Local 0.1682 | F1_macro 0.5124 | WorstLoss 2.4832
[Tracker] Saved snapshot: ep0615_phase1_class1
[Tracker] Ep  616 | AvgR 0.0002 | Global 0.8550 | Local 0.1389 | F1_macro 0.4986 | WorstLoss 2.5160
[Tracker] Ep  617 | AvgR 0.0003 | Global 0.9466 | Local 0.1477 | F1_macro 0.5194 | WorstLoss 2.4846
[Tracker] Ep  618 | AvgR 0.0003 | Global 0.9334 | Local 0.1826 | F1_macro 0.4937 | WorstLoss 2.3778
[Tracker] Ep  619 | AvgR 0.0002 | Global 0.6986 | Local 0.1923 | F1_macro 0.5015 | WorstLoss 2.6721
[Tracker] Ep  620 | AvgR 0.0001 | Global 0.3090 | Local 0.2104 | F1_macro 0.4887 | WorstLoss 2.8570
[Tracker] Saved snapshot: ep0620_phase1_class1
[Tracker] Ep  621 | AvgR 0.0002 | Global 0.5409 | Local 0.2242 | F1_macro 0.4912 | WorstLoss 2.7526
[Tracker] Ep  622 | AvgR 0.0002 | Global 0.7832 | Local 0.1323 | F1_macro 0.4911 | WorstLoss 2.6227
[Tracker] Ep  623 | AvgR 0.0002 | Global 0.6952 | Local 0.1931 | F1_macro 0.5007 | WorstLoss 2.6742
[Tracker] Ep  624 | AvgR 0.0003 | Global 0.8867 | Local 0.1939 | F1_macro 0.5153 | WorstLoss 2.4445
[Tracker] Ep  625 | AvgR 0.0002 | Global 0.8891 | Local 0.1563 | F1_macro 0.5216 | WorstLoss 2.4785
[Tracker] Saved snapshot: ep0625_phase1_class1
[Tracker] Ep  626 | AvgR 0.0002 | Global 0.8712 | Local 0.1870 | F1_macro 0.5090 | WorstLoss 2.4747
[Tracker] Ep  627 | AvgR 0.0002 | Global 0.6904 | Local 0.1972 | F1_macro 0.5008 | WorstLoss 2.6820
[Tracker] Ep  628 | AvgR 0.0002 | Global 0.5045 | Local 0.1998 | F1_macro 0.4967 | WorstLoss 2.7719
[Tracker] Ep  629 | AvgR 0.0002 | Global 0.6560 | Local 0.1917 | F1_macro 0.4912 | WorstLoss 2.7039
[Tracker] Ep  630 | AvgR 0.0002 | Global 0.6907 | Local 0.2106 | F1_macro 0.5187 | WorstLoss 2.6743
[Tracker] Saved snapshot: ep0630_phase1_class1
[Tracker] Ep  631 | AvgR 0.0002 | Global 0.8517 | Local 0.1607 | F1_macro 0.4990 | WorstLoss 2.5216
[Tracker] Ep  632 | AvgR 0.0001 | Global 0.1977 | Local 0.1666 | F1_macro 0.4877 | WorstLoss 2.9224
[Tracker] Ep  633 | AvgR 0.0003 | Global 0.8651 | Local 0.1951 | F1_macro 0.5008 | WorstLoss 2.3099
[Tracker] Ep  634 | AvgR 0.0002 | Global 0.4969 | Local 0.2130 | F1_macro 0.5053 | WorstLoss 2.7821
[Tracker] Ep  635 | AvgR 0.0003 | Global 0.8934 | Local 0.1725 | F1_macro 0.5060 | WorstLoss 2.4759
[Tracker] Saved snapshot: ep0635_phase1_class1
[Tracker] Ep  636 | AvgR 0.0003 | Global 0.8886 | Local 0.1911 | F1_macro 0.5276 | WorstLoss 2.4647
[Tracker] Ep  637 | AvgR 0.0002 | Global 0.7885 | Local 0.1983 | F1_macro 0.4900 | WorstLoss 2.5088
[Tracker] Ep  638 | AvgR 0.0003 | Global 0.9417 | Local 0.1792 | F1_macro 0.5221 | WorstLoss 2.4106
[Tracker] Ep  639 | AvgR 0.0002 | Global 0.8806 | Local 0.1477 | F1_macro 0.5012 | WorstLoss 2.5439
[Tracker] Ep  640 | AvgR 0.0002 | Global 0.8678 | Local 0.1523 | F1_macro 0.4940 | WorstLoss 2.5426
[Tracker] Saved snapshot: ep0640_phase1_class1
[Tracker] Ep  641 | AvgR 0.0002 | Global 0.8720 | Local 0.1634 | F1_macro 0.5027 | WorstLoss 2.5511
[Tracker] Ep  642 | AvgR 0.0003 | Global 0.9457 | Local 0.1946 | F1_macro 0.4987 | WorstLoss 2.1919
[Tracker] Ep  643 | AvgR 0.0003 | Global 0.7846 | Local 0.2773 | F1_macro 0.4953 | WorstLoss 2.5930
[Tracker] Ep  644 | AvgR 0.0003 | Global 0.8765 | Local 0.1894 | F1_macro 0.5054 | WorstLoss 2.4575
[Tracker] Ep  645 | AvgR 0.0002 | Global 0.5794 | Local 0.2065 | F1_macro 0.4759 | WorstLoss 2.6916
[Tracker] Saved snapshot: ep0645_phase1_class1
[Tracker] Ep  646 | AvgR 0.0002 | Global 0.8137 | Local 0.1741 | F1_macro 0.4927 | WorstLoss 2.5786
[Tracker] Ep  647 | AvgR 0.0002 | Global 0.6646 | Local 0.2535 | F1_macro 0.4839 | WorstLoss 2.6482
[Tracker] Ep  648 | AvgR 0.0002 | Global 0.7144 | Local 0.1473 | F1_macro 0.4905 | WorstLoss 2.6353
[Tracker] Ep  649 | AvgR 0.0001 | Global 0.1567 | Local 0.2082 | F1_macro 0.4994 | WorstLoss 2.9430
[Tracker] Ep  650 | AvgR 0.0002 | Global 0.8011 | Local 0.1912 | F1_macro 0.4914 | WorstLoss 2.5335
[Tracker] Saved snapshot: ep0650_phase1_class1
[Tracker] Ep  651 | AvgR 0.0002 | Global 0.7845 | Local 0.2481 | F1_macro 0.4907 | WorstLoss 2.5767
[Tracker] Ep  652 | AvgR 0.0002 | Global 0.5868 | Local 0.2318 | F1_macro 0.5004 | WorstLoss 2.7315
[Tracker] Ep  653 | AvgR 0.0003 | Global 0.8895 | Local 0.2100 | F1_macro 0.5013 | WorstLoss 2.4168
[Tracker] Ep  654 | AvgR 0.0002 | Global 0.8452 | Local 0.1655 | F1_macro 0.4969 | WorstLoss 2.4770
[Tracker] Ep  655 | AvgR 0.0002 | Global 0.6678 | Local 0.2103 | F1_macro 0.5007 | WorstLoss 2.6831
[Tracker] Saved snapshot: ep0655_phase1_class1
[Tracker] Ep  656 | AvgR 0.0002 | Global 0.5585 | Local 0.2385 | F1_macro 0.4889 | WorstLoss 2.7336
[Tracker] Ep  657 | AvgR 0.0002 | Global 0.5983 | Local 0.2619 | F1_macro 0.4965 | WorstLoss 2.7159
[Tracker] Ep  658 | AvgR 0.0003 | Global 0.9320 | Local 0.1884 | F1_macro 0.5083 | WorstLoss 2.0478
[Tracker] Ep  659 | AvgR 0.0003 | Global 0.8678 | Local 0.2207 | F1_macro 0.4991 | WorstLoss 2.3026
[Tracker] Ep  660 | AvgR 0.0003 | Global 0.8426 | Local 0.2785 | F1_macro 0.4868 | WorstLoss 2.4178
[Tracker] Saved snapshot: ep0660_phase1_class1
[Tracker] Ep  661 | AvgR 0.0001 | Global 0.2881 | Local 0.2206 | F1_macro 0.4943 | WorstLoss 2.8668
[Tracker] Ep  662 | AvgR 0.0002 | Global 0.7794 | Local 0.2079 | F1_macro 0.4997 | WorstLoss 2.6073
[Tracker] Ep  663 | AvgR 0.0003 | Global 0.8694 | Local 0.2233 | F1_macro 0.4981 | WorstLoss 2.4322
[Tracker] Ep  664 | AvgR 0.0003 | Global 0.9234 | Local 0.1768 | F1_macro 0.4996 | WorstLoss 2.2990
[Tracker] Ep  665 | AvgR 0.0002 | Global 0.7564 | Local 0.2674 | F1_macro 0.4882 | WorstLoss 2.6241
[Tracker] Saved snapshot: ep0665_phase1_class1
[Tracker] Ep  666 | AvgR 0.0002 | Global 0.3437 | Local 0.2742 | F1_macro 0.5008 | WorstLoss 2.8301
[Tracker] Ep  667 | AvgR 0.0003 | Global 0.8904 | Local 0.2182 | F1_macro 0.5063 | WorstLoss 2.3889
[Tracker] Ep  668 | AvgR 0.0002 | Global 0.4547 | Local 0.1860 | F1_macro 0.4917 | WorstLoss 2.7758
[Tracker] Ep  669 | AvgR 0.0002 | Global 0.7925 | Local 0.2326 | F1_macro 0.4863 | WorstLoss 2.5639
[Tracker] Ep  670 | AvgR 0.0003 | Global 0.9208 | Local 0.2326 | F1_macro 0.5001 | WorstLoss 2.3338
[Tracker] Saved snapshot: ep0670_phase1_class1
[Tracker] Ep  671 | AvgR 0.0003 | Global 0.8852 | Local 0.2697 | F1_macro 0.4990 | WorstLoss 2.4049
[Tracker] Ep  672 | AvgR 0.0003 | Global 0.9196 | Local 0.1992 | F1_macro 0.5093 | WorstLoss 2.3801
[Tracker] Ep  673 | AvgR 0.0002 | Global 0.6540 | Local 0.2526 | F1_macro 0.4957 | WorstLoss 2.6792
[Tracker] Ep  674 | AvgR 0.0002 | Global 0.7074 | Local 0.2149 | F1_macro 0.5029 | WorstLoss 2.6551
[Tracker] Ep  675 | AvgR 0.0003 | Global 0.8823 | Local 0.2563 | F1_macro 0.4964 | WorstLoss 2.5199
[Tracker] Saved snapshot: ep0675_phase1_class1
[Tracker] Ep  676 | AvgR 0.0003 | Global 0.8476 | Local 0.2167 | F1_macro 0.4883 | WorstLoss 2.5462
[Tracker] Ep  677 | AvgR 0.0003 | Global 0.8499 | Local 0.2762 | F1_macro 0.4831 | WorstLoss 2.1895
[Tracker] Ep  678 | AvgR 0.0002 | Global 0.7873 | Local 0.2082 | F1_macro 0.5008 | WorstLoss 2.5984
[Tracker] Ep  679 | AvgR 0.0003 | Global 0.8973 | Local 0.2960 | F1_macro 0.4956 | WorstLoss 2.1215
[Tracker] Ep  680 | AvgR 0.0002 | Global 0.6248 | Local 0.2774 | F1_macro 0.4946 | WorstLoss 2.6851
[Tracker] Saved snapshot: ep0680_phase1_class1
[Tracker] Ep  681 | AvgR 0.0003 | Global 0.8193 | Local 0.2513 | F1_macro 0.4901 | WorstLoss 2.5392
[Tracker] Ep  682 | AvgR 0.0003 | Global 0.8008 | Local 0.2864 | F1_macro 0.4972 | WorstLoss 2.2764
[Tracker] Ep  683 | AvgR 0.0003 | Global 0.8653 | Local 0.2130 | F1_macro 0.4991 | WorstLoss 2.5010
[Tracker] Ep  684 | AvgR 0.0003 | Global 0.8126 | Local 0.2746 | F1_macro 0.4963 | WorstLoss 2.4895
[Tracker] Ep  685 | AvgR 0.0003 | Global 0.7998 | Local 0.2800 | F1_macro 0.4849 | WorstLoss 2.4655
[Tracker] Saved snapshot: ep0685_phase1_class1
[Tracker] Ep  686 | AvgR 0.0003 | Global 0.8926 | Local 0.2199 | F1_macro 0.4908 | WorstLoss 2.2216
[Tracker] Ep  687 | AvgR 0.0003 | Global 0.8739 | Local 0.2265 | F1_macro 0.4989 | WorstLoss 2.2177
[Tracker] Ep  688 | AvgR 0.0003 | Global 0.8011 | Local 0.2693 | F1_macro 0.4941 | WorstLoss 2.5413
[Tracker] Ep  689 | AvgR 0.0003 | Global 0.9250 | Local 0.2599 | F1_macro 0.4951 | WorstLoss 2.1994
[Tracker] Ep  690 | AvgR 0.0002 | Global 0.8223 | Local 0.1772 | F1_macro 0.4922 | WorstLoss 2.5212
[Tracker] Saved snapshot: ep0690_phase1_class1
[Tracker] Ep  691 | AvgR 0.0002 | Global 0.7122 | Local 0.2461 | F1_macro 0.4881 | WorstLoss 2.6070
[Tracker] Ep  692 | AvgR 0.0002 | Global 0.8221 | Local 0.1920 | F1_macro 0.4982 | WorstLoss 2.5451
[Tracker] Ep  693 | AvgR 0.0002 | Global 0.6079 | Local 0.2310 | F1_macro 0.4895 | WorstLoss 2.6987
[Tracker] Ep  694 | AvgR 0.0003 | Global 0.8570 | Local 0.2550 | F1_macro 0.4951 | WorstLoss 2.3930
[Tracker] Ep  695 | AvgR 0.0003 | Global 0.9029 | Local 0.2198 | F1_macro 0.4975 | WorstLoss 2.3775
[Tracker] Saved snapshot: ep0695_phase1_class1
[Tracker] Ep  696 | AvgR 0.0003 | Global 0.8542 | Local 0.2606 | F1_macro 0.4909 | WorstLoss 2.4233
[Tracker] Ep  697 | AvgR 0.0002 | Global 0.7370 | Local 0.2240 | F1_macro 0.4959 | WorstLoss 2.5577
[Tracker] Ep  698 | AvgR 0.0003 | Global 0.8818 | Local 0.2670 | F1_macro 0.4957 | WorstLoss 2.1485
[Tracker] Ep  699 | AvgR 0.0003 | Global 0.8585 | Local 0.1958 | F1_macro 0.4949 | WorstLoss 2.1556
[Tracker] Ep  700 | AvgR 0.0003 | Global 0.8327 | Local 0.2353 | F1_macro 0.4948 | WorstLoss 2.3961
[Tracker] Saved snapshot: ep0700_phase1_class1
[Tracker] Ep  701 | AvgR 0.0003 | Global 0.8531 | Local 0.3056 | F1_macro 0.4872 | WorstLoss 2.3074
[Tracker] Ep  702 | AvgR 0.0002 | Global 0.7780 | Local 0.1874 | F1_macro 0.4974 | WorstLoss 2.5746
[Tracker] Ep  703 | AvgR 0.0003 | Global 0.9481 | Local 0.2297 | F1_macro 0.4968 | WorstLoss 2.1839
[Tracker] Ep  704 | AvgR 0.0003 | Global 0.9113 | Local 0.2038 | F1_macro 0.4917 | WorstLoss 2.2272
[Tracker] Ep  705 | AvgR 0.0003 | Global 0.8973 | Local 0.2423 | F1_macro 0.4966 | WorstLoss 2.2317
[Tracker] Saved snapshot: ep0705_phase1_class1
[Tracker] Ep  706 | AvgR 0.0003 | Global 0.8638 | Local 0.2532 | F1_macro 0.4936 | WorstLoss 2.4405
[Tracker] Ep  707 | AvgR 0.0002 | Global 0.8123 | Local 0.1941 | F1_macro 0.4855 | WorstLoss 2.3908
[Tracker] Ep  708 | AvgR 0.0002 | Global 0.7595 | Local 0.1863 | F1_macro 0.4969 | WorstLoss 2.6245
[Tracker] Ep  709 | AvgR 0.0003 | Global 0.8880 | Local 0.2740 | F1_macro 0.4956 | WorstLoss 2.3998
[Tracker] Ep  710 | AvgR 0.0002 | Global 0.5669 | Local 0.2562 | F1_macro 0.4882 | WorstLoss 2.7107
[Tracker] Saved snapshot: ep0710_phase1_class1
[Tracker] Ep  711 | AvgR 0.0003 | Global 0.9374 | Local 0.2275 | F1_macro 0.5009 | WorstLoss 2.0843
[Tracker] Ep  712 | AvgR 0.0003 | Global 0.7652 | Local 0.2938 | F1_macro 0.4872 | WorstLoss 2.5883
[Tracker] Ep  713 | AvgR 0.0003 | Global 0.8243 | Local 0.2250 | F1_macro 0.4966 | WorstLoss 2.5251
[Tracker] Ep  714 | AvgR 0.0003 | Global 0.8564 | Local 0.2505 | F1_macro 0.5025 | WorstLoss 2.3843
[Tracker] Ep  715 | AvgR 0.0003 | Global 0.8606 | Local 0.2293 | F1_macro 0.4883 | WorstLoss 2.2658
[Tracker] Saved snapshot: ep0715_phase1_class1
[Tracker] Ep  716 | AvgR 0.0003 | Global 0.8755 | Local 0.2514 | F1_macro 0.4982 | WorstLoss 2.2183
[Tracker] Ep  717 | AvgR 0.0003 | Global 0.8100 | Local 0.2621 | F1_macro 0.4970 | WorstLoss 2.4979
[Tracker] Ep  718 | AvgR 0.0003 | Global 0.8640 | Local 0.2439 | F1_macro 0.4997 | WorstLoss 2.3974
[Tracker] Ep  719 | AvgR 0.0003 | Global 0.9261 | Local 0.1986 | F1_macro 0.5069 | WorstLoss 2.1039
[Tracker] Ep  720 | AvgR 0.0003 | Global 0.8724 | Local 0.2588 | F1_macro 0.4848 | WorstLoss 2.2799
[Tracker] Saved snapshot: ep0720_phase1_class1
[Tracker] Ep  721 | AvgR 0.0003 | Global 0.8165 | Local 0.2937 | F1_macro 0.4945 | WorstLoss 2.4149
[Tracker] Ep  722 | AvgR 0.0003 | Global 0.8376 | Local 0.1893 | F1_macro 0.4893 | WorstLoss 2.2727
[Tracker] Ep  723 | AvgR 0.0003 | Global 0.8438 | Local 0.2716 | F1_macro 0.4900 | WorstLoss 2.3561
[Tracker] Ep  724 | AvgR 0.0003 | Global 0.8938 | Local 0.2443 | F1_macro 0.4926 | WorstLoss 2.2839
[Tracker] Ep  725 | AvgR 0.0003 | Global 0.8973 | Local 0.2129 | F1_macro 0.4943 | WorstLoss 2.1814
[Tracker] Saved snapshot: ep0725_phase1_class1
[Tracker] Ep  726 | AvgR 0.0002 | Global 0.4571 | Local 0.2700 | F1_macro 0.4882 | WorstLoss 2.7858
[Tracker] Ep  727 | AvgR 0.0003 | Global 0.9045 | Local 0.2213 | F1_macro 0.5036 | WorstLoss 2.2737
[Tracker] Ep  728 | AvgR 0.0003 | Global 0.7720 | Local 0.2771 | F1_macro 0.4938 | WorstLoss 2.4888
[Tracker] Ep  729 | AvgR 0.0003 | Global 0.8607 | Local 0.2258 | F1_macro 0.4908 | WorstLoss 2.3705
[Tracker] Ep  730 | AvgR 0.0003 | Global 0.8614 | Local 0.2459 | F1_macro 0.4933 | WorstLoss 2.3595
[Tracker] Saved snapshot: ep0730_phase1_class1
[Tracker] Ep  731 | AvgR 0.0002 | Global 0.7600 | Local 0.2200 | F1_macro 0.4888 | WorstLoss 2.5943
[Tracker] Ep  732 | AvgR 0.0003 | Global 0.7745 | Local 0.2768 | F1_macro 0.4918 | WorstLoss 2.5535
[Tracker] Ep  733 | AvgR 0.0002 | Global 0.7194 | Local 0.2404 | F1_macro 0.4982 | WorstLoss 2.6196
[Tracker] Ep  734 | AvgR 0.0003 | Global 0.8518 | Local 0.2740 | F1_macro 0.4851 | WorstLoss 2.2811
[Tracker] Ep  735 | AvgR 0.0003 | Global 0.7954 | Local 0.2901 | F1_macro 0.4886 | WorstLoss 2.4878
[Tracker] Saved snapshot: ep0735_phase1_class1
[Tracker] Ep  736 | AvgR 0.0003 | Global 0.8631 | Local 0.2521 | F1_macro 0.4966 | WorstLoss 2.3673
[Tracker] Ep  737 | AvgR 0.0002 | Global 0.7170 | Local 0.2029 | F1_macro 0.4983 | WorstLoss 2.6262
[Tracker] Ep  738 | AvgR 0.0003 | Global 0.8699 | Local 0.1947 | F1_macro 0.4936 | WorstLoss 2.2628
[Tracker] Ep  739 | AvgR 0.0003 | Global 0.8880 | Local 0.2916 | F1_macro 0.4920 | WorstLoss 2.2826
[Tracker] Ep  740 | AvgR 0.0002 | Global 0.7670 | Local 0.2325 | F1_macro 0.5013 | WorstLoss 2.5287
[Tracker] Saved snapshot: ep0740_phase1_class1
[Tracker] Ep  741 | AvgR 0.0003 | Global 0.7602 | Local 0.2743 | F1_macro 0.4904 | WorstLoss 2.5804
[Tracker] Ep  742 | AvgR 0.0003 | Global 0.8389 | Local 0.2027 | F1_macro 0.4939 | WorstLoss 2.4809
[Tracker] Ep  743 | AvgR 0.0003 | Global 0.8852 | Local 0.2267 | F1_macro 0.4950 | WorstLoss 2.3037
[Tracker] Ep  744 | AvgR 0.0003 | Global 0.8445 | Local 0.2345 | F1_macro 0.4866 | WorstLoss 2.2587
[Tracker] Ep  745 | AvgR 0.0003 | Global 0.8102 | Local 0.2401 | F1_macro 0.4921 | WorstLoss 2.5252
[Tracker] Saved snapshot: ep0745_phase1_class1
[Tracker] Ep  746 | AvgR 0.0003 | Global 0.8631 | Local 0.2510 | F1_macro 0.4818 | WorstLoss 2.3667
[Tracker] Ep  747 | AvgR 0.0003 | Global 0.8110 | Local 0.2862 | F1_macro 0.4802 | WorstLoss 2.3954
[Tracker] Ep  748 | AvgR 0.0003 | Global 0.8153 | Local 0.2323 | F1_macro 0.4913 | WorstLoss 2.4672
[Tracker] Ep  749 | AvgR 0.0003 | Global 0.7690 | Local 0.3397 | F1_macro 0.4783 | WorstLoss 2.4096
[Tracker] Ep  750 | AvgR 0.0002 | Global 0.7035 | Local 0.2383 | F1_macro 0.4923 | WorstLoss 2.5953
[Tracker] Saved snapshot: ep0750_phase1_class1
[Tracker] Ep  751 | AvgR 0.0002 | Global 0.6876 | Local 0.2295 | F1_macro 0.4852 | WorstLoss 2.5721
[Tracker] Ep  752 | AvgR 0.0002 | Global 0.7445 | Local 0.2645 | F1_macro 0.4952 | WorstLoss 2.4350
[Tracker] Ep  753 | AvgR 0.0003 | Global 0.7854 | Local 0.2626 | F1_macro 0.4790 | WorstLoss 2.4544
[Tracker] Ep  754 | AvgR 0.0003 | Global 0.8728 | Local 0.2589 | F1_macro 0.4846 | WorstLoss 2.3261
[Tracker] Ep  755 | AvgR 0.0002 | Global 0.6832 | Local 0.3087 | F1_macro 0.4823 | WorstLoss 2.5910
[Tracker] Saved snapshot: ep0755_phase1_class1
[Tracker] Ep  756 | AvgR 0.0003 | Global 0.8153 | Local 0.2619 | F1_macro 0.4919 | WorstLoss 2.3923
[Tracker] Ep  757 | AvgR 0.0003 | Global 0.8847 | Local 0.3039 | F1_macro 0.5008 | WorstLoss 2.3811
[Tracker] Ep  758 | AvgR 0.0002 | Global 0.6578 | Local 0.2392 | F1_macro 0.4831 | WorstLoss 2.6615
[Tracker] Ep  759 | AvgR 0.0002 | Global 0.4335 | Local 0.2523 | F1_macro 0.4955 | WorstLoss 2.7710
[Tracker] Ep  760 | AvgR 0.0003 | Global 0.8984 | Local 0.2350 | F1_macro 0.4998 | WorstLoss 2.1632
[Tracker] Saved snapshot: ep0760_phase1_class1
[Tracker] Ep  761 | AvgR 0.0003 | Global 0.9185 | Local 0.2821 | F1_macro 0.5007 | WorstLoss 2.2584
[Tracker] Ep  762 | AvgR 0.0002 | Global 0.7169 | Local 0.2863 | F1_macro 0.4868 | WorstLoss 2.6018
[Tracker] Ep  763 | AvgR 0.0003 | Global 0.8950 | Local 0.2606 | F1_macro 0.4981 | WorstLoss 2.2347
[Tracker] Ep  764 | AvgR 0.0003 | Global 0.7706 | Local 0.2747 | F1_macro 0.4810 | WorstLoss 2.4993
[Tracker] Ep  765 | AvgR 0.0003 | Global 0.7766 | Local 0.2404 | F1_macro 0.4965 | WorstLoss 2.5300
[Tracker] Saved snapshot: ep0765_phase1_class1
[Tracker] Ep  766 | AvgR 0.0003 | Global 0.7685 | Local 0.2786 | F1_macro 0.4838 | WorstLoss 2.4157
[Tracker] Ep  767 | AvgR 0.0002 | Global 0.5536 | Local 0.2588 | F1_macro 0.4864 | WorstLoss 2.6992
[Tracker] Ep  768 | AvgR 0.0003 | Global 0.7593 | Local 0.2899 | F1_macro 0.4963 | WorstLoss 2.5039
[Tracker] Ep  769 | AvgR 0.0003 | Global 0.8699 | Local 0.2231 | F1_macro 0.4917 | WorstLoss 2.3057
[Tracker] Ep  770 | AvgR 0.0003 | Global 0.8616 | Local 0.2886 | F1_macro 0.4905 | WorstLoss 2.3697
[Tracker] Saved snapshot: ep0770_phase1_class1
[Tracker] Ep  771 | AvgR 0.0002 | Global 0.7187 | Local 0.2449 | F1_macro 0.4931 | WorstLoss 2.5779
[Tracker] Ep  772 | AvgR 0.0003 | Global 0.7881 | Local 0.3095 | F1_macro 0.4833 | WorstLoss 2.4006
[Tracker] Ep  773 | AvgR 0.0003 | Global 0.8125 | Local 0.2664 | F1_macro 0.4905 | WorstLoss 2.4548
[Tracker] Ep  774 | AvgR 0.0003 | Global 0.8957 | Local 0.2194 | F1_macro 0.4996 | WorstLoss 2.3047
[Tracker] Ep  775 | AvgR 0.0002 | Global 0.7459 | Local 0.2284 | F1_macro 0.4922 | WorstLoss 2.6330
[Tracker] Saved snapshot: ep0775_phase1_class1
[Tracker] Ep  776 | AvgR 0.0002 | Global 0.7368 | Local 0.2435 | F1_macro 0.4984 | WorstLoss 2.6164
[Tracker] Ep  777 | AvgR 0.0003 | Global 0.8548 | Local 0.2078 | F1_macro 0.4890 | WorstLoss 2.2698
[Tracker] Ep  778 | AvgR 0.0003 | Global 0.8173 | Local 0.2747 | F1_macro 0.4859 | WorstLoss 2.3399
[Tracker] Ep  779 | AvgR 0.0003 | Global 0.8219 | Local 0.2826 | F1_macro 0.5007 | WorstLoss 2.5344
[Tracker] Ep  780 | AvgR 0.0003 | Global 0.7970 | Local 0.2427 | F1_macro 0.4923 | WorstLoss 2.4432
[Tracker] Saved snapshot: ep0780_phase1_class1
[Tracker] Ep  781 | AvgR 0.0003 | Global 0.8412 | Local 0.2568 | F1_macro 0.4941 | WorstLoss 2.3735
[Tracker] Ep  782 | AvgR 0.0003 | Global 0.8301 | Local 0.2145 | F1_macro 0.4931 | WorstLoss 2.3363
[Tracker] Ep  783 | AvgR 0.0003 | Global 0.8040 | Local 0.2823 | F1_macro 0.4803 | WorstLoss 2.4387
[Tracker] Ep  784 | AvgR 0.0002 | Global 0.7678 | Local 0.2036 | F1_macro 0.4842 | WorstLoss 2.4213
[Tracker] Ep  785 | AvgR 0.0003 | Global 0.8614 | Local 0.2650 | F1_macro 0.4888 | WorstLoss 2.2105
[Tracker] Saved snapshot: ep0785_phase1_class1
[Tracker] Ep  786 | AvgR 0.0003 | Global 0.7424 | Local 0.3002 | F1_macro 0.4855 | WorstLoss 2.4619
[Tracker] Ep  787 | AvgR 0.0003 | Global 0.8577 | Local 0.2387 | F1_macro 0.5011 | WorstLoss 2.3051
[Tracker] Ep  788 | AvgR 0.0003 | Global 0.8008 | Local 0.2938 | F1_macro 0.4944 | WorstLoss 2.1787
[Tracker] Ep  789 | AvgR 0.0003 | Global 0.8216 | Local 0.2719 | F1_macro 0.4877 | WorstLoss 2.2999
[Tracker] Ep  790 | AvgR 0.0003 | Global 0.8306 | Local 0.2965 | F1_macro 0.4824 | WorstLoss 2.1782
[Tracker] Saved snapshot: ep0790_phase1_class1
[Tracker] Ep  791 | AvgR 0.0003 | Global 0.8168 | Local 0.2886 | F1_macro 0.5076 | WorstLoss 2.5196
[Tracker] Ep  792 | AvgR 0.0003 | Global 0.8044 | Local 0.3014 | F1_macro 0.4836 | WorstLoss 2.3646
[Tracker] Ep  793 | AvgR 0.0003 | Global 0.8171 | Local 0.2053 | F1_macro 0.4882 | WorstLoss 2.2940
[Tracker] Ep  794 | AvgR 0.0003 | Global 0.8126 | Local 0.2235 | F1_macro 0.4900 | WorstLoss 2.5112
[Tracker] Ep  795 | AvgR 0.0002 | Global 0.7796 | Local 0.2148 | F1_macro 0.5047 | WorstLoss 2.5300
[Tracker] Saved snapshot: ep0795_phase1_class1
[Tracker] Ep  796 | AvgR 0.0002 | Global 0.6021 | Local 0.2706 | F1_macro 0.4849 | WorstLoss 2.6859
[Tracker] Ep  797 | AvgR 0.0002 | Global 0.6760 | Local 0.2445 | F1_macro 0.5056 | WorstLoss 2.6535
[Tracker] Ep  798 | AvgR 0.0003 | Global 0.8660 | Local 0.2258 | F1_macro 0.5142 | WorstLoss 2.3575
[Tracker] Ep  799 | AvgR 0.0003 | Global 0.7575 | Local 0.2803 | F1_macro 0.4912 | WorstLoss 2.5010
[Tracker] Ep  800 | AvgR 0.0002 | Global 0.6253 | Local 0.2721 | F1_macro 0.4845 | WorstLoss 2.6174
[Tracker] Saved snapshot: ep0800_phase1_class1
[Phase] Finished phase1_class1 | best global_obj=0.9902
Phase 2 anchors: 1057 (y=0 & disadv=0)
FFNN Using device: cuda:0

============================================================
[Phase] Starting phase2_class0 | target_class=0 | episodes=200
============================================================
[Tracker] Ep    1 | AvgR 0.0002 | Global 0.9139 | Local 0.0370 | F1_macro 0.5446 | WorstLoss 2.5604
[Tracker] New BEST synthetic [phase2_class0] (by global.global_obj: 0.913870) saved.
[Tracker] BEST β weights [phase2_class0] saved -> training_runs/SPECv16_bias05_rl_credit_3seeds_EP800_PCA10_REWfairness_minID1_majID0_TRJ2000_REAL3000_BIAS0.05_GG202603180833_a8116e4e/seed_1/best_beta_state_dict_phase2_class0.pt
[Tracker] Ep    2 | AvgR 0.0001 | Global 0.8158 | Local 0.0099 | F1_macro 0.5184 | WorstLoss 2.6430
[Tracker] Ep    3 | AvgR 0.0001 | Global 0.8763 | Local 0.0132 | F1_macro 0.5348 | WorstLoss 2.6008
[Tracker] Ep    4 | AvgR 0.0001 | Global 0.5665 | Local 0.0189 | F1_macro 0.5414 | WorstLoss 2.7698
[Tracker] Ep    5 | AvgR 0.0001 | Global 0.6978 | Local 0.0193 | F1_macro 0.5209 | WorstLoss 2.7129
[Tracker] Saved snapshot: ep0005_phase2_class0
[Tracker] Ep    6 | AvgR 0.0001 | Global 0.6130 | Local 0.0189 | F1_macro 0.5151 | WorstLoss 2.7506
[Tracker] Ep    7 | AvgR 0.0001 | Global 0.8967 | Local 0.0240 | F1_macro 0.5304 | WorstLoss 2.5805
[Tracker] Ep    8 | AvgR 0.0001 | Global 0.4228 | Local 0.0156 | F1_macro 0.5170 | WorstLoss 2.8251
[Tracker] Ep    9 | AvgR 0.0001 | Global 0.7415 | Local 0.0107 | F1_macro 0.5213 | WorstLoss 2.6905
[Tracker] Ep   10 | AvgR 0.0001 | Global 0.8186 | Local 0.0159 | F1_macro 0.5227 | WorstLoss 2.6422
[Tracker] Saved snapshot: ep0010_phase2_class0
[Tracker] Ep   11 | AvgR 0.0001 | Global 0.5585 | Local 0.0166 | F1_macro 0.5296 | WorstLoss 2.7731
[Tracker] Ep   12 | AvgR 0.0001 | Global 0.7839 | Local 0.0099 | F1_macro 0.5380 | WorstLoss 2.6677
[Tracker] Ep   13 | AvgR 0.0001 | Global 0.8941 | Local 0.0196 | F1_macro 0.5311 | WorstLoss 2.5833
[Tracker] Ep   14 | AvgR 0.0001 | Global 0.6004 | Local 0.0074 | F1_macro 0.5380 | WorstLoss 2.7559
[Tracker] Ep   15 | AvgR 0.0001 | Global 0.5468 | Local 0.0196 | F1_macro 0.5257 | WorstLoss 2.7778
[Tracker] Saved snapshot: ep0015_phase2_class0
[Tracker] Ep   16 | AvgR 0.0001 | Global 0.6409 | Local 0.0417 | F1_macro 0.5210 | WorstLoss 2.7378
[Tracker] Ep   17 | AvgR 0.0000 | Global 0.2110 | Local 0.0210 | F1_macro 0.5203 | WorstLoss 2.9256
[Tracker] Ep   18 | AvgR 0.0000 | Global 0.1163 | Local 0.0157 | F1_macro 0.5133 | WorstLoss 2.9974
[Tracker] Ep   19 | AvgR 0.0001 | Global 0.5331 | Local 0.0166 | F1_macro 0.5367 | WorstLoss 2.7833
[Tracker] Ep   20 | AvgR 0.0001 | Global 0.5223 | Local 0.0137 | F1_macro 0.5033 | WorstLoss 2.7801
[Tracker] Saved snapshot: ep0020_phase2_class0
[Tracker] Ep   21 | AvgR 0.0000 | Global 0.1388 | Local 0.0371 | F1_macro 0.5089 | WorstLoss 2.9751
[Tracker] Ep   22 | AvgR 0.0001 | Global 0.8465 | Local 0.0180 | F1_macro 0.5257 | WorstLoss 2.6258
[Tracker] Ep   23 | AvgR 0.0002 | Global 0.9271 | Local 0.0240 | F1_macro 0.5220 | WorstLoss 2.5423
[Tracker] New BEST synthetic [phase2_class0] (by global.global_obj: 0.927067) saved.
[Tracker] BEST β weights [phase2_class0] saved -> training_runs/SPECv16_bias05_rl_credit_3seeds_EP800_PCA10_REWfairness_minID1_majID0_TRJ2000_REAL3000_BIAS0.05_GG202603180833_a8116e4e/seed_1/best_beta_state_dict_phase2_class0.pt
[Tracker] Ep   24 | AvgR 0.0001 | Global 0.4016 | Local 0.0130 | F1_macro 0.5084 | WorstLoss 2.8333
[Tracker] Ep   25 | AvgR 0.0001 | Global 0.8781 | Local 0.0092 | F1_macro 0.5409 | WorstLoss 2.5991
[Tracker] Saved snapshot: ep0025_phase2_class0
[Tracker] Ep   26 | AvgR 0.0000 | Global 0.2185 | Local 0.0106 | F1_macro 0.5308 | WorstLoss 2.9234
[Tracker] Ep   27 | AvgR 0.0000 | Global 0.2113 | Local 0.0085 | F1_macro 0.5132 | WorstLoss 2.9282
[Tracker] Ep   28 | AvgR 0.0001 | Global 0.7060 | Local 0.0117 | F1_macro 0.5383 | WorstLoss 2.7090
[Tracker] Ep   29 | AvgR 0.0001 | Global 0.2858 | Local 0.0092 | F1_macro 0.5135 | WorstLoss 2.8881
[Tracker] Ep   30 | AvgR 0.0001 | Global 0.7919 | Local 0.0072 | F1_macro 0.5376 | WorstLoss 2.6630
[Tracker] Saved snapshot: ep0030_phase2_class0
[Tracker] Ep   31 | AvgR 0.0001 | Global 0.8166 | Local 0.0108 | F1_macro 0.5189 | WorstLoss 2.6462
[Tracker] Ep   32 | AvgR 0.0001 | Global 0.5635 | Local 0.0357 | F1_macro 0.5229 | WorstLoss 2.7710
[Tracker] Ep   33 | AvgR 0.0000 | Global 0.1947 | Local 0.0152 | F1_macro 0.5202 | WorstLoss 2.9386
[Tracker] Ep   34 | AvgR 0.0001 | Global 0.4207 | Local 0.0156 | F1_macro 0.5144 | WorstLoss 2.8273
[Tracker] Ep   35 | AvgR 0.0001 | Global 0.5590 | Local 0.0173 | F1_macro 0.5239 | WorstLoss 2.7727
[Tracker] Saved snapshot: ep0035_phase2_class0
[Tracker] Ep   36 | AvgR 0.0001 | Global 0.4849 | Local 0.0144 | F1_macro 0.5117 | WorstLoss 2.8026
[Tracker] Ep   37 | AvgR 0.0001 | Global 0.5389 | Local 0.0082 | F1_macro 0.5099 | WorstLoss 2.7750
[Tracker] Ep   38 | AvgR 0.0002 | Global 0.8735 | Local 0.0237 | F1_macro 0.5476 | WorstLoss 2.6034
[Tracker] Ep   39 | AvgR 0.0002 | Global 0.9465 | Local 0.0196 | F1_macro 0.5324 | WorstLoss 2.5093
[Tracker] New BEST synthetic [phase2_class0] (by global.global_obj: 0.946479) saved.
[Tracker] BEST β weights [phase2_class0] saved -> training_runs/SPECv16_bias05_rl_credit_3seeds_EP800_PCA10_REWfairness_minID1_majID0_TRJ2000_REAL3000_BIAS0.05_GG202603180833_a8116e4e/seed_1/best_beta_state_dict_phase2_class0.pt
[Tracker] Ep   40 | AvgR 0.0002 | Global 0.9601 | Local 0.0146 | F1_macro 0.5576 | WorstLoss 2.4785
[Tracker] Saved snapshot: ep0040_phase2_class0
[Tracker] New BEST synthetic [phase2_class0] (by global.global_obj: 0.960100) saved.
[Tracker] BEST β weights [phase2_class0] saved -> training_runs/SPECv16_bias05_rl_credit_3seeds_EP800_PCA10_REWfairness_minID1_majID0_TRJ2000_REAL3000_BIAS0.05_GG202603180833_a8116e4e/seed_1/best_beta_state_dict_phase2_class0.pt
[Tracker] Ep   41 | AvgR 0.0001 | Global 0.4556 | Local 0.0186 | F1_macro 0.5175 | WorstLoss 2.8129
[Tracker] Ep   42 | AvgR 0.0002 | Global 0.9497 | Local 0.0188 | F1_macro 0.5392 | WorstLoss 2.5027
[Tracker] Ep   43 | AvgR 0.0001 | Global 0.6694 | Local 0.0341 | F1_macro 0.5151 | WorstLoss 2.7210
[Tracker] Ep   44 | AvgR 0.0001 | Global 0.6005 | Local 0.0164 | F1_macro 0.5228 | WorstLoss 2.7558
[Tracker] Ep   45 | AvgR 0.0001 | Global 0.6994 | Local 0.0161 | F1_macro 0.5508 | WorstLoss 2.7121
[Tracker] Saved snapshot: ep0045_phase2_class0
[Tracker] Ep   46 | AvgR 0.0000 | Global 0.2641 | Local 0.0131 | F1_macro 0.5093 | WorstLoss 2.8981
[Tracker] Ep   47 | AvgR 0.0001 | Global 0.4510 | Local 0.0270 | F1_macro 0.5197 | WorstLoss 2.8106
[Tracker] Ep   48 | AvgR 0.0001 | Global 0.4659 | Local 0.0268 | F1_macro 0.5192 | WorstLoss 2.8103
[Tracker] Ep   49 | AvgR 0.0001 | Global 0.8171 | Local 0.0194 | F1_macro 0.5395 | WorstLoss 2.6469
[Tracker] Ep   50 | AvgR 0.0001 | Global 0.8122 | Local 0.0216 | F1_macro 0.5162 | WorstLoss 2.6502
[Tracker] Saved snapshot: ep0050_phase2_class0
[Tracker] Ep   51 | AvgR 0.0001 | Global 0.6089 | Local 0.0207 | F1_macro 0.5084 | WorstLoss 2.7475
[Tracker] Ep   52 | AvgR 0.0001 | Global 0.5176 | Local 0.0299 | F1_macro 0.5062 | WorstLoss 2.7869
[Tracker] Ep   53 | AvgR 0.0001 | Global 0.6921 | Local 0.0312 | F1_macro 0.5303 | WorstLoss 2.7089
[Tracker] Ep   54 | AvgR 0.0001 | Global 0.5908 | Local 0.0152 | F1_macro 0.5273 | WorstLoss 2.7599
[Tracker] Ep   55 | AvgR 0.0001 | Global 0.2620 | Local 0.0165 | F1_macro 0.5139 | WorstLoss 2.8975
[Tracker] Saved snapshot: ep0055_phase2_class0
[Tracker] Ep   56 | AvgR 0.0000 | Global 0.2215 | Local 0.0179 | F1_macro 0.5109 | WorstLoss 2.9206
[Tracker] Ep   57 | AvgR 0.0000 | Global 0.0306 | Local 0.0269 | F1_macro 0.5091 | WorstLoss 3.1384
[Tracker] Ep   58 | AvgR 0.0001 | Global 0.7477 | Local 0.0138 | F1_macro 0.5125 | WorstLoss 2.6806
[Tracker] Ep   59 | AvgR 0.0001 | Global 0.7119 | Local 0.0279 | F1_macro 0.5349 | WorstLoss 2.6958
[Tracker] Ep   60 | AvgR 0.0002 | Global 0.9085 | Local 0.0339 | F1_macro 0.5637 | WorstLoss 2.5670
[Tracker] Saved snapshot: ep0060_phase2_class0
[Tracker] Ep   61 | AvgR 0.0002 | Global 0.9457 | Local 0.0131 | F1_macro 0.5668 | WorstLoss 2.5109
[Tracker] Ep   62 | AvgR 0.0001 | Global 0.5185 | Local 0.0270 | F1_macro 0.5285 | WorstLoss 2.7884
[Tracker] Ep   63 | AvgR 0.0002 | Global 0.8754 | Local 0.0211 | F1_macro 0.5348 | WorstLoss 2.5664
[Tracker] Ep   64 | AvgR 0.0001 | Global 0.6184 | Local 0.0183 | F1_macro 0.5362 | WorstLoss 2.7483
[Tracker] Ep   65 | AvgR 0.0001 | Global 0.7477 | Local 0.0277 | F1_macro 0.5112 | WorstLoss 2.6772
[Tracker] Saved snapshot: ep0065_phase2_class0
[Tracker] Ep   66 | AvgR 0.0001 | Global 0.2795 | Local 0.0151 | F1_macro 0.5181 | WorstLoss 2.8894
[Tracker] Ep   67 | AvgR 0.0001 | Global 0.3205 | Local 0.0112 | F1_macro 0.5334 | WorstLoss 2.8717
[Tracker] Ep   68 | AvgR 0.0002 | Global 0.8941 | Local 0.0607 | F1_macro 0.5677 | WorstLoss 2.5833
[Tracker] Ep   69 | AvgR 0.0001 | Global 0.6592 | Local 0.0171 | F1_macro 0.5200 | WorstLoss 2.7292
[Tracker] Ep   70 | AvgR 0.0001 | Global 0.4432 | Local 0.0153 | F1_macro 0.5112 | WorstLoss 2.8128
[Tracker] Saved snapshot: ep0070_phase2_class0
[Tracker] Ep   71 | AvgR 0.0002 | Global 0.9721 | Local 0.0154 | F1_macro 0.5609 | WorstLoss 2.4415
[Tracker] New BEST synthetic [phase2_class0] (by global.global_obj: 0.972093) saved.
[Tracker] BEST β weights [phase2_class0] saved -> training_runs/SPECv16_bias05_rl_credit_3seeds_EP800_PCA10_REWfairness_minID1_majID0_TRJ2000_REAL3000_BIAS0.05_GG202603180833_a8116e4e/seed_1/best_beta_state_dict_phase2_class0.pt
[Tracker] Ep   72 | AvgR 0.0001 | Global 0.4578 | Local 0.0168 | F1_macro 0.5080 | WorstLoss 2.8069
[Tracker] Ep   73 | AvgR 0.0001 | Global 0.6678 | Local 0.0104 | F1_macro 0.5404 | WorstLoss 2.7268
[Tracker] Ep   74 | AvgR 0.0002 | Global 0.9233 | Local 0.0160 | F1_macro 0.5341 | WorstLoss 2.5478
[Tracker] Ep   75 | AvgR 0.0002 | Global 0.9714 | Local 0.0394 | F1_macro 0.5248 | WorstLoss 2.4442
[Tracker] Saved snapshot: ep0075_phase2_class0
[Tracker] Ep   76 | AvgR 0.0002 | Global 0.9825 | Local 0.0279 | F1_macro 0.5447 | WorstLoss 2.3924
[Tracker] New BEST synthetic [phase2_class0] (by global.global_obj: 0.982528) saved.
[Tracker] BEST β weights [phase2_class0] saved -> training_runs/SPECv16_bias05_rl_credit_3seeds_EP800_PCA10_REWfairness_minID1_majID0_TRJ2000_REAL3000_BIAS0.05_GG202603180833_a8116e4e/seed_1/best_beta_state_dict_phase2_class0.pt
[Tracker] Ep   77 | AvgR 0.0002 | Global 0.9139 | Local 0.0196 | F1_macro 0.5184 | WorstLoss 2.5212
[Tracker] Ep   78 | AvgR 0.0002 | Global 0.9544 | Local 0.0351 | F1_macro 0.5348 | WorstLoss 2.4925
[Tracker] Ep   79 | AvgR 0.0002 | Global 0.9158 | Local 0.0276 | F1_macro 0.5520 | WorstLoss 2.5579
[Tracker] Ep   80 | AvgR 0.0001 | Global 0.2482 | Local 0.0307 | F1_macro 0.5086 | WorstLoss 2.8979
[Tracker] Saved snapshot: ep0080_phase2_class0
[Tracker] Ep   81 | AvgR 0.0001 | Global 0.2610 | Local 0.0313 | F1_macro 0.5129 | WorstLoss 2.8919
[Tracker] Ep   82 | AvgR 0.0002 | Global 0.9413 | Local 0.0228 | F1_macro 0.5558 | WorstLoss 2.5191
[Tracker] Ep   83 | AvgR 0.0001 | Global 0.7231 | Local 0.0198 | F1_macro 0.5175 | WorstLoss 2.7006
[Tracker] Ep   84 | AvgR 0.0002 | Global 0.7178 | Local 0.0454 | F1_macro 0.5371 | WorstLoss 2.7032
[Tracker] Ep   85 | AvgR 0.0001 | Global 0.6607 | Local 0.0139 | F1_macro 0.5260 | WorstLoss 2.7275
[Tracker] Saved snapshot: ep0085_phase2_class0
[Tracker] Ep   86 | AvgR 0.0002 | Global 0.9817 | Local 0.0332 | F1_macro 0.5557 | WorstLoss 2.3985
[Tracker] Ep   87 | AvgR 0.0001 | Global 0.5674 | Local 0.0335 | F1_macro 0.5132 | WorstLoss 2.7657
[Tracker] Ep   88 | AvgR 0.0001 | Global 0.6172 | Local 0.0228 | F1_macro 0.5165 | WorstLoss 2.7364
[Tracker] Ep   89 | AvgR 0.0002 | Global 0.8789 | Local 0.0244 | F1_macro 0.5424 | WorstLoss 2.5820
[Tracker] Ep   90 | AvgR 0.0001 | Global 0.5815 | Local 0.0083 | F1_macro 0.5130 | WorstLoss 2.7608
[Tracker] Saved snapshot: ep0090_phase2_class0
[Tracker] Ep   91 | AvgR 0.0002 | Global 0.7685 | Local 0.0144 | F1_macro 0.5225 | WorstLoss 2.6766
[Tracker] Ep   92 | AvgR 0.0002 | Global 0.9231 | Local 0.0327 | F1_macro 0.5321 | WorstLoss 2.5373
[Tracker] Ep   93 | AvgR 0.0001 | Global 0.6132 | Local 0.0193 | F1_macro 0.5147 | WorstLoss 2.7504
[Tracker] Ep   94 | AvgR 0.0001 | Global 0.2864 | Local 0.0100 | F1_macro 0.5086 | WorstLoss 2.8826
[Tracker] Ep   95 | AvgR 0.0001 | Global 0.5567 | Local 0.0196 | F1_macro 0.5122 | WorstLoss 2.7738
[Tracker] Saved snapshot: ep0095_phase2_class0
[Tracker] Ep   96 | AvgR 0.0002 | Global 0.9893 | Local 0.0123 | F1_macro 0.5398 | WorstLoss 2.3441
[Tracker] New BEST synthetic [phase2_class0] (by global.global_obj: 0.989276) saved.
[Tracker] BEST β weights [phase2_class0] saved -> training_runs/SPECv16_bias05_rl_credit_3seeds_EP800_PCA10_REWfairness_minID1_majID0_TRJ2000_REAL3000_BIAS0.05_GG202603180833_a8116e4e/seed_1/best_beta_state_dict_phase2_class0.pt
[Tracker] Ep   97 | AvgR 0.0001 | Global 0.4925 | Local 0.0218 | F1_macro 0.5321 | WorstLoss 2.7933
[Tracker] Ep   98 | AvgR 0.0001 | Global 0.4703 | Local 0.0216 | F1_macro 0.5151 | WorstLoss 2.8058
[Tracker] Ep   99 | AvgR 0.0001 | Global 0.5980 | Local 0.0118 | F1_macro 0.5120 | WorstLoss 2.7528
[Tracker] Ep  100 | AvgR 0.0002 | Global 0.8570 | Local 0.0164 | F1_macro 0.5298 | WorstLoss 2.6175
[Tracker] Saved snapshot: ep0100_phase2_class0
[Tracker] Ep  101 | AvgR 0.0002 | Global 0.7344 | Local 0.0557 | F1_macro 0.5124 | WorstLoss 2.6858
[Tracker] Ep  102 | AvgR 0.0002 | Global 0.8084 | Local 0.0280 | F1_macro 0.5227 | WorstLoss 2.6526
[Tracker] Ep  103 | AvgR 0.0001 | Global 0.3156 | Local 0.0343 | F1_macro 0.5175 | WorstLoss 2.8729
[Tracker] Ep  104 | AvgR 0.0001 | Global 0.5205 | Local 0.0081 | F1_macro 0.5274 | WorstLoss 2.7884
[Tracker] Ep  105 | AvgR 0.0000 | Global 0.1329 | Local 0.0315 | F1_macro 0.5063 | WorstLoss 2.9717
[Tracker] Saved snapshot: ep0105_phase2_class0
[Tracker] Ep  106 | AvgR 0.0002 | Global 0.7283 | Local 0.0138 | F1_macro 0.5196 | WorstLoss 2.6980
[Tracker] Ep  107 | AvgR 0.0002 | Global 0.9105 | Local 0.0168 | F1_macro 0.5400 | WorstLoss 2.5632
[Tracker] Ep  108 | AvgR 0.0002 | Global 0.7946 | Local 0.0101 | F1_macro 0.5301 | WorstLoss 2.6613
[Tracker] Ep  109 | AvgR 0.0002 | Global 0.7607 | Local 0.0264 | F1_macro 0.5289 | WorstLoss 2.6809
[Tracker] Ep  110 | AvgR 0.0001 | Global 0.5673 | Local 0.0250 | F1_macro 0.5169 | WorstLoss 2.7695
[Tracker] Saved snapshot: ep0110_phase2_class0
[Tracker] Ep  111 | AvgR 0.0001 | Global 0.4562 | Local 0.0273 | F1_macro 0.5231 | WorstLoss 2.8141
[Tracker] Ep  112 | AvgR 0.0002 | Global 0.9051 | Local 0.0223 | F1_macro 0.5278 | WorstLoss 2.5571
[Tracker] Ep  113 | AvgR 0.0002 | Global 0.7988 | Local 0.0222 | F1_macro 0.5278 | WorstLoss 2.6587
[Tracker] Ep  114 | AvgR 0.0002 | Global 0.7912 | Local 0.0334 | F1_macro 0.5371 | WorstLoss 2.6633
[Tracker] Ep  115 | AvgR 0.0001 | Global 0.5680 | Local 0.0232 | F1_macro 0.5129 | WorstLoss 2.7566
[Tracker] Saved snapshot: ep0115_phase2_class0
[Tracker] Ep  116 | AvgR 0.0000 | Global 0.0534 | Local 0.0174 | F1_macro 0.5056 | WorstLoss 3.0815
[Tracker] Ep  117 | AvgR 0.0002 | Global 0.8979 | Local 0.0106 | F1_macro 0.5299 | WorstLoss 2.5782
[Tracker] Ep  118 | AvgR 0.0001 | Global 0.6040 | Local 0.0141 | F1_macro 0.5231 | WorstLoss 2.7446
[Tracker] Ep  119 | AvgR 0.0001 | Global 0.3030 | Local 0.0188 | F1_macro 0.5069 | WorstLoss 2.8687
[Tracker] Ep  120 | AvgR 0.0001 | Global 0.6224 | Local 0.0125 | F1_macro 0.5298 | WorstLoss 2.7466
[Tracker] Saved snapshot: ep0120_phase2_class0
[Tracker] Ep  121 | AvgR 0.0002 | Global 0.8499 | Local 0.0362 | F1_macro 0.5423 | WorstLoss 2.6232
[Tracker] Ep  122 | AvgR 0.0001 | Global 0.6089 | Local 0.0251 | F1_macro 0.5184 | WorstLoss 2.7523
[Tracker] Ep  123 | AvgR 0.0001 | Global 0.2948 | Local 0.0156 | F1_macro 0.5099 | WorstLoss 2.8821
[Tracker] Ep  124 | AvgR 0.0001 | Global 0.5917 | Local 0.0170 | F1_macro 0.5291 | WorstLoss 2.7595
[Tracker] Ep  125 | AvgR 0.0000 | Global 0.1219 | Local 0.0395 | F1_macro 0.5135 | WorstLoss 2.9824
[Tracker] Saved snapshot: ep0125_phase2_class0
[Tracker] Ep  126 | AvgR 0.0001 | Global 0.5144 | Local 0.0461 | F1_macro 0.5462 | WorstLoss 2.7891
[Tracker] Ep  127 | AvgR 0.0002 | Global 0.7246 | Local 0.0186 | F1_macro 0.5312 | WorstLoss 2.6998
[Tracker] Ep  128 | AvgR 0.0002 | Global 0.8476 | Local 0.0237 | F1_macro 0.5180 | WorstLoss 2.6250
[Tracker] Ep  129 | AvgR 0.0002 | Global 0.9045 | Local 0.0350 | F1_macro 0.5273 | WorstLoss 2.5718
[Tracker] Ep  130 | AvgR 0.0001 | Global 0.2073 | Local 0.0230 | F1_macro 0.5083 | WorstLoss 2.9282
[Tracker] Saved snapshot: ep0130_phase2_class0
[Tracker] Ep  131 | AvgR 0.0001 | Global 0.5445 | Local 0.0219 | F1_macro 0.5210 | WorstLoss 2.7787
[Tracker] Ep  132 | AvgR 0.0002 | Global 0.9860 | Local 0.0154 | F1_macro 0.5442 | WorstLoss 2.3710
[Tracker] Ep  133 | AvgR 0.0002 | Global 0.7160 | Local 0.0310 | F1_macro 0.5151 | WorstLoss 2.7041
[Tracker] Ep  134 | AvgR 0.0001 | Global 0.4700 | Local 0.0114 | F1_macro 0.5163 | WorstLoss 2.8052
[Tracker] Ep  135 | AvgR 0.0001 | Global 0.3828 | Local 0.0260 | F1_macro 0.5533 | WorstLoss 2.8443
[Tracker] Saved snapshot: ep0135_phase2_class0
[Tracker] Ep  136 | AvgR 0.0002 | Global 0.7986 | Local 0.0364 | F1_macro 0.5303 | WorstLoss 2.6588
[Tracker] Ep  137 | AvgR 0.0002 | Global 0.7938 | Local 0.0280 | F1_macro 0.5189 | WorstLoss 2.6618
[Tracker] Ep  138 | AvgR 0.0002 | Global 0.8914 | Local 0.0299 | F1_macro 0.5410 | WorstLoss 2.5823
[Tracker] Ep  139 | AvgR 0.0002 | Global 0.7518 | Local 0.0301 | F1_macro 0.5133 | WorstLoss 2.6858
[Tracker] Ep  140 | AvgR 0.0002 | Global 0.9624 | Local 0.0243 | F1_macro 0.5548 | WorstLoss 2.4724
[Tracker] Saved snapshot: ep0140_phase2_class0
[Tracker] Ep  141 | AvgR 0.0001 | Global 0.4484 | Local 0.0364 | F1_macro 0.5075 | WorstLoss 2.8032
[Tracker] Ep  142 | AvgR 0.0002 | Global 0.9492 | Local 0.0073 | F1_macro 0.5231 | WorstLoss 2.5037
[Tracker] Ep  143 | AvgR 0.0001 | Global 0.4466 | Local 0.0353 | F1_macro 0.5217 | WorstLoss 2.8180
[Tracker] Ep  144 | AvgR 0.0001 | Global 0.3124 | Local 0.0170 | F1_macro 0.5037 | WorstLoss 2.8671
[Tracker] Ep  145 | AvgR 0.0002 | Global 0.9199 | Local 0.0410 | F1_macro 0.5333 | WorstLoss 2.5525
[Tracker] Saved snapshot: ep0145_phase2_class0
[Tracker] Ep  146 | AvgR 0.0002 | Global 0.8030 | Local 0.0610 | F1_macro 0.5085 | WorstLoss 2.6433
[Tracker] Ep  147 | AvgR 0.0000 | Global 0.1377 | Local 0.0288 | F1_macro 0.5317 | WorstLoss 2.9784
[Tracker] Ep  148 | AvgR 0.0001 | Global 0.3374 | Local 0.0292 | F1_macro 0.5109 | WorstLoss 2.8635
[Tracker] Ep  149 | AvgR 0.0001 | Global 0.4739 | Local 0.0286 | F1_macro 0.5404 | WorstLoss 2.8021
[Tracker] Ep  150 | AvgR 0.0001 | Global 0.6487 | Local 0.0113 | F1_macro 0.5117 | WorstLoss 2.7323
[Tracker] Saved snapshot: ep0150_phase2_class0
[Tracker] Ep  151 | AvgR 0.0001 | Global 0.1999 | Local 0.0308 | F1_macro 0.5107 | WorstLoss 2.9251
[Tracker] Ep  152 | AvgR 0.0001 | Global 0.3092 | Local 0.0189 | F1_macro 0.5098 | WorstLoss 2.8733
[Tracker] Ep  153 | AvgR 0.0002 | Global 0.7200 | Local 0.0127 | F1_macro 0.5149 | WorstLoss 2.6955
[Tracker] Ep  154 | AvgR 0.0000 | Global 0.0920 | Local 0.0345 | F1_macro 0.5156 | WorstLoss 3.0198
[Tracker] Ep  155 | AvgR 0.0002 | Global 0.8973 | Local 0.0064 | F1_macro 0.5349 | WorstLoss 2.5798
[Tracker] Saved snapshot: ep0155_phase2_class0
[Tracker] Ep  156 | AvgR 0.0002 | Global 0.9255 | Local 0.0328 | F1_macro 0.5212 | WorstLoss 2.5447
[Tracker] Ep  157 | AvgR 0.0002 | Global 0.6319 | Local 0.0406 | F1_macro 0.5150 | WorstLoss 2.7359
[Tracker] Ep  158 | AvgR 0.0001 | Global 0.6035 | Local 0.0337 | F1_macro 0.5284 | WorstLoss 2.7477
[Tracker] Ep  159 | AvgR 0.0002 | Global 0.7282 | Local 0.0350 | F1_macro 0.5245 | WorstLoss 2.6980
[Tracker] Ep  160 | AvgR 0.0001 | Global 0.3894 | Local 0.0197 | F1_macro 0.5306 | WorstLoss 2.8416
[Tracker] Saved snapshot: ep0160_phase2_class0
[Tracker] Ep  161 | AvgR 0.0000 | Global 0.0666 | Local 0.0296 | F1_macro 0.5146 | WorstLoss 3.0562
[Tracker] Ep  162 | AvgR 0.0002 | Global 0.8676 | Local 0.0624 | F1_macro 0.5110 | WorstLoss 2.5677
[Tracker] Ep  163 | AvgR 0.0002 | Global 0.9414 | Local 0.0595 | F1_macro 0.5323 | WorstLoss 2.4908
[Tracker] Ep  164 | AvgR 0.0002 | Global 0.7031 | Local 0.0361 | F1_macro 0.5173 | WorstLoss 2.7021
[Tracker] Ep  165 | AvgR 0.0002 | Global 0.7834 | Local 0.0638 | F1_macro 0.5187 | WorstLoss 2.6507
[Tracker] Saved snapshot: ep0165_phase2_class0
[Tracker] Ep  166 | AvgR 0.0002 | Global 0.9259 | Local 0.0397 | F1_macro 0.5292 | WorstLoss 2.5440
[Tracker] Ep  167 | AvgR 0.0002 | Global 0.6090 | Local 0.0458 | F1_macro 0.5011 | WorstLoss 2.7366
[Tracker] Ep  168 | AvgR 0.0002 | Global 0.9167 | Local 0.0477 | F1_macro 0.5196 | WorstLoss 2.5323
[Tracker] Ep  169 | AvgR 0.0001 | Global 0.3797 | Local 0.0356 | F1_macro 0.5132 | WorstLoss 2.8378
[Tracker] Ep  170 | AvgR 0.0002 | Global 0.7635 | Local 0.0311 | F1_macro 0.5272 | WorstLoss 2.6755
[Tracker] Saved snapshot: ep0170_phase2_class0
[Tracker] Ep  171 | AvgR 0.0002 | Global 0.8978 | Local 0.0482 | F1_macro 0.5261 | WorstLoss 2.5437
[Tracker] Ep  172 | AvgR 0.0001 | Global 0.3478 | Local 0.0369 | F1_macro 0.5017 | WorstLoss 2.8542
[Tracker] Ep  173 | AvgR 0.0002 | Global 0.8403 | Local 0.0543 | F1_macro 0.5271 | WorstLoss 2.6232
[Tracker] Ep  174 | AvgR 0.0002 | Global 0.9075 | Local 0.0673 | F1_macro 0.5482 | WorstLoss 2.5344
[Tracker] Ep  175 | AvgR 0.0001 | Global 0.4777 | Local 0.0431 | F1_macro 0.5163 | WorstLoss 2.8018
[Tracker] Saved snapshot: ep0175_phase2_class0
[Tracker] Ep  176 | AvgR 0.0001 | Global 0.4118 | Local 0.0438 | F1_macro 0.5076 | WorstLoss 2.8243
[Tracker] Ep  177 | AvgR 0.0002 | Global 0.8680 | Local 0.0673 | F1_macro 0.5284 | WorstLoss 2.5938
[Tracker] Ep  178 | AvgR 0.0002 | Global 0.9489 | Local 0.0475 | F1_macro 0.5260 | WorstLoss 2.4459
[Tracker] Ep  179 | AvgR 0.0002 | Global 0.8513 | Local 0.0659 | F1_macro 0.5286 | WorstLoss 2.6048
[Tracker] Ep  180 | AvgR 0.0002 | Global 0.9498 | Local 0.0585 | F1_macro 0.5529 | WorstLoss 2.5021
[Tracker] Saved snapshot: ep0180_phase2_class0
[Tracker] Ep  181 | AvgR 0.0002 | Global 0.6556 | Local 0.0350 | F1_macro 0.5090 | WorstLoss 2.7265
[Tracker] Ep  182 | AvgR 0.0002 | Global 0.7449 | Local 0.0632 | F1_macro 0.5183 | WorstLoss 2.6704
[Tracker] Ep  183 | AvgR 0.0002 | Global 0.9403 | Local 0.0705 | F1_macro 0.5396 | WorstLoss 2.4534
[Tracker] Ep  184 | AvgR 0.0001 | Global 0.3412 | Local 0.0637 | F1_macro 0.5020 | WorstLoss 2.8512
[Tracker] Ep  185 | AvgR 0.0002 | Global 0.8703 | Local 0.0907 | F1_macro 0.5227 | WorstLoss 2.5821
[Tracker] Saved snapshot: ep0185_phase2_class0
[Tracker] Ep  186 | AvgR 0.0003 | Global 0.9478 | Local 0.0834 | F1_macro 0.5149 | WorstLoss 2.3582
[Tracker] Ep  187 | AvgR 0.0002 | Global 0.9272 | Local 0.0871 | F1_macro 0.5140 | WorstLoss 2.4922
[Tracker] Ep  188 | AvgR 0.0002 | Global 0.7415 | Local 0.0614 | F1_macro 0.5226 | WorstLoss 2.6702
[Tracker] Ep  189 | AvgR 0.0002 | Global 0.6910 | Local 0.0657 | F1_macro 0.5229 | WorstLoss 2.6919
[Tracker] Ep  190 | AvgR 0.0002 | Global 0.6965 | Local 0.0804 | F1_macro 0.5167 | WorstLoss 2.6876
[Tracker] Saved snapshot: ep0190_phase2_class0
[Tracker] Ep  191 | AvgR 0.0002 | Global 0.7683 | Local 0.0364 | F1_macro 0.5231 | WorstLoss 2.6622
[Tracker] Ep  192 | AvgR 0.0002 | Global 0.7426 | Local 0.0811 | F1_macro 0.5155 | WorstLoss 2.6609
[Tracker] Ep  193 | AvgR 0.0002 | Global 0.9516 | Local 0.0506 | F1_macro 0.5403 | WorstLoss 2.4987
[Tracker] Ep  194 | AvgR 0.0002 | Global 0.5773 | Local 0.0562 | F1_macro 0.5155 | WorstLoss 2.7561
[Tracker] Ep  195 | AvgR 0.0002 | Global 0.7480 | Local 0.0898 | F1_macro 0.5115 | WorstLoss 2.6620
[Tracker] Saved snapshot: ep0195_phase2_class0
[Tracker] Ep  196 | AvgR 0.0002 | Global 0.8910 | Local 0.1094 | F1_macro 0.5320 | WorstLoss 2.5571
[Tracker] Ep  197 | AvgR 0.0001 | Global 0.4713 | Local 0.0545 | F1_macro 0.5081 | WorstLoss 2.7982
[Tracker] Ep  198 | AvgR 0.0002 | Global 0.7189 | Local 0.0828 | F1_macro 0.5136 | WorstLoss 2.6907
[Tracker] Ep  199 | AvgR 0.0002 | Global 0.7476 | Local 0.1092 | F1_macro 0.5119 | WorstLoss 2.6662
[Tracker] Ep  200 | AvgR 0.0002 | Global 0.7059 | Local 0.0760 | F1_macro 0.5172 | WorstLoss 2.6937
[Tracker] Saved snapshot: ep0200_phase2_class0
[Phase] Finished phase2_class0 | best global_obj=0.9893
FFNN Using device: cuda:0
[Combined] Saved combined beta -> training_runs/SPECv16_bias05_rl_credit_3seeds_EP800_PCA10_REWfairness_minID1_majID0_TRJ2000_REAL3000_BIAS0.05_GG202603180833_a8116e4e/seed_1/best_beta_state_dict.pt
[Combined] Saved combined synthetic -> training_runs/SPECv16_bias05_rl_credit_3seeds_EP800_PCA10_REWfairness_minID1_majID0_TRJ2000_REAL3000_BIAS0.05_GG202603180833_a8116e4e/seed_1/best_synthetic_combined.npz
FFNN Using device: cuda:0
[TestSuite] Loaded best β weights from: training_runs/SPECv16_bias05_rl_credit_3seeds_EP800_PCA10_REWfairness_minID1_majID0_TRJ2000_REAL3000_BIAS0.05_GG202603180833_a8116e4e/seed_1/best_beta_state_dict.pt

[TEST] Alpha -> F1(min)=0.0000 | F1(maj)=0.8757 | F1(weighted)=0.6820 | F1(macro)=0.4378 | Brier=0.1874
[TEST] Beta  -> F1(min)=0.1906 | F1(maj)=0.8693 | F1(weighted)=0.7192 | F1(macro)=0.5300 | Brier=0.1846
[TestSuite] Final test metrics appended to (seed): training_runs/SPECv16_bias05_rl_credit_3seeds_EP800_PCA10_REWfairness_minID1_majID0_TRJ2000_REAL3000_BIAS0.05_GG202603180833_a8116e4e/seed_1/final_test_metrics.csv
[TestSuite] Final test metrics appended to (experiment): training_runs/SPECv16_bias05_rl_credit_3seeds_EP800_PCA10_REWfairness_minID1_majID0_TRJ2000_REAL3000_BIAS0.05_GG202603180833_a8116e4e/final_test_metrics.csv
Total time 2095.69s
[Tracker] Finished. Run folder: training_runs/SPECv16_bias05_rl_credit_3seeds_EP800_PCA10_REWfairness_minID1_majID0_TRJ2000_REAL3000_BIAS0.05_GG202603180833_a8116e4e/seed_1
