[main] spec=v16_bias05_rl_census_3seeds.json device=cuda:0
[main] exp_group=SPEC_v16_bias05_rl_census_3seeds_6dcd8df1__G202603180827
[main] seeds=[42, 0, 1]
[main] ---- running seed=42 ----
FFNN Using device: cuda:0
FFNN Using device: cuda:0
[Tracker] Experiment: SPECv16_bias05_rl_census_3seeds_EP800_PCA10_REWfairness_minID1_majID0_TRJ2000_REAL3000_BIAS0.05_GG202603180827_69232259
[Tracker] Seed folder: training_runs/SPECv16_bias05_rl_census_3seeds_EP800_PCA10_REWfairness_minID1_majID0_TRJ2000_REAL3000_BIAS0.05_GG202603180827_69232259/seed_42
[Tracker] Run: 2026-03-18_08-27-17_seed42_198880_09029a78
[Tracker] Metrics CSV: training_runs/SPECv16_bias05_rl_census_3seeds_EP800_PCA10_REWfairness_minID1_majID0_TRJ2000_REAL3000_BIAS0.05_GG202603180827_69232259/seed_42/metrics.csv
[Tracker] Mirroring console to: training_runs/SPECv16_bias05_rl_census_3seeds_EP800_PCA10_REWfairness_minID1_majID0_TRJ2000_REAL3000_BIAS0.05_GG202603180827_69232259/seed_42/console.log
[TRAIN] size=3000, minority=150 (5.00%)
[VAL] size=5204, minority=260 (5.00%)
[TEST] size=6513, minority=1569 (24.09%)
FFNN Using device: cuda:0
FFNN Using device: cuda:0
Beta will train with: 60.00% real data, 40.00% synthetic data: 
[disadv] group=1 per_g={0: 0.07585804909467697, 1: 0.18053318560123444} worst_4g=3.2354 soft_eo_alpha=0.2075
Anchors: 133 (disadv=1) sigma_anchor=0.8500
[Tracker] Alpha model state_dict saved to training_runs/SPECv16_bias05_rl_census_3seeds_EP800_PCA10_REWfairness_minID1_majID0_TRJ2000_REAL3000_BIAS0.05_GG202603180827_69232259/seed_42/alpha_state_dict.pt
[Tracker] Alpha model config saved to training_runs/SPECv16_bias05_rl_census_3seeds_EP800_PCA10_REWfairness_minID1_majID0_TRJ2000_REAL3000_BIAS0.05_GG202603180827_69232259/seed_42/ffnn_meta.json

============================================================
[Phase] Starting phase1_class1 | target_class=1 | episodes=800
============================================================
[Tracker] CSV header written with 44 columns.
[Tracker] Ep    1 | AvgR 0.0001 | Global 0.6869 | Local 0.0419 | F1_macro 0.6498 | WorstLoss 3.1478
[Tracker] New BEST synthetic [phase1_class1] (by global.global_obj: 0.686885) saved.
[Tracker] BEST β weights [phase1_class1] saved -> training_runs/SPECv16_bias05_rl_census_3seeds_EP800_PCA10_REWfairness_minID1_majID0_TRJ2000_REAL3000_BIAS0.05_GG202603180827_69232259/seed_42/best_beta_state_dict_phase1_class1.pt
[Tracker] Ep    2 | AvgR 0.0001 | Global 0.7967 | Local 0.0431 | F1_macro 0.6586 | WorstLoss 3.0861
[Tracker] New BEST synthetic [phase1_class1] (by global.global_obj: 0.796729) saved.
[Tracker] BEST β weights [phase1_class1] saved -> training_runs/SPECv16_bias05_rl_census_3seeds_EP800_PCA10_REWfairness_minID1_majID0_TRJ2000_REAL3000_BIAS0.05_GG202603180827_69232259/seed_42/best_beta_state_dict_phase1_class1.pt
[Tracker] Ep    3 | AvgR 0.0000 | Global 0.0000 | Local 0.0393 | F1_macro 0.6583 | WorstLoss 4.2596
[Tracker] Ep    4 | AvgR 0.0000 | Global 0.0263 | Local 0.0313 | F1_macro 0.6642 | WorstLoss 3.5918
[Tracker] Ep    5 | AvgR 0.0000 | Global 0.0002 | Local 0.0648 | F1_macro 0.6680 | WorstLoss 4.0598
[Tracker] Saved snapshot: ep0005_phase1_class1
[Tracker] Ep    6 | AvgR 0.0000 | Global 0.0001 | Local 0.0598 | F1_macro 0.6558 | WorstLoss 4.1331
[Tracker] Ep    7 | AvgR 0.0000 | Global 0.0043 | Local 0.0411 | F1_macro 0.6549 | WorstLoss 3.7758
[Tracker] Ep    8 | AvgR 0.0001 | Global 0.5954 | Local 0.0518 | F1_macro 0.6593 | WorstLoss 3.1902
[Tracker] Ep    9 | AvgR 0.0000 | Global 0.0163 | Local 0.0628 | F1_macro 0.6570 | WorstLoss 3.6414
[Tracker] Ep   10 | AvgR 0.0000 | Global 0.0000 | Local 0.0864 | F1_macro 0.6248 | WorstLoss 4.9472
[Tracker] Saved snapshot: ep0010_phase1_class1
[Tracker] Ep   11 | AvgR 0.0000 | Global 0.2250 | Local 0.0365 | F1_macro 0.6536 | WorstLoss 3.3535
[Tracker] Ep   12 | AvgR 0.0001 | Global 0.5702 | Local 0.0649 | F1_macro 0.6478 | WorstLoss 3.1963
[Tracker] Ep   13 | AvgR 0.0000 | Global 0.0000 | Local 0.0872 | F1_macro 0.6578 | WorstLoss 4.2404
[Tracker] Ep   14 | AvgR 0.0000 | Global 0.0023 | Local 0.0449 | F1_macro 0.6512 | WorstLoss 3.8400
[Tracker] Ep   15 | AvgR 0.0000 | Global 0.0095 | Local 0.0572 | F1_macro 0.6514 | WorstLoss 3.6935
[Tracker] Saved snapshot: ep0015_phase1_class1
[Tracker] Ep   16 | AvgR 0.0000 | Global 0.0032 | Local 0.0371 | F1_macro 0.6702 | WorstLoss 3.8060
[Tracker] Ep   17 | AvgR 0.0001 | Global 0.5946 | Local 0.0380 | F1_macro 0.6654 | WorstLoss 3.1916
[Tracker] Ep   18 | AvgR 0.0000 | Global 0.0074 | Local 0.0555 | F1_macro 0.6526 | WorstLoss 3.7212
[Tracker] Ep   19 | AvgR 0.0000 | Global 0.0029 | Local 0.0383 | F1_macro 0.6590 | WorstLoss 3.8142
[Tracker] Ep   20 | AvgR 0.0000 | Global 0.0000 | Local 0.0645 | F1_macro 0.6432 | WorstLoss 4.4267
[Tracker] Saved snapshot: ep0020_phase1_class1
[Tracker] Ep   21 | AvgR 0.0000 | Global 0.0132 | Local 0.0426 | F1_macro 0.6307 | WorstLoss 3.6621
[Tracker] Ep   22 | AvgR 0.0000 | Global 0.1096 | Local 0.0571 | F1_macro 0.6215 | WorstLoss 3.4403
[Tracker] Ep   23 | AvgR 0.0000 | Global 0.0000 | Local 0.0559 | F1_macro 0.6525 | WorstLoss 4.7306
[Tracker] Ep   24 | AvgR 0.0000 | Global 0.0028 | Local 0.0574 | F1_macro 0.6640 | WorstLoss 3.8184
[Tracker] Ep   25 | AvgR 0.0000 | Global 0.0233 | Local 0.0578 | F1_macro 0.6417 | WorstLoss 3.6045
[Tracker] Saved snapshot: ep0025_phase1_class1
[Tracker] Ep   26 | AvgR 0.0001 | Global 0.5783 | Local 0.0339 | F1_macro 0.6591 | WorstLoss 3.1986
[Tracker] Ep   27 | AvgR 0.0000 | Global 0.0000 | Local 0.0658 | F1_macro 0.6435 | WorstLoss 5.3910
[Tracker] Ep   28 | AvgR 0.0000 | Global 0.0059 | Local 0.0530 | F1_macro 0.6517 | WorstLoss 3.7433
[Tracker] Ep   29 | AvgR 0.0000 | Global 0.0176 | Local 0.0595 | F1_macro 0.6404 | WorstLoss 3.6339
[Tracker] Ep   30 | AvgR 0.0001 | Global 0.2605 | Local 0.0370 | F1_macro 0.6589 | WorstLoss 3.3373
[Tracker] Saved snapshot: ep0030_phase1_class1
[Tracker] Ep   31 | AvgR 0.0000 | Global 0.1482 | Local 0.0442 | F1_macro 0.6501 | WorstLoss 3.4054
[Tracker] Ep   32 | AvgR 0.0001 | Global 0.6958 | Local 0.0379 | F1_macro 0.6373 | WorstLoss 3.1458
[Tracker] Ep   33 | AvgR 0.0000 | Global 0.0006 | Local 0.0486 | F1_macro 0.6438 | WorstLoss 3.9618
[Tracker] Ep   34 | AvgR 0.0000 | Global 0.0724 | Local 0.0387 | F1_macro 0.6545 | WorstLoss 3.4873
[Tracker] Ep   35 | AvgR 0.0000 | Global 0.1271 | Local 0.0378 | F1_macro 0.6497 | WorstLoss 3.4239
[Tracker] Saved snapshot: ep0035_phase1_class1
[Tracker] Ep   36 | AvgR 0.0000 | Global 0.0290 | Local 0.0337 | F1_macro 0.6678 | WorstLoss 3.5820
[Tracker] Ep   37 | AvgR 0.0000 | Global 0.0000 | Local 0.0834 | F1_macro 0.6706 | WorstLoss 4.2706
[Tracker] Ep   38 | AvgR 0.0000 | Global 0.0012 | Local 0.0792 | F1_macro 0.6318 | WorstLoss 3.8983
[Tracker] Ep   39 | AvgR 0.0000 | Global 0.0269 | Local 0.0591 | F1_macro 0.6627 | WorstLoss 3.5889
[Tracker] Ep   40 | AvgR 0.0000 | Global 0.0358 | Local 0.0510 | F1_macro 0.6271 | WorstLoss 3.5623
[Tracker] Saved snapshot: ep0040_phase1_class1
[Tracker] Ep   41 | AvgR 0.0000 | Global 0.1912 | Local 0.0456 | F1_macro 0.6470 | WorstLoss 3.3753
[Tracker] Ep   42 | AvgR 0.0001 | Global 0.3265 | Local 0.0803 | F1_macro 0.6349 | WorstLoss 3.3009
[Tracker] Ep   43 | AvgR 0.0001 | Global 0.2386 | Local 0.0510 | F1_macro 0.6389 | WorstLoss 3.3472
[Tracker] Ep   44 | AvgR 0.0000 | Global 0.0009 | Local 0.0847 | F1_macro 0.6509 | WorstLoss 3.9251
[Tracker] Ep   45 | AvgR 0.0000 | Global 0.0950 | Local 0.0524 | F1_macro 0.6668 | WorstLoss 3.4567
[Tracker] Saved snapshot: ep0045_phase1_class1
[Tracker] Ep   46 | AvgR 0.0000 | Global 0.0003 | Local 0.0602 | F1_macro 0.6254 | WorstLoss 4.0583
[Tracker] Ep   47 | AvgR 0.0000 | Global 0.1095 | Local 0.0462 | F1_macro 0.6477 | WorstLoss 3.4402
[Tracker] Ep   48 | AvgR 0.0000 | Global 0.0058 | Local 0.0214 | F1_macro 0.6555 | WorstLoss 3.7473
[Tracker] Ep   49 | AvgR 0.0001 | Global 0.4191 | Local 0.0425 | F1_macro 0.6338 | WorstLoss 3.2631
[Tracker] Ep   50 | AvgR 0.0001 | Global 0.4484 | Local 0.0475 | F1_macro 0.6678 | WorstLoss 3.2547
[Tracker] Saved snapshot: ep0050_phase1_class1
[Tracker] Ep   51 | AvgR 0.0000 | Global 0.0000 | Local 0.0453 | F1_macro 0.6267 | WorstLoss 4.7641
[Tracker] Ep   52 | AvgR 0.0000 | Global 0.1407 | Local 0.0486 | F1_macro 0.6467 | WorstLoss 3.4120
[Tracker] Ep   53 | AvgR 0.0000 | Global 0.0164 | Local 0.0465 | F1_macro 0.6522 | WorstLoss 3.6421
[Tracker] Ep   54 | AvgR 0.0000 | Global 0.0322 | Local 0.0532 | F1_macro 0.6571 | WorstLoss 3.5725
[Tracker] Ep   55 | AvgR 0.0000 | Global 0.0450 | Local 0.0499 | F1_macro 0.6454 | WorstLoss 3.5366
[Tracker] Saved snapshot: ep0055_phase1_class1
[Tracker] Ep   56 | AvgR 0.0001 | Global 0.3908 | Local 0.0439 | F1_macro 0.6580 | WorstLoss 3.2768
[Tracker] Ep   57 | AvgR 0.0000 | Global 0.0053 | Local 0.0598 | F1_macro 0.6254 | WorstLoss 3.7524
[Tracker] Ep   58 | AvgR 0.0000 | Global 0.0438 | Local 0.0633 | F1_macro 0.6615 | WorstLoss 3.5424
[Tracker] Ep   59 | AvgR 0.0000 | Global 0.0011 | Local 0.0654 | F1_macro 0.6465 | WorstLoss 3.9125
[Tracker] Ep   60 | AvgR 0.0001 | Global 0.5582 | Local 0.0461 | F1_macro 0.6422 | WorstLoss 3.2052
[Tracker] Saved snapshot: ep0060_phase1_class1
[Tracker] Ep   61 | AvgR 0.0000 | Global 0.0001 | Local 0.0633 | F1_macro 0.6588 | WorstLoss 4.1881
[Tracker] Ep   62 | AvgR 0.0000 | Global 0.0095 | Local 0.0313 | F1_macro 0.6580 | WorstLoss 3.6985
[Tracker] Ep   63 | AvgR 0.0000 | Global 0.0135 | Local 0.0515 | F1_macro 0.6537 | WorstLoss 3.6618
[Tracker] Ep   64 | AvgR 0.0000 | Global 0.0000 | Local 0.0651 | F1_macro 0.6516 | WorstLoss 5.1084
[Tracker] Ep   65 | AvgR 0.0000 | Global 0.0037 | Local 0.0587 | F1_macro 0.6715 | WorstLoss 3.7888
[Tracker] Saved snapshot: ep0065_phase1_class1
[Tracker] Ep   66 | AvgR 0.0001 | Global 0.2870 | Local 0.0675 | F1_macro 0.6545 | WorstLoss 3.3233
[Tracker] Ep   67 | AvgR 0.0000 | Global 0.1061 | Local 0.0443 | F1_macro 0.6457 | WorstLoss 3.4462
[Tracker] Ep   68 | AvgR 0.0000 | Global 0.0749 | Local 0.0591 | F1_macro 0.6294 | WorstLoss 3.4814
[Tracker] Ep   69 | AvgR 0.0001 | Global 0.7070 | Local 0.0555 | F1_macro 0.6238 | WorstLoss 3.1356
[Tracker] Ep   70 | AvgR 0.0000 | Global 0.0108 | Local 0.0662 | F1_macro 0.6257 | WorstLoss 3.6799
[Tracker] Saved snapshot: ep0070_phase1_class1
[Tracker] Ep   71 | AvgR 0.0000 | Global 0.0078 | Local 0.0576 | F1_macro 0.6632 | WorstLoss 3.7154
[Tracker] Ep   72 | AvgR 0.0000 | Global 0.0462 | Local 0.0703 | F1_macro 0.6628 | WorstLoss 3.5315
[Tracker] Ep   73 | AvgR 0.0000 | Global 0.0031 | Local 0.0534 | F1_macro 0.6577 | WorstLoss 3.8099
[Tracker] Ep   74 | AvgR 0.0001 | Global 0.4199 | Local 0.0446 | F1_macro 0.6458 | WorstLoss 3.2628
[Tracker] Ep   75 | AvgR 0.0001 | Global 0.3441 | Local 0.0606 | F1_macro 0.6522 | WorstLoss 3.2962
[Tracker] Saved snapshot: ep0075_phase1_class1
[Tracker] Ep   76 | AvgR 0.0000 | Global 0.0009 | Local 0.0422 | F1_macro 0.6337 | WorstLoss 3.9345
[Tracker] Ep   77 | AvgR 0.0000 | Global 0.0183 | Local 0.0654 | F1_macro 0.6575 | WorstLoss 3.6297
[Tracker] Ep   78 | AvgR 0.0000 | Global 0.0015 | Local 0.0623 | F1_macro 0.6549 | WorstLoss 3.8779
[Tracker] Ep   79 | AvgR 0.0001 | Global 0.3977 | Local 0.0585 | F1_macro 0.6624 | WorstLoss 3.2737
[Tracker] Ep   80 | AvgR 0.0000 | Global 0.0689 | Local 0.0657 | F1_macro 0.6311 | WorstLoss 3.4891
[Tracker] Saved snapshot: ep0080_phase1_class1
[Tracker] Ep   81 | AvgR 0.0000 | Global 0.0001 | Local 0.0539 | F1_macro 0.6441 | WorstLoss 4.1123
[Tracker] Ep   82 | AvgR 0.0001 | Global 0.6736 | Local 0.0450 | F1_macro 0.6556 | WorstLoss 3.1512
[Tracker] Ep   83 | AvgR 0.0001 | Global 0.2358 | Local 0.0486 | F1_macro 0.6506 | WorstLoss 3.3495
[Tracker] Ep   84 | AvgR 0.0001 | Global 0.3078 | Local 0.0614 | F1_macro 0.6472 | WorstLoss 3.3113
[Tracker] Ep   85 | AvgR 0.0000 | Global 0.0003 | Local 0.0550 | F1_macro 0.6538 | WorstLoss 4.0450
[Tracker] Saved snapshot: ep0085_phase1_class1
[Tracker] Ep   86 | AvgR 0.0000 | Global 0.0151 | Local 0.0601 | F1_macro 0.6593 | WorstLoss 3.6498
[Tracker] Ep   87 | AvgR 0.0000 | Global 0.0057 | Local 0.0418 | F1_macro 0.6620 | WorstLoss 3.7483
[Tracker] Ep   88 | AvgR 0.0000 | Global 0.0165 | Local 0.0634 | F1_macro 0.6401 | WorstLoss 3.6408
[Tracker] Ep   89 | AvgR 0.0000 | Global 0.0259 | Local 0.0521 | F1_macro 0.6757 | WorstLoss 3.5932
[Tracker] Ep   90 | AvgR 0.0000 | Global 0.0000 | Local 0.0625 | F1_macro 0.6486 | WorstLoss 4.2428
[Tracker] Saved snapshot: ep0090_phase1_class1
[Tracker] Ep   91 | AvgR 0.0000 | Global 0.0000 | Local 0.0296 | F1_macro 0.6615 | WorstLoss 4.3855
[Tracker] Ep   92 | AvgR 0.0000 | Global 0.0006 | Local 0.0392 | F1_macro 0.6452 | WorstLoss 3.9799
[Tracker] Ep   93 | AvgR 0.0000 | Global 0.1552 | Local 0.0381 | F1_macro 0.6623 | WorstLoss 3.4025
[Tracker] Ep   94 | AvgR 0.0000 | Global 0.0004 | Local 0.0418 | F1_macro 0.6759 | WorstLoss 4.0241
[Tracker] Ep   95 | AvgR 0.0001 | Global 0.8015 | Local 0.0533 | F1_macro 0.6350 | WorstLoss 3.0839
[Tracker] Saved snapshot: ep0095_phase1_class1
[Tracker] New BEST synthetic [phase1_class1] (by global.global_obj: 0.801493) saved.
[Tracker] BEST β weights [phase1_class1] saved -> training_runs/SPECv16_bias05_rl_census_3seeds_EP800_PCA10_REWfairness_minID1_majID0_TRJ2000_REAL3000_BIAS0.05_GG202603180827_69232259/seed_42/best_beta_state_dict_phase1_class1.pt
[Tracker] Ep   96 | AvgR 0.0000 | Global 0.0000 | Local 0.0743 | F1_macro 0.6126 | WorstLoss 4.8824
[Tracker] Ep   97 | AvgR 0.0000 | Global 0.0053 | Local 0.0641 | F1_macro 0.6329 | WorstLoss 3.7491
[Tracker] Ep   98 | AvgR 0.0000 | Global 0.0001 | Local 0.0551 | F1_macro 0.6527 | WorstLoss 4.1082
[Tracker] Ep   99 | AvgR 0.0000 | Global 0.0208 | Local 0.0664 | F1_macro 0.6276 | WorstLoss 3.6171
[Tracker] Ep  100 | AvgR 0.0000 | Global 0.0001 | Local 0.0535 | F1_macro 0.6552 | WorstLoss 4.1185
[Tracker] Saved snapshot: ep0100_phase1_class1
[Tracker] Ep  101 | AvgR 0.0000 | Global 0.0031 | Local 0.0560 | F1_macro 0.6490 | WorstLoss 3.8065
[Tracker] Ep  102 | AvgR 0.0000 | Global 0.0658 | Local 0.0621 | F1_macro 0.6662 | WorstLoss 3.4987
[Tracker] Ep  103 | AvgR 0.0000 | Global 0.0000 | Local 0.0698 | F1_macro 0.6392 | WorstLoss 4.3148
[Tracker] Ep  104 | AvgR 0.0000 | Global 0.1876 | Local 0.0473 | F1_macro 0.6528 | WorstLoss 3.3786
[Tracker] Ep  105 | AvgR 0.0000 | Global 0.0000 | Local 0.0488 | F1_macro 0.6563 | WorstLoss 4.3785
[Tracker] Saved snapshot: ep0105_phase1_class1
[Tracker] Ep  106 | AvgR 0.0000 | Global 0.0014 | Local 0.0692 | F1_macro 0.6498 | WorstLoss 3.8851
[Tracker] Ep  107 | AvgR 0.0000 | Global 0.0196 | Local 0.0730 | F1_macro 0.6619 | WorstLoss 3.6220
[Tracker] Ep  108 | AvgR 0.0001 | Global 0.3599 | Local 0.0583 | F1_macro 0.6552 | WorstLoss 3.2886
[Tracker] Ep  109 | AvgR 0.0000 | Global 0.0000 | Local 0.0591 | F1_macro 0.6397 | WorstLoss 5.1223
[Tracker] Ep  110 | AvgR 0.0000 | Global 0.0000 | Local 0.0629 | F1_macro 0.6418 | WorstLoss 4.9173
[Tracker] Saved snapshot: ep0110_phase1_class1
[Tracker] Ep  111 | AvgR 0.0000 | Global 0.0003 | Local 0.0922 | F1_macro 0.6528 | WorstLoss 4.0538
[Tracker] Ep  112 | AvgR 0.0000 | Global 0.0000 | Local 0.0804 | F1_macro 0.6525 | WorstLoss 4.4852
[Tracker] Ep  113 | AvgR 0.0000 | Global 0.0008 | Local 0.0343 | F1_macro 0.6658 | WorstLoss 3.9478
[Tracker] Ep  114 | AvgR 0.0000 | Global 0.0000 | Local 0.0478 | F1_macro 0.6448 | WorstLoss 4.5774
[Tracker] Ep  115 | AvgR 0.0000 | Global 0.0000 | Local 0.0309 | F1_macro 0.6604 | WorstLoss 4.8469
[Tracker] Saved snapshot: ep0115_phase1_class1
[Tracker] Ep  116 | AvgR 0.0000 | Global 0.0000 | Local 0.0644 | F1_macro 0.6636 | WorstLoss 4.3613
[Tracker] Ep  117 | AvgR 0.0000 | Global 0.0027 | Local 0.0340 | F1_macro 0.6556 | WorstLoss 3.8219
[Tracker] Ep  118 | AvgR 0.0000 | Global 0.0000 | Local 0.0631 | F1_macro 0.6202 | WorstLoss 4.4132
[Tracker] Ep  119 | AvgR 0.0000 | Global 0.0035 | Local 0.0288 | F1_macro 0.6625 | WorstLoss 3.7962
[Tracker] Ep  120 | AvgR 0.0000 | Global 0.1026 | Local 0.0386 | F1_macro 0.6667 | WorstLoss 3.4492
[Tracker] Saved snapshot: ep0120_phase1_class1
[Tracker] Ep  121 | AvgR 0.0000 | Global 0.0000 | Local 0.0534 | F1_macro 0.6519 | WorstLoss 4.2386
[Tracker] Ep  122 | AvgR 0.0000 | Global 0.0000 | Local 0.0529 | F1_macro 0.6395 | WorstLoss 4.6899
[Tracker] Ep  123 | AvgR 0.0000 | Global 0.0000 | Local 0.0783 | F1_macro 0.6510 | WorstLoss 4.5844
[Tracker] Ep  124 | AvgR 0.0000 | Global 0.0002 | Local 0.0639 | F1_macro 0.6470 | WorstLoss 4.0812
[Tracker] Ep  125 | AvgR 0.0000 | Global 0.0516 | Local 0.0579 | F1_macro 0.6576 | WorstLoss 3.5233
[Tracker] Saved snapshot: ep0125_phase1_class1
[Tracker] Ep  126 | AvgR 0.0000 | Global 0.0000 | Local 0.0718 | F1_macro 0.6597 | WorstLoss 4.5038
[Tracker] Ep  127 | AvgR 0.0000 | Global 0.0000 | Local 0.0592 | F1_macro 0.6323 | WorstLoss 4.8764
[Tracker] Ep  128 | AvgR 0.0000 | Global 0.0023 | Local 0.0425 | F1_macro 0.6495 | WorstLoss 3.8401
[Tracker] Ep  129 | AvgR 0.0000 | Global 0.1051 | Local 0.0639 | F1_macro 0.6543 | WorstLoss 3.4437
[Tracker] Ep  130 | AvgR 0.0000 | Global 0.0063 | Local 0.0696 | F1_macro 0.6181 | WorstLoss 3.7369
[Tracker] Saved snapshot: ep0130_phase1_class1
[Tracker] Ep  131 | AvgR 0.0000 | Global 0.0000 | Local 0.0807 | F1_macro 0.6581 | WorstLoss 4.9534
[Tracker] Ep  132 | AvgR 0.0000 | Global 0.0000 | Local 0.0493 | F1_macro 0.6571 | WorstLoss 4.4832
[Tracker] Ep  133 | AvgR 0.0000 | Global 0.0000 | Local 0.0387 | F1_macro 0.6254 | WorstLoss 4.5184
[Tracker] Ep  134 | AvgR 0.0001 | Global 0.2202 | Local 0.0941 | F1_macro 0.6516 | WorstLoss 3.3546
[Tracker] Ep  135 | AvgR 0.0000 | Global 0.0218 | Local 0.0295 | F1_macro 0.6505 | WorstLoss 3.6135
[Tracker] Saved snapshot: ep0135_phase1_class1
[Tracker] Ep  136 | AvgR 0.0000 | Global 0.0035 | Local 0.0296 | F1_macro 0.6525 | WorstLoss 3.7976
[Tracker] Ep  137 | AvgR 0.0000 | Global 0.0574 | Local 0.0677 | F1_macro 0.6429 | WorstLoss 3.5114
[Tracker] Ep  138 | AvgR 0.0000 | Global 0.0001 | Local 0.0580 | F1_macro 0.6560 | WorstLoss 4.1502
[Tracker] Ep  139 | AvgR 0.0000 | Global 0.0456 | Local 0.0504 | F1_macro 0.6347 | WorstLoss 3.5335
[Tracker] Ep  140 | AvgR 0.0000 | Global 0.0058 | Local 0.0243 | F1_macro 0.6603 | WorstLoss 3.7472
[Tracker] Saved snapshot: ep0140_phase1_class1
[Tracker] Ep  141 | AvgR 0.0000 | Global 0.0000 | Local 0.0625 | F1_macro 0.6473 | WorstLoss 4.4199
[Tracker] Ep  142 | AvgR 0.0000 | Global 0.0000 | Local 0.0582 | F1_macro 0.6522 | WorstLoss 5.0577
[Tracker] Ep  143 | AvgR 0.0000 | Global 0.0000 | Local 0.0748 | F1_macro 0.6189 | WorstLoss 4.4640
[Tracker] Ep  144 | AvgR 0.0000 | Global 0.0009 | Local 0.0313 | F1_macro 0.6430 | WorstLoss 3.9337
[Tracker] Ep  145 | AvgR 0.0000 | Global 0.0114 | Local 0.0477 | F1_macro 0.6439 | WorstLoss 3.6753
[Tracker] Saved snapshot: ep0145_phase1_class1
[Tracker] Ep  146 | AvgR 0.0000 | Global 0.0000 | Local 0.0555 | F1_macro 0.6403 | WorstLoss 4.9509
[Tracker] Ep  147 | AvgR 0.0000 | Global 0.0000 | Local 0.0471 | F1_macro 0.6372 | WorstLoss 4.4837
[Tracker] Ep  148 | AvgR 0.0000 | Global 0.0000 | Local 0.0720 | F1_macro 0.6226 | WorstLoss 4.2606
[Tracker] Ep  149 | AvgR 0.0000 | Global 0.0001 | Local 0.0584 | F1_macro 0.6522 | WorstLoss 4.1717
[Tracker] Ep  150 | AvgR 0.0000 | Global 0.0000 | Local 0.0589 | F1_macro 0.6443 | WorstLoss 5.0558
[Tracker] Saved snapshot: ep0150_phase1_class1
[Tracker] Ep  151 | AvgR 0.0000 | Global 0.0000 | Local 0.0650 | F1_macro 0.6501 | WorstLoss 4.8186
[Tracker] Ep  152 | AvgR 0.0000 | Global 0.0001 | Local 0.0870 | F1_macro 0.6382 | WorstLoss 4.1458
[Tracker] Ep  153 | AvgR 0.0000 | Global 0.0001 | Local 0.0612 | F1_macro 0.6701 | WorstLoss 4.1462
[Tracker] Ep  154 | AvgR 0.0001 | Global 0.2332 | Local 0.0594 | F1_macro 0.6719 | WorstLoss 3.3518
[Tracker] Ep  155 | AvgR 0.0000 | Global 0.1311 | Local 0.0725 | F1_macro 0.6702 | WorstLoss 3.4195
[Tracker] Saved snapshot: ep0155_phase1_class1
[Tracker] Ep  156 | AvgR 0.0000 | Global 0.0000 | Local 0.0923 | F1_macro 0.6324 | WorstLoss 4.6039
[Tracker] Ep  157 | AvgR 0.0000 | Global 0.0000 | Local 0.0873 | F1_macro 0.6262 | WorstLoss 5.1852
[Tracker] Ep  158 | AvgR 0.0000 | Global 0.1348 | Local 0.0640 | F1_macro 0.6592 | WorstLoss 3.4173
[Tracker] Ep  159 | AvgR 0.0000 | Global 0.0000 | Local 0.0923 | F1_macro 0.6449 | WorstLoss 4.4265
[Tracker] Ep  160 | AvgR 0.0000 | Global 0.0407 | Local 0.0655 | F1_macro 0.6492 | WorstLoss 3.5480
[Tracker] Saved snapshot: ep0160_phase1_class1
[Tracker] Ep  161 | AvgR 0.0000 | Global 0.0003 | Local 0.0648 | F1_macro 0.6484 | WorstLoss 4.0557
[Tracker] Ep  162 | AvgR 0.0000 | Global 0.0186 | Local 0.0637 | F1_macro 0.6504 | WorstLoss 3.6263
[Tracker] Ep  163 | AvgR 0.0000 | Global 0.0389 | Local 0.0360 | F1_macro 0.6785 | WorstLoss 3.5530
[Tracker] Ep  164 | AvgR 0.0000 | Global 0.1768 | Local 0.0531 | F1_macro 0.6480 | WorstLoss 3.3866
[Tracker] Ep  165 | AvgR 0.0000 | Global 0.0067 | Local 0.0560 | F1_macro 0.6609 | WorstLoss 3.7332
[Tracker] Saved snapshot: ep0165_phase1_class1
[Tracker] Ep  166 | AvgR 0.0000 | Global 0.0002 | Local 0.0667 | F1_macro 0.6377 | WorstLoss 4.0861
[Tracker] Ep  167 | AvgR 0.0001 | Global 0.4546 | Local 0.0528 | F1_macro 0.6646 | WorstLoss 3.2488
[Tracker] Ep  168 | AvgR 0.0000 | Global 0.0629 | Local 0.0428 | F1_macro 0.6518 | WorstLoss 3.5025
[Tracker] Ep  169 | AvgR 0.0000 | Global 0.0612 | Local 0.0362 | F1_macro 0.6655 | WorstLoss 3.5045
[Tracker] Ep  170 | AvgR 0.0001 | Global 0.6244 | Local 0.0952 | F1_macro 0.6541 | WorstLoss 3.1809
[Tracker] Saved snapshot: ep0170_phase1_class1
[Tracker] Ep  171 | AvgR 0.0000 | Global 0.0001 | Local 0.0598 | F1_macro 0.6420 | WorstLoss 4.1196
[Tracker] Ep  172 | AvgR 0.0000 | Global 0.0052 | Local 0.0476 | F1_macro 0.6631 | WorstLoss 3.7558
[Tracker] Ep  173 | AvgR 0.0000 | Global 0.1147 | Local 0.0820 | F1_macro 0.6644 | WorstLoss 3.4350
[Tracker] Ep  174 | AvgR 0.0000 | Global 0.0161 | Local 0.0609 | F1_macro 0.6365 | WorstLoss 3.6445
[Tracker] Ep  175 | AvgR 0.0001 | Global 0.6982 | Local 0.0302 | F1_macro 0.6634 | WorstLoss 3.1476
[Tracker] Saved snapshot: ep0175_phase1_class1
[Tracker] Ep  176 | AvgR 0.0001 | Global 0.2148 | Local 0.0470 | F1_macro 0.6649 | WorstLoss 3.3618
[Tracker] Ep  177 | AvgR 0.0000 | Global 0.0019 | Local 0.0677 | F1_macro 0.6659 | WorstLoss 3.8559
[Tracker] Ep  178 | AvgR 0.0000 | Global 0.1123 | Local 0.0599 | F1_macro 0.6377 | WorstLoss 3.4399
[Tracker] Ep  179 | AvgR 0.0002 | Global 0.8188 | Local 0.0529 | F1_macro 0.6428 | WorstLoss 3.0744
[Tracker] New BEST synthetic [phase1_class1] (by global.global_obj: 0.818821) saved.
[Tracker] BEST β weights [phase1_class1] saved -> training_runs/SPECv16_bias05_rl_census_3seeds_EP800_PCA10_REWfairness_minID1_majID0_TRJ2000_REAL3000_BIAS0.05_GG202603180827_69232259/seed_42/best_beta_state_dict_phase1_class1.pt
[Tracker] Ep  180 | AvgR 0.0000 | Global 0.0064 | Local 0.0527 | F1_macro 0.6475 | WorstLoss 3.7360
[Tracker] Saved snapshot: ep0180_phase1_class1
[Tracker] Ep  181 | AvgR 0.0000 | Global 0.0147 | Local 0.0361 | F1_macro 0.6552 | WorstLoss 3.6529
[Tracker] Ep  182 | AvgR 0.0000 | Global 0.0005 | Local 0.0448 | F1_macro 0.6304 | WorstLoss 3.9857
[Tracker] Ep  183 | AvgR 0.0000 | Global 0.0195 | Local 0.0510 | F1_macro 0.6222 | WorstLoss 3.6245
[Tracker] Ep  184 | AvgR 0.0000 | Global 0.0008 | Local 0.0687 | F1_macro 0.6643 | WorstLoss 3.9407
[Tracker] Ep  185 | AvgR 0.0000 | Global 0.0235 | Local 0.0824 | F1_macro 0.6607 | WorstLoss 3.6027
[Tracker] Saved snapshot: ep0185_phase1_class1
[Tracker] Ep  186 | AvgR 0.0000 | Global 0.0193 | Local 0.0693 | F1_macro 0.6337 | WorstLoss 3.6262
[Tracker] Ep  187 | AvgR 0.0000 | Global 0.0000 | Local 0.0791 | F1_macro 0.6312 | WorstLoss 4.5768
[Tracker] Ep  188 | AvgR 0.0002 | Global 0.8239 | Local 0.0668 | F1_macro 0.6486 | WorstLoss 3.0728
[Tracker] New BEST synthetic [phase1_class1] (by global.global_obj: 0.823933) saved.
[Tracker] BEST β weights [phase1_class1] saved -> training_runs/SPECv16_bias05_rl_census_3seeds_EP800_PCA10_REWfairness_minID1_majID0_TRJ2000_REAL3000_BIAS0.05_GG202603180827_69232259/seed_42/best_beta_state_dict_phase1_class1.pt
[Tracker] Ep  189 | AvgR 0.0000 | Global 0.0050 | Local 0.0572 | F1_macro 0.6568 | WorstLoss 3.7609
[Tracker] Ep  190 | AvgR 0.0000 | Global 0.0013 | Local 0.0661 | F1_macro 0.6342 | WorstLoss 3.8968
[Tracker] Saved snapshot: ep0190_phase1_class1
[Tracker] Ep  191 | AvgR 0.0001 | Global 0.2626 | Local 0.0398 | F1_macro 0.6574 | WorstLoss 3.3355
[Tracker] Ep  192 | AvgR 0.0000 | Global 0.0005 | Local 0.0917 | F1_macro 0.6441 | WorstLoss 3.9895
[Tracker] Ep  193 | AvgR 0.0000 | Global 0.0339 | Local 0.0849 | F1_macro 0.6415 | WorstLoss 3.5657
[Tracker] Ep  194 | AvgR 0.0000 | Global 0.0395 | Local 0.0484 | F1_macro 0.6544 | WorstLoss 3.5517
[Tracker] Ep  195 | AvgR 0.0000 | Global 0.0000 | Local 0.0570 | F1_macro 0.6377 | WorstLoss 4.2681
[Tracker] Saved snapshot: ep0195_phase1_class1
[Tracker] Ep  196 | AvgR 0.0000 | Global 0.0000 | Local 0.0909 | F1_macro 0.6408 | WorstLoss 4.3433
[Tracker] Ep  197 | AvgR 0.0000 | Global 0.0000 | Local 0.0415 | F1_macro 0.6546 | WorstLoss 4.3985
[Tracker] Ep  198 | AvgR 0.0000 | Global 0.0004 | Local 0.0611 | F1_macro 0.6417 | WorstLoss 4.0223
[Tracker] Ep  199 | AvgR 0.0000 | Global 0.0440 | Local 0.0574 | F1_macro 0.6361 | WorstLoss 3.5393
[Tracker] Ep  200 | AvgR 0.0000 | Global 0.0001 | Local 0.0557 | F1_macro 0.6428 | WorstLoss 4.1997
[Tracker] Saved snapshot: ep0200_phase1_class1
[Tracker] Ep  201 | AvgR 0.0000 | Global 0.0000 | Local 0.0567 | F1_macro 0.6468 | WorstLoss 4.8122
[Tracker] Ep  202 | AvgR 0.0000 | Global 0.0026 | Local 0.0545 | F1_macro 0.6476 | WorstLoss 3.8276
[Tracker] Ep  203 | AvgR 0.0000 | Global 0.0443 | Local 0.0611 | F1_macro 0.6512 | WorstLoss 3.5381
[Tracker] Ep  204 | AvgR 0.0000 | Global 0.0000 | Local 0.0704 | F1_macro 0.6435 | WorstLoss 4.5700
[Tracker] Ep  205 | AvgR 0.0000 | Global 0.0000 | Local 0.0467 | F1_macro 0.6407 | WorstLoss 4.2622
[Tracker] Saved snapshot: ep0205_phase1_class1
[Tracker] Ep  206 | AvgR 0.0000 | Global 0.0000 | Local 0.0405 | F1_macro 0.6543 | WorstLoss 4.3497
[Tracker] Ep  207 | AvgR 0.0000 | Global 0.0004 | Local 0.0489 | F1_macro 0.6365 | WorstLoss 4.0188
[Tracker] Ep  208 | AvgR 0.0000 | Global 0.0109 | Local 0.0649 | F1_macro 0.6382 | WorstLoss 3.6800
[Tracker] Ep  209 | AvgR 0.0000 | Global 0.0007 | Local 0.0971 | F1_macro 0.6406 | WorstLoss 3.9567
[Tracker] Ep  210 | AvgR 0.0000 | Global 0.1197 | Local 0.0566 | F1_macro 0.6555 | WorstLoss 3.4320
[Tracker] Saved snapshot: ep0210_phase1_class1
[Tracker] Ep  211 | AvgR 0.0000 | Global 0.1747 | Local 0.0384 | F1_macro 0.6593 | WorstLoss 3.3859
[Tracker] Ep  212 | AvgR 0.0000 | Global 0.0646 | Local 0.0623 | F1_macro 0.6341 | WorstLoss 3.4967
[Tracker] Ep  213 | AvgR 0.0000 | Global 0.0012 | Local 0.0834 | F1_macro 0.6361 | WorstLoss 3.8986
[Tracker] Ep  214 | AvgR 0.0000 | Global 0.0014 | Local 0.0714 | F1_macro 0.6331 | WorstLoss 3.8882
[Tracker] Ep  215 | AvgR 0.0000 | Global 0.0011 | Local 0.0534 | F1_macro 0.6637 | WorstLoss 3.9141
[Tracker] Saved snapshot: ep0215_phase1_class1
[Tracker] Ep  216 | AvgR 0.0000 | Global 0.0000 | Local 0.0787 | F1_macro 0.6278 | WorstLoss 4.5728
[Tracker] Ep  217 | AvgR 0.0000 | Global 0.0017 | Local 0.0801 | F1_macro 0.6354 | WorstLoss 3.8635
[Tracker] Ep  218 | AvgR 0.0000 | Global 0.0000 | Local 0.0580 | F1_macro 0.6365 | WorstLoss 4.6140
[Tracker] Ep  219 | AvgR 0.0000 | Global 0.0006 | Local 0.0649 | F1_macro 0.6194 | WorstLoss 3.9734
[Tracker] Ep  220 | AvgR 0.0000 | Global 0.0165 | Local 0.0391 | F1_macro 0.6621 | WorstLoss 3.6409
[Tracker] Saved snapshot: ep0220_phase1_class1
[Tracker] Ep  221 | AvgR 0.0000 | Global 0.0000 | Local 0.0860 | F1_macro 0.6303 | WorstLoss 4.7430
[Tracker] Ep  222 | AvgR 0.0000 | Global 0.0006 | Local 0.0655 | F1_macro 0.6478 | WorstLoss 3.9686
[Tracker] Ep  223 | AvgR 0.0000 | Global 0.0014 | Local 0.0671 | F1_macro 0.6396 | WorstLoss 3.8845
[Tracker] Ep  224 | AvgR 0.0000 | Global 0.0000 | Local 0.0822 | F1_macro 0.6219 | WorstLoss 4.2818
[Tracker] Ep  225 | AvgR 0.0000 | Global 0.0104 | Local 0.0650 | F1_macro 0.6496 | WorstLoss 3.6841
[Tracker] Saved snapshot: ep0225_phase1_class1
[Tracker] Ep  226 | AvgR 0.0000 | Global 0.0223 | Local 0.0464 | F1_macro 0.6674 | WorstLoss 3.6075
[Tracker] Ep  227 | AvgR 0.0000 | Global 0.0000 | Local 0.0543 | F1_macro 0.6452 | WorstLoss 4.3068
[Tracker] Ep  228 | AvgR 0.0000 | Global 0.0000 | Local 0.0712 | F1_macro 0.6556 | WorstLoss 4.3486
[Tracker] Ep  229 | AvgR 0.0000 | Global 0.0000 | Local 0.0453 | F1_macro 0.6421 | WorstLoss 4.6758
[Tracker] Ep  230 | AvgR 0.0000 | Global 0.0000 | Local 0.0686 | F1_macro 0.6365 | WorstLoss 5.2770
[Tracker] Saved snapshot: ep0230_phase1_class1
[Tracker] Ep  231 | AvgR 0.0000 | Global 0.0001 | Local 0.0492 | F1_macro 0.6664 | WorstLoss 4.1530
[Tracker] Ep  232 | AvgR 0.0000 | Global 0.0000 | Local 0.0731 | F1_macro 0.6397 | WorstLoss 5.0372
[Tracker] Ep  233 | AvgR 0.0001 | Global 0.5118 | Local 0.0595 | F1_macro 0.6374 | WorstLoss 3.2157
[Tracker] Ep  234 | AvgR 0.0000 | Global 0.0000 | Local 0.0722 | F1_macro 0.6385 | WorstLoss 4.5645
[Tracker] Ep  235 | AvgR 0.0000 | Global 0.0000 | Local 0.0564 | F1_macro 0.6445 | WorstLoss 4.2747
[Tracker] Saved snapshot: ep0235_phase1_class1
[Tracker] Ep  236 | AvgR 0.0000 | Global 0.0000 | Local 0.0806 | F1_macro 0.6226 | WorstLoss 4.7839
[Tracker] Ep  237 | AvgR 0.0000 | Global 0.0002 | Local 0.0983 | F1_macro 0.6196 | WorstLoss 4.0853
[Tracker] Ep  238 | AvgR 0.0000 | Global 0.0000 | Local 0.0685 | F1_macro 0.6586 | WorstLoss 4.4536
[Tracker] Ep  239 | AvgR 0.0000 | Global 0.0006 | Local 0.0633 | F1_macro 0.6437 | WorstLoss 3.9670
[Tracker] Ep  240 | AvgR 0.0000 | Global 0.0252 | Local 0.0552 | F1_macro 0.6444 | WorstLoss 3.5946
[Tracker] Saved snapshot: ep0240_phase1_class1
[Tracker] Ep  241 | AvgR 0.0000 | Global 0.0000 | Local 0.0675 | F1_macro 0.6229 | WorstLoss 4.5327
[Tracker] Ep  242 | AvgR 0.0000 | Global 0.0035 | Local 0.1008 | F1_macro 0.6461 | WorstLoss 3.7936
[Tracker] Ep  243 | AvgR 0.0000 | Global 0.0000 | Local 0.0742 | F1_macro 0.6130 | WorstLoss 5.3429
[Tracker] Ep  244 | AvgR 0.0000 | Global 0.0002 | Local 0.0507 | F1_macro 0.6280 | WorstLoss 4.0584
[Tracker] Ep  245 | AvgR 0.0000 | Global 0.0079 | Local 0.0782 | F1_macro 0.6335 | WorstLoss 3.7096
[Tracker] Saved snapshot: ep0245_phase1_class1
[Tracker] Ep  246 | AvgR 0.0000 | Global 0.0000 | Local 0.0683 | F1_macro 0.6520 | WorstLoss 4.6477
[Tracker] Ep  247 | AvgR 0.0000 | Global 0.0007 | Local 0.0748 | F1_macro 0.6299 | WorstLoss 3.9625
[Tracker] Ep  248 | AvgR 0.0000 | Global 0.0007 | Local 0.0718 | F1_macro 0.6480 | WorstLoss 3.9520
[Tracker] Ep  249 | AvgR 0.0000 | Global 0.0000 | Local 0.0661 | F1_macro 0.6309 | WorstLoss 4.4566
[Tracker] Ep  250 | AvgR 0.0000 | Global 0.0022 | Local 0.0789 | F1_macro 0.6604 | WorstLoss 3.8377
[Tracker] Saved snapshot: ep0250_phase1_class1
[Tracker] Ep  251 | AvgR 0.0000 | Global 0.0000 | Local 0.0778 | F1_macro 0.6399 | WorstLoss 4.5304
[Tracker] Ep  252 | AvgR 0.0000 | Global 0.0002 | Local 0.0655 | F1_macro 0.6724 | WorstLoss 4.0884
[Tracker] Ep  253 | AvgR 0.0000 | Global 0.0000 | Local 0.0825 | F1_macro 0.6416 | WorstLoss 4.5658
[Tracker] Ep  254 | AvgR 0.0000 | Global 0.0173 | Local 0.0983 | F1_macro 0.6534 | WorstLoss 3.6366
[Tracker] Ep  255 | AvgR 0.0000 | Global 0.0006 | Local 0.0600 | F1_macro 0.6575 | WorstLoss 3.9669
[Tracker] Saved snapshot: ep0255_phase1_class1
[Tracker] Ep  256 | AvgR 0.0000 | Global 0.0002 | Local 0.0775 | F1_macro 0.6311 | WorstLoss 4.0576
[Tracker] Ep  257 | AvgR 0.0000 | Global 0.0000 | Local 0.0689 | F1_macro 0.6427 | WorstLoss 4.2924
[Tracker] Ep  258 | AvgR 0.0000 | Global 0.0020 | Local 0.0686 | F1_macro 0.6600 | WorstLoss 3.8531
[Tracker] Ep  259 | AvgR 0.0001 | Global 0.1514 | Local 0.0743 | F1_macro 0.6313 | WorstLoss 3.4014
[Tracker] Ep  260 | AvgR 0.0000 | Global 0.0003 | Local 0.0769 | F1_macro 0.6527 | WorstLoss 4.0356
[Tracker] Saved snapshot: ep0260_phase1_class1
[Tracker] Ep  261 | AvgR 0.0000 | Global 0.0000 | Local 0.0767 | F1_macro 0.6448 | WorstLoss 4.5660
[Tracker] Ep  262 | AvgR 0.0000 | Global 0.0059 | Local 0.0615 | F1_macro 0.6527 | WorstLoss 3.7437
[Tracker] Ep  263 | AvgR 0.0000 | Global 0.1475 | Local 0.0644 | F1_macro 0.6587 | WorstLoss 3.4057
[Tracker] Ep  264 | AvgR 0.0000 | Global 0.0000 | Local 0.0770 | F1_macro 0.6122 | WorstLoss 4.3101
[Tracker] Ep  265 | AvgR 0.0000 | Global 0.0011 | Local 0.0678 | F1_macro 0.6352 | WorstLoss 3.9083
[Tracker] Saved snapshot: ep0265_phase1_class1
[Tracker] Ep  266 | AvgR 0.0000 | Global 0.0000 | Local 0.0957 | F1_macro 0.6589 | WorstLoss 4.6516
[Tracker] Ep  267 | AvgR 0.0000 | Global 0.0006 | Local 0.0575 | F1_macro 0.6205 | WorstLoss 3.9735
[Tracker] Ep  268 | AvgR 0.0000 | Global 0.0001 | Local 0.0769 | F1_macro 0.6360 | WorstLoss 4.2025
[Tracker] Ep  269 | AvgR 0.0000 | Global 0.0000 | Local 0.0630 | F1_macro 0.6461 | WorstLoss 4.3350
[Tracker] Ep  270 | AvgR 0.0000 | Global 0.0016 | Local 0.0724 | F1_macro 0.6482 | WorstLoss 3.8741
[Tracker] Saved snapshot: ep0270_phase1_class1
[Tracker] Ep  271 | AvgR 0.0000 | Global 0.0031 | Local 0.0756 | F1_macro 0.6444 | WorstLoss 3.8073
[Tracker] Ep  272 | AvgR 0.0000 | Global 0.0201 | Local 0.0422 | F1_macro 0.6676 | WorstLoss 3.6199
[Tracker] Ep  273 | AvgR 0.0000 | Global 0.0048 | Local 0.0832 | F1_macro 0.6569 | WorstLoss 3.7645
[Tracker] Ep  274 | AvgR 0.0000 | Global 0.0023 | Local 0.0655 | F1_macro 0.6407 | WorstLoss 3.8351
[Tracker] Ep  275 | AvgR 0.0000 | Global 0.0134 | Local 0.0565 | F1_macro 0.6402 | WorstLoss 3.6620
[Tracker] Saved snapshot: ep0275_phase1_class1
[Tracker] Ep  276 | AvgR 0.0000 | Global 0.0000 | Local 0.0967 | F1_macro 0.6361 | WorstLoss 4.2352
[Tracker] Ep  277 | AvgR 0.0000 | Global 0.0000 | Local 0.0708 | F1_macro 0.6432 | WorstLoss 4.3181
[Tracker] Ep  278 | AvgR 0.0000 | Global 0.0000 | Local 0.0790 | F1_macro 0.6413 | WorstLoss 4.3284
[Tracker] Ep  279 | AvgR 0.0000 | Global 0.0000 | Local 0.0588 | F1_macro 0.6505 | WorstLoss 4.2843
[Tracker] Ep  280 | AvgR 0.0000 | Global 0.0004 | Local 0.0831 | F1_macro 0.6430 | WorstLoss 4.0037
[Tracker] Saved snapshot: ep0280_phase1_class1
[Tracker] Ep  281 | AvgR 0.0000 | Global 0.0000 | Local 0.0769 | F1_macro 0.6384 | WorstLoss 4.5770
[Tracker] Ep  282 | AvgR 0.0000 | Global 0.0222 | Local 0.0600 | F1_macro 0.6648 | WorstLoss 3.6104
[Tracker] Ep  283 | AvgR 0.0000 | Global 0.0022 | Local 0.0680 | F1_macro 0.6357 | WorstLoss 3.8412
[Tracker] Ep  284 | AvgR 0.0000 | Global 0.0001 | Local 0.0889 | F1_macro 0.6428 | WorstLoss 4.1611
[Tracker] Ep  285 | AvgR 0.0000 | Global 0.0001 | Local 0.0758 | F1_macro 0.6334 | WorstLoss 4.1497
[Tracker] Saved snapshot: ep0285_phase1_class1
[Tracker] Ep  286 | AvgR 0.0000 | Global 0.0000 | Local 0.0849 | F1_macro 0.6361 | WorstLoss 4.3030
[Tracker] Ep  287 | AvgR 0.0001 | Global 0.3501 | Local 0.0491 | F1_macro 0.6641 | WorstLoss 3.2937
[Tracker] Ep  288 | AvgR 0.0000 | Global 0.0011 | Local 0.0929 | F1_macro 0.6289 | WorstLoss 3.9107
[Tracker] Ep  289 | AvgR 0.0000 | Global 0.0396 | Local 0.0596 | F1_macro 0.6425 | WorstLoss 3.5471
[Tracker] Ep  290 | AvgR 0.0000 | Global 0.0008 | Local 0.0863 | F1_macro 0.6245 | WorstLoss 3.9463
[Tracker] Saved snapshot: ep0290_phase1_class1
[Tracker] Ep  291 | AvgR 0.0000 | Global 0.0000 | Local 0.0733 | F1_macro 0.6296 | WorstLoss 5.3916
[Tracker] Ep  292 | AvgR 0.0001 | Global 0.5959 | Local 0.1093 | F1_macro 0.6512 | WorstLoss 3.1835
[Tracker] Ep  293 | AvgR 0.0000 | Global 0.0002 | Local 0.0670 | F1_macro 0.6501 | WorstLoss 4.0600
[Tracker] Ep  294 | AvgR 0.0000 | Global 0.0000 | Local 0.0669 | F1_macro 0.6664 | WorstLoss 4.3596
[Tracker] Ep  295 | AvgR 0.0000 | Global 0.0000 | Local 0.0753 | F1_macro 0.6225 | WorstLoss 4.4262
[Tracker] Saved snapshot: ep0295_phase1_class1
[Tracker] Ep  296 | AvgR 0.0000 | Global 0.0008 | Local 0.0802 | F1_macro 0.6499 | WorstLoss 3.9364
[Tracker] Ep  297 | AvgR 0.0000 | Global 0.0004 | Local 0.0751 | F1_macro 0.6389 | WorstLoss 4.0139
[Tracker] Ep  298 | AvgR 0.0000 | Global 0.0000 | Local 0.0580 | F1_macro 0.6587 | WorstLoss 4.4139
[Tracker] Ep  299 | AvgR 0.0000 | Global 0.0002 | Local 0.0758 | F1_macro 0.6295 | WorstLoss 4.1001
[Tracker] Ep  300 | AvgR 0.0000 | Global 0.0055 | Local 0.0993 | F1_macro 0.6192 | WorstLoss 3.7458
[Tracker] Saved snapshot: ep0300_phase1_class1
[Tracker] Ep  301 | AvgR 0.0000 | Global 0.0301 | Local 0.0591 | F1_macro 0.6545 | WorstLoss 3.5771
[Tracker] Ep  302 | AvgR 0.0000 | Global 0.0002 | Local 0.0996 | F1_macro 0.6460 | WorstLoss 4.0943
[Tracker] Ep  303 | AvgR 0.0000 | Global 0.0001 | Local 0.0724 | F1_macro 0.6556 | WorstLoss 4.1305
[Tracker] Ep  304 | AvgR 0.0000 | Global 0.0000 | Local 0.0524 | F1_macro 0.6520 | WorstLoss 4.2547
[Tracker] Ep  305 | AvgR 0.0000 | Global 0.0001 | Local 0.0936 | F1_macro 0.6556 | WorstLoss 4.1847
[Tracker] Saved snapshot: ep0305_phase1_class1
[Tracker] Ep  306 | AvgR 0.0000 | Global 0.0000 | Local 0.1164 | F1_macro 0.6249 | WorstLoss 4.4480
[Tracker] Ep  307 | AvgR 0.0000 | Global 0.0001 | Local 0.0879 | F1_macro 0.6299 | WorstLoss 4.1223
[Tracker] Ep  308 | AvgR 0.0000 | Global 0.0000 | Local 0.0644 | F1_macro 0.6417 | WorstLoss 4.8512
[Tracker] Ep  309 | AvgR 0.0000 | Global 0.0008 | Local 0.0863 | F1_macro 0.6577 | WorstLoss 3.9369
[Tracker] Ep  310 | AvgR 0.0000 | Global 0.0020 | Local 0.0662 | F1_macro 0.6403 | WorstLoss 3.8477
[Tracker] Saved snapshot: ep0310_phase1_class1
[Tracker] Ep  311 | AvgR 0.0001 | Global 0.3063 | Local 0.0765 | F1_macro 0.6495 | WorstLoss 3.3104
[Tracker] Ep  312 | AvgR 0.0000 | Global 0.0023 | Local 0.0608 | F1_macro 0.6456 | WorstLoss 3.8378
[Tracker] Ep  313 | AvgR 0.0000 | Global 0.0074 | Local 0.0763 | F1_macro 0.6521 | WorstLoss 3.7176
[Tracker] Ep  314 | AvgR 0.0000 | Global 0.0542 | Local 0.1091 | F1_macro 0.6388 | WorstLoss 3.5159
[Tracker] Ep  315 | AvgR 0.0000 | Global 0.0039 | Local 0.0763 | F1_macro 0.6457 | WorstLoss 3.7848
[Tracker] Saved snapshot: ep0315_phase1_class1
[Tracker] Ep  316 | AvgR 0.0000 | Global 0.0589 | Local 0.0814 | F1_macro 0.6369 | WorstLoss 3.5067
[Tracker] Ep  317 | AvgR 0.0000 | Global 0.0000 | Local 0.0667 | F1_macro 0.6457 | WorstLoss 4.2868
[Tracker] Ep  318 | AvgR 0.0000 | Global 0.0000 | Local 0.0731 | F1_macro 0.6457 | WorstLoss 4.2307
[Tracker] Ep  319 | AvgR 0.0000 | Global 0.0002 | Local 0.0655 | F1_macro 0.6445 | WorstLoss 4.0676
[Tracker] Ep  320 | AvgR 0.0000 | Global 0.0080 | Local 0.0966 | F1_macro 0.6397 | WorstLoss 3.7106
[Tracker] Saved snapshot: ep0320_phase1_class1
[Tracker] Ep  321 | AvgR 0.0001 | Global 0.2529 | Local 0.1197 | F1_macro 0.6373 | WorstLoss 3.3367
[Tracker] Ep  322 | AvgR 0.0002 | Global 0.9407 | Local 0.0845 | F1_macro 0.6389 | WorstLoss 2.7339
[Tracker] New BEST synthetic [phase1_class1] (by global.global_obj: 0.940709) saved.
[Tracker] BEST β weights [phase1_class1] saved -> training_runs/SPECv16_bias05_rl_census_3seeds_EP800_PCA10_REWfairness_minID1_majID0_TRJ2000_REAL3000_BIAS0.05_GG202603180827_69232259/seed_42/best_beta_state_dict_phase1_class1.pt
[Tracker] Ep  323 | AvgR 0.0000 | Global 0.0027 | Local 0.0997 | F1_macro 0.6403 | WorstLoss 3.8200
[Tracker] Ep  324 | AvgR 0.0000 | Global 0.0007 | Local 0.0718 | F1_macro 0.6409 | WorstLoss 3.9625
[Tracker] Ep  325 | AvgR 0.0000 | Global 0.0003 | Local 0.1068 | F1_macro 0.6345 | WorstLoss 4.0270
[Tracker] Saved snapshot: ep0325_phase1_class1
[Tracker] Ep  326 | AvgR 0.0000 | Global 0.0150 | Local 0.1107 | F1_macro 0.6525 | WorstLoss 3.6464
[Tracker] Ep  327 | AvgR 0.0001 | Global 0.1315 | Local 0.1367 | F1_macro 0.6379 | WorstLoss 3.4129
[Tracker] Ep  328 | AvgR 0.0000 | Global 0.0005 | Local 0.0762 | F1_macro 0.6453 | WorstLoss 3.9868
[Tracker] Ep  329 | AvgR 0.0000 | Global 0.0000 | Local 0.0950 | F1_macro 0.6503 | WorstLoss 4.4959
[Tracker] Ep  330 | AvgR 0.0000 | Global 0.0101 | Local 0.1337 | F1_macro 0.6349 | WorstLoss 3.6862
[Tracker] Saved snapshot: ep0330_phase1_class1
[Tracker] Ep  331 | AvgR 0.0000 | Global 0.0000 | Local 0.0970 | F1_macro 0.6422 | WorstLoss 4.2957
[Tracker] Ep  332 | AvgR 0.0000 | Global 0.0001 | Local 0.1072 | F1_macro 0.6308 | WorstLoss 4.1095
[Tracker] Ep  333 | AvgR 0.0000 | Global 0.0005 | Local 0.0843 | F1_macro 0.6252 | WorstLoss 3.9829
[Tracker] Ep  334 | AvgR 0.0000 | Global 0.0007 | Local 0.0936 | F1_macro 0.6439 | WorstLoss 3.9509
[Tracker] Ep  335 | AvgR 0.0001 | Global 0.4716 | Local 0.1257 | F1_macro 0.6383 | WorstLoss 3.2287
[Tracker] Saved snapshot: ep0335_phase1_class1
[Tracker] Ep  336 | AvgR 0.0001 | Global 0.0001 | Local 0.1641 | F1_macro 0.6171 | WorstLoss 4.1310
[Tracker] Ep  337 | AvgR 0.0000 | Global 0.0005 | Local 0.1191 | F1_macro 0.6420 | WorstLoss 3.9785
[Tracker] Ep  338 | AvgR 0.0001 | Global 0.5605 | Local 0.0840 | F1_macro 0.6339 | WorstLoss 3.1920
[Tracker] Ep  339 | AvgR 0.0001 | Global 0.1014 | Local 0.1175 | F1_macro 0.6598 | WorstLoss 3.4481
[Tracker] Ep  340 | AvgR 0.0000 | Global 0.0001 | Local 0.1089 | F1_macro 0.6429 | WorstLoss 4.1930
[Tracker] Saved snapshot: ep0340_phase1_class1
[Tracker] Ep  341 | AvgR 0.0000 | Global 0.0001 | Local 0.1301 | F1_macro 0.6422 | WorstLoss 4.1135
[Tracker] Ep  342 | AvgR 0.0000 | Global 0.0013 | Local 0.0848 | F1_macro 0.6236 | WorstLoss 3.8903
[Tracker] Ep  343 | AvgR 0.0000 | Global 0.0018 | Local 0.1104 | F1_macro 0.6388 | WorstLoss 3.8555
[Tracker] Ep  344 | AvgR 0.0000 | Global 0.0014 | Local 0.1338 | F1_macro 0.6380 | WorstLoss 3.8789
[Tracker] Ep  345 | AvgR 0.0000 | Global 0.0037 | Local 0.1156 | F1_macro 0.6281 | WorstLoss 3.7863
[Tracker] Saved snapshot: ep0345_phase1_class1
[Tracker] Ep  346 | AvgR 0.0002 | Global 0.9401 | Local 0.1005 | F1_macro 0.6683 | WorstLoss 2.8570
[Tracker] Ep  347 | AvgR 0.0000 | Global 0.0651 | Local 0.0926 | F1_macro 0.6360 | WorstLoss 3.4965
[Tracker] Ep  348 | AvgR 0.0000 | Global 0.0000 | Local 0.1159 | F1_macro 0.6340 | WorstLoss 4.3516
[Tracker] Ep  349 | AvgR 0.0000 | Global 0.0386 | Local 0.1160 | F1_macro 0.6182 | WorstLoss 3.5445
[Tracker] Ep  350 | AvgR 0.0000 | Global 0.0016 | Local 0.0841 | F1_macro 0.6403 | WorstLoss 3.8745
[Tracker] Saved snapshot: ep0350_phase1_class1
[Tracker] Ep  351 | AvgR 0.0001 | Global 0.3517 | Local 0.0928 | F1_macro 0.6367 | WorstLoss 3.2839
[Tracker] Ep  352 | AvgR 0.0002 | Global 0.6943 | Local 0.0999 | F1_macro 0.6442 | WorstLoss 3.1383
[Tracker] Ep  353 | AvgR 0.0000 | Global 0.0131 | Local 0.1107 | F1_macro 0.6223 | WorstLoss 3.6595
[Tracker] Ep  354 | AvgR 0.0000 | Global 0.0018 | Local 0.1296 | F1_macro 0.6345 | WorstLoss 3.8591
[Tracker] Ep  355 | AvgR 0.0000 | Global 0.0001 | Local 0.1292 | F1_macro 0.6295 | WorstLoss 4.1488
[Tracker] Saved snapshot: ep0355_phase1_class1
[Tracker] Ep  356 | AvgR 0.0000 | Global 0.0056 | Local 0.1104 | F1_macro 0.6522 | WorstLoss 3.7440
[Tracker] Ep  357 | AvgR 0.0000 | Global 0.0004 | Local 0.1368 | F1_macro 0.6458 | WorstLoss 4.0194
[Tracker] Ep  358 | AvgR 0.0000 | Global 0.0003 | Local 0.1054 | F1_macro 0.6272 | WorstLoss 4.0422
[Tracker] Ep  359 | AvgR 0.0000 | Global 0.0023 | Local 0.1259 | F1_macro 0.6467 | WorstLoss 3.8321
[Tracker] Ep  360 | AvgR 0.0000 | Global 0.0015 | Local 0.1017 | F1_macro 0.6292 | WorstLoss 3.8760
[Tracker] Saved snapshot: ep0360_phase1_class1
[Tracker] Ep  361 | AvgR 0.0000 | Global 0.0027 | Local 0.1257 | F1_macro 0.6289 | WorstLoss 3.8149
[Tracker] Ep  362 | AvgR 0.0000 | Global 0.0000 | Local 0.1374 | F1_macro 0.6287 | WorstLoss 4.7019
[Tracker] Ep  363 | AvgR 0.0000 | Global 0.0000 | Local 0.1216 | F1_macro 0.6158 | WorstLoss 4.4068
[Tracker] Ep  364 | AvgR 0.0000 | Global 0.0002 | Local 0.1050 | F1_macro 0.6460 | WorstLoss 4.0614
[Tracker] Ep  365 | AvgR 0.0000 | Global 0.0015 | Local 0.1047 | F1_macro 0.6570 | WorstLoss 3.8762
[Tracker] Saved snapshot: ep0365_phase1_class1
[Tracker] Ep  366 | AvgR 0.0000 | Global 0.0061 | Local 0.1394 | F1_macro 0.6386 | WorstLoss 3.7366
[Tracker] Ep  367 | AvgR 0.0000 | Global 0.0011 | Local 0.1342 | F1_macro 0.6137 | WorstLoss 3.9008
[Tracker] Ep  368 | AvgR 0.0001 | Global 0.3355 | Local 0.0780 | F1_macro 0.6347 | WorstLoss 3.2911
[Tracker] Ep  369 | AvgR 0.0000 | Global 0.0000 | Local 0.1143 | F1_macro 0.6548 | WorstLoss 4.3127
[Tracker] Ep  370 | AvgR 0.0000 | Global 0.0002 | Local 0.1232 | F1_macro 0.6307 | WorstLoss 4.0782
[Tracker] Saved snapshot: ep0370_phase1_class1
[Tracker] Ep  371 | AvgR 0.0000 | Global 0.0000 | Local 0.1225 | F1_macro 0.6213 | WorstLoss 4.6497
[Tracker] Ep  372 | AvgR 0.0000 | Global 0.0130 | Local 0.1337 | F1_macro 0.6299 | WorstLoss 3.6597
[Tracker] Ep  373 | AvgR 0.0000 | Global 0.0000 | Local 0.1177 | F1_macro 0.6228 | WorstLoss 4.2423
[Tracker] Ep  374 | AvgR 0.0001 | Global 0.1306 | Local 0.1083 | F1_macro 0.6540 | WorstLoss 3.4173
[Tracker] Ep  375 | AvgR 0.0000 | Global 0.0000 | Local 0.0968 | F1_macro 0.6470 | WorstLoss 4.3763
[Tracker] Saved snapshot: ep0375_phase1_class1
[Tracker] Ep  376 | AvgR 0.0000 | Global 0.0037 | Local 0.0928 | F1_macro 0.6367 | WorstLoss 3.7869
[Tracker] Ep  377 | AvgR 0.0000 | Global 0.0025 | Local 0.1097 | F1_macro 0.6442 | WorstLoss 3.8279
[Tracker] Ep  378 | AvgR 0.0000 | Global 0.0000 | Local 0.1176 | F1_macro 0.6205 | WorstLoss 4.6953
[Tracker] Ep  379 | AvgR 0.0000 | Global 0.0003 | Local 0.1105 | F1_macro 0.6276 | WorstLoss 4.0190
[Tracker] Ep  380 | AvgR 0.0000 | Global 0.0005 | Local 0.1100 | F1_macro 0.6453 | WorstLoss 3.9946
[Tracker] Saved snapshot: ep0380_phase1_class1
[Tracker] Ep  381 | AvgR 0.0001 | Global 0.3363 | Local 0.1132 | F1_macro 0.6296 | WorstLoss 3.2933
[Tracker] Ep  382 | AvgR 0.0000 | Global 0.0099 | Local 0.1055 | F1_macro 0.6506 | WorstLoss 3.6877
[Tracker] Ep  383 | AvgR 0.0000 | Global 0.0380 | Local 0.1315 | F1_macro 0.6313 | WorstLoss 3.5518
[Tracker] Ep  384 | AvgR 0.0000 | Global 0.0356 | Local 0.0948 | F1_macro 0.6503 | WorstLoss 3.5595
[Tracker] Ep  385 | AvgR 0.0001 | Global 0.1068 | Local 0.1225 | F1_macro 0.6546 | WorstLoss 3.4403
[Tracker] Saved snapshot: ep0385_phase1_class1
[Tracker] Ep  386 | AvgR 0.0000 | Global 0.0055 | Local 0.1046 | F1_macro 0.6309 | WorstLoss 3.7448
[Tracker] Ep  387 | AvgR 0.0002 | Global 0.6305 | Local 0.1109 | F1_macro 0.6405 | WorstLoss 3.1666
[Tracker] Ep  388 | AvgR 0.0000 | Global 0.0000 | Local 0.1293 | F1_macro 0.6247 | WorstLoss 4.3654
[Tracker] Ep  389 | AvgR 0.0000 | Global 0.0000 | Local 0.1285 | F1_macro 0.6002 | WorstLoss 5.0572
[Tracker] Ep  390 | AvgR 0.0000 | Global 0.0000 | Local 0.1133 | F1_macro 0.6422 | WorstLoss 4.3403
[Tracker] Saved snapshot: ep0390_phase1_class1
[Tracker] Ep  391 | AvgR 0.0000 | Global 0.0002 | Local 0.1440 | F1_macro 0.6416 | WorstLoss 4.0645
[Tracker] Ep  392 | AvgR 0.0000 | Global 0.0052 | Local 0.1169 | F1_macro 0.6392 | WorstLoss 3.7493
[Tracker] Ep  393 | AvgR 0.0000 | Global 0.0025 | Local 0.1240 | F1_macro 0.6334 | WorstLoss 3.8233
[Tracker] Ep  394 | AvgR 0.0001 | Global 0.0143 | Local 0.1622 | F1_macro 0.6393 | WorstLoss 3.6487
[Tracker] Ep  395 | AvgR 0.0000 | Global 0.0351 | Local 0.1017 | F1_macro 0.6306 | WorstLoss 3.5577
[Tracker] Saved snapshot: ep0395_phase1_class1
[Tracker] Ep  396 | AvgR 0.0000 | Global 0.0013 | Local 0.1235 | F1_macro 0.6186 | WorstLoss 3.8874
[Tracker] Ep  397 | AvgR 0.0000 | Global 0.0000 | Local 0.1061 | F1_macro 0.6572 | WorstLoss 4.3255
[Tracker] Ep  398 | AvgR 0.0000 | Global 0.0015 | Local 0.1190 | F1_macro 0.6461 | WorstLoss 3.8761
[Tracker] Ep  399 | AvgR 0.0000 | Global 0.0001 | Local 0.1063 | F1_macro 0.6393 | WorstLoss 4.1325
[Tracker] Ep  400 | AvgR 0.0000 | Global 0.0019 | Local 0.1002 | F1_macro 0.6400 | WorstLoss 3.8524
[Tracker] Saved snapshot: ep0400_phase1_class1
[Tracker] Ep  401 | AvgR 0.0000 | Global 0.0003 | Local 0.1171 | F1_macro 0.6380 | WorstLoss 4.0462
[Tracker] Ep  402 | AvgR 0.0000 | Global 0.0002 | Local 0.0811 | F1_macro 0.6320 | WorstLoss 4.0973
[Tracker] Ep  403 | AvgR 0.0000 | Global 0.0068 | Local 0.0907 | F1_macro 0.6474 | WorstLoss 3.7265
[Tracker] Ep  404 | AvgR 0.0000 | Global 0.0001 | Local 0.1141 | F1_macro 0.6364 | WorstLoss 4.1653
[Tracker] Ep  405 | AvgR 0.0000 | Global 0.0004 | Local 0.1034 | F1_macro 0.6334 | WorstLoss 3.9996
[Tracker] Saved snapshot: ep0405_phase1_class1
[Tracker] Ep  406 | AvgR 0.0000 | Global 0.0001 | Local 0.1112 | F1_macro 0.6335 | WorstLoss 4.1245
[Tracker] Ep  407 | AvgR 0.0000 | Global 0.0000 | Local 0.1194 | F1_macro 0.6152 | WorstLoss 4.6827
[Tracker] Ep  408 | AvgR 0.0001 | Global 0.1191 | Local 0.1357 | F1_macro 0.6418 | WorstLoss 3.4285
[Tracker] Ep  409 | AvgR 0.0000 | Global 0.0140 | Local 0.1299 | F1_macro 0.6338 | WorstLoss 3.6543
[Tracker] Ep  410 | AvgR 0.0000 | Global 0.0000 | Local 0.1298 | F1_macro 0.6359 | WorstLoss 4.2176
[Tracker] Saved snapshot: ep0410_phase1_class1
[Tracker] Ep  411 | AvgR 0.0000 | Global 0.0007 | Local 0.1025 | F1_macro 0.6357 | WorstLoss 3.9452
[Tracker] Ep  412 | AvgR 0.0000 | Global 0.0000 | Local 0.1374 | F1_macro 0.6334 | WorstLoss 4.5632
[Tracker] Ep  413 | AvgR 0.0001 | Global 0.1631 | Local 0.1021 | F1_macro 0.6515 | WorstLoss 3.3892
[Tracker] Ep  414 | AvgR 0.0000 | Global 0.0000 | Local 0.1117 | F1_macro 0.6063 | WorstLoss 5.5034
[Tracker] Ep  415 | AvgR 0.0001 | Global 0.1110 | Local 0.1029 | F1_macro 0.6635 | WorstLoss 3.4350
[Tracker] Saved snapshot: ep0415_phase1_class1
[Tracker] Ep  416 | AvgR 0.0000 | Global 0.0208 | Local 0.1089 | F1_macro 0.6448 | WorstLoss 3.6123
[Tracker] Ep  417 | AvgR 0.0000 | Global 0.0009 | Local 0.1424 | F1_macro 0.6308 | WorstLoss 3.9230
[Tracker] Ep  418 | AvgR 0.0000 | Global 0.0003 | Local 0.1223 | F1_macro 0.6429 | WorstLoss 4.0421
[Tracker] Ep  419 | AvgR 0.0000 | Global 0.0022 | Local 0.1180 | F1_macro 0.6391 | WorstLoss 3.8369
[Tracker] Ep  420 | AvgR 0.0000 | Global 0.0001 | Local 0.1309 | F1_macro 0.6383 | WorstLoss 4.1438
[Tracker] Saved snapshot: ep0420_phase1_class1
[Tracker] Ep  421 | AvgR 0.0001 | Global 0.0501 | Local 0.1522 | F1_macro 0.6313 | WorstLoss 3.5198
[Tracker] Ep  422 | AvgR 0.0000 | Global 0.0000 | Local 0.1386 | F1_macro 0.6306 | WorstLoss 4.7685
[Tracker] Ep  423 | AvgR 0.0000 | Global 0.0735 | Local 0.0981 | F1_macro 0.6447 | WorstLoss 3.4801
[Tracker] Ep  424 | AvgR 0.0000 | Global 0.0008 | Local 0.1207 | F1_macro 0.6431 | WorstLoss 3.9348
[Tracker] Ep  425 | AvgR 0.0000 | Global 0.0176 | Local 0.1047 | F1_macro 0.6401 | WorstLoss 3.6301
[Tracker] Saved snapshot: ep0425_phase1_class1
[Tracker] Ep  426 | AvgR 0.0000 | Global 0.0000 | Local 0.1520 | F1_macro 0.6244 | WorstLoss 4.4702
[Tracker] Ep  427 | AvgR 0.0001 | Global 0.0977 | Local 0.1274 | F1_macro 0.6424 | WorstLoss 3.4530
[Tracker] Ep  428 | AvgR 0.0000 | Global 0.0000 | Local 0.1205 | F1_macro 0.6284 | WorstLoss 4.4085
[Tracker] Ep  429 | AvgR 0.0000 | Global 0.0000 | Local 0.1235 | F1_macro 0.6458 | WorstLoss 4.4510
[Tracker] Ep  430 | AvgR 0.0000 | Global 0.0550 | Local 0.1080 | F1_macro 0.6631 | WorstLoss 3.5134
[Tracker] Saved snapshot: ep0430_phase1_class1
[Tracker] Ep  431 | AvgR 0.0000 | Global 0.0001 | Local 0.1197 | F1_macro 0.6499 | WorstLoss 4.1070
[Tracker] Ep  432 | AvgR 0.0000 | Global 0.0002 | Local 0.1343 | F1_macro 0.6496 | WorstLoss 4.0721
[Tracker] Ep  433 | AvgR 0.0000 | Global 0.0000 | Local 0.1209 | F1_macro 0.6306 | WorstLoss 4.4191
[Tracker] Ep  434 | AvgR 0.0000 | Global 0.0000 | Local 0.1378 | F1_macro 0.6233 | WorstLoss 4.6071
[Tracker] Ep  435 | AvgR 0.0000 | Global 0.0131 | Local 0.1263 | F1_macro 0.6370 | WorstLoss 3.6594
[Tracker] Saved snapshot: ep0435_phase1_class1
[Tracker] Ep  436 | AvgR 0.0000 | Global 0.0025 | Local 0.1075 | F1_macro 0.6395 | WorstLoss 3.8275
[Tracker] Ep  437 | AvgR 0.0000 | Global 0.0000 | Local 0.1388 | F1_macro 0.6488 | WorstLoss 4.5682
[Tracker] Ep  438 | AvgR 0.0000 | Global 0.0001 | Local 0.0955 | F1_macro 0.6443 | WorstLoss 4.1583
[Tracker] Ep  439 | AvgR 0.0000 | Global 0.0365 | Local 0.1022 | F1_macro 0.6475 | WorstLoss 3.5553
[Tracker] Ep  440 | AvgR 0.0001 | Global 0.0717 | Local 0.1262 | F1_macro 0.6251 | WorstLoss 3.4820
[Tracker] Saved snapshot: ep0440_phase1_class1
[Tracker] Ep  441 | AvgR 0.0000 | Global 0.0009 | Local 0.1242 | F1_macro 0.6288 | WorstLoss 3.9257
[Tracker] Ep  442 | AvgR 0.0000 | Global 0.0216 | Local 0.1164 | F1_macro 0.6405 | WorstLoss 3.6085
[Tracker] Ep  443 | AvgR 0.0000 | Global 0.0000 | Local 0.1490 | F1_macro 0.6367 | WorstLoss 4.3797
[Tracker] Ep  444 | AvgR 0.0001 | Global 0.2890 | Local 0.1031 | F1_macro 0.6425 | WorstLoss 3.3149
[Tracker] Ep  445 | AvgR 0.0000 | Global 0.0003 | Local 0.1153 | F1_macro 0.6410 | WorstLoss 4.0385
[Tracker] Saved snapshot: ep0445_phase1_class1
[Tracker] Ep  446 | AvgR 0.0000 | Global 0.0001 | Local 0.1279 | F1_macro 0.6188 | WorstLoss 4.1566
[Tracker] Ep  447 | AvgR 0.0001 | Global 0.1493 | Local 0.1038 | F1_macro 0.6541 | WorstLoss 3.4020
[Tracker] Ep  448 | AvgR 0.0000 | Global 0.0001 | Local 0.1467 | F1_macro 0.6282 | WorstLoss 4.1885
[Tracker] Ep  449 | AvgR 0.0000 | Global 0.0001 | Local 0.1210 | F1_macro 0.6431 | WorstLoss 4.1813
[Tracker] Ep  450 | AvgR 0.0000 | Global 0.0000 | Local 0.1169 | F1_macro 0.6266 | WorstLoss 4.2159
[Tracker] Saved snapshot: ep0450_phase1_class1
[Tracker] Ep  451 | AvgR 0.0000 | Global 0.0090 | Local 0.0829 | F1_macro 0.6472 | WorstLoss 3.6982
[Tracker] Ep  452 | AvgR 0.0000 | Global 0.0608 | Local 0.0774 | F1_macro 0.6484 | WorstLoss 3.5011
[Tracker] Ep  453 | AvgR 0.0000 | Global 0.0001 | Local 0.1582 | F1_macro 0.6497 | WorstLoss 4.1799
[Tracker] Ep  454 | AvgR 0.0000 | Global 0.0035 | Local 0.1220 | F1_macro 0.6434 | WorstLoss 3.7906
[Tracker] Ep  455 | AvgR 0.0000 | Global 0.0000 | Local 0.1510 | F1_macro 0.6323 | WorstLoss 4.8891
[Tracker] Saved snapshot: ep0455_phase1_class1
[Tracker] Ep  456 | AvgR 0.0000 | Global 0.0000 | Local 0.1271 | F1_macro 0.6159 | WorstLoss 4.3185
[Tracker] Ep  457 | AvgR 0.0000 | Global 0.0208 | Local 0.1181 | F1_macro 0.6364 | WorstLoss 3.6100
[Tracker] Ep  458 | AvgR 0.0000 | Global 0.0005 | Local 0.1308 | F1_macro 0.6433 | WorstLoss 3.9867
[Tracker] Ep  459 | AvgR 0.0000 | Global 0.0001 | Local 0.1141 | F1_macro 0.6452 | WorstLoss 4.1752
[Tracker] Ep  460 | AvgR 0.0000 | Global 0.0104 | Local 0.1261 | F1_macro 0.6506 | WorstLoss 3.6816
[Tracker] Saved snapshot: ep0460_phase1_class1
[Tracker] Ep  461 | AvgR 0.0000 | Global 0.0000 | Local 0.1145 | F1_macro 0.6369 | WorstLoss 4.3781
[Tracker] Ep  462 | AvgR 0.0000 | Global 0.0000 | Local 0.1477 | F1_macro 0.6338 | WorstLoss 4.6515
[Tracker] Ep  463 | AvgR 0.0001 | Global 0.3607 | Local 0.1334 | F1_macro 0.6523 | WorstLoss 3.2838
[Tracker] Ep  464 | AvgR 0.0000 | Global 0.0322 | Local 0.1044 | F1_macro 0.6313 | WorstLoss 3.5662
[Tracker] Ep  465 | AvgR 0.0000 | Global 0.0001 | Local 0.1055 | F1_macro 0.6356 | WorstLoss 4.1140
[Tracker] Saved snapshot: ep0465_phase1_class1
[Tracker] Ep  466 | AvgR 0.0000 | Global 0.0003 | Local 0.1274 | F1_macro 0.6276 | WorstLoss 4.0485
[Tracker] Ep  467 | AvgR 0.0000 | Global 0.0000 | Local 0.1215 | F1_macro 0.6202 | WorstLoss 4.3760
[Tracker] Ep  468 | AvgR 0.0000 | Global 0.0006 | Local 0.1226 | F1_macro 0.6537 | WorstLoss 3.9760
[Tracker] Ep  469 | AvgR 0.0000 | Global 0.0001 | Local 0.1008 | F1_macro 0.6431 | WorstLoss 4.1557
[Tracker] Ep  470 | AvgR 0.0000 | Global 0.0120 | Local 0.1529 | F1_macro 0.6275 | WorstLoss 3.6632
[Tracker] Saved snapshot: ep0470_phase1_class1
[Tracker] Ep  471 | AvgR 0.0002 | Global 0.7626 | Local 0.0760 | F1_macro 0.6458 | WorstLoss 3.0917
[Tracker] Ep  472 | AvgR 0.0000 | Global 0.0002 | Local 0.0978 | F1_macro 0.6266 | WorstLoss 4.0923
[Tracker] Ep  473 | AvgR 0.0001 | Global 0.4701 | Local 0.0898 | F1_macro 0.6486 | WorstLoss 3.2337
[Tracker] Ep  474 | AvgR 0.0000 | Global 0.0007 | Local 0.1117 | F1_macro 0.6289 | WorstLoss 3.9561
[Tracker] Ep  475 | AvgR 0.0000 | Global 0.0012 | Local 0.1194 | F1_macro 0.6362 | WorstLoss 3.8990
[Tracker] Saved snapshot: ep0475_phase1_class1
[Tracker] Ep  476 | AvgR 0.0000 | Global 0.0000 | Local 0.1478 | F1_macro 0.6134 | WorstLoss 4.7845
[Tracker] Ep  477 | AvgR 0.0000 | Global 0.0035 | Local 0.1404 | F1_macro 0.6348 | WorstLoss 3.7919
[Tracker] Ep  478 | AvgR 0.0000 | Global 0.0000 | Local 0.1365 | F1_macro 0.6009 | WorstLoss 4.5245
[Tracker] Ep  479 | AvgR 0.0000 | Global 0.0000 | Local 0.1247 | F1_macro 0.6299 | WorstLoss 4.7333
[Tracker] Ep  480 | AvgR 0.0000 | Global 0.0001 | Local 0.1534 | F1_macro 0.6125 | WorstLoss 4.1818
[Tracker] Saved snapshot: ep0480_phase1_class1
[Tracker] Ep  481 | AvgR 0.0002 | Global 0.8938 | Local 0.1491 | F1_macro 0.6160 | WorstLoss 2.0723
[Tracker] Ep  482 | AvgR 0.0002 | Global 0.8527 | Local 0.1541 | F1_macro 0.6154 | WorstLoss 2.6454
[Tracker] Ep  483 | AvgR 0.0002 | Global 0.9004 | Local 0.1255 | F1_macro 0.6307 | WorstLoss 2.5307
[Tracker] Ep  484 | AvgR 0.0002 | Global 0.9410 | Local 0.1219 | F1_macro 0.6427 | WorstLoss 2.2753
[Tracker] New BEST synthetic [phase1_class1] (by global.global_obj: 0.940991) saved.
[Tracker] BEST β weights [phase1_class1] saved -> training_runs/SPECv16_bias05_rl_census_3seeds_EP800_PCA10_REWfairness_minID1_majID0_TRJ2000_REAL3000_BIAS0.05_GG202603180827_69232259/seed_42/best_beta_state_dict_phase1_class1.pt
[Tracker] Ep  485 | AvgR 0.0002 | Global 0.8319 | Local 0.1276 | F1_macro 0.6372 | WorstLoss 2.9387
[Tracker] Saved snapshot: ep0485_phase1_class1
[Tracker] Ep  486 | AvgR 0.0002 | Global 0.9463 | Local 0.1466 | F1_macro 0.6389 | WorstLoss 1.7867
[Tracker] New BEST synthetic [phase1_class1] (by global.global_obj: 0.946292) saved.
[Tracker] BEST β weights [phase1_class1] saved -> training_runs/SPECv16_bias05_rl_census_3seeds_EP800_PCA10_REWfairness_minID1_majID0_TRJ2000_REAL3000_BIAS0.05_GG202603180827_69232259/seed_42/best_beta_state_dict_phase1_class1.pt
[Tracker] Ep  487 | AvgR 0.0002 | Global 0.8670 | Local 0.1744 | F1_macro 0.6086 | WorstLoss 1.8504
[Tracker] Ep  488 | AvgR 0.0002 | Global 0.9102 | Local 0.1322 | F1_macro 0.6245 | WorstLoss 2.2131
[Tracker] Ep  489 | AvgR 0.0002 | Global 0.9381 | Local 0.1255 | F1_macro 0.6407 | WorstLoss 1.9676
[Tracker] Ep  490 | AvgR 0.0002 | Global 0.9208 | Local 0.1272 | F1_macro 0.6230 | WorstLoss 1.9752
[Tracker] Saved snapshot: ep0490_phase1_class1
[Tracker] Ep  491 | AvgR 0.0001 | Global 0.2015 | Local 0.1765 | F1_macro 0.6374 | WorstLoss 3.3560
[Tracker] Ep  492 | AvgR 0.0002 | Global 0.8689 | Local 0.1485 | F1_macro 0.6223 | WorstLoss 2.2122
[Tracker] Ep  493 | AvgR 0.0002 | Global 0.8915 | Local 0.1897 | F1_macro 0.6018 | WorstLoss 1.6523
[Tracker] Ep  494 | AvgR 0.0002 | Global 0.8924 | Local 0.1767 | F1_macro 0.6354 | WorstLoss 2.2926
[Tracker] Ep  495 | AvgR 0.0002 | Global 0.9299 | Local 0.1410 | F1_macro 0.6452 | WorstLoss 2.3626
[Tracker] Saved snapshot: ep0495_phase1_class1
[Tracker] Ep  496 | AvgR 0.0002 | Global 0.9139 | Local 0.1493 | F1_macro 0.6197 | WorstLoss 1.9331
[Tracker] Ep  497 | AvgR 0.0002 | Global 0.9114 | Local 0.1402 | F1_macro 0.6443 | WorstLoss 2.5369
[Tracker] Ep  498 | AvgR 0.0002 | Global 0.9226 | Local 0.1610 | F1_macro 0.6275 | WorstLoss 2.1949
[Tracker] Ep  499 | AvgR 0.0002 | Global 0.8753 | Local 0.1686 | F1_macro 0.6133 | WorstLoss 2.0667
[Tracker] Ep  500 | AvgR 0.0002 | Global 0.8894 | Local 0.1536 | F1_macro 0.6201 | WorstLoss 2.1380
[Tracker] Saved snapshot: ep0500_phase1_class1
[Tracker] Ep  501 | AvgR 0.0002 | Global 0.9040 | Local 0.1761 | F1_macro 0.6522 | WorstLoss 2.2265
[Tracker] Ep  502 | AvgR 0.0002 | Global 0.8943 | Local 0.1366 | F1_macro 0.6334 | WorstLoss 2.3161
[Tracker] Ep  503 | AvgR 0.0002 | Global 0.8216 | Local 0.1558 | F1_macro 0.6249 | WorstLoss 2.9511
[Tracker] Ep  504 | AvgR 0.0003 | Global 0.9419 | Local 0.1729 | F1_macro 0.6325 | WorstLoss 1.9146
[Tracker] Ep  505 | AvgR 0.0002 | Global 0.9243 | Local 0.1575 | F1_macro 0.6376 | WorstLoss 1.4710
[Tracker] Saved snapshot: ep0505_phase1_class1
[Tracker] Ep  506 | AvgR 0.0002 | Global 0.8589 | Local 0.1644 | F1_macro 0.6285 | WorstLoss 2.1639
[Tracker] Ep  507 | AvgR 0.0002 | Global 0.9490 | Local 0.1550 | F1_macro 0.6495 | WorstLoss 1.6268
[Tracker] New BEST synthetic [phase1_class1] (by global.global_obj: 0.949007) saved.
[Tracker] BEST β weights [phase1_class1] saved -> training_runs/SPECv16_bias05_rl_census_3seeds_EP800_PCA10_REWfairness_minID1_majID0_TRJ2000_REAL3000_BIAS0.05_GG202603180827_69232259/seed_42/best_beta_state_dict_phase1_class1.pt
[Tracker] Ep  508 | AvgR 0.0002 | Global 0.8857 | Local 0.1641 | F1_macro 0.6134 | WorstLoss 2.6823
[Tracker] Ep  509 | AvgR 0.0002 | Global 0.8774 | Local 0.2136 | F1_macro 0.6252 | WorstLoss 2.1178
[Tracker] Ep  510 | AvgR 0.0002 | Global 0.8664 | Local 0.1854 | F1_macro 0.6173 | WorstLoss 2.1590
[Tracker] Saved snapshot: ep0510_phase1_class1
[Tracker] Ep  511 | AvgR 0.0002 | Global 0.8879 | Local 0.1544 | F1_macro 0.6185 | WorstLoss 1.7701
[Tracker] Ep  512 | AvgR 0.0002 | Global 0.9094 | Local 0.1612 | F1_macro 0.6321 | WorstLoss 2.2167
[Tracker] Ep  513 | AvgR 0.0002 | Global 0.9253 | Local 0.1579 | F1_macro 0.6218 | WorstLoss 1.6883
[Tracker] Ep  514 | AvgR 0.0002 | Global 0.9093 | Local 0.1376 | F1_macro 0.6323 | WorstLoss 1.7868
[Tracker] Ep  515 | AvgR 0.0002 | Global 0.8705 | Local 0.1804 | F1_macro 0.6239 | WorstLoss 1.6937
[Tracker] Saved snapshot: ep0515_phase1_class1
[Tracker] Ep  516 | AvgR 0.0002 | Global 0.8243 | Local 0.1599 | F1_macro 0.6423 | WorstLoss 2.8395
[Tracker] Ep  517 | AvgR 0.0002 | Global 0.8994 | Local 0.1758 | F1_macro 0.6194 | WorstLoss 2.5118
[Tracker] Ep  518 | AvgR 0.0002 | Global 0.8934 | Local 0.1450 | F1_macro 0.6222 | WorstLoss 2.7064
[Tracker] Ep  519 | AvgR 0.0002 | Global 0.9084 | Local 0.1249 | F1_macro 0.6255 | WorstLoss 1.6372
[Tracker] Ep  520 | AvgR 0.0002 | Global 0.8874 | Local 0.1922 | F1_macro 0.6260 | WorstLoss 2.2390
[Tracker] Saved snapshot: ep0520_phase1_class1
[Tracker] Ep  521 | AvgR 0.0003 | Global 0.9088 | Local 0.1989 | F1_macro 0.6045 | WorstLoss 1.5462
[Tracker] Ep  522 | AvgR 0.0003 | Global 0.9226 | Local 0.1813 | F1_macro 0.6081 | WorstLoss 1.7739
[Tracker] Ep  523 | AvgR 0.0002 | Global 0.8967 | Local 0.1529 | F1_macro 0.6308 | WorstLoss 1.9421
[Tracker] Ep  524 | AvgR 0.0002 | Global 0.9022 | Local 0.1918 | F1_macro 0.6376 | WorstLoss 2.1565
[Tracker] Ep  525 | AvgR 0.0002 | Global 0.8884 | Local 0.1538 | F1_macro 0.6239 | WorstLoss 1.7909
[Tracker] Saved snapshot: ep0525_phase1_class1
[Tracker] Ep  526 | AvgR 0.0002 | Global 0.9142 | Local 0.1653 | F1_macro 0.6359 | WorstLoss 1.9042
[Tracker] Ep  527 | AvgR 0.0003 | Global 0.9052 | Local 0.1946 | F1_macro 0.6244 | WorstLoss 1.7480
[Tracker] Ep  528 | AvgR 0.0002 | Global 0.8783 | Local 0.1836 | F1_macro 0.6042 | WorstLoss 1.7755
[Tracker] Ep  529 | AvgR 0.0003 | Global 0.8843 | Local 0.2206 | F1_macro 0.6122 | WorstLoss 1.5250
[Tracker] Ep  530 | AvgR 0.0002 | Global 0.9296 | Local 0.1576 | F1_macro 0.6091 | WorstLoss 2.4773
[Tracker] Saved snapshot: ep0530_phase1_class1
[Tracker] Ep  531 | AvgR 0.0002 | Global 0.9217 | Local 0.1376 | F1_macro 0.6081 | WorstLoss 2.6147
[Tracker] Ep  532 | AvgR 0.0003 | Global 0.9174 | Local 0.1835 | F1_macro 0.6152 | WorstLoss 1.9112
[Tracker] Ep  533 | AvgR 0.0002 | Global 0.8993 | Local 0.1555 | F1_macro 0.6401 | WorstLoss 2.0527
[Tracker] Ep  534 | AvgR 0.0002 | Global 0.9460 | Local 0.0840 | F1_macro 0.6464 | WorstLoss 2.0410
[Tracker] Ep  535 | AvgR 0.0002 | Global 0.9130 | Local 0.1651 | F1_macro 0.6105 | WorstLoss 1.7359
[Tracker] Saved snapshot: ep0535_phase1_class1
[Tracker] Ep  536 | AvgR 0.0002 | Global 0.9140 | Local 0.1312 | F1_macro 0.6395 | WorstLoss 1.8260
[Tracker] Ep  537 | AvgR 0.0002 | Global 0.9096 | Local 0.1750 | F1_macro 0.6229 | WorstLoss 1.7037
[Tracker] Ep  538 | AvgR 0.0002 | Global 0.9013 | Local 0.1682 | F1_macro 0.6163 | WorstLoss 1.7318
[Tracker] Ep  539 | AvgR 0.0002 | Global 0.8840 | Local 0.2006 | F1_macro 0.6288 | WorstLoss 2.2438
[Tracker] Ep  540 | AvgR 0.0003 | Global 0.9224 | Local 0.1857 | F1_macro 0.6285 | WorstLoss 2.2015
[Tracker] Saved snapshot: ep0540_phase1_class1
[Tracker] Ep  541 | AvgR 0.0002 | Global 0.8971 | Local 0.1621 | F1_macro 0.6201 | WorstLoss 2.5642
[Tracker] Ep  542 | AvgR 0.0002 | Global 0.9245 | Local 0.1537 | F1_macro 0.6189 | WorstLoss 1.6827
[Tracker] Ep  543 | AvgR 0.0002 | Global 0.9156 | Local 0.1461 | F1_macro 0.6245 | WorstLoss 1.7839
[Tracker] Ep  544 | AvgR 0.0002 | Global 0.9241 | Local 0.1185 | F1_macro 0.6444 | WorstLoss 2.4080
[Tracker] Ep  545 | AvgR 0.0002 | Global 0.8652 | Local 0.1666 | F1_macro 0.6353 | WorstLoss 2.8881
[Tracker] Saved snapshot: ep0545_phase1_class1
[Tracker] Ep  546 | AvgR 0.0002 | Global 0.9018 | Local 0.1447 | F1_macro 0.6236 | WorstLoss 2.0751
[Tracker] Ep  547 | AvgR 0.0003 | Global 0.9308 | Local 0.1773 | F1_macro 0.6226 | WorstLoss 1.4204
[Tracker] Ep  548 | AvgR 0.0003 | Global 0.8976 | Local 0.2081 | F1_macro 0.5966 | WorstLoss 1.8757
[Tracker] Ep  549 | AvgR 0.0002 | Global 0.8009 | Local 0.1752 | F1_macro 0.6340 | WorstLoss 2.9690
[Tracker] Ep  550 | AvgR 0.0002 | Global 0.9229 | Local 0.1560 | F1_macro 0.6267 | WorstLoss 1.5238
[Tracker] Saved snapshot: ep0550_phase1_class1
[Tracker] Ep  551 | AvgR 0.0002 | Global 0.9381 | Local 0.1209 | F1_macro 0.6209 | WorstLoss 2.2242
[Tracker] Ep  552 | AvgR 0.0003 | Global 0.9317 | Local 0.1710 | F1_macro 0.6179 | WorstLoss 1.5108
[Tracker] Ep  553 | AvgR 0.0002 | Global 0.9124 | Local 0.1781 | F1_macro 0.6164 | WorstLoss 1.6363
[Tracker] Ep  554 | AvgR 0.0002 | Global 0.9319 | Local 0.1401 | F1_macro 0.6251 | WorstLoss 1.5108
[Tracker] Ep  555 | AvgR 0.0002 | Global 0.8621 | Local 0.1778 | F1_macro 0.6124 | WorstLoss 1.8754
[Tracker] Saved snapshot: ep0555_phase1_class1
[Tracker] Ep  556 | AvgR 0.0002 | Global 0.8994 | Local 0.1284 | F1_macro 0.6365 | WorstLoss 2.2434
[Tracker] Ep  557 | AvgR 0.0002 | Global 0.9181 | Local 0.1507 | F1_macro 0.6406 | WorstLoss 2.1460
[Tracker] Ep  558 | AvgR 0.0002 | Global 0.9330 | Local 0.1443 | F1_macro 0.6179 | WorstLoss 1.4240
[Tracker] Ep  559 | AvgR 0.0002 | Global 0.9210 | Local 0.1663 | F1_macro 0.6198 | WorstLoss 1.7381
[Tracker] Ep  560 | AvgR 0.0002 | Global 0.9097 | Local 0.1516 | F1_macro 0.6241 | WorstLoss 1.9189
[Tracker] Saved snapshot: ep0560_phase1_class1
[Tracker] Ep  561 | AvgR 0.0002 | Global 0.8978 | Local 0.1717 | F1_macro 0.6020 | WorstLoss 1.8767
[Tracker] Ep  562 | AvgR 0.0003 | Global 0.9492 | Local 0.1586 | F1_macro 0.6529 | WorstLoss 1.3377
[Tracker] New BEST synthetic [phase1_class1] (by global.global_obj: 0.949200) saved.
[Tracker] BEST β weights [phase1_class1] saved -> training_runs/SPECv16_bias05_rl_census_3seeds_EP800_PCA10_REWfairness_minID1_majID0_TRJ2000_REAL3000_BIAS0.05_GG202603180827_69232259/seed_42/best_beta_state_dict_phase1_class1.pt
[Tracker] Ep  563 | AvgR 0.0002 | Global 0.9259 | Local 0.1476 | F1_macro 0.6188 | WorstLoss 1.5831
[Tracker] Ep  564 | AvgR 0.0002 | Global 0.8911 | Local 0.1653 | F1_macro 0.5983 | WorstLoss 2.4877
[Tracker] Ep  565 | AvgR 0.0003 | Global 0.9087 | Local 0.1778 | F1_macro 0.6169 | WorstLoss 1.8996
[Tracker] Saved snapshot: ep0565_phase1_class1
[Tracker] Ep  566 | AvgR 0.0003 | Global 0.8832 | Local 0.2418 | F1_macro 0.6231 | WorstLoss 1.7834
[Tracker] Ep  567 | AvgR 0.0003 | Global 0.8955 | Local 0.1923 | F1_macro 0.6150 | WorstLoss 1.5816
[Tracker] Ep  568 | AvgR 0.0002 | Global 0.9056 | Local 0.1507 | F1_macro 0.6060 | WorstLoss 2.3326
[Tracker] Ep  569 | AvgR 0.0002 | Global 0.9202 | Local 0.1150 | F1_macro 0.6400 | WorstLoss 1.5691
[Tracker] Ep  570 | AvgR 0.0002 | Global 0.9162 | Local 0.1471 | F1_macro 0.6406 | WorstLoss 2.0336
[Tracker] Saved snapshot: ep0570_phase1_class1
[Tracker] Ep  571 | AvgR 0.0003 | Global 0.8874 | Local 0.1964 | F1_macro 0.6245 | WorstLoss 1.4501
[Tracker] Ep  572 | AvgR 0.0002 | Global 0.8778 | Local 0.1817 | F1_macro 0.6278 | WorstLoss 2.2686
[Tracker] Ep  573 | AvgR 0.0002 | Global 0.8995 | Local 0.1502 | F1_macro 0.6187 | WorstLoss 2.0968
[Tracker] Ep  574 | AvgR 0.0002 | Global 0.9026 | Local 0.1627 | F1_macro 0.6020 | WorstLoss 1.5178
[Tracker] Ep  575 | AvgR 0.0002 | Global 0.9213 | Local 0.1444 | F1_macro 0.6199 | WorstLoss 1.7726
[Tracker] Saved snapshot: ep0575_phase1_class1
[Tracker] Ep  576 | AvgR 0.0002 | Global 0.8909 | Local 0.1826 | F1_macro 0.6036 | WorstLoss 1.5504
[Tracker] Ep  577 | AvgR 0.0002 | Global 0.9212 | Local 0.1303 | F1_macro 0.6460 | WorstLoss 1.8866
[Tracker] Ep  578 | AvgR 0.0002 | Global 0.8714 | Local 0.1938 | F1_macro 0.6211 | WorstLoss 2.1763
[Tracker] Ep  579 | AvgR 0.0003 | Global 0.9012 | Local 0.1926 | F1_macro 0.6140 | WorstLoss 2.1787
[Tracker] Ep  580 | AvgR 0.0002 | Global 0.8831 | Local 0.1890 | F1_macro 0.6156 | WorstLoss 1.5849
[Tracker] Saved snapshot: ep0580_phase1_class1
[Tracker] Ep  581 | AvgR 0.0003 | Global 0.9137 | Local 0.1877 | F1_macro 0.6185 | WorstLoss 2.0773
[Tracker] Ep  582 | AvgR 0.0002 | Global 0.8866 | Local 0.1524 | F1_macro 0.6094 | WorstLoss 1.9692
[Tracker] Ep  583 | AvgR 0.0002 | Global 0.8989 | Local 0.1765 | F1_macro 0.6272 | WorstLoss 1.9723
[Tracker] Ep  584 | AvgR 0.0002 | Global 0.8495 | Local 0.1457 | F1_macro 0.6367 | WorstLoss 2.7031
[Tracker] Ep  585 | AvgR 0.0001 | Global 0.1718 | Local 0.1481 | F1_macro 0.6100 | WorstLoss 3.3715
[Tracker] Saved snapshot: ep0585_phase1_class1
[Tracker] Ep  586 | AvgR 0.0002 | Global 0.9000 | Local 0.1540 | F1_macro 0.6326 | WorstLoss 2.0018
[Tracker] Ep  587 | AvgR 0.0002 | Global 0.8868 | Local 0.1760 | F1_macro 0.6220 | WorstLoss 2.0198
[Tracker] Ep  588 | AvgR 0.0003 | Global 0.9100 | Local 0.2226 | F1_macro 0.6398 | WorstLoss 2.5994
[Tracker] Ep  589 | AvgR 0.0002 | Global 0.9387 | Local 0.1438 | F1_macro 0.6592 | WorstLoss 1.9127
[Tracker] Ep  590 | AvgR 0.0002 | Global 0.5376 | Local 0.1614 | F1_macro 0.5938 | WorstLoss 3.1856
[Tracker] Saved snapshot: ep0590_phase1_class1
[Tracker] Ep  591 | AvgR 0.0002 | Global 0.8117 | Local 0.1622 | F1_macro 0.6212 | WorstLoss 1.9534
[Tracker] Ep  592 | AvgR 0.0002 | Global 0.9025 | Local 0.1620 | F1_macro 0.6153 | WorstLoss 2.2173
[Tracker] Ep  593 | AvgR 0.0002 | Global 0.9047 | Local 0.1473 | F1_macro 0.6465 | WorstLoss 2.1308
[Tracker] Ep  594 | AvgR 0.0003 | Global 0.9182 | Local 0.2072 | F1_macro 0.6479 | WorstLoss 1.9807
[Tracker] Ep  595 | AvgR 0.0003 | Global 0.9101 | Local 0.2213 | F1_macro 0.6243 | WorstLoss 1.9142
[Tracker] Saved snapshot: ep0595_phase1_class1
[Tracker] Ep  596 | AvgR 0.0002 | Global 0.8973 | Local 0.1386 | F1_macro 0.6211 | WorstLoss 2.0933
[Tracker] Ep  597 | AvgR 0.0002 | Global 0.8651 | Local 0.1616 | F1_macro 0.6308 | WorstLoss 2.2993
[Tracker] Ep  598 | AvgR 0.0002 | Global 0.8898 | Local 0.1274 | F1_macro 0.6030 | WorstLoss 2.1960
[Tracker] Ep  599 | AvgR 0.0002 | Global 0.9223 | Local 0.1356 | F1_macro 0.6218 | WorstLoss 1.4924
[Tracker] Ep  600 | AvgR 0.0002 | Global 0.9145 | Local 0.1482 | F1_macro 0.6189 | WorstLoss 1.9410
[Tracker] Saved snapshot: ep0600_phase1_class1
[Tracker] Ep  601 | AvgR 0.0003 | Global 0.9232 | Local 0.1831 | F1_macro 0.6248 | WorstLoss 1.7297
[Tracker] Ep  602 | AvgR 0.0002 | Global 0.9167 | Local 0.1512 | F1_macro 0.6223 | WorstLoss 1.7604
[Tracker] Ep  603 | AvgR 0.0002 | Global 0.8630 | Local 0.1889 | F1_macro 0.5982 | WorstLoss 1.8325
[Tracker] Ep  604 | AvgR 0.0003 | Global 0.9137 | Local 0.2142 | F1_macro 0.6145 | WorstLoss 1.4519
[Tracker] Ep  605 | AvgR 0.0002 | Global 0.8886 | Local 0.1569 | F1_macro 0.6238 | WorstLoss 2.5751
[Tracker] Saved snapshot: ep0605_phase1_class1
[Tracker] Ep  606 | AvgR 0.0002 | Global 0.8750 | Local 0.1593 | F1_macro 0.6131 | WorstLoss 2.3043
[Tracker] Ep  607 | AvgR 0.0002 | Global 0.8923 | Local 0.1623 | F1_macro 0.6319 | WorstLoss 2.0414
[Tracker] Ep  608 | AvgR 0.0002 | Global 0.8645 | Local 0.1908 | F1_macro 0.5957 | WorstLoss 2.4556
[Tracker] Ep  609 | AvgR 0.0002 | Global 0.8871 | Local 0.1745 | F1_macro 0.6274 | WorstLoss 2.1950
[Tracker] Ep  610 | AvgR 0.0003 | Global 0.9418 | Local 0.1705 | F1_macro 0.6192 | WorstLoss 1.5477
[Tracker] Saved snapshot: ep0610_phase1_class1
[Tracker] Ep  611 | AvgR 0.0002 | Global 0.8864 | Local 0.1526 | F1_macro 0.6109 | WorstLoss 2.0398
[Tracker] Ep  612 | AvgR 0.0002 | Global 0.9261 | Local 0.1417 | F1_macro 0.6401 | WorstLoss 2.2074
[Tracker] Ep  613 | AvgR 0.0002 | Global 0.8721 | Local 0.1728 | F1_macro 0.6521 | WorstLoss 2.2692
[Tracker] Ep  614 | AvgR 0.0002 | Global 0.8952 | Local 0.1608 | F1_macro 0.6196 | WorstLoss 1.9813
[Tracker] Ep  615 | AvgR 0.0003 | Global 0.9254 | Local 0.1521 | F1_macro 0.6238 | WorstLoss 1.3719
[Tracker] Saved snapshot: ep0615_phase1_class1
[Tracker] Ep  616 | AvgR 0.0003 | Global 0.9135 | Local 0.1855 | F1_macro 0.6128 | WorstLoss 1.4990
[Tracker] Ep  617 | AvgR 0.0003 | Global 0.9159 | Local 0.1646 | F1_macro 0.6304 | WorstLoss 1.6441
[Tracker] Ep  618 | AvgR 0.0003 | Global 0.8542 | Local 0.2120 | F1_macro 0.6110 | WorstLoss 1.8309
[Tracker] Ep  619 | AvgR 0.0002 | Global 0.9139 | Local 0.1304 | F1_macro 0.6070 | WorstLoss 2.0189
[Tracker] Ep  620 | AvgR 0.0002 | Global 0.8856 | Local 0.1571 | F1_macro 0.6227 | WorstLoss 2.7865
[Tracker] Saved snapshot: ep0620_phase1_class1
[Tracker] Ep  621 | AvgR 0.0002 | Global 0.8618 | Local 0.1595 | F1_macro 0.6030 | WorstLoss 2.1709
[Tracker] Ep  622 | AvgR 0.0003 | Global 0.8990 | Local 0.1792 | F1_macro 0.6336 | WorstLoss 1.8288
[Tracker] Ep  623 | AvgR 0.0002 | Global 0.8915 | Local 0.1451 | F1_macro 0.6174 | WorstLoss 1.6928
[Tracker] Ep  624 | AvgR 0.0003 | Global 0.8855 | Local 0.1947 | F1_macro 0.6160 | WorstLoss 1.8794
[Tracker] Ep  625 | AvgR 0.0002 | Global 0.9146 | Local 0.1482 | F1_macro 0.6344 | WorstLoss 2.2427
[Tracker] Saved snapshot: ep0625_phase1_class1
[Tracker] Ep  626 | AvgR 0.0002 | Global 0.8839 | Local 0.1439 | F1_macro 0.6284 | WorstLoss 1.7992
[Tracker] Ep  627 | AvgR 0.0002 | Global 0.8947 | Local 0.1547 | F1_macro 0.6175 | WorstLoss 1.6772
[Tracker] Ep  628 | AvgR 0.0003 | Global 0.8516 | Local 0.2223 | F1_macro 0.6189 | WorstLoss 2.3722
[Tracker] Ep  629 | AvgR 0.0003 | Global 0.8966 | Local 0.2096 | F1_macro 0.6230 | WorstLoss 2.6268
[Tracker] Ep  630 | AvgR 0.0003 | Global 0.8957 | Local 0.1706 | F1_macro 0.6171 | WorstLoss 2.1232
[Tracker] Saved snapshot: ep0630_phase1_class1
[Tracker] Ep  631 | AvgR 0.0002 | Global 0.8876 | Local 0.1159 | F1_macro 0.6378 | WorstLoss 2.4404
[Tracker] Ep  632 | AvgR 0.0003 | Global 0.8944 | Local 0.1808 | F1_macro 0.6270 | WorstLoss 1.6360
[Tracker] Ep  633 | AvgR 0.0003 | Global 0.9353 | Local 0.1823 | F1_macro 0.6335 | WorstLoss 1.3430
[Tracker] Ep  634 | AvgR 0.0003 | Global 0.9126 | Local 0.1819 | F1_macro 0.6248 | WorstLoss 1.8244
[Tracker] Ep  635 | AvgR 0.0003 | Global 0.9091 | Local 0.1880 | F1_macro 0.6284 | WorstLoss 1.4720
[Tracker] Saved snapshot: ep0635_phase1_class1
[Tracker] Ep  636 | AvgR 0.0002 | Global 0.9166 | Local 0.1416 | F1_macro 0.6269 | WorstLoss 1.5581
[Tracker] Ep  637 | AvgR 0.0002 | Global 0.8945 | Local 0.1605 | F1_macro 0.6149 | WorstLoss 2.2029
[Tracker] Ep  638 | AvgR 0.0003 | Global 0.9059 | Local 0.1910 | F1_macro 0.6416 | WorstLoss 1.7582
[Tracker] Ep  639 | AvgR 0.0003 | Global 0.8944 | Local 0.1650 | F1_macro 0.6100 | WorstLoss 1.4841
[Tracker] Ep  640 | AvgR 0.0003 | Global 0.8822 | Local 0.1806 | F1_macro 0.6233 | WorstLoss 2.0051
[Tracker] Saved snapshot: ep0640_phase1_class1
[Tracker] Ep  641 | AvgR 0.0003 | Global 0.8619 | Local 0.2058 | F1_macro 0.6086 | WorstLoss 1.9758
[Tracker] Ep  642 | AvgR 0.0003 | Global 0.8624 | Local 0.2354 | F1_macro 0.5893 | WorstLoss 1.5491
[Tracker] Ep  643 | AvgR 0.0003 | Global 0.9289 | Local 0.1770 | F1_macro 0.6051 | WorstLoss 1.2375
[Tracker] Ep  644 | AvgR 0.0003 | Global 0.8845 | Local 0.1719 | F1_macro 0.6048 | WorstLoss 1.8365
[Tracker] Ep  645 | AvgR 0.0003 | Global 0.8825 | Local 0.2175 | F1_macro 0.5854 | WorstLoss 1.3446
[Tracker] Saved snapshot: ep0645_phase1_class1
[Tracker] Ep  646 | AvgR 0.0002 | Global 0.8382 | Local 0.1924 | F1_macro 0.6081 | WorstLoss 1.5366
[Tracker] Ep  647 | AvgR 0.0002 | Global 0.7922 | Local 0.2254 | F1_macro 0.5646 | WorstLoss 2.3035
[Tracker] Ep  648 | AvgR 0.0002 | Global 0.8356 | Local 0.2079 | F1_macro 0.5777 | WorstLoss 1.5018
[Tracker] Ep  649 | AvgR 0.0003 | Global 0.9075 | Local 0.2089 | F1_macro 0.5954 | WorstLoss 1.8959
[Tracker] Ep  650 | AvgR 0.0003 | Global 0.8582 | Local 0.2924 | F1_macro 0.5744 | WorstLoss 1.4143
[Tracker] Saved snapshot: ep0650_phase1_class1
[Tracker] Ep  651 | AvgR 0.0003 | Global 0.8439 | Local 0.2268 | F1_macro 0.5767 | WorstLoss 1.6246
[Tracker] Ep  652 | AvgR 0.0003 | Global 0.8905 | Local 0.1694 | F1_macro 0.5883 | WorstLoss 1.5651
[Tracker] Ep  653 | AvgR 0.0003 | Global 0.8952 | Local 0.1969 | F1_macro 0.5980 | WorstLoss 1.9627
[Tracker] Ep  654 | AvgR 0.0003 | Global 0.8841 | Local 0.1975 | F1_macro 0.5768 | WorstLoss 2.3631
[Tracker] Ep  655 | AvgR 0.0003 | Global 0.9181 | Local 0.1823 | F1_macro 0.6127 | WorstLoss 1.7133
[Tracker] Saved snapshot: ep0655_phase1_class1
[Tracker] Ep  656 | AvgR 0.0003 | Global 0.8614 | Local 0.1924 | F1_macro 0.5926 | WorstLoss 1.9906
[Tracker] Ep  657 | AvgR 0.0003 | Global 0.8700 | Local 0.2906 | F1_macro 0.6029 | WorstLoss 1.3110
[Tracker] Ep  658 | AvgR 0.0003 | Global 0.8571 | Local 0.1909 | F1_macro 0.5849 | WorstLoss 1.5948
[Tracker] Ep  659 | AvgR 0.0003 | Global 0.8980 | Local 0.2720 | F1_macro 0.5922 | WorstLoss 1.5411
[Tracker] Ep  660 | AvgR 0.0003 | Global 0.8821 | Local 0.1958 | F1_macro 0.6089 | WorstLoss 1.8988
[Tracker] Saved snapshot: ep0660_phase1_class1
[Tracker] Ep  661 | AvgR 0.0003 | Global 0.8128 | Local 0.2487 | F1_macro 0.5827 | WorstLoss 1.7237
[Tracker] Ep  662 | AvgR 0.0003 | Global 0.8958 | Local 0.2323 | F1_macro 0.5947 | WorstLoss 1.6357
[Tracker] Ep  663 | AvgR 0.0003 | Global 0.8949 | Local 0.2487 | F1_macro 0.6200 | WorstLoss 1.3961
[Tracker] Ep  664 | AvgR 0.0003 | Global 0.8463 | Local 0.2138 | F1_macro 0.6015 | WorstLoss 1.7122
[Tracker] Ep  665 | AvgR 0.0003 | Global 0.8395 | Local 0.2406 | F1_macro 0.5829 | WorstLoss 1.8566
[Tracker] Saved snapshot: ep0665_phase1_class1
[Tracker] Ep  666 | AvgR 0.0003 | Global 0.8435 | Local 0.2042 | F1_macro 0.5833 | WorstLoss 1.5683
[Tracker] Ep  667 | AvgR 0.0003 | Global 0.8780 | Local 0.2475 | F1_macro 0.5959 | WorstLoss 1.9621
[Tracker] Ep  668 | AvgR 0.0003 | Global 0.8287 | Local 0.2409 | F1_macro 0.5839 | WorstLoss 1.9334
[Tracker] Ep  669 | AvgR 0.0003 | Global 0.8734 | Local 0.2809 | F1_macro 0.5823 | WorstLoss 1.7609
[Tracker] Ep  670 | AvgR 0.0003 | Global 0.8650 | Local 0.2162 | F1_macro 0.5953 | WorstLoss 1.5722
[Tracker] Saved snapshot: ep0670_phase1_class1
[Tracker] Ep  671 | AvgR 0.0003 | Global 0.9210 | Local 0.1965 | F1_macro 0.6209 | WorstLoss 1.3680
[Tracker] Ep  672 | AvgR 0.0003 | Global 0.8806 | Local 0.2139 | F1_macro 0.6140 | WorstLoss 1.8285
[Tracker] Ep  673 | AvgR 0.0003 | Global 0.8377 | Local 0.2367 | F1_macro 0.5916 | WorstLoss 1.6191
[Tracker] Ep  674 | AvgR 0.0003 | Global 0.8864 | Local 0.2786 | F1_macro 0.6045 | WorstLoss 1.3919
[Tracker] Ep  675 | AvgR 0.0003 | Global 0.8578 | Local 0.2284 | F1_macro 0.6008 | WorstLoss 1.7211
[Tracker] Saved snapshot: ep0675_phase1_class1
[Tracker] Ep  676 | AvgR 0.0003 | Global 0.8763 | Local 0.2449 | F1_macro 0.6094 | WorstLoss 1.3586
[Tracker] Ep  677 | AvgR 0.0002 | Global 0.8196 | Local 0.1487 | F1_macro 0.6287 | WorstLoss 1.8284
[Tracker] Ep  678 | AvgR 0.0003 | Global 0.8706 | Local 0.2095 | F1_macro 0.5981 | WorstLoss 1.8032
[Tracker] Ep  679 | AvgR 0.0003 | Global 0.9120 | Local 0.2143 | F1_macro 0.6200 | WorstLoss 1.8126
[Tracker] Ep  680 | AvgR 0.0003 | Global 0.8452 | Local 0.2742 | F1_macro 0.6040 | WorstLoss 1.4288
[Tracker] Saved snapshot: ep0680_phase1_class1
[Tracker] Ep  681 | AvgR 0.0003 | Global 0.8678 | Local 0.2735 | F1_macro 0.6099 | WorstLoss 2.3349
[Tracker] Ep  682 | AvgR 0.0003 | Global 0.8711 | Local 0.2661 | F1_macro 0.5852 | WorstLoss 1.5015
[Tracker] Ep  683 | AvgR 0.0002 | Global 0.8188 | Local 0.2158 | F1_macro 0.6015 | WorstLoss 1.8432
[Tracker] Ep  684 | AvgR 0.0003 | Global 0.8654 | Local 0.2393 | F1_macro 0.6000 | WorstLoss 1.6103
[Tracker] Ep  685 | AvgR 0.0003 | Global 0.8353 | Local 0.3916 | F1_macro 0.5949 | WorstLoss 2.0331
[Tracker] Saved snapshot: ep0685_phase1_class1
[Tracker] Ep  686 | AvgR 0.0003 | Global 0.8924 | Local 0.2218 | F1_macro 0.6085 | WorstLoss 1.8519
[Tracker] Ep  687 | AvgR 0.0002 | Global 0.8497 | Local 0.1762 | F1_macro 0.5957 | WorstLoss 2.7894
[Tracker] Ep  688 | AvgR 0.0003 | Global 0.8981 | Local 0.2651 | F1_macro 0.6059 | WorstLoss 1.5984
[Tracker] Ep  689 | AvgR 0.0003 | Global 0.7898 | Local 0.2652 | F1_macro 0.5836 | WorstLoss 1.7138
[Tracker] Ep  690 | AvgR 0.0003 | Global 0.8318 | Local 0.2519 | F1_macro 0.6036 | WorstLoss 1.6425
[Tracker] Saved snapshot: ep0690_phase1_class1
[Tracker] Ep  691 | AvgR 0.0002 | Global 0.8201 | Local 0.2002 | F1_macro 0.5877 | WorstLoss 1.6194
[Tracker] Ep  692 | AvgR 0.0003 | Global 0.8503 | Local 0.2959 | F1_macro 0.6015 | WorstLoss 1.5373
[Tracker] Ep  693 | AvgR 0.0003 | Global 0.8392 | Local 0.2249 | F1_macro 0.5923 | WorstLoss 1.3404
[Tracker] Ep  694 | AvgR 0.0003 | Global 0.8703 | Local 0.2234 | F1_macro 0.6321 | WorstLoss 1.2994
[Tracker] Ep  695 | AvgR 0.0003 | Global 0.8626 | Local 0.2954 | F1_macro 0.5785 | WorstLoss 1.3409
[Tracker] Saved snapshot: ep0695_phase1_class1
[Tracker] Ep  696 | AvgR 0.0003 | Global 0.8557 | Local 0.2445 | F1_macro 0.6131 | WorstLoss 2.1813
[Tracker] Ep  697 | AvgR 0.0003 | Global 0.8594 | Local 0.1819 | F1_macro 0.5896 | WorstLoss 1.5609
[Tracker] Ep  698 | AvgR 0.0003 | Global 0.8465 | Local 0.2011 | F1_macro 0.6236 | WorstLoss 1.8012
[Tracker] Ep  699 | AvgR 0.0003 | Global 0.8604 | Local 0.2442 | F1_macro 0.6118 | WorstLoss 1.6041
[Tracker] Ep  700 | AvgR 0.0003 | Global 0.8608 | Local 0.2463 | F1_macro 0.5866 | WorstLoss 1.4516
[Tracker] Saved snapshot: ep0700_phase1_class1
[Tracker] Ep  701 | AvgR 0.0003 | Global 0.9002 | Local 0.2267 | F1_macro 0.6246 | WorstLoss 1.2842
[Tracker] Ep  702 | AvgR 0.0003 | Global 0.8508 | Local 0.2134 | F1_macro 0.6318 | WorstLoss 1.5671
[Tracker] Ep  703 | AvgR 0.0003 | Global 0.8558 | Local 0.1905 | F1_macro 0.5912 | WorstLoss 1.8993
[Tracker] Ep  704 | AvgR 0.0003 | Global 0.7767 | Local 0.2596 | F1_macro 0.5746 | WorstLoss 1.5964
[Tracker] Ep  705 | AvgR 0.0003 | Global 0.8381 | Local 0.2556 | F1_macro 0.5803 | WorstLoss 1.6373
[Tracker] Saved snapshot: ep0705_phase1_class1
[Tracker] Ep  706 | AvgR 0.0003 | Global 0.8520 | Local 0.2066 | F1_macro 0.5937 | WorstLoss 1.7647
[Tracker] Ep  707 | AvgR 0.0002 | Global 0.8023 | Local 0.2211 | F1_macro 0.6021 | WorstLoss 2.1222
[Tracker] Ep  708 | AvgR 0.0003 | Global 0.8573 | Local 0.2475 | F1_macro 0.6140 | WorstLoss 1.6217
[Tracker] Ep  709 | AvgR 0.0002 | Global 0.8047 | Local 0.2028 | F1_macro 0.5748 | WorstLoss 1.9344
[Tracker] Ep  710 | AvgR 0.0003 | Global 0.8276 | Local 0.2041 | F1_macro 0.5862 | WorstLoss 1.5409
[Tracker] Saved snapshot: ep0710_phase1_class1
[Tracker] Ep  711 | AvgR 0.0002 | Global 0.8738 | Local 0.1315 | F1_macro 0.6313 | WorstLoss 1.7242
[Tracker] Ep  712 | AvgR 0.0003 | Global 0.8931 | Local 0.2075 | F1_macro 0.6199 | WorstLoss 1.6392
[Tracker] Ep  713 | AvgR 0.0003 | Global 0.8630 | Local 0.2228 | F1_macro 0.6012 | WorstLoss 1.5457
[Tracker] Ep  714 | AvgR 0.0003 | Global 0.8336 | Local 0.2913 | F1_macro 0.5737 | WorstLoss 1.1976
[Tracker] Ep  715 | AvgR 0.0002 | Global 0.8367 | Local 0.1895 | F1_macro 0.5980 | WorstLoss 2.8319
[Tracker] Saved snapshot: ep0715_phase1_class1
[Tracker] Ep  716 | AvgR 0.0003 | Global 0.8346 | Local 0.2014 | F1_macro 0.5835 | WorstLoss 1.7499
[Tracker] Ep  717 | AvgR 0.0003 | Global 0.8975 | Local 0.2413 | F1_macro 0.6088 | WorstLoss 1.3312
[Tracker] Ep  718 | AvgR 0.0003 | Global 0.8637 | Local 0.2665 | F1_macro 0.5867 | WorstLoss 1.6422
[Tracker] Ep  719 | AvgR 0.0003 | Global 0.8974 | Local 0.2131 | F1_macro 0.6066 | WorstLoss 1.5074
[Tracker] Ep  720 | AvgR 0.0003 | Global 0.8739 | Local 0.1892 | F1_macro 0.6062 | WorstLoss 1.4151
[Tracker] Saved snapshot: ep0720_phase1_class1
[Tracker] Ep  721 | AvgR 0.0003 | Global 0.9407 | Local 0.2101 | F1_macro 0.6347 | WorstLoss 1.0955
[Tracker] Ep  722 | AvgR 0.0003 | Global 0.8817 | Local 0.1552 | F1_macro 0.5968 | WorstLoss 1.7337
[Tracker] Ep  723 | AvgR 0.0003 | Global 0.8862 | Local 0.2045 | F1_macro 0.5818 | WorstLoss 1.8426
[Tracker] Ep  724 | AvgR 0.0003 | Global 0.8500 | Local 0.2398 | F1_macro 0.5864 | WorstLoss 1.3911
[Tracker] Ep  725 | AvgR 0.0003 | Global 0.8669 | Local 0.2641 | F1_macro 0.5942 | WorstLoss 1.5235
[Tracker] Saved snapshot: ep0725_phase1_class1
[Tracker] Ep  726 | AvgR 0.0002 | Global 0.8494 | Local 0.1608 | F1_macro 0.5966 | WorstLoss 2.0384
[Tracker] Ep  727 | AvgR 0.0003 | Global 0.8712 | Local 0.1993 | F1_macro 0.6224 | WorstLoss 2.4819
[Tracker] Ep  728 | AvgR 0.0003 | Global 0.8138 | Local 0.2254 | F1_macro 0.5921 | WorstLoss 1.7628
[Tracker] Ep  729 | AvgR 0.0003 | Global 0.8868 | Local 0.2021 | F1_macro 0.5944 | WorstLoss 2.1736
[Tracker] Ep  730 | AvgR 0.0003 | Global 0.8660 | Local 0.2721 | F1_macro 0.6328 | WorstLoss 2.3013
[Tracker] Saved snapshot: ep0730_phase1_class1
[Tracker] Ep  731 | AvgR 0.0003 | Global 0.8719 | Local 0.2034 | F1_macro 0.6030 | WorstLoss 1.3296
[Tracker] Ep  732 | AvgR 0.0003 | Global 0.8425 | Local 0.1899 | F1_macro 0.5878 | WorstLoss 1.9310
[Tracker] Ep  733 | AvgR 0.0003 | Global 0.8526 | Local 0.2244 | F1_macro 0.5970 | WorstLoss 1.8154
[Tracker] Ep  734 | AvgR 0.0003 | Global 0.8489 | Local 0.1984 | F1_macro 0.6188 | WorstLoss 1.5918
[Tracker] Ep  735 | AvgR 0.0002 | Global 0.7779 | Local 0.2297 | F1_macro 0.5923 | WorstLoss 2.6752
[Tracker] Saved snapshot: ep0735_phase1_class1
[Tracker] Ep  736 | AvgR 0.0003 | Global 0.8498 | Local 0.2276 | F1_macro 0.6026 | WorstLoss 1.9924
[Tracker] Ep  737 | AvgR 0.0003 | Global 0.8669 | Local 0.2013 | F1_macro 0.6007 | WorstLoss 1.8099
[Tracker] Ep  738 | AvgR 0.0003 | Global 0.8592 | Local 0.2141 | F1_macro 0.5887 | WorstLoss 1.4237
[Tracker] Ep  739 | AvgR 0.0003 | Global 0.8829 | Local 0.2161 | F1_macro 0.6080 | WorstLoss 1.3510
[Tracker] Ep  740 | AvgR 0.0003 | Global 0.8913 | Local 0.2149 | F1_macro 0.5969 | WorstLoss 1.5827
[Tracker] Saved snapshot: ep0740_phase1_class1
[Tracker] Ep  741 | AvgR 0.0003 | Global 0.9218 | Local 0.1640 | F1_macro 0.6292 | WorstLoss 1.3480
[Tracker] Ep  742 | AvgR 0.0003 | Global 0.8052 | Local 0.2450 | F1_macro 0.5974 | WorstLoss 1.5336
[Tracker] Ep  743 | AvgR 0.0003 | Global 0.8795 | Local 0.2719 | F1_macro 0.5864 | WorstLoss 2.0449
[Tracker] Ep  744 | AvgR 0.0003 | Global 0.8761 | Local 0.2769 | F1_macro 0.5990 | WorstLoss 1.4873
[Tracker] Ep  745 | AvgR 0.0003 | Global 0.8779 | Local 0.2332 | F1_macro 0.5962 | WorstLoss 2.0135
[Tracker] Saved snapshot: ep0745_phase1_class1
[Tracker] Ep  746 | AvgR 0.0003 | Global 0.8998 | Local 0.2705 | F1_macro 0.6142 | WorstLoss 1.3986
[Tracker] Ep  747 | AvgR 0.0003 | Global 0.8670 | Local 0.2903 | F1_macro 0.5951 | WorstLoss 1.4388
[Tracker] Ep  748 | AvgR 0.0003 | Global 0.8123 | Local 0.2703 | F1_macro 0.6072 | WorstLoss 1.7617
[Tracker] Ep  749 | AvgR 0.0003 | Global 0.8479 | Local 0.2141 | F1_macro 0.6057 | WorstLoss 1.8683
[Tracker] Ep  750 | AvgR 0.0003 | Global 0.8635 | Local 0.2152 | F1_macro 0.6026 | WorstLoss 1.6017
[Tracker] Saved snapshot: ep0750_phase1_class1
[Tracker] Ep  751 | AvgR 0.0003 | Global 0.9046 | Local 0.2148 | F1_macro 0.6335 | WorstLoss 1.9882
[Tracker] Ep  752 | AvgR 0.0003 | Global 0.8319 | Local 0.2558 | F1_macro 0.5818 | WorstLoss 1.5137
[Tracker] Ep  753 | AvgR 0.0003 | Global 0.8622 | Local 0.2368 | F1_macro 0.6206 | WorstLoss 1.4573
[Tracker] Ep  754 | AvgR 0.0003 | Global 0.8199 | Local 0.2882 | F1_macro 0.5907 | WorstLoss 1.6584
[Tracker] Ep  755 | AvgR 0.0003 | Global 0.8975 | Local 0.1817 | F1_macro 0.6110 | WorstLoss 1.4931
[Tracker] Saved snapshot: ep0755_phase1_class1
[Tracker] Ep  756 | AvgR 0.0003 | Global 0.9022 | Local 0.2103 | F1_macro 0.6056 | WorstLoss 1.5600
[Tracker] Ep  757 | AvgR 0.0003 | Global 0.8978 | Local 0.1942 | F1_macro 0.6212 | WorstLoss 1.2979
[Tracker] Ep  758 | AvgR 0.0003 | Global 0.8288 | Local 0.2161 | F1_macro 0.6111 | WorstLoss 2.0181
[Tracker] Ep  759 | AvgR 0.0003 | Global 0.8591 | Local 0.2087 | F1_macro 0.5892 | WorstLoss 1.7095
[Tracker] Ep  760 | AvgR 0.0003 | Global 0.8875 | Local 0.1922 | F1_macro 0.5968 | WorstLoss 1.4225
[Tracker] Saved snapshot: ep0760_phase1_class1
[Tracker] Ep  761 | AvgR 0.0003 | Global 0.8516 | Local 0.2059 | F1_macro 0.5944 | WorstLoss 1.4661
[Tracker] Ep  762 | AvgR 0.0003 | Global 0.8316 | Local 0.2151 | F1_macro 0.6119 | WorstLoss 1.5099
[Tracker] Ep  763 | AvgR 0.0003 | Global 0.8657 | Local 0.2129 | F1_macro 0.6107 | WorstLoss 1.9929
[Tracker] Ep  764 | AvgR 0.0003 | Global 0.8237 | Local 0.2547 | F1_macro 0.5714 | WorstLoss 1.4225
[Tracker] Ep  765 | AvgR 0.0003 | Global 0.8717 | Local 0.2733 | F1_macro 0.5899 | WorstLoss 1.5565
[Tracker] Saved snapshot: ep0765_phase1_class1
[Tracker] Ep  766 | AvgR 0.0003 | Global 0.8527 | Local 0.2521 | F1_macro 0.5902 | WorstLoss 1.4463
[Tracker] Ep  767 | AvgR 0.0003 | Global 0.8450 | Local 0.1780 | F1_macro 0.6276 | WorstLoss 1.7690
[Tracker] Ep  768 | AvgR 0.0002 | Global 0.7800 | Local 0.2080 | F1_macro 0.5760 | WorstLoss 1.9780
[Tracker] Ep  769 | AvgR 0.0003 | Global 0.9087 | Local 0.2382 | F1_macro 0.5975 | WorstLoss 1.6630
[Tracker] Ep  770 | AvgR 0.0003 | Global 0.8489 | Local 0.2002 | F1_macro 0.6109 | WorstLoss 1.6349
[Tracker] Saved snapshot: ep0770_phase1_class1
[Tracker] Ep  771 | AvgR 0.0003 | Global 0.8413 | Local 0.2602 | F1_macro 0.5980 | WorstLoss 1.5837
[Tracker] Ep  772 | AvgR 0.0003 | Global 0.8648 | Local 0.1954 | F1_macro 0.6071 | WorstLoss 1.5337
[Tracker] Ep  773 | AvgR 0.0002 | Global 0.8139 | Local 0.1868 | F1_macro 0.6031 | WorstLoss 2.3705
[Tracker] Ep  774 | AvgR 0.0003 | Global 0.8870 | Local 0.2162 | F1_macro 0.6081 | WorstLoss 1.4934
[Tracker] Ep  775 | AvgR 0.0003 | Global 0.8766 | Local 0.2170 | F1_macro 0.6003 | WorstLoss 1.4224
[Tracker] Saved snapshot: ep0775_phase1_class1
[Tracker] Ep  776 | AvgR 0.0003 | Global 0.8637 | Local 0.2300 | F1_macro 0.6072 | WorstLoss 1.3065
[Tracker] Ep  777 | AvgR 0.0003 | Global 0.8392 | Local 0.2093 | F1_macro 0.6076 | WorstLoss 1.7641
[Tracker] Ep  778 | AvgR 0.0003 | Global 0.8221 | Local 0.2291 | F1_macro 0.5827 | WorstLoss 1.7928
[Tracker] Ep  779 | AvgR 0.0003 | Global 0.8333 | Local 0.3267 | F1_macro 0.5658 | WorstLoss 1.3692
[Tracker] Ep  780 | AvgR 0.0002 | Global 0.8209 | Local 0.1735 | F1_macro 0.5967 | WorstLoss 1.7456
[Tracker] Saved snapshot: ep0780_phase1_class1
[Tracker] Ep  781 | AvgR 0.0003 | Global 0.8334 | Local 0.2130 | F1_macro 0.5971 | WorstLoss 1.4721
[Tracker] Ep  782 | AvgR 0.0003 | Global 0.8636 | Local 0.2341 | F1_macro 0.6010 | WorstLoss 1.4142
[Tracker] Ep  783 | AvgR 0.0003 | Global 0.8587 | Local 0.1935 | F1_macro 0.5764 | WorstLoss 1.6698
[Tracker] Ep  784 | AvgR 0.0003 | Global 0.9019 | Local 0.1784 | F1_macro 0.6190 | WorstLoss 1.5254
[Tracker] Ep  785 | AvgR 0.0003 | Global 0.8943 | Local 0.2530 | F1_macro 0.5923 | WorstLoss 1.3759
[Tracker] Saved snapshot: ep0785_phase1_class1
[Tracker] Ep  786 | AvgR 0.0003 | Global 0.8764 | Local 0.2175 | F1_macro 0.6156 | WorstLoss 1.5933
[Tracker] Ep  787 | AvgR 0.0003 | Global 0.8614 | Local 0.2647 | F1_macro 0.6127 | WorstLoss 1.4721
[Tracker] Ep  788 | AvgR 0.0003 | Global 0.8798 | Local 0.2370 | F1_macro 0.5875 | WorstLoss 1.3785
[Tracker] Ep  789 | AvgR 0.0002 | Global 0.8479 | Local 0.1551 | F1_macro 0.6043 | WorstLoss 1.5336
[Tracker] Ep  790 | AvgR 0.0003 | Global 0.8462 | Local 0.2350 | F1_macro 0.6023 | WorstLoss 2.0538
[Tracker] Saved snapshot: ep0790_phase1_class1
[Tracker] Ep  791 | AvgR 0.0003 | Global 0.8339 | Local 0.1897 | F1_macro 0.5822 | WorstLoss 1.7737
[Tracker] Ep  792 | AvgR 0.0003 | Global 0.8730 | Local 0.1915 | F1_macro 0.6143 | WorstLoss 1.5709
[Tracker] Ep  793 | AvgR 0.0003 | Global 0.8876 | Local 0.1546 | F1_macro 0.5973 | WorstLoss 1.6112
[Tracker] Ep  794 | AvgR 0.0003 | Global 0.7992 | Local 0.2632 | F1_macro 0.6015 | WorstLoss 1.6594
[Tracker] Ep  795 | AvgR 0.0003 | Global 0.8098 | Local 0.2156 | F1_macro 0.5893 | WorstLoss 2.3971
[Tracker] Saved snapshot: ep0795_phase1_class1
[Tracker] Ep  796 | AvgR 0.0003 | Global 0.8052 | Local 0.2249 | F1_macro 0.5789 | WorstLoss 1.5907
[Tracker] Ep  797 | AvgR 0.0003 | Global 0.8416 | Local 0.1730 | F1_macro 0.6062 | WorstLoss 1.8753
[Tracker] Ep  798 | AvgR 0.0003 | Global 0.7867 | Local 0.2891 | F1_macro 0.5807 | WorstLoss 1.8083
[Tracker] Ep  799 | AvgR 0.0003 | Global 0.8048 | Local 0.2274 | F1_macro 0.5983 | WorstLoss 2.6710
[Tracker] Ep  800 | AvgR 0.0003 | Global 0.8563 | Local 0.2266 | F1_macro 0.5913 | WorstLoss 1.4529
[Tracker] Saved snapshot: ep0800_phase1_class1
[Phase] Finished phase1_class1 | best global_obj=0.9492
Phase 2 anchors: 1763 (y=0 & disadv=1)
FFNN Using device: cuda:0

============================================================
[Phase] Starting phase2_class0 | target_class=0 | episodes=200
============================================================
[Tracker] Ep    1 | AvgR 0.0001 | Global 0.9430 | Local 0.0164 | F1_macro 0.6428 | WorstLoss 1.6487
[Tracker] New BEST synthetic [phase2_class0] (by global.global_obj: 0.942969) saved.
[Tracker] BEST β weights [phase2_class0] saved -> training_runs/SPECv16_bias05_rl_census_3seeds_EP800_PCA10_REWfairness_minID1_majID0_TRJ2000_REAL3000_BIAS0.05_GG202603180827_69232259/seed_42/best_beta_state_dict_phase2_class0.pt
[Tracker] Ep    2 | AvgR 0.0001 | Global 0.9418 | Local 0.0146 | F1_macro 0.6477 | WorstLoss 1.4346
[Tracker] Ep    3 | AvgR 0.0001 | Global 0.9427 | Local 0.0171 | F1_macro 0.6470 | WorstLoss 1.7445
[Tracker] Ep    4 | AvgR 0.0001 | Global 0.9522 | Local 0.0133 | F1_macro 0.6569 | WorstLoss 1.6761
[Tracker] New BEST synthetic [phase2_class0] (by global.global_obj: 0.952169) saved.
[Tracker] BEST β weights [phase2_class0] saved -> training_runs/SPECv16_bias05_rl_census_3seeds_EP800_PCA10_REWfairness_minID1_majID0_TRJ2000_REAL3000_BIAS0.05_GG202603180827_69232259/seed_42/best_beta_state_dict_phase2_class0.pt
[Tracker] Ep    5 | AvgR 0.0002 | Global 0.9440 | Local 0.0205 | F1_macro 0.6455 | WorstLoss 1.7092
[Tracker] Saved snapshot: ep0005_phase2_class0
[Tracker] Ep    6 | AvgR 0.0002 | Global 0.9609 | Local 0.0153 | F1_macro 0.6594 | WorstLoss 1.6653
[Tracker] New BEST synthetic [phase2_class0] (by global.global_obj: 0.960914) saved.
[Tracker] BEST β weights [phase2_class0] saved -> training_runs/SPECv16_bias05_rl_census_3seeds_EP800_PCA10_REWfairness_minID1_majID0_TRJ2000_REAL3000_BIAS0.05_GG202603180827_69232259/seed_42/best_beta_state_dict_phase2_class0.pt
[Tracker] Ep    7 | AvgR 0.0001 | Global 0.9384 | Local 0.0136 | F1_macro 0.6386 | WorstLoss 1.7849
[Tracker] Ep    8 | AvgR 0.0002 | Global 0.9443 | Local 0.0202 | F1_macro 0.6333 | WorstLoss 1.7303
[Tracker] Ep    9 | AvgR 0.0002 | Global 0.9586 | Local 0.0272 | F1_macro 0.6494 | WorstLoss 1.5174
[Tracker] Ep   10 | AvgR 0.0002 | Global 0.9345 | Local 0.0230 | F1_macro 0.6336 | WorstLoss 1.6998
[Tracker] Saved snapshot: ep0010_phase2_class0
[Tracker] Ep   11 | AvgR 0.0002 | Global 0.9528 | Local 0.0273 | F1_macro 0.6459 | WorstLoss 1.6013
[Tracker] Ep   12 | AvgR 0.0002 | Global 0.9463 | Local 0.0140 | F1_macro 0.6247 | WorstLoss 1.7460
[Tracker] Ep   13 | AvgR 0.0002 | Global 0.9388 | Local 0.0156 | F1_macro 0.6378 | WorstLoss 1.8945
[Tracker] Ep   14 | AvgR 0.0002 | Global 0.9466 | Local 0.0191 | F1_macro 0.6430 | WorstLoss 1.7107
[Tracker] Ep   15 | AvgR 0.0002 | Global 0.9536 | Local 0.0238 | F1_macro 0.6500 | WorstLoss 1.4905
[Tracker] Saved snapshot: ep0015_phase2_class0
[Tracker] Ep   16 | AvgR 0.0002 | Global 0.9378 | Local 0.0180 | F1_macro 0.6409 | WorstLoss 2.1170
[Tracker] Ep   17 | AvgR 0.0002 | Global 0.9485 | Local 0.0098 | F1_macro 0.6436 | WorstLoss 1.6256
[Tracker] Ep   18 | AvgR 0.0002 | Global 0.9477 | Local 0.0127 | F1_macro 0.6399 | WorstLoss 1.8900
[Tracker] Ep   19 | AvgR 0.0002 | Global 0.9491 | Local 0.0187 | F1_macro 0.6489 | WorstLoss 1.6923
[Tracker] Ep   20 | AvgR 0.0002 | Global 0.9291 | Local 0.0156 | F1_macro 0.6299 | WorstLoss 1.8250
[Tracker] Saved snapshot: ep0020_phase2_class0
[Tracker] Ep   21 | AvgR 0.0002 | Global 0.9408 | Local 0.0258 | F1_macro 0.6279 | WorstLoss 1.8341
[Tracker] Ep   22 | AvgR 0.0002 | Global 0.9407 | Local 0.0098 | F1_macro 0.6129 | WorstLoss 1.9778
[Tracker] Ep   23 | AvgR 0.0002 | Global 0.9580 | Local 0.0223 | F1_macro 0.6440 | WorstLoss 1.6051
[Tracker] Ep   24 | AvgR 0.0002 | Global 0.9520 | Local 0.0221 | F1_macro 0.6431 | WorstLoss 1.7046
[Tracker] Ep   25 | AvgR 0.0002 | Global 0.9475 | Local 0.0161 | F1_macro 0.6569 | WorstLoss 1.5996
[Tracker] Saved snapshot: ep0025_phase2_class0
[Tracker] Ep   26 | AvgR 0.0002 | Global 0.9482 | Local 0.0125 | F1_macro 0.6360 | WorstLoss 1.7206
[Tracker] Ep   27 | AvgR 0.0002 | Global 0.9477 | Local 0.0198 | F1_macro 0.6402 | WorstLoss 1.6968
[Tracker] Ep   28 | AvgR 0.0002 | Global 0.9538 | Local 0.0302 | F1_macro 0.6546 | WorstLoss 1.6659
[Tracker] Ep   29 | AvgR 0.0002 | Global 0.9493 | Local 0.0085 | F1_macro 0.6353 | WorstLoss 1.9300
[Tracker] Ep   30 | AvgR 0.0002 | Global 0.9469 | Local 0.0081 | F1_macro 0.6383 | WorstLoss 1.9751
[Tracker] Saved snapshot: ep0030_phase2_class0
[Tracker] Ep   31 | AvgR 0.0002 | Global 0.9352 | Local 0.0136 | F1_macro 0.6295 | WorstLoss 1.7224
[Tracker] Ep   32 | AvgR 0.0002 | Global 0.9481 | Local 0.0178 | F1_macro 0.6356 | WorstLoss 1.8800
[Tracker] Ep   33 | AvgR 0.0002 | Global 0.9348 | Local 0.0113 | F1_macro 0.6371 | WorstLoss 1.9032
[Tracker] Ep   34 | AvgR 0.0002 | Global 0.9437 | Local 0.0211 | F1_macro 0.6289 | WorstLoss 1.5714
[Tracker] Ep   35 | AvgR 0.0002 | Global 0.9481 | Local 0.0184 | F1_macro 0.6475 | WorstLoss 1.9592
[Tracker] Saved snapshot: ep0035_phase2_class0
[Tracker] Ep   36 | AvgR 0.0002 | Global 0.9544 | Local 0.0165 | F1_macro 0.6597 | WorstLoss 1.5365
[Tracker] Ep   37 | AvgR 0.0002 | Global 0.9447 | Local 0.0102 | F1_macro 0.6507 | WorstLoss 1.6510
[Tracker] Ep   38 | AvgR 0.0002 | Global 0.9587 | Local 0.0097 | F1_macro 0.6593 | WorstLoss 1.6748
[Tracker] Ep   39 | AvgR 0.0002 | Global 0.9455 | Local 0.0159 | F1_macro 0.6341 | WorstLoss 1.8198
[Tracker] Ep   40 | AvgR 0.0002 | Global 0.9497 | Local 0.0193 | F1_macro 0.6505 | WorstLoss 1.5958
[Tracker] Saved snapshot: ep0040_phase2_class0
[Tracker] Ep   41 | AvgR 0.0002 | Global 0.9399 | Local 0.0068 | F1_macro 0.6256 | WorstLoss 1.8600
[Tracker] Ep   42 | AvgR 0.0002 | Global 0.9472 | Local 0.0122 | F1_macro 0.6450 | WorstLoss 1.7144
[Tracker] Ep   43 | AvgR 0.0002 | Global 0.9430 | Local 0.0292 | F1_macro 0.6304 | WorstLoss 1.6966
[Tracker] Ep   44 | AvgR 0.0002 | Global 0.9472 | Local 0.0138 | F1_macro 0.6534 | WorstLoss 1.7351
[Tracker] Ep   45 | AvgR 0.0002 | Global 0.9466 | Local 0.0166 | F1_macro 0.6412 | WorstLoss 1.7875
[Tracker] Saved snapshot: ep0045_phase2_class0
[Tracker] Ep   46 | AvgR 0.0002 | Global 0.9424 | Local 0.0166 | F1_macro 0.6313 | WorstLoss 1.8347
[Tracker] Ep   47 | AvgR 0.0002 | Global 0.9608 | Local 0.0277 | F1_macro 0.6542 | WorstLoss 1.5077
[Tracker] Ep   48 | AvgR 0.0002 | Global 0.9542 | Local 0.0181 | F1_macro 0.6625 | WorstLoss 1.6868
[Tracker] Ep   49 | AvgR 0.0002 | Global 0.9467 | Local 0.0140 | F1_macro 0.6453 | WorstLoss 1.7310
[Tracker] Ep   50 | AvgR 0.0002 | Global 0.9367 | Local 0.0075 | F1_macro 0.6399 | WorstLoss 1.8598
[Tracker] Saved snapshot: ep0050_phase2_class0
[Tracker] Ep   51 | AvgR 0.0002 | Global 0.9509 | Local 0.0232 | F1_macro 0.6452 | WorstLoss 1.5210
[Tracker] Ep   52 | AvgR 0.0002 | Global 0.9548 | Local 0.0147 | F1_macro 0.6438 | WorstLoss 1.7142
[Tracker] Ep   53 | AvgR 0.0002 | Global 0.9359 | Local 0.0223 | F1_macro 0.6421 | WorstLoss 1.6134
[Tracker] Ep   54 | AvgR 0.0002 | Global 0.9557 | Local 0.0161 | F1_macro 0.6466 | WorstLoss 1.4463
[Tracker] Ep   55 | AvgR 0.0002 | Global 0.9413 | Local 0.0168 | F1_macro 0.6214 | WorstLoss 1.7446
[Tracker] Saved snapshot: ep0055_phase2_class0
[Tracker] Ep   56 | AvgR 0.0002 | Global 0.9605 | Local 0.0204 | F1_macro 0.6638 | WorstLoss 1.4929
[Tracker] Ep   57 | AvgR 0.0002 | Global 0.9521 | Local 0.0102 | F1_macro 0.6469 | WorstLoss 1.6683
[Tracker] Ep   58 | AvgR 0.0002 | Global 0.9458 | Local 0.0156 | F1_macro 0.6398 | WorstLoss 1.7432
[Tracker] Ep   59 | AvgR 0.0002 | Global 0.9465 | Local 0.0147 | F1_macro 0.6263 | WorstLoss 1.8192
[Tracker] Ep   60 | AvgR 0.0002 | Global 0.9399 | Local 0.0163 | F1_macro 0.6343 | WorstLoss 1.7730
[Tracker] Saved snapshot: ep0060_phase2_class0
[Tracker] Ep   61 | AvgR 0.0002 | Global 0.9553 | Local 0.0147 | F1_macro 0.6607 | WorstLoss 1.6731
[Tracker] Ep   62 | AvgR 0.0002 | Global 0.9568 | Local 0.0145 | F1_macro 0.6538 | WorstLoss 1.5973
[Tracker] Ep   63 | AvgR 0.0002 | Global 0.9517 | Local 0.0115 | F1_macro 0.6572 | WorstLoss 1.6995
[Tracker] Ep   64 | AvgR 0.0002 | Global 0.9455 | Local 0.0191 | F1_macro 0.6604 | WorstLoss 1.6570
[Tracker] Ep   65 | AvgR 0.0002 | Global 0.9579 | Local 0.0190 | F1_macro 0.6505 | WorstLoss 1.7291
[Tracker] Saved snapshot: ep0065_phase2_class0
[Tracker] Ep   66 | AvgR 0.0002 | Global 0.9507 | Local 0.0128 | F1_macro 0.6549 | WorstLoss 1.6722
[Tracker] Ep   67 | AvgR 0.0002 | Global 0.9470 | Local 0.0135 | F1_macro 0.6428 | WorstLoss 1.6374
[Tracker] Ep   68 | AvgR 0.0002 | Global 0.9541 | Local 0.0229 | F1_macro 0.6458 | WorstLoss 1.5650
[Tracker] Ep   69 | AvgR 0.0002 | Global 0.9489 | Local 0.0155 | F1_macro 0.6442 | WorstLoss 1.4878
[Tracker] Ep   70 | AvgR 0.0002 | Global 0.9275 | Local 0.0279 | F1_macro 0.6391 | WorstLoss 1.7776
[Tracker] Saved snapshot: ep0070_phase2_class0
[Tracker] Ep   71 | AvgR 0.0002 | Global 0.9383 | Local 0.0218 | F1_macro 0.6435 | WorstLoss 1.7263
[Tracker] Ep   72 | AvgR 0.0002 | Global 0.9600 | Local 0.0130 | F1_macro 0.6542 | WorstLoss 1.6755
[Tracker] Ep   73 | AvgR 0.0002 | Global 0.9516 | Local 0.0124 | F1_macro 0.6558 | WorstLoss 1.7056
[Tracker] Ep   74 | AvgR 0.0002 | Global 0.9521 | Local 0.0287 | F1_macro 0.6521 | WorstLoss 1.5284
[Tracker] Ep   75 | AvgR 0.0002 | Global 0.9448 | Local 0.0239 | F1_macro 0.6342 | WorstLoss 1.6220
[Tracker] Saved snapshot: ep0075_phase2_class0
[Tracker] Ep   76 | AvgR 0.0002 | Global 0.9455 | Local 0.0087 | F1_macro 0.6475 | WorstLoss 1.6156
[Tracker] Ep   77 | AvgR 0.0002 | Global 0.9422 | Local 0.0217 | F1_macro 0.6299 | WorstLoss 1.7672
[Tracker] Ep   78 | AvgR 0.0002 | Global 0.9549 | Local 0.0255 | F1_macro 0.6456 | WorstLoss 1.6815
[Tracker] Ep   79 | AvgR 0.0002 | Global 0.9394 | Local 0.0248 | F1_macro 0.6425 | WorstLoss 1.7613
[Tracker] Ep   80 | AvgR 0.0002 | Global 0.9535 | Local 0.0155 | F1_macro 0.6377 | WorstLoss 1.6970
[Tracker] Saved snapshot: ep0080_phase2_class0
[Tracker] Ep   81 | AvgR 0.0002 | Global 0.9495 | Local 0.0216 | F1_macro 0.6381 | WorstLoss 1.7106
[Tracker] Ep   82 | AvgR 0.0002 | Global 0.9502 | Local 0.0114 | F1_macro 0.6499 | WorstLoss 1.8495
[Tracker] Ep   83 | AvgR 0.0002 | Global 0.9557 | Local 0.0201 | F1_macro 0.6446 | WorstLoss 1.4981
[Tracker] Ep   84 | AvgR 0.0002 | Global 0.9486 | Local 0.0136 | F1_macro 0.6512 | WorstLoss 1.7075
[Tracker] Ep   85 | AvgR 0.0002 | Global 0.9516 | Local 0.0173 | F1_macro 0.6452 | WorstLoss 1.5798
[Tracker] Saved snapshot: ep0085_phase2_class0
[Tracker] Ep   86 | AvgR 0.0002 | Global 0.9613 | Local 0.0179 | F1_macro 0.6395 | WorstLoss 1.5660
[Tracker] New BEST synthetic [phase2_class0] (by global.global_obj: 0.961275) saved.
[Tracker] BEST β weights [phase2_class0] saved -> training_runs/SPECv16_bias05_rl_census_3seeds_EP800_PCA10_REWfairness_minID1_majID0_TRJ2000_REAL3000_BIAS0.05_GG202603180827_69232259/seed_42/best_beta_state_dict_phase2_class0.pt
[Tracker] Ep   87 | AvgR 0.0002 | Global 0.9360 | Local 0.0146 | F1_macro 0.6223 | WorstLoss 1.9618
[Tracker] Ep   88 | AvgR 0.0002 | Global 0.9513 | Local 0.0161 | F1_macro 0.6463 | WorstLoss 1.8558
[Tracker] Ep   89 | AvgR 0.0002 | Global 0.9567 | Local 0.0337 | F1_macro 0.6496 | WorstLoss 1.5011
[Tracker] Ep   90 | AvgR 0.0002 | Global 0.9461 | Local 0.0303 | F1_macro 0.6494 | WorstLoss 1.7723
[Tracker] Saved snapshot: ep0090_phase2_class0
[Tracker] Ep   91 | AvgR 0.0002 | Global 0.9527 | Local 0.0148 | F1_macro 0.6485 | WorstLoss 1.6563
[Tracker] Ep   92 | AvgR 0.0002 | Global 0.9498 | Local 0.0153 | F1_macro 0.6497 | WorstLoss 1.6563
[Tracker] Ep   93 | AvgR 0.0002 | Global 0.9628 | Local 0.0141 | F1_macro 0.6631 | WorstLoss 1.7105
[Tracker] New BEST synthetic [phase2_class0] (by global.global_obj: 0.962753) saved.
[Tracker] BEST β weights [phase2_class0] saved -> training_runs/SPECv16_bias05_rl_census_3seeds_EP800_PCA10_REWfairness_minID1_majID0_TRJ2000_REAL3000_BIAS0.05_GG202603180827_69232259/seed_42/best_beta_state_dict_phase2_class0.pt
[Tracker] Ep   94 | AvgR 0.0002 | Global 0.9475 | Local 0.0134 | F1_macro 0.6328 | WorstLoss 1.6321
[Tracker] Ep   95 | AvgR 0.0002 | Global 0.9405 | Local 0.0098 | F1_macro 0.6361 | WorstLoss 1.9328
[Tracker] Saved snapshot: ep0095_phase2_class0
[Tracker] Ep   96 | AvgR 0.0002 | Global 0.9607 | Local 0.0196 | F1_macro 0.6564 | WorstLoss 1.4343
[Tracker] Ep   97 | AvgR 0.0002 | Global 0.9484 | Local 0.0146 | F1_macro 0.6291 | WorstLoss 1.8203
[Tracker] Ep   98 | AvgR 0.0002 | Global 0.9455 | Local 0.0155 | F1_macro 0.6515 | WorstLoss 1.9080
[Tracker] Ep   99 | AvgR 0.0002 | Global 0.9533 | Local 0.0411 | F1_macro 0.6466 | WorstLoss 1.5128
[Tracker] Ep  100 | AvgR 0.0002 | Global 0.9623 | Local 0.0170 | F1_macro 0.6642 | WorstLoss 1.4983
[Tracker] Saved snapshot: ep0100_phase2_class0
[Tracker] Ep  101 | AvgR 0.0002 | Global 0.9413 | Local 0.0158 | F1_macro 0.6352 | WorstLoss 1.8432
[Tracker] Ep  102 | AvgR 0.0002 | Global 0.9432 | Local 0.0178 | F1_macro 0.6464 | WorstLoss 1.7139
[Tracker] Ep  103 | AvgR 0.0002 | Global 0.9572 | Local 0.0212 | F1_macro 0.6400 | WorstLoss 1.6339
[Tracker] Ep  104 | AvgR 0.0002 | Global 0.9447 | Local 0.0083 | F1_macro 0.6352 | WorstLoss 1.7060
[Tracker] Ep  105 | AvgR 0.0002 | Global 0.9544 | Local 0.0161 | F1_macro 0.6600 | WorstLoss 1.7498
[Tracker] Saved snapshot: ep0105_phase2_class0
[Tracker] Ep  106 | AvgR 0.0002 | Global 0.9463 | Local 0.0184 | F1_macro 0.6436 | WorstLoss 1.7076
[Tracker] Ep  107 | AvgR 0.0002 | Global 0.9400 | Local 0.0205 | F1_macro 0.6457 | WorstLoss 1.6799
[Tracker] Ep  108 | AvgR 0.0002 | Global 0.9324 | Local 0.0114 | F1_macro 0.6306 | WorstLoss 1.8232
[Tracker] Ep  109 | AvgR 0.0002 | Global 0.9395 | Local 0.0199 | F1_macro 0.6238 | WorstLoss 1.6413
[Tracker] Ep  110 | AvgR 0.0002 | Global 0.9464 | Local 0.0219 | F1_macro 0.6404 | WorstLoss 1.6477
[Tracker] Saved snapshot: ep0110_phase2_class0
[Tracker] Ep  111 | AvgR 0.0002 | Global 0.9558 | Local 0.0162 | F1_macro 0.6473 | WorstLoss 1.6847
[Tracker] Ep  112 | AvgR 0.0002 | Global 0.9520 | Local 0.0160 | F1_macro 0.6446 | WorstLoss 1.6112
[Tracker] Ep  113 | AvgR 0.0002 | Global 0.9489 | Local 0.0176 | F1_macro 0.6392 | WorstLoss 1.6420
[Tracker] Ep  114 | AvgR 0.0002 | Global 0.9454 | Local 0.0347 | F1_macro 0.6445 | WorstLoss 1.6341
[Tracker] Ep  115 | AvgR 0.0002 | Global 0.9434 | Local 0.0057 | F1_macro 0.6413 | WorstLoss 1.7818
[Tracker] Saved snapshot: ep0115_phase2_class0
[Tracker] Ep  116 | AvgR 0.0002 | Global 0.9454 | Local 0.0189 | F1_macro 0.6424 | WorstLoss 1.7071
[Tracker] Ep  117 | AvgR 0.0002 | Global 0.9449 | Local 0.0136 | F1_macro 0.6445 | WorstLoss 1.6853
[Tracker] Ep  118 | AvgR 0.0002 | Global 0.9534 | Local 0.0163 | F1_macro 0.6511 | WorstLoss 1.5654
[Tracker] Ep  119 | AvgR 0.0002 | Global 0.9465 | Local 0.0163 | F1_macro 0.6569 | WorstLoss 1.6096
[Tracker] Ep  120 | AvgR 0.0002 | Global 0.9596 | Local 0.0176 | F1_macro 0.6598 | WorstLoss 1.4797
[Tracker] Saved snapshot: ep0120_phase2_class0
[Tracker] Ep  121 | AvgR 0.0002 | Global 0.9407 | Local 0.0154 | F1_macro 0.6339 | WorstLoss 1.7143
[Tracker] Ep  122 | AvgR 0.0002 | Global 0.9556 | Local 0.0237 | F1_macro 0.6472 | WorstLoss 1.5147
[Tracker] Ep  123 | AvgR 0.0002 | Global 0.9495 | Local 0.0190 | F1_macro 0.6404 | WorstLoss 1.7259
[Tracker] Ep  124 | AvgR 0.0002 | Global 0.9495 | Local 0.0130 | F1_macro 0.6530 | WorstLoss 1.6208
[Tracker] Ep  125 | AvgR 0.0002 | Global 0.9408 | Local 0.0150 | F1_macro 0.6476 | WorstLoss 1.7289
[Tracker] Saved snapshot: ep0125_phase2_class0
[Tracker] Ep  126 | AvgR 0.0002 | Global 0.9394 | Local 0.0233 | F1_macro 0.6413 | WorstLoss 1.5534
[Tracker] Ep  127 | AvgR 0.0002 | Global 0.9341 | Local 0.0081 | F1_macro 0.6502 | WorstLoss 1.8793
[Tracker] Ep  128 | AvgR 0.0002 | Global 0.9461 | Local 0.0111 | F1_macro 0.6400 | WorstLoss 1.6577
[Tracker] Ep  129 | AvgR 0.0002 | Global 0.9490 | Local 0.0141 | F1_macro 0.6445 | WorstLoss 1.8879
[Tracker] Ep  130 | AvgR 0.0002 | Global 0.9389 | Local 0.0140 | F1_macro 0.6489 | WorstLoss 1.7521
[Tracker] Saved snapshot: ep0130_phase2_class0
[Tracker] Ep  131 | AvgR 0.0002 | Global 0.9394 | Local 0.0186 | F1_macro 0.6315 | WorstLoss 1.7252
[Tracker] Ep  132 | AvgR 0.0002 | Global 0.9632 | Local 0.0097 | F1_macro 0.6628 | WorstLoss 1.6057
[Tracker] New BEST synthetic [phase2_class0] (by global.global_obj: 0.963153) saved.
[Tracker] BEST β weights [phase2_class0] saved -> training_runs/SPECv16_bias05_rl_census_3seeds_EP800_PCA10_REWfairness_minID1_majID0_TRJ2000_REAL3000_BIAS0.05_GG202603180827_69232259/seed_42/best_beta_state_dict_phase2_class0.pt
[Tracker] Ep  133 | AvgR 0.0002 | Global 0.9460 | Local 0.0103 | F1_macro 0.6440 | WorstLoss 1.6087
[Tracker] Ep  134 | AvgR 0.0002 | Global 0.9512 | Local 0.0163 | F1_macro 0.6545 | WorstLoss 1.8882
[Tracker] Ep  135 | AvgR 0.0002 | Global 0.9486 | Local 0.0245 | F1_macro 0.6507 | WorstLoss 1.5820
[Tracker] Saved snapshot: ep0135_phase2_class0
[Tracker] Ep  136 | AvgR 0.0002 | Global 0.9468 | Local 0.0109 | F1_macro 0.6391 | WorstLoss 1.7388
[Tracker] Ep  137 | AvgR 0.0002 | Global 0.9528 | Local 0.0137 | F1_macro 0.6573 | WorstLoss 1.4628
[Tracker] Ep  138 | AvgR 0.0002 | Global 0.9444 | Local 0.0084 | F1_macro 0.6471 | WorstLoss 1.9741
[Tracker] Ep  139 | AvgR 0.0002 | Global 0.9406 | Local 0.0209 | F1_macro 0.6587 | WorstLoss 1.5721
[Tracker] Ep  140 | AvgR 0.0002 | Global 0.9527 | Local 0.0128 | F1_macro 0.6491 | WorstLoss 1.6618
[Tracker] Saved snapshot: ep0140_phase2_class0
[Tracker] Ep  141 | AvgR 0.0002 | Global 0.9493 | Local 0.0125 | F1_macro 0.6603 | WorstLoss 1.6152
[Tracker] Ep  142 | AvgR 0.0002 | Global 0.9422 | Local 0.0463 | F1_macro 0.6530 | WorstLoss 1.6417
[Tracker] Ep  143 | AvgR 0.0002 | Global 0.9396 | Local 0.0231 | F1_macro 0.6366 | WorstLoss 1.9732
[Tracker] Ep  144 | AvgR 0.0002 | Global 0.9387 | Local 0.0019 | F1_macro 0.6540 | WorstLoss 1.7213
[Tracker] Ep  145 | AvgR 0.0002 | Global 0.9580 | Local 0.0384 | F1_macro 0.6548 | WorstLoss 1.5064
[Tracker] Saved snapshot: ep0145_phase2_class0
[Tracker] Ep  146 | AvgR 0.0002 | Global 0.9314 | Local 0.0033 | F1_macro 0.6481 | WorstLoss 1.8719
[Tracker] Ep  147 | AvgR 0.0002 | Global 0.9482 | Local 0.0126 | F1_macro 0.6453 | WorstLoss 1.7102
[Tracker] Ep  148 | AvgR 0.0002 | Global 0.9332 | Local 0.0173 | F1_macro 0.6266 | WorstLoss 1.7658
[Tracker] Ep  149 | AvgR 0.0002 | Global 0.9303 | Local 0.0227 | F1_macro 0.6162 | WorstLoss 1.7330
[Tracker] Ep  150 | AvgR 0.0002 | Global 0.9478 | Local 0.0028 | F1_macro 0.6350 | WorstLoss 1.8154
[Tracker] Saved snapshot: ep0150_phase2_class0
[Tracker] Ep  151 | AvgR 0.0002 | Global 0.9402 | Local 0.0102 | F1_macro 0.6427 | WorstLoss 1.6017
[Tracker] Ep  152 | AvgR 0.0002 | Global 0.9512 | Local 0.0329 | F1_macro 0.6380 | WorstLoss 1.6013
[Tracker] Ep  153 | AvgR 0.0002 | Global 0.9363 | Local 0.0181 | F1_macro 0.6474 | WorstLoss 1.8023
[Tracker] Ep  154 | AvgR 0.0002 | Global 0.9349 | Local 0.0248 | F1_macro 0.6547 | WorstLoss 1.5034
[Tracker] Ep  155 | AvgR 0.0002 | Global 0.9586 | Local 0.0234 | F1_macro 0.6484 | WorstLoss 1.4852
[Tracker] Saved snapshot: ep0155_phase2_class0
[Tracker] Ep  156 | AvgR 0.0002 | Global 0.9447 | Local 0.0200 | F1_macro 0.6374 | WorstLoss 1.7780
[Tracker] Ep  157 | AvgR 0.0002 | Global 0.9408 | Local 0.0127 | F1_macro 0.6540 | WorstLoss 1.8247
[Tracker] Ep  158 | AvgR 0.0002 | Global 0.9519 | Local 0.0111 | F1_macro 0.6410 | WorstLoss 1.7051
[Tracker] Ep  159 | AvgR 0.0002 | Global 0.9493 | Local 0.0125 | F1_macro 0.6490 | WorstLoss 1.7275
[Tracker] Ep  160 | AvgR 0.0002 | Global 0.9587 | Local 0.0155 | F1_macro 0.6471 | WorstLoss 1.4137
[Tracker] Saved snapshot: ep0160_phase2_class0
[Tracker] Ep  161 | AvgR 0.0002 | Global 0.9570 | Local 0.0430 | F1_macro 0.6494 | WorstLoss 1.8202
[Tracker] Ep  162 | AvgR 0.0002 | Global 0.9375 | Local 0.0375 | F1_macro 0.6461 | WorstLoss 1.8269
[Tracker] Ep  163 | AvgR 0.0002 | Global 0.9462 | Local 0.0228 | F1_macro 0.6376 | WorstLoss 1.9791
[Tracker] Ep  164 | AvgR 0.0002 | Global 0.9522 | Local 0.0568 | F1_macro 0.6428 | WorstLoss 1.4662
[Tracker] Ep  165 | AvgR 0.0002 | Global 0.9403 | Local 0.0401 | F1_macro 0.6329 | WorstLoss 1.7127
[Tracker] Saved snapshot: ep0165_phase2_class0
[Tracker] Ep  166 | AvgR 0.0002 | Global 0.9470 | Local 0.0409 | F1_macro 0.6464 | WorstLoss 1.6785
[Tracker] Ep  167 | AvgR 0.0002 | Global 0.9484 | Local 0.0410 | F1_macro 0.6495 | WorstLoss 1.6501
[Tracker] Ep  168 | AvgR 0.0002 | Global 0.9516 | Local 0.0423 | F1_macro 0.6377 | WorstLoss 1.5778
[Tracker] Ep  169 | AvgR 0.0002 | Global 0.9532 | Local 0.0338 | F1_macro 0.6486 | WorstLoss 1.5612
[Tracker] Ep  170 | AvgR 0.0002 | Global 0.9460 | Local 0.0372 | F1_macro 0.6462 | WorstLoss 1.5263
[Tracker] Saved snapshot: ep0170_phase2_class0
[Tracker] Ep  171 | AvgR 0.0002 | Global 0.9437 | Local 0.0376 | F1_macro 0.6359 | WorstLoss 1.7526
[Tracker] Ep  172 | AvgR 0.0002 | Global 0.9270 | Local 0.0153 | F1_macro 0.6262 | WorstLoss 1.9508
[Tracker] Ep  173 | AvgR 0.0002 | Global 0.9443 | Local 0.0442 | F1_macro 0.6424 | WorstLoss 1.7058
[Tracker] Ep  174 | AvgR 0.0002 | Global 0.9350 | Local 0.0536 | F1_macro 0.6359 | WorstLoss 1.6298
[Tracker] Ep  175 | AvgR 0.0002 | Global 0.9315 | Local 0.0402 | F1_macro 0.6413 | WorstLoss 1.7591
[Tracker] Saved snapshot: ep0175_phase2_class0
[Tracker] Ep  176 | AvgR 0.0002 | Global 0.9464 | Local 0.0398 | F1_macro 0.6407 | WorstLoss 1.6141
[Tracker] Ep  177 | AvgR 0.0002 | Global 0.9452 | Local 0.0350 | F1_macro 0.6579 | WorstLoss 1.6593
[Tracker] Ep  178 | AvgR 0.0002 | Global 0.9328 | Local 0.0345 | F1_macro 0.6418 | WorstLoss 1.7042
[Tracker] Ep  179 | AvgR 0.0002 | Global 0.9433 | Local 0.0341 | F1_macro 0.6403 | WorstLoss 1.6977
[Tracker] Ep  180 | AvgR 0.0002 | Global 0.9426 | Local 0.0315 | F1_macro 0.6439 | WorstLoss 1.7335
[Tracker] Saved snapshot: ep0180_phase2_class0
[Tracker] Ep  181 | AvgR 0.0002 | Global 0.9453 | Local 0.0533 | F1_macro 0.6481 | WorstLoss 1.4659
[Tracker] Ep  182 | AvgR 0.0002 | Global 0.9406 | Local 0.0356 | F1_macro 0.6355 | WorstLoss 2.0532
[Tracker] Ep  183 | AvgR 0.0002 | Global 0.9411 | Local 0.0508 | F1_macro 0.6328 | WorstLoss 1.5864
[Tracker] Ep  184 | AvgR 0.0002 | Global 0.9367 | Local 0.0455 | F1_macro 0.6358 | WorstLoss 1.6819
[Tracker] Ep  185 | AvgR 0.0002 | Global 0.9295 | Local 0.0621 | F1_macro 0.6390 | WorstLoss 1.8758
[Tracker] Saved snapshot: ep0185_phase2_class0
[Tracker] Ep  186 | AvgR 0.0002 | Global 0.9435 | Local 0.0377 | F1_macro 0.6516 | WorstLoss 1.7731
[Tracker] Ep  187 | AvgR 0.0002 | Global 0.9457 | Local 0.0265 | F1_macro 0.6414 | WorstLoss 1.7424
[Tracker] Ep  188 | AvgR 0.0002 | Global 0.9147 | Local 0.0276 | F1_macro 0.6329 | WorstLoss 2.0077
[Tracker] Ep  189 | AvgR 0.0002 | Global 0.9471 | Local 0.0463 | F1_macro 0.6376 | WorstLoss 1.6133
[Tracker] Ep  190 | AvgR 0.0002 | Global 0.9305 | Local 0.0311 | F1_macro 0.6353 | WorstLoss 1.8037
[Tracker] Saved snapshot: ep0190_phase2_class0
[Tracker] Ep  191 | AvgR 0.0002 | Global 0.9495 | Local 0.0444 | F1_macro 0.6344 | WorstLoss 1.6758
[Tracker] Ep  192 | AvgR 0.0003 | Global 0.9486 | Local 0.0701 | F1_macro 0.6515 | WorstLoss 1.5283
[Tracker] Ep  193 | AvgR 0.0002 | Global 0.9414 | Local 0.0388 | F1_macro 0.6307 | WorstLoss 1.6304
[Tracker] Ep  194 | AvgR 0.0002 | Global 0.9462 | Local 0.0393 | F1_macro 0.6470 | WorstLoss 1.6819
[Tracker] Ep  195 | AvgR 0.0002 | Global 0.9485 | Local 0.0395 | F1_macro 0.6540 | WorstLoss 1.5886
[Tracker] Saved snapshot: ep0195_phase2_class0
[Tracker] Ep  196 | AvgR 0.0002 | Global 0.9447 | Local 0.0620 | F1_macro 0.6410 | WorstLoss 1.5542
[Tracker] Ep  197 | AvgR 0.0002 | Global 0.9499 | Local 0.0354 | F1_macro 0.6474 | WorstLoss 2.0720
[Tracker] Ep  198 | AvgR 0.0002 | Global 0.9533 | Local 0.0306 | F1_macro 0.6560 | WorstLoss 1.6339
[Tracker] Ep  199 | AvgR 0.0002 | Global 0.9364 | Local 0.0470 | F1_macro 0.6441 | WorstLoss 1.5576
[Tracker] Ep  200 | AvgR 0.0002 | Global 0.9366 | Local 0.0317 | F1_macro 0.6378 | WorstLoss 1.6714
[Tracker] Saved snapshot: ep0200_phase2_class0
[Phase] Finished phase2_class0 | best global_obj=0.9632
FFNN Using device: cuda:0
[Combined] Saved combined beta -> training_runs/SPECv16_bias05_rl_census_3seeds_EP800_PCA10_REWfairness_minID1_majID0_TRJ2000_REAL3000_BIAS0.05_GG202603180827_69232259/seed_42/best_beta_state_dict.pt
[Combined] Saved combined synthetic -> training_runs/SPECv16_bias05_rl_census_3seeds_EP800_PCA10_REWfairness_minID1_majID0_TRJ2000_REAL3000_BIAS0.05_GG202603180827_69232259/seed_42/best_synthetic_combined.npz
FFNN Using device: cuda:0
[TestSuite] Loaded best β weights from: training_runs/SPECv16_bias05_rl_census_3seeds_EP800_PCA10_REWfairness_minID1_majID0_TRJ2000_REAL3000_BIAS0.05_GG202603180827_69232259/seed_42/best_beta_state_dict.pt

[TEST] Alpha -> F1(min)=0.2989 | F1(maj)=0.8832 | F1(weighted)=0.7425 | F1(macro)=0.5911 | Brier=0.1490
[TEST] Beta  -> F1(min)=0.4905 | F1(maj)=0.8812 | F1(weighted)=0.7871 | F1(macro)=0.6858 | Brier=0.1429
[TestSuite] Final test metrics appended to (seed): training_runs/SPECv16_bias05_rl_census_3seeds_EP800_PCA10_REWfairness_minID1_majID0_TRJ2000_REAL3000_BIAS0.05_GG202603180827_69232259/seed_42/final_test_metrics.csv
[TestSuite] Final test metrics appended to (experiment): training_runs/SPECv16_bias05_rl_census_3seeds_EP800_PCA10_REWfairness_minID1_majID0_TRJ2000_REAL3000_BIAS0.05_GG202603180827_69232259/final_test_metrics.csv
Total time 2132.85s
[Tracker] Finished. Run folder: training_runs/SPECv16_bias05_rl_census_3seeds_EP800_PCA10_REWfairness_minID1_majID0_TRJ2000_REAL3000_BIAS0.05_GG202603180827_69232259/seed_42
[main] ---- running seed=0 ----
FFNN Using device: cuda:0
FFNN Using device: cuda:0
[Tracker] Experiment: SPECv16_bias05_rl_census_3seeds_EP800_PCA10_REWfairness_minID1_majID0_TRJ2000_REAL3000_BIAS0.05_GG202603180827_69232259
[Tracker] Seed folder: training_runs/SPECv16_bias05_rl_census_3seeds_EP800_PCA10_REWfairness_minID1_majID0_TRJ2000_REAL3000_BIAS0.05_GG202603180827_69232259/seed_0
[Tracker] Run: 2026-03-18_09-02-50_seed0_198880_6908a234
[Tracker] Metrics CSV: training_runs/SPECv16_bias05_rl_census_3seeds_EP800_PCA10_REWfairness_minID1_majID0_TRJ2000_REAL3000_BIAS0.05_GG202603180827_69232259/seed_0/metrics.csv
[Tracker] Mirroring console to: training_runs/SPECv16_bias05_rl_census_3seeds_EP800_PCA10_REWfairness_minID1_majID0_TRJ2000_REAL3000_BIAS0.05_GG202603180827_69232259/seed_0/console.log
[TRAIN] size=3000, minority=150 (5.00%)
[VAL] size=5204, minority=260 (5.00%)
[TEST] size=6513, minority=1569 (24.09%)
FFNN Using device: cuda:0
FFNN Using device: cuda:0
Beta will train with: 60.00% real data, 40.00% synthetic data: 
[disadv] group=1 per_g={0: 0.07604334503412247, 1: 0.18663887679576874} worst_4g=2.7540 soft_eo_alpha=0.1291
Anchors: 137 (disadv=1) sigma_anchor=0.8500
[Tracker] Alpha model state_dict saved to training_runs/SPECv16_bias05_rl_census_3seeds_EP800_PCA10_REWfairness_minID1_majID0_TRJ2000_REAL3000_BIAS0.05_GG202603180827_69232259/seed_0/alpha_state_dict.pt
[Tracker] Alpha model config saved to training_runs/SPECv16_bias05_rl_census_3seeds_EP800_PCA10_REWfairness_minID1_majID0_TRJ2000_REAL3000_BIAS0.05_GG202603180827_69232259/seed_0/ffnn_meta.json

============================================================
[Phase] Starting phase1_class1 | target_class=1 | episodes=800
============================================================
[Tracker] CSV header written with 44 columns.
[Tracker] Ep    1 | AvgR 0.0000 | Global 0.0129 | Local 0.0432 | F1_macro 0.6297 | WorstLoss 3.1864
[Tracker] New BEST synthetic [phase1_class1] (by global.global_obj: 0.012898) saved.
[Tracker] BEST β weights [phase1_class1] saved -> training_runs/SPECv16_bias05_rl_census_3seeds_EP800_PCA10_REWfairness_minID1_majID0_TRJ2000_REAL3000_BIAS0.05_GG202603180827_69232259/seed_0/best_beta_state_dict_phase1_class1.pt
[Tracker] Ep    2 | AvgR 0.0000 | Global 0.0003 | Local 0.0704 | F1_macro 0.6046 | WorstLoss 3.5663
[Tracker] Ep    3 | AvgR 0.0000 | Global 0.0295 | Local 0.0558 | F1_macro 0.6452 | WorstLoss 3.1030
[Tracker] New BEST synthetic [phase1_class1] (by global.global_obj: 0.029507) saved.
[Tracker] BEST β weights [phase1_class1] saved -> training_runs/SPECv16_bias05_rl_census_3seeds_EP800_PCA10_REWfairness_minID1_majID0_TRJ2000_REAL3000_BIAS0.05_GG202603180827_69232259/seed_0/best_beta_state_dict_phase1_class1.pt
[Tracker] Ep    4 | AvgR 0.0000 | Global 0.0022 | Local 0.0601 | F1_macro 0.5998 | WorstLoss 3.3619
[Tracker] Ep    5 | AvgR 0.0000 | Global 0.1391 | Local 0.0252 | F1_macro 0.6133 | WorstLoss 2.9345
[Tracker] Saved snapshot: ep0005_phase1_class1
[Tracker] New BEST synthetic [phase1_class1] (by global.global_obj: 0.139052) saved.
[Tracker] BEST β weights [phase1_class1] saved -> training_runs/SPECv16_bias05_rl_census_3seeds_EP800_PCA10_REWfairness_minID1_majID0_TRJ2000_REAL3000_BIAS0.05_GG202603180827_69232259/seed_0/best_beta_state_dict_phase1_class1.pt
[Tracker] Ep    6 | AvgR 0.0000 | Global 0.0009 | Local 0.0607 | F1_macro 0.6322 | WorstLoss 3.4557
[Tracker] Ep    7 | AvgR 0.0000 | Global 0.0403 | Local 0.0423 | F1_macro 0.6165 | WorstLoss 3.0699
[Tracker] Ep    8 | AvgR 0.0000 | Global 0.0052 | Local 0.0238 | F1_macro 0.6200 | WorstLoss 3.2801
[Tracker] Ep    9 | AvgR 0.0000 | Global 0.0277 | Local 0.0500 | F1_macro 0.6423 | WorstLoss 3.1084
[Tracker] Ep   10 | AvgR 0.0000 | Global 0.0007 | Local 0.0183 | F1_macro 0.6100 | WorstLoss 3.4787
[Tracker] Saved snapshot: ep0010_phase1_class1
[Tracker] Ep   11 | AvgR 0.0000 | Global 0.0160 | Local 0.0549 | F1_macro 0.5885 | WorstLoss 3.1628
[Tracker] Ep   12 | AvgR 0.0000 | Global 0.0007 | Local 0.0391 | F1_macro 0.6236 | WorstLoss 3.4754
[Tracker] Ep   13 | AvgR 0.0000 | Global 0.0070 | Local 0.0167 | F1_macro 0.6096 | WorstLoss 3.2499
[Tracker] Ep   14 | AvgR 0.0000 | Global 0.0024 | Local 0.0442 | F1_macro 0.6400 | WorstLoss 3.3562
[Tracker] Ep   15 | AvgR 0.0000 | Global 0.0145 | Local 0.0312 | F1_macro 0.6266 | WorstLoss 3.1736
[Tracker] Saved snapshot: ep0015_phase1_class1
[Tracker] Ep   16 | AvgR 0.0000 | Global 0.0410 | Local 0.0369 | F1_macro 0.5911 | WorstLoss 3.0664
[Tracker] Ep   17 | AvgR 0.0000 | Global 0.0009 | Local 0.0562 | F1_macro 0.6459 | WorstLoss 3.4534
[Tracker] Ep   18 | AvgR 0.0000 | Global 0.0964 | Local 0.0325 | F1_macro 0.6029 | WorstLoss 2.9765
[Tracker] Ep   19 | AvgR 0.0000 | Global 0.0000 | Local 0.0693 | F1_macro 0.6091 | WorstLoss 3.7699
[Tracker] Ep   20 | AvgR 0.0001 | Global 0.5332 | Local 0.0518 | F1_macro 0.6320 | WorstLoss 2.7337
[Tracker] Saved snapshot: ep0020_phase1_class1
[Tracker] New BEST synthetic [phase1_class1] (by global.global_obj: 0.533166) saved.
[Tracker] BEST β weights [phase1_class1] saved -> training_runs/SPECv16_bias05_rl_census_3seeds_EP800_PCA10_REWfairness_minID1_majID0_TRJ2000_REAL3000_BIAS0.05_GG202603180827_69232259/seed_0/best_beta_state_dict_phase1_class1.pt
[Tracker] Ep   21 | AvgR 0.0000 | Global 0.0172 | Local 0.0317 | F1_macro 0.6016 | WorstLoss 3.1585
[Tracker] Ep   22 | AvgR 0.0000 | Global 0.0029 | Local 0.0203 | F1_macro 0.6096 | WorstLoss 3.3369
[Tracker] Ep   23 | AvgR 0.0001 | Global 0.4555 | Local 0.0239 | F1_macro 0.6116 | WorstLoss 2.7695
[Tracker] Ep   24 | AvgR 0.0000 | Global 0.0646 | Local 0.0505 | F1_macro 0.6205 | WorstLoss 3.0173
[Tracker] Ep   25 | AvgR 0.0000 | Global 0.0107 | Local 0.0603 | F1_macro 0.6331 | WorstLoss 3.2024
[Tracker] Saved snapshot: ep0025_phase1_class1
[Tracker] Ep   26 | AvgR 0.0000 | Global 0.1099 | Local 0.0538 | F1_macro 0.6031 | WorstLoss 2.9577
[Tracker] Ep   27 | AvgR 0.0000 | Global 0.0039 | Local 0.0549 | F1_macro 0.5901 | WorstLoss 3.3071
[Tracker] Ep   28 | AvgR 0.0000 | Global 0.0000 | Local 0.0880 | F1_macro 0.6243 | WorstLoss 3.8339
[Tracker] Ep   29 | AvgR 0.0000 | Global 0.0067 | Local 0.0553 | F1_macro 0.6001 | WorstLoss 3.2480
[Tracker] Ep   30 | AvgR 0.0000 | Global 0.0067 | Local 0.0736 | F1_macro 0.5947 | WorstLoss 3.2456
[Tracker] Saved snapshot: ep0030_phase1_class1
[Tracker] Ep   31 | AvgR 0.0001 | Global 0.4789 | Local 0.0306 | F1_macro 0.6264 | WorstLoss 2.7618
[Tracker] Ep   32 | AvgR 0.0000 | Global 0.0007 | Local 0.0490 | F1_macro 0.6083 | WorstLoss 3.4741
[Tracker] Ep   33 | AvgR 0.0000 | Global 0.0000 | Local 0.0295 | F1_macro 0.6174 | WorstLoss 3.9902
[Tracker] Ep   34 | AvgR 0.0000 | Global 0.0145 | Local 0.0334 | F1_macro 0.6028 | WorstLoss 3.1727
[Tracker] Ep   35 | AvgR 0.0000 | Global 0.0002 | Local 0.0847 | F1_macro 0.5990 | WorstLoss 3.6045
[Tracker] Saved snapshot: ep0035_phase1_class1
[Tracker] Ep   36 | AvgR 0.0000 | Global 0.0114 | Local 0.0372 | F1_macro 0.6132 | WorstLoss 3.1976
[Tracker] Ep   37 | AvgR 0.0000 | Global 0.0010 | Local 0.0591 | F1_macro 0.5988 | WorstLoss 3.4403
[Tracker] Ep   38 | AvgR 0.0000 | Global 0.0324 | Local 0.0603 | F1_macro 0.6183 | WorstLoss 3.0877
[Tracker] Ep   39 | AvgR 0.0000 | Global 0.0119 | Local 0.0598 | F1_macro 0.6197 | WorstLoss 3.1893
[Tracker] Ep   40 | AvgR 0.0000 | Global 0.2169 | Local 0.0426 | F1_macro 0.5894 | WorstLoss 2.8762
[Tracker] Saved snapshot: ep0040_phase1_class1
[Tracker] Ep   41 | AvgR 0.0000 | Global 0.0025 | Local 0.0516 | F1_macro 0.5908 | WorstLoss 3.3493
[Tracker] Ep   42 | AvgR 0.0001 | Global 0.2013 | Local 0.0574 | F1_macro 0.6261 | WorstLoss 2.8878
[Tracker] Ep   43 | AvgR 0.0001 | Global 0.4047 | Local 0.0247 | F1_macro 0.5998 | WorstLoss 2.7856
[Tracker] Ep   44 | AvgR 0.0000 | Global 0.0020 | Local 0.0358 | F1_macro 0.6086 | WorstLoss 3.3719
[Tracker] Ep   45 | AvgR 0.0000 | Global 0.0043 | Local 0.0654 | F1_macro 0.5959 | WorstLoss 3.2909
[Tracker] Saved snapshot: ep0045_phase1_class1
[Tracker] Ep   46 | AvgR 0.0000 | Global 0.0116 | Local 0.0227 | F1_macro 0.6092 | WorstLoss 3.1970
[Tracker] Ep   47 | AvgR 0.0000 | Global 0.0772 | Local 0.0626 | F1_macro 0.6139 | WorstLoss 2.9991
[Tracker] Ep   48 | AvgR 0.0000 | Global 0.0162 | Local 0.0579 | F1_macro 0.5906 | WorstLoss 3.1588
[Tracker] Ep   49 | AvgR 0.0000 | Global 0.0315 | Local 0.0513 | F1_macro 0.6294 | WorstLoss 3.0930
[Tracker] Ep   50 | AvgR 0.0000 | Global 0.1352 | Local 0.0382 | F1_macro 0.6403 | WorstLoss 2.9375
[Tracker] Saved snapshot: ep0050_phase1_class1
[Tracker] Ep   51 | AvgR 0.0000 | Global 0.0000 | Local 0.0787 | F1_macro 0.5895 | WorstLoss 3.9265
[Tracker] Ep   52 | AvgR 0.0000 | Global 0.0030 | Local 0.0877 | F1_macro 0.6108 | WorstLoss 3.3306
[Tracker] Ep   53 | AvgR 0.0000 | Global 0.0121 | Local 0.0700 | F1_macro 0.5985 | WorstLoss 3.1894
[Tracker] Ep   54 | AvgR 0.0000 | Global 0.0100 | Local 0.0457 | F1_macro 0.6008 | WorstLoss 3.2100
[Tracker] Ep   55 | AvgR 0.0000 | Global 0.0268 | Local 0.0206 | F1_macro 0.6304 | WorstLoss 3.1113
[Tracker] Saved snapshot: ep0055_phase1_class1
[Tracker] Ep   56 | AvgR 0.0000 | Global 0.0075 | Local 0.0447 | F1_macro 0.6145 | WorstLoss 3.2397
[Tracker] Ep   57 | AvgR 0.0000 | Global 0.0962 | Local 0.0419 | F1_macro 0.5957 | WorstLoss 2.9749
[Tracker] Ep   58 | AvgR 0.0000 | Global 0.0000 | Local 0.0617 | F1_macro 0.5908 | WorstLoss 3.9049
[Tracker] Ep   59 | AvgR 0.0000 | Global 0.0302 | Local 0.0230 | F1_macro 0.5917 | WorstLoss 3.0956
[Tracker] Ep   60 | AvgR 0.0000 | Global 0.0000 | Local 0.1137 | F1_macro 0.5819 | WorstLoss 3.9298
[Tracker] Saved snapshot: ep0060_phase1_class1
[Tracker] Ep   61 | AvgR 0.0000 | Global 0.0546 | Local 0.0396 | F1_macro 0.6239 | WorstLoss 3.0385
[Tracker] Ep   62 | AvgR 0.0000 | Global 0.0222 | Local 0.0266 | F1_macro 0.6129 | WorstLoss 3.1317
[Tracker] Ep   63 | AvgR 0.0000 | Global 0.0025 | Local 0.0760 | F1_macro 0.5950 | WorstLoss 3.3512
[Tracker] Ep   64 | AvgR 0.0000 | Global 0.0137 | Local 0.0560 | F1_macro 0.5760 | WorstLoss 3.1775
[Tracker] Ep   65 | AvgR 0.0000 | Global 0.0950 | Local 0.0577 | F1_macro 0.6462 | WorstLoss 2.9774
[Tracker] Saved snapshot: ep0065_phase1_class1
[Tracker] Ep   66 | AvgR 0.0000 | Global 0.1192 | Local 0.0410 | F1_macro 0.6176 | WorstLoss 2.9502
[Tracker] Ep   67 | AvgR 0.0000 | Global 0.2112 | Local 0.0165 | F1_macro 0.6216 | WorstLoss 2.8848
[Tracker] Ep   68 | AvgR 0.0000 | Global 0.0005 | Local 0.0505 | F1_macro 0.5993 | WorstLoss 3.5009
[Tracker] Ep   69 | AvgR 0.0000 | Global 0.1404 | Local 0.0482 | F1_macro 0.6207 | WorstLoss 2.9318
[Tracker] Ep   70 | AvgR 0.0000 | Global 0.0002 | Local 0.0807 | F1_macro 0.6151 | WorstLoss 3.5896
[Tracker] Saved snapshot: ep0070_phase1_class1
[Tracker] Ep   71 | AvgR 0.0000 | Global 0.1363 | Local 0.0402 | F1_macro 0.6163 | WorstLoss 2.9341
[Tracker] Ep   72 | AvgR 0.0001 | Global 0.7569 | Local 0.0222 | F1_macro 0.6294 | WorstLoss 2.6394
[Tracker] New BEST synthetic [phase1_class1] (by global.global_obj: 0.756937) saved.
[Tracker] BEST β weights [phase1_class1] saved -> training_runs/SPECv16_bias05_rl_census_3seeds_EP800_PCA10_REWfairness_minID1_majID0_TRJ2000_REAL3000_BIAS0.05_GG202603180827_69232259/seed_0/best_beta_state_dict_phase1_class1.pt
[Tracker] Ep   73 | AvgR 0.0000 | Global 0.0035 | Local 0.0821 | F1_macro 0.5944 | WorstLoss 3.3112
[Tracker] Ep   74 | AvgR 0.0000 | Global 0.1661 | Local 0.0343 | F1_macro 0.6135 | WorstLoss 2.9130
[Tracker] Ep   75 | AvgR 0.0000 | Global 0.0093 | Local 0.0423 | F1_macro 0.6288 | WorstLoss 3.2175
[Tracker] Saved snapshot: ep0075_phase1_class1
[Tracker] Ep   76 | AvgR 0.0000 | Global 0.0351 | Local 0.0165 | F1_macro 0.5913 | WorstLoss 3.0844
[Tracker] Ep   77 | AvgR 0.0000 | Global 0.0368 | Local 0.0347 | F1_macro 0.6170 | WorstLoss 3.0778
[Tracker] Ep   78 | AvgR 0.0000 | Global 0.0454 | Local 0.0532 | F1_macro 0.6069 | WorstLoss 3.0534
[Tracker] Ep   79 | AvgR 0.0000 | Global 0.0002 | Local 0.0921 | F1_macro 0.6078 | WorstLoss 3.5870
[Tracker] Ep   80 | AvgR 0.0000 | Global 0.1750 | Local 0.0299 | F1_macro 0.6432 | WorstLoss 2.9060
[Tracker] Saved snapshot: ep0080_phase1_class1
[Tracker] Ep   81 | AvgR 0.0000 | Global 0.0002 | Local 0.0651 | F1_macro 0.6302 | WorstLoss 3.5919
[Tracker] Ep   82 | AvgR 0.0000 | Global 0.0011 | Local 0.0500 | F1_macro 0.5991 | WorstLoss 3.4216
[Tracker] Ep   83 | AvgR 0.0000 | Global 0.0566 | Local 0.0165 | F1_macro 0.5871 | WorstLoss 3.0344
[Tracker] Ep   84 | AvgR 0.0000 | Global 0.0299 | Local 0.0320 | F1_macro 0.6083 | WorstLoss 3.0977
[Tracker] Ep   85 | AvgR 0.0000 | Global 0.0256 | Local 0.0456 | F1_macro 0.6193 | WorstLoss 3.1139
[Tracker] Saved snapshot: ep0085_phase1_class1
[Tracker] Ep   86 | AvgR 0.0000 | Global 0.2213 | Local 0.0301 | F1_macro 0.6271 | WorstLoss 2.8790
[Tracker] Ep   87 | AvgR 0.0000 | Global 0.0222 | Local 0.0781 | F1_macro 0.6047 | WorstLoss 3.1292
[Tracker] Ep   88 | AvgR 0.0000 | Global 0.1463 | Local 0.0205 | F1_macro 0.6176 | WorstLoss 2.9291
[Tracker] Ep   89 | AvgR 0.0000 | Global 0.0097 | Local 0.0645 | F1_macro 0.5793 | WorstLoss 3.2117
[Tracker] Ep   90 | AvgR 0.0000 | Global 0.0136 | Local 0.0539 | F1_macro 0.5926 | WorstLoss 3.1778
[Tracker] Saved snapshot: ep0090_phase1_class1
[Tracker] Ep   91 | AvgR 0.0000 | Global 0.0063 | Local 0.0395 | F1_macro 0.6238 | WorstLoss 3.2533
[Tracker] Ep   92 | AvgR 0.0000 | Global 0.1483 | Local 0.0301 | F1_macro 0.6204 | WorstLoss 2.9279
[Tracker] Ep   93 | AvgR 0.0000 | Global 0.0306 | Local 0.0774 | F1_macro 0.5911 | WorstLoss 3.0947
[Tracker] Ep   94 | AvgR 0.0000 | Global 0.0161 | Local 0.0683 | F1_macro 0.6105 | WorstLoss 3.1556
[Tracker] Ep   95 | AvgR 0.0000 | Global 0.1270 | Local 0.0247 | F1_macro 0.6288 | WorstLoss 2.9457
[Tracker] Saved snapshot: ep0095_phase1_class1
[Tracker] Ep   96 | AvgR 0.0001 | Global 0.5200 | Local 0.0438 | F1_macro 0.6087 | WorstLoss 2.7330
[Tracker] Ep   97 | AvgR 0.0000 | Global 0.0033 | Local 0.0200 | F1_macro 0.6111 | WorstLoss 3.3223
[Tracker] Ep   98 | AvgR 0.0000 | Global 0.0008 | Local 0.0545 | F1_macro 0.5985 | WorstLoss 3.4596
[Tracker] Ep   99 | AvgR 0.0000 | Global 0.0323 | Local 0.0175 | F1_macro 0.6291 | WorstLoss 3.0925
[Tracker] Ep  100 | AvgR 0.0000 | Global 0.0000 | Local 0.0408 | F1_macro 0.5792 | WorstLoss 3.8291
[Tracker] Saved snapshot: ep0100_phase1_class1
[Tracker] Ep  101 | AvgR 0.0000 | Global 0.0171 | Local 0.0454 | F1_macro 0.6173 | WorstLoss 3.1551
[Tracker] Ep  102 | AvgR 0.0000 | Global 0.0669 | Local 0.0235 | F1_macro 0.6153 | WorstLoss 3.0146
[Tracker] Ep  103 | AvgR 0.0000 | Global 0.0237 | Local 0.0322 | F1_macro 0.5852 | WorstLoss 3.1240
[Tracker] Ep  104 | AvgR 0.0000 | Global 0.0005 | Local 0.0488 | F1_macro 0.5978 | WorstLoss 3.5003
[Tracker] Ep  105 | AvgR 0.0000 | Global 0.0009 | Local 0.0494 | F1_macro 0.5895 | WorstLoss 3.4500
[Tracker] Saved snapshot: ep0105_phase1_class1
[Tracker] Ep  106 | AvgR 0.0001 | Global 0.5211 | Local 0.0477 | F1_macro 0.5984 | WorstLoss 2.7384
[Tracker] Ep  107 | AvgR 0.0000 | Global 0.0016 | Local 0.0464 | F1_macro 0.6250 | WorstLoss 3.3956
[Tracker] Ep  108 | AvgR 0.0000 | Global 0.0001 | Local 0.0475 | F1_macro 0.6272 | WorstLoss 3.6529
[Tracker] Ep  109 | AvgR 0.0000 | Global 0.0481 | Local 0.0215 | F1_macro 0.6427 | WorstLoss 3.0499
[Tracker] Ep  110 | AvgR 0.0000 | Global 0.0516 | Local 0.0333 | F1_macro 0.6153 | WorstLoss 3.0441
[Tracker] Saved snapshot: ep0110_phase1_class1
[Tracker] Ep  111 | AvgR 0.0000 | Global 0.0180 | Local 0.0553 | F1_macro 0.6142 | WorstLoss 3.1472
[Tracker] Ep  112 | AvgR 0.0000 | Global 0.1610 | Local 0.0608 | F1_macro 0.6112 | WorstLoss 2.9121
[Tracker] Ep  113 | AvgR 0.0000 | Global 0.1649 | Local 0.0380 | F1_macro 0.6037 | WorstLoss 2.9129
[Tracker] Ep  114 | AvgR 0.0000 | Global 0.0030 | Local 0.0791 | F1_macro 0.6091 | WorstLoss 3.3295
[Tracker] Ep  115 | AvgR 0.0000 | Global 0.0007 | Local 0.0975 | F1_macro 0.6202 | WorstLoss 3.4781
[Tracker] Saved snapshot: ep0115_phase1_class1
[Tracker] Ep  116 | AvgR 0.0000 | Global 0.1282 | Local 0.0539 | F1_macro 0.6434 | WorstLoss 2.9443
[Tracker] Ep  117 | AvgR 0.0000 | Global 0.0000 | Local 0.0540 | F1_macro 0.6182 | WorstLoss 3.8921
[Tracker] Ep  118 | AvgR 0.0001 | Global 0.6780 | Local 0.0248 | F1_macro 0.6049 | WorstLoss 2.6700
[Tracker] Ep  119 | AvgR 0.0001 | Global 0.2080 | Local 0.0765 | F1_macro 0.6384 | WorstLoss 2.8849
[Tracker] Ep  120 | AvgR 0.0000 | Global 0.0001 | Local 0.0622 | F1_macro 0.5954 | WorstLoss 3.6901
[Tracker] Saved snapshot: ep0120_phase1_class1
[Tracker] Ep  121 | AvgR 0.0000 | Global 0.0066 | Local 0.0495 | F1_macro 0.5943 | WorstLoss 3.2482
[Tracker] Ep  122 | AvgR 0.0000 | Global 0.1012 | Local 0.0262 | F1_macro 0.6074 | WorstLoss 2.9693
[Tracker] Ep  123 | AvgR 0.0000 | Global 0.0051 | Local 0.0237 | F1_macro 0.5864 | WorstLoss 3.2752
[Tracker] Ep  124 | AvgR 0.0000 | Global 0.0025 | Local 0.0673 | F1_macro 0.6108 | WorstLoss 3.3476
[Tracker] Ep  125 | AvgR 0.0000 | Global 0.0143 | Local 0.0286 | F1_macro 0.6107 | WorstLoss 3.1740
[Tracker] Saved snapshot: ep0125_phase1_class1
[Tracker] Ep  126 | AvgR 0.0000 | Global 0.0033 | Local 0.0191 | F1_macro 0.6161 | WorstLoss 3.3221
[Tracker] Ep  127 | AvgR 0.0001 | Global 0.4719 | Local 0.0157 | F1_macro 0.5882 | WorstLoss 2.7629
[Tracker] Ep  128 | AvgR 0.0000 | Global 0.0014 | Local 0.0240 | F1_macro 0.6178 | WorstLoss 3.4127
[Tracker] Ep  129 | AvgR 0.0000 | Global 0.0111 | Local 0.0699 | F1_macro 0.6224 | WorstLoss 3.1974
[Tracker] Ep  130 | AvgR 0.0000 | Global 0.0255 | Local 0.0295 | F1_macro 0.6101 | WorstLoss 3.1131
[Tracker] Saved snapshot: ep0130_phase1_class1
[Tracker] Ep  131 | AvgR 0.0000 | Global 0.0191 | Local 0.0635 | F1_macro 0.5906 | WorstLoss 3.1443
[Tracker] Ep  132 | AvgR 0.0000 | Global 0.0004 | Local 0.0520 | F1_macro 0.6364 | WorstLoss 3.5211
[Tracker] Ep  133 | AvgR 0.0000 | Global 0.2221 | Local 0.0293 | F1_macro 0.6190 | WorstLoss 2.8778
[Tracker] Ep  134 | AvgR 0.0000 | Global 0.0120 | Local 0.0263 | F1_macro 0.6027 | WorstLoss 3.1924
[Tracker] Ep  135 | AvgR 0.0000 | Global 0.0001 | Local 0.0824 | F1_macro 0.6165 | WorstLoss 3.6308
[Tracker] Saved snapshot: ep0135_phase1_class1
[Tracker] Ep  136 | AvgR 0.0000 | Global 0.0232 | Local 0.0218 | F1_macro 0.6070 | WorstLoss 3.1261
[Tracker] Ep  137 | AvgR 0.0000 | Global 0.1078 | Local 0.0124 | F1_macro 0.6234 | WorstLoss 2.9643
[Tracker] Ep  138 | AvgR 0.0000 | Global 0.1456 | Local 0.0611 | F1_macro 0.6586 | WorstLoss 2.9291
[Tracker] Ep  139 | AvgR 0.0000 | Global 0.0002 | Local 0.0577 | F1_macro 0.6188 | WorstLoss 3.5946
[Tracker] Ep  140 | AvgR 0.0000 | Global 0.0454 | Local 0.0378 | F1_macro 0.6203 | WorstLoss 3.0557
[Tracker] Saved snapshot: ep0140_phase1_class1
[Tracker] Ep  141 | AvgR 0.0000 | Global 0.0966 | Local 0.0879 | F1_macro 0.6167 | WorstLoss 2.9721
[Tracker] Ep  142 | AvgR 0.0000 | Global 0.0095 | Local 0.0406 | F1_macro 0.6213 | WorstLoss 3.2153
[Tracker] Ep  143 | AvgR 0.0000 | Global 0.0018 | Local 0.0593 | F1_macro 0.6022 | WorstLoss 3.3788
[Tracker] Ep  144 | AvgR 0.0001 | Global 0.2801 | Local 0.0463 | F1_macro 0.6000 | WorstLoss 2.8432
[Tracker] Ep  145 | AvgR 0.0000 | Global 0.0033 | Local 0.0205 | F1_macro 0.5982 | WorstLoss 3.3226
[Tracker] Saved snapshot: ep0145_phase1_class1
[Tracker] Ep  146 | AvgR 0.0000 | Global 0.0155 | Local 0.0241 | F1_macro 0.6029 | WorstLoss 3.1673
[Tracker] Ep  147 | AvgR 0.0001 | Global 0.5799 | Local 0.0247 | F1_macro 0.5947 | WorstLoss 2.7201
[Tracker] Ep  148 | AvgR 0.0000 | Global 0.0006 | Local 0.0295 | F1_macro 0.6096 | WorstLoss 3.4936
[Tracker] Ep  149 | AvgR 0.0000 | Global 0.0000 | Local 0.0556 | F1_macro 0.6060 | WorstLoss 3.8512
[Tracker] Ep  150 | AvgR 0.0000 | Global 0.0224 | Local 0.0118 | F1_macro 0.5888 | WorstLoss 3.1296
[Tracker] Saved snapshot: ep0150_phase1_class1
[Tracker] Ep  151 | AvgR 0.0000 | Global 0.0135 | Local 0.0186 | F1_macro 0.6169 | WorstLoss 3.1818
[Tracker] Ep  152 | AvgR 0.0000 | Global 0.0024 | Local 0.0176 | F1_macro 0.5939 | WorstLoss 3.3538
[Tracker] Ep  153 | AvgR 0.0000 | Global 0.0067 | Local 0.0213 | F1_macro 0.5823 | WorstLoss 3.2532
[Tracker] Ep  154 | AvgR 0.0000 | Global 0.0000 | Local 0.0830 | F1_macro 0.6334 | WorstLoss 3.9915
[Tracker] Ep  155 | AvgR 0.0000 | Global 0.0092 | Local 0.0242 | F1_macro 0.6010 | WorstLoss 3.2193
[Tracker] Saved snapshot: ep0155_phase1_class1
[Tracker] Ep  156 | AvgR 0.0000 | Global 0.0018 | Local 0.0585 | F1_macro 0.5835 | WorstLoss 3.3809
[Tracker] Ep  157 | AvgR 0.0000 | Global 0.0191 | Local 0.0237 | F1_macro 0.6111 | WorstLoss 3.1466
[Tracker] Ep  158 | AvgR 0.0000 | Global 0.0002 | Local 0.0368 | F1_macro 0.5941 | WorstLoss 3.6126
[Tracker] Ep  159 | AvgR 0.0000 | Global 0.0011 | Local 0.0279 | F1_macro 0.6423 | WorstLoss 3.4301
[Tracker] Ep  160 | AvgR 0.0000 | Global 0.0436 | Local 0.0584 | F1_macro 0.6024 | WorstLoss 3.0584
[Tracker] Saved snapshot: ep0160_phase1_class1
[Tracker] Ep  161 | AvgR 0.0000 | Global 0.0324 | Local 0.0117 | F1_macro 0.5964 | WorstLoss 3.0916
[Tracker] Ep  162 | AvgR 0.0000 | Global 0.1728 | Local 0.0125 | F1_macro 0.5974 | WorstLoss 2.9105
[Tracker] Ep  163 | AvgR 0.0001 | Global 0.4265 | Local 0.0188 | F1_macro 0.6266 | WorstLoss 2.7820
[Tracker] Ep  164 | AvgR 0.0001 | Global 0.5462 | Local 0.0059 | F1_macro 0.6153 | WorstLoss 2.7354
[Tracker] Ep  165 | AvgR 0.0002 | Global 0.8910 | Local 0.0058 | F1_macro 0.6173 | WorstLoss 2.5439
[Tracker] Saved snapshot: ep0165_phase1_class1
[Tracker] New BEST synthetic [phase1_class1] (by global.global_obj: 0.890974) saved.
[Tracker] BEST β weights [phase1_class1] saved -> training_runs/SPECv16_bias05_rl_census_3seeds_EP800_PCA10_REWfairness_minID1_majID0_TRJ2000_REAL3000_BIAS0.05_GG202603180827_69232259/seed_0/best_beta_state_dict_phase1_class1.pt
[Tracker] Ep  166 | AvgR 0.0001 | Global 0.6128 | Local 0.0143 | F1_macro 0.6216 | WorstLoss 2.7050
[Tracker] Ep  167 | AvgR 0.0001 | Global 0.2685 | Local 0.0176 | F1_macro 0.5885 | WorstLoss 2.8535
[Tracker] Ep  168 | AvgR 0.0001 | Global 0.3353 | Local 0.0058 | F1_macro 0.6182 | WorstLoss 2.8224
[Tracker] Ep  169 | AvgR 0.0001 | Global 0.8142 | Local 0.0117 | F1_macro 0.6389 | WorstLoss 2.6062
[Tracker] Ep  170 | AvgR 0.0001 | Global 0.4819 | Local 0.0098 | F1_macro 0.6338 | WorstLoss 2.7612
[Tracker] Saved snapshot: ep0170_phase1_class1
[Tracker] Ep  171 | AvgR 0.0001 | Global 0.3319 | Local 0.0071 | F1_macro 0.6014 | WorstLoss 2.8234
[Tracker] Ep  172 | AvgR 0.0000 | Global 0.0839 | Local 0.0150 | F1_macro 0.5950 | WorstLoss 2.9924
[Tracker] Ep  173 | AvgR 0.0000 | Global 0.0497 | Local 0.0114 | F1_macro 0.5948 | WorstLoss 3.0490
[Tracker] Ep  174 | AvgR 0.0001 | Global 0.5691 | Local 0.0224 | F1_macro 0.6561 | WorstLoss 2.7248
[Tracker] Ep  175 | AvgR 0.0001 | Global 0.5019 | Local 0.0121 | F1_macro 0.6298 | WorstLoss 2.7531
[Tracker] Saved snapshot: ep0175_phase1_class1
[Tracker] Ep  176 | AvgR 0.0001 | Global 0.4380 | Local 0.0198 | F1_macro 0.6157 | WorstLoss 2.7770
[Tracker] Ep  177 | AvgR 0.0001 | Global 0.3539 | Local 0.0096 | F1_macro 0.6121 | WorstLoss 2.8142
[Tracker] Ep  178 | AvgR 0.0001 | Global 0.6535 | Local 0.0078 | F1_macro 0.6209 | WorstLoss 2.6899
[Tracker] Ep  179 | AvgR 0.0000 | Global 0.0926 | Local 0.0143 | F1_macro 0.5932 | WorstLoss 2.9807
[Tracker] Ep  180 | AvgR 0.0001 | Global 0.8078 | Local 0.0089 | F1_macro 0.6088 | WorstLoss 2.6103
[Tracker] Saved snapshot: ep0180_phase1_class1
[Tracker] Ep  181 | AvgR 0.0000 | Global 0.1858 | Local 0.0067 | F1_macro 0.6132 | WorstLoss 2.9006
[Tracker] Ep  182 | AvgR 0.0001 | Global 0.6059 | Local 0.0127 | F1_macro 0.6035 | WorstLoss 2.7110
[Tracker] Ep  183 | AvgR 0.0000 | Global 0.0034 | Local 0.0146 | F1_macro 0.6088 | WorstLoss 3.3222
[Tracker] Ep  184 | AvgR 0.0000 | Global 0.1720 | Local 0.0069 | F1_macro 0.6098 | WorstLoss 2.9111
[Tracker] Ep  185 | AvgR 0.0001 | Global 0.6580 | Local 0.0106 | F1_macro 0.6290 | WorstLoss 2.6885
[Tracker] Saved snapshot: ep0185_phase1_class1
[Tracker] Ep  186 | AvgR 0.0000 | Global 0.1529 | Local 0.0090 | F1_macro 0.6131 | WorstLoss 2.9252
[Tracker] Ep  187 | AvgR 0.0000 | Global 0.0318 | Local 0.0133 | F1_macro 0.5960 | WorstLoss 3.0956
[Tracker] Ep  188 | AvgR 0.0000 | Global 0.2036 | Local 0.0151 | F1_macro 0.5913 | WorstLoss 2.8904
[Tracker] Ep  189 | AvgR 0.0001 | Global 0.5245 | Local 0.0145 | F1_macro 0.6129 | WorstLoss 2.7441
[Tracker] Ep  190 | AvgR 0.0002 | Global 0.8746 | Local 0.0105 | F1_macro 0.6388 | WorstLoss 2.5598
[Tracker] Saved snapshot: ep0190_phase1_class1
[Tracker] Ep  191 | AvgR 0.0001 | Global 0.2774 | Local 0.0188 | F1_macro 0.6073 | WorstLoss 2.8496
[Tracker] Ep  192 | AvgR 0.0000 | Global 0.0654 | Local 0.0139 | F1_macro 0.5965 | WorstLoss 3.0183
[Tracker] Ep  193 | AvgR 0.0001 | Global 0.8166 | Local 0.0218 | F1_macro 0.6101 | WorstLoss 2.6046
[Tracker] Ep  194 | AvgR 0.0000 | Global 0.0514 | Local 0.0192 | F1_macro 0.6337 | WorstLoss 3.0449
[Tracker] Ep  195 | AvgR 0.0001 | Global 0.6729 | Local 0.0074 | F1_macro 0.6212 | WorstLoss 2.6818
[Tracker] Saved snapshot: ep0195_phase1_class1
[Tracker] Ep  196 | AvgR 0.0000 | Global 0.0081 | Local 0.0117 | F1_macro 0.5981 | WorstLoss 3.2350
[Tracker] Ep  197 | AvgR 0.0001 | Global 0.4421 | Local 0.0177 | F1_macro 0.6279 | WorstLoss 2.7767
[Tracker] Ep  198 | AvgR 0.0001 | Global 0.5505 | Local 0.0173 | F1_macro 0.6427 | WorstLoss 2.7320
[Tracker] Ep  199 | AvgR 0.0001 | Global 0.3338 | Local 0.0284 | F1_macro 0.6149 | WorstLoss 2.8218
[Tracker] Ep  200 | AvgR 0.0001 | Global 0.3612 | Local 0.0114 | F1_macro 0.6109 | WorstLoss 2.8110
[Tracker] Saved snapshot: ep0200_phase1_class1
[Tracker] Ep  201 | AvgR 0.0000 | Global 0.1328 | Local 0.0140 | F1_macro 0.5726 | WorstLoss 2.9405
[Tracker] Ep  202 | AvgR 0.0000 | Global 0.0637 | Local 0.0160 | F1_macro 0.6038 | WorstLoss 3.0217
[Tracker] Ep  203 | AvgR 0.0000 | Global 0.0242 | Local 0.0096 | F1_macro 0.5789 | WorstLoss 3.1228
[Tracker] Ep  204 | AvgR 0.0000 | Global 0.2204 | Local 0.0139 | F1_macro 0.6200 | WorstLoss 2.8794
[Tracker] Ep  205 | AvgR 0.0001 | Global 0.3229 | Local 0.0182 | F1_macro 0.6213 | WorstLoss 2.8279
[Tracker] Saved snapshot: ep0205_phase1_class1
[Tracker] Ep  206 | AvgR 0.0000 | Global 0.0824 | Local 0.0096 | F1_macro 0.5851 | WorstLoss 2.9948
[Tracker] Ep  207 | AvgR 0.0000 | Global 0.1016 | Local 0.0216 | F1_macro 0.6025 | WorstLoss 2.9719
[Tracker] Ep  208 | AvgR 0.0000 | Global 0.1114 | Local 0.0110 | F1_macro 0.6139 | WorstLoss 2.9615
[Tracker] Ep  209 | AvgR 0.0000 | Global 0.0630 | Local 0.0100 | F1_macro 0.5896 | WorstLoss 3.0234
[Tracker] Ep  210 | AvgR 0.0000 | Global 0.0320 | Local 0.0308 | F1_macro 0.5970 | WorstLoss 3.0929
[Tracker] Saved snapshot: ep0210_phase1_class1
[Tracker] Ep  211 | AvgR 0.0001 | Global 0.2753 | Local 0.0082 | F1_macro 0.6058 | WorstLoss 2.8501
[Tracker] Ep  212 | AvgR 0.0000 | Global 0.0477 | Local 0.0122 | F1_macro 0.5916 | WorstLoss 3.0533
[Tracker] Ep  213 | AvgR 0.0000 | Global 0.0102 | Local 0.0153 | F1_macro 0.6155 | WorstLoss 3.2111
[Tracker] Ep  214 | AvgR 0.0000 | Global 0.0425 | Local 0.0177 | F1_macro 0.5960 | WorstLoss 3.0648
[Tracker] Ep  215 | AvgR 0.0000 | Global 0.0697 | Local 0.0137 | F1_macro 0.5771 | WorstLoss 3.0121
[Tracker] Saved snapshot: ep0215_phase1_class1
[Tracker] Ep  216 | AvgR 0.0000 | Global 0.1999 | Local 0.0197 | F1_macro 0.6224 | WorstLoss 2.8920
[Tracker] Ep  217 | AvgR 0.0001 | Global 0.3921 | Local 0.0098 | F1_macro 0.5952 | WorstLoss 2.7974
[Tracker] Ep  218 | AvgR 0.0000 | Global 0.2009 | Local 0.0213 | F1_macro 0.6135 | WorstLoss 2.8921
[Tracker] Ep  219 | AvgR 0.0001 | Global 0.4319 | Local 0.0110 | F1_macro 0.6122 | WorstLoss 2.7814
[Tracker] Ep  220 | AvgR 0.0000 | Global 0.0434 | Local 0.0152 | F1_macro 0.5902 | WorstLoss 3.0619
[Tracker] Saved snapshot: ep0220_phase1_class1
[Tracker] Ep  221 | AvgR 0.0000 | Global 0.0863 | Local 0.0094 | F1_macro 0.5930 | WorstLoss 2.9897
[Tracker] Ep  222 | AvgR 0.0000 | Global 0.1043 | Local 0.0293 | F1_macro 0.6155 | WorstLoss 2.9683
[Tracker] Ep  223 | AvgR 0.0001 | Global 0.5655 | Local 0.0081 | F1_macro 0.6168 | WorstLoss 2.7261
[Tracker] Ep  224 | AvgR 0.0000 | Global 0.1521 | Local 0.0122 | F1_macro 0.6160 | WorstLoss 2.9258
[Tracker] Ep  225 | AvgR 0.0001 | Global 0.3401 | Local 0.0131 | F1_macro 0.6231 | WorstLoss 2.8196
[Tracker] Saved snapshot: ep0225_phase1_class1
[Tracker] Ep  226 | AvgR 0.0000 | Global 0.2273 | Local 0.0064 | F1_macro 0.5721 | WorstLoss 2.8763
[Tracker] Ep  227 | AvgR 0.0000 | Global 0.0998 | Local 0.0180 | F1_macro 0.6200 | WorstLoss 2.9719
[Tracker] Ep  228 | AvgR 0.0000 | Global 0.1331 | Local 0.0138 | F1_macro 0.6234 | WorstLoss 2.9404
[Tracker] Ep  229 | AvgR 0.0000 | Global 0.0479 | Local 0.0175 | F1_macro 0.6134 | WorstLoss 3.0494
[Tracker] Ep  230 | AvgR 0.0000 | Global 0.0388 | Local 0.0220 | F1_macro 0.6132 | WorstLoss 3.0748
[Tracker] Saved snapshot: ep0230_phase1_class1
[Tracker] Ep  231 | AvgR 0.0000 | Global 0.1439 | Local 0.0131 | F1_macro 0.6064 | WorstLoss 2.9323
[Tracker] Ep  232 | AvgR 0.0000 | Global 0.0939 | Local 0.0113 | F1_macro 0.5965 | WorstLoss 2.9800
[Tracker] Ep  233 | AvgR 0.0000 | Global 0.2373 | Local 0.0103 | F1_macro 0.5952 | WorstLoss 2.8701
[Tracker] Ep  234 | AvgR 0.0001 | Global 0.7089 | Local 0.0045 | F1_macro 0.6127 | WorstLoss 2.6646
[Tracker] Ep  235 | AvgR 0.0000 | Global 0.0410 | Local 0.0317 | F1_macro 0.6084 | WorstLoss 3.0634
[Tracker] Saved snapshot: ep0235_phase1_class1
[Tracker] Ep  236 | AvgR 0.0000 | Global 0.0850 | Local 0.0084 | F1_macro 0.6026 | WorstLoss 2.9916
[Tracker] Ep  237 | AvgR 0.0001 | Global 0.6564 | Local 0.0108 | F1_macro 0.6045 | WorstLoss 2.6892
[Tracker] Ep  238 | AvgR 0.0000 | Global 0.0871 | Local 0.0124 | F1_macro 0.5926 | WorstLoss 2.9889
[Tracker] Ep  239 | AvgR 0.0002 | Global 0.8441 | Local 0.0137 | F1_macro 0.6221 | WorstLoss 2.5792
[Tracker] Ep  240 | AvgR 0.0001 | Global 0.3237 | Local 0.0112 | F1_macro 0.6471 | WorstLoss 2.8265
[Tracker] Saved snapshot: ep0240_phase1_class1
[Tracker] Ep  241 | AvgR 0.0000 | Global 0.0412 | Local 0.0301 | F1_macro 0.5827 | WorstLoss 3.0668
[Tracker] Ep  242 | AvgR 0.0001 | Global 0.7335 | Local 0.0549 | F1_macro 0.6092 | WorstLoss 2.6456
[Tracker] Ep  243 | AvgR 0.0000 | Global 0.1053 | Local 0.0198 | F1_macro 0.6146 | WorstLoss 2.9669
[Tracker] Ep  244 | AvgR 0.0001 | Global 0.4101 | Local 0.0071 | F1_macro 0.5948 | WorstLoss 2.7892
[Tracker] Ep  245 | AvgR 0.0000 | Global 0.1100 | Local 0.0355 | F1_macro 0.6441 | WorstLoss 2.9601
[Tracker] Saved snapshot: ep0245_phase1_class1
[Tracker] Ep  246 | AvgR 0.0000 | Global 0.0909 | Local 0.0148 | F1_macro 0.6060 | WorstLoss 2.9842
[Tracker] Ep  247 | AvgR 0.0002 | Global 0.9451 | Local 0.0365 | F1_macro 0.6436 | WorstLoss 2.4482
[Tracker] New BEST synthetic [phase1_class1] (by global.global_obj: 0.945124) saved.
[Tracker] BEST β weights [phase1_class1] saved -> training_runs/SPECv16_bias05_rl_census_3seeds_EP800_PCA10_REWfairness_minID1_majID0_TRJ2000_REAL3000_BIAS0.05_GG202603180827_69232259/seed_0/best_beta_state_dict_phase1_class1.pt
[Tracker] Ep  248 | AvgR 0.0000 | Global 0.0585 | Local 0.0150 | F1_macro 0.5950 | WorstLoss 3.0304
[Tracker] Ep  249 | AvgR 0.0001 | Global 0.2769 | Local 0.0172 | F1_macro 0.5958 | WorstLoss 2.8483
[Tracker] Ep  250 | AvgR 0.0000 | Global 0.1672 | Local 0.0309 | F1_macro 0.6261 | WorstLoss 2.9140
[Tracker] Saved snapshot: ep0250_phase1_class1
[Tracker] Ep  251 | AvgR 0.0002 | Global 0.8690 | Local 0.0131 | F1_macro 0.6329 | WorstLoss 2.5639
[Tracker] Ep  252 | AvgR 0.0000 | Global 0.0224 | Local 0.0151 | F1_macro 0.6038 | WorstLoss 3.1295
[Tracker] Ep  253 | AvgR 0.0000 | Global 0.2037 | Local 0.0215 | F1_macro 0.6124 | WorstLoss 2.8879
[Tracker] Ep  254 | AvgR 0.0000 | Global 0.0632 | Local 0.0287 | F1_macro 0.6195 | WorstLoss 3.0208
[Tracker] Ep  255 | AvgR 0.0002 | Global 0.8447 | Local 0.0069 | F1_macro 0.6372 | WorstLoss 2.5846
[Tracker] Saved snapshot: ep0255_phase1_class1
[Tracker] Ep  256 | AvgR 0.0000 | Global 0.0675 | Local 0.0193 | F1_macro 0.6186 | WorstLoss 3.0148
[Tracker] Ep  257 | AvgR 0.0002 | Global 0.8032 | Local 0.0271 | F1_macro 0.6304 | WorstLoss 2.6089
[Tracker] Ep  258 | AvgR 0.0000 | Global 0.0117 | Local 0.0182 | F1_macro 0.6043 | WorstLoss 3.1975
[Tracker] Ep  259 | AvgR 0.0001 | Global 0.5569 | Local 0.0116 | F1_macro 0.6159 | WorstLoss 2.7291
[Tracker] Ep  260 | AvgR 0.0001 | Global 0.3822 | Local 0.0101 | F1_macro 0.5990 | WorstLoss 2.7997
[Tracker] Saved snapshot: ep0260_phase1_class1
[Tracker] Ep  261 | AvgR 0.0001 | Global 0.5588 | Local 0.0122 | F1_macro 0.6212 | WorstLoss 2.7284
[Tracker] Ep  262 | AvgR 0.0002 | Global 0.8439 | Local 0.0131 | F1_macro 0.6070 | WorstLoss 2.5829
[Tracker] Ep  263 | AvgR 0.0000 | Global 0.0878 | Local 0.0501 | F1_macro 0.5964 | WorstLoss 2.9854
[Tracker] Ep  264 | AvgR 0.0001 | Global 0.4779 | Local 0.0148 | F1_macro 0.6031 | WorstLoss 2.7619
[Tracker] Ep  265 | AvgR 0.0001 | Global 0.3886 | Local 0.0102 | F1_macro 0.5953 | WorstLoss 2.7987
[Tracker] Saved snapshot: ep0265_phase1_class1
[Tracker] Ep  266 | AvgR 0.0001 | Global 0.4273 | Local 0.0281 | F1_macro 0.6075 | WorstLoss 2.7793
[Tracker] Ep  267 | AvgR 0.0000 | Global 0.0497 | Local 0.0126 | F1_macro 0.5717 | WorstLoss 3.0485
[Tracker] Ep  268 | AvgR 0.0001 | Global 0.4101 | Local 0.0219 | F1_macro 0.5974 | WorstLoss 2.7892
[Tracker] Ep  269 | AvgR 0.0000 | Global 0.0436 | Local 0.0136 | F1_macro 0.5800 | WorstLoss 3.0621
[Tracker] Ep  270 | AvgR 0.0000 | Global 0.0016 | Local 0.0381 | F1_macro 0.6307 | WorstLoss 3.3953
[Tracker] Saved snapshot: ep0270_phase1_class1
[Tracker] Ep  271 | AvgR 0.0001 | Global 0.7279 | Local 0.0342 | F1_macro 0.6271 | WorstLoss 2.6510
[Tracker] Ep  272 | AvgR 0.0000 | Global 0.1217 | Local 0.0178 | F1_macro 0.6254 | WorstLoss 2.9504
[Tracker] Ep  273 | AvgR 0.0001 | Global 0.5566 | Local 0.0365 | F1_macro 0.6019 | WorstLoss 2.7247
[Tracker] Ep  274 | AvgR 0.0001 | Global 0.4767 | Local 0.0094 | F1_macro 0.6062 | WorstLoss 2.7633
[Tracker] Ep  275 | AvgR 0.0000 | Global 0.1858 | Local 0.0389 | F1_macro 0.6203 | WorstLoss 2.8996
[Tracker] Saved snapshot: ep0275_phase1_class1
[Tracker] Ep  276 | AvgR 0.0001 | Global 0.2846 | Local 0.0430 | F1_macro 0.6085 | WorstLoss 2.8426
[Tracker] Ep  277 | AvgR 0.0000 | Global 0.0075 | Local 0.0296 | F1_macro 0.6002 | WorstLoss 3.2388
[Tracker] Ep  278 | AvgR 0.0000 | Global 0.1262 | Local 0.0329 | F1_macro 0.6099 | WorstLoss 2.9424
[Tracker] Ep  279 | AvgR 0.0000 | Global 0.1344 | Local 0.0273 | F1_macro 0.5994 | WorstLoss 2.9388
[Tracker] Ep  280 | AvgR 0.0001 | Global 0.2843 | Local 0.0267 | F1_macro 0.6157 | WorstLoss 2.8431
[Tracker] Saved snapshot: ep0280_phase1_class1
[Tracker] Ep  281 | AvgR 0.0000 | Global 0.1603 | Local 0.0489 | F1_macro 0.5907 | WorstLoss 2.9166
[Tracker] Ep  282 | AvgR 0.0000 | Global 0.0168 | Local 0.0685 | F1_macro 0.6219 | WorstLoss 3.1553
[Tracker] Ep  283 | AvgR 0.0001 | Global 0.2675 | Local 0.0163 | F1_macro 0.5892 | WorstLoss 2.8535
[Tracker] Ep  284 | AvgR 0.0000 | Global 0.1040 | Local 0.0325 | F1_macro 0.6031 | WorstLoss 2.9658
[Tracker] Ep  285 | AvgR 0.0000 | Global 0.0896 | Local 0.0379 | F1_macro 0.6305 | WorstLoss 2.9842
[Tracker] Saved snapshot: ep0285_phase1_class1
[Tracker] Ep  286 | AvgR 0.0000 | Global 0.0150 | Local 0.0368 | F1_macro 0.5934 | WorstLoss 3.1702
[Tracker] Ep  287 | AvgR 0.0000 | Global 0.0011 | Local 0.0220 | F1_macro 0.6268 | WorstLoss 3.4314
[Tracker] Ep  288 | AvgR 0.0002 | Global 0.9041 | Local 0.0174 | F1_macro 0.6081 | WorstLoss 2.5030
[Tracker] Ep  289 | AvgR 0.0001 | Global 0.3262 | Local 0.0458 | F1_macro 0.6130 | WorstLoss 2.8185
[Tracker] Ep  290 | AvgR 0.0001 | Global 0.3177 | Local 0.0289 | F1_macro 0.6143 | WorstLoss 2.8286
[Tracker] Saved snapshot: ep0290_phase1_class1
[Tracker] Ep  291 | AvgR 0.0001 | Global 0.2795 | Local 0.0322 | F1_macro 0.6054 | WorstLoss 2.8437
[Tracker] Ep  292 | AvgR 0.0000 | Global 0.0040 | Local 0.0451 | F1_macro 0.6134 | WorstLoss 3.3005
[Tracker] Ep  293 | AvgR 0.0000 | Global 0.1087 | Local 0.0344 | F1_macro 0.6161 | WorstLoss 2.9587
[Tracker] Ep  294 | AvgR 0.0001 | Global 0.3446 | Local 0.0113 | F1_macro 0.5998 | WorstLoss 2.8163
[Tracker] Ep  295 | AvgR 0.0001 | Global 0.2809 | Local 0.0215 | F1_macro 0.6256 | WorstLoss 2.8470
[Tracker] Saved snapshot: ep0295_phase1_class1
[Tracker] Ep  296 | AvgR 0.0000 | Global 0.1106 | Local 0.0331 | F1_macro 0.6031 | WorstLoss 2.9570
[Tracker] Ep  297 | AvgR 0.0000 | Global 0.0069 | Local 0.0351 | F1_macro 0.6030 | WorstLoss 3.2481
[Tracker] Ep  298 | AvgR 0.0001 | Global 0.4914 | Local 0.0335 | F1_macro 0.6270 | WorstLoss 2.7492
[Tracker] Ep  299 | AvgR 0.0001 | Global 0.4190 | Local 0.0418 | F1_macro 0.6153 | WorstLoss 2.7753
[Tracker] Ep  300 | AvgR 0.0001 | Global 0.3004 | Local 0.0437 | F1_macro 0.6168 | WorstLoss 2.8313
[Tracker] Saved snapshot: ep0300_phase1_class1
[Tracker] Ep  301 | AvgR 0.0001 | Global 0.2220 | Local 0.0427 | F1_macro 0.6178 | WorstLoss 2.8724
[Tracker] Ep  302 | AvgR 0.0001 | Global 0.2137 | Local 0.0383 | F1_macro 0.6205 | WorstLoss 2.8802
[Tracker] Ep  303 | AvgR 0.0000 | Global 0.0072 | Local 0.0364 | F1_macro 0.6220 | WorstLoss 3.2374
[Tracker] Ep  304 | AvgR 0.0001 | Global 0.5843 | Local 0.0316 | F1_macro 0.6660 | WorstLoss 2.7102
[Tracker] Ep  305 | AvgR 0.0001 | Global 0.3210 | Local 0.0662 | F1_macro 0.6214 | WorstLoss 2.8226
[Tracker] Saved snapshot: ep0305_phase1_class1
[Tracker] Ep  306 | AvgR 0.0001 | Global 0.2028 | Local 0.0389 | F1_macro 0.6054 | WorstLoss 2.8866
[Tracker] Ep  307 | AvgR 0.0000 | Global 0.0305 | Local 0.0508 | F1_macro 0.6351 | WorstLoss 3.0966
[Tracker] Ep  308 | AvgR 0.0001 | Global 0.1440 | Local 0.0764 | F1_macro 0.5950 | WorstLoss 2.9293
[Tracker] Ep  309 | AvgR 0.0000 | Global 0.0173 | Local 0.0382 | F1_macro 0.6015 | WorstLoss 3.1549
[Tracker] Ep  310 | AvgR 0.0000 | Global 0.0032 | Local 0.0792 | F1_macro 0.5863 | WorstLoss 3.3190
[Tracker] Saved snapshot: ep0310_phase1_class1
[Tracker] Ep  311 | AvgR 0.0000 | Global 0.0489 | Local 0.0505 | F1_macro 0.6017 | WorstLoss 3.0469
[Tracker] Ep  312 | AvgR 0.0000 | Global 0.0005 | Local 0.0468 | F1_macro 0.6220 | WorstLoss 3.5031
[Tracker] Ep  313 | AvgR 0.0000 | Global 0.1311 | Local 0.0674 | F1_macro 0.6465 | WorstLoss 2.9367
[Tracker] Ep  314 | AvgR 0.0001 | Global 0.2309 | Local 0.0579 | F1_macro 0.6315 | WorstLoss 2.8705
[Tracker] Ep  315 | AvgR 0.0000 | Global 0.0022 | Local 0.0812 | F1_macro 0.6373 | WorstLoss 3.3620
[Tracker] Saved snapshot: ep0315_phase1_class1
[Tracker] Ep  316 | AvgR 0.0000 | Global 0.0291 | Local 0.0608 | F1_macro 0.6209 | WorstLoss 3.1023
[Tracker] Ep  317 | AvgR 0.0000 | Global 0.0316 | Local 0.0663 | F1_macro 0.6473 | WorstLoss 3.0935
[Tracker] Ep  318 | AvgR 0.0002 | Global 0.8137 | Local 0.0668 | F1_macro 0.6485 | WorstLoss 2.5938
[Tracker] Ep  319 | AvgR 0.0000 | Global 0.0209 | Local 0.0616 | F1_macro 0.6048 | WorstLoss 3.1290
[Tracker] Ep  320 | AvgR 0.0000 | Global 0.0049 | Local 0.0673 | F1_macro 0.6244 | WorstLoss 3.2836
[Tracker] Saved snapshot: ep0320_phase1_class1
[Tracker] Ep  321 | AvgR 0.0002 | Global 0.9725 | Local 0.1142 | F1_macro 0.6187 | WorstLoss 2.0733
[Tracker] New BEST synthetic [phase1_class1] (by global.global_obj: 0.972503) saved.
[Tracker] BEST β weights [phase1_class1] saved -> training_runs/SPECv16_bias05_rl_census_3seeds_EP800_PCA10_REWfairness_minID1_majID0_TRJ2000_REAL3000_BIAS0.05_GG202603180827_69232259/seed_0/best_beta_state_dict_phase1_class1.pt
[Tracker] Ep  322 | AvgR 0.0001 | Global 0.3317 | Local 0.0918 | F1_macro 0.6517 | WorstLoss 2.8210
[Tracker] Ep  323 | AvgR 0.0000 | Global 0.0092 | Local 0.0789 | F1_macro 0.6239 | WorstLoss 3.2195
[Tracker] Ep  324 | AvgR 0.0001 | Global 0.2917 | Local 0.0798 | F1_macro 0.6282 | WorstLoss 2.8387
[Tracker] Ep  325 | AvgR 0.0002 | Global 0.9579 | Local 0.0537 | F1_macro 0.6136 | WorstLoss 2.4138
[Tracker] Saved snapshot: ep0325_phase1_class1
[Tracker] Ep  326 | AvgR 0.0002 | Global 0.9325 | Local 0.0580 | F1_macro 0.6023 | WorstLoss 2.4664
[Tracker] Ep  327 | AvgR 0.0002 | Global 0.7490 | Local 0.0706 | F1_macro 0.6283 | WorstLoss 2.6179
[Tracker] Ep  328 | AvgR 0.0002 | Global 0.9274 | Local 0.0586 | F1_macro 0.5986 | WorstLoss 2.4740
[Tracker] Ep  329 | AvgR 0.0002 | Global 0.8083 | Local 0.0735 | F1_macro 0.6200 | WorstLoss 2.6000
[Tracker] Ep  330 | AvgR 0.0000 | Global 0.0026 | Local 0.1072 | F1_macro 0.6450 | WorstLoss 3.3458
[Tracker] Saved snapshot: ep0330_phase1_class1
[Tracker] Ep  331 | AvgR 0.0000 | Global 0.0351 | Local 0.1064 | F1_macro 0.6343 | WorstLoss 3.0833
[Tracker] Ep  332 | AvgR 0.0002 | Global 0.8099 | Local 0.0723 | F1_macro 0.6191 | WorstLoss 2.6040
[Tracker] Ep  333 | AvgR 0.0002 | Global 0.7987 | Local 0.0987 | F1_macro 0.6320 | WorstLoss 2.5996
[Tracker] Ep  334 | AvgR 0.0002 | Global 0.7621 | Local 0.0809 | F1_macro 0.6101 | WorstLoss 2.6182
[Tracker] Ep  335 | AvgR 0.0000 | Global 0.0043 | Local 0.0790 | F1_macro 0.6385 | WorstLoss 3.2959
[Tracker] Saved snapshot: ep0335_phase1_class1
[Tracker] Ep  336 | AvgR 0.0000 | Global 0.0405 | Local 0.0710 | F1_macro 0.6376 | WorstLoss 3.0660
[Tracker] Ep  337 | AvgR 0.0000 | Global 0.0020 | Local 0.0955 | F1_macro 0.6164 | WorstLoss 3.3724
[Tracker] Ep  338 | AvgR 0.0002 | Global 0.8194 | Local 0.0654 | F1_macro 0.6360 | WorstLoss 2.5916
[Tracker] Ep  339 | AvgR 0.0002 | Global 0.9175 | Local 0.0569 | F1_macro 0.6187 | WorstLoss 2.4836
[Tracker] Ep  340 | AvgR 0.0002 | Global 0.9114 | Local 0.0588 | F1_macro 0.6346 | WorstLoss 2.5192
[Tracker] Saved snapshot: ep0340_phase1_class1
[Tracker] Ep  341 | AvgR 0.0000 | Global 0.0033 | Local 0.0800 | F1_macro 0.6408 | WorstLoss 3.3255
[Tracker] Ep  342 | AvgR 0.0001 | Global 0.2402 | Local 0.0924 | F1_macro 0.6290 | WorstLoss 2.8658
[Tracker] Ep  343 | AvgR 0.0002 | Global 0.7788 | Local 0.0906 | F1_macro 0.5864 | WorstLoss 2.5800
[Tracker] Ep  344 | AvgR 0.0001 | Global 0.1779 | Local 0.0721 | F1_macro 0.6231 | WorstLoss 2.9044
[Tracker] Ep  345 | AvgR 0.0002 | Global 0.9155 | Local 0.0641 | F1_macro 0.6033 | WorstLoss 2.4866
[Tracker] Saved snapshot: ep0345_phase1_class1
[Tracker] Ep  346 | AvgR 0.0002 | Global 0.9677 | Local 0.0812 | F1_macro 0.6165 | WorstLoss 2.2650
[Tracker] Ep  347 | AvgR 0.0002 | Global 0.8451 | Local 0.0787 | F1_macro 0.6156 | WorstLoss 2.5581
[Tracker] Ep  348 | AvgR 0.0002 | Global 0.9923 | Local 0.0758 | F1_macro 0.6313 | WorstLoss 2.1113
[Tracker] New BEST synthetic [phase1_class1] (by global.global_obj: 0.992254) saved.
[Tracker] BEST β weights [phase1_class1] saved -> training_runs/SPECv16_bias05_rl_census_3seeds_EP800_PCA10_REWfairness_minID1_majID0_TRJ2000_REAL3000_BIAS0.05_GG202603180827_69232259/seed_0/best_beta_state_dict_phase1_class1.pt
[Tracker] Ep  349 | AvgR 0.0001 | Global 0.5128 | Local 0.0654 | F1_macro 0.6505 | WorstLoss 2.7488
[Tracker] Ep  350 | AvgR 0.0001 | Global 0.3416 | Local 0.0813 | F1_macro 0.6522 | WorstLoss 2.8190
[Tracker] Saved snapshot: ep0350_phase1_class1
[Tracker] Ep  351 | AvgR 0.0002 | Global 0.8302 | Local 0.0718 | F1_macro 0.6039 | WorstLoss 2.5750
[Tracker] Ep  352 | AvgR 0.0000 | Global 0.1303 | Local 0.0552 | F1_macro 0.5931 | WorstLoss 2.9424
[Tracker] Ep  353 | AvgR 0.0000 | Global 0.0254 | Local 0.0666 | F1_macro 0.6098 | WorstLoss 3.1174
[Tracker] Ep  354 | AvgR 0.0000 | Global 0.0131 | Local 0.1086 | F1_macro 0.5950 | WorstLoss 3.1805
[Tracker] Ep  355 | AvgR 0.0001 | Global 0.1951 | Local 0.0656 | F1_macro 0.6188 | WorstLoss 2.8926
[Tracker] Saved snapshot: ep0355_phase1_class1
[Tracker] Ep  356 | AvgR 0.0002 | Global 0.9496 | Local 0.0899 | F1_macro 0.6360 | WorstLoss 2.2358
[Tracker] Ep  357 | AvgR 0.0002 | Global 0.7548 | Local 0.1179 | F1_macro 0.6034 | WorstLoss 2.6279
[Tracker] Ep  358 | AvgR 0.0002 | Global 0.6654 | Local 0.0791 | F1_macro 0.6708 | WorstLoss 2.6831
[Tracker] Ep  359 | AvgR 0.0002 | Global 0.9355 | Local 0.0879 | F1_macro 0.6083 | WorstLoss 2.3937
[Tracker] Ep  360 | AvgR 0.0002 | Global 0.7292 | Local 0.0700 | F1_macro 0.6271 | WorstLoss 2.6465
[Tracker] Saved snapshot: ep0360_phase1_class1
[Tracker] Ep  361 | AvgR 0.0002 | Global 0.9797 | Local 0.0859 | F1_macro 0.6501 | WorstLoss 2.2829
[Tracker] Ep  362 | AvgR 0.0002 | Global 0.8600 | Local 0.1143 | F1_macro 0.6009 | WorstLoss 2.4977
[Tracker] Ep  363 | AvgR 0.0002 | Global 0.7720 | Local 0.0506 | F1_macro 0.6229 | WorstLoss 2.6276
[Tracker] Ep  364 | AvgR 0.0000 | Global 0.0007 | Local 0.0707 | F1_macro 0.6042 | WorstLoss 3.4743
[Tracker] Ep  365 | AvgR 0.0002 | Global 0.9196 | Local 0.0422 | F1_macro 0.6208 | WorstLoss 2.4584
[Tracker] Saved snapshot: ep0365_phase1_class1
[Tracker] Ep  366 | AvgR 0.0002 | Global 0.9824 | Local 0.0978 | F1_macro 0.6641 | WorstLoss 2.3516
[Tracker] Ep  367 | AvgR 0.0002 | Global 0.9388 | Local 0.0883 | F1_macro 0.6179 | WorstLoss 2.4494
[Tracker] Ep  368 | AvgR 0.0002 | Global 0.8067 | Local 0.0763 | F1_macro 0.5993 | WorstLoss 2.6058
[Tracker] Ep  369 | AvgR 0.0001 | Global 0.4667 | Local 0.0723 | F1_macro 0.6156 | WorstLoss 2.7650
[Tracker] Ep  370 | AvgR 0.0002 | Global 0.7130 | Local 0.0759 | F1_macro 0.6077 | WorstLoss 2.6496
[Tracker] Saved snapshot: ep0370_phase1_class1
[Tracker] Ep  371 | AvgR 0.0002 | Global 0.9046 | Local 0.0877 | F1_macro 0.6038 | WorstLoss 2.4822
[Tracker] Ep  372 | AvgR 0.0000 | Global 0.1370 | Local 0.0653 | F1_macro 0.5663 | WorstLoss 2.9331
[Tracker] Ep  373 | AvgR 0.0002 | Global 0.9591 | Local 0.0712 | F1_macro 0.6094 | WorstLoss 2.3467
[Tracker] Ep  374 | AvgR 0.0001 | Global 0.5800 | Local 0.0936 | F1_macro 0.5839 | WorstLoss 2.7096
[Tracker] Ep  375 | AvgR 0.0002 | Global 0.9631 | Local 0.0710 | F1_macro 0.6271 | WorstLoss 2.3004
[Tracker] Saved snapshot: ep0375_phase1_class1
[Tracker] Ep  376 | AvgR 0.0002 | Global 0.9765 | Local 0.0644 | F1_macro 0.6357 | WorstLoss 2.2480
[Tracker] Ep  377 | AvgR 0.0002 | Global 0.9292 | Local 0.0823 | F1_macro 0.6425 | WorstLoss 2.4598
[Tracker] Ep  378 | AvgR 0.0002 | Global 0.9518 | Local 0.0906 | F1_macro 0.5967 | WorstLoss 2.3481
[Tracker] Ep  379 | AvgR 0.0001 | Global 0.2019 | Local 0.0630 | F1_macro 0.5964 | WorstLoss 2.8869
[Tracker] Ep  380 | AvgR 0.0002 | Global 0.8506 | Local 0.0680 | F1_macro 0.6342 | WorstLoss 2.5764
[Tracker] Saved snapshot: ep0380_phase1_class1
[Tracker] Ep  381 | AvgR 0.0002 | Global 0.8205 | Local 0.0674 | F1_macro 0.6280 | WorstLoss 2.5790
[Tracker] Ep  382 | AvgR 0.0002 | Global 0.8914 | Local 0.0623 | F1_macro 0.6457 | WorstLoss 2.5367
[Tracker] Ep  383 | AvgR 0.0002 | Global 0.9659 | Local 0.0678 | F1_macro 0.6447 | WorstLoss 2.3249
[Tracker] Ep  384 | AvgR 0.0001 | Global 0.5922 | Local 0.0850 | F1_macro 0.6577 | WorstLoss 2.7133
[Tracker] Ep  385 | AvgR 0.0002 | Global 0.9061 | Local 0.0704 | F1_macro 0.6533 | WorstLoss 2.5107
[Tracker] Saved snapshot: ep0385_phase1_class1
[Tracker] Ep  386 | AvgR 0.0002 | Global 0.9745 | Local 0.0754 | F1_macro 0.6323 | WorstLoss 2.1844
[Tracker] Ep  387 | AvgR 0.0002 | Global 0.9328 | Local 0.0825 | F1_macro 0.6207 | WorstLoss 2.4160
[Tracker] Ep  388 | AvgR 0.0001 | Global 0.4465 | Local 0.0910 | F1_macro 0.6054 | WorstLoss 2.7682
[Tracker] Ep  389 | AvgR 0.0000 | Global 0.0046 | Local 0.0842 | F1_macro 0.6289 | WorstLoss 3.2891
[Tracker] Ep  390 | AvgR 0.0002 | Global 0.9100 | Local 0.0779 | F1_macro 0.6409 | WorstLoss 2.4978
[Tracker] Saved snapshot: ep0390_phase1_class1
[Tracker] Ep  391 | AvgR 0.0002 | Global 0.9212 | Local 0.0621 | F1_macro 0.6280 | WorstLoss 2.4767
[Tracker] Ep  392 | AvgR 0.0002 | Global 0.9658 | Local 0.0975 | F1_macro 0.6302 | WorstLoss 2.4106
[Tracker] Ep  393 | AvgR 0.0002 | Global 0.9756 | Local 0.0671 | F1_macro 0.6480 | WorstLoss 2.3598
[Tracker] Ep  394 | AvgR 0.0002 | Global 0.9945 | Local 0.0767 | F1_macro 0.6547 | WorstLoss 2.1717
[Tracker] New BEST synthetic [phase1_class1] (by global.global_obj: 0.994484) saved.
[Tracker] BEST β weights [phase1_class1] saved -> training_runs/SPECv16_bias05_rl_census_3seeds_EP800_PCA10_REWfairness_minID1_majID0_TRJ2000_REAL3000_BIAS0.05_GG202603180827_69232259/seed_0/best_beta_state_dict_phase1_class1.pt
[Tracker] Ep  395 | AvgR 0.0002 | Global 0.7912 | Local 0.0990 | F1_macro 0.6377 | WorstLoss 2.6156
[Tracker] Saved snapshot: ep0395_phase1_class1
[Tracker] Ep  396 | AvgR 0.0002 | Global 0.9584 | Local 0.0765 | F1_macro 0.6287 | WorstLoss 2.4124
[Tracker] Ep  397 | AvgR 0.0001 | Global 0.5468 | Local 0.0806 | F1_macro 0.6468 | WorstLoss 2.7334
[Tracker] Ep  398 | AvgR 0.0002 | Global 0.9632 | Local 0.0384 | F1_macro 0.6475 | WorstLoss 2.3940
[Tracker] Ep  399 | AvgR 0.0001 | Global 0.5621 | Local 0.0933 | F1_macro 0.6452 | WorstLoss 2.7242
[Tracker] Ep  400 | AvgR 0.0002 | Global 0.9727 | Local 0.0731 | F1_macro 0.6754 | WorstLoss 2.3967
[Tracker] Saved snapshot: ep0400_phase1_class1
[Tracker] Ep  401 | AvgR 0.0002 | Global 0.9861 | Local 0.0566 | F1_macro 0.6414 | WorstLoss 2.1347
[Tracker] Ep  402 | AvgR 0.0002 | Global 0.9869 | Local 0.0427 | F1_macro 0.6597 | WorstLoss 2.0835
[Tracker] Ep  403 | AvgR 0.0002 | Global 0.9947 | Local 0.0848 | F1_macro 0.6308 | WorstLoss 1.9717
[Tracker] New BEST synthetic [phase1_class1] (by global.global_obj: 0.994738) saved.
[Tracker] BEST β weights [phase1_class1] saved -> training_runs/SPECv16_bias05_rl_census_3seeds_EP800_PCA10_REWfairness_minID1_majID0_TRJ2000_REAL3000_BIAS0.05_GG202603180827_69232259/seed_0/best_beta_state_dict_phase1_class1.pt
[Tracker] Ep  404 | AvgR 0.0002 | Global 0.9611 | Local 0.0977 | F1_macro 0.6395 | WorstLoss 2.2652
[Tracker] Ep  405 | AvgR 0.0000 | Global 0.0012 | Local 0.0769 | F1_macro 0.6210 | WorstLoss 3.4259
[Tracker] Saved snapshot: ep0405_phase1_class1
[Tracker] Ep  406 | AvgR 0.0002 | Global 0.6034 | Local 0.1188 | F1_macro 0.6094 | WorstLoss 2.7004
[Tracker] Ep  407 | AvgR 0.0002 | Global 0.8068 | Local 0.0988 | F1_macro 0.6212 | WorstLoss 2.5953
[Tracker] Ep  408 | AvgR 0.0002 | Global 0.9429 | Local 0.0952 | F1_macro 0.6523 | WorstLoss 2.3540
[Tracker] Ep  409 | AvgR 0.0002 | Global 0.9915 | Local 0.0707 | F1_macro 0.6605 | WorstLoss 2.2776
[Tracker] Ep  410 | AvgR 0.0002 | Global 0.9838 | Local 0.0625 | F1_macro 0.6512 | WorstLoss 2.3007
[Tracker] Saved snapshot: ep0410_phase1_class1
[Tracker] Ep  411 | AvgR 0.0002 | Global 0.9369 | Local 0.0805 | F1_macro 0.6381 | WorstLoss 2.4474
[Tracker] Ep  412 | AvgR 0.0001 | Global 0.1639 | Local 0.0866 | F1_macro 0.6187 | WorstLoss 2.9148
[Tracker] Ep  413 | AvgR 0.0002 | Global 0.9553 | Local 0.0767 | F1_macro 0.6490 | WorstLoss 2.4262
[Tracker] Ep  414 | AvgR 0.0001 | Global 0.5811 | Local 0.0911 | F1_macro 0.6449 | WorstLoss 2.7174
[Tracker] Ep  415 | AvgR 0.0002 | Global 0.9684 | Local 0.0550 | F1_macro 0.6414 | WorstLoss 2.3466
[Tracker] Saved snapshot: ep0415_phase1_class1
[Tracker] Ep  416 | AvgR 0.0001 | Global 0.5646 | Local 0.0437 | F1_macro 0.6298 | WorstLoss 2.7257
[Tracker] Ep  417 | AvgR 0.0000 | Global 0.0007 | Local 0.0991 | F1_macro 0.6305 | WorstLoss 3.4740
[Tracker] Ep  418 | AvgR 0.0002 | Global 0.8640 | Local 0.0565 | F1_macro 0.6016 | WorstLoss 2.5174
[Tracker] Ep  419 | AvgR 0.0002 | Global 0.9792 | Local 0.0970 | F1_macro 0.6313 | WorstLoss 2.2457
[Tracker] Ep  420 | AvgR 0.0002 | Global 0.9620 | Local 0.0545 | F1_macro 0.6562 | WorstLoss 2.4307
[Tracker] Saved snapshot: ep0420_phase1_class1
[Tracker] Ep  421 | AvgR 0.0002 | Global 0.7139 | Local 0.0687 | F1_macro 0.6529 | WorstLoss 2.6613
[Tracker] Ep  422 | AvgR 0.0002 | Global 0.9474 | Local 0.0601 | F1_macro 0.6346 | WorstLoss 2.2265
[Tracker] Ep  423 | AvgR 0.0002 | Global 0.9595 | Local 0.0979 | F1_macro 0.6322 | WorstLoss 2.4130
[Tracker] Ep  424 | AvgR 0.0002 | Global 0.9765 | Local 0.0934 | F1_macro 0.6641 | WorstLoss 2.3813
[Tracker] Ep  425 | AvgR 0.0002 | Global 0.9103 | Local 0.1055 | F1_macro 0.6470 | WorstLoss 2.5013
[Tracker] Saved snapshot: ep0425_phase1_class1
[Tracker] Ep  426 | AvgR 0.0002 | Global 0.9517 | Local 0.0825 | F1_macro 0.6308 | WorstLoss 2.4510
[Tracker] Ep  427 | AvgR 0.0001 | Global 0.5899 | Local 0.0853 | F1_macro 0.6327 | WorstLoss 2.7080
[Tracker] Ep  428 | AvgR 0.0002 | Global 0.9472 | Local 0.0976 | F1_macro 0.6386 | WorstLoss 2.3825
[Tracker] Ep  429 | AvgR 0.0002 | Global 0.8376 | Local 0.0803 | F1_macro 0.6276 | WorstLoss 2.5721
[Tracker] Ep  430 | AvgR 0.0002 | Global 0.8017 | Local 0.0871 | F1_macro 0.6164 | WorstLoss 2.5900
[Tracker] Saved snapshot: ep0430_phase1_class1
[Tracker] Ep  431 | AvgR 0.0002 | Global 0.9157 | Local 0.0588 | F1_macro 0.6495 | WorstLoss 2.5116
[Tracker] Ep  432 | AvgR 0.0000 | Global 0.0173 | Local 0.1067 | F1_macro 0.6454 | WorstLoss 3.1565
[Tracker] Ep  433 | AvgR 0.0002 | Global 0.9672 | Local 0.0561 | F1_macro 0.6599 | WorstLoss 2.4156
[Tracker] Ep  434 | AvgR 0.0002 | Global 0.9652 | Local 0.0620 | F1_macro 0.6671 | WorstLoss 2.4216
[Tracker] Ep  435 | AvgR 0.0002 | Global 0.9975 | Local 0.0695 | F1_macro 0.6381 | WorstLoss 2.1562
[Tracker] Saved snapshot: ep0435_phase1_class1
[Tracker] New BEST synthetic [phase1_class1] (by global.global_obj: 0.997472) saved.
[Tracker] BEST β weights [phase1_class1] saved -> training_runs/SPECv16_bias05_rl_census_3seeds_EP800_PCA10_REWfairness_minID1_majID0_TRJ2000_REAL3000_BIAS0.05_GG202603180827_69232259/seed_0/best_beta_state_dict_phase1_class1.pt
[Tracker] Ep  436 | AvgR 0.0002 | Global 0.9555 | Local 0.0966 | F1_macro 0.6519 | WorstLoss 2.3649
[Tracker] Ep  437 | AvgR 0.0002 | Global 0.9704 | Local 0.0969 | F1_macro 0.6589 | WorstLoss 2.4046
[Tracker] Ep  438 | AvgR 0.0002 | Global 0.7790 | Local 0.0899 | F1_macro 0.6221 | WorstLoss 2.6233
[Tracker] Ep  439 | AvgR 0.0002 | Global 0.6118 | Local 0.1167 | F1_macro 0.6384 | WorstLoss 2.7059
[Tracker] Ep  440 | AvgR 0.0002 | Global 0.8956 | Local 0.0548 | F1_macro 0.6521 | WorstLoss 2.5102
[Tracker] Saved snapshot: ep0440_phase1_class1
[Tracker] Ep  441 | AvgR 0.0002 | Global 0.9998 | Local 0.0699 | F1_macro 0.6578 | WorstLoss 1.8792
[Tracker] New BEST synthetic [phase1_class1] (by global.global_obj: 0.999841) saved.
[Tracker] BEST β weights [phase1_class1] saved -> training_runs/SPECv16_bias05_rl_census_3seeds_EP800_PCA10_REWfairness_minID1_majID0_TRJ2000_REAL3000_BIAS0.05_GG202603180827_69232259/seed_0/best_beta_state_dict_phase1_class1.pt
[Tracker] Ep  442 | AvgR 0.0002 | Global 0.9806 | Local 0.0830 | F1_macro 0.6585 | WorstLoss 2.2066
[Tracker] Ep  443 | AvgR 0.0002 | Global 0.8004 | Local 0.0884 | F1_macro 0.6050 | WorstLoss 2.6048
[Tracker] Ep  444 | AvgR 0.0002 | Global 0.9770 | Local 0.0617 | F1_macro 0.6356 | WorstLoss 2.3404
[Tracker] Ep  445 | AvgR 0.0002 | Global 0.9573 | Local 0.0833 | F1_macro 0.6385 | WorstLoss 2.3898
[Tracker] Saved snapshot: ep0445_phase1_class1
[Tracker] Ep  446 | AvgR 0.0001 | Global 0.1532 | Local 0.0891 | F1_macro 0.6469 | WorstLoss 2.9246
[Tracker] Ep  447 | AvgR 0.0002 | Global 0.6784 | Local 0.0988 | F1_macro 0.6430 | WorstLoss 2.6730
[Tracker] Ep  448 | AvgR 0.0002 | Global 0.8959 | Local 0.0977 | F1_macro 0.6490 | WorstLoss 2.5387
[Tracker] Ep  449 | AvgR 0.0002 | Global 0.9355 | Local 0.0578 | F1_macro 0.6444 | WorstLoss 2.4785
[Tracker] Ep  450 | AvgR 0.0002 | Global 0.6779 | Local 0.0855 | F1_macro 0.6186 | WorstLoss 2.6693
[Tracker] Saved snapshot: ep0450_phase1_class1
[Tracker] Ep  451 | AvgR 0.0002 | Global 0.9617 | Local 0.0849 | F1_macro 0.6643 | WorstLoss 2.4317
[Tracker] Ep  452 | AvgR 0.0002 | Global 0.8432 | Local 0.1027 | F1_macro 0.6346 | WorstLoss 2.5732
[Tracker] Ep  453 | AvgR 0.0001 | Global 0.1860 | Local 0.0840 | F1_macro 0.6320 | WorstLoss 2.8991
[Tracker] Ep  454 | AvgR 0.0002 | Global 0.8379 | Local 0.0769 | F1_macro 0.6399 | WorstLoss 2.5786
[Tracker] Ep  455 | AvgR 0.0002 | Global 0.9873 | Local 0.0831 | F1_macro 0.6508 | WorstLoss 2.3183
[Tracker] Saved snapshot: ep0455_phase1_class1
[Tracker] Ep  456 | AvgR 0.0002 | Global 0.8279 | Local 0.0882 | F1_macro 0.6147 | WorstLoss 2.5804
[Tracker] Ep  457 | AvgR 0.0002 | Global 0.9749 | Local 0.0678 | F1_macro 0.6390 | WorstLoss 2.1421
[Tracker] Ep  458 | AvgR 0.0002 | Global 0.7818 | Local 0.1149 | F1_macro 0.6374 | WorstLoss 2.6224
[Tracker] Ep  459 | AvgR 0.0002 | Global 0.9205 | Local 0.0929 | F1_macro 0.6429 | WorstLoss 2.4970
[Tracker] Ep  460 | AvgR 0.0002 | Global 0.9771 | Local 0.0710 | F1_macro 0.6279 | WorstLoss 2.2336
[Tracker] Saved snapshot: ep0460_phase1_class1
[Tracker] Ep  461 | AvgR 0.0001 | Global 0.3358 | Local 0.0694 | F1_macro 0.6105 | WorstLoss 2.8173
[Tracker] Ep  462 | AvgR 0.0002 | Global 0.9427 | Local 0.0737 | F1_macro 0.6366 | WorstLoss 2.4369
[Tracker] Ep  463 | AvgR 0.0002 | Global 0.8727 | Local 0.0718 | F1_macro 0.6301 | WorstLoss 2.5294
[Tracker] Ep  464 | AvgR 0.0002 | Global 0.7856 | Local 0.0773 | F1_macro 0.6375 | WorstLoss 2.6146
[Tracker] Ep  465 | AvgR 0.0002 | Global 0.9805 | Local 0.0767 | F1_macro 0.6137 | WorstLoss 2.2902
[Tracker] Saved snapshot: ep0465_phase1_class1
[Tracker] Ep  466 | AvgR 0.0002 | Global 0.6443 | Local 0.0969 | F1_macro 0.6346 | WorstLoss 2.6928
[Tracker] Ep  467 | AvgR 0.0002 | Global 0.9963 | Local 0.0706 | F1_macro 0.6442 | WorstLoss 2.1261
[Tracker] Ep  468 | AvgR 0.0002 | Global 0.9670 | Local 0.1160 | F1_macro 0.6361 | WorstLoss 2.3598
[Tracker] Ep  469 | AvgR 0.0002 | Global 0.6502 | Local 0.1306 | F1_macro 0.6067 | WorstLoss 2.6801
[Tracker] Ep  470 | AvgR 0.0000 | Global 0.0360 | Local 0.0870 | F1_macro 0.6386 | WorstLoss 3.0802
[Tracker] Saved snapshot: ep0470_phase1_class1
[Tracker] Ep  471 | AvgR 0.0002 | Global 0.9718 | Local 0.0961 | F1_macro 0.6548 | WorstLoss 2.3832
[Tracker] Ep  472 | AvgR 0.0002 | Global 0.9294 | Local 0.0778 | F1_macro 0.6422 | WorstLoss 2.4962
[Tracker] Ep  473 | AvgR 0.0002 | Global 0.7684 | Local 0.0951 | F1_macro 0.6499 | WorstLoss 2.6259
[Tracker] Ep  474 | AvgR 0.0002 | Global 0.9630 | Local 0.0898 | F1_macro 0.6443 | WorstLoss 2.3516
[Tracker] Ep  475 | AvgR 0.0001 | Global 0.0749 | Local 0.1233 | F1_macro 0.6275 | WorstLoss 3.0021
[Tracker] Saved snapshot: ep0475_phase1_class1
[Tracker] Ep  476 | AvgR 0.0001 | Global 0.5576 | Local 0.0812 | F1_macro 0.6210 | WorstLoss 2.7182
[Tracker] Ep  477 | AvgR 0.0001 | Global 0.1933 | Local 0.0884 | F1_macro 0.6378 | WorstLoss 2.8956
[Tracker] Ep  478 | AvgR 0.0002 | Global 0.9842 | Local 0.0768 | F1_macro 0.6243 | WorstLoss 2.0239
[Tracker] Ep  479 | AvgR 0.0002 | Global 0.9929 | Local 0.0946 | F1_macro 0.6467 | WorstLoss 2.0608
[Tracker] Ep  480 | AvgR 0.0002 | Global 0.9748 | Local 0.0877 | F1_macro 0.6301 | WorstLoss 2.1115
[Tracker] Saved snapshot: ep0480_phase1_class1
[Tracker] Ep  481 | AvgR 0.0000 | Global 0.0000 | Local 0.0764 | F1_macro 0.5556 | WorstLoss 3.8047
[Tracker] Ep  482 | AvgR 0.0002 | Global 0.8908 | Local 0.0703 | F1_macro 0.5889 | WorstLoss 2.3996
[Tracker] Ep  483 | AvgR 0.0001 | Global 0.2058 | Local 0.0447 | F1_macro 0.5887 | WorstLoss 2.8821
[Tracker] Ep  484 | AvgR 0.0002 | Global 0.7722 | Local 0.1061 | F1_macro 0.5692 | WorstLoss 2.5772
[Tracker] Ep  485 | AvgR 0.0001 | Global 0.2828 | Local 0.0610 | F1_macro 0.5472 | WorstLoss 2.8401
[Tracker] Saved snapshot: ep0485_phase1_class1
[Tracker] Ep  486 | AvgR 0.0001 | Global 0.1670 | Local 0.0877 | F1_macro 0.6091 | WorstLoss 2.9067
[Tracker] Ep  487 | AvgR 0.0002 | Global 0.7947 | Local 0.0606 | F1_macro 0.5927 | WorstLoss 2.5834
[Tracker] Ep  488 | AvgR 0.0000 | Global 0.0123 | Local 0.0544 | F1_macro 0.5833 | WorstLoss 3.1862
[Tracker] Ep  489 | AvgR 0.0000 | Global 0.0168 | Local 0.0589 | F1_macro 0.5521 | WorstLoss 3.1527
[Tracker] Ep  490 | AvgR 0.0002 | Global 0.9421 | Local 0.0827 | F1_macro 0.5950 | WorstLoss 2.3067
[Tracker] Saved snapshot: ep0490_phase1_class1
[Tracker] Ep  491 | AvgR 0.0002 | Global 0.9102 | Local 0.0680 | F1_macro 0.5842 | WorstLoss 2.4534
[Tracker] Ep  492 | AvgR 0.0000 | Global 0.0003 | Local 0.0612 | F1_macro 0.5730 | WorstLoss 3.5581
[Tracker] Ep  493 | AvgR 0.0002 | Global 0.6345 | Local 0.0696 | F1_macro 0.5900 | WorstLoss 2.6814
[Tracker] Ep  494 | AvgR 0.0002 | Global 0.9307 | Local 0.0988 | F1_macro 0.5834 | WorstLoss 2.2894
[Tracker] Ep  495 | AvgR 0.0002 | Global 0.9452 | Local 0.1447 | F1_macro 0.5868 | WorstLoss 2.0971
[Tracker] Saved snapshot: ep0495_phase1_class1
[Tracker] Ep  496 | AvgR 0.0002 | Global 0.7521 | Local 0.0783 | F1_macro 0.5487 | WorstLoss 2.6151
[Tracker] Ep  497 | AvgR 0.0002 | Global 0.7427 | Local 0.0781 | F1_macro 0.5771 | WorstLoss 2.6156
[Tracker] Ep  498 | AvgR 0.0002 | Global 0.7119 | Local 0.0820 | F1_macro 0.5651 | WorstLoss 2.6395
[Tracker] Ep  499 | AvgR 0.0002 | Global 0.6753 | Local 0.0776 | F1_macro 0.5785 | WorstLoss 2.6685
[Tracker] Ep  500 | AvgR 0.0002 | Global 0.9422 | Local 0.0939 | F1_macro 0.5772 | WorstLoss 2.0076
[Tracker] Saved snapshot: ep0500_phase1_class1
[Tracker] Ep  501 | AvgR 0.0002 | Global 0.9507 | Local 0.1068 | F1_macro 0.5752 | WorstLoss 1.9596
[Tracker] Ep  502 | AvgR 0.0002 | Global 0.9669 | Local 0.0948 | F1_macro 0.5996 | WorstLoss 2.0000
[Tracker] Ep  503 | AvgR 0.0002 | Global 0.8480 | Local 0.0972 | F1_macro 0.5836 | WorstLoss 2.5387
[Tracker] Ep  504 | AvgR 0.0001 | Global 0.1936 | Local 0.0747 | F1_macro 0.5922 | WorstLoss 2.8875
[Tracker] Ep  505 | AvgR 0.0002 | Global 0.9471 | Local 0.1019 | F1_macro 0.5701 | WorstLoss 2.1028
[Tracker] Saved snapshot: ep0505_phase1_class1
[Tracker] Ep  506 | AvgR 0.0002 | Global 0.9212 | Local 0.0921 | F1_macro 0.5738 | WorstLoss 2.3813
[Tracker] Ep  507 | AvgR 0.0002 | Global 0.9631 | Local 0.0789 | F1_macro 0.6050 | WorstLoss 2.0869
[Tracker] Ep  508 | AvgR 0.0002 | Global 0.7922 | Local 0.0987 | F1_macro 0.5825 | WorstLoss 2.5777
[Tracker] Ep  509 | AvgR 0.0001 | Global 0.2572 | Local 0.0732 | F1_macro 0.6160 | WorstLoss 2.8553
[Tracker] Ep  510 | AvgR 0.0002 | Global 0.9446 | Local 0.0630 | F1_macro 0.5843 | WorstLoss 2.2941
[Tracker] Saved snapshot: ep0510_phase1_class1
[Tracker] Ep  511 | AvgR 0.0002 | Global 0.9556 | Local 0.0776 | F1_macro 0.5683 | WorstLoss 2.3043
[Tracker] Ep  512 | AvgR 0.0002 | Global 0.9134 | Local 0.1436 | F1_macro 0.6097 | WorstLoss 1.8783
[Tracker] Ep  513 | AvgR 0.0002 | Global 0.9431 | Local 0.1093 | F1_macro 0.6145 | WorstLoss 1.8676
[Tracker] Ep  514 | AvgR 0.0002 | Global 0.9556 | Local 0.1007 | F1_macro 0.5937 | WorstLoss 2.0471
[Tracker] Ep  515 | AvgR 0.0002 | Global 0.9657 | Local 0.1059 | F1_macro 0.5916 | WorstLoss 2.0148
[Tracker] Saved snapshot: ep0515_phase1_class1
[Tracker] Ep  516 | AvgR 0.0002 | Global 0.9549 | Local 0.1080 | F1_macro 0.5722 | WorstLoss 2.1649
[Tracker] Ep  517 | AvgR 0.0002 | Global 0.9090 | Local 0.1022 | F1_macro 0.5731 | WorstLoss 2.3623
[Tracker] Ep  518 | AvgR 0.0002 | Global 0.9528 | Local 0.0964 | F1_macro 0.5777 | WorstLoss 2.0691
[Tracker] Ep  519 | AvgR 0.0002 | Global 0.9565 | Local 0.1189 | F1_macro 0.6037 | WorstLoss 1.8684
[Tracker] Ep  520 | AvgR 0.0001 | Global 0.6157 | Local 0.0603 | F1_macro 0.6002 | WorstLoss 2.6871
[Tracker] Saved snapshot: ep0520_phase1_class1
[Tracker] Ep  521 | AvgR 0.0002 | Global 0.9520 | Local 0.1197 | F1_macro 0.5913 | WorstLoss 1.9748
[Tracker] Ep  522 | AvgR 0.0002 | Global 0.9733 | Local 0.1082 | F1_macro 0.6421 | WorstLoss 1.6310
[Tracker] Ep  523 | AvgR 0.0002 | Global 0.9417 | Local 0.0966 | F1_macro 0.5760 | WorstLoss 2.1505
[Tracker] Ep  524 | AvgR 0.0002 | Global 0.9398 | Local 0.1282 | F1_macro 0.5852 | WorstLoss 2.1642
[Tracker] Ep  525 | AvgR 0.0002 | Global 0.9757 | Local 0.1172 | F1_macro 0.6408 | WorstLoss 1.6607
[Tracker] Saved snapshot: ep0525_phase1_class1
[Tracker] Ep  526 | AvgR 0.0002 | Global 0.9490 | Local 0.0946 | F1_macro 0.5826 | WorstLoss 2.1040
[Tracker] Ep  527 | AvgR 0.0002 | Global 0.9735 | Local 0.0847 | F1_macro 0.6157 | WorstLoss 1.7349
[Tracker] Ep  528 | AvgR 0.0002 | Global 0.9561 | Local 0.1177 | F1_macro 0.6104 | WorstLoss 1.8208
[Tracker] Ep  529 | AvgR 0.0002 | Global 0.9784 | Local 0.0947 | F1_macro 0.6081 | WorstLoss 1.7152
[Tracker] Ep  530 | AvgR 0.0002 | Global 0.6803 | Local 0.1008 | F1_macro 0.5947 | WorstLoss 2.6674
[Tracker] Saved snapshot: ep0530_phase1_class1
[Tracker] Ep  531 | AvgR 0.0002 | Global 0.9590 | Local 0.0887 | F1_macro 0.6044 | WorstLoss 2.0726
[Tracker] Ep  532 | AvgR 0.0002 | Global 0.9485 | Local 0.1084 | F1_macro 0.6043 | WorstLoss 2.3247
[Tracker] Ep  533 | AvgR 0.0002 | Global 0.9403 | Local 0.0725 | F1_macro 0.5786 | WorstLoss 2.1607
[Tracker] Ep  534 | AvgR 0.0002 | Global 0.9453 | Local 0.0872 | F1_macro 0.5888 | WorstLoss 2.0190
[Tracker] Ep  535 | AvgR 0.0002 | Global 0.9680 | Local 0.1006 | F1_macro 0.6309 | WorstLoss 1.7562
[Tracker] Saved snapshot: ep0535_phase1_class1
[Tracker] Ep  536 | AvgR 0.0002 | Global 0.9853 | Local 0.1199 | F1_macro 0.6222 | WorstLoss 2.0100
[Tracker] Ep  537 | AvgR 0.0002 | Global 0.8981 | Local 0.1749 | F1_macro 0.6048 | WorstLoss 2.4429
[Tracker] Ep  538 | AvgR 0.0002 | Global 0.9533 | Local 0.1069 | F1_macro 0.5977 | WorstLoss 1.9006
[Tracker] Ep  539 | AvgR 0.0002 | Global 0.9313 | Local 0.1293 | F1_macro 0.5833 | WorstLoss 1.8137
[Tracker] Ep  540 | AvgR 0.0002 | Global 0.9432 | Local 0.0825 | F1_macro 0.5856 | WorstLoss 1.8087
[Tracker] Saved snapshot: ep0540_phase1_class1
[Tracker] Ep  541 | AvgR 0.0002 | Global 0.9393 | Local 0.1442 | F1_macro 0.5830 | WorstLoss 2.0244
[Tracker] Ep  542 | AvgR 0.0002 | Global 0.9423 | Local 0.1070 | F1_macro 0.5962 | WorstLoss 2.2958
[Tracker] Ep  543 | AvgR 0.0003 | Global 0.9281 | Local 0.1699 | F1_macro 0.6015 | WorstLoss 1.8552
[Tracker] Ep  544 | AvgR 0.0002 | Global 0.9608 | Local 0.1068 | F1_macro 0.6125 | WorstLoss 1.9655
[Tracker] Ep  545 | AvgR 0.0002 | Global 0.9569 | Local 0.1305 | F1_macro 0.6133 | WorstLoss 1.7451
[Tracker] Saved snapshot: ep0545_phase1_class1
[Tracker] Ep  546 | AvgR 0.0002 | Global 0.9418 | Local 0.1326 | F1_macro 0.6056 | WorstLoss 1.7670
[Tracker] Ep  547 | AvgR 0.0002 | Global 0.9563 | Local 0.1194 | F1_macro 0.5959 | WorstLoss 1.8013
[Tracker] Ep  548 | AvgR 0.0002 | Global 0.9458 | Local 0.0971 | F1_macro 0.5851 | WorstLoss 1.8017
[Tracker] Ep  549 | AvgR 0.0002 | Global 0.9369 | Local 0.1191 | F1_macro 0.6068 | WorstLoss 1.9575
[Tracker] Ep  550 | AvgR 0.0002 | Global 0.9339 | Local 0.1232 | F1_macro 0.5879 | WorstLoss 1.8539
[Tracker] Saved snapshot: ep0550_phase1_class1
[Tracker] Ep  551 | AvgR 0.0002 | Global 0.9523 | Local 0.1024 | F1_macro 0.6043 | WorstLoss 2.1594
[Tracker] Ep  552 | AvgR 0.0002 | Global 0.9399 | Local 0.1055 | F1_macro 0.6095 | WorstLoss 1.7752
[Tracker] Ep  553 | AvgR 0.0002 | Global 0.9521 | Local 0.1367 | F1_macro 0.6080 | WorstLoss 1.9620
[Tracker] Ep  554 | AvgR 0.0002 | Global 0.9546 | Local 0.1032 | F1_macro 0.6172 | WorstLoss 1.6187
[Tracker] Ep  555 | AvgR 0.0002 | Global 0.9464 | Local 0.0818 | F1_macro 0.5881 | WorstLoss 2.3217
[Tracker] Saved snapshot: ep0555_phase1_class1
[Tracker] Ep  556 | AvgR 0.0002 | Global 0.9485 | Local 0.0992 | F1_macro 0.5972 | WorstLoss 2.2048
[Tracker] Ep  557 | AvgR 0.0002 | Global 0.9594 | Local 0.1048 | F1_macro 0.6209 | WorstLoss 1.8123
[Tracker] Ep  558 | AvgR 0.0002 | Global 0.9521 | Local 0.1015 | F1_macro 0.6137 | WorstLoss 2.0431
[Tracker] Ep  559 | AvgR 0.0002 | Global 0.8861 | Local 0.1075 | F1_macro 0.6052 | WorstLoss 2.4913
[Tracker] Ep  560 | AvgR 0.0002 | Global 0.9500 | Local 0.1340 | F1_macro 0.6175 | WorstLoss 1.8606
[Tracker] Saved snapshot: ep0560_phase1_class1
[Tracker] Ep  561 | AvgR 0.0002 | Global 0.9346 | Local 0.1211 | F1_macro 0.6207 | WorstLoss 1.9167
[Tracker] Ep  562 | AvgR 0.0002 | Global 0.9613 | Local 0.1053 | F1_macro 0.6016 | WorstLoss 1.6622
[Tracker] Ep  563 | AvgR 0.0002 | Global 0.9408 | Local 0.1379 | F1_macro 0.5916 | WorstLoss 2.0021
[Tracker] Ep  564 | AvgR 0.0003 | Global 0.9360 | Local 0.1575 | F1_macro 0.6101 | WorstLoss 2.3060
[Tracker] Ep  565 | AvgR 0.0002 | Global 0.9572 | Local 0.1347 | F1_macro 0.6015 | WorstLoss 1.7814
[Tracker] Saved snapshot: ep0565_phase1_class1
[Tracker] Ep  566 | AvgR 0.0003 | Global 0.9535 | Local 0.1646 | F1_macro 0.6206 | WorstLoss 1.6453
[Tracker] Ep  567 | AvgR 0.0002 | Global 0.9753 | Local 0.1112 | F1_macro 0.6248 | WorstLoss 1.7018
[Tracker] Ep  568 | AvgR 0.0002 | Global 0.9424 | Local 0.1258 | F1_macro 0.5963 | WorstLoss 1.7094
[Tracker] Ep  569 | AvgR 0.0002 | Global 0.9502 | Local 0.1175 | F1_macro 0.5987 | WorstLoss 1.7735
[Tracker] Ep  570 | AvgR 0.0002 | Global 0.9323 | Local 0.1196 | F1_macro 0.5970 | WorstLoss 1.8367
[Tracker] Saved snapshot: ep0570_phase1_class1
[Tracker] Ep  571 | AvgR 0.0003 | Global 0.9360 | Local 0.1547 | F1_macro 0.6200 | WorstLoss 1.8452
[Tracker] Ep  572 | AvgR 0.0002 | Global 0.9075 | Local 0.1520 | F1_macro 0.5835 | WorstLoss 1.9523
[Tracker] Ep  573 | AvgR 0.0002 | Global 0.9703 | Local 0.1039 | F1_macro 0.6151 | WorstLoss 1.8289
[Tracker] Ep  574 | AvgR 0.0003 | Global 0.9618 | Local 0.1563 | F1_macro 0.6351 | WorstLoss 1.6297
[Tracker] Ep  575 | AvgR 0.0002 | Global 0.9436 | Local 0.1240 | F1_macro 0.6235 | WorstLoss 1.6941
[Tracker] Saved snapshot: ep0575_phase1_class1
[Tracker] Ep  576 | AvgR 0.0002 | Global 0.9696 | Local 0.1134 | F1_macro 0.6134 | WorstLoss 2.2374
[Tracker] Ep  577 | AvgR 0.0002 | Global 0.9494 | Local 0.1102 | F1_macro 0.6135 | WorstLoss 1.8182
[Tracker] Ep  578 | AvgR 0.0002 | Global 0.9219 | Local 0.1248 | F1_macro 0.5674 | WorstLoss 1.9502
[Tracker] Ep  579 | AvgR 0.0002 | Global 0.9448 | Local 0.1080 | F1_macro 0.6269 | WorstLoss 1.7462
[Tracker] Ep  580 | AvgR 0.0002 | Global 0.9206 | Local 0.1424 | F1_macro 0.5909 | WorstLoss 2.2775
[Tracker] Saved snapshot: ep0580_phase1_class1
[Tracker] Ep  581 | AvgR 0.0003 | Global 0.9571 | Local 0.1634 | F1_macro 0.6146 | WorstLoss 1.8778
[Tracker] Ep  582 | AvgR 0.0003 | Global 0.9699 | Local 0.1285 | F1_macro 0.6207 | WorstLoss 1.5631
[Tracker] Ep  583 | AvgR 0.0003 | Global 0.9265 | Local 0.1674 | F1_macro 0.6342 | WorstLoss 1.6607
[Tracker] Ep  584 | AvgR 0.0003 | Global 0.9742 | Local 0.1459 | F1_macro 0.6185 | WorstLoss 1.9548
[Tracker] Ep  585 | AvgR 0.0003 | Global 0.9490 | Local 0.1466 | F1_macro 0.6128 | WorstLoss 2.0587
[Tracker] Saved snapshot: ep0585_phase1_class1
[Tracker] Ep  586 | AvgR 0.0003 | Global 0.9606 | Local 0.1398 | F1_macro 0.6154 | WorstLoss 1.7633
[Tracker] Ep  587 | AvgR 0.0003 | Global 0.9615 | Local 0.1521 | F1_macro 0.6390 | WorstLoss 1.6424
[Tracker] Ep  588 | AvgR 0.0003 | Global 0.9471 | Local 0.1605 | F1_macro 0.6050 | WorstLoss 1.8784
[Tracker] Ep  589 | AvgR 0.0003 | Global 0.9360 | Local 0.1759 | F1_macro 0.6062 | WorstLoss 1.7535
[Tracker] Ep  590 | AvgR 0.0002 | Global 0.9718 | Local 0.0810 | F1_macro 0.6320 | WorstLoss 2.2375
[Tracker] Saved snapshot: ep0590_phase1_class1
[Tracker] Ep  591 | AvgR 0.0003 | Global 0.9422 | Local 0.1509 | F1_macro 0.6009 | WorstLoss 2.0986
[Tracker] Ep  592 | AvgR 0.0002 | Global 0.9345 | Local 0.1270 | F1_macro 0.6170 | WorstLoss 2.3032
[Tracker] Ep  593 | AvgR 0.0003 | Global 0.9589 | Local 0.1488 | F1_macro 0.6035 | WorstLoss 1.7326
[Tracker] Ep  594 | AvgR 0.0002 | Global 0.9530 | Local 0.1093 | F1_macro 0.6146 | WorstLoss 2.1853
[Tracker] Ep  595 | AvgR 0.0003 | Global 0.9668 | Local 0.1807 | F1_macro 0.6173 | WorstLoss 1.5573
[Tracker] Saved snapshot: ep0595_phase1_class1
[Tracker] Ep  596 | AvgR 0.0003 | Global 0.9294 | Local 0.1766 | F1_macro 0.5975 | WorstLoss 1.7698
[Tracker] Ep  597 | AvgR 0.0002 | Global 0.9390 | Local 0.1366 | F1_macro 0.6229 | WorstLoss 1.7738
[Tracker] Ep  598 | AvgR 0.0003 | Global 0.9386 | Local 0.1570 | F1_macro 0.6021 | WorstLoss 1.8196
[Tracker] Ep  599 | AvgR 0.0003 | Global 0.9684 | Local 0.1444 | F1_macro 0.6536 | WorstLoss 2.2217
[Tracker] Ep  600 | AvgR 0.0003 | Global 0.9518 | Local 0.1584 | F1_macro 0.6126 | WorstLoss 1.7807
[Tracker] Saved snapshot: ep0600_phase1_class1
[Tracker] Ep  601 | AvgR 0.0003 | Global 0.9628 | Local 0.1543 | F1_macro 0.6327 | WorstLoss 1.6878
[Tracker] Ep  602 | AvgR 0.0003 | Global 0.9269 | Local 0.1904 | F1_macro 0.5857 | WorstLoss 2.0913
[Tracker] Ep  603 | AvgR 0.0003 | Global 0.9735 | Local 0.1264 | F1_macro 0.6250 | WorstLoss 1.4633
[Tracker] Ep  604 | AvgR 0.0003 | Global 0.9561 | Local 0.1312 | F1_macro 0.6196 | WorstLoss 2.1020
[Tracker] Ep  605 | AvgR 0.0003 | Global 0.9208 | Local 0.1677 | F1_macro 0.6217 | WorstLoss 2.1015
[Tracker] Saved snapshot: ep0605_phase1_class1
[Tracker] Ep  606 | AvgR 0.0003 | Global 0.9237 | Local 0.1874 | F1_macro 0.5959 | WorstLoss 1.8081
[Tracker] Ep  607 | AvgR 0.0003 | Global 0.9339 | Local 0.2044 | F1_macro 0.6207 | WorstLoss 2.2088
[Tracker] Ep  608 | AvgR 0.0003 | Global 0.9627 | Local 0.1246 | F1_macro 0.6105 | WorstLoss 2.0938
[Tracker] Ep  609 | AvgR 0.0003 | Global 0.9670 | Local 0.1323 | F1_macro 0.6044 | WorstLoss 1.7554
[Tracker] Ep  610 | AvgR 0.0002 | Global 0.9078 | Local 0.0990 | F1_macro 0.5896 | WorstLoss 1.8868
[Tracker] Saved snapshot: ep0610_phase1_class1
[Tracker] Ep  611 | AvgR 0.0003 | Global 0.9417 | Local 0.1869 | F1_macro 0.5968 | WorstLoss 2.0146
[Tracker] Ep  612 | AvgR 0.0002 | Global 0.9266 | Local 0.1245 | F1_macro 0.6013 | WorstLoss 2.1130
[Tracker] Ep  613 | AvgR 0.0003 | Global 0.9605 | Local 0.1296 | F1_macro 0.6361 | WorstLoss 1.5362
[Tracker] Ep  614 | AvgR 0.0003 | Global 0.9217 | Local 0.2465 | F1_macro 0.6196 | WorstLoss 1.7086
[Tracker] Ep  615 | AvgR 0.0003 | Global 0.9492 | Local 0.1700 | F1_macro 0.6000 | WorstLoss 1.8427
[Tracker] Saved snapshot: ep0615_phase1_class1
[Tracker] Ep  616 | AvgR 0.0003 | Global 0.9551 | Local 0.1353 | F1_macro 0.6081 | WorstLoss 1.7112
[Tracker] Ep  617 | AvgR 0.0003 | Global 0.9446 | Local 0.1573 | F1_macro 0.6301 | WorstLoss 1.6045
[Tracker] Ep  618 | AvgR 0.0003 | Global 0.9729 | Local 0.1362 | F1_macro 0.6285 | WorstLoss 1.8749
[Tracker] Ep  619 | AvgR 0.0002 | Global 0.9367 | Local 0.1347 | F1_macro 0.5949 | WorstLoss 1.9596
[Tracker] Ep  620 | AvgR 0.0002 | Global 0.9503 | Local 0.1185 | F1_macro 0.6447 | WorstLoss 1.9895
[Tracker] Saved snapshot: ep0620_phase1_class1
[Tracker] Ep  621 | AvgR 0.0003 | Global 0.9524 | Local 0.1786 | F1_macro 0.6227 | WorstLoss 1.5549
[Tracker] Ep  622 | AvgR 0.0003 | Global 0.9711 | Local 0.1182 | F1_macro 0.6338 | WorstLoss 1.7154
[Tracker] Ep  623 | AvgR 0.0003 | Global 0.9613 | Local 0.1299 | F1_macro 0.6343 | WorstLoss 1.5183
[Tracker] Ep  624 | AvgR 0.0003 | Global 0.9239 | Local 0.2023 | F1_macro 0.6146 | WorstLoss 1.8734
[Tracker] Ep  625 | AvgR 0.0003 | Global 0.9569 | Local 0.2062 | F1_macro 0.6180 | WorstLoss 1.7727
[Tracker] Saved snapshot: ep0625_phase1_class1
[Tracker] Ep  626 | AvgR 0.0003 | Global 0.9497 | Local 0.1458 | F1_macro 0.6330 | WorstLoss 2.0551
[Tracker] Ep  627 | AvgR 0.0003 | Global 0.9671 | Local 0.1216 | F1_macro 0.6273 | WorstLoss 1.4667
[Tracker] Ep  628 | AvgR 0.0002 | Global 0.9066 | Local 0.1464 | F1_macro 0.6098 | WorstLoss 1.8208
[Tracker] Ep  629 | AvgR 0.0003 | Global 0.9490 | Local 0.1437 | F1_macro 0.6160 | WorstLoss 1.7414
[Tracker] Ep  630 | AvgR 0.0003 | Global 0.9308 | Local 0.1647 | F1_macro 0.6168 | WorstLoss 2.2176
[Tracker] Saved snapshot: ep0630_phase1_class1
[Tracker] Ep  631 | AvgR 0.0003 | Global 0.9733 | Local 0.1404 | F1_macro 0.6225 | WorstLoss 1.5674
[Tracker] Ep  632 | AvgR 0.0003 | Global 0.9638 | Local 0.1811 | F1_macro 0.6347 | WorstLoss 1.5619
[Tracker] Ep  633 | AvgR 0.0003 | Global 0.9378 | Local 0.1857 | F1_macro 0.6315 | WorstLoss 1.6341
[Tracker] Ep  634 | AvgR 0.0003 | Global 0.9232 | Local 0.2073 | F1_macro 0.5994 | WorstLoss 1.6885
[Tracker] Ep  635 | AvgR 0.0003 | Global 0.9545 | Local 0.1402 | F1_macro 0.6315 | WorstLoss 1.6028
[Tracker] Saved snapshot: ep0635_phase1_class1
[Tracker] Ep  636 | AvgR 0.0002 | Global 0.9247 | Local 0.1281 | F1_macro 0.6009 | WorstLoss 1.7712
[Tracker] Ep  637 | AvgR 0.0003 | Global 0.9623 | Local 0.1751 | F1_macro 0.6344 | WorstLoss 2.2155
[Tracker] Ep  638 | AvgR 0.0003 | Global 0.9836 | Local 0.1386 | F1_macro 0.6411 | WorstLoss 1.5438
[Tracker] Ep  639 | AvgR 0.0003 | Global 0.9322 | Local 0.1335 | F1_macro 0.6020 | WorstLoss 2.3671
[Tracker] Ep  640 | AvgR 0.0003 | Global 0.9647 | Local 0.1466 | F1_macro 0.6389 | WorstLoss 1.6202
[Tracker] Saved snapshot: ep0640_phase1_class1
[Tracker] Ep  641 | AvgR 0.0000 | Global 0.0205 | Local 0.0789 | F1_macro 0.6084 | WorstLoss 3.1352
[Tracker] Ep  642 | AvgR 0.0002 | Global 0.9147 | Local 0.1207 | F1_macro 0.5766 | WorstLoss 1.8833
[Tracker] Ep  643 | AvgR 0.0003 | Global 0.9581 | Local 0.1284 | F1_macro 0.6107 | WorstLoss 1.9683
[Tracker] Ep  644 | AvgR 0.0003 | Global 0.8991 | Local 0.1830 | F1_macro 0.5781 | WorstLoss 1.7415
[Tracker] Ep  645 | AvgR 0.0002 | Global 0.9320 | Local 0.1167 | F1_macro 0.5962 | WorstLoss 1.8761
[Tracker] Saved snapshot: ep0645_phase1_class1
[Tracker] Ep  646 | AvgR 0.0001 | Global 0.0959 | Local 0.1156 | F1_macro 0.5777 | WorstLoss 2.9696
[Tracker] Ep  647 | AvgR 0.0002 | Global 0.8496 | Local 0.1793 | F1_macro 0.5659 | WorstLoss 1.6417
[Tracker] Ep  648 | AvgR 0.0002 | Global 0.9451 | Local 0.0936 | F1_macro 0.6139 | WorstLoss 2.2938
[Tracker] Ep  649 | AvgR 0.0003 | Global 0.9299 | Local 0.1436 | F1_macro 0.5858 | WorstLoss 2.0173
[Tracker] Ep  650 | AvgR 0.0002 | Global 0.5316 | Local 0.1627 | F1_macro 0.5694 | WorstLoss 2.7201
[Tracker] Saved snapshot: ep0650_phase1_class1
[Tracker] Ep  651 | AvgR 0.0003 | Global 0.9032 | Local 0.1830 | F1_macro 0.5989 | WorstLoss 1.5503
[Tracker] Ep  652 | AvgR 0.0003 | Global 0.8833 | Local 0.2290 | F1_macro 0.6093 | WorstLoss 1.6770
[Tracker] Ep  653 | AvgR 0.0002 | Global 0.8949 | Local 0.1304 | F1_macro 0.5802 | WorstLoss 2.1477
[Tracker] Ep  654 | AvgR 0.0003 | Global 0.9249 | Local 0.1891 | F1_macro 0.5810 | WorstLoss 1.7283
[Tracker] Ep  655 | AvgR 0.0003 | Global 0.8965 | Local 0.1983 | F1_macro 0.5484 | WorstLoss 2.0339
[Tracker] Saved snapshot: ep0655_phase1_class1
[Tracker] Ep  656 | AvgR 0.0002 | Global 0.9171 | Local 0.1181 | F1_macro 0.5891 | WorstLoss 2.3736
[Tracker] Ep  657 | AvgR 0.0002 | Global 0.8307 | Local 0.1771 | F1_macro 0.5752 | WorstLoss 2.4765
[Tracker] Ep  658 | AvgR 0.0002 | Global 0.9319 | Local 0.1182 | F1_macro 0.6052 | WorstLoss 1.5676
[Tracker] Ep  659 | AvgR 0.0003 | Global 0.9059 | Local 0.1557 | F1_macro 0.5970 | WorstLoss 2.1709
[Tracker] Ep  660 | AvgR 0.0002 | Global 0.9036 | Local 0.1146 | F1_macro 0.5872 | WorstLoss 1.8767
[Tracker] Saved snapshot: ep0660_phase1_class1
[Tracker] Ep  661 | AvgR 0.0003 | Global 0.8906 | Local 0.1731 | F1_macro 0.5881 | WorstLoss 1.5273
[Tracker] Ep  662 | AvgR 0.0003 | Global 0.8869 | Local 0.1806 | F1_macro 0.5929 | WorstLoss 1.7543
[Tracker] Ep  663 | AvgR 0.0003 | Global 0.8847 | Local 0.2054 | F1_macro 0.5575 | WorstLoss 2.1682
[Tracker] Ep  664 | AvgR 0.0003 | Global 0.9164 | Local 0.1456 | F1_macro 0.5865 | WorstLoss 1.4923
[Tracker] Ep  665 | AvgR 0.0003 | Global 0.9079 | Local 0.1634 | F1_macro 0.5945 | WorstLoss 2.3042
[Tracker] Saved snapshot: ep0665_phase1_class1
[Tracker] Ep  666 | AvgR 0.0003 | Global 0.8932 | Local 0.1697 | F1_macro 0.5917 | WorstLoss 1.8653
[Tracker] Ep  667 | AvgR 0.0003 | Global 0.9610 | Local 0.1502 | F1_macro 0.6136 | WorstLoss 1.5084
[Tracker] Ep  668 | AvgR 0.0002 | Global 0.9390 | Local 0.1133 | F1_macro 0.5902 | WorstLoss 1.7291
[Tracker] Ep  669 | AvgR 0.0003 | Global 0.9046 | Local 0.1924 | F1_macro 0.5919 | WorstLoss 1.9656
[Tracker] Ep  670 | AvgR 0.0002 | Global 0.8947 | Local 0.1386 | F1_macro 0.5704 | WorstLoss 1.7455
[Tracker] Saved snapshot: ep0670_phase1_class1
[Tracker] Ep  671 | AvgR 0.0003 | Global 0.8778 | Local 0.1963 | F1_macro 0.6043 | WorstLoss 1.5562
[Tracker] Ep  672 | AvgR 0.0003 | Global 0.9544 | Local 0.1575 | F1_macro 0.6087 | WorstLoss 1.7986
[Tracker] Ep  673 | AvgR 0.0003 | Global 0.8853 | Local 0.2509 | F1_macro 0.5619 | WorstLoss 1.7127
[Tracker] Ep  674 | AvgR 0.0003 | Global 0.9436 | Local 0.1694 | F1_macro 0.6261 | WorstLoss 1.6718
[Tracker] Ep  675 | AvgR 0.0003 | Global 0.8773 | Local 0.1883 | F1_macro 0.5945 | WorstLoss 1.5525
[Tracker] Saved snapshot: ep0675_phase1_class1
[Tracker] Ep  676 | AvgR 0.0003 | Global 0.8883 | Local 0.2681 | F1_macro 0.5794 | WorstLoss 2.3272
[Tracker] Ep  677 | AvgR 0.0003 | Global 0.8607 | Local 0.2446 | F1_macro 0.5910 | WorstLoss 1.6182
[Tracker] Ep  678 | AvgR 0.0003 | Global 0.8851 | Local 0.2226 | F1_macro 0.5857 | WorstLoss 1.6189
[Tracker] Ep  679 | AvgR 0.0003 | Global 0.8993 | Local 0.2157 | F1_macro 0.5893 | WorstLoss 1.4704
[Tracker] Ep  680 | AvgR 0.0003 | Global 0.9341 | Local 0.2273 | F1_macro 0.5645 | WorstLoss 1.3308
[Tracker] Saved snapshot: ep0680_phase1_class1
[Tracker] Ep  681 | AvgR 0.0003 | Global 0.8928 | Local 0.2162 | F1_macro 0.5887 | WorstLoss 1.4847
[Tracker] Ep  682 | AvgR 0.0003 | Global 0.8764 | Local 0.1970 | F1_macro 0.5806 | WorstLoss 2.1108
[Tracker] Ep  683 | AvgR 0.0003 | Global 0.9041 | Local 0.2097 | F1_macro 0.5945 | WorstLoss 1.4515
[Tracker] Ep  684 | AvgR 0.0003 | Global 0.9186 | Local 0.2063 | F1_macro 0.6061 | WorstLoss 1.3506
[Tracker] Ep  685 | AvgR 0.0003 | Global 0.9104 | Local 0.1663 | F1_macro 0.6009 | WorstLoss 2.2271
[Tracker] Saved snapshot: ep0685_phase1_class1
[Tracker] Ep  686 | AvgR 0.0003 | Global 0.8746 | Local 0.2364 | F1_macro 0.6059 | WorstLoss 1.7440
[Tracker] Ep  687 | AvgR 0.0003 | Global 0.8747 | Local 0.1931 | F1_macro 0.5746 | WorstLoss 1.3857
[Tracker] Ep  688 | AvgR 0.0003 | Global 0.9251 | Local 0.1850 | F1_macro 0.5994 | WorstLoss 1.7188
[Tracker] Ep  689 | AvgR 0.0003 | Global 0.9118 | Local 0.2596 | F1_macro 0.5850 | WorstLoss 1.3530
[Tracker] Ep  690 | AvgR 0.0003 | Global 0.9392 | Local 0.2144 | F1_macro 0.5876 | WorstLoss 1.5830
[Tracker] Saved snapshot: ep0690_phase1_class1
[Tracker] Ep  691 | AvgR 0.0003 | Global 0.8772 | Local 0.1708 | F1_macro 0.6076 | WorstLoss 2.4194
[Tracker] Ep  692 | AvgR 0.0003 | Global 0.9244 | Local 0.2231 | F1_macro 0.5895 | WorstLoss 1.3740
[Tracker] Ep  693 | AvgR 0.0003 | Global 0.9226 | Local 0.1822 | F1_macro 0.5935 | WorstLoss 1.6724
[Tracker] Ep  694 | AvgR 0.0003 | Global 0.8563 | Local 0.2355 | F1_macro 0.5528 | WorstLoss 2.0743
[Tracker] Ep  695 | AvgR 0.0003 | Global 0.9278 | Local 0.2026 | F1_macro 0.6091 | WorstLoss 1.9240
[Tracker] Saved snapshot: ep0695_phase1_class1
[Tracker] Ep  696 | AvgR 0.0002 | Global 0.4129 | Local 0.2137 | F1_macro 0.5821 | WorstLoss 2.7559
[Tracker] Ep  697 | AvgR 0.0003 | Global 0.9212 | Local 0.2135 | F1_macro 0.5911 | WorstLoss 1.4224
[Tracker] Ep  698 | AvgR 0.0003 | Global 0.8999 | Local 0.1793 | F1_macro 0.5702 | WorstLoss 1.7438
[Tracker] Ep  699 | AvgR 0.0003 | Global 0.8891 | Local 0.2404 | F1_macro 0.6029 | WorstLoss 1.4060
[Tracker] Ep  700 | AvgR 0.0003 | Global 0.9022 | Local 0.1942 | F1_macro 0.5762 | WorstLoss 1.7957
[Tracker] Saved snapshot: ep0700_phase1_class1
[Tracker] Ep  701 | AvgR 0.0003 | Global 0.9063 | Local 0.2114 | F1_macro 0.5735 | WorstLoss 2.0781
[Tracker] Ep  702 | AvgR 0.0003 | Global 0.9069 | Local 0.2104 | F1_macro 0.5803 | WorstLoss 1.3669
[Tracker] Ep  703 | AvgR 0.0003 | Global 0.9609 | Local 0.1656 | F1_macro 0.6103 | WorstLoss 2.1013
[Tracker] Ep  704 | AvgR 0.0003 | Global 0.9134 | Local 0.2217 | F1_macro 0.5717 | WorstLoss 1.6550
[Tracker] Ep  705 | AvgR 0.0002 | Global 0.8349 | Local 0.1672 | F1_macro 0.6058 | WorstLoss 2.5091
[Tracker] Saved snapshot: ep0705_phase1_class1
[Tracker] Ep  706 | AvgR 0.0003 | Global 0.9007 | Local 0.2629 | F1_macro 0.5867 | WorstLoss 1.7029
[Tracker] Ep  707 | AvgR 0.0003 | Global 0.8846 | Local 0.2230 | F1_macro 0.5630 | WorstLoss 1.3749
[Tracker] Ep  708 | AvgR 0.0003 | Global 0.9261 | Local 0.2064 | F1_macro 0.6168 | WorstLoss 1.5748
[Tracker] Ep  709 | AvgR 0.0003 | Global 0.9524 | Local 0.1595 | F1_macro 0.5882 | WorstLoss 1.7224
[Tracker] Ep  710 | AvgR 0.0003 | Global 0.9283 | Local 0.1554 | F1_macro 0.5921 | WorstLoss 1.5342
[Tracker] Saved snapshot: ep0710_phase1_class1
[Tracker] Ep  711 | AvgR 0.0003 | Global 0.8669 | Local 0.2904 | F1_macro 0.5837 | WorstLoss 1.4613
[Tracker] Ep  712 | AvgR 0.0003 | Global 0.8682 | Local 0.1694 | F1_macro 0.5901 | WorstLoss 2.0039
[Tracker] Ep  713 | AvgR 0.0003 | Global 0.9475 | Local 0.1983 | F1_macro 0.6060 | WorstLoss 1.6232
[Tracker] Ep  714 | AvgR 0.0003 | Global 0.9138 | Local 0.2315 | F1_macro 0.5626 | WorstLoss 1.4413
[Tracker] Ep  715 | AvgR 0.0003 | Global 0.9327 | Local 0.1811 | F1_macro 0.5945 | WorstLoss 1.7008
[Tracker] Saved snapshot: ep0715_phase1_class1
[Tracker] Ep  716 | AvgR 0.0003 | Global 0.9304 | Local 0.1981 | F1_macro 0.6139 | WorstLoss 1.4619
[Tracker] Ep  717 | AvgR 0.0003 | Global 0.8832 | Local 0.1792 | F1_macro 0.5833 | WorstLoss 1.5921
[Tracker] Ep  718 | AvgR 0.0003 | Global 0.8580 | Local 0.2457 | F1_macro 0.5818 | WorstLoss 1.5826
[Tracker] Ep  719 | AvgR 0.0003 | Global 0.9033 | Local 0.2196 | F1_macro 0.6156 | WorstLoss 1.5775
[Tracker] Ep  720 | AvgR 0.0003 | Global 0.8970 | Local 0.2571 | F1_macro 0.5944 | WorstLoss 1.3649
[Tracker] Saved snapshot: ep0720_phase1_class1
[Tracker] Ep  721 | AvgR 0.0003 | Global 0.9010 | Local 0.2411 | F1_macro 0.5898 | WorstLoss 1.7057
[Tracker] Ep  722 | AvgR 0.0003 | Global 0.9381 | Local 0.2455 | F1_macro 0.5887 | WorstLoss 1.6346
[Tracker] Ep  723 | AvgR 0.0003 | Global 0.9344 | Local 0.2436 | F1_macro 0.6063 | WorstLoss 1.6832
[Tracker] Ep  724 | AvgR 0.0003 | Global 0.9137 | Local 0.2809 | F1_macro 0.5750 | WorstLoss 1.4073
[Tracker] Ep  725 | AvgR 0.0003 | Global 0.9320 | Local 0.2660 | F1_macro 0.5683 | WorstLoss 1.6580
[Tracker] Saved snapshot: ep0725_phase1_class1
[Tracker] Ep  726 | AvgR 0.0003 | Global 0.8844 | Local 0.2294 | F1_macro 0.5777 | WorstLoss 1.3448
[Tracker] Ep  727 | AvgR 0.0003 | Global 0.9100 | Local 0.2686 | F1_macro 0.5970 | WorstLoss 1.9088
[Tracker] Ep  728 | AvgR 0.0003 | Global 0.8787 | Local 0.2175 | F1_macro 0.5740 | WorstLoss 1.8526
[Tracker] Ep  729 | AvgR 0.0003 | Global 0.8850 | Local 0.2068 | F1_macro 0.6055 | WorstLoss 1.6934
[Tracker] Ep  730 | AvgR 0.0003 | Global 0.8752 | Local 0.2109 | F1_macro 0.5744 | WorstLoss 2.1448
[Tracker] Saved snapshot: ep0730_phase1_class1
[Tracker] Ep  731 | AvgR 0.0003 | Global 0.8794 | Local 0.2698 | F1_macro 0.5656 | WorstLoss 1.3532
[Tracker] Ep  732 | AvgR 0.0003 | Global 0.8835 | Local 0.1900 | F1_macro 0.5924 | WorstLoss 2.1788
[Tracker] Ep  733 | AvgR 0.0003 | Global 0.9436 | Local 0.2065 | F1_macro 0.6085 | WorstLoss 1.4341
[Tracker] Ep  734 | AvgR 0.0003 | Global 0.8857 | Local 0.1760 | F1_macro 0.5962 | WorstLoss 1.5804
[Tracker] Ep  735 | AvgR 0.0003 | Global 0.8729 | Local 0.2932 | F1_macro 0.5905 | WorstLoss 1.4108
[Tracker] Saved snapshot: ep0735_phase1_class1
[Tracker] Ep  736 | AvgR 0.0003 | Global 0.9029 | Local 0.1903 | F1_macro 0.5829 | WorstLoss 1.3885
[Tracker] Ep  737 | AvgR 0.0003 | Global 0.9215 | Local 0.2278 | F1_macro 0.6166 | WorstLoss 1.4438
[Tracker] Ep  738 | AvgR 0.0003 | Global 0.8372 | Local 0.2217 | F1_macro 0.5704 | WorstLoss 1.6621
[Tracker] Ep  739 | AvgR 0.0003 | Global 0.9041 | Local 0.2227 | F1_macro 0.5827 | WorstLoss 1.5350
[Tracker] Ep  740 | AvgR 0.0003 | Global 0.9116 | Local 0.2265 | F1_macro 0.6168 | WorstLoss 1.5273
[Tracker] Saved snapshot: ep0740_phase1_class1
[Tracker] Ep  741 | AvgR 0.0003 | Global 0.9057 | Local 0.1795 | F1_macro 0.6114 | WorstLoss 1.9638
[Tracker] Ep  742 | AvgR 0.0003 | Global 0.9422 | Local 0.2145 | F1_macro 0.6085 | WorstLoss 2.1414
[Tracker] Ep  743 | AvgR 0.0003 | Global 0.9139 | Local 0.2096 | F1_macro 0.5796 | WorstLoss 2.0266
[Tracker] Ep  744 | AvgR 0.0003 | Global 0.8953 | Local 0.2331 | F1_macro 0.5962 | WorstLoss 1.3188
[Tracker] Ep  745 | AvgR 0.0003 | Global 0.9160 | Local 0.2079 | F1_macro 0.6036 | WorstLoss 1.6918
[Tracker] Saved snapshot: ep0745_phase1_class1
[Tracker] Ep  746 | AvgR 0.0003 | Global 0.8930 | Local 0.2518 | F1_macro 0.6129 | WorstLoss 1.8492
[Tracker] Ep  747 | AvgR 0.0003 | Global 0.8948 | Local 0.2472 | F1_macro 0.5918 | WorstLoss 1.5162
[Tracker] Ep  748 | AvgR 0.0003 | Global 0.9117 | Local 0.2280 | F1_macro 0.6152 | WorstLoss 1.6143
[Tracker] Ep  749 | AvgR 0.0003 | Global 0.9143 | Local 0.2339 | F1_macro 0.6128 | WorstLoss 1.6441
[Tracker] Ep  750 | AvgR 0.0003 | Global 0.8985 | Local 0.2136 | F1_macro 0.5692 | WorstLoss 1.1122
[Tracker] Saved snapshot: ep0750_phase1_class1
[Tracker] Ep  751 | AvgR 0.0003 | Global 0.9147 | Local 0.2037 | F1_macro 0.5935 | WorstLoss 1.3808
[Tracker] Ep  752 | AvgR 0.0002 | Global 0.7312 | Local 0.2452 | F1_macro 0.5688 | WorstLoss 2.5671
[Tracker] Ep  753 | AvgR 0.0003 | Global 0.9353 | Local 0.1720 | F1_macro 0.6051 | WorstLoss 1.5018
[Tracker] Ep  754 | AvgR 0.0003 | Global 0.9201 | Local 0.2573 | F1_macro 0.5850 | WorstLoss 1.3364
[Tracker] Ep  755 | AvgR 0.0003 | Global 0.9402 | Local 0.2365 | F1_macro 0.5931 | WorstLoss 1.3385
[Tracker] Saved snapshot: ep0755_phase1_class1
[Tracker] Ep  756 | AvgR 0.0003 | Global 0.9142 | Local 0.2088 | F1_macro 0.6222 | WorstLoss 1.3767
[Tracker] Ep  757 | AvgR 0.0003 | Global 0.9202 | Local 0.2384 | F1_macro 0.6010 | WorstLoss 1.3191
[Tracker] Ep  758 | AvgR 0.0003 | Global 0.9295 | Local 0.2443 | F1_macro 0.6017 | WorstLoss 1.3162
[Tracker] Ep  759 | AvgR 0.0003 | Global 0.8768 | Local 0.2261 | F1_macro 0.6072 | WorstLoss 2.3138
[Tracker] Ep  760 | AvgR 0.0003 | Global 0.9350 | Local 0.1777 | F1_macro 0.6094 | WorstLoss 1.3295
[Tracker] Saved snapshot: ep0760_phase1_class1
[Tracker] Ep  761 | AvgR 0.0003 | Global 0.9208 | Local 0.2128 | F1_macro 0.5813 | WorstLoss 1.3068
[Tracker] Ep  762 | AvgR 0.0003 | Global 0.8857 | Local 0.2688 | F1_macro 0.5781 | WorstLoss 2.0161
[Tracker] Ep  763 | AvgR 0.0003 | Global 0.8722 | Local 0.2582 | F1_macro 0.5890 | WorstLoss 2.1621
[Tracker] Ep  764 | AvgR 0.0003 | Global 0.8700 | Local 0.2304 | F1_macro 0.5809 | WorstLoss 1.5596
[Tracker] Ep  765 | AvgR 0.0003 | Global 0.9206 | Local 0.2252 | F1_macro 0.5898 | WorstLoss 1.5541
[Tracker] Saved snapshot: ep0765_phase1_class1
[Tracker] Ep  766 | AvgR 0.0003 | Global 0.8955 | Local 0.2560 | F1_macro 0.5816 | WorstLoss 1.4699
[Tracker] Ep  767 | AvgR 0.0003 | Global 0.9141 | Local 0.2588 | F1_macro 0.5757 | WorstLoss 1.1785
[Tracker] Ep  768 | AvgR 0.0003 | Global 0.8173 | Local 0.2898 | F1_macro 0.5548 | WorstLoss 1.5922
[Tracker] Ep  769 | AvgR 0.0003 | Global 0.8720 | Local 0.2327 | F1_macro 0.5842 | WorstLoss 1.7140
[Tracker] Ep  770 | AvgR 0.0003 | Global 0.9223 | Local 0.2473 | F1_macro 0.6003 | WorstLoss 1.5317
[Tracker] Saved snapshot: ep0770_phase1_class1
[Tracker] Ep  771 | AvgR 0.0003 | Global 0.9147 | Local 0.2021 | F1_macro 0.5772 | WorstLoss 1.4862
[Tracker] Ep  772 | AvgR 0.0003 | Global 0.9312 | Local 0.1949 | F1_macro 0.5921 | WorstLoss 1.3936
[Tracker] Ep  773 | AvgR 0.0003 | Global 0.9045 | Local 0.1868 | F1_macro 0.5811 | WorstLoss 1.3787
[Tracker] Ep  774 | AvgR 0.0003 | Global 0.8816 | Local 0.2481 | F1_macro 0.5648 | WorstLoss 1.4002
[Tracker] Ep  775 | AvgR 0.0003 | Global 0.9056 | Local 0.2365 | F1_macro 0.5980 | WorstLoss 1.4945
[Tracker] Saved snapshot: ep0775_phase1_class1
[Tracker] Ep  776 | AvgR 0.0003 | Global 0.9086 | Local 0.2293 | F1_macro 0.5939 | WorstLoss 1.4050
[Tracker] Ep  777 | AvgR 0.0003 | Global 0.9274 | Local 0.2361 | F1_macro 0.6021 | WorstLoss 1.5393
[Tracker] Ep  778 | AvgR 0.0003 | Global 0.9017 | Local 0.2738 | F1_macro 0.5974 | WorstLoss 1.5806
[Tracker] Ep  779 | AvgR 0.0003 | Global 0.9598 | Local 0.1808 | F1_macro 0.6067 | WorstLoss 1.4365
[Tracker] Ep  780 | AvgR 0.0003 | Global 0.9329 | Local 0.1359 | F1_macro 0.5825 | WorstLoss 1.2761
[Tracker] Saved snapshot: ep0780_phase1_class1
[Tracker] Ep  781 | AvgR 0.0003 | Global 0.8579 | Local 0.2677 | F1_macro 0.5705 | WorstLoss 1.7124
[Tracker] Ep  782 | AvgR 0.0003 | Global 0.8590 | Local 0.2303 | F1_macro 0.5565 | WorstLoss 1.7637
[Tracker] Ep  783 | AvgR 0.0003 | Global 0.8963 | Local 0.2865 | F1_macro 0.5728 | WorstLoss 1.3768
[Tracker] Ep  784 | AvgR 0.0003 | Global 0.9037 | Local 0.2056 | F1_macro 0.5907 | WorstLoss 1.6690
[Tracker] Ep  785 | AvgR 0.0003 | Global 0.9361 | Local 0.2093 | F1_macro 0.6130 | WorstLoss 1.4304
[Tracker] Saved snapshot: ep0785_phase1_class1
[Tracker] Ep  786 | AvgR 0.0003 | Global 0.9092 | Local 0.1607 | F1_macro 0.5704 | WorstLoss 1.6375
[Tracker] Ep  787 | AvgR 0.0003 | Global 0.9803 | Local 0.1777 | F1_macro 0.6127 | WorstLoss 1.1852
[Tracker] Ep  788 | AvgR 0.0003 | Global 0.9023 | Local 0.1995 | F1_macro 0.5737 | WorstLoss 1.5856
[Tracker] Ep  789 | AvgR 0.0003 | Global 0.9553 | Local 0.2140 | F1_macro 0.5957 | WorstLoss 1.7133
[Tracker] Ep  790 | AvgR 0.0003 | Global 0.9298 | Local 0.2087 | F1_macro 0.5827 | WorstLoss 1.4518
[Tracker] Saved snapshot: ep0790_phase1_class1
[Tracker] Ep  791 | AvgR 0.0003 | Global 0.8959 | Local 0.2422 | F1_macro 0.5933 | WorstLoss 1.8024
[Tracker] Ep  792 | AvgR 0.0003 | Global 0.9426 | Local 0.2472 | F1_macro 0.6156 | WorstLoss 1.3200
[Tracker] Ep  793 | AvgR 0.0003 | Global 0.9164 | Local 0.1832 | F1_macro 0.6121 | WorstLoss 1.7011
[Tracker] Ep  794 | AvgR 0.0003 | Global 0.9504 | Local 0.2104 | F1_macro 0.6321 | WorstLoss 1.9955
[Tracker] Ep  795 | AvgR 0.0003 | Global 0.9035 | Local 0.2613 | F1_macro 0.5884 | WorstLoss 1.3094
[Tracker] Saved snapshot: ep0795_phase1_class1
[Tracker] Ep  796 | AvgR 0.0003 | Global 0.9207 | Local 0.2100 | F1_macro 0.6128 | WorstLoss 1.9266
[Tracker] Ep  797 | AvgR 0.0003 | Global 0.9344 | Local 0.1630 | F1_macro 0.6109 | WorstLoss 1.6202
[Tracker] Ep  798 | AvgR 0.0003 | Global 0.8942 | Local 0.1634 | F1_macro 0.6019 | WorstLoss 1.5631
[Tracker] Ep  799 | AvgR 0.0003 | Global 0.9021 | Local 0.2213 | F1_macro 0.5900 | WorstLoss 1.4819
[Tracker] Ep  800 | AvgR 0.0003 | Global 0.9081 | Local 0.2358 | F1_macro 0.6359 | WorstLoss 1.4095
[Tracker] Saved snapshot: ep0800_phase1_class1
[Phase] Finished phase1_class1 | best global_obj=0.9998
Phase 2 anchors: 1706 (y=0 & disadv=1)
FFNN Using device: cuda:0

============================================================
[Phase] Starting phase2_class0 | target_class=0 | episodes=200
============================================================
[Tracker] Ep    1 | AvgR 0.0002 | Global 0.9985 | Local 0.0272 | F1_macro 0.6602 | WorstLoss 2.1058
[Tracker] New BEST synthetic [phase2_class0] (by global.global_obj: 0.998471) saved.
[Tracker] BEST β weights [phase2_class0] saved -> training_runs/SPECv16_bias05_rl_census_3seeds_EP800_PCA10_REWfairness_minID1_majID0_TRJ2000_REAL3000_BIAS0.05_GG202603180827_69232259/seed_0/best_beta_state_dict_phase2_class0.pt
[Tracker] Ep    2 | AvgR 0.0002 | Global 0.9993 | Local 0.0203 | F1_macro 0.6549 | WorstLoss 2.0343
[Tracker] New BEST synthetic [phase2_class0] (by global.global_obj: 0.999251) saved.
[Tracker] BEST β weights [phase2_class0] saved -> training_runs/SPECv16_bias05_rl_census_3seeds_EP800_PCA10_REWfairness_minID1_majID0_TRJ2000_REAL3000_BIAS0.05_GG202603180827_69232259/seed_0/best_beta_state_dict_phase2_class0.pt
[Tracker] Ep    3 | AvgR 0.0002 | Global 0.9596 | Local 0.0335 | F1_macro 0.6627 | WorstLoss 2.4371
[Tracker] Ep    4 | AvgR 0.0002 | Global 0.9943 | Local 0.0471 | F1_macro 0.6698 | WorstLoss 1.9340
[Tracker] Ep    5 | AvgR 0.0002 | Global 0.9878 | Local 0.0273 | F1_macro 0.6601 | WorstLoss 2.3148
[Tracker] Saved snapshot: ep0005_phase2_class0
[Tracker] Ep    6 | AvgR 0.0002 | Global 0.9942 | Local 0.0323 | F1_macro 0.6659 | WorstLoss 2.2392
[Tracker] Ep    7 | AvgR 0.0002 | Global 0.9980 | Local 0.0503 | F1_macro 0.6706 | WorstLoss 2.1312
[Tracker] Ep    8 | AvgR 0.0002 | Global 0.9981 | Local 0.0080 | F1_macro 0.6613 | WorstLoss 2.1280
[Tracker] Ep    9 | AvgR 0.0002 | Global 0.9828 | Local 0.0107 | F1_macro 0.6417 | WorstLoss 2.3495
[Tracker] Ep   10 | AvgR 0.0002 | Global 0.9980 | Local 0.0597 | F1_macro 0.6702 | WorstLoss 2.1312
[Tracker] Saved snapshot: ep0010_phase2_class0
[Tracker] Ep   11 | AvgR 0.0002 | Global 0.9786 | Local 0.0202 | F1_macro 0.6461 | WorstLoss 2.3718
[Tracker] Ep   12 | AvgR 0.0002 | Global 0.9993 | Local 0.0316 | F1_macro 0.6646 | WorstLoss 2.0246
[Tracker] New BEST synthetic [phase2_class0] (by global.global_obj: 0.999320) saved.
[Tracker] BEST β weights [phase2_class0] saved -> training_runs/SPECv16_bias05_rl_census_3seeds_EP800_PCA10_REWfairness_minID1_majID0_TRJ2000_REAL3000_BIAS0.05_GG202603180827_69232259/seed_0/best_beta_state_dict_phase2_class0.pt
[Tracker] Ep   13 | AvgR 0.0002 | Global 0.9958 | Local 0.0399 | F1_macro 0.6629 | WorstLoss 2.2081
[Tracker] Ep   14 | AvgR 0.0002 | Global 0.9931 | Local 0.0237 | F1_macro 0.6631 | WorstLoss 2.2575
[Tracker] Ep   15 | AvgR 0.0002 | Global 0.9941 | Local 0.0323 | F1_macro 0.6574 | WorstLoss 2.2419
[Tracker] Saved snapshot: ep0015_phase2_class0
[Tracker] Ep   16 | AvgR 0.0002 | Global 0.9997 | Local 0.0266 | F1_macro 0.6624 | WorstLoss 1.9256
[Tracker] New BEST synthetic [phase2_class0] (by global.global_obj: 0.999747) saved.
[Tracker] BEST β weights [phase2_class0] saved -> training_runs/SPECv16_bias05_rl_census_3seeds_EP800_PCA10_REWfairness_minID1_majID0_TRJ2000_REAL3000_BIAS0.05_GG202603180827_69232259/seed_0/best_beta_state_dict_phase2_class0.pt
[Tracker] Ep   17 | AvgR 0.0002 | Global 0.9914 | Local 0.0707 | F1_macro 0.6788 | WorstLoss 2.2793
[Tracker] Ep   18 | AvgR 0.0001 | Global 0.7872 | Local 0.0113 | F1_macro 0.6445 | WorstLoss 2.6231
[Tracker] Ep   19 | AvgR 0.0002 | Global 0.9955 | Local 0.0344 | F1_macro 0.6561 | WorstLoss 2.2137
[Tracker] Ep   20 | AvgR 0.0002 | Global 0.9974 | Local 0.0647 | F1_macro 0.6809 | WorstLoss 2.1571
[Tracker] Saved snapshot: ep0020_phase2_class0
[Tracker] Ep   21 | AvgR 0.0002 | Global 0.9837 | Local 0.0366 | F1_macro 0.6677 | WorstLoss 2.3442
[Tracker] Ep   22 | AvgR 0.0002 | Global 0.9984 | Local 0.0343 | F1_macro 0.6618 | WorstLoss 2.1119
[Tracker] Ep   23 | AvgR 0.0002 | Global 0.9993 | Local 0.0160 | F1_macro 0.6618 | WorstLoss 2.0307
[Tracker] Ep   24 | AvgR 0.0002 | Global 0.9832 | Local 0.0311 | F1_macro 0.6512 | WorstLoss 2.3469
[Tracker] Ep   25 | AvgR 0.0002 | Global 0.9989 | Local 0.0660 | F1_macro 0.6710 | WorstLoss 2.0725
[Tracker] Saved snapshot: ep0025_phase2_class0
[Tracker] Ep   26 | AvgR 0.0002 | Global 0.9875 | Local 0.0321 | F1_macro 0.6535 | WorstLoss 2.3171
[Tracker] Ep   27 | AvgR 0.0002 | Global 0.9998 | Local 0.0252 | F1_macro 0.6613 | WorstLoss 1.8814
[Tracker] New BEST synthetic [phase2_class0] (by global.global_obj: 0.999838) saved.
[Tracker] BEST β weights [phase2_class0] saved -> training_runs/SPECv16_bias05_rl_census_3seeds_EP800_PCA10_REWfairness_minID1_majID0_TRJ2000_REAL3000_BIAS0.05_GG202603180827_69232259/seed_0/best_beta_state_dict_phase2_class0.pt
[Tracker] Ep   28 | AvgR 0.0002 | Global 0.9801 | Local 0.0380 | F1_macro 0.6641 | WorstLoss 2.3077
[Tracker] Ep   29 | AvgR 0.0002 | Global 0.9940 | Local 0.0544 | F1_macro 0.6564 | WorstLoss 2.2424
[Tracker] Ep   30 | AvgR 0.0002 | Global 0.9973 | Local 0.0749 | F1_macro 0.6763 | WorstLoss 2.1619
[Tracker] Saved snapshot: ep0030_phase2_class0
[Tracker] Ep   31 | AvgR 0.0002 | Global 0.9993 | Local 0.0514 | F1_macro 0.6698 | WorstLoss 2.0317
[Tracker] Ep   32 | AvgR 0.0002 | Global 0.9970 | Local 0.0206 | F1_macro 0.6534 | WorstLoss 2.1550
[Tracker] Ep   33 | AvgR 0.0002 | Global 0.9900 | Local 0.0432 | F1_macro 0.6618 | WorstLoss 2.2944
[Tracker] Ep   34 | AvgR 0.0002 | Global 0.9886 | Local 0.0262 | F1_macro 0.6592 | WorstLoss 2.3078
[Tracker] Ep   35 | AvgR 0.0002 | Global 0.9595 | Local 0.0681 | F1_macro 0.6604 | WorstLoss 2.4372
[Tracker] Saved snapshot: ep0035_phase2_class0
[Tracker] Ep   36 | AvgR 0.0002 | Global 0.9924 | Local 0.0344 | F1_macro 0.6518 | WorstLoss 2.2672
[Tracker] Ep   37 | AvgR 0.0002 | Global 0.9952 | Local 0.0526 | F1_macro 0.6654 | WorstLoss 2.2198
[Tracker] Ep   38 | AvgR 0.0002 | Global 0.9930 | Local 0.0314 | F1_macro 0.6369 | WorstLoss 2.2591
[Tracker] Ep   39 | AvgR 0.0002 | Global 0.9991 | Local 0.0383 | F1_macro 0.6632 | WorstLoss 2.0556
[Tracker] Ep   40 | AvgR 0.0002 | Global 0.9489 | Local 0.0150 | F1_macro 0.6512 | WorstLoss 2.4529
[Tracker] Saved snapshot: ep0040_phase2_class0
[Tracker] Ep   41 | AvgR 0.0002 | Global 0.9961 | Local 0.0318 | F1_macro 0.6490 | WorstLoss 2.1993
[Tracker] Ep   42 | AvgR 0.0002 | Global 0.9878 | Local 0.0439 | F1_macro 0.6580 | WorstLoss 2.1729
[Tracker] Ep   43 | AvgR 0.0002 | Global 0.9956 | Local 0.0608 | F1_macro 0.6656 | WorstLoss 2.1765
[Tracker] Ep   44 | AvgR 0.0002 | Global 0.9990 | Local 0.0682 | F1_macro 0.6668 | WorstLoss 2.0586
[Tracker] Ep   45 | AvgR 0.0001 | Global 0.8315 | Local 0.0068 | F1_macro 0.6475 | WorstLoss 2.5943
[Tracker] Saved snapshot: ep0045_phase2_class0
[Tracker] Ep   46 | AvgR 0.0002 | Global 0.9848 | Local 0.0417 | F1_macro 0.6527 | WorstLoss 2.3369
[Tracker] Ep   47 | AvgR 0.0002 | Global 0.9999 | Local 0.0856 | F1_macro 0.6820 | WorstLoss 1.8273
[Tracker] New BEST synthetic [phase2_class0] (by global.global_obj: 0.999905) saved.
[Tracker] BEST β weights [phase2_class0] saved -> training_runs/SPECv16_bias05_rl_census_3seeds_EP800_PCA10_REWfairness_minID1_majID0_TRJ2000_REAL3000_BIAS0.05_GG202603180827_69232259/seed_0/best_beta_state_dict_phase2_class0.pt
[Tracker] Ep   48 | AvgR 0.0002 | Global 0.9979 | Local 0.0352 | F1_macro 0.6541 | WorstLoss 2.1367
[Tracker] Ep   49 | AvgR 0.0002 | Global 0.8887 | Local 0.0472 | F1_macro 0.6563 | WorstLoss 2.5462
[Tracker] Ep   50 | AvgR 0.0002 | Global 0.9899 | Local 0.0468 | F1_macro 0.6601 | WorstLoss 2.2959
[Tracker] Saved snapshot: ep0050_phase2_class0
[Tracker] Ep   51 | AvgR 0.0002 | Global 0.9972 | Local 0.0702 | F1_macro 0.6656 | WorstLoss 2.1659
[Tracker] Ep   52 | AvgR 0.0002 | Global 0.9976 | Local 0.0452 | F1_macro 0.6637 | WorstLoss 2.1524
[Tracker] Ep   53 | AvgR 0.0002 | Global 0.9991 | Local 0.0419 | F1_macro 0.6693 | WorstLoss 2.0517
[Tracker] Ep   54 | AvgR 0.0002 | Global 0.9880 | Local 0.0532 | F1_macro 0.6642 | WorstLoss 2.2277
[Tracker] Ep   55 | AvgR 0.0002 | Global 0.9809 | Local 0.0487 | F1_macro 0.6693 | WorstLoss 2.1548
[Tracker] Saved snapshot: ep0055_phase2_class0
[Tracker] Ep   56 | AvgR 0.0002 | Global 0.9940 | Local 0.0307 | F1_macro 0.6540 | WorstLoss 2.2430
[Tracker] Ep   57 | AvgR 0.0001 | Global 0.6627 | Local 0.0689 | F1_macro 0.6627 | WorstLoss 2.6861
[Tracker] Ep   58 | AvgR 0.0002 | Global 0.9832 | Local 0.0264 | F1_macro 0.6663 | WorstLoss 2.3469
[Tracker] Ep   59 | AvgR 0.0002 | Global 0.9812 | Local 0.0337 | F1_macro 0.6594 | WorstLoss 2.3586
[Tracker] Ep   60 | AvgR 0.0002 | Global 0.9974 | Local 0.0244 | F1_macro 0.6590 | WorstLoss 2.1578
[Tracker] Saved snapshot: ep0060_phase2_class0
[Tracker] Ep   61 | AvgR 0.0002 | Global 0.9954 | Local 0.0438 | F1_macro 0.6647 | WorstLoss 2.2162
[Tracker] Ep   62 | AvgR 0.0002 | Global 0.9583 | Local 0.0464 | F1_macro 0.6430 | WorstLoss 2.4109
[Tracker] Ep   63 | AvgR 0.0002 | Global 0.9982 | Local 0.0646 | F1_macro 0.6626 | WorstLoss 2.1209
[Tracker] Ep   64 | AvgR 0.0002 | Global 0.9993 | Local 0.0616 | F1_macro 0.6707 | WorstLoss 2.0302
[Tracker] Ep   65 | AvgR 0.0002 | Global 0.9756 | Local 0.0437 | F1_macro 0.6491 | WorstLoss 2.3851
[Tracker] Saved snapshot: ep0065_phase2_class0
[Tracker] Ep   66 | AvgR 0.0002 | Global 0.9772 | Local 0.0410 | F1_macro 0.6627 | WorstLoss 2.3782
[Tracker] Ep   67 | AvgR 0.0002 | Global 0.9384 | Local 0.0661 | F1_macro 0.6365 | WorstLoss 2.4558
[Tracker] Ep   68 | AvgR 0.0002 | Global 0.9910 | Local 0.0747 | F1_macro 0.6579 | WorstLoss 2.2837
[Tracker] Ep   69 | AvgR 0.0002 | Global 0.9205 | Local 0.0561 | F1_macro 0.6072 | WorstLoss 2.4840
[Tracker] Ep   70 | AvgR 0.0002 | Global 0.9966 | Local 0.0406 | F1_macro 0.6629 | WorstLoss 2.1849
[Tracker] Saved snapshot: ep0070_phase2_class0
[Tracker] Ep   71 | AvgR 0.0002 | Global 0.9789 | Local 0.0458 | F1_macro 0.6709 | WorstLoss 2.3704
[Tracker] Ep   72 | AvgR 0.0002 | Global 0.9643 | Local 0.0362 | F1_macro 0.6671 | WorstLoss 2.4243
[Tracker] Ep   73 | AvgR 0.0002 | Global 0.9932 | Local 0.0520 | F1_macro 0.6587 | WorstLoss 2.2552
[Tracker] Ep   74 | AvgR 0.0002 | Global 0.9797 | Local 0.0168 | F1_macro 0.6401 | WorstLoss 2.3660
[Tracker] Ep   75 | AvgR 0.0002 | Global 0.9786 | Local 0.0488 | F1_macro 0.6514 | WorstLoss 2.3716
[Tracker] Saved snapshot: ep0075_phase2_class0
[Tracker] Ep   76 | AvgR 0.0002 | Global 0.9763 | Local 0.0278 | F1_macro 0.6486 | WorstLoss 2.3668
[Tracker] Ep   77 | AvgR 0.0002 | Global 0.9861 | Local 0.0324 | F1_macro 0.6563 | WorstLoss 2.3281
[Tracker] Ep   78 | AvgR 0.0002 | Global 0.9646 | Local 0.0407 | F1_macro 0.6613 | WorstLoss 2.4235
[Tracker] Ep   79 | AvgR 0.0002 | Global 0.9721 | Local 0.0517 | F1_macro 0.6463 | WorstLoss 2.3987
[Tracker] Ep   80 | AvgR 0.0002 | Global 0.9986 | Local 0.0558 | F1_macro 0.6699 | WorstLoss 2.0934
[Tracker] Saved snapshot: ep0080_phase2_class0
[Tracker] Ep   81 | AvgR 0.0002 | Global 0.9882 | Local 0.0540 | F1_macro 0.6709 | WorstLoss 2.3113
[Tracker] Ep   82 | AvgR 0.0002 | Global 0.9973 | Local 0.0452 | F1_macro 0.6688 | WorstLoss 2.1610
[Tracker] Ep   83 | AvgR 0.0002 | Global 0.9747 | Local 0.0453 | F1_macro 0.6510 | WorstLoss 2.3709
[Tracker] Ep   84 | AvgR 0.0002 | Global 0.9959 | Local 0.0419 | F1_macro 0.6704 | WorstLoss 2.2049
[Tracker] Ep   85 | AvgR 0.0002 | Global 0.9798 | Local 0.0625 | F1_macro 0.6664 | WorstLoss 2.3658
[Tracker] Saved snapshot: ep0085_phase2_class0
[Tracker] Ep   86 | AvgR 0.0002 | Global 0.9913 | Local 0.0563 | F1_macro 0.6562 | WorstLoss 2.2807
[Tracker] Ep   87 | AvgR 0.0002 | Global 0.9752 | Local 0.0557 | F1_macro 0.6632 | WorstLoss 2.3868
[Tracker] Ep   88 | AvgR 0.0002 | Global 0.9778 | Local 0.0441 | F1_macro 0.6522 | WorstLoss 2.3754
[Tracker] Ep   89 | AvgR 0.0002 | Global 0.9790 | Local 0.0417 | F1_macro 0.6639 | WorstLoss 2.3700
[Tracker] Ep   90 | AvgR 0.0002 | Global 0.9938 | Local 0.0592 | F1_macro 0.6623 | WorstLoss 2.2465
[Tracker] Saved snapshot: ep0090_phase2_class0
[Tracker] Ep   91 | AvgR 0.0002 | Global 0.9776 | Local 0.0385 | F1_macro 0.6386 | WorstLoss 2.3762
[Tracker] Ep   92 | AvgR 0.0002 | Global 0.9595 | Local 0.0407 | F1_macro 0.6373 | WorstLoss 2.4312
[Tracker] Ep   93 | AvgR 0.0002 | Global 0.9896 | Local 0.0360 | F1_macro 0.6615 | WorstLoss 2.2980
[Tracker] Ep   94 | AvgR 0.0002 | Global 0.9355 | Local 0.0367 | F1_macro 0.6600 | WorstLoss 2.4865
[Tracker] Ep   95 | AvgR 0.0002 | Global 0.9928 | Local 0.0544 | F1_macro 0.6578 | WorstLoss 2.2614
[Tracker] Saved snapshot: ep0095_phase2_class0
[Tracker] Ep   96 | AvgR 0.0002 | Global 0.9949 | Local 0.0688 | F1_macro 0.6672 | WorstLoss 2.2260
[Tracker] Ep   97 | AvgR 0.0002 | Global 0.9776 | Local 0.0639 | F1_macro 0.6597 | WorstLoss 2.3762
[Tracker] Ep   98 | AvgR 0.0002 | Global 0.9949 | Local 0.0276 | F1_macro 0.6676 | WorstLoss 2.0630
[Tracker] Ep   99 | AvgR 0.0002 | Global 0.9991 | Local 0.0446 | F1_macro 0.6620 | WorstLoss 2.0580
[Tracker] Ep  100 | AvgR 0.0002 | Global 0.9948 | Local 0.0446 | F1_macro 0.6496 | WorstLoss 2.2280
[Tracker] Saved snapshot: ep0100_phase2_class0
[Tracker] Ep  101 | AvgR 0.0002 | Global 0.9786 | Local 0.0335 | F1_macro 0.6465 | WorstLoss 2.3717
[Tracker] Ep  102 | AvgR 0.0002 | Global 0.9305 | Local 0.0477 | F1_macro 0.6646 | WorstLoss 2.4944
[Tracker] Ep  103 | AvgR 0.0002 | Global 0.9327 | Local 0.0665 | F1_macro 0.6555 | WorstLoss 2.4877
[Tracker] Ep  104 | AvgR 0.0002 | Global 0.8851 | Local 0.0625 | F1_macro 0.6625 | WorstLoss 2.5361
[Tracker] Ep  105 | AvgR 0.0002 | Global 0.9976 | Local 0.0512 | F1_macro 0.6545 | WorstLoss 2.1502
[Tracker] Saved snapshot: ep0105_phase2_class0
[Tracker] Ep  106 | AvgR 0.0002 | Global 0.9903 | Local 0.0532 | F1_macro 0.6583 | WorstLoss 2.2911
[Tracker] Ep  107 | AvgR 0.0002 | Global 0.9962 | Local 0.0837 | F1_macro 0.6767 | WorstLoss 1.9693
[Tracker] Ep  108 | AvgR 0.0002 | Global 0.9068 | Local 0.0500 | F1_macro 0.6546 | WorstLoss 2.5265
[Tracker] Ep  109 | AvgR 0.0002 | Global 0.9943 | Local 0.0347 | F1_macro 0.6658 | WorstLoss 2.2370
[Tracker] Ep  110 | AvgR 0.0002 | Global 0.9930 | Local 0.0543 | F1_macro 0.6603 | WorstLoss 2.2581
[Tracker] Saved snapshot: ep0110_phase2_class0
[Tracker] Ep  111 | AvgR 0.0002 | Global 0.9584 | Local 0.0750 | F1_macro 0.6573 | WorstLoss 2.4404
[Tracker] Ep  112 | AvgR 0.0002 | Global 0.9992 | Local 0.0806 | F1_macro 0.6791 | WorstLoss 2.0461
[Tracker] Ep  113 | AvgR 0.0002 | Global 0.9733 | Local 0.0311 | F1_macro 0.6463 | WorstLoss 2.3944
[Tracker] Ep  114 | AvgR 0.0002 | Global 0.9399 | Local 0.0541 | F1_macro 0.6570 | WorstLoss 2.4789
[Tracker] Ep  115 | AvgR 0.0002 | Global 0.9786 | Local 0.0434 | F1_macro 0.6361 | WorstLoss 2.3717
[Tracker] Saved snapshot: ep0115_phase2_class0
[Tracker] Ep  116 | AvgR 0.0002 | Global 0.9824 | Local 0.0454 | F1_macro 0.6706 | WorstLoss 2.3520
[Tracker] Ep  117 | AvgR 0.0002 | Global 0.9316 | Local 0.0546 | F1_macro 0.6467 | WorstLoss 2.4927
[Tracker] Ep  118 | AvgR 0.0002 | Global 0.9334 | Local 0.0516 | F1_macro 0.6622 | WorstLoss 2.4899
[Tracker] Ep  119 | AvgR 0.0002 | Global 0.9982 | Local 0.0572 | F1_macro 0.6642 | WorstLoss 2.1244
[Tracker] Ep  120 | AvgR 0.0002 | Global 0.9873 | Local 0.0617 | F1_macro 0.6723 | WorstLoss 2.3186
[Tracker] Saved snapshot: ep0120_phase2_class0
[Tracker] Ep  121 | AvgR 0.0002 | Global 0.9566 | Local 0.0386 | F1_macro 0.6608 | WorstLoss 2.4446
[Tracker] Ep  122 | AvgR 0.0002 | Global 0.9985 | Local 0.0782 | F1_macro 0.6548 | WorstLoss 2.1046
[Tracker] Ep  123 | AvgR 0.0002 | Global 0.9988 | Local 0.0296 | F1_macro 0.6641 | WorstLoss 2.0826
[Tracker] Ep  124 | AvgR 0.0002 | Global 0.8395 | Local 0.0387 | F1_macro 0.6676 | WorstLoss 2.5885
[Tracker] Ep  125 | AvgR 0.0002 | Global 0.9976 | Local 0.0590 | F1_macro 0.6685 | WorstLoss 2.1529
[Tracker] Saved snapshot: ep0125_phase2_class0
[Tracker] Ep  126 | AvgR 0.0002 | Global 0.9406 | Local 0.0476 | F1_macro 0.6567 | WorstLoss 2.4778
[Tracker] Ep  127 | AvgR 0.0002 | Global 0.9825 | Local 0.0633 | F1_macro 0.6574 | WorstLoss 1.9312
[Tracker] Ep  128 | AvgR 0.0002 | Global 0.9567 | Local 0.0501 | F1_macro 0.6537 | WorstLoss 2.4445
[Tracker] Ep  129 | AvgR 0.0002 | Global 0.9647 | Local 0.0371 | F1_macro 0.6534 | WorstLoss 2.4232
[Tracker] Ep  130 | AvgR 0.0002 | Global 0.9929 | Local 0.0457 | F1_macro 0.6739 | WorstLoss 2.2594
[Tracker] Saved snapshot: ep0130_phase2_class0
[Tracker] Ep  131 | AvgR 0.0002 | Global 0.9964 | Local 0.0479 | F1_macro 0.6627 | WorstLoss 2.1914
[Tracker] Ep  132 | AvgR 0.0002 | Global 0.9980 | Local 0.0802 | F1_macro 0.6579 | WorstLoss 2.1316
[Tracker] Ep  133 | AvgR 0.0002 | Global 0.9864 | Local 0.0631 | F1_macro 0.6516 | WorstLoss 2.2862
[Tracker] Ep  134 | AvgR 0.0002 | Global 0.9794 | Local 0.0664 | F1_macro 0.6655 | WorstLoss 2.3540
[Tracker] Ep  135 | AvgR 0.0002 | Global 0.9826 | Local 0.0620 | F1_macro 0.6642 | WorstLoss 2.3503
[Tracker] Saved snapshot: ep0135_phase2_class0
[Tracker] Ep  136 | AvgR 0.0002 | Global 0.9988 | Local 0.0466 | F1_macro 0.6601 | WorstLoss 2.0815
[Tracker] Ep  137 | AvgR 0.0002 | Global 0.9994 | Local 0.0758 | F1_macro 0.6769 | WorstLoss 2.0115
[Tracker] Ep  138 | AvgR 0.0002 | Global 0.8929 | Local 0.0470 | F1_macro 0.6528 | WorstLoss 2.5419
[Tracker] Ep  139 | AvgR 0.0002 | Global 0.9957 | Local 0.0557 | F1_macro 0.6676 | WorstLoss 2.2097
[Tracker] Ep  140 | AvgR 0.0002 | Global 0.9824 | Local 0.0280 | F1_macro 0.6593 | WorstLoss 2.3518
[Tracker] Saved snapshot: ep0140_phase2_class0
[Tracker] Ep  141 | AvgR 0.0002 | Global 0.9750 | Local 0.0506 | F1_macro 0.6549 | WorstLoss 2.3876
[Tracker] Ep  142 | AvgR 0.0002 | Global 0.7805 | Local 0.0170 | F1_macro 0.6597 | WorstLoss 2.6271
[Tracker] Ep  143 | AvgR 0.0002 | Global 0.7917 | Local 0.0490 | F1_macro 0.6707 | WorstLoss 2.6204
[Tracker] Ep  144 | AvgR 0.0002 | Global 0.9805 | Local 0.0676 | F1_macro 0.6651 | WorstLoss 2.3623
[Tracker] Ep  145 | AvgR 0.0002 | Global 0.9796 | Local 0.0430 | F1_macro 0.6540 | WorstLoss 2.3670
[Tracker] Saved snapshot: ep0145_phase2_class0
[Tracker] Ep  146 | AvgR 0.0002 | Global 0.9945 | Local 0.0571 | F1_macro 0.6632 | WorstLoss 2.2245
[Tracker] Ep  147 | AvgR 0.0002 | Global 0.9731 | Local 0.0685 | F1_macro 0.6472 | WorstLoss 2.3738
[Tracker] Ep  148 | AvgR 0.0002 | Global 0.8571 | Local 0.0415 | F1_macro 0.6450 | WorstLoss 2.5603
[Tracker] Ep  149 | AvgR 0.0002 | Global 0.9709 | Local 0.0373 | F1_macro 0.6607 | WorstLoss 2.4032
[Tracker] Ep  150 | AvgR 0.0002 | Global 0.9953 | Local 0.0837 | F1_macro 0.6608 | WorstLoss 2.2187
[Tracker] Saved snapshot: ep0150_phase2_class0
[Tracker] Ep  151 | AvgR 0.0002 | Global 0.7764 | Local 0.0434 | F1_macro 0.6609 | WorstLoss 2.6295
[Tracker] Ep  152 | AvgR 0.0002 | Global 0.7718 | Local 0.0490 | F1_macro 0.6554 | WorstLoss 2.6321
[Tracker] Ep  153 | AvgR 0.0002 | Global 0.9986 | Local 0.0482 | F1_macro 0.6693 | WorstLoss 2.0945
[Tracker] Ep  154 | AvgR 0.0002 | Global 0.9711 | Local 0.0733 | F1_macro 0.6630 | WorstLoss 2.4025
[Tracker] Ep  155 | AvgR 0.0002 | Global 0.9813 | Local 0.0342 | F1_macro 0.6676 | WorstLoss 2.3580
[Tracker] Saved snapshot: ep0155_phase2_class0
[Tracker] Ep  156 | AvgR 0.0002 | Global 0.9907 | Local 0.0281 | F1_macro 0.6640 | WorstLoss 2.2867
[Tracker] Ep  157 | AvgR 0.0002 | Global 0.9801 | Local 0.0154 | F1_macro 0.6591 | WorstLoss 2.3643
[Tracker] Ep  158 | AvgR 0.0002 | Global 0.9982 | Local 0.0498 | F1_macro 0.6516 | WorstLoss 2.1248
[Tracker] Ep  159 | AvgR 0.0002 | Global 0.9680 | Local 0.0533 | F1_macro 0.6609 | WorstLoss 2.4129
[Tracker] Ep  160 | AvgR 0.0002 | Global 0.9939 | Local 0.0756 | F1_macro 0.6652 | WorstLoss 2.2442
[Tracker] Saved snapshot: ep0160_phase2_class0
[Tracker] Ep  161 | AvgR 0.0002 | Global 0.9341 | Local 0.0076 | F1_macro 0.6306 | WorstLoss 2.4888
[Tracker] Ep  162 | AvgR 0.0002 | Global 0.8833 | Local 0.0054 | F1_macro 0.6300 | WorstLoss 2.5516
[Tracker] Ep  163 | AvgR 0.0002 | Global 0.9917 | Local 0.0092 | F1_macro 0.6591 | WorstLoss 2.2757
[Tracker] Ep  164 | AvgR 0.0002 | Global 0.9842 | Local 0.0062 | F1_macro 0.6453 | WorstLoss 2.3408
[Tracker] Ep  165 | AvgR 0.0002 | Global 0.8629 | Local 0.0093 | F1_macro 0.6297 | WorstLoss 2.5700
[Tracker] Saved snapshot: ep0165_phase2_class0
[Tracker] Ep  166 | AvgR 0.0002 | Global 0.9965 | Local 0.0101 | F1_macro 0.6633 | WorstLoss 2.1878
[Tracker] Ep  167 | AvgR 0.0002 | Global 0.9988 | Local 0.0182 | F1_macro 0.6684 | WorstLoss 2.0810
[Tracker] Ep  168 | AvgR 0.0002 | Global 0.9786 | Local 0.0077 | F1_macro 0.6315 | WorstLoss 2.3715
[Tracker] Ep  169 | AvgR 0.0002 | Global 0.9253 | Local 0.0114 | F1_macro 0.6448 | WorstLoss 2.5022
[Tracker] Ep  170 | AvgR 0.0002 | Global 0.9829 | Local 0.0094 | F1_macro 0.6486 | WorstLoss 2.3489
[Tracker] Saved snapshot: ep0170_phase2_class0
[Tracker] Ep  171 | AvgR 0.0002 | Global 0.9518 | Local 0.0131 | F1_macro 0.6317 | WorstLoss 2.4556
[Tracker] Ep  172 | AvgR 0.0002 | Global 0.7686 | Local 0.0056 | F1_macro 0.6187 | WorstLoss 2.6339
[Tracker] Ep  173 | AvgR 0.0002 | Global 0.9449 | Local 0.0078 | F1_macro 0.6424 | WorstLoss 2.4698
[Tracker] Ep  174 | AvgR 0.0002 | Global 0.9023 | Local 0.0067 | F1_macro 0.6267 | WorstLoss 2.5316
[Tracker] Ep  175 | AvgR 0.0002 | Global 0.9649 | Local 0.0104 | F1_macro 0.6476 | WorstLoss 2.4225
[Tracker] Saved snapshot: ep0175_phase2_class0
[Tracker] Ep  176 | AvgR 0.0002 | Global 0.9865 | Local 0.0232 | F1_macro 0.6385 | WorstLoss 2.3246
[Tracker] Ep  177 | AvgR 0.0002 | Global 0.9915 | Local 0.0198 | F1_macro 0.6549 | WorstLoss 2.2779
[Tracker] Ep  178 | AvgR 0.0002 | Global 0.8266 | Local 0.0094 | F1_macro 0.6337 | WorstLoss 2.5978
[Tracker] Ep  179 | AvgR 0.0002 | Global 0.8745 | Local 0.0108 | F1_macro 0.6304 | WorstLoss 2.5598
[Tracker] Ep  180 | AvgR 0.0002 | Global 0.9656 | Local 0.0085 | F1_macro 0.6348 | WorstLoss 2.4204
[Tracker] Saved snapshot: ep0180_phase2_class0
[Tracker] Ep  181 | AvgR 0.0002 | Global 0.9232 | Local 0.0147 | F1_macro 0.6353 | WorstLoss 2.5054
[Tracker] Ep  182 | AvgR 0.0002 | Global 0.9608 | Local 0.0085 | F1_macro 0.6389 | WorstLoss 2.4341
[Tracker] Ep  183 | AvgR 0.0002 | Global 0.9840 | Local 0.0232 | F1_macro 0.6461 | WorstLoss 2.1106
[Tracker] Ep  184 | AvgR 0.0002 | Global 0.8442 | Local 0.0115 | F1_macro 0.6259 | WorstLoss 2.5791
[Tracker] Ep  185 | AvgR 0.0002 | Global 0.9891 | Local 0.0214 | F1_macro 0.6576 | WorstLoss 2.3031
[Tracker] Saved snapshot: ep0185_phase2_class0
[Tracker] Ep  186 | AvgR 0.0002 | Global 0.9618 | Local 0.0203 | F1_macro 0.6376 | WorstLoss 2.4167
[Tracker] Ep  187 | AvgR 0.0002 | Global 0.9608 | Local 0.0137 | F1_macro 0.6309 | WorstLoss 2.4158
[Tracker] Ep  188 | AvgR 0.0002 | Global 0.9535 | Local 0.0123 | F1_macro 0.6382 | WorstLoss 2.4519
[Tracker] Ep  189 | AvgR 0.0002 | Global 0.9625 | Local 0.0274 | F1_macro 0.6238 | WorstLoss 2.4083
[Tracker] Ep  190 | AvgR 0.0002 | Global 0.9927 | Local 0.0117 | F1_macro 0.6502 | WorstLoss 2.2278
[Tracker] Saved snapshot: ep0190_phase2_class0
[Tracker] Ep  191 | AvgR 0.0002 | Global 0.9952 | Local 0.0157 | F1_macro 0.6431 | WorstLoss 2.2200
[Tracker] Ep  192 | AvgR 0.0003 | Global 0.9867 | Local 0.0354 | F1_macro 0.6388 | WorstLoss 2.2004
[Tracker] Ep  193 | AvgR 0.0002 | Global 0.9228 | Local 0.0366 | F1_macro 0.6391 | WorstLoss 2.4926
[Tracker] Ep  194 | AvgR 0.0002 | Global 0.9273 | Local 0.0484 | F1_macro 0.6463 | WorstLoss 2.4904
[Tracker] Ep  195 | AvgR 0.0002 | Global 0.9037 | Local 0.0213 | F1_macro 0.6263 | WorstLoss 2.5270
[Tracker] Saved snapshot: ep0195_phase2_class0
[Tracker] Ep  196 | AvgR 0.0003 | Global 0.9957 | Local 0.0198 | F1_macro 0.6477 | WorstLoss 2.1596
[Tracker] Ep  197 | AvgR 0.0003 | Global 0.9994 | Local 0.0368 | F1_macro 0.6553 | WorstLoss 2.0070
[Tracker] Ep  198 | AvgR 0.0002 | Global 0.9768 | Local 0.0255 | F1_macro 0.6381 | WorstLoss 2.3489
[Tracker] Ep  199 | AvgR 0.0002 | Global 0.9541 | Local 0.0215 | F1_macro 0.6152 | WorstLoss 2.4173
[Tracker] Ep  200 | AvgR 0.0002 | Global 0.8594 | Local 0.0156 | F1_macro 0.6313 | WorstLoss 2.5730
[Tracker] Saved snapshot: ep0200_phase2_class0
[Phase] Finished phase2_class0 | best global_obj=0.9999
FFNN Using device: cuda:0
[Combined] Saved combined beta -> training_runs/SPECv16_bias05_rl_census_3seeds_EP800_PCA10_REWfairness_minID1_majID0_TRJ2000_REAL3000_BIAS0.05_GG202603180827_69232259/seed_0/best_beta_state_dict.pt
[Combined] Saved combined synthetic -> training_runs/SPECv16_bias05_rl_census_3seeds_EP800_PCA10_REWfairness_minID1_majID0_TRJ2000_REAL3000_BIAS0.05_GG202603180827_69232259/seed_0/best_synthetic_combined.npz
FFNN Using device: cuda:0
[TestSuite] Loaded best β weights from: training_runs/SPECv16_bias05_rl_census_3seeds_EP800_PCA10_REWfairness_minID1_majID0_TRJ2000_REAL3000_BIAS0.05_GG202603180827_69232259/seed_0/best_beta_state_dict.pt

[TEST] Alpha -> F1(min)=0.2144 | F1(maj)=0.8770 | F1(weighted)=0.7174 | F1(macro)=0.5457 | Brier=0.1596
[TEST] Beta  -> F1(min)=0.5009 | F1(maj)=0.8925 | F1(weighted)=0.7982 | F1(macro)=0.6967 | Brier=0.1393
[TestSuite] Final test metrics appended to (seed): training_runs/SPECv16_bias05_rl_census_3seeds_EP800_PCA10_REWfairness_minID1_majID0_TRJ2000_REAL3000_BIAS0.05_GG202603180827_69232259/seed_0/final_test_metrics.csv
[TestSuite] Final test metrics appended to (experiment): training_runs/SPECv16_bias05_rl_census_3seeds_EP800_PCA10_REWfairness_minID1_majID0_TRJ2000_REAL3000_BIAS0.05_GG202603180827_69232259/final_test_metrics.csv
Total time 3754.12s
[Tracker] Finished. Run folder: training_runs/SPECv16_bias05_rl_census_3seeds_EP800_PCA10_REWfairness_minID1_majID0_TRJ2000_REAL3000_BIAS0.05_GG202603180827_69232259/seed_0
[main] ---- running seed=1 ----
FFNN Using device: cuda:0
FFNN Using device: cuda:0
[Tracker] Experiment: SPECv16_bias05_rl_census_3seeds_EP800_PCA10_REWfairness_minID1_majID0_TRJ2000_REAL3000_BIAS0.05_GG202603180827_69232259
[Tracker] Seed folder: training_runs/SPECv16_bias05_rl_census_3seeds_EP800_PCA10_REWfairness_minID1_majID0_TRJ2000_REAL3000_BIAS0.05_GG202603180827_69232259/seed_1
[Tracker] Run: 2026-03-18_10-05-24_seed1_198880_1d9cfa71
[Tracker] Metrics CSV: training_runs/SPECv16_bias05_rl_census_3seeds_EP800_PCA10_REWfairness_minID1_majID0_TRJ2000_REAL3000_BIAS0.05_GG202603180827_69232259/seed_1/metrics.csv
[Tracker] Mirroring console to: training_runs/SPECv16_bias05_rl_census_3seeds_EP800_PCA10_REWfairness_minID1_majID0_TRJ2000_REAL3000_BIAS0.05_GG202603180827_69232259/seed_1/console.log
[TRAIN] size=3000, minority=150 (5.00%)
[VAL] size=5204, minority=260 (5.00%)
[TEST] size=6513, minority=1569 (24.09%)
FFNN Using device: cuda:0
FFNN Using device: cuda:0
Beta will train with: 60.00% real data, 40.00% synthetic data: 
[disadv] group=1 per_g={0: 0.05958317965269089, 1: 0.19196324050426483} worst_4g=2.1391 soft_eo_alpha=0.0489
Anchors: 126 (disadv=1) sigma_anchor=0.8500
[Tracker] Alpha model state_dict saved to training_runs/SPECv16_bias05_rl_census_3seeds_EP800_PCA10_REWfairness_minID1_majID0_TRJ2000_REAL3000_BIAS0.05_GG202603180827_69232259/seed_1/alpha_state_dict.pt
[Tracker] Alpha model config saved to training_runs/SPECv16_bias05_rl_census_3seeds_EP800_PCA10_REWfairness_minID1_majID0_TRJ2000_REAL3000_BIAS0.05_GG202603180827_69232259/seed_1/ffnn_meta.json

============================================================
[Phase] Starting phase1_class1 | target_class=1 | episodes=800
============================================================
[Tracker] CSV header written with 44 columns.
[Tracker] Ep    1 | AvgR 0.0000 | Global 0.1608 | Local 0.0474 | F1_macro 0.6465 | WorstLoss 2.2951
[Tracker] New BEST synthetic [phase1_class1] (by global.global_obj: 0.160815) saved.
[Tracker] BEST β weights [phase1_class1] saved -> training_runs/SPECv16_bias05_rl_census_3seeds_EP800_PCA10_REWfairness_minID1_majID0_TRJ2000_REAL3000_BIAS0.05_GG202603180827_69232259/seed_1/best_beta_state_dict_phase1_class1.pt
[Tracker] Ep    2 | AvgR 0.0001 | Global 0.2687 | Local 0.0474 | F1_macro 0.6223 | WorstLoss 2.2316
[Tracker] New BEST synthetic [phase1_class1] (by global.global_obj: 0.268670) saved.
[Tracker] BEST β weights [phase1_class1] saved -> training_runs/SPECv16_bias05_rl_census_3seeds_EP800_PCA10_REWfairness_minID1_majID0_TRJ2000_REAL3000_BIAS0.05_GG202603180827_69232259/seed_1/best_beta_state_dict_phase1_class1.pt
[Tracker] Ep    3 | AvgR 0.0000 | Global 0.0998 | Local 0.0155 | F1_macro 0.6479 | WorstLoss 2.3566
[Tracker] Ep    4 | AvgR 0.0000 | Global 0.0015 | Local 0.0356 | F1_macro 0.6239 | WorstLoss 2.7837
[Tracker] Ep    5 | AvgR 0.0000 | Global 0.0851 | Local 0.0297 | F1_macro 0.6229 | WorstLoss 2.3735
[Tracker] Saved snapshot: ep0005_phase1_class1
[Tracker] Ep    6 | AvgR 0.0000 | Global 0.0657 | Local 0.0444 | F1_macro 0.6478 | WorstLoss 2.3985
[Tracker] Ep    7 | AvgR 0.0000 | Global 0.0201 | Local 0.0532 | F1_macro 0.6395 | WorstLoss 2.5204
[Tracker] Ep    8 | AvgR 0.0000 | Global 0.0020 | Local 0.0207 | F1_macro 0.6314 | WorstLoss 2.7545
[Tracker] Ep    9 | AvgR 0.0000 | Global 0.0090 | Local 0.0501 | F1_macro 0.6064 | WorstLoss 2.6030
[Tracker] Ep   10 | AvgR 0.0000 | Global 0.0006 | Local 0.0288 | F1_macro 0.6024 | WorstLoss 2.8710
[Tracker] Saved snapshot: ep0010_phase1_class1
[Tracker] Ep   11 | AvgR 0.0000 | Global 0.0002 | Local 0.0413 | F1_macro 0.6097 | WorstLoss 2.9894
[Tracker] Ep   12 | AvgR 0.0000 | Global 0.1201 | Local 0.0393 | F1_macro 0.6390 | WorstLoss 2.3331
[Tracker] Ep   13 | AvgR 0.0000 | Global 0.1600 | Local 0.0581 | F1_macro 0.6328 | WorstLoss 2.2981
[Tracker] Ep   14 | AvgR 0.0001 | Global 0.2951 | Local 0.0205 | F1_macro 0.6187 | WorstLoss 2.2191
[Tracker] New BEST synthetic [phase1_class1] (by global.global_obj: 0.295064) saved.
[Tracker] BEST β weights [phase1_class1] saved -> training_runs/SPECv16_bias05_rl_census_3seeds_EP800_PCA10_REWfairness_minID1_majID0_TRJ2000_REAL3000_BIAS0.05_GG202603180827_69232259/seed_1/best_beta_state_dict_phase1_class1.pt
[Tracker] Ep   15 | AvgR 0.0000 | Global 0.0321 | Local 0.0268 | F1_macro 0.6399 | WorstLoss 2.4752
[Tracker] Saved snapshot: ep0015_phase1_class1
[Tracker] Ep   16 | AvgR 0.0000 | Global 0.0000 | Local 0.0655 | F1_macro 0.6412 | WorstLoss 3.3455
[Tracker] Ep   17 | AvgR 0.0000 | Global 0.0603 | Local 0.0288 | F1_macro 0.6239 | WorstLoss 2.4093
[Tracker] Ep   18 | AvgR 0.0000 | Global 0.0246 | Local 0.0202 | F1_macro 0.6074 | WorstLoss 2.5023
[Tracker] Ep   19 | AvgR 0.0000 | Global 0.0012 | Local 0.0626 | F1_macro 0.6475 | WorstLoss 2.8009
[Tracker] Ep   20 | AvgR 0.0000 | Global 0.0166 | Local 0.0338 | F1_macro 0.6131 | WorstLoss 2.5405
[Tracker] Saved snapshot: ep0020_phase1_class1
[Tracker] Ep   21 | AvgR 0.0000 | Global 0.0369 | Local 0.0259 | F1_macro 0.6433 | WorstLoss 2.4600
[Tracker] Ep   22 | AvgR 0.0000 | Global 0.0027 | Local 0.0394 | F1_macro 0.6486 | WorstLoss 2.7239
[Tracker] Ep   23 | AvgR 0.0001 | Global 0.4125 | Local 0.0380 | F1_macro 0.6413 | WorstLoss 2.1685
[Tracker] New BEST synthetic [phase1_class1] (by global.global_obj: 0.412549) saved.
[Tracker] BEST β weights [phase1_class1] saved -> training_runs/SPECv16_bias05_rl_census_3seeds_EP800_PCA10_REWfairness_minID1_majID0_TRJ2000_REAL3000_BIAS0.05_GG202603180827_69232259/seed_1/best_beta_state_dict_phase1_class1.pt
[Tracker] Ep   24 | AvgR 0.0000 | Global 0.0021 | Local 0.0489 | F1_macro 0.6300 | WorstLoss 2.7490
[Tracker] Ep   25 | AvgR 0.0000 | Global 0.0026 | Local 0.0417 | F1_macro 0.6234 | WorstLoss 2.7260
[Tracker] Saved snapshot: ep0025_phase1_class1
[Tracker] Ep   26 | AvgR 0.0000 | Global 0.0193 | Local 0.0303 | F1_macro 0.6132 | WorstLoss 2.5268
[Tracker] Ep   27 | AvgR 0.0000 | Global 0.0004 | Local 0.0300 | F1_macro 0.6350 | WorstLoss 2.9276
[Tracker] Ep   28 | AvgR 0.0000 | Global 0.0001 | Local 0.0461 | F1_macro 0.6483 | WorstLoss 3.1119
[Tracker] Ep   29 | AvgR 0.0000 | Global 0.0226 | Local 0.0328 | F1_macro 0.6297 | WorstLoss 2.5088
[Tracker] Ep   30 | AvgR 0.0001 | Global 0.3377 | Local 0.0230 | F1_macro 0.6047 | WorstLoss 2.2022
[Tracker] Saved snapshot: ep0030_phase1_class1
[Tracker] Ep   31 | AvgR 0.0000 | Global 0.0001 | Local 0.0405 | F1_macro 0.6390 | WorstLoss 3.0144
[Tracker] Ep   32 | AvgR 0.0000 | Global 0.0000 | Local 0.0830 | F1_macro 0.6240 | WorstLoss 3.3452
[Tracker] Ep   33 | AvgR 0.0000 | Global 0.0046 | Local 0.0399 | F1_macro 0.6445 | WorstLoss 2.6701
[Tracker] Ep   34 | AvgR 0.0000 | Global 0.0176 | Local 0.0182 | F1_macro 0.6067 | WorstLoss 2.5385
[Tracker] Ep   35 | AvgR 0.0000 | Global 0.0002 | Local 0.0550 | F1_macro 0.6058 | WorstLoss 2.9719
[Tracker] Saved snapshot: ep0035_phase1_class1
[Tracker] Ep   36 | AvgR 0.0000 | Global 0.0011 | Local 0.0355 | F1_macro 0.6169 | WorstLoss 2.8145
[Tracker] Ep   37 | AvgR 0.0000 | Global 0.0001 | Local 0.0287 | F1_macro 0.6278 | WorstLoss 3.0908
[Tracker] Ep   38 | AvgR 0.0000 | Global 0.0005 | Local 0.0539 | F1_macro 0.6514 | WorstLoss 2.8868
[Tracker] Ep   39 | AvgR 0.0000 | Global 0.1433 | Local 0.0309 | F1_macro 0.6225 | WorstLoss 2.3113
[Tracker] Ep   40 | AvgR 0.0000 | Global 0.0018 | Local 0.0330 | F1_macro 0.6433 | WorstLoss 2.7644
[Tracker] Saved snapshot: ep0040_phase1_class1
[Tracker] Ep   41 | AvgR 0.0000 | Global 0.0681 | Local 0.0322 | F1_macro 0.6461 | WorstLoss 2.3957
[Tracker] Ep   42 | AvgR 0.0000 | Global 0.0006 | Local 0.0587 | F1_macro 0.6451 | WorstLoss 2.8746
[Tracker] Ep   43 | AvgR 0.0000 | Global 0.0064 | Local 0.0325 | F1_macro 0.6120 | WorstLoss 2.6394
[Tracker] Ep   44 | AvgR 0.0000 | Global 0.0004 | Local 0.0510 | F1_macro 0.6269 | WorstLoss 2.9173
[Tracker] Ep   45 | AvgR 0.0000 | Global 0.0000 | Local 0.0502 | F1_macro 0.6459 | WorstLoss 3.3080
[Tracker] Saved snapshot: ep0045_phase1_class1
[Tracker] Ep   46 | AvgR 0.0000 | Global 0.0011 | Local 0.0243 | F1_macro 0.6083 | WorstLoss 2.8166
[Tracker] Ep   47 | AvgR 0.0000 | Global 0.0001 | Local 0.0170 | F1_macro 0.6208 | WorstLoss 3.0543
[Tracker] Ep   48 | AvgR 0.0000 | Global 0.0109 | Local 0.0373 | F1_macro 0.6443 | WorstLoss 2.5856
[Tracker] Ep   49 | AvgR 0.0000 | Global 0.0009 | Local 0.0491 | F1_macro 0.6296 | WorstLoss 2.8339
[Tracker] Ep   50 | AvgR 0.0000 | Global 0.0710 | Local 0.0268 | F1_macro 0.6203 | WorstLoss 2.3924
[Tracker] Saved snapshot: ep0050_phase1_class1
[Tracker] Ep   51 | AvgR 0.0000 | Global 0.0005 | Local 0.0400 | F1_macro 0.6451 | WorstLoss 2.8984
[Tracker] Ep   52 | AvgR 0.0000 | Global 0.0000 | Local 0.0496 | F1_macro 0.6238 | WorstLoss 3.6752
[Tracker] Ep   53 | AvgR 0.0000 | Global 0.0001 | Local 0.0332 | F1_macro 0.6368 | WorstLoss 3.0220
[Tracker] Ep   54 | AvgR 0.0000 | Global 0.0311 | Local 0.0334 | F1_macro 0.6303 | WorstLoss 2.4786
[Tracker] Ep   55 | AvgR 0.0000 | Global 0.0091 | Local 0.0740 | F1_macro 0.6415 | WorstLoss 2.5991
[Tracker] Saved snapshot: ep0055_phase1_class1
[Tracker] Ep   56 | AvgR 0.0000 | Global 0.0111 | Local 0.0387 | F1_macro 0.6313 | WorstLoss 2.5790
[Tracker] Ep   57 | AvgR 0.0000 | Global 0.0000 | Local 0.0625 | F1_macro 0.6159 | WorstLoss 4.0927
[Tracker] Ep   58 | AvgR 0.0000 | Global 0.0036 | Local 0.0154 | F1_macro 0.6108 | WorstLoss 2.6992
[Tracker] Ep   59 | AvgR 0.0000 | Global 0.0014 | Local 0.0506 | F1_macro 0.6483 | WorstLoss 2.7885
[Tracker] Ep   60 | AvgR 0.0000 | Global 0.0002 | Local 0.0431 | F1_macro 0.6489 | WorstLoss 2.9789
[Tracker] Saved snapshot: ep0060_phase1_class1
[Tracker] Ep   61 | AvgR 0.0000 | Global 0.0394 | Local 0.0666 | F1_macro 0.6460 | WorstLoss 2.4490
[Tracker] Ep   62 | AvgR 0.0000 | Global 0.0001 | Local 0.0826 | F1_macro 0.6369 | WorstLoss 3.0130
[Tracker] Ep   63 | AvgR 0.0000 | Global 0.0001 | Local 0.0377 | F1_macro 0.6306 | WorstLoss 3.0449
[Tracker] Ep   64 | AvgR 0.0000 | Global 0.0315 | Local 0.0198 | F1_macro 0.6198 | WorstLoss 2.4765
[Tracker] Ep   65 | AvgR 0.0000 | Global 0.0205 | Local 0.0737 | F1_macro 0.6562 | WorstLoss 2.5194
[Tracker] Saved snapshot: ep0065_phase1_class1
[Tracker] Ep   66 | AvgR 0.0000 | Global 0.0008 | Local 0.0355 | F1_macro 0.6212 | WorstLoss 2.8418
[Tracker] Ep   67 | AvgR 0.0000 | Global 0.0040 | Local 0.0336 | F1_macro 0.6079 | WorstLoss 2.6857
[Tracker] Ep   68 | AvgR 0.0000 | Global 0.1347 | Local 0.0306 | F1_macro 0.6285 | WorstLoss 2.3163
[Tracker] Ep   69 | AvgR 0.0000 | Global 0.0000 | Local 0.0405 | F1_macro 0.6224 | WorstLoss 3.3361
[Tracker] Ep   70 | AvgR 0.0000 | Global 0.0163 | Local 0.0271 | F1_macro 0.6140 | WorstLoss 2.5461
[Tracker] Saved snapshot: ep0070_phase1_class1
[Tracker] Ep   71 | AvgR 0.0000 | Global 0.0000 | Local 0.0691 | F1_macro 0.5927 | WorstLoss 3.2349
[Tracker] Ep   72 | AvgR 0.0000 | Global 0.0003 | Local 0.0422 | F1_macro 0.6303 | WorstLoss 2.9532
[Tracker] Ep   73 | AvgR 0.0000 | Global 0.0832 | Local 0.0446 | F1_macro 0.6418 | WorstLoss 2.3701
[Tracker] Ep   74 | AvgR 0.0000 | Global 0.0000 | Local 0.0745 | F1_macro 0.6342 | WorstLoss 3.1861
[Tracker] Ep   75 | AvgR 0.0000 | Global 0.0048 | Local 0.0472 | F1_macro 0.6487 | WorstLoss 2.6657
[Tracker] Saved snapshot: ep0075_phase1_class1
[Tracker] Ep   76 | AvgR 0.0000 | Global 0.0168 | Local 0.0445 | F1_macro 0.6361 | WorstLoss 2.5412
[Tracker] Ep   77 | AvgR 0.0000 | Global 0.0900 | Local 0.0486 | F1_macro 0.6314 | WorstLoss 2.3645
[Tracker] Ep   78 | AvgR 0.0000 | Global 0.0025 | Local 0.0665 | F1_macro 0.6320 | WorstLoss 2.7323
[Tracker] Ep   79 | AvgR 0.0000 | Global 0.0011 | Local 0.0452 | F1_macro 0.6074 | WorstLoss 2.8120
[Tracker] Ep   80 | AvgR 0.0000 | Global 0.0016 | Local 0.0658 | F1_macro 0.6329 | WorstLoss 2.7773
[Tracker] Saved snapshot: ep0080_phase1_class1
[Tracker] Ep   81 | AvgR 0.0001 | Global 0.7865 | Local 0.0471 | F1_macro 0.6554 | WorstLoss 1.9902
[Tracker] New BEST synthetic [phase1_class1] (by global.global_obj: 0.786515) saved.
[Tracker] BEST β weights [phase1_class1] saved -> training_runs/SPECv16_bias05_rl_census_3seeds_EP800_PCA10_REWfairness_minID1_majID0_TRJ2000_REAL3000_BIAS0.05_GG202603180827_69232259/seed_1/best_beta_state_dict_phase1_class1.pt
[Tracker] Ep   82 | AvgR 0.0000 | Global 0.1935 | Local 0.0309 | F1_macro 0.6462 | WorstLoss 2.2761
[Tracker] Ep   83 | AvgR 0.0000 | Global 0.0002 | Local 0.0533 | F1_macro 0.6206 | WorstLoss 2.9768
[Tracker] Ep   84 | AvgR 0.0000 | Global 0.0016 | Local 0.0472 | F1_macro 0.6349 | WorstLoss 2.7759
[Tracker] Ep   85 | AvgR 0.0000 | Global 0.0647 | Local 0.0463 | F1_macro 0.6417 | WorstLoss 2.4008
[Tracker] Saved snapshot: ep0085_phase1_class1
[Tracker] Ep   86 | AvgR 0.0000 | Global 0.0107 | Local 0.0763 | F1_macro 0.6531 | WorstLoss 2.5858
[Tracker] Ep   87 | AvgR 0.0000 | Global 0.0001 | Local 0.0723 | F1_macro 0.6205 | WorstLoss 3.0723
[Tracker] Ep   88 | AvgR 0.0001 | Global 0.4684 | Local 0.0372 | F1_macro 0.6406 | WorstLoss 2.1462
[Tracker] Ep   89 | AvgR 0.0000 | Global 0.0059 | Local 0.0670 | F1_macro 0.6390 | WorstLoss 2.6433
[Tracker] Ep   90 | AvgR 0.0001 | Global 0.4329 | Local 0.0308 | F1_macro 0.6407 | WorstLoss 2.1617
[Tracker] Saved snapshot: ep0090_phase1_class1
[Tracker] Ep   91 | AvgR 0.0001 | Global 0.3322 | Local 0.0228 | F1_macro 0.6439 | WorstLoss 2.2040
[Tracker] Ep   92 | AvgR 0.0001 | Global 0.5791 | Local 0.0545 | F1_macro 0.6260 | WorstLoss 2.0951
[Tracker] Ep   93 | AvgR 0.0001 | Global 0.2989 | Local 0.0545 | F1_macro 0.6342 | WorstLoss 2.2171
[Tracker] Ep   94 | AvgR 0.0000 | Global 0.0750 | Local 0.0548 | F1_macro 0.5978 | WorstLoss 2.3853
[Tracker] Ep   95 | AvgR 0.0000 | Global 0.0041 | Local 0.0379 | F1_macro 0.6399 | WorstLoss 2.6844
[Tracker] Saved snapshot: ep0095_phase1_class1
[Tracker] Ep   96 | AvgR 0.0000 | Global 0.0001 | Local 0.0344 | F1_macro 0.6413 | WorstLoss 3.0897
[Tracker] Ep   97 | AvgR 0.0000 | Global 0.0217 | Local 0.0367 | F1_macro 0.6404 | WorstLoss 2.5129
[Tracker] Ep   98 | AvgR 0.0000 | Global 0.1969 | Local 0.0488 | F1_macro 0.6600 | WorstLoss 2.2764
[Tracker] Ep   99 | AvgR 0.0000 | Global 0.0436 | Local 0.0318 | F1_macro 0.6232 | WorstLoss 2.4426
[Tracker] Ep  100 | AvgR 0.0001 | Global 0.6980 | Local 0.0298 | F1_macro 0.6177 | WorstLoss 2.0458
[Tracker] Saved snapshot: ep0100_phase1_class1
[Tracker] Ep  101 | AvgR 0.0001 | Global 0.6103 | Local 0.0515 | F1_macro 0.6624 | WorstLoss 2.0818
[Tracker] Ep  102 | AvgR 0.0001 | Global 0.2942 | Local 0.0365 | F1_macro 0.6480 | WorstLoss 2.2205
[Tracker] Ep  103 | AvgR 0.0000 | Global 0.0326 | Local 0.0309 | F1_macro 0.6478 | WorstLoss 2.4747
[Tracker] Ep  104 | AvgR 0.0000 | Global 0.0000 | Local 0.0578 | F1_macro 0.6126 | WorstLoss 3.2598
[Tracker] Ep  105 | AvgR 0.0000 | Global 0.0100 | Local 0.0515 | F1_macro 0.6412 | WorstLoss 2.5924
[Tracker] Saved snapshot: ep0105_phase1_class1
[Tracker] Ep  106 | AvgR 0.0000 | Global 0.1807 | Local 0.0568 | F1_macro 0.6518 | WorstLoss 2.2817
[Tracker] Ep  107 | AvgR 0.0000 | Global 0.0120 | Local 0.0335 | F1_macro 0.6435 | WorstLoss 2.5743
[Tracker] Ep  108 | AvgR 0.0000 | Global 0.0124 | Local 0.0304 | F1_macro 0.6422 | WorstLoss 2.5698
[Tracker] Ep  109 | AvgR 0.0000 | Global 0.0366 | Local 0.0468 | F1_macro 0.6451 | WorstLoss 2.4593
[Tracker] Ep  110 | AvgR 0.0001 | Global 0.4728 | Local 0.0559 | F1_macro 0.6499 | WorstLoss 2.1431
[Tracker] Saved snapshot: ep0110_phase1_class1
[Tracker] Ep  111 | AvgR 0.0000 | Global 0.0092 | Local 0.0545 | F1_macro 0.6343 | WorstLoss 2.6002
[Tracker] Ep  112 | AvgR 0.0000 | Global 0.0000 | Local 0.0529 | F1_macro 0.6494 | WorstLoss 3.1270
[Tracker] Ep  113 | AvgR 0.0000 | Global 0.0637 | Local 0.0272 | F1_macro 0.6432 | WorstLoss 2.4059
[Tracker] Ep  114 | AvgR 0.0000 | Global 0.1437 | Local 0.0491 | F1_macro 0.6481 | WorstLoss 2.3135
[Tracker] Ep  115 | AvgR 0.0000 | Global 0.0043 | Local 0.0709 | F1_macro 0.6377 | WorstLoss 2.6746
[Tracker] Saved snapshot: ep0115_phase1_class1
[Tracker] Ep  116 | AvgR 0.0000 | Global 0.0000 | Local 0.0468 | F1_macro 0.6399 | WorstLoss 3.4688
[Tracker] Ep  117 | AvgR 0.0000 | Global 0.0076 | Local 0.0496 | F1_macro 0.6377 | WorstLoss 2.6186
[Tracker] Ep  118 | AvgR 0.0000 | Global 0.0200 | Local 0.0452 | F1_macro 0.6331 | WorstLoss 2.5231
[Tracker] Ep  119 | AvgR 0.0000 | Global 0.0032 | Local 0.0429 | F1_macro 0.6398 | WorstLoss 2.7063
[Tracker] Ep  120 | AvgR 0.0000 | Global 0.0269 | Local 0.0259 | F1_macro 0.6189 | WorstLoss 2.4935
[Tracker] Saved snapshot: ep0120_phase1_class1
[Tracker] Ep  121 | AvgR 0.0000 | Global 0.0531 | Local 0.0486 | F1_macro 0.6533 | WorstLoss 2.4220
[Tracker] Ep  122 | AvgR 0.0000 | Global 0.0123 | Local 0.0372 | F1_macro 0.6163 | WorstLoss 2.5690
[Tracker] Ep  123 | AvgR 0.0000 | Global 0.0055 | Local 0.0414 | F1_macro 0.6425 | WorstLoss 2.6525
[Tracker] Ep  124 | AvgR 0.0000 | Global 0.0316 | Local 0.0652 | F1_macro 0.6374 | WorstLoss 2.4745
[Tracker] Ep  125 | AvgR 0.0000 | Global 0.0029 | Local 0.0463 | F1_macro 0.6484 | WorstLoss 2.7157
[Tracker] Saved snapshot: ep0125_phase1_class1
[Tracker] Ep  126 | AvgR 0.0001 | Global 0.7842 | Local 0.0263 | F1_macro 0.6422 | WorstLoss 1.9961
[Tracker] Ep  127 | AvgR 0.0000 | Global 0.0049 | Local 0.0512 | F1_macro 0.6186 | WorstLoss 2.6646
[Tracker] Ep  128 | AvgR 0.0002 | Global 0.9053 | Local 0.0235 | F1_macro 0.6572 | WorstLoss 1.8978
[Tracker] New BEST synthetic [phase1_class1] (by global.global_obj: 0.905301) saved.
[Tracker] BEST β weights [phase1_class1] saved -> training_runs/SPECv16_bias05_rl_census_3seeds_EP800_PCA10_REWfairness_minID1_majID0_TRJ2000_REAL3000_BIAS0.05_GG202603180827_69232259/seed_1/best_beta_state_dict_phase1_class1.pt
[Tracker] Ep  129 | AvgR 0.0000 | Global 0.1995 | Local 0.0463 | F1_macro 0.6306 | WorstLoss 2.2686
[Tracker] Ep  130 | AvgR 0.0000 | Global 0.0007 | Local 0.0443 | F1_macro 0.6518 | WorstLoss 2.8520
[Tracker] Saved snapshot: ep0130_phase1_class1
[Tracker] Ep  131 | AvgR 0.0000 | Global 0.0736 | Local 0.0381 | F1_macro 0.6242 | WorstLoss 2.3882
[Tracker] Ep  132 | AvgR 0.0001 | Global 0.5062 | Local 0.0395 | F1_macro 0.6373 | WorstLoss 2.1310
[Tracker] Ep  133 | AvgR 0.0000 | Global 0.0716 | Local 0.0824 | F1_macro 0.6388 | WorstLoss 2.3912
[Tracker] Ep  134 | AvgR 0.0000 | Global 0.0455 | Local 0.0135 | F1_macro 0.6568 | WorstLoss 2.4422
[Tracker] Ep  135 | AvgR 0.0000 | Global 0.0046 | Local 0.0314 | F1_macro 0.6168 | WorstLoss 2.6726
[Tracker] Saved snapshot: ep0135_phase1_class1
[Tracker] Ep  136 | AvgR 0.0000 | Global 0.0231 | Local 0.0399 | F1_macro 0.6390 | WorstLoss 2.5058
[Tracker] Ep  137 | AvgR 0.0000 | Global 0.1958 | Local 0.0442 | F1_macro 0.6313 | WorstLoss 2.2717
[Tracker] Ep  138 | AvgR 0.0000 | Global 0.0025 | Local 0.0338 | F1_macro 0.6129 | WorstLoss 2.7320
[Tracker] Ep  139 | AvgR 0.0001 | Global 0.4877 | Local 0.0262 | F1_macro 0.6480 | WorstLoss 2.1410
[Tracker] Ep  140 | AvgR 0.0001 | Global 0.3612 | Local 0.0374 | F1_macro 0.6577 | WorstLoss 2.1932
[Tracker] Saved snapshot: ep0140_phase1_class1
[Tracker] Ep  141 | AvgR 0.0002 | Global 0.9345 | Local 0.0342 | F1_macro 0.6593 | WorstLoss 1.8429
[Tracker] New BEST synthetic [phase1_class1] (by global.global_obj: 0.934453) saved.
[Tracker] BEST β weights [phase1_class1] saved -> training_runs/SPECv16_bias05_rl_census_3seeds_EP800_PCA10_REWfairness_minID1_majID0_TRJ2000_REAL3000_BIAS0.05_GG202603180827_69232259/seed_1/best_beta_state_dict_phase1_class1.pt
[Tracker] Ep  142 | AvgR 0.0000 | Global 0.0016 | Local 0.0553 | F1_macro 0.6475 | WorstLoss 2.7799
[Tracker] Ep  143 | AvgR 0.0000 | Global 0.0301 | Local 0.0541 | F1_macro 0.6346 | WorstLoss 2.4814
[Tracker] Ep  144 | AvgR 0.0000 | Global 0.0000 | Local 0.0549 | F1_macro 0.6157 | WorstLoss 3.2207
[Tracker] Ep  145 | AvgR 0.0000 | Global 0.0910 | Local 0.0572 | F1_macro 0.6389 | WorstLoss 2.3615
[Tracker] Saved snapshot: ep0145_phase1_class1
[Tracker] Ep  146 | AvgR 0.0000 | Global 0.1810 | Local 0.0303 | F1_macro 0.6537 | WorstLoss 2.2856
[Tracker] Ep  147 | AvgR 0.0000 | Global 0.1259 | Local 0.0669 | F1_macro 0.6242 | WorstLoss 2.3246
[Tracker] Ep  148 | AvgR 0.0000 | Global 0.1262 | Local 0.0686 | F1_macro 0.6273 | WorstLoss 2.3244
[Tracker] Ep  149 | AvgR 0.0001 | Global 0.3231 | Local 0.0302 | F1_macro 0.6474 | WorstLoss 2.2099
[Tracker] Ep  150 | AvgR 0.0000 | Global 0.0028 | Local 0.0259 | F1_macro 0.6254 | WorstLoss 2.7221
[Tracker] Saved snapshot: ep0150_phase1_class1
[Tracker] Ep  151 | AvgR 0.0000 | Global 0.1231 | Local 0.0414 | F1_macro 0.6471 | WorstLoss 2.3298
[Tracker] Ep  152 | AvgR 0.0000 | Global 0.0080 | Local 0.0341 | F1_macro 0.6343 | WorstLoss 2.6131
[Tracker] Ep  153 | AvgR 0.0000 | Global 0.0288 | Local 0.0675 | F1_macro 0.6278 | WorstLoss 2.4826
[Tracker] Ep  154 | AvgR 0.0000 | Global 0.0012 | Local 0.0496 | F1_macro 0.6588 | WorstLoss 2.8044
[Tracker] Ep  155 | AvgR 0.0001 | Global 0.2922 | Local 0.0385 | F1_macro 0.6452 | WorstLoss 2.2183
[Tracker] Saved snapshot: ep0155_phase1_class1
[Tracker] Ep  156 | AvgR 0.0000 | Global 0.0006 | Local 0.0517 | F1_macro 0.6445 | WorstLoss 2.8813
[Tracker] Ep  157 | AvgR 0.0000 | Global 0.1226 | Local 0.0293 | F1_macro 0.6520 | WorstLoss 2.3266
[Tracker] Ep  158 | AvgR 0.0000 | Global 0.0762 | Local 0.0518 | F1_macro 0.6371 | WorstLoss 2.3793
[Tracker] Ep  159 | AvgR 0.0001 | Global 0.2793 | Local 0.0533 | F1_macro 0.6251 | WorstLoss 2.2242
[Tracker] Ep  160 | AvgR 0.0000 | Global 0.0016 | Local 0.0413 | F1_macro 0.6299 | WorstLoss 2.7784
[Tracker] Saved snapshot: ep0160_phase1_class1
[Tracker] Ep  161 | AvgR 0.0001 | Global 0.4781 | Local 0.0186 | F1_macro 0.6386 | WorstLoss 2.1405
[Tracker] Ep  162 | AvgR 0.0001 | Global 0.3783 | Local 0.0135 | F1_macro 0.6376 | WorstLoss 2.1842
[Tracker] Ep  163 | AvgR 0.0001 | Global 0.7135 | Local 0.0136 | F1_macro 0.6436 | WorstLoss 2.0417
[Tracker] Ep  164 | AvgR 0.0002 | Global 0.8596 | Local 0.0111 | F1_macro 0.6301 | WorstLoss 1.9450
[Tracker] Ep  165 | AvgR 0.0002 | Global 0.8958 | Local 0.0207 | F1_macro 0.6601 | WorstLoss 1.9109
[Tracker] Saved snapshot: ep0165_phase1_class1
[Tracker] Ep  166 | AvgR 0.0000 | Global 0.1636 | Local 0.0174 | F1_macro 0.6286 | WorstLoss 2.2992
[Tracker] Ep  167 | AvgR 0.0001 | Global 0.6281 | Local 0.0194 | F1_macro 0.6399 | WorstLoss 2.0788
[Tracker] Ep  168 | AvgR 0.0002 | Global 0.9269 | Local 0.0189 | F1_macro 0.6588 | WorstLoss 1.8650
[Tracker] Ep  169 | AvgR 0.0001 | Global 0.5502 | Local 0.0205 | F1_macro 0.6380 | WorstLoss 2.1141
[Tracker] Ep  170 | AvgR 0.0002 | Global 0.8446 | Local 0.0271 | F1_macro 0.6536 | WorstLoss 1.9487
[Tracker] Saved snapshot: ep0170_phase1_class1
[Tracker] Ep  171 | AvgR 0.0001 | Global 0.3303 | Local 0.0174 | F1_macro 0.6413 | WorstLoss 2.2071
[Tracker] Ep  172 | AvgR 0.0001 | Global 0.5409 | Local 0.0173 | F1_macro 0.6329 | WorstLoss 2.1173
[Tracker] Ep  173 | AvgR 0.0000 | Global 0.1348 | Local 0.0237 | F1_macro 0.6601 | WorstLoss 2.3221
[Tracker] Ep  174 | AvgR 0.0001 | Global 0.6295 | Local 0.0264 | F1_macro 0.6526 | WorstLoss 2.0794
[Tracker] Ep  175 | AvgR 0.0001 | Global 0.7870 | Local 0.0161 | F1_macro 0.6358 | WorstLoss 1.9983
[Tracker] Saved snapshot: ep0175_phase1_class1
[Tracker] Ep  176 | AvgR 0.0000 | Global 0.2232 | Local 0.0317 | F1_macro 0.6320 | WorstLoss 2.2611
[Tracker] Ep  177 | AvgR 0.0001 | Global 0.7591 | Local 0.0211 | F1_macro 0.6422 | WorstLoss 2.0157
[Tracker] Ep  178 | AvgR 0.0001 | Global 0.7472 | Local 0.0356 | F1_macro 0.6321 | WorstLoss 2.0210
[Tracker] Ep  179 | AvgR 0.0000 | Global 0.0606 | Local 0.0146 | F1_macro 0.6332 | WorstLoss 2.4104
[Tracker] Ep  180 | AvgR 0.0001 | Global 0.6206 | Local 0.0176 | F1_macro 0.6380 | WorstLoss 2.0841
[Tracker] Saved snapshot: ep0180_phase1_class1
[Tracker] Ep  181 | AvgR 0.0002 | Global 0.9432 | Local 0.0228 | F1_macro 0.6507 | WorstLoss 1.8220
[Tracker] New BEST synthetic [phase1_class1] (by global.global_obj: 0.943192) saved.
[Tracker] BEST β weights [phase1_class1] saved -> training_runs/SPECv16_bias05_rl_census_3seeds_EP800_PCA10_REWfairness_minID1_majID0_TRJ2000_REAL3000_BIAS0.05_GG202603180827_69232259/seed_1/best_beta_state_dict_phase1_class1.pt
[Tracker] Ep  182 | AvgR 0.0000 | Global 0.1964 | Local 0.0166 | F1_macro 0.6260 | WorstLoss 2.2768
[Tracker] Ep  183 | AvgR 0.0001 | Global 0.7788 | Local 0.0219 | F1_macro 0.6340 | WorstLoss 2.0024
[Tracker] Ep  184 | AvgR 0.0001 | Global 0.6939 | Local 0.0225 | F1_macro 0.6417 | WorstLoss 2.0520
[Tracker] Ep  185 | AvgR 0.0001 | Global 0.3461 | Local 0.0153 | F1_macro 0.6389 | WorstLoss 2.1992
[Tracker] Saved snapshot: ep0185_phase1_class1
[Tracker] Ep  186 | AvgR 0.0002 | Global 0.8791 | Local 0.0184 | F1_macro 0.6287 | WorstLoss 1.9283
[Tracker] Ep  187 | AvgR 0.0001 | Global 0.5757 | Local 0.0202 | F1_macro 0.6583 | WorstLoss 2.1055
[Tracker] Ep  188 | AvgR 0.0000 | Global 0.1874 | Local 0.0253 | F1_macro 0.6314 | WorstLoss 2.2835
[Tracker] Ep  189 | AvgR 0.0001 | Global 0.8162 | Local 0.0154 | F1_macro 0.6517 | WorstLoss 1.9785
[Tracker] Ep  190 | AvgR 0.0001 | Global 0.4269 | Local 0.0125 | F1_macro 0.6342 | WorstLoss 2.1627
[Tracker] Saved snapshot: ep0190_phase1_class1
[Tracker] Ep  191 | AvgR 0.0001 | Global 0.6561 | Local 0.0196 | F1_macro 0.6329 | WorstLoss 2.0679
[Tracker] Ep  192 | AvgR 0.0001 | Global 0.2317 | Local 0.0304 | F1_macro 0.6277 | WorstLoss 2.2547
[Tracker] Ep  193 | AvgR 0.0002 | Global 0.7950 | Local 0.0427 | F1_macro 0.6386 | WorstLoss 1.9972
[Tracker] Ep  194 | AvgR 0.0001 | Global 0.2784 | Local 0.0173 | F1_macro 0.6372 | WorstLoss 2.2308
[Tracker] Ep  195 | AvgR 0.0001 | Global 0.4379 | Local 0.0314 | F1_macro 0.6665 | WorstLoss 2.1605
[Tracker] Saved snapshot: ep0195_phase1_class1
[Tracker] Ep  196 | AvgR 0.0001 | Global 0.7701 | Local 0.0188 | F1_macro 0.6357 | WorstLoss 2.0104
[Tracker] Ep  197 | AvgR 0.0000 | Global 0.0841 | Local 0.0205 | F1_macro 0.6441 | WorstLoss 2.3750
[Tracker] Ep  198 | AvgR 0.0002 | Global 0.8851 | Local 0.0229 | F1_macro 0.6335 | WorstLoss 1.9274
[Tracker] Ep  199 | AvgR 0.0001 | Global 0.7648 | Local 0.0243 | F1_macro 0.6401 | WorstLoss 2.0076
[Tracker] Ep  200 | AvgR 0.0000 | Global 0.0171 | Local 0.0283 | F1_macro 0.6267 | WorstLoss 2.5389
[Tracker] Saved snapshot: ep0200_phase1_class1
[Tracker] Ep  201 | AvgR 0.0001 | Global 0.5894 | Local 0.0318 | F1_macro 0.6326 | WorstLoss 2.0941
[Tracker] Ep  202 | AvgR 0.0000 | Global 0.0463 | Local 0.0235 | F1_macro 0.6323 | WorstLoss 2.4385
[Tracker] Ep  203 | AvgR 0.0001 | Global 0.6988 | Local 0.0217 | F1_macro 0.6224 | WorstLoss 2.0441
[Tracker] Ep  204 | AvgR 0.0001 | Global 0.3468 | Local 0.0133 | F1_macro 0.6346 | WorstLoss 2.1996
[Tracker] Ep  205 | AvgR 0.0001 | Global 0.7240 | Local 0.0288 | F1_macro 0.6326 | WorstLoss 2.0294
[Tracker] Saved snapshot: ep0205_phase1_class1
[Tracker] Ep  206 | AvgR 0.0002 | Global 0.9231 | Local 0.0193 | F1_macro 0.6490 | WorstLoss 1.8678
[Tracker] Ep  207 | AvgR 0.0001 | Global 0.4069 | Local 0.0193 | F1_macro 0.6355 | WorstLoss 2.1731
[Tracker] Ep  208 | AvgR 0.0001 | Global 0.3767 | Local 0.0379 | F1_macro 0.6293 | WorstLoss 2.1826
[Tracker] Ep  209 | AvgR 0.0001 | Global 0.4492 | Local 0.0178 | F1_macro 0.6669 | WorstLoss 2.1550
[Tracker] Ep  210 | AvgR 0.0001 | Global 0.5959 | Local 0.0104 | F1_macro 0.6395 | WorstLoss 2.0940
[Tracker] Saved snapshot: ep0210_phase1_class1
[Tracker] Ep  211 | AvgR 0.0001 | Global 0.6655 | Local 0.0153 | F1_macro 0.6468 | WorstLoss 2.0635
[Tracker] Ep  212 | AvgR 0.0001 | Global 0.7456 | Local 0.0342 | F1_macro 0.6527 | WorstLoss 2.0175
[Tracker] Ep  213 | AvgR 0.0001 | Global 0.7144 | Local 0.0321 | F1_macro 0.6294 | WorstLoss 2.0366
[Tracker] Ep  214 | AvgR 0.0000 | Global 0.0981 | Local 0.0336 | F1_macro 0.6369 | WorstLoss 2.3582
[Tracker] Ep  215 | AvgR 0.0001 | Global 0.6777 | Local 0.0192 | F1_macro 0.6390 | WorstLoss 2.0548
[Tracker] Saved snapshot: ep0215_phase1_class1
[Tracker] Ep  216 | AvgR 0.0001 | Global 0.7218 | Local 0.0310 | F1_macro 0.6291 | WorstLoss 2.0361
[Tracker] Ep  217 | AvgR 0.0000 | Global 0.1847 | Local 0.0117 | F1_macro 0.6279 | WorstLoss 2.2842
[Tracker] Ep  218 | AvgR 0.0002 | Global 0.8421 | Local 0.0207 | F1_macro 0.6526 | WorstLoss 1.9563
[Tracker] Ep  219 | AvgR 0.0000 | Global 0.1828 | Local 0.0242 | F1_macro 0.6313 | WorstLoss 2.2821
[Tracker] Ep  220 | AvgR 0.0001 | Global 0.4242 | Local 0.0140 | F1_macro 0.6307 | WorstLoss 2.1640
[Tracker] Saved snapshot: ep0220_phase1_class1
[Tracker] Ep  221 | AvgR 0.0001 | Global 0.4453 | Local 0.0322 | F1_macro 0.6311 | WorstLoss 2.1554
[Tracker] Ep  222 | AvgR 0.0002 | Global 0.9412 | Local 0.0197 | F1_macro 0.6687 | WorstLoss 1.8324
[Tracker] Ep  223 | AvgR 0.0001 | Global 0.5464 | Local 0.0179 | F1_macro 0.6336 | WorstLoss 2.1132
[Tracker] Ep  224 | AvgR 0.0000 | Global 0.1748 | Local 0.0237 | F1_macro 0.6350 | WorstLoss 2.2866
[Tracker] Ep  225 | AvgR 0.0000 | Global 0.0089 | Local 0.0279 | F1_macro 0.6111 | WorstLoss 2.6035
[Tracker] Saved snapshot: ep0225_phase1_class1
[Tracker] Ep  226 | AvgR 0.0001 | Global 0.3016 | Local 0.0427 | F1_macro 0.6349 | WorstLoss 2.2184
[Tracker] Ep  227 | AvgR 0.0002 | Global 0.8164 | Local 0.0179 | F1_macro 0.6439 | WorstLoss 1.9759
[Tracker] Ep  228 | AvgR 0.0001 | Global 0.3149 | Local 0.0144 | F1_macro 0.6399 | WorstLoss 2.2135
[Tracker] Ep  229 | AvgR 0.0002 | Global 0.8227 | Local 0.0356 | F1_macro 0.6356 | WorstLoss 1.9667
[Tracker] Ep  230 | AvgR 0.0001 | Global 0.4315 | Local 0.0230 | F1_macro 0.6262 | WorstLoss 2.1611
[Tracker] Saved snapshot: ep0230_phase1_class1
[Tracker] Ep  231 | AvgR 0.0002 | Global 0.7874 | Local 0.0312 | F1_macro 0.6444 | WorstLoss 1.9814
[Tracker] Ep  232 | AvgR 0.0001 | Global 0.3128 | Local 0.0298 | F1_macro 0.6411 | WorstLoss 2.2101
[Tracker] Ep  233 | AvgR 0.0001 | Global 0.4485 | Local 0.0187 | F1_macro 0.6354 | WorstLoss 2.1541
[Tracker] Ep  234 | AvgR 0.0001 | Global 0.6106 | Local 0.0323 | F1_macro 0.6407 | WorstLoss 2.0884
[Tracker] Ep  235 | AvgR 0.0002 | Global 0.8465 | Local 0.0496 | F1_macro 0.6594 | WorstLoss 1.9352
[Tracker] Saved snapshot: ep0235_phase1_class1
[Tracker] Ep  236 | AvgR 0.0001 | Global 0.5446 | Local 0.0427 | F1_macro 0.6536 | WorstLoss 2.1137
[Tracker] Ep  237 | AvgR 0.0002 | Global 0.8561 | Local 0.0175 | F1_macro 0.6462 | WorstLoss 1.9407
[Tracker] Ep  238 | AvgR 0.0001 | Global 0.4177 | Local 0.0175 | F1_macro 0.6404 | WorstLoss 2.1681
[Tracker] Ep  239 | AvgR 0.0001 | Global 0.4425 | Local 0.0169 | F1_macro 0.6325 | WorstLoss 2.1556
[Tracker] Ep  240 | AvgR 0.0000 | Global 0.2315 | Local 0.0260 | F1_macro 0.6447 | WorstLoss 2.2539
[Tracker] Saved snapshot: ep0240_phase1_class1
[Tracker] Ep  241 | AvgR 0.0001 | Global 0.6190 | Local 0.0151 | F1_macro 0.6301 | WorstLoss 2.0842
[Tracker] Ep  242 | AvgR 0.0001 | Global 0.7312 | Local 0.0179 | F1_macro 0.6540 | WorstLoss 2.0295
[Tracker] Ep  243 | AvgR 0.0001 | Global 0.6239 | Local 0.0194 | F1_macro 0.6560 | WorstLoss 2.0790
[Tracker] Ep  244 | AvgR 0.0000 | Global 0.1773 | Local 0.0204 | F1_macro 0.6390 | WorstLoss 2.2869
[Tracker] Ep  245 | AvgR 0.0001 | Global 0.4811 | Local 0.0243 | F1_macro 0.6427 | WorstLoss 2.1347
[Tracker] Saved snapshot: ep0245_phase1_class1
[Tracker] Ep  246 | AvgR 0.0001 | Global 0.3836 | Local 0.0308 | F1_macro 0.6395 | WorstLoss 2.1795
[Tracker] Ep  247 | AvgR 0.0001 | Global 0.3809 | Local 0.0163 | F1_macro 0.6353 | WorstLoss 2.1809
[Tracker] Ep  248 | AvgR 0.0000 | Global 0.0491 | Local 0.0456 | F1_macro 0.6399 | WorstLoss 2.4310
[Tracker] Ep  249 | AvgR 0.0001 | Global 0.3266 | Local 0.0317 | F1_macro 0.6390 | WorstLoss 2.2061
[Tracker] Ep  250 | AvgR 0.0000 | Global 0.0567 | Local 0.0230 | F1_macro 0.6226 | WorstLoss 2.4156
[Tracker] Saved snapshot: ep0250_phase1_class1
[Tracker] Ep  251 | AvgR 0.0001 | Global 0.6900 | Local 0.0134 | F1_macro 0.6291 | WorstLoss 2.0516
[Tracker] Ep  252 | AvgR 0.0001 | Global 0.6318 | Local 0.0261 | F1_macro 0.6733 | WorstLoss 2.0762
[Tracker] Ep  253 | AvgR 0.0000 | Global 0.1358 | Local 0.0318 | F1_macro 0.6404 | WorstLoss 2.3169
[Tracker] Ep  254 | AvgR 0.0000 | Global 0.0047 | Local 0.0455 | F1_macro 0.6211 | WorstLoss 2.6675
[Tracker] Ep  255 | AvgR 0.0000 | Global 0.1244 | Local 0.0415 | F1_macro 0.6480 | WorstLoss 2.3292
[Tracker] Saved snapshot: ep0255_phase1_class1
[Tracker] Ep  256 | AvgR 0.0001 | Global 0.4021 | Local 0.0357 | F1_macro 0.6321 | WorstLoss 2.1720
[Tracker] Ep  257 | AvgR 0.0000 | Global 0.1394 | Local 0.0338 | F1_macro 0.6365 | WorstLoss 2.3129
[Tracker] Ep  258 | AvgR 0.0001 | Global 0.4670 | Local 0.0331 | F1_macro 0.6242 | WorstLoss 2.1449
[Tracker] Ep  259 | AvgR 0.0000 | Global 0.0570 | Local 0.0532 | F1_macro 0.6404 | WorstLoss 2.4136
[Tracker] Ep  260 | AvgR 0.0001 | Global 0.5608 | Local 0.0224 | F1_macro 0.6377 | WorstLoss 2.1050
[Tracker] Saved snapshot: ep0260_phase1_class1
[Tracker] Ep  261 | AvgR 0.0001 | Global 0.6659 | Local 0.0193 | F1_macro 0.6521 | WorstLoss 2.0626
[Tracker] Ep  262 | AvgR 0.0001 | Global 0.2301 | Local 0.0382 | F1_macro 0.6314 | WorstLoss 2.2518
[Tracker] Ep  263 | AvgR 0.0001 | Global 0.2438 | Local 0.0227 | F1_macro 0.6435 | WorstLoss 2.2471
[Tracker] Ep  264 | AvgR 0.0000 | Global 0.2093 | Local 0.0198 | F1_macro 0.6316 | WorstLoss 2.2674
[Tracker] Ep  265 | AvgR 0.0002 | Global 0.9032 | Local 0.0217 | F1_macro 0.6453 | WorstLoss 1.8872
[Tracker] Saved snapshot: ep0265_phase1_class1
[Tracker] Ep  266 | AvgR 0.0001 | Global 0.3333 | Local 0.0195 | F1_macro 0.6372 | WorstLoss 2.2028
[Tracker] Ep  267 | AvgR 0.0001 | Global 0.6366 | Local 0.0136 | F1_macro 0.6435 | WorstLoss 2.0763
[Tracker] Ep  268 | AvgR 0.0000 | Global 0.0271 | Local 0.0473 | F1_macro 0.6357 | WorstLoss 2.4902
[Tracker] Ep  269 | AvgR 0.0001 | Global 0.2024 | Local 0.0416 | F1_macro 0.6522 | WorstLoss 2.2705
[Tracker] Ep  270 | AvgR 0.0001 | Global 0.3981 | Local 0.0183 | F1_macro 0.6514 | WorstLoss 2.1751
[Tracker] Saved snapshot: ep0270_phase1_class1
[Tracker] Ep  271 | AvgR 0.0000 | Global 0.1003 | Local 0.0457 | F1_macro 0.6256 | WorstLoss 2.3535
[Tracker] Ep  272 | AvgR 0.0000 | Global 0.1483 | Local 0.0245 | F1_macro 0.6373 | WorstLoss 2.3076
[Tracker] Ep  273 | AvgR 0.0001 | Global 0.3682 | Local 0.0418 | F1_macro 0.6462 | WorstLoss 2.1875
[Tracker] Ep  274 | AvgR 0.0002 | Global 0.9149 | Local 0.0223 | F1_macro 0.6403 | WorstLoss 1.8642
[Tracker] Ep  275 | AvgR 0.0002 | Global 0.8710 | Local 0.0241 | F1_macro 0.6434 | WorstLoss 1.9259
[Tracker] Saved snapshot: ep0275_phase1_class1
[Tracker] Ep  276 | AvgR 0.0000 | Global 0.1931 | Local 0.0193 | F1_macro 0.6372 | WorstLoss 2.2768
[Tracker] Ep  277 | AvgR 0.0001 | Global 0.7468 | Local 0.0277 | F1_macro 0.6490 | WorstLoss 2.0134
[Tracker] Ep  278 | AvgR 0.0001 | Global 0.7423 | Local 0.0217 | F1_macro 0.6599 | WorstLoss 2.0215
[Tracker] Ep  279 | AvgR 0.0001 | Global 0.4490 | Local 0.0441 | F1_macro 0.6562 | WorstLoss 2.1537
[Tracker] Ep  280 | AvgR 0.0001 | Global 0.2195 | Local 0.0304 | F1_macro 0.6522 | WorstLoss 2.2619
[Tracker] Saved snapshot: ep0280_phase1_class1
[Tracker] Ep  281 | AvgR 0.0002 | Global 0.7869 | Local 0.0186 | F1_macro 0.6547 | WorstLoss 1.9903
[Tracker] Ep  282 | AvgR 0.0000 | Global 0.1232 | Local 0.0317 | F1_macro 0.6522 | WorstLoss 2.3300
[Tracker] Ep  283 | AvgR 0.0001 | Global 0.2285 | Local 0.0257 | F1_macro 0.6395 | WorstLoss 2.2557
[Tracker] Ep  284 | AvgR 0.0002 | Global 0.8684 | Local 0.0333 | F1_macro 0.6434 | WorstLoss 1.9280
[Tracker] Ep  285 | AvgR 0.0001 | Global 0.3371 | Local 0.0271 | F1_macro 0.6377 | WorstLoss 2.1998
[Tracker] Saved snapshot: ep0285_phase1_class1
[Tracker] Ep  286 | AvgR 0.0002 | Global 0.8254 | Local 0.0210 | F1_macro 0.6499 | WorstLoss 1.9710
[Tracker] Ep  287 | AvgR 0.0002 | Global 0.8698 | Local 0.0170 | F1_macro 0.6490 | WorstLoss 1.9277
[Tracker] Ep  288 | AvgR 0.0001 | Global 0.6395 | Local 0.0278 | F1_macro 0.6467 | WorstLoss 2.0715
[Tracker] Ep  289 | AvgR 0.0002 | Global 0.8617 | Local 0.0235 | F1_macro 0.6448 | WorstLoss 1.9178
[Tracker] Ep  290 | AvgR 0.0001 | Global 0.2843 | Local 0.0326 | F1_macro 0.6364 | WorstLoss 2.2245
[Tracker] Saved snapshot: ep0290_phase1_class1
[Tracker] Ep  291 | AvgR 0.0001 | Global 0.5368 | Local 0.0378 | F1_macro 0.6497 | WorstLoss 2.1174
[Tracker] Ep  292 | AvgR 0.0002 | Global 0.8815 | Local 0.0338 | F1_macro 0.6518 | WorstLoss 1.9113
[Tracker] Ep  293 | AvgR 0.0002 | Global 0.8140 | Local 0.0236 | F1_macro 0.6488 | WorstLoss 1.9750
[Tracker] Ep  294 | AvgR 0.0000 | Global 0.0099 | Local 0.0273 | F1_macro 0.6258 | WorstLoss 2.5927
[Tracker] Ep  295 | AvgR 0.0002 | Global 0.9217 | Local 0.0203 | F1_macro 0.6504 | WorstLoss 1.8397
[Tracker] Saved snapshot: ep0295_phase1_class1
[Tracker] Ep  296 | AvgR 0.0001 | Global 0.6526 | Local 0.0213 | F1_macro 0.6294 | WorstLoss 2.0693
[Tracker] Ep  297 | AvgR 0.0001 | Global 0.6515 | Local 0.0335 | F1_macro 0.6425 | WorstLoss 2.0717
[Tracker] Ep  298 | AvgR 0.0001 | Global 0.5180 | Local 0.0252 | F1_macro 0.6434 | WorstLoss 2.1267
[Tracker] Ep  299 | AvgR 0.0001 | Global 0.5960 | Local 0.0176 | F1_macro 0.6420 | WorstLoss 2.0913
[Tracker] Ep  300 | AvgR 0.0001 | Global 0.3281 | Local 0.0315 | F1_macro 0.6421 | WorstLoss 2.2062
[Tracker] Saved snapshot: ep0300_phase1_class1
[Tracker] Ep  301 | AvgR 0.0002 | Global 0.8015 | Local 0.0297 | F1_macro 0.6463 | WorstLoss 1.9887
[Tracker] Ep  302 | AvgR 0.0001 | Global 0.7504 | Local 0.0241 | F1_macro 0.6437 | WorstLoss 2.0238
[Tracker] Ep  303 | AvgR 0.0000 | Global 0.1537 | Local 0.0429 | F1_macro 0.6364 | WorstLoss 2.3046
[Tracker] Ep  304 | AvgR 0.0002 | Global 0.8909 | Local 0.0396 | F1_macro 0.6361 | WorstLoss 1.8877
[Tracker] Ep  305 | AvgR 0.0002 | Global 0.7667 | Local 0.0191 | F1_macro 0.6412 | WorstLoss 2.0065
[Tracker] Saved snapshot: ep0305_phase1_class1
[Tracker] Ep  306 | AvgR 0.0001 | Global 0.6167 | Local 0.0291 | F1_macro 0.6337 | WorstLoss 2.0828
[Tracker] Ep  307 | AvgR 0.0002 | Global 0.8671 | Local 0.0200 | F1_macro 0.6516 | WorstLoss 1.9372
[Tracker] Ep  308 | AvgR 0.0002 | Global 0.8769 | Local 0.0278 | F1_macro 0.6514 | WorstLoss 1.9214
[Tracker] Ep  309 | AvgR 0.0001 | Global 0.2754 | Local 0.0518 | F1_macro 0.6308 | WorstLoss 2.2270
[Tracker] Ep  310 | AvgR 0.0001 | Global 0.2342 | Local 0.0433 | F1_macro 0.6373 | WorstLoss 2.2524
[Tracker] Saved snapshot: ep0310_phase1_class1
[Tracker] Ep  311 | AvgR 0.0001 | Global 0.7371 | Local 0.0228 | F1_macro 0.6442 | WorstLoss 2.0308
[Tracker] Ep  312 | AvgR 0.0001 | Global 0.2538 | Local 0.0450 | F1_macro 0.6373 | WorstLoss 2.2393
[Tracker] Ep  313 | AvgR 0.0001 | Global 0.6197 | Local 0.0383 | F1_macro 0.6373 | WorstLoss 2.0788
[Tracker] Ep  314 | AvgR 0.0002 | Global 0.8162 | Local 0.0252 | F1_macro 0.6361 | WorstLoss 1.9802
[Tracker] Ep  315 | AvgR 0.0000 | Global 0.1517 | Local 0.0386 | F1_macro 0.6702 | WorstLoss 2.3062
[Tracker] Saved snapshot: ep0315_phase1_class1
[Tracker] Ep  316 | AvgR 0.0001 | Global 0.6885 | Local 0.0253 | F1_macro 0.6466 | WorstLoss 2.0499
[Tracker] Ep  317 | AvgR 0.0000 | Global 0.0525 | Local 0.0521 | F1_macro 0.6233 | WorstLoss 2.4243
[Tracker] Ep  318 | AvgR 0.0001 | Global 0.2194 | Local 0.0312 | F1_macro 0.6369 | WorstLoss 2.2638
[Tracker] Ep  319 | AvgR 0.0002 | Global 0.8601 | Local 0.0289 | F1_macro 0.6586 | WorstLoss 1.9317
[Tracker] Ep  320 | AvgR 0.0001 | Global 0.7199 | Local 0.0262 | F1_macro 0.6571 | WorstLoss 2.0374
[Tracker] Saved snapshot: ep0320_phase1_class1
[Tracker] Ep  321 | AvgR 0.0002 | Global 0.9007 | Local 0.0279 | F1_macro 0.6377 | WorstLoss 1.8945
[Tracker] Ep  322 | AvgR 0.0002 | Global 0.7945 | Local 0.0397 | F1_macro 0.6348 | WorstLoss 1.9890
[Tracker] Ep  323 | AvgR 0.0002 | Global 0.7492 | Local 0.0321 | F1_macro 0.6413 | WorstLoss 2.0240
[Tracker] Ep  324 | AvgR 0.0002 | Global 0.7770 | Local 0.0408 | F1_macro 0.6407 | WorstLoss 2.0036
[Tracker] Ep  325 | AvgR 0.0002 | Global 0.8810 | Local 0.0400 | F1_macro 0.6422 | WorstLoss 1.8950
[Tracker] Saved snapshot: ep0325_phase1_class1
[Tracker] Ep  326 | AvgR 0.0000 | Global 0.0033 | Local 0.0555 | F1_macro 0.6185 | WorstLoss 2.7028
[Tracker] Ep  327 | AvgR 0.0001 | Global 0.5836 | Local 0.0549 | F1_macro 0.6251 | WorstLoss 2.0910
[Tracker] Ep  328 | AvgR 0.0001 | Global 0.6812 | Local 0.0583 | F1_macro 0.6173 | WorstLoss 2.0497
[Tracker] Ep  329 | AvgR 0.0002 | Global 0.8012 | Local 0.0536 | F1_macro 0.6424 | WorstLoss 1.9775
[Tracker] Ep  330 | AvgR 0.0000 | Global 0.0726 | Local 0.0646 | F1_macro 0.6213 | WorstLoss 2.3876
[Tracker] Saved snapshot: ep0330_phase1_class1
[Tracker] Ep  331 | AvgR 0.0001 | Global 0.4890 | Local 0.0737 | F1_macro 0.6194 | WorstLoss 2.1335
[Tracker] Ep  332 | AvgR 0.0001 | Global 0.2333 | Local 0.0471 | F1_macro 0.6225 | WorstLoss 2.2495
[Tracker] Ep  333 | AvgR 0.0002 | Global 0.7711 | Local 0.0428 | F1_macro 0.6397 | WorstLoss 2.0057
[Tracker] Ep  334 | AvgR 0.0002 | Global 0.8408 | Local 0.0454 | F1_macro 0.6349 | WorstLoss 1.9557
[Tracker] Ep  335 | AvgR 0.0001 | Global 0.4737 | Local 0.0610 | F1_macro 0.6448 | WorstLoss 2.1443
[Tracker] Saved snapshot: ep0335_phase1_class1
[Tracker] Ep  336 | AvgR 0.0001 | Global 0.3134 | Local 0.0579 | F1_macro 0.6240 | WorstLoss 2.2139
[Tracker] Ep  337 | AvgR 0.0001 | Global 0.4030 | Local 0.0600 | F1_macro 0.6221 | WorstLoss 2.1698
[Tracker] Ep  338 | AvgR 0.0002 | Global 0.6879 | Local 0.0730 | F1_macro 0.6318 | WorstLoss 2.0389
[Tracker] Ep  339 | AvgR 0.0001 | Global 0.3622 | Local 0.0546 | F1_macro 0.6381 | WorstLoss 2.1912
[Tracker] Ep  340 | AvgR 0.0002 | Global 0.9250 | Local 0.0364 | F1_macro 0.6411 | WorstLoss 1.8604
[Tracker] Saved snapshot: ep0340_phase1_class1
[Tracker] Ep  341 | AvgR 0.0001 | Global 0.6063 | Local 0.0574 | F1_macro 0.6283 | WorstLoss 2.0835
[Tracker] Ep  342 | AvgR 0.0001 | Global 0.5514 | Local 0.0448 | F1_macro 0.6262 | WorstLoss 2.1069
[Tracker] Ep  343 | AvgR 0.0000 | Global 0.0046 | Local 0.0796 | F1_macro 0.6165 | WorstLoss 2.6693
[Tracker] Ep  344 | AvgR 0.0001 | Global 0.3257 | Local 0.0890 | F1_macro 0.6598 | WorstLoss 2.2069
[Tracker] Ep  345 | AvgR 0.0001 | Global 0.6529 | Local 0.0679 | F1_macro 0.6310 | WorstLoss 2.0651
[Tracker] Saved snapshot: ep0345_phase1_class1
[Tracker] Ep  346 | AvgR 0.0001 | Global 0.1964 | Local 0.0413 | F1_macro 0.6203 | WorstLoss 2.2745
[Tracker] Ep  347 | AvgR 0.0001 | Global 0.3608 | Local 0.0658 | F1_macro 0.6183 | WorstLoss 2.1894
[Tracker] Ep  348 | AvgR 0.0002 | Global 0.8460 | Local 0.0634 | F1_macro 0.6279 | WorstLoss 1.9261
[Tracker] Ep  349 | AvgR 0.0002 | Global 0.9341 | Local 0.0659 | F1_macro 0.6292 | WorstLoss 1.7974
[Tracker] Ep  350 | AvgR 0.0001 | Global 0.5124 | Local 0.0444 | F1_macro 0.6165 | WorstLoss 2.1218
[Tracker] Saved snapshot: ep0350_phase1_class1
[Tracker] Ep  351 | AvgR 0.0000 | Global 0.0145 | Local 0.0973 | F1_macro 0.6287 | WorstLoss 2.5545
[Tracker] Ep  352 | AvgR 0.0000 | Global 0.0002 | Local 0.1004 | F1_macro 0.6276 | WorstLoss 2.9776
[Tracker] Ep  353 | AvgR 0.0001 | Global 0.5050 | Local 0.0813 | F1_macro 0.6211 | WorstLoss 2.1234
[Tracker] Ep  354 | AvgR 0.0000 | Global 0.0077 | Local 0.1014 | F1_macro 0.6240 | WorstLoss 2.6105
[Tracker] Ep  355 | AvgR 0.0002 | Global 0.9453 | Local 0.0373 | F1_macro 0.6471 | WorstLoss 1.7704
[Tracker] Saved snapshot: ep0355_phase1_class1
[Tracker] New BEST synthetic [phase1_class1] (by global.global_obj: 0.945317) saved.
[Tracker] BEST β weights [phase1_class1] saved -> training_runs/SPECv16_bias05_rl_census_3seeds_EP800_PCA10_REWfairness_minID1_majID0_TRJ2000_REAL3000_BIAS0.05_GG202603180827_69232259/seed_1/best_beta_state_dict_phase1_class1.pt
[Tracker] Ep  356 | AvgR 0.0002 | Global 0.9319 | Local 0.0560 | F1_macro 0.6316 | WorstLoss 1.8030
[Tracker] Ep  357 | AvgR 0.0000 | Global 0.0053 | Local 0.0890 | F1_macro 0.6174 | WorstLoss 2.6544
[Tracker] Ep  358 | AvgR 0.0001 | Global 0.2123 | Local 0.0635 | F1_macro 0.6152 | WorstLoss 2.2576
[Tracker] Ep  359 | AvgR 0.0000 | Global 0.0887 | Local 0.0771 | F1_macro 0.6165 | WorstLoss 2.3652
[Tracker] Ep  360 | AvgR 0.0000 | Global 0.0064 | Local 0.0808 | F1_macro 0.6241 | WorstLoss 2.6336
[Tracker] Saved snapshot: ep0360_phase1_class1
[Tracker] Ep  361 | AvgR 0.0000 | Global 0.0560 | Local 0.0927 | F1_macro 0.6152 | WorstLoss 2.4129
[Tracker] Ep  362 | AvgR 0.0001 | Global 0.6292 | Local 0.0654 | F1_macro 0.6201 | WorstLoss 2.0661
[Tracker] Ep  363 | AvgR 0.0002 | Global 0.6986 | Local 0.0722 | F1_macro 0.6158 | WorstLoss 2.0302
[Tracker] Ep  364 | AvgR 0.0002 | Global 0.6889 | Local 0.0624 | F1_macro 0.6513 | WorstLoss 2.0486
[Tracker] Ep  365 | AvgR 0.0000 | Global 0.0597 | Local 0.0647 | F1_macro 0.6081 | WorstLoss 2.4077
[Tracker] Saved snapshot: ep0365_phase1_class1
[Tracker] Ep  366 | AvgR 0.0002 | Global 0.7827 | Local 0.0389 | F1_macro 0.6522 | WorstLoss 1.9821
[Tracker] Ep  367 | AvgR 0.0000 | Global 0.1367 | Local 0.0633 | F1_macro 0.6235 | WorstLoss 2.3122
[Tracker] Ep  368 | AvgR 0.0000 | Global 0.0038 | Local 0.1511 | F1_macro 0.6263 | WorstLoss 2.6855
[Tracker] Ep  369 | AvgR 0.0000 | Global 0.0674 | Local 0.1117 | F1_macro 0.6240 | WorstLoss 2.3929
[Tracker] Ep  370 | AvgR 0.0002 | Global 0.8132 | Local 0.0520 | F1_macro 0.6402 | WorstLoss 1.9677
[Tracker] Saved snapshot: ep0370_phase1_class1
[Tracker] Ep  371 | AvgR 0.0002 | Global 0.9213 | Local 0.0703 | F1_macro 0.6402 | WorstLoss 1.8443
[Tracker] Ep  372 | AvgR 0.0002 | Global 0.8491 | Local 0.0513 | F1_macro 0.6410 | WorstLoss 1.9547
[Tracker] Ep  373 | AvgR 0.0000 | Global 0.0039 | Local 0.0592 | F1_macro 0.6263 | WorstLoss 2.6842
[Tracker] Ep  374 | AvgR 0.0002 | Global 0.7765 | Local 0.0674 | F1_macro 0.6472 | WorstLoss 1.9886
[Tracker] Ep  375 | AvgR 0.0002 | Global 0.7820 | Local 0.0733 | F1_macro 0.6452 | WorstLoss 1.9958
[Tracker] Saved snapshot: ep0375_phase1_class1
[Tracker] Ep  376 | AvgR 0.0002 | Global 0.7741 | Local 0.0753 | F1_macro 0.6415 | WorstLoss 1.9929
[Tracker] Ep  377 | AvgR 0.0002 | Global 0.7968 | Local 0.0488 | F1_macro 0.6286 | WorstLoss 1.9811
[Tracker] Ep  378 | AvgR 0.0001 | Global 0.5503 | Local 0.0999 | F1_macro 0.6094 | WorstLoss 2.0986
[Tracker] Ep  379 | AvgR 0.0001 | Global 0.3912 | Local 0.0389 | F1_macro 0.6377 | WorstLoss 2.1796
[Tracker] Ep  380 | AvgR 0.0002 | Global 0.7296 | Local 0.0674 | F1_macro 0.6342 | WorstLoss 2.0231
[Tracker] Saved snapshot: ep0380_phase1_class1
[Tracker] Ep  381 | AvgR 0.0000 | Global 0.0034 | Local 0.0953 | F1_macro 0.6357 | WorstLoss 2.6987
[Tracker] Ep  382 | AvgR 0.0002 | Global 0.6541 | Local 0.0751 | F1_macro 0.6470 | WorstLoss 2.0620
[Tracker] Ep  383 | AvgR 0.0001 | Global 0.2521 | Local 0.0527 | F1_macro 0.6402 | WorstLoss 2.2427
[Tracker] Ep  384 | AvgR 0.0000 | Global 0.1256 | Local 0.0707 | F1_macro 0.6315 | WorstLoss 2.3281
[Tracker] Ep  385 | AvgR 0.0002 | Global 0.9005 | Local 0.0850 | F1_macro 0.6531 | WorstLoss 1.8714
[Tracker] Saved snapshot: ep0385_phase1_class1
[Tracker] Ep  386 | AvgR 0.0000 | Global 0.0007 | Local 0.0798 | F1_macro 0.6425 | WorstLoss 2.8532
[Tracker] Ep  387 | AvgR 0.0000 | Global 0.0275 | Local 0.0770 | F1_macro 0.6252 | WorstLoss 2.4869
[Tracker] Ep  388 | AvgR 0.0000 | Global 0.0341 | Local 0.0724 | F1_macro 0.6325 | WorstLoss 2.4627
[Tracker] Ep  389 | AvgR 0.0000 | Global 0.0344 | Local 0.0654 | F1_macro 0.6222 | WorstLoss 2.4626
[Tracker] Ep  390 | AvgR 0.0000 | Global 0.0440 | Local 0.0914 | F1_macro 0.6279 | WorstLoss 2.4390
[Tracker] Saved snapshot: ep0390_phase1_class1
[Tracker] Ep  391 | AvgR 0.0000 | Global 0.1090 | Local 0.0679 | F1_macro 0.6341 | WorstLoss 2.3406
[Tracker] Ep  392 | AvgR 0.0000 | Global 0.0782 | Local 0.0562 | F1_macro 0.6555 | WorstLoss 2.3810
[Tracker] Ep  393 | AvgR 0.0000 | Global 0.0678 | Local 0.0900 | F1_macro 0.6572 | WorstLoss 2.3932
[Tracker] Ep  394 | AvgR 0.0002 | Global 0.9035 | Local 0.0732 | F1_macro 0.6413 | WorstLoss 1.7456
[Tracker] Ep  395 | AvgR 0.0002 | Global 0.6411 | Local 0.0926 | F1_macro 0.6272 | WorstLoss 2.0526
[Tracker] Saved snapshot: ep0395_phase1_class1
[Tracker] Ep  396 | AvgR 0.0000 | Global 0.0003 | Local 0.0952 | F1_macro 0.6341 | WorstLoss 2.9346
[Tracker] Ep  397 | AvgR 0.0000 | Global 0.0801 | Local 0.0789 | F1_macro 0.6233 | WorstLoss 2.3745
[Tracker] Ep  398 | AvgR 0.0000 | Global 0.0629 | Local 0.0553 | F1_macro 0.6500 | WorstLoss 2.4025
[Tracker] Ep  399 | AvgR 0.0000 | Global 0.0027 | Local 0.0757 | F1_macro 0.6404 | WorstLoss 2.7254
[Tracker] Ep  400 | AvgR 0.0000 | Global 0.0237 | Local 0.0658 | F1_macro 0.6331 | WorstLoss 2.5008
[Tracker] Saved snapshot: ep0400_phase1_class1
[Tracker] Ep  401 | AvgR 0.0000 | Global 0.0147 | Local 0.0557 | F1_macro 0.6601 | WorstLoss 2.5538
[Tracker] Ep  402 | AvgR 0.0000 | Global 0.0877 | Local 0.0752 | F1_macro 0.6475 | WorstLoss 2.3629
[Tracker] Ep  403 | AvgR 0.0000 | Global 0.0876 | Local 0.0925 | F1_macro 0.6239 | WorstLoss 2.3630
[Tracker] Ep  404 | AvgR 0.0000 | Global 0.0017 | Local 0.1048 | F1_macro 0.5994 | WorstLoss 2.7638
[Tracker] Ep  405 | AvgR 0.0002 | Global 0.8071 | Local 0.0793 | F1_macro 0.6287 | WorstLoss 1.9516
[Tracker] Saved snapshot: ep0405_phase1_class1
[Tracker] Ep  406 | AvgR 0.0001 | Global 0.3115 | Local 0.0680 | F1_macro 0.6431 | WorstLoss 2.2060
[Tracker] Ep  407 | AvgR 0.0000 | Global 0.0037 | Local 0.0672 | F1_macro 0.6403 | WorstLoss 2.6913
[Tracker] Ep  408 | AvgR 0.0001 | Global 0.3658 | Local 0.0753 | F1_macro 0.6448 | WorstLoss 2.1860
[Tracker] Ep  409 | AvgR 0.0000 | Global 0.0057 | Local 0.0669 | F1_macro 0.6287 | WorstLoss 2.6427
[Tracker] Ep  410 | AvgR 0.0000 | Global 0.0000 | Local 0.0881 | F1_macro 0.5954 | WorstLoss 3.3232
[Tracker] Saved snapshot: ep0410_phase1_class1
[Tracker] Ep  411 | AvgR 0.0000 | Global 0.0114 | Local 0.0882 | F1_macro 0.6389 | WorstLoss 2.5794
[Tracker] Ep  412 | AvgR 0.0002 | Global 0.9096 | Local 0.0671 | F1_macro 0.6363 | WorstLoss 1.8072
[Tracker] Ep  413 | AvgR 0.0000 | Global 0.0015 | Local 0.0912 | F1_macro 0.6297 | WorstLoss 2.7834
[Tracker] Ep  414 | AvgR 0.0000 | Global 0.0000 | Local 0.1022 | F1_macro 0.6265 | WorstLoss 3.6200
[Tracker] Ep  415 | AvgR 0.0000 | Global 0.1000 | Local 0.0728 | F1_macro 0.6357 | WorstLoss 2.3537
[Tracker] Saved snapshot: ep0415_phase1_class1
[Tracker] Ep  416 | AvgR 0.0000 | Global 0.0037 | Local 0.1100 | F1_macro 0.6439 | WorstLoss 2.6906
[Tracker] Ep  417 | AvgR 0.0000 | Global 0.0165 | Local 0.0779 | F1_macro 0.6267 | WorstLoss 2.5398
[Tracker] Ep  418 | AvgR 0.0001 | Global 0.3863 | Local 0.0861 | F1_macro 0.6342 | WorstLoss 2.1747
[Tracker] Ep  419 | AvgR 0.0000 | Global 0.0088 | Local 0.1108 | F1_macro 0.6378 | WorstLoss 2.6060
[Tracker] Ep  420 | AvgR 0.0000 | Global 0.0553 | Local 0.0838 | F1_macro 0.6449 | WorstLoss 2.4186
[Tracker] Saved snapshot: ep0420_phase1_class1
[Tracker] Ep  421 | AvgR 0.0001 | Global 0.3354 | Local 0.0701 | F1_macro 0.6506 | WorstLoss 2.2004
[Tracker] Ep  422 | AvgR 0.0002 | Global 0.8738 | Local 0.1030 | F1_macro 0.6491 | WorstLoss 1.8424
[Tracker] Ep  423 | AvgR 0.0001 | Global 0.3548 | Local 0.0646 | F1_macro 0.6311 | WorstLoss 2.1884
[Tracker] Ep  424 | AvgR 0.0001 | Global 0.2637 | Local 0.0812 | F1_macro 0.6329 | WorstLoss 2.2357
[Tracker] Ep  425 | AvgR 0.0000 | Global 0.0887 | Local 0.0564 | F1_macro 0.6579 | WorstLoss 2.3644
[Tracker] Saved snapshot: ep0425_phase1_class1
[Tracker] Ep  426 | AvgR 0.0002 | Global 0.8085 | Local 0.0635 | F1_macro 0.6482 | WorstLoss 1.9799
[Tracker] Ep  427 | AvgR 0.0000 | Global 0.0133 | Local 0.0725 | F1_macro 0.6504 | WorstLoss 2.5632
[Tracker] Ep  428 | AvgR 0.0000 | Global 0.0140 | Local 0.1013 | F1_macro 0.6467 | WorstLoss 2.5560
[Tracker] Ep  429 | AvgR 0.0000 | Global 0.0026 | Local 0.0963 | F1_macro 0.6423 | WorstLoss 2.7260
[Tracker] Ep  430 | AvgR 0.0001 | Global 0.2802 | Local 0.0606 | F1_macro 0.6316 | WorstLoss 2.2252
[Tracker] Saved snapshot: ep0430_phase1_class1
[Tracker] Ep  431 | AvgR 0.0000 | Global 0.0210 | Local 0.0975 | F1_macro 0.6191 | WorstLoss 2.5141
[Tracker] Ep  432 | AvgR 0.0002 | Global 0.9079 | Local 0.0606 | F1_macro 0.6443 | WorstLoss 1.8450
[Tracker] Ep  433 | AvgR 0.0000 | Global 0.0100 | Local 0.1017 | F1_macro 0.6440 | WorstLoss 2.5927
[Tracker] Ep  434 | AvgR 0.0000 | Global 0.0047 | Local 0.0697 | F1_macro 0.6326 | WorstLoss 2.6665
[Tracker] Ep  435 | AvgR 0.0002 | Global 0.8944 | Local 0.0653 | F1_macro 0.6459 | WorstLoss 1.8689
[Tracker] Saved snapshot: ep0435_phase1_class1
[Tracker] Ep  436 | AvgR 0.0001 | Global 0.2206 | Local 0.1008 | F1_macro 0.6476 | WorstLoss 2.2507
[Tracker] Ep  437 | AvgR 0.0000 | Global 0.0000 | Local 0.0739 | F1_macro 0.6287 | WorstLoss 3.2210
[Tracker] Ep  438 | AvgR 0.0001 | Global 0.2455 | Local 0.0711 | F1_macro 0.6481 | WorstLoss 2.2446
[Tracker] Ep  439 | AvgR 0.0001 | Global 0.5522 | Local 0.0803 | F1_macro 0.6376 | WorstLoss 2.1071
[Tracker] Ep  440 | AvgR 0.0001 | Global 0.2170 | Local 0.0990 | F1_macro 0.6685 | WorstLoss 2.2611
[Tracker] Saved snapshot: ep0440_phase1_class1
[Tracker] Ep  441 | AvgR 0.0000 | Global 0.0032 | Local 0.0794 | F1_macro 0.6393 | WorstLoss 2.7070
[Tracker] Ep  442 | AvgR 0.0002 | Global 0.8282 | Local 0.0796 | F1_macro 0.6458 | WorstLoss 1.9363
[Tracker] Ep  443 | AvgR 0.0001 | Global 0.1624 | Local 0.0868 | F1_macro 0.6378 | WorstLoss 2.2924
[Tracker] Ep  444 | AvgR 0.0000 | Global 0.0001 | Local 0.0822 | F1_macro 0.6290 | WorstLoss 3.0738
[Tracker] Ep  445 | AvgR 0.0001 | Global 0.1819 | Local 0.0640 | F1_macro 0.6463 | WorstLoss 2.2838
[Tracker] Saved snapshot: ep0445_phase1_class1
[Tracker] Ep  446 | AvgR 0.0000 | Global 0.0008 | Local 0.0906 | F1_macro 0.6265 | WorstLoss 2.8454
[Tracker] Ep  447 | AvgR 0.0001 | Global 0.3250 | Local 0.0546 | F1_macro 0.6469 | WorstLoss 2.2055
[Tracker] Ep  448 | AvgR 0.0000 | Global 0.0006 | Local 0.1420 | F1_macro 0.6256 | WorstLoss 2.8752
[Tracker] Ep  449 | AvgR 0.0002 | Global 0.8478 | Local 0.0746 | F1_macro 0.6558 | WorstLoss 1.9421
[Tracker] Ep  450 | AvgR 0.0000 | Global 0.0006 | Local 0.0857 | F1_macro 0.6552 | WorstLoss 2.8687
[Tracker] Saved snapshot: ep0450_phase1_class1
[Tracker] Ep  451 | AvgR 0.0001 | Global 0.3220 | Local 0.0678 | F1_macro 0.6413 | WorstLoss 2.2050
[Tracker] Ep  452 | AvgR 0.0000 | Global 0.0001 | Local 0.0956 | F1_macro 0.6377 | WorstLoss 3.0192
[Tracker] Ep  453 | AvgR 0.0000 | Global 0.0001 | Local 0.0729 | F1_macro 0.6552 | WorstLoss 3.0890
[Tracker] Ep  454 | AvgR 0.0001 | Global 0.1702 | Local 0.0544 | F1_macro 0.6534 | WorstLoss 2.2920
[Tracker] Ep  455 | AvgR 0.0002 | Global 0.7191 | Local 0.0495 | F1_macro 0.6510 | WorstLoss 2.0310
[Tracker] Saved snapshot: ep0455_phase1_class1
[Tracker] Ep  456 | AvgR 0.0002 | Global 0.7923 | Local 0.0623 | F1_macro 0.6517 | WorstLoss 1.9815
[Tracker] Ep  457 | AvgR 0.0000 | Global 0.0958 | Local 0.0839 | F1_macro 0.6492 | WorstLoss 2.3538
[Tracker] Ep  458 | AvgR 0.0002 | Global 0.6016 | Local 0.0884 | F1_macro 0.6424 | WorstLoss 2.0906
[Tracker] Ep  459 | AvgR 0.0000 | Global 0.0222 | Local 0.0835 | F1_macro 0.6448 | WorstLoss 2.5073
[Tracker] Ep  460 | AvgR 0.0000 | Global 0.0079 | Local 0.0969 | F1_macro 0.6348 | WorstLoss 2.6151
[Tracker] Saved snapshot: ep0460_phase1_class1
[Tracker] Ep  461 | AvgR 0.0000 | Global 0.0514 | Local 0.0904 | F1_macro 0.6429 | WorstLoss 2.4257
[Tracker] Ep  462 | AvgR 0.0001 | Global 0.1936 | Local 0.0553 | F1_macro 0.6424 | WorstLoss 2.2767
[Tracker] Ep  463 | AvgR 0.0000 | Global 0.0251 | Local 0.0984 | F1_macro 0.6415 | WorstLoss 2.4967
[Tracker] Ep  464 | AvgR 0.0001 | Global 0.1719 | Local 0.0988 | F1_macro 0.6456 | WorstLoss 2.2861
[Tracker] Ep  465 | AvgR 0.0000 | Global 0.0285 | Local 0.0890 | F1_macro 0.6272 | WorstLoss 2.4823
[Tracker] Saved snapshot: ep0465_phase1_class1
[Tracker] Ep  466 | AvgR 0.0000 | Global 0.0002 | Local 0.1099 | F1_macro 0.6305 | WorstLoss 2.9646
[Tracker] Ep  467 | AvgR 0.0000 | Global 0.0363 | Local 0.0643 | F1_macro 0.6473 | WorstLoss 2.4618
[Tracker] Ep  468 | AvgR 0.0001 | Global 0.4804 | Local 0.0917 | F1_macro 0.6267 | WorstLoss 2.1368
[Tracker] Ep  469 | AvgR 0.0000 | Global 0.0486 | Local 0.0660 | F1_macro 0.6585 | WorstLoss 2.4328
[Tracker] Ep  470 | AvgR 0.0000 | Global 0.0077 | Local 0.0869 | F1_macro 0.6416 | WorstLoss 2.6178
[Tracker] Saved snapshot: ep0470_phase1_class1
[Tracker] Ep  471 | AvgR 0.0000 | Global 0.0119 | Local 0.0793 | F1_macro 0.6486 | WorstLoss 2.5749
[Tracker] Ep  472 | AvgR 0.0000 | Global 0.0055 | Local 0.0831 | F1_macro 0.6378 | WorstLoss 2.6529
[Tracker] Ep  473 | AvgR 0.0000 | Global 0.0412 | Local 0.0857 | F1_macro 0.6472 | WorstLoss 2.4491
[Tracker] Ep  474 | AvgR 0.0002 | Global 0.6794 | Local 0.0651 | F1_macro 0.6466 | WorstLoss 2.0410
[Tracker] Ep  475 | AvgR 0.0000 | Global 0.0000 | Local 0.1161 | F1_macro 0.6522 | WorstLoss 3.2479
[Tracker] Saved snapshot: ep0475_phase1_class1
[Tracker] Ep  476 | AvgR 0.0000 | Global 0.0011 | Local 0.0814 | F1_macro 0.6518 | WorstLoss 2.8108
[Tracker] Ep  477 | AvgR 0.0000 | Global 0.0037 | Local 0.0840 | F1_macro 0.6487 | WorstLoss 2.6842
[Tracker] Ep  478 | AvgR 0.0001 | Global 0.3401 | Local 0.0706 | F1_macro 0.6212 | WorstLoss 2.1958
[Tracker] Ep  479 | AvgR 0.0000 | Global 0.0189 | Local 0.0922 | F1_macro 0.6522 | WorstLoss 2.5263
[Tracker] Ep  480 | AvgR 0.0000 | Global 0.0098 | Local 0.0735 | F1_macro 0.6249 | WorstLoss 2.5914
[Tracker] Saved snapshot: ep0480_phase1_class1
[Tracker] Ep  481 | AvgR 0.0001 | Global 0.4770 | Local 0.1428 | F1_macro 0.6267 | WorstLoss 2.1044
[Tracker] Ep  482 | AvgR 0.0002 | Global 0.9367 | Local 0.1783 | F1_macro 0.6093 | WorstLoss 1.5755
[Tracker] Ep  483 | AvgR 0.0002 | Global 0.8753 | Local 0.0976 | F1_macro 0.6145 | WorstLoss 1.7759
[Tracker] Ep  484 | AvgR 0.0002 | Global 0.8422 | Local 0.1861 | F1_macro 0.6247 | WorstLoss 1.7155
[Tracker] Ep  485 | AvgR 0.0002 | Global 0.8124 | Local 0.1286 | F1_macro 0.6404 | WorstLoss 1.9320
[Tracker] Saved snapshot: ep0485_phase1_class1
[Tracker] Ep  486 | AvgR 0.0001 | Global 0.2190 | Local 0.1723 | F1_macro 0.6152 | WorstLoss 2.2478
[Tracker] Ep  487 | AvgR 0.0002 | Global 0.8165 | Local 0.0912 | F1_macro 0.6091 | WorstLoss 1.8885
[Tracker] Ep  488 | AvgR 0.0002 | Global 0.8433 | Local 0.1347 | F1_macro 0.6198 | WorstLoss 1.8438
[Tracker] Ep  489 | AvgR 0.0002 | Global 0.9139 | Local 0.0926 | F1_macro 0.6200 | WorstLoss 1.6625
[Tracker] Ep  490 | AvgR 0.0002 | Global 0.9296 | Local 0.1208 | F1_macro 0.6204 | WorstLoss 1.5820
[Tracker] Saved snapshot: ep0490_phase1_class1
[Tracker] Ep  491 | AvgR 0.0002 | Global 0.8695 | Local 0.1631 | F1_macro 0.6101 | WorstLoss 1.7422
[Tracker] Ep  492 | AvgR 0.0002 | Global 0.8182 | Local 0.1007 | F1_macro 0.6209 | WorstLoss 1.8971
[Tracker] Ep  493 | AvgR 0.0002 | Global 0.7910 | Local 0.1198 | F1_macro 0.6102 | WorstLoss 1.9055
[Tracker] Ep  494 | AvgR 0.0002 | Global 0.6567 | Local 0.1357 | F1_macro 0.6244 | WorstLoss 2.0267
[Tracker] Ep  495 | AvgR 0.0002 | Global 0.8984 | Local 0.1154 | F1_macro 0.5964 | WorstLoss 1.6779
[Tracker] Saved snapshot: ep0495_phase1_class1
[Tracker] Ep  496 | AvgR 0.0002 | Global 0.8921 | Local 0.1390 | F1_macro 0.6154 | WorstLoss 1.7104
[Tracker] Ep  497 | AvgR 0.0002 | Global 0.9151 | Local 0.1086 | F1_macro 0.6269 | WorstLoss 1.7332
[Tracker] Ep  498 | AvgR 0.0002 | Global 0.9133 | Local 0.1181 | F1_macro 0.6296 | WorstLoss 1.7907
[Tracker] Ep  499 | AvgR 0.0002 | Global 0.8319 | Local 0.1392 | F1_macro 0.6001 | WorstLoss 1.7497
[Tracker] Ep  500 | AvgR 0.0002 | Global 0.8557 | Local 0.1144 | F1_macro 0.6246 | WorstLoss 1.8948
[Tracker] Saved snapshot: ep0500_phase1_class1
[Tracker] Ep  501 | AvgR 0.0002 | Global 0.8625 | Local 0.1903 | F1_macro 0.6279 | WorstLoss 1.7223
[Tracker] Ep  502 | AvgR 0.0002 | Global 0.9231 | Local 0.0937 | F1_macro 0.6295 | WorstLoss 1.6198
[Tracker] Ep  503 | AvgR 0.0002 | Global 0.8103 | Local 0.1581 | F1_macro 0.6130 | WorstLoss 1.7941
[Tracker] Ep  504 | AvgR 0.0002 | Global 0.8931 | Local 0.1128 | F1_macro 0.6286 | WorstLoss 1.7314
[Tracker] Ep  505 | AvgR 0.0002 | Global 0.6383 | Local 0.1466 | F1_macro 0.6156 | WorstLoss 2.0489
[Tracker] Saved snapshot: ep0505_phase1_class1
[Tracker] Ep  506 | AvgR 0.0002 | Global 0.8026 | Local 0.1353 | F1_macro 0.6145 | WorstLoss 1.8709
[Tracker] Ep  507 | AvgR 0.0002 | Global 0.7813 | Local 0.1565 | F1_macro 0.6112 | WorstLoss 1.9085
[Tracker] Ep  508 | AvgR 0.0002 | Global 0.9007 | Local 0.1055 | F1_macro 0.6314 | WorstLoss 1.7641
[Tracker] Ep  509 | AvgR 0.0002 | Global 0.9101 | Local 0.1285 | F1_macro 0.6333 | WorstLoss 1.5650
[Tracker] Ep  510 | AvgR 0.0002 | Global 0.6312 | Local 0.1080 | F1_macro 0.6369 | WorstLoss 2.0368
[Tracker] Saved snapshot: ep0510_phase1_class1
[Tracker] Ep  511 | AvgR 0.0002 | Global 0.8331 | Local 0.1304 | F1_macro 0.6059 | WorstLoss 1.8091
[Tracker] Ep  512 | AvgR 0.0002 | Global 0.9216 | Local 0.1538 | F1_macro 0.5957 | WorstLoss 1.4623
[Tracker] Ep  513 | AvgR 0.0002 | Global 0.9460 | Local 0.1042 | F1_macro 0.6107 | WorstLoss 1.5491
[Tracker] New BEST synthetic [phase1_class1] (by global.global_obj: 0.945978) saved.
[Tracker] BEST β weights [phase1_class1] saved -> training_runs/SPECv16_bias05_rl_census_3seeds_EP800_PCA10_REWfairness_minID1_majID0_TRJ2000_REAL3000_BIAS0.05_GG202603180827_69232259/seed_1/best_beta_state_dict_phase1_class1.pt
[Tracker] Ep  514 | AvgR 0.0002 | Global 0.8121 | Local 0.1341 | F1_macro 0.6163 | WorstLoss 1.8366
[Tracker] Ep  515 | AvgR 0.0002 | Global 0.8128 | Local 0.1250 | F1_macro 0.6228 | WorstLoss 1.8849
[Tracker] Saved snapshot: ep0515_phase1_class1
[Tracker] Ep  516 | AvgR 0.0002 | Global 0.6859 | Local 0.1403 | F1_macro 0.6300 | WorstLoss 2.0149
[Tracker] Ep  517 | AvgR 0.0002 | Global 0.8219 | Local 0.1566 | F1_macro 0.5986 | WorstLoss 1.8188
[Tracker] Ep  518 | AvgR 0.0002 | Global 0.9076 | Local 0.1262 | F1_macro 0.6218 | WorstLoss 1.5761
[Tracker] Ep  519 | AvgR 0.0001 | Global 0.4589 | Local 0.1453 | F1_macro 0.6349 | WorstLoss 2.1274
[Tracker] Ep  520 | AvgR 0.0001 | Global 0.4123 | Local 0.1326 | F1_macro 0.6065 | WorstLoss 2.1416
[Tracker] Saved snapshot: ep0520_phase1_class1
[Tracker] Ep  521 | AvgR 0.0002 | Global 0.8671 | Local 0.1362 | F1_macro 0.6003 | WorstLoss 1.7958
[Tracker] Ep  522 | AvgR 0.0002 | Global 0.7283 | Local 0.0869 | F1_macro 0.6207 | WorstLoss 1.9839
[Tracker] Ep  523 | AvgR 0.0002 | Global 0.7858 | Local 0.1474 | F1_macro 0.6127 | WorstLoss 1.9230
[Tracker] Ep  524 | AvgR 0.0002 | Global 0.8922 | Local 0.1224 | F1_macro 0.6370 | WorstLoss 1.7057
[Tracker] Ep  525 | AvgR 0.0002 | Global 0.8128 | Local 0.1738 | F1_macro 0.6131 | WorstLoss 1.8332
[Tracker] Saved snapshot: ep0525_phase1_class1
[Tracker] Ep  526 | AvgR 0.0002 | Global 0.8745 | Local 0.1174 | F1_macro 0.6186 | WorstLoss 1.7921
[Tracker] Ep  527 | AvgR 0.0002 | Global 0.9152 | Local 0.1422 | F1_macro 0.6327 | WorstLoss 1.6729
[Tracker] Ep  528 | AvgR 0.0002 | Global 0.8841 | Local 0.1423 | F1_macro 0.6330 | WorstLoss 1.7662
[Tracker] Ep  529 | AvgR 0.0002 | Global 0.8462 | Local 0.1399 | F1_macro 0.6203 | WorstLoss 1.5848
[Tracker] Ep  530 | AvgR 0.0002 | Global 0.8641 | Local 0.1722 | F1_macro 0.5937 | WorstLoss 1.6788
[Tracker] Saved snapshot: ep0530_phase1_class1
[Tracker] Ep  531 | AvgR 0.0002 | Global 0.7125 | Local 0.2036 | F1_macro 0.5987 | WorstLoss 1.9535
[Tracker] Ep  532 | AvgR 0.0002 | Global 0.8274 | Local 0.1815 | F1_macro 0.6163 | WorstLoss 1.8230
[Tracker] Ep  533 | AvgR 0.0002 | Global 0.9639 | Local 0.0726 | F1_macro 0.6697 | WorstLoss 1.7411
[Tracker] New BEST synthetic [phase1_class1] (by global.global_obj: 0.963888) saved.
[Tracker] BEST β weights [phase1_class1] saved -> training_runs/SPECv16_bias05_rl_census_3seeds_EP800_PCA10_REWfairness_minID1_majID0_TRJ2000_REAL3000_BIAS0.05_GG202603180827_69232259/seed_1/best_beta_state_dict_phase1_class1.pt
[Tracker] Ep  534 | AvgR 0.0002 | Global 0.8671 | Local 0.1330 | F1_macro 0.6406 | WorstLoss 1.8174
[Tracker] Ep  535 | AvgR 0.0001 | Global 0.3345 | Local 0.1657 | F1_macro 0.5856 | WorstLoss 2.1844
[Tracker] Saved snapshot: ep0535_phase1_class1
[Tracker] Ep  536 | AvgR 0.0003 | Global 0.9121 | Local 0.1939 | F1_macro 0.6023 | WorstLoss 1.4439
[Tracker] Ep  537 | AvgR 0.0002 | Global 0.8565 | Local 0.1541 | F1_macro 0.6299 | WorstLoss 1.6953
[Tracker] Ep  538 | AvgR 0.0002 | Global 0.6605 | Local 0.1455 | F1_macro 0.6203 | WorstLoss 2.0148
[Tracker] Ep  539 | AvgR 0.0002 | Global 0.8499 | Local 0.1404 | F1_macro 0.6087 | WorstLoss 1.8606
[Tracker] Ep  540 | AvgR 0.0002 | Global 0.4769 | Local 0.1756 | F1_macro 0.6196 | WorstLoss 2.1197
[Tracker] Saved snapshot: ep0540_phase1_class1
[Tracker] Ep  541 | AvgR 0.0001 | Global 0.2799 | Local 0.1520 | F1_macro 0.6176 | WorstLoss 2.1976
[Tracker] Ep  542 | AvgR 0.0002 | Global 0.8466 | Local 0.0932 | F1_macro 0.6137 | WorstLoss 1.8619
[Tracker] Ep  543 | AvgR 0.0002 | Global 0.8547 | Local 0.1332 | F1_macro 0.6155 | WorstLoss 1.7905
[Tracker] Ep  544 | AvgR 0.0002 | Global 0.8986 | Local 0.1371 | F1_macro 0.6098 | WorstLoss 1.6237
[Tracker] Ep  545 | AvgR 0.0002 | Global 0.8560 | Local 0.1532 | F1_macro 0.6391 | WorstLoss 1.7395
[Tracker] Saved snapshot: ep0545_phase1_class1
[Tracker] Ep  546 | AvgR 0.0002 | Global 0.8361 | Local 0.1991 | F1_macro 0.6220 | WorstLoss 1.7856
[Tracker] Ep  547 | AvgR 0.0002 | Global 0.7936 | Local 0.1482 | F1_macro 0.6224 | WorstLoss 1.8287
[Tracker] Ep  548 | AvgR 0.0002 | Global 0.8135 | Local 0.1659 | F1_macro 0.6252 | WorstLoss 1.8515
[Tracker] Ep  549 | AvgR 0.0002 | Global 0.8035 | Local 0.1364 | F1_macro 0.6324 | WorstLoss 1.8875
[Tracker] Ep  550 | AvgR 0.0002 | Global 0.8321 | Local 0.1329 | F1_macro 0.5973 | WorstLoss 1.8903
[Tracker] Saved snapshot: ep0550_phase1_class1
[Tracker] Ep  551 | AvgR 0.0002 | Global 0.7953 | Local 0.1828 | F1_macro 0.6048 | WorstLoss 1.8815
[Tracker] Ep  552 | AvgR 0.0002 | Global 0.7932 | Local 0.1746 | F1_macro 0.6093 | WorstLoss 1.8422
[Tracker] Ep  553 | AvgR 0.0002 | Global 0.8950 | Local 0.1248 | F1_macro 0.6279 | WorstLoss 1.6704
[Tracker] Ep  554 | AvgR 0.0002 | Global 0.8220 | Local 0.1552 | F1_macro 0.6436 | WorstLoss 1.8659
[Tracker] Ep  555 | AvgR 0.0002 | Global 0.9104 | Local 0.1364 | F1_macro 0.6284 | WorstLoss 1.6342
[Tracker] Saved snapshot: ep0555_phase1_class1
[Tracker] Ep  556 | AvgR 0.0002 | Global 0.8958 | Local 0.1506 | F1_macro 0.6245 | WorstLoss 1.5329
[Tracker] Ep  557 | AvgR 0.0002 | Global 0.7753 | Local 0.1523 | F1_macro 0.6142 | WorstLoss 1.9445
[Tracker] Ep  558 | AvgR 0.0002 | Global 0.8378 | Local 0.1196 | F1_macro 0.6178 | WorstLoss 1.8206
[Tracker] Ep  559 | AvgR 0.0002 | Global 0.7292 | Local 0.1693 | F1_macro 0.5871 | WorstLoss 1.9346
[Tracker] Ep  560 | AvgR 0.0002 | Global 0.4920 | Local 0.1697 | F1_macro 0.6386 | WorstLoss 2.0878
[Tracker] Saved snapshot: ep0560_phase1_class1
[Tracker] Ep  561 | AvgR 0.0002 | Global 0.8373 | Local 0.1411 | F1_macro 0.6212 | WorstLoss 1.7712
[Tracker] Ep  562 | AvgR 0.0002 | Global 0.7938 | Local 0.1593 | F1_macro 0.6112 | WorstLoss 1.8435
[Tracker] Ep  563 | AvgR 0.0002 | Global 0.8139 | Local 0.1717 | F1_macro 0.6263 | WorstLoss 1.8045
[Tracker] Ep  564 | AvgR 0.0002 | Global 0.5957 | Local 0.1135 | F1_macro 0.6338 | WorstLoss 2.0622
[Tracker] Ep  565 | AvgR 0.0002 | Global 0.8726 | Local 0.1484 | F1_macro 0.5957 | WorstLoss 1.6986
[Tracker] Saved snapshot: ep0565_phase1_class1
[Tracker] Ep  566 | AvgR 0.0002 | Global 0.7853 | Local 0.1367 | F1_macro 0.6337 | WorstLoss 1.9072
[Tracker] Ep  567 | AvgR 0.0002 | Global 0.8713 | Local 0.1623 | F1_macro 0.6292 | WorstLoss 1.6101
[Tracker] Ep  568 | AvgR 0.0001 | Global 0.0698 | Local 0.1470 | F1_macro 0.6435 | WorstLoss 2.3821
[Tracker] Ep  569 | AvgR 0.0002 | Global 0.8441 | Local 0.1726 | F1_macro 0.6146 | WorstLoss 1.8242
[Tracker] Ep  570 | AvgR 0.0000 | Global 0.0223 | Local 0.1579 | F1_macro 0.6129 | WorstLoss 2.4985
[Tracker] Saved snapshot: ep0570_phase1_class1
[Tracker] Ep  571 | AvgR 0.0002 | Global 0.8459 | Local 0.0945 | F1_macro 0.6218 | WorstLoss 1.7326
[Tracker] Ep  572 | AvgR 0.0002 | Global 0.8870 | Local 0.0898 | F1_macro 0.6588 | WorstLoss 1.7639
[Tracker] Ep  573 | AvgR 0.0002 | Global 0.7690 | Local 0.1164 | F1_macro 0.6282 | WorstLoss 1.9326
[Tracker] Ep  574 | AvgR 0.0002 | Global 0.7595 | Local 0.2172 | F1_macro 0.6173 | WorstLoss 1.8789
[Tracker] Ep  575 | AvgR 0.0002 | Global 0.8101 | Local 0.2148 | F1_macro 0.6072 | WorstLoss 1.8520
[Tracker] Saved snapshot: ep0575_phase1_class1
[Tracker] Ep  576 | AvgR 0.0002 | Global 0.8270 | Local 0.1382 | F1_macro 0.6467 | WorstLoss 1.8398
[Tracker] Ep  577 | AvgR 0.0002 | Global 0.7815 | Local 0.1608 | F1_macro 0.6477 | WorstLoss 1.8858
[Tracker] Ep  578 | AvgR 0.0002 | Global 0.7279 | Local 0.1552 | F1_macro 0.6357 | WorstLoss 1.9775
[Tracker] Ep  579 | AvgR 0.0002 | Global 0.8012 | Local 0.1787 | F1_macro 0.6191 | WorstLoss 1.7332
[Tracker] Ep  580 | AvgR 0.0002 | Global 0.8099 | Local 0.1627 | F1_macro 0.6328 | WorstLoss 1.8111
[Tracker] Saved snapshot: ep0580_phase1_class1
[Tracker] Ep  581 | AvgR 0.0000 | Global 0.0113 | Local 0.1702 | F1_macro 0.6174 | WorstLoss 2.5623
[Tracker] Ep  582 | AvgR 0.0002 | Global 0.7935 | Local 0.1609 | F1_macro 0.6224 | WorstLoss 1.8054
[Tracker] Ep  583 | AvgR 0.0002 | Global 0.8498 | Local 0.1565 | F1_macro 0.6374 | WorstLoss 1.7856
[Tracker] Ep  584 | AvgR 0.0000 | Global 0.0000 | Local 0.1784 | F1_macro 0.6126 | WorstLoss 3.1773
[Tracker] Ep  585 | AvgR 0.0002 | Global 0.5329 | Local 0.1254 | F1_macro 0.6287 | WorstLoss 2.0911
[Tracker] Saved snapshot: ep0585_phase1_class1
[Tracker] Ep  586 | AvgR 0.0001 | Global 0.0893 | Local 0.1726 | F1_macro 0.6055 | WorstLoss 2.3488
[Tracker] Ep  587 | AvgR 0.0002 | Global 0.7103 | Local 0.1595 | F1_macro 0.6108 | WorstLoss 1.9430
[Tracker] Ep  588 | AvgR 0.0002 | Global 0.8360 | Local 0.1421 | F1_macro 0.6034 | WorstLoss 1.7683
[Tracker] Ep  589 | AvgR 0.0002 | Global 0.7830 | Local 0.2405 | F1_macro 0.6108 | WorstLoss 1.8692
[Tracker] Ep  590 | AvgR 0.0002 | Global 0.8801 | Local 0.1457 | F1_macro 0.6215 | WorstLoss 1.6485
[Tracker] Saved snapshot: ep0590_phase1_class1
[Tracker] Ep  591 | AvgR 0.0002 | Global 0.8196 | Local 0.1400 | F1_macro 0.6228 | WorstLoss 1.7414
[Tracker] Ep  592 | AvgR 0.0001 | Global 0.4402 | Local 0.1208 | F1_macro 0.6087 | WorstLoss 2.1368
[Tracker] Ep  593 | AvgR 0.0002 | Global 0.8279 | Local 0.2085 | F1_macro 0.6057 | WorstLoss 1.7184
[Tracker] Ep  594 | AvgR 0.0001 | Global 0.2146 | Local 0.1372 | F1_macro 0.6197 | WorstLoss 2.2451
[Tracker] Ep  595 | AvgR 0.0002 | Global 0.5695 | Local 0.1387 | F1_macro 0.6278 | WorstLoss 2.0771
[Tracker] Saved snapshot: ep0595_phase1_class1
[Tracker] Ep  596 | AvgR 0.0002 | Global 0.7803 | Local 0.1684 | F1_macro 0.6388 | WorstLoss 1.8859
[Tracker] Ep  597 | AvgR 0.0002 | Global 0.8285 | Local 0.1558 | F1_macro 0.6195 | WorstLoss 1.6771
[Tracker] Ep  598 | AvgR 0.0002 | Global 0.8416 | Local 0.1638 | F1_macro 0.6164 | WorstLoss 1.7955
[Tracker] Ep  599 | AvgR 0.0002 | Global 0.8878 | Local 0.1471 | F1_macro 0.6261 | WorstLoss 1.7102
[Tracker] Ep  600 | AvgR 0.0002 | Global 0.7910 | Local 0.1310 | F1_macro 0.6388 | WorstLoss 1.8660
[Tracker] Saved snapshot: ep0600_phase1_class1
[Tracker] Ep  601 | AvgR 0.0002 | Global 0.5330 | Local 0.2059 | F1_macro 0.5956 | WorstLoss 2.0865
[Tracker] Ep  602 | AvgR 0.0002 | Global 0.8808 | Local 0.1589 | F1_macro 0.6188 | WorstLoss 1.7279
[Tracker] Ep  603 | AvgR 0.0002 | Global 0.5516 | Local 0.1840 | F1_macro 0.6021 | WorstLoss 2.0624
[Tracker] Ep  604 | AvgR 0.0002 | Global 0.7067 | Local 0.1399 | F1_macro 0.6111 | WorstLoss 1.9725
[Tracker] Ep  605 | AvgR 0.0002 | Global 0.7938 | Local 0.1729 | F1_macro 0.6260 | WorstLoss 1.7409
[Tracker] Saved snapshot: ep0605_phase1_class1
[Tracker] Ep  606 | AvgR 0.0002 | Global 0.8801 | Local 0.1599 | F1_macro 0.6359 | WorstLoss 1.7601
[Tracker] Ep  607 | AvgR 0.0002 | Global 0.8316 | Local 0.1768 | F1_macro 0.5950 | WorstLoss 1.7878
[Tracker] Ep  608 | AvgR 0.0003 | Global 0.8494 | Local 0.2213 | F1_macro 0.6123 | WorstLoss 1.5728
[Tracker] Ep  609 | AvgR 0.0002 | Global 0.8204 | Local 0.1467 | F1_macro 0.6252 | WorstLoss 1.8176
[Tracker] Ep  610 | AvgR 0.0003 | Global 0.8666 | Local 0.2010 | F1_macro 0.5851 | WorstLoss 1.5850
[Tracker] Saved snapshot: ep0610_phase1_class1
[Tracker] Ep  611 | AvgR 0.0001 | Global 0.1575 | Local 0.1488 | F1_macro 0.6337 | WorstLoss 2.2951
[Tracker] Ep  612 | AvgR 0.0002 | Global 0.9153 | Local 0.1496 | F1_macro 0.6747 | WorstLoss 1.5513
[Tracker] Ep  613 | AvgR 0.0003 | Global 0.8295 | Local 0.2450 | F1_macro 0.6197 | WorstLoss 1.7262
[Tracker] Ep  614 | AvgR 0.0002 | Global 0.8266 | Local 0.1577 | F1_macro 0.6157 | WorstLoss 1.7995
[Tracker] Ep  615 | AvgR 0.0002 | Global 0.8055 | Local 0.1685 | F1_macro 0.6107 | WorstLoss 1.8281
[Tracker] Saved snapshot: ep0615_phase1_class1
[Tracker] Ep  616 | AvgR 0.0002 | Global 0.8455 | Local 0.1509 | F1_macro 0.6182 | WorstLoss 1.8311
[Tracker] Ep  617 | AvgR 0.0002 | Global 0.8504 | Local 0.1705 | F1_macro 0.6185 | WorstLoss 1.7887
[Tracker] Ep  618 | AvgR 0.0003 | Global 0.8111 | Local 0.2558 | F1_macro 0.6066 | WorstLoss 1.7480
[Tracker] Ep  619 | AvgR 0.0002 | Global 0.8843 | Local 0.1455 | F1_macro 0.6324 | WorstLoss 1.6571
[Tracker] Ep  620 | AvgR 0.0002 | Global 0.8706 | Local 0.1439 | F1_macro 0.6345 | WorstLoss 1.6284
[Tracker] Saved snapshot: ep0620_phase1_class1
[Tracker] Ep  621 | AvgR 0.0002 | Global 0.6380 | Local 0.1609 | F1_macro 0.6218 | WorstLoss 2.0210
[Tracker] Ep  622 | AvgR 0.0002 | Global 0.6978 | Local 0.1747 | F1_macro 0.5995 | WorstLoss 1.9786
[Tracker] Ep  623 | AvgR 0.0002 | Global 0.8073 | Local 0.1833 | F1_macro 0.6184 | WorstLoss 1.7988
[Tracker] Ep  624 | AvgR 0.0002 | Global 0.8060 | Local 0.1575 | F1_macro 0.6418 | WorstLoss 1.7839
[Tracker] Ep  625 | AvgR 0.0002 | Global 0.6249 | Local 0.1499 | F1_macro 0.6271 | WorstLoss 2.0136
[Tracker] Saved snapshot: ep0625_phase1_class1
[Tracker] Ep  626 | AvgR 0.0002 | Global 0.8436 | Local 0.2084 | F1_macro 0.5958 | WorstLoss 1.6537
[Tracker] Ep  627 | AvgR 0.0002 | Global 0.7828 | Local 0.1868 | F1_macro 0.6273 | WorstLoss 1.9080
[Tracker] Ep  628 | AvgR 0.0002 | Global 0.7167 | Local 0.1953 | F1_macro 0.6193 | WorstLoss 1.9530
[Tracker] Ep  629 | AvgR 0.0002 | Global 0.6095 | Local 0.1750 | F1_macro 0.6105 | WorstLoss 2.0370
[Tracker] Ep  630 | AvgR 0.0002 | Global 0.8403 | Local 0.1359 | F1_macro 0.6036 | WorstLoss 1.8564
[Tracker] Saved snapshot: ep0630_phase1_class1
[Tracker] Ep  631 | AvgR 0.0002 | Global 0.8860 | Local 0.1091 | F1_macro 0.6365 | WorstLoss 1.6099
[Tracker] Ep  632 | AvgR 0.0002 | Global 0.7736 | Local 0.1779 | F1_macro 0.6037 | WorstLoss 1.9140
[Tracker] Ep  633 | AvgR 0.0002 | Global 0.7179 | Local 0.1452 | F1_macro 0.6032 | WorstLoss 1.9867
[Tracker] Ep  634 | AvgR 0.0001 | Global 0.1686 | Local 0.1077 | F1_macro 0.6132 | WorstLoss 2.2795
[Tracker] Ep  635 | AvgR 0.0002 | Global 0.7813 | Local 0.1700 | F1_macro 0.6190 | WorstLoss 1.8304
[Tracker] Saved snapshot: ep0635_phase1_class1
[Tracker] Ep  636 | AvgR 0.0002 | Global 0.7081 | Local 0.1688 | F1_macro 0.6315 | WorstLoss 1.9919
[Tracker] Ep  637 | AvgR 0.0001 | Global 0.0168 | Local 0.2086 | F1_macro 0.5868 | WorstLoss 2.5248
[Tracker] Ep  638 | AvgR 0.0002 | Global 0.8191 | Local 0.1820 | F1_macro 0.6294 | WorstLoss 1.8380
[Tracker] Ep  639 | AvgR 0.0002 | Global 0.8266 | Local 0.1800 | F1_macro 0.6328 | WorstLoss 1.8499
[Tracker] Ep  640 | AvgR 0.0003 | Global 0.8986 | Local 0.1618 | F1_macro 0.6299 | WorstLoss 1.4832
[Tracker] Saved snapshot: ep0640_phase1_class1
[Tracker] Ep  641 | AvgR 0.0002 | Global 0.8890 | Local 0.0922 | F1_macro 0.6201 | WorstLoss 1.5868
[Tracker] Ep  642 | AvgR 0.0002 | Global 0.8148 | Local 0.1586 | F1_macro 0.6238 | WorstLoss 1.8202
[Tracker] Ep  643 | AvgR 0.0002 | Global 0.8514 | Local 0.1668 | F1_macro 0.6071 | WorstLoss 1.6571
[Tracker] Ep  644 | AvgR 0.0002 | Global 0.8890 | Local 0.1620 | F1_macro 0.6507 | WorstLoss 1.6667
[Tracker] Ep  645 | AvgR 0.0002 | Global 0.9298 | Local 0.1262 | F1_macro 0.6287 | WorstLoss 1.5340
[Tracker] Saved snapshot: ep0645_phase1_class1
[Tracker] Ep  646 | AvgR 0.0002 | Global 0.8588 | Local 0.1049 | F1_macro 0.6295 | WorstLoss 1.7340
[Tracker] Ep  647 | AvgR 0.0002 | Global 0.8188 | Local 0.1753 | F1_macro 0.6113 | WorstLoss 1.7426
[Tracker] Ep  648 | AvgR 0.0002 | Global 0.8641 | Local 0.1157 | F1_macro 0.6272 | WorstLoss 1.7550
[Tracker] Ep  649 | AvgR 0.0002 | Global 0.8919 | Local 0.1025 | F1_macro 0.6153 | WorstLoss 1.7312
[Tracker] Ep  650 | AvgR 0.0002 | Global 0.8954 | Local 0.1549 | F1_macro 0.6269 | WorstLoss 1.5084
[Tracker] Saved snapshot: ep0650_phase1_class1
[Tracker] Ep  651 | AvgR 0.0003 | Global 0.8946 | Local 0.1667 | F1_macro 0.6374 | WorstLoss 1.7415
[Tracker] Ep  652 | AvgR 0.0002 | Global 0.8961 | Local 0.1208 | F1_macro 0.6370 | WorstLoss 1.7611
[Tracker] Ep  653 | AvgR 0.0002 | Global 0.8181 | Local 0.1355 | F1_macro 0.6194 | WorstLoss 1.8183
[Tracker] Ep  654 | AvgR 0.0002 | Global 0.9199 | Local 0.1103 | F1_macro 0.6192 | WorstLoss 1.6297
[Tracker] Ep  655 | AvgR 0.0002 | Global 0.8742 | Local 0.1510 | F1_macro 0.6444 | WorstLoss 1.7112
[Tracker] Saved snapshot: ep0655_phase1_class1
[Tracker] Ep  656 | AvgR 0.0002 | Global 0.7352 | Local 0.1946 | F1_macro 0.6130 | WorstLoss 1.9315
[Tracker] Ep  657 | AvgR 0.0002 | Global 0.8780 | Local 0.1636 | F1_macro 0.6229 | WorstLoss 1.5983
[Tracker] Ep  658 | AvgR 0.0002 | Global 0.8390 | Local 0.1701 | F1_macro 0.6272 | WorstLoss 1.6068
[Tracker] Ep  659 | AvgR 0.0002 | Global 0.7917 | Local 0.1911 | F1_macro 0.5947 | WorstLoss 1.8339
[Tracker] Ep  660 | AvgR 0.0002 | Global 0.7285 | Local 0.1319 | F1_macro 0.6214 | WorstLoss 1.9613
[Tracker] Saved snapshot: ep0660_phase1_class1
[Tracker] Ep  661 | AvgR 0.0002 | Global 0.9134 | Local 0.1281 | F1_macro 0.6217 | WorstLoss 1.6466
[Tracker] Ep  662 | AvgR 0.0002 | Global 0.8937 | Local 0.1148 | F1_macro 0.6267 | WorstLoss 1.7128
[Tracker] Ep  663 | AvgR 0.0002 | Global 0.7914 | Local 0.2102 | F1_macro 0.6247 | WorstLoss 1.8111
[Tracker] Ep  664 | AvgR 0.0003 | Global 0.9176 | Local 0.1526 | F1_macro 0.6252 | WorstLoss 1.4478
[Tracker] Ep  665 | AvgR 0.0002 | Global 0.8144 | Local 0.1611 | F1_macro 0.6160 | WorstLoss 1.7888
[Tracker] Saved snapshot: ep0665_phase1_class1
[Tracker] Ep  666 | AvgR 0.0003 | Global 0.9265 | Local 0.2040 | F1_macro 0.6340 | WorstLoss 1.4372
[Tracker] Ep  667 | AvgR 0.0002 | Global 0.7319 | Local 0.1855 | F1_macro 0.6061 | WorstLoss 1.9040
[Tracker] Ep  668 | AvgR 0.0002 | Global 0.7788 | Local 0.1352 | F1_macro 0.6159 | WorstLoss 1.9420
[Tracker] Ep  669 | AvgR 0.0002 | Global 0.8260 | Local 0.1902 | F1_macro 0.6249 | WorstLoss 1.7350
[Tracker] Ep  670 | AvgR 0.0002 | Global 0.7351 | Local 0.1849 | F1_macro 0.6227 | WorstLoss 1.8983
[Tracker] Saved snapshot: ep0670_phase1_class1
[Tracker] Ep  671 | AvgR 0.0003 | Global 0.8561 | Local 0.1898 | F1_macro 0.5992 | WorstLoss 1.6168
[Tracker] Ep  672 | AvgR 0.0002 | Global 0.9040 | Local 0.1412 | F1_macro 0.6290 | WorstLoss 1.5052
[Tracker] Ep  673 | AvgR 0.0002 | Global 0.8162 | Local 0.1844 | F1_macro 0.6041 | WorstLoss 1.8382
[Tracker] Ep  674 | AvgR 0.0002 | Global 0.8008 | Local 0.1944 | F1_macro 0.6070 | WorstLoss 1.7925
[Tracker] Ep  675 | AvgR 0.0002 | Global 0.7594 | Local 0.1672 | F1_macro 0.6156 | WorstLoss 1.9085
[Tracker] Saved snapshot: ep0675_phase1_class1
[Tracker] Ep  676 | AvgR 0.0003 | Global 0.9019 | Local 0.1579 | F1_macro 0.6437 | WorstLoss 1.6366
[Tracker] Ep  677 | AvgR 0.0002 | Global 0.8171 | Local 0.1521 | F1_macro 0.5978 | WorstLoss 1.6573
[Tracker] Ep  678 | AvgR 0.0003 | Global 0.9075 | Local 0.1603 | F1_macro 0.6190 | WorstLoss 1.5442
[Tracker] Ep  679 | AvgR 0.0003 | Global 0.8455 | Local 0.2037 | F1_macro 0.6178 | WorstLoss 1.4922
[Tracker] Ep  680 | AvgR 0.0002 | Global 0.5573 | Local 0.1790 | F1_macro 0.6033 | WorstLoss 2.0539
[Tracker] Saved snapshot: ep0680_phase1_class1
[Tracker] Ep  681 | AvgR 0.0002 | Global 0.8262 | Local 0.1875 | F1_macro 0.6159 | WorstLoss 1.5329
[Tracker] Ep  682 | AvgR 0.0003 | Global 0.8691 | Local 0.2083 | F1_macro 0.6082 | WorstLoss 1.3491
[Tracker] Ep  683 | AvgR 0.0002 | Global 0.8173 | Local 0.1889 | F1_macro 0.6140 | WorstLoss 1.7600
[Tracker] Ep  684 | AvgR 0.0002 | Global 0.8362 | Local 0.1257 | F1_macro 0.6363 | WorstLoss 1.7789
[Tracker] Ep  685 | AvgR 0.0003 | Global 0.7988 | Local 0.2596 | F1_macro 0.6015 | WorstLoss 1.7641
[Tracker] Saved snapshot: ep0685_phase1_class1
[Tracker] Ep  686 | AvgR 0.0002 | Global 0.5720 | Local 0.2006 | F1_macro 0.6043 | WorstLoss 2.0519
[Tracker] Ep  687 | AvgR 0.0002 | Global 0.8016 | Local 0.1646 | F1_macro 0.6004 | WorstLoss 1.7981
[Tracker] Ep  688 | AvgR 0.0002 | Global 0.8655 | Local 0.1534 | F1_macro 0.6329 | WorstLoss 1.6292
[Tracker] Ep  689 | AvgR 0.0002 | Global 0.8287 | Local 0.2024 | F1_macro 0.6103 | WorstLoss 1.7565
[Tracker] Ep  690 | AvgR 0.0003 | Global 0.8934 | Local 0.2041 | F1_macro 0.6248 | WorstLoss 1.4252
[Tracker] Saved snapshot: ep0690_phase1_class1
[Tracker] Ep  691 | AvgR 0.0003 | Global 0.8349 | Local 0.2288 | F1_macro 0.5930 | WorstLoss 1.6012
[Tracker] Ep  692 | AvgR 0.0002 | Global 0.8777 | Local 0.1592 | F1_macro 0.6213 | WorstLoss 1.7056
[Tracker] Ep  693 | AvgR 0.0003 | Global 0.9167 | Local 0.1483 | F1_macro 0.6322 | WorstLoss 1.5485
[Tracker] Ep  694 | AvgR 0.0003 | Global 0.8521 | Local 0.1942 | F1_macro 0.5918 | WorstLoss 1.5211
[Tracker] Ep  695 | AvgR 0.0003 | Global 0.8370 | Local 0.1966 | F1_macro 0.6298 | WorstLoss 1.4677
[Tracker] Saved snapshot: ep0695_phase1_class1
[Tracker] Ep  696 | AvgR 0.0002 | Global 0.8847 | Local 0.1343 | F1_macro 0.6087 | WorstLoss 1.5795
[Tracker] Ep  697 | AvgR 0.0002 | Global 0.8383 | Local 0.1604 | F1_macro 0.6210 | WorstLoss 1.6492
[Tracker] Ep  698 | AvgR 0.0002 | Global 0.8336 | Local 0.1694 | F1_macro 0.6197 | WorstLoss 1.7552
[Tracker] Ep  699 | AvgR 0.0003 | Global 0.8269 | Local 0.2319 | F1_macro 0.6060 | WorstLoss 1.7699
[Tracker] Ep  700 | AvgR 0.0002 | Global 0.8726 | Local 0.1342 | F1_macro 0.6305 | WorstLoss 1.6493
[Tracker] Saved snapshot: ep0700_phase1_class1
[Tracker] Ep  701 | AvgR 0.0002 | Global 0.7867 | Local 0.2030 | F1_macro 0.6123 | WorstLoss 1.8033
[Tracker] Ep  702 | AvgR 0.0003 | Global 0.8862 | Local 0.1515 | F1_macro 0.6149 | WorstLoss 1.5293
[Tracker] Ep  703 | AvgR 0.0002 | Global 0.7506 | Local 0.2166 | F1_macro 0.6149 | WorstLoss 1.7946
[Tracker] Ep  704 | AvgR 0.0002 | Global 0.8601 | Local 0.1533 | F1_macro 0.6279 | WorstLoss 1.7632
[Tracker] Ep  705 | AvgR 0.0003 | Global 0.9190 | Local 0.1476 | F1_macro 0.6391 | WorstLoss 1.3199
[Tracker] Saved snapshot: ep0705_phase1_class1
[Tracker] Ep  706 | AvgR 0.0003 | Global 0.8447 | Local 0.2329 | F1_macro 0.5949 | WorstLoss 1.4528
[Tracker] Ep  707 | AvgR 0.0002 | Global 0.7818 | Local 0.2288 | F1_macro 0.6120 | WorstLoss 1.8222
[Tracker] Ep  708 | AvgR 0.0002 | Global 0.8215 | Local 0.1520 | F1_macro 0.6161 | WorstLoss 1.5991
[Tracker] Ep  709 | AvgR 0.0003 | Global 0.8284 | Local 0.2194 | F1_macro 0.6134 | WorstLoss 1.7317
[Tracker] Ep  710 | AvgR 0.0002 | Global 0.8232 | Local 0.1930 | F1_macro 0.5958 | WorstLoss 1.5066
[Tracker] Saved snapshot: ep0710_phase1_class1
[Tracker] Ep  711 | AvgR 0.0002 | Global 0.7405 | Local 0.2143 | F1_macro 0.5891 | WorstLoss 1.8453
[Tracker] Ep  712 | AvgR 0.0002 | Global 0.8398 | Local 0.1832 | F1_macro 0.6094 | WorstLoss 1.6063
[Tracker] Ep  713 | AvgR 0.0003 | Global 0.9101 | Local 0.1641 | F1_macro 0.6307 | WorstLoss 1.4211
[Tracker] Ep  714 | AvgR 0.0002 | Global 0.7207 | Local 0.2059 | F1_macro 0.5999 | WorstLoss 1.7961
[Tracker] Ep  715 | AvgR 0.0003 | Global 0.8778 | Local 0.1540 | F1_macro 0.6258 | WorstLoss 1.5809
[Tracker] Saved snapshot: ep0715_phase1_class1
[Tracker] Ep  716 | AvgR 0.0003 | Global 0.8218 | Local 0.2496 | F1_macro 0.6000 | WorstLoss 1.6243
[Tracker] Ep  717 | AvgR 0.0002 | Global 0.7966 | Local 0.1832 | F1_macro 0.6320 | WorstLoss 1.6841
[Tracker] Ep  718 | AvgR 0.0003 | Global 0.8185 | Local 0.2753 | F1_macro 0.5855 | WorstLoss 1.4902
[Tracker] Ep  719 | AvgR 0.0002 | Global 0.8238 | Local 0.2012 | F1_macro 0.6013 | WorstLoss 1.5755
[Tracker] Ep  720 | AvgR 0.0003 | Global 0.8972 | Local 0.2407 | F1_macro 0.6189 | WorstLoss 1.4408
[Tracker] Saved snapshot: ep0720_phase1_class1
[Tracker] Ep  721 | AvgR 0.0003 | Global 0.8282 | Local 0.2272 | F1_macro 0.6323 | WorstLoss 1.4660
[Tracker] Ep  722 | AvgR 0.0002 | Global 0.6710 | Local 0.1877 | F1_macro 0.5752 | WorstLoss 1.8942
[Tracker] Ep  723 | AvgR 0.0002 | Global 0.7433 | Local 0.2244 | F1_macro 0.5842 | WorstLoss 1.7943
[Tracker] Ep  724 | AvgR 0.0002 | Global 0.7288 | Local 0.1767 | F1_macro 0.6120 | WorstLoss 1.9041
[Tracker] Ep  725 | AvgR 0.0003 | Global 0.9130 | Local 0.1560 | F1_macro 0.6135 | WorstLoss 1.3690
[Tracker] Saved snapshot: ep0725_phase1_class1
[Tracker] Ep  726 | AvgR 0.0002 | Global 0.7948 | Local 0.1913 | F1_macro 0.6209 | WorstLoss 1.8349
[Tracker] Ep  727 | AvgR 0.0003 | Global 0.8796 | Local 0.1805 | F1_macro 0.6145 | WorstLoss 1.5550
[Tracker] Ep  728 | AvgR 0.0002 | Global 0.7322 | Local 0.1721 | F1_macro 0.6181 | WorstLoss 1.9385
[Tracker] Ep  729 | AvgR 0.0002 | Global 0.6650 | Local 0.1795 | F1_macro 0.6098 | WorstLoss 2.0036
[Tracker] Ep  730 | AvgR 0.0003 | Global 0.8709 | Local 0.1943 | F1_macro 0.6169 | WorstLoss 1.5401
[Tracker] Saved snapshot: ep0730_phase1_class1
[Tracker] Ep  731 | AvgR 0.0002 | Global 0.7140 | Local 0.1933 | F1_macro 0.5886 | WorstLoss 1.9313
[Tracker] Ep  732 | AvgR 0.0003 | Global 0.8542 | Local 0.1882 | F1_macro 0.6316 | WorstLoss 1.5943
[Tracker] Ep  733 | AvgR 0.0003 | Global 0.8951 | Local 0.1668 | F1_macro 0.6042 | WorstLoss 1.4200
[Tracker] Ep  734 | AvgR 0.0003 | Global 0.8433 | Local 0.2044 | F1_macro 0.6323 | WorstLoss 1.6214
[Tracker] Ep  735 | AvgR 0.0003 | Global 0.8842 | Local 0.2258 | F1_macro 0.6299 | WorstLoss 1.3266
[Tracker] Saved snapshot: ep0735_phase1_class1
[Tracker] Ep  736 | AvgR 0.0002 | Global 0.8750 | Local 0.1295 | F1_macro 0.6232 | WorstLoss 1.4382
[Tracker] Ep  737 | AvgR 0.0003 | Global 0.8784 | Local 0.1519 | F1_macro 0.6139 | WorstLoss 1.6046
[Tracker] Ep  738 | AvgR 0.0002 | Global 0.7929 | Local 0.1938 | F1_macro 0.5958 | WorstLoss 1.7068
[Tracker] Ep  739 | AvgR 0.0003 | Global 0.8166 | Local 0.2491 | F1_macro 0.6075 | WorstLoss 1.6130
[Tracker] Ep  740 | AvgR 0.0003 | Global 0.8858 | Local 0.1560 | F1_macro 0.6257 | WorstLoss 1.5093
[Tracker] Saved snapshot: ep0740_phase1_class1
[Tracker] Ep  741 | AvgR 0.0003 | Global 0.8285 | Local 0.1983 | F1_macro 0.5729 | WorstLoss 1.6018
[Tracker] Ep  742 | AvgR 0.0003 | Global 0.8537 | Local 0.1994 | F1_macro 0.5983 | WorstLoss 1.4068
[Tracker] Ep  743 | AvgR 0.0002 | Global 0.7636 | Local 0.2139 | F1_macro 0.6226 | WorstLoss 1.9056
[Tracker] Ep  744 | AvgR 0.0002 | Global 0.8468 | Local 0.1669 | F1_macro 0.5935 | WorstLoss 1.5464
[Tracker] Ep  745 | AvgR 0.0002 | Global 0.8248 | Local 0.1897 | F1_macro 0.6165 | WorstLoss 1.6894
[Tracker] Saved snapshot: ep0745_phase1_class1
[Tracker] Ep  746 | AvgR 0.0003 | Global 0.8598 | Local 0.2197 | F1_macro 0.5957 | WorstLoss 1.6121
[Tracker] Ep  747 | AvgR 0.0003 | Global 0.8571 | Local 0.1655 | F1_macro 0.5885 | WorstLoss 1.3631
[Tracker] Ep  748 | AvgR 0.0002 | Global 0.7978 | Local 0.2067 | F1_macro 0.5766 | WorstLoss 1.6716
[Tracker] Ep  749 | AvgR 0.0003 | Global 0.8874 | Local 0.2007 | F1_macro 0.6048 | WorstLoss 1.4561
[Tracker] Ep  750 | AvgR 0.0003 | Global 0.8731 | Local 0.1974 | F1_macro 0.5927 | WorstLoss 1.6473
[Tracker] Saved snapshot: ep0750_phase1_class1
[Tracker] Ep  751 | AvgR 0.0003 | Global 0.8355 | Local 0.2134 | F1_macro 0.6208 | WorstLoss 1.5224
[Tracker] Ep  752 | AvgR 0.0003 | Global 0.8215 | Local 0.2056 | F1_macro 0.6082 | WorstLoss 1.6651
[Tracker] Ep  753 | AvgR 0.0002 | Global 0.7389 | Local 0.1811 | F1_macro 0.5686 | WorstLoss 1.8526
[Tracker] Ep  754 | AvgR 0.0003 | Global 0.9164 | Local 0.1704 | F1_macro 0.6156 | WorstLoss 1.3361
[Tracker] Ep  755 | AvgR 0.0003 | Global 0.8727 | Local 0.1841 | F1_macro 0.6148 | WorstLoss 1.5969
[Tracker] Saved snapshot: ep0755_phase1_class1
[Tracker] Ep  756 | AvgR 0.0002 | Global 0.7371 | Local 0.1745 | F1_macro 0.5868 | WorstLoss 1.8010
[Tracker] Ep  757 | AvgR 0.0002 | Global 0.8318 | Local 0.1359 | F1_macro 0.6080 | WorstLoss 1.8393
[Tracker] Ep  758 | AvgR 0.0003 | Global 0.8327 | Local 0.2220 | F1_macro 0.6334 | WorstLoss 1.7951
[Tracker] Ep  759 | AvgR 0.0002 | Global 0.7701 | Local 0.1903 | F1_macro 0.6170 | WorstLoss 1.8480
[Tracker] Ep  760 | AvgR 0.0003 | Global 0.8744 | Local 0.2153 | F1_macro 0.5957 | WorstLoss 1.3695
[Tracker] Saved snapshot: ep0760_phase1_class1
[Tracker] Ep  761 | AvgR 0.0002 | Global 0.7855 | Local 0.1467 | F1_macro 0.6133 | WorstLoss 1.8817
[Tracker] Ep  762 | AvgR 0.0003 | Global 0.8466 | Local 0.2234 | F1_macro 0.6081 | WorstLoss 1.5759
[Tracker] Ep  763 | AvgR 0.0003 | Global 0.8517 | Local 0.1681 | F1_macro 0.6068 | WorstLoss 1.7576
[Tracker] Ep  764 | AvgR 0.0002 | Global 0.8493 | Local 0.1463 | F1_macro 0.5909 | WorstLoss 1.4452
[Tracker] Ep  765 | AvgR 0.0002 | Global 0.7982 | Local 0.1850 | F1_macro 0.6100 | WorstLoss 1.7205
[Tracker] Saved snapshot: ep0765_phase1_class1
[Tracker] Ep  766 | AvgR 0.0002 | Global 0.7341 | Local 0.2214 | F1_macro 0.5864 | WorstLoss 1.8716
[Tracker] Ep  767 | AvgR 0.0003 | Global 0.8566 | Local 0.2001 | F1_macro 0.5997 | WorstLoss 1.5301
[Tracker] Ep  768 | AvgR 0.0003 | Global 0.8133 | Local 0.2036 | F1_macro 0.6091 | WorstLoss 1.5629
[Tracker] Ep  769 | AvgR 0.0002 | Global 0.7883 | Local 0.1653 | F1_macro 0.6136 | WorstLoss 1.8397
[Tracker] Ep  770 | AvgR 0.0002 | Global 0.7830 | Local 0.2094 | F1_macro 0.6133 | WorstLoss 1.7871
[Tracker] Saved snapshot: ep0770_phase1_class1
[Tracker] Ep  771 | AvgR 0.0002 | Global 0.8417 | Local 0.1586 | F1_macro 0.6106 | WorstLoss 1.6694
[Tracker] Ep  772 | AvgR 0.0003 | Global 0.7913 | Local 0.2296 | F1_macro 0.5899 | WorstLoss 1.6518
[Tracker] Ep  773 | AvgR 0.0003 | Global 0.9072 | Local 0.1409 | F1_macro 0.6060 | WorstLoss 1.4804
[Tracker] Ep  774 | AvgR 0.0003 | Global 0.8085 | Local 0.2135 | F1_macro 0.6063 | WorstLoss 1.6374
[Tracker] Ep  775 | AvgR 0.0002 | Global 0.8398 | Local 0.1589 | F1_macro 0.5984 | WorstLoss 1.6446
[Tracker] Saved snapshot: ep0775_phase1_class1
[Tracker] Ep  776 | AvgR 0.0003 | Global 0.8406 | Local 0.1826 | F1_macro 0.6186 | WorstLoss 1.7215
[Tracker] Ep  777 | AvgR 0.0003 | Global 0.8087 | Local 0.2065 | F1_macro 0.5988 | WorstLoss 1.5541
[Tracker] Ep  778 | AvgR 0.0002 | Global 0.8131 | Local 0.1794 | F1_macro 0.6212 | WorstLoss 1.6571
[Tracker] Ep  779 | AvgR 0.0003 | Global 0.8174 | Local 0.1953 | F1_macro 0.6107 | WorstLoss 1.7119
[Tracker] Ep  780 | AvgR 0.0002 | Global 0.7049 | Local 0.1785 | F1_macro 0.6004 | WorstLoss 1.9486
[Tracker] Saved snapshot: ep0780_phase1_class1
[Tracker] Ep  781 | AvgR 0.0003 | Global 0.8053 | Local 0.2082 | F1_macro 0.6059 | WorstLoss 1.7781
[Tracker] Ep  782 | AvgR 0.0003 | Global 0.8644 | Local 0.1793 | F1_macro 0.6183 | WorstLoss 1.5062
[Tracker] Ep  783 | AvgR 0.0003 | Global 0.8691 | Local 0.2066 | F1_macro 0.6221 | WorstLoss 1.6499
[Tracker] Ep  784 | AvgR 0.0002 | Global 0.7832 | Local 0.1750 | F1_macro 0.6407 | WorstLoss 1.8205
[Tracker] Ep  785 | AvgR 0.0003 | Global 0.8211 | Local 0.2255 | F1_macro 0.5949 | WorstLoss 1.5555
[Tracker] Saved snapshot: ep0785_phase1_class1
[Tracker] Ep  786 | AvgR 0.0003 | Global 0.7833 | Local 0.2211 | F1_macro 0.5782 | WorstLoss 1.6077
[Tracker] Ep  787 | AvgR 0.0003 | Global 0.8379 | Local 0.2086 | F1_macro 0.5999 | WorstLoss 1.7896
[Tracker] Ep  788 | AvgR 0.0003 | Global 0.8411 | Local 0.2327 | F1_macro 0.6199 | WorstLoss 1.5114
[Tracker] Ep  789 | AvgR 0.0003 | Global 0.8713 | Local 0.2158 | F1_macro 0.6241 | WorstLoss 1.4259
[Tracker] Ep  790 | AvgR 0.0002 | Global 0.6508 | Local 0.2397 | F1_macro 0.5967 | WorstLoss 1.8830
[Tracker] Saved snapshot: ep0790_phase1_class1
[Tracker] Ep  791 | AvgR 0.0003 | Global 0.8266 | Local 0.2312 | F1_macro 0.6038 | WorstLoss 1.6832
[Tracker] Ep  792 | AvgR 0.0002 | Global 0.7547 | Local 0.2356 | F1_macro 0.5859 | WorstLoss 1.6802
[Tracker] Ep  793 | AvgR 0.0002 | Global 0.7592 | Local 0.1819 | F1_macro 0.5831 | WorstLoss 1.8609
[Tracker] Ep  794 | AvgR 0.0003 | Global 0.9134 | Local 0.1783 | F1_macro 0.6327 | WorstLoss 1.3799
[Tracker] Ep  795 | AvgR 0.0002 | Global 0.8295 | Local 0.1583 | F1_macro 0.6082 | WorstLoss 1.6591
[Tracker] Saved snapshot: ep0795_phase1_class1
[Tracker] Ep  796 | AvgR 0.0002 | Global 0.6900 | Local 0.1694 | F1_macro 0.5839 | WorstLoss 1.9395
[Tracker] Ep  797 | AvgR 0.0003 | Global 0.8421 | Local 0.1644 | F1_macro 0.6094 | WorstLoss 1.7008
[Tracker] Ep  798 | AvgR 0.0003 | Global 0.8595 | Local 0.2017 | F1_macro 0.6143 | WorstLoss 1.5470
[Tracker] Ep  799 | AvgR 0.0003 | Global 0.8433 | Local 0.2043 | F1_macro 0.5760 | WorstLoss 1.5076
[Tracker] Ep  800 | AvgR 0.0002 | Global 0.8177 | Local 0.1726 | F1_macro 0.5796 | WorstLoss 1.6311
[Tracker] Saved snapshot: ep0800_phase1_class1
[Phase] Finished phase1_class1 | best global_obj=0.9639
Phase 2 anchors: 1764 (y=0 & disadv=1)
FFNN Using device: cuda:0

============================================================
[Phase] Starting phase2_class0 | target_class=0 | episodes=200
============================================================
[Tracker] Ep    1 | AvgR 0.0002 | Global 0.9875 | Local 0.0108 | F1_macro 0.6683 | WorstLoss 1.6763
[Tracker] New BEST synthetic [phase2_class0] (by global.global_obj: 0.987534) saved.
[Tracker] BEST β weights [phase2_class0] saved -> training_runs/SPECv16_bias05_rl_census_3seeds_EP800_PCA10_REWfairness_minID1_majID0_TRJ2000_REAL3000_BIAS0.05_GG202603180827_69232259/seed_1/best_beta_state_dict_phase2_class0.pt
[Tracker] Ep    2 | AvgR 0.0002 | Global 0.9855 | Local 0.0113 | F1_macro 0.6676 | WorstLoss 1.6449
[Tracker] Ep    3 | AvgR 0.0001 | Global 0.9120 | Local 0.0008 | F1_macro 0.6681 | WorstLoss 1.8851
[Tracker] Ep    4 | AvgR 0.0001 | Global 0.9689 | Local 0.0011 | F1_macro 0.6706 | WorstLoss 1.7711
[Tracker] Ep    5 | AvgR 0.0001 | Global 0.9609 | Local 0.0005 | F1_macro 0.6658 | WorstLoss 1.7746
[Tracker] Saved snapshot: ep0005_phase2_class0
[Tracker] Ep    6 | AvgR 0.0001 | Global 0.8983 | Local 0.0029 | F1_macro 0.6700 | WorstLoss 1.9139
[Tracker] Ep    7 | AvgR 0.0002 | Global 0.9933 | Local 0.0095 | F1_macro 0.6763 | WorstLoss 1.6046
[Tracker] New BEST synthetic [phase2_class0] (by global.global_obj: 0.993266) saved.
[Tracker] BEST β weights [phase2_class0] saved -> training_runs/SPECv16_bias05_rl_census_3seeds_EP800_PCA10_REWfairness_minID1_majID0_TRJ2000_REAL3000_BIAS0.05_GG202603180827_69232259/seed_1/best_beta_state_dict_phase2_class0.pt
[Tracker] Ep    8 | AvgR 0.0001 | Global 0.9192 | Local 0.0020 | F1_macro 0.6636 | WorstLoss 1.8769
[Tracker] Ep    9 | AvgR 0.0002 | Global 0.9554 | Local 0.0075 | F1_macro 0.6604 | WorstLoss 1.7728
[Tracker] Ep   10 | AvgR 0.0002 | Global 0.9703 | Local 0.0016 | F1_macro 0.6668 | WorstLoss 1.7532
[Tracker] Saved snapshot: ep0010_phase2_class0
[Tracker] Ep   11 | AvgR 0.0001 | Global 0.8958 | Local 0.0006 | F1_macro 0.6660 | WorstLoss 1.9111
[Tracker] Ep   12 | AvgR 0.0001 | Global 0.9322 | Local 0.0111 | F1_macro 0.6571 | WorstLoss 1.8476
[Tracker] Ep   13 | AvgR 0.0002 | Global 0.9640 | Local 0.0052 | F1_macro 0.6672 | WorstLoss 1.7747
[Tracker] Ep   14 | AvgR 0.0001 | Global 0.8229 | Local 0.0003 | F1_macro 0.6704 | WorstLoss 1.9761
[Tracker] Ep   15 | AvgR 0.0002 | Global 0.9795 | Local 0.0015 | F1_macro 0.6733 | WorstLoss 1.6628
[Tracker] Saved snapshot: ep0015_phase2_class0
[Tracker] Ep   16 | AvgR 0.0001 | Global 0.9069 | Local 0.0018 | F1_macro 0.6648 | WorstLoss 1.9013
[Tracker] Ep   17 | AvgR 0.0002 | Global 0.9685 | Local 0.0070 | F1_macro 0.6684 | WorstLoss 1.7394
[Tracker] Ep   18 | AvgR 0.0002 | Global 0.9700 | Local 0.0011 | F1_macro 0.6586 | WorstLoss 1.6947
[Tracker] Ep   19 | AvgR 0.0001 | Global 0.8514 | Local 0.0113 | F1_macro 0.6725 | WorstLoss 1.9433
[Tracker] Ep   20 | AvgR 0.0001 | Global 0.8104 | Local 0.0005 | F1_macro 0.6619 | WorstLoss 1.9823
[Tracker] Saved snapshot: ep0020_phase2_class0
[Tracker] Ep   21 | AvgR 0.0002 | Global 0.9672 | Local 0.0058 | F1_macro 0.6541 | WorstLoss 1.7106
[Tracker] Ep   22 | AvgR 0.0001 | Global 0.9005 | Local 0.0035 | F1_macro 0.6691 | WorstLoss 1.9013
[Tracker] Ep   23 | AvgR 0.0002 | Global 0.9476 | Local 0.0163 | F1_macro 0.6646 | WorstLoss 1.7843
[Tracker] Ep   24 | AvgR 0.0001 | Global 0.7914 | Local 0.0032 | F1_macro 0.6665 | WorstLoss 1.9981
[Tracker] Ep   25 | AvgR 0.0001 | Global 0.8533 | Local 0.0017 | F1_macro 0.6662 | WorstLoss 1.9476
[Tracker] Saved snapshot: ep0025_phase2_class0
[Tracker] Ep   26 | AvgR 0.0002 | Global 0.9658 | Local 0.0003 | F1_macro 0.6594 | WorstLoss 1.7470
[Tracker] Ep   27 | AvgR 0.0002 | Global 0.9120 | Local 0.0035 | F1_macro 0.6649 | WorstLoss 1.8771
[Tracker] Ep   28 | AvgR 0.0001 | Global 0.7839 | Local 0.0013 | F1_macro 0.6694 | WorstLoss 2.0022
[Tracker] Ep   29 | AvgR 0.0002 | Global 0.9510 | Local 0.0007 | F1_macro 0.6619 | WorstLoss 1.8056
[Tracker] Ep   30 | AvgR 0.0002 | Global 0.9589 | Local 0.0005 | F1_macro 0.6639 | WorstLoss 1.7950
[Tracker] Saved snapshot: ep0030_phase2_class0
[Tracker] Ep   31 | AvgR 0.0001 | Global 0.8637 | Local 0.0002 | F1_macro 0.6725 | WorstLoss 1.9389
[Tracker] Ep   32 | AvgR 0.0002 | Global 0.9756 | Local 0.0019 | F1_macro 0.6639 | WorstLoss 1.7083
[Tracker] Ep   33 | AvgR 0.0002 | Global 0.9766 | Local 0.0021 | F1_macro 0.6620 | WorstLoss 1.6386
[Tracker] Ep   34 | AvgR 0.0002 | Global 0.9845 | Local 0.0019 | F1_macro 0.6599 | WorstLoss 1.6536
[Tracker] Ep   35 | AvgR 0.0002 | Global 0.9074 | Local 0.0018 | F1_macro 0.6629 | WorstLoss 1.8857
[Tracker] Saved snapshot: ep0035_phase2_class0
[Tracker] Ep   36 | AvgR 0.0002 | Global 0.9721 | Local 0.0014 | F1_macro 0.6627 | WorstLoss 1.7389
[Tracker] Ep   37 | AvgR 0.0002 | Global 0.8862 | Local 0.0027 | F1_macro 0.6730 | WorstLoss 1.9172
[Tracker] Ep   38 | AvgR 0.0002 | Global 0.9651 | Local 0.0018 | F1_macro 0.6701 | WorstLoss 1.7776
[Tracker] Ep   39 | AvgR 0.0002 | Global 0.9876 | Local 0.0035 | F1_macro 0.6698 | WorstLoss 1.5337
[Tracker] Ep   40 | AvgR 0.0002 | Global 0.9792 | Local 0.0012 | F1_macro 0.6634 | WorstLoss 1.7044
[Tracker] Saved snapshot: ep0040_phase2_class0
[Tracker] Ep   41 | AvgR 0.0002 | Global 0.9267 | Local 0.0007 | F1_macro 0.6671 | WorstLoss 1.8630
[Tracker] Ep   42 | AvgR 0.0002 | Global 0.9528 | Local 0.0029 | F1_macro 0.6681 | WorstLoss 1.8060
[Tracker] Ep   43 | AvgR 0.0002 | Global 0.9727 | Local 0.0006 | F1_macro 0.6668 | WorstLoss 1.7221
[Tracker] Ep   44 | AvgR 0.0002 | Global 0.9809 | Local 0.0005 | F1_macro 0.6725 | WorstLoss 1.6846
[Tracker] Ep   45 | AvgR 0.0002 | Global 0.9903 | Local 0.0034 | F1_macro 0.6634 | WorstLoss 1.6355
[Tracker] Saved snapshot: ep0045_phase2_class0
[Tracker] Ep   46 | AvgR 0.0002 | Global 0.9858 | Local 0.0014 | F1_macro 0.6531 | WorstLoss 1.5551
[Tracker] Ep   47 | AvgR 0.0002 | Global 0.9079 | Local 0.0006 | F1_macro 0.6680 | WorstLoss 1.8965
[Tracker] Ep   48 | AvgR 0.0002 | Global 0.9464 | Local 0.0006 | F1_macro 0.6671 | WorstLoss 1.8199
[Tracker] Ep   49 | AvgR 0.0002 | Global 0.9779 | Local 0.0026 | F1_macro 0.6642 | WorstLoss 1.7058
[Tracker] Ep   50 | AvgR 0.0002 | Global 0.8844 | Local 0.0011 | F1_macro 0.6636 | WorstLoss 1.9207
[Tracker] Saved snapshot: ep0050_phase2_class0
[Tracker] Ep   51 | AvgR 0.0002 | Global 0.8610 | Local 0.0109 | F1_macro 0.6582 | WorstLoss 1.9356
[Tracker] Ep   52 | AvgR 0.0002 | Global 0.9280 | Local 0.0013 | F1_macro 0.6676 | WorstLoss 1.8582
[Tracker] Ep   53 | AvgR 0.0002 | Global 0.9431 | Local 0.0051 | F1_macro 0.6701 | WorstLoss 1.8399
[Tracker] Ep   54 | AvgR 0.0002 | Global 0.9918 | Local 0.0002 | F1_macro 0.6613 | WorstLoss 1.5042
[Tracker] Ep   55 | AvgR 0.0002 | Global 0.9326 | Local 0.0010 | F1_macro 0.6695 | WorstLoss 1.8499
[Tracker] Saved snapshot: ep0055_phase2_class0
[Tracker] Ep   56 | AvgR 0.0002 | Global 0.9378 | Local 0.0011 | F1_macro 0.6648 | WorstLoss 1.8323
[Tracker] Ep   57 | AvgR 0.0002 | Global 0.9732 | Local 0.0016 | F1_macro 0.6711 | WorstLoss 1.7344
[Tracker] Ep   58 | AvgR 0.0002 | Global 0.9748 | Local 0.0030 | F1_macro 0.6710 | WorstLoss 1.7475
[Tracker] Ep   59 | AvgR 0.0002 | Global 0.9263 | Local 0.0053 | F1_macro 0.6592 | WorstLoss 1.8592
[Tracker] Ep   60 | AvgR 0.0002 | Global 0.9223 | Local 0.0014 | F1_macro 0.6641 | WorstLoss 1.8789
[Tracker] Saved snapshot: ep0060_phase2_class0
[Tracker] Ep   61 | AvgR 0.0002 | Global 0.9512 | Local 0.0051 | F1_macro 0.6584 | WorstLoss 1.8092
[Tracker] Ep   62 | AvgR 0.0002 | Global 0.9691 | Local 0.0014 | F1_macro 0.6706 | WorstLoss 1.7420
[Tracker] Ep   63 | AvgR 0.0002 | Global 0.9458 | Local 0.0008 | F1_macro 0.6735 | WorstLoss 1.8222
[Tracker] Ep   64 | AvgR 0.0000 | Global 0.2553 | Local 0.0110 | F1_macro 0.6635 | WorstLoss 2.2421
[Tracker] Ep   65 | AvgR 0.0002 | Global 0.9790 | Local 0.0035 | F1_macro 0.6650 | WorstLoss 1.7325
[Tracker] Saved snapshot: ep0065_phase2_class0
[Tracker] Ep   66 | AvgR 0.0002 | Global 0.9871 | Local 0.0019 | F1_macro 0.6672 | WorstLoss 1.5814
[Tracker] Ep   67 | AvgR 0.0002 | Global 0.9617 | Local 0.0015 | F1_macro 0.6678 | WorstLoss 1.7715
[Tracker] Ep   68 | AvgR 0.0002 | Global 0.9508 | Local 0.0138 | F1_macro 0.6568 | WorstLoss 1.8042
[Tracker] Ep   69 | AvgR 0.0002 | Global 0.9628 | Local 0.0009 | F1_macro 0.6617 | WorstLoss 1.7760
[Tracker] Ep   70 | AvgR 0.0002 | Global 0.9880 | Local 0.0002 | F1_macro 0.6766 | WorstLoss 1.6319
[Tracker] Saved snapshot: ep0070_phase2_class0
[Tracker] Ep   71 | AvgR 0.0002 | Global 0.8857 | Local 0.0056 | F1_macro 0.6657 | WorstLoss 1.9123
[Tracker] Ep   72 | AvgR 0.0002 | Global 0.8115 | Local 0.0064 | F1_macro 0.6645 | WorstLoss 1.9802
[Tracker] Ep   73 | AvgR 0.0002 | Global 0.9540 | Local 0.0009 | F1_macro 0.6658 | WorstLoss 1.8014
[Tracker] Ep   74 | AvgR 0.0002 | Global 0.9408 | Local 0.0002 | F1_macro 0.6709 | WorstLoss 1.8443
[Tracker] Ep   75 | AvgR 0.0002 | Global 0.9815 | Local 0.0011 | F1_macro 0.6623 | WorstLoss 1.6407
[Tracker] Saved snapshot: ep0075_phase2_class0
[Tracker] Ep   76 | AvgR 0.0002 | Global 0.9832 | Local 0.0008 | F1_macro 0.6757 | WorstLoss 1.6791
[Tracker] Ep   77 | AvgR 0.0002 | Global 0.9603 | Local 0.0028 | F1_macro 0.6664 | WorstLoss 1.7928
[Tracker] Ep   78 | AvgR 0.0002 | Global 0.9910 | Local 0.0003 | F1_macro 0.6740 | WorstLoss 1.5398
[Tracker] Ep   79 | AvgR 0.0002 | Global 0.8866 | Local 0.0002 | F1_macro 0.6695 | WorstLoss 1.9200
[Tracker] Ep   80 | AvgR 0.0002 | Global 0.9912 | Local 0.0009 | F1_macro 0.6724 | WorstLoss 1.5788
[Tracker] Saved snapshot: ep0080_phase2_class0
[Tracker] Ep   81 | AvgR 0.0002 | Global 0.9796 | Local 0.0010 | F1_macro 0.6623 | WorstLoss 1.6883
[Tracker] Ep   82 | AvgR 0.0001 | Global 0.7696 | Local 0.0043 | F1_macro 0.6655 | WorstLoss 2.0050
[Tracker] Ep   83 | AvgR 0.0002 | Global 0.9838 | Local 0.0007 | F1_macro 0.6679 | WorstLoss 1.6579
[Tracker] Ep   84 | AvgR 0.0002 | Global 0.8789 | Local 0.0024 | F1_macro 0.6629 | WorstLoss 1.9213
[Tracker] Ep   85 | AvgR 0.0002 | Global 0.9324 | Local 0.0003 | F1_macro 0.6648 | WorstLoss 1.8563
[Tracker] Saved snapshot: ep0085_phase2_class0
[Tracker] Ep   86 | AvgR 0.0002 | Global 0.9347 | Local 0.0017 | F1_macro 0.6676 | WorstLoss 1.8469
[Tracker] Ep   87 | AvgR 0.0002 | Global 0.9781 | Local 0.0007 | F1_macro 0.6609 | WorstLoss 1.6977
[Tracker] Ep   88 | AvgR 0.0002 | Global 0.9536 | Local 0.0028 | F1_macro 0.6596 | WorstLoss 1.7752
[Tracker] Ep   89 | AvgR 0.0002 | Global 0.9757 | Local 0.0027 | F1_macro 0.6629 | WorstLoss 1.7089
[Tracker] Ep   90 | AvgR 0.0002 | Global 0.9837 | Local 0.0004 | F1_macro 0.6638 | WorstLoss 1.6477
[Tracker] Saved snapshot: ep0090_phase2_class0
[Tracker] Ep   91 | AvgR 0.0002 | Global 0.9749 | Local 0.0004 | F1_macro 0.6671 | WorstLoss 1.7174
[Tracker] Ep   92 | AvgR 0.0002 | Global 0.9075 | Local 0.0014 | F1_macro 0.6706 | WorstLoss 1.8937
[Tracker] Ep   93 | AvgR 0.0002 | Global 0.9834 | Local 0.0009 | F1_macro 0.6720 | WorstLoss 1.6930
[Tracker] Ep   94 | AvgR 0.0002 | Global 0.9609 | Local 0.0005 | F1_macro 0.6646 | WorstLoss 1.7879
[Tracker] Ep   95 | AvgR 0.0002 | Global 0.9853 | Local 0.0006 | F1_macro 0.6749 | WorstLoss 1.6739
[Tracker] Saved snapshot: ep0095_phase2_class0
[Tracker] Ep   96 | AvgR 0.0002 | Global 0.9606 | Local 0.0042 | F1_macro 0.6591 | WorstLoss 1.7576
[Tracker] Ep   97 | AvgR 0.0002 | Global 0.9718 | Local 0.0008 | F1_macro 0.6615 | WorstLoss 1.7044
[Tracker] Ep   98 | AvgR 0.0002 | Global 0.9345 | Local 0.0034 | F1_macro 0.6650 | WorstLoss 1.8390
[Tracker] Ep   99 | AvgR 0.0002 | Global 0.9891 | Local 0.0003 | F1_macro 0.6592 | WorstLoss 1.5154
[Tracker] Ep  100 | AvgR 0.0002 | Global 0.9903 | Local 0.0005 | F1_macro 0.6637 | WorstLoss 1.5413
[Tracker] Saved snapshot: ep0100_phase2_class0
[Tracker] Ep  101 | AvgR 0.0002 | Global 0.9835 | Local 0.0007 | F1_macro 0.6670 | WorstLoss 1.6941
[Tracker] Ep  102 | AvgR 0.0002 | Global 0.9855 | Local 0.0010 | F1_macro 0.6567 | WorstLoss 1.6613
[Tracker] Ep  103 | AvgR 0.0002 | Global 0.9553 | Local 0.0027 | F1_macro 0.6705 | WorstLoss 1.8021
[Tracker] Ep  104 | AvgR 0.0002 | Global 0.9512 | Local 0.0003 | F1_macro 0.6648 | WorstLoss 1.8066
[Tracker] Ep  105 | AvgR 0.0002 | Global 0.9754 | Local 0.0012 | F1_macro 0.6706 | WorstLoss 1.7212
[Tracker] Saved snapshot: ep0105_phase2_class0
[Tracker] Ep  106 | AvgR 0.0002 | Global 0.9592 | Local 0.0006 | F1_macro 0.6725 | WorstLoss 1.8021
[Tracker] Ep  107 | AvgR 0.0002 | Global 0.9507 | Local 0.0035 | F1_macro 0.6680 | WorstLoss 1.8114
[Tracker] Ep  108 | AvgR 0.0002 | Global 0.9884 | Local 0.0024 | F1_macro 0.6688 | WorstLoss 1.6792
[Tracker] Ep  109 | AvgR 0.0002 | Global 0.9242 | Local 0.0005 | F1_macro 0.6671 | WorstLoss 1.8600
[Tracker] Ep  110 | AvgR 0.0002 | Global 0.9804 | Local 0.0053 | F1_macro 0.6625 | WorstLoss 1.7047
[Tracker] Saved snapshot: ep0110_phase2_class0
[Tracker] Ep  111 | AvgR 0.0002 | Global 0.9716 | Local 0.0008 | F1_macro 0.6636 | WorstLoss 1.7514
[Tracker] Ep  112 | AvgR 0.0002 | Global 0.7320 | Local 0.0004 | F1_macro 0.6633 | WorstLoss 2.0325
[Tracker] Ep  113 | AvgR 0.0002 | Global 0.9076 | Local 0.0008 | F1_macro 0.6593 | WorstLoss 1.8898
[Tracker] Ep  114 | AvgR 0.0002 | Global 0.9281 | Local 0.0026 | F1_macro 0.6663 | WorstLoss 1.8585
[Tracker] Ep  115 | AvgR 0.0002 | Global 0.9831 | Local 0.0087 | F1_macro 0.6549 | WorstLoss 1.6158
[Tracker] Saved snapshot: ep0115_phase2_class0
[Tracker] Ep  116 | AvgR 0.0002 | Global 0.9396 | Local 0.0008 | F1_macro 0.6750 | WorstLoss 1.8513
[Tracker] Ep  117 | AvgR 0.0002 | Global 0.9586 | Local 0.0030 | F1_macro 0.6682 | WorstLoss 1.7820
[Tracker] Ep  118 | AvgR 0.0002 | Global 0.7724 | Local 0.0035 | F1_macro 0.6661 | WorstLoss 2.0078
[Tracker] Ep  119 | AvgR 0.0002 | Global 0.9705 | Local 0.0033 | F1_macro 0.6588 | WorstLoss 1.6959
[Tracker] Ep  120 | AvgR 0.0002 | Global 0.9214 | Local 0.0003 | F1_macro 0.6652 | WorstLoss 1.8644
[Tracker] Saved snapshot: ep0120_phase2_class0
[Tracker] Ep  121 | AvgR 0.0002 | Global 0.7275 | Local 0.0145 | F1_macro 0.6735 | WorstLoss 2.0288
[Tracker] Ep  122 | AvgR 0.0002 | Global 0.9232 | Local 0.0004 | F1_macro 0.6690 | WorstLoss 1.8685
[Tracker] Ep  123 | AvgR 0.0002 | Global 0.9537 | Local 0.0045 | F1_macro 0.6629 | WorstLoss 1.8124
[Tracker] Ep  124 | AvgR 0.0002 | Global 0.8744 | Local 0.0030 | F1_macro 0.6677 | WorstLoss 1.9330
[Tracker] Ep  125 | AvgR 0.0002 | Global 0.9682 | Local 0.0120 | F1_macro 0.6622 | WorstLoss 1.7622
[Tracker] Saved snapshot: ep0125_phase2_class0
[Tracker] Ep  126 | AvgR 0.0002 | Global 0.9848 | Local 0.0023 | F1_macro 0.6684 | WorstLoss 1.6772
[Tracker] Ep  127 | AvgR 0.0002 | Global 0.9934 | Local 0.0043 | F1_macro 0.6586 | WorstLoss 1.5699
[Tracker] New BEST synthetic [phase2_class0] (by global.global_obj: 0.993420) saved.
[Tracker] BEST β weights [phase2_class0] saved -> training_runs/SPECv16_bias05_rl_census_3seeds_EP800_PCA10_REWfairness_minID1_majID0_TRJ2000_REAL3000_BIAS0.05_GG202603180827_69232259/seed_1/best_beta_state_dict_phase2_class0.pt
[Tracker] Ep  128 | AvgR 0.0002 | Global 0.8878 | Local 0.0056 | F1_macro 0.6680 | WorstLoss 1.9133
[Tracker] Ep  129 | AvgR 0.0002 | Global 0.9509 | Local 0.0014 | F1_macro 0.6671 | WorstLoss 1.8149
[Tracker] Ep  130 | AvgR 0.0002 | Global 0.8065 | Local 0.0037 | F1_macro 0.6735 | WorstLoss 1.9839
[Tracker] Saved snapshot: ep0130_phase2_class0
[Tracker] Ep  131 | AvgR 0.0002 | Global 0.9243 | Local 0.0005 | F1_macro 0.6701 | WorstLoss 1.8624
[Tracker] Ep  132 | AvgR 0.0002 | Global 0.9828 | Local 0.0015 | F1_macro 0.6568 | WorstLoss 1.6325
[Tracker] Ep  133 | AvgR 0.0002 | Global 0.9037 | Local 0.0007 | F1_macro 0.6700 | WorstLoss 1.9036
[Tracker] Ep  134 | AvgR 0.0002 | Global 0.9850 | Local 0.0002 | F1_macro 0.6702 | WorstLoss 1.6349
[Tracker] Ep  135 | AvgR 0.0002 | Global 0.8273 | Local 0.0019 | F1_macro 0.6628 | WorstLoss 1.9682
[Tracker] Saved snapshot: ep0135_phase2_class0
[Tracker] Ep  136 | AvgR 0.0002 | Global 0.9756 | Local 0.0021 | F1_macro 0.6730 | WorstLoss 1.7271
[Tracker] Ep  137 | AvgR 0.0000 | Global 0.0543 | Local 0.0119 | F1_macro 0.6523 | WorstLoss 2.4198
[Tracker] Ep  138 | AvgR 0.0002 | Global 0.9496 | Local 0.0052 | F1_macro 0.6648 | WorstLoss 1.8079
[Tracker] Ep  139 | AvgR 0.0002 | Global 0.9612 | Local 0.0020 | F1_macro 0.6632 | WorstLoss 1.7674
[Tracker] Ep  140 | AvgR 0.0002 | Global 0.9882 | Local 0.0014 | F1_macro 0.6631 | WorstLoss 1.5622
[Tracker] Saved snapshot: ep0140_phase2_class0
[Tracker] Ep  141 | AvgR 0.0002 | Global 0.9920 | Local 0.0005 | F1_macro 0.6619 | WorstLoss 1.5384
[Tracker] Ep  142 | AvgR 0.0002 | Global 0.9956 | Local 0.0013 | F1_macro 0.6650 | WorstLoss 1.5225
[Tracker] New BEST synthetic [phase2_class0] (by global.global_obj: 0.995589) saved.
[Tracker] BEST β weights [phase2_class0] saved -> training_runs/SPECv16_bias05_rl_census_3seeds_EP800_PCA10_REWfairness_minID1_majID0_TRJ2000_REAL3000_BIAS0.05_GG202603180827_69232259/seed_1/best_beta_state_dict_phase2_class0.pt
[Tracker] Ep  143 | AvgR 0.0002 | Global 0.9653 | Local 0.0030 | F1_macro 0.6674 | WorstLoss 1.7609
[Tracker] Ep  144 | AvgR 0.0002 | Global 0.9531 | Local 0.0016 | F1_macro 0.6641 | WorstLoss 1.7943
[Tracker] Ep  145 | AvgR 0.0002 | Global 0.9801 | Local 0.0141 | F1_macro 0.6609 | WorstLoss 1.7092
[Tracker] Saved snapshot: ep0145_phase2_class0
[Tracker] Ep  146 | AvgR 0.0002 | Global 0.9021 | Local 0.0006 | F1_macro 0.6740 | WorstLoss 1.9071
[Tracker] Ep  147 | AvgR 0.0002 | Global 0.9903 | Local 0.0011 | F1_macro 0.6596 | WorstLoss 1.5884
[Tracker] Ep  148 | AvgR 0.0002 | Global 0.9613 | Local 0.0015 | F1_macro 0.6644 | WorstLoss 1.7659
[Tracker] Ep  149 | AvgR 0.0002 | Global 0.9587 | Local 0.0018 | F1_macro 0.6686 | WorstLoss 1.7981
[Tracker] Ep  150 | AvgR 0.0002 | Global 0.8956 | Local 0.0003 | F1_macro 0.6689 | WorstLoss 1.9066
[Tracker] Saved snapshot: ep0150_phase2_class0
[Tracker] Ep  151 | AvgR 0.0002 | Global 0.9490 | Local 0.0041 | F1_macro 0.6730 | WorstLoss 1.8340
[Tracker] Ep  152 | AvgR 0.0002 | Global 0.8938 | Local 0.0017 | F1_macro 0.6695 | WorstLoss 1.9059
[Tracker] Ep  153 | AvgR 0.0002 | Global 0.9783 | Local 0.0010 | F1_macro 0.6701 | WorstLoss 1.7219
[Tracker] Ep  154 | AvgR 0.0002 | Global 0.9458 | Local 0.0057 | F1_macro 0.6725 | WorstLoss 1.8249
[Tracker] Ep  155 | AvgR 0.0002 | Global 0.9418 | Local 0.0007 | F1_macro 0.6686 | WorstLoss 1.8407
[Tracker] Saved snapshot: ep0155_phase2_class0
[Tracker] Ep  156 | AvgR 0.0002 | Global 0.8689 | Local 0.0033 | F1_macro 0.6632 | WorstLoss 1.9362
[Tracker] Ep  157 | AvgR 0.0002 | Global 0.9839 | Local 0.0096 | F1_macro 0.6729 | WorstLoss 1.6866
[Tracker] Ep  158 | AvgR 0.0002 | Global 0.9782 | Local 0.0070 | F1_macro 0.6688 | WorstLoss 1.7175
[Tracker] Ep  159 | AvgR 0.0002 | Global 0.9444 | Local 0.0032 | F1_macro 0.6690 | WorstLoss 1.8414
[Tracker] Ep  160 | AvgR 0.0002 | Global 0.9419 | Local 0.0010 | F1_macro 0.6686 | WorstLoss 1.8400
[Tracker] Saved snapshot: ep0160_phase2_class0
[Tracker] Ep  161 | AvgR 0.0002 | Global 0.9591 | Local 0.0301 | F1_macro 0.6453 | WorstLoss 1.7436
[Tracker] Ep  162 | AvgR 0.0002 | Global 0.9304 | Local 0.0274 | F1_macro 0.6617 | WorstLoss 1.8223
[Tracker] Ep  163 | AvgR 0.0002 | Global 0.9140 | Local 0.0294 | F1_macro 0.6403 | WorstLoss 1.8629
[Tracker] Ep  164 | AvgR 0.0002 | Global 0.7974 | Local 0.0517 | F1_macro 0.6393 | WorstLoss 1.9752
[Tracker] Ep  165 | AvgR 0.0002 | Global 0.9258 | Local 0.0354 | F1_macro 0.6522 | WorstLoss 1.8412
[Tracker] Saved snapshot: ep0165_phase2_class0
[Tracker] Ep  166 | AvgR 0.0001 | Global 0.6154 | Local 0.0157 | F1_macro 0.6467 | WorstLoss 2.0829
[Tracker] Ep  167 | AvgR 0.0002 | Global 0.9700 | Local 0.0290 | F1_macro 0.6548 | WorstLoss 1.6821
[Tracker] Ep  168 | AvgR 0.0002 | Global 0.9773 | Local 0.0262 | F1_macro 0.6611 | WorstLoss 1.6062
[Tracker] Ep  169 | AvgR 0.0002 | Global 0.7972 | Local 0.0282 | F1_macro 0.6471 | WorstLoss 1.9860
[Tracker] Ep  170 | AvgR 0.0002 | Global 0.9831 | Local 0.0142 | F1_macro 0.6648 | WorstLoss 1.5901
[Tracker] Saved snapshot: ep0170_phase2_class0
[Tracker] Ep  171 | AvgR 0.0002 | Global 0.7360 | Local 0.0433 | F1_macro 0.6479 | WorstLoss 2.0175
[Tracker] Ep  172 | AvgR 0.0002 | Global 0.9485 | Local 0.0527 | F1_macro 0.6510 | WorstLoss 1.7598
[Tracker] Ep  173 | AvgR 0.0002 | Global 0.9814 | Local 0.0417 | F1_macro 0.6704 | WorstLoss 1.5417
[Tracker] Ep  174 | AvgR 0.0002 | Global 0.9630 | Local 0.0445 | F1_macro 0.6578 | WorstLoss 1.7140
[Tracker] Ep  175 | AvgR 0.0002 | Global 0.9045 | Local 0.0328 | F1_macro 0.6495 | WorstLoss 1.8742
[Tracker] Saved snapshot: ep0175_phase2_class0
[Tracker] Ep  176 | AvgR 0.0002 | Global 0.9565 | Local 0.0460 | F1_macro 0.6381 | WorstLoss 1.7052
[Tracker] Ep  177 | AvgR 0.0002 | Global 0.9664 | Local 0.0397 | F1_macro 0.6480 | WorstLoss 1.6948
[Tracker] Ep  178 | AvgR 0.0002 | Global 0.9234 | Local 0.0467 | F1_macro 0.6394 | WorstLoss 1.8072
[Tracker] Ep  179 | AvgR 0.0002 | Global 0.9251 | Local 0.0541 | F1_macro 0.6373 | WorstLoss 1.8356
[Tracker] Ep  180 | AvgR 0.0002 | Global 0.7640 | Local 0.0559 | F1_macro 0.6481 | WorstLoss 1.9999
[Tracker] Saved snapshot: ep0180_phase2_class0
[Tracker] Ep  181 | AvgR 0.0002 | Global 0.9483 | Local 0.0439 | F1_macro 0.6427 | WorstLoss 1.7395
[Tracker] Ep  182 | AvgR 0.0002 | Global 0.9407 | Local 0.0270 | F1_macro 0.6475 | WorstLoss 1.8092
[Tracker] Ep  183 | AvgR 0.0002 | Global 0.9617 | Local 0.0409 | F1_macro 0.6471 | WorstLoss 1.7312
[Tracker] Ep  184 | AvgR 0.0002 | Global 0.9682 | Local 0.0343 | F1_macro 0.6524 | WorstLoss 1.7232
[Tracker] Ep  185 | AvgR 0.0002 | Global 0.9607 | Local 0.0554 | F1_macro 0.6589 | WorstLoss 1.6556
[Tracker] Saved snapshot: ep0185_phase2_class0
[Tracker] Ep  186 | AvgR 0.0002 | Global 0.9200 | Local 0.0479 | F1_macro 0.6503 | WorstLoss 1.8172
[Tracker] Ep  187 | AvgR 0.0002 | Global 0.9072 | Local 0.0377 | F1_macro 0.6443 | WorstLoss 1.8603
[Tracker] Ep  188 | AvgR 0.0002 | Global 0.9250 | Local 0.0372 | F1_macro 0.6528 | WorstLoss 1.8277
[Tracker] Ep  189 | AvgR 0.0003 | Global 0.9823 | Local 0.0540 | F1_macro 0.6568 | WorstLoss 1.4957
[Tracker] Ep  190 | AvgR 0.0002 | Global 0.9168 | Local 0.0309 | F1_macro 0.6562 | WorstLoss 1.8558
[Tracker] Saved snapshot: ep0190_phase2_class0
[Tracker] Ep  191 | AvgR 0.0003 | Global 0.9658 | Local 0.0508 | F1_macro 0.6620 | WorstLoss 1.6562
[Tracker] Ep  192 | AvgR 0.0001 | Global 0.3975 | Local 0.0607 | F1_macro 0.6390 | WorstLoss 2.1736
[Tracker] Ep  193 | AvgR 0.0002 | Global 0.9250 | Local 0.0418 | F1_macro 0.6604 | WorstLoss 1.8233
[Tracker] Ep  194 | AvgR 0.0002 | Global 0.9421 | Local 0.0420 | F1_macro 0.6550 | WorstLoss 1.7878
[Tracker] Ep  195 | AvgR 0.0002 | Global 0.8615 | Local 0.0397 | F1_macro 0.6411 | WorstLoss 1.9336
[Tracker] Saved snapshot: ep0195_phase2_class0
[Tracker] Ep  196 | AvgR 0.0002 | Global 0.7881 | Local 0.0437 | F1_macro 0.6289 | WorstLoss 1.9840
[Tracker] Ep  197 | AvgR 0.0001 | Global 0.5005 | Local 0.0446 | F1_macro 0.6407 | WorstLoss 2.1266
[Tracker] Ep  198 | AvgR 0.0002 | Global 0.8992 | Local 0.0463 | F1_macro 0.6369 | WorstLoss 1.8751
[Tracker] Ep  199 | AvgR 0.0002 | Global 0.9340 | Local 0.0554 | F1_macro 0.6587 | WorstLoss 1.7928
[Tracker] Ep  200 | AvgR 0.0003 | Global 0.9570 | Local 0.0514 | F1_macro 0.6437 | WorstLoss 1.6972
[Tracker] Saved snapshot: ep0200_phase2_class0
[Phase] Finished phase2_class0 | best global_obj=0.9956
FFNN Using device: cuda:0
[Combined] Saved combined beta -> training_runs/SPECv16_bias05_rl_census_3seeds_EP800_PCA10_REWfairness_minID1_majID0_TRJ2000_REAL3000_BIAS0.05_GG202603180827_69232259/seed_1/best_beta_state_dict.pt
[Combined] Saved combined synthetic -> training_runs/SPECv16_bias05_rl_census_3seeds_EP800_PCA10_REWfairness_minID1_majID0_TRJ2000_REAL3000_BIAS0.05_GG202603180827_69232259/seed_1/best_synthetic_combined.npz
FFNN Using device: cuda:0
[TestSuite] Loaded best β weights from: training_runs/SPECv16_bias05_rl_census_3seeds_EP800_PCA10_REWfairness_minID1_majID0_TRJ2000_REAL3000_BIAS0.05_GG202603180827_69232259/seed_1/best_beta_state_dict.pt

[TEST] Alpha -> F1(min)=0.2535 | F1(maj)=0.8798 | F1(weighted)=0.7289 | F1(macro)=0.5666 | Brier=0.1530
[TEST] Beta  -> F1(min)=0.4219 | F1(maj)=0.8865 | F1(weighted)=0.7746 | F1(macro)=0.6542 | Brier=0.1405
[TestSuite] Final test metrics appended to (seed): training_runs/SPECv16_bias05_rl_census_3seeds_EP800_PCA10_REWfairness_minID1_majID0_TRJ2000_REAL3000_BIAS0.05_GG202603180827_69232259/seed_1/final_test_metrics.csv
[TestSuite] Final test metrics appended to (experiment): training_runs/SPECv16_bias05_rl_census_3seeds_EP800_PCA10_REWfairness_minID1_majID0_TRJ2000_REAL3000_BIAS0.05_GG202603180827_69232259/final_test_metrics.csv
Total time 2106.80s
[Tracker] Finished. Run folder: training_runs/SPECv16_bias05_rl_census_3seeds_EP800_PCA10_REWfairness_minID1_majID0_TRJ2000_REAL3000_BIAS0.05_GG202603180827_69232259/seed_1
