[main] spec=v17a_bias05_rl_census_3seeds.json device=cuda:0
[main] exp_group=SPEC_v17a_bias05_rl_census_3seeds_09a51269__G202603181225
[main] seeds=[42, 0, 1]
[main] ---- running seed=42 ----
FFNN Using device: cuda:0
FFNN Using device: cuda:0
[Tracker] Experiment: SPECv17a_bias05_rl_census_3seeds_EP800_PCA10_REWfairness_minID1_majID0_TRJ2000_REAL3000_BIAS0.05_GG202603181225_a74b2df8
[Tracker] Seed folder: training_runs/SPECv17a_bias05_rl_census_3seeds_EP800_PCA10_REWfairness_minID1_majID0_TRJ2000_REAL3000_BIAS0.05_GG202603181225_a74b2df8/seed_42
[Tracker] Run: 2026-03-18_12-25-07_seed42_918644_44469d35
[Tracker] Metrics CSV: training_runs/SPECv17a_bias05_rl_census_3seeds_EP800_PCA10_REWfairness_minID1_majID0_TRJ2000_REAL3000_BIAS0.05_GG202603181225_a74b2df8/seed_42/metrics.csv
[Tracker] Mirroring console to: training_runs/SPECv17a_bias05_rl_census_3seeds_EP800_PCA10_REWfairness_minID1_majID0_TRJ2000_REAL3000_BIAS0.05_GG202603181225_a74b2df8/seed_42/console.log
[TRAIN] size=3000, minority=150 (5.00%)
[VAL] size=5204, minority=260 (5.00%)
[TEST] size=6513, minority=1569 (24.09%)
FFNN Using device: cuda:0
FFNN Using device: cuda:0
Beta will train with: 60.00% real data, 40.00% synthetic data: 
[disadv] group=1 per_g={0: 0.07585804909467697, 1: 0.18053318560123444} worst_4g=3.2354 soft_eo_alpha=0.2075
Anchors: 133 (disadv=1) sigma_anchor=0.8500
[Tracker] Alpha model state_dict saved to training_runs/SPECv17a_bias05_rl_census_3seeds_EP800_PCA10_REWfairness_minID1_majID0_TRJ2000_REAL3000_BIAS0.05_GG202603181225_a74b2df8/seed_42/alpha_state_dict.pt
[Tracker] Alpha model config saved to training_runs/SPECv17a_bias05_rl_census_3seeds_EP800_PCA10_REWfairness_minID1_majID0_TRJ2000_REAL3000_BIAS0.05_GG202603181225_a74b2df8/seed_42/ffnn_meta.json

============================================================
[Phase] Starting phase1_class1 | target_class=1 | episodes=800
============================================================
[Tracker] CSV header written with 44 columns.
[Tracker] Ep    1 | AvgR 0.0001 | Global 0.8679 | Local 0.0236 | F1_macro 0.6531 | WorstLoss 3.0419
[Tracker] New BEST synthetic [phase1_class1] (by global.global_obj: 0.867922) saved.
[Tracker] BEST β weights [phase1_class1] saved -> training_runs/SPECv17a_bias05_rl_census_3seeds_EP800_PCA10_REWfairness_minID1_majID0_TRJ2000_REAL3000_BIAS0.05_GG202603181225_a74b2df8/seed_42/best_beta_state_dict_phase1_class1.pt
[Tracker] Ep    2 | AvgR 0.0001 | Global 0.3975 | Local 0.0546 | F1_macro 0.6273 | WorstLoss 3.2735
[Tracker] Ep    3 | AvgR 0.0000 | Global 0.0504 | Local 0.0309 | F1_macro 0.6540 | WorstLoss 3.5267
[Tracker] Ep    4 | AvgR 0.0001 | Global 0.3350 | Local 0.0279 | F1_macro 0.6560 | WorstLoss 3.3012
[Tracker] Ep    5 | AvgR 0.0001 | Global 0.7123 | Local 0.0442 | F1_macro 0.6418 | WorstLoss 3.1399
[Tracker] Saved snapshot: ep0005_phase1_class1
[Tracker] Ep    6 | AvgR 0.0000 | Global 0.0023 | Local 0.0232 | F1_macro 0.6501 | WorstLoss 3.8412
[Tracker] Ep    7 | AvgR 0.0001 | Global 0.6709 | Local 0.0384 | F1_macro 0.6480 | WorstLoss 3.1561
[Tracker] Ep    8 | AvgR 0.0001 | Global 0.7510 | Local 0.0238 | F1_macro 0.6456 | WorstLoss 3.1182
[Tracker] Ep    9 | AvgR 0.0000 | Global 0.0169 | Local 0.0384 | F1_macro 0.6531 | WorstLoss 3.6393
[Tracker] Ep   10 | AvgR 0.0001 | Global 0.5983 | Local 0.0542 | F1_macro 0.6427 | WorstLoss 3.1913
[Tracker] Saved snapshot: ep0010_phase1_class1
[Tracker] Ep   11 | AvgR 0.0000 | Global 0.2036 | Local 0.0270 | F1_macro 0.6386 | WorstLoss 3.3692
[Tracker] Ep   12 | AvgR 0.0001 | Global 0.7930 | Local 0.0468 | F1_macro 0.6509 | WorstLoss 3.0940
[Tracker] Ep   13 | AvgR 0.0001 | Global 0.3769 | Local 0.0286 | F1_macro 0.6442 | WorstLoss 3.2825
[Tracker] Ep   14 | AvgR 0.0001 | Global 0.2865 | Local 0.0343 | F1_macro 0.6488 | WorstLoss 3.3245
[Tracker] Ep   15 | AvgR 0.0002 | Global 0.9486 | Local 0.0343 | F1_macro 0.6252 | WorstLoss 2.8847
[Tracker] Saved snapshot: ep0015_phase1_class1
[Tracker] New BEST synthetic [phase1_class1] (by global.global_obj: 0.948610) saved.
[Tracker] BEST β weights [phase1_class1] saved -> training_runs/SPECv17a_bias05_rl_census_3seeds_EP800_PCA10_REWfairness_minID1_majID0_TRJ2000_REAL3000_BIAS0.05_GG202603181225_a74b2df8/seed_42/best_beta_state_dict_phase1_class1.pt
[Tracker] Ep   16 | AvgR 0.0000 | Global 0.2167 | Local 0.0287 | F1_macro 0.6605 | WorstLoss 3.3624
[Tracker] Ep   17 | AvgR 0.0002 | Global 0.8959 | Local 0.0415 | F1_macro 0.6639 | WorstLoss 3.0058
[Tracker] Ep   18 | AvgR 0.0000 | Global 0.1734 | Local 0.0425 | F1_macro 0.6511 | WorstLoss 3.3884
[Tracker] Ep   19 | AvgR 0.0001 | Global 0.5888 | Local 0.0303 | F1_macro 0.6582 | WorstLoss 3.1956
[Tracker] Ep   20 | AvgR 0.0000 | Global 0.1947 | Local 0.0351 | F1_macro 0.6453 | WorstLoss 3.3745
[Tracker] Saved snapshot: ep0020_phase1_class1
[Tracker] Ep   21 | AvgR 0.0000 | Global 0.1574 | Local 0.0578 | F1_macro 0.6429 | WorstLoss 3.3975
[Tracker] Ep   22 | AvgR 0.0000 | Global 0.0692 | Local 0.0261 | F1_macro 0.6312 | WorstLoss 3.4930
[Tracker] Ep   23 | AvgR 0.0000 | Global 0.1168 | Local 0.0367 | F1_macro 0.6456 | WorstLoss 3.4359
[Tracker] Ep   24 | AvgR 0.0000 | Global 0.0006 | Local 0.0451 | F1_macro 0.6227 | WorstLoss 3.9677
[Tracker] Ep   25 | AvgR 0.0001 | Global 0.3194 | Local 0.0446 | F1_macro 0.6365 | WorstLoss 3.3074
[Tracker] Saved snapshot: ep0025_phase1_class1
[Tracker] Ep   26 | AvgR 0.0001 | Global 0.8758 | Local 0.0329 | F1_macro 0.6562 | WorstLoss 3.0210
[Tracker] Ep   27 | AvgR 0.0001 | Global 0.8221 | Local 0.0553 | F1_macro 0.6498 | WorstLoss 3.0718
[Tracker] Ep   28 | AvgR 0.0001 | Global 0.4978 | Local 0.0412 | F1_macro 0.6487 | WorstLoss 3.2324
[Tracker] Ep   29 | AvgR 0.0002 | Global 0.9695 | Local 0.0485 | F1_macro 0.6459 | WorstLoss 2.7407
[Tracker] New BEST synthetic [phase1_class1] (by global.global_obj: 0.969549) saved.
[Tracker] BEST β weights [phase1_class1] saved -> training_runs/SPECv17a_bias05_rl_census_3seeds_EP800_PCA10_REWfairness_minID1_majID0_TRJ2000_REAL3000_BIAS0.05_GG202603181225_a74b2df8/seed_42/best_beta_state_dict_phase1_class1.pt
[Tracker] Ep   30 | AvgR 0.0000 | Global 0.0576 | Local 0.0317 | F1_macro 0.6561 | WorstLoss 3.5135
[Tracker] Saved snapshot: ep0030_phase1_class1
[Tracker] Ep   31 | AvgR 0.0000 | Global 0.0311 | Local 0.0657 | F1_macro 0.6184 | WorstLoss 3.5738
[Tracker] Ep   32 | AvgR 0.0001 | Global 0.8354 | Local 0.0300 | F1_macro 0.6743 | WorstLoss 3.0682
[Tracker] Ep   33 | AvgR 0.0001 | Global 0.4435 | Local 0.0578 | F1_macro 0.6544 | WorstLoss 3.2525
[Tracker] Ep   34 | AvgR 0.0001 | Global 0.5914 | Local 0.0260 | F1_macro 0.6580 | WorstLoss 3.1946
[Tracker] Ep   35 | AvgR 0.0000 | Global 0.1591 | Local 0.0382 | F1_macro 0.6559 | WorstLoss 3.3991
[Tracker] Saved snapshot: ep0035_phase1_class1
[Tracker] Ep   36 | AvgR 0.0001 | Global 0.4513 | Local 0.0330 | F1_macro 0.6502 | WorstLoss 3.2515
[Tracker] Ep   37 | AvgR 0.0000 | Global 0.1199 | Local 0.0370 | F1_macro 0.6333 | WorstLoss 3.4317
[Tracker] Ep   38 | AvgR 0.0001 | Global 0.5666 | Local 0.0399 | F1_macro 0.6469 | WorstLoss 3.2020
[Tracker] Ep   39 | AvgR 0.0001 | Global 0.8089 | Local 0.0285 | F1_macro 0.6556 | WorstLoss 3.0845
[Tracker] Ep   40 | AvgR 0.0001 | Global 0.8543 | Local 0.0364 | F1_macro 0.6386 | WorstLoss 3.0470
[Tracker] Saved snapshot: ep0040_phase1_class1
[Tracker] Ep   41 | AvgR 0.0000 | Global 0.2016 | Local 0.0447 | F1_macro 0.6418 | WorstLoss 3.3701
[Tracker] Ep   42 | AvgR 0.0001 | Global 0.2998 | Local 0.0437 | F1_macro 0.6447 | WorstLoss 3.3157
[Tracker] Ep   43 | AvgR 0.0001 | Global 0.5028 | Local 0.0443 | F1_macro 0.6478 | WorstLoss 3.2284
[Tracker] Ep   44 | AvgR 0.0001 | Global 0.8734 | Local 0.0309 | F1_macro 0.6598 | WorstLoss 3.0198
[Tracker] Ep   45 | AvgR 0.0001 | Global 0.7057 | Local 0.0186 | F1_macro 0.6749 | WorstLoss 3.1442
[Tracker] Saved snapshot: ep0045_phase1_class1
[Tracker] Ep   46 | AvgR 0.0000 | Global 0.2053 | Local 0.0402 | F1_macro 0.6438 | WorstLoss 3.3679
[Tracker] Ep   47 | AvgR 0.0000 | Global 0.2237 | Local 0.0364 | F1_macro 0.6452 | WorstLoss 3.3561
[Tracker] Ep   48 | AvgR 0.0000 | Global 0.1785 | Local 0.0292 | F1_macro 0.6693 | WorstLoss 3.3860
[Tracker] Ep   49 | AvgR 0.0000 | Global 0.0379 | Local 0.0458 | F1_macro 0.6443 | WorstLoss 3.5553
[Tracker] Ep   50 | AvgR 0.0001 | Global 0.9013 | Local 0.0168 | F1_macro 0.6563 | WorstLoss 3.0086
[Tracker] Saved snapshot: ep0050_phase1_class1
[Tracker] Ep   51 | AvgR 0.0000 | Global 0.0082 | Local 0.0264 | F1_macro 0.6584 | WorstLoss 3.7124
[Tracker] Ep   52 | AvgR 0.0000 | Global 0.1587 | Local 0.0325 | F1_macro 0.6590 | WorstLoss 3.4002
[Tracker] Ep   53 | AvgR 0.0001 | Global 0.8481 | Local 0.0170 | F1_macro 0.6534 | WorstLoss 3.0592
[Tracker] Ep   54 | AvgR 0.0002 | Global 0.9368 | Local 0.0305 | F1_macro 0.6461 | WorstLoss 2.9418
[Tracker] Ep   55 | AvgR 0.0001 | Global 0.3168 | Local 0.0396 | F1_macro 0.6554 | WorstLoss 3.3075
[Tracker] Saved snapshot: ep0055_phase1_class1
[Tracker] Ep   56 | AvgR 0.0001 | Global 0.8311 | Local 0.0395 | F1_macro 0.6744 | WorstLoss 3.0647
[Tracker] Ep   57 | AvgR 0.0000 | Global 0.0712 | Local 0.0502 | F1_macro 0.6496 | WorstLoss 3.4888
[Tracker] Ep   58 | AvgR 0.0000 | Global 0.0929 | Local 0.0288 | F1_macro 0.6580 | WorstLoss 3.4626
[Tracker] Ep   59 | AvgR 0.0000 | Global 0.2370 | Local 0.0278 | F1_macro 0.6820 | WorstLoss 3.3510
[Tracker] Ep   60 | AvgR 0.0001 | Global 0.4076 | Local 0.0491 | F1_macro 0.6449 | WorstLoss 3.2696
[Tracker] Saved snapshot: ep0060_phase1_class1
[Tracker] Ep   61 | AvgR 0.0001 | Global 0.8694 | Local 0.0172 | F1_macro 0.6686 | WorstLoss 3.0426
[Tracker] Ep   62 | AvgR 0.0001 | Global 0.7252 | Local 0.0428 | F1_macro 0.6385 | WorstLoss 3.1336
[Tracker] Ep   63 | AvgR 0.0001 | Global 0.8753 | Local 0.0275 | F1_macro 0.6657 | WorstLoss 3.0312
[Tracker] Ep   64 | AvgR 0.0002 | Global 0.8946 | Local 0.0369 | F1_macro 0.6578 | WorstLoss 3.0132
[Tracker] Ep   65 | AvgR 0.0001 | Global 0.5554 | Local 0.0258 | F1_macro 0.6601 | WorstLoss 3.2105
[Tracker] Saved snapshot: ep0065_phase1_class1
[Tracker] Ep   66 | AvgR 0.0002 | Global 0.8652 | Local 0.0426 | F1_macro 0.6422 | WorstLoss 3.0336
[Tracker] Ep   67 | AvgR 0.0002 | Global 0.9421 | Local 0.0277 | F1_macro 0.6622 | WorstLoss 2.9400
[Tracker] Ep   68 | AvgR 0.0001 | Global 0.7201 | Local 0.0476 | F1_macro 0.6532 | WorstLoss 3.1304
[Tracker] Ep   69 | AvgR 0.0002 | Global 0.9595 | Local 0.0235 | F1_macro 0.6551 | WorstLoss 2.8731
[Tracker] Ep   70 | AvgR 0.0001 | Global 0.4892 | Local 0.0372 | F1_macro 0.6473 | WorstLoss 3.2352
[Tracker] Saved snapshot: ep0070_phase1_class1
[Tracker] Ep   71 | AvgR 0.0001 | Global 0.6272 | Local 0.0257 | F1_macro 0.6526 | WorstLoss 3.1801
[Tracker] Ep   72 | AvgR 0.0002 | Global 0.9749 | Local 0.0405 | F1_macro 0.6727 | WorstLoss 2.6437
[Tracker] New BEST synthetic [phase1_class1] (by global.global_obj: 0.974915) saved.
[Tracker] BEST β weights [phase1_class1] saved -> training_runs/SPECv17a_bias05_rl_census_3seeds_EP800_PCA10_REWfairness_minID1_majID0_TRJ2000_REAL3000_BIAS0.05_GG202603181225_a74b2df8/seed_42/best_beta_state_dict_phase1_class1.pt
[Tracker] Ep   73 | AvgR 0.0002 | Global 0.9224 | Local 0.0370 | F1_macro 0.6725 | WorstLoss 2.9840
[Tracker] Ep   74 | AvgR 0.0001 | Global 0.6264 | Local 0.0284 | F1_macro 0.6570 | WorstLoss 3.1819
[Tracker] Ep   75 | AvgR 0.0001 | Global 0.3584 | Local 0.0542 | F1_macro 0.6623 | WorstLoss 3.2909
[Tracker] Saved snapshot: ep0075_phase1_class1
[Tracker] Ep   76 | AvgR 0.0001 | Global 0.3351 | Local 0.0282 | F1_macro 0.6602 | WorstLoss 3.3019
[Tracker] Ep   77 | AvgR 0.0001 | Global 0.4691 | Local 0.0459 | F1_macro 0.6563 | WorstLoss 3.2424
[Tracker] Ep   78 | AvgR 0.0000 | Global 0.1360 | Local 0.0305 | F1_macro 0.6666 | WorstLoss 3.4181
[Tracker] Ep   79 | AvgR 0.0002 | Global 0.9042 | Local 0.0266 | F1_macro 0.6654 | WorstLoss 2.9918
[Tracker] Ep   80 | AvgR 0.0001 | Global 0.8038 | Local 0.0536 | F1_macro 0.6720 | WorstLoss 3.0812
[Tracker] Saved snapshot: ep0080_phase1_class1
[Tracker] Ep   81 | AvgR 0.0000 | Global 0.1731 | Local 0.0336 | F1_macro 0.6851 | WorstLoss 3.3896
[Tracker] Ep   82 | AvgR 0.0002 | Global 0.9546 | Local 0.0252 | F1_macro 0.6711 | WorstLoss 2.9011
[Tracker] Ep   83 | AvgR 0.0002 | Global 0.9214 | Local 0.0349 | F1_macro 0.6664 | WorstLoss 2.9741
[Tracker] Ep   84 | AvgR 0.0001 | Global 0.8096 | Local 0.0528 | F1_macro 0.6462 | WorstLoss 3.0776
[Tracker] Ep   85 | AvgR 0.0000 | Global 0.1506 | Local 0.0362 | F1_macro 0.6355 | WorstLoss 3.4058
[Tracker] Saved snapshot: ep0085_phase1_class1
[Tracker] Ep   86 | AvgR 0.0001 | Global 0.7363 | Local 0.0425 | F1_macro 0.6306 | WorstLoss 3.1268
[Tracker] Ep   87 | AvgR 0.0001 | Global 0.8581 | Local 0.0337 | F1_macro 0.6650 | WorstLoss 3.0455
[Tracker] Ep   88 | AvgR 0.0000 | Global 0.0537 | Local 0.0558 | F1_macro 0.6580 | WorstLoss 3.5193
[Tracker] Ep   89 | AvgR 0.0002 | Global 0.9661 | Local 0.0376 | F1_macro 0.6702 | WorstLoss 2.8529
[Tracker] Ep   90 | AvgR 0.0001 | Global 0.4867 | Local 0.0433 | F1_macro 0.6488 | WorstLoss 3.2366
[Tracker] Saved snapshot: ep0090_phase1_class1
[Tracker] Ep   91 | AvgR 0.0002 | Global 0.8828 | Local 0.0391 | F1_macro 0.6805 | WorstLoss 3.0241
[Tracker] Ep   92 | AvgR 0.0002 | Global 0.9706 | Local 0.0541 | F1_macro 0.6601 | WorstLoss 2.6883
[Tracker] Ep   93 | AvgR 0.0002 | Global 0.9246 | Local 0.0319 | F1_macro 0.6655 | WorstLoss 2.9730
[Tracker] Ep   94 | AvgR 0.0002 | Global 0.8742 | Local 0.0370 | F1_macro 0.6614 | WorstLoss 3.0253
[Tracker] Ep   95 | AvgR 0.0000 | Global 0.0617 | Local 0.0418 | F1_macro 0.6523 | WorstLoss 3.5048
[Tracker] Saved snapshot: ep0095_phase1_class1
[Tracker] Ep   96 | AvgR 0.0000 | Global 0.0063 | Local 0.0496 | F1_macro 0.6556 | WorstLoss 3.7384
[Tracker] Ep   97 | AvgR 0.0001 | Global 0.2308 | Local 0.0431 | F1_macro 0.6461 | WorstLoss 3.3517
[Tracker] Ep   98 | AvgR 0.0002 | Global 0.9820 | Local 0.0483 | F1_macro 0.6455 | WorstLoss 2.7445
[Tracker] New BEST synthetic [phase1_class1] (by global.global_obj: 0.982043) saved.
[Tracker] BEST β weights [phase1_class1] saved -> training_runs/SPECv17a_bias05_rl_census_3seeds_EP800_PCA10_REWfairness_minID1_majID0_TRJ2000_REAL3000_BIAS0.05_GG202603181225_a74b2df8/seed_42/best_beta_state_dict_phase1_class1.pt
[Tracker] Ep   99 | AvgR 0.0000 | Global 0.0019 | Local 0.0495 | F1_macro 0.6522 | WorstLoss 3.8620
[Tracker] Ep  100 | AvgR 0.0002 | Global 0.8544 | Local 0.0384 | F1_macro 0.6541 | WorstLoss 3.0451
[Tracker] Saved snapshot: ep0100_phase1_class1
[Tracker] Ep  101 | AvgR 0.0001 | Global 0.7937 | Local 0.0536 | F1_macro 0.6334 | WorstLoss 3.0942
[Tracker] Ep  102 | AvgR 0.0001 | Global 0.7217 | Local 0.0342 | F1_macro 0.6874 | WorstLoss 3.1357
[Tracker] Ep  103 | AvgR 0.0002 | Global 0.9710 | Local 0.0337 | F1_macro 0.6637 | WorstLoss 2.8455
[Tracker] Ep  104 | AvgR 0.0001 | Global 0.3541 | Local 0.0299 | F1_macro 0.6385 | WorstLoss 3.2931
[Tracker] Ep  105 | AvgR 0.0002 | Global 0.8833 | Local 0.0479 | F1_macro 0.6486 | WorstLoss 3.0111
[Tracker] Saved snapshot: ep0105_phase1_class1
[Tracker] Ep  106 | AvgR 0.0000 | Global 0.0047 | Local 0.0373 | F1_macro 0.6663 | WorstLoss 3.7684
[Tracker] Ep  107 | AvgR 0.0001 | Global 0.5462 | Local 0.0603 | F1_macro 0.6369 | WorstLoss 3.2113
[Tracker] Ep  108 | AvgR 0.0002 | Global 0.9993 | Local 0.0364 | F1_macro 0.6711 | WorstLoss 2.5060
[Tracker] New BEST synthetic [phase1_class1] (by global.global_obj: 0.999321) saved.
[Tracker] BEST β weights [phase1_class1] saved -> training_runs/SPECv17a_bias05_rl_census_3seeds_EP800_PCA10_REWfairness_minID1_majID0_TRJ2000_REAL3000_BIAS0.05_GG202603181225_a74b2df8/seed_42/best_beta_state_dict_phase1_class1.pt
[Tracker] Ep  109 | AvgR 0.0001 | Global 0.7263 | Local 0.0327 | F1_macro 0.6516 | WorstLoss 3.1306
[Tracker] Ep  110 | AvgR 0.0002 | Global 0.9393 | Local 0.0905 | F1_macro 0.6475 | WorstLoss 2.9114
[Tracker] Saved snapshot: ep0110_phase1_class1
[Tracker] Ep  111 | AvgR 0.0001 | Global 0.6755 | Local 0.0715 | F1_macro 0.6361 | WorstLoss 3.1514
[Tracker] Ep  112 | AvgR 0.0001 | Global 0.6550 | Local 0.0609 | F1_macro 0.6445 | WorstLoss 3.1647
[Tracker] Ep  113 | AvgR 0.0001 | Global 0.6959 | Local 0.0415 | F1_macro 0.6441 | WorstLoss 3.1469
[Tracker] Ep  114 | AvgR 0.0001 | Global 0.4412 | Local 0.0365 | F1_macro 0.6427 | WorstLoss 3.2560
[Tracker] Ep  115 | AvgR 0.0001 | Global 0.3897 | Local 0.0247 | F1_macro 0.6751 | WorstLoss 3.2780
[Tracker] Saved snapshot: ep0115_phase1_class1
[Tracker] Ep  116 | AvgR 0.0000 | Global 0.0090 | Local 0.0390 | F1_macro 0.6570 | WorstLoss 3.7035
[Tracker] Ep  117 | AvgR 0.0001 | Global 0.6618 | Local 0.0560 | F1_macro 0.6547 | WorstLoss 3.1665
[Tracker] Ep  118 | AvgR 0.0002 | Global 0.9024 | Local 0.0601 | F1_macro 0.6529 | WorstLoss 2.9897
[Tracker] Ep  119 | AvgR 0.0002 | Global 0.9613 | Local 0.0562 | F1_macro 0.6539 | WorstLoss 2.8716
[Tracker] Ep  120 | AvgR 0.0001 | Global 0.3650 | Local 0.0735 | F1_macro 0.6518 | WorstLoss 3.2868
[Tracker] Saved snapshot: ep0120_phase1_class1
[Tracker] Ep  121 | AvgR 0.0001 | Global 0.5989 | Local 0.0962 | F1_macro 0.6616 | WorstLoss 3.1914
[Tracker] Ep  122 | AvgR 0.0001 | Global 0.7108 | Local 0.0501 | F1_macro 0.6551 | WorstLoss 3.1356
[Tracker] Ep  123 | AvgR 0.0002 | Global 0.9710 | Local 0.0713 | F1_macro 0.6789 | WorstLoss 2.8623
[Tracker] Ep  124 | AvgR 0.0001 | Global 0.7039 | Local 0.0774 | F1_macro 0.6535 | WorstLoss 3.1406
[Tracker] Ep  125 | AvgR 0.0001 | Global 0.2326 | Local 0.0588 | F1_macro 0.6587 | WorstLoss 3.3519
[Tracker] Saved snapshot: ep0125_phase1_class1
[Tracker] Ep  126 | AvgR 0.0002 | Global 0.9863 | Local 0.0751 | F1_macro 0.6633 | WorstLoss 2.6087
[Tracker] Ep  127 | AvgR 0.0001 | Global 0.6886 | Local 0.0539 | F1_macro 0.6473 | WorstLoss 3.1453
[Tracker] Ep  128 | AvgR 0.0000 | Global 0.0239 | Local 0.0619 | F1_macro 0.6406 | WorstLoss 3.6044
[Tracker] Ep  129 | AvgR 0.0002 | Global 0.9586 | Local 0.0743 | F1_macro 0.6476 | WorstLoss 2.8898
[Tracker] Ep  130 | AvgR 0.0001 | Global 0.2750 | Local 0.0600 | F1_macro 0.6518 | WorstLoss 3.3289
[Tracker] Saved snapshot: ep0130_phase1_class1
[Tracker] Ep  131 | AvgR 0.0002 | Global 0.7809 | Local 0.0890 | F1_macro 0.6478 | WorstLoss 3.1012
[Tracker] Ep  132 | AvgR 0.0001 | Global 0.7857 | Local 0.0402 | F1_macro 0.6467 | WorstLoss 3.1016
[Tracker] Ep  133 | AvgR 0.0002 | Global 0.7611 | Local 0.0751 | F1_macro 0.6362 | WorstLoss 3.1106
[Tracker] Ep  134 | AvgR 0.0001 | Global 0.3416 | Local 0.0854 | F1_macro 0.6641 | WorstLoss 3.2994
[Tracker] Ep  135 | AvgR 0.0001 | Global 0.2389 | Local 0.0747 | F1_macro 0.6431 | WorstLoss 3.3487
[Tracker] Saved snapshot: ep0135_phase1_class1
[Tracker] Ep  136 | AvgR 0.0002 | Global 0.8593 | Local 0.0798 | F1_macro 0.6493 | WorstLoss 3.0350
[Tracker] Ep  137 | AvgR 0.0000 | Global 0.0208 | Local 0.0817 | F1_macro 0.6414 | WorstLoss 3.6176
[Tracker] Ep  138 | AvgR 0.0002 | Global 0.9228 | Local 0.1257 | F1_macro 0.6637 | WorstLoss 2.9737
[Tracker] Ep  139 | AvgR 0.0002 | Global 0.8920 | Local 0.0648 | F1_macro 0.6532 | WorstLoss 3.0106
[Tracker] Ep  140 | AvgR 0.0002 | Global 0.9934 | Local 0.0894 | F1_macro 0.6587 | WorstLoss 2.2246
[Tracker] Saved snapshot: ep0140_phase1_class1
[Tracker] Ep  141 | AvgR 0.0002 | Global 0.9842 | Local 0.0626 | F1_macro 0.6660 | WorstLoss 2.6198
[Tracker] Ep  142 | AvgR 0.0002 | Global 0.9727 | Local 0.0993 | F1_macro 0.6493 | WorstLoss 2.7705
[Tracker] Ep  143 | AvgR 0.0000 | Global 0.0817 | Local 0.0693 | F1_macro 0.6617 | WorstLoss 3.4743
[Tracker] Ep  144 | AvgR 0.0001 | Global 0.5549 | Local 0.0781 | F1_macro 0.6309 | WorstLoss 3.2079
[Tracker] Ep  145 | AvgR 0.0001 | Global 0.2707 | Local 0.0570 | F1_macro 0.6462 | WorstLoss 3.3316
[Tracker] Saved snapshot: ep0145_phase1_class1
[Tracker] Ep  146 | AvgR 0.0000 | Global 0.0109 | Local 0.0909 | F1_macro 0.6408 | WorstLoss 3.6830
[Tracker] Ep  147 | AvgR 0.0002 | Global 0.9930 | Local 0.0884 | F1_macro 0.6518 | WorstLoss 2.6140
[Tracker] Ep  148 | AvgR 0.0002 | Global 0.9748 | Local 0.1101 | F1_macro 0.6611 | WorstLoss 2.7811
[Tracker] Ep  149 | AvgR 0.0002 | Global 0.9907 | Local 0.0653 | F1_macro 0.6805 | WorstLoss 2.7690
[Tracker] Ep  150 | AvgR 0.0002 | Global 0.9825 | Local 0.0999 | F1_macro 0.6580 | WorstLoss 2.5217
[Tracker] Saved snapshot: ep0150_phase1_class1
[Tracker] Ep  151 | AvgR 0.0000 | Global 0.0347 | Local 0.0774 | F1_macro 0.6622 | WorstLoss 3.5660
[Tracker] Ep  152 | AvgR 0.0002 | Global 0.9438 | Local 0.0743 | F1_macro 0.6457 | WorstLoss 2.8959
[Tracker] Ep  153 | AvgR 0.0002 | Global 0.9907 | Local 0.0736 | F1_macro 0.6727 | WorstLoss 2.5318
[Tracker] Ep  154 | AvgR 0.0002 | Global 0.9933 | Local 0.0690 | F1_macro 0.6823 | WorstLoss 2.7356
[Tracker] Ep  155 | AvgR 0.0002 | Global 0.9910 | Local 0.0989 | F1_macro 0.6631 | WorstLoss 2.4755
[Tracker] Saved snapshot: ep0155_phase1_class1
[Tracker] Ep  156 | AvgR 0.0002 | Global 0.8515 | Local 0.0702 | F1_macro 0.6666 | WorstLoss 3.0521
[Tracker] Ep  157 | AvgR 0.0001 | Global 0.7045 | Local 0.0879 | F1_macro 0.6420 | WorstLoss 3.1430
[Tracker] Ep  158 | AvgR 0.0002 | Global 1.0000 | Local 0.0697 | F1_macro 0.6800 | WorstLoss 2.1566
[Tracker] New BEST synthetic [phase1_class1] (by global.global_obj: 0.999979) saved.
[Tracker] BEST β weights [phase1_class1] saved -> training_runs/SPECv17a_bias05_rl_census_3seeds_EP800_PCA10_REWfairness_minID1_majID0_TRJ2000_REAL3000_BIAS0.05_GG202603181225_a74b2df8/seed_42/best_beta_state_dict_phase1_class1.pt
[Tracker] Ep  159 | AvgR 0.0002 | Global 0.9958 | Local 0.0725 | F1_macro 0.6835 | WorstLoss 2.6884
[Tracker] Ep  160 | AvgR 0.0002 | Global 0.9438 | Local 0.0920 | F1_macro 0.6759 | WorstLoss 2.9377
[Tracker] Saved snapshot: ep0160_phase1_class1
[Tracker] Ep  161 | AvgR 0.0002 | Global 1.0000 | Local 0.0871 | F1_macro 0.6832 | WorstLoss 2.0139
[Tracker] New BEST synthetic [phase1_class1] (by global.global_obj: 0.999995) saved.
[Tracker] BEST β weights [phase1_class1] saved -> training_runs/SPECv17a_bias05_rl_census_3seeds_EP800_PCA10_REWfairness_minID1_majID0_TRJ2000_REAL3000_BIAS0.05_GG202603181225_a74b2df8/seed_42/best_beta_state_dict_phase1_class1.pt
[Tracker] Ep  162 | AvgR 0.0002 | Global 0.9041 | Local 0.0649 | F1_macro 0.6606 | WorstLoss 2.9802
[Tracker] Ep  163 | AvgR 0.0002 | Global 0.9888 | Local 0.1162 | F1_macro 0.6615 | WorstLoss 2.3626
[Tracker] Ep  164 | AvgR 0.0002 | Global 0.8246 | Local 0.1254 | F1_macro 0.6680 | WorstLoss 3.0737
[Tracker] Ep  165 | AvgR 0.0002 | Global 0.9756 | Local 0.0974 | F1_macro 0.6859 | WorstLoss 2.6697
[Tracker] Saved snapshot: ep0165_phase1_class1
[Tracker] Ep  166 | AvgR 0.0002 | Global 0.9181 | Local 0.0775 | F1_macro 0.6865 | WorstLoss 2.9832
[Tracker] Ep  167 | AvgR 0.0002 | Global 0.9892 | Local 0.1154 | F1_macro 0.6761 | WorstLoss 2.3544
[Tracker] Ep  168 | AvgR 0.0002 | Global 0.9866 | Local 0.0863 | F1_macro 0.6607 | WorstLoss 2.6371
[Tracker] Ep  169 | AvgR 0.0002 | Global 0.9947 | Local 0.0791 | F1_macro 0.6605 | WorstLoss 2.5620
[Tracker] Ep  170 | AvgR 0.0002 | Global 0.9999 | Local 0.1187 | F1_macro 0.6787 | WorstLoss 2.3276
[Tracker] Saved snapshot: ep0170_phase1_class1
[Tracker] Ep  171 | AvgR 0.0002 | Global 0.9500 | Local 0.1192 | F1_macro 0.6662 | WorstLoss 2.9207
[Tracker] Ep  172 | AvgR 0.0002 | Global 0.9900 | Local 0.0909 | F1_macro 0.6606 | WorstLoss 2.5580
[Tracker] Ep  173 | AvgR 0.0002 | Global 0.9921 | Local 0.0784 | F1_macro 0.6718 | WorstLoss 2.5699
[Tracker] Ep  174 | AvgR 0.0002 | Global 0.9862 | Local 0.0880 | F1_macro 0.6639 | WorstLoss 2.7680
[Tracker] Ep  175 | AvgR 0.0002 | Global 0.9909 | Local 0.1176 | F1_macro 0.6584 | WorstLoss 2.6537
[Tracker] Saved snapshot: ep0175_phase1_class1
[Tracker] Ep  176 | AvgR 0.0002 | Global 0.8774 | Local 0.0815 | F1_macro 0.6543 | WorstLoss 3.0060
[Tracker] Ep  177 | AvgR 0.0002 | Global 0.9890 | Local 0.0934 | F1_macro 0.6652 | WorstLoss 2.1993
[Tracker] Ep  178 | AvgR 0.0002 | Global 0.9959 | Local 0.1037 | F1_macro 0.6779 | WorstLoss 2.3204
[Tracker] Ep  179 | AvgR 0.0002 | Global 0.9659 | Local 0.0771 | F1_macro 0.6724 | WorstLoss 2.8083
[Tracker] Ep  180 | AvgR 0.0002 | Global 0.9700 | Local 0.1419 | F1_macro 0.6511 | WorstLoss 2.7871
[Tracker] Saved snapshot: ep0180_phase1_class1
[Tracker] Ep  181 | AvgR 0.0002 | Global 0.9999 | Local 0.0941 | F1_macro 0.6706 | WorstLoss 2.3323
[Tracker] Ep  182 | AvgR 0.0002 | Global 0.9916 | Local 0.1138 | F1_macro 0.6755 | WorstLoss 2.3267
[Tracker] Ep  183 | AvgR 0.0002 | Global 0.9722 | Local 0.0868 | F1_macro 0.6392 | WorstLoss 2.6270
[Tracker] Ep  184 | AvgR 0.0002 | Global 0.6598 | Local 0.1240 | F1_macro 0.6594 | WorstLoss 3.1607
[Tracker] Ep  185 | AvgR 0.0002 | Global 0.8161 | Local 0.1028 | F1_macro 0.6583 | WorstLoss 3.0651
[Tracker] Saved snapshot: ep0185_phase1_class1
[Tracker] Ep  186 | AvgR 0.0002 | Global 0.9944 | Local 0.1568 | F1_macro 0.6716 | WorstLoss 2.1730
[Tracker] Ep  187 | AvgR 0.0002 | Global 0.9875 | Local 0.0725 | F1_macro 0.6536 | WorstLoss 2.7091
[Tracker] Ep  188 | AvgR 0.0002 | Global 0.9987 | Local 0.1106 | F1_macro 0.6664 | WorstLoss 2.4192
[Tracker] Ep  189 | AvgR 0.0002 | Global 0.9853 | Local 0.1062 | F1_macro 0.6558 | WorstLoss 2.4215
[Tracker] Ep  190 | AvgR 0.0002 | Global 0.9931 | Local 0.1519 | F1_macro 0.6562 | WorstLoss 2.5061
[Tracker] Saved snapshot: ep0190_phase1_class1
[Tracker] Ep  191 | AvgR 0.0002 | Global 0.9871 | Local 0.0462 | F1_macro 0.6720 | WorstLoss 2.1671
[Tracker] Ep  192 | AvgR 0.0002 | Global 0.9873 | Local 0.1451 | F1_macro 0.6698 | WorstLoss 1.9568
[Tracker] Ep  193 | AvgR 0.0002 | Global 0.9891 | Local 0.1023 | F1_macro 0.6542 | WorstLoss 2.2841
[Tracker] Ep  194 | AvgR 0.0002 | Global 0.9637 | Local 0.1048 | F1_macro 0.6594 | WorstLoss 2.8530
[Tracker] Ep  195 | AvgR 0.0002 | Global 0.9826 | Local 0.1420 | F1_macro 0.6673 | WorstLoss 2.6730
[Tracker] Saved snapshot: ep0195_phase1_class1
[Tracker] Ep  196 | AvgR 0.0002 | Global 0.7833 | Local 0.1179 | F1_macro 0.6542 | WorstLoss 3.0994
[Tracker] Ep  197 | AvgR 0.0002 | Global 0.9729 | Local 0.1325 | F1_macro 0.6565 | WorstLoss 2.7954
[Tracker] Ep  198 | AvgR 0.0002 | Global 0.9706 | Local 0.1580 | F1_macro 0.6309 | WorstLoss 2.4872
[Tracker] Ep  199 | AvgR 0.0002 | Global 0.9843 | Local 0.1112 | F1_macro 0.6612 | WorstLoss 2.6343
[Tracker] Ep  200 | AvgR 0.0002 | Global 0.8072 | Local 0.1180 | F1_macro 0.6795 | WorstLoss 3.0813
[Tracker] Saved snapshot: ep0200_phase1_class1
[Tracker] Ep  201 | AvgR 0.0002 | Global 0.9727 | Local 0.1386 | F1_macro 0.6576 | WorstLoss 2.4401
[Tracker] Ep  202 | AvgR 0.0002 | Global 0.8979 | Local 0.1352 | F1_macro 0.6532 | WorstLoss 2.9965
[Tracker] Ep  203 | AvgR 0.0002 | Global 0.9844 | Local 0.1158 | F1_macro 0.6510 | WorstLoss 2.5524
[Tracker] Ep  204 | AvgR 0.0002 | Global 0.9709 | Local 0.1019 | F1_macro 0.6520 | WorstLoss 2.4664
[Tracker] Ep  205 | AvgR 0.0002 | Global 0.9683 | Local 0.1633 | F1_macro 0.6292 | WorstLoss 2.4769
[Tracker] Saved snapshot: ep0205_phase1_class1
[Tracker] Ep  206 | AvgR 0.0002 | Global 0.9604 | Local 0.0888 | F1_macro 0.6273 | WorstLoss 2.3363
[Tracker] Ep  207 | AvgR 0.0002 | Global 0.9752 | Local 0.1476 | F1_macro 0.6369 | WorstLoss 2.5130
[Tracker] Ep  208 | AvgR 0.0002 | Global 0.9692 | Local 0.1431 | F1_macro 0.6217 | WorstLoss 2.3049
[Tracker] Ep  209 | AvgR 0.0002 | Global 0.9713 | Local 0.1341 | F1_macro 0.6449 | WorstLoss 2.4643
[Tracker] Ep  210 | AvgR 0.0002 | Global 0.9663 | Local 0.1352 | F1_macro 0.6420 | WorstLoss 2.3700
[Tracker] Saved snapshot: ep0210_phase1_class1
[Tracker] Ep  211 | AvgR 0.0002 | Global 0.9974 | Local 0.0905 | F1_macro 0.6620 | WorstLoss 2.2823
[Tracker] Ep  212 | AvgR 0.0002 | Global 0.8030 | Local 0.1667 | F1_macro 0.6389 | WorstLoss 3.0798
[Tracker] Ep  213 | AvgR 0.0002 | Global 0.9623 | Local 0.2038 | F1_macro 0.6341 | WorstLoss 2.6980
[Tracker] Ep  214 | AvgR 0.0002 | Global 0.9717 | Local 0.1084 | F1_macro 0.6516 | WorstLoss 2.7814
[Tracker] Ep  215 | AvgR 0.0002 | Global 0.9741 | Local 0.1187 | F1_macro 0.6427 | WorstLoss 2.1400
[Tracker] Saved snapshot: ep0215_phase1_class1
[Tracker] Ep  216 | AvgR 0.0002 | Global 0.9769 | Local 0.1454 | F1_macro 0.6324 | WorstLoss 2.6365
[Tracker] Ep  217 | AvgR 0.0002 | Global 0.9778 | Local 0.1483 | F1_macro 0.6562 | WorstLoss 2.3370
[Tracker] Ep  218 | AvgR 0.0002 | Global 0.9671 | Local 0.1224 | F1_macro 0.6372 | WorstLoss 2.3034
[Tracker] Ep  219 | AvgR 0.0002 | Global 0.9912 | Local 0.1796 | F1_macro 0.6532 | WorstLoss 1.9390
[Tracker] Ep  220 | AvgR 0.0002 | Global 0.9873 | Local 0.1146 | F1_macro 0.6494 | WorstLoss 2.5891
[Tracker] Saved snapshot: ep0220_phase1_class1
[Tracker] Ep  221 | AvgR 0.0002 | Global 0.8932 | Local 0.1625 | F1_macro 0.6204 | WorstLoss 2.9761
[Tracker] Ep  222 | AvgR 0.0002 | Global 0.9777 | Local 0.1807 | F1_macro 0.6508 | WorstLoss 2.2653
[Tracker] Ep  223 | AvgR 0.0002 | Global 0.8130 | Local 0.1193 | F1_macro 0.6466 | WorstLoss 3.0760
[Tracker] Ep  224 | AvgR 0.0002 | Global 0.9793 | Local 0.1677 | F1_macro 0.6413 | WorstLoss 2.1697
[Tracker] Ep  225 | AvgR 0.0002 | Global 0.9811 | Local 0.1099 | F1_macro 0.6481 | WorstLoss 2.5836
[Tracker] Saved snapshot: ep0225_phase1_class1
[Tracker] Ep  226 | AvgR 0.0002 | Global 0.9792 | Local 0.1021 | F1_macro 0.6541 | WorstLoss 2.4887
[Tracker] Ep  227 | AvgR 0.0002 | Global 0.9382 | Local 0.1575 | F1_macro 0.6163 | WorstLoss 2.1854
[Tracker] Ep  228 | AvgR 0.0002 | Global 0.9620 | Local 0.1492 | F1_macro 0.6221 | WorstLoss 2.2883
[Tracker] Ep  229 | AvgR 0.0002 | Global 0.9825 | Local 0.1400 | F1_macro 0.6401 | WorstLoss 2.4484
[Tracker] Ep  230 | AvgR 0.0002 | Global 0.9326 | Local 0.1573 | F1_macro 0.6086 | WorstLoss 2.7801
[Tracker] Saved snapshot: ep0230_phase1_class1
[Tracker] Ep  231 | AvgR 0.0002 | Global 0.9720 | Local 0.1323 | F1_macro 0.6477 | WorstLoss 2.6416
[Tracker] Ep  232 | AvgR 0.0002 | Global 0.9129 | Local 0.1420 | F1_macro 0.6065 | WorstLoss 2.8563
[Tracker] Ep  233 | AvgR 0.0002 | Global 0.9741 | Local 0.1198 | F1_macro 0.6529 | WorstLoss 2.0076
[Tracker] Ep  234 | AvgR 0.0002 | Global 0.7027 | Local 0.1318 | F1_macro 0.6603 | WorstLoss 3.1429
[Tracker] Ep  235 | AvgR 0.0002 | Global 0.9563 | Local 0.1250 | F1_macro 0.6311 | WorstLoss 2.2670
[Tracker] Saved snapshot: ep0235_phase1_class1
[Tracker] Ep  236 | AvgR 0.0002 | Global 0.9780 | Local 0.1741 | F1_macro 0.6701 | WorstLoss 2.2245
[Tracker] Ep  237 | AvgR 0.0002 | Global 0.9578 | Local 0.1425 | F1_macro 0.6309 | WorstLoss 2.6641
[Tracker] Ep  238 | AvgR 0.0002 | Global 0.9577 | Local 0.1584 | F1_macro 0.6333 | WorstLoss 1.9454
[Tracker] Ep  239 | AvgR 0.0002 | Global 0.9680 | Local 0.1729 | F1_macro 0.6381 | WorstLoss 1.9867
[Tracker] Ep  240 | AvgR 0.0002 | Global 0.9837 | Local 0.1553 | F1_macro 0.6299 | WorstLoss 1.9696
[Tracker] Saved snapshot: ep0240_phase1_class1
[Tracker] Ep  241 | AvgR 0.0002 | Global 0.9562 | Local 0.1513 | F1_macro 0.6220 | WorstLoss 1.8712
[Tracker] Ep  242 | AvgR 0.0002 | Global 0.8466 | Local 0.1677 | F1_macro 0.6320 | WorstLoss 3.0400
[Tracker] Ep  243 | AvgR 0.0002 | Global 0.9548 | Local 0.1720 | F1_macro 0.6257 | WorstLoss 2.6414
[Tracker] Ep  244 | AvgR 0.0002 | Global 0.9928 | Local 0.1433 | F1_macro 0.6559 | WorstLoss 1.8904
[Tracker] Ep  245 | AvgR 0.0002 | Global 0.9840 | Local 0.1591 | F1_macro 0.6257 | WorstLoss 2.0552
[Tracker] Saved snapshot: ep0245_phase1_class1
[Tracker] Ep  246 | AvgR 0.0002 | Global 0.9697 | Local 0.1550 | F1_macro 0.6285 | WorstLoss 2.0226
[Tracker] Ep  247 | AvgR 0.0002 | Global 0.9644 | Local 0.1351 | F1_macro 0.6361 | WorstLoss 2.2649
[Tracker] Ep  248 | AvgR 0.0000 | Global 0.0143 | Local 0.1304 | F1_macro 0.6279 | WorstLoss 3.6526
[Tracker] Ep  249 | AvgR 0.0002 | Global 0.9485 | Local 0.1824 | F1_macro 0.6229 | WorstLoss 1.8599
[Tracker] Ep  250 | AvgR 0.0002 | Global 0.9789 | Local 0.1285 | F1_macro 0.6307 | WorstLoss 2.0671
[Tracker] Saved snapshot: ep0250_phase1_class1
[Tracker] Ep  251 | AvgR 0.0002 | Global 0.9564 | Local 0.1595 | F1_macro 0.6271 | WorstLoss 2.1844
[Tracker] Ep  252 | AvgR 0.0002 | Global 0.9385 | Local 0.1713 | F1_macro 0.6348 | WorstLoss 2.2341
[Tracker] Ep  253 | AvgR 0.0002 | Global 0.8928 | Local 0.1526 | F1_macro 0.6040 | WorstLoss 2.8836
[Tracker] Ep  254 | AvgR 0.0002 | Global 0.9775 | Local 0.2018 | F1_macro 0.6381 | WorstLoss 1.6915
[Tracker] Ep  255 | AvgR 0.0002 | Global 0.9653 | Local 0.1917 | F1_macro 0.6500 | WorstLoss 2.1740
[Tracker] Saved snapshot: ep0255_phase1_class1
[Tracker] Ep  256 | AvgR 0.0002 | Global 0.9592 | Local 0.1211 | F1_macro 0.6219 | WorstLoss 2.0382
[Tracker] Ep  257 | AvgR 0.0002 | Global 0.9636 | Local 0.1528 | F1_macro 0.6179 | WorstLoss 2.0338
[Tracker] Ep  258 | AvgR 0.0002 | Global 0.9706 | Local 0.1212 | F1_macro 0.6366 | WorstLoss 1.8396
[Tracker] Ep  259 | AvgR 0.0002 | Global 0.8555 | Local 0.1571 | F1_macro 0.6169 | WorstLoss 3.0241
[Tracker] Ep  260 | AvgR 0.0002 | Global 0.9712 | Local 0.1379 | F1_macro 0.6421 | WorstLoss 2.7720
[Tracker] Saved snapshot: ep0260_phase1_class1
[Tracker] Ep  261 | AvgR 0.0002 | Global 0.9508 | Local 0.1661 | F1_macro 0.6255 | WorstLoss 2.3667
[Tracker] Ep  262 | AvgR 0.0002 | Global 0.9652 | Local 0.1625 | F1_macro 0.6332 | WorstLoss 1.8282
[Tracker] Ep  263 | AvgR 0.0002 | Global 0.9474 | Local 0.1288 | F1_macro 0.6471 | WorstLoss 2.7619
[Tracker] Ep  264 | AvgR 0.0002 | Global 0.9476 | Local 0.2205 | F1_macro 0.6210 | WorstLoss 1.6836
[Tracker] Ep  265 | AvgR 0.0002 | Global 0.9340 | Local 0.1934 | F1_macro 0.6070 | WorstLoss 2.1464
[Tracker] Saved snapshot: ep0265_phase1_class1
[Tracker] Ep  266 | AvgR 0.0002 | Global 0.9370 | Local 0.1598 | F1_macro 0.6478 | WorstLoss 2.4303
[Tracker] Ep  267 | AvgR 0.0002 | Global 0.9526 | Local 0.1815 | F1_macro 0.6274 | WorstLoss 1.5599
[Tracker] Ep  268 | AvgR 0.0002 | Global 0.9554 | Local 0.1882 | F1_macro 0.6239 | WorstLoss 2.1438
[Tracker] Ep  269 | AvgR 0.0002 | Global 0.9252 | Local 0.1281 | F1_macro 0.6330 | WorstLoss 2.5354
[Tracker] Ep  270 | AvgR 0.0002 | Global 0.9489 | Local 0.1551 | F1_macro 0.6243 | WorstLoss 1.4733
[Tracker] Saved snapshot: ep0270_phase1_class1
[Tracker] Ep  271 | AvgR 0.0002 | Global 0.9617 | Local 0.1841 | F1_macro 0.6121 | WorstLoss 1.7128
[Tracker] Ep  272 | AvgR 0.0002 | Global 0.9451 | Local 0.1682 | F1_macro 0.6344 | WorstLoss 2.0087
[Tracker] Ep  273 | AvgR 0.0002 | Global 0.9659 | Local 0.1636 | F1_macro 0.6478 | WorstLoss 2.4288
[Tracker] Ep  274 | AvgR 0.0002 | Global 0.9538 | Local 0.2339 | F1_macro 0.6108 | WorstLoss 1.1660
[Tracker] Ep  275 | AvgR 0.0002 | Global 0.9667 | Local 0.1668 | F1_macro 0.6476 | WorstLoss 1.9924
[Tracker] Saved snapshot: ep0275_phase1_class1
[Tracker] Ep  276 | AvgR 0.0002 | Global 0.9712 | Local 0.1593 | F1_macro 0.6423 | WorstLoss 2.0270
[Tracker] Ep  277 | AvgR 0.0002 | Global 0.9230 | Local 0.1991 | F1_macro 0.5953 | WorstLoss 1.6774
[Tracker] Ep  278 | AvgR 0.0003 | Global 0.9458 | Local 0.2510 | F1_macro 0.6112 | WorstLoss 1.4519
[Tracker] Ep  279 | AvgR 0.0002 | Global 0.9094 | Local 0.2035 | F1_macro 0.6124 | WorstLoss 1.6887
[Tracker] Ep  280 | AvgR 0.0002 | Global 0.9383 | Local 0.1233 | F1_macro 0.6308 | WorstLoss 2.6827
[Tracker] Saved snapshot: ep0280_phase1_class1
[Tracker] Ep  281 | AvgR 0.0002 | Global 0.8876 | Local 0.1888 | F1_macro 0.6135 | WorstLoss 2.5778
[Tracker] Ep  282 | AvgR 0.0002 | Global 0.9589 | Local 0.1855 | F1_macro 0.6260 | WorstLoss 1.9396
[Tracker] Ep  283 | AvgR 0.0002 | Global 0.9686 | Local 0.1532 | F1_macro 0.6422 | WorstLoss 2.0517
[Tracker] Ep  284 | AvgR 0.0002 | Global 0.9446 | Local 0.1517 | F1_macro 0.6201 | WorstLoss 1.7698
[Tracker] Ep  285 | AvgR 0.0002 | Global 0.9108 | Local 0.1913 | F1_macro 0.6113 | WorstLoss 2.1313
[Tracker] Saved snapshot: ep0285_phase1_class1
[Tracker] Ep  286 | AvgR 0.0002 | Global 0.9504 | Local 0.1377 | F1_macro 0.6442 | WorstLoss 2.2818
[Tracker] Ep  287 | AvgR 0.0002 | Global 0.9415 | Local 0.2081 | F1_macro 0.6160 | WorstLoss 2.0816
[Tracker] Ep  288 | AvgR 0.0002 | Global 0.9713 | Local 0.1855 | F1_macro 0.6423 | WorstLoss 1.5492
[Tracker] Ep  289 | AvgR 0.0002 | Global 0.9286 | Local 0.1570 | F1_macro 0.6239 | WorstLoss 2.4651
[Tracker] Ep  290 | AvgR 0.0003 | Global 0.9636 | Local 0.2531 | F1_macro 0.6118 | WorstLoss 2.2046
[Tracker] Saved snapshot: ep0290_phase1_class1
[Tracker] Ep  291 | AvgR 0.0002 | Global 0.8764 | Local 0.2186 | F1_macro 0.6213 | WorstLoss 1.6564
[Tracker] Ep  292 | AvgR 0.0002 | Global 0.9670 | Local 0.1657 | F1_macro 0.6399 | WorstLoss 1.7925
[Tracker] Ep  293 | AvgR 0.0002 | Global 0.9454 | Local 0.1771 | F1_macro 0.6123 | WorstLoss 1.8439
[Tracker] Ep  294 | AvgR 0.0002 | Global 0.9115 | Local 0.2229 | F1_macro 0.6410 | WorstLoss 1.6786
[Tracker] Ep  295 | AvgR 0.0002 | Global 0.9345 | Local 0.1559 | F1_macro 0.6170 | WorstLoss 1.7377
[Tracker] Saved snapshot: ep0295_phase1_class1
[Tracker] Ep  296 | AvgR 0.0002 | Global 0.9524 | Local 0.1787 | F1_macro 0.6195 | WorstLoss 1.7857
[Tracker] Ep  297 | AvgR 0.0002 | Global 0.9138 | Local 0.1777 | F1_macro 0.6164 | WorstLoss 2.1818
[Tracker] Ep  298 | AvgR 0.0002 | Global 0.9326 | Local 0.1912 | F1_macro 0.6022 | WorstLoss 2.6733
[Tracker] Ep  299 | AvgR 0.0002 | Global 0.9216 | Local 0.1839 | F1_macro 0.6065 | WorstLoss 1.7668
[Tracker] Ep  300 | AvgR 0.0003 | Global 0.9465 | Local 0.2344 | F1_macro 0.6122 | WorstLoss 2.2168
[Tracker] Saved snapshot: ep0300_phase1_class1
[Tracker] Ep  301 | AvgR 0.0002 | Global 0.9030 | Local 0.2160 | F1_macro 0.5884 | WorstLoss 2.5665
[Tracker] Ep  302 | AvgR 0.0002 | Global 0.9284 | Local 0.2230 | F1_macro 0.6166 | WorstLoss 2.6839
[Tracker] Ep  303 | AvgR 0.0002 | Global 0.9165 | Local 0.1605 | F1_macro 0.6038 | WorstLoss 1.8311
[Tracker] Ep  304 | AvgR 0.0002 | Global 0.9317 | Local 0.2209 | F1_macro 0.6031 | WorstLoss 1.5838
[Tracker] Ep  305 | AvgR 0.0002 | Global 0.8840 | Local 0.1905 | F1_macro 0.6199 | WorstLoss 2.5156
[Tracker] Saved snapshot: ep0305_phase1_class1
[Tracker] Ep  306 | AvgR 0.0003 | Global 0.8884 | Local 0.2719 | F1_macro 0.6069 | WorstLoss 2.2114
[Tracker] Ep  307 | AvgR 0.0003 | Global 0.9166 | Local 0.2780 | F1_macro 0.6053 | WorstLoss 1.3993
[Tracker] Ep  308 | AvgR 0.0002 | Global 0.9053 | Local 0.2179 | F1_macro 0.6171 | WorstLoss 1.4711
[Tracker] Ep  309 | AvgR 0.0002 | Global 0.9144 | Local 0.2368 | F1_macro 0.6030 | WorstLoss 1.5013
[Tracker] Ep  310 | AvgR 0.0002 | Global 0.9186 | Local 0.1695 | F1_macro 0.5990 | WorstLoss 1.6262
[Tracker] Saved snapshot: ep0310_phase1_class1
[Tracker] Ep  311 | AvgR 0.0002 | Global 0.9599 | Local 0.1921 | F1_macro 0.6224 | WorstLoss 2.0537
[Tracker] Ep  312 | AvgR 0.0002 | Global 0.9020 | Local 0.1911 | F1_macro 0.6006 | WorstLoss 2.1662
[Tracker] Ep  313 | AvgR 0.0002 | Global 0.9239 | Local 0.2275 | F1_macro 0.6085 | WorstLoss 1.9664
[Tracker] Ep  314 | AvgR 0.0003 | Global 0.9403 | Local 0.2343 | F1_macro 0.6163 | WorstLoss 1.5247
[Tracker] Ep  315 | AvgR 0.0002 | Global 0.9587 | Local 0.1142 | F1_macro 0.6674 | WorstLoss 2.1698
[Tracker] Saved snapshot: ep0315_phase1_class1
[Tracker] Ep  316 | AvgR 0.0003 | Global 0.9779 | Local 0.2145 | F1_macro 0.6398 | WorstLoss 1.3924
[Tracker] Ep  317 | AvgR 0.0002 | Global 0.9425 | Local 0.1780 | F1_macro 0.6334 | WorstLoss 1.4484
[Tracker] Ep  318 | AvgR 0.0002 | Global 0.9557 | Local 0.1826 | F1_macro 0.6321 | WorstLoss 1.6774
[Tracker] Ep  319 | AvgR 0.0002 | Global 0.9505 | Local 0.1743 | F1_macro 0.6242 | WorstLoss 1.6365
[Tracker] Ep  320 | AvgR 0.0002 | Global 0.9176 | Local 0.2410 | F1_macro 0.5945 | WorstLoss 1.2191
[Tracker] Saved snapshot: ep0320_phase1_class1
[Tracker] Ep  321 | AvgR 0.0002 | Global 0.9584 | Local 0.1959 | F1_macro 0.6401 | WorstLoss 2.2637
[Tracker] Ep  322 | AvgR 0.0002 | Global 0.9115 | Local 0.1704 | F1_macro 0.6035 | WorstLoss 1.6488
[Tracker] Ep  323 | AvgR 0.0002 | Global 0.9717 | Local 0.1885 | F1_macro 0.6488 | WorstLoss 1.8464
[Tracker] Ep  324 | AvgR 0.0002 | Global 0.9361 | Local 0.1997 | F1_macro 0.6137 | WorstLoss 1.7879
[Tracker] Ep  325 | AvgR 0.0002 | Global 0.9081 | Local 0.2060 | F1_macro 0.6125 | WorstLoss 1.4177
[Tracker] Saved snapshot: ep0325_phase1_class1
[Tracker] Ep  326 | AvgR 0.0002 | Global 0.9377 | Local 0.2089 | F1_macro 0.6177 | WorstLoss 1.7283
[Tracker] Ep  327 | AvgR 0.0002 | Global 0.9556 | Local 0.1980 | F1_macro 0.6224 | WorstLoss 1.8577
[Tracker] Ep  328 | AvgR 0.0002 | Global 0.6050 | Local 0.1591 | F1_macro 0.6095 | WorstLoss 3.1681
[Tracker] Ep  329 | AvgR 0.0002 | Global 0.9332 | Local 0.1881 | F1_macro 0.6359 | WorstLoss 1.8853
[Tracker] Ep  330 | AvgR 0.0002 | Global 0.9535 | Local 0.2037 | F1_macro 0.6140 | WorstLoss 2.2039
[Tracker] Saved snapshot: ep0330_phase1_class1
[Tracker] Ep  331 | AvgR 0.0002 | Global 0.9619 | Local 0.1609 | F1_macro 0.6256 | WorstLoss 2.2515
[Tracker] Ep  332 | AvgR 0.0002 | Global 0.9131 | Local 0.1661 | F1_macro 0.6062 | WorstLoss 2.0330
[Tracker] Ep  333 | AvgR 0.0002 | Global 0.9408 | Local 0.2070 | F1_macro 0.6234 | WorstLoss 1.6736
[Tracker] Ep  334 | AvgR 0.0002 | Global 0.8771 | Local 0.2204 | F1_macro 0.6138 | WorstLoss 2.4264
[Tracker] Ep  335 | AvgR 0.0002 | Global 0.9721 | Local 0.1774 | F1_macro 0.6428 | WorstLoss 1.7458
[Tracker] Saved snapshot: ep0335_phase1_class1
[Tracker] Ep  336 | AvgR 0.0003 | Global 0.9355 | Local 0.2382 | F1_macro 0.6233 | WorstLoss 1.9257
[Tracker] Ep  337 | AvgR 0.0002 | Global 0.9073 | Local 0.1899 | F1_macro 0.6188 | WorstLoss 2.4398
[Tracker] Ep  338 | AvgR 0.0002 | Global 0.9341 | Local 0.1382 | F1_macro 0.6131 | WorstLoss 2.2122
[Tracker] Ep  339 | AvgR 0.0002 | Global 0.9391 | Local 0.1769 | F1_macro 0.6169 | WorstLoss 1.9105
[Tracker] Ep  340 | AvgR 0.0002 | Global 0.9597 | Local 0.1466 | F1_macro 0.6127 | WorstLoss 2.0282
[Tracker] Saved snapshot: ep0340_phase1_class1
[Tracker] Ep  341 | AvgR 0.0002 | Global 0.9452 | Local 0.1608 | F1_macro 0.6254 | WorstLoss 1.2993
[Tracker] Ep  342 | AvgR 0.0002 | Global 0.9324 | Local 0.1801 | F1_macro 0.6174 | WorstLoss 1.7155
[Tracker] Ep  343 | AvgR 0.0003 | Global 0.9313 | Local 0.2450 | F1_macro 0.5990 | WorstLoss 1.7192
[Tracker] Ep  344 | AvgR 0.0003 | Global 0.9391 | Local 0.2547 | F1_macro 0.6069 | WorstLoss 1.5090
[Tracker] Ep  345 | AvgR 0.0002 | Global 0.9326 | Local 0.1989 | F1_macro 0.6112 | WorstLoss 2.2028
[Tracker] Saved snapshot: ep0345_phase1_class1
[Tracker] Ep  346 | AvgR 0.0002 | Global 0.9517 | Local 0.1399 | F1_macro 0.6187 | WorstLoss 1.4667
[Tracker] Ep  347 | AvgR 0.0002 | Global 0.9560 | Local 0.1539 | F1_macro 0.6373 | WorstLoss 1.6779
[Tracker] Ep  348 | AvgR 0.0002 | Global 0.9431 | Local 0.1776 | F1_macro 0.6035 | WorstLoss 1.8861
[Tracker] Ep  349 | AvgR 0.0002 | Global 0.9276 | Local 0.2278 | F1_macro 0.6089 | WorstLoss 1.5223
[Tracker] Ep  350 | AvgR 0.0002 | Global 0.9396 | Local 0.1764 | F1_macro 0.6207 | WorstLoss 1.8239
[Tracker] Saved snapshot: ep0350_phase1_class1
[Tracker] Ep  351 | AvgR 0.0002 | Global 0.9265 | Local 0.1800 | F1_macro 0.6198 | WorstLoss 1.9971
[Tracker] Ep  352 | AvgR 0.0003 | Global 0.9540 | Local 0.2340 | F1_macro 0.6127 | WorstLoss 2.0552
[Tracker] Ep  353 | AvgR 0.0002 | Global 0.9423 | Local 0.1910 | F1_macro 0.6072 | WorstLoss 1.8766
[Tracker] Ep  354 | AvgR 0.0002 | Global 0.8684 | Local 0.2424 | F1_macro 0.5836 | WorstLoss 1.9585
[Tracker] Ep  355 | AvgR 0.0003 | Global 0.9142 | Local 0.2427 | F1_macro 0.6134 | WorstLoss 1.7796
[Tracker] Saved snapshot: ep0355_phase1_class1
[Tracker] Ep  356 | AvgR 0.0003 | Global 0.9520 | Local 0.2182 | F1_macro 0.6348 | WorstLoss 1.4745
[Tracker] Ep  357 | AvgR 0.0003 | Global 0.9130 | Local 0.2710 | F1_macro 0.6252 | WorstLoss 1.9231
[Tracker] Ep  358 | AvgR 0.0002 | Global 0.9088 | Local 0.1836 | F1_macro 0.5979 | WorstLoss 1.8178
[Tracker] Ep  359 | AvgR 0.0002 | Global 0.9436 | Local 0.1635 | F1_macro 0.6287 | WorstLoss 2.0331
[Tracker] Ep  360 | AvgR 0.0002 | Global 0.9138 | Local 0.1909 | F1_macro 0.6054 | WorstLoss 2.3698
[Tracker] Saved snapshot: ep0360_phase1_class1
[Tracker] Ep  361 | AvgR 0.0002 | Global 0.8661 | Local 0.1905 | F1_macro 0.6260 | WorstLoss 2.9662
[Tracker] Ep  362 | AvgR 0.0003 | Global 0.9508 | Local 0.2741 | F1_macro 0.6285 | WorstLoss 2.0259
[Tracker] Ep  363 | AvgR 0.0002 | Global 0.9284 | Local 0.1897 | F1_macro 0.6083 | WorstLoss 1.4914
[Tracker] Ep  364 | AvgR 0.0003 | Global 0.9073 | Local 0.2546 | F1_macro 0.6362 | WorstLoss 1.9562
[Tracker] Ep  365 | AvgR 0.0002 | Global 0.9218 | Local 0.2060 | F1_macro 0.6224 | WorstLoss 1.9013
[Tracker] Saved snapshot: ep0365_phase1_class1
[Tracker] Ep  366 | AvgR 0.0003 | Global 0.9419 | Local 0.2867 | F1_macro 0.5984 | WorstLoss 2.1242
[Tracker] Ep  367 | AvgR 0.0002 | Global 0.8969 | Local 0.2244 | F1_macro 0.5961 | WorstLoss 1.8109
[Tracker] Ep  368 | AvgR 0.0002 | Global 0.9450 | Local 0.1611 | F1_macro 0.6159 | WorstLoss 1.2514
[Tracker] Ep  369 | AvgR 0.0002 | Global 0.9379 | Local 0.1847 | F1_macro 0.6215 | WorstLoss 2.2634
[Tracker] Ep  370 | AvgR 0.0002 | Global 0.9626 | Local 0.1559 | F1_macro 0.6284 | WorstLoss 1.6094
[Tracker] Saved snapshot: ep0370_phase1_class1
[Tracker] Ep  371 | AvgR 0.0002 | Global 0.9183 | Local 0.1997 | F1_macro 0.6040 | WorstLoss 1.5937
[Tracker] Ep  372 | AvgR 0.0002 | Global 0.9446 | Local 0.1864 | F1_macro 0.6251 | WorstLoss 1.7426
[Tracker] Ep  373 | AvgR 0.0002 | Global 0.9139 | Local 0.1723 | F1_macro 0.5856 | WorstLoss 2.0146
[Tracker] Ep  374 | AvgR 0.0002 | Global 0.9441 | Local 0.1670 | F1_macro 0.6185 | WorstLoss 2.2739
[Tracker] Ep  375 | AvgR 0.0002 | Global 0.9304 | Local 0.1483 | F1_macro 0.6127 | WorstLoss 2.1708
[Tracker] Saved snapshot: ep0375_phase1_class1
[Tracker] Ep  376 | AvgR 0.0002 | Global 0.9422 | Local 0.1708 | F1_macro 0.6373 | WorstLoss 1.7435
[Tracker] Ep  377 | AvgR 0.0002 | Global 0.9125 | Local 0.1738 | F1_macro 0.6204 | WorstLoss 2.5026
[Tracker] Ep  378 | AvgR 0.0002 | Global 0.8896 | Local 0.1931 | F1_macro 0.5990 | WorstLoss 1.7059
[Tracker] Ep  379 | AvgR 0.0002 | Global 0.8939 | Local 0.2305 | F1_macro 0.5899 | WorstLoss 1.7315
[Tracker] Ep  380 | AvgR 0.0003 | Global 0.9363 | Local 0.2334 | F1_macro 0.6216 | WorstLoss 1.2628
[Tracker] Saved snapshot: ep0380_phase1_class1
[Tracker] Ep  381 | AvgR 0.0002 | Global 0.9449 | Local 0.2035 | F1_macro 0.6038 | WorstLoss 1.7207
[Tracker] Ep  382 | AvgR 0.0002 | Global 0.9533 | Local 0.1482 | F1_macro 0.6455 | WorstLoss 1.3301
[Tracker] Ep  383 | AvgR 0.0002 | Global 0.9349 | Local 0.2106 | F1_macro 0.6087 | WorstLoss 1.7420
[Tracker] Ep  384 | AvgR 0.0002 | Global 0.9533 | Local 0.1709 | F1_macro 0.6257 | WorstLoss 1.4537
[Tracker] Ep  385 | AvgR 0.0002 | Global 0.9399 | Local 0.1742 | F1_macro 0.6185 | WorstLoss 1.7892
[Tracker] Saved snapshot: ep0385_phase1_class1
[Tracker] Ep  386 | AvgR 0.0003 | Global 0.9450 | Local 0.2109 | F1_macro 0.6140 | WorstLoss 1.7953
[Tracker] Ep  387 | AvgR 0.0003 | Global 0.9426 | Local 0.2177 | F1_macro 0.6134 | WorstLoss 1.7569
[Tracker] Ep  388 | AvgR 0.0002 | Global 0.9300 | Local 0.1885 | F1_macro 0.6166 | WorstLoss 1.8017
[Tracker] Ep  389 | AvgR 0.0002 | Global 0.8596 | Local 0.2118 | F1_macro 0.6099 | WorstLoss 2.1696
[Tracker] Ep  390 | AvgR 0.0002 | Global 0.9220 | Local 0.1531 | F1_macro 0.6177 | WorstLoss 1.5612
[Tracker] Saved snapshot: ep0390_phase1_class1
[Tracker] Ep  391 | AvgR 0.0002 | Global 0.9466 | Local 0.2042 | F1_macro 0.6551 | WorstLoss 1.8128
[Tracker] Ep  392 | AvgR 0.0003 | Global 0.9048 | Local 0.2448 | F1_macro 0.6080 | WorstLoss 1.4935
[Tracker] Ep  393 | AvgR 0.0002 | Global 0.8686 | Local 0.2023 | F1_macro 0.5998 | WorstLoss 1.9650
[Tracker] Ep  394 | AvgR 0.0003 | Global 0.9447 | Local 0.2445 | F1_macro 0.6086 | WorstLoss 1.4883
[Tracker] Ep  395 | AvgR 0.0002 | Global 0.9279 | Local 0.1829 | F1_macro 0.6014 | WorstLoss 2.2349
[Tracker] Saved snapshot: ep0395_phase1_class1
[Tracker] Ep  396 | AvgR 0.0002 | Global 0.9222 | Local 0.1914 | F1_macro 0.6288 | WorstLoss 2.1902
[Tracker] Ep  397 | AvgR 0.0002 | Global 0.9070 | Local 0.1881 | F1_macro 0.6234 | WorstLoss 1.7983
[Tracker] Ep  398 | AvgR 0.0002 | Global 0.9420 | Local 0.1954 | F1_macro 0.6355 | WorstLoss 1.6059
[Tracker] Ep  399 | AvgR 0.0002 | Global 0.9251 | Local 0.2140 | F1_macro 0.6361 | WorstLoss 1.6934
[Tracker] Ep  400 | AvgR 0.0002 | Global 0.9127 | Local 0.2183 | F1_macro 0.6192 | WorstLoss 1.4592
[Tracker] Saved snapshot: ep0400_phase1_class1
[Tracker] Ep  401 | AvgR 0.0002 | Global 0.8944 | Local 0.1901 | F1_macro 0.6253 | WorstLoss 2.7347
[Tracker] Ep  402 | AvgR 0.0002 | Global 0.8682 | Local 0.2032 | F1_macro 0.6071 | WorstLoss 1.8054
[Tracker] Ep  403 | AvgR 0.0002 | Global 0.8311 | Local 0.1481 | F1_macro 0.6063 | WorstLoss 3.0105
[Tracker] Ep  404 | AvgR 0.0002 | Global 0.9316 | Local 0.2036 | F1_macro 0.6078 | WorstLoss 1.9618
[Tracker] Ep  405 | AvgR 0.0002 | Global 0.8951 | Local 0.2090 | F1_macro 0.5963 | WorstLoss 2.0376
[Tracker] Saved snapshot: ep0405_phase1_class1
[Tracker] Ep  406 | AvgR 0.0003 | Global 0.9559 | Local 0.2313 | F1_macro 0.6276 | WorstLoss 1.3741
[Tracker] Ep  407 | AvgR 0.0002 | Global 0.8614 | Local 0.2304 | F1_macro 0.5928 | WorstLoss 1.8365
[Tracker] Ep  408 | AvgR 0.0003 | Global 0.9578 | Local 0.1941 | F1_macro 0.6429 | WorstLoss 2.1856
[Tracker] Ep  409 | AvgR 0.0002 | Global 0.9581 | Local 0.1867 | F1_macro 0.6134 | WorstLoss 1.6106
[Tracker] Ep  410 | AvgR 0.0002 | Global 0.8723 | Local 0.2242 | F1_macro 0.6197 | WorstLoss 2.7782
[Tracker] Saved snapshot: ep0410_phase1_class1
[Tracker] Ep  411 | AvgR 0.0002 | Global 0.9122 | Local 0.1899 | F1_macro 0.6207 | WorstLoss 1.4796
[Tracker] Ep  412 | AvgR 0.0003 | Global 0.8876 | Local 0.2463 | F1_macro 0.6226 | WorstLoss 1.8950
[Tracker] Ep  413 | AvgR 0.0003 | Global 0.9388 | Local 0.2351 | F1_macro 0.6099 | WorstLoss 1.7572
[Tracker] Ep  414 | AvgR 0.0002 | Global 0.9003 | Local 0.2231 | F1_macro 0.6241 | WorstLoss 1.3005
[Tracker] Ep  415 | AvgR 0.0002 | Global 0.9589 | Local 0.1541 | F1_macro 0.6288 | WorstLoss 1.7482
[Tracker] Saved snapshot: ep0415_phase1_class1
[Tracker] Ep  416 | AvgR 0.0002 | Global 0.9160 | Local 0.1539 | F1_macro 0.6208 | WorstLoss 2.7203
[Tracker] Ep  417 | AvgR 0.0003 | Global 0.9222 | Local 0.2141 | F1_macro 0.6287 | WorstLoss 2.8315
[Tracker] Ep  418 | AvgR 0.0002 | Global 0.9069 | Local 0.2142 | F1_macro 0.6019 | WorstLoss 1.2847
[Tracker] Ep  419 | AvgR 0.0002 | Global 0.8908 | Local 0.2036 | F1_macro 0.6072 | WorstLoss 2.7382
[Tracker] Ep  420 | AvgR 0.0003 | Global 0.9517 | Local 0.2082 | F1_macro 0.6207 | WorstLoss 2.0495
[Tracker] Saved snapshot: ep0420_phase1_class1
[Tracker] Ep  421 | AvgR 0.0002 | Global 0.9404 | Local 0.1914 | F1_macro 0.6111 | WorstLoss 2.0561
[Tracker] Ep  422 | AvgR 0.0002 | Global 0.8628 | Local 0.2419 | F1_macro 0.5819 | WorstLoss 1.8453
[Tracker] Ep  423 | AvgR 0.0002 | Global 0.7661 | Local 0.1949 | F1_macro 0.6113 | WorstLoss 3.0763
[Tracker] Ep  424 | AvgR 0.0002 | Global 0.9473 | Local 0.1629 | F1_macro 0.6326 | WorstLoss 2.1540
[Tracker] Ep  425 | AvgR 0.0002 | Global 0.9587 | Local 0.1383 | F1_macro 0.6317 | WorstLoss 2.2895
[Tracker] Saved snapshot: ep0425_phase1_class1
[Tracker] Ep  426 | AvgR 0.0002 | Global 0.8387 | Local 0.1835 | F1_macro 0.5918 | WorstLoss 2.8579
[Tracker] Ep  427 | AvgR 0.0003 | Global 0.9656 | Local 0.2341 | F1_macro 0.6376 | WorstLoss 1.9796
[Tracker] Ep  428 | AvgR 0.0002 | Global 0.9240 | Local 0.2009 | F1_macro 0.6274 | WorstLoss 1.7005
[Tracker] Ep  429 | AvgR 0.0003 | Global 0.8989 | Local 0.2379 | F1_macro 0.6103 | WorstLoss 1.9177
[Tracker] Ep  430 | AvgR 0.0003 | Global 0.9577 | Local 0.2208 | F1_macro 0.6450 | WorstLoss 1.2235
[Tracker] Saved snapshot: ep0430_phase1_class1
[Tracker] Ep  431 | AvgR 0.0003 | Global 0.9103 | Local 0.2634 | F1_macro 0.6187 | WorstLoss 1.9687
[Tracker] Ep  432 | AvgR 0.0003 | Global 0.9491 | Local 0.1950 | F1_macro 0.6293 | WorstLoss 1.2050
[Tracker] Ep  433 | AvgR 0.0003 | Global 0.9530 | Local 0.2313 | F1_macro 0.6305 | WorstLoss 1.9758
[Tracker] Ep  434 | AvgR 0.0003 | Global 0.8836 | Local 0.2610 | F1_macro 0.6091 | WorstLoss 1.8163
[Tracker] Ep  435 | AvgR 0.0002 | Global 0.9434 | Local 0.1783 | F1_macro 0.6165 | WorstLoss 2.0539
[Tracker] Saved snapshot: ep0435_phase1_class1
[Tracker] Ep  436 | AvgR 0.0003 | Global 0.9120 | Local 0.2206 | F1_macro 0.6042 | WorstLoss 1.8422
[Tracker] Ep  437 | AvgR 0.0002 | Global 0.9495 | Local 0.1867 | F1_macro 0.6530 | WorstLoss 2.3953
[Tracker] Ep  438 | AvgR 0.0003 | Global 0.9256 | Local 0.2116 | F1_macro 0.6088 | WorstLoss 1.4889
[Tracker] Ep  439 | AvgR 0.0003 | Global 0.9277 | Local 0.2213 | F1_macro 0.6123 | WorstLoss 2.0444
[Tracker] Ep  440 | AvgR 0.0002 | Global 0.8864 | Local 0.1977 | F1_macro 0.6059 | WorstLoss 2.4624
[Tracker] Saved snapshot: ep0440_phase1_class1
[Tracker] Ep  441 | AvgR 0.0002 | Global 0.9523 | Local 0.1607 | F1_macro 0.6313 | WorstLoss 1.5560
[Tracker] Ep  442 | AvgR 0.0002 | Global 0.9372 | Local 0.1716 | F1_macro 0.6230 | WorstLoss 1.9769
[Tracker] Ep  443 | AvgR 0.0003 | Global 0.9138 | Local 0.2284 | F1_macro 0.6059 | WorstLoss 1.3446
[Tracker] Ep  444 | AvgR 0.0002 | Global 0.9588 | Local 0.1607 | F1_macro 0.6287 | WorstLoss 2.1745
[Tracker] Ep  445 | AvgR 0.0002 | Global 0.9135 | Local 0.1943 | F1_macro 0.6084 | WorstLoss 1.6778
[Tracker] Saved snapshot: ep0445_phase1_class1
[Tracker] Ep  446 | AvgR 0.0003 | Global 0.9342 | Local 0.2029 | F1_macro 0.6161 | WorstLoss 2.1019
[Tracker] Ep  447 | AvgR 0.0002 | Global 0.9433 | Local 0.1680 | F1_macro 0.6304 | WorstLoss 1.8595
[Tracker] Ep  448 | AvgR 0.0002 | Global 0.8759 | Local 0.2321 | F1_macro 0.5990 | WorstLoss 1.7953
[Tracker] Ep  449 | AvgR 0.0003 | Global 0.8843 | Local 0.2548 | F1_macro 0.6160 | WorstLoss 1.3932
[Tracker] Ep  450 | AvgR 0.0003 | Global 0.9161 | Local 0.2519 | F1_macro 0.5990 | WorstLoss 1.5633
[Tracker] Saved snapshot: ep0450_phase1_class1
[Tracker] Ep  451 | AvgR 0.0002 | Global 0.9111 | Local 0.1779 | F1_macro 0.6269 | WorstLoss 1.6724
[Tracker] Ep  452 | AvgR 0.0002 | Global 0.9176 | Local 0.1845 | F1_macro 0.6218 | WorstLoss 1.3275
[Tracker] Ep  453 | AvgR 0.0003 | Global 0.8888 | Local 0.2607 | F1_macro 0.6031 | WorstLoss 1.8675
[Tracker] Ep  454 | AvgR 0.0002 | Global 0.8981 | Local 0.2058 | F1_macro 0.6048 | WorstLoss 1.9787
[Tracker] Ep  455 | AvgR 0.0002 | Global 0.9050 | Local 0.2099 | F1_macro 0.6056 | WorstLoss 2.2840
[Tracker] Saved snapshot: ep0455_phase1_class1
[Tracker] Ep  456 | AvgR 0.0003 | Global 0.9067 | Local 0.2399 | F1_macro 0.6134 | WorstLoss 1.3345
[Tracker] Ep  457 | AvgR 0.0002 | Global 0.9009 | Local 0.1862 | F1_macro 0.5974 | WorstLoss 1.3403
[Tracker] Ep  458 | AvgR 0.0003 | Global 0.9477 | Local 0.2210 | F1_macro 0.6253 | WorstLoss 1.8001
[Tracker] Ep  459 | AvgR 0.0002 | Global 0.9476 | Local 0.1466 | F1_macro 0.6174 | WorstLoss 1.5993
[Tracker] Ep  460 | AvgR 0.0002 | Global 0.9229 | Local 0.1963 | F1_macro 0.6300 | WorstLoss 2.7813
[Tracker] Saved snapshot: ep0460_phase1_class1
[Tracker] Ep  461 | AvgR 0.0003 | Global 0.9505 | Local 0.2015 | F1_macro 0.6290 | WorstLoss 1.7339
[Tracker] Ep  462 | AvgR 0.0002 | Global 0.8742 | Local 0.2200 | F1_macro 0.5940 | WorstLoss 2.2071
[Tracker] Ep  463 | AvgR 0.0002 | Global 0.9566 | Local 0.1382 | F1_macro 0.6292 | WorstLoss 1.8331
[Tracker] Ep  464 | AvgR 0.0003 | Global 0.9201 | Local 0.2171 | F1_macro 0.6066 | WorstLoss 1.3411
[Tracker] Ep  465 | AvgR 0.0002 | Global 0.9383 | Local 0.1572 | F1_macro 0.6289 | WorstLoss 1.5642
[Tracker] Saved snapshot: ep0465_phase1_class1
[Tracker] Ep  466 | AvgR 0.0003 | Global 0.9002 | Local 0.2587 | F1_macro 0.6022 | WorstLoss 1.8644
[Tracker] Ep  467 | AvgR 0.0002 | Global 0.9025 | Local 0.1885 | F1_macro 0.6171 | WorstLoss 1.7817
[Tracker] Ep  468 | AvgR 0.0003 | Global 0.9170 | Local 0.2026 | F1_macro 0.6400 | WorstLoss 1.4053
[Tracker] Ep  469 | AvgR 0.0003 | Global 0.8644 | Local 0.2512 | F1_macro 0.6374 | WorstLoss 1.6368
[Tracker] Ep  470 | AvgR 0.0002 | Global 0.8941 | Local 0.1937 | F1_macro 0.6363 | WorstLoss 1.7403
[Tracker] Saved snapshot: ep0470_phase1_class1
[Tracker] Ep  471 | AvgR 0.0002 | Global 0.9396 | Local 0.1549 | F1_macro 0.6321 | WorstLoss 1.4806
[Tracker] Ep  472 | AvgR 0.0003 | Global 0.9119 | Local 0.2142 | F1_macro 0.5927 | WorstLoss 1.5863
[Tracker] Ep  473 | AvgR 0.0002 | Global 0.9037 | Local 0.1821 | F1_macro 0.6184 | WorstLoss 1.8996
[Tracker] Ep  474 | AvgR 0.0002 | Global 0.8830 | Local 0.1964 | F1_macro 0.5923 | WorstLoss 1.7506
[Tracker] Ep  475 | AvgR 0.0002 | Global 0.9131 | Local 0.1890 | F1_macro 0.6237 | WorstLoss 1.7317
[Tracker] Saved snapshot: ep0475_phase1_class1
[Tracker] Ep  476 | AvgR 0.0003 | Global 0.9085 | Local 0.2477 | F1_macro 0.6101 | WorstLoss 1.8207
[Tracker] Ep  477 | AvgR 0.0003 | Global 0.9259 | Local 0.2004 | F1_macro 0.6122 | WorstLoss 2.1886
[Tracker] Ep  478 | AvgR 0.0002 | Global 0.7221 | Local 0.2215 | F1_macro 0.5786 | WorstLoss 3.0547
[Tracker] Ep  479 | AvgR 0.0002 | Global 0.8982 | Local 0.2025 | F1_macro 0.6209 | WorstLoss 2.0285
[Tracker] Ep  480 | AvgR 0.0003 | Global 0.9140 | Local 0.2135 | F1_macro 0.6179 | WorstLoss 1.6586
[Tracker] Saved snapshot: ep0480_phase1_class1
[Tracker] Ep  481 | AvgR 0.0002 | Global 0.8932 | Local 0.2096 | F1_macro 0.6185 | WorstLoss 1.6704
[Tracker] Ep  482 | AvgR 0.0002 | Global 0.8870 | Local 0.1761 | F1_macro 0.6168 | WorstLoss 1.3928
[Tracker] Ep  483 | AvgR 0.0002 | Global 0.8912 | Local 0.2046 | F1_macro 0.6087 | WorstLoss 1.5084
[Tracker] Ep  484 | AvgR 0.0002 | Global 0.9318 | Local 0.1749 | F1_macro 0.6168 | WorstLoss 2.0240
[Tracker] Ep  485 | AvgR 0.0002 | Global 0.8876 | Local 0.1736 | F1_macro 0.6121 | WorstLoss 2.2364
[Tracker] Saved snapshot: ep0485_phase1_class1
[Tracker] Ep  486 | AvgR 0.0003 | Global 0.9379 | Local 0.1905 | F1_macro 0.6085 | WorstLoss 1.2770
[Tracker] Ep  487 | AvgR 0.0002 | Global 0.8753 | Local 0.1941 | F1_macro 0.6075 | WorstLoss 1.6391
[Tracker] Ep  488 | AvgR 0.0003 | Global 0.8806 | Local 0.2480 | F1_macro 0.6196 | WorstLoss 1.4715
[Tracker] Ep  489 | AvgR 0.0002 | Global 0.9566 | Local 0.1604 | F1_macro 0.6319 | WorstLoss 1.7398
[Tracker] Ep  490 | AvgR 0.0002 | Global 0.9411 | Local 0.1586 | F1_macro 0.6142 | WorstLoss 1.3383
[Tracker] Saved snapshot: ep0490_phase1_class1
[Tracker] Ep  491 | AvgR 0.0002 | Global 0.8809 | Local 0.2191 | F1_macro 0.6045 | WorstLoss 2.2812
[Tracker] Ep  492 | AvgR 0.0002 | Global 0.8705 | Local 0.1998 | F1_macro 0.5895 | WorstLoss 1.5946
[Tracker] Ep  493 | AvgR 0.0002 | Global 0.8867 | Local 0.1921 | F1_macro 0.5893 | WorstLoss 2.1093
[Tracker] Ep  494 | AvgR 0.0003 | Global 0.9212 | Local 0.1970 | F1_macro 0.6195 | WorstLoss 1.6795
[Tracker] Ep  495 | AvgR 0.0003 | Global 0.9422 | Local 0.2506 | F1_macro 0.6186 | WorstLoss 1.6045
[Tracker] Saved snapshot: ep0495_phase1_class1
[Tracker] Ep  496 | AvgR 0.0003 | Global 0.9470 | Local 0.1922 | F1_macro 0.6264 | WorstLoss 1.1428
[Tracker] Ep  497 | AvgR 0.0003 | Global 0.9383 | Local 0.2398 | F1_macro 0.6036 | WorstLoss 1.6761
[Tracker] Ep  498 | AvgR 0.0003 | Global 0.9451 | Local 0.2005 | F1_macro 0.6188 | WorstLoss 1.7986
[Tracker] Ep  499 | AvgR 0.0003 | Global 0.9036 | Local 0.2138 | F1_macro 0.6049 | WorstLoss 1.3317
[Tracker] Ep  500 | AvgR 0.0002 | Global 0.8872 | Local 0.1708 | F1_macro 0.6083 | WorstLoss 1.6681
[Tracker] Saved snapshot: ep0500_phase1_class1
[Tracker] Ep  501 | AvgR 0.0003 | Global 0.9123 | Local 0.2079 | F1_macro 0.6275 | WorstLoss 2.0340
[Tracker] Ep  502 | AvgR 0.0003 | Global 0.8901 | Local 0.2114 | F1_macro 0.6044 | WorstLoss 1.6688
[Tracker] Ep  503 | AvgR 0.0003 | Global 0.9331 | Local 0.2148 | F1_macro 0.6334 | WorstLoss 1.9733
[Tracker] Ep  504 | AvgR 0.0003 | Global 0.9671 | Local 0.1893 | F1_macro 0.6243 | WorstLoss 1.6256
[Tracker] Ep  505 | AvgR 0.0003 | Global 0.9494 | Local 0.2096 | F1_macro 0.6248 | WorstLoss 1.4393
[Tracker] Saved snapshot: ep0505_phase1_class1
[Tracker] Ep  506 | AvgR 0.0003 | Global 0.8944 | Local 0.2458 | F1_macro 0.6043 | WorstLoss 1.6445
[Tracker] Ep  507 | AvgR 0.0003 | Global 0.9554 | Local 0.1771 | F1_macro 0.6414 | WorstLoss 1.6017
[Tracker] Ep  508 | AvgR 0.0003 | Global 0.8791 | Local 0.2583 | F1_macro 0.6075 | WorstLoss 2.5300
[Tracker] Ep  509 | AvgR 0.0003 | Global 0.8982 | Local 0.2458 | F1_macro 0.6109 | WorstLoss 1.8357
[Tracker] Ep  510 | AvgR 0.0003 | Global 0.8464 | Local 0.2595 | F1_macro 0.6094 | WorstLoss 1.6992
[Tracker] Saved snapshot: ep0510_phase1_class1
[Tracker] Ep  511 | AvgR 0.0003 | Global 0.8712 | Local 0.2267 | F1_macro 0.5908 | WorstLoss 1.2968
[Tracker] Ep  512 | AvgR 0.0002 | Global 0.9081 | Local 0.1679 | F1_macro 0.6069 | WorstLoss 2.0974
[Tracker] Ep  513 | AvgR 0.0003 | Global 0.9479 | Local 0.1838 | F1_macro 0.6072 | WorstLoss 1.4608
[Tracker] Ep  514 | AvgR 0.0003 | Global 0.9458 | Local 0.2012 | F1_macro 0.6340 | WorstLoss 1.6546
[Tracker] Ep  515 | AvgR 0.0003 | Global 0.9312 | Local 0.2190 | F1_macro 0.6274 | WorstLoss 1.4744
[Tracker] Saved snapshot: ep0515_phase1_class1
[Tracker] Ep  516 | AvgR 0.0002 | Global 0.8669 | Local 0.2128 | F1_macro 0.5908 | WorstLoss 2.0377
[Tracker] Ep  517 | AvgR 0.0003 | Global 0.9382 | Local 0.1904 | F1_macro 0.6046 | WorstLoss 1.5872
[Tracker] Ep  518 | AvgR 0.0003 | Global 0.9421 | Local 0.2401 | F1_macro 0.6065 | WorstLoss 1.7151
[Tracker] Ep  519 | AvgR 0.0003 | Global 0.9539 | Local 0.1601 | F1_macro 0.6285 | WorstLoss 1.2588
[Tracker] Ep  520 | AvgR 0.0003 | Global 0.8741 | Local 0.2624 | F1_macro 0.6081 | WorstLoss 1.4400
[Tracker] Saved snapshot: ep0520_phase1_class1
[Tracker] Ep  521 | AvgR 0.0003 | Global 0.9504 | Local 0.1782 | F1_macro 0.6189 | WorstLoss 1.1476
[Tracker] Ep  522 | AvgR 0.0003 | Global 0.9487 | Local 0.2379 | F1_macro 0.6145 | WorstLoss 1.4149
[Tracker] Ep  523 | AvgR 0.0003 | Global 0.9308 | Local 0.1829 | F1_macro 0.6137 | WorstLoss 1.8444
[Tracker] Ep  524 | AvgR 0.0003 | Global 0.9171 | Local 0.1873 | F1_macro 0.6168 | WorstLoss 1.6449
[Tracker] Ep  525 | AvgR 0.0003 | Global 0.8985 | Local 0.2276 | F1_macro 0.6125 | WorstLoss 1.8842
[Tracker] Saved snapshot: ep0525_phase1_class1
[Tracker] Ep  526 | AvgR 0.0003 | Global 0.8980 | Local 0.2062 | F1_macro 0.6108 | WorstLoss 1.7222
[Tracker] Ep  527 | AvgR 0.0003 | Global 0.8919 | Local 0.2166 | F1_macro 0.6157 | WorstLoss 1.5185
[Tracker] Ep  528 | AvgR 0.0002 | Global 0.9043 | Local 0.1838 | F1_macro 0.6077 | WorstLoss 1.6576
[Tracker] Ep  529 | AvgR 0.0003 | Global 0.9291 | Local 0.1992 | F1_macro 0.6104 | WorstLoss 1.4829
[Tracker] Ep  530 | AvgR 0.0003 | Global 0.9408 | Local 0.2367 | F1_macro 0.6173 | WorstLoss 2.0098
[Tracker] Saved snapshot: ep0530_phase1_class1
[Tracker] Ep  531 | AvgR 0.0002 | Global 0.9249 | Local 0.1705 | F1_macro 0.6137 | WorstLoss 2.6352
[Tracker] Ep  532 | AvgR 0.0003 | Global 0.9288 | Local 0.1938 | F1_macro 0.6315 | WorstLoss 1.6012
[Tracker] Ep  533 | AvgR 0.0003 | Global 0.9446 | Local 0.1847 | F1_macro 0.6306 | WorstLoss 1.6608
[Tracker] Ep  534 | AvgR 0.0002 | Global 0.9654 | Local 0.0934 | F1_macro 0.6505 | WorstLoss 1.6912
[Tracker] Ep  535 | AvgR 0.0003 | Global 0.9311 | Local 0.2105 | F1_macro 0.6045 | WorstLoss 1.7719
[Tracker] Saved snapshot: ep0535_phase1_class1
[Tracker] Ep  536 | AvgR 0.0002 | Global 0.8789 | Local 0.1714 | F1_macro 0.6331 | WorstLoss 1.5602
[Tracker] Ep  537 | AvgR 0.0003 | Global 0.9468 | Local 0.1877 | F1_macro 0.6238 | WorstLoss 1.4368
[Tracker] Ep  538 | AvgR 0.0003 | Global 0.9286 | Local 0.2058 | F1_macro 0.5972 | WorstLoss 1.4954
[Tracker] Ep  539 | AvgR 0.0003 | Global 0.9090 | Local 0.2059 | F1_macro 0.5881 | WorstLoss 2.4124
[Tracker] Ep  540 | AvgR 0.0003 | Global 0.9123 | Local 0.2111 | F1_macro 0.6298 | WorstLoss 1.7887
[Tracker] Saved snapshot: ep0540_phase1_class1
[Tracker] Ep  541 | AvgR 0.0003 | Global 0.9119 | Local 0.2200 | F1_macro 0.6062 | WorstLoss 1.7285
[Tracker] Ep  542 | AvgR 0.0003 | Global 0.9370 | Local 0.1832 | F1_macro 0.6077 | WorstLoss 1.9889
[Tracker] Ep  543 | AvgR 0.0002 | Global 0.9426 | Local 0.1523 | F1_macro 0.6405 | WorstLoss 1.8471
[Tracker] Ep  544 | AvgR 0.0002 | Global 0.9362 | Local 0.1495 | F1_macro 0.6218 | WorstLoss 2.1826
[Tracker] Ep  545 | AvgR 0.0003 | Global 0.8906 | Local 0.2359 | F1_macro 0.6247 | WorstLoss 2.3418
[Tracker] Saved snapshot: ep0545_phase1_class1
[Tracker] Ep  546 | AvgR 0.0003 | Global 0.9294 | Local 0.2476 | F1_macro 0.6201 | WorstLoss 1.5606
[Tracker] Ep  547 | AvgR 0.0003 | Global 0.9726 | Local 0.1780 | F1_macro 0.6285 | WorstLoss 1.4542
[Tracker] Ep  548 | AvgR 0.0003 | Global 0.9020 | Local 0.2201 | F1_macro 0.6053 | WorstLoss 1.6015
[Tracker] Ep  549 | AvgR 0.0002 | Global 0.8287 | Local 0.2321 | F1_macro 0.5854 | WorstLoss 2.4946
[Tracker] Ep  550 | AvgR 0.0002 | Global 0.9451 | Local 0.1459 | F1_macro 0.6263 | WorstLoss 1.4844
[Tracker] Saved snapshot: ep0550_phase1_class1
[Tracker] Ep  551 | AvgR 0.0002 | Global 0.9659 | Local 0.1134 | F1_macro 0.6396 | WorstLoss 1.9240
[Tracker] Ep  552 | AvgR 0.0003 | Global 0.9440 | Local 0.1891 | F1_macro 0.6238 | WorstLoss 1.9055
[Tracker] Ep  553 | AvgR 0.0003 | Global 0.9338 | Local 0.2030 | F1_macro 0.6286 | WorstLoss 1.2541
[Tracker] Ep  554 | AvgR 0.0003 | Global 0.9473 | Local 0.2199 | F1_macro 0.6022 | WorstLoss 1.5602
[Tracker] Ep  555 | AvgR 0.0003 | Global 0.8804 | Local 0.2370 | F1_macro 0.6079 | WorstLoss 1.6566
[Tracker] Saved snapshot: ep0555_phase1_class1
[Tracker] Ep  556 | AvgR 0.0003 | Global 0.9056 | Local 0.2020 | F1_macro 0.6305 | WorstLoss 2.0984
[Tracker] Ep  557 | AvgR 0.0003 | Global 0.9259 | Local 0.1920 | F1_macro 0.6069 | WorstLoss 1.9882
[Tracker] Ep  558 | AvgR 0.0003 | Global 0.9631 | Local 0.1893 | F1_macro 0.6262 | WorstLoss 1.2760
[Tracker] Ep  559 | AvgR 0.0003 | Global 0.9483 | Local 0.1722 | F1_macro 0.6156 | WorstLoss 1.6927
[Tracker] Ep  560 | AvgR 0.0003 | Global 0.9328 | Local 0.2206 | F1_macro 0.6074 | WorstLoss 1.5592
[Tracker] Saved snapshot: ep0560_phase1_class1
[Tracker] Ep  561 | AvgR 0.0003 | Global 0.9485 | Local 0.1954 | F1_macro 0.5999 | WorstLoss 1.6825
[Tracker] Ep  562 | AvgR 0.0003 | Global 0.9576 | Local 0.1653 | F1_macro 0.6469 | WorstLoss 1.7104
[Tracker] Ep  563 | AvgR 0.0003 | Global 0.9256 | Local 0.1887 | F1_macro 0.6188 | WorstLoss 1.4853
[Tracker] Ep  564 | AvgR 0.0003 | Global 0.9307 | Local 0.1829 | F1_macro 0.6152 | WorstLoss 2.1491
[Tracker] Ep  565 | AvgR 0.0003 | Global 0.9301 | Local 0.2539 | F1_macro 0.6143 | WorstLoss 1.2020
[Tracker] Saved snapshot: ep0565_phase1_class1
[Tracker] Ep  566 | AvgR 0.0003 | Global 0.9092 | Local 0.2317 | F1_macro 0.6111 | WorstLoss 1.9623
[Tracker] Ep  567 | AvgR 0.0002 | Global 0.9105 | Local 0.1610 | F1_macro 0.5974 | WorstLoss 1.9835
[Tracker] Ep  568 | AvgR 0.0003 | Global 0.9298 | Local 0.1806 | F1_macro 0.6045 | WorstLoss 2.0638
[Tracker] Ep  569 | AvgR 0.0003 | Global 0.9321 | Local 0.1698 | F1_macro 0.6177 | WorstLoss 1.3868
[Tracker] Ep  570 | AvgR 0.0003 | Global 0.9298 | Local 0.1792 | F1_macro 0.6283 | WorstLoss 1.7824
[Tracker] Saved snapshot: ep0570_phase1_class1
[Tracker] Ep  571 | AvgR 0.0003 | Global 0.9104 | Local 0.2132 | F1_macro 0.6027 | WorstLoss 1.3291
[Tracker] Ep  572 | AvgR 0.0003 | Global 0.9214 | Local 0.2340 | F1_macro 0.6123 | WorstLoss 2.0255
[Tracker] Ep  573 | AvgR 0.0003 | Global 0.9007 | Local 0.1814 | F1_macro 0.6140 | WorstLoss 1.6914
[Tracker] Ep  574 | AvgR 0.0003 | Global 0.9342 | Local 0.1738 | F1_macro 0.6251 | WorstLoss 1.7958
[Tracker] Ep  575 | AvgR 0.0003 | Global 0.9305 | Local 0.1865 | F1_macro 0.6202 | WorstLoss 1.6390
[Tracker] Saved snapshot: ep0575_phase1_class1
[Tracker] Ep  576 | AvgR 0.0003 | Global 0.8685 | Local 0.2619 | F1_macro 0.5856 | WorstLoss 1.3275
[Tracker] Ep  577 | AvgR 0.0003 | Global 0.9450 | Local 0.1690 | F1_macro 0.6185 | WorstLoss 1.7238
[Tracker] Ep  578 | AvgR 0.0003 | Global 0.8621 | Local 0.2284 | F1_macro 0.6010 | WorstLoss 1.8574
[Tracker] Ep  579 | AvgR 0.0003 | Global 0.9124 | Local 0.2582 | F1_macro 0.6268 | WorstLoss 1.4212
[Tracker] Ep  580 | AvgR 0.0003 | Global 0.9114 | Local 0.1825 | F1_macro 0.6002 | WorstLoss 1.8142
[Tracker] Saved snapshot: ep0580_phase1_class1
[Tracker] Ep  581 | AvgR 0.0003 | Global 0.9223 | Local 0.2397 | F1_macro 0.6164 | WorstLoss 1.4671
[Tracker] Ep  582 | AvgR 0.0003 | Global 0.9253 | Local 0.1836 | F1_macro 0.6281 | WorstLoss 1.3167
[Tracker] Ep  583 | AvgR 0.0003 | Global 0.9388 | Local 0.1870 | F1_macro 0.6248 | WorstLoss 1.5566
[Tracker] Ep  584 | AvgR 0.0003 | Global 0.8677 | Local 0.2133 | F1_macro 0.6122 | WorstLoss 2.0124
[Tracker] Ep  585 | AvgR 0.0003 | Global 0.8709 | Local 0.2256 | F1_macro 0.6042 | WorstLoss 2.1813
[Tracker] Saved snapshot: ep0585_phase1_class1
[Tracker] Ep  586 | AvgR 0.0003 | Global 0.9292 | Local 0.1932 | F1_macro 0.6415 | WorstLoss 1.9795
[Tracker] Ep  587 | AvgR 0.0003 | Global 0.9014 | Local 0.1991 | F1_macro 0.6180 | WorstLoss 1.5333
[Tracker] Ep  588 | AvgR 0.0003 | Global 0.8903 | Local 0.2798 | F1_macro 0.6257 | WorstLoss 1.8054
[Tracker] Ep  589 | AvgR 0.0003 | Global 0.9293 | Local 0.1526 | F1_macro 0.6274 | WorstLoss 1.8954
[Tracker] Ep  590 | AvgR 0.0002 | Global 0.8813 | Local 0.1800 | F1_macro 0.5984 | WorstLoss 2.3547
[Tracker] Saved snapshot: ep0590_phase1_class1
[Tracker] Ep  591 | AvgR 0.0003 | Global 0.8705 | Local 0.2338 | F1_macro 0.6021 | WorstLoss 2.2135
[Tracker] Ep  592 | AvgR 0.0003 | Global 0.9054 | Local 0.1854 | F1_macro 0.6072 | WorstLoss 1.9450
[Tracker] Ep  593 | AvgR 0.0003 | Global 0.9097 | Local 0.2065 | F1_macro 0.6212 | WorstLoss 2.0410
[Tracker] Ep  594 | AvgR 0.0003 | Global 0.9235 | Local 0.2066 | F1_macro 0.6281 | WorstLoss 2.5530
[Tracker] Ep  595 | AvgR 0.0003 | Global 0.9266 | Local 0.2644 | F1_macro 0.6074 | WorstLoss 1.8769
[Tracker] Saved snapshot: ep0595_phase1_class1
[Tracker] Ep  596 | AvgR 0.0002 | Global 0.8924 | Local 0.1713 | F1_macro 0.6322 | WorstLoss 1.7171
[Tracker] Ep  597 | AvgR 0.0003 | Global 0.8552 | Local 0.2126 | F1_macro 0.6039 | WorstLoss 1.7929
[Tracker] Ep  598 | AvgR 0.0002 | Global 0.8821 | Local 0.1728 | F1_macro 0.6135 | WorstLoss 1.7434
[Tracker] Ep  599 | AvgR 0.0003 | Global 0.9474 | Local 0.1835 | F1_macro 0.6166 | WorstLoss 1.4852
[Tracker] Ep  600 | AvgR 0.0003 | Global 0.9313 | Local 0.2133 | F1_macro 0.6254 | WorstLoss 1.2581
[Tracker] Saved snapshot: ep0600_phase1_class1
[Tracker] Ep  601 | AvgR 0.0003 | Global 0.9269 | Local 0.2087 | F1_macro 0.6176 | WorstLoss 2.1805
[Tracker] Ep  602 | AvgR 0.0003 | Global 0.9345 | Local 0.1509 | F1_macro 0.6286 | WorstLoss 1.5681
[Tracker] Ep  603 | AvgR 0.0003 | Global 0.8899 | Local 0.2497 | F1_macro 0.5925 | WorstLoss 1.4066
[Tracker] Ep  604 | AvgR 0.0003 | Global 0.9466 | Local 0.2127 | F1_macro 0.6041 | WorstLoss 1.3960
[Tracker] Ep  605 | AvgR 0.0003 | Global 0.9112 | Local 0.2028 | F1_macro 0.6298 | WorstLoss 2.0967
[Tracker] Saved snapshot: ep0605_phase1_class1
[Tracker] Ep  606 | AvgR 0.0003 | Global 0.9009 | Local 0.1756 | F1_macro 0.6084 | WorstLoss 2.3554
[Tracker] Ep  607 | AvgR 0.0003 | Global 0.9212 | Local 0.2487 | F1_macro 0.6168 | WorstLoss 1.8377
[Tracker] Ep  608 | AvgR 0.0003 | Global 0.9102 | Local 0.2120 | F1_macro 0.6103 | WorstLoss 1.6798
[Tracker] Ep  609 | AvgR 0.0003 | Global 0.8897 | Local 0.2314 | F1_macro 0.5884 | WorstLoss 2.1276
[Tracker] Ep  610 | AvgR 0.0003 | Global 0.9565 | Local 0.1830 | F1_macro 0.6394 | WorstLoss 1.8778
[Tracker] Saved snapshot: ep0610_phase1_class1
[Tracker] Ep  611 | AvgR 0.0003 | Global 0.8781 | Local 0.2103 | F1_macro 0.6012 | WorstLoss 1.7307
[Tracker] Ep  612 | AvgR 0.0003 | Global 0.9504 | Local 0.1733 | F1_macro 0.6313 | WorstLoss 2.3149
[Tracker] Ep  613 | AvgR 0.0003 | Global 0.8858 | Local 0.2025 | F1_macro 0.6121 | WorstLoss 2.1805
[Tracker] Ep  614 | AvgR 0.0003 | Global 0.9140 | Local 0.1742 | F1_macro 0.6266 | WorstLoss 1.2207
[Tracker] Ep  615 | AvgR 0.0003 | Global 0.9266 | Local 0.1847 | F1_macro 0.6188 | WorstLoss 1.4865
[Tracker] Saved snapshot: ep0615_phase1_class1
[Tracker] Ep  616 | AvgR 0.0003 | Global 0.8933 | Local 0.2037 | F1_macro 0.6172 | WorstLoss 2.2273
[Tracker] Ep  617 | AvgR 0.0003 | Global 0.9386 | Local 0.2245 | F1_macro 0.6299 | WorstLoss 1.7997
[Tracker] Ep  618 | AvgR 0.0003 | Global 0.8751 | Local 0.2758 | F1_macro 0.5953 | WorstLoss 1.7806
[Tracker] Ep  619 | AvgR 0.0003 | Global 0.9225 | Local 0.1479 | F1_macro 0.6145 | WorstLoss 1.6083
[Tracker] Ep  620 | AvgR 0.0003 | Global 0.9075 | Local 0.2099 | F1_macro 0.5955 | WorstLoss 2.5836
[Tracker] Saved snapshot: ep0620_phase1_class1
[Tracker] Ep  621 | AvgR 0.0003 | Global 0.8914 | Local 0.1884 | F1_macro 0.6017 | WorstLoss 1.9207
[Tracker] Ep  622 | AvgR 0.0003 | Global 0.8876 | Local 0.2095 | F1_macro 0.6179 | WorstLoss 1.8810
[Tracker] Ep  623 | AvgR 0.0003 | Global 0.9403 | Local 0.1781 | F1_macro 0.6445 | WorstLoss 1.6942
[Tracker] Ep  624 | AvgR 0.0003 | Global 0.8969 | Local 0.2685 | F1_macro 0.5965 | WorstLoss 2.6158
[Tracker] Ep  625 | AvgR 0.0003 | Global 0.8924 | Local 0.1985 | F1_macro 0.6100 | WorstLoss 2.2952
[Tracker] Saved snapshot: ep0625_phase1_class1
[Tracker] Ep  626 | AvgR 0.0003 | Global 0.9093 | Local 0.2282 | F1_macro 0.5919 | WorstLoss 1.3451
[Tracker] Ep  627 | AvgR 0.0002 | Global 0.8957 | Local 0.1621 | F1_macro 0.6041 | WorstLoss 2.3003
[Tracker] Ep  628 | AvgR 0.0003 | Global 0.9122 | Local 0.2356 | F1_macro 0.6066 | WorstLoss 2.4023
[Tracker] Ep  629 | AvgR 0.0003 | Global 0.8987 | Local 0.2550 | F1_macro 0.6090 | WorstLoss 2.7843
[Tracker] Ep  630 | AvgR 0.0003 | Global 0.9313 | Local 0.1698 | F1_macro 0.6238 | WorstLoss 1.6729
[Tracker] Saved snapshot: ep0630_phase1_class1
[Tracker] Ep  631 | AvgR 0.0002 | Global 0.8971 | Local 0.1494 | F1_macro 0.6206 | WorstLoss 2.0231
[Tracker] Ep  632 | AvgR 0.0003 | Global 0.8927 | Local 0.1955 | F1_macro 0.6015 | WorstLoss 1.5699
[Tracker] Ep  633 | AvgR 0.0003 | Global 0.9416 | Local 0.2287 | F1_macro 0.6108 | WorstLoss 1.2371
[Tracker] Ep  634 | AvgR 0.0003 | Global 0.9231 | Local 0.1985 | F1_macro 0.6025 | WorstLoss 1.3749
[Tracker] Ep  635 | AvgR 0.0003 | Global 0.9133 | Local 0.2196 | F1_macro 0.5913 | WorstLoss 1.4741
[Tracker] Saved snapshot: ep0635_phase1_class1
[Tracker] Ep  636 | AvgR 0.0003 | Global 0.9257 | Local 0.1580 | F1_macro 0.6155 | WorstLoss 1.6135
[Tracker] Ep  637 | AvgR 0.0003 | Global 0.9154 | Local 0.1824 | F1_macro 0.6099 | WorstLoss 1.9674
[Tracker] Ep  638 | AvgR 0.0003 | Global 0.8953 | Local 0.2584 | F1_macro 0.5972 | WorstLoss 1.8472
[Tracker] Ep  639 | AvgR 0.0003 | Global 0.9326 | Local 0.1508 | F1_macro 0.6131 | WorstLoss 1.5036
[Tracker] Ep  640 | AvgR 0.0003 | Global 0.9085 | Local 0.1684 | F1_macro 0.6047 | WorstLoss 1.7235
[Tracker] Saved snapshot: ep0640_phase1_class1
[Tracker] Ep  641 | AvgR 0.0003 | Global 0.9074 | Local 0.2012 | F1_macro 0.6215 | WorstLoss 1.5161
[Tracker] Ep  642 | AvgR 0.0003 | Global 0.8934 | Local 0.2068 | F1_macro 0.5986 | WorstLoss 1.7576
[Tracker] Ep  643 | AvgR 0.0003 | Global 0.9738 | Local 0.1702 | F1_macro 0.6263 | WorstLoss 1.3333
[Tracker] Ep  644 | AvgR 0.0003 | Global 0.9297 | Local 0.1749 | F1_macro 0.6118 | WorstLoss 1.8241
[Tracker] Ep  645 | AvgR 0.0003 | Global 0.9352 | Local 0.1995 | F1_macro 0.6043 | WorstLoss 1.5719
[Tracker] Saved snapshot: ep0645_phase1_class1
[Tracker] Ep  646 | AvgR 0.0003 | Global 0.8879 | Local 0.2082 | F1_macro 0.6083 | WorstLoss 1.4945
[Tracker] Ep  647 | AvgR 0.0003 | Global 0.8524 | Local 0.2634 | F1_macro 0.5979 | WorstLoss 2.5620
[Tracker] Ep  648 | AvgR 0.0003 | Global 0.9254 | Local 0.1895 | F1_macro 0.5954 | WorstLoss 1.6706
[Tracker] Ep  649 | AvgR 0.0003 | Global 0.9294 | Local 0.1773 | F1_macro 0.6125 | WorstLoss 2.4776
[Tracker] Ep  650 | AvgR 0.0003 | Global 0.8900 | Local 0.2629 | F1_macro 0.5928 | WorstLoss 1.4135
[Tracker] Saved snapshot: ep0650_phase1_class1
[Tracker] Ep  651 | AvgR 0.0003 | Global 0.8770 | Local 0.2424 | F1_macro 0.5813 | WorstLoss 1.6543
[Tracker] Ep  652 | AvgR 0.0003 | Global 0.9514 | Local 0.1485 | F1_macro 0.6200 | WorstLoss 1.8394
[Tracker] Ep  653 | AvgR 0.0003 | Global 0.9426 | Local 0.1925 | F1_macro 0.6340 | WorstLoss 2.2358
[Tracker] Ep  654 | AvgR 0.0003 | Global 0.9332 | Local 0.1970 | F1_macro 0.6179 | WorstLoss 2.1382
[Tracker] Ep  655 | AvgR 0.0003 | Global 0.9324 | Local 0.1920 | F1_macro 0.6199 | WorstLoss 1.8287
[Tracker] Saved snapshot: ep0655_phase1_class1
[Tracker] Ep  656 | AvgR 0.0003 | Global 0.9051 | Local 0.1882 | F1_macro 0.6067 | WorstLoss 2.0753
[Tracker] Ep  657 | AvgR 0.0003 | Global 0.9141 | Local 0.2458 | F1_macro 0.6082 | WorstLoss 1.6237
[Tracker] Ep  658 | AvgR 0.0003 | Global 0.8715 | Local 0.2061 | F1_macro 0.5935 | WorstLoss 2.0578
[Tracker] Ep  659 | AvgR 0.0003 | Global 0.9173 | Local 0.2007 | F1_macro 0.6169 | WorstLoss 2.4762
[Tracker] Ep  660 | AvgR 0.0003 | Global 0.9437 | Local 0.1920 | F1_macro 0.6179 | WorstLoss 1.8436
[Tracker] Saved snapshot: ep0660_phase1_class1
[Tracker] Ep  661 | AvgR 0.0003 | Global 0.8766 | Local 0.2414 | F1_macro 0.6158 | WorstLoss 1.4377
[Tracker] Ep  662 | AvgR 0.0003 | Global 0.9383 | Local 0.1989 | F1_macro 0.6026 | WorstLoss 2.0203
[Tracker] Ep  663 | AvgR 0.0003 | Global 0.9157 | Local 0.2589 | F1_macro 0.6281 | WorstLoss 1.2621
[Tracker] Ep  664 | AvgR 0.0003 | Global 0.8837 | Local 0.2132 | F1_macro 0.6118 | WorstLoss 1.8823
[Tracker] Ep  665 | AvgR 0.0003 | Global 0.8859 | Local 0.2284 | F1_macro 0.5950 | WorstLoss 2.4722
[Tracker] Saved snapshot: ep0665_phase1_class1
[Tracker] Ep  666 | AvgR 0.0003 | Global 0.8925 | Local 0.1783 | F1_macro 0.5911 | WorstLoss 1.4515
[Tracker] Ep  667 | AvgR 0.0002 | Global 0.8425 | Local 0.1976 | F1_macro 0.6184 | WorstLoss 2.9825
[Tracker] Ep  668 | AvgR 0.0003 | Global 0.8830 | Local 0.2574 | F1_macro 0.5933 | WorstLoss 1.9079
[Tracker] Ep  669 | AvgR 0.0003 | Global 0.9190 | Local 0.2508 | F1_macro 0.6019 | WorstLoss 1.6678
[Tracker] Ep  670 | AvgR 0.0003 | Global 0.9050 | Local 0.1943 | F1_macro 0.6203 | WorstLoss 1.7400
[Tracker] Saved snapshot: ep0670_phase1_class1
[Tracker] Ep  671 | AvgR 0.0003 | Global 0.9498 | Local 0.1875 | F1_macro 0.6245 | WorstLoss 1.8773
[Tracker] Ep  672 | AvgR 0.0003 | Global 0.9242 | Local 0.1979 | F1_macro 0.6258 | WorstLoss 2.1004
[Tracker] Ep  673 | AvgR 0.0003 | Global 0.8798 | Local 0.1995 | F1_macro 0.6037 | WorstLoss 1.7748
[Tracker] Ep  674 | AvgR 0.0003 | Global 0.9224 | Local 0.2750 | F1_macro 0.6162 | WorstLoss 1.2238
[Tracker] Ep  675 | AvgR 0.0003 | Global 0.9159 | Local 0.2043 | F1_macro 0.6111 | WorstLoss 1.4711
[Tracker] Saved snapshot: ep0675_phase1_class1
[Tracker] Ep  676 | AvgR 0.0003 | Global 0.9052 | Local 0.2331 | F1_macro 0.6164 | WorstLoss 1.8919
[Tracker] Ep  677 | AvgR 0.0002 | Global 0.8649 | Local 0.1335 | F1_macro 0.6263 | WorstLoss 2.1959
[Tracker] Ep  678 | AvgR 0.0003 | Global 0.9054 | Local 0.2013 | F1_macro 0.5977 | WorstLoss 2.1228
[Tracker] Ep  679 | AvgR 0.0003 | Global 0.9413 | Local 0.1819 | F1_macro 0.6314 | WorstLoss 1.9623
[Tracker] Ep  680 | AvgR 0.0003 | Global 0.9095 | Local 0.2672 | F1_macro 0.6121 | WorstLoss 1.3876
[Tracker] Saved snapshot: ep0680_phase1_class1
[Tracker] Ep  681 | AvgR 0.0003 | Global 0.8907 | Local 0.2385 | F1_macro 0.6087 | WorstLoss 2.6454
[Tracker] Ep  682 | AvgR 0.0003 | Global 0.9105 | Local 0.2296 | F1_macro 0.5903 | WorstLoss 1.8816
[Tracker] Ep  683 | AvgR 0.0003 | Global 0.8704 | Local 0.1952 | F1_macro 0.6125 | WorstLoss 1.6657
[Tracker] Ep  684 | AvgR 0.0003 | Global 0.9162 | Local 0.2064 | F1_macro 0.6043 | WorstLoss 2.1585
[Tracker] Ep  685 | AvgR 0.0003 | Global 0.8550 | Local 0.3337 | F1_macro 0.6238 | WorstLoss 2.5775
[Tracker] Saved snapshot: ep0685_phase1_class1
[Tracker] Ep  686 | AvgR 0.0003 | Global 0.9211 | Local 0.2111 | F1_macro 0.6129 | WorstLoss 2.0947
[Tracker] Ep  687 | AvgR 0.0002 | Global 0.8559 | Local 0.1716 | F1_macro 0.5998 | WorstLoss 2.9200
[Tracker] Ep  688 | AvgR 0.0003 | Global 0.9443 | Local 0.2466 | F1_macro 0.6202 | WorstLoss 1.7756
[Tracker] Ep  689 | AvgR 0.0003 | Global 0.8839 | Local 0.2707 | F1_macro 0.5903 | WorstLoss 1.3415
[Tracker] Ep  690 | AvgR 0.0003 | Global 0.9056 | Local 0.2181 | F1_macro 0.6033 | WorstLoss 1.5859
[Tracker] Saved snapshot: ep0690_phase1_class1
[Tracker] Ep  691 | AvgR 0.0003 | Global 0.8730 | Local 0.2127 | F1_macro 0.6013 | WorstLoss 1.7534
[Tracker] Ep  692 | AvgR 0.0003 | Global 0.9113 | Local 0.2518 | F1_macro 0.6025 | WorstLoss 1.3242
[Tracker] Ep  693 | AvgR 0.0003 | Global 0.9007 | Local 0.1963 | F1_macro 0.6166 | WorstLoss 1.5343
[Tracker] Ep  694 | AvgR 0.0003 | Global 0.9204 | Local 0.2184 | F1_macro 0.6305 | WorstLoss 1.5166
[Tracker] Ep  695 | AvgR 0.0003 | Global 0.9209 | Local 0.2593 | F1_macro 0.6058 | WorstLoss 1.3818
[Tracker] Saved snapshot: ep0695_phase1_class1
[Tracker] Ep  696 | AvgR 0.0003 | Global 0.9003 | Local 0.2383 | F1_macro 0.6155 | WorstLoss 2.1423
[Tracker] Ep  697 | AvgR 0.0003 | Global 0.8958 | Local 0.2130 | F1_macro 0.5960 | WorstLoss 1.2722
[Tracker] Ep  698 | AvgR 0.0003 | Global 0.8913 | Local 0.1878 | F1_macro 0.6190 | WorstLoss 2.3463
[Tracker] Ep  699 | AvgR 0.0003 | Global 0.8824 | Local 0.2609 | F1_macro 0.5987 | WorstLoss 1.4327
[Tracker] Ep  700 | AvgR 0.0003 | Global 0.9168 | Local 0.1897 | F1_macro 0.6113 | WorstLoss 1.7229
[Tracker] Saved snapshot: ep0700_phase1_class1
[Tracker] Ep  701 | AvgR 0.0003 | Global 0.9467 | Local 0.2047 | F1_macro 0.6210 | WorstLoss 1.3042
[Tracker] Ep  702 | AvgR 0.0003 | Global 0.9117 | Local 0.1985 | F1_macro 0.6322 | WorstLoss 1.3772
[Tracker] Ep  703 | AvgR 0.0003 | Global 0.9004 | Local 0.1718 | F1_macro 0.6121 | WorstLoss 1.9633
[Tracker] Ep  704 | AvgR 0.0003 | Global 0.8948 | Local 0.2638 | F1_macro 0.6049 | WorstLoss 1.2586
[Tracker] Ep  705 | AvgR 0.0003 | Global 0.8957 | Local 0.2460 | F1_macro 0.6022 | WorstLoss 1.5143
[Tracker] Saved snapshot: ep0705_phase1_class1
[Tracker] Ep  706 | AvgR 0.0003 | Global 0.9036 | Local 0.2036 | F1_macro 0.6179 | WorstLoss 1.9307
[Tracker] Ep  707 | AvgR 0.0003 | Global 0.8817 | Local 0.2061 | F1_macro 0.6017 | WorstLoss 2.0867
[Tracker] Ep  708 | AvgR 0.0003 | Global 0.9475 | Local 0.1940 | F1_macro 0.6312 | WorstLoss 2.0682
[Tracker] Ep  709 | AvgR 0.0003 | Global 0.8724 | Local 0.1851 | F1_macro 0.6021 | WorstLoss 2.1090
[Tracker] Ep  710 | AvgR 0.0003 | Global 0.9077 | Local 0.1838 | F1_macro 0.5950 | WorstLoss 1.5260
[Tracker] Saved snapshot: ep0710_phase1_class1
[Tracker] Ep  711 | AvgR 0.0003 | Global 0.9341 | Local 0.1248 | F1_macro 0.6327 | WorstLoss 1.7524
[Tracker] Ep  712 | AvgR 0.0003 | Global 0.9197 | Local 0.1987 | F1_macro 0.6093 | WorstLoss 1.7102
[Tracker] Ep  713 | AvgR 0.0003 | Global 0.9158 | Local 0.2175 | F1_macro 0.6073 | WorstLoss 1.2960
[Tracker] Ep  714 | AvgR 0.0003 | Global 0.8992 | Local 0.2556 | F1_macro 0.5898 | WorstLoss 1.2202
[Tracker] Ep  715 | AvgR 0.0003 | Global 0.8943 | Local 0.1742 | F1_macro 0.6097 | WorstLoss 2.6942
[Tracker] Saved snapshot: ep0715_phase1_class1
[Tracker] Ep  716 | AvgR 0.0003 | Global 0.9144 | Local 0.1665 | F1_macro 0.5986 | WorstLoss 1.8380
[Tracker] Ep  717 | AvgR 0.0003 | Global 0.9508 | Local 0.2214 | F1_macro 0.6345 | WorstLoss 1.6071
[Tracker] Ep  718 | AvgR 0.0003 | Global 0.9130 | Local 0.2475 | F1_macro 0.6024 | WorstLoss 1.7946
[Tracker] Ep  719 | AvgR 0.0003 | Global 0.9461 | Local 0.1644 | F1_macro 0.6336 | WorstLoss 2.6185
[Tracker] Ep  720 | AvgR 0.0003 | Global 0.9145 | Local 0.1765 | F1_macro 0.6183 | WorstLoss 1.6101
[Tracker] Saved snapshot: ep0720_phase1_class1
[Tracker] Ep  721 | AvgR 0.0003 | Global 0.9848 | Local 0.2059 | F1_macro 0.6500 | WorstLoss 1.7967
[Tracker] Ep  722 | AvgR 0.0003 | Global 0.9187 | Local 0.1472 | F1_macro 0.6095 | WorstLoss 1.7093
[Tracker] Ep  723 | AvgR 0.0003 | Global 0.9202 | Local 0.1934 | F1_macro 0.6116 | WorstLoss 2.0425
[Tracker] Ep  724 | AvgR 0.0003 | Global 0.9373 | Local 0.2011 | F1_macro 0.5973 | WorstLoss 1.5472
[Tracker] Ep  725 | AvgR 0.0003 | Global 0.9379 | Local 0.2691 | F1_macro 0.6143 | WorstLoss 1.4996
[Tracker] Saved snapshot: ep0725_phase1_class1
[Tracker] Ep  726 | AvgR 0.0003 | Global 0.8923 | Local 0.1545 | F1_macro 0.6104 | WorstLoss 2.1741
[Tracker] Ep  727 | AvgR 0.0003 | Global 0.9105 | Local 0.1898 | F1_macro 0.6188 | WorstLoss 2.4394
[Tracker] Ep  728 | AvgR 0.0003 | Global 0.9012 | Local 0.1913 | F1_macro 0.6111 | WorstLoss 2.6993
[Tracker] Ep  729 | AvgR 0.0003 | Global 0.9308 | Local 0.1752 | F1_macro 0.6348 | WorstLoss 2.3663
[Tracker] Ep  730 | AvgR 0.0003 | Global 0.9224 | Local 0.2279 | F1_macro 0.6508 | WorstLoss 2.4878
[Tracker] Saved snapshot: ep0730_phase1_class1
[Tracker] Ep  731 | AvgR 0.0003 | Global 0.9129 | Local 0.1854 | F1_macro 0.6037 | WorstLoss 1.3477
[Tracker] Ep  732 | AvgR 0.0003 | Global 0.9186 | Local 0.1832 | F1_macro 0.6053 | WorstLoss 2.0115
[Tracker] Ep  733 | AvgR 0.0003 | Global 0.9272 | Local 0.1659 | F1_macro 0.6031 | WorstLoss 2.4446
[Tracker] Ep  734 | AvgR 0.0003 | Global 0.9144 | Local 0.1740 | F1_macro 0.6145 | WorstLoss 2.1424
[Tracker] Ep  735 | AvgR 0.0003 | Global 0.8224 | Local 0.2631 | F1_macro 0.6093 | WorstLoss 2.4918
[Tracker] Saved snapshot: ep0735_phase1_class1
[Tracker] Ep  736 | AvgR 0.0003 | Global 0.9179 | Local 0.1951 | F1_macro 0.5983 | WorstLoss 2.3477
[Tracker] Ep  737 | AvgR 0.0003 | Global 0.9376 | Local 0.1910 | F1_macro 0.6282 | WorstLoss 1.5286
[Tracker] Ep  738 | AvgR 0.0003 | Global 0.9277 | Local 0.1729 | F1_macro 0.6066 | WorstLoss 2.0922
[Tracker] Ep  739 | AvgR 0.0003 | Global 0.9447 | Local 0.1743 | F1_macro 0.6152 | WorstLoss 1.4470
[Tracker] Ep  740 | AvgR 0.0003 | Global 0.9482 | Local 0.1782 | F1_macro 0.6208 | WorstLoss 2.2198
[Tracker] Saved snapshot: ep0740_phase1_class1
[Tracker] Ep  741 | AvgR 0.0003 | Global 0.9821 | Local 0.1339 | F1_macro 0.6538 | WorstLoss 1.5768
[Tracker] Ep  742 | AvgR 0.0003 | Global 0.8847 | Local 0.2283 | F1_macro 0.6119 | WorstLoss 1.8581
[Tracker] Ep  743 | AvgR 0.0003 | Global 0.8182 | Local 0.2707 | F1_macro 0.6146 | WorstLoss 3.0350
[Tracker] Ep  744 | AvgR 0.0003 | Global 0.9403 | Local 0.2260 | F1_macro 0.6349 | WorstLoss 1.7247
[Tracker] Ep  745 | AvgR 0.0003 | Global 0.9316 | Local 0.1859 | F1_macro 0.6228 | WorstLoss 2.0422
[Tracker] Saved snapshot: ep0745_phase1_class1
[Tracker] Ep  746 | AvgR 0.0003 | Global 0.9651 | Local 0.2433 | F1_macro 0.6180 | WorstLoss 1.9810
[Tracker] Ep  747 | AvgR 0.0003 | Global 0.9351 | Local 0.2568 | F1_macro 0.6195 | WorstLoss 1.4959
[Tracker] Ep  748 | AvgR 0.0003 | Global 0.8641 | Local 0.2736 | F1_macro 0.6143 | WorstLoss 2.5186
[Tracker] Ep  749 | AvgR 0.0003 | Global 0.9525 | Local 0.2380 | F1_macro 0.6206 | WorstLoss 1.3976
[Tracker] Ep  750 | AvgR 0.0003 | Global 0.9001 | Local 0.2041 | F1_macro 0.6066 | WorstLoss 1.7935
[Tracker] Saved snapshot: ep0750_phase1_class1
[Tracker] Ep  751 | AvgR 0.0003 | Global 0.9422 | Local 0.1671 | F1_macro 0.6286 | WorstLoss 2.8049
[Tracker] Ep  752 | AvgR 0.0003 | Global 0.9032 | Local 0.2101 | F1_macro 0.6014 | WorstLoss 2.0610
[Tracker] Ep  753 | AvgR 0.0003 | Global 0.9143 | Local 0.2319 | F1_macro 0.6285 | WorstLoss 1.9433
[Tracker] Ep  754 | AvgR 0.0003 | Global 0.9290 | Local 0.2445 | F1_macro 0.6056 | WorstLoss 1.5161
[Tracker] Ep  755 | AvgR 0.0003 | Global 0.9455 | Local 0.1511 | F1_macro 0.6234 | WorstLoss 1.9384
[Tracker] Saved snapshot: ep0755_phase1_class1
[Tracker] Ep  756 | AvgR 0.0003 | Global 0.9439 | Local 0.1670 | F1_macro 0.6229 | WorstLoss 2.2986
[Tracker] Ep  757 | AvgR 0.0003 | Global 0.9502 | Local 0.1517 | F1_macro 0.6316 | WorstLoss 2.1434
[Tracker] Ep  758 | AvgR 0.0003 | Global 0.8805 | Local 0.1972 | F1_macro 0.6128 | WorstLoss 2.6583
[Tracker] Ep  759 | AvgR 0.0003 | Global 0.9101 | Local 0.2037 | F1_macro 0.6144 | WorstLoss 2.1456
[Tracker] Ep  760 | AvgR 0.0003 | Global 0.9481 | Local 0.1879 | F1_macro 0.6121 | WorstLoss 1.6833
[Tracker] Saved snapshot: ep0760_phase1_class1
[Tracker] Ep  761 | AvgR 0.0003 | Global 0.9257 | Local 0.2030 | F1_macro 0.6173 | WorstLoss 2.0729
[Tracker] Ep  762 | AvgR 0.0003 | Global 0.9327 | Local 0.1910 | F1_macro 0.6259 | WorstLoss 1.5598
[Tracker] Ep  763 | AvgR 0.0003 | Global 0.9266 | Local 0.1859 | F1_macro 0.6164 | WorstLoss 2.3835
[Tracker] Ep  764 | AvgR 0.0003 | Global 0.9059 | Local 0.2632 | F1_macro 0.5920 | WorstLoss 1.5394
[Tracker] Ep  765 | AvgR 0.0003 | Global 0.9353 | Local 0.2298 | F1_macro 0.6131 | WorstLoss 1.7940
[Tracker] Saved snapshot: ep0765_phase1_class1
[Tracker] Ep  766 | AvgR 0.0003 | Global 0.9398 | Local 0.1897 | F1_macro 0.6234 | WorstLoss 1.5988
[Tracker] Ep  767 | AvgR 0.0003 | Global 0.9282 | Local 0.1594 | F1_macro 0.6356 | WorstLoss 1.6188
[Tracker] Ep  768 | AvgR 0.0003 | Global 0.8782 | Local 0.1939 | F1_macro 0.5980 | WorstLoss 2.1048
[Tracker] Ep  769 | AvgR 0.0003 | Global 0.9511 | Local 0.1976 | F1_macro 0.6179 | WorstLoss 2.4436
[Tracker] Ep  770 | AvgR 0.0003 | Global 0.9215 | Local 0.1663 | F1_macro 0.6199 | WorstLoss 2.0980
[Tracker] Saved snapshot: ep0770_phase1_class1
[Tracker] Ep  771 | AvgR 0.0003 | Global 0.9380 | Local 0.2192 | F1_macro 0.6265 | WorstLoss 1.8458
[Tracker] Ep  772 | AvgR 0.0003 | Global 0.9454 | Local 0.1699 | F1_macro 0.6208 | WorstLoss 1.2737
[Tracker] Ep  773 | AvgR 0.0003 | Global 0.8741 | Local 0.1651 | F1_macro 0.6052 | WorstLoss 2.7359
[Tracker] Ep  774 | AvgR 0.0003 | Global 0.9503 | Local 0.2092 | F1_macro 0.6160 | WorstLoss 2.1557
[Tracker] Ep  775 | AvgR 0.0003 | Global 0.9394 | Local 0.1929 | F1_macro 0.6122 | WorstLoss 1.6009
[Tracker] Saved snapshot: ep0775_phase1_class1
[Tracker] Ep  776 | AvgR 0.0003 | Global 0.9329 | Local 0.1859 | F1_macro 0.6308 | WorstLoss 1.9857
[Tracker] Ep  777 | AvgR 0.0003 | Global 0.9160 | Local 0.2070 | F1_macro 0.6104 | WorstLoss 1.9645
[Tracker] Ep  778 | AvgR 0.0003 | Global 0.9085 | Local 0.2031 | F1_macro 0.6004 | WorstLoss 2.3296
[Tracker] Ep  779 | AvgR 0.0003 | Global 0.8996 | Local 0.3081 | F1_macro 0.5995 | WorstLoss 1.7834
[Tracker] Ep  780 | AvgR 0.0003 | Global 0.9124 | Local 0.1719 | F1_macro 0.6075 | WorstLoss 1.6858
[Tracker] Saved snapshot: ep0780_phase1_class1
[Tracker] Ep  781 | AvgR 0.0003 | Global 0.9160 | Local 0.1792 | F1_macro 0.5967 | WorstLoss 1.3170
[Tracker] Ep  782 | AvgR 0.0003 | Global 0.9563 | Local 0.1970 | F1_macro 0.6272 | WorstLoss 1.4449
[Tracker] Ep  783 | AvgR 0.0003 | Global 0.9279 | Local 0.1546 | F1_macro 0.6050 | WorstLoss 2.3455
[Tracker] Ep  784 | AvgR 0.0003 | Global 0.9626 | Local 0.1430 | F1_macro 0.6400 | WorstLoss 1.8920
[Tracker] Ep  785 | AvgR 0.0003 | Global 0.9577 | Local 0.2257 | F1_macro 0.6071 | WorstLoss 1.3922
[Tracker] Saved snapshot: ep0785_phase1_class1
[Tracker] Ep  786 | AvgR 0.0003 | Global 0.8977 | Local 0.2545 | F1_macro 0.5951 | WorstLoss 2.0746
[Tracker] Ep  787 | AvgR 0.0003 | Global 0.8959 | Local 0.2368 | F1_macro 0.6102 | WorstLoss 1.2985
[Tracker] Ep  788 | AvgR 0.0003 | Global 0.9552 | Local 0.2345 | F1_macro 0.6130 | WorstLoss 1.2397
[Tracker] Ep  789 | AvgR 0.0003 | Global 0.9290 | Local 0.1305 | F1_macro 0.6164 | WorstLoss 1.5908
[Tracker] Ep  790 | AvgR 0.0003 | Global 0.9297 | Local 0.2007 | F1_macro 0.6015 | WorstLoss 2.3769
[Tracker] Saved snapshot: ep0790_phase1_class1
[Tracker] Ep  791 | AvgR 0.0003 | Global 0.8963 | Local 0.1526 | F1_macro 0.6064 | WorstLoss 1.8511
[Tracker] Ep  792 | AvgR 0.0003 | Global 0.9097 | Local 0.2107 | F1_macro 0.6226 | WorstLoss 1.9225
[Tracker] Ep  793 | AvgR 0.0003 | Global 0.9434 | Local 0.1393 | F1_macro 0.6276 | WorstLoss 1.3756
[Tracker] Ep  794 | AvgR 0.0003 | Global 0.9048 | Local 0.2079 | F1_macro 0.6232 | WorstLoss 1.7471
[Tracker] Ep  795 | AvgR 0.0003 | Global 0.8913 | Local 0.1929 | F1_macro 0.5919 | WorstLoss 2.7226
[Tracker] Saved snapshot: ep0795_phase1_class1
[Tracker] Ep  796 | AvgR 0.0003 | Global 0.9003 | Local 0.1864 | F1_macro 0.6052 | WorstLoss 1.3496
[Tracker] Ep  797 | AvgR 0.0003 | Global 0.9250 | Local 0.1560 | F1_macro 0.6298 | WorstLoss 2.0167
[Tracker] Ep  798 | AvgR 0.0003 | Global 0.8657 | Local 0.2603 | F1_macro 0.6000 | WorstLoss 1.4700
[Tracker] Ep  799 | AvgR 0.0003 | Global 0.8907 | Local 0.2083 | F1_macro 0.5995 | WorstLoss 2.6345
[Tracker] Ep  800 | AvgR 0.0003 | Global 0.9394 | Local 0.1856 | F1_macro 0.6189 | WorstLoss 1.1931
[Tracker] Saved snapshot: ep0800_phase1_class1
[Phase] Finished phase1_class1 | best global_obj=1.0000
Phase 2 anchors: 1763 (y=0 & disadv=1)
FFNN Using device: cuda:0

============================================================
[Phase] Starting phase2_class0 | target_class=0 | episodes=200
============================================================
[Tracker] Ep    1 | AvgR 0.0002 | Global 1.0000 | Local 0.0649 | F1_macro 0.6767 | WorstLoss 2.0784
[Tracker] New BEST synthetic [phase2_class0] (by global.global_obj: 0.999991) saved.
[Tracker] BEST β weights [phase2_class0] saved -> training_runs/SPECv17a_bias05_rl_census_3seeds_EP800_PCA10_REWfairness_minID1_majID0_TRJ2000_REAL3000_BIAS0.05_GG202603181225_a74b2df8/seed_42/best_beta_state_dict_phase2_class0.pt
[Tracker] Ep    2 | AvgR 0.0002 | Global 1.0000 | Local 0.0637 | F1_macro 0.6767 | WorstLoss 1.9393
[Tracker] New BEST synthetic [phase2_class0] (by global.global_obj: 0.999998) saved.
[Tracker] BEST β weights [phase2_class0] saved -> training_runs/SPECv17a_bias05_rl_census_3seeds_EP800_PCA10_REWfairness_minID1_majID0_TRJ2000_REAL3000_BIAS0.05_GG202603181225_a74b2df8/seed_42/best_beta_state_dict_phase2_class0.pt
[Tracker] Ep    3 | AvgR 0.0002 | Global 1.0000 | Local 0.0509 | F1_macro 0.6906 | WorstLoss 1.9666
[Tracker] Ep    4 | AvgR 0.0002 | Global 1.0000 | Local 0.0345 | F1_macro 0.6757 | WorstLoss 1.9882
[Tracker] Ep    5 | AvgR 0.0002 | Global 0.9996 | Local 0.0533 | F1_macro 0.6758 | WorstLoss 1.9914
[Tracker] Saved snapshot: ep0005_phase2_class0
[Tracker] Ep    6 | AvgR 0.0002 | Global 1.0000 | Local 0.0246 | F1_macro 0.6838 | WorstLoss 1.9982
[Tracker] Ep    7 | AvgR 0.0002 | Global 0.9960 | Local 0.0832 | F1_macro 0.6802 | WorstLoss 2.2880
[Tracker] Ep    8 | AvgR 0.0002 | Global 0.9935 | Local 0.0737 | F1_macro 0.6737 | WorstLoss 2.0034
[Tracker] Ep    9 | AvgR 0.0002 | Global 1.0000 | Local 0.0520 | F1_macro 0.6865 | WorstLoss 1.7194
[Tracker] New BEST synthetic [phase2_class0] (by global.global_obj: 1.000000) saved.
[Tracker] BEST β weights [phase2_class0] saved -> training_runs/SPECv17a_bias05_rl_census_3seeds_EP800_PCA10_REWfairness_minID1_majID0_TRJ2000_REAL3000_BIAS0.05_GG202603181225_a74b2df8/seed_42/best_beta_state_dict_phase2_class0.pt
[Tracker] Ep   10 | AvgR 0.0002 | Global 0.9976 | Local 0.0674 | F1_macro 0.6774 | WorstLoss 1.9108
[Tracker] Saved snapshot: ep0010_phase2_class0
[Tracker] Ep   11 | AvgR 0.0002 | Global 1.0000 | Local 0.0473 | F1_macro 0.6785 | WorstLoss 1.9701
[Tracker] Ep   12 | AvgR 0.0002 | Global 0.9960 | Local 0.0752 | F1_macro 0.6714 | WorstLoss 1.9718
[Tracker] Ep   13 | AvgR 0.0002 | Global 0.9927 | Local 0.0806 | F1_macro 0.6767 | WorstLoss 2.1982
[Tracker] Ep   14 | AvgR 0.0002 | Global 1.0000 | Local 0.0559 | F1_macro 0.6704 | WorstLoss 1.7167
[Tracker] Ep   15 | AvgR 0.0002 | Global 1.0000 | Local 0.0592 | F1_macro 0.6851 | WorstLoss 2.0666
[Tracker] Saved snapshot: ep0015_phase2_class0
[Tracker] Ep   16 | AvgR 0.0002 | Global 0.9949 | Local 0.0473 | F1_macro 0.6739 | WorstLoss 2.3325
[Tracker] Ep   17 | AvgR 0.0002 | Global 0.9973 | Local 0.0793 | F1_macro 0.6721 | WorstLoss 2.1518
[Tracker] Ep   18 | AvgR 0.0002 | Global 0.9993 | Local 0.0460 | F1_macro 0.6680 | WorstLoss 2.1879
[Tracker] Ep   19 | AvgR 0.0002 | Global 0.9998 | Local 0.0668 | F1_macro 0.6797 | WorstLoss 2.2656
[Tracker] Ep   20 | AvgR 0.0002 | Global 0.9962 | Local 0.0724 | F1_macro 0.6725 | WorstLoss 2.3441
[Tracker] Saved snapshot: ep0020_phase2_class0
[Tracker] Ep   21 | AvgR 0.0002 | Global 0.9902 | Local 0.0608 | F1_macro 0.6672 | WorstLoss 2.2607
[Tracker] Ep   22 | AvgR 0.0002 | Global 0.9952 | Local 0.0296 | F1_macro 0.6748 | WorstLoss 2.4324
[Tracker] Ep   23 | AvgR 0.0002 | Global 1.0000 | Local 0.0646 | F1_macro 0.6801 | WorstLoss 1.9149
[Tracker] Ep   24 | AvgR 0.0002 | Global 0.9979 | Local 0.0284 | F1_macro 0.6654 | WorstLoss 2.1128
[Tracker] Ep   25 | AvgR 0.0002 | Global 1.0000 | Local 0.0543 | F1_macro 0.6753 | WorstLoss 1.9519
[Tracker] Saved snapshot: ep0025_phase2_class0
[Tracker] Ep   26 | AvgR 0.0002 | Global 0.9971 | Local 0.0972 | F1_macro 0.6732 | WorstLoss 2.2466
[Tracker] Ep   27 | AvgR 0.0002 | Global 0.9979 | Local 0.0569 | F1_macro 0.6773 | WorstLoss 2.3362
[Tracker] Ep   28 | AvgR 0.0002 | Global 0.9926 | Local 0.0653 | F1_macro 0.6672 | WorstLoss 2.4347
[Tracker] Ep   29 | AvgR 0.0002 | Global 0.9955 | Local 0.0851 | F1_macro 0.6655 | WorstLoss 2.2344
[Tracker] Ep   30 | AvgR 0.0002 | Global 0.9826 | Local 0.0364 | F1_macro 0.6684 | WorstLoss 2.7588
[Tracker] Saved snapshot: ep0030_phase2_class0
[Tracker] Ep   31 | AvgR 0.0002 | Global 0.9962 | Local 0.0402 | F1_macro 0.6786 | WorstLoss 2.2319
[Tracker] Ep   32 | AvgR 0.0002 | Global 0.9895 | Local 0.1023 | F1_macro 0.6683 | WorstLoss 2.5657
[Tracker] Ep   33 | AvgR 0.0002 | Global 0.9934 | Local 0.0606 | F1_macro 0.6804 | WorstLoss 2.5430
[Tracker] Ep   34 | AvgR 0.0002 | Global 1.0000 | Local 0.0580 | F1_macro 0.6700 | WorstLoss 2.0990
[Tracker] Ep   35 | AvgR 0.0002 | Global 0.9948 | Local 0.0919 | F1_macro 0.6626 | WorstLoss 2.3851
[Tracker] Saved snapshot: ep0035_phase2_class0
[Tracker] Ep   36 | AvgR 0.0002 | Global 0.9978 | Local 0.0439 | F1_macro 0.6697 | WorstLoss 2.1296
[Tracker] Ep   37 | AvgR 0.0002 | Global 1.0000 | Local 0.0350 | F1_macro 0.6745 | WorstLoss 1.9064
[Tracker] Ep   38 | AvgR 0.0002 | Global 0.9965 | Local 0.0300 | F1_macro 0.6744 | WorstLoss 2.3090
[Tracker] Ep   39 | AvgR 0.0002 | Global 0.9977 | Local 0.0694 | F1_macro 0.6856 | WorstLoss 2.3862
[Tracker] Ep   40 | AvgR 0.0002 | Global 0.9925 | Local 0.1370 | F1_macro 0.6707 | WorstLoss 2.3212
[Tracker] Saved snapshot: ep0040_phase2_class0
[Tracker] Ep   41 | AvgR 0.0002 | Global 0.9979 | Local 0.0536 | F1_macro 0.6786 | WorstLoss 2.1309
[Tracker] Ep   42 | AvgR 0.0002 | Global 1.0000 | Local 0.0400 | F1_macro 0.6677 | WorstLoss 2.2097
[Tracker] Ep   43 | AvgR 0.0002 | Global 0.9907 | Local 0.1005 | F1_macro 0.6688 | WorstLoss 2.2587
[Tracker] Ep   44 | AvgR 0.0002 | Global 0.9991 | Local 0.0657 | F1_macro 0.6759 | WorstLoss 2.5030
[Tracker] Ep   45 | AvgR 0.0002 | Global 0.9966 | Local 0.0398 | F1_macro 0.6745 | WorstLoss 2.3518
[Tracker] Saved snapshot: ep0045_phase2_class0
[Tracker] Ep   46 | AvgR 0.0002 | Global 0.9910 | Local 0.0435 | F1_macro 0.6773 | WorstLoss 2.6604
[Tracker] Ep   47 | AvgR 0.0002 | Global 1.0000 | Local 0.0522 | F1_macro 0.6796 | WorstLoss 2.1930
[Tracker] Ep   48 | AvgR 0.0002 | Global 0.9999 | Local 0.0594 | F1_macro 0.6789 | WorstLoss 2.2666
[Tracker] Ep   49 | AvgR 0.0002 | Global 0.9908 | Local 0.0491 | F1_macro 0.6737 | WorstLoss 2.5826
[Tracker] Ep   50 | AvgR 0.0002 | Global 0.9922 | Local 0.1005 | F1_macro 0.6772 | WorstLoss 2.3150
[Tracker] Saved snapshot: ep0050_phase2_class0
[Tracker] Ep   51 | AvgR 0.0002 | Global 0.9954 | Local 0.0676 | F1_macro 0.6702 | WorstLoss 2.0347
[Tracker] Ep   52 | AvgR 0.0002 | Global 0.9997 | Local 0.0304 | F1_macro 0.6876 | WorstLoss 2.1733
[Tracker] Ep   53 | AvgR 0.0002 | Global 0.9816 | Local 0.1495 | F1_macro 0.6679 | WorstLoss 2.6970
[Tracker] Ep   54 | AvgR 0.0002 | Global 0.9970 | Local 0.0977 | F1_macro 0.6757 | WorstLoss 2.3719
[Tracker] Ep   55 | AvgR 0.0002 | Global 0.9987 | Local 0.1073 | F1_macro 0.6652 | WorstLoss 2.2022
[Tracker] Saved snapshot: ep0055_phase2_class0
[Tracker] Ep   56 | AvgR 0.0002 | Global 0.9857 | Local 0.0745 | F1_macro 0.6754 | WorstLoss 2.4857
[Tracker] Ep   57 | AvgR 0.0002 | Global 0.9992 | Local 0.0576 | F1_macro 0.6664 | WorstLoss 2.0776
[Tracker] Ep   58 | AvgR 0.0002 | Global 0.9950 | Local 0.0909 | F1_macro 0.6860 | WorstLoss 2.4550
[Tracker] Ep   59 | AvgR 0.0002 | Global 0.9931 | Local 0.1197 | F1_macro 0.6763 | WorstLoss 2.5637
[Tracker] Ep   60 | AvgR 0.0002 | Global 0.9948 | Local 0.0725 | F1_macro 0.6713 | WorstLoss 2.0270
[Tracker] Saved snapshot: ep0060_phase2_class0
[Tracker] Ep   61 | AvgR 0.0002 | Global 0.9904 | Local 0.1190 | F1_macro 0.6820 | WorstLoss 2.2405
[Tracker] Ep   62 | AvgR 0.0002 | Global 0.9993 | Local 0.0686 | F1_macro 0.6827 | WorstLoss 1.9704
[Tracker] Ep   63 | AvgR 0.0002 | Global 0.9909 | Local 0.0462 | F1_macro 0.6801 | WorstLoss 2.3059
[Tracker] Ep   64 | AvgR 0.0002 | Global 0.9872 | Local 0.0837 | F1_macro 0.6736 | WorstLoss 2.5238
[Tracker] Ep   65 | AvgR 0.0002 | Global 0.9988 | Local 0.1181 | F1_macro 0.6635 | WorstLoss 1.9838
[Tracker] Saved snapshot: ep0065_phase2_class0
[Tracker] Ep   66 | AvgR 0.0002 | Global 0.9984 | Local 0.0807 | F1_macro 0.6604 | WorstLoss 2.3087
[Tracker] Ep   67 | AvgR 0.0002 | Global 0.9916 | Local 0.0666 | F1_macro 0.6751 | WorstLoss 2.3066
[Tracker] Ep   68 | AvgR 0.0002 | Global 0.9997 | Local 0.1096 | F1_macro 0.6814 | WorstLoss 2.0634
[Tracker] Ep   69 | AvgR 0.0002 | Global 0.9912 | Local 0.1355 | F1_macro 0.6632 | WorstLoss 2.5546
[Tracker] Ep   70 | AvgR 0.0002 | Global 0.9985 | Local 0.1041 | F1_macro 0.6671 | WorstLoss 2.0342
[Tracker] Saved snapshot: ep0070_phase2_class0
[Tracker] Ep   71 | AvgR 0.0002 | Global 0.9997 | Local 0.0602 | F1_macro 0.6882 | WorstLoss 2.1962
[Tracker] Ep   72 | AvgR 0.0002 | Global 0.9977 | Local 0.0753 | F1_macro 0.6782 | WorstLoss 2.1377
[Tracker] Ep   73 | AvgR 0.0002 | Global 0.9986 | Local 0.1219 | F1_macro 0.6810 | WorstLoss 2.3859
[Tracker] Ep   74 | AvgR 0.0002 | Global 0.9941 | Local 0.1018 | F1_macro 0.6721 | WorstLoss 1.8340
[Tracker] Ep   75 | AvgR 0.0002 | Global 0.9948 | Local 0.0983 | F1_macro 0.6693 | WorstLoss 2.2600
[Tracker] Saved snapshot: ep0075_phase2_class0
[Tracker] Ep   76 | AvgR 0.0002 | Global 0.9971 | Local 0.1223 | F1_macro 0.6735 | WorstLoss 2.2663
[Tracker] Ep   77 | AvgR 0.0002 | Global 0.9885 | Local 0.0974 | F1_macro 0.6720 | WorstLoss 2.6539
[Tracker] Ep   78 | AvgR 0.0002 | Global 0.9990 | Local 0.0852 | F1_macro 0.6670 | WorstLoss 2.2773
[Tracker] Ep   79 | AvgR 0.0002 | Global 0.9886 | Local 0.1092 | F1_macro 0.6648 | WorstLoss 2.4408
[Tracker] Ep   80 | AvgR 0.0002 | Global 0.9925 | Local 0.0853 | F1_macro 0.6814 | WorstLoss 2.4675
[Tracker] Saved snapshot: ep0080_phase2_class0
[Tracker] Ep   81 | AvgR 0.0002 | Global 0.9968 | Local 0.1427 | F1_macro 0.6722 | WorstLoss 2.2585
[Tracker] Ep   82 | AvgR 0.0002 | Global 0.9810 | Local 0.1436 | F1_macro 0.6901 | WorstLoss 2.7343
[Tracker] Ep   83 | AvgR 0.0002 | Global 0.9823 | Local 0.0740 | F1_macro 0.6530 | WorstLoss 2.3197
[Tracker] Ep   84 | AvgR 0.0002 | Global 0.9991 | Local 0.1063 | F1_macro 0.7012 | WorstLoss 2.5362
[Tracker] Ep   85 | AvgR 0.0002 | Global 0.9944 | Local 0.1029 | F1_macro 0.6690 | WorstLoss 2.1809
[Tracker] Saved snapshot: ep0085_phase2_class0
[Tracker] Ep   86 | AvgR 0.0002 | Global 0.9888 | Local 0.1220 | F1_macro 0.6663 | WorstLoss 2.5177
[Tracker] Ep   87 | AvgR 0.0002 | Global 0.9610 | Local 0.0818 | F1_macro 0.6701 | WorstLoss 2.7755
[Tracker] Ep   88 | AvgR 0.0002 | Global 0.9909 | Local 0.1102 | F1_macro 0.6608 | WorstLoss 2.3399
[Tracker] Ep   89 | AvgR 0.0003 | Global 0.9830 | Local 0.1952 | F1_macro 0.6755 | WorstLoss 2.4564
[Tracker] Ep   90 | AvgR 0.0002 | Global 0.9875 | Local 0.1234 | F1_macro 0.6655 | WorstLoss 2.2338
[Tracker] Saved snapshot: ep0090_phase2_class0
[Tracker] Ep   91 | AvgR 0.0002 | Global 0.9912 | Local 0.1288 | F1_macro 0.6662 | WorstLoss 2.5770
[Tracker] Ep   92 | AvgR 0.0002 | Global 0.9913 | Local 0.1193 | F1_macro 0.6761 | WorstLoss 2.3512
[Tracker] Ep   93 | AvgR 0.0002 | Global 0.9950 | Local 0.1363 | F1_macro 0.6679 | WorstLoss 2.5159
[Tracker] Ep   94 | AvgR 0.0002 | Global 0.9857 | Local 0.0702 | F1_macro 0.6629 | WorstLoss 2.4080
[Tracker] Ep   95 | AvgR 0.0002 | Global 0.9956 | Local 0.1333 | F1_macro 0.6749 | WorstLoss 2.2717
[Tracker] Saved snapshot: ep0095_phase2_class0
[Tracker] Ep   96 | AvgR 0.0002 | Global 0.9951 | Local 0.1029 | F1_macro 0.6614 | WorstLoss 1.7701
[Tracker] Ep   97 | AvgR 0.0002 | Global 0.9764 | Local 0.0832 | F1_macro 0.6488 | WorstLoss 2.7656
[Tracker] Ep   98 | AvgR 0.0002 | Global 0.9926 | Local 0.1096 | F1_macro 0.6702 | WorstLoss 2.3710
[Tracker] Ep   99 | AvgR 0.0002 | Global 0.9867 | Local 0.1114 | F1_macro 0.6618 | WorstLoss 2.1175
[Tracker] Ep  100 | AvgR 0.0002 | Global 0.9837 | Local 0.1318 | F1_macro 0.6593 | WorstLoss 2.6557
[Tracker] Saved snapshot: ep0100_phase2_class0
[Tracker] Ep  101 | AvgR 0.0002 | Global 0.9877 | Local 0.1480 | F1_macro 0.6705 | WorstLoss 2.4900
[Tracker] Ep  102 | AvgR 0.0002 | Global 0.9875 | Local 0.1721 | F1_macro 0.6614 | WorstLoss 2.6500
[Tracker] Ep  103 | AvgR 0.0002 | Global 0.9829 | Local 0.1192 | F1_macro 0.6668 | WorstLoss 2.4248
[Tracker] Ep  104 | AvgR 0.0002 | Global 0.9966 | Local 0.1174 | F1_macro 0.6898 | WorstLoss 2.0244
[Tracker] Ep  105 | AvgR 0.0002 | Global 0.9945 | Local 0.1097 | F1_macro 0.6633 | WorstLoss 2.2538
[Tracker] Saved snapshot: ep0105_phase2_class0
[Tracker] Ep  106 | AvgR 0.0002 | Global 0.9862 | Local 0.0946 | F1_macro 0.6675 | WorstLoss 2.5413
[Tracker] Ep  107 | AvgR 0.0002 | Global 0.9852 | Local 0.1539 | F1_macro 0.6674 | WorstLoss 2.1826
[Tracker] Ep  108 | AvgR 0.0003 | Global 0.9757 | Local 0.1874 | F1_macro 0.6536 | WorstLoss 2.5848
[Tracker] Ep  109 | AvgR 0.0003 | Global 0.9912 | Local 0.1621 | F1_macro 0.6648 | WorstLoss 2.2311
[Tracker] Ep  110 | AvgR 0.0002 | Global 0.9749 | Local 0.1266 | F1_macro 0.6656 | WorstLoss 2.7647
[Tracker] Saved snapshot: ep0110_phase2_class0
[Tracker] Ep  111 | AvgR 0.0003 | Global 0.9762 | Local 0.2208 | F1_macro 0.6712 | WorstLoss 2.5363
[Tracker] Ep  112 | AvgR 0.0002 | Global 0.9966 | Local 0.0941 | F1_macro 0.6794 | WorstLoss 2.0785
[Tracker] Ep  113 | AvgR 0.0002 | Global 0.9802 | Local 0.1148 | F1_macro 0.6564 | WorstLoss 2.5857
[Tracker] Ep  114 | AvgR 0.0002 | Global 0.9657 | Local 0.1101 | F1_macro 0.6683 | WorstLoss 2.8634
[Tracker] Ep  115 | AvgR 0.0002 | Global 0.9934 | Local 0.1426 | F1_macro 0.6706 | WorstLoss 2.1914
[Tracker] Saved snapshot: ep0115_phase2_class0
[Tracker] Ep  116 | AvgR 0.0002 | Global 0.9823 | Local 0.1071 | F1_macro 0.6688 | WorstLoss 2.6531
[Tracker] Ep  117 | AvgR 0.0002 | Global 0.9864 | Local 0.1302 | F1_macro 0.6890 | WorstLoss 2.4707
[Tracker] Ep  118 | AvgR 0.0003 | Global 0.9936 | Local 0.1820 | F1_macro 0.6660 | WorstLoss 2.0307
[Tracker] Ep  119 | AvgR 0.0002 | Global 0.9732 | Local 0.0933 | F1_macro 0.6755 | WorstLoss 2.6688
[Tracker] Ep  120 | AvgR 0.0003 | Global 0.9866 | Local 0.2025 | F1_macro 0.6660 | WorstLoss 2.2773
[Tracker] Saved snapshot: ep0120_phase2_class0
[Tracker] Ep  121 | AvgR 0.0003 | Global 0.9791 | Local 0.1821 | F1_macro 0.6516 | WorstLoss 2.1341
[Tracker] Ep  122 | AvgR 0.0002 | Global 0.9790 | Local 0.1173 | F1_macro 0.6739 | WorstLoss 2.7442
[Tracker] Ep  123 | AvgR 0.0002 | Global 0.9794 | Local 0.0891 | F1_macro 0.6432 | WorstLoss 2.4876
[Tracker] Ep  124 | AvgR 0.0003 | Global 0.9862 | Local 0.1565 | F1_macro 0.6780 | WorstLoss 2.6645
[Tracker] Ep  125 | AvgR 0.0002 | Global 0.9788 | Local 0.1299 | F1_macro 0.6529 | WorstLoss 2.4496
[Tracker] Saved snapshot: ep0125_phase2_class0
[Tracker] Ep  126 | AvgR 0.0003 | Global 0.9753 | Local 0.2054 | F1_macro 0.6561 | WorstLoss 2.6445
[Tracker] Ep  127 | AvgR 0.0003 | Global 0.9853 | Local 0.1465 | F1_macro 0.6684 | WorstLoss 2.6020
[Tracker] Ep  128 | AvgR 0.0002 | Global 0.9813 | Local 0.0952 | F1_macro 0.6571 | WorstLoss 2.3739
[Tracker] Ep  129 | AvgR 0.0003 | Global 0.9837 | Local 0.2022 | F1_macro 0.6583 | WorstLoss 2.4052
[Tracker] Ep  130 | AvgR 0.0003 | Global 0.9857 | Local 0.1543 | F1_macro 0.6683 | WorstLoss 2.4684
[Tracker] Saved snapshot: ep0130_phase2_class0
[Tracker] Ep  131 | AvgR 0.0003 | Global 0.9870 | Local 0.2164 | F1_macro 0.6572 | WorstLoss 2.1698
[Tracker] Ep  132 | AvgR 0.0003 | Global 0.9868 | Local 0.2003 | F1_macro 0.6675 | WorstLoss 2.4799
[Tracker] Ep  133 | AvgR 0.0003 | Global 0.9726 | Local 0.1999 | F1_macro 0.6520 | WorstLoss 2.5343
[Tracker] Ep  134 | AvgR 0.0002 | Global 0.9827 | Local 0.1166 | F1_macro 0.6545 | WorstLoss 2.4694
[Tracker] Ep  135 | AvgR 0.0003 | Global 0.9837 | Local 0.1772 | F1_macro 0.6529 | WorstLoss 2.7217
[Tracker] Saved snapshot: ep0135_phase2_class0
[Tracker] Ep  136 | AvgR 0.0003 | Global 0.9777 | Local 0.1803 | F1_macro 0.6809 | WorstLoss 2.7321
[Tracker] Ep  137 | AvgR 0.0003 | Global 0.9857 | Local 0.1502 | F1_macro 0.6674 | WorstLoss 2.4110
[Tracker] Ep  138 | AvgR 0.0003 | Global 0.9916 | Local 0.1921 | F1_macro 0.6793 | WorstLoss 2.5732
[Tracker] Ep  139 | AvgR 0.0003 | Global 0.9803 | Local 0.2250 | F1_macro 0.6603 | WorstLoss 2.5362
[Tracker] Ep  140 | AvgR 0.0002 | Global 0.9322 | Local 0.1159 | F1_macro 0.6634 | WorstLoss 2.9357
[Tracker] Saved snapshot: ep0140_phase2_class0
[Tracker] Ep  141 | AvgR 0.0003 | Global 0.9919 | Local 0.1785 | F1_macro 0.6727 | WorstLoss 2.4113
[Tracker] Ep  142 | AvgR 0.0003 | Global 0.9857 | Local 0.1669 | F1_macro 0.6571 | WorstLoss 2.1338
[Tracker] Ep  143 | AvgR 0.0003 | Global 0.9854 | Local 0.1406 | F1_macro 0.6744 | WorstLoss 2.5294
[Tracker] Ep  144 | AvgR 0.0003 | Global 0.9879 | Local 0.1886 | F1_macro 0.6775 | WorstLoss 2.4004
[Tracker] Ep  145 | AvgR 0.0003 | Global 0.9695 | Local 0.1941 | F1_macro 0.6512 | WorstLoss 2.7956
[Tracker] Saved snapshot: ep0145_phase2_class0
[Tracker] Ep  146 | AvgR 0.0003 | Global 0.9859 | Local 0.1954 | F1_macro 0.6554 | WorstLoss 2.2713
[Tracker] Ep  147 | AvgR 0.0003 | Global 0.9272 | Local 0.2587 | F1_macro 0.6790 | WorstLoss 2.9411
[Tracker] Ep  148 | AvgR 0.0003 | Global 0.9919 | Local 0.1928 | F1_macro 0.6637 | WorstLoss 2.3597
[Tracker] Ep  149 | AvgR 0.0003 | Global 0.9473 | Local 0.1998 | F1_macro 0.6512 | WorstLoss 2.8934
[Tracker] Ep  150 | AvgR 0.0003 | Global 0.9834 | Local 0.1359 | F1_macro 0.6684 | WorstLoss 2.4807
[Tracker] Saved snapshot: ep0150_phase2_class0
[Tracker] Ep  151 | AvgR 0.0003 | Global 0.9891 | Local 0.1979 | F1_macro 0.6553 | WorstLoss 2.2399
[Tracker] Ep  152 | AvgR 0.0003 | Global 0.9840 | Local 0.1745 | F1_macro 0.6674 | WorstLoss 2.2522
[Tracker] Ep  153 | AvgR 0.0003 | Global 0.9811 | Local 0.2506 | F1_macro 0.6531 | WorstLoss 2.4619
[Tracker] Ep  154 | AvgR 0.0003 | Global 0.9818 | Local 0.2503 | F1_macro 0.6580 | WorstLoss 2.3166
[Tracker] Ep  155 | AvgR 0.0003 | Global 0.9821 | Local 0.2347 | F1_macro 0.6523 | WorstLoss 2.3800
[Tracker] Saved snapshot: ep0155_phase2_class0
[Tracker] Ep  156 | AvgR 0.0003 | Global 0.9925 | Local 0.2557 | F1_macro 0.6735 | WorstLoss 2.4029
[Tracker] Ep  157 | AvgR 0.0003 | Global 0.9814 | Local 0.1812 | F1_macro 0.6603 | WorstLoss 2.4437
[Tracker] Ep  158 | AvgR 0.0003 | Global 0.9741 | Local 0.1802 | F1_macro 0.6556 | WorstLoss 2.6818
[Tracker] Ep  159 | AvgR 0.0003 | Global 0.9831 | Local 0.1392 | F1_macro 0.6672 | WorstLoss 2.6469
[Tracker] Ep  160 | AvgR 0.0003 | Global 0.9839 | Local 0.1528 | F1_macro 0.6716 | WorstLoss 1.9604
[Tracker] Saved snapshot: ep0160_phase2_class0
[Tracker] Ep  161 | AvgR 0.0003 | Global 0.9885 | Local 0.3887 | F1_macro 0.6622 | WorstLoss 2.4574
[Tracker] Ep  162 | AvgR 0.0003 | Global 0.9854 | Local 0.1646 | F1_macro 0.6616 | WorstLoss 2.4677
[Tracker] Ep  163 | AvgR 0.0003 | Global 0.9801 | Local 0.2133 | F1_macro 0.6621 | WorstLoss 2.6716
[Tracker] Ep  164 | AvgR 0.0003 | Global 0.9857 | Local 0.1607 | F1_macro 0.6611 | WorstLoss 2.1199
[Tracker] Ep  165 | AvgR 0.0003 | Global 0.9894 | Local 0.2979 | F1_macro 0.6659 | WorstLoss 2.3465
[Tracker] Saved snapshot: ep0165_phase2_class0
[Tracker] Ep  166 | AvgR 0.0003 | Global 0.9794 | Local 0.2414 | F1_macro 0.6684 | WorstLoss 2.6894
[Tracker] Ep  167 | AvgR 0.0003 | Global 0.9806 | Local 0.1759 | F1_macro 0.6667 | WorstLoss 2.6021
[Tracker] Ep  168 | AvgR 0.0003 | Global 0.9864 | Local 0.2525 | F1_macro 0.6545 | WorstLoss 2.4475
[Tracker] Ep  169 | AvgR 0.0003 | Global 0.9745 | Local 0.1867 | F1_macro 0.6700 | WorstLoss 2.5969
[Tracker] Ep  170 | AvgR 0.0003 | Global 0.9812 | Local 0.2791 | F1_macro 0.6513 | WorstLoss 2.4974
[Tracker] Saved snapshot: ep0170_phase2_class0
[Tracker] Ep  171 | AvgR 0.0003 | Global 0.9848 | Local 0.2131 | F1_macro 0.6672 | WorstLoss 2.7467
[Tracker] Ep  172 | AvgR 0.0003 | Global 0.9888 | Local 0.1996 | F1_macro 0.6569 | WorstLoss 2.3904
[Tracker] Ep  173 | AvgR 0.0003 | Global 0.9866 | Local 0.2191 | F1_macro 0.6668 | WorstLoss 2.5632
[Tracker] Ep  174 | AvgR 0.0003 | Global 0.9810 | Local 0.2110 | F1_macro 0.6737 | WorstLoss 2.5360
[Tracker] Ep  175 | AvgR 0.0003 | Global 0.9869 | Local 0.2080 | F1_macro 0.6431 | WorstLoss 2.3940
[Tracker] Saved snapshot: ep0175_phase2_class0
[Tracker] Ep  176 | AvgR 0.0003 | Global 0.9925 | Local 0.2256 | F1_macro 0.6672 | WorstLoss 2.3677
[Tracker] Ep  177 | AvgR 0.0003 | Global 0.9602 | Local 0.1993 | F1_macro 0.6434 | WorstLoss 2.8373
[Tracker] Ep  178 | AvgR 0.0002 | Global 0.6502 | Local 0.2138 | F1_macro 0.6402 | WorstLoss 3.1651
[Tracker] Ep  179 | AvgR 0.0003 | Global 0.9703 | Local 0.2096 | F1_macro 0.6613 | WorstLoss 2.7371
[Tracker] Ep  180 | AvgR 0.0003 | Global 0.9195 | Local 0.2345 | F1_macro 0.6480 | WorstLoss 2.9647
[Tracker] Saved snapshot: ep0180_phase2_class0
[Tracker] Ep  181 | AvgR 0.0003 | Global 0.9875 | Local 0.2713 | F1_macro 0.6672 | WorstLoss 2.4963
[Tracker] Ep  182 | AvgR 0.0002 | Global 0.6582 | Local 0.1852 | F1_macro 0.6603 | WorstLoss 3.1643
[Tracker] Ep  183 | AvgR 0.0003 | Global 0.9832 | Local 0.2855 | F1_macro 0.6646 | WorstLoss 2.3703
[Tracker] Ep  184 | AvgR 0.0003 | Global 0.9859 | Local 0.2229 | F1_macro 0.6536 | WorstLoss 2.4677
[Tracker] Ep  185 | AvgR 0.0003 | Global 0.9834 | Local 0.1339 | F1_macro 0.6668 | WorstLoss 2.5597
[Tracker] Saved snapshot: ep0185_phase2_class0
[Tracker] Ep  186 | AvgR 0.0003 | Global 0.9583 | Local 0.2508 | F1_macro 0.6632 | WorstLoss 2.8467
[Tracker] Ep  187 | AvgR 0.0003 | Global 0.9857 | Local 0.2216 | F1_macro 0.6728 | WorstLoss 2.6104
[Tracker] Ep  188 | AvgR 0.0003 | Global 0.9169 | Local 0.3001 | F1_macro 0.6694 | WorstLoss 2.9792
[Tracker] Ep  189 | AvgR 0.0003 | Global 0.9915 | Local 0.2689 | F1_macro 0.6766 | WorstLoss 2.2707
[Tracker] Ep  190 | AvgR 0.0003 | Global 0.9833 | Local 0.1720 | F1_macro 0.6545 | WorstLoss 2.5457
[Tracker] Saved snapshot: ep0190_phase2_class0
[Tracker] Ep  191 | AvgR 0.0003 | Global 0.9839 | Local 0.2597 | F1_macro 0.6602 | WorstLoss 2.4660
[Tracker] Ep  192 | AvgR 0.0003 | Global 0.9695 | Local 0.2013 | F1_macro 0.6432 | WorstLoss 2.5496
[Tracker] Ep  193 | AvgR 0.0003 | Global 0.9865 | Local 0.2803 | F1_macro 0.6664 | WorstLoss 2.3579
[Tracker] Ep  194 | AvgR 0.0003 | Global 0.9919 | Local 0.2613 | F1_macro 0.6740 | WorstLoss 2.6060
[Tracker] Ep  195 | AvgR 0.0003 | Global 0.9795 | Local 0.2725 | F1_macro 0.6509 | WorstLoss 2.6366
[Tracker] Saved snapshot: ep0195_phase2_class0
[Tracker] Ep  196 | AvgR 0.0003 | Global 0.9779 | Local 0.2258 | F1_macro 0.6549 | WorstLoss 2.2396
[Tracker] Ep  197 | AvgR 0.0003 | Global 0.9905 | Local 0.2405 | F1_macro 0.6591 | WorstLoss 2.4935
[Tracker] Ep  198 | AvgR 0.0003 | Global 0.9775 | Local 0.2590 | F1_macro 0.6600 | WorstLoss 2.7207
[Tracker] Ep  199 | AvgR 0.0003 | Global 0.9891 | Local 0.2933 | F1_macro 0.6635 | WorstLoss 2.4666
[Tracker] Ep  200 | AvgR 0.0003 | Global 0.8958 | Local 0.1774 | F1_macro 0.6548 | WorstLoss 3.0033
[Tracker] Saved snapshot: ep0200_phase2_class0
[Phase] Finished phase2_class0 | best global_obj=1.0000
FFNN Using device: cuda:0
[Combined] Saved combined beta -> training_runs/SPECv17a_bias05_rl_census_3seeds_EP800_PCA10_REWfairness_minID1_majID0_TRJ2000_REAL3000_BIAS0.05_GG202603181225_a74b2df8/seed_42/best_beta_state_dict.pt
[Combined] Saved combined synthetic -> training_runs/SPECv17a_bias05_rl_census_3seeds_EP800_PCA10_REWfairness_minID1_majID0_TRJ2000_REAL3000_BIAS0.05_GG202603181225_a74b2df8/seed_42/best_synthetic_combined.npz
FFNN Using device: cuda:0
[TestSuite] Loaded best β weights from: training_runs/SPECv17a_bias05_rl_census_3seeds_EP800_PCA10_REWfairness_minID1_majID0_TRJ2000_REAL3000_BIAS0.05_GG202603181225_a74b2df8/seed_42/best_beta_state_dict.pt

[TEST] Alpha -> F1(min)=0.2989 | F1(maj)=0.8832 | F1(weighted)=0.7425 | F1(macro)=0.5911 | Brier=0.1490
[TEST] Beta  -> F1(min)=0.5017 | F1(maj)=0.8884 | F1(weighted)=0.7952 | F1(macro)=0.6950 | Brier=0.1306
[TestSuite] Final test metrics appended to (seed): training_runs/SPECv17a_bias05_rl_census_3seeds_EP800_PCA10_REWfairness_minID1_majID0_TRJ2000_REAL3000_BIAS0.05_GG202603181225_a74b2df8/seed_42/final_test_metrics.csv
[TestSuite] Final test metrics appended to (experiment): training_runs/SPECv17a_bias05_rl_census_3seeds_EP800_PCA10_REWfairness_minID1_majID0_TRJ2000_REAL3000_BIAS0.05_GG202603181225_a74b2df8/final_test_metrics.csv
Total time 2132.66s
[Tracker] Finished. Run folder: training_runs/SPECv17a_bias05_rl_census_3seeds_EP800_PCA10_REWfairness_minID1_majID0_TRJ2000_REAL3000_BIAS0.05_GG202603181225_a74b2df8/seed_42
[main] ---- running seed=0 ----
FFNN Using device: cuda:0
FFNN Using device: cuda:0
[Tracker] Experiment: SPECv17a_bias05_rl_census_3seeds_EP800_PCA10_REWfairness_minID1_majID0_TRJ2000_REAL3000_BIAS0.05_GG202603181225_a74b2df8
[Tracker] Seed folder: training_runs/SPECv17a_bias05_rl_census_3seeds_EP800_PCA10_REWfairness_minID1_majID0_TRJ2000_REAL3000_BIAS0.05_GG202603181225_a74b2df8/seed_0
[Tracker] Run: 2026-03-18_13-00-39_seed0_918644_60177460
[Tracker] Metrics CSV: training_runs/SPECv17a_bias05_rl_census_3seeds_EP800_PCA10_REWfairness_minID1_majID0_TRJ2000_REAL3000_BIAS0.05_GG202603181225_a74b2df8/seed_0/metrics.csv
[Tracker] Mirroring console to: training_runs/SPECv17a_bias05_rl_census_3seeds_EP800_PCA10_REWfairness_minID1_majID0_TRJ2000_REAL3000_BIAS0.05_GG202603181225_a74b2df8/seed_0/console.log
[TRAIN] size=3000, minority=150 (5.00%)
[VAL] size=5204, minority=260 (5.00%)
[TEST] size=6513, minority=1569 (24.09%)
FFNN Using device: cuda:0
FFNN Using device: cuda:0
Beta will train with: 60.00% real data, 40.00% synthetic data: 
[disadv] group=1 per_g={0: 0.07604334503412247, 1: 0.18663887679576874} worst_4g=2.7540 soft_eo_alpha=0.1291
Anchors: 137 (disadv=1) sigma_anchor=0.8500
[Tracker] Alpha model state_dict saved to training_runs/SPECv17a_bias05_rl_census_3seeds_EP800_PCA10_REWfairness_minID1_majID0_TRJ2000_REAL3000_BIAS0.05_GG202603181225_a74b2df8/seed_0/alpha_state_dict.pt
[Tracker] Alpha model config saved to training_runs/SPECv17a_bias05_rl_census_3seeds_EP800_PCA10_REWfairness_minID1_majID0_TRJ2000_REAL3000_BIAS0.05_GG202603181225_a74b2df8/seed_0/ffnn_meta.json

============================================================
[Phase] Starting phase1_class1 | target_class=1 | episodes=800
============================================================
[Tracker] CSV header written with 44 columns.
[Tracker] Ep    1 | AvgR 0.0001 | Global 0.8634 | Local 0.0191 | F1_macro 0.6172 | WorstLoss 2.5542
[Tracker] New BEST synthetic [phase1_class1] (by global.global_obj: 0.863435) saved.
[Tracker] BEST β weights [phase1_class1] saved -> training_runs/SPECv17a_bias05_rl_census_3seeds_EP800_PCA10_REWfairness_minID1_majID0_TRJ2000_REAL3000_BIAS0.05_GG202603181225_a74b2df8/seed_0/best_beta_state_dict_phase1_class1.pt
[Tracker] Ep    2 | AvgR 0.0000 | Global 0.0659 | Local 0.0313 | F1_macro 0.5865 | WorstLoss 3.0173
[Tracker] Ep    3 | AvgR 0.0001 | Global 0.7565 | Local 0.0197 | F1_macro 0.5850 | WorstLoss 2.6340
[Tracker] Ep    4 | AvgR 0.0000 | Global 0.1743 | Local 0.0474 | F1_macro 0.5750 | WorstLoss 2.9058
[Tracker] Ep    5 | AvgR 0.0001 | Global 0.8696 | Local 0.0150 | F1_macro 0.6219 | WorstLoss 2.5585
[Tracker] Saved snapshot: ep0005_phase1_class1
[Tracker] New BEST synthetic [phase1_class1] (by global.global_obj: 0.869578) saved.
[Tracker] BEST β weights [phase1_class1] saved -> training_runs/SPECv17a_bias05_rl_census_3seeds_EP800_PCA10_REWfairness_minID1_majID0_TRJ2000_REAL3000_BIAS0.05_GG202603181225_a74b2df8/seed_0/best_beta_state_dict_phase1_class1.pt
[Tracker] Ep    6 | AvgR 0.0000 | Global 0.2691 | Local 0.0143 | F1_macro 0.5941 | WorstLoss 2.8518
[Tracker] Ep    7 | AvgR 0.0001 | Global 0.4895 | Local 0.0195 | F1_macro 0.6052 | WorstLoss 2.7555
[Tracker] Ep    8 | AvgR 0.0001 | Global 0.8245 | Local 0.0188 | F1_macro 0.6124 | WorstLoss 2.5936
[Tracker] Ep    9 | AvgR 0.0001 | Global 0.8336 | Local 0.0236 | F1_macro 0.6115 | WorstLoss 2.5852
[Tracker] Ep   10 | AvgR 0.0001 | Global 0.5522 | Local 0.0218 | F1_macro 0.5972 | WorstLoss 2.7284
[Tracker] Saved snapshot: ep0010_phase1_class1
[Tracker] Ep   11 | AvgR 0.0000 | Global 0.0772 | Local 0.0525 | F1_macro 0.5640 | WorstLoss 2.9970
[Tracker] Ep   12 | AvgR 0.0000 | Global 0.1251 | Local 0.0282 | F1_macro 0.5993 | WorstLoss 2.9462
[Tracker] Ep   13 | AvgR 0.0000 | Global 0.2069 | Local 0.0236 | F1_macro 0.5893 | WorstLoss 2.8862
[Tracker] Ep   14 | AvgR 0.0000 | Global 0.0480 | Local 0.0273 | F1_macro 0.6081 | WorstLoss 3.0505
[Tracker] Ep   15 | AvgR 0.0002 | Global 0.9562 | Local 0.0270 | F1_macro 0.6105 | WorstLoss 2.4053
[Tracker] Saved snapshot: ep0015_phase1_class1
[Tracker] New BEST synthetic [phase1_class1] (by global.global_obj: 0.956221) saved.
[Tracker] BEST β weights [phase1_class1] saved -> training_runs/SPECv17a_bias05_rl_census_3seeds_EP800_PCA10_REWfairness_minID1_majID0_TRJ2000_REAL3000_BIAS0.05_GG202603181225_a74b2df8/seed_0/best_beta_state_dict_phase1_class1.pt
[Tracker] Ep   16 | AvgR 0.0001 | Global 0.8792 | Local 0.0137 | F1_macro 0.5971 | WorstLoss 2.5399
[Tracker] Ep   17 | AvgR 0.0001 | Global 0.5495 | Local 0.0216 | F1_macro 0.6190 | WorstLoss 2.7290
[Tracker] Ep   18 | AvgR 0.0001 | Global 0.4372 | Local 0.0192 | F1_macro 0.6043 | WorstLoss 2.7769
[Tracker] Ep   19 | AvgR 0.0000 | Global 0.0159 | Local 0.0264 | F1_macro 0.5689 | WorstLoss 3.1635
[Tracker] Ep   20 | AvgR 0.0001 | Global 0.4960 | Local 0.0275 | F1_macro 0.6025 | WorstLoss 2.7508
[Tracker] Saved snapshot: ep0020_phase1_class1
[Tracker] Ep   21 | AvgR 0.0000 | Global 0.2450 | Local 0.0318 | F1_macro 0.5892 | WorstLoss 2.8638
[Tracker] Ep   22 | AvgR 0.0001 | Global 0.5093 | Local 0.0292 | F1_macro 0.5841 | WorstLoss 2.7468
[Tracker] Ep   23 | AvgR 0.0001 | Global 0.6426 | Local 0.0163 | F1_macro 0.6038 | WorstLoss 2.6925
[Tracker] Ep   24 | AvgR 0.0001 | Global 0.7750 | Local 0.0316 | F1_macro 0.6341 | WorstLoss 2.6219
[Tracker] Ep   25 | AvgR 0.0001 | Global 0.4763 | Local 0.0241 | F1_macro 0.6020 | WorstLoss 2.7603
[Tracker] Saved snapshot: ep0025_phase1_class1
[Tracker] Ep   26 | AvgR 0.0001 | Global 0.2947 | Local 0.0319 | F1_macro 0.5923 | WorstLoss 2.8377
[Tracker] Ep   27 | AvgR 0.0001 | Global 0.5072 | Local 0.0415 | F1_macro 0.5793 | WorstLoss 2.7466
[Tracker] Ep   28 | AvgR 0.0001 | Global 0.9216 | Local 0.0224 | F1_macro 0.5911 | WorstLoss 2.4980
[Tracker] Ep   29 | AvgR 0.0001 | Global 0.3966 | Local 0.0211 | F1_macro 0.5848 | WorstLoss 2.7926
[Tracker] Ep   30 | AvgR 0.0000 | Global 0.1721 | Local 0.0346 | F1_macro 0.5841 | WorstLoss 2.9084
[Tracker] Saved snapshot: ep0030_phase1_class1
[Tracker] Ep   31 | AvgR 0.0001 | Global 0.5433 | Local 0.0231 | F1_macro 0.6028 | WorstLoss 2.7312
[Tracker] Ep   32 | AvgR 0.0000 | Global 0.2624 | Local 0.0237 | F1_macro 0.6033 | WorstLoss 2.8559
[Tracker] Ep   33 | AvgR 0.0001 | Global 0.3883 | Local 0.0192 | F1_macro 0.5972 | WorstLoss 2.7961
[Tracker] Ep   34 | AvgR 0.0001 | Global 0.2663 | Local 0.0316 | F1_macro 0.5800 | WorstLoss 2.8516
[Tracker] Ep   35 | AvgR 0.0000 | Global 0.0236 | Local 0.0343 | F1_macro 0.5809 | WorstLoss 3.1219
[Tracker] Saved snapshot: ep0035_phase1_class1
[Tracker] Ep   36 | AvgR 0.0001 | Global 0.3549 | Local 0.0281 | F1_macro 0.6005 | WorstLoss 2.8114
[Tracker] Ep   37 | AvgR 0.0000 | Global 0.2108 | Local 0.0198 | F1_macro 0.5753 | WorstLoss 2.8837
[Tracker] Ep   38 | AvgR 0.0001 | Global 0.4024 | Local 0.0295 | F1_macro 0.5993 | WorstLoss 2.7908
[Tracker] Ep   39 | AvgR 0.0000 | Global 0.1357 | Local 0.0398 | F1_macro 0.5902 | WorstLoss 2.9343
[Tracker] Ep   40 | AvgR 0.0001 | Global 0.8083 | Local 0.0320 | F1_macro 0.5858 | WorstLoss 2.5987
[Tracker] Saved snapshot: ep0040_phase1_class1
[Tracker] Ep   41 | AvgR 0.0000 | Global 0.1852 | Local 0.0363 | F1_macro 0.6104 | WorstLoss 2.9003
[Tracker] Ep   42 | AvgR 0.0001 | Global 0.3345 | Local 0.0286 | F1_macro 0.5894 | WorstLoss 2.8200
[Tracker] Ep   43 | AvgR 0.0002 | Global 0.9789 | Local 0.0330 | F1_macro 0.5743 | WorstLoss 2.1457
[Tracker] New BEST synthetic [phase1_class1] (by global.global_obj: 0.978904) saved.
[Tracker] BEST β weights [phase1_class1] saved -> training_runs/SPECv17a_bias05_rl_census_3seeds_EP800_PCA10_REWfairness_minID1_majID0_TRJ2000_REAL3000_BIAS0.05_GG202603181225_a74b2df8/seed_0/best_beta_state_dict_phase1_class1.pt
[Tracker] Ep   44 | AvgR 0.0001 | Global 0.8456 | Local 0.0379 | F1_macro 0.5749 | WorstLoss 2.5694
[Tracker] Ep   45 | AvgR 0.0001 | Global 0.7844 | Local 0.0364 | F1_macro 0.6141 | WorstLoss 2.6201
[Tracker] Saved snapshot: ep0045_phase1_class1
[Tracker] Ep   46 | AvgR 0.0001 | Global 0.4400 | Local 0.0282 | F1_macro 0.5862 | WorstLoss 2.7747
[Tracker] Ep   47 | AvgR 0.0000 | Global 0.0872 | Local 0.0328 | F1_macro 0.5824 | WorstLoss 2.9855
[Tracker] Ep   48 | AvgR 0.0001 | Global 0.3379 | Local 0.0192 | F1_macro 0.5868 | WorstLoss 2.8180
[Tracker] Ep   49 | AvgR 0.0001 | Global 0.3831 | Local 0.0234 | F1_macro 0.5910 | WorstLoss 2.7989
[Tracker] Ep   50 | AvgR 0.0001 | Global 0.7532 | Local 0.0290 | F1_macro 0.6060 | WorstLoss 2.6317
[Tracker] Saved snapshot: ep0050_phase1_class1
[Tracker] Ep   51 | AvgR 0.0001 | Global 0.3609 | Local 0.0361 | F1_macro 0.6165 | WorstLoss 2.8064
[Tracker] Ep   52 | AvgR 0.0001 | Global 0.3695 | Local 0.0226 | F1_macro 0.5949 | WorstLoss 2.8054
[Tracker] Ep   53 | AvgR 0.0001 | Global 0.6937 | Local 0.0267 | F1_macro 0.5763 | WorstLoss 2.6672
[Tracker] Ep   54 | AvgR 0.0001 | Global 0.4487 | Local 0.0267 | F1_macro 0.6019 | WorstLoss 2.7718
[Tracker] Ep   55 | AvgR 0.0001 | Global 0.7102 | Local 0.0206 | F1_macro 0.6256 | WorstLoss 2.6620
[Tracker] Saved snapshot: ep0055_phase1_class1
[Tracker] Ep   56 | AvgR 0.0002 | Global 0.9675 | Local 0.0254 | F1_macro 0.6194 | WorstLoss 2.3722
[Tracker] Ep   57 | AvgR 0.0001 | Global 0.2827 | Local 0.0254 | F1_macro 0.5967 | WorstLoss 2.8448
[Tracker] Ep   58 | AvgR 0.0000 | Global 0.1130 | Local 0.0381 | F1_macro 0.5919 | WorstLoss 2.9568
[Tracker] Ep   59 | AvgR 0.0000 | Global 0.0933 | Local 0.0330 | F1_macro 0.5850 | WorstLoss 2.9776
[Tracker] Ep   60 | AvgR 0.0001 | Global 0.4764 | Local 0.0276 | F1_macro 0.5757 | WorstLoss 2.7610
[Tracker] Saved snapshot: ep0060_phase1_class1
[Tracker] Ep   61 | AvgR 0.0000 | Global 0.0300 | Local 0.0249 | F1_macro 0.5873 | WorstLoss 3.0999
[Tracker] Ep   62 | AvgR 0.0001 | Global 0.4890 | Local 0.0318 | F1_macro 0.5992 | WorstLoss 2.7553
[Tracker] Ep   63 | AvgR 0.0001 | Global 0.6688 | Local 0.0296 | F1_macro 0.5861 | WorstLoss 2.6797
[Tracker] Ep   64 | AvgR 0.0001 | Global 0.6833 | Local 0.0222 | F1_macro 0.5986 | WorstLoss 2.6707
[Tracker] Ep   65 | AvgR 0.0002 | Global 0.9279 | Local 0.0369 | F1_macro 0.6060 | WorstLoss 2.4985
[Tracker] Saved snapshot: ep0065_phase1_class1
[Tracker] Ep   66 | AvgR 0.0001 | Global 0.4885 | Local 0.0246 | F1_macro 0.6123 | WorstLoss 2.7563
[Tracker] Ep   67 | AvgR 0.0001 | Global 0.3945 | Local 0.0342 | F1_macro 0.5885 | WorstLoss 2.7931
[Tracker] Ep   68 | AvgR 0.0001 | Global 0.7182 | Local 0.0194 | F1_macro 0.5960 | WorstLoss 2.6546
[Tracker] Ep   69 | AvgR 0.0001 | Global 0.4862 | Local 0.0244 | F1_macro 0.5948 | WorstLoss 2.7549
[Tracker] Ep   70 | AvgR 0.0000 | Global 0.0725 | Local 0.0280 | F1_macro 0.5737 | WorstLoss 3.0066
[Tracker] Saved snapshot: ep0070_phase1_class1
[Tracker] Ep   71 | AvgR 0.0002 | Global 0.8937 | Local 0.0271 | F1_macro 0.6191 | WorstLoss 2.5334
[Tracker] Ep   72 | AvgR 0.0001 | Global 0.4824 | Local 0.0187 | F1_macro 0.6116 | WorstLoss 2.7591
[Tracker] Ep   73 | AvgR 0.0001 | Global 0.4238 | Local 0.0277 | F1_macro 0.5941 | WorstLoss 2.7823
[Tracker] Ep   74 | AvgR 0.0001 | Global 0.4460 | Local 0.0305 | F1_macro 0.6001 | WorstLoss 2.7711
[Tracker] Ep   75 | AvgR 0.0002 | Global 0.9577 | Local 0.0218 | F1_macro 0.5845 | WorstLoss 2.4420
[Tracker] Saved snapshot: ep0075_phase1_class1
[Tracker] Ep   76 | AvgR 0.0000 | Global 0.2058 | Local 0.0423 | F1_macro 0.5979 | WorstLoss 2.8871
[Tracker] Ep   77 | AvgR 0.0002 | Global 0.9144 | Local 0.0206 | F1_macro 0.6304 | WorstLoss 2.5040
[Tracker] Ep   78 | AvgR 0.0001 | Global 0.7094 | Local 0.0418 | F1_macro 0.6062 | WorstLoss 2.6566
[Tracker] Ep   79 | AvgR 0.0001 | Global 0.7128 | Local 0.0229 | F1_macro 0.6089 | WorstLoss 2.6556
[Tracker] Ep   80 | AvgR 0.0001 | Global 0.6100 | Local 0.0288 | F1_macro 0.6044 | WorstLoss 2.7065
[Tracker] Saved snapshot: ep0080_phase1_class1
[Tracker] Ep   81 | AvgR 0.0001 | Global 0.8546 | Local 0.0206 | F1_macro 0.6317 | WorstLoss 2.5718
[Tracker] Ep   82 | AvgR 0.0001 | Global 0.3703 | Local 0.0619 | F1_macro 0.5877 | WorstLoss 2.8011
[Tracker] Ep   83 | AvgR 0.0001 | Global 0.5419 | Local 0.0217 | F1_macro 0.6051 | WorstLoss 2.7342
[Tracker] Ep   84 | AvgR 0.0001 | Global 0.7559 | Local 0.0318 | F1_macro 0.5982 | WorstLoss 2.6338
[Tracker] Ep   85 | AvgR 0.0002 | Global 0.9848 | Local 0.0218 | F1_macro 0.6152 | WorstLoss 2.2149
[Tracker] Saved snapshot: ep0085_phase1_class1
[Tracker] New BEST synthetic [phase1_class1] (by global.global_obj: 0.984821) saved.
[Tracker] BEST β weights [phase1_class1] saved -> training_runs/SPECv17a_bias05_rl_census_3seeds_EP800_PCA10_REWfairness_minID1_majID0_TRJ2000_REAL3000_BIAS0.05_GG202603181225_a74b2df8/seed_0/best_beta_state_dict_phase1_class1.pt
[Tracker] Ep   86 | AvgR 0.0001 | Global 0.6240 | Local 0.0214 | F1_macro 0.6250 | WorstLoss 2.7014
[Tracker] Ep   87 | AvgR 0.0000 | Global 0.1520 | Local 0.0279 | F1_macro 0.5868 | WorstLoss 2.9244
[Tracker] Ep   88 | AvgR 0.0001 | Global 0.8195 | Local 0.0153 | F1_macro 0.6115 | WorstLoss 2.5941
[Tracker] Ep   89 | AvgR 0.0000 | Global 0.0084 | Local 0.0541 | F1_macro 0.6058 | WorstLoss 3.2283
[Tracker] Ep   90 | AvgR 0.0001 | Global 0.5326 | Local 0.0194 | F1_macro 0.6054 | WorstLoss 2.7370
[Tracker] Saved snapshot: ep0090_phase1_class1
[Tracker] Ep   91 | AvgR 0.0001 | Global 0.6787 | Local 0.0387 | F1_macro 0.5817 | WorstLoss 2.6765
[Tracker] Ep   92 | AvgR 0.0001 | Global 0.8316 | Local 0.0282 | F1_macro 0.6157 | WorstLoss 2.5915
[Tracker] Ep   93 | AvgR 0.0001 | Global 0.2806 | Local 0.0408 | F1_macro 0.5875 | WorstLoss 2.8443
[Tracker] Ep   94 | AvgR 0.0001 | Global 0.4000 | Local 0.0377 | F1_macro 0.6045 | WorstLoss 2.7887
[Tracker] Ep   95 | AvgR 0.0001 | Global 0.4384 | Local 0.0263 | F1_macro 0.6165 | WorstLoss 2.7773
[Tracker] Saved snapshot: ep0095_phase1_class1
[Tracker] Ep   96 | AvgR 0.0001 | Global 0.6302 | Local 0.0255 | F1_macro 0.6125 | WorstLoss 2.6964
[Tracker] Ep   97 | AvgR 0.0002 | Global 0.9685 | Local 0.0283 | F1_macro 0.6072 | WorstLoss 2.3813
[Tracker] Ep   98 | AvgR 0.0001 | Global 0.4175 | Local 0.0336 | F1_macro 0.5875 | WorstLoss 2.7844
[Tracker] Ep   99 | AvgR 0.0000 | Global 0.0288 | Local 0.0293 | F1_macro 0.6046 | WorstLoss 3.1042
[Tracker] Ep  100 | AvgR 0.0001 | Global 0.8673 | Local 0.0225 | F1_macro 0.5968 | WorstLoss 2.5430
[Tracker] Saved snapshot: ep0100_phase1_class1
[Tracker] Ep  101 | AvgR 0.0001 | Global 0.6760 | Local 0.0213 | F1_macro 0.5968 | WorstLoss 2.6767
[Tracker] Ep  102 | AvgR 0.0001 | Global 0.8280 | Local 0.0182 | F1_macro 0.6151 | WorstLoss 2.5941
[Tracker] Ep  103 | AvgR 0.0000 | Global 0.1333 | Local 0.0291 | F1_macro 0.5848 | WorstLoss 2.9385
[Tracker] Ep  104 | AvgR 0.0001 | Global 0.3537 | Local 0.0257 | F1_macro 0.5878 | WorstLoss 2.8112
[Tracker] Ep  105 | AvgR 0.0000 | Global 0.0523 | Local 0.0405 | F1_macro 0.5926 | WorstLoss 3.0402
[Tracker] Saved snapshot: ep0105_phase1_class1
[Tracker] Ep  106 | AvgR 0.0002 | Global 0.9162 | Local 0.0141 | F1_macro 0.6056 | WorstLoss 2.4953
[Tracker] Ep  107 | AvgR 0.0001 | Global 0.3037 | Local 0.0236 | F1_macro 0.6086 | WorstLoss 2.8359
[Tracker] Ep  108 | AvgR 0.0001 | Global 0.4868 | Local 0.0278 | F1_macro 0.5899 | WorstLoss 2.7550
[Tracker] Ep  109 | AvgR 0.0001 | Global 0.7999 | Local 0.0249 | F1_macro 0.6172 | WorstLoss 2.6060
[Tracker] Ep  110 | AvgR 0.0002 | Global 0.9148 | Local 0.0296 | F1_macro 0.6156 | WorstLoss 2.4968
[Tracker] Saved snapshot: ep0110_phase1_class1
[Tracker] Ep  111 | AvgR 0.0001 | Global 0.5345 | Local 0.0268 | F1_macro 0.6031 | WorstLoss 2.7362
[Tracker] Ep  112 | AvgR 0.0001 | Global 0.6648 | Local 0.0224 | F1_macro 0.6105 | WorstLoss 2.6808
[Tracker] Ep  113 | AvgR 0.0001 | Global 0.4524 | Local 0.0185 | F1_macro 0.6135 | WorstLoss 2.7704
[Tracker] Ep  114 | AvgR 0.0000 | Global 0.2086 | Local 0.0349 | F1_macro 0.6006 | WorstLoss 2.8857
[Tracker] Ep  115 | AvgR 0.0001 | Global 0.3038 | Local 0.0414 | F1_macro 0.5815 | WorstLoss 2.8339
[Tracker] Saved snapshot: ep0115_phase1_class1
[Tracker] Ep  116 | AvgR 0.0002 | Global 0.9254 | Local 0.0208 | F1_macro 0.6296 | WorstLoss 2.4895
[Tracker] Ep  117 | AvgR 0.0001 | Global 0.7997 | Local 0.0292 | F1_macro 0.5990 | WorstLoss 2.5999
[Tracker] Ep  118 | AvgR 0.0002 | Global 0.9597 | Local 0.0235 | F1_macro 0.5855 | WorstLoss 2.4151
[Tracker] Ep  119 | AvgR 0.0001 | Global 0.3782 | Local 0.0230 | F1_macro 0.6324 | WorstLoss 2.8021
[Tracker] Ep  120 | AvgR 0.0001 | Global 0.4413 | Local 0.0275 | F1_macro 0.6004 | WorstLoss 2.7714
[Tracker] Saved snapshot: ep0120_phase1_class1
[Tracker] Ep  121 | AvgR 0.0001 | Global 0.8393 | Local 0.0187 | F1_macro 0.6048 | WorstLoss 2.5816
[Tracker] Ep  122 | AvgR 0.0001 | Global 0.4341 | Local 0.0271 | F1_macro 0.6066 | WorstLoss 2.7764
[Tracker] Ep  123 | AvgR 0.0001 | Global 0.3303 | Local 0.0291 | F1_macro 0.5953 | WorstLoss 2.8216
[Tracker] Ep  124 | AvgR 0.0002 | Global 0.9782 | Local 0.0343 | F1_macro 0.6236 | WorstLoss 2.2835
[Tracker] Ep  125 | AvgR 0.0001 | Global 0.6349 | Local 0.0199 | F1_macro 0.5986 | WorstLoss 2.6952
[Tracker] Saved snapshot: ep0125_phase1_class1
[Tracker] Ep  126 | AvgR 0.0001 | Global 0.4576 | Local 0.0255 | F1_macro 0.6084 | WorstLoss 2.7669
[Tracker] Ep  127 | AvgR 0.0001 | Global 0.6609 | Local 0.0216 | F1_macro 0.5906 | WorstLoss 2.6845
[Tracker] Ep  128 | AvgR 0.0000 | Global 0.2429 | Local 0.0258 | F1_macro 0.5899 | WorstLoss 2.8663
[Tracker] Ep  129 | AvgR 0.0001 | Global 0.5835 | Local 0.0658 | F1_macro 0.6038 | WorstLoss 2.7154
[Tracker] Ep  130 | AvgR 0.0001 | Global 0.3246 | Local 0.0284 | F1_macro 0.6074 | WorstLoss 2.8219
[Tracker] Saved snapshot: ep0130_phase1_class1
[Tracker] Ep  131 | AvgR 0.0000 | Global 0.1835 | Local 0.0238 | F1_macro 0.5943 | WorstLoss 2.9018
[Tracker] Ep  132 | AvgR 0.0002 | Global 0.9349 | Local 0.0262 | F1_macro 0.6140 | WorstLoss 2.4692
[Tracker] Ep  133 | AvgR 0.0001 | Global 0.8199 | Local 0.0194 | F1_macro 0.6096 | WorstLoss 2.5943
[Tracker] Ep  134 | AvgR 0.0001 | Global 0.6612 | Local 0.0277 | F1_macro 0.6024 | WorstLoss 2.6813
[Tracker] Ep  135 | AvgR 0.0000 | Global 0.0477 | Local 0.0283 | F1_macro 0.5886 | WorstLoss 3.0516
[Tracker] Saved snapshot: ep0135_phase1_class1
[Tracker] Ep  136 | AvgR 0.0002 | Global 0.9176 | Local 0.0166 | F1_macro 0.6012 | WorstLoss 2.4949
[Tracker] Ep  137 | AvgR 0.0001 | Global 0.7750 | Local 0.0261 | F1_macro 0.6140 | WorstLoss 2.6235
[Tracker] Ep  138 | AvgR 0.0002 | Global 0.9717 | Local 0.0333 | F1_macro 0.6502 | WorstLoss 2.4003
[Tracker] Ep  139 | AvgR 0.0001 | Global 0.7586 | Local 0.0250 | F1_macro 0.6037 | WorstLoss 2.6350
[Tracker] Ep  140 | AvgR 0.0001 | Global 0.4938 | Local 0.0271 | F1_macro 0.6178 | WorstLoss 2.7531
[Tracker] Saved snapshot: ep0140_phase1_class1
[Tracker] Ep  141 | AvgR 0.0000 | Global 0.1800 | Local 0.0332 | F1_macro 0.5810 | WorstLoss 2.9044
[Tracker] Ep  142 | AvgR 0.0001 | Global 0.7160 | Local 0.0247 | F1_macro 0.6092 | WorstLoss 2.6592
[Tracker] Ep  143 | AvgR 0.0001 | Global 0.7070 | Local 0.0208 | F1_macro 0.6084 | WorstLoss 2.6604
[Tracker] Ep  144 | AvgR 0.0002 | Global 0.9500 | Local 0.0227 | F1_macro 0.5986 | WorstLoss 2.4246
[Tracker] Ep  145 | AvgR 0.0001 | Global 0.4015 | Local 0.0307 | F1_macro 0.5915 | WorstLoss 2.7908
[Tracker] Saved snapshot: ep0145_phase1_class1
[Tracker] Ep  146 | AvgR 0.0001 | Global 0.3474 | Local 0.0333 | F1_macro 0.6041 | WorstLoss 2.8141
[Tracker] Ep  147 | AvgR 0.0001 | Global 0.7976 | Local 0.0239 | F1_macro 0.6190 | WorstLoss 2.6156
[Tracker] Ep  148 | AvgR 0.0001 | Global 0.7522 | Local 0.0282 | F1_macro 0.6038 | WorstLoss 2.6340
[Tracker] Ep  149 | AvgR 0.0001 | Global 0.5560 | Local 0.0254 | F1_macro 0.6018 | WorstLoss 2.7267
[Tracker] Ep  150 | AvgR 0.0001 | Global 0.2328 | Local 0.0344 | F1_macro 0.5774 | WorstLoss 2.8704
[Tracker] Saved snapshot: ep0150_phase1_class1
[Tracker] Ep  151 | AvgR 0.0001 | Global 0.2927 | Local 0.0213 | F1_macro 0.6050 | WorstLoss 2.8402
[Tracker] Ep  152 | AvgR 0.0001 | Global 0.5343 | Local 0.0257 | F1_macro 0.6047 | WorstLoss 2.7369
[Tracker] Ep  153 | AvgR 0.0001 | Global 0.3597 | Local 0.0439 | F1_macro 0.6085 | WorstLoss 2.8101
[Tracker] Ep  154 | AvgR 0.0002 | Global 0.8520 | Local 0.0426 | F1_macro 0.6181 | WorstLoss 2.5699
[Tracker] Ep  155 | AvgR 0.0002 | Global 0.9063 | Local 0.0390 | F1_macro 0.6101 | WorstLoss 2.5004
[Tracker] Saved snapshot: ep0155_phase1_class1
[Tracker] Ep  156 | AvgR 0.0001 | Global 0.7573 | Local 0.0276 | F1_macro 0.5964 | WorstLoss 2.6323
[Tracker] Ep  157 | AvgR 0.0000 | Global 0.0977 | Local 0.0234 | F1_macro 0.5979 | WorstLoss 2.9736
[Tracker] Ep  158 | AvgR 0.0001 | Global 0.3188 | Local 0.0331 | F1_macro 0.6051 | WorstLoss 2.8278
[Tracker] Ep  159 | AvgR 0.0001 | Global 0.6002 | Local 0.0183 | F1_macro 0.6165 | WorstLoss 2.7105
[Tracker] Ep  160 | AvgR 0.0001 | Global 0.3773 | Local 0.0241 | F1_macro 0.6024 | WorstLoss 2.8013
[Tracker] Saved snapshot: ep0160_phase1_class1
[Tracker] Ep  161 | AvgR 0.0000 | Global 0.0445 | Local 0.0403 | F1_macro 0.5911 | WorstLoss 3.0558
[Tracker] Ep  162 | AvgR 0.0001 | Global 0.8219 | Local 0.0304 | F1_macro 0.6092 | WorstLoss 2.5929
[Tracker] Ep  163 | AvgR 0.0001 | Global 0.6233 | Local 0.0323 | F1_macro 0.6194 | WorstLoss 2.6980
[Tracker] Ep  164 | AvgR 0.0001 | Global 0.6203 | Local 0.0239 | F1_macro 0.6080 | WorstLoss 2.7011
[Tracker] Ep  165 | AvgR 0.0002 | Global 0.9841 | Local 0.0240 | F1_macro 0.6024 | WorstLoss 2.3241
[Tracker] Saved snapshot: ep0165_phase1_class1
[Tracker] Ep  166 | AvgR 0.0001 | Global 0.7020 | Local 0.0360 | F1_macro 0.5871 | WorstLoss 2.6580
[Tracker] Ep  167 | AvgR 0.0001 | Global 0.3625 | Local 0.0502 | F1_macro 0.6071 | WorstLoss 2.8066
[Tracker] Ep  168 | AvgR 0.0002 | Global 0.9621 | Local 0.0170 | F1_macro 0.6054 | WorstLoss 2.4072
[Tracker] Ep  169 | AvgR 0.0001 | Global 0.7696 | Local 0.0220 | F1_macro 0.6050 | WorstLoss 2.6289
[Tracker] Ep  170 | AvgR 0.0002 | Global 0.8597 | Local 0.0328 | F1_macro 0.6109 | WorstLoss 2.5625
[Tracker] Saved snapshot: ep0170_phase1_class1
[Tracker] Ep  171 | AvgR 0.0001 | Global 0.4036 | Local 0.0216 | F1_macro 0.6002 | WorstLoss 2.7906
[Tracker] Ep  172 | AvgR 0.0002 | Global 0.9053 | Local 0.0198 | F1_macro 0.5910 | WorstLoss 2.5176
[Tracker] Ep  173 | AvgR 0.0002 | Global 0.9160 | Local 0.0243 | F1_macro 0.5998 | WorstLoss 2.5132
[Tracker] Ep  174 | AvgR 0.0001 | Global 0.5766 | Local 0.0160 | F1_macro 0.6182 | WorstLoss 2.7190
[Tracker] Ep  175 | AvgR 0.0001 | Global 0.6209 | Local 0.0336 | F1_macro 0.5975 | WorstLoss 2.7010
[Tracker] Saved snapshot: ep0175_phase1_class1
[Tracker] Ep  176 | AvgR 0.0002 | Global 0.9552 | Local 0.0364 | F1_macro 0.6104 | WorstLoss 2.4105
[Tracker] Ep  177 | AvgR 0.0002 | Global 0.9129 | Local 0.0288 | F1_macro 0.6005 | WorstLoss 2.5028
[Tracker] Ep  178 | AvgR 0.0002 | Global 0.9962 | Local 0.0267 | F1_macro 0.6279 | WorstLoss 2.1962
[Tracker] New BEST synthetic [phase1_class1] (by global.global_obj: 0.996231) saved.
[Tracker] BEST β weights [phase1_class1] saved -> training_runs/SPECv17a_bias05_rl_census_3seeds_EP800_PCA10_REWfairness_minID1_majID0_TRJ2000_REAL3000_BIAS0.05_GG202603181225_a74b2df8/seed_0/best_beta_state_dict_phase1_class1.pt
[Tracker] Ep  179 | AvgR 0.0001 | Global 0.7481 | Local 0.0367 | F1_macro 0.6139 | WorstLoss 2.6396
[Tracker] Ep  180 | AvgR 0.0002 | Global 0.8855 | Local 0.0172 | F1_macro 0.6024 | WorstLoss 2.5371
[Tracker] Saved snapshot: ep0180_phase1_class1
[Tracker] Ep  181 | AvgR 0.0001 | Global 0.3935 | Local 0.0178 | F1_macro 0.6099 | WorstLoss 2.7946
[Tracker] Ep  182 | AvgR 0.0002 | Global 0.8798 | Local 0.0273 | F1_macro 0.6072 | WorstLoss 2.5336
[Tracker] Ep  183 | AvgR 0.0001 | Global 0.5591 | Local 0.0268 | F1_macro 0.6020 | WorstLoss 2.7269
[Tracker] Ep  184 | AvgR 0.0002 | Global 0.9772 | Local 0.0353 | F1_macro 0.5997 | WorstLoss 2.0918
[Tracker] Ep  185 | AvgR 0.0002 | Global 0.9920 | Local 0.0384 | F1_macro 0.6097 | WorstLoss 2.1033
[Tracker] Saved snapshot: ep0185_phase1_class1
[Tracker] Ep  186 | AvgR 0.0002 | Global 0.9907 | Local 0.0415 | F1_macro 0.6300 | WorstLoss 1.9405
[Tracker] Ep  187 | AvgR 0.0001 | Global 0.2143 | Local 0.0438 | F1_macro 0.6049 | WorstLoss 2.8819
[Tracker] Ep  188 | AvgR 0.0002 | Global 0.9158 | Local 0.0367 | F1_macro 0.6022 | WorstLoss 2.5153
[Tracker] Ep  189 | AvgR 0.0002 | Global 0.9751 | Local 0.0425 | F1_macro 0.6033 | WorstLoss 2.3091
[Tracker] Ep  190 | AvgR 0.0002 | Global 0.9937 | Local 0.0232 | F1_macro 0.6198 | WorstLoss 2.1691
[Tracker] Saved snapshot: ep0190_phase1_class1
[Tracker] Ep  191 | AvgR 0.0001 | Global 0.6761 | Local 0.0212 | F1_macro 0.6014 | WorstLoss 2.6779
[Tracker] Ep  192 | AvgR 0.0001 | Global 0.4830 | Local 0.0355 | F1_macro 0.5883 | WorstLoss 2.7571
[Tracker] Ep  193 | AvgR 0.0002 | Global 0.8502 | Local 0.0391 | F1_macro 0.6169 | WorstLoss 2.5736
[Tracker] Ep  194 | AvgR 0.0002 | Global 0.8047 | Local 0.0406 | F1_macro 0.5975 | WorstLoss 2.6062
[Tracker] Ep  195 | AvgR 0.0002 | Global 0.9933 | Local 0.0326 | F1_macro 0.6107 | WorstLoss 2.0330
[Tracker] Saved snapshot: ep0195_phase1_class1
[Tracker] Ep  196 | AvgR 0.0001 | Global 0.3427 | Local 0.0338 | F1_macro 0.5998 | WorstLoss 2.8169
[Tracker] Ep  197 | AvgR 0.0002 | Global 0.9868 | Local 0.0471 | F1_macro 0.5951 | WorstLoss 2.1896
[Tracker] Ep  198 | AvgR 0.0002 | Global 0.7943 | Local 0.0405 | F1_macro 0.6136 | WorstLoss 2.6016
[Tracker] Ep  199 | AvgR 0.0002 | Global 0.9378 | Local 0.0575 | F1_macro 0.6248 | WorstLoss 2.4496
[Tracker] Ep  200 | AvgR 0.0002 | Global 0.9013 | Local 0.0347 | F1_macro 0.5897 | WorstLoss 2.5179
[Tracker] Saved snapshot: ep0200_phase1_class1
[Tracker] Ep  201 | AvgR 0.0002 | Global 0.9656 | Local 0.0506 | F1_macro 0.5777 | WorstLoss 2.1872
[Tracker] Ep  202 | AvgR 0.0002 | Global 0.9033 | Local 0.0578 | F1_macro 0.5668 | WorstLoss 2.4960
[Tracker] Ep  203 | AvgR 0.0001 | Global 0.5191 | Local 0.0400 | F1_macro 0.5959 | WorstLoss 2.7436
[Tracker] Ep  204 | AvgR 0.0002 | Global 0.9254 | Local 0.0343 | F1_macro 0.6034 | WorstLoss 2.4791
[Tracker] Ep  205 | AvgR 0.0002 | Global 0.9238 | Local 0.0567 | F1_macro 0.5930 | WorstLoss 2.4582
[Tracker] Saved snapshot: ep0205_phase1_class1
[Tracker] Ep  206 | AvgR 0.0001 | Global 0.2666 | Local 0.0369 | F1_macro 0.5894 | WorstLoss 2.8527
[Tracker] Ep  207 | AvgR 0.0001 | Global 0.2079 | Local 0.0438 | F1_macro 0.5975 | WorstLoss 2.8858
[Tracker] Ep  208 | AvgR 0.0001 | Global 0.2972 | Local 0.0322 | F1_macro 0.6002 | WorstLoss 2.8378
[Tracker] Ep  209 | AvgR 0.0001 | Global 0.7496 | Local 0.0432 | F1_macro 0.6047 | WorstLoss 2.6371
[Tracker] Ep  210 | AvgR 0.0002 | Global 0.8976 | Local 0.0706 | F1_macro 0.5784 | WorstLoss 2.4950
[Tracker] Saved snapshot: ep0210_phase1_class1
[Tracker] Ep  211 | AvgR 0.0002 | Global 0.9734 | Local 0.0330 | F1_macro 0.6023 | WorstLoss 2.3068
[Tracker] Ep  212 | AvgR 0.0002 | Global 0.9721 | Local 0.0517 | F1_macro 0.5785 | WorstLoss 2.3185
[Tracker] Ep  213 | AvgR 0.0002 | Global 0.9790 | Local 0.0270 | F1_macro 0.6135 | WorstLoss 2.2975
[Tracker] Ep  214 | AvgR 0.0002 | Global 0.9003 | Local 0.0614 | F1_macro 0.5975 | WorstLoss 2.5216
[Tracker] Ep  215 | AvgR 0.0001 | Global 0.6001 | Local 0.0474 | F1_macro 0.5793 | WorstLoss 2.7060
[Tracker] Saved snapshot: ep0215_phase1_class1
[Tracker] Ep  216 | AvgR 0.0002 | Global 0.9168 | Local 0.0633 | F1_macro 0.5839 | WorstLoss 2.4613
[Tracker] Ep  217 | AvgR 0.0002 | Global 0.9489 | Local 0.0857 | F1_macro 0.6015 | WorstLoss 2.0556
[Tracker] Ep  218 | AvgR 0.0002 | Global 0.9686 | Local 0.0815 | F1_macro 0.5982 | WorstLoss 2.1429
[Tracker] Ep  219 | AvgR 0.0002 | Global 0.9990 | Local 0.0217 | F1_macro 0.6084 | WorstLoss 2.0602
[Tracker] New BEST synthetic [phase1_class1] (by global.global_obj: 0.999030) saved.
[Tracker] BEST β weights [phase1_class1] saved -> training_runs/SPECv17a_bias05_rl_census_3seeds_EP800_PCA10_REWfairness_minID1_majID0_TRJ2000_REAL3000_BIAS0.05_GG202603181225_a74b2df8/seed_0/best_beta_state_dict_phase1_class1.pt
[Tracker] Ep  220 | AvgR 0.0002 | Global 0.9545 | Local 0.0806 | F1_macro 0.5867 | WorstLoss 2.1101
[Tracker] Saved snapshot: ep0220_phase1_class1
[Tracker] Ep  221 | AvgR 0.0002 | Global 0.8457 | Local 0.0448 | F1_macro 0.5893 | WorstLoss 2.5641
[Tracker] Ep  222 | AvgR 0.0002 | Global 0.9112 | Local 0.0547 | F1_macro 0.6078 | WorstLoss 2.4807
[Tracker] Ep  223 | AvgR 0.0002 | Global 0.9578 | Local 0.0686 | F1_macro 0.6101 | WorstLoss 2.1436
[Tracker] Ep  224 | AvgR 0.0000 | Global 0.1129 | Local 0.0563 | F1_macro 0.5627 | WorstLoss 2.9553
[Tracker] Ep  225 | AvgR 0.0002 | Global 0.9610 | Local 0.0449 | F1_macro 0.5940 | WorstLoss 2.2923
[Tracker] Saved snapshot: ep0225_phase1_class1
[Tracker] Ep  226 | AvgR 0.0001 | Global 0.6018 | Local 0.0362 | F1_macro 0.5901 | WorstLoss 2.7064
[Tracker] Ep  227 | AvgR 0.0001 | Global 0.5178 | Local 0.0263 | F1_macro 0.6029 | WorstLoss 2.7416
[Tracker] Ep  228 | AvgR 0.0002 | Global 0.9259 | Local 0.0654 | F1_macro 0.5925 | WorstLoss 2.4567
[Tracker] Ep  229 | AvgR 0.0002 | Global 0.9625 | Local 0.0420 | F1_macro 0.6074 | WorstLoss 2.0407
[Tracker] Ep  230 | AvgR 0.0002 | Global 0.9369 | Local 0.0395 | F1_macro 0.6251 | WorstLoss 2.4670
[Tracker] Saved snapshot: ep0230_phase1_class1
[Tracker] Ep  231 | AvgR 0.0002 | Global 0.8167 | Local 0.0597 | F1_macro 0.5769 | WorstLoss 2.5869
[Tracker] Ep  232 | AvgR 0.0002 | Global 0.8734 | Local 0.0868 | F1_macro 0.5900 | WorstLoss 2.5322
[Tracker] Ep  233 | AvgR 0.0002 | Global 0.9694 | Local 0.0474 | F1_macro 0.6088 | WorstLoss 1.9816
[Tracker] Ep  234 | AvgR 0.0002 | Global 0.9491 | Local 0.0522 | F1_macro 0.5805 | WorstLoss 2.3624
[Tracker] Ep  235 | AvgR 0.0002 | Global 0.9646 | Local 0.0802 | F1_macro 0.5962 | WorstLoss 1.9211
[Tracker] Saved snapshot: ep0235_phase1_class1
[Tracker] Ep  236 | AvgR 0.0002 | Global 0.9703 | Local 0.0512 | F1_macro 0.6124 | WorstLoss 2.3349
[Tracker] Ep  237 | AvgR 0.0002 | Global 0.9674 | Local 0.0692 | F1_macro 0.5953 | WorstLoss 2.1784
[Tracker] Ep  238 | AvgR 0.0001 | Global 0.3005 | Local 0.0632 | F1_macro 0.5841 | WorstLoss 2.8332
[Tracker] Ep  239 | AvgR 0.0002 | Global 0.9661 | Local 0.0448 | F1_macro 0.6130 | WorstLoss 2.3573
[Tracker] Ep  240 | AvgR 0.0002 | Global 0.9848 | Local 0.0515 | F1_macro 0.6593 | WorstLoss 1.9395
[Tracker] Saved snapshot: ep0240_phase1_class1
[Tracker] Ep  241 | AvgR 0.0001 | Global 0.5426 | Local 0.0831 | F1_macro 0.5920 | WorstLoss 2.7285
[Tracker] Ep  242 | AvgR 0.0002 | Global 0.9793 | Local 0.0805 | F1_macro 0.6112 | WorstLoss 1.9754
[Tracker] Ep  243 | AvgR 0.0002 | Global 0.9496 | Local 0.0553 | F1_macro 0.6016 | WorstLoss 2.3830
[Tracker] Ep  244 | AvgR 0.0002 | Global 0.9528 | Local 0.0359 | F1_macro 0.5972 | WorstLoss 2.4213
[Tracker] Ep  245 | AvgR 0.0002 | Global 0.9820 | Local 0.0561 | F1_macro 0.6193 | WorstLoss 2.1591
[Tracker] Saved snapshot: ep0245_phase1_class1
[Tracker] Ep  246 | AvgR 0.0002 | Global 0.9707 | Local 0.0591 | F1_macro 0.5985 | WorstLoss 2.2014
[Tracker] Ep  247 | AvgR 0.0002 | Global 0.9527 | Local 0.0432 | F1_macro 0.6122 | WorstLoss 2.3834
[Tracker] Ep  248 | AvgR 0.0002 | Global 0.9462 | Local 0.0923 | F1_macro 0.5908 | WorstLoss 2.2707
[Tracker] Ep  249 | AvgR 0.0002 | Global 0.9671 | Local 0.0689 | F1_macro 0.6094 | WorstLoss 2.0920
[Tracker] Ep  250 | AvgR 0.0002 | Global 0.9536 | Local 0.0917 | F1_macro 0.5760 | WorstLoss 2.2307
[Tracker] Saved snapshot: ep0250_phase1_class1
[Tracker] Ep  251 | AvgR 0.0002 | Global 0.9651 | Local 0.0437 | F1_macro 0.6086 | WorstLoss 2.0680
[Tracker] Ep  252 | AvgR 0.0002 | Global 0.9541 | Local 0.0650 | F1_macro 0.6005 | WorstLoss 2.1919
[Tracker] Ep  253 | AvgR 0.0002 | Global 0.9672 | Local 0.0778 | F1_macro 0.6126 | WorstLoss 1.9875
[Tracker] Ep  254 | AvgR 0.0002 | Global 0.9574 | Local 0.0684 | F1_macro 0.5983 | WorstLoss 2.1557
[Tracker] Ep  255 | AvgR 0.0002 | Global 0.9619 | Local 0.0511 | F1_macro 0.5983 | WorstLoss 1.9160
[Tracker] Saved snapshot: ep0255_phase1_class1
[Tracker] Ep  256 | AvgR 0.0002 | Global 0.9686 | Local 0.0766 | F1_macro 0.6079 | WorstLoss 2.0084
[Tracker] Ep  257 | AvgR 0.0002 | Global 0.9700 | Local 0.0702 | F1_macro 0.5983 | WorstLoss 1.9226
[Tracker] Ep  258 | AvgR 0.0002 | Global 0.9743 | Local 0.0733 | F1_macro 0.5989 | WorstLoss 2.2822
[Tracker] Ep  259 | AvgR 0.0002 | Global 0.9606 | Local 0.0883 | F1_macro 0.6067 | WorstLoss 2.1097
[Tracker] Ep  260 | AvgR 0.0002 | Global 0.9543 | Local 0.0770 | F1_macro 0.5822 | WorstLoss 2.0276
[Tracker] Saved snapshot: ep0260_phase1_class1
[Tracker] Ep  261 | AvgR 0.0002 | Global 0.9619 | Local 0.1101 | F1_macro 0.5915 | WorstLoss 1.8205
[Tracker] Ep  262 | AvgR 0.0002 | Global 0.9728 | Local 0.0897 | F1_macro 0.6067 | WorstLoss 2.2237
[Tracker] Ep  263 | AvgR 0.0002 | Global 0.9606 | Local 0.0937 | F1_macro 0.5882 | WorstLoss 1.8858
[Tracker] Ep  264 | AvgR 0.0002 | Global 0.8283 | Local 0.0948 | F1_macro 0.5844 | WorstLoss 2.5589
[Tracker] Ep  265 | AvgR 0.0002 | Global 0.9467 | Local 0.0825 | F1_macro 0.5687 | WorstLoss 2.2121
[Tracker] Saved snapshot: ep0265_phase1_class1
[Tracker] Ep  266 | AvgR 0.0002 | Global 0.9472 | Local 0.1262 | F1_macro 0.5912 | WorstLoss 1.8731
[Tracker] Ep  267 | AvgR 0.0002 | Global 0.9698 | Local 0.0473 | F1_macro 0.6046 | WorstLoss 2.3095
[Tracker] Ep  268 | AvgR 0.0002 | Global 0.9713 | Local 0.0947 | F1_macro 0.6012 | WorstLoss 1.9781
[Tracker] Ep  269 | AvgR 0.0002 | Global 0.9535 | Local 0.0621 | F1_macro 0.6001 | WorstLoss 2.2805
[Tracker] Ep  270 | AvgR 0.0002 | Global 0.9828 | Local 0.0929 | F1_macro 0.6238 | WorstLoss 2.1009
[Tracker] Saved snapshot: ep0270_phase1_class1
[Tracker] Ep  271 | AvgR 0.0002 | Global 0.9527 | Local 0.0862 | F1_macro 0.5880 | WorstLoss 2.3183
[Tracker] Ep  272 | AvgR 0.0002 | Global 0.9555 | Local 0.0803 | F1_macro 0.5951 | WorstLoss 2.2479
[Tracker] Ep  273 | AvgR 0.0002 | Global 0.9637 | Local 0.0891 | F1_macro 0.6071 | WorstLoss 2.2301
[Tracker] Ep  274 | AvgR 0.0002 | Global 0.9680 | Local 0.0606 | F1_macro 0.6120 | WorstLoss 1.9998
[Tracker] Ep  275 | AvgR 0.0002 | Global 0.9687 | Local 0.0863 | F1_macro 0.6142 | WorstLoss 2.1453
[Tracker] Saved snapshot: ep0275_phase1_class1
[Tracker] Ep  276 | AvgR 0.0002 | Global 0.9461 | Local 0.1086 | F1_macro 0.5828 | WorstLoss 1.6485
[Tracker] Ep  277 | AvgR 0.0002 | Global 0.9464 | Local 0.0880 | F1_macro 0.5892 | WorstLoss 2.0056
[Tracker] Ep  278 | AvgR 0.0002 | Global 0.9716 | Local 0.1240 | F1_macro 0.5909 | WorstLoss 1.9423
[Tracker] Ep  279 | AvgR 0.0002 | Global 0.9759 | Local 0.0737 | F1_macro 0.6068 | WorstLoss 2.0338
[Tracker] Ep  280 | AvgR 0.0002 | Global 0.9763 | Local 0.0705 | F1_macro 0.6079 | WorstLoss 1.9342
[Tracker] Saved snapshot: ep0280_phase1_class1
[Tracker] Ep  281 | AvgR 0.0002 | Global 0.9340 | Local 0.1399 | F1_macro 0.5898 | WorstLoss 1.8235
[Tracker] Ep  282 | AvgR 0.0002 | Global 0.9727 | Local 0.1004 | F1_macro 0.5906 | WorstLoss 2.1730
[Tracker] Ep  283 | AvgR 0.0002 | Global 0.9548 | Local 0.1180 | F1_macro 0.6157 | WorstLoss 2.2092
[Tracker] Ep  284 | AvgR 0.0002 | Global 0.9564 | Local 0.0949 | F1_macro 0.5922 | WorstLoss 2.1502
[Tracker] Ep  285 | AvgR 0.0002 | Global 0.9269 | Local 0.0985 | F1_macro 0.5987 | WorstLoss 2.4258
[Tracker] Saved snapshot: ep0285_phase1_class1
[Tracker] Ep  286 | AvgR 0.0002 | Global 0.9377 | Local 0.0725 | F1_macro 0.5954 | WorstLoss 2.4018
[Tracker] Ep  287 | AvgR 0.0002 | Global 0.9501 | Local 0.0908 | F1_macro 0.5864 | WorstLoss 2.2556
[Tracker] Ep  288 | AvgR 0.0002 | Global 0.9465 | Local 0.0682 | F1_macro 0.5674 | WorstLoss 1.9502
[Tracker] Ep  289 | AvgR 0.0002 | Global 0.9528 | Local 0.0772 | F1_macro 0.5982 | WorstLoss 2.1466
[Tracker] Ep  290 | AvgR 0.0002 | Global 0.9627 | Local 0.0845 | F1_macro 0.6021 | WorstLoss 1.8121
[Tracker] Saved snapshot: ep0290_phase1_class1
[Tracker] Ep  291 | AvgR 0.0002 | Global 0.9375 | Local 0.1637 | F1_macro 0.5869 | WorstLoss 1.6206
[Tracker] Ep  292 | AvgR 0.0002 | Global 0.9376 | Local 0.1275 | F1_macro 0.6071 | WorstLoss 2.2468
[Tracker] Ep  293 | AvgR 0.0002 | Global 0.9274 | Local 0.1041 | F1_macro 0.5652 | WorstLoss 2.0913
[Tracker] Ep  294 | AvgR 0.0002 | Global 0.9696 | Local 0.1236 | F1_macro 0.6316 | WorstLoss 1.7772
[Tracker] Ep  295 | AvgR 0.0002 | Global 0.9391 | Local 0.0793 | F1_macro 0.5906 | WorstLoss 2.3469
[Tracker] Saved snapshot: ep0295_phase1_class1
[Tracker] Ep  296 | AvgR 0.0002 | Global 0.9374 | Local 0.0948 | F1_macro 0.5948 | WorstLoss 1.9069
[Tracker] Ep  297 | AvgR 0.0002 | Global 0.9009 | Local 0.1713 | F1_macro 0.5545 | WorstLoss 2.2712
[Tracker] Ep  298 | AvgR 0.0002 | Global 0.8975 | Local 0.1607 | F1_macro 0.5655 | WorstLoss 1.7914
[Tracker] Ep  299 | AvgR 0.0002 | Global 0.9493 | Local 0.1049 | F1_macro 0.6167 | WorstLoss 1.7059
[Tracker] Ep  300 | AvgR 0.0002 | Global 0.9339 | Local 0.1040 | F1_macro 0.5897 | WorstLoss 1.9797
[Tracker] Saved snapshot: ep0300_phase1_class1
[Tracker] Ep  301 | AvgR 0.0002 | Global 0.9409 | Local 0.1377 | F1_macro 0.6007 | WorstLoss 1.8656
[Tracker] Ep  302 | AvgR 0.0002 | Global 0.9201 | Local 0.1730 | F1_macro 0.5595 | WorstLoss 2.1027
[Tracker] Ep  303 | AvgR 0.0002 | Global 0.9357 | Local 0.1520 | F1_macro 0.5754 | WorstLoss 1.8823
[Tracker] Ep  304 | AvgR 0.0002 | Global 0.9254 | Local 0.1602 | F1_macro 0.5622 | WorstLoss 2.1861
[Tracker] Ep  305 | AvgR 0.0002 | Global 0.9304 | Local 0.1335 | F1_macro 0.6000 | WorstLoss 1.9305
[Tracker] Saved snapshot: ep0305_phase1_class1
[Tracker] Ep  306 | AvgR 0.0002 | Global 0.9370 | Local 0.1441 | F1_macro 0.5773 | WorstLoss 1.8554
[Tracker] Ep  307 | AvgR 0.0002 | Global 0.9441 | Local 0.1453 | F1_macro 0.5935 | WorstLoss 1.7767
[Tracker] Ep  308 | AvgR 0.0002 | Global 0.9467 | Local 0.1398 | F1_macro 0.5810 | WorstLoss 2.0107
[Tracker] Ep  309 | AvgR 0.0002 | Global 0.9158 | Local 0.1766 | F1_macro 0.5669 | WorstLoss 1.9180
[Tracker] Ep  310 | AvgR 0.0002 | Global 0.9268 | Local 0.1380 | F1_macro 0.5685 | WorstLoss 1.7708
[Tracker] Saved snapshot: ep0310_phase1_class1
[Tracker] Ep  311 | AvgR 0.0002 | Global 0.9159 | Local 0.2002 | F1_macro 0.5503 | WorstLoss 2.1204
[Tracker] Ep  312 | AvgR 0.0002 | Global 0.9050 | Local 0.1672 | F1_macro 0.5652 | WorstLoss 2.0873
[Tracker] Ep  313 | AvgR 0.0002 | Global 0.9000 | Local 0.1493 | F1_macro 0.5605 | WorstLoss 2.2117
[Tracker] Ep  314 | AvgR 0.0002 | Global 0.9298 | Local 0.1483 | F1_macro 0.5971 | WorstLoss 2.0674
[Tracker] Ep  315 | AvgR 0.0002 | Global 0.9099 | Local 0.1829 | F1_macro 0.5634 | WorstLoss 1.8838
[Tracker] Saved snapshot: ep0315_phase1_class1
[Tracker] Ep  316 | AvgR 0.0002 | Global 0.9263 | Local 0.1716 | F1_macro 0.5702 | WorstLoss 1.8431
[Tracker] Ep  317 | AvgR 0.0002 | Global 0.9465 | Local 0.1746 | F1_macro 0.5835 | WorstLoss 1.9108
[Tracker] Ep  318 | AvgR 0.0002 | Global 0.9289 | Local 0.1715 | F1_macro 0.5763 | WorstLoss 1.5095
[Tracker] Ep  319 | AvgR 0.0002 | Global 0.9002 | Local 0.1624 | F1_macro 0.5676 | WorstLoss 1.8797
[Tracker] Ep  320 | AvgR 0.0002 | Global 0.9228 | Local 0.2000 | F1_macro 0.5815 | WorstLoss 2.0472
[Tracker] Saved snapshot: ep0320_phase1_class1
[Tracker] Ep  321 | AvgR 0.0002 | Global 0.9201 | Local 0.1408 | F1_macro 0.5705 | WorstLoss 1.6198
[Tracker] Ep  322 | AvgR 0.0002 | Global 0.9193 | Local 0.1727 | F1_macro 0.5808 | WorstLoss 2.0058
[Tracker] Ep  323 | AvgR 0.0002 | Global 0.8866 | Local 0.1710 | F1_macro 0.5573 | WorstLoss 1.7549
[Tracker] Ep  324 | AvgR 0.0002 | Global 0.9343 | Local 0.2120 | F1_macro 0.5873 | WorstLoss 1.7950
[Tracker] Ep  325 | AvgR 0.0002 | Global 0.9079 | Local 0.1896 | F1_macro 0.5562 | WorstLoss 1.9575
[Tracker] Saved snapshot: ep0325_phase1_class1
[Tracker] Ep  326 | AvgR 0.0002 | Global 0.9021 | Local 0.1948 | F1_macro 0.5551 | WorstLoss 1.7654
[Tracker] Ep  327 | AvgR 0.0002 | Global 0.8849 | Local 0.2183 | F1_macro 0.5548 | WorstLoss 2.0082
[Tracker] Ep  328 | AvgR 0.0002 | Global 0.8927 | Local 0.1944 | F1_macro 0.5514 | WorstLoss 1.8030
[Tracker] Ep  329 | AvgR 0.0002 | Global 0.8915 | Local 0.2004 | F1_macro 0.5553 | WorstLoss 1.9656
[Tracker] Ep  330 | AvgR 0.0002 | Global 0.8979 | Local 0.1943 | F1_macro 0.5577 | WorstLoss 1.9988
[Tracker] Saved snapshot: ep0330_phase1_class1
[Tracker] Ep  331 | AvgR 0.0002 | Global 0.9314 | Local 0.2018 | F1_macro 0.6023 | WorstLoss 1.7790
[Tracker] Ep  332 | AvgR 0.0002 | Global 0.8896 | Local 0.1939 | F1_macro 0.5621 | WorstLoss 1.5364
[Tracker] Ep  333 | AvgR 0.0002 | Global 0.9009 | Local 0.1857 | F1_macro 0.5742 | WorstLoss 1.8052
[Tracker] Ep  334 | AvgR 0.0002 | Global 0.8990 | Local 0.1954 | F1_macro 0.5514 | WorstLoss 1.8084
[Tracker] Ep  335 | AvgR 0.0002 | Global 0.8861 | Local 0.1904 | F1_macro 0.5587 | WorstLoss 1.9994
[Tracker] Saved snapshot: ep0335_phase1_class1
[Tracker] Ep  336 | AvgR 0.0002 | Global 0.8963 | Local 0.2416 | F1_macro 0.5409 | WorstLoss 1.8847
[Tracker] Ep  337 | AvgR 0.0002 | Global 0.8902 | Local 0.2265 | F1_macro 0.5604 | WorstLoss 1.8409
[Tracker] Ep  338 | AvgR 0.0002 | Global 0.9204 | Local 0.1252 | F1_macro 0.5890 | WorstLoss 2.0859
[Tracker] Ep  339 | AvgR 0.0002 | Global 0.9159 | Local 0.1626 | F1_macro 0.5646 | WorstLoss 1.6081
[Tracker] Ep  340 | AvgR 0.0002 | Global 0.9195 | Local 0.1509 | F1_macro 0.5732 | WorstLoss 1.6653
[Tracker] Saved snapshot: ep0340_phase1_class1
[Tracker] Ep  341 | AvgR 0.0002 | Global 0.9041 | Local 0.2327 | F1_macro 0.5682 | WorstLoss 1.6427
[Tracker] Ep  342 | AvgR 0.0002 | Global 0.9270 | Local 0.1627 | F1_macro 0.5804 | WorstLoss 1.7314
[Tracker] Ep  343 | AvgR 0.0002 | Global 0.8477 | Local 0.2408 | F1_macro 0.5508 | WorstLoss 1.9860
[Tracker] Ep  344 | AvgR 0.0002 | Global 0.8942 | Local 0.2044 | F1_macro 0.5571 | WorstLoss 1.8376
[Tracker] Ep  345 | AvgR 0.0002 | Global 0.9242 | Local 0.1864 | F1_macro 0.5640 | WorstLoss 1.9426
[Tracker] Saved snapshot: ep0345_phase1_class1
[Tracker] Ep  346 | AvgR 0.0002 | Global 0.9386 | Local 0.2135 | F1_macro 0.5928 | WorstLoss 1.7482
[Tracker] Ep  347 | AvgR 0.0002 | Global 0.8750 | Local 0.2234 | F1_macro 0.5657 | WorstLoss 1.5991
[Tracker] Ep  348 | AvgR 0.0002 | Global 0.9266 | Local 0.1899 | F1_macro 0.5738 | WorstLoss 2.1403
[Tracker] Ep  349 | AvgR 0.0002 | Global 0.8994 | Local 0.2454 | F1_macro 0.5632 | WorstLoss 1.6134
[Tracker] Ep  350 | AvgR 0.0002 | Global 0.8537 | Local 0.2101 | F1_macro 0.5421 | WorstLoss 2.0223
[Tracker] Saved snapshot: ep0350_phase1_class1
[Tracker] Ep  351 | AvgR 0.0002 | Global 0.8976 | Local 0.1815 | F1_macro 0.5561 | WorstLoss 1.7551
[Tracker] Ep  352 | AvgR 0.0002 | Global 0.9014 | Local 0.1815 | F1_macro 0.5741 | WorstLoss 2.0223
[Tracker] Ep  353 | AvgR 0.0003 | Global 0.8619 | Local 0.2880 | F1_macro 0.5372 | WorstLoss 1.7349
[Tracker] Ep  354 | AvgR 0.0002 | Global 0.8914 | Local 0.1573 | F1_macro 0.5707 | WorstLoss 1.9227
[Tracker] Ep  355 | AvgR 0.0002 | Global 0.8775 | Local 0.1853 | F1_macro 0.5633 | WorstLoss 2.4115
[Tracker] Saved snapshot: ep0355_phase1_class1
[Tracker] Ep  356 | AvgR 0.0002 | Global 0.8958 | Local 0.1784 | F1_macro 0.5431 | WorstLoss 2.0518
[Tracker] Ep  357 | AvgR 0.0003 | Global 0.9191 | Local 0.2622 | F1_macro 0.5652 | WorstLoss 1.7708
[Tracker] Ep  358 | AvgR 0.0002 | Global 0.9059 | Local 0.1960 | F1_macro 0.5758 | WorstLoss 1.5304
[Tracker] Ep  359 | AvgR 0.0002 | Global 0.9111 | Local 0.1829 | F1_macro 0.5634 | WorstLoss 1.6479
[Tracker] Ep  360 | AvgR 0.0002 | Global 0.9068 | Local 0.2144 | F1_macro 0.5707 | WorstLoss 1.7837
[Tracker] Saved snapshot: ep0360_phase1_class1
[Tracker] Ep  361 | AvgR 0.0002 | Global 0.9175 | Local 0.1921 | F1_macro 0.5718 | WorstLoss 1.5994
[Tracker] Ep  362 | AvgR 0.0002 | Global 0.8521 | Local 0.2567 | F1_macro 0.5452 | WorstLoss 1.9955
[Tracker] Ep  363 | AvgR 0.0002 | Global 0.9027 | Local 0.2152 | F1_macro 0.5775 | WorstLoss 1.6819
[Tracker] Ep  364 | AvgR 0.0002 | Global 0.9346 | Local 0.0996 | F1_macro 0.6096 | WorstLoss 2.0983
[Tracker] Ep  365 | AvgR 0.0002 | Global 0.8773 | Local 0.1387 | F1_macro 0.5717 | WorstLoss 1.7527
[Tracker] Saved snapshot: ep0365_phase1_class1
[Tracker] Ep  366 | AvgR 0.0003 | Global 0.9018 | Local 0.2598 | F1_macro 0.5815 | WorstLoss 1.5434
[Tracker] Ep  367 | AvgR 0.0002 | Global 0.8605 | Local 0.2627 | F1_macro 0.5670 | WorstLoss 1.8140
[Tracker] Ep  368 | AvgR 0.0002 | Global 0.9241 | Local 0.1991 | F1_macro 0.5543 | WorstLoss 1.9850
[Tracker] Ep  369 | AvgR 0.0002 | Global 0.8916 | Local 0.2011 | F1_macro 0.5384 | WorstLoss 1.7818
[Tracker] Ep  370 | AvgR 0.0002 | Global 0.8837 | Local 0.1929 | F1_macro 0.5492 | WorstLoss 1.7410
[Tracker] Saved snapshot: ep0370_phase1_class1
[Tracker] Ep  371 | AvgR 0.0002 | Global 0.8679 | Local 0.2287 | F1_macro 0.5582 | WorstLoss 1.7932
[Tracker] Ep  372 | AvgR 0.0002 | Global 0.8545 | Local 0.1928 | F1_macro 0.5498 | WorstLoss 1.8563
[Tracker] Ep  373 | AvgR 0.0002 | Global 0.8798 | Local 0.2265 | F1_macro 0.5456 | WorstLoss 1.7965
[Tracker] Ep  374 | AvgR 0.0003 | Global 0.8629 | Local 0.3103 | F1_macro 0.5469 | WorstLoss 2.0757
[Tracker] Ep  375 | AvgR 0.0002 | Global 0.8926 | Local 0.2073 | F1_macro 0.5635 | WorstLoss 1.7373
[Tracker] Saved snapshot: ep0375_phase1_class1
[Tracker] Ep  376 | AvgR 0.0002 | Global 0.8816 | Local 0.1923 | F1_macro 0.5528 | WorstLoss 1.6434
[Tracker] Ep  377 | AvgR 0.0002 | Global 0.8781 | Local 0.1880 | F1_macro 0.5428 | WorstLoss 1.7404
[Tracker] Ep  378 | AvgR 0.0002 | Global 0.8772 | Local 0.2124 | F1_macro 0.5514 | WorstLoss 1.7065
[Tracker] Ep  379 | AvgR 0.0002 | Global 0.8700 | Local 0.2084 | F1_macro 0.5418 | WorstLoss 1.8541
[Tracker] Ep  380 | AvgR 0.0002 | Global 0.9088 | Local 0.1704 | F1_macro 0.5862 | WorstLoss 1.9941
[Tracker] Saved snapshot: ep0380_phase1_class1
[Tracker] Ep  381 | AvgR 0.0002 | Global 0.8947 | Local 0.2114 | F1_macro 0.5736 | WorstLoss 2.1069
[Tracker] Ep  382 | AvgR 0.0002 | Global 0.9106 | Local 0.2012 | F1_macro 0.5962 | WorstLoss 1.7884
[Tracker] Ep  383 | AvgR 0.0002 | Global 0.9166 | Local 0.1988 | F1_macro 0.5737 | WorstLoss 1.5146
[Tracker] Ep  384 | AvgR 0.0002 | Global 0.8658 | Local 0.2279 | F1_macro 0.5560 | WorstLoss 1.7993
[Tracker] Ep  385 | AvgR 0.0002 | Global 0.8970 | Local 0.2242 | F1_macro 0.5499 | WorstLoss 1.6245
[Tracker] Saved snapshot: ep0385_phase1_class1
[Tracker] Ep  386 | AvgR 0.0002 | Global 0.8446 | Local 0.2029 | F1_macro 0.5494 | WorstLoss 2.4140
[Tracker] Ep  387 | AvgR 0.0002 | Global 0.8746 | Local 0.2184 | F1_macro 0.5590 | WorstLoss 1.7498
[Tracker] Ep  388 | AvgR 0.0002 | Global 0.8517 | Local 0.2461 | F1_macro 0.5426 | WorstLoss 1.8338
[Tracker] Ep  389 | AvgR 0.0003 | Global 0.8995 | Local 0.2499 | F1_macro 0.5617 | WorstLoss 1.6773
[Tracker] Ep  390 | AvgR 0.0002 | Global 0.9152 | Local 0.1738 | F1_macro 0.5794 | WorstLoss 1.6595
[Tracker] Saved snapshot: ep0390_phase1_class1
[Tracker] Ep  391 | AvgR 0.0002 | Global 0.8790 | Local 0.2158 | F1_macro 0.5517 | WorstLoss 1.7475
[Tracker] Ep  392 | AvgR 0.0002 | Global 0.8705 | Local 0.1783 | F1_macro 0.5552 | WorstLoss 2.2035
[Tracker] Ep  393 | AvgR 0.0003 | Global 0.8864 | Local 0.2623 | F1_macro 0.5655 | WorstLoss 1.7877
[Tracker] Ep  394 | AvgR 0.0002 | Global 0.9216 | Local 0.1923 | F1_macro 0.5845 | WorstLoss 1.9185
[Tracker] Ep  395 | AvgR 0.0002 | Global 0.8898 | Local 0.2054 | F1_macro 0.5646 | WorstLoss 1.8962
[Tracker] Saved snapshot: ep0395_phase1_class1
[Tracker] Ep  396 | AvgR 0.0002 | Global 0.8849 | Local 0.1649 | F1_macro 0.5454 | WorstLoss 1.7238
[Tracker] Ep  397 | AvgR 0.0002 | Global 0.9087 | Local 0.2208 | F1_macro 0.5686 | WorstLoss 1.6164
[Tracker] Ep  398 | AvgR 0.0002 | Global 0.8732 | Local 0.1984 | F1_macro 0.5600 | WorstLoss 1.7917
[Tracker] Ep  399 | AvgR 0.0002 | Global 0.9125 | Local 0.1802 | F1_macro 0.5911 | WorstLoss 1.5384
[Tracker] Ep  400 | AvgR 0.0002 | Global 0.9138 | Local 0.2038 | F1_macro 0.5698 | WorstLoss 1.6604
[Tracker] Saved snapshot: ep0400_phase1_class1
[Tracker] Ep  401 | AvgR 0.0003 | Global 0.9286 | Local 0.2173 | F1_macro 0.5667 | WorstLoss 1.4440
[Tracker] Ep  402 | AvgR 0.0003 | Global 0.8731 | Local 0.2638 | F1_macro 0.5617 | WorstLoss 1.5868
[Tracker] Ep  403 | AvgR 0.0002 | Global 0.8769 | Local 0.2272 | F1_macro 0.5537 | WorstLoss 1.8035
[Tracker] Ep  404 | AvgR 0.0002 | Global 0.8626 | Local 0.2376 | F1_macro 0.5449 | WorstLoss 1.7207
[Tracker] Ep  405 | AvgR 0.0002 | Global 0.8468 | Local 0.2318 | F1_macro 0.5279 | WorstLoss 1.7440
[Tracker] Saved snapshot: ep0405_phase1_class1
[Tracker] Ep  406 | AvgR 0.0003 | Global 0.8736 | Local 0.2860 | F1_macro 0.5326 | WorstLoss 1.7913
[Tracker] Ep  407 | AvgR 0.0003 | Global 0.9049 | Local 0.3044 | F1_macro 0.5728 | WorstLoss 1.4069
[Tracker] Ep  408 | AvgR 0.0002 | Global 0.9146 | Local 0.1672 | F1_macro 0.6039 | WorstLoss 1.5558
[Tracker] Ep  409 | AvgR 0.0002 | Global 0.8912 | Local 0.2226 | F1_macro 0.5655 | WorstLoss 1.5239
[Tracker] Ep  410 | AvgR 0.0003 | Global 0.9007 | Local 0.2307 | F1_macro 0.5726 | WorstLoss 1.6563
[Tracker] Saved snapshot: ep0410_phase1_class1
[Tracker] Ep  411 | AvgR 0.0002 | Global 0.9209 | Local 0.1758 | F1_macro 0.5683 | WorstLoss 1.7164
[Tracker] Ep  412 | AvgR 0.0003 | Global 0.8829 | Local 0.2752 | F1_macro 0.5529 | WorstLoss 1.6546
[Tracker] Ep  413 | AvgR 0.0002 | Global 0.8664 | Local 0.2034 | F1_macro 0.5550 | WorstLoss 1.7502
[Tracker] Ep  414 | AvgR 0.0002 | Global 0.8857 | Local 0.2277 | F1_macro 0.5527 | WorstLoss 1.6467
[Tracker] Ep  415 | AvgR 0.0002 | Global 0.8805 | Local 0.1996 | F1_macro 0.5494 | WorstLoss 1.7679
[Tracker] Saved snapshot: ep0415_phase1_class1
[Tracker] Ep  416 | AvgR 0.0002 | Global 0.8961 | Local 0.2114 | F1_macro 0.5568 | WorstLoss 1.4799
[Tracker] Ep  417 | AvgR 0.0002 | Global 0.8536 | Local 0.1505 | F1_macro 0.5619 | WorstLoss 1.8684
[Tracker] Ep  418 | AvgR 0.0002 | Global 0.8792 | Local 0.1812 | F1_macro 0.5494 | WorstLoss 1.5868
[Tracker] Ep  419 | AvgR 0.0003 | Global 0.9060 | Local 0.2291 | F1_macro 0.5800 | WorstLoss 1.7297
[Tracker] Ep  420 | AvgR 0.0002 | Global 0.9160 | Local 0.2153 | F1_macro 0.5902 | WorstLoss 1.5041
[Tracker] Saved snapshot: ep0420_phase1_class1
[Tracker] Ep  421 | AvgR 0.0003 | Global 0.9101 | Local 0.2743 | F1_macro 0.5814 | WorstLoss 1.5622
[Tracker] Ep  422 | AvgR 0.0002 | Global 0.8701 | Local 0.1929 | F1_macro 0.5433 | WorstLoss 2.0560
[Tracker] Ep  423 | AvgR 0.0002 | Global 0.8928 | Local 0.1816 | F1_macro 0.5827 | WorstLoss 1.7448
[Tracker] Ep  424 | AvgR 0.0003 | Global 0.8802 | Local 0.2418 | F1_macro 0.5830 | WorstLoss 1.7377
[Tracker] Ep  425 | AvgR 0.0003 | Global 0.8880 | Local 0.2748 | F1_macro 0.5591 | WorstLoss 1.7325
[Tracker] Saved snapshot: ep0425_phase1_class1
[Tracker] Ep  426 | AvgR 0.0002 | Global 0.8940 | Local 0.1965 | F1_macro 0.5819 | WorstLoss 1.8163
[Tracker] Ep  427 | AvgR 0.0003 | Global 0.8941 | Local 0.2307 | F1_macro 0.5702 | WorstLoss 1.9313
[Tracker] Ep  428 | AvgR 0.0003 | Global 0.8809 | Local 0.2516 | F1_macro 0.5576 | WorstLoss 1.7478
[Tracker] Ep  429 | AvgR 0.0002 | Global 0.9136 | Local 0.1755 | F1_macro 0.5873 | WorstLoss 1.6878
[Tracker] Ep  430 | AvgR 0.0002 | Global 0.8845 | Local 0.1925 | F1_macro 0.5749 | WorstLoss 1.8737
[Tracker] Saved snapshot: ep0430_phase1_class1
[Tracker] Ep  431 | AvgR 0.0002 | Global 0.8717 | Local 0.2399 | F1_macro 0.5539 | WorstLoss 1.8568
[Tracker] Ep  432 | AvgR 0.0002 | Global 0.9043 | Local 0.2200 | F1_macro 0.5693 | WorstLoss 1.6010
[Tracker] Ep  433 | AvgR 0.0002 | Global 0.8892 | Local 0.2155 | F1_macro 0.5687 | WorstLoss 1.5778
[Tracker] Ep  434 | AvgR 0.0003 | Global 0.9301 | Local 0.2313 | F1_macro 0.5960 | WorstLoss 1.9136
[Tracker] Ep  435 | AvgR 0.0002 | Global 0.9051 | Local 0.1794 | F1_macro 0.5754 | WorstLoss 1.7563
[Tracker] Saved snapshot: ep0435_phase1_class1
[Tracker] Ep  436 | AvgR 0.0002 | Global 0.9045 | Local 0.1923 | F1_macro 0.5805 | WorstLoss 1.5852
[Tracker] Ep  437 | AvgR 0.0003 | Global 0.9203 | Local 0.2304 | F1_macro 0.5898 | WorstLoss 1.6298
[Tracker] Ep  438 | AvgR 0.0003 | Global 0.8828 | Local 0.2659 | F1_macro 0.5589 | WorstLoss 1.6617
[Tracker] Ep  439 | AvgR 0.0003 | Global 0.8654 | Local 0.2704 | F1_macro 0.5516 | WorstLoss 1.8719
[Tracker] Ep  440 | AvgR 0.0002 | Global 0.8900 | Local 0.2058 | F1_macro 0.5685 | WorstLoss 1.7724
[Tracker] Saved snapshot: ep0440_phase1_class1
[Tracker] Ep  441 | AvgR 0.0002 | Global 0.8751 | Local 0.2146 | F1_macro 0.5487 | WorstLoss 1.5952
[Tracker] Ep  442 | AvgR 0.0002 | Global 0.9328 | Local 0.1859 | F1_macro 0.6068 | WorstLoss 1.5072
[Tracker] Ep  443 | AvgR 0.0003 | Global 0.8853 | Local 0.2449 | F1_macro 0.5567 | WorstLoss 1.5506
[Tracker] Ep  444 | AvgR 0.0002 | Global 0.8994 | Local 0.1933 | F1_macro 0.5660 | WorstLoss 1.7129
[Tracker] Ep  445 | AvgR 0.0003 | Global 0.9013 | Local 0.2522 | F1_macro 0.5650 | WorstLoss 1.7800
[Tracker] Saved snapshot: ep0445_phase1_class1
[Tracker] Ep  446 | AvgR 0.0003 | Global 0.8952 | Local 0.2561 | F1_macro 0.5621 | WorstLoss 1.9715
[Tracker] Ep  447 | AvgR 0.0003 | Global 0.8520 | Local 0.2726 | F1_macro 0.5586 | WorstLoss 1.5860
[Tracker] Ep  448 | AvgR 0.0003 | Global 0.9441 | Local 0.2062 | F1_macro 0.5824 | WorstLoss 1.4124
[Tracker] Ep  449 | AvgR 0.0003 | Global 0.8911 | Local 0.2500 | F1_macro 0.5531 | WorstLoss 2.0048
[Tracker] Ep  450 | AvgR 0.0003 | Global 0.8864 | Local 0.2531 | F1_macro 0.5682 | WorstLoss 1.6878
[Tracker] Saved snapshot: ep0450_phase1_class1
[Tracker] Ep  451 | AvgR 0.0003 | Global 0.9172 | Local 0.2561 | F1_macro 0.5703 | WorstLoss 1.6217
[Tracker] Ep  452 | AvgR 0.0003 | Global 0.8764 | Local 0.2479 | F1_macro 0.5634 | WorstLoss 1.6153
[Tracker] Ep  453 | AvgR 0.0003 | Global 0.8948 | Local 0.2594 | F1_macro 0.5854 | WorstLoss 1.6798
[Tracker] Ep  454 | AvgR 0.0003 | Global 0.9051 | Local 0.2678 | F1_macro 0.5863 | WorstLoss 1.6230
[Tracker] Ep  455 | AvgR 0.0002 | Global 0.9362 | Local 0.1761 | F1_macro 0.5868 | WorstLoss 1.5307
[Tracker] Saved snapshot: ep0455_phase1_class1
[Tracker] Ep  456 | AvgR 0.0002 | Global 0.9081 | Local 0.1853 | F1_macro 0.5888 | WorstLoss 1.8167
[Tracker] Ep  457 | AvgR 0.0002 | Global 0.8552 | Local 0.2224 | F1_macro 0.5510 | WorstLoss 1.7470
[Tracker] Ep  458 | AvgR 0.0002 | Global 0.9259 | Local 0.1910 | F1_macro 0.5895 | WorstLoss 2.0110
[Tracker] Ep  459 | AvgR 0.0003 | Global 0.9197 | Local 0.2687 | F1_macro 0.5944 | WorstLoss 1.6143
[Tracker] Ep  460 | AvgR 0.0003 | Global 0.9136 | Local 0.2208 | F1_macro 0.5816 | WorstLoss 1.5610
[Tracker] Saved snapshot: ep0460_phase1_class1
[Tracker] Ep  461 | AvgR 0.0002 | Global 0.8745 | Local 0.1742 | F1_macro 0.5584 | WorstLoss 1.7853
[Tracker] Ep  462 | AvgR 0.0002 | Global 0.8874 | Local 0.1983 | F1_macro 0.5678 | WorstLoss 1.6278
[Tracker] Ep  463 | AvgR 0.0003 | Global 0.9116 | Local 0.2124 | F1_macro 0.6023 | WorstLoss 1.7467
[Tracker] Ep  464 | AvgR 0.0002 | Global 0.8969 | Local 0.2046 | F1_macro 0.5727 | WorstLoss 1.9966
[Tracker] Ep  465 | AvgR 0.0002 | Global 0.9174 | Local 0.1938 | F1_macro 0.5828 | WorstLoss 1.6215
[Tracker] Saved snapshot: ep0465_phase1_class1
[Tracker] Ep  466 | AvgR 0.0003 | Global 0.9292 | Local 0.2060 | F1_macro 0.5978 | WorstLoss 1.5527
[Tracker] Ep  467 | AvgR 0.0003 | Global 0.9267 | Local 0.2035 | F1_macro 0.5952 | WorstLoss 1.4615
[Tracker] Ep  468 | AvgR 0.0003 | Global 0.8965 | Local 0.2308 | F1_macro 0.5597 | WorstLoss 1.9363
[Tracker] Ep  469 | AvgR 0.0003 | Global 0.8805 | Local 0.2666 | F1_macro 0.5732 | WorstLoss 1.5851
[Tracker] Ep  470 | AvgR 0.0002 | Global 0.9235 | Local 0.1858 | F1_macro 0.5962 | WorstLoss 1.5977
[Tracker] Saved snapshot: ep0470_phase1_class1
[Tracker] Ep  471 | AvgR 0.0003 | Global 0.9648 | Local 0.2202 | F1_macro 0.6075 | WorstLoss 1.2582
[Tracker] Ep  472 | AvgR 0.0002 | Global 0.8579 | Local 0.2299 | F1_macro 0.5589 | WorstLoss 1.8720
[Tracker] Ep  473 | AvgR 0.0003 | Global 0.9424 | Local 0.1832 | F1_macro 0.5999 | WorstLoss 2.0494
[Tracker] Ep  474 | AvgR 0.0003 | Global 0.9149 | Local 0.2231 | F1_macro 0.5718 | WorstLoss 1.6944
[Tracker] Ep  475 | AvgR 0.0003 | Global 0.8970 | Local 0.2503 | F1_macro 0.5609 | WorstLoss 1.6932
[Tracker] Saved snapshot: ep0475_phase1_class1
[Tracker] Ep  476 | AvgR 0.0002 | Global 0.9252 | Local 0.1692 | F1_macro 0.6248 | WorstLoss 1.8155
[Tracker] Ep  477 | AvgR 0.0003 | Global 0.9071 | Local 0.2475 | F1_macro 0.5713 | WorstLoss 1.4674
[Tracker] Ep  478 | AvgR 0.0003 | Global 0.8966 | Local 0.2204 | F1_macro 0.5856 | WorstLoss 1.7663
[Tracker] Ep  479 | AvgR 0.0003 | Global 0.9233 | Local 0.2473 | F1_macro 0.5810 | WorstLoss 1.9925
[Tracker] Ep  480 | AvgR 0.0003 | Global 0.9420 | Local 0.1887 | F1_macro 0.6091 | WorstLoss 1.5498
[Tracker] Saved snapshot: ep0480_phase1_class1
[Tracker] Ep  481 | AvgR 0.0003 | Global 0.8906 | Local 0.2748 | F1_macro 0.5621 | WorstLoss 1.4506
[Tracker] Ep  482 | AvgR 0.0002 | Global 0.9008 | Local 0.1293 | F1_macro 0.6082 | WorstLoss 1.7441
[Tracker] Ep  483 | AvgR 0.0002 | Global 0.9106 | Local 0.1726 | F1_macro 0.5841 | WorstLoss 1.6831
[Tracker] Ep  484 | AvgR 0.0003 | Global 0.8910 | Local 0.2505 | F1_macro 0.5766 | WorstLoss 1.6964
[Tracker] Ep  485 | AvgR 0.0003 | Global 0.8918 | Local 0.2427 | F1_macro 0.5491 | WorstLoss 1.5561
[Tracker] Saved snapshot: ep0485_phase1_class1
[Tracker] Ep  486 | AvgR 0.0002 | Global 0.8869 | Local 0.2160 | F1_macro 0.5636 | WorstLoss 1.5430
[Tracker] Ep  487 | AvgR 0.0003 | Global 0.9017 | Local 0.2148 | F1_macro 0.5841 | WorstLoss 2.0047
[Tracker] Ep  488 | AvgR 0.0002 | Global 0.9064 | Local 0.1865 | F1_macro 0.5724 | WorstLoss 1.7225
[Tracker] Ep  489 | AvgR 0.0002 | Global 0.8810 | Local 0.1982 | F1_macro 0.5551 | WorstLoss 2.2456
[Tracker] Ep  490 | AvgR 0.0002 | Global 0.8846 | Local 0.2038 | F1_macro 0.5850 | WorstLoss 1.7747
[Tracker] Saved snapshot: ep0490_phase1_class1
[Tracker] Ep  491 | AvgR 0.0002 | Global 0.9492 | Local 0.1434 | F1_macro 0.6177 | WorstLoss 1.4412
[Tracker] Ep  492 | AvgR 0.0003 | Global 0.8769 | Local 0.2402 | F1_macro 0.5851 | WorstLoss 2.3425
[Tracker] Ep  493 | AvgR 0.0003 | Global 0.8994 | Local 0.2784 | F1_macro 0.5723 | WorstLoss 1.4408
[Tracker] Ep  494 | AvgR 0.0003 | Global 0.8961 | Local 0.2349 | F1_macro 0.5746 | WorstLoss 1.5414
[Tracker] Ep  495 | AvgR 0.0003 | Global 0.9249 | Local 0.2224 | F1_macro 0.5952 | WorstLoss 1.7059
[Tracker] Saved snapshot: ep0495_phase1_class1
[Tracker] Ep  496 | AvgR 0.0003 | Global 0.8998 | Local 0.2392 | F1_macro 0.5539 | WorstLoss 1.6009
[Tracker] Ep  497 | AvgR 0.0003 | Global 0.9212 | Local 0.2561 | F1_macro 0.5775 | WorstLoss 1.6654
[Tracker] Ep  498 | AvgR 0.0003 | Global 0.9253 | Local 0.2150 | F1_macro 0.5802 | WorstLoss 1.4807
[Tracker] Ep  499 | AvgR 0.0003 | Global 0.9282 | Local 0.1995 | F1_macro 0.5807 | WorstLoss 1.8953
[Tracker] Ep  500 | AvgR 0.0003 | Global 0.9328 | Local 0.2417 | F1_macro 0.5927 | WorstLoss 1.2861
[Tracker] Saved snapshot: ep0500_phase1_class1
[Tracker] Ep  501 | AvgR 0.0003 | Global 0.9237 | Local 0.2074 | F1_macro 0.5904 | WorstLoss 1.5958
[Tracker] Ep  502 | AvgR 0.0003 | Global 0.9610 | Local 0.1696 | F1_macro 0.6132 | WorstLoss 1.4490
[Tracker] Ep  503 | AvgR 0.0003 | Global 0.8816 | Local 0.2448 | F1_macro 0.5789 | WorstLoss 2.0391
[Tracker] Ep  504 | AvgR 0.0002 | Global 0.8988 | Local 0.1887 | F1_macro 0.5842 | WorstLoss 1.7569
[Tracker] Ep  505 | AvgR 0.0003 | Global 0.9192 | Local 0.2010 | F1_macro 0.5979 | WorstLoss 1.6438
[Tracker] Saved snapshot: ep0505_phase1_class1
[Tracker] Ep  506 | AvgR 0.0002 | Global 0.9046 | Local 0.1839 | F1_macro 0.5884 | WorstLoss 1.6579
[Tracker] Ep  507 | AvgR 0.0003 | Global 0.9272 | Local 0.1854 | F1_macro 0.5793 | WorstLoss 1.6420
[Tracker] Ep  508 | AvgR 0.0003 | Global 0.9002 | Local 0.2221 | F1_macro 0.5971 | WorstLoss 2.1176
[Tracker] Ep  509 | AvgR 0.0003 | Global 0.9182 | Local 0.2376 | F1_macro 0.5871 | WorstLoss 2.2956
[Tracker] Ep  510 | AvgR 0.0002 | Global 0.8669 | Local 0.2123 | F1_macro 0.5673 | WorstLoss 1.8404
[Tracker] Saved snapshot: ep0510_phase1_class1
[Tracker] Ep  511 | AvgR 0.0003 | Global 0.9239 | Local 0.2650 | F1_macro 0.5742 | WorstLoss 1.6338
[Tracker] Ep  512 | AvgR 0.0003 | Global 0.8873 | Local 0.2351 | F1_macro 0.5873 | WorstLoss 1.5943
[Tracker] Ep  513 | AvgR 0.0003 | Global 0.9391 | Local 0.1998 | F1_macro 0.5875 | WorstLoss 1.5233
[Tracker] Ep  514 | AvgR 0.0003 | Global 0.9152 | Local 0.1980 | F1_macro 0.5798 | WorstLoss 1.7429
[Tracker] Ep  515 | AvgR 0.0003 | Global 0.9223 | Local 0.2557 | F1_macro 0.5878 | WorstLoss 1.7788
[Tracker] Saved snapshot: ep0515_phase1_class1
[Tracker] Ep  516 | AvgR 0.0003 | Global 0.9337 | Local 0.1916 | F1_macro 0.5823 | WorstLoss 1.6569
[Tracker] Ep  517 | AvgR 0.0003 | Global 0.9035 | Local 0.2097 | F1_macro 0.5741 | WorstLoss 1.8040
[Tracker] Ep  518 | AvgR 0.0002 | Global 0.8853 | Local 0.2060 | F1_macro 0.5481 | WorstLoss 1.7936
[Tracker] Ep  519 | AvgR 0.0002 | Global 0.9046 | Local 0.1793 | F1_macro 0.5839 | WorstLoss 1.4362
[Tracker] Ep  520 | AvgR 0.0002 | Global 0.8791 | Local 0.1809 | F1_macro 0.5757 | WorstLoss 2.0430
[Tracker] Saved snapshot: ep0520_phase1_class1
[Tracker] Ep  521 | AvgR 0.0003 | Global 0.9199 | Local 0.1890 | F1_macro 0.5867 | WorstLoss 1.5485
[Tracker] Ep  522 | AvgR 0.0003 | Global 0.9274 | Local 0.2368 | F1_macro 0.5880 | WorstLoss 1.5391
[Tracker] Ep  523 | AvgR 0.0003 | Global 0.9021 | Local 0.2049 | F1_macro 0.5747 | WorstLoss 1.6534
[Tracker] Ep  524 | AvgR 0.0003 | Global 0.8873 | Local 0.2608 | F1_macro 0.5766 | WorstLoss 2.0001
[Tracker] Ep  525 | AvgR 0.0003 | Global 0.9473 | Local 0.1792 | F1_macro 0.6127 | WorstLoss 1.5389
[Tracker] Saved snapshot: ep0525_phase1_class1
[Tracker] Ep  526 | AvgR 0.0003 | Global 0.8864 | Local 0.2378 | F1_macro 0.5491 | WorstLoss 1.5858
[Tracker] Ep  527 | AvgR 0.0003 | Global 0.9525 | Local 0.2056 | F1_macro 0.6127 | WorstLoss 1.5078
[Tracker] Ep  528 | AvgR 0.0003 | Global 0.9325 | Local 0.2188 | F1_macro 0.5893 | WorstLoss 1.6141
[Tracker] Ep  529 | AvgR 0.0003 | Global 0.9411 | Local 0.2231 | F1_macro 0.5914 | WorstLoss 1.5863
[Tracker] Ep  530 | AvgR 0.0002 | Global 0.9357 | Local 0.1640 | F1_macro 0.5889 | WorstLoss 1.9724
[Tracker] Saved snapshot: ep0530_phase1_class1
[Tracker] Ep  531 | AvgR 0.0003 | Global 0.8935 | Local 0.2027 | F1_macro 0.5652 | WorstLoss 1.6899
[Tracker] Ep  532 | AvgR 0.0003 | Global 0.9074 | Local 0.2235 | F1_macro 0.5824 | WorstLoss 1.7449
[Tracker] Ep  533 | AvgR 0.0003 | Global 0.9068 | Local 0.2070 | F1_macro 0.5847 | WorstLoss 1.6254
[Tracker] Ep  534 | AvgR 0.0003 | Global 0.9104 | Local 0.2013 | F1_macro 0.5907 | WorstLoss 2.0679
[Tracker] Ep  535 | AvgR 0.0003 | Global 0.9368 | Local 0.1833 | F1_macro 0.6187 | WorstLoss 1.5659
[Tracker] Saved snapshot: ep0535_phase1_class1
[Tracker] Ep  536 | AvgR 0.0003 | Global 0.9509 | Local 0.2228 | F1_macro 0.6052 | WorstLoss 1.6026
[Tracker] Ep  537 | AvgR 0.0003 | Global 0.8969 | Local 0.2821 | F1_macro 0.5740 | WorstLoss 1.7766
[Tracker] Ep  538 | AvgR 0.0003 | Global 0.9019 | Local 0.1912 | F1_macro 0.5673 | WorstLoss 1.5070
[Tracker] Ep  539 | AvgR 0.0003 | Global 0.8867 | Local 0.2420 | F1_macro 0.5554 | WorstLoss 1.5602
[Tracker] Ep  540 | AvgR 0.0003 | Global 0.9318 | Local 0.2046 | F1_macro 0.6035 | WorstLoss 1.6264
[Tracker] Saved snapshot: ep0540_phase1_class1
[Tracker] Ep  541 | AvgR 0.0003 | Global 0.8956 | Local 0.2449 | F1_macro 0.5851 | WorstLoss 1.6848
[Tracker] Ep  542 | AvgR 0.0003 | Global 0.8922 | Local 0.2501 | F1_macro 0.5758 | WorstLoss 1.8681
[Tracker] Ep  543 | AvgR 0.0003 | Global 0.9052 | Local 0.2017 | F1_macro 0.5919 | WorstLoss 1.7546
[Tracker] Ep  544 | AvgR 0.0003 | Global 0.9311 | Local 0.2587 | F1_macro 0.6045 | WorstLoss 1.7692
[Tracker] Ep  545 | AvgR 0.0003 | Global 0.9060 | Local 0.2215 | F1_macro 0.5854 | WorstLoss 1.6853
[Tracker] Saved snapshot: ep0545_phase1_class1
[Tracker] Ep  546 | AvgR 0.0003 | Global 0.8817 | Local 0.2792 | F1_macro 0.5695 | WorstLoss 1.5840
[Tracker] Ep  547 | AvgR 0.0003 | Global 0.9426 | Local 0.2054 | F1_macro 0.6031 | WorstLoss 1.4458
[Tracker] Ep  548 | AvgR 0.0003 | Global 0.9483 | Local 0.1657 | F1_macro 0.6021 | WorstLoss 1.5666
[Tracker] Ep  549 | AvgR 0.0003 | Global 0.9007 | Local 0.2470 | F1_macro 0.5803 | WorstLoss 1.5196
[Tracker] Ep  550 | AvgR 0.0003 | Global 0.8981 | Local 0.1923 | F1_macro 0.5851 | WorstLoss 1.7983
[Tracker] Saved snapshot: ep0550_phase1_class1
[Tracker] Ep  551 | AvgR 0.0002 | Global 0.9125 | Local 0.1701 | F1_macro 0.5823 | WorstLoss 2.0062
[Tracker] Ep  552 | AvgR 0.0002 | Global 0.9106 | Local 0.1738 | F1_macro 0.5955 | WorstLoss 1.6015
[Tracker] Ep  553 | AvgR 0.0003 | Global 0.8802 | Local 0.3015 | F1_macro 0.5513 | WorstLoss 2.1534
[Tracker] Ep  554 | AvgR 0.0003 | Global 0.8966 | Local 0.2346 | F1_macro 0.5665 | WorstLoss 1.5991
[Tracker] Ep  555 | AvgR 0.0002 | Global 0.8745 | Local 0.1832 | F1_macro 0.5865 | WorstLoss 1.8505
[Tracker] Saved snapshot: ep0555_phase1_class1
[Tracker] Ep  556 | AvgR 0.0003 | Global 0.9033 | Local 0.2148 | F1_macro 0.5952 | WorstLoss 2.0093
[Tracker] Ep  557 | AvgR 0.0003 | Global 0.9068 | Local 0.2049 | F1_macro 0.5708 | WorstLoss 1.6919
[Tracker] Ep  558 | AvgR 0.0003 | Global 0.8839 | Local 0.2023 | F1_macro 0.5879 | WorstLoss 2.0798
[Tracker] Ep  559 | AvgR 0.0003 | Global 0.8948 | Local 0.2159 | F1_macro 0.5904 | WorstLoss 1.9814
[Tracker] Ep  560 | AvgR 0.0003 | Global 0.8966 | Local 0.2181 | F1_macro 0.5936 | WorstLoss 1.7470
[Tracker] Saved snapshot: ep0560_phase1_class1
[Tracker] Ep  561 | AvgR 0.0003 | Global 0.9139 | Local 0.1916 | F1_macro 0.5825 | WorstLoss 1.6663
[Tracker] Ep  562 | AvgR 0.0003 | Global 0.9000 | Local 0.2333 | F1_macro 0.5821 | WorstLoss 1.5463
[Tracker] Ep  563 | AvgR 0.0003 | Global 0.8913 | Local 0.2608 | F1_macro 0.5459 | WorstLoss 1.8052
[Tracker] Ep  564 | AvgR 0.0003 | Global 0.9035 | Local 0.2106 | F1_macro 0.5966 | WorstLoss 1.7538
[Tracker] Ep  565 | AvgR 0.0003 | Global 0.9339 | Local 0.1777 | F1_macro 0.5889 | WorstLoss 1.6807
[Tracker] Saved snapshot: ep0565_phase1_class1
[Tracker] Ep  566 | AvgR 0.0003 | Global 0.9085 | Local 0.2731 | F1_macro 0.5822 | WorstLoss 1.5142
[Tracker] Ep  567 | AvgR 0.0003 | Global 0.9058 | Local 0.2649 | F1_macro 0.5644 | WorstLoss 1.4793
[Tracker] Ep  568 | AvgR 0.0003 | Global 0.9369 | Local 0.2388 | F1_macro 0.5905 | WorstLoss 1.3781
[Tracker] Ep  569 | AvgR 0.0003 | Global 0.9029 | Local 0.2740 | F1_macro 0.5732 | WorstLoss 1.6052
[Tracker] Ep  570 | AvgR 0.0003 | Global 0.8759 | Local 0.2403 | F1_macro 0.5539 | WorstLoss 1.5156
[Tracker] Saved snapshot: ep0570_phase1_class1
[Tracker] Ep  571 | AvgR 0.0003 | Global 0.8662 | Local 0.2745 | F1_macro 0.5586 | WorstLoss 1.5209
[Tracker] Ep  572 | AvgR 0.0003 | Global 0.8681 | Local 0.2257 | F1_macro 0.5500 | WorstLoss 1.7424
[Tracker] Ep  573 | AvgR 0.0003 | Global 0.9279 | Local 0.1764 | F1_macro 0.5838 | WorstLoss 1.6166
[Tracker] Ep  574 | AvgR 0.0003 | Global 0.9009 | Local 0.3140 | F1_macro 0.5752 | WorstLoss 1.6217
[Tracker] Ep  575 | AvgR 0.0003 | Global 0.9041 | Local 0.2213 | F1_macro 0.5738 | WorstLoss 1.4541
[Tracker] Saved snapshot: ep0575_phase1_class1
[Tracker] Ep  576 | AvgR 0.0003 | Global 0.9505 | Local 0.2077 | F1_macro 0.6071 | WorstLoss 1.8002
[Tracker] Ep  577 | AvgR 0.0003 | Global 0.9386 | Local 0.1783 | F1_macro 0.6279 | WorstLoss 1.6871
[Tracker] Ep  578 | AvgR 0.0002 | Global 0.8610 | Local 0.2108 | F1_macro 0.5517 | WorstLoss 1.9458
[Tracker] Ep  579 | AvgR 0.0003 | Global 0.9132 | Local 0.2136 | F1_macro 0.5712 | WorstLoss 1.5106
[Tracker] Ep  580 | AvgR 0.0003 | Global 0.8823 | Local 0.2431 | F1_macro 0.5718 | WorstLoss 1.6647
[Tracker] Saved snapshot: ep0580_phase1_class1
[Tracker] Ep  581 | AvgR 0.0003 | Global 0.9121 | Local 0.2182 | F1_macro 0.6029 | WorstLoss 1.6437
[Tracker] Ep  582 | AvgR 0.0003 | Global 0.8993 | Local 0.2250 | F1_macro 0.5635 | WorstLoss 1.6203
[Tracker] Ep  583 | AvgR 0.0003 | Global 0.8871 | Local 0.2926 | F1_macro 0.5789 | WorstLoss 1.4717
[Tracker] Ep  584 | AvgR 0.0003 | Global 0.9053 | Local 0.2392 | F1_macro 0.5985 | WorstLoss 1.5047
[Tracker] Ep  585 | AvgR 0.0003 | Global 0.9130 | Local 0.2365 | F1_macro 0.5763 | WorstLoss 1.6136
[Tracker] Saved snapshot: ep0585_phase1_class1
[Tracker] Ep  586 | AvgR 0.0003 | Global 0.9185 | Local 0.2194 | F1_macro 0.5893 | WorstLoss 1.6604
[Tracker] Ep  587 | AvgR 0.0003 | Global 0.9300 | Local 0.3059 | F1_macro 0.5886 | WorstLoss 1.2153
[Tracker] Ep  588 | AvgR 0.0003 | Global 0.8780 | Local 0.2887 | F1_macro 0.5694 | WorstLoss 1.7163
[Tracker] Ep  589 | AvgR 0.0003 | Global 0.8902 | Local 0.2418 | F1_macro 0.5740 | WorstLoss 1.5412
[Tracker] Ep  590 | AvgR 0.0003 | Global 0.9522 | Local 0.1864 | F1_macro 0.6194 | WorstLoss 1.7734
[Tracker] Saved snapshot: ep0590_phase1_class1
[Tracker] Ep  591 | AvgR 0.0003 | Global 0.9258 | Local 0.2564 | F1_macro 0.5857 | WorstLoss 1.5882
[Tracker] Ep  592 | AvgR 0.0003 | Global 0.9000 | Local 0.2330 | F1_macro 0.5639 | WorstLoss 2.0674
[Tracker] Ep  593 | AvgR 0.0003 | Global 0.9048 | Local 0.2121 | F1_macro 0.5798 | WorstLoss 1.7168
[Tracker] Ep  594 | AvgR 0.0003 | Global 0.9106 | Local 0.2184 | F1_macro 0.5849 | WorstLoss 1.8997
[Tracker] Ep  595 | AvgR 0.0003 | Global 0.9161 | Local 0.2413 | F1_macro 0.5692 | WorstLoss 1.4518
[Tracker] Saved snapshot: ep0595_phase1_class1
[Tracker] Ep  596 | AvgR 0.0003 | Global 0.8821 | Local 0.2458 | F1_macro 0.5577 | WorstLoss 1.5710
[Tracker] Ep  597 | AvgR 0.0003 | Global 0.8764 | Local 0.2509 | F1_macro 0.5725 | WorstLoss 1.6558
[Tracker] Ep  598 | AvgR 0.0003 | Global 0.9181 | Local 0.2130 | F1_macro 0.5728 | WorstLoss 1.4568
[Tracker] Ep  599 | AvgR 0.0003 | Global 0.9169 | Local 0.1858 | F1_macro 0.6056 | WorstLoss 1.8495
[Tracker] Ep  600 | AvgR 0.0003 | Global 0.9014 | Local 0.2583 | F1_macro 0.5680 | WorstLoss 1.5092
[Tracker] Saved snapshot: ep0600_phase1_class1
[Tracker] Ep  601 | AvgR 0.0003 | Global 0.9350 | Local 0.2247 | F1_macro 0.6024 | WorstLoss 1.4454
[Tracker] Ep  602 | AvgR 0.0003 | Global 0.8968 | Local 0.1919 | F1_macro 0.5817 | WorstLoss 1.6204
[Tracker] Ep  603 | AvgR 0.0003 | Global 0.9325 | Local 0.2326 | F1_macro 0.5760 | WorstLoss 1.3658
[Tracker] Ep  604 | AvgR 0.0003 | Global 0.8891 | Local 0.2817 | F1_macro 0.5709 | WorstLoss 1.6737
[Tracker] Ep  605 | AvgR 0.0003 | Global 0.8735 | Local 0.2243 | F1_macro 0.5864 | WorstLoss 1.7269
[Tracker] Saved snapshot: ep0605_phase1_class1
[Tracker] Ep  606 | AvgR 0.0003 | Global 0.9031 | Local 0.2545 | F1_macro 0.5869 | WorstLoss 1.6077
[Tracker] Ep  607 | AvgR 0.0003 | Global 0.9038 | Local 0.3078 | F1_macro 0.5936 | WorstLoss 1.7724
[Tracker] Ep  608 | AvgR 0.0003 | Global 0.9106 | Local 0.2700 | F1_macro 0.5839 | WorstLoss 1.6560
[Tracker] Ep  609 | AvgR 0.0003 | Global 0.9157 | Local 0.2393 | F1_macro 0.5689 | WorstLoss 1.5382
[Tracker] Ep  610 | AvgR 0.0002 | Global 0.8804 | Local 0.1839 | F1_macro 0.5549 | WorstLoss 1.5706
[Tracker] Saved snapshot: ep0610_phase1_class1
[Tracker] Ep  611 | AvgR 0.0003 | Global 0.8905 | Local 0.2741 | F1_macro 0.5705 | WorstLoss 1.7857
[Tracker] Ep  612 | AvgR 0.0003 | Global 0.8940 | Local 0.1900 | F1_macro 0.5854 | WorstLoss 1.7442
[Tracker] Ep  613 | AvgR 0.0003 | Global 0.9309 | Local 0.1864 | F1_macro 0.5837 | WorstLoss 1.3597
[Tracker] Ep  614 | AvgR 0.0003 | Global 0.9231 | Local 0.2022 | F1_macro 0.6115 | WorstLoss 1.6557
[Tracker] Ep  615 | AvgR 0.0003 | Global 0.9338 | Local 0.2257 | F1_macro 0.5886 | WorstLoss 1.6482
[Tracker] Saved snapshot: ep0615_phase1_class1
[Tracker] Ep  616 | AvgR 0.0003 | Global 0.9035 | Local 0.2387 | F1_macro 0.5752 | WorstLoss 1.5817
[Tracker] Ep  617 | AvgR 0.0003 | Global 0.9092 | Local 0.2148 | F1_macro 0.5920 | WorstLoss 1.6571
[Tracker] Ep  618 | AvgR 0.0003 | Global 0.9145 | Local 0.2555 | F1_macro 0.5743 | WorstLoss 1.5064
[Tracker] Ep  619 | AvgR 0.0003 | Global 0.8917 | Local 0.2171 | F1_macro 0.5558 | WorstLoss 1.5589
[Tracker] Ep  620 | AvgR 0.0003 | Global 0.9276 | Local 0.2084 | F1_macro 0.6108 | WorstLoss 1.5361
[Tracker] Saved snapshot: ep0620_phase1_class1
[Tracker] Ep  621 | AvgR 0.0003 | Global 0.9131 | Local 0.2239 | F1_macro 0.5878 | WorstLoss 1.6658
[Tracker] Ep  622 | AvgR 0.0003 | Global 0.9160 | Local 0.2331 | F1_macro 0.5711 | WorstLoss 1.3013
[Tracker] Ep  623 | AvgR 0.0003 | Global 0.9454 | Local 0.1595 | F1_macro 0.6067 | WorstLoss 1.4087
[Tracker] Ep  624 | AvgR 0.0003 | Global 0.9011 | Local 0.3334 | F1_macro 0.5649 | WorstLoss 1.5223
[Tracker] Ep  625 | AvgR 0.0003 | Global 0.8973 | Local 0.2414 | F1_macro 0.5813 | WorstLoss 1.6486
[Tracker] Saved snapshot: ep0625_phase1_class1
[Tracker] Ep  626 | AvgR 0.0003 | Global 0.9195 | Local 0.2338 | F1_macro 0.5968 | WorstLoss 1.4939
[Tracker] Ep  627 | AvgR 0.0003 | Global 0.9341 | Local 0.2354 | F1_macro 0.5894 | WorstLoss 1.4773
[Tracker] Ep  628 | AvgR 0.0003 | Global 0.9051 | Local 0.2103 | F1_macro 0.5714 | WorstLoss 1.8228
[Tracker] Ep  629 | AvgR 0.0003 | Global 0.8886 | Local 0.2743 | F1_macro 0.5621 | WorstLoss 1.5919
[Tracker] Ep  630 | AvgR 0.0003 | Global 0.9436 | Local 0.2061 | F1_macro 0.5842 | WorstLoss 1.7705
[Tracker] Saved snapshot: ep0630_phase1_class1
[Tracker] Ep  631 | AvgR 0.0003 | Global 0.9269 | Local 0.2186 | F1_macro 0.5989 | WorstLoss 1.6364
[Tracker] Ep  632 | AvgR 0.0003 | Global 0.9086 | Local 0.2724 | F1_macro 0.5791 | WorstLoss 1.5600
[Tracker] Ep  633 | AvgR 0.0003 | Global 0.8988 | Local 0.1965 | F1_macro 0.5940 | WorstLoss 1.6557
[Tracker] Ep  634 | AvgR 0.0003 | Global 0.8647 | Local 0.2431 | F1_macro 0.5862 | WorstLoss 1.6486
[Tracker] Ep  635 | AvgR 0.0003 | Global 0.9408 | Local 0.2278 | F1_macro 0.6097 | WorstLoss 1.4817
[Tracker] Saved snapshot: ep0635_phase1_class1
[Tracker] Ep  636 | AvgR 0.0003 | Global 0.8830 | Local 0.1984 | F1_macro 0.5658 | WorstLoss 1.6429
[Tracker] Ep  637 | AvgR 0.0003 | Global 0.9193 | Local 0.2363 | F1_macro 0.5980 | WorstLoss 2.2062
[Tracker] Ep  638 | AvgR 0.0003 | Global 0.9126 | Local 0.2322 | F1_macro 0.5670 | WorstLoss 1.4873
[Tracker] Ep  639 | AvgR 0.0003 | Global 0.9326 | Local 0.2028 | F1_macro 0.5777 | WorstLoss 1.6360
[Tracker] Ep  640 | AvgR 0.0003 | Global 0.9064 | Local 0.2533 | F1_macro 0.5629 | WorstLoss 1.4781
[Tracker] Saved snapshot: ep0640_phase1_class1
[Tracker] Ep  641 | AvgR 0.0003 | Global 0.9303 | Local 0.2063 | F1_macro 0.5913 | WorstLoss 1.8995
[Tracker] Ep  642 | AvgR 0.0003 | Global 0.9081 | Local 0.2383 | F1_macro 0.5806 | WorstLoss 1.6363
[Tracker] Ep  643 | AvgR 0.0003 | Global 0.9368 | Local 0.2499 | F1_macro 0.5800 | WorstLoss 1.3993
[Tracker] Ep  644 | AvgR 0.0003 | Global 0.8808 | Local 0.2401 | F1_macro 0.5672 | WorstLoss 1.7124
[Tracker] Ep  645 | AvgR 0.0003 | Global 0.9255 | Local 0.2191 | F1_macro 0.5879 | WorstLoss 1.4232
[Tracker] Saved snapshot: ep0645_phase1_class1
[Tracker] Ep  646 | AvgR 0.0003 | Global 0.8767 | Local 0.2841 | F1_macro 0.5663 | WorstLoss 1.7967
[Tracker] Ep  647 | AvgR 0.0002 | Global 0.8408 | Local 0.2058 | F1_macro 0.5725 | WorstLoss 1.6673
[Tracker] Ep  648 | AvgR 0.0003 | Global 0.8914 | Local 0.2087 | F1_macro 0.5730 | WorstLoss 1.6301
[Tracker] Ep  649 | AvgR 0.0003 | Global 0.9203 | Local 0.2337 | F1_macro 0.5803 | WorstLoss 1.3659
[Tracker] Ep  650 | AvgR 0.0003 | Global 0.8978 | Local 0.2352 | F1_macro 0.5835 | WorstLoss 1.8878
[Tracker] Saved snapshot: ep0650_phase1_class1
[Tracker] Ep  651 | AvgR 0.0003 | Global 0.9038 | Local 0.2358 | F1_macro 0.5891 | WorstLoss 1.5211
[Tracker] Ep  652 | AvgR 0.0003 | Global 0.9012 | Local 0.2561 | F1_macro 0.5932 | WorstLoss 1.6056
[Tracker] Ep  653 | AvgR 0.0003 | Global 0.9102 | Local 0.1815 | F1_macro 0.5909 | WorstLoss 1.8087
[Tracker] Ep  654 | AvgR 0.0003 | Global 0.9049 | Local 0.2398 | F1_macro 0.5705 | WorstLoss 1.7136
[Tracker] Ep  655 | AvgR 0.0003 | Global 0.8924 | Local 0.2969 | F1_macro 0.5471 | WorstLoss 1.8748
[Tracker] Saved snapshot: ep0655_phase1_class1
[Tracker] Ep  656 | AvgR 0.0003 | Global 0.9128 | Local 0.1923 | F1_macro 0.5783 | WorstLoss 1.7926
[Tracker] Ep  657 | AvgR 0.0003 | Global 0.9040 | Local 0.2057 | F1_macro 0.5704 | WorstLoss 1.6597
[Tracker] Ep  658 | AvgR 0.0003 | Global 0.9090 | Local 0.2134 | F1_macro 0.5752 | WorstLoss 1.4206
[Tracker] Ep  659 | AvgR 0.0003 | Global 0.9056 | Local 0.2989 | F1_macro 0.5715 | WorstLoss 1.4877
[Tracker] Ep  660 | AvgR 0.0003 | Global 0.8993 | Local 0.2031 | F1_macro 0.5837 | WorstLoss 1.4428
[Tracker] Saved snapshot: ep0660_phase1_class1
[Tracker] Ep  661 | AvgR 0.0003 | Global 0.9078 | Local 0.2573 | F1_macro 0.5739 | WorstLoss 1.3433
[Tracker] Ep  662 | AvgR 0.0003 | Global 0.8807 | Local 0.2478 | F1_macro 0.5596 | WorstLoss 1.7224
[Tracker] Ep  663 | AvgR 0.0003 | Global 0.8768 | Local 0.2306 | F1_macro 0.5501 | WorstLoss 1.7476
[Tracker] Ep  664 | AvgR 0.0003 | Global 0.9235 | Local 0.1881 | F1_macro 0.5838 | WorstLoss 1.3860
[Tracker] Ep  665 | AvgR 0.0003 | Global 0.9122 | Local 0.2555 | F1_macro 0.5768 | WorstLoss 1.9471
[Tracker] Saved snapshot: ep0665_phase1_class1
[Tracker] Ep  666 | AvgR 0.0003 | Global 0.9206 | Local 0.2138 | F1_macro 0.5808 | WorstLoss 1.5946
[Tracker] Ep  667 | AvgR 0.0003 | Global 0.9631 | Local 0.1763 | F1_macro 0.6063 | WorstLoss 1.4570
[Tracker] Ep  668 | AvgR 0.0003 | Global 0.9177 | Local 0.1775 | F1_macro 0.5732 | WorstLoss 1.5899
[Tracker] Ep  669 | AvgR 0.0003 | Global 0.9329 | Local 0.2590 | F1_macro 0.5860 | WorstLoss 1.5835
[Tracker] Ep  670 | AvgR 0.0003 | Global 0.8693 | Local 0.2207 | F1_macro 0.5639 | WorstLoss 1.7988
[Tracker] Saved snapshot: ep0670_phase1_class1
[Tracker] Ep  671 | AvgR 0.0003 | Global 0.8875 | Local 0.2059 | F1_macro 0.6008 | WorstLoss 1.4882
[Tracker] Ep  672 | AvgR 0.0003 | Global 0.9494 | Local 0.1596 | F1_macro 0.6012 | WorstLoss 1.5280
[Tracker] Ep  673 | AvgR 0.0003 | Global 0.8940 | Local 0.2697 | F1_macro 0.5503 | WorstLoss 1.5914
[Tracker] Ep  674 | AvgR 0.0003 | Global 0.9272 | Local 0.2593 | F1_macro 0.6164 | WorstLoss 1.5206
[Tracker] Ep  675 | AvgR 0.0003 | Global 0.8925 | Local 0.2139 | F1_macro 0.5821 | WorstLoss 1.6050
[Tracker] Saved snapshot: ep0675_phase1_class1
[Tracker] Ep  676 | AvgR 0.0003 | Global 0.9128 | Local 0.3208 | F1_macro 0.5739 | WorstLoss 1.4901
[Tracker] Ep  677 | AvgR 0.0003 | Global 0.8696 | Local 0.2434 | F1_macro 0.5730 | WorstLoss 1.6407
[Tracker] Ep  678 | AvgR 0.0003 | Global 0.9139 | Local 0.2365 | F1_macro 0.5844 | WorstLoss 1.7292
[Tracker] Ep  679 | AvgR 0.0003 | Global 0.9073 | Local 0.2670 | F1_macro 0.5903 | WorstLoss 1.3330
[Tracker] Ep  680 | AvgR 0.0003 | Global 0.9394 | Local 0.2097 | F1_macro 0.5681 | WorstLoss 1.7112
[Tracker] Saved snapshot: ep0680_phase1_class1
[Tracker] Ep  681 | AvgR 0.0003 | Global 0.8875 | Local 0.2177 | F1_macro 0.5860 | WorstLoss 1.6043
[Tracker] Ep  682 | AvgR 0.0003 | Global 0.8864 | Local 0.2115 | F1_macro 0.5869 | WorstLoss 2.3135
[Tracker] Ep  683 | AvgR 0.0003 | Global 0.9078 | Local 0.2050 | F1_macro 0.5750 | WorstLoss 1.6366
[Tracker] Ep  684 | AvgR 0.0003 | Global 0.9266 | Local 0.2687 | F1_macro 0.5951 | WorstLoss 1.3463
[Tracker] Ep  685 | AvgR 0.0003 | Global 0.9313 | Local 0.1789 | F1_macro 0.5958 | WorstLoss 2.0038
[Tracker] Saved snapshot: ep0685_phase1_class1
[Tracker] Ep  686 | AvgR 0.0003 | Global 0.8934 | Local 0.2812 | F1_macro 0.5871 | WorstLoss 2.0329
[Tracker] Ep  687 | AvgR 0.0003 | Global 0.9251 | Local 0.1689 | F1_macro 0.5916 | WorstLoss 1.5230
[Tracker] Ep  688 | AvgR 0.0003 | Global 0.9234 | Local 0.2202 | F1_macro 0.5867 | WorstLoss 1.5642
[Tracker] Ep  689 | AvgR 0.0003 | Global 0.9308 | Local 0.2473 | F1_macro 0.5920 | WorstLoss 1.4453
[Tracker] Ep  690 | AvgR 0.0003 | Global 0.9384 | Local 0.2154 | F1_macro 0.5819 | WorstLoss 1.5966
[Tracker] Saved snapshot: ep0690_phase1_class1
[Tracker] Ep  691 | AvgR 0.0003 | Global 0.8850 | Local 0.2170 | F1_macro 0.5666 | WorstLoss 2.0551
[Tracker] Ep  692 | AvgR 0.0003 | Global 0.9302 | Local 0.2170 | F1_macro 0.5824 | WorstLoss 1.5124
[Tracker] Ep  693 | AvgR 0.0003 | Global 0.9322 | Local 0.1721 | F1_macro 0.6013 | WorstLoss 1.5704
[Tracker] Ep  694 | AvgR 0.0003 | Global 0.8976 | Local 0.2381 | F1_macro 0.5620 | WorstLoss 2.1174
[Tracker] Ep  695 | AvgR 0.0003 | Global 0.9464 | Local 0.2009 | F1_macro 0.5996 | WorstLoss 1.9645
[Tracker] Saved snapshot: ep0695_phase1_class1
[Tracker] Ep  696 | AvgR 0.0003 | Global 0.8938 | Local 0.2070 | F1_macro 0.5671 | WorstLoss 2.1779
[Tracker] Ep  697 | AvgR 0.0003 | Global 0.9304 | Local 0.2415 | F1_macro 0.5995 | WorstLoss 1.4587
[Tracker] Ep  698 | AvgR 0.0003 | Global 0.9289 | Local 0.2687 | F1_macro 0.5849 | WorstLoss 1.5149
[Tracker] Ep  699 | AvgR 0.0003 | Global 0.9258 | Local 0.2425 | F1_macro 0.6129 | WorstLoss 1.4373
[Tracker] Ep  700 | AvgR 0.0003 | Global 0.9221 | Local 0.2309 | F1_macro 0.5837 | WorstLoss 1.7161
[Tracker] Saved snapshot: ep0700_phase1_class1
[Tracker] Ep  701 | AvgR 0.0003 | Global 0.8949 | Local 0.2424 | F1_macro 0.5680 | WorstLoss 2.1508
[Tracker] Ep  702 | AvgR 0.0003 | Global 0.9064 | Local 0.2295 | F1_macro 0.5672 | WorstLoss 1.4599
[Tracker] Ep  703 | AvgR 0.0003 | Global 0.9611 | Local 0.1988 | F1_macro 0.5949 | WorstLoss 1.6348
[Tracker] Ep  704 | AvgR 0.0003 | Global 0.9331 | Local 0.2265 | F1_macro 0.5834 | WorstLoss 1.7818
[Tracker] Ep  705 | AvgR 0.0003 | Global 0.9057 | Local 0.2249 | F1_macro 0.5703 | WorstLoss 2.1290
[Tracker] Saved snapshot: ep0705_phase1_class1
[Tracker] Ep  706 | AvgR 0.0003 | Global 0.9071 | Local 0.2411 | F1_macro 0.5861 | WorstLoss 2.1079
[Tracker] Ep  707 | AvgR 0.0003 | Global 0.8845 | Local 0.2398 | F1_macro 0.5614 | WorstLoss 1.6228
[Tracker] Ep  708 | AvgR 0.0003 | Global 0.9403 | Local 0.2025 | F1_macro 0.6037 | WorstLoss 1.6373
[Tracker] Ep  709 | AvgR 0.0003 | Global 0.9488 | Local 0.1773 | F1_macro 0.5828 | WorstLoss 1.6639
[Tracker] Ep  710 | AvgR 0.0003 | Global 0.9272 | Local 0.2155 | F1_macro 0.5823 | WorstLoss 1.5641
[Tracker] Saved snapshot: ep0710_phase1_class1
[Tracker] Ep  711 | AvgR 0.0003 | Global 0.8763 | Local 0.2818 | F1_macro 0.5588 | WorstLoss 1.6474
[Tracker] Ep  712 | AvgR 0.0003 | Global 0.9291 | Local 0.1661 | F1_macro 0.5880 | WorstLoss 1.6801
[Tracker] Ep  713 | AvgR 0.0003 | Global 0.9610 | Local 0.2133 | F1_macro 0.6109 | WorstLoss 1.8292
[Tracker] Ep  714 | AvgR 0.0003 | Global 0.9307 | Local 0.2116 | F1_macro 0.5615 | WorstLoss 1.6659
[Tracker] Ep  715 | AvgR 0.0003 | Global 0.9422 | Local 0.2178 | F1_macro 0.5955 | WorstLoss 2.0323
[Tracker] Saved snapshot: ep0715_phase1_class1
[Tracker] Ep  716 | AvgR 0.0003 | Global 0.9159 | Local 0.2114 | F1_macro 0.5909 | WorstLoss 1.6299
[Tracker] Ep  717 | AvgR 0.0003 | Global 0.9211 | Local 0.1711 | F1_macro 0.5875 | WorstLoss 1.6535
[Tracker] Ep  718 | AvgR 0.0003 | Global 0.8789 | Local 0.2615 | F1_macro 0.5777 | WorstLoss 1.7783
[Tracker] Ep  719 | AvgR 0.0003 | Global 0.9301 | Local 0.2136 | F1_macro 0.5979 | WorstLoss 1.5472
[Tracker] Ep  720 | AvgR 0.0003 | Global 0.9135 | Local 0.2356 | F1_macro 0.5846 | WorstLoss 1.5385
[Tracker] Saved snapshot: ep0720_phase1_class1
[Tracker] Ep  721 | AvgR 0.0003 | Global 0.9227 | Local 0.2136 | F1_macro 0.5892 | WorstLoss 1.9836
[Tracker] Ep  722 | AvgR 0.0003 | Global 0.9437 | Local 0.2358 | F1_macro 0.5869 | WorstLoss 1.6608
[Tracker] Ep  723 | AvgR 0.0003 | Global 0.9254 | Local 0.2525 | F1_macro 0.6023 | WorstLoss 1.4985
[Tracker] Ep  724 | AvgR 0.0003 | Global 0.9440 | Local 0.2596 | F1_macro 0.5939 | WorstLoss 1.7045
[Tracker] Ep  725 | AvgR 0.0003 | Global 0.9502 | Local 0.2239 | F1_macro 0.6029 | WorstLoss 1.7416
[Tracker] Saved snapshot: ep0725_phase1_class1
[Tracker] Ep  726 | AvgR 0.0003 | Global 0.9087 | Local 0.2030 | F1_macro 0.5701 | WorstLoss 1.3123
[Tracker] Ep  727 | AvgR 0.0003 | Global 0.8933 | Local 0.2518 | F1_macro 0.5893 | WorstLoss 2.3868
[Tracker] Ep  728 | AvgR 0.0003 | Global 0.8950 | Local 0.2453 | F1_macro 0.5761 | WorstLoss 1.8652
[Tracker] Ep  729 | AvgR 0.0003 | Global 0.9246 | Local 0.1924 | F1_macro 0.6031 | WorstLoss 1.7345
[Tracker] Ep  730 | AvgR 0.0003 | Global 0.9028 | Local 0.1942 | F1_macro 0.5778 | WorstLoss 1.9929
[Tracker] Saved snapshot: ep0730_phase1_class1
[Tracker] Ep  731 | AvgR 0.0003 | Global 0.9017 | Local 0.2519 | F1_macro 0.5695 | WorstLoss 1.5089
[Tracker] Ep  732 | AvgR 0.0003 | Global 0.9021 | Local 0.1872 | F1_macro 0.5791 | WorstLoss 2.0409
[Tracker] Ep  733 | AvgR 0.0003 | Global 0.9395 | Local 0.2083 | F1_macro 0.5990 | WorstLoss 1.7714
[Tracker] Ep  734 | AvgR 0.0003 | Global 0.9136 | Local 0.1831 | F1_macro 0.5889 | WorstLoss 1.4324
[Tracker] Ep  735 | AvgR 0.0003 | Global 0.8865 | Local 0.2431 | F1_macro 0.5901 | WorstLoss 1.8128
[Tracker] Saved snapshot: ep0735_phase1_class1
[Tracker] Ep  736 | AvgR 0.0003 | Global 0.9301 | Local 0.1882 | F1_macro 0.5988 | WorstLoss 1.4481
[Tracker] Ep  737 | AvgR 0.0003 | Global 0.9303 | Local 0.2782 | F1_macro 0.5911 | WorstLoss 1.6254
[Tracker] Ep  738 | AvgR 0.0003 | Global 0.9016 | Local 0.2162 | F1_macro 0.5856 | WorstLoss 1.4544
[Tracker] Ep  739 | AvgR 0.0003 | Global 0.9184 | Local 0.2309 | F1_macro 0.5681 | WorstLoss 2.0339
[Tracker] Ep  740 | AvgR 0.0003 | Global 0.8946 | Local 0.2613 | F1_macro 0.5912 | WorstLoss 1.6350
[Tracker] Saved snapshot: ep0740_phase1_class1
[Tracker] Ep  741 | AvgR 0.0003 | Global 0.9287 | Local 0.2201 | F1_macro 0.6080 | WorstLoss 1.8344
[Tracker] Ep  742 | AvgR 0.0003 | Global 0.9430 | Local 0.2245 | F1_macro 0.6124 | WorstLoss 1.9792
[Tracker] Ep  743 | AvgR 0.0003 | Global 0.9134 | Local 0.2468 | F1_macro 0.5610 | WorstLoss 2.0255
[Tracker] Ep  744 | AvgR 0.0003 | Global 0.9136 | Local 0.2108 | F1_macro 0.5731 | WorstLoss 1.5070
[Tracker] Ep  745 | AvgR 0.0003 | Global 0.9186 | Local 0.2004 | F1_macro 0.6010 | WorstLoss 1.7873
[Tracker] Saved snapshot: ep0745_phase1_class1
[Tracker] Ep  746 | AvgR 0.0003 | Global 0.8942 | Local 0.2205 | F1_macro 0.5907 | WorstLoss 2.1751
[Tracker] Ep  747 | AvgR 0.0003 | Global 0.8847 | Local 0.2488 | F1_macro 0.5712 | WorstLoss 1.7749
[Tracker] Ep  748 | AvgR 0.0003 | Global 0.9277 | Local 0.2567 | F1_macro 0.5833 | WorstLoss 1.6660
[Tracker] Ep  749 | AvgR 0.0003 | Global 0.9441 | Local 0.2385 | F1_macro 0.6119 | WorstLoss 1.6579
[Tracker] Ep  750 | AvgR 0.0003 | Global 0.9215 | Local 0.1921 | F1_macro 0.5659 | WorstLoss 1.3794
[Tracker] Saved snapshot: ep0750_phase1_class1
[Tracker] Ep  751 | AvgR 0.0003 | Global 0.9136 | Local 0.2181 | F1_macro 0.5691 | WorstLoss 1.5613
[Tracker] Ep  752 | AvgR 0.0002 | Global 0.4793 | Local 0.2389 | F1_macro 0.5724 | WorstLoss 2.7375
[Tracker] Ep  753 | AvgR 0.0003 | Global 0.9471 | Local 0.2021 | F1_macro 0.6057 | WorstLoss 1.5196
[Tracker] Ep  754 | AvgR 0.0003 | Global 0.9328 | Local 0.2098 | F1_macro 0.5768 | WorstLoss 1.5162
[Tracker] Ep  755 | AvgR 0.0003 | Global 0.9473 | Local 0.2215 | F1_macro 0.6044 | WorstLoss 1.3738
[Tracker] Saved snapshot: ep0755_phase1_class1
[Tracker] Ep  756 | AvgR 0.0003 | Global 0.9314 | Local 0.2297 | F1_macro 0.6082 | WorstLoss 1.4162
[Tracker] Ep  757 | AvgR 0.0003 | Global 0.9302 | Local 0.2132 | F1_macro 0.5834 | WorstLoss 1.3925
[Tracker] Ep  758 | AvgR 0.0003 | Global 0.9199 | Local 0.2578 | F1_macro 0.5942 | WorstLoss 1.3865
[Tracker] Ep  759 | AvgR 0.0003 | Global 0.8690 | Local 0.2378 | F1_macro 0.5809 | WorstLoss 2.3726
[Tracker] Ep  760 | AvgR 0.0003 | Global 0.9396 | Local 0.2073 | F1_macro 0.5963 | WorstLoss 1.4281
[Tracker] Saved snapshot: ep0760_phase1_class1
[Tracker] Ep  761 | AvgR 0.0003 | Global 0.9152 | Local 0.2328 | F1_macro 0.5744 | WorstLoss 1.5061
[Tracker] Ep  762 | AvgR 0.0003 | Global 0.9165 | Local 0.2502 | F1_macro 0.5735 | WorstLoss 2.0303
[Tracker] Ep  763 | AvgR 0.0003 | Global 0.8919 | Local 0.2925 | F1_macro 0.5852 | WorstLoss 2.0880
[Tracker] Ep  764 | AvgR 0.0003 | Global 0.8964 | Local 0.2697 | F1_macro 0.5763 | WorstLoss 1.5077
[Tracker] Ep  765 | AvgR 0.0003 | Global 0.9218 | Local 0.2122 | F1_macro 0.5710 | WorstLoss 1.6840
[Tracker] Saved snapshot: ep0765_phase1_class1
[Tracker] Ep  766 | AvgR 0.0003 | Global 0.8926 | Local 0.2270 | F1_macro 0.5684 | WorstLoss 1.7688
[Tracker] Ep  767 | AvgR 0.0003 | Global 0.9259 | Local 0.2349 | F1_macro 0.5653 | WorstLoss 1.3504
[Tracker] Ep  768 | AvgR 0.0003 | Global 0.8501 | Local 0.2673 | F1_macro 0.5365 | WorstLoss 1.7602
[Tracker] Ep  769 | AvgR 0.0003 | Global 0.8942 | Local 0.2439 | F1_macro 0.5853 | WorstLoss 1.8499
[Tracker] Ep  770 | AvgR 0.0003 | Global 0.9160 | Local 0.2714 | F1_macro 0.5975 | WorstLoss 1.5069
[Tracker] Saved snapshot: ep0770_phase1_class1
[Tracker] Ep  771 | AvgR 0.0003 | Global 0.9476 | Local 0.1847 | F1_macro 0.5949 | WorstLoss 1.4905
[Tracker] Ep  772 | AvgR 0.0003 | Global 0.9243 | Local 0.2156 | F1_macro 0.5771 | WorstLoss 1.8459
[Tracker] Ep  773 | AvgR 0.0003 | Global 0.9215 | Local 0.1881 | F1_macro 0.5824 | WorstLoss 1.5103
[Tracker] Ep  774 | AvgR 0.0003 | Global 0.9009 | Local 0.2432 | F1_macro 0.5652 | WorstLoss 1.6573
[Tracker] Ep  775 | AvgR 0.0003 | Global 0.9175 | Local 0.2345 | F1_macro 0.5789 | WorstLoss 1.9217
[Tracker] Saved snapshot: ep0775_phase1_class1
[Tracker] Ep  776 | AvgR 0.0003 | Global 0.9246 | Local 0.2002 | F1_macro 0.5850 | WorstLoss 1.4160
[Tracker] Ep  777 | AvgR 0.0003 | Global 0.9551 | Local 0.2097 | F1_macro 0.6306 | WorstLoss 1.7615
[Tracker] Ep  778 | AvgR 0.0003 | Global 0.9295 | Local 0.2716 | F1_macro 0.5898 | WorstLoss 1.4236
[Tracker] Ep  779 | AvgR 0.0003 | Global 0.9607 | Local 0.1695 | F1_macro 0.6170 | WorstLoss 1.8923
[Tracker] Ep  780 | AvgR 0.0003 | Global 0.9314 | Local 0.1400 | F1_macro 0.5718 | WorstLoss 1.5298
[Tracker] Saved snapshot: ep0780_phase1_class1
[Tracker] Ep  781 | AvgR 0.0003 | Global 0.8697 | Local 0.2612 | F1_macro 0.5635 | WorstLoss 1.6073
[Tracker] Ep  782 | AvgR 0.0003 | Global 0.8883 | Local 0.2182 | F1_macro 0.5477 | WorstLoss 1.9788
[Tracker] Ep  783 | AvgR 0.0003 | Global 0.9180 | Local 0.2852 | F1_macro 0.5775 | WorstLoss 1.5822
[Tracker] Ep  784 | AvgR 0.0003 | Global 0.9201 | Local 0.2259 | F1_macro 0.5818 | WorstLoss 1.6591
[Tracker] Ep  785 | AvgR 0.0003 | Global 0.9582 | Local 0.2081 | F1_macro 0.5971 | WorstLoss 1.7263
[Tracker] Saved snapshot: ep0785_phase1_class1
[Tracker] Ep  786 | AvgR 0.0003 | Global 0.9174 | Local 0.1398 | F1_macro 0.5688 | WorstLoss 1.6189
[Tracker] Ep  787 | AvgR 0.0003 | Global 0.9672 | Local 0.2132 | F1_macro 0.6029 | WorstLoss 1.4256
[Tracker] Ep  788 | AvgR 0.0003 | Global 0.9250 | Local 0.1899 | F1_macro 0.5748 | WorstLoss 1.8362
[Tracker] Ep  789 | AvgR 0.0003 | Global 0.9279 | Local 0.2464 | F1_macro 0.5801 | WorstLoss 1.8767
[Tracker] Ep  790 | AvgR 0.0003 | Global 0.9350 | Local 0.2162 | F1_macro 0.5780 | WorstLoss 1.7430
[Tracker] Saved snapshot: ep0790_phase1_class1
[Tracker] Ep  791 | AvgR 0.0003 | Global 0.9182 | Local 0.2625 | F1_macro 0.5922 | WorstLoss 1.7579
[Tracker] Ep  792 | AvgR 0.0003 | Global 0.9365 | Local 0.2421 | F1_macro 0.5928 | WorstLoss 1.6663
[Tracker] Ep  793 | AvgR 0.0003 | Global 0.9364 | Local 0.2044 | F1_macro 0.6161 | WorstLoss 1.6115
[Tracker] Ep  794 | AvgR 0.0003 | Global 0.9518 | Local 0.1956 | F1_macro 0.6190 | WorstLoss 2.1447
[Tracker] Ep  795 | AvgR 0.0003 | Global 0.9500 | Local 0.2966 | F1_macro 0.6118 | WorstLoss 1.3942
[Tracker] Saved snapshot: ep0795_phase1_class1
[Tracker] Ep  796 | AvgR 0.0003 | Global 0.9478 | Local 0.2021 | F1_macro 0.6208 | WorstLoss 1.9590
[Tracker] Ep  797 | AvgR 0.0003 | Global 0.9211 | Local 0.1634 | F1_macro 0.5980 | WorstLoss 1.8536
[Tracker] Ep  798 | AvgR 0.0003 | Global 0.8996 | Local 0.2020 | F1_macro 0.5766 | WorstLoss 1.6029
[Tracker] Ep  799 | AvgR 0.0003 | Global 0.9255 | Local 0.2037 | F1_macro 0.5803 | WorstLoss 1.5875
[Tracker] Ep  800 | AvgR 0.0003 | Global 0.9350 | Local 0.2394 | F1_macro 0.6065 | WorstLoss 1.4247
[Tracker] Saved snapshot: ep0800_phase1_class1
[Phase] Finished phase1_class1 | best global_obj=0.9990
Phase 2 anchors: 1706 (y=0 & disadv=1)
FFNN Using device: cuda:0

============================================================
[Phase] Starting phase2_class0 | target_class=0 | episodes=200
============================================================
[Tracker] Ep    1 | AvgR 0.0001 | Global 0.7085 | Local 0.0297 | F1_macro 0.5776 | WorstLoss 2.6633
[Tracker] New BEST synthetic [phase2_class0] (by global.global_obj: 0.708541) saved.
[Tracker] BEST β weights [phase2_class0] saved -> training_runs/SPECv17a_bias05_rl_census_3seeds_EP800_PCA10_REWfairness_minID1_majID0_TRJ2000_REAL3000_BIAS0.05_GG202603181225_a74b2df8/seed_0/best_beta_state_dict_phase2_class0.pt
[Tracker] Ep    2 | AvgR 0.0002 | Global 0.9654 | Local 0.0206 | F1_macro 0.5833 | WorstLoss 2.4142
[Tracker] New BEST synthetic [phase2_class0] (by global.global_obj: 0.965404) saved.
[Tracker] BEST β weights [phase2_class0] saved -> training_runs/SPECv17a_bias05_rl_census_3seeds_EP800_PCA10_REWfairness_minID1_majID0_TRJ2000_REAL3000_BIAS0.05_GG202603181225_a74b2df8/seed_0/best_beta_state_dict_phase2_class0.pt
[Tracker] Ep    3 | AvgR 0.0001 | Global 0.6399 | Local 0.0373 | F1_macro 0.5700 | WorstLoss 2.6941
[Tracker] Ep    4 | AvgR 0.0002 | Global 0.9830 | Local 0.0212 | F1_macro 0.5862 | WorstLoss 2.2787
[Tracker] New BEST synthetic [phase2_class0] (by global.global_obj: 0.982966) saved.
[Tracker] BEST β weights [phase2_class0] saved -> training_runs/SPECv17a_bias05_rl_census_3seeds_EP800_PCA10_REWfairness_minID1_majID0_TRJ2000_REAL3000_BIAS0.05_GG202603181225_a74b2df8/seed_0/best_beta_state_dict_phase2_class0.pt
[Tracker] Ep    5 | AvgR 0.0002 | Global 0.9775 | Local 0.0363 | F1_macro 0.5885 | WorstLoss 2.3714
[Tracker] Saved snapshot: ep0005_phase2_class0
[Tracker] Ep    6 | AvgR 0.0001 | Global 0.9252 | Local 0.0098 | F1_macro 0.5758 | WorstLoss 2.5024
[Tracker] Ep    7 | AvgR 0.0002 | Global 0.9331 | Local 0.0201 | F1_macro 0.5804 | WorstLoss 2.4686
[Tracker] Ep    8 | AvgR 0.0002 | Global 0.9902 | Local 0.0354 | F1_macro 0.6173 | WorstLoss 2.2925
[Tracker] New BEST synthetic [phase2_class0] (by global.global_obj: 0.990188) saved.
[Tracker] BEST β weights [phase2_class0] saved -> training_runs/SPECv17a_bias05_rl_census_3seeds_EP800_PCA10_REWfairness_minID1_majID0_TRJ2000_REAL3000_BIAS0.05_GG202603181225_a74b2df8/seed_0/best_beta_state_dict_phase2_class0.pt
[Tracker] Ep    9 | AvgR 0.0001 | Global 0.3817 | Local 0.0110 | F1_macro 0.5751 | WorstLoss 2.8012
[Tracker] Ep   10 | AvgR 0.0001 | Global 0.7788 | Local 0.0341 | F1_macro 0.6159 | WorstLoss 2.6246
[Tracker] Saved snapshot: ep0010_phase2_class0
[Tracker] Ep   11 | AvgR 0.0002 | Global 0.9001 | Local 0.0344 | F1_macro 0.5638 | WorstLoss 2.5159
[Tracker] Ep   12 | AvgR 0.0002 | Global 0.9826 | Local 0.0296 | F1_macro 0.6062 | WorstLoss 2.1976
[Tracker] Ep   13 | AvgR 0.0002 | Global 0.9585 | Local 0.0230 | F1_macro 0.5888 | WorstLoss 2.4177
[Tracker] Ep   14 | AvgR 0.0002 | Global 0.9955 | Local 0.0627 | F1_macro 0.6134 | WorstLoss 2.1612
[Tracker] New BEST synthetic [phase2_class0] (by global.global_obj: 0.995470) saved.
[Tracker] BEST β weights [phase2_class0] saved -> training_runs/SPECv17a_bias05_rl_census_3seeds_EP800_PCA10_REWfairness_minID1_majID0_TRJ2000_REAL3000_BIAS0.05_GG202603181225_a74b2df8/seed_0/best_beta_state_dict_phase2_class0.pt
[Tracker] Ep   15 | AvgR 0.0002 | Global 0.9397 | Local 0.0255 | F1_macro 0.5793 | WorstLoss 2.4528
[Tracker] Saved snapshot: ep0015_phase2_class0
[Tracker] Ep   16 | AvgR 0.0002 | Global 0.9952 | Local 0.0130 | F1_macro 0.6164 | WorstLoss 2.1381
[Tracker] Ep   17 | AvgR 0.0002 | Global 0.9612 | Local 0.0238 | F1_macro 0.6006 | WorstLoss 2.4218
[Tracker] Ep   18 | AvgR 0.0001 | Global 0.8627 | Local 0.0193 | F1_macro 0.5877 | WorstLoss 2.5655
[Tracker] Ep   19 | AvgR 0.0002 | Global 0.9971 | Local 0.0130 | F1_macro 0.6156 | WorstLoss 2.1687
[Tracker] New BEST synthetic [phase2_class0] (by global.global_obj: 0.997135) saved.
[Tracker] BEST β weights [phase2_class0] saved -> training_runs/SPECv17a_bias05_rl_census_3seeds_EP800_PCA10_REWfairness_minID1_majID0_TRJ2000_REAL3000_BIAS0.05_GG202603181225_a74b2df8/seed_0/best_beta_state_dict_phase2_class0.pt
[Tracker] Ep   20 | AvgR 0.0002 | Global 0.9376 | Local 0.0186 | F1_macro 0.5926 | WorstLoss 2.4806
[Tracker] Saved snapshot: ep0020_phase2_class0
[Tracker] Ep   21 | AvgR 0.0002 | Global 0.9826 | Local 0.0218 | F1_macro 0.5862 | WorstLoss 2.3120
[Tracker] Ep   22 | AvgR 0.0002 | Global 0.9686 | Local 0.0347 | F1_macro 0.6034 | WorstLoss 2.3925
[Tracker] Ep   23 | AvgR 0.0002 | Global 0.9525 | Local 0.0255 | F1_macro 0.5928 | WorstLoss 2.4495
[Tracker] Ep   24 | AvgR 0.0002 | Global 0.9672 | Local 0.0367 | F1_macro 0.6010 | WorstLoss 2.3671
[Tracker] Ep   25 | AvgR 0.0002 | Global 0.9581 | Local 0.0478 | F1_macro 0.6043 | WorstLoss 2.3819
[Tracker] Saved snapshot: ep0025_phase2_class0
[Tracker] Ep   26 | AvgR 0.0002 | Global 0.9550 | Local 0.0247 | F1_macro 0.5994 | WorstLoss 2.4294
[Tracker] Ep   27 | AvgR 0.0002 | Global 0.9954 | Local 0.0219 | F1_macro 0.6311 | WorstLoss 2.0600
[Tracker] Ep   28 | AvgR 0.0002 | Global 0.9573 | Local 0.0830 | F1_macro 0.6269 | WorstLoss 2.4175
[Tracker] Ep   29 | AvgR 0.0002 | Global 0.9771 | Local 0.0151 | F1_macro 0.5855 | WorstLoss 2.3629
[Tracker] Ep   30 | AvgR 0.0001 | Global 0.5166 | Local 0.0261 | F1_macro 0.5932 | WorstLoss 2.7445
[Tracker] Saved snapshot: ep0030_phase2_class0
[Tracker] Ep   31 | AvgR 0.0002 | Global 0.9863 | Local 0.0193 | F1_macro 0.5888 | WorstLoss 2.2540
[Tracker] Ep   32 | AvgR 0.0002 | Global 0.9559 | Local 0.0157 | F1_macro 0.6050 | WorstLoss 2.4403
[Tracker] Ep   33 | AvgR 0.0002 | Global 0.8633 | Local 0.0233 | F1_macro 0.6002 | WorstLoss 2.5646
[Tracker] Ep   34 | AvgR 0.0002 | Global 0.9613 | Local 0.0277 | F1_macro 0.5930 | WorstLoss 2.4177
[Tracker] Ep   35 | AvgR 0.0002 | Global 0.9546 | Local 0.0254 | F1_macro 0.5873 | WorstLoss 2.4265
[Tracker] Saved snapshot: ep0035_phase2_class0
[Tracker] Ep   36 | AvgR 0.0001 | Global 0.7370 | Local 0.0592 | F1_macro 0.5724 | WorstLoss 2.6469
[Tracker] Ep   37 | AvgR 0.0001 | Global 0.6429 | Local 0.0618 | F1_macro 0.5764 | WorstLoss 2.6939
[Tracker] Ep   38 | AvgR 0.0002 | Global 0.8991 | Local 0.0362 | F1_macro 0.5944 | WorstLoss 2.5253
[Tracker] Ep   39 | AvgR 0.0002 | Global 0.9844 | Local 0.0302 | F1_macro 0.6062 | WorstLoss 2.3041
[Tracker] Ep   40 | AvgR 0.0002 | Global 0.9751 | Local 0.0416 | F1_macro 0.6014 | WorstLoss 2.2442
[Tracker] Saved snapshot: ep0040_phase2_class0
[Tracker] Ep   41 | AvgR 0.0001 | Global 0.8222 | Local 0.0191 | F1_macro 0.5724 | WorstLoss 2.5967
[Tracker] Ep   42 | AvgR 0.0002 | Global 0.9532 | Local 0.0226 | F1_macro 0.6067 | WorstLoss 2.4525
[Tracker] Ep   43 | AvgR 0.0002 | Global 0.8987 | Local 0.0249 | F1_macro 0.6043 | WorstLoss 2.5285
[Tracker] Ep   44 | AvgR 0.0002 | Global 0.9726 | Local 0.0579 | F1_macro 0.6043 | WorstLoss 2.3201
[Tracker] Ep   45 | AvgR 0.0000 | Global 0.2298 | Local 0.0231 | F1_macro 0.5727 | WorstLoss 2.8726
[Tracker] Saved snapshot: ep0045_phase2_class0
[Tracker] Ep   46 | AvgR 0.0001 | Global 0.6870 | Local 0.0549 | F1_macro 0.6047 | WorstLoss 2.6717
[Tracker] Ep   47 | AvgR 0.0002 | Global 0.9782 | Local 0.0533 | F1_macro 0.6217 | WorstLoss 2.3549
[Tracker] Ep   48 | AvgR 0.0002 | Global 0.9856 | Local 0.0148 | F1_macro 0.6169 | WorstLoss 2.2967
[Tracker] Ep   49 | AvgR 0.0001 | Global 0.7592 | Local 0.0364 | F1_macro 0.5784 | WorstLoss 2.6349
[Tracker] Ep   50 | AvgR 0.0002 | Global 0.7753 | Local 0.0500 | F1_macro 0.5800 | WorstLoss 2.6246
[Tracker] Saved snapshot: ep0050_phase2_class0
[Tracker] Ep   51 | AvgR 0.0002 | Global 0.9632 | Local 0.0216 | F1_macro 0.6111 | WorstLoss 2.4073
[Tracker] Ep   52 | AvgR 0.0002 | Global 0.9420 | Local 0.0328 | F1_macro 0.6073 | WorstLoss 2.4701
[Tracker] Ep   53 | AvgR 0.0002 | Global 0.8384 | Local 0.0312 | F1_macro 0.6043 | WorstLoss 2.5816
[Tracker] Ep   54 | AvgR 0.0001 | Global 0.5145 | Local 0.0628 | F1_macro 0.5833 | WorstLoss 2.7434
[Tracker] Ep   55 | AvgR 0.0002 | Global 0.8005 | Local 0.0684 | F1_macro 0.6010 | WorstLoss 2.6097
[Tracker] Saved snapshot: ep0055_phase2_class0
[Tracker] Ep   56 | AvgR 0.0001 | Global 0.5334 | Local 0.0896 | F1_macro 0.5690 | WorstLoss 2.7389
[Tracker] Ep   57 | AvgR 0.0002 | Global 0.8614 | Local 0.0370 | F1_macro 0.6038 | WorstLoss 2.5667
[Tracker] Ep   58 | AvgR 0.0001 | Global 0.3116 | Local 0.0335 | F1_macro 0.5708 | WorstLoss 2.8315
[Tracker] Ep   59 | AvgR 0.0002 | Global 0.9245 | Local 0.0488 | F1_macro 0.6141 | WorstLoss 2.5034
[Tracker] Ep   60 | AvgR 0.0002 | Global 0.9420 | Local 0.0240 | F1_macro 0.6002 | WorstLoss 2.4651
[Tracker] Saved snapshot: ep0060_phase2_class0
[Tracker] Ep   61 | AvgR 0.0002 | Global 0.9883 | Local 0.0259 | F1_macro 0.6054 | WorstLoss 2.2199
[Tracker] Ep   62 | AvgR 0.0001 | Global 0.4941 | Local 0.0504 | F1_macro 0.5848 | WorstLoss 2.7540
[Tracker] Ep   63 | AvgR 0.0002 | Global 0.9604 | Local 0.0699 | F1_macro 0.5920 | WorstLoss 2.3968
[Tracker] Ep   64 | AvgR 0.0002 | Global 0.9787 | Local 0.0370 | F1_macro 0.6078 | WorstLoss 2.3291
[Tracker] Ep   65 | AvgR 0.0001 | Global 0.7447 | Local 0.0370 | F1_macro 0.6034 | WorstLoss 2.6401
[Tracker] Saved snapshot: ep0065_phase2_class0
[Tracker] Ep   66 | AvgR 0.0002 | Global 0.7762 | Local 0.0479 | F1_macro 0.5949 | WorstLoss 2.6283
[Tracker] Ep   67 | AvgR 0.0001 | Global 0.4325 | Local 0.0585 | F1_macro 0.5920 | WorstLoss 2.7759
[Tracker] Ep   68 | AvgR 0.0002 | Global 0.9902 | Local 0.0326 | F1_macro 0.6109 | WorstLoss 2.1509
[Tracker] Ep   69 | AvgR 0.0002 | Global 0.8567 | Local 0.0406 | F1_macro 0.6055 | WorstLoss 2.5653
[Tracker] Ep   70 | AvgR 0.0002 | Global 0.9888 | Local 0.0341 | F1_macro 0.6006 | WorstLoss 2.2656
[Tracker] Saved snapshot: ep0070_phase2_class0
[Tracker] Ep   71 | AvgR 0.0002 | Global 0.9836 | Local 0.0729 | F1_macro 0.6160 | WorstLoss 2.3060
[Tracker] Ep   72 | AvgR 0.0002 | Global 0.9650 | Local 0.0453 | F1_macro 0.6151 | WorstLoss 2.3918
[Tracker] Ep   73 | AvgR 0.0002 | Global 0.8931 | Local 0.0463 | F1_macro 0.5877 | WorstLoss 2.5350
[Tracker] Ep   74 | AvgR 0.0001 | Global 0.5287 | Local 0.0528 | F1_macro 0.5928 | WorstLoss 2.7408
[Tracker] Ep   75 | AvgR 0.0002 | Global 0.9931 | Local 0.0392 | F1_macro 0.6104 | WorstLoss 2.2434
[Tracker] Saved snapshot: ep0075_phase2_class0
[Tracker] Ep   76 | AvgR 0.0002 | Global 0.8691 | Local 0.0650 | F1_macro 0.6156 | WorstLoss 2.5521
[Tracker] Ep   77 | AvgR 0.0001 | Global 0.5561 | Local 0.0446 | F1_macro 0.5974 | WorstLoss 2.7274
[Tracker] Ep   78 | AvgR 0.0002 | Global 0.8630 | Local 0.0326 | F1_macro 0.5957 | WorstLoss 2.5610
[Tracker] Ep   79 | AvgR 0.0002 | Global 0.9666 | Local 0.0519 | F1_macro 0.6022 | WorstLoss 2.3897
[Tracker] Ep   80 | AvgR 0.0002 | Global 0.9938 | Local 0.0986 | F1_macro 0.6164 | WorstLoss 2.2462
[Tracker] Saved snapshot: ep0080_phase2_class0
[Tracker] Ep   81 | AvgR 0.0002 | Global 0.9335 | Local 0.0773 | F1_macro 0.6046 | WorstLoss 2.4675
[Tracker] Ep   82 | AvgR 0.0002 | Global 0.8522 | Local 0.0527 | F1_macro 0.5924 | WorstLoss 2.5746
[Tracker] Ep   83 | AvgR 0.0002 | Global 0.9643 | Local 0.0394 | F1_macro 0.5917 | WorstLoss 2.3863
[Tracker] Ep   84 | AvgR 0.0002 | Global 0.9113 | Local 0.0262 | F1_macro 0.5814 | WorstLoss 2.5103
[Tracker] Ep   85 | AvgR 0.0002 | Global 0.9150 | Local 0.0324 | F1_macro 0.6128 | WorstLoss 2.5163
[Tracker] Saved snapshot: ep0085_phase2_class0
[Tracker] Ep   86 | AvgR 0.0002 | Global 0.9916 | Local 0.0425 | F1_macro 0.6200 | WorstLoss 2.2409
[Tracker] Ep   87 | AvgR 0.0002 | Global 0.9431 | Local 0.0489 | F1_macro 0.5909 | WorstLoss 2.4317
[Tracker] Ep   88 | AvgR 0.0002 | Global 0.9426 | Local 0.0763 | F1_macro 0.6065 | WorstLoss 2.4667
[Tracker] Ep   89 | AvgR 0.0002 | Global 0.8160 | Local 0.0289 | F1_macro 0.5936 | WorstLoss 2.5884
[Tracker] Ep   90 | AvgR 0.0002 | Global 0.8840 | Local 0.0551 | F1_macro 0.6090 | WorstLoss 2.5461
[Tracker] Saved snapshot: ep0090_phase2_class0
[Tracker] Ep   91 | AvgR 0.0001 | Global 0.2902 | Local 0.1058 | F1_macro 0.5966 | WorstLoss 2.8434
[Tracker] Ep   92 | AvgR 0.0002 | Global 0.8972 | Local 0.0865 | F1_macro 0.5928 | WorstLoss 2.5199
[Tracker] Ep   93 | AvgR 0.0002 | Global 0.9918 | Local 0.0951 | F1_macro 0.6164 | WorstLoss 2.2202
[Tracker] Ep   94 | AvgR 0.0002 | Global 0.6954 | Local 0.0488 | F1_macro 0.5961 | WorstLoss 2.6675
[Tracker] Ep   95 | AvgR 0.0002 | Global 0.9774 | Local 0.0917 | F1_macro 0.6038 | WorstLoss 2.2249
[Tracker] Saved snapshot: ep0095_phase2_class0
[Tracker] Ep   96 | AvgR 0.0001 | Global 0.6748 | Local 0.0466 | F1_macro 0.5821 | WorstLoss 2.6769
[Tracker] Ep   97 | AvgR 0.0002 | Global 0.8699 | Local 0.0961 | F1_macro 0.6101 | WorstLoss 2.5546
[Tracker] Ep   98 | AvgR 0.0002 | Global 0.9454 | Local 0.0330 | F1_macro 0.5604 | WorstLoss 2.4312
[Tracker] Ep   99 | AvgR 0.0002 | Global 0.9752 | Local 0.0731 | F1_macro 0.6069 | WorstLoss 2.1706
[Tracker] Ep  100 | AvgR 0.0002 | Global 0.9651 | Local 0.1636 | F1_macro 0.6191 | WorstLoss 2.4205
[Tracker] Saved snapshot: ep0100_phase2_class0
[Tracker] Ep  101 | AvgR 0.0002 | Global 0.8262 | Local 0.0389 | F1_macro 0.5945 | WorstLoss 2.5857
[Tracker] Ep  102 | AvgR 0.0002 | Global 0.7253 | Local 0.0627 | F1_macro 0.5814 | WorstLoss 2.6522
[Tracker] Ep  103 | AvgR 0.0002 | Global 0.9717 | Local 0.0530 | F1_macro 0.6058 | WorstLoss 2.3277
[Tracker] Ep  104 | AvgR 0.0002 | Global 0.9244 | Local 0.0509 | F1_macro 0.6041 | WorstLoss 2.4790
[Tracker] Ep  105 | AvgR 0.0002 | Global 0.9856 | Local 0.0431 | F1_macro 0.6209 | WorstLoss 2.3267
[Tracker] Saved snapshot: ep0105_phase2_class0
[Tracker] Ep  106 | AvgR 0.0002 | Global 0.9699 | Local 0.1315 | F1_macro 0.5962 | WorstLoss 2.3833
[Tracker] Ep  107 | AvgR 0.0002 | Global 0.9419 | Local 0.0963 | F1_macro 0.6226 | WorstLoss 2.4457
[Tracker] Ep  108 | AvgR 0.0002 | Global 0.9761 | Local 0.0534 | F1_macro 0.6232 | WorstLoss 2.3807
[Tracker] Ep  109 | AvgR 0.0002 | Global 0.7673 | Local 0.0423 | F1_macro 0.5961 | WorstLoss 2.6335
[Tracker] Ep  110 | AvgR 0.0001 | Global 0.1829 | Local 0.1094 | F1_macro 0.6082 | WorstLoss 2.9034
[Tracker] Saved snapshot: ep0110_phase2_class0
[Tracker] Ep  111 | AvgR 0.0002 | Global 0.8783 | Local 0.1189 | F1_macro 0.6125 | WorstLoss 2.5507
[Tracker] Ep  112 | AvgR 0.0002 | Global 0.9737 | Local 0.1065 | F1_macro 0.5986 | WorstLoss 2.3217
[Tracker] Ep  113 | AvgR 0.0001 | Global 0.4589 | Local 0.0599 | F1_macro 0.5877 | WorstLoss 2.7685
[Tracker] Ep  114 | AvgR 0.0002 | Global 0.9720 | Local 0.0675 | F1_macro 0.6124 | WorstLoss 2.3778
[Tracker] Ep  115 | AvgR 0.0002 | Global 0.9538 | Local 0.0852 | F1_macro 0.6018 | WorstLoss 2.4301
[Tracker] Saved snapshot: ep0115_phase2_class0
[Tracker] Ep  116 | AvgR 0.0002 | Global 0.6061 | Local 0.1248 | F1_macro 0.6006 | WorstLoss 2.7089
[Tracker] Ep  117 | AvgR 0.0002 | Global 0.9782 | Local 0.0895 | F1_macro 0.6054 | WorstLoss 2.3509
[Tracker] Ep  118 | AvgR 0.0002 | Global 0.8074 | Local 0.1030 | F1_macro 0.5758 | WorstLoss 2.5971
[Tracker] Ep  119 | AvgR 0.0002 | Global 0.9790 | Local 0.0460 | F1_macro 0.6356 | WorstLoss 2.3080
[Tracker] Ep  120 | AvgR 0.0002 | Global 0.9626 | Local 0.0805 | F1_macro 0.6018 | WorstLoss 2.3425
[Tracker] Saved snapshot: ep0120_phase2_class0
[Tracker] Ep  121 | AvgR 0.0001 | Global 0.4223 | Local 0.0822 | F1_macro 0.5738 | WorstLoss 2.7825
[Tracker] Ep  122 | AvgR 0.0002 | Global 0.9796 | Local 0.0649 | F1_macro 0.5953 | WorstLoss 2.3639
[Tracker] Ep  123 | AvgR 0.0002 | Global 0.9491 | Local 0.1033 | F1_macro 0.6062 | WorstLoss 2.4319
[Tracker] Ep  124 | AvgR 0.0002 | Global 0.6527 | Local 0.0943 | F1_macro 0.5706 | WorstLoss 2.6883
[Tracker] Ep  125 | AvgR 0.0002 | Global 0.9492 | Local 0.0643 | F1_macro 0.6248 | WorstLoss 2.4285
[Tracker] Saved snapshot: ep0125_phase2_class0
[Tracker] Ep  126 | AvgR 0.0002 | Global 0.8763 | Local 0.1012 | F1_macro 0.6099 | WorstLoss 2.5514
[Tracker] Ep  127 | AvgR 0.0002 | Global 0.9883 | Local 0.0383 | F1_macro 0.6178 | WorstLoss 2.2562
[Tracker] Ep  128 | AvgR 0.0002 | Global 0.9257 | Local 0.1249 | F1_macro 0.6069 | WorstLoss 2.4944
[Tracker] Ep  129 | AvgR 0.0002 | Global 0.8411 | Local 0.0755 | F1_macro 0.5837 | WorstLoss 2.5782
[Tracker] Ep  130 | AvgR 0.0002 | Global 0.9313 | Local 0.0955 | F1_macro 0.6061 | WorstLoss 2.4812
[Tracker] Saved snapshot: ep0130_phase2_class0
[Tracker] Ep  131 | AvgR 0.0002 | Global 0.9852 | Local 0.0679 | F1_macro 0.6208 | WorstLoss 2.2057
[Tracker] Ep  132 | AvgR 0.0002 | Global 0.9558 | Local 0.1304 | F1_macro 0.6118 | WorstLoss 2.4053
[Tracker] Ep  133 | AvgR 0.0002 | Global 0.9309 | Local 0.0939 | F1_macro 0.6155 | WorstLoss 2.4814
[Tracker] Ep  134 | AvgR 0.0002 | Global 0.8954 | Local 0.1266 | F1_macro 0.6088 | WorstLoss 2.5360
[Tracker] Ep  135 | AvgR 0.0002 | Global 0.9787 | Local 0.0898 | F1_macro 0.6090 | WorstLoss 2.3495
[Tracker] Saved snapshot: ep0135_phase2_class0
[Tracker] Ep  136 | AvgR 0.0002 | Global 0.9873 | Local 0.0573 | F1_macro 0.6235 | WorstLoss 2.3051
[Tracker] Ep  137 | AvgR 0.0002 | Global 0.9786 | Local 0.0828 | F1_macro 0.6277 | WorstLoss 2.3061
[Tracker] Ep  138 | AvgR 0.0002 | Global 0.8453 | Local 0.1329 | F1_macro 0.5982 | WorstLoss 2.5765
[Tracker] Ep  139 | AvgR 0.0002 | Global 0.8666 | Local 0.1101 | F1_macro 0.6269 | WorstLoss 2.5549
[Tracker] Ep  140 | AvgR 0.0002 | Global 0.9742 | Local 0.0768 | F1_macro 0.6169 | WorstLoss 2.3762
[Tracker] Saved snapshot: ep0140_phase2_class0
[Tracker] Ep  141 | AvgR 0.0002 | Global 0.9390 | Local 0.1242 | F1_macro 0.6053 | WorstLoss 2.4549
[Tracker] Ep  142 | AvgR 0.0002 | Global 0.7126 | Local 0.1002 | F1_macro 0.6026 | WorstLoss 2.6572
[Tracker] Ep  143 | AvgR 0.0002 | Global 0.8771 | Local 0.1054 | F1_macro 0.6078 | WorstLoss 2.5360
[Tracker] Ep  144 | AvgR 0.0002 | Global 0.9952 | Local 0.0738 | F1_macro 0.6231 | WorstLoss 2.1989
[Tracker] Ep  145 | AvgR 0.0002 | Global 0.9832 | Local 0.1105 | F1_macro 0.6300 | WorstLoss 2.1963
[Tracker] Saved snapshot: ep0145_phase2_class0
[Tracker] Ep  146 | AvgR 0.0002 | Global 0.9373 | Local 0.0770 | F1_macro 0.6154 | WorstLoss 2.4835
[Tracker] Ep  147 | AvgR 0.0002 | Global 0.8977 | Local 0.0831 | F1_macro 0.6002 | WorstLoss 2.5198
[Tracker] Ep  148 | AvgR 0.0003 | Global 0.9634 | Local 0.1863 | F1_macro 0.6235 | WorstLoss 2.3696
[Tracker] Ep  149 | AvgR 0.0002 | Global 0.9752 | Local 0.1100 | F1_macro 0.6111 | WorstLoss 2.2883
[Tracker] Ep  150 | AvgR 0.0003 | Global 0.9985 | Local 0.1319 | F1_macro 0.6298 | WorstLoss 2.1024
[Tracker] Saved snapshot: ep0150_phase2_class0
[Tracker] New BEST synthetic [phase2_class0] (by global.global_obj: 0.998522) saved.
[Tracker] BEST β weights [phase2_class0] saved -> training_runs/SPECv17a_bias05_rl_census_3seeds_EP800_PCA10_REWfairness_minID1_majID0_TRJ2000_REAL3000_BIAS0.05_GG202603181225_a74b2df8/seed_0/best_beta_state_dict_phase2_class0.pt
[Tracker] Ep  151 | AvgR 0.0002 | Global 0.7636 | Local 0.1127 | F1_macro 0.5957 | WorstLoss 2.6303
[Tracker] Ep  152 | AvgR 0.0002 | Global 0.7130 | Local 0.1182 | F1_macro 0.6137 | WorstLoss 2.6570
[Tracker] Ep  153 | AvgR 0.0002 | Global 0.7345 | Local 0.0941 | F1_macro 0.5777 | WorstLoss 2.6451
[Tracker] Ep  154 | AvgR 0.0003 | Global 0.9507 | Local 0.1488 | F1_macro 0.6169 | WorstLoss 2.4515
[Tracker] Ep  155 | AvgR 0.0003 | Global 0.9545 | Local 0.1504 | F1_macro 0.6248 | WorstLoss 2.4327
[Tracker] Saved snapshot: ep0155_phase2_class0
[Tracker] Ep  156 | AvgR 0.0002 | Global 0.6648 | Local 0.0928 | F1_macro 0.5884 | WorstLoss 2.6805
[Tracker] Ep  157 | AvgR 0.0003 | Global 0.9785 | Local 0.1337 | F1_macro 0.6085 | WorstLoss 2.2558
[Tracker] Ep  158 | AvgR 0.0002 | Global 0.9047 | Local 0.1276 | F1_macro 0.6169 | WorstLoss 2.5238
[Tracker] Ep  159 | AvgR 0.0003 | Global 0.9734 | Local 0.1853 | F1_macro 0.6195 | WorstLoss 2.3791
[Tracker] Ep  160 | AvgR 0.0003 | Global 0.9779 | Local 0.1135 | F1_macro 0.6173 | WorstLoss 2.3545
[Tracker] Saved snapshot: ep0160_phase2_class0
[Tracker] Ep  161 | AvgR 0.0002 | Global 0.7502 | Local 0.1107 | F1_macro 0.6061 | WorstLoss 2.6408
[Tracker] Ep  162 | AvgR 0.0003 | Global 0.9886 | Local 0.0914 | F1_macro 0.6200 | WorstLoss 2.3075
[Tracker] Ep  163 | AvgR 0.0003 | Global 0.9616 | Local 0.1323 | F1_macro 0.6161 | WorstLoss 2.4240
[Tracker] Ep  164 | AvgR 0.0002 | Global 0.8811 | Local 0.1258 | F1_macro 0.6038 | WorstLoss 2.5484
[Tracker] Ep  165 | AvgR 0.0003 | Global 0.9768 | Local 0.1667 | F1_macro 0.5950 | WorstLoss 2.3587
[Tracker] Saved snapshot: ep0165_phase2_class0
[Tracker] Ep  166 | AvgR 0.0003 | Global 0.9913 | Local 0.1583 | F1_macro 0.6326 | WorstLoss 2.2256
[Tracker] Ep  167 | AvgR 0.0003 | Global 0.9895 | Local 0.1455 | F1_macro 0.6124 | WorstLoss 2.2886
[Tracker] Ep  168 | AvgR 0.0003 | Global 0.9416 | Local 0.1576 | F1_macro 0.6092 | WorstLoss 2.4759
[Tracker] Ep  169 | AvgR 0.0002 | Global 0.9547 | Local 0.0838 | F1_macro 0.5994 | WorstLoss 2.4100
[Tracker] Ep  170 | AvgR 0.0003 | Global 0.8790 | Local 0.1683 | F1_macro 0.6145 | WorstLoss 2.5466
[Tracker] Saved snapshot: ep0170_phase2_class0
[Tracker] Ep  171 | AvgR 0.0003 | Global 0.9415 | Local 0.1824 | F1_macro 0.6178 | WorstLoss 2.4639
[Tracker] Ep  172 | AvgR 0.0002 | Global 0.5783 | Local 0.2427 | F1_macro 0.5873 | WorstLoss 2.7224
[Tracker] Ep  173 | AvgR 0.0003 | Global 0.9952 | Local 0.1852 | F1_macro 0.6251 | WorstLoss 2.2201
[Tracker] Ep  174 | AvgR 0.0002 | Global 0.9109 | Local 0.1036 | F1_macro 0.6173 | WorstLoss 2.5052
[Tracker] Ep  175 | AvgR 0.0002 | Global 0.8745 | Local 0.1149 | F1_macro 0.6082 | WorstLoss 2.5556
[Tracker] Saved snapshot: ep0175_phase2_class0
[Tracker] Ep  176 | AvgR 0.0003 | Global 0.9618 | Local 0.2189 | F1_macro 0.6073 | WorstLoss 2.4315
[Tracker] Ep  177 | AvgR 0.0002 | Global 0.7541 | Local 0.1898 | F1_macro 0.6195 | WorstLoss 2.6414
[Tracker] Ep  178 | AvgR 0.0003 | Global 0.8419 | Local 0.2442 | F1_macro 0.6199 | WorstLoss 2.5784
[Tracker] Ep  179 | AvgR 0.0002 | Global 0.7093 | Local 0.1427 | F1_macro 0.5909 | WorstLoss 2.6624
[Tracker] Ep  180 | AvgR 0.0002 | Global 0.5450 | Local 0.1221 | F1_macro 0.5848 | WorstLoss 2.7325
[Tracker] Saved snapshot: ep0180_phase2_class0
[Tracker] Ep  181 | AvgR 0.0002 | Global 0.7909 | Local 0.1512 | F1_macro 0.5970 | WorstLoss 2.6144
[Tracker] Ep  182 | AvgR 0.0002 | Global 0.5350 | Local 0.1394 | F1_macro 0.6169 | WorstLoss 2.7399
[Tracker] Ep  183 | AvgR 0.0003 | Global 0.9760 | Local 0.1171 | F1_macro 0.6041 | WorstLoss 2.3466
[Tracker] Ep  184 | AvgR 0.0003 | Global 0.8386 | Local 0.2096 | F1_macro 0.6186 | WorstLoss 2.5845
[Tracker] Ep  185 | AvgR 0.0003 | Global 0.9969 | Local 0.2546 | F1_macro 0.6550 | WorstLoss 2.1767
[Tracker] Saved snapshot: ep0185_phase2_class0
[Tracker] Ep  186 | AvgR 0.0003 | Global 0.9040 | Local 0.1977 | F1_macro 0.6169 | WorstLoss 2.5212
[Tracker] Ep  187 | AvgR 0.0002 | Global 0.7070 | Local 0.1741 | F1_macro 0.6099 | WorstLoss 2.6659
[Tracker] Ep  188 | AvgR 0.0002 | Global 0.7740 | Local 0.2042 | F1_macro 0.6119 | WorstLoss 2.6309
[Tracker] Ep  189 | AvgR 0.0003 | Global 0.9706 | Local 0.2440 | F1_macro 0.6245 | WorstLoss 2.4025
[Tracker] Ep  190 | AvgR 0.0003 | Global 0.9840 | Local 0.2014 | F1_macro 0.6143 | WorstLoss 2.3224
[Tracker] Saved snapshot: ep0190_phase2_class0
[Tracker] Ep  191 | AvgR 0.0003 | Global 0.9896 | Local 0.2011 | F1_macro 0.6223 | WorstLoss 2.2052
[Tracker] Ep  192 | AvgR 0.0003 | Global 0.9906 | Local 0.1756 | F1_macro 0.6413 | WorstLoss 2.2427
[Tracker] Ep  193 | AvgR 0.0003 | Global 0.9811 | Local 0.2093 | F1_macro 0.6352 | WorstLoss 2.3592
[Tracker] Ep  194 | AvgR 0.0003 | Global 0.9711 | Local 0.2475 | F1_macro 0.5971 | WorstLoss 2.3831
[Tracker] Ep  195 | AvgR 0.0003 | Global 0.8589 | Local 0.2252 | F1_macro 0.6164 | WorstLoss 2.5717
[Tracker] Saved snapshot: ep0195_phase2_class0
[Tracker] Ep  196 | AvgR 0.0003 | Global 0.9813 | Local 0.1496 | F1_macro 0.6141 | WorstLoss 2.2741
[Tracker] Ep  197 | AvgR 0.0003 | Global 0.9986 | Local 0.2447 | F1_macro 0.6425 | WorstLoss 2.0992
[Tracker] New BEST synthetic [phase2_class0] (by global.global_obj: 0.998569) saved.
[Tracker] BEST β weights [phase2_class0] saved -> training_runs/SPECv17a_bias05_rl_census_3seeds_EP800_PCA10_REWfairness_minID1_majID0_TRJ2000_REAL3000_BIAS0.05_GG202603181225_a74b2df8/seed_0/best_beta_state_dict_phase2_class0.pt
[Tracker] Ep  198 | AvgR 0.0003 | Global 0.9884 | Local 0.1878 | F1_macro 0.6209 | WorstLoss 2.3096
[Tracker] Ep  199 | AvgR 0.0001 | Global 0.3901 | Local 0.1527 | F1_macro 0.6002 | WorstLoss 2.7976
[Tracker] Ep  200 | AvgR 0.0002 | Global 0.5402 | Local 0.2287 | F1_macro 0.6010 | WorstLoss 2.7376
[Tracker] Saved snapshot: ep0200_phase2_class0
[Phase] Finished phase2_class0 | best global_obj=0.9986
FFNN Using device: cuda:0
[Combined] Saved combined beta -> training_runs/SPECv17a_bias05_rl_census_3seeds_EP800_PCA10_REWfairness_minID1_majID0_TRJ2000_REAL3000_BIAS0.05_GG202603181225_a74b2df8/seed_0/best_beta_state_dict.pt
[Combined] Saved combined synthetic -> training_runs/SPECv17a_bias05_rl_census_3seeds_EP800_PCA10_REWfairness_minID1_majID0_TRJ2000_REAL3000_BIAS0.05_GG202603181225_a74b2df8/seed_0/best_synthetic_combined.npz
FFNN Using device: cuda:0
[TestSuite] Loaded best β weights from: training_runs/SPECv17a_bias05_rl_census_3seeds_EP800_PCA10_REWfairness_minID1_majID0_TRJ2000_REAL3000_BIAS0.05_GG202603181225_a74b2df8/seed_0/best_beta_state_dict.pt

[TEST] Alpha -> F1(min)=0.2144 | F1(maj)=0.8770 | F1(weighted)=0.7174 | F1(macro)=0.5457 | Brier=0.1596
[TEST] Beta  -> F1(min)=0.2989 | F1(maj)=0.8803 | F1(weighted)=0.7402 | F1(macro)=0.5896 | Brier=0.1546
[TestSuite] Final test metrics appended to (seed): training_runs/SPECv17a_bias05_rl_census_3seeds_EP800_PCA10_REWfairness_minID1_majID0_TRJ2000_REAL3000_BIAS0.05_GG202603181225_a74b2df8/seed_0/final_test_metrics.csv
[TestSuite] Final test metrics appended to (experiment): training_runs/SPECv17a_bias05_rl_census_3seeds_EP800_PCA10_REWfairness_minID1_majID0_TRJ2000_REAL3000_BIAS0.05_GG202603181225_a74b2df8/final_test_metrics.csv
Total time 2085.25s
[Tracker] Finished. Run folder: training_runs/SPECv17a_bias05_rl_census_3seeds_EP800_PCA10_REWfairness_minID1_majID0_TRJ2000_REAL3000_BIAS0.05_GG202603181225_a74b2df8/seed_0
[main] ---- running seed=1 ----
FFNN Using device: cuda:0
FFNN Using device: cuda:0
[Tracker] Experiment: SPECv17a_bias05_rl_census_3seeds_EP800_PCA10_REWfairness_minID1_majID0_TRJ2000_REAL3000_BIAS0.05_GG202603181225_a74b2df8
[Tracker] Seed folder: training_runs/SPECv17a_bias05_rl_census_3seeds_EP800_PCA10_REWfairness_minID1_majID0_TRJ2000_REAL3000_BIAS0.05_GG202603181225_a74b2df8/seed_1
[Tracker] Run: 2026-03-18_13-35-25_seed1_918644_545c004d
[Tracker] Metrics CSV: training_runs/SPECv17a_bias05_rl_census_3seeds_EP800_PCA10_REWfairness_minID1_majID0_TRJ2000_REAL3000_BIAS0.05_GG202603181225_a74b2df8/seed_1/metrics.csv
[Tracker] Mirroring console to: training_runs/SPECv17a_bias05_rl_census_3seeds_EP800_PCA10_REWfairness_minID1_majID0_TRJ2000_REAL3000_BIAS0.05_GG202603181225_a74b2df8/seed_1/console.log
[TRAIN] size=3000, minority=150 (5.00%)
[VAL] size=5204, minority=260 (5.00%)
[TEST] size=6513, minority=1569 (24.09%)
FFNN Using device: cuda:0
FFNN Using device: cuda:0
Beta will train with: 60.00% real data, 40.00% synthetic data: 
[disadv] group=1 per_g={0: 0.05958317965269089, 1: 0.19196324050426483} worst_4g=2.1391 soft_eo_alpha=0.0489
Anchors: 126 (disadv=1) sigma_anchor=0.8500
[Tracker] Alpha model state_dict saved to training_runs/SPECv17a_bias05_rl_census_3seeds_EP800_PCA10_REWfairness_minID1_majID0_TRJ2000_REAL3000_BIAS0.05_GG202603181225_a74b2df8/seed_1/alpha_state_dict.pt
[Tracker] Alpha model config saved to training_runs/SPECv17a_bias05_rl_census_3seeds_EP800_PCA10_REWfairness_minID1_majID0_TRJ2000_REAL3000_BIAS0.05_GG202603181225_a74b2df8/seed_1/ffnn_meta.json

============================================================
[Phase] Starting phase1_class1 | target_class=1 | episodes=800
============================================================
[Tracker] CSV header written with 44 columns.
[Tracker] Ep    1 | AvgR 0.0002 | Global 0.9283 | Local 0.0354 | F1_macro 0.6269 | WorstLoss 1.8177
[Tracker] New BEST synthetic [phase1_class1] (by global.global_obj: 0.928323) saved.
[Tracker] BEST β weights [phase1_class1] saved -> training_runs/SPECv17a_bias05_rl_census_3seeds_EP800_PCA10_REWfairness_minID1_majID0_TRJ2000_REAL3000_BIAS0.05_GG202603181225_a74b2df8/seed_1/best_beta_state_dict_phase1_class1.pt
[Tracker] Ep    2 | AvgR 0.0001 | Global 0.5219 | Local 0.0147 | F1_macro 0.6350 | WorstLoss 2.1268
[Tracker] Ep    3 | AvgR 0.0001 | Global 0.9137 | Local 0.0180 | F1_macro 0.6380 | WorstLoss 1.8933
[Tracker] Ep    4 | AvgR 0.0001 | Global 0.8432 | Local 0.0291 | F1_macro 0.6316 | WorstLoss 1.9479
[Tracker] Ep    5 | AvgR 0.0001 | Global 0.4159 | Local 0.0308 | F1_macro 0.6437 | WorstLoss 2.1678
[Tracker] Saved snapshot: ep0005_phase1_class1
[Tracker] Ep    6 | AvgR 0.0000 | Global 0.1718 | Local 0.0171 | F1_macro 0.6334 | WorstLoss 2.2928
[Tracker] Ep    7 | AvgR 0.0001 | Global 0.8602 | Local 0.0201 | F1_macro 0.6646 | WorstLoss 1.9536
[Tracker] Ep    8 | AvgR 0.0000 | Global 0.0757 | Local 0.0373 | F1_macro 0.6014 | WorstLoss 2.3845
[Tracker] Ep    9 | AvgR 0.0000 | Global 0.2791 | Local 0.0156 | F1_macro 0.6291 | WorstLoss 2.2292
[Tracker] Ep   10 | AvgR 0.0000 | Global 0.2517 | Local 0.0337 | F1_macro 0.6098 | WorstLoss 2.2419
[Tracker] Saved snapshot: ep0010_phase1_class1
[Tracker] Ep   11 | AvgR 0.0000 | Global 0.0135 | Local 0.0154 | F1_macro 0.6040 | WorstLoss 2.5660
[Tracker] Ep   12 | AvgR 0.0001 | Global 0.8224 | Local 0.0180 | F1_macro 0.6165 | WorstLoss 1.9707
[Tracker] Ep   13 | AvgR 0.0001 | Global 0.4058 | Local 0.0167 | F1_macro 0.6288 | WorstLoss 2.1748
[Tracker] Ep   14 | AvgR 0.0001 | Global 0.8198 | Local 0.0211 | F1_macro 0.6252 | WorstLoss 1.9613
[Tracker] Ep   15 | AvgR 0.0000 | Global 0.0807 | Local 0.0132 | F1_macro 0.6283 | WorstLoss 2.3817
[Tracker] Saved snapshot: ep0015_phase1_class1
[Tracker] Ep   16 | AvgR 0.0001 | Global 0.3433 | Local 0.0336 | F1_macro 0.6406 | WorstLoss 2.1990
[Tracker] Ep   17 | AvgR 0.0001 | Global 0.9211 | Local 0.0182 | F1_macro 0.6483 | WorstLoss 1.8564
[Tracker] Ep   18 | AvgR 0.0000 | Global 0.0199 | Local 0.0250 | F1_macro 0.6129 | WorstLoss 2.5216
[Tracker] Ep   19 | AvgR 0.0001 | Global 0.8830 | Local 0.0259 | F1_macro 0.6449 | WorstLoss 1.9217
[Tracker] Ep   20 | AvgR 0.0000 | Global 0.0995 | Local 0.0328 | F1_macro 0.6103 | WorstLoss 2.3525
[Tracker] Saved snapshot: ep0020_phase1_class1
[Tracker] Ep   21 | AvgR 0.0001 | Global 0.5403 | Local 0.0356 | F1_macro 0.6402 | WorstLoss 2.1185
[Tracker] Ep   22 | AvgR 0.0001 | Global 0.6174 | Local 0.0160 | F1_macro 0.6413 | WorstLoss 2.0829
[Tracker] Ep   23 | AvgR 0.0001 | Global 0.8033 | Local 0.0152 | F1_macro 0.6393 | WorstLoss 1.9938
[Tracker] Ep   24 | AvgR 0.0001 | Global 0.4712 | Local 0.0389 | F1_macro 0.6149 | WorstLoss 2.1390
[Tracker] Ep   25 | AvgR 0.0000 | Global 0.1526 | Local 0.0324 | F1_macro 0.6156 | WorstLoss 2.3073
[Tracker] Saved snapshot: ep0025_phase1_class1
[Tracker] Ep   26 | AvgR 0.0001 | Global 0.2978 | Local 0.0232 | F1_macro 0.6113 | WorstLoss 2.2188
[Tracker] Ep   27 | AvgR 0.0001 | Global 0.2999 | Local 0.0327 | F1_macro 0.6219 | WorstLoss 2.2209
[Tracker] Ep   28 | AvgR 0.0000 | Global 0.0164 | Local 0.0438 | F1_macro 0.6135 | WorstLoss 2.5423
[Tracker] Ep   29 | AvgR 0.0002 | Global 0.9060 | Local 0.0335 | F1_macro 0.6181 | WorstLoss 1.8696
[Tracker] Ep   30 | AvgR 0.0001 | Global 0.8408 | Local 0.0138 | F1_macro 0.6094 | WorstLoss 1.9552
[Tracker] Saved snapshot: ep0030_phase1_class1
[Tracker] Ep   31 | AvgR 0.0000 | Global 0.1594 | Local 0.0278 | F1_macro 0.6108 | WorstLoss 2.2998
[Tracker] Ep   32 | AvgR 0.0000 | Global 0.0659 | Local 0.0319 | F1_macro 0.6078 | WorstLoss 2.4006
[Tracker] Ep   33 | AvgR 0.0001 | Global 0.7893 | Local 0.0103 | F1_macro 0.6352 | WorstLoss 1.9990
[Tracker] Ep   34 | AvgR 0.0001 | Global 0.8012 | Local 0.0340 | F1_macro 0.6156 | WorstLoss 1.9801
[Tracker] Ep   35 | AvgR 0.0000 | Global 0.0872 | Local 0.0269 | F1_macro 0.6261 | WorstLoss 2.3696
[Tracker] Saved snapshot: ep0035_phase1_class1
[Tracker] Ep   36 | AvgR 0.0001 | Global 0.7728 | Local 0.0469 | F1_macro 0.5986 | WorstLoss 1.9754
[Tracker] Ep   37 | AvgR 0.0001 | Global 0.2963 | Local 0.0290 | F1_macro 0.6274 | WorstLoss 2.2178
[Tracker] Ep   38 | AvgR 0.0001 | Global 0.7080 | Local 0.0174 | F1_macro 0.6466 | WorstLoss 2.0368
[Tracker] Ep   39 | AvgR 0.0002 | Global 0.9513 | Local 0.0222 | F1_macro 0.6152 | WorstLoss 1.7746
[Tracker] New BEST synthetic [phase1_class1] (by global.global_obj: 0.951316) saved.
[Tracker] BEST β weights [phase1_class1] saved -> training_runs/SPECv17a_bias05_rl_census_3seeds_EP800_PCA10_REWfairness_minID1_majID0_TRJ2000_REAL3000_BIAS0.05_GG202603181225_a74b2df8/seed_1/best_beta_state_dict_phase1_class1.pt
[Tracker] Ep   40 | AvgR 0.0001 | Global 0.3872 | Local 0.0228 | F1_macro 0.6301 | WorstLoss 2.1772
[Tracker] Saved snapshot: ep0040_phase1_class1
[Tracker] Ep   41 | AvgR 0.0002 | Global 0.9462 | Local 0.0173 | F1_macro 0.6434 | WorstLoss 1.8043
[Tracker] Ep   42 | AvgR 0.0001 | Global 0.5081 | Local 0.0207 | F1_macro 0.6395 | WorstLoss 2.1294
[Tracker] Ep   43 | AvgR 0.0001 | Global 0.6087 | Local 0.0288 | F1_macro 0.6004 | WorstLoss 2.0827
[Tracker] Ep   44 | AvgR 0.0001 | Global 0.8319 | Local 0.0257 | F1_macro 0.6235 | WorstLoss 1.9664
[Tracker] Ep   45 | AvgR 0.0001 | Global 0.7781 | Local 0.0261 | F1_macro 0.6316 | WorstLoss 2.0002
[Tracker] Saved snapshot: ep0045_phase1_class1
[Tracker] Ep   46 | AvgR 0.0001 | Global 0.5404 | Local 0.0192 | F1_macro 0.6116 | WorstLoss 2.1173
[Tracker] Ep   47 | AvgR 0.0001 | Global 0.3846 | Local 0.0315 | F1_macro 0.6012 | WorstLoss 2.1779
[Tracker] Ep   48 | AvgR 0.0001 | Global 0.6602 | Local 0.0154 | F1_macro 0.6377 | WorstLoss 2.0655
[Tracker] Ep   49 | AvgR 0.0001 | Global 0.5365 | Local 0.0285 | F1_macro 0.6240 | WorstLoss 2.1122
[Tracker] Ep   50 | AvgR 0.0001 | Global 0.8417 | Local 0.0218 | F1_macro 0.6326 | WorstLoss 1.9448
[Tracker] Saved snapshot: ep0050_phase1_class1
[Tracker] Ep   51 | AvgR 0.0001 | Global 0.7133 | Local 0.0256 | F1_macro 0.6285 | WorstLoss 2.0370
[Tracker] Ep   52 | AvgR 0.0000 | Global 0.2459 | Local 0.0183 | F1_macro 0.6204 | WorstLoss 2.2471
[Tracker] Ep   53 | AvgR 0.0001 | Global 0.7758 | Local 0.0257 | F1_macro 0.6054 | WorstLoss 1.9904
[Tracker] Ep   54 | AvgR 0.0001 | Global 0.3968 | Local 0.0227 | F1_macro 0.6271 | WorstLoss 2.1754
[Tracker] Ep   55 | AvgR 0.0001 | Global 0.7824 | Local 0.0492 | F1_macro 0.6414 | WorstLoss 1.9831
[Tracker] Saved snapshot: ep0055_phase1_class1
[Tracker] Ep   56 | AvgR 0.0000 | Global 0.1169 | Local 0.0573 | F1_macro 0.6273 | WorstLoss 2.3341
[Tracker] Ep   57 | AvgR 0.0000 | Global 0.1910 | Local 0.0394 | F1_macro 0.6263 | WorstLoss 2.2768
[Tracker] Ep   58 | AvgR 0.0001 | Global 0.4820 | Local 0.0231 | F1_macro 0.5890 | WorstLoss 2.1387
[Tracker] Ep   59 | AvgR 0.0002 | Global 0.9050 | Local 0.0360 | F1_macro 0.6004 | WorstLoss 1.8307
[Tracker] Ep   60 | AvgR 0.0001 | Global 0.4102 | Local 0.0190 | F1_macro 0.6262 | WorstLoss 2.1699
[Tracker] Saved snapshot: ep0060_phase1_class1
[Tracker] Ep   61 | AvgR 0.0001 | Global 0.2984 | Local 0.0357 | F1_macro 0.6114 | WorstLoss 2.2177
[Tracker] Ep   62 | AvgR 0.0002 | Global 0.9024 | Local 0.0403 | F1_macro 0.6336 | WorstLoss 1.8505
[Tracker] Ep   63 | AvgR 0.0001 | Global 0.8497 | Local 0.0380 | F1_macro 0.6027 | WorstLoss 1.9337
[Tracker] Ep   64 | AvgR 0.0001 | Global 0.7355 | Local 0.0374 | F1_macro 0.6258 | WorstLoss 2.0214
[Tracker] Ep   65 | AvgR 0.0001 | Global 0.7579 | Local 0.0604 | F1_macro 0.6026 | WorstLoss 1.9975
[Tracker] Saved snapshot: ep0065_phase1_class1
[Tracker] Ep   66 | AvgR 0.0001 | Global 0.4484 | Local 0.0223 | F1_macro 0.6224 | WorstLoss 2.1528
[Tracker] Ep   67 | AvgR 0.0001 | Global 0.2746 | Local 0.0393 | F1_macro 0.6060 | WorstLoss 2.2294
[Tracker] Ep   68 | AvgR 0.0001 | Global 0.8585 | Local 0.0261 | F1_macro 0.6250 | WorstLoss 1.9243
[Tracker] Ep   69 | AvgR 0.0000 | Global 0.0403 | Local 0.0633 | F1_macro 0.5936 | WorstLoss 2.4471
[Tracker] Ep   70 | AvgR 0.0000 | Global 0.2095 | Local 0.0406 | F1_macro 0.6240 | WorstLoss 2.2653
[Tracker] Saved snapshot: ep0070_phase1_class1
[Tracker] Ep   71 | AvgR 0.0001 | Global 0.5750 | Local 0.0455 | F1_macro 0.5934 | WorstLoss 2.0899
[Tracker] Ep   72 | AvgR 0.0001 | Global 0.2552 | Local 0.0367 | F1_macro 0.6108 | WorstLoss 2.2385
[Tracker] Ep   73 | AvgR 0.0002 | Global 0.8964 | Local 0.0757 | F1_macro 0.6091 | WorstLoss 1.8468
[Tracker] Ep   74 | AvgR 0.0001 | Global 0.2791 | Local 0.0681 | F1_macro 0.5883 | WorstLoss 2.2248
[Tracker] Ep   75 | AvgR 0.0001 | Global 0.6165 | Local 0.0775 | F1_macro 0.6125 | WorstLoss 2.0737
[Tracker] Saved snapshot: ep0075_phase1_class1
[Tracker] Ep   76 | AvgR 0.0001 | Global 0.5226 | Local 0.0716 | F1_macro 0.6046 | WorstLoss 2.1117
[Tracker] Ep   77 | AvgR 0.0002 | Global 0.9100 | Local 0.0533 | F1_macro 0.6061 | WorstLoss 1.8308
[Tracker] Ep   78 | AvgR 0.0000 | Global 0.1096 | Local 0.0324 | F1_macro 0.6271 | WorstLoss 2.3439
[Tracker] Ep   79 | AvgR 0.0001 | Global 0.2988 | Local 0.0619 | F1_macro 0.6148 | WorstLoss 2.2140
[Tracker] Ep   80 | AvgR 0.0001 | Global 0.4934 | Local 0.0627 | F1_macro 0.6064 | WorstLoss 2.1226
[Tracker] Saved snapshot: ep0080_phase1_class1
[Tracker] Ep   81 | AvgR 0.0002 | Global 0.8850 | Local 0.0658 | F1_macro 0.5845 | WorstLoss 1.7797
[Tracker] Ep   82 | AvgR 0.0001 | Global 0.5996 | Local 0.0539 | F1_macro 0.6176 | WorstLoss 2.0757
[Tracker] Ep   83 | AvgR 0.0001 | Global 0.7700 | Local 0.0592 | F1_macro 0.5988 | WorstLoss 1.9839
[Tracker] Ep   84 | AvgR 0.0000 | Global 0.0435 | Local 0.0464 | F1_macro 0.6025 | WorstLoss 2.4408
[Tracker] Ep   85 | AvgR 0.0001 | Global 0.8123 | Local 0.0558 | F1_macro 0.6081 | WorstLoss 1.9563
[Tracker] Saved snapshot: ep0085_phase1_class1
[Tracker] Ep   86 | AvgR 0.0002 | Global 0.9216 | Local 0.0640 | F1_macro 0.6036 | WorstLoss 1.7810
[Tracker] Ep   87 | AvgR 0.0002 | Global 0.8596 | Local 0.0476 | F1_macro 0.6081 | WorstLoss 1.9044
[Tracker] Ep   88 | AvgR 0.0002 | Global 0.9085 | Local 0.0627 | F1_macro 0.5962 | WorstLoss 1.7969
[Tracker] Ep   89 | AvgR 0.0001 | Global 0.7580 | Local 0.0554 | F1_macro 0.6031 | WorstLoss 1.9934
[Tracker] Ep   90 | AvgR 0.0001 | Global 0.6071 | Local 0.0531 | F1_macro 0.6047 | WorstLoss 2.0757
[Tracker] Saved snapshot: ep0090_phase1_class1
[Tracker] Ep   91 | AvgR 0.0001 | Global 0.5601 | Local 0.0506 | F1_macro 0.6016 | WorstLoss 2.0956
[Tracker] Ep   92 | AvgR 0.0002 | Global 0.8847 | Local 0.0429 | F1_macro 0.6017 | WorstLoss 1.8714
[Tracker] Ep   93 | AvgR 0.0002 | Global 0.8019 | Local 0.0826 | F1_macro 0.6027 | WorstLoss 1.9353
[Tracker] Ep   94 | AvgR 0.0001 | Global 0.6656 | Local 0.0447 | F1_macro 0.5943 | WorstLoss 2.0495
[Tracker] Ep   95 | AvgR 0.0001 | Global 0.6972 | Local 0.0805 | F1_macro 0.6205 | WorstLoss 2.0414
[Tracker] Saved snapshot: ep0095_phase1_class1
[Tracker] Ep   96 | AvgR 0.0001 | Global 0.2385 | Local 0.0596 | F1_macro 0.6026 | WorstLoss 2.2451
[Tracker] Ep   97 | AvgR 0.0001 | Global 0.6653 | Local 0.0695 | F1_macro 0.6054 | WorstLoss 2.0545
[Tracker] Ep   98 | AvgR 0.0002 | Global 0.8584 | Local 0.0641 | F1_macro 0.6155 | WorstLoss 1.8975
[Tracker] Ep   99 | AvgR 0.0002 | Global 0.8580 | Local 0.0509 | F1_macro 0.6004 | WorstLoss 1.9111
[Tracker] Ep  100 | AvgR 0.0001 | Global 0.7966 | Local 0.0559 | F1_macro 0.6144 | WorstLoss 1.9748
[Tracker] Saved snapshot: ep0100_phase1_class1
[Tracker] Ep  101 | AvgR 0.0002 | Global 0.9171 | Local 0.0270 | F1_macro 0.6024 | WorstLoss 1.8364
[Tracker] Ep  102 | AvgR 0.0002 | Global 0.9291 | Local 0.0378 | F1_macro 0.6142 | WorstLoss 1.8123
[Tracker] Ep  103 | AvgR 0.0002 | Global 0.8992 | Local 0.0804 | F1_macro 0.5996 | WorstLoss 1.7719
[Tracker] Ep  104 | AvgR 0.0001 | Global 0.4518 | Local 0.0396 | F1_macro 0.5987 | WorstLoss 2.1490
[Tracker] Ep  105 | AvgR 0.0001 | Global 0.3431 | Local 0.0554 | F1_macro 0.6039 | WorstLoss 2.1906
[Tracker] Saved snapshot: ep0105_phase1_class1
[Tracker] Ep  106 | AvgR 0.0001 | Global 0.7819 | Local 0.0594 | F1_macro 0.5934 | WorstLoss 1.9687
[Tracker] Ep  107 | AvgR 0.0001 | Global 0.6122 | Local 0.0527 | F1_macro 0.5913 | WorstLoss 2.0710
[Tracker] Ep  108 | AvgR 0.0002 | Global 0.9123 | Local 0.0545 | F1_macro 0.6046 | WorstLoss 1.8225
[Tracker] Ep  109 | AvgR 0.0002 | Global 0.8433 | Local 0.0705 | F1_macro 0.6029 | WorstLoss 1.9105
[Tracker] Ep  110 | AvgR 0.0001 | Global 0.7514 | Local 0.0648 | F1_macro 0.6191 | WorstLoss 2.0006
[Tracker] Saved snapshot: ep0110_phase1_class1
[Tracker] Ep  111 | AvgR 0.0002 | Global 0.8654 | Local 0.0975 | F1_macro 0.6015 | WorstLoss 1.8574
[Tracker] Ep  112 | AvgR 0.0002 | Global 0.8075 | Local 0.0641 | F1_macro 0.6158 | WorstLoss 1.9610
[Tracker] Ep  113 | AvgR 0.0001 | Global 0.7950 | Local 0.0504 | F1_macro 0.6168 | WorstLoss 1.9738
[Tracker] Ep  114 | AvgR 0.0002 | Global 0.8867 | Local 0.0511 | F1_macro 0.6046 | WorstLoss 1.8693
[Tracker] Ep  115 | AvgR 0.0002 | Global 0.7718 | Local 0.0719 | F1_macro 0.6115 | WorstLoss 1.9847
[Tracker] Saved snapshot: ep0115_phase1_class1
[Tracker] Ep  116 | AvgR 0.0001 | Global 0.6742 | Local 0.0514 | F1_macro 0.5999 | WorstLoss 2.0339
[Tracker] Ep  117 | AvgR 0.0001 | Global 0.7645 | Local 0.0413 | F1_macro 0.6088 | WorstLoss 1.9994
[Tracker] Ep  118 | AvgR 0.0001 | Global 0.3325 | Local 0.0672 | F1_macro 0.5802 | WorstLoss 2.1973
[Tracker] Ep  119 | AvgR 0.0001 | Global 0.6827 | Local 0.0814 | F1_macro 0.5838 | WorstLoss 2.0277
[Tracker] Ep  120 | AvgR 0.0000 | Global 0.1320 | Local 0.0611 | F1_macro 0.5971 | WorstLoss 2.3157
[Tracker] Saved snapshot: ep0120_phase1_class1
[Tracker] Ep  121 | AvgR 0.0002 | Global 0.8815 | Local 0.0584 | F1_macro 0.5960 | WorstLoss 1.8451
[Tracker] Ep  122 | AvgR 0.0001 | Global 0.5007 | Local 0.0779 | F1_macro 0.5891 | WorstLoss 2.1159
[Tracker] Ep  123 | AvgR 0.0002 | Global 0.8821 | Local 0.0649 | F1_macro 0.6160 | WorstLoss 1.8649
[Tracker] Ep  124 | AvgR 0.0002 | Global 0.8446 | Local 0.0644 | F1_macro 0.5934 | WorstLoss 1.9019
[Tracker] Ep  125 | AvgR 0.0000 | Global 0.1797 | Local 0.0552 | F1_macro 0.5861 | WorstLoss 2.2841
[Tracker] Saved snapshot: ep0125_phase1_class1
[Tracker] Ep  126 | AvgR 0.0002 | Global 0.8670 | Local 0.0598 | F1_macro 0.5948 | WorstLoss 1.8819
[Tracker] Ep  127 | AvgR 0.0002 | Global 0.8665 | Local 0.0593 | F1_macro 0.5869 | WorstLoss 1.8528
[Tracker] Ep  128 | AvgR 0.0002 | Global 0.9450 | Local 0.0582 | F1_macro 0.6044 | WorstLoss 1.7469
[Tracker] Ep  129 | AvgR 0.0002 | Global 0.8152 | Local 0.0599 | F1_macro 0.5959 | WorstLoss 1.9453
[Tracker] Ep  130 | AvgR 0.0002 | Global 0.8683 | Local 0.0615 | F1_macro 0.6139 | WorstLoss 1.8689
[Tracker] Saved snapshot: ep0130_phase1_class1
[Tracker] Ep  131 | AvgR 0.0001 | Global 0.7638 | Local 0.0574 | F1_macro 0.5979 | WorstLoss 1.9814
[Tracker] Ep  132 | AvgR 0.0001 | Global 0.6575 | Local 0.0422 | F1_macro 0.5904 | WorstLoss 2.0541
[Tracker] Ep  133 | AvgR 0.0001 | Global 0.6445 | Local 0.0403 | F1_macro 0.6218 | WorstLoss 2.0642
[Tracker] Ep  134 | AvgR 0.0001 | Global 0.6791 | Local 0.0595 | F1_macro 0.6088 | WorstLoss 2.0416
[Tracker] Ep  135 | AvgR 0.0002 | Global 0.9209 | Local 0.0548 | F1_macro 0.5909 | WorstLoss 1.7310
[Tracker] Saved snapshot: ep0135_phase1_class1
[Tracker] Ep  136 | AvgR 0.0001 | Global 0.4116 | Local 0.0508 | F1_macro 0.6031 | WorstLoss 2.1671
[Tracker] Ep  137 | AvgR 0.0002 | Global 0.8773 | Local 0.0820 | F1_macro 0.5985 | WorstLoss 1.8681
[Tracker] Ep  138 | AvgR 0.0001 | Global 0.7827 | Local 0.0536 | F1_macro 0.5986 | WorstLoss 1.9807
[Tracker] Ep  139 | AvgR 0.0001 | Global 0.6552 | Local 0.0627 | F1_macro 0.6152 | WorstLoss 2.0555
[Tracker] Ep  140 | AvgR 0.0002 | Global 0.8262 | Local 0.0471 | F1_macro 0.6052 | WorstLoss 1.9420
[Tracker] Saved snapshot: ep0140_phase1_class1
[Tracker] Ep  141 | AvgR 0.0002 | Global 0.8783 | Local 0.0627 | F1_macro 0.6111 | WorstLoss 1.8656
[Tracker] Ep  142 | AvgR 0.0001 | Global 0.1499 | Local 0.0817 | F1_macro 0.5864 | WorstLoss 2.3015
[Tracker] Ep  143 | AvgR 0.0001 | Global 0.6278 | Local 0.0760 | F1_macro 0.5965 | WorstLoss 2.0661
[Tracker] Ep  144 | AvgR 0.0001 | Global 0.6605 | Local 0.0660 | F1_macro 0.5942 | WorstLoss 2.0459
[Tracker] Ep  145 | AvgR 0.0002 | Global 0.8689 | Local 0.0635 | F1_macro 0.6062 | WorstLoss 1.8941
[Tracker] Saved snapshot: ep0145_phase1_class1
[Tracker] Ep  146 | AvgR 0.0001 | Global 0.7039 | Local 0.0713 | F1_macro 0.5911 | WorstLoss 2.0140
[Tracker] Ep  147 | AvgR 0.0001 | Global 0.5985 | Local 0.0912 | F1_macro 0.5919 | WorstLoss 2.0746
[Tracker] Ep  148 | AvgR 0.0002 | Global 0.7282 | Local 0.1116 | F1_macro 0.5880 | WorstLoss 2.0027
[Tracker] Ep  149 | AvgR 0.0002 | Global 0.7679 | Local 0.0851 | F1_macro 0.5977 | WorstLoss 1.9688
[Tracker] Ep  150 | AvgR 0.0002 | Global 0.8874 | Local 0.0757 | F1_macro 0.5869 | WorstLoss 1.8343
[Tracker] Saved snapshot: ep0150_phase1_class1
[Tracker] Ep  151 | AvgR 0.0002 | Global 0.8803 | Local 0.0536 | F1_macro 0.6024 | WorstLoss 1.8624
[Tracker] Ep  152 | AvgR 0.0001 | Global 0.6584 | Local 0.0733 | F1_macro 0.6075 | WorstLoss 2.0496
[Tracker] Ep  153 | AvgR 0.0002 | Global 0.7687 | Local 0.1263 | F1_macro 0.5896 | WorstLoss 1.9732
[Tracker] Ep  154 | AvgR 0.0002 | Global 0.8206 | Local 0.0817 | F1_macro 0.5911 | WorstLoss 1.8906
[Tracker] Ep  155 | AvgR 0.0001 | Global 0.6690 | Local 0.1033 | F1_macro 0.5800 | WorstLoss 2.0311
[Tracker] Saved snapshot: ep0155_phase1_class1
[Tracker] Ep  156 | AvgR 0.0001 | Global 0.7322 | Local 0.0742 | F1_macro 0.5905 | WorstLoss 1.9988
[Tracker] Ep  157 | AvgR 0.0001 | Global 0.5303 | Local 0.0916 | F1_macro 0.5813 | WorstLoss 2.0981
[Tracker] Ep  158 | AvgR 0.0002 | Global 0.8869 | Local 0.0874 | F1_macro 0.5962 | WorstLoss 1.8306
[Tracker] Ep  159 | AvgR 0.0001 | Global 0.6077 | Local 0.0857 | F1_macro 0.5765 | WorstLoss 2.0617
[Tracker] Ep  160 | AvgR 0.0002 | Global 0.7046 | Local 0.1007 | F1_macro 0.5796 | WorstLoss 2.0040
[Tracker] Saved snapshot: ep0160_phase1_class1
[Tracker] Ep  161 | AvgR 0.0002 | Global 0.6391 | Local 0.1449 | F1_macro 0.5690 | WorstLoss 2.0398
[Tracker] Ep  162 | AvgR 0.0001 | Global 0.6561 | Local 0.0718 | F1_macro 0.5942 | WorstLoss 2.0371
[Tracker] Ep  163 | AvgR 0.0002 | Global 0.7417 | Local 0.0835 | F1_macro 0.5847 | WorstLoss 1.9941
[Tracker] Ep  164 | AvgR 0.0002 | Global 0.8456 | Local 0.0662 | F1_macro 0.5999 | WorstLoss 1.8891
[Tracker] Ep  165 | AvgR 0.0002 | Global 0.8569 | Local 0.0622 | F1_macro 0.6246 | WorstLoss 1.8761
[Tracker] Saved snapshot: ep0165_phase1_class1
[Tracker] Ep  166 | AvgR 0.0001 | Global 0.3394 | Local 0.1004 | F1_macro 0.5966 | WorstLoss 2.1942
[Tracker] Ep  167 | AvgR 0.0002 | Global 0.7538 | Local 0.0925 | F1_macro 0.6015 | WorstLoss 1.9771
[Tracker] Ep  168 | AvgR 0.0002 | Global 0.9163 | Local 0.0851 | F1_macro 0.5928 | WorstLoss 1.6408
[Tracker] Ep  169 | AvgR 0.0002 | Global 0.8147 | Local 0.0830 | F1_macro 0.5934 | WorstLoss 1.9484
[Tracker] Ep  170 | AvgR 0.0002 | Global 0.7344 | Local 0.1100 | F1_macro 0.5948 | WorstLoss 1.9881
[Tracker] Saved snapshot: ep0170_phase1_class1
[Tracker] Ep  171 | AvgR 0.0002 | Global 0.7609 | Local 0.0965 | F1_macro 0.5866 | WorstLoss 1.9760
[Tracker] Ep  172 | AvgR 0.0002 | Global 0.8156 | Local 0.0726 | F1_macro 0.5931 | WorstLoss 1.9099
[Tracker] Ep  173 | AvgR 0.0002 | Global 0.8939 | Local 0.0738 | F1_macro 0.6095 | WorstLoss 1.8154
[Tracker] Ep  174 | AvgR 0.0001 | Global 0.5684 | Local 0.0792 | F1_macro 0.5990 | WorstLoss 2.0849
[Tracker] Ep  175 | AvgR 0.0002 | Global 0.7804 | Local 0.1061 | F1_macro 0.5880 | WorstLoss 1.9480
[Tracker] Saved snapshot: ep0175_phase1_class1
[Tracker] Ep  176 | AvgR 0.0002 | Global 0.7330 | Local 0.1344 | F1_macro 0.5838 | WorstLoss 1.9750
[Tracker] Ep  177 | AvgR 0.0001 | Global 0.5818 | Local 0.0824 | F1_macro 0.5894 | WorstLoss 2.0835
[Tracker] Ep  178 | AvgR 0.0002 | Global 0.8285 | Local 0.1007 | F1_macro 0.5911 | WorstLoss 1.8933
[Tracker] Ep  179 | AvgR 0.0001 | Global 0.7312 | Local 0.0628 | F1_macro 0.5962 | WorstLoss 1.9913
[Tracker] Ep  180 | AvgR 0.0002 | Global 0.8196 | Local 0.0731 | F1_macro 0.5919 | WorstLoss 1.9260
[Tracker] Saved snapshot: ep0180_phase1_class1
[Tracker] Ep  181 | AvgR 0.0002 | Global 0.9092 | Local 0.0926 | F1_macro 0.5954 | WorstLoss 1.7267
[Tracker] Ep  182 | AvgR 0.0002 | Global 0.7387 | Local 0.1087 | F1_macro 0.5961 | WorstLoss 1.9857
[Tracker] Ep  183 | AvgR 0.0002 | Global 0.7369 | Local 0.1219 | F1_macro 0.5953 | WorstLoss 1.9886
[Tracker] Ep  184 | AvgR 0.0002 | Global 0.8632 | Local 0.0792 | F1_macro 0.5922 | WorstLoss 1.8412
[Tracker] Ep  185 | AvgR 0.0001 | Global 0.5183 | Local 0.1218 | F1_macro 0.5967 | WorstLoss 2.1118
[Tracker] Saved snapshot: ep0185_phase1_class1
[Tracker] Ep  186 | AvgR 0.0002 | Global 0.7559 | Local 0.1052 | F1_macro 0.5900 | WorstLoss 1.9842
[Tracker] Ep  187 | AvgR 0.0002 | Global 0.9112 | Local 0.0777 | F1_macro 0.5942 | WorstLoss 1.6990
[Tracker] Ep  188 | AvgR 0.0001 | Global 0.5797 | Local 0.0727 | F1_macro 0.5866 | WorstLoss 2.0808
[Tracker] Ep  189 | AvgR 0.0002 | Global 0.8365 | Local 0.0746 | F1_macro 0.5845 | WorstLoss 1.8639
[Tracker] Ep  190 | AvgR 0.0002 | Global 0.7672 | Local 0.0716 | F1_macro 0.5923 | WorstLoss 1.9710
[Tracker] Saved snapshot: ep0190_phase1_class1
[Tracker] Ep  191 | AvgR 0.0002 | Global 0.7583 | Local 0.1091 | F1_macro 0.6038 | WorstLoss 1.9808
[Tracker] Ep  192 | AvgR 0.0001 | Global 0.3514 | Local 0.0844 | F1_macro 0.5952 | WorstLoss 2.1804
[Tracker] Ep  193 | AvgR 0.0001 | Global 0.5012 | Local 0.1301 | F1_macro 0.5808 | WorstLoss 2.1137
[Tracker] Ep  194 | AvgR 0.0001 | Global 0.5791 | Local 0.0957 | F1_macro 0.5861 | WorstLoss 2.0764
[Tracker] Ep  195 | AvgR 0.0002 | Global 0.8421 | Local 0.0937 | F1_macro 0.5887 | WorstLoss 1.8787
[Tracker] Saved snapshot: ep0195_phase1_class1
[Tracker] Ep  196 | AvgR 0.0002 | Global 0.8037 | Local 0.0928 | F1_macro 0.5869 | WorstLoss 1.9387
[Tracker] Ep  197 | AvgR 0.0001 | Global 0.6226 | Local 0.1145 | F1_macro 0.5897 | WorstLoss 2.0507
[Tracker] Ep  198 | AvgR 0.0002 | Global 0.8725 | Local 0.1214 | F1_macro 0.5772 | WorstLoss 1.7973
[Tracker] Ep  199 | AvgR 0.0002 | Global 0.7827 | Local 0.1440 | F1_macro 0.5771 | WorstLoss 1.9329
[Tracker] Ep  200 | AvgR 0.0001 | Global 0.5831 | Local 0.0869 | F1_macro 0.6026 | WorstLoss 2.0782
[Tracker] Saved snapshot: ep0200_phase1_class1
[Tracker] Ep  201 | AvgR 0.0002 | Global 0.8499 | Local 0.1069 | F1_macro 0.5965 | WorstLoss 1.8831
[Tracker] Ep  202 | AvgR 0.0002 | Global 0.6340 | Local 0.1200 | F1_macro 0.5685 | WorstLoss 2.0439
[Tracker] Ep  203 | AvgR 0.0001 | Global 0.6186 | Local 0.0824 | F1_macro 0.5685 | WorstLoss 2.0539
[Tracker] Ep  204 | AvgR 0.0001 | Global 0.5907 | Local 0.0879 | F1_macro 0.5997 | WorstLoss 2.0808
[Tracker] Ep  205 | AvgR 0.0002 | Global 0.6973 | Local 0.0906 | F1_macro 0.5692 | WorstLoss 1.9964
[Tracker] Saved snapshot: ep0205_phase1_class1
[Tracker] Ep  206 | AvgR 0.0002 | Global 0.7080 | Local 0.0930 | F1_macro 0.5913 | WorstLoss 2.0094
[Tracker] Ep  207 | AvgR 0.0002 | Global 0.7930 | Local 0.0785 | F1_macro 0.5943 | WorstLoss 1.9437
[Tracker] Ep  208 | AvgR 0.0002 | Global 0.6825 | Local 0.1284 | F1_macro 0.5708 | WorstLoss 2.0256
[Tracker] Ep  209 | AvgR 0.0002 | Global 0.8595 | Local 0.0975 | F1_macro 0.6006 | WorstLoss 1.8230
[Tracker] Ep  210 | AvgR 0.0002 | Global 0.7659 | Local 0.0863 | F1_macro 0.6010 | WorstLoss 1.9777
[Tracker] Saved snapshot: ep0210_phase1_class1
[Tracker] Ep  211 | AvgR 0.0001 | Global 0.3535 | Local 0.1325 | F1_macro 0.5734 | WorstLoss 2.1814
[Tracker] Ep  212 | AvgR 0.0002 | Global 0.8682 | Local 0.1017 | F1_macro 0.5963 | WorstLoss 1.8098
[Tracker] Ep  213 | AvgR 0.0002 | Global 0.7332 | Local 0.1023 | F1_macro 0.5995 | WorstLoss 1.9976
[Tracker] Ep  214 | AvgR 0.0002 | Global 0.7722 | Local 0.1248 | F1_macro 0.5884 | WorstLoss 1.9573
[Tracker] Ep  215 | AvgR 0.0002 | Global 0.8255 | Local 0.1581 | F1_macro 0.5940 | WorstLoss 1.8753
[Tracker] Saved snapshot: ep0215_phase1_class1
[Tracker] Ep  216 | AvgR 0.0002 | Global 0.8006 | Local 0.1086 | F1_macro 0.5907 | WorstLoss 1.9347
[Tracker] Ep  217 | AvgR 0.0001 | Global 0.3968 | Local 0.0676 | F1_macro 0.6006 | WorstLoss 2.1622
[Tracker] Ep  218 | AvgR 0.0002 | Global 0.7789 | Local 0.0961 | F1_macro 0.5837 | WorstLoss 1.9463
[Tracker] Ep  219 | AvgR 0.0002 | Global 0.7229 | Local 0.1246 | F1_macro 0.5775 | WorstLoss 1.9924
[Tracker] Ep  220 | AvgR 0.0002 | Global 0.6936 | Local 0.1323 | F1_macro 0.5736 | WorstLoss 2.0041
[Tracker] Saved snapshot: ep0220_phase1_class1
[Tracker] Ep  221 | AvgR 0.0001 | Global 0.5521 | Local 0.1486 | F1_macro 0.5801 | WorstLoss 2.0848
[Tracker] Ep  222 | AvgR 0.0002 | Global 0.8611 | Local 0.1031 | F1_macro 0.5831 | WorstLoss 1.8180
[Tracker] Ep  223 | AvgR 0.0002 | Global 0.8197 | Local 0.1126 | F1_macro 0.5903 | WorstLoss 1.8953
[Tracker] Ep  224 | AvgR 0.0001 | Global 0.5043 | Local 0.1229 | F1_macro 0.5827 | WorstLoss 2.1118
[Tracker] Ep  225 | AvgR 0.0002 | Global 0.7695 | Local 0.0973 | F1_macro 0.5779 | WorstLoss 1.9243
[Tracker] Saved snapshot: ep0225_phase1_class1
[Tracker] Ep  226 | AvgR 0.0002 | Global 0.6890 | Local 0.1063 | F1_macro 0.5779 | WorstLoss 2.0136
[Tracker] Ep  227 | AvgR 0.0002 | Global 0.6494 | Local 0.1269 | F1_macro 0.5812 | WorstLoss 2.0353
[Tracker] Ep  228 | AvgR 0.0002 | Global 0.7564 | Local 0.1043 | F1_macro 0.5951 | WorstLoss 1.9846
[Tracker] Ep  229 | AvgR 0.0002 | Global 0.7879 | Local 0.1154 | F1_macro 0.5815 | WorstLoss 1.9199
[Tracker] Ep  230 | AvgR 0.0002 | Global 0.6884 | Local 0.1854 | F1_macro 0.5657 | WorstLoss 1.9979
[Tracker] Saved snapshot: ep0230_phase1_class1
[Tracker] Ep  231 | AvgR 0.0002 | Global 0.8293 | Local 0.1097 | F1_macro 0.5893 | WorstLoss 1.8373
[Tracker] Ep  232 | AvgR 0.0002 | Global 0.7899 | Local 0.0977 | F1_macro 0.5888 | WorstLoss 1.9338
[Tracker] Ep  233 | AvgR 0.0001 | Global 0.6929 | Local 0.0754 | F1_macro 0.6087 | WorstLoss 2.0233
[Tracker] Ep  234 | AvgR 0.0002 | Global 0.7896 | Local 0.1456 | F1_macro 0.5815 | WorstLoss 1.9250
[Tracker] Ep  235 | AvgR 0.0002 | Global 0.8376 | Local 0.1382 | F1_macro 0.5851 | WorstLoss 1.8514
[Tracker] Saved snapshot: ep0235_phase1_class1
[Tracker] Ep  236 | AvgR 0.0002 | Global 0.6159 | Local 0.1750 | F1_macro 0.5747 | WorstLoss 2.0517
[Tracker] Ep  237 | AvgR 0.0002 | Global 0.8300 | Local 0.1377 | F1_macro 0.5967 | WorstLoss 1.8351
[Tracker] Ep  238 | AvgR 0.0002 | Global 0.7413 | Local 0.1394 | F1_macro 0.5945 | WorstLoss 1.9732
[Tracker] Ep  239 | AvgR 0.0001 | Global 0.4601 | Local 0.1280 | F1_macro 0.5856 | WorstLoss 2.1237
[Tracker] Ep  240 | AvgR 0.0002 | Global 0.8460 | Local 0.1093 | F1_macro 0.5839 | WorstLoss 1.8299
[Tracker] Saved snapshot: ep0240_phase1_class1
[Tracker] Ep  241 | AvgR 0.0002 | Global 0.8518 | Local 0.1338 | F1_macro 0.5787 | WorstLoss 1.8161
[Tracker] Ep  242 | AvgR 0.0002 | Global 0.8728 | Local 0.0992 | F1_macro 0.6046 | WorstLoss 1.8016
[Tracker] Ep  243 | AvgR 0.0002 | Global 0.8329 | Local 0.0961 | F1_macro 0.5731 | WorstLoss 1.8524
[Tracker] Ep  244 | AvgR 0.0001 | Global 0.6879 | Local 0.0605 | F1_macro 0.5915 | WorstLoss 2.0235
[Tracker] Ep  245 | AvgR 0.0002 | Global 0.7961 | Local 0.1433 | F1_macro 0.5966 | WorstLoss 1.9066
[Tracker] Saved snapshot: ep0245_phase1_class1
[Tracker] Ep  246 | AvgR 0.0002 | Global 0.7449 | Local 0.1161 | F1_macro 0.5921 | WorstLoss 1.9605
[Tracker] Ep  247 | AvgR 0.0002 | Global 0.8030 | Local 0.1128 | F1_macro 0.5897 | WorstLoss 1.9176
[Tracker] Ep  248 | AvgR 0.0002 | Global 0.8179 | Local 0.0989 | F1_macro 0.5754 | WorstLoss 1.9038
[Tracker] Ep  249 | AvgR 0.0002 | Global 0.6062 | Local 0.1347 | F1_macro 0.5891 | WorstLoss 2.0546
[Tracker] Ep  250 | AvgR 0.0001 | Global 0.3549 | Local 0.1147 | F1_macro 0.5774 | WorstLoss 2.1779
[Tracker] Saved snapshot: ep0250_phase1_class1
[Tracker] Ep  251 | AvgR 0.0002 | Global 0.8592 | Local 0.1290 | F1_macro 0.5927 | WorstLoss 1.8368
[Tracker] Ep  252 | AvgR 0.0002 | Global 0.8511 | Local 0.1188 | F1_macro 0.5949 | WorstLoss 1.8202
[Tracker] Ep  253 | AvgR 0.0002 | Global 0.6602 | Local 0.1218 | F1_macro 0.5856 | WorstLoss 2.0304
[Tracker] Ep  254 | AvgR 0.0002 | Global 0.8098 | Local 0.1218 | F1_macro 0.5651 | WorstLoss 1.8940
[Tracker] Ep  255 | AvgR 0.0002 | Global 0.6669 | Local 0.1699 | F1_macro 0.5878 | WorstLoss 2.0177
[Tracker] Saved snapshot: ep0255_phase1_class1
[Tracker] Ep  256 | AvgR 0.0002 | Global 0.8717 | Local 0.1508 | F1_macro 0.5958 | WorstLoss 1.7681
[Tracker] Ep  257 | AvgR 0.0002 | Global 0.8421 | Local 0.1382 | F1_macro 0.5753 | WorstLoss 1.8275
[Tracker] Ep  258 | AvgR 0.0002 | Global 0.8063 | Local 0.1366 | F1_macro 0.5859 | WorstLoss 1.8616
[Tracker] Ep  259 | AvgR 0.0002 | Global 0.7004 | Local 0.1121 | F1_macro 0.5732 | WorstLoss 2.0102
[Tracker] Ep  260 | AvgR 0.0002 | Global 0.6280 | Local 0.1249 | F1_macro 0.5680 | WorstLoss 2.0425
[Tracker] Saved snapshot: ep0260_phase1_class1
[Tracker] Ep  261 | AvgR 0.0002 | Global 0.8134 | Local 0.1216 | F1_macro 0.5794 | WorstLoss 1.8903
[Tracker] Ep  262 | AvgR 0.0002 | Global 0.6167 | Local 0.1216 | F1_macro 0.5878 | WorstLoss 2.0530
[Tracker] Ep  263 | AvgR 0.0002 | Global 0.7190 | Local 0.1959 | F1_macro 0.5717 | WorstLoss 1.9751
[Tracker] Ep  264 | AvgR 0.0002 | Global 0.8043 | Local 0.0991 | F1_macro 0.6002 | WorstLoss 1.9380
[Tracker] Ep  265 | AvgR 0.0002 | Global 0.8574 | Local 0.1676 | F1_macro 0.5803 | WorstLoss 1.7274
[Tracker] Saved snapshot: ep0265_phase1_class1
[Tracker] Ep  266 | AvgR 0.0002 | Global 0.8037 | Local 0.1040 | F1_macro 0.5959 | WorstLoss 1.9365
[Tracker] Ep  267 | AvgR 0.0002 | Global 0.7235 | Local 0.1052 | F1_macro 0.5923 | WorstLoss 1.9874
[Tracker] Ep  268 | AvgR 0.0002 | Global 0.6257 | Local 0.1898 | F1_macro 0.5730 | WorstLoss 2.0254
[Tracker] Ep  269 | AvgR 0.0002 | Global 0.7659 | Local 0.1735 | F1_macro 0.5797 | WorstLoss 1.9301
[Tracker] Ep  270 | AvgR 0.0002 | Global 0.8122 | Local 0.1432 | F1_macro 0.5762 | WorstLoss 1.8815
[Tracker] Saved snapshot: ep0270_phase1_class1
[Tracker] Ep  271 | AvgR 0.0002 | Global 0.8340 | Local 0.1512 | F1_macro 0.5692 | WorstLoss 1.8227
[Tracker] Ep  272 | AvgR 0.0002 | Global 0.7846 | Local 0.1645 | F1_macro 0.5746 | WorstLoss 1.8740
[Tracker] Ep  273 | AvgR 0.0002 | Global 0.8123 | Local 0.1500 | F1_macro 0.5873 | WorstLoss 1.8755
[Tracker] Ep  274 | AvgR 0.0002 | Global 0.8631 | Local 0.1283 | F1_macro 0.5747 | WorstLoss 1.7242
[Tracker] Ep  275 | AvgR 0.0002 | Global 0.8769 | Local 0.1160 | F1_macro 0.5856 | WorstLoss 1.7228
[Tracker] Saved snapshot: ep0275_phase1_class1
[Tracker] Ep  276 | AvgR 0.0002 | Global 0.7266 | Local 0.1247 | F1_macro 0.6089 | WorstLoss 1.9969
[Tracker] Ep  277 | AvgR 0.0002 | Global 0.6676 | Local 0.1877 | F1_macro 0.6010 | WorstLoss 2.0195
[Tracker] Ep  278 | AvgR 0.0002 | Global 0.8232 | Local 0.1271 | F1_macro 0.5881 | WorstLoss 1.8740
[Tracker] Ep  279 | AvgR 0.0002 | Global 0.8414 | Local 0.1728 | F1_macro 0.5757 | WorstLoss 1.8110
[Tracker] Ep  280 | AvgR 0.0002 | Global 0.8804 | Local 0.1513 | F1_macro 0.5870 | WorstLoss 1.7990
[Tracker] Saved snapshot: ep0280_phase1_class1
[Tracker] Ep  281 | AvgR 0.0002 | Global 0.8160 | Local 0.1069 | F1_macro 0.5992 | WorstLoss 1.8910
[Tracker] Ep  282 | AvgR 0.0002 | Global 0.7897 | Local 0.1642 | F1_macro 0.5817 | WorstLoss 1.8593
[Tracker] Ep  283 | AvgR 0.0002 | Global 0.6560 | Local 0.1547 | F1_macro 0.5884 | WorstLoss 2.0186
[Tracker] Ep  284 | AvgR 0.0002 | Global 0.8676 | Local 0.1743 | F1_macro 0.5694 | WorstLoss 1.6506
[Tracker] Ep  285 | AvgR 0.0002 | Global 0.7440 | Local 0.1382 | F1_macro 0.5817 | WorstLoss 1.9649
[Tracker] Saved snapshot: ep0285_phase1_class1
[Tracker] Ep  286 | AvgR 0.0002 | Global 0.7457 | Local 0.1453 | F1_macro 0.5733 | WorstLoss 1.9283
[Tracker] Ep  287 | AvgR 0.0002 | Global 0.7418 | Local 0.1297 | F1_macro 0.5915 | WorstLoss 1.9691
[Tracker] Ep  288 | AvgR 0.0002 | Global 0.8903 | Local 0.1566 | F1_macro 0.5958 | WorstLoss 1.5828
[Tracker] Ep  289 | AvgR 0.0002 | Global 0.8086 | Local 0.1103 | F1_macro 0.6046 | WorstLoss 1.8552
[Tracker] Ep  290 | AvgR 0.0002 | Global 0.7483 | Local 0.1468 | F1_macro 0.6100 | WorstLoss 1.9709
[Tracker] Saved snapshot: ep0290_phase1_class1
[Tracker] Ep  291 | AvgR 0.0002 | Global 0.8505 | Local 0.1646 | F1_macro 0.5624 | WorstLoss 1.7697
[Tracker] Ep  292 | AvgR 0.0002 | Global 0.8697 | Local 0.1414 | F1_macro 0.5948 | WorstLoss 1.7588
[Tracker] Ep  293 | AvgR 0.0002 | Global 0.8448 | Local 0.1711 | F1_macro 0.5965 | WorstLoss 1.7672
[Tracker] Ep  294 | AvgR 0.0002 | Global 0.6165 | Local 0.1799 | F1_macro 0.5734 | WorstLoss 2.0369
[Tracker] Ep  295 | AvgR 0.0002 | Global 0.8782 | Local 0.1592 | F1_macro 0.5799 | WorstLoss 1.6923
[Tracker] Saved snapshot: ep0295_phase1_class1
[Tracker] Ep  296 | AvgR 0.0002 | Global 0.8163 | Local 0.1727 | F1_macro 0.6100 | WorstLoss 1.8165
[Tracker] Ep  297 | AvgR 0.0002 | Global 0.8766 | Local 0.1697 | F1_macro 0.5890 | WorstLoss 1.5928
[Tracker] Ep  298 | AvgR 0.0002 | Global 0.7935 | Local 0.1425 | F1_macro 0.6055 | WorstLoss 1.9139
[Tracker] Ep  299 | AvgR 0.0002 | Global 0.8437 | Local 0.1309 | F1_macro 0.5891 | WorstLoss 1.7723
[Tracker] Ep  300 | AvgR 0.0002 | Global 0.9031 | Local 0.1229 | F1_macro 0.5999 | WorstLoss 1.6464
[Tracker] Saved snapshot: ep0300_phase1_class1
[Tracker] Ep  301 | AvgR 0.0002 | Global 0.8172 | Local 0.1857 | F1_macro 0.5917 | WorstLoss 1.8494
[Tracker] Ep  302 | AvgR 0.0002 | Global 0.8664 | Local 0.1803 | F1_macro 0.5776 | WorstLoss 1.7002
[Tracker] Ep  303 | AvgR 0.0002 | Global 0.8616 | Local 0.1350 | F1_macro 0.5849 | WorstLoss 1.7879
[Tracker] Ep  304 | AvgR 0.0002 | Global 0.8298 | Local 0.1618 | F1_macro 0.5890 | WorstLoss 1.8474
[Tracker] Ep  305 | AvgR 0.0002 | Global 0.8507 | Local 0.1943 | F1_macro 0.5994 | WorstLoss 1.8379
[Tracker] Saved snapshot: ep0305_phase1_class1
[Tracker] Ep  306 | AvgR 0.0002 | Global 0.8717 | Local 0.1878 | F1_macro 0.5827 | WorstLoss 1.6667
[Tracker] Ep  307 | AvgR 0.0002 | Global 0.8457 | Local 0.1677 | F1_macro 0.5763 | WorstLoss 1.7965
[Tracker] Ep  308 | AvgR 0.0002 | Global 0.8712 | Local 0.1415 | F1_macro 0.6091 | WorstLoss 1.7719
[Tracker] Ep  309 | AvgR 0.0002 | Global 0.7605 | Local 0.2177 | F1_macro 0.5708 | WorstLoss 1.9191
[Tracker] Ep  310 | AvgR 0.0002 | Global 0.8818 | Local 0.1914 | F1_macro 0.5780 | WorstLoss 1.5991
[Tracker] Saved snapshot: ep0310_phase1_class1
[Tracker] Ep  311 | AvgR 0.0002 | Global 0.8945 | Local 0.1430 | F1_macro 0.5909 | WorstLoss 1.7317
[Tracker] Ep  312 | AvgR 0.0002 | Global 0.8010 | Local 0.1816 | F1_macro 0.5724 | WorstLoss 1.7658
[Tracker] Ep  313 | AvgR 0.0002 | Global 0.8418 | Local 0.1473 | F1_macro 0.5844 | WorstLoss 1.8179
[Tracker] Ep  314 | AvgR 0.0002 | Global 0.7994 | Local 0.2314 | F1_macro 0.5515 | WorstLoss 1.8110
[Tracker] Ep  315 | AvgR 0.0002 | Global 0.8921 | Local 0.1928 | F1_macro 0.6049 | WorstLoss 1.6531
[Tracker] Saved snapshot: ep0315_phase1_class1
[Tracker] Ep  316 | AvgR 0.0002 | Global 0.8284 | Local 0.1983 | F1_macro 0.5808 | WorstLoss 1.8276
[Tracker] Ep  317 | AvgR 0.0002 | Global 0.8571 | Local 0.1962 | F1_macro 0.5703 | WorstLoss 1.6380
[Tracker] Ep  318 | AvgR 0.0002 | Global 0.8134 | Local 0.1871 | F1_macro 0.5907 | WorstLoss 1.8457
[Tracker] Ep  319 | AvgR 0.0002 | Global 0.8710 | Local 0.1651 | F1_macro 0.5798 | WorstLoss 1.5630
[Tracker] Ep  320 | AvgR 0.0002 | Global 0.7445 | Local 0.1900 | F1_macro 0.5822 | WorstLoss 1.9382
[Tracker] Saved snapshot: ep0320_phase1_class1
[Tracker] Ep  321 | AvgR 0.0002 | Global 0.8049 | Local 0.2202 | F1_macro 0.5887 | WorstLoss 1.8275
[Tracker] Ep  322 | AvgR 0.0002 | Global 0.8329 | Local 0.1823 | F1_macro 0.5842 | WorstLoss 1.7451
[Tracker] Ep  323 | AvgR 0.0002 | Global 0.8092 | Local 0.1769 | F1_macro 0.6117 | WorstLoss 1.8894
[Tracker] Ep  324 | AvgR 0.0002 | Global 0.8535 | Local 0.1654 | F1_macro 0.5955 | WorstLoss 1.8181
[Tracker] Ep  325 | AvgR 0.0002 | Global 0.8429 | Local 0.1513 | F1_macro 0.5970 | WorstLoss 1.7615
[Tracker] Saved snapshot: ep0325_phase1_class1
[Tracker] Ep  326 | AvgR 0.0002 | Global 0.7124 | Local 0.1891 | F1_macro 0.5678 | WorstLoss 1.9659
[Tracker] Ep  327 | AvgR 0.0002 | Global 0.9068 | Local 0.1489 | F1_macro 0.6021 | WorstLoss 1.5169
[Tracker] Ep  328 | AvgR 0.0002 | Global 0.8877 | Local 0.1601 | F1_macro 0.5867 | WorstLoss 1.6448
[Tracker] Ep  329 | AvgR 0.0002 | Global 0.8665 | Local 0.1987 | F1_macro 0.5884 | WorstLoss 1.6156
[Tracker] Ep  330 | AvgR 0.0002 | Global 0.8954 | Local 0.1741 | F1_macro 0.5906 | WorstLoss 1.5452
[Tracker] Saved snapshot: ep0330_phase1_class1
[Tracker] Ep  331 | AvgR 0.0002 | Global 0.7404 | Local 0.2172 | F1_macro 0.5517 | WorstLoss 1.8821
[Tracker] Ep  332 | AvgR 0.0002 | Global 0.8923 | Local 0.1429 | F1_macro 0.6035 | WorstLoss 1.6932
[Tracker] Ep  333 | AvgR 0.0002 | Global 0.8399 | Local 0.1619 | F1_macro 0.5921 | WorstLoss 1.7968
[Tracker] Ep  334 | AvgR 0.0002 | Global 0.8356 | Local 0.2484 | F1_macro 0.5829 | WorstLoss 1.7685
[Tracker] Ep  335 | AvgR 0.0002 | Global 0.8966 | Local 0.1832 | F1_macro 0.5914 | WorstLoss 1.6272
[Tracker] Saved snapshot: ep0335_phase1_class1
[Tracker] Ep  336 | AvgR 0.0002 | Global 0.8945 | Local 0.2182 | F1_macro 0.6000 | WorstLoss 1.6083
[Tracker] Ep  337 | AvgR 0.0002 | Global 0.8002 | Local 0.2123 | F1_macro 0.5770 | WorstLoss 1.8076
[Tracker] Ep  338 | AvgR 0.0002 | Global 0.8386 | Local 0.2429 | F1_macro 0.5778 | WorstLoss 1.5969
[Tracker] Ep  339 | AvgR 0.0002 | Global 0.8349 | Local 0.2532 | F1_macro 0.5969 | WorstLoss 1.5794
[Tracker] Ep  340 | AvgR 0.0002 | Global 0.8325 | Local 0.2024 | F1_macro 0.5749 | WorstLoss 1.7415
[Tracker] Saved snapshot: ep0340_phase1_class1
[Tracker] Ep  341 | AvgR 0.0002 | Global 0.8640 | Local 0.1567 | F1_macro 0.5868 | WorstLoss 1.7142
[Tracker] Ep  342 | AvgR 0.0002 | Global 0.8776 | Local 0.1759 | F1_macro 0.6108 | WorstLoss 1.6591
[Tracker] Ep  343 | AvgR 0.0002 | Global 0.8410 | Local 0.1404 | F1_macro 0.5757 | WorstLoss 1.6903
[Tracker] Ep  344 | AvgR 0.0003 | Global 0.8893 | Local 0.2595 | F1_macro 0.5610 | WorstLoss 1.4260
[Tracker] Ep  345 | AvgR 0.0002 | Global 0.7858 | Local 0.1723 | F1_macro 0.5540 | WorstLoss 1.8641
[Tracker] Saved snapshot: ep0345_phase1_class1
[Tracker] Ep  346 | AvgR 0.0002 | Global 0.8327 | Local 0.1678 | F1_macro 0.5863 | WorstLoss 1.6695
[Tracker] Ep  347 | AvgR 0.0002 | Global 0.8400 | Local 0.1810 | F1_macro 0.5982 | WorstLoss 1.8068
[Tracker] Ep  348 | AvgR 0.0002 | Global 0.8511 | Local 0.1780 | F1_macro 0.5813 | WorstLoss 1.7259
[Tracker] Ep  349 | AvgR 0.0002 | Global 0.8566 | Local 0.2041 | F1_macro 0.5909 | WorstLoss 1.5089
[Tracker] Ep  350 | AvgR 0.0002 | Global 0.8818 | Local 0.1504 | F1_macro 0.5816 | WorstLoss 1.5933
[Tracker] Saved snapshot: ep0350_phase1_class1
[Tracker] Ep  351 | AvgR 0.0002 | Global 0.8405 | Local 0.2344 | F1_macro 0.6055 | WorstLoss 1.6969
[Tracker] Ep  352 | AvgR 0.0002 | Global 0.7188 | Local 0.2027 | F1_macro 0.5925 | WorstLoss 1.9715
[Tracker] Ep  353 | AvgR 0.0002 | Global 0.8664 | Local 0.1574 | F1_macro 0.6067 | WorstLoss 1.7280
[Tracker] Ep  354 | AvgR 0.0002 | Global 0.5042 | Local 0.2273 | F1_macro 0.5925 | WorstLoss 2.0720
[Tracker] Ep  355 | AvgR 0.0002 | Global 0.9162 | Local 0.1341 | F1_macro 0.5996 | WorstLoss 1.4629
[Tracker] Saved snapshot: ep0355_phase1_class1
[Tracker] Ep  356 | AvgR 0.0002 | Global 0.8690 | Local 0.1907 | F1_macro 0.5993 | WorstLoss 1.6186
[Tracker] Ep  357 | AvgR 0.0002 | Global 0.8751 | Local 0.2071 | F1_macro 0.6235 | WorstLoss 1.6146
[Tracker] Ep  358 | AvgR 0.0002 | Global 0.6890 | Local 0.1962 | F1_macro 0.5861 | WorstLoss 1.9805
[Tracker] Ep  359 | AvgR 0.0002 | Global 0.8208 | Local 0.2441 | F1_macro 0.5661 | WorstLoss 1.6495
[Tracker] Ep  360 | AvgR 0.0002 | Global 0.8229 | Local 0.1637 | F1_macro 0.5972 | WorstLoss 1.6085
[Tracker] Saved snapshot: ep0360_phase1_class1
[Tracker] Ep  361 | AvgR 0.0002 | Global 0.8628 | Local 0.1688 | F1_macro 0.5686 | WorstLoss 1.5038
[Tracker] Ep  362 | AvgR 0.0002 | Global 0.8454 | Local 0.2190 | F1_macro 0.5885 | WorstLoss 1.5651
[Tracker] Ep  363 | AvgR 0.0002 | Global 0.8573 | Local 0.2234 | F1_macro 0.5855 | WorstLoss 1.6373
[Tracker] Ep  364 | AvgR 0.0002 | Global 0.8319 | Local 0.2423 | F1_macro 0.5905 | WorstLoss 1.7975
[Tracker] Ep  365 | AvgR 0.0002 | Global 0.8039 | Local 0.1876 | F1_macro 0.6074 | WorstLoss 1.8358
[Tracker] Saved snapshot: ep0365_phase1_class1
[Tracker] Ep  366 | AvgR 0.0002 | Global 0.9032 | Local 0.1735 | F1_macro 0.6236 | WorstLoss 1.5503
[Tracker] Ep  367 | AvgR 0.0002 | Global 0.8933 | Local 0.1448 | F1_macro 0.6103 | WorstLoss 1.5268
[Tracker] Ep  368 | AvgR 0.0002 | Global 0.8665 | Local 0.1891 | F1_macro 0.6078 | WorstLoss 1.6620
[Tracker] Ep  369 | AvgR 0.0002 | Global 0.8145 | Local 0.2197 | F1_macro 0.5887 | WorstLoss 1.8308
[Tracker] Ep  370 | AvgR 0.0002 | Global 0.8612 | Local 0.1840 | F1_macro 0.5940 | WorstLoss 1.6363
[Tracker] Saved snapshot: ep0370_phase1_class1
[Tracker] Ep  371 | AvgR 0.0002 | Global 0.8591 | Local 0.1777 | F1_macro 0.5947 | WorstLoss 1.7669
[Tracker] Ep  372 | AvgR 0.0002 | Global 0.8826 | Local 0.1960 | F1_macro 0.5977 | WorstLoss 1.6472
[Tracker] Ep  373 | AvgR 0.0002 | Global 0.8105 | Local 0.2149 | F1_macro 0.5761 | WorstLoss 1.6914
[Tracker] Ep  374 | AvgR 0.0002 | Global 0.9085 | Local 0.1427 | F1_macro 0.6134 | WorstLoss 1.6579
[Tracker] Ep  375 | AvgR 0.0002 | Global 0.8786 | Local 0.1596 | F1_macro 0.6204 | WorstLoss 1.7582
[Tracker] Saved snapshot: ep0375_phase1_class1
[Tracker] Ep  376 | AvgR 0.0002 | Global 0.7978 | Local 0.2067 | F1_macro 0.5769 | WorstLoss 1.8088
[Tracker] Ep  377 | AvgR 0.0002 | Global 0.8097 | Local 0.1575 | F1_macro 0.5890 | WorstLoss 1.8632
[Tracker] Ep  378 | AvgR 0.0002 | Global 0.8182 | Local 0.2506 | F1_macro 0.5831 | WorstLoss 1.4372
[Tracker] Ep  379 | AvgR 0.0002 | Global 0.8834 | Local 0.2020 | F1_macro 0.5880 | WorstLoss 1.4440
[Tracker] Ep  380 | AvgR 0.0002 | Global 0.8454 | Local 0.2355 | F1_macro 0.5602 | WorstLoss 1.6113
[Tracker] Saved snapshot: ep0380_phase1_class1
[Tracker] Ep  381 | AvgR 0.0002 | Global 0.7419 | Local 0.2034 | F1_macro 0.6023 | WorstLoss 1.9197
[Tracker] Ep  382 | AvgR 0.0002 | Global 0.9233 | Local 0.1925 | F1_macro 0.6206 | WorstLoss 1.3518
[Tracker] Ep  383 | AvgR 0.0002 | Global 0.8266 | Local 0.2446 | F1_macro 0.5909 | WorstLoss 1.6750
[Tracker] Ep  384 | AvgR 0.0002 | Global 0.8413 | Local 0.2137 | F1_macro 0.5970 | WorstLoss 1.8304
[Tracker] Ep  385 | AvgR 0.0002 | Global 0.8153 | Local 0.2135 | F1_macro 0.5727 | WorstLoss 1.7288
[Tracker] Saved snapshot: ep0385_phase1_class1
[Tracker] Ep  386 | AvgR 0.0002 | Global 0.8921 | Local 0.2286 | F1_macro 0.5984 | WorstLoss 1.3896
[Tracker] Ep  387 | AvgR 0.0002 | Global 0.8873 | Local 0.2266 | F1_macro 0.5933 | WorstLoss 1.5254
[Tracker] Ep  388 | AvgR 0.0002 | Global 0.7626 | Local 0.1522 | F1_macro 0.6152 | WorstLoss 1.9145
[Tracker] Ep  389 | AvgR 0.0002 | Global 0.8051 | Local 0.2159 | F1_macro 0.5837 | WorstLoss 1.7554
[Tracker] Ep  390 | AvgR 0.0002 | Global 0.9111 | Local 0.1605 | F1_macro 0.6004 | WorstLoss 1.4442
[Tracker] Saved snapshot: ep0390_phase1_class1
[Tracker] Ep  391 | AvgR 0.0002 | Global 0.8468 | Local 0.2146 | F1_macro 0.5873 | WorstLoss 1.6647
[Tracker] Ep  392 | AvgR 0.0002 | Global 0.8882 | Local 0.1920 | F1_macro 0.5996 | WorstLoss 1.6055
[Tracker] Ep  393 | AvgR 0.0002 | Global 0.8593 | Local 0.2118 | F1_macro 0.5923 | WorstLoss 1.7607
[Tracker] Ep  394 | AvgR 0.0002 | Global 0.8473 | Local 0.2182 | F1_macro 0.6121 | WorstLoss 1.5331
[Tracker] Ep  395 | AvgR 0.0002 | Global 0.7489 | Local 0.1209 | F1_macro 0.6194 | WorstLoss 1.9468
[Tracker] Saved snapshot: ep0395_phase1_class1
[Tracker] Ep  396 | AvgR 0.0003 | Global 0.8918 | Local 0.2613 | F1_macro 0.6078 | WorstLoss 1.4726
[Tracker] Ep  397 | AvgR 0.0002 | Global 0.8499 | Local 0.1827 | F1_macro 0.5827 | WorstLoss 1.7757
[Tracker] Ep  398 | AvgR 0.0002 | Global 0.8742 | Local 0.1828 | F1_macro 0.5965 | WorstLoss 1.4830
[Tracker] Ep  399 | AvgR 0.0002 | Global 0.8930 | Local 0.1529 | F1_macro 0.5959 | WorstLoss 1.5623
[Tracker] Ep  400 | AvgR 0.0002 | Global 0.8209 | Local 0.2431 | F1_macro 0.6157 | WorstLoss 1.7329
[Tracker] Saved snapshot: ep0400_phase1_class1
[Tracker] Ep  401 | AvgR 0.0002 | Global 0.9310 | Local 0.1739 | F1_macro 0.5991 | WorstLoss 1.4605
[Tracker] Ep  402 | AvgR 0.0002 | Global 0.8831 | Local 0.1900 | F1_macro 0.6145 | WorstLoss 1.6227
[Tracker] Ep  403 | AvgR 0.0002 | Global 0.8590 | Local 0.2133 | F1_macro 0.5967 | WorstLoss 1.5425
[Tracker] Ep  404 | AvgR 0.0002 | Global 0.7544 | Local 0.2185 | F1_macro 0.5677 | WorstLoss 1.8825
[Tracker] Ep  405 | AvgR 0.0002 | Global 0.8950 | Local 0.1571 | F1_macro 0.5968 | WorstLoss 1.4993
[Tracker] Saved snapshot: ep0405_phase1_class1
[Tracker] Ep  406 | AvgR 0.0002 | Global 0.8675 | Local 0.1863 | F1_macro 0.5869 | WorstLoss 1.5940
[Tracker] Ep  407 | AvgR 0.0002 | Global 0.8699 | Local 0.2258 | F1_macro 0.6019 | WorstLoss 1.5621
[Tracker] Ep  408 | AvgR 0.0002 | Global 0.9118 | Local 0.1919 | F1_macro 0.5962 | WorstLoss 1.3257
[Tracker] Ep  409 | AvgR 0.0002 | Global 0.8512 | Local 0.1926 | F1_macro 0.5922 | WorstLoss 1.5782
[Tracker] Ep  410 | AvgR 0.0002 | Global 0.8671 | Local 0.2216 | F1_macro 0.5828 | WorstLoss 1.5369
[Tracker] Saved snapshot: ep0410_phase1_class1
[Tracker] Ep  411 | AvgR 0.0002 | Global 0.8945 | Local 0.1794 | F1_macro 0.6010 | WorstLoss 1.4819
[Tracker] Ep  412 | AvgR 0.0002 | Global 0.8829 | Local 0.1769 | F1_macro 0.6223 | WorstLoss 1.5643
[Tracker] Ep  413 | AvgR 0.0002 | Global 0.8630 | Local 0.2283 | F1_macro 0.6046 | WorstLoss 1.5446
[Tracker] Ep  414 | AvgR 0.0002 | Global 0.7798 | Local 0.1641 | F1_macro 0.6254 | WorstLoss 1.8762
[Tracker] Ep  415 | AvgR 0.0002 | Global 0.9222 | Local 0.1284 | F1_macro 0.6198 | WorstLoss 1.5135
[Tracker] Saved snapshot: ep0415_phase1_class1
[Tracker] Ep  416 | AvgR 0.0002 | Global 0.8218 | Local 0.2065 | F1_macro 0.6031 | WorstLoss 1.8257
[Tracker] Ep  417 | AvgR 0.0002 | Global 0.8787 | Local 0.1688 | F1_macro 0.5729 | WorstLoss 1.3733
[Tracker] Ep  418 | AvgR 0.0002 | Global 0.7659 | Local 0.1539 | F1_macro 0.6042 | WorstLoss 1.9282
[Tracker] Ep  419 | AvgR 0.0002 | Global 0.7954 | Local 0.1548 | F1_macro 0.6086 | WorstLoss 1.8887
[Tracker] Ep  420 | AvgR 0.0002 | Global 0.9288 | Local 0.1866 | F1_macro 0.6351 | WorstLoss 1.6384
[Tracker] Saved snapshot: ep0420_phase1_class1
[Tracker] Ep  421 | AvgR 0.0002 | Global 0.8525 | Local 0.1747 | F1_macro 0.5999 | WorstLoss 1.5361
[Tracker] Ep  422 | AvgR 0.0002 | Global 0.8388 | Local 0.2243 | F1_macro 0.6070 | WorstLoss 1.7540
[Tracker] Ep  423 | AvgR 0.0002 | Global 0.8205 | Local 0.2024 | F1_macro 0.6015 | WorstLoss 1.8261
[Tracker] Ep  424 | AvgR 0.0002 | Global 0.9099 | Local 0.1698 | F1_macro 0.5939 | WorstLoss 1.4942
[Tracker] Ep  425 | AvgR 0.0002 | Global 0.8781 | Local 0.1433 | F1_macro 0.5968 | WorstLoss 1.3070
[Tracker] Saved snapshot: ep0425_phase1_class1
[Tracker] Ep  426 | AvgR 0.0002 | Global 0.8800 | Local 0.1680 | F1_macro 0.5957 | WorstLoss 1.5307
[Tracker] Ep  427 | AvgR 0.0002 | Global 0.8816 | Local 0.1726 | F1_macro 0.6005 | WorstLoss 1.5055
[Tracker] Ep  428 | AvgR 0.0002 | Global 0.8228 | Local 0.2327 | F1_macro 0.5760 | WorstLoss 1.6449
[Tracker] Ep  429 | AvgR 0.0002 | Global 0.8749 | Local 0.1523 | F1_macro 0.6006 | WorstLoss 1.7005
[Tracker] Ep  430 | AvgR 0.0002 | Global 0.8868 | Local 0.1689 | F1_macro 0.6204 | WorstLoss 1.7098
[Tracker] Saved snapshot: ep0430_phase1_class1
[Tracker] Ep  431 | AvgR 0.0002 | Global 0.8320 | Local 0.2408 | F1_macro 0.5830 | WorstLoss 1.4867
[Tracker] Ep  432 | AvgR 0.0002 | Global 0.9397 | Local 0.1595 | F1_macro 0.6036 | WorstLoss 1.1748
[Tracker] Ep  433 | AvgR 0.0003 | Global 0.8762 | Local 0.2587 | F1_macro 0.5907 | WorstLoss 1.4794
[Tracker] Ep  434 | AvgR 0.0002 | Global 0.8350 | Local 0.1742 | F1_macro 0.5982 | WorstLoss 1.6972
[Tracker] Ep  435 | AvgR 0.0002 | Global 0.9296 | Local 0.1655 | F1_macro 0.6215 | WorstLoss 1.2962
[Tracker] Saved snapshot: ep0435_phase1_class1
[Tracker] Ep  436 | AvgR 0.0002 | Global 0.8287 | Local 0.1939 | F1_macro 0.5975 | WorstLoss 1.8373
[Tracker] Ep  437 | AvgR 0.0002 | Global 0.8728 | Local 0.1682 | F1_macro 0.5856 | WorstLoss 1.5427
[Tracker] Ep  438 | AvgR 0.0003 | Global 0.8634 | Local 0.2652 | F1_macro 0.5843 | WorstLoss 1.4879
[Tracker] Ep  439 | AvgR 0.0002 | Global 0.9067 | Local 0.2035 | F1_macro 0.6307 | WorstLoss 1.3267
[Tracker] Ep  440 | AvgR 0.0002 | Global 0.9509 | Local 0.1631 | F1_macro 0.6156 | WorstLoss 1.3631
[Tracker] Saved snapshot: ep0440_phase1_class1
[Tracker] Ep  441 | AvgR 0.0002 | Global 0.9299 | Local 0.1244 | F1_macro 0.6109 | WorstLoss 1.3240
[Tracker] Ep  442 | AvgR 0.0002 | Global 0.9136 | Local 0.1700 | F1_macro 0.5930 | WorstLoss 1.3832
[Tracker] Ep  443 | AvgR 0.0002 | Global 0.8253 | Local 0.2278 | F1_macro 0.5724 | WorstLoss 1.4931
[Tracker] Ep  444 | AvgR 0.0002 | Global 0.8010 | Local 0.2057 | F1_macro 0.5832 | WorstLoss 1.7306
[Tracker] Ep  445 | AvgR 0.0002 | Global 0.9315 | Local 0.1632 | F1_macro 0.6103 | WorstLoss 1.1861
[Tracker] Saved snapshot: ep0445_phase1_class1
[Tracker] Ep  446 | AvgR 0.0002 | Global 0.8291 | Local 0.2015 | F1_macro 0.5791 | WorstLoss 1.6316
[Tracker] Ep  447 | AvgR 0.0002 | Global 0.9037 | Local 0.1829 | F1_macro 0.6186 | WorstLoss 1.4780
[Tracker] Ep  448 | AvgR 0.0002 | Global 0.9060 | Local 0.2118 | F1_macro 0.6143 | WorstLoss 1.3532
[Tracker] Ep  449 | AvgR 0.0002 | Global 0.8831 | Local 0.1888 | F1_macro 0.6328 | WorstLoss 1.6622
[Tracker] Ep  450 | AvgR 0.0003 | Global 0.8893 | Local 0.2497 | F1_macro 0.6048 | WorstLoss 1.4206
[Tracker] Saved snapshot: ep0450_phase1_class1
[Tracker] Ep  451 | AvgR 0.0003 | Global 0.8783 | Local 0.2353 | F1_macro 0.6037 | WorstLoss 1.5350
[Tracker] Ep  452 | AvgR 0.0002 | Global 0.9149 | Local 0.1592 | F1_macro 0.6041 | WorstLoss 1.4276
[Tracker] Ep  453 | AvgR 0.0003 | Global 0.8962 | Local 0.2378 | F1_macro 0.6122 | WorstLoss 1.3623
[Tracker] Ep  454 | AvgR 0.0002 | Global 0.9123 | Local 0.1698 | F1_macro 0.6027 | WorstLoss 1.5817
[Tracker] Ep  455 | AvgR 0.0002 | Global 0.8852 | Local 0.1420 | F1_macro 0.6272 | WorstLoss 1.7450
[Tracker] Saved snapshot: ep0455_phase1_class1
[Tracker] Ep  456 | AvgR 0.0002 | Global 0.8902 | Local 0.1619 | F1_macro 0.6105 | WorstLoss 1.6086
[Tracker] Ep  457 | AvgR 0.0002 | Global 0.8552 | Local 0.2412 | F1_macro 0.5900 | WorstLoss 1.5003
[Tracker] Ep  458 | AvgR 0.0002 | Global 0.9172 | Local 0.1387 | F1_macro 0.6056 | WorstLoss 1.6048
[Tracker] Ep  459 | AvgR 0.0002 | Global 0.8081 | Local 0.2013 | F1_macro 0.5923 | WorstLoss 1.8613
[Tracker] Ep  460 | AvgR 0.0003 | Global 0.8558 | Local 0.2545 | F1_macro 0.5850 | WorstLoss 1.6222
[Tracker] Saved snapshot: ep0460_phase1_class1
[Tracker] Ep  461 | AvgR 0.0002 | Global 0.8989 | Local 0.2092 | F1_macro 0.5650 | WorstLoss 1.2391
[Tracker] Ep  462 | AvgR 0.0002 | Global 0.9422 | Local 0.1727 | F1_macro 0.6066 | WorstLoss 1.2856
[Tracker] Ep  463 | AvgR 0.0002 | Global 0.7145 | Local 0.1721 | F1_macro 0.5975 | WorstLoss 2.0025
[Tracker] Ep  464 | AvgR 0.0002 | Global 0.8902 | Local 0.2005 | F1_macro 0.5990 | WorstLoss 1.4162
[Tracker] Ep  465 | AvgR 0.0002 | Global 0.8869 | Local 0.1720 | F1_macro 0.6022 | WorstLoss 1.3723
[Tracker] Saved snapshot: ep0465_phase1_class1
[Tracker] Ep  466 | AvgR 0.0002 | Global 0.8830 | Local 0.1767 | F1_macro 0.6162 | WorstLoss 1.6601
[Tracker] Ep  467 | AvgR 0.0002 | Global 0.8803 | Local 0.1903 | F1_macro 0.6037 | WorstLoss 1.6666
[Tracker] Ep  468 | AvgR 0.0002 | Global 0.8630 | Local 0.1912 | F1_macro 0.5966 | WorstLoss 1.5751
[Tracker] Ep  469 | AvgR 0.0003 | Global 0.8931 | Local 0.2306 | F1_macro 0.5995 | WorstLoss 1.4122
[Tracker] Ep  470 | AvgR 0.0002 | Global 0.8808 | Local 0.1886 | F1_macro 0.5965 | WorstLoss 1.5034
[Tracker] Saved snapshot: ep0470_phase1_class1
[Tracker] Ep  471 | AvgR 0.0002 | Global 0.9051 | Local 0.2000 | F1_macro 0.6115 | WorstLoss 1.5630
[Tracker] Ep  472 | AvgR 0.0002 | Global 0.8413 | Local 0.2135 | F1_macro 0.5684 | WorstLoss 1.6112
[Tracker] Ep  473 | AvgR 0.0002 | Global 0.8418 | Local 0.2231 | F1_macro 0.5926 | WorstLoss 1.6028
[Tracker] Ep  474 | AvgR 0.0002 | Global 0.9446 | Local 0.1311 | F1_macro 0.6155 | WorstLoss 1.1765
[Tracker] Ep  475 | AvgR 0.0002 | Global 0.8737 | Local 0.1953 | F1_macro 0.5806 | WorstLoss 1.5573
[Tracker] Saved snapshot: ep0475_phase1_class1
[Tracker] Ep  476 | AvgR 0.0003 | Global 0.9034 | Local 0.2426 | F1_macro 0.6045 | WorstLoss 1.5024
[Tracker] Ep  477 | AvgR 0.0002 | Global 0.8679 | Local 0.1828 | F1_macro 0.6079 | WorstLoss 1.5010
[Tracker] Ep  478 | AvgR 0.0002 | Global 0.8642 | Local 0.1790 | F1_macro 0.5775 | WorstLoss 1.6285
[Tracker] Ep  479 | AvgR 0.0002 | Global 0.8738 | Local 0.1810 | F1_macro 0.6062 | WorstLoss 1.5466
[Tracker] Ep  480 | AvgR 0.0002 | Global 0.9027 | Local 0.1568 | F1_macro 0.5999 | WorstLoss 1.4370
[Tracker] Saved snapshot: ep0480_phase1_class1
[Tracker] Ep  481 | AvgR 0.0002 | Global 0.9172 | Local 0.1729 | F1_macro 0.6073 | WorstLoss 1.4123
[Tracker] Ep  482 | AvgR 0.0003 | Global 0.8869 | Local 0.2464 | F1_macro 0.5960 | WorstLoss 1.6145
[Tracker] Ep  483 | AvgR 0.0002 | Global 0.8232 | Local 0.1824 | F1_macro 0.5815 | WorstLoss 1.6476
[Tracker] Ep  484 | AvgR 0.0002 | Global 0.8480 | Local 0.2246 | F1_macro 0.5799 | WorstLoss 1.6581
[Tracker] Ep  485 | AvgR 0.0003 | Global 0.8955 | Local 0.2159 | F1_macro 0.6168 | WorstLoss 1.6285
[Tracker] Saved snapshot: ep0485_phase1_class1
[Tracker] Ep  486 | AvgR 0.0002 | Global 0.8532 | Local 0.2309 | F1_macro 0.5912 | WorstLoss 1.6510
[Tracker] Ep  487 | AvgR 0.0002 | Global 0.8900 | Local 0.1778 | F1_macro 0.6099 | WorstLoss 1.4879
[Tracker] Ep  488 | AvgR 0.0002 | Global 0.8778 | Local 0.1566 | F1_macro 0.6232 | WorstLoss 1.6921
[Tracker] Ep  489 | AvgR 0.0002 | Global 0.9135 | Local 0.1683 | F1_macro 0.6108 | WorstLoss 1.3982
[Tracker] Ep  490 | AvgR 0.0002 | Global 0.8995 | Local 0.1718 | F1_macro 0.5869 | WorstLoss 1.4818
[Tracker] Saved snapshot: ep0490_phase1_class1
[Tracker] Ep  491 | AvgR 0.0002 | Global 0.9068 | Local 0.1599 | F1_macro 0.5891 | WorstLoss 1.5266
[Tracker] Ep  492 | AvgR 0.0002 | Global 0.7507 | Local 0.1648 | F1_macro 0.6064 | WorstLoss 1.9275
[Tracker] Ep  493 | AvgR 0.0002 | Global 0.8559 | Local 0.1741 | F1_macro 0.5897 | WorstLoss 1.7065
[Tracker] Ep  494 | AvgR 0.0002 | Global 0.8677 | Local 0.2056 | F1_macro 0.5764 | WorstLoss 1.4915
[Tracker] Ep  495 | AvgR 0.0002 | Global 0.8625 | Local 0.1818 | F1_macro 0.5800 | WorstLoss 1.7548
[Tracker] Saved snapshot: ep0495_phase1_class1
[Tracker] Ep  496 | AvgR 0.0002 | Global 0.8617 | Local 0.2158 | F1_macro 0.5684 | WorstLoss 1.5559
[Tracker] Ep  497 | AvgR 0.0002 | Global 0.8868 | Local 0.1918 | F1_macro 0.5942 | WorstLoss 1.5578
[Tracker] Ep  498 | AvgR 0.0002 | Global 0.9208 | Local 0.1754 | F1_macro 0.5906 | WorstLoss 1.5663
[Tracker] Ep  499 | AvgR 0.0002 | Global 0.8961 | Local 0.2000 | F1_macro 0.5848 | WorstLoss 1.3593
[Tracker] Ep  500 | AvgR 0.0003 | Global 0.9016 | Local 0.2218 | F1_macro 0.6048 | WorstLoss 1.5690
[Tracker] Saved snapshot: ep0500_phase1_class1
[Tracker] Ep  501 | AvgR 0.0002 | Global 0.8706 | Local 0.2097 | F1_macro 0.6151 | WorstLoss 1.5837
[Tracker] Ep  502 | AvgR 0.0002 | Global 0.9253 | Local 0.1724 | F1_macro 0.6087 | WorstLoss 1.5389
[Tracker] Ep  503 | AvgR 0.0002 | Global 0.8386 | Local 0.1507 | F1_macro 0.5798 | WorstLoss 1.7133
[Tracker] Ep  504 | AvgR 0.0003 | Global 0.8851 | Local 0.2235 | F1_macro 0.5882 | WorstLoss 1.3796
[Tracker] Ep  505 | AvgR 0.0003 | Global 0.8883 | Local 0.2242 | F1_macro 0.5901 | WorstLoss 1.6260
[Tracker] Saved snapshot: ep0505_phase1_class1
[Tracker] Ep  506 | AvgR 0.0002 | Global 0.8877 | Local 0.1847 | F1_macro 0.5985 | WorstLoss 1.5215
[Tracker] Ep  507 | AvgR 0.0002 | Global 0.8498 | Local 0.1990 | F1_macro 0.5773 | WorstLoss 1.5932
[Tracker] Ep  508 | AvgR 0.0002 | Global 0.9014 | Local 0.1611 | F1_macro 0.5865 | WorstLoss 1.4345
[Tracker] Ep  509 | AvgR 0.0002 | Global 0.9116 | Local 0.1867 | F1_macro 0.6007 | WorstLoss 1.3434
[Tracker] Ep  510 | AvgR 0.0002 | Global 0.8356 | Local 0.1660 | F1_macro 0.5982 | WorstLoss 1.6945
[Tracker] Saved snapshot: ep0510_phase1_class1
[Tracker] Ep  511 | AvgR 0.0002 | Global 0.8662 | Local 0.1962 | F1_macro 0.5811 | WorstLoss 1.3830
[Tracker] Ep  512 | AvgR 0.0003 | Global 0.9467 | Local 0.1871 | F1_macro 0.6085 | WorstLoss 1.0393
[Tracker] Ep  513 | AvgR 0.0002 | Global 0.9159 | Local 0.1619 | F1_macro 0.5857 | WorstLoss 1.2968
[Tracker] Ep  514 | AvgR 0.0002 | Global 0.8598 | Local 0.1910 | F1_macro 0.5876 | WorstLoss 1.5413
[Tracker] Ep  515 | AvgR 0.0002 | Global 0.8936 | Local 0.1569 | F1_macro 0.6083 | WorstLoss 1.5454
[Tracker] Saved snapshot: ep0515_phase1_class1
[Tracker] Ep  516 | AvgR 0.0003 | Global 0.8718 | Local 0.2213 | F1_macro 0.6163 | WorstLoss 1.6679
[Tracker] Ep  517 | AvgR 0.0002 | Global 0.8951 | Local 0.1832 | F1_macro 0.5828 | WorstLoss 1.5446
[Tracker] Ep  518 | AvgR 0.0002 | Global 0.9317 | Local 0.1629 | F1_macro 0.6078 | WorstLoss 1.3983
[Tracker] Ep  519 | AvgR 0.0003 | Global 0.9411 | Local 0.2064 | F1_macro 0.6199 | WorstLoss 1.5171
[Tracker] Ep  520 | AvgR 0.0002 | Global 0.8474 | Local 0.1667 | F1_macro 0.5886 | WorstLoss 1.7604
[Tracker] Saved snapshot: ep0520_phase1_class1
[Tracker] Ep  521 | AvgR 0.0002 | Global 0.9051 | Local 0.1775 | F1_macro 0.5897 | WorstLoss 1.4880
[Tracker] Ep  522 | AvgR 0.0002 | Global 0.8874 | Local 0.1455 | F1_macro 0.6209 | WorstLoss 1.5349
[Tracker] Ep  523 | AvgR 0.0002 | Global 0.8965 | Local 0.1890 | F1_macro 0.6017 | WorstLoss 1.5587
[Tracker] Ep  524 | AvgR 0.0002 | Global 0.8670 | Local 0.1976 | F1_macro 0.6250 | WorstLoss 1.6079
[Tracker] Ep  525 | AvgR 0.0002 | Global 0.8391 | Local 0.2299 | F1_macro 0.5686 | WorstLoss 1.6133
[Tracker] Saved snapshot: ep0525_phase1_class1
[Tracker] Ep  526 | AvgR 0.0002 | Global 0.9190 | Local 0.1686 | F1_macro 0.6168 | WorstLoss 1.4652
[Tracker] Ep  527 | AvgR 0.0003 | Global 0.9200 | Local 0.1884 | F1_macro 0.5976 | WorstLoss 1.4887
[Tracker] Ep  528 | AvgR 0.0002 | Global 0.9000 | Local 0.1616 | F1_macro 0.6074 | WorstLoss 1.6136
[Tracker] Ep  529 | AvgR 0.0002 | Global 0.9212 | Local 0.1574 | F1_macro 0.6094 | WorstLoss 1.2755
[Tracker] Ep  530 | AvgR 0.0002 | Global 0.8729 | Local 0.1775 | F1_macro 0.5858 | WorstLoss 1.5720
[Tracker] Saved snapshot: ep0530_phase1_class1
[Tracker] Ep  531 | AvgR 0.0003 | Global 0.8825 | Local 0.2747 | F1_macro 0.5969 | WorstLoss 1.5265
[Tracker] Ep  532 | AvgR 0.0002 | Global 0.8833 | Local 0.2067 | F1_macro 0.5871 | WorstLoss 1.6238
[Tracker] Ep  533 | AvgR 0.0002 | Global 0.9590 | Local 0.1205 | F1_macro 0.6513 | WorstLoss 1.5522
[Tracker] New BEST synthetic [phase1_class1] (by global.global_obj: 0.959047) saved.
[Tracker] BEST β weights [phase1_class1] saved -> training_runs/SPECv17a_bias05_rl_census_3seeds_EP800_PCA10_REWfairness_minID1_majID0_TRJ2000_REAL3000_BIAS0.05_GG202603181225_a74b2df8/seed_1/best_beta_state_dict_phase1_class1.pt
[Tracker] Ep  534 | AvgR 0.0002 | Global 0.8988 | Local 0.1691 | F1_macro 0.6259 | WorstLoss 1.5866
[Tracker] Ep  535 | AvgR 0.0002 | Global 0.8799 | Local 0.1578 | F1_macro 0.5735 | WorstLoss 1.6671
[Tracker] Saved snapshot: ep0535_phase1_class1
[Tracker] Ep  536 | AvgR 0.0003 | Global 0.8924 | Local 0.2232 | F1_macro 0.5810 | WorstLoss 1.3952
[Tracker] Ep  537 | AvgR 0.0002 | Global 0.9146 | Local 0.1680 | F1_macro 0.6215 | WorstLoss 1.5011
[Tracker] Ep  538 | AvgR 0.0003 | Global 0.8828 | Local 0.2411 | F1_macro 0.6144 | WorstLoss 1.5800
[Tracker] Ep  539 | AvgR 0.0002 | Global 0.8876 | Local 0.1724 | F1_macro 0.6136 | WorstLoss 1.7236
[Tracker] Ep  540 | AvgR 0.0003 | Global 0.8833 | Local 0.2538 | F1_macro 0.5805 | WorstLoss 1.4423
[Tracker] Saved snapshot: ep0540_phase1_class1
[Tracker] Ep  541 | AvgR 0.0002 | Global 0.8554 | Local 0.2065 | F1_macro 0.6064 | WorstLoss 1.6216
[Tracker] Ep  542 | AvgR 0.0002 | Global 0.8882 | Local 0.1757 | F1_macro 0.5933 | WorstLoss 1.6560
[Tracker] Ep  543 | AvgR 0.0002 | Global 0.8650 | Local 0.1962 | F1_macro 0.5744 | WorstLoss 1.6255
[Tracker] Ep  544 | AvgR 0.0002 | Global 0.8973 | Local 0.1836 | F1_macro 0.5864 | WorstLoss 1.5197
[Tracker] Ep  545 | AvgR 0.0003 | Global 0.9025 | Local 0.2400 | F1_macro 0.5888 | WorstLoss 1.1945
[Tracker] Saved snapshot: ep0545_phase1_class1
[Tracker] Ep  546 | AvgR 0.0003 | Global 0.9108 | Local 0.2337 | F1_macro 0.6075 | WorstLoss 1.3342
[Tracker] Ep  547 | AvgR 0.0002 | Global 0.8867 | Local 0.1451 | F1_macro 0.6149 | WorstLoss 1.5618
[Tracker] Ep  548 | AvgR 0.0003 | Global 0.8988 | Local 0.1965 | F1_macro 0.5932 | WorstLoss 1.3273
[Tracker] Ep  549 | AvgR 0.0003 | Global 0.9075 | Local 0.2002 | F1_macro 0.6007 | WorstLoss 1.4959
[Tracker] Ep  550 | AvgR 0.0002 | Global 0.9002 | Local 0.1731 | F1_macro 0.5777 | WorstLoss 1.5156
[Tracker] Saved snapshot: ep0550_phase1_class1
[Tracker] Ep  551 | AvgR 0.0003 | Global 0.8638 | Local 0.2398 | F1_macro 0.5716 | WorstLoss 1.5033
[Tracker] Ep  552 | AvgR 0.0002 | Global 0.8870 | Local 0.1808 | F1_macro 0.6023 | WorstLoss 1.5045
[Tracker] Ep  553 | AvgR 0.0003 | Global 0.9251 | Local 0.1851 | F1_macro 0.6032 | WorstLoss 1.3507
[Tracker] Ep  554 | AvgR 0.0003 | Global 0.8917 | Local 0.2212 | F1_macro 0.6020 | WorstLoss 1.4137
[Tracker] Ep  555 | AvgR 0.0002 | Global 0.9058 | Local 0.1626 | F1_macro 0.6257 | WorstLoss 1.6058
[Tracker] Saved snapshot: ep0555_phase1_class1
[Tracker] Ep  556 | AvgR 0.0003 | Global 0.9309 | Local 0.2089 | F1_macro 0.6013 | WorstLoss 1.2063
[Tracker] Ep  557 | AvgR 0.0002 | Global 0.9086 | Local 0.1523 | F1_macro 0.6063 | WorstLoss 1.6035
[Tracker] Ep  558 | AvgR 0.0002 | Global 0.8947 | Local 0.1772 | F1_macro 0.5980 | WorstLoss 1.5975
[Tracker] Ep  559 | AvgR 0.0003 | Global 0.8532 | Local 0.2325 | F1_macro 0.5741 | WorstLoss 1.5308
[Tracker] Ep  560 | AvgR 0.0003 | Global 0.8800 | Local 0.2452 | F1_macro 0.6025 | WorstLoss 1.6182
[Tracker] Saved snapshot: ep0560_phase1_class1
[Tracker] Ep  561 | AvgR 0.0002 | Global 0.8851 | Local 0.1720 | F1_macro 0.6000 | WorstLoss 1.4854
[Tracker] Ep  562 | AvgR 0.0003 | Global 0.8901 | Local 0.1983 | F1_macro 0.5871 | WorstLoss 1.4503
[Tracker] Ep  563 | AvgR 0.0002 | Global 0.8609 | Local 0.2065 | F1_macro 0.5911 | WorstLoss 1.7242
[Tracker] Ep  564 | AvgR 0.0002 | Global 0.9050 | Local 0.1403 | F1_macro 0.6110 | WorstLoss 1.5999
[Tracker] Ep  565 | AvgR 0.0003 | Global 0.9114 | Local 0.2242 | F1_macro 0.5810 | WorstLoss 1.3052
[Tracker] Saved snapshot: ep0565_phase1_class1
[Tracker] Ep  566 | AvgR 0.0003 | Global 0.8892 | Local 0.1937 | F1_macro 0.6096 | WorstLoss 1.4387
[Tracker] Ep  567 | AvgR 0.0003 | Global 0.9148 | Local 0.2478 | F1_macro 0.5958 | WorstLoss 1.2571
[Tracker] Ep  568 | AvgR 0.0003 | Global 0.8975 | Local 0.1975 | F1_macro 0.6038 | WorstLoss 1.4912
[Tracker] Ep  569 | AvgR 0.0003 | Global 0.9332 | Local 0.2175 | F1_macro 0.6086 | WorstLoss 1.3827
[Tracker] Ep  570 | AvgR 0.0002 | Global 0.8602 | Local 0.1963 | F1_macro 0.5968 | WorstLoss 1.5836
[Tracker] Saved snapshot: ep0570_phase1_class1
[Tracker] Ep  571 | AvgR 0.0002 | Global 0.8686 | Local 0.1399 | F1_macro 0.5905 | WorstLoss 1.5874
[Tracker] Ep  572 | AvgR 0.0002 | Global 0.9020 | Local 0.1244 | F1_macro 0.6201 | WorstLoss 1.5507
[Tracker] Ep  573 | AvgR 0.0002 | Global 0.8715 | Local 0.1643 | F1_macro 0.6025 | WorstLoss 1.7497
[Tracker] Ep  574 | AvgR 0.0002 | Global 0.8247 | Local 0.2301 | F1_macro 0.5893 | WorstLoss 1.6298
[Tracker] Ep  575 | AvgR 0.0003 | Global 0.9246 | Local 0.1903 | F1_macro 0.6012 | WorstLoss 1.2241
[Tracker] Saved snapshot: ep0575_phase1_class1
[Tracker] Ep  576 | AvgR 0.0003 | Global 0.8779 | Local 0.2019 | F1_macro 0.6111 | WorstLoss 1.6285
[Tracker] Ep  577 | AvgR 0.0003 | Global 0.8965 | Local 0.1961 | F1_macro 0.5961 | WorstLoss 1.5966
[Tracker] Ep  578 | AvgR 0.0003 | Global 0.8970 | Local 0.2464 | F1_macro 0.6102 | WorstLoss 1.5987
[Tracker] Ep  579 | AvgR 0.0003 | Global 0.8806 | Local 0.2873 | F1_macro 0.5877 | WorstLoss 1.4766
[Tracker] Ep  580 | AvgR 0.0003 | Global 0.8852 | Local 0.2283 | F1_macro 0.5929 | WorstLoss 1.4113
[Tracker] Saved snapshot: ep0580_phase1_class1
[Tracker] Ep  581 | AvgR 0.0002 | Global 0.8170 | Local 0.2269 | F1_macro 0.5918 | WorstLoss 1.7882
[Tracker] Ep  582 | AvgR 0.0002 | Global 0.8597 | Local 0.1983 | F1_macro 0.6055 | WorstLoss 1.7024
[Tracker] Ep  583 | AvgR 0.0003 | Global 0.8866 | Local 0.2072 | F1_macro 0.6072 | WorstLoss 1.4646
[Tracker] Ep  584 | AvgR 0.0002 | Global 0.6371 | Local 0.1955 | F1_macro 0.6001 | WorstLoss 2.0435
[Tracker] Ep  585 | AvgR 0.0002 | Global 0.8486 | Local 0.1737 | F1_macro 0.6087 | WorstLoss 1.7873
[Tracker] Saved snapshot: ep0585_phase1_class1
[Tracker] Ep  586 | AvgR 0.0002 | Global 0.8299 | Local 0.1575 | F1_macro 0.5923 | WorstLoss 1.8864
[Tracker] Ep  587 | AvgR 0.0002 | Global 0.9091 | Local 0.1608 | F1_macro 0.5985 | WorstLoss 1.4116
[Tracker] Ep  588 | AvgR 0.0003 | Global 0.8915 | Local 0.2165 | F1_macro 0.5738 | WorstLoss 1.5152
[Tracker] Ep  589 | AvgR 0.0003 | Global 0.8937 | Local 0.2397 | F1_macro 0.5918 | WorstLoss 1.6026
[Tracker] Ep  590 | AvgR 0.0002 | Global 0.9160 | Local 0.1474 | F1_macro 0.6303 | WorstLoss 1.5864
[Tracker] Saved snapshot: ep0590_phase1_class1
[Tracker] Ep  591 | AvgR 0.0002 | Global 0.8783 | Local 0.1911 | F1_macro 0.5740 | WorstLoss 1.3747
[Tracker] Ep  592 | AvgR 0.0002 | Global 0.8373 | Local 0.2229 | F1_macro 0.5869 | WorstLoss 1.8613
[Tracker] Ep  593 | AvgR 0.0003 | Global 0.9173 | Local 0.1689 | F1_macro 0.6164 | WorstLoss 1.4276
[Tracker] Ep  594 | AvgR 0.0003 | Global 0.8780 | Local 0.2134 | F1_macro 0.5878 | WorstLoss 1.4481
[Tracker] Ep  595 | AvgR 0.0003 | Global 0.9137 | Local 0.1685 | F1_macro 0.5803 | WorstLoss 1.3174
[Tracker] Saved snapshot: ep0595_phase1_class1
[Tracker] Ep  596 | AvgR 0.0003 | Global 0.8868 | Local 0.2114 | F1_macro 0.6265 | WorstLoss 1.6887
[Tracker] Ep  597 | AvgR 0.0003 | Global 0.9209 | Local 0.1765 | F1_macro 0.6001 | WorstLoss 1.3734
[Tracker] Ep  598 | AvgR 0.0003 | Global 0.8993 | Local 0.1847 | F1_macro 0.5985 | WorstLoss 1.5603
[Tracker] Ep  599 | AvgR 0.0003 | Global 0.9351 | Local 0.1824 | F1_macro 0.6151 | WorstLoss 1.4784
[Tracker] Ep  600 | AvgR 0.0003 | Global 0.8890 | Local 0.2401 | F1_macro 0.5718 | WorstLoss 1.4017
[Tracker] Saved snapshot: ep0600_phase1_class1
[Tracker] Ep  601 | AvgR 0.0002 | Global 0.7116 | Local 0.2364 | F1_macro 0.6024 | WorstLoss 1.9631
[Tracker] Ep  602 | AvgR 0.0003 | Global 0.9128 | Local 0.1654 | F1_macro 0.5735 | WorstLoss 1.4855
[Tracker] Ep  603 | AvgR 0.0002 | Global 0.9072 | Local 0.1520 | F1_macro 0.5942 | WorstLoss 1.5151
[Tracker] Ep  604 | AvgR 0.0003 | Global 0.8863 | Local 0.2167 | F1_macro 0.5798 | WorstLoss 1.4310
[Tracker] Ep  605 | AvgR 0.0003 | Global 0.9168 | Local 0.1726 | F1_macro 0.6039 | WorstLoss 1.4018
[Tracker] Saved snapshot: ep0605_phase1_class1
[Tracker] Ep  606 | AvgR 0.0003 | Global 0.9281 | Local 0.1911 | F1_macro 0.5942 | WorstLoss 1.4841
[Tracker] Ep  607 | AvgR 0.0003 | Global 0.8918 | Local 0.2126 | F1_macro 0.5798 | WorstLoss 1.4897
[Tracker] Ep  608 | AvgR 0.0003 | Global 0.8958 | Local 0.2239 | F1_macro 0.5822 | WorstLoss 1.2698
[Tracker] Ep  609 | AvgR 0.0003 | Global 0.9060 | Local 0.2192 | F1_macro 0.6044 | WorstLoss 1.6010
[Tracker] Ep  610 | AvgR 0.0003 | Global 0.8964 | Local 0.1867 | F1_macro 0.5898 | WorstLoss 1.5657
[Tracker] Saved snapshot: ep0610_phase1_class1
[Tracker] Ep  611 | AvgR 0.0002 | Global 0.9076 | Local 0.1602 | F1_macro 0.6220 | WorstLoss 1.6752
[Tracker] Ep  612 | AvgR 0.0003 | Global 0.9546 | Local 0.1684 | F1_macro 0.6210 | WorstLoss 1.4719
[Tracker] Ep  613 | AvgR 0.0003 | Global 0.8749 | Local 0.2293 | F1_macro 0.5968 | WorstLoss 1.4914
[Tracker] Ep  614 | AvgR 0.0003 | Global 0.8636 | Local 0.2245 | F1_macro 0.5805 | WorstLoss 1.3616
[Tracker] Ep  615 | AvgR 0.0002 | Global 0.8763 | Local 0.1821 | F1_macro 0.5925 | WorstLoss 1.5741
[Tracker] Saved snapshot: ep0615_phase1_class1
[Tracker] Ep  616 | AvgR 0.0002 | Global 0.9114 | Local 0.1454 | F1_macro 0.6051 | WorstLoss 1.5513
[Tracker] Ep  617 | AvgR 0.0003 | Global 0.9404 | Local 0.1745 | F1_macro 0.5968 | WorstLoss 1.2958
[Tracker] Ep  618 | AvgR 0.0003 | Global 0.8980 | Local 0.1964 | F1_macro 0.5721 | WorstLoss 1.4686
[Tracker] Ep  619 | AvgR 0.0003 | Global 0.9070 | Local 0.1647 | F1_macro 0.6003 | WorstLoss 1.3701
[Tracker] Ep  620 | AvgR 0.0003 | Global 0.9158 | Local 0.1552 | F1_macro 0.6220 | WorstLoss 1.4564
[Tracker] Saved snapshot: ep0620_phase1_class1
[Tracker] Ep  621 | AvgR 0.0003 | Global 0.8814 | Local 0.1891 | F1_macro 0.5977 | WorstLoss 1.6770
[Tracker] Ep  622 | AvgR 0.0002 | Global 0.8629 | Local 0.1683 | F1_macro 0.5933 | WorstLoss 1.7606
[Tracker] Ep  623 | AvgR 0.0002 | Global 0.8650 | Local 0.1798 | F1_macro 0.5749 | WorstLoss 1.6590
[Tracker] Ep  624 | AvgR 0.0003 | Global 0.9226 | Local 0.1830 | F1_macro 0.6258 | WorstLoss 1.2627
[Tracker] Ep  625 | AvgR 0.0003 | Global 0.8493 | Local 0.2369 | F1_macro 0.6033 | WorstLoss 1.7165
[Tracker] Saved snapshot: ep0625_phase1_class1
[Tracker] Ep  626 | AvgR 0.0003 | Global 0.8663 | Local 0.2517 | F1_macro 0.5816 | WorstLoss 1.5629
[Tracker] Ep  627 | AvgR 0.0003 | Global 0.9232 | Local 0.2116 | F1_macro 0.5975 | WorstLoss 1.4531
[Tracker] Ep  628 | AvgR 0.0003 | Global 0.8779 | Local 0.2012 | F1_macro 0.6050 | WorstLoss 1.5162
[Tracker] Ep  629 | AvgR 0.0003 | Global 0.8820 | Local 0.2204 | F1_macro 0.5973 | WorstLoss 1.6228
[Tracker] Ep  630 | AvgR 0.0003 | Global 0.8503 | Local 0.2128 | F1_macro 0.5759 | WorstLoss 1.5939
[Tracker] Saved snapshot: ep0630_phase1_class1
[Tracker] Ep  631 | AvgR 0.0003 | Global 0.8933 | Local 0.1700 | F1_macro 0.6015 | WorstLoss 1.3792
[Tracker] Ep  632 | AvgR 0.0003 | Global 0.8371 | Local 0.2427 | F1_macro 0.5859 | WorstLoss 1.6358
[Tracker] Ep  633 | AvgR 0.0002 | Global 0.8651 | Local 0.1481 | F1_macro 0.5844 | WorstLoss 1.7999
[Tracker] Ep  634 | AvgR 0.0003 | Global 0.8875 | Local 0.1744 | F1_macro 0.5882 | WorstLoss 1.5682
[Tracker] Ep  635 | AvgR 0.0003 | Global 0.9217 | Local 0.1725 | F1_macro 0.6020 | WorstLoss 1.3861
[Tracker] Saved snapshot: ep0635_phase1_class1
[Tracker] Ep  636 | AvgR 0.0003 | Global 0.8581 | Local 0.2365 | F1_macro 0.5788 | WorstLoss 1.7326
[Tracker] Ep  637 | AvgR 0.0003 | Global 0.9008 | Local 0.1866 | F1_macro 0.6096 | WorstLoss 1.4700
[Tracker] Ep  638 | AvgR 0.0002 | Global 0.8695 | Local 0.1831 | F1_macro 0.5829 | WorstLoss 1.7026
[Tracker] Ep  639 | AvgR 0.0003 | Global 0.8982 | Local 0.1766 | F1_macro 0.5960 | WorstLoss 1.6366
[Tracker] Ep  640 | AvgR 0.0003 | Global 0.9352 | Local 0.1578 | F1_macro 0.6182 | WorstLoss 1.3201
[Tracker] Saved snapshot: ep0640_phase1_class1
[Tracker] Ep  641 | AvgR 0.0002 | Global 0.9026 | Local 0.1566 | F1_macro 0.6075 | WorstLoss 1.5567
[Tracker] Ep  642 | AvgR 0.0003 | Global 0.8856 | Local 0.1962 | F1_macro 0.5786 | WorstLoss 1.5862
[Tracker] Ep  643 | AvgR 0.0003 | Global 0.8857 | Local 0.1959 | F1_macro 0.5731 | WorstLoss 1.5151
[Tracker] Ep  644 | AvgR 0.0003 | Global 0.9171 | Local 0.1543 | F1_macro 0.6092 | WorstLoss 1.4062
[Tracker] Ep  645 | AvgR 0.0003 | Global 0.9134 | Local 0.1846 | F1_macro 0.5841 | WorstLoss 1.3749
[Tracker] Saved snapshot: ep0645_phase1_class1
[Tracker] Ep  646 | AvgR 0.0002 | Global 0.9007 | Local 0.1418 | F1_macro 0.5928 | WorstLoss 1.5702
[Tracker] Ep  647 | AvgR 0.0002 | Global 0.8226 | Local 0.2007 | F1_macro 0.5818 | WorstLoss 1.8570
[Tracker] Ep  648 | AvgR 0.0003 | Global 0.8942 | Local 0.1929 | F1_macro 0.5902 | WorstLoss 1.5582
[Tracker] Ep  649 | AvgR 0.0003 | Global 0.9192 | Local 0.2139 | F1_macro 0.6082 | WorstLoss 1.3734
[Tracker] Ep  650 | AvgR 0.0003 | Global 0.9085 | Local 0.2091 | F1_macro 0.5910 | WorstLoss 1.3343
[Tracker] Saved snapshot: ep0650_phase1_class1
[Tracker] Ep  651 | AvgR 0.0003 | Global 0.9568 | Local 0.1811 | F1_macro 0.6163 | WorstLoss 1.3842
[Tracker] Ep  652 | AvgR 0.0003 | Global 0.9084 | Local 0.1745 | F1_macro 0.6044 | WorstLoss 1.4753
[Tracker] Ep  653 | AvgR 0.0003 | Global 0.8737 | Local 0.1931 | F1_macro 0.5999 | WorstLoss 1.6342
[Tracker] Ep  654 | AvgR 0.0003 | Global 0.9061 | Local 0.1492 | F1_macro 0.5952 | WorstLoss 1.5331
[Tracker] Ep  655 | AvgR 0.0003 | Global 0.9131 | Local 0.1581 | F1_macro 0.6032 | WorstLoss 1.5283
[Tracker] Saved snapshot: ep0655_phase1_class1
[Tracker] Ep  656 | AvgR 0.0003 | Global 0.8685 | Local 0.1889 | F1_macro 0.5848 | WorstLoss 1.6229
[Tracker] Ep  657 | AvgR 0.0003 | Global 0.9076 | Local 0.1621 | F1_macro 0.5996 | WorstLoss 1.4404
[Tracker] Ep  658 | AvgR 0.0003 | Global 0.9230 | Local 0.1616 | F1_macro 0.5917 | WorstLoss 1.2085
[Tracker] Ep  659 | AvgR 0.0002 | Global 0.8415 | Local 0.1854 | F1_macro 0.5709 | WorstLoss 1.5399
[Tracker] Ep  660 | AvgR 0.0002 | Global 0.8631 | Local 0.1707 | F1_macro 0.5855 | WorstLoss 1.7102
[Tracker] Saved snapshot: ep0660_phase1_class1
[Tracker] Ep  661 | AvgR 0.0003 | Global 0.9070 | Local 0.2051 | F1_macro 0.5857 | WorstLoss 1.4402
[Tracker] Ep  662 | AvgR 0.0003 | Global 0.8939 | Local 0.2036 | F1_macro 0.6004 | WorstLoss 1.4444
[Tracker] Ep  663 | AvgR 0.0003 | Global 0.8853 | Local 0.2053 | F1_macro 0.5875 | WorstLoss 1.5458
[Tracker] Ep  664 | AvgR 0.0003 | Global 0.9254 | Local 0.1996 | F1_macro 0.6040 | WorstLoss 1.2741
[Tracker] Ep  665 | AvgR 0.0002 | Global 0.8687 | Local 0.1751 | F1_macro 0.5891 | WorstLoss 1.5605
[Tracker] Saved snapshot: ep0665_phase1_class1
[Tracker] Ep  666 | AvgR 0.0003 | Global 0.9377 | Local 0.2139 | F1_macro 0.6051 | WorstLoss 1.3245
[Tracker] Ep  667 | AvgR 0.0002 | Global 0.8464 | Local 0.1887 | F1_macro 0.6015 | WorstLoss 1.6980
[Tracker] Ep  668 | AvgR 0.0003 | Global 0.8888 | Local 0.1822 | F1_macro 0.5895 | WorstLoss 1.7338
[Tracker] Ep  669 | AvgR 0.0003 | Global 0.9062 | Local 0.1958 | F1_macro 0.5882 | WorstLoss 1.4961
[Tracker] Ep  670 | AvgR 0.0003 | Global 0.8366 | Local 0.2271 | F1_macro 0.5808 | WorstLoss 1.6650
[Tracker] Saved snapshot: ep0670_phase1_class1
[Tracker] Ep  671 | AvgR 0.0003 | Global 0.8988 | Local 0.2209 | F1_macro 0.5686 | WorstLoss 1.3431
[Tracker] Ep  672 | AvgR 0.0003 | Global 0.9429 | Local 0.1582 | F1_macro 0.6183 | WorstLoss 1.2641
[Tracker] Ep  673 | AvgR 0.0003 | Global 0.8774 | Local 0.2121 | F1_macro 0.5784 | WorstLoss 1.7253
[Tracker] Ep  674 | AvgR 0.0003 | Global 0.8833 | Local 0.2158 | F1_macro 0.5891 | WorstLoss 1.5234
[Tracker] Ep  675 | AvgR 0.0003 | Global 0.9142 | Local 0.1683 | F1_macro 0.5931 | WorstLoss 1.5299
[Tracker] Saved snapshot: ep0675_phase1_class1
[Tracker] Ep  676 | AvgR 0.0003 | Global 0.9337 | Local 0.1893 | F1_macro 0.6028 | WorstLoss 1.3144
[Tracker] Ep  677 | AvgR 0.0002 | Global 0.8861 | Local 0.1314 | F1_macro 0.6089 | WorstLoss 1.4692
[Tracker] Ep  678 | AvgR 0.0003 | Global 0.9051 | Local 0.1921 | F1_macro 0.6033 | WorstLoss 1.6206
[Tracker] Ep  679 | AvgR 0.0003 | Global 0.8878 | Local 0.2083 | F1_macro 0.5662 | WorstLoss 1.4959
[Tracker] Ep  680 | AvgR 0.0003 | Global 0.8461 | Local 0.2185 | F1_macro 0.5872 | WorstLoss 1.8362
[Tracker] Saved snapshot: ep0680_phase1_class1
[Tracker] Ep  681 | AvgR 0.0003 | Global 0.9056 | Local 0.2072 | F1_macro 0.5905 | WorstLoss 1.1331
[Tracker] Ep  682 | AvgR 0.0003 | Global 0.9398 | Local 0.1875 | F1_macro 0.6117 | WorstLoss 1.2550
[Tracker] Ep  683 | AvgR 0.0003 | Global 0.9124 | Local 0.1984 | F1_macro 0.6045 | WorstLoss 1.5124
[Tracker] Ep  684 | AvgR 0.0003 | Global 0.8771 | Local 0.1698 | F1_macro 0.5749 | WorstLoss 1.5336
[Tracker] Ep  685 | AvgR 0.0003 | Global 0.8763 | Local 0.2440 | F1_macro 0.5913 | WorstLoss 1.6530
[Tracker] Saved snapshot: ep0685_phase1_class1
[Tracker] Ep  686 | AvgR 0.0003 | Global 0.8777 | Local 0.2285 | F1_macro 0.5828 | WorstLoss 1.6540
[Tracker] Ep  687 | AvgR 0.0003 | Global 0.8597 | Local 0.1884 | F1_macro 0.5752 | WorstLoss 1.6661
[Tracker] Ep  688 | AvgR 0.0003 | Global 0.8930 | Local 0.1842 | F1_macro 0.5921 | WorstLoss 1.4871
[Tracker] Ep  689 | AvgR 0.0003 | Global 0.9250 | Local 0.2047 | F1_macro 0.5871 | WorstLoss 1.4507
[Tracker] Ep  690 | AvgR 0.0003 | Global 0.9018 | Local 0.2101 | F1_macro 0.5796 | WorstLoss 1.2733
[Tracker] Saved snapshot: ep0690_phase1_class1
[Tracker] Ep  691 | AvgR 0.0003 | Global 0.8925 | Local 0.2369 | F1_macro 0.5824 | WorstLoss 1.3666
[Tracker] Ep  692 | AvgR 0.0003 | Global 0.9237 | Local 0.1570 | F1_macro 0.5954 | WorstLoss 1.4094
[Tracker] Ep  693 | AvgR 0.0003 | Global 0.9348 | Local 0.1625 | F1_macro 0.6056 | WorstLoss 1.3173
[Tracker] Ep  694 | AvgR 0.0003 | Global 0.8816 | Local 0.2143 | F1_macro 0.5732 | WorstLoss 1.4502
[Tracker] Ep  695 | AvgR 0.0003 | Global 0.9333 | Local 0.2009 | F1_macro 0.5907 | WorstLoss 1.1112
[Tracker] Saved snapshot: ep0695_phase1_class1
[Tracker] Ep  696 | AvgR 0.0003 | Global 0.9346 | Local 0.1679 | F1_macro 0.5985 | WorstLoss 1.3068
[Tracker] Ep  697 | AvgR 0.0003 | Global 0.9022 | Local 0.1890 | F1_macro 0.6165 | WorstLoss 1.4300
[Tracker] Ep  698 | AvgR 0.0003 | Global 0.9360 | Local 0.1641 | F1_macro 0.6045 | WorstLoss 1.4284
[Tracker] Ep  699 | AvgR 0.0003 | Global 0.8785 | Local 0.2198 | F1_macro 0.5943 | WorstLoss 1.7604
[Tracker] Ep  700 | AvgR 0.0003 | Global 0.9182 | Local 0.1376 | F1_macro 0.6129 | WorstLoss 1.5414
[Tracker] Saved snapshot: ep0700_phase1_class1
[Tracker] Ep  701 | AvgR 0.0003 | Global 0.8970 | Local 0.1968 | F1_macro 0.5969 | WorstLoss 1.4822
[Tracker] Ep  702 | AvgR 0.0003 | Global 0.9029 | Local 0.1669 | F1_macro 0.6045 | WorstLoss 1.4236
[Tracker] Ep  703 | AvgR 0.0003 | Global 0.8568 | Local 0.2210 | F1_macro 0.6073 | WorstLoss 1.5002
[Tracker] Ep  704 | AvgR 0.0003 | Global 0.9341 | Local 0.1652 | F1_macro 0.6072 | WorstLoss 1.5622
[Tracker] Ep  705 | AvgR 0.0003 | Global 0.9485 | Local 0.1739 | F1_macro 0.6177 | WorstLoss 1.4216
[Tracker] Saved snapshot: ep0705_phase1_class1
[Tracker] Ep  706 | AvgR 0.0003 | Global 0.9059 | Local 0.2072 | F1_macro 0.5806 | WorstLoss 1.3450
[Tracker] Ep  707 | AvgR 0.0003 | Global 0.9024 | Local 0.2380 | F1_macro 0.5905 | WorstLoss 1.2808
[Tracker] Ep  708 | AvgR 0.0003 | Global 0.9085 | Local 0.1447 | F1_macro 0.5902 | WorstLoss 1.3330
[Tracker] Ep  709 | AvgR 0.0003 | Global 0.8982 | Local 0.2214 | F1_macro 0.5948 | WorstLoss 1.5949
[Tracker] Ep  710 | AvgR 0.0003 | Global 0.8752 | Local 0.2354 | F1_macro 0.5565 | WorstLoss 1.3830
[Tracker] Saved snapshot: ep0710_phase1_class1
[Tracker] Ep  711 | AvgR 0.0003 | Global 0.8636 | Local 0.2074 | F1_macro 0.5972 | WorstLoss 1.5594
[Tracker] Ep  712 | AvgR 0.0003 | Global 0.8955 | Local 0.1868 | F1_macro 0.5823 | WorstLoss 1.4088
[Tracker] Ep  713 | AvgR 0.0003 | Global 0.9257 | Local 0.1976 | F1_macro 0.5926 | WorstLoss 1.3644
[Tracker] Ep  714 | AvgR 0.0002 | Global 0.7200 | Local 0.2215 | F1_macro 0.5989 | WorstLoss 1.9099
[Tracker] Ep  715 | AvgR 0.0003 | Global 0.9188 | Local 0.1523 | F1_macro 0.6154 | WorstLoss 1.4846
[Tracker] Saved snapshot: ep0715_phase1_class1
[Tracker] Ep  716 | AvgR 0.0003 | Global 0.9033 | Local 0.2407 | F1_macro 0.5977 | WorstLoss 1.4746
[Tracker] Ep  717 | AvgR 0.0003 | Global 0.8552 | Local 0.1901 | F1_macro 0.6133 | WorstLoss 1.7528
[Tracker] Ep  718 | AvgR 0.0003 | Global 0.9034 | Local 0.2696 | F1_macro 0.5709 | WorstLoss 1.3463
[Tracker] Ep  719 | AvgR 0.0003 | Global 0.8806 | Local 0.1950 | F1_macro 0.5708 | WorstLoss 1.3655
[Tracker] Ep  720 | AvgR 0.0003 | Global 0.9271 | Local 0.2420 | F1_macro 0.5972 | WorstLoss 1.2957
[Tracker] Saved snapshot: ep0720_phase1_class1
[Tracker] Ep  721 | AvgR 0.0003 | Global 0.9199 | Local 0.2315 | F1_macro 0.5913 | WorstLoss 1.2656
[Tracker] Ep  722 | AvgR 0.0003 | Global 0.8689 | Local 0.1610 | F1_macro 0.5821 | WorstLoss 1.6165
[Tracker] Ep  723 | AvgR 0.0003 | Global 0.8866 | Local 0.1901 | F1_macro 0.5697 | WorstLoss 1.4990
[Tracker] Ep  724 | AvgR 0.0003 | Global 0.8269 | Local 0.1987 | F1_macro 0.5988 | WorstLoss 1.7447
[Tracker] Ep  725 | AvgR 0.0003 | Global 0.9500 | Local 0.1627 | F1_macro 0.6102 | WorstLoss 1.3510
[Tracker] Saved snapshot: ep0725_phase1_class1
[Tracker] Ep  726 | AvgR 0.0003 | Global 0.8978 | Local 0.1726 | F1_macro 0.5822 | WorstLoss 1.6698
[Tracker] Ep  727 | AvgR 0.0003 | Global 0.9161 | Local 0.1913 | F1_macro 0.6009 | WorstLoss 1.5552
[Tracker] Ep  728 | AvgR 0.0002 | Global 0.8772 | Local 0.1487 | F1_macro 0.6027 | WorstLoss 1.8317
[Tracker] Ep  729 | AvgR 0.0002 | Global 0.7929 | Local 0.1846 | F1_macro 0.5906 | WorstLoss 1.9297
[Tracker] Ep  730 | AvgR 0.0003 | Global 0.9290 | Local 0.2181 | F1_macro 0.6069 | WorstLoss 1.5172
[Tracker] Saved snapshot: ep0730_phase1_class1
[Tracker] Ep  731 | AvgR 0.0003 | Global 0.8652 | Local 0.1592 | F1_macro 0.5748 | WorstLoss 1.7020
[Tracker] Ep  732 | AvgR 0.0003 | Global 0.9227 | Local 0.1953 | F1_macro 0.6046 | WorstLoss 1.5094
[Tracker] Ep  733 | AvgR 0.0003 | Global 0.9367 | Local 0.1266 | F1_macro 0.5898 | WorstLoss 1.2748
[Tracker] Ep  734 | AvgR 0.0003 | Global 0.9162 | Local 0.2144 | F1_macro 0.5959 | WorstLoss 1.4386
[Tracker] Ep  735 | AvgR 0.0003 | Global 0.9085 | Local 0.2216 | F1_macro 0.5814 | WorstLoss 1.3600
[Tracker] Saved snapshot: ep0735_phase1_class1
[Tracker] Ep  736 | AvgR 0.0003 | Global 0.9227 | Local 0.1487 | F1_macro 0.6002 | WorstLoss 1.3674
[Tracker] Ep  737 | AvgR 0.0003 | Global 0.9245 | Local 0.1778 | F1_macro 0.5999 | WorstLoss 1.5074
[Tracker] Ep  738 | AvgR 0.0003 | Global 0.8973 | Local 0.1701 | F1_macro 0.5731 | WorstLoss 1.3928
[Tracker] Ep  739 | AvgR 0.0003 | Global 0.8804 | Local 0.2337 | F1_macro 0.5966 | WorstLoss 1.5515
[Tracker] Ep  740 | AvgR 0.0003 | Global 0.9404 | Local 0.1702 | F1_macro 0.6081 | WorstLoss 1.1634
[Tracker] Saved snapshot: ep0740_phase1_class1
[Tracker] Ep  741 | AvgR 0.0003 | Global 0.9035 | Local 0.1595 | F1_macro 0.5708 | WorstLoss 1.5273
[Tracker] Ep  742 | AvgR 0.0003 | Global 0.9111 | Local 0.1568 | F1_macro 0.5873 | WorstLoss 1.5526
[Tracker] Ep  743 | AvgR 0.0003 | Global 0.9329 | Local 0.2321 | F1_macro 0.6065 | WorstLoss 1.3630
[Tracker] Ep  744 | AvgR 0.0003 | Global 0.9184 | Local 0.1641 | F1_macro 0.5869 | WorstLoss 1.3903
[Tracker] Ep  745 | AvgR 0.0003 | Global 0.9131 | Local 0.2090 | F1_macro 0.5994 | WorstLoss 1.3507
[Tracker] Saved snapshot: ep0745_phase1_class1
[Tracker] Ep  746 | AvgR 0.0003 | Global 0.9288 | Local 0.2051 | F1_macro 0.5946 | WorstLoss 1.3139
[Tracker] Ep  747 | AvgR 0.0003 | Global 0.9035 | Local 0.1563 | F1_macro 0.5791 | WorstLoss 1.4435
[Tracker] Ep  748 | AvgR 0.0003 | Global 0.9181 | Local 0.1848 | F1_macro 0.5834 | WorstLoss 1.2663
[Tracker] Ep  749 | AvgR 0.0003 | Global 0.9154 | Local 0.1726 | F1_macro 0.6126 | WorstLoss 1.4362
[Tracker] Ep  750 | AvgR 0.0003 | Global 0.9116 | Local 0.2287 | F1_macro 0.5890 | WorstLoss 1.6491
[Tracker] Saved snapshot: ep0750_phase1_class1
[Tracker] Ep  751 | AvgR 0.0002 | Global 0.7798 | Local 0.2101 | F1_macro 0.5906 | WorstLoss 1.9492
[Tracker] Ep  752 | AvgR 0.0003 | Global 0.9062 | Local 0.2344 | F1_macro 0.6090 | WorstLoss 1.4712
[Tracker] Ep  753 | AvgR 0.0003 | Global 0.8758 | Local 0.2101 | F1_macro 0.5798 | WorstLoss 1.6260
[Tracker] Ep  754 | AvgR 0.0003 | Global 0.9504 | Local 0.1869 | F1_macro 0.6018 | WorstLoss 1.3818
[Tracker] Ep  755 | AvgR 0.0003 | Global 0.9141 | Local 0.1849 | F1_macro 0.6014 | WorstLoss 1.5037
[Tracker] Saved snapshot: ep0755_phase1_class1
[Tracker] Ep  756 | AvgR 0.0003 | Global 0.8826 | Local 0.1739 | F1_macro 0.5808 | WorstLoss 1.5079
[Tracker] Ep  757 | AvgR 0.0003 | Global 0.9173 | Local 0.1538 | F1_macro 0.5938 | WorstLoss 1.5312
[Tracker] Ep  758 | AvgR 0.0003 | Global 0.9282 | Local 0.2284 | F1_macro 0.6078 | WorstLoss 1.4907
[Tracker] Ep  759 | AvgR 0.0003 | Global 0.9010 | Local 0.2249 | F1_macro 0.5993 | WorstLoss 1.5610
[Tracker] Ep  760 | AvgR 0.0003 | Global 0.9279 | Local 0.2032 | F1_macro 0.5896 | WorstLoss 1.3093
[Tracker] Saved snapshot: ep0760_phase1_class1
[Tracker] Ep  761 | AvgR 0.0003 | Global 0.9383 | Local 0.1814 | F1_macro 0.6179 | WorstLoss 1.5059
[Tracker] Ep  762 | AvgR 0.0003 | Global 0.8896 | Local 0.2544 | F1_macro 0.5865 | WorstLoss 1.6918
[Tracker] Ep  763 | AvgR 0.0003 | Global 0.9000 | Local 0.2005 | F1_macro 0.6035 | WorstLoss 1.6025
[Tracker] Ep  764 | AvgR 0.0003 | Global 0.9330 | Local 0.1632 | F1_macro 0.5903 | WorstLoss 1.1857
[Tracker] Ep  765 | AvgR 0.0003 | Global 0.9035 | Local 0.2012 | F1_macro 0.5897 | WorstLoss 1.3792
[Tracker] Saved snapshot: ep0765_phase1_class1
[Tracker] Ep  766 | AvgR 0.0003 | Global 0.8660 | Local 0.2435 | F1_macro 0.5778 | WorstLoss 1.5688
[Tracker] Ep  767 | AvgR 0.0003 | Global 0.9252 | Local 0.2055 | F1_macro 0.6018 | WorstLoss 1.3313
[Tracker] Ep  768 | AvgR 0.0003 | Global 0.9284 | Local 0.1832 | F1_macro 0.5993 | WorstLoss 1.2170
[Tracker] Ep  769 | AvgR 0.0003 | Global 0.8914 | Local 0.1607 | F1_macro 0.6036 | WorstLoss 1.6314
[Tracker] Ep  770 | AvgR 0.0003 | Global 0.9188 | Local 0.1866 | F1_macro 0.6044 | WorstLoss 1.5571
[Tracker] Saved snapshot: ep0770_phase1_class1
[Tracker] Ep  771 | AvgR 0.0003 | Global 0.9472 | Local 0.1747 | F1_macro 0.6259 | WorstLoss 1.4030
[Tracker] Ep  772 | AvgR 0.0003 | Global 0.8958 | Local 0.1870 | F1_macro 0.5936 | WorstLoss 1.2571
[Tracker] Ep  773 | AvgR 0.0003 | Global 0.9197 | Local 0.1309 | F1_macro 0.6097 | WorstLoss 1.7236
[Tracker] Ep  774 | AvgR 0.0003 | Global 0.9194 | Local 0.1990 | F1_macro 0.5949 | WorstLoss 1.3151
[Tracker] Ep  775 | AvgR 0.0003 | Global 0.9576 | Local 0.1425 | F1_macro 0.6198 | WorstLoss 1.3272
[Tracker] Saved snapshot: ep0775_phase1_class1
[Tracker] Ep  776 | AvgR 0.0003 | Global 0.9445 | Local 0.1556 | F1_macro 0.5833 | WorstLoss 1.3551
[Tracker] Ep  777 | AvgR 0.0003 | Global 0.9163 | Local 0.1659 | F1_macro 0.5980 | WorstLoss 1.3405
[Tracker] Ep  778 | AvgR 0.0003 | Global 0.9343 | Local 0.1572 | F1_macro 0.5974 | WorstLoss 1.3569
[Tracker] Ep  779 | AvgR 0.0003 | Global 0.8895 | Local 0.2282 | F1_macro 0.6059 | WorstLoss 1.6012
[Tracker] Ep  780 | AvgR 0.0003 | Global 0.9106 | Local 0.2048 | F1_macro 0.5862 | WorstLoss 1.5439
[Tracker] Saved snapshot: ep0780_phase1_class1
[Tracker] Ep  781 | AvgR 0.0003 | Global 0.9029 | Local 0.2284 | F1_macro 0.6061 | WorstLoss 1.5072
[Tracker] Ep  782 | AvgR 0.0003 | Global 0.9203 | Local 0.2315 | F1_macro 0.5790 | WorstLoss 1.2234
[Tracker] Ep  783 | AvgR 0.0003 | Global 0.8411 | Local 0.2116 | F1_macro 0.6077 | WorstLoss 1.9028
[Tracker] Ep  784 | AvgR 0.0003 | Global 0.9029 | Local 0.1751 | F1_macro 0.6083 | WorstLoss 1.5484
[Tracker] Ep  785 | AvgR 0.0003 | Global 0.9243 | Local 0.2125 | F1_macro 0.5940 | WorstLoss 1.2715
[Tracker] Saved snapshot: ep0785_phase1_class1
[Tracker] Ep  786 | AvgR 0.0003 | Global 0.9105 | Local 0.2026 | F1_macro 0.6036 | WorstLoss 1.3038
[Tracker] Ep  787 | AvgR 0.0003 | Global 0.9482 | Local 0.1833 | F1_macro 0.6223 | WorstLoss 1.4680
[Tracker] Ep  788 | AvgR 0.0003 | Global 0.9475 | Local 0.1995 | F1_macro 0.6053 | WorstLoss 1.2218
[Tracker] Ep  789 | AvgR 0.0003 | Global 0.9157 | Local 0.2037 | F1_macro 0.6044 | WorstLoss 1.3553
[Tracker] Ep  790 | AvgR 0.0003 | Global 0.8552 | Local 0.3075 | F1_macro 0.5964 | WorstLoss 1.6470
[Tracker] Saved snapshot: ep0790_phase1_class1
[Tracker] Ep  791 | AvgR 0.0003 | Global 0.9412 | Local 0.2322 | F1_macro 0.6023 | WorstLoss 1.4246
[Tracker] Ep  792 | AvgR 0.0003 | Global 0.8831 | Local 0.2097 | F1_macro 0.5749 | WorstLoss 1.5790
[Tracker] Ep  793 | AvgR 0.0003 | Global 0.9073 | Local 0.1806 | F1_macro 0.6015 | WorstLoss 1.5262
[Tracker] Ep  794 | AvgR 0.0003 | Global 0.9617 | Local 0.1627 | F1_macro 0.6287 | WorstLoss 1.1650
[Tracker] New BEST synthetic [phase1_class1] (by global.global_obj: 0.961719) saved.
[Tracker] BEST β weights [phase1_class1] saved -> training_runs/SPECv17a_bias05_rl_census_3seeds_EP800_PCA10_REWfairness_minID1_majID0_TRJ2000_REAL3000_BIAS0.05_GG202603181225_a74b2df8/seed_1/best_beta_state_dict_phase1_class1.pt
[Tracker] Ep  795 | AvgR 0.0003 | Global 0.8824 | Local 0.1622 | F1_macro 0.6126 | WorstLoss 1.7734
[Tracker] Saved snapshot: ep0795_phase1_class1
[Tracker] Ep  796 | AvgR 0.0003 | Global 0.8805 | Local 0.1733 | F1_macro 0.5997 | WorstLoss 1.6530
[Tracker] Ep  797 | AvgR 0.0003 | Global 0.9264 | Local 0.1965 | F1_macro 0.6011 | WorstLoss 1.5041
[Tracker] Ep  798 | AvgR 0.0003 | Global 0.9440 | Local 0.1798 | F1_macro 0.6134 | WorstLoss 1.4304
[Tracker] Ep  799 | AvgR 0.0003 | Global 0.9139 | Local 0.2286 | F1_macro 0.5826 | WorstLoss 1.2989
[Tracker] Ep  800 | AvgR 0.0003 | Global 0.8853 | Local 0.1601 | F1_macro 0.5726 | WorstLoss 1.4667
[Tracker] Saved snapshot: ep0800_phase1_class1
[Phase] Finished phase1_class1 | best global_obj=0.9617
Phase 2 anchors: 1764 (y=0 & disadv=1)
FFNN Using device: cuda:0

============================================================
[Phase] Starting phase2_class0 | target_class=0 | episodes=200
============================================================
[Tracker] Ep    1 | AvgR 0.0002 | Global 0.9693 | Local 0.0420 | F1_macro 0.6404 | WorstLoss 1.3032
[Tracker] New BEST synthetic [phase2_class0] (by global.global_obj: 0.969253) saved.
[Tracker] BEST β weights [phase2_class0] saved -> training_runs/SPECv17a_bias05_rl_census_3seeds_EP800_PCA10_REWfairness_minID1_majID0_TRJ2000_REAL3000_BIAS0.05_GG202603181225_a74b2df8/seed_1/best_beta_state_dict_phase2_class0.pt
[Tracker] Ep    2 | AvgR 0.0002 | Global 0.9582 | Local 0.0228 | F1_macro 0.6266 | WorstLoss 1.2753
[Tracker] Ep    3 | AvgR 0.0002 | Global 0.9607 | Local 0.0221 | F1_macro 0.6284 | WorstLoss 1.3764
[Tracker] Ep    4 | AvgR 0.0002 | Global 0.9714 | Local 0.0116 | F1_macro 0.6245 | WorstLoss 1.3338
[Tracker] New BEST synthetic [phase2_class0] (by global.global_obj: 0.971408) saved.
[Tracker] BEST β weights [phase2_class0] saved -> training_runs/SPECv17a_bias05_rl_census_3seeds_EP800_PCA10_REWfairness_minID1_majID0_TRJ2000_REAL3000_BIAS0.05_GG202603181225_a74b2df8/seed_1/best_beta_state_dict_phase2_class0.pt
[Tracker] Ep    5 | AvgR 0.0002 | Global 0.9615 | Local 0.0142 | F1_macro 0.6320 | WorstLoss 1.4071
[Tracker] Saved snapshot: ep0005_phase2_class0
[Tracker] Ep    6 | AvgR 0.0002 | Global 0.9716 | Local 0.0088 | F1_macro 0.6385 | WorstLoss 1.2754
[Tracker] New BEST synthetic [phase2_class0] (by global.global_obj: 0.971562) saved.
[Tracker] BEST β weights [phase2_class0] saved -> training_runs/SPECv17a_bias05_rl_census_3seeds_EP800_PCA10_REWfairness_minID1_majID0_TRJ2000_REAL3000_BIAS0.05_GG202603181225_a74b2df8/seed_1/best_beta_state_dict_phase2_class0.pt
[Tracker] Ep    7 | AvgR 0.0002 | Global 0.9531 | Local 0.0306 | F1_macro 0.6271 | WorstLoss 1.3284
[Tracker] Ep    8 | AvgR 0.0002 | Global 0.9623 | Local 0.0230 | F1_macro 0.6299 | WorstLoss 1.4428
[Tracker] Ep    9 | AvgR 0.0002 | Global 0.9612 | Local 0.0438 | F1_macro 0.6193 | WorstLoss 1.3314
[Tracker] Ep   10 | AvgR 0.0002 | Global 0.9736 | Local 0.0063 | F1_macro 0.6338 | WorstLoss 1.2835
[Tracker] Saved snapshot: ep0010_phase2_class0
[Tracker] New BEST synthetic [phase2_class0] (by global.global_obj: 0.973641) saved.
[Tracker] BEST β weights [phase2_class0] saved -> training_runs/SPECv17a_bias05_rl_census_3seeds_EP800_PCA10_REWfairness_minID1_majID0_TRJ2000_REAL3000_BIAS0.05_GG202603181225_a74b2df8/seed_1/best_beta_state_dict_phase2_class0.pt
[Tracker] Ep   11 | AvgR 0.0002 | Global 0.9592 | Local 0.0141 | F1_macro 0.6182 | WorstLoss 1.4296
[Tracker] Ep   12 | AvgR 0.0002 | Global 0.9579 | Local 0.0245 | F1_macro 0.6215 | WorstLoss 1.2763
[Tracker] Ep   13 | AvgR 0.0002 | Global 0.9584 | Local 0.0166 | F1_macro 0.6307 | WorstLoss 1.4489
[Tracker] Ep   14 | AvgR 0.0002 | Global 0.9681 | Local 0.0052 | F1_macro 0.6319 | WorstLoss 1.4050
[Tracker] Ep   15 | AvgR 0.0002 | Global 0.9617 | Local 0.0114 | F1_macro 0.6179 | WorstLoss 1.3613
[Tracker] Saved snapshot: ep0015_phase2_class0
[Tracker] Ep   16 | AvgR 0.0002 | Global 0.9611 | Local 0.0153 | F1_macro 0.6360 | WorstLoss 1.3642
[Tracker] Ep   17 | AvgR 0.0002 | Global 0.9563 | Local 0.0171 | F1_macro 0.6240 | WorstLoss 1.3563
[Tracker] Ep   18 | AvgR 0.0002 | Global 0.9687 | Local 0.0115 | F1_macro 0.6305 | WorstLoss 1.2973
[Tracker] Ep   19 | AvgR 0.0002 | Global 0.9605 | Local 0.0315 | F1_macro 0.6237 | WorstLoss 1.3873
[Tracker] Ep   20 | AvgR 0.0002 | Global 0.9600 | Local 0.0182 | F1_macro 0.6340 | WorstLoss 1.4969
[Tracker] Saved snapshot: ep0020_phase2_class0
[Tracker] Ep   21 | AvgR 0.0002 | Global 0.9646 | Local 0.0097 | F1_macro 0.6299 | WorstLoss 1.3517
[Tracker] Ep   22 | AvgR 0.0002 | Global 0.9663 | Local 0.0257 | F1_macro 0.6367 | WorstLoss 1.3429
[Tracker] Ep   23 | AvgR 0.0002 | Global 0.9696 | Local 0.0302 | F1_macro 0.6256 | WorstLoss 1.2303
[Tracker] Ep   24 | AvgR 0.0002 | Global 0.9642 | Local 0.0093 | F1_macro 0.6325 | WorstLoss 1.4232
[Tracker] Ep   25 | AvgR 0.0002 | Global 0.9565 | Local 0.0245 | F1_macro 0.6198 | WorstLoss 1.4683
[Tracker] Saved snapshot: ep0025_phase2_class0
[Tracker] Ep   26 | AvgR 0.0002 | Global 0.9740 | Local 0.0101 | F1_macro 0.6350 | WorstLoss 1.3124
[Tracker] New BEST synthetic [phase2_class0] (by global.global_obj: 0.974027) saved.
[Tracker] BEST β weights [phase2_class0] saved -> training_runs/SPECv17a_bias05_rl_census_3seeds_EP800_PCA10_REWfairness_minID1_majID0_TRJ2000_REAL3000_BIAS0.05_GG202603181225_a74b2df8/seed_1/best_beta_state_dict_phase2_class0.pt
[Tracker] Ep   27 | AvgR 0.0002 | Global 0.9674 | Local 0.0219 | F1_macro 0.6335 | WorstLoss 1.3310
[Tracker] Ep   28 | AvgR 0.0002 | Global 0.9657 | Local 0.0121 | F1_macro 0.6249 | WorstLoss 1.3218
[Tracker] Ep   29 | AvgR 0.0002 | Global 0.9671 | Local 0.0150 | F1_macro 0.6300 | WorstLoss 1.2690
[Tracker] Ep   30 | AvgR 0.0002 | Global 0.9775 | Local 0.0082 | F1_macro 0.6462 | WorstLoss 1.2187
[Tracker] Saved snapshot: ep0030_phase2_class0
[Tracker] New BEST synthetic [phase2_class0] (by global.global_obj: 0.977472) saved.
[Tracker] BEST β weights [phase2_class0] saved -> training_runs/SPECv17a_bias05_rl_census_3seeds_EP800_PCA10_REWfairness_minID1_majID0_TRJ2000_REAL3000_BIAS0.05_GG202603181225_a74b2df8/seed_1/best_beta_state_dict_phase2_class0.pt
[Tracker] Ep   31 | AvgR 0.0002 | Global 0.9517 | Local 0.0085 | F1_macro 0.6185 | WorstLoss 1.5646
[Tracker] Ep   32 | AvgR 0.0002 | Global 0.9751 | Local 0.0175 | F1_macro 0.6376 | WorstLoss 1.3097
[Tracker] Ep   33 | AvgR 0.0002 | Global 0.9740 | Local 0.0179 | F1_macro 0.6439 | WorstLoss 1.1869
[Tracker] Ep   34 | AvgR 0.0002 | Global 0.9710 | Local 0.0219 | F1_macro 0.6399 | WorstLoss 1.2590
[Tracker] Ep   35 | AvgR 0.0002 | Global 0.9738 | Local 0.0124 | F1_macro 0.6501 | WorstLoss 1.4349
[Tracker] Saved snapshot: ep0035_phase2_class0
[Tracker] Ep   36 | AvgR 0.0002 | Global 0.9719 | Local 0.0063 | F1_macro 0.6301 | WorstLoss 1.3245
[Tracker] Ep   37 | AvgR 0.0002 | Global 0.9617 | Local 0.0158 | F1_macro 0.6351 | WorstLoss 1.4764
[Tracker] Ep   38 | AvgR 0.0002 | Global 0.9809 | Local 0.0136 | F1_macro 0.6442 | WorstLoss 1.2404
[Tracker] New BEST synthetic [phase2_class0] (by global.global_obj: 0.980869) saved.
[Tracker] BEST β weights [phase2_class0] saved -> training_runs/SPECv17a_bias05_rl_census_3seeds_EP800_PCA10_REWfairness_minID1_majID0_TRJ2000_REAL3000_BIAS0.05_GG202603181225_a74b2df8/seed_1/best_beta_state_dict_phase2_class0.pt
[Tracker] Ep   39 | AvgR 0.0002 | Global 0.9742 | Local 0.0120 | F1_macro 0.6390 | WorstLoss 1.1871
[Tracker] Ep   40 | AvgR 0.0002 | Global 0.9698 | Local 0.0112 | F1_macro 0.6227 | WorstLoss 1.1895
[Tracker] Saved snapshot: ep0040_phase2_class0
[Tracker] Ep   41 | AvgR 0.0002 | Global 0.9646 | Local 0.0094 | F1_macro 0.6429 | WorstLoss 1.3595
[Tracker] Ep   42 | AvgR 0.0002 | Global 0.9706 | Local 0.0227 | F1_macro 0.6438 | WorstLoss 1.2421
[Tracker] Ep   43 | AvgR 0.0002 | Global 0.9668 | Local 0.0116 | F1_macro 0.6340 | WorstLoss 1.1970
[Tracker] Ep   44 | AvgR 0.0002 | Global 0.9765 | Local 0.0086 | F1_macro 0.6365 | WorstLoss 1.1602
[Tracker] Ep   45 | AvgR 0.0002 | Global 0.9766 | Local 0.0231 | F1_macro 0.6272 | WorstLoss 1.1023
[Tracker] Saved snapshot: ep0045_phase2_class0
[Tracker] Ep   46 | AvgR 0.0002 | Global 0.9691 | Local 0.0167 | F1_macro 0.6272 | WorstLoss 1.1663
[Tracker] Ep   47 | AvgR 0.0002 | Global 0.9588 | Local 0.0164 | F1_macro 0.6383 | WorstLoss 1.4812
[Tracker] Ep   48 | AvgR 0.0002 | Global 0.9578 | Local 0.0117 | F1_macro 0.6302 | WorstLoss 1.4117
[Tracker] Ep   49 | AvgR 0.0002 | Global 0.9656 | Local 0.0190 | F1_macro 0.6243 | WorstLoss 1.3323
[Tracker] Ep   50 | AvgR 0.0002 | Global 0.9555 | Local 0.0149 | F1_macro 0.6294 | WorstLoss 1.4418
[Tracker] Saved snapshot: ep0050_phase2_class0
[Tracker] Ep   51 | AvgR 0.0002 | Global 0.9532 | Local 0.0193 | F1_macro 0.6291 | WorstLoss 1.4137
[Tracker] Ep   52 | AvgR 0.0002 | Global 0.9530 | Local 0.0074 | F1_macro 0.6211 | WorstLoss 1.4855
[Tracker] Ep   53 | AvgR 0.0002 | Global 0.9699 | Local 0.0129 | F1_macro 0.6310 | WorstLoss 1.3417
[Tracker] Ep   54 | AvgR 0.0002 | Global 0.9770 | Local 0.0090 | F1_macro 0.6344 | WorstLoss 1.1551
[Tracker] Ep   55 | AvgR 0.0002 | Global 0.9702 | Local 0.0075 | F1_macro 0.6342 | WorstLoss 1.3167
[Tracker] Saved snapshot: ep0055_phase2_class0
[Tracker] Ep   56 | AvgR 0.0002 | Global 0.9626 | Local 0.0186 | F1_macro 0.6272 | WorstLoss 1.3559
[Tracker] Ep   57 | AvgR 0.0002 | Global 0.9698 | Local 0.0164 | F1_macro 0.6314 | WorstLoss 1.4026
[Tracker] Ep   58 | AvgR 0.0002 | Global 0.9625 | Local 0.0272 | F1_macro 0.6320 | WorstLoss 1.4778
[Tracker] Ep   59 | AvgR 0.0002 | Global 0.9447 | Local 0.0268 | F1_macro 0.6308 | WorstLoss 1.5840
[Tracker] Ep   60 | AvgR 0.0002 | Global 0.9619 | Local 0.0113 | F1_macro 0.6289 | WorstLoss 1.4354
[Tracker] Saved snapshot: ep0060_phase2_class0
[Tracker] Ep   61 | AvgR 0.0002 | Global 0.9683 | Local 0.0153 | F1_macro 0.6336 | WorstLoss 1.2953
[Tracker] Ep   62 | AvgR 0.0002 | Global 0.9679 | Local 0.0145 | F1_macro 0.6379 | WorstLoss 1.2655
[Tracker] Ep   63 | AvgR 0.0002 | Global 0.9614 | Local 0.0069 | F1_macro 0.6293 | WorstLoss 1.2683
[Tracker] Ep   64 | AvgR 0.0002 | Global 0.9563 | Local 0.0180 | F1_macro 0.6404 | WorstLoss 1.5280
[Tracker] Ep   65 | AvgR 0.0002 | Global 0.9745 | Local 0.0281 | F1_macro 0.6264 | WorstLoss 1.2624
[Tracker] Saved snapshot: ep0065_phase2_class0
[Tracker] Ep   66 | AvgR 0.0002 | Global 0.9706 | Local 0.0162 | F1_macro 0.6229 | WorstLoss 1.2519
[Tracker] Ep   67 | AvgR 0.0002 | Global 0.9727 | Local 0.0140 | F1_macro 0.6351 | WorstLoss 1.3510
[Tracker] Ep   68 | AvgR 0.0002 | Global 0.9582 | Local 0.0217 | F1_macro 0.6289 | WorstLoss 1.3744
[Tracker] Ep   69 | AvgR 0.0002 | Global 0.9734 | Local 0.0153 | F1_macro 0.6328 | WorstLoss 1.2443
[Tracker] Ep   70 | AvgR 0.0002 | Global 0.9780 | Local 0.0152 | F1_macro 0.6391 | WorstLoss 1.1516
[Tracker] Saved snapshot: ep0070_phase2_class0
[Tracker] Ep   71 | AvgR 0.0002 | Global 0.9473 | Local 0.0352 | F1_macro 0.6169 | WorstLoss 1.3598
[Tracker] Ep   72 | AvgR 0.0002 | Global 0.9507 | Local 0.0145 | F1_macro 0.6224 | WorstLoss 1.4769
[Tracker] Ep   73 | AvgR 0.0002 | Global 0.9633 | Local 0.0318 | F1_macro 0.6299 | WorstLoss 1.3637
[Tracker] Ep   74 | AvgR 0.0002 | Global 0.9618 | Local 0.0170 | F1_macro 0.6206 | WorstLoss 1.2963
[Tracker] Ep   75 | AvgR 0.0002 | Global 0.9728 | Local 0.0261 | F1_macro 0.6286 | WorstLoss 1.1715
[Tracker] Saved snapshot: ep0075_phase2_class0
[Tracker] Ep   76 | AvgR 0.0002 | Global 0.9840 | Local 0.0190 | F1_macro 0.6456 | WorstLoss 1.1785
[Tracker] New BEST synthetic [phase2_class0] (by global.global_obj: 0.984005) saved.
[Tracker] BEST β weights [phase2_class0] saved -> training_runs/SPECv17a_bias05_rl_census_3seeds_EP800_PCA10_REWfairness_minID1_majID0_TRJ2000_REAL3000_BIAS0.05_GG202603181225_a74b2df8/seed_1/best_beta_state_dict_phase2_class0.pt
[Tracker] Ep   77 | AvgR 0.0002 | Global 0.9716 | Local 0.0110 | F1_macro 0.6344 | WorstLoss 1.3980
[Tracker] Ep   78 | AvgR 0.0002 | Global 0.9799 | Local 0.0075 | F1_macro 0.6416 | WorstLoss 1.1944
[Tracker] Ep   79 | AvgR 0.0002 | Global 0.9650 | Local 0.0089 | F1_macro 0.6209 | WorstLoss 1.4529
[Tracker] Ep   80 | AvgR 0.0002 | Global 0.9781 | Local 0.0103 | F1_macro 0.6380 | WorstLoss 1.0884
[Tracker] Saved snapshot: ep0080_phase2_class0
[Tracker] Ep   81 | AvgR 0.0002 | Global 0.9753 | Local 0.0211 | F1_macro 0.6327 | WorstLoss 1.2247
[Tracker] Ep   82 | AvgR 0.0002 | Global 0.9629 | Local 0.0332 | F1_macro 0.6474 | WorstLoss 1.4582
[Tracker] Ep   83 | AvgR 0.0002 | Global 0.9760 | Local 0.0239 | F1_macro 0.6412 | WorstLoss 1.2770
[Tracker] Ep   84 | AvgR 0.0002 | Global 0.9752 | Local 0.0131 | F1_macro 0.6350 | WorstLoss 1.3463
[Tracker] Ep   85 | AvgR 0.0002 | Global 0.9682 | Local 0.0103 | F1_macro 0.6369 | WorstLoss 1.3944
[Tracker] Saved snapshot: ep0085_phase2_class0
[Tracker] Ep   86 | AvgR 0.0002 | Global 0.9717 | Local 0.0278 | F1_macro 0.6353 | WorstLoss 1.3378
[Tracker] Ep   87 | AvgR 0.0002 | Global 0.9702 | Local 0.0261 | F1_macro 0.6356 | WorstLoss 1.3420
[Tracker] Ep   88 | AvgR 0.0002 | Global 0.9690 | Local 0.0350 | F1_macro 0.6304 | WorstLoss 1.2844
[Tracker] Ep   89 | AvgR 0.0002 | Global 0.9762 | Local 0.0153 | F1_macro 0.6334 | WorstLoss 1.2465
[Tracker] Ep   90 | AvgR 0.0002 | Global 0.9725 | Local 0.0156 | F1_macro 0.6365 | WorstLoss 1.2375
[Tracker] Saved snapshot: ep0090_phase2_class0
[Tracker] Ep   91 | AvgR 0.0002 | Global 0.9707 | Local 0.0116 | F1_macro 0.6297 | WorstLoss 1.3015
[Tracker] Ep   92 | AvgR 0.0002 | Global 0.9462 | Local 0.0252 | F1_macro 0.6394 | WorstLoss 1.6290
[Tracker] Ep   93 | AvgR 0.0002 | Global 0.9769 | Local 0.0196 | F1_macro 0.6315 | WorstLoss 1.1775
[Tracker] Ep   94 | AvgR 0.0002 | Global 0.9693 | Local 0.0117 | F1_macro 0.6322 | WorstLoss 1.3525
[Tracker] Ep   95 | AvgR 0.0002 | Global 0.9763 | Local 0.0097 | F1_macro 0.6320 | WorstLoss 1.2039
[Tracker] Saved snapshot: ep0095_phase2_class0
[Tracker] Ep   96 | AvgR 0.0002 | Global 0.9701 | Local 0.0119 | F1_macro 0.6302 | WorstLoss 1.4034
[Tracker] Ep   97 | AvgR 0.0002 | Global 0.9778 | Local 0.0141 | F1_macro 0.6441 | WorstLoss 1.1818
[Tracker] Ep   98 | AvgR 0.0002 | Global 0.9682 | Local 0.0235 | F1_macro 0.6372 | WorstLoss 1.3379
[Tracker] Ep   99 | AvgR 0.0002 | Global 0.9650 | Local 0.0172 | F1_macro 0.6292 | WorstLoss 1.1980
[Tracker] Ep  100 | AvgR 0.0002 | Global 0.9678 | Local 0.0248 | F1_macro 0.6276 | WorstLoss 1.1260
[Tracker] Saved snapshot: ep0100_phase2_class0
[Tracker] Ep  101 | AvgR 0.0002 | Global 0.9751 | Local 0.0106 | F1_macro 0.6372 | WorstLoss 1.2229
[Tracker] Ep  102 | AvgR 0.0002 | Global 0.9758 | Local 0.0204 | F1_macro 0.6377 | WorstLoss 1.2871
[Tracker] Ep  103 | AvgR 0.0002 | Global 0.9702 | Local 0.0073 | F1_macro 0.6395 | WorstLoss 1.4107
[Tracker] Ep  104 | AvgR 0.0002 | Global 0.9689 | Local 0.0179 | F1_macro 0.6461 | WorstLoss 1.4235
[Tracker] Ep  105 | AvgR 0.0002 | Global 0.9681 | Local 0.0119 | F1_macro 0.6335 | WorstLoss 1.2186
[Tracker] Saved snapshot: ep0105_phase2_class0
[Tracker] Ep  106 | AvgR 0.0002 | Global 0.9704 | Local 0.0065 | F1_macro 0.6349 | WorstLoss 1.4041
[Tracker] Ep  107 | AvgR 0.0002 | Global 0.9591 | Local 0.0325 | F1_macro 0.6232 | WorstLoss 1.3932
[Tracker] Ep  108 | AvgR 0.0002 | Global 0.9829 | Local 0.0192 | F1_macro 0.6509 | WorstLoss 1.2842
[Tracker] Ep  109 | AvgR 0.0002 | Global 0.9589 | Local 0.0175 | F1_macro 0.6251 | WorstLoss 1.4056
[Tracker] Ep  110 | AvgR 0.0002 | Global 0.9690 | Local 0.0162 | F1_macro 0.6429 | WorstLoss 1.2957
[Tracker] Saved snapshot: ep0110_phase2_class0
[Tracker] Ep  111 | AvgR 0.0002 | Global 0.9643 | Local 0.0078 | F1_macro 0.6315 | WorstLoss 1.4329
[Tracker] Ep  112 | AvgR 0.0002 | Global 0.9673 | Local 0.0066 | F1_macro 0.6323 | WorstLoss 1.4066
[Tracker] Ep  113 | AvgR 0.0002 | Global 0.9684 | Local 0.0139 | F1_macro 0.6325 | WorstLoss 1.3463
[Tracker] Ep  114 | AvgR 0.0002 | Global 0.9671 | Local 0.0180 | F1_macro 0.6360 | WorstLoss 1.2190
[Tracker] Ep  115 | AvgR 0.0002 | Global 0.9702 | Local 0.0364 | F1_macro 0.6360 | WorstLoss 1.2418
[Tracker] Saved snapshot: ep0115_phase2_class0
[Tracker] Ep  116 | AvgR 0.0002 | Global 0.9660 | Local 0.0078 | F1_macro 0.6340 | WorstLoss 1.4207
[Tracker] Ep  117 | AvgR 0.0002 | Global 0.9670 | Local 0.0248 | F1_macro 0.6350 | WorstLoss 1.3736
[Tracker] Ep  118 | AvgR 0.0002 | Global 0.9654 | Local 0.0118 | F1_macro 0.6413 | WorstLoss 1.4091
[Tracker] Ep  119 | AvgR 0.0002 | Global 0.9718 | Local 0.0152 | F1_macro 0.6433 | WorstLoss 1.1801
[Tracker] Ep  120 | AvgR 0.0002 | Global 0.9653 | Local 0.0126 | F1_macro 0.6269 | WorstLoss 1.3335
[Tracker] Saved snapshot: ep0120_phase2_class0
[Tracker] Ep  121 | AvgR 0.0002 | Global 0.9801 | Local 0.0217 | F1_macro 0.6460 | WorstLoss 1.3642
[Tracker] Ep  122 | AvgR 0.0002 | Global 0.9749 | Local 0.0070 | F1_macro 0.6412 | WorstLoss 1.3078
[Tracker] Ep  123 | AvgR 0.0002 | Global 0.9697 | Local 0.0433 | F1_macro 0.6282 | WorstLoss 1.2157
[Tracker] Ep  124 | AvgR 0.0002 | Global 0.9711 | Local 0.0380 | F1_macro 0.6334 | WorstLoss 1.2348
[Tracker] Ep  125 | AvgR 0.0002 | Global 0.9676 | Local 0.0296 | F1_macro 0.6351 | WorstLoss 1.2554
[Tracker] Saved snapshot: ep0125_phase2_class0
[Tracker] Ep  126 | AvgR 0.0002 | Global 0.9761 | Local 0.0167 | F1_macro 0.6483 | WorstLoss 1.2740
[Tracker] Ep  127 | AvgR 0.0002 | Global 0.9767 | Local 0.0140 | F1_macro 0.6417 | WorstLoss 1.2649
[Tracker] Ep  128 | AvgR 0.0002 | Global 0.9651 | Local 0.0350 | F1_macro 0.6343 | WorstLoss 1.4052
[Tracker] Ep  129 | AvgR 0.0002 | Global 0.9611 | Local 0.0107 | F1_macro 0.6353 | WorstLoss 1.5409
[Tracker] Ep  130 | AvgR 0.0002 | Global 0.9671 | Local 0.0180 | F1_macro 0.6384 | WorstLoss 1.3340
[Tracker] Saved snapshot: ep0130_phase2_class0
[Tracker] Ep  131 | AvgR 0.0002 | Global 0.9699 | Local 0.0098 | F1_macro 0.6339 | WorstLoss 1.3079
[Tracker] Ep  132 | AvgR 0.0002 | Global 0.9746 | Local 0.0124 | F1_macro 0.6459 | WorstLoss 1.2215
[Tracker] Ep  133 | AvgR 0.0002 | Global 0.9738 | Local 0.0154 | F1_macro 0.6375 | WorstLoss 1.3241
[Tracker] Ep  134 | AvgR 0.0002 | Global 0.9730 | Local 0.0086 | F1_macro 0.6529 | WorstLoss 1.2325
[Tracker] Ep  135 | AvgR 0.0002 | Global 0.9639 | Local 0.0292 | F1_macro 0.6338 | WorstLoss 1.3470
[Tracker] Saved snapshot: ep0135_phase2_class0
[Tracker] Ep  136 | AvgR 0.0002 | Global 0.9730 | Local 0.0274 | F1_macro 0.6459 | WorstLoss 1.1801
[Tracker] Ep  137 | AvgR 0.0002 | Global 0.9608 | Local 0.0190 | F1_macro 0.6326 | WorstLoss 1.3846
[Tracker] Ep  138 | AvgR 0.0002 | Global 0.9735 | Local 0.0258 | F1_macro 0.6291 | WorstLoss 1.2667
[Tracker] Ep  139 | AvgR 0.0002 | Global 0.9621 | Local 0.0219 | F1_macro 0.6395 | WorstLoss 1.4215
[Tracker] Ep  140 | AvgR 0.0002 | Global 0.9681 | Local 0.0263 | F1_macro 0.6275 | WorstLoss 1.2113
[Tracker] Saved snapshot: ep0140_phase2_class0
[Tracker] Ep  141 | AvgR 0.0002 | Global 0.9824 | Local 0.0154 | F1_macro 0.6434 | WorstLoss 1.2377
[Tracker] Ep  142 | AvgR 0.0002 | Global 0.9762 | Local 0.0142 | F1_macro 0.6424 | WorstLoss 1.1819
[Tracker] Ep  143 | AvgR 0.0002 | Global 0.9719 | Local 0.0346 | F1_macro 0.6427 | WorstLoss 1.2891
[Tracker] Ep  144 | AvgR 0.0002 | Global 0.9579 | Local 0.0199 | F1_macro 0.6255 | WorstLoss 1.2692
[Tracker] Ep  145 | AvgR 0.0002 | Global 0.9672 | Local 0.0296 | F1_macro 0.6327 | WorstLoss 1.3780
[Tracker] Saved snapshot: ep0145_phase2_class0
[Tracker] Ep  146 | AvgR 0.0002 | Global 0.9737 | Local 0.0120 | F1_macro 0.6395 | WorstLoss 1.2931
[Tracker] Ep  147 | AvgR 0.0002 | Global 0.9761 | Local 0.0282 | F1_macro 0.6449 | WorstLoss 1.1795
[Tracker] Ep  148 | AvgR 0.0002 | Global 0.9724 | Local 0.0295 | F1_macro 0.6382 | WorstLoss 1.2797
[Tracker] Ep  149 | AvgR 0.0002 | Global 0.9705 | Local 0.0348 | F1_macro 0.6467 | WorstLoss 1.3028
[Tracker] Ep  150 | AvgR 0.0002 | Global 0.9593 | Local 0.0098 | F1_macro 0.6223 | WorstLoss 1.4792
[Tracker] Saved snapshot: ep0150_phase2_class0
[Tracker] Ep  151 | AvgR 0.0002 | Global 0.9719 | Local 0.0163 | F1_macro 0.6366 | WorstLoss 1.2847
[Tracker] Ep  152 | AvgR 0.0002 | Global 0.9756 | Local 0.0219 | F1_macro 0.6495 | WorstLoss 1.3151
[Tracker] Ep  153 | AvgR 0.0002 | Global 0.9662 | Local 0.0145 | F1_macro 0.6335 | WorstLoss 1.2755
[Tracker] Ep  154 | AvgR 0.0002 | Global 0.9745 | Local 0.0282 | F1_macro 0.6406 | WorstLoss 1.3716
[Tracker] Ep  155 | AvgR 0.0002 | Global 0.9731 | Local 0.0214 | F1_macro 0.6343 | WorstLoss 1.2505
[Tracker] Saved snapshot: ep0155_phase2_class0
[Tracker] Ep  156 | AvgR 0.0002 | Global 0.9686 | Local 0.0424 | F1_macro 0.6426 | WorstLoss 1.3585
[Tracker] Ep  157 | AvgR 0.0002 | Global 0.9709 | Local 0.0269 | F1_macro 0.6397 | WorstLoss 1.2321
[Tracker] Ep  158 | AvgR 0.0002 | Global 0.9566 | Local 0.0352 | F1_macro 0.6301 | WorstLoss 1.4311
[Tracker] Ep  159 | AvgR 0.0002 | Global 0.9660 | Local 0.0220 | F1_macro 0.6452 | WorstLoss 1.3219
[Tracker] Ep  160 | AvgR 0.0002 | Global 0.9554 | Local 0.0166 | F1_macro 0.6388 | WorstLoss 1.5275
[Tracker] Saved snapshot: ep0160_phase2_class0
[Tracker] Ep  161 | AvgR 0.0002 | Global 0.9767 | Local 0.0394 | F1_macro 0.6438 | WorstLoss 1.2100
[Tracker] Ep  162 | AvgR 0.0002 | Global 0.9605 | Local 0.0273 | F1_macro 0.6349 | WorstLoss 1.3778
[Tracker] Ep  163 | AvgR 0.0002 | Global 0.9680 | Local 0.0363 | F1_macro 0.6346 | WorstLoss 1.3262
[Tracker] Ep  164 | AvgR 0.0002 | Global 0.9590 | Local 0.0203 | F1_macro 0.6248 | WorstLoss 1.4571
[Tracker] Ep  165 | AvgR 0.0002 | Global 0.9710 | Local 0.0271 | F1_macro 0.6353 | WorstLoss 1.4447
[Tracker] Saved snapshot: ep0165_phase2_class0
[Tracker] Ep  166 | AvgR 0.0002 | Global 0.9469 | Local 0.0263 | F1_macro 0.6339 | WorstLoss 1.6085
[Tracker] Ep  167 | AvgR 0.0002 | Global 0.9773 | Local 0.0357 | F1_macro 0.6485 | WorstLoss 1.1235
[Tracker] Ep  168 | AvgR 0.0002 | Global 0.9707 | Local 0.0372 | F1_macro 0.6500 | WorstLoss 1.2637
[Tracker] Ep  169 | AvgR 0.0002 | Global 0.9613 | Local 0.0287 | F1_macro 0.6356 | WorstLoss 1.4155
[Tracker] Ep  170 | AvgR 0.0002 | Global 0.9740 | Local 0.0186 | F1_macro 0.6478 | WorstLoss 1.3660
[Tracker] Saved snapshot: ep0170_phase2_class0
[Tracker] Ep  171 | AvgR 0.0002 | Global 0.9672 | Local 0.0494 | F1_macro 0.6411 | WorstLoss 1.3476
[Tracker] Ep  172 | AvgR 0.0002 | Global 0.9691 | Local 0.0287 | F1_macro 0.6308 | WorstLoss 1.3226
[Tracker] Ep  173 | AvgR 0.0002 | Global 0.9744 | Local 0.0181 | F1_macro 0.6378 | WorstLoss 1.3032
[Tracker] Ep  174 | AvgR 0.0002 | Global 0.9709 | Local 0.0535 | F1_macro 0.6335 | WorstLoss 1.1793
[Tracker] Ep  175 | AvgR 0.0002 | Global 0.9637 | Local 0.0373 | F1_macro 0.6337 | WorstLoss 1.2880
[Tracker] Saved snapshot: ep0175_phase2_class0
[Tracker] Ep  176 | AvgR 0.0002 | Global 0.9626 | Local 0.0572 | F1_macro 0.6335 | WorstLoss 1.2166
[Tracker] Ep  177 | AvgR 0.0002 | Global 0.9738 | Local 0.0433 | F1_macro 0.6440 | WorstLoss 1.2481
[Tracker] Ep  178 | AvgR 0.0002 | Global 0.9596 | Local 0.0411 | F1_macro 0.6295 | WorstLoss 1.3588
[Tracker] Ep  179 | AvgR 0.0002 | Global 0.9518 | Local 0.0204 | F1_macro 0.6265 | WorstLoss 1.4861
[Tracker] Ep  180 | AvgR 0.0002 | Global 0.9701 | Local 0.0353 | F1_macro 0.6357 | WorstLoss 1.3636
[Tracker] Saved snapshot: ep0180_phase2_class0
[Tracker] Ep  181 | AvgR 0.0002 | Global 0.9715 | Local 0.0489 | F1_macro 0.6324 | WorstLoss 1.3909
[Tracker] Ep  182 | AvgR 0.0002 | Global 0.9630 | Local 0.0643 | F1_macro 0.6371 | WorstLoss 1.2463
[Tracker] Ep  183 | AvgR 0.0002 | Global 0.9688 | Local 0.0345 | F1_macro 0.6286 | WorstLoss 1.3882
[Tracker] Ep  184 | AvgR 0.0002 | Global 0.9646 | Local 0.0222 | F1_macro 0.6298 | WorstLoss 1.5004
[Tracker] Ep  185 | AvgR 0.0002 | Global 0.9622 | Local 0.0620 | F1_macro 0.6476 | WorstLoss 1.2970
[Tracker] Saved snapshot: ep0185_phase2_class0
[Tracker] Ep  186 | AvgR 0.0002 | Global 0.9688 | Local 0.0353 | F1_macro 0.6352 | WorstLoss 1.2044
[Tracker] Ep  187 | AvgR 0.0002 | Global 0.9496 | Local 0.0309 | F1_macro 0.6242 | WorstLoss 1.4952
[Tracker] Ep  188 | AvgR 0.0002 | Global 0.9589 | Local 0.0399 | F1_macro 0.6358 | WorstLoss 1.3616
[Tracker] Ep  189 | AvgR 0.0003 | Global 0.9791 | Local 0.0501 | F1_macro 0.6441 | WorstLoss 1.1365
[Tracker] Ep  190 | AvgR 0.0002 | Global 0.9656 | Local 0.0516 | F1_macro 0.6372 | WorstLoss 1.2430
[Tracker] Saved snapshot: ep0190_phase2_class0
[Tracker] Ep  191 | AvgR 0.0002 | Global 0.9790 | Local 0.0275 | F1_macro 0.6465 | WorstLoss 1.2438
[Tracker] Ep  192 | AvgR 0.0003 | Global 0.9512 | Local 0.0697 | F1_macro 0.6198 | WorstLoss 1.4671
[Tracker] Ep  193 | AvgR 0.0002 | Global 0.9562 | Local 0.0442 | F1_macro 0.6303 | WorstLoss 1.3662
[Tracker] Ep  194 | AvgR 0.0002 | Global 0.9567 | Local 0.0247 | F1_macro 0.6466 | WorstLoss 1.4905
[Tracker] Ep  195 | AvgR 0.0002 | Global 0.9569 | Local 0.0398 | F1_macro 0.6301 | WorstLoss 1.3968
[Tracker] Saved snapshot: ep0195_phase2_class0
[Tracker] Ep  196 | AvgR 0.0002 | Global 0.9507 | Local 0.0546 | F1_macro 0.6320 | WorstLoss 1.4076
[Tracker] Ep  197 | AvgR 0.0002 | Global 0.9489 | Local 0.0300 | F1_macro 0.6368 | WorstLoss 1.5874
[Tracker] Ep  198 | AvgR 0.0003 | Global 0.9622 | Local 0.0575 | F1_macro 0.6290 | WorstLoss 1.3504
[Tracker] Ep  199 | AvgR 0.0003 | Global 0.9732 | Local 0.0478 | F1_macro 0.6577 | WorstLoss 1.3137
[Tracker] Ep  200 | AvgR 0.0002 | Global 0.9679 | Local 0.0243 | F1_macro 0.6358 | WorstLoss 1.2325
[Tracker] Saved snapshot: ep0200_phase2_class0
[Phase] Finished phase2_class0 | best global_obj=0.9840
FFNN Using device: cuda:0
[Combined] Saved combined beta -> training_runs/SPECv17a_bias05_rl_census_3seeds_EP800_PCA10_REWfairness_minID1_majID0_TRJ2000_REAL3000_BIAS0.05_GG202603181225_a74b2df8/seed_1/best_beta_state_dict.pt
[Combined] Saved combined synthetic -> training_runs/SPECv17a_bias05_rl_census_3seeds_EP800_PCA10_REWfairness_minID1_majID0_TRJ2000_REAL3000_BIAS0.05_GG202603181225_a74b2df8/seed_1/best_synthetic_combined.npz
FFNN Using device: cuda:0
[TestSuite] Loaded best β weights from: training_runs/SPECv17a_bias05_rl_census_3seeds_EP800_PCA10_REWfairness_minID1_majID0_TRJ2000_REAL3000_BIAS0.05_GG202603181225_a74b2df8/seed_1/best_beta_state_dict.pt

[TEST] Alpha -> F1(min)=0.2535 | F1(maj)=0.8798 | F1(weighted)=0.7289 | F1(macro)=0.5666 | Brier=0.1530
[TEST] Beta  -> F1(min)=0.4547 | F1(maj)=0.8800 | F1(weighted)=0.7776 | F1(macro)=0.6673 | Brier=0.1397
[TestSuite] Final test metrics appended to (seed): training_runs/SPECv17a_bias05_rl_census_3seeds_EP800_PCA10_REWfairness_minID1_majID0_TRJ2000_REAL3000_BIAS0.05_GG202603181225_a74b2df8/seed_1/final_test_metrics.csv
[TestSuite] Final test metrics appended to (experiment): training_runs/SPECv17a_bias05_rl_census_3seeds_EP800_PCA10_REWfairness_minID1_majID0_TRJ2000_REAL3000_BIAS0.05_GG202603181225_a74b2df8/final_test_metrics.csv
Total time 2083.91s
[Tracker] Finished. Run folder: training_runs/SPECv17a_bias05_rl_census_3seeds_EP800_PCA10_REWfairness_minID1_majID0_TRJ2000_REAL3000_BIAS0.05_GG202603181225_a74b2df8/seed_1
