[main] spec=v17b_bias010_rl_census_3seeds.json device=cuda:0
[main] exp_group=SPEC_v17b_bias010_rl_census_3seeds_a1ad30a5__G202603181228
[main] seeds=[42, 0, 1]
[main] ---- running seed=42 ----
FFNN Using device: cuda:0
FFNN Using device: cuda:0
[Tracker] Experiment: SPECv17b_bias010_rl_census_3seeds_EP800_PCA10_REWfairness_minID1_majID0_TRJ2000_REAL3000_BIAS0.1_GG202603181228_767aa6de
[Tracker] Seed folder: training_runs/SPECv17b_bias010_rl_census_3seeds_EP800_PCA10_REWfairness_minID1_majID0_TRJ2000_REAL3000_BIAS0.1_GG202603181228_767aa6de/seed_42
[Tracker] Run: 2026-03-18_12-28-10_seed42_1356780_11313b80
[Tracker] Metrics CSV: training_runs/SPECv17b_bias010_rl_census_3seeds_EP800_PCA10_REWfairness_minID1_majID0_TRJ2000_REAL3000_BIAS0.1_GG202603181228_767aa6de/seed_42/metrics.csv
[Tracker] Mirroring console to: training_runs/SPECv17b_bias010_rl_census_3seeds_EP800_PCA10_REWfairness_minID1_majID0_TRJ2000_REAL3000_BIAS0.1_GG202603181228_767aa6de/seed_42/console.log
[TRAIN] size=3000, minority=300 (10.00%)
[VAL] size=5493, minority=549 (9.99%)
[TEST] size=6513, minority=1569 (24.09%)
FFNN Using device: cuda:0
FFNN Using device: cuda:0
Beta will train with: 60.00% real data, 40.00% synthetic data: 
[disadv] group=1 per_g={0: 0.10507170110940933, 1: 0.27377745509147644} worst_4g=1.9454 soft_eo_alpha=0.1498
Anchors: 257 (disadv=1) sigma_anchor=0.8500
[Tracker] Alpha model state_dict saved to training_runs/SPECv17b_bias010_rl_census_3seeds_EP800_PCA10_REWfairness_minID1_majID0_TRJ2000_REAL3000_BIAS0.1_GG202603181228_767aa6de/seed_42/alpha_state_dict.pt
[Tracker] Alpha model config saved to training_runs/SPECv17b_bias010_rl_census_3seeds_EP800_PCA10_REWfairness_minID1_majID0_TRJ2000_REAL3000_BIAS0.1_GG202603181228_767aa6de/seed_42/ffnn_meta.json

============================================================
[Phase] Starting phase1_class1 | target_class=1 | episodes=800
============================================================
[Tracker] CSV header written with 44 columns.
[Tracker] Ep    1 | AvgR 0.0001 | Global 0.4161 | Local 0.0283 | F1_macro 0.6701 | WorstLoss 1.9776
[Tracker] New BEST synthetic [phase1_class1] (by global.global_obj: 0.416056) saved.
[Tracker] BEST β weights [phase1_class1] saved -> training_runs/SPECv17b_bias010_rl_census_3seeds_EP800_PCA10_REWfairness_minID1_majID0_TRJ2000_REAL3000_BIAS0.1_GG202603181228_767aa6de/seed_42/best_beta_state_dict_phase1_class1.pt
[Tracker] Ep    2 | AvgR 0.0000 | Global 0.2459 | Local 0.0319 | F1_macro 0.6726 | WorstLoss 2.0557
[Tracker] Ep    3 | AvgR 0.0001 | Global 0.5199 | Local 0.0406 | F1_macro 0.6805 | WorstLoss 1.9333
[Tracker] New BEST synthetic [phase1_class1] (by global.global_obj: 0.519900) saved.
[Tracker] BEST β weights [phase1_class1] saved -> training_runs/SPECv17b_bias010_rl_census_3seeds_EP800_PCA10_REWfairness_minID1_majID0_TRJ2000_REAL3000_BIAS0.1_GG202603181228_767aa6de/seed_42/best_beta_state_dict_phase1_class1.pt
[Tracker] Ep    4 | AvgR 0.0001 | Global 0.5398 | Local 0.0281 | F1_macro 0.6917 | WorstLoss 1.9261
[Tracker] New BEST synthetic [phase1_class1] (by global.global_obj: 0.539783) saved.
[Tracker] BEST β weights [phase1_class1] saved -> training_runs/SPECv17b_bias010_rl_census_3seeds_EP800_PCA10_REWfairness_minID1_majID0_TRJ2000_REAL3000_BIAS0.1_GG202603181228_767aa6de/seed_42/best_beta_state_dict_phase1_class1.pt
[Tracker] Ep    5 | AvgR 0.0001 | Global 0.7469 | Local 0.0466 | F1_macro 0.6933 | WorstLoss 1.8304
[Tracker] Saved snapshot: ep0005_phase1_class1
[Tracker] New BEST synthetic [phase1_class1] (by global.global_obj: 0.746928) saved.
[Tracker] BEST β weights [phase1_class1] saved -> training_runs/SPECv17b_bias010_rl_census_3seeds_EP800_PCA10_REWfairness_minID1_majID0_TRJ2000_REAL3000_BIAS0.1_GG202603181228_767aa6de/seed_42/best_beta_state_dict_phase1_class1.pt
[Tracker] Ep    6 | AvgR 0.0000 | Global 0.0962 | Local 0.0208 | F1_macro 0.6730 | WorstLoss 2.1677
[Tracker] Ep    7 | AvgR 0.0001 | Global 0.3654 | Local 0.0320 | F1_macro 0.6672 | WorstLoss 1.9975
[Tracker] Ep    8 | AvgR 0.0001 | Global 0.2648 | Local 0.0344 | F1_macro 0.6915 | WorstLoss 2.0456
[Tracker] Ep    9 | AvgR 0.0001 | Global 0.3680 | Local 0.0294 | F1_macro 0.6901 | WorstLoss 1.9967
[Tracker] Ep   10 | AvgR 0.0001 | Global 0.3583 | Local 0.0223 | F1_macro 0.6884 | WorstLoss 2.0013
[Tracker] Saved snapshot: ep0010_phase1_class1
[Tracker] Ep   11 | AvgR 0.0001 | Global 0.3924 | Local 0.0256 | F1_macro 0.6894 | WorstLoss 1.9855
[Tracker] Ep   12 | AvgR 0.0001 | Global 0.4355 | Local 0.0351 | F1_macro 0.6872 | WorstLoss 1.9685
[Tracker] Ep   13 | AvgR 0.0001 | Global 0.6227 | Local 0.0451 | F1_macro 0.6848 | WorstLoss 1.8908
[Tracker] Ep   14 | AvgR 0.0000 | Global 0.1612 | Local 0.0493 | F1_macro 0.6817 | WorstLoss 2.1088
[Tracker] Ep   15 | AvgR 0.0001 | Global 0.4681 | Local 0.0405 | F1_macro 0.6781 | WorstLoss 1.9532
[Tracker] Saved snapshot: ep0015_phase1_class1
[Tracker] Ep   16 | AvgR 0.0001 | Global 0.4199 | Local 0.0392 | F1_macro 0.6796 | WorstLoss 1.9750
[Tracker] Ep   17 | AvgR 0.0000 | Global 0.2546 | Local 0.0299 | F1_macro 0.6914 | WorstLoss 2.0510
[Tracker] Ep   18 | AvgR 0.0000 | Global 0.1895 | Local 0.0308 | F1_macro 0.6826 | WorstLoss 2.0886
[Tracker] Ep   19 | AvgR 0.0000 | Global 0.1724 | Local 0.0364 | F1_macro 0.6810 | WorstLoss 2.0995
[Tracker] Ep   20 | AvgR 0.0000 | Global 0.1872 | Local 0.0386 | F1_macro 0.6736 | WorstLoss 2.0893
[Tracker] Saved snapshot: ep0020_phase1_class1
[Tracker] Ep   21 | AvgR 0.0000 | Global 0.1013 | Local 0.0287 | F1_macro 0.6746 | WorstLoss 2.1618
[Tracker] Ep   22 | AvgR 0.0001 | Global 0.2371 | Local 0.0434 | F1_macro 0.6738 | WorstLoss 2.0592
[Tracker] Ep   23 | AvgR 0.0001 | Global 0.2791 | Local 0.0427 | F1_macro 0.6801 | WorstLoss 2.0381
[Tracker] Ep   24 | AvgR 0.0000 | Global 0.0106 | Local 0.0517 | F1_macro 0.6642 | WorstLoss 2.3955
[Tracker] Ep   25 | AvgR 0.0000 | Global 0.0382 | Local 0.0531 | F1_macro 0.6701 | WorstLoss 2.2652
[Tracker] Saved snapshot: ep0025_phase1_class1
[Tracker] Ep   26 | AvgR 0.0000 | Global 0.1653 | Local 0.0368 | F1_macro 0.6972 | WorstLoss 2.1053
[Tracker] Ep   27 | AvgR 0.0001 | Global 0.3025 | Local 0.0338 | F1_macro 0.6972 | WorstLoss 2.0269
[Tracker] Ep   28 | AvgR 0.0000 | Global 0.0453 | Local 0.0549 | F1_macro 0.6528 | WorstLoss 2.2480
[Tracker] Ep   29 | AvgR 0.0001 | Global 0.3731 | Local 0.0582 | F1_macro 0.6876 | WorstLoss 1.9933
[Tracker] Ep   30 | AvgR 0.0000 | Global 0.1570 | Local 0.0263 | F1_macro 0.6923 | WorstLoss 2.1119
[Tracker] Saved snapshot: ep0030_phase1_class1
[Tracker] Ep   31 | AvgR 0.0000 | Global 0.0026 | Local 0.0652 | F1_macro 0.6575 | WorstLoss 2.5350
[Tracker] Ep   32 | AvgR 0.0000 | Global 0.1908 | Local 0.0389 | F1_macro 0.6972 | WorstLoss 2.0880
[Tracker] Ep   33 | AvgR 0.0000 | Global 0.0673 | Local 0.0334 | F1_macro 0.6575 | WorstLoss 2.2064
[Tracker] Ep   34 | AvgR 0.0001 | Global 0.4699 | Local 0.0566 | F1_macro 0.6778 | WorstLoss 1.9528
[Tracker] Ep   35 | AvgR 0.0000 | Global 0.0808 | Local 0.0476 | F1_macro 0.6774 | WorstLoss 2.1854
[Tracker] Saved snapshot: ep0035_phase1_class1
[Tracker] Ep   36 | AvgR 0.0000 | Global 0.1178 | Local 0.0301 | F1_macro 0.6672 | WorstLoss 2.1448
[Tracker] Ep   37 | AvgR 0.0000 | Global 0.1176 | Local 0.0394 | F1_macro 0.6731 | WorstLoss 2.1445
[Tracker] Ep   38 | AvgR 0.0000 | Global 0.0108 | Local 0.0444 | F1_macro 0.6581 | WorstLoss 2.3950
[Tracker] Ep   39 | AvgR 0.0000 | Global 0.0438 | Local 0.0386 | F1_macro 0.6837 | WorstLoss 2.2518
[Tracker] Ep   40 | AvgR 0.0001 | Global 0.4142 | Local 0.0293 | F1_macro 0.6949 | WorstLoss 1.9783
[Tracker] Saved snapshot: ep0040_phase1_class1
[Tracker] Ep   41 | AvgR 0.0001 | Global 0.2741 | Local 0.0438 | F1_macro 0.6838 | WorstLoss 2.0404
[Tracker] Ep   42 | AvgR 0.0001 | Global 0.3292 | Local 0.0479 | F1_macro 0.6884 | WorstLoss 2.0140
[Tracker] Ep   43 | AvgR 0.0001 | Global 0.6179 | Local 0.0317 | F1_macro 0.7019 | WorstLoss 1.8943
[Tracker] Ep   44 | AvgR 0.0001 | Global 0.3280 | Local 0.0406 | F1_macro 0.7012 | WorstLoss 2.0150
[Tracker] Ep   45 | AvgR 0.0001 | Global 0.6203 | Local 0.0301 | F1_macro 0.6761 | WorstLoss 1.8925
[Tracker] Saved snapshot: ep0045_phase1_class1
[Tracker] Ep   46 | AvgR 0.0000 | Global 0.1726 | Local 0.0369 | F1_macro 0.6815 | WorstLoss 2.0997
[Tracker] Ep   47 | AvgR 0.0000 | Global 0.1367 | Local 0.0497 | F1_macro 0.6889 | WorstLoss 2.1280
[Tracker] Ep   48 | AvgR 0.0001 | Global 0.5981 | Local 0.0446 | F1_macro 0.7005 | WorstLoss 1.9029
[Tracker] Ep   49 | AvgR 0.0000 | Global 0.1543 | Local 0.0496 | F1_macro 0.6775 | WorstLoss 2.1132
[Tracker] Ep   50 | AvgR 0.0000 | Global 0.0783 | Local 0.0383 | F1_macro 0.7011 | WorstLoss 2.1906
[Tracker] Saved snapshot: ep0050_phase1_class1
[Tracker] Ep   51 | AvgR 0.0001 | Global 0.2920 | Local 0.0488 | F1_macro 0.6674 | WorstLoss 2.0313
[Tracker] Ep   52 | AvgR 0.0001 | Global 0.3255 | Local 0.0434 | F1_macro 0.6705 | WorstLoss 2.0158
[Tracker] Ep   53 | AvgR 0.0000 | Global 0.1411 | Local 0.0432 | F1_macro 0.7056 | WorstLoss 2.1248
[Tracker] Ep   54 | AvgR 0.0001 | Global 0.5955 | Local 0.0239 | F1_macro 0.6931 | WorstLoss 1.9042
[Tracker] Ep   55 | AvgR 0.0000 | Global 0.2055 | Local 0.0499 | F1_macro 0.6934 | WorstLoss 2.0775
[Tracker] Saved snapshot: ep0055_phase1_class1
[Tracker] Ep   56 | AvgR 0.0001 | Global 0.3786 | Local 0.0400 | F1_macro 0.6994 | WorstLoss 1.9933
[Tracker] Ep   57 | AvgR 0.0000 | Global 0.0536 | Local 0.0471 | F1_macro 0.6718 | WorstLoss 2.2295
[Tracker] Ep   58 | AvgR 0.0000 | Global 0.1609 | Local 0.0370 | F1_macro 0.6879 | WorstLoss 2.1095
[Tracker] Ep   59 | AvgR 0.0000 | Global 0.1791 | Local 0.0233 | F1_macro 0.6772 | WorstLoss 2.0961
[Tracker] Ep   60 | AvgR 0.0000 | Global 0.0354 | Local 0.0527 | F1_macro 0.6839 | WorstLoss 2.2739
[Tracker] Saved snapshot: ep0060_phase1_class1
[Tracker] Ep   61 | AvgR 0.0000 | Global 0.2247 | Local 0.0342 | F1_macro 0.6838 | WorstLoss 2.0675
[Tracker] Ep   62 | AvgR 0.0001 | Global 0.5717 | Local 0.0319 | F1_macro 0.6914 | WorstLoss 1.9136
[Tracker] Ep   63 | AvgR 0.0000 | Global 0.1466 | Local 0.0437 | F1_macro 0.6900 | WorstLoss 2.1199
[Tracker] Ep   64 | AvgR 0.0001 | Global 0.2232 | Local 0.0487 | F1_macro 0.6930 | WorstLoss 2.0678
[Tracker] Ep   65 | AvgR 0.0000 | Global 0.1068 | Local 0.0540 | F1_macro 0.6646 | WorstLoss 2.1556
[Tracker] Saved snapshot: ep0065_phase1_class1
[Tracker] Ep   66 | AvgR 0.0001 | Global 0.3454 | Local 0.0532 | F1_macro 0.6819 | WorstLoss 2.0054
[Tracker] Ep   67 | AvgR 0.0001 | Global 0.2581 | Local 0.0273 | F1_macro 0.7130 | WorstLoss 2.0492
[Tracker] Ep   68 | AvgR 0.0001 | Global 0.2432 | Local 0.0431 | F1_macro 0.6888 | WorstLoss 2.0556
[Tracker] Ep   69 | AvgR 0.0000 | Global 0.1209 | Local 0.0360 | F1_macro 0.6764 | WorstLoss 2.1423
[Tracker] Ep   70 | AvgR 0.0000 | Global 0.0943 | Local 0.0408 | F1_macro 0.6710 | WorstLoss 2.1696
[Tracker] Saved snapshot: ep0070_phase1_class1
[Tracker] Ep   71 | AvgR 0.0001 | Global 0.4041 | Local 0.0405 | F1_macro 0.6903 | WorstLoss 1.9811
[Tracker] Ep   72 | AvgR 0.0000 | Global 0.0556 | Local 0.0600 | F1_macro 0.6847 | WorstLoss 2.2252
[Tracker] Ep   73 | AvgR 0.0000 | Global 0.0482 | Local 0.0554 | F1_macro 0.6869 | WorstLoss 2.2420
[Tracker] Ep   74 | AvgR 0.0000 | Global 0.1240 | Local 0.0535 | F1_macro 0.6885 | WorstLoss 2.1390
[Tracker] Ep   75 | AvgR 0.0001 | Global 0.4418 | Local 0.0555 | F1_macro 0.7076 | WorstLoss 1.9661
[Tracker] Saved snapshot: ep0075_phase1_class1
[Tracker] Ep   76 | AvgR 0.0001 | Global 0.2480 | Local 0.0457 | F1_macro 0.6983 | WorstLoss 2.0544
[Tracker] Ep   77 | AvgR 0.0000 | Global 0.0638 | Local 0.0676 | F1_macro 0.6476 | WorstLoss 2.2117
[Tracker] Ep   78 | AvgR 0.0000 | Global 0.1232 | Local 0.0360 | F1_macro 0.6964 | WorstLoss 2.1399
[Tracker] Ep   79 | AvgR 0.0001 | Global 0.2651 | Local 0.0588 | F1_macro 0.6696 | WorstLoss 2.0453
[Tracker] Ep   80 | AvgR 0.0000 | Global 0.1028 | Local 0.0456 | F1_macro 0.6898 | WorstLoss 2.1598
[Tracker] Saved snapshot: ep0080_phase1_class1
[Tracker] Ep   81 | AvgR 0.0001 | Global 0.7124 | Local 0.0293 | F1_macro 0.7130 | WorstLoss 1.8508
[Tracker] Ep   82 | AvgR 0.0001 | Global 0.7155 | Local 0.0258 | F1_macro 0.7118 | WorstLoss 1.8482
[Tracker] Ep   83 | AvgR 0.0000 | Global 0.0797 | Local 0.0380 | F1_macro 0.6917 | WorstLoss 2.1878
[Tracker] Ep   84 | AvgR 0.0001 | Global 0.5856 | Local 0.0579 | F1_macro 0.6896 | WorstLoss 1.9061
[Tracker] Ep   85 | AvgR 0.0001 | Global 0.3373 | Local 0.0300 | F1_macro 0.6883 | WorstLoss 2.0101
[Tracker] Saved snapshot: ep0085_phase1_class1
[Tracker] Ep   86 | AvgR 0.0001 | Global 0.3385 | Local 0.0375 | F1_macro 0.6954 | WorstLoss 2.0103
[Tracker] Ep   87 | AvgR 0.0001 | Global 0.5306 | Local 0.0362 | F1_macro 0.6913 | WorstLoss 1.9308
[Tracker] Ep   88 | AvgR 0.0000 | Global 0.0863 | Local 0.0635 | F1_macro 0.6802 | WorstLoss 2.1788
[Tracker] Ep   89 | AvgR 0.0002 | Global 0.8813 | Local 0.0270 | F1_macro 0.7109 | WorstLoss 1.7355
[Tracker] New BEST synthetic [phase1_class1] (by global.global_obj: 0.881275) saved.
[Tracker] BEST β weights [phase1_class1] saved -> training_runs/SPECv17b_bias010_rl_census_3seeds_EP800_PCA10_REWfairness_minID1_majID0_TRJ2000_REAL3000_BIAS0.1_GG202603181228_767aa6de/seed_42/best_beta_state_dict_phase1_class1.pt
[Tracker] Ep   90 | AvgR 0.0001 | Global 0.2670 | Local 0.0646 | F1_macro 0.7011 | WorstLoss 2.0443
[Tracker] Saved snapshot: ep0090_phase1_class1
[Tracker] Ep   91 | AvgR 0.0000 | Global 0.1743 | Local 0.0423 | F1_macro 0.7117 | WorstLoss 2.0990
[Tracker] Ep   92 | AvgR 0.0001 | Global 0.2367 | Local 0.0460 | F1_macro 0.6825 | WorstLoss 2.0601
[Tracker] Ep   93 | AvgR 0.0001 | Global 0.5032 | Local 0.0460 | F1_macro 0.6849 | WorstLoss 1.9385
[Tracker] Ep   94 | AvgR 0.0001 | Global 0.5011 | Local 0.0478 | F1_macro 0.6900 | WorstLoss 1.9424
[Tracker] Ep   95 | AvgR 0.0001 | Global 0.5100 | Local 0.0315 | F1_macro 0.6991 | WorstLoss 1.9374
[Tracker] Saved snapshot: ep0095_phase1_class1
[Tracker] Ep   96 | AvgR 0.0001 | Global 0.5951 | Local 0.0331 | F1_macro 0.6925 | WorstLoss 1.9023
[Tracker] Ep   97 | AvgR 0.0000 | Global 0.0484 | Local 0.0435 | F1_macro 0.6956 | WorstLoss 2.2412
[Tracker] Ep   98 | AvgR 0.0001 | Global 0.4818 | Local 0.0520 | F1_macro 0.6898 | WorstLoss 1.9502
[Tracker] Ep   99 | AvgR 0.0001 | Global 0.3395 | Local 0.0360 | F1_macro 0.7127 | WorstLoss 2.0104
[Tracker] Ep  100 | AvgR 0.0001 | Global 0.6883 | Local 0.0375 | F1_macro 0.7206 | WorstLoss 1.8642
[Tracker] Saved snapshot: ep0100_phase1_class1
[Tracker] Ep  101 | AvgR 0.0001 | Global 0.3131 | Local 0.0650 | F1_macro 0.7012 | WorstLoss 2.0225
[Tracker] Ep  102 | AvgR 0.0000 | Global 0.2263 | Local 0.0389 | F1_macro 0.7153 | WorstLoss 2.0671
[Tracker] Ep  103 | AvgR 0.0001 | Global 0.2686 | Local 0.0347 | F1_macro 0.6958 | WorstLoss 2.0433
[Tracker] Ep  104 | AvgR 0.0000 | Global 0.1266 | Local 0.0396 | F1_macro 0.6886 | WorstLoss 2.1365
[Tracker] Ep  105 | AvgR 0.0001 | Global 0.3167 | Local 0.0542 | F1_macro 0.7010 | WorstLoss 2.0191
[Tracker] Saved snapshot: ep0105_phase1_class1
[Tracker] Ep  106 | AvgR 0.0001 | Global 0.4187 | Local 0.0244 | F1_macro 0.7112 | WorstLoss 1.9767
[Tracker] Ep  107 | AvgR 0.0000 | Global 0.1031 | Local 0.0719 | F1_macro 0.7049 | WorstLoss 2.1604
[Tracker] Ep  108 | AvgR 0.0001 | Global 0.6486 | Local 0.0404 | F1_macro 0.6886 | WorstLoss 1.8817
[Tracker] Ep  109 | AvgR 0.0001 | Global 0.4609 | Local 0.0480 | F1_macro 0.7023 | WorstLoss 1.9590
[Tracker] Ep  110 | AvgR 0.0001 | Global 0.7019 | Local 0.0598 | F1_macro 0.6963 | WorstLoss 1.8531
[Tracker] Saved snapshot: ep0110_phase1_class1
[Tracker] Ep  111 | AvgR 0.0001 | Global 0.5941 | Local 0.0613 | F1_macro 0.6919 | WorstLoss 1.9027
[Tracker] Ep  112 | AvgR 0.0000 | Global 0.0054 | Local 0.0843 | F1_macro 0.7048 | WorstLoss 2.4649
[Tracker] Ep  113 | AvgR 0.0001 | Global 0.5689 | Local 0.0509 | F1_macro 0.7074 | WorstLoss 1.9130
[Tracker] Ep  114 | AvgR 0.0001 | Global 0.4690 | Local 0.0544 | F1_macro 0.7054 | WorstLoss 1.9555
[Tracker] Ep  115 | AvgR 0.0000 | Global 0.0711 | Local 0.0571 | F1_macro 0.6914 | WorstLoss 2.2003
[Tracker] Saved snapshot: ep0115_phase1_class1
[Tracker] Ep  116 | AvgR 0.0001 | Global 0.1783 | Local 0.0638 | F1_macro 0.6961 | WorstLoss 2.0967
[Tracker] Ep  117 | AvgR 0.0001 | Global 0.5887 | Local 0.0530 | F1_macro 0.7062 | WorstLoss 1.9067
[Tracker] Ep  118 | AvgR 0.0000 | Global 0.1604 | Local 0.0648 | F1_macro 0.6832 | WorstLoss 2.1092
[Tracker] Ep  119 | AvgR 0.0000 | Global 0.1084 | Local 0.0471 | F1_macro 0.7188 | WorstLoss 2.1543
[Tracker] Ep  120 | AvgR 0.0001 | Global 0.7325 | Local 0.0477 | F1_macro 0.7061 | WorstLoss 1.8394
[Tracker] Saved snapshot: ep0120_phase1_class1
[Tracker] Ep  121 | AvgR 0.0002 | Global 0.8482 | Local 0.0644 | F1_macro 0.7112 | WorstLoss 1.7672
[Tracker] Ep  122 | AvgR 0.0000 | Global 0.1510 | Local 0.0481 | F1_macro 0.6866 | WorstLoss 2.1163
[Tracker] Ep  123 | AvgR 0.0001 | Global 0.5427 | Local 0.0625 | F1_macro 0.7179 | WorstLoss 1.9249
[Tracker] Ep  124 | AvgR 0.0001 | Global 0.5962 | Local 0.0768 | F1_macro 0.6916 | WorstLoss 1.9025
[Tracker] Ep  125 | AvgR 0.0001 | Global 0.1798 | Local 0.0830 | F1_macro 0.6986 | WorstLoss 2.0953
[Tracker] Saved snapshot: ep0125_phase1_class1
[Tracker] Ep  126 | AvgR 0.0002 | Global 0.9320 | Local 0.0674 | F1_macro 0.7042 | WorstLoss 1.6725
[Tracker] New BEST synthetic [phase1_class1] (by global.global_obj: 0.931976) saved.
[Tracker] BEST β weights [phase1_class1] saved -> training_runs/SPECv17b_bias010_rl_census_3seeds_EP800_PCA10_REWfairness_minID1_majID0_TRJ2000_REAL3000_BIAS0.1_GG202603181228_767aa6de/seed_42/best_beta_state_dict_phase1_class1.pt
[Tracker] Ep  127 | AvgR 0.0002 | Global 0.9026 | Local 0.0457 | F1_macro 0.7100 | WorstLoss 1.7077
[Tracker] Ep  128 | AvgR 0.0001 | Global 0.5438 | Local 0.0386 | F1_macro 0.6782 | WorstLoss 1.9248
[Tracker] Ep  129 | AvgR 0.0002 | Global 0.8458 | Local 0.0508 | F1_macro 0.7022 | WorstLoss 1.7692
[Tracker] Ep  130 | AvgR 0.0001 | Global 0.6495 | Local 0.0502 | F1_macro 0.7048 | WorstLoss 1.8798
[Tracker] Saved snapshot: ep0130_phase1_class1
[Tracker] Ep  131 | AvgR 0.0002 | Global 0.8688 | Local 0.0643 | F1_macro 0.6970 | WorstLoss 1.7480
[Tracker] Ep  132 | AvgR 0.0001 | Global 0.7536 | Local 0.0327 | F1_macro 0.7013 | WorstLoss 1.8269
[Tracker] Ep  133 | AvgR 0.0002 | Global 0.8737 | Local 0.0502 | F1_macro 0.6820 | WorstLoss 1.7384
[Tracker] Ep  134 | AvgR 0.0001 | Global 0.7208 | Local 0.0442 | F1_macro 0.7173 | WorstLoss 1.8479
[Tracker] Ep  135 | AvgR 0.0001 | Global 0.3969 | Local 0.0766 | F1_macro 0.7009 | WorstLoss 1.9845
[Tracker] Saved snapshot: ep0135_phase1_class1
[Tracker] Ep  136 | AvgR 0.0002 | Global 0.9495 | Local 0.0652 | F1_macro 0.7167 | WorstLoss 1.6306
[Tracker] New BEST synthetic [phase1_class1] (by global.global_obj: 0.949523) saved.
[Tracker] BEST β weights [phase1_class1] saved -> training_runs/SPECv17b_bias010_rl_census_3seeds_EP800_PCA10_REWfairness_minID1_majID0_TRJ2000_REAL3000_BIAS0.1_GG202603181228_767aa6de/seed_42/best_beta_state_dict_phase1_class1.pt
[Tracker] Ep  137 | AvgR 0.0001 | Global 0.3627 | Local 0.0430 | F1_macro 0.7010 | WorstLoss 1.9989
[Tracker] Ep  138 | AvgR 0.0001 | Global 0.7135 | Local 0.0696 | F1_macro 0.7101 | WorstLoss 1.8505
[Tracker] Ep  139 | AvgR 0.0001 | Global 0.3012 | Local 0.0463 | F1_macro 0.6924 | WorstLoss 2.0284
[Tracker] Ep  140 | AvgR 0.0002 | Global 0.8599 | Local 0.0708 | F1_macro 0.7103 | WorstLoss 1.7544
[Tracker] Saved snapshot: ep0140_phase1_class1
[Tracker] Ep  141 | AvgR 0.0002 | Global 0.8869 | Local 0.0507 | F1_macro 0.7020 | WorstLoss 1.7234
[Tracker] Ep  142 | AvgR 0.0002 | Global 0.8073 | Local 0.0542 | F1_macro 0.6953 | WorstLoss 1.7935
[Tracker] Ep  143 | AvgR 0.0000 | Global 0.0885 | Local 0.0719 | F1_macro 0.7108 | WorstLoss 2.1770
[Tracker] Ep  144 | AvgR 0.0002 | Global 0.8356 | Local 0.0500 | F1_macro 0.6940 | WorstLoss 1.7696
[Tracker] Ep  145 | AvgR 0.0001 | Global 0.3970 | Local 0.0507 | F1_macro 0.6974 | WorstLoss 1.9842
[Tracker] Saved snapshot: ep0145_phase1_class1
[Tracker] Ep  146 | AvgR 0.0001 | Global 0.2164 | Local 0.0888 | F1_macro 0.6645 | WorstLoss 2.0707
[Tracker] Ep  147 | AvgR 0.0000 | Global 0.1535 | Local 0.0637 | F1_macro 0.6779 | WorstLoss 2.1144
[Tracker] Ep  148 | AvgR 0.0001 | Global 0.6910 | Local 0.0695 | F1_macro 0.7120 | WorstLoss 1.8622
[Tracker] Ep  149 | AvgR 0.0000 | Global 0.1863 | Local 0.0531 | F1_macro 0.7063 | WorstLoss 2.0916
[Tracker] Ep  150 | AvgR 0.0001 | Global 0.5741 | Local 0.0936 | F1_macro 0.6893 | WorstLoss 1.9103
[Tracker] Saved snapshot: ep0150_phase1_class1
[Tracker] Ep  151 | AvgR 0.0001 | Global 0.4007 | Local 0.1023 | F1_macro 0.6986 | WorstLoss 1.9835
[Tracker] Ep  152 | AvgR 0.0002 | Global 0.7988 | Local 0.0778 | F1_macro 0.7002 | WorstLoss 1.8024
[Tracker] Ep  153 | AvgR 0.0002 | Global 0.8309 | Local 0.0540 | F1_macro 0.6961 | WorstLoss 1.7761
[Tracker] Ep  154 | AvgR 0.0002 | Global 0.8138 | Local 0.0720 | F1_macro 0.6959 | WorstLoss 1.7906
[Tracker] Ep  155 | AvgR 0.0002 | Global 0.8062 | Local 0.1041 | F1_macro 0.6798 | WorstLoss 1.7898
[Tracker] Saved snapshot: ep0155_phase1_class1
[Tracker] Ep  156 | AvgR 0.0002 | Global 0.8963 | Local 0.0661 | F1_macro 0.7006 | WorstLoss 1.7167
[Tracker] Ep  157 | AvgR 0.0002 | Global 0.8423 | Local 0.0597 | F1_macro 0.6790 | WorstLoss 1.7674
[Tracker] Ep  158 | AvgR 0.0002 | Global 0.9259 | Local 0.0466 | F1_macro 0.7157 | WorstLoss 1.6749
[Tracker] Ep  159 | AvgR 0.0001 | Global 0.7280 | Local 0.0652 | F1_macro 0.6790 | WorstLoss 1.8408
[Tracker] Ep  160 | AvgR 0.0002 | Global 0.8958 | Local 0.0480 | F1_macro 0.6839 | WorstLoss 1.7062
[Tracker] Saved snapshot: ep0160_phase1_class1
[Tracker] Ep  161 | AvgR 0.0002 | Global 0.9038 | Local 0.0784 | F1_macro 0.6919 | WorstLoss 1.6958
[Tracker] Ep  162 | AvgR 0.0001 | Global 0.5494 | Local 0.0703 | F1_macro 0.6849 | WorstLoss 1.9210
[Tracker] Ep  163 | AvgR 0.0002 | Global 0.9641 | Local 0.0708 | F1_macro 0.6974 | WorstLoss 1.5585
[Tracker] New BEST synthetic [phase1_class1] (by global.global_obj: 0.964120) saved.
[Tracker] BEST β weights [phase1_class1] saved -> training_runs/SPECv17b_bias010_rl_census_3seeds_EP800_PCA10_REWfairness_minID1_majID0_TRJ2000_REAL3000_BIAS0.1_GG202603181228_767aa6de/seed_42/best_beta_state_dict_phase1_class1.pt
[Tracker] Ep  164 | AvgR 0.0001 | Global 0.5943 | Local 0.1152 | F1_macro 0.6779 | WorstLoss 1.9019
[Tracker] Ep  165 | AvgR 0.0001 | Global 0.2971 | Local 0.1157 | F1_macro 0.7058 | WorstLoss 2.0290
[Tracker] Saved snapshot: ep0165_phase1_class1
[Tracker] Ep  166 | AvgR 0.0002 | Global 0.8359 | Local 0.0631 | F1_macro 0.6861 | WorstLoss 1.7670
[Tracker] Ep  167 | AvgR 0.0002 | Global 0.8814 | Local 0.0730 | F1_macro 0.6843 | WorstLoss 1.7179
[Tracker] Ep  168 | AvgR 0.0002 | Global 0.7779 | Local 0.0751 | F1_macro 0.6873 | WorstLoss 1.8128
[Tracker] Ep  169 | AvgR 0.0002 | Global 0.8994 | Local 0.0827 | F1_macro 0.6915 | WorstLoss 1.7107
[Tracker] Ep  170 | AvgR 0.0002 | Global 0.9611 | Local 0.0526 | F1_macro 0.7054 | WorstLoss 1.5825
[Tracker] Saved snapshot: ep0170_phase1_class1
[Tracker] Ep  171 | AvgR 0.0001 | Global 0.6791 | Local 0.0705 | F1_macro 0.7029 | WorstLoss 1.8669
[Tracker] Ep  172 | AvgR 0.0001 | Global 0.2524 | Local 0.0749 | F1_macro 0.6693 | WorstLoss 2.0508
[Tracker] Ep  173 | AvgR 0.0002 | Global 0.7964 | Local 0.0698 | F1_macro 0.6901 | WorstLoss 1.7983
[Tracker] Ep  174 | AvgR 0.0001 | Global 0.6024 | Local 0.1138 | F1_macro 0.6752 | WorstLoss 1.8958
[Tracker] Ep  175 | AvgR 0.0001 | Global 0.4262 | Local 0.0940 | F1_macro 0.7035 | WorstLoss 1.9723
[Tracker] Saved snapshot: ep0175_phase1_class1
[Tracker] Ep  176 | AvgR 0.0002 | Global 0.8466 | Local 0.0823 | F1_macro 0.6830 | WorstLoss 1.7542
[Tracker] Ep  177 | AvgR 0.0002 | Global 0.8593 | Local 0.0732 | F1_macro 0.6808 | WorstLoss 1.7436
[Tracker] Ep  178 | AvgR 0.0002 | Global 0.8979 | Local 0.0795 | F1_macro 0.6887 | WorstLoss 1.6986
[Tracker] Ep  179 | AvgR 0.0002 | Global 0.7681 | Local 0.0764 | F1_macro 0.6927 | WorstLoss 1.8168
[Tracker] Ep  180 | AvgR 0.0002 | Global 0.8432 | Local 0.0824 | F1_macro 0.6959 | WorstLoss 1.7682
[Tracker] Saved snapshot: ep0180_phase1_class1
[Tracker] Ep  181 | AvgR 0.0001 | Global 0.3205 | Local 0.1046 | F1_macro 0.6808 | WorstLoss 2.0177
[Tracker] Ep  182 | AvgR 0.0002 | Global 0.8652 | Local 0.0971 | F1_macro 0.6847 | WorstLoss 1.7374
[Tracker] Ep  183 | AvgR 0.0002 | Global 0.9537 | Local 0.0980 | F1_macro 0.6880 | WorstLoss 1.5755
[Tracker] Ep  184 | AvgR 0.0001 | Global 0.4001 | Local 0.0991 | F1_macro 0.6671 | WorstLoss 1.9809
[Tracker] Ep  185 | AvgR 0.0001 | Global 0.1793 | Local 0.1651 | F1_macro 0.6795 | WorstLoss 2.0940
[Tracker] Saved snapshot: ep0185_phase1_class1
[Tracker] Ep  186 | AvgR 0.0002 | Global 0.9616 | Local 0.0842 | F1_macro 0.6693 | WorstLoss 1.4637
[Tracker] Ep  187 | AvgR 0.0002 | Global 0.9497 | Local 0.0834 | F1_macro 0.6960 | WorstLoss 1.6007
[Tracker] Ep  188 | AvgR 0.0002 | Global 0.9845 | Local 0.0599 | F1_macro 0.7091 | WorstLoss 1.3941
[Tracker] New BEST synthetic [phase1_class1] (by global.global_obj: 0.984536) saved.
[Tracker] BEST β weights [phase1_class1] saved -> training_runs/SPECv17b_bias010_rl_census_3seeds_EP800_PCA10_REWfairness_minID1_majID0_TRJ2000_REAL3000_BIAS0.1_GG202603181228_767aa6de/seed_42/best_beta_state_dict_phase1_class1.pt
[Tracker] Ep  189 | AvgR 0.0002 | Global 0.9334 | Local 0.0971 | F1_macro 0.7085 | WorstLoss 1.6559
[Tracker] Ep  190 | AvgR 0.0001 | Global 0.4406 | Local 0.1208 | F1_macro 0.6876 | WorstLoss 1.9640
[Tracker] Saved snapshot: ep0190_phase1_class1
[Tracker] Ep  191 | AvgR 0.0002 | Global 0.9503 | Local 0.0528 | F1_macro 0.6848 | WorstLoss 1.6192
[Tracker] Ep  192 | AvgR 0.0002 | Global 0.9628 | Local 0.0984 | F1_macro 0.6789 | WorstLoss 1.2815
[Tracker] Ep  193 | AvgR 0.0002 | Global 0.9524 | Local 0.0905 | F1_macro 0.6819 | WorstLoss 1.5583
[Tracker] Ep  194 | AvgR 0.0002 | Global 0.9127 | Local 0.0842 | F1_macro 0.6901 | WorstLoss 1.6861
[Tracker] Ep  195 | AvgR 0.0002 | Global 0.8049 | Local 0.0936 | F1_macro 0.6848 | WorstLoss 1.7857
[Tracker] Saved snapshot: ep0195_phase1_class1
[Tracker] Ep  196 | AvgR 0.0002 | Global 0.9092 | Local 0.0971 | F1_macro 0.6860 | WorstLoss 1.6780
[Tracker] Ep  197 | AvgR 0.0002 | Global 0.6232 | Local 0.1442 | F1_macro 0.6717 | WorstLoss 1.8878
[Tracker] Ep  198 | AvgR 0.0002 | Global 0.9621 | Local 0.1136 | F1_macro 0.7029 | WorstLoss 1.5575
[Tracker] Ep  199 | AvgR 0.0002 | Global 0.9711 | Local 0.1370 | F1_macro 0.7019 | WorstLoss 1.5001
[Tracker] Ep  200 | AvgR 0.0002 | Global 0.9221 | Local 0.0625 | F1_macro 0.7256 | WorstLoss 1.6805
[Tracker] Saved snapshot: ep0200_phase1_class1
[Tracker] Ep  201 | AvgR 0.0002 | Global 0.9169 | Local 0.0965 | F1_macro 0.6980 | WorstLoss 1.6745
[Tracker] Ep  202 | AvgR 0.0002 | Global 0.9592 | Local 0.0888 | F1_macro 0.7043 | WorstLoss 1.5554
[Tracker] Ep  203 | AvgR 0.0002 | Global 0.9537 | Local 0.0889 | F1_macro 0.6884 | WorstLoss 1.5728
[Tracker] Ep  204 | AvgR 0.0002 | Global 0.9333 | Local 0.1215 | F1_macro 0.7028 | WorstLoss 1.6458
[Tracker] Ep  205 | AvgR 0.0002 | Global 0.9528 | Local 0.1016 | F1_macro 0.6779 | WorstLoss 1.5494
[Tracker] Saved snapshot: ep0205_phase1_class1
[Tracker] Ep  206 | AvgR 0.0002 | Global 0.9681 | Local 0.0981 | F1_macro 0.6800 | WorstLoss 1.2762
[Tracker] Ep  207 | AvgR 0.0002 | Global 0.7249 | Local 0.0987 | F1_macro 0.6913 | WorstLoss 1.8397
[Tracker] Ep  208 | AvgR 0.0002 | Global 0.9674 | Local 0.0934 | F1_macro 0.6906 | WorstLoss 1.4477
[Tracker] Ep  209 | AvgR 0.0002 | Global 0.9800 | Local 0.1346 | F1_macro 0.6997 | WorstLoss 1.3046
[Tracker] Ep  210 | AvgR 0.0002 | Global 0.9640 | Local 0.1168 | F1_macro 0.6929 | WorstLoss 1.4725
[Tracker] Saved snapshot: ep0210_phase1_class1
[Tracker] Ep  211 | AvgR 0.0002 | Global 0.9786 | Local 0.0981 | F1_macro 0.6960 | WorstLoss 1.4030
[Tracker] Ep  212 | AvgR 0.0002 | Global 0.9180 | Local 0.1141 | F1_macro 0.7003 | WorstLoss 1.6816
[Tracker] Ep  213 | AvgR 0.0002 | Global 0.9732 | Local 0.1470 | F1_macro 0.6921 | WorstLoss 1.4160
[Tracker] Ep  214 | AvgR 0.0002 | Global 0.9198 | Local 0.1125 | F1_macro 0.6980 | WorstLoss 1.6611
[Tracker] Ep  215 | AvgR 0.0002 | Global 0.9622 | Local 0.1178 | F1_macro 0.7128 | WorstLoss 1.5598
[Tracker] Saved snapshot: ep0215_phase1_class1
[Tracker] Ep  216 | AvgR 0.0002 | Global 0.9401 | Local 0.1248 | F1_macro 0.7020 | WorstLoss 1.6459
[Tracker] Ep  217 | AvgR 0.0002 | Global 0.9484 | Local 0.1330 | F1_macro 0.6798 | WorstLoss 1.5663
[Tracker] Ep  218 | AvgR 0.0002 | Global 0.9646 | Local 0.0894 | F1_macro 0.6999 | WorstLoss 1.5372
[Tracker] Ep  219 | AvgR 0.0002 | Global 0.9767 | Local 0.0840 | F1_macro 0.6877 | WorstLoss 1.3630
[Tracker] Ep  220 | AvgR 0.0002 | Global 0.9770 | Local 0.0814 | F1_macro 0.7157 | WorstLoss 1.4851
[Tracker] Saved snapshot: ep0220_phase1_class1
[Tracker] Ep  221 | AvgR 0.0001 | Global 0.3287 | Local 0.1288 | F1_macro 0.6757 | WorstLoss 2.0117
[Tracker] Ep  222 | AvgR 0.0002 | Global 0.9745 | Local 0.1250 | F1_macro 0.7062 | WorstLoss 1.4493
[Tracker] Ep  223 | AvgR 0.0001 | Global 0.5956 | Local 0.1193 | F1_macro 0.6874 | WorstLoss 1.8999
[Tracker] Ep  224 | AvgR 0.0002 | Global 0.9684 | Local 0.1299 | F1_macro 0.6895 | WorstLoss 1.4209
[Tracker] Ep  225 | AvgR 0.0002 | Global 0.9380 | Local 0.1288 | F1_macro 0.7045 | WorstLoss 1.6422
[Tracker] Saved snapshot: ep0225_phase1_class1
[Tracker] Ep  226 | AvgR 0.0002 | Global 0.9776 | Local 0.0796 | F1_macro 0.7027 | WorstLoss 1.4079
[Tracker] Ep  227 | AvgR 0.0002 | Global 0.9530 | Local 0.1147 | F1_macro 0.6849 | WorstLoss 1.5509
[Tracker] Ep  228 | AvgR 0.0002 | Global 0.9608 | Local 0.1413 | F1_macro 0.6757 | WorstLoss 1.3263
[Tracker] Ep  229 | AvgR 0.0002 | Global 0.9708 | Local 0.0826 | F1_macro 0.6986 | WorstLoss 1.4752
[Tracker] Ep  230 | AvgR 0.0002 | Global 0.9136 | Local 0.1527 | F1_macro 0.6783 | WorstLoss 1.6542
[Tracker] Saved snapshot: ep0230_phase1_class1
[Tracker] Ep  231 | AvgR 0.0002 | Global 0.8390 | Local 0.1452 | F1_macro 0.7092 | WorstLoss 1.7676
[Tracker] Ep  232 | AvgR 0.0002 | Global 0.9462 | Local 0.1180 | F1_macro 0.6696 | WorstLoss 1.5384
[Tracker] Ep  233 | AvgR 0.0002 | Global 0.9777 | Local 0.1047 | F1_macro 0.7223 | WorstLoss 1.5066
[Tracker] Ep  234 | AvgR 0.0002 | Global 0.8004 | Local 0.1245 | F1_macro 0.7201 | WorstLoss 1.8003
[Tracker] Ep  235 | AvgR 0.0002 | Global 0.9025 | Local 0.1438 | F1_macro 0.6655 | WorstLoss 1.6723
[Tracker] Saved snapshot: ep0235_phase1_class1
[Tracker] Ep  236 | AvgR 0.0002 | Global 0.9826 | Local 0.1187 | F1_macro 0.7064 | WorstLoss 1.2496
[Tracker] Ep  237 | AvgR 0.0002 | Global 0.9686 | Local 0.1243 | F1_macro 0.6919 | WorstLoss 1.4771
[Tracker] Ep  238 | AvgR 0.0002 | Global 0.9632 | Local 0.1539 | F1_macro 0.6764 | WorstLoss 1.0409
[Tracker] Ep  239 | AvgR 0.0002 | Global 0.9539 | Local 0.1524 | F1_macro 0.6754 | WorstLoss 1.5161
[Tracker] Ep  240 | AvgR 0.0002 | Global 0.9592 | Local 0.1034 | F1_macro 0.6862 | WorstLoss 1.5213
[Tracker] Saved snapshot: ep0240_phase1_class1
[Tracker] Ep  241 | AvgR 0.0002 | Global 0.9552 | Local 0.1661 | F1_macro 0.6694 | WorstLoss 1.2787
[Tracker] Ep  242 | AvgR 0.0002 | Global 0.9131 | Local 0.1382 | F1_macro 0.6943 | WorstLoss 1.6805
[Tracker] Ep  243 | AvgR 0.0002 | Global 0.9674 | Local 0.1459 | F1_macro 0.6980 | WorstLoss 1.5303
[Tracker] Ep  244 | AvgR 0.0002 | Global 0.9692 | Local 0.1602 | F1_macro 0.6901 | WorstLoss 1.3123
[Tracker] Ep  245 | AvgR 0.0002 | Global 0.9667 | Local 0.1950 | F1_macro 0.6979 | WorstLoss 1.5345
[Tracker] Saved snapshot: ep0245_phase1_class1
[Tracker] Ep  246 | AvgR 0.0002 | Global 0.9669 | Local 0.1599 | F1_macro 0.6789 | WorstLoss 1.2211
[Tracker] Ep  247 | AvgR 0.0002 | Global 0.9605 | Local 0.1267 | F1_macro 0.6892 | WorstLoss 1.5287
[Tracker] Ep  248 | AvgR 0.0002 | Global 0.7560 | Local 0.1244 | F1_macro 0.6579 | WorstLoss 1.8142
[Tracker] Ep  249 | AvgR 0.0002 | Global 0.9669 | Local 0.1720 | F1_macro 0.6961 | WorstLoss 1.3561
[Tracker] Ep  250 | AvgR 0.0002 | Global 0.7636 | Local 0.1403 | F1_macro 0.6696 | WorstLoss 1.8134
[Tracker] Saved snapshot: ep0250_phase1_class1
[Tracker] Ep  251 | AvgR 0.0002 | Global 0.9729 | Local 0.1538 | F1_macro 0.7046 | WorstLoss 1.4253
[Tracker] Ep  252 | AvgR 0.0002 | Global 0.9712 | Local 0.1614 | F1_macro 0.6902 | WorstLoss 1.2320
[Tracker] Ep  253 | AvgR 0.0002 | Global 0.9438 | Local 0.1924 | F1_macro 0.6744 | WorstLoss 1.4868
[Tracker] Ep  254 | AvgR 0.0002 | Global 0.9785 | Local 0.1817 | F1_macro 0.6998 | WorstLoss 1.3669
[Tracker] Ep  255 | AvgR 0.0002 | Global 0.9778 | Local 0.1925 | F1_macro 0.7001 | WorstLoss 1.2695
[Tracker] Saved snapshot: ep0255_phase1_class1
[Tracker] Ep  256 | AvgR 0.0002 | Global 0.9692 | Local 0.1922 | F1_macro 0.6903 | WorstLoss 1.3138
[Tracker] Ep  257 | AvgR 0.0002 | Global 0.9063 | Local 0.1448 | F1_macro 0.6818 | WorstLoss 1.6868
[Tracker] Ep  258 | AvgR 0.0002 | Global 0.9699 | Local 0.1623 | F1_macro 0.6876 | WorstLoss 1.2356
[Tracker] Ep  259 | AvgR 0.0002 | Global 0.8613 | Local 0.1464 | F1_macro 0.6871 | WorstLoss 1.7431
[Tracker] Ep  260 | AvgR 0.0002 | Global 0.9578 | Local 0.1459 | F1_macro 0.7002 | WorstLoss 1.5873
[Tracker] Saved snapshot: ep0260_phase1_class1
[Tracker] Ep  261 | AvgR 0.0002 | Global 0.8813 | Local 0.1681 | F1_macro 0.6696 | WorstLoss 1.7080
[Tracker] Ep  262 | AvgR 0.0002 | Global 0.9849 | Local 0.1773 | F1_macro 0.7195 | WorstLoss 1.3928
[Tracker] New BEST synthetic [phase1_class1] (by global.global_obj: 0.984856) saved.
[Tracker] BEST β weights [phase1_class1] saved -> training_runs/SPECv17b_bias010_rl_census_3seeds_EP800_PCA10_REWfairness_minID1_majID0_TRJ2000_REAL3000_BIAS0.1_GG202603181228_767aa6de/seed_42/best_beta_state_dict_phase1_class1.pt
[Tracker] Ep  263 | AvgR 0.0002 | Global 0.9435 | Local 0.1585 | F1_macro 0.6739 | WorstLoss 1.5620
[Tracker] Ep  264 | AvgR 0.0002 | Global 0.9599 | Local 0.2287 | F1_macro 0.6690 | WorstLoss 1.1198
[Tracker] Ep  265 | AvgR 0.0002 | Global 0.9607 | Local 0.1758 | F1_macro 0.6783 | WorstLoss 1.2488
[Tracker] Saved snapshot: ep0265_phase1_class1
[Tracker] Ep  266 | AvgR 0.0002 | Global 0.9450 | Local 0.1781 | F1_macro 0.6550 | WorstLoss 1.3975
[Tracker] Ep  267 | AvgR 0.0002 | Global 0.9656 | Local 0.2118 | F1_macro 0.6815 | WorstLoss 1.3962
[Tracker] Ep  268 | AvgR 0.0002 | Global 0.9637 | Local 0.1737 | F1_macro 0.6727 | WorstLoss 1.3773
[Tracker] Ep  269 | AvgR 0.0002 | Global 0.9482 | Local 0.1599 | F1_macro 0.6689 | WorstLoss 1.3770
[Tracker] Ep  270 | AvgR 0.0002 | Global 0.9587 | Local 0.2057 | F1_macro 0.6778 | WorstLoss 1.1809
[Tracker] Saved snapshot: ep0270_phase1_class1
[Tracker] Ep  271 | AvgR 0.0002 | Global 0.9748 | Local 0.1630 | F1_macro 0.6851 | WorstLoss 1.2740
[Tracker] Ep  272 | AvgR 0.0002 | Global 0.9810 | Local 0.2126 | F1_macro 0.7048 | WorstLoss 1.2478
[Tracker] Ep  273 | AvgR 0.0002 | Global 0.9205 | Local 0.1556 | F1_macro 0.6785 | WorstLoss 1.6586
[Tracker] Ep  274 | AvgR 0.0002 | Global 0.9573 | Local 0.1865 | F1_macro 0.6633 | WorstLoss 1.2289
[Tracker] Ep  275 | AvgR 0.0002 | Global 0.9906 | Local 0.1444 | F1_macro 0.7072 | WorstLoss 1.1114
[Tracker] Saved snapshot: ep0275_phase1_class1
[Tracker] New BEST synthetic [phase1_class1] (by global.global_obj: 0.990602) saved.
[Tracker] BEST β weights [phase1_class1] saved -> training_runs/SPECv17b_bias010_rl_census_3seeds_EP800_PCA10_REWfairness_minID1_majID0_TRJ2000_REAL3000_BIAS0.1_GG202603181228_767aa6de/seed_42/best_beta_state_dict_phase1_class1.pt
[Tracker] Ep  276 | AvgR 0.0002 | Global 0.8597 | Local 0.1395 | F1_macro 0.6826 | WorstLoss 1.7318
[Tracker] Ep  277 | AvgR 0.0003 | Global 0.9541 | Local 0.2459 | F1_macro 0.6506 | WorstLoss 0.8695
[Tracker] Ep  278 | AvgR 0.0003 | Global 0.9610 | Local 0.2863 | F1_macro 0.6736 | WorstLoss 1.0756
[Tracker] Ep  279 | AvgR 0.0002 | Global 0.9685 | Local 0.1235 | F1_macro 0.6790 | WorstLoss 1.2934
[Tracker] Ep  280 | AvgR 0.0002 | Global 0.9398 | Local 0.1434 | F1_macro 0.6708 | WorstLoss 1.5119
[Tracker] Saved snapshot: ep0280_phase1_class1
[Tracker] Ep  281 | AvgR 0.0001 | Global 0.2899 | Local 0.2060 | F1_macro 0.6428 | WorstLoss 2.0230
[Tracker] Ep  282 | AvgR 0.0002 | Global 0.9672 | Local 0.1594 | F1_macro 0.6805 | WorstLoss 1.0825
[Tracker] Ep  283 | AvgR 0.0002 | Global 0.9749 | Local 0.1640 | F1_macro 0.6906 | WorstLoss 1.3689
[Tracker] Ep  284 | AvgR 0.0002 | Global 0.9423 | Local 0.1739 | F1_macro 0.6639 | WorstLoss 1.4147
[Tracker] Ep  285 | AvgR 0.0002 | Global 0.9550 | Local 0.1698 | F1_macro 0.6829 | WorstLoss 1.4063
[Tracker] Saved snapshot: ep0285_phase1_class1
[Tracker] Ep  286 | AvgR 0.0002 | Global 0.8602 | Local 0.1954 | F1_macro 0.6858 | WorstLoss 1.7362
[Tracker] Ep  287 | AvgR 0.0002 | Global 0.9684 | Local 0.1634 | F1_macro 0.6844 | WorstLoss 1.2992
[Tracker] Ep  288 | AvgR 0.0002 | Global 0.9636 | Local 0.1580 | F1_macro 0.6867 | WorstLoss 1.0212
[Tracker] Ep  289 | AvgR 0.0002 | Global 0.8445 | Local 0.1525 | F1_macro 0.6541 | WorstLoss 1.7353
[Tracker] Ep  290 | AvgR 0.0002 | Global 0.9580 | Local 0.1901 | F1_macro 0.6781 | WorstLoss 1.4944
[Tracker] Saved snapshot: ep0290_phase1_class1
[Tracker] Ep  291 | AvgR 0.0002 | Global 0.9305 | Local 0.2024 | F1_macro 0.6687 | WorstLoss 1.1877
[Tracker] Ep  292 | AvgR 0.0002 | Global 0.9683 | Local 0.1960 | F1_macro 0.6770 | WorstLoss 1.3009
[Tracker] Ep  293 | AvgR 0.0002 | Global 0.9626 | Local 0.1662 | F1_macro 0.6838 | WorstLoss 1.3363
[Tracker] Ep  294 | AvgR 0.0002 | Global 0.9563 | Local 0.2091 | F1_macro 0.6830 | WorstLoss 1.2509
[Tracker] Ep  295 | AvgR 0.0002 | Global 0.9809 | Local 0.1748 | F1_macro 0.6997 | WorstLoss 1.1173
[Tracker] Saved snapshot: ep0295_phase1_class1
[Tracker] Ep  296 | AvgR 0.0002 | Global 0.9606 | Local 0.2159 | F1_macro 0.6719 | WorstLoss 1.2662
[Tracker] Ep  297 | AvgR 0.0002 | Global 0.9522 | Local 0.1598 | F1_macro 0.6636 | WorstLoss 1.2919
[Tracker] Ep  298 | AvgR 0.0002 | Global 0.9334 | Local 0.1826 | F1_macro 0.6652 | WorstLoss 1.5469
[Tracker] Ep  299 | AvgR 0.0002 | Global 0.9633 | Local 0.1507 | F1_macro 0.6833 | WorstLoss 1.2653
[Tracker] Ep  300 | AvgR 0.0003 | Global 0.9673 | Local 0.2417 | F1_macro 0.6779 | WorstLoss 1.4075
[Tracker] Saved snapshot: ep0300_phase1_class1
[Tracker] Ep  301 | AvgR 0.0002 | Global 0.8926 | Local 0.1667 | F1_macro 0.6804 | WorstLoss 1.6848
[Tracker] Ep  302 | AvgR 0.0002 | Global 0.9674 | Local 0.1425 | F1_macro 0.6927 | WorstLoss 1.4018
[Tracker] Ep  303 | AvgR 0.0002 | Global 0.9447 | Local 0.1982 | F1_macro 0.6559 | WorstLoss 1.4144
[Tracker] Ep  304 | AvgR 0.0002 | Global 0.9704 | Local 0.2146 | F1_macro 0.6893 | WorstLoss 1.0522
[Tracker] Ep  305 | AvgR 0.0002 | Global 0.9774 | Local 0.1473 | F1_macro 0.7075 | WorstLoss 1.2937
[Tracker] Saved snapshot: ep0305_phase1_class1
[Tracker] Ep  306 | AvgR 0.0002 | Global 0.9464 | Local 0.1860 | F1_macro 0.6587 | WorstLoss 1.1484
[Tracker] Ep  307 | AvgR 0.0003 | Global 0.9677 | Local 0.2652 | F1_macro 0.6731 | WorstLoss 0.9383
[Tracker] Ep  308 | AvgR 0.0002 | Global 0.9602 | Local 0.1684 | F1_macro 0.6887 | WorstLoss 1.0852
[Tracker] Ep  309 | AvgR 0.0002 | Global 0.9677 | Local 0.1886 | F1_macro 0.6938 | WorstLoss 1.1530
[Tracker] Ep  310 | AvgR 0.0002 | Global 0.9519 | Local 0.2022 | F1_macro 0.6709 | WorstLoss 0.9276
[Tracker] Saved snapshot: ep0310_phase1_class1
[Tracker] Ep  311 | AvgR 0.0002 | Global 0.9776 | Local 0.2000 | F1_macro 0.6839 | WorstLoss 1.0589
[Tracker] Ep  312 | AvgR 0.0002 | Global 0.9505 | Local 0.2098 | F1_macro 0.6657 | WorstLoss 1.0676
[Tracker] Ep  313 | AvgR 0.0003 | Global 0.9624 | Local 0.2381 | F1_macro 0.6884 | WorstLoss 1.0447
[Tracker] Ep  314 | AvgR 0.0002 | Global 0.9631 | Local 0.1874 | F1_macro 0.6783 | WorstLoss 0.9918
[Tracker] Ep  315 | AvgR 0.0002 | Global 0.9273 | Local 0.1561 | F1_macro 0.6710 | WorstLoss 1.5599
[Tracker] Saved snapshot: ep0315_phase1_class1
[Tracker] Ep  316 | AvgR 0.0002 | Global 0.9051 | Local 0.1674 | F1_macro 0.6948 | WorstLoss 1.6916
[Tracker] Ep  317 | AvgR 0.0002 | Global 0.9571 | Local 0.1880 | F1_macro 0.6761 | WorstLoss 1.0742
[Tracker] Ep  318 | AvgR 0.0002 | Global 0.9839 | Local 0.1807 | F1_macro 0.7023 | WorstLoss 1.0214
[Tracker] Ep  319 | AvgR 0.0003 | Global 0.9629 | Local 0.2200 | F1_macro 0.6826 | WorstLoss 0.9929
[Tracker] Ep  320 | AvgR 0.0003 | Global 0.9517 | Local 0.2308 | F1_macro 0.6721 | WorstLoss 0.9632
[Tracker] Saved snapshot: ep0320_phase1_class1
[Tracker] Ep  321 | AvgR 0.0003 | Global 0.9816 | Local 0.2176 | F1_macro 0.6892 | WorstLoss 1.0572
[Tracker] Ep  322 | AvgR 0.0002 | Global 0.9357 | Local 0.2174 | F1_macro 0.6434 | WorstLoss 1.0879
[Tracker] Ep  323 | AvgR 0.0003 | Global 0.9497 | Local 0.2238 | F1_macro 0.6821 | WorstLoss 1.4589
[Tracker] Ep  324 | AvgR 0.0002 | Global 0.9420 | Local 0.1963 | F1_macro 0.6747 | WorstLoss 1.5449
[Tracker] Ep  325 | AvgR 0.0003 | Global 0.9592 | Local 0.2304 | F1_macro 0.6853 | WorstLoss 1.0138
[Tracker] Saved snapshot: ep0325_phase1_class1
[Tracker] Ep  326 | AvgR 0.0002 | Global 0.9613 | Local 0.2004 | F1_macro 0.6743 | WorstLoss 0.8749
[Tracker] Ep  327 | AvgR 0.0003 | Global 0.9770 | Local 0.2152 | F1_macro 0.6912 | WorstLoss 0.9992
[Tracker] Ep  328 | AvgR 0.0002 | Global 0.9075 | Local 0.1359 | F1_macro 0.6799 | WorstLoss 1.6495
[Tracker] Ep  329 | AvgR 0.0002 | Global 0.9567 | Local 0.1711 | F1_macro 0.6975 | WorstLoss 1.1686
[Tracker] Ep  330 | AvgR 0.0002 | Global 0.9441 | Local 0.1982 | F1_macro 0.6474 | WorstLoss 1.3749
[Tracker] Saved snapshot: ep0330_phase1_class1
[Tracker] Ep  331 | AvgR 0.0002 | Global 0.9208 | Local 0.1644 | F1_macro 0.6596 | WorstLoss 1.6054
[Tracker] Ep  332 | AvgR 0.0002 | Global 0.9477 | Local 0.1533 | F1_macro 0.6837 | WorstLoss 1.3423
[Tracker] Ep  333 | AvgR 0.0003 | Global 0.9591 | Local 0.2213 | F1_macro 0.6681 | WorstLoss 1.0040
[Tracker] Ep  334 | AvgR 0.0003 | Global 0.9427 | Local 0.2552 | F1_macro 0.6805 | WorstLoss 1.3476
[Tracker] Ep  335 | AvgR 0.0002 | Global 0.9693 | Local 0.1827 | F1_macro 0.6763 | WorstLoss 1.0533
[Tracker] Saved snapshot: ep0335_phase1_class1
[Tracker] Ep  336 | AvgR 0.0002 | Global 0.9604 | Local 0.2112 | F1_macro 0.6793 | WorstLoss 1.4435
[Tracker] Ep  337 | AvgR 0.0002 | Global 0.9340 | Local 0.2063 | F1_macro 0.6807 | WorstLoss 1.6091
[Tracker] Ep  338 | AvgR 0.0002 | Global 0.9302 | Local 0.1637 | F1_macro 0.6591 | WorstLoss 1.5516
[Tracker] Ep  339 | AvgR 0.0003 | Global 0.9723 | Local 0.2470 | F1_macro 0.6771 | WorstLoss 0.9769
[Tracker] Ep  340 | AvgR 0.0002 | Global 0.9241 | Local 0.1713 | F1_macro 0.6762 | WorstLoss 1.6206
[Tracker] Saved snapshot: ep0340_phase1_class1
[Tracker] Ep  341 | AvgR 0.0002 | Global 0.9505 | Local 0.1714 | F1_macro 0.6793 | WorstLoss 1.4102
[Tracker] Ep  342 | AvgR 0.0002 | Global 0.9737 | Local 0.1384 | F1_macro 0.7088 | WorstLoss 1.1180
[Tracker] Ep  343 | AvgR 0.0003 | Global 0.9537 | Local 0.2494 | F1_macro 0.6709 | WorstLoss 1.3108
[Tracker] Ep  344 | AvgR 0.0003 | Global 0.9465 | Local 0.2466 | F1_macro 0.6518 | WorstLoss 0.9365
[Tracker] Ep  345 | AvgR 0.0003 | Global 0.9572 | Local 0.2291 | F1_macro 0.6649 | WorstLoss 1.1114
[Tracker] Saved snapshot: ep0345_phase1_class1
[Tracker] Ep  346 | AvgR 0.0002 | Global 0.9555 | Local 0.1791 | F1_macro 0.6714 | WorstLoss 1.0676
[Tracker] Ep  347 | AvgR 0.0002 | Global 0.9756 | Local 0.1964 | F1_macro 0.6795 | WorstLoss 1.0940
[Tracker] Ep  348 | AvgR 0.0003 | Global 0.9660 | Local 0.2453 | F1_macro 0.6840 | WorstLoss 0.9835
[Tracker] Ep  349 | AvgR 0.0003 | Global 0.9560 | Local 0.2320 | F1_macro 0.6721 | WorstLoss 1.0031
[Tracker] Ep  350 | AvgR 0.0002 | Global 0.9650 | Local 0.1317 | F1_macro 0.6874 | WorstLoss 1.3586
[Tracker] Saved snapshot: ep0350_phase1_class1
[Tracker] Ep  351 | AvgR 0.0002 | Global 0.9581 | Local 0.1987 | F1_macro 0.6767 | WorstLoss 1.2420
[Tracker] Ep  352 | AvgR 0.0003 | Global 0.9627 | Local 0.2227 | F1_macro 0.6701 | WorstLoss 1.0653
[Tracker] Ep  353 | AvgR 0.0002 | Global 0.9729 | Local 0.1805 | F1_macro 0.6900 | WorstLoss 1.0757
[Tracker] Ep  354 | AvgR 0.0002 | Global 0.9251 | Local 0.2147 | F1_macro 0.6430 | WorstLoss 1.2254
[Tracker] Ep  355 | AvgR 0.0003 | Global 0.9620 | Local 0.2066 | F1_macro 0.6995 | WorstLoss 0.9460
[Tracker] Saved snapshot: ep0355_phase1_class1
[Tracker] Ep  356 | AvgR 0.0003 | Global 0.9611 | Local 0.2219 | F1_macro 0.6748 | WorstLoss 1.2098
[Tracker] Ep  357 | AvgR 0.0003 | Global 0.9380 | Local 0.2307 | F1_macro 0.6693 | WorstLoss 1.4993
[Tracker] Ep  358 | AvgR 0.0003 | Global 0.9479 | Local 0.2430 | F1_macro 0.6546 | WorstLoss 1.2490
[Tracker] Ep  359 | AvgR 0.0002 | Global 0.8984 | Local 0.1871 | F1_macro 0.6862 | WorstLoss 1.6751
[Tracker] Ep  360 | AvgR 0.0002 | Global 0.9472 | Local 0.2131 | F1_macro 0.6726 | WorstLoss 1.2504
[Tracker] Saved snapshot: ep0360_phase1_class1
[Tracker] Ep  361 | AvgR 0.0002 | Global 0.9355 | Local 0.2023 | F1_macro 0.6745 | WorstLoss 1.5902
[Tracker] Ep  362 | AvgR 0.0003 | Global 0.9570 | Local 0.2567 | F1_macro 0.6867 | WorstLoss 1.2940
[Tracker] Ep  363 | AvgR 0.0002 | Global 0.9722 | Local 0.1820 | F1_macro 0.6988 | WorstLoss 0.8316
[Tracker] Ep  364 | AvgR 0.0003 | Global 0.9515 | Local 0.2443 | F1_macro 0.6623 | WorstLoss 1.3124
[Tracker] Ep  365 | AvgR 0.0002 | Global 0.9609 | Local 0.1856 | F1_macro 0.6817 | WorstLoss 1.3520
[Tracker] Saved snapshot: ep0365_phase1_class1
[Tracker] Ep  366 | AvgR 0.0003 | Global 0.9566 | Local 0.2161 | F1_macro 0.6636 | WorstLoss 1.3790
[Tracker] Ep  367 | AvgR 0.0003 | Global 0.9536 | Local 0.2266 | F1_macro 0.6750 | WorstLoss 1.0214
[Tracker] Ep  368 | AvgR 0.0003 | Global 0.9326 | Local 0.2532 | F1_macro 0.6420 | WorstLoss 0.9215
[Tracker] Ep  369 | AvgR 0.0002 | Global 0.9725 | Local 0.1821 | F1_macro 0.7007 | WorstLoss 1.4324
[Tracker] Ep  370 | AvgR 0.0003 | Global 0.9633 | Local 0.2048 | F1_macro 0.6831 | WorstLoss 1.0982
[Tracker] Saved snapshot: ep0370_phase1_class1
[Tracker] Ep  371 | AvgR 0.0002 | Global 0.9581 | Local 0.1960 | F1_macro 0.6948 | WorstLoss 1.4075
[Tracker] Ep  372 | AvgR 0.0003 | Global 0.9514 | Local 0.2493 | F1_macro 0.6703 | WorstLoss 1.0868
[Tracker] Ep  373 | AvgR 0.0003 | Global 0.9399 | Local 0.2671 | F1_macro 0.6460 | WorstLoss 1.0706
[Tracker] Ep  374 | AvgR 0.0002 | Global 0.9412 | Local 0.2106 | F1_macro 0.6460 | WorstLoss 1.2992
[Tracker] Ep  375 | AvgR 0.0002 | Global 0.9420 | Local 0.2005 | F1_macro 0.6634 | WorstLoss 1.4553
[Tracker] Saved snapshot: ep0375_phase1_class1
[Tracker] Ep  376 | AvgR 0.0003 | Global 0.9358 | Local 0.2373 | F1_macro 0.6512 | WorstLoss 1.1004
[Tracker] Ep  377 | AvgR 0.0002 | Global 0.9170 | Local 0.2114 | F1_macro 0.6690 | WorstLoss 1.6175
[Tracker] Ep  378 | AvgR 0.0003 | Global 0.9320 | Local 0.2351 | F1_macro 0.6654 | WorstLoss 1.0135
[Tracker] Ep  379 | AvgR 0.0002 | Global 0.9241 | Local 0.2176 | F1_macro 0.6299 | WorstLoss 1.0045
[Tracker] Ep  380 | AvgR 0.0002 | Global 0.9735 | Local 0.1574 | F1_macro 0.6921 | WorstLoss 0.9526
[Tracker] Saved snapshot: ep0380_phase1_class1
[Tracker] Ep  381 | AvgR 0.0003 | Global 0.9746 | Local 0.1991 | F1_macro 0.6782 | WorstLoss 1.1053
[Tracker] Ep  382 | AvgR 0.0003 | Global 0.9416 | Local 0.2783 | F1_macro 0.6635 | WorstLoss 1.0076
[Tracker] Ep  383 | AvgR 0.0002 | Global 0.9423 | Local 0.1603 | F1_macro 0.6474 | WorstLoss 1.1133
[Tracker] Ep  384 | AvgR 0.0003 | Global 0.9798 | Local 0.2103 | F1_macro 0.6935 | WorstLoss 1.2058
[Tracker] Ep  385 | AvgR 0.0002 | Global 0.9601 | Local 0.1936 | F1_macro 0.6739 | WorstLoss 1.2688
[Tracker] Saved snapshot: ep0385_phase1_class1
[Tracker] Ep  386 | AvgR 0.0002 | Global 0.9331 | Local 0.1399 | F1_macro 0.6807 | WorstLoss 1.5932
[Tracker] Ep  387 | AvgR 0.0003 | Global 0.9689 | Local 0.1920 | F1_macro 0.6743 | WorstLoss 1.0058
[Tracker] Ep  388 | AvgR 0.0002 | Global 0.9551 | Local 0.1862 | F1_macro 0.6884 | WorstLoss 1.1920
[Tracker] Ep  389 | AvgR 0.0002 | Global 0.9408 | Local 0.1899 | F1_macro 0.6607 | WorstLoss 1.4545
[Tracker] Ep  390 | AvgR 0.0003 | Global 0.9615 | Local 0.2137 | F1_macro 0.6995 | WorstLoss 1.1174
[Tracker] Saved snapshot: ep0390_phase1_class1
[Tracker] Ep  391 | AvgR 0.0003 | Global 0.9610 | Local 0.2151 | F1_macro 0.7028 | WorstLoss 1.4372
[Tracker] Ep  392 | AvgR 0.0002 | Global 0.9445 | Local 0.1992 | F1_macro 0.6635 | WorstLoss 1.0679
[Tracker] Ep  393 | AvgR 0.0002 | Global 0.9332 | Local 0.2078 | F1_macro 0.6487 | WorstLoss 0.9401
[Tracker] Ep  394 | AvgR 0.0003 | Global 0.9474 | Local 0.2338 | F1_macro 0.6538 | WorstLoss 1.3747
[Tracker] Ep  395 | AvgR 0.0002 | Global 0.8759 | Local 0.2070 | F1_macro 0.6408 | WorstLoss 1.6691
[Tracker] Saved snapshot: ep0395_phase1_class1
[Tracker] Ep  396 | AvgR 0.0002 | Global 0.9479 | Local 0.1978 | F1_macro 0.6700 | WorstLoss 1.2245
[Tracker] Ep  397 | AvgR 0.0002 | Global 0.8991 | Local 0.2172 | F1_macro 0.6590 | WorstLoss 1.2961
[Tracker] Ep  398 | AvgR 0.0003 | Global 0.9529 | Local 0.2567 | F1_macro 0.6788 | WorstLoss 0.9274
[Tracker] Ep  399 | AvgR 0.0003 | Global 0.9259 | Local 0.2802 | F1_macro 0.6607 | WorstLoss 1.2488
[Tracker] Ep  400 | AvgR 0.0002 | Global 0.9427 | Local 0.1993 | F1_macro 0.6617 | WorstLoss 1.0627
[Tracker] Saved snapshot: ep0400_phase1_class1
[Tracker] Ep  401 | AvgR 0.0002 | Global 0.9520 | Local 0.1832 | F1_macro 0.6700 | WorstLoss 1.1988
[Tracker] Ep  402 | AvgR 0.0003 | Global 0.9016 | Local 0.2582 | F1_macro 0.6382 | WorstLoss 1.2122
[Tracker] Ep  403 | AvgR 0.0002 | Global 0.9125 | Local 0.1820 | F1_macro 0.6501 | WorstLoss 1.5660
[Tracker] Ep  404 | AvgR 0.0003 | Global 0.9695 | Local 0.2044 | F1_macro 0.6917 | WorstLoss 1.0436
[Tracker] Ep  405 | AvgR 0.0003 | Global 0.9516 | Local 0.2193 | F1_macro 0.6671 | WorstLoss 0.8132
[Tracker] Saved snapshot: ep0405_phase1_class1
[Tracker] Ep  406 | AvgR 0.0003 | Global 0.9704 | Local 0.2485 | F1_macro 0.6813 | WorstLoss 1.0347
[Tracker] Ep  407 | AvgR 0.0003 | Global 0.9017 | Local 0.2559 | F1_macro 0.6525 | WorstLoss 1.1204
[Tracker] Ep  408 | AvgR 0.0003 | Global 0.9627 | Local 0.2193 | F1_macro 0.6660 | WorstLoss 1.0757
[Tracker] Ep  409 | AvgR 0.0002 | Global 0.9527 | Local 0.1932 | F1_macro 0.6669 | WorstLoss 1.3754
[Tracker] Ep  410 | AvgR 0.0002 | Global 0.9172 | Local 0.1987 | F1_macro 0.6769 | WorstLoss 1.5464
[Tracker] Saved snapshot: ep0410_phase1_class1
[Tracker] Ep  411 | AvgR 0.0003 | Global 0.9223 | Local 0.2457 | F1_macro 0.6442 | WorstLoss 0.8947
[Tracker] Ep  412 | AvgR 0.0002 | Global 0.9357 | Local 0.2014 | F1_macro 0.6702 | WorstLoss 1.0856
[Tracker] Ep  413 | AvgR 0.0003 | Global 0.9671 | Local 0.2429 | F1_macro 0.6923 | WorstLoss 1.0435
[Tracker] Ep  414 | AvgR 0.0003 | Global 0.9368 | Local 0.2386 | F1_macro 0.6588 | WorstLoss 1.0795
[Tracker] Ep  415 | AvgR 0.0003 | Global 0.9174 | Local 0.2367 | F1_macro 0.6412 | WorstLoss 1.5264
[Tracker] Saved snapshot: ep0415_phase1_class1
[Tracker] Ep  416 | AvgR 0.0003 | Global 0.9286 | Local 0.2473 | F1_macro 0.6593 | WorstLoss 1.5163
[Tracker] Ep  417 | AvgR 0.0003 | Global 0.9652 | Local 0.1863 | F1_macro 0.6895 | WorstLoss 1.3260
[Tracker] Ep  418 | AvgR 0.0003 | Global 0.9063 | Local 0.2517 | F1_macro 0.6278 | WorstLoss 0.9239
[Tracker] Ep  419 | AvgR 0.0003 | Global 0.9356 | Local 0.2382 | F1_macro 0.6650 | WorstLoss 1.1829
[Tracker] Ep  420 | AvgR 0.0003 | Global 0.9594 | Local 0.2511 | F1_macro 0.6745 | WorstLoss 1.2599
[Tracker] Saved snapshot: ep0420_phase1_class1
[Tracker] Ep  421 | AvgR 0.0003 | Global 0.9544 | Local 0.2116 | F1_macro 0.6645 | WorstLoss 1.1347
[Tracker] Ep  422 | AvgR 0.0003 | Global 0.9051 | Local 0.2405 | F1_macro 0.6367 | WorstLoss 0.9912
[Tracker] Ep  423 | AvgR 0.0001 | Global 0.3738 | Local 0.1956 | F1_macro 0.6797 | WorstLoss 1.9892
[Tracker] Ep  424 | AvgR 0.0002 | Global 0.9267 | Local 0.1962 | F1_macro 0.6696 | WorstLoss 1.2601
[Tracker] Ep  425 | AvgR 0.0003 | Global 0.9539 | Local 0.1968 | F1_macro 0.6752 | WorstLoss 1.3775
[Tracker] Saved snapshot: ep0425_phase1_class1
[Tracker] Ep  426 | AvgR 0.0003 | Global 0.9078 | Local 0.2422 | F1_macro 0.6541 | WorstLoss 1.3079
[Tracker] Ep  427 | AvgR 0.0003 | Global 0.9734 | Local 0.1926 | F1_macro 0.6911 | WorstLoss 1.0449
[Tracker] Ep  428 | AvgR 0.0003 | Global 0.9387 | Local 0.2279 | F1_macro 0.6699 | WorstLoss 0.9828
[Tracker] Ep  429 | AvgR 0.0003 | Global 0.9160 | Local 0.2323 | F1_macro 0.6435 | WorstLoss 1.3855
[Tracker] Ep  430 | AvgR 0.0003 | Global 0.9434 | Local 0.2350 | F1_macro 0.6605 | WorstLoss 0.8049
[Tracker] Saved snapshot: ep0430_phase1_class1
[Tracker] Ep  431 | AvgR 0.0003 | Global 0.9480 | Local 0.2305 | F1_macro 0.6561 | WorstLoss 0.9553
[Tracker] Ep  432 | AvgR 0.0002 | Global 0.9576 | Local 0.1807 | F1_macro 0.6844 | WorstLoss 0.9498
[Tracker] Ep  433 | AvgR 0.0002 | Global 0.9527 | Local 0.1858 | F1_macro 0.6675 | WorstLoss 1.3972
[Tracker] Ep  434 | AvgR 0.0003 | Global 0.9479 | Local 0.1919 | F1_macro 0.6888 | WorstLoss 1.4951
[Tracker] Ep  435 | AvgR 0.0003 | Global 0.9637 | Local 0.2523 | F1_macro 0.6816 | WorstLoss 1.0083
[Tracker] Saved snapshot: ep0435_phase1_class1
[Tracker] Ep  436 | AvgR 0.0003 | Global 0.9397 | Local 0.2284 | F1_macro 0.6646 | WorstLoss 1.0673
[Tracker] Ep  437 | AvgR 0.0002 | Global 0.9630 | Local 0.1665 | F1_macro 0.7037 | WorstLoss 1.0372
[Tracker] Ep  438 | AvgR 0.0003 | Global 0.9379 | Local 0.2116 | F1_macro 0.6600 | WorstLoss 1.0545
[Tracker] Ep  439 | AvgR 0.0003 | Global 0.9420 | Local 0.1962 | F1_macro 0.6610 | WorstLoss 1.0350
[Tracker] Ep  440 | AvgR 0.0003 | Global 0.9335 | Local 0.2291 | F1_macro 0.6529 | WorstLoss 1.3523
[Tracker] Saved snapshot: ep0440_phase1_class1
[Tracker] Ep  441 | AvgR 0.0002 | Global 0.9412 | Local 0.1924 | F1_macro 0.6736 | WorstLoss 1.0943
[Tracker] Ep  442 | AvgR 0.0002 | Global 0.9521 | Local 0.1779 | F1_macro 0.6883 | WorstLoss 1.4854
[Tracker] Ep  443 | AvgR 0.0003 | Global 0.9778 | Local 0.1835 | F1_macro 0.7049 | WorstLoss 1.0059
[Tracker] Ep  444 | AvgR 0.0003 | Global 0.9714 | Local 0.1723 | F1_macro 0.6925 | WorstLoss 1.2712
[Tracker] Ep  445 | AvgR 0.0003 | Global 0.9372 | Local 0.1997 | F1_macro 0.6684 | WorstLoss 1.3069
[Tracker] Saved snapshot: ep0445_phase1_class1
[Tracker] Ep  446 | AvgR 0.0003 | Global 0.9607 | Local 0.1805 | F1_macro 0.6613 | WorstLoss 1.0951
[Tracker] Ep  447 | AvgR 0.0003 | Global 0.9546 | Local 0.2609 | F1_macro 0.6565 | WorstLoss 0.9721
[Tracker] Ep  448 | AvgR 0.0003 | Global 0.9308 | Local 0.2137 | F1_macro 0.6450 | WorstLoss 1.1076
[Tracker] Ep  449 | AvgR 0.0002 | Global 0.9050 | Local 0.2157 | F1_macro 0.6333 | WorstLoss 1.0448
[Tracker] Ep  450 | AvgR 0.0003 | Global 0.8984 | Local 0.2554 | F1_macro 0.6498 | WorstLoss 1.3826
[Tracker] Saved snapshot: ep0450_phase1_class1
[Tracker] Ep  451 | AvgR 0.0003 | Global 0.9508 | Local 0.1908 | F1_macro 0.6942 | WorstLoss 0.9107
[Tracker] Ep  452 | AvgR 0.0002 | Global 0.9586 | Local 0.1663 | F1_macro 0.6839 | WorstLoss 0.9006
[Tracker] Ep  453 | AvgR 0.0003 | Global 0.9339 | Local 0.2463 | F1_macro 0.6763 | WorstLoss 0.9969
[Tracker] Ep  454 | AvgR 0.0003 | Global 0.9373 | Local 0.2716 | F1_macro 0.6590 | WorstLoss 1.0810
[Tracker] Ep  455 | AvgR 0.0003 | Global 0.9272 | Local 0.2234 | F1_macro 0.6469 | WorstLoss 1.4877
[Tracker] Saved snapshot: ep0455_phase1_class1
[Tracker] Ep  456 | AvgR 0.0003 | Global 0.9355 | Local 0.2057 | F1_macro 0.6620 | WorstLoss 1.1378
[Tracker] Ep  457 | AvgR 0.0003 | Global 0.9320 | Local 0.2238 | F1_macro 0.6388 | WorstLoss 0.9593
[Tracker] Ep  458 | AvgR 0.0003 | Global 0.9394 | Local 0.3139 | F1_macro 0.6476 | WorstLoss 1.0434
[Tracker] Ep  459 | AvgR 0.0002 | Global 0.9453 | Local 0.1440 | F1_macro 0.6647 | WorstLoss 1.2464
[Tracker] Ep  460 | AvgR 0.0003 | Global 0.9527 | Local 0.2254 | F1_macro 0.6700 | WorstLoss 1.2388
[Tracker] Saved snapshot: ep0460_phase1_class1
[Tracker] Ep  461 | AvgR 0.0003 | Global 0.9394 | Local 0.2200 | F1_macro 0.6605 | WorstLoss 1.1453
[Tracker] Ep  462 | AvgR 0.0003 | Global 0.9270 | Local 0.2135 | F1_macro 0.6515 | WorstLoss 1.0729
[Tracker] Ep  463 | AvgR 0.0003 | Global 0.9656 | Local 0.1696 | F1_macro 0.7039 | WorstLoss 1.0523
[Tracker] Ep  464 | AvgR 0.0003 | Global 0.9407 | Local 0.2110 | F1_macro 0.6555 | WorstLoss 0.8491
[Tracker] Ep  465 | AvgR 0.0003 | Global 0.9378 | Local 0.2073 | F1_macro 0.6572 | WorstLoss 0.9350
[Tracker] Saved snapshot: ep0465_phase1_class1
[Tracker] Ep  466 | AvgR 0.0002 | Global 0.9333 | Local 0.1738 | F1_macro 0.6646 | WorstLoss 1.3233
[Tracker] Ep  467 | AvgR 0.0003 | Global 0.9314 | Local 0.2001 | F1_macro 0.6711 | WorstLoss 1.0115
[Tracker] Ep  468 | AvgR 0.0003 | Global 0.9242 | Local 0.2800 | F1_macro 0.6614 | WorstLoss 1.1116
[Tracker] Ep  469 | AvgR 0.0003 | Global 0.9318 | Local 0.2742 | F1_macro 0.6568 | WorstLoss 0.9325
[Tracker] Ep  470 | AvgR 0.0003 | Global 0.9304 | Local 0.2651 | F1_macro 0.6638 | WorstLoss 1.0769
[Tracker] Saved snapshot: ep0470_phase1_class1
[Tracker] Ep  471 | AvgR 0.0003 | Global 0.9584 | Local 0.2074 | F1_macro 0.6947 | WorstLoss 0.9008
[Tracker] Ep  472 | AvgR 0.0003 | Global 0.9126 | Local 0.2762 | F1_macro 0.6297 | WorstLoss 0.9442
[Tracker] Ep  473 | AvgR 0.0002 | Global 0.9348 | Local 0.1540 | F1_macro 0.6670 | WorstLoss 1.2832
[Tracker] Ep  474 | AvgR 0.0003 | Global 0.9305 | Local 0.2074 | F1_macro 0.6834 | WorstLoss 1.1976
[Tracker] Ep  475 | AvgR 0.0002 | Global 0.9334 | Local 0.1644 | F1_macro 0.6661 | WorstLoss 1.4451
[Tracker] Saved snapshot: ep0475_phase1_class1
[Tracker] Ep  476 | AvgR 0.0003 | Global 0.9150 | Local 0.2302 | F1_macro 0.6606 | WorstLoss 1.4924
[Tracker] Ep  477 | AvgR 0.0003 | Global 0.9378 | Local 0.2297 | F1_macro 0.6681 | WorstLoss 1.0511
[Tracker] Ep  478 | AvgR 0.0002 | Global 0.4655 | Local 0.2796 | F1_macro 0.6284 | WorstLoss 1.9341
[Tracker] Ep  479 | AvgR 0.0003 | Global 0.9383 | Local 0.1975 | F1_macro 0.6727 | WorstLoss 1.0006
[Tracker] Ep  480 | AvgR 0.0002 | Global 0.9424 | Local 0.1741 | F1_macro 0.6637 | WorstLoss 1.0167
[Tracker] Saved snapshot: ep0480_phase1_class1
[Tracker] Ep  481 | AvgR 0.0003 | Global 0.9337 | Local 0.2232 | F1_macro 0.6626 | WorstLoss 1.0237
[Tracker] Ep  482 | AvgR 0.0002 | Global 0.9145 | Local 0.1842 | F1_macro 0.6649 | WorstLoss 1.2371
[Tracker] Ep  483 | AvgR 0.0003 | Global 0.9187 | Local 0.2300 | F1_macro 0.6668 | WorstLoss 1.0374
[Tracker] Ep  484 | AvgR 0.0003 | Global 0.9466 | Local 0.1885 | F1_macro 0.6594 | WorstLoss 0.9306
[Tracker] Ep  485 | AvgR 0.0003 | Global 0.9171 | Local 0.1982 | F1_macro 0.6469 | WorstLoss 1.1571
[Tracker] Saved snapshot: ep0485_phase1_class1
[Tracker] Ep  486 | AvgR 0.0003 | Global 0.9405 | Local 0.2322 | F1_macro 0.6578 | WorstLoss 0.8426
[Tracker] Ep  487 | AvgR 0.0003 | Global 0.9049 | Local 0.2717 | F1_macro 0.6553 | WorstLoss 1.0311
[Tracker] Ep  488 | AvgR 0.0003 | Global 0.8890 | Local 0.3359 | F1_macro 0.6380 | WorstLoss 1.2898
[Tracker] Ep  489 | AvgR 0.0003 | Global 0.9619 | Local 0.1762 | F1_macro 0.6870 | WorstLoss 1.2168
[Tracker] Ep  490 | AvgR 0.0003 | Global 0.9459 | Local 0.2215 | F1_macro 0.6668 | WorstLoss 0.8228
[Tracker] Saved snapshot: ep0490_phase1_class1
[Tracker] Ep  491 | AvgR 0.0003 | Global 0.9193 | Local 0.2512 | F1_macro 0.6666 | WorstLoss 1.2644
[Tracker] Ep  492 | AvgR 0.0003 | Global 0.9198 | Local 0.2193 | F1_macro 0.6454 | WorstLoss 1.0665
[Tracker] Ep  493 | AvgR 0.0003 | Global 0.9380 | Local 0.1942 | F1_macro 0.6603 | WorstLoss 1.1212
[Tracker] Ep  494 | AvgR 0.0003 | Global 0.9390 | Local 0.2402 | F1_macro 0.6625 | WorstLoss 1.1455
[Tracker] Ep  495 | AvgR 0.0003 | Global 0.9594 | Local 0.2171 | F1_macro 0.6869 | WorstLoss 1.3653
[Tracker] Saved snapshot: ep0495_phase1_class1
[Tracker] Ep  496 | AvgR 0.0003 | Global 0.9258 | Local 0.2320 | F1_macro 0.6374 | WorstLoss 0.8846
[Tracker] Ep  497 | AvgR 0.0003 | Global 0.9403 | Local 0.2401 | F1_macro 0.6633 | WorstLoss 0.9920
[Tracker] Ep  498 | AvgR 0.0003 | Global 0.9208 | Local 0.2680 | F1_macro 0.6524 | WorstLoss 1.4277
[Tracker] Ep  499 | AvgR 0.0002 | Global 0.9159 | Local 0.1860 | F1_macro 0.6474 | WorstLoss 1.3489
[Tracker] Ep  500 | AvgR 0.0003 | Global 0.9052 | Local 0.2387 | F1_macro 0.6389 | WorstLoss 1.3219
[Tracker] Saved snapshot: ep0500_phase1_class1
[Tracker] Ep  501 | AvgR 0.0003 | Global 0.9269 | Local 0.3106 | F1_macro 0.6480 | WorstLoss 1.2097
[Tracker] Ep  502 | AvgR 0.0003 | Global 0.9379 | Local 0.2389 | F1_macro 0.6642 | WorstLoss 1.1923
[Tracker] Ep  503 | AvgR 0.0003 | Global 0.9461 | Local 0.2833 | F1_macro 0.6689 | WorstLoss 1.2037
[Tracker] Ep  504 | AvgR 0.0003 | Global 0.9410 | Local 0.1982 | F1_macro 0.6535 | WorstLoss 1.1597
[Tracker] Ep  505 | AvgR 0.0003 | Global 0.9375 | Local 0.2507 | F1_macro 0.6617 | WorstLoss 0.9631
[Tracker] Saved snapshot: ep0505_phase1_class1
[Tracker] Ep  506 | AvgR 0.0003 | Global 0.9243 | Local 0.2430 | F1_macro 0.6591 | WorstLoss 1.0760
[Tracker] Ep  507 | AvgR 0.0002 | Global 0.9610 | Local 0.1564 | F1_macro 0.6770 | WorstLoss 1.1256
[Tracker] Ep  508 | AvgR 0.0003 | Global 0.9205 | Local 0.2280 | F1_macro 0.6638 | WorstLoss 1.4529
[Tracker] Ep  509 | AvgR 0.0003 | Global 0.9265 | Local 0.2125 | F1_macro 0.6492 | WorstLoss 1.2447
[Tracker] Ep  510 | AvgR 0.0003 | Global 0.9019 | Local 0.2268 | F1_macro 0.6333 | WorstLoss 1.0432
[Tracker] Saved snapshot: ep0510_phase1_class1
[Tracker] Ep  511 | AvgR 0.0003 | Global 0.9144 | Local 0.2080 | F1_macro 0.6463 | WorstLoss 0.8423
[Tracker] Ep  512 | AvgR 0.0003 | Global 0.9047 | Local 0.2239 | F1_macro 0.6635 | WorstLoss 1.2666
[Tracker] Ep  513 | AvgR 0.0003 | Global 0.9470 | Local 0.2069 | F1_macro 0.6714 | WorstLoss 1.1206
[Tracker] Ep  514 | AvgR 0.0003 | Global 0.9388 | Local 0.2115 | F1_macro 0.6687 | WorstLoss 1.1139
[Tracker] Ep  515 | AvgR 0.0003 | Global 0.9477 | Local 0.2174 | F1_macro 0.6564 | WorstLoss 0.7793
[Tracker] Saved snapshot: ep0515_phase1_class1
[Tracker] Ep  516 | AvgR 0.0003 | Global 0.9280 | Local 0.2045 | F1_macro 0.6563 | WorstLoss 1.1063
[Tracker] Ep  517 | AvgR 0.0003 | Global 0.9157 | Local 0.2372 | F1_macro 0.6384 | WorstLoss 1.5263
[Tracker] Ep  518 | AvgR 0.0003 | Global 0.9434 | Local 0.2187 | F1_macro 0.6612 | WorstLoss 1.5102
[Tracker] Ep  519 | AvgR 0.0003 | Global 0.9355 | Local 0.1743 | F1_macro 0.6766 | WorstLoss 1.0568
[Tracker] Ep  520 | AvgR 0.0003 | Global 0.9190 | Local 0.2371 | F1_macro 0.6602 | WorstLoss 1.1309
[Tracker] Saved snapshot: ep0520_phase1_class1
[Tracker] Ep  521 | AvgR 0.0003 | Global 0.9397 | Local 0.2359 | F1_macro 0.6584 | WorstLoss 0.9958
[Tracker] Ep  522 | AvgR 0.0003 | Global 0.9475 | Local 0.2724 | F1_macro 0.6715 | WorstLoss 0.9274
[Tracker] Ep  523 | AvgR 0.0003 | Global 0.9266 | Local 0.1874 | F1_macro 0.6670 | WorstLoss 1.2291
[Tracker] Ep  524 | AvgR 0.0003 | Global 0.9259 | Local 0.2621 | F1_macro 0.6432 | WorstLoss 1.0791
[Tracker] Ep  525 | AvgR 0.0003 | Global 0.9091 | Local 0.2405 | F1_macro 0.6510 | WorstLoss 1.5168
[Tracker] Saved snapshot: ep0525_phase1_class1
[Tracker] Ep  526 | AvgR 0.0003 | Global 0.9177 | Local 0.2566 | F1_macro 0.6360 | WorstLoss 0.9556
[Tracker] Ep  527 | AvgR 0.0003 | Global 0.9111 | Local 0.2475 | F1_macro 0.6544 | WorstLoss 0.8956
[Tracker] Ep  528 | AvgR 0.0003 | Global 0.9400 | Local 0.2474 | F1_macro 0.6662 | WorstLoss 0.9570
[Tracker] Ep  529 | AvgR 0.0003 | Global 0.9195 | Local 0.1969 | F1_macro 0.6436 | WorstLoss 1.1289
[Tracker] Ep  530 | AvgR 0.0003 | Global 0.9535 | Local 0.2482 | F1_macro 0.6714 | WorstLoss 0.7724
[Tracker] Saved snapshot: ep0530_phase1_class1
[Tracker] Ep  531 | AvgR 0.0002 | Global 0.8561 | Local 0.1852 | F1_macro 0.6353 | WorstLoss 1.6625
[Tracker] Ep  532 | AvgR 0.0003 | Global 0.9196 | Local 0.2250 | F1_macro 0.6464 | WorstLoss 1.4558
[Tracker] Ep  533 | AvgR 0.0003 | Global 0.9475 | Local 0.2449 | F1_macro 0.6780 | WorstLoss 1.1807
[Tracker] Ep  534 | AvgR 0.0003 | Global 0.9452 | Local 0.2184 | F1_macro 0.6679 | WorstLoss 0.9879
[Tracker] Ep  535 | AvgR 0.0003 | Global 0.9565 | Local 0.2509 | F1_macro 0.6768 | WorstLoss 0.8715
[Tracker] Saved snapshot: ep0535_phase1_class1
[Tracker] Ep  536 | AvgR 0.0003 | Global 0.9255 | Local 0.2813 | F1_macro 0.6832 | WorstLoss 0.9987
[Tracker] Ep  537 | AvgR 0.0003 | Global 0.9335 | Local 0.3055 | F1_macro 0.6498 | WorstLoss 0.9588
[Tracker] Ep  538 | AvgR 0.0003 | Global 0.9447 | Local 0.1807 | F1_macro 0.6684 | WorstLoss 0.9996
[Tracker] Ep  539 | AvgR 0.0003 | Global 0.9217 | Local 0.2238 | F1_macro 0.6398 | WorstLoss 1.3130
[Tracker] Ep  540 | AvgR 0.0003 | Global 0.9580 | Local 0.2468 | F1_macro 0.7000 | WorstLoss 0.8141
[Tracker] Saved snapshot: ep0540_phase1_class1
[Tracker] Ep  541 | AvgR 0.0003 | Global 0.9426 | Local 0.2398 | F1_macro 0.6741 | WorstLoss 0.9334
[Tracker] Ep  542 | AvgR 0.0003 | Global 0.9586 | Local 0.2148 | F1_macro 0.6814 | WorstLoss 0.9029
[Tracker] Ep  543 | AvgR 0.0003 | Global 0.9050 | Local 0.2681 | F1_macro 0.6365 | WorstLoss 0.9752
[Tracker] Ep  544 | AvgR 0.0003 | Global 0.9500 | Local 0.1873 | F1_macro 0.6718 | WorstLoss 0.9680
[Tracker] Ep  545 | AvgR 0.0003 | Global 0.9197 | Local 0.2555 | F1_macro 0.6581 | WorstLoss 1.2927
[Tracker] Saved snapshot: ep0545_phase1_class1
[Tracker] Ep  546 | AvgR 0.0003 | Global 0.9435 | Local 0.2849 | F1_macro 0.6754 | WorstLoss 0.8224
[Tracker] Ep  547 | AvgR 0.0003 | Global 0.9433 | Local 0.2207 | F1_macro 0.6660 | WorstLoss 1.0918
[Tracker] Ep  548 | AvgR 0.0003 | Global 0.9305 | Local 0.2243 | F1_macro 0.6598 | WorstLoss 1.1617
[Tracker] Ep  549 | AvgR 0.0003 | Global 0.9068 | Local 0.3506 | F1_macro 0.6383 | WorstLoss 1.2553
[Tracker] Ep  550 | AvgR 0.0002 | Global 0.9147 | Local 0.1454 | F1_macro 0.6447 | WorstLoss 1.2424
[Tracker] Saved snapshot: ep0550_phase1_class1
[Tracker] Ep  551 | AvgR 0.0003 | Global 0.9586 | Local 0.1464 | F1_macro 0.6930 | WorstLoss 0.9297
[Tracker] Ep  552 | AvgR 0.0003 | Global 0.9256 | Local 0.2058 | F1_macro 0.6448 | WorstLoss 1.4402
[Tracker] Ep  553 | AvgR 0.0003 | Global 0.9417 | Local 0.2489 | F1_macro 0.6762 | WorstLoss 0.9399
[Tracker] Ep  554 | AvgR 0.0003 | Global 0.9378 | Local 0.2540 | F1_macro 0.6578 | WorstLoss 1.0035
[Tracker] Ep  555 | AvgR 0.0003 | Global 0.9314 | Local 0.2340 | F1_macro 0.6544 | WorstLoss 0.8731
[Tracker] Saved snapshot: ep0555_phase1_class1
[Tracker] Ep  556 | AvgR 0.0003 | Global 0.9200 | Local 0.2701 | F1_macro 0.6525 | WorstLoss 1.0152
[Tracker] Ep  557 | AvgR 0.0003 | Global 0.9192 | Local 0.2936 | F1_macro 0.6385 | WorstLoss 1.4402
[Tracker] Ep  558 | AvgR 0.0003 | Global 0.9483 | Local 0.2623 | F1_macro 0.6779 | WorstLoss 0.8784
[Tracker] Ep  559 | AvgR 0.0003 | Global 0.9502 | Local 0.2263 | F1_macro 0.6564 | WorstLoss 1.0487
[Tracker] Ep  560 | AvgR 0.0003 | Global 0.9177 | Local 0.2249 | F1_macro 0.6354 | WorstLoss 1.0972
[Tracker] Saved snapshot: ep0560_phase1_class1
[Tracker] Ep  561 | AvgR 0.0003 | Global 0.9598 | Local 0.1770 | F1_macro 0.6676 | WorstLoss 1.0242
[Tracker] Ep  562 | AvgR 0.0003 | Global 0.9524 | Local 0.2206 | F1_macro 0.6767 | WorstLoss 1.1559
[Tracker] Ep  563 | AvgR 0.0003 | Global 0.9126 | Local 0.2379 | F1_macro 0.6530 | WorstLoss 0.9314
[Tracker] Ep  564 | AvgR 0.0003 | Global 0.9557 | Local 0.2002 | F1_macro 0.6713 | WorstLoss 1.1271
[Tracker] Ep  565 | AvgR 0.0003 | Global 0.9364 | Local 0.2693 | F1_macro 0.6609 | WorstLoss 0.8792
[Tracker] Saved snapshot: ep0565_phase1_class1
[Tracker] Ep  566 | AvgR 0.0003 | Global 0.9134 | Local 0.2424 | F1_macro 0.6551 | WorstLoss 1.3452
[Tracker] Ep  567 | AvgR 0.0003 | Global 0.9335 | Local 0.2289 | F1_macro 0.6509 | WorstLoss 1.0864
[Tracker] Ep  568 | AvgR 0.0003 | Global 0.9398 | Local 0.1767 | F1_macro 0.6518 | WorstLoss 1.3414
[Tracker] Ep  569 | AvgR 0.0003 | Global 0.9549 | Local 0.1880 | F1_macro 0.6805 | WorstLoss 0.9422
[Tracker] Ep  570 | AvgR 0.0003 | Global 0.9441 | Local 0.2031 | F1_macro 0.6618 | WorstLoss 0.9628
[Tracker] Saved snapshot: ep0570_phase1_class1
[Tracker] Ep  571 | AvgR 0.0003 | Global 0.9368 | Local 0.2102 | F1_macro 0.6722 | WorstLoss 1.0549
[Tracker] Ep  572 | AvgR 0.0003 | Global 0.9317 | Local 0.2767 | F1_macro 0.6602 | WorstLoss 0.9433
[Tracker] Ep  573 | AvgR 0.0003 | Global 0.9259 | Local 0.3111 | F1_macro 0.6344 | WorstLoss 0.9303
[Tracker] Ep  574 | AvgR 0.0003 | Global 0.9543 | Local 0.1829 | F1_macro 0.6682 | WorstLoss 1.3350
[Tracker] Ep  575 | AvgR 0.0003 | Global 0.9443 | Local 0.2462 | F1_macro 0.6639 | WorstLoss 0.9321
[Tracker] Saved snapshot: ep0575_phase1_class1
[Tracker] Ep  576 | AvgR 0.0003 | Global 0.8729 | Local 0.2865 | F1_macro 0.6254 | WorstLoss 1.1588
[Tracker] Ep  577 | AvgR 0.0003 | Global 0.9496 | Local 0.2356 | F1_macro 0.6778 | WorstLoss 1.0589
[Tracker] Ep  578 | AvgR 0.0003 | Global 0.8977 | Local 0.2650 | F1_macro 0.6487 | WorstLoss 1.2019
[Tracker] Ep  579 | AvgR 0.0003 | Global 0.9079 | Local 0.2635 | F1_macro 0.6500 | WorstLoss 1.1808
[Tracker] Ep  580 | AvgR 0.0003 | Global 0.9182 | Local 0.2152 | F1_macro 0.6234 | WorstLoss 1.1228
[Tracker] Saved snapshot: ep0580_phase1_class1
[Tracker] Ep  581 | AvgR 0.0003 | Global 0.9371 | Local 0.2563 | F1_macro 0.6591 | WorstLoss 0.8662
[Tracker] Ep  582 | AvgR 0.0003 | Global 0.9245 | Local 0.2677 | F1_macro 0.6630 | WorstLoss 1.0423
[Tracker] Ep  583 | AvgR 0.0003 | Global 0.9316 | Local 0.2146 | F1_macro 0.6636 | WorstLoss 1.1901
[Tracker] Ep  584 | AvgR 0.0002 | Global 0.8273 | Local 0.2289 | F1_macro 0.6518 | WorstLoss 1.6922
[Tracker] Ep  585 | AvgR 0.0003 | Global 0.9020 | Local 0.2581 | F1_macro 0.6470 | WorstLoss 1.4568
[Tracker] Saved snapshot: ep0585_phase1_class1
[Tracker] Ep  586 | AvgR 0.0003 | Global 0.9424 | Local 0.2111 | F1_macro 0.6613 | WorstLoss 1.1444
[Tracker] Ep  587 | AvgR 0.0003 | Global 0.9200 | Local 0.2924 | F1_macro 0.6547 | WorstLoss 1.3065
[Tracker] Ep  588 | AvgR 0.0003 | Global 0.9080 | Local 0.3444 | F1_macro 0.6516 | WorstLoss 1.3847
[Tracker] Ep  589 | AvgR 0.0003 | Global 0.9473 | Local 0.1923 | F1_macro 0.6655 | WorstLoss 0.9192
[Tracker] Ep  590 | AvgR 0.0001 | Global 0.4633 | Local 0.1625 | F1_macro 0.6458 | WorstLoss 1.9397
[Tracker] Saved snapshot: ep0590_phase1_class1
[Tracker] Ep  591 | AvgR 0.0002 | Global 0.8602 | Local 0.1847 | F1_macro 0.6498 | WorstLoss 1.6651
[Tracker] Ep  592 | AvgR 0.0003 | Global 0.9348 | Local 0.2377 | F1_macro 0.6704 | WorstLoss 1.1664
[Tracker] Ep  593 | AvgR 0.0003 | Global 0.9473 | Local 0.2861 | F1_macro 0.6612 | WorstLoss 1.0256
[Tracker] Ep  594 | AvgR 0.0003 | Global 0.9427 | Local 0.2092 | F1_macro 0.6777 | WorstLoss 1.4760
[Tracker] Ep  595 | AvgR 0.0003 | Global 0.9512 | Local 0.1870 | F1_macro 0.6759 | WorstLoss 1.0737
[Tracker] Saved snapshot: ep0595_phase1_class1
[Tracker] Ep  596 | AvgR 0.0003 | Global 0.8843 | Local 0.2451 | F1_macro 0.6144 | WorstLoss 1.0623
[Tracker] Ep  597 | AvgR 0.0003 | Global 0.9207 | Local 0.2480 | F1_macro 0.6640 | WorstLoss 1.2567
[Tracker] Ep  598 | AvgR 0.0003 | Global 0.9284 | Local 0.1997 | F1_macro 0.6757 | WorstLoss 1.0087
[Tracker] Ep  599 | AvgR 0.0003 | Global 0.9536 | Local 0.2347 | F1_macro 0.6706 | WorstLoss 0.8413
[Tracker] Ep  600 | AvgR 0.0003 | Global 0.9403 | Local 0.2398 | F1_macro 0.6494 | WorstLoss 0.8889
[Tracker] Saved snapshot: ep0600_phase1_class1
[Tracker] Ep  601 | AvgR 0.0002 | Global 0.8310 | Local 0.1576 | F1_macro 0.6761 | WorstLoss 1.7552
[Tracker] Ep  602 | AvgR 0.0003 | Global 0.9523 | Local 0.1872 | F1_macro 0.6924 | WorstLoss 0.9917
[Tracker] Ep  603 | AvgR 0.0003 | Global 0.9033 | Local 0.3196 | F1_macro 0.6666 | WorstLoss 0.9667
[Tracker] Ep  604 | AvgR 0.0003 | Global 0.9639 | Local 0.2131 | F1_macro 0.6783 | WorstLoss 0.8295
[Tracker] Ep  605 | AvgR 0.0003 | Global 0.8714 | Local 0.2936 | F1_macro 0.6079 | WorstLoss 1.5129
[Tracker] Saved snapshot: ep0605_phase1_class1
[Tracker] Ep  606 | AvgR 0.0003 | Global 0.8990 | Local 0.2124 | F1_macro 0.6456 | WorstLoss 1.5181
[Tracker] Ep  607 | AvgR 0.0003 | Global 0.9235 | Local 0.3027 | F1_macro 0.6403 | WorstLoss 1.1251
[Tracker] Ep  608 | AvgR 0.0003 | Global 0.9419 | Local 0.2393 | F1_macro 0.6563 | WorstLoss 1.3293
[Tracker] Ep  609 | AvgR 0.0003 | Global 0.9213 | Local 0.1968 | F1_macro 0.6591 | WorstLoss 1.2601
[Tracker] Ep  610 | AvgR 0.0003 | Global 0.9501 | Local 0.1531 | F1_macro 0.6704 | WorstLoss 1.0384
[Tracker] Saved snapshot: ep0610_phase1_class1
[Tracker] Ep  611 | AvgR 0.0003 | Global 0.9153 | Local 0.2245 | F1_macro 0.6671 | WorstLoss 1.0399
[Tracker] Ep  612 | AvgR 0.0003 | Global 0.9184 | Local 0.2505 | F1_macro 0.6487 | WorstLoss 1.4895
[Tracker] Ep  613 | AvgR 0.0003 | Global 0.8555 | Local 0.3110 | F1_macro 0.6224 | WorstLoss 1.4201
[Tracker] Ep  614 | AvgR 0.0003 | Global 0.9062 | Local 0.3281 | F1_macro 0.6552 | WorstLoss 0.9481
[Tracker] Ep  615 | AvgR 0.0003 | Global 0.9422 | Local 0.2174 | F1_macro 0.6773 | WorstLoss 1.2164
[Tracker] Saved snapshot: ep0615_phase1_class1
[Tracker] Ep  616 | AvgR 0.0003 | Global 0.9358 | Local 0.1898 | F1_macro 0.6430 | WorstLoss 1.0207
[Tracker] Ep  617 | AvgR 0.0003 | Global 0.9466 | Local 0.1996 | F1_macro 0.6673 | WorstLoss 1.3444
[Tracker] Ep  618 | AvgR 0.0003 | Global 0.9399 | Local 0.2411 | F1_macro 0.6587 | WorstLoss 1.1160
[Tracker] Ep  619 | AvgR 0.0003 | Global 0.8974 | Local 0.2455 | F1_macro 0.6371 | WorstLoss 1.1331
[Tracker] Ep  620 | AvgR 0.0003 | Global 0.9200 | Local 0.2593 | F1_macro 0.6535 | WorstLoss 1.3508
[Tracker] Saved snapshot: ep0620_phase1_class1
[Tracker] Ep  621 | AvgR 0.0003 | Global 0.8912 | Local 0.2421 | F1_macro 0.6318 | WorstLoss 1.4292
[Tracker] Ep  622 | AvgR 0.0003 | Global 0.9173 | Local 0.2864 | F1_macro 0.6697 | WorstLoss 0.9654
[Tracker] Ep  623 | AvgR 0.0003 | Global 0.9231 | Local 0.1802 | F1_macro 0.6723 | WorstLoss 1.3079
[Tracker] Ep  624 | AvgR 0.0003 | Global 0.9024 | Local 0.2267 | F1_macro 0.6393 | WorstLoss 1.3022
[Tracker] Ep  625 | AvgR 0.0003 | Global 0.9271 | Local 0.2630 | F1_macro 0.6519 | WorstLoss 1.0746
[Tracker] Saved snapshot: ep0625_phase1_class1
[Tracker] Ep  626 | AvgR 0.0003 | Global 0.9120 | Local 0.2693 | F1_macro 0.6414 | WorstLoss 0.9336
[Tracker] Ep  627 | AvgR 0.0003 | Global 0.8967 | Local 0.2400 | F1_macro 0.6295 | WorstLoss 1.4971
[Tracker] Ep  628 | AvgR 0.0003 | Global 0.9301 | Local 0.1825 | F1_macro 0.6505 | WorstLoss 1.4086
[Tracker] Ep  629 | AvgR 0.0003 | Global 0.9273 | Local 0.2422 | F1_macro 0.6534 | WorstLoss 1.4466
[Tracker] Ep  630 | AvgR 0.0003 | Global 0.9310 | Local 0.2101 | F1_macro 0.6810 | WorstLoss 0.9531
[Tracker] Saved snapshot: ep0630_phase1_class1
[Tracker] Ep  631 | AvgR 0.0003 | Global 0.8970 | Local 0.2705 | F1_macro 0.6484 | WorstLoss 0.9327
[Tracker] Ep  632 | AvgR 0.0003 | Global 0.8997 | Local 0.2484 | F1_macro 0.6322 | WorstLoss 0.8884
[Tracker] Ep  633 | AvgR 0.0003 | Global 0.9451 | Local 0.2941 | F1_macro 0.6670 | WorstLoss 0.9371
[Tracker] Ep  634 | AvgR 0.0003 | Global 0.9010 | Local 0.2761 | F1_macro 0.6417 | WorstLoss 1.0882
[Tracker] Ep  635 | AvgR 0.0003 | Global 0.9300 | Local 0.2814 | F1_macro 0.6489 | WorstLoss 1.0931
[Tracker] Saved snapshot: ep0635_phase1_class1
[Tracker] Ep  636 | AvgR 0.0003 | Global 0.9394 | Local 0.1589 | F1_macro 0.6612 | WorstLoss 0.9207
[Tracker] Ep  637 | AvgR 0.0003 | Global 0.8875 | Local 0.2290 | F1_macro 0.6345 | WorstLoss 1.2091
[Tracker] Ep  638 | AvgR 0.0003 | Global 0.9376 | Local 0.1855 | F1_macro 0.6883 | WorstLoss 1.0265
[Tracker] Ep  639 | AvgR 0.0003 | Global 0.8880 | Local 0.2650 | F1_macro 0.6248 | WorstLoss 1.0407
[Tracker] Ep  640 | AvgR 0.0003 | Global 0.9088 | Local 0.2381 | F1_macro 0.6469 | WorstLoss 1.2516
[Tracker] Saved snapshot: ep0640_phase1_class1
[Tracker] Ep  641 | AvgR 0.0003 | Global 0.8326 | Local 0.3595 | F1_macro 0.6209 | WorstLoss 1.0273
[Tracker] Ep  642 | AvgR 0.0003 | Global 0.9164 | Local 0.2540 | F1_macro 0.6620 | WorstLoss 1.1385
[Tracker] Ep  643 | AvgR 0.0003 | Global 0.9675 | Local 0.2053 | F1_macro 0.6865 | WorstLoss 0.8794
[Tracker] Ep  644 | AvgR 0.0003 | Global 0.9514 | Local 0.1976 | F1_macro 0.6712 | WorstLoss 0.9848
[Tracker] Ep  645 | AvgR 0.0003 | Global 0.9330 | Local 0.2466 | F1_macro 0.6520 | WorstLoss 0.8889
[Tracker] Saved snapshot: ep0645_phase1_class1
[Tracker] Ep  646 | AvgR 0.0003 | Global 0.9256 | Local 0.2299 | F1_macro 0.6535 | WorstLoss 0.8496
[Tracker] Ep  647 | AvgR 0.0002 | Global 0.7140 | Local 0.2146 | F1_macro 0.6568 | WorstLoss 1.8170
[Tracker] Ep  648 | AvgR 0.0003 | Global 0.8992 | Local 0.3002 | F1_macro 0.6151 | WorstLoss 1.0332
[Tracker] Ep  649 | AvgR 0.0003 | Global 0.9110 | Local 0.1869 | F1_macro 0.6305 | WorstLoss 1.3968
[Tracker] Ep  650 | AvgR 0.0003 | Global 0.9109 | Local 0.2472 | F1_macro 0.6545 | WorstLoss 1.0770
[Tracker] Saved snapshot: ep0650_phase1_class1
[Tracker] Ep  651 | AvgR 0.0003 | Global 0.8896 | Local 0.2507 | F1_macro 0.6219 | WorstLoss 1.0444
[Tracker] Ep  652 | AvgR 0.0003 | Global 0.9387 | Local 0.1778 | F1_macro 0.6694 | WorstLoss 1.2295
[Tracker] Ep  653 | AvgR 0.0003 | Global 0.9376 | Local 0.1696 | F1_macro 0.6714 | WorstLoss 1.3356
[Tracker] Ep  654 | AvgR 0.0003 | Global 0.8831 | Local 0.2443 | F1_macro 0.6150 | WorstLoss 1.4034
[Tracker] Ep  655 | AvgR 0.0003 | Global 0.9224 | Local 0.1837 | F1_macro 0.6662 | WorstLoss 1.1011
[Tracker] Saved snapshot: ep0655_phase1_class1
[Tracker] Ep  656 | AvgR 0.0003 | Global 0.9255 | Local 0.2480 | F1_macro 0.6535 | WorstLoss 1.0239
[Tracker] Ep  657 | AvgR 0.0003 | Global 0.8897 | Local 0.2268 | F1_macro 0.6489 | WorstLoss 1.1225
[Tracker] Ep  658 | AvgR 0.0003 | Global 0.8845 | Local 0.2217 | F1_macro 0.6287 | WorstLoss 1.1150
[Tracker] Ep  659 | AvgR 0.0003 | Global 0.9076 | Local 0.3225 | F1_macro 0.6341 | WorstLoss 1.2274
[Tracker] Ep  660 | AvgR 0.0003 | Global 0.9463 | Local 0.2160 | F1_macro 0.6741 | WorstLoss 0.8952
[Tracker] Saved snapshot: ep0660_phase1_class1
[Tracker] Ep  661 | AvgR 0.0003 | Global 0.8772 | Local 0.2394 | F1_macro 0.6232 | WorstLoss 1.0594
[Tracker] Ep  662 | AvgR 0.0003 | Global 0.9374 | Local 0.2273 | F1_macro 0.6342 | WorstLoss 1.0587
[Tracker] Ep  663 | AvgR 0.0003 | Global 0.9193 | Local 0.2830 | F1_macro 0.6750 | WorstLoss 0.9461
[Tracker] Ep  664 | AvgR 0.0003 | Global 0.9037 | Local 0.2356 | F1_macro 0.6589 | WorstLoss 1.0435
[Tracker] Ep  665 | AvgR 0.0003 | Global 0.9094 | Local 0.2537 | F1_macro 0.6538 | WorstLoss 1.0327
[Tracker] Saved snapshot: ep0665_phase1_class1
[Tracker] Ep  666 | AvgR 0.0003 | Global 0.9023 | Local 0.2380 | F1_macro 0.6419 | WorstLoss 1.0736
[Tracker] Ep  667 | AvgR 0.0003 | Global 0.9224 | Local 0.2621 | F1_macro 0.6321 | WorstLoss 1.1356
[Tracker] Ep  668 | AvgR 0.0003 | Global 0.9102 | Local 0.2597 | F1_macro 0.6660 | WorstLoss 1.0630
[Tracker] Ep  669 | AvgR 0.0003 | Global 0.8933 | Local 0.2385 | F1_macro 0.6394 | WorstLoss 1.0902
[Tracker] Ep  670 | AvgR 0.0003 | Global 0.9112 | Local 0.2643 | F1_macro 0.6364 | WorstLoss 0.9063
[Tracker] Saved snapshot: ep0670_phase1_class1
[Tracker] Ep  671 | AvgR 0.0003 | Global 0.9552 | Local 0.1777 | F1_macro 0.6715 | WorstLoss 1.1209
[Tracker] Ep  672 | AvgR 0.0003 | Global 0.9080 | Local 0.2698 | F1_macro 0.6509 | WorstLoss 1.3980
[Tracker] Ep  673 | AvgR 0.0003 | Global 0.8717 | Local 0.2265 | F1_macro 0.6246 | WorstLoss 1.0123
[Tracker] Ep  674 | AvgR 0.0003 | Global 0.9310 | Local 0.2599 | F1_macro 0.6695 | WorstLoss 0.9710
[Tracker] Ep  675 | AvgR 0.0003 | Global 0.9260 | Local 0.3009 | F1_macro 0.6543 | WorstLoss 0.7904
[Tracker] Saved snapshot: ep0675_phase1_class1
[Tracker] Ep  676 | AvgR 0.0003 | Global 0.9659 | Local 0.2142 | F1_macro 0.7001 | WorstLoss 0.9101
[Tracker] Ep  677 | AvgR 0.0003 | Global 0.9117 | Local 0.1398 | F1_macro 0.6671 | WorstLoss 1.3531
[Tracker] Ep  678 | AvgR 0.0003 | Global 0.9104 | Local 0.3008 | F1_macro 0.6418 | WorstLoss 0.9512
[Tracker] Ep  679 | AvgR 0.0003 | Global 0.9282 | Local 0.2931 | F1_macro 0.6749 | WorstLoss 1.0068
[Tracker] Ep  680 | AvgR 0.0003 | Global 0.9297 | Local 0.3391 | F1_macro 0.6539 | WorstLoss 0.8463
[Tracker] Saved snapshot: ep0680_phase1_class1
[Tracker] Ep  681 | AvgR 0.0003 | Global 0.9323 | Local 0.2525 | F1_macro 0.6489 | WorstLoss 1.2901
[Tracker] Ep  682 | AvgR 0.0003 | Global 0.9110 | Local 0.2245 | F1_macro 0.6382 | WorstLoss 1.1403
[Tracker] Ep  683 | AvgR 0.0003 | Global 0.9102 | Local 0.2064 | F1_macro 0.6433 | WorstLoss 1.0558
[Tracker] Ep  684 | AvgR 0.0003 | Global 0.9134 | Local 0.2302 | F1_macro 0.6424 | WorstLoss 1.2136
[Tracker] Ep  685 | AvgR 0.0003 | Global 0.9148 | Local 0.2776 | F1_macro 0.6702 | WorstLoss 1.4132
[Tracker] Saved snapshot: ep0685_phase1_class1
[Tracker] Ep  686 | AvgR 0.0003 | Global 0.8947 | Local 0.2853 | F1_macro 0.6327 | WorstLoss 1.4520
[Tracker] Ep  687 | AvgR 0.0003 | Global 0.8930 | Local 0.2431 | F1_macro 0.6285 | WorstLoss 1.4147
[Tracker] Ep  688 | AvgR 0.0003 | Global 0.9567 | Local 0.2215 | F1_macro 0.6650 | WorstLoss 0.8700
[Tracker] Ep  689 | AvgR 0.0003 | Global 0.9169 | Local 0.1999 | F1_macro 0.6527 | WorstLoss 1.0412
[Tracker] Ep  690 | AvgR 0.0003 | Global 0.9299 | Local 0.2225 | F1_macro 0.6726 | WorstLoss 1.0862
[Tracker] Saved snapshot: ep0690_phase1_class1
[Tracker] Ep  691 | AvgR 0.0003 | Global 0.8979 | Local 0.2070 | F1_macro 0.6762 | WorstLoss 1.1506
[Tracker] Ep  692 | AvgR 0.0003 | Global 0.9090 | Local 0.2848 | F1_macro 0.6284 | WorstLoss 0.9073
[Tracker] Ep  693 | AvgR 0.0003 | Global 0.9162 | Local 0.2443 | F1_macro 0.6593 | WorstLoss 1.2280
[Tracker] Ep  694 | AvgR 0.0003 | Global 0.9088 | Local 0.2402 | F1_macro 0.6737 | WorstLoss 1.1699
[Tracker] Ep  695 | AvgR 0.0003 | Global 0.9302 | Local 0.3073 | F1_macro 0.6625 | WorstLoss 0.9447
[Tracker] Saved snapshot: ep0695_phase1_class1
[Tracker] Ep  696 | AvgR 0.0003 | Global 0.9294 | Local 0.2338 | F1_macro 0.6745 | WorstLoss 1.1964
[Tracker] Ep  697 | AvgR 0.0003 | Global 0.8922 | Local 0.2175 | F1_macro 0.6571 | WorstLoss 1.0930
[Tracker] Ep  698 | AvgR 0.0003 | Global 0.9202 | Local 0.1906 | F1_macro 0.6338 | WorstLoss 0.9866
[Tracker] Ep  699 | AvgR 0.0003 | Global 0.9238 | Local 0.2231 | F1_macro 0.6685 | WorstLoss 1.0632
[Tracker] Ep  700 | AvgR 0.0003 | Global 0.9373 | Local 0.2429 | F1_macro 0.6665 | WorstLoss 0.8378
[Tracker] Saved snapshot: ep0700_phase1_class1
[Tracker] Ep  701 | AvgR 0.0003 | Global 0.9344 | Local 0.2413 | F1_macro 0.6641 | WorstLoss 1.0164
[Tracker] Ep  702 | AvgR 0.0003 | Global 0.8904 | Local 0.2412 | F1_macro 0.6376 | WorstLoss 1.0989
[Tracker] Ep  703 | AvgR 0.0003 | Global 0.9201 | Local 0.1988 | F1_macro 0.6541 | WorstLoss 1.1537
[Tracker] Ep  704 | AvgR 0.0003 | Global 0.9115 | Local 0.2047 | F1_macro 0.6286 | WorstLoss 1.0413
[Tracker] Ep  705 | AvgR 0.0003 | Global 0.9236 | Local 0.2485 | F1_macro 0.6471 | WorstLoss 1.0665
[Tracker] Saved snapshot: ep0705_phase1_class1
[Tracker] Ep  706 | AvgR 0.0003 | Global 0.8438 | Local 0.2452 | F1_macro 0.6334 | WorstLoss 1.6615
[Tracker] Ep  707 | AvgR 0.0003 | Global 0.9169 | Local 0.2946 | F1_macro 0.6416 | WorstLoss 0.8245
[Tracker] Ep  708 | AvgR 0.0003 | Global 0.9711 | Local 0.1409 | F1_macro 0.7049 | WorstLoss 1.0646
[Tracker] Ep  709 | AvgR 0.0003 | Global 0.9255 | Local 0.1824 | F1_macro 0.6513 | WorstLoss 1.0966
[Tracker] Ep  710 | AvgR 0.0003 | Global 0.9139 | Local 0.2113 | F1_macro 0.6364 | WorstLoss 0.9325
[Tracker] Saved snapshot: ep0710_phase1_class1
[Tracker] Ep  711 | AvgR 0.0003 | Global 0.9246 | Local 0.2798 | F1_macro 0.6483 | WorstLoss 0.8871
[Tracker] Ep  712 | AvgR 0.0003 | Global 0.9089 | Local 0.2501 | F1_macro 0.6633 | WorstLoss 1.1792
[Tracker] Ep  713 | AvgR 0.0003 | Global 0.9318 | Local 0.1807 | F1_macro 0.6761 | WorstLoss 1.1952
[Tracker] Ep  714 | AvgR 0.0003 | Global 0.8992 | Local 0.2918 | F1_macro 0.6430 | WorstLoss 0.9496
[Tracker] Ep  715 | AvgR 0.0003 | Global 0.8770 | Local 0.2506 | F1_macro 0.6628 | WorstLoss 1.5897
[Tracker] Saved snapshot: ep0715_phase1_class1
[Tracker] Ep  716 | AvgR 0.0003 | Global 0.9217 | Local 0.1808 | F1_macro 0.6596 | WorstLoss 1.0168
[Tracker] Ep  717 | AvgR 0.0003 | Global 0.9325 | Local 0.2589 | F1_macro 0.6515 | WorstLoss 1.0496
[Tracker] Ep  718 | AvgR 0.0003 | Global 0.9280 | Local 0.2478 | F1_macro 0.6460 | WorstLoss 1.1932
[Tracker] Ep  719 | AvgR 0.0003 | Global 0.9049 | Local 0.1783 | F1_macro 0.6235 | WorstLoss 1.5260
[Tracker] Ep  720 | AvgR 0.0003 | Global 0.9081 | Local 0.2293 | F1_macro 0.6395 | WorstLoss 0.9395
[Tracker] Saved snapshot: ep0720_phase1_class1
[Tracker] Ep  721 | AvgR 0.0003 | Global 0.9759 | Local 0.2397 | F1_macro 0.6883 | WorstLoss 1.0256
[Tracker] Ep  722 | AvgR 0.0003 | Global 0.9329 | Local 0.2085 | F1_macro 0.6538 | WorstLoss 1.0485
[Tracker] Ep  723 | AvgR 0.0003 | Global 0.9376 | Local 0.2619 | F1_macro 0.6549 | WorstLoss 0.9590
[Tracker] Ep  724 | AvgR 0.0003 | Global 0.9318 | Local 0.2396 | F1_macro 0.6367 | WorstLoss 0.8701
[Tracker] Ep  725 | AvgR 0.0003 | Global 0.9159 | Local 0.3146 | F1_macro 0.6337 | WorstLoss 1.1682
[Tracker] Saved snapshot: ep0725_phase1_class1
[Tracker] Ep  726 | AvgR 0.0003 | Global 0.9093 | Local 0.2087 | F1_macro 0.6461 | WorstLoss 1.3429
[Tracker] Ep  727 | AvgR 0.0003 | Global 0.9213 | Local 0.2046 | F1_macro 0.6512 | WorstLoss 1.4168
[Tracker] Ep  728 | AvgR 0.0003 | Global 0.9095 | Local 0.1830 | F1_macro 0.6401 | WorstLoss 1.4713
[Tracker] Ep  729 | AvgR 0.0003 | Global 0.9512 | Local 0.2117 | F1_macro 0.6795 | WorstLoss 1.1889
[Tracker] Ep  730 | AvgR 0.0003 | Global 0.9508 | Local 0.2540 | F1_macro 0.6739 | WorstLoss 1.1686
[Tracker] Saved snapshot: ep0730_phase1_class1
[Tracker] Ep  731 | AvgR 0.0003 | Global 0.9346 | Local 0.2068 | F1_macro 0.6475 | WorstLoss 1.0808
[Tracker] Ep  732 | AvgR 0.0003 | Global 0.9007 | Local 0.2339 | F1_macro 0.6412 | WorstLoss 1.2745
[Tracker] Ep  733 | AvgR 0.0003 | Global 0.9535 | Local 0.1990 | F1_macro 0.6660 | WorstLoss 1.3520
[Tracker] Ep  734 | AvgR 0.0003 | Global 0.9338 | Local 0.2000 | F1_macro 0.6555 | WorstLoss 1.2037
[Tracker] Ep  735 | AvgR 0.0003 | Global 0.8014 | Local 0.2188 | F1_macro 0.6626 | WorstLoss 1.7498
[Tracker] Saved snapshot: ep0735_phase1_class1
[Tracker] Ep  736 | AvgR 0.0003 | Global 0.9438 | Local 0.1949 | F1_macro 0.6625 | WorstLoss 1.2300
[Tracker] Ep  737 | AvgR 0.0003 | Global 0.9338 | Local 0.2023 | F1_macro 0.6526 | WorstLoss 0.8748
[Tracker] Ep  738 | AvgR 0.0003 | Global 0.9337 | Local 0.2028 | F1_macro 0.6793 | WorstLoss 1.5470
[Tracker] Ep  739 | AvgR 0.0003 | Global 0.9358 | Local 0.2096 | F1_macro 0.6708 | WorstLoss 1.2404
[Tracker] Ep  740 | AvgR 0.0003 | Global 0.9599 | Local 0.1813 | F1_macro 0.6655 | WorstLoss 1.1209
[Tracker] Saved snapshot: ep0740_phase1_class1
[Tracker] Ep  741 | AvgR 0.0003 | Global 0.9423 | Local 0.2459 | F1_macro 0.6654 | WorstLoss 0.9935
[Tracker] Ep  742 | AvgR 0.0003 | Global 0.9128 | Local 0.2555 | F1_macro 0.6404 | WorstLoss 1.1053
[Tracker] Ep  743 | AvgR 0.0003 | Global 0.9354 | Local 0.2626 | F1_macro 0.6508 | WorstLoss 1.4406
[Tracker] Ep  744 | AvgR 0.0003 | Global 0.9406 | Local 0.2509 | F1_macro 0.6673 | WorstLoss 1.3368
[Tracker] Ep  745 | AvgR 0.0003 | Global 0.9192 | Local 0.2153 | F1_macro 0.6689 | WorstLoss 1.5800
[Tracker] Saved snapshot: ep0745_phase1_class1
[Tracker] Ep  746 | AvgR 0.0003 | Global 0.9135 | Local 0.2569 | F1_macro 0.6566 | WorstLoss 1.6032
[Tracker] Ep  747 | AvgR 0.0003 | Global 0.9387 | Local 0.2760 | F1_macro 0.6589 | WorstLoss 0.9772
[Tracker] Ep  748 | AvgR 0.0003 | Global 0.9270 | Local 0.2110 | F1_macro 0.6621 | WorstLoss 1.2394
[Tracker] Ep  749 | AvgR 0.0003 | Global 0.9559 | Local 0.2154 | F1_macro 0.6654 | WorstLoss 0.9944
[Tracker] Ep  750 | AvgR 0.0003 | Global 0.9226 | Local 0.2494 | F1_macro 0.6380 | WorstLoss 0.7799
[Tracker] Saved snapshot: ep0750_phase1_class1
[Tracker] Ep  751 | AvgR 0.0003 | Global 0.9409 | Local 0.2083 | F1_macro 0.6633 | WorstLoss 1.4988
[Tracker] Ep  752 | AvgR 0.0003 | Global 0.9452 | Local 0.2610 | F1_macro 0.6609 | WorstLoss 0.9381
[Tracker] Ep  753 | AvgR 0.0003 | Global 0.9270 | Local 0.2109 | F1_macro 0.6544 | WorstLoss 1.1045
[Tracker] Ep  754 | AvgR 0.0003 | Global 0.9400 | Local 0.3035 | F1_macro 0.6625 | WorstLoss 1.1130
[Tracker] Ep  755 | AvgR 0.0003 | Global 0.9493 | Local 0.1791 | F1_macro 0.6773 | WorstLoss 1.1181
[Tracker] Saved snapshot: ep0755_phase1_class1
[Tracker] Ep  756 | AvgR 0.0003 | Global 0.9387 | Local 0.2203 | F1_macro 0.6623 | WorstLoss 1.1834
[Tracker] Ep  757 | AvgR 0.0003 | Global 0.9465 | Local 0.1754 | F1_macro 0.6823 | WorstLoss 1.2695
[Tracker] Ep  758 | AvgR 0.0003 | Global 0.9250 | Local 0.1972 | F1_macro 0.6411 | WorstLoss 1.1819
[Tracker] Ep  759 | AvgR 0.0003 | Global 0.9412 | Local 0.2222 | F1_macro 0.6618 | WorstLoss 1.1065
[Tracker] Ep  760 | AvgR 0.0003 | Global 0.9671 | Local 0.1834 | F1_macro 0.6803 | WorstLoss 1.2313
[Tracker] Saved snapshot: ep0760_phase1_class1
[Tracker] Ep  761 | AvgR 0.0003 | Global 0.9228 | Local 0.2476 | F1_macro 0.6544 | WorstLoss 1.3240
[Tracker] Ep  762 | AvgR 0.0003 | Global 0.9546 | Local 0.2362 | F1_macro 0.6751 | WorstLoss 0.8090
[Tracker] Ep  763 | AvgR 0.0003 | Global 0.9630 | Local 0.1708 | F1_macro 0.6971 | WorstLoss 1.3209
[Tracker] Ep  764 | AvgR 0.0003 | Global 0.9292 | Local 0.2380 | F1_macro 0.6535 | WorstLoss 0.8748
[Tracker] Ep  765 | AvgR 0.0003 | Global 0.9503 | Local 0.2288 | F1_macro 0.6785 | WorstLoss 1.2053
[Tracker] Saved snapshot: ep0765_phase1_class1
[Tracker] Ep  766 | AvgR 0.0003 | Global 0.9408 | Local 0.2433 | F1_macro 0.6902 | WorstLoss 0.9818
[Tracker] Ep  767 | AvgR 0.0003 | Global 0.9254 | Local 0.2037 | F1_macro 0.6687 | WorstLoss 1.3620
[Tracker] Ep  768 | AvgR 0.0003 | Global 0.9401 | Local 0.2117 | F1_macro 0.6666 | WorstLoss 0.9367
[Tracker] Ep  769 | AvgR 0.0003 | Global 0.9533 | Local 0.1551 | F1_macro 0.6787 | WorstLoss 1.3782
[Tracker] Ep  770 | AvgR 0.0003 | Global 0.9297 | Local 0.2599 | F1_macro 0.6515 | WorstLoss 0.9873
[Tracker] Saved snapshot: ep0770_phase1_class1
[Tracker] Ep  771 | AvgR 0.0003 | Global 0.9240 | Local 0.2340 | F1_macro 0.6366 | WorstLoss 1.2479
[Tracker] Ep  772 | AvgR 0.0003 | Global 0.9503 | Local 0.1920 | F1_macro 0.6791 | WorstLoss 0.9664
[Tracker] Ep  773 | AvgR 0.0003 | Global 0.9203 | Local 0.2150 | F1_macro 0.6677 | WorstLoss 1.4215
[Tracker] Ep  774 | AvgR 0.0003 | Global 0.9678 | Local 0.2013 | F1_macro 0.6799 | WorstLoss 1.2196
[Tracker] Ep  775 | AvgR 0.0003 | Global 0.9606 | Local 0.2380 | F1_macro 0.6874 | WorstLoss 0.8256
[Tracker] Saved snapshot: ep0775_phase1_class1
[Tracker] Ep  776 | AvgR 0.0003 | Global 0.9451 | Local 0.2030 | F1_macro 0.6601 | WorstLoss 0.9720
[Tracker] Ep  777 | AvgR 0.0003 | Global 0.9594 | Local 0.2495 | F1_macro 0.6938 | WorstLoss 0.8807
[Tracker] Ep  778 | AvgR 0.0003 | Global 0.9208 | Local 0.1754 | F1_macro 0.6344 | WorstLoss 1.2745
[Tracker] Ep  779 | AvgR 0.0003 | Global 0.9318 | Local 0.2845 | F1_macro 0.6516 | WorstLoss 0.7873
[Tracker] Ep  780 | AvgR 0.0003 | Global 0.9240 | Local 0.2247 | F1_macro 0.6448 | WorstLoss 0.9710
[Tracker] Saved snapshot: ep0780_phase1_class1
[Tracker] Ep  781 | AvgR 0.0003 | Global 0.9112 | Local 0.2816 | F1_macro 0.6623 | WorstLoss 1.0298
[Tracker] Ep  782 | AvgR 0.0003 | Global 0.9509 | Local 0.2206 | F1_macro 0.6725 | WorstLoss 1.1166
[Tracker] Ep  783 | AvgR 0.0003 | Global 0.9398 | Local 0.1732 | F1_macro 0.6522 | WorstLoss 1.4183
[Tracker] Ep  784 | AvgR 0.0003 | Global 0.9549 | Local 0.1439 | F1_macro 0.6786 | WorstLoss 1.2469
[Tracker] Ep  785 | AvgR 0.0003 | Global 0.9512 | Local 0.1902 | F1_macro 0.6621 | WorstLoss 1.1173
[Tracker] Saved snapshot: ep0785_phase1_class1
[Tracker] Ep  786 | AvgR 0.0003 | Global 0.9203 | Local 0.2342 | F1_macro 0.6629 | WorstLoss 1.0640
[Tracker] Ep  787 | AvgR 0.0003 | Global 0.9166 | Local 0.2521 | F1_macro 0.6577 | WorstLoss 0.9938
[Tracker] Ep  788 | AvgR 0.0003 | Global 0.9354 | Local 0.2011 | F1_macro 0.6601 | WorstLoss 0.9373
[Tracker] Ep  789 | AvgR 0.0003 | Global 0.9349 | Local 0.1756 | F1_macro 0.6787 | WorstLoss 1.1220
[Tracker] Ep  790 | AvgR 0.0003 | Global 0.9224 | Local 0.2040 | F1_macro 0.6607 | WorstLoss 1.5691
[Tracker] Saved snapshot: ep0790_phase1_class1
[Tracker] Ep  791 | AvgR 0.0003 | Global 0.8850 | Local 0.3006 | F1_macro 0.6209 | WorstLoss 1.2025
[Tracker] Ep  792 | AvgR 0.0003 | Global 0.9274 | Local 0.2604 | F1_macro 0.6777 | WorstLoss 1.1118
[Tracker] Ep  793 | AvgR 0.0003 | Global 0.9283 | Local 0.1574 | F1_macro 0.6390 | WorstLoss 1.0209
[Tracker] Ep  794 | AvgR 0.0003 | Global 0.9146 | Local 0.2781 | F1_macro 0.6346 | WorstLoss 0.9709
[Tracker] Ep  795 | AvgR 0.0003 | Global 0.9135 | Local 0.2662 | F1_macro 0.6503 | WorstLoss 1.5545
[Tracker] Saved snapshot: ep0795_phase1_class1
[Tracker] Ep  796 | AvgR 0.0003 | Global 0.9325 | Local 0.1902 | F1_macro 0.6647 | WorstLoss 0.8809
[Tracker] Ep  797 | AvgR 0.0003 | Global 0.9278 | Local 0.2427 | F1_macro 0.6729 | WorstLoss 1.1426
[Tracker] Ep  798 | AvgR 0.0003 | Global 0.8715 | Local 0.3387 | F1_macro 0.6279 | WorstLoss 1.1046
[Tracker] Ep  799 | AvgR 0.0002 | Global 0.4148 | Local 0.2463 | F1_macro 0.6357 | WorstLoss 1.9592
[Tracker] Ep  800 | AvgR 0.0003 | Global 0.9303 | Local 0.2021 | F1_macro 0.6564 | WorstLoss 0.9713
[Tracker] Saved snapshot: ep0800_phase1_class1
[Phase] Finished phase1_class1 | best global_obj=0.9906
Phase 2 anchors: 1617 (y=0 & disadv=1)
FFNN Using device: cuda:0

============================================================
[Phase] Starting phase2_class0 | target_class=0 | episodes=200
============================================================
[Tracker] Ep    1 | AvgR 0.0002 | Global 0.9838 | Local 0.0302 | F1_macro 0.7108 | WorstLoss 1.3176
[Tracker] New BEST synthetic [phase2_class0] (by global.global_obj: 0.983813) saved.
[Tracker] BEST β weights [phase2_class0] saved -> training_runs/SPECv17b_bias010_rl_census_3seeds_EP800_PCA10_REWfairness_minID1_majID0_TRJ2000_REAL3000_BIAS0.1_GG202603181228_767aa6de/seed_42/best_beta_state_dict_phase2_class0.pt
[Tracker] Ep    2 | AvgR 0.0002 | Global 0.9836 | Local 0.0204 | F1_macro 0.7084 | WorstLoss 1.2199
[Tracker] Ep    3 | AvgR 0.0002 | Global 0.9800 | Local 0.0152 | F1_macro 0.7141 | WorstLoss 1.4162
[Tracker] Ep    4 | AvgR 0.0002 | Global 0.9845 | Local 0.0284 | F1_macro 0.7088 | WorstLoss 1.2051
[Tracker] New BEST synthetic [phase2_class0] (by global.global_obj: 0.984507) saved.
[Tracker] BEST β weights [phase2_class0] saved -> training_runs/SPECv17b_bias010_rl_census_3seeds_EP800_PCA10_REWfairness_minID1_majID0_TRJ2000_REAL3000_BIAS0.1_GG202603181228_767aa6de/seed_42/best_beta_state_dict_phase2_class0.pt
[Tracker] Ep    5 | AvgR 0.0002 | Global 0.9847 | Local 0.0370 | F1_macro 0.7077 | WorstLoss 1.1969
[Tracker] Saved snapshot: ep0005_phase2_class0
[Tracker] New BEST synthetic [phase2_class0] (by global.global_obj: 0.984699) saved.
[Tracker] BEST β weights [phase2_class0] saved -> training_runs/SPECv17b_bias010_rl_census_3seeds_EP800_PCA10_REWfairness_minID1_majID0_TRJ2000_REAL3000_BIAS0.1_GG202603181228_767aa6de/seed_42/best_beta_state_dict_phase2_class0.pt
[Tracker] Ep    6 | AvgR 0.0002 | Global 0.9821 | Local 0.0208 | F1_macro 0.7122 | WorstLoss 1.2417
[Tracker] Ep    7 | AvgR 0.0002 | Global 0.9814 | Local 0.0413 | F1_macro 0.7067 | WorstLoss 1.2287
[Tracker] Ep    8 | AvgR 0.0002 | Global 0.9831 | Local 0.0296 | F1_macro 0.7142 | WorstLoss 1.3508
[Tracker] Ep    9 | AvgR 0.0002 | Global 0.9840 | Local 0.0264 | F1_macro 0.7160 | WorstLoss 1.2041
[Tracker] Ep   10 | AvgR 0.0002 | Global 0.9789 | Local 0.0742 | F1_macro 0.7017 | WorstLoss 1.2964
[Tracker] Saved snapshot: ep0010_phase2_class0
[Tracker] Ep   11 | AvgR 0.0002 | Global 0.9853 | Local 0.0237 | F1_macro 0.7152 | WorstLoss 1.3027
[Tracker] New BEST synthetic [phase2_class0] (by global.global_obj: 0.985338) saved.
[Tracker] BEST β weights [phase2_class0] saved -> training_runs/SPECv17b_bias010_rl_census_3seeds_EP800_PCA10_REWfairness_minID1_majID0_TRJ2000_REAL3000_BIAS0.1_GG202603181228_767aa6de/seed_42/best_beta_state_dict_phase2_class0.pt
[Tracker] Ep   12 | AvgR 0.0002 | Global 0.9799 | Local 0.0437 | F1_macro 0.7061 | WorstLoss 1.2577
[Tracker] Ep   13 | AvgR 0.0002 | Global 0.9760 | Local 0.0405 | F1_macro 0.7077 | WorstLoss 1.3206
[Tracker] Ep   14 | AvgR 0.0002 | Global 0.9827 | Local 0.0343 | F1_macro 0.7123 | WorstLoss 1.2550
[Tracker] Ep   15 | AvgR 0.0002 | Global 0.9850 | Local 0.0176 | F1_macro 0.7137 | WorstLoss 1.3232
[Tracker] Saved snapshot: ep0015_phase2_class0
[Tracker] Ep   16 | AvgR 0.0002 | Global 0.9786 | Local 0.0455 | F1_macro 0.7034 | WorstLoss 1.2552
[Tracker] Ep   17 | AvgR 0.0002 | Global 0.9817 | Local 0.0297 | F1_macro 0.7128 | WorstLoss 1.3304
[Tracker] Ep   18 | AvgR 0.0002 | Global 0.9811 | Local 0.0683 | F1_macro 0.6992 | WorstLoss 1.0681
[Tracker] Ep   19 | AvgR 0.0002 | Global 0.9781 | Local 0.0374 | F1_macro 0.7108 | WorstLoss 1.4259
[Tracker] Ep   20 | AvgR 0.0002 | Global 0.9824 | Local 0.0330 | F1_macro 0.7122 | WorstLoss 1.3584
[Tracker] Saved snapshot: ep0020_phase2_class0
[Tracker] Ep   21 | AvgR 0.0002 | Global 0.9778 | Local 0.0620 | F1_macro 0.7064 | WorstLoss 1.2809
[Tracker] Ep   22 | AvgR 0.0002 | Global 0.9839 | Local 0.0290 | F1_macro 0.7078 | WorstLoss 1.3257
[Tracker] Ep   23 | AvgR 0.0002 | Global 0.9801 | Local 0.0327 | F1_macro 0.7028 | WorstLoss 1.2674
[Tracker] Ep   24 | AvgR 0.0002 | Global 0.9838 | Local 0.0505 | F1_macro 0.7105 | WorstLoss 1.1263
[Tracker] Ep   25 | AvgR 0.0002 | Global 0.9856 | Local 0.0397 | F1_macro 0.7108 | WorstLoss 1.1583
[Tracker] Saved snapshot: ep0025_phase2_class0
[Tracker] New BEST synthetic [phase2_class0] (by global.global_obj: 0.985625) saved.
[Tracker] BEST β weights [phase2_class0] saved -> training_runs/SPECv17b_bias010_rl_census_3seeds_EP800_PCA10_REWfairness_minID1_majID0_TRJ2000_REAL3000_BIAS0.1_GG202603181228_767aa6de/seed_42/best_beta_state_dict_phase2_class0.pt
[Tracker] Ep   26 | AvgR 0.0002 | Global 0.9688 | Local 0.0338 | F1_macro 0.7063 | WorstLoss 1.4878
[Tracker] Ep   27 | AvgR 0.0002 | Global 0.9826 | Local 0.0527 | F1_macro 0.7040 | WorstLoss 1.2923
[Tracker] Ep   28 | AvgR 0.0002 | Global 0.9820 | Local 0.0437 | F1_macro 0.7129 | WorstLoss 1.2904
[Tracker] Ep   29 | AvgR 0.0002 | Global 0.9764 | Local 0.0590 | F1_macro 0.7083 | WorstLoss 1.2570
[Tracker] Ep   30 | AvgR 0.0002 | Global 0.9711 | Local 0.0436 | F1_macro 0.7007 | WorstLoss 1.2546
[Tracker] Saved snapshot: ep0030_phase2_class0
[Tracker] Ep   31 | AvgR 0.0002 | Global 0.9842 | Local 0.0497 | F1_macro 0.7004 | WorstLoss 1.0365
[Tracker] Ep   32 | AvgR 0.0002 | Global 0.9810 | Local 0.0509 | F1_macro 0.7047 | WorstLoss 1.2597
[Tracker] Ep   33 | AvgR 0.0002 | Global 0.9814 | Local 0.0259 | F1_macro 0.7075 | WorstLoss 1.2202
[Tracker] Ep   34 | AvgR 0.0002 | Global 0.9800 | Local 0.0789 | F1_macro 0.7071 | WorstLoss 1.2518
[Tracker] Ep   35 | AvgR 0.0002 | Global 0.9875 | Local 0.0515 | F1_macro 0.7105 | WorstLoss 1.3106
[Tracker] Saved snapshot: ep0035_phase2_class0
[Tracker] New BEST synthetic [phase2_class0] (by global.global_obj: 0.987503) saved.
[Tracker] BEST β weights [phase2_class0] saved -> training_runs/SPECv17b_bias010_rl_census_3seeds_EP800_PCA10_REWfairness_minID1_majID0_TRJ2000_REAL3000_BIAS0.1_GG202603181228_767aa6de/seed_42/best_beta_state_dict_phase2_class0.pt
[Tracker] Ep   36 | AvgR 0.0002 | Global 0.9793 | Local 0.0417 | F1_macro 0.7052 | WorstLoss 1.2762
[Tracker] Ep   37 | AvgR 0.0002 | Global 0.9865 | Local 0.0452 | F1_macro 0.7132 | WorstLoss 1.2822
[Tracker] Ep   38 | AvgR 0.0002 | Global 0.9797 | Local 0.0699 | F1_macro 0.7020 | WorstLoss 1.2119
[Tracker] Ep   39 | AvgR 0.0002 | Global 0.9773 | Local 0.0371 | F1_macro 0.7075 | WorstLoss 1.2950
[Tracker] Ep   40 | AvgR 0.0002 | Global 0.9715 | Local 0.0514 | F1_macro 0.7024 | WorstLoss 1.3173
[Tracker] Saved snapshot: ep0040_phase2_class0
[Tracker] Ep   41 | AvgR 0.0002 | Global 0.9744 | Local 0.0436 | F1_macro 0.6936 | WorstLoss 1.1964
[Tracker] Ep   42 | AvgR 0.0002 | Global 0.9847 | Local 0.0494 | F1_macro 0.7136 | WorstLoss 1.1956
[Tracker] Ep   43 | AvgR 0.0002 | Global 0.9776 | Local 0.1238 | F1_macro 0.6990 | WorstLoss 1.2549
[Tracker] Ep   44 | AvgR 0.0002 | Global 0.9758 | Local 0.0954 | F1_macro 0.6915 | WorstLoss 1.3917
[Tracker] Ep   45 | AvgR 0.0002 | Global 0.9842 | Local 0.0359 | F1_macro 0.7094 | WorstLoss 1.2094
[Tracker] Saved snapshot: ep0045_phase2_class0
[Tracker] Ep   46 | AvgR 0.0002 | Global 0.9835 | Local 0.0498 | F1_macro 0.7066 | WorstLoss 1.2361
[Tracker] Ep   47 | AvgR 0.0002 | Global 0.9860 | Local 0.0492 | F1_macro 0.7090 | WorstLoss 1.1390
[Tracker] Ep   48 | AvgR 0.0002 | Global 0.9741 | Local 0.0461 | F1_macro 0.7029 | WorstLoss 1.2813
[Tracker] Ep   49 | AvgR 0.0002 | Global 0.9799 | Local 0.0874 | F1_macro 0.6933 | WorstLoss 1.1102
[Tracker] Ep   50 | AvgR 0.0002 | Global 0.9790 | Local 0.0489 | F1_macro 0.7064 | WorstLoss 1.2099
[Tracker] Saved snapshot: ep0050_phase2_class0
[Tracker] Ep   51 | AvgR 0.0002 | Global 0.9793 | Local 0.0851 | F1_macro 0.6987 | WorstLoss 1.1511
[Tracker] Ep   52 | AvgR 0.0002 | Global 0.9849 | Local 0.0260 | F1_macro 0.7115 | WorstLoss 1.2952
[Tracker] Ep   53 | AvgR 0.0002 | Global 0.9718 | Local 0.0459 | F1_macro 0.6973 | WorstLoss 1.4204
[Tracker] Ep   54 | AvgR 0.0002 | Global 0.9805 | Local 0.0455 | F1_macro 0.7074 | WorstLoss 1.1175
[Tracker] Ep   55 | AvgR 0.0002 | Global 0.9750 | Local 0.0742 | F1_macro 0.6999 | WorstLoss 1.2940
[Tracker] Saved snapshot: ep0055_phase2_class0
[Tracker] Ep   56 | AvgR 0.0002 | Global 0.9736 | Local 0.0855 | F1_macro 0.7022 | WorstLoss 1.1746
[Tracker] Ep   57 | AvgR 0.0002 | Global 0.9842 | Local 0.0520 | F1_macro 0.7089 | WorstLoss 1.1226
[Tracker] Ep   58 | AvgR 0.0002 | Global 0.9719 | Local 0.0430 | F1_macro 0.7064 | WorstLoss 1.4090
[Tracker] Ep   59 | AvgR 0.0002 | Global 0.9829 | Local 0.0451 | F1_macro 0.7042 | WorstLoss 1.2507
[Tracker] Ep   60 | AvgR 0.0002 | Global 0.9802 | Local 0.0773 | F1_macro 0.7003 | WorstLoss 1.0936
[Tracker] Saved snapshot: ep0060_phase2_class0
[Tracker] Ep   61 | AvgR 0.0002 | Global 0.9838 | Local 0.0625 | F1_macro 0.7084 | WorstLoss 1.0302
[Tracker] Ep   62 | AvgR 0.0002 | Global 0.9797 | Local 0.0911 | F1_macro 0.7008 | WorstLoss 1.0434
[Tracker] Ep   63 | AvgR 0.0002 | Global 0.9768 | Local 0.0395 | F1_macro 0.7063 | WorstLoss 1.1813
[Tracker] Ep   64 | AvgR 0.0002 | Global 0.9841 | Local 0.1132 | F1_macro 0.7056 | WorstLoss 1.0981
[Tracker] Ep   65 | AvgR 0.0002 | Global 0.9825 | Local 0.0848 | F1_macro 0.6977 | WorstLoss 1.1920
[Tracker] Saved snapshot: ep0065_phase2_class0
[Tracker] Ep   66 | AvgR 0.0002 | Global 0.9851 | Local 0.1147 | F1_macro 0.7085 | WorstLoss 1.1650
[Tracker] Ep   67 | AvgR 0.0002 | Global 0.9761 | Local 0.0592 | F1_macro 0.7024 | WorstLoss 1.1646
[Tracker] Ep   68 | AvgR 0.0002 | Global 0.9752 | Local 0.0707 | F1_macro 0.6980 | WorstLoss 1.1456
[Tracker] Ep   69 | AvgR 0.0002 | Global 0.9808 | Local 0.0805 | F1_macro 0.7109 | WorstLoss 1.1558
[Tracker] Ep   70 | AvgR 0.0002 | Global 0.9835 | Local 0.0685 | F1_macro 0.7066 | WorstLoss 1.1393
[Tracker] Saved snapshot: ep0070_phase2_class0
[Tracker] Ep   71 | AvgR 0.0002 | Global 0.9807 | Local 0.0481 | F1_macro 0.7046 | WorstLoss 1.1596
[Tracker] Ep   72 | AvgR 0.0002 | Global 0.9797 | Local 0.0495 | F1_macro 0.7031 | WorstLoss 1.1467
[Tracker] Ep   73 | AvgR 0.0002 | Global 0.9758 | Local 0.1178 | F1_macro 0.6948 | WorstLoss 0.9925
[Tracker] Ep   74 | AvgR 0.0002 | Global 0.9771 | Local 0.0459 | F1_macro 0.7050 | WorstLoss 1.2151
[Tracker] Ep   75 | AvgR 0.0002 | Global 0.9816 | Local 0.0778 | F1_macro 0.7062 | WorstLoss 1.1642
[Tracker] Saved snapshot: ep0075_phase2_class0
[Tracker] Ep   76 | AvgR 0.0002 | Global 0.9701 | Local 0.0742 | F1_macro 0.6979 | WorstLoss 1.3835
[Tracker] Ep   77 | AvgR 0.0002 | Global 0.9773 | Local 0.0716 | F1_macro 0.7052 | WorstLoss 1.2699
[Tracker] Ep   78 | AvgR 0.0002 | Global 0.9764 | Local 0.0550 | F1_macro 0.7068 | WorstLoss 1.2976
[Tracker] Ep   79 | AvgR 0.0002 | Global 0.9789 | Local 0.0689 | F1_macro 0.7052 | WorstLoss 1.0888
[Tracker] Ep   80 | AvgR 0.0002 | Global 0.9787 | Local 0.0948 | F1_macro 0.6942 | WorstLoss 1.0966
[Tracker] Saved snapshot: ep0080_phase2_class0
[Tracker] Ep   81 | AvgR 0.0002 | Global 0.9704 | Local 0.0851 | F1_macro 0.6982 | WorstLoss 1.3612
[Tracker] Ep   82 | AvgR 0.0002 | Global 0.9759 | Local 0.0766 | F1_macro 0.7154 | WorstLoss 1.4169
[Tracker] Ep   83 | AvgR 0.0002 | Global 0.9698 | Local 0.1061 | F1_macro 0.6899 | WorstLoss 1.0941
[Tracker] Ep   84 | AvgR 0.0002 | Global 0.9698 | Local 0.0980 | F1_macro 0.7042 | WorstLoss 1.3892
[Tracker] Ep   85 | AvgR 0.0002 | Global 0.9708 | Local 0.0779 | F1_macro 0.6888 | WorstLoss 1.1736
[Tracker] Saved snapshot: ep0085_phase2_class0
[Tracker] Ep   86 | AvgR 0.0002 | Global 0.9649 | Local 0.0947 | F1_macro 0.6890 | WorstLoss 1.3694
[Tracker] Ep   87 | AvgR 0.0002 | Global 0.9667 | Local 0.0465 | F1_macro 0.6929 | WorstLoss 1.2631
[Tracker] Ep   88 | AvgR 0.0002 | Global 0.9709 | Local 0.0755 | F1_macro 0.6926 | WorstLoss 1.2310
[Tracker] Ep   89 | AvgR 0.0002 | Global 0.9731 | Local 0.1359 | F1_macro 0.6865 | WorstLoss 1.2476
[Tracker] Ep   90 | AvgR 0.0002 | Global 0.9689 | Local 0.1139 | F1_macro 0.6928 | WorstLoss 1.1081
[Tracker] Saved snapshot: ep0090_phase2_class0
[Tracker] Ep   91 | AvgR 0.0002 | Global 0.9717 | Local 0.0888 | F1_macro 0.6959 | WorstLoss 1.1359
[Tracker] Ep   92 | AvgR 0.0002 | Global 0.9772 | Local 0.1239 | F1_macro 0.6903 | WorstLoss 1.1145
[Tracker] Ep   93 | AvgR 0.0002 | Global 0.9625 | Local 0.0671 | F1_macro 0.6949 | WorstLoss 1.4357
[Tracker] Ep   94 | AvgR 0.0002 | Global 0.9741 | Local 0.0757 | F1_macro 0.6967 | WorstLoss 1.3421
[Tracker] Ep   95 | AvgR 0.0002 | Global 0.9748 | Local 0.1077 | F1_macro 0.6980 | WorstLoss 1.0873
[Tracker] Saved snapshot: ep0095_phase2_class0
[Tracker] Ep   96 | AvgR 0.0002 | Global 0.9754 | Local 0.0764 | F1_macro 0.6923 | WorstLoss 1.1136
[Tracker] Ep   97 | AvgR 0.0002 | Global 0.9663 | Local 0.1439 | F1_macro 0.6862 | WorstLoss 1.3149
[Tracker] Ep   98 | AvgR 0.0002 | Global 0.9721 | Local 0.1398 | F1_macro 0.6946 | WorstLoss 1.1581
[Tracker] Ep   99 | AvgR 0.0002 | Global 0.9694 | Local 0.1541 | F1_macro 0.6815 | WorstLoss 1.0465
[Tracker] Ep  100 | AvgR 0.0002 | Global 0.9630 | Local 0.0963 | F1_macro 0.6855 | WorstLoss 1.3982
[Tracker] Saved snapshot: ep0100_phase2_class0
[Tracker] Ep  101 | AvgR 0.0002 | Global 0.9646 | Local 0.1814 | F1_macro 0.6873 | WorstLoss 1.1545
[Tracker] Ep  102 | AvgR 0.0002 | Global 0.9730 | Local 0.0956 | F1_macro 0.6891 | WorstLoss 1.2400
[Tracker] Ep  103 | AvgR 0.0002 | Global 0.9673 | Local 0.0752 | F1_macro 0.6961 | WorstLoss 1.3290
[Tracker] Ep  104 | AvgR 0.0002 | Global 0.9662 | Local 0.0861 | F1_macro 0.6981 | WorstLoss 1.2353
[Tracker] Ep  105 | AvgR 0.0002 | Global 0.9686 | Local 0.0961 | F1_macro 0.6827 | WorstLoss 1.3080
[Tracker] Saved snapshot: ep0105_phase2_class0
[Tracker] Ep  106 | AvgR 0.0002 | Global 0.9702 | Local 0.1030 | F1_macro 0.6882 | WorstLoss 1.2487
[Tracker] Ep  107 | AvgR 0.0002 | Global 0.9581 | Local 0.1176 | F1_macro 0.6858 | WorstLoss 1.1640
[Tracker] Ep  108 | AvgR 0.0002 | Global 0.9573 | Local 0.1742 | F1_macro 0.6775 | WorstLoss 1.2223
[Tracker] Ep  109 | AvgR 0.0002 | Global 0.9734 | Local 0.1320 | F1_macro 0.6951 | WorstLoss 1.0970
[Tracker] Ep  110 | AvgR 0.0002 | Global 0.9641 | Local 0.1621 | F1_macro 0.6908 | WorstLoss 1.1855
[Tracker] Saved snapshot: ep0110_phase2_class0
[Tracker] Ep  111 | AvgR 0.0003 | Global 0.9684 | Local 0.1942 | F1_macro 0.6972 | WorstLoss 1.0647
[Tracker] Ep  112 | AvgR 0.0002 | Global 0.9609 | Local 0.1075 | F1_macro 0.6832 | WorstLoss 1.1645
[Tracker] Ep  113 | AvgR 0.0003 | Global 0.9659 | Local 0.1810 | F1_macro 0.6835 | WorstLoss 1.0742
[Tracker] Ep  114 | AvgR 0.0002 | Global 0.9685 | Local 0.1362 | F1_macro 0.6831 | WorstLoss 1.1078
[Tracker] Ep  115 | AvgR 0.0002 | Global 0.9754 | Local 0.0940 | F1_macro 0.6926 | WorstLoss 1.1604
[Tracker] Saved snapshot: ep0115_phase2_class0
[Tracker] Ep  116 | AvgR 0.0002 | Global 0.9642 | Local 0.1395 | F1_macro 0.6815 | WorstLoss 1.3014
[Tracker] Ep  117 | AvgR 0.0002 | Global 0.9671 | Local 0.1625 | F1_macro 0.6898 | WorstLoss 1.0832
[Tracker] Ep  118 | AvgR 0.0003 | Global 0.9655 | Local 0.1820 | F1_macro 0.6670 | WorstLoss 1.2713
[Tracker] Ep  119 | AvgR 0.0003 | Global 0.9661 | Local 0.2442 | F1_macro 0.6812 | WorstLoss 1.0705
[Tracker] Ep  120 | AvgR 0.0003 | Global 0.9709 | Local 0.1950 | F1_macro 0.6840 | WorstLoss 1.0726
[Tracker] Saved snapshot: ep0120_phase2_class0
[Tracker] Ep  121 | AvgR 0.0003 | Global 0.9610 | Local 0.1948 | F1_macro 0.6696 | WorstLoss 1.0265
[Tracker] Ep  122 | AvgR 0.0002 | Global 0.9657 | Local 0.1430 | F1_macro 0.6830 | WorstLoss 1.2275
[Tracker] Ep  123 | AvgR 0.0002 | Global 0.9601 | Local 0.1205 | F1_macro 0.6636 | WorstLoss 1.3648
[Tracker] Ep  124 | AvgR 0.0003 | Global 0.9703 | Local 0.1766 | F1_macro 0.6916 | WorstLoss 1.1172
[Tracker] Ep  125 | AvgR 0.0003 | Global 0.9703 | Local 0.1912 | F1_macro 0.6842 | WorstLoss 1.1651
[Tracker] Saved snapshot: ep0125_phase2_class0
[Tracker] Ep  126 | AvgR 0.0002 | Global 0.9611 | Local 0.1257 | F1_macro 0.6898 | WorstLoss 1.1359
[Tracker] Ep  127 | AvgR 0.0003 | Global 0.9690 | Local 0.2165 | F1_macro 0.6713 | WorstLoss 1.1788
[Tracker] Ep  128 | AvgR 0.0003 | Global 0.9749 | Local 0.2004 | F1_macro 0.6888 | WorstLoss 1.1412
[Tracker] Ep  129 | AvgR 0.0003 | Global 0.9712 | Local 0.1974 | F1_macro 0.6842 | WorstLoss 1.2868
[Tracker] Ep  130 | AvgR 0.0003 | Global 0.9701 | Local 0.2036 | F1_macro 0.6831 | WorstLoss 1.1482
[Tracker] Saved snapshot: ep0130_phase2_class0
[Tracker] Ep  131 | AvgR 0.0003 | Global 0.9679 | Local 0.2160 | F1_macro 0.6757 | WorstLoss 0.9968
[Tracker] Ep  132 | AvgR 0.0003 | Global 0.9637 | Local 0.2132 | F1_macro 0.6855 | WorstLoss 1.2925
[Tracker] Ep  133 | AvgR 0.0003 | Global 0.9681 | Local 0.1761 | F1_macro 0.6942 | WorstLoss 1.3200
[Tracker] Ep  134 | AvgR 0.0002 | Global 0.9671 | Local 0.1281 | F1_macro 0.6787 | WorstLoss 1.1611
[Tracker] Ep  135 | AvgR 0.0003 | Global 0.9694 | Local 0.1676 | F1_macro 0.6793 | WorstLoss 1.1937
[Tracker] Saved snapshot: ep0135_phase2_class0
[Tracker] Ep  136 | AvgR 0.0003 | Global 0.9733 | Local 0.2083 | F1_macro 0.6869 | WorstLoss 1.2037
[Tracker] Ep  137 | AvgR 0.0003 | Global 0.9681 | Local 0.2133 | F1_macro 0.6896 | WorstLoss 1.3964
[Tracker] Ep  138 | AvgR 0.0003 | Global 0.9765 | Local 0.1953 | F1_macro 0.6942 | WorstLoss 1.2593
[Tracker] Ep  139 | AvgR 0.0003 | Global 0.9617 | Local 0.2635 | F1_macro 0.6859 | WorstLoss 1.1680
[Tracker] Ep  140 | AvgR 0.0003 | Global 0.9726 | Local 0.2353 | F1_macro 0.6890 | WorstLoss 1.1221
[Tracker] Saved snapshot: ep0140_phase2_class0
[Tracker] Ep  141 | AvgR 0.0003 | Global 0.9723 | Local 0.1862 | F1_macro 0.6817 | WorstLoss 1.2051
[Tracker] Ep  142 | AvgR 0.0003 | Global 0.9662 | Local 0.1689 | F1_macro 0.6791 | WorstLoss 1.3421
[Tracker] Ep  143 | AvgR 0.0003 | Global 0.9708 | Local 0.1518 | F1_macro 0.6888 | WorstLoss 1.2828
[Tracker] Ep  144 | AvgR 0.0003 | Global 0.9767 | Local 0.1898 | F1_macro 0.6967 | WorstLoss 1.2273
[Tracker] Ep  145 | AvgR 0.0003 | Global 0.9637 | Local 0.1655 | F1_macro 0.6840 | WorstLoss 1.0755
[Tracker] Saved snapshot: ep0145_phase2_class0
[Tracker] Ep  146 | AvgR 0.0003 | Global 0.9729 | Local 0.2805 | F1_macro 0.6891 | WorstLoss 1.1030
[Tracker] Ep  147 | AvgR 0.0003 | Global 0.9446 | Local 0.2399 | F1_macro 0.6851 | WorstLoss 1.5280
[Tracker] Ep  148 | AvgR 0.0003 | Global 0.9718 | Local 0.1446 | F1_macro 0.6885 | WorstLoss 1.3393
[Tracker] Ep  149 | AvgR 0.0003 | Global 0.9708 | Local 0.1970 | F1_macro 0.6860 | WorstLoss 1.3367
[Tracker] Ep  150 | AvgR 0.0003 | Global 0.9746 | Local 0.1742 | F1_macro 0.7001 | WorstLoss 1.1487
[Tracker] Saved snapshot: ep0150_phase2_class0
[Tracker] Ep  151 | AvgR 0.0003 | Global 0.9712 | Local 0.1648 | F1_macro 0.6876 | WorstLoss 1.3136
[Tracker] Ep  152 | AvgR 0.0003 | Global 0.9680 | Local 0.2174 | F1_macro 0.6880 | WorstLoss 1.0822
[Tracker] Ep  153 | AvgR 0.0003 | Global 0.9719 | Local 0.2699 | F1_macro 0.6911 | WorstLoss 1.3432
[Tracker] Ep  154 | AvgR 0.0003 | Global 0.9753 | Local 0.2649 | F1_macro 0.6938 | WorstLoss 1.1648
[Tracker] Ep  155 | AvgR 0.0003 | Global 0.9748 | Local 0.2356 | F1_macro 0.6910 | WorstLoss 1.2013
[Tracker] Saved snapshot: ep0155_phase2_class0
[Tracker] Ep  156 | AvgR 0.0003 | Global 0.9667 | Local 0.2157 | F1_macro 0.6821 | WorstLoss 1.0636
[Tracker] Ep  157 | AvgR 0.0003 | Global 0.9722 | Local 0.1242 | F1_macro 0.6930 | WorstLoss 1.2536
[Tracker] Ep  158 | AvgR 0.0003 | Global 0.9762 | Local 0.2408 | F1_macro 0.6889 | WorstLoss 1.0745
[Tracker] Ep  159 | AvgR 0.0003 | Global 0.9668 | Local 0.1674 | F1_macro 0.6961 | WorstLoss 1.2155
[Tracker] Ep  160 | AvgR 0.0003 | Global 0.9776 | Local 0.2638 | F1_macro 0.6858 | WorstLoss 1.0820
[Tracker] Saved snapshot: ep0160_phase2_class0
[Tracker] Ep  161 | AvgR 0.0003 | Global 0.9795 | Local 0.2893 | F1_macro 0.6923 | WorstLoss 1.1192
[Tracker] Ep  162 | AvgR 0.0003 | Global 0.9739 | Local 0.2769 | F1_macro 0.6861 | WorstLoss 1.1972
[Tracker] Ep  163 | AvgR 0.0003 | Global 0.9709 | Local 0.2129 | F1_macro 0.6988 | WorstLoss 1.2905
[Tracker] Ep  164 | AvgR 0.0003 | Global 0.9776 | Local 0.2579 | F1_macro 0.7038 | WorstLoss 1.1783
[Tracker] Ep  165 | AvgR 0.0003 | Global 0.9756 | Local 0.2998 | F1_macro 0.6928 | WorstLoss 1.2427
[Tracker] Saved snapshot: ep0165_phase2_class0
[Tracker] Ep  166 | AvgR 0.0003 | Global 0.9763 | Local 0.2339 | F1_macro 0.6885 | WorstLoss 1.2541
[Tracker] Ep  167 | AvgR 0.0003 | Global 0.9752 | Local 0.2078 | F1_macro 0.6931 | WorstLoss 1.2826
[Tracker] Ep  168 | AvgR 0.0003 | Global 0.9767 | Local 0.2324 | F1_macro 0.7005 | WorstLoss 1.1568
[Tracker] Ep  169 | AvgR 0.0003 | Global 0.9802 | Local 0.2839 | F1_macro 0.6962 | WorstLoss 1.1202
[Tracker] Ep  170 | AvgR 0.0003 | Global 0.9726 | Local 0.3252 | F1_macro 0.6868 | WorstLoss 1.1534
[Tracker] Saved snapshot: ep0170_phase2_class0
[Tracker] Ep  171 | AvgR 0.0003 | Global 0.9729 | Local 0.2562 | F1_macro 0.6803 | WorstLoss 1.2017
[Tracker] Ep  172 | AvgR 0.0003 | Global 0.9786 | Local 0.2001 | F1_macro 0.7008 | WorstLoss 1.2438
[Tracker] Ep  173 | AvgR 0.0003 | Global 0.9759 | Local 0.2450 | F1_macro 0.6936 | WorstLoss 1.2464
[Tracker] Ep  174 | AvgR 0.0003 | Global 0.9777 | Local 0.2338 | F1_macro 0.6997 | WorstLoss 1.2086
[Tracker] Ep  175 | AvgR 0.0003 | Global 0.9694 | Local 0.2487 | F1_macro 0.6865 | WorstLoss 1.3717
[Tracker] Saved snapshot: ep0175_phase2_class0
[Tracker] Ep  176 | AvgR 0.0003 | Global 0.9795 | Local 0.2099 | F1_macro 0.7003 | WorstLoss 1.1655
[Tracker] Ep  177 | AvgR 0.0003 | Global 0.9778 | Local 0.2759 | F1_macro 0.6930 | WorstLoss 1.2553
[Tracker] Ep  178 | AvgR 0.0003 | Global 0.9720 | Local 0.1326 | F1_macro 0.6965 | WorstLoss 1.4325
[Tracker] Ep  179 | AvgR 0.0003 | Global 0.9780 | Local 0.2448 | F1_macro 0.6962 | WorstLoss 1.1237
[Tracker] Ep  180 | AvgR 0.0003 | Global 0.9681 | Local 0.2306 | F1_macro 0.6796 | WorstLoss 1.2266
[Tracker] Saved snapshot: ep0180_phase2_class0
[Tracker] Ep  181 | AvgR 0.0003 | Global 0.9778 | Local 0.2683 | F1_macro 0.6995 | WorstLoss 1.1912
[Tracker] Ep  182 | AvgR 0.0003 | Global 0.9703 | Local 0.2153 | F1_macro 0.6811 | WorstLoss 1.3591
[Tracker] Ep  183 | AvgR 0.0003 | Global 0.9745 | Local 0.2289 | F1_macro 0.6877 | WorstLoss 1.1117
[Tracker] Ep  184 | AvgR 0.0003 | Global 0.9750 | Local 0.2541 | F1_macro 0.6991 | WorstLoss 1.1900
[Tracker] Ep  185 | AvgR 0.0003 | Global 0.9710 | Local 0.1467 | F1_macro 0.6896 | WorstLoss 1.2393
[Tracker] Saved snapshot: ep0185_phase2_class0
[Tracker] Ep  186 | AvgR 0.0003 | Global 0.9655 | Local 0.3538 | F1_macro 0.6919 | WorstLoss 1.4055
[Tracker] Ep  187 | AvgR 0.0003 | Global 0.9736 | Local 0.2005 | F1_macro 0.6959 | WorstLoss 1.2841
[Tracker] Ep  188 | AvgR 0.0003 | Global 0.9605 | Local 0.3364 | F1_macro 0.6636 | WorstLoss 1.3949
[Tracker] Ep  189 | AvgR 0.0003 | Global 0.9762 | Local 0.2846 | F1_macro 0.6963 | WorstLoss 1.3732
[Tracker] Ep  190 | AvgR 0.0003 | Global 0.9730 | Local 0.2134 | F1_macro 0.6891 | WorstLoss 1.1791
[Tracker] Saved snapshot: ep0190_phase2_class0
[Tracker] Ep  191 | AvgR 0.0003 | Global 0.9786 | Local 0.2351 | F1_macro 0.6920 | WorstLoss 1.1668
[Tracker] Ep  192 | AvgR 0.0003 | Global 0.9704 | Local 0.3489 | F1_macro 0.6828 | WorstLoss 1.2192
[Tracker] Ep  193 | AvgR 0.0003 | Global 0.9728 | Local 0.2794 | F1_macro 0.6981 | WorstLoss 1.3846
[Tracker] Ep  194 | AvgR 0.0003 | Global 0.9719 | Local 0.2947 | F1_macro 0.6844 | WorstLoss 1.3851
[Tracker] Ep  195 | AvgR 0.0003 | Global 0.9818 | Local 0.3158 | F1_macro 0.6897 | WorstLoss 1.1850
[Tracker] Saved snapshot: ep0195_phase2_class0
[Tracker] Ep  196 | AvgR 0.0003 | Global 0.9770 | Local 0.3428 | F1_macro 0.6968 | WorstLoss 1.1980
[Tracker] Ep  197 | AvgR 0.0003 | Global 0.9839 | Local 0.3223 | F1_macro 0.6990 | WorstLoss 1.0350
[Tracker] Ep  198 | AvgR 0.0003 | Global 0.9692 | Local 0.3348 | F1_macro 0.6846 | WorstLoss 1.1190
[Tracker] Ep  199 | AvgR 0.0003 | Global 0.9738 | Local 0.2459 | F1_macro 0.6946 | WorstLoss 1.1827
[Tracker] Ep  200 | AvgR 0.0003 | Global 0.9768 | Local 0.3387 | F1_macro 0.6843 | WorstLoss 1.2497
[Tracker] Saved snapshot: ep0200_phase2_class0
[Phase] Finished phase2_class0 | best global_obj=0.9875
FFNN Using device: cuda:0
[Combined] Saved combined beta -> training_runs/SPECv17b_bias010_rl_census_3seeds_EP800_PCA10_REWfairness_minID1_majID0_TRJ2000_REAL3000_BIAS0.1_GG202603181228_767aa6de/seed_42/best_beta_state_dict.pt
[Combined] Saved combined synthetic -> training_runs/SPECv17b_bias010_rl_census_3seeds_EP800_PCA10_REWfairness_minID1_majID0_TRJ2000_REAL3000_BIAS0.1_GG202603181228_767aa6de/seed_42/best_synthetic_combined.npz
FFNN Using device: cuda:0
[TestSuite] Loaded best β weights from: training_runs/SPECv17b_bias010_rl_census_3seeds_EP800_PCA10_REWfairness_minID1_majID0_TRJ2000_REAL3000_BIAS0.1_GG202603181228_767aa6de/seed_42/best_beta_state_dict.pt

[TEST] Alpha -> F1(min)=0.4066 | F1(maj)=0.8881 | F1(weighted)=0.7721 | F1(macro)=0.6474 | Brier=0.1282
[TEST] Beta  -> F1(min)=0.5962 | F1(maj)=0.8870 | F1(weighted)=0.8170 | F1(macro)=0.7416 | Brier=0.1278
[TestSuite] Final test metrics appended to (seed): training_runs/SPECv17b_bias010_rl_census_3seeds_EP800_PCA10_REWfairness_minID1_majID0_TRJ2000_REAL3000_BIAS0.1_GG202603181228_767aa6de/seed_42/final_test_metrics.csv
[TestSuite] Final test metrics appended to (experiment): training_runs/SPECv17b_bias010_rl_census_3seeds_EP800_PCA10_REWfairness_minID1_majID0_TRJ2000_REAL3000_BIAS0.1_GG202603181228_767aa6de/final_test_metrics.csv
Total time 2130.63s
[Tracker] Finished. Run folder: training_runs/SPECv17b_bias010_rl_census_3seeds_EP800_PCA10_REWfairness_minID1_majID0_TRJ2000_REAL3000_BIAS0.1_GG202603181228_767aa6de/seed_42
[main] ---- running seed=0 ----
FFNN Using device: cuda:0
FFNN Using device: cuda:0
[Tracker] Experiment: SPECv17b_bias010_rl_census_3seeds_EP800_PCA10_REWfairness_minID1_majID0_TRJ2000_REAL3000_BIAS0.1_GG202603181228_767aa6de
[Tracker] Seed folder: training_runs/SPECv17b_bias010_rl_census_3seeds_EP800_PCA10_REWfairness_minID1_majID0_TRJ2000_REAL3000_BIAS0.1_GG202603181228_767aa6de/seed_0
[Tracker] Run: 2026-03-18_13-03-41_seed0_1356780_d4e177b3
[Tracker] Metrics CSV: training_runs/SPECv17b_bias010_rl_census_3seeds_EP800_PCA10_REWfairness_minID1_majID0_TRJ2000_REAL3000_BIAS0.1_GG202603181228_767aa6de/seed_0/metrics.csv
[Tracker] Mirroring console to: training_runs/SPECv17b_bias010_rl_census_3seeds_EP800_PCA10_REWfairness_minID1_majID0_TRJ2000_REAL3000_BIAS0.1_GG202603181228_767aa6de/seed_0/console.log
[TRAIN] size=3000, minority=300 (10.00%)
[VAL] size=5493, minority=549 (9.99%)
[TEST] size=6513, minority=1569 (24.09%)
FFNN Using device: cuda:0
FFNN Using device: cuda:0
Beta will train with: 60.00% real data, 40.00% synthetic data: 
[disadv] group=1 per_g={0: 0.1375889927148819, 1: 0.270442932844162} worst_4g=2.3340 soft_eo_alpha=0.2173
Anchors: 263 (disadv=1) sigma_anchor=0.8500
[Tracker] Alpha model state_dict saved to training_runs/SPECv17b_bias010_rl_census_3seeds_EP800_PCA10_REWfairness_minID1_majID0_TRJ2000_REAL3000_BIAS0.1_GG202603181228_767aa6de/seed_0/alpha_state_dict.pt
[Tracker] Alpha model config saved to training_runs/SPECv17b_bias010_rl_census_3seeds_EP800_PCA10_REWfairness_minID1_majID0_TRJ2000_REAL3000_BIAS0.1_GG202603181228_767aa6de/seed_0/ffnn_meta.json

============================================================
[Phase] Starting phase1_class1 | target_class=1 | episodes=800
============================================================
[Tracker] CSV header written with 44 columns.
[Tracker] Ep    1 | AvgR 0.0001 | Global 0.9111 | Local 0.0168 | F1_macro 0.6743 | WorstLoss 2.1013
[Tracker] New BEST synthetic [phase1_class1] (by global.global_obj: 0.911078) saved.
[Tracker] BEST β weights [phase1_class1] saved -> training_runs/SPECv17b_bias010_rl_census_3seeds_EP800_PCA10_REWfairness_minID1_majID0_TRJ2000_REAL3000_BIAS0.1_GG202603181228_767aa6de/seed_0/best_beta_state_dict_phase1_class1.pt
[Tracker] Ep    2 | AvgR 0.0002 | Global 0.9801 | Local 0.0147 | F1_macro 0.6856 | WorstLoss 1.9368
[Tracker] New BEST synthetic [phase1_class1] (by global.global_obj: 0.980062) saved.
[Tracker] BEST β weights [phase1_class1] saved -> training_runs/SPECv17b_bias010_rl_census_3seeds_EP800_PCA10_REWfairness_minID1_majID0_TRJ2000_REAL3000_BIAS0.1_GG202603181228_767aa6de/seed_0/best_beta_state_dict_phase1_class1.pt
[Tracker] Ep    3 | AvgR 0.0002 | Global 0.9828 | Local 0.0104 | F1_macro 0.6940 | WorstLoss 1.9292
[Tracker] New BEST synthetic [phase1_class1] (by global.global_obj: 0.982844) saved.
[Tracker] BEST β weights [phase1_class1] saved -> training_runs/SPECv17b_bias010_rl_census_3seeds_EP800_PCA10_REWfairness_minID1_majID0_TRJ2000_REAL3000_BIAS0.1_GG202603181228_767aa6de/seed_0/best_beta_state_dict_phase1_class1.pt
[Tracker] Ep    4 | AvgR 0.0002 | Global 0.9664 | Local 0.0142 | F1_macro 0.6794 | WorstLoss 1.9982
[Tracker] Ep    5 | AvgR 0.0001 | Global 0.9199 | Local 0.0179 | F1_macro 0.6738 | WorstLoss 2.0880
[Tracker] Saved snapshot: ep0005_phase1_class1
[Tracker] Ep    6 | AvgR 0.0001 | Global 0.9004 | Local 0.0183 | F1_macro 0.6782 | WorstLoss 2.1123
[Tracker] Ep    7 | AvgR 0.0002 | Global 0.9737 | Local 0.0133 | F1_macro 0.6924 | WorstLoss 1.9729
[Tracker] Ep    8 | AvgR 0.0001 | Global 0.8688 | Local 0.0195 | F1_macro 0.6772 | WorstLoss 2.1449
[Tracker] Ep    9 | AvgR 0.0002 | Global 0.9487 | Local 0.0247 | F1_macro 0.6690 | WorstLoss 2.0423
[Tracker] Ep   10 | AvgR 0.0001 | Global 0.7587 | Local 0.0242 | F1_macro 0.6685 | WorstLoss 2.2147
[Tracker] Saved snapshot: ep0010_phase1_class1
[Tracker] Ep   11 | AvgR 0.0002 | Global 0.9870 | Local 0.0143 | F1_macro 0.6793 | WorstLoss 1.9007
[Tracker] New BEST synthetic [phase1_class1] (by global.global_obj: 0.987041) saved.
[Tracker] BEST β weights [phase1_class1] saved -> training_runs/SPECv17b_bias010_rl_census_3seeds_EP800_PCA10_REWfairness_minID1_majID0_TRJ2000_REAL3000_BIAS0.1_GG202603181228_767aa6de/seed_0/best_beta_state_dict_phase1_class1.pt
[Tracker] Ep   12 | AvgR 0.0001 | Global 0.8735 | Local 0.0224 | F1_macro 0.6607 | WorstLoss 2.1408
[Tracker] Ep   13 | AvgR 0.0001 | Global 0.9652 | Local 0.0087 | F1_macro 0.6886 | WorstLoss 2.0017
[Tracker] Ep   14 | AvgR 0.0001 | Global 0.6610 | Local 0.0283 | F1_macro 0.6579 | WorstLoss 2.2672
[Tracker] Ep   15 | AvgR 0.0002 | Global 0.9931 | Local 0.0155 | F1_macro 0.6955 | WorstLoss 1.8364
[Tracker] Saved snapshot: ep0015_phase1_class1
[Tracker] New BEST synthetic [phase1_class1] (by global.global_obj: 0.993148) saved.
[Tracker] BEST β weights [phase1_class1] saved -> training_runs/SPECv17b_bias010_rl_census_3seeds_EP800_PCA10_REWfairness_minID1_majID0_TRJ2000_REAL3000_BIAS0.1_GG202603181228_767aa6de/seed_0/best_beta_state_dict_phase1_class1.pt
[Tracker] Ep   16 | AvgR 0.0002 | Global 0.9768 | Local 0.0316 | F1_macro 0.6791 | WorstLoss 1.9601
[Tracker] Ep   17 | AvgR 0.0002 | Global 0.9865 | Local 0.0182 | F1_macro 0.6928 | WorstLoss 1.8773
[Tracker] Ep   18 | AvgR 0.0001 | Global 0.8127 | Local 0.0132 | F1_macro 0.6683 | WorstLoss 2.1862
[Tracker] Ep   19 | AvgR 0.0002 | Global 0.9883 | Local 0.0111 | F1_macro 0.6831 | WorstLoss 1.8900
[Tracker] Ep   20 | AvgR 0.0001 | Global 0.7096 | Local 0.0148 | F1_macro 0.6693 | WorstLoss 2.2427
[Tracker] Saved snapshot: ep0020_phase1_class1
[Tracker] Ep   21 | AvgR 0.0001 | Global 0.7837 | Local 0.0224 | F1_macro 0.6824 | WorstLoss 2.2035
[Tracker] Ep   22 | AvgR 0.0002 | Global 0.9414 | Local 0.0184 | F1_macro 0.6675 | WorstLoss 2.0560
[Tracker] Ep   23 | AvgR 0.0001 | Global 0.9131 | Local 0.0110 | F1_macro 0.6798 | WorstLoss 2.0988
[Tracker] Ep   24 | AvgR 0.0002 | Global 0.9541 | Local 0.0269 | F1_macro 0.6813 | WorstLoss 2.0299
[Tracker] Ep   25 | AvgR 0.0002 | Global 0.9197 | Local 0.0298 | F1_macro 0.6806 | WorstLoss 2.0879
[Tracker] Saved snapshot: ep0025_phase1_class1
[Tracker] Ep   26 | AvgR 0.0001 | Global 0.9303 | Local 0.0125 | F1_macro 0.6887 | WorstLoss 2.0510
[Tracker] Ep   27 | AvgR 0.0002 | Global 0.9712 | Local 0.0195 | F1_macro 0.6881 | WorstLoss 1.9736
[Tracker] Ep   28 | AvgR 0.0002 | Global 0.9897 | Local 0.0252 | F1_macro 0.6773 | WorstLoss 1.8776
[Tracker] Ep   29 | AvgR 0.0001 | Global 0.9170 | Local 0.0133 | F1_macro 0.6815 | WorstLoss 2.0938
[Tracker] Ep   30 | AvgR 0.0001 | Global 0.7858 | Local 0.0145 | F1_macro 0.6746 | WorstLoss 2.2015
[Tracker] Saved snapshot: ep0030_phase1_class1
[Tracker] Ep   31 | AvgR 0.0001 | Global 0.8396 | Local 0.0217 | F1_macro 0.6700 | WorstLoss 2.1664
[Tracker] Ep   32 | AvgR 0.0002 | Global 0.9716 | Local 0.0235 | F1_macro 0.6959 | WorstLoss 1.9794
[Tracker] Ep   33 | AvgR 0.0001 | Global 0.9153 | Local 0.0106 | F1_macro 0.6603 | WorstLoss 2.0960
[Tracker] Ep   34 | AvgR 0.0001 | Global 0.7529 | Local 0.0200 | F1_macro 0.6555 | WorstLoss 2.2216
[Tracker] Ep   35 | AvgR 0.0001 | Global 0.8675 | Local 0.0201 | F1_macro 0.6879 | WorstLoss 2.1440
[Tracker] Saved snapshot: ep0035_phase1_class1
[Tracker] Ep   36 | AvgR 0.0002 | Global 0.9854 | Local 0.0168 | F1_macro 0.6880 | WorstLoss 1.9127
[Tracker] Ep   37 | AvgR 0.0001 | Global 0.9266 | Local 0.0171 | F1_macro 0.6731 | WorstLoss 2.0804
[Tracker] Ep   38 | AvgR 0.0002 | Global 0.9845 | Local 0.0211 | F1_macro 0.6895 | WorstLoss 1.9190
[Tracker] Ep   39 | AvgR 0.0001 | Global 0.6425 | Local 0.0355 | F1_macro 0.6687 | WorstLoss 2.2750
[Tracker] Ep   40 | AvgR 0.0001 | Global 0.8867 | Local 0.0218 | F1_macro 0.6766 | WorstLoss 2.1282
[Tracker] Saved snapshot: ep0040_phase1_class1
[Tracker] Ep   41 | AvgR 0.0001 | Global 0.3554 | Local 0.0175 | F1_macro 0.6740 | WorstLoss 2.3926
[Tracker] Ep   42 | AvgR 0.0001 | Global 0.4364 | Local 0.0249 | F1_macro 0.6605 | WorstLoss 2.3596
[Tracker] Ep   43 | AvgR 0.0002 | Global 0.9763 | Local 0.0222 | F1_macro 0.6692 | WorstLoss 1.9588
[Tracker] Ep   44 | AvgR 0.0001 | Global 0.8762 | Local 0.0337 | F1_macro 0.6842 | WorstLoss 2.1383
[Tracker] Ep   45 | AvgR 0.0001 | Global 0.9212 | Local 0.0099 | F1_macro 0.6710 | WorstLoss 2.0881
[Tracker] Saved snapshot: ep0045_phase1_class1
[Tracker] Ep   46 | AvgR 0.0002 | Global 0.9870 | Local 0.0154 | F1_macro 0.6898 | WorstLoss 1.9008
[Tracker] Ep   47 | AvgR 0.0001 | Global 0.8373 | Local 0.0190 | F1_macro 0.6641 | WorstLoss 2.1702
[Tracker] Ep   48 | AvgR 0.0001 | Global 0.9271 | Local 0.0100 | F1_macro 0.6723 | WorstLoss 2.0797
[Tracker] Ep   49 | AvgR 0.0002 | Global 0.9223 | Local 0.0198 | F1_macro 0.6928 | WorstLoss 2.0865
[Tracker] Ep   50 | AvgR 0.0002 | Global 0.9978 | Local 0.0085 | F1_macro 0.6993 | WorstLoss 1.7205
[Tracker] Saved snapshot: ep0050_phase1_class1
[Tracker] New BEST synthetic [phase1_class1] (by global.global_obj: 0.997838) saved.
[Tracker] BEST β weights [phase1_class1] saved -> training_runs/SPECv17b_bias010_rl_census_3seeds_EP800_PCA10_REWfairness_minID1_majID0_TRJ2000_REAL3000_BIAS0.1_GG202603181228_767aa6de/seed_0/best_beta_state_dict_phase1_class1.pt
[Tracker] Ep   51 | AvgR 0.0001 | Global 0.6578 | Local 0.0263 | F1_macro 0.6693 | WorstLoss 2.2660
[Tracker] Ep   52 | AvgR 0.0001 | Global 0.9198 | Local 0.0090 | F1_macro 0.6833 | WorstLoss 2.0901
[Tracker] Ep   53 | AvgR 0.0002 | Global 0.9906 | Local 0.0091 | F1_macro 0.6947 | WorstLoss 1.8684
[Tracker] Ep   54 | AvgR 0.0002 | Global 0.9456 | Local 0.0168 | F1_macro 0.6845 | WorstLoss 2.0485
[Tracker] Ep   55 | AvgR 0.0001 | Global 0.8552 | Local 0.0321 | F1_macro 0.6447 | WorstLoss 2.1520
[Tracker] Saved snapshot: ep0055_phase1_class1
[Tracker] Ep   56 | AvgR 0.0002 | Global 0.9627 | Local 0.0324 | F1_macro 0.6957 | WorstLoss 1.9963
[Tracker] Ep   57 | AvgR 0.0001 | Global 0.7923 | Local 0.0132 | F1_macro 0.6691 | WorstLoss 2.1985
[Tracker] Ep   58 | AvgR 0.0002 | Global 0.9772 | Local 0.0202 | F1_macro 0.6825 | WorstLoss 1.9582
[Tracker] Ep   59 | AvgR 0.0001 | Global 0.8736 | Local 0.0276 | F1_macro 0.6790 | WorstLoss 2.1401
[Tracker] Ep   60 | AvgR 0.0001 | Global 0.8783 | Local 0.0081 | F1_macro 0.6583 | WorstLoss 2.1364
[Tracker] Saved snapshot: ep0060_phase1_class1
[Tracker] Ep   61 | AvgR 0.0001 | Global 0.6488 | Local 0.0139 | F1_macro 0.6651 | WorstLoss 2.2711
[Tracker] Ep   62 | AvgR 0.0002 | Global 0.9459 | Local 0.0154 | F1_macro 0.6904 | WorstLoss 2.0479
[Tracker] Ep   63 | AvgR 0.0002 | Global 0.9235 | Local 0.0181 | F1_macro 0.6741 | WorstLoss 2.0848
[Tracker] Ep   64 | AvgR 0.0002 | Global 0.9458 | Local 0.0127 | F1_macro 0.6671 | WorstLoss 2.0480
[Tracker] Ep   65 | AvgR 0.0001 | Global 0.8893 | Local 0.0207 | F1_macro 0.6708 | WorstLoss 2.1257
[Tracker] Saved snapshot: ep0065_phase1_class1
[Tracker] Ep   66 | AvgR 0.0002 | Global 0.9807 | Local 0.0065 | F1_macro 0.6897 | WorstLoss 1.9412
[Tracker] Ep   67 | AvgR 0.0002 | Global 0.9585 | Local 0.0163 | F1_macro 0.6883 | WorstLoss 2.0200
[Tracker] Ep   68 | AvgR 0.0002 | Global 0.9753 | Local 0.0185 | F1_macro 0.6758 | WorstLoss 1.9381
[Tracker] Ep   69 | AvgR 0.0001 | Global 0.7098 | Local 0.0181 | F1_macro 0.6564 | WorstLoss 2.2445
[Tracker] Ep   70 | AvgR 0.0002 | Global 0.9725 | Local 0.0265 | F1_macro 0.6863 | WorstLoss 1.9773
[Tracker] Saved snapshot: ep0070_phase1_class1
[Tracker] Ep   71 | AvgR 0.0001 | Global 0.6884 | Local 0.0287 | F1_macro 0.6760 | WorstLoss 2.2547
[Tracker] Ep   72 | AvgR 0.0001 | Global 0.6664 | Local 0.0230 | F1_macro 0.6542 | WorstLoss 2.2648
[Tracker] Ep   73 | AvgR 0.0001 | Global 0.9017 | Local 0.0165 | F1_macro 0.6672 | WorstLoss 2.1123
[Tracker] Ep   74 | AvgR 0.0002 | Global 0.9285 | Local 0.0370 | F1_macro 0.6940 | WorstLoss 2.0775
[Tracker] Ep   75 | AvgR 0.0002 | Global 0.9234 | Local 0.0289 | F1_macro 0.6730 | WorstLoss 2.0503
[Tracker] Saved snapshot: ep0075_phase1_class1
[Tracker] Ep   76 | AvgR 0.0002 | Global 0.9135 | Local 0.0303 | F1_macro 0.6692 | WorstLoss 2.0961
[Tracker] Ep   77 | AvgR 0.0002 | Global 0.9214 | Local 0.0229 | F1_macro 0.6540 | WorstLoss 2.0879
[Tracker] Ep   78 | AvgR 0.0002 | Global 0.9600 | Local 0.0118 | F1_macro 0.6813 | WorstLoss 2.0161
[Tracker] Ep   79 | AvgR 0.0002 | Global 0.9664 | Local 0.0088 | F1_macro 0.6843 | WorstLoss 1.9981
[Tracker] Ep   80 | AvgR 0.0002 | Global 0.9721 | Local 0.0276 | F1_macro 0.6731 | WorstLoss 1.9704
[Tracker] Saved snapshot: ep0080_phase1_class1
[Tracker] Ep   81 | AvgR 0.0002 | Global 0.9717 | Local 0.0209 | F1_macro 0.6906 | WorstLoss 1.9803
[Tracker] Ep   82 | AvgR 0.0001 | Global 0.8327 | Local 0.0379 | F1_macro 0.6626 | WorstLoss 2.1727
[Tracker] Ep   83 | AvgR 0.0002 | Global 0.9509 | Local 0.0163 | F1_macro 0.6703 | WorstLoss 2.0376
[Tracker] Ep   84 | AvgR 0.0002 | Global 0.9519 | Local 0.0238 | F1_macro 0.6821 | WorstLoss 2.0355
[Tracker] Ep   85 | AvgR 0.0001 | Global 0.8400 | Local 0.0405 | F1_macro 0.6730 | WorstLoss 2.1654
[Tracker] Saved snapshot: ep0085_phase1_class1
[Tracker] Ep   86 | AvgR 0.0001 | Global 0.6964 | Local 0.0243 | F1_macro 0.6981 | WorstLoss 2.2494
[Tracker] Ep   87 | AvgR 0.0002 | Global 0.9873 | Local 0.0186 | F1_macro 0.6855 | WorstLoss 1.8990
[Tracker] Ep   88 | AvgR 0.0002 | Global 0.9483 | Local 0.0305 | F1_macro 0.6554 | WorstLoss 2.0105
[Tracker] Ep   89 | AvgR 0.0001 | Global 0.8329 | Local 0.0238 | F1_macro 0.6640 | WorstLoss 2.1732
[Tracker] Ep   90 | AvgR 0.0002 | Global 0.9174 | Local 0.0263 | F1_macro 0.6817 | WorstLoss 2.0923
[Tracker] Saved snapshot: ep0090_phase1_class1
[Tracker] Ep   91 | AvgR 0.0002 | Global 0.9648 | Local 0.0461 | F1_macro 0.6783 | WorstLoss 1.9680
[Tracker] Ep   92 | AvgR 0.0002 | Global 0.9315 | Local 0.0119 | F1_macro 0.6740 | WorstLoss 2.0731
[Tracker] Ep   93 | AvgR 0.0002 | Global 0.9947 | Local 0.0325 | F1_macro 0.6961 | WorstLoss 1.8110
[Tracker] Ep   94 | AvgR 0.0002 | Global 0.9583 | Local 0.0254 | F1_macro 0.6796 | WorstLoss 2.0205
[Tracker] Ep   95 | AvgR 0.0002 | Global 0.9339 | Local 0.0151 | F1_macro 0.6662 | WorstLoss 2.0684
[Tracker] Saved snapshot: ep0095_phase1_class1
[Tracker] Ep   96 | AvgR 0.0002 | Global 0.9834 | Local 0.0249 | F1_macro 0.6762 | WorstLoss 1.8290
[Tracker] Ep   97 | AvgR 0.0002 | Global 0.9813 | Local 0.0406 | F1_macro 0.6912 | WorstLoss 1.7068
[Tracker] Ep   98 | AvgR 0.0001 | Global 0.8292 | Local 0.0387 | F1_macro 0.6380 | WorstLoss 2.1707
[Tracker] Ep   99 | AvgR 0.0001 | Global 0.7371 | Local 0.0199 | F1_macro 0.6702 | WorstLoss 2.2307
[Tracker] Ep  100 | AvgR 0.0002 | Global 0.9758 | Local 0.0264 | F1_macro 0.6738 | WorstLoss 1.9645
[Tracker] Saved snapshot: ep0100_phase1_class1
[Tracker] Ep  101 | AvgR 0.0002 | Global 0.9832 | Local 0.0253 | F1_macro 0.6940 | WorstLoss 1.9273
[Tracker] Ep  102 | AvgR 0.0002 | Global 0.9241 | Local 0.0290 | F1_macro 0.6699 | WorstLoss 2.0801
[Tracker] Ep  103 | AvgR 0.0001 | Global 0.6895 | Local 0.0324 | F1_macro 0.6589 | WorstLoss 2.2512
[Tracker] Ep  104 | AvgR 0.0002 | Global 0.9433 | Local 0.0407 | F1_macro 0.6898 | WorstLoss 2.0529
[Tracker] Ep  105 | AvgR 0.0001 | Global 0.7420 | Local 0.0351 | F1_macro 0.6641 | WorstLoss 2.2260
[Tracker] Saved snapshot: ep0105_phase1_class1
[Tracker] Ep  106 | AvgR 0.0002 | Global 0.9548 | Local 0.0265 | F1_macro 0.6627 | WorstLoss 2.0165
[Tracker] Ep  107 | AvgR 0.0002 | Global 0.9626 | Local 0.0225 | F1_macro 0.6825 | WorstLoss 2.0092
[Tracker] Ep  108 | AvgR 0.0002 | Global 0.8911 | Local 0.0311 | F1_macro 0.6706 | WorstLoss 2.1238
[Tracker] Ep  109 | AvgR 0.0002 | Global 0.9688 | Local 0.0479 | F1_macro 0.6751 | WorstLoss 1.9759
[Tracker] Ep  110 | AvgR 0.0002 | Global 0.9907 | Local 0.0403 | F1_macro 0.6774 | WorstLoss 1.7980
[Tracker] Saved snapshot: ep0110_phase1_class1
[Tracker] Ep  111 | AvgR 0.0002 | Global 0.9697 | Local 0.0320 | F1_macro 0.6662 | WorstLoss 1.9357
[Tracker] Ep  112 | AvgR 0.0002 | Global 0.9117 | Local 0.0397 | F1_macro 0.6652 | WorstLoss 2.0949
[Tracker] Ep  113 | AvgR 0.0002 | Global 0.9335 | Local 0.0285 | F1_macro 0.6585 | WorstLoss 2.0528
[Tracker] Ep  114 | AvgR 0.0002 | Global 0.9872 | Local 0.0388 | F1_macro 0.6818 | WorstLoss 1.8396
[Tracker] Ep  115 | AvgR 0.0002 | Global 0.9854 | Local 0.0309 | F1_macro 0.6631 | WorstLoss 1.8945
[Tracker] Saved snapshot: ep0115_phase1_class1
[Tracker] Ep  116 | AvgR 0.0002 | Global 0.9857 | Local 0.0433 | F1_macro 0.6669 | WorstLoss 1.8627
[Tracker] Ep  117 | AvgR 0.0002 | Global 0.9741 | Local 0.0503 | F1_macro 0.6760 | WorstLoss 1.8999
[Tracker] Ep  118 | AvgR 0.0002 | Global 0.9878 | Local 0.0315 | F1_macro 0.6670 | WorstLoss 1.8377
[Tracker] Ep  119 | AvgR 0.0002 | Global 0.9560 | Local 0.0340 | F1_macro 0.6769 | WorstLoss 2.0261
[Tracker] Ep  120 | AvgR 0.0002 | Global 0.9788 | Local 0.0184 | F1_macro 0.6887 | WorstLoss 1.9507
[Tracker] Saved snapshot: ep0120_phase1_class1
[Tracker] Ep  121 | AvgR 0.0002 | Global 0.9888 | Local 0.0328 | F1_macro 0.6941 | WorstLoss 1.7966
[Tracker] Ep  122 | AvgR 0.0002 | Global 0.8696 | Local 0.0290 | F1_macro 0.6583 | WorstLoss 2.1380
[Tracker] Ep  123 | AvgR 0.0002 | Global 0.9591 | Local 0.0490 | F1_macro 0.6559 | WorstLoss 1.9811
[Tracker] Ep  124 | AvgR 0.0002 | Global 0.9812 | Local 0.0345 | F1_macro 0.6652 | WorstLoss 1.8622
[Tracker] Ep  125 | AvgR 0.0002 | Global 0.9054 | Local 0.0319 | F1_macro 0.6662 | WorstLoss 2.1036
[Tracker] Saved snapshot: ep0125_phase1_class1
[Tracker] Ep  126 | AvgR 0.0002 | Global 0.9896 | Local 0.0229 | F1_macro 0.6980 | WorstLoss 1.7060
[Tracker] Ep  127 | AvgR 0.0002 | Global 0.9761 | Local 0.0288 | F1_macro 0.6816 | WorstLoss 1.8177
[Tracker] Ep  128 | AvgR 0.0002 | Global 0.9625 | Local 0.0618 | F1_macro 0.6544 | WorstLoss 1.8794
[Tracker] Ep  129 | AvgR 0.0002 | Global 0.9606 | Local 0.0430 | F1_macro 0.6764 | WorstLoss 1.9850
[Tracker] Ep  130 | AvgR 0.0002 | Global 0.9840 | Local 0.0251 | F1_macro 0.6816 | WorstLoss 1.8891
[Tracker] Saved snapshot: ep0130_phase1_class1
[Tracker] Ep  131 | AvgR 0.0002 | Global 0.9798 | Local 0.0495 | F1_macro 0.6830 | WorstLoss 1.8641
[Tracker] Ep  132 | AvgR 0.0002 | Global 0.9501 | Local 0.0622 | F1_macro 0.6619 | WorstLoss 1.9938
[Tracker] Ep  133 | AvgR 0.0002 | Global 0.9810 | Local 0.0308 | F1_macro 0.6796 | WorstLoss 1.9185
[Tracker] Ep  134 | AvgR 0.0002 | Global 0.9752 | Local 0.0472 | F1_macro 0.6677 | WorstLoss 1.8409
[Tracker] Ep  135 | AvgR 0.0002 | Global 0.9135 | Local 0.0400 | F1_macro 0.6693 | WorstLoss 2.0855
[Tracker] Saved snapshot: ep0135_phase1_class1
[Tracker] Ep  136 | AvgR 0.0002 | Global 0.9799 | Local 0.0385 | F1_macro 0.6819 | WorstLoss 1.8818
[Tracker] Ep  137 | AvgR 0.0002 | Global 0.9791 | Local 0.0496 | F1_macro 0.6638 | WorstLoss 1.8483
[Tracker] Ep  138 | AvgR 0.0002 | Global 0.9743 | Local 0.0488 | F1_macro 0.6757 | WorstLoss 1.9141
[Tracker] Ep  139 | AvgR 0.0002 | Global 0.9862 | Local 0.0228 | F1_macro 0.6846 | WorstLoss 1.8079
[Tracker] Ep  140 | AvgR 0.0002 | Global 0.9839 | Local 0.0516 | F1_macro 0.6695 | WorstLoss 1.8912
[Tracker] Saved snapshot: ep0140_phase1_class1
[Tracker] Ep  141 | AvgR 0.0002 | Global 0.9709 | Local 0.0378 | F1_macro 0.6702 | WorstLoss 1.9636
[Tracker] Ep  142 | AvgR 0.0002 | Global 0.9837 | Local 0.0417 | F1_macro 0.6749 | WorstLoss 1.6733
[Tracker] Ep  143 | AvgR 0.0002 | Global 0.9687 | Local 0.0546 | F1_macro 0.6678 | WorstLoss 1.9154
[Tracker] Ep  144 | AvgR 0.0002 | Global 0.8844 | Local 0.0658 | F1_macro 0.6522 | WorstLoss 2.1175
[Tracker] Ep  145 | AvgR 0.0002 | Global 0.9560 | Local 0.0518 | F1_macro 0.6689 | WorstLoss 1.9671
[Tracker] Saved snapshot: ep0145_phase1_class1
[Tracker] Ep  146 | AvgR 0.0002 | Global 0.9144 | Local 0.0437 | F1_macro 0.6470 | WorstLoss 2.0733
[Tracker] Ep  147 | AvgR 0.0002 | Global 0.9763 | Local 0.0286 | F1_macro 0.6859 | WorstLoss 1.9623
[Tracker] Ep  148 | AvgR 0.0002 | Global 0.9128 | Local 0.0515 | F1_macro 0.6624 | WorstLoss 2.0838
[Tracker] Ep  149 | AvgR 0.0002 | Global 0.9253 | Local 0.0322 | F1_macro 0.6879 | WorstLoss 2.0633
[Tracker] Ep  150 | AvgR 0.0002 | Global 0.9542 | Local 0.0443 | F1_macro 0.6658 | WorstLoss 1.9877
[Tracker] Saved snapshot: ep0150_phase1_class1
[Tracker] Ep  151 | AvgR 0.0002 | Global 0.9777 | Local 0.0480 | F1_macro 0.6868 | WorstLoss 1.8541
[Tracker] Ep  152 | AvgR 0.0002 | Global 0.9336 | Local 0.1027 | F1_macro 0.6422 | WorstLoss 1.9010
[Tracker] Ep  153 | AvgR 0.0002 | Global 0.9732 | Local 0.0556 | F1_macro 0.6645 | WorstLoss 1.8987
[Tracker] Ep  154 | AvgR 0.0002 | Global 0.9748 | Local 0.0627 | F1_macro 0.6629 | WorstLoss 1.8465
[Tracker] Ep  155 | AvgR 0.0002 | Global 0.9701 | Local 0.1100 | F1_macro 0.6544 | WorstLoss 1.5664
[Tracker] Saved snapshot: ep0155_phase1_class1
[Tracker] Ep  156 | AvgR 0.0002 | Global 0.9245 | Local 0.0683 | F1_macro 0.6493 | WorstLoss 2.0294
[Tracker] Ep  157 | AvgR 0.0002 | Global 0.9709 | Local 0.0839 | F1_macro 0.6437 | WorstLoss 1.7762
[Tracker] Ep  158 | AvgR 0.0002 | Global 0.9106 | Local 0.0887 | F1_macro 0.6524 | WorstLoss 2.0592
[Tracker] Ep  159 | AvgR 0.0002 | Global 0.9561 | Local 0.0790 | F1_macro 0.6474 | WorstLoss 1.7821
[Tracker] Ep  160 | AvgR 0.0002 | Global 0.9700 | Local 0.0421 | F1_macro 0.6672 | WorstLoss 1.9194
[Tracker] Saved snapshot: ep0160_phase1_class1
[Tracker] Ep  161 | AvgR 0.0002 | Global 0.9616 | Local 0.0945 | F1_macro 0.6738 | WorstLoss 1.9293
[Tracker] Ep  162 | AvgR 0.0002 | Global 0.9076 | Local 0.0943 | F1_macro 0.6412 | WorstLoss 2.0611
[Tracker] Ep  163 | AvgR 0.0002 | Global 0.9672 | Local 0.0728 | F1_macro 0.6693 | WorstLoss 1.8567
[Tracker] Ep  164 | AvgR 0.0002 | Global 0.9448 | Local 0.0899 | F1_macro 0.6657 | WorstLoss 2.0117
[Tracker] Ep  165 | AvgR 0.0002 | Global 0.9784 | Local 0.0624 | F1_macro 0.6599 | WorstLoss 1.6206
[Tracker] Saved snapshot: ep0165_phase1_class1
[Tracker] Ep  166 | AvgR 0.0002 | Global 0.9576 | Local 0.0546 | F1_macro 0.6425 | WorstLoss 1.8143
[Tracker] Ep  167 | AvgR 0.0002 | Global 0.9640 | Local 0.0801 | F1_macro 0.6686 | WorstLoss 1.7831
[Tracker] Ep  168 | AvgR 0.0002 | Global 0.9332 | Local 0.0831 | F1_macro 0.6352 | WorstLoss 1.9356
[Tracker] Ep  169 | AvgR 0.0002 | Global 0.9088 | Local 0.0521 | F1_macro 0.6542 | WorstLoss 2.0837
[Tracker] Ep  170 | AvgR 0.0002 | Global 0.9655 | Local 0.1067 | F1_macro 0.6613 | WorstLoss 1.7841
[Tracker] Saved snapshot: ep0170_phase1_class1
[Tracker] Ep  171 | AvgR 0.0002 | Global 0.9633 | Local 0.0703 | F1_macro 0.6473 | WorstLoss 1.8701
[Tracker] Ep  172 | AvgR 0.0002 | Global 0.9439 | Local 0.1045 | F1_macro 0.6350 | WorstLoss 1.6984
[Tracker] Ep  173 | AvgR 0.0002 | Global 0.9333 | Local 0.0942 | F1_macro 0.6386 | WorstLoss 1.9582
[Tracker] Ep  174 | AvgR 0.0001 | Global 0.6801 | Local 0.0794 | F1_macro 0.6370 | WorstLoss 2.2468
[Tracker] Ep  175 | AvgR 0.0002 | Global 0.9215 | Local 0.0674 | F1_macro 0.6496 | WorstLoss 2.0307
[Tracker] Saved snapshot: ep0175_phase1_class1
[Tracker] Ep  176 | AvgR 0.0002 | Global 0.9530 | Local 0.1381 | F1_macro 0.6516 | WorstLoss 1.4242
[Tracker] Ep  177 | AvgR 0.0002 | Global 0.9092 | Local 0.1083 | F1_macro 0.6311 | WorstLoss 1.9208
[Tracker] Ep  178 | AvgR 0.0002 | Global 0.9523 | Local 0.0825 | F1_macro 0.6534 | WorstLoss 1.7398
[Tracker] Ep  179 | AvgR 0.0002 | Global 0.9638 | Local 0.0830 | F1_macro 0.6521 | WorstLoss 1.4464
[Tracker] Ep  180 | AvgR 0.0002 | Global 0.9579 | Local 0.0860 | F1_macro 0.6445 | WorstLoss 1.6950
[Tracker] Saved snapshot: ep0180_phase1_class1
[Tracker] Ep  181 | AvgR 0.0002 | Global 0.9500 | Local 0.0961 | F1_macro 0.6343 | WorstLoss 1.8053
[Tracker] Ep  182 | AvgR 0.0002 | Global 0.9473 | Local 0.0867 | F1_macro 0.6538 | WorstLoss 1.8227
[Tracker] Ep  183 | AvgR 0.0002 | Global 0.9336 | Local 0.1111 | F1_macro 0.6451 | WorstLoss 1.9876
[Tracker] Ep  184 | AvgR 0.0002 | Global 0.9600 | Local 0.0729 | F1_macro 0.6525 | WorstLoss 1.6434
[Tracker] Ep  185 | AvgR 0.0002 | Global 0.9329 | Local 0.1594 | F1_macro 0.6337 | WorstLoss 1.8922
[Tracker] Saved snapshot: ep0185_phase1_class1
[Tracker] Ep  186 | AvgR 0.0002 | Global 0.9157 | Local 0.1344 | F1_macro 0.6197 | WorstLoss 1.8295
[Tracker] Ep  187 | AvgR 0.0002 | Global 0.9668 | Local 0.0740 | F1_macro 0.6632 | WorstLoss 1.7185
[Tracker] Ep  188 | AvgR 0.0002 | Global 0.9464 | Local 0.1131 | F1_macro 0.6424 | WorstLoss 1.5365
[Tracker] Ep  189 | AvgR 0.0002 | Global 0.9600 | Local 0.1047 | F1_macro 0.6522 | WorstLoss 1.6070
[Tracker] Ep  190 | AvgR 0.0002 | Global 0.9595 | Local 0.0910 | F1_macro 0.6610 | WorstLoss 1.5483
[Tracker] Saved snapshot: ep0190_phase1_class1
[Tracker] Ep  191 | AvgR 0.0002 | Global 0.9532 | Local 0.0599 | F1_macro 0.6467 | WorstLoss 1.6806
[Tracker] Ep  192 | AvgR 0.0002 | Global 0.9661 | Local 0.1069 | F1_macro 0.6635 | WorstLoss 1.7423
[Tracker] Ep  193 | AvgR 0.0002 | Global 0.9413 | Local 0.1042 | F1_macro 0.6393 | WorstLoss 1.9227
[Tracker] Ep  194 | AvgR 0.0002 | Global 0.9054 | Local 0.1312 | F1_macro 0.6501 | WorstLoss 2.0048
[Tracker] Ep  195 | AvgR 0.0002 | Global 0.9540 | Local 0.0946 | F1_macro 0.6376 | WorstLoss 1.3742
[Tracker] Saved snapshot: ep0195_phase1_class1
[Tracker] Ep  196 | AvgR 0.0002 | Global 0.9681 | Local 0.0936 | F1_macro 0.6744 | WorstLoss 1.8676
[Tracker] Ep  197 | AvgR 0.0002 | Global 0.9498 | Local 0.0803 | F1_macro 0.6446 | WorstLoss 1.7687
[Tracker] Ep  198 | AvgR 0.0001 | Global 0.4985 | Local 0.1079 | F1_macro 0.6545 | WorstLoss 2.3274
[Tracker] Ep  199 | AvgR 0.0002 | Global 0.9410 | Local 0.1256 | F1_macro 0.6347 | WorstLoss 1.7482
[Tracker] Ep  200 | AvgR 0.0002 | Global 0.9439 | Local 0.0847 | F1_macro 0.6386 | WorstLoss 1.5943
[Tracker] Saved snapshot: ep0200_phase1_class1
[Tracker] Ep  201 | AvgR 0.0002 | Global 0.9068 | Local 0.0977 | F1_macro 0.6544 | WorstLoss 2.0556
[Tracker] Ep  202 | AvgR 0.0002 | Global 0.8231 | Local 0.0922 | F1_macro 0.6375 | WorstLoss 2.1521
[Tracker] Ep  203 | AvgR 0.0002 | Global 0.9353 | Local 0.1114 | F1_macro 0.6345 | WorstLoss 1.7593
[Tracker] Ep  204 | AvgR 0.0002 | Global 0.9477 | Local 0.1249 | F1_macro 0.6293 | WorstLoss 1.6891
[Tracker] Ep  205 | AvgR 0.0002 | Global 0.8910 | Local 0.0823 | F1_macro 0.6458 | WorstLoss 2.0737
[Tracker] Saved snapshot: ep0205_phase1_class1
[Tracker] Ep  206 | AvgR 0.0002 | Global 0.9126 | Local 0.1568 | F1_macro 0.6111 | WorstLoss 1.6913
[Tracker] Ep  207 | AvgR 0.0002 | Global 0.9338 | Local 0.0898 | F1_macro 0.6434 | WorstLoss 1.9768
[Tracker] Ep  208 | AvgR 0.0002 | Global 0.8775 | Local 0.1566 | F1_macro 0.6381 | WorstLoss 2.0869
[Tracker] Ep  209 | AvgR 0.0002 | Global 0.9513 | Local 0.1209 | F1_macro 0.6452 | WorstLoss 1.7275
[Tracker] Ep  210 | AvgR 0.0001 | Global 0.5272 | Local 0.1687 | F1_macro 0.6264 | WorstLoss 2.3070
[Tracker] Saved snapshot: ep0210_phase1_class1
[Tracker] Ep  211 | AvgR 0.0002 | Global 0.9149 | Local 0.1236 | F1_macro 0.6216 | WorstLoss 1.8940
[Tracker] Ep  212 | AvgR 0.0002 | Global 0.9668 | Local 0.0825 | F1_macro 0.6646 | WorstLoss 1.7130
[Tracker] Ep  213 | AvgR 0.0002 | Global 0.9005 | Local 0.1044 | F1_macro 0.6507 | WorstLoss 2.0741
[Tracker] Ep  214 | AvgR 0.0002 | Global 0.9398 | Local 0.1086 | F1_macro 0.6466 | WorstLoss 1.5189
[Tracker] Ep  215 | AvgR 0.0002 | Global 0.9333 | Local 0.1086 | F1_macro 0.6362 | WorstLoss 1.8104
[Tracker] Saved snapshot: ep0215_phase1_class1
[Tracker] Ep  216 | AvgR 0.0002 | Global 0.8116 | Local 0.0959 | F1_macro 0.6491 | WorstLoss 2.1573
[Tracker] Ep  217 | AvgR 0.0002 | Global 0.8297 | Local 0.1287 | F1_macro 0.6472 | WorstLoss 2.1374
[Tracker] Ep  218 | AvgR 0.0002 | Global 0.9370 | Local 0.1111 | F1_macro 0.6313 | WorstLoss 1.7999
[Tracker] Ep  219 | AvgR 0.0002 | Global 0.9440 | Local 0.0988 | F1_macro 0.6444 | WorstLoss 1.5702
[Tracker] Ep  220 | AvgR 0.0002 | Global 0.9190 | Local 0.1450 | F1_macro 0.6308 | WorstLoss 1.6019
[Tracker] Saved snapshot: ep0220_phase1_class1
[Tracker] Ep  221 | AvgR 0.0002 | Global 0.9760 | Local 0.0988 | F1_macro 0.6716 | WorstLoss 1.6645
[Tracker] Ep  222 | AvgR 0.0002 | Global 0.9103 | Local 0.1319 | F1_macro 0.6250 | WorstLoss 1.9459
[Tracker] Ep  223 | AvgR 0.0002 | Global 0.9395 | Local 0.0994 | F1_macro 0.6416 | WorstLoss 1.7918
[Tracker] Ep  224 | AvgR 0.0002 | Global 0.9386 | Local 0.1211 | F1_macro 0.6355 | WorstLoss 1.7318
[Tracker] Ep  225 | AvgR 0.0002 | Global 0.9540 | Local 0.1047 | F1_macro 0.6603 | WorstLoss 1.8567
[Tracker] Saved snapshot: ep0225_phase1_class1
[Tracker] Ep  226 | AvgR 0.0002 | Global 0.9441 | Local 0.0896 | F1_macro 0.6391 | WorstLoss 1.8922
[Tracker] Ep  227 | AvgR 0.0002 | Global 0.9121 | Local 0.0975 | F1_macro 0.6261 | WorstLoss 1.9669
[Tracker] Ep  228 | AvgR 0.0002 | Global 0.9045 | Local 0.1909 | F1_macro 0.6507 | WorstLoss 2.0325
[Tracker] Ep  229 | AvgR 0.0002 | Global 0.9526 | Local 0.0893 | F1_macro 0.6482 | WorstLoss 1.8622
[Tracker] Ep  230 | AvgR 0.0002 | Global 0.9229 | Local 0.1080 | F1_macro 0.6446 | WorstLoss 1.9627
[Tracker] Saved snapshot: ep0230_phase1_class1
[Tracker] Ep  231 | AvgR 0.0002 | Global 0.9391 | Local 0.0792 | F1_macro 0.6408 | WorstLoss 1.9428
[Tracker] Ep  232 | AvgR 0.0002 | Global 0.9400 | Local 0.1097 | F1_macro 0.6522 | WorstLoss 1.5608
[Tracker] Ep  233 | AvgR 0.0002 | Global 0.9246 | Local 0.1656 | F1_macro 0.6162 | WorstLoss 1.4787
[Tracker] Ep  234 | AvgR 0.0002 | Global 0.9284 | Local 0.1465 | F1_macro 0.6297 | WorstLoss 1.8792
[Tracker] Ep  235 | AvgR 0.0002 | Global 0.9095 | Local 0.1369 | F1_macro 0.6256 | WorstLoss 1.6082
[Tracker] Saved snapshot: ep0235_phase1_class1
[Tracker] Ep  236 | AvgR 0.0002 | Global 0.9284 | Local 0.1416 | F1_macro 0.6359 | WorstLoss 1.4736
[Tracker] Ep  237 | AvgR 0.0002 | Global 0.9233 | Local 0.1396 | F1_macro 0.6535 | WorstLoss 1.9552
[Tracker] Ep  238 | AvgR 0.0002 | Global 0.9153 | Local 0.1102 | F1_macro 0.6228 | WorstLoss 1.8243
[Tracker] Ep  239 | AvgR 0.0002 | Global 0.9461 | Local 0.1173 | F1_macro 0.6594 | WorstLoss 1.8045
[Tracker] Ep  240 | AvgR 0.0002 | Global 0.6590 | Local 0.1379 | F1_macro 0.6190 | WorstLoss 2.2444
[Tracker] Saved snapshot: ep0240_phase1_class1
[Tracker] Ep  241 | AvgR 0.0002 | Global 0.9248 | Local 0.1020 | F1_macro 0.6254 | WorstLoss 1.8454
[Tracker] Ep  242 | AvgR 0.0002 | Global 0.9288 | Local 0.1222 | F1_macro 0.6283 | WorstLoss 1.6835
[Tracker] Ep  243 | AvgR 0.0002 | Global 0.9222 | Local 0.1167 | F1_macro 0.6274 | WorstLoss 1.7683
[Tracker] Ep  244 | AvgR 0.0002 | Global 0.9154 | Local 0.1256 | F1_macro 0.6179 | WorstLoss 1.5808
[Tracker] Ep  245 | AvgR 0.0002 | Global 0.9494 | Local 0.1469 | F1_macro 0.6501 | WorstLoss 1.3038
[Tracker] Saved snapshot: ep0245_phase1_class1
[Tracker] Ep  246 | AvgR 0.0002 | Global 0.9221 | Local 0.1168 | F1_macro 0.6242 | WorstLoss 1.7671
[Tracker] Ep  247 | AvgR 0.0002 | Global 0.9225 | Local 0.1256 | F1_macro 0.6127 | WorstLoss 1.8671
[Tracker] Ep  248 | AvgR 0.0002 | Global 0.9112 | Local 0.1303 | F1_macro 0.6321 | WorstLoss 1.9128
[Tracker] Ep  249 | AvgR 0.0002 | Global 0.9302 | Local 0.1084 | F1_macro 0.6212 | WorstLoss 1.5982
[Tracker] Ep  250 | AvgR 0.0002 | Global 0.9191 | Local 0.1182 | F1_macro 0.6262 | WorstLoss 1.4208
[Tracker] Saved snapshot: ep0250_phase1_class1
[Tracker] Ep  251 | AvgR 0.0002 | Global 0.9319 | Local 0.1443 | F1_macro 0.6459 | WorstLoss 1.6895
[Tracker] Ep  252 | AvgR 0.0002 | Global 0.9070 | Local 0.1711 | F1_macro 0.6155 | WorstLoss 1.6214
[Tracker] Ep  253 | AvgR 0.0002 | Global 0.9208 | Local 0.1441 | F1_macro 0.6164 | WorstLoss 1.5203
[Tracker] Ep  254 | AvgR 0.0002 | Global 0.9234 | Local 0.1238 | F1_macro 0.6301 | WorstLoss 1.5046
[Tracker] Ep  255 | AvgR 0.0002 | Global 0.9268 | Local 0.1710 | F1_macro 0.6253 | WorstLoss 1.3846
[Tracker] Saved snapshot: ep0255_phase1_class1
[Tracker] Ep  256 | AvgR 0.0002 | Global 0.9218 | Local 0.1148 | F1_macro 0.6405 | WorstLoss 1.3604
[Tracker] Ep  257 | AvgR 0.0002 | Global 0.9547 | Local 0.1027 | F1_macro 0.6404 | WorstLoss 1.7120
[Tracker] Ep  258 | AvgR 0.0002 | Global 0.9459 | Local 0.1341 | F1_macro 0.6557 | WorstLoss 1.4180
[Tracker] Ep  259 | AvgR 0.0002 | Global 0.9511 | Local 0.1593 | F1_macro 0.6584 | WorstLoss 1.2789
[Tracker] Ep  260 | AvgR 0.0002 | Global 0.9303 | Local 0.1344 | F1_macro 0.6299 | WorstLoss 1.6279
[Tracker] Saved snapshot: ep0260_phase1_class1
[Tracker] Ep  261 | AvgR 0.0002 | Global 0.8939 | Local 0.1883 | F1_macro 0.6207 | WorstLoss 1.9013
[Tracker] Ep  262 | AvgR 0.0002 | Global 0.9341 | Local 0.1408 | F1_macro 0.6566 | WorstLoss 1.5076
[Tracker] Ep  263 | AvgR 0.0002 | Global 0.9224 | Local 0.1345 | F1_macro 0.6261 | WorstLoss 1.5956
[Tracker] Ep  264 | AvgR 0.0002 | Global 0.9294 | Local 0.1480 | F1_macro 0.6258 | WorstLoss 1.8200
[Tracker] Ep  265 | AvgR 0.0002 | Global 0.9136 | Local 0.1575 | F1_macro 0.6122 | WorstLoss 1.3853
[Tracker] Saved snapshot: ep0265_phase1_class1
[Tracker] Ep  266 | AvgR 0.0002 | Global 0.9268 | Local 0.1051 | F1_macro 0.6321 | WorstLoss 1.8146
[Tracker] Ep  267 | AvgR 0.0002 | Global 0.9427 | Local 0.1173 | F1_macro 0.6373 | WorstLoss 1.8060
[Tracker] Ep  268 | AvgR 0.0002 | Global 0.9324 | Local 0.1445 | F1_macro 0.6306 | WorstLoss 1.7753
[Tracker] Ep  269 | AvgR 0.0002 | Global 0.9478 | Local 0.0864 | F1_macro 0.6580 | WorstLoss 1.8676
[Tracker] Ep  270 | AvgR 0.0002 | Global 0.9173 | Local 0.1453 | F1_macro 0.6286 | WorstLoss 1.6968
[Tracker] Saved snapshot: ep0270_phase1_class1
[Tracker] Ep  271 | AvgR 0.0002 | Global 0.9192 | Local 0.1605 | F1_macro 0.6196 | WorstLoss 1.7562
[Tracker] Ep  272 | AvgR 0.0002 | Global 0.9144 | Local 0.0962 | F1_macro 0.6327 | WorstLoss 1.8375
[Tracker] Ep  273 | AvgR 0.0002 | Global 0.9145 | Local 0.1291 | F1_macro 0.6262 | WorstLoss 1.5324
[Tracker] Ep  274 | AvgR 0.0002 | Global 0.9238 | Local 0.1222 | F1_macro 0.6408 | WorstLoss 1.4413
[Tracker] Ep  275 | AvgR 0.0002 | Global 0.9301 | Local 0.1275 | F1_macro 0.6339 | WorstLoss 1.8369
[Tracker] Saved snapshot: ep0275_phase1_class1
[Tracker] Ep  276 | AvgR 0.0002 | Global 0.9577 | Local 0.1407 | F1_macro 0.6690 | WorstLoss 1.6246
[Tracker] Ep  277 | AvgR 0.0002 | Global 0.8801 | Local 0.1296 | F1_macro 0.6170 | WorstLoss 2.0318
[Tracker] Ep  278 | AvgR 0.0002 | Global 0.9391 | Local 0.1195 | F1_macro 0.6493 | WorstLoss 1.3797
[Tracker] Ep  279 | AvgR 0.0002 | Global 0.9198 | Local 0.1719 | F1_macro 0.6420 | WorstLoss 1.5370
[Tracker] Ep  280 | AvgR 0.0002 | Global 0.9593 | Local 0.1020 | F1_macro 0.6542 | WorstLoss 1.7409
[Tracker] Saved snapshot: ep0280_phase1_class1
[Tracker] Ep  281 | AvgR 0.0002 | Global 0.9550 | Local 0.1446 | F1_macro 0.6624 | WorstLoss 1.3000
[Tracker] Ep  282 | AvgR 0.0002 | Global 0.9343 | Local 0.1489 | F1_macro 0.6498 | WorstLoss 1.8244
[Tracker] Ep  283 | AvgR 0.0002 | Global 0.9319 | Local 0.1455 | F1_macro 0.6438 | WorstLoss 1.7396
[Tracker] Ep  284 | AvgR 0.0002 | Global 0.9501 | Local 0.1089 | F1_macro 0.6593 | WorstLoss 1.5371
[Tracker] Ep  285 | AvgR 0.0002 | Global 0.8714 | Local 0.1329 | F1_macro 0.6254 | WorstLoss 2.0600
[Tracker] Saved snapshot: ep0285_phase1_class1
[Tracker] Ep  286 | AvgR 0.0002 | Global 0.9452 | Local 0.1235 | F1_macro 0.6409 | WorstLoss 1.6259
[Tracker] Ep  287 | AvgR 0.0002 | Global 0.9167 | Local 0.1658 | F1_macro 0.6423 | WorstLoss 1.8478
[Tracker] Ep  288 | AvgR 0.0002 | Global 0.9299 | Local 0.1323 | F1_macro 0.6424 | WorstLoss 1.3823
[Tracker] Ep  289 | AvgR 0.0002 | Global 0.9480 | Local 0.1415 | F1_macro 0.6271 | WorstLoss 1.7568
[Tracker] Ep  290 | AvgR 0.0002 | Global 0.9395 | Local 0.1298 | F1_macro 0.6562 | WorstLoss 1.2856
[Tracker] Saved snapshot: ep0290_phase1_class1
[Tracker] Ep  291 | AvgR 0.0002 | Global 0.9143 | Local 0.1357 | F1_macro 0.6308 | WorstLoss 1.5456
[Tracker] Ep  292 | AvgR 0.0002 | Global 0.9313 | Local 0.1286 | F1_macro 0.6400 | WorstLoss 1.6192
[Tracker] Ep  293 | AvgR 0.0002 | Global 0.9287 | Local 0.1814 | F1_macro 0.6287 | WorstLoss 1.6573
[Tracker] Ep  294 | AvgR 0.0002 | Global 0.9202 | Local 0.1671 | F1_macro 0.6375 | WorstLoss 1.2432
[Tracker] Ep  295 | AvgR 0.0002 | Global 0.9042 | Local 0.1686 | F1_macro 0.6448 | WorstLoss 2.0370
[Tracker] Saved snapshot: ep0295_phase1_class1
[Tracker] Ep  296 | AvgR 0.0002 | Global 0.9183 | Local 0.1609 | F1_macro 0.6386 | WorstLoss 1.2238
[Tracker] Ep  297 | AvgR 0.0002 | Global 0.9072 | Local 0.1440 | F1_macro 0.6495 | WorstLoss 1.9650
[Tracker] Ep  298 | AvgR 0.0002 | Global 0.9269 | Local 0.1683 | F1_macro 0.6437 | WorstLoss 1.5126
[Tracker] Ep  299 | AvgR 0.0002 | Global 0.9192 | Local 0.1596 | F1_macro 0.6358 | WorstLoss 1.2615
[Tracker] Ep  300 | AvgR 0.0002 | Global 0.9347 | Local 0.1431 | F1_macro 0.6522 | WorstLoss 1.2083
[Tracker] Saved snapshot: ep0300_phase1_class1
[Tracker] Ep  301 | AvgR 0.0002 | Global 0.9296 | Local 0.1353 | F1_macro 0.6488 | WorstLoss 1.3346
[Tracker] Ep  302 | AvgR 0.0002 | Global 0.9129 | Local 0.1088 | F1_macro 0.6243 | WorstLoss 1.9377
[Tracker] Ep  303 | AvgR 0.0002 | Global 0.9375 | Local 0.1294 | F1_macro 0.6421 | WorstLoss 1.1704
[Tracker] Ep  304 | AvgR 0.0002 | Global 0.9168 | Local 0.1541 | F1_macro 0.6154 | WorstLoss 1.7561
[Tracker] Ep  305 | AvgR 0.0002 | Global 0.9378 | Local 0.1464 | F1_macro 0.6406 | WorstLoss 1.4753
[Tracker] Saved snapshot: ep0305_phase1_class1
[Tracker] Ep  306 | AvgR 0.0002 | Global 0.9288 | Local 0.1594 | F1_macro 0.6390 | WorstLoss 1.8137
[Tracker] Ep  307 | AvgR 0.0002 | Global 0.9342 | Local 0.1461 | F1_macro 0.6449 | WorstLoss 1.4876
[Tracker] Ep  308 | AvgR 0.0002 | Global 0.9367 | Local 0.1837 | F1_macro 0.6357 | WorstLoss 1.5771
[Tracker] Ep  309 | AvgR 0.0002 | Global 0.9032 | Local 0.1657 | F1_macro 0.6000 | WorstLoss 1.2961
[Tracker] Ep  310 | AvgR 0.0002 | Global 0.9255 | Local 0.2053 | F1_macro 0.6238 | WorstLoss 1.2976
[Tracker] Saved snapshot: ep0310_phase1_class1
[Tracker] Ep  311 | AvgR 0.0002 | Global 0.8984 | Local 0.1270 | F1_macro 0.6210 | WorstLoss 1.8929
[Tracker] Ep  312 | AvgR 0.0002 | Global 0.9230 | Local 0.1660 | F1_macro 0.6545 | WorstLoss 1.8966
[Tracker] Ep  313 | AvgR 0.0002 | Global 0.9089 | Local 0.2038 | F1_macro 0.6180 | WorstLoss 1.4449
[Tracker] Ep  314 | AvgR 0.0002 | Global 0.9057 | Local 0.1667 | F1_macro 0.6133 | WorstLoss 1.6458
[Tracker] Ep  315 | AvgR 0.0002 | Global 0.9460 | Local 0.1115 | F1_macro 0.6399 | WorstLoss 1.7668
[Tracker] Saved snapshot: ep0315_phase1_class1
[Tracker] Ep  316 | AvgR 0.0002 | Global 0.9567 | Local 0.1494 | F1_macro 0.6528 | WorstLoss 1.5504
[Tracker] Ep  317 | AvgR 0.0002 | Global 0.9122 | Local 0.1518 | F1_macro 0.6152 | WorstLoss 1.8644
[Tracker] Ep  318 | AvgR 0.0002 | Global 0.9296 | Local 0.1464 | F1_macro 0.6324 | WorstLoss 1.4648
[Tracker] Ep  319 | AvgR 0.0002 | Global 0.9170 | Local 0.1625 | F1_macro 0.6383 | WorstLoss 1.4188
[Tracker] Ep  320 | AvgR 0.0002 | Global 0.9150 | Local 0.1785 | F1_macro 0.6613 | WorstLoss 1.9588
[Tracker] Saved snapshot: ep0320_phase1_class1
[Tracker] Ep  321 | AvgR 0.0002 | Global 0.9540 | Local 0.1401 | F1_macro 0.6490 | WorstLoss 1.6683
[Tracker] Ep  322 | AvgR 0.0002 | Global 0.9210 | Local 0.1626 | F1_macro 0.6513 | WorstLoss 1.8074
[Tracker] Ep  323 | AvgR 0.0002 | Global 0.9402 | Local 0.1398 | F1_macro 0.6579 | WorstLoss 1.7748
[Tracker] Ep  324 | AvgR 0.0002 | Global 0.9350 | Local 0.1607 | F1_macro 0.6361 | WorstLoss 1.4693
[Tracker] Ep  325 | AvgR 0.0002 | Global 0.9616 | Local 0.1628 | F1_macro 0.6493 | WorstLoss 1.5869
[Tracker] Saved snapshot: ep0325_phase1_class1
[Tracker] Ep  326 | AvgR 0.0002 | Global 0.9158 | Local 0.1352 | F1_macro 0.6362 | WorstLoss 1.6031
[Tracker] Ep  327 | AvgR 0.0002 | Global 0.9136 | Local 0.1883 | F1_macro 0.6240 | WorstLoss 1.5472
[Tracker] Ep  328 | AvgR 0.0002 | Global 0.9266 | Local 0.1352 | F1_macro 0.6462 | WorstLoss 1.6576
[Tracker] Ep  329 | AvgR 0.0002 | Global 0.9514 | Local 0.1621 | F1_macro 0.6546 | WorstLoss 1.7732
[Tracker] Ep  330 | AvgR 0.0002 | Global 0.7757 | Local 0.1602 | F1_macro 0.6297 | WorstLoss 2.1698
[Tracker] Saved snapshot: ep0330_phase1_class1
[Tracker] Ep  331 | AvgR 0.0002 | Global 0.9031 | Local 0.1773 | F1_macro 0.6266 | WorstLoss 1.8433
[Tracker] Ep  332 | AvgR 0.0002 | Global 0.9608 | Local 0.1265 | F1_macro 0.6645 | WorstLoss 1.3061
[Tracker] Ep  333 | AvgR 0.0002 | Global 0.9374 | Local 0.1237 | F1_macro 0.6625 | WorstLoss 1.6654
[Tracker] Ep  334 | AvgR 0.0002 | Global 0.9360 | Local 0.1900 | F1_macro 0.6697 | WorstLoss 1.1863
[Tracker] Ep  335 | AvgR 0.0002 | Global 0.9244 | Local 0.1522 | F1_macro 0.6353 | WorstLoss 1.6737
[Tracker] Saved snapshot: ep0335_phase1_class1
[Tracker] Ep  336 | AvgR 0.0002 | Global 0.9246 | Local 0.1566 | F1_macro 0.6434 | WorstLoss 1.6647
[Tracker] Ep  337 | AvgR 0.0002 | Global 0.9151 | Local 0.2200 | F1_macro 0.6328 | WorstLoss 1.8168
[Tracker] Ep  338 | AvgR 0.0002 | Global 0.9359 | Local 0.1480 | F1_macro 0.6500 | WorstLoss 1.6478
[Tracker] Ep  339 | AvgR 0.0002 | Global 0.9466 | Local 0.1042 | F1_macro 0.6570 | WorstLoss 1.3348
[Tracker] Ep  340 | AvgR 0.0002 | Global 0.9663 | Local 0.1384 | F1_macro 0.6613 | WorstLoss 1.3667
[Tracker] Saved snapshot: ep0340_phase1_class1
[Tracker] Ep  341 | AvgR 0.0002 | Global 0.9381 | Local 0.2014 | F1_macro 0.6434 | WorstLoss 1.4469
[Tracker] Ep  342 | AvgR 0.0002 | Global 0.9421 | Local 0.1281 | F1_macro 0.6509 | WorstLoss 1.6083
[Tracker] Ep  343 | AvgR 0.0002 | Global 0.9149 | Local 0.2002 | F1_macro 0.6472 | WorstLoss 1.1144
[Tracker] Ep  344 | AvgR 0.0002 | Global 0.9036 | Local 0.1634 | F1_macro 0.6326 | WorstLoss 1.6099
[Tracker] Ep  345 | AvgR 0.0002 | Global 0.9470 | Local 0.1033 | F1_macro 0.6488 | WorstLoss 1.6208
[Tracker] Saved snapshot: ep0345_phase1_class1
[Tracker] Ep  346 | AvgR 0.0002 | Global 0.9210 | Local 0.1372 | F1_macro 0.6516 | WorstLoss 1.3354
[Tracker] Ep  347 | AvgR 0.0002 | Global 0.9124 | Local 0.1533 | F1_macro 0.6279 | WorstLoss 1.6103
[Tracker] Ep  348 | AvgR 0.0002 | Global 0.9208 | Local 0.1628 | F1_macro 0.6419 | WorstLoss 1.5834
[Tracker] Ep  349 | AvgR 0.0002 | Global 0.9593 | Local 0.1791 | F1_macro 0.6563 | WorstLoss 1.4293
[Tracker] Ep  350 | AvgR 0.0002 | Global 0.9657 | Local 0.1135 | F1_macro 0.6681 | WorstLoss 1.5327
[Tracker] Saved snapshot: ep0350_phase1_class1
[Tracker] Ep  351 | AvgR 0.0002 | Global 0.9320 | Local 0.1347 | F1_macro 0.6654 | WorstLoss 1.7176
[Tracker] Ep  352 | AvgR 0.0002 | Global 0.9314 | Local 0.1600 | F1_macro 0.6494 | WorstLoss 1.5573
[Tracker] Ep  353 | AvgR 0.0002 | Global 0.9405 | Local 0.1545 | F1_macro 0.6521 | WorstLoss 1.6093
[Tracker] Ep  354 | AvgR 0.0002 | Global 0.9225 | Local 0.1821 | F1_macro 0.6590 | WorstLoss 1.7493
[Tracker] Ep  355 | AvgR 0.0002 | Global 0.9412 | Local 0.1720 | F1_macro 0.6411 | WorstLoss 1.7695
[Tracker] Saved snapshot: ep0355_phase1_class1
[Tracker] Ep  356 | AvgR 0.0002 | Global 0.9048 | Local 0.1380 | F1_macro 0.6273 | WorstLoss 1.7690
[Tracker] Ep  357 | AvgR 0.0002 | Global 0.9403 | Local 0.1611 | F1_macro 0.6412 | WorstLoss 1.3446
[Tracker] Ep  358 | AvgR 0.0002 | Global 0.9651 | Local 0.1401 | F1_macro 0.6817 | WorstLoss 1.6962
[Tracker] Ep  359 | AvgR 0.0002 | Global 0.9281 | Local 0.1803 | F1_macro 0.6847 | WorstLoss 1.1928
[Tracker] Ep  360 | AvgR 0.0002 | Global 0.9191 | Local 0.1630 | F1_macro 0.6482 | WorstLoss 1.1121
[Tracker] Saved snapshot: ep0360_phase1_class1
[Tracker] Ep  361 | AvgR 0.0003 | Global 0.9269 | Local 0.2465 | F1_macro 0.6561 | WorstLoss 1.3106
[Tracker] Ep  362 | AvgR 0.0002 | Global 0.9349 | Local 0.1857 | F1_macro 0.6539 | WorstLoss 1.4794
[Tracker] Ep  363 | AvgR 0.0002 | Global 0.9464 | Local 0.1913 | F1_macro 0.6477 | WorstLoss 1.2601
[Tracker] Ep  364 | AvgR 0.0002 | Global 0.9558 | Local 0.1035 | F1_macro 0.6585 | WorstLoss 1.3868
[Tracker] Ep  365 | AvgR 0.0002 | Global 0.9130 | Local 0.1560 | F1_macro 0.6482 | WorstLoss 1.1548
[Tracker] Saved snapshot: ep0365_phase1_class1
[Tracker] Ep  366 | AvgR 0.0003 | Global 0.9502 | Local 0.2194 | F1_macro 0.6663 | WorstLoss 1.2736
[Tracker] Ep  367 | AvgR 0.0002 | Global 0.9345 | Local 0.1728 | F1_macro 0.6417 | WorstLoss 1.3146
[Tracker] Ep  368 | AvgR 0.0002 | Global 0.9537 | Local 0.0994 | F1_macro 0.6724 | WorstLoss 1.7762
[Tracker] Ep  369 | AvgR 0.0002 | Global 0.9206 | Local 0.1816 | F1_macro 0.6346 | WorstLoss 1.5768
[Tracker] Ep  370 | AvgR 0.0002 | Global 0.9520 | Local 0.2034 | F1_macro 0.6560 | WorstLoss 1.6699
[Tracker] Saved snapshot: ep0370_phase1_class1
[Tracker] Ep  371 | AvgR 0.0002 | Global 0.9115 | Local 0.1682 | F1_macro 0.6321 | WorstLoss 1.4145
[Tracker] Ep  372 | AvgR 0.0002 | Global 0.8900 | Local 0.1946 | F1_macro 0.6394 | WorstLoss 1.3838
[Tracker] Ep  373 | AvgR 0.0002 | Global 0.9455 | Local 0.1534 | F1_macro 0.6472 | WorstLoss 1.6084
[Tracker] Ep  374 | AvgR 0.0003 | Global 0.9201 | Local 0.2512 | F1_macro 0.6520 | WorstLoss 1.3872
[Tracker] Ep  375 | AvgR 0.0002 | Global 0.9643 | Local 0.1169 | F1_macro 0.6842 | WorstLoss 1.1832
[Tracker] Saved snapshot: ep0375_phase1_class1
[Tracker] Ep  376 | AvgR 0.0002 | Global 0.9145 | Local 0.2069 | F1_macro 0.6317 | WorstLoss 1.4718
[Tracker] Ep  377 | AvgR 0.0002 | Global 0.9394 | Local 0.1206 | F1_macro 0.6532 | WorstLoss 1.6737
[Tracker] Ep  378 | AvgR 0.0002 | Global 0.9006 | Local 0.1599 | F1_macro 0.6347 | WorstLoss 1.4403
[Tracker] Ep  379 | AvgR 0.0002 | Global 0.9350 | Local 0.1266 | F1_macro 0.6666 | WorstLoss 1.7064
[Tracker] Ep  380 | AvgR 0.0002 | Global 0.9452 | Local 0.1443 | F1_macro 0.6703 | WorstLoss 1.6456
[Tracker] Saved snapshot: ep0380_phase1_class1
[Tracker] Ep  381 | AvgR 0.0002 | Global 0.9158 | Local 0.1469 | F1_macro 0.6515 | WorstLoss 1.4696
[Tracker] Ep  382 | AvgR 0.0002 | Global 0.9387 | Local 0.1653 | F1_macro 0.6719 | WorstLoss 1.8796
[Tracker] Ep  383 | AvgR 0.0002 | Global 0.9171 | Local 0.2085 | F1_macro 0.6282 | WorstLoss 1.3952
[Tracker] Ep  384 | AvgR 0.0002 | Global 0.9436 | Local 0.1740 | F1_macro 0.6648 | WorstLoss 1.7891
[Tracker] Ep  385 | AvgR 0.0002 | Global 0.9282 | Local 0.1901 | F1_macro 0.6400 | WorstLoss 1.4896
[Tracker] Saved snapshot: ep0385_phase1_class1
[Tracker] Ep  386 | AvgR 0.0002 | Global 0.6863 | Local 0.1601 | F1_macro 0.6206 | WorstLoss 2.2155
[Tracker] Ep  387 | AvgR 0.0002 | Global 0.9530 | Local 0.1124 | F1_macro 0.6523 | WorstLoss 1.3747
[Tracker] Ep  388 | AvgR 0.0002 | Global 0.9014 | Local 0.1729 | F1_macro 0.6542 | WorstLoss 2.0302
[Tracker] Ep  389 | AvgR 0.0002 | Global 0.9374 | Local 0.1933 | F1_macro 0.6558 | WorstLoss 1.4484
[Tracker] Ep  390 | AvgR 0.0002 | Global 0.9362 | Local 0.1510 | F1_macro 0.6629 | WorstLoss 1.4040
[Tracker] Saved snapshot: ep0390_phase1_class1
[Tracker] Ep  391 | AvgR 0.0002 | Global 0.8942 | Local 0.1504 | F1_macro 0.6459 | WorstLoss 1.9844
[Tracker] Ep  392 | AvgR 0.0002 | Global 0.9270 | Local 0.1852 | F1_macro 0.6477 | WorstLoss 1.7238
[Tracker] Ep  393 | AvgR 0.0002 | Global 0.9304 | Local 0.2025 | F1_macro 0.6566 | WorstLoss 1.6320
[Tracker] Ep  394 | AvgR 0.0002 | Global 0.9170 | Local 0.1763 | F1_macro 0.6511 | WorstLoss 1.9249
[Tracker] Ep  395 | AvgR 0.0002 | Global 0.9545 | Local 0.1374 | F1_macro 0.6856 | WorstLoss 1.0984
[Tracker] Saved snapshot: ep0395_phase1_class1
[Tracker] Ep  396 | AvgR 0.0002 | Global 0.9448 | Local 0.1854 | F1_macro 0.6537 | WorstLoss 1.2956
[Tracker] Ep  397 | AvgR 0.0002 | Global 0.9254 | Local 0.1964 | F1_macro 0.6336 | WorstLoss 1.6378
[Tracker] Ep  398 | AvgR 0.0002 | Global 0.9235 | Local 0.1553 | F1_macro 0.6505 | WorstLoss 1.4931
[Tracker] Ep  399 | AvgR 0.0003 | Global 0.9267 | Local 0.2231 | F1_macro 0.6499 | WorstLoss 1.1393
[Tracker] Ep  400 | AvgR 0.0002 | Global 0.9403 | Local 0.1721 | F1_macro 0.6385 | WorstLoss 1.8470
[Tracker] Saved snapshot: ep0400_phase1_class1
[Tracker] Ep  401 | AvgR 0.0002 | Global 0.9394 | Local 0.1961 | F1_macro 0.6416 | WorstLoss 1.1050
[Tracker] Ep  402 | AvgR 0.0002 | Global 0.9137 | Local 0.2164 | F1_macro 0.6312 | WorstLoss 1.4071
[Tracker] Ep  403 | AvgR 0.0002 | Global 0.9315 | Local 0.1628 | F1_macro 0.6480 | WorstLoss 1.4783
[Tracker] Ep  404 | AvgR 0.0002 | Global 0.9250 | Local 0.1908 | F1_macro 0.6482 | WorstLoss 1.5341
[Tracker] Ep  405 | AvgR 0.0002 | Global 0.9215 | Local 0.1820 | F1_macro 0.6345 | WorstLoss 1.7981
[Tracker] Saved snapshot: ep0405_phase1_class1
[Tracker] Ep  406 | AvgR 0.0002 | Global 0.9431 | Local 0.1360 | F1_macro 0.6678 | WorstLoss 1.8245
[Tracker] Ep  407 | AvgR 0.0003 | Global 0.9429 | Local 0.2260 | F1_macro 0.6633 | WorstLoss 1.1272
[Tracker] Ep  408 | AvgR 0.0002 | Global 0.9444 | Local 0.1568 | F1_macro 0.6725 | WorstLoss 1.4159
[Tracker] Ep  409 | AvgR 0.0002 | Global 0.9514 | Local 0.1541 | F1_macro 0.6452 | WorstLoss 1.4543
[Tracker] Ep  410 | AvgR 0.0002 | Global 0.9460 | Local 0.1573 | F1_macro 0.6610 | WorstLoss 1.3483
[Tracker] Saved snapshot: ep0410_phase1_class1
[Tracker] Ep  411 | AvgR 0.0002 | Global 0.9480 | Local 0.1416 | F1_macro 0.6555 | WorstLoss 1.5499
[Tracker] Ep  412 | AvgR 0.0002 | Global 0.9211 | Local 0.1867 | F1_macro 0.6412 | WorstLoss 1.5553
[Tracker] Ep  413 | AvgR 0.0002 | Global 0.9306 | Local 0.1320 | F1_macro 0.6644 | WorstLoss 1.3874
[Tracker] Ep  414 | AvgR 0.0002 | Global 0.9111 | Local 0.1997 | F1_macro 0.6420 | WorstLoss 1.6622
[Tracker] Ep  415 | AvgR 0.0002 | Global 0.9030 | Local 0.1964 | F1_macro 0.6426 | WorstLoss 1.5886
[Tracker] Saved snapshot: ep0415_phase1_class1
[Tracker] Ep  416 | AvgR 0.0003 | Global 0.9022 | Local 0.2594 | F1_macro 0.6341 | WorstLoss 1.3840
[Tracker] Ep  417 | AvgR 0.0002 | Global 0.9145 | Local 0.1494 | F1_macro 0.6712 | WorstLoss 1.1626
[Tracker] Ep  418 | AvgR 0.0002 | Global 0.9154 | Local 0.1506 | F1_macro 0.6304 | WorstLoss 1.1490
[Tracker] Ep  419 | AvgR 0.0002 | Global 0.9121 | Local 0.1913 | F1_macro 0.6569 | WorstLoss 1.2913
[Tracker] Ep  420 | AvgR 0.0002 | Global 0.9470 | Local 0.1511 | F1_macro 0.6703 | WorstLoss 1.3090
[Tracker] Saved snapshot: ep0420_phase1_class1
[Tracker] Ep  421 | AvgR 0.0002 | Global 0.9426 | Local 0.1358 | F1_macro 0.6478 | WorstLoss 1.4158
[Tracker] Ep  422 | AvgR 0.0002 | Global 0.9098 | Local 0.1692 | F1_macro 0.6496 | WorstLoss 1.6019
[Tracker] Ep  423 | AvgR 0.0002 | Global 0.9540 | Local 0.1712 | F1_macro 0.6697 | WorstLoss 1.6226
[Tracker] Ep  424 | AvgR 0.0002 | Global 0.9375 | Local 0.1628 | F1_macro 0.6669 | WorstLoss 1.5195
[Tracker] Ep  425 | AvgR 0.0002 | Global 0.9266 | Local 0.1666 | F1_macro 0.6547 | WorstLoss 1.8547
[Tracker] Saved snapshot: ep0425_phase1_class1
[Tracker] Ep  426 | AvgR 0.0002 | Global 0.8529 | Local 0.1663 | F1_macro 0.6214 | WorstLoss 2.0769
[Tracker] Ep  427 | AvgR 0.0002 | Global 0.9128 | Local 0.1711 | F1_macro 0.6527 | WorstLoss 1.6806
[Tracker] Ep  428 | AvgR 0.0002 | Global 0.9376 | Local 0.1200 | F1_macro 0.6561 | WorstLoss 1.3946
[Tracker] Ep  429 | AvgR 0.0002 | Global 0.9131 | Local 0.1625 | F1_macro 0.6520 | WorstLoss 1.1646
[Tracker] Ep  430 | AvgR 0.0002 | Global 0.9677 | Local 0.1733 | F1_macro 0.6635 | WorstLoss 1.2954
[Tracker] Saved snapshot: ep0430_phase1_class1
[Tracker] Ep  431 | AvgR 0.0002 | Global 0.9159 | Local 0.1788 | F1_macro 0.6589 | WorstLoss 1.6978
[Tracker] Ep  432 | AvgR 0.0002 | Global 0.9219 | Local 0.1518 | F1_macro 0.6295 | WorstLoss 1.4906
[Tracker] Ep  433 | AvgR 0.0003 | Global 0.9375 | Local 0.2139 | F1_macro 0.6467 | WorstLoss 1.4137
[Tracker] Ep  434 | AvgR 0.0002 | Global 0.9550 | Local 0.1330 | F1_macro 0.6816 | WorstLoss 1.8737
[Tracker] Ep  435 | AvgR 0.0002 | Global 0.9012 | Local 0.1922 | F1_macro 0.6524 | WorstLoss 2.0008
[Tracker] Saved snapshot: ep0435_phase1_class1
[Tracker] Ep  436 | AvgR 0.0002 | Global 0.9028 | Local 0.1924 | F1_macro 0.6281 | WorstLoss 1.2030
[Tracker] Ep  437 | AvgR 0.0002 | Global 0.9404 | Local 0.1479 | F1_macro 0.6741 | WorstLoss 1.3732
[Tracker] Ep  438 | AvgR 0.0002 | Global 0.9555 | Local 0.1521 | F1_macro 0.6709 | WorstLoss 1.4816
[Tracker] Ep  439 | AvgR 0.0002 | Global 0.9155 | Local 0.1810 | F1_macro 0.6436 | WorstLoss 1.3345
[Tracker] Ep  440 | AvgR 0.0002 | Global 0.9404 | Local 0.1380 | F1_macro 0.6633 | WorstLoss 1.6337
[Tracker] Saved snapshot: ep0440_phase1_class1
[Tracker] Ep  441 | AvgR 0.0002 | Global 0.9024 | Local 0.1703 | F1_macro 0.6433 | WorstLoss 2.0120
[Tracker] Ep  442 | AvgR 0.0002 | Global 0.9427 | Local 0.1695 | F1_macro 0.6514 | WorstLoss 1.3133
[Tracker] Ep  443 | AvgR 0.0003 | Global 0.9435 | Local 0.2072 | F1_macro 0.6414 | WorstLoss 1.8436
[Tracker] Ep  444 | AvgR 0.0002 | Global 0.9111 | Local 0.1571 | F1_macro 0.6532 | WorstLoss 1.9026
[Tracker] Ep  445 | AvgR 0.0002 | Global 0.9187 | Local 0.1763 | F1_macro 0.6492 | WorstLoss 1.8222
[Tracker] Saved snapshot: ep0445_phase1_class1
[Tracker] Ep  446 | AvgR 0.0003 | Global 0.9438 | Local 0.1983 | F1_macro 0.6555 | WorstLoss 1.4088
[Tracker] Ep  447 | AvgR 0.0002 | Global 0.9376 | Local 0.1879 | F1_macro 0.6525 | WorstLoss 1.3869
[Tracker] Ep  448 | AvgR 0.0002 | Global 0.9332 | Local 0.1862 | F1_macro 0.6533 | WorstLoss 1.5257
[Tracker] Ep  449 | AvgR 0.0002 | Global 0.9300 | Local 0.1883 | F1_macro 0.6613 | WorstLoss 1.7231
[Tracker] Ep  450 | AvgR 0.0002 | Global 0.9466 | Local 0.1525 | F1_macro 0.6474 | WorstLoss 1.4693
[Tracker] Saved snapshot: ep0450_phase1_class1
[Tracker] Ep  451 | AvgR 0.0002 | Global 0.8615 | Local 0.1494 | F1_macro 0.6513 | WorstLoss 2.0943
[Tracker] Ep  452 | AvgR 0.0002 | Global 0.9061 | Local 0.1888 | F1_macro 0.6437 | WorstLoss 1.7599
[Tracker] Ep  453 | AvgR 0.0002 | Global 0.9038 | Local 0.1978 | F1_macro 0.6494 | WorstLoss 1.5113
[Tracker] Ep  454 | AvgR 0.0003 | Global 0.9378 | Local 0.1985 | F1_macro 0.6497 | WorstLoss 1.3836
[Tracker] Ep  455 | AvgR 0.0002 | Global 0.9707 | Local 0.1268 | F1_macro 0.6740 | WorstLoss 1.0771
[Tracker] Saved snapshot: ep0455_phase1_class1
[Tracker] Ep  456 | AvgR 0.0003 | Global 0.9681 | Local 0.1905 | F1_macro 0.6898 | WorstLoss 1.1471
[Tracker] Ep  457 | AvgR 0.0002 | Global 0.9392 | Local 0.1886 | F1_macro 0.6677 | WorstLoss 1.6119
[Tracker] Ep  458 | AvgR 0.0003 | Global 0.9326 | Local 0.2019 | F1_macro 0.6423 | WorstLoss 1.4007
[Tracker] Ep  459 | AvgR 0.0002 | Global 0.9063 | Local 0.1841 | F1_macro 0.6571 | WorstLoss 1.1692
[Tracker] Ep  460 | AvgR 0.0002 | Global 0.9424 | Local 0.1694 | F1_macro 0.6725 | WorstLoss 1.3592
[Tracker] Saved snapshot: ep0460_phase1_class1
[Tracker] Ep  461 | AvgR 0.0002 | Global 0.9616 | Local 0.1255 | F1_macro 0.6529 | WorstLoss 1.4626
[Tracker] Ep  462 | AvgR 0.0002 | Global 0.9208 | Local 0.1227 | F1_macro 0.6504 | WorstLoss 1.8044
[Tracker] Ep  463 | AvgR 0.0002 | Global 0.9197 | Local 0.1775 | F1_macro 0.6596 | WorstLoss 1.5928
[Tracker] Ep  464 | AvgR 0.0002 | Global 0.9379 | Local 0.1572 | F1_macro 0.6463 | WorstLoss 1.4658
[Tracker] Ep  465 | AvgR 0.0002 | Global 0.9199 | Local 0.1465 | F1_macro 0.6552 | WorstLoss 1.8584
[Tracker] Saved snapshot: ep0465_phase1_class1
[Tracker] Ep  466 | AvgR 0.0002 | Global 0.9566 | Local 0.1425 | F1_macro 0.6718 | WorstLoss 1.1508
[Tracker] Ep  467 | AvgR 0.0002 | Global 0.9343 | Local 0.1600 | F1_macro 0.6452 | WorstLoss 1.4832
[Tracker] Ep  468 | AvgR 0.0002 | Global 0.9318 | Local 0.1600 | F1_macro 0.6344 | WorstLoss 1.6598
[Tracker] Ep  469 | AvgR 0.0002 | Global 0.9255 | Local 0.1333 | F1_macro 0.6670 | WorstLoss 1.5439
[Tracker] Ep  470 | AvgR 0.0002 | Global 0.9301 | Local 0.1673 | F1_macro 0.6631 | WorstLoss 1.2553
[Tracker] Saved snapshot: ep0470_phase1_class1
[Tracker] Ep  471 | AvgR 0.0002 | Global 0.9457 | Local 0.1570 | F1_macro 0.6675 | WorstLoss 1.4329
[Tracker] Ep  472 | AvgR 0.0003 | Global 0.9037 | Local 0.2411 | F1_macro 0.6193 | WorstLoss 1.7545
[Tracker] Ep  473 | AvgR 0.0002 | Global 0.9463 | Local 0.1185 | F1_macro 0.6740 | WorstLoss 1.9453
[Tracker] Ep  474 | AvgR 0.0002 | Global 0.9447 | Local 0.1565 | F1_macro 0.6618 | WorstLoss 1.3469
[Tracker] Ep  475 | AvgR 0.0002 | Global 0.9299 | Local 0.1643 | F1_macro 0.6522 | WorstLoss 1.7487
[Tracker] Saved snapshot: ep0475_phase1_class1
[Tracker] Ep  476 | AvgR 0.0002 | Global 0.9143 | Local 0.1702 | F1_macro 0.6601 | WorstLoss 1.2703
[Tracker] Ep  477 | AvgR 0.0002 | Global 0.9365 | Local 0.1630 | F1_macro 0.6456 | WorstLoss 1.4789
[Tracker] Ep  478 | AvgR 0.0002 | Global 0.9132 | Local 0.1670 | F1_macro 0.6561 | WorstLoss 1.8737
[Tracker] Ep  479 | AvgR 0.0002 | Global 0.9228 | Local 0.1277 | F1_macro 0.6375 | WorstLoss 1.7636
[Tracker] Ep  480 | AvgR 0.0002 | Global 0.9129 | Local 0.1604 | F1_macro 0.6628 | WorstLoss 1.2406
[Tracker] Saved snapshot: ep0480_phase1_class1
[Tracker] Ep  481 | AvgR 0.0002 | Global 0.9255 | Local 0.1375 | F1_macro 0.6643 | WorstLoss 1.6519
[Tracker] Ep  482 | AvgR 0.0002 | Global 0.9257 | Local 0.1669 | F1_macro 0.6645 | WorstLoss 1.1509
[Tracker] Ep  483 | AvgR 0.0002 | Global 0.9273 | Local 0.1623 | F1_macro 0.6530 | WorstLoss 1.5371
[Tracker] Ep  484 | AvgR 0.0002 | Global 0.9260 | Local 0.1681 | F1_macro 0.6405 | WorstLoss 1.2319
[Tracker] Ep  485 | AvgR 0.0002 | Global 0.9291 | Local 0.1495 | F1_macro 0.6550 | WorstLoss 1.6654
[Tracker] Saved snapshot: ep0485_phase1_class1
[Tracker] Ep  486 | AvgR 0.0002 | Global 0.9121 | Local 0.1828 | F1_macro 0.6368 | WorstLoss 1.4187
[Tracker] Ep  487 | AvgR 0.0002 | Global 0.9191 | Local 0.1667 | F1_macro 0.6531 | WorstLoss 1.1377
[Tracker] Ep  488 | AvgR 0.0002 | Global 0.9573 | Local 0.1480 | F1_macro 0.6583 | WorstLoss 1.6498
[Tracker] Ep  489 | AvgR 0.0002 | Global 0.9280 | Local 0.1556 | F1_macro 0.6758 | WorstLoss 1.7955
[Tracker] Ep  490 | AvgR 0.0002 | Global 0.9071 | Local 0.1796 | F1_macro 0.6487 | WorstLoss 1.2550
[Tracker] Saved snapshot: ep0490_phase1_class1
[Tracker] Ep  491 | AvgR 0.0002 | Global 0.9273 | Local 0.1407 | F1_macro 0.6473 | WorstLoss 1.4951
[Tracker] Ep  492 | AvgR 0.0003 | Global 0.9284 | Local 0.1995 | F1_macro 0.6557 | WorstLoss 1.6124
[Tracker] Ep  493 | AvgR 0.0003 | Global 0.8968 | Local 0.2481 | F1_macro 0.6297 | WorstLoss 1.1504
[Tracker] Ep  494 | AvgR 0.0002 | Global 0.9169 | Local 0.1797 | F1_macro 0.6497 | WorstLoss 1.2999
[Tracker] Ep  495 | AvgR 0.0002 | Global 0.9277 | Local 0.1475 | F1_macro 0.6453 | WorstLoss 1.1728
[Tracker] Saved snapshot: ep0495_phase1_class1
[Tracker] Ep  496 | AvgR 0.0002 | Global 0.9391 | Local 0.1661 | F1_macro 0.6664 | WorstLoss 1.5501
[Tracker] Ep  497 | AvgR 0.0003 | Global 0.9275 | Local 0.2157 | F1_macro 0.6341 | WorstLoss 1.4448
[Tracker] Ep  498 | AvgR 0.0002 | Global 0.9316 | Local 0.1507 | F1_macro 0.6395 | WorstLoss 1.5978
[Tracker] Ep  499 | AvgR 0.0002 | Global 0.8972 | Local 0.1730 | F1_macro 0.6425 | WorstLoss 1.4484
[Tracker] Ep  500 | AvgR 0.0002 | Global 0.9331 | Local 0.1290 | F1_macro 0.6448 | WorstLoss 1.2015
[Tracker] Saved snapshot: ep0500_phase1_class1
[Tracker] Ep  501 | AvgR 0.0002 | Global 0.9070 | Local 0.1547 | F1_macro 0.6394 | WorstLoss 1.2140
[Tracker] Ep  502 | AvgR 0.0003 | Global 0.9378 | Local 0.2040 | F1_macro 0.6492 | WorstLoss 1.1964
[Tracker] Ep  503 | AvgR 0.0002 | Global 0.8901 | Local 0.1867 | F1_macro 0.6281 | WorstLoss 1.5641
[Tracker] Ep  504 | AvgR 0.0002 | Global 0.8943 | Local 0.1671 | F1_macro 0.6473 | WorstLoss 1.6038
[Tracker] Ep  505 | AvgR 0.0002 | Global 0.9294 | Local 0.1451 | F1_macro 0.6541 | WorstLoss 1.2416
[Tracker] Saved snapshot: ep0505_phase1_class1
[Tracker] Ep  506 | AvgR 0.0002 | Global 0.9511 | Local 0.1470 | F1_macro 0.6767 | WorstLoss 1.6311
[Tracker] Ep  507 | AvgR 0.0002 | Global 0.9381 | Local 0.1502 | F1_macro 0.6482 | WorstLoss 1.6803
[Tracker] Ep  508 | AvgR 0.0002 | Global 0.8937 | Local 0.1853 | F1_macro 0.6216 | WorstLoss 1.7584
[Tracker] Ep  509 | AvgR 0.0002 | Global 0.8131 | Local 0.1144 | F1_macro 0.6270 | WorstLoss 2.1243
[Tracker] Ep  510 | AvgR 0.0002 | Global 0.8783 | Local 0.1585 | F1_macro 0.6223 | WorstLoss 1.9893
[Tracker] Saved snapshot: ep0510_phase1_class1
[Tracker] Ep  511 | AvgR 0.0003 | Global 0.9296 | Local 0.2125 | F1_macro 0.6409 | WorstLoss 1.6057
[Tracker] Ep  512 | AvgR 0.0003 | Global 0.9121 | Local 0.1940 | F1_macro 0.6492 | WorstLoss 1.4808
[Tracker] Ep  513 | AvgR 0.0002 | Global 0.9450 | Local 0.1248 | F1_macro 0.6513 | WorstLoss 1.3118
[Tracker] Ep  514 | AvgR 0.0003 | Global 0.9411 | Local 0.1807 | F1_macro 0.6466 | WorstLoss 1.5693
[Tracker] Ep  515 | AvgR 0.0003 | Global 0.9287 | Local 0.1878 | F1_macro 0.6497 | WorstLoss 1.6552
[Tracker] Saved snapshot: ep0515_phase1_class1
[Tracker] Ep  516 | AvgR 0.0002 | Global 0.9384 | Local 0.1567 | F1_macro 0.6409 | WorstLoss 1.7095
[Tracker] Ep  517 | AvgR 0.0002 | Global 0.9398 | Local 0.1503 | F1_macro 0.6764 | WorstLoss 1.8525
[Tracker] Ep  518 | AvgR 0.0002 | Global 0.9104 | Local 0.1635 | F1_macro 0.6235 | WorstLoss 1.6612
[Tracker] Ep  519 | AvgR 0.0003 | Global 0.9262 | Local 0.1954 | F1_macro 0.6507 | WorstLoss 1.4243
[Tracker] Ep  520 | AvgR 0.0002 | Global 0.8997 | Local 0.1628 | F1_macro 0.6364 | WorstLoss 1.8411
[Tracker] Saved snapshot: ep0520_phase1_class1
[Tracker] Ep  521 | AvgR 0.0002 | Global 0.8853 | Local 0.1688 | F1_macro 0.6236 | WorstLoss 1.6702
[Tracker] Ep  522 | AvgR 0.0002 | Global 0.9257 | Local 0.1532 | F1_macro 0.6488 | WorstLoss 1.6210
[Tracker] Ep  523 | AvgR 0.0003 | Global 0.9064 | Local 0.2066 | F1_macro 0.6388 | WorstLoss 1.4595
[Tracker] Ep  524 | AvgR 0.0003 | Global 0.9167 | Local 0.2016 | F1_macro 0.6165 | WorstLoss 1.8463
[Tracker] Ep  525 | AvgR 0.0002 | Global 0.9300 | Local 0.1517 | F1_macro 0.6483 | WorstLoss 1.4335
[Tracker] Saved snapshot: ep0525_phase1_class1
[Tracker] Ep  526 | AvgR 0.0002 | Global 0.9165 | Local 0.1763 | F1_macro 0.6383 | WorstLoss 1.7589
[Tracker] Ep  527 | AvgR 0.0003 | Global 0.9455 | Local 0.1734 | F1_macro 0.6463 | WorstLoss 1.3385
[Tracker] Ep  528 | AvgR 0.0003 | Global 0.9276 | Local 0.1826 | F1_macro 0.6427 | WorstLoss 1.4774
[Tracker] Ep  529 | AvgR 0.0002 | Global 0.8846 | Local 0.1949 | F1_macro 0.6142 | WorstLoss 1.1777
[Tracker] Ep  530 | AvgR 0.0003 | Global 0.9298 | Local 0.2286 | F1_macro 0.6495 | WorstLoss 1.7970
[Tracker] Saved snapshot: ep0530_phase1_class1
[Tracker] Ep  531 | AvgR 0.0003 | Global 0.9165 | Local 0.2324 | F1_macro 0.6334 | WorstLoss 1.5202
[Tracker] Ep  532 | AvgR 0.0003 | Global 0.9137 | Local 0.2285 | F1_macro 0.6459 | WorstLoss 1.5420
[Tracker] Ep  533 | AvgR 0.0002 | Global 0.9304 | Local 0.1482 | F1_macro 0.6484 | WorstLoss 1.9321
[Tracker] Ep  534 | AvgR 0.0003 | Global 0.9144 | Local 0.1918 | F1_macro 0.6532 | WorstLoss 1.6606
[Tracker] Ep  535 | AvgR 0.0003 | Global 0.8992 | Local 0.2192 | F1_macro 0.6257 | WorstLoss 1.2360
[Tracker] Saved snapshot: ep0535_phase1_class1
[Tracker] Ep  536 | AvgR 0.0002 | Global 0.9251 | Local 0.1363 | F1_macro 0.6438 | WorstLoss 1.1398
[Tracker] Ep  537 | AvgR 0.0002 | Global 0.9243 | Local 0.1492 | F1_macro 0.6316 | WorstLoss 1.8469
[Tracker] Ep  538 | AvgR 0.0002 | Global 0.8827 | Local 0.1649 | F1_macro 0.6148 | WorstLoss 1.7353
[Tracker] Ep  539 | AvgR 0.0002 | Global 0.8810 | Local 0.1787 | F1_macro 0.6134 | WorstLoss 1.7036
[Tracker] Ep  540 | AvgR 0.0003 | Global 0.9406 | Local 0.2040 | F1_macro 0.6636 | WorstLoss 1.6633
[Tracker] Saved snapshot: ep0540_phase1_class1
[Tracker] Ep  541 | AvgR 0.0002 | Global 0.9244 | Local 0.1407 | F1_macro 0.6692 | WorstLoss 1.7059
[Tracker] Ep  542 | AvgR 0.0003 | Global 0.9076 | Local 0.2389 | F1_macro 0.6350 | WorstLoss 1.5993
[Tracker] Ep  543 | AvgR 0.0003 | Global 0.9033 | Local 0.2038 | F1_macro 0.6252 | WorstLoss 1.6239
[Tracker] Ep  544 | AvgR 0.0002 | Global 0.9014 | Local 0.1745 | F1_macro 0.6293 | WorstLoss 1.9833
[Tracker] Ep  545 | AvgR 0.0002 | Global 0.8652 | Local 0.1929 | F1_macro 0.6232 | WorstLoss 1.7943
[Tracker] Saved snapshot: ep0545_phase1_class1
[Tracker] Ep  546 | AvgR 0.0003 | Global 0.9233 | Local 0.2505 | F1_macro 0.6624 | WorstLoss 1.2808
[Tracker] Ep  547 | AvgR 0.0003 | Global 0.9515 | Local 0.1790 | F1_macro 0.6699 | WorstLoss 1.5473
[Tracker] Ep  548 | AvgR 0.0002 | Global 0.9347 | Local 0.1307 | F1_macro 0.6454 | WorstLoss 1.6714
[Tracker] Ep  549 | AvgR 0.0002 | Global 0.9425 | Local 0.1544 | F1_macro 0.6655 | WorstLoss 1.1879
[Tracker] Ep  550 | AvgR 0.0002 | Global 0.8694 | Local 0.2043 | F1_macro 0.6250 | WorstLoss 2.0221
[Tracker] Saved snapshot: ep0550_phase1_class1
[Tracker] Ep  551 | AvgR 0.0002 | Global 0.9450 | Local 0.1021 | F1_macro 0.6541 | WorstLoss 1.7564
[Tracker] Ep  552 | AvgR 0.0002 | Global 0.8802 | Local 0.1960 | F1_macro 0.6527 | WorstLoss 1.4329
[Tracker] Ep  553 | AvgR 0.0002 | Global 0.8730 | Local 0.1994 | F1_macro 0.6044 | WorstLoss 1.8830
[Tracker] Ep  554 | AvgR 0.0002 | Global 0.9004 | Local 0.1576 | F1_macro 0.6295 | WorstLoss 1.9105
[Tracker] Ep  555 | AvgR 0.0002 | Global 0.6872 | Local 0.1181 | F1_macro 0.6261 | WorstLoss 2.2216
[Tracker] Saved snapshot: ep0555_phase1_class1
[Tracker] Ep  556 | AvgR 0.0002 | Global 0.8955 | Local 0.1527 | F1_macro 0.6285 | WorstLoss 1.6644
[Tracker] Ep  557 | AvgR 0.0002 | Global 0.9306 | Local 0.1484 | F1_macro 0.6471 | WorstLoss 1.7733
[Tracker] Ep  558 | AvgR 0.0002 | Global 0.8702 | Local 0.1610 | F1_macro 0.6445 | WorstLoss 2.0471
[Tracker] Ep  559 | AvgR 0.0002 | Global 0.5095 | Local 0.1479 | F1_macro 0.6552 | WorstLoss 2.3137
[Tracker] Ep  560 | AvgR 0.0002 | Global 0.9278 | Local 0.1422 | F1_macro 0.6382 | WorstLoss 1.8199
[Tracker] Saved snapshot: ep0560_phase1_class1
[Tracker] Ep  561 | AvgR 0.0002 | Global 0.9475 | Local 0.1480 | F1_macro 0.6517 | WorstLoss 1.4285
[Tracker] Ep  562 | AvgR 0.0002 | Global 0.9054 | Local 0.1522 | F1_macro 0.6381 | WorstLoss 1.4458
[Tracker] Ep  563 | AvgR 0.0003 | Global 0.9164 | Local 0.2138 | F1_macro 0.6395 | WorstLoss 1.4342
[Tracker] Ep  564 | AvgR 0.0003 | Global 0.9160 | Local 0.1862 | F1_macro 0.6510 | WorstLoss 1.6149
[Tracker] Ep  565 | AvgR 0.0003 | Global 0.9362 | Local 0.2482 | F1_macro 0.6326 | WorstLoss 1.4206
[Tracker] Saved snapshot: ep0565_phase1_class1
[Tracker] Ep  566 | AvgR 0.0003 | Global 0.8932 | Local 0.2311 | F1_macro 0.6339 | WorstLoss 1.5739
[Tracker] Ep  567 | AvgR 0.0002 | Global 0.9224 | Local 0.1571 | F1_macro 0.6471 | WorstLoss 1.2007
[Tracker] Ep  568 | AvgR 0.0003 | Global 0.9625 | Local 0.1740 | F1_macro 0.6696 | WorstLoss 1.3238
[Tracker] Ep  569 | AvgR 0.0002 | Global 0.9262 | Local 0.1535 | F1_macro 0.6496 | WorstLoss 1.7425
[Tracker] Ep  570 | AvgR 0.0003 | Global 0.9128 | Local 0.2021 | F1_macro 0.6429 | WorstLoss 1.2308
[Tracker] Saved snapshot: ep0570_phase1_class1
[Tracker] Ep  571 | AvgR 0.0003 | Global 0.9274 | Local 0.1657 | F1_macro 0.6560 | WorstLoss 1.4309
[Tracker] Ep  572 | AvgR 0.0002 | Global 0.9089 | Local 0.1559 | F1_macro 0.6411 | WorstLoss 1.2791
[Tracker] Ep  573 | AvgR 0.0002 | Global 0.9109 | Local 0.1388 | F1_macro 0.6378 | WorstLoss 1.5716
[Tracker] Ep  574 | AvgR 0.0003 | Global 0.9256 | Local 0.2017 | F1_macro 0.6297 | WorstLoss 1.4621
[Tracker] Ep  575 | AvgR 0.0003 | Global 0.9574 | Local 0.1498 | F1_macro 0.6750 | WorstLoss 1.3432
[Tracker] Saved snapshot: ep0575_phase1_class1
[Tracker] Ep  576 | AvgR 0.0003 | Global 0.9110 | Local 0.1854 | F1_macro 0.6199 | WorstLoss 1.7028
[Tracker] Ep  577 | AvgR 0.0002 | Global 0.9261 | Local 0.1415 | F1_macro 0.6513 | WorstLoss 1.1923
[Tracker] Ep  578 | AvgR 0.0003 | Global 0.8933 | Local 0.1949 | F1_macro 0.6198 | WorstLoss 1.7492
[Tracker] Ep  579 | AvgR 0.0003 | Global 0.9361 | Local 0.1692 | F1_macro 0.6562 | WorstLoss 1.4136
[Tracker] Ep  580 | AvgR 0.0003 | Global 0.9489 | Local 0.1577 | F1_macro 0.6485 | WorstLoss 1.3979
[Tracker] Saved snapshot: ep0580_phase1_class1
[Tracker] Ep  581 | AvgR 0.0003 | Global 0.9140 | Local 0.1991 | F1_macro 0.6402 | WorstLoss 1.2163
[Tracker] Ep  582 | AvgR 0.0003 | Global 0.9463 | Local 0.1582 | F1_macro 0.6630 | WorstLoss 1.5896
[Tracker] Ep  583 | AvgR 0.0003 | Global 0.9283 | Local 0.1895 | F1_macro 0.6604 | WorstLoss 1.5340
[Tracker] Ep  584 | AvgR 0.0003 | Global 0.9357 | Local 0.2037 | F1_macro 0.6677 | WorstLoss 1.1031
[Tracker] Ep  585 | AvgR 0.0003 | Global 0.9189 | Local 0.2353 | F1_macro 0.6606 | WorstLoss 1.2162
[Tracker] Saved snapshot: ep0585_phase1_class1
[Tracker] Ep  586 | AvgR 0.0003 | Global 0.9579 | Local 0.1430 | F1_macro 0.6641 | WorstLoss 1.6274
[Tracker] Ep  587 | AvgR 0.0003 | Global 0.9062 | Local 0.1771 | F1_macro 0.6165 | WorstLoss 1.3550
[Tracker] Ep  588 | AvgR 0.0003 | Global 0.9184 | Local 0.1976 | F1_macro 0.6503 | WorstLoss 1.7196
[Tracker] Ep  589 | AvgR 0.0003 | Global 0.9259 | Local 0.1611 | F1_macro 0.6549 | WorstLoss 1.5622
[Tracker] Ep  590 | AvgR 0.0002 | Global 0.9167 | Local 0.1604 | F1_macro 0.6178 | WorstLoss 1.3063
[Tracker] Saved snapshot: ep0590_phase1_class1
[Tracker] Ep  591 | AvgR 0.0003 | Global 0.9340 | Local 0.2522 | F1_macro 0.6500 | WorstLoss 1.4573
[Tracker] Ep  592 | AvgR 0.0002 | Global 0.9355 | Local 0.1449 | F1_macro 0.6377 | WorstLoss 1.9125
[Tracker] Ep  593 | AvgR 0.0003 | Global 0.9110 | Local 0.1887 | F1_macro 0.6416 | WorstLoss 1.7542
[Tracker] Ep  594 | AvgR 0.0002 | Global 0.9123 | Local 0.1336 | F1_macro 0.6504 | WorstLoss 1.6496
[Tracker] Ep  595 | AvgR 0.0003 | Global 0.9056 | Local 0.2104 | F1_macro 0.6422 | WorstLoss 1.8119
[Tracker] Saved snapshot: ep0595_phase1_class1
[Tracker] Ep  596 | AvgR 0.0003 | Global 0.9281 | Local 0.1606 | F1_macro 0.6326 | WorstLoss 1.2915
[Tracker] Ep  597 | AvgR 0.0003 | Global 0.8946 | Local 0.1985 | F1_macro 0.6154 | WorstLoss 1.4143
[Tracker] Ep  598 | AvgR 0.0003 | Global 0.8893 | Local 0.2106 | F1_macro 0.6041 | WorstLoss 1.4206
[Tracker] Ep  599 | AvgR 0.0003 | Global 0.9062 | Local 0.1765 | F1_macro 0.6412 | WorstLoss 1.3592
[Tracker] Ep  600 | AvgR 0.0002 | Global 0.8948 | Local 0.1320 | F1_macro 0.6351 | WorstLoss 1.8426
[Tracker] Saved snapshot: ep0600_phase1_class1
[Tracker] Ep  601 | AvgR 0.0003 | Global 0.9158 | Local 0.1712 | F1_macro 0.6358 | WorstLoss 1.4591
[Tracker] Ep  602 | AvgR 0.0003 | Global 0.9123 | Local 0.1636 | F1_macro 0.6445 | WorstLoss 1.7226
[Tracker] Ep  603 | AvgR 0.0003 | Global 0.9461 | Local 0.1561 | F1_macro 0.6497 | WorstLoss 1.0855
[Tracker] Ep  604 | AvgR 0.0003 | Global 0.9238 | Local 0.1811 | F1_macro 0.6196 | WorstLoss 1.5486
[Tracker] Ep  605 | AvgR 0.0003 | Global 0.9319 | Local 0.2011 | F1_macro 0.6558 | WorstLoss 1.2779
[Tracker] Saved snapshot: ep0605_phase1_class1
[Tracker] Ep  606 | AvgR 0.0003 | Global 0.9673 | Local 0.1582 | F1_macro 0.6751 | WorstLoss 1.5487
[Tracker] Ep  607 | AvgR 0.0003 | Global 0.9034 | Local 0.2197 | F1_macro 0.6296 | WorstLoss 1.6114
[Tracker] Ep  608 | AvgR 0.0003 | Global 0.8874 | Local 0.1815 | F1_macro 0.6213 | WorstLoss 1.4338
[Tracker] Ep  609 | AvgR 0.0003 | Global 0.8893 | Local 0.2336 | F1_macro 0.6252 | WorstLoss 1.4621
[Tracker] Ep  610 | AvgR 0.0003 | Global 0.9361 | Local 0.1882 | F1_macro 0.6599 | WorstLoss 1.6351
[Tracker] Saved snapshot: ep0610_phase1_class1
[Tracker] Ep  611 | AvgR 0.0002 | Global 0.9191 | Local 0.1434 | F1_macro 0.6399 | WorstLoss 1.3699
[Tracker] Ep  612 | AvgR 0.0003 | Global 0.8984 | Local 0.1849 | F1_macro 0.6339 | WorstLoss 1.7808
[Tracker] Ep  613 | AvgR 0.0003 | Global 0.9404 | Local 0.1590 | F1_macro 0.6681 | WorstLoss 1.3439
[Tracker] Ep  614 | AvgR 0.0002 | Global 0.8979 | Local 0.1661 | F1_macro 0.6397 | WorstLoss 1.7959
[Tracker] Ep  615 | AvgR 0.0003 | Global 0.9247 | Local 0.1707 | F1_macro 0.6569 | WorstLoss 1.1750
[Tracker] Saved snapshot: ep0615_phase1_class1
[Tracker] Ep  616 | AvgR 0.0002 | Global 0.9362 | Local 0.1330 | F1_macro 0.6610 | WorstLoss 1.2838
[Tracker] Ep  617 | AvgR 0.0003 | Global 0.9635 | Local 0.1570 | F1_macro 0.6674 | WorstLoss 1.2533
[Tracker] Ep  618 | AvgR 0.0003 | Global 0.9284 | Local 0.1481 | F1_macro 0.6629 | WorstLoss 1.2791
[Tracker] Ep  619 | AvgR 0.0003 | Global 0.9334 | Local 0.1959 | F1_macro 0.6528 | WorstLoss 1.8458
[Tracker] Ep  620 | AvgR 0.0003 | Global 0.8889 | Local 0.1854 | F1_macro 0.6305 | WorstLoss 1.7204
[Tracker] Saved snapshot: ep0620_phase1_class1
[Tracker] Ep  621 | AvgR 0.0002 | Global 0.9342 | Local 0.1124 | F1_macro 0.6396 | WorstLoss 1.5098
[Tracker] Ep  622 | AvgR 0.0003 | Global 0.9469 | Local 0.1655 | F1_macro 0.6462 | WorstLoss 1.2337
[Tracker] Ep  623 | AvgR 0.0003 | Global 0.9207 | Local 0.1922 | F1_macro 0.6486 | WorstLoss 1.3658
[Tracker] Ep  624 | AvgR 0.0003 | Global 0.9184 | Local 0.2048 | F1_macro 0.6414 | WorstLoss 1.4196
[Tracker] Ep  625 | AvgR 0.0003 | Global 0.9125 | Local 0.1539 | F1_macro 0.6411 | WorstLoss 1.5013
[Tracker] Saved snapshot: ep0625_phase1_class1
[Tracker] Ep  626 | AvgR 0.0003 | Global 0.8914 | Local 0.1864 | F1_macro 0.6358 | WorstLoss 1.4347
[Tracker] Ep  627 | AvgR 0.0003 | Global 0.9450 | Local 0.1444 | F1_macro 0.6731 | WorstLoss 1.3423
[Tracker] Ep  628 | AvgR 0.0002 | Global 0.8938 | Local 0.1648 | F1_macro 0.6216 | WorstLoss 1.3713
[Tracker] Ep  629 | AvgR 0.0003 | Global 0.9363 | Local 0.2002 | F1_macro 0.6678 | WorstLoss 1.6423
[Tracker] Ep  630 | AvgR 0.0003 | Global 0.9478 | Local 0.1672 | F1_macro 0.6400 | WorstLoss 1.4684
[Tracker] Saved snapshot: ep0630_phase1_class1
[Tracker] Ep  631 | AvgR 0.0003 | Global 0.9488 | Local 0.1689 | F1_macro 0.6589 | WorstLoss 1.5060
[Tracker] Ep  632 | AvgR 0.0003 | Global 0.9203 | Local 0.1682 | F1_macro 0.6447 | WorstLoss 1.2197
[Tracker] Ep  633 | AvgR 0.0003 | Global 0.9118 | Local 0.1693 | F1_macro 0.6563 | WorstLoss 1.1882
[Tracker] Ep  634 | AvgR 0.0003 | Global 0.9225 | Local 0.2065 | F1_macro 0.6511 | WorstLoss 1.2369
[Tracker] Ep  635 | AvgR 0.0003 | Global 0.9258 | Local 0.1931 | F1_macro 0.6474 | WorstLoss 1.5623
[Tracker] Saved snapshot: ep0635_phase1_class1
[Tracker] Ep  636 | AvgR 0.0003 | Global 0.9374 | Local 0.1695 | F1_macro 0.6484 | WorstLoss 1.6686
[Tracker] Ep  637 | AvgR 0.0003 | Global 0.8958 | Local 0.1828 | F1_macro 0.6229 | WorstLoss 1.7546
[Tracker] Ep  638 | AvgR 0.0003 | Global 0.9550 | Local 0.1492 | F1_macro 0.6650 | WorstLoss 1.3873
[Tracker] Ep  639 | AvgR 0.0003 | Global 0.9222 | Local 0.1584 | F1_macro 0.6263 | WorstLoss 1.6361
[Tracker] Ep  640 | AvgR 0.0003 | Global 0.9198 | Local 0.2230 | F1_macro 0.6335 | WorstLoss 1.6397
[Tracker] Saved snapshot: ep0640_phase1_class1
[Tracker] Ep  641 | AvgR 0.0003 | Global 0.9157 | Local 0.1560 | F1_macro 0.6341 | WorstLoss 1.5608
[Tracker] Ep  642 | AvgR 0.0003 | Global 0.9181 | Local 0.1581 | F1_macro 0.6401 | WorstLoss 1.5491
[Tracker] Ep  643 | AvgR 0.0003 | Global 0.9223 | Local 0.1938 | F1_macro 0.6256 | WorstLoss 1.2706
[Tracker] Ep  644 | AvgR 0.0003 | Global 0.9103 | Local 0.1613 | F1_macro 0.6513 | WorstLoss 1.5112
[Tracker] Ep  645 | AvgR 0.0003 | Global 0.9180 | Local 0.1840 | F1_macro 0.6445 | WorstLoss 1.1445
[Tracker] Saved snapshot: ep0645_phase1_class1
[Tracker] Ep  646 | AvgR 0.0003 | Global 0.9226 | Local 0.1679 | F1_macro 0.6493 | WorstLoss 1.6348
[Tracker] Ep  647 | AvgR 0.0003 | Global 0.9179 | Local 0.1896 | F1_macro 0.6532 | WorstLoss 1.1883
[Tracker] Ep  648 | AvgR 0.0002 | Global 0.9228 | Local 0.1263 | F1_macro 0.6532 | WorstLoss 1.2738
[Tracker] Ep  649 | AvgR 0.0003 | Global 0.9241 | Local 0.1670 | F1_macro 0.6417 | WorstLoss 1.4080
[Tracker] Ep  650 | AvgR 0.0003 | Global 0.9072 | Local 0.1626 | F1_macro 0.6361 | WorstLoss 1.4319
[Tracker] Saved snapshot: ep0650_phase1_class1
[Tracker] Ep  651 | AvgR 0.0003 | Global 0.9095 | Local 0.1850 | F1_macro 0.6602 | WorstLoss 1.2952
[Tracker] Ep  652 | AvgR 0.0003 | Global 0.9318 | Local 0.1727 | F1_macro 0.6594 | WorstLoss 1.5058
[Tracker] Ep  653 | AvgR 0.0003 | Global 0.9137 | Local 0.1968 | F1_macro 0.6240 | WorstLoss 1.3773
[Tracker] Ep  654 | AvgR 0.0002 | Global 0.8394 | Local 0.1586 | F1_macro 0.6522 | WorstLoss 2.1053
[Tracker] Ep  655 | AvgR 0.0003 | Global 0.9182 | Local 0.1940 | F1_macro 0.6591 | WorstLoss 1.7514
[Tracker] Saved snapshot: ep0655_phase1_class1
[Tracker] Ep  656 | AvgR 0.0003 | Global 0.8789 | Local 0.2076 | F1_macro 0.6177 | WorstLoss 1.3823
[Tracker] Ep  657 | AvgR 0.0003 | Global 0.9106 | Local 0.1730 | F1_macro 0.6364 | WorstLoss 1.5992
[Tracker] Ep  658 | AvgR 0.0003 | Global 0.9293 | Local 0.1789 | F1_macro 0.6746 | WorstLoss 1.4404
[Tracker] Ep  659 | AvgR 0.0003 | Global 0.8953 | Local 0.2324 | F1_macro 0.6282 | WorstLoss 1.0897
[Tracker] Ep  660 | AvgR 0.0003 | Global 0.8883 | Local 0.1854 | F1_macro 0.6345 | WorstLoss 1.7353
[Tracker] Saved snapshot: ep0660_phase1_class1
[Tracker] Ep  661 | AvgR 0.0003 | Global 0.9268 | Local 0.1788 | F1_macro 0.6525 | WorstLoss 1.2676
[Tracker] Ep  662 | AvgR 0.0003 | Global 0.9112 | Local 0.2016 | F1_macro 0.6244 | WorstLoss 1.2273
[Tracker] Ep  663 | AvgR 0.0003 | Global 0.9043 | Local 0.1949 | F1_macro 0.6628 | WorstLoss 1.7137
[Tracker] Ep  664 | AvgR 0.0003 | Global 0.9545 | Local 0.1648 | F1_macro 0.6583 | WorstLoss 1.0599
[Tracker] Ep  665 | AvgR 0.0003 | Global 0.8799 | Local 0.2066 | F1_macro 0.6345 | WorstLoss 1.6587
[Tracker] Saved snapshot: ep0665_phase1_class1
[Tracker] Ep  666 | AvgR 0.0003 | Global 0.9371 | Local 0.1405 | F1_macro 0.6339 | WorstLoss 1.3525
[Tracker] Ep  667 | AvgR 0.0003 | Global 0.9538 | Local 0.1416 | F1_macro 0.6585 | WorstLoss 1.5333
[Tracker] Ep  668 | AvgR 0.0003 | Global 0.9251 | Local 0.1794 | F1_macro 0.6552 | WorstLoss 1.5117
[Tracker] Ep  669 | AvgR 0.0003 | Global 0.9247 | Local 0.1971 | F1_macro 0.6490 | WorstLoss 1.5344
[Tracker] Ep  670 | AvgR 0.0003 | Global 0.9075 | Local 0.1655 | F1_macro 0.6359 | WorstLoss 1.6820
[Tracker] Saved snapshot: ep0670_phase1_class1
[Tracker] Ep  671 | AvgR 0.0003 | Global 0.8988 | Local 0.1735 | F1_macro 0.6499 | WorstLoss 1.1965
[Tracker] Ep  672 | AvgR 0.0002 | Global 0.9235 | Local 0.1245 | F1_macro 0.6391 | WorstLoss 1.1479
[Tracker] Ep  673 | AvgR 0.0003 | Global 0.9202 | Local 0.2118 | F1_macro 0.6346 | WorstLoss 1.3309
[Tracker] Ep  674 | AvgR 0.0003 | Global 0.9260 | Local 0.1358 | F1_macro 0.6519 | WorstLoss 1.4689
[Tracker] Ep  675 | AvgR 0.0003 | Global 0.9361 | Local 0.1316 | F1_macro 0.6543 | WorstLoss 1.8563
[Tracker] Saved snapshot: ep0675_phase1_class1
[Tracker] Ep  676 | AvgR 0.0003 | Global 0.9166 | Local 0.2006 | F1_macro 0.6300 | WorstLoss 1.5166
[Tracker] Ep  677 | AvgR 0.0003 | Global 0.9153 | Local 0.2182 | F1_macro 0.6465 | WorstLoss 1.1765
[Tracker] Ep  678 | AvgR 0.0003 | Global 0.9454 | Local 0.1911 | F1_macro 0.6609 | WorstLoss 1.4362
[Tracker] Ep  679 | AvgR 0.0003 | Global 0.9528 | Local 0.1517 | F1_macro 0.6615 | WorstLoss 1.3761
[Tracker] Ep  680 | AvgR 0.0003 | Global 0.9426 | Local 0.1955 | F1_macro 0.6565 | WorstLoss 1.4573
[Tracker] Saved snapshot: ep0680_phase1_class1
[Tracker] Ep  681 | AvgR 0.0003 | Global 0.9396 | Local 0.1455 | F1_macro 0.6794 | WorstLoss 1.2797
[Tracker] Ep  682 | AvgR 0.0003 | Global 0.9133 | Local 0.1832 | F1_macro 0.6384 | WorstLoss 1.6856
[Tracker] Ep  683 | AvgR 0.0003 | Global 0.9148 | Local 0.2380 | F1_macro 0.6456 | WorstLoss 1.2309
[Tracker] Ep  684 | AvgR 0.0003 | Global 0.9255 | Local 0.1544 | F1_macro 0.6472 | WorstLoss 1.1913
[Tracker] Ep  685 | AvgR 0.0003 | Global 0.9417 | Local 0.1607 | F1_macro 0.6678 | WorstLoss 1.4425
[Tracker] Saved snapshot: ep0685_phase1_class1
[Tracker] Ep  686 | AvgR 0.0003 | Global 0.9198 | Local 0.1790 | F1_macro 0.6502 | WorstLoss 1.7733
[Tracker] Ep  687 | AvgR 0.0003 | Global 0.9480 | Local 0.1327 | F1_macro 0.6637 | WorstLoss 1.4697
[Tracker] Ep  688 | AvgR 0.0003 | Global 0.9118 | Local 0.1530 | F1_macro 0.6444 | WorstLoss 1.5830
[Tracker] Ep  689 | AvgR 0.0003 | Global 0.9301 | Local 0.2164 | F1_macro 0.6403 | WorstLoss 1.2618
[Tracker] Ep  690 | AvgR 0.0003 | Global 0.9297 | Local 0.1461 | F1_macro 0.6681 | WorstLoss 1.5803
[Tracker] Saved snapshot: ep0690_phase1_class1
[Tracker] Ep  691 | AvgR 0.0003 | Global 0.9212 | Local 0.1324 | F1_macro 0.6426 | WorstLoss 1.5073
[Tracker] Ep  692 | AvgR 0.0003 | Global 0.9325 | Local 0.1502 | F1_macro 0.6316 | WorstLoss 1.5718
[Tracker] Ep  693 | AvgR 0.0003 | Global 0.9128 | Local 0.1849 | F1_macro 0.6500 | WorstLoss 1.4344
[Tracker] Ep  694 | AvgR 0.0003 | Global 0.9089 | Local 0.1694 | F1_macro 0.6554 | WorstLoss 1.9130
[Tracker] Ep  695 | AvgR 0.0003 | Global 0.9460 | Local 0.1784 | F1_macro 0.6546 | WorstLoss 1.6993
[Tracker] Saved snapshot: ep0695_phase1_class1
[Tracker] Ep  696 | AvgR 0.0003 | Global 0.9389 | Local 0.1917 | F1_macro 0.6448 | WorstLoss 1.7089
[Tracker] Ep  697 | AvgR 0.0003 | Global 0.9324 | Local 0.1104 | F1_macro 0.6520 | WorstLoss 1.2927
[Tracker] Ep  698 | AvgR 0.0003 | Global 0.9383 | Local 0.1475 | F1_macro 0.6586 | WorstLoss 1.3375
[Tracker] Ep  699 | AvgR 0.0003 | Global 0.9272 | Local 0.1608 | F1_macro 0.6498 | WorstLoss 1.3158
[Tracker] Ep  700 | AvgR 0.0003 | Global 0.9347 | Local 0.1560 | F1_macro 0.6395 | WorstLoss 1.2277
[Tracker] Saved snapshot: ep0700_phase1_class1
[Tracker] Ep  701 | AvgR 0.0003 | Global 0.9286 | Local 0.1683 | F1_macro 0.6553 | WorstLoss 1.5145
[Tracker] Ep  702 | AvgR 0.0003 | Global 0.9125 | Local 0.1679 | F1_macro 0.6345 | WorstLoss 1.1988
[Tracker] Ep  703 | AvgR 0.0003 | Global 0.9242 | Local 0.1691 | F1_macro 0.6349 | WorstLoss 1.4801
[Tracker] Ep  704 | AvgR 0.0003 | Global 0.9189 | Local 0.1654 | F1_macro 0.6315 | WorstLoss 1.4394
[Tracker] Ep  705 | AvgR 0.0003 | Global 0.8883 | Local 0.1749 | F1_macro 0.6220 | WorstLoss 1.4498
[Tracker] Saved snapshot: ep0705_phase1_class1
[Tracker] Ep  706 | AvgR 0.0003 | Global 0.9533 | Local 0.1741 | F1_macro 0.6439 | WorstLoss 1.3831
[Tracker] Ep  707 | AvgR 0.0003 | Global 0.9260 | Local 0.1289 | F1_macro 0.6501 | WorstLoss 1.3367
[Tracker] Ep  708 | AvgR 0.0003 | Global 0.9241 | Local 0.1348 | F1_macro 0.6401 | WorstLoss 1.4165
[Tracker] Ep  709 | AvgR 0.0003 | Global 0.9412 | Local 0.1347 | F1_macro 0.6659 | WorstLoss 1.2818
[Tracker] Ep  710 | AvgR 0.0003 | Global 0.9519 | Local 0.1569 | F1_macro 0.6652 | WorstLoss 1.1341
[Tracker] Saved snapshot: ep0710_phase1_class1
[Tracker] Ep  711 | AvgR 0.0003 | Global 0.9265 | Local 0.2022 | F1_macro 0.6512 | WorstLoss 1.1801
[Tracker] Ep  712 | AvgR 0.0003 | Global 0.9404 | Local 0.1430 | F1_macro 0.6525 | WorstLoss 1.1538
[Tracker] Ep  713 | AvgR 0.0003 | Global 0.9456 | Local 0.1395 | F1_macro 0.6701 | WorstLoss 1.1424
[Tracker] Ep  714 | AvgR 0.0003 | Global 0.9498 | Local 0.1746 | F1_macro 0.6498 | WorstLoss 1.3219
[Tracker] Ep  715 | AvgR 0.0003 | Global 0.9267 | Local 0.1547 | F1_macro 0.6368 | WorstLoss 1.5370
[Tracker] Saved snapshot: ep0715_phase1_class1
[Tracker] Ep  716 | AvgR 0.0003 | Global 0.9175 | Local 0.1882 | F1_macro 0.6416 | WorstLoss 1.2779
[Tracker] Ep  717 | AvgR 0.0003 | Global 0.9142 | Local 0.1776 | F1_macro 0.6444 | WorstLoss 1.6032
[Tracker] Ep  718 | AvgR 0.0003 | Global 0.9534 | Local 0.1850 | F1_macro 0.6684 | WorstLoss 1.2867
[Tracker] Ep  719 | AvgR 0.0003 | Global 0.9082 | Local 0.2162 | F1_macro 0.6452 | WorstLoss 1.4094
[Tracker] Ep  720 | AvgR 0.0003 | Global 0.9252 | Local 0.1700 | F1_macro 0.6643 | WorstLoss 1.1618
[Tracker] Saved snapshot: ep0720_phase1_class1
[Tracker] Ep  721 | AvgR 0.0003 | Global 0.9149 | Local 0.1462 | F1_macro 0.6390 | WorstLoss 1.5612
[Tracker] Ep  722 | AvgR 0.0003 | Global 0.9253 | Local 0.1982 | F1_macro 0.6304 | WorstLoss 1.3073
[Tracker] Ep  723 | AvgR 0.0003 | Global 0.9376 | Local 0.1616 | F1_macro 0.6579 | WorstLoss 1.2424
[Tracker] Ep  724 | AvgR 0.0003 | Global 0.9250 | Local 0.2008 | F1_macro 0.6433 | WorstLoss 1.3189
[Tracker] Ep  725 | AvgR 0.0003 | Global 0.9457 | Local 0.1610 | F1_macro 0.6551 | WorstLoss 1.3462
[Tracker] Saved snapshot: ep0725_phase1_class1
[Tracker] Ep  726 | AvgR 0.0003 | Global 0.9483 | Local 0.1679 | F1_macro 0.6649 | WorstLoss 1.2603
[Tracker] Ep  727 | AvgR 0.0003 | Global 0.9106 | Local 0.1773 | F1_macro 0.6259 | WorstLoss 1.1912
[Tracker] Ep  728 | AvgR 0.0003 | Global 0.9417 | Local 0.1494 | F1_macro 0.6548 | WorstLoss 1.3259
[Tracker] Ep  729 | AvgR 0.0003 | Global 0.9334 | Local 0.2142 | F1_macro 0.6544 | WorstLoss 1.1792
[Tracker] Ep  730 | AvgR 0.0003 | Global 0.8901 | Local 0.1856 | F1_macro 0.6357 | WorstLoss 1.1873
[Tracker] Saved snapshot: ep0730_phase1_class1
[Tracker] Ep  731 | AvgR 0.0003 | Global 0.9392 | Local 0.1733 | F1_macro 0.6499 | WorstLoss 1.2436
[Tracker] Ep  732 | AvgR 0.0003 | Global 0.9009 | Local 0.1774 | F1_macro 0.6397 | WorstLoss 1.4768
[Tracker] Ep  733 | AvgR 0.0003 | Global 0.9387 | Local 0.1507 | F1_macro 0.6702 | WorstLoss 1.1493
[Tracker] Ep  734 | AvgR 0.0003 | Global 0.9127 | Local 0.2001 | F1_macro 0.6332 | WorstLoss 1.0993
[Tracker] Ep  735 | AvgR 0.0003 | Global 0.9296 | Local 0.1290 | F1_macro 0.6415 | WorstLoss 1.3194
[Tracker] Saved snapshot: ep0735_phase1_class1
[Tracker] Ep  736 | AvgR 0.0003 | Global 0.9045 | Local 0.1429 | F1_macro 0.6492 | WorstLoss 1.3026
[Tracker] Ep  737 | AvgR 0.0003 | Global 0.9244 | Local 0.1736 | F1_macro 0.6516 | WorstLoss 1.5422
[Tracker] Ep  738 | AvgR 0.0003 | Global 0.9107 | Local 0.1919 | F1_macro 0.6373 | WorstLoss 1.1738
[Tracker] Ep  739 | AvgR 0.0003 | Global 0.9409 | Local 0.1908 | F1_macro 0.6507 | WorstLoss 1.1855
[Tracker] Ep  740 | AvgR 0.0003 | Global 0.9184 | Local 0.1654 | F1_macro 0.6355 | WorstLoss 1.2255
[Tracker] Saved snapshot: ep0740_phase1_class1
[Tracker] Ep  741 | AvgR 0.0003 | Global 0.9376 | Local 0.1615 | F1_macro 0.6414 | WorstLoss 0.9898
[Tracker] Ep  742 | AvgR 0.0003 | Global 0.9291 | Local 0.1629 | F1_macro 0.6474 | WorstLoss 1.0667
[Tracker] Ep  743 | AvgR 0.0003 | Global 0.9200 | Local 0.1565 | F1_macro 0.6343 | WorstLoss 1.6166
[Tracker] Ep  744 | AvgR 0.0003 | Global 0.9391 | Local 0.2394 | F1_macro 0.6553 | WorstLoss 1.0318
[Tracker] Ep  745 | AvgR 0.0003 | Global 0.9346 | Local 0.1642 | F1_macro 0.6430 | WorstLoss 1.1495
[Tracker] Saved snapshot: ep0745_phase1_class1
[Tracker] Ep  746 | AvgR 0.0003 | Global 0.9005 | Local 0.1958 | F1_macro 0.6386 | WorstLoss 1.2949
[Tracker] Ep  747 | AvgR 0.0003 | Global 0.9062 | Local 0.1830 | F1_macro 0.6462 | WorstLoss 1.1841
[Tracker] Ep  748 | AvgR 0.0003 | Global 0.9334 | Local 0.1607 | F1_macro 0.6546 | WorstLoss 1.5368
[Tracker] Ep  749 | AvgR 0.0003 | Global 0.9140 | Local 0.2126 | F1_macro 0.6552 | WorstLoss 1.3192
[Tracker] Ep  750 | AvgR 0.0003 | Global 0.9422 | Local 0.1588 | F1_macro 0.6548 | WorstLoss 1.4018
[Tracker] Saved snapshot: ep0750_phase1_class1
[Tracker] Ep  751 | AvgR 0.0003 | Global 0.9271 | Local 0.1843 | F1_macro 0.6507 | WorstLoss 1.2935
[Tracker] Ep  752 | AvgR 0.0003 | Global 0.9017 | Local 0.2023 | F1_macro 0.6376 | WorstLoss 1.6478
[Tracker] Ep  753 | AvgR 0.0003 | Global 0.9273 | Local 0.1757 | F1_macro 0.6423 | WorstLoss 1.2912
[Tracker] Ep  754 | AvgR 0.0003 | Global 0.9565 | Local 0.1698 | F1_macro 0.6737 | WorstLoss 1.1817
[Tracker] Ep  755 | AvgR 0.0003 | Global 0.9623 | Local 0.1530 | F1_macro 0.6729 | WorstLoss 1.2960
[Tracker] Saved snapshot: ep0755_phase1_class1
[Tracker] Ep  756 | AvgR 0.0003 | Global 0.9492 | Local 0.1394 | F1_macro 0.6744 | WorstLoss 1.0594
[Tracker] Ep  757 | AvgR 0.0003 | Global 0.9398 | Local 0.2093 | F1_macro 0.6469 | WorstLoss 1.1209
[Tracker] Ep  758 | AvgR 0.0003 | Global 0.9564 | Local 0.1467 | F1_macro 0.6580 | WorstLoss 1.0513
[Tracker] Ep  759 | AvgR 0.0003 | Global 0.9017 | Local 0.1752 | F1_macro 0.6354 | WorstLoss 1.3910
[Tracker] Ep  760 | AvgR 0.0003 | Global 0.9353 | Local 0.1670 | F1_macro 0.6443 | WorstLoss 1.1724
[Tracker] Saved snapshot: ep0760_phase1_class1
[Tracker] Ep  761 | AvgR 0.0003 | Global 0.9361 | Local 0.1222 | F1_macro 0.6363 | WorstLoss 1.4158
[Tracker] Ep  762 | AvgR 0.0003 | Global 0.9235 | Local 0.2080 | F1_macro 0.6368 | WorstLoss 1.3589
[Tracker] Ep  763 | AvgR 0.0003 | Global 0.9128 | Local 0.2057 | F1_macro 0.6460 | WorstLoss 1.5586
[Tracker] Ep  764 | AvgR 0.0003 | Global 0.9201 | Local 0.1947 | F1_macro 0.6386 | WorstLoss 1.1689
[Tracker] Ep  765 | AvgR 0.0003 | Global 0.9637 | Local 0.1177 | F1_macro 0.6692 | WorstLoss 1.4642
[Tracker] Saved snapshot: ep0765_phase1_class1
[Tracker] Ep  766 | AvgR 0.0003 | Global 0.9422 | Local 0.1459 | F1_macro 0.6501 | WorstLoss 1.5659
[Tracker] Ep  767 | AvgR 0.0003 | Global 0.9426 | Local 0.1708 | F1_macro 0.6524 | WorstLoss 1.2356
[Tracker] Ep  768 | AvgR 0.0003 | Global 0.9258 | Local 0.1953 | F1_macro 0.6573 | WorstLoss 1.2074
[Tracker] Ep  769 | AvgR 0.0003 | Global 0.9253 | Local 0.1796 | F1_macro 0.6706 | WorstLoss 1.7073
[Tracker] Ep  770 | AvgR 0.0003 | Global 0.9273 | Local 0.1632 | F1_macro 0.6728 | WorstLoss 1.3307
[Tracker] Saved snapshot: ep0770_phase1_class1
[Tracker] Ep  771 | AvgR 0.0003 | Global 0.9698 | Local 0.1246 | F1_macro 0.6986 | WorstLoss 1.4726
[Tracker] Ep  772 | AvgR 0.0003 | Global 0.9247 | Local 0.1665 | F1_macro 0.6461 | WorstLoss 1.4085
[Tracker] Ep  773 | AvgR 0.0003 | Global 0.9217 | Local 0.1967 | F1_macro 0.6626 | WorstLoss 1.1828
[Tracker] Ep  774 | AvgR 0.0003 | Global 0.9334 | Local 0.1825 | F1_macro 0.6512 | WorstLoss 1.0809
[Tracker] Ep  775 | AvgR 0.0003 | Global 0.9192 | Local 0.1610 | F1_macro 0.6527 | WorstLoss 1.4743
[Tracker] Saved snapshot: ep0775_phase1_class1
[Tracker] Ep  776 | AvgR 0.0003 | Global 0.9266 | Local 0.1542 | F1_macro 0.6589 | WorstLoss 1.1093
[Tracker] Ep  777 | AvgR 0.0003 | Global 0.9272 | Local 0.1759 | F1_macro 0.6300 | WorstLoss 1.1941
[Tracker] Ep  778 | AvgR 0.0003 | Global 0.9288 | Local 0.1752 | F1_macro 0.6431 | WorstLoss 1.5270
[Tracker] Ep  779 | AvgR 0.0003 | Global 0.9141 | Local 0.1883 | F1_macro 0.6463 | WorstLoss 1.2723
[Tracker] Ep  780 | AvgR 0.0003 | Global 0.9178 | Local 0.1666 | F1_macro 0.6272 | WorstLoss 1.5879
[Tracker] Saved snapshot: ep0780_phase1_class1
[Tracker] Ep  781 | AvgR 0.0003 | Global 0.9089 | Local 0.1739 | F1_macro 0.6500 | WorstLoss 1.4607
[Tracker] Ep  782 | AvgR 0.0003 | Global 0.9037 | Local 0.1886 | F1_macro 0.6275 | WorstLoss 1.2876
[Tracker] Ep  783 | AvgR 0.0003 | Global 0.9180 | Local 0.1788 | F1_macro 0.6620 | WorstLoss 1.1532
[Tracker] Ep  784 | AvgR 0.0003 | Global 0.9337 | Local 0.1325 | F1_macro 0.6693 | WorstLoss 1.2840
[Tracker] Ep  785 | AvgR 0.0003 | Global 0.9321 | Local 0.1817 | F1_macro 0.6580 | WorstLoss 1.2721
[Tracker] Saved snapshot: ep0785_phase1_class1
[Tracker] Ep  786 | AvgR 0.0003 | Global 0.9017 | Local 0.1294 | F1_macro 0.6333 | WorstLoss 1.3653
[Tracker] Ep  787 | AvgR 0.0003 | Global 0.9511 | Local 0.1393 | F1_macro 0.6505 | WorstLoss 1.3638
[Tracker] Ep  788 | AvgR 0.0003 | Global 0.9402 | Local 0.1816 | F1_macro 0.6421 | WorstLoss 1.6085
[Tracker] Ep  789 | AvgR 0.0003 | Global 0.9183 | Local 0.1546 | F1_macro 0.6391 | WorstLoss 1.4305
[Tracker] Ep  790 | AvgR 0.0003 | Global 0.9697 | Local 0.1228 | F1_macro 0.6777 | WorstLoss 1.0818
[Tracker] Saved snapshot: ep0790_phase1_class1
[Tracker] Ep  791 | AvgR 0.0003 | Global 0.9381 | Local 0.2205 | F1_macro 0.6438 | WorstLoss 1.4508
[Tracker] Ep  792 | AvgR 0.0003 | Global 0.9421 | Local 0.1355 | F1_macro 0.6599 | WorstLoss 1.1736
[Tracker] Ep  793 | AvgR 0.0003 | Global 0.9206 | Local 0.1619 | F1_macro 0.6531 | WorstLoss 1.0897
[Tracker] Ep  794 | AvgR 0.0003 | Global 0.9474 | Local 0.1512 | F1_macro 0.6590 | WorstLoss 1.5101
[Tracker] Ep  795 | AvgR 0.0003 | Global 0.9424 | Local 0.1610 | F1_macro 0.6644 | WorstLoss 1.1259
[Tracker] Saved snapshot: ep0795_phase1_class1
[Tracker] Ep  796 | AvgR 0.0003 | Global 0.9410 | Local 0.1420 | F1_macro 0.6500 | WorstLoss 1.5698
[Tracker] Ep  797 | AvgR 0.0003 | Global 0.9437 | Local 0.1785 | F1_macro 0.6719 | WorstLoss 1.1449
[Tracker] Ep  798 | AvgR 0.0003 | Global 0.9180 | Local 0.1930 | F1_macro 0.6504 | WorstLoss 1.4310
[Tracker] Ep  799 | AvgR 0.0003 | Global 0.9094 | Local 0.1767 | F1_macro 0.6385 | WorstLoss 1.3185
[Tracker] Ep  800 | AvgR 0.0003 | Global 0.9163 | Local 0.1374 | F1_macro 0.6650 | WorstLoss 1.2078
[Tracker] Saved snapshot: ep0800_phase1_class1
[Phase] Finished phase1_class1 | best global_obj=0.9978
Phase 2 anchors: 1655 (y=0 & disadv=1)
FFNN Using device: cuda:0

============================================================
[Phase] Starting phase2_class0 | target_class=0 | episodes=200
============================================================
[Tracker] Ep    1 | AvgR 0.0001 | Global 0.2974 | Local 0.1572 | F1_macro 0.6874 | WorstLoss 2.4173
[Tracker] New BEST synthetic [phase2_class0] (by global.global_obj: 0.297382) saved.
[Tracker] BEST β weights [phase2_class0] saved -> training_runs/SPECv17b_bias010_rl_census_3seeds_EP800_PCA10_REWfairness_minID1_majID0_TRJ2000_REAL3000_BIAS0.1_GG202603181228_767aa6de/seed_0/best_beta_state_dict_phase2_class0.pt
[Tracker] Ep    2 | AvgR 0.0002 | Global 0.9248 | Local 0.1648 | F1_macro 0.6720 | WorstLoss 2.0748
[Tracker] New BEST synthetic [phase2_class0] (by global.global_obj: 0.924811) saved.
[Tracker] BEST β weights [phase2_class0] saved -> training_runs/SPECv17b_bias010_rl_census_3seeds_EP800_PCA10_REWfairness_minID1_majID0_TRJ2000_REAL3000_BIAS0.1_GG202603181228_767aa6de/seed_0/best_beta_state_dict_phase2_class0.pt
[Tracker] Ep    3 | AvgR 0.0002 | Global 0.7468 | Local 0.2199 | F1_macro 0.6947 | WorstLoss 2.2211
[Tracker] Ep    4 | AvgR 0.0001 | Global 0.3031 | Local 0.1659 | F1_macro 0.6733 | WorstLoss 2.4138
[Tracker] Ep    5 | AvgR 0.0001 | Global 0.0608 | Local 0.1567 | F1_macro 0.6775 | WorstLoss 2.6069
[Tracker] Saved snapshot: ep0005_phase2_class0
[Tracker] Ep    6 | AvgR 0.0002 | Global 0.6291 | Local 0.1897 | F1_macro 0.6868 | WorstLoss 2.2758
[Tracker] Ep    7 | AvgR 0.0002 | Global 0.7163 | Local 0.2814 | F1_macro 0.6753 | WorstLoss 2.2384
[Tracker] Ep    8 | AvgR 0.0002 | Global 0.9617 | Local 0.1669 | F1_macro 0.6933 | WorstLoss 2.0116
[Tracker] New BEST synthetic [phase2_class0] (by global.global_obj: 0.961717) saved.
[Tracker] BEST β weights [phase2_class0] saved -> training_runs/SPECv17b_bias010_rl_census_3seeds_EP800_PCA10_REWfairness_minID1_majID0_TRJ2000_REAL3000_BIAS0.1_GG202603181228_767aa6de/seed_0/best_beta_state_dict_phase2_class0.pt
[Tracker] Ep    9 | AvgR 0.0001 | Global 0.1024 | Local 0.1929 | F1_macro 0.6959 | WorstLoss 2.5496
[Tracker] Ep   10 | AvgR 0.0002 | Global 0.7350 | Local 0.2567 | F1_macro 0.6652 | WorstLoss 2.2282
[Tracker] Saved snapshot: ep0010_phase2_class0
[Tracker] Ep   11 | AvgR 0.0002 | Global 0.9470 | Local 0.2410 | F1_macro 0.6691 | WorstLoss 2.0202
[Tracker] Ep   12 | AvgR 0.0002 | Global 0.8519 | Local 0.2432 | F1_macro 0.6995 | WorstLoss 2.1501
[Tracker] Ep   13 | AvgR 0.0002 | Global 0.9699 | Local 0.2305 | F1_macro 0.6763 | WorstLoss 1.9867
[Tracker] New BEST synthetic [phase2_class0] (by global.global_obj: 0.969912) saved.
[Tracker] BEST β weights [phase2_class0] saved -> training_runs/SPECv17b_bias010_rl_census_3seeds_EP800_PCA10_REWfairness_minID1_majID0_TRJ2000_REAL3000_BIAS0.1_GG202603181228_767aa6de/seed_0/best_beta_state_dict_phase2_class0.pt
[Tracker] Ep   14 | AvgR 0.0002 | Global 0.9555 | Local 0.2218 | F1_macro 0.6828 | WorstLoss 1.9875
[Tracker] Ep   15 | AvgR 0.0001 | Global 0.4332 | Local 0.1659 | F1_macro 0.6850 | WorstLoss 2.3607
[Tracker] Saved snapshot: ep0015_phase2_class0
[Tracker] Ep   16 | AvgR 0.0002 | Global 0.5471 | Local 0.2074 | F1_macro 0.6791 | WorstLoss 2.3117
[Tracker] Ep   17 | AvgR 0.0002 | Global 0.9328 | Local 0.1460 | F1_macro 0.6800 | WorstLoss 2.0596
[Tracker] Ep   18 | AvgR 0.0002 | Global 0.8020 | Local 0.3045 | F1_macro 0.6837 | WorstLoss 2.1835
[Tracker] Ep   19 | AvgR 0.0002 | Global 0.7457 | Local 0.2004 | F1_macro 0.6838 | WorstLoss 2.2238
[Tracker] Ep   20 | AvgR 0.0002 | Global 0.9615 | Local 0.2491 | F1_macro 0.6783 | WorstLoss 2.0123
[Tracker] Saved snapshot: ep0020_phase2_class0
[Tracker] Ep   21 | AvgR 0.0002 | Global 0.9669 | Local 0.2401 | F1_macro 0.6993 | WorstLoss 1.9674
[Tracker] Ep   22 | AvgR 0.0002 | Global 0.9573 | Local 0.2132 | F1_macro 0.6942 | WorstLoss 1.9453
[Tracker] Ep   23 | AvgR 0.0002 | Global 0.5847 | Local 0.2274 | F1_macro 0.6980 | WorstLoss 2.2967
[Tracker] Ep   24 | AvgR 0.0001 | Global 0.1270 | Local 0.1533 | F1_macro 0.6967 | WorstLoss 2.5246
[Tracker] Ep   25 | AvgR 0.0003 | Global 0.9417 | Local 0.3279 | F1_macro 0.6850 | WorstLoss 2.0484
[Tracker] Saved snapshot: ep0025_phase2_class0
[Tracker] Ep   26 | AvgR 0.0002 | Global 0.7951 | Local 0.2134 | F1_macro 0.6867 | WorstLoss 2.1915
[Tracker] Ep   27 | AvgR 0.0002 | Global 0.9350 | Local 0.1238 | F1_macro 0.6880 | WorstLoss 2.0441
[Tracker] Ep   28 | AvgR 0.0001 | Global 0.1747 | Local 0.2181 | F1_macro 0.6975 | WorstLoss 2.4888
[Tracker] Ep   29 | AvgR 0.0002 | Global 0.9120 | Local 0.1551 | F1_macro 0.6803 | WorstLoss 2.0949
[Tracker] Ep   30 | AvgR 0.0002 | Global 0.9795 | Local 0.1949 | F1_macro 0.7032 | WorstLoss 1.8948
[Tracker] Saved snapshot: ep0030_phase2_class0
[Tracker] New BEST synthetic [phase2_class0] (by global.global_obj: 0.979525) saved.
[Tracker] BEST β weights [phase2_class0] saved -> training_runs/SPECv17b_bias010_rl_census_3seeds_EP800_PCA10_REWfairness_minID1_majID0_TRJ2000_REAL3000_BIAS0.1_GG202603181228_767aa6de/seed_0/best_beta_state_dict_phase2_class0.pt
[Tracker] Ep   31 | AvgR 0.0002 | Global 0.8662 | Local 0.1935 | F1_macro 0.6886 | WorstLoss 2.1418
[Tracker] Ep   32 | AvgR 0.0002 | Global 0.9361 | Local 0.1717 | F1_macro 0.6844 | WorstLoss 2.0512
[Tracker] Ep   33 | AvgR 0.0002 | Global 0.5745 | Local 0.2258 | F1_macro 0.6984 | WorstLoss 2.3018
[Tracker] Ep   34 | AvgR 0.0002 | Global 0.9488 | Local 0.1277 | F1_macro 0.6930 | WorstLoss 2.0311
[Tracker] Ep   35 | AvgR 0.0002 | Global 0.8788 | Local 0.2548 | F1_macro 0.6848 | WorstLoss 2.1293
[Tracker] Saved snapshot: ep0035_phase2_class0
[Tracker] Ep   36 | AvgR 0.0002 | Global 0.7518 | Local 0.1441 | F1_macro 0.6891 | WorstLoss 2.2186
[Tracker] Ep   37 | AvgR 0.0001 | Global 0.0073 | Local 0.1771 | F1_macro 0.6768 | WorstLoss 2.8237
[Tracker] Ep   38 | AvgR 0.0002 | Global 0.6062 | Local 0.2168 | F1_macro 0.6937 | WorstLoss 2.2866
[Tracker] Ep   39 | AvgR 0.0002 | Global 0.9868 | Local 0.2048 | F1_macro 0.6878 | WorstLoss 1.8384
[Tracker] New BEST synthetic [phase2_class0] (by global.global_obj: 0.986824) saved.
[Tracker] BEST β weights [phase2_class0] saved -> training_runs/SPECv17b_bias010_rl_census_3seeds_EP800_PCA10_REWfairness_minID1_majID0_TRJ2000_REAL3000_BIAS0.1_GG202603181228_767aa6de/seed_0/best_beta_state_dict_phase2_class0.pt
[Tracker] Ep   40 | AvgR 0.0001 | Global 0.1662 | Local 0.2349 | F1_macro 0.6646 | WorstLoss 2.4934
[Tracker] Saved snapshot: ep0040_phase2_class0
[Tracker] Ep   41 | AvgR 0.0002 | Global 0.9915 | Local 0.1633 | F1_macro 0.7023 | WorstLoss 1.8558
[Tracker] New BEST synthetic [phase2_class0] (by global.global_obj: 0.991516) saved.
[Tracker] BEST β weights [phase2_class0] saved -> training_runs/SPECv17b_bias010_rl_census_3seeds_EP800_PCA10_REWfairness_minID1_majID0_TRJ2000_REAL3000_BIAS0.1_GG202603181228_767aa6de/seed_0/best_beta_state_dict_phase2_class0.pt
[Tracker] Ep   42 | AvgR 0.0002 | Global 0.7379 | Local 0.2000 | F1_macro 0.6863 | WorstLoss 2.2243
[Tracker] Ep   43 | AvgR 0.0001 | Global 0.1522 | Local 0.2677 | F1_macro 0.6907 | WorstLoss 2.5033
[Tracker] Ep   44 | AvgR 0.0002 | Global 0.9179 | Local 0.1992 | F1_macro 0.6823 | WorstLoss 2.0824
[Tracker] Ep   45 | AvgR 0.0003 | Global 0.9299 | Local 0.2965 | F1_macro 0.6827 | WorstLoss 2.0508
[Tracker] Saved snapshot: ep0045_phase2_class0
[Tracker] Ep   46 | AvgR 0.0002 | Global 0.7602 | Local 0.1568 | F1_macro 0.6884 | WorstLoss 2.2112
[Tracker] Ep   47 | AvgR 0.0003 | Global 0.9631 | Local 0.3759 | F1_macro 0.6784 | WorstLoss 1.9787
[Tracker] Ep   48 | AvgR 0.0002 | Global 0.7587 | Local 0.1811 | F1_macro 0.6823 | WorstLoss 2.2103
[Tracker] Ep   49 | AvgR 0.0002 | Global 0.5641 | Local 0.1718 | F1_macro 0.6767 | WorstLoss 2.3065
[Tracker] Ep   50 | AvgR 0.0004 | Global 0.9910 | Local 0.7377 | F1_macro 0.7016 | WorstLoss 1.7816
[Tracker] Saved snapshot: ep0050_phase2_class0
[Tracker] Ep   51 | AvgR 0.0002 | Global 0.9860 | Local 0.1828 | F1_macro 0.6972 | WorstLoss 1.7471
[Tracker] Ep   52 | AvgR 0.0002 | Global 0.9695 | Local 0.2134 | F1_macro 0.7027 | WorstLoss 1.9434
[Tracker] Ep   53 | AvgR 0.0002 | Global 0.9158 | Local 0.2487 | F1_macro 0.6823 | WorstLoss 2.0787
[Tracker] Ep   54 | AvgR 0.0002 | Global 0.8321 | Local 0.2584 | F1_macro 0.6952 | WorstLoss 2.1701
[Tracker] Ep   55 | AvgR 0.0002 | Global 0.8203 | Local 0.1988 | F1_macro 0.6931 | WorstLoss 2.1777
[Tracker] Saved snapshot: ep0055_phase2_class0
[Tracker] Ep   56 | AvgR 0.0002 | Global 0.7331 | Local 0.2274 | F1_macro 0.6764 | WorstLoss 2.2318
[Tracker] Ep   57 | AvgR 0.0002 | Global 0.9988 | Local 0.2023 | F1_macro 0.7120 | WorstLoss 1.6583
[Tracker] New BEST synthetic [phase2_class0] (by global.global_obj: 0.998838) saved.
[Tracker] BEST β weights [phase2_class0] saved -> training_runs/SPECv17b_bias010_rl_census_3seeds_EP800_PCA10_REWfairness_minID1_majID0_TRJ2000_REAL3000_BIAS0.1_GG202603181228_767aa6de/seed_0/best_beta_state_dict_phase2_class0.pt
[Tracker] Ep   58 | AvgR 0.0002 | Global 0.9479 | Local 0.2019 | F1_macro 0.6946 | WorstLoss 2.0293
[Tracker] Ep   59 | AvgR 0.0002 | Global 0.9896 | Local 0.1485 | F1_macro 0.7041 | WorstLoss 1.5883
[Tracker] Ep   60 | AvgR 0.0001 | Global 0.3789 | Local 0.1775 | F1_macro 0.6870 | WorstLoss 2.3802
[Tracker] Saved snapshot: ep0060_phase2_class0
[Tracker] Ep   61 | AvgR 0.0002 | Global 0.8065 | Local 0.1555 | F1_macro 0.6957 | WorstLoss 2.1833
[Tracker] Ep   62 | AvgR 0.0003 | Global 0.9725 | Local 0.2707 | F1_macro 0.6913 | WorstLoss 1.9556
[Tracker] Ep   63 | AvgR 0.0002 | Global 0.9584 | Local 0.2113 | F1_macro 0.6967 | WorstLoss 2.0204
[Tracker] Ep   64 | AvgR 0.0002 | Global 0.9716 | Local 0.1809 | F1_macro 0.7069 | WorstLoss 1.9225
[Tracker] Ep   65 | AvgR 0.0001 | Global 0.0419 | Local 0.1805 | F1_macro 0.6864 | WorstLoss 2.6454
[Tracker] Saved snapshot: ep0065_phase2_class0
[Tracker] Ep   66 | AvgR 0.0002 | Global 0.9630 | Local 0.2242 | F1_macro 0.7023 | WorstLoss 1.9925
[Tracker] Ep   67 | AvgR 0.0002 | Global 0.6339 | Local 0.1493 | F1_macro 0.6799 | WorstLoss 2.2775
[Tracker] Ep   68 | AvgR 0.0001 | Global 0.1581 | Local 0.1766 | F1_macro 0.6736 | WorstLoss 2.4989
[Tracker] Ep   69 | AvgR 0.0002 | Global 0.8903 | Local 0.2498 | F1_macro 0.6927 | WorstLoss 2.1084
[Tracker] Ep   70 | AvgR 0.0002 | Global 0.9219 | Local 0.1997 | F1_macro 0.6952 | WorstLoss 2.0721
[Tracker] Saved snapshot: ep0070_phase2_class0
[Tracker] Ep   71 | AvgR 0.0003 | Global 0.9943 | Local 0.2726 | F1_macro 0.7082 | WorstLoss 1.7931
[Tracker] Ep   72 | AvgR 0.0003 | Global 0.9111 | Local 0.2800 | F1_macro 0.6751 | WorstLoss 2.0850
[Tracker] Ep   73 | AvgR 0.0002 | Global 0.9785 | Local 0.1744 | F1_macro 0.6930 | WorstLoss 1.9138
[Tracker] Ep   74 | AvgR 0.0002 | Global 0.7942 | Local 0.2191 | F1_macro 0.6865 | WorstLoss 2.1909
[Tracker] Ep   75 | AvgR 0.0002 | Global 0.7094 | Local 0.1507 | F1_macro 0.6720 | WorstLoss 2.2391
[Tracker] Saved snapshot: ep0075_phase2_class0
[Tracker] Ep   76 | AvgR 0.0001 | Global 0.5586 | Local 0.1231 | F1_macro 0.6774 | WorstLoss 2.3076
[Tracker] Ep   77 | AvgR 0.0001 | Global 0.0909 | Local 0.2782 | F1_macro 0.6827 | WorstLoss 2.5633
[Tracker] Ep   78 | AvgR 0.0002 | Global 0.9369 | Local 0.1498 | F1_macro 0.7106 | WorstLoss 2.0479
[Tracker] Ep   79 | AvgR 0.0002 | Global 0.7721 | Local 0.1436 | F1_macro 0.6865 | WorstLoss 2.2081
[Tracker] Ep   80 | AvgR 0.0003 | Global 0.9770 | Local 0.2129 | F1_macro 0.7058 | WorstLoss 1.9164
[Tracker] Saved snapshot: ep0080_phase2_class0
[Tracker] Ep   81 | AvgR 0.0002 | Global 0.5084 | Local 0.2791 | F1_macro 0.6816 | WorstLoss 2.3306
[Tracker] Ep   82 | AvgR 0.0002 | Global 0.8347 | Local 0.2084 | F1_macro 0.7002 | WorstLoss 2.1689
[Tracker] Ep   83 | AvgR 0.0003 | Global 0.9637 | Local 0.2544 | F1_macro 0.7004 | WorstLoss 1.9877
[Tracker] Ep   84 | AvgR 0.0003 | Global 0.9729 | Local 0.3310 | F1_macro 0.7026 | WorstLoss 1.9524
[Tracker] Ep   85 | AvgR 0.0002 | Global 0.7969 | Local 0.1999 | F1_macro 0.6726 | WorstLoss 2.1923
[Tracker] Saved snapshot: ep0085_phase2_class0
[Tracker] Ep   86 | AvgR 0.0002 | Global 0.9701 | Local 0.1746 | F1_macro 0.6887 | WorstLoss 1.9860
[Tracker] Ep   87 | AvgR 0.0003 | Global 0.8646 | Local 0.2951 | F1_macro 0.6797 | WorstLoss 2.1337
[Tracker] Ep   88 | AvgR 0.0002 | Global 0.5981 | Local 0.2444 | F1_macro 0.6907 | WorstLoss 2.2905
[Tracker] Ep   89 | AvgR 0.0002 | Global 0.7417 | Local 0.1675 | F1_macro 0.6825 | WorstLoss 2.2251
[Tracker] Ep   90 | AvgR 0.0003 | Global 0.9611 | Local 0.2755 | F1_macro 0.6877 | WorstLoss 1.9961
[Tracker] Saved snapshot: ep0090_phase2_class0
[Tracker] Ep   91 | AvgR 0.0001 | Global 0.3092 | Local 0.1548 | F1_macro 0.6954 | WorstLoss 2.4134
[Tracker] Ep   92 | AvgR 0.0002 | Global 0.6284 | Local 0.2619 | F1_macro 0.6957 | WorstLoss 2.2783
[Tracker] Ep   93 | AvgR 0.0002 | Global 0.4786 | Local 0.1880 | F1_macro 0.6969 | WorstLoss 2.3410
[Tracker] Ep   94 | AvgR 0.0002 | Global 0.9472 | Local 0.1503 | F1_macro 0.7082 | WorstLoss 2.0275
[Tracker] Ep   95 | AvgR 0.0002 | Global 0.8470 | Local 0.1471 | F1_macro 0.6834 | WorstLoss 2.1575
[Tracker] Saved snapshot: ep0095_phase2_class0
[Tracker] Ep   96 | AvgR 0.0002 | Global 0.6824 | Local 0.2267 | F1_macro 0.6837 | WorstLoss 2.2575
[Tracker] Ep   97 | AvgR 0.0001 | Global 0.2623 | Local 0.2249 | F1_macro 0.6945 | WorstLoss 2.4364
[Tracker] Ep   98 | AvgR 0.0002 | Global 0.8429 | Local 0.1124 | F1_macro 0.6675 | WorstLoss 2.1588
[Tracker] Ep   99 | AvgR 0.0003 | Global 0.9778 | Local 0.2218 | F1_macro 0.7001 | WorstLoss 1.9306
[Tracker] Ep  100 | AvgR 0.0003 | Global 0.9650 | Local 0.2690 | F1_macro 0.6857 | WorstLoss 1.9779
[Tracker] Saved snapshot: ep0100_phase2_class0
[Tracker] Ep  101 | AvgR 0.0003 | Global 0.9451 | Local 0.2025 | F1_macro 0.7033 | WorstLoss 2.0213
[Tracker] Ep  102 | AvgR 0.0001 | Global 0.1609 | Local 0.2341 | F1_macro 0.6921 | WorstLoss 2.4978
[Tracker] Ep  103 | AvgR 0.0003 | Global 0.9904 | Local 0.2235 | F1_macro 0.6924 | WorstLoss 1.7935
[Tracker] Ep  104 | AvgR 0.0003 | Global 0.9145 | Local 0.2325 | F1_macro 0.6810 | WorstLoss 2.0853
[Tracker] Ep  105 | AvgR 0.0002 | Global 0.7533 | Local 0.1675 | F1_macro 0.6809 | WorstLoss 2.2166
[Tracker] Saved snapshot: ep0105_phase2_class0
[Tracker] Ep  106 | AvgR 0.0002 | Global 0.8873 | Local 0.1400 | F1_macro 0.7102 | WorstLoss 2.1226
[Tracker] Ep  107 | AvgR 0.0002 | Global 0.4303 | Local 0.2795 | F1_macro 0.6865 | WorstLoss 2.3611
[Tracker] Ep  108 | AvgR 0.0003 | Global 0.9437 | Local 0.1943 | F1_macro 0.6911 | WorstLoss 2.0307
[Tracker] Ep  109 | AvgR 0.0002 | Global 0.8255 | Local 0.1865 | F1_macro 0.6751 | WorstLoss 2.1735
[Tracker] Ep  110 | AvgR 0.0002 | Global 0.7161 | Local 0.1698 | F1_macro 0.6899 | WorstLoss 2.2369
[Tracker] Saved snapshot: ep0110_phase2_class0
[Tracker] Ep  111 | AvgR 0.0002 | Global 0.7865 | Local 0.2218 | F1_macro 0.7031 | WorstLoss 2.2012
[Tracker] Ep  112 | AvgR 0.0002 | Global 0.7865 | Local 0.2937 | F1_macro 0.6704 | WorstLoss 2.2036
[Tracker] Ep  113 | AvgR 0.0003 | Global 0.9884 | Local 0.1615 | F1_macro 0.7139 | WorstLoss 1.7920
[Tracker] Ep  114 | AvgR 0.0003 | Global 0.9695 | Local 0.2374 | F1_macro 0.6790 | WorstLoss 1.9623
[Tracker] Ep  115 | AvgR 0.0002 | Global 0.9420 | Local 0.1365 | F1_macro 0.6995 | WorstLoss 2.0099
[Tracker] Saved snapshot: ep0115_phase2_class0
[Tracker] Ep  116 | AvgR 0.0003 | Global 0.9745 | Local 0.2229 | F1_macro 0.7002 | WorstLoss 1.9525
[Tracker] Ep  117 | AvgR 0.0002 | Global 0.5369 | Local 0.2331 | F1_macro 0.6710 | WorstLoss 2.3172
[Tracker] Ep  118 | AvgR 0.0003 | Global 0.8289 | Local 0.2681 | F1_macro 0.6898 | WorstLoss 2.1676
[Tracker] Ep  119 | AvgR 0.0002 | Global 0.5410 | Local 0.1687 | F1_macro 0.6936 | WorstLoss 2.3141
[Tracker] Ep  120 | AvgR 0.0003 | Global 0.9721 | Local 0.1768 | F1_macro 0.6944 | WorstLoss 1.9288
[Tracker] Saved snapshot: ep0120_phase2_class0
[Tracker] Ep  121 | AvgR 0.0003 | Global 0.9416 | Local 0.2238 | F1_macro 0.6704 | WorstLoss 2.0309
[Tracker] Ep  122 | AvgR 0.0003 | Global 0.9896 | Local 0.2023 | F1_macro 0.6953 | WorstLoss 1.8782
[Tracker] Ep  123 | AvgR 0.0002 | Global 0.8214 | Local 0.1646 | F1_macro 0.7043 | WorstLoss 2.1761
[Tracker] Ep  124 | AvgR 0.0002 | Global 0.9656 | Local 0.1443 | F1_macro 0.6998 | WorstLoss 2.0004
[Tracker] Ep  125 | AvgR 0.0003 | Global 0.9484 | Local 0.2022 | F1_macro 0.6833 | WorstLoss 2.0331
[Tracker] Saved snapshot: ep0125_phase2_class0
[Tracker] Ep  126 | AvgR 0.0002 | Global 0.6742 | Local 0.1884 | F1_macro 0.6778 | WorstLoss 2.2586
[Tracker] Ep  127 | AvgR 0.0003 | Global 0.9672 | Local 0.1701 | F1_macro 0.7035 | WorstLoss 1.9803
[Tracker] Ep  128 | AvgR 0.0002 | Global 0.9523 | Local 0.1510 | F1_macro 0.7029 | WorstLoss 2.0250
[Tracker] Ep  129 | AvgR 0.0003 | Global 0.9053 | Local 0.2249 | F1_macro 0.6745 | WorstLoss 2.1077
[Tracker] Ep  130 | AvgR 0.0003 | Global 0.9852 | Local 0.1790 | F1_macro 0.6980 | WorstLoss 1.8667
[Tracker] Saved snapshot: ep0130_phase2_class0
[Tracker] Ep  131 | AvgR 0.0003 | Global 0.9846 | Local 0.2112 | F1_macro 0.6903 | WorstLoss 1.8515
[Tracker] Ep  132 | AvgR 0.0003 | Global 0.9737 | Local 0.2747 | F1_macro 0.7047 | WorstLoss 1.9642
[Tracker] Ep  133 | AvgR 0.0002 | Global 0.7659 | Local 0.2244 | F1_macro 0.6909 | WorstLoss 2.2066
[Tracker] Ep  134 | AvgR 0.0003 | Global 0.9729 | Local 0.2776 | F1_macro 0.7082 | WorstLoss 1.9627
[Tracker] Ep  135 | AvgR 0.0003 | Global 0.9775 | Local 0.2109 | F1_macro 0.6917 | WorstLoss 1.9304
[Tracker] Saved snapshot: ep0135_phase2_class0
[Tracker] Ep  136 | AvgR 0.0002 | Global 0.8747 | Local 0.1921 | F1_macro 0.6721 | WorstLoss 2.1349
[Tracker] Ep  137 | AvgR 0.0003 | Global 0.9800 | Local 0.2617 | F1_macro 0.7066 | WorstLoss 1.8963
[Tracker] Ep  138 | AvgR 0.0002 | Global 0.8627 | Local 0.2117 | F1_macro 0.6853 | WorstLoss 2.1429
[Tracker] Ep  139 | AvgR 0.0003 | Global 0.9961 | Local 0.1458 | F1_macro 0.7095 | WorstLoss 1.7328
[Tracker] Ep  140 | AvgR 0.0003 | Global 0.9447 | Local 0.2695 | F1_macro 0.6916 | WorstLoss 2.0486
[Tracker] Saved snapshot: ep0140_phase2_class0
[Tracker] Ep  141 | AvgR 0.0003 | Global 0.9886 | Local 0.1659 | F1_macro 0.6990 | WorstLoss 1.7791
[Tracker] Ep  142 | AvgR 0.0002 | Global 0.4239 | Local 0.2230 | F1_macro 0.6813 | WorstLoss 2.3633
[Tracker] Ep  143 | AvgR 0.0003 | Global 0.9924 | Local 0.2582 | F1_macro 0.6905 | WorstLoss 1.6490
[Tracker] Ep  144 | AvgR 0.0003 | Global 0.9853 | Local 0.1965 | F1_macro 0.6782 | WorstLoss 1.9001
[Tracker] Ep  145 | AvgR 0.0003 | Global 0.9950 | Local 0.1651 | F1_macro 0.7040 | WorstLoss 1.8046
[Tracker] Saved snapshot: ep0145_phase2_class0
[Tracker] Ep  146 | AvgR 0.0003 | Global 0.9980 | Local 0.1957 | F1_macro 0.7069 | WorstLoss 1.7140
[Tracker] Ep  147 | AvgR 0.0003 | Global 0.8817 | Local 0.2419 | F1_macro 0.6893 | WorstLoss 2.1265
[Tracker] Ep  148 | AvgR 0.0003 | Global 0.9656 | Local 0.2267 | F1_macro 0.6846 | WorstLoss 1.9853
[Tracker] Ep  149 | AvgR 0.0003 | Global 0.9724 | Local 0.1534 | F1_macro 0.6977 | WorstLoss 1.9553
[Tracker] Ep  150 | AvgR 0.0003 | Global 0.9941 | Local 0.1549 | F1_macro 0.6944 | WorstLoss 1.8221
[Tracker] Saved snapshot: ep0150_phase2_class0
[Tracker] Ep  151 | AvgR 0.0003 | Global 0.9730 | Local 0.2275 | F1_macro 0.6899 | WorstLoss 1.9381
[Tracker] Ep  152 | AvgR 0.0002 | Global 0.7881 | Local 0.1508 | F1_macro 0.6865 | WorstLoss 2.1985
[Tracker] Ep  153 | AvgR 0.0003 | Global 0.9846 | Local 0.1727 | F1_macro 0.6780 | WorstLoss 1.9150
[Tracker] Ep  154 | AvgR 0.0002 | Global 0.8011 | Local 0.2039 | F1_macro 0.6687 | WorstLoss 2.1947
[Tracker] Ep  155 | AvgR 0.0003 | Global 0.9680 | Local 0.1488 | F1_macro 0.6748 | WorstLoss 1.9627
[Tracker] Saved snapshot: ep0155_phase2_class0
[Tracker] Ep  156 | AvgR 0.0003 | Global 0.9378 | Local 0.1661 | F1_macro 0.6904 | WorstLoss 2.0604
[Tracker] Ep  157 | AvgR 0.0003 | Global 0.9721 | Local 0.1485 | F1_macro 0.6705 | WorstLoss 1.9342
[Tracker] Ep  158 | AvgR 0.0003 | Global 0.9952 | Local 0.1908 | F1_macro 0.6967 | WorstLoss 1.7314
[Tracker] Ep  159 | AvgR 0.0003 | Global 0.8442 | Local 0.2383 | F1_macro 0.6728 | WorstLoss 2.1609
[Tracker] Ep  160 | AvgR 0.0003 | Global 0.9796 | Local 0.1532 | F1_macro 0.6869 | WorstLoss 1.9210
[Tracker] Saved snapshot: ep0160_phase2_class0
[Tracker] Ep  161 | AvgR 0.0003 | Global 0.9591 | Local 0.1439 | F1_macro 0.6793 | WorstLoss 2.0093
[Tracker] Ep  162 | AvgR 0.0003 | Global 0.8630 | Local 0.1895 | F1_macro 0.6734 | WorstLoss 2.1492
[Tracker] Ep  163 | AvgR 0.0003 | Global 0.9739 | Local 0.1785 | F1_macro 0.6927 | WorstLoss 1.9558
[Tracker] Ep  164 | AvgR 0.0003 | Global 0.9540 | Local 0.2136 | F1_macro 0.6982 | WorstLoss 2.0169
[Tracker] Ep  165 | AvgR 0.0001 | Global 0.4302 | Local 0.1429 | F1_macro 0.6797 | WorstLoss 2.3611
[Tracker] Saved snapshot: ep0165_phase2_class0
[Tracker] Ep  166 | AvgR 0.0003 | Global 0.9870 | Local 0.1186 | F1_macro 0.7007 | WorstLoss 1.9014
[Tracker] Ep  167 | AvgR 0.0003 | Global 0.9962 | Local 0.3036 | F1_macro 0.7107 | WorstLoss 1.7770
[Tracker] Ep  168 | AvgR 0.0003 | Global 0.9683 | Local 0.2093 | F1_macro 0.6940 | WorstLoss 1.9920
[Tracker] Ep  169 | AvgR 0.0003 | Global 0.9152 | Local 0.1453 | F1_macro 0.6763 | WorstLoss 2.0830
[Tracker] Ep  170 | AvgR 0.0001 | Global 0.4646 | Local 0.1315 | F1_macro 0.6867 | WorstLoss 2.3458
[Tracker] Saved snapshot: ep0170_phase2_class0
[Tracker] Ep  171 | AvgR 0.0003 | Global 0.9475 | Local 0.1852 | F1_macro 0.6920 | WorstLoss 2.0385
[Tracker] Ep  172 | AvgR 0.0003 | Global 0.9216 | Local 0.2318 | F1_macro 0.6849 | WorstLoss 2.0803
[Tracker] Ep  173 | AvgR 0.0003 | Global 0.9829 | Local 0.2064 | F1_macro 0.6887 | WorstLoss 1.8971
[Tracker] Ep  174 | AvgR 0.0003 | Global 0.9679 | Local 0.1459 | F1_macro 0.6885 | WorstLoss 1.9932
[Tracker] Ep  175 | AvgR 0.0003 | Global 0.9440 | Local 0.1806 | F1_macro 0.6881 | WorstLoss 2.0511
[Tracker] Saved snapshot: ep0175_phase2_class0
[Tracker] Ep  176 | AvgR 0.0003 | Global 0.9944 | Local 0.1946 | F1_macro 0.6964 | WorstLoss 1.7809
[Tracker] Ep  177 | AvgR 0.0003 | Global 0.9793 | Local 0.2706 | F1_macro 0.7017 | WorstLoss 1.9484
[Tracker] Ep  178 | AvgR 0.0003 | Global 0.9081 | Local 0.2068 | F1_macro 0.7073 | WorstLoss 2.1050
[Tracker] Ep  179 | AvgR 0.0002 | Global 0.7384 | Local 0.1799 | F1_macro 0.6804 | WorstLoss 2.2291
[Tracker] Ep  180 | AvgR 0.0003 | Global 0.9908 | Local 0.2902 | F1_macro 0.6917 | WorstLoss 1.8504
[Tracker] Saved snapshot: ep0180_phase2_class0
[Tracker] Ep  181 | AvgR 0.0003 | Global 0.9102 | Local 0.1614 | F1_macro 0.6895 | WorstLoss 2.0975
[Tracker] Ep  182 | AvgR 0.0003 | Global 0.9705 | Local 0.1920 | F1_macro 0.6834 | WorstLoss 1.9842
[Tracker] Ep  183 | AvgR 0.0003 | Global 0.9418 | Local 0.2021 | F1_macro 0.6747 | WorstLoss 2.0420
[Tracker] Ep  184 | AvgR 0.0003 | Global 0.9941 | Local 0.2229 | F1_macro 0.7067 | WorstLoss 1.8220
[Tracker] Ep  185 | AvgR 0.0003 | Global 0.9860 | Local 0.1822 | F1_macro 0.6951 | WorstLoss 1.9086
[Tracker] Saved snapshot: ep0185_phase2_class0
[Tracker] Ep  186 | AvgR 0.0003 | Global 0.9715 | Local 0.1316 | F1_macro 0.6975 | WorstLoss 1.9683
[Tracker] Ep  187 | AvgR 0.0003 | Global 0.9430 | Local 0.2086 | F1_macro 0.6772 | WorstLoss 2.0365
[Tracker] Ep  188 | AvgR 0.0002 | Global 0.7692 | Local 0.2160 | F1_macro 0.6892 | WorstLoss 2.2108
[Tracker] Ep  189 | AvgR 0.0002 | Global 0.8012 | Local 0.1848 | F1_macro 0.6698 | WorstLoss 2.1936
[Tracker] Ep  190 | AvgR 0.0003 | Global 0.9581 | Local 0.2459 | F1_macro 0.6946 | WorstLoss 2.0210
[Tracker] Saved snapshot: ep0190_phase2_class0
[Tracker] Ep  191 | AvgR 0.0003 | Global 0.9991 | Local 0.2199 | F1_macro 0.7196 | WorstLoss 1.6353
[Tracker] New BEST synthetic [phase2_class0] (by global.global_obj: 0.999077) saved.
[Tracker] BEST β weights [phase2_class0] saved -> training_runs/SPECv17b_bias010_rl_census_3seeds_EP800_PCA10_REWfairness_minID1_majID0_TRJ2000_REAL3000_BIAS0.1_GG202603181228_767aa6de/seed_0/best_beta_state_dict_phase2_class0.pt
[Tracker] Ep  192 | AvgR 0.0003 | Global 0.9454 | Local 0.2030 | F1_macro 0.6804 | WorstLoss 2.0398
[Tracker] Ep  193 | AvgR 0.0003 | Global 0.9973 | Local 0.1796 | F1_macro 0.7032 | WorstLoss 1.7424
[Tracker] Ep  194 | AvgR 0.0003 | Global 0.9811 | Local 0.2366 | F1_macro 0.6619 | WorstLoss 1.9391
[Tracker] Ep  195 | AvgR 0.0002 | Global 0.5924 | Local 0.2663 | F1_macro 0.6627 | WorstLoss 2.2946
[Tracker] Saved snapshot: ep0195_phase2_class0
[Tracker] Ep  196 | AvgR 0.0002 | Global 0.6591 | Local 0.2113 | F1_macro 0.6869 | WorstLoss 2.2661
[Tracker] Ep  197 | AvgR 0.0003 | Global 0.9637 | Local 0.1930 | F1_macro 0.6832 | WorstLoss 1.9918
[Tracker] Ep  198 | AvgR 0.0003 | Global 0.9129 | Local 0.1394 | F1_macro 0.6663 | WorstLoss 2.0990
[Tracker] Ep  199 | AvgR 0.0003 | Global 0.9206 | Local 0.2640 | F1_macro 0.6806 | WorstLoss 2.0889
[Tracker] Ep  200 | AvgR 0.0002 | Global 0.7176 | Local 0.1463 | F1_macro 0.6725 | WorstLoss 2.2389
[Tracker] Saved snapshot: ep0200_phase2_class0
[Phase] Finished phase2_class0 | best global_obj=0.9991
FFNN Using device: cuda:0
[Combined] Saved combined beta -> training_runs/SPECv17b_bias010_rl_census_3seeds_EP800_PCA10_REWfairness_minID1_majID0_TRJ2000_REAL3000_BIAS0.1_GG202603181228_767aa6de/seed_0/best_beta_state_dict.pt
[Combined] Saved combined synthetic -> training_runs/SPECv17b_bias010_rl_census_3seeds_EP800_PCA10_REWfairness_minID1_majID0_TRJ2000_REAL3000_BIAS0.1_GG202603181228_767aa6de/seed_0/best_synthetic_combined.npz
FFNN Using device: cuda:0
[TestSuite] Loaded best β weights from: training_runs/SPECv17b_bias010_rl_census_3seeds_EP800_PCA10_REWfairness_minID1_majID0_TRJ2000_REAL3000_BIAS0.1_GG202603181228_767aa6de/seed_0/best_beta_state_dict.pt

[TEST] Alpha -> F1(min)=0.4241 | F1(maj)=0.8917 | F1(weighted)=0.7791 | F1(macro)=0.6579 | Brier=0.1316
[TEST] Beta  -> F1(min)=0.4996 | F1(maj)=0.8930 | F1(weighted)=0.7982 | F1(macro)=0.6963 | Brier=0.1252
[TestSuite] Final test metrics appended to (seed): training_runs/SPECv17b_bias010_rl_census_3seeds_EP800_PCA10_REWfairness_minID1_majID0_TRJ2000_REAL3000_BIAS0.1_GG202603181228_767aa6de/seed_0/final_test_metrics.csv
[TestSuite] Final test metrics appended to (experiment): training_runs/SPECv17b_bias010_rl_census_3seeds_EP800_PCA10_REWfairness_minID1_majID0_TRJ2000_REAL3000_BIAS0.1_GG202603181228_767aa6de/final_test_metrics.csv
Total time 2126.20s
[Tracker] Finished. Run folder: training_runs/SPECv17b_bias010_rl_census_3seeds_EP800_PCA10_REWfairness_minID1_majID0_TRJ2000_REAL3000_BIAS0.1_GG202603181228_767aa6de/seed_0
[main] ---- running seed=1 ----
FFNN Using device: cuda:0
FFNN Using device: cuda:0
[Tracker] Experiment: SPECv17b_bias010_rl_census_3seeds_EP800_PCA10_REWfairness_minID1_majID0_TRJ2000_REAL3000_BIAS0.1_GG202603181228_767aa6de
[Tracker] Seed folder: training_runs/SPECv17b_bias010_rl_census_3seeds_EP800_PCA10_REWfairness_minID1_majID0_TRJ2000_REAL3000_BIAS0.1_GG202603181228_767aa6de/seed_1
[Tracker] Run: 2026-03-18_13-39-07_seed1_1356780_45935e0c
[Tracker] Metrics CSV: training_runs/SPECv17b_bias010_rl_census_3seeds_EP800_PCA10_REWfairness_minID1_majID0_TRJ2000_REAL3000_BIAS0.1_GG202603181228_767aa6de/seed_1/metrics.csv
[Tracker] Mirroring console to: training_runs/SPECv17b_bias010_rl_census_3seeds_EP800_PCA10_REWfairness_minID1_majID0_TRJ2000_REAL3000_BIAS0.1_GG202603181228_767aa6de/seed_1/console.log
[TRAIN] size=3000, minority=300 (10.00%)
[VAL] size=5493, minority=549 (9.99%)
[TEST] size=6513, minority=1569 (24.09%)
FFNN Using device: cuda:0
FFNN Using device: cuda:0
Beta will train with: 60.00% real data, 40.00% synthetic data: 
[disadv] group=1 per_g={0: 0.10380173474550247, 1: 0.27781814336776733} worst_4g=1.4295 soft_eo_alpha=0.0484
Anchors: 258 (disadv=1) sigma_anchor=0.8500
[Tracker] Alpha model state_dict saved to training_runs/SPECv17b_bias010_rl_census_3seeds_EP800_PCA10_REWfairness_minID1_majID0_TRJ2000_REAL3000_BIAS0.1_GG202603181228_767aa6de/seed_1/alpha_state_dict.pt
[Tracker] Alpha model config saved to training_runs/SPECv17b_bias010_rl_census_3seeds_EP800_PCA10_REWfairness_minID1_majID0_TRJ2000_REAL3000_BIAS0.1_GG202603181228_767aa6de/seed_1/ffnn_meta.json

============================================================
[Phase] Starting phase1_class1 | target_class=1 | episodes=800
============================================================
[Tracker] CSV header written with 44 columns.
[Tracker] Ep    1 | AvgR 0.0000 | Global 0.2715 | Local 0.0172 | F1_macro 0.6782 | WorstLoss 1.5269
[Tracker] New BEST synthetic [phase1_class1] (by global.global_obj: 0.271498) saved.
[Tracker] BEST β weights [phase1_class1] saved -> training_runs/SPECv17b_bias010_rl_census_3seeds_EP800_PCA10_REWfairness_minID1_majID0_TRJ2000_REAL3000_BIAS0.1_GG202603181228_767aa6de/seed_1/best_beta_state_dict_phase1_class1.pt
[Tracker] Ep    2 | AvgR 0.0000 | Global 0.1002 | Local 0.0183 | F1_macro 0.6811 | WorstLoss 1.6470
[Tracker] Ep    3 | AvgR 0.0000 | Global 0.1578 | Local 0.0196 | F1_macro 0.6875 | WorstLoss 1.5960
[Tracker] Ep    4 | AvgR 0.0000 | Global 0.2016 | Local 0.0115 | F1_macro 0.7051 | WorstLoss 1.5659
[Tracker] Ep    5 | AvgR 0.0000 | Global 0.2019 | Local 0.0100 | F1_macro 0.6916 | WorstLoss 1.5660
[Tracker] Saved snapshot: ep0005_phase1_class1
[Tracker] Ep    6 | AvgR 0.0000 | Global 0.2842 | Local 0.0130 | F1_macro 0.6941 | WorstLoss 1.5206
[Tracker] New BEST synthetic [phase1_class1] (by global.global_obj: 0.284170) saved.
[Tracker] BEST β weights [phase1_class1] saved -> training_runs/SPECv17b_bias010_rl_census_3seeds_EP800_PCA10_REWfairness_minID1_majID0_TRJ2000_REAL3000_BIAS0.1_GG202603181228_767aa6de/seed_1/best_beta_state_dict_phase1_class1.pt
[Tracker] Ep    7 | AvgR 0.0000 | Global 0.1921 | Local 0.0222 | F1_macro 0.6948 | WorstLoss 1.5707
[Tracker] Ep    8 | AvgR 0.0000 | Global 0.1462 | Local 0.0294 | F1_macro 0.6844 | WorstLoss 1.6047
[Tracker] Ep    9 | AvgR 0.0000 | Global 0.1075 | Local 0.0170 | F1_macro 0.6903 | WorstLoss 1.6398
[Tracker] Ep   10 | AvgR 0.0000 | Global 0.1098 | Local 0.0124 | F1_macro 0.6943 | WorstLoss 1.6377
[Tracker] Saved snapshot: ep0010_phase1_class1
[Tracker] Ep   11 | AvgR 0.0000 | Global 0.0482 | Local 0.0117 | F1_macro 0.6951 | WorstLoss 1.7269
[Tracker] Ep   12 | AvgR 0.0001 | Global 0.3999 | Local 0.0145 | F1_macro 0.7060 | WorstLoss 1.4693
[Tracker] New BEST synthetic [phase1_class1] (by global.global_obj: 0.399881) saved.
[Tracker] BEST β weights [phase1_class1] saved -> training_runs/SPECv17b_bias010_rl_census_3seeds_EP800_PCA10_REWfairness_minID1_majID0_TRJ2000_REAL3000_BIAS0.1_GG202603181228_767aa6de/seed_1/best_beta_state_dict_phase1_class1.pt
[Tracker] Ep   13 | AvgR 0.0001 | Global 0.5457 | Local 0.0137 | F1_macro 0.6975 | WorstLoss 1.4096
[Tracker] New BEST synthetic [phase1_class1] (by global.global_obj: 0.545674) saved.
[Tracker] BEST β weights [phase1_class1] saved -> training_runs/SPECv17b_bias010_rl_census_3seeds_EP800_PCA10_REWfairness_minID1_majID0_TRJ2000_REAL3000_BIAS0.1_GG202603181228_767aa6de/seed_1/best_beta_state_dict_phase1_class1.pt
[Tracker] Ep   14 | AvgR 0.0000 | Global 0.1566 | Local 0.0127 | F1_macro 0.6841 | WorstLoss 1.5958
[Tracker] Ep   15 | AvgR 0.0000 | Global 0.0438 | Local 0.0217 | F1_macro 0.6657 | WorstLoss 1.7361
[Tracker] Saved snapshot: ep0015_phase1_class1
[Tracker] Ep   16 | AvgR 0.0000 | Global 0.1172 | Local 0.0180 | F1_macro 0.6907 | WorstLoss 1.6303
[Tracker] Ep   17 | AvgR 0.0000 | Global 0.1463 | Local 0.0191 | F1_macro 0.6967 | WorstLoss 1.6046
[Tracker] Ep   18 | AvgR 0.0000 | Global 0.0277 | Local 0.0157 | F1_macro 0.6894 | WorstLoss 1.7834
[Tracker] Ep   19 | AvgR 0.0001 | Global 0.5931 | Local 0.0108 | F1_macro 0.7072 | WorstLoss 1.3898
[Tracker] New BEST synthetic [phase1_class1] (by global.global_obj: 0.593081) saved.
[Tracker] BEST β weights [phase1_class1] saved -> training_runs/SPECv17b_bias010_rl_census_3seeds_EP800_PCA10_REWfairness_minID1_majID0_TRJ2000_REAL3000_BIAS0.1_GG202603181228_767aa6de/seed_1/best_beta_state_dict_phase1_class1.pt
[Tracker] Ep   20 | AvgR 0.0000 | Global 0.1702 | Local 0.0138 | F1_macro 0.7035 | WorstLoss 1.5865
[Tracker] Saved snapshot: ep0020_phase1_class1
[Tracker] Ep   21 | AvgR 0.0000 | Global 0.0928 | Local 0.0172 | F1_macro 0.7054 | WorstLoss 1.6557
[Tracker] Ep   22 | AvgR 0.0001 | Global 0.4390 | Local 0.0103 | F1_macro 0.7095 | WorstLoss 1.4526
[Tracker] Ep   23 | AvgR 0.0001 | Global 0.6005 | Local 0.0100 | F1_macro 0.6927 | WorstLoss 1.3871
[Tracker] New BEST synthetic [phase1_class1] (by global.global_obj: 0.600517) saved.
[Tracker] BEST β weights [phase1_class1] saved -> training_runs/SPECv17b_bias010_rl_census_3seeds_EP800_PCA10_REWfairness_minID1_majID0_TRJ2000_REAL3000_BIAS0.1_GG202603181228_767aa6de/seed_1/best_beta_state_dict_phase1_class1.pt
[Tracker] Ep   24 | AvgR 0.0000 | Global 0.1118 | Local 0.0208 | F1_macro 0.6765 | WorstLoss 1.6342
[Tracker] Ep   25 | AvgR 0.0001 | Global 0.3824 | Local 0.0150 | F1_macro 0.6920 | WorstLoss 1.4742
[Tracker] Saved snapshot: ep0025_phase1_class1
[Tracker] Ep   26 | AvgR 0.0001 | Global 0.3556 | Local 0.0136 | F1_macro 0.7013 | WorstLoss 1.4864
[Tracker] Ep   27 | AvgR 0.0001 | Global 0.5597 | Local 0.0131 | F1_macro 0.6742 | WorstLoss 1.4024
[Tracker] Ep   28 | AvgR 0.0000 | Global 0.0366 | Local 0.0191 | F1_macro 0.6725 | WorstLoss 1.7545
[Tracker] Ep   29 | AvgR 0.0001 | Global 0.7601 | Local 0.0132 | F1_macro 0.7060 | WorstLoss 1.3108
[Tracker] New BEST synthetic [phase1_class1] (by global.global_obj: 0.760114) saved.
[Tracker] BEST β weights [phase1_class1] saved -> training_runs/SPECv17b_bias010_rl_census_3seeds_EP800_PCA10_REWfairness_minID1_majID0_TRJ2000_REAL3000_BIAS0.1_GG202603181228_767aa6de/seed_1/best_beta_state_dict_phase1_class1.pt
[Tracker] Ep   30 | AvgR 0.0000 | Global 0.1176 | Local 0.0138 | F1_macro 0.6791 | WorstLoss 1.6294
[Tracker] Saved snapshot: ep0030_phase1_class1
[Tracker] Ep   31 | AvgR 0.0000 | Global 0.1829 | Local 0.0199 | F1_macro 0.6917 | WorstLoss 1.5773
[Tracker] Ep   32 | AvgR 0.0000 | Global 0.2870 | Local 0.0158 | F1_macro 0.6896 | WorstLoss 1.5193
[Tracker] Ep   33 | AvgR 0.0000 | Global 0.2333 | Local 0.0122 | F1_macro 0.6645 | WorstLoss 1.5466
[Tracker] Ep   34 | AvgR 0.0001 | Global 0.4889 | Local 0.0131 | F1_macro 0.6813 | WorstLoss 1.4322
[Tracker] Ep   35 | AvgR 0.0001 | Global 0.4259 | Local 0.0239 | F1_macro 0.6815 | WorstLoss 1.4560
[Tracker] Saved snapshot: ep0035_phase1_class1
[Tracker] Ep   36 | AvgR 0.0001 | Global 0.3952 | Local 0.0301 | F1_macro 0.6877 | WorstLoss 1.4680
[Tracker] Ep   37 | AvgR 0.0000 | Global 0.2187 | Local 0.0172 | F1_macro 0.6899 | WorstLoss 1.5548
[Tracker] Ep   38 | AvgR 0.0001 | Global 0.3829 | Local 0.0203 | F1_macro 0.7054 | WorstLoss 1.4740
[Tracker] Ep   39 | AvgR 0.0001 | Global 0.5293 | Local 0.0184 | F1_macro 0.6902 | WorstLoss 1.4170
[Tracker] Ep   40 | AvgR 0.0000 | Global 0.1693 | Local 0.0128 | F1_macro 0.6778 | WorstLoss 1.5865
[Tracker] Saved snapshot: ep0040_phase1_class1
[Tracker] Ep   41 | AvgR 0.0001 | Global 0.2959 | Local 0.0181 | F1_macro 0.6728 | WorstLoss 1.5138
[Tracker] Ep   42 | AvgR 0.0001 | Global 0.3365 | Local 0.0225 | F1_macro 0.6917 | WorstLoss 1.4957
[Tracker] Ep   43 | AvgR 0.0001 | Global 0.3690 | Local 0.0204 | F1_macro 0.6752 | WorstLoss 1.4809
[Tracker] Ep   44 | AvgR 0.0000 | Global 0.1226 | Local 0.0305 | F1_macro 0.6996 | WorstLoss 1.6239
[Tracker] Ep   45 | AvgR 0.0000 | Global 0.0458 | Local 0.0151 | F1_macro 0.6762 | WorstLoss 1.7319
[Tracker] Saved snapshot: ep0045_phase1_class1
[Tracker] Ep   46 | AvgR 0.0000 | Global 0.1108 | Local 0.0172 | F1_macro 0.6830 | WorstLoss 1.6366
[Tracker] Ep   47 | AvgR 0.0001 | Global 0.3458 | Local 0.0118 | F1_macro 0.6832 | WorstLoss 1.4907
[Tracker] Ep   48 | AvgR 0.0000 | Global 0.2322 | Local 0.0126 | F1_macro 0.6957 | WorstLoss 1.5475
[Tracker] Ep   49 | AvgR 0.0001 | Global 0.7133 | Local 0.0212 | F1_macro 0.6924 | WorstLoss 1.3312
[Tracker] Ep   50 | AvgR 0.0001 | Global 0.5303 | Local 0.0141 | F1_macro 0.6854 | WorstLoss 1.4139
[Tracker] Saved snapshot: ep0050_phase1_class1
[Tracker] Ep   51 | AvgR 0.0001 | Global 0.4044 | Local 0.0266 | F1_macro 0.6857 | WorstLoss 1.4658
[Tracker] Ep   52 | AvgR 0.0001 | Global 0.8005 | Local 0.0140 | F1_macro 0.6989 | WorstLoss 1.2830
[Tracker] New BEST synthetic [phase1_class1] (by global.global_obj: 0.800548) saved.
[Tracker] BEST β weights [phase1_class1] saved -> training_runs/SPECv17b_bias010_rl_census_3seeds_EP800_PCA10_REWfairness_minID1_majID0_TRJ2000_REAL3000_BIAS0.1_GG202603181228_767aa6de/seed_1/best_beta_state_dict_phase1_class1.pt
[Tracker] Ep   53 | AvgR 0.0000 | Global 0.1431 | Local 0.0123 | F1_macro 0.6950 | WorstLoss 1.6068
[Tracker] Ep   54 | AvgR 0.0001 | Global 0.4499 | Local 0.0171 | F1_macro 0.6995 | WorstLoss 1.4475
[Tracker] Ep   55 | AvgR 0.0001 | Global 0.3111 | Local 0.0299 | F1_macro 0.7013 | WorstLoss 1.5070
[Tracker] Saved snapshot: ep0055_phase1_class1
[Tracker] Ep   56 | AvgR 0.0000 | Global 0.0434 | Local 0.0298 | F1_macro 0.6936 | WorstLoss 1.7371
[Tracker] Ep   57 | AvgR 0.0000 | Global 0.1498 | Local 0.0286 | F1_macro 0.6822 | WorstLoss 1.6010
[Tracker] Ep   58 | AvgR 0.0001 | Global 0.3472 | Local 0.0214 | F1_macro 0.6881 | WorstLoss 1.4914
[Tracker] Ep   59 | AvgR 0.0000 | Global 0.2032 | Local 0.0226 | F1_macro 0.6810 | WorstLoss 1.5638
[Tracker] Ep   60 | AvgR 0.0000 | Global 0.1034 | Local 0.0127 | F1_macro 0.6887 | WorstLoss 1.6440
[Tracker] Saved snapshot: ep0060_phase1_class1
[Tracker] Ep   61 | AvgR 0.0000 | Global 0.0298 | Local 0.0144 | F1_macro 0.6909 | WorstLoss 1.7767
[Tracker] Ep   62 | AvgR 0.0001 | Global 0.3702 | Local 0.0235 | F1_macro 0.6962 | WorstLoss 1.4803
[Tracker] Ep   63 | AvgR 0.0001 | Global 0.5642 | Local 0.0174 | F1_macro 0.6956 | WorstLoss 1.4012
[Tracker] Ep   64 | AvgR 0.0001 | Global 0.7137 | Local 0.0240 | F1_macro 0.6830 | WorstLoss 1.3353
[Tracker] Ep   65 | AvgR 0.0000 | Global 0.0869 | Local 0.0292 | F1_macro 0.6665 | WorstLoss 1.6628
[Tracker] Saved snapshot: ep0065_phase1_class1
[Tracker] Ep   66 | AvgR 0.0000 | Global 0.0759 | Local 0.0122 | F1_macro 0.6752 | WorstLoss 1.6778
[Tracker] Ep   67 | AvgR 0.0001 | Global 0.3196 | Local 0.0244 | F1_macro 0.6788 | WorstLoss 1.5018
[Tracker] Ep   68 | AvgR 0.0001 | Global 0.7293 | Local 0.0165 | F1_macro 0.6885 | WorstLoss 1.3260
[Tracker] Ep   69 | AvgR 0.0001 | Global 0.3466 | Local 0.0171 | F1_macro 0.6903 | WorstLoss 1.4901
[Tracker] Ep   70 | AvgR 0.0001 | Global 0.8037 | Local 0.0160 | F1_macro 0.6816 | WorstLoss 1.2840
[Tracker] Saved snapshot: ep0070_phase1_class1
[Tracker] New BEST synthetic [phase1_class1] (by global.global_obj: 0.803673) saved.
[Tracker] BEST β weights [phase1_class1] saved -> training_runs/SPECv17b_bias010_rl_census_3seeds_EP800_PCA10_REWfairness_minID1_majID0_TRJ2000_REAL3000_BIAS0.1_GG202603181228_767aa6de/seed_1/best_beta_state_dict_phase1_class1.pt
[Tracker] Ep   71 | AvgR 0.0000 | Global 0.0874 | Local 0.0274 | F1_macro 0.6834 | WorstLoss 1.6619
[Tracker] Ep   72 | AvgR 0.0001 | Global 0.3328 | Local 0.0244 | F1_macro 0.7032 | WorstLoss 1.4944
[Tracker] Ep   73 | AvgR 0.0001 | Global 0.3196 | Local 0.0154 | F1_macro 0.6908 | WorstLoss 1.5034
[Tracker] Ep   74 | AvgR 0.0000 | Global 0.1599 | Local 0.0344 | F1_macro 0.6983 | WorstLoss 1.5925
[Tracker] Ep   75 | AvgR 0.0001 | Global 0.2851 | Local 0.0152 | F1_macro 0.6993 | WorstLoss 1.5201
[Tracker] Saved snapshot: ep0075_phase1_class1
[Tracker] Ep   76 | AvgR 0.0001 | Global 0.5089 | Local 0.0241 | F1_macro 0.6706 | WorstLoss 1.4214
[Tracker] Ep   77 | AvgR 0.0000 | Global 0.2057 | Local 0.0184 | F1_macro 0.7032 | WorstLoss 1.5627
[Tracker] Ep   78 | AvgR 0.0000 | Global 0.2663 | Local 0.0121 | F1_macro 0.6794 | WorstLoss 1.5288
[Tracker] Ep   79 | AvgR 0.0000 | Global 0.0978 | Local 0.0255 | F1_macro 0.6804 | WorstLoss 1.6491
[Tracker] Ep   80 | AvgR 0.0001 | Global 0.3054 | Local 0.0268 | F1_macro 0.6743 | WorstLoss 1.5069
[Tracker] Saved snapshot: ep0080_phase1_class1
[Tracker] Ep   81 | AvgR 0.0000 | Global 0.0655 | Local 0.0353 | F1_macro 0.6809 | WorstLoss 1.6925
[Tracker] Ep   82 | AvgR 0.0001 | Global 0.2918 | Local 0.0354 | F1_macro 0.6511 | WorstLoss 1.5152
[Tracker] Ep   83 | AvgR 0.0001 | Global 0.7845 | Local 0.0188 | F1_macro 0.6847 | WorstLoss 1.2970
[Tracker] Ep   84 | AvgR 0.0001 | Global 0.2749 | Local 0.0309 | F1_macro 0.6936 | WorstLoss 1.5234
[Tracker] Ep   85 | AvgR 0.0001 | Global 0.3097 | Local 0.0223 | F1_macro 0.6857 | WorstLoss 1.5068
[Tracker] Saved snapshot: ep0085_phase1_class1
[Tracker] Ep   86 | AvgR 0.0001 | Global 0.7312 | Local 0.0207 | F1_macro 0.6873 | WorstLoss 1.3252
[Tracker] Ep   87 | AvgR 0.0001 | Global 0.4280 | Local 0.0325 | F1_macro 0.7034 | WorstLoss 1.4534
[Tracker] Ep   88 | AvgR 0.0001 | Global 0.4643 | Local 0.0222 | F1_macro 0.6745 | WorstLoss 1.4395
[Tracker] Ep   89 | AvgR 0.0001 | Global 0.3421 | Local 0.0214 | F1_macro 0.6765 | WorstLoss 1.4918
[Tracker] Ep   90 | AvgR 0.0001 | Global 0.5718 | Local 0.0295 | F1_macro 0.6820 | WorstLoss 1.3965
[Tracker] Saved snapshot: ep0090_phase1_class1
[Tracker] Ep   91 | AvgR 0.0000 | Global 0.1136 | Local 0.0250 | F1_macro 0.6912 | WorstLoss 1.6322
[Tracker] Ep   92 | AvgR 0.0001 | Global 0.5644 | Local 0.0373 | F1_macro 0.6874 | WorstLoss 1.3970
[Tracker] Ep   93 | AvgR 0.0000 | Global 0.1394 | Local 0.0295 | F1_macro 0.6845 | WorstLoss 1.6077
[Tracker] Ep   94 | AvgR 0.0001 | Global 0.5753 | Local 0.0228 | F1_macro 0.6850 | WorstLoss 1.3945
[Tracker] Ep   95 | AvgR 0.0001 | Global 0.6465 | Local 0.0246 | F1_macro 0.6801 | WorstLoss 1.3639
[Tracker] Saved snapshot: ep0095_phase1_class1
[Tracker] Ep   96 | AvgR 0.0001 | Global 0.4866 | Local 0.0152 | F1_macro 0.6913 | WorstLoss 1.4321
[Tracker] Ep   97 | AvgR 0.0001 | Global 0.5327 | Local 0.0259 | F1_macro 0.6857 | WorstLoss 1.4113
[Tracker] Ep   98 | AvgR 0.0001 | Global 0.8661 | Local 0.0186 | F1_macro 0.6876 | WorstLoss 1.2284
[Tracker] New BEST synthetic [phase1_class1] (by global.global_obj: 0.866099) saved.
[Tracker] BEST β weights [phase1_class1] saved -> training_runs/SPECv17b_bias010_rl_census_3seeds_EP800_PCA10_REWfairness_minID1_majID0_TRJ2000_REAL3000_BIAS0.1_GG202603181228_767aa6de/seed_1/best_beta_state_dict_phase1_class1.pt
[Tracker] Ep   99 | AvgR 0.0000 | Global 0.0036 | Local 0.0463 | F1_macro 0.6823 | WorstLoss 1.9887
[Tracker] Ep  100 | AvgR 0.0001 | Global 0.7807 | Local 0.0197 | F1_macro 0.6903 | WorstLoss 1.2937
[Tracker] Saved snapshot: ep0100_phase1_class1
[Tracker] Ep  101 | AvgR 0.0001 | Global 0.5247 | Local 0.0245 | F1_macro 0.6730 | WorstLoss 1.4160
[Tracker] Ep  102 | AvgR 0.0001 | Global 0.7103 | Local 0.0357 | F1_macro 0.6717 | WorstLoss 1.3324
[Tracker] Ep  103 | AvgR 0.0001 | Global 0.4014 | Local 0.0414 | F1_macro 0.7032 | WorstLoss 1.4660
[Tracker] Ep  104 | AvgR 0.0002 | Global 0.8828 | Local 0.0365 | F1_macro 0.6912 | WorstLoss 1.2104
[Tracker] New BEST synthetic [phase1_class1] (by global.global_obj: 0.882815) saved.
[Tracker] BEST β weights [phase1_class1] saved -> training_runs/SPECv17b_bias010_rl_census_3seeds_EP800_PCA10_REWfairness_minID1_majID0_TRJ2000_REAL3000_BIAS0.1_GG202603181228_767aa6de/seed_1/best_beta_state_dict_phase1_class1.pt
[Tracker] Ep  105 | AvgR 0.0001 | Global 0.5626 | Local 0.0223 | F1_macro 0.6862 | WorstLoss 1.4008
[Tracker] Saved snapshot: ep0105_phase1_class1
[Tracker] Ep  106 | AvgR 0.0001 | Global 0.6946 | Local 0.0315 | F1_macro 0.7057 | WorstLoss 1.3426
[Tracker] Ep  107 | AvgR 0.0001 | Global 0.3574 | Local 0.0559 | F1_macro 0.6933 | WorstLoss 1.4838
[Tracker] Ep  108 | AvgR 0.0001 | Global 0.6702 | Local 0.0193 | F1_macro 0.7038 | WorstLoss 1.3555
[Tracker] Ep  109 | AvgR 0.0001 | Global 0.4609 | Local 0.0457 | F1_macro 0.6967 | WorstLoss 1.4403
[Tracker] Ep  110 | AvgR 0.0001 | Global 0.5806 | Local 0.0304 | F1_macro 0.6838 | WorstLoss 1.3928
[Tracker] Saved snapshot: ep0110_phase1_class1
[Tracker] Ep  111 | AvgR 0.0001 | Global 0.4506 | Local 0.0218 | F1_macro 0.6783 | WorstLoss 1.4460
[Tracker] Ep  112 | AvgR 0.0001 | Global 0.7252 | Local 0.0195 | F1_macro 0.7020 | WorstLoss 1.3233
[Tracker] Ep  113 | AvgR 0.0001 | Global 0.7418 | Local 0.0185 | F1_macro 0.6989 | WorstLoss 1.3204
[Tracker] Ep  114 | AvgR 0.0001 | Global 0.3875 | Local 0.0149 | F1_macro 0.6755 | WorstLoss 1.4736
[Tracker] Ep  115 | AvgR 0.0001 | Global 0.7778 | Local 0.0269 | F1_macro 0.6855 | WorstLoss 1.2934
[Tracker] Saved snapshot: ep0115_phase1_class1
[Tracker] Ep  116 | AvgR 0.0001 | Global 0.3228 | Local 0.0302 | F1_macro 0.6924 | WorstLoss 1.5001
[Tracker] Ep  117 | AvgR 0.0001 | Global 0.6723 | Local 0.0246 | F1_macro 0.6790 | WorstLoss 1.3515
[Tracker] Ep  118 | AvgR 0.0001 | Global 0.2936 | Local 0.0184 | F1_macro 0.6903 | WorstLoss 1.5136
[Tracker] Ep  119 | AvgR 0.0001 | Global 0.3278 | Local 0.0339 | F1_macro 0.6673 | WorstLoss 1.4981
[Tracker] Ep  120 | AvgR 0.0001 | Global 0.3137 | Local 0.0328 | F1_macro 0.6974 | WorstLoss 1.5039
[Tracker] Saved snapshot: ep0120_phase1_class1
[Tracker] Ep  121 | AvgR 0.0001 | Global 0.7937 | Local 0.0308 | F1_macro 0.6820 | WorstLoss 1.2848
[Tracker] Ep  122 | AvgR 0.0000 | Global 0.2493 | Local 0.0205 | F1_macro 0.6603 | WorstLoss 1.5363
[Tracker] Ep  123 | AvgR 0.0001 | Global 0.4915 | Local 0.0392 | F1_macro 0.6711 | WorstLoss 1.4285
[Tracker] Ep  124 | AvgR 0.0001 | Global 0.8477 | Local 0.0212 | F1_macro 0.6918 | WorstLoss 1.2515
[Tracker] Ep  125 | AvgR 0.0001 | Global 0.5945 | Local 0.0484 | F1_macro 0.6778 | WorstLoss 1.3847
[Tracker] Saved snapshot: ep0125_phase1_class1
[Tracker] Ep  126 | AvgR 0.0001 | Global 0.5005 | Local 0.0229 | F1_macro 0.6885 | WorstLoss 1.4258
[Tracker] Ep  127 | AvgR 0.0001 | Global 0.7603 | Local 0.0322 | F1_macro 0.6905 | WorstLoss 1.3037
[Tracker] Ep  128 | AvgR 0.0001 | Global 0.5342 | Local 0.0335 | F1_macro 0.6714 | WorstLoss 1.4109
[Tracker] Ep  129 | AvgR 0.0001 | Global 0.3287 | Local 0.0220 | F1_macro 0.6733 | WorstLoss 1.4983
[Tracker] Ep  130 | AvgR 0.0002 | Global 0.8786 | Local 0.0335 | F1_macro 0.6935 | WorstLoss 1.2151
[Tracker] Saved snapshot: ep0130_phase1_class1
[Tracker] Ep  131 | AvgR 0.0001 | Global 0.7504 | Local 0.0319 | F1_macro 0.6814 | WorstLoss 1.3118
[Tracker] Ep  132 | AvgR 0.0001 | Global 0.6444 | Local 0.0264 | F1_macro 0.6732 | WorstLoss 1.3643
[Tracker] Ep  133 | AvgR 0.0001 | Global 0.8520 | Local 0.0199 | F1_macro 0.6932 | WorstLoss 1.2445
[Tracker] Ep  134 | AvgR 0.0002 | Global 0.8564 | Local 0.0238 | F1_macro 0.6775 | WorstLoss 1.2349
[Tracker] Ep  135 | AvgR 0.0001 | Global 0.2650 | Local 0.0359 | F1_macro 0.6834 | WorstLoss 1.5278
[Tracker] Saved snapshot: ep0135_phase1_class1
[Tracker] Ep  136 | AvgR 0.0001 | Global 0.6163 | Local 0.0322 | F1_macro 0.6710 | WorstLoss 1.3761
[Tracker] Ep  137 | AvgR 0.0001 | Global 0.5596 | Local 0.0358 | F1_macro 0.6700 | WorstLoss 1.4008
[Tracker] Ep  138 | AvgR 0.0001 | Global 0.4266 | Local 0.0355 | F1_macro 0.6788 | WorstLoss 1.4557
[Tracker] Ep  139 | AvgR 0.0001 | Global 0.5174 | Local 0.0397 | F1_macro 0.6658 | WorstLoss 1.4191
[Tracker] Ep  140 | AvgR 0.0001 | Global 0.6531 | Local 0.0125 | F1_macro 0.6821 | WorstLoss 1.3629
[Tracker] Saved snapshot: ep0140_phase1_class1
[Tracker] Ep  141 | AvgR 0.0001 | Global 0.7276 | Local 0.0284 | F1_macro 0.6939 | WorstLoss 1.3263
[Tracker] Ep  142 | AvgR 0.0001 | Global 0.8028 | Local 0.0246 | F1_macro 0.6770 | WorstLoss 1.2825
[Tracker] Ep  143 | AvgR 0.0001 | Global 0.7926 | Local 0.0303 | F1_macro 0.6589 | WorstLoss 1.2852
[Tracker] Ep  144 | AvgR 0.0001 | Global 0.5989 | Local 0.0211 | F1_macro 0.6827 | WorstLoss 1.3850
[Tracker] Ep  145 | AvgR 0.0001 | Global 0.5576 | Local 0.0192 | F1_macro 0.6761 | WorstLoss 1.4038
[Tracker] Saved snapshot: ep0145_phase1_class1
[Tracker] Ep  146 | AvgR 0.0001 | Global 0.6738 | Local 0.0259 | F1_macro 0.6675 | WorstLoss 1.3504
[Tracker] Ep  147 | AvgR 0.0001 | Global 0.5645 | Local 0.0343 | F1_macro 0.6913 | WorstLoss 1.3997
[Tracker] Ep  148 | AvgR 0.0001 | Global 0.7020 | Local 0.0548 | F1_macro 0.6527 | WorstLoss 1.3326
[Tracker] Ep  149 | AvgR 0.0001 | Global 0.4858 | Local 0.0246 | F1_macro 0.6621 | WorstLoss 1.4308
[Tracker] Ep  150 | AvgR 0.0001 | Global 0.5928 | Local 0.0232 | F1_macro 0.6730 | WorstLoss 1.3897
[Tracker] Saved snapshot: ep0150_phase1_class1
[Tracker] Ep  151 | AvgR 0.0001 | Global 0.7487 | Local 0.0372 | F1_macro 0.6720 | WorstLoss 1.3105
[Tracker] Ep  152 | AvgR 0.0000 | Global 0.1866 | Local 0.0410 | F1_macro 0.6589 | WorstLoss 1.5748
[Tracker] Ep  153 | AvgR 0.0001 | Global 0.4663 | Local 0.0468 | F1_macro 0.6765 | WorstLoss 1.4370
[Tracker] Ep  154 | AvgR 0.0001 | Global 0.6830 | Local 0.0601 | F1_macro 0.6576 | WorstLoss 1.3387
[Tracker] Ep  155 | AvgR 0.0001 | Global 0.4326 | Local 0.0348 | F1_macro 0.6476 | WorstLoss 1.4525
[Tracker] Saved snapshot: ep0155_phase1_class1
[Tracker] Ep  156 | AvgR 0.0001 | Global 0.7530 | Local 0.0474 | F1_macro 0.6513 | WorstLoss 1.3073
[Tracker] Ep  157 | AvgR 0.0001 | Global 0.5480 | Local 0.0487 | F1_macro 0.6687 | WorstLoss 1.4032
[Tracker] Ep  158 | AvgR 0.0001 | Global 0.7633 | Local 0.0528 | F1_macro 0.6632 | WorstLoss 1.3051
[Tracker] Ep  159 | AvgR 0.0001 | Global 0.6349 | Local 0.0300 | F1_macro 0.6710 | WorstLoss 1.3669
[Tracker] Ep  160 | AvgR 0.0001 | Global 0.7814 | Local 0.0214 | F1_macro 0.6670 | WorstLoss 1.2937
[Tracker] Saved snapshot: ep0160_phase1_class1
[Tracker] Ep  161 | AvgR 0.0001 | Global 0.5518 | Local 0.0353 | F1_macro 0.6674 | WorstLoss 1.4021
[Tracker] Ep  162 | AvgR 0.0001 | Global 0.5571 | Local 0.0383 | F1_macro 0.6892 | WorstLoss 1.4017
[Tracker] Ep  163 | AvgR 0.0001 | Global 0.7206 | Local 0.0315 | F1_macro 0.6526 | WorstLoss 1.3276
[Tracker] Ep  164 | AvgR 0.0001 | Global 0.7532 | Local 0.0264 | F1_macro 0.6749 | WorstLoss 1.3096
[Tracker] Ep  165 | AvgR 0.0002 | Global 0.8585 | Local 0.0404 | F1_macro 0.6652 | WorstLoss 1.2313
[Tracker] Saved snapshot: ep0165_phase1_class1
[Tracker] Ep  166 | AvgR 0.0001 | Global 0.6502 | Local 0.0385 | F1_macro 0.6677 | WorstLoss 1.3613
[Tracker] Ep  167 | AvgR 0.0001 | Global 0.4638 | Local 0.0501 | F1_macro 0.6628 | WorstLoss 1.4401
[Tracker] Ep  168 | AvgR 0.0001 | Global 0.4390 | Local 0.0261 | F1_macro 0.6607 | WorstLoss 1.4500
[Tracker] Ep  169 | AvgR 0.0001 | Global 0.7142 | Local 0.0290 | F1_macro 0.6682 | WorstLoss 1.3335
[Tracker] Ep  170 | AvgR 0.0001 | Global 0.7710 | Local 0.0275 | F1_macro 0.6795 | WorstLoss 1.3005
[Tracker] Saved snapshot: ep0170_phase1_class1
[Tracker] Ep  171 | AvgR 0.0002 | Global 0.8485 | Local 0.0448 | F1_macro 0.6741 | WorstLoss 1.2426
[Tracker] Ep  172 | AvgR 0.0001 | Global 0.7772 | Local 0.0356 | F1_macro 0.6755 | WorstLoss 1.2956
[Tracker] Ep  173 | AvgR 0.0002 | Global 0.8158 | Local 0.0342 | F1_macro 0.6693 | WorstLoss 1.2733
[Tracker] Ep  174 | AvgR 0.0001 | Global 0.5389 | Local 0.0400 | F1_macro 0.6589 | WorstLoss 1.4124
[Tracker] Ep  175 | AvgR 0.0001 | Global 0.8066 | Local 0.0295 | F1_macro 0.6673 | WorstLoss 1.2770
[Tracker] Saved snapshot: ep0175_phase1_class1
[Tracker] Ep  176 | AvgR 0.0001 | Global 0.2753 | Local 0.0510 | F1_macro 0.6884 | WorstLoss 1.5242
[Tracker] Ep  177 | AvgR 0.0002 | Global 0.8410 | Local 0.0340 | F1_macro 0.6751 | WorstLoss 1.2545
[Tracker] Ep  178 | AvgR 0.0001 | Global 0.4129 | Local 0.0306 | F1_macro 0.6633 | WorstLoss 1.4616
[Tracker] Ep  179 | AvgR 0.0001 | Global 0.7808 | Local 0.0346 | F1_macro 0.6690 | WorstLoss 1.2932
[Tracker] Ep  180 | AvgR 0.0002 | Global 0.9085 | Local 0.0260 | F1_macro 0.6705 | WorstLoss 1.1819
[Tracker] Saved snapshot: ep0180_phase1_class1
[Tracker] New BEST synthetic [phase1_class1] (by global.global_obj: 0.908496) saved.
[Tracker] BEST β weights [phase1_class1] saved -> training_runs/SPECv17b_bias010_rl_census_3seeds_EP800_PCA10_REWfairness_minID1_majID0_TRJ2000_REAL3000_BIAS0.1_GG202603181228_767aa6de/seed_1/best_beta_state_dict_phase1_class1.pt
[Tracker] Ep  181 | AvgR 0.0002 | Global 0.8248 | Local 0.0331 | F1_macro 0.6820 | WorstLoss 1.2644
[Tracker] Ep  182 | AvgR 0.0002 | Global 0.8711 | Local 0.0340 | F1_macro 0.6880 | WorstLoss 1.2269
[Tracker] Ep  183 | AvgR 0.0000 | Global 0.1496 | Local 0.0451 | F1_macro 0.6311 | WorstLoss 1.5991
[Tracker] Ep  184 | AvgR 0.0002 | Global 0.8196 | Local 0.0264 | F1_macro 0.6556 | WorstLoss 1.2632
[Tracker] Ep  185 | AvgR 0.0001 | Global 0.6373 | Local 0.0407 | F1_macro 0.6519 | WorstLoss 1.3683
[Tracker] Saved snapshot: ep0185_phase1_class1
[Tracker] Ep  186 | AvgR 0.0001 | Global 0.7316 | Local 0.0248 | F1_macro 0.6741 | WorstLoss 1.3223
[Tracker] Ep  187 | AvgR 0.0002 | Global 0.8839 | Local 0.0223 | F1_macro 0.6789 | WorstLoss 1.2217
[Tracker] Ep  188 | AvgR 0.0001 | Global 0.6450 | Local 0.0205 | F1_macro 0.6723 | WorstLoss 1.3679
[Tracker] Ep  189 | AvgR 0.0001 | Global 0.7515 | Local 0.0390 | F1_macro 0.6600 | WorstLoss 1.3097
[Tracker] Ep  190 | AvgR 0.0002 | Global 0.8771 | Local 0.0262 | F1_macro 0.6648 | WorstLoss 1.2180
[Tracker] Saved snapshot: ep0190_phase1_class1
[Tracker] Ep  191 | AvgR 0.0001 | Global 0.7333 | Local 0.0470 | F1_macro 0.6648 | WorstLoss 1.3204
[Tracker] Ep  192 | AvgR 0.0001 | Global 0.7315 | Local 0.0186 | F1_macro 0.6657 | WorstLoss 1.3250
[Tracker] Ep  193 | AvgR 0.0001 | Global 0.5556 | Local 0.0536 | F1_macro 0.6717 | WorstLoss 1.4018
[Tracker] Ep  194 | AvgR 0.0001 | Global 0.7957 | Local 0.0252 | F1_macro 0.6560 | WorstLoss 1.2901
[Tracker] Ep  195 | AvgR 0.0001 | Global 0.7874 | Local 0.0361 | F1_macro 0.6829 | WorstLoss 1.2912
[Tracker] Saved snapshot: ep0195_phase1_class1
[Tracker] Ep  196 | AvgR 0.0001 | Global 0.5997 | Local 0.0263 | F1_macro 0.6625 | WorstLoss 1.3857
[Tracker] Ep  197 | AvgR 0.0002 | Global 0.8364 | Local 0.0394 | F1_macro 0.6682 | WorstLoss 1.2489
[Tracker] Ep  198 | AvgR 0.0001 | Global 0.6539 | Local 0.0265 | F1_macro 0.6602 | WorstLoss 1.3605
[Tracker] Ep  199 | AvgR 0.0002 | Global 0.8580 | Local 0.0504 | F1_macro 0.6640 | WorstLoss 1.2276
[Tracker] Ep  200 | AvgR 0.0001 | Global 0.7668 | Local 0.0245 | F1_macro 0.6650 | WorstLoss 1.3034
[Tracker] Saved snapshot: ep0200_phase1_class1
[Tracker] Ep  201 | AvgR 0.0001 | Global 0.6245 | Local 0.0471 | F1_macro 0.6558 | WorstLoss 1.3696
[Tracker] Ep  202 | AvgR 0.0001 | Global 0.6080 | Local 0.0451 | F1_macro 0.6561 | WorstLoss 1.3801
[Tracker] Ep  203 | AvgR 0.0001 | Global 0.8049 | Local 0.0255 | F1_macro 0.6697 | WorstLoss 1.2806
[Tracker] Ep  204 | AvgR 0.0001 | Global 0.7227 | Local 0.0365 | F1_macro 0.6696 | WorstLoss 1.3269
[Tracker] Ep  205 | AvgR 0.0002 | Global 0.8137 | Local 0.0294 | F1_macro 0.6678 | WorstLoss 1.2729
[Tracker] Saved snapshot: ep0205_phase1_class1
[Tracker] Ep  206 | AvgR 0.0001 | Global 0.4958 | Local 0.0368 | F1_macro 0.6558 | WorstLoss 1.4279
[Tracker] Ep  207 | AvgR 0.0001 | Global 0.7227 | Local 0.0365 | F1_macro 0.6607 | WorstLoss 1.3259
[Tracker] Ep  208 | AvgR 0.0002 | Global 0.8717 | Local 0.0392 | F1_macro 0.6685 | WorstLoss 1.2211
[Tracker] Ep  209 | AvgR 0.0002 | Global 0.8560 | Local 0.0286 | F1_macro 0.6900 | WorstLoss 1.2350
[Tracker] Ep  210 | AvgR 0.0002 | Global 0.7766 | Local 0.0488 | F1_macro 0.6669 | WorstLoss 1.2908
[Tracker] Saved snapshot: ep0210_phase1_class1
[Tracker] Ep  211 | AvgR 0.0001 | Global 0.7303 | Local 0.0381 | F1_macro 0.6601 | WorstLoss 1.3233
[Tracker] Ep  212 | AvgR 0.0002 | Global 0.7920 | Local 0.0689 | F1_macro 0.6597 | WorstLoss 1.2803
[Tracker] Ep  213 | AvgR 0.0001 | Global 0.6744 | Local 0.0751 | F1_macro 0.6527 | WorstLoss 1.3456
[Tracker] Ep  214 | AvgR 0.0001 | Global 0.7115 | Local 0.0458 | F1_macro 0.6547 | WorstLoss 1.3290
[Tracker] Ep  215 | AvgR 0.0001 | Global 0.7522 | Local 0.0424 | F1_macro 0.6652 | WorstLoss 1.3052
[Tracker] Saved snapshot: ep0215_phase1_class1
[Tracker] Ep  216 | AvgR 0.0001 | Global 0.7691 | Local 0.0405 | F1_macro 0.6716 | WorstLoss 1.2967
[Tracker] Ep  217 | AvgR 0.0001 | Global 0.2149 | Local 0.0479 | F1_macro 0.6768 | WorstLoss 1.5564
[Tracker] Ep  218 | AvgR 0.0002 | Global 0.8269 | Local 0.0560 | F1_macro 0.6543 | WorstLoss 1.2569
[Tracker] Ep  219 | AvgR 0.0001 | Global 0.5829 | Local 0.0530 | F1_macro 0.6661 | WorstLoss 1.3878
[Tracker] Ep  220 | AvgR 0.0002 | Global 0.7704 | Local 0.0647 | F1_macro 0.6408 | WorstLoss 1.2906
[Tracker] Saved snapshot: ep0220_phase1_class1
[Tracker] Ep  221 | AvgR 0.0001 | Global 0.6016 | Local 0.0514 | F1_macro 0.6594 | WorstLoss 1.3818
[Tracker] Ep  222 | AvgR 0.0002 | Global 0.7986 | Local 0.0418 | F1_macro 0.6562 | WorstLoss 1.2817
[Tracker] Ep  223 | AvgR 0.0002 | Global 0.8985 | Local 0.0327 | F1_macro 0.6733 | WorstLoss 1.1950
[Tracker] Ep  224 | AvgR 0.0001 | Global 0.6421 | Local 0.0437 | F1_macro 0.6487 | WorstLoss 1.3627
[Tracker] Ep  225 | AvgR 0.0002 | Global 0.8064 | Local 0.0429 | F1_macro 0.6791 | WorstLoss 1.2734
[Tracker] Saved snapshot: ep0225_phase1_class1
[Tracker] Ep  226 | AvgR 0.0001 | Global 0.5949 | Local 0.0425 | F1_macro 0.6439 | WorstLoss 1.3822
[Tracker] Ep  227 | AvgR 0.0001 | Global 0.7475 | Local 0.0296 | F1_macro 0.6502 | WorstLoss 1.3132
[Tracker] Ep  228 | AvgR 0.0002 | Global 0.8751 | Local 0.0199 | F1_macro 0.6732 | WorstLoss 1.2261
[Tracker] Ep  229 | AvgR 0.0001 | Global 0.7399 | Local 0.0456 | F1_macro 0.6527 | WorstLoss 1.3160
[Tracker] Ep  230 | AvgR 0.0002 | Global 0.8089 | Local 0.0257 | F1_macro 0.6613 | WorstLoss 1.2774
[Tracker] Saved snapshot: ep0230_phase1_class1
[Tracker] Ep  231 | AvgR 0.0001 | Global 0.6141 | Local 0.0543 | F1_macro 0.6473 | WorstLoss 1.3765
[Tracker] Ep  232 | AvgR 0.0002 | Global 0.8166 | Local 0.0473 | F1_macro 0.6697 | WorstLoss 1.2621
[Tracker] Ep  233 | AvgR 0.0002 | Global 0.8838 | Local 0.0297 | F1_macro 0.6852 | WorstLoss 1.2178
[Tracker] Ep  234 | AvgR 0.0001 | Global 0.3361 | Local 0.0418 | F1_macro 0.6475 | WorstLoss 1.4936
[Tracker] Ep  235 | AvgR 0.0001 | Global 0.7385 | Local 0.0465 | F1_macro 0.6742 | WorstLoss 1.3164
[Tracker] Saved snapshot: ep0235_phase1_class1
[Tracker] Ep  236 | AvgR 0.0001 | Global 0.7022 | Local 0.0322 | F1_macro 0.6848 | WorstLoss 1.3407
[Tracker] Ep  237 | AvgR 0.0001 | Global 0.7273 | Local 0.0467 | F1_macro 0.6584 | WorstLoss 1.3279
[Tracker] Ep  238 | AvgR 0.0002 | Global 0.8807 | Local 0.0249 | F1_macro 0.6920 | WorstLoss 1.2197
[Tracker] Ep  239 | AvgR 0.0001 | Global 0.7557 | Local 0.0346 | F1_macro 0.6544 | WorstLoss 1.3070
[Tracker] Ep  240 | AvgR 0.0002 | Global 0.8652 | Local 0.0366 | F1_macro 0.6683 | WorstLoss 1.2273
[Tracker] Saved snapshot: ep0240_phase1_class1
[Tracker] Ep  241 | AvgR 0.0002 | Global 0.7550 | Local 0.0558 | F1_macro 0.6434 | WorstLoss 1.3007
[Tracker] Ep  242 | AvgR 0.0001 | Global 0.2107 | Local 0.0500 | F1_macro 0.6519 | WorstLoss 1.5588
[Tracker] Ep  243 | AvgR 0.0001 | Global 0.5361 | Local 0.0334 | F1_macro 0.6578 | WorstLoss 1.4108
[Tracker] Ep  244 | AvgR 0.0002 | Global 0.7650 | Local 0.0422 | F1_macro 0.6778 | WorstLoss 1.3022
[Tracker] Ep  245 | AvgR 0.0001 | Global 0.7417 | Local 0.0338 | F1_macro 0.6632 | WorstLoss 1.3182
[Tracker] Saved snapshot: ep0245_phase1_class1
[Tracker] Ep  246 | AvgR 0.0002 | Global 0.8561 | Local 0.0254 | F1_macro 0.6706 | WorstLoss 1.2426
[Tracker] Ep  247 | AvgR 0.0001 | Global 0.5616 | Local 0.0236 | F1_macro 0.6362 | WorstLoss 1.4014
[Tracker] Ep  248 | AvgR 0.0001 | Global 0.6930 | Local 0.0423 | F1_macro 0.6707 | WorstLoss 1.3429
[Tracker] Ep  249 | AvgR 0.0001 | Global 0.5388 | Local 0.0426 | F1_macro 0.6531 | WorstLoss 1.4114
[Tracker] Ep  250 | AvgR 0.0002 | Global 0.8378 | Local 0.0363 | F1_macro 0.6645 | WorstLoss 1.2516
[Tracker] Saved snapshot: ep0250_phase1_class1
[Tracker] Ep  251 | AvgR 0.0002 | Global 0.7741 | Local 0.0421 | F1_macro 0.6600 | WorstLoss 1.2990
[Tracker] Ep  252 | AvgR 0.0002 | Global 0.7978 | Local 0.0385 | F1_macro 0.6876 | WorstLoss 1.2864
[Tracker] Ep  253 | AvgR 0.0002 | Global 0.9367 | Local 0.0391 | F1_macro 0.6796 | WorstLoss 1.1117
[Tracker] New BEST synthetic [phase1_class1] (by global.global_obj: 0.936697) saved.
[Tracker] BEST β weights [phase1_class1] saved -> training_runs/SPECv17b_bias010_rl_census_3seeds_EP800_PCA10_REWfairness_minID1_majID0_TRJ2000_REAL3000_BIAS0.1_GG202603181228_767aa6de/seed_1/best_beta_state_dict_phase1_class1.pt
[Tracker] Ep  254 | AvgR 0.0002 | Global 0.8965 | Local 0.0261 | F1_macro 0.6604 | WorstLoss 1.1946
[Tracker] Ep  255 | AvgR 0.0002 | Global 0.9088 | Local 0.0391 | F1_macro 0.6764 | WorstLoss 1.1707
[Tracker] Saved snapshot: ep0255_phase1_class1
[Tracker] Ep  256 | AvgR 0.0002 | Global 0.7743 | Local 0.0417 | F1_macro 0.6698 | WorstLoss 1.2995
[Tracker] Ep  257 | AvgR 0.0002 | Global 0.7919 | Local 0.0607 | F1_macro 0.6716 | WorstLoss 1.2768
[Tracker] Ep  258 | AvgR 0.0001 | Global 0.6842 | Local 0.0786 | F1_macro 0.6494 | WorstLoss 1.3437
[Tracker] Ep  259 | AvgR 0.0002 | Global 0.7306 | Local 0.0544 | F1_macro 0.6517 | WorstLoss 1.3198
[Tracker] Ep  260 | AvgR 0.0001 | Global 0.7265 | Local 0.0497 | F1_macro 0.6723 | WorstLoss 1.3242
[Tracker] Saved snapshot: ep0260_phase1_class1
[Tracker] Ep  261 | AvgR 0.0001 | Global 0.7079 | Local 0.0503 | F1_macro 0.6676 | WorstLoss 1.3365
[Tracker] Ep  262 | AvgR 0.0002 | Global 0.7908 | Local 0.0963 | F1_macro 0.6524 | WorstLoss 1.2722
[Tracker] Ep  263 | AvgR 0.0002 | Global 0.8212 | Local 0.0499 | F1_macro 0.6643 | WorstLoss 1.2648
[Tracker] Ep  264 | AvgR 0.0002 | Global 0.7771 | Local 0.0563 | F1_macro 0.6410 | WorstLoss 1.2906
[Tracker] Ep  265 | AvgR 0.0002 | Global 0.7782 | Local 0.0557 | F1_macro 0.6603 | WorstLoss 1.2938
[Tracker] Saved snapshot: ep0265_phase1_class1
[Tracker] Ep  266 | AvgR 0.0002 | Global 0.8609 | Local 0.0479 | F1_macro 0.6737 | WorstLoss 1.2327
[Tracker] Ep  267 | AvgR 0.0001 | Global 0.6114 | Local 0.0544 | F1_macro 0.6700 | WorstLoss 1.3775
[Tracker] Ep  268 | AvgR 0.0002 | Global 0.8398 | Local 0.0469 | F1_macro 0.6565 | WorstLoss 1.2487
[Tracker] Ep  269 | AvgR 0.0002 | Global 0.8016 | Local 0.0718 | F1_macro 0.6561 | WorstLoss 1.2727
[Tracker] Ep  270 | AvgR 0.0002 | Global 0.7531 | Local 0.0462 | F1_macro 0.6692 | WorstLoss 1.3115
[Tracker] Saved snapshot: ep0270_phase1_class1
[Tracker] Ep  271 | AvgR 0.0001 | Global 0.6727 | Local 0.0492 | F1_macro 0.6524 | WorstLoss 1.3492
[Tracker] Ep  272 | AvgR 0.0002 | Global 0.7929 | Local 0.0612 | F1_macro 0.6676 | WorstLoss 1.2798
[Tracker] Ep  273 | AvgR 0.0002 | Global 0.8296 | Local 0.0826 | F1_macro 0.6537 | WorstLoss 1.2461
[Tracker] Ep  274 | AvgR 0.0001 | Global 0.6386 | Local 0.0608 | F1_macro 0.6473 | WorstLoss 1.3643
[Tracker] Ep  275 | AvgR 0.0002 | Global 0.7800 | Local 0.0763 | F1_macro 0.6356 | WorstLoss 1.2863
[Tracker] Saved snapshot: ep0275_phase1_class1
[Tracker] Ep  276 | AvgR 0.0002 | Global 0.8805 | Local 0.0672 | F1_macro 0.6760 | WorstLoss 1.2008
[Tracker] Ep  277 | AvgR 0.0002 | Global 0.8222 | Local 0.0742 | F1_macro 0.6482 | WorstLoss 1.2558
[Tracker] Ep  278 | AvgR 0.0002 | Global 0.8336 | Local 0.0725 | F1_macro 0.6619 | WorstLoss 1.2449
[Tracker] Ep  279 | AvgR 0.0001 | Global 0.2437 | Local 0.0830 | F1_macro 0.6660 | WorstLoss 1.5381
[Tracker] Ep  280 | AvgR 0.0002 | Global 0.8779 | Local 0.0862 | F1_macro 0.6636 | WorstLoss 1.2061
[Tracker] Saved snapshot: ep0280_phase1_class1
[Tracker] Ep  281 | AvgR 0.0002 | Global 0.7311 | Local 0.0800 | F1_macro 0.6540 | WorstLoss 1.3156
[Tracker] Ep  282 | AvgR 0.0002 | Global 0.8913 | Local 0.1149 | F1_macro 0.6698 | WorstLoss 1.1694
[Tracker] Ep  283 | AvgR 0.0002 | Global 0.8718 | Local 0.1021 | F1_macro 0.6524 | WorstLoss 1.2065
[Tracker] Ep  284 | AvgR 0.0002 | Global 0.7309 | Local 0.0884 | F1_macro 0.6440 | WorstLoss 1.3147
[Tracker] Ep  285 | AvgR 0.0002 | Global 0.7230 | Local 0.0898 | F1_macro 0.6295 | WorstLoss 1.3165
[Tracker] Saved snapshot: ep0285_phase1_class1
[Tracker] Ep  286 | AvgR 0.0002 | Global 0.8803 | Local 0.0676 | F1_macro 0.6523 | WorstLoss 1.2023
[Tracker] Ep  287 | AvgR 0.0002 | Global 0.7508 | Local 0.0897 | F1_macro 0.6461 | WorstLoss 1.3058
[Tracker] Ep  288 | AvgR 0.0002 | Global 0.8574 | Local 0.1006 | F1_macro 0.6474 | WorstLoss 1.2064
[Tracker] Ep  289 | AvgR 0.0002 | Global 0.8792 | Local 0.0742 | F1_macro 0.6637 | WorstLoss 1.1870
[Tracker] Ep  290 | AvgR 0.0002 | Global 0.8668 | Local 0.0893 | F1_macro 0.6651 | WorstLoss 1.2086
[Tracker] Saved snapshot: ep0290_phase1_class1
[Tracker] Ep  291 | AvgR 0.0002 | Global 0.9117 | Local 0.1111 | F1_macro 0.6730 | WorstLoss 1.1382
[Tracker] Ep  292 | AvgR 0.0002 | Global 0.8904 | Local 0.1181 | F1_macro 0.6467 | WorstLoss 1.1423
[Tracker] Ep  293 | AvgR 0.0002 | Global 0.8991 | Local 0.1024 | F1_macro 0.6825 | WorstLoss 1.1777
[Tracker] Ep  294 | AvgR 0.0002 | Global 0.7344 | Local 0.1199 | F1_macro 0.6504 | WorstLoss 1.2957
[Tracker] Ep  295 | AvgR 0.0002 | Global 0.6651 | Local 0.1032 | F1_macro 0.6592 | WorstLoss 1.3502
[Tracker] Saved snapshot: ep0295_phase1_class1
[Tracker] Ep  296 | AvgR 0.0002 | Global 0.7827 | Local 0.1056 | F1_macro 0.6498 | WorstLoss 1.2757
[Tracker] Ep  297 | AvgR 0.0002 | Global 0.7679 | Local 0.0796 | F1_macro 0.6740 | WorstLoss 1.2915
[Tracker] Ep  298 | AvgR 0.0002 | Global 0.8964 | Local 0.0877 | F1_macro 0.6709 | WorstLoss 1.1729
[Tracker] Ep  299 | AvgR 0.0002 | Global 0.8236 | Local 0.1257 | F1_macro 0.6528 | WorstLoss 1.2377
[Tracker] Ep  300 | AvgR 0.0002 | Global 0.7587 | Local 0.0856 | F1_macro 0.6451 | WorstLoss 1.2940
[Tracker] Saved snapshot: ep0300_phase1_class1
[Tracker] Ep  301 | AvgR 0.0002 | Global 0.8308 | Local 0.1561 | F1_macro 0.6357 | WorstLoss 1.2189
[Tracker] Ep  302 | AvgR 0.0002 | Global 0.8386 | Local 0.0558 | F1_macro 0.6620 | WorstLoss 1.2458
[Tracker] Ep  303 | AvgR 0.0002 | Global 0.9153 | Local 0.0928 | F1_macro 0.6444 | WorstLoss 1.1112
[Tracker] Ep  304 | AvgR 0.0002 | Global 0.8388 | Local 0.1407 | F1_macro 0.6384 | WorstLoss 1.2238
[Tracker] Ep  305 | AvgR 0.0002 | Global 0.8271 | Local 0.1086 | F1_macro 0.6524 | WorstLoss 1.2394
[Tracker] Saved snapshot: ep0305_phase1_class1
[Tracker] Ep  306 | AvgR 0.0002 | Global 0.8421 | Local 0.1010 | F1_macro 0.6491 | WorstLoss 1.2155
[Tracker] Ep  307 | AvgR 0.0002 | Global 0.8222 | Local 0.1067 | F1_macro 0.6555 | WorstLoss 1.2484
[Tracker] Ep  308 | AvgR 0.0002 | Global 0.8108 | Local 0.1366 | F1_macro 0.6390 | WorstLoss 1.2484
[Tracker] Ep  309 | AvgR 0.0002 | Global 0.9052 | Local 0.0988 | F1_macro 0.6579 | WorstLoss 1.1214
[Tracker] Ep  310 | AvgR 0.0002 | Global 0.8498 | Local 0.1352 | F1_macro 0.6410 | WorstLoss 1.2027
[Tracker] Saved snapshot: ep0310_phase1_class1
[Tracker] Ep  311 | AvgR 0.0002 | Global 0.8844 | Local 0.1135 | F1_macro 0.6703 | WorstLoss 1.1840
[Tracker] Ep  312 | AvgR 0.0002 | Global 0.8196 | Local 0.1150 | F1_macro 0.6492 | WorstLoss 1.2400
[Tracker] Ep  313 | AvgR 0.0002 | Global 0.8834 | Local 0.1285 | F1_macro 0.6547 | WorstLoss 1.1346
[Tracker] Ep  314 | AvgR 0.0002 | Global 0.8003 | Local 0.1223 | F1_macro 0.6575 | WorstLoss 1.2597
[Tracker] Ep  315 | AvgR 0.0002 | Global 0.8171 | Local 0.1173 | F1_macro 0.6566 | WorstLoss 1.2486
[Tracker] Saved snapshot: ep0315_phase1_class1
[Tracker] Ep  316 | AvgR 0.0002 | Global 0.7773 | Local 0.1582 | F1_macro 0.6411 | WorstLoss 1.2611
[Tracker] Ep  317 | AvgR 0.0002 | Global 0.8472 | Local 0.1461 | F1_macro 0.6245 | WorstLoss 1.1859
[Tracker] Ep  318 | AvgR 0.0002 | Global 0.8409 | Local 0.1485 | F1_macro 0.6306 | WorstLoss 1.1710
[Tracker] Ep  319 | AvgR 0.0002 | Global 0.8254 | Local 0.1689 | F1_macro 0.6507 | WorstLoss 1.2374
[Tracker] Ep  320 | AvgR 0.0002 | Global 0.8419 | Local 0.1681 | F1_macro 0.6660 | WorstLoss 1.2244
[Tracker] Saved snapshot: ep0320_phase1_class1
[Tracker] Ep  321 | AvgR 0.0002 | Global 0.8547 | Local 0.1280 | F1_macro 0.6501 | WorstLoss 1.2015
[Tracker] Ep  322 | AvgR 0.0002 | Global 0.8969 | Local 0.1390 | F1_macro 0.6516 | WorstLoss 1.1296
[Tracker] Ep  323 | AvgR 0.0001 | Global 0.5974 | Local 0.1165 | F1_macro 0.6727 | WorstLoss 1.3786
[Tracker] Ep  324 | AvgR 0.0002 | Global 0.9170 | Local 0.1319 | F1_macro 0.6536 | WorstLoss 1.1157
[Tracker] Ep  325 | AvgR 0.0002 | Global 0.8685 | Local 0.1816 | F1_macro 0.6353 | WorstLoss 1.1542
[Tracker] Saved snapshot: ep0325_phase1_class1
[Tracker] Ep  326 | AvgR 0.0002 | Global 0.7430 | Local 0.1287 | F1_macro 0.6466 | WorstLoss 1.2931
[Tracker] Ep  327 | AvgR 0.0002 | Global 0.7426 | Local 0.1672 | F1_macro 0.6308 | WorstLoss 1.2827
[Tracker] Ep  328 | AvgR 0.0002 | Global 0.7583 | Local 0.1673 | F1_macro 0.6473 | WorstLoss 1.2790
[Tracker] Ep  329 | AvgR 0.0002 | Global 0.8974 | Local 0.1605 | F1_macro 0.6086 | WorstLoss 0.9575
[Tracker] Ep  330 | AvgR 0.0002 | Global 0.8949 | Local 0.1335 | F1_macro 0.6419 | WorstLoss 1.1206
[Tracker] Saved snapshot: ep0330_phase1_class1
[Tracker] Ep  331 | AvgR 0.0001 | Global 0.0914 | Local 0.2087 | F1_macro 0.6169 | WorstLoss 1.6469
[Tracker] Ep  332 | AvgR 0.0002 | Global 0.8544 | Local 0.1466 | F1_macro 0.6370 | WorstLoss 1.1742
[Tracker] Ep  333 | AvgR 0.0002 | Global 0.8409 | Local 0.2370 | F1_macro 0.6326 | WorstLoss 1.1869
[Tracker] Ep  334 | AvgR 0.0002 | Global 0.8337 | Local 0.1791 | F1_macro 0.6279 | WorstLoss 1.2031
[Tracker] Ep  335 | AvgR 0.0002 | Global 0.8727 | Local 0.1904 | F1_macro 0.6427 | WorstLoss 1.1582
[Tracker] Saved snapshot: ep0335_phase1_class1
[Tracker] Ep  336 | AvgR 0.0002 | Global 0.7790 | Local 0.2033 | F1_macro 0.6130 | WorstLoss 1.2405
[Tracker] Ep  337 | AvgR 0.0001 | Global 0.2598 | Local 0.1613 | F1_macro 0.6326 | WorstLoss 1.5220
[Tracker] Ep  338 | AvgR 0.0002 | Global 0.8460 | Local 0.1909 | F1_macro 0.6284 | WorstLoss 1.1518
[Tracker] Ep  339 | AvgR 0.0002 | Global 0.8593 | Local 0.1698 | F1_macro 0.6399 | WorstLoss 1.1577
[Tracker] Ep  340 | AvgR 0.0002 | Global 0.8496 | Local 0.1494 | F1_macro 0.6431 | WorstLoss 1.2034
[Tracker] Saved snapshot: ep0340_phase1_class1
[Tracker] Ep  341 | AvgR 0.0002 | Global 0.8474 | Local 0.1763 | F1_macro 0.6411 | WorstLoss 1.1656
[Tracker] Ep  342 | AvgR 0.0002 | Global 0.7944 | Local 0.1752 | F1_macro 0.6407 | WorstLoss 1.2476
[Tracker] Ep  343 | AvgR 0.0002 | Global 0.8151 | Local 0.1982 | F1_macro 0.6054 | WorstLoss 1.1785
[Tracker] Ep  344 | AvgR 0.0002 | Global 0.8411 | Local 0.1691 | F1_macro 0.6269 | WorstLoss 1.1749
[Tracker] Ep  345 | AvgR 0.0002 | Global 0.8651 | Local 0.1656 | F1_macro 0.6384 | WorstLoss 1.1433
[Tracker] Saved snapshot: ep0345_phase1_class1
[Tracker] Ep  346 | AvgR 0.0002 | Global 0.8200 | Local 0.1580 | F1_macro 0.6451 | WorstLoss 1.2169
[Tracker] Ep  347 | AvgR 0.0002 | Global 0.6786 | Local 0.1435 | F1_macro 0.6228 | WorstLoss 1.3232
[Tracker] Ep  348 | AvgR 0.0002 | Global 0.8694 | Local 0.1624 | F1_macro 0.6287 | WorstLoss 1.0908
[Tracker] Ep  349 | AvgR 0.0002 | Global 0.8834 | Local 0.2076 | F1_macro 0.6621 | WorstLoss 1.1023
[Tracker] Ep  350 | AvgR 0.0002 | Global 0.8350 | Local 0.2069 | F1_macro 0.6282 | WorstLoss 1.1833
[Tracker] Saved snapshot: ep0350_phase1_class1
[Tracker] Ep  351 | AvgR 0.0002 | Global 0.7328 | Local 0.1992 | F1_macro 0.6205 | WorstLoss 1.2766
[Tracker] Ep  352 | AvgR 0.0002 | Global 0.6978 | Local 0.1756 | F1_macro 0.6383 | WorstLoss 1.3045
[Tracker] Ep  353 | AvgR 0.0002 | Global 0.8958 | Local 0.1824 | F1_macro 0.6491 | WorstLoss 1.0515
[Tracker] Ep  354 | AvgR 0.0002 | Global 0.8306 | Local 0.1951 | F1_macro 0.6032 | WorstLoss 1.1121
[Tracker] Ep  355 | AvgR 0.0002 | Global 0.8202 | Local 0.1388 | F1_macro 0.6371 | WorstLoss 1.2095
[Tracker] Saved snapshot: ep0355_phase1_class1
[Tracker] Ep  356 | AvgR 0.0002 | Global 0.8080 | Local 0.1979 | F1_macro 0.6129 | WorstLoss 1.2013
[Tracker] Ep  357 | AvgR 0.0002 | Global 0.8868 | Local 0.2145 | F1_macro 0.6611 | WorstLoss 1.1187
[Tracker] Ep  358 | AvgR 0.0002 | Global 0.6875 | Local 0.2074 | F1_macro 0.6341 | WorstLoss 1.2996
[Tracker] Ep  359 | AvgR 0.0002 | Global 0.7440 | Local 0.1554 | F1_macro 0.6237 | WorstLoss 1.2749
[Tracker] Ep  360 | AvgR 0.0002 | Global 0.8201 | Local 0.1892 | F1_macro 0.6446 | WorstLoss 1.1464
[Tracker] Saved snapshot: ep0360_phase1_class1
[Tracker] Ep  361 | AvgR 0.0002 | Global 0.8341 | Local 0.1558 | F1_macro 0.6391 | WorstLoss 1.1738
[Tracker] Ep  362 | AvgR 0.0002 | Global 0.7910 | Local 0.1763 | F1_macro 0.6308 | WorstLoss 1.2219
[Tracker] Ep  363 | AvgR 0.0002 | Global 0.8262 | Local 0.1748 | F1_macro 0.6380 | WorstLoss 1.2045
[Tracker] Ep  364 | AvgR 0.0002 | Global 0.8363 | Local 0.2128 | F1_macro 0.6320 | WorstLoss 1.1564
[Tracker] Ep  365 | AvgR 0.0002 | Global 0.8705 | Local 0.1656 | F1_macro 0.6470 | WorstLoss 1.1046
[Tracker] Saved snapshot: ep0365_phase1_class1
[Tracker] Ep  366 | AvgR 0.0002 | Global 0.8926 | Local 0.2076 | F1_macro 0.6561 | WorstLoss 1.0768
[Tracker] Ep  367 | AvgR 0.0002 | Global 0.8064 | Local 0.1827 | F1_macro 0.6463 | WorstLoss 1.2078
[Tracker] Ep  368 | AvgR 0.0002 | Global 0.8165 | Local 0.1599 | F1_macro 0.6476 | WorstLoss 1.1863
[Tracker] Ep  369 | AvgR 0.0002 | Global 0.7822 | Local 0.1722 | F1_macro 0.6115 | WorstLoss 1.2188
[Tracker] Ep  370 | AvgR 0.0002 | Global 0.8862 | Local 0.1720 | F1_macro 0.6771 | WorstLoss 1.1242
[Tracker] Saved snapshot: ep0370_phase1_class1
[Tracker] Ep  371 | AvgR 0.0002 | Global 0.8721 | Local 0.1622 | F1_macro 0.6732 | WorstLoss 1.1297
[Tracker] Ep  372 | AvgR 0.0002 | Global 0.9135 | Local 0.1546 | F1_macro 0.6670 | WorstLoss 1.0894
[Tracker] Ep  373 | AvgR 0.0002 | Global 0.7889 | Local 0.2533 | F1_macro 0.6345 | WorstLoss 1.1914
[Tracker] Ep  374 | AvgR 0.0002 | Global 0.9231 | Local 0.1174 | F1_macro 0.6946 | WorstLoss 1.0843
[Tracker] Ep  375 | AvgR 0.0002 | Global 0.8937 | Local 0.1203 | F1_macro 0.6597 | WorstLoss 1.0806
[Tracker] Saved snapshot: ep0375_phase1_class1
[Tracker] Ep  376 | AvgR 0.0002 | Global 0.8412 | Local 0.1759 | F1_macro 0.6440 | WorstLoss 1.1625
[Tracker] Ep  377 | AvgR 0.0002 | Global 0.8440 | Local 0.1910 | F1_macro 0.6220 | WorstLoss 1.1291
[Tracker] Ep  378 | AvgR 0.0002 | Global 0.8915 | Local 0.1828 | F1_macro 0.6413 | WorstLoss 0.9475
[Tracker] Ep  379 | AvgR 0.0002 | Global 0.8639 | Local 0.2425 | F1_macro 0.6063 | WorstLoss 1.0798
[Tracker] Ep  380 | AvgR 0.0002 | Global 0.9009 | Local 0.1369 | F1_macro 0.6612 | WorstLoss 1.0672
[Tracker] Saved snapshot: ep0380_phase1_class1
[Tracker] Ep  381 | AvgR 0.0002 | Global 0.7420 | Local 0.1902 | F1_macro 0.6476 | WorstLoss 1.2703
[Tracker] Ep  382 | AvgR 0.0002 | Global 0.8844 | Local 0.1814 | F1_macro 0.6655 | WorstLoss 1.1082
[Tracker] Ep  383 | AvgR 0.0002 | Global 0.8100 | Local 0.2052 | F1_macro 0.6474 | WorstLoss 1.2081
[Tracker] Ep  384 | AvgR 0.0002 | Global 0.9092 | Local 0.1352 | F1_macro 0.6603 | WorstLoss 1.1095
[Tracker] Ep  385 | AvgR 0.0002 | Global 0.8870 | Local 0.2271 | F1_macro 0.6372 | WorstLoss 0.9945
[Tracker] Saved snapshot: ep0385_phase1_class1
[Tracker] Ep  386 | AvgR 0.0002 | Global 0.8912 | Local 0.2091 | F1_macro 0.6621 | WorstLoss 1.0788
[Tracker] Ep  387 | AvgR 0.0002 | Global 0.5401 | Local 0.2315 | F1_macro 0.6491 | WorstLoss 1.3921
[Tracker] Ep  388 | AvgR 0.0002 | Global 0.7642 | Local 0.1557 | F1_macro 0.6517 | WorstLoss 1.2568
[Tracker] Ep  389 | AvgR 0.0002 | Global 0.8627 | Local 0.2463 | F1_macro 0.6367 | WorstLoss 1.0678
[Tracker] Ep  390 | AvgR 0.0002 | Global 0.9087 | Local 0.1881 | F1_macro 0.6454 | WorstLoss 1.0419
[Tracker] Saved snapshot: ep0390_phase1_class1
[Tracker] Ep  391 | AvgR 0.0002 | Global 0.7924 | Local 0.2261 | F1_macro 0.6592 | WorstLoss 1.2272
[Tracker] Ep  392 | AvgR 0.0002 | Global 0.8546 | Local 0.1668 | F1_macro 0.6417 | WorstLoss 1.1485
[Tracker] Ep  393 | AvgR 0.0002 | Global 0.8727 | Local 0.1665 | F1_macro 0.6584 | WorstLoss 1.1575
[Tracker] Ep  394 | AvgR 0.0002 | Global 0.8939 | Local 0.1648 | F1_macro 0.6731 | WorstLoss 1.0800
[Tracker] Ep  395 | AvgR 0.0002 | Global 0.7836 | Local 0.1568 | F1_macro 0.6421 | WorstLoss 1.2319
[Tracker] Saved snapshot: ep0395_phase1_class1
[Tracker] Ep  396 | AvgR 0.0002 | Global 0.8892 | Local 0.2373 | F1_macro 0.6342 | WorstLoss 0.9949
[Tracker] Ep  397 | AvgR 0.0002 | Global 0.7630 | Local 0.1621 | F1_macro 0.6434 | WorstLoss 1.2678
[Tracker] Ep  398 | AvgR 0.0002 | Global 0.8861 | Local 0.1437 | F1_macro 0.6815 | WorstLoss 1.1035
[Tracker] Ep  399 | AvgR 0.0002 | Global 0.8306 | Local 0.1730 | F1_macro 0.6573 | WorstLoss 1.1546
[Tracker] Ep  400 | AvgR 0.0002 | Global 0.8384 | Local 0.1885 | F1_macro 0.6607 | WorstLoss 1.1705
[Tracker] Saved snapshot: ep0400_phase1_class1
[Tracker] Ep  401 | AvgR 0.0002 | Global 0.8777 | Local 0.1587 | F1_macro 0.6450 | WorstLoss 1.1366
[Tracker] Ep  402 | AvgR 0.0002 | Global 0.8703 | Local 0.2430 | F1_macro 0.6532 | WorstLoss 1.0343
[Tracker] Ep  403 | AvgR 0.0002 | Global 0.7818 | Local 0.2668 | F1_macro 0.6497 | WorstLoss 1.2316
[Tracker] Ep  404 | AvgR 0.0001 | Global 0.4502 | Local 0.1608 | F1_macro 0.6529 | WorstLoss 1.4298
[Tracker] Ep  405 | AvgR 0.0002 | Global 0.8998 | Local 0.1754 | F1_macro 0.6624 | WorstLoss 1.0689
[Tracker] Saved snapshot: ep0405_phase1_class1
[Tracker] Ep  406 | AvgR 0.0002 | Global 0.8631 | Local 0.1934 | F1_macro 0.6577 | WorstLoss 1.1382
[Tracker] Ep  407 | AvgR 0.0002 | Global 0.8363 | Local 0.1920 | F1_macro 0.6406 | WorstLoss 1.1061
[Tracker] Ep  408 | AvgR 0.0002 | Global 0.8702 | Local 0.2343 | F1_macro 0.6565 | WorstLoss 1.1374
[Tracker] Ep  409 | AvgR 0.0002 | Global 0.9202 | Local 0.1860 | F1_macro 0.6489 | WorstLoss 0.9768
[Tracker] Ep  410 | AvgR 0.0002 | Global 0.8982 | Local 0.2178 | F1_macro 0.6695 | WorstLoss 1.0545
[Tracker] Saved snapshot: ep0410_phase1_class1
[Tracker] Ep  411 | AvgR 0.0002 | Global 0.8697 | Local 0.1764 | F1_macro 0.6388 | WorstLoss 1.1174
[Tracker] Ep  412 | AvgR 0.0003 | Global 0.9078 | Local 0.2249 | F1_macro 0.6710 | WorstLoss 1.0081
[Tracker] Ep  413 | AvgR 0.0002 | Global 0.8923 | Local 0.1684 | F1_macro 0.6361 | WorstLoss 1.0671
[Tracker] Ep  414 | AvgR 0.0002 | Global 0.8444 | Local 0.1580 | F1_macro 0.6748 | WorstLoss 1.1920
[Tracker] Ep  415 | AvgR 0.0002 | Global 0.8850 | Local 0.1778 | F1_macro 0.6287 | WorstLoss 1.0953
[Tracker] Saved snapshot: ep0415_phase1_class1
[Tracker] Ep  416 | AvgR 0.0002 | Global 0.9030 | Local 0.1689 | F1_macro 0.6485 | WorstLoss 1.0311
[Tracker] Ep  417 | AvgR 0.0002 | Global 0.7801 | Local 0.1808 | F1_macro 0.6328 | WorstLoss 1.2471
[Tracker] Ep  418 | AvgR 0.0002 | Global 0.7480 | Local 0.2011 | F1_macro 0.6696 | WorstLoss 1.2801
[Tracker] Ep  419 | AvgR 0.0002 | Global 0.9037 | Local 0.1394 | F1_macro 0.6562 | WorstLoss 1.0467
[Tracker] Ep  420 | AvgR 0.0002 | Global 0.8219 | Local 0.1892 | F1_macro 0.6572 | WorstLoss 1.2178
[Tracker] Saved snapshot: ep0420_phase1_class1
[Tracker] Ep  421 | AvgR 0.0002 | Global 0.6851 | Local 0.1935 | F1_macro 0.6230 | WorstLoss 1.3069
[Tracker] Ep  422 | AvgR 0.0002 | Global 0.8759 | Local 0.2268 | F1_macro 0.6659 | WorstLoss 1.0997
[Tracker] Ep  423 | AvgR 0.0002 | Global 0.9192 | Local 0.1665 | F1_macro 0.6535 | WorstLoss 1.0184
[Tracker] Ep  424 | AvgR 0.0002 | Global 0.9100 | Local 0.2053 | F1_macro 0.6484 | WorstLoss 1.0573
[Tracker] Ep  425 | AvgR 0.0002 | Global 0.8917 | Local 0.1765 | F1_macro 0.6561 | WorstLoss 1.0772
[Tracker] Saved snapshot: ep0425_phase1_class1
[Tracker] Ep  426 | AvgR 0.0002 | Global 0.8381 | Local 0.1988 | F1_macro 0.6647 | WorstLoss 1.1735
[Tracker] Ep  427 | AvgR 0.0002 | Global 0.8822 | Local 0.2131 | F1_macro 0.6638 | WorstLoss 1.0956
[Tracker] Ep  428 | AvgR 0.0003 | Global 0.8753 | Local 0.2689 | F1_macro 0.6341 | WorstLoss 1.0582
[Tracker] Ep  429 | AvgR 0.0002 | Global 0.8188 | Local 0.1270 | F1_macro 0.6563 | WorstLoss 1.2129
[Tracker] Ep  430 | AvgR 0.0002 | Global 0.8556 | Local 0.2090 | F1_macro 0.6461 | WorstLoss 1.1281
[Tracker] Saved snapshot: ep0430_phase1_class1
[Tracker] Ep  431 | AvgR 0.0003 | Global 0.9053 | Local 0.2544 | F1_macro 0.6344 | WorstLoss 0.9051
[Tracker] Ep  432 | AvgR 0.0002 | Global 0.8852 | Local 0.1964 | F1_macro 0.6480 | WorstLoss 1.1391
[Tracker] Ep  433 | AvgR 0.0003 | Global 0.8562 | Local 0.2736 | F1_macro 0.6540 | WorstLoss 1.1403
[Tracker] Ep  434 | AvgR 0.0002 | Global 0.8801 | Local 0.1901 | F1_macro 0.6375 | WorstLoss 1.0818
[Tracker] Ep  435 | AvgR 0.0002 | Global 0.9171 | Local 0.1735 | F1_macro 0.6669 | WorstLoss 1.0562
[Tracker] Saved snapshot: ep0435_phase1_class1
[Tracker] Ep  436 | AvgR 0.0002 | Global 0.8620 | Local 0.2200 | F1_macro 0.6521 | WorstLoss 1.1516
[Tracker] Ep  437 | AvgR 0.0002 | Global 0.7962 | Local 0.2274 | F1_macro 0.6109 | WorstLoss 1.1937
[Tracker] Ep  438 | AvgR 0.0003 | Global 0.9090 | Local 0.2458 | F1_macro 0.6398 | WorstLoss 0.9036
[Tracker] Ep  439 | AvgR 0.0002 | Global 0.8551 | Local 0.2340 | F1_macro 0.6476 | WorstLoss 1.1286
[Tracker] Ep  440 | AvgR 0.0002 | Global 0.9128 | Local 0.1484 | F1_macro 0.6666 | WorstLoss 1.1024
[Tracker] Saved snapshot: ep0440_phase1_class1
[Tracker] Ep  441 | AvgR 0.0002 | Global 0.8895 | Local 0.1935 | F1_macro 0.6445 | WorstLoss 1.1170
[Tracker] Ep  442 | AvgR 0.0002 | Global 0.9340 | Local 0.1762 | F1_macro 0.6855 | WorstLoss 1.0173
[Tracker] Ep  443 | AvgR 0.0002 | Global 0.8792 | Local 0.2042 | F1_macro 0.6474 | WorstLoss 1.0673
[Tracker] Ep  444 | AvgR 0.0002 | Global 0.8458 | Local 0.2001 | F1_macro 0.6625 | WorstLoss 1.1460
[Tracker] Ep  445 | AvgR 0.0002 | Global 0.8981 | Local 0.1544 | F1_macro 0.6533 | WorstLoss 1.1062
[Tracker] Saved snapshot: ep0445_phase1_class1
[Tracker] Ep  446 | AvgR 0.0002 | Global 0.8898 | Local 0.2111 | F1_macro 0.6639 | WorstLoss 1.0580
[Tracker] Ep  447 | AvgR 0.0002 | Global 0.8864 | Local 0.1701 | F1_macro 0.6370 | WorstLoss 1.0665
[Tracker] Ep  448 | AvgR 0.0003 | Global 0.8752 | Local 0.2399 | F1_macro 0.6331 | WorstLoss 1.0381
[Tracker] Ep  449 | AvgR 0.0002 | Global 0.8845 | Local 0.2033 | F1_macro 0.6772 | WorstLoss 1.1019
[Tracker] Ep  450 | AvgR 0.0003 | Global 0.8966 | Local 0.2325 | F1_macro 0.6611 | WorstLoss 1.0610
[Tracker] Saved snapshot: ep0450_phase1_class1
[Tracker] Ep  451 | AvgR 0.0003 | Global 0.8802 | Local 0.2377 | F1_macro 0.6483 | WorstLoss 1.0469
[Tracker] Ep  452 | AvgR 0.0002 | Global 0.8477 | Local 0.1816 | F1_macro 0.6489 | WorstLoss 1.1702
[Tracker] Ep  453 | AvgR 0.0002 | Global 0.9230 | Local 0.1876 | F1_macro 0.6668 | WorstLoss 0.9709
[Tracker] Ep  454 | AvgR 0.0002 | Global 0.9130 | Local 0.1869 | F1_macro 0.6709 | WorstLoss 1.0165
[Tracker] Ep  455 | AvgR 0.0002 | Global 0.8764 | Local 0.1429 | F1_macro 0.6744 | WorstLoss 1.1685
[Tracker] Saved snapshot: ep0455_phase1_class1
[Tracker] Ep  456 | AvgR 0.0003 | Global 0.9009 | Local 0.2382 | F1_macro 0.6618 | WorstLoss 1.0179
[Tracker] Ep  457 | AvgR 0.0002 | Global 0.8901 | Local 0.2100 | F1_macro 0.6756 | WorstLoss 1.0976
[Tracker] Ep  458 | AvgR 0.0002 | Global 0.8858 | Local 0.1901 | F1_macro 0.6442 | WorstLoss 1.1024
[Tracker] Ep  459 | AvgR 0.0002 | Global 0.8710 | Local 0.2082 | F1_macro 0.6481 | WorstLoss 1.1290
[Tracker] Ep  460 | AvgR 0.0002 | Global 0.8188 | Local 0.2130 | F1_macro 0.6491 | WorstLoss 1.2180
[Tracker] Saved snapshot: ep0460_phase1_class1
[Tracker] Ep  461 | AvgR 0.0003 | Global 0.9167 | Local 0.2127 | F1_macro 0.6457 | WorstLoss 0.8045
[Tracker] Ep  462 | AvgR 0.0002 | Global 0.8953 | Local 0.1723 | F1_macro 0.6501 | WorstLoss 1.0328
[Tracker] Ep  463 | AvgR 0.0002 | Global 0.7748 | Local 0.1968 | F1_macro 0.6333 | WorstLoss 1.2342
[Tracker] Ep  464 | AvgR 0.0002 | Global 0.8467 | Local 0.1952 | F1_macro 0.6419 | WorstLoss 1.1487
[Tracker] Ep  465 | AvgR 0.0002 | Global 0.8534 | Local 0.2068 | F1_macro 0.6177 | WorstLoss 1.0148
[Tracker] Saved snapshot: ep0465_phase1_class1
[Tracker] Ep  466 | AvgR 0.0003 | Global 0.8487 | Local 0.2649 | F1_macro 0.6438 | WorstLoss 1.1226
[Tracker] Ep  467 | AvgR 0.0002 | Global 0.8030 | Local 0.2133 | F1_macro 0.6268 | WorstLoss 1.1807
[Tracker] Ep  468 | AvgR 0.0002 | Global 0.8624 | Local 0.1948 | F1_macro 0.6415 | WorstLoss 1.0925
[Tracker] Ep  469 | AvgR 0.0002 | Global 0.8719 | Local 0.1916 | F1_macro 0.6395 | WorstLoss 1.0842
[Tracker] Ep  470 | AvgR 0.0002 | Global 0.9354 | Local 0.1429 | F1_macro 0.6819 | WorstLoss 1.0317
[Tracker] Saved snapshot: ep0470_phase1_class1
[Tracker] Ep  471 | AvgR 0.0002 | Global 0.9141 | Local 0.1762 | F1_macro 0.6583 | WorstLoss 1.0510
[Tracker] Ep  472 | AvgR 0.0002 | Global 0.8732 | Local 0.1432 | F1_macro 0.6680 | WorstLoss 1.1705
[Tracker] Ep  473 | AvgR 0.0002 | Global 0.8224 | Local 0.2166 | F1_macro 0.6355 | WorstLoss 1.2209
[Tracker] Ep  474 | AvgR 0.0002 | Global 0.7783 | Local 0.2736 | F1_macro 0.6183 | WorstLoss 1.2179
[Tracker] Ep  475 | AvgR 0.0002 | Global 0.8535 | Local 0.2080 | F1_macro 0.6523 | WorstLoss 1.1358
[Tracker] Saved snapshot: ep0475_phase1_class1
[Tracker] Ep  476 | AvgR 0.0002 | Global 0.9258 | Local 0.1781 | F1_macro 0.6731 | WorstLoss 1.0539
[Tracker] Ep  477 | AvgR 0.0003 | Global 0.8714 | Local 0.2898 | F1_macro 0.6230 | WorstLoss 0.8944
[Tracker] Ep  478 | AvgR 0.0002 | Global 0.8787 | Local 0.2234 | F1_macro 0.6157 | WorstLoss 1.0266
[Tracker] Ep  479 | AvgR 0.0002 | Global 0.8555 | Local 0.1706 | F1_macro 0.6440 | WorstLoss 1.1129
[Tracker] Ep  480 | AvgR 0.0003 | Global 0.8644 | Local 0.2424 | F1_macro 0.6463 | WorstLoss 1.1359
[Tracker] Saved snapshot: ep0480_phase1_class1
[Tracker] Ep  481 | AvgR 0.0002 | Global 0.9187 | Local 0.1594 | F1_macro 0.6714 | WorstLoss 1.0177
[Tracker] Ep  482 | AvgR 0.0002 | Global 0.8844 | Local 0.2210 | F1_macro 0.6527 | WorstLoss 1.1033
[Tracker] Ep  483 | AvgR 0.0002 | Global 0.6749 | Local 0.3191 | F1_macro 0.6302 | WorstLoss 1.3108
[Tracker] Ep  484 | AvgR 0.0002 | Global 0.8146 | Local 0.2666 | F1_macro 0.6374 | WorstLoss 1.1875
[Tracker] Ep  485 | AvgR 0.0002 | Global 0.8865 | Local 0.1685 | F1_macro 0.6708 | WorstLoss 1.0948
[Tracker] Saved snapshot: ep0485_phase1_class1
[Tracker] Ep  486 | AvgR 0.0002 | Global 0.8566 | Local 0.2343 | F1_macro 0.6601 | WorstLoss 1.0951
[Tracker] Ep  487 | AvgR 0.0002 | Global 0.8402 | Local 0.1833 | F1_macro 0.6594 | WorstLoss 1.1580
[Tracker] Ep  488 | AvgR 0.0002 | Global 0.9007 | Local 0.1481 | F1_macro 0.6697 | WorstLoss 1.0689
[Tracker] Ep  489 | AvgR 0.0003 | Global 0.9076 | Local 0.2058 | F1_macro 0.6563 | WorstLoss 0.9571
[Tracker] Ep  490 | AvgR 0.0003 | Global 0.9152 | Local 0.1973 | F1_macro 0.6514 | WorstLoss 0.9311
[Tracker] Saved snapshot: ep0490_phase1_class1
[Tracker] Ep  491 | AvgR 0.0002 | Global 0.8867 | Local 0.1777 | F1_macro 0.6727 | WorstLoss 1.1106
[Tracker] Ep  492 | AvgR 0.0002 | Global 0.7108 | Local 0.2401 | F1_macro 0.6266 | WorstLoss 1.2564
[Tracker] Ep  493 | AvgR 0.0002 | Global 0.7897 | Local 0.1931 | F1_macro 0.6417 | WorstLoss 1.2345
[Tracker] Ep  494 | AvgR 0.0003 | Global 0.8906 | Local 0.2488 | F1_macro 0.6474 | WorstLoss 1.0428
[Tracker] Ep  495 | AvgR 0.0002 | Global 0.5869 | Local 0.1740 | F1_macro 0.6503 | WorstLoss 1.3746
[Tracker] Saved snapshot: ep0495_phase1_class1
[Tracker] Ep  496 | AvgR 0.0003 | Global 0.8896 | Local 0.2141 | F1_macro 0.6430 | WorstLoss 1.0679
[Tracker] Ep  497 | AvgR 0.0003 | Global 0.9059 | Local 0.2139 | F1_macro 0.6579 | WorstLoss 1.0204
[Tracker] Ep  498 | AvgR 0.0002 | Global 0.8926 | Local 0.1321 | F1_macro 0.6594 | WorstLoss 1.1196
[Tracker] Ep  499 | AvgR 0.0003 | Global 0.8615 | Local 0.2349 | F1_macro 0.6336 | WorstLoss 1.0468
[Tracker] Ep  500 | AvgR 0.0002 | Global 0.7047 | Local 0.2405 | F1_macro 0.6665 | WorstLoss 1.3055
[Tracker] Saved snapshot: ep0500_phase1_class1
[Tracker] Ep  501 | AvgR 0.0002 | Global 0.8618 | Local 0.2043 | F1_macro 0.6651 | WorstLoss 1.1349
[Tracker] Ep  502 | AvgR 0.0003 | Global 0.8866 | Local 0.2600 | F1_macro 0.6389 | WorstLoss 1.0823
[Tracker] Ep  503 | AvgR 0.0002 | Global 0.8345 | Local 0.1953 | F1_macro 0.6293 | WorstLoss 1.1419
[Tracker] Ep  504 | AvgR 0.0002 | Global 0.9105 | Local 0.1848 | F1_macro 0.6578 | WorstLoss 1.0303
[Tracker] Ep  505 | AvgR 0.0003 | Global 0.8735 | Local 0.2284 | F1_macro 0.6509 | WorstLoss 1.0854
[Tracker] Saved snapshot: ep0505_phase1_class1
[Tracker] Ep  506 | AvgR 0.0003 | Global 0.8941 | Local 0.2251 | F1_macro 0.6641 | WorstLoss 1.0188
[Tracker] Ep  507 | AvgR 0.0002 | Global 0.8287 | Local 0.2457 | F1_macro 0.6351 | WorstLoss 1.1786
[Tracker] Ep  508 | AvgR 0.0002 | Global 0.8055 | Local 0.1960 | F1_macro 0.6287 | WorstLoss 1.2044
[Tracker] Ep  509 | AvgR 0.0003 | Global 0.8849 | Local 0.3261 | F1_macro 0.6335 | WorstLoss 0.9821
[Tracker] Ep  510 | AvgR 0.0002 | Global 0.9005 | Local 0.1974 | F1_macro 0.6807 | WorstLoss 1.0570
[Tracker] Saved snapshot: ep0510_phase1_class1
[Tracker] Ep  511 | AvgR 0.0003 | Global 0.8858 | Local 0.2737 | F1_macro 0.6563 | WorstLoss 0.9869
[Tracker] Ep  512 | AvgR 0.0002 | Global 0.8536 | Local 0.2333 | F1_macro 0.6366 | WorstLoss 1.1237
[Tracker] Ep  513 | AvgR 0.0002 | Global 0.9247 | Local 0.1666 | F1_macro 0.6554 | WorstLoss 0.9594
[Tracker] Ep  514 | AvgR 0.0003 | Global 0.8878 | Local 0.2434 | F1_macro 0.6479 | WorstLoss 1.0626
[Tracker] Ep  515 | AvgR 0.0002 | Global 0.8452 | Local 0.2311 | F1_macro 0.6540 | WorstLoss 1.1468
[Tracker] Saved snapshot: ep0515_phase1_class1
[Tracker] Ep  516 | AvgR 0.0002 | Global 0.8916 | Local 0.2032 | F1_macro 0.6803 | WorstLoss 1.0383
[Tracker] Ep  517 | AvgR 0.0002 | Global 0.8997 | Local 0.1834 | F1_macro 0.6437 | WorstLoss 1.0379
[Tracker] Ep  518 | AvgR 0.0002 | Global 0.8701 | Local 0.1953 | F1_macro 0.6234 | WorstLoss 1.0962
[Tracker] Ep  519 | AvgR 0.0002 | Global 0.8059 | Local 0.2386 | F1_macro 0.6534 | WorstLoss 1.2102
[Tracker] Ep  520 | AvgR 0.0002 | Global 0.8675 | Local 0.1561 | F1_macro 0.6478 | WorstLoss 1.1331
[Tracker] Saved snapshot: ep0520_phase1_class1
[Tracker] Ep  521 | AvgR 0.0002 | Global 0.6767 | Local 0.1766 | F1_macro 0.6811 | WorstLoss 1.3375
[Tracker] Ep  522 | AvgR 0.0002 | Global 0.7914 | Local 0.2235 | F1_macro 0.6657 | WorstLoss 1.1997
[Tracker] Ep  523 | AvgR 0.0002 | Global 0.8488 | Local 0.1665 | F1_macro 0.6447 | WorstLoss 1.1313
[Tracker] Ep  524 | AvgR 0.0002 | Global 0.8598 | Local 0.1979 | F1_macro 0.6600 | WorstLoss 1.0895
[Tracker] Ep  525 | AvgR 0.0003 | Global 0.8456 | Local 0.2802 | F1_macro 0.6433 | WorstLoss 1.1344
[Tracker] Saved snapshot: ep0525_phase1_class1
[Tracker] Ep  526 | AvgR 0.0003 | Global 0.8811 | Local 0.2416 | F1_macro 0.6742 | WorstLoss 1.1114
[Tracker] Ep  527 | AvgR 0.0002 | Global 0.8486 | Local 0.1869 | F1_macro 0.6577 | WorstLoss 1.1598
[Tracker] Ep  528 | AvgR 0.0002 | Global 0.8858 | Local 0.1866 | F1_macro 0.6452 | WorstLoss 1.1062
[Tracker] Ep  529 | AvgR 0.0002 | Global 0.7110 | Local 0.2401 | F1_macro 0.6073 | WorstLoss 1.2488
[Tracker] Ep  530 | AvgR 0.0002 | Global 0.8629 | Local 0.1979 | F1_macro 0.6456 | WorstLoss 1.1079
[Tracker] Saved snapshot: ep0530_phase1_class1
[Tracker] Ep  531 | AvgR 0.0003 | Global 0.9065 | Local 0.2054 | F1_macro 0.6579 | WorstLoss 1.0440
[Tracker] Ep  532 | AvgR 0.0002 | Global 0.8579 | Local 0.1845 | F1_macro 0.6493 | WorstLoss 1.1208
[Tracker] Ep  533 | AvgR 0.0002 | Global 0.9021 | Local 0.1305 | F1_macro 0.6676 | WorstLoss 1.1384
[Tracker] Ep  534 | AvgR 0.0002 | Global 0.8575 | Local 0.2113 | F1_macro 0.6688 | WorstLoss 1.0968
[Tracker] Ep  535 | AvgR 0.0002 | Global 0.9184 | Local 0.1571 | F1_macro 0.6634 | WorstLoss 1.0235
[Tracker] Saved snapshot: ep0535_phase1_class1
[Tracker] Ep  536 | AvgR 0.0003 | Global 0.9311 | Local 0.2070 | F1_macro 0.6683 | WorstLoss 0.8777
[Tracker] Ep  537 | AvgR 0.0002 | Global 0.8819 | Local 0.1846 | F1_macro 0.6503 | WorstLoss 1.0564
[Tracker] Ep  538 | AvgR 0.0002 | Global 0.5261 | Local 0.1548 | F1_macro 0.6708 | WorstLoss 1.3992
[Tracker] Ep  539 | AvgR 0.0002 | Global 0.8743 | Local 0.2005 | F1_macro 0.6550 | WorstLoss 1.0966
[Tracker] Ep  540 | AvgR 0.0003 | Global 0.8794 | Local 0.2235 | F1_macro 0.6593 | WorstLoss 1.1064
[Tracker] Saved snapshot: ep0540_phase1_class1
[Tracker] Ep  541 | AvgR 0.0002 | Global 0.8520 | Local 0.2215 | F1_macro 0.6468 | WorstLoss 1.0657
[Tracker] Ep  542 | AvgR 0.0003 | Global 0.9108 | Local 0.1879 | F1_macro 0.6583 | WorstLoss 1.0676
[Tracker] Ep  543 | AvgR 0.0002 | Global 0.8815 | Local 0.1590 | F1_macro 0.6747 | WorstLoss 1.1429
[Tracker] Ep  544 | AvgR 0.0002 | Global 0.8765 | Local 0.2073 | F1_macro 0.6444 | WorstLoss 1.0411
[Tracker] Ep  545 | AvgR 0.0003 | Global 0.8996 | Local 0.2371 | F1_macro 0.6444 | WorstLoss 0.9991
[Tracker] Saved snapshot: ep0545_phase1_class1
[Tracker] Ep  546 | AvgR 0.0003 | Global 0.8677 | Local 0.2156 | F1_macro 0.6437 | WorstLoss 1.1320
[Tracker] Ep  547 | AvgR 0.0003 | Global 0.8333 | Local 0.3031 | F1_macro 0.6368 | WorstLoss 1.1075
[Tracker] Ep  548 | AvgR 0.0003 | Global 0.9154 | Local 0.1881 | F1_macro 0.6596 | WorstLoss 0.9674
[Tracker] Ep  549 | AvgR 0.0002 | Global 0.8717 | Local 0.1816 | F1_macro 0.6454 | WorstLoss 1.1013
[Tracker] Ep  550 | AvgR 0.0002 | Global 0.9316 | Local 0.1523 | F1_macro 0.6685 | WorstLoss 1.0403
[Tracker] Saved snapshot: ep0550_phase1_class1
[Tracker] Ep  551 | AvgR 0.0003 | Global 0.8656 | Local 0.2450 | F1_macro 0.6290 | WorstLoss 1.0591
[Tracker] Ep  552 | AvgR 0.0002 | Global 0.8980 | Local 0.1783 | F1_macro 0.6645 | WorstLoss 1.0507
[Tracker] Ep  553 | AvgR 0.0003 | Global 0.8943 | Local 0.2412 | F1_macro 0.6573 | WorstLoss 1.0584
[Tracker] Ep  554 | AvgR 0.0003 | Global 0.9365 | Local 0.1937 | F1_macro 0.6585 | WorstLoss 0.8734
[Tracker] Ep  555 | AvgR 0.0002 | Global 0.8232 | Local 0.1875 | F1_macro 0.6739 | WorstLoss 1.2126
[Tracker] Saved snapshot: ep0555_phase1_class1
[Tracker] Ep  556 | AvgR 0.0002 | Global 0.8368 | Local 0.1888 | F1_macro 0.6344 | WorstLoss 1.1829
[Tracker] Ep  557 | AvgR 0.0002 | Global 0.8893 | Local 0.1693 | F1_macro 0.6484 | WorstLoss 1.0697
[Tracker] Ep  558 | AvgR 0.0003 | Global 0.9220 | Local 0.2402 | F1_macro 0.6733 | WorstLoss 1.0084
[Tracker] Ep  559 | AvgR 0.0002 | Global 0.8221 | Local 0.2269 | F1_macro 0.6216 | WorstLoss 1.1585
[Tracker] Ep  560 | AvgR 0.0002 | Global 0.7613 | Local 0.1914 | F1_macro 0.6484 | WorstLoss 1.2529
[Tracker] Saved snapshot: ep0560_phase1_class1
[Tracker] Ep  561 | AvgR 0.0003 | Global 0.8982 | Local 0.1963 | F1_macro 0.6784 | WorstLoss 1.1012
[Tracker] Ep  562 | AvgR 0.0002 | Global 0.8537 | Local 0.1983 | F1_macro 0.6559 | WorstLoss 1.1388
[Tracker] Ep  563 | AvgR 0.0003 | Global 0.8606 | Local 0.2309 | F1_macro 0.6517 | WorstLoss 1.1192
[Tracker] Ep  564 | AvgR 0.0002 | Global 0.8595 | Local 0.1634 | F1_macro 0.6616 | WorstLoss 1.1689
[Tracker] Ep  565 | AvgR 0.0003 | Global 0.8889 | Local 0.2212 | F1_macro 0.6647 | WorstLoss 1.0270
[Tracker] Saved snapshot: ep0565_phase1_class1
[Tracker] Ep  566 | AvgR 0.0002 | Global 0.8467 | Local 0.1830 | F1_macro 0.6454 | WorstLoss 1.1351
[Tracker] Ep  567 | AvgR 0.0003 | Global 0.9392 | Local 0.2541 | F1_macro 0.6748 | WorstLoss 0.9167
[Tracker] New BEST synthetic [phase1_class1] (by global.global_obj: 0.939208) saved.
[Tracker] BEST β weights [phase1_class1] saved -> training_runs/SPECv17b_bias010_rl_census_3seeds_EP800_PCA10_REWfairness_minID1_majID0_TRJ2000_REAL3000_BIAS0.1_GG202603181228_767aa6de/seed_1/best_beta_state_dict_phase1_class1.pt
[Tracker] Ep  568 | AvgR 0.0003 | Global 0.8905 | Local 0.1996 | F1_macro 0.6495 | WorstLoss 1.0297
[Tracker] Ep  569 | AvgR 0.0002 | Global 0.8564 | Local 0.1999 | F1_macro 0.6451 | WorstLoss 1.1555
[Tracker] Ep  570 | AvgR 0.0003 | Global 0.8750 | Local 0.2516 | F1_macro 0.6507 | WorstLoss 1.0800
[Tracker] Saved snapshot: ep0570_phase1_class1
[Tracker] Ep  571 | AvgR 0.0002 | Global 0.8440 | Local 0.1543 | F1_macro 0.6460 | WorstLoss 1.1472
[Tracker] Ep  572 | AvgR 0.0002 | Global 0.8069 | Local 0.1487 | F1_macro 0.6841 | WorstLoss 1.2283
[Tracker] Ep  573 | AvgR 0.0002 | Global 0.8852 | Local 0.1504 | F1_macro 0.6727 | WorstLoss 1.1031
[Tracker] Ep  574 | AvgR 0.0003 | Global 0.8385 | Local 0.2595 | F1_macro 0.6361 | WorstLoss 1.1162
[Tracker] Ep  575 | AvgR 0.0003 | Global 0.9078 | Local 0.2232 | F1_macro 0.6439 | WorstLoss 0.9739
[Tracker] Saved snapshot: ep0575_phase1_class1
[Tracker] Ep  576 | AvgR 0.0003 | Global 0.8778 | Local 0.2263 | F1_macro 0.6586 | WorstLoss 1.0598
[Tracker] Ep  577 | AvgR 0.0003 | Global 0.8478 | Local 0.2369 | F1_macro 0.6445 | WorstLoss 1.1710
[Tracker] Ep  578 | AvgR 0.0002 | Global 0.8545 | Local 0.2149 | F1_macro 0.6112 | WorstLoss 1.0770
[Tracker] Ep  579 | AvgR 0.0003 | Global 0.9030 | Local 0.2567 | F1_macro 0.6672 | WorstLoss 1.0674
[Tracker] Ep  580 | AvgR 0.0003 | Global 0.8524 | Local 0.2387 | F1_macro 0.6164 | WorstLoss 1.0871
[Tracker] Saved snapshot: ep0580_phase1_class1
[Tracker] Ep  581 | AvgR 0.0002 | Global 0.7712 | Local 0.2263 | F1_macro 0.6503 | WorstLoss 1.2543
[Tracker] Ep  582 | AvgR 0.0002 | Global 0.8660 | Local 0.1922 | F1_macro 0.6658 | WorstLoss 1.1313
[Tracker] Ep  583 | AvgR 0.0003 | Global 0.8419 | Local 0.2815 | F1_macro 0.6266 | WorstLoss 1.0271
[Tracker] Ep  584 | AvgR 0.0003 | Global 0.8638 | Local 0.2647 | F1_macro 0.6352 | WorstLoss 1.0672
[Tracker] Ep  585 | AvgR 0.0003 | Global 0.8975 | Local 0.1903 | F1_macro 0.6397 | WorstLoss 1.0732
[Tracker] Saved snapshot: ep0585_phase1_class1
[Tracker] Ep  586 | AvgR 0.0003 | Global 0.8996 | Local 0.1809 | F1_macro 0.6487 | WorstLoss 1.0284
[Tracker] Ep  587 | AvgR 0.0002 | Global 0.6589 | Local 0.1854 | F1_macro 0.6276 | WorstLoss 1.3193
[Tracker] Ep  588 | AvgR 0.0003 | Global 0.9269 | Local 0.1689 | F1_macro 0.6439 | WorstLoss 0.9450
[Tracker] Ep  589 | AvgR 0.0003 | Global 0.8697 | Local 0.2427 | F1_macro 0.6548 | WorstLoss 1.1263
[Tracker] Ep  590 | AvgR 0.0002 | Global 0.9109 | Local 0.1524 | F1_macro 0.6769 | WorstLoss 1.0898
[Tracker] Saved snapshot: ep0590_phase1_class1
[Tracker] Ep  591 | AvgR 0.0003 | Global 0.8735 | Local 0.2685 | F1_macro 0.6160 | WorstLoss 1.0469
[Tracker] Ep  592 | AvgR 0.0003 | Global 0.8932 | Local 0.2288 | F1_macro 0.6131 | WorstLoss 0.9860
[Tracker] Ep  593 | AvgR 0.0003 | Global 0.9081 | Local 0.2124 | F1_macro 0.6607 | WorstLoss 0.9705
[Tracker] Ep  594 | AvgR 0.0002 | Global 0.7037 | Local 0.2010 | F1_macro 0.6316 | WorstLoss 1.2977
[Tracker] Ep  595 | AvgR 0.0003 | Global 0.8946 | Local 0.2015 | F1_macro 0.6515 | WorstLoss 1.0910
[Tracker] Saved snapshot: ep0595_phase1_class1
[Tracker] Ep  596 | AvgR 0.0002 | Global 0.8104 | Local 0.2205 | F1_macro 0.6859 | WorstLoss 1.2265
[Tracker] Ep  597 | AvgR 0.0003 | Global 0.8852 | Local 0.2074 | F1_macro 0.6391 | WorstLoss 1.0954
[Tracker] Ep  598 | AvgR 0.0003 | Global 0.8817 | Local 0.2414 | F1_macro 0.6629 | WorstLoss 1.0421
[Tracker] Ep  599 | AvgR 0.0003 | Global 0.8815 | Local 0.2282 | F1_macro 0.6577 | WorstLoss 1.1397
[Tracker] Ep  600 | AvgR 0.0002 | Global 0.8414 | Local 0.1861 | F1_macro 0.6437 | WorstLoss 1.2073
[Tracker] Saved snapshot: ep0600_phase1_class1
[Tracker] Ep  601 | AvgR 0.0002 | Global 0.8772 | Local 0.1845 | F1_macro 0.6745 | WorstLoss 1.1355
[Tracker] Ep  602 | AvgR 0.0003 | Global 0.9298 | Local 0.2259 | F1_macro 0.6620 | WorstLoss 0.9445
[Tracker] Ep  603 | AvgR 0.0003 | Global 0.8549 | Local 0.2116 | F1_macro 0.6450 | WorstLoss 1.1595
[Tracker] Ep  604 | AvgR 0.0003 | Global 0.8882 | Local 0.2563 | F1_macro 0.6422 | WorstLoss 1.0226
[Tracker] Ep  605 | AvgR 0.0003 | Global 0.9119 | Local 0.1914 | F1_macro 0.6428 | WorstLoss 0.8693
[Tracker] Saved snapshot: ep0605_phase1_class1
[Tracker] Ep  606 | AvgR 0.0003 | Global 0.9128 | Local 0.2014 | F1_macro 0.6592 | WorstLoss 1.0437
[Tracker] Ep  607 | AvgR 0.0003 | Global 0.8804 | Local 0.2245 | F1_macro 0.6547 | WorstLoss 1.0944
[Tracker] Ep  608 | AvgR 0.0003 | Global 0.9122 | Local 0.2138 | F1_macro 0.6465 | WorstLoss 0.9909
[Tracker] Ep  609 | AvgR 0.0003 | Global 0.8937 | Local 0.2016 | F1_macro 0.6561 | WorstLoss 1.0837
[Tracker] Ep  610 | AvgR 0.0002 | Global 0.8562 | Local 0.1802 | F1_macro 0.6622 | WorstLoss 1.1907
[Tracker] Saved snapshot: ep0610_phase1_class1
[Tracker] Ep  611 | AvgR 0.0003 | Global 0.8608 | Local 0.2499 | F1_macro 0.6571 | WorstLoss 1.0514
[Tracker] Ep  612 | AvgR 0.0003 | Global 0.9120 | Local 0.1985 | F1_macro 0.6554 | WorstLoss 1.0463
[Tracker] Ep  613 | AvgR 0.0003 | Global 0.8766 | Local 0.2311 | F1_macro 0.6660 | WorstLoss 1.0854
[Tracker] Ep  614 | AvgR 0.0003 | Global 0.8652 | Local 0.2521 | F1_macro 0.6271 | WorstLoss 1.0118
[Tracker] Ep  615 | AvgR 0.0002 | Global 0.8436 | Local 0.1774 | F1_macro 0.6407 | WorstLoss 1.1917
[Tracker] Saved snapshot: ep0615_phase1_class1
[Tracker] Ep  616 | AvgR 0.0003 | Global 0.8750 | Local 0.2336 | F1_macro 0.6426 | WorstLoss 1.0868
[Tracker] Ep  617 | AvgR 0.0003 | Global 0.8924 | Local 0.2662 | F1_macro 0.6540 | WorstLoss 1.0622
[Tracker] Ep  618 | AvgR 0.0003 | Global 0.8773 | Local 0.2621 | F1_macro 0.6426 | WorstLoss 1.0342
[Tracker] Ep  619 | AvgR 0.0003 | Global 0.8795 | Local 0.2257 | F1_macro 0.6210 | WorstLoss 1.0268
[Tracker] Ep  620 | AvgR 0.0002 | Global 0.8207 | Local 0.2219 | F1_macro 0.6166 | WorstLoss 1.1537
[Tracker] Saved snapshot: ep0620_phase1_class1
[Tracker] Ep  621 | AvgR 0.0002 | Global 0.7026 | Local 0.2140 | F1_macro 0.6743 | WorstLoss 1.3103
[Tracker] Ep  622 | AvgR 0.0003 | Global 0.8517 | Local 0.2298 | F1_macro 0.6497 | WorstLoss 1.1523
[Tracker] Ep  623 | AvgR 0.0003 | Global 0.9192 | Local 0.1490 | F1_macro 0.6632 | WorstLoss 0.9107
[Tracker] Ep  624 | AvgR 0.0003 | Global 0.8402 | Local 0.3011 | F1_macro 0.6347 | WorstLoss 1.0689
[Tracker] Ep  625 | AvgR 0.0003 | Global 0.8163 | Local 0.2452 | F1_macro 0.6230 | WorstLoss 1.1252
[Tracker] Saved snapshot: ep0625_phase1_class1
[Tracker] Ep  626 | AvgR 0.0003 | Global 0.8548 | Local 0.2468 | F1_macro 0.6257 | WorstLoss 1.0701
[Tracker] Ep  627 | AvgR 0.0003 | Global 0.9311 | Local 0.2107 | F1_macro 0.6742 | WorstLoss 1.0243
[Tracker] Ep  628 | AvgR 0.0003 | Global 0.9332 | Local 0.1770 | F1_macro 0.6763 | WorstLoss 0.9978
[Tracker] Ep  629 | AvgR 0.0003 | Global 0.8691 | Local 0.2598 | F1_macro 0.6558 | WorstLoss 1.1176
[Tracker] Ep  630 | AvgR 0.0003 | Global 0.9032 | Local 0.2567 | F1_macro 0.6295 | WorstLoss 0.8476
[Tracker] Saved snapshot: ep0630_phase1_class1
[Tracker] Ep  631 | AvgR 0.0003 | Global 0.9006 | Local 0.2079 | F1_macro 0.6668 | WorstLoss 0.9810
[Tracker] Ep  632 | AvgR 0.0003 | Global 0.8367 | Local 0.2320 | F1_macro 0.6752 | WorstLoss 1.1831
[Tracker] Ep  633 | AvgR 0.0003 | Global 0.8821 | Local 0.2052 | F1_macro 0.6473 | WorstLoss 1.0754
[Tracker] Ep  634 | AvgR 0.0002 | Global 0.8150 | Local 0.1594 | F1_macro 0.6189 | WorstLoss 1.1544
[Tracker] Ep  635 | AvgR 0.0003 | Global 0.8884 | Local 0.1834 | F1_macro 0.6390 | WorstLoss 1.0655
[Tracker] Saved snapshot: ep0635_phase1_class1
[Tracker] Ep  636 | AvgR 0.0003 | Global 0.8632 | Local 0.2079 | F1_macro 0.6668 | WorstLoss 1.1635
[Tracker] Ep  637 | AvgR 0.0003 | Global 0.8487 | Local 0.2357 | F1_macro 0.6349 | WorstLoss 1.0650
[Tracker] Ep  638 | AvgR 0.0003 | Global 0.8871 | Local 0.2296 | F1_macro 0.6401 | WorstLoss 1.0711
[Tracker] Ep  639 | AvgR 0.0002 | Global 0.8371 | Local 0.1894 | F1_macro 0.6459 | WorstLoss 1.1832
[Tracker] Ep  640 | AvgR 0.0002 | Global 0.8427 | Local 0.1799 | F1_macro 0.6324 | WorstLoss 1.1227
[Tracker] Saved snapshot: ep0640_phase1_class1
[Tracker] Ep  641 | AvgR 0.0002 | Global 0.7564 | Local 0.2566 | F1_macro 0.6300 | WorstLoss 1.2379
[Tracker] Ep  642 | AvgR 0.0003 | Global 0.8765 | Local 0.1925 | F1_macro 0.6773 | WorstLoss 1.0800
[Tracker] Ep  643 | AvgR 0.0003 | Global 0.8726 | Local 0.2778 | F1_macro 0.6282 | WorstLoss 1.0707
[Tracker] Ep  644 | AvgR 0.0003 | Global 0.8940 | Local 0.2548 | F1_macro 0.6823 | WorstLoss 1.1209
[Tracker] Ep  645 | AvgR 0.0003 | Global 0.8981 | Local 0.1943 | F1_macro 0.6326 | WorstLoss 0.9946
[Tracker] Saved snapshot: ep0645_phase1_class1
[Tracker] Ep  646 | AvgR 0.0003 | Global 0.9132 | Local 0.2323 | F1_macro 0.6718 | WorstLoss 1.0053
[Tracker] Ep  647 | AvgR 0.0003 | Global 0.8458 | Local 0.2340 | F1_macro 0.6346 | WorstLoss 1.1414
[Tracker] Ep  648 | AvgR 0.0003 | Global 0.9042 | Local 0.2242 | F1_macro 0.6345 | WorstLoss 0.9543
[Tracker] Ep  649 | AvgR 0.0003 | Global 0.8775 | Local 0.2068 | F1_macro 0.6576 | WorstLoss 1.1056
[Tracker] Ep  650 | AvgR 0.0003 | Global 0.8733 | Local 0.2487 | F1_macro 0.6499 | WorstLoss 0.9985
[Tracker] Saved snapshot: ep0650_phase1_class1
[Tracker] Ep  651 | AvgR 0.0003 | Global 0.8552 | Local 0.2187 | F1_macro 0.6370 | WorstLoss 1.1242
[Tracker] Ep  652 | AvgR 0.0003 | Global 0.8381 | Local 0.2099 | F1_macro 0.6227 | WorstLoss 1.1289
[Tracker] Ep  653 | AvgR 0.0003 | Global 0.8997 | Local 0.2504 | F1_macro 0.6260 | WorstLoss 0.8724
[Tracker] Ep  654 | AvgR 0.0003 | Global 0.8948 | Local 0.2214 | F1_macro 0.6304 | WorstLoss 0.9310
[Tracker] Ep  655 | AvgR 0.0002 | Global 0.8323 | Local 0.1894 | F1_macro 0.6646 | WorstLoss 1.2099
[Tracker] Saved snapshot: ep0655_phase1_class1
[Tracker] Ep  656 | AvgR 0.0003 | Global 0.8254 | Local 0.2531 | F1_macro 0.6567 | WorstLoss 1.2118
[Tracker] Ep  657 | AvgR 0.0003 | Global 0.8894 | Local 0.2355 | F1_macro 0.6537 | WorstLoss 1.0076
[Tracker] Ep  658 | AvgR 0.0003 | Global 0.9105 | Local 0.1638 | F1_macro 0.6862 | WorstLoss 1.0275
[Tracker] Ep  659 | AvgR 0.0003 | Global 0.9000 | Local 0.2277 | F1_macro 0.6365 | WorstLoss 1.0104
[Tracker] Ep  660 | AvgR 0.0003 | Global 0.8405 | Local 0.2513 | F1_macro 0.6167 | WorstLoss 1.1389
[Tracker] Saved snapshot: ep0660_phase1_class1
[Tracker] Ep  661 | AvgR 0.0003 | Global 0.8071 | Local 0.2615 | F1_macro 0.6225 | WorstLoss 1.2219
[Tracker] Ep  662 | AvgR 0.0002 | Global 0.4858 | Local 0.1733 | F1_macro 0.6662 | WorstLoss 1.4198
[Tracker] Ep  663 | AvgR 0.0003 | Global 0.8654 | Local 0.1987 | F1_macro 0.6619 | WorstLoss 1.1799
[Tracker] Ep  664 | AvgR 0.0003 | Global 0.8820 | Local 0.1959 | F1_macro 0.6309 | WorstLoss 1.0662
[Tracker] Ep  665 | AvgR 0.0003 | Global 0.8648 | Local 0.2127 | F1_macro 0.6558 | WorstLoss 1.1555
[Tracker] Saved snapshot: ep0665_phase1_class1
[Tracker] Ep  666 | AvgR 0.0003 | Global 0.8745 | Local 0.2078 | F1_macro 0.6731 | WorstLoss 1.1584
[Tracker] Ep  667 | AvgR 0.0003 | Global 0.8786 | Local 0.1940 | F1_macro 0.6417 | WorstLoss 1.1010
[Tracker] Ep  668 | AvgR 0.0003 | Global 0.9329 | Local 0.1811 | F1_macro 0.6718 | WorstLoss 0.9726
[Tracker] Ep  669 | AvgR 0.0003 | Global 0.8853 | Local 0.2075 | F1_macro 0.6442 | WorstLoss 1.0858
[Tracker] Ep  670 | AvgR 0.0003 | Global 0.9290 | Local 0.2463 | F1_macro 0.6915 | WorstLoss 1.0423
[Tracker] Saved snapshot: ep0670_phase1_class1
[Tracker] Ep  671 | AvgR 0.0003 | Global 0.9247 | Local 0.2072 | F1_macro 0.6658 | WorstLoss 0.9946
[Tracker] Ep  672 | AvgR 0.0003 | Global 0.9177 | Local 0.2230 | F1_macro 0.6556 | WorstLoss 1.0275
[Tracker] Ep  673 | AvgR 0.0003 | Global 0.9104 | Local 0.2286 | F1_macro 0.6565 | WorstLoss 1.0842
[Tracker] Ep  674 | AvgR 0.0003 | Global 0.8858 | Local 0.2081 | F1_macro 0.6581 | WorstLoss 1.0503
[Tracker] Ep  675 | AvgR 0.0003 | Global 0.9274 | Local 0.2252 | F1_macro 0.6662 | WorstLoss 1.0010
[Tracker] Saved snapshot: ep0675_phase1_class1
[Tracker] Ep  676 | AvgR 0.0003 | Global 0.9457 | Local 0.2173 | F1_macro 0.7028 | WorstLoss 0.9241
[Tracker] New BEST synthetic [phase1_class1] (by global.global_obj: 0.945651) saved.
[Tracker] BEST β weights [phase1_class1] saved -> training_runs/SPECv17b_bias010_rl_census_3seeds_EP800_PCA10_REWfairness_minID1_majID0_TRJ2000_REAL3000_BIAS0.1_GG202603181228_767aa6de/seed_1/best_beta_state_dict_phase1_class1.pt
[Tracker] Ep  677 | AvgR 0.0003 | Global 0.8287 | Local 0.2344 | F1_macro 0.6102 | WorstLoss 1.1093
[Tracker] Ep  678 | AvgR 0.0003 | Global 0.8611 | Local 0.2691 | F1_macro 0.6284 | WorstLoss 1.1398
[Tracker] Ep  679 | AvgR 0.0003 | Global 0.8893 | Local 0.1898 | F1_macro 0.6653 | WorstLoss 1.0722
[Tracker] Ep  680 | AvgR 0.0003 | Global 0.8719 | Local 0.1934 | F1_macro 0.6366 | WorstLoss 1.1264
[Tracker] Saved snapshot: ep0680_phase1_class1
[Tracker] Ep  681 | AvgR 0.0003 | Global 0.8709 | Local 0.2073 | F1_macro 0.6748 | WorstLoss 1.0917
[Tracker] Ep  682 | AvgR 0.0003 | Global 0.8537 | Local 0.2308 | F1_macro 0.6565 | WorstLoss 1.1520
[Tracker] Ep  683 | AvgR 0.0003 | Global 0.9368 | Local 0.1809 | F1_macro 0.6819 | WorstLoss 1.0156
[Tracker] Ep  684 | AvgR 0.0003 | Global 0.8071 | Local 0.2395 | F1_macro 0.6356 | WorstLoss 1.1950
[Tracker] Ep  685 | AvgR 0.0003 | Global 0.8581 | Local 0.2232 | F1_macro 0.6540 | WorstLoss 1.1370
[Tracker] Saved snapshot: ep0685_phase1_class1
[Tracker] Ep  686 | AvgR 0.0003 | Global 0.9114 | Local 0.2490 | F1_macro 0.6379 | WorstLoss 0.9195
[Tracker] Ep  687 | AvgR 0.0003 | Global 0.8061 | Local 0.2306 | F1_macro 0.6334 | WorstLoss 1.1252
[Tracker] Ep  688 | AvgR 0.0003 | Global 0.9145 | Local 0.1912 | F1_macro 0.6706 | WorstLoss 0.9913
[Tracker] Ep  689 | AvgR 0.0003 | Global 0.8962 | Local 0.1472 | F1_macro 0.6405 | WorstLoss 1.0737
[Tracker] Ep  690 | AvgR 0.0003 | Global 0.9103 | Local 0.2224 | F1_macro 0.6235 | WorstLoss 0.9305
[Tracker] Saved snapshot: ep0690_phase1_class1
[Tracker] Ep  691 | AvgR 0.0003 | Global 0.9191 | Local 0.2678 | F1_macro 0.6532 | WorstLoss 0.9541
[Tracker] Ep  692 | AvgR 0.0002 | Global 0.7776 | Local 0.2022 | F1_macro 0.6318 | WorstLoss 1.2448
[Tracker] Ep  693 | AvgR 0.0003 | Global 0.9322 | Local 0.1705 | F1_macro 0.6567 | WorstLoss 1.0364
[Tracker] Ep  694 | AvgR 0.0002 | Global 0.6721 | Local 0.2796 | F1_macro 0.6309 | WorstLoss 1.3142
[Tracker] Ep  695 | AvgR 0.0003 | Global 0.8598 | Local 0.2443 | F1_macro 0.6158 | WorstLoss 1.1129
[Tracker] Saved snapshot: ep0695_phase1_class1
[Tracker] Ep  696 | AvgR 0.0003 | Global 0.9605 | Local 0.1262 | F1_macro 0.7033 | WorstLoss 0.9608
[Tracker] New BEST synthetic [phase1_class1] (by global.global_obj: 0.960546) saved.
[Tracker] BEST β weights [phase1_class1] saved -> training_runs/SPECv17b_bias010_rl_census_3seeds_EP800_PCA10_REWfairness_minID1_majID0_TRJ2000_REAL3000_BIAS0.1_GG202603181228_767aa6de/seed_1/best_beta_state_dict_phase1_class1.pt
[Tracker] Ep  697 | AvgR 0.0003 | Global 0.8424 | Local 0.2307 | F1_macro 0.6321 | WorstLoss 1.1196
[Tracker] Ep  698 | AvgR 0.0003 | Global 0.8893 | Local 0.2619 | F1_macro 0.6476 | WorstLoss 1.0383
[Tracker] Ep  699 | AvgR 0.0003 | Global 0.8838 | Local 0.2506 | F1_macro 0.6382 | WorstLoss 1.0749
[Tracker] Ep  700 | AvgR 0.0003 | Global 0.8920 | Local 0.2246 | F1_macro 0.6569 | WorstLoss 1.0613
[Tracker] Saved snapshot: ep0700_phase1_class1
[Tracker] Ep  701 | AvgR 0.0003 | Global 0.8680 | Local 0.2507 | F1_macro 0.6532 | WorstLoss 1.1097
[Tracker] Ep  702 | AvgR 0.0003 | Global 0.9223 | Local 0.1985 | F1_macro 0.6677 | WorstLoss 1.0380
[Tracker] Ep  703 | AvgR 0.0002 | Global 0.8043 | Local 0.2100 | F1_macro 0.6350 | WorstLoss 1.1923
[Tracker] Ep  704 | AvgR 0.0003 | Global 0.8932 | Local 0.1824 | F1_macro 0.6698 | WorstLoss 1.0639
[Tracker] Ep  705 | AvgR 0.0003 | Global 0.9243 | Local 0.2228 | F1_macro 0.6629 | WorstLoss 1.0320
[Tracker] Saved snapshot: ep0705_phase1_class1
[Tracker] Ep  706 | AvgR 0.0003 | Global 0.8939 | Local 0.2368 | F1_macro 0.6343 | WorstLoss 0.9882
[Tracker] Ep  707 | AvgR 0.0003 | Global 0.8562 | Local 0.2960 | F1_macro 0.6209 | WorstLoss 1.0503
[Tracker] Ep  708 | AvgR 0.0002 | Global 0.7113 | Local 0.2173 | F1_macro 0.6486 | WorstLoss 1.2975
[Tracker] Ep  709 | AvgR 0.0003 | Global 0.8785 | Local 0.2191 | F1_macro 0.6413 | WorstLoss 1.0819
[Tracker] Ep  710 | AvgR 0.0003 | Global 0.8959 | Local 0.2365 | F1_macro 0.6334 | WorstLoss 0.9906
[Tracker] Saved snapshot: ep0710_phase1_class1
[Tracker] Ep  711 | AvgR 0.0003 | Global 0.8831 | Local 0.2384 | F1_macro 0.6547 | WorstLoss 1.0854
[Tracker] Ep  712 | AvgR 0.0002 | Global 0.7039 | Local 0.2260 | F1_macro 0.6319 | WorstLoss 1.3048
[Tracker] Ep  713 | AvgR 0.0003 | Global 0.9357 | Local 0.2014 | F1_macro 0.6754 | WorstLoss 0.9734
[Tracker] Ep  714 | AvgR 0.0002 | Global 0.8159 | Local 0.1962 | F1_macro 0.6536 | WorstLoss 1.1861
[Tracker] Ep  715 | AvgR 0.0003 | Global 0.8494 | Local 0.2233 | F1_macro 0.6445 | WorstLoss 1.1467
[Tracker] Saved snapshot: ep0715_phase1_class1
[Tracker] Ep  716 | AvgR 0.0003 | Global 0.8571 | Local 0.2394 | F1_macro 0.6445 | WorstLoss 1.1342
[Tracker] Ep  717 | AvgR 0.0003 | Global 0.8353 | Local 0.2111 | F1_macro 0.6430 | WorstLoss 1.1718
[Tracker] Ep  718 | AvgR 0.0003 | Global 0.8765 | Local 0.2444 | F1_macro 0.6467 | WorstLoss 1.0756
[Tracker] Ep  719 | AvgR 0.0003 | Global 0.9174 | Local 0.2403 | F1_macro 0.6657 | WorstLoss 0.9260
[Tracker] Ep  720 | AvgR 0.0003 | Global 0.8898 | Local 0.2152 | F1_macro 0.6693 | WorstLoss 1.0496
[Tracker] Saved snapshot: ep0720_phase1_class1
[Tracker] Ep  721 | AvgR 0.0003 | Global 0.8734 | Local 0.2491 | F1_macro 0.6201 | WorstLoss 0.9707
[Tracker] Ep  722 | AvgR 0.0003 | Global 0.8168 | Local 0.2328 | F1_macro 0.6392 | WorstLoss 1.1403
[Tracker] Ep  723 | AvgR 0.0003 | Global 0.8004 | Local 0.2299 | F1_macro 0.6094 | WorstLoss 1.1639
[Tracker] Ep  724 | AvgR 0.0003 | Global 0.8316 | Local 0.2782 | F1_macro 0.6368 | WorstLoss 1.1575
[Tracker] Ep  725 | AvgR 0.0003 | Global 0.9046 | Local 0.2536 | F1_macro 0.6397 | WorstLoss 0.9676
[Tracker] Saved snapshot: ep0725_phase1_class1
[Tracker] Ep  726 | AvgR 0.0003 | Global 0.9036 | Local 0.2280 | F1_macro 0.6646 | WorstLoss 1.0231
[Tracker] Ep  727 | AvgR 0.0003 | Global 0.9189 | Local 0.1541 | F1_macro 0.6484 | WorstLoss 0.9965
[Tracker] Ep  728 | AvgR 0.0003 | Global 0.9013 | Local 0.2485 | F1_macro 0.6461 | WorstLoss 1.0126
[Tracker] Ep  729 | AvgR 0.0003 | Global 0.8528 | Local 0.2303 | F1_macro 0.6277 | WorstLoss 1.1043
[Tracker] Ep  730 | AvgR 0.0003 | Global 0.8503 | Local 0.2649 | F1_macro 0.6629 | WorstLoss 1.1834
[Tracker] Saved snapshot: ep0730_phase1_class1
[Tracker] Ep  731 | AvgR 0.0003 | Global 0.9166 | Local 0.2194 | F1_macro 0.6623 | WorstLoss 0.9951
[Tracker] Ep  732 | AvgR 0.0003 | Global 0.8455 | Local 0.2517 | F1_macro 0.6858 | WorstLoss 1.2096
[Tracker] Ep  733 | AvgR 0.0003 | Global 0.8960 | Local 0.1992 | F1_macro 0.6343 | WorstLoss 1.0386
[Tracker] Ep  734 | AvgR 0.0003 | Global 0.8919 | Local 0.2262 | F1_macro 0.6345 | WorstLoss 1.0014
[Tracker] Ep  735 | AvgR 0.0003 | Global 0.9412 | Local 0.2480 | F1_macro 0.6778 | WorstLoss 0.9011
[Tracker] Saved snapshot: ep0735_phase1_class1
[Tracker] Ep  736 | AvgR 0.0003 | Global 0.8755 | Local 0.2572 | F1_macro 0.6381 | WorstLoss 1.1057
[Tracker] Ep  737 | AvgR 0.0003 | Global 0.8871 | Local 0.2210 | F1_macro 0.6423 | WorstLoss 1.1063
[Tracker] Ep  738 | AvgR 0.0003 | Global 0.8676 | Local 0.2228 | F1_macro 0.6497 | WorstLoss 1.0956
[Tracker] Ep  739 | AvgR 0.0003 | Global 0.9120 | Local 0.2254 | F1_macro 0.6776 | WorstLoss 1.0736
[Tracker] Ep  740 | AvgR 0.0002 | Global 0.7936 | Local 0.2140 | F1_macro 0.6499 | WorstLoss 1.2264
[Tracker] Saved snapshot: ep0740_phase1_class1
[Tracker] Ep  741 | AvgR 0.0003 | Global 0.9077 | Local 0.2464 | F1_macro 0.6488 | WorstLoss 0.9478
[Tracker] Ep  742 | AvgR 0.0003 | Global 0.9035 | Local 0.2110 | F1_macro 0.6563 | WorstLoss 0.9871
[Tracker] Ep  743 | AvgR 0.0003 | Global 0.8434 | Local 0.2254 | F1_macro 0.6318 | WorstLoss 1.1152
[Tracker] Ep  744 | AvgR 0.0003 | Global 0.9180 | Local 0.2130 | F1_macro 0.6537 | WorstLoss 0.9839
[Tracker] Ep  745 | AvgR 0.0003 | Global 0.8707 | Local 0.2171 | F1_macro 0.6542 | WorstLoss 1.1418
[Tracker] Saved snapshot: ep0745_phase1_class1
[Tracker] Ep  746 | AvgR 0.0003 | Global 0.9138 | Local 0.2334 | F1_macro 0.6427 | WorstLoss 0.9930
[Tracker] Ep  747 | AvgR 0.0003 | Global 0.9125 | Local 0.2590 | F1_macro 0.6457 | WorstLoss 1.0166
[Tracker] Ep  748 | AvgR 0.0003 | Global 0.8817 | Local 0.1929 | F1_macro 0.6702 | WorstLoss 1.1353
[Tracker] Ep  749 | AvgR 0.0003 | Global 0.9124 | Local 0.2836 | F1_macro 0.6739 | WorstLoss 0.9629
[Tracker] Ep  750 | AvgR 0.0003 | Global 0.9253 | Local 0.1913 | F1_macro 0.6529 | WorstLoss 0.9546
[Tracker] Saved snapshot: ep0750_phase1_class1
[Tracker] Ep  751 | AvgR 0.0003 | Global 0.8797 | Local 0.2825 | F1_macro 0.6245 | WorstLoss 0.9649
[Tracker] Ep  752 | AvgR 0.0003 | Global 0.8854 | Local 0.2048 | F1_macro 0.6391 | WorstLoss 1.0506
[Tracker] Ep  753 | AvgR 0.0003 | Global 0.8437 | Local 0.1745 | F1_macro 0.6185 | WorstLoss 1.1402
[Tracker] Ep  754 | AvgR 0.0003 | Global 0.9343 | Local 0.2084 | F1_macro 0.6572 | WorstLoss 0.9670
[Tracker] Ep  755 | AvgR 0.0003 | Global 0.8751 | Local 0.2261 | F1_macro 0.6590 | WorstLoss 1.1055
[Tracker] Saved snapshot: ep0755_phase1_class1
[Tracker] Ep  756 | AvgR 0.0002 | Global 0.8221 | Local 0.1584 | F1_macro 0.6842 | WorstLoss 1.2011
[Tracker] Ep  757 | AvgR 0.0003 | Global 0.9245 | Local 0.1510 | F1_macro 0.6699 | WorstLoss 1.0213
[Tracker] Ep  758 | AvgR 0.0003 | Global 0.9174 | Local 0.2166 | F1_macro 0.6550 | WorstLoss 1.0048
[Tracker] Ep  759 | AvgR 0.0003 | Global 0.8795 | Local 0.2179 | F1_macro 0.6383 | WorstLoss 1.0758
[Tracker] Ep  760 | AvgR 0.0003 | Global 0.9297 | Local 0.1913 | F1_macro 0.6669 | WorstLoss 0.9739
[Tracker] Saved snapshot: ep0760_phase1_class1
[Tracker] Ep  761 | AvgR 0.0003 | Global 0.9130 | Local 0.1570 | F1_macro 0.6903 | WorstLoss 1.0802
[Tracker] Ep  762 | AvgR 0.0003 | Global 0.9192 | Local 0.2062 | F1_macro 0.6642 | WorstLoss 0.9998
[Tracker] Ep  763 | AvgR 0.0003 | Global 0.9252 | Local 0.1460 | F1_macro 0.6716 | WorstLoss 1.0629
[Tracker] Ep  764 | AvgR 0.0003 | Global 0.9114 | Local 0.2248 | F1_macro 0.6556 | WorstLoss 1.0416
[Tracker] Ep  765 | AvgR 0.0003 | Global 0.8448 | Local 0.2169 | F1_macro 0.6456 | WorstLoss 1.1601
[Tracker] Saved snapshot: ep0765_phase1_class1
[Tracker] Ep  766 | AvgR 0.0003 | Global 0.8995 | Local 0.2419 | F1_macro 0.6408 | WorstLoss 1.0266
[Tracker] Ep  767 | AvgR 0.0003 | Global 0.9255 | Local 0.1950 | F1_macro 0.6593 | WorstLoss 0.9633
[Tracker] Ep  768 | AvgR 0.0003 | Global 0.9046 | Local 0.2287 | F1_macro 0.6619 | WorstLoss 0.9839
[Tracker] Ep  769 | AvgR 0.0003 | Global 0.8492 | Local 0.1634 | F1_macro 0.6678 | WorstLoss 1.1853
[Tracker] Ep  770 | AvgR 0.0003 | Global 0.8586 | Local 0.2160 | F1_macro 0.6498 | WorstLoss 1.1737
[Tracker] Saved snapshot: ep0770_phase1_class1
[Tracker] Ep  771 | AvgR 0.0003 | Global 0.8611 | Local 0.2452 | F1_macro 0.6439 | WorstLoss 1.0946
[Tracker] Ep  772 | AvgR 0.0003 | Global 0.8440 | Local 0.2890 | F1_macro 0.6372 | WorstLoss 1.0845
[Tracker] Ep  773 | AvgR 0.0003 | Global 0.9415 | Local 0.2069 | F1_macro 0.6694 | WorstLoss 1.0007
[Tracker] Ep  774 | AvgR 0.0003 | Global 0.8718 | Local 0.1969 | F1_macro 0.6362 | WorstLoss 1.0684
[Tracker] Ep  775 | AvgR 0.0003 | Global 0.8864 | Local 0.2281 | F1_macro 0.6498 | WorstLoss 1.0585
[Tracker] Saved snapshot: ep0775_phase1_class1
[Tracker] Ep  776 | AvgR 0.0003 | Global 0.8881 | Local 0.2283 | F1_macro 0.6357 | WorstLoss 1.0743
[Tracker] Ep  777 | AvgR 0.0002 | Global 0.6546 | Local 0.2510 | F1_macro 0.6357 | WorstLoss 1.3323
[Tracker] Ep  778 | AvgR 0.0003 | Global 0.8980 | Local 0.1929 | F1_macro 0.6521 | WorstLoss 1.0388
[Tracker] Ep  779 | AvgR 0.0003 | Global 0.8573 | Local 0.2208 | F1_macro 0.6527 | WorstLoss 1.1629
[Tracker] Ep  780 | AvgR 0.0003 | Global 0.8942 | Local 0.2438 | F1_macro 0.6477 | WorstLoss 1.0109
[Tracker] Saved snapshot: ep0780_phase1_class1
[Tracker] Ep  781 | AvgR 0.0003 | Global 0.8332 | Local 0.2252 | F1_macro 0.6653 | WorstLoss 1.2019
[Tracker] Ep  782 | AvgR 0.0003 | Global 0.9228 | Local 0.1729 | F1_macro 0.6473 | WorstLoss 0.9760
[Tracker] Ep  783 | AvgR 0.0003 | Global 0.9128 | Local 0.2477 | F1_macro 0.6475 | WorstLoss 0.9667
[Tracker] Ep  784 | AvgR 0.0003 | Global 0.8817 | Local 0.1574 | F1_macro 0.6647 | WorstLoss 1.1154
[Tracker] Ep  785 | AvgR 0.0003 | Global 0.8567 | Local 0.2008 | F1_macro 0.6456 | WorstLoss 1.1483
[Tracker] Saved snapshot: ep0785_phase1_class1
[Tracker] Ep  786 | AvgR 0.0003 | Global 0.9080 | Local 0.2654 | F1_macro 0.6530 | WorstLoss 0.9068
[Tracker] Ep  787 | AvgR 0.0003 | Global 0.8957 | Local 0.1999 | F1_macro 0.6511 | WorstLoss 1.0845
[Tracker] Ep  788 | AvgR 0.0003 | Global 0.8849 | Local 0.2740 | F1_macro 0.6569 | WorstLoss 1.1371
[Tracker] Ep  789 | AvgR 0.0003 | Global 0.9118 | Local 0.1892 | F1_macro 0.6548 | WorstLoss 1.0175
[Tracker] Ep  790 | AvgR 0.0003 | Global 0.8866 | Local 0.2934 | F1_macro 0.6345 | WorstLoss 0.9813
[Tracker] Saved snapshot: ep0790_phase1_class1
[Tracker] Ep  791 | AvgR 0.0003 | Global 0.8396 | Local 0.2633 | F1_macro 0.6483 | WorstLoss 1.1858
[Tracker] Ep  792 | AvgR 0.0003 | Global 0.8792 | Local 0.2297 | F1_macro 0.6239 | WorstLoss 1.0192
[Tracker] Ep  793 | AvgR 0.0003 | Global 0.9028 | Local 0.1949 | F1_macro 0.6473 | WorstLoss 0.9998
[Tracker] Ep  794 | AvgR 0.0003 | Global 0.8673 | Local 0.1864 | F1_macro 0.6610 | WorstLoss 1.1399
[Tracker] Ep  795 | AvgR 0.0003 | Global 0.9267 | Local 0.1635 | F1_macro 0.6936 | WorstLoss 1.0453
[Tracker] Saved snapshot: ep0795_phase1_class1
[Tracker] Ep  796 | AvgR 0.0003 | Global 0.8863 | Local 0.2214 | F1_macro 0.6508 | WorstLoss 1.0220
[Tracker] Ep  797 | AvgR 0.0003 | Global 0.8902 | Local 0.2300 | F1_macro 0.6402 | WorstLoss 1.0658
[Tracker] Ep  798 | AvgR 0.0003 | Global 0.9114 | Local 0.2116 | F1_macro 0.6430 | WorstLoss 0.9654
[Tracker] Ep  799 | AvgR 0.0003 | Global 0.9061 | Local 0.1895 | F1_macro 0.6397 | WorstLoss 1.0172
[Tracker] Ep  800 | AvgR 0.0003 | Global 0.8448 | Local 0.2456 | F1_macro 0.6134 | WorstLoss 1.0613
[Tracker] Saved snapshot: ep0800_phase1_class1
[Phase] Finished phase1_class1 | best global_obj=0.9605
Phase 2 anchors: 1667 (y=0 & disadv=1)
FFNN Using device: cuda:0

============================================================
[Phase] Starting phase2_class0 | target_class=0 | episodes=200
============================================================
[Tracker] Ep    1 | AvgR 0.0002 | Global 0.8897 | Local 0.0810 | F1_macro 0.6545 | WorstLoss 1.1240
[Tracker] New BEST synthetic [phase2_class0] (by global.global_obj: 0.889698) saved.
[Tracker] BEST β weights [phase2_class0] saved -> training_runs/SPECv17b_bias010_rl_census_3seeds_EP800_PCA10_REWfairness_minID1_majID0_TRJ2000_REAL3000_BIAS0.1_GG202603181228_767aa6de/seed_1/best_beta_state_dict_phase2_class0.pt
[Tracker] Ep    2 | AvgR 0.0001 | Global 0.9127 | Local 0.0283 | F1_macro 0.6771 | WorstLoss 1.1147
[Tracker] New BEST synthetic [phase2_class0] (by global.global_obj: 0.912713) saved.
[Tracker] BEST β weights [phase2_class0] saved -> training_runs/SPECv17b_bias010_rl_census_3seeds_EP800_PCA10_REWfairness_minID1_majID0_TRJ2000_REAL3000_BIAS0.1_GG202603181228_767aa6de/seed_1/best_beta_state_dict_phase2_class0.pt
[Tracker] Ep    3 | AvgR 0.0001 | Global 0.8761 | Local 0.0159 | F1_macro 0.6778 | WorstLoss 1.1922
[Tracker] Ep    4 | AvgR 0.0002 | Global 0.9396 | Local 0.0630 | F1_macro 0.6786 | WorstLoss 1.0145
[Tracker] New BEST synthetic [phase2_class0] (by global.global_obj: 0.939589) saved.
[Tracker] BEST β weights [phase2_class0] saved -> training_runs/SPECv17b_bias010_rl_census_3seeds_EP800_PCA10_REWfairness_minID1_majID0_TRJ2000_REAL3000_BIAS0.1_GG202603181228_767aa6de/seed_1/best_beta_state_dict_phase2_class0.pt
[Tracker] Ep    5 | AvgR 0.0001 | Global 0.8453 | Local 0.0567 | F1_macro 0.6727 | WorstLoss 1.2169
[Tracker] Saved snapshot: ep0005_phase2_class0
[Tracker] Ep    6 | AvgR 0.0001 | Global 0.8759 | Local 0.0303 | F1_macro 0.6797 | WorstLoss 1.1883
[Tracker] Ep    7 | AvgR 0.0002 | Global 0.9100 | Local 0.0693 | F1_macro 0.6592 | WorstLoss 1.0900
[Tracker] Ep    8 | AvgR 0.0002 | Global 0.9285 | Local 0.0699 | F1_macro 0.6777 | WorstLoss 1.0120
[Tracker] Ep    9 | AvgR 0.0001 | Global 0.8742 | Local 0.0338 | F1_macro 0.6830 | WorstLoss 1.1892
[Tracker] Ep   10 | AvgR 0.0002 | Global 0.9120 | Local 0.0401 | F1_macro 0.6855 | WorstLoss 1.1297
[Tracker] Saved snapshot: ep0010_phase2_class0
[Tracker] Ep   11 | AvgR 0.0002 | Global 0.9334 | Local 0.0367 | F1_macro 0.6888 | WorstLoss 1.0739
[Tracker] Ep   12 | AvgR 0.0002 | Global 0.9155 | Local 0.0746 | F1_macro 0.6836 | WorstLoss 1.1035
[Tracker] Ep   13 | AvgR 0.0002 | Global 0.8900 | Local 0.0381 | F1_macro 0.6869 | WorstLoss 1.1659
[Tracker] Ep   14 | AvgR 0.0001 | Global 0.7771 | Local 0.0237 | F1_macro 0.6745 | WorstLoss 1.2786
[Tracker] Ep   15 | AvgR 0.0002 | Global 0.9156 | Local 0.0312 | F1_macro 0.6846 | WorstLoss 1.1215
[Tracker] Saved snapshot: ep0015_phase2_class0
[Tracker] Ep   16 | AvgR 0.0002 | Global 0.9338 | Local 0.0539 | F1_macro 0.6791 | WorstLoss 1.0533
[Tracker] Ep   17 | AvgR 0.0002 | Global 0.9176 | Local 0.0436 | F1_macro 0.6772 | WorstLoss 1.1008
[Tracker] Ep   18 | AvgR 0.0002 | Global 0.9233 | Local 0.0357 | F1_macro 0.6817 | WorstLoss 1.0936
[Tracker] Ep   19 | AvgR 0.0002 | Global 0.9211 | Local 0.0604 | F1_macro 0.6845 | WorstLoss 1.0904
[Tracker] Ep   20 | AvgR 0.0002 | Global 0.9165 | Local 0.0545 | F1_macro 0.6823 | WorstLoss 1.1120
[Tracker] Saved snapshot: ep0020_phase2_class0
[Tracker] Ep   21 | AvgR 0.0002 | Global 0.9600 | Local 0.0116 | F1_macro 0.7013 | WorstLoss 1.0002
[Tracker] New BEST synthetic [phase2_class0] (by global.global_obj: 0.959967) saved.
[Tracker] BEST β weights [phase2_class0] saved -> training_runs/SPECv17b_bias010_rl_census_3seeds_EP800_PCA10_REWfairness_minID1_majID0_TRJ2000_REAL3000_BIAS0.1_GG202603181228_767aa6de/seed_1/best_beta_state_dict_phase2_class0.pt
[Tracker] Ep   22 | AvgR 0.0002 | Global 0.9247 | Local 0.0534 | F1_macro 0.6799 | WorstLoss 1.0908
[Tracker] Ep   23 | AvgR 0.0002 | Global 0.9015 | Local 0.0673 | F1_macro 0.6654 | WorstLoss 1.1238
[Tracker] Ep   24 | AvgR 0.0002 | Global 0.9412 | Local 0.0327 | F1_macro 0.6838 | WorstLoss 1.0465
[Tracker] Ep   25 | AvgR 0.0002 | Global 0.9183 | Local 0.0450 | F1_macro 0.6896 | WorstLoss 1.1231
[Tracker] Saved snapshot: ep0025_phase2_class0
[Tracker] Ep   26 | AvgR 0.0002 | Global 0.9442 | Local 0.0521 | F1_macro 0.6898 | WorstLoss 1.0276
[Tracker] Ep   27 | AvgR 0.0002 | Global 0.9094 | Local 0.0424 | F1_macro 0.6765 | WorstLoss 1.1040
[Tracker] Ep   28 | AvgR 0.0002 | Global 0.8841 | Local 0.0539 | F1_macro 0.6706 | WorstLoss 1.1740
[Tracker] Ep   29 | AvgR 0.0002 | Global 0.8618 | Local 0.0811 | F1_macro 0.6592 | WorstLoss 1.1909
[Tracker] Ep   30 | AvgR 0.0001 | Global 0.7964 | Local 0.0420 | F1_macro 0.6650 | WorstLoss 1.2622
[Tracker] Saved snapshot: ep0030_phase2_class0
[Tracker] Ep   31 | AvgR 0.0002 | Global 0.8573 | Local 0.0446 | F1_macro 0.6759 | WorstLoss 1.2064
[Tracker] Ep   32 | AvgR 0.0002 | Global 0.8879 | Local 0.0485 | F1_macro 0.6790 | WorstLoss 1.1571
[Tracker] Ep   33 | AvgR 0.0002 | Global 0.8837 | Local 0.0702 | F1_macro 0.6695 | WorstLoss 1.1694
[Tracker] Ep   34 | AvgR 0.0002 | Global 0.8820 | Local 0.0573 | F1_macro 0.6664 | WorstLoss 1.1620
[Tracker] Ep   35 | AvgR 0.0002 | Global 0.9231 | Local 0.0760 | F1_macro 0.6769 | WorstLoss 1.0806
[Tracker] Saved snapshot: ep0035_phase2_class0
[Tracker] Ep   36 | AvgR 0.0002 | Global 0.9451 | Local 0.0204 | F1_macro 0.6769 | WorstLoss 1.0372
[Tracker] Ep   37 | AvgR 0.0002 | Global 0.8691 | Local 0.0321 | F1_macro 0.6625 | WorstLoss 1.1990
[Tracker] Ep   38 | AvgR 0.0002 | Global 0.9185 | Local 0.0339 | F1_macro 0.6814 | WorstLoss 1.1227
[Tracker] Ep   39 | AvgR 0.0002 | Global 0.8955 | Local 0.0456 | F1_macro 0.6720 | WorstLoss 1.1382
[Tracker] Ep   40 | AvgR 0.0002 | Global 0.9479 | Local 0.0379 | F1_macro 0.6895 | WorstLoss 1.0151
[Tracker] Saved snapshot: ep0040_phase2_class0
[Tracker] Ep   41 | AvgR 0.0002 | Global 0.8410 | Local 0.0313 | F1_macro 0.6661 | WorstLoss 1.2270
[Tracker] Ep   42 | AvgR 0.0001 | Global 0.8307 | Local 0.0219 | F1_macro 0.6829 | WorstLoss 1.2405
[Tracker] Ep   43 | AvgR 0.0002 | Global 0.9030 | Local 0.0364 | F1_macro 0.6822 | WorstLoss 1.1331
[Tracker] Ep   44 | AvgR 0.0002 | Global 0.8802 | Local 0.0504 | F1_macro 0.6475 | WorstLoss 1.1641
[Tracker] Ep   45 | AvgR 0.0002 | Global 0.9042 | Local 0.0356 | F1_macro 0.6597 | WorstLoss 1.1379
[Tracker] Saved snapshot: ep0045_phase2_class0
[Tracker] Ep   46 | AvgR 0.0002 | Global 0.9139 | Local 0.0491 | F1_macro 0.6676 | WorstLoss 1.1096
[Tracker] Ep   47 | AvgR 0.0002 | Global 0.8860 | Local 0.0546 | F1_macro 0.6739 | WorstLoss 1.1745
[Tracker] Ep   48 | AvgR 0.0002 | Global 0.9399 | Local 0.0513 | F1_macro 0.6917 | WorstLoss 1.0457
[Tracker] Ep   49 | AvgR 0.0002 | Global 0.8579 | Local 0.0434 | F1_macro 0.6795 | WorstLoss 1.2085
[Tracker] Ep   50 | AvgR 0.0002 | Global 0.8376 | Local 0.0437 | F1_macro 0.6729 | WorstLoss 1.2240
[Tracker] Saved snapshot: ep0050_phase2_class0
[Tracker] Ep   51 | AvgR 0.0002 | Global 0.9322 | Local 0.0638 | F1_macro 0.6895 | WorstLoss 1.0513
[Tracker] Ep   52 | AvgR 0.0002 | Global 0.8645 | Local 0.0305 | F1_macro 0.6817 | WorstLoss 1.2010
[Tracker] Ep   53 | AvgR 0.0002 | Global 0.9225 | Local 0.0364 | F1_macro 0.6820 | WorstLoss 1.0996
[Tracker] Ep   54 | AvgR 0.0002 | Global 0.8971 | Local 0.0358 | F1_macro 0.6810 | WorstLoss 1.1535
[Tracker] Ep   55 | AvgR 0.0002 | Global 0.9063 | Local 0.0371 | F1_macro 0.6809 | WorstLoss 1.1334
[Tracker] Saved snapshot: ep0055_phase2_class0
[Tracker] Ep   56 | AvgR 0.0002 | Global 0.9142 | Local 0.0311 | F1_macro 0.6813 | WorstLoss 1.1378
[Tracker] Ep   57 | AvgR 0.0002 | Global 0.9425 | Local 0.0333 | F1_macro 0.6866 | WorstLoss 1.0385
[Tracker] Ep   58 | AvgR 0.0002 | Global 0.9139 | Local 0.0768 | F1_macro 0.6837 | WorstLoss 1.1254
[Tracker] Ep   59 | AvgR 0.0002 | Global 0.9415 | Local 0.0205 | F1_macro 0.7004 | WorstLoss 1.0668
[Tracker] Ep   60 | AvgR 0.0002 | Global 0.8936 | Local 0.0549 | F1_macro 0.6756 | WorstLoss 1.1512
[Tracker] Saved snapshot: ep0060_phase2_class0
[Tracker] Ep   61 | AvgR 0.0002 | Global 0.9333 | Local 0.0375 | F1_macro 0.6896 | WorstLoss 1.0700
[Tracker] Ep   62 | AvgR 0.0002 | Global 0.9198 | Local 0.0403 | F1_macro 0.6836 | WorstLoss 1.1171
[Tracker] Ep   63 | AvgR 0.0002 | Global 0.8275 | Local 0.0350 | F1_macro 0.6611 | WorstLoss 1.2367
[Tracker] Ep   64 | AvgR 0.0002 | Global 0.8339 | Local 0.0432 | F1_macro 0.6788 | WorstLoss 1.2299
[Tracker] Ep   65 | AvgR 0.0002 | Global 0.9124 | Local 0.0566 | F1_macro 0.6710 | WorstLoss 1.1136
[Tracker] Saved snapshot: ep0065_phase2_class0
[Tracker] Ep   66 | AvgR 0.0002 | Global 0.9605 | Local 0.0251 | F1_macro 0.6984 | WorstLoss 0.9035
[Tracker] New BEST synthetic [phase2_class0] (by global.global_obj: 0.960532) saved.
[Tracker] BEST β weights [phase2_class0] saved -> training_runs/SPECv17b_bias010_rl_census_3seeds_EP800_PCA10_REWfairness_minID1_majID0_TRJ2000_REAL3000_BIAS0.1_GG202603181228_767aa6de/seed_1/best_beta_state_dict_phase2_class0.pt
[Tracker] Ep   67 | AvgR 0.0002 | Global 0.9532 | Local 0.0785 | F1_macro 0.6771 | WorstLoss 0.9253
[Tracker] Ep   68 | AvgR 0.0002 | Global 0.9211 | Local 0.0830 | F1_macro 0.6733 | WorstLoss 1.0480
[Tracker] Ep   69 | AvgR 0.0002 | Global 0.9319 | Local 0.0507 | F1_macro 0.6897 | WorstLoss 1.0495
[Tracker] Ep   70 | AvgR 0.0002 | Global 0.8528 | Local 0.0557 | F1_macro 0.6599 | WorstLoss 1.2084
[Tracker] Saved snapshot: ep0070_phase2_class0
[Tracker] Ep   71 | AvgR 0.0002 | Global 0.8962 | Local 0.0865 | F1_macro 0.6580 | WorstLoss 1.1385
[Tracker] Ep   72 | AvgR 0.0002 | Global 0.9174 | Local 0.0555 | F1_macro 0.6727 | WorstLoss 1.1150
[Tracker] Ep   73 | AvgR 0.0002 | Global 0.9254 | Local 0.0952 | F1_macro 0.6762 | WorstLoss 1.0567
[Tracker] Ep   74 | AvgR 0.0002 | Global 0.9156 | Local 0.0829 | F1_macro 0.6631 | WorstLoss 1.1043
[Tracker] Ep   75 | AvgR 0.0002 | Global 0.9001 | Local 0.0392 | F1_macro 0.6877 | WorstLoss 1.1554
[Tracker] Saved snapshot: ep0075_phase2_class0
[Tracker] Ep   76 | AvgR 0.0002 | Global 0.9059 | Local 0.0526 | F1_macro 0.6813 | WorstLoss 1.1466
[Tracker] Ep   77 | AvgR 0.0002 | Global 0.9366 | Local 0.0724 | F1_macro 0.6783 | WorstLoss 1.0183
[Tracker] Ep   78 | AvgR 0.0002 | Global 0.8548 | Local 0.0494 | F1_macro 0.6703 | WorstLoss 1.2114
[Tracker] Ep   79 | AvgR 0.0002 | Global 0.9366 | Local 0.0297 | F1_macro 0.6894 | WorstLoss 1.0776
[Tracker] Ep   80 | AvgR 0.0002 | Global 0.8309 | Local 0.0556 | F1_macro 0.6562 | WorstLoss 1.2341
[Tracker] Saved snapshot: ep0080_phase2_class0
[Tracker] Ep   81 | AvgR 0.0002 | Global 0.9138 | Local 0.0871 | F1_macro 0.6783 | WorstLoss 1.0971
[Tracker] Ep   82 | AvgR 0.0002 | Global 0.8902 | Local 0.0588 | F1_macro 0.6688 | WorstLoss 1.1554
[Tracker] Ep   83 | AvgR 0.0002 | Global 0.9158 | Local 0.0710 | F1_macro 0.6814 | WorstLoss 1.1066
[Tracker] Ep   84 | AvgR 0.0002 | Global 0.9010 | Local 0.0600 | F1_macro 0.6896 | WorstLoss 1.1447
[Tracker] Ep   85 | AvgR 0.0002 | Global 0.8995 | Local 0.0298 | F1_macro 0.6779 | WorstLoss 1.1498
[Tracker] Saved snapshot: ep0085_phase2_class0
[Tracker] Ep   86 | AvgR 0.0002 | Global 0.9246 | Local 0.0940 | F1_macro 0.6789 | WorstLoss 1.0513
[Tracker] Ep   87 | AvgR 0.0002 | Global 0.9107 | Local 0.0549 | F1_macro 0.6878 | WorstLoss 1.1260
[Tracker] Ep   88 | AvgR 0.0002 | Global 0.9266 | Local 0.0918 | F1_macro 0.6812 | WorstLoss 1.0583
[Tracker] Ep   89 | AvgR 0.0002 | Global 0.9270 | Local 0.0341 | F1_macro 0.6904 | WorstLoss 1.1016
[Tracker] Ep   90 | AvgR 0.0002 | Global 0.9084 | Local 0.0661 | F1_macro 0.6728 | WorstLoss 1.1386
[Tracker] Saved snapshot: ep0090_phase2_class0
[Tracker] Ep   91 | AvgR 0.0002 | Global 0.9079 | Local 0.0614 | F1_macro 0.6825 | WorstLoss 1.1311
[Tracker] Ep   92 | AvgR 0.0002 | Global 0.8999 | Local 0.0689 | F1_macro 0.6656 | WorstLoss 1.1374
[Tracker] Ep   93 | AvgR 0.0002 | Global 0.9355 | Local 0.0754 | F1_macro 0.6741 | WorstLoss 1.0519
[Tracker] Ep   94 | AvgR 0.0002 | Global 0.9188 | Local 0.0483 | F1_macro 0.6747 | WorstLoss 1.1051
[Tracker] Ep   95 | AvgR 0.0002 | Global 0.9133 | Local 0.0570 | F1_macro 0.6800 | WorstLoss 1.1182
[Tracker] Saved snapshot: ep0095_phase2_class0
[Tracker] Ep   96 | AvgR 0.0002 | Global 0.9251 | Local 0.0580 | F1_macro 0.6851 | WorstLoss 1.0714
[Tracker] Ep   97 | AvgR 0.0002 | Global 0.8176 | Local 0.0464 | F1_macro 0.6597 | WorstLoss 1.2429
[Tracker] Ep   98 | AvgR 0.0002 | Global 0.9038 | Local 0.0582 | F1_macro 0.6820 | WorstLoss 1.1347
[Tracker] Ep   99 | AvgR 0.0002 | Global 0.7991 | Local 0.0569 | F1_macro 0.6633 | WorstLoss 1.2577
[Tracker] Ep  100 | AvgR 0.0002 | Global 0.9031 | Local 0.0695 | F1_macro 0.6773 | WorstLoss 1.1270
[Tracker] Saved snapshot: ep0100_phase2_class0
[Tracker] Ep  101 | AvgR 0.0002 | Global 0.8848 | Local 0.0625 | F1_macro 0.6782 | WorstLoss 1.1659
[Tracker] Ep  102 | AvgR 0.0002 | Global 0.9170 | Local 0.0940 | F1_macro 0.6752 | WorstLoss 1.0927
[Tracker] Ep  103 | AvgR 0.0002 | Global 0.9003 | Local 0.0741 | F1_macro 0.6894 | WorstLoss 1.1590
[Tracker] Ep  104 | AvgR 0.0002 | Global 0.8920 | Local 0.0644 | F1_macro 0.6748 | WorstLoss 1.1538
[Tracker] Ep  105 | AvgR 0.0002 | Global 0.8979 | Local 0.0567 | F1_macro 0.6858 | WorstLoss 1.1351
[Tracker] Saved snapshot: ep0105_phase2_class0
[Tracker] Ep  106 | AvgR 0.0002 | Global 0.9224 | Local 0.0456 | F1_macro 0.6820 | WorstLoss 1.1058
[Tracker] Ep  107 | AvgR 0.0002 | Global 0.9159 | Local 0.0768 | F1_macro 0.6891 | WorstLoss 1.1274
[Tracker] Ep  108 | AvgR 0.0002 | Global 0.8671 | Local 0.0533 | F1_macro 0.6676 | WorstLoss 1.1891
[Tracker] Ep  109 | AvgR 0.0002 | Global 0.9293 | Local 0.0739 | F1_macro 0.6689 | WorstLoss 1.0781
[Tracker] Ep  110 | AvgR 0.0002 | Global 0.9121 | Local 0.0562 | F1_macro 0.6750 | WorstLoss 1.1087
[Tracker] Saved snapshot: ep0110_phase2_class0
[Tracker] Ep  111 | AvgR 0.0002 | Global 0.8603 | Local 0.0673 | F1_macro 0.6804 | WorstLoss 1.2093
[Tracker] Ep  112 | AvgR 0.0002 | Global 0.9327 | Local 0.0640 | F1_macro 0.6844 | WorstLoss 1.0328
[Tracker] Ep  113 | AvgR 0.0002 | Global 0.9042 | Local 0.0692 | F1_macro 0.6733 | WorstLoss 1.1100
[Tracker] Ep  114 | AvgR 0.0002 | Global 0.9106 | Local 0.0884 | F1_macro 0.6567 | WorstLoss 1.0740
[Tracker] Ep  115 | AvgR 0.0002 | Global 0.9102 | Local 0.0681 | F1_macro 0.6773 | WorstLoss 1.1112
[Tracker] Saved snapshot: ep0115_phase2_class0
[Tracker] Ep  116 | AvgR 0.0002 | Global 0.9266 | Local 0.0582 | F1_macro 0.6785 | WorstLoss 1.0772
[Tracker] Ep  117 | AvgR 0.0002 | Global 0.8995 | Local 0.0834 | F1_macro 0.6858 | WorstLoss 1.1243
[Tracker] Ep  118 | AvgR 0.0002 | Global 0.9468 | Local 0.1007 | F1_macro 0.6916 | WorstLoss 0.9651
[Tracker] Ep  119 | AvgR 0.0002 | Global 0.8980 | Local 0.0819 | F1_macro 0.6612 | WorstLoss 1.1311
[Tracker] Ep  120 | AvgR 0.0002 | Global 0.9385 | Local 0.0547 | F1_macro 0.6792 | WorstLoss 1.0681
[Tracker] Saved snapshot: ep0120_phase2_class0
[Tracker] Ep  121 | AvgR 0.0002 | Global 0.8239 | Local 0.0937 | F1_macro 0.6633 | WorstLoss 1.2337
[Tracker] Ep  122 | AvgR 0.0002 | Global 0.9247 | Local 0.0484 | F1_macro 0.6863 | WorstLoss 1.0972
[Tracker] Ep  123 | AvgR 0.0002 | Global 0.9309 | Local 0.1238 | F1_macro 0.6833 | WorstLoss 1.0262
[Tracker] Ep  124 | AvgR 0.0002 | Global 0.9196 | Local 0.0994 | F1_macro 0.6873 | WorstLoss 1.0903
[Tracker] Ep  125 | AvgR 0.0002 | Global 0.9131 | Local 0.0744 | F1_macro 0.6596 | WorstLoss 1.0855
[Tracker] Saved snapshot: ep0125_phase2_class0
[Tracker] Ep  126 | AvgR 0.0002 | Global 0.9332 | Local 0.1437 | F1_macro 0.6781 | WorstLoss 1.0308
[Tracker] Ep  127 | AvgR 0.0002 | Global 0.9153 | Local 0.1110 | F1_macro 0.6758 | WorstLoss 1.0538
[Tracker] Ep  128 | AvgR 0.0002 | Global 0.9190 | Local 0.1099 | F1_macro 0.6914 | WorstLoss 1.0685
[Tracker] Ep  129 | AvgR 0.0002 | Global 0.8717 | Local 0.0615 | F1_macro 0.6553 | WorstLoss 1.1761
[Tracker] Ep  130 | AvgR 0.0002 | Global 0.9375 | Local 0.0507 | F1_macro 0.6932 | WorstLoss 1.0423
[Tracker] Saved snapshot: ep0130_phase2_class0
[Tracker] Ep  131 | AvgR 0.0002 | Global 0.8803 | Local 0.0755 | F1_macro 0.6751 | WorstLoss 1.1779
[Tracker] Ep  132 | AvgR 0.0002 | Global 0.9193 | Local 0.0737 | F1_macro 0.6760 | WorstLoss 1.0715
[Tracker] Ep  133 | AvgR 0.0002 | Global 0.8962 | Local 0.0649 | F1_macro 0.6820 | WorstLoss 1.1555
[Tracker] Ep  134 | AvgR 0.0002 | Global 0.9171 | Local 0.0666 | F1_macro 0.6700 | WorstLoss 1.1022
[Tracker] Ep  135 | AvgR 0.0002 | Global 0.9271 | Local 0.0886 | F1_macro 0.6782 | WorstLoss 1.0660
[Tracker] Saved snapshot: ep0135_phase2_class0
[Tracker] Ep  136 | AvgR 0.0002 | Global 0.8568 | Local 0.0927 | F1_macro 0.6661 | WorstLoss 1.1935
[Tracker] Ep  137 | AvgR 0.0002 | Global 0.9197 | Local 0.1289 | F1_macro 0.6791 | WorstLoss 1.0829
[Tracker] Ep  138 | AvgR 0.0002 | Global 0.8746 | Local 0.0536 | F1_macro 0.6640 | WorstLoss 1.1908
[Tracker] Ep  139 | AvgR 0.0002 | Global 0.8450 | Local 0.0763 | F1_macro 0.6762 | WorstLoss 1.2195
[Tracker] Ep  140 | AvgR 0.0002 | Global 0.8973 | Local 0.0781 | F1_macro 0.6800 | WorstLoss 1.1250
[Tracker] Saved snapshot: ep0140_phase2_class0
[Tracker] Ep  141 | AvgR 0.0002 | Global 0.9284 | Local 0.0833 | F1_macro 0.6855 | WorstLoss 1.0552
[Tracker] Ep  142 | AvgR 0.0002 | Global 0.9081 | Local 0.0731 | F1_macro 0.6749 | WorstLoss 1.1181
[Tracker] Ep  143 | AvgR 0.0002 | Global 0.8901 | Local 0.1197 | F1_macro 0.6789 | WorstLoss 1.1542
[Tracker] Ep  144 | AvgR 0.0002 | Global 0.8999 | Local 0.0820 | F1_macro 0.6730 | WorstLoss 1.1192
[Tracker] Ep  145 | AvgR 0.0002 | Global 0.9127 | Local 0.0713 | F1_macro 0.6696 | WorstLoss 1.0749
[Tracker] Saved snapshot: ep0145_phase2_class0
[Tracker] Ep  146 | AvgR 0.0002 | Global 0.9125 | Local 0.0877 | F1_macro 0.6742 | WorstLoss 1.0875
[Tracker] Ep  147 | AvgR 0.0002 | Global 0.8486 | Local 0.0749 | F1_macro 0.6636 | WorstLoss 1.2105
[Tracker] Ep  148 | AvgR 0.0002 | Global 0.9070 | Local 0.1072 | F1_macro 0.6757 | WorstLoss 1.1351
[Tracker] Ep  149 | AvgR 0.0002 | Global 0.9130 | Local 0.0963 | F1_macro 0.6713 | WorstLoss 1.0986
[Tracker] Ep  150 | AvgR 0.0002 | Global 0.9128 | Local 0.0524 | F1_macro 0.6827 | WorstLoss 1.1281
[Tracker] Saved snapshot: ep0150_phase2_class0
[Tracker] Ep  151 | AvgR 0.0002 | Global 0.8602 | Local 0.1176 | F1_macro 0.6694 | WorstLoss 1.1924
[Tracker] Ep  152 | AvgR 0.0002 | Global 0.8869 | Local 0.0568 | F1_macro 0.6650 | WorstLoss 1.1644
[Tracker] Ep  153 | AvgR 0.0002 | Global 0.9416 | Local 0.0809 | F1_macro 0.6841 | WorstLoss 1.0264
[Tracker] Ep  154 | AvgR 0.0002 | Global 0.8447 | Local 0.0763 | F1_macro 0.6705 | WorstLoss 1.2136
[Tracker] Ep  155 | AvgR 0.0002 | Global 0.9143 | Local 0.0866 | F1_macro 0.6778 | WorstLoss 1.1228
[Tracker] Saved snapshot: ep0155_phase2_class0
[Tracker] Ep  156 | AvgR 0.0002 | Global 0.9197 | Local 0.1260 | F1_macro 0.6858 | WorstLoss 1.0846
[Tracker] Ep  157 | AvgR 0.0002 | Global 0.8389 | Local 0.1177 | F1_macro 0.6633 | WorstLoss 1.2165
[Tracker] Ep  158 | AvgR 0.0002 | Global 0.8895 | Local 0.1185 | F1_macro 0.6734 | WorstLoss 1.1596
[Tracker] Ep  159 | AvgR 0.0002 | Global 0.8625 | Local 0.0868 | F1_macro 0.6745 | WorstLoss 1.2002
[Tracker] Ep  160 | AvgR 0.0002 | Global 0.9187 | Local 0.0819 | F1_macro 0.6870 | WorstLoss 1.1212
[Tracker] Saved snapshot: ep0160_phase2_class0
[Tracker] Ep  161 | AvgR 0.0002 | Global 0.9174 | Local 0.1097 | F1_macro 0.6804 | WorstLoss 1.0833
[Tracker] Ep  162 | AvgR 0.0002 | Global 0.8899 | Local 0.1099 | F1_macro 0.6647 | WorstLoss 1.1455
[Tracker] Ep  163 | AvgR 0.0002 | Global 0.8963 | Local 0.1043 | F1_macro 0.6708 | WorstLoss 1.1346
[Tracker] Ep  164 | AvgR 0.0002 | Global 0.9288 | Local 0.1216 | F1_macro 0.6708 | WorstLoss 1.0386
[Tracker] Ep  165 | AvgR 0.0002 | Global 0.8957 | Local 0.1117 | F1_macro 0.6639 | WorstLoss 1.1343
[Tracker] Saved snapshot: ep0165_phase2_class0
[Tracker] Ep  166 | AvgR 0.0003 | Global 0.9238 | Local 0.1500 | F1_macro 0.6554 | WorstLoss 1.0344
[Tracker] Ep  167 | AvgR 0.0003 | Global 0.9426 | Local 0.1222 | F1_macro 0.6796 | WorstLoss 0.9558
[Tracker] Ep  168 | AvgR 0.0002 | Global 0.9029 | Local 0.0773 | F1_macro 0.6846 | WorstLoss 1.1414
[Tracker] Ep  169 | AvgR 0.0002 | Global 0.8994 | Local 0.1127 | F1_macro 0.6634 | WorstLoss 1.1329
[Tracker] Ep  170 | AvgR 0.0002 | Global 0.9110 | Local 0.0944 | F1_macro 0.6777 | WorstLoss 1.1078
[Tracker] Saved snapshot: ep0170_phase2_class0
[Tracker] Ep  171 | AvgR 0.0003 | Global 0.9315 | Local 0.2155 | F1_macro 0.6751 | WorstLoss 1.0281
[Tracker] Ep  172 | AvgR 0.0002 | Global 0.9034 | Local 0.1250 | F1_macro 0.6739 | WorstLoss 1.1372
[Tracker] Ep  173 | AvgR 0.0002 | Global 0.9279 | Local 0.1033 | F1_macro 0.6813 | WorstLoss 1.0536
[Tracker] Ep  174 | AvgR 0.0002 | Global 0.8119 | Local 0.1261 | F1_macro 0.6599 | WorstLoss 1.2382
[Tracker] Ep  175 | AvgR 0.0002 | Global 0.9125 | Local 0.1217 | F1_macro 0.6720 | WorstLoss 1.0749
[Tracker] Saved snapshot: ep0175_phase2_class0
[Tracker] Ep  176 | AvgR 0.0002 | Global 0.9235 | Local 0.0970 | F1_macro 0.6705 | WorstLoss 1.0778
[Tracker] Ep  177 | AvgR 0.0003 | Global 0.9304 | Local 0.1889 | F1_macro 0.6693 | WorstLoss 1.0108
[Tracker] Ep  178 | AvgR 0.0002 | Global 0.9019 | Local 0.1179 | F1_macro 0.6718 | WorstLoss 1.1316
[Tracker] Ep  179 | AvgR 0.0002 | Global 0.9179 | Local 0.0875 | F1_macro 0.6710 | WorstLoss 1.1111
[Tracker] Ep  180 | AvgR 0.0002 | Global 0.8902 | Local 0.0945 | F1_macro 0.6713 | WorstLoss 1.1633
[Tracker] Saved snapshot: ep0180_phase2_class0
[Tracker] Ep  181 | AvgR 0.0002 | Global 0.9160 | Local 0.1022 | F1_macro 0.6729 | WorstLoss 1.1004
[Tracker] Ep  182 | AvgR 0.0003 | Global 0.9445 | Local 0.1587 | F1_macro 0.6784 | WorstLoss 0.9633
[Tracker] Ep  183 | AvgR 0.0002 | Global 0.9174 | Local 0.0829 | F1_macro 0.6852 | WorstLoss 1.1190
[Tracker] Ep  184 | AvgR 0.0003 | Global 0.9582 | Local 0.1119 | F1_macro 0.6957 | WorstLoss 0.9435
[Tracker] Ep  185 | AvgR 0.0003 | Global 0.9394 | Local 0.1695 | F1_macro 0.6714 | WorstLoss 0.9598
[Tracker] Saved snapshot: ep0185_phase2_class0
[Tracker] Ep  186 | AvgR 0.0003 | Global 0.9415 | Local 0.1273 | F1_macro 0.6760 | WorstLoss 0.9856
[Tracker] Ep  187 | AvgR 0.0002 | Global 0.8854 | Local 0.0993 | F1_macro 0.6807 | WorstLoss 1.1657
[Tracker] Ep  188 | AvgR 0.0002 | Global 0.9123 | Local 0.0944 | F1_macro 0.6651 | WorstLoss 1.0913
[Tracker] Ep  189 | AvgR 0.0003 | Global 0.9434 | Local 0.1608 | F1_macro 0.6800 | WorstLoss 0.9571
[Tracker] Ep  190 | AvgR 0.0003 | Global 0.9272 | Local 0.0962 | F1_macro 0.6853 | WorstLoss 1.0810
[Tracker] Saved snapshot: ep0190_phase2_class0
[Tracker] Ep  191 | AvgR 0.0002 | Global 0.8823 | Local 0.1073 | F1_macro 0.6577 | WorstLoss 1.1421
[Tracker] Ep  192 | AvgR 0.0003 | Global 0.9149 | Local 0.1145 | F1_macro 0.6667 | WorstLoss 1.1193
[Tracker] Ep  193 | AvgR 0.0003 | Global 0.9438 | Local 0.1383 | F1_macro 0.6636 | WorstLoss 0.9940
[Tracker] Ep  194 | AvgR 0.0002 | Global 0.8896 | Local 0.0893 | F1_macro 0.6747 | WorstLoss 1.1587
[Tracker] Ep  195 | AvgR 0.0003 | Global 0.9228 | Local 0.0926 | F1_macro 0.6667 | WorstLoss 1.0618
[Tracker] Saved snapshot: ep0195_phase2_class0
[Tracker] Ep  196 | AvgR 0.0002 | Global 0.8528 | Local 0.1319 | F1_macro 0.6485 | WorstLoss 1.1972
[Tracker] Ep  197 | AvgR 0.0002 | Global 0.8465 | Local 0.0869 | F1_macro 0.6653 | WorstLoss 1.2134
[Tracker] Ep  198 | AvgR 0.0003 | Global 0.9390 | Local 0.1512 | F1_macro 0.6764 | WorstLoss 1.0179
[Tracker] Ep  199 | AvgR 0.0002 | Global 0.9029 | Local 0.0822 | F1_macro 0.6801 | WorstLoss 1.1266
[Tracker] Ep  200 | AvgR 0.0003 | Global 0.9280 | Local 0.1208 | F1_macro 0.6686 | WorstLoss 1.0796
[Tracker] Saved snapshot: ep0200_phase2_class0
[Phase] Finished phase2_class0 | best global_obj=0.9605
FFNN Using device: cuda:0
[Combined] Saved combined beta -> training_runs/SPECv17b_bias010_rl_census_3seeds_EP800_PCA10_REWfairness_minID1_majID0_TRJ2000_REAL3000_BIAS0.1_GG202603181228_767aa6de/seed_1/best_beta_state_dict.pt
[Combined] Saved combined synthetic -> training_runs/SPECv17b_bias010_rl_census_3seeds_EP800_PCA10_REWfairness_minID1_majID0_TRJ2000_REAL3000_BIAS0.1_GG202603181228_767aa6de/seed_1/best_synthetic_combined.npz
FFNN Using device: cuda:0
[TestSuite] Loaded best β weights from: training_runs/SPECv17b_bias010_rl_census_3seeds_EP800_PCA10_REWfairness_minID1_majID0_TRJ2000_REAL3000_BIAS0.1_GG202603181228_767aa6de/seed_1/best_beta_state_dict.pt

[TEST] Alpha -> F1(min)=0.4631 | F1(maj)=0.8936 | F1(weighted)=0.7899 | F1(macro)=0.6783 | Brier=0.1247
[TEST] Beta  -> F1(min)=0.4900 | F1(maj)=0.8821 | F1(weighted)=0.7877 | F1(macro)=0.6861 | Brier=0.1350
[TestSuite] Final test metrics appended to (seed): training_runs/SPECv17b_bias010_rl_census_3seeds_EP800_PCA10_REWfairness_minID1_majID0_TRJ2000_REAL3000_BIAS0.1_GG202603181228_767aa6de/seed_1/final_test_metrics.csv
[TestSuite] Final test metrics appended to (experiment): training_runs/SPECv17b_bias010_rl_census_3seeds_EP800_PCA10_REWfairness_minID1_majID0_TRJ2000_REAL3000_BIAS0.1_GG202603181228_767aa6de/final_test_metrics.csv
Total time 2080.09s
[Tracker] Finished. Run folder: training_runs/SPECv17b_bias010_rl_census_3seeds_EP800_PCA10_REWfairness_minID1_majID0_TRJ2000_REAL3000_BIAS0.1_GG202603181228_767aa6de/seed_1
