[main] spec=v17c_bias010_ds030_rl_census_3seeds.json device=cuda:0
[main] exp_group=SPEC_v17c_bias010_ds030_rl_census_3seeds_a4303531__G202603181628
[main] seeds=[42, 0, 1]
[main] ---- running seed=42 ----
FFNN Using device: cuda:0
FFNN Using device: cuda:0
[Tracker] Experiment: SPECv17c_bias010_ds030_rl_census_3seeds_EP800_PCA10_REWfairness_minID1_majID0_TRJ2000_REAL3000_BIAS0.1_GG202603181628_95f1d3ce
[Tracker] Seed folder: training_runs/SPECv17c_bias010_ds030_rl_census_3seeds_EP800_PCA10_REWfairness_minID1_majID0_TRJ2000_REAL3000_BIAS0.1_GG202603181628_95f1d3ce/seed_42
[Tracker] Run: 2026-03-18_16-28-03_seed42_217285_583bff39
[Tracker] Metrics CSV: training_runs/SPECv17c_bias010_ds030_rl_census_3seeds_EP800_PCA10_REWfairness_minID1_majID0_TRJ2000_REAL3000_BIAS0.1_GG202603181628_95f1d3ce/seed_42/metrics.csv
[Tracker] Mirroring console to: training_runs/SPECv17c_bias010_ds030_rl_census_3seeds_EP800_PCA10_REWfairness_minID1_majID0_TRJ2000_REAL3000_BIAS0.1_GG202603181628_95f1d3ce/seed_42/console.log
[TRAIN] size=3000, minority=300 (10.00%)
[VAL] size=5493, minority=549 (9.99%)
[TEST] size=6513, minority=1569 (24.09%)
FFNN Using device: cuda:0
FFNN Using device: cuda:0
Beta will train with: 60.00% real data, 40.00% synthetic data: 
[disadv] group=1 per_g={0: 0.10507170110940933, 1: 0.27377745509147644} worst_4g=1.9454 soft_eo_alpha=0.1498
Anchors: 257 (disadv=1) sigma_anchor=0.8500
[Tracker] Alpha model state_dict saved to training_runs/SPECv17c_bias010_ds030_rl_census_3seeds_EP800_PCA10_REWfairness_minID1_majID0_TRJ2000_REAL3000_BIAS0.1_GG202603181628_95f1d3ce/seed_42/alpha_state_dict.pt
[Tracker] Alpha model config saved to training_runs/SPECv17c_bias010_ds030_rl_census_3seeds_EP800_PCA10_REWfairness_minID1_majID0_TRJ2000_REAL3000_BIAS0.1_GG202603181628_95f1d3ce/seed_42/ffnn_meta.json

============================================================
[Phase] Starting phase1_class1 | target_class=1 | episodes=800
============================================================
[Tracker] CSV header written with 44 columns.
[Tracker] Ep    1 | AvgR 0.0002 | Global 0.9518 | Local 0.1927 | F1_macro 0.6712 | WorstLoss 1.3683
[Tracker] New BEST synthetic [phase1_class1] (by global.global_obj: 0.951777) saved.
[Tracker] BEST β weights [phase1_class1] saved -> training_runs/SPECv17c_bias010_ds030_rl_census_3seeds_EP800_PCA10_REWfairness_minID1_majID0_TRJ2000_REAL3000_BIAS0.1_GG202603181628_95f1d3ce/seed_42/best_beta_state_dict_phase1_class1.pt
[Tracker] Ep    2 | AvgR 0.0002 | Global 0.8899 | Local 0.1876 | F1_macro 0.6468 | WorstLoss 1.6521
[Tracker] Ep    3 | AvgR 0.0002 | Global 0.9087 | Local 0.1888 | F1_macro 0.6530 | WorstLoss 1.5490
[Tracker] Ep    4 | AvgR 0.0002 | Global 0.9043 | Local 0.2195 | F1_macro 0.6448 | WorstLoss 1.5705
[Tracker] Ep    5 | AvgR 0.0002 | Global 0.9474 | Local 0.2114 | F1_macro 0.6765 | WorstLoss 1.2367
[Tracker] Saved snapshot: ep0005_phase1_class1
[Tracker] Ep    6 | AvgR 0.0001 | Global 0.6562 | Local 0.1208 | F1_macro 0.6838 | WorstLoss 1.8674
[Tracker] Ep    7 | AvgR 0.0002 | Global 0.9382 | Local 0.1630 | F1_macro 0.6783 | WorstLoss 1.4073
[Tracker] Ep    8 | AvgR 0.0002 | Global 0.9400 | Local 0.1877 | F1_macro 0.6763 | WorstLoss 1.4645
[Tracker] Ep    9 | AvgR 0.0002 | Global 0.9142 | Local 0.1470 | F1_macro 0.6652 | WorstLoss 1.5707
[Tracker] Ep   10 | AvgR 0.0002 | Global 0.9533 | Local 0.1551 | F1_macro 0.6913 | WorstLoss 1.2612
[Tracker] Saved snapshot: ep0010_phase1_class1
[Tracker] New BEST synthetic [phase1_class1] (by global.global_obj: 0.953336) saved.
[Tracker] BEST β weights [phase1_class1] saved -> training_runs/SPECv17c_bias010_ds030_rl_census_3seeds_EP800_PCA10_REWfairness_minID1_majID0_TRJ2000_REAL3000_BIAS0.1_GG202603181628_95f1d3ce/seed_42/best_beta_state_dict_phase1_class1.pt
[Tracker] Ep   11 | AvgR 0.0002 | Global 0.9327 | Local 0.1554 | F1_macro 0.6465 | WorstLoss 1.2189
[Tracker] Ep   12 | AvgR 0.0002 | Global 0.9661 | Local 0.1709 | F1_macro 0.6867 | WorstLoss 1.3298
[Tracker] New BEST synthetic [phase1_class1] (by global.global_obj: 0.966108) saved.
[Tracker] BEST β weights [phase1_class1] saved -> training_runs/SPECv17c_bias010_ds030_rl_census_3seeds_EP800_PCA10_REWfairness_minID1_majID0_TRJ2000_REAL3000_BIAS0.1_GG202603181628_95f1d3ce/seed_42/best_beta_state_dict_phase1_class1.pt
[Tracker] Ep   13 | AvgR 0.0002 | Global 0.9456 | Local 0.2071 | F1_macro 0.6782 | WorstLoss 1.2901
[Tracker] Ep   14 | AvgR 0.0002 | Global 0.8832 | Local 0.2032 | F1_macro 0.6728 | WorstLoss 1.6738
[Tracker] Ep   15 | AvgR 0.0002 | Global 0.9329 | Local 0.2029 | F1_macro 0.6602 | WorstLoss 1.3850
[Tracker] Saved snapshot: ep0015_phase1_class1
[Tracker] Ep   16 | AvgR 0.0002 | Global 0.8373 | Local 0.1838 | F1_macro 0.6750 | WorstLoss 1.7353
[Tracker] Ep   17 | AvgR 0.0002 | Global 0.9120 | Local 0.1220 | F1_macro 0.6821 | WorstLoss 1.6536
[Tracker] Ep   18 | AvgR 0.0002 | Global 0.6657 | Local 0.1489 | F1_macro 0.6736 | WorstLoss 1.8576
[Tracker] Ep   19 | AvgR 0.0002 | Global 0.9243 | Local 0.1750 | F1_macro 0.6435 | WorstLoss 1.3136
[Tracker] Ep   20 | AvgR 0.0002 | Global 0.9377 | Local 0.2342 | F1_macro 0.6688 | WorstLoss 1.1318
[Tracker] Saved snapshot: ep0020_phase1_class1
[Tracker] Ep   21 | AvgR 0.0002 | Global 0.9595 | Local 0.1886 | F1_macro 0.6873 | WorstLoss 1.1405
[Tracker] Ep   22 | AvgR 0.0002 | Global 0.9495 | Local 0.1697 | F1_macro 0.6787 | WorstLoss 1.1650
[Tracker] Ep   23 | AvgR 0.0002 | Global 0.9231 | Local 0.1679 | F1_macro 0.6724 | WorstLoss 1.5952
[Tracker] Ep   24 | AvgR 0.0002 | Global 0.9204 | Local 0.1842 | F1_macro 0.6621 | WorstLoss 1.5127
[Tracker] Ep   25 | AvgR 0.0002 | Global 0.9331 | Local 0.2145 | F1_macro 0.6566 | WorstLoss 1.5004
[Tracker] Saved snapshot: ep0025_phase1_class1
[Tracker] Ep   26 | AvgR 0.0002 | Global 0.9141 | Local 0.1581 | F1_macro 0.6801 | WorstLoss 1.6391
[Tracker] Ep   27 | AvgR 0.0002 | Global 0.9508 | Local 0.1803 | F1_macro 0.6726 | WorstLoss 1.2762
[Tracker] Ep   28 | AvgR 0.0002 | Global 0.9337 | Local 0.2726 | F1_macro 0.6565 | WorstLoss 1.4196
[Tracker] Ep   29 | AvgR 0.0002 | Global 0.9373 | Local 0.1980 | F1_macro 0.6578 | WorstLoss 1.3178
[Tracker] Ep   30 | AvgR 0.0002 | Global 0.7970 | Local 0.1847 | F1_macro 0.6737 | WorstLoss 1.7812
[Tracker] Saved snapshot: ep0030_phase1_class1
[Tracker] Ep   31 | AvgR 0.0002 | Global 0.7528 | Local 0.1944 | F1_macro 0.6670 | WorstLoss 1.8003
[Tracker] Ep   32 | AvgR 0.0002 | Global 0.9377 | Local 0.1943 | F1_macro 0.6835 | WorstLoss 1.4057
[Tracker] Ep   33 | AvgR 0.0002 | Global 0.8829 | Local 0.2247 | F1_macro 0.6634 | WorstLoss 1.6814
[Tracker] Ep   34 | AvgR 0.0002 | Global 0.9527 | Local 0.2093 | F1_macro 0.6728 | WorstLoss 1.2260
[Tracker] Ep   35 | AvgR 0.0002 | Global 0.9155 | Local 0.2006 | F1_macro 0.6550 | WorstLoss 1.5384
[Tracker] Saved snapshot: ep0035_phase1_class1
[Tracker] Ep   36 | AvgR 0.0002 | Global 0.7912 | Local 0.1816 | F1_macro 0.6641 | WorstLoss 1.7791
[Tracker] Ep   37 | AvgR 0.0002 | Global 0.8423 | Local 0.2059 | F1_macro 0.6609 | WorstLoss 1.7198
[Tracker] Ep   38 | AvgR 0.0002 | Global 0.9529 | Local 0.1777 | F1_macro 0.6598 | WorstLoss 1.3124
[Tracker] Ep   39 | AvgR 0.0002 | Global 0.9340 | Local 0.2032 | F1_macro 0.6727 | WorstLoss 1.4806
[Tracker] Ep   40 | AvgR 0.0002 | Global 0.9515 | Local 0.2226 | F1_macro 0.6696 | WorstLoss 1.0808
[Tracker] Saved snapshot: ep0040_phase1_class1
[Tracker] Ep   41 | AvgR 0.0002 | Global 0.8099 | Local 0.2173 | F1_macro 0.6682 | WorstLoss 1.7596
[Tracker] Ep   42 | AvgR 0.0002 | Global 0.9422 | Local 0.1771 | F1_macro 0.6747 | WorstLoss 1.5224
[Tracker] Ep   43 | AvgR 0.0002 | Global 0.9414 | Local 0.1940 | F1_macro 0.6617 | WorstLoss 1.2539
[Tracker] Ep   44 | AvgR 0.0002 | Global 0.9507 | Local 0.2290 | F1_macro 0.6715 | WorstLoss 1.3420
[Tracker] Ep   45 | AvgR 0.0002 | Global 0.9460 | Local 0.1484 | F1_macro 0.6814 | WorstLoss 1.4379
[Tracker] Saved snapshot: ep0045_phase1_class1
[Tracker] Ep   46 | AvgR 0.0002 | Global 0.9497 | Local 0.2135 | F1_macro 0.6730 | WorstLoss 1.1333
[Tracker] Ep   47 | AvgR 0.0002 | Global 0.9412 | Local 0.2374 | F1_macro 0.6702 | WorstLoss 1.3302
[Tracker] Ep   48 | AvgR 0.0002 | Global 0.9488 | Local 0.1740 | F1_macro 0.6738 | WorstLoss 1.3845
[Tracker] Ep   49 | AvgR 0.0002 | Global 0.9536 | Local 0.2484 | F1_macro 0.6780 | WorstLoss 1.2054
[Tracker] Ep   50 | AvgR 0.0002 | Global 0.9331 | Local 0.2161 | F1_macro 0.6698 | WorstLoss 1.4088
[Tracker] Saved snapshot: ep0050_phase1_class1
[Tracker] Ep   51 | AvgR 0.0002 | Global 0.5448 | Local 0.2098 | F1_macro 0.6625 | WorstLoss 1.9117
[Tracker] Ep   52 | AvgR 0.0002 | Global 0.8735 | Local 0.2145 | F1_macro 0.6545 | WorstLoss 1.6565
[Tracker] Ep   53 | AvgR 0.0002 | Global 0.9574 | Local 0.2560 | F1_macro 0.6803 | WorstLoss 1.3319
[Tracker] Ep   54 | AvgR 0.0002 | Global 0.9238 | Local 0.2326 | F1_macro 0.6442 | WorstLoss 0.9715
[Tracker] Ep   55 | AvgR 0.0002 | Global 0.9577 | Local 0.2415 | F1_macro 0.6790 | WorstLoss 1.2318
[Tracker] Saved snapshot: ep0055_phase1_class1
[Tracker] Ep   56 | AvgR 0.0002 | Global 0.9526 | Local 0.2072 | F1_macro 0.6812 | WorstLoss 1.4704
[Tracker] Ep   57 | AvgR 0.0002 | Global 0.9158 | Local 0.2279 | F1_macro 0.6541 | WorstLoss 1.5704
[Tracker] Ep   58 | AvgR 0.0002 | Global 0.9431 | Local 0.2466 | F1_macro 0.6720 | WorstLoss 1.2277
[Tracker] Ep   59 | AvgR 0.0002 | Global 0.9403 | Local 0.1986 | F1_macro 0.6687 | WorstLoss 1.4991
[Tracker] Ep   60 | AvgR 0.0002 | Global 0.9417 | Local 0.2633 | F1_macro 0.6706 | WorstLoss 1.3231
[Tracker] Saved snapshot: ep0060_phase1_class1
[Tracker] Ep   61 | AvgR 0.0002 | Global 0.9256 | Local 0.2345 | F1_macro 0.6401 | WorstLoss 1.4295
[Tracker] Ep   62 | AvgR 0.0002 | Global 0.9496 | Local 0.2054 | F1_macro 0.6635 | WorstLoss 1.1921
[Tracker] Ep   63 | AvgR 0.0002 | Global 0.9379 | Local 0.2606 | F1_macro 0.6611 | WorstLoss 1.3391
[Tracker] Ep   64 | AvgR 0.0002 | Global 0.9611 | Local 0.2127 | F1_macro 0.6693 | WorstLoss 1.0704
[Tracker] Ep   65 | AvgR 0.0003 | Global 0.9382 | Local 0.3172 | F1_macro 0.6615 | WorstLoss 1.0967
[Tracker] Saved snapshot: ep0065_phase1_class1
[Tracker] Ep   66 | AvgR 0.0003 | Global 0.9461 | Local 0.3078 | F1_macro 0.6597 | WorstLoss 1.0928
[Tracker] Ep   67 | AvgR 0.0002 | Global 0.9379 | Local 0.2117 | F1_macro 0.6740 | WorstLoss 1.5217
[Tracker] Ep   68 | AvgR 0.0002 | Global 0.9435 | Local 0.2296 | F1_macro 0.6537 | WorstLoss 1.2336
[Tracker] Ep   69 | AvgR 0.0002 | Global 0.9451 | Local 0.2601 | F1_macro 0.6614 | WorstLoss 1.4423
[Tracker] Ep   70 | AvgR 0.0002 | Global 0.9236 | Local 0.2262 | F1_macro 0.6709 | WorstLoss 1.5286
[Tracker] Saved snapshot: ep0070_phase1_class1
[Tracker] Ep   71 | AvgR 0.0002 | Global 0.9277 | Local 0.2319 | F1_macro 0.6659 | WorstLoss 1.4982
[Tracker] Ep   72 | AvgR 0.0002 | Global 0.9293 | Local 0.2752 | F1_macro 0.6633 | WorstLoss 1.1990
[Tracker] Ep   73 | AvgR 0.0002 | Global 0.9495 | Local 0.2815 | F1_macro 0.6524 | WorstLoss 1.3349
[Tracker] Ep   74 | AvgR 0.0002 | Global 0.9356 | Local 0.2895 | F1_macro 0.6461 | WorstLoss 1.2475
[Tracker] Ep   75 | AvgR 0.0002 | Global 0.9421 | Local 0.2299 | F1_macro 0.6465 | WorstLoss 1.0370
[Tracker] Saved snapshot: ep0075_phase1_class1
[Tracker] Ep   76 | AvgR 0.0002 | Global 0.9690 | Local 0.2762 | F1_macro 0.6798 | WorstLoss 1.2618
[Tracker] New BEST synthetic [phase1_class1] (by global.global_obj: 0.969007) saved.
[Tracker] BEST β weights [phase1_class1] saved -> training_runs/SPECv17c_bias010_ds030_rl_census_3seeds_EP800_PCA10_REWfairness_minID1_majID0_TRJ2000_REAL3000_BIAS0.1_GG202603181628_95f1d3ce/seed_42/best_beta_state_dict_phase1_class1.pt
[Tracker] Ep   77 | AvgR 0.0002 | Global 0.9224 | Local 0.2832 | F1_macro 0.6411 | WorstLoss 1.3874
[Tracker] Ep   78 | AvgR 0.0002 | Global 0.9510 | Local 0.2434 | F1_macro 0.6639 | WorstLoss 1.1871
[Tracker] Ep   79 | AvgR 0.0002 | Global 0.9398 | Local 0.2677 | F1_macro 0.6613 | WorstLoss 1.3783
[Tracker] Ep   80 | AvgR 0.0002 | Global 0.9192 | Local 0.2676 | F1_macro 0.6379 | WorstLoss 1.4108
[Tracker] Saved snapshot: ep0080_phase1_class1
[Tracker] Ep   81 | AvgR 0.0002 | Global 0.9487 | Local 0.2137 | F1_macro 0.6587 | WorstLoss 1.4481
[Tracker] Ep   82 | AvgR 0.0002 | Global 0.9509 | Local 0.2734 | F1_macro 0.6486 | WorstLoss 0.9970
[Tracker] Ep   83 | AvgR 0.0002 | Global 0.9579 | Local 0.2510 | F1_macro 0.6821 | WorstLoss 1.1466
[Tracker] Ep   84 | AvgR 0.0002 | Global 0.9456 | Local 0.2801 | F1_macro 0.6532 | WorstLoss 0.9374
[Tracker] Ep   85 | AvgR 0.0002 | Global 0.8548 | Local 0.1930 | F1_macro 0.6846 | WorstLoss 1.7309
[Tracker] Saved snapshot: ep0085_phase1_class1
[Tracker] Ep   86 | AvgR 0.0002 | Global 0.9686 | Local 0.2488 | F1_macro 0.6733 | WorstLoss 0.9597
[Tracker] Ep   87 | AvgR 0.0002 | Global 0.9671 | Local 0.2363 | F1_macro 0.6905 | WorstLoss 1.2203
[Tracker] Ep   88 | AvgR 0.0002 | Global 0.9461 | Local 0.2766 | F1_macro 0.6437 | WorstLoss 1.0616
[Tracker] Ep   89 | AvgR 0.0002 | Global 0.9499 | Local 0.2783 | F1_macro 0.6711 | WorstLoss 0.9899
[Tracker] Ep   90 | AvgR 0.0002 | Global 0.9316 | Local 0.2838 | F1_macro 0.6583 | WorstLoss 1.3730
[Tracker] Saved snapshot: ep0090_phase1_class1
[Tracker] Ep   91 | AvgR 0.0003 | Global 0.9464 | Local 0.3019 | F1_macro 0.6640 | WorstLoss 1.0137
[Tracker] Ep   92 | AvgR 0.0002 | Global 0.9322 | Local 0.2872 | F1_macro 0.6666 | WorstLoss 1.3543
[Tracker] Ep   93 | AvgR 0.0002 | Global 0.9475 | Local 0.2840 | F1_macro 0.6790 | WorstLoss 1.1411
[Tracker] Ep   94 | AvgR 0.0002 | Global 0.9428 | Local 0.2236 | F1_macro 0.6739 | WorstLoss 1.4395
[Tracker] Ep   95 | AvgR 0.0002 | Global 0.9449 | Local 0.2518 | F1_macro 0.6609 | WorstLoss 1.2351
[Tracker] Saved snapshot: ep0095_phase1_class1
[Tracker] Ep   96 | AvgR 0.0002 | Global 0.9599 | Local 0.2554 | F1_macro 0.6857 | WorstLoss 1.0882
[Tracker] Ep   97 | AvgR 0.0002 | Global 0.9427 | Local 0.2635 | F1_macro 0.6580 | WorstLoss 1.0271
[Tracker] Ep   98 | AvgR 0.0003 | Global 0.9280 | Local 0.3140 | F1_macro 0.6407 | WorstLoss 1.1813
[Tracker] Ep   99 | AvgR 0.0002 | Global 0.9535 | Local 0.2202 | F1_macro 0.6669 | WorstLoss 1.2556
[Tracker] Ep  100 | AvgR 0.0003 | Global 0.9406 | Local 0.2940 | F1_macro 0.6465 | WorstLoss 0.9728
[Tracker] Saved snapshot: ep0100_phase1_class1
[Tracker] Ep  101 | AvgR 0.0002 | Global 0.9599 | Local 0.2618 | F1_macro 0.6755 | WorstLoss 1.3241
[Tracker] Ep  102 | AvgR 0.0002 | Global 0.9621 | Local 0.2330 | F1_macro 0.6740 | WorstLoss 1.2308
[Tracker] Ep  103 | AvgR 0.0002 | Global 0.9314 | Local 0.2342 | F1_macro 0.6496 | WorstLoss 1.4280
[Tracker] Ep  104 | AvgR 0.0002 | Global 0.9465 | Local 0.2380 | F1_macro 0.6549 | WorstLoss 1.2998
[Tracker] Ep  105 | AvgR 0.0002 | Global 0.9371 | Local 0.2682 | F1_macro 0.6517 | WorstLoss 1.1936
[Tracker] Saved snapshot: ep0105_phase1_class1
[Tracker] Ep  106 | AvgR 0.0002 | Global 0.9551 | Local 0.2217 | F1_macro 0.6569 | WorstLoss 1.2129
[Tracker] Ep  107 | AvgR 0.0003 | Global 0.9479 | Local 0.3311 | F1_macro 0.6670 | WorstLoss 1.2891
[Tracker] Ep  108 | AvgR 0.0002 | Global 0.9433 | Local 0.2638 | F1_macro 0.6504 | WorstLoss 1.3913
[Tracker] Ep  109 | AvgR 0.0003 | Global 0.9313 | Local 0.3099 | F1_macro 0.6387 | WorstLoss 1.2597
[Tracker] Ep  110 | AvgR 0.0002 | Global 0.9453 | Local 0.2577 | F1_macro 0.6567 | WorstLoss 1.0335
[Tracker] Saved snapshot: ep0110_phase1_class1
[Tracker] Ep  111 | AvgR 0.0002 | Global 0.9387 | Local 0.2537 | F1_macro 0.6553 | WorstLoss 1.1705
[Tracker] Ep  112 | AvgR 0.0003 | Global 0.9212 | Local 0.3231 | F1_macro 0.6694 | WorstLoss 1.5390
[Tracker] Ep  113 | AvgR 0.0003 | Global 0.9521 | Local 0.2964 | F1_macro 0.6712 | WorstLoss 1.3797
[Tracker] Ep  114 | AvgR 0.0003 | Global 0.9453 | Local 0.2997 | F1_macro 0.6558 | WorstLoss 1.3149
[Tracker] Ep  115 | AvgR 0.0002 | Global 0.9019 | Local 0.2803 | F1_macro 0.6401 | WorstLoss 1.5182
[Tracker] Saved snapshot: ep0115_phase1_class1
[Tracker] Ep  116 | AvgR 0.0002 | Global 0.9413 | Local 0.2572 | F1_macro 0.6564 | WorstLoss 1.3990
[Tracker] Ep  117 | AvgR 0.0002 | Global 0.9471 | Local 0.2738 | F1_macro 0.6583 | WorstLoss 1.3354
[Tracker] Ep  118 | AvgR 0.0002 | Global 0.9412 | Local 0.2389 | F1_macro 0.6721 | WorstLoss 1.4421
[Tracker] Ep  119 | AvgR 0.0003 | Global 0.9398 | Local 0.2873 | F1_macro 0.6477 | WorstLoss 0.9450
[Tracker] Ep  120 | AvgR 0.0002 | Global 0.9381 | Local 0.2552 | F1_macro 0.6434 | WorstLoss 1.1962
[Tracker] Saved snapshot: ep0120_phase1_class1
[Tracker] Ep  121 | AvgR 0.0003 | Global 0.9477 | Local 0.2813 | F1_macro 0.6767 | WorstLoss 1.3830
[Tracker] Ep  122 | AvgR 0.0002 | Global 0.9425 | Local 0.2770 | F1_macro 0.6547 | WorstLoss 1.0660
[Tracker] Ep  123 | AvgR 0.0003 | Global 0.9640 | Local 0.2719 | F1_macro 0.6743 | WorstLoss 1.2647
[Tracker] Ep  124 | AvgR 0.0003 | Global 0.9367 | Local 0.3026 | F1_macro 0.6522 | WorstLoss 1.2573
[Tracker] Ep  125 | AvgR 0.0003 | Global 0.9615 | Local 0.3150 | F1_macro 0.6651 | WorstLoss 0.9622
[Tracker] Saved snapshot: ep0125_phase1_class1
[Tracker] Ep  126 | AvgR 0.0003 | Global 0.9378 | Local 0.3689 | F1_macro 0.6453 | WorstLoss 1.1553
[Tracker] Ep  127 | AvgR 0.0002 | Global 0.9352 | Local 0.2492 | F1_macro 0.6488 | WorstLoss 1.1967
[Tracker] Ep  128 | AvgR 0.0002 | Global 0.9232 | Local 0.2458 | F1_macro 0.6568 | WorstLoss 1.5627
[Tracker] Ep  129 | AvgR 0.0003 | Global 0.9435 | Local 0.3312 | F1_macro 0.6544 | WorstLoss 1.0048
[Tracker] Ep  130 | AvgR 0.0002 | Global 0.9484 | Local 0.2641 | F1_macro 0.6523 | WorstLoss 1.2761
[Tracker] Saved snapshot: ep0130_phase1_class1
[Tracker] Ep  131 | AvgR 0.0003 | Global 0.9557 | Local 0.3274 | F1_macro 0.6797 | WorstLoss 1.3470
[Tracker] Ep  132 | AvgR 0.0002 | Global 0.9574 | Local 0.2330 | F1_macro 0.6573 | WorstLoss 0.9813
[Tracker] Ep  133 | AvgR 0.0002 | Global 0.9481 | Local 0.2349 | F1_macro 0.6560 | WorstLoss 1.2186
[Tracker] Ep  134 | AvgR 0.0003 | Global 0.9421 | Local 0.3060 | F1_macro 0.6582 | WorstLoss 1.1901
[Tracker] Ep  135 | AvgR 0.0003 | Global 0.9223 | Local 0.3262 | F1_macro 0.6473 | WorstLoss 1.3775
[Tracker] Saved snapshot: ep0135_phase1_class1
[Tracker] Ep  136 | AvgR 0.0002 | Global 0.9281 | Local 0.2704 | F1_macro 0.6389 | WorstLoss 0.8547
[Tracker] Ep  137 | AvgR 0.0002 | Global 0.9263 | Local 0.2750 | F1_macro 0.6441 | WorstLoss 1.4417
[Tracker] Ep  138 | AvgR 0.0002 | Global 0.9514 | Local 0.2651 | F1_macro 0.6706 | WorstLoss 1.3347
[Tracker] Ep  139 | AvgR 0.0003 | Global 0.9427 | Local 0.3291 | F1_macro 0.6919 | WorstLoss 1.3827
[Tracker] Ep  140 | AvgR 0.0003 | Global 0.9391 | Local 0.3430 | F1_macro 0.6554 | WorstLoss 0.9789
[Tracker] Saved snapshot: ep0140_phase1_class1
[Tracker] Ep  141 | AvgR 0.0003 | Global 0.9404 | Local 0.3062 | F1_macro 0.6516 | WorstLoss 1.0635
[Tracker] Ep  142 | AvgR 0.0002 | Global 0.9547 | Local 0.2581 | F1_macro 0.6567 | WorstLoss 1.1542
[Tracker] Ep  143 | AvgR 0.0003 | Global 0.9382 | Local 0.3060 | F1_macro 0.6704 | WorstLoss 1.5402
[Tracker] Ep  144 | AvgR 0.0002 | Global 0.9440 | Local 0.2606 | F1_macro 0.6510 | WorstLoss 1.2319
[Tracker] Ep  145 | AvgR 0.0003 | Global 0.9504 | Local 0.3016 | F1_macro 0.6437 | WorstLoss 1.2142
[Tracker] Saved snapshot: ep0145_phase1_class1
[Tracker] Ep  146 | AvgR 0.0003 | Global 0.9347 | Local 0.3393 | F1_macro 0.6514 | WorstLoss 1.3470
[Tracker] Ep  147 | AvgR 0.0003 | Global 0.9362 | Local 0.3513 | F1_macro 0.6496 | WorstLoss 1.0930
[Tracker] Ep  148 | AvgR 0.0003 | Global 0.9402 | Local 0.3144 | F1_macro 0.6487 | WorstLoss 1.1685
[Tracker] Ep  149 | AvgR 0.0003 | Global 0.9286 | Local 0.2896 | F1_macro 0.6270 | WorstLoss 1.3425
[Tracker] Ep  150 | AvgR 0.0003 | Global 0.9352 | Local 0.3081 | F1_macro 0.6356 | WorstLoss 1.2078
[Tracker] Saved snapshot: ep0150_phase1_class1
[Tracker] Ep  151 | AvgR 0.0003 | Global 0.9649 | Local 0.3058 | F1_macro 0.6859 | WorstLoss 1.3478
[Tracker] Ep  152 | AvgR 0.0003 | Global 0.9545 | Local 0.2954 | F1_macro 0.6632 | WorstLoss 0.9419
[Tracker] Ep  153 | AvgR 0.0003 | Global 0.9401 | Local 0.3180 | F1_macro 0.6449 | WorstLoss 1.0669
[Tracker] Ep  154 | AvgR 0.0003 | Global 0.9711 | Local 0.3187 | F1_macro 0.6813 | WorstLoss 1.1003
[Tracker] New BEST synthetic [phase1_class1] (by global.global_obj: 0.971071) saved.
[Tracker] BEST β weights [phase1_class1] saved -> training_runs/SPECv17c_bias010_ds030_rl_census_3seeds_EP800_PCA10_REWfairness_minID1_majID0_TRJ2000_REAL3000_BIAS0.1_GG202603181628_95f1d3ce/seed_42/best_beta_state_dict_phase1_class1.pt
[Tracker] Ep  155 | AvgR 0.0003 | Global 0.9466 | Local 0.3360 | F1_macro 0.6719 | WorstLoss 1.0313
[Tracker] Saved snapshot: ep0155_phase1_class1
[Tracker] Ep  156 | AvgR 0.0003 | Global 0.9553 | Local 0.3060 | F1_macro 0.6698 | WorstLoss 1.1472
[Tracker] Ep  157 | AvgR 0.0003 | Global 0.9570 | Local 0.2872 | F1_macro 0.6724 | WorstLoss 1.1064
[Tracker] Ep  158 | AvgR 0.0002 | Global 0.9424 | Local 0.2617 | F1_macro 0.6538 | WorstLoss 1.2110
[Tracker] Ep  159 | AvgR 0.0003 | Global 0.9255 | Local 0.2822 | F1_macro 0.6422 | WorstLoss 1.5095
[Tracker] Ep  160 | AvgR 0.0002 | Global 0.9574 | Local 0.2493 | F1_macro 0.6499 | WorstLoss 1.0750
[Tracker] Saved snapshot: ep0160_phase1_class1
[Tracker] Ep  161 | AvgR 0.0003 | Global 0.9392 | Local 0.3091 | F1_macro 0.6586 | WorstLoss 0.9955
[Tracker] Ep  162 | AvgR 0.0002 | Global 0.9387 | Local 0.2650 | F1_macro 0.6507 | WorstLoss 1.0589
[Tracker] Ep  163 | AvgR 0.0003 | Global 0.9277 | Local 0.2890 | F1_macro 0.6625 | WorstLoss 1.1647
[Tracker] Ep  164 | AvgR 0.0003 | Global 0.9455 | Local 0.3276 | F1_macro 0.6574 | WorstLoss 1.2682
[Tracker] Ep  165 | AvgR 0.0003 | Global 0.9465 | Local 0.3046 | F1_macro 0.6537 | WorstLoss 1.1812
[Tracker] Saved snapshot: ep0165_phase1_class1
[Tracker] Ep  166 | AvgR 0.0003 | Global 0.9470 | Local 0.2698 | F1_macro 0.6528 | WorstLoss 1.2526
[Tracker] Ep  167 | AvgR 0.0003 | Global 0.9415 | Local 0.3553 | F1_macro 0.6474 | WorstLoss 0.9976
[Tracker] Ep  168 | AvgR 0.0003 | Global 0.9311 | Local 0.3102 | F1_macro 0.6479 | WorstLoss 1.2011
[Tracker] Ep  169 | AvgR 0.0003 | Global 0.9335 | Local 0.3054 | F1_macro 0.6317 | WorstLoss 0.9499
[Tracker] Ep  170 | AvgR 0.0003 | Global 0.9566 | Local 0.2997 | F1_macro 0.6711 | WorstLoss 0.9036
[Tracker] Saved snapshot: ep0170_phase1_class1
[Tracker] Ep  171 | AvgR 0.0003 | Global 0.9495 | Local 0.2693 | F1_macro 0.6702 | WorstLoss 1.3060
[Tracker] Ep  172 | AvgR 0.0003 | Global 0.9328 | Local 0.2956 | F1_macro 0.6424 | WorstLoss 1.0592
[Tracker] Ep  173 | AvgR 0.0003 | Global 0.9415 | Local 0.2960 | F1_macro 0.6577 | WorstLoss 1.1666
[Tracker] Ep  174 | AvgR 0.0003 | Global 0.9359 | Local 0.3380 | F1_macro 0.6483 | WorstLoss 0.9505
[Tracker] Ep  175 | AvgR 0.0003 | Global 0.9448 | Local 0.2762 | F1_macro 0.6594 | WorstLoss 1.2240
[Tracker] Saved snapshot: ep0175_phase1_class1
[Tracker] Ep  176 | AvgR 0.0003 | Global 0.9415 | Local 0.3297 | F1_macro 0.6432 | WorstLoss 1.3351
[Tracker] Ep  177 | AvgR 0.0003 | Global 0.9380 | Local 0.2978 | F1_macro 0.6579 | WorstLoss 1.0348
[Tracker] Ep  178 | AvgR 0.0003 | Global 0.9207 | Local 0.3771 | F1_macro 0.6339 | WorstLoss 1.0686
[Tracker] Ep  179 | AvgR 0.0003 | Global 0.9314 | Local 0.3293 | F1_macro 0.6523 | WorstLoss 1.2301
[Tracker] Ep  180 | AvgR 0.0003 | Global 0.9418 | Local 0.3229 | F1_macro 0.6491 | WorstLoss 1.0627
[Tracker] Saved snapshot: ep0180_phase1_class1
[Tracker] Ep  181 | AvgR 0.0003 | Global 0.9489 | Local 0.3738 | F1_macro 0.6662 | WorstLoss 1.1160
[Tracker] Ep  182 | AvgR 0.0003 | Global 0.9241 | Local 0.3321 | F1_macro 0.6278 | WorstLoss 1.0658
[Tracker] Ep  183 | AvgR 0.0003 | Global 0.9373 | Local 0.3375 | F1_macro 0.6328 | WorstLoss 0.9651
[Tracker] Ep  184 | AvgR 0.0003 | Global 0.9267 | Local 0.3041 | F1_macro 0.6527 | WorstLoss 1.2205
[Tracker] Ep  185 | AvgR 0.0003 | Global 0.9403 | Local 0.3525 | F1_macro 0.6647 | WorstLoss 1.2389
[Tracker] Saved snapshot: ep0185_phase1_class1
[Tracker] Ep  186 | AvgR 0.0002 | Global 0.9415 | Local 0.2526 | F1_macro 0.6448 | WorstLoss 0.8200
[Tracker] Ep  187 | AvgR 0.0003 | Global 0.9349 | Local 0.2759 | F1_macro 0.6410 | WorstLoss 1.0148
[Tracker] Ep  188 | AvgR 0.0003 | Global 0.9518 | Local 0.3267 | F1_macro 0.6507 | WorstLoss 0.8588
[Tracker] Ep  189 | AvgR 0.0003 | Global 0.9464 | Local 0.2917 | F1_macro 0.6674 | WorstLoss 1.2809
[Tracker] Ep  190 | AvgR 0.0003 | Global 0.9429 | Local 0.3247 | F1_macro 0.6648 | WorstLoss 1.2917
[Tracker] Saved snapshot: ep0190_phase1_class1
[Tracker] Ep  191 | AvgR 0.0003 | Global 0.9408 | Local 0.3274 | F1_macro 0.6528 | WorstLoss 0.8697
[Tracker] Ep  192 | AvgR 0.0003 | Global 0.9146 | Local 0.3281 | F1_macro 0.6607 | WorstLoss 1.0554
[Tracker] Ep  193 | AvgR 0.0003 | Global 0.9601 | Local 0.2778 | F1_macro 0.6563 | WorstLoss 0.9508
[Tracker] Ep  194 | AvgR 0.0003 | Global 0.9329 | Local 0.3425 | F1_macro 0.6364 | WorstLoss 1.0842
[Tracker] Ep  195 | AvgR 0.0003 | Global 0.9390 | Local 0.3363 | F1_macro 0.6541 | WorstLoss 0.9791
[Tracker] Saved snapshot: ep0195_phase1_class1
[Tracker] Ep  196 | AvgR 0.0003 | Global 0.9196 | Local 0.3093 | F1_macro 0.6456 | WorstLoss 1.3718
[Tracker] Ep  197 | AvgR 0.0003 | Global 0.9038 | Local 0.3448 | F1_macro 0.6575 | WorstLoss 1.5947
[Tracker] Ep  198 | AvgR 0.0003 | Global 0.9367 | Local 0.3485 | F1_macro 0.6612 | WorstLoss 0.8969
[Tracker] Ep  199 | AvgR 0.0003 | Global 0.9370 | Local 0.3415 | F1_macro 0.6520 | WorstLoss 1.1338
[Tracker] Ep  200 | AvgR 0.0003 | Global 0.9303 | Local 0.2921 | F1_macro 0.6594 | WorstLoss 1.0569
[Tracker] Saved snapshot: ep0200_phase1_class1
[Tracker] Ep  201 | AvgR 0.0003 | Global 0.9325 | Local 0.3354 | F1_macro 0.6527 | WorstLoss 1.1114
[Tracker] Ep  202 | AvgR 0.0003 | Global 0.9406 | Local 0.3024 | F1_macro 0.6501 | WorstLoss 1.1632
[Tracker] Ep  203 | AvgR 0.0003 | Global 0.9200 | Local 0.2941 | F1_macro 0.6289 | WorstLoss 0.9445
[Tracker] Ep  204 | AvgR 0.0003 | Global 0.9157 | Local 0.2929 | F1_macro 0.6336 | WorstLoss 0.9619
[Tracker] Ep  205 | AvgR 0.0003 | Global 0.9401 | Local 0.3193 | F1_macro 0.6567 | WorstLoss 1.1655
[Tracker] Saved snapshot: ep0205_phase1_class1
[Tracker] Ep  206 | AvgR 0.0003 | Global 0.9164 | Local 0.3036 | F1_macro 0.6379 | WorstLoss 0.9402
[Tracker] Ep  207 | AvgR 0.0003 | Global 0.9187 | Local 0.4025 | F1_macro 0.6442 | WorstLoss 1.1133
[Tracker] Ep  208 | AvgR 0.0002 | Global 0.9328 | Local 0.2564 | F1_macro 0.6362 | WorstLoss 1.0665
[Tracker] Ep  209 | AvgR 0.0003 | Global 0.9303 | Local 0.3217 | F1_macro 0.6326 | WorstLoss 1.0152
[Tracker] Ep  210 | AvgR 0.0003 | Global 0.9282 | Local 0.3481 | F1_macro 0.6398 | WorstLoss 0.7905
[Tracker] Saved snapshot: ep0210_phase1_class1
[Tracker] Ep  211 | AvgR 0.0003 | Global 0.9351 | Local 0.3230 | F1_macro 0.6486 | WorstLoss 1.0848
[Tracker] Ep  212 | AvgR 0.0003 | Global 0.9529 | Local 0.3514 | F1_macro 0.6643 | WorstLoss 1.0953
[Tracker] Ep  213 | AvgR 0.0003 | Global 0.9252 | Local 0.3615 | F1_macro 0.6593 | WorstLoss 1.2654
[Tracker] Ep  214 | AvgR 0.0003 | Global 0.9226 | Local 0.3058 | F1_macro 0.6334 | WorstLoss 1.2111
[Tracker] Ep  215 | AvgR 0.0003 | Global 0.9224 | Local 0.3718 | F1_macro 0.6438 | WorstLoss 1.1374
[Tracker] Saved snapshot: ep0215_phase1_class1
[Tracker] Ep  216 | AvgR 0.0003 | Global 0.9335 | Local 0.3574 | F1_macro 0.6411 | WorstLoss 1.0358
[Tracker] Ep  217 | AvgR 0.0003 | Global 0.9358 | Local 0.2961 | F1_macro 0.6546 | WorstLoss 1.1308
[Tracker] Ep  218 | AvgR 0.0003 | Global 0.9280 | Local 0.3422 | F1_macro 0.6393 | WorstLoss 0.9309
[Tracker] Ep  219 | AvgR 0.0003 | Global 0.9363 | Local 0.2609 | F1_macro 0.6476 | WorstLoss 0.8299
[Tracker] Ep  220 | AvgR 0.0003 | Global 0.9194 | Local 0.3442 | F1_macro 0.6210 | WorstLoss 0.8191
[Tracker] Saved snapshot: ep0220_phase1_class1
[Tracker] Ep  221 | AvgR 0.0003 | Global 0.9083 | Local 0.3392 | F1_macro 0.6624 | WorstLoss 1.4293
[Tracker] Ep  222 | AvgR 0.0003 | Global 0.9357 | Local 0.3174 | F1_macro 0.6470 | WorstLoss 0.8771
[Tracker] Ep  223 | AvgR 0.0003 | Global 0.9051 | Local 0.3154 | F1_macro 0.6187 | WorstLoss 1.3686
[Tracker] Ep  224 | AvgR 0.0003 | Global 0.9032 | Local 0.3293 | F1_macro 0.6234 | WorstLoss 0.9511
[Tracker] Ep  225 | AvgR 0.0003 | Global 0.9376 | Local 0.2710 | F1_macro 0.6486 | WorstLoss 1.0834
[Tracker] Saved snapshot: ep0225_phase1_class1
[Tracker] Ep  226 | AvgR 0.0003 | Global 0.9295 | Local 0.2795 | F1_macro 0.6410 | WorstLoss 0.8936
[Tracker] Ep  227 | AvgR 0.0003 | Global 0.9276 | Local 0.3287 | F1_macro 0.6433 | WorstLoss 1.1289
[Tracker] Ep  228 | AvgR 0.0003 | Global 0.8947 | Local 0.3162 | F1_macro 0.6030 | WorstLoss 0.8877
[Tracker] Ep  229 | AvgR 0.0003 | Global 0.9338 | Local 0.3757 | F1_macro 0.6330 | WorstLoss 0.9243
[Tracker] Ep  230 | AvgR 0.0003 | Global 0.9030 | Local 0.3401 | F1_macro 0.6386 | WorstLoss 1.2032
[Tracker] Saved snapshot: ep0230_phase1_class1
[Tracker] Ep  231 | AvgR 0.0003 | Global 0.9208 | Local 0.3187 | F1_macro 0.6276 | WorstLoss 0.9303
[Tracker] Ep  232 | AvgR 0.0003 | Global 0.8871 | Local 0.3115 | F1_macro 0.6204 | WorstLoss 1.1588
[Tracker] Ep  233 | AvgR 0.0003 | Global 0.9300 | Local 0.3056 | F1_macro 0.6313 | WorstLoss 0.8336
[Tracker] Ep  234 | AvgR 0.0003 | Global 0.9063 | Local 0.3828 | F1_macro 0.6315 | WorstLoss 1.0393
[Tracker] Ep  235 | AvgR 0.0003 | Global 0.9100 | Local 0.3115 | F1_macro 0.6252 | WorstLoss 1.2298
[Tracker] Saved snapshot: ep0235_phase1_class1
[Tracker] Ep  236 | AvgR 0.0003 | Global 0.9342 | Local 0.3488 | F1_macro 0.6364 | WorstLoss 0.7628
[Tracker] Ep  237 | AvgR 0.0003 | Global 0.9189 | Local 0.3316 | F1_macro 0.6279 | WorstLoss 1.0004
[Tracker] Ep  238 | AvgR 0.0003 | Global 0.8967 | Local 0.3503 | F1_macro 0.6270 | WorstLoss 0.8731
[Tracker] Ep  239 | AvgR 0.0003 | Global 0.9000 | Local 0.3303 | F1_macro 0.6143 | WorstLoss 1.0121
[Tracker] Ep  240 | AvgR 0.0003 | Global 0.9102 | Local 0.3063 | F1_macro 0.6318 | WorstLoss 1.0504
[Tracker] Saved snapshot: ep0240_phase1_class1
[Tracker] Ep  241 | AvgR 0.0003 | Global 0.9075 | Local 0.3435 | F1_macro 0.6257 | WorstLoss 0.9462
[Tracker] Ep  242 | AvgR 0.0003 | Global 0.9323 | Local 0.3462 | F1_macro 0.6485 | WorstLoss 1.0317
[Tracker] Ep  243 | AvgR 0.0003 | Global 0.9080 | Local 0.3354 | F1_macro 0.6149 | WorstLoss 1.0239
[Tracker] Ep  244 | AvgR 0.0003 | Global 0.8927 | Local 0.2971 | F1_macro 0.6188 | WorstLoss 1.0176
[Tracker] Ep  245 | AvgR 0.0003 | Global 0.9062 | Local 0.3588 | F1_macro 0.6305 | WorstLoss 1.0969
[Tracker] Saved snapshot: ep0245_phase1_class1
[Tracker] Ep  246 | AvgR 0.0003 | Global 0.9085 | Local 0.3237 | F1_macro 0.6493 | WorstLoss 1.0811
[Tracker] Ep  247 | AvgR 0.0003 | Global 0.9116 | Local 0.3489 | F1_macro 0.6165 | WorstLoss 0.9656
[Tracker] Ep  248 | AvgR 0.0003 | Global 0.9093 | Local 0.3231 | F1_macro 0.6179 | WorstLoss 1.1829
[Tracker] Ep  249 | AvgR 0.0003 | Global 0.9077 | Local 0.3185 | F1_macro 0.6411 | WorstLoss 0.9779
[Tracker] Ep  250 | AvgR 0.0003 | Global 0.9198 | Local 0.2772 | F1_macro 0.6266 | WorstLoss 1.1797
[Tracker] Saved snapshot: ep0250_phase1_class1
[Tracker] Ep  251 | AvgR 0.0003 | Global 0.9184 | Local 0.3758 | F1_macro 0.6556 | WorstLoss 1.2160
[Tracker] Ep  252 | AvgR 0.0003 | Global 0.9088 | Local 0.3021 | F1_macro 0.6406 | WorstLoss 1.1016
[Tracker] Ep  253 | AvgR 0.0003 | Global 0.9095 | Local 0.3663 | F1_macro 0.6254 | WorstLoss 0.8470
[Tracker] Ep  254 | AvgR 0.0003 | Global 0.9010 | Local 0.3682 | F1_macro 0.6168 | WorstLoss 1.0703
[Tracker] Ep  255 | AvgR 0.0003 | Global 0.9088 | Local 0.3320 | F1_macro 0.6372 | WorstLoss 1.1876
[Tracker] Saved snapshot: ep0255_phase1_class1
[Tracker] Ep  256 | AvgR 0.0003 | Global 0.9061 | Local 0.3381 | F1_macro 0.6120 | WorstLoss 0.9637
[Tracker] Ep  257 | AvgR 0.0003 | Global 0.9205 | Local 0.3391 | F1_macro 0.6335 | WorstLoss 1.0119
[Tracker] Ep  258 | AvgR 0.0003 | Global 0.8974 | Local 0.3119 | F1_macro 0.6434 | WorstLoss 0.8617
[Tracker] Ep  259 | AvgR 0.0003 | Global 0.9238 | Local 0.3624 | F1_macro 0.6316 | WorstLoss 1.0306
[Tracker] Ep  260 | AvgR 0.0003 | Global 0.9207 | Local 0.3577 | F1_macro 0.6417 | WorstLoss 1.0066
[Tracker] Saved snapshot: ep0260_phase1_class1
[Tracker] Ep  261 | AvgR 0.0003 | Global 0.9214 | Local 0.3338 | F1_macro 0.6394 | WorstLoss 1.0890
[Tracker] Ep  262 | AvgR 0.0003 | Global 0.9219 | Local 0.3346 | F1_macro 0.6351 | WorstLoss 0.8511
[Tracker] Ep  263 | AvgR 0.0003 | Global 0.9114 | Local 0.3489 | F1_macro 0.6336 | WorstLoss 1.2015
[Tracker] Ep  264 | AvgR 0.0003 | Global 0.8791 | Local 0.3502 | F1_macro 0.6189 | WorstLoss 1.1782
[Tracker] Ep  265 | AvgR 0.0003 | Global 0.9071 | Local 0.3304 | F1_macro 0.6227 | WorstLoss 1.0025
[Tracker] Saved snapshot: ep0265_phase1_class1
[Tracker] Ep  266 | AvgR 0.0003 | Global 0.8812 | Local 0.3236 | F1_macro 0.6107 | WorstLoss 1.1813
[Tracker] Ep  267 | AvgR 0.0003 | Global 0.9207 | Local 0.3632 | F1_macro 0.6337 | WorstLoss 0.9875
[Tracker] Ep  268 | AvgR 0.0003 | Global 0.9230 | Local 0.2998 | F1_macro 0.6405 | WorstLoss 0.9721
[Tracker] Ep  269 | AvgR 0.0003 | Global 0.8803 | Local 0.3303 | F1_macro 0.6284 | WorstLoss 1.0346
[Tracker] Ep  270 | AvgR 0.0003 | Global 0.8836 | Local 0.3557 | F1_macro 0.6050 | WorstLoss 0.8404
[Tracker] Saved snapshot: ep0270_phase1_class1
[Tracker] Ep  271 | AvgR 0.0003 | Global 0.9334 | Local 0.3668 | F1_macro 0.6447 | WorstLoss 0.9998
[Tracker] Ep  272 | AvgR 0.0003 | Global 0.9281 | Local 0.3491 | F1_macro 0.6592 | WorstLoss 0.8951
[Tracker] Ep  273 | AvgR 0.0003 | Global 0.9072 | Local 0.3754 | F1_macro 0.6287 | WorstLoss 1.0683
[Tracker] Ep  274 | AvgR 0.0003 | Global 0.8724 | Local 0.3212 | F1_macro 0.5999 | WorstLoss 0.9946
[Tracker] Ep  275 | AvgR 0.0003 | Global 0.9417 | Local 0.2985 | F1_macro 0.6435 | WorstLoss 0.7937
[Tracker] Saved snapshot: ep0275_phase1_class1
[Tracker] Ep  276 | AvgR 0.0003 | Global 0.9226 | Local 0.3189 | F1_macro 0.6430 | WorstLoss 1.1151
[Tracker] Ep  277 | AvgR 0.0003 | Global 0.8976 | Local 0.3249 | F1_macro 0.6072 | WorstLoss 0.9421
[Tracker] Ep  278 | AvgR 0.0003 | Global 0.9069 | Local 0.3896 | F1_macro 0.6274 | WorstLoss 0.9565
[Tracker] Ep  279 | AvgR 0.0003 | Global 0.9330 | Local 0.3233 | F1_macro 0.6597 | WorstLoss 0.9088
[Tracker] Ep  280 | AvgR 0.0003 | Global 0.9153 | Local 0.3810 | F1_macro 0.6304 | WorstLoss 0.9081
[Tracker] Saved snapshot: ep0280_phase1_class1
[Tracker] Ep  281 | AvgR 0.0003 | Global 0.8700 | Local 0.3679 | F1_macro 0.6090 | WorstLoss 1.3369
[Tracker] Ep  282 | AvgR 0.0003 | Global 0.9036 | Local 0.3610 | F1_macro 0.6237 | WorstLoss 0.9924
[Tracker] Ep  283 | AvgR 0.0003 | Global 0.9257 | Local 0.3490 | F1_macro 0.6362 | WorstLoss 0.9041
[Tracker] Ep  284 | AvgR 0.0003 | Global 0.8951 | Local 0.3188 | F1_macro 0.6145 | WorstLoss 0.9696
[Tracker] Ep  285 | AvgR 0.0003 | Global 0.9049 | Local 0.3459 | F1_macro 0.6466 | WorstLoss 0.9063
[Tracker] Saved snapshot: ep0285_phase1_class1
[Tracker] Ep  286 | AvgR 0.0003 | Global 0.9183 | Local 0.3295 | F1_macro 0.6473 | WorstLoss 1.1983
[Tracker] Ep  287 | AvgR 0.0003 | Global 0.9159 | Local 0.3365 | F1_macro 0.6275 | WorstLoss 0.9405
[Tracker] Ep  288 | AvgR 0.0003 | Global 0.9300 | Local 0.3887 | F1_macro 0.6434 | WorstLoss 0.7412
[Tracker] Ep  289 | AvgR 0.0003 | Global 0.9046 | Local 0.3591 | F1_macro 0.6179 | WorstLoss 1.1117
[Tracker] Ep  290 | AvgR 0.0003 | Global 0.9111 | Local 0.3796 | F1_macro 0.6195 | WorstLoss 0.9696
[Tracker] Saved snapshot: ep0290_phase1_class1
[Tracker] Ep  291 | AvgR 0.0003 | Global 0.8622 | Local 0.3534 | F1_macro 0.6223 | WorstLoss 1.0112
[Tracker] Ep  292 | AvgR 0.0003 | Global 0.9126 | Local 0.3495 | F1_macro 0.6256 | WorstLoss 0.9317
[Tracker] Ep  293 | AvgR 0.0003 | Global 0.8973 | Local 0.3335 | F1_macro 0.6116 | WorstLoss 0.9580
[Tracker] Ep  294 | AvgR 0.0003 | Global 0.8963 | Local 0.3867 | F1_macro 0.6179 | WorstLoss 1.0668
[Tracker] Ep  295 | AvgR 0.0003 | Global 0.9204 | Local 0.3260 | F1_macro 0.6535 | WorstLoss 0.9815
[Tracker] Saved snapshot: ep0295_phase1_class1
[Tracker] Ep  296 | AvgR 0.0003 | Global 0.9115 | Local 0.3582 | F1_macro 0.6315 | WorstLoss 1.0837
[Tracker] Ep  297 | AvgR 0.0003 | Global 0.8814 | Local 0.3719 | F1_macro 0.6157 | WorstLoss 0.9706
[Tracker] Ep  298 | AvgR 0.0003 | Global 0.9118 | Local 0.3085 | F1_macro 0.6418 | WorstLoss 1.1521
[Tracker] Ep  299 | AvgR 0.0003 | Global 0.8960 | Local 0.3518 | F1_macro 0.6180 | WorstLoss 0.9405
[Tracker] Ep  300 | AvgR 0.0003 | Global 0.8994 | Local 0.3650 | F1_macro 0.6149 | WorstLoss 0.9550
[Tracker] Saved snapshot: ep0300_phase1_class1
[Tracker] Ep  301 | AvgR 0.0003 | Global 0.9108 | Local 0.3583 | F1_macro 0.6369 | WorstLoss 1.1652
[Tracker] Ep  302 | AvgR 0.0003 | Global 0.9114 | Local 0.2791 | F1_macro 0.6228 | WorstLoss 0.9732
[Tracker] Ep  303 | AvgR 0.0003 | Global 0.9041 | Local 0.4146 | F1_macro 0.6284 | WorstLoss 1.0728
[Tracker] Ep  304 | AvgR 0.0003 | Global 0.8937 | Local 0.3325 | F1_macro 0.6263 | WorstLoss 0.8424
[Tracker] Ep  305 | AvgR 0.0003 | Global 0.9106 | Local 0.3366 | F1_macro 0.6259 | WorstLoss 0.9029
[Tracker] Saved snapshot: ep0305_phase1_class1
[Tracker] Ep  306 | AvgR 0.0003 | Global 0.8916 | Local 0.3563 | F1_macro 0.6354 | WorstLoss 1.0311
[Tracker] Ep  307 | AvgR 0.0003 | Global 0.9108 | Local 0.3623 | F1_macro 0.6385 | WorstLoss 1.0335
[Tracker] Ep  308 | AvgR 0.0003 | Global 0.9148 | Local 0.3481 | F1_macro 0.6289 | WorstLoss 0.8121
[Tracker] Ep  309 | AvgR 0.0003 | Global 0.9024 | Local 0.2926 | F1_macro 0.6207 | WorstLoss 0.9240
[Tracker] Ep  310 | AvgR 0.0003 | Global 0.8842 | Local 0.3973 | F1_macro 0.6141 | WorstLoss 0.9156
[Tracker] Saved snapshot: ep0310_phase1_class1
[Tracker] Ep  311 | AvgR 0.0003 | Global 0.9291 | Local 0.3545 | F1_macro 0.6228 | WorstLoss 0.7290
[Tracker] Ep  312 | AvgR 0.0003 | Global 0.8778 | Local 0.3711 | F1_macro 0.6090 | WorstLoss 0.9902
[Tracker] Ep  313 | AvgR 0.0003 | Global 0.9100 | Local 0.3914 | F1_macro 0.6377 | WorstLoss 0.9888
[Tracker] Ep  314 | AvgR 0.0003 | Global 0.8795 | Local 0.3843 | F1_macro 0.6139 | WorstLoss 0.8585
[Tracker] Ep  315 | AvgR 0.0003 | Global 0.9102 | Local 0.3349 | F1_macro 0.6306 | WorstLoss 1.0877
[Tracker] Saved snapshot: ep0315_phase1_class1
[Tracker] Ep  316 | AvgR 0.0003 | Global 0.9143 | Local 0.3386 | F1_macro 0.6270 | WorstLoss 0.9541
[Tracker] Ep  317 | AvgR 0.0003 | Global 0.9053 | Local 0.3499 | F1_macro 0.6322 | WorstLoss 0.8685
[Tracker] Ep  318 | AvgR 0.0003 | Global 0.9299 | Local 0.2849 | F1_macro 0.6536 | WorstLoss 0.9066
[Tracker] Ep  319 | AvgR 0.0003 | Global 0.9262 | Local 0.3366 | F1_macro 0.6433 | WorstLoss 0.8900
[Tracker] Ep  320 | AvgR 0.0003 | Global 0.9065 | Local 0.3784 | F1_macro 0.6237 | WorstLoss 0.9783
[Tracker] Saved snapshot: ep0320_phase1_class1
[Tracker] Ep  321 | AvgR 0.0003 | Global 0.9105 | Local 0.3792 | F1_macro 0.6268 | WorstLoss 0.9038
[Tracker] Ep  322 | AvgR 0.0003 | Global 0.8792 | Local 0.3752 | F1_macro 0.6222 | WorstLoss 1.1756
[Tracker] Ep  323 | AvgR 0.0003 | Global 0.8939 | Local 0.3237 | F1_macro 0.6312 | WorstLoss 1.1877
[Tracker] Ep  324 | AvgR 0.0003 | Global 0.8975 | Local 0.3815 | F1_macro 0.6260 | WorstLoss 1.2229
[Tracker] Ep  325 | AvgR 0.0003 | Global 0.8931 | Local 0.3378 | F1_macro 0.6390 | WorstLoss 0.9248
[Tracker] Saved snapshot: ep0325_phase1_class1
[Tracker] Ep  326 | AvgR 0.0003 | Global 0.8896 | Local 0.3566 | F1_macro 0.6108 | WorstLoss 0.8998
[Tracker] Ep  327 | AvgR 0.0003 | Global 0.9139 | Local 0.3179 | F1_macro 0.6332 | WorstLoss 0.8779
[Tracker] Ep  328 | AvgR 0.0003 | Global 0.9031 | Local 0.3360 | F1_macro 0.6138 | WorstLoss 0.9758
[Tracker] Ep  329 | AvgR 0.0003 | Global 0.8834 | Local 0.3493 | F1_macro 0.6259 | WorstLoss 1.0824
[Tracker] Ep  330 | AvgR 0.0003 | Global 0.8735 | Local 0.3356 | F1_macro 0.5985 | WorstLoss 1.0579
[Tracker] Saved snapshot: ep0330_phase1_class1
[Tracker] Ep  331 | AvgR 0.0003 | Global 0.8999 | Local 0.3262 | F1_macro 0.6205 | WorstLoss 1.0640
[Tracker] Ep  332 | AvgR 0.0003 | Global 0.8946 | Local 0.3234 | F1_macro 0.6135 | WorstLoss 0.9305
[Tracker] Ep  333 | AvgR 0.0003 | Global 0.8856 | Local 0.3061 | F1_macro 0.6262 | WorstLoss 1.1073
[Tracker] Ep  334 | AvgR 0.0003 | Global 0.8880 | Local 0.3647 | F1_macro 0.6410 | WorstLoss 1.2462
[Tracker] Ep  335 | AvgR 0.0003 | Global 0.9043 | Local 0.2805 | F1_macro 0.6273 | WorstLoss 0.9825
[Tracker] Saved snapshot: ep0335_phase1_class1
[Tracker] Ep  336 | AvgR 0.0003 | Global 0.9084 | Local 0.3251 | F1_macro 0.6360 | WorstLoss 1.0543
[Tracker] Ep  337 | AvgR 0.0003 | Global 0.9011 | Local 0.3547 | F1_macro 0.6324 | WorstLoss 1.0619
[Tracker] Ep  338 | AvgR 0.0003 | Global 0.8764 | Local 0.3278 | F1_macro 0.6085 | WorstLoss 1.1495
[Tracker] Ep  339 | AvgR 0.0003 | Global 0.9059 | Local 0.3834 | F1_macro 0.6417 | WorstLoss 0.9340
[Tracker] Ep  340 | AvgR 0.0003 | Global 0.9034 | Local 0.3288 | F1_macro 0.6163 | WorstLoss 1.0653
[Tracker] Saved snapshot: ep0340_phase1_class1
[Tracker] Ep  341 | AvgR 0.0003 | Global 0.8683 | Local 0.3330 | F1_macro 0.6103 | WorstLoss 1.1693
[Tracker] Ep  342 | AvgR 0.0003 | Global 0.9101 | Local 0.3517 | F1_macro 0.6283 | WorstLoss 0.8595
[Tracker] Ep  343 | AvgR 0.0003 | Global 0.8757 | Local 0.4032 | F1_macro 0.6227 | WorstLoss 1.1891
[Tracker] Ep  344 | AvgR 0.0003 | Global 0.8799 | Local 0.3431 | F1_macro 0.6023 | WorstLoss 1.0002
[Tracker] Ep  345 | AvgR 0.0003 | Global 0.9157 | Local 0.3375 | F1_macro 0.6228 | WorstLoss 0.9701
[Tracker] Saved snapshot: ep0345_phase1_class1
[Tracker] Ep  346 | AvgR 0.0003 | Global 0.9163 | Local 0.2863 | F1_macro 0.6271 | WorstLoss 0.7989
[Tracker] Ep  347 | AvgR 0.0003 | Global 0.9239 | Local 0.2936 | F1_macro 0.6397 | WorstLoss 0.8469
[Tracker] Ep  348 | AvgR 0.0003 | Global 0.9113 | Local 0.3235 | F1_macro 0.6325 | WorstLoss 1.0130
[Tracker] Ep  349 | AvgR 0.0003 | Global 0.8955 | Local 0.3493 | F1_macro 0.6360 | WorstLoss 1.1020
[Tracker] Ep  350 | AvgR 0.0003 | Global 0.9281 | Local 0.3003 | F1_macro 0.6463 | WorstLoss 1.1170
[Tracker] Saved snapshot: ep0350_phase1_class1
[Tracker] Ep  351 | AvgR 0.0003 | Global 0.9101 | Local 0.3515 | F1_macro 0.6337 | WorstLoss 1.0276
[Tracker] Ep  352 | AvgR 0.0003 | Global 0.9220 | Local 0.3339 | F1_macro 0.6330 | WorstLoss 0.9302
[Tracker] Ep  353 | AvgR 0.0003 | Global 0.8987 | Local 0.3384 | F1_macro 0.6263 | WorstLoss 0.9767
[Tracker] Ep  354 | AvgR 0.0003 | Global 0.8805 | Local 0.3495 | F1_macro 0.6151 | WorstLoss 1.0379
[Tracker] Ep  355 | AvgR 0.0003 | Global 0.9005 | Local 0.3358 | F1_macro 0.6331 | WorstLoss 0.9312
[Tracker] Saved snapshot: ep0355_phase1_class1
[Tracker] Ep  356 | AvgR 0.0003 | Global 0.8801 | Local 0.2979 | F1_macro 0.6235 | WorstLoss 0.9954
[Tracker] Ep  357 | AvgR 0.0003 | Global 0.8958 | Local 0.3445 | F1_macro 0.6243 | WorstLoss 1.0183
[Tracker] Ep  358 | AvgR 0.0003 | Global 0.8812 | Local 0.3722 | F1_macro 0.6400 | WorstLoss 1.1545
[Tracker] Ep  359 | AvgR 0.0003 | Global 0.9058 | Local 0.2851 | F1_macro 0.6307 | WorstLoss 1.0866
[Tracker] Ep  360 | AvgR 0.0003 | Global 0.8909 | Local 0.3411 | F1_macro 0.6223 | WorstLoss 0.9622
[Tracker] Saved snapshot: ep0360_phase1_class1
[Tracker] Ep  361 | AvgR 0.0003 | Global 0.9146 | Local 0.3314 | F1_macro 0.6346 | WorstLoss 1.1652
[Tracker] Ep  362 | AvgR 0.0003 | Global 0.8993 | Local 0.3980 | F1_macro 0.6502 | WorstLoss 1.2649
[Tracker] Ep  363 | AvgR 0.0003 | Global 0.9202 | Local 0.2989 | F1_macro 0.6433 | WorstLoss 0.9362
[Tracker] Ep  364 | AvgR 0.0003 | Global 0.8799 | Local 0.3212 | F1_macro 0.6185 | WorstLoss 1.1956
[Tracker] Ep  365 | AvgR 0.0003 | Global 0.8974 | Local 0.2976 | F1_macro 0.6375 | WorstLoss 1.0968
[Tracker] Saved snapshot: ep0365_phase1_class1
[Tracker] Ep  366 | AvgR 0.0003 | Global 0.8997 | Local 0.3840 | F1_macro 0.6192 | WorstLoss 1.1146
[Tracker] Ep  367 | AvgR 0.0003 | Global 0.8888 | Local 0.3352 | F1_macro 0.6177 | WorstLoss 1.0434
[Tracker] Ep  368 | AvgR 0.0003 | Global 0.8643 | Local 0.3813 | F1_macro 0.6049 | WorstLoss 0.9722
[Tracker] Ep  369 | AvgR 0.0003 | Global 0.8958 | Local 0.3723 | F1_macro 0.6300 | WorstLoss 1.2005
[Tracker] Ep  370 | AvgR 0.0003 | Global 0.8920 | Local 0.3166 | F1_macro 0.6132 | WorstLoss 0.8934
[Tracker] Saved snapshot: ep0370_phase1_class1
[Tracker] Ep  371 | AvgR 0.0003 | Global 0.9044 | Local 0.3190 | F1_macro 0.6425 | WorstLoss 1.1865
[Tracker] Ep  372 | AvgR 0.0003 | Global 0.9027 | Local 0.3584 | F1_macro 0.6394 | WorstLoss 1.1168
[Tracker] Ep  373 | AvgR 0.0003 | Global 0.8913 | Local 0.3901 | F1_macro 0.6193 | WorstLoss 0.9341
[Tracker] Ep  374 | AvgR 0.0003 | Global 0.8948 | Local 0.3405 | F1_macro 0.6201 | WorstLoss 1.0383
[Tracker] Ep  375 | AvgR 0.0003 | Global 0.8787 | Local 0.3389 | F1_macro 0.6367 | WorstLoss 1.1159
[Tracker] Saved snapshot: ep0375_phase1_class1
[Tracker] Ep  376 | AvgR 0.0003 | Global 0.8925 | Local 0.3371 | F1_macro 0.6204 | WorstLoss 0.9924
[Tracker] Ep  377 | AvgR 0.0003 | Global 0.8913 | Local 0.3311 | F1_macro 0.6237 | WorstLoss 0.9883
[Tracker] Ep  378 | AvgR 0.0003 | Global 0.8930 | Local 0.3283 | F1_macro 0.6224 | WorstLoss 0.9978
[Tracker] Ep  379 | AvgR 0.0003 | Global 0.8524 | Local 0.3503 | F1_macro 0.6075 | WorstLoss 1.0396
[Tracker] Ep  380 | AvgR 0.0003 | Global 0.8924 | Local 0.3193 | F1_macro 0.6181 | WorstLoss 0.9403
[Tracker] Saved snapshot: ep0380_phase1_class1
[Tracker] Ep  381 | AvgR 0.0003 | Global 0.9021 | Local 0.3542 | F1_macro 0.6279 | WorstLoss 0.8421
[Tracker] Ep  382 | AvgR 0.0003 | Global 0.8898 | Local 0.3937 | F1_macro 0.6355 | WorstLoss 1.0387
[Tracker] Ep  383 | AvgR 0.0003 | Global 0.9014 | Local 0.3074 | F1_macro 0.6334 | WorstLoss 0.9889
[Tracker] Ep  384 | AvgR 0.0003 | Global 0.9081 | Local 0.3414 | F1_macro 0.6193 | WorstLoss 0.9390
[Tracker] Ep  385 | AvgR 0.0003 | Global 0.9036 | Local 0.2849 | F1_macro 0.6212 | WorstLoss 1.1635
[Tracker] Saved snapshot: ep0385_phase1_class1
[Tracker] Ep  386 | AvgR 0.0003 | Global 0.9011 | Local 0.3248 | F1_macro 0.6218 | WorstLoss 0.9888
[Tracker] Ep  387 | AvgR 0.0003 | Global 0.9146 | Local 0.3240 | F1_macro 0.6410 | WorstLoss 1.0059
[Tracker] Ep  388 | AvgR 0.0003 | Global 0.8861 | Local 0.3658 | F1_macro 0.6338 | WorstLoss 0.8658
[Tracker] Ep  389 | AvgR 0.0003 | Global 0.8994 | Local 0.3490 | F1_macro 0.6209 | WorstLoss 1.1373
[Tracker] Ep  390 | AvgR 0.0003 | Global 0.8961 | Local 0.4010 | F1_macro 0.6442 | WorstLoss 1.0614
[Tracker] Saved snapshot: ep0390_phase1_class1
[Tracker] Ep  391 | AvgR 0.0003 | Global 0.8948 | Local 0.3965 | F1_macro 0.6158 | WorstLoss 0.9906
[Tracker] Ep  392 | AvgR 0.0003 | Global 0.9037 | Local 0.3380 | F1_macro 0.6291 | WorstLoss 0.8883
[Tracker] Ep  393 | AvgR 0.0003 | Global 0.9013 | Local 0.3354 | F1_macro 0.6301 | WorstLoss 1.0033
[Tracker] Ep  394 | AvgR 0.0003 | Global 0.9064 | Local 0.3613 | F1_macro 0.6357 | WorstLoss 1.0519
[Tracker] Ep  395 | AvgR 0.0003 | Global 0.8866 | Local 0.3570 | F1_macro 0.5985 | WorstLoss 1.0360
[Tracker] Saved snapshot: ep0395_phase1_class1
[Tracker] Ep  396 | AvgR 0.0003 | Global 0.8914 | Local 0.3434 | F1_macro 0.6082 | WorstLoss 0.9532
[Tracker] Ep  397 | AvgR 0.0003 | Global 0.8719 | Local 0.3195 | F1_macro 0.6337 | WorstLoss 1.1119
[Tracker] Ep  398 | AvgR 0.0003 | Global 0.9162 | Local 0.3265 | F1_macro 0.6435 | WorstLoss 0.9147
[Tracker] Ep  399 | AvgR 0.0003 | Global 0.8776 | Local 0.4026 | F1_macro 0.6191 | WorstLoss 1.0451
[Tracker] Ep  400 | AvgR 0.0003 | Global 0.8870 | Local 0.3414 | F1_macro 0.6198 | WorstLoss 0.9810
[Tracker] Saved snapshot: ep0400_phase1_class1
[Tracker] Ep  401 | AvgR 0.0003 | Global 0.9010 | Local 0.3381 | F1_macro 0.6295 | WorstLoss 1.0123
[Tracker] Ep  402 | AvgR 0.0003 | Global 0.8717 | Local 0.3747 | F1_macro 0.6221 | WorstLoss 0.9344
[Tracker] Ep  403 | AvgR 0.0003 | Global 0.8924 | Local 0.3401 | F1_macro 0.6189 | WorstLoss 0.9889
[Tracker] Ep  404 | AvgR 0.0003 | Global 0.8995 | Local 0.3866 | F1_macro 0.6376 | WorstLoss 0.8869
[Tracker] Ep  405 | AvgR 0.0003 | Global 0.9002 | Local 0.3757 | F1_macro 0.6194 | WorstLoss 0.9150
[Tracker] Saved snapshot: ep0405_phase1_class1
[Tracker] Ep  406 | AvgR 0.0003 | Global 0.8977 | Local 0.3352 | F1_macro 0.6154 | WorstLoss 1.2115
[Tracker] Ep  407 | AvgR 0.0003 | Global 0.8751 | Local 0.3529 | F1_macro 0.6354 | WorstLoss 1.0134
[Tracker] Ep  408 | AvgR 0.0003 | Global 0.9050 | Local 0.3504 | F1_macro 0.6336 | WorstLoss 1.0543
[Tracker] Ep  409 | AvgR 0.0003 | Global 0.9176 | Local 0.3182 | F1_macro 0.6244 | WorstLoss 0.8183
[Tracker] Ep  410 | AvgR 0.0003 | Global 0.9093 | Local 0.3656 | F1_macro 0.6635 | WorstLoss 1.0229
[Tracker] Saved snapshot: ep0410_phase1_class1
[Tracker] Ep  411 | AvgR 0.0003 | Global 0.8573 | Local 0.3471 | F1_macro 0.5968 | WorstLoss 1.0117
[Tracker] Ep  412 | AvgR 0.0003 | Global 0.8929 | Local 0.3051 | F1_macro 0.6236 | WorstLoss 0.9407
[Tracker] Ep  413 | AvgR 0.0003 | Global 0.9053 | Local 0.3635 | F1_macro 0.6418 | WorstLoss 0.8743
[Tracker] Ep  414 | AvgR 0.0003 | Global 0.8742 | Local 0.3260 | F1_macro 0.6130 | WorstLoss 0.8884
[Tracker] Ep  415 | AvgR 0.0003 | Global 0.8928 | Local 0.3651 | F1_macro 0.6219 | WorstLoss 1.2001
[Tracker] Saved snapshot: ep0415_phase1_class1
[Tracker] Ep  416 | AvgR 0.0003 | Global 0.8695 | Local 0.3899 | F1_macro 0.6263 | WorstLoss 1.2033
[Tracker] Ep  417 | AvgR 0.0003 | Global 0.9033 | Local 0.3587 | F1_macro 0.6278 | WorstLoss 1.0887
[Tracker] Ep  418 | AvgR 0.0003 | Global 0.8728 | Local 0.3374 | F1_macro 0.6241 | WorstLoss 0.9246
[Tracker] Ep  419 | AvgR 0.0003 | Global 0.8765 | Local 0.3815 | F1_macro 0.6261 | WorstLoss 1.0163
[Tracker] Ep  420 | AvgR 0.0003 | Global 0.9103 | Local 0.3560 | F1_macro 0.6344 | WorstLoss 1.0641
[Tracker] Saved snapshot: ep0420_phase1_class1
[Tracker] Ep  421 | AvgR 0.0003 | Global 0.9133 | Local 0.3225 | F1_macro 0.6340 | WorstLoss 1.0283
[Tracker] Ep  422 | AvgR 0.0003 | Global 0.8750 | Local 0.3555 | F1_macro 0.6046 | WorstLoss 0.9138
[Tracker] Ep  423 | AvgR 0.0003 | Global 0.8953 | Local 0.3081 | F1_macro 0.6156 | WorstLoss 1.1563
[Tracker] Ep  424 | AvgR 0.0003 | Global 0.8713 | Local 0.2827 | F1_macro 0.6178 | WorstLoss 1.0148
[Tracker] Ep  425 | AvgR 0.0003 | Global 0.8986 | Local 0.3398 | F1_macro 0.6276 | WorstLoss 1.0119
[Tracker] Saved snapshot: ep0425_phase1_class1
[Tracker] Ep  426 | AvgR 0.0003 | Global 0.8658 | Local 0.3355 | F1_macro 0.6324 | WorstLoss 1.1435
[Tracker] Ep  427 | AvgR 0.0003 | Global 0.9252 | Local 0.3247 | F1_macro 0.6323 | WorstLoss 0.9629
[Tracker] Ep  428 | AvgR 0.0003 | Global 0.8840 | Local 0.3851 | F1_macro 0.6241 | WorstLoss 0.9928
[Tracker] Ep  429 | AvgR 0.0003 | Global 0.8873 | Local 0.3445 | F1_macro 0.6257 | WorstLoss 1.0872
[Tracker] Ep  430 | AvgR 0.0003 | Global 0.8996 | Local 0.3511 | F1_macro 0.6182 | WorstLoss 0.8845
[Tracker] Saved snapshot: ep0430_phase1_class1
[Tracker] Ep  431 | AvgR 0.0003 | Global 0.8981 | Local 0.3064 | F1_macro 0.6310 | WorstLoss 0.8474
[Tracker] Ep  432 | AvgR 0.0003 | Global 0.8965 | Local 0.3336 | F1_macro 0.6198 | WorstLoss 0.8504
[Tracker] Ep  433 | AvgR 0.0003 | Global 0.9130 | Local 0.2929 | F1_macro 0.6342 | WorstLoss 1.1100
[Tracker] Ep  434 | AvgR 0.0003 | Global 0.8905 | Local 0.3432 | F1_macro 0.6282 | WorstLoss 0.9551
[Tracker] Ep  435 | AvgR 0.0003 | Global 0.9030 | Local 0.3476 | F1_macro 0.6279 | WorstLoss 0.9400
[Tracker] Saved snapshot: ep0435_phase1_class1
[Tracker] Ep  436 | AvgR 0.0003 | Global 0.8889 | Local 0.3141 | F1_macro 0.6343 | WorstLoss 0.9163
[Tracker] Ep  437 | AvgR 0.0003 | Global 0.8939 | Local 0.3069 | F1_macro 0.6316 | WorstLoss 1.0329
[Tracker] Ep  438 | AvgR 0.0003 | Global 0.8683 | Local 0.3595 | F1_macro 0.6045 | WorstLoss 0.9308
[Tracker] Ep  439 | AvgR 0.0003 | Global 0.9096 | Local 0.3021 | F1_macro 0.6425 | WorstLoss 0.9902
[Tracker] Ep  440 | AvgR 0.0003 | Global 0.9007 | Local 0.3877 | F1_macro 0.6171 | WorstLoss 1.1535
[Tracker] Saved snapshot: ep0440_phase1_class1
[Tracker] Ep  441 | AvgR 0.0003 | Global 0.9177 | Local 0.3533 | F1_macro 0.6341 | WorstLoss 0.8743
[Tracker] Ep  442 | AvgR 0.0003 | Global 0.9059 | Local 0.3564 | F1_macro 0.6365 | WorstLoss 0.9623
[Tracker] Ep  443 | AvgR 0.0003 | Global 0.9142 | Local 0.3002 | F1_macro 0.6478 | WorstLoss 0.9084
[Tracker] Ep  444 | AvgR 0.0003 | Global 0.9202 | Local 0.3411 | F1_macro 0.6269 | WorstLoss 0.8987
[Tracker] Ep  445 | AvgR 0.0003 | Global 0.9184 | Local 0.2763 | F1_macro 0.6273 | WorstLoss 0.8568
[Tracker] Saved snapshot: ep0445_phase1_class1
[Tracker] Ep  446 | AvgR 0.0003 | Global 0.8987 | Local 0.3399 | F1_macro 0.6343 | WorstLoss 1.1166
[Tracker] Ep  447 | AvgR 0.0003 | Global 0.9037 | Local 0.4065 | F1_macro 0.6197 | WorstLoss 0.8281
[Tracker] Ep  448 | AvgR 0.0003 | Global 0.8944 | Local 0.3539 | F1_macro 0.6177 | WorstLoss 1.0219
[Tracker] Ep  449 | AvgR 0.0003 | Global 0.8806 | Local 0.2860 | F1_macro 0.6314 | WorstLoss 1.0438
[Tracker] Ep  450 | AvgR 0.0003 | Global 0.8894 | Local 0.3615 | F1_macro 0.6377 | WorstLoss 1.1087
[Tracker] Saved snapshot: ep0450_phase1_class1
[Tracker] Ep  451 | AvgR 0.0003 | Global 0.8848 | Local 0.3413 | F1_macro 0.6352 | WorstLoss 0.8941
[Tracker] Ep  452 | AvgR 0.0003 | Global 0.9108 | Local 0.2723 | F1_macro 0.6302 | WorstLoss 0.9508
[Tracker] Ep  453 | AvgR 0.0003 | Global 0.8999 | Local 0.3480 | F1_macro 0.6388 | WorstLoss 0.9168
[Tracker] Ep  454 | AvgR 0.0003 | Global 0.8926 | Local 0.3826 | F1_macro 0.6241 | WorstLoss 0.9399
[Tracker] Ep  455 | AvgR 0.0003 | Global 0.8876 | Local 0.3206 | F1_macro 0.6278 | WorstLoss 1.2917
[Tracker] Saved snapshot: ep0455_phase1_class1
[Tracker] Ep  456 | AvgR 0.0003 | Global 0.8873 | Local 0.3713 | F1_macro 0.6199 | WorstLoss 0.8630
[Tracker] Ep  457 | AvgR 0.0003 | Global 0.9066 | Local 0.3247 | F1_macro 0.6336 | WorstLoss 0.8285
[Tracker] Ep  458 | AvgR 0.0003 | Global 0.8997 | Local 0.3781 | F1_macro 0.6180 | WorstLoss 0.9841
[Tracker] Ep  459 | AvgR 0.0003 | Global 0.8843 | Local 0.3066 | F1_macro 0.6204 | WorstLoss 1.1886
[Tracker] Ep  460 | AvgR 0.0003 | Global 0.9073 | Local 0.3493 | F1_macro 0.6429 | WorstLoss 1.0973
[Tracker] Saved snapshot: ep0460_phase1_class1
[Tracker] Ep  461 | AvgR 0.0003 | Global 0.9023 | Local 0.3413 | F1_macro 0.6177 | WorstLoss 0.9250
[Tracker] Ep  462 | AvgR 0.0003 | Global 0.8982 | Local 0.3018 | F1_macro 0.6212 | WorstLoss 0.9399
[Tracker] Ep  463 | AvgR 0.0003 | Global 0.8798 | Local 0.3394 | F1_macro 0.6401 | WorstLoss 0.9701
[Tracker] Ep  464 | AvgR 0.0003 | Global 0.8967 | Local 0.3252 | F1_macro 0.6184 | WorstLoss 0.8629
[Tracker] Ep  465 | AvgR 0.0003 | Global 0.8950 | Local 0.3263 | F1_macro 0.6255 | WorstLoss 0.9692
[Tracker] Saved snapshot: ep0465_phase1_class1
[Tracker] Ep  466 | AvgR 0.0003 | Global 0.9193 | Local 0.3038 | F1_macro 0.6357 | WorstLoss 0.8963
[Tracker] Ep  467 | AvgR 0.0003 | Global 0.8712 | Local 0.3175 | F1_macro 0.6130 | WorstLoss 0.9701
[Tracker] Ep  468 | AvgR 0.0003 | Global 0.8646 | Local 0.4079 | F1_macro 0.6241 | WorstLoss 1.0185
[Tracker] Ep  469 | AvgR 0.0003 | Global 0.8658 | Local 0.3779 | F1_macro 0.6080 | WorstLoss 0.9460
[Tracker] Ep  470 | AvgR 0.0003 | Global 0.8973 | Local 0.4076 | F1_macro 0.6371 | WorstLoss 0.9921
[Tracker] Saved snapshot: ep0470_phase1_class1
[Tracker] Ep  471 | AvgR 0.0003 | Global 0.8994 | Local 0.3561 | F1_macro 0.6225 | WorstLoss 0.8153
[Tracker] Ep  472 | AvgR 0.0003 | Global 0.8962 | Local 0.3417 | F1_macro 0.6365 | WorstLoss 0.9288
[Tracker] Ep  473 | AvgR 0.0003 | Global 0.9058 | Local 0.3190 | F1_macro 0.6367 | WorstLoss 0.9751
[Tracker] Ep  474 | AvgR 0.0003 | Global 0.9068 | Local 0.3048 | F1_macro 0.6259 | WorstLoss 0.8141
[Tracker] Ep  475 | AvgR 0.0003 | Global 0.9150 | Local 0.3635 | F1_macro 0.6285 | WorstLoss 1.0059
[Tracker] Saved snapshot: ep0475_phase1_class1
[Tracker] Ep  476 | AvgR 0.0003 | Global 0.8721 | Local 0.3740 | F1_macro 0.6254 | WorstLoss 0.9300
[Tracker] Ep  477 | AvgR 0.0003 | Global 0.9117 | Local 0.3197 | F1_macro 0.6372 | WorstLoss 0.8047
[Tracker] Ep  478 | AvgR 0.0003 | Global 0.8889 | Local 0.3705 | F1_macro 0.6209 | WorstLoss 0.9283
[Tracker] Ep  479 | AvgR 0.0003 | Global 0.8800 | Local 0.3319 | F1_macro 0.6308 | WorstLoss 1.0189
[Tracker] Ep  480 | AvgR 0.0003 | Global 0.8831 | Local 0.3571 | F1_macro 0.6325 | WorstLoss 0.9056
[Tracker] Saved snapshot: ep0480_phase1_class1
[Tracker] Ep  481 | AvgR 0.0003 | Global 0.8733 | Local 0.3651 | F1_macro 0.6136 | WorstLoss 0.9072
[Tracker] Ep  482 | AvgR 0.0003 | Global 0.8950 | Local 0.3492 | F1_macro 0.6289 | WorstLoss 0.8421
[Tracker] Ep  483 | AvgR 0.0003 | Global 0.8889 | Local 0.3248 | F1_macro 0.6193 | WorstLoss 1.0907
[Tracker] Ep  484 | AvgR 0.0003 | Global 0.8984 | Local 0.3307 | F1_macro 0.6268 | WorstLoss 0.8479
[Tracker] Ep  485 | AvgR 0.0003 | Global 0.8804 | Local 0.3167 | F1_macro 0.6216 | WorstLoss 1.0140
[Tracker] Saved snapshot: ep0485_phase1_class1
[Tracker] Ep  486 | AvgR 0.0003 | Global 0.8807 | Local 0.3211 | F1_macro 0.6154 | WorstLoss 0.8855
[Tracker] Ep  487 | AvgR 0.0003 | Global 0.8922 | Local 0.3693 | F1_macro 0.6370 | WorstLoss 0.9994
[Tracker] Ep  488 | AvgR 0.0003 | Global 0.8293 | Local 0.3868 | F1_macro 0.5939 | WorstLoss 1.0426
[Tracker] Ep  489 | AvgR 0.0003 | Global 0.9141 | Local 0.3321 | F1_macro 0.6224 | WorstLoss 0.9383
[Tracker] Ep  490 | AvgR 0.0003 | Global 0.8891 | Local 0.3392 | F1_macro 0.6102 | WorstLoss 0.7701
[Tracker] Saved snapshot: ep0490_phase1_class1
[Tracker] Ep  491 | AvgR 0.0003 | Global 0.8877 | Local 0.3664 | F1_macro 0.6056 | WorstLoss 0.9177
[Tracker] Ep  492 | AvgR 0.0003 | Global 0.8998 | Local 0.3399 | F1_macro 0.6393 | WorstLoss 0.8732
[Tracker] Ep  493 | AvgR 0.0003 | Global 0.8894 | Local 0.3053 | F1_macro 0.6287 | WorstLoss 0.9331
[Tracker] Ep  494 | AvgR 0.0003 | Global 0.8763 | Local 0.3788 | F1_macro 0.6132 | WorstLoss 0.8783
[Tracker] Ep  495 | AvgR 0.0003 | Global 0.8981 | Local 0.3540 | F1_macro 0.6444 | WorstLoss 0.9770
[Tracker] Saved snapshot: ep0495_phase1_class1
[Tracker] Ep  496 | AvgR 0.0003 | Global 0.8685 | Local 0.3332 | F1_macro 0.6139 | WorstLoss 0.8500
[Tracker] Ep  497 | AvgR 0.0003 | Global 0.8996 | Local 0.3129 | F1_macro 0.6309 | WorstLoss 0.8179
[Tracker] Ep  498 | AvgR 0.0003 | Global 0.8918 | Local 0.4175 | F1_macro 0.6169 | WorstLoss 1.0858
[Tracker] Ep  499 | AvgR 0.0003 | Global 0.8905 | Local 0.3268 | F1_macro 0.6064 | WorstLoss 0.9955
[Tracker] Ep  500 | AvgR 0.0003 | Global 0.8677 | Local 0.3721 | F1_macro 0.6061 | WorstLoss 0.9994
[Tracker] Saved snapshot: ep0500_phase1_class1
[Tracker] Ep  501 | AvgR 0.0003 | Global 0.9083 | Local 0.3458 | F1_macro 0.6370 | WorstLoss 1.0749
[Tracker] Ep  502 | AvgR 0.0003 | Global 0.8743 | Local 0.3461 | F1_macro 0.6134 | WorstLoss 1.0136
[Tracker] Ep  503 | AvgR 0.0003 | Global 0.8982 | Local 0.3665 | F1_macro 0.6303 | WorstLoss 0.9642
[Tracker] Ep  504 | AvgR 0.0003 | Global 0.9027 | Local 0.3071 | F1_macro 0.6315 | WorstLoss 0.9430
[Tracker] Ep  505 | AvgR 0.0003 | Global 0.8714 | Local 0.3337 | F1_macro 0.6034 | WorstLoss 0.8457
[Tracker] Saved snapshot: ep0505_phase1_class1
[Tracker] Ep  506 | AvgR 0.0003 | Global 0.8776 | Local 0.3415 | F1_macro 0.6243 | WorstLoss 1.0195
[Tracker] Ep  507 | AvgR 0.0003 | Global 0.8832 | Local 0.3360 | F1_macro 0.6162 | WorstLoss 0.9165
[Tracker] Ep  508 | AvgR 0.0003 | Global 0.8975 | Local 0.3863 | F1_macro 0.6448 | WorstLoss 1.1468
[Tracker] Ep  509 | AvgR 0.0003 | Global 0.8931 | Local 0.3555 | F1_macro 0.6283 | WorstLoss 1.0094
[Tracker] Ep  510 | AvgR 0.0003 | Global 0.8821 | Local 0.3150 | F1_macro 0.6288 | WorstLoss 0.8535
[Tracker] Saved snapshot: ep0510_phase1_class1
[Tracker] Ep  511 | AvgR 0.0003 | Global 0.8955 | Local 0.3285 | F1_macro 0.6226 | WorstLoss 0.7929
[Tracker] Ep  512 | AvgR 0.0003 | Global 0.8754 | Local 0.3918 | F1_macro 0.6127 | WorstLoss 0.9145
[Tracker] Ep  513 | AvgR 0.0003 | Global 0.9008 | Local 0.3692 | F1_macro 0.6317 | WorstLoss 0.8846
[Tracker] Ep  514 | AvgR 0.0003 | Global 0.9026 | Local 0.3338 | F1_macro 0.6318 | WorstLoss 1.0104
[Tracker] Ep  515 | AvgR 0.0003 | Global 0.9046 | Local 0.3207 | F1_macro 0.6071 | WorstLoss 0.8136
[Tracker] Saved snapshot: ep0515_phase1_class1
[Tracker] Ep  516 | AvgR 0.0003 | Global 0.8785 | Local 0.3973 | F1_macro 0.6308 | WorstLoss 0.8691
[Tracker] Ep  517 | AvgR 0.0003 | Global 0.8751 | Local 0.3934 | F1_macro 0.6118 | WorstLoss 1.2200
[Tracker] Ep  518 | AvgR 0.0003 | Global 0.9001 | Local 0.3451 | F1_macro 0.6365 | WorstLoss 1.0187
[Tracker] Ep  519 | AvgR 0.0003 | Global 0.8856 | Local 0.3041 | F1_macro 0.6197 | WorstLoss 0.8991
[Tracker] Ep  520 | AvgR 0.0003 | Global 0.8814 | Local 0.3690 | F1_macro 0.6260 | WorstLoss 0.9459
[Tracker] Saved snapshot: ep0520_phase1_class1
[Tracker] Ep  521 | AvgR 0.0003 | Global 0.8767 | Local 0.3323 | F1_macro 0.6272 | WorstLoss 1.0451
[Tracker] Ep  522 | AvgR 0.0003 | Global 0.8798 | Local 0.4221 | F1_macro 0.6250 | WorstLoss 0.8666
[Tracker] Ep  523 | AvgR 0.0003 | Global 0.8930 | Local 0.3266 | F1_macro 0.6169 | WorstLoss 0.9811
[Tracker] Ep  524 | AvgR 0.0003 | Global 0.8936 | Local 0.3732 | F1_macro 0.6307 | WorstLoss 1.1129
[Tracker] Ep  525 | AvgR 0.0003 | Global 0.8747 | Local 0.4187 | F1_macro 0.6089 | WorstLoss 0.9768
[Tracker] Saved snapshot: ep0525_phase1_class1
[Tracker] Ep  526 | AvgR 0.0003 | Global 0.8746 | Local 0.3518 | F1_macro 0.6038 | WorstLoss 0.8603
[Tracker] Ep  527 | AvgR 0.0003 | Global 0.8777 | Local 0.3565 | F1_macro 0.6190 | WorstLoss 0.8720
[Tracker] Ep  528 | AvgR 0.0003 | Global 0.8944 | Local 0.3779 | F1_macro 0.6267 | WorstLoss 0.9293
[Tracker] Ep  529 | AvgR 0.0003 | Global 0.8617 | Local 0.4120 | F1_macro 0.6217 | WorstLoss 1.0283
[Tracker] Ep  530 | AvgR 0.0003 | Global 0.8987 | Local 0.3483 | F1_macro 0.6261 | WorstLoss 0.9582
[Tracker] Saved snapshot: ep0530_phase1_class1
[Tracker] Ep  531 | AvgR 0.0003 | Global 0.8932 | Local 0.3227 | F1_macro 0.6225 | WorstLoss 0.9869
[Tracker] Ep  532 | AvgR 0.0003 | Global 0.8816 | Local 0.3798 | F1_macro 0.6239 | WorstLoss 1.0159
[Tracker] Ep  533 | AvgR 0.0003 | Global 0.9015 | Local 0.3948 | F1_macro 0.6271 | WorstLoss 0.9669
[Tracker] Ep  534 | AvgR 0.0003 | Global 0.9191 | Local 0.3228 | F1_macro 0.6362 | WorstLoss 0.8677
[Tracker] Ep  535 | AvgR 0.0003 | Global 0.9110 | Local 0.3807 | F1_macro 0.6256 | WorstLoss 0.7416
[Tracker] Saved snapshot: ep0535_phase1_class1
[Tracker] Ep  536 | AvgR 0.0003 | Global 0.8943 | Local 0.3533 | F1_macro 0.6339 | WorstLoss 1.0727
[Tracker] Ep  537 | AvgR 0.0003 | Global 0.8876 | Local 0.4314 | F1_macro 0.6146 | WorstLoss 0.9881
[Tracker] Ep  538 | AvgR 0.0003 | Global 0.9118 | Local 0.3250 | F1_macro 0.6351 | WorstLoss 0.8948
[Tracker] Ep  539 | AvgR 0.0003 | Global 0.8927 | Local 0.3782 | F1_macro 0.6179 | WorstLoss 1.1470
[Tracker] Ep  540 | AvgR 0.0003 | Global 0.9187 | Local 0.3552 | F1_macro 0.6538 | WorstLoss 0.9866
[Tracker] Saved snapshot: ep0540_phase1_class1
[Tracker] Ep  541 | AvgR 0.0003 | Global 0.9003 | Local 0.2988 | F1_macro 0.6335 | WorstLoss 0.8636
[Tracker] Ep  542 | AvgR 0.0003 | Global 0.9221 | Local 0.3826 | F1_macro 0.6366 | WorstLoss 0.7894
[Tracker] Ep  543 | AvgR 0.0003 | Global 0.8828 | Local 0.3620 | F1_macro 0.6127 | WorstLoss 0.8188
[Tracker] Ep  544 | AvgR 0.0003 | Global 0.9227 | Local 0.2827 | F1_macro 0.6533 | WorstLoss 0.9277
[Tracker] Ep  545 | AvgR 0.0003 | Global 0.9053 | Local 0.3907 | F1_macro 0.6459 | WorstLoss 0.9615
[Tracker] Saved snapshot: ep0545_phase1_class1
[Tracker] Ep  546 | AvgR 0.0003 | Global 0.8856 | Local 0.3360 | F1_macro 0.6131 | WorstLoss 0.8142
[Tracker] Ep  547 | AvgR 0.0003 | Global 0.8872 | Local 0.3506 | F1_macro 0.6191 | WorstLoss 1.0055
[Tracker] Ep  548 | AvgR 0.0003 | Global 0.9013 | Local 0.3378 | F1_macro 0.6427 | WorstLoss 1.0240
[Tracker] Ep  549 | AvgR 0.0003 | Global 0.8695 | Local 0.3751 | F1_macro 0.6143 | WorstLoss 0.9809
[Tracker] Ep  550 | AvgR 0.0003 | Global 0.8894 | Local 0.3008 | F1_macro 0.6197 | WorstLoss 0.9495
[Tracker] Saved snapshot: ep0550_phase1_class1
[Tracker] Ep  551 | AvgR 0.0003 | Global 0.9074 | Local 0.3114 | F1_macro 0.6419 | WorstLoss 0.8157
[Tracker] Ep  552 | AvgR 0.0003 | Global 0.8702 | Local 0.3582 | F1_macro 0.6182 | WorstLoss 1.2400
[Tracker] Ep  553 | AvgR 0.0003 | Global 0.8925 | Local 0.3755 | F1_macro 0.6405 | WorstLoss 0.8884
[Tracker] Ep  554 | AvgR 0.0003 | Global 0.8891 | Local 0.3575 | F1_macro 0.6409 | WorstLoss 0.9725
[Tracker] Ep  555 | AvgR 0.0003 | Global 0.9060 | Local 0.3199 | F1_macro 0.6305 | WorstLoss 0.8397
[Tracker] Saved snapshot: ep0555_phase1_class1
[Tracker] Ep  556 | AvgR 0.0003 | Global 0.8810 | Local 0.3592 | F1_macro 0.6384 | WorstLoss 0.9085
[Tracker] Ep  557 | AvgR 0.0003 | Global 0.8883 | Local 0.3216 | F1_macro 0.6230 | WorstLoss 1.3276
[Tracker] Ep  558 | AvgR 0.0003 | Global 0.9164 | Local 0.2967 | F1_macro 0.6381 | WorstLoss 0.8977
[Tracker] Ep  559 | AvgR 0.0003 | Global 0.8887 | Local 0.3560 | F1_macro 0.6207 | WorstLoss 0.8634
[Tracker] Ep  560 | AvgR 0.0003 | Global 0.8929 | Local 0.3125 | F1_macro 0.6223 | WorstLoss 0.9744
[Tracker] Saved snapshot: ep0560_phase1_class1
[Tracker] Ep  561 | AvgR 0.0003 | Global 0.9002 | Local 0.3941 | F1_macro 0.6227 | WorstLoss 0.8211
[Tracker] Ep  562 | AvgR 0.0003 | Global 0.8927 | Local 0.3260 | F1_macro 0.6114 | WorstLoss 0.8853
[Tracker] Ep  563 | AvgR 0.0003 | Global 0.8903 | Local 0.3528 | F1_macro 0.6252 | WorstLoss 0.8037
[Tracker] Ep  564 | AvgR 0.0003 | Global 0.8921 | Local 0.3136 | F1_macro 0.6211 | WorstLoss 0.9517
[Tracker] Ep  565 | AvgR 0.0003 | Global 0.8949 | Local 0.3295 | F1_macro 0.6377 | WorstLoss 0.9526
[Tracker] Saved snapshot: ep0565_phase1_class1
[Tracker] Ep  566 | AvgR 0.0003 | Global 0.8789 | Local 0.3358 | F1_macro 0.6167 | WorstLoss 1.0012
[Tracker] Ep  567 | AvgR 0.0003 | Global 0.9111 | Local 0.3767 | F1_macro 0.6433 | WorstLoss 0.8183
[Tracker] Ep  568 | AvgR 0.0003 | Global 0.9014 | Local 0.3426 | F1_macro 0.6233 | WorstLoss 1.0961
[Tracker] Ep  569 | AvgR 0.0003 | Global 0.8955 | Local 0.3587 | F1_macro 0.6280 | WorstLoss 0.8488
[Tracker] Ep  570 | AvgR 0.0003 | Global 0.8959 | Local 0.3828 | F1_macro 0.6324 | WorstLoss 0.8528
[Tracker] Saved snapshot: ep0570_phase1_class1
[Tracker] Ep  571 | AvgR 0.0003 | Global 0.8873 | Local 0.3067 | F1_macro 0.6188 | WorstLoss 0.9792
[Tracker] Ep  572 | AvgR 0.0003 | Global 0.9086 | Local 0.3834 | F1_macro 0.6450 | WorstLoss 0.8604
[Tracker] Ep  573 | AvgR 0.0003 | Global 0.8782 | Local 0.3331 | F1_macro 0.6241 | WorstLoss 0.8236
[Tracker] Ep  574 | AvgR 0.0003 | Global 0.9024 | Local 0.3115 | F1_macro 0.6035 | WorstLoss 0.8278
[Tracker] Ep  575 | AvgR 0.0003 | Global 0.8954 | Local 0.3648 | F1_macro 0.6283 | WorstLoss 0.9088
[Tracker] Saved snapshot: ep0575_phase1_class1
[Tracker] Ep  576 | AvgR 0.0003 | Global 0.8665 | Local 0.3802 | F1_macro 0.6165 | WorstLoss 1.0298
[Tracker] Ep  577 | AvgR 0.0003 | Global 0.9168 | Local 0.3500 | F1_macro 0.6327 | WorstLoss 0.8983
[Tracker] Ep  578 | AvgR 0.0003 | Global 0.8823 | Local 0.3587 | F1_macro 0.6140 | WorstLoss 0.8623
[Tracker] Ep  579 | AvgR 0.0003 | Global 0.8889 | Local 0.4143 | F1_macro 0.6329 | WorstLoss 0.8678
[Tracker] Ep  580 | AvgR 0.0003 | Global 0.8943 | Local 0.3236 | F1_macro 0.6172 | WorstLoss 0.7813
[Tracker] Saved snapshot: ep0580_phase1_class1
[Tracker] Ep  581 | AvgR 0.0003 | Global 0.8836 | Local 0.3553 | F1_macro 0.6203 | WorstLoss 0.8885
[Tracker] Ep  582 | AvgR 0.0003 | Global 0.8647 | Local 0.3615 | F1_macro 0.6256 | WorstLoss 0.9230
[Tracker] Ep  583 | AvgR 0.0003 | Global 0.8657 | Local 0.3144 | F1_macro 0.6101 | WorstLoss 0.9158
[Tracker] Ep  584 | AvgR 0.0003 | Global 0.8867 | Local 0.3446 | F1_macro 0.6211 | WorstLoss 1.2263
[Tracker] Ep  585 | AvgR 0.0003 | Global 0.8521 | Local 0.3609 | F1_macro 0.6157 | WorstLoss 1.0138
[Tracker] Saved snapshot: ep0585_phase1_class1
[Tracker] Ep  586 | AvgR 0.0003 | Global 0.9070 | Local 0.2777 | F1_macro 0.6310 | WorstLoss 0.8245
[Tracker] Ep  587 | AvgR 0.0003 | Global 0.8813 | Local 0.3748 | F1_macro 0.6241 | WorstLoss 1.0087
[Tracker] Ep  588 | AvgR 0.0003 | Global 0.9006 | Local 0.3638 | F1_macro 0.6356 | WorstLoss 1.0573
[Tracker] Ep  589 | AvgR 0.0003 | Global 0.8999 | Local 0.3625 | F1_macro 0.6313 | WorstLoss 0.8516
[Tracker] Ep  590 | AvgR 0.0003 | Global 0.8659 | Local 0.3120 | F1_macro 0.6185 | WorstLoss 1.2809
[Tracker] Saved snapshot: ep0590_phase1_class1
[Tracker] Ep  591 | AvgR 0.0003 | Global 0.8942 | Local 0.3622 | F1_macro 0.6309 | WorstLoss 1.0047
[Tracker] Ep  592 | AvgR 0.0003 | Global 0.9000 | Local 0.3412 | F1_macro 0.6250 | WorstLoss 0.8128
[Tracker] Ep  593 | AvgR 0.0003 | Global 0.9152 | Local 0.3642 | F1_macro 0.6456 | WorstLoss 0.9618
[Tracker] Ep  594 | AvgR 0.0003 | Global 0.9039 | Local 0.3700 | F1_macro 0.6287 | WorstLoss 0.9460
[Tracker] Ep  595 | AvgR 0.0003 | Global 0.9178 | Local 0.3617 | F1_macro 0.6304 | WorstLoss 0.8423
[Tracker] Saved snapshot: ep0595_phase1_class1
[Tracker] Ep  596 | AvgR 0.0003 | Global 0.8808 | Local 0.3414 | F1_macro 0.6204 | WorstLoss 0.9093
[Tracker] Ep  597 | AvgR 0.0003 | Global 0.8868 | Local 0.3951 | F1_macro 0.6381 | WorstLoss 0.9265
[Tracker] Ep  598 | AvgR 0.0003 | Global 0.8946 | Local 0.3300 | F1_macro 0.6167 | WorstLoss 0.8359
[Tracker] Ep  599 | AvgR 0.0003 | Global 0.9078 | Local 0.3367 | F1_macro 0.6250 | WorstLoss 0.9391
[Tracker] Ep  600 | AvgR 0.0003 | Global 0.8916 | Local 0.3455 | F1_macro 0.6135 | WorstLoss 0.9289
[Tracker] Saved snapshot: ep0600_phase1_class1
[Tracker] Ep  601 | AvgR 0.0003 | Global 0.9018 | Local 0.3392 | F1_macro 0.6330 | WorstLoss 1.0847
[Tracker] Ep  602 | AvgR 0.0003 | Global 0.9016 | Local 0.3271 | F1_macro 0.6341 | WorstLoss 0.8649
[Tracker] Ep  603 | AvgR 0.0003 | Global 0.8790 | Local 0.3703 | F1_macro 0.6347 | WorstLoss 0.8181
[Tracker] Ep  604 | AvgR 0.0003 | Global 0.9096 | Local 0.3726 | F1_macro 0.6255 | WorstLoss 0.7973
[Tracker] Ep  605 | AvgR 0.0003 | Global 0.8898 | Local 0.3362 | F1_macro 0.6058 | WorstLoss 1.0861
[Tracker] Saved snapshot: ep0605_phase1_class1
[Tracker] Ep  606 | AvgR 0.0003 | Global 0.8996 | Local 0.3061 | F1_macro 0.6216 | WorstLoss 0.9727
[Tracker] Ep  607 | AvgR 0.0003 | Global 0.8853 | Local 0.3512 | F1_macro 0.6107 | WorstLoss 0.9154
[Tracker] Ep  608 | AvgR 0.0003 | Global 0.9280 | Local 0.2955 | F1_macro 0.6576 | WorstLoss 1.0608
[Tracker] Ep  609 | AvgR 0.0003 | Global 0.8942 | Local 0.3281 | F1_macro 0.6359 | WorstLoss 1.0460
[Tracker] Ep  610 | AvgR 0.0003 | Global 0.9207 | Local 0.2844 | F1_macro 0.6403 | WorstLoss 0.8118
[Tracker] Saved snapshot: ep0610_phase1_class1
[Tracker] Ep  611 | AvgR 0.0003 | Global 0.8783 | Local 0.3512 | F1_macro 0.6202 | WorstLoss 0.8916
[Tracker] Ep  612 | AvgR 0.0003 | Global 0.9016 | Local 0.3464 | F1_macro 0.6200 | WorstLoss 1.0067
[Tracker] Ep  613 | AvgR 0.0003 | Global 0.8713 | Local 0.3631 | F1_macro 0.6309 | WorstLoss 0.9237
[Tracker] Ep  614 | AvgR 0.0003 | Global 0.8528 | Local 0.3455 | F1_macro 0.6231 | WorstLoss 1.0365
[Tracker] Ep  615 | AvgR 0.0003 | Global 0.8918 | Local 0.3849 | F1_macro 0.6267 | WorstLoss 1.1124
[Tracker] Saved snapshot: ep0615_phase1_class1
[Tracker] Ep  616 | AvgR 0.0003 | Global 0.9116 | Local 0.3461 | F1_macro 0.6316 | WorstLoss 0.8807
[Tracker] Ep  617 | AvgR 0.0003 | Global 0.8998 | Local 0.3275 | F1_macro 0.6249 | WorstLoss 0.8284
[Tracker] Ep  618 | AvgR 0.0003 | Global 0.9088 | Local 0.3482 | F1_macro 0.6217 | WorstLoss 0.7871
[Tracker] Ep  619 | AvgR 0.0003 | Global 0.8968 | Local 0.3780 | F1_macro 0.6343 | WorstLoss 0.9558
[Tracker] Ep  620 | AvgR 0.0003 | Global 0.9107 | Local 0.3759 | F1_macro 0.6285 | WorstLoss 0.9345
[Tracker] Saved snapshot: ep0620_phase1_class1
[Tracker] Ep  621 | AvgR 0.0003 | Global 0.8748 | Local 0.3247 | F1_macro 0.6145 | WorstLoss 0.9370
[Tracker] Ep  622 | AvgR 0.0003 | Global 0.8995 | Local 0.3635 | F1_macro 0.6320 | WorstLoss 0.8547
[Tracker] Ep  623 | AvgR 0.0003 | Global 0.9119 | Local 0.3476 | F1_macro 0.6412 | WorstLoss 0.9688
[Tracker] Ep  624 | AvgR 0.0003 | Global 0.8797 | Local 0.3472 | F1_macro 0.6215 | WorstLoss 0.9964
[Tracker] Ep  625 | AvgR 0.0003 | Global 0.8938 | Local 0.4043 | F1_macro 0.6080 | WorstLoss 0.8640
[Tracker] Saved snapshot: ep0625_phase1_class1
[Tracker] Ep  626 | AvgR 0.0003 | Global 0.8951 | Local 0.3328 | F1_macro 0.6287 | WorstLoss 0.9613
[Tracker] Ep  627 | AvgR 0.0003 | Global 0.8852 | Local 0.3321 | F1_macro 0.6043 | WorstLoss 0.9207
[Tracker] Ep  628 | AvgR 0.0003 | Global 0.9064 | Local 0.3353 | F1_macro 0.6214 | WorstLoss 1.0357
[Tracker] Ep  629 | AvgR 0.0003 | Global 0.9123 | Local 0.3563 | F1_macro 0.6217 | WorstLoss 1.0642
[Tracker] Ep  630 | AvgR 0.0003 | Global 0.9244 | Local 0.3467 | F1_macro 0.6456 | WorstLoss 0.8021
[Tracker] Saved snapshot: ep0630_phase1_class1
[Tracker] Ep  631 | AvgR 0.0003 | Global 0.8817 | Local 0.3535 | F1_macro 0.6239 | WorstLoss 0.8612
[Tracker] Ep  632 | AvgR 0.0003 | Global 0.8739 | Local 0.3521 | F1_macro 0.6327 | WorstLoss 0.9127
[Tracker] Ep  633 | AvgR 0.0003 | Global 0.9056 | Local 0.3686 | F1_macro 0.6255 | WorstLoss 0.9038
[Tracker] Ep  634 | AvgR 0.0003 | Global 0.8907 | Local 0.3388 | F1_macro 0.6324 | WorstLoss 1.1428
[Tracker] Ep  635 | AvgR 0.0003 | Global 0.8774 | Local 0.4058 | F1_macro 0.6084 | WorstLoss 0.9292
[Tracker] Saved snapshot: ep0635_phase1_class1
[Tracker] Ep  636 | AvgR 0.0003 | Global 0.9005 | Local 0.3226 | F1_macro 0.6217 | WorstLoss 0.8243
[Tracker] Ep  637 | AvgR 0.0003 | Global 0.8927 | Local 0.3399 | F1_macro 0.6272 | WorstLoss 0.8374
[Tracker] Ep  638 | AvgR 0.0003 | Global 0.9118 | Local 0.3318 | F1_macro 0.6536 | WorstLoss 0.9231
[Tracker] Ep  639 | AvgR 0.0003 | Global 0.8976 | Local 0.3847 | F1_macro 0.6249 | WorstLoss 0.7718
[Tracker] Ep  640 | AvgR 0.0003 | Global 0.8927 | Local 0.3213 | F1_macro 0.6278 | WorstLoss 0.8991
[Tracker] Saved snapshot: ep0640_phase1_class1
[Tracker] Ep  641 | AvgR 0.0003 | Global 0.8764 | Local 0.3254 | F1_macro 0.6334 | WorstLoss 0.8752
[Tracker] Ep  642 | AvgR 0.0003 | Global 0.9094 | Local 0.3696 | F1_macro 0.6426 | WorstLoss 0.9426
[Tracker] Ep  643 | AvgR 0.0003 | Global 0.9190 | Local 0.3531 | F1_macro 0.6447 | WorstLoss 0.8062
[Tracker] Ep  644 | AvgR 0.0003 | Global 0.9172 | Local 0.3314 | F1_macro 0.6373 | WorstLoss 0.8308
[Tracker] Ep  645 | AvgR 0.0003 | Global 0.9065 | Local 0.3434 | F1_macro 0.6171 | WorstLoss 0.7691
[Tracker] Saved snapshot: ep0645_phase1_class1
[Tracker] Ep  646 | AvgR 0.0003 | Global 0.8955 | Local 0.3601 | F1_macro 0.6066 | WorstLoss 0.7122
[Tracker] Ep  647 | AvgR 0.0003 | Global 0.8922 | Local 0.3723 | F1_macro 0.6331 | WorstLoss 1.2080
[Tracker] Ep  648 | AvgR 0.0003 | Global 0.8886 | Local 0.3271 | F1_macro 0.6120 | WorstLoss 0.8260
[Tracker] Ep  649 | AvgR 0.0003 | Global 0.9114 | Local 0.3021 | F1_macro 0.6356 | WorstLoss 0.9457
[Tracker] Ep  650 | AvgR 0.0003 | Global 0.9002 | Local 0.3545 | F1_macro 0.6251 | WorstLoss 0.9561
[Tracker] Saved snapshot: ep0650_phase1_class1
[Tracker] Ep  651 | AvgR 0.0003 | Global 0.8849 | Local 0.3243 | F1_macro 0.6228 | WorstLoss 0.8701
[Tracker] Ep  652 | AvgR 0.0003 | Global 0.9068 | Local 0.3242 | F1_macro 0.6223 | WorstLoss 0.9270
[Tracker] Ep  653 | AvgR 0.0003 | Global 0.9007 | Local 0.3536 | F1_macro 0.6330 | WorstLoss 0.9946
[Tracker] Ep  654 | AvgR 0.0003 | Global 0.8762 | Local 0.3216 | F1_macro 0.6008 | WorstLoss 0.9738
[Tracker] Ep  655 | AvgR 0.0003 | Global 0.9145 | Local 0.3223 | F1_macro 0.6626 | WorstLoss 0.9537
[Tracker] Saved snapshot: ep0655_phase1_class1
[Tracker] Ep  656 | AvgR 0.0003 | Global 0.9205 | Local 0.3420 | F1_macro 0.6563 | WorstLoss 0.8930
[Tracker] Ep  657 | AvgR 0.0003 | Global 0.8824 | Local 0.3774 | F1_macro 0.6243 | WorstLoss 1.0623
[Tracker] Ep  658 | AvgR 0.0003 | Global 0.8732 | Local 0.3422 | F1_macro 0.6093 | WorstLoss 0.8739
[Tracker] Ep  659 | AvgR 0.0003 | Global 0.8802 | Local 0.3609 | F1_macro 0.6150 | WorstLoss 1.0136
[Tracker] Ep  660 | AvgR 0.0003 | Global 0.9064 | Local 0.3661 | F1_macro 0.6337 | WorstLoss 0.8321
[Tracker] Saved snapshot: ep0660_phase1_class1
[Tracker] Ep  661 | AvgR 0.0003 | Global 0.8996 | Local 0.3536 | F1_macro 0.6379 | WorstLoss 1.0512
[Tracker] Ep  662 | AvgR 0.0003 | Global 0.9220 | Local 0.3136 | F1_macro 0.6386 | WorstLoss 0.9009
[Tracker] Ep  663 | AvgR 0.0003 | Global 0.8942 | Local 0.3772 | F1_macro 0.6248 | WorstLoss 0.8817
[Tracker] Ep  664 | AvgR 0.0003 | Global 0.8683 | Local 0.3293 | F1_macro 0.6175 | WorstLoss 0.9376
[Tracker] Ep  665 | AvgR 0.0003 | Global 0.8917 | Local 0.3450 | F1_macro 0.6313 | WorstLoss 1.0073
[Tracker] Saved snapshot: ep0665_phase1_class1
[Tracker] Ep  666 | AvgR 0.0003 | Global 0.8868 | Local 0.3644 | F1_macro 0.6220 | WorstLoss 0.9454
[Tracker] Ep  667 | AvgR 0.0003 | Global 0.9167 | Local 0.3128 | F1_macro 0.6320 | WorstLoss 0.9063
[Tracker] Ep  668 | AvgR 0.0003 | Global 0.9076 | Local 0.3645 | F1_macro 0.6442 | WorstLoss 0.9069
[Tracker] Ep  669 | AvgR 0.0003 | Global 0.9002 | Local 0.3348 | F1_macro 0.6375 | WorstLoss 0.9534
[Tracker] Ep  670 | AvgR 0.0003 | Global 0.8954 | Local 0.3475 | F1_macro 0.6174 | WorstLoss 0.8986
[Tracker] Saved snapshot: ep0670_phase1_class1
[Tracker] Ep  671 | AvgR 0.0003 | Global 0.9167 | Local 0.3216 | F1_macro 0.6282 | WorstLoss 0.8862
[Tracker] Ep  672 | AvgR 0.0003 | Global 0.8981 | Local 0.3172 | F1_macro 0.6250 | WorstLoss 0.9937
[Tracker] Ep  673 | AvgR 0.0003 | Global 0.8693 | Local 0.3328 | F1_macro 0.6204 | WorstLoss 0.8718
[Tracker] Ep  674 | AvgR 0.0003 | Global 0.9158 | Local 0.3523 | F1_macro 0.6469 | WorstLoss 0.8881
[Tracker] Ep  675 | AvgR 0.0003 | Global 0.9074 | Local 0.3157 | F1_macro 0.6318 | WorstLoss 0.8239
[Tracker] Saved snapshot: ep0675_phase1_class1
[Tracker] Ep  676 | AvgR 0.0003 | Global 0.9159 | Local 0.3454 | F1_macro 0.6483 | WorstLoss 1.0638
[Tracker] Ep  677 | AvgR 0.0003 | Global 0.8841 | Local 0.3131 | F1_macro 0.6290 | WorstLoss 0.9572
[Tracker] Ep  678 | AvgR 0.0003 | Global 0.8866 | Local 0.3859 | F1_macro 0.6292 | WorstLoss 0.8961
[Tracker] Ep  679 | AvgR 0.0003 | Global 0.8755 | Local 0.4001 | F1_macro 0.6098 | WorstLoss 0.8758
[Tracker] Ep  680 | AvgR 0.0003 | Global 0.9080 | Local 0.3551 | F1_macro 0.6241 | WorstLoss 0.8877
[Tracker] Saved snapshot: ep0680_phase1_class1
[Tracker] Ep  681 | AvgR 0.0003 | Global 0.8811 | Local 0.3716 | F1_macro 0.6295 | WorstLoss 0.9505
[Tracker] Ep  682 | AvgR 0.0003 | Global 0.8904 | Local 0.3620 | F1_macro 0.6344 | WorstLoss 1.0407
[Tracker] Ep  683 | AvgR 0.0003 | Global 0.8960 | Local 0.3443 | F1_macro 0.6291 | WorstLoss 0.9073
[Tracker] Ep  684 | AvgR 0.0003 | Global 0.8899 | Local 0.3415 | F1_macro 0.6274 | WorstLoss 1.2263
[Tracker] Ep  685 | AvgR 0.0003 | Global 0.8886 | Local 0.3663 | F1_macro 0.6381 | WorstLoss 1.0892
[Tracker] Saved snapshot: ep0685_phase1_class1
[Tracker] Ep  686 | AvgR 0.0003 | Global 0.8875 | Local 0.3524 | F1_macro 0.6191 | WorstLoss 1.0898
[Tracker] Ep  687 | AvgR 0.0003 | Global 0.8932 | Local 0.3666 | F1_macro 0.6260 | WorstLoss 0.9778
[Tracker] Ep  688 | AvgR 0.0003 | Global 0.9111 | Local 0.2898 | F1_macro 0.6380 | WorstLoss 0.9072
[Tracker] Ep  689 | AvgR 0.0003 | Global 0.9057 | Local 0.3060 | F1_macro 0.6343 | WorstLoss 0.8268
[Tracker] Ep  690 | AvgR 0.0003 | Global 0.9126 | Local 0.2828 | F1_macro 0.6468 | WorstLoss 0.8847
[Tracker] Saved snapshot: ep0690_phase1_class1
[Tracker] Ep  691 | AvgR 0.0003 | Global 0.8796 | Local 0.3579 | F1_macro 0.6295 | WorstLoss 0.9780
[Tracker] Ep  692 | AvgR 0.0003 | Global 0.9070 | Local 0.3758 | F1_macro 0.6246 | WorstLoss 0.9181
[Tracker] Ep  693 | AvgR 0.0003 | Global 0.8768 | Local 0.3310 | F1_macro 0.6069 | WorstLoss 0.9305
[Tracker] Ep  694 | AvgR 0.0003 | Global 0.9105 | Local 0.3585 | F1_macro 0.6345 | WorstLoss 0.8674
[Tracker] Ep  695 | AvgR 0.0003 | Global 0.9034 | Local 0.3978 | F1_macro 0.6372 | WorstLoss 0.8578
[Tracker] Saved snapshot: ep0695_phase1_class1
[Tracker] Ep  696 | AvgR 0.0003 | Global 0.8906 | Local 0.3540 | F1_macro 0.6525 | WorstLoss 1.1614
[Tracker] Ep  697 | AvgR 0.0003 | Global 0.8689 | Local 0.3482 | F1_macro 0.6256 | WorstLoss 0.9630
[Tracker] Ep  698 | AvgR 0.0003 | Global 0.8982 | Local 0.3340 | F1_macro 0.6176 | WorstLoss 0.7596
[Tracker] Ep  699 | AvgR 0.0003 | Global 0.9034 | Local 0.3092 | F1_macro 0.6416 | WorstLoss 0.9114
[Tracker] Ep  700 | AvgR 0.0003 | Global 0.9063 | Local 0.3065 | F1_macro 0.6384 | WorstLoss 0.8757
[Tracker] Saved snapshot: ep0700_phase1_class1
[Tracker] Ep  701 | AvgR 0.0003 | Global 0.8897 | Local 0.3978 | F1_macro 0.6237 | WorstLoss 0.9049
[Tracker] Ep  702 | AvgR 0.0003 | Global 0.8777 | Local 0.3264 | F1_macro 0.6223 | WorstLoss 0.9050
[Tracker] Ep  703 | AvgR 0.0003 | Global 0.8957 | Local 0.3373 | F1_macro 0.6248 | WorstLoss 0.8915
[Tracker] Ep  704 | AvgR 0.0003 | Global 0.8731 | Local 0.3138 | F1_macro 0.6048 | WorstLoss 0.8113
[Tracker] Ep  705 | AvgR 0.0003 | Global 0.8971 | Local 0.3691 | F1_macro 0.6335 | WorstLoss 0.8283
[Tracker] Saved snapshot: ep0705_phase1_class1
[Tracker] Ep  706 | AvgR 0.0003 | Global 0.8488 | Local 0.3575 | F1_macro 0.6048 | WorstLoss 1.0737
[Tracker] Ep  707 | AvgR 0.0003 | Global 0.8868 | Local 0.3598 | F1_macro 0.6040 | WorstLoss 0.8963
[Tracker] Ep  708 | AvgR 0.0003 | Global 0.9240 | Local 0.3101 | F1_macro 0.6405 | WorstLoss 0.8722
[Tracker] Ep  709 | AvgR 0.0003 | Global 0.9084 | Local 0.3367 | F1_macro 0.6462 | WorstLoss 0.8487
[Tracker] Ep  710 | AvgR 0.0003 | Global 0.8992 | Local 0.3271 | F1_macro 0.6137 | WorstLoss 0.8064
[Tracker] Saved snapshot: ep0710_phase1_class1
[Tracker] Ep  711 | AvgR 0.0003 | Global 0.8994 | Local 0.3701 | F1_macro 0.6161 | WorstLoss 0.7546
[Tracker] Ep  712 | AvgR 0.0003 | Global 0.9005 | Local 0.3126 | F1_macro 0.6262 | WorstLoss 1.1355
[Tracker] Ep  713 | AvgR 0.0003 | Global 0.8918 | Local 0.3588 | F1_macro 0.6207 | WorstLoss 0.9037
[Tracker] Ep  714 | AvgR 0.0003 | Global 0.8916 | Local 0.3474 | F1_macro 0.6418 | WorstLoss 0.9990
[Tracker] Ep  715 | AvgR 0.0003 | Global 0.8900 | Local 0.3324 | F1_macro 0.6389 | WorstLoss 1.0991
[Tracker] Saved snapshot: ep0715_phase1_class1
[Tracker] Ep  716 | AvgR 0.0003 | Global 0.8927 | Local 0.3083 | F1_macro 0.6331 | WorstLoss 0.8200
[Tracker] Ep  717 | AvgR 0.0003 | Global 0.9144 | Local 0.3361 | F1_macro 0.6311 | WorstLoss 0.7971
[Tracker] Ep  718 | AvgR 0.0003 | Global 0.8923 | Local 0.3611 | F1_macro 0.6175 | WorstLoss 0.8773
[Tracker] Ep  719 | AvgR 0.0003 | Global 0.8825 | Local 0.3587 | F1_macro 0.6179 | WorstLoss 1.0840
[Tracker] Ep  720 | AvgR 0.0003 | Global 0.8907 | Local 0.3543 | F1_macro 0.6184 | WorstLoss 0.8213
[Tracker] Saved snapshot: ep0720_phase1_class1
[Tracker] Ep  721 | AvgR 0.0003 | Global 0.9106 | Local 0.3165 | F1_macro 0.6251 | WorstLoss 0.9291
[Tracker] Ep  722 | AvgR 0.0003 | Global 0.9076 | Local 0.3305 | F1_macro 0.6259 | WorstLoss 0.7636
[Tracker] Ep  723 | AvgR 0.0003 | Global 0.9212 | Local 0.3592 | F1_macro 0.6322 | WorstLoss 0.8130
[Tracker] Ep  724 | AvgR 0.0003 | Global 0.8926 | Local 0.3319 | F1_macro 0.6133 | WorstLoss 0.8444
[Tracker] Ep  725 | AvgR 0.0003 | Global 0.9026 | Local 0.3989 | F1_macro 0.6377 | WorstLoss 0.8280
[Tracker] Saved snapshot: ep0725_phase1_class1
[Tracker] Ep  726 | AvgR 0.0003 | Global 0.9008 | Local 0.3418 | F1_macro 0.6368 | WorstLoss 0.9569
[Tracker] Ep  727 | AvgR 0.0003 | Global 0.9135 | Local 0.3296 | F1_macro 0.6376 | WorstLoss 0.9467
[Tracker] Ep  728 | AvgR 0.0003 | Global 0.8902 | Local 0.3026 | F1_macro 0.6165 | WorstLoss 0.9228
[Tracker] Ep  729 | AvgR 0.0003 | Global 0.9169 | Local 0.3349 | F1_macro 0.6397 | WorstLoss 0.9902
[Tracker] Ep  730 | AvgR 0.0003 | Global 0.9108 | Local 0.3679 | F1_macro 0.6458 | WorstLoss 0.9674
[Tracker] Saved snapshot: ep0730_phase1_class1
[Tracker] Ep  731 | AvgR 0.0003 | Global 0.9107 | Local 0.2834 | F1_macro 0.6389 | WorstLoss 0.8809
[Tracker] Ep  732 | AvgR 0.0003 | Global 0.9053 | Local 0.3328 | F1_macro 0.6409 | WorstLoss 0.9911
[Tracker] Ep  733 | AvgR 0.0003 | Global 0.9261 | Local 0.3256 | F1_macro 0.6385 | WorstLoss 0.8601
[Tracker] Ep  734 | AvgR 0.0003 | Global 0.8931 | Local 0.3311 | F1_macro 0.6253 | WorstLoss 1.0209
[Tracker] Ep  735 | AvgR 0.0003 | Global 0.8916 | Local 0.3419 | F1_macro 0.6449 | WorstLoss 1.0595
[Tracker] Saved snapshot: ep0735_phase1_class1
[Tracker] Ep  736 | AvgR 0.0003 | Global 0.9061 | Local 0.3319 | F1_macro 0.6422 | WorstLoss 0.9356
[Tracker] Ep  737 | AvgR 0.0003 | Global 0.8986 | Local 0.3443 | F1_macro 0.6230 | WorstLoss 0.8282
[Tracker] Ep  738 | AvgR 0.0003 | Global 0.9099 | Local 0.3055 | F1_macro 0.6149 | WorstLoss 0.8555
[Tracker] Ep  739 | AvgR 0.0003 | Global 0.8807 | Local 0.3813 | F1_macro 0.6329 | WorstLoss 0.9048
[Tracker] Ep  740 | AvgR 0.0003 | Global 0.9203 | Local 0.3192 | F1_macro 0.6245 | WorstLoss 0.8181
[Tracker] Saved snapshot: ep0740_phase1_class1
[Tracker] Ep  741 | AvgR 0.0003 | Global 0.9122 | Local 0.3376 | F1_macro 0.6195 | WorstLoss 0.8445
[Tracker] Ep  742 | AvgR 0.0003 | Global 0.8899 | Local 0.3365 | F1_macro 0.6274 | WorstLoss 0.9175
[Tracker] Ep  743 | AvgR 0.0003 | Global 0.9184 | Local 0.3921 | F1_macro 0.6343 | WorstLoss 0.8382
[Tracker] Ep  744 | AvgR 0.0003 | Global 0.9025 | Local 0.3248 | F1_macro 0.6251 | WorstLoss 0.9416
[Tracker] Ep  745 | AvgR 0.0003 | Global 0.8943 | Local 0.4000 | F1_macro 0.6351 | WorstLoss 1.0966
[Tracker] Saved snapshot: ep0745_phase1_class1
[Tracker] Ep  746 | AvgR 0.0003 | Global 0.9115 | Local 0.3347 | F1_macro 0.6281 | WorstLoss 1.0144
[Tracker] Ep  747 | AvgR 0.0003 | Global 0.8935 | Local 0.3746 | F1_macro 0.6194 | WorstLoss 0.9346
[Tracker] Ep  748 | AvgR 0.0003 | Global 0.8843 | Local 0.3325 | F1_macro 0.6397 | WorstLoss 0.8902
[Tracker] Ep  749 | AvgR 0.0003 | Global 0.8955 | Local 0.3497 | F1_macro 0.6359 | WorstLoss 0.8936
[Tracker] Ep  750 | AvgR 0.0003 | Global 0.8938 | Local 0.3356 | F1_macro 0.6236 | WorstLoss 0.8002
[Tracker] Saved snapshot: ep0750_phase1_class1
[Tracker] Ep  751 | AvgR 0.0003 | Global 0.9184 | Local 0.3918 | F1_macro 0.6377 | WorstLoss 0.8679
[Tracker] Ep  752 | AvgR 0.0003 | Global 0.9107 | Local 0.4034 | F1_macro 0.6433 | WorstLoss 0.9318
[Tracker] Ep  753 | AvgR 0.0003 | Global 0.9079 | Local 0.3174 | F1_macro 0.6263 | WorstLoss 0.9739
[Tracker] Ep  754 | AvgR 0.0003 | Global 0.9019 | Local 0.3434 | F1_macro 0.6400 | WorstLoss 1.0007
[Tracker] Ep  755 | AvgR 0.0003 | Global 0.9269 | Local 0.3188 | F1_macro 0.6438 | WorstLoss 0.9006
[Tracker] Saved snapshot: ep0755_phase1_class1
[Tracker] Ep  756 | AvgR 0.0003 | Global 0.9016 | Local 0.3708 | F1_macro 0.6174 | WorstLoss 0.7867
[Tracker] Ep  757 | AvgR 0.0003 | Global 0.8981 | Local 0.3234 | F1_macro 0.6300 | WorstLoss 0.8641
[Tracker] Ep  758 | AvgR 0.0003 | Global 0.8957 | Local 0.3621 | F1_macro 0.6422 | WorstLoss 0.9026
[Tracker] Ep  759 | AvgR 0.0003 | Global 0.9146 | Local 0.3414 | F1_macro 0.6207 | WorstLoss 0.7121
[Tracker] Ep  760 | AvgR 0.0003 | Global 0.9054 | Local 0.3297 | F1_macro 0.6210 | WorstLoss 0.8901
[Tracker] Saved snapshot: ep0760_phase1_class1
[Tracker] Ep  761 | AvgR 0.0003 | Global 0.8942 | Local 0.3335 | F1_macro 0.6388 | WorstLoss 0.8750
[Tracker] Ep  762 | AvgR 0.0003 | Global 0.8906 | Local 0.3125 | F1_macro 0.6154 | WorstLoss 0.8926
[Tracker] Ep  763 | AvgR 0.0003 | Global 0.9191 | Local 0.3132 | F1_macro 0.6352 | WorstLoss 0.8357
[Tracker] Ep  764 | AvgR 0.0003 | Global 0.8644 | Local 0.3193 | F1_macro 0.6065 | WorstLoss 0.8860
[Tracker] Ep  765 | AvgR 0.0003 | Global 0.9076 | Local 0.2909 | F1_macro 0.6320 | WorstLoss 0.9816
[Tracker] Saved snapshot: ep0765_phase1_class1
[Tracker] Ep  766 | AvgR 0.0003 | Global 0.8861 | Local 0.3589 | F1_macro 0.6309 | WorstLoss 0.8646
[Tracker] Ep  767 | AvgR 0.0003 | Global 0.8858 | Local 0.3342 | F1_macro 0.6322 | WorstLoss 0.8247
[Tracker] Ep  768 | AvgR 0.0003 | Global 0.8945 | Local 0.3635 | F1_macro 0.6319 | WorstLoss 0.8707
[Tracker] Ep  769 | AvgR 0.0003 | Global 0.9204 | Local 0.3033 | F1_macro 0.6314 | WorstLoss 0.8260
[Tracker] Ep  770 | AvgR 0.0003 | Global 0.8904 | Local 0.3700 | F1_macro 0.6230 | WorstLoss 1.0409
[Tracker] Saved snapshot: ep0770_phase1_class1
[Tracker] Ep  771 | AvgR 0.0003 | Global 0.8809 | Local 0.3758 | F1_macro 0.6057 | WorstLoss 0.9284
[Tracker] Ep  772 | AvgR 0.0003 | Global 0.8973 | Local 0.3156 | F1_macro 0.6340 | WorstLoss 0.8910
[Tracker] Ep  773 | AvgR 0.0003 | Global 0.9077 | Local 0.3381 | F1_macro 0.6324 | WorstLoss 1.0427
[Tracker] Ep  774 | AvgR 0.0003 | Global 0.8971 | Local 0.3562 | F1_macro 0.6263 | WorstLoss 0.9026
[Tracker] Ep  775 | AvgR 0.0003 | Global 0.9026 | Local 0.3548 | F1_macro 0.6389 | WorstLoss 0.8343
[Tracker] Saved snapshot: ep0775_phase1_class1
[Tracker] Ep  776 | AvgR 0.0003 | Global 0.9078 | Local 0.3277 | F1_macro 0.6123 | WorstLoss 0.7943
[Tracker] Ep  777 | AvgR 0.0003 | Global 0.9317 | Local 0.3287 | F1_macro 0.6542 | WorstLoss 0.9365
[Tracker] Ep  778 | AvgR 0.0003 | Global 0.8802 | Local 0.3162 | F1_macro 0.6110 | WorstLoss 0.8001
[Tracker] Ep  779 | AvgR 0.0003 | Global 0.8973 | Local 0.3514 | F1_macro 0.6325 | WorstLoss 0.9578
[Tracker] Ep  780 | AvgR 0.0003 | Global 0.8716 | Local 0.3124 | F1_macro 0.6177 | WorstLoss 0.9024
[Tracker] Saved snapshot: ep0780_phase1_class1
[Tracker] Ep  781 | AvgR 0.0003 | Global 0.8752 | Local 0.3839 | F1_macro 0.6238 | WorstLoss 0.8707
[Tracker] Ep  782 | AvgR 0.0003 | Global 0.8995 | Local 0.3657 | F1_macro 0.6176 | WorstLoss 0.7965
[Tracker] Ep  783 | AvgR 0.0003 | Global 0.8978 | Local 0.2844 | F1_macro 0.6133 | WorstLoss 0.9023
[Tracker] Ep  784 | AvgR 0.0003 | Global 0.9111 | Local 0.3052 | F1_macro 0.6314 | WorstLoss 0.9768
[Tracker] Ep  785 | AvgR 0.0003 | Global 0.9229 | Local 0.3428 | F1_macro 0.6432 | WorstLoss 0.8168
[Tracker] Saved snapshot: ep0785_phase1_class1
[Tracker] Ep  786 | AvgR 0.0003 | Global 0.9014 | Local 0.3483 | F1_macro 0.6203 | WorstLoss 0.9029
[Tracker] Ep  787 | AvgR 0.0003 | Global 0.9080 | Local 0.3491 | F1_macro 0.6412 | WorstLoss 0.7956
[Tracker] Ep  788 | AvgR 0.0003 | Global 0.8915 | Local 0.3385 | F1_macro 0.6237 | WorstLoss 0.8979
[Tracker] Ep  789 | AvgR 0.0003 | Global 0.9022 | Local 0.3035 | F1_macro 0.6358 | WorstLoss 1.0199
[Tracker] Ep  790 | AvgR 0.0003 | Global 0.9249 | Local 0.3259 | F1_macro 0.6495 | WorstLoss 0.9421
[Tracker] Saved snapshot: ep0790_phase1_class1
[Tracker] Ep  791 | AvgR 0.0003 | Global 0.8919 | Local 0.3619 | F1_macro 0.6328 | WorstLoss 0.9822
[Tracker] Ep  792 | AvgR 0.0003 | Global 0.9159 | Local 0.3261 | F1_macro 0.6485 | WorstLoss 0.9449
[Tracker] Ep  793 | AvgR 0.0003 | Global 0.8826 | Local 0.3579 | F1_macro 0.5979 | WorstLoss 0.8415
[Tracker] Ep  794 | AvgR 0.0003 | Global 0.9017 | Local 0.3494 | F1_macro 0.6278 | WorstLoss 0.9402
[Tracker] Ep  795 | AvgR 0.0003 | Global 0.9054 | Local 0.3421 | F1_macro 0.6165 | WorstLoss 1.0635
[Tracker] Saved snapshot: ep0795_phase1_class1
[Tracker] Ep  796 | AvgR 0.0003 | Global 0.8911 | Local 0.2970 | F1_macro 0.6269 | WorstLoss 0.7973
[Tracker] Ep  797 | AvgR 0.0003 | Global 0.8952 | Local 0.3309 | F1_macro 0.6366 | WorstLoss 0.9101
[Tracker] Ep  798 | AvgR 0.0003 | Global 0.8590 | Local 0.3974 | F1_macro 0.6215 | WorstLoss 0.9694
[Tracker] Ep  799 | AvgR 0.0003 | Global 0.8778 | Local 0.4217 | F1_macro 0.6149 | WorstLoss 0.9673
[Tracker] Ep  800 | AvgR 0.0003 | Global 0.9019 | Local 0.3169 | F1_macro 0.6252 | WorstLoss 0.9623
[Tracker] Saved snapshot: ep0800_phase1_class1
[Phase] Finished phase1_class1 | best global_obj=0.9711
Phase 2 anchors: 1617 (y=0 & disadv=1)
FFNN Using device: cuda:0

============================================================
[Phase] Starting phase2_class0 | target_class=0 | episodes=200
============================================================
[Tracker] Ep    1 | AvgR 0.0003 | Global 0.9531 | Local 0.3078 | F1_macro 0.6851 | WorstLoss 1.2934
[Tracker] New BEST synthetic [phase2_class0] (by global.global_obj: 0.953081) saved.
[Tracker] BEST β weights [phase2_class0] saved -> training_runs/SPECv17c_bias010_ds030_rl_census_3seeds_EP800_PCA10_REWfairness_minID1_majID0_TRJ2000_REAL3000_BIAS0.1_GG202603181628_95f1d3ce/seed_42/best_beta_state_dict_phase2_class0.pt
[Tracker] Ep    2 | AvgR 0.0002 | Global 0.9480 | Local 0.2810 | F1_macro 0.6675 | WorstLoss 1.3498
[Tracker] Ep    3 | AvgR 0.0002 | Global 0.9514 | Local 0.2434 | F1_macro 0.6766 | WorstLoss 1.3509
[Tracker] Ep    4 | AvgR 0.0003 | Global 0.9623 | Local 0.3476 | F1_macro 0.6813 | WorstLoss 1.1611
[Tracker] New BEST synthetic [phase2_class0] (by global.global_obj: 0.962323) saved.
[Tracker] BEST β weights [phase2_class0] saved -> training_runs/SPECv17c_bias010_ds030_rl_census_3seeds_EP800_PCA10_REWfairness_minID1_majID0_TRJ2000_REAL3000_BIAS0.1_GG202603181628_95f1d3ce/seed_42/best_beta_state_dict_phase2_class0.pt
[Tracker] Ep    5 | AvgR 0.0003 | Global 0.9481 | Local 0.3430 | F1_macro 0.6817 | WorstLoss 1.4553
[Tracker] Saved snapshot: ep0005_phase2_class0
[Tracker] Ep    6 | AvgR 0.0002 | Global 0.9435 | Local 0.2947 | F1_macro 0.6633 | WorstLoss 1.3400
[Tracker] Ep    7 | AvgR 0.0003 | Global 0.9430 | Local 0.3066 | F1_macro 0.6553 | WorstLoss 1.2569
[Tracker] Ep    8 | AvgR 0.0002 | Global 0.9408 | Local 0.3006 | F1_macro 0.6670 | WorstLoss 1.4549
[Tracker] Ep    9 | AvgR 0.0002 | Global 0.9572 | Local 0.2832 | F1_macro 0.6829 | WorstLoss 1.3394
[Tracker] Ep   10 | AvgR 0.0003 | Global 0.9223 | Local 0.3367 | F1_macro 0.6708 | WorstLoss 1.5444
[Tracker] Saved snapshot: ep0010_phase2_class0
[Tracker] Ep   11 | AvgR 0.0002 | Global 0.9588 | Local 0.2805 | F1_macro 0.6942 | WorstLoss 1.3747
[Tracker] Ep   12 | AvgR 0.0003 | Global 0.9377 | Local 0.3430 | F1_macro 0.6697 | WorstLoss 1.4537
[Tracker] Ep   13 | AvgR 0.0003 | Global 0.9422 | Local 0.3457 | F1_macro 0.6638 | WorstLoss 1.3208
[Tracker] Ep   14 | AvgR 0.0003 | Global 0.9459 | Local 0.3331 | F1_macro 0.6682 | WorstLoss 1.2977
[Tracker] Ep   15 | AvgR 0.0002 | Global 0.9561 | Local 0.2610 | F1_macro 0.6809 | WorstLoss 1.3763
[Tracker] Saved snapshot: ep0015_phase2_class0
[Tracker] Ep   16 | AvgR 0.0003 | Global 0.9477 | Local 0.2990 | F1_macro 0.6735 | WorstLoss 1.2978
[Tracker] Ep   17 | AvgR 0.0002 | Global 0.9478 | Local 0.2592 | F1_macro 0.6648 | WorstLoss 1.2695
[Tracker] Ep   18 | AvgR 0.0003 | Global 0.9506 | Local 0.3268 | F1_macro 0.6710 | WorstLoss 1.2121
[Tracker] Ep   19 | AvgR 0.0003 | Global 0.9538 | Local 0.3108 | F1_macro 0.6735 | WorstLoss 1.2524
[Tracker] Ep   20 | AvgR 0.0003 | Global 0.9350 | Local 0.3040 | F1_macro 0.6805 | WorstLoss 1.5468
[Tracker] Saved snapshot: ep0020_phase2_class0
[Tracker] Ep   21 | AvgR 0.0003 | Global 0.9494 | Local 0.3726 | F1_macro 0.6853 | WorstLoss 1.4472
[Tracker] Ep   22 | AvgR 0.0003 | Global 0.9117 | Local 0.3334 | F1_macro 0.6730 | WorstLoss 1.6006
[Tracker] Ep   23 | AvgR 0.0003 | Global 0.9396 | Local 0.3248 | F1_macro 0.6562 | WorstLoss 1.3578
[Tracker] Ep   24 | AvgR 0.0003 | Global 0.9522 | Local 0.3855 | F1_macro 0.6792 | WorstLoss 1.3291
[Tracker] Ep   25 | AvgR 0.0003 | Global 0.9525 | Local 0.3404 | F1_macro 0.6878 | WorstLoss 1.3837
[Tracker] Saved snapshot: ep0025_phase2_class0
[Tracker] Ep   26 | AvgR 0.0003 | Global 0.9390 | Local 0.3317 | F1_macro 0.6549 | WorstLoss 1.4244
[Tracker] Ep   27 | AvgR 0.0003 | Global 0.9501 | Local 0.3330 | F1_macro 0.6696 | WorstLoss 1.3877
[Tracker] Ep   28 | AvgR 0.0003 | Global 0.9518 | Local 0.3590 | F1_macro 0.6809 | WorstLoss 1.3098
[Tracker] Ep   29 | AvgR 0.0003 | Global 0.9575 | Local 0.3798 | F1_macro 0.6832 | WorstLoss 1.3758
[Tracker] Ep   30 | AvgR 0.0003 | Global 0.9434 | Local 0.3750 | F1_macro 0.6672 | WorstLoss 1.3228
[Tracker] Saved snapshot: ep0030_phase2_class0
[Tracker] Ep   31 | AvgR 0.0003 | Global 0.9496 | Local 0.3744 | F1_macro 0.6584 | WorstLoss 1.0429
[Tracker] Ep   32 | AvgR 0.0003 | Global 0.9422 | Local 0.3729 | F1_macro 0.6623 | WorstLoss 1.4081
[Tracker] Ep   33 | AvgR 0.0003 | Global 0.9432 | Local 0.3928 | F1_macro 0.6546 | WorstLoss 1.3045
[Tracker] Ep   34 | AvgR 0.0003 | Global 0.9527 | Local 0.3830 | F1_macro 0.6708 | WorstLoss 1.3252
[Tracker] Ep   35 | AvgR 0.0003 | Global 0.9406 | Local 0.3368 | F1_macro 0.6763 | WorstLoss 1.4837
[Tracker] Saved snapshot: ep0035_phase2_class0
[Tracker] Ep   36 | AvgR 0.0003 | Global 0.9563 | Local 0.3901 | F1_macro 0.6841 | WorstLoss 1.2798
[Tracker] Ep   37 | AvgR 0.0003 | Global 0.9602 | Local 0.3480 | F1_macro 0.6833 | WorstLoss 1.1900
[Tracker] Ep   38 | AvgR 0.0003 | Global 0.9388 | Local 0.3537 | F1_macro 0.6613 | WorstLoss 1.4126
[Tracker] Ep   39 | AvgR 0.0003 | Global 0.9439 | Local 0.3686 | F1_macro 0.6512 | WorstLoss 1.3811
[Tracker] Ep   40 | AvgR 0.0003 | Global 0.8850 | Local 0.3620 | F1_macro 0.6391 | WorstLoss 1.6454
[Tracker] Saved snapshot: ep0040_phase2_class0
[Tracker] Ep   41 | AvgR 0.0003 | Global 0.9449 | Local 0.3537 | F1_macro 0.6743 | WorstLoss 1.3996
[Tracker] Ep   42 | AvgR 0.0003 | Global 0.9576 | Local 0.3700 | F1_macro 0.6814 | WorstLoss 1.3240
[Tracker] Ep   43 | AvgR 0.0003 | Global 0.9474 | Local 0.3873 | F1_macro 0.6681 | WorstLoss 1.4039
[Tracker] Ep   44 | AvgR 0.0003 | Global 0.9088 | Local 0.3361 | F1_macro 0.6544 | WorstLoss 1.5798
[Tracker] Ep   45 | AvgR 0.0003 | Global 0.9486 | Local 0.3379 | F1_macro 0.6756 | WorstLoss 1.3727
[Tracker] Saved snapshot: ep0045_phase2_class0
[Tracker] Ep   46 | AvgR 0.0003 | Global 0.9501 | Local 0.4107 | F1_macro 0.6796 | WorstLoss 1.3712
[Tracker] Ep   47 | AvgR 0.0003 | Global 0.9480 | Local 0.3894 | F1_macro 0.6727 | WorstLoss 1.3907
[Tracker] Ep   48 | AvgR 0.0003 | Global 0.9341 | Local 0.2907 | F1_macro 0.6702 | WorstLoss 1.4987
[Tracker] Ep   49 | AvgR 0.0003 | Global 0.9495 | Local 0.4790 | F1_macro 0.6591 | WorstLoss 1.1339
[Tracker] Ep   50 | AvgR 0.0003 | Global 0.9456 | Local 0.4271 | F1_macro 0.6777 | WorstLoss 1.3571
[Tracker] Saved snapshot: ep0050_phase2_class0
[Tracker] Ep   51 | AvgR 0.0003 | Global 0.9523 | Local 0.3678 | F1_macro 0.6800 | WorstLoss 1.3284
[Tracker] Ep   52 | AvgR 0.0003 | Global 0.9438 | Local 0.3266 | F1_macro 0.6675 | WorstLoss 1.4187
[Tracker] Ep   53 | AvgR 0.0003 | Global 0.9361 | Local 0.4452 | F1_macro 0.6643 | WorstLoss 1.5130
[Tracker] Ep   54 | AvgR 0.0003 | Global 0.9602 | Local 0.4508 | F1_macro 0.6776 | WorstLoss 1.2780
[Tracker] Ep   55 | AvgR 0.0003 | Global 0.9041 | Local 0.4064 | F1_macro 0.6727 | WorstLoss 1.6349
[Tracker] Saved snapshot: ep0055_phase2_class0
[Tracker] Ep   56 | AvgR 0.0003 | Global 0.9328 | Local 0.4805 | F1_macro 0.6536 | WorstLoss 1.3594
[Tracker] Ep   57 | AvgR 0.0003 | Global 0.9661 | Local 0.3548 | F1_macro 0.6940 | WorstLoss 1.2003
[Tracker] New BEST synthetic [phase2_class0] (by global.global_obj: 0.966096) saved.
[Tracker] BEST β weights [phase2_class0] saved -> training_runs/SPECv17c_bias010_ds030_rl_census_3seeds_EP800_PCA10_REWfairness_minID1_majID0_TRJ2000_REAL3000_BIAS0.1_GG202603181628_95f1d3ce/seed_42/best_beta_state_dict_phase2_class0.pt
[Tracker] Ep   58 | AvgR 0.0003 | Global 0.8914 | Local 0.3584 | F1_macro 0.6509 | WorstLoss 1.6480
[Tracker] Ep   59 | AvgR 0.0003 | Global 0.9392 | Local 0.3354 | F1_macro 0.6756 | WorstLoss 1.4853
[Tracker] Ep   60 | AvgR 0.0003 | Global 0.9536 | Local 0.4419 | F1_macro 0.6775 | WorstLoss 1.3803
[Tracker] Saved snapshot: ep0060_phase2_class0
[Tracker] Ep   61 | AvgR 0.0003 | Global 0.9520 | Local 0.3521 | F1_macro 0.6750 | WorstLoss 1.2877
[Tracker] Ep   62 | AvgR 0.0003 | Global 0.9398 | Local 0.4855 | F1_macro 0.6647 | WorstLoss 1.2990
[Tracker] Ep   63 | AvgR 0.0003 | Global 0.9556 | Local 0.3897 | F1_macro 0.6776 | WorstLoss 1.3850
[Tracker] Ep   64 | AvgR 0.0003 | Global 0.9589 | Local 0.4960 | F1_macro 0.6792 | WorstLoss 1.2856
[Tracker] Ep   65 | AvgR 0.0003 | Global 0.9452 | Local 0.4999 | F1_macro 0.6592 | WorstLoss 1.4214
[Tracker] Saved snapshot: ep0065_phase2_class0
[Tracker] Ep   66 | AvgR 0.0003 | Global 0.9394 | Local 0.4404 | F1_macro 0.6773 | WorstLoss 1.5413
[Tracker] Ep   67 | AvgR 0.0003 | Global 0.9426 | Local 0.4754 | F1_macro 0.6679 | WorstLoss 1.3294
[Tracker] Ep   68 | AvgR 0.0003 | Global 0.9514 | Local 0.4933 | F1_macro 0.6767 | WorstLoss 1.3026
[Tracker] Ep   69 | AvgR 0.0003 | Global 0.9413 | Local 0.4804 | F1_macro 0.6594 | WorstLoss 1.3230
[Tracker] Ep   70 | AvgR 0.0003 | Global 0.9545 | Local 0.4175 | F1_macro 0.6715 | WorstLoss 1.2902
[Tracker] Saved snapshot: ep0070_phase2_class0
[Tracker] Ep   71 | AvgR 0.0003 | Global 0.9445 | Local 0.5021 | F1_macro 0.6682 | WorstLoss 1.2834
[Tracker] Ep   72 | AvgR 0.0003 | Global 0.9496 | Local 0.5090 | F1_macro 0.6652 | WorstLoss 1.3256
[Tracker] Ep   73 | AvgR 0.0003 | Global 0.9449 | Local 0.5361 | F1_macro 0.6675 | WorstLoss 1.3806
[Tracker] Ep   74 | AvgR 0.0003 | Global 0.9488 | Local 0.4680 | F1_macro 0.6726 | WorstLoss 1.3275
[Tracker] Ep   75 | AvgR 0.0003 | Global 0.9473 | Local 0.4660 | F1_macro 0.6745 | WorstLoss 1.4779
[Tracker] Saved snapshot: ep0075_phase2_class0
[Tracker] Ep   76 | AvgR 0.0003 | Global 0.9381 | Local 0.4876 | F1_macro 0.6492 | WorstLoss 1.3447
[Tracker] Ep   77 | AvgR 0.0003 | Global 0.9571 | Local 0.4887 | F1_macro 0.6795 | WorstLoss 1.3393
[Tracker] Ep   78 | AvgR 0.0003 | Global 0.9510 | Local 0.5056 | F1_macro 0.6728 | WorstLoss 1.3565
[Tracker] Ep   79 | AvgR 0.0003 | Global 0.9432 | Local 0.5115 | F1_macro 0.6587 | WorstLoss 1.2915
[Tracker] Ep   80 | AvgR 0.0003 | Global 0.9618 | Local 0.5098 | F1_macro 0.6985 | WorstLoss 1.4144
[Tracker] Saved snapshot: ep0080_phase2_class0
[Tracker] Ep   81 | AvgR 0.0003 | Global 0.9136 | Local 0.4864 | F1_macro 0.6352 | WorstLoss 1.5752
[Tracker] Ep   82 | AvgR 0.0004 | Global 0.9474 | Local 0.5542 | F1_macro 0.6607 | WorstLoss 1.4839
[Tracker] Ep   83 | AvgR 0.0003 | Global 0.9344 | Local 0.5397 | F1_macro 0.6442 | WorstLoss 1.3358
[Tracker] Ep   84 | AvgR 0.0004 | Global 0.9528 | Local 0.5643 | F1_macro 0.6814 | WorstLoss 1.4203
[Tracker] Ep   85 | AvgR 0.0003 | Global 0.9516 | Local 0.4965 | F1_macro 0.6634 | WorstLoss 1.3456
[Tracker] Saved snapshot: ep0085_phase2_class0
[Tracker] Ep   86 | AvgR 0.0003 | Global 0.8859 | Local 0.4964 | F1_macro 0.6562 | WorstLoss 1.6659
[Tracker] Ep   87 | AvgR 0.0003 | Global 0.9398 | Local 0.4754 | F1_macro 0.6514 | WorstLoss 1.4094
[Tracker] Ep   88 | AvgR 0.0003 | Global 0.9146 | Local 0.4920 | F1_macro 0.6719 | WorstLoss 1.6149
[Tracker] Ep   89 | AvgR 0.0003 | Global 0.9376 | Local 0.5382 | F1_macro 0.6531 | WorstLoss 1.3859
[Tracker] Ep   90 | AvgR 0.0004 | Global 0.9539 | Local 0.5587 | F1_macro 0.6741 | WorstLoss 1.2621
[Tracker] Saved snapshot: ep0090_phase2_class0
[Tracker] Ep   91 | AvgR 0.0003 | Global 0.9104 | Local 0.4772 | F1_macro 0.6611 | WorstLoss 1.6012
[Tracker] Ep   92 | AvgR 0.0004 | Global 0.9537 | Local 0.6144 | F1_macro 0.6741 | WorstLoss 1.3072
[Tracker] Ep   93 | AvgR 0.0003 | Global 0.9281 | Local 0.5476 | F1_macro 0.6595 | WorstLoss 1.5242
[Tracker] Ep   94 | AvgR 0.0003 | Global 0.9524 | Local 0.5355 | F1_macro 0.6650 | WorstLoss 1.2629
[Tracker] Ep   95 | AvgR 0.0004 | Global 0.9481 | Local 0.5892 | F1_macro 0.6719 | WorstLoss 1.4332
[Tracker] Saved snapshot: ep0095_phase2_class0
[Tracker] Ep   96 | AvgR 0.0003 | Global 0.9431 | Local 0.4894 | F1_macro 0.6562 | WorstLoss 1.3098
[Tracker] Ep   97 | AvgR 0.0003 | Global 0.9274 | Local 0.5126 | F1_macro 0.6559 | WorstLoss 1.4779
[Tracker] Ep   98 | AvgR 0.0004 | Global 0.9544 | Local 0.5690 | F1_macro 0.6819 | WorstLoss 1.4125
[Tracker] Ep   99 | AvgR 0.0003 | Global 0.9347 | Local 0.5273 | F1_macro 0.6400 | WorstLoss 1.3768
[Tracker] Ep  100 | AvgR 0.0003 | Global 0.9286 | Local 0.4900 | F1_macro 0.6438 | WorstLoss 1.4900
[Tracker] Saved snapshot: ep0100_phase2_class0
[Tracker] Ep  101 | AvgR 0.0004 | Global 0.9473 | Local 0.6184 | F1_macro 0.6623 | WorstLoss 1.2769
[Tracker] Ep  102 | AvgR 0.0003 | Global 0.9162 | Local 0.5146 | F1_macro 0.6353 | WorstLoss 1.5484
[Tracker] Ep  103 | AvgR 0.0004 | Global 0.9528 | Local 0.5450 | F1_macro 0.6695 | WorstLoss 1.2534
[Tracker] Ep  104 | AvgR 0.0004 | Global 0.9416 | Local 0.5490 | F1_macro 0.6364 | WorstLoss 1.2574
[Tracker] Ep  105 | AvgR 0.0003 | Global 0.9434 | Local 0.4937 | F1_macro 0.6556 | WorstLoss 1.3224
[Tracker] Saved snapshot: ep0105_phase2_class0
[Tracker] Ep  106 | AvgR 0.0003 | Global 0.9231 | Local 0.5224 | F1_macro 0.6336 | WorstLoss 1.3895
[Tracker] Ep  107 | AvgR 0.0004 | Global 0.9455 | Local 0.5740 | F1_macro 0.6366 | WorstLoss 1.3147
[Tracker] Ep  108 | AvgR 0.0004 | Global 0.9445 | Local 0.5684 | F1_macro 0.6598 | WorstLoss 1.3060
[Tracker] Ep  109 | AvgR 0.0003 | Global 0.9520 | Local 0.5112 | F1_macro 0.6516 | WorstLoss 1.4115
[Tracker] Ep  110 | AvgR 0.0004 | Global 0.9460 | Local 0.6536 | F1_macro 0.6755 | WorstLoss 1.3284
[Tracker] Saved snapshot: ep0110_phase2_class0
[Tracker] Ep  111 | AvgR 0.0004 | Global 0.9582 | Local 0.6345 | F1_macro 0.6868 | WorstLoss 1.3153
[Tracker] Ep  112 | AvgR 0.0004 | Global 0.9407 | Local 0.5574 | F1_macro 0.6305 | WorstLoss 1.2947
[Tracker] Ep  113 | AvgR 0.0004 | Global 0.9386 | Local 0.6734 | F1_macro 0.6358 | WorstLoss 1.1965
[Tracker] Ep  114 | AvgR 0.0004 | Global 0.9408 | Local 0.6220 | F1_macro 0.6463 | WorstLoss 1.3595
[Tracker] Ep  115 | AvgR 0.0003 | Global 0.9660 | Local 0.4966 | F1_macro 0.6922 | WorstLoss 1.1946
[Tracker] Saved snapshot: ep0115_phase2_class0
[Tracker] Ep  116 | AvgR 0.0004 | Global 0.9225 | Local 0.5778 | F1_macro 0.6383 | WorstLoss 1.3968
[Tracker] Ep  117 | AvgR 0.0004 | Global 0.9483 | Local 0.6861 | F1_macro 0.6536 | WorstLoss 1.1017
[Tracker] Ep  118 | AvgR 0.0004 | Global 0.9280 | Local 0.5572 | F1_macro 0.6328 | WorstLoss 1.3425
[Tracker] Ep  119 | AvgR 0.0004 | Global 0.9433 | Local 0.6203 | F1_macro 0.6552 | WorstLoss 1.3070
[Tracker] Ep  120 | AvgR 0.0004 | Global 0.9532 | Local 0.5821 | F1_macro 0.6655 | WorstLoss 1.2012
[Tracker] Saved snapshot: ep0120_phase2_class0
[Tracker] Ep  121 | AvgR 0.0004 | Global 0.9346 | Local 0.6235 | F1_macro 0.6260 | WorstLoss 1.2931
[Tracker] Ep  122 | AvgR 0.0004 | Global 0.9305 | Local 0.6093 | F1_macro 0.6380 | WorstLoss 1.3608
[Tracker] Ep  123 | AvgR 0.0003 | Global 0.9237 | Local 0.4960 | F1_macro 0.5989 | WorstLoss 1.3025
[Tracker] Ep  124 | AvgR 0.0004 | Global 0.9376 | Local 0.5475 | F1_macro 0.6273 | WorstLoss 1.3879
[Tracker] Ep  125 | AvgR 0.0004 | Global 0.9353 | Local 0.6341 | F1_macro 0.6249 | WorstLoss 1.3491
[Tracker] Saved snapshot: ep0125_phase2_class0
[Tracker] Ep  126 | AvgR 0.0004 | Global 0.9417 | Local 0.5976 | F1_macro 0.6222 | WorstLoss 1.3823
[Tracker] Ep  127 | AvgR 0.0004 | Global 0.9220 | Local 0.5796 | F1_macro 0.6414 | WorstLoss 1.3797
[Tracker] Ep  128 | AvgR 0.0004 | Global 0.9577 | Local 0.6135 | F1_macro 0.6706 | WorstLoss 1.1032
[Tracker] Ep  129 | AvgR 0.0004 | Global 0.9420 | Local 0.6274 | F1_macro 0.6438 | WorstLoss 1.4104
[Tracker] Ep  130 | AvgR 0.0004 | Global 0.9265 | Local 0.6531 | F1_macro 0.6469 | WorstLoss 1.1145
[Tracker] Saved snapshot: ep0130_phase2_class0
[Tracker] Ep  131 | AvgR 0.0004 | Global 0.9376 | Local 0.6223 | F1_macro 0.6140 | WorstLoss 1.2743
[Tracker] Ep  132 | AvgR 0.0004 | Global 0.9294 | Local 0.6721 | F1_macro 0.6340 | WorstLoss 1.2730
[Tracker] Ep  133 | AvgR 0.0004 | Global 0.9172 | Local 0.5909 | F1_macro 0.6193 | WorstLoss 1.3739
[Tracker] Ep  134 | AvgR 0.0004 | Global 0.9416 | Local 0.5783 | F1_macro 0.6334 | WorstLoss 1.3508
[Tracker] Ep  135 | AvgR 0.0004 | Global 0.9383 | Local 0.5719 | F1_macro 0.6322 | WorstLoss 1.4452
[Tracker] Saved snapshot: ep0135_phase2_class0
[Tracker] Ep  136 | AvgR 0.0004 | Global 0.9350 | Local 0.5702 | F1_macro 0.6177 | WorstLoss 1.4332
[Tracker] Ep  137 | AvgR 0.0004 | Global 0.9346 | Local 0.5672 | F1_macro 0.6365 | WorstLoss 1.2486
[Tracker] Ep  138 | AvgR 0.0004 | Global 0.9334 | Local 0.5765 | F1_macro 0.6233 | WorstLoss 1.2629
[Tracker] Ep  139 | AvgR 0.0004 | Global 0.9233 | Local 0.6459 | F1_macro 0.6154 | WorstLoss 1.2133
[Tracker] Ep  140 | AvgR 0.0004 | Global 0.9523 | Local 0.6544 | F1_macro 0.6613 | WorstLoss 1.2371
[Tracker] Saved snapshot: ep0140_phase2_class0
[Tracker] Ep  141 | AvgR 0.0004 | Global 0.9449 | Local 0.5868 | F1_macro 0.6382 | WorstLoss 1.3933
[Tracker] Ep  142 | AvgR 0.0004 | Global 0.9322 | Local 0.5569 | F1_macro 0.6291 | WorstLoss 1.2452
[Tracker] Ep  143 | AvgR 0.0004 | Global 0.9388 | Local 0.5779 | F1_macro 0.6222 | WorstLoss 1.2666
[Tracker] Ep  144 | AvgR 0.0004 | Global 0.9545 | Local 0.5696 | F1_macro 0.6656 | WorstLoss 1.2850
[Tracker] Ep  145 | AvgR 0.0004 | Global 0.9272 | Local 0.5765 | F1_macro 0.6320 | WorstLoss 1.2128
[Tracker] Saved snapshot: ep0145_phase2_class0
[Tracker] Ep  146 | AvgR 0.0004 | Global 0.9522 | Local 0.6389 | F1_macro 0.6507 | WorstLoss 1.1375
[Tracker] Ep  147 | AvgR 0.0004 | Global 0.9297 | Local 0.6674 | F1_macro 0.6137 | WorstLoss 1.3787
[Tracker] Ep  148 | AvgR 0.0004 | Global 0.9334 | Local 0.5622 | F1_macro 0.6300 | WorstLoss 1.3688
[Tracker] Ep  149 | AvgR 0.0004 | Global 0.9397 | Local 0.5140 | F1_macro 0.6223 | WorstLoss 1.3666
[Tracker] Ep  150 | AvgR 0.0004 | Global 0.9507 | Local 0.5720 | F1_macro 0.6518 | WorstLoss 1.4504
[Tracker] Saved snapshot: ep0150_phase2_class0
[Tracker] Ep  151 | AvgR 0.0004 | Global 0.9415 | Local 0.5513 | F1_macro 0.6329 | WorstLoss 1.1810
[Tracker] Ep  152 | AvgR 0.0004 | Global 0.9318 | Local 0.6545 | F1_macro 0.6277 | WorstLoss 1.2517
[Tracker] Ep  153 | AvgR 0.0004 | Global 0.9063 | Local 0.5840 | F1_macro 0.6224 | WorstLoss 1.5435
[Tracker] Ep  154 | AvgR 0.0004 | Global 0.9345 | Local 0.7280 | F1_macro 0.5883 | WorstLoss 1.2759
[Tracker] Ep  155 | AvgR 0.0004 | Global 0.9523 | Local 0.6213 | F1_macro 0.6520 | WorstLoss 1.2247
[Tracker] Saved snapshot: ep0155_phase2_class0
[Tracker] Ep  156 | AvgR 0.0004 | Global 0.9284 | Local 0.6537 | F1_macro 0.6260 | WorstLoss 1.3888
[Tracker] Ep  157 | AvgR 0.0004 | Global 0.9458 | Local 0.6079 | F1_macro 0.6565 | WorstLoss 1.3352
[Tracker] Ep  158 | AvgR 0.0004 | Global 0.9492 | Local 0.6006 | F1_macro 0.6429 | WorstLoss 1.2436
[Tracker] Ep  159 | AvgR 0.0004 | Global 0.9511 | Local 0.5382 | F1_macro 0.6198 | WorstLoss 1.2607
[Tracker] Ep  160 | AvgR 0.0004 | Global 0.9348 | Local 0.6194 | F1_macro 0.6149 | WorstLoss 1.2045
[Tracker] Saved snapshot: ep0160_phase2_class0
[Tracker] Ep  161 | AvgR 0.0004 | Global 0.9445 | Local 0.6400 | F1_macro 0.6613 | WorstLoss 1.3904
[Tracker] Ep  162 | AvgR 0.0004 | Global 0.9507 | Local 0.6633 | F1_macro 0.6447 | WorstLoss 1.2950
[Tracker] Ep  163 | AvgR 0.0004 | Global 0.9299 | Local 0.5988 | F1_macro 0.6171 | WorstLoss 1.2630
[Tracker] Ep  164 | AvgR 0.0004 | Global 0.9440 | Local 0.6449 | F1_macro 0.6385 | WorstLoss 1.1980
[Tracker] Ep  165 | AvgR 0.0004 | Global 0.9389 | Local 0.6957 | F1_macro 0.6386 | WorstLoss 1.2968
[Tracker] Saved snapshot: ep0165_phase2_class0
[Tracker] Ep  166 | AvgR 0.0004 | Global 0.9241 | Local 0.6683 | F1_macro 0.6294 | WorstLoss 1.3617
[Tracker] Ep  167 | AvgR 0.0004 | Global 0.9333 | Local 0.5817 | F1_macro 0.6224 | WorstLoss 1.4049
[Tracker] Ep  168 | AvgR 0.0004 | Global 0.9392 | Local 0.6097 | F1_macro 0.6478 | WorstLoss 1.2644
[Tracker] Ep  169 | AvgR 0.0004 | Global 0.9566 | Local 0.6410 | F1_macro 0.6646 | WorstLoss 1.3033
[Tracker] Ep  170 | AvgR 0.0004 | Global 0.9131 | Local 0.6189 | F1_macro 0.6095 | WorstLoss 1.4574
[Tracker] Saved snapshot: ep0170_phase2_class0
[Tracker] Ep  171 | AvgR 0.0004 | Global 0.9339 | Local 0.6003 | F1_macro 0.6295 | WorstLoss 1.4112
[Tracker] Ep  172 | AvgR 0.0004 | Global 0.9505 | Local 0.6064 | F1_macro 0.6546 | WorstLoss 1.4066
[Tracker] Ep  173 | AvgR 0.0004 | Global 0.9439 | Local 0.5839 | F1_macro 0.6492 | WorstLoss 1.3799
[Tracker] Ep  174 | AvgR 0.0004 | Global 0.9158 | Local 0.5758 | F1_macro 0.6272 | WorstLoss 1.5955
[Tracker] Ep  175 | AvgR 0.0004 | Global 0.9470 | Local 0.5866 | F1_macro 0.6470 | WorstLoss 1.4067
[Tracker] Saved snapshot: ep0175_phase2_class0
[Tracker] Ep  176 | AvgR 0.0004 | Global 0.9499 | Local 0.6471 | F1_macro 0.6633 | WorstLoss 1.2520
[Tracker] Ep  177 | AvgR 0.0004 | Global 0.9462 | Local 0.6107 | F1_macro 0.6490 | WorstLoss 1.4012
[Tracker] Ep  178 | AvgR 0.0004 | Global 0.9171 | Local 0.5684 | F1_macro 0.6503 | WorstLoss 1.5906
[Tracker] Ep  179 | AvgR 0.0004 | Global 0.9471 | Local 0.6618 | F1_macro 0.6556 | WorstLoss 1.3363
[Tracker] Ep  180 | AvgR 0.0004 | Global 0.9479 | Local 0.5995 | F1_macro 0.6280 | WorstLoss 1.3297
[Tracker] Saved snapshot: ep0180_phase2_class0
[Tracker] Ep  181 | AvgR 0.0004 | Global 0.9434 | Local 0.6297 | F1_macro 0.6464 | WorstLoss 1.4619
[Tracker] Ep  182 | AvgR 0.0004 | Global 0.9517 | Local 0.6463 | F1_macro 0.6626 | WorstLoss 1.4447
[Tracker] Ep  183 | AvgR 0.0004 | Global 0.9523 | Local 0.6180 | F1_macro 0.6459 | WorstLoss 1.3021
[Tracker] Ep  184 | AvgR 0.0004 | Global 0.9540 | Local 0.6241 | F1_macro 0.6410 | WorstLoss 1.2890
[Tracker] Ep  185 | AvgR 0.0004 | Global 0.9397 | Local 0.4966 | F1_macro 0.6315 | WorstLoss 1.3754
[Tracker] Saved snapshot: ep0185_phase2_class0
[Tracker] Ep  186 | AvgR 0.0004 | Global 0.9402 | Local 0.6472 | F1_macro 0.6446 | WorstLoss 1.5209
[Tracker] Ep  187 | AvgR 0.0004 | Global 0.9425 | Local 0.5671 | F1_macro 0.6334 | WorstLoss 1.4241
[Tracker] Ep  188 | AvgR 0.0004 | Global 0.9207 | Local 0.6623 | F1_macro 0.5833 | WorstLoss 1.4703
[Tracker] Ep  189 | AvgR 0.0004 | Global 0.9400 | Local 0.6141 | F1_macro 0.6196 | WorstLoss 1.3809
[Tracker] Ep  190 | AvgR 0.0004 | Global 0.9532 | Local 0.6050 | F1_macro 0.6462 | WorstLoss 1.1744
[Tracker] Saved snapshot: ep0190_phase2_class0
[Tracker] Ep  191 | AvgR 0.0004 | Global 0.9214 | Local 0.5999 | F1_macro 0.6268 | WorstLoss 1.4982
[Tracker] Ep  192 | AvgR 0.0004 | Global 0.9512 | Local 0.6320 | F1_macro 0.6575 | WorstLoss 1.3646
[Tracker] Ep  193 | AvgR 0.0004 | Global 0.9332 | Local 0.6511 | F1_macro 0.6451 | WorstLoss 1.4172
[Tracker] Ep  194 | AvgR 0.0004 | Global 0.9300 | Local 0.6137 | F1_macro 0.5988 | WorstLoss 1.4669
[Tracker] Ep  195 | AvgR 0.0004 | Global 0.9158 | Local 0.6561 | F1_macro 0.6222 | WorstLoss 1.4148
[Tracker] Saved snapshot: ep0195_phase2_class0
[Tracker] Ep  196 | AvgR 0.0004 | Global 0.9521 | Local 0.6548 | F1_macro 0.6463 | WorstLoss 1.2051
[Tracker] Ep  197 | AvgR 0.0004 | Global 0.9579 | Local 0.6077 | F1_macro 0.6607 | WorstLoss 1.2907
[Tracker] Ep  198 | AvgR 0.0004 | Global 0.9243 | Local 0.6417 | F1_macro 0.6414 | WorstLoss 1.5100
[Tracker] Ep  199 | AvgR 0.0004 | Global 0.9300 | Local 0.5817 | F1_macro 0.6075 | WorstLoss 1.4307
[Tracker] Ep  200 | AvgR 0.0004 | Global 0.9123 | Local 0.5365 | F1_macro 0.6242 | WorstLoss 1.5595
[Tracker] Saved snapshot: ep0200_phase2_class0
[Phase] Finished phase2_class0 | best global_obj=0.9661
FFNN Using device: cuda:0
[Combined] Saved combined beta -> training_runs/SPECv17c_bias010_ds030_rl_census_3seeds_EP800_PCA10_REWfairness_minID1_majID0_TRJ2000_REAL3000_BIAS0.1_GG202603181628_95f1d3ce/seed_42/best_beta_state_dict.pt
[Combined] Saved combined synthetic -> training_runs/SPECv17c_bias010_ds030_rl_census_3seeds_EP800_PCA10_REWfairness_minID1_majID0_TRJ2000_REAL3000_BIAS0.1_GG202603181628_95f1d3ce/seed_42/best_synthetic_combined.npz
FFNN Using device: cuda:0
[TestSuite] Loaded best β weights from: training_runs/SPECv17c_bias010_ds030_rl_census_3seeds_EP800_PCA10_REWfairness_minID1_majID0_TRJ2000_REAL3000_BIAS0.1_GG202603181628_95f1d3ce/seed_42/best_beta_state_dict.pt

[TEST] Alpha -> F1(min)=0.4066 | F1(maj)=0.8881 | F1(weighted)=0.7721 | F1(macro)=0.6474 | Brier=0.1282
[TEST] Beta  -> F1(min)=0.5558 | F1(maj)=0.8858 | F1(weighted)=0.8063 | F1(macro)=0.7208 | Brier=0.1251
[TestSuite] Final test metrics appended to (seed): training_runs/SPECv17c_bias010_ds030_rl_census_3seeds_EP800_PCA10_REWfairness_minID1_majID0_TRJ2000_REAL3000_BIAS0.1_GG202603181628_95f1d3ce/seed_42/final_test_metrics.csv
[TestSuite] Final test metrics appended to (experiment): training_runs/SPECv17c_bias010_ds030_rl_census_3seeds_EP800_PCA10_REWfairness_minID1_majID0_TRJ2000_REAL3000_BIAS0.1_GG202603181628_95f1d3ce/final_test_metrics.csv
Total time 2142.79s
[Tracker] Finished. Run folder: training_runs/SPECv17c_bias010_ds030_rl_census_3seeds_EP800_PCA10_REWfairness_minID1_majID0_TRJ2000_REAL3000_BIAS0.1_GG202603181628_95f1d3ce/seed_42
[main] ---- running seed=0 ----
FFNN Using device: cuda:0
FFNN Using device: cuda:0
[Tracker] Experiment: SPECv17c_bias010_ds030_rl_census_3seeds_EP800_PCA10_REWfairness_minID1_majID0_TRJ2000_REAL3000_BIAS0.1_GG202603181628_95f1d3ce
[Tracker] Seed folder: training_runs/SPECv17c_bias010_ds030_rl_census_3seeds_EP800_PCA10_REWfairness_minID1_majID0_TRJ2000_REAL3000_BIAS0.1_GG202603181628_95f1d3ce/seed_0
[Tracker] Run: 2026-03-18_17-03-46_seed0_217285_5c368a6d
[Tracker] Metrics CSV: training_runs/SPECv17c_bias010_ds030_rl_census_3seeds_EP800_PCA10_REWfairness_minID1_majID0_TRJ2000_REAL3000_BIAS0.1_GG202603181628_95f1d3ce/seed_0/metrics.csv
[Tracker] Mirroring console to: training_runs/SPECv17c_bias010_ds030_rl_census_3seeds_EP800_PCA10_REWfairness_minID1_majID0_TRJ2000_REAL3000_BIAS0.1_GG202603181628_95f1d3ce/seed_0/console.log
[TRAIN] size=3000, minority=300 (10.00%)
[VAL] size=5493, minority=549 (9.99%)
[TEST] size=6513, minority=1569 (24.09%)
FFNN Using device: cuda:0
FFNN Using device: cuda:0
Beta will train with: 60.00% real data, 40.00% synthetic data: 
[disadv] group=1 per_g={0: 0.1375889927148819, 1: 0.270442932844162} worst_4g=2.3340 soft_eo_alpha=0.2173
Anchors: 263 (disadv=1) sigma_anchor=0.8500
[Tracker] Alpha model state_dict saved to training_runs/SPECv17c_bias010_ds030_rl_census_3seeds_EP800_PCA10_REWfairness_minID1_majID0_TRJ2000_REAL3000_BIAS0.1_GG202603181628_95f1d3ce/seed_0/alpha_state_dict.pt
[Tracker] Alpha model config saved to training_runs/SPECv17c_bias010_ds030_rl_census_3seeds_EP800_PCA10_REWfairness_minID1_majID0_TRJ2000_REAL3000_BIAS0.1_GG202603181628_95f1d3ce/seed_0/ffnn_meta.json

============================================================
[Phase] Starting phase1_class1 | target_class=1 | episodes=800
============================================================
[Tracker] CSV header written with 44 columns.
[Tracker] Ep    1 | AvgR 0.0002 | Global 0.9680 | Local 0.0951 | F1_macro 0.6704 | WorstLoss 1.6790
[Tracker] New BEST synthetic [phase1_class1] (by global.global_obj: 0.967962) saved.
[Tracker] BEST β weights [phase1_class1] saved -> training_runs/SPECv17c_bias010_ds030_rl_census_3seeds_EP800_PCA10_REWfairness_minID1_majID0_TRJ2000_REAL3000_BIAS0.1_GG202603181628_95f1d3ce/seed_0/best_beta_state_dict_phase1_class1.pt
[Tracker] Ep    2 | AvgR 0.0002 | Global 0.9813 | Local 0.0724 | F1_macro 0.6759 | WorstLoss 1.3569
[Tracker] New BEST synthetic [phase1_class1] (by global.global_obj: 0.981269) saved.
[Tracker] BEST β weights [phase1_class1] saved -> training_runs/SPECv17c_bias010_ds030_rl_census_3seeds_EP800_PCA10_REWfairness_minID1_majID0_TRJ2000_REAL3000_BIAS0.1_GG202603181628_95f1d3ce/seed_0/best_beta_state_dict_phase1_class1.pt
[Tracker] Ep    3 | AvgR 0.0002 | Global 0.9892 | Local 0.0777 | F1_macro 0.6975 | WorstLoss 1.5077
[Tracker] New BEST synthetic [phase1_class1] (by global.global_obj: 0.989179) saved.
[Tracker] BEST β weights [phase1_class1] saved -> training_runs/SPECv17c_bias010_ds030_rl_census_3seeds_EP800_PCA10_REWfairness_minID1_majID0_TRJ2000_REAL3000_BIAS0.1_GG202603181628_95f1d3ce/seed_0/best_beta_state_dict_phase1_class1.pt
[Tracker] Ep    4 | AvgR 0.0002 | Global 0.9779 | Local 0.0738 | F1_macro 0.6794 | WorstLoss 1.5206
[Tracker] Ep    5 | AvgR 0.0002 | Global 0.9791 | Local 0.0883 | F1_macro 0.6755 | WorstLoss 1.7152
[Tracker] Saved snapshot: ep0005_phase1_class1
[Tracker] Ep    6 | AvgR 0.0002 | Global 0.9831 | Local 0.0732 | F1_macro 0.6899 | WorstLoss 1.7649
[Tracker] Ep    7 | AvgR 0.0002 | Global 0.9874 | Local 0.0583 | F1_macro 0.6714 | WorstLoss 1.7799
[Tracker] Ep    8 | AvgR 0.0002 | Global 0.9668 | Local 0.0817 | F1_macro 0.6584 | WorstLoss 1.9068
[Tracker] Ep    9 | AvgR 0.0002 | Global 0.9814 | Local 0.1010 | F1_macro 0.6733 | WorstLoss 1.6927
[Tracker] Ep   10 | AvgR 0.0002 | Global 0.9739 | Local 0.0853 | F1_macro 0.6859 | WorstLoss 1.8750
[Tracker] Saved snapshot: ep0010_phase1_class1
[Tracker] Ep   11 | AvgR 0.0002 | Global 0.9859 | Local 0.0931 | F1_macro 0.6812 | WorstLoss 1.7042
[Tracker] Ep   12 | AvgR 0.0002 | Global 0.9774 | Local 0.0940 | F1_macro 0.6673 | WorstLoss 1.7248
[Tracker] Ep   13 | AvgR 0.0002 | Global 0.9796 | Local 0.0843 | F1_macro 0.6919 | WorstLoss 1.7197
[Tracker] Ep   14 | AvgR 0.0002 | Global 0.9712 | Local 0.0797 | F1_macro 0.6831 | WorstLoss 1.7458
[Tracker] Ep   15 | AvgR 0.0002 | Global 0.9798 | Local 0.0725 | F1_macro 0.6832 | WorstLoss 1.5665
[Tracker] Saved snapshot: ep0015_phase1_class1
[Tracker] Ep   16 | AvgR 0.0002 | Global 0.9815 | Local 0.0937 | F1_macro 0.6823 | WorstLoss 1.5609
[Tracker] Ep   17 | AvgR 0.0002 | Global 0.9833 | Local 0.0805 | F1_macro 0.6923 | WorstLoss 1.5165
[Tracker] Ep   18 | AvgR 0.0002 | Global 0.9824 | Local 0.0637 | F1_macro 0.6716 | WorstLoss 1.8035
[Tracker] Ep   19 | AvgR 0.0002 | Global 0.9663 | Local 0.0952 | F1_macro 0.6824 | WorstLoss 1.4783
[Tracker] Ep   20 | AvgR 0.0002 | Global 0.9640 | Local 0.0783 | F1_macro 0.6622 | WorstLoss 1.7589
[Tracker] Saved snapshot: ep0020_phase1_class1
[Tracker] Ep   21 | AvgR 0.0002 | Global 0.9648 | Local 0.1108 | F1_macro 0.6783 | WorstLoss 1.7796
[Tracker] Ep   22 | AvgR 0.0002 | Global 0.9855 | Local 0.0780 | F1_macro 0.6790 | WorstLoss 1.6480
[Tracker] Ep   23 | AvgR 0.0002 | Global 0.9600 | Local 0.0704 | F1_macro 0.6730 | WorstLoss 1.8921
[Tracker] Ep   24 | AvgR 0.0002 | Global 0.9729 | Local 0.1068 | F1_macro 0.7038 | WorstLoss 1.6654
[Tracker] Ep   25 | AvgR 0.0002 | Global 0.9651 | Local 0.0821 | F1_macro 0.6584 | WorstLoss 1.8903
[Tracker] Saved snapshot: ep0025_phase1_class1
[Tracker] Ep   26 | AvgR 0.0002 | Global 0.9697 | Local 0.0684 | F1_macro 0.6805 | WorstLoss 1.7526
[Tracker] Ep   27 | AvgR 0.0002 | Global 0.9829 | Local 0.0837 | F1_macro 0.6864 | WorstLoss 1.7314
[Tracker] Ep   28 | AvgR 0.0002 | Global 0.9722 | Local 0.0699 | F1_macro 0.6833 | WorstLoss 1.6243
[Tracker] Ep   29 | AvgR 0.0002 | Global 0.9517 | Local 0.0963 | F1_macro 0.6635 | WorstLoss 1.7334
[Tracker] Ep   30 | AvgR 0.0002 | Global 0.9599 | Local 0.0953 | F1_macro 0.6728 | WorstLoss 1.7147
[Tracker] Saved snapshot: ep0030_phase1_class1
[Tracker] Ep   31 | AvgR 0.0002 | Global 0.9417 | Local 0.0995 | F1_macro 0.6483 | WorstLoss 1.9733
[Tracker] Ep   32 | AvgR 0.0002 | Global 0.9749 | Local 0.1091 | F1_macro 0.6844 | WorstLoss 1.3985
[Tracker] Ep   33 | AvgR 0.0002 | Global 0.9884 | Local 0.0656 | F1_macro 0.6805 | WorstLoss 1.5379
[Tracker] Ep   34 | AvgR 0.0002 | Global 0.9791 | Local 0.0744 | F1_macro 0.6732 | WorstLoss 1.6916
[Tracker] Ep   35 | AvgR 0.0002 | Global 0.9857 | Local 0.0822 | F1_macro 0.6847 | WorstLoss 1.6113
[Tracker] Saved snapshot: ep0035_phase1_class1
[Tracker] Ep   36 | AvgR 0.0002 | Global 0.9646 | Local 0.1159 | F1_macro 0.6784 | WorstLoss 1.3382
[Tracker] Ep   37 | AvgR 0.0002 | Global 0.9838 | Local 0.0854 | F1_macro 0.6688 | WorstLoss 1.7077
[Tracker] Ep   38 | AvgR 0.0002 | Global 0.9701 | Local 0.0991 | F1_macro 0.6713 | WorstLoss 1.5785
[Tracker] Ep   39 | AvgR 0.0002 | Global 0.9443 | Local 0.0988 | F1_macro 0.6587 | WorstLoss 1.9908
[Tracker] Ep   40 | AvgR 0.0002 | Global 0.9855 | Local 0.0721 | F1_macro 0.6883 | WorstLoss 1.5974
[Tracker] Saved snapshot: ep0040_phase1_class1
[Tracker] Ep   41 | AvgR 0.0002 | Global 0.9713 | Local 0.0986 | F1_macro 0.6794 | WorstLoss 1.7689
[Tracker] Ep   42 | AvgR 0.0002 | Global 0.9756 | Local 0.1036 | F1_macro 0.6697 | WorstLoss 1.7897
[Tracker] Ep   43 | AvgR 0.0002 | Global 0.9862 | Local 0.0825 | F1_macro 0.6893 | WorstLoss 1.5629
[Tracker] Ep   44 | AvgR 0.0002 | Global 0.9844 | Local 0.0852 | F1_macro 0.6880 | WorstLoss 1.7016
[Tracker] Ep   45 | AvgR 0.0002 | Global 0.9559 | Local 0.0976 | F1_macro 0.6739 | WorstLoss 1.4450
[Tracker] Saved snapshot: ep0045_phase1_class1
[Tracker] Ep   46 | AvgR 0.0002 | Global 0.9828 | Local 0.0875 | F1_macro 0.6868 | WorstLoss 1.3721
[Tracker] Ep   47 | AvgR 0.0002 | Global 0.9556 | Local 0.1091 | F1_macro 0.6682 | WorstLoss 1.8934
[Tracker] Ep   48 | AvgR 0.0002 | Global 0.9727 | Local 0.0736 | F1_macro 0.6835 | WorstLoss 1.9105
[Tracker] Ep   49 | AvgR 0.0002 | Global 0.9804 | Local 0.0969 | F1_macro 0.7046 | WorstLoss 1.4846
[Tracker] Ep   50 | AvgR 0.0002 | Global 0.9918 | Local 0.0596 | F1_macro 0.6996 | WorstLoss 1.2596
[Tracker] Saved snapshot: ep0050_phase1_class1
[Tracker] New BEST synthetic [phase1_class1] (by global.global_obj: 0.991803) saved.
[Tracker] BEST β weights [phase1_class1] saved -> training_runs/SPECv17c_bias010_ds030_rl_census_3seeds_EP800_PCA10_REWfairness_minID1_majID0_TRJ2000_REAL3000_BIAS0.1_GG202603181628_95f1d3ce/seed_0/best_beta_state_dict_phase1_class1.pt
[Tracker] Ep   51 | AvgR 0.0002 | Global 0.9613 | Local 0.0974 | F1_macro 0.6614 | WorstLoss 1.8368
[Tracker] Ep   52 | AvgR 0.0002 | Global 0.9824 | Local 0.0751 | F1_macro 0.6798 | WorstLoss 1.9072
[Tracker] Ep   53 | AvgR 0.0002 | Global 0.9832 | Local 0.0755 | F1_macro 0.6863 | WorstLoss 1.4692
[Tracker] Ep   54 | AvgR 0.0002 | Global 0.9876 | Local 0.0963 | F1_macro 0.6859 | WorstLoss 1.4642
[Tracker] Ep   55 | AvgR 0.0002 | Global 0.9718 | Local 0.1038 | F1_macro 0.6559 | WorstLoss 1.5047
[Tracker] Saved snapshot: ep0055_phase1_class1
[Tracker] Ep   56 | AvgR 0.0002 | Global 0.9681 | Local 0.1346 | F1_macro 0.6780 | WorstLoss 1.3952
[Tracker] Ep   57 | AvgR 0.0002 | Global 0.9564 | Local 0.0964 | F1_macro 0.6636 | WorstLoss 1.7174
[Tracker] Ep   58 | AvgR 0.0002 | Global 0.9615 | Local 0.0873 | F1_macro 0.6688 | WorstLoss 1.5908
[Tracker] Ep   59 | AvgR 0.0002 | Global 0.9624 | Local 0.1147 | F1_macro 0.6725 | WorstLoss 1.8341
[Tracker] Ep   60 | AvgR 0.0002 | Global 0.9810 | Local 0.0616 | F1_macro 0.6633 | WorstLoss 1.6757
[Tracker] Saved snapshot: ep0060_phase1_class1
[Tracker] Ep   61 | AvgR 0.0002 | Global 0.9740 | Local 0.0740 | F1_macro 0.6903 | WorstLoss 1.7890
[Tracker] Ep   62 | AvgR 0.0002 | Global 0.9840 | Local 0.0890 | F1_macro 0.6907 | WorstLoss 1.5021
[Tracker] Ep   63 | AvgR 0.0002 | Global 0.9860 | Local 0.0834 | F1_macro 0.6832 | WorstLoss 1.7276
[Tracker] Ep   64 | AvgR 0.0002 | Global 0.9745 | Local 0.1146 | F1_macro 0.6726 | WorstLoss 1.7280
[Tracker] Ep   65 | AvgR 0.0002 | Global 0.9712 | Local 0.1132 | F1_macro 0.6683 | WorstLoss 1.6076
[Tracker] Saved snapshot: ep0065_phase1_class1
[Tracker] Ep   66 | AvgR 0.0002 | Global 0.9761 | Local 0.0827 | F1_macro 0.6708 | WorstLoss 1.6650
[Tracker] Ep   67 | AvgR 0.0002 | Global 0.9844 | Local 0.1026 | F1_macro 0.6741 | WorstLoss 1.6161
[Tracker] Ep   68 | AvgR 0.0002 | Global 0.9647 | Local 0.1034 | F1_macro 0.6591 | WorstLoss 1.4719
[Tracker] Ep   69 | AvgR 0.0002 | Global 0.9689 | Local 0.1044 | F1_macro 0.6688 | WorstLoss 1.8619
[Tracker] Ep   70 | AvgR 0.0002 | Global 0.9617 | Local 0.1052 | F1_macro 0.6744 | WorstLoss 1.7211
[Tracker] Saved snapshot: ep0070_phase1_class1
[Tracker] Ep   71 | AvgR 0.0002 | Global 0.9747 | Local 0.1076 | F1_macro 0.6909 | WorstLoss 1.6168
[Tracker] Ep   72 | AvgR 0.0002 | Global 0.7365 | Local 0.1051 | F1_macro 0.6508 | WorstLoss 2.2199
[Tracker] Ep   73 | AvgR 0.0002 | Global 0.9775 | Local 0.1109 | F1_macro 0.6756 | WorstLoss 1.6123
[Tracker] Ep   74 | AvgR 0.0002 | Global 0.9906 | Local 0.0840 | F1_macro 0.6736 | WorstLoss 1.5706
[Tracker] Ep   75 | AvgR 0.0002 | Global 0.9694 | Local 0.0947 | F1_macro 0.6789 | WorstLoss 1.5674
[Tracker] Saved snapshot: ep0075_phase1_class1
[Tracker] Ep   76 | AvgR 0.0002 | Global 0.9739 | Local 0.0990 | F1_macro 0.6539 | WorstLoss 1.6404
[Tracker] Ep   77 | AvgR 0.0002 | Global 0.9766 | Local 0.0835 | F1_macro 0.6679 | WorstLoss 1.5736
[Tracker] Ep   78 | AvgR 0.0002 | Global 0.9758 | Local 0.0913 | F1_macro 0.6763 | WorstLoss 1.4868
[Tracker] Ep   79 | AvgR 0.0002 | Global 0.9888 | Local 0.1131 | F1_macro 0.6876 | WorstLoss 1.6146
[Tracker] Ep   80 | AvgR 0.0002 | Global 0.9842 | Local 0.0835 | F1_macro 0.6818 | WorstLoss 1.4831
[Tracker] Saved snapshot: ep0080_phase1_class1
[Tracker] Ep   81 | AvgR 0.0002 | Global 0.9735 | Local 0.1127 | F1_macro 0.6790 | WorstLoss 1.4352
[Tracker] Ep   82 | AvgR 0.0002 | Global 0.9811 | Local 0.0841 | F1_macro 0.6780 | WorstLoss 1.6398
[Tracker] Ep   83 | AvgR 0.0002 | Global 0.9871 | Local 0.0908 | F1_macro 0.6751 | WorstLoss 1.6796
[Tracker] Ep   84 | AvgR 0.0002 | Global 0.9759 | Local 0.0967 | F1_macro 0.6698 | WorstLoss 1.6393
[Tracker] Ep   85 | AvgR 0.0002 | Global 0.9713 | Local 0.1189 | F1_macro 0.6629 | WorstLoss 1.5553
[Tracker] Saved snapshot: ep0085_phase1_class1
[Tracker] Ep   86 | AvgR 0.0002 | Global 0.9925 | Local 0.0691 | F1_macro 0.6949 | WorstLoss 1.4623
[Tracker] New BEST synthetic [phase1_class1] (by global.global_obj: 0.992509) saved.
[Tracker] BEST β weights [phase1_class1] saved -> training_runs/SPECv17c_bias010_ds030_rl_census_3seeds_EP800_PCA10_REWfairness_minID1_majID0_TRJ2000_REAL3000_BIAS0.1_GG202603181628_95f1d3ce/seed_0/best_beta_state_dict_phase1_class1.pt
[Tracker] Ep   87 | AvgR 0.0002 | Global 0.9800 | Local 0.1041 | F1_macro 0.6810 | WorstLoss 1.5085
[Tracker] Ep   88 | AvgR 0.0002 | Global 0.9822 | Local 0.0873 | F1_macro 0.6799 | WorstLoss 1.3495
[Tracker] Ep   89 | AvgR 0.0002 | Global 0.9700 | Local 0.1188 | F1_macro 0.6737 | WorstLoss 1.6819
[Tracker] Ep   90 | AvgR 0.0002 | Global 0.9798 | Local 0.1274 | F1_macro 0.6782 | WorstLoss 1.6342
[Tracker] Saved snapshot: ep0090_phase1_class1
[Tracker] Ep   91 | AvgR 0.0002 | Global 0.9668 | Local 0.1142 | F1_macro 0.6599 | WorstLoss 1.5691
[Tracker] Ep   92 | AvgR 0.0002 | Global 0.9780 | Local 0.1078 | F1_macro 0.6793 | WorstLoss 1.6165
[Tracker] Ep   93 | AvgR 0.0002 | Global 0.9889 | Local 0.1032 | F1_macro 0.6718 | WorstLoss 1.2685
[Tracker] Ep   94 | AvgR 0.0002 | Global 0.9883 | Local 0.1262 | F1_macro 0.6760 | WorstLoss 1.5322
[Tracker] Ep   95 | AvgR 0.0002 | Global 0.9850 | Local 0.0748 | F1_macro 0.6958 | WorstLoss 1.5540
[Tracker] Saved snapshot: ep0095_phase1_class1
[Tracker] Ep   96 | AvgR 0.0002 | Global 0.9694 | Local 0.1016 | F1_macro 0.6719 | WorstLoss 1.4247
[Tracker] Ep   97 | AvgR 0.0002 | Global 0.9780 | Local 0.1549 | F1_macro 0.6801 | WorstLoss 1.4858
[Tracker] Ep   98 | AvgR 0.0002 | Global 0.9507 | Local 0.1238 | F1_macro 0.6621 | WorstLoss 1.9441
[Tracker] Ep   99 | AvgR 0.0002 | Global 0.9729 | Local 0.1054 | F1_macro 0.6654 | WorstLoss 1.9136
[Tracker] Ep  100 | AvgR 0.0002 | Global 0.9683 | Local 0.1064 | F1_macro 0.6663 | WorstLoss 1.5065
[Tracker] Saved snapshot: ep0100_phase1_class1
[Tracker] Ep  101 | AvgR 0.0002 | Global 0.9685 | Local 0.1196 | F1_macro 0.6736 | WorstLoss 1.4580
[Tracker] Ep  102 | AvgR 0.0002 | Global 0.9795 | Local 0.0935 | F1_macro 0.6730 | WorstLoss 1.4664
[Tracker] Ep  103 | AvgR 0.0002 | Global 0.9642 | Local 0.0988 | F1_macro 0.6650 | WorstLoss 1.8169
[Tracker] Ep  104 | AvgR 0.0002 | Global 0.9741 | Local 0.1319 | F1_macro 0.6784 | WorstLoss 1.7057
[Tracker] Ep  105 | AvgR 0.0002 | Global 0.9759 | Local 0.1090 | F1_macro 0.6675 | WorstLoss 1.7951
[Tracker] Saved snapshot: ep0105_phase1_class1
[Tracker] Ep  106 | AvgR 0.0002 | Global 0.9785 | Local 0.1108 | F1_macro 0.6615 | WorstLoss 1.5922
[Tracker] Ep  107 | AvgR 0.0002 | Global 0.9833 | Local 0.1113 | F1_macro 0.6779 | WorstLoss 1.4251
[Tracker] Ep  108 | AvgR 0.0002 | Global 0.9945 | Local 0.1256 | F1_macro 0.6821 | WorstLoss 1.5951
[Tracker] New BEST synthetic [phase1_class1] (by global.global_obj: 0.994524) saved.
[Tracker] BEST β weights [phase1_class1] saved -> training_runs/SPECv17c_bias010_ds030_rl_census_3seeds_EP800_PCA10_REWfairness_minID1_majID0_TRJ2000_REAL3000_BIAS0.1_GG202603181628_95f1d3ce/seed_0/best_beta_state_dict_phase1_class1.pt
[Tracker] Ep  109 | AvgR 0.0002 | Global 0.9822 | Local 0.1020 | F1_macro 0.6760 | WorstLoss 1.3508
[Tracker] Ep  110 | AvgR 0.0002 | Global 0.9737 | Local 0.0906 | F1_macro 0.6634 | WorstLoss 1.3369
[Tracker] Saved snapshot: ep0110_phase1_class1
[Tracker] Ep  111 | AvgR 0.0002 | Global 0.9714 | Local 0.1294 | F1_macro 0.6594 | WorstLoss 1.6561
[Tracker] Ep  112 | AvgR 0.0002 | Global 0.9479 | Local 0.1345 | F1_macro 0.6662 | WorstLoss 1.9371
[Tracker] Ep  113 | AvgR 0.0002 | Global 0.9717 | Local 0.1227 | F1_macro 0.6810 | WorstLoss 1.8300
[Tracker] Ep  114 | AvgR 0.0002 | Global 0.9676 | Local 0.1355 | F1_macro 0.6768 | WorstLoss 1.3615
[Tracker] Ep  115 | AvgR 0.0002 | Global 0.9857 | Local 0.0812 | F1_macro 0.6781 | WorstLoss 1.6212
[Tracker] Saved snapshot: ep0115_phase1_class1
[Tracker] Ep  116 | AvgR 0.0002 | Global 0.9735 | Local 0.1578 | F1_macro 0.6620 | WorstLoss 1.6435
[Tracker] Ep  117 | AvgR 0.0002 | Global 0.9741 | Local 0.1484 | F1_macro 0.6646 | WorstLoss 1.5931
[Tracker] Ep  118 | AvgR 0.0002 | Global 0.9762 | Local 0.1358 | F1_macro 0.6724 | WorstLoss 1.5724
[Tracker] Ep  119 | AvgR 0.0002 | Global 0.9840 | Local 0.1574 | F1_macro 0.6726 | WorstLoss 1.5359
[Tracker] Ep  120 | AvgR 0.0002 | Global 0.9912 | Local 0.0969 | F1_macro 0.6793 | WorstLoss 1.5469
[Tracker] Saved snapshot: ep0120_phase1_class1
[Tracker] Ep  121 | AvgR 0.0002 | Global 0.9854 | Local 0.1195 | F1_macro 0.6840 | WorstLoss 1.4080
[Tracker] Ep  122 | AvgR 0.0002 | Global 0.9597 | Local 0.1299 | F1_macro 0.6713 | WorstLoss 1.7500
[Tracker] Ep  123 | AvgR 0.0002 | Global 0.9743 | Local 0.1442 | F1_macro 0.6648 | WorstLoss 1.6449
[Tracker] Ep  124 | AvgR 0.0002 | Global 0.9726 | Local 0.1166 | F1_macro 0.6646 | WorstLoss 1.4795
[Tracker] Ep  125 | AvgR 0.0002 | Global 0.9808 | Local 0.0967 | F1_macro 0.6738 | WorstLoss 1.5996
[Tracker] Saved snapshot: ep0125_phase1_class1
[Tracker] Ep  126 | AvgR 0.0002 | Global 0.9733 | Local 0.1259 | F1_macro 0.6662 | WorstLoss 1.2524
[Tracker] Ep  127 | AvgR 0.0002 | Global 0.9572 | Local 0.1329 | F1_macro 0.6648 | WorstLoss 1.7519
[Tracker] Ep  128 | AvgR 0.0002 | Global 0.9595 | Local 0.1236 | F1_macro 0.6581 | WorstLoss 1.6566
[Tracker] Ep  129 | AvgR 0.0002 | Global 0.9847 | Local 0.1306 | F1_macro 0.6944 | WorstLoss 1.4479
[Tracker] Ep  130 | AvgR 0.0002 | Global 0.9810 | Local 0.1100 | F1_macro 0.6757 | WorstLoss 1.4561
[Tracker] Saved snapshot: ep0130_phase1_class1
[Tracker] Ep  131 | AvgR 0.0002 | Global 0.9737 | Local 0.1330 | F1_macro 0.6780 | WorstLoss 1.4696
[Tracker] Ep  132 | AvgR 0.0002 | Global 0.9596 | Local 0.1632 | F1_macro 0.6581 | WorstLoss 1.6015
[Tracker] Ep  133 | AvgR 0.0002 | Global 0.9706 | Local 0.1426 | F1_macro 0.6614 | WorstLoss 1.4693
[Tracker] Ep  134 | AvgR 0.0002 | Global 0.9691 | Local 0.1253 | F1_macro 0.6654 | WorstLoss 1.3819
[Tracker] Ep  135 | AvgR 0.0002 | Global 0.9739 | Local 0.1323 | F1_macro 0.6689 | WorstLoss 1.5427
[Tracker] Saved snapshot: ep0135_phase1_class1
[Tracker] Ep  136 | AvgR 0.0002 | Global 0.9729 | Local 0.1421 | F1_macro 0.6752 | WorstLoss 1.5177
[Tracker] Ep  137 | AvgR 0.0002 | Global 0.9675 | Local 0.1424 | F1_macro 0.6635 | WorstLoss 1.4463
[Tracker] Ep  138 | AvgR 0.0002 | Global 0.9604 | Local 0.1563 | F1_macro 0.6839 | WorstLoss 1.4285
[Tracker] Ep  139 | AvgR 0.0002 | Global 0.9658 | Local 0.1220 | F1_macro 0.6557 | WorstLoss 1.5097
[Tracker] Ep  140 | AvgR 0.0002 | Global 0.9669 | Local 0.1457 | F1_macro 0.6724 | WorstLoss 1.2008
[Tracker] Saved snapshot: ep0140_phase1_class1
[Tracker] Ep  141 | AvgR 0.0002 | Global 0.9698 | Local 0.1364 | F1_macro 0.6637 | WorstLoss 1.4694
[Tracker] Ep  142 | AvgR 0.0002 | Global 0.9684 | Local 0.1502 | F1_macro 0.6654 | WorstLoss 1.5246
[Tracker] Ep  143 | AvgR 0.0002 | Global 0.9656 | Local 0.1303 | F1_macro 0.6773 | WorstLoss 1.5256
[Tracker] Ep  144 | AvgR 0.0002 | Global 0.9688 | Local 0.1064 | F1_macro 0.6545 | WorstLoss 1.6251
[Tracker] Ep  145 | AvgR 0.0002 | Global 0.9564 | Local 0.1083 | F1_macro 0.6664 | WorstLoss 1.8535
[Tracker] Saved snapshot: ep0145_phase1_class1
[Tracker] Ep  146 | AvgR 0.0002 | Global 0.9654 | Local 0.1415 | F1_macro 0.6646 | WorstLoss 1.4836
[Tracker] Ep  147 | AvgR 0.0002 | Global 0.9855 | Local 0.1377 | F1_macro 0.6757 | WorstLoss 1.4969
[Tracker] Ep  148 | AvgR 0.0002 | Global 0.9549 | Local 0.1377 | F1_macro 0.6626 | WorstLoss 1.8726
[Tracker] Ep  149 | AvgR 0.0002 | Global 0.9779 | Local 0.1327 | F1_macro 0.6721 | WorstLoss 1.6659
[Tracker] Ep  150 | AvgR 0.0002 | Global 0.9638 | Local 0.1372 | F1_macro 0.6659 | WorstLoss 1.5231
[Tracker] Saved snapshot: ep0150_phase1_class1
[Tracker] Ep  151 | AvgR 0.0002 | Global 0.9615 | Local 0.1376 | F1_macro 0.6723 | WorstLoss 1.4450
[Tracker] Ep  152 | AvgR 0.0002 | Global 0.9614 | Local 0.1568 | F1_macro 0.6678 | WorstLoss 1.3922
[Tracker] Ep  153 | AvgR 0.0002 | Global 0.9527 | Local 0.1406 | F1_macro 0.6570 | WorstLoss 1.7281
[Tracker] Ep  154 | AvgR 0.0002 | Global 0.9606 | Local 0.1661 | F1_macro 0.6621 | WorstLoss 1.4499
[Tracker] Ep  155 | AvgR 0.0002 | Global 0.9777 | Local 0.1591 | F1_macro 0.6635 | WorstLoss 1.4287
[Tracker] Saved snapshot: ep0155_phase1_class1
[Tracker] Ep  156 | AvgR 0.0002 | Global 0.9473 | Local 0.1468 | F1_macro 0.6419 | WorstLoss 1.8125
[Tracker] Ep  157 | AvgR 0.0002 | Global 0.9613 | Local 0.1314 | F1_macro 0.6561 | WorstLoss 1.6239
[Tracker] Ep  158 | AvgR 0.0002 | Global 0.9540 | Local 0.1647 | F1_macro 0.6523 | WorstLoss 1.6672
[Tracker] Ep  159 | AvgR 0.0002 | Global 0.9673 | Local 0.1458 | F1_macro 0.6636 | WorstLoss 1.2314
[Tracker] Ep  160 | AvgR 0.0002 | Global 0.9755 | Local 0.1144 | F1_macro 0.6719 | WorstLoss 1.6106
[Tracker] Saved snapshot: ep0160_phase1_class1
[Tracker] Ep  161 | AvgR 0.0002 | Global 0.9714 | Local 0.1499 | F1_macro 0.6645 | WorstLoss 1.4768
[Tracker] Ep  162 | AvgR 0.0002 | Global 0.9630 | Local 0.1527 | F1_macro 0.6510 | WorstLoss 1.4941
[Tracker] Ep  163 | AvgR 0.0002 | Global 0.9540 | Local 0.1256 | F1_macro 0.6558 | WorstLoss 1.5026
[Tracker] Ep  164 | AvgR 0.0002 | Global 0.9647 | Local 0.1639 | F1_macro 0.6592 | WorstLoss 1.5683
[Tracker] Ep  165 | AvgR 0.0002 | Global 0.9711 | Local 0.1453 | F1_macro 0.6722 | WorstLoss 1.4104
[Tracker] Saved snapshot: ep0165_phase1_class1
[Tracker] Ep  166 | AvgR 0.0002 | Global 0.9506 | Local 0.1043 | F1_macro 0.6430 | WorstLoss 1.2284
[Tracker] Ep  167 | AvgR 0.0002 | Global 0.9546 | Local 0.1391 | F1_macro 0.6513 | WorstLoss 1.4093
[Tracker] Ep  168 | AvgR 0.0002 | Global 0.9314 | Local 0.1357 | F1_macro 0.6413 | WorstLoss 1.7458
[Tracker] Ep  169 | AvgR 0.0002 | Global 0.9481 | Local 0.1340 | F1_macro 0.6578 | WorstLoss 1.9029
[Tracker] Ep  170 | AvgR 0.0002 | Global 0.9468 | Local 0.1381 | F1_macro 0.6465 | WorstLoss 1.4853
[Tracker] Saved snapshot: ep0170_phase1_class1
[Tracker] Ep  171 | AvgR 0.0002 | Global 0.9557 | Local 0.1320 | F1_macro 0.6503 | WorstLoss 1.6335
[Tracker] Ep  172 | AvgR 0.0002 | Global 0.9457 | Local 0.1421 | F1_macro 0.6495 | WorstLoss 1.4470
[Tracker] Ep  173 | AvgR 0.0002 | Global 0.9631 | Local 0.1512 | F1_macro 0.6743 | WorstLoss 1.7259
[Tracker] Ep  174 | AvgR 0.0002 | Global 0.9487 | Local 0.1505 | F1_macro 0.6505 | WorstLoss 1.8805
[Tracker] Ep  175 | AvgR 0.0002 | Global 0.9450 | Local 0.1393 | F1_macro 0.6528 | WorstLoss 1.8399
[Tracker] Saved snapshot: ep0175_phase1_class1
[Tracker] Ep  176 | AvgR 0.0002 | Global 0.9501 | Local 0.1424 | F1_macro 0.6571 | WorstLoss 1.6227
[Tracker] Ep  177 | AvgR 0.0002 | Global 0.9337 | Local 0.1468 | F1_macro 0.6437 | WorstLoss 1.8000
[Tracker] Ep  178 | AvgR 0.0002 | Global 0.9635 | Local 0.1475 | F1_macro 0.6571 | WorstLoss 1.6477
[Tracker] Ep  179 | AvgR 0.0002 | Global 0.9663 | Local 0.1024 | F1_macro 0.6732 | WorstLoss 1.5151
[Tracker] Ep  180 | AvgR 0.0002 | Global 0.9559 | Local 0.1328 | F1_macro 0.6685 | WorstLoss 1.7379
[Tracker] Saved snapshot: ep0180_phase1_class1
[Tracker] Ep  181 | AvgR 0.0002 | Global 0.9241 | Local 0.1539 | F1_macro 0.6482 | WorstLoss 1.9799
[Tracker] Ep  182 | AvgR 0.0002 | Global 0.9427 | Local 0.1732 | F1_macro 0.6466 | WorstLoss 1.6514
[Tracker] Ep  183 | AvgR 0.0002 | Global 0.9653 | Local 0.1665 | F1_macro 0.6580 | WorstLoss 1.3490
[Tracker] Ep  184 | AvgR 0.0002 | Global 0.9710 | Local 0.1400 | F1_macro 0.6657 | WorstLoss 1.5736
[Tracker] Ep  185 | AvgR 0.0002 | Global 0.9478 | Local 0.1604 | F1_macro 0.6579 | WorstLoss 1.7690
[Tracker] Saved snapshot: ep0185_phase1_class1
[Tracker] Ep  186 | AvgR 0.0002 | Global 0.9389 | Local 0.1802 | F1_macro 0.6544 | WorstLoss 1.3510
[Tracker] Ep  187 | AvgR 0.0002 | Global 0.9702 | Local 0.1183 | F1_macro 0.6774 | WorstLoss 1.3998
[Tracker] Ep  188 | AvgR 0.0002 | Global 0.9581 | Local 0.1816 | F1_macro 0.6648 | WorstLoss 1.3508
[Tracker] Ep  189 | AvgR 0.0002 | Global 0.9631 | Local 0.1477 | F1_macro 0.6670 | WorstLoss 1.7268
[Tracker] Ep  190 | AvgR 0.0002 | Global 0.9515 | Local 0.1590 | F1_macro 0.6541 | WorstLoss 1.4561
[Tracker] Saved snapshot: ep0190_phase1_class1
[Tracker] Ep  191 | AvgR 0.0002 | Global 0.9407 | Local 0.1435 | F1_macro 0.6507 | WorstLoss 1.7313
[Tracker] Ep  192 | AvgR 0.0002 | Global 0.9618 | Local 0.1499 | F1_macro 0.6652 | WorstLoss 1.5885
[Tracker] Ep  193 | AvgR 0.0002 | Global 0.9332 | Local 0.1650 | F1_macro 0.6475 | WorstLoss 1.7515
[Tracker] Ep  194 | AvgR 0.0002 | Global 0.9501 | Local 0.1547 | F1_macro 0.6444 | WorstLoss 1.7386
[Tracker] Ep  195 | AvgR 0.0002 | Global 0.9431 | Local 0.1219 | F1_macro 0.6531 | WorstLoss 1.6526
[Tracker] Saved snapshot: ep0195_phase1_class1
[Tracker] Ep  196 | AvgR 0.0002 | Global 0.9551 | Local 0.1365 | F1_macro 0.6743 | WorstLoss 1.5238
[Tracker] Ep  197 | AvgR 0.0002 | Global 0.9531 | Local 0.1381 | F1_macro 0.6495 | WorstLoss 1.6440
[Tracker] Ep  198 | AvgR 0.0002 | Global 0.9588 | Local 0.1843 | F1_macro 0.6578 | WorstLoss 1.7351
[Tracker] Ep  199 | AvgR 0.0002 | Global 0.9466 | Local 0.1745 | F1_macro 0.6410 | WorstLoss 1.5834
[Tracker] Ep  200 | AvgR 0.0002 | Global 0.9360 | Local 0.1556 | F1_macro 0.6425 | WorstLoss 1.6627
[Tracker] Saved snapshot: ep0200_phase1_class1
[Tracker] Ep  201 | AvgR 0.0002 | Global 0.9672 | Local 0.1039 | F1_macro 0.6663 | WorstLoss 1.6336
[Tracker] Ep  202 | AvgR 0.0002 | Global 0.9495 | Local 0.1400 | F1_macro 0.6465 | WorstLoss 1.7187
[Tracker] Ep  203 | AvgR 0.0002 | Global 0.9469 | Local 0.1302 | F1_macro 0.6415 | WorstLoss 1.7860
[Tracker] Ep  204 | AvgR 0.0002 | Global 0.9556 | Local 0.1373 | F1_macro 0.6544 | WorstLoss 1.5333
[Tracker] Ep  205 | AvgR 0.0002 | Global 0.9502 | Local 0.1278 | F1_macro 0.6498 | WorstLoss 1.8253
[Tracker] Saved snapshot: ep0205_phase1_class1
[Tracker] Ep  206 | AvgR 0.0002 | Global 0.9255 | Local 0.1855 | F1_macro 0.6372 | WorstLoss 1.5576
[Tracker] Ep  207 | AvgR 0.0002 | Global 0.9609 | Local 0.1248 | F1_macro 0.6619 | WorstLoss 1.5928
[Tracker] Ep  208 | AvgR 0.0002 | Global 0.9354 | Local 0.1523 | F1_macro 0.6382 | WorstLoss 1.8532
[Tracker] Ep  209 | AvgR 0.0002 | Global 0.9401 | Local 0.1286 | F1_macro 0.6514 | WorstLoss 1.7929
[Tracker] Ep  210 | AvgR 0.0002 | Global 0.9319 | Local 0.1763 | F1_macro 0.6459 | WorstLoss 1.7857
[Tracker] Saved snapshot: ep0210_phase1_class1
[Tracker] Ep  211 | AvgR 0.0002 | Global 0.9466 | Local 0.1712 | F1_macro 0.6420 | WorstLoss 1.5565
[Tracker] Ep  212 | AvgR 0.0002 | Global 0.9515 | Local 0.1596 | F1_macro 0.6493 | WorstLoss 1.6519
[Tracker] Ep  213 | AvgR 0.0002 | Global 0.9560 | Local 0.1669 | F1_macro 0.6629 | WorstLoss 1.6070
[Tracker] Ep  214 | AvgR 0.0002 | Global 0.9504 | Local 0.1420 | F1_macro 0.6421 | WorstLoss 1.5814
[Tracker] Ep  215 | AvgR 0.0002 | Global 0.9478 | Local 0.1204 | F1_macro 0.6615 | WorstLoss 1.4566
[Tracker] Saved snapshot: ep0215_phase1_class1
[Tracker] Ep  216 | AvgR 0.0002 | Global 0.9486 | Local 0.1584 | F1_macro 0.6562 | WorstLoss 1.7889
[Tracker] Ep  217 | AvgR 0.0002 | Global 0.9099 | Local 0.1566 | F1_macro 0.6551 | WorstLoss 1.9331
[Tracker] Ep  218 | AvgR 0.0002 | Global 0.9468 | Local 0.1431 | F1_macro 0.6528 | WorstLoss 1.7942
[Tracker] Ep  219 | AvgR 0.0002 | Global 0.9622 | Local 0.1207 | F1_macro 0.6612 | WorstLoss 1.4430
[Tracker] Ep  220 | AvgR 0.0002 | Global 0.9539 | Local 0.1666 | F1_macro 0.6588 | WorstLoss 1.3222
[Tracker] Saved snapshot: ep0220_phase1_class1
[Tracker] Ep  221 | AvgR 0.0002 | Global 0.9470 | Local 0.1302 | F1_macro 0.6510 | WorstLoss 1.6362
[Tracker] Ep  222 | AvgR 0.0002 | Global 0.9270 | Local 0.1689 | F1_macro 0.6493 | WorstLoss 1.5520
[Tracker] Ep  223 | AvgR 0.0002 | Global 0.9319 | Local 0.1382 | F1_macro 0.6455 | WorstLoss 1.8043
[Tracker] Ep  224 | AvgR 0.0002 | Global 0.9373 | Local 0.1312 | F1_macro 0.6450 | WorstLoss 1.8041
[Tracker] Ep  225 | AvgR 0.0002 | Global 0.9530 | Local 0.1176 | F1_macro 0.6443 | WorstLoss 1.7596
[Tracker] Saved snapshot: ep0225_phase1_class1
[Tracker] Ep  226 | AvgR 0.0002 | Global 0.9411 | Local 0.1402 | F1_macro 0.6408 | WorstLoss 1.4375
[Tracker] Ep  227 | AvgR 0.0002 | Global 0.9251 | Local 0.1614 | F1_macro 0.6308 | WorstLoss 1.6483
[Tracker] Ep  228 | AvgR 0.0002 | Global 0.9269 | Local 0.2074 | F1_macro 0.6410 | WorstLoss 1.8965
[Tracker] Ep  229 | AvgR 0.0002 | Global 0.9482 | Local 0.1292 | F1_macro 0.6598 | WorstLoss 1.6995
[Tracker] Ep  230 | AvgR 0.0002 | Global 0.9488 | Local 0.1562 | F1_macro 0.6459 | WorstLoss 1.3885
[Tracker] Saved snapshot: ep0230_phase1_class1
[Tracker] Ep  231 | AvgR 0.0002 | Global 0.9392 | Local 0.1777 | F1_macro 0.6430 | WorstLoss 1.5262
[Tracker] Ep  232 | AvgR 0.0002 | Global 0.9448 | Local 0.1527 | F1_macro 0.6442 | WorstLoss 1.5728
[Tracker] Ep  233 | AvgR 0.0002 | Global 0.9295 | Local 0.1844 | F1_macro 0.6361 | WorstLoss 1.7173
[Tracker] Ep  234 | AvgR 0.0002 | Global 0.9258 | Local 0.1835 | F1_macro 0.6268 | WorstLoss 1.8348
[Tracker] Ep  235 | AvgR 0.0002 | Global 0.9179 | Local 0.1454 | F1_macro 0.6282 | WorstLoss 1.6205
[Tracker] Saved snapshot: ep0235_phase1_class1
[Tracker] Ep  236 | AvgR 0.0002 | Global 0.9468 | Local 0.1726 | F1_macro 0.6539 | WorstLoss 1.5047
[Tracker] Ep  237 | AvgR 0.0002 | Global 0.9426 | Local 0.1761 | F1_macro 0.6416 | WorstLoss 1.6008
[Tracker] Ep  238 | AvgR 0.0002 | Global 0.9369 | Local 0.1438 | F1_macro 0.6352 | WorstLoss 1.5087
[Tracker] Ep  239 | AvgR 0.0002 | Global 0.9395 | Local 0.1625 | F1_macro 0.6444 | WorstLoss 1.7726
[Tracker] Ep  240 | AvgR 0.0002 | Global 0.9232 | Local 0.1849 | F1_macro 0.6469 | WorstLoss 1.8655
[Tracker] Saved snapshot: ep0240_phase1_class1
[Tracker] Ep  241 | AvgR 0.0002 | Global 0.9486 | Local 0.1359 | F1_macro 0.6604 | WorstLoss 1.5072
[Tracker] Ep  242 | AvgR 0.0002 | Global 0.9365 | Local 0.1597 | F1_macro 0.6455 | WorstLoss 1.4175
[Tracker] Ep  243 | AvgR 0.0002 | Global 0.9513 | Local 0.1369 | F1_macro 0.6468 | WorstLoss 1.4409
[Tracker] Ep  244 | AvgR 0.0002 | Global 0.9545 | Local 0.1175 | F1_macro 0.6555 | WorstLoss 1.4791
[Tracker] Ep  245 | AvgR 0.0002 | Global 0.9379 | Local 0.1863 | F1_macro 0.6467 | WorstLoss 1.5404
[Tracker] Saved snapshot: ep0245_phase1_class1
[Tracker] Ep  246 | AvgR 0.0002 | Global 0.9174 | Local 0.1646 | F1_macro 0.6253 | WorstLoss 1.6458
[Tracker] Ep  247 | AvgR 0.0002 | Global 0.9211 | Local 0.1646 | F1_macro 0.6230 | WorstLoss 1.7489
[Tracker] Ep  248 | AvgR 0.0002 | Global 0.9251 | Local 0.1658 | F1_macro 0.6556 | WorstLoss 1.4082
[Tracker] Ep  249 | AvgR 0.0002 | Global 0.9297 | Local 0.1781 | F1_macro 0.6407 | WorstLoss 1.2811
[Tracker] Ep  250 | AvgR 0.0002 | Global 0.9250 | Local 0.1832 | F1_macro 0.6447 | WorstLoss 1.6125
[Tracker] Saved snapshot: ep0250_phase1_class1
[Tracker] Ep  251 | AvgR 0.0002 | Global 0.9414 | Local 0.1567 | F1_macro 0.6525 | WorstLoss 1.7278
[Tracker] Ep  252 | AvgR 0.0002 | Global 0.9385 | Local 0.1564 | F1_macro 0.6600 | WorstLoss 1.2831
[Tracker] Ep  253 | AvgR 0.0002 | Global 0.9286 | Local 0.1441 | F1_macro 0.6398 | WorstLoss 1.6052
[Tracker] Ep  254 | AvgR 0.0002 | Global 0.9333 | Local 0.1627 | F1_macro 0.6349 | WorstLoss 1.6056
[Tracker] Ep  255 | AvgR 0.0002 | Global 0.9467 | Local 0.1668 | F1_macro 0.6401 | WorstLoss 1.5644
[Tracker] Saved snapshot: ep0255_phase1_class1
[Tracker] Ep  256 | AvgR 0.0002 | Global 0.9380 | Local 0.1500 | F1_macro 0.6476 | WorstLoss 1.1883
[Tracker] Ep  257 | AvgR 0.0002 | Global 0.9389 | Local 0.1547 | F1_macro 0.6511 | WorstLoss 1.6007
[Tracker] Ep  258 | AvgR 0.0002 | Global 0.9505 | Local 0.1544 | F1_macro 0.6593 | WorstLoss 1.4466
[Tracker] Ep  259 | AvgR 0.0002 | Global 0.9420 | Local 0.1986 | F1_macro 0.6564 | WorstLoss 1.4939
[Tracker] Ep  260 | AvgR 0.0002 | Global 0.9423 | Local 0.1574 | F1_macro 0.6528 | WorstLoss 1.3588
[Tracker] Saved snapshot: ep0260_phase1_class1
[Tracker] Ep  261 | AvgR 0.0002 | Global 0.9108 | Local 0.1775 | F1_macro 0.6339 | WorstLoss 1.8122
[Tracker] Ep  262 | AvgR 0.0002 | Global 0.9269 | Local 0.1798 | F1_macro 0.6367 | WorstLoss 1.5959
[Tracker] Ep  263 | AvgR 0.0002 | Global 0.9365 | Local 0.1584 | F1_macro 0.6418 | WorstLoss 1.4477
[Tracker] Ep  264 | AvgR 0.0002 | Global 0.9322 | Local 0.1676 | F1_macro 0.6413 | WorstLoss 1.7035
[Tracker] Ep  265 | AvgR 0.0002 | Global 0.9376 | Local 0.1701 | F1_macro 0.6420 | WorstLoss 1.3153
[Tracker] Saved snapshot: ep0265_phase1_class1
[Tracker] Ep  266 | AvgR 0.0002 | Global 0.9359 | Local 0.1432 | F1_macro 0.6511 | WorstLoss 1.4293
[Tracker] Ep  267 | AvgR 0.0002 | Global 0.9309 | Local 0.1828 | F1_macro 0.6419 | WorstLoss 1.5832
[Tracker] Ep  268 | AvgR 0.0002 | Global 0.9252 | Local 0.1832 | F1_macro 0.6377 | WorstLoss 1.6418
[Tracker] Ep  269 | AvgR 0.0002 | Global 0.9233 | Local 0.1976 | F1_macro 0.6350 | WorstLoss 1.5910
[Tracker] Ep  270 | AvgR 0.0002 | Global 0.9257 | Local 0.1804 | F1_macro 0.6476 | WorstLoss 1.3834
[Tracker] Saved snapshot: ep0270_phase1_class1
[Tracker] Ep  271 | AvgR 0.0002 | Global 0.9380 | Local 0.1462 | F1_macro 0.6575 | WorstLoss 1.4545
[Tracker] Ep  272 | AvgR 0.0002 | Global 0.9223 | Local 0.1498 | F1_macro 0.6415 | WorstLoss 1.5133
[Tracker] Ep  273 | AvgR 0.0002 | Global 0.9383 | Local 0.1602 | F1_macro 0.6623 | WorstLoss 1.3322
[Tracker] Ep  274 | AvgR 0.0002 | Global 0.9109 | Local 0.1750 | F1_macro 0.6315 | WorstLoss 1.5225
[Tracker] Ep  275 | AvgR 0.0002 | Global 0.9240 | Local 0.1878 | F1_macro 0.6495 | WorstLoss 1.5050
[Tracker] Saved snapshot: ep0275_phase1_class1
[Tracker] Ep  276 | AvgR 0.0002 | Global 0.9390 | Local 0.1815 | F1_macro 0.6412 | WorstLoss 1.5238
[Tracker] Ep  277 | AvgR 0.0002 | Global 0.9157 | Local 0.1532 | F1_macro 0.6469 | WorstLoss 1.6800
[Tracker] Ep  278 | AvgR 0.0002 | Global 0.9315 | Local 0.1635 | F1_macro 0.6509 | WorstLoss 1.5499
[Tracker] Ep  279 | AvgR 0.0002 | Global 0.9325 | Local 0.1781 | F1_macro 0.6406 | WorstLoss 1.5690
[Tracker] Ep  280 | AvgR 0.0002 | Global 0.9407 | Local 0.1610 | F1_macro 0.6575 | WorstLoss 1.4697
[Tracker] Saved snapshot: ep0280_phase1_class1
[Tracker] Ep  281 | AvgR 0.0002 | Global 0.9303 | Local 0.1799 | F1_macro 0.6469 | WorstLoss 1.3545
[Tracker] Ep  282 | AvgR 0.0002 | Global 0.9491 | Local 0.1533 | F1_macro 0.6678 | WorstLoss 1.5322
[Tracker] Ep  283 | AvgR 0.0002 | Global 0.9198 | Local 0.1717 | F1_macro 0.6440 | WorstLoss 1.6448
[Tracker] Ep  284 | AvgR 0.0002 | Global 0.9501 | Local 0.1559 | F1_macro 0.6700 | WorstLoss 1.3539
[Tracker] Ep  285 | AvgR 0.0002 | Global 0.9322 | Local 0.1677 | F1_macro 0.6522 | WorstLoss 1.7325
[Tracker] Saved snapshot: ep0285_phase1_class1
[Tracker] Ep  286 | AvgR 0.0002 | Global 0.9400 | Local 0.1593 | F1_macro 0.6444 | WorstLoss 1.3070
[Tracker] Ep  287 | AvgR 0.0002 | Global 0.8998 | Local 0.2062 | F1_macro 0.6332 | WorstLoss 1.5267
[Tracker] Ep  288 | AvgR 0.0002 | Global 0.9324 | Local 0.1668 | F1_macro 0.6419 | WorstLoss 1.2981
[Tracker] Ep  289 | AvgR 0.0002 | Global 0.9190 | Local 0.1974 | F1_macro 0.6405 | WorstLoss 1.5074
[Tracker] Ep  290 | AvgR 0.0002 | Global 0.9396 | Local 0.1443 | F1_macro 0.6572 | WorstLoss 1.4796
[Tracker] Saved snapshot: ep0290_phase1_class1
[Tracker] Ep  291 | AvgR 0.0002 | Global 0.9216 | Local 0.1625 | F1_macro 0.6372 | WorstLoss 1.3241
[Tracker] Ep  292 | AvgR 0.0002 | Global 0.9105 | Local 0.1753 | F1_macro 0.6327 | WorstLoss 1.3356
[Tracker] Ep  293 | AvgR 0.0002 | Global 0.9331 | Local 0.1645 | F1_macro 0.6463 | WorstLoss 1.4442
[Tracker] Ep  294 | AvgR 0.0002 | Global 0.9352 | Local 0.1705 | F1_macro 0.6511 | WorstLoss 1.4775
[Tracker] Ep  295 | AvgR 0.0002 | Global 0.9464 | Local 0.1756 | F1_macro 0.6437 | WorstLoss 1.6552
[Tracker] Saved snapshot: ep0295_phase1_class1
[Tracker] Ep  296 | AvgR 0.0002 | Global 0.9195 | Local 0.1792 | F1_macro 0.6559 | WorstLoss 1.3812
[Tracker] Ep  297 | AvgR 0.0002 | Global 0.9156 | Local 0.1666 | F1_macro 0.6507 | WorstLoss 1.7871
[Tracker] Ep  298 | AvgR 0.0002 | Global 0.9387 | Local 0.1661 | F1_macro 0.6476 | WorstLoss 1.5429
[Tracker] Ep  299 | AvgR 0.0002 | Global 0.9331 | Local 0.1586 | F1_macro 0.6531 | WorstLoss 1.4404
[Tracker] Ep  300 | AvgR 0.0002 | Global 0.9209 | Local 0.1445 | F1_macro 0.6421 | WorstLoss 1.4113
[Tracker] Saved snapshot: ep0300_phase1_class1
[Tracker] Ep  301 | AvgR 0.0002 | Global 0.9257 | Local 0.1509 | F1_macro 0.6524 | WorstLoss 1.4213
[Tracker] Ep  302 | AvgR 0.0002 | Global 0.9277 | Local 0.1653 | F1_macro 0.6485 | WorstLoss 1.6174
[Tracker] Ep  303 | AvgR 0.0002 | Global 0.9197 | Local 0.1648 | F1_macro 0.6530 | WorstLoss 1.4285
[Tracker] Ep  304 | AvgR 0.0002 | Global 0.9195 | Local 0.1539 | F1_macro 0.6461 | WorstLoss 1.6413
[Tracker] Ep  305 | AvgR 0.0002 | Global 0.9316 | Local 0.1643 | F1_macro 0.6542 | WorstLoss 1.2881
[Tracker] Saved snapshot: ep0305_phase1_class1
[Tracker] Ep  306 | AvgR 0.0002 | Global 0.9468 | Local 0.1816 | F1_macro 0.6408 | WorstLoss 1.4442
[Tracker] Ep  307 | AvgR 0.0002 | Global 0.9305 | Local 0.1539 | F1_macro 0.6576 | WorstLoss 1.3859
[Tracker] Ep  308 | AvgR 0.0002 | Global 0.9343 | Local 0.1604 | F1_macro 0.6437 | WorstLoss 1.4267
[Tracker] Ep  309 | AvgR 0.0002 | Global 0.9198 | Local 0.1348 | F1_macro 0.6435 | WorstLoss 1.3120
[Tracker] Ep  310 | AvgR 0.0002 | Global 0.9388 | Local 0.1815 | F1_macro 0.6556 | WorstLoss 1.4869
[Tracker] Saved snapshot: ep0310_phase1_class1
[Tracker] Ep  311 | AvgR 0.0002 | Global 0.9131 | Local 0.1197 | F1_macro 0.6377 | WorstLoss 1.2649
[Tracker] Ep  312 | AvgR 0.0002 | Global 0.9514 | Local 0.1819 | F1_macro 0.6488 | WorstLoss 1.6215
[Tracker] Ep  313 | AvgR 0.0002 | Global 0.9369 | Local 0.1739 | F1_macro 0.6617 | WorstLoss 1.6159
[Tracker] Ep  314 | AvgR 0.0002 | Global 0.9190 | Local 0.1683 | F1_macro 0.6435 | WorstLoss 1.5012
[Tracker] Ep  315 | AvgR 0.0002 | Global 0.9258 | Local 0.1673 | F1_macro 0.6454 | WorstLoss 1.5766
[Tracker] Saved snapshot: ep0315_phase1_class1
[Tracker] Ep  316 | AvgR 0.0002 | Global 0.9591 | Local 0.1563 | F1_macro 0.6624 | WorstLoss 1.5377
[Tracker] Ep  317 | AvgR 0.0002 | Global 0.9307 | Local 0.1572 | F1_macro 0.6533 | WorstLoss 1.5913
[Tracker] Ep  318 | AvgR 0.0002 | Global 0.9427 | Local 0.1445 | F1_macro 0.6556 | WorstLoss 1.4793
[Tracker] Ep  319 | AvgR 0.0002 | Global 0.9246 | Local 0.1671 | F1_macro 0.6481 | WorstLoss 1.3694
[Tracker] Ep  320 | AvgR 0.0002 | Global 0.9380 | Local 0.1718 | F1_macro 0.6608 | WorstLoss 1.4879
[Tracker] Saved snapshot: ep0320_phase1_class1
[Tracker] Ep  321 | AvgR 0.0002 | Global 0.9430 | Local 0.1688 | F1_macro 0.6544 | WorstLoss 1.3395
[Tracker] Ep  322 | AvgR 0.0002 | Global 0.9324 | Local 0.1644 | F1_macro 0.6594 | WorstLoss 1.6188
[Tracker] Ep  323 | AvgR 0.0002 | Global 0.9563 | Local 0.1544 | F1_macro 0.6533 | WorstLoss 1.4320
[Tracker] Ep  324 | AvgR 0.0002 | Global 0.9133 | Local 0.1980 | F1_macro 0.6456 | WorstLoss 1.5277
[Tracker] Ep  325 | AvgR 0.0002 | Global 0.9284 | Local 0.1995 | F1_macro 0.6442 | WorstLoss 1.5559
[Tracker] Saved snapshot: ep0325_phase1_class1
[Tracker] Ep  326 | AvgR 0.0002 | Global 0.9222 | Local 0.1371 | F1_macro 0.6494 | WorstLoss 1.3502
[Tracker] Ep  327 | AvgR 0.0002 | Global 0.9340 | Local 0.1563 | F1_macro 0.6685 | WorstLoss 1.4301
[Tracker] Ep  328 | AvgR 0.0002 | Global 0.9362 | Local 0.1399 | F1_macro 0.6377 | WorstLoss 1.4463
[Tracker] Ep  329 | AvgR 0.0002 | Global 0.9261 | Local 0.2022 | F1_macro 0.6511 | WorstLoss 1.4822
[Tracker] Ep  330 | AvgR 0.0002 | Global 0.9335 | Local 0.1717 | F1_macro 0.6678 | WorstLoss 1.6082
[Tracker] Saved snapshot: ep0330_phase1_class1
[Tracker] Ep  331 | AvgR 0.0002 | Global 0.9298 | Local 0.1884 | F1_macro 0.6470 | WorstLoss 1.6613
[Tracker] Ep  332 | AvgR 0.0002 | Global 0.9416 | Local 0.1521 | F1_macro 0.6680 | WorstLoss 1.3250
[Tracker] Ep  333 | AvgR 0.0002 | Global 0.9462 | Local 0.1563 | F1_macro 0.6576 | WorstLoss 1.3872
[Tracker] Ep  334 | AvgR 0.0002 | Global 0.9366 | Local 0.1502 | F1_macro 0.6601 | WorstLoss 1.4364
[Tracker] Ep  335 | AvgR 0.0002 | Global 0.9272 | Local 0.1642 | F1_macro 0.6486 | WorstLoss 1.3338
[Tracker] Saved snapshot: ep0335_phase1_class1
[Tracker] Ep  336 | AvgR 0.0002 | Global 0.9373 | Local 0.1619 | F1_macro 0.6555 | WorstLoss 1.4022
[Tracker] Ep  337 | AvgR 0.0002 | Global 0.9217 | Local 0.1730 | F1_macro 0.6375 | WorstLoss 1.5713
[Tracker] Ep  338 | AvgR 0.0002 | Global 0.9348 | Local 0.1494 | F1_macro 0.6538 | WorstLoss 1.6140
[Tracker] Ep  339 | AvgR 0.0002 | Global 0.9464 | Local 0.1543 | F1_macro 0.6715 | WorstLoss 1.3360
[Tracker] Ep  340 | AvgR 0.0002 | Global 0.9335 | Local 0.1578 | F1_macro 0.6625 | WorstLoss 1.5781
[Tracker] Saved snapshot: ep0340_phase1_class1
[Tracker] Ep  341 | AvgR 0.0002 | Global 0.9389 | Local 0.1445 | F1_macro 0.6501 | WorstLoss 1.3831
[Tracker] Ep  342 | AvgR 0.0002 | Global 0.9190 | Local 0.1592 | F1_macro 0.6391 | WorstLoss 1.5995
[Tracker] Ep  343 | AvgR 0.0002 | Global 0.9383 | Local 0.1487 | F1_macro 0.6481 | WorstLoss 1.3739
[Tracker] Ep  344 | AvgR 0.0002 | Global 0.9255 | Local 0.1428 | F1_macro 0.6589 | WorstLoss 1.5257
[Tracker] Ep  345 | AvgR 0.0002 | Global 0.9376 | Local 0.1421 | F1_macro 0.6396 | WorstLoss 1.3277
[Tracker] Saved snapshot: ep0345_phase1_class1
[Tracker] Ep  346 | AvgR 0.0002 | Global 0.9092 | Local 0.1537 | F1_macro 0.6362 | WorstLoss 1.4900
[Tracker] Ep  347 | AvgR 0.0002 | Global 0.9201 | Local 0.1668 | F1_macro 0.6420 | WorstLoss 1.4881
[Tracker] Ep  348 | AvgR 0.0002 | Global 0.9387 | Local 0.1317 | F1_macro 0.6529 | WorstLoss 1.3088
[Tracker] Ep  349 | AvgR 0.0002 | Global 0.9283 | Local 0.1581 | F1_macro 0.6435 | WorstLoss 1.7787
[Tracker] Ep  350 | AvgR 0.0002 | Global 0.9426 | Local 0.1365 | F1_macro 0.6512 | WorstLoss 1.5484
[Tracker] Saved snapshot: ep0350_phase1_class1
[Tracker] Ep  351 | AvgR 0.0002 | Global 0.9414 | Local 0.1426 | F1_macro 0.6661 | WorstLoss 1.4840
[Tracker] Ep  352 | AvgR 0.0002 | Global 0.9271 | Local 0.1894 | F1_macro 0.6485 | WorstLoss 1.5806
[Tracker] Ep  353 | AvgR 0.0002 | Global 0.9392 | Local 0.1440 | F1_macro 0.6538 | WorstLoss 1.6553
[Tracker] Ep  354 | AvgR 0.0002 | Global 0.9322 | Local 0.1602 | F1_macro 0.6603 | WorstLoss 1.5462
[Tracker] Ep  355 | AvgR 0.0002 | Global 0.9288 | Local 0.1662 | F1_macro 0.6481 | WorstLoss 1.5117
[Tracker] Saved snapshot: ep0355_phase1_class1
[Tracker] Ep  356 | AvgR 0.0002 | Global 0.9120 | Local 0.1439 | F1_macro 0.6427 | WorstLoss 1.5059
[Tracker] Ep  357 | AvgR 0.0002 | Global 0.9447 | Local 0.1504 | F1_macro 0.6555 | WorstLoss 1.3184
[Tracker] Ep  358 | AvgR 0.0002 | Global 0.9377 | Local 0.1708 | F1_macro 0.6529 | WorstLoss 1.5393
[Tracker] Ep  359 | AvgR 0.0002 | Global 0.9327 | Local 0.1604 | F1_macro 0.6526 | WorstLoss 1.6874
[Tracker] Ep  360 | AvgR 0.0002 | Global 0.9369 | Local 0.1771 | F1_macro 0.6513 | WorstLoss 1.4924
[Tracker] Saved snapshot: ep0360_phase1_class1
[Tracker] Ep  361 | AvgR 0.0002 | Global 0.9265 | Local 0.1728 | F1_macro 0.6465 | WorstLoss 1.8328
[Tracker] Ep  362 | AvgR 0.0002 | Global 0.9221 | Local 0.1706 | F1_macro 0.6440 | WorstLoss 1.6073
[Tracker] Ep  363 | AvgR 0.0002 | Global 0.9355 | Local 0.1723 | F1_macro 0.6518 | WorstLoss 1.5219
[Tracker] Ep  364 | AvgR 0.0002 | Global 0.9276 | Local 0.1557 | F1_macro 0.6528 | WorstLoss 1.4819
[Tracker] Ep  365 | AvgR 0.0002 | Global 0.9231 | Local 0.1514 | F1_macro 0.6609 | WorstLoss 1.3945
[Tracker] Saved snapshot: ep0365_phase1_class1
[Tracker] Ep  366 | AvgR 0.0002 | Global 0.9370 | Local 0.1679 | F1_macro 0.6639 | WorstLoss 1.3653
[Tracker] Ep  367 | AvgR 0.0002 | Global 0.9300 | Local 0.1344 | F1_macro 0.6571 | WorstLoss 1.3869
[Tracker] Ep  368 | AvgR 0.0002 | Global 0.9351 | Local 0.1486 | F1_macro 0.6570 | WorstLoss 1.4808
[Tracker] Ep  369 | AvgR 0.0002 | Global 0.9172 | Local 0.1554 | F1_macro 0.6492 | WorstLoss 1.7410
[Tracker] Ep  370 | AvgR 0.0002 | Global 0.9503 | Local 0.1527 | F1_macro 0.6606 | WorstLoss 1.6015
[Tracker] Saved snapshot: ep0370_phase1_class1
[Tracker] Ep  371 | AvgR 0.0002 | Global 0.9099 | Local 0.1380 | F1_macro 0.6282 | WorstLoss 1.3584
[Tracker] Ep  372 | AvgR 0.0002 | Global 0.9329 | Local 0.1665 | F1_macro 0.6615 | WorstLoss 1.5873
[Tracker] Ep  373 | AvgR 0.0002 | Global 0.9292 | Local 0.1590 | F1_macro 0.6464 | WorstLoss 1.6330
[Tracker] Ep  374 | AvgR 0.0002 | Global 0.9395 | Local 0.1748 | F1_macro 0.6600 | WorstLoss 1.4717
[Tracker] Ep  375 | AvgR 0.0002 | Global 0.9314 | Local 0.1560 | F1_macro 0.6561 | WorstLoss 1.3605
[Tracker] Saved snapshot: ep0375_phase1_class1
[Tracker] Ep  376 | AvgR 0.0002 | Global 0.9275 | Local 0.1756 | F1_macro 0.6651 | WorstLoss 1.5752
[Tracker] Ep  377 | AvgR 0.0002 | Global 0.9103 | Local 0.1532 | F1_macro 0.6367 | WorstLoss 1.5386
[Tracker] Ep  378 | AvgR 0.0002 | Global 0.9366 | Local 0.1667 | F1_macro 0.6690 | WorstLoss 1.4081
[Tracker] Ep  379 | AvgR 0.0002 | Global 0.9296 | Local 0.1585 | F1_macro 0.6554 | WorstLoss 1.5654
[Tracker] Ep  380 | AvgR 0.0002 | Global 0.9334 | Local 0.1615 | F1_macro 0.6488 | WorstLoss 1.6069
[Tracker] Saved snapshot: ep0380_phase1_class1
[Tracker] Ep  381 | AvgR 0.0002 | Global 0.9246 | Local 0.1557 | F1_macro 0.6577 | WorstLoss 1.4553
[Tracker] Ep  382 | AvgR 0.0002 | Global 0.9129 | Local 0.1500 | F1_macro 0.6518 | WorstLoss 1.8285
[Tracker] Ep  383 | AvgR 0.0002 | Global 0.9336 | Local 0.1452 | F1_macro 0.6540 | WorstLoss 1.4751
[Tracker] Ep  384 | AvgR 0.0002 | Global 0.9253 | Local 0.1426 | F1_macro 0.6573 | WorstLoss 1.7546
[Tracker] Ep  385 | AvgR 0.0002 | Global 0.9203 | Local 0.1310 | F1_macro 0.6456 | WorstLoss 1.6364
[Tracker] Saved snapshot: ep0385_phase1_class1
[Tracker] Ep  386 | AvgR 0.0002 | Global 0.9051 | Local 0.1591 | F1_macro 0.6459 | WorstLoss 1.8561
[Tracker] Ep  387 | AvgR 0.0002 | Global 0.9385 | Local 0.1524 | F1_macro 0.6474 | WorstLoss 1.3469
[Tracker] Ep  388 | AvgR 0.0002 | Global 0.9302 | Local 0.1523 | F1_macro 0.6478 | WorstLoss 1.6655
[Tracker] Ep  389 | AvgR 0.0002 | Global 0.9342 | Local 0.1774 | F1_macro 0.6484 | WorstLoss 1.5793
[Tracker] Ep  390 | AvgR 0.0002 | Global 0.9318 | Local 0.1590 | F1_macro 0.6513 | WorstLoss 1.5522
[Tracker] Saved snapshot: ep0390_phase1_class1
[Tracker] Ep  391 | AvgR 0.0002 | Global 0.9120 | Local 0.1376 | F1_macro 0.6526 | WorstLoss 1.6807
[Tracker] Ep  392 | AvgR 0.0002 | Global 0.9110 | Local 0.1614 | F1_macro 0.6543 | WorstLoss 1.9192
[Tracker] Ep  393 | AvgR 0.0002 | Global 0.9287 | Local 0.1888 | F1_macro 0.6645 | WorstLoss 1.7350
[Tracker] Ep  394 | AvgR 0.0002 | Global 0.9044 | Local 0.1427 | F1_macro 0.6432 | WorstLoss 1.7698
[Tracker] Ep  395 | AvgR 0.0002 | Global 0.9472 | Local 0.1409 | F1_macro 0.6583 | WorstLoss 1.3832
[Tracker] Saved snapshot: ep0395_phase1_class1
[Tracker] Ep  396 | AvgR 0.0002 | Global 0.9166 | Local 0.1565 | F1_macro 0.6491 | WorstLoss 1.6921
[Tracker] Ep  397 | AvgR 0.0002 | Global 0.9320 | Local 0.1435 | F1_macro 0.6490 | WorstLoss 1.6116
[Tracker] Ep  398 | AvgR 0.0002 | Global 0.9159 | Local 0.1259 | F1_macro 0.6540 | WorstLoss 1.3936
[Tracker] Ep  399 | AvgR 0.0002 | Global 0.9546 | Local 0.1731 | F1_macro 0.6600 | WorstLoss 1.5183
[Tracker] Ep  400 | AvgR 0.0002 | Global 0.9333 | Local 0.1663 | F1_macro 0.6473 | WorstLoss 1.3288
[Tracker] Saved snapshot: ep0400_phase1_class1
[Tracker] Ep  401 | AvgR 0.0002 | Global 0.9338 | Local 0.1348 | F1_macro 0.6484 | WorstLoss 1.3436
[Tracker] Ep  402 | AvgR 0.0002 | Global 0.9430 | Local 0.1633 | F1_macro 0.6491 | WorstLoss 1.5539
[Tracker] Ep  403 | AvgR 0.0002 | Global 0.9378 | Local 0.1474 | F1_macro 0.6681 | WorstLoss 1.5489
[Tracker] Ep  404 | AvgR 0.0002 | Global 0.9391 | Local 0.1408 | F1_macro 0.6609 | WorstLoss 1.5292
[Tracker] Ep  405 | AvgR 0.0002 | Global 0.9345 | Local 0.1373 | F1_macro 0.6675 | WorstLoss 1.5656
[Tracker] Saved snapshot: ep0405_phase1_class1
[Tracker] Ep  406 | AvgR 0.0002 | Global 0.9388 | Local 0.1630 | F1_macro 0.6606 | WorstLoss 1.5185
[Tracker] Ep  407 | AvgR 0.0002 | Global 0.9543 | Local 0.1896 | F1_macro 0.6639 | WorstLoss 1.3366
[Tracker] Ep  408 | AvgR 0.0002 | Global 0.9313 | Local 0.1554 | F1_macro 0.6559 | WorstLoss 1.5075
[Tracker] Ep  409 | AvgR 0.0002 | Global 0.9349 | Local 0.1571 | F1_macro 0.6549 | WorstLoss 1.4130
[Tracker] Ep  410 | AvgR 0.0002 | Global 0.9287 | Local 0.1751 | F1_macro 0.6513 | WorstLoss 1.6485
[Tracker] Saved snapshot: ep0410_phase1_class1
[Tracker] Ep  411 | AvgR 0.0002 | Global 0.9307 | Local 0.1528 | F1_macro 0.6672 | WorstLoss 1.5979
[Tracker] Ep  412 | AvgR 0.0002 | Global 0.9008 | Local 0.1703 | F1_macro 0.6362 | WorstLoss 1.7604
[Tracker] Ep  413 | AvgR 0.0002 | Global 0.9475 | Local 0.1378 | F1_macro 0.6594 | WorstLoss 1.4552
[Tracker] Ep  414 | AvgR 0.0002 | Global 0.9396 | Local 0.1507 | F1_macro 0.6594 | WorstLoss 1.4348
[Tracker] Ep  415 | AvgR 0.0002 | Global 0.9112 | Local 0.1440 | F1_macro 0.6481 | WorstLoss 1.5002
[Tracker] Saved snapshot: ep0415_phase1_class1
[Tracker] Ep  416 | AvgR 0.0002 | Global 0.9095 | Local 0.1916 | F1_macro 0.6412 | WorstLoss 1.6076
[Tracker] Ep  417 | AvgR 0.0002 | Global 0.9375 | Local 0.1319 | F1_macro 0.6651 | WorstLoss 1.3917
[Tracker] Ep  418 | AvgR 0.0002 | Global 0.9427 | Local 0.1533 | F1_macro 0.6504 | WorstLoss 1.1434
[Tracker] Ep  419 | AvgR 0.0002 | Global 0.9166 | Local 0.1713 | F1_macro 0.6370 | WorstLoss 1.4297
[Tracker] Ep  420 | AvgR 0.0002 | Global 0.9395 | Local 0.1493 | F1_macro 0.6684 | WorstLoss 1.3893
[Tracker] Saved snapshot: ep0420_phase1_class1
[Tracker] Ep  421 | AvgR 0.0002 | Global 0.9473 | Local 0.1407 | F1_macro 0.6530 | WorstLoss 1.6382
[Tracker] Ep  422 | AvgR 0.0002 | Global 0.9140 | Local 0.1723 | F1_macro 0.6381 | WorstLoss 1.6322
[Tracker] Ep  423 | AvgR 0.0002 | Global 0.9318 | Local 0.1558 | F1_macro 0.6572 | WorstLoss 1.4713
[Tracker] Ep  424 | AvgR 0.0002 | Global 0.9331 | Local 0.1700 | F1_macro 0.6497 | WorstLoss 1.7258
[Tracker] Ep  425 | AvgR 0.0002 | Global 0.9200 | Local 0.1540 | F1_macro 0.6592 | WorstLoss 1.8802
[Tracker] Saved snapshot: ep0425_phase1_class1
[Tracker] Ep  426 | AvgR 0.0002 | Global 0.9232 | Local 0.1774 | F1_macro 0.6409 | WorstLoss 1.7789
[Tracker] Ep  427 | AvgR 0.0002 | Global 0.9233 | Local 0.1590 | F1_macro 0.6492 | WorstLoss 1.7973
[Tracker] Ep  428 | AvgR 0.0002 | Global 0.9386 | Local 0.1399 | F1_macro 0.6682 | WorstLoss 1.3174
[Tracker] Ep  429 | AvgR 0.0002 | Global 0.9269 | Local 0.1455 | F1_macro 0.6557 | WorstLoss 1.5455
[Tracker] Ep  430 | AvgR 0.0002 | Global 0.9415 | Local 0.1445 | F1_macro 0.6751 | WorstLoss 1.4370
[Tracker] Saved snapshot: ep0430_phase1_class1
[Tracker] Ep  431 | AvgR 0.0002 | Global 0.9288 | Local 0.1564 | F1_macro 0.6525 | WorstLoss 1.6435
[Tracker] Ep  432 | AvgR 0.0002 | Global 0.9361 | Local 0.1495 | F1_macro 0.6571 | WorstLoss 1.6191
[Tracker] Ep  433 | AvgR 0.0002 | Global 0.9352 | Local 0.1485 | F1_macro 0.6613 | WorstLoss 1.5557
[Tracker] Ep  434 | AvgR 0.0002 | Global 0.9299 | Local 0.1696 | F1_macro 0.6542 | WorstLoss 1.7439
[Tracker] Ep  435 | AvgR 0.0002 | Global 0.9354 | Local 0.1510 | F1_macro 0.6499 | WorstLoss 1.6737
[Tracker] Saved snapshot: ep0435_phase1_class1
[Tracker] Ep  436 | AvgR 0.0002 | Global 0.9349 | Local 0.1329 | F1_macro 0.6490 | WorstLoss 1.4460
[Tracker] Ep  437 | AvgR 0.0002 | Global 0.9293 | Local 0.1591 | F1_macro 0.6569 | WorstLoss 1.5395
[Tracker] Ep  438 | AvgR 0.0002 | Global 0.9414 | Local 0.1517 | F1_macro 0.6589 | WorstLoss 1.5024
[Tracker] Ep  439 | AvgR 0.0002 | Global 0.9357 | Local 0.1488 | F1_macro 0.6587 | WorstLoss 1.4443
[Tracker] Ep  440 | AvgR 0.0002 | Global 0.9347 | Local 0.1201 | F1_macro 0.6614 | WorstLoss 1.4020
[Tracker] Saved snapshot: ep0440_phase1_class1
[Tracker] Ep  441 | AvgR 0.0002 | Global 0.9211 | Local 0.1573 | F1_macro 0.6405 | WorstLoss 1.7708
[Tracker] Ep  442 | AvgR 0.0002 | Global 0.9524 | Local 0.1454 | F1_macro 0.6684 | WorstLoss 1.3379
[Tracker] Ep  443 | AvgR 0.0002 | Global 0.9151 | Local 0.1926 | F1_macro 0.6312 | WorstLoss 1.9108
[Tracker] Ep  444 | AvgR 0.0002 | Global 0.9228 | Local 0.1749 | F1_macro 0.6445 | WorstLoss 1.7167
[Tracker] Ep  445 | AvgR 0.0002 | Global 0.9322 | Local 0.1954 | F1_macro 0.6575 | WorstLoss 1.5803
[Tracker] Saved snapshot: ep0445_phase1_class1
[Tracker] Ep  446 | AvgR 0.0002 | Global 0.9197 | Local 0.1723 | F1_macro 0.6437 | WorstLoss 1.8232
[Tracker] Ep  447 | AvgR 0.0002 | Global 0.9297 | Local 0.1633 | F1_macro 0.6521 | WorstLoss 1.7210
[Tracker] Ep  448 | AvgR 0.0002 | Global 0.9322 | Local 0.1557 | F1_macro 0.6475 | WorstLoss 1.5307
[Tracker] Ep  449 | AvgR 0.0002 | Global 0.9201 | Local 0.1770 | F1_macro 0.6450 | WorstLoss 1.7678
[Tracker] Ep  450 | AvgR 0.0002 | Global 0.9460 | Local 0.1626 | F1_macro 0.6587 | WorstLoss 1.3061
[Tracker] Saved snapshot: ep0450_phase1_class1
[Tracker] Ep  451 | AvgR 0.0002 | Global 0.9334 | Local 0.1532 | F1_macro 0.6491 | WorstLoss 1.5283
[Tracker] Ep  452 | AvgR 0.0002 | Global 0.9351 | Local 0.1583 | F1_macro 0.6561 | WorstLoss 1.6665
[Tracker] Ep  453 | AvgR 0.0002 | Global 0.9034 | Local 0.1837 | F1_macro 0.6406 | WorstLoss 1.8755
[Tracker] Ep  454 | AvgR 0.0002 | Global 0.9365 | Local 0.1788 | F1_macro 0.6521 | WorstLoss 1.4970
[Tracker] Ep  455 | AvgR 0.0002 | Global 0.9432 | Local 0.1475 | F1_macro 0.6469 | WorstLoss 1.4823
[Tracker] Saved snapshot: ep0455_phase1_class1
[Tracker] Ep  456 | AvgR 0.0002 | Global 0.9381 | Local 0.1556 | F1_macro 0.6558 | WorstLoss 1.4868
[Tracker] Ep  457 | AvgR 0.0002 | Global 0.9428 | Local 0.1615 | F1_macro 0.6628 | WorstLoss 1.6586
[Tracker] Ep  458 | AvgR 0.0002 | Global 0.9407 | Local 0.1562 | F1_macro 0.6467 | WorstLoss 1.5928
[Tracker] Ep  459 | AvgR 0.0002 | Global 0.9212 | Local 0.1751 | F1_macro 0.6520 | WorstLoss 1.3833
[Tracker] Ep  460 | AvgR 0.0002 | Global 0.9446 | Local 0.1370 | F1_macro 0.6519 | WorstLoss 1.5851
[Tracker] Saved snapshot: ep0460_phase1_class1
[Tracker] Ep  461 | AvgR 0.0002 | Global 0.9438 | Local 0.1486 | F1_macro 0.6486 | WorstLoss 1.3521
[Tracker] Ep  462 | AvgR 0.0002 | Global 0.9242 | Local 0.1364 | F1_macro 0.6503 | WorstLoss 1.5239
[Tracker] Ep  463 | AvgR 0.0002 | Global 0.9283 | Local 0.1737 | F1_macro 0.6507 | WorstLoss 1.7011
[Tracker] Ep  464 | AvgR 0.0002 | Global 0.9272 | Local 0.1399 | F1_macro 0.6567 | WorstLoss 1.5443
[Tracker] Ep  465 | AvgR 0.0002 | Global 0.9137 | Local 0.1756 | F1_macro 0.6495 | WorstLoss 1.6788
[Tracker] Saved snapshot: ep0465_phase1_class1
[Tracker] Ep  466 | AvgR 0.0002 | Global 0.9364 | Local 0.1448 | F1_macro 0.6581 | WorstLoss 1.3652
[Tracker] Ep  467 | AvgR 0.0002 | Global 0.9381 | Local 0.1638 | F1_macro 0.6448 | WorstLoss 1.3733
[Tracker] Ep  468 | AvgR 0.0002 | Global 0.9438 | Local 0.1668 | F1_macro 0.6453 | WorstLoss 1.6233
[Tracker] Ep  469 | AvgR 0.0002 | Global 0.9215 | Local 0.1520 | F1_macro 0.6523 | WorstLoss 1.5771
[Tracker] Ep  470 | AvgR 0.0002 | Global 0.9355 | Local 0.1703 | F1_macro 0.6476 | WorstLoss 1.7635
[Tracker] Saved snapshot: ep0470_phase1_class1
[Tracker] Ep  471 | AvgR 0.0002 | Global 0.9424 | Local 0.1561 | F1_macro 0.6509 | WorstLoss 1.5692
[Tracker] Ep  472 | AvgR 0.0002 | Global 0.9219 | Local 0.1822 | F1_macro 0.6521 | WorstLoss 1.5393
[Tracker] Ep  473 | AvgR 0.0002 | Global 0.9340 | Local 0.1558 | F1_macro 0.6575 | WorstLoss 1.6222
[Tracker] Ep  474 | AvgR 0.0002 | Global 0.9387 | Local 0.1673 | F1_macro 0.6685 | WorstLoss 1.5621
[Tracker] Ep  475 | AvgR 0.0002 | Global 0.9291 | Local 0.1538 | F1_macro 0.6497 | WorstLoss 1.5712
[Tracker] Saved snapshot: ep0475_phase1_class1
[Tracker] Ep  476 | AvgR 0.0002 | Global 0.9254 | Local 0.1526 | F1_macro 0.6684 | WorstLoss 1.6048
[Tracker] Ep  477 | AvgR 0.0002 | Global 0.9365 | Local 0.1425 | F1_macro 0.6565 | WorstLoss 1.4836
[Tracker] Ep  478 | AvgR 0.0002 | Global 0.9309 | Local 0.1447 | F1_macro 0.6606 | WorstLoss 1.6040
[Tracker] Ep  479 | AvgR 0.0002 | Global 0.9126 | Local 0.1511 | F1_macro 0.6422 | WorstLoss 1.6663
[Tracker] Ep  480 | AvgR 0.0002 | Global 0.9283 | Local 0.1336 | F1_macro 0.6527 | WorstLoss 1.4562
[Tracker] Saved snapshot: ep0480_phase1_class1
[Tracker] Ep  481 | AvgR 0.0002 | Global 0.9286 | Local 0.1519 | F1_macro 0.6549 | WorstLoss 1.5530
[Tracker] Ep  482 | AvgR 0.0002 | Global 0.9360 | Local 0.1500 | F1_macro 0.6576 | WorstLoss 1.5860
[Tracker] Ep  483 | AvgR 0.0002 | Global 0.9274 | Local 0.1545 | F1_macro 0.6507 | WorstLoss 1.8437
[Tracker] Ep  484 | AvgR 0.0002 | Global 0.9229 | Local 0.1473 | F1_macro 0.6505 | WorstLoss 1.3615
[Tracker] Ep  485 | AvgR 0.0002 | Global 0.9265 | Local 0.1394 | F1_macro 0.6535 | WorstLoss 1.5962
[Tracker] Saved snapshot: ep0485_phase1_class1
[Tracker] Ep  486 | AvgR 0.0002 | Global 0.9287 | Local 0.1486 | F1_macro 0.6524 | WorstLoss 1.4913
[Tracker] Ep  487 | AvgR 0.0002 | Global 0.9442 | Local 0.1482 | F1_macro 0.6672 | WorstLoss 1.5353
[Tracker] Ep  488 | AvgR 0.0002 | Global 0.9317 | Local 0.1381 | F1_macro 0.6518 | WorstLoss 1.4497
[Tracker] Ep  489 | AvgR 0.0002 | Global 0.9374 | Local 0.1545 | F1_macro 0.6507 | WorstLoss 1.5558
[Tracker] Ep  490 | AvgR 0.0002 | Global 0.9342 | Local 0.1462 | F1_macro 0.6569 | WorstLoss 1.4776
[Tracker] Saved snapshot: ep0490_phase1_class1
[Tracker] Ep  491 | AvgR 0.0002 | Global 0.9294 | Local 0.1295 | F1_macro 0.6603 | WorstLoss 1.4444
[Tracker] Ep  492 | AvgR 0.0002 | Global 0.9316 | Local 0.1500 | F1_macro 0.6568 | WorstLoss 1.5323
[Tracker] Ep  493 | AvgR 0.0002 | Global 0.9297 | Local 0.1697 | F1_macro 0.6440 | WorstLoss 1.6280
[Tracker] Ep  494 | AvgR 0.0002 | Global 0.9353 | Local 0.1432 | F1_macro 0.6621 | WorstLoss 1.5475
[Tracker] Ep  495 | AvgR 0.0002 | Global 0.9353 | Local 0.1497 | F1_macro 0.6548 | WorstLoss 1.3313
[Tracker] Saved snapshot: ep0495_phase1_class1
[Tracker] Ep  496 | AvgR 0.0002 | Global 0.9070 | Local 0.1675 | F1_macro 0.6503 | WorstLoss 1.7358
[Tracker] Ep  497 | AvgR 0.0002 | Global 0.9441 | Local 0.1607 | F1_macro 0.6611 | WorstLoss 1.5199
[Tracker] Ep  498 | AvgR 0.0002 | Global 0.9455 | Local 0.1411 | F1_macro 0.6522 | WorstLoss 1.5491
[Tracker] Ep  499 | AvgR 0.0002 | Global 0.9163 | Local 0.1502 | F1_macro 0.6562 | WorstLoss 1.5744
[Tracker] Ep  500 | AvgR 0.0002 | Global 0.9304 | Local 0.1399 | F1_macro 0.6519 | WorstLoss 1.2740
[Tracker] Saved snapshot: ep0500_phase1_class1
[Tracker] Ep  501 | AvgR 0.0002 | Global 0.9352 | Local 0.1345 | F1_macro 0.6604 | WorstLoss 1.5380
[Tracker] Ep  502 | AvgR 0.0002 | Global 0.9404 | Local 0.1492 | F1_macro 0.6471 | WorstLoss 1.5456
[Tracker] Ep  503 | AvgR 0.0002 | Global 0.9364 | Local 0.1453 | F1_macro 0.6574 | WorstLoss 1.4088
[Tracker] Ep  504 | AvgR 0.0002 | Global 0.9239 | Local 0.1739 | F1_macro 0.6549 | WorstLoss 1.5167
[Tracker] Ep  505 | AvgR 0.0002 | Global 0.9220 | Local 0.1631 | F1_macro 0.6499 | WorstLoss 1.4580
[Tracker] Saved snapshot: ep0505_phase1_class1
[Tracker] Ep  506 | AvgR 0.0002 | Global 0.9363 | Local 0.1737 | F1_macro 0.6526 | WorstLoss 1.7624
[Tracker] Ep  507 | AvgR 0.0002 | Global 0.9159 | Local 0.1292 | F1_macro 0.6482 | WorstLoss 1.7163
[Tracker] Ep  508 | AvgR 0.0002 | Global 0.9331 | Local 0.1602 | F1_macro 0.6503 | WorstLoss 1.6046
[Tracker] Ep  509 | AvgR 0.0002 | Global 0.9322 | Local 0.1358 | F1_macro 0.6539 | WorstLoss 1.5690
[Tracker] Ep  510 | AvgR 0.0002 | Global 0.9308 | Local 0.1559 | F1_macro 0.6483 | WorstLoss 1.5714
[Tracker] Saved snapshot: ep0510_phase1_class1
[Tracker] Ep  511 | AvgR 0.0002 | Global 0.9433 | Local 0.1368 | F1_macro 0.6652 | WorstLoss 1.5956
[Tracker] Ep  512 | AvgR 0.0002 | Global 0.9395 | Local 0.1601 | F1_macro 0.6586 | WorstLoss 1.5141
[Tracker] Ep  513 | AvgR 0.0002 | Global 0.9543 | Local 0.1378 | F1_macro 0.6712 | WorstLoss 1.3365
[Tracker] Ep  514 | AvgR 0.0002 | Global 0.9380 | Local 0.1451 | F1_macro 0.6563 | WorstLoss 1.7094
[Tracker] Ep  515 | AvgR 0.0002 | Global 0.9231 | Local 0.1430 | F1_macro 0.6459 | WorstLoss 1.6646
[Tracker] Saved snapshot: ep0515_phase1_class1
[Tracker] Ep  516 | AvgR 0.0002 | Global 0.9466 | Local 0.1403 | F1_macro 0.6585 | WorstLoss 1.4621
[Tracker] Ep  517 | AvgR 0.0002 | Global 0.9275 | Local 0.1330 | F1_macro 0.6533 | WorstLoss 1.5896
[Tracker] Ep  518 | AvgR 0.0002 | Global 0.9186 | Local 0.1733 | F1_macro 0.6410 | WorstLoss 1.3964
[Tracker] Ep  519 | AvgR 0.0002 | Global 0.9356 | Local 0.1429 | F1_macro 0.6530 | WorstLoss 1.5358
[Tracker] Ep  520 | AvgR 0.0002 | Global 0.9323 | Local 0.1412 | F1_macro 0.6532 | WorstLoss 1.5196
[Tracker] Saved snapshot: ep0520_phase1_class1
[Tracker] Ep  521 | AvgR 0.0002 | Global 0.9175 | Local 0.1678 | F1_macro 0.6479 | WorstLoss 1.5743
[Tracker] Ep  522 | AvgR 0.0002 | Global 0.9141 | Local 0.1336 | F1_macro 0.6391 | WorstLoss 1.5629
[Tracker] Ep  523 | AvgR 0.0002 | Global 0.9273 | Local 0.1579 | F1_macro 0.6482 | WorstLoss 1.3400
[Tracker] Ep  524 | AvgR 0.0002 | Global 0.9413 | Local 0.1636 | F1_macro 0.6434 | WorstLoss 1.4925
[Tracker] Ep  525 | AvgR 0.0002 | Global 0.9505 | Local 0.1564 | F1_macro 0.6692 | WorstLoss 1.3672
[Tracker] Saved snapshot: ep0525_phase1_class1
[Tracker] Ep  526 | AvgR 0.0002 | Global 0.9260 | Local 0.1762 | F1_macro 0.6442 | WorstLoss 1.5395
[Tracker] Ep  527 | AvgR 0.0003 | Global 0.9515 | Local 0.1735 | F1_macro 0.6690 | WorstLoss 1.4172
[Tracker] Ep  528 | AvgR 0.0002 | Global 0.9266 | Local 0.1717 | F1_macro 0.6500 | WorstLoss 1.5993
[Tracker] Ep  529 | AvgR 0.0002 | Global 0.9275 | Local 0.1374 | F1_macro 0.6439 | WorstLoss 1.3673
[Tracker] Ep  530 | AvgR 0.0002 | Global 0.9246 | Local 0.1516 | F1_macro 0.6437 | WorstLoss 1.6047
[Tracker] Saved snapshot: ep0530_phase1_class1
[Tracker] Ep  531 | AvgR 0.0002 | Global 0.9414 | Local 0.1576 | F1_macro 0.6470 | WorstLoss 1.6478
[Tracker] Ep  532 | AvgR 0.0002 | Global 0.9063 | Local 0.1852 | F1_macro 0.6449 | WorstLoss 1.6815
[Tracker] Ep  533 | AvgR 0.0002 | Global 0.9413 | Local 0.1577 | F1_macro 0.6511 | WorstLoss 1.4447
[Tracker] Ep  534 | AvgR 0.0002 | Global 0.9338 | Local 0.1482 | F1_macro 0.6530 | WorstLoss 1.5601
[Tracker] Ep  535 | AvgR 0.0002 | Global 0.9237 | Local 0.1597 | F1_macro 0.6496 | WorstLoss 1.3414
[Tracker] Saved snapshot: ep0535_phase1_class1
[Tracker] Ep  536 | AvgR 0.0003 | Global 0.9375 | Local 0.1678 | F1_macro 0.6523 | WorstLoss 1.4371
[Tracker] Ep  537 | AvgR 0.0002 | Global 0.9351 | Local 0.1638 | F1_macro 0.6664 | WorstLoss 1.6690
[Tracker] Ep  538 | AvgR 0.0002 | Global 0.9257 | Local 0.1446 | F1_macro 0.6489 | WorstLoss 1.5876
[Tracker] Ep  539 | AvgR 0.0002 | Global 0.9030 | Local 0.1619 | F1_macro 0.6417 | WorstLoss 1.6663
[Tracker] Ep  540 | AvgR 0.0003 | Global 0.9430 | Local 0.1591 | F1_macro 0.6617 | WorstLoss 1.5126
[Tracker] Saved snapshot: ep0540_phase1_class1
[Tracker] Ep  541 | AvgR 0.0002 | Global 0.9237 | Local 0.1548 | F1_macro 0.6533 | WorstLoss 1.4394
[Tracker] Ep  542 | AvgR 0.0003 | Global 0.9317 | Local 0.1770 | F1_macro 0.6422 | WorstLoss 1.5596
[Tracker] Ep  543 | AvgR 0.0002 | Global 0.9165 | Local 0.1731 | F1_macro 0.6430 | WorstLoss 1.5730
[Tracker] Ep  544 | AvgR 0.0003 | Global 0.9350 | Local 0.1712 | F1_macro 0.6493 | WorstLoss 1.5865
[Tracker] Ep  545 | AvgR 0.0002 | Global 0.9255 | Local 0.1561 | F1_macro 0.6561 | WorstLoss 1.5385
[Tracker] Saved snapshot: ep0545_phase1_class1
[Tracker] Ep  546 | AvgR 0.0003 | Global 0.9387 | Local 0.1896 | F1_macro 0.6522 | WorstLoss 1.4696
[Tracker] Ep  547 | AvgR 0.0002 | Global 0.9297 | Local 0.1473 | F1_macro 0.6548 | WorstLoss 1.6112
[Tracker] Ep  548 | AvgR 0.0002 | Global 0.9460 | Local 0.1437 | F1_macro 0.6566 | WorstLoss 1.5472
[Tracker] Ep  549 | AvgR 0.0002 | Global 0.9351 | Local 0.1598 | F1_macro 0.6444 | WorstLoss 1.3236
[Tracker] Ep  550 | AvgR 0.0002 | Global 0.9317 | Local 0.1507 | F1_macro 0.6545 | WorstLoss 1.7127
[Tracker] Saved snapshot: ep0550_phase1_class1
[Tracker] Ep  551 | AvgR 0.0002 | Global 0.9353 | Local 0.1242 | F1_macro 0.6577 | WorstLoss 1.4623
[Tracker] Ep  552 | AvgR 0.0002 | Global 0.9426 | Local 0.1370 | F1_macro 0.6609 | WorstLoss 1.4061
[Tracker] Ep  553 | AvgR 0.0002 | Global 0.9337 | Local 0.1426 | F1_macro 0.6517 | WorstLoss 1.6147
[Tracker] Ep  554 | AvgR 0.0002 | Global 0.9195 | Local 0.1407 | F1_macro 0.6349 | WorstLoss 1.4563
[Tracker] Ep  555 | AvgR 0.0002 | Global 0.8941 | Local 0.1487 | F1_macro 0.6389 | WorstLoss 1.7430
[Tracker] Saved snapshot: ep0555_phase1_class1
[Tracker] Ep  556 | AvgR 0.0002 | Global 0.9257 | Local 0.1287 | F1_macro 0.6388 | WorstLoss 1.4660
[Tracker] Ep  557 | AvgR 0.0003 | Global 0.9301 | Local 0.1746 | F1_macro 0.6508 | WorstLoss 1.5536
[Tracker] Ep  558 | AvgR 0.0002 | Global 0.9114 | Local 0.1453 | F1_macro 0.6359 | WorstLoss 1.4929
[Tracker] Ep  559 | AvgR 0.0002 | Global 0.9348 | Local 0.1526 | F1_macro 0.6533 | WorstLoss 1.6921
[Tracker] Ep  560 | AvgR 0.0002 | Global 0.9273 | Local 0.1543 | F1_macro 0.6568 | WorstLoss 1.4485
[Tracker] Saved snapshot: ep0560_phase1_class1
[Tracker] Ep  561 | AvgR 0.0002 | Global 0.9375 | Local 0.1558 | F1_macro 0.6554 | WorstLoss 1.4718
[Tracker] Ep  562 | AvgR 0.0002 | Global 0.9107 | Local 0.1486 | F1_macro 0.6439 | WorstLoss 1.4910
[Tracker] Ep  563 | AvgR 0.0002 | Global 0.9350 | Local 0.1514 | F1_macro 0.6494 | WorstLoss 1.5102
[Tracker] Ep  564 | AvgR 0.0002 | Global 0.9119 | Local 0.1611 | F1_macro 0.6451 | WorstLoss 1.5705
[Tracker] Ep  565 | AvgR 0.0003 | Global 0.9417 | Local 0.1708 | F1_macro 0.6425 | WorstLoss 1.4820
[Tracker] Saved snapshot: ep0565_phase1_class1
[Tracker] Ep  566 | AvgR 0.0003 | Global 0.9224 | Local 0.1666 | F1_macro 0.6507 | WorstLoss 1.5092
[Tracker] Ep  567 | AvgR 0.0002 | Global 0.9414 | Local 0.1360 | F1_macro 0.6623 | WorstLoss 1.2449
[Tracker] Ep  568 | AvgR 0.0003 | Global 0.9381 | Local 0.1674 | F1_macro 0.6480 | WorstLoss 1.4351
[Tracker] Ep  569 | AvgR 0.0002 | Global 0.9234 | Local 0.1373 | F1_macro 0.6426 | WorstLoss 1.4565
[Tracker] Ep  570 | AvgR 0.0003 | Global 0.9357 | Local 0.1550 | F1_macro 0.6517 | WorstLoss 1.3337
[Tracker] Saved snapshot: ep0570_phase1_class1
[Tracker] Ep  571 | AvgR 0.0003 | Global 0.9257 | Local 0.1719 | F1_macro 0.6622 | WorstLoss 1.5040
[Tracker] Ep  572 | AvgR 0.0002 | Global 0.9354 | Local 0.1494 | F1_macro 0.6593 | WorstLoss 1.1992
[Tracker] Ep  573 | AvgR 0.0002 | Global 0.9346 | Local 0.1231 | F1_macro 0.6536 | WorstLoss 1.2078
[Tracker] Ep  574 | AvgR 0.0002 | Global 0.9384 | Local 0.1422 | F1_macro 0.6544 | WorstLoss 1.3982
[Tracker] Ep  575 | AvgR 0.0002 | Global 0.9289 | Local 0.1520 | F1_macro 0.6532 | WorstLoss 1.3227
[Tracker] Saved snapshot: ep0575_phase1_class1
[Tracker] Ep  576 | AvgR 0.0003 | Global 0.9310 | Local 0.1623 | F1_macro 0.6393 | WorstLoss 1.6164
[Tracker] Ep  577 | AvgR 0.0002 | Global 0.9444 | Local 0.1414 | F1_macro 0.6715 | WorstLoss 1.3011
[Tracker] Ep  578 | AvgR 0.0003 | Global 0.9275 | Local 0.1666 | F1_macro 0.6530 | WorstLoss 1.7414
[Tracker] Ep  579 | AvgR 0.0003 | Global 0.9425 | Local 0.1620 | F1_macro 0.6522 | WorstLoss 1.4459
[Tracker] Ep  580 | AvgR 0.0003 | Global 0.9237 | Local 0.1759 | F1_macro 0.6379 | WorstLoss 1.4721
[Tracker] Saved snapshot: ep0580_phase1_class1
[Tracker] Ep  581 | AvgR 0.0002 | Global 0.9181 | Local 0.1425 | F1_macro 0.6469 | WorstLoss 1.4881
[Tracker] Ep  582 | AvgR 0.0003 | Global 0.9469 | Local 0.1630 | F1_macro 0.6551 | WorstLoss 1.3351
[Tracker] Ep  583 | AvgR 0.0003 | Global 0.9282 | Local 0.1616 | F1_macro 0.6514 | WorstLoss 1.5771
[Tracker] Ep  584 | AvgR 0.0003 | Global 0.9200 | Local 0.1742 | F1_macro 0.6429 | WorstLoss 1.5889
[Tracker] Ep  585 | AvgR 0.0002 | Global 0.9209 | Local 0.1577 | F1_macro 0.6415 | WorstLoss 1.5078
[Tracker] Saved snapshot: ep0585_phase1_class1
[Tracker] Ep  586 | AvgR 0.0002 | Global 0.9390 | Local 0.1400 | F1_macro 0.6477 | WorstLoss 1.4933
[Tracker] Ep  587 | AvgR 0.0003 | Global 0.9344 | Local 0.1875 | F1_macro 0.6458 | WorstLoss 1.4871
[Tracker] Ep  588 | AvgR 0.0003 | Global 0.9166 | Local 0.1713 | F1_macro 0.6451 | WorstLoss 1.6801
[Tracker] Ep  589 | AvgR 0.0002 | Global 0.9222 | Local 0.1373 | F1_macro 0.6495 | WorstLoss 1.6912
[Tracker] Ep  590 | AvgR 0.0002 | Global 0.9361 | Local 0.1369 | F1_macro 0.6486 | WorstLoss 1.3698
[Tracker] Saved snapshot: ep0590_phase1_class1
[Tracker] Ep  591 | AvgR 0.0003 | Global 0.9271 | Local 0.1818 | F1_macro 0.6405 | WorstLoss 1.6547
[Tracker] Ep  592 | AvgR 0.0003 | Global 0.9391 | Local 0.1578 | F1_macro 0.6563 | WorstLoss 1.5545
[Tracker] Ep  593 | AvgR 0.0002 | Global 0.9277 | Local 0.1408 | F1_macro 0.6517 | WorstLoss 1.7089
[Tracker] Ep  594 | AvgR 0.0003 | Global 0.9189 | Local 0.1595 | F1_macro 0.6527 | WorstLoss 1.4410
[Tracker] Ep  595 | AvgR 0.0003 | Global 0.9271 | Local 0.1707 | F1_macro 0.6453 | WorstLoss 1.4372
[Tracker] Saved snapshot: ep0595_phase1_class1
[Tracker] Ep  596 | AvgR 0.0003 | Global 0.9303 | Local 0.1611 | F1_macro 0.6474 | WorstLoss 1.5737
[Tracker] Ep  597 | AvgR 0.0003 | Global 0.9186 | Local 0.1706 | F1_macro 0.6486 | WorstLoss 1.6539
[Tracker] Ep  598 | AvgR 0.0002 | Global 0.9005 | Local 0.1435 | F1_macro 0.6494 | WorstLoss 1.5904
[Tracker] Ep  599 | AvgR 0.0002 | Global 0.9234 | Local 0.1468 | F1_macro 0.6428 | WorstLoss 1.3482
[Tracker] Ep  600 | AvgR 0.0003 | Global 0.9205 | Local 0.1570 | F1_macro 0.6348 | WorstLoss 1.6343
[Tracker] Saved snapshot: ep0600_phase1_class1
[Tracker] Ep  601 | AvgR 0.0002 | Global 0.9071 | Local 0.1607 | F1_macro 0.6445 | WorstLoss 1.5288
[Tracker] Ep  602 | AvgR 0.0003 | Global 0.9262 | Local 0.1669 | F1_macro 0.6502 | WorstLoss 1.6440
[Tracker] Ep  603 | AvgR 0.0002 | Global 0.9539 | Local 0.1219 | F1_macro 0.6660 | WorstLoss 1.1140
[Tracker] Ep  604 | AvgR 0.0002 | Global 0.9294 | Local 0.1445 | F1_macro 0.6585 | WorstLoss 1.5120
[Tracker] Ep  605 | AvgR 0.0003 | Global 0.9338 | Local 0.1690 | F1_macro 0.6588 | WorstLoss 1.5576
[Tracker] Saved snapshot: ep0605_phase1_class1
[Tracker] Ep  606 | AvgR 0.0002 | Global 0.9287 | Local 0.1468 | F1_macro 0.6484 | WorstLoss 1.7343
[Tracker] Ep  607 | AvgR 0.0003 | Global 0.9333 | Local 0.1538 | F1_macro 0.6480 | WorstLoss 1.5782
[Tracker] Ep  608 | AvgR 0.0002 | Global 0.9088 | Local 0.1524 | F1_macro 0.6436 | WorstLoss 1.4416
[Tracker] Ep  609 | AvgR 0.0003 | Global 0.9340 | Local 0.1523 | F1_macro 0.6501 | WorstLoss 1.6036
[Tracker] Ep  610 | AvgR 0.0003 | Global 0.9410 | Local 0.1480 | F1_macro 0.6597 | WorstLoss 1.5134
[Tracker] Saved snapshot: ep0610_phase1_class1
[Tracker] Ep  611 | AvgR 0.0003 | Global 0.9393 | Local 0.1475 | F1_macro 0.6531 | WorstLoss 1.4245
[Tracker] Ep  612 | AvgR 0.0002 | Global 0.9150 | Local 0.1520 | F1_macro 0.6444 | WorstLoss 1.5292
[Tracker] Ep  613 | AvgR 0.0003 | Global 0.9379 | Local 0.1525 | F1_macro 0.6583 | WorstLoss 1.2450
[Tracker] Ep  614 | AvgR 0.0003 | Global 0.9228 | Local 0.1511 | F1_macro 0.6514 | WorstLoss 1.6238
[Tracker] Ep  615 | AvgR 0.0003 | Global 0.9313 | Local 0.1481 | F1_macro 0.6504 | WorstLoss 1.3052
[Tracker] Saved snapshot: ep0615_phase1_class1
[Tracker] Ep  616 | AvgR 0.0002 | Global 0.9247 | Local 0.1425 | F1_macro 0.6525 | WorstLoss 1.3103
[Tracker] Ep  617 | AvgR 0.0003 | Global 0.9387 | Local 0.1429 | F1_macro 0.6413 | WorstLoss 1.4776
[Tracker] Ep  618 | AvgR 0.0003 | Global 0.9360 | Local 0.1588 | F1_macro 0.6588 | WorstLoss 1.5310
[Tracker] Ep  619 | AvgR 0.0003 | Global 0.9184 | Local 0.1777 | F1_macro 0.6519 | WorstLoss 1.7473
[Tracker] Ep  620 | AvgR 0.0003 | Global 0.9067 | Local 0.1693 | F1_macro 0.6430 | WorstLoss 1.5705
[Tracker] Saved snapshot: ep0620_phase1_class1
[Tracker] Ep  621 | AvgR 0.0002 | Global 0.9285 | Local 0.1400 | F1_macro 0.6516 | WorstLoss 1.4134
[Tracker] Ep  622 | AvgR 0.0003 | Global 0.9298 | Local 0.1444 | F1_macro 0.6540 | WorstLoss 1.1974
[Tracker] Ep  623 | AvgR 0.0003 | Global 0.9298 | Local 0.1545 | F1_macro 0.6527 | WorstLoss 1.3165
[Tracker] Ep  624 | AvgR 0.0003 | Global 0.9294 | Local 0.1456 | F1_macro 0.6609 | WorstLoss 1.5579
[Tracker] Ep  625 | AvgR 0.0002 | Global 0.9266 | Local 0.1340 | F1_macro 0.6468 | WorstLoss 1.2642
[Tracker] Saved snapshot: ep0625_phase1_class1
[Tracker] Ep  626 | AvgR 0.0002 | Global 0.8958 | Local 0.1365 | F1_macro 0.6268 | WorstLoss 1.2910
[Tracker] Ep  627 | AvgR 0.0003 | Global 0.9285 | Local 0.1699 | F1_macro 0.6493 | WorstLoss 1.3732
[Tracker] Ep  628 | AvgR 0.0003 | Global 0.9282 | Local 0.1558 | F1_macro 0.6579 | WorstLoss 1.4113
[Tracker] Ep  629 | AvgR 0.0003 | Global 0.9335 | Local 0.1627 | F1_macro 0.6467 | WorstLoss 1.3812
[Tracker] Ep  630 | AvgR 0.0003 | Global 0.9301 | Local 0.1785 | F1_macro 0.6518 | WorstLoss 1.5898
[Tracker] Saved snapshot: ep0630_phase1_class1
[Tracker] Ep  631 | AvgR 0.0003 | Global 0.9358 | Local 0.1560 | F1_macro 0.6546 | WorstLoss 1.4653
[Tracker] Ep  632 | AvgR 0.0003 | Global 0.9371 | Local 0.1595 | F1_macro 0.6510 | WorstLoss 1.5209
[Tracker] Ep  633 | AvgR 0.0003 | Global 0.9278 | Local 0.1511 | F1_macro 0.6623 | WorstLoss 1.4591
[Tracker] Ep  634 | AvgR 0.0003 | Global 0.9300 | Local 0.1449 | F1_macro 0.6526 | WorstLoss 1.4162
[Tracker] Ep  635 | AvgR 0.0003 | Global 0.9367 | Local 0.1735 | F1_macro 0.6523 | WorstLoss 1.5133
[Tracker] Saved snapshot: ep0635_phase1_class1
[Tracker] Ep  636 | AvgR 0.0003 | Global 0.9289 | Local 0.1672 | F1_macro 0.6558 | WorstLoss 1.4988
[Tracker] Ep  637 | AvgR 0.0003 | Global 0.9335 | Local 0.1371 | F1_macro 0.6648 | WorstLoss 1.6324
[Tracker] Ep  638 | AvgR 0.0003 | Global 0.9488 | Local 0.1230 | F1_macro 0.6676 | WorstLoss 1.2171
[Tracker] Ep  639 | AvgR 0.0003 | Global 0.9298 | Local 0.1526 | F1_macro 0.6568 | WorstLoss 1.3762
[Tracker] Ep  640 | AvgR 0.0003 | Global 0.9352 | Local 0.1491 | F1_macro 0.6590 | WorstLoss 1.4173
[Tracker] Saved snapshot: ep0640_phase1_class1
[Tracker] Ep  641 | AvgR 0.0003 | Global 0.9196 | Local 0.1513 | F1_macro 0.6450 | WorstLoss 1.4789
[Tracker] Ep  642 | AvgR 0.0003 | Global 0.9280 | Local 0.1556 | F1_macro 0.6413 | WorstLoss 1.4093
[Tracker] Ep  643 | AvgR 0.0003 | Global 0.9390 | Local 0.1615 | F1_macro 0.6587 | WorstLoss 1.3773
[Tracker] Ep  644 | AvgR 0.0003 | Global 0.9358 | Local 0.1555 | F1_macro 0.6528 | WorstLoss 1.3746
[Tracker] Ep  645 | AvgR 0.0003 | Global 0.9384 | Local 0.1272 | F1_macro 0.6596 | WorstLoss 1.2617
[Tracker] Saved snapshot: ep0645_phase1_class1
[Tracker] Ep  646 | AvgR 0.0002 | Global 0.9164 | Local 0.1411 | F1_macro 0.6541 | WorstLoss 1.5093
[Tracker] Ep  647 | AvgR 0.0003 | Global 0.9254 | Local 0.1655 | F1_macro 0.6524 | WorstLoss 1.2930
[Tracker] Ep  648 | AvgR 0.0003 | Global 0.9374 | Local 0.1407 | F1_macro 0.6548 | WorstLoss 1.4485
[Tracker] Ep  649 | AvgR 0.0003 | Global 0.9481 | Local 0.1490 | F1_macro 0.6532 | WorstLoss 1.3784
[Tracker] Ep  650 | AvgR 0.0003 | Global 0.9222 | Local 0.1452 | F1_macro 0.6490 | WorstLoss 1.3693
[Tracker] Saved snapshot: ep0650_phase1_class1
[Tracker] Ep  651 | AvgR 0.0003 | Global 0.9386 | Local 0.1498 | F1_macro 0.6628 | WorstLoss 1.3435
[Tracker] Ep  652 | AvgR 0.0003 | Global 0.9313 | Local 0.1618 | F1_macro 0.6486 | WorstLoss 1.6778
[Tracker] Ep  653 | AvgR 0.0003 | Global 0.9353 | Local 0.1427 | F1_macro 0.6486 | WorstLoss 1.2232
[Tracker] Ep  654 | AvgR 0.0003 | Global 0.9315 | Local 0.1428 | F1_macro 0.6503 | WorstLoss 1.4774
[Tracker] Ep  655 | AvgR 0.0003 | Global 0.9348 | Local 0.1630 | F1_macro 0.6467 | WorstLoss 1.4423
[Tracker] Saved snapshot: ep0655_phase1_class1
[Tracker] Ep  656 | AvgR 0.0003 | Global 0.9216 | Local 0.1570 | F1_macro 0.6452 | WorstLoss 1.1929
[Tracker] Ep  657 | AvgR 0.0003 | Global 0.9248 | Local 0.1509 | F1_macro 0.6480 | WorstLoss 1.5744
[Tracker] Ep  658 | AvgR 0.0003 | Global 0.9335 | Local 0.1578 | F1_macro 0.6625 | WorstLoss 1.4679
[Tracker] Ep  659 | AvgR 0.0003 | Global 0.9487 | Local 0.1267 | F1_macro 0.6684 | WorstLoss 1.3020
[Tracker] Ep  660 | AvgR 0.0003 | Global 0.9042 | Local 0.1587 | F1_macro 0.6410 | WorstLoss 1.5180
[Tracker] Saved snapshot: ep0660_phase1_class1
[Tracker] Ep  661 | AvgR 0.0003 | Global 0.9262 | Local 0.1455 | F1_macro 0.6517 | WorstLoss 1.3822
[Tracker] Ep  662 | AvgR 0.0003 | Global 0.9278 | Local 0.1706 | F1_macro 0.6514 | WorstLoss 1.4838
[Tracker] Ep  663 | AvgR 0.0003 | Global 0.9323 | Local 0.1579 | F1_macro 0.6460 | WorstLoss 1.5091
[Tracker] Ep  664 | AvgR 0.0003 | Global 0.9561 | Local 0.1519 | F1_macro 0.6725 | WorstLoss 1.2594
[Tracker] Ep  665 | AvgR 0.0003 | Global 0.8970 | Local 0.1784 | F1_macro 0.6435 | WorstLoss 1.6245
[Tracker] Saved snapshot: ep0665_phase1_class1
[Tracker] Ep  666 | AvgR 0.0003 | Global 0.9489 | Local 0.1670 | F1_macro 0.6594 | WorstLoss 1.4596
[Tracker] Ep  667 | AvgR 0.0003 | Global 0.9287 | Local 0.1650 | F1_macro 0.6471 | WorstLoss 1.3394
[Tracker] Ep  668 | AvgR 0.0003 | Global 0.9361 | Local 0.1738 | F1_macro 0.6536 | WorstLoss 1.4218
[Tracker] Ep  669 | AvgR 0.0003 | Global 0.9267 | Local 0.1469 | F1_macro 0.6545 | WorstLoss 1.4877
[Tracker] Ep  670 | AvgR 0.0003 | Global 0.9182 | Local 0.1482 | F1_macro 0.6454 | WorstLoss 1.6374
[Tracker] Saved snapshot: ep0670_phase1_class1
[Tracker] Ep  671 | AvgR 0.0003 | Global 0.9228 | Local 0.1351 | F1_macro 0.6503 | WorstLoss 1.3134
[Tracker] Ep  672 | AvgR 0.0003 | Global 0.9225 | Local 0.1291 | F1_macro 0.6556 | WorstLoss 1.3746
[Tracker] Ep  673 | AvgR 0.0003 | Global 0.9291 | Local 0.1783 | F1_macro 0.6415 | WorstLoss 1.4108
[Tracker] Ep  674 | AvgR 0.0003 | Global 0.9366 | Local 0.1554 | F1_macro 0.6542 | WorstLoss 1.5335
[Tracker] Ep  675 | AvgR 0.0003 | Global 0.9211 | Local 0.1557 | F1_macro 0.6501 | WorstLoss 1.6015
[Tracker] Saved snapshot: ep0675_phase1_class1
[Tracker] Ep  676 | AvgR 0.0003 | Global 0.9265 | Local 0.1848 | F1_macro 0.6500 | WorstLoss 1.4962
[Tracker] Ep  677 | AvgR 0.0003 | Global 0.9374 | Local 0.1749 | F1_macro 0.6608 | WorstLoss 1.3512
[Tracker] Ep  678 | AvgR 0.0003 | Global 0.9364 | Local 0.1440 | F1_macro 0.6531 | WorstLoss 1.5269
[Tracker] Ep  679 | AvgR 0.0003 | Global 0.9280 | Local 0.1677 | F1_macro 0.6571 | WorstLoss 1.6033
[Tracker] Ep  680 | AvgR 0.0003 | Global 0.9328 | Local 0.1551 | F1_macro 0.6538 | WorstLoss 1.3723
[Tracker] Saved snapshot: ep0680_phase1_class1
[Tracker] Ep  681 | AvgR 0.0003 | Global 0.9288 | Local 0.1243 | F1_macro 0.6497 | WorstLoss 1.2929
[Tracker] Ep  682 | AvgR 0.0003 | Global 0.9257 | Local 0.1621 | F1_macro 0.6516 | WorstLoss 1.7766
[Tracker] Ep  683 | AvgR 0.0003 | Global 0.9338 | Local 0.1538 | F1_macro 0.6484 | WorstLoss 1.4937
[Tracker] Ep  684 | AvgR 0.0003 | Global 0.9323 | Local 0.1511 | F1_macro 0.6461 | WorstLoss 1.2847
[Tracker] Ep  685 | AvgR 0.0003 | Global 0.9429 | Local 0.1590 | F1_macro 0.6596 | WorstLoss 1.5310
[Tracker] Saved snapshot: ep0685_phase1_class1
[Tracker] Ep  686 | AvgR 0.0003 | Global 0.9253 | Local 0.1564 | F1_macro 0.6566 | WorstLoss 1.4864
[Tracker] Ep  687 | AvgR 0.0003 | Global 0.9203 | Local 0.1531 | F1_macro 0.6410 | WorstLoss 1.5383
[Tracker] Ep  688 | AvgR 0.0003 | Global 0.9186 | Local 0.1566 | F1_macro 0.6491 | WorstLoss 1.4389
[Tracker] Ep  689 | AvgR 0.0003 | Global 0.9284 | Local 0.1865 | F1_macro 0.6485 | WorstLoss 1.5356
[Tracker] Ep  690 | AvgR 0.0003 | Global 0.9522 | Local 0.1452 | F1_macro 0.6650 | WorstLoss 1.3228
[Tracker] Saved snapshot: ep0690_phase1_class1
[Tracker] Ep  691 | AvgR 0.0003 | Global 0.9379 | Local 0.1655 | F1_macro 0.6648 | WorstLoss 1.3789
[Tracker] Ep  692 | AvgR 0.0003 | Global 0.9272 | Local 0.1479 | F1_macro 0.6363 | WorstLoss 1.4736
[Tracker] Ep  693 | AvgR 0.0003 | Global 0.9332 | Local 0.1476 | F1_macro 0.6562 | WorstLoss 1.4753
[Tracker] Ep  694 | AvgR 0.0003 | Global 0.9130 | Local 0.1514 | F1_macro 0.6437 | WorstLoss 1.6157
[Tracker] Ep  695 | AvgR 0.0003 | Global 0.9357 | Local 0.1368 | F1_macro 0.6584 | WorstLoss 1.4760
[Tracker] Saved snapshot: ep0695_phase1_class1
[Tracker] Ep  696 | AvgR 0.0003 | Global 0.9304 | Local 0.1642 | F1_macro 0.6442 | WorstLoss 1.5561
[Tracker] Ep  697 | AvgR 0.0003 | Global 0.9290 | Local 0.1245 | F1_macro 0.6597 | WorstLoss 1.4719
[Tracker] Ep  698 | AvgR 0.0003 | Global 0.9323 | Local 0.1397 | F1_macro 0.6557 | WorstLoss 1.2159
[Tracker] Ep  699 | AvgR 0.0003 | Global 0.9234 | Local 0.1568 | F1_macro 0.6440 | WorstLoss 1.3416
[Tracker] Ep  700 | AvgR 0.0003 | Global 0.9320 | Local 0.1360 | F1_macro 0.6619 | WorstLoss 1.2617
[Tracker] Saved snapshot: ep0700_phase1_class1
[Tracker] Ep  701 | AvgR 0.0003 | Global 0.9390 | Local 0.1718 | F1_macro 0.6708 | WorstLoss 1.5195
[Tracker] Ep  702 | AvgR 0.0003 | Global 0.9231 | Local 0.1497 | F1_macro 0.6600 | WorstLoss 1.3656
[Tracker] Ep  703 | AvgR 0.0003 | Global 0.9206 | Local 0.1415 | F1_macro 0.6468 | WorstLoss 1.4615
[Tracker] Ep  704 | AvgR 0.0003 | Global 0.9313 | Local 0.1435 | F1_macro 0.6487 | WorstLoss 1.4210
[Tracker] Ep  705 | AvgR 0.0003 | Global 0.9134 | Local 0.1626 | F1_macro 0.6447 | WorstLoss 1.4438
[Tracker] Saved snapshot: ep0705_phase1_class1
[Tracker] Ep  706 | AvgR 0.0003 | Global 0.9322 | Local 0.1568 | F1_macro 0.6535 | WorstLoss 1.3088
[Tracker] Ep  707 | AvgR 0.0003 | Global 0.9442 | Local 0.1416 | F1_macro 0.6657 | WorstLoss 1.3376
[Tracker] Ep  708 | AvgR 0.0003 | Global 0.9163 | Local 0.1593 | F1_macro 0.6471 | WorstLoss 1.3601
[Tracker] Ep  709 | AvgR 0.0003 | Global 0.9219 | Local 0.1471 | F1_macro 0.6417 | WorstLoss 1.2919
[Tracker] Ep  710 | AvgR 0.0003 | Global 0.9569 | Local 0.1312 | F1_macro 0.6758 | WorstLoss 1.2554
[Tracker] Saved snapshot: ep0710_phase1_class1
[Tracker] Ep  711 | AvgR 0.0003 | Global 0.9332 | Local 0.1658 | F1_macro 0.6608 | WorstLoss 1.3407
[Tracker] Ep  712 | AvgR 0.0003 | Global 0.9483 | Local 0.1544 | F1_macro 0.6730 | WorstLoss 1.4415
[Tracker] Ep  713 | AvgR 0.0003 | Global 0.9428 | Local 0.1219 | F1_macro 0.6559 | WorstLoss 1.3697
[Tracker] Ep  714 | AvgR 0.0003 | Global 0.9462 | Local 0.1610 | F1_macro 0.6658 | WorstLoss 1.4784
[Tracker] Ep  715 | AvgR 0.0003 | Global 0.9153 | Local 0.1531 | F1_macro 0.6510 | WorstLoss 1.5659
[Tracker] Saved snapshot: ep0715_phase1_class1
[Tracker] Ep  716 | AvgR 0.0003 | Global 0.9426 | Local 0.1650 | F1_macro 0.6563 | WorstLoss 1.5422
[Tracker] Ep  717 | AvgR 0.0003 | Global 0.9271 | Local 0.1376 | F1_macro 0.6573 | WorstLoss 1.4748
[Tracker] Ep  718 | AvgR 0.0003 | Global 0.9284 | Local 0.1711 | F1_macro 0.6472 | WorstLoss 1.6496
[Tracker] Ep  719 | AvgR 0.0003 | Global 0.9101 | Local 0.1703 | F1_macro 0.6407 | WorstLoss 1.5083
[Tracker] Ep  720 | AvgR 0.0003 | Global 0.9204 | Local 0.1499 | F1_macro 0.6471 | WorstLoss 1.4104
[Tracker] Saved snapshot: ep0720_phase1_class1
[Tracker] Ep  721 | AvgR 0.0003 | Global 0.9144 | Local 0.1492 | F1_macro 0.6461 | WorstLoss 1.4091
[Tracker] Ep  722 | AvgR 0.0003 | Global 0.9419 | Local 0.1802 | F1_macro 0.6470 | WorstLoss 1.4742
[Tracker] Ep  723 | AvgR 0.0003 | Global 0.9240 | Local 0.1672 | F1_macro 0.6526 | WorstLoss 1.2691
[Tracker] Ep  724 | AvgR 0.0003 | Global 0.9337 | Local 0.1692 | F1_macro 0.6550 | WorstLoss 1.4940
[Tracker] Ep  725 | AvgR 0.0003 | Global 0.9436 | Local 0.1539 | F1_macro 0.6646 | WorstLoss 1.4533
[Tracker] Saved snapshot: ep0725_phase1_class1
[Tracker] Ep  726 | AvgR 0.0003 | Global 0.9326 | Local 0.1511 | F1_macro 0.6566 | WorstLoss 1.4138
[Tracker] Ep  727 | AvgR 0.0003 | Global 0.9418 | Local 0.1392 | F1_macro 0.6551 | WorstLoss 1.4402
[Tracker] Ep  728 | AvgR 0.0003 | Global 0.9284 | Local 0.1489 | F1_macro 0.6502 | WorstLoss 1.3497
[Tracker] Ep  729 | AvgR 0.0003 | Global 0.9277 | Local 0.1465 | F1_macro 0.6471 | WorstLoss 1.4025
[Tracker] Ep  730 | AvgR 0.0003 | Global 0.9182 | Local 0.1652 | F1_macro 0.6484 | WorstLoss 1.3214
[Tracker] Saved snapshot: ep0730_phase1_class1
[Tracker] Ep  731 | AvgR 0.0003 | Global 0.9210 | Local 0.1703 | F1_macro 0.6412 | WorstLoss 1.6351
[Tracker] Ep  732 | AvgR 0.0003 | Global 0.9120 | Local 0.1593 | F1_macro 0.6522 | WorstLoss 1.5039
[Tracker] Ep  733 | AvgR 0.0003 | Global 0.9383 | Local 0.1401 | F1_macro 0.6713 | WorstLoss 1.3019
[Tracker] Ep  734 | AvgR 0.0003 | Global 0.9130 | Local 0.1352 | F1_macro 0.6544 | WorstLoss 1.3615
[Tracker] Ep  735 | AvgR 0.0003 | Global 0.9242 | Local 0.1622 | F1_macro 0.6546 | WorstLoss 1.5182
[Tracker] Saved snapshot: ep0735_phase1_class1
[Tracker] Ep  736 | AvgR 0.0003 | Global 0.9207 | Local 0.1408 | F1_macro 0.6466 | WorstLoss 1.3394
[Tracker] Ep  737 | AvgR 0.0003 | Global 0.9208 | Local 0.1732 | F1_macro 0.6472 | WorstLoss 1.5154
[Tracker] Ep  738 | AvgR 0.0003 | Global 0.9310 | Local 0.1478 | F1_macro 0.6633 | WorstLoss 1.5370
[Tracker] Ep  739 | AvgR 0.0003 | Global 0.9314 | Local 0.1567 | F1_macro 0.6515 | WorstLoss 1.5354
[Tracker] Ep  740 | AvgR 0.0003 | Global 0.9212 | Local 0.1499 | F1_macro 0.6391 | WorstLoss 1.3225
[Tracker] Saved snapshot: ep0740_phase1_class1
[Tracker] Ep  741 | AvgR 0.0003 | Global 0.9398 | Local 0.1419 | F1_macro 0.6653 | WorstLoss 1.2083
[Tracker] Ep  742 | AvgR 0.0003 | Global 0.9346 | Local 0.1546 | F1_macro 0.6565 | WorstLoss 1.3568
[Tracker] Ep  743 | AvgR 0.0003 | Global 0.9270 | Local 0.1393 | F1_macro 0.6535 | WorstLoss 1.3247
[Tracker] Ep  744 | AvgR 0.0003 | Global 0.9427 | Local 0.1529 | F1_macro 0.6576 | WorstLoss 1.2708
[Tracker] Ep  745 | AvgR 0.0003 | Global 0.9411 | Local 0.1453 | F1_macro 0.6553 | WorstLoss 1.3239
[Tracker] Saved snapshot: ep0745_phase1_class1
[Tracker] Ep  746 | AvgR 0.0003 | Global 0.9353 | Local 0.1508 | F1_macro 0.6649 | WorstLoss 1.3359
[Tracker] Ep  747 | AvgR 0.0003 | Global 0.9219 | Local 0.1324 | F1_macro 0.6559 | WorstLoss 1.5274
[Tracker] Ep  748 | AvgR 0.0003 | Global 0.9262 | Local 0.1749 | F1_macro 0.6453 | WorstLoss 1.4239
[Tracker] Ep  749 | AvgR 0.0003 | Global 0.9363 | Local 0.1789 | F1_macro 0.6601 | WorstLoss 1.3422
[Tracker] Ep  750 | AvgR 0.0003 | Global 0.9441 | Local 0.1555 | F1_macro 0.6523 | WorstLoss 1.4538
[Tracker] Saved snapshot: ep0750_phase1_class1
[Tracker] Ep  751 | AvgR 0.0003 | Global 0.9390 | Local 0.1371 | F1_macro 0.6566 | WorstLoss 1.3963
[Tracker] Ep  752 | AvgR 0.0003 | Global 0.9109 | Local 0.1484 | F1_macro 0.6420 | WorstLoss 1.4232
[Tracker] Ep  753 | AvgR 0.0003 | Global 0.9213 | Local 0.1474 | F1_macro 0.6547 | WorstLoss 1.3505
[Tracker] Ep  754 | AvgR 0.0003 | Global 0.9381 | Local 0.1602 | F1_macro 0.6628 | WorstLoss 1.2272
[Tracker] Ep  755 | AvgR 0.0003 | Global 0.9359 | Local 0.1630 | F1_macro 0.6574 | WorstLoss 1.2730
[Tracker] Saved snapshot: ep0755_phase1_class1
[Tracker] Ep  756 | AvgR 0.0003 | Global 0.9307 | Local 0.1400 | F1_macro 0.6538 | WorstLoss 1.2679
[Tracker] Ep  757 | AvgR 0.0003 | Global 0.9398 | Local 0.1534 | F1_macro 0.6575 | WorstLoss 1.3041
[Tracker] Ep  758 | AvgR 0.0003 | Global 0.9481 | Local 0.1413 | F1_macro 0.6565 | WorstLoss 1.2402
[Tracker] Ep  759 | AvgR 0.0003 | Global 0.9184 | Local 0.1426 | F1_macro 0.6467 | WorstLoss 1.6146
[Tracker] Ep  760 | AvgR 0.0003 | Global 0.9330 | Local 0.1467 | F1_macro 0.6469 | WorstLoss 1.3579
[Tracker] Saved snapshot: ep0760_phase1_class1
[Tracker] Ep  761 | AvgR 0.0003 | Global 0.9238 | Local 0.1411 | F1_macro 0.6499 | WorstLoss 1.2159
[Tracker] Ep  762 | AvgR 0.0003 | Global 0.9276 | Local 0.1954 | F1_macro 0.6490 | WorstLoss 1.4627
[Tracker] Ep  763 | AvgR 0.0003 | Global 0.9275 | Local 0.1494 | F1_macro 0.6502 | WorstLoss 1.4902
[Tracker] Ep  764 | AvgR 0.0003 | Global 0.9218 | Local 0.1589 | F1_macro 0.6457 | WorstLoss 1.3487
[Tracker] Ep  765 | AvgR 0.0003 | Global 0.9465 | Local 0.1371 | F1_macro 0.6696 | WorstLoss 1.3356
[Tracker] Saved snapshot: ep0765_phase1_class1
[Tracker] Ep  766 | AvgR 0.0003 | Global 0.9269 | Local 0.1635 | F1_macro 0.6481 | WorstLoss 1.2753
[Tracker] Ep  767 | AvgR 0.0003 | Global 0.9314 | Local 0.1803 | F1_macro 0.6481 | WorstLoss 1.5811
[Tracker] Ep  768 | AvgR 0.0003 | Global 0.9125 | Local 0.1755 | F1_macro 0.6355 | WorstLoss 1.3362
[Tracker] Ep  769 | AvgR 0.0003 | Global 0.9537 | Local 0.1578 | F1_macro 0.6648 | WorstLoss 1.5349
[Tracker] Ep  770 | AvgR 0.0003 | Global 0.9263 | Local 0.1605 | F1_macro 0.6572 | WorstLoss 1.4981
[Tracker] Saved snapshot: ep0770_phase1_class1
[Tracker] Ep  771 | AvgR 0.0003 | Global 0.9396 | Local 0.1509 | F1_macro 0.6533 | WorstLoss 1.4613
[Tracker] Ep  772 | AvgR 0.0003 | Global 0.9164 | Local 0.1537 | F1_macro 0.6507 | WorstLoss 1.2363
[Tracker] Ep  773 | AvgR 0.0003 | Global 0.9510 | Local 0.1340 | F1_macro 0.6568 | WorstLoss 1.1955
[Tracker] Ep  774 | AvgR 0.0003 | Global 0.9193 | Local 0.1542 | F1_macro 0.6495 | WorstLoss 1.3412
[Tracker] Ep  775 | AvgR 0.0003 | Global 0.9255 | Local 0.1396 | F1_macro 0.6457 | WorstLoss 1.3194
[Tracker] Saved snapshot: ep0775_phase1_class1
[Tracker] Ep  776 | AvgR 0.0003 | Global 0.9237 | Local 0.1533 | F1_macro 0.6505 | WorstLoss 1.2236
[Tracker] Ep  777 | AvgR 0.0003 | Global 0.9361 | Local 0.1478 | F1_macro 0.6530 | WorstLoss 1.4024
[Tracker] Ep  778 | AvgR 0.0003 | Global 0.9312 | Local 0.1396 | F1_macro 0.6437 | WorstLoss 1.4860
[Tracker] Ep  779 | AvgR 0.0003 | Global 0.9220 | Local 0.1419 | F1_macro 0.6689 | WorstLoss 1.4588
[Tracker] Ep  780 | AvgR 0.0003 | Global 0.9295 | Local 0.1414 | F1_macro 0.6538 | WorstLoss 1.4073
[Tracker] Saved snapshot: ep0780_phase1_class1
[Tracker] Ep  781 | AvgR 0.0003 | Global 0.9364 | Local 0.1438 | F1_macro 0.6551 | WorstLoss 1.5054
[Tracker] Ep  782 | AvgR 0.0003 | Global 0.9199 | Local 0.1435 | F1_macro 0.6470 | WorstLoss 1.4410
[Tracker] Ep  783 | AvgR 0.0003 | Global 0.9183 | Local 0.1740 | F1_macro 0.6488 | WorstLoss 1.5724
[Tracker] Ep  784 | AvgR 0.0003 | Global 0.9337 | Local 0.1226 | F1_macro 0.6659 | WorstLoss 1.2829
[Tracker] Ep  785 | AvgR 0.0003 | Global 0.9219 | Local 0.1535 | F1_macro 0.6427 | WorstLoss 1.4083
[Tracker] Saved snapshot: ep0785_phase1_class1
[Tracker] Ep  786 | AvgR 0.0003 | Global 0.9163 | Local 0.1421 | F1_macro 0.6558 | WorstLoss 1.3538
[Tracker] Ep  787 | AvgR 0.0003 | Global 0.9373 | Local 0.1662 | F1_macro 0.6627 | WorstLoss 1.5759
[Tracker] Ep  788 | AvgR 0.0003 | Global 0.9217 | Local 0.1875 | F1_macro 0.6437 | WorstLoss 1.5358
[Tracker] Ep  789 | AvgR 0.0003 | Global 0.9098 | Local 0.1613 | F1_macro 0.6433 | WorstLoss 1.4042
[Tracker] Ep  790 | AvgR 0.0003 | Global 0.9474 | Local 0.1293 | F1_macro 0.6678 | WorstLoss 1.3368
[Tracker] Saved snapshot: ep0790_phase1_class1
[Tracker] Ep  791 | AvgR 0.0003 | Global 0.9304 | Local 0.1724 | F1_macro 0.6432 | WorstLoss 1.5622
[Tracker] Ep  792 | AvgR 0.0003 | Global 0.9350 | Local 0.1512 | F1_macro 0.6599 | WorstLoss 1.3222
[Tracker] Ep  793 | AvgR 0.0003 | Global 0.9345 | Local 0.1488 | F1_macro 0.6553 | WorstLoss 1.5018
[Tracker] Ep  794 | AvgR 0.0003 | Global 0.9488 | Local 0.1207 | F1_macro 0.6658 | WorstLoss 1.3558
[Tracker] Ep  795 | AvgR 0.0003 | Global 0.9322 | Local 0.1656 | F1_macro 0.6553 | WorstLoss 1.3597
[Tracker] Saved snapshot: ep0795_phase1_class1
[Tracker] Ep  796 | AvgR 0.0003 | Global 0.9153 | Local 0.1395 | F1_macro 0.6380 | WorstLoss 1.7039
[Tracker] Ep  797 | AvgR 0.0003 | Global 0.9300 | Local 0.1727 | F1_macro 0.6470 | WorstLoss 1.4866
[Tracker] Ep  798 | AvgR 0.0003 | Global 0.9379 | Local 0.1503 | F1_macro 0.6601 | WorstLoss 1.4457
[Tracker] Ep  799 | AvgR 0.0003 | Global 0.8970 | Local 0.1900 | F1_macro 0.6405 | WorstLoss 1.3639
[Tracker] Ep  800 | AvgR 0.0003 | Global 0.9338 | Local 0.1399 | F1_macro 0.6603 | WorstLoss 1.4974
[Tracker] Saved snapshot: ep0800_phase1_class1
[Phase] Finished phase1_class1 | best global_obj=0.9945
Phase 2 anchors: 1655 (y=0 & disadv=1)
FFNN Using device: cuda:0

============================================================
[Phase] Starting phase2_class0 | target_class=0 | episodes=200
============================================================
[Tracker] Ep    1 | AvgR 0.0003 | Global 0.9776 | Local 0.4622 | F1_macro 0.6724 | WorstLoss 1.5255
[Tracker] New BEST synthetic [phase2_class0] (by global.global_obj: 0.977625) saved.
[Tracker] BEST β weights [phase2_class0] saved -> training_runs/SPECv17c_bias010_ds030_rl_census_3seeds_EP800_PCA10_REWfairness_minID1_majID0_TRJ2000_REAL3000_BIAS0.1_GG202603181628_95f1d3ce/seed_0/best_beta_state_dict_phase2_class0.pt
[Tracker] Ep    2 | AvgR 0.0003 | Global 0.9709 | Local 0.3758 | F1_macro 0.6691 | WorstLoss 1.7006
[Tracker] Ep    3 | AvgR 0.0003 | Global 0.9824 | Local 0.5280 | F1_macro 0.6594 | WorstLoss 1.6665
[Tracker] New BEST synthetic [phase2_class0] (by global.global_obj: 0.982398) saved.
[Tracker] BEST β weights [phase2_class0] saved -> training_runs/SPECv17c_bias010_ds030_rl_census_3seeds_EP800_PCA10_REWfairness_minID1_majID0_TRJ2000_REAL3000_BIAS0.1_GG202603181628_95f1d3ce/seed_0/best_beta_state_dict_phase2_class0.pt
[Tracker] Ep    4 | AvgR 0.0003 | Global 0.9738 | Local 0.4483 | F1_macro 0.6644 | WorstLoss 1.7693
[Tracker] Ep    5 | AvgR 0.0003 | Global 0.9685 | Local 0.4675 | F1_macro 0.6510 | WorstLoss 1.7817
[Tracker] Saved snapshot: ep0005_phase2_class0
[Tracker] Ep    6 | AvgR 0.0003 | Global 0.9814 | Local 0.4625 | F1_macro 0.6851 | WorstLoss 1.4760
[Tracker] Ep    7 | AvgR 0.0003 | Global 0.9755 | Local 0.4833 | F1_macro 0.6732 | WorstLoss 1.5739
[Tracker] Ep    8 | AvgR 0.0003 | Global 0.9678 | Local 0.3869 | F1_macro 0.6578 | WorstLoss 1.7980
[Tracker] Ep    9 | AvgR 0.0003 | Global 0.9869 | Local 0.5386 | F1_macro 0.6673 | WorstLoss 1.5904
[Tracker] New BEST synthetic [phase2_class0] (by global.global_obj: 0.986864) saved.
[Tracker] BEST β weights [phase2_class0] saved -> training_runs/SPECv17c_bias010_ds030_rl_census_3seeds_EP800_PCA10_REWfairness_minID1_majID0_TRJ2000_REAL3000_BIAS0.1_GG202603181628_95f1d3ce/seed_0/best_beta_state_dict_phase2_class0.pt
[Tracker] Ep   10 | AvgR 0.0003 | Global 0.9658 | Local 0.4368 | F1_macro 0.6222 | WorstLoss 1.7036
[Tracker] Saved snapshot: ep0010_phase2_class0
[Tracker] Ep   11 | AvgR 0.0003 | Global 0.9875 | Local 0.5582 | F1_macro 0.6663 | WorstLoss 1.3018
[Tracker] New BEST synthetic [phase2_class0] (by global.global_obj: 0.987512) saved.
[Tracker] BEST β weights [phase2_class0] saved -> training_runs/SPECv17c_bias010_ds030_rl_census_3seeds_EP800_PCA10_REWfairness_minID1_majID0_TRJ2000_REAL3000_BIAS0.1_GG202603181628_95f1d3ce/seed_0/best_beta_state_dict_phase2_class0.pt
[Tracker] Ep   12 | AvgR 0.0003 | Global 0.9767 | Local 0.5288 | F1_macro 0.6611 | WorstLoss 1.5130
[Tracker] Ep   13 | AvgR 0.0003 | Global 0.9751 | Local 0.4801 | F1_macro 0.6704 | WorstLoss 1.8251
[Tracker] Ep   14 | AvgR 0.0003 | Global 0.9795 | Local 0.5212 | F1_macro 0.6656 | WorstLoss 1.5251
[Tracker] Ep   15 | AvgR 0.0003 | Global 0.9838 | Local 0.5305 | F1_macro 0.6625 | WorstLoss 1.4704
[Tracker] Saved snapshot: ep0015_phase2_class0
[Tracker] Ep   16 | AvgR 0.0003 | Global 0.9749 | Local 0.4746 | F1_macro 0.6813 | WorstLoss 1.6816
[Tracker] Ep   17 | AvgR 0.0003 | Global 0.9722 | Local 0.4796 | F1_macro 0.6484 | WorstLoss 1.6948
[Tracker] Ep   18 | AvgR 0.0003 | Global 0.9599 | Local 0.4378 | F1_macro 0.6701 | WorstLoss 1.7592
[Tracker] Ep   19 | AvgR 0.0003 | Global 0.9746 | Local 0.4390 | F1_macro 0.6741 | WorstLoss 1.7784
[Tracker] Ep   20 | AvgR 0.0003 | Global 0.9770 | Local 0.4004 | F1_macro 0.6659 | WorstLoss 1.6911
[Tracker] Saved snapshot: ep0020_phase2_class0
[Tracker] Ep   21 | AvgR 0.0003 | Global 0.9871 | Local 0.5368 | F1_macro 0.6771 | WorstLoss 1.4728
[Tracker] Ep   22 | AvgR 0.0003 | Global 0.9685 | Local 0.5248 | F1_macro 0.6708 | WorstLoss 1.7167
[Tracker] Ep   23 | AvgR 0.0003 | Global 0.9883 | Local 0.4527 | F1_macro 0.6896 | WorstLoss 1.4636
[Tracker] New BEST synthetic [phase2_class0] (by global.global_obj: 0.988310) saved.
[Tracker] BEST β weights [phase2_class0] saved -> training_runs/SPECv17c_bias010_ds030_rl_census_3seeds_EP800_PCA10_REWfairness_minID1_majID0_TRJ2000_REAL3000_BIAS0.1_GG202603181628_95f1d3ce/seed_0/best_beta_state_dict_phase2_class0.pt
[Tracker] Ep   24 | AvgR 0.0003 | Global 0.9777 | Local 0.4915 | F1_macro 0.6551 | WorstLoss 1.7114
[Tracker] Ep   25 | AvgR 0.0003 | Global 0.9790 | Local 0.5153 | F1_macro 0.6629 | WorstLoss 1.5043
[Tracker] Saved snapshot: ep0025_phase2_class0
[Tracker] Ep   26 | AvgR 0.0004 | Global 0.9716 | Local 0.5688 | F1_macro 0.6589 | WorstLoss 1.4691
[Tracker] Ep   27 | AvgR 0.0003 | Global 0.9676 | Local 0.4844 | F1_macro 0.6572 | WorstLoss 1.7492
[Tracker] Ep   28 | AvgR 0.0003 | Global 0.9794 | Local 0.5047 | F1_macro 0.6672 | WorstLoss 1.5511
[Tracker] Ep   29 | AvgR 0.0003 | Global 0.9854 | Local 0.4910 | F1_macro 0.6758 | WorstLoss 1.5034
[Tracker] Ep   30 | AvgR 0.0003 | Global 0.9873 | Local 0.4906 | F1_macro 0.6811 | WorstLoss 1.3928
[Tracker] Saved snapshot: ep0030_phase2_class0
[Tracker] Ep   31 | AvgR 0.0003 | Global 0.9728 | Local 0.4886 | F1_macro 0.6665 | WorstLoss 1.4942
[Tracker] Ep   32 | AvgR 0.0003 | Global 0.9803 | Local 0.4839 | F1_macro 0.6564 | WorstLoss 1.8282
[Tracker] Ep   33 | AvgR 0.0003 | Global 0.9652 | Local 0.4260 | F1_macro 0.6508 | WorstLoss 1.6330
[Tracker] Ep   34 | AvgR 0.0003 | Global 0.9825 | Local 0.5071 | F1_macro 0.6830 | WorstLoss 1.5331
[Tracker] Ep   35 | AvgR 0.0003 | Global 0.9675 | Local 0.5339 | F1_macro 0.6634 | WorstLoss 1.6065
[Tracker] Saved snapshot: ep0035_phase2_class0
[Tracker] Ep   36 | AvgR 0.0003 | Global 0.9870 | Local 0.4959 | F1_macro 0.6656 | WorstLoss 1.6011
[Tracker] Ep   37 | AvgR 0.0003 | Global 0.9702 | Local 0.5492 | F1_macro 0.6650 | WorstLoss 1.5448
[Tracker] Ep   38 | AvgR 0.0003 | Global 0.9772 | Local 0.4718 | F1_macro 0.6720 | WorstLoss 1.4733
[Tracker] Ep   39 | AvgR 0.0004 | Global 0.9805 | Local 0.5581 | F1_macro 0.6784 | WorstLoss 1.3908
[Tracker] Ep   40 | AvgR 0.0003 | Global 0.9592 | Local 0.4684 | F1_macro 0.6502 | WorstLoss 1.8854
[Tracker] Saved snapshot: ep0040_phase2_class0
[Tracker] Ep   41 | AvgR 0.0003 | Global 0.9836 | Local 0.4176 | F1_macro 0.6641 | WorstLoss 1.6279
[Tracker] Ep   42 | AvgR 0.0003 | Global 0.9748 | Local 0.4672 | F1_macro 0.6643 | WorstLoss 1.7187
[Tracker] Ep   43 | AvgR 0.0003 | Global 0.9695 | Local 0.5041 | F1_macro 0.6549 | WorstLoss 1.7211
[Tracker] Ep   44 | AvgR 0.0004 | Global 0.9698 | Local 0.5835 | F1_macro 0.6649 | WorstLoss 1.6063
[Tracker] Ep   45 | AvgR 0.0003 | Global 0.9833 | Local 0.4614 | F1_macro 0.6729 | WorstLoss 1.6002
[Tracker] Saved snapshot: ep0045_phase2_class0
[Tracker] Ep   46 | AvgR 0.0003 | Global 0.9637 | Local 0.5011 | F1_macro 0.6526 | WorstLoss 1.7224
[Tracker] Ep   47 | AvgR 0.0004 | Global 0.9839 | Local 0.5567 | F1_macro 0.6844 | WorstLoss 1.4488
[Tracker] Ep   48 | AvgR 0.0003 | Global 0.9726 | Local 0.5381 | F1_macro 0.6679 | WorstLoss 1.4658
[Tracker] Ep   49 | AvgR 0.0004 | Global 0.9775 | Local 0.5924 | F1_macro 0.6657 | WorstLoss 1.4373
[Tracker] Ep   50 | AvgR 0.0003 | Global 0.9603 | Local 0.5400 | F1_macro 0.6540 | WorstLoss 1.6390
[Tracker] Saved snapshot: ep0050_phase2_class0
[Tracker] Ep   51 | AvgR 0.0003 | Global 0.9884 | Local 0.5297 | F1_macro 0.6895 | WorstLoss 1.3164
[Tracker] New BEST synthetic [phase2_class0] (by global.global_obj: 0.988393) saved.
[Tracker] BEST β weights [phase2_class0] saved -> training_runs/SPECv17c_bias010_ds030_rl_census_3seeds_EP800_PCA10_REWfairness_minID1_majID0_TRJ2000_REAL3000_BIAS0.1_GG202603181628_95f1d3ce/seed_0/best_beta_state_dict_phase2_class0.pt
[Tracker] Ep   52 | AvgR 0.0003 | Global 0.9600 | Local 0.5181 | F1_macro 0.6619 | WorstLoss 1.4860
[Tracker] Ep   53 | AvgR 0.0003 | Global 0.9780 | Local 0.4966 | F1_macro 0.6643 | WorstLoss 1.7226
[Tracker] Ep   54 | AvgR 0.0003 | Global 0.9635 | Local 0.5547 | F1_macro 0.6251 | WorstLoss 1.6726
[Tracker] Ep   55 | AvgR 0.0004 | Global 0.9792 | Local 0.5626 | F1_macro 0.6790 | WorstLoss 1.6503
[Tracker] Saved snapshot: ep0055_phase2_class0
[Tracker] Ep   56 | AvgR 0.0003 | Global 0.9780 | Local 0.4877 | F1_macro 0.6675 | WorstLoss 1.8180
[Tracker] Ep   57 | AvgR 0.0003 | Global 0.9721 | Local 0.4437 | F1_macro 0.6946 | WorstLoss 1.8764
[Tracker] Ep   58 | AvgR 0.0003 | Global 0.9805 | Local 0.4893 | F1_macro 0.6724 | WorstLoss 1.4080
[Tracker] Ep   59 | AvgR 0.0004 | Global 0.9822 | Local 0.5955 | F1_macro 0.6688 | WorstLoss 1.1814
[Tracker] Ep   60 | AvgR 0.0003 | Global 0.9862 | Local 0.5151 | F1_macro 0.6776 | WorstLoss 1.4922
[Tracker] Saved snapshot: ep0060_phase2_class0
[Tracker] Ep   61 | AvgR 0.0003 | Global 0.9808 | Local 0.4845 | F1_macro 0.6694 | WorstLoss 1.6396
[Tracker] Ep   62 | AvgR 0.0004 | Global 0.9751 | Local 0.5676 | F1_macro 0.6796 | WorstLoss 1.6022
[Tracker] Ep   63 | AvgR 0.0004 | Global 0.9640 | Local 0.5610 | F1_macro 0.6680 | WorstLoss 1.4564
[Tracker] Ep   64 | AvgR 0.0004 | Global 0.9855 | Local 0.5716 | F1_macro 0.6848 | WorstLoss 1.3816
[Tracker] Ep   65 | AvgR 0.0003 | Global 0.9892 | Local 0.5213 | F1_macro 0.6813 | WorstLoss 1.5962
[Tracker] Saved snapshot: ep0065_phase2_class0
[Tracker] New BEST synthetic [phase2_class0] (by global.global_obj: 0.989157) saved.
[Tracker] BEST β weights [phase2_class0] saved -> training_runs/SPECv17c_bias010_ds030_rl_census_3seeds_EP800_PCA10_REWfairness_minID1_majID0_TRJ2000_REAL3000_BIAS0.1_GG202603181628_95f1d3ce/seed_0/best_beta_state_dict_phase2_class0.pt
[Tracker] Ep   66 | AvgR 0.0004 | Global 0.9796 | Local 0.5387 | F1_macro 0.6629 | WorstLoss 1.4546
[Tracker] Ep   67 | AvgR 0.0003 | Global 0.9807 | Local 0.5116 | F1_macro 0.6795 | WorstLoss 1.6760
[Tracker] Ep   68 | AvgR 0.0003 | Global 0.9862 | Local 0.5252 | F1_macro 0.6787 | WorstLoss 1.6487
[Tracker] Ep   69 | AvgR 0.0004 | Global 0.9812 | Local 0.6310 | F1_macro 0.6653 | WorstLoss 1.3621
[Tracker] Ep   70 | AvgR 0.0004 | Global 0.9884 | Local 0.6224 | F1_macro 0.6770 | WorstLoss 1.4564
[Tracker] Saved snapshot: ep0070_phase2_class0
[Tracker] Ep   71 | AvgR 0.0004 | Global 0.9823 | Local 0.6004 | F1_macro 0.6720 | WorstLoss 1.5530
[Tracker] Ep   72 | AvgR 0.0003 | Global 0.9753 | Local 0.5212 | F1_macro 0.6687 | WorstLoss 1.5073
[Tracker] Ep   73 | AvgR 0.0004 | Global 0.9816 | Local 0.5930 | F1_macro 0.6606 | WorstLoss 1.4461
[Tracker] Ep   74 | AvgR 0.0004 | Global 0.9819 | Local 0.5899 | F1_macro 0.6761 | WorstLoss 1.5265
[Tracker] Ep   75 | AvgR 0.0003 | Global 0.9705 | Local 0.5361 | F1_macro 0.6442 | WorstLoss 1.6220
[Tracker] Saved snapshot: ep0075_phase2_class0
[Tracker] Ep   76 | AvgR 0.0004 | Global 0.9832 | Local 0.5475 | F1_macro 0.6837 | WorstLoss 1.3052
[Tracker] Ep   77 | AvgR 0.0004 | Global 0.9818 | Local 0.5362 | F1_macro 0.6861 | WorstLoss 1.7263
[Tracker] Ep   78 | AvgR 0.0004 | Global 0.9790 | Local 0.5409 | F1_macro 0.6769 | WorstLoss 1.7331
[Tracker] Ep   79 | AvgR 0.0004 | Global 0.9771 | Local 0.6429 | F1_macro 0.6779 | WorstLoss 1.2812
[Tracker] Ep   80 | AvgR 0.0004 | Global 0.9859 | Local 0.6467 | F1_macro 0.6885 | WorstLoss 1.2501
[Tracker] Saved snapshot: ep0080_phase2_class0
[Tracker] Ep   81 | AvgR 0.0004 | Global 0.9644 | Local 0.5560 | F1_macro 0.6420 | WorstLoss 1.8081
[Tracker] Ep   82 | AvgR 0.0004 | Global 0.9691 | Local 0.5358 | F1_macro 0.6546 | WorstLoss 1.5947
[Tracker] Ep   83 | AvgR 0.0004 | Global 0.9729 | Local 0.5806 | F1_macro 0.6580 | WorstLoss 1.4346
[Tracker] Ep   84 | AvgR 0.0004 | Global 0.9779 | Local 0.5537 | F1_macro 0.6458 | WorstLoss 1.5595
[Tracker] Ep   85 | AvgR 0.0004 | Global 0.9821 | Local 0.5793 | F1_macro 0.6531 | WorstLoss 1.4533
[Tracker] Saved snapshot: ep0085_phase2_class0
[Tracker] Ep   86 | AvgR 0.0004 | Global 0.9800 | Local 0.6141 | F1_macro 0.6719 | WorstLoss 1.4303
[Tracker] Ep   87 | AvgR 0.0004 | Global 0.9839 | Local 0.5897 | F1_macro 0.6766 | WorstLoss 1.4985
[Tracker] Ep   88 | AvgR 0.0004 | Global 0.9822 | Local 0.6047 | F1_macro 0.6730 | WorstLoss 1.3560
[Tracker] Ep   89 | AvgR 0.0003 | Global 0.9779 | Local 0.5028 | F1_macro 0.6770 | WorstLoss 1.5385
[Tracker] Ep   90 | AvgR 0.0004 | Global 0.9874 | Local 0.6632 | F1_macro 0.6642 | WorstLoss 1.3608
[Tracker] Saved snapshot: ep0090_phase2_class0
[Tracker] Ep   91 | AvgR 0.0004 | Global 0.9683 | Local 0.5619 | F1_macro 0.6634 | WorstLoss 1.6308
[Tracker] Ep   92 | AvgR 0.0004 | Global 0.9800 | Local 0.6001 | F1_macro 0.6700 | WorstLoss 1.5375
[Tracker] Ep   93 | AvgR 0.0003 | Global 0.9392 | Local 0.5253 | F1_macro 0.6407 | WorstLoss 1.9327
[Tracker] Ep   94 | AvgR 0.0004 | Global 0.9826 | Local 0.5613 | F1_macro 0.6682 | WorstLoss 1.4163
[Tracker] Ep   95 | AvgR 0.0004 | Global 0.9718 | Local 0.5673 | F1_macro 0.6544 | WorstLoss 1.3772
[Tracker] Saved snapshot: ep0095_phase2_class0
[Tracker] Ep   96 | AvgR 0.0004 | Global 0.9888 | Local 0.6349 | F1_macro 0.6814 | WorstLoss 1.5604
[Tracker] Ep   97 | AvgR 0.0003 | Global 0.9628 | Local 0.4994 | F1_macro 0.6529 | WorstLoss 1.8034
[Tracker] Ep   98 | AvgR 0.0004 | Global 0.9826 | Local 0.6022 | F1_macro 0.6736 | WorstLoss 1.2612
[Tracker] Ep   99 | AvgR 0.0004 | Global 0.9838 | Local 0.6244 | F1_macro 0.6873 | WorstLoss 1.1696
[Tracker] Ep  100 | AvgR 0.0003 | Global 0.9772 | Local 0.5077 | F1_macro 0.6412 | WorstLoss 1.5717
[Tracker] Saved snapshot: ep0100_phase2_class0
[Tracker] Ep  101 | AvgR 0.0004 | Global 0.9879 | Local 0.5931 | F1_macro 0.6835 | WorstLoss 1.4787
[Tracker] Ep  102 | AvgR 0.0004 | Global 0.9817 | Local 0.5667 | F1_macro 0.6744 | WorstLoss 1.5271
[Tracker] Ep  103 | AvgR 0.0004 | Global 0.9843 | Local 0.5934 | F1_macro 0.6724 | WorstLoss 1.3245
[Tracker] Ep  104 | AvgR 0.0004 | Global 0.9779 | Local 0.6551 | F1_macro 0.6747 | WorstLoss 1.3942
[Tracker] Ep  105 | AvgR 0.0004 | Global 0.9800 | Local 0.5758 | F1_macro 0.6727 | WorstLoss 1.4004
[Tracker] Saved snapshot: ep0105_phase2_class0
[Tracker] Ep  106 | AvgR 0.0004 | Global 0.9848 | Local 0.5789 | F1_macro 0.6950 | WorstLoss 1.3769
[Tracker] Ep  107 | AvgR 0.0004 | Global 0.9905 | Local 0.6050 | F1_macro 0.6766 | WorstLoss 1.4849
[Tracker] New BEST synthetic [phase2_class0] (by global.global_obj: 0.990480) saved.
[Tracker] BEST β weights [phase2_class0] saved -> training_runs/SPECv17c_bias010_ds030_rl_census_3seeds_EP800_PCA10_REWfairness_minID1_majID0_TRJ2000_REAL3000_BIAS0.1_GG202603181628_95f1d3ce/seed_0/best_beta_state_dict_phase2_class0.pt
[Tracker] Ep  108 | AvgR 0.0004 | Global 0.9916 | Local 0.7713 | F1_macro 0.6495 | WorstLoss 1.3475
[Tracker] New BEST synthetic [phase2_class0] (by global.global_obj: 0.991647) saved.
[Tracker] BEST β weights [phase2_class0] saved -> training_runs/SPECv17c_bias010_ds030_rl_census_3seeds_EP800_PCA10_REWfairness_minID1_majID0_TRJ2000_REAL3000_BIAS0.1_GG202603181628_95f1d3ce/seed_0/best_beta_state_dict_phase2_class0.pt
[Tracker] Ep  109 | AvgR 0.0004 | Global 0.9772 | Local 0.6090 | F1_macro 0.6458 | WorstLoss 1.5943
[Tracker] Ep  110 | AvgR 0.0004 | Global 0.9701 | Local 0.5609 | F1_macro 0.6415 | WorstLoss 1.6663
[Tracker] Saved snapshot: ep0110_phase2_class0
[Tracker] Ep  111 | AvgR 0.0004 | Global 0.9770 | Local 0.6216 | F1_macro 0.6886 | WorstLoss 1.3304
[Tracker] Ep  112 | AvgR 0.0004 | Global 0.9790 | Local 0.5437 | F1_macro 0.6370 | WorstLoss 1.4759
[Tracker] Ep  113 | AvgR 0.0004 | Global 0.9854 | Local 0.6017 | F1_macro 0.6657 | WorstLoss 1.2459
[Tracker] Ep  114 | AvgR 0.0004 | Global 0.9819 | Local 0.6041 | F1_macro 0.6777 | WorstLoss 1.5749
[Tracker] Ep  115 | AvgR 0.0004 | Global 0.9818 | Local 0.5880 | F1_macro 0.6769 | WorstLoss 1.4035
[Tracker] Saved snapshot: ep0115_phase2_class0
[Tracker] Ep  116 | AvgR 0.0004 | Global 0.9688 | Local 0.6452 | F1_macro 0.6434 | WorstLoss 1.3364
[Tracker] Ep  117 | AvgR 0.0004 | Global 0.9818 | Local 0.5735 | F1_macro 0.6525 | WorstLoss 1.5858
[Tracker] Ep  118 | AvgR 0.0004 | Global 0.9875 | Local 0.5996 | F1_macro 0.6615 | WorstLoss 1.4539
[Tracker] Ep  119 | AvgR 0.0004 | Global 0.9736 | Local 0.5394 | F1_macro 0.6525 | WorstLoss 1.4732
[Tracker] Ep  120 | AvgR 0.0004 | Global 0.9541 | Local 0.6189 | F1_macro 0.6507 | WorstLoss 1.3982
[Tracker] Saved snapshot: ep0120_phase2_class0
[Tracker] Ep  121 | AvgR 0.0004 | Global 0.9688 | Local 0.5675 | F1_macro 0.6425 | WorstLoss 1.4007
[Tracker] Ep  122 | AvgR 0.0004 | Global 0.9802 | Local 0.5898 | F1_macro 0.6790 | WorstLoss 1.3101
[Tracker] Ep  123 | AvgR 0.0004 | Global 0.9799 | Local 0.5964 | F1_macro 0.6602 | WorstLoss 1.3638
[Tracker] Ep  124 | AvgR 0.0004 | Global 0.9698 | Local 0.5249 | F1_macro 0.6605 | WorstLoss 1.5216
[Tracker] Ep  125 | AvgR 0.0004 | Global 0.9742 | Local 0.5898 | F1_macro 0.6685 | WorstLoss 1.3301
[Tracker] Saved snapshot: ep0125_phase2_class0
[Tracker] Ep  126 | AvgR 0.0004 | Global 0.9816 | Local 0.6232 | F1_macro 0.6565 | WorstLoss 1.5052
[Tracker] Ep  127 | AvgR 0.0004 | Global 0.9843 | Local 0.5516 | F1_macro 0.6699 | WorstLoss 1.5043
[Tracker] Ep  128 | AvgR 0.0004 | Global 0.9834 | Local 0.5024 | F1_macro 0.6617 | WorstLoss 1.4362
[Tracker] Ep  129 | AvgR 0.0004 | Global 0.9685 | Local 0.5694 | F1_macro 0.6218 | WorstLoss 1.4955
[Tracker] Ep  130 | AvgR 0.0004 | Global 0.9906 | Local 0.6134 | F1_macro 0.6744 | WorstLoss 1.3379
[Tracker] Saved snapshot: ep0130_phase2_class0
[Tracker] Ep  131 | AvgR 0.0004 | Global 0.9753 | Local 0.6899 | F1_macro 0.6809 | WorstLoss 1.2231
[Tracker] Ep  132 | AvgR 0.0004 | Global 0.9769 | Local 0.6149 | F1_macro 0.6666 | WorstLoss 1.5618
[Tracker] Ep  133 | AvgR 0.0004 | Global 0.9738 | Local 0.6417 | F1_macro 0.6564 | WorstLoss 1.3886
[Tracker] Ep  134 | AvgR 0.0004 | Global 0.9757 | Local 0.6653 | F1_macro 0.6648 | WorstLoss 1.3643
[Tracker] Ep  135 | AvgR 0.0004 | Global 0.9913 | Local 0.6289 | F1_macro 0.6808 | WorstLoss 1.3916
[Tracker] Saved snapshot: ep0135_phase2_class0
[Tracker] Ep  136 | AvgR 0.0004 | Global 0.9786 | Local 0.6095 | F1_macro 0.6079 | WorstLoss 1.4431
[Tracker] Ep  137 | AvgR 0.0004 | Global 0.9871 | Local 0.6641 | F1_macro 0.6839 | WorstLoss 1.1922
[Tracker] Ep  138 | AvgR 0.0004 | Global 0.9675 | Local 0.6211 | F1_macro 0.6411 | WorstLoss 1.5879
[Tracker] Ep  139 | AvgR 0.0004 | Global 0.9801 | Local 0.5602 | F1_macro 0.6990 | WorstLoss 1.2003
[Tracker] Ep  140 | AvgR 0.0004 | Global 0.9784 | Local 0.6210 | F1_macro 0.6538 | WorstLoss 1.5224
[Tracker] Saved snapshot: ep0140_phase2_class0
[Tracker] Ep  141 | AvgR 0.0004 | Global 0.9834 | Local 0.5917 | F1_macro 0.6752 | WorstLoss 1.3788
[Tracker] Ep  142 | AvgR 0.0004 | Global 0.9800 | Local 0.6372 | F1_macro 0.6504 | WorstLoss 1.3788
[Tracker] Ep  143 | AvgR 0.0004 | Global 0.9827 | Local 0.6454 | F1_macro 0.6897 | WorstLoss 1.2599
[Tracker] Ep  144 | AvgR 0.0004 | Global 0.9769 | Local 0.6147 | F1_macro 0.6496 | WorstLoss 1.2812
[Tracker] Ep  145 | AvgR 0.0004 | Global 0.9901 | Local 0.6222 | F1_macro 0.6997 | WorstLoss 1.3740
[Tracker] Saved snapshot: ep0145_phase2_class0
[Tracker] Ep  146 | AvgR 0.0004 | Global 0.9837 | Local 0.5761 | F1_macro 0.6737 | WorstLoss 1.3470
[Tracker] Ep  147 | AvgR 0.0004 | Global 0.9656 | Local 0.6100 | F1_macro 0.6470 | WorstLoss 1.2459
[Tracker] Ep  148 | AvgR 0.0004 | Global 0.9884 | Local 0.5437 | F1_macro 0.6774 | WorstLoss 1.5053
[Tracker] Ep  149 | AvgR 0.0004 | Global 0.9808 | Local 0.6034 | F1_macro 0.6802 | WorstLoss 1.3337
[Tracker] Ep  150 | AvgR 0.0004 | Global 0.9911 | Local 0.6417 | F1_macro 0.6894 | WorstLoss 1.0983
[Tracker] Saved snapshot: ep0150_phase2_class0
[Tracker] Ep  151 | AvgR 0.0004 | Global 0.9781 | Local 0.5872 | F1_macro 0.6543 | WorstLoss 1.3716
[Tracker] Ep  152 | AvgR 0.0004 | Global 0.9855 | Local 0.6212 | F1_macro 0.6745 | WorstLoss 1.4619
[Tracker] Ep  153 | AvgR 0.0004 | Global 0.9866 | Local 0.6369 | F1_macro 0.6623 | WorstLoss 1.2451
[Tracker] Ep  154 | AvgR 0.0004 | Global 0.9805 | Local 0.6559 | F1_macro 0.6464 | WorstLoss 1.3846
[Tracker] Ep  155 | AvgR 0.0004 | Global 0.9736 | Local 0.6503 | F1_macro 0.6747 | WorstLoss 1.3640
[Tracker] Saved snapshot: ep0155_phase2_class0
[Tracker] Ep  156 | AvgR 0.0004 | Global 0.9865 | Local 0.6224 | F1_macro 0.6880 | WorstLoss 1.2136
[Tracker] Ep  157 | AvgR 0.0004 | Global 0.9937 | Local 0.5864 | F1_macro 0.7039 | WorstLoss 1.2369
[Tracker] New BEST synthetic [phase2_class0] (by global.global_obj: 0.993671) saved.
[Tracker] BEST β weights [phase2_class0] saved -> training_runs/SPECv17c_bias010_ds030_rl_census_3seeds_EP800_PCA10_REWfairness_minID1_majID0_TRJ2000_REAL3000_BIAS0.1_GG202603181628_95f1d3ce/seed_0/best_beta_state_dict_phase2_class0.pt
[Tracker] Ep  158 | AvgR 0.0004 | Global 0.9719 | Local 0.6159 | F1_macro 0.6339 | WorstLoss 1.2888
[Tracker] Ep  159 | AvgR 0.0004 | Global 0.9713 | Local 0.6308 | F1_macro 0.6072 | WorstLoss 1.6029
[Tracker] Ep  160 | AvgR 0.0004 | Global 0.9887 | Local 0.5911 | F1_macro 0.6765 | WorstLoss 1.3127
[Tracker] Saved snapshot: ep0160_phase2_class0
[Tracker] Ep  161 | AvgR 0.0004 | Global 0.9746 | Local 0.5786 | F1_macro 0.6416 | WorstLoss 1.3564
[Tracker] Ep  162 | AvgR 0.0004 | Global 0.9860 | Local 0.5733 | F1_macro 0.6655 | WorstLoss 1.4486
[Tracker] Ep  163 | AvgR 0.0004 | Global 0.9900 | Local 0.5750 | F1_macro 0.6808 | WorstLoss 1.2361
[Tracker] Ep  164 | AvgR 0.0004 | Global 0.9855 | Local 0.6209 | F1_macro 0.6796 | WorstLoss 1.4018
[Tracker] Ep  165 | AvgR 0.0004 | Global 0.9883 | Local 0.6635 | F1_macro 0.6669 | WorstLoss 1.3504
[Tracker] Saved snapshot: ep0165_phase2_class0
[Tracker] Ep  166 | AvgR 0.0004 | Global 0.9814 | Local 0.5927 | F1_macro 0.6848 | WorstLoss 1.3552
[Tracker] Ep  167 | AvgR 0.0004 | Global 0.9813 | Local 0.6415 | F1_macro 0.6884 | WorstLoss 1.3965
[Tracker] Ep  168 | AvgR 0.0004 | Global 0.9868 | Local 0.6396 | F1_macro 0.6673 | WorstLoss 1.1450
[Tracker] Ep  169 | AvgR 0.0004 | Global 0.9721 | Local 0.5361 | F1_macro 0.6439 | WorstLoss 1.3275
[Tracker] Ep  170 | AvgR 0.0004 | Global 0.9825 | Local 0.5732 | F1_macro 0.6646 | WorstLoss 1.5310
[Tracker] Saved snapshot: ep0170_phase2_class0
[Tracker] Ep  171 | AvgR 0.0004 | Global 0.9910 | Local 0.6156 | F1_macro 0.6897 | WorstLoss 1.1772
[Tracker] Ep  172 | AvgR 0.0004 | Global 0.9909 | Local 0.6273 | F1_macro 0.6860 | WorstLoss 1.3372
[Tracker] Ep  173 | AvgR 0.0004 | Global 0.9774 | Local 0.6350 | F1_macro 0.6443 | WorstLoss 1.2984
[Tracker] Ep  174 | AvgR 0.0004 | Global 0.9864 | Local 0.5989 | F1_macro 0.6565 | WorstLoss 1.2378
[Tracker] Ep  175 | AvgR 0.0004 | Global 0.9943 | Local 0.5809 | F1_macro 0.6714 | WorstLoss 1.3154
[Tracker] Saved snapshot: ep0175_phase2_class0
[Tracker] New BEST synthetic [phase2_class0] (by global.global_obj: 0.994307) saved.
[Tracker] BEST β weights [phase2_class0] saved -> training_runs/SPECv17c_bias010_ds030_rl_census_3seeds_EP800_PCA10_REWfairness_minID1_majID0_TRJ2000_REAL3000_BIAS0.1_GG202603181628_95f1d3ce/seed_0/best_beta_state_dict_phase2_class0.pt
[Tracker] Ep  176 | AvgR 0.0004 | Global 0.9847 | Local 0.6604 | F1_macro 0.6598 | WorstLoss 1.2774
[Tracker] Ep  177 | AvgR 0.0004 | Global 0.9874 | Local 0.6361 | F1_macro 0.6676 | WorstLoss 1.3229
[Tracker] Ep  178 | AvgR 0.0004 | Global 0.9698 | Local 0.6703 | F1_macro 0.6723 | WorstLoss 1.4663
[Tracker] Ep  179 | AvgR 0.0004 | Global 0.9888 | Local 0.6147 | F1_macro 0.6801 | WorstLoss 1.3901
[Tracker] Ep  180 | AvgR 0.0004 | Global 0.9997 | Local 0.5895 | F1_macro 0.6831 | WorstLoss 1.4736
[Tracker] Saved snapshot: ep0180_phase2_class0
[Tracker] New BEST synthetic [phase2_class0] (by global.global_obj: 0.999702) saved.
[Tracker] BEST β weights [phase2_class0] saved -> training_runs/SPECv17c_bias010_ds030_rl_census_3seeds_EP800_PCA10_REWfairness_minID1_majID0_TRJ2000_REAL3000_BIAS0.1_GG202603181628_95f1d3ce/seed_0/best_beta_state_dict_phase2_class0.pt
[Tracker] Ep  181 | AvgR 0.0004 | Global 0.9780 | Local 0.5546 | F1_macro 0.6939 | WorstLoss 1.5095
[Tracker] Ep  182 | AvgR 0.0004 | Global 0.9874 | Local 0.5336 | F1_macro 0.6620 | WorstLoss 1.4561
[Tracker] Ep  183 | AvgR 0.0004 | Global 0.9807 | Local 0.6063 | F1_macro 0.6478 | WorstLoss 1.5309
[Tracker] Ep  184 | AvgR 0.0004 | Global 0.9759 | Local 0.6735 | F1_macro 0.6571 | WorstLoss 1.1795
[Tracker] Ep  185 | AvgR 0.0004 | Global 0.9821 | Local 0.6395 | F1_macro 0.6273 | WorstLoss 1.4598
[Tracker] Saved snapshot: ep0185_phase2_class0
[Tracker] Ep  186 | AvgR 0.0004 | Global 0.9737 | Local 0.6122 | F1_macro 0.6531 | WorstLoss 1.2578
[Tracker] Ep  187 | AvgR 0.0004 | Global 0.9755 | Local 0.6299 | F1_macro 0.6380 | WorstLoss 1.4666
[Tracker] Ep  188 | AvgR 0.0004 | Global 0.9651 | Local 0.6213 | F1_macro 0.6257 | WorstLoss 1.6419
[Tracker] Ep  189 | AvgR 0.0004 | Global 0.9724 | Local 0.6087 | F1_macro 0.6328 | WorstLoss 1.4690
[Tracker] Ep  190 | AvgR 0.0004 | Global 0.9792 | Local 0.6278 | F1_macro 0.6637 | WorstLoss 1.3935
[Tracker] Saved snapshot: ep0190_phase2_class0
[Tracker] Ep  191 | AvgR 0.0004 | Global 0.9795 | Local 0.6310 | F1_macro 0.6785 | WorstLoss 1.3654
[Tracker] Ep  192 | AvgR 0.0004 | Global 0.9701 | Local 0.6794 | F1_macro 0.6650 | WorstLoss 1.2947
[Tracker] Ep  193 | AvgR 0.0004 | Global 0.9720 | Local 0.5824 | F1_macro 0.6358 | WorstLoss 1.3515
[Tracker] Ep  194 | AvgR 0.0004 | Global 0.9837 | Local 0.6472 | F1_macro 0.6632 | WorstLoss 1.3609
[Tracker] Ep  195 | AvgR 0.0004 | Global 0.9750 | Local 0.6358 | F1_macro 0.6415 | WorstLoss 1.5591
[Tracker] Saved snapshot: ep0195_phase2_class0
[Tracker] Ep  196 | AvgR 0.0004 | Global 0.9799 | Local 0.6214 | F1_macro 0.6505 | WorstLoss 1.4686
[Tracker] Ep  197 | AvgR 0.0004 | Global 0.9720 | Local 0.6041 | F1_macro 0.6312 | WorstLoss 1.4827
[Tracker] Ep  198 | AvgR 0.0004 | Global 0.9778 | Local 0.5547 | F1_macro 0.6338 | WorstLoss 1.5322
[Tracker] Ep  199 | AvgR 0.0004 | Global 0.9870 | Local 0.6668 | F1_macro 0.6646 | WorstLoss 1.3212
[Tracker] Ep  200 | AvgR 0.0004 | Global 0.9722 | Local 0.5437 | F1_macro 0.6228 | WorstLoss 1.6191
[Tracker] Saved snapshot: ep0200_phase2_class0
[Phase] Finished phase2_class0 | best global_obj=0.9997
FFNN Using device: cuda:0
[Combined] Saved combined beta -> training_runs/SPECv17c_bias010_ds030_rl_census_3seeds_EP800_PCA10_REWfairness_minID1_majID0_TRJ2000_REAL3000_BIAS0.1_GG202603181628_95f1d3ce/seed_0/best_beta_state_dict.pt
[Combined] Saved combined synthetic -> training_runs/SPECv17c_bias010_ds030_rl_census_3seeds_EP800_PCA10_REWfairness_minID1_majID0_TRJ2000_REAL3000_BIAS0.1_GG202603181628_95f1d3ce/seed_0/best_synthetic_combined.npz
FFNN Using device: cuda:0
[TestSuite] Loaded best β weights from: training_runs/SPECv17c_bias010_ds030_rl_census_3seeds_EP800_PCA10_REWfairness_minID1_majID0_TRJ2000_REAL3000_BIAS0.1_GG202603181628_95f1d3ce/seed_0/best_beta_state_dict.pt

[TEST] Alpha -> F1(min)=0.4241 | F1(maj)=0.8917 | F1(weighted)=0.7791 | F1(macro)=0.6579 | Brier=0.1316
[TEST] Beta  -> F1(min)=0.5265 | F1(maj)=0.8924 | F1(weighted)=0.8043 | F1(macro)=0.7095 | Brier=0.1202
[TestSuite] Final test metrics appended to (seed): training_runs/SPECv17c_bias010_ds030_rl_census_3seeds_EP800_PCA10_REWfairness_minID1_majID0_TRJ2000_REAL3000_BIAS0.1_GG202603181628_95f1d3ce/seed_0/final_test_metrics.csv
[TestSuite] Final test metrics appended to (experiment): training_runs/SPECv17c_bias010_ds030_rl_census_3seeds_EP800_PCA10_REWfairness_minID1_majID0_TRJ2000_REAL3000_BIAS0.1_GG202603181628_95f1d3ce/final_test_metrics.csv
Total time 2121.25s
[Tracker] Finished. Run folder: training_runs/SPECv17c_bias010_ds030_rl_census_3seeds_EP800_PCA10_REWfairness_minID1_majID0_TRJ2000_REAL3000_BIAS0.1_GG202603181628_95f1d3ce/seed_0
[main] ---- running seed=1 ----
FFNN Using device: cuda:0
FFNN Using device: cuda:0
[Tracker] Experiment: SPECv17c_bias010_ds030_rl_census_3seeds_EP800_PCA10_REWfairness_minID1_majID0_TRJ2000_REAL3000_BIAS0.1_GG202603181628_95f1d3ce
[Tracker] Seed folder: training_runs/SPECv17c_bias010_ds030_rl_census_3seeds_EP800_PCA10_REWfairness_minID1_majID0_TRJ2000_REAL3000_BIAS0.1_GG202603181628_95f1d3ce/seed_1
[Tracker] Run: 2026-03-18_17-39-07_seed1_217285_3c781f60
[Tracker] Metrics CSV: training_runs/SPECv17c_bias010_ds030_rl_census_3seeds_EP800_PCA10_REWfairness_minID1_majID0_TRJ2000_REAL3000_BIAS0.1_GG202603181628_95f1d3ce/seed_1/metrics.csv
[Tracker] Mirroring console to: training_runs/SPECv17c_bias010_ds030_rl_census_3seeds_EP800_PCA10_REWfairness_minID1_majID0_TRJ2000_REAL3000_BIAS0.1_GG202603181628_95f1d3ce/seed_1/console.log
[TRAIN] size=3000, minority=300 (10.00%)
[VAL] size=5493, minority=549 (9.99%)
[TEST] size=6513, minority=1569 (24.09%)
FFNN Using device: cuda:0
FFNN Using device: cuda:0
Beta will train with: 60.00% real data, 40.00% synthetic data: 
[disadv] group=1 per_g={0: 0.10380173474550247, 1: 0.27781814336776733} worst_4g=1.4295 soft_eo_alpha=0.0484
Anchors: 258 (disadv=1) sigma_anchor=0.8500
[Tracker] Alpha model state_dict saved to training_runs/SPECv17c_bias010_ds030_rl_census_3seeds_EP800_PCA10_REWfairness_minID1_majID0_TRJ2000_REAL3000_BIAS0.1_GG202603181628_95f1d3ce/seed_1/alpha_state_dict.pt
[Tracker] Alpha model config saved to training_runs/SPECv17c_bias010_ds030_rl_census_3seeds_EP800_PCA10_REWfairness_minID1_majID0_TRJ2000_REAL3000_BIAS0.1_GG202603181628_95f1d3ce/seed_1/ffnn_meta.json

============================================================
[Phase] Starting phase1_class1 | target_class=1 | episodes=800
============================================================
[Tracker] CSV header written with 44 columns.
[Tracker] Ep    1 | AvgR 0.0002 | Global 0.9016 | Local 0.0859 | F1_macro 0.6899 | WorstLoss 1.1590
[Tracker] New BEST synthetic [phase1_class1] (by global.global_obj: 0.901555) saved.
[Tracker] BEST β weights [phase1_class1] saved -> training_runs/SPECv17c_bias010_ds030_rl_census_3seeds_EP800_PCA10_REWfairness_minID1_majID0_TRJ2000_REAL3000_BIAS0.1_GG202603181628_95f1d3ce/seed_1/best_beta_state_dict_phase1_class1.pt
[Tracker] Ep    2 | AvgR 0.0001 | Global 0.2339 | Local 0.0851 | F1_macro 0.6437 | WorstLoss 1.5408
[Tracker] Ep    3 | AvgR 0.0001 | Global 0.5937 | Local 0.1032 | F1_macro 0.6610 | WorstLoss 1.3824
[Tracker] Ep    4 | AvgR 0.0001 | Global 0.7415 | Local 0.0632 | F1_macro 0.6966 | WorstLoss 1.3098
[Tracker] Ep    5 | AvgR 0.0001 | Global 0.7756 | Local 0.0810 | F1_macro 0.6885 | WorstLoss 1.2694
[Tracker] Saved snapshot: ep0005_phase1_class1
[Tracker] Ep    6 | AvgR 0.0002 | Global 0.7905 | Local 0.1007 | F1_macro 0.6739 | WorstLoss 1.2693
[Tracker] Ep    7 | AvgR 0.0002 | Global 0.9174 | Local 0.0977 | F1_macro 0.6852 | WorstLoss 1.1208
[Tracker] New BEST synthetic [phase1_class1] (by global.global_obj: 0.917389) saved.
[Tracker] BEST β weights [phase1_class1] saved -> training_runs/SPECv17c_bias010_ds030_rl_census_3seeds_EP800_PCA10_REWfairness_minID1_majID0_TRJ2000_REAL3000_BIAS0.1_GG202603181628_95f1d3ce/seed_1/best_beta_state_dict_phase1_class1.pt
[Tracker] Ep    8 | AvgR 0.0002 | Global 0.8494 | Local 0.1120 | F1_macro 0.6724 | WorstLoss 1.2218
[Tracker] Ep    9 | AvgR 0.0001 | Global 0.3210 | Local 0.1167 | F1_macro 0.6733 | WorstLoss 1.4927
[Tracker] Ep   10 | AvgR 0.0001 | Global 0.7239 | Local 0.0698 | F1_macro 0.6885 | WorstLoss 1.3181
[Tracker] Saved snapshot: ep0010_phase1_class1
[Tracker] Ep   11 | AvgR 0.0001 | Global 0.2402 | Local 0.0822 | F1_macro 0.6978 | WorstLoss 1.5389
[Tracker] Ep   12 | AvgR 0.0002 | Global 0.7943 | Local 0.0894 | F1_macro 0.6842 | WorstLoss 1.2779
[Tracker] Ep   13 | AvgR 0.0001 | Global 0.6810 | Local 0.1029 | F1_macro 0.6684 | WorstLoss 1.3417
[Tracker] Ep   14 | AvgR 0.0002 | Global 0.8509 | Local 0.1083 | F1_macro 0.6569 | WorstLoss 1.2053
[Tracker] Ep   15 | AvgR 0.0001 | Global 0.6549 | Local 0.1164 | F1_macro 0.6405 | WorstLoss 1.3432
[Tracker] Saved snapshot: ep0015_phase1_class1
[Tracker] Ep   16 | AvgR 0.0001 | Global 0.6610 | Local 0.1095 | F1_macro 0.6768 | WorstLoss 1.3441
[Tracker] Ep   17 | AvgR 0.0002 | Global 0.8457 | Local 0.0787 | F1_macro 0.6871 | WorstLoss 1.2247
[Tracker] Ep   18 | AvgR 0.0001 | Global 0.6341 | Local 0.1362 | F1_macro 0.6779 | WorstLoss 1.3484
[Tracker] Ep   19 | AvgR 0.0002 | Global 0.8920 | Local 0.1320 | F1_macro 0.6981 | WorstLoss 1.1452
[Tracker] Ep   20 | AvgR 0.0001 | Global 0.5377 | Local 0.0665 | F1_macro 0.6964 | WorstLoss 1.4068
[Tracker] Saved snapshot: ep0020_phase1_class1
[Tracker] Ep   21 | AvgR 0.0001 | Global 0.7306 | Local 0.0996 | F1_macro 0.6921 | WorstLoss 1.2996
[Tracker] Ep   22 | AvgR 0.0001 | Global 0.4129 | Local 0.0785 | F1_macro 0.6829 | WorstLoss 1.4548
[Tracker] Ep   23 | AvgR 0.0002 | Global 0.7816 | Local 0.1052 | F1_macro 0.6731 | WorstLoss 1.2755
[Tracker] Ep   24 | AvgR 0.0001 | Global 0.2376 | Local 0.1151 | F1_macro 0.6674 | WorstLoss 1.5346
[Tracker] Ep   25 | AvgR 0.0002 | Global 0.8454 | Local 0.1223 | F1_macro 0.6789 | WorstLoss 1.1837
[Tracker] Saved snapshot: ep0025_phase1_class1
[Tracker] Ep   26 | AvgR 0.0001 | Global 0.3985 | Local 0.1358 | F1_macro 0.6751 | WorstLoss 1.4564
[Tracker] Ep   27 | AvgR 0.0002 | Global 0.7664 | Local 0.1075 | F1_macro 0.6717 | WorstLoss 1.2784
[Tracker] Ep   28 | AvgR 0.0002 | Global 0.7022 | Local 0.1323 | F1_macro 0.6573 | WorstLoss 1.3201
[Tracker] Ep   29 | AvgR 0.0002 | Global 0.8600 | Local 0.1608 | F1_macro 0.6783 | WorstLoss 1.1584
[Tracker] Ep   30 | AvgR 0.0002 | Global 0.8626 | Local 0.1255 | F1_macro 0.6693 | WorstLoss 1.1829
[Tracker] Saved snapshot: ep0030_phase1_class1
[Tracker] Ep   31 | AvgR 0.0001 | Global 0.4429 | Local 0.0912 | F1_macro 0.6752 | WorstLoss 1.4403
[Tracker] Ep   32 | AvgR 0.0002 | Global 0.9124 | Local 0.1326 | F1_macro 0.6906 | WorstLoss 1.0987
[Tracker] Ep   33 | AvgR 0.0002 | Global 0.8069 | Local 0.1388 | F1_macro 0.6608 | WorstLoss 1.2457
[Tracker] Ep   34 | AvgR 0.0002 | Global 0.8206 | Local 0.1310 | F1_macro 0.6621 | WorstLoss 1.2370
[Tracker] Ep   35 | AvgR 0.0002 | Global 0.7309 | Local 0.1815 | F1_macro 0.6764 | WorstLoss 1.2814
[Tracker] Saved snapshot: ep0035_phase1_class1
[Tracker] Ep   36 | AvgR 0.0002 | Global 0.8565 | Local 0.1714 | F1_macro 0.6628 | WorstLoss 1.1617
[Tracker] Ep   37 | AvgR 0.0002 | Global 0.8423 | Local 0.1119 | F1_macro 0.6832 | WorstLoss 1.1990
[Tracker] Ep   38 | AvgR 0.0002 | Global 0.8906 | Local 0.1529 | F1_macro 0.6907 | WorstLoss 1.1159
[Tracker] Ep   39 | AvgR 0.0002 | Global 0.8987 | Local 0.1462 | F1_macro 0.6835 | WorstLoss 1.1117
[Tracker] Ep   40 | AvgR 0.0002 | Global 0.8587 | Local 0.1603 | F1_macro 0.6646 | WorstLoss 1.1141
[Tracker] Saved snapshot: ep0040_phase1_class1
[Tracker] Ep   41 | AvgR 0.0002 | Global 0.8511 | Local 0.1394 | F1_macro 0.6598 | WorstLoss 1.1740
[Tracker] Ep   42 | AvgR 0.0002 | Global 0.8284 | Local 0.1101 | F1_macro 0.6802 | WorstLoss 1.2373
[Tracker] Ep   43 | AvgR 0.0002 | Global 0.7970 | Local 0.1335 | F1_macro 0.6489 | WorstLoss 1.2340
[Tracker] Ep   44 | AvgR 0.0002 | Global 0.8413 | Local 0.1662 | F1_macro 0.6532 | WorstLoss 1.1801
[Tracker] Ep   45 | AvgR 0.0001 | Global 0.2577 | Local 0.1386 | F1_macro 0.6648 | WorstLoss 1.5256
[Tracker] Saved snapshot: ep0045_phase1_class1
[Tracker] Ep   46 | AvgR 0.0002 | Global 0.7254 | Local 0.1171 | F1_macro 0.6670 | WorstLoss 1.3060
[Tracker] Ep   47 | AvgR 0.0002 | Global 0.8953 | Local 0.1297 | F1_macro 0.6666 | WorstLoss 1.1215
[Tracker] Ep   48 | AvgR 0.0002 | Global 0.8755 | Local 0.1162 | F1_macro 0.6864 | WorstLoss 1.1861
[Tracker] Ep   49 | AvgR 0.0002 | Global 0.7929 | Local 0.1405 | F1_macro 0.6621 | WorstLoss 1.2421
[Tracker] Ep   50 | AvgR 0.0002 | Global 0.8803 | Local 0.1631 | F1_macro 0.6668 | WorstLoss 1.0768
[Tracker] Saved snapshot: ep0050_phase1_class1
[Tracker] Ep   51 | AvgR 0.0002 | Global 0.7428 | Local 0.1926 | F1_macro 0.6388 | WorstLoss 1.2820
[Tracker] Ep   52 | AvgR 0.0002 | Global 0.8978 | Local 0.1253 | F1_macro 0.6800 | WorstLoss 1.0307
[Tracker] Ep   53 | AvgR 0.0002 | Global 0.8598 | Local 0.1411 | F1_macro 0.6773 | WorstLoss 1.1739
[Tracker] Ep   54 | AvgR 0.0002 | Global 0.8829 | Local 0.1212 | F1_macro 0.6633 | WorstLoss 1.1044
[Tracker] Ep   55 | AvgR 0.0002 | Global 0.8183 | Local 0.1849 | F1_macro 0.6721 | WorstLoss 1.1987
[Tracker] Saved snapshot: ep0055_phase1_class1
[Tracker] Ep   56 | AvgR 0.0002 | Global 0.7559 | Local 0.2164 | F1_macro 0.6645 | WorstLoss 1.2668
[Tracker] Ep   57 | AvgR 0.0001 | Global 0.5591 | Local 0.1485 | F1_macro 0.6487 | WorstLoss 1.3857
[Tracker] Ep   58 | AvgR 0.0002 | Global 0.8470 | Local 0.1758 | F1_macro 0.6514 | WorstLoss 1.2008
[Tracker] Ep   59 | AvgR 0.0002 | Global 0.8436 | Local 0.1625 | F1_macro 0.6552 | WorstLoss 1.1726
[Tracker] Ep   60 | AvgR 0.0002 | Global 0.7661 | Local 0.1482 | F1_macro 0.6613 | WorstLoss 1.2643
[Tracker] Saved snapshot: ep0060_phase1_class1
[Tracker] Ep   61 | AvgR 0.0002 | Global 0.6611 | Local 0.1615 | F1_macro 0.6510 | WorstLoss 1.3212
[Tracker] Ep   62 | AvgR 0.0002 | Global 0.8128 | Local 0.1903 | F1_macro 0.6578 | WorstLoss 1.2276
[Tracker] Ep   63 | AvgR 0.0002 | Global 0.7947 | Local 0.1303 | F1_macro 0.6467 | WorstLoss 1.2400
[Tracker] Ep   64 | AvgR 0.0002 | Global 0.8022 | Local 0.1514 | F1_macro 0.6793 | WorstLoss 1.2443
[Tracker] Ep   65 | AvgR 0.0002 | Global 0.8483 | Local 0.2277 | F1_macro 0.6506 | WorstLoss 1.1167
[Tracker] Saved snapshot: ep0065_phase1_class1
[Tracker] Ep   66 | AvgR 0.0002 | Global 0.6887 | Local 0.1581 | F1_macro 0.6457 | WorstLoss 1.3052
[Tracker] Ep   67 | AvgR 0.0002 | Global 0.9134 | Local 0.1870 | F1_macro 0.6821 | WorstLoss 1.0391
[Tracker] Ep   68 | AvgR 0.0002 | Global 0.8688 | Local 0.1119 | F1_macro 0.6755 | WorstLoss 1.1679
[Tracker] Ep   69 | AvgR 0.0002 | Global 0.6214 | Local 0.1667 | F1_macro 0.6728 | WorstLoss 1.3517
[Tracker] Ep   70 | AvgR 0.0002 | Global 0.8913 | Local 0.1184 | F1_macro 0.6881 | WorstLoss 1.1571
[Tracker] Saved snapshot: ep0070_phase1_class1
[Tracker] Ep   71 | AvgR 0.0002 | Global 0.6409 | Local 0.2030 | F1_macro 0.6644 | WorstLoss 1.3294
[Tracker] Ep   72 | AvgR 0.0002 | Global 0.8451 | Local 0.1820 | F1_macro 0.6507 | WorstLoss 1.1345
[Tracker] Ep   73 | AvgR 0.0002 | Global 0.8871 | Local 0.1320 | F1_macro 0.6775 | WorstLoss 1.0659
[Tracker] Ep   74 | AvgR 0.0002 | Global 0.8900 | Local 0.2028 | F1_macro 0.6698 | WorstLoss 1.0543
[Tracker] Ep   75 | AvgR 0.0002 | Global 0.8562 | Local 0.1748 | F1_macro 0.6627 | WorstLoss 1.1524
[Tracker] Saved snapshot: ep0075_phase1_class1
[Tracker] Ep   76 | AvgR 0.0002 | Global 0.8185 | Local 0.2168 | F1_macro 0.6419 | WorstLoss 1.1629
[Tracker] Ep   77 | AvgR 0.0002 | Global 0.8404 | Local 0.1688 | F1_macro 0.6677 | WorstLoss 1.1677
[Tracker] Ep   78 | AvgR 0.0002 | Global 0.8086 | Local 0.1537 | F1_macro 0.6522 | WorstLoss 1.2046
[Tracker] Ep   79 | AvgR 0.0002 | Global 0.7414 | Local 0.2237 | F1_macro 0.6575 | WorstLoss 1.2690
[Tracker] Ep   80 | AvgR 0.0002 | Global 0.8192 | Local 0.2216 | F1_macro 0.6352 | WorstLoss 1.1399
[Tracker] Saved snapshot: ep0080_phase1_class1
[Tracker] Ep   81 | AvgR 0.0002 | Global 0.7827 | Local 0.2174 | F1_macro 0.6512 | WorstLoss 1.2304
[Tracker] Ep   82 | AvgR 0.0002 | Global 0.8277 | Local 0.2391 | F1_macro 0.6274 | WorstLoss 1.1231
[Tracker] Ep   83 | AvgR 0.0002 | Global 0.8829 | Local 0.1848 | F1_macro 0.6535 | WorstLoss 1.1069
[Tracker] Ep   84 | AvgR 0.0002 | Global 0.7613 | Local 0.1788 | F1_macro 0.6563 | WorstLoss 1.2544
[Tracker] Ep   85 | AvgR 0.0002 | Global 0.8738 | Local 0.2053 | F1_macro 0.6365 | WorstLoss 1.1036
[Tracker] Saved snapshot: ep0085_phase1_class1
[Tracker] Ep   86 | AvgR 0.0002 | Global 0.8392 | Local 0.1969 | F1_macro 0.6600 | WorstLoss 1.2089
[Tracker] Ep   87 | AvgR 0.0002 | Global 0.8402 | Local 0.2168 | F1_macro 0.6718 | WorstLoss 1.1764
[Tracker] Ep   88 | AvgR 0.0002 | Global 0.8758 | Local 0.2348 | F1_macro 0.6586 | WorstLoss 1.0985
[Tracker] Ep   89 | AvgR 0.0002 | Global 0.7667 | Local 0.2312 | F1_macro 0.6352 | WorstLoss 1.2367
[Tracker] Ep   90 | AvgR 0.0002 | Global 0.6376 | Local 0.2343 | F1_macro 0.6434 | WorstLoss 1.3369
[Tracker] Saved snapshot: ep0090_phase1_class1
[Tracker] Ep   91 | AvgR 0.0002 | Global 0.6365 | Local 0.1972 | F1_macro 0.6493 | WorstLoss 1.3259
[Tracker] Ep   92 | AvgR 0.0002 | Global 0.8823 | Local 0.2043 | F1_macro 0.6394 | WorstLoss 1.0248
[Tracker] Ep   93 | AvgR 0.0002 | Global 0.8005 | Local 0.1982 | F1_macro 0.6377 | WorstLoss 1.2018
[Tracker] Ep   94 | AvgR 0.0002 | Global 0.8599 | Local 0.1927 | F1_macro 0.6558 | WorstLoss 1.1396
[Tracker] Ep   95 | AvgR 0.0002 | Global 0.8784 | Local 0.1678 | F1_macro 0.6424 | WorstLoss 1.0664
[Tracker] Saved snapshot: ep0095_phase1_class1
[Tracker] Ep   96 | AvgR 0.0002 | Global 0.8121 | Local 0.1584 | F1_macro 0.6634 | WorstLoss 1.1987
[Tracker] Ep   97 | AvgR 0.0002 | Global 0.5637 | Local 0.1778 | F1_macro 0.6445 | WorstLoss 1.3770
[Tracker] Ep   98 | AvgR 0.0002 | Global 0.8815 | Local 0.2005 | F1_macro 0.6473 | WorstLoss 1.0229
[Tracker] Ep   99 | AvgR 0.0002 | Global 0.8506 | Local 0.1660 | F1_macro 0.6624 | WorstLoss 1.1712
[Tracker] Ep  100 | AvgR 0.0002 | Global 0.8705 | Local 0.1618 | F1_macro 0.6583 | WorstLoss 1.1198
[Tracker] Saved snapshot: ep0100_phase1_class1
[Tracker] Ep  101 | AvgR 0.0002 | Global 0.8603 | Local 0.2464 | F1_macro 0.6462 | WorstLoss 1.0690
[Tracker] Ep  102 | AvgR 0.0002 | Global 0.8385 | Local 0.1982 | F1_macro 0.6384 | WorstLoss 1.1644
[Tracker] Ep  103 | AvgR 0.0002 | Global 0.8873 | Local 0.2563 | F1_macro 0.6543 | WorstLoss 0.9411
[Tracker] Ep  104 | AvgR 0.0002 | Global 0.8840 | Local 0.2008 | F1_macro 0.6353 | WorstLoss 1.0114
[Tracker] Ep  105 | AvgR 0.0002 | Global 0.7836 | Local 0.2138 | F1_macro 0.6552 | WorstLoss 1.2318
[Tracker] Saved snapshot: ep0105_phase1_class1
[Tracker] Ep  106 | AvgR 0.0002 | Global 0.8676 | Local 0.2020 | F1_macro 0.6284 | WorstLoss 1.0652
[Tracker] Ep  107 | AvgR 0.0002 | Global 0.8801 | Local 0.3031 | F1_macro 0.6303 | WorstLoss 0.9162
[Tracker] Ep  108 | AvgR 0.0002 | Global 0.8697 | Local 0.2421 | F1_macro 0.6613 | WorstLoss 1.0988
[Tracker] Ep  109 | AvgR 0.0002 | Global 0.8626 | Local 0.2715 | F1_macro 0.6433 | WorstLoss 1.0704
[Tracker] Ep  110 | AvgR 0.0002 | Global 0.8563 | Local 0.2207 | F1_macro 0.6484 | WorstLoss 1.0945
[Tracker] Saved snapshot: ep0110_phase1_class1
[Tracker] Ep  111 | AvgR 0.0002 | Global 0.8557 | Local 0.2797 | F1_macro 0.6429 | WorstLoss 1.0297
[Tracker] Ep  112 | AvgR 0.0002 | Global 0.8607 | Local 0.2349 | F1_macro 0.6397 | WorstLoss 1.1042
[Tracker] Ep  113 | AvgR 0.0002 | Global 0.9054 | Local 0.2030 | F1_macro 0.6826 | WorstLoss 1.0803
[Tracker] Ep  114 | AvgR 0.0002 | Global 0.8163 | Local 0.2169 | F1_macro 0.6500 | WorstLoss 1.1877
[Tracker] Ep  115 | AvgR 0.0002 | Global 0.8516 | Local 0.2368 | F1_macro 0.6396 | WorstLoss 1.1080
[Tracker] Saved snapshot: ep0115_phase1_class1
[Tracker] Ep  116 | AvgR 0.0002 | Global 0.8595 | Local 0.1776 | F1_macro 0.6433 | WorstLoss 1.1090
[Tracker] Ep  117 | AvgR 0.0002 | Global 0.8647 | Local 0.2221 | F1_macro 0.6228 | WorstLoss 1.0215
[Tracker] Ep  118 | AvgR 0.0002 | Global 0.8648 | Local 0.2258 | F1_macro 0.6238 | WorstLoss 1.0577
[Tracker] Ep  119 | AvgR 0.0002 | Global 0.7971 | Local 0.3188 | F1_macro 0.6114 | WorstLoss 1.1456
[Tracker] Ep  120 | AvgR 0.0002 | Global 0.7629 | Local 0.2330 | F1_macro 0.6122 | WorstLoss 1.2125
[Tracker] Saved snapshot: ep0120_phase1_class1
[Tracker] Ep  121 | AvgR 0.0002 | Global 0.8516 | Local 0.2616 | F1_macro 0.6387 | WorstLoss 1.1116
[Tracker] Ep  122 | AvgR 0.0002 | Global 0.7637 | Local 0.2434 | F1_macro 0.6128 | WorstLoss 1.2189
[Tracker] Ep  123 | AvgR 0.0002 | Global 0.8718 | Local 0.2593 | F1_macro 0.6339 | WorstLoss 1.0454
[Tracker] Ep  124 | AvgR 0.0002 | Global 0.8109 | Local 0.2830 | F1_macro 0.6292 | WorstLoss 1.1824
[Tracker] Ep  125 | AvgR 0.0002 | Global 0.8562 | Local 0.2686 | F1_macro 0.6391 | WorstLoss 1.1233
[Tracker] Saved snapshot: ep0125_phase1_class1
[Tracker] Ep  126 | AvgR 0.0002 | Global 0.8517 | Local 0.2093 | F1_macro 0.6461 | WorstLoss 1.0697
[Tracker] Ep  127 | AvgR 0.0002 | Global 0.8590 | Local 0.2029 | F1_macro 0.6349 | WorstLoss 1.1038
[Tracker] Ep  128 | AvgR 0.0002 | Global 0.9033 | Local 0.2442 | F1_macro 0.6229 | WorstLoss 0.9000
[Tracker] Ep  129 | AvgR 0.0002 | Global 0.6355 | Local 0.2853 | F1_macro 0.6189 | WorstLoss 1.3288
[Tracker] Ep  130 | AvgR 0.0002 | Global 0.8580 | Local 0.2579 | F1_macro 0.6213 | WorstLoss 1.0335
[Tracker] Saved snapshot: ep0130_phase1_class1
[Tracker] Ep  131 | AvgR 0.0002 | Global 0.8309 | Local 0.2981 | F1_macro 0.6146 | WorstLoss 1.0009
[Tracker] Ep  132 | AvgR 0.0002 | Global 0.8997 | Local 0.2429 | F1_macro 0.6564 | WorstLoss 0.9904
[Tracker] Ep  133 | AvgR 0.0002 | Global 0.9033 | Local 0.2401 | F1_macro 0.6571 | WorstLoss 0.9906
[Tracker] Ep  134 | AvgR 0.0002 | Global 0.8776 | Local 0.2092 | F1_macro 0.6298 | WorstLoss 1.0228
[Tracker] Ep  135 | AvgR 0.0002 | Global 0.8586 | Local 0.2175 | F1_macro 0.6463 | WorstLoss 1.0830
[Tracker] Saved snapshot: ep0135_phase1_class1
[Tracker] Ep  136 | AvgR 0.0002 | Global 0.8255 | Local 0.2989 | F1_macro 0.6268 | WorstLoss 1.1018
[Tracker] Ep  137 | AvgR 0.0002 | Global 0.8952 | Local 0.2326 | F1_macro 0.6527 | WorstLoss 1.0169
[Tracker] Ep  138 | AvgR 0.0002 | Global 0.7870 | Local 0.2755 | F1_macro 0.6189 | WorstLoss 1.1678
[Tracker] Ep  139 | AvgR 0.0002 | Global 0.8684 | Local 0.2859 | F1_macro 0.6191 | WorstLoss 0.9631
[Tracker] Ep  140 | AvgR 0.0002 | Global 0.8733 | Local 0.2431 | F1_macro 0.6434 | WorstLoss 1.0530
[Tracker] Saved snapshot: ep0140_phase1_class1
[Tracker] Ep  141 | AvgR 0.0002 | Global 0.8731 | Local 0.2796 | F1_macro 0.6360 | WorstLoss 1.0073
[Tracker] Ep  142 | AvgR 0.0002 | Global 0.8645 | Local 0.2743 | F1_macro 0.6197 | WorstLoss 1.0111
[Tracker] Ep  143 | AvgR 0.0002 | Global 0.8527 | Local 0.2418 | F1_macro 0.6243 | WorstLoss 1.0678
[Tracker] Ep  144 | AvgR 0.0002 | Global 0.8511 | Local 0.2483 | F1_macro 0.6373 | WorstLoss 1.0630
[Tracker] Ep  145 | AvgR 0.0002 | Global 0.8675 | Local 0.3006 | F1_macro 0.6379 | WorstLoss 1.0256
[Tracker] Saved snapshot: ep0145_phase1_class1
[Tracker] Ep  146 | AvgR 0.0002 | Global 0.8469 | Local 0.2608 | F1_macro 0.6279 | WorstLoss 1.0078
[Tracker] Ep  147 | AvgR 0.0002 | Global 0.8970 | Local 0.2321 | F1_macro 0.6484 | WorstLoss 1.0071
[Tracker] Ep  148 | AvgR 0.0003 | Global 0.8523 | Local 0.3360 | F1_macro 0.6212 | WorstLoss 0.9929
[Tracker] Ep  149 | AvgR 0.0002 | Global 0.8617 | Local 0.3019 | F1_macro 0.6197 | WorstLoss 0.9494
[Tracker] Ep  150 | AvgR 0.0002 | Global 0.8816 | Local 0.2563 | F1_macro 0.6289 | WorstLoss 0.9935
[Tracker] Saved snapshot: ep0150_phase1_class1
[Tracker] Ep  151 | AvgR 0.0002 | Global 0.8571 | Local 0.2463 | F1_macro 0.6325 | WorstLoss 1.0601
[Tracker] Ep  152 | AvgR 0.0002 | Global 0.8427 | Local 0.2708 | F1_macro 0.6207 | WorstLoss 1.1299
[Tracker] Ep  153 | AvgR 0.0002 | Global 0.8188 | Local 0.3133 | F1_macro 0.6244 | WorstLoss 1.1192
[Tracker] Ep  154 | AvgR 0.0002 | Global 0.8240 | Local 0.3185 | F1_macro 0.6221 | WorstLoss 1.0823
[Tracker] Ep  155 | AvgR 0.0002 | Global 0.8487 | Local 0.2803 | F1_macro 0.6339 | WorstLoss 1.0671
[Tracker] Saved snapshot: ep0155_phase1_class1
[Tracker] Ep  156 | AvgR 0.0002 | Global 0.8335 | Local 0.2760 | F1_macro 0.6272 | WorstLoss 1.1155
[Tracker] Ep  157 | AvgR 0.0002 | Global 0.8231 | Local 0.2907 | F1_macro 0.6134 | WorstLoss 1.0851
[Tracker] Ep  158 | AvgR 0.0003 | Global 0.8670 | Local 0.3542 | F1_macro 0.6263 | WorstLoss 0.9995
[Tracker] Ep  159 | AvgR 0.0002 | Global 0.8352 | Local 0.2692 | F1_macro 0.6116 | WorstLoss 1.0209
[Tracker] Ep  160 | AvgR 0.0002 | Global 0.8124 | Local 0.2493 | F1_macro 0.6337 | WorstLoss 1.1723
[Tracker] Saved snapshot: ep0160_phase1_class1
[Tracker] Ep  161 | AvgR 0.0002 | Global 0.8459 | Local 0.2609 | F1_macro 0.6168 | WorstLoss 1.0911
[Tracker] Ep  162 | AvgR 0.0002 | Global 0.8215 | Local 0.2833 | F1_macro 0.6265 | WorstLoss 1.1032
[Tracker] Ep  163 | AvgR 0.0002 | Global 0.8816 | Local 0.2432 | F1_macro 0.6236 | WorstLoss 0.9320
[Tracker] Ep  164 | AvgR 0.0002 | Global 0.8383 | Local 0.2449 | F1_macro 0.6224 | WorstLoss 1.0573
[Tracker] Ep  165 | AvgR 0.0002 | Global 0.8598 | Local 0.3066 | F1_macro 0.6242 | WorstLoss 0.9858
[Tracker] Saved snapshot: ep0165_phase1_class1
[Tracker] Ep  166 | AvgR 0.0002 | Global 0.7908 | Local 0.3002 | F1_macro 0.6074 | WorstLoss 1.1633
[Tracker] Ep  167 | AvgR 0.0002 | Global 0.8628 | Local 0.2951 | F1_macro 0.6293 | WorstLoss 1.0207
[Tracker] Ep  168 | AvgR 0.0002 | Global 0.8214 | Local 0.2637 | F1_macro 0.6312 | WorstLoss 1.1390
[Tracker] Ep  169 | AvgR 0.0002 | Global 0.8237 | Local 0.3225 | F1_macro 0.6118 | WorstLoss 1.0971
[Tracker] Ep  170 | AvgR 0.0002 | Global 0.7477 | Local 0.2786 | F1_macro 0.6322 | WorstLoss 1.2327
[Tracker] Saved snapshot: ep0170_phase1_class1
[Tracker] Ep  171 | AvgR 0.0002 | Global 0.8360 | Local 0.3223 | F1_macro 0.6248 | WorstLoss 1.0550
[Tracker] Ep  172 | AvgR 0.0002 | Global 0.8440 | Local 0.2799 | F1_macro 0.6242 | WorstLoss 0.9925
[Tracker] Ep  173 | AvgR 0.0003 | Global 0.8648 | Local 0.3233 | F1_macro 0.6127 | WorstLoss 0.9257
[Tracker] Ep  174 | AvgR 0.0003 | Global 0.8701 | Local 0.3217 | F1_macro 0.6205 | WorstLoss 1.0137
[Tracker] Ep  175 | AvgR 0.0002 | Global 0.8693 | Local 0.2562 | F1_macro 0.6409 | WorstLoss 1.0366
[Tracker] Saved snapshot: ep0175_phase1_class1
[Tracker] Ep  176 | AvgR 0.0003 | Global 0.8686 | Local 0.3095 | F1_macro 0.6234 | WorstLoss 0.9386
[Tracker] Ep  177 | AvgR 0.0002 | Global 0.8627 | Local 0.2487 | F1_macro 0.6324 | WorstLoss 1.0115
[Tracker] Ep  178 | AvgR 0.0002 | Global 0.8652 | Local 0.2896 | F1_macro 0.6153 | WorstLoss 0.9546
[Tracker] Ep  179 | AvgR 0.0003 | Global 0.8076 | Local 0.3414 | F1_macro 0.6110 | WorstLoss 1.0125
[Tracker] Ep  180 | AvgR 0.0002 | Global 0.8311 | Local 0.2852 | F1_macro 0.6245 | WorstLoss 1.0747
[Tracker] Saved snapshot: ep0180_phase1_class1
[Tracker] Ep  181 | AvgR 0.0002 | Global 0.9016 | Local 0.2725 | F1_macro 0.6481 | WorstLoss 0.9856
[Tracker] Ep  182 | AvgR 0.0002 | Global 0.8238 | Local 0.2626 | F1_macro 0.6010 | WorstLoss 1.0142
[Tracker] Ep  183 | AvgR 0.0003 | Global 0.8163 | Local 0.3432 | F1_macro 0.6106 | WorstLoss 1.1019
[Tracker] Ep  184 | AvgR 0.0002 | Global 0.8337 | Local 0.2390 | F1_macro 0.5976 | WorstLoss 1.0171
[Tracker] Ep  185 | AvgR 0.0003 | Global 0.8553 | Local 0.3201 | F1_macro 0.6185 | WorstLoss 0.9868
[Tracker] Saved snapshot: ep0185_phase1_class1
[Tracker] Ep  186 | AvgR 0.0003 | Global 0.8650 | Local 0.3250 | F1_macro 0.6358 | WorstLoss 0.9837
[Tracker] Ep  187 | AvgR 0.0002 | Global 0.8690 | Local 0.2811 | F1_macro 0.6335 | WorstLoss 0.9741
[Tracker] Ep  188 | AvgR 0.0002 | Global 0.8450 | Local 0.2842 | F1_macro 0.6202 | WorstLoss 1.0829
[Tracker] Ep  189 | AvgR 0.0002 | Global 0.8690 | Local 0.3034 | F1_macro 0.6163 | WorstLoss 1.0211
[Tracker] Ep  190 | AvgR 0.0002 | Global 0.8786 | Local 0.2495 | F1_macro 0.6393 | WorstLoss 0.9457
[Tracker] Saved snapshot: ep0190_phase1_class1
[Tracker] Ep  191 | AvgR 0.0002 | Global 0.8393 | Local 0.2628 | F1_macro 0.6125 | WorstLoss 1.0608
[Tracker] Ep  192 | AvgR 0.0002 | Global 0.8191 | Local 0.2575 | F1_macro 0.6144 | WorstLoss 1.0743
[Tracker] Ep  193 | AvgR 0.0002 | Global 0.8499 | Local 0.3038 | F1_macro 0.6141 | WorstLoss 1.0481
[Tracker] Ep  194 | AvgR 0.0002 | Global 0.7944 | Local 0.3099 | F1_macro 0.6029 | WorstLoss 1.0858
[Tracker] Ep  195 | AvgR 0.0002 | Global 0.8430 | Local 0.2949 | F1_macro 0.6104 | WorstLoss 0.9925
[Tracker] Saved snapshot: ep0195_phase1_class1
[Tracker] Ep  196 | AvgR 0.0002 | Global 0.7717 | Local 0.2648 | F1_macro 0.6192 | WorstLoss 1.2282
[Tracker] Ep  197 | AvgR 0.0003 | Global 0.8455 | Local 0.3149 | F1_macro 0.6006 | WorstLoss 0.9251
[Tracker] Ep  198 | AvgR 0.0002 | Global 0.8063 | Local 0.2558 | F1_macro 0.6172 | WorstLoss 1.1249
[Tracker] Ep  199 | AvgR 0.0002 | Global 0.8413 | Local 0.2932 | F1_macro 0.6101 | WorstLoss 1.0536
[Tracker] Ep  200 | AvgR 0.0002 | Global 0.8420 | Local 0.2804 | F1_macro 0.6147 | WorstLoss 1.0161
[Tracker] Saved snapshot: ep0200_phase1_class1
[Tracker] Ep  201 | AvgR 0.0002 | Global 0.8114 | Local 0.2993 | F1_macro 0.6198 | WorstLoss 1.1057
[Tracker] Ep  202 | AvgR 0.0002 | Global 0.8266 | Local 0.2724 | F1_macro 0.6356 | WorstLoss 1.0875
[Tracker] Ep  203 | AvgR 0.0003 | Global 0.8353 | Local 0.3371 | F1_macro 0.6180 | WorstLoss 1.0396
[Tracker] Ep  204 | AvgR 0.0002 | Global 0.8427 | Local 0.3129 | F1_macro 0.6203 | WorstLoss 1.0864
[Tracker] Ep  205 | AvgR 0.0002 | Global 0.7841 | Local 0.3362 | F1_macro 0.5979 | WorstLoss 1.1672
[Tracker] Saved snapshot: ep0205_phase1_class1
[Tracker] Ep  206 | AvgR 0.0002 | Global 0.7511 | Local 0.3531 | F1_macro 0.6115 | WorstLoss 1.2102
[Tracker] Ep  207 | AvgR 0.0002 | Global 0.8146 | Local 0.3003 | F1_macro 0.5887 | WorstLoss 1.0762
[Tracker] Ep  208 | AvgR 0.0002 | Global 0.8655 | Local 0.2763 | F1_macro 0.6176 | WorstLoss 0.9747
[Tracker] Ep  209 | AvgR 0.0002 | Global 0.8647 | Local 0.2955 | F1_macro 0.6325 | WorstLoss 0.9501
[Tracker] Ep  210 | AvgR 0.0002 | Global 0.8081 | Local 0.2757 | F1_macro 0.6275 | WorstLoss 1.1583
[Tracker] Saved snapshot: ep0210_phase1_class1
[Tracker] Ep  211 | AvgR 0.0002 | Global 0.8469 | Local 0.3021 | F1_macro 0.6120 | WorstLoss 1.1016
[Tracker] Ep  212 | AvgR 0.0002 | Global 0.7908 | Local 0.2960 | F1_macro 0.5999 | WorstLoss 1.1674
[Tracker] Ep  213 | AvgR 0.0002 | Global 0.8116 | Local 0.3079 | F1_macro 0.6045 | WorstLoss 1.0927
[Tracker] Ep  214 | AvgR 0.0002 | Global 0.7992 | Local 0.2775 | F1_macro 0.6111 | WorstLoss 1.1446
[Tracker] Ep  215 | AvgR 0.0002 | Global 0.8352 | Local 0.2907 | F1_macro 0.6081 | WorstLoss 1.0477
[Tracker] Saved snapshot: ep0215_phase1_class1
[Tracker] Ep  216 | AvgR 0.0002 | Global 0.8314 | Local 0.2572 | F1_macro 0.6230 | WorstLoss 1.0437
[Tracker] Ep  217 | AvgR 0.0002 | Global 0.4060 | Local 0.2978 | F1_macro 0.6311 | WorstLoss 1.4390
[Tracker] Ep  218 | AvgR 0.0002 | Global 0.8377 | Local 0.2992 | F1_macro 0.6250 | WorstLoss 1.0405
[Tracker] Ep  219 | AvgR 0.0003 | Global 0.8677 | Local 0.3139 | F1_macro 0.6324 | WorstLoss 1.0122
[Tracker] Ep  220 | AvgR 0.0003 | Global 0.8450 | Local 0.3349 | F1_macro 0.6140 | WorstLoss 1.0371
[Tracker] Saved snapshot: ep0220_phase1_class1
[Tracker] Ep  221 | AvgR 0.0002 | Global 0.8081 | Local 0.3228 | F1_macro 0.6200 | WorstLoss 1.1242
[Tracker] Ep  222 | AvgR 0.0002 | Global 0.8514 | Local 0.2648 | F1_macro 0.6145 | WorstLoss 0.9913
[Tracker] Ep  223 | AvgR 0.0002 | Global 0.8436 | Local 0.2579 | F1_macro 0.6029 | WorstLoss 0.9449
[Tracker] Ep  224 | AvgR 0.0002 | Global 0.8417 | Local 0.2774 | F1_macro 0.6136 | WorstLoss 1.0915
[Tracker] Ep  225 | AvgR 0.0002 | Global 0.8426 | Local 0.2822 | F1_macro 0.6168 | WorstLoss 1.0125
[Tracker] Saved snapshot: ep0225_phase1_class1
[Tracker] Ep  226 | AvgR 0.0002 | Global 0.7317 | Local 0.2491 | F1_macro 0.6162 | WorstLoss 1.2393
[Tracker] Ep  227 | AvgR 0.0002 | Global 0.5743 | Local 0.3351 | F1_macro 0.6187 | WorstLoss 1.3614
[Tracker] Ep  228 | AvgR 0.0003 | Global 0.8491 | Local 0.3196 | F1_macro 0.6039 | WorstLoss 1.0132
[Tracker] Ep  229 | AvgR 0.0002 | Global 0.7741 | Local 0.3152 | F1_macro 0.6149 | WorstLoss 1.2018
[Tracker] Ep  230 | AvgR 0.0003 | Global 0.8698 | Local 0.3105 | F1_macro 0.6267 | WorstLoss 0.9870
[Tracker] Saved snapshot: ep0230_phase1_class1
[Tracker] Ep  231 | AvgR 0.0002 | Global 0.8023 | Local 0.3222 | F1_macro 0.5980 | WorstLoss 1.1171
[Tracker] Ep  232 | AvgR 0.0002 | Global 0.8362 | Local 0.2991 | F1_macro 0.6074 | WorstLoss 1.0540
[Tracker] Ep  233 | AvgR 0.0002 | Global 0.8625 | Local 0.2937 | F1_macro 0.6290 | WorstLoss 0.9884
[Tracker] Ep  234 | AvgR 0.0002 | Global 0.7552 | Local 0.2937 | F1_macro 0.6182 | WorstLoss 1.2036
[Tracker] Ep  235 | AvgR 0.0002 | Global 0.8303 | Local 0.2763 | F1_macro 0.6008 | WorstLoss 0.9778
[Tracker] Saved snapshot: ep0235_phase1_class1
[Tracker] Ep  236 | AvgR 0.0002 | Global 0.8114 | Local 0.3166 | F1_macro 0.6257 | WorstLoss 1.1704
[Tracker] Ep  237 | AvgR 0.0002 | Global 0.8479 | Local 0.2664 | F1_macro 0.6230 | WorstLoss 1.0492
[Tracker] Ep  238 | AvgR 0.0003 | Global 0.8522 | Local 0.3049 | F1_macro 0.6242 | WorstLoss 1.0144
[Tracker] Ep  239 | AvgR 0.0002 | Global 0.7616 | Local 0.3257 | F1_macro 0.6110 | WorstLoss 1.2010
[Tracker] Ep  240 | AvgR 0.0002 | Global 0.8077 | Local 0.2883 | F1_macro 0.6076 | WorstLoss 1.1165
[Tracker] Saved snapshot: ep0240_phase1_class1
[Tracker] Ep  241 | AvgR 0.0002 | Global 0.8039 | Local 0.2799 | F1_macro 0.6161 | WorstLoss 1.1391
[Tracker] Ep  242 | AvgR 0.0002 | Global 0.7119 | Local 0.3047 | F1_macro 0.6277 | WorstLoss 1.2624
[Tracker] Ep  243 | AvgR 0.0002 | Global 0.7705 | Local 0.2954 | F1_macro 0.6121 | WorstLoss 1.1826
[Tracker] Ep  244 | AvgR 0.0002 | Global 0.7727 | Local 0.3066 | F1_macro 0.6234 | WorstLoss 1.2004
[Tracker] Ep  245 | AvgR 0.0002 | Global 0.8004 | Local 0.3228 | F1_macro 0.6032 | WorstLoss 1.1169
[Tracker] Saved snapshot: ep0245_phase1_class1
[Tracker] Ep  246 | AvgR 0.0002 | Global 0.8214 | Local 0.2510 | F1_macro 0.6116 | WorstLoss 1.0910
[Tracker] Ep  247 | AvgR 0.0002 | Global 0.7879 | Local 0.3261 | F1_macro 0.6008 | WorstLoss 1.1226
[Tracker] Ep  248 | AvgR 0.0002 | Global 0.5886 | Local 0.2493 | F1_macro 0.6374 | WorstLoss 1.3569
[Tracker] Ep  249 | AvgR 0.0002 | Global 0.6811 | Local 0.3250 | F1_macro 0.6144 | WorstLoss 1.2892
[Tracker] Ep  250 | AvgR 0.0002 | Global 0.8141 | Local 0.2772 | F1_macro 0.6155 | WorstLoss 1.0954
[Tracker] Saved snapshot: ep0250_phase1_class1
[Tracker] Ep  251 | AvgR 0.0002 | Global 0.7786 | Local 0.2897 | F1_macro 0.6303 | WorstLoss 1.1784
[Tracker] Ep  252 | AvgR 0.0002 | Global 0.8616 | Local 0.2759 | F1_macro 0.6312 | WorstLoss 1.0183
[Tracker] Ep  253 | AvgR 0.0003 | Global 0.8451 | Local 0.3232 | F1_macro 0.6178 | WorstLoss 0.9529
[Tracker] Ep  254 | AvgR 0.0002 | Global 0.8542 | Local 0.2466 | F1_macro 0.6112 | WorstLoss 0.9207
[Tracker] Ep  255 | AvgR 0.0003 | Global 0.8748 | Local 0.2859 | F1_macro 0.6290 | WorstLoss 0.9432
[Tracker] Saved snapshot: ep0255_phase1_class1
[Tracker] Ep  256 | AvgR 0.0002 | Global 0.8155 | Local 0.3038 | F1_macro 0.6065 | WorstLoss 1.0608
[Tracker] Ep  257 | AvgR 0.0002 | Global 0.8025 | Local 0.2843 | F1_macro 0.6050 | WorstLoss 1.1120
[Tracker] Ep  258 | AvgR 0.0002 | Global 0.6887 | Local 0.3249 | F1_macro 0.6228 | WorstLoss 1.2789
[Tracker] Ep  259 | AvgR 0.0003 | Global 0.7981 | Local 0.3388 | F1_macro 0.6189 | WorstLoss 1.1055
[Tracker] Ep  260 | AvgR 0.0003 | Global 0.8730 | Local 0.2942 | F1_macro 0.6281 | WorstLoss 0.9528
[Tracker] Saved snapshot: ep0260_phase1_class1
[Tracker] Ep  261 | AvgR 0.0003 | Global 0.8009 | Local 0.3356 | F1_macro 0.6324 | WorstLoss 1.1523
[Tracker] Ep  262 | AvgR 0.0002 | Global 0.8260 | Local 0.2923 | F1_macro 0.6527 | WorstLoss 1.1667
[Tracker] Ep  263 | AvgR 0.0002 | Global 0.8340 | Local 0.2837 | F1_macro 0.6200 | WorstLoss 1.0775
[Tracker] Ep  264 | AvgR 0.0002 | Global 0.8188 | Local 0.2511 | F1_macro 0.6482 | WorstLoss 1.1616
[Tracker] Ep  265 | AvgR 0.0002 | Global 0.7807 | Local 0.3258 | F1_macro 0.6070 | WorstLoss 1.1745
[Tracker] Saved snapshot: ep0265_phase1_class1
[Tracker] Ep  266 | AvgR 0.0002 | Global 0.8340 | Local 0.2795 | F1_macro 0.6233 | WorstLoss 1.0503
[Tracker] Ep  267 | AvgR 0.0002 | Global 0.7092 | Local 0.2680 | F1_macro 0.6165 | WorstLoss 1.2721
[Tracker] Ep  268 | AvgR 0.0003 | Global 0.8128 | Local 0.3573 | F1_macro 0.6026 | WorstLoss 1.0641
[Tracker] Ep  269 | AvgR 0.0002 | Global 0.8170 | Local 0.2689 | F1_macro 0.6231 | WorstLoss 1.0643
[Tracker] Ep  270 | AvgR 0.0002 | Global 0.8678 | Local 0.2614 | F1_macro 0.6230 | WorstLoss 0.9573
[Tracker] Saved snapshot: ep0270_phase1_class1
[Tracker] Ep  271 | AvgR 0.0003 | Global 0.8344 | Local 0.3168 | F1_macro 0.6071 | WorstLoss 0.9812
[Tracker] Ep  272 | AvgR 0.0002 | Global 0.8140 | Local 0.2583 | F1_macro 0.6089 | WorstLoss 1.0592
[Tracker] Ep  273 | AvgR 0.0002 | Global 0.7954 | Local 0.3275 | F1_macro 0.6104 | WorstLoss 1.1191
[Tracker] Ep  274 | AvgR 0.0002 | Global 0.7813 | Local 0.2706 | F1_macro 0.6009 | WorstLoss 1.1468
[Tracker] Ep  275 | AvgR 0.0003 | Global 0.8253 | Local 0.3333 | F1_macro 0.6049 | WorstLoss 1.0038
[Tracker] Saved snapshot: ep0275_phase1_class1
[Tracker] Ep  276 | AvgR 0.0002 | Global 0.8126 | Local 0.2853 | F1_macro 0.6214 | WorstLoss 1.1323
[Tracker] Ep  277 | AvgR 0.0002 | Global 0.8366 | Local 0.2578 | F1_macro 0.6130 | WorstLoss 1.0334
[Tracker] Ep  278 | AvgR 0.0002 | Global 0.8470 | Local 0.2788 | F1_macro 0.6196 | WorstLoss 1.0207
[Tracker] Ep  279 | AvgR 0.0003 | Global 0.8256 | Local 0.3163 | F1_macro 0.6142 | WorstLoss 1.1051
[Tracker] Ep  280 | AvgR 0.0003 | Global 0.8662 | Local 0.2987 | F1_macro 0.6268 | WorstLoss 1.0244
[Tracker] Saved snapshot: ep0280_phase1_class1
[Tracker] Ep  281 | AvgR 0.0002 | Global 0.7929 | Local 0.2804 | F1_macro 0.6243 | WorstLoss 1.1699
[Tracker] Ep  282 | AvgR 0.0003 | Global 0.8281 | Local 0.3118 | F1_macro 0.6112 | WorstLoss 0.9753
[Tracker] Ep  283 | AvgR 0.0003 | Global 0.8178 | Local 0.3131 | F1_macro 0.6053 | WorstLoss 1.0370
[Tracker] Ep  284 | AvgR 0.0002 | Global 0.7666 | Local 0.3259 | F1_macro 0.6154 | WorstLoss 1.2079
[Tracker] Ep  285 | AvgR 0.0002 | Global 0.8232 | Local 0.2928 | F1_macro 0.6057 | WorstLoss 1.0408
[Tracker] Saved snapshot: ep0285_phase1_class1
[Tracker] Ep  286 | AvgR 0.0002 | Global 0.8564 | Local 0.2446 | F1_macro 0.6205 | WorstLoss 0.9778
[Tracker] Ep  287 | AvgR 0.0003 | Global 0.8478 | Local 0.3035 | F1_macro 0.6161 | WorstLoss 1.0228
[Tracker] Ep  288 | AvgR 0.0002 | Global 0.8259 | Local 0.2884 | F1_macro 0.6120 | WorstLoss 1.0093
[Tracker] Ep  289 | AvgR 0.0002 | Global 0.8027 | Local 0.3163 | F1_macro 0.5875 | WorstLoss 1.0564
[Tracker] Ep  290 | AvgR 0.0002 | Global 0.8341 | Local 0.2748 | F1_macro 0.6215 | WorstLoss 1.0577
[Tracker] Saved snapshot: ep0290_phase1_class1
[Tracker] Ep  291 | AvgR 0.0003 | Global 0.8541 | Local 0.2973 | F1_macro 0.6225 | WorstLoss 0.9564
[Tracker] Ep  292 | AvgR 0.0002 | Global 0.8630 | Local 0.2680 | F1_macro 0.6352 | WorstLoss 0.9523
[Tracker] Ep  293 | AvgR 0.0002 | Global 0.8514 | Local 0.2871 | F1_macro 0.6274 | WorstLoss 0.9942
[Tracker] Ep  294 | AvgR 0.0002 | Global 0.7979 | Local 0.2985 | F1_macro 0.6041 | WorstLoss 1.0395
[Tracker] Ep  295 | AvgR 0.0003 | Global 0.8161 | Local 0.3238 | F1_macro 0.6149 | WorstLoss 1.1145
[Tracker] Saved snapshot: ep0295_phase1_class1
[Tracker] Ep  296 | AvgR 0.0002 | Global 0.8149 | Local 0.2862 | F1_macro 0.6045 | WorstLoss 1.0089
[Tracker] Ep  297 | AvgR 0.0002 | Global 0.8477 | Local 0.2767 | F1_macro 0.6395 | WorstLoss 1.0519
[Tracker] Ep  298 | AvgR 0.0003 | Global 0.8375 | Local 0.3053 | F1_macro 0.6020 | WorstLoss 0.9342
[Tracker] Ep  299 | AvgR 0.0003 | Global 0.8147 | Local 0.3115 | F1_macro 0.6175 | WorstLoss 1.0403
[Tracker] Ep  300 | AvgR 0.0002 | Global 0.8169 | Local 0.2397 | F1_macro 0.6067 | WorstLoss 1.0674
[Tracker] Saved snapshot: ep0300_phase1_class1
[Tracker] Ep  301 | AvgR 0.0002 | Global 0.7997 | Local 0.3036 | F1_macro 0.6178 | WorstLoss 1.1021
[Tracker] Ep  302 | AvgR 0.0003 | Global 0.8242 | Local 0.3268 | F1_macro 0.6085 | WorstLoss 0.9829
[Tracker] Ep  303 | AvgR 0.0002 | Global 0.8359 | Local 0.2765 | F1_macro 0.6137 | WorstLoss 0.9932
[Tracker] Ep  304 | AvgR 0.0003 | Global 0.8141 | Local 0.3147 | F1_macro 0.6304 | WorstLoss 1.1478
[Tracker] Ep  305 | AvgR 0.0002 | Global 0.7887 | Local 0.2896 | F1_macro 0.6231 | WorstLoss 1.1407
[Tracker] Saved snapshot: ep0305_phase1_class1
[Tracker] Ep  306 | AvgR 0.0003 | Global 0.8345 | Local 0.3014 | F1_macro 0.6162 | WorstLoss 1.0445
[Tracker] Ep  307 | AvgR 0.0002 | Global 0.8281 | Local 0.2563 | F1_macro 0.6049 | WorstLoss 1.0456
[Tracker] Ep  308 | AvgR 0.0002 | Global 0.7992 | Local 0.2939 | F1_macro 0.6425 | WorstLoss 1.1462
[Tracker] Ep  309 | AvgR 0.0003 | Global 0.8557 | Local 0.3057 | F1_macro 0.6310 | WorstLoss 0.9979
[Tracker] Ep  310 | AvgR 0.0003 | Global 0.8607 | Local 0.3049 | F1_macro 0.6149 | WorstLoss 0.9452
[Tracker] Saved snapshot: ep0310_phase1_class1
[Tracker] Ep  311 | AvgR 0.0003 | Global 0.8666 | Local 0.2932 | F1_macro 0.6476 | WorstLoss 0.9761
[Tracker] Ep  312 | AvgR 0.0002 | Global 0.7991 | Local 0.2958 | F1_macro 0.5947 | WorstLoss 1.0660
[Tracker] Ep  313 | AvgR 0.0002 | Global 0.8274 | Local 0.2624 | F1_macro 0.6249 | WorstLoss 1.0689
[Tracker] Ep  314 | AvgR 0.0003 | Global 0.8461 | Local 0.3154 | F1_macro 0.6470 | WorstLoss 1.1015
[Tracker] Ep  315 | AvgR 0.0003 | Global 0.8042 | Local 0.3237 | F1_macro 0.6083 | WorstLoss 1.0399
[Tracker] Saved snapshot: ep0315_phase1_class1
[Tracker] Ep  316 | AvgR 0.0003 | Global 0.7783 | Local 0.3488 | F1_macro 0.6286 | WorstLoss 1.1424
[Tracker] Ep  317 | AvgR 0.0003 | Global 0.7938 | Local 0.3214 | F1_macro 0.6401 | WorstLoss 1.1330
[Tracker] Ep  318 | AvgR 0.0003 | Global 0.8309 | Local 0.3060 | F1_macro 0.6188 | WorstLoss 1.0082
[Tracker] Ep  319 | AvgR 0.0002 | Global 0.7736 | Local 0.3319 | F1_macro 0.6312 | WorstLoss 1.2041
[Tracker] Ep  320 | AvgR 0.0003 | Global 0.8293 | Local 0.3240 | F1_macro 0.6271 | WorstLoss 1.0860
[Tracker] Saved snapshot: ep0320_phase1_class1
[Tracker] Ep  321 | AvgR 0.0003 | Global 0.7960 | Local 0.3373 | F1_macro 0.6180 | WorstLoss 1.1092
[Tracker] Ep  322 | AvgR 0.0003 | Global 0.8544 | Local 0.2844 | F1_macro 0.6326 | WorstLoss 0.9883
[Tracker] Ep  323 | AvgR 0.0003 | Global 0.8530 | Local 0.2975 | F1_macro 0.6261 | WorstLoss 1.0306
[Tracker] Ep  324 | AvgR 0.0003 | Global 0.8661 | Local 0.3629 | F1_macro 0.6304 | WorstLoss 0.9916
[Tracker] Ep  325 | AvgR 0.0003 | Global 0.8259 | Local 0.3065 | F1_macro 0.6093 | WorstLoss 1.0423
[Tracker] Saved snapshot: ep0325_phase1_class1
[Tracker] Ep  326 | AvgR 0.0002 | Global 0.8384 | Local 0.2538 | F1_macro 0.6097 | WorstLoss 1.0145
[Tracker] Ep  327 | AvgR 0.0003 | Global 0.8519 | Local 0.2879 | F1_macro 0.6423 | WorstLoss 1.0397
[Tracker] Ep  328 | AvgR 0.0003 | Global 0.8477 | Local 0.2900 | F1_macro 0.6147 | WorstLoss 0.9884
[Tracker] Ep  329 | AvgR 0.0002 | Global 0.8571 | Local 0.2674 | F1_macro 0.6247 | WorstLoss 0.8838
[Tracker] Ep  330 | AvgR 0.0002 | Global 0.8217 | Local 0.2907 | F1_macro 0.6250 | WorstLoss 1.0307
[Tracker] Saved snapshot: ep0330_phase1_class1
[Tracker] Ep  331 | AvgR 0.0002 | Global 0.7420 | Local 0.3196 | F1_macro 0.6228 | WorstLoss 1.2299
[Tracker] Ep  332 | AvgR 0.0003 | Global 0.8453 | Local 0.2900 | F1_macro 0.6327 | WorstLoss 1.0144
[Tracker] Ep  333 | AvgR 0.0003 | Global 0.8280 | Local 0.3383 | F1_macro 0.6266 | WorstLoss 1.0371
[Tracker] Ep  334 | AvgR 0.0002 | Global 0.8025 | Local 0.2937 | F1_macro 0.6144 | WorstLoss 1.1009
[Tracker] Ep  335 | AvgR 0.0003 | Global 0.8532 | Local 0.3179 | F1_macro 0.6325 | WorstLoss 1.0212
[Tracker] Saved snapshot: ep0335_phase1_class1
[Tracker] Ep  336 | AvgR 0.0003 | Global 0.8596 | Local 0.3379 | F1_macro 0.6355 | WorstLoss 0.9817
[Tracker] Ep  337 | AvgR 0.0003 | Global 0.8314 | Local 0.3010 | F1_macro 0.6252 | WorstLoss 1.0641
[Tracker] Ep  338 | AvgR 0.0003 | Global 0.8404 | Local 0.2899 | F1_macro 0.6232 | WorstLoss 0.9613
[Tracker] Ep  339 | AvgR 0.0003 | Global 0.8791 | Local 0.3082 | F1_macro 0.6445 | WorstLoss 0.8811
[Tracker] Ep  340 | AvgR 0.0003 | Global 0.8264 | Local 0.3000 | F1_macro 0.6103 | WorstLoss 1.0386
[Tracker] Saved snapshot: ep0340_phase1_class1
[Tracker] Ep  341 | AvgR 0.0002 | Global 0.8424 | Local 0.2768 | F1_macro 0.6364 | WorstLoss 1.0366
[Tracker] Ep  342 | AvgR 0.0003 | Global 0.8681 | Local 0.2868 | F1_macro 0.6602 | WorstLoss 0.9892
[Tracker] Ep  343 | AvgR 0.0002 | Global 0.8403 | Local 0.2269 | F1_macro 0.6336 | WorstLoss 1.0385
[Tracker] Ep  344 | AvgR 0.0003 | Global 0.8455 | Local 0.2901 | F1_macro 0.6243 | WorstLoss 1.0104
[Tracker] Ep  345 | AvgR 0.0003 | Global 0.8372 | Local 0.3205 | F1_macro 0.6241 | WorstLoss 1.0446
[Tracker] Saved snapshot: ep0345_phase1_class1
[Tracker] Ep  346 | AvgR 0.0003 | Global 0.8295 | Local 0.3135 | F1_macro 0.6300 | WorstLoss 1.0330
[Tracker] Ep  347 | AvgR 0.0003 | Global 0.8008 | Local 0.3781 | F1_macro 0.6162 | WorstLoss 1.1322
[Tracker] Ep  348 | AvgR 0.0002 | Global 0.8358 | Local 0.2758 | F1_macro 0.6246 | WorstLoss 0.9866
[Tracker] Ep  349 | AvgR 0.0003 | Global 0.8452 | Local 0.3057 | F1_macro 0.6187 | WorstLoss 0.9798
[Tracker] Ep  350 | AvgR 0.0003 | Global 0.8599 | Local 0.2852 | F1_macro 0.6275 | WorstLoss 0.9798
[Tracker] Saved snapshot: ep0350_phase1_class1
[Tracker] Ep  351 | AvgR 0.0003 | Global 0.8224 | Local 0.3136 | F1_macro 0.6245 | WorstLoss 1.0763
[Tracker] Ep  352 | AvgR 0.0003 | Global 0.8448 | Local 0.2943 | F1_macro 0.6436 | WorstLoss 1.0749
[Tracker] Ep  353 | AvgR 0.0003 | Global 0.8654 | Local 0.2956 | F1_macro 0.6436 | WorstLoss 0.9614
[Tracker] Ep  354 | AvgR 0.0003 | Global 0.8278 | Local 0.3024 | F1_macro 0.6076 | WorstLoss 0.9914
[Tracker] Ep  355 | AvgR 0.0002 | Global 0.8408 | Local 0.2580 | F1_macro 0.6322 | WorstLoss 1.0472
[Tracker] Saved snapshot: ep0355_phase1_class1
[Tracker] Ep  356 | AvgR 0.0003 | Global 0.8281 | Local 0.3119 | F1_macro 0.6128 | WorstLoss 0.9992
[Tracker] Ep  357 | AvgR 0.0003 | Global 0.8684 | Local 0.3288 | F1_macro 0.6409 | WorstLoss 0.9977
[Tracker] Ep  358 | AvgR 0.0003 | Global 0.8262 | Local 0.3147 | F1_macro 0.6341 | WorstLoss 1.0619
[Tracker] Ep  359 | AvgR 0.0002 | Global 0.8651 | Local 0.2535 | F1_macro 0.6407 | WorstLoss 1.0107
[Tracker] Ep  360 | AvgR 0.0002 | Global 0.8327 | Local 0.2860 | F1_macro 0.6377 | WorstLoss 1.0034
[Tracker] Saved snapshot: ep0360_phase1_class1
[Tracker] Ep  361 | AvgR 0.0003 | Global 0.8402 | Local 0.2856 | F1_macro 0.6374 | WorstLoss 0.9865
[Tracker] Ep  362 | AvgR 0.0002 | Global 0.8409 | Local 0.2748 | F1_macro 0.6206 | WorstLoss 1.0218
[Tracker] Ep  363 | AvgR 0.0003 | Global 0.8571 | Local 0.2741 | F1_macro 0.6258 | WorstLoss 1.0083
[Tracker] Ep  364 | AvgR 0.0003 | Global 0.7982 | Local 0.3170 | F1_macro 0.6241 | WorstLoss 1.0760
[Tracker] Ep  365 | AvgR 0.0003 | Global 0.8300 | Local 0.3215 | F1_macro 0.6375 | WorstLoss 1.0641
[Tracker] Saved snapshot: ep0365_phase1_class1
[Tracker] Ep  366 | AvgR 0.0003 | Global 0.8748 | Local 0.3090 | F1_macro 0.6336 | WorstLoss 0.8953
[Tracker] Ep  367 | AvgR 0.0003 | Global 0.8685 | Local 0.3030 | F1_macro 0.6380 | WorstLoss 0.9565
[Tracker] Ep  368 | AvgR 0.0003 | Global 0.8333 | Local 0.2923 | F1_macro 0.6339 | WorstLoss 0.9760
[Tracker] Ep  369 | AvgR 0.0002 | Global 0.8120 | Local 0.2668 | F1_macro 0.6201 | WorstLoss 1.0783
[Tracker] Ep  370 | AvgR 0.0003 | Global 0.8153 | Local 0.2974 | F1_macro 0.6211 | WorstLoss 1.1096
[Tracker] Saved snapshot: ep0370_phase1_class1
[Tracker] Ep  371 | AvgR 0.0003 | Global 0.8578 | Local 0.2830 | F1_macro 0.6463 | WorstLoss 0.9514
[Tracker] Ep  372 | AvgR 0.0003 | Global 0.8735 | Local 0.2883 | F1_macro 0.6350 | WorstLoss 0.9539
[Tracker] Ep  373 | AvgR 0.0002 | Global 0.7549 | Local 0.3286 | F1_macro 0.6244 | WorstLoss 1.1977
[Tracker] Ep  374 | AvgR 0.0002 | Global 0.8848 | Local 0.2415 | F1_macro 0.6439 | WorstLoss 0.9940
[Tracker] Ep  375 | AvgR 0.0003 | Global 0.8566 | Local 0.2803 | F1_macro 0.6374 | WorstLoss 0.9785
[Tracker] Saved snapshot: ep0375_phase1_class1
[Tracker] Ep  376 | AvgR 0.0002 | Global 0.8504 | Local 0.2599 | F1_macro 0.6333 | WorstLoss 0.9729
[Tracker] Ep  377 | AvgR 0.0002 | Global 0.8219 | Local 0.2842 | F1_macro 0.6129 | WorstLoss 0.9948
[Tracker] Ep  378 | AvgR 0.0003 | Global 0.8764 | Local 0.2766 | F1_macro 0.6491 | WorstLoss 0.8958
[Tracker] Ep  379 | AvgR 0.0003 | Global 0.8418 | Local 0.3040 | F1_macro 0.6135 | WorstLoss 0.9553
[Tracker] Ep  380 | AvgR 0.0003 | Global 0.9052 | Local 0.2611 | F1_macro 0.6700 | WorstLoss 0.9400
[Tracker] Saved snapshot: ep0380_phase1_class1
[Tracker] Ep  381 | AvgR 0.0002 | Global 0.7844 | Local 0.2835 | F1_macro 0.6286 | WorstLoss 1.1183
[Tracker] Ep  382 | AvgR 0.0003 | Global 0.8344 | Local 0.3286 | F1_macro 0.6366 | WorstLoss 1.0534
[Tracker] Ep  383 | AvgR 0.0003 | Global 0.8367 | Local 0.3327 | F1_macro 0.6252 | WorstLoss 1.0851
[Tracker] Ep  384 | AvgR 0.0003 | Global 0.8762 | Local 0.2750 | F1_macro 0.6411 | WorstLoss 1.0040
[Tracker] Ep  385 | AvgR 0.0003 | Global 0.8698 | Local 0.3065 | F1_macro 0.6355 | WorstLoss 0.9357
[Tracker] Saved snapshot: ep0385_phase1_class1
[Tracker] Ep  386 | AvgR 0.0003 | Global 0.8824 | Local 0.3333 | F1_macro 0.6526 | WorstLoss 0.9479
[Tracker] Ep  387 | AvgR 0.0003 | Global 0.8461 | Local 0.3404 | F1_macro 0.6481 | WorstLoss 1.0651
[Tracker] Ep  388 | AvgR 0.0003 | Global 0.8591 | Local 0.2905 | F1_macro 0.6445 | WorstLoss 0.9976
[Tracker] Ep  389 | AvgR 0.0003 | Global 0.8422 | Local 0.3027 | F1_macro 0.6330 | WorstLoss 1.0866
[Tracker] Ep  390 | AvgR 0.0003 | Global 0.8693 | Local 0.2588 | F1_macro 0.6456 | WorstLoss 1.0363
[Tracker] Saved snapshot: ep0390_phase1_class1
[Tracker] Ep  391 | AvgR 0.0002 | Global 0.7876 | Local 0.3063 | F1_macro 0.6442 | WorstLoss 1.1658
[Tracker] Ep  392 | AvgR 0.0003 | Global 0.8673 | Local 0.2766 | F1_macro 0.6510 | WorstLoss 1.0208
[Tracker] Ep  393 | AvgR 0.0003 | Global 0.8474 | Local 0.2898 | F1_macro 0.6360 | WorstLoss 1.0526
[Tracker] Ep  394 | AvgR 0.0003 | Global 0.8609 | Local 0.2710 | F1_macro 0.6287 | WorstLoss 0.9725
[Tracker] Ep  395 | AvgR 0.0002 | Global 0.8343 | Local 0.2676 | F1_macro 0.6339 | WorstLoss 1.0197
[Tracker] Saved snapshot: ep0395_phase1_class1
[Tracker] Ep  396 | AvgR 0.0003 | Global 0.8263 | Local 0.3002 | F1_macro 0.6186 | WorstLoss 1.0672
[Tracker] Ep  397 | AvgR 0.0003 | Global 0.8544 | Local 0.2937 | F1_macro 0.6286 | WorstLoss 1.0306
[Tracker] Ep  398 | AvgR 0.0002 | Global 0.8768 | Local 0.2451 | F1_macro 0.6559 | WorstLoss 0.9624
[Tracker] Ep  399 | AvgR 0.0003 | Global 0.8711 | Local 0.2982 | F1_macro 0.6462 | WorstLoss 0.9929
[Tracker] Ep  400 | AvgR 0.0003 | Global 0.8570 | Local 0.2949 | F1_macro 0.6387 | WorstLoss 1.0905
[Tracker] Saved snapshot: ep0400_phase1_class1
[Tracker] Ep  401 | AvgR 0.0003 | Global 0.8573 | Local 0.2664 | F1_macro 0.6412 | WorstLoss 0.9832
[Tracker] Ep  402 | AvgR 0.0003 | Global 0.8673 | Local 0.2812 | F1_macro 0.6390 | WorstLoss 0.9228
[Tracker] Ep  403 | AvgR 0.0003 | Global 0.7733 | Local 0.3777 | F1_macro 0.6417 | WorstLoss 1.1602
[Tracker] Ep  404 | AvgR 0.0002 | Global 0.8385 | Local 0.2696 | F1_macro 0.6331 | WorstLoss 1.0025
[Tracker] Ep  405 | AvgR 0.0003 | Global 0.8541 | Local 0.2896 | F1_macro 0.6296 | WorstLoss 0.9303
[Tracker] Saved snapshot: ep0405_phase1_class1
[Tracker] Ep  406 | AvgR 0.0002 | Global 0.8380 | Local 0.2463 | F1_macro 0.6383 | WorstLoss 1.0602
[Tracker] Ep  407 | AvgR 0.0002 | Global 0.8663 | Local 0.2482 | F1_macro 0.6310 | WorstLoss 0.9169
[Tracker] Ep  408 | AvgR 0.0003 | Global 0.8679 | Local 0.3367 | F1_macro 0.6461 | WorstLoss 0.9705
[Tracker] Ep  409 | AvgR 0.0003 | Global 0.8825 | Local 0.2817 | F1_macro 0.6354 | WorstLoss 0.9606
[Tracker] Ep  410 | AvgR 0.0003 | Global 0.8490 | Local 0.2946 | F1_macro 0.6309 | WorstLoss 0.9337
[Tracker] Saved snapshot: ep0410_phase1_class1
[Tracker] Ep  411 | AvgR 0.0003 | Global 0.8708 | Local 0.2552 | F1_macro 0.6438 | WorstLoss 1.0024
[Tracker] Ep  412 | AvgR 0.0003 | Global 0.8855 | Local 0.3081 | F1_macro 0.6522 | WorstLoss 0.9621
[Tracker] Ep  413 | AvgR 0.0003 | Global 0.8725 | Local 0.2598 | F1_macro 0.6326 | WorstLoss 0.9823
[Tracker] Ep  414 | AvgR 0.0003 | Global 0.8437 | Local 0.3067 | F1_macro 0.6512 | WorstLoss 1.1018
[Tracker] Ep  415 | AvgR 0.0003 | Global 0.8350 | Local 0.2962 | F1_macro 0.6283 | WorstLoss 1.0736
[Tracker] Saved snapshot: ep0415_phase1_class1
[Tracker] Ep  416 | AvgR 0.0003 | Global 0.8940 | Local 0.2571 | F1_macro 0.6540 | WorstLoss 0.9650
[Tracker] Ep  417 | AvgR 0.0002 | Global 0.8718 | Local 0.2354 | F1_macro 0.6501 | WorstLoss 0.9738
[Tracker] Ep  418 | AvgR 0.0003 | Global 0.8639 | Local 0.2695 | F1_macro 0.6439 | WorstLoss 0.9472
[Tracker] Ep  419 | AvgR 0.0003 | Global 0.8711 | Local 0.2509 | F1_macro 0.6397 | WorstLoss 0.9171
[Tracker] Ep  420 | AvgR 0.0003 | Global 0.8173 | Local 0.3221 | F1_macro 0.6399 | WorstLoss 1.1248
[Tracker] Saved snapshot: ep0420_phase1_class1
[Tracker] Ep  421 | AvgR 0.0003 | Global 0.8560 | Local 0.2928 | F1_macro 0.6551 | WorstLoss 1.0321
[Tracker] Ep  422 | AvgR 0.0003 | Global 0.9127 | Local 0.2905 | F1_macro 0.6575 | WorstLoss 0.9039
[Tracker] Ep  423 | AvgR 0.0003 | Global 0.8709 | Local 0.2546 | F1_macro 0.6318 | WorstLoss 0.9551
[Tracker] Ep  424 | AvgR 0.0003 | Global 0.8744 | Local 0.2918 | F1_macro 0.6441 | WorstLoss 0.9901
[Tracker] Ep  425 | AvgR 0.0003 | Global 0.8877 | Local 0.2767 | F1_macro 0.6471 | WorstLoss 0.9261
[Tracker] Saved snapshot: ep0425_phase1_class1
[Tracker] Ep  426 | AvgR 0.0003 | Global 0.8715 | Local 0.2803 | F1_macro 0.6473 | WorstLoss 0.9820
[Tracker] Ep  427 | AvgR 0.0003 | Global 0.8914 | Local 0.2885 | F1_macro 0.6487 | WorstLoss 0.9143
[Tracker] Ep  428 | AvgR 0.0003 | Global 0.8673 | Local 0.2759 | F1_macro 0.6583 | WorstLoss 1.0034
[Tracker] Ep  429 | AvgR 0.0003 | Global 0.8423 | Local 0.2846 | F1_macro 0.6333 | WorstLoss 1.0170
[Tracker] Ep  430 | AvgR 0.0003 | Global 0.8462 | Local 0.2645 | F1_macro 0.6438 | WorstLoss 1.0105
[Tracker] Saved snapshot: ep0430_phase1_class1
[Tracker] Ep  431 | AvgR 0.0003 | Global 0.9033 | Local 0.2881 | F1_macro 0.6527 | WorstLoss 0.8553
[Tracker] Ep  432 | AvgR 0.0003 | Global 0.8834 | Local 0.2527 | F1_macro 0.6363 | WorstLoss 0.8928
[Tracker] Ep  433 | AvgR 0.0003 | Global 0.8554 | Local 0.3160 | F1_macro 0.6392 | WorstLoss 1.0397
[Tracker] Ep  434 | AvgR 0.0003 | Global 0.8532 | Local 0.2705 | F1_macro 0.6189 | WorstLoss 1.0287
[Tracker] Ep  435 | AvgR 0.0003 | Global 0.8919 | Local 0.2639 | F1_macro 0.6507 | WorstLoss 1.0237
[Tracker] Saved snapshot: ep0435_phase1_class1
[Tracker] Ep  436 | AvgR 0.0003 | Global 0.8511 | Local 0.2917 | F1_macro 0.6337 | WorstLoss 1.0196
[Tracker] Ep  437 | AvgR 0.0003 | Global 0.8320 | Local 0.2870 | F1_macro 0.6350 | WorstLoss 1.0694
[Tracker] Ep  438 | AvgR 0.0003 | Global 0.8847 | Local 0.2699 | F1_macro 0.6320 | WorstLoss 0.8281
[Tracker] Ep  439 | AvgR 0.0003 | Global 0.8331 | Local 0.3108 | F1_macro 0.6274 | WorstLoss 1.0492
[Tracker] Ep  440 | AvgR 0.0003 | Global 0.8674 | Local 0.2976 | F1_macro 0.6447 | WorstLoss 1.0595
[Tracker] Saved snapshot: ep0440_phase1_class1
[Tracker] Ep  441 | AvgR 0.0003 | Global 0.8280 | Local 0.2925 | F1_macro 0.6317 | WorstLoss 1.0711
[Tracker] Ep  442 | AvgR 0.0003 | Global 0.9204 | Local 0.2744 | F1_macro 0.6584 | WorstLoss 0.8505
[Tracker] New BEST synthetic [phase1_class1] (by global.global_obj: 0.920384) saved.
[Tracker] BEST β weights [phase1_class1] saved -> training_runs/SPECv17c_bias010_ds030_rl_census_3seeds_EP800_PCA10_REWfairness_minID1_majID0_TRJ2000_REAL3000_BIAS0.1_GG202603181628_95f1d3ce/seed_1/best_beta_state_dict_phase1_class1.pt
[Tracker] Ep  443 | AvgR 0.0003 | Global 0.8530 | Local 0.2709 | F1_macro 0.6414 | WorstLoss 1.0728
[Tracker] Ep  444 | AvgR 0.0003 | Global 0.8763 | Local 0.2896 | F1_macro 0.6444 | WorstLoss 1.0197
[Tracker] Ep  445 | AvgR 0.0003 | Global 0.8846 | Local 0.2389 | F1_macro 0.6323 | WorstLoss 0.9525
[Tracker] Saved snapshot: ep0445_phase1_class1
[Tracker] Ep  446 | AvgR 0.0003 | Global 0.8637 | Local 0.3107 | F1_macro 0.6441 | WorstLoss 0.9838
[Tracker] Ep  447 | AvgR 0.0003 | Global 0.8665 | Local 0.2778 | F1_macro 0.6377 | WorstLoss 0.9243
[Tracker] Ep  448 | AvgR 0.0003 | Global 0.8759 | Local 0.3074 | F1_macro 0.6458 | WorstLoss 1.0003
[Tracker] Ep  449 | AvgR 0.0003 | Global 0.8805 | Local 0.2814 | F1_macro 0.6552 | WorstLoss 0.9908
[Tracker] Ep  450 | AvgR 0.0003 | Global 0.8962 | Local 0.3024 | F1_macro 0.6460 | WorstLoss 0.9283
[Tracker] Saved snapshot: ep0450_phase1_class1
[Tracker] Ep  451 | AvgR 0.0003 | Global 0.8577 | Local 0.2735 | F1_macro 0.6436 | WorstLoss 0.9887
[Tracker] Ep  452 | AvgR 0.0003 | Global 0.8824 | Local 0.2659 | F1_macro 0.6340 | WorstLoss 0.9248
[Tracker] Ep  453 | AvgR 0.0003 | Global 0.8797 | Local 0.2889 | F1_macro 0.6495 | WorstLoss 0.9824
[Tracker] Ep  454 | AvgR 0.0003 | Global 0.8671 | Local 0.2486 | F1_macro 0.6455 | WorstLoss 0.9869
[Tracker] Ep  455 | AvgR 0.0003 | Global 0.8801 | Local 0.2470 | F1_macro 0.6448 | WorstLoss 0.9456
[Tracker] Saved snapshot: ep0455_phase1_class1
[Tracker] Ep  456 | AvgR 0.0003 | Global 0.8752 | Local 0.2695 | F1_macro 0.6345 | WorstLoss 0.9330
[Tracker] Ep  457 | AvgR 0.0003 | Global 0.8680 | Local 0.3237 | F1_macro 0.6438 | WorstLoss 0.9912
[Tracker] Ep  458 | AvgR 0.0003 | Global 0.8799 | Local 0.3143 | F1_macro 0.6418 | WorstLoss 0.9429
[Tracker] Ep  459 | AvgR 0.0003 | Global 0.8359 | Local 0.2909 | F1_macro 0.6393 | WorstLoss 1.0714
[Tracker] Ep  460 | AvgR 0.0003 | Global 0.8282 | Local 0.2868 | F1_macro 0.6266 | WorstLoss 1.1148
[Tracker] Saved snapshot: ep0460_phase1_class1
[Tracker] Ep  461 | AvgR 0.0002 | Global 0.9052 | Local 0.2111 | F1_macro 0.6420 | WorstLoss 0.7736
[Tracker] Ep  462 | AvgR 0.0003 | Global 0.8758 | Local 0.2837 | F1_macro 0.6330 | WorstLoss 0.9020
[Tracker] Ep  463 | AvgR 0.0003 | Global 0.8555 | Local 0.2826 | F1_macro 0.6413 | WorstLoss 1.0503
[Tracker] Ep  464 | AvgR 0.0003 | Global 0.8551 | Local 0.2781 | F1_macro 0.6452 | WorstLoss 1.0681
[Tracker] Ep  465 | AvgR 0.0003 | Global 0.8406 | Local 0.2726 | F1_macro 0.6159 | WorstLoss 0.9923
[Tracker] Saved snapshot: ep0465_phase1_class1
[Tracker] Ep  466 | AvgR 0.0003 | Global 0.8606 | Local 0.3469 | F1_macro 0.6347 | WorstLoss 0.9969
[Tracker] Ep  467 | AvgR 0.0003 | Global 0.8548 | Local 0.3080 | F1_macro 0.6320 | WorstLoss 0.9387
[Tracker] Ep  468 | AvgR 0.0003 | Global 0.8699 | Local 0.2838 | F1_macro 0.6558 | WorstLoss 1.0489
[Tracker] Ep  469 | AvgR 0.0003 | Global 0.8721 | Local 0.3122 | F1_macro 0.6542 | WorstLoss 1.0272
[Tracker] Ep  470 | AvgR 0.0003 | Global 0.9195 | Local 0.2506 | F1_macro 0.6649 | WorstLoss 0.8271
[Tracker] Saved snapshot: ep0470_phase1_class1
[Tracker] Ep  471 | AvgR 0.0003 | Global 0.8811 | Local 0.2646 | F1_macro 0.6491 | WorstLoss 1.0279
[Tracker] Ep  472 | AvgR 0.0003 | Global 0.8976 | Local 0.2933 | F1_macro 0.6504 | WorstLoss 0.8985
[Tracker] Ep  473 | AvgR 0.0003 | Global 0.8639 | Local 0.2786 | F1_macro 0.6305 | WorstLoss 0.9707
[Tracker] Ep  474 | AvgR 0.0003 | Global 0.8247 | Local 0.3281 | F1_macro 0.6416 | WorstLoss 1.1164
[Tracker] Ep  475 | AvgR 0.0003 | Global 0.8520 | Local 0.2816 | F1_macro 0.6360 | WorstLoss 1.0335
[Tracker] Saved snapshot: ep0475_phase1_class1
[Tracker] Ep  476 | AvgR 0.0003 | Global 0.9030 | Local 0.2689 | F1_macro 0.6467 | WorstLoss 0.9624
[Tracker] Ep  477 | AvgR 0.0003 | Global 0.8544 | Local 0.2997 | F1_macro 0.6242 | WorstLoss 0.9477
[Tracker] Ep  478 | AvgR 0.0003 | Global 0.8539 | Local 0.2899 | F1_macro 0.6323 | WorstLoss 0.9749
[Tracker] Ep  479 | AvgR 0.0003 | Global 0.8789 | Local 0.2556 | F1_macro 0.6442 | WorstLoss 0.9688
[Tracker] Ep  480 | AvgR 0.0003 | Global 0.8727 | Local 0.2832 | F1_macro 0.6542 | WorstLoss 0.9973
[Tracker] Saved snapshot: ep0480_phase1_class1
[Tracker] Ep  481 | AvgR 0.0003 | Global 0.8962 | Local 0.2728 | F1_macro 0.6576 | WorstLoss 0.9264
[Tracker] Ep  482 | AvgR 0.0003 | Global 0.8776 | Local 0.3302 | F1_macro 0.6561 | WorstLoss 1.0144
[Tracker] Ep  483 | AvgR 0.0003 | Global 0.8594 | Local 0.3080 | F1_macro 0.6443 | WorstLoss 0.9936
[Tracker] Ep  484 | AvgR 0.0003 | Global 0.8549 | Local 0.2999 | F1_macro 0.6467 | WorstLoss 1.0616
[Tracker] Ep  485 | AvgR 0.0003 | Global 0.8811 | Local 0.3038 | F1_macro 0.6512 | WorstLoss 0.9615
[Tracker] Saved snapshot: ep0485_phase1_class1
[Tracker] Ep  486 | AvgR 0.0003 | Global 0.8599 | Local 0.2893 | F1_macro 0.6533 | WorstLoss 0.9990
[Tracker] Ep  487 | AvgR 0.0003 | Global 0.8638 | Local 0.2522 | F1_macro 0.6546 | WorstLoss 1.0622
[Tracker] Ep  488 | AvgR 0.0003 | Global 0.8932 | Local 0.2585 | F1_macro 0.6571 | WorstLoss 0.9300
[Tracker] Ep  489 | AvgR 0.0003 | Global 0.8329 | Local 0.3032 | F1_macro 0.6396 | WorstLoss 1.0983
[Tracker] Ep  490 | AvgR 0.0003 | Global 0.8719 | Local 0.3003 | F1_macro 0.6388 | WorstLoss 0.9636
[Tracker] Saved snapshot: ep0490_phase1_class1
[Tracker] Ep  491 | AvgR 0.0003 | Global 0.9025 | Local 0.2782 | F1_macro 0.6505 | WorstLoss 0.9044
[Tracker] Ep  492 | AvgR 0.0003 | Global 0.8599 | Local 0.2869 | F1_macro 0.6537 | WorstLoss 1.0326
[Tracker] Ep  493 | AvgR 0.0003 | Global 0.8413 | Local 0.2642 | F1_macro 0.6349 | WorstLoss 1.1055
[Tracker] Ep  494 | AvgR 0.0003 | Global 0.9093 | Local 0.2795 | F1_macro 0.6498 | WorstLoss 0.8692
[Tracker] Ep  495 | AvgR 0.0003 | Global 0.8724 | Local 0.2531 | F1_macro 0.6403 | WorstLoss 1.0167
[Tracker] Saved snapshot: ep0495_phase1_class1
[Tracker] Ep  496 | AvgR 0.0003 | Global 0.8904 | Local 0.2680 | F1_macro 0.6445 | WorstLoss 1.0004
[Tracker] Ep  497 | AvgR 0.0003 | Global 0.8866 | Local 0.3078 | F1_macro 0.6515 | WorstLoss 0.9556
[Tracker] Ep  498 | AvgR 0.0003 | Global 0.8693 | Local 0.2562 | F1_macro 0.6355 | WorstLoss 1.0020
[Tracker] Ep  499 | AvgR 0.0003 | Global 0.8672 | Local 0.2860 | F1_macro 0.6457 | WorstLoss 1.0553
[Tracker] Ep  500 | AvgR 0.0003 | Global 0.7934 | Local 0.3081 | F1_macro 0.6340 | WorstLoss 1.1908
[Tracker] Saved snapshot: ep0500_phase1_class1
[Tracker] Ep  501 | AvgR 0.0003 | Global 0.8825 | Local 0.3002 | F1_macro 0.6459 | WorstLoss 0.9789
[Tracker] Ep  502 | AvgR 0.0003 | Global 0.8617 | Local 0.2991 | F1_macro 0.6366 | WorstLoss 1.0177
[Tracker] Ep  503 | AvgR 0.0003 | Global 0.8594 | Local 0.2875 | F1_macro 0.6369 | WorstLoss 0.9772
[Tracker] Ep  504 | AvgR 0.0003 | Global 0.8804 | Local 0.2697 | F1_macro 0.6462 | WorstLoss 0.9932
[Tracker] Ep  505 | AvgR 0.0003 | Global 0.8521 | Local 0.2816 | F1_macro 0.6390 | WorstLoss 1.0594
[Tracker] Saved snapshot: ep0505_phase1_class1
[Tracker] Ep  506 | AvgR 0.0003 | Global 0.8628 | Local 0.2900 | F1_macro 0.6386 | WorstLoss 1.0245
[Tracker] Ep  507 | AvgR 0.0003 | Global 0.8993 | Local 0.3031 | F1_macro 0.6619 | WorstLoss 0.8977
[Tracker] Ep  508 | AvgR 0.0003 | Global 0.8392 | Local 0.2947 | F1_macro 0.6366 | WorstLoss 1.0444
[Tracker] Ep  509 | AvgR 0.0003 | Global 0.8899 | Local 0.3019 | F1_macro 0.6393 | WorstLoss 0.9618
[Tracker] Ep  510 | AvgR 0.0003 | Global 0.8805 | Local 0.2859 | F1_macro 0.6493 | WorstLoss 0.9285
[Tracker] Saved snapshot: ep0510_phase1_class1
[Tracker] Ep  511 | AvgR 0.0003 | Global 0.8771 | Local 0.2704 | F1_macro 0.6592 | WorstLoss 0.9969
[Tracker] Ep  512 | AvgR 0.0003 | Global 0.8580 | Local 0.2882 | F1_macro 0.6287 | WorstLoss 0.9905
[Tracker] Ep  513 | AvgR 0.0003 | Global 0.8869 | Local 0.3069 | F1_macro 0.6474 | WorstLoss 0.9364
[Tracker] Ep  514 | AvgR 0.0003 | Global 0.8973 | Local 0.3116 | F1_macro 0.6541 | WorstLoss 0.9797
[Tracker] Ep  515 | AvgR 0.0003 | Global 0.8699 | Local 0.2815 | F1_macro 0.6424 | WorstLoss 1.0489
[Tracker] Saved snapshot: ep0515_phase1_class1
[Tracker] Ep  516 | AvgR 0.0003 | Global 0.8818 | Local 0.3125 | F1_macro 0.6519 | WorstLoss 0.9547
[Tracker] Ep  517 | AvgR 0.0003 | Global 0.8588 | Local 0.2388 | F1_macro 0.6395 | WorstLoss 0.9917
[Tracker] Ep  518 | AvgR 0.0003 | Global 0.8858 | Local 0.2767 | F1_macro 0.6519 | WorstLoss 0.9734
[Tracker] Ep  519 | AvgR 0.0003 | Global 0.8255 | Local 0.3059 | F1_macro 0.6410 | WorstLoss 1.1362
[Tracker] Ep  520 | AvgR 0.0003 | Global 0.8688 | Local 0.2634 | F1_macro 0.6416 | WorstLoss 0.9345
[Tracker] Saved snapshot: ep0520_phase1_class1
[Tracker] Ep  521 | AvgR 0.0003 | Global 0.8875 | Local 0.2886 | F1_macro 0.6613 | WorstLoss 0.9642
[Tracker] Ep  522 | AvgR 0.0003 | Global 0.7890 | Local 0.3106 | F1_macro 0.6463 | WorstLoss 1.1910
[Tracker] Ep  523 | AvgR 0.0003 | Global 0.8911 | Local 0.2568 | F1_macro 0.6449 | WorstLoss 0.9269
[Tracker] Ep  524 | AvgR 0.0003 | Global 0.8709 | Local 0.2326 | F1_macro 0.6455 | WorstLoss 0.9744
[Tracker] Ep  525 | AvgR 0.0003 | Global 0.8810 | Local 0.3215 | F1_macro 0.6464 | WorstLoss 0.9584
[Tracker] Saved snapshot: ep0525_phase1_class1
[Tracker] Ep  526 | AvgR 0.0003 | Global 0.8622 | Local 0.3062 | F1_macro 0.6448 | WorstLoss 1.0394
[Tracker] Ep  527 | AvgR 0.0003 | Global 0.8593 | Local 0.2666 | F1_macro 0.6347 | WorstLoss 0.9743
[Tracker] Ep  528 | AvgR 0.0003 | Global 0.8715 | Local 0.2901 | F1_macro 0.6510 | WorstLoss 1.0363
[Tracker] Ep  529 | AvgR 0.0003 | Global 0.8510 | Local 0.3073 | F1_macro 0.6343 | WorstLoss 1.0424
[Tracker] Ep  530 | AvgR 0.0003 | Global 0.8758 | Local 0.2690 | F1_macro 0.6307 | WorstLoss 0.9157
[Tracker] Saved snapshot: ep0530_phase1_class1
[Tracker] Ep  531 | AvgR 0.0003 | Global 0.8876 | Local 0.2940 | F1_macro 0.6608 | WorstLoss 0.9524
[Tracker] Ep  532 | AvgR 0.0003 | Global 0.8772 | Local 0.2690 | F1_macro 0.6337 | WorstLoss 0.9226
[Tracker] Ep  533 | AvgR 0.0003 | Global 0.8648 | Local 0.2574 | F1_macro 0.6454 | WorstLoss 1.0568
[Tracker] Ep  534 | AvgR 0.0003 | Global 0.8751 | Local 0.2777 | F1_macro 0.6421 | WorstLoss 0.9890
[Tracker] Ep  535 | AvgR 0.0003 | Global 0.8904 | Local 0.2670 | F1_macro 0.6553 | WorstLoss 0.9509
[Tracker] Saved snapshot: ep0535_phase1_class1
[Tracker] Ep  536 | AvgR 0.0003 | Global 0.9092 | Local 0.2766 | F1_macro 0.6586 | WorstLoss 0.8679
[Tracker] Ep  537 | AvgR 0.0003 | Global 0.8789 | Local 0.2811 | F1_macro 0.6370 | WorstLoss 0.9097
[Tracker] Ep  538 | AvgR 0.0003 | Global 0.8610 | Local 0.2636 | F1_macro 0.6352 | WorstLoss 0.9940
[Tracker] Ep  539 | AvgR 0.0003 | Global 0.9008 | Local 0.3025 | F1_macro 0.6668 | WorstLoss 0.9794
[Tracker] Ep  540 | AvgR 0.0003 | Global 0.8432 | Local 0.3023 | F1_macro 0.6365 | WorstLoss 1.1288
[Tracker] Saved snapshot: ep0540_phase1_class1
[Tracker] Ep  541 | AvgR 0.0003 | Global 0.8865 | Local 0.2574 | F1_macro 0.6494 | WorstLoss 0.8699
[Tracker] Ep  542 | AvgR 0.0003 | Global 0.8731 | Local 0.2799 | F1_macro 0.6411 | WorstLoss 0.9963
[Tracker] Ep  543 | AvgR 0.0003 | Global 0.8877 | Local 0.2529 | F1_macro 0.6424 | WorstLoss 0.9573
[Tracker] Ep  544 | AvgR 0.0003 | Global 0.8909 | Local 0.2815 | F1_macro 0.6528 | WorstLoss 0.9024
[Tracker] Ep  545 | AvgR 0.0003 | Global 0.8930 | Local 0.2516 | F1_macro 0.6328 | WorstLoss 0.9650
[Tracker] Saved snapshot: ep0545_phase1_class1
[Tracker] Ep  546 | AvgR 0.0003 | Global 0.8825 | Local 0.2941 | F1_macro 0.6330 | WorstLoss 0.9599
[Tracker] Ep  547 | AvgR 0.0003 | Global 0.8955 | Local 0.3011 | F1_macro 0.6706 | WorstLoss 0.9432
[Tracker] Ep  548 | AvgR 0.0003 | Global 0.8940 | Local 0.2637 | F1_macro 0.6299 | WorstLoss 0.8763
[Tracker] Ep  549 | AvgR 0.0003 | Global 0.8644 | Local 0.2746 | F1_macro 0.6355 | WorstLoss 0.9582
[Tracker] Ep  550 | AvgR 0.0003 | Global 0.8981 | Local 0.2530 | F1_macro 0.6464 | WorstLoss 0.9732
[Tracker] Saved snapshot: ep0550_phase1_class1
[Tracker] Ep  551 | AvgR 0.0003 | Global 0.8786 | Local 0.3183 | F1_macro 0.6480 | WorstLoss 0.9745
[Tracker] Ep  552 | AvgR 0.0003 | Global 0.8879 | Local 0.2598 | F1_macro 0.6404 | WorstLoss 0.9558
[Tracker] Ep  553 | AvgR 0.0003 | Global 0.9071 | Local 0.2874 | F1_macro 0.6424 | WorstLoss 0.8953
[Tracker] Ep  554 | AvgR 0.0003 | Global 0.8939 | Local 0.2655 | F1_macro 0.6493 | WorstLoss 0.9082
[Tracker] Ep  555 | AvgR 0.0003 | Global 0.8734 | Local 0.3062 | F1_macro 0.6478 | WorstLoss 1.0228
[Tracker] Saved snapshot: ep0555_phase1_class1
[Tracker] Ep  556 | AvgR 0.0003 | Global 0.8451 | Local 0.2950 | F1_macro 0.6515 | WorstLoss 1.0847
[Tracker] Ep  557 | AvgR 0.0003 | Global 0.8977 | Local 0.2580 | F1_macro 0.6442 | WorstLoss 0.9379
[Tracker] Ep  558 | AvgR 0.0003 | Global 0.8944 | Local 0.3086 | F1_macro 0.6483 | WorstLoss 1.0341
[Tracker] Ep  559 | AvgR 0.0003 | Global 0.8188 | Local 0.2872 | F1_macro 0.6153 | WorstLoss 1.0848
[Tracker] Ep  560 | AvgR 0.0003 | Global 0.8402 | Local 0.2779 | F1_macro 0.6378 | WorstLoss 1.0996
[Tracker] Saved snapshot: ep0560_phase1_class1
[Tracker] Ep  561 | AvgR 0.0003 | Global 0.9064 | Local 0.2868 | F1_macro 0.6562 | WorstLoss 0.9891
[Tracker] Ep  562 | AvgR 0.0003 | Global 0.8685 | Local 0.2973 | F1_macro 0.6483 | WorstLoss 1.0052
[Tracker] Ep  563 | AvgR 0.0003 | Global 0.8853 | Local 0.3034 | F1_macro 0.6531 | WorstLoss 0.9675
[Tracker] Ep  564 | AvgR 0.0003 | Global 0.8610 | Local 0.2709 | F1_macro 0.6394 | WorstLoss 1.0542
[Tracker] Ep  565 | AvgR 0.0003 | Global 0.9035 | Local 0.2590 | F1_macro 0.6488 | WorstLoss 0.8589
[Tracker] Saved snapshot: ep0565_phase1_class1
[Tracker] Ep  566 | AvgR 0.0003 | Global 0.8653 | Local 0.2429 | F1_macro 0.6421 | WorstLoss 1.0251
[Tracker] Ep  567 | AvgR 0.0003 | Global 0.8885 | Local 0.3003 | F1_macro 0.6591 | WorstLoss 0.9710
[Tracker] Ep  568 | AvgR 0.0003 | Global 0.8851 | Local 0.3044 | F1_macro 0.6387 | WorstLoss 0.9502
[Tracker] Ep  569 | AvgR 0.0003 | Global 0.8916 | Local 0.2876 | F1_macro 0.6640 | WorstLoss 0.9773
[Tracker] Ep  570 | AvgR 0.0003 | Global 0.8687 | Local 0.3247 | F1_macro 0.6303 | WorstLoss 1.0455
[Tracker] Saved snapshot: ep0570_phase1_class1
[Tracker] Ep  571 | AvgR 0.0003 | Global 0.8594 | Local 0.2983 | F1_macro 0.6536 | WorstLoss 0.9385
[Tracker] Ep  572 | AvgR 0.0003 | Global 0.7857 | Local 0.3114 | F1_macro 0.6393 | WorstLoss 1.1623
[Tracker] Ep  573 | AvgR 0.0003 | Global 0.8856 | Local 0.2760 | F1_macro 0.6407 | WorstLoss 0.9579
[Tracker] Ep  574 | AvgR 0.0003 | Global 0.8502 | Local 0.2875 | F1_macro 0.6439 | WorstLoss 1.0582
[Tracker] Ep  575 | AvgR 0.0003 | Global 0.8849 | Local 0.2734 | F1_macro 0.6432 | WorstLoss 0.9393
[Tracker] Saved snapshot: ep0575_phase1_class1
[Tracker] Ep  576 | AvgR 0.0003 | Global 0.9062 | Local 0.2692 | F1_macro 0.6589 | WorstLoss 0.9486
[Tracker] Ep  577 | AvgR 0.0003 | Global 0.8753 | Local 0.3096 | F1_macro 0.6435 | WorstLoss 0.9775
[Tracker] Ep  578 | AvgR 0.0003 | Global 0.8949 | Local 0.3175 | F1_macro 0.6506 | WorstLoss 0.8986
[Tracker] Ep  579 | AvgR 0.0003 | Global 0.7823 | Local 0.3592 | F1_macro 0.6426 | WorstLoss 1.1954
[Tracker] Ep  580 | AvgR 0.0003 | Global 0.8819 | Local 0.2667 | F1_macro 0.6555 | WorstLoss 0.9373
[Tracker] Saved snapshot: ep0580_phase1_class1
[Tracker] Ep  581 | AvgR 0.0003 | Global 0.8689 | Local 0.2984 | F1_macro 0.6389 | WorstLoss 1.0268
[Tracker] Ep  582 | AvgR 0.0003 | Global 0.9055 | Local 0.2674 | F1_macro 0.6557 | WorstLoss 0.8929
[Tracker] Ep  583 | AvgR 0.0003 | Global 0.8825 | Local 0.3335 | F1_macro 0.6374 | WorstLoss 0.8991
[Tracker] Ep  584 | AvgR 0.0003 | Global 0.8756 | Local 0.2921 | F1_macro 0.6385 | WorstLoss 1.0202
[Tracker] Ep  585 | AvgR 0.0003 | Global 0.9079 | Local 0.2798 | F1_macro 0.6564 | WorstLoss 0.9583
[Tracker] Saved snapshot: ep0585_phase1_class1
[Tracker] Ep  586 | AvgR 0.0003 | Global 0.8965 | Local 0.2765 | F1_macro 0.6665 | WorstLoss 0.9428
[Tracker] Ep  587 | AvgR 0.0003 | Global 0.8764 | Local 0.2797 | F1_macro 0.6415 | WorstLoss 0.9849
[Tracker] Ep  588 | AvgR 0.0003 | Global 0.8825 | Local 0.2619 | F1_macro 0.6306 | WorstLoss 0.8379
[Tracker] Ep  589 | AvgR 0.0003 | Global 0.8218 | Local 0.3483 | F1_macro 0.6494 | WorstLoss 1.1310
[Tracker] Ep  590 | AvgR 0.0003 | Global 0.8778 | Local 0.2958 | F1_macro 0.6469 | WorstLoss 1.0068
[Tracker] Saved snapshot: ep0590_phase1_class1
[Tracker] Ep  591 | AvgR 0.0003 | Global 0.8329 | Local 0.3297 | F1_macro 0.6447 | WorstLoss 1.0771
[Tracker] Ep  592 | AvgR 0.0003 | Global 0.9069 | Local 0.2763 | F1_macro 0.6551 | WorstLoss 0.8285
[Tracker] Ep  593 | AvgR 0.0003 | Global 0.8772 | Local 0.2903 | F1_macro 0.6390 | WorstLoss 0.9471
[Tracker] Ep  594 | AvgR 0.0003 | Global 0.8568 | Local 0.2540 | F1_macro 0.6560 | WorstLoss 1.0478
[Tracker] Ep  595 | AvgR 0.0003 | Global 0.8974 | Local 0.2799 | F1_macro 0.6459 | WorstLoss 0.9068
[Tracker] Saved snapshot: ep0595_phase1_class1
[Tracker] Ep  596 | AvgR 0.0003 | Global 0.8285 | Local 0.3228 | F1_macro 0.6508 | WorstLoss 1.1598
[Tracker] Ep  597 | AvgR 0.0003 | Global 0.8797 | Local 0.2922 | F1_macro 0.6473 | WorstLoss 0.9754
[Tracker] Ep  598 | AvgR 0.0003 | Global 0.8885 | Local 0.2921 | F1_macro 0.6483 | WorstLoss 0.9848
[Tracker] Ep  599 | AvgR 0.0003 | Global 0.9153 | Local 0.2582 | F1_macro 0.6514 | WorstLoss 0.9772
[Tracker] Ep  600 | AvgR 0.0003 | Global 0.8953 | Local 0.2611 | F1_macro 0.6342 | WorstLoss 0.9007
[Tracker] Saved snapshot: ep0600_phase1_class1
[Tracker] Ep  601 | AvgR 0.0003 | Global 0.8894 | Local 0.2534 | F1_macro 0.6565 | WorstLoss 0.9674
[Tracker] Ep  602 | AvgR 0.0003 | Global 0.9092 | Local 0.2898 | F1_macro 0.6561 | WorstLoss 0.9165
[Tracker] Ep  603 | AvgR 0.0003 | Global 0.8785 | Local 0.2663 | F1_macro 0.6553 | WorstLoss 1.0217
[Tracker] Ep  604 | AvgR 0.0003 | Global 0.8919 | Local 0.2823 | F1_macro 0.6445 | WorstLoss 0.9218
[Tracker] Ep  605 | AvgR 0.0003 | Global 0.8961 | Local 0.2416 | F1_macro 0.6280 | WorstLoss 0.7686
[Tracker] Saved snapshot: ep0605_phase1_class1
[Tracker] Ep  606 | AvgR 0.0003 | Global 0.8801 | Local 0.3135 | F1_macro 0.6410 | WorstLoss 1.0359
[Tracker] Ep  607 | AvgR 0.0003 | Global 0.8600 | Local 0.2797 | F1_macro 0.6490 | WorstLoss 1.0618
[Tracker] Ep  608 | AvgR 0.0003 | Global 0.8793 | Local 0.2905 | F1_macro 0.6414 | WorstLoss 0.9620
[Tracker] Ep  609 | AvgR 0.0003 | Global 0.8819 | Local 0.2551 | F1_macro 0.6557 | WorstLoss 1.0113
[Tracker] Ep  610 | AvgR 0.0003 | Global 0.8858 | Local 0.2486 | F1_macro 0.6384 | WorstLoss 0.9503
[Tracker] Saved snapshot: ep0610_phase1_class1
[Tracker] Ep  611 | AvgR 0.0003 | Global 0.8770 | Local 0.3015 | F1_macro 0.6470 | WorstLoss 0.9084
[Tracker] Ep  612 | AvgR 0.0003 | Global 0.9031 | Local 0.3105 | F1_macro 0.6540 | WorstLoss 0.8669
[Tracker] Ep  613 | AvgR 0.0003 | Global 0.8641 | Local 0.3040 | F1_macro 0.6461 | WorstLoss 1.0080
[Tracker] Ep  614 | AvgR 0.0003 | Global 0.8918 | Local 0.2918 | F1_macro 0.6376 | WorstLoss 0.8768
[Tracker] Ep  615 | AvgR 0.0003 | Global 0.8930 | Local 0.2799 | F1_macro 0.6507 | WorstLoss 0.9872
[Tracker] Saved snapshot: ep0615_phase1_class1
[Tracker] Ep  616 | AvgR 0.0003 | Global 0.8865 | Local 0.3014 | F1_macro 0.6504 | WorstLoss 0.9520
[Tracker] Ep  617 | AvgR 0.0003 | Global 0.8919 | Local 0.3091 | F1_macro 0.6612 | WorstLoss 0.9835
[Tracker] Ep  618 | AvgR 0.0003 | Global 0.8772 | Local 0.2795 | F1_macro 0.6371 | WorstLoss 0.9770
[Tracker] Ep  619 | AvgR 0.0003 | Global 0.8772 | Local 0.2858 | F1_macro 0.6296 | WorstLoss 0.9106
[Tracker] Ep  620 | AvgR 0.0003 | Global 0.8887 | Local 0.2828 | F1_macro 0.6374 | WorstLoss 0.9620
[Tracker] Saved snapshot: ep0620_phase1_class1
[Tracker] Ep  621 | AvgR 0.0003 | Global 0.8665 | Local 0.3070 | F1_macro 0.6592 | WorstLoss 1.0248
[Tracker] Ep  622 | AvgR 0.0003 | Global 0.8612 | Local 0.3084 | F1_macro 0.6469 | WorstLoss 1.0061
[Tracker] Ep  623 | AvgR 0.0003 | Global 0.8873 | Local 0.2505 | F1_macro 0.6460 | WorstLoss 0.8485
[Tracker] Ep  624 | AvgR 0.0003 | Global 0.8936 | Local 0.2677 | F1_macro 0.6371 | WorstLoss 0.9598
[Tracker] Ep  625 | AvgR 0.0003 | Global 0.8482 | Local 0.2889 | F1_macro 0.6372 | WorstLoss 1.0188
[Tracker] Saved snapshot: ep0625_phase1_class1
[Tracker] Ep  626 | AvgR 0.0003 | Global 0.8681 | Local 0.2681 | F1_macro 0.6348 | WorstLoss 0.9331
[Tracker] Ep  627 | AvgR 0.0003 | Global 0.9136 | Local 0.2871 | F1_macro 0.6655 | WorstLoss 0.9549
[Tracker] Ep  628 | AvgR 0.0003 | Global 0.8864 | Local 0.2932 | F1_macro 0.6422 | WorstLoss 0.9554
[Tracker] Ep  629 | AvgR 0.0003 | Global 0.8851 | Local 0.2964 | F1_macro 0.6388 | WorstLoss 0.9858
[Tracker] Ep  630 | AvgR 0.0003 | Global 0.9036 | Local 0.2840 | F1_macro 0.6513 | WorstLoss 0.8695
[Tracker] Saved snapshot: ep0630_phase1_class1
[Tracker] Ep  631 | AvgR 0.0003 | Global 0.8939 | Local 0.2821 | F1_macro 0.6412 | WorstLoss 0.8146
[Tracker] Ep  632 | AvgR 0.0003 | Global 0.8825 | Local 0.2966 | F1_macro 0.6527 | WorstLoss 1.0372
[Tracker] Ep  633 | AvgR 0.0003 | Global 0.8662 | Local 0.2816 | F1_macro 0.6352 | WorstLoss 1.0122
[Tracker] Ep  634 | AvgR 0.0003 | Global 0.8636 | Local 0.2546 | F1_macro 0.6347 | WorstLoss 0.9488
[Tracker] Ep  635 | AvgR 0.0003 | Global 0.8834 | Local 0.2226 | F1_macro 0.6259 | WorstLoss 0.8990
[Tracker] Saved snapshot: ep0635_phase1_class1
[Tracker] Ep  636 | AvgR 0.0003 | Global 0.8874 | Local 0.2467 | F1_macro 0.6407 | WorstLoss 0.9515
[Tracker] Ep  637 | AvgR 0.0003 | Global 0.8800 | Local 0.2572 | F1_macro 0.6390 | WorstLoss 0.9280
[Tracker] Ep  638 | AvgR 0.0003 | Global 0.8788 | Local 0.3036 | F1_macro 0.6358 | WorstLoss 0.9171
[Tracker] Ep  639 | AvgR 0.0003 | Global 0.8725 | Local 0.2776 | F1_macro 0.6371 | WorstLoss 0.9968
[Tracker] Ep  640 | AvgR 0.0003 | Global 0.8559 | Local 0.2396 | F1_macro 0.6278 | WorstLoss 0.9490
[Tracker] Saved snapshot: ep0640_phase1_class1
[Tracker] Ep  641 | AvgR 0.0003 | Global 0.8814 | Local 0.2700 | F1_macro 0.6374 | WorstLoss 1.0280
[Tracker] Ep  642 | AvgR 0.0003 | Global 0.8568 | Local 0.2818 | F1_macro 0.6435 | WorstLoss 1.0260
[Tracker] Ep  643 | AvgR 0.0003 | Global 0.8625 | Local 0.3175 | F1_macro 0.6394 | WorstLoss 1.0483
[Tracker] Ep  644 | AvgR 0.0003 | Global 0.8899 | Local 0.3188 | F1_macro 0.6559 | WorstLoss 1.0538
[Tracker] Ep  645 | AvgR 0.0003 | Global 0.8762 | Local 0.2553 | F1_macro 0.6352 | WorstLoss 0.9224
[Tracker] Saved snapshot: ep0645_phase1_class1
[Tracker] Ep  646 | AvgR 0.0003 | Global 0.8802 | Local 0.3084 | F1_macro 0.6313 | WorstLoss 1.0254
[Tracker] Ep  647 | AvgR 0.0003 | Global 0.8867 | Local 0.2853 | F1_macro 0.6376 | WorstLoss 0.9628
[Tracker] Ep  648 | AvgR 0.0003 | Global 0.8625 | Local 0.2817 | F1_macro 0.6260 | WorstLoss 0.9793
[Tracker] Ep  649 | AvgR 0.0003 | Global 0.8973 | Local 0.2901 | F1_macro 0.6363 | WorstLoss 0.8702
[Tracker] Ep  650 | AvgR 0.0003 | Global 0.8845 | Local 0.2955 | F1_macro 0.6429 | WorstLoss 0.8999
[Tracker] Saved snapshot: ep0650_phase1_class1
[Tracker] Ep  651 | AvgR 0.0003 | Global 0.8741 | Local 0.2982 | F1_macro 0.6485 | WorstLoss 1.0510
[Tracker] Ep  652 | AvgR 0.0003 | Global 0.8801 | Local 0.2899 | F1_macro 0.6306 | WorstLoss 0.8795
[Tracker] Ep  653 | AvgR 0.0003 | Global 0.8729 | Local 0.3036 | F1_macro 0.6268 | WorstLoss 0.9183
[Tracker] Ep  654 | AvgR 0.0003 | Global 0.9039 | Local 0.3019 | F1_macro 0.6497 | WorstLoss 0.8932
[Tracker] Ep  655 | AvgR 0.0003 | Global 0.8570 | Local 0.2841 | F1_macro 0.6349 | WorstLoss 1.0960
[Tracker] Saved snapshot: ep0655_phase1_class1
[Tracker] Ep  656 | AvgR 0.0003 | Global 0.8872 | Local 0.2865 | F1_macro 0.6641 | WorstLoss 0.9217
[Tracker] Ep  657 | AvgR 0.0003 | Global 0.8881 | Local 0.2711 | F1_macro 0.6538 | WorstLoss 0.9714
[Tracker] Ep  658 | AvgR 0.0003 | Global 0.8968 | Local 0.2829 | F1_macro 0.6529 | WorstLoss 0.8601
[Tracker] Ep  659 | AvgR 0.0003 | Global 0.9025 | Local 0.3288 | F1_macro 0.6399 | WorstLoss 0.9314
[Tracker] Ep  660 | AvgR 0.0003 | Global 0.9113 | Local 0.2815 | F1_macro 0.6659 | WorstLoss 0.8831
[Tracker] Saved snapshot: ep0660_phase1_class1
[Tracker] Ep  661 | AvgR 0.0003 | Global 0.8972 | Local 0.3179 | F1_macro 0.6418 | WorstLoss 0.9660
[Tracker] Ep  662 | AvgR 0.0003 | Global 0.9077 | Local 0.2851 | F1_macro 0.6611 | WorstLoss 0.9452
[Tracker] Ep  663 | AvgR 0.0003 | Global 0.8901 | Local 0.2964 | F1_macro 0.6488 | WorstLoss 1.0402
[Tracker] Ep  664 | AvgR 0.0003 | Global 0.8742 | Local 0.2865 | F1_macro 0.6438 | WorstLoss 1.0061
[Tracker] Ep  665 | AvgR 0.0003 | Global 0.8974 | Local 0.2561 | F1_macro 0.6461 | WorstLoss 0.9222
[Tracker] Saved snapshot: ep0665_phase1_class1
[Tracker] Ep  666 | AvgR 0.0003 | Global 0.8631 | Local 0.3228 | F1_macro 0.6374 | WorstLoss 0.9873
[Tracker] Ep  667 | AvgR 0.0003 | Global 0.8965 | Local 0.3108 | F1_macro 0.6328 | WorstLoss 0.8998
[Tracker] Ep  668 | AvgR 0.0003 | Global 0.8655 | Local 0.2872 | F1_macro 0.6397 | WorstLoss 0.9686
[Tracker] Ep  669 | AvgR 0.0003 | Global 0.8942 | Local 0.2912 | F1_macro 0.6665 | WorstLoss 0.9172
[Tracker] Ep  670 | AvgR 0.0003 | Global 0.8994 | Local 0.3230 | F1_macro 0.6623 | WorstLoss 0.9807
[Tracker] Saved snapshot: ep0670_phase1_class1
[Tracker] Ep  671 | AvgR 0.0003 | Global 0.9005 | Local 0.2761 | F1_macro 0.6497 | WorstLoss 0.9106
[Tracker] Ep  672 | AvgR 0.0003 | Global 0.8814 | Local 0.3005 | F1_macro 0.6469 | WorstLoss 0.9648
[Tracker] Ep  673 | AvgR 0.0003 | Global 0.8656 | Local 0.3335 | F1_macro 0.6299 | WorstLoss 1.0821
[Tracker] Ep  674 | AvgR 0.0003 | Global 0.8814 | Local 0.2761 | F1_macro 0.6539 | WorstLoss 0.9604
[Tracker] Ep  675 | AvgR 0.0003 | Global 0.8727 | Local 0.3260 | F1_macro 0.6515 | WorstLoss 1.0342
[Tracker] Saved snapshot: ep0675_phase1_class1
[Tracker] Ep  676 | AvgR 0.0003 | Global 0.8928 | Local 0.3072 | F1_macro 0.6496 | WorstLoss 0.9646
[Tracker] Ep  677 | AvgR 0.0003 | Global 0.8742 | Local 0.2622 | F1_macro 0.6371 | WorstLoss 0.9154
[Tracker] Ep  678 | AvgR 0.0003 | Global 0.8939 | Local 0.2423 | F1_macro 0.6548 | WorstLoss 0.9334
[Tracker] Ep  679 | AvgR 0.0003 | Global 0.8561 | Local 0.2619 | F1_macro 0.6268 | WorstLoss 1.0218
[Tracker] Ep  680 | AvgR 0.0003 | Global 0.8858 | Local 0.2801 | F1_macro 0.6446 | WorstLoss 0.9297
[Tracker] Saved snapshot: ep0680_phase1_class1
[Tracker] Ep  681 | AvgR 0.0003 | Global 0.8976 | Local 0.2734 | F1_macro 0.6435 | WorstLoss 0.9338
[Tracker] Ep  682 | AvgR 0.0003 | Global 0.8746 | Local 0.2906 | F1_macro 0.6491 | WorstLoss 0.9879
[Tracker] Ep  683 | AvgR 0.0003 | Global 0.9031 | Local 0.2437 | F1_macro 0.6464 | WorstLoss 0.8297
[Tracker] Ep  684 | AvgR 0.0003 | Global 0.8748 | Local 0.2770 | F1_macro 0.6384 | WorstLoss 1.0132
[Tracker] Ep  685 | AvgR 0.0003 | Global 0.8769 | Local 0.3369 | F1_macro 0.6519 | WorstLoss 1.0516
[Tracker] Saved snapshot: ep0685_phase1_class1
[Tracker] Ep  686 | AvgR 0.0003 | Global 0.8924 | Local 0.3076 | F1_macro 0.6367 | WorstLoss 0.9145
[Tracker] Ep  687 | AvgR 0.0003 | Global 0.8652 | Local 0.2532 | F1_macro 0.6508 | WorstLoss 0.9955
[Tracker] Ep  688 | AvgR 0.0003 | Global 0.8976 | Local 0.2595 | F1_macro 0.6393 | WorstLoss 0.9013
[Tracker] Ep  689 | AvgR 0.0003 | Global 0.8836 | Local 0.2825 | F1_macro 0.6468 | WorstLoss 0.9162
[Tracker] Ep  690 | AvgR 0.0003 | Global 0.8856 | Local 0.3200 | F1_macro 0.6326 | WorstLoss 0.8960
[Tracker] Saved snapshot: ep0690_phase1_class1
[Tracker] Ep  691 | AvgR 0.0003 | Global 0.8620 | Local 0.3036 | F1_macro 0.6459 | WorstLoss 1.0186
[Tracker] Ep  692 | AvgR 0.0003 | Global 0.8774 | Local 0.3254 | F1_macro 0.6418 | WorstLoss 1.0308
[Tracker] Ep  693 | AvgR 0.0003 | Global 0.8972 | Local 0.3115 | F1_macro 0.6529 | WorstLoss 0.9977
[Tracker] Ep  694 | AvgR 0.0003 | Global 0.8967 | Local 0.3012 | F1_macro 0.6420 | WorstLoss 0.8693
[Tracker] Ep  695 | AvgR 0.0003 | Global 0.8887 | Local 0.2862 | F1_macro 0.6312 | WorstLoss 0.9345
[Tracker] Saved snapshot: ep0695_phase1_class1
[Tracker] Ep  696 | AvgR 0.0003 | Global 0.9222 | Local 0.2610 | F1_macro 0.6526 | WorstLoss 0.8841
[Tracker] New BEST synthetic [phase1_class1] (by global.global_obj: 0.922171) saved.
[Tracker] BEST β weights [phase1_class1] saved -> training_runs/SPECv17c_bias010_ds030_rl_census_3seeds_EP800_PCA10_REWfairness_minID1_majID0_TRJ2000_REAL3000_BIAS0.1_GG202603181628_95f1d3ce/seed_1/best_beta_state_dict_phase1_class1.pt
[Tracker] Ep  697 | AvgR 0.0003 | Global 0.8596 | Local 0.2869 | F1_macro 0.6419 | WorstLoss 1.0653
[Tracker] Ep  698 | AvgR 0.0003 | Global 0.8649 | Local 0.3149 | F1_macro 0.6449 | WorstLoss 0.9862
[Tracker] Ep  699 | AvgR 0.0003 | Global 0.8845 | Local 0.2765 | F1_macro 0.6567 | WorstLoss 1.0089
[Tracker] Ep  700 | AvgR 0.0003 | Global 0.8871 | Local 0.2496 | F1_macro 0.6379 | WorstLoss 0.9587
[Tracker] Saved snapshot: ep0700_phase1_class1
[Tracker] Ep  701 | AvgR 0.0003 | Global 0.8975 | Local 0.3020 | F1_macro 0.6584 | WorstLoss 0.9921
[Tracker] Ep  702 | AvgR 0.0003 | Global 0.8971 | Local 0.2888 | F1_macro 0.6440 | WorstLoss 0.9544
[Tracker] Ep  703 | AvgR 0.0003 | Global 0.8917 | Local 0.2633 | F1_macro 0.6573 | WorstLoss 0.9893
[Tracker] Ep  704 | AvgR 0.0003 | Global 0.8980 | Local 0.3086 | F1_macro 0.6623 | WorstLoss 0.9628
[Tracker] Ep  705 | AvgR 0.0003 | Global 0.9063 | Local 0.2918 | F1_macro 0.6480 | WorstLoss 0.9189
[Tracker] Saved snapshot: ep0705_phase1_class1
[Tracker] Ep  706 | AvgR 0.0003 | Global 0.9259 | Local 0.2559 | F1_macro 0.6553 | WorstLoss 0.8422
[Tracker] New BEST synthetic [phase1_class1] (by global.global_obj: 0.925929) saved.
[Tracker] BEST β weights [phase1_class1] saved -> training_runs/SPECv17c_bias010_ds030_rl_census_3seeds_EP800_PCA10_REWfairness_minID1_majID0_TRJ2000_REAL3000_BIAS0.1_GG202603181628_95f1d3ce/seed_1/best_beta_state_dict_phase1_class1.pt
[Tracker] Ep  707 | AvgR 0.0003 | Global 0.8574 | Local 0.3092 | F1_macro 0.6390 | WorstLoss 0.9794
[Tracker] Ep  708 | AvgR 0.0003 | Global 0.8872 | Local 0.2433 | F1_macro 0.6478 | WorstLoss 0.9728
[Tracker] Ep  709 | AvgR 0.0003 | Global 0.9092 | Local 0.2776 | F1_macro 0.6480 | WorstLoss 0.9261
[Tracker] Ep  710 | AvgR 0.0003 | Global 0.8860 | Local 0.2700 | F1_macro 0.6414 | WorstLoss 0.9357
[Tracker] Saved snapshot: ep0710_phase1_class1
[Tracker] Ep  711 | AvgR 0.0003 | Global 0.8937 | Local 0.2831 | F1_macro 0.6521 | WorstLoss 0.9863
[Tracker] Ep  712 | AvgR 0.0003 | Global 0.8795 | Local 0.3051 | F1_macro 0.6494 | WorstLoss 1.0630
[Tracker] Ep  713 | AvgR 0.0003 | Global 0.8928 | Local 0.3002 | F1_macro 0.6517 | WorstLoss 0.9622
[Tracker] Ep  714 | AvgR 0.0003 | Global 0.8936 | Local 0.2854 | F1_macro 0.6404 | WorstLoss 0.9273
[Tracker] Ep  715 | AvgR 0.0003 | Global 0.8476 | Local 0.2899 | F1_macro 0.6356 | WorstLoss 0.9879
[Tracker] Saved snapshot: ep0715_phase1_class1
[Tracker] Ep  716 | AvgR 0.0003 | Global 0.8574 | Local 0.3255 | F1_macro 0.6290 | WorstLoss 1.0192
[Tracker] Ep  717 | AvgR 0.0003 | Global 0.8756 | Local 0.2832 | F1_macro 0.6463 | WorstLoss 0.9947
[Tracker] Ep  718 | AvgR 0.0003 | Global 0.8847 | Local 0.3072 | F1_macro 0.6351 | WorstLoss 0.9005
[Tracker] Ep  719 | AvgR 0.0003 | Global 0.9040 | Local 0.2775 | F1_macro 0.6502 | WorstLoss 0.8590
[Tracker] Ep  720 | AvgR 0.0003 | Global 0.8814 | Local 0.2677 | F1_macro 0.6429 | WorstLoss 1.0055
[Tracker] Saved snapshot: ep0720_phase1_class1
[Tracker] Ep  721 | AvgR 0.0003 | Global 0.8808 | Local 0.2865 | F1_macro 0.6442 | WorstLoss 0.9978
[Tracker] Ep  722 | AvgR 0.0003 | Global 0.8685 | Local 0.2683 | F1_macro 0.6410 | WorstLoss 1.0240
[Tracker] Ep  723 | AvgR 0.0003 | Global 0.8882 | Local 0.2990 | F1_macro 0.6315 | WorstLoss 0.9857
[Tracker] Ep  724 | AvgR 0.0003 | Global 0.8720 | Local 0.3041 | F1_macro 0.6389 | WorstLoss 1.0096
[Tracker] Ep  725 | AvgR 0.0003 | Global 0.9053 | Local 0.3008 | F1_macro 0.6435 | WorstLoss 0.9208
[Tracker] Saved snapshot: ep0725_phase1_class1
[Tracker] Ep  726 | AvgR 0.0003 | Global 0.9049 | Local 0.2661 | F1_macro 0.6623 | WorstLoss 0.9534
[Tracker] Ep  727 | AvgR 0.0003 | Global 0.9090 | Local 0.2274 | F1_macro 0.6690 | WorstLoss 0.8832
[Tracker] Ep  728 | AvgR 0.0003 | Global 0.9091 | Local 0.2735 | F1_macro 0.6702 | WorstLoss 0.9216
[Tracker] Ep  729 | AvgR 0.0003 | Global 0.8967 | Local 0.2634 | F1_macro 0.6404 | WorstLoss 0.9239
[Tracker] Ep  730 | AvgR 0.0003 | Global 0.8931 | Local 0.3027 | F1_macro 0.6563 | WorstLoss 1.0676
[Tracker] Saved snapshot: ep0730_phase1_class1
[Tracker] Ep  731 | AvgR 0.0003 | Global 0.8834 | Local 0.2816 | F1_macro 0.6217 | WorstLoss 0.9013
[Tracker] Ep  732 | AvgR 0.0003 | Global 0.8675 | Local 0.3019 | F1_macro 0.6525 | WorstLoss 1.0892
[Tracker] Ep  733 | AvgR 0.0003 | Global 0.8877 | Local 0.2650 | F1_macro 0.6542 | WorstLoss 0.9702
[Tracker] Ep  734 | AvgR 0.0003 | Global 0.8779 | Local 0.2840 | F1_macro 0.6430 | WorstLoss 0.9445
[Tracker] Ep  735 | AvgR 0.0003 | Global 0.9003 | Local 0.3019 | F1_macro 0.6425 | WorstLoss 0.9430
[Tracker] Saved snapshot: ep0735_phase1_class1
[Tracker] Ep  736 | AvgR 0.0003 | Global 0.8766 | Local 0.3144 | F1_macro 0.6441 | WorstLoss 0.9972
[Tracker] Ep  737 | AvgR 0.0003 | Global 0.9128 | Local 0.2819 | F1_macro 0.6594 | WorstLoss 0.8637
[Tracker] Ep  738 | AvgR 0.0003 | Global 0.8678 | Local 0.2931 | F1_macro 0.6528 | WorstLoss 1.0107
[Tracker] Ep  739 | AvgR 0.0003 | Global 0.9242 | Local 0.2667 | F1_macro 0.6656 | WorstLoss 0.9292
[Tracker] Ep  740 | AvgR 0.0003 | Global 0.8702 | Local 0.2834 | F1_macro 0.6159 | WorstLoss 0.9975
[Tracker] Saved snapshot: ep0740_phase1_class1
[Tracker] Ep  741 | AvgR 0.0003 | Global 0.8966 | Local 0.2821 | F1_macro 0.6460 | WorstLoss 0.8618
[Tracker] Ep  742 | AvgR 0.0003 | Global 0.9088 | Local 0.2711 | F1_macro 0.6598 | WorstLoss 0.9029
[Tracker] Ep  743 | AvgR 0.0003 | Global 0.8924 | Local 0.2727 | F1_macro 0.6527 | WorstLoss 0.9304
[Tracker] Ep  744 | AvgR 0.0003 | Global 0.9075 | Local 0.2909 | F1_macro 0.6473 | WorstLoss 0.9177
[Tracker] Ep  745 | AvgR 0.0003 | Global 0.8638 | Local 0.3068 | F1_macro 0.6347 | WorstLoss 1.0820
[Tracker] Saved snapshot: ep0745_phase1_class1
[Tracker] Ep  746 | AvgR 0.0003 | Global 0.8770 | Local 0.2709 | F1_macro 0.6356 | WorstLoss 1.0063
[Tracker] Ep  747 | AvgR 0.0003 | Global 0.8893 | Local 0.2984 | F1_macro 0.6445 | WorstLoss 0.9720
[Tracker] Ep  748 | AvgR 0.0003 | Global 0.8897 | Local 0.2497 | F1_macro 0.6571 | WorstLoss 1.0295
[Tracker] Ep  749 | AvgR 0.0003 | Global 0.8820 | Local 0.3122 | F1_macro 0.6550 | WorstLoss 0.9087
[Tracker] Ep  750 | AvgR 0.0003 | Global 0.9016 | Local 0.2998 | F1_macro 0.6364 | WorstLoss 0.9637
[Tracker] Saved snapshot: ep0750_phase1_class1
[Tracker] Ep  751 | AvgR 0.0003 | Global 0.8630 | Local 0.2986 | F1_macro 0.6301 | WorstLoss 0.9376
[Tracker] Ep  752 | AvgR 0.0003 | Global 0.8712 | Local 0.2605 | F1_macro 0.6519 | WorstLoss 1.0298
[Tracker] Ep  753 | AvgR 0.0003 | Global 0.9045 | Local 0.2713 | F1_macro 0.6557 | WorstLoss 0.8275
[Tracker] Ep  754 | AvgR 0.0003 | Global 0.9110 | Local 0.2918 | F1_macro 0.6506 | WorstLoss 0.8999
[Tracker] Ep  755 | AvgR 0.0003 | Global 0.8886 | Local 0.3089 | F1_macro 0.6586 | WorstLoss 0.9605
[Tracker] Saved snapshot: ep0755_phase1_class1
[Tracker] Ep  756 | AvgR 0.0003 | Global 0.9045 | Local 0.2555 | F1_macro 0.6570 | WorstLoss 0.9266
[Tracker] Ep  757 | AvgR 0.0003 | Global 0.8972 | Local 0.2900 | F1_macro 0.6627 | WorstLoss 0.9282
[Tracker] Ep  758 | AvgR 0.0003 | Global 0.8737 | Local 0.2712 | F1_macro 0.6552 | WorstLoss 1.0188
[Tracker] Ep  759 | AvgR 0.0003 | Global 0.8927 | Local 0.3122 | F1_macro 0.6313 | WorstLoss 0.8975
[Tracker] Ep  760 | AvgR 0.0003 | Global 0.9136 | Local 0.2778 | F1_macro 0.6476 | WorstLoss 0.9644
[Tracker] Saved snapshot: ep0760_phase1_class1
[Tracker] Ep  761 | AvgR 0.0003 | Global 0.8998 | Local 0.2722 | F1_macro 0.6570 | WorstLoss 0.9528
[Tracker] Ep  762 | AvgR 0.0003 | Global 0.8944 | Local 0.2708 | F1_macro 0.6511 | WorstLoss 0.9638
[Tracker] Ep  763 | AvgR 0.0003 | Global 0.9117 | Local 0.3030 | F1_macro 0.6493 | WorstLoss 0.8905
[Tracker] Ep  764 | AvgR 0.0003 | Global 0.8868 | Local 0.2585 | F1_macro 0.6502 | WorstLoss 1.0029
[Tracker] Ep  765 | AvgR 0.0003 | Global 0.9051 | Local 0.3203 | F1_macro 0.6597 | WorstLoss 0.9646
[Tracker] Saved snapshot: ep0765_phase1_class1
[Tracker] Ep  766 | AvgR 0.0003 | Global 0.8727 | Local 0.3060 | F1_macro 0.6375 | WorstLoss 1.0032
[Tracker] Ep  767 | AvgR 0.0003 | Global 0.9119 | Local 0.2700 | F1_macro 0.6511 | WorstLoss 0.9138
[Tracker] Ep  768 | AvgR 0.0003 | Global 0.8996 | Local 0.2762 | F1_macro 0.6527 | WorstLoss 0.8836
[Tracker] Ep  769 | AvgR 0.0003 | Global 0.8869 | Local 0.2980 | F1_macro 0.6571 | WorstLoss 1.0059
[Tracker] Ep  770 | AvgR 0.0003 | Global 0.8758 | Local 0.3324 | F1_macro 0.6380 | WorstLoss 0.9817
[Tracker] Saved snapshot: ep0770_phase1_class1
[Tracker] Ep  771 | AvgR 0.0003 | Global 0.8875 | Local 0.2887 | F1_macro 0.6486 | WorstLoss 0.9240
[Tracker] Ep  772 | AvgR 0.0003 | Global 0.8812 | Local 0.2716 | F1_macro 0.6455 | WorstLoss 1.0051
[Tracker] Ep  773 | AvgR 0.0003 | Global 0.9029 | Local 0.3022 | F1_macro 0.6457 | WorstLoss 0.9601
[Tracker] Ep  774 | AvgR 0.0003 | Global 0.8883 | Local 0.2834 | F1_macro 0.6503 | WorstLoss 0.9352
[Tracker] Ep  775 | AvgR 0.0003 | Global 0.8988 | Local 0.3095 | F1_macro 0.6565 | WorstLoss 0.9688
[Tracker] Saved snapshot: ep0775_phase1_class1
[Tracker] Ep  776 | AvgR 0.0003 | Global 0.8894 | Local 0.2945 | F1_macro 0.6335 | WorstLoss 0.9287
[Tracker] Ep  777 | AvgR 0.0003 | Global 0.8798 | Local 0.2873 | F1_macro 0.6493 | WorstLoss 0.9268
[Tracker] Ep  778 | AvgR 0.0003 | Global 0.8970 | Local 0.2846 | F1_macro 0.6409 | WorstLoss 0.8911
[Tracker] Ep  779 | AvgR 0.0003 | Global 0.9098 | Local 0.3089 | F1_macro 0.6646 | WorstLoss 0.9505
[Tracker] Ep  780 | AvgR 0.0003 | Global 0.8684 | Local 0.3085 | F1_macro 0.6458 | WorstLoss 1.0698
[Tracker] Saved snapshot: ep0780_phase1_class1
[Tracker] Ep  781 | AvgR 0.0003 | Global 0.9020 | Local 0.3541 | F1_macro 0.6532 | WorstLoss 1.0154
[Tracker] Ep  782 | AvgR 0.0003 | Global 0.8940 | Local 0.2526 | F1_macro 0.6415 | WorstLoss 0.8651
[Tracker] Ep  783 | AvgR 0.0003 | Global 0.9197 | Local 0.3123 | F1_macro 0.6540 | WorstLoss 0.8977
[Tracker] Ep  784 | AvgR 0.0003 | Global 0.8965 | Local 0.2431 | F1_macro 0.6511 | WorstLoss 0.9221
[Tracker] Ep  785 | AvgR 0.0003 | Global 0.8889 | Local 0.2628 | F1_macro 0.6217 | WorstLoss 0.9080
[Tracker] Saved snapshot: ep0785_phase1_class1
[Tracker] Ep  786 | AvgR 0.0003 | Global 0.9142 | Local 0.2722 | F1_macro 0.6645 | WorstLoss 0.8640
[Tracker] Ep  787 | AvgR 0.0003 | Global 0.8966 | Local 0.2675 | F1_macro 0.6380 | WorstLoss 0.9569
[Tracker] Ep  788 | AvgR 0.0003 | Global 0.8747 | Local 0.3401 | F1_macro 0.6396 | WorstLoss 1.0571
[Tracker] Ep  789 | AvgR 0.0003 | Global 0.8932 | Local 0.2656 | F1_macro 0.6554 | WorstLoss 0.9529
[Tracker] Ep  790 | AvgR 0.0003 | Global 0.8844 | Local 0.2695 | F1_macro 0.6362 | WorstLoss 0.8698
[Tracker] Saved snapshot: ep0790_phase1_class1
[Tracker] Ep  791 | AvgR 0.0003 | Global 0.9031 | Local 0.3249 | F1_macro 0.6402 | WorstLoss 1.0049
[Tracker] Ep  792 | AvgR 0.0003 | Global 0.8880 | Local 0.2716 | F1_macro 0.6369 | WorstLoss 0.8997
[Tracker] Ep  793 | AvgR 0.0003 | Global 0.8918 | Local 0.2668 | F1_macro 0.6502 | WorstLoss 0.9084
[Tracker] Ep  794 | AvgR 0.0003 | Global 0.9201 | Local 0.2458 | F1_macro 0.6634 | WorstLoss 0.9201
[Tracker] Ep  795 | AvgR 0.0003 | Global 0.8864 | Local 0.2615 | F1_macro 0.6498 | WorstLoss 1.0014
[Tracker] Saved snapshot: ep0795_phase1_class1
[Tracker] Ep  796 | AvgR 0.0003 | Global 0.8861 | Local 0.2722 | F1_macro 0.6444 | WorstLoss 0.9024
[Tracker] Ep  797 | AvgR 0.0003 | Global 0.8690 | Local 0.3269 | F1_macro 0.6504 | WorstLoss 0.9909
[Tracker] Ep  798 | AvgR 0.0003 | Global 0.9271 | Local 0.2538 | F1_macro 0.6496 | WorstLoss 0.8890
[Tracker] New BEST synthetic [phase1_class1] (by global.global_obj: 0.927081) saved.
[Tracker] BEST β weights [phase1_class1] saved -> training_runs/SPECv17c_bias010_ds030_rl_census_3seeds_EP800_PCA10_REWfairness_minID1_majID0_TRJ2000_REAL3000_BIAS0.1_GG202603181628_95f1d3ce/seed_1/best_beta_state_dict_phase1_class1.pt
[Tracker] Ep  799 | AvgR 0.0003 | Global 0.9020 | Local 0.2991 | F1_macro 0.6506 | WorstLoss 0.9392
[Tracker] Ep  800 | AvgR 0.0003 | Global 0.8840 | Local 0.2729 | F1_macro 0.6437 | WorstLoss 0.9131
[Tracker] Saved snapshot: ep0800_phase1_class1
[Phase] Finished phase1_class1 | best global_obj=0.9271
Phase 2 anchors: 1667 (y=0 & disadv=1)
FFNN Using device: cuda:0

============================================================
[Phase] Starting phase2_class0 | target_class=0 | episodes=200
============================================================
[Tracker] Ep    1 | AvgR 0.0003 | Global 0.8839 | Local 0.3538 | F1_macro 0.6231 | WorstLoss 0.9932
[Tracker] New BEST synthetic [phase2_class0] (by global.global_obj: 0.883903) saved.
[Tracker] BEST β weights [phase2_class0] saved -> training_runs/SPECv17c_bias010_ds030_rl_census_3seeds_EP800_PCA10_REWfairness_minID1_majID0_TRJ2000_REAL3000_BIAS0.1_GG202603181628_95f1d3ce/seed_1/best_beta_state_dict_phase2_class0.pt
[Tracker] Ep    2 | AvgR 0.0002 | Global 0.9278 | Local 0.2608 | F1_macro 0.6490 | WorstLoss 0.8876
[Tracker] New BEST synthetic [phase2_class0] (by global.global_obj: 0.927804) saved.
[Tracker] BEST β weights [phase2_class0] saved -> training_runs/SPECv17c_bias010_ds030_rl_census_3seeds_EP800_PCA10_REWfairness_minID1_majID0_TRJ2000_REAL3000_BIAS0.1_GG202603181628_95f1d3ce/seed_1/best_beta_state_dict_phase2_class0.pt
[Tracker] Ep    3 | AvgR 0.0002 | Global 0.9086 | Local 0.2385 | F1_macro 0.6346 | WorstLoss 1.0036
[Tracker] Ep    4 | AvgR 0.0002 | Global 0.9055 | Local 0.3062 | F1_macro 0.6277 | WorstLoss 0.8342
[Tracker] Ep    5 | AvgR 0.0002 | Global 0.9019 | Local 0.2649 | F1_macro 0.6469 | WorstLoss 1.0215
[Tracker] Saved snapshot: ep0005_phase2_class0
[Tracker] Ep    6 | AvgR 0.0002 | Global 0.9028 | Local 0.2847 | F1_macro 0.6415 | WorstLoss 0.9499
[Tracker] Ep    7 | AvgR 0.0003 | Global 0.9036 | Local 0.3768 | F1_macro 0.6323 | WorstLoss 0.9389
[Tracker] Ep    8 | AvgR 0.0003 | Global 0.9095 | Local 0.3270 | F1_macro 0.6539 | WorstLoss 0.8605
[Tracker] Ep    9 | AvgR 0.0002 | Global 0.9208 | Local 0.2728 | F1_macro 0.6496 | WorstLoss 0.9543
[Tracker] Ep   10 | AvgR 0.0002 | Global 0.9229 | Local 0.2522 | F1_macro 0.6584 | WorstLoss 0.8998
[Tracker] Saved snapshot: ep0010_phase2_class0
[Tracker] Ep   11 | AvgR 0.0002 | Global 0.9010 | Local 0.2893 | F1_macro 0.6305 | WorstLoss 0.9294
[Tracker] Ep   12 | AvgR 0.0002 | Global 0.8972 | Local 0.3140 | F1_macro 0.6268 | WorstLoss 0.8817
[Tracker] Ep   13 | AvgR 0.0002 | Global 0.9057 | Local 0.2667 | F1_macro 0.6347 | WorstLoss 0.9378
[Tracker] Ep   14 | AvgR 0.0002 | Global 0.9084 | Local 0.2307 | F1_macro 0.6450 | WorstLoss 0.9861
[Tracker] Ep   15 | AvgR 0.0002 | Global 0.9109 | Local 0.2947 | F1_macro 0.6403 | WorstLoss 0.9898
[Tracker] Saved snapshot: ep0015_phase2_class0
[Tracker] Ep   16 | AvgR 0.0003 | Global 0.9210 | Local 0.3283 | F1_macro 0.6342 | WorstLoss 0.8896
[Tracker] Ep   17 | AvgR 0.0003 | Global 0.9206 | Local 0.3127 | F1_macro 0.6412 | WorstLoss 0.8924
[Tracker] Ep   18 | AvgR 0.0003 | Global 0.9290 | Local 0.3015 | F1_macro 0.6530 | WorstLoss 0.9006
[Tracker] New BEST synthetic [phase2_class0] (by global.global_obj: 0.928958) saved.
[Tracker] BEST β weights [phase2_class0] saved -> training_runs/SPECv17c_bias010_ds030_rl_census_3seeds_EP800_PCA10_REWfairness_minID1_majID0_TRJ2000_REAL3000_BIAS0.1_GG202603181628_95f1d3ce/seed_1/best_beta_state_dict_phase2_class0.pt
[Tracker] Ep   19 | AvgR 0.0002 | Global 0.8815 | Local 0.3213 | F1_macro 0.6208 | WorstLoss 0.9941
[Tracker] Ep   20 | AvgR 0.0002 | Global 0.9302 | Local 0.2585 | F1_macro 0.6406 | WorstLoss 0.9126
[Tracker] Saved snapshot: ep0020_phase2_class0
[Tracker] New BEST synthetic [phase2_class0] (by global.global_obj: 0.930193) saved.
[Tracker] BEST β weights [phase2_class0] saved -> training_runs/SPECv17c_bias010_ds030_rl_census_3seeds_EP800_PCA10_REWfairness_minID1_majID0_TRJ2000_REAL3000_BIAS0.1_GG202603181628_95f1d3ce/seed_1/best_beta_state_dict_phase2_class0.pt
[Tracker] Ep   21 | AvgR 0.0002 | Global 0.9409 | Local 0.2537 | F1_macro 0.6744 | WorstLoss 0.8578
[Tracker] New BEST synthetic [phase2_class0] (by global.global_obj: 0.940850) saved.
[Tracker] BEST β weights [phase2_class0] saved -> training_runs/SPECv17c_bias010_ds030_rl_census_3seeds_EP800_PCA10_REWfairness_minID1_majID0_TRJ2000_REAL3000_BIAS0.1_GG202603181628_95f1d3ce/seed_1/best_beta_state_dict_phase2_class0.pt
[Tracker] Ep   22 | AvgR 0.0003 | Global 0.9152 | Local 0.3041 | F1_macro 0.6273 | WorstLoss 0.9319
[Tracker] Ep   23 | AvgR 0.0003 | Global 0.8969 | Local 0.3506 | F1_macro 0.6407 | WorstLoss 0.9185
[Tracker] Ep   24 | AvgR 0.0003 | Global 0.9202 | Local 0.3322 | F1_macro 0.6308 | WorstLoss 0.9060
[Tracker] Ep   25 | AvgR 0.0002 | Global 0.9322 | Local 0.2918 | F1_macro 0.6396 | WorstLoss 0.9181
[Tracker] Saved snapshot: ep0025_phase2_class0
[Tracker] Ep   26 | AvgR 0.0003 | Global 0.9281 | Local 0.3170 | F1_macro 0.6299 | WorstLoss 0.8978
[Tracker] Ep   27 | AvgR 0.0003 | Global 0.9133 | Local 0.3079 | F1_macro 0.6480 | WorstLoss 0.9423
[Tracker] Ep   28 | AvgR 0.0003 | Global 0.9191 | Local 0.3074 | F1_macro 0.6496 | WorstLoss 0.8911
[Tracker] Ep   29 | AvgR 0.0003 | Global 0.9089 | Local 0.3521 | F1_macro 0.6353 | WorstLoss 0.9786
[Tracker] Ep   30 | AvgR 0.0003 | Global 0.9118 | Local 0.3242 | F1_macro 0.6372 | WorstLoss 0.9633
[Tracker] Saved snapshot: ep0030_phase2_class0
[Tracker] Ep   31 | AvgR 0.0002 | Global 0.8925 | Local 0.2613 | F1_macro 0.6412 | WorstLoss 0.9470
[Tracker] Ep   32 | AvgR 0.0002 | Global 0.8938 | Local 0.2807 | F1_macro 0.6366 | WorstLoss 0.9883
[Tracker] Ep   33 | AvgR 0.0003 | Global 0.9287 | Local 0.2920 | F1_macro 0.6410 | WorstLoss 0.9466
[Tracker] Ep   34 | AvgR 0.0003 | Global 0.9128 | Local 0.3758 | F1_macro 0.6407 | WorstLoss 0.9077
[Tracker] Ep   35 | AvgR 0.0003 | Global 0.9205 | Local 0.3074 | F1_macro 0.6408 | WorstLoss 0.9572
[Tracker] Saved snapshot: ep0035_phase2_class0
[Tracker] Ep   36 | AvgR 0.0003 | Global 0.9256 | Local 0.3005 | F1_macro 0.6528 | WorstLoss 0.8110
[Tracker] Ep   37 | AvgR 0.0003 | Global 0.9422 | Local 0.2933 | F1_macro 0.6662 | WorstLoss 0.8251
[Tracker] New BEST synthetic [phase2_class0] (by global.global_obj: 0.942173) saved.
[Tracker] BEST β weights [phase2_class0] saved -> training_runs/SPECv17c_bias010_ds030_rl_census_3seeds_EP800_PCA10_REWfairness_minID1_majID0_TRJ2000_REAL3000_BIAS0.1_GG202603181628_95f1d3ce/seed_1/best_beta_state_dict_phase2_class0.pt
[Tracker] Ep   38 | AvgR 0.0003 | Global 0.9041 | Local 0.3392 | F1_macro 0.6373 | WorstLoss 0.9401
[Tracker] Ep   39 | AvgR 0.0003 | Global 0.8946 | Local 0.3769 | F1_macro 0.6290 | WorstLoss 0.9571
[Tracker] Ep   40 | AvgR 0.0003 | Global 0.9227 | Local 0.3230 | F1_macro 0.6508 | WorstLoss 0.9221
[Tracker] Saved snapshot: ep0040_phase2_class0
[Tracker] Ep   41 | AvgR 0.0003 | Global 0.9069 | Local 0.3436 | F1_macro 0.6451 | WorstLoss 0.9687
[Tracker] Ep   42 | AvgR 0.0003 | Global 0.9200 | Local 0.2917 | F1_macro 0.6507 | WorstLoss 0.9313
[Tracker] Ep   43 | AvgR 0.0003 | Global 0.9165 | Local 0.2935 | F1_macro 0.6424 | WorstLoss 0.9262
[Tracker] Ep   44 | AvgR 0.0003 | Global 0.9097 | Local 0.3222 | F1_macro 0.6485 | WorstLoss 0.8896
[Tracker] Ep   45 | AvgR 0.0003 | Global 0.9064 | Local 0.3274 | F1_macro 0.6375 | WorstLoss 0.9864
[Tracker] Saved snapshot: ep0045_phase2_class0
[Tracker] Ep   46 | AvgR 0.0003 | Global 0.9301 | Local 0.3126 | F1_macro 0.6551 | WorstLoss 0.9199
[Tracker] Ep   47 | AvgR 0.0003 | Global 0.9440 | Local 0.2689 | F1_macro 0.6475 | WorstLoss 0.9004
[Tracker] New BEST synthetic [phase2_class0] (by global.global_obj: 0.944037) saved.
[Tracker] BEST β weights [phase2_class0] saved -> training_runs/SPECv17c_bias010_ds030_rl_census_3seeds_EP800_PCA10_REWfairness_minID1_majID0_TRJ2000_REAL3000_BIAS0.1_GG202603181628_95f1d3ce/seed_1/best_beta_state_dict_phase2_class0.pt
[Tracker] Ep   48 | AvgR 0.0003 | Global 0.9254 | Local 0.3067 | F1_macro 0.6546 | WorstLoss 0.9146
[Tracker] Ep   49 | AvgR 0.0003 | Global 0.9147 | Local 0.3564 | F1_macro 0.6489 | WorstLoss 0.9000
[Tracker] Ep   50 | AvgR 0.0003 | Global 0.9281 | Local 0.3838 | F1_macro 0.6461 | WorstLoss 0.8924
[Tracker] Saved snapshot: ep0050_phase2_class0
[Tracker] Ep   51 | AvgR 0.0003 | Global 0.9197 | Local 0.3600 | F1_macro 0.6500 | WorstLoss 0.9216
[Tracker] Ep   52 | AvgR 0.0003 | Global 0.9055 | Local 0.2918 | F1_macro 0.6326 | WorstLoss 0.8913
[Tracker] Ep   53 | AvgR 0.0003 | Global 0.9109 | Local 0.2950 | F1_macro 0.6313 | WorstLoss 0.9682
[Tracker] Ep   54 | AvgR 0.0003 | Global 0.9104 | Local 0.3119 | F1_macro 0.6434 | WorstLoss 0.9266
[Tracker] Ep   55 | AvgR 0.0003 | Global 0.9213 | Local 0.3002 | F1_macro 0.6447 | WorstLoss 0.9422
[Tracker] Saved snapshot: ep0055_phase2_class0
[Tracker] Ep   56 | AvgR 0.0003 | Global 0.9482 | Local 0.3400 | F1_macro 0.6470 | WorstLoss 0.8679
[Tracker] New BEST synthetic [phase2_class0] (by global.global_obj: 0.948162) saved.
[Tracker] BEST β weights [phase2_class0] saved -> training_runs/SPECv17c_bias010_ds030_rl_census_3seeds_EP800_PCA10_REWfairness_minID1_majID0_TRJ2000_REAL3000_BIAS0.1_GG202603181628_95f1d3ce/seed_1/best_beta_state_dict_phase2_class0.pt
[Tracker] Ep   57 | AvgR 0.0003 | Global 0.9429 | Local 0.3070 | F1_macro 0.6575 | WorstLoss 0.8212
[Tracker] Ep   58 | AvgR 0.0003 | Global 0.9269 | Local 0.3469 | F1_macro 0.6535 | WorstLoss 0.9083
[Tracker] Ep   59 | AvgR 0.0003 | Global 0.9390 | Local 0.3160 | F1_macro 0.6473 | WorstLoss 0.9343
[Tracker] Ep   60 | AvgR 0.0003 | Global 0.9197 | Local 0.3233 | F1_macro 0.6521 | WorstLoss 0.9216
[Tracker] Saved snapshot: ep0060_phase2_class0
[Tracker] Ep   61 | AvgR 0.0003 | Global 0.9328 | Local 0.3219 | F1_macro 0.6429 | WorstLoss 0.8686
[Tracker] Ep   62 | AvgR 0.0003 | Global 0.9410 | Local 0.3090 | F1_macro 0.6598 | WorstLoss 0.9025
[Tracker] Ep   63 | AvgR 0.0003 | Global 0.8987 | Local 0.3488 | F1_macro 0.6431 | WorstLoss 0.9449
[Tracker] Ep   64 | AvgR 0.0003 | Global 0.9142 | Local 0.3501 | F1_macro 0.6548 | WorstLoss 0.9974
[Tracker] Ep   65 | AvgR 0.0003 | Global 0.9209 | Local 0.3815 | F1_macro 0.6401 | WorstLoss 0.9626
[Tracker] Saved snapshot: ep0065_phase2_class0
[Tracker] Ep   66 | AvgR 0.0003 | Global 0.9431 | Local 0.2937 | F1_macro 0.6586 | WorstLoss 0.8049
[Tracker] Ep   67 | AvgR 0.0003 | Global 0.9321 | Local 0.3586 | F1_macro 0.6397 | WorstLoss 0.8949
[Tracker] Ep   68 | AvgR 0.0003 | Global 0.9183 | Local 0.2899 | F1_macro 0.6594 | WorstLoss 0.9806
[Tracker] Ep   69 | AvgR 0.0003 | Global 0.9248 | Local 0.3519 | F1_macro 0.6531 | WorstLoss 0.8671
[Tracker] Ep   70 | AvgR 0.0003 | Global 0.9223 | Local 0.3281 | F1_macro 0.6526 | WorstLoss 0.8895
[Tracker] Saved snapshot: ep0070_phase2_class0
[Tracker] Ep   71 | AvgR 0.0003 | Global 0.9246 | Local 0.3486 | F1_macro 0.6511 | WorstLoss 0.9068
[Tracker] Ep   72 | AvgR 0.0003 | Global 0.9309 | Local 0.3447 | F1_macro 0.6421 | WorstLoss 0.8904
[Tracker] Ep   73 | AvgR 0.0003 | Global 0.9304 | Local 0.3872 | F1_macro 0.6323 | WorstLoss 0.8377
[Tracker] Ep   74 | AvgR 0.0003 | Global 0.9201 | Local 0.3626 | F1_macro 0.6435 | WorstLoss 0.9587
[Tracker] Ep   75 | AvgR 0.0003 | Global 0.8912 | Local 0.3513 | F1_macro 0.6262 | WorstLoss 1.0196
[Tracker] Saved snapshot: ep0075_phase2_class0
[Tracker] Ep   76 | AvgR 0.0003 | Global 0.9155 | Local 0.3471 | F1_macro 0.6485 | WorstLoss 0.9366
[Tracker] Ep   77 | AvgR 0.0003 | Global 0.9165 | Local 0.3603 | F1_macro 0.6350 | WorstLoss 0.8608
[Tracker] Ep   78 | AvgR 0.0003 | Global 0.9187 | Local 0.4102 | F1_macro 0.6484 | WorstLoss 0.8957
[Tracker] Ep   79 | AvgR 0.0003 | Global 0.9330 | Local 0.3072 | F1_macro 0.6712 | WorstLoss 0.9287
[Tracker] Ep   80 | AvgR 0.0003 | Global 0.9094 | Local 0.3858 | F1_macro 0.6389 | WorstLoss 0.9965
[Tracker] Saved snapshot: ep0080_phase2_class0
[Tracker] Ep   81 | AvgR 0.0003 | Global 0.9015 | Local 0.3834 | F1_macro 0.6332 | WorstLoss 0.9769
[Tracker] Ep   82 | AvgR 0.0003 | Global 0.9382 | Local 0.3620 | F1_macro 0.6522 | WorstLoss 0.9651
[Tracker] Ep   83 | AvgR 0.0003 | Global 0.9182 | Local 0.3653 | F1_macro 0.6552 | WorstLoss 0.9315
[Tracker] Ep   84 | AvgR 0.0003 | Global 0.9316 | Local 0.3286 | F1_macro 0.6427 | WorstLoss 0.8895
[Tracker] Ep   85 | AvgR 0.0003 | Global 0.9203 | Local 0.2657 | F1_macro 0.6550 | WorstLoss 1.0445
[Tracker] Saved snapshot: ep0085_phase2_class0
[Tracker] Ep   86 | AvgR 0.0003 | Global 0.9145 | Local 0.3776 | F1_macro 0.6427 | WorstLoss 0.8737
[Tracker] Ep   87 | AvgR 0.0003 | Global 0.9203 | Local 0.3198 | F1_macro 0.6466 | WorstLoss 0.9122
[Tracker] Ep   88 | AvgR 0.0003 | Global 0.9149 | Local 0.4314 | F1_macro 0.6465 | WorstLoss 0.8876
[Tracker] Ep   89 | AvgR 0.0003 | Global 0.9299 | Local 0.3360 | F1_macro 0.6456 | WorstLoss 0.9231
[Tracker] Ep   90 | AvgR 0.0003 | Global 0.9319 | Local 0.3490 | F1_macro 0.6657 | WorstLoss 0.9109
[Tracker] Saved snapshot: ep0090_phase2_class0
[Tracker] Ep   91 | AvgR 0.0003 | Global 0.9281 | Local 0.3715 | F1_macro 0.6458 | WorstLoss 0.9086
[Tracker] Ep   92 | AvgR 0.0003 | Global 0.8998 | Local 0.4332 | F1_macro 0.6373 | WorstLoss 0.9737
[Tracker] Ep   93 | AvgR 0.0003 | Global 0.9266 | Local 0.4399 | F1_macro 0.6526 | WorstLoss 0.8225
[Tracker] Ep   94 | AvgR 0.0003 | Global 0.8971 | Local 0.3609 | F1_macro 0.6471 | WorstLoss 1.0563
[Tracker] Ep   95 | AvgR 0.0003 | Global 0.9248 | Local 0.3205 | F1_macro 0.6576 | WorstLoss 0.9341
[Tracker] Saved snapshot: ep0095_phase2_class0
[Tracker] Ep   96 | AvgR 0.0003 | Global 0.9321 | Local 0.3244 | F1_macro 0.6440 | WorstLoss 0.8963
[Tracker] Ep   97 | AvgR 0.0003 | Global 0.9124 | Local 0.2752 | F1_macro 0.6559 | WorstLoss 0.9984
[Tracker] Ep   98 | AvgR 0.0003 | Global 0.9069 | Local 0.3775 | F1_macro 0.6460 | WorstLoss 0.9980
[Tracker] Ep   99 | AvgR 0.0003 | Global 0.9039 | Local 0.3416 | F1_macro 0.6299 | WorstLoss 0.9804
[Tracker] Ep  100 | AvgR 0.0003 | Global 0.9049 | Local 0.3588 | F1_macro 0.6321 | WorstLoss 0.9277
[Tracker] Saved snapshot: ep0100_phase2_class0
[Tracker] Ep  101 | AvgR 0.0003 | Global 0.9156 | Local 0.4432 | F1_macro 0.6476 | WorstLoss 0.9268
[Tracker] Ep  102 | AvgR 0.0003 | Global 0.9173 | Local 0.4335 | F1_macro 0.6541 | WorstLoss 0.9098
[Tracker] Ep  103 | AvgR 0.0003 | Global 0.9138 | Local 0.3602 | F1_macro 0.6430 | WorstLoss 1.0156
[Tracker] Ep  104 | AvgR 0.0003 | Global 0.9059 | Local 0.3356 | F1_macro 0.6545 | WorstLoss 1.0816
[Tracker] Ep  105 | AvgR 0.0003 | Global 0.9007 | Local 0.3627 | F1_macro 0.6468 | WorstLoss 1.0462
[Tracker] Saved snapshot: ep0105_phase2_class0
[Tracker] Ep  106 | AvgR 0.0003 | Global 0.9168 | Local 0.3073 | F1_macro 0.6376 | WorstLoss 0.9366
[Tracker] Ep  107 | AvgR 0.0003 | Global 0.9107 | Local 0.3903 | F1_macro 0.6472 | WorstLoss 1.0247
[Tracker] Ep  108 | AvgR 0.0003 | Global 0.9080 | Local 0.3627 | F1_macro 0.6457 | WorstLoss 1.0144
[Tracker] Ep  109 | AvgR 0.0003 | Global 0.9214 | Local 0.3913 | F1_macro 0.6433 | WorstLoss 0.9285
[Tracker] Ep  110 | AvgR 0.0003 | Global 0.9172 | Local 0.4332 | F1_macro 0.6467 | WorstLoss 0.9467
[Tracker] Saved snapshot: ep0110_phase2_class0
[Tracker] Ep  111 | AvgR 0.0003 | Global 0.8906 | Local 0.3077 | F1_macro 0.6358 | WorstLoss 1.1263
[Tracker] Ep  112 | AvgR 0.0003 | Global 0.9039 | Local 0.3573 | F1_macro 0.6356 | WorstLoss 0.9938
[Tracker] Ep  113 | AvgR 0.0003 | Global 0.9107 | Local 0.3795 | F1_macro 0.6429 | WorstLoss 0.9743
[Tracker] Ep  114 | AvgR 0.0003 | Global 0.9077 | Local 0.4226 | F1_macro 0.6520 | WorstLoss 0.9671
[Tracker] Ep  115 | AvgR 0.0003 | Global 0.9192 | Local 0.4183 | F1_macro 0.6471 | WorstLoss 0.9406
[Tracker] Saved snapshot: ep0115_phase2_class0
[Tracker] Ep  116 | AvgR 0.0003 | Global 0.8830 | Local 0.3332 | F1_macro 0.6461 | WorstLoss 1.1198
[Tracker] Ep  117 | AvgR 0.0003 | Global 0.9002 | Local 0.4548 | F1_macro 0.6417 | WorstLoss 0.9431
[Tracker] Ep  118 | AvgR 0.0003 | Global 0.9127 | Local 0.4316 | F1_macro 0.6383 | WorstLoss 0.9189
[Tracker] Ep  119 | AvgR 0.0003 | Global 0.9119 | Local 0.4743 | F1_macro 0.6398 | WorstLoss 0.9557
[Tracker] Ep  120 | AvgR 0.0003 | Global 0.9259 | Local 0.3288 | F1_macro 0.6619 | WorstLoss 0.9535
[Tracker] Saved snapshot: ep0120_phase2_class0
[Tracker] Ep  121 | AvgR 0.0003 | Global 0.6574 | Local 0.4191 | F1_macro 0.6200 | WorstLoss 1.3287
[Tracker] Ep  122 | AvgR 0.0003 | Global 0.9074 | Local 0.3745 | F1_macro 0.6608 | WorstLoss 1.0653
[Tracker] Ep  123 | AvgR 0.0003 | Global 0.9022 | Local 0.5233 | F1_macro 0.6512 | WorstLoss 0.9173
[Tracker] Ep  124 | AvgR 0.0003 | Global 0.9039 | Local 0.4272 | F1_macro 0.6409 | WorstLoss 0.9742
[Tracker] Ep  125 | AvgR 0.0003 | Global 0.8898 | Local 0.3978 | F1_macro 0.6391 | WorstLoss 1.0660
[Tracker] Saved snapshot: ep0125_phase2_class0
[Tracker] Ep  126 | AvgR 0.0003 | Global 0.8687 | Local 0.4708 | F1_macro 0.6260 | WorstLoss 1.0561
[Tracker] Ep  127 | AvgR 0.0003 | Global 0.9052 | Local 0.4562 | F1_macro 0.6363 | WorstLoss 0.9358
[Tracker] Ep  128 | AvgR 0.0003 | Global 0.8867 | Local 0.4301 | F1_macro 0.6375 | WorstLoss 1.0777
[Tracker] Ep  129 | AvgR 0.0003 | Global 0.8946 | Local 0.4030 | F1_macro 0.6367 | WorstLoss 1.0681
[Tracker] Ep  130 | AvgR 0.0003 | Global 0.9138 | Local 0.4897 | F1_macro 0.6604 | WorstLoss 0.9981
[Tracker] Saved snapshot: ep0130_phase2_class0
[Tracker] Ep  131 | AvgR 0.0003 | Global 0.9300 | Local 0.3841 | F1_macro 0.6451 | WorstLoss 0.9970
[Tracker] Ep  132 | AvgR 0.0003 | Global 0.8970 | Local 0.3892 | F1_macro 0.6395 | WorstLoss 1.0720
[Tracker] Ep  133 | AvgR 0.0003 | Global 0.8819 | Local 0.4167 | F1_macro 0.6380 | WorstLoss 1.0635
[Tracker] Ep  134 | AvgR 0.0003 | Global 0.9367 | Local 0.4358 | F1_macro 0.6746 | WorstLoss 0.8581
[Tracker] Ep  135 | AvgR 0.0003 | Global 0.9374 | Local 0.3701 | F1_macro 0.6502 | WorstLoss 0.9190
[Tracker] Saved snapshot: ep0135_phase2_class0
[Tracker] Ep  136 | AvgR 0.0003 | Global 0.8989 | Local 0.4292 | F1_macro 0.6425 | WorstLoss 1.0809
[Tracker] Ep  137 | AvgR 0.0003 | Global 0.8649 | Local 0.4533 | F1_macro 0.6422 | WorstLoss 1.0926
[Tracker] Ep  138 | AvgR 0.0003 | Global 0.9091 | Local 0.4096 | F1_macro 0.6391 | WorstLoss 1.0014
[Tracker] Ep  139 | AvgR 0.0003 | Global 0.9042 | Local 0.4076 | F1_macro 0.6423 | WorstLoss 1.0449
[Tracker] Ep  140 | AvgR 0.0003 | Global 0.8871 | Local 0.4595 | F1_macro 0.6227 | WorstLoss 0.9472
[Tracker] Saved snapshot: ep0140_phase2_class0
[Tracker] Ep  141 | AvgR 0.0003 | Global 0.9068 | Local 0.4995 | F1_macro 0.6453 | WorstLoss 0.9528
[Tracker] Ep  142 | AvgR 0.0003 | Global 0.8883 | Local 0.4241 | F1_macro 0.6364 | WorstLoss 1.0808
[Tracker] Ep  143 | AvgR 0.0003 | Global 0.9054 | Local 0.4687 | F1_macro 0.6408 | WorstLoss 1.0330
[Tracker] Ep  144 | AvgR 0.0003 | Global 0.9113 | Local 0.4389 | F1_macro 0.6386 | WorstLoss 1.0280
[Tracker] Ep  145 | AvgR 0.0003 | Global 0.9054 | Local 0.4199 | F1_macro 0.6360 | WorstLoss 1.0195
[Tracker] Saved snapshot: ep0145_phase2_class0
[Tracker] Ep  146 | AvgR 0.0003 | Global 0.9188 | Local 0.4794 | F1_macro 0.6498 | WorstLoss 0.9036
[Tracker] Ep  147 | AvgR 0.0003 | Global 0.9050 | Local 0.4275 | F1_macro 0.6385 | WorstLoss 1.0003
[Tracker] Ep  148 | AvgR 0.0003 | Global 0.8991 | Local 0.4788 | F1_macro 0.6449 | WorstLoss 1.0418
[Tracker] Ep  149 | AvgR 0.0003 | Global 0.8935 | Local 0.4547 | F1_macro 0.6351 | WorstLoss 1.0590
[Tracker] Ep  150 | AvgR 0.0003 | Global 0.9194 | Local 0.3962 | F1_macro 0.6343 | WorstLoss 0.9705
[Tracker] Saved snapshot: ep0150_phase2_class0
[Tracker] Ep  151 | AvgR 0.0003 | Global 0.8658 | Local 0.4698 | F1_macro 0.6402 | WorstLoss 1.1339
[Tracker] Ep  152 | AvgR 0.0003 | Global 0.9080 | Local 0.3267 | F1_macro 0.6543 | WorstLoss 1.0381
[Tracker] Ep  153 | AvgR 0.0003 | Global 0.9175 | Local 0.4864 | F1_macro 0.6533 | WorstLoss 0.9399
[Tracker] Ep  154 | AvgR 0.0003 | Global 0.8788 | Local 0.4607 | F1_macro 0.6440 | WorstLoss 1.0679
[Tracker] Ep  155 | AvgR 0.0003 | Global 0.9172 | Local 0.3969 | F1_macro 0.6391 | WorstLoss 1.0395
[Tracker] Saved snapshot: ep0155_phase2_class0
[Tracker] Ep  156 | AvgR 0.0003 | Global 0.9041 | Local 0.4439 | F1_macro 0.6401 | WorstLoss 0.9720
[Tracker] Ep  157 | AvgR 0.0003 | Global 0.9033 | Local 0.5090 | F1_macro 0.6277 | WorstLoss 0.9622
[Tracker] Ep  158 | AvgR 0.0003 | Global 0.9150 | Local 0.4599 | F1_macro 0.6480 | WorstLoss 1.0426
[Tracker] Ep  159 | AvgR 0.0003 | Global 0.8884 | Local 0.4475 | F1_macro 0.6325 | WorstLoss 1.0624
[Tracker] Ep  160 | AvgR 0.0003 | Global 0.9010 | Local 0.4058 | F1_macro 0.6351 | WorstLoss 1.0554
[Tracker] Saved snapshot: ep0160_phase2_class0
[Tracker] Ep  161 | AvgR 0.0003 | Global 0.8997 | Local 0.4356 | F1_macro 0.6373 | WorstLoss 1.0179
[Tracker] Ep  162 | AvgR 0.0003 | Global 0.8925 | Local 0.4111 | F1_macro 0.6501 | WorstLoss 1.0910
[Tracker] Ep  163 | AvgR 0.0003 | Global 0.9054 | Local 0.4486 | F1_macro 0.6420 | WorstLoss 0.9996
[Tracker] Ep  164 | AvgR 0.0003 | Global 0.7999 | Local 0.4624 | F1_macro 0.6348 | WorstLoss 1.2293
[Tracker] Ep  165 | AvgR 0.0003 | Global 0.7973 | Local 0.4150 | F1_macro 0.6242 | WorstLoss 1.2346
[Tracker] Saved snapshot: ep0165_phase2_class0
[Tracker] Ep  166 | AvgR 0.0003 | Global 0.8954 | Local 0.4586 | F1_macro 0.6420 | WorstLoss 1.0372
[Tracker] Ep  167 | AvgR 0.0003 | Global 0.8928 | Local 0.4773 | F1_macro 0.6334 | WorstLoss 0.9963
[Tracker] Ep  168 | AvgR 0.0003 | Global 0.9151 | Local 0.4682 | F1_macro 0.6402 | WorstLoss 0.9328
[Tracker] Ep  169 | AvgR 0.0003 | Global 0.8991 | Local 0.4372 | F1_macro 0.6401 | WorstLoss 1.0948
[Tracker] Ep  170 | AvgR 0.0003 | Global 0.8809 | Local 0.4357 | F1_macro 0.6381 | WorstLoss 1.0729
[Tracker] Saved snapshot: ep0170_phase2_class0
[Tracker] Ep  171 | AvgR 0.0004 | Global 0.9247 | Local 0.5832 | F1_macro 0.6611 | WorstLoss 0.9366
[Tracker] Ep  172 | AvgR 0.0004 | Global 0.9200 | Local 0.5310 | F1_macro 0.6390 | WorstLoss 0.9784
[Tracker] Ep  173 | AvgR 0.0003 | Global 0.8263 | Local 0.4428 | F1_macro 0.6405 | WorstLoss 1.2092
[Tracker] Ep  174 | AvgR 0.0003 | Global 0.8710 | Local 0.5129 | F1_macro 0.6259 | WorstLoss 1.0723
[Tracker] Ep  175 | AvgR 0.0003 | Global 0.8861 | Local 0.5055 | F1_macro 0.6425 | WorstLoss 1.0348
[Tracker] Saved snapshot: ep0175_phase2_class0
[Tracker] Ep  176 | AvgR 0.0003 | Global 0.8921 | Local 0.4739 | F1_macro 0.6332 | WorstLoss 1.0393
[Tracker] Ep  177 | AvgR 0.0003 | Global 0.9132 | Local 0.4976 | F1_macro 0.6387 | WorstLoss 1.0321
[Tracker] Ep  178 | AvgR 0.0003 | Global 0.8860 | Local 0.4846 | F1_macro 0.6368 | WorstLoss 1.0371
[Tracker] Ep  179 | AvgR 0.0003 | Global 0.9309 | Local 0.4817 | F1_macro 0.6506 | WorstLoss 0.9173
[Tracker] Ep  180 | AvgR 0.0003 | Global 0.8010 | Local 0.4587 | F1_macro 0.6336 | WorstLoss 1.2408
[Tracker] Saved snapshot: ep0180_phase2_class0
[Tracker] Ep  181 | AvgR 0.0003 | Global 0.8868 | Local 0.4923 | F1_macro 0.6289 | WorstLoss 1.0831
[Tracker] Ep  182 | AvgR 0.0004 | Global 0.9073 | Local 0.5750 | F1_macro 0.6505 | WorstLoss 0.9571
[Tracker] Ep  183 | AvgR 0.0003 | Global 0.8909 | Local 0.4235 | F1_macro 0.6356 | WorstLoss 1.0901
[Tracker] Ep  184 | AvgR 0.0004 | Global 0.9261 | Local 0.5529 | F1_macro 0.6456 | WorstLoss 0.8933
[Tracker] Ep  185 | AvgR 0.0004 | Global 0.8948 | Local 0.5639 | F1_macro 0.6375 | WorstLoss 0.9660
[Tracker] Saved snapshot: ep0185_phase2_class0
[Tracker] Ep  186 | AvgR 0.0003 | Global 0.8939 | Local 0.4395 | F1_macro 0.6286 | WorstLoss 0.9859
[Tracker] Ep  187 | AvgR 0.0004 | Global 0.8808 | Local 0.5554 | F1_macro 0.6360 | WorstLoss 1.0207
[Tracker] Ep  188 | AvgR 0.0003 | Global 0.8507 | Local 0.4682 | F1_macro 0.6163 | WorstLoss 1.1117
[Tracker] Ep  189 | AvgR 0.0004 | Global 0.9258 | Local 0.5451 | F1_macro 0.6623 | WorstLoss 0.9314
[Tracker] Ep  190 | AvgR 0.0003 | Global 0.8984 | Local 0.4782 | F1_macro 0.6307 | WorstLoss 1.0268
[Tracker] Saved snapshot: ep0190_phase2_class0
[Tracker] Ep  191 | AvgR 0.0004 | Global 0.9150 | Local 0.5031 | F1_macro 0.6542 | WorstLoss 0.9697
[Tracker] Ep  192 | AvgR 0.0004 | Global 0.9071 | Local 0.5509 | F1_macro 0.6450 | WorstLoss 0.9932
[Tracker] Ep  193 | AvgR 0.0003 | Global 0.9051 | Local 0.4804 | F1_macro 0.6543 | WorstLoss 0.9816
[Tracker] Ep  194 | AvgR 0.0003 | Global 0.9000 | Local 0.4500 | F1_macro 0.6497 | WorstLoss 1.0722
[Tracker] Ep  195 | AvgR 0.0004 | Global 0.9181 | Local 0.5256 | F1_macro 0.6555 | WorstLoss 0.9309
[Tracker] Saved snapshot: ep0195_phase2_class0
[Tracker] Ep  196 | AvgR 0.0003 | Global 0.8713 | Local 0.5061 | F1_macro 0.6325 | WorstLoss 1.0662
[Tracker] Ep  197 | AvgR 0.0003 | Global 0.8676 | Local 0.3886 | F1_macro 0.6455 | WorstLoss 1.1697
[Tracker] Ep  198 | AvgR 0.0003 | Global 0.9046 | Local 0.4689 | F1_macro 0.6502 | WorstLoss 1.0395
[Tracker] Ep  199 | AvgR 0.0003 | Global 0.9089 | Local 0.4781 | F1_macro 0.6535 | WorstLoss 0.9870
[Tracker] Ep  200 | AvgR 0.0003 | Global 0.9047 | Local 0.4886 | F1_macro 0.6477 | WorstLoss 1.0838
[Tracker] Saved snapshot: ep0200_phase2_class0
[Phase] Finished phase2_class0 | best global_obj=0.9482
FFNN Using device: cuda:0
[Combined] Saved combined beta -> training_runs/SPECv17c_bias010_ds030_rl_census_3seeds_EP800_PCA10_REWfairness_minID1_majID0_TRJ2000_REAL3000_BIAS0.1_GG202603181628_95f1d3ce/seed_1/best_beta_state_dict.pt
[Combined] Saved combined synthetic -> training_runs/SPECv17c_bias010_ds030_rl_census_3seeds_EP800_PCA10_REWfairness_minID1_majID0_TRJ2000_REAL3000_BIAS0.1_GG202603181628_95f1d3ce/seed_1/best_synthetic_combined.npz
FFNN Using device: cuda:0
[TestSuite] Loaded best β weights from: training_runs/SPECv17c_bias010_ds030_rl_census_3seeds_EP800_PCA10_REWfairness_minID1_majID0_TRJ2000_REAL3000_BIAS0.1_GG202603181628_95f1d3ce/seed_1/best_beta_state_dict.pt

[TEST] Alpha -> F1(min)=0.4631 | F1(maj)=0.8936 | F1(weighted)=0.7899 | F1(macro)=0.6783 | Brier=0.1247
[TEST] Beta  -> F1(min)=0.4217 | F1(maj)=0.8769 | F1(weighted)=0.7672 | F1(macro)=0.6493 | Brier=0.1318
[TestSuite] Final test metrics appended to (seed): training_runs/SPECv17c_bias010_ds030_rl_census_3seeds_EP800_PCA10_REWfairness_minID1_majID0_TRJ2000_REAL3000_BIAS0.1_GG202603181628_95f1d3ce/seed_1/final_test_metrics.csv
[TestSuite] Final test metrics appended to (experiment): training_runs/SPECv17c_bias010_ds030_rl_census_3seeds_EP800_PCA10_REWfairness_minID1_majID0_TRJ2000_REAL3000_BIAS0.1_GG202603181628_95f1d3ce/final_test_metrics.csv
Total time 2128.33s
[Tracker] Finished. Run folder: training_runs/SPECv17c_bias010_ds030_rl_census_3seeds_EP800_PCA10_REWfairness_minID1_majID0_TRJ2000_REAL3000_BIAS0.1_GG202603181628_95f1d3ce/seed_1
