pca_0,pca_1,pca_2,pca_3,pca_4,pca_5,pca_6,pca_7,pca_8,pca_9,target
-0.0031997648,-0.069678456,-0.17726123,0.063422136,-0.08176577,-0.09649216,-0.011918916,-0.07681178,0.15916897,-0.027613241,0
-0.044192288,0.037816055,-0.16026522,0.07942514,0.083309755,-0.06120007,0.011808545,-0.19175255,0.15713535,-0.088554844,0
-0.10057132,0.17176485,-0.16585897,0.0903149,0.15183806,-0.05074735,-0.028491806,-0.095076144,0.30778202,-0.0050046965,0
-0.17860952,0.2914524,-0.121429175,0.1049025,0.13997723,-0.25074735,-0.06161299,-0.07811418,0.24759893,0.19499531,0
-0.19607188,0.1396767,-0.24891019,0.047733977,0.14086495,-0.33440626,-0.032559983,-0.2781142,0.36161068,0.39499533,0
-0.13614562,0.13685264,-0.23388289,0.006454613,0.13093828,-0.2782314,-0.15880996,-0.0781142,0.16161068,0.4439657,0
-0.19773632,0.15054853,-0.24944356,-0.11894031,0.03198386,-0.20110252,-0.053122044,-0.19405895,0.24459946,0.33204174,0
0.00226368,0.1179726,-0.28268525,-0.0986033,-0.16801614,-0.2741059,-0.005166251,-0.20465581,0.3577537,0.3477012,0
0.019053942,0.19035941,-0.39791512,-0.2986033,-0.025517508,-0.3215579,-0.07333793,-0.1877403,0.5464829,0.14770119,0
-0.120651536,0.20250152,-0.3376092,-0.29161203,-0.08192568,-0.47396892,-0.07260659,-0.13737196,0.40668958,0.24308914,0
-0.2832041,0.32543373,-0.41135594,-0.49161202,-0.067342535,-0.6691012,-0.0040214807,-0.24561301,0.29911852,0.17172801,0
-0.2610978,0.31030223,-0.39309797,-0.56043845,-0.17395517,-0.7152231,-0.105803244,-0.20144412,0.34921953,0.16689298,0
-0.30867916,0.27327198,-0.37165803,-0.6027267,-0.16183324,-0.7756957,-0.20139126,-0.28034252,0.30009353,0.033738896,0
-0.42202115,0.15370393,-0.33236375,-0.75232375,-0.059827186,-0.8157623,-0.15880238,-0.43043792,0.26005346,-0.12187415,0
-0.5224402,0.15466183,-0.3594329,-0.77452964,0.06819896,-0.88063514,-0.32389212,-0.4345268,0.17501156,-0.10423322,0
-0.5735852,0.1706058,-0.25395712,-0.6909018,-0.13180104,-0.92319024,-0.12389211,-0.6114878,0.043842763,-0.08195616,0
-0.4071033,0.19243133,-0.45395714,-0.5781867,-0.031984374,-0.9171953,-0.3145725,-0.66474456,0.05270544,-0.13294251,0
-0.35598165,0.14918895,-0.25395715,-0.57610804,-0.0332732,-0.8645973,-0.2390703,-0.49320862,0.05075194,-0.026373021,0
-0.55598164,0.1895701,-0.42274648,-0.6679337,-0.0820978,-0.7417855,-0.0769683,-0.4528497,0.14650446,-0.0038398132,0
-0.46098483,0.053639278,-0.4064512,-0.7478577,-0.11776061,-0.7460336,-0.033506043,-0.2528497,0.13778837,0.075871006,0
-0.35362688,0.016956683,-0.42833966,-0.8032858,-0.25070775,-0.7894512,-0.08570947,-0.24191734,0.21604921,0.13008036,0
-0.2758332,0.0041542817,-0.48761564,-0.78005713,-0.17313924,-0.87546873,-0.02372218,-0.44055396,0.2921017,0.13996649,0
-0.2745123,0.20415428,-0.53818387,-0.672193,-0.31020874,-0.72939736,-0.02814132,-0.38660482,0.34085366,0.051096752,0
-0.16843913,0.2603351,-0.5148991,-0.70597196,-0.2879034,-0.8014981,0.055150077,-0.38804278,0.2593905,-0.12697196,0
-0.026293024,0.26711497,-0.5284831,-0.67267346,-0.22780812,-0.7788961,-0.018175617,-0.57775366,0.33091727,-0.21362744,0
0.051993117,0.32575595,-0.48764807,-0.66499466,-0.21078491,-0.7893536,-0.037364945,-0.5424834,0.52939326,-0.28987706,0
0.07209,0.2355258,-0.36470392,-0.57214,-0.18715316,-0.841806,-0.038257822,-0.6715302,0.5103277,-0.29015377,0
0.0775729,0.22817472,-0.34913537,-0.63664436,-0.38715315,-0.7984011,-0.02091135,-0.7553733,0.39132863,-0.2713749,0
0.08548175,0.23720479,-0.33006823,-0.67775345,-0.25594336,-0.81196725,-0.096625194,-0.7181034,0.3912516,-0.1872302,0
0.01692973,0.15680456,-0.4020986,-0.49283552,-0.2973484,-0.93320835,-0.10916457,-0.7239397,0.28531992,-0.16585052,0
0.07632211,0.35680455,-0.46690726,-0.4869376,-0.29086295,-1.0906599,-0.09986814,-0.5461364,0.2908254,-0.15761586,0
0.10109737,0.41235232,-0.5784944,-0.3751742,-0.3022848,-1.0738163,0.019086711,-0.59972155,0.25549942,-0.07368716,0
0.051028635,0.37351322,-0.6947992,-0.26759678,-0.35393077,-1.0180323,-0.15385333,-0.4871575,0.32325095,-0.030151699,0
0.15080221,0.2637596,-0.78201586,-0.24507397,-0.41631025,-0.93951845,-0.05935449,-0.65135133,0.37996367,-0.028559769,0
0.27413398,0.4426276,-0.84489006,-0.15912926,-0.36709425,-0.93978965,-0.2013334,-0.644187,0.17996366,-0.051732317,0
0.33774373,0.51973647,-0.73839873,-0.16445477,-0.39681628,-1.0230348,-0.16735134,-0.63886446,0.34148932,-0.0039964058,0
0.3678071,0.5608189,-0.7885778,-0.23198873,-0.5122011,-1.2127892,-0.15252484,-0.6463841,0.30711377,-0.01552311,0
0.38635412,0.72404635,-0.7951682,-0.08595277,-0.5224022,-1.0964863,-0.17807142,-0.65979385,0.42981303,0.0032497384,0
0.40269905,0.6888806,-0.64249325,0.10511416,-0.35456723,-1.088641,-0.27300176,-0.705742,0.38928512,0.0836488,0
0.39984435,0.6757183,-0.6102827,0.20771748,-0.3170274,-0.9734956,-0.30583635,-0.8147324,0.40930107,0.004785843,0
0.35052404,0.59431434,-0.4180055,0.23583305,-0.4572517,-1.1290891,-0.34636566,-0.6147324,0.40119746,0.015084677,0
0.33505198,0.58654255,-0.3932859,0.1540095,-0.48995638,-0.9290891,-0.34032905,-0.58198804,0.34645548,0.012362827,0
0.3224943,0.56218696,-0.29287833,0.17546289,-0.5971427,-1.0405214,-0.4026309,-0.7123036,0.19376753,0.061683994,0
0.2582147,0.50341403,-0.19435102,0.21096455,-0.7297014,-0.9244413,-0.43731958,-0.7849001,0.21981458,0.13728637,0
0.43112722,0.49199006,-0.12664366,0.22450992,-0.61121905,-0.8674777,-0.63731956,-0.7443979,0.20506024,0.10311278,0
0.23112722,0.4563046,-0.20411931,0.332309,-0.5908148,-0.9411916,-0.5888603,-0.75895965,0.13616583,0.12424179,0
0.26257688,0.42211348,-0.07795304,0.42885813,-0.66979456,-1.1411916,-0.6024485,-0.8226276,0.31147933,0.0049657673,0
0.38436756,0.3810095,-0.013172805,0.48573154,-0.84887093,-1.1409235,-0.40746337,-0.8885718,0.46577454,0.10928432,0
0.18436755,0.41315213,0.06928164,0.48421958,-0.97137874,-1.2458847,-0.39018825,-0.73622555,0.502772,-0.022585712,0
0.15490909,0.32404837,0.02392741,0.33605602,-1.0491664,-1.3646086,-0.47127375,-0.76512647,0.68898284,0.010798413,0
0.16720122,0.3282881,0.017548585,0.14808363,-1.1100326,-1.4100724,-0.3784999,-0.5651265,0.76938117,0.050768718,0
0.13882226,0.30585286,0.046513394,0.30944097,-1.1495968,-1.5354476,-0.35273248,-0.3651265,0.65569335,0.19772774,0
0.07573163,0.3877791,0.16520907,0.19726366,-1.3495969,-1.7265251,-0.258349,-0.2845169,0.5169754,0.20091622,0
0.20113978,0.4415944,0.17803302,0.13905336,-1.2072252,-1.8309311,-0.122041926,-0.3832459,0.37761682,0.30308104,0
0.18549004,0.4400944,0.16702862,0.19000724,-1.2916313,-1.8235507,-0.054736808,-0.29917392,0.37722495,0.4001865,0
0.1949431,0.37636694,0.28009188,0.20184922,-1.2146624,-1.7737688,-0.028294781,-0.34454125,0.48348683,0.22350551,0
0.09271454,0.36595607,0.20258233,0.27232602,-1.4077827,-1.7580022,0.11476458,-0.34608278,0.6704414,0.13415295,0
0.10205136,0.46070087,0.23374645,0.31119385,-1.2779454,-1.5945941,0.26124528,-0.3175588,0.53709596,0.09782964,0
0.090511605,0.3373116,0.24128728,0.2513811,-1.4426076,-1.454293,0.29380646,-0.36605275,0.45211285,0.01920735,0
0.13586628,0.1373116,0.40337107,0.4513811,-1.5183423,-1.4784131,0.19208556,-0.35841587,0.3564031,0.08868296,0
0.26526842,0.102813974,0.45742527,0.4147883,-1.4782397,-1.634097,0.121678375,-0.36641327,0.40603065,0.19280052,0
0.27036408,0.11219248,0.5407468,0.3267687,-1.6782397,-1.5775851,0.13954611,-0.33732966,0.35864294,0.17947352,0
0.25508413,0.1823702,0.6123244,0.33886012,-1.5401068,-1.6506972,0.13845868,-0.21614051,0.5586429,0.18320988,0
0.22546764,0.21034761,0.6486403,0.20725095,-1.5789467,-1.6693715,0.045037426,-0.34447226,0.4296862,0.31534472,0
0.038294733,0.14468509,0.5758576,0.18144067,-1.6258029,-1.8693715,0.24503744,-0.3037038,0.4233036,0.48485118,0
-0.098812506,0.13747597,0.5899112,0.022685453,-1.6665093,-1.9523426,0.33749026,-0.23290148,0.33844283,0.3477799,0
-0.07304418,0.041220635,0.65308064,-0.03127023,-1.8178436,-1.9776899,0.3420498,-0.26009232,0.3607596,0.38671446,0
-0.0703419,0.025971044,0.58378094,0.058209494,-1.7279546,-2.1066246,0.484846,-0.35296446,0.2000788,0.39178035,0
-0.1674279,0.1041912,0.7295229,-0.05668706,-1.7610694,-2.1536148,0.53225297,-0.4972498,0.0978209,0.38230094,0
-0.21213189,0.15518229,0.7790616,0.067462616,-1.8377935,-2.0443604,0.54853594,-0.5406507,0.16183726,0.3783509,0
-0.062600255,0.1999327,0.93512416,-0.04059137,-1.754224,-2.0727835,0.43099222,-0.44097385,0.23375645,0.52097625,0
-0.045149565,0.31108797,0.85761386,0.0027048513,-1.7912066,-2.092778,0.24799411,-0.37539154,0.27644542,0.54652816,0
-0.03920848,0.23006304,0.94553316,0.015071058,-1.6311127,-2.1969256,0.120146625,-0.24726573,0.41263753,0.5642848,0
0.02069059,0.19473657,1.0196393,-0.104884796,-1.7041036,-2.0208273,0.04815329,-0.30334732,0.24896443,0.7642848,0
0.041113667,0.12842073,1.0417279,-0.085393615,-1.6562104,-2.030653,0.03059797,-0.40441206,0.24076183,0.89459085,0
-0.06257703,0.13651532,1.0747805,-0.043835588,-1.5689216,-2.0337474,0.08761722,-0.46885207,0.3221047,0.9441823,0
-0.055873428,0.11722244,1.0184731,-0.117705494,-1.5278957,-1.9028324,-0.073632345,-0.49096325,0.47039604,1.1441823,0
-0.23969705,0.13266164,1.041318,-0.115865156,-1.4446048,-1.9428707,0.023138441,-0.58222556,0.6236527,1.1122426,0
-0.21649826,0.06090635,1.0252101,-0.09781722,-1.4212499,-2.0103104,-0.057075895,-0.78222555,0.51565695,0.9722981,0
-0.2554572,0.019500135,0.9975109,0.085390225,-1.5337412,-1.8326442,0.052233998,-0.9199702,0.32008892,1.1267496,0
-0.21306361,-0.033677462,1.0593781,0.057230797,-1.4657944,-1.9329875,0.103162944,-0.86586034,0.3134875,1.0412922,0
-0.012545258,-0.10850983,1.069588,-0.016266644,-1.3084038,-1.9075258,0.12585855,-0.9499064,0.39254475,1.1920389,0
0.07621708,-0.1949332,1.1232954,-0.10889371,-1.2885915,-1.7402846,0.19050905,-1.0871855,0.41057885,1.2675344,0
0.20002216,-0.24677607,1.06251,-0.078483626,-1.205916,-1.7206925,0.28779832,-1.1395628,0.33229676,1.3627684,0
0.07575968,-0.20302153,1.080434,-0.090063296,-1.25809,-1.6831731,0.25990865,-1.1345911,0.3350128,1.3764623,0
0.017695967,-0.2535423,1.0318199,-0.088397644,-1.2789228,-1.5862328,0.10084097,-1.1222456,0.2928641,1.1764623,0
-0.09137516,-0.45066035,1.0900548,-0.19815777,-1.2691542,-1.6623117,0.16924497,-1.1647134,0.3682422,1.2599119,0
-0.06811647,-0.32124645,0.99888486,-0.16345797,-1.2952518,-1.4623116,0.22877151,-1.0932565,0.42091557,1.1476349,0
-0.020833272,-0.38648367,0.9809035,-0.09688771,-1.4024907,-1.3688923,0.19548804,-1.1886559,0.41491157,0.9476349,0
0.024108622,-0.38679492,1.0504155,-0.18561235,-1.2684237,-1.4615031,0.29887664,-1.0301611,0.5942462,0.9708571,0
-0.09263335,-0.37039152,0.9931883,-0.23274246,-1.1463615,-1.2615031,0.34969345,-0.9542558,0.602337,0.9971485,0
-0.11096126,-0.53468275,0.9972834,-0.1778358,-1.1822506,-1.1850061,0.31999585,-0.97609967,0.45417982,1.1430265,0
-0.18685582,-0.5629879,1.1251438,-0.26854795,-1.1115552,-1.2283792,0.45025897,-0.9455535,0.31003124,1.0881326,0
-0.27893582,-0.6669418,1.1536325,-0.35344845,-1.0303411,-1.2912467,0.5036489,-0.9496573,0.37583393,1.0172833,0
-0.25801522,-0.76230174,1.1567343,-0.28768253,-1.1115168,-1.3590245,0.31698376,-1.1496574,0.3704707,1.0292926,0
-0.26029807,-0.74153197,1.2852254,-0.29548827,-1.1844062,-1.2991903,0.1691168,-1.0340502,0.30144832,1.0254362,0
-0.21649265,-0.649906,1.1522658,-0.20832452,-1.0896789,-1.4894514,0.080983974,-1.0236843,0.18657948,0.8363154,0
-0.037297696,-0.7771429,1.0758053,-0.11406476,-1.0772748,-1.6249374,0.042875387,-1.1250291,0.16870873,0.94328344,0
-0.040260375,-0.79888046,1.0366436,-0.067575395,-1.0170627,-1.710194,0.10547192,-1.0735998,0.31333625,1.0160393,0
-0.041064467,-0.81585705,0.9599185,-0.11508426,-0.99960345,-1.6147206,0.14351013,-1.2222158,0.15455997,1.0530823,0
-0.06786795,-0.8379871,1.0371457,-0.18131875,-1.0433491,-1.7564945,0.21335429,-1.2268649,0.2987731,1.1551344,0
-0.07546897,-0.77130145,0.91718686,-0.13785659,-0.98399276,-1.7213306,0.016168341,-1.2987137,0.35524553,1.293201,0
-0.08378978,-0.8840475,0.91695213,-0.30564633,-1.0764925,-1.5453876,0.085794516,-1.373289,0.46343622,1.2736183,0
-0.1611074,-0.87002975,0.86141384,-0.26376066,-1.0255721,-1.5914017,0.0048630633,-1.5094107,0.55525833,1.1110696,0
-0.1783844,-0.8292904,0.843406,-0.11846489,-1.0065264,-1.685459,0.02787166,-1.6059183,0.44426438,0.9613015,0
-0.22407196,-0.7953548,0.802909,-0.07775259,-1.0733781,-1.5396085,-0.07761241,-1.5537949,0.32619664,0.9402755,0
-0.28806463,-0.89389044,0.98571527,-0.031512033,-0.98580086,-1.3396084,-0.085462235,-1.6545798,0.33223215,0.85470784,0
-0.2690937,-0.9253456,0.9805517,-0.07255001,-0.86582613,-1.4664451,0.009819716,-1.6169518,0.3749317,0.81301785,0
-0.33187652,-0.9136922,1.0952375,-0.12739885,-0.8969197,-1.5384525,0.08103561,-1.6148294,0.36031187,0.7825277,0
-0.29111114,-0.84273404,1.1283143,-0.24488844,-1.0969198,-1.3531715,0.12944958,-1.4780887,0.36710057,0.6644734,0
-0.1878992,-0.91201895,1.0610251,-0.26575133,-1.2041757,-1.5114201,0.16590007,-1.4314518,0.5317303,0.695196,0
-0.15133888,-0.85381985,1.0495195,-0.28354165,-1.2142614,-1.3116223,0.16343914,-1.2314517,0.40561932,0.87273127,0
-0.26765794,-0.7895936,1.2270429,-0.1996522,-1.3889543,-1.3978646,0.2145397,-1.1346905,0.4823623,0.6727313,0
-0.18454307,-0.64689237,1.1477693,-0.3466981,-1.475655,-1.4765424,0.18210967,-1.333577,0.4356296,0.86648726,0
-0.065232374,-0.5971281,1.1048226,-0.37595594,-1.5301147,-1.336812,0.035798997,-1.314395,0.55094606,0.92443407,0
-0.10587673,-0.4505611,1.0241205,-0.46037942,-1.521015,-1.136812,0.20434967,-1.2236112,0.75094604,1.0341048,0
-0.17704499,-0.2909496,1.0296607,-0.5435381,-1.714066,-1.1466382,0.31429988,-1.2965379,0.6582287,1.0307797,0
-0.054378897,-0.20469792,1.0975362,-0.42559367,-1.7344308,-1.0273093,0.39064774,-1.2660891,0.5755738,1.1911927,0
0.078317724,-0.1278651,0.95147574,-0.41313055,-1.697375,-1.0079511,0.45162937,-1.3382854,0.5440459,1.3090161,0
0.03211214,-0.11690691,0.9934992,-0.35628706,-1.509836,-1.2079512,0.36928624,-1.2399539,0.5225238,1.2820343,0
0.017113611,-0.0081453025,1.0094991,-0.5245277,-1.5294638,-1.2457215,0.3128304,-1.145804,0.48910397,1.4711866,0
-0.010678572,0.014712336,1.0589632,-0.54516333,-1.6672335,-1.0301573,0.2730664,-0.9117717,0.48865718,1.6110533,0
-0.07323066,-0.18455456,1.0957295,-0.54318225,-1.6441253,-1.010439,0.27213603,-0.9595493,0.56969947,1.5560918,0
-0.024269503,-0.18541808,1.1177304,-0.49520427,-1.4919336,-0.87398666,0.2785956,-0.85074306,0.69148934,1.5231614,0
-0.012202927,-0.37198684,1.0170618,-0.5906707,-1.5622978,-0.9662251,0.3299232,-0.93636143,0.4978974,1.5386758,0
0.025266513,-0.36308455,0.9828822,-0.6439301,-1.369439,-0.9533988,0.3915497,-1.0286216,0.47878197,1.4758592,0
0.0070466776,-0.32752082,1.0369632,-0.8032724,-1.5564005,-0.91895264,0.5790977,-1.0492792,0.65134454,1.429928,0
-0.0025544385,-0.26971558,1.1243923,-0.7066667,-1.5811769,-0.95175296,0.5497281,-1.080559,0.5658753,1.4027228,0
-0.02289123,-0.39213943,1.087948,-0.71620375,-1.3837575,-1.0674125,0.46945325,-1.0694404,0.4966061,1.2628584,0
-0.008046825,-0.42219046,1.0308523,-0.91620374,-1.4229642,-1.0434796,0.37644175,-1.0836422,0.3964245,1.4204975,0
-0.093763456,-0.5091655,1.0901754,-0.9512806,-1.3730754,-1.0735471,0.22982065,-1.0248989,0.39903143,1.3533661,0
-0.11131971,-0.6347046,1.0928124,-0.9624239,-1.4412242,-1.1190058,0.3397327,-0.9624667,0.5476738,1.2996821,0
-0.062088154,-0.51806635,1.062188,-0.9727575,-1.4977455,-0.9836247,0.4643647,-0.8102426,0.53290236,1.3512067,0
0.003935389,-0.4757425,1.0109669,-0.9024445,-1.5494636,-0.95692915,0.5825772,-0.8264192,0.6679675,1.2280478,0
-0.062204108,-0.2799964,0.98228264,-0.95511127,-1.4893138,-0.9253781,0.5828176,-0.65740836,0.6063829,1.1616683,0
0.038086005,-0.32170525,1.0025343,-1.0271842,-1.5569596,-0.9133099,0.5999957,-0.5299736,0.5722815,1.2531343,0
0.09874184,-0.36761534,0.91982883,-1.0435618,-1.7161958,-0.9459903,0.6295203,-0.6322405,0.5640629,1.1555649,0
0.09146336,-0.27746132,0.8994001,-1.105661,-1.6443608,-0.74599034,0.53852755,-0.4322405,0.5793988,1.1875695,0
0.05542873,-0.108336315,0.7771091,-1.1806701,-1.6566638,-0.7574197,0.41279355,-0.48567647,0.6934294,1.0086267,0
-0.09820777,-0.15760788,0.8061156,-1.1370844,-1.635658,-0.6785251,0.32444763,-0.47007427,0.7603712,0.90625405,0
-0.08181072,-0.10070844,0.808087,-1.3173542,-1.6866803,-0.48705548,0.21333557,-0.3003351,0.75281054,1.1062541,0
-0.06870266,-0.19323337,0.7045405,-1.361599,-1.6425874,-0.68705547,0.1193639,-0.25802952,0.68812674,1.0040698,0
-0.14885414,-0.05832751,0.5423524,-1.1615989,-1.4776797,-0.70007485,0.115984686,-0.24557692,0.6083855,0.9342069,0
0.051145867,-0.045187864,0.65701073,-1.3140202,-1.4476337,-0.5927489,0.1708738,-0.32838264,0.61636853,0.9266117,0
-0.12790039,-0.1846635,0.8570107,-1.4286091,-1.4682313,-0.63567066,0.2355173,-0.33433044,0.61174464,0.90208703,0
-0.0053006187,-0.16382173,1.0046285,-1.3524929,-1.5639449,-0.56718135,0.17993717,-0.18813856,0.6989607,0.83374995,0
-0.03787296,-0.070513375,1.0194381,-1.1524929,-1.4886624,-0.72757363,0.252395,-0.122617476,0.6400876,0.9126877,0
-0.0070609096,0.06660331,1.0164022,-1.3276495,-1.6862223,-0.6648727,0.3562513,-0.089892894,0.663162,0.9796916,0
-0.15300006,0.06578919,0.9391405,-1.5130554,-1.5405211,-0.71046436,0.3072511,0.087659895,0.5529475,1.0353652,0
-0.21654725,0.11947012,0.9295364,-1.4822683,-1.5684488,-0.7283693,0.32714272,0.06752888,0.5544807,1.1675577,0
-0.15959476,0.12886472,0.96240133,-1.4665903,-1.6562301,-0.6757104,0.23096049,0.09172473,0.5698209,1.1503153,0
-0.18428344,-0.006596014,0.853742,-1.5405031,-1.844227,-0.7017996,0.20777282,0.17334858,0.5706751,1.0680068,0
-0.17443138,0.10647598,0.86118,-1.5551682,-1.868441,-0.57088417,0.13586536,0.064119846,0.71997327,0.9943347,0
-0.15654828,0.011992822,1.0171518,-1.4663246,-1.8131585,-0.71571416,0.1332352,0.03815231,0.76149976,1.1797303,0
-0.15370113,-0.056238353,0.94623274,-1.5763571,-1.7797675,-0.8662733,0.025974404,0.19014457,0.659328,1.097001,0
-0.1744044,-0.13264194,0.8862094,-1.6794151,-1.7174673,-0.8465608,0.19651833,0.18830842,0.70095336,1.0556568,0
-0.15425944,-0.1248747,0.86125916,-1.6452407,-1.6999495,-0.8344849,0.20874572,0.24297523,0.88508064,1.0197324,0
-0.22159924,-0.17404315,0.6904629,-1.4868336,-1.752622,-0.8159273,0.27406988,0.19048843,1.026128,1.1538761,0
-0.3127296,-0.2510442,0.7198784,-1.4106897,-1.7934376,-0.81690395,0.20627908,0.0012252927,1.021044,0.9538761,0
-0.49886253,-0.26938933,0.7585326,-1.4833229,-1.8832617,-0.6106307,0.2114722,0.08023833,1.0285463,0.9350595,0
-0.3679912,-0.18787798,0.80574787,-1.594127,-1.8403646,-0.55868953,0.16617791,0.018869594,0.96184355,0.92195356,0
-0.38137564,-0.25949147,0.8369922,-1.4496269,-1.8899903,-0.70277435,0.12706272,0.14139126,0.92577595,1.0129608,0
-0.39407018,-0.3171987,0.81592804,-1.4096885,-1.7806829,-0.8732026,0.056412015,0.26600242,1.0044457,1.0368071,0
-0.44588548,-0.25999576,0.70220035,-1.4776738,-1.7747885,-0.8534955,0.11186616,0.18883725,1.0562675,1.0073626,0
-0.37017128,-0.17788444,0.6926265,-1.5096515,-1.7542316,-0.91920954,-0.020688817,0.13665551,1.03256,0.91675425,0
-0.30604345,-0.27398247,0.79217213,-1.6949922,-1.5409048,-1.050363,0.052003283,0.24934784,1.056891,0.81926066,0
-0.32387617,-0.39366922,0.922571,-1.5737499,-1.399601,-1.2343937,0.09282132,0.23396634,1.0235931,0.90476197,0
-0.34543025,-0.44805753,1.0205312,-1.5571249,-1.3642036,-1.0431359,0.117255926,0.17110929,1.0364864,1.0556716,0
-0.41918415,-0.38071653,1.0729566,-1.4861224,-1.3607477,-0.98223495,-0.021857766,0.16903234,1.2267647,0.984441,0
-0.47316852,-0.46706232,1.0180931,-1.456862,-1.3812971,-0.9258683,0.03948555,0.0020592266,1.1922181,1.1003827,0
-0.43618152,-0.4301405,0.8856357,-1.4673581,-1.3548443,-0.96948683,0.19958463,0.004350921,1.2127126,1.1837229,0
-0.5332019,-0.4643442,0.8964579,-1.4724815,-1.3237929,-0.996055,0.23887733,0.16746688,1.2573005,1.0572494,0
-0.5863731,-0.5243274,1.047318,-1.4535719,-1.2851347,-0.91901356,0.23707469,0.089194946,1.3249904,0.85724944,0
-0.6930283,-0.48242575,1.2163901,-1.5113693,-1.2033322,-0.7011852,0.3006488,-0.018861197,1.2767015,0.92884594,0
-0.6132405,-0.572807,1.2485954,-1.6518326,-1.1602669,-0.59624994,0.36895388,0.055304244,1.0895087,0.8012687,0
-0.64225596,-0.6306294,1.3134441,-1.580227,-1.0960399,-0.7812601,0.24346372,-0.0045602685,1.265233,0.7041176,0
-0.48662302,-0.47781733,1.3727131,-1.4696094,-1.2026128,-0.86860675,0.29008204,0.0030666145,1.3503921,0.61832464,0
-0.42119148,-0.47816455,1.317693,-1.3597037,-1.1756853,-0.86113,0.15608655,0.1379398,1.5449526,0.49436653,0
-0.4218571,-0.27094343,1.4636321,-1.2645471,-1.1751332,-0.99163026,0.2985329,0.054723144,1.5131651,0.51114976,0
-0.39460817,-0.4231472,1.399263,-1.1958822,-1.2153817,-0.92875314,0.32508302,0.14083938,1.4739839,0.47983363,0
-0.45071617,-0.50273937,1.4004577,-1.0524956,-1.3212645,-1.0174582,0.20363182,0.042297415,1.5124421,0.32414335,0
-0.55998623,-0.6465335,1.3382423,-1.0061179,-1.3607225,-1.0845907,0.15729386,0.006873429,1.4639862,0.47342372,0
-0.6793448,-0.65634865,1.426157,-1.0526134,-1.3738481,-0.977002,0.092448354,0.08822126,1.3607999,0.50564754,0
-0.858341,-0.5957254,1.3821273,-1.0290786,-1.2131164,-1.1573296,0.17318249,0.22985992,1.3584192,0.44708952,0
-0.95085156,-0.4162767,1.4687351,-0.93008494,-1.083413,-1.1994791,0.17241843,0.14743415,1.4467261,0.37859982,0
-0.8597918,-0.303171,1.3486426,-0.8904757,-1.2077048,-1.0089605,0.12012578,-0.052565858,1.4947888,0.38136032,0
-0.8894651,-0.3075984,1.235413,-0.90474623,-1.2895038,-1.0051492,0.1696738,-0.035818323,1.6817762,0.4876844,0
-0.9659262,-0.30063286,1.2631594,-0.8630575,-1.3848057,-0.8737875,0.11619766,-0.05837617,1.6128818,0.4409809,0
-0.8515474,-0.37250334,1.123553,-0.8194588,-1.3245288,-0.9404357,0.023548335,-0.024415344,1.6009022,0.5049462,0
-0.8699639,-0.48580986,1.074502,-0.8556318,-1.4575496,-0.80622673,-0.0101804845,-0.08318514,1.4252194,0.6096979,0
-0.898524,-0.624228,1.0402212,-0.98113304,-1.4908873,-1.0062268,-0.12079525,0.068191275,1.3910284,0.49721628,0
-1.0104957,-0.592124,1.0405757,-0.78113306,-1.4852256,-1.1541626,-0.22366574,0.018236004,1.3634292,0.61443096,0
-0.901607,-0.5687923,0.87595993,-0.78996533,-1.59649,-1.246804,-0.17645591,0.17639354,1.2874417,0.80571204,0
-0.87771803,-0.47021088,0.88425493,-0.7248728,-1.4582937,-1.0689651,-0.13360563,0.07774741,1.2242208,0.82617307,0
-0.9271253,-0.45442027,0.875772,-0.69429106,-1.4412764,-1.0483708,-0.0317382,0.061975304,1.163436,0.8517355,0
-1.047816,-0.47742382,0.87970203,-0.49429107,-1.606675,-1.2483709,0.102423735,0.056146063,1.151159,0.91849756,0
-1.0408543,-0.43074626,0.74864626,-0.69429106,-1.6202246,-1.1259676,0.20743006,-0.1279549,1.1147639,0.85448956,0
-1.1446217,-0.56530565,0.8536718,-0.8002824,-1.4847764,-1.240582,0.20068729,-0.10378198,1.0722461,0.836931,0
-1.1119092,-0.6893528,0.74258554,-0.800865,-1.5024513,-1.2805619,0.40068728,-0.06715056,1.0966831,0.7289635,0
-1.0065349,-0.7562518,0.8722771,-0.75963485,-1.5586311,-1.3580954,0.40238106,-0.005736673,0.9497108,0.85988986,0
-1.1052006,-0.70796,0.8321266,-0.79194474,-1.5006083,-1.4022307,0.25863183,0.14160727,0.92346174,0.8943778,0
-1.1250598,-0.72625947,0.97538614,-0.9591499,-1.4188565,-1.2047848,0.071492694,0.072204754,0.8394143,1.0750985,0
-1.0310826,-0.83171004,1.0235682,-0.7793593,-1.2615043,-1.085006,-0.098825775,-0.02415651,0.86823654,1.2112561,0
-0.94013774,-0.8505842,0.82356817,-0.87519515,-1.2364228,-1.1447377,-0.067870304,-0.08543524,0.79985714,1.1758174,0
-1.0720592,-0.9951683,0.6832183,-0.9861,-1.1941228,-1.3447378,-0.15161172,0.034836717,0.8399755,1.1275997,0
-1.0058757,-1.0717983,0.63765854,-0.9538269,-1.0442116,-1.352044,-0.2199084,0.14411601,0.89766675,1.1087661,0
-1.0190628,-1.1579627,0.6953567,-0.84333456,-1.1813859,-1.4368324,-0.20954622,0.1259867,0.9342674,0.9484315,0
-0.8463471,-1.141307,0.71899885,-0.7247739,-1.2022986,-1.354504,-0.1592987,-0.07401331,0.92224336,1.1116338,0
-0.80501956,-1.1622604,0.5968148,-0.73607177,-1.1141036,-1.1881045,-0.19961728,-0.18307115,0.9411085,1.1908163,0
-0.896023,-1.1318623,0.7743146,-0.6654149,-1.1087536,-1.1409314,-0.06862226,-0.35302192,0.97348475,1.2981176,0
-0.83449215,-1.1541712,0.7537792,-0.82157534,-1.0938884,-1.0548996,-0.20164865,-0.35021627,1.031278,1.4805701,0
-0.8893906,-1.246634,0.8269072,-0.8080721,-1.1632254,-1.0788891,-0.10593883,-0.15021627,0.93505687,1.28057,0
-0.93146485,-1.0984095,0.85741246,-0.9069152,-1.1339947,-0.9259004,-0.16420613,0.049783736,1.0830352,1.2829238,0
-0.9269367,-0.9998618,0.8538844,-0.84911215,-1.2845854,-0.7259004,-0.21056706,0.14284986,1.1953567,1.3777177,0
-0.8737961,-1.0475239,0.8757176,-0.907415,-1.3191029,-0.80413985,-0.23295753,0.08597013,1.0781361,1.3921851,0
-0.84630096,-0.9278495,0.984877,-1.0157489,-1.3474085,-0.7783584,-0.22619894,0.26229903,1.0220202,1.3547318,0
-0.7319713,-0.95807606,0.9997414,-0.8884629,-1.390388,-0.75433004,-0.32627505,0.25199184,1.0775497,1.2775176,0
-0.60633403,-0.8873368,0.99501705,-0.90351725,-1.4742447,-0.9328519,-0.27740002,0.08189897,1.1331785,1.2756292,0
-0.5313448,-0.9358539,1.0248125,-0.97534025,-1.4150487,-0.99011385,-0.28182402,-0.062344782,1.1178939,1.2347605,0
-0.7009798,-0.7749812,0.93950975,-0.9269589,-1.3242764,-0.9032999,-0.35296348,-0.2130144,1.317894,1.1930497,0
-0.73146266,-0.70805913,0.8763655,-0.8230859,-1.2556677,-0.8551104,-0.3017842,-0.048476517,1.2710171,1.116997,0
-0.843897,-0.8728228,0.8212712,-0.8053921,-1.3547082,-0.9402457,-0.25693887,0.06773295,1.1726844,0.93482965,0
-0.7829833,-0.86217344,0.85149884,-0.8425251,-1.3255814,-0.81428313,-0.10144907,0.0062408783,1.1415615,0.73482966,0
-0.72086513,-0.9578954,0.9375832,-0.96295875,-1.2785385,-0.7996211,0.0044941306,-0.09890954,0.9981648,0.7584473,0
-0.77729404,-0.90427864,1.0384895,-0.78905594,-1.265063,-0.9356399,0.10079495,-0.29890954,0.87499243,0.68607455,0
-0.6489405,-0.8500102,1.1080569,-0.8143952,-1.2303689,-1.1356399,0.19218892,-0.12987907,0.87703794,0.57542956,0
-0.7718109,-0.7431746,1.0519059,-0.7435215,-1.1737118,-1.2245502,0.0063053817,0.07012093,0.82052165,0.5841618,0
-0.7151886,-0.6934675,0.89187276,-0.81158453,-0.9737118,-1.3325528,-0.031266827,-0.009150319,0.86804503,0.629761,0
-0.792284,-0.5328373,1.0801157,-0.8484706,-1.0309514,-1.4182734,0.033927266,0.04427562,0.79361105,0.62100774,0
-0.8475609,-0.4245969,1.2029343,-0.9989946,-1.2309514,-1.4644043,0.20667776,0.011550199,0.7450675,0.8210077,0
-0.8528329,-0.3305796,1.1779153,-0.93490034,-1.3117632,-1.3179134,0.157331,-0.057959836,0.5450675,0.7762227,0
-0.88447654,-0.24692792,1.3579378,-0.9139252,-1.2008914,-1.4552653,0.1450655,-0.13546416,0.5107558,0.8866675,0
-0.7674776,-0.37294608,1.4520569,-1.0690497,-1.3038957,-1.3118212,0.17559107,0.06453584,0.4495828,0.9453327,0
-0.7164565,-0.38569877,1.4641998,-0.9220324,-1.385721,-1.4187703,0.33794376,0.118966594,0.6096017,0.9543569,0
-0.8082476,-0.30284736,1.3469055,-0.93780434,-1.4250491,-1.2655928,0.26027483,0.09674296,0.65117663,0.77777284,0
-0.61547506,-0.21233147,1.5271484,-1.1232723,-1.502841,-1.3560014,0.059504993,0.22396757,0.691005,0.5947447,0
-0.63321054,-0.22338286,1.5857576,-1.0300713,-1.3847898,-1.4304999,-0.034979347,0.2512195,0.74017113,0.6303254,0
-0.64642644,-0.25926313,1.589861,-1.1998401,-1.300399,-1.3000693,-0.12685108,0.051219508,0.8209348,0.6686897,0
-0.73151,-0.12849821,1.6366625,-0.9998401,-1.390007,-1.125172,-0.20640057,0.024377879,0.6856395,0.5378747,0
-0.74928033,-0.11254909,1.6222911,-0.9771085,-1.4621084,-1.2662129,-0.14652684,-0.09690651,0.65509725,0.4911191,0
-0.81166345,-0.07582857,1.6779528,-1.1189308,-1.5560893,-1.1416553,-0.10585679,-0.055789404,0.62139934,0.37772515,0
-0.7991014,-0.07908347,1.7604319,-1.1660256,-1.5258708,-1.0459669,-0.11344911,-0.05492586,0.47580883,0.48149619,0
-0.822508,-0.056690253,1.7346416,-1.236308,-1.5818163,-0.93510455,-0.14456367,-0.01421736,0.2750557,0.55633354,0
-0.74178493,-0.04976976,1.7310966,-1.1778755,-1.6606144,-0.9982313,-0.087914124,-0.075567074,0.14240031,0.52475584,0
-0.86589944,-0.045033216,1.7194378,-1.0870532,-1.6712581,-0.8729011,-0.11074423,-0.024823379,0.23477958,0.69783837,0
-0.75306404,-0.16117847,1.6969657,-0.957941,-1.8598644,-0.7791154,-0.16079657,-0.112713575,0.09791964,0.66353273,0
-0.758149,-0.043421723,1.6007862,-0.8198433,-1.9248397,-0.79649645,0.039203435,-0.035294347,0.1632139,0.75072896,0
-0.8720269,-0.040056705,1.6379937,-0.7699763,-1.9051497,-0.5929889,0.07340005,0.022229867,0.3492779,0.92356336,0
-0.98349774,-0.0880353,1.5909848,-0.7222485,-1.8587662,-0.67000633,0.1072863,-0.15375926,0.30972058,0.84446764,0
-1.1034408,-0.23649266,1.5425768,-0.7500594,-1.7924931,-0.80056244,0.16385098,-0.3501436,0.22545698,0.8544859,0
-1.0480205,-0.20305172,1.4777278,-0.6682079,-1.8762863,-0.9095412,0.17856766,-0.3351065,0.3673576,0.7037193,0
-1.0909891,-0.1335792,1.3804235,-0.6484322,-1.9723141,-0.82382613,0.13138108,-0.37029856,0.48580512,0.60808134,0
-1.0927575,0.0230767,1.4471965,-0.47843096,-2.04018,-0.7912274,0.0445051,-0.3809169,0.4882885,0.5551532,0
-1.114171,-0.11853713,1.2471964,-0.3556734,-1.9807874,-0.674211,0.0041144006,-0.35630104,0.43655676,0.5234369,0
-1.1493733,-0.0186968,1.0698829,-0.2810017,-2.13382,-0.73046243,0.15083912,-0.29960856,0.58386207,0.5484735,0
-1.2114675,0.10752119,0.96499646,-0.41153035,-2.238961,-0.7166441,0.06821117,-0.4251598,0.66693765,0.5132888,0
-1.1686434,0.09725894,1.0353624,-0.5219712,-2.2628474,-0.5807749,0.17123215,-0.2996943,0.6295996,0.5541414,0
-1.0742034,0.035906155,1.0271734,-0.40081456,-2.3499568,-0.49261746,0.23812565,-0.3424803,0.67740315,0.45841613,0
-1.1808913,-0.12770908,1.1591351,-0.32781452,-2.2107058,-0.46732867,0.29404786,-0.5143973,0.678913,0.46959648,0
-1.1770253,-0.13350283,1.2246044,-0.4049041,-2.0812252,-0.37878743,0.28370708,-0.4795601,0.55701005,0.40895432,0
-1.0820508,-0.25480402,1.259051,-0.46108568,-2.2563682,-0.4547807,0.18376826,-0.5246053,0.51313186,0.31003758,0
-1.1071935,-0.16537239,1.1948993,-0.6347833,-2.1916332,-0.32752073,0.2658658,-0.48278946,0.70473146,0.4528758,0
-1.139813,-0.21228646,1.1563709,-0.7945674,-2.0868735,-0.28367227,0.29691145,-0.35093462,0.5481051,0.48661137,0
-1.2045596,-0.21110107,1.1030421,-0.898983,-2.1022267,-0.31522563,0.37060037,-0.29925203,0.534161,0.3423484,0
-1.132364,-0.1310451,0.9643796,-0.8936985,-2.037089,-0.49593717,0.25810528,-0.38559535,0.57618624,0.29159304,0
-0.9797598,-0.26823685,1.1577625,-0.9349639,-2.0673757,-0.54191023,0.41777486,-0.51813185,0.4787894,0.47132015,0
-0.9059167,-0.34831223,1.0971657,-1.0738473,-2.056973,-0.63450134,0.46656856,-0.5088217,0.41136882,0.6492549,0
-0.82180214,-0.26010674,1.0242556,-0.9430735,-2.0021632,-0.71590084,0.46997228,-0.5985973,0.37681523,0.82831496,0
-0.7984768,-0.37351948,0.9862848,-0.8621226,-2.0447865,-0.77479887,0.5029186,-0.60842186,0.36520925,0.98435724,0
-0.8199708,-0.31197706,0.9899257,-0.657345,-2.1579251,-0.6676037,0.50483376,-0.6688478,0.34806186,0.94475734,0
-0.77015865,-0.21922103,1.1255252,-0.75026596,-2.0904543,-0.7193131,0.53897125,-0.492629,0.26290032,0.82524073,0
-0.92160815,-0.3401829,1.0384362,-0.7469447,-1.9912657,-0.569629,0.5425958,-0.48137164,0.27333784,0.7477737,0
-1.0156825,-0.4916803,0.95415854,-0.65938896,-1.9638898,-0.6143938,0.51033056,-0.52643675,0.44212794,0.7943263,0
-1.0035462,-0.5144844,1.0391029,-0.6061485,-2.049023,-0.77628034,0.6108476,-0.3217273,0.5991598,0.80268794,0
-0.9586678,-0.4351951,1.0678056,-0.67655116,-2.0003974,-0.80778444,0.67007655,-0.43519795,0.7886767,0.6157226,0
-1.0071517,-0.25160116,1.0271945,-0.7052814,-1.9952917,-0.84086925,0.8434216,-0.24302597,0.7628378,0.57375854,0
-1.0380019,-0.15425473,0.967059,-0.5052814,-1.8643998,-0.77696127,0.8070275,-0.1470724,0.7251721,0.46623722,0
-1.0139694,-0.20729919,0.95574933,-0.60065544,-1.7772557,-0.8575546,0.8462065,-0.182177,0.8339185,0.58259034,0
-0.9092192,-0.30046165,0.96131,-0.638092,-1.7577486,-0.95813066,0.82522213,-0.33436084,0.9057493,0.62486976,0
-0.9932453,-0.23929372,0.87036026,-0.6389943,-1.9577487,-1.0884118,0.905789,-0.27412206,0.7548657,0.42486978,0
-0.91323173,-0.16016005,0.7406498,-0.5235423,-2.0688722,-1.0200884,0.82463527,-0.38279453,0.7456943,0.47609508,0
-0.9363968,-0.24201076,0.7427875,-0.7079494,-2.1352553,-1.0924358,0.71276325,-0.4032272,0.6790475,0.35666072,0
-1.0289325,-0.23186743,0.6736694,-0.49057308,-2.202983,-0.9646885,0.86397547,-0.354691,0.6447557,0.34830675,0
-0.9936517,-0.42307085,0.6455056,-0.45606157,-2.2272427,-0.8891932,0.8927499,-0.54339266,0.5810525,0.16680206,0
-0.94509363,-0.5278778,0.6015317,-0.48775247,-2.304457,-0.77987295,0.84347177,-0.45543092,0.58147895,0.2295624,0
-0.8295239,-0.69116133,0.4755044,-0.40712127,-2.3781242,-0.7262785,0.7481211,-0.44611794,0.6785604,0.20057048,0
-0.72746646,-0.7204688,0.40107965,-0.27479434,-2.3481333,-0.7831636,0.7384662,-0.47431648,0.8316505,0.17212501,0
-0.6690658,-0.6661311,0.28352374,-0.07479434,-2.3832126,-0.7402663,0.71835184,-0.44939205,0.91436946,0.13412486,0
-0.7288746,-0.6080147,0.300377,-0.10110927,-2.3893552,-0.7687855,0.6830715,-0.64939207,0.71499765,0.29242724,0
-0.736207,-0.49920034,0.2307691,0.09889074,-2.2987323,-0.6796013,0.54226273,-0.46594483,0.72414035,0.25741756,0
-0.6108951,-0.40020066,0.09172271,0.17085251,-2.4285684,-0.7604642,0.62085056,-0.3713821,0.6772021,0.23662525,0
-0.6900311,-0.3476825,0.036947027,0.2572231,-2.2463903,-0.73813325,0.57609403,-0.27061808,0.77215457,0.20484409,0
-0.7227203,-0.25103298,0.23694703,0.23783842,-2.3594708,-0.8346777,0.711905,-0.1794841,0.7111545,0.2761994,0
-0.64918596,-0.3298823,0.22710718,0.18760353,-2.3763633,-0.79453635,0.60274607,-0.3364854,0.7147106,0.3717559,0
-0.44918597,-0.47739106,0.24099863,0.24618156,-2.4531343,-0.59453636,0.7786943,-0.3650435,0.6662256,0.3099187,0
-0.33814922,-0.5189864,0.26506513,0.32246906,-2.5946517,-0.5176078,0.80125225,-0.44593206,0.67111087,0.29526412,0
-0.369234,-0.48151273,0.37423062,0.35640836,-2.4811058,-0.46093357,0.90052927,-0.40952381,0.7456072,0.367836,0
-0.33056623,-0.45635694,0.34934273,0.36342704,-2.6527486,-0.42498192,0.6951836,-0.33643496,0.7505312,0.2255987,0
-0.42240325,-0.40613163,0.19379605,0.24006465,-2.675064,-0.4634857,0.76665807,-0.13643496,0.64219296,0.25709748,0
-0.43339646,-0.2859154,0.28278804,0.2967071,-2.598249,-0.6634857,0.72093374,-0.108976096,0.5125673,0.21387231,0
-0.52510035,-0.3510331,0.35611445,0.22775783,-2.6058075,-0.6606306,0.79834634,-0.30231935,0.4962984,0.4138723,0
-0.5667613,-0.34554258,0.31475386,0.2767386,-2.5022995,-0.6944229,0.9237235,-0.25454587,0.39702058,0.6138723,0
-0.49218157,-0.40823033,0.22981554,0.07673861,-2.4573205,-0.6896718,0.9759564,-0.06526126,0.4223894,0.44349366,0
-0.5567406,-0.4243541,0.3296673,0.07099626,-2.3820226,-0.8896718,0.98808885,-0.07105201,0.3796526,0.4542694,0
-0.6054988,-0.3960731,0.3867345,0.004698032,-2.5040364,-0.9000894,0.99913096,-0.17990519,0.2542045,0.38898107,0
-0.5139365,-0.46207142,0.3681698,-0.085097834,-2.5810418,-0.76724887,0.9588145,-0.18515578,0.26229537,0.32667047,0
-0.41594177,-0.4415235,0.4013107,-0.11411732,-2.591979,-0.80026627,0.9241347,-0.07370096,0.3681888,0.32276058,0
-0.33047307,-0.52038395,0.36157763,0.021609776,-2.5518777,-0.6932895,0.9243135,-0.046864986,0.5451859,0.20682633,0
-0.33474815,-0.3974613,0.49523503,-0.09777665,-2.5174637,-0.82764924,0.9831807,-0.05063343,0.6424425,0.26567763,0
-0.2906413,-0.23666635,0.6015645,-0.15132608,-2.4433193,-0.8216513,1.1388259,-0.046984036,0.63296145,0.3606179,0
-0.21831053,-0.29998156,0.7525732,-0.35132608,-2.3789535,-0.797851,1.0817481,-0.08951552,0.6307696,0.44726205,0
-0.20721377,-0.27568105,0.90585,-0.48525736,-2.3653433,-0.91077876,0.93931115,0.107284844,0.5869118,0.402958,0
-0.16482481,-0.25204524,0.94916004,-0.28525734,-2.303607,-0.8844749,0.9925223,0.043676585,0.57501346,0.57201344,0
-0.20622373,-0.33178142,1.084623,-0.12829556,-2.1621935,-0.8488085,1.0115416,-0.06302484,0.37501347,0.7720134,0
-0.20920797,-0.24248089,0.94803506,-0.09344971,-2.0283377,-0.85359347,0.9841537,-0.12572566,0.36414388,0.85590947,0
-0.2076545,-0.14620104,0.9218134,-0.27558386,-2.0827782,-0.6668292,1.0985993,-0.12329649,0.2992124,0.90198153,0
-0.0717718,-0.07726178,1.0052086,-0.07474957,-2.225287,-0.46167642,1.2216437,-0.22895795,0.2743426,1.0898179,0
-0.03501388,-0.005418792,1.0667402,-0.24033773,-2.1764963,-0.46736386,1.1281759,-0.088507496,0.46143216,1.1635934,0
-0.21140671,0.10507419,1.0371306,-0.29142213,-2.0073767,-0.4100856,1.2399182,-0.2885075,0.3787942,1.1646744,0
-0.09736872,0.14409748,0.98113734,-0.24520937,-2.0707002,-0.42276126,1.2647054,-0.2595863,0.43264332,1.2753136,0
-0.05539608,0.1433482,1.0380371,-0.2278504,-2.0286288,-0.51038784,1.323489,-0.056741577,0.4759377,1.2205554,0
0.04727183,0.19247796,0.87835556,-0.1329553,-2.0401385,-0.58671266,1.2905308,-0.10107972,0.3987904,1.3529284,0
0.24727184,0.076670885,0.8542,-0.15036698,-1.9871769,-0.407118,1.2537434,-0.23978527,0.39375475,1.3623403,0
0.13143578,0.106552914,0.9975773,-0.254251,-2.0044389,-0.5440517,1.2218649,-0.27359998,0.2824574,1.3559642,0
0.122580506,0.11937113,0.9514311,-0.2375086,-1.9739093,-0.61173785,1.1117198,-0.20253131,0.21058564,1.3469968,0
0.0070745125,0.29218435,1.0267448,-0.195481,-1.9372798,-0.4751012,1.1098565,-0.20959498,0.34289536,1.4732553,0
0.0120275235,0.09435883,0.9686852,0.0044191577,-1.945341,-0.56435215,0.9871875,-0.33817673,0.43273592,1.6351068,0
0.030401517,-0.016584758,0.93194705,0.09587242,-2.05877,-0.36931732,0.9781396,-0.27233806,0.52507645,1.5618981,0
0.13195372,-0.17422704,0.9053064,0.17602876,-2.061645,-0.36682197,0.9270642,-0.27488908,0.44497544,1.5808971,0
0.011504118,-0.14742032,0.8284386,0.3489023,-2.0804522,-0.4879113,0.8595622,-0.2532087,0.4710775,1.6058882,0
0.15129837,-0.21642527,0.81829804,0.23996621,-1.9202226,-0.41705102,0.8676791,-0.45320868,0.48060483,1.7278172,0
0.3512984,-0.31506935,0.77714133,0.34907854,-1.9015818,-0.29172093,0.83623976,-0.45752576,0.43651754,1.6743832,0
0.4416405,-0.26333728,0.78347576,0.42180252,-1.9941844,-0.26687053,0.8294811,-0.38217008,0.32789037,1.7187957,0
0.42344669,-0.4082038,0.6666637,0.3497747,-2.038609,-0.44985694,0.96917486,-0.17553148,0.20499206,1.6482867,0
0.40030745,-0.32564253,0.5481008,0.48110604,-2.1242101,-0.54596275,0.8600728,-0.09618384,0.009877213,1.6255512,0
0.3229435,-0.22036116,0.4520834,0.59474593,-2.0830593,-0.4907261,0.98229945,-0.17749766,-0.052692186,1.6461788,0
0.4451196,-0.37177873,0.41169873,0.5815977,-2.1605117,-0.54203904,0.93619025,-0.20747152,-0.07599267,1.506323,0
0.42431462,-0.36141816,0.2780014,0.6554688,-2.19474,-0.5890108,0.9213534,-0.3463729,-0.037350252,1.4311993,0
0.29716083,-0.3825143,0.361479,0.6349275,-2.228391,-0.39951175,0.9107165,-0.39092562,-0.00071947277,1.4519384,0
0.39334843,-0.31149307,0.2086346,0.6411793,-2.221056,-0.4030319,0.8109711,-0.41233695,-0.07842874,1.5376081,0
0.58664906,-0.21035787,0.4086346,0.6104609,-2.1439018,-0.44727632,0.6851285,-0.37476397,0.049909823,1.4897455,0
0.5160704,-0.21383645,0.43184197,0.6735099,-2.2444332,-0.49149272,0.8169538,-0.48307657,-0.03813213,1.366223,0
0.5065777,-0.029032182,0.39981717,0.80983686,-2.1747153,-0.6511897,0.84397054,-0.49176154,-0.10616436,1.3446286,0
0.5087834,0.119950145,0.39407435,0.86613303,-2.1443903,-0.6466979,0.7856691,-0.6135762,-0.15290199,1.172124,0
0.49666145,0.14683565,0.3955481,0.7644301,-1.9785314,-0.6445334,0.7036124,-0.5877715,-0.12852171,1.1895188,0
0.49640873,-0.006614566,0.5215844,0.9116706,-2.0117505,-0.6469599,0.72959936,-0.5276363,-0.00575573,1.2336917,0
0.36525264,-0.07744773,0.57596964,1.0005019,-1.9923635,-0.59386426,0.81129235,-0.6889793,-0.074795604,1.2845143,0
0.16525264,-0.072012365,0.6839765,0.9615425,-1.868392,-0.6577258,0.865952,-0.5303252,-0.065267146,1.2493417,0
0.21250987,0.08758931,0.74360234,0.79797494,-2.058186,-0.52207875,0.88359773,-0.62408763,-0.048685893,1.2754866,0
0.30198586,-0.011985362,0.7718284,0.84155196,-1.9903818,-0.47523922,0.91734624,-0.8240876,0.07998888,1.2720534,0
0.3728606,-0.15782115,0.9718284,0.9525438,-1.8974928,-0.51667625,0.9661164,-0.7401826,0.15662584,1.2134744,0
0.43309426,-0.22671255,0.9263193,0.83018345,-1.9384269,-0.5356944,1.0059146,-0.5401826,0.3041082,1.2072303,0
0.53911704,-0.1084676,0.91706216,0.75909483,-1.9333524,-0.4106418,1.1312454,-0.5907341,0.17788549,1.309028,0
0.52859837,-0.059597712,0.97544914,0.8461064,-1.8017204,-0.34860316,1.0934231,-0.6130504,0.12763353,1.4471413,0
0.32950044,-0.17121688,0.92629933,0.84882927,-1.8286562,-0.25261852,1.1684433,-0.48734558,0.09373229,1.5047332,0
0.38330486,-0.17570968,0.9641737,0.81281644,-1.8855681,-0.19193035,1.0620519,-0.62281543,0.114279136,1.4528542,0
0.43607995,-0.17061624,1.0461738,0.7836557,-1.9668906,0.0077447337,0.8391937,-0.60352194,0.23045239,1.44285,0
0.6152358,-0.31534094,1.1937264,0.67148244,-1.8615785,-0.02122853,0.79705495,-0.49862966,0.16433664,1.5064243,0
0.62618846,-0.27730662,1.049668,0.71993464,-1.8907173,0.07830384,0.7476205,-0.54796743,0.20176226,1.5588533,0
0.74063325,-0.094493516,0.9046673,0.66949373,-1.8981265,0.18393758,0.7442105,-0.5692289,0.35536054,1.5921746,0
0.7340301,-0.045257796,1.0610003,0.46949375,-1.8335358,0.28377134,0.65982723,-0.7692289,0.3463297,1.5881367,0
0.7368752,0.10637213,1.0548775,0.37208775,-1.7692333,0.23941754,0.5416642,-0.7729862,0.42703938,1.5289019,0
0.8012009,0.002675908,1.0083307,0.42608353,-1.7959083,0.28661898,0.6213182,-0.7579933,0.6008866,1.5908172,0
0.76305234,-0.048699535,1.1085122,0.37204063,-1.9247239,0.20409536,0.5538101,-0.76358634,0.4008866,1.3908172,0
0.8326128,0.13630414,1.035472,0.23919035,-1.9425157,0.3580589,0.5246662,-0.9303794,0.2764174,1.2402921,0
0.810252,0.28890055,0.96499604,0.15453242,-2.0896797,0.50352776,0.49245933,-1.0895405,0.15073927,1.1100862,0
0.7919386,0.21035562,0.9072403,0.21477816,-2.0608993,0.46725726,0.40675777,-1.1251467,0.27216798,1.2199385,0
0.70928895,0.068810865,0.8040055,0.2007197,-2.1189878,0.3884196,0.20675777,-0.92514676,0.11657661,1.4153016,0
0.76441973,0.23947139,0.66914296,0.17529944,-2.1576817,0.2975542,0.025953878,-1.0646478,-0.023958325,1.4145608,0
0.90679497,0.2577295,0.7727509,0.03986788,-2.069969,0.20149565,0.031787653,-1.161718,0.050859723,1.3542548,0
0.80306417,0.24323812,0.6159198,0.019729365,-2.0111918,0.35658908,0.056577057,-1.1903428,-0.031782385,1.4263029,0
0.9025559,0.37241384,0.62690717,0.05815608,-2.1446369,0.31106198,0.0823081,-1.0520594,-0.08864804,1.3537424,0
0.8532599,0.4285508,0.6111254,0.02728251,-2.035922,0.19814426,0.04603746,-0.8520594,-0.0007457733,1.4268146,0
0.83291537,0.33917993,0.45417687,-0.03122497,-2.02231,0.21876177,-0.082147,-0.9621127,0.12273879,1.5435073,0
0.9224373,0.24754238,0.5215858,-0.02178892,-1.9632672,0.3599612,0.063837275,-1.0609016,0.086910754,1.5157521,0
0.78355616,0.16870531,0.49689803,-0.22178893,-1.8522558,0.28246507,0.12427023,-1.0417348,0.14444156,1.5093066,0
0.7205721,0.2182723,0.2983879,-0.04574807,-2.00703,0.3311476,0.1530352,-1.1028733,0.23690748,1.4640783,0
0.7154733,0.18840866,0.39697966,-0.2199722,-2.0312932,0.2837025,0.1718049,-0.90287334,0.22225605,1.613624,0
0.63123953,-0.011591345,0.39902857,-0.2084343,-2.0520241,0.48370248,0.12896737,-0.96907324,0.34889013,1.6869484,0
0.67528313,-0.11540706,0.38661695,-0.30155036,-1.9718101,0.50984913,0.10982255,-0.76907325,0.21102972,1.703587,0
0.6944941,-0.011945337,0.40945265,-0.49995118,-1.9245253,0.5966176,0.16616751,-0.8261626,0.34743813,1.5668138,0
0.60454184,0.017128495,0.48703444,-0.46230263,-1.7480263,0.78447556,-0.012612596,-0.9819907,0.39352483,1.4994334,0
0.54873973,-0.06805612,0.5559386,-0.55403143,-1.9480263,0.5844756,-0.059218083,-1.0869373,0.45277062,1.5677483,0
0.5757263,-0.06875438,0.38670057,-0.68126035,-1.9056591,0.4584823,0.02653062,-1.0107054,0.32524085,1.6877595,0
0.5779816,-0.21593568,0.31124988,-0.70146966,-1.9026743,0.59815586,0.14802009,-1.0489202,0.3796562,1.527222,0
0.5402951,-0.21953143,0.23376766,-0.61608875,-1.8737715,0.7913783,0.31199002,-1.1617407,0.43825433,1.5650333,0
0.618839,-0.24857582,0.21641283,-0.4947938,-1.8578706,0.6345279,0.14745203,-1.1454053,0.59637475,1.6492193,0
0.5434468,-0.25206327,0.04828593,-0.5859102,-2.0416105,0.43724126,0.24695228,-0.9454053,0.40181154,1.5269207,0
0.601311,-0.10332681,-0.095430315,-0.7859102,-2.1398318,0.42448255,0.20704764,-0.859924,0.34367034,1.5258365,0
0.7167918,-0.014326319,-0.17384586,-0.6890024,-2.1446252,0.6234613,0.23036566,-0.8087044,0.2971532,1.4714475,0
0.77251476,-0.107367516,-0.18718638,-0.4893453,-2.1941338,0.7358081,0.27060905,-0.8124557,0.3846697,1.371231,0
0.73188704,-0.105750985,-0.20035823,-0.36864692,-2.2426567,0.75194114,0.3447756,-0.8404219,0.20135836,1.3477626,0
0.7491558,-0.11178832,-0.26919922,-0.29351497,-2.1816373,0.5758605,0.45605716,-1.0005397,0.25968778,1.3784004,0
0.8349333,-0.0936199,-0.20324646,-0.29756907,-2.100397,0.65137047,0.3962828,-1.0933578,0.3178939,1.3692275,0
0.7899611,-0.07403558,-0.15407887,-0.2566592,-1.9958682,0.83571166,0.25846195,-1.0917457,0.43112057,1.4555717,0
0.7491841,0.031160226,-0.217015,-0.29171798,-1.9318538,0.7612162,0.26174596,-1.0791572,0.40279186,1.612053,0
0.6794954,0.08198531,-0.06868784,-0.4690277,-2.0092545,0.6376686,0.26896408,-0.87915725,0.4126453,1.547221,0
0.6993265,0.18622816,0.05585363,-0.40769187,-2.0806193,0.5610095,0.46455398,-0.94806087,0.40786278,1.5434506,0
0.6465142,0.19391684,0.094329,-0.40266472,-2.011459,0.5073927,0.5128886,-1.0358232,0.4330056,1.5957712,0
0.62340236,0.09972362,0.13647349,-0.34508893,-1.9691814,0.67429763,0.52252066,-0.9611066,0.5100989,1.635361,0
0.685142,0.101196736,0.028860401,-0.48238546,-1.9602346,0.59494066,0.6952235,-1.0349468,0.50074136,1.5116695,0
0.79523695,-0.09718469,-0.050433367,-0.38807827,-2.073424,0.5396876,0.67469275,-0.9993018,0.5400626,1.3671769,0
0.7317675,0.09788468,-0.023195548,-0.2558619,-1.9932084,0.49026784,0.8249574,-1.018425,0.4814754,1.4920211,0
0.72687,0.11270306,-0.019639755,-0.11227338,-2.0709634,0.55123985,0.8376344,-0.8256443,0.61739886,1.4452375,0
0.82441837,0.18695365,0.17252332,-0.16447057,-2.029105,0.59119886,0.8519954,-0.8715466,0.5323813,1.4116887,0
0.884452,-0.012887002,0.06595842,-0.25703913,-1.8962107,0.7815349,0.74640757,-0.9220222,0.667343,1.4450436,0
0.85924786,-0.065315075,0.019897766,-0.19209266,-1.9231912,0.89268625,0.6933395,-0.91480553,0.63644683,1.4148936,0
1.0328798,-0.1406198,-0.02558402,-0.38065422,-1.7231911,0.9861742,0.6547057,-1.0340248,0.6132832,1.3674716,0
1.062929,-0.14441332,0.083012946,-0.50087106,-1.6279979,0.905053,0.58182585,-1.2197176,0.57207245,1.4030557,0
1.0556847,-0.29175752,0.03603507,-0.54439753,-1.5952648,1.0283686,0.38708302,-1.3188213,0.6769574,1.246168,0
1.1129094,-0.22211485,0.10562603,-0.7140997,-1.5172404,0.97506326,0.33624303,-1.4366958,0.6159147,1.1754704,0
1.0568011,-0.11601332,0.09774532,-0.66421205,-1.5043126,1.1221883,0.2424118,-1.2687763,0.72864866,1.3027786,0
0.9138662,-0.1923728,0.2726641,-0.73541045,-1.6064817,1.0278476,0.106925175,-1.313869,0.676834,1.2960031,0
0.98040336,-0.2341342,0.31711528,-0.7010947,-1.6067873,0.9041972,-0.046240166,-1.2852764,0.6408337,1.2544502,0
1.0607495,-0.43232387,0.3654993,-0.8124271,-1.6984929,0.7413887,-0.17867984,-1.191376,0.686793,1.2396594,0
1.1226075,-0.40804747,0.34994027,-0.7013733,-1.6850604,0.83056295,-0.25646535,-1.2226474,0.6403112,1.2078755,0
1.0493659,-0.49133638,0.38056841,-0.7228043,-1.6207817,0.7868697,-0.21813965,-1.2020911,0.78732336,1.2773247,0
1.0385461,-0.39701414,0.4278823,-0.5715487,-1.7092677,0.9586683,-0.22523862,-1.087923,0.8304973,1.220399,0
0.90657276,-0.29693192,0.4211032,-0.5314089,-1.6179398,1.0534288,-0.3360575,-1.0013856,0.886783,1.4144614,0
1.041738,-0.1968385,0.42808247,-0.5898846,-1.5706273,0.9112243,-0.24028395,-0.956037,0.9643889,1.4648649,0
0.95670676,0.003108662,0.49503532,-0.7306425,-1.5129681,0.8501782,-0.11573264,-0.93769056,0.9404867,1.5864283,0
0.8325382,-0.1073464,0.47079656,-0.75266826,-1.4146724,0.7763636,0.08019746,-1.0408356,0.9606687,1.7001482,0
0.93028474,-0.046677135,0.5096837,-0.8829444,-1.2817307,0.74221283,-0.0008405835,-0.91542006,0.98734903,1.7568315,0
0.9754448,0.04554037,0.6301856,-0.902844,-1.2897491,0.7939803,0.007791847,-0.7610891,1.0409174,1.6963162,0
0.98255414,-0.06255096,0.7921536,-0.702844,-1.2029994,0.7575069,0.0336748,-0.5610891,1.108149,1.6862527,0
1.0169142,-0.14536873,0.88949895,-0.7560254,-1.1948519,0.6749159,-0.05045614,-0.6560347,1.0903276,1.7541512,0
1.0370389,-0.10768647,0.8790376,-0.5560254,-1.209933,0.5204163,-0.060081452,-0.7602318,1.1567372,1.6013358,0
1.0245034,-0.008168802,0.87163556,-0.5350703,-1.2126169,0.35766596,0.005512424,-0.83487916,1.1060139,1.5426568,0
0.9465038,0.10498549,1.0690612,-0.5809922,-1.1536417,0.3731474,0.02901498,-0.795777,1.1685506,1.5162419,0
0.93226975,0.100235745,1.1824813,-0.69066685,-1.0766429,0.56224763,0.08460999,-0.9501126,1.1977851,1.5574656,0
0.9390851,0.107147045,1.2253417,-0.73068124,-1.0916412,0.67563677,0.10983004,-0.716141,1.2319852,1.5428574,0
0.82340336,0.1460355,1.3926758,-0.7985458,-1.0918943,0.7356856,0.09731993,-0.6040351,1.231598,1.448734,0
0.7257349,0.1987329,1.414572,-0.84013045,-1.0566335,0.6143951,0.0019476451,-0.401485,1.2682846,1.5694858,0
0.61021817,0.2518106,1.3880615,-0.74669516,-1.0749624,0.6150085,-0.1741787,-0.601485,1.2760391,1.5719641,0
0.605924,0.27608848,1.4511418,-0.8244641,-1.1465316,0.58452183,-0.15481135,-0.5418078,1.1026273,1.5999016,0
0.60303175,0.22540212,1.4233294,-0.78542167,-1.1768605,0.7345802,-0.18109478,-0.4607554,1.0503145,1.6339929,0
0.559543,0.35342392,1.4677657,-0.7546524,-1.0842118,0.7429687,-0.24503072,-0.38083577,1.0991222,1.6424077,0
0.3764399,0.35762298,1.4459046,-0.8874916,-1.0766435,0.80143994,-0.19583422,-0.28213674,1.1650252,1.6048095,0
0.24514152,0.3141526,1.3525672,-0.6874916,-1.0720448,0.8290159,-0.1807424,-0.34578,1.21461,1.5865742,0
0.14282666,0.37045458,1.4717101,-0.68483794,-1.2594055,0.7686534,-0.20856883,-0.4523762,1.1327862,1.58087,0
0.22725338,0.2897701,1.4850029,-0.77538234,-1.1969366,0.792073,-0.18665233,-0.5991862,0.8808474,1.6817088,0
0.22299622,0.3822056,1.3748293,-0.84999067,-1.2359413,0.7472126,-0.16656925,-0.6873135,0.85525304,1.6953089,0
0.026400166,0.42588922,1.3203583,-0.8708363,-1.3605614,0.69823676,-0.20524648,-0.5901905,0.74432856,1.7415745,0
0.062099986,0.26897267,1.2081816,-0.7777368,-1.3967311,0.5912974,-0.15037364,-0.6834613,0.6795055,1.7299852,0
0.20105866,0.35491917,1.0666902,-0.9575237,-1.3534651,0.59777784,-0.24077809,-0.7167449,0.7331488,1.6833284,0
0.2680972,0.26212874,1.0782748,-1.0853057,-1.2697686,0.66341066,-0.29835594,-0.6400339,0.8047951,1.8221052,0
0.34066075,0.3671691,1.1107677,-1.115195,-1.2415518,0.60994107,-0.34787267,-0.42515093,0.6874641,1.8930974,0
0.29067767,0.3630367,0.9630194,-1.2179948,-1.1890211,0.69336456,-0.42121524,-0.48839244,0.62447983,1.9163357,0
0.33725438,0.37675467,0.8663309,-1.18108,-1.2818339,0.48651925,-0.3046267,-0.6372707,0.59828293,1.9652433,0
0.3622301,0.4675816,0.7870361,-1.0447483,-1.3328868,0.44382292,-0.33209583,-0.8348891,0.41488543,1.9965494,0
0.30071545,0.4057897,0.7661232,-0.9469432,-1.4329423,0.48646486,-0.28754586,-0.82509375,0.34818554,2.021532,0
0.34931424,0.29385,0.76782775,-0.7970396,-1.4412174,0.28453073,-0.27082762,-0.7626922,0.43224087,2.1370203,0
0.19822384,0.49385,0.8770564,-0.6723785,-1.2990716,0.18710387,-0.25053906,-0.77091557,0.35059243,2.1818514,0
0.11570361,0.4807142,0.8979346,-0.6791011,-1.1582862,0.011137143,-0.1676324,-0.606541,0.34173608,2.216793,0
-0.020676628,0.45976484,0.83130646,-0.6263189,-1.1220416,0.101162665,-0.29308337,-0.6790321,0.37406102,2.097249,0
-0.11721699,0.5693859,0.94550586,-0.65058875,-1.0477248,0.16618392,-0.27381048,-0.87230885,0.4417332,1.9670851,0
-0.14806397,0.71278244,0.94037056,-0.5131868,-0.98630536,0.17357309,-0.20191613,-0.8287491,0.3821422,1.9022659,0
-0.16273303,0.83520436,1.1043196,-0.5181678,-0.9700868,0.07719326,-0.21458282,-0.89980024,0.32306063,2.026732,0
-0.20472312,0.75932604,0.99070543,-0.495167,-0.8979734,0.012261011,-0.014582813,-0.96913064,0.35749015,2.226732,0
-0.0047231168,0.688827,0.9592275,-0.5118981,-0.8733431,0.10327324,-0.022827145,-1.064302,0.52783704,2.0313826,0
-0.14734426,0.8266801,1.1053863,-0.539921,-0.96177125,0.14469218,0.16274026,-0.91158813,0.5947963,2.0738533,0
-0.19131723,0.7140263,1.0633866,-0.52216035,-1.0277109,0.19825608,0.19870168,-0.8109339,0.6091385,1.9189669,0
-0.2628517,0.81532574,1.1002275,-0.5198883,-1.0473356,0.39825606,0.25659335,-0.7182033,0.52380437,1.8935615,0
-0.33187902,0.8202954,0.98363113,-0.3198883,-0.91031814,0.36175668,0.34894323,-0.8613088,0.33049333,1.8584824,0
-0.46915984,0.8685117,0.8645301,-0.31561628,-0.95559484,0.5617567,0.43326864,-0.8605187,0.4562212,1.9602749,0
-0.4658419,0.95287764,0.8031852,-0.29924175,-1.0282182,0.43366724,0.44785622,-1.034199,0.4753536,1.8410989,0
-0.48577595,1.057219,0.89391243,-0.46304148,-0.82821816,0.42789656,0.63046587,-1.0430278,0.65461457,1.8581728,0
-0.37406352,0.85721904,0.8993846,-0.4287782,-0.76390153,0.5230669,0.62060225,-1.0212982,0.69552547,1.8167865,0
-0.3511894,0.86972946,0.7801929,-0.46135005,-0.78321344,0.6131313,0.58441544,-0.87171906,0.7267345,2.0041032,0
-0.43353635,0.74810416,0.89471394,-0.56444883,-0.7438256,0.56315804,0.6046793,-0.8125698,0.91377026,1.8935813,0
-0.44918594,0.7663604,0.83632535,-0.51238155,-0.7322731,0.5270413,0.5782038,-0.6125698,0.91492695,2.0594645,0
-0.47668555,0.7223753,0.77550507,-0.63146424,-0.7265135,0.5296029,0.5556482,-0.78019327,0.9099743,1.9886744,0
-0.6106994,0.7042156,0.7063245,-0.69418657,-0.6826485,0.5311445,0.6120802,-0.752519,1.0180209,2.1035495,0
-0.5264507,0.5639044,0.70575434,-0.5911015,-0.6472975,0.50154036,0.62712693,-0.8203399,0.91648364,2.1816804,0
-0.440885,0.5916536,0.7337852,-0.50124145,-0.75547415,0.49018022,0.65569,-0.63361293,0.90102303,2.2828991,0
-0.3555316,0.6988462,0.84613603,-0.5175442,-0.61953413,0.4673554,0.60973454,-0.5642778,0.87410057,2.3119106,0
-0.46247035,0.64192307,0.86085033,-0.48224393,-0.47902876,0.5613702,0.5775938,-0.47258964,0.9236443,2.3108582,0
-0.43863273,0.63033694,0.91400295,-0.601678,-0.44713444,0.69410235,0.49049595,-0.45549625,0.9474461,2.2771552,0
-0.4975914,0.6241723,0.8913883,-0.7641352,-0.43572822,0.63651186,0.45021123,-0.4940118,1.0630952,2.193723,0
-0.5666077,0.6527132,0.8692505,-0.5530326,-0.43014243,0.6769808,0.3637721,-0.29333606,0.98826164,2.3136806,0
-0.66491216,0.7168781,0.8814359,-0.42581683,-0.4257412,0.68461186,0.26556724,-0.22787033,1.0500398,2.2827055,0
-0.84909296,0.7928143,0.98218966,-0.39618582,-0.43833518,0.5677253,0.23784705,-0.1462696,1.0895448,2.1792893,0
-0.8198774,0.70587426,0.97350895,-0.44702375,-0.38280568,0.5594392,0.27937976,-0.13338551,1.2205522,2.1533434,0
-0.6116548,0.65083086,1.097069,-0.6103394,-0.3768285,0.49691114,0.32587156,-0.28387547,1.1640626,2.1669066,0
-0.5808003,0.7621729,1.180598,-0.8103394,-0.40861815,0.69691116,0.30450672,-0.35725224,1.0213953,1.9669065,0
-0.54919666,0.6082504,1.0701451,-0.7579402,-0.2659098,0.5899703,0.3690527,-0.24794607,1.0234396,1.9728495,0
-0.5781573,0.57434285,1.1296248,-0.7494022,-0.25280082,0.7899703,0.33387738,-0.24497394,0.9007133,1.7728494,0
-0.5714277,0.6542727,1.1260676,-0.8289275,-0.4528008,0.89495665,0.32462102,-0.17624703,1.1007134,1.7906199,0
-0.65983737,0.6846294,1.0579044,-0.8448999,-0.45356327,0.897301,0.3258992,-0.034987807,1.2977549,1.8006368,0
-0.59596604,0.6171594,1.05104,-0.7766626,-0.35173354,0.69730103,0.24384834,0.0037261434,1.2553318,1.9025347,0
-0.68447,0.45594418,0.96836746,-0.9766626,-0.5291144,0.58393145,0.40263492,0.0015055165,1.235666,1.8867159,0
-0.83417124,0.38233224,0.9198996,-0.8027596,-0.47620526,0.6291233,0.3083704,-0.19597045,1.23941,2.0004926,0
-0.82898015,0.22585341,1.0057752,-0.8671959,-0.40414214,0.60130787,0.23573564,-0.27905452,1.3918277,1.9755102,0
-0.8857114,0.31328005,1.0504974,-0.81066597,-0.40420723,0.72605854,0.28654468,-0.1784902,1.3365313,1.9405718,0
-0.9871821,0.24516593,0.8845382,-0.95460886,-0.35524496,0.5836194,0.22103572,-0.1430445,1.3148588,1.938303,0
-1.0994953,0.1398292,1.0341979,-0.77349186,-0.37802973,0.45472944,0.2978701,-0.12826695,1.2746989,2.0059862,0
-1.2257813,0.011850006,1.0364949,-0.76690924,-0.41454625,0.332754,0.30585623,-0.0004392913,1.1161892,2.0525224,0
-1.282301,0.009560159,1.0864834,-0.74400616,-0.41589317,0.49041736,0.105856225,-0.031133752,1.1046464,1.9499595,0
-1.2249212,0.20956016,1.0617537,-0.8033282,-0.33458376,0.345754,0.12517962,0.033354204,1.1150657,1.9403824,0
-1.2547991,0.18181263,0.9932562,-0.7786941,-0.28241047,0.47892523,-0.074820384,-0.09816201,1.0643972,2.0417848,0
-1.306521,0.21624619,0.972344,-0.9677472,-0.36289716,0.36229205,-0.06516325,-0.061685983,0.98752016,2.0292993,0
-1.2318361,0.17180893,1.078903,-0.8048142,-0.24586353,0.31184325,-0.034948677,-0.15728933,1.1406208,2.0387821,0
-1.2463151,0.18589605,0.95566857,-0.79071593,-0.312957,0.22954367,-0.020576697,-0.09443659,1.1090862,2.1174421,0
-1.1051676,0.19375499,1.0376067,-0.94874525,-0.10817168,0.1660329,-0.01785835,-0.15063545,1.0836142,2.1278677,0
-1.1798383,0.23841368,0.8884507,-1.1203381,-0.20927486,0.18043314,-0.041203134,-0.12887582,1.2067406,1.9889084,0
-1.0739583,0.31334597,0.92114407,-1.3034004,-0.16886735,-0.019566864,0.008004654,-0.08882786,1.2881999,1.8221604,0
-1.2014962,0.35129791,0.94084555,-1.2039118,-0.14885159,-0.20437025,-0.014832829,0.10880109,1.3382776,1.7976187,0
-1.2045991,0.20421275,0.7189522,-1.2916837,-0.19684756,-0.34932864,-0.015849007,-0.08563726,1.3137592,1.8513701,0
-1.1602167,0.18090113,0.74377286,-1.3746054,-0.06360553,-0.15209517,-0.037367817,-0.13746615,1.3322316,1.8319719,0
-1.1070979,0.2984517,0.616511,-1.2622814,-0.114652395,-0.039767593,-0.03753098,-0.16692498,1.416466,1.8913943,0
-1.0898317,0.32200384,0.6237543,-1.1916628,-0.24646406,0.056678604,-0.040260803,-0.26199415,1.4599375,1.906257,0
-1.1442566,0.30115247,0.5365907,-1.0675353,-0.21486594,-0.13686347,-0.15009189,-0.2621695,1.4650844,1.9671787,0
-1.0858675,0.3412507,0.61943513,-0.9984537,-0.20975283,-0.06276196,-0.16823725,-0.26597846,1.4960283,1.984627,0
-0.9216112,0.43187797,0.56169826,-0.8777069,-0.1079693,-0.07013234,-0.16998315,-0.12560388,1.5965964,2.0658827,0
-0.97782165,0.41353026,0.42530802,-1.0373806,-0.08082218,-0.14357339,-0.09034861,0.072107166,1.6382208,1.9726979,0
-0.9097464,0.26507074,0.43315852,-1.1811144,-0.046918076,-0.2127741,-0.1866266,0.01361857,1.6590419,1.9195138,0
-0.93634045,0.3384779,0.42331007,-1.1896578,-0.017558211,-0.31377742,-0.22116248,-0.09544715,1.6031977,1.9202062,0
-0.9527025,0.30253953,0.4859118,-1.237192,0.04764832,-0.3687271,-0.07629001,-0.11494397,1.5391389,1.9255807,0
-0.94317806,0.2243468,0.43834656,-1.2690171,0.059716325,-0.45784134,-0.10133028,-0.30712444,1.5508721,1.8800392,0
-1.0235552,0.04420358,0.38724,-1.235878,0.0863568,-0.33353147,-0.07333903,-0.28427118,1.5862255,1.8151015,0
-1.0319736,0.12245126,0.33455008,-1.3115897,-0.092636354,-0.22172922,-0.16934273,-0.08427118,1.5878237,1.8022817,0
-1.0186974,0.16355024,0.3781136,-1.3196744,-0.18299936,-0.23148724,-0.10081903,-0.07373008,1.6097693,1.7616389,0
-1.1677198,0.22755745,0.5327085,-1.3874425,-0.15549853,-0.1627447,0.015746549,-0.21094511,1.5388341,1.6455492,0
-1.2463675,0.08031834,0.52319616,-1.2780402,-0.24225256,-0.23726727,0.03741924,-0.25424793,1.5539268,1.7138501,0
-1.2557482,0.110481374,0.42647734,-1.2469926,-0.20452222,-0.2617219,-0.16258076,-0.32596442,1.5449585,1.7347721,0
-1.2243011,0.1155881,0.4009733,-1.3237681,-0.18264295,-0.23403595,-0.092230625,-0.48457846,1.6076549,1.630514,0
-1.2652174,0.06825197,0.43439454,-1.2923177,-0.22702062,-0.23337318,-0.24909881,-0.5923543,1.4915181,1.607939,0
-1.3204179,0.11301784,0.3748163,-1.3196617,-0.3174036,-0.2455276,-0.43085876,-0.55095464,1.4934527,1.5751537,0
-1.2747546,0.11826757,0.47151697,-1.348801,-0.25600123,-0.32790944,-0.37362993,-0.63285226,1.5142381,1.5209669,0
-1.3170481,0.025244484,0.47640723,-1.3491172,-0.22256026,-0.41618034,-0.2651672,-0.49023908,1.4543818,1.6028262,0
-1.2884219,-0.06775449,0.6049082,-1.3863556,-0.2689693,-0.32290035,-0.18805733,-0.43633986,1.4592723,1.5350077,0
-1.2720447,-0.026764432,0.7557739,-1.256042,-0.39675027,-0.49098074,-0.23870167,-0.43054262,1.4283516,1.5972923,0
-1.244855,0.008627582,0.87656164,-1.2239993,-0.4882568,-0.5681443,-0.22626813,-0.62372077,1.4876009,1.4033401,0
-1.3516893,-0.08534689,0.8406627,-1.1650609,-0.5144409,-0.493204,-0.16737314,-0.6503045,1.4744,1.4031769,0
-1.3567802,-0.08258751,0.875325,-1.1800417,-0.43622744,-0.4601375,-0.13059114,-0.8071802,1.399351,1.4017262,0
-1.3462698,-0.069841124,0.8039158,-1.1912743,-0.6130415,-0.5412234,-0.23422292,-0.6849986,1.3819523,1.4193821,0
-1.3813723,-0.18709745,0.91906935,-1.3398653,-0.5190595,-0.38120756,-0.149025,-0.52239066,1.4955996,1.2125247,0
-1.431318,-0.11208006,0.8712311,-1.1398653,-0.6760759,-0.3121659,-0.2703624,-0.6401402,1.4278346,1.229548,0
-1.5489688,-0.1056391,0.6923113,-1.2523164,-0.5507255,-0.21937507,-0.22785561,-0.5708691,1.3772073,1.3440064,0
-1.4321169,-0.16045237,0.82548666,-1.1973797,-0.7350842,-0.28401494,-0.11295225,-0.5042658,1.3816239,1.4181716,0
-1.4861284,-0.17294486,0.73142475,-1.1878657,-0.79871756,-0.47883505,-0.0024988935,-0.5066719,1.3106132,1.4049351,0
-1.3337398,-0.21728563,0.8547852,-1.1063659,-0.7326063,-0.39811072,-0.1478488,-0.47973546,1.2112368,1.489123,0
-1.2842876,-0.09188266,1.0057927,-0.98808724,-0.68506914,-0.40604323,-0.1613586,-0.6797355,1.1089101,1.5428169,0
-1.1882424,-0.11166455,1.1388899,-0.9730362,-0.76762074,-0.526168,-0.05512417,-0.53448975,1.1183413,1.530747,0
-1.2166069,-0.17788784,1.1516923,-1.0829511,-0.8160188,-0.44136876,-0.05043803,-0.39748812,1.1128862,1.6520581,0
-1.0739672,-0.25223768,1.0637875,-1.1447194,-0.7487279,-0.5030774,0.07706015,-0.3517376,1.1877042,1.7282838,0
-1.1441633,-0.23141818,0.97299165,-1.1009266,-0.90433204,-0.5025334,0.04096196,-0.299575,1.1514277,1.729456,0
-1.1761445,-0.11396883,0.88293654,-0.9794283,-0.95855826,-0.37212113,-0.1496462,-0.27032286,1.2087349,1.803059,0
-1.0738132,-0.094208665,0.93121535,-0.8922181,-0.9872346,-0.17008728,-0.20593491,-0.2853052,1.2909272,1.8387419,0
-1.0800701,-0.16363987,0.8685827,-0.7317976,-1.0657722,-0.2823119,-0.37499365,-0.20169681,1.2947121,1.8178548,0
-1.2026184,-0.10905233,1.0396891,-0.6976319,-0.92826194,-0.16667338,-0.4454182,-0.15231566,1.1973352,1.6178547,0
-1.3208053,-0.14060444,1.0488327,-0.76682293,-0.8961034,-0.04480853,-0.47065714,-0.08082419,1.2105812,1.6315733,0
-1.2392654,-0.14888673,1.0959598,-0.66259,-0.97476625,-0.094938114,-0.54670876,-0.27886462,1.2769926,1.68385,0
-1.1070998,-0.24685149,1.1404599,-0.7590894,-1.0285825,0.086803965,-0.5937397,-0.2005701,1.2766849,1.6578103,0
-0.9921255,-0.34736156,1.1500525,-0.7968517,-0.9769366,0.14491312,-0.74203885,-0.38361308,1.2221057,1.664544,0
-1.0366265,-0.2989705,1.0654157,-0.7945635,-1.0027542,0.19651662,-0.7919291,-0.45142108,1.2541487,1.6191429,0
-0.9741216,-0.3935902,1.0525032,-0.99456346,-0.9833426,0.18076047,-0.67510206,-0.4983768,1.166717,1.557059,0
-0.89481413,-0.44420448,1.0412767,-0.9701769,-0.9412791,0.37160167,-0.7074169,-0.55402535,1.1758842,1.6620196,0
-1.0015268,-0.48727378,0.96408314,-0.7923679,-1.0616127,0.36152643,-0.80263674,-0.48479614,1.0548241,1.7183062,0
-1.0370991,-0.6200528,1.0594519,-0.76674026,-1.11647,0.46104687,-0.65640503,-0.46831843,0.95561486,1.6731722,0
-1.192561,-0.5884159,1.0679826,-0.79466707,-1.0712327,0.54172844,-0.5605479,-0.52566814,0.82235175,1.6588157,0
-1.1570026,-0.6668083,0.98424476,-0.7784208,-1.0856348,0.529022,-0.5718593,-0.5702364,0.83961034,1.6811985,0
-1.0809084,-0.6802593,0.80989504,-0.75055903,-1.1336151,0.43173277,-0.67640525,-0.3702364,0.7667282,1.7245512,0
-0.99909997,-0.51987183,0.932054,-0.7623566,-1.2231009,0.51033556,-0.73475945,-0.3836949,0.7252152,1.8199372,0
-1.0893875,-0.65442646,0.9902029,-0.5639742,-1.1512662,0.4490752,-0.7636857,-0.354189,0.7817485,1.7598213,0
-1.0195802,-0.58792377,1.0733912,-0.4840002,-1.1600034,0.3890459,-0.8645667,-0.28848544,0.7572817,1.5598212,0
-0.9613563,-0.7312837,1.0947323,-0.5285178,-1.1395445,0.33400673,-0.80322266,-0.33828014,0.6643242,1.651681,0
-0.9546632,-0.67291266,1.1022611,-0.6361763,-0.97076887,0.40271986,-0.86962557,-0.2565055,0.7498588,1.6444734,0
-1.0551323,-0.62668055,0.9805154,-0.6397276,-1.1299284,0.30037862,-0.97979873,-0.18771058,0.72129345,1.4857224,0
-1.1287982,-0.5642654,0.98353606,-0.59115946,-1.2832257,0.35446352,-0.91978216,-0.13758363,0.8229561,1.2893922,0
-1.1468722,-0.46812007,0.9679105,-0.6045687,-1.2845063,0.36553946,-0.8741247,-0.03292954,0.94129026,1.3059832,0
-1.1109208,-0.5249831,0.9666718,-0.50614035,-1.4023772,0.38305902,-0.90071493,0.10438599,1.0648111,1.493257,0
-1.1245685,-0.51826537,1.073502,-0.36260158,-1.3718634,0.46298337,-0.87921226,0.1943987,1.009279,1.5023472,0
-1.2803993,-0.32208443,0.99768025,-0.4384378,-1.4426265,0.46601382,-0.7506895,0.2710406,0.9361387,1.5025156,0
-1.2083759,-0.37576595,1.0463256,-0.29737788,-1.5806509,0.39422986,-0.77293044,0.30103645,0.9879373,1.3774822,0
-1.0083759,-0.2638862,1.1647352,-0.28853074,-1.491444,0.47665742,-0.65853804,0.34218663,1.0327933,1.28683,0
-1.0582042,-0.4638862,1.2693937,-0.4641509,-1.4222922,0.3970454,-0.5021944,0.35660878,1.0427707,1.1882434,0
-1.0956478,-0.49801317,1.1991725,-0.6381705,-1.4980993,0.40451765,-0.51354903,0.3161625,1.0189945,1.2372535,0
-1.2956479,-0.6012355,1.0135286,-0.56351715,-1.4710081,0.34377113,-0.51623905,0.19189854,1.0452784,1.3589841,0
-1.2079126,-0.6821994,0.89084333,-0.54141706,-1.4739914,0.24142742,-0.470574,0.18398799,1.0496057,1.4132596,0
-1.2317907,-0.6763747,0.9375379,-0.43464655,-1.5663422,0.21921568,-0.3298175,0.33775115,0.9803688,1.4038085,0
-1.3008204,-0.67897534,0.99561393,-0.3221327,-1.545784,0.2427572,-0.38823232,0.21076845,0.86777616,1.5346924,0
-1.2579242,-0.5908675,0.8717608,-0.25781634,-1.7155174,0.119100995,-0.39214897,0.17545792,0.802478,1.5664719,0
-1.2249856,-0.5625517,0.8001407,-0.4096903,-1.6980357,0.0071656974,-0.2503315,0.2756778,0.82220244,1.6360981,0
-1.3382894,-0.6084348,0.84320986,-0.26685202,-1.5457397,-0.0027026571,-0.35862243,0.26544657,0.79466176,1.474832,0
-1.2657248,-0.5860844,0.84983945,-0.42825553,-1.6809787,0.19071227,-0.5352647,0.06497935,0.8223152,1.5230957,0
-1.1725636,-0.6473962,0.8669002,-0.5698676,-1.6451104,0.2463495,-0.5901526,0.019469976,0.70693696,1.5363601,0
-1.211575,-0.5985369,0.9366451,-0.6397697,-1.6383141,0.32729924,-0.472479,0.12875386,0.7011951,1.4908849,0
-1.1961685,-0.5300806,0.9942582,-0.5295678,-1.5950621,0.4342817,-0.45685145,0.24235429,0.7550851,1.5648569,0
-1.278993,-0.5008025,0.9101757,-0.3961871,-1.5081463,0.44891796,-0.42369372,0.18124837,0.79514194,1.544049,0
-1.434644,-0.53725934,1.0079769,-0.29687,-1.4735085,0.33041072,-0.40754315,0.15975583,0.97784764,1.4562972,0
-1.3858112,-0.63034797,0.86285233,-0.27335593,-1.571302,0.23520264,-0.41109917,0.23338357,0.94105554,1.4191576,0
-1.4413851,-0.5026571,0.70396113,-0.22818872,-1.5859364,0.32545802,-0.4646777,0.17247406,0.94181454,1.4844493,0
-1.5250826,-0.44333518,0.69529057,-0.29370433,-1.5342453,0.19440645,-0.46968365,0.14098081,0.8888309,1.5766054,0
-1.5423341,-0.5251857,0.60584855,-0.29258722,-1.4474554,0.042644143,-0.42082754,0.23461083,0.8783977,1.5951122,0
-1.5377415,-0.40364966,0.61864835,-0.3075979,-1.5340548,-0.035026878,-0.4854104,0.29755223,0.6861121,1.5409769,0
-1.5364456,-0.50208205,0.588966,-0.16221759,-1.5109376,0.105515435,-0.4100687,0.118651345,0.71708965,1.5730752,0
-1.5397894,-0.5506953,0.6994045,0.037782416,-1.5329677,0.03154081,-0.37802657,0.28886664,0.57193685,1.5635989,0
-1.577304,-0.6572014,0.73271763,0.0019285716,-1.6197318,0.21654865,-0.36499858,0.40384862,0.5135335,1.511897,0
-1.6703248,-0.5884291,0.8422592,-0.057479914,-1.5136075,0.13356856,-0.36484993,0.27748713,0.5825043,1.5141956,0
-1.7215216,-0.48386368,0.76097333,-0.07754553,-1.4923447,0.11278734,-0.4831749,0.12395698,0.5811258,1.3873609,0
-1.6739296,-0.43485785,0.6783553,0.12245447,-1.6923448,-0.067239396,-0.5206476,0.12239654,0.5625645,1.4117815,0
-1.7396591,-0.51995033,0.8443873,0.17142199,-1.5923218,-0.1412444,-0.59621024,0.0298765,0.4355345,1.3635888,0
-1.6763742,-0.5726422,0.8001011,0.16439311,-1.5928204,-0.25821623,-0.6765843,-0.16475612,0.4220106,1.3884906,0
-1.6868827,-0.36614543,0.7223376,0.17199676,-1.61868,-0.26988953,-0.63687056,-0.32011992,0.45399547,1.4359146,0
-1.6846308,-0.32455072,0.76288605,0.30331776,-1.5966157,-0.15786693,-0.79451436,-0.117623486,0.4995264,1.3834631,0
-1.7517794,-0.3433213,0.76515704,0.2405147,-1.5476011,-0.1295939,-0.85484153,-0.085574925,0.47548693,1.3394245,0
-1.6563694,-0.33762857,0.7365226,0.13633604,-1.6476994,0.014594716,-0.8318132,-0.24199389,0.5099952,1.3622402,0
-1.5331979,-0.34392098,0.9365226,0.29799193,-1.6369984,0.09378713,-0.88475454,-0.2815459,0.39706215,1.2335923,0
-1.6279918,-0.35986134,0.9512752,0.33086973,-1.661049,0.2856882,-0.7855153,-0.35412472,0.30259055,1.237352,0
-1.6461385,-0.23516513,1.0753047,0.5058788,-1.5323247,0.37204298,-0.67043877,-0.36141172,0.28792363,1.037352,0
-1.6640867,-0.19063175,1.0699682,0.5751878,-1.6181647,0.42063364,-0.73524106,-0.40225968,0.3193203,0.9162087,0
-1.5854852,-0.13838808,0.9663925,0.6673576,-1.7216859,0.4110825,-0.5180765,-0.5159889,0.5026663,1.0804131,0
-1.5459878,-0.09831517,1.089198,0.7072168,-1.6800238,0.2061074,-0.4092764,-0.49934745,0.4919653,1.1789412,0
-1.5700861,-0.13467568,1.08468,0.6108169,-1.6045192,0.045221716,-0.3594048,-0.46900123,0.5334958,1.0041252,0
-1.5564277,-0.18709129,1.2165871,0.6362466,-1.4436129,0.043346163,-0.49177247,-0.39543593,0.4840301,1.0489619,0
-1.5620493,-0.21336496,1.4165871,0.5066255,-1.4434513,-0.0403507,-0.6208839,-0.29508337,0.37805223,0.97498757,0
-1.5095035,-0.10386885,1.3525716,0.5648528,-1.5658927,-0.24035071,-0.58654815,-0.2448752,0.31615546,0.9617865,0
-1.4694155,-0.011127107,1.3570929,0.5994358,-1.7002664,-0.040350705,-0.5334096,-0.14410004,0.19183505,1.044855,0
-1.4676927,0.045048203,1.3989832,0.50900286,-1.7284353,-0.055692635,-0.7061912,-0.1381839,0.26197812,1.0249813,0
-1.6508554,-0.020759756,1.2479603,0.5698235,-1.6910847,-0.09077328,-0.73235154,-0.14386098,0.111931235,0.97702146,0
-1.6922252,0.03579189,1.2870004,0.51996094,-1.7143875,-0.07131497,-0.59332615,-0.0974388,0.062342014,0.94801694,0
-1.6968737,-0.1365195,1.131053,0.47070006,-1.795589,-0.16713986,-0.5778709,-0.07090382,0.054952122,1.0035361,0
-1.6783361,0.0634805,1.1277931,0.5766407,-1.7079301,-0.09102837,-0.60603976,0.09891021,0.2129268,1.0406823,0
-1.7441101,0.060076438,1.0159907,0.49376768,-1.8068384,0.10547761,-0.66662824,0.09494902,0.3689568,0.9017193,0
-1.821654,0.11850337,1.1133921,0.4708904,-1.7386879,0.18258968,-0.5678954,0.15701178,0.3791609,0.8117016,0
-1.7532374,0.07978759,1.2656811,0.41713914,-1.7272083,0.069169864,-0.6055406,0.10094723,0.48895398,0.73475176,0
-1.5485089,0.1117396,1.3940481,0.5326445,-1.8580401,-0.13043186,-0.46150073,-0.015252419,0.41218007,0.71422803,0
-1.4605714,0.11050132,1.4224252,0.47402874,-1.8744063,0.060239445,-0.6424636,0.073024295,0.44894457,0.68545896,0
-1.5903112,-0.0050578043,1.340227,0.34133202,-1.7159606,-0.13976055,-0.4826699,0.050766625,0.2677536,0.6937036,0
-1.4211402,-0.18883756,1.2811145,0.39196467,-1.773132,0.029942334,-0.5295566,-0.06660326,0.40490472,0.588538,0
-1.2625237,-0.18521196,1.2369981,0.40578997,-1.5731319,-0.11495653,-0.45562032,-0.22933522,0.5610423,0.5708643,0
-1.3678201,-0.25437558,1.1920768,0.40057525,-1.6884253,-0.1936169,-0.5138659,-0.114016406,0.45955756,0.7124244,0
-1.2404168,-0.43042648,1.2157502,0.3737378,-1.8884254,-0.11671288,-0.390421,-0.09742689,0.60549605,0.6515573,0
-1.3814312,-0.4085251,1.3090079,0.38349092,-1.8974515,-0.14998111,-0.190421,0.10257311,0.5481639,0.8177703,0
-1.3436913,-0.36927754,1.2662563,0.38915202,-1.6974515,-0.14056315,-0.20470823,-0.030060902,0.38675374,0.83579993,0
-1.2171166,-0.35327467,1.3258806,0.34101275,-1.7670375,-0.15738341,-0.16951847,-0.051924802,0.42413127,0.86897403,0
-1.140411,-0.28798097,1.3263283,0.341919,-1.8548832,0.01828283,0.0020956248,0.018118545,0.5249761,0.78770036,0
-1.1920267,-0.31579775,1.3397185,0.17858304,-2.0548832,0.08386065,0.08548447,0.018781213,0.5668614,0.7179823,0
-1.2470847,-0.4813658,1.2752223,0.26899302,-1.9594905,0.09256833,0.12496245,0.075035244,0.58229333,0.7538851,0
-1.3405234,-0.63320005,1.2843971,0.14040829,-1.880375,0.112082414,0.106809475,-0.019635431,0.45734343,0.77301884,0
-1.326237,-0.59380734,1.217534,0.13078155,-2.0408213,0.3061489,-0.028171703,0.033660628,0.52346236,0.9243253,0
-1.2795467,-0.72253716,1.2076155,-0.006717494,-2.0436342,0.38871777,0.10952902,0.21261154,0.4632297,0.88486934,0
-1.4181381,-0.6512005,1.153226,-0.10396098,-2.0197642,0.45397875,0.05384233,0.40535164,0.31022128,0.82164115,0
-1.5523391,-0.5452228,1.0834639,0.08499888,-1.9770846,0.5090375,0.03308827,0.53959966,0.31963816,0.74124384,0
-1.4846236,-0.5426264,1.1586109,0.032852996,-1.9700915,0.49474698,-0.0995433,0.5444358,0.29514202,0.74897534,0
-1.4156696,-0.48166794,0.95861095,0.1897687,-2.0693233,0.5790764,-0.121432886,0.54321265,0.49514204,0.79063666,0
-1.5359592,-0.63761306,0.92808235,0.12920651,-2.0162601,0.48369452,-0.11717112,0.48245257,0.45600358,0.5906367,0
-1.3558904,-0.49910718,0.9278207,0.13126661,-2.0169442,0.45302433,-0.05979947,0.590393,0.3778427,0.6735866,0
-1.2250698,-0.35344207,1.0531213,0.16762972,-1.9058498,0.42949563,-0.066271394,0.5873211,0.28964707,0.7677768,0
-1.3101604,-0.29992646,0.85312134,0.20989358,-2.0585947,0.5431139,-0.040949345,0.58332676,0.30603227,0.8659867,0
-1.4773201,-0.12961066,0.7816359,0.2830964,-2.0587597,0.7269539,0.078638464,0.7515683,0.30984107,0.82196945,0
-1.5922592,-0.16777976,0.6188572,0.13499187,-2.0337636,0.7562757,0.062166754,0.75369173,0.4198659,0.7609223,0
-1.461863,-0.20707867,0.5565646,0.03310983,-2.0269785,0.8100069,0.15550473,0.89160866,0.4899987,0.71713966,0
-1.4636922,-0.1327101,0.40612864,0.071094856,-2.062771,0.8860625,0.016463209,0.91238266,0.5185449,0.7268185,0
-1.4168271,-0.18690026,0.32756615,0.26122606,-2.0801914,0.8086764,-0.055542883,0.96588,0.4552248,0.81100976,0
-1.431898,-0.21804212,0.4545702,0.2673192,-2.1101243,0.66188157,0.05910591,1.0382376,0.379721,0.7125321,0
-1.5600413,-0.36339927,0.5527993,0.26360112,-1.9712673,0.45713785,-0.049842745,1.0333846,0.28968096,0.8999931,0
-1.4868151,-0.33528242,0.6442332,0.14486213,-1.958359,0.51201135,-0.10060017,1.0801529,0.22427236,0.95732504,0
-1.40396,-0.4843347,0.70729125,-0.053776518,-2.0520563,0.47179526,-0.06793843,0.9473632,0.21203138,0.95423704,0
-1.4447315,-0.58121425,0.55297303,0.14622349,-2.0831072,0.27179527,-0.13526577,0.88422835,0.41203138,0.90105456,0
-1.4544635,-0.4547069,0.3759691,0.25793287,-2.2277522,0.36668772,-0.08885768,0.7279684,0.37325698,0.7193565,0
-1.3998747,-0.38978693,0.48123306,0.27346057,-2.0407674,0.24258173,-0.14340062,0.78731,0.29329446,0.73914057,0
-1.4258602,-0.26764682,0.33370072,0.25001472,-1.9292555,0.27617514,-0.33060777,0.73354053,0.3951818,0.8640776,0
-1.3987191,-0.24569353,0.30253544,0.1555953,-1.7354873,0.23014507,-0.32920715,0.5809354,0.4156897,0.8460161,0
-1.5629232,-0.19621818,0.43875718,0.34771335,-1.9354874,0.078053266,-0.26084056,0.69044393,0.39943594,0.6460161,0
-1.5715004,-0.093306325,0.365503,0.46992654,-2.0012076,-0.10289374,-0.29511616,0.76169497,0.38965484,0.73536,0
-1.6242983,0.0053947493,0.4662069,0.41312742,-2.0401878,0.032652587,-0.29916707,0.5977668,0.31130087,0.7298618,0
-1.6649423,0.08776864,0.49697566,0.39718285,-2.2035453,0.08571046,-0.18625678,0.53109324,0.28966495,0.7429066,0
-1.5417027,0.19213457,0.6858293,0.49551335,-2.1310272,0.17231399,-0.20148283,0.7197796,0.31473115,0.8010239,0
-1.5711505,0.0930055,0.63701886,0.6148357,-2.0030022,0.36688685,-0.0748799,0.81142044,0.26350698,0.92679465,0
-1.6870084,0.17227454,0.70650434,0.4135386,-1.9013755,0.45395425,-0.14743617,0.80478054,0.24041419,0.9516569,0
-1.7460138,0.29063958,0.68819493,0.45175847,-1.6881583,0.48043135,-0.26271194,0.87748,0.23574863,1.1018212,0
-1.7036283,0.48753035,0.49169475,0.5594059,-1.5710421,0.5036729,-0.2439945,0.92500705,0.19596072,1.2766498,0
-1.672344,0.55231315,0.55351794,0.6133519,-1.5729897,0.3847774,-0.3108266,1.0939742,0.24279173,1.0766498,0
-1.653089,0.58970433,0.54694885,0.569795,-1.4751534,0.2912974,-0.27872723,1.2050673,0.041096084,1.226062,0
-1.5186751,0.59279525,0.49843585,0.47472474,-1.5389057,0.49129742,-0.44415253,1.1018213,-0.071540795,1.205977,0
-1.3845378,0.64632297,0.57426465,0.27101704,-1.6876785,0.56764,-0.45265812,1.2373794,-0.11938615,1.1581708,0
-1.483456,0.46933642,0.72487223,0.06648668,-1.6241014,0.5745993,-0.4219014,1.1948793,-0.11902726,1.2089031,0
-1.4680948,0.5604753,0.6221892,0.023048375,-1.5761836,0.65121555,-0.33089262,1.2972152,-0.08626964,1.1978222,0
-1.4448994,0.5331855,0.63602096,0.063151695,-1.5365003,0.64647245,-0.16606097,1.3194509,-0.055830017,1.2919226,0
-1.4228396,0.51041144,0.7765354,0.17916445,-1.4062705,0.61036134,-0.08366311,1.3329014,0.012593786,1.394983,0
-1.4167246,0.38021383,0.7531654,0.17690177,-1.221183,0.52658176,-0.24677226,1.3106377,-0.014625066,1.3079535,0
-1.3577453,0.23175938,0.70159566,-0.02309823,-1.3940897,0.52905405,-0.18436834,1.5106378,0.18537493,1.2453407,0
-1.3787372,0.24397776,0.8315543,-0.10248405,-1.4106623,0.54794323,-0.16035183,1.3609811,0.18269594,1.2844816,0
-1.3274982,0.2661382,0.73934895,-0.15760678,-1.403454,0.34794325,-0.0058199316,1.3643575,0.255413,1.228206,0
-1.3325093,0.20245269,0.8596103,-0.07361554,-1.2034539,0.4153514,0.021192435,1.3569479,0.23327939,1.2550708,0
-1.2467892,0.22189724,0.9123419,0.041478477,-1.2450882,0.38580388,-0.058600444,1.3779473,0.36113167,1.2034755,0
-1.1759343,0.3353766,1.1123419,0.18224013,-1.0450882,0.28601104,-0.06613218,1.5014075,0.3335828,1.4034755,0
-1.2826004,0.31509507,1.1025835,0.38224012,-1.0424676,0.3069676,0.022796564,1.523014,0.149593,1.5379004,0
-1.203751,0.30928287,1.0810692,0.51234496,-1.1023588,0.28777242,-0.09097008,1.6475328,0.094120756,1.4123073,0
-1.2788961,0.3175861,1.0630935,0.4864271,-1.0176946,0.21312109,-0.18533044,1.7604096,0.07318193,1.2949582,0
-1.3859173,0.2899905,1.0857866,0.59653085,-0.80688065,0.20092997,-0.16668603,1.7706896,0.053633537,1.266067,0
-1.3958702,0.26917103,1.0542476,0.44023103,-0.8825685,0.18851653,-0.11896132,1.7727305,0.030238675,1.3045108,0
-1.3530768,0.29183698,1.1683971,0.54264945,-0.8358154,0.14426367,-0.16259365,1.6667187,0.1377681,1.354083,0
-1.2618645,0.2671697,1.1367078,0.5122119,-0.7543206,0.07872382,-0.123431414,1.77164,0.041434705,1.4034659,0
-1.2912745,0.3957758,1.2900032,0.34824562,-0.73265624,0.17009811,-0.15675268,1.7989665,0.07544391,1.2034658,0
-1.2605004,0.4262965,1.2416995,0.31697315,-0.53265625,0.22306871,-0.08312604,1.8257866,0.11888297,1.3257294,0
-1.3230146,0.47296968,1.1966542,0.29762983,-0.3192391,0.022138271,-0.028220814,1.817963,-0.016763004,1.4480667,0
-1.506557,0.5869984,1.1835114,0.19676736,-0.38422626,0.1785936,-0.18273076,1.6004794,-0.028919782,1.4734366,0
-1.3833672,0.567095,1.1486441,0.24638064,-0.3091943,0.29581493,-0.22409545,1.6039193,0.011040017,1.4033738,0
-1.3668166,0.6363294,1.2978463,0.2570281,-0.32290697,0.33455464,-0.05485037,1.6052897,-0.17888325,1.4104072,0
-1.2825629,0.54047686,1.2491046,0.3545124,-0.15649214,0.25398558,0.01636327,1.4052896,-0.011194244,1.2302729,0
-1.3564837,0.56697273,1.1947773,0.15451239,-0.30958188,0.30712083,-0.012319909,1.304908,-0.050654944,1.2218697,0
-1.1564837,0.5448091,1.3108538,0.27300677,-0.3146413,0.39508858,-0.018458534,1.391934,-0.18804517,1.4175531,0
-1.1658672,0.4270302,1.2745055,0.40055668,-0.250182,0.5950886,-0.04217575,1.3406072,-0.21796237,1.6175531,0
-1.2506168,0.47207952,1.3893374,0.5067431,-0.18685606,0.72048694,-0.10235889,1.2461387,-0.27586165,1.6830319,0
-1.3017344,0.42370886,1.2141151,0.6250805,-0.24224249,0.6103334,-0.26724786,1.1145961,-0.21465644,1.6103581,0
-1.3942348,0.30711237,1.3074974,0.78981864,-0.35328132,0.72313774,-0.27760866,0.9239143,-0.27186552,1.5868748,0
-1.50409,0.25314626,1.1899623,0.747579,-0.29208943,0.76172155,-0.12483345,0.99485576,-0.3426968,1.5626961,0
-1.492427,0.3921675,1.2726331,0.6805091,-0.2767473,0.74927247,-0.31037918,0.91541517,-0.3556928,1.6413019,0
-1.4692287,0.39283252,1.1347995,0.7321066,-0.11329828,0.9303914,-0.17592083,0.8621288,-0.5258982,1.6875044,0
-1.4545506,0.35702673,1.1310567,0.9016326,-0.13177592,0.9962411,-0.27679044,0.83023745,-0.4510987,1.6386964,0
-1.4167006,0.37592253,1.2502174,0.9767017,-0.05053198,0.9224898,-0.34373188,0.7367206,-0.4252611,1.6246092,0
-1.4151882,0.34650913,1.1822196,0.7767017,0.0028519928,0.72248983,-0.17214566,0.87171924,-0.24868217,1.5229262,0
-1.3763682,0.39434263,1.1475861,0.75103235,0.047684427,0.7668047,-0.2241922,0.89373285,-0.33857816,1.5210185,0
-1.4241812,0.45474568,1.1969666,0.8788391,0.046767775,0.71225333,-0.3211181,1.0585378,-0.33909974,1.6139574,0
-1.4224228,0.53733283,1.2811623,0.7447419,0.0427881,0.8115639,-0.2864558,1.0237728,-0.3263538,1.4582717,0
-1.3626659,0.49204844,1.1741607,0.5877414,0.2427881,0.7812189,-0.4864558,1.101249,-0.39796185,1.436816,0
-1.4656329,0.5154329,1.3030072,0.54593295,0.14948608,0.9766108,-0.34706652,1.0778753,-0.31627518,1.3584037,0
-1.564183,0.5371659,1.3308281,0.55228233,0.27912527,0.99642473,-0.1898128,1.0456955,-0.22497496,1.3920382,0
-1.3588048,0.59508556,1.3339779,0.5550925,0.2930092,0.898964,-0.21922529,1.165148,-0.3013956,1.5236273,0
-1.4010556,0.5906073,1.2914442,0.5652999,0.2473818,1.0248431,-0.20776618,1.1546904,-0.13382147,1.4815357,0
-1.351987,0.6031556,1.2882377,0.46992773,0.12073314,0.9677722,-0.14156608,1.117033,-0.24235792,1.6279573,0
-1.3227855,0.58577293,1.3449715,0.36201844,0.17943016,0.8734978,-0.04795771,1.0267432,-0.097889766,1.6830721,0
-1.201165,0.46728536,1.250208,0.31449103,0.17527413,0.92219335,-0.13666046,1.0167123,0.10211024,1.6563857,0
-1.0868958,0.56114554,1.2318878,0.22138223,-0.023249954,0.8939276,-0.14361078,1.1082944,0.065068975,1.5222014,0
-1.0658883,0.51680213,1.1398424,0.22860181,-0.1045873,1.0939276,-0.02128023,1.2031097,0.119261965,1.5760564,0
-1.120434,0.6090195,1.3018638,0.3553248,-0.18208133,1.0743384,-0.047055915,1.1786053,0.055068757,1.7236314,0
-1.11751,0.576887,1.24164,0.2846133,-0.30485785,1.0882219,0.09075281,1.1941723,0.017352805,1.662905,0
-1.0598646,0.6651537,1.2380807,0.4058407,-0.27303,1.222813,0.11926032,1.1472067,-0.009431614,1.6841898,0
-0.9813112,0.6362538,1.1894364,0.57354987,-0.45455575,1.295812,0.15196867,1.0867484,-0.058547877,1.6718837,0
-0.83881396,0.5264706,1.0578992,0.68970245,-0.25455576,1.2529804,0.2698905,1.2251792,0.017264046,1.7600341,0
-0.8263451,0.5777587,1.139757,0.5967621,-0.40180436,1.1056488,0.14252502,1.2249401,0.120965995,1.8463058,0
-0.98972654,0.5309581,1.1451284,0.66941357,-0.3215185,1.1180066,0.21978979,1.252933,0.09501579,1.7316468,0
-1.0518744,0.4714049,1.0366488,0.83705026,-0.30856204,1.015418,0.23559712,1.2033179,-0.08300348,1.8053778,0
-1.0548968,0.4198149,1.0312175,0.695851,-0.46393973,1.0646477,0.31542388,1.187861,-0.19063221,1.7517568,0
-1.2054881,0.37464055,1.1014581,0.5512004,-0.5608135,1.0260537,0.2663611,1.0827817,-0.16650906,1.6946328,0
-1.204829,0.21181448,1.0356416,0.54367125,-0.5872726,1.1479893,0.34580618,1.0413427,-0.13233876,1.8030896,0
-1.0851756,0.32562107,0.9333358,0.59875965,-0.6666725,1.0931071,0.34042454,1.1626107,-0.14904982,1.8323841,0
-1.0200411,0.29639247,0.7708307,0.5149786,-0.7279627,1.0364566,0.27760535,1.2399988,-0.09708458,1.8382285,0
-0.85120946,0.22144896,0.86993974,0.6635633,-0.6404075,1.0631987,0.14693882,1.2573006,-0.08740744,1.8484874,0
-0.7215266,0.18035884,0.68033576,0.7611427,-0.5339823,1.1565684,0.07873868,1.3661064,0.066798165,1.8290966,0
-0.75744,0.29254144,0.7229717,0.89556104,-0.45739487,1.1924113,0.01771802,1.2946347,0.1090959,1.922664,0
-0.8260361,0.29175133,0.75675917,0.6595686,-0.4321956,1.2164251,0.037696302,1.3482041,0.09641168,1.9313146,0
-0.8232009,0.3928279,0.7356683,0.6938765,-0.35136762,1.2838789,-0.053054452,1.3017431,0.21220441,1.9055626,0
-0.6828554,0.4877312,0.67462564,0.70603204,-0.34334385,1.4431856,-0.016919428,1.0796728,0.101254754,1.991312,0
-0.7064096,0.387587,0.65317655,0.6729771,-0.3355809,1.3106983,-0.087824516,0.9277065,-0.045556463,2.1289933,0
-0.88866496,0.26701045,0.5538771,0.63139975,-0.32104093,1.1201527,-0.062459446,0.7891076,-0.05153706,2.0891159,0
-0.8254749,0.19691297,0.4646644,0.7192399,-0.3906602,1.0389718,0.009418711,0.8562614,-0.114496544,2.289116,0
-0.93586296,0.22394487,0.48438028,0.7421032,-0.482055,0.9723556,-0.09067471,0.9517888,-0.10054331,2.2618902,0
-0.886783,0.3294074,0.48469117,0.6648599,-0.4746403,0.94098014,-0.14650412,0.7678035,0.098045416,2.3868005,0
-0.86146396,0.3336031,0.50456214,0.7332797,-0.50190127,0.8997164,-0.25187486,0.78466725,0.10386717,2.2352867,0
-0.8939201,0.39883775,0.48872936,0.64085263,-0.48405415,0.91752553,-0.25998122,0.7318487,0.29693657,2.3716578,0
-0.82043004,0.29426163,0.37016717,0.69754493,-0.5227725,0.939809,-0.4279259,0.83020663,0.24946167,2.2920585,0
-0.75333107,0.3733563,0.40270025,0.61656284,-0.40355372,0.7939359,-0.2710318,0.94674855,0.07055105,2.218738,0
-0.6204014,0.4132662,0.44551894,0.65099484,-0.52531064,0.6228986,-0.2181611,1.0288428,0.26995665,2.055209,0
-0.57625836,0.3286877,0.41136056,0.56268317,-0.508518,0.5314739,-0.10626738,1.0620117,0.3432757,2.0266907,0
-0.6454833,0.34278807,0.24223927,0.73238707,-0.64745903,0.42133814,-0.12476096,0.86201173,0.3263675,1.9850253,0
-0.6547002,0.43161833,0.12104789,0.84143335,-0.6227849,0.23626347,0.017533176,0.77020544,0.25342053,1.9759685,0
-0.75963616,0.46664825,0.12278186,0.88368064,-0.8227849,0.33068153,-0.09069322,0.7941914,0.27840176,2.0468168,0
-0.8281241,0.4862746,0.09673059,0.9325682,-0.812936,0.20453124,-0.07586765,0.82055324,0.29311287,1.9774218,0
-0.7994935,0.5194849,0.20111713,0.7325682,-0.6603967,0.34516874,-0.052769534,1.0205532,0.39934227,2.1774218,0
-0.82561165,0.45445433,0.06891303,0.7587343,-0.7215372,0.43357462,0.08950166,1.0060613,0.4734855,2.1790094,0
-0.77476114,0.54658103,0.19512849,0.82333976,-0.7947107,0.4317624,0.14302318,0.93885136,0.47760677,2.2304983,0
-0.6794515,0.45048368,0.12957345,0.9286095,-0.71282756,0.49658525,0.07108076,0.8782343,0.54397666,2.1947381,0
-0.6489749,0.5009328,0.11814729,0.7716404,-0.7021863,0.36391068,0.08295621,0.8604821,0.48885867,2.0683956,0
-0.8489749,0.53001046,0.27774352,0.8150323,-0.7895421,0.16391067,0.02492169,0.9848738,0.49733537,2.1023579,0
-0.9652251,0.41194057,0.23342259,0.88326025,-0.77877176,0.08446955,0.06469891,1.0333139,0.5841832,2.2264369,0
-0.8706695,0.34974572,0.302654,0.7984373,-0.7192408,0.17262487,0.07656416,1.2271378,0.51672417,2.1582217,0
-0.92290336,0.47641402,0.32115787,0.680925,-0.7521503,0.061843865,-0.026375882,1.2948117,0.46367654,2.15618,0
-0.8439851,0.46543488,0.31513718,0.7347988,-0.71497256,0.068932764,0.087717384,1.0895276,0.47221947,2.344808,0
-0.91143644,0.44018912,0.468408,0.7290335,-0.7984104,0.13882828,0.09288363,1.154127,0.6132051,2.202551,0
-0.93530345,0.53888327,0.39521903,0.67520356,-0.8377419,0.23283528,-0.017826948,1.2040948,0.6496228,2.1434827,0
-0.8850023,0.60103405,0.40148234,0.71790093,-0.904853,0.11216131,-0.094611004,1.1806996,0.6065702,2.0641832,0
-0.7915309,0.5955046,0.42319214,0.63426626,-1.0154803,0.22529821,0.053884417,1.2222726,0.56408393,2.0672216,0
-0.7997336,0.5722219,0.34437168,0.4342175,-0.9805579,0.20222285,0.057744894,1.2200452,0.688423,2.1812139,0
-0.76243097,0.4638141,0.50727755,0.46664232,-1.0574158,0.07267834,-0.06644263,1.2507726,0.6685711,2.1422524,0
-0.83814704,0.45914873,0.504208,0.5105714,-1.0563973,-0.12732166,-0.091940954,1.1655866,0.6449958,2.070195,0
-0.9192769,0.34721118,0.46152407,0.6261916,-1.0076027,-0.19508316,-0.061581213,1.3455232,0.4954522,2.0775552,0
-0.72445893,0.3178906,0.59449047,0.5642219,-1.0698761,-0.2513315,-0.17084283,1.3865857,0.388161,1.8775551,0
-0.7200851,0.26640195,0.62252134,0.5315457,-0.96673626,-0.2714864,-0.27814087,1.4578454,0.588161,1.8201638,0
-0.78132516,0.22464232,0.73891497,0.58929133,-0.82173157,-0.40687078,-0.19070485,1.4245679,0.59721535,1.6460967,0
-0.774343,0.31160983,0.7696033,0.5741568,-0.87212175,-0.3483446,-0.21309781,1.4949417,0.72716665,1.7301915,0
-0.8749333,0.36189,0.84381187,0.7741568,-0.761483,-0.38850144,-0.14197755,1.4487492,0.7924286,1.699522,0
-0.80873865,0.42622596,0.80239755,0.6314474,-0.62945336,-0.58850145,-0.07326657,1.3380492,0.88243276,1.8512967,0
-0.83941287,0.37988347,0.7727104,0.5811892,-0.43294457,-0.48576814,0.016532622,1.3712246,1.0037802,1.705022,0
-1.019721,0.3859056,0.8992446,0.6477231,-0.63215137,-0.5932822,0.09020879,1.4519966,0.98312974,1.6578556,0
-0.929444,0.46285197,0.99758,0.51574653,-0.633628,-0.54197896,0.1840868,1.6519966,0.8304391,1.5819576,0
-0.8497191,0.44352746,1.1009899,0.5567318,-0.7803064,-0.5822431,0.0903245,1.6672292,0.89531153,1.4219183,0
-0.79291016,0.56107694,1.1158888,0.48066866,-0.7073782,-0.7810707,0.11429763,1.6149396,0.8172894,1.4767276,0
-0.7148346,0.44014674,1.0964342,0.4781821,-0.8424871,-0.7526172,0.103942424,1.6054802,0.7563719,1.5581305,0
-0.73891234,0.43760514,1.1327416,0.47547358,-0.80455834,-0.75111735,0.03448249,1.7192892,0.8227886,1.3812002,0
-0.70405823,0.3864532,1.004803,0.46268004,-0.8970645,-0.79888266,0.21808173,1.5774693,0.83137846,1.3080914,0
-0.74120057,0.19473512,1.1194105,0.5632831,-1.0489416,-0.74787277,0.38433346,1.5588177,0.82255894,1.3068901,0
-0.70030296,0.2095368,1.1895956,0.5570014,-1.1082319,-0.79123133,0.37091255,1.6092674,0.9040486,1.1582041,0
-0.57997733,0.18011391,1.1851596,0.49332717,-1.1180093,-0.85868996,0.39695874,1.6907603,0.8146083,1.1472075,0
-0.39506206,0.18328972,1.0088645,0.5737967,-0.97057146,-0.8532201,0.30489436,1.8217031,0.9775512,1.1942024,0
-0.37086812,0.26025677,1.0803156,0.7423662,-0.9103229,-0.6645847,0.35983214,1.7453233,0.97781897,1.2443701,0
-0.37910986,0.3717833,1.078236,0.7692733,-0.8865425,-0.68608475,0.24233831,1.5734812,1.0680659,1.4153702,0
-0.46224186,0.36285385,1.2182236,0.72339976,-1.0771511,-0.49666128,0.2348716,1.4276669,1.14885,1.2861812,0
-0.48915702,0.36613026,1.1601167,0.60975325,-0.98076737,-0.54863024,0.17581359,1.4714072,1.3081577,1.2862476,0
-0.43376204,0.33736894,0.98132,0.7153722,-0.87733185,-0.55127937,0.23977639,1.6296414,1.2772728,1.3435091,0
-0.3193769,0.44215375,0.9838998,0.77412474,-0.91931933,-0.6333489,0.23099563,1.4296414,1.275808,1.4059665,0
-0.3026848,0.4508607,1.0028493,0.7369601,-0.8415053,-0.5590557,0.38711962,1.5776024,1.3774524,1.2647326,0
-0.27981007,0.45315367,1.1349089,0.84179527,-0.84039795,-0.49624777,0.43938822,1.4336035,1.2546169,1.2049557,0
-0.17651817,0.5324266,1.093641,0.84588856,-0.9268701,-0.59029526,0.4904238,1.566691,1.3441991,1.0316689,0
-0.2190981,0.5156995,0.9715447,0.8037509,-0.9641558,-0.6012733,0.53537756,1.5089512,1.2818007,1.125782,0
-0.28722593,0.4177832,1.0592573,0.7422001,-0.9200241,-0.65677875,0.6190252,1.6030849,1.2808251,1.0948436,0
-0.27733114,0.3588595,0.98026735,0.87675446,-0.84551185,-0.518154,0.6207404,1.4669087,1.1835654,1.1518382,0
-0.18072847,0.2459737,1.0834862,0.8381857,-0.81932616,-0.60873336,0.48859805,1.4047523,1.289128,0.9518382,0
-0.24430746,0.27594483,1.1080831,0.949226,-0.6193262,-0.68598825,0.6371192,1.3575732,1.1990674,0.97173643,0
-0.33240974,0.3140819,1.3080832,0.89035445,-0.6227811,-0.5692955,0.61968195,1.336007,1.2020448,1.075979,0
-0.25426933,0.33424634,1.2411228,0.69035447,-0.8227811,-0.6724226,0.6494359,1.146339,1.197421,1.0642008,0
-0.45426935,0.3145817,1.2084166,0.6177466,-0.94508535,-0.76853424,0.47457415,1.3463391,1.152207,1.0045401,0
-0.44316337,0.22268279,1.39398,0.78910816,-0.8798203,-0.7914931,0.4622101,1.422757,1.2430519,1.0022714,0
-0.54225236,0.27137184,1.203707,0.7949858,-0.9289866,-0.79657954,0.58912784,1.5518564,1.1116388,1.0309124,0
-0.5254921,0.15139069,1.3179383,0.80110466,-0.8778814,-0.6524435,0.6202628,1.5451684,1.2314956,0.91487557,0
-0.47586504,0.10414789,1.3138276,0.81656355,-0.8962843,-0.59096175,0.70272297,1.5185313,1.1906958,0.99985605,0
-0.328447,0.107495345,1.32213,0.7102301,-0.9820976,-0.5282087,0.5959595,1.412253,1.0701859,0.9548444,0
-0.42035413,0.07031651,1.3668659,0.75080097,-1.0582355,-0.72820866,0.5497359,1.3016479,1.0572551,0.92885256,0
-0.39955303,-0.009971723,1.3954518,0.6020146,-1.0378394,-0.7007449,0.61738557,1.1669643,1.235063,1.0119383,0
-0.45788106,-0.16841105,1.3803219,0.48576373,-1.0756873,-0.9007449,0.633901,0.9669643,1.3031579,1.0354086,0
-0.4730685,-0.07074359,1.2552164,0.4127583,-1.0241258,-1.0468137,0.6201884,0.9622821,1.1768252,1.1236647,0
-0.55281913,-0.103408046,1.3096157,0.24198158,-1.0158592,-1.0570238,0.7273146,0.9233923,1.1855836,1.0744752,0
-0.47306293,-0.13640945,1.32207,0.041981578,-1.0335215,-1.0495894,0.5443652,0.957858,1.2842706,1.1748673,0
-0.333211,-0.22983563,1.3570868,0.033241816,-0.99634385,-1.0890727,0.5944491,0.8582839,1.1872619,1.0492234,0
-0.38733745,-0.15351948,1.4237654,-0.13732824,-1.0472915,-1.1637647,0.62441766,0.9404644,1.1909271,1.1243634,0
-0.4314856,-0.33945715,1.512192,-0.1462065,-0.8845242,-1.1751089,0.662758,0.84483874,1.1002659,1.1854328,0
-0.46248108,-0.48984307,1.4700202,-0.15959206,-1.0063332,-1.1697121,0.8199416,0.7498919,1.096898,1.2413603,0
-0.40386006,-0.5110805,1.5345812,-0.05889032,-0.9753982,-1.1942127,0.6860082,0.73453677,1.0539579,1.2645049,0
-0.6038601,-0.312948,1.3553345,-0.09055187,-0.9822334,-1.2421826,0.6537373,0.740615,0.8978804,1.2389567,0
-0.6779184,-0.3181375,1.4354761,-0.29055187,-0.85731417,-1.209349,0.59014666,0.73926663,0.8149351,1.3107591,0
-0.6650902,-0.21825793,1.4817204,-0.24822909,-0.86960757,-1.2785857,0.61414546,0.6756526,0.8018951,1.2063679,0
-0.70697224,-0.3285439,1.6188303,-0.048229083,-0.802382,-1.3057108,0.5667138,0.50216216,0.67767483,1.3937577,0
-0.7482429,-0.20789576,1.537428,-0.08755871,-0.93524814,-1.2449332,0.5191423,0.4389762,0.65836006,1.228374,0
-0.81939125,-0.19319786,1.6013314,-0.0929733,-0.92841226,-1.1622062,0.46646494,0.4076974,0.7368005,1.028374,0
-0.9987607,-0.29492372,1.4956377,-0.06321694,-0.84305215,-1.0723383,0.57579076,0.42241126,0.85791105,1.228374,0
-1.06542,-0.33516765,1.5859385,-0.07194886,-0.7334608,-0.91861945,0.5866877,0.49787486,0.85180765,1.2925498,0
-1.0169281,-0.29923436,1.6212364,-0.013377935,-0.9280347,-0.9147177,0.47533983,0.69787484,0.981299,1.1835635,0
-1.0613865,-0.3391122,1.6029049,0.005263605,-0.9215166,-0.9209354,0.4069156,0.6162435,1.0338504,1.3702669,0
-0.9631906,-0.37751627,1.6159718,0.07999745,-0.93733007,-1.0323205,0.32606903,0.5546152,0.91086435,1.3367275,0
-1.0010694,-0.32041532,1.6812745,0.14761402,-0.95373964,-1.1115531,0.23054881,0.5701305,0.8178936,1.3617629,0
-0.9742128,-0.24219999,1.747121,0.09112821,-0.9206507,-0.9872555,0.36173308,0.6612474,0.78350645,1.2562507,0
-0.85102403,-0.22888777,1.7265657,-0.020127129,-1.067459,-1.1309023,0.3242,0.7094591,0.787435,1.2629464,0
-0.7793516,-0.08623642,1.7388508,-0.010924679,-1.1316264,-1.2220125,0.40578148,0.677741,0.80278784,1.1485212,0
-0.6920895,-0.02049158,1.6929173,0.17985798,-0.95681965,-1.3836303,0.3194658,0.7028475,0.7084468,1.3016868,0
-0.6815618,-0.03144877,1.5132195,0.3649094,-0.9040394,-1.4044398,0.39342883,0.6672182,0.74254316,1.4732336,0
-0.77045006,-0.027824387,1.5454152,0.5152648,-0.7934104,-1.4374629,0.40641445,0.5660287,0.69693285,1.4438658,0
-0.8810028,-0.075532086,1.5713861,0.47840098,-0.95186937,-1.4516267,0.45907232,0.35477945,0.49889296,1.3860811,0
-0.85152227,0.014813103,1.7713861,0.3450675,-0.8575058,-1.4186662,0.46785447,0.46052173,0.60064626,1.186081,0
-0.9368765,0.047793128,1.6458035,0.5450675,-0.9324024,-1.3407576,0.53623384,0.5690021,0.60192955,1.1430693,0
-0.895144,-0.021801546,1.6743232,0.4441729,-0.8291509,-1.1407576,0.6296337,0.5292384,0.55692714,1.1931927,0
-1.0721234,0.029082488,1.6499192,0.4763769,-0.8597439,-1.2211324,0.5730381,0.47868797,0.6066247,1.1478105,0
-1.0991259,0.06281249,1.6024605,0.35930353,-1.0289525,-1.2045666,0.5641587,0.39400575,0.5791785,0.9478332,0
-1.061471,0.032609038,1.6496093,0.3147229,-1.0501407,-1.2544553,0.55052775,0.35197854,0.50742537,1.0378324,0
-1.1164593,-0.0885977,1.7089446,0.2512589,-1.0122606,-1.2213188,0.52524555,0.49543574,0.32783693,1.0158887,0
-0.9831267,-0.14009407,1.8687024,0.20376857,-0.95327604,-1.2612048,0.57655823,0.51899934,0.19904767,1.0145334,0
-1.0109743,-0.13674735,1.9001184,0.18964978,-1.0028079,-1.1411604,0.52765524,0.5546379,0.16682556,1.0711081,0
-0.98429465,-0.2629155,1.946613,0.14095964,-0.9175297,-1.1426312,0.5901593,0.40493575,0.028367378,1.2216117,0
-0.96273834,-0.17303653,1.9380299,0.31500837,-0.9914447,-1.0765073,0.4389093,0.35067117,-0.082530186,1.3129169,0
-0.97244364,-0.1593232,2.0294785,0.3082802,-1.0874763,-1.0277935,0.44216073,0.39945316,-0.056157485,1.1036135,0
-1.0914103,-0.2875228,2.018538,0.21223623,-0.9801007,-1.0993898,0.48321483,0.41002303,-0.0138217425,1.0176206,0
-1.1401263,-0.29114017,1.97097,0.18938552,-0.9737491,-1.1552743,0.33612347,0.44792914,-0.053911746,1.0466084,0
-1.282714,-0.3687782,1.8923229,0.20503601,-0.9423857,-1.0908059,0.32299614,0.30463454,-0.20966394,1.1299057,0
-1.4157323,-0.3144972,1.9719808,0.122409716,-0.9469445,-0.87234825,0.15193976,0.38656756,-0.009361223,1.0783308,0
-1.4518969,-0.28844896,2.0675876,0.00784836,-0.82330763,-0.92413324,0.03186437,0.4763034,0.043366782,0.8787454,0
-1.4164362,-0.36971733,2.0721314,0.016376631,-0.79815215,-1.0792778,0.12949045,0.3810502,0.03615342,0.7732146,0
-1.4052778,-0.30309603,1.990576,0.09775591,-0.8612469,-1.209898,0.101355456,0.31512946,-0.10412593,0.79709315,0
-1.3292732,-0.24892002,1.9863737,0.07619564,-0.8552061,-1.282578,0.243463,0.10739583,0.0610171,0.8767382,0
-1.3315685,-0.31229934,1.9726963,0.15370587,-0.8227108,-1.238751,0.31943637,0.101685174,0.09580919,0.7883331,0
-1.3168402,-0.41032994,1.995882,0.06978281,-0.82813615,-1.1966121,0.39091304,0.1342936,0.16745332,0.8902635,0
-1.2512432,-0.4244649,1.9662824,0.17498823,-0.71415377,-1.146415,0.33255818,0.1359654,0.2156209,0.7953168,0
-1.2160755,-0.30192554,2.1249588,0.25245178,-0.73576975,-1.1820637,0.2993113,0.21345857,0.20081009,0.80936134,0
-1.1699021,-0.23198713,2.064767,0.29855484,-0.7775185,-1.303656,0.4458162,0.11736013,0.30814892,0.7833127,0
-1.1165849,-0.15002376,2.0860279,0.3497118,-0.8602378,-1.2458013,0.33247137,0.11196561,0.313857,0.77390003,0
-0.9799274,-0.08553414,2.0101142,0.44007316,-0.97311586,-1.4017961,0.3899624,0.11247739,0.40238103,0.7480527,0
-0.9654092,-0.13526732,2.0493946,0.4675038,-0.9033989,-1.3943913,0.28857097,0.050996214,0.41308787,0.78366905,0
-0.8653822,-0.013728188,2.037501,0.4809887,-0.9046609,-1.4171038,0.2821284,0.09077237,0.4801421,0.8504101,0
-0.83278763,-0.117802784,2.0819767,0.4292147,-0.7874956,-1.4412723,0.29062885,0.10522574,0.43554857,0.8894267,0
-0.871448,-0.09860159,2.0459685,0.29993346,-0.9732324,-1.4089756,0.25337815,0.14713533,0.45537305,0.85399216,0
-0.7983152,0.079580665,2.1356173,0.40173304,-0.89012593,-1.3223735,0.22225371,0.28872514,0.380013,0.90329707,0
-0.8840279,0.22387701,2.0888662,0.44465172,-0.8865518,-1.1521797,0.3278316,0.20294291,0.4241794,1.0794525,0
-0.84463966,0.16428715,2.0725074,0.4871157,-0.7763762,-1.2911611,0.31395245,0.021393627,0.4038146,1.06888,0
-0.9224533,0.120458424,1.9401639,0.53954077,-0.74395764,-1.4911611,0.35146978,0.12408327,0.38857538,1.0042865,0
-0.8289375,0.03336638,1.8891656,0.6313323,-0.69489354,-1.468674,0.40404952,0.20147523,0.49936283,1.1185392,0
-0.8099851,0.03247382,1.9892709,0.5259212,-0.58607024,-1.3923831,0.32894605,0.34199673,0.50147444,1.1619915,0
-0.7943649,0.028763628,2.0115368,0.5498687,-0.52681434,-1.3598037,0.287018,0.2703091,0.51959753,1.1471096,0
-0.7343242,0.06890094,2.00714,0.5209017,-0.46088296,-1.3910573,0.41229567,0.2382095,0.35218087,1.2875777,0
-0.67717403,0.063578114,1.9370792,0.4334864,-0.4414643,-1.4136894,0.44118452,0.062272638,0.5521809,1.2192994,0
-0.6468692,0.07413472,1.804791,0.39312544,-0.55606675,-1.4690008,0.49913,0.017885104,0.43537778,1.1930926,0
-0.49728775,0.062493145,1.7103959,0.32960993,-0.6364731,-1.557081,0.46350652,0.070032015,0.46904948,1.3883964,0
-0.55530375,0.035383925,1.770114,0.15208872,-0.5296438,-1.3748827,0.40647975,0.20842297,0.3133617,1.3682458,0
-0.68828064,0.028116599,1.9313223,0.22741508,-0.3620504,-1.5025455,0.29265913,0.13961938,0.49713343,1.4151845,0
-0.65770316,0.04394324,1.9183095,0.30292073,-0.48145682,-1.3416559,0.28439417,0.25913948,0.542754,1.5229467,0
-0.7666268,0.045784213,1.9333316,0.30924267,-0.49844155,-1.1416558,0.28114277,0.4415745,0.342754,1.5769498,0
-0.67762375,0.04724449,1.9270672,0.44793117,-0.57247704,-1.3136036,0.27981308,0.4686788,0.18263006,1.4965872,0
-0.6955167,0.061333165,1.9168369,0.43028948,-0.45595205,-1.2766056,0.27973008,0.35469627,0.27008742,1.4613891,0
-0.7439924,0.018998552,1.9272287,0.4768069,-0.29670033,-1.3726918,0.2616603,0.50944537,0.16803741,1.4751296,0
-0.7496775,-0.083427474,1.9592814,0.6431935,-0.24427883,-1.3339148,0.20511375,0.45048788,0.0751339,1.4452976,0
-0.9022687,-0.14419079,1.842036,0.6024684,-0.3706308,-1.3433009,0.14969006,0.438447,0.07852262,1.4988072,0
-1.0213177,-0.120108895,1.864477,0.5717804,-0.36650628,-1.1460224,0.21365577,0.51420975,0.18885612,1.5316186,0
-1.1044815,-0.14425793,1.83084,0.67440426,-0.32680973,-1.0974277,0.2922454,0.4885267,0.1912783,1.4120948,0
-0.99109113,-0.25712147,1.9199995,0.72637963,-0.22592327,-1.1178908,0.2508054,0.45788348,0.24203517,1.419109,0
-0.8530501,-0.2671113,1.861572,0.7731077,-0.24725033,-1.2566059,0.3281647,0.5432162,0.099259354,1.4439497,0
-0.8929551,-0.24355082,1.9763488,0.8563517,-0.3536763,-1.1002886,0.4489235,0.7124924,0.1451059,1.1991938,0
-1.0044091,-0.042634714,1.9541055,0.8888856,-0.3516444,-1.1116722,0.24368732,0.77329445,0.05838632,1.1663839,0
-0.94074464,-0.12286098,1.975247,0.8966915,-0.41268414,-1.0866668,0.1727589,0.79221374,0.17229994,1.1644567,0
-0.97560567,-0.0875371,2.023515,0.83537304,-0.42094183,-0.9664885,0.08050919,0.7835846,0.20599309,1.2140256,0
-1.0411147,-0.1030191,1.9942573,0.9085436,-0.5349164,-0.90245116,0.009924886,0.8098196,0.12209965,1.1539434,0
-1.1735566,-0.15953639,1.8583688,1.0706916,-0.3349164,-0.78326553,-0.00028508995,0.9299562,0.1619895,1.0189776,0
-1.1103361,-0.15919481,1.8093401,1.0339224,-0.41167256,-0.9080357,-0.11646199,0.95001644,0.062395625,0.99797165,0
-0.9987075,-0.3241355,1.6999079,0.93070364,-0.5730563,-1.0223608,-0.0062689856,0.7819561,-0.030266128,1.0740489,0
-0.9817038,-0.37165532,1.7442098,0.99735034,-0.5509691,-0.97166747,0.020779895,0.83596706,-0.058713526,0.88723624,0
-0.853278,-0.21275562,1.7065153,1.0679246,-0.5764773,-0.98373634,0.0018002298,0.7181082,0.06404969,0.9520483,0
-0.818858,-0.40557566,1.6820105,0.9609567,-0.6126239,-1.0564476,0.079873845,0.6953805,0.16013962,1.0290543,0
-0.8162795,-0.41414747,1.6478864,1.1134056,-0.7551749,-0.93876827,0.17542793,0.7346779,0.23735535,1.1352562,0
-0.85266155,-0.4533063,1.5949069,1.2082347,-0.80812216,-0.8355239,0.036499575,0.6520528,0.3140863,1.2354294,0
-0.821522,-0.41519803,1.581219,1.1212866,-0.75443065,-0.82116115,-0.099197,0.7319001,0.28976178,1.1673852,0
-0.77261055,-0.44818336,1.5788275,1.2408792,-0.5795006,-0.8176392,-0.024526961,0.63520867,0.39658666,1.1073987,0
-0.78986675,-0.43293577,1.7104067,1.048771,-0.763897,-0.7951085,-0.017854292,0.66026735,0.300873,1.0375891,0
-0.79028106,-0.34315234,1.7531259,0.9783439,-0.8117219,-0.6033324,0.113083035,0.64401865,0.4481318,0.90815425,0
-0.86962926,-0.4425202,1.9123502,0.79113096,-0.8873144,-0.54363513,-0.03987132,0.47111958,0.4757666,0.9414387,0
-1.0083623,-0.5369182,1.9382803,0.79160434,-0.6921824,-0.4506567,0.0053892285,0.37739,0.5038946,1.0021574,0
-1.0917472,-0.5373764,2.0524652,0.97001535,-0.73049414,-0.39942145,-0.04645292,0.25067788,0.4003466,0.9864137,0
-1.0403656,-0.6137729,1.9091786,0.89003277,-0.65018296,-0.23981373,-0.10335788,0.3101937,0.47707626,1.063513,0
-1.1481289,-0.67789316,1.9809053,0.9721305,-0.7317941,-0.36512923,-0.148942,0.5039759,0.5080661,1.0253947,0
-1.1479675,-0.65616673,1.992544,1.0537643,-0.5297062,-0.29659337,-0.14055967,0.48161042,0.4858458,1.146585,0
-1.1745747,-0.56177485,2.0426185,1.1470228,-0.58081007,-0.24711432,-0.105258,0.28364658,0.50974554,0.99990314,0
-1.0653561,-0.50785685,2.1144474,1.1971416,-0.61791885,-0.36189595,0.0010713935,0.3007807,0.51289487,0.913582,0
-1.1381601,-0.36934477,2.035195,1.1966783,-0.6921532,-0.2511968,0.098733164,0.24865578,0.5016786,1.0623947,0
-1.1531962,-0.341809,2.076112,1.0578876,-0.6381204,-0.24847597,0.037443,0.43900716,0.663577,1.0102161,0
-1.1637737,-0.31594607,2.1532135,0.8850571,-0.61652124,-0.18841921,0.04342335,0.3596722,0.634974,0.9392294,0
-1.2432547,-0.30071348,2.1307788,0.91932523,-0.47153854,-0.17293732,-0.034875814,0.37224331,0.73399717,0.8546425,0
-1.2198286,-0.2801246,2.253921,0.900666,-0.35210556,-0.18985161,0.043340024,0.44459337,0.73020416,0.7793391,0
-1.1427416,-0.26354578,2.1590161,0.74248344,-0.3161591,-0.13542017,0.0025506467,0.46166274,0.69058913,0.8244417,0
-1.1264504,-0.30116132,2.1396832,0.84146917,-0.2555514,-0.058665566,-0.07459071,0.6277707,0.5553589,0.84025824,0
-1.1613252,-0.23011833,2.1924598,0.7240031,-0.29753733,-0.062477022,-0.2142754,0.5686671,0.5287854,0.8382385,0
-1.1896316,-0.20575194,2.2835593,0.90002733,-0.31639445,-0.11595876,-0.1016512,0.73279196,0.44697118,0.8106159,0
-1.2126385,-0.29587156,2.2411382,0.94417155,-0.34190542,0.05422593,-0.17405711,0.6857237,0.58790255,0.7495506,0
-1.0379125,-0.28171203,2.326889,0.9577939,-0.32806402,0.051815588,-0.19903073,0.68384326,0.47847414,0.81553066,0
-0.9661218,-0.17153478,2.3416169,0.9196524,-0.38054475,0.15308285,-0.22020356,0.65982085,0.43336713,0.93185073,0
-0.9985287,-0.10494673,2.301567,0.7855908,-0.40013325,0.105797,-0.40362453,0.59465164,0.44154313,1.0930598,0
-0.8350997,-0.022305563,2.2699268,0.85556835,-0.44886622,0.12299451,-0.3164542,0.7139068,0.3944574,1.0064113,0
-0.8945519,0.05980427,2.328861,0.80433834,-0.24553904,0.076451935,-0.32187065,0.70375264,0.20945755,1.1902825,0
-0.86743283,0.001984287,2.3338618,0.8131449,-0.11374761,-0.062436648,-0.38216758,0.751826,0.29797995,1.1069362,0
-0.9422954,0.08141163,2.3123467,0.72748643,-0.113627836,-0.0029164515,-0.35171092,0.8049339,0.4416475,1.0061316,0
-1.0344158,0.04651487,2.2886324,0.7490523,-0.20533282,-0.04391459,-0.48021,0.8327715,0.4603917,0.94096184,0
-1.0831697,0.08379125,2.2268872,0.69281584,-0.26026928,-0.06045023,-0.54940015,0.8875537,0.4211385,1.0209597,0
-1.0178711,0.1332844,2.246509,0.6531078,-0.27403373,-0.26045024,-0.56696534,0.88941675,0.38888857,0.82095975,0
-0.97116464,0.096406564,2.2940378,0.5663548,-0.35962355,-0.2219463,-0.6404745,0.91901076,0.40327176,0.9317575,0
-0.93015665,0.13545708,2.2223566,0.7200793,-0.35587132,-0.20748274,-0.78417027,0.9573191,0.43411496,0.87723756,0
-0.9763688,0.32942554,2.1536024,0.8339034,-0.3275295,-0.21885264,-0.8058167,0.99070513,0.4486509,0.7858051,0
-0.97513837,0.38350195,2.051669,0.78389,-0.35078514,-0.10623752,-0.9754591,1.1330965,0.28656435,0.7914031,0
-1.0761409,0.45654154,2.1225767,0.6685526,-0.34692293,-0.029904913,-0.8603326,1.001634,0.22960861,0.87394756,0
-1.0475365,0.50745696,2.1150198,0.6984577,-0.45009616,0.01629764,-0.851293,0.9057584,0.085004374,0.9637575,0
-1.0918062,0.50397086,2.0368786,0.5692662,-0.49750033,-0.13028285,-0.75150055,1.0549862,-0.038617507,0.90345985,0
-1.2144619,0.44711867,1.928605,0.4180377,-0.55229574,-0.26094294,-0.69949335,0.8585387,0.04323888,1.0049574,0
-1.1311591,0.25487563,1.9108418,0.40757784,-0.7072545,-0.45242608,-0.6933664,1.0585387,-0.09101404,0.9437611,0
-1.1715312,0.22480771,1.9761078,0.35129395,-0.7275516,-0.45190936,-0.5224372,1.0620314,-0.097918496,1.1321483,0
-1.126305,0.16251695,2.0111706,0.29742602,-0.65279335,-0.3167984,-0.4375466,1.0478557,-0.08184947,1.1233972,0
-1.1847162,0.2333385,2.1026056,0.25513375,-0.7999264,-0.3157482,-0.42634362,1.0590503,0.029299501,1.0060639,0
-1.2211158,0.19664247,2.0525281,0.11723761,-0.6512,-0.38647988,-0.3871859,1.1219676,0.10566502,1.1181568,0
-1.2694314,0.20239094,1.9925132,0.09745693,-0.61232746,-0.49068087,-0.4733833,1.1261256,0.102985784,1.1177675,0
-1.2280788,0.14501919,1.9848324,0.11242161,-0.6220339,-0.48275787,-0.39916804,1.2231349,0.098207824,1.110664,0
-1.088694,-0.03422671,1.9273634,-0.05344995,-0.7938022,-0.60364056,-0.30743858,1.294761,0.0950225,1.1495779,0
-0.952644,-0.08948909,1.8673794,-0.07584684,-0.9438075,-0.60396713,-0.3946353,1.424273,0.2811102,1.0357314,0
-0.88105136,-0.03634264,1.8148526,-0.037492454,-0.98416334,-0.5429065,-0.5732611,1.3534491,0.33471522,0.9315061,0
-0.923319,-0.10585895,1.8805667,0.011516597,-0.9531104,-0.5776505,-0.5035646,1.2287356,0.3304028,0.83889425,0
-0.9133405,0.03153576,1.8402593,0.04111962,-1.019674,-0.5241973,-0.45128205,1.0551796,0.21520793,0.658072,0
-0.96806437,-0.043583848,1.807985,0.09048046,-1.0247853,-0.38647354,-0.4304693,0.9790288,0.08634718,0.52640456,0
-0.96132165,-0.040244248,1.7929928,0.16841587,-1.080776,-0.55329585,-0.45288467,1.163772,0.09928422,0.5622128,0
-0.9656667,-0.038382307,1.9271039,0.19956236,-1.280776,-0.649775,-0.40693107,0.9782864,0.18617441,0.59643626,0
-0.9522366,-0.10878822,1.9275382,0.21466044,-1.2543848,-0.7263212,-0.3470826,0.9429686,0.1272443,0.53816056,0
-0.94543254,-0.010494307,1.8497076,0.3426236,-1.4252313,-0.67948335,-0.44215077,0.82696605,0.17488904,0.50118,0
-0.93110836,-0.11234924,1.8444175,0.46621603,-1.4791406,-0.6318079,-0.4052188,0.64201945,0.14467935,0.50446165,0
-0.95667976,-0.07362376,1.8774651,0.329193,-1.5138007,-0.68771684,-0.4102811,0.44201946,0.15098827,0.5467574,0
-0.8863084,0.037613817,1.8393044,0.2637225,-1.6653465,-0.8677248,-0.2655664,0.6084833,0.17003202,0.538974,0
-0.9437738,0.19277734,1.8032544,0.24022914,-1.6805329,-0.7520297,-0.36205584,0.6601852,0.19168507,0.6042677,0
-0.8179254,0.19887576,1.7650065,0.16489571,-1.4946752,-0.6405361,-0.24719492,0.5887493,0.21246962,0.56691045,0
-0.90955853,0.24576142,1.8766229,0.14212525,-1.5548406,-0.560164,-0.2570599,0.7315758,0.16574006,0.56791747,0
-1.1095586,0.254827,1.9144934,0.08652781,-1.4789326,-0.54587936,-0.0570599,0.7130776,0.30315116,0.59611166,0
-1.2144027,0.05482699,1.916536,0.17828925,-1.393412,-0.50332236,-0.0051832087,0.7953688,0.22272989,0.6354549,0
-1.1031874,0.07522668,1.9819373,0.23476967,-1.254698,-0.6217238,0.07768902,0.70668995,0.12243886,0.8306597,0
-1.1008451,0.21242197,1.8750262,0.03476967,-1.2676375,-0.71629673,-0.12231098,0.5680728,0.23241523,0.91462433,0
-1.0814449,0.17266452,1.7709833,0.18877432,-1.1885831,-0.6865173,-0.24900684,0.53188235,0.2529745,0.877382,0
-1.0977155,0.2746275,1.6934046,0.06105183,-1.1098509,-0.8865173,-0.15040773,0.59944034,0.14633134,0.861197,0
-1.1182469,0.26012295,1.723223,0.08005545,-1.002628,-0.9981518,-0.2107541,0.6895048,0.14736108,0.83458376,0
-1.0893393,0.30284113,1.8036842,0.06812357,-0.8275317,-1.1072744,-0.21181549,0.8551502,0.16589805,1.0345838,0
-1.1327348,0.33254692,1.8715191,0.07698853,-0.8336431,-1.11645,-0.32864425,1.0311893,0.17636976,0.9766922,0
-1.1379466,0.32217968,1.7314893,0.119582474,-0.833937,-1.2933189,-0.28841814,0.9202708,0.14593925,1.1266844,0
-1.1212641,0.37418988,1.8963294,0.22900492,-0.7417103,-1.0933188,-0.28225353,0.9701995,0.2164252,1.0635922,0
-1.1805055,0.34825245,1.8191493,0.32235184,-0.7865257,-1.0648082,-0.33888388,0.9570457,0.26689696,1.1033858,0
-1.1210005,0.31386867,1.8140767,0.22719702,-0.7625326,-0.8908748,-0.26459414,1.0900785,0.36102983,1.1478746,0
-1.0041175,0.27673337,1.814551,0.070584625,-0.7264166,-0.90233237,-0.35127264,1.1013919,0.40497386,0.9478746,0
-0.96157616,0.20151716,1.9054636,-0.044512205,-0.6700436,-1.0326477,-0.33861586,1.1099975,0.43746415,0.873005,0
-0.99617624,0.25010473,1.8817346,-0.21017423,-0.728157,-1.1931936,-0.29839545,1.1614342,0.37937957,0.90783304,0
-1.0069144,0.18677409,1.8585331,-0.0958922,-0.74078983,-1.1956539,-0.26910922,1.2862574,0.29393762,0.8344236,0
-1.0050204,0.06333347,1.8153749,-0.2206091,-0.74469286,-1.1496803,-0.3127018,1.3695251,0.27205366,0.8473151,0
-0.8004699,0.0110461665,1.7635695,-0.31856176,-0.93372864,-0.99887544,-0.29444733,1.5513091,0.34789792,0.81459963,0
-0.8679646,0.10269751,1.7290083,-0.29847485,-1.1337286,-0.9145619,-0.18929061,1.3680027,0.43139625,0.88336253,0
-1.0469052,0.182801,1.7334251,-0.2814062,-1.0406678,-0.8075225,-0.14061923,1.4079726,0.47190875,0.90921974,0
-1.2057776,0.13150966,1.7349629,-0.35051265,-0.95586324,-0.8247495,-0.14408284,1.3296577,0.5051837,0.87063515,0
-1.0802292,-0.06849034,1.7239834,-0.23832771,-0.78074443,-0.7453928,-0.32549137,1.2888715,0.49330074,0.7609218,0
-1.1215658,-0.16614306,1.7965547,-0.35287246,-0.9706938,-0.76433545,-0.2943574,1.3117402,0.4145161,0.92561924,0
-1.0600215,-0.122172385,1.6939809,-0.4389325,-1.1044774,-0.73644465,-0.28250068,1.438204,0.41332722,0.84728855,0
-1.1806558,-0.027298642,1.70686,-0.47876912,-1.0943455,-0.6788074,-0.24088986,1.4151504,0.25649393,0.8233324,0
-1.0953583,-0.004803705,1.6194978,-0.41476125,-1.0706052,-0.672085,-0.33679584,1.5264919,0.16872124,0.96715987,0
-1.1392977,-0.10144707,1.5159948,-0.24248283,-1.1081085,-0.5024367,-0.2752166,1.6300287,0.035662342,1.0584491,0
-1.2357204,-0.051357534,1.3497981,-0.16975929,-1.0820566,-0.30113855,-0.33960697,1.7825177,-0.052287128,1.0308341,0
-1.2804756,-0.14070846,1.467332,-0.03969735,-1.0276309,-0.21357378,-0.22919452,1.6953821,0.052971397,0.9463868,0
-1.294099,-0.08270324,1.3825365,-0.12859532,-0.8655007,-0.35278803,-0.07771483,1.8335118,0.071614504,0.9760544,0
-1.4062296,0.10282889,1.3156333,-0.031691983,-0.8848111,-0.22426704,-0.093383685,1.7769451,0.17152303,1.1185648,0
-1.4393686,0.29964608,1.3086762,-0.07412684,-0.91713816,-0.12979332,-0.12497017,1.6405194,0.3676182,1.1917421,0
-1.4241867,0.32152233,1.4060193,-0.13915163,-0.928753,0.034770112,-0.06999489,1.5951489,0.31606957,1.1657493,0
-1.3470156,0.3002603,1.3639083,-0.00094909145,-1.0707791,0.060353037,-0.059808668,1.7032748,0.20501864,1.0668553,0
-1.358033,0.29264364,1.504167,0.1091587,-1.0370802,-0.0841088,-0.14389975,1.6476606,0.026207764,0.988374,0
-1.382861,0.25006703,1.4707842,0.02314989,-0.88532573,-0.16265465,-0.036169216,1.743412,-0.028387742,1.0047693,0
-1.2554852,0.24658488,1.5438538,0.20715047,-0.8698574,0.0033459365,-0.095828235,1.7603723,0.038624346,0.8987842,0
-1.2180434,0.23986407,1.6141342,0.28507295,-0.82187575,-0.090847954,0.027247574,1.698262,0.041336976,1.0962951,0
-1.1754124,0.34047264,1.49641,0.41792923,-0.81104356,-0.19956669,-0.03873143,1.6354208,0.1036109,1.0367903,0
-1.1700379,0.29804155,1.4288045,0.42651442,-0.84024197,-0.28970963,-0.05737192,1.5168042,0.19576448,0.90372413,0
-1.140289,0.21684173,1.53987,0.31591418,-0.87080544,-0.35648945,0.05583001,1.6989316,0.086974725,0.98860496,0
-1.0648696,0.15909235,1.5394903,0.37559575,-0.83924484,-0.37880123,-0.07221032,1.7004653,0.12471251,0.9823442,0
-1.1365021,0.2666334,1.4864024,0.36974183,-0.9575317,-0.3271662,-0.2500505,1.8702253,0.18318398,0.8206339,0
-1.0636878,0.4453531,1.2864023,0.18372245,-0.9849862,-0.19990745,-0.35859147,1.9390163,0.21235797,0.8525681,0
-0.98238015,0.3778791,1.4323473,0.14330333,-0.96215016,-0.38862205,-0.37528878,1.9515402,0.2309091,0.86055404,0
-1.0625249,0.38884935,1.5239298,0.34330332,-0.9744928,-0.292987,-0.17528878,1.9097787,0.19947183,0.66055405,0
-1.0693632,0.35998055,1.4177307,0.4475416,-1.0462708,-0.2873004,-0.22076768,1.870145,0.12193848,0.8461139,0
-1.0000273,0.47882372,1.4082919,0.6475416,-0.9643135,-0.44592118,-0.18740243,1.8721623,0.1390878,0.71644413,0
-0.9512086,0.54229695,1.4145979,0.4253966,-0.95436066,-0.29218626,0.006035279,1.9595242,0.15591086,0.87109715,0
-0.82068247,0.6710654,1.5618879,0.39925703,-0.9276726,-0.40446475,-0.01635026,1.8644363,0.13901593,0.87026876,0
-0.8325862,0.61094105,1.5747541,0.55404276,-0.89351517,-0.42046127,0.15967397,1.6644362,0.26468801,0.75968665,0
-1.0062997,0.43272984,1.6450369,0.49496529,-0.89221156,-0.30054244,0.08838719,1.733752,0.20824526,0.95159125,0
-1.0459124,0.37173837,1.5333326,0.5134793,-1.044462,-0.40653437,-0.11161281,1.533752,0.1601533,1.0670505,0
-0.9369489,0.38268605,1.6033086,0.3974189,-1.0398883,-0.4467532,-0.16673815,1.5661138,0.18473224,1.1767753,0
-0.8338743,0.37757075,1.5711111,0.29509106,-1.0783976,-0.58686167,-0.13548806,1.6025659,0.09481813,1.2262591,0
-0.6705396,0.4521743,1.6684803,0.31541055,-1.0046921,-0.5821257,-0.08647836,1.5384576,-0.04979326,1.231844,0
-0.70894766,0.6078113,1.716317,0.42088705,-0.95854676,-0.56680524,-0.03968207,1.4098299,0.06833607,1.3308357,0
-0.6181972,0.6535092,1.7199143,0.48078167,-0.7755015,-0.506621,0.02926243,1.3422589,0.26812246,1.5063295,0
-0.72562706,0.6598086,1.6078254,0.39817533,-0.6535192,-0.5586553,0.05134196,1.2293591,0.26362133,1.4658414,0
-0.7454978,0.6739583,1.6220325,0.31882265,-0.6737788,-0.5811851,0.02664874,1.0753999,0.30575213,1.6658415,0
-0.7185254,0.68696433,1.6230111,0.35203257,-0.70416576,-0.68608874,0.22107147,1.1880815,0.36038643,1.5935277,0
-0.75322837,0.7037727,1.6931493,0.4308955,-0.7858932,-0.54683536,0.2676281,0.9880815,0.46416974,1.568848,0
-0.78195214,0.7181504,1.6519316,0.42243475,-0.8667494,-0.5517477,0.14831948,1.0601025,0.4271555,1.6067121,0
-0.75539047,0.7612533,1.656625,0.2847781,-0.8628819,-0.53018343,0.032678768,1.0710725,0.22715549,1.6460983,0
-0.75624067,0.7919293,1.7589985,0.21316886,-1.0140392,-0.4353778,0.16002779,0.9563013,0.23097163,1.5652906,0
-0.70599204,0.9099288,1.6626358,0.34145617,-0.9960122,-0.3832464,0.17524242,0.9839122,0.1803319,1.6193899,0
-0.5249356,0.9426916,1.5993981,0.40461746,-1.0245683,-0.38950637,0.11707947,0.9803352,0.18787976,1.6079307,0
-0.39389783,0.94478744,1.6541262,0.6046175,-0.9768262,-0.23020828,0.16079481,0.9680888,0.27032587,1.6726727,0
-0.49412277,0.824264,1.6525456,0.414256,-0.9602322,-0.1411241,0.23518543,0.8881646,0.44834644,1.7851584,0
-0.517348,0.68942606,1.6949662,0.4311372,-0.9741928,-0.07826659,0.34393513,0.90096647,0.4163687,1.7719144,0
-0.6068504,0.6470407,1.5666816,0.5526427,-0.99693114,-0.024618968,0.27418822,0.99313194,0.40527612,1.7980405,0
-0.7385619,0.57040673,1.5937846,0.351684,-0.90227395,0.0053909193,0.44212985,0.9779631,0.36932054,1.8338252,0
-0.83642936,0.39624372,1.4655138,0.38080916,-0.83526385,0.06606151,0.36588383,1.0162122,0.5655071,1.7650853,0
-0.7486668,0.45250335,1.6655139,0.515374,-0.720743,0.012822825,0.3301077,0.9232201,0.5613753,1.8375866,0
-0.6805884,0.38441777,1.7065259,0.43123695,-0.86199474,-0.0006078076,0.2697516,1.04874,0.45108682,1.7809237,0
-0.7168927,0.26756912,1.7495053,0.32603985,-0.88407576,0.07443675,0.27518177,0.8921338,0.47041094,1.8350353,0
-0.64719933,0.25788206,1.8652372,0.38971075,-0.74608546,0.11811222,0.17652158,0.8049023,0.5154522,1.8353015,0
-0.5837593,0.22929373,1.8628498,0.18278702,-0.91155684,0.11313509,0.24852793,0.84317786,0.44414246,1.8136467,0
-0.6234558,0.116078705,1.7199749,0.13762426,-0.7811583,0.16549,0.44852793,0.64317787,0.5471897,1.7876132,0
-0.6034982,0.21476297,1.7125611,0.22555463,-0.79637784,0.21249224,0.63926405,0.76607573,0.651652,1.8725313,0
-0.46618918,0.09274438,1.6288606,0.08810228,-0.61268663,0.22965458,0.6200927,0.9397619,0.59392446,2.01608,0
-0.4437833,0.011931337,1.6261873,0.18091443,-0.62124014,0.369807,0.73024327,0.9578031,0.39392447,1.9474177,0
-0.34173232,-0.06313615,1.7078744,0.1726389,-0.6424253,0.31785086,0.7751838,0.970929,0.24999796,1.9526242,0
-0.3062002,-0.02354515,1.6290822,0.12104908,-0.57644707,0.22166273,0.7290785,0.85250646,0.16184118,1.9991006,0
-0.33001414,0.044703968,1.6898423,0.22472341,-0.46323207,0.106918454,0.80550367,0.82197386,0.010679855,2.1053305,0
-0.20579576,-0.051250696,1.6436186,0.30846858,-0.45003837,0.103105545,0.91109556,0.79554766,-0.17963457,2.1094933,0
-0.33565637,-0.077563144,1.6304688,0.41971892,-0.451814,0.026176615,0.847821,0.940349,-0.20920067,2.0481904,0
-0.23264925,-0.12672025,1.5041238,0.4709573,-0.53648937,0.2020554,0.88882035,0.9180544,-0.052952494,2.11692,0
-0.20209756,-0.3117824,1.6262103,0.3328612,-0.5356949,0.084580086,0.8669129,0.8703295,0.11615361,2.0712233,0
-0.17092673,-0.21192546,1.5820351,0.23384003,-0.6793084,-0.009686205,0.8082097,1.0518712,0.13367732,2.0320668,0
-0.16201167,-0.10867331,1.5609436,0.22611703,-0.6205527,-0.18118997,0.90312517,1.0236938,0.22423397,1.8999873,0
-0.11139186,-0.04294376,1.4361312,0.21165445,-0.7854186,-0.089715354,0.847003,1.0336053,0.29470056,2.051097,0
-0.008827284,-0.016139382,1.506834,0.22421105,-0.94695187,-0.041251555,0.9394736,0.9978932,0.30065182,1.873384,0
-0.19540183,-0.11592453,1.4541245,0.19763766,-1.0015361,-0.06943029,0.84858996,1.1379269,0.10825677,1.8492157,0
-0.11153379,-0.2122508,1.491947,0.17248231,-0.9770478,-0.1872973,0.85256183,1.2900801,0.07068561,1.8168619,0
-0.14537525,-0.068345115,1.4513737,-0.027517691,-0.84472466,-0.13020238,0.82261515,1.344872,0.13848907,1.6497076,0
-0.1281491,-0.035442963,1.5379858,-0.10750897,-0.8493667,0.06916629,0.9774912,1.2664495,0.1776087,1.813347,0
-0.15155046,-0.009097414,1.5826209,0.0825451,-0.8134093,-0.047317967,0.9701337,1.3704146,0.08143728,1.7250351,0
-0.14049056,0.08181673,1.6163669,-0.015599588,-0.9096365,-0.24665399,1.0575819,1.2791005,0.14766368,1.641957,0
-0.07062207,0.05273154,1.4720331,-0.013631721,-0.8994443,-0.3975496,1.022888,1.4464732,-0.051181838,1.6483063,0
-0.11399253,-0.029690133,1.5247791,-0.0871232,-0.8466639,-0.50987893,0.99386907,1.462361,-0.25102428,1.5771741,0
-0.14972956,0.16100107,1.3708144,0.050565034,-0.844598,-0.5492476,1.1038098,1.3731827,-0.17678161,1.557909,0
-0.17144068,0.308771,1.4283522,-0.020738622,-0.8795853,-0.5409607,1.1757461,1.4468708,-0.2426092,1.4945457,0
-0.21881752,0.3311095,1.2610484,-0.031352524,-0.8437678,-0.5093594,1.163916,1.5279922,-0.12107191,1.5058897,0
-0.2680433,0.3677659,1.1312349,-0.07253421,-0.90502995,-0.31842107,1.1625245,1.6861031,-0.11925311,1.542352,0
-0.21891126,0.2776674,1.2466335,-0.00083084404,-0.8926212,-0.3920684,0.97483116,1.6536738,-0.06567556,1.5903349,0
-0.14664075,0.3251514,1.2964296,-0.14276803,-0.8239633,-0.24754082,0.99104506,1.4536737,-0.0123883,1.5240414,0
-0.2218411,0.35989168,1.4091711,-0.15225254,-0.8213616,-0.2940485,0.9126696,1.5105556,0.052999,1.3617495,0
-0.31468582,0.35127708,1.5434889,-0.16916469,-0.8133772,-0.31086165,0.9365591,1.405443,0.07474694,1.4309932,0
-0.43661755,0.38734147,1.4817076,-0.23211743,-0.7898843,-0.1676081,0.8120574,1.2868155,0.035000954,1.486963,0
-0.3804087,0.4285146,1.4418185,-0.286569,-0.9299356,-0.1735409,0.7559061,1.3404737,0.042543937,1.410176,0
-0.26488298,0.27595973,1.5030156,-0.28689578,-0.9079738,-0.14475903,0.6057189,1.4347546,0.18565394,1.3644042,0
-0.27641797,0.31322584,1.6184354,-0.40571517,-0.85284734,-0.16968064,0.7939034,1.3610284,0.15246187,1.4329063,0
-0.3392425,0.37517118,1.5363252,-0.40748644,-1.0290246,-0.36859995,0.918448,1.355977,0.1231687,1.2930241,0
-0.3735432,0.43811485,1.4571784,-0.22540374,-1.0209718,-0.34244618,0.9349365,1.1615645,0.24449308,1.3443015,0
-0.34933528,0.44549763,1.5385202,-0.12747908,-0.98969465,-0.14244618,1.0456755,1.2980958,0.23735084,1.2547672,0
-0.23326135,0.24549763,1.490145,0.06463313,-1.1144651,-0.08241114,0.9013629,1.2625864,0.21166912,1.3428456,0
-0.40082765,0.11001763,1.6314843,-0.066014126,-1.2568264,-0.1044228,0.8097551,1.2303466,0.12675244,1.3267279,0
-0.43934712,0.15984413,1.6406361,-0.0036469474,-1.2267926,0.03615608,0.81110007,1.1208999,0.011804067,1.3204045,0
-0.5691112,0.15033957,1.6074021,-0.1569812,-1.260922,0.069147766,0.8965328,1.3130965,0.15406325,1.3684739,0
-0.50071055,0.21657042,1.5365131,-0.24405332,-1.2368876,0.18765257,0.83855444,1.2909632,0.23098354,1.514508,0
-0.53920764,0.24273792,1.5502889,-0.3644839,-1.1553458,0.109125085,0.7323862,1.1337446,0.3975208,1.6696011,0
-0.40937006,0.17194256,1.3940864,-0.22530474,-1.0760496,0.028762244,0.68205297,1.2353646,0.5151957,1.6817461,0
-0.40506542,0.09090256,1.420393,-0.31083933,-1.038407,-0.040575415,0.60759884,1.3902007,0.44465205,1.7703207,0
-0.45059153,0.13996708,1.2609961,-0.4058216,-0.9475462,-0.006343864,0.48600757,1.4604048,0.42567524,1.7516592,0
-0.4356899,0.17021514,1.1601064,-0.45925012,-1.0270908,0.07431582,0.68600756,1.4481859,0.44675413,1.6721034,0
-0.2709821,0.1466009,1.1275952,-0.45229688,-1.0328131,0.01903978,0.51401526,1.4354677,0.39140582,1.7107735,0
-0.36112595,0.22034264,1.2478858,-0.37771752,-1.1862957,0.032870833,0.40500525,1.4009683,0.40905058,1.7272805,0
-0.21625908,0.2718936,1.108191,-0.46867728,-1.0223181,0.13835482,0.4808902,1.4077368,0.38004547,1.82886,0
-0.13092539,0.22816265,1.0630028,-0.5475866,-1.1022904,0.100626245,0.56087935,1.356575,0.43681404,1.8545988,0
-0.07767902,0.2993715,1.0348657,-0.60338473,-1.0282354,0.12439992,0.549226,1.2643503,0.31295592,1.8565267,0
-0.0958872,0.41491225,1.0407524,-0.59601045,-0.9369019,0.06786516,0.52676535,1.0935057,0.24048945,1.8227674,0
-0.08703536,0.47380576,1.0810808,-0.6300809,-0.8072605,0.16157374,0.45416144,1.0714027,0.44048947,1.7590573,0
-0.19643623,0.49992174,1.1708137,-0.4807549,-0.863583,0.09367227,0.35107812,0.918418,0.38854647,1.7854801,0
-0.22775474,0.44870493,1.2056108,-0.4440982,-0.8717882,0.104581565,0.15107812,0.835013,0.48664683,1.8753632,0
-0.1641241,0.47040063,1.0056107,-0.5059266,-0.8048797,-0.05492042,0.22345045,0.7282831,0.44894147,2.0753632,0
-0.2335989,0.5653032,1.0827515,-0.4469006,-0.7947024,0.035161056,0.09259044,0.7875139,0.3678064,1.975056,0
-0.3394926,0.4354666,1.2075816,-0.46018666,-0.9947024,-0.10735623,0.15287212,0.8279465,0.43671864,2.0854619,0
-0.50818616,0.41931912,1.2338867,-0.5394406,-1.0846721,-0.26310143,0.0225932,0.85221606,0.36628467,2.0196047,0
-0.47697246,0.3576929,1.1666067,-0.6773315,-1.0882955,-0.43095416,0.05849224,0.6522161,0.4143783,2.130376,0
-0.41271287,0.40834144,1.2072375,-0.7632,-1.0065844,-0.436227,0.065804385,0.6801643,0.47187033,2.1748354,0
-0.38097584,0.4250877,1.2675165,-0.77184284,-1.0740013,-0.44782615,-0.046202585,0.6819722,0.43409777,2.1123755,0
-0.36733854,0.4427423,1.2620642,-0.6520115,-1.056986,-0.47043717,-0.098036155,0.7340155,0.28428805,2.0720246,0
-0.39531845,0.47072348,1.2691435,-0.5698207,-0.96720964,-0.38609707,-0.22422722,0.63671273,0.2656516,2.0617216,0
-0.45806128,0.45983866,1.220899,-0.65365946,-1.1282731,-0.58609706,-0.24837413,0.7485759,0.2364056,2.0250893,0
-0.34919688,0.5762662,1.1337347,-0.5614778,-1.2373075,-0.6221571,-0.32199267,0.57907104,0.32744467,2.1168697,0
-0.37198466,0.6565297,1.2124716,-0.43445587,-1.1609724,-0.6970297,-0.29540238,0.5429358,0.19795825,1.991333,0
-0.4196089,0.60736376,1.2430986,-0.6093017,-1.2281752,-0.7434619,-0.353184,0.6804023,0.21097636,1.8102206,0
-0.34033206,0.5966323,1.2043852,-0.6015651,-1.2713484,-0.7884466,-0.3061011,0.5339526,0.27888715,1.8750092,0
-0.26948956,0.7520773,1.2589226,-0.6107723,-1.2603219,-0.61387384,-0.4574108,0.6390624,0.18200754,1.9462333,0
-0.20037262,0.7885109,1.1322374,-0.54254216,-1.3923969,-0.76406133,-0.43953744,0.59514654,0.2501304,1.9050646,0
-0.2767116,0.7194424,1.2638645,-0.36314446,-1.2742463,-0.63786584,-0.3543006,0.5503287,0.15070456,1.8639789,0
-0.33131745,0.6471722,1.1583631,-0.41944087,-1.136565,-0.47995365,-0.38331294,0.5608201,0.13123071,1.8460195,0
-0.28917512,0.79647803,1.2837313,-0.28109866,-1.0493606,-0.27995366,-0.54803115,0.55069333,0.058688052,1.7752218,0
-0.14074431,0.996478,1.2593744,-0.41505298,-1.0797193,-0.22988679,-0.6434815,0.5082857,-0.01065287,1.758116,0
-0.17552264,1.1028773,1.2174531,-0.3323976,-1.2163036,-0.10461804,-0.68275577,0.3763622,-0.050924677,1.7714053,0
-0.17911613,1.1574675,1.0174531,-0.32386562,-1.1724768,0.0047392547,-0.64818484,0.1763622,-0.14540526,1.9714054,0
-0.2934236,1.0160674,1.0393565,-0.24776462,-1.153706,0.0045613335,-0.6720451,0.22663812,-0.109630406,2.138235,0
-0.2837387,1.1614085,0.9238105,-0.16949925,-1.3141508,0.061474867,-0.64703363,0.14234471,-0.2111385,1.9870713,0
-0.15369253,1.1059412,0.9363007,-0.18544933,-1.3171569,0.17286704,-0.6541423,0.07975304,-0.27410385,2.1372979,0
-0.10567599,1.0319002,1.0395597,-0.19464956,-1.2557348,0.018816339,-0.58682305,-0.017161133,-0.40623245,2.1722193,0
-0.05881306,1.0454422,1.0298113,-0.3618892,-1.0607814,-0.03246576,-0.62727493,0.019118683,-0.509087,2.22099,0
-0.006511666,1.0687646,0.9549918,-0.42340273,-1.059708,-0.09160906,-0.68893224,-0.032319956,-0.5384035,2.15885,0
0.13039689,1.0112377,0.95871145,-0.44063047,-0.9656983,-0.09989851,-0.7019136,-0.015098102,-0.44666064,2.2830117,0
0.12857698,1.0502176,0.92138416,-0.37669507,-1.0053982,-0.2366777,-0.63299847,0.13251951,-0.391906,2.0830116,0
0.21902815,1.0619556,0.9122795,-0.3060395,-0.8809411,-0.18734302,-0.55580616,0.03766893,-0.42913648,2.2830117,0
0.15541282,0.97775924,0.8804507,-0.45056435,-0.9417762,-0.20294093,-0.50544506,-0.08284512,-0.4406398,2.3272915,0
0.119463526,0.95542306,0.95105547,-0.42842764,-0.9697136,-0.17229742,-0.48588502,-0.18630813,-0.425185,2.3586502,0
0.15692988,0.92677975,0.87950027,-0.2645995,-0.95816153,-0.22673298,-0.4586483,-0.21944146,-0.36974198,2.430682,0
0.24194333,0.8615162,0.94944793,-0.21725461,-0.9983936,-0.21781342,-0.52559084,-0.18717796,-0.2751744,2.3439133,0
0.25283384,0.8687885,0.7611277,-0.28805873,-1.0550612,-0.2143225,-0.45806307,-0.13913186,-0.3081789,2.4567754,0
0.2996908,0.68227035,0.6914932,-0.29082158,-1.2036649,-0.28097764,-0.30129907,-0.07760407,-0.10374883,2.4993255,0
0.26351634,0.6494393,0.80941164,-0.44151896,-1.136166,-0.48097765,-0.21337613,-0.04120477,-0.17414314,2.4073932,0
0.3393154,0.5453631,0.8558383,-0.60547966,-1.0165021,-0.5026681,-0.17839134,0.14987442,-0.30338192,2.4609149,0
0.244163,0.366648,1.0522605,-0.42266688,-1.0041753,-0.4773622,-0.19001848,0.2375243,-0.30861586,2.4690166,0
0.21037985,0.35836372,0.938103,-0.341234,-0.83758104,-0.45168287,-0.22006392,0.18953711,-0.33665073,2.5664256,0
0.19293901,0.38223854,0.87425673,-0.46286696,-0.8865556,-0.5835629,-0.23712118,-0.010462895,-0.39618298,2.5118303,0
0.21665402,0.44871727,0.88839513,-0.48935392,-1.0021392,-0.6470306,-0.30915004,-0.011545845,-0.3859001,2.460781,0
0.16418433,0.49172306,0.78962237,-0.6066587,-1.0152324,-0.80426896,-0.39608768,-0.028028943,-0.4535061,2.3132007,0
0.23853135,0.46950388,0.8341802,-0.5382272,-1.1289842,-0.7449678,-0.30945408,-0.21405515,-0.5734336,2.2034073,0
0.12319564,0.48672304,0.8452787,-0.73739,-1.1597286,-0.753425,-0.27358937,-0.09833051,-0.7479708,2.2210548,0
0.2884153,0.56944317,1.0222628,-0.78019434,-1.1263697,-0.56879044,-0.30931115,0.07405779,-0.7538058,2.1626868,0
0.29257867,0.6914887,0.97557527,-0.5700797,-1.274735,-0.63950837,-0.42678043,0.037413646,-0.5731567,2.1479137,0
0.2298771,0.7594402,0.93662125,-0.3480383,-1.2433469,-0.64716774,-0.5604829,0.080358475,-0.6586174,2.1570594,0
0.2621957,0.71409637,0.8777576,-0.48638746,-1.1788824,-0.74298555,-0.5956541,0.083190426,-0.47432208,2.175551,0
0.18688649,0.6579145,0.9919616,-0.6713532,-1.1273211,-0.6716335,-0.49986014,0.25832748,-0.4031486,2.1933293,0
0.13345157,0.57418776,1.048145,-0.7585818,-1.025675,-0.6425606,-0.5703397,0.34587446,-0.37141985,2.139371,0
0.0738262,0.57289916,0.85911006,-0.60771763,-0.9160101,-0.6565091,-0.64223254,0.5349004,-0.33205065,2.121874,0
0.08968367,0.60756856,0.8995024,-0.47154143,-0.92965025,-0.67540187,-0.65237075,0.41108692,-0.37976846,1.9790909,0
0.16385819,0.6667378,0.95247066,-0.43773758,-1.0618178,-0.72836405,-0.6892858,0.6110869,-0.37833738,1.8802648,0
0.14950849,0.6076578,0.9666939,-0.480951,-1.1270887,-0.7444853,-0.700961,0.5602047,-0.34242743,1.8542325,0
0.040219188,0.5947073,0.9492914,-0.4344362,-1.206586,-0.73408884,-0.72303724,0.7602047,-0.16693266,2.0049286,0
-0.015133467,0.4072943,0.9944948,-0.4126476,-1.163061,-0.70851123,-0.5591021,0.8698135,-0.15184866,2.1625874,0
-0.06640271,0.3063692,1.0389103,-0.5330011,-1.0584394,-0.86168075,-0.43345037,0.84839475,-0.19291095,2.1750057,0
0.018598773,0.24023885,0.9694688,-0.7330011,-1.1907966,-0.77248496,-0.42950267,0.7837239,-0.15297756,2.0984256,0
-0.047436997,0.24220975,1.1413468,-0.7014051,-1.0576118,-0.84607506,-0.3842932,0.9326682,-0.2275843,1.949179,0
-0.069101475,0.15354666,1.2169173,-0.7970757,-1.040764,-0.8305116,-0.1842932,1.1117952,-0.18299104,1.749179,0
-0.124391824,0.13076784,1.1861099,-0.82567585,-1.0074395,-0.8268629,-0.11268901,1.1427311,-0.10611426,1.949179,0
0.002257511,0.073831126,1.38611,-0.6703888,-0.8841172,-0.7566864,-0.07360093,1.1600624,-0.0776661,1.8062898,0
0.081510454,-0.021415817,1.5822964,-0.8034988,-0.86524826,-0.89543235,-0.03913342,1.062688,-0.029956423,1.7780432,0
0.1908051,0.065557815,1.563779,-0.76129687,-0.74137676,-0.8497291,-0.08154805,0.9931591,0.1113677,1.9123864,0
0.17978646,-0.04140562,1.6428378,-0.6367873,-0.6936311,-0.76575947,0.0811768,0.95519507,0.23773602,1.9354637,0
0.23111409,-0.19066626,1.5219282,-0.77413803,-0.51450187,-0.86068887,0.089718364,0.8441968,0.25846475,2.013485,0
0.22564225,-0.09489079,1.4035952,-0.7223558,-0.47996378,-0.82473636,0.03839316,0.90140814,0.21643426,2.1625896,0
0.24686773,-0.1254655,1.2318512,-0.6424027,-0.41711304,-0.75675786,0.0038795844,0.9017956,0.111335315,2.0447943,0
0.2501363,-0.06976606,1.3196326,-0.7663558,-0.35372192,-0.8310711,-0.034145076,1.0469913,0.0013637394,2.0603557,0
0.14018548,-0.16218449,1.2219255,-0.6743828,-0.42515075,-0.6310711,-0.122584715,0.9664061,-0.024201265,2.231883,0
0.09144182,-0.072574854,1.191034,-0.6656679,-0.39621806,-0.461295,0.009931061,0.9312883,0.15037328,2.4217567,0
-0.06725531,-0.07726899,1.1758394,-0.62067837,-0.28503984,-0.3805532,-0.02368867,0.9814488,0.22438948,2.3032885,0
-0.15473825,-0.081238605,1.3280926,-0.6887623,-0.2269224,-0.4539512,0.037953347,0.8992558,0.122701235,2.3291886,0
-0.2222807,-0.032058477,1.2536708,-0.8136591,-0.19788453,-0.38397297,-0.010144933,0.6906372,0.19112651,2.4526772,0
-0.16431768,-0.10669218,1.336308,-0.80360454,-0.3329653,-0.4009876,0.00031213555,0.6345254,0.19921173,2.3814363,0
-0.144921,-0.15977798,1.2952125,-0.8517752,-0.2426176,-0.3889999,-0.06912471,0.655419,0.2559882,2.4166725,0
-0.16034456,-0.18533199,1.2563864,-0.72538906,-0.26294243,-0.28677315,-0.082248256,0.6311687,0.055988207,2.3397324,0
-0.22698148,-0.134503,1.1928495,-0.69753957,-0.40059808,-0.21406345,-0.03694841,0.5846828,0.19855255,2.3204339,0
-0.24977456,-0.163579,1.2220893,-0.6568396,-0.30101937,-0.3062297,0.037126485,0.58824176,0.081910715,2.3438191,0
-0.2132978,-0.08669538,1.3443602,-0.76703656,-0.09758355,-0.11523805,-0.05353897,0.69099945,0.09932411,2.4573002,0
-0.1500189,-0.18485847,1.2628311,-0.79414356,0.0485301,-0.071002245,-0.10286627,0.7477592,0.22415057,2.467904,0
-0.28515664,-0.2803723,1.2771494,-0.6728004,-0.03087975,-0.20193818,-0.22963978,0.6650675,0.1440339,2.4897346,0
-0.2878677,-0.27539605,1.3688774,-0.7649135,0.07308433,-0.27555257,-0.28346032,0.642776,0.09360021,2.4080756,0
-0.16434205,-0.19259512,1.2361915,-0.76255196,0.20685264,-0.31019768,-0.14353222,0.7311578,0.10123167,2.3360312,0
-0.15358202,-0.0150951315,1.3333405,-0.77095383,0.20269164,-0.33111963,-0.06680441,0.7380316,0.106230214,2.4275205,0
-0.13258186,0.037535332,1.2379977,-0.6453937,0.373369,-0.4677869,-0.11319065,0.6647134,-0.07508279,2.4926531,0
-0.20624411,0.11947703,1.1304001,-0.7121172,0.49620196,-0.45571756,-0.19502257,0.6903366,-0.11043757,2.4854743,0
-0.12590478,0.06842483,1.1055195,-0.7359187,0.5206351,-0.33227345,-0.24964616,0.60812426,-0.30372176,2.5119443,0
-0.2242165,0.17433824,1.0661087,-0.6357643,0.4052042,-0.35127723,-0.36570945,0.6579998,-0.29705834,2.5369296,0
-0.22751592,0.1496931,1.1293141,-0.50919527,0.4349334,-0.3796443,-0.34315684,0.7893185,-0.09217708,2.5116973,0
-0.25956765,0.22667556,1.1547313,-0.6447536,0.30441415,-0.41082722,-0.38399833,0.85544443,-0.03525791,2.4474885,0
-0.2161775,0.20102198,1.0525037,-0.64822257,0.121610224,-0.5246611,-0.32119906,0.6735868,-0.08122857,2.437859,0
-0.24736127,0.3076068,1.1702365,-0.6764847,0.11016899,-0.38257575,-0.19850308,0.6231048,-0.112476915,2.5214276,0
-0.24518567,0.27712595,1.1976737,-0.5754922,0.10171165,-0.46870905,-0.18749318,0.51095814,-0.14414947,2.5593803,0
-0.34278095,0.31321523,1.1054153,-0.5746059,0.08587071,-0.26496533,-0.14347115,0.46632168,-0.3117937,2.6114073,0
-0.2348878,0.21697527,0.9740029,-0.5999682,0.09596297,-0.38305798,-0.00921308,0.5461645,-0.3748897,2.6446626,0
-0.32229024,0.09622855,1.0134754,-0.5726063,0.011784352,-0.5416807,0.0043522147,0.3497607,-0.3620502,2.5524447,0
-0.2670899,0.07957658,0.9388585,-0.6308849,-0.051085554,-0.4311276,-0.032074586,0.4382467,-0.28771514,2.5699172,0
-0.20214838,0.079781175,0.9864302,-0.55565965,-0.07763133,-0.5231656,-0.0049705002,0.41022038,-0.19923052,2.5545554,0
-0.13565323,-0.058613732,0.8657374,-0.5823092,-0.1348245,-0.43949667,0.08672038,0.4619453,-0.207471,2.4559329,0
-0.15256861,0.036137655,0.98728496,-0.7823092,-0.3348245,-0.30985153,0.12698773,0.3682707,-0.13087247,2.5174162,0
-0.083053865,0.14851081,1.059891,-0.6204949,-0.36363867,-0.4614296,-0.023137689,0.56427675,0.06912753,2.3934112,0
-0.23110172,0.16303857,1.1114976,-0.6016163,-0.36114183,-0.2755538,0.04620204,0.57396716,0.09106744,2.3324795,0
-0.26459697,0.13783282,1.1032015,-0.61383814,-0.31808507,-0.26542848,0.13671894,0.5862916,0.10905281,2.2387626,0
-0.13452849,0.075420365,0.97582316,-0.6276272,-0.37434688,-0.24775423,0.19452144,0.6501589,0.18932107,2.3466737,0
-0.22289082,0.07967437,0.9888525,-0.5446695,-0.28528884,-0.44775423,0.25500193,0.6161284,-0.010678932,2.5128505,0
-0.31918013,0.10062294,1.0529573,-0.49850166,-0.37227336,-0.4412005,0.1538213,0.53795624,0.073058516,2.4669263,0
-0.5052792,0.07280419,0.9752003,-0.6148914,-0.2570761,-0.29488367,0.27361947,0.39268535,0.0247044,2.4612012,0
-0.70017725,0.040857714,1.0285411,-0.49990094,-0.24729802,-0.094883665,0.22520041,0.4375136,-0.025977336,2.5356069,0
-0.8453475,-0.017580507,0.8516389,-0.471241,-0.44177747,-0.19034986,0.30247933,0.47520792,-0.054053374,2.6050112,0
-0.9712851,0.06531932,0.82389116,-0.37426296,-0.24222042,-0.25225526,0.3190356,0.5509513,-0.012853015,2.5546165,0
-1.0062562,-0.0067289174,0.8326624,-0.33530238,-0.44222042,-0.09696174,0.23779738,0.5444042,-0.03700141,2.510892,0
-1.0270385,-0.018341761,0.89158654,-0.5014332,-0.39618608,-0.05259498,0.21867034,0.5185952,-0.07631168,2.4900234,0
-0.9297036,-0.19017781,0.90814626,-0.56056577,-0.52843153,-0.1410254,0.20819595,0.639082,0.06929816,2.490947,0
-0.94156903,-0.20619167,0.8835541,-0.4944714,-0.5779468,0.056421638,0.12111931,0.5973199,0.11589913,2.5146897,0
-0.9749333,-0.09641146,0.99004006,-0.50225204,-0.5707628,0.1950581,0.16432683,0.5612961,0.10749376,2.4678621,0
-1.0203899,-0.1758318,0.7900401,-0.58719087,-0.55844134,0.092390545,0.116997495,0.49183738,0.049985897,2.3034787,0
-1.0429399,-0.18718743,0.8187341,-0.5188377,-0.62776554,0.064940736,0.04916308,0.5236043,-0.056982446,2.3470635,0
-0.95896816,-0.18685885,1.0187341,-0.48093438,-0.82076305,-0.008882292,0.025840808,0.43146172,-0.051052798,2.408705,0
-0.9025571,-0.11740392,1.0347291,-0.33999473,-0.81960905,0.040450107,0.06202455,0.47200677,-0.09710074,2.4649312,0
-0.8598373,-0.1464007,0.9754291,-0.37001413,-0.79102063,0.20993449,-0.0887126,0.47665358,-0.15935281,2.4941187,0
-0.81789726,-0.1274024,0.99912655,-0.3248926,-0.78796756,0.17356911,-0.07240091,0.41092795,-0.16351357,2.5217342,0
-0.75925565,-0.02784692,0.9969985,-0.32749206,-0.9468828,0.28532192,0.0004757759,0.51188487,-0.14631343,2.461721,0
-0.79012406,0.016020784,0.907199,-0.2260049,-0.92144465,0.18028909,-0.06486538,0.49806938,-0.074933834,2.5222807,0
-0.7929684,0.15389211,0.94560534,-0.09316148,-0.8807323,0.1861473,0.00891038,0.4471543,-0.04144013,2.4581027,0
-0.9760634,0.18985927,0.94305956,0.106838524,-0.71327835,0.16518539,-0.014058098,0.39444974,-0.0357241,2.44235,0
-1.0459349,0.21897973,1.0590622,0.21422073,-0.6452671,0.24972008,-0.176945,0.28027225,-0.020229988,2.464554,0
-1.0882763,0.32421082,1.1427524,0.107655436,-0.75322133,0.3192209,-0.21995711,0.4124087,-0.06762062,2.3290856,0
-0.99524975,0.38346282,1.1029739,-0.03923951,-0.9532213,0.3015279,-0.24756573,0.4144465,-0.1384461,2.2280831,0
-1.1132686,0.49688375,1.0210711,0.12650687,-0.9671706,0.2986208,-0.14051554,0.6144465,-0.29313466,2.2084994,0
-1.0515519,0.5941692,1.1081797,0.10699153,-0.9281131,0.39589715,-0.12127976,0.7290442,-0.18032272,2.1288629,0
-1.12034,0.46757913,1.1063933,-0.08041704,-0.96213907,0.26596916,-0.29079407,0.7487311,-0.3106091,2.1219125,0
-1.0595331,0.53084725,1.0825701,-0.08803188,-1.0314345,0.3567899,-0.30623692,0.6877597,-0.13274458,2.094607,0
-1.0921469,0.41799235,1.15197,-0.21339239,-1.1009752,0.31061408,-0.33183703,0.5600365,-0.10578468,2.1251714,0
-1.1051416,0.3026628,1.0775483,-0.37878507,-0.93363166,0.30433467,-0.22773728,0.68562484,-0.04394587,2.212308,0
-1.0435247,0.21896106,1.1184037,-0.43747327,-0.946181,0.14803657,-0.23698054,0.67770386,0.011738468,2.2334166,0
-0.96557087,0.103216924,1.1117562,-0.47494802,-0.9097052,0.23062597,-0.2851698,0.56173795,-0.08973962,2.1823413,0
-1.0442747,0.05901555,1.0495491,-0.48258457,-0.83061063,0.24400644,-0.115508795,0.4752685,-0.099925846,2.2505236,0
-1.0760064,0.061186522,1.1193544,-0.4846009,-0.7252771,0.4224402,-0.02797011,0.3990548,-0.07410297,2.3410835,0
-1.05921,0.054708224,1.024232,-0.4038669,-0.7681385,0.44635478,-0.10630997,0.5769003,-0.17074211,2.3452897,0
-0.9644979,-0.14529178,1.0022254,-0.32975504,-0.640867,0.5398973,-0.15099618,0.5276092,-0.11240174,2.249318,0
-1.0330588,-0.113349676,1.0454878,-0.38742414,-0.5635807,0.6031961,-0.13693924,0.4142832,-0.065825626,2.2778487,0
-1.1012244,-0.17696527,1.1295366,-0.54489833,-0.5176312,0.7501398,-0.13801767,0.488289,-0.0054325876,2.257225,0
-1.1643007,-0.18806788,1.1164476,-0.46539623,-0.3923544,0.66033334,-0.09639907,0.47699022,0.11865998,2.3032825,0
-1.1160551,-0.08418017,1.1731585,-0.31472617,-0.3552751,0.7375985,-0.020181261,0.2782628,-0.05779647,2.3493657,0
-1.2225567,-0.012590766,1.1189177,-0.11766936,-0.2886409,0.6182745,-0.07041752,0.47826278,-0.041139975,2.1493657,0
-1.3267494,0.06914869,0.9928197,-0.2616303,-0.19023189,0.6334483,-0.12888762,0.51845604,-0.009083778,2.1908064,0
-1.3862659,0.041241333,1.0941819,-0.29778427,-0.19591182,0.70820904,-0.18740273,0.3087493,0.043047037,2.262392,0
-1.4964983,0.03964502,0.9347286,-0.22600664,-0.37968722,0.66151977,-0.3611152,0.38641173,0.21321918,2.2197237,0
-1.4560313,0.07244122,1.0139431,-0.37861225,-0.48115942,0.55095893,-0.30277744,0.4523887,0.26247308,2.191576,0
-1.4624022,0.0597567,0.9884127,-0.30408892,-0.46578267,0.7236211,-0.4844744,0.30697265,0.309532,2.150126,0
-1.414615,0.17494352,1.0481298,-0.17331469,-0.4649382,0.76090115,-0.36491182,0.28628972,0.32759368,2.173032,0
-1.4995846,0.21397494,1.0419065,-0.031221192,-0.33806306,0.8362773,-0.36111286,0.35019845,0.2554212,2.1182516,0
-1.386487,0.24743396,1.0806518,-0.11628117,-0.26892868,0.8618472,-0.35254765,0.2220599,0.36029106,2.171771,0
-1.5105538,0.27125564,1.2321172,-0.020146549,-0.283246,0.95382553,-0.14676633,0.33592838,0.3059499,1.9768977,0
-1.5041848,0.32744128,1.3315166,-0.22001001,-0.39963064,1.1501604,-0.23071893,0.22071026,0.26627412,1.7757956,0
-1.5164601,0.37479335,1.1588057,-0.21451117,-0.3946581,1.319614,-0.22414497,0.18037124,0.22311652,1.7723823,0
-1.393826,0.39175105,1.2335901,-0.16346945,-0.41301382,1.3219422,-0.29891208,0.06280517,0.2745371,1.8079097,0
-1.3062733,0.26978788,1.2820646,-0.3608893,-0.43139604,1.3479894,-0.19774625,0.094616495,0.29937923,1.7142899,0
-1.3148605,0.28106546,1.3104975,-0.2889032,-0.3834547,1.4313792,-0.16058989,0.088641405,0.16893671,1.7700862,0
-1.2209042,0.09125076,1.2937163,-0.37476537,-0.28999516,1.2313792,-0.2595596,-0.1113586,0.34163025,1.7976162,0
-1.235788,0.08195283,1.3260006,-0.39263678,-0.23137471,1.3098029,-0.21487494,-0.14040215,0.41553232,1.8830829,0
-1.3086506,0.01908906,1.3273423,-0.3757434,-0.14261526,1.3444078,-0.32135907,-0.24655846,0.32816985,1.8123244,0
-1.3541952,0.056421112,1.4386523,-0.29059118,-0.29472107,1.2964454,-0.32843482,-0.29947504,0.38344702,1.7019373,0
-1.2647694,0.10391671,1.4093523,-0.43615115,-0.40512827,1.3595338,-0.4068399,-0.095300466,0.39252943,1.6946734,0
-1.1594077,0.122895494,1.2947038,-0.3712902,-0.21944867,1.2645112,-0.315282,-0.20590091,0.24024059,1.8156086,0
-1.2669469,0.11772835,1.2683986,-0.39793292,-0.21825142,1.1704535,-0.40480816,-0.20647088,0.1979958,1.8163065,0
-1.1291186,0.047383085,1.2509441,-0.27069297,-0.34895507,1.2533598,-0.3054372,-0.10641653,0.11243264,1.6480026,0
-1.1025054,-0.10999338,1.3172976,-0.38162467,-0.4643516,1.2299173,-0.12928213,-0.074860476,0.05370898,1.8480027,0
-1.3025055,-0.052995756,1.4078226,-0.3500507,-0.49516052,1.2892156,-0.019471012,-0.0011583567,-0.005296804,1.7524102,0
-1.2821991,-0.13812113,1.4093945,-0.27177632,-0.49048427,1.148925,-0.09381333,0.060729798,-0.004764915,1.7520063,0
-1.3887669,-0.2194864,1.4203576,-0.24705274,-0.4099214,1.1951014,-0.20206448,0.19221039,0.1318012,1.785893,0
-1.3147212,-0.098473884,1.3951483,-0.35877615,-0.5011697,1.1920902,-0.16458748,0.17108992,0.14821355,1.8536652,0
-1.423118,-0.1524527,1.3747619,-0.35983634,-0.48929888,1.1273243,-0.10304627,0.16083413,0.277689,1.8188375,0
-1.239316,-0.2814507,1.3550828,-0.5598363,-0.62879276,1.0032551,0.05407694,0.21710256,0.39298683,1.7818793,0
-1.103503,-0.3288643,1.3329082,-0.6533265,-0.5269667,1.0218854,0.064838484,0.11059708,0.2546798,1.6984234,0
-1.0787994,-0.3741749,1.3339788,-0.678319,-0.54863244,0.9457154,0.0795996,-0.02625785,0.3366178,1.8984234,0
-1.2145716,-0.57290035,1.2865466,-0.82764375,-0.6148758,0.8449235,0.046938587,0.07408268,0.46448967,1.8817528,0
-1.1496218,-0.6090866,1.2072052,-0.7336757,-0.5120614,0.81853545,0.08132001,0.26157224,0.4982441,2.0140185,0
-1.0124271,-0.59638953,1.0072051,-0.63934153,-0.6323295,0.74288285,0.11324982,0.21455869,0.5438214,2.0595832,0
-1.1055702,-0.5848849,1.1228316,-0.59286386,-0.65229553,0.6320731,-0.07060909,0.26864746,0.35340714,1.9912912,0
-1.1578574,-0.51860636,1.1361822,-0.6244261,-0.62531495,0.82892585,-0.08641684,0.2364713,0.40814117,1.934624,0
-1.2178233,-0.4728381,1.1967285,-0.56022555,-0.5014115,0.7817118,-0.038275164,0.3561989,0.31778544,1.8973429,0
-1.1881571,-0.33220896,1.3104573,-0.6899049,-0.48453668,0.78777605,-0.024405742,0.3912452,0.32304066,1.8819901,0
-1.2038032,-0.30748048,1.261198,-0.88720846,-0.5313734,0.96877015,0.11552676,0.2790561,0.12266784,1.936857,0
-1.1932799,-0.34370378,1.22719,-0.98291755,-0.43313116,0.9883733,0.15566655,0.25652874,-0.0064326003,1.8351355,0
-1.2830794,-0.25661469,1.1660432,-1.0436027,-0.4246974,0.7883733,-0.044333458,0.3171162,-0.20643261,1.8519609,0
-1.133539,-0.28815684,1.255418,-0.831901,-0.43551642,0.9513081,-0.034412652,0.25545225,-0.3290533,2.023498,0
-1.1855686,-0.2211065,1.3205177,-0.6054797,-0.35704,0.8459467,-0.1552364,0.41212747,-0.39292565,2.060031,0
-1.2321293,-0.21285823,1.3410786,-0.5505284,-0.35222253,0.94898796,-0.16994584,0.35710886,-0.4613034,1.9852271,0
-1.1653248,-0.3731482,1.3351918,-0.6687062,-0.32146627,0.81600213,-0.10284877,0.46891284,-0.52783984,1.8197833,0
-1.3010565,-0.27506328,1.5351919,-0.49421382,-0.31075683,0.63214934,-0.10395266,0.5049849,-0.47586954,1.8705142,0
-1.2040533,-0.18108511,1.5920898,-0.63696164,-0.26665774,0.6396854,-0.11278946,0.61926633,-0.30232444,1.8997577,0
-1.2483431,-0.25476468,1.6349531,-0.43429917,-0.18522762,0.6230853,-0.1442161,0.48326796,-0.3475931,1.9280393,0
-1.3700138,-0.31518096,1.5835204,-0.32112014,-0.27662775,0.75218356,-0.124942996,0.43184665,-0.290851,1.7969688,0
-1.3597918,-0.28732756,1.6136905,-0.30638725,-0.07474674,0.6901618,-0.22421469,0.3717901,-0.15990804,1.9169137,0
-1.4145815,-0.15999998,1.4970614,-0.36410776,-0.17370796,0.70197743,-0.26009718,0.44950563,-0.12558042,1.9470923,0
-1.4897969,-0.09029696,1.6444923,-0.19803278,-0.013108805,0.8240151,-0.2834393,0.48168844,-0.10351906,1.7396923,0
-1.4559382,-0.017623655,1.4950339,-0.13496128,-0.16689487,0.6697741,-0.386366,0.44651923,-0.14813131,1.8477842,0
-1.5196996,-0.17043045,1.4473062,-0.001391694,-0.13823456,0.48540452,-0.39671844,0.41247535,0.016745284,1.8483284,0
-1.4301924,-0.13675764,1.505219,0.19639227,-0.19051921,0.34446263,-0.46194243,0.38034576,0.12666844,2.0254734,0
-1.4226849,-0.08170277,1.5921173,0.18693914,-0.10982421,0.36921695,-0.48012233,0.44315615,0.21654548,1.943535,0
-1.4376507,-0.103220165,1.5686258,0.28386024,-0.10685414,0.28038475,-0.5061976,0.29623526,0.22424434,1.9740899,0
-1.4360342,-0.04392555,1.5552262,0.27801454,0.004404464,0.2790961,-0.3743566,0.19897261,0.28836432,2.024612,0
-1.4660075,-0.1711644,1.6351572,0.30549243,-0.029316267,0.32247674,-0.4265175,0.3036787,0.30689806,1.8924288,0
-1.3561018,0.005486116,1.5835147,0.10549243,-0.07333239,0.22915652,-0.59867346,0.31306148,0.25091553,1.6924287,0
-1.5053203,-0.06714777,1.6714667,0.12398392,0.024539232,0.25525185,-0.53122807,0.31587496,0.18733469,1.7190101,0
-1.5317283,0.03826084,1.7711486,0.168719,0.079036556,0.05352281,-0.39888683,0.19080572,0.19617179,1.8010551,0
-1.4336439,0.1365334,1.7202661,0.14909579,-0.007184632,0.13151275,-0.42596528,0.3257297,0.08783541,1.8190984,0
-1.4248929,0.09925586,1.7052677,0.19344236,0.009424055,0.10182476,-0.43971133,0.40225354,-0.014893558,1.9101408,0
-1.4797912,0.014220346,1.6824256,0.1447579,0.04418935,0.06206786,-0.61147267,0.44356424,0.02450883,1.8388722,0
-1.3251752,0.13715014,1.7991264,0.21254429,-0.06467858,-0.08534091,-0.5986743,0.40077603,0.09575228,1.8448312,0
-1.5210077,0.18792482,1.8482581,0.055763233,0.00040232422,-0.24529359,-0.5409006,0.23692335,0.20547375,1.6676204,0
-1.5050061,0.1675794,1.85872,0.15923767,-0.0070907455,-0.2589795,-0.48510608,0.29174352,0.21206479,1.5872983,0
-1.4203011,0.13450548,1.833972,-0.040762335,0.11127212,-0.2628481,-0.49402824,0.14515032,0.3128158,1.618052,0
-1.4209094,0.07971543,1.8332742,-0.081920326,0.29129705,-0.4204281,-0.56213605,0.014836222,0.4347274,1.5128458,0
-1.4694525,0.026714623,1.9313099,-0.23611288,0.33977336,-0.56615007,-0.6841812,-0.043621957,0.6053673,1.3128457,0
-1.4856042,0.0067172516,1.8329926,-0.30402192,0.25303677,-0.5556874,-0.61678135,-0.10384163,0.65498453,1.3748931,0
-1.3613582,0.014549513,1.7126288,-0.25306994,0.10439721,-0.72088933,-0.57871026,0.012096606,0.63962114,1.5748931,0
-1.3525267,-0.11662806,1.611951,-0.35007328,0.05553868,-0.82494664,-0.60131854,-0.046128944,0.6240338,1.6039963,0
-1.3192838,-0.06809751,1.6595578,-0.37562147,0.015223846,-0.7816331,-0.53284657,-0.09780057,0.5425086,1.6375742,0
-1.2039622,-0.024996147,1.7182124,-0.4285037,0.030310683,-0.79860735,-0.46697542,-0.29780057,0.49670818,1.521724,0
-1.2107333,0.043648295,1.7158111,-0.5150858,-0.034580067,-0.83406043,-0.44915494,-0.35926902,0.50395185,1.4382417,0
-1.151342,0.16038324,1.723453,-0.5483329,-0.13483092,-0.835337,-0.34245563,-0.35286936,0.5038622,1.4813765,0
-1.193403,0.096981615,1.5748165,-0.46958122,-0.09623155,-0.9379557,-0.35900256,-0.43514985,0.55751973,1.467264,0
-1.3205485,0.11812076,1.7196009,-0.45300055,0.06898008,-1.1202401,-0.2766048,-0.45947307,0.66785973,1.4445076,0
-1.3193067,0.14688262,1.665484,-0.49400696,0.063150235,-1.2275367,-0.2481231,-0.51412356,0.61087584,1.417774,0
-1.3149885,0.09323401,1.7317022,-0.5789193,0.06683742,-1.202759,-0.31564116,-0.5092303,0.6745416,1.2896223,0
-1.2279094,0.09980286,1.6343611,-0.6685161,0.21099594,-1.1566918,-0.2772527,-0.30923033,0.6803716,1.2898021,0
-1.3313445,0.13774613,1.625369,-0.54073906,0.13396321,-1.1213834,-0.40783262,-0.19532076,0.8402397,1.2944328,0
-1.3373948,0.047030844,1.6567358,-0.5253831,0.21450748,-1.1179037,-0.42558295,-0.040066723,0.7796337,1.4498571,0
-1.3608086,0.22162065,1.6346939,-0.3773222,0.1802966,-0.9288025,-0.46025276,0.010345742,0.9044333,1.4748298,0
-1.3329246,0.23356766,1.6907318,-0.1773222,0.18165955,-0.9312079,-0.43165806,-0.08508185,0.72580457,1.4355171,0
-1.3570945,0.3723241,1.6683713,-0.3773222,0.34361362,-0.845828,-0.48050204,-0.28508186,0.76842487,1.3293488,0
-1.3316319,0.38917935,1.5354812,-0.294046,0.5436136,-0.96876264,-0.45478755,-0.1533133,0.7726041,1.1688744,0
-1.1935724,0.44042617,1.710323,-0.32681164,0.5610509,-1.16666,-0.39897534,-0.038178883,0.89064187,1.1845526,0
-1.2800254,0.5522376,1.692662,-0.1751797,0.3610509,-1.1243483,-0.41126552,-0.0631787,0.90192205,1.0678196,0
-1.2112117,0.6153603,1.8570697,-0.1696688,0.3586601,-1.3056649,-0.3875,-0.004792519,0.7890599,0.9257091,0
-1.1807299,0.6159147,1.8805225,-0.09718265,0.25407445,-1.3764417,-0.44242343,0.044274136,0.68178856,1.0290955,0
-1.1685753,0.5593867,1.858881,0.036418483,0.2738861,-1.4128461,-0.5401781,-0.15572587,0.49241668,0.94077337,0
-1.1842321,0.5724892,1.9657686,0.019559,0.33051127,-1.3125182,-0.48505974,-0.17218493,0.48395616,1.0364053,0
-1.1978694,0.44413695,2.0034757,-0.10274745,0.43257016,-1.2915784,-0.31148142,-0.06251597,0.40799046,1.1048539,0
-1.055623,0.32349315,2.0346928,-0.07006703,0.34960663,-1.2988868,-0.2636756,0.0028756037,0.38667879,1.1017709,0
-0.9853848,0.30287963,2.2261868,-0.20344585,0.35323575,-1.3659221,-0.12164223,-0.08481863,0.34038344,0.90089566,0
-1.0147122,0.28706482,2.162876,-0.15645653,0.375318,-1.3911961,-0.056801047,0.0977083,0.31245098,0.9993767,0
-0.97892576,0.23546079,2.183899,-0.2624366,0.21185881,-1.4421178,-0.08941538,-0.0040766764,0.28547245,0.96637547,0
-0.9275999,0.20773378,2.1934395,-0.3232364,0.0922763,-1.447378,-0.23902446,-0.0052215992,0.24767658,0.97919595,0
-0.77663714,0.11997607,2.247323,-0.11571298,0.07785914,-1.4644805,-0.08526012,-0.03650978,0.19259998,1.0593054,0
-0.758695,0.02833917,2.1951475,-0.055709783,0.23949477,-1.5868331,-0.13654748,0.042048745,0.1798284,0.9867396,0
-0.89958364,-0.072284654,2.1652052,-0.05933959,0.24097642,-1.4854815,-0.14064075,-0.09758382,0.05850882,0.9705727,0
-1.0227457,-0.043526202,2.1145697,-0.11948396,0.1238659,-1.4965099,-0.22106513,-0.13271068,0.005670692,1.0700555,0
-1.0269489,0.0013943652,2.0770626,-0.23701215,0.21550359,-1.4564902,-0.15923512,-0.018050708,-0.13275255,1.1678619,0
-0.9538785,-0.1045356,2.0275588,-0.104894295,0.18401241,-1.2564901,-0.16875342,-0.042663425,-0.031141102,1.2954425,0
-1.0432947,-0.21092795,1.9315807,-0.04968746,0.3840124,-1.2457224,-0.2689237,-0.0339005,-0.043768127,1.3648505,0
-1.0524262,-0.24092531,1.9693146,-0.050555665,0.22818297,-1.0457224,-0.31976354,-0.1416099,-0.17634407,1.3608716,0
-1.0949497,-0.22220322,1.7748504,-0.0077246763,0.398012,-0.97174776,-0.3683065,-0.19309261,0.020543128,1.4584457,0
-1.2801166,-0.055237323,1.8702469,-0.036021933,0.38609803,-1.0340035,-0.33318615,-0.10321532,-0.17113772,1.4258759,0
-1.33253,-0.053052716,1.733844,-0.17380455,0.4320283,-1.132356,-0.34227568,0.014501251,-0.07080403,1.5326796,0
-1.3434619,-0.14413473,1.7750515,-0.15762915,0.39244264,-1.246479,-0.2612354,0.02330216,-0.09134881,1.4878939,0
-1.2782544,-0.055185303,1.8118645,-0.08436585,0.32874778,-1.1690668,-0.2738871,-0.05955451,-0.1788584,1.5772464,0
-1.3041117,0.052253097,1.7338732,-0.17771348,0.21378464,-1.0977447,-0.256956,0.016554639,-0.1868091,1.5297889,0
-1.3659421,-0.10472573,1.6105049,-0.108617656,0.21278131,-1.0654523,-0.2641605,0.093517736,-0.23640822,1.5621178,0
-1.4178579,-0.0783453,1.4970307,-0.09164484,0.27765113,-1.2094235,-0.179328,0.22111106,-0.43640822,1.5707132,0
-1.4583979,-0.041604925,1.4395334,-0.03628253,0.25644317,-1.3373294,-0.24509722,0.17463848,-0.35310858,1.3707131,0
-1.6535876,0.053689446,1.4598173,-0.09339106,0.29035482,-1.3575343,-0.2850365,0.19668812,-0.33276856,1.2976321,0
-1.616026,0.03729136,1.5870011,-0.15643805,0.28065756,-1.2582738,-0.18183048,0.18505973,-0.40447864,1.3968136,0
-1.7546642,-0.067633584,1.4049412,-0.15113087,0.08065756,-1.3454638,-0.082116164,0.120001204,-0.43099353,1.2637951,0
-1.7721877,-0.14681475,1.3896648,-0.16361795,0.1601257,-1.3015454,0.054390125,0.29557323,-0.3549252,1.187552,0
-1.7713486,0.00584856,1.4538597,-0.18805695,0.03600145,-1.3704212,0.12449525,0.41069484,-0.30712032,1.2471462,0
-1.7159083,0.029675424,1.4729906,-0.22354089,0.09470625,-1.2845601,0.23419912,0.44610932,-0.2742083,1.3590399,0
-1.7875944,-0.06262835,1.4957879,-0.18509309,0.12137488,-1.2295266,0.2187624,0.41910022,-0.46757457,1.2148074,0
-1.8500918,-0.1340876,1.517941,-0.25641033,0.2597574,-1.0835412,0.3348784,0.3646911,-0.3171651,1.2657083,0
-1.7770207,-0.18413089,1.5424324,-0.2511586,0.28619364,-1.1075103,0.46223137,0.26303095,-0.31560802,1.2942865,0
-1.7450417,-0.22723998,1.533234,-0.14055032,0.281354,-1.2120502,0.45471722,0.20200902,-0.21827556,1.2996869,0
-1.781843,-0.34927326,1.5045278,-0.122489884,0.15031362,-1.0120502,0.5048364,0.027671546,-0.31599867,1.2318637,0
-1.7376328,-0.50356746,1.5415325,-0.28970355,0.19365853,-1.0208493,0.47732317,0.02078039,-0.18304685,1.1535833,0
-1.7864149,-0.39858872,1.5794318,-0.32332763,0.080701075,-1.0270529,0.5473757,0.21310331,-0.07347663,1.1689427,0
-1.7244632,-0.46775594,1.6639011,-0.3719525,0.04991677,-0.9124273,0.51008725,0.27228412,-0.09730929,1.3121372,0
-1.7242763,-0.366378,1.5385474,-0.29666853,0.004652566,-0.9943629,0.6378964,0.36123696,-0.111142874,1.378028,0
-1.8171043,-0.265469,1.5724136,-0.3816881,0.16588369,-0.9126994,0.6658706,0.2539354,-0.114555076,1.275916,0
-1.8308376,-0.28416836,1.5453491,-0.4045979,0.17444898,-1.0008184,0.6448972,0.20092167,-0.045832764,1.2349277,0
-1.8687736,-0.17067055,1.4910246,-0.50314605,0.089457005,-1.1188519,0.67274594,0.15521942,-0.090168744,1.1214287,0
-1.7528938,-0.0444345,1.5344304,-0.41013172,0.13165975,-1.2623461,0.6449715,-0.023600684,-0.12981725,1.1655277,0
-1.9217834,0.004192129,1.3590494,-0.39335516,0.04572238,-1.0640496,0.5895372,-0.06339395,0.027238116,1.0259088,0
-1.9651183,-0.12628324,1.5102898,-0.38317382,0.12408267,-1.0821306,0.5512777,0.074521914,0.043055154,0.847821,0
-1.8965033,0.07371676,1.43523,-0.41311848,0.088478476,-1.0441196,0.4312662,0.05800986,-0.15694484,1.047821,0
-1.8671514,0.20168845,1.4299356,-0.39230394,-0.051142782,-1.0908525,0.51938105,0.095427394,-0.087604314,1.2478211,0
-1.9363182,0.12708819,1.4757764,-0.3015353,0.127464,-1.1161989,0.44694418,0.1288023,-0.106704935,1.1780403,0
-1.7840314,0.0033567925,1.508869,-0.32270294,0.09706289,-1.1174307,0.5861558,0.09363136,-0.13976456,1.3440412,0
-1.8189191,0.097480394,1.5272695,-0.29732642,-0.001438099,-1.2335417,0.5185038,0.27928966,-0.10028596,1.1758158,0
-1.6626303,0.06623327,1.5086575,-0.24996465,-0.063818716,-1.3457528,0.519843,0.3896396,0.027422724,1.2863951,0
-1.664211,0.22114146,1.5271003,-0.24429925,-0.007625116,-1.4113678,0.6076061,0.49456534,0.047249097,1.0870836,0
-1.5602494,0.070086084,1.5018545,-0.26389888,0.18313302,-1.5288688,0.56857204,0.49492785,0.07615816,1.1359996,0
-1.4991137,0.08122798,1.5406199,-0.24061662,0.15677163,-1.4928902,0.7523243,0.54519814,0.14053968,1.0855279,0
-1.543091,0.069974266,1.4946301,-0.17522538,-0.0384464,-1.5085028,0.58296764,0.68059886,0.16754942,1.1140705,0
-1.4867355,0.02194895,1.5886722,-0.11678765,0.027159465,-1.5703561,0.47430572,0.59889066,0.2004831,1.0775124,0
-1.3851802,0.13686499,1.548982,-0.16649358,0.07041593,-1.6340501,0.47501713,0.66536,0.22430229,1.1143357,0
-1.2143537,0.104579285,1.4858749,-0.31145847,0.17165036,-1.7533754,0.37624818,0.580149,0.07253213,1.1742632,0
-1.1527778,0.178594,1.5555531,-0.139876,0.02755199,-1.6900349,0.45808673,0.67288923,-0.0385448,1.29569,0
-1.0665152,0.16472423,1.5472933,-0.082906365,-0.0024908958,-1.73815,0.3829118,0.6377799,-0.07491518,1.3617094,0
-0.91108155,0.22486183,1.5270332,0.11709364,-0.16966888,-1.7213336,0.36448944,0.4845849,-0.11709441,1.1763581,0
-0.9614534,0.19368207,1.4771035,0.12564437,-0.12716551,-1.6018753,0.36011133,0.3650134,-0.14767875,0.9763581,0
-0.92587274,0.1579492,1.5024576,0.2803324,0.013373494,-1.6486058,0.34925115,0.41051692,-0.1255518,1.1170911,0
-0.9989724,0.045102708,1.6938128,0.43085867,-0.05231917,-1.7959156,0.34771398,0.5689707,-0.1878678,1.1016626,0
-1.1246469,0.015870862,1.5762087,0.49306983,0.08663917,-1.8104805,0.3178331,0.544778,-0.18079878,1.1364555,0
-1.0522786,0.019774271,1.4535323,0.59222996,-0.08845175,-1.8334228,0.2706374,0.63145894,-0.08960166,1.1166798,0
-1.1018701,-0.019070266,1.4990588,0.44969833,-0.08989823,-1.800133,0.31970015,0.59389186,-0.13929927,1.1540349,0
-1.0184491,-0.0025002416,1.582067,0.49205056,-0.0070010126,-1.7019027,0.24122295,0.62892187,-0.30190647,1.2610226,0
-1.2018136,0.036135986,1.5990212,0.41237468,-0.06978869,-1.6048431,0.12305407,0.47604844,-0.18882866,1.4034259,0
-1.0772858,-0.12286119,1.5485327,0.55735177,0.08067798,-1.6095414,0.0554735,0.62523675,-0.18566218,1.4365481,0
-1.2330546,-0.06889956,1.5510828,0.48268437,-0.034112006,-1.4095414,0.09539439,0.42523676,-0.124215834,1.401912,0
-1.2402315,-0.015867937,1.5845563,0.43822432,-0.031736076,-1.4262408,0.1492179,0.51484627,-0.15719752,1.3867788,0
-1.353779,-0.033043325,1.5056298,0.27916646,0.14163981,-1.4828935,0.22320521,0.3557781,-0.30385184,1.4615899,0
-1.4466628,-0.13073398,1.6335081,0.33137646,0.2364906,-1.3731953,0.22917867,0.28490883,-0.2874369,1.3608724,0
-1.3768585,-0.16225682,1.7046766,0.48356682,0.25256485,-1.4130887,0.26509124,0.32359293,-0.21951146,1.2862322,0
-1.307868,-0.18474855,1.7388793,0.46247864,0.20677158,-1.3529774,0.297117,0.22688347,-0.19505918,1.3944628,0
-1.2746577,-0.24543111,1.8143387,0.5235018,0.15759999,-1.3242688,0.38385615,0.22912434,-0.13666934,1.3062282,0
-1.2185501,-0.21342362,1.9233199,0.5286229,0.21576448,-1.3121527,0.33159885,0.17514116,-0.06660277,1.2560327,0
-1.1532006,-0.19896802,1.8057635,0.5535026,0.2940304,-1.2391667,0.409943,0.21347469,-0.100406125,1.3781242,0
-1.2241178,-0.23281652,1.6959548,0.5248751,0.35140285,-1.4340982,0.28348613,0.18979043,-0.08817396,1.4004862,0
-1.1829422,-0.26504168,1.7353017,0.55075616,0.2572807,-1.3893118,0.3281587,0.26070258,0.03239669,1.4292345,0
-1.2900261,-0.2802027,1.629258,0.4831743,0.19350092,-1.3583999,0.1476037,0.3574352,0.16564259,1.5197706,0
-1.3342143,-0.44183907,1.6489673,0.5929589,0.1876364,-1.1583998,0.119515955,0.3609681,0.20706445,1.5096643,0
-1.325144,-0.27385515,1.6243427,0.6146945,0.28311878,-1.2189671,0.13003442,0.46835193,0.2321275,1.5154123,0
-1.2012874,-0.27169865,1.6622645,0.6197891,0.32360294,-1.3221765,0.13531609,0.62665385,0.21039867,1.4239678,0
-1.2722325,-0.20719841,1.5917356,0.6539353,0.24679324,-1.1958342,0.08345409,0.47847778,0.25277725,1.378674,0
-1.3188769,-0.19176908,1.6706632,0.6985044,0.07672986,-1.1383034,0.09587422,0.3508967,0.29778594,1.5563235,0
-1.2770526,-0.27502322,1.7956959,0.64381045,0.16179489,-1.1864892,0.2354616,0.34623706,0.42964298,1.36405,0
-1.3246794,-0.1903199,1.7685004,0.62057066,0.02218901,-1.2536372,0.35133883,0.37173152,0.25853312,1.3400522,0
-1.3059136,-0.29963103,1.8598474,0.42057067,-0.1089125,-1.3176866,0.5287988,0.4159636,0.18443541,1.1400522,0
-1.2691603,-0.28210804,2.0030198,0.5744941,-0.025069201,-1.1165832,0.52138954,0.31970784,-0.015549227,1.1600974,0
-1.3742701,-0.28956944,1.8929119,0.35030627,-0.07752659,-1.2115128,0.56474537,0.41043633,0.06393141,1.1646652,0
-1.423707,-0.19209586,1.8388999,0.20035294,-0.037139773,-1.3261487,0.5376487,0.2791528,0.12377684,1.1713673,0
-1.435421,-0.13720393,1.7653219,0.3437951,-0.1362827,-1.3945899,0.53091264,0.33142388,0.15846911,1.1427639,0
-1.395594,-0.09159326,1.783503,0.32165915,-0.11222204,-1.4412837,0.5152066,0.3185236,0.21574818,1.1208228,0
-1.413622,-0.09233402,1.7642559,0.323411,-0.0764142,-1.3044109,0.53687996,0.45722628,0.16402051,1.2427508,0
-1.5250537,-0.02777532,1.7202427,0.43724453,-0.0012957813,-1.2080829,0.52409065,0.2662495,0.118291035,1.3053747,0
-1.3684098,-0.03083112,1.7661641,0.38325652,-0.09634417,-1.0673637,0.6986872,0.28200442,0.14313956,1.3973801,0
-1.4475597,-0.0054760147,1.8011402,0.35371912,-0.037524793,-0.89017534,0.7338792,0.23787387,0.17903116,1.4317237,0
-1.3112286,-0.099452384,1.805793,0.15371911,-0.02639674,-0.98486745,0.7044713,0.21012755,0.07036272,1.3624918,0
-1.3055009,-0.2994524,1.8837482,0.22068988,0.037603173,-1.0130569,0.68026525,0.240336,0.16294897,1.3631607,0
-1.3917507,-0.26634657,1.8542603,0.29210156,-0.029757129,-0.9439087,0.67492604,0.19121905,0.082340196,1.4414452,0
-1.4940428,-0.34287485,1.8877474,0.12502496,-0.06750533,-0.7360155,0.67032665,0.21102731,-0.045863677,1.4243602,0
-1.5792811,-0.3079064,1.8306032,0.21632606,0.094589084,-0.8409062,0.5496725,0.15059246,-0.09192275,1.401364,0
-1.6033196,-0.20003405,1.8553343,0.11357205,0.05606794,-0.7598742,0.4938023,0.3360991,-0.23731704,1.3930233,0
-1.5791765,-0.18834464,1.9058033,-0.0863342,0.008627925,-0.6609817,0.6681154,0.15245894,-0.31788066,1.350387,0
-1.5394546,-0.056219477,1.9298226,0.030912401,0.1732931,-0.43001375,0.80979687,0.32878137,-0.38508946,1.3321573,0
-1.432789,-0.0628903,1.8237627,0.057587855,0.052737623,-0.24259786,0.62148356,0.52878135,-0.3760984,1.2109253,0
-1.4816463,-0.06322882,1.801209,0.07223075,0.059435625,-0.093815595,0.7798767,0.4108525,-0.30500284,1.2179857,0
-1.4794827,-0.10481416,1.8068271,0.059614412,0.07994023,-0.13077982,0.9532722,0.5154077,-0.105002835,1.2424762,0
-1.495572,-0.1528989,1.8535106,0.008302461,-0.040005334,-0.009290777,1.0185337,0.38340527,-0.12077281,1.2606466,0
-1.5915315,-0.17837495,1.88807,-0.049526714,-0.05073502,0.014395138,1.0694553,0.33250195,-0.1564683,1.2595218,0
-1.4831039,-0.32264757,1.8104492,-0.17790087,-0.08636193,0.08256068,1.0876511,0.34737584,-0.25520578,1.4155796,0
-1.5954211,-0.28735533,1.7428867,0.021245778,-0.25080064,-0.025964007,1.0842316,0.19591796,-0.18576123,1.4219452,0
-1.5848416,-0.16697933,1.724015,0.013633525,-0.29743093,0.032722276,1.0393316,0.27841216,-0.19085284,1.4303211,0
-1.6441592,-0.036924273,1.7836491,0.12251315,-0.2590565,0.050920974,0.97016096,0.45111513,-0.2326869,1.3315914,0
-1.6229166,0.036439523,1.6352224,0.18294717,-0.1542137,0.18154542,0.9973223,0.53313106,-0.26809484,1.2125227,0
-1.5204297,0.07733971,1.6092122,0.07403463,-0.0961674,0.06331721,0.90749943,0.5652097,-0.1717714,1.1222188,0
-1.537339,0.05562906,1.4881197,0.00052790344,-0.09735836,0.2562159,1.0428876,0.49903086,-0.09184888,1.0444123,0
-1.6018244,0.070519604,1.4608556,0.19024907,-0.19254045,0.13150841,1.0748483,0.5644792,-0.15098128,1.0946393,0
-1.6717787,0.10513685,1.4564191,0.20368448,-0.35861433,0.09184128,1.2316673,0.5484626,-0.3221119,1.116869,0
-1.8046461,0.22709215,1.4527391,0.38243866,-0.33087903,0.15039486,1.1367971,0.36066085,-0.5221119,0.9542017,0
-1.6731019,0.20717458,1.5147057,0.22698899,-0.34542024,0.32626516,1.0644403,0.56066084,-0.5546491,1.0610744,0
-1.7885807,0.23410669,1.4422883,0.29212263,-0.37552053,0.52626514,1.0123018,0.58687156,-0.6127385,0.9647143,0
-1.774384,0.28594223,1.4719541,0.14105885,-0.32754683,0.3369298,0.8748848,0.6666407,-0.6149219,0.99239606,0
-1.6207143,0.29149532,1.4806751,0.011887431,-0.47289348,0.37191728,0.8732561,0.6441285,-0.6530419,1.1793014,0
-1.5946586,0.28578275,1.5657678,-0.14613985,-0.39874396,0.5719173,0.72421175,0.69246644,-0.5571453,1.3483036,0
-1.7460623,0.26854235,1.5682272,-0.011017263,-0.329966,0.6323692,0.75966847,0.7002039,-0.45791736,1.2284095,0
-1.7730018,0.27190813,1.5994346,-0.076725066,-0.45373738,0.67515075,0.5689803,0.5118168,-0.3329634,1.1413202,0
-1.824449,0.24632351,1.6639501,-0.195071,-0.6045156,0.7372767,0.559586,0.34896702,-0.32957053,1.1624894,0
-1.9490925,0.25883615,1.637767,-0.21662715,-0.6496401,0.5753374,0.6413735,0.48755604,-0.31021953,0.95209247,0
-1.7720584,0.3937361,1.714001,-0.22205257,-0.7208129,0.5776459,0.5100711,0.57450444,-0.26495335,1.0972697,0
-1.6729931,0.4674764,1.7345499,-0.22183685,-0.8528135,0.49271712,0.50719285,0.4994244,-0.23751049,1.015322,0
-1.6472986,0.2787837,1.653429,-0.33464924,-1.0517722,0.42190197,0.51491827,0.2994244,-0.40965962,1.0738083,0
-1.6864384,0.21630344,1.6975055,-0.41562024,-0.88147116,0.6165147,0.58244276,0.31849137,-0.5851128,1.0558208,0
-1.6963353,0.25951937,1.702133,-0.46337855,-0.93297213,0.5908216,0.5682868,0.32647476,-0.49545693,1.024011,0
-1.7017663,0.22007062,1.602974,-0.47102475,-0.94823974,0.47116843,0.4939136,0.5264748,-0.59251875,0.9773193,0
-1.730501,0.1891471,1.5247126,-0.45471808,-1.0208915,0.6191484,0.45924747,0.5964403,-0.65004957,1.0115802,0
-1.7126167,0.31314403,1.4236847,-0.5479519,-1.1413962,0.4857529,0.43840235,0.57528895,-0.7038266,1.041387,0
-1.7660866,0.22140083,1.3739563,-0.7247284,-1.1247655,0.46924767,0.41033033,0.5720301,-0.87773025,0.81709343,0
-1.67189,0.020475842,1.5059271,-0.7332285,-0.8849567,0.469413,0.5228246,0.38092,-1.0148852,0.9731328,0
-1.572835,-0.013429054,1.5926112,-0.69713426,-0.9275784,0.39916053,0.6145332,0.5263851,-0.87601435,1.0304071,0
-1.5941415,-0.016857054,1.5732025,-0.812292,-1.0136766,0.4516082,0.6420022,0.3653525,-0.8689883,0.88958573,0
-1.4050778,-0.083020866,1.5639518,-0.80110574,-1.0404923,0.26429263,0.60469705,0.3877517,-0.81106454,0.88482535,0
-1.4026066,-0.021374017,1.4884,-0.60110575,-1.2251992,0.21481691,0.6055453,0.53512776,-0.806101,0.80814207,0
-1.365949,-0.09429988,1.3791126,-0.71599245,-1.2290155,0.18748862,0.77090716,0.5810571,-0.907608,0.8738854,0
-1.3984616,-0.06687033,1.4057419,-0.8059641,-1.4290155,0.09748292,0.746928,0.585254,-0.7797745,0.72996193,0
-1.2606441,0.061792262,1.4750638,-0.84140027,-1.49649,0.15164231,0.7297728,0.67447937,-0.70170367,0.88364756,0
-1.3040416,-0.07465651,1.5833731,-0.95175284,-1.2487929,0.106215805,0.83778834,0.8169787,-0.5027741,0.8295228,0
-1.3308599,0.11538368,1.5606238,-0.99140126,-1.2900338,0.12470975,0.7841081,0.7999194,-0.42677042,0.824927,0
-1.196153,0.09371195,1.5501465,-1.0466344,-1.1908668,0.17321026,0.60653627,0.7699032,-0.47573438,0.9595318,0
-1.3506684,0.123766296,1.5173094,-1.1077045,-1.296701,0.16571242,0.6864692,0.6938118,-0.3675219,0.9135412,0
-1.3463836,-0.0221265,1.4573892,-1.0028726,-1.3845936,0.050534748,0.6111866,0.7265033,-0.4002246,1.0372251,0
-1.2998644,-0.028436594,1.4582173,-0.953867,-1.4887744,0.046452038,0.4478846,0.7345937,-0.35008937,1.0252059,0
-1.2817292,0.12748948,1.3126845,-0.8102466,-1.4864801,0.003103476,0.58966124,0.78997225,-0.4138417,1.0022986,0
-1.1644318,0.21679339,1.3710266,-0.9378476,-1.4060879,-0.08925704,0.638413,0.9208497,-0.41854993,1.1925006,0
-1.0139879,0.33090064,1.2527468,-0.986566,-1.4302063,-0.038847126,0.6902503,0.8369277,-0.34533632,1.1757241,0
-1.0565898,0.28103566,1.4527469,-0.94329077,-1.2302063,0.047283486,0.6194131,0.6863313,-0.5453363,1.331763,0
-0.97855175,0.30376685,1.4861029,-0.88953614,-1.2697108,0.034352817,0.47494313,0.7143498,-0.5225514,1.525816,0
-0.91934556,0.10138383,1.3942701,-1.00537,-1.2536439,0.16619968,0.43908748,0.6685397,-0.6671904,1.58292,0
-0.90373415,0.1343856,1.3501121,-0.9512402,-1.311545,0.28921914,0.5172687,0.7020775,-0.60709023,1.5826273,0
-0.9453078,0.076585576,1.3631555,-0.8483775,-1.3793079,0.48921913,0.41732186,0.5724829,-0.50370723,1.4205402,0
-0.98313195,0.04600406,1.4155381,-0.9775834,-1.4196352,0.5386889,0.5393064,0.54292405,-0.52307224,1.3809948,0
-0.9012173,0.049309798,1.3458792,-0.85876894,-1.403724,0.53973395,0.5341805,0.61335737,-0.7195867,1.4665961,0
-0.8842852,0.13795878,1.2924707,-1.007375,-1.318785,0.58380246,0.59619284,0.5658481,-0.66988254,1.519648,0
-0.85394657,0.080351636,1.3317622,-1.0339204,-1.1758668,0.50466996,0.49528876,0.4714005,-0.80343664,1.6344241,0
-0.8999935,0.07514733,1.1992522,-1.11793,-1.2017485,0.5377878,0.60252374,0.5785724,-0.749985,1.581998,0
-0.91129094,0.10561417,1.205338,-1.1597481,-1.23591,0.45806983,0.49697503,0.67761695,-0.74193734,1.4729013,0
-0.7912236,0.09384232,1.0906734,-1.1263646,-1.314296,0.51304424,0.4773421,0.7325472,-0.81635624,1.4990188,0
-0.8496854,0.08189517,1.0812386,-1.0363437,-1.114296,0.37492013,0.52395105,0.83327675,-0.9155982,1.4132123,0
-0.80672884,0.06741492,1.1235564,-0.88477373,-1.1133398,0.3173609,0.4353058,0.9490246,-0.89105886,1.4598458,0
-0.7773702,0.17225891,1.0398793,-0.96010953,-1.0067431,0.41223085,0.36206013,0.85748327,-0.87712526,1.4616477,0
-0.8803019,0.12844363,1.2398794,-0.8819175,-1.1065425,0.21223085,0.41289076,0.9974526,-0.8234057,1.3786638,0
-0.83692753,0.21115181,1.1213596,-0.8017864,-1.029347,0.11592955,0.354722,0.897913,-0.800214,1.3774587,0
-0.8481837,0.031765,1.2225313,-0.76585627,-1.027706,0.23205712,0.33628243,1.0407025,-0.7470945,1.4049011,0
-0.83073735,-0.07229924,1.1562501,-0.9550293,-1.1063094,0.43205714,0.2486672,1.089317,-0.8528119,1.3812953,0
-0.7605462,0.032189153,0.99524915,-0.948868,-1.2289429,0.47218937,0.29882896,1.009994,-0.8830919,1.4335842,0
-0.85258794,-0.008579079,1.0257903,-1.0730107,-1.1461266,0.2845694,0.25511116,1.1022214,-0.9626942,1.5710135,0
-0.7122588,-0.052407093,0.9423265,-1.0820365,-1.3461267,0.38298166,0.15136918,1.0305647,-0.9080985,1.5949589,0
-0.73487186,-0.04393906,0.99273574,-1.058607,-1.2177011,0.3347675,0.28359422,1.0644814,-0.86746687,1.6491429,0
-0.6661413,-0.030289019,1.0585093,-0.88436157,-1.2799096,0.4700727,0.31223524,1.0662371,-0.8837673,1.6668134,0
-0.67912155,0.11452997,0.9017425,-1.01293,-1.2376428,0.6409384,0.33240193,0.96662724,-0.87642485,1.7120074,0
-0.70892763,0.26417294,0.8474145,-0.84226674,-1.3149434,0.5125121,0.24690066,0.9469599,-0.8522523,1.8232764,0
-0.66860753,0.17764223,0.83094865,-0.9788105,-1.410261,0.4439832,0.09197122,0.9839069,-0.65965724,1.74341,0
-0.66188496,0.22612333,0.96199685,-0.96237427,-1.2068597,0.3557338,-0.04514354,1.1569469,-0.67293155,1.8118272,0
-0.6542743,0.20659506,0.84161973,-1.0293685,-1.2203885,0.4551012,-0.02559741,1.2838879,-0.63479686,1.7357606,0
-0.7172458,0.12274307,0.6220227,-1.1331433,-1.1361364,0.5705398,0.08193128,1.2701843,-0.73310924,1.7394582,0
-0.54324913,0.09709925,0.5613086,-1.1581479,-1.1228278,0.61775845,0.10199922,1.3064803,-0.6816109,1.7072333,0
-0.53774756,-0.04860536,0.6153145,-1.242295,-1.1817623,0.7200752,0.12326302,1.3817066,-0.6785602,1.5769383,0
-0.5707895,-0.07889308,0.6632657,-1.125781,-1.2284504,0.73709464,0.100810714,1.4178296,-0.65882427,1.5664669,0
-0.6167533,-0.16108073,0.641571,-1.2112999,-1.2462791,0.5674325,0.112384714,1.278315,-0.6642683,1.6588086,0
-0.6031242,-0.28161028,0.8118483,-1.1028587,-1.2720747,0.532227,0.05691337,1.2637622,-0.5812492,1.6857986,0
-0.47798568,-0.4136051,0.9368761,-0.9653295,-1.2176514,0.4979891,0.08263013,1.1737463,-0.6160957,1.7073997,0
-0.39212272,-0.4159302,0.9871709,-1.0430776,-1.2432381,0.43224147,0.09792055,1.26327,-0.59658027,1.7078944,0
-0.44669995,-0.4870287,1.0092711,-0.93880594,-1.2226082,0.3937148,0.07740451,1.3089008,-0.60673094,1.6694533,0
-0.55505496,-0.5733276,1.1173977,-0.7916998,-1.208253,0.4603932,0.007604085,1.233326,-0.4698988,1.7532971,0
-0.513229,-0.5818456,1.1551598,-0.68299985,-1.1808604,0.52004397,-0.016503992,1.2099657,-0.588856,1.7667062,0
-0.596439,-0.7756315,1.1420984,-0.59370315,-1.0724255,0.40333676,0.06019976,1.1119558,-0.62164444,1.8082042,0
-0.70165306,-0.7923431,1.1489897,-0.61299485,-1.0833732,0.3186214,0.11885445,0.9890119,-0.70421535,1.8494668,0
-0.8123183,-0.93343025,1.0449886,-0.66070086,-1.1695503,0.2994151,0.09294172,0.9928631,-0.7422149,1.7139206,0
-0.86448544,-0.93499774,1.1236166,-0.629949,-1.088472,0.2889214,0.01869386,0.78681695,-0.75747734,1.8048953,0
-0.9354196,-0.95169365,1.1705382,-0.5916436,-1.0381165,0.2982424,0.04100631,0.6965969,-0.7044967,1.8225677,0
-0.91417104,-0.95819515,1.086358,-0.5257202,-1.1180884,0.30745098,0.005866226,0.7536929,-0.72227216,1.8317167,0
-0.9789942,-0.99690866,1.1010703,-0.47339553,-1.1680038,0.24059837,0.085549794,0.61948335,-0.66469496,1.8320117,0
-0.7789942,-0.9491086,1.0501368,-0.5286976,-1.2236114,0.21088614,-0.039549462,0.59878266,-0.6679346,1.7209398,0
-0.9789942,-0.8830262,1.1302915,-0.38733384,-1.1034299,0.16205399,-0.11766478,0.4675905,-0.68576235,1.6372279,0
-1.0970439,-0.6830262,1.0830249,-0.3300152,-1.1942977,0.21612887,-0.06551735,0.3869324,-0.6051556,1.705636,0
-0.96265537,-0.57586396,1.1560657,-0.12943287,-1.3880527,0.3509423,-0.042422708,0.48935735,-0.7059192,1.8971007,0
-0.9810678,-0.58964425,1.172763,-0.2427026,-1.5054294,0.3186413,-0.08440097,0.581277,-0.53193223,1.7772982,0
-0.9134125,-0.5086988,1.1660563,-0.2548048,-1.5819709,0.28618467,-0.11449263,0.6674814,-0.5907973,1.7578608,0
-0.77588344,-0.57436556,1.1288328,-0.25202128,-1.6154367,0.28641403,-0.13665569,0.76781833,-0.7078888,1.7115303,0
-0.7932339,-0.52653944,1.1592946,-0.24233238,-1.5099077,0.29050845,-0.13558447,0.672822,-0.7576514,1.5141684,0
-0.709172,-0.47156683,1.1851431,-0.23205057,-1.6364285,0.1756891,-0.19950181,0.5595915,-0.73801136,1.5076201,0
-0.65064174,-0.5745616,0.9851431,-0.29408926,-1.711932,0.023948282,-0.12583888,0.40838197,-0.7247834,1.3791238,0
-0.75156933,-0.47895923,1.1284046,-0.28496376,-1.5718385,0.07279004,-0.2959842,0.32301787,-0.8772925,1.5150678,0
-0.8028153,-0.5350664,1.2232223,-0.38696185,-1.4908929,-0.06894131,-0.24144281,0.2775065,-0.78454185,1.4130766,0
-0.94465166,-0.5068588,1.3844018,-0.48799652,-1.4451684,-0.04540193,-0.1904982,0.40790486,-0.8008387,1.4802768,0
-1.046768,-0.58404356,1.307227,-0.43835077,-1.4523005,-0.13453268,-0.1302053,0.5133109,-0.8763652,1.5768461,0
-1.0260409,-0.6139523,1.1765615,-0.53245276,-1.4309629,-0.24998824,-0.046463914,0.6513514,-0.9332696,1.5795385,0
-0.98019886,-0.5450058,1.2351724,-0.3948435,-1.2708933,-0.32543555,-0.020585768,0.7172738,-0.9356791,1.3795384,0
-0.9380106,-0.5145233,1.1242194,-0.5534862,-1.3159317,-0.28909716,0.01371254,0.67951965,-0.8371602,1.3958254,0
-0.94081014,-0.32949954,1.1911179,-0.46080488,-1.2518011,-0.47191626,-0.06374479,0.69483525,-0.87694263,1.5000781,0
-0.94496596,-0.30406058,1.2631254,-0.4988916,-1.2298396,-0.57514817,-0.20890927,0.61377907,-0.6918284,1.5439181,0
-1.0734348,-0.31036994,1.3125092,-0.5472561,-1.2561952,-0.5507001,-0.2452453,0.62451696,-0.6052954,1.6302588,0
-1.0486219,-0.32325697,1.3857732,-0.39270282,-1.4341098,-0.4264443,-0.12589182,0.45053872,-0.5757043,1.7124599,0
-0.9276235,-0.32749814,1.4359245,-0.5051855,-1.3085481,-0.37774858,-0.19922192,0.61446834,-0.5587776,1.7693737,0
-0.79805595,-0.23087588,1.3372056,-0.5464595,-1.4157387,-0.4375347,-0.28924012,0.5976822,-0.5363845,1.7312044,0
-0.6938956,-0.3513836,1.2354459,-0.4704473,-1.3666567,-0.45942545,-0.08924012,0.6618498,-0.53648967,1.9312044,0
-0.6223969,-0.2706562,1.2333956,-0.44467065,-1.3439057,-0.6272135,-0.12462944,0.776731,-0.55065936,1.8577352,0
-0.7895334,-0.24739453,1.3078282,-0.4295259,-1.3452905,-0.67727786,-0.19608933,0.6718672,-0.5679242,1.7957833,0
-0.8242826,-0.1750667,1.2522217,-0.5870497,-1.2292405,-0.67001355,-0.15985717,0.78109384,-0.53738534,1.8689108,0
-0.851514,0.02418221,1.3043383,-0.55501086,-1.3332242,-0.590586,-0.12362585,0.7605864,-0.6046381,1.7830769,0
-0.85317385,-0.008996269,1.3656061,-0.5482672,-1.349692,-0.6360135,-0.23465917,0.74160385,-0.5980708,1.708105,0
-0.82280254,0.10211612,1.3551533,-0.46642637,-1.3572451,-0.787741,-0.34199375,0.6868371,-0.63743514,1.598347,0
-0.8967222,0.0824842,1.3571488,-0.51879185,-1.1995918,-0.87150764,-0.43232885,0.5783463,-0.54478633,1.6071205,0
-0.9374895,0.07618306,1.2830106,-0.59891987,-1.2807635,-0.97211766,-0.29087055,0.7783463,-0.45931354,1.5545511,0
-0.9463541,0.10313344,1.3232526,-0.6711188,-1.3527365,-0.88337094,-0.21909423,0.9043322,-0.52417386,1.4634082,0
-0.965184,0.091470994,1.2095562,-0.8325082,-1.2136911,-0.6725316,-0.2137184,1.0035905,-0.49587908,1.637024,0
-0.83980817,0.20517653,1.2544103,-0.6761074,-1.1378477,-0.83565795,-0.39623445,1.0901394,-0.5037775,1.621647,0
-1.013964,0.09332658,1.2696055,-0.72373235,-1.0763949,-0.8009889,-0.2905221,1.1633878,-0.4573499,1.5427984,0
-0.9800186,0.15853606,1.3593849,-0.6528631,-1.0409169,-0.6867711,-0.25907332,1.0775738,-0.5444712,1.6310658,0
-0.81565475,0.23795497,1.3758458,-0.75624317,-1.017041,-0.52405506,-0.20369045,1.1599431,-0.69123036,1.6246432,0
-0.84222376,0.35280797,1.3132701,-0.79781,-0.8677315,-0.6945265,-0.31099805,1.2212702,-0.73713535,1.5614394,0
-0.87916577,0.41512296,1.4160081,-0.7531093,-0.95289475,-0.704123,-0.37271917,1.0242637,-0.6400338,1.5751227,0
-0.8877589,0.46022603,1.4791188,-0.65687716,-0.81507367,-0.74372685,-0.4471045,0.82426375,-0.7624205,1.59637,0
-0.79824924,0.45274737,1.5427892,-0.53203905,-0.8118037,-0.9404904,-0.44766426,0.91307527,-0.58938,1.602975,0
-0.7698953,0.33889556,1.6590387,-0.4806338,-0.8647119,-0.984962,-0.51401144,0.94519913,-0.49368185,1.4797921,0
-0.71509665,0.32383752,1.7184517,-0.5265912,-0.7692263,-0.9588094,-0.44869915,0.8944906,-0.54637015,1.4461486,0
-0.57096314,0.23816535,1.6940479,-0.6043219,-0.8414363,-0.9808996,-0.36207795,0.9088023,-0.62536526,1.464015,0
-0.57515705,0.20541167,1.7259606,-0.65770155,-0.7174149,-0.9404481,-0.46221286,0.9813951,-0.5120385,1.5418824,0
-0.4670959,0.061855182,1.7644347,-0.72808486,-0.6286096,-0.8707995,-0.5394589,1.1711514,-0.44935876,1.4548824,0
-0.48455453,0.06095047,1.847136,-0.5936166,-0.7267507,-0.8585222,-0.4532444,1.1988536,-0.38418025,1.3934485,0
-0.53002506,-0.044715654,1.7460463,-0.49232796,-0.70479673,-0.82710606,-0.60727865,1.2731173,-0.49937493,1.3816309,0
-0.6269446,-0.017307626,1.8378596,-0.41918227,-0.59572625,-0.9978873,-0.5521127,1.2121003,-0.46883816,1.3071752,0
-0.5727399,0.057181686,1.817754,-0.46321574,-0.5163782,-0.9643623,-0.5862741,1.3412485,-0.44444573,1.2700639,0
-0.56484807,0.10319616,1.7945813,-0.5028079,-0.4071226,-0.8960726,-0.68625253,1.3865265,-0.36419484,1.1643398,0
-0.63350064,0.11246634,1.7304368,-0.5706842,-0.43100274,-0.9710574,-0.4976929,1.5297002,-0.21673965,1.2257912,0
-0.47382063,0.061454847,1.7216448,-0.49901763,-0.2622806,-1.1078533,-0.37009087,1.5649954,-0.091518,1.2914933,0
-0.49799547,0.082029305,1.6608684,-0.44828975,-0.3520781,-1.2105161,-0.36944762,1.4666367,-0.057030395,1.3804886,0
-0.57949907,0.0989427,1.6426828,-0.515722,-0.32448047,-1.1411972,-0.32713592,1.3680849,-0.03503558,1.4602474,0
-0.48257756,-0.0046799867,1.6677055,-0.6887548,-0.41574383,-1.2178313,-0.29290357,1.3673868,0.011033844,1.378352,0
-0.5563481,-0.19177859,1.4677055,-0.7964796,-0.464351,-1.301453,-0.4597181,1.4945983,-0.18896616,1.178352,0
-0.5448669,-0.24142605,1.3564178,-0.85597837,-0.406338,-1.3981645,-0.37221518,1.5733875,-0.32591137,1.1099466,0
-0.49743503,-0.32101905,1.320039,-0.9826788,-0.38117352,-1.2848102,-0.34221253,1.5074202,-0.305351,1.2894378,0
-0.31063637,-0.19514756,1.3629856,-0.9082273,-0.26776585,-1.2406265,-0.34423035,1.4958848,-0.43502948,1.4235685,0
-0.2405937,-0.06924732,1.3531774,-0.94652903,-0.07129213,-1.1241186,-0.2587347,1.5188295,-0.24371772,1.4046992,0
-0.13970506,-0.04949849,1.3094904,-1.0432847,-0.037321478,-1.2059708,-0.20036496,1.6010059,-0.15788181,1.4459506,0
-0.09522356,-0.08421836,1.4293602,-1.0200523,-0.0876267,-1.1785233,-0.05627358,1.5051148,-0.18140265,1.483989,0
-0.02150951,-0.17959312,1.5062444,-1.0634962,-0.16493104,-1.0958916,0.03393116,1.53311,-0.16504188,1.400175,0
-0.079529345,-0.1056312,1.563948,-0.9792166,-0.25102314,-1.0302598,-0.04315113,1.4824389,-0.17359339,1.49119,0
-0.067242585,-0.073396966,1.704462,-0.95875865,-0.29658008,-1.0614321,0.022390146,1.407453,-0.17532471,1.3314757,0
-0.037911456,0.037637223,1.7105432,-0.99876904,-0.37039766,-1.0372957,-0.1463608,1.4180917,0.023939325,1.3518481,0
0.1405754,0.123026356,1.717715,-0.99924356,-0.2502798,-0.9503615,-0.11695358,1.3455808,0.007533774,1.239822,0
0.06387981,-0.009055033,1.7183087,-1.0368204,-0.20527087,-0.944798,-0.11055246,1.3012488,0.0817605,1.3123686,0
0.1866326,0.041459605,1.6542083,-1.0290014,-0.24500173,-0.87776506,-0.058095854,1.1764828,0.19664869,1.1746228,0
0.09499492,0.17620847,1.5575756,-1.0832257,-0.07948294,-0.85527605,-0.032961674,1.2944217,0.19659746,1.1602514,0
0.14631571,0.37620848,1.5085489,-1.0336568,0.12051706,-0.83815914,-0.059936844,1.3631532,0.23350719,1.280832,0
0.023724318,0.30468667,1.4157683,-1.0888393,0.14621623,-0.7342819,-0.12558739,1.4715611,0.29984677,1.3442572,0
-0.012130082,0.32658523,1.6157683,-0.96650374,0.34621623,-0.64594054,-0.13004997,1.4774185,0.3406174,1.5244076,0
-0.04860129,0.30243018,1.4680513,-1.1610564,0.265199,-0.44594055,-0.06875306,1.4128134,0.28061277,1.7244077,0
-0.0594722,0.22611795,1.3746771,-1.2121778,0.30142283,-0.61392033,-0.0513429,1.4706454,0.22631083,1.7034718,0
-0.1409773,0.19673929,1.3493128,-1.2332171,0.302775,-0.70910317,-0.09926018,1.2498302,0.22024989,1.83984,0
-0.31961507,0.23045489,1.3422809,-1.2389292,0.35041857,-0.59542364,-0.13292272,1.2393389,0.1324314,1.8599956,0
-0.30065736,0.20042205,1.2809291,-1.2302659,0.38503873,-0.5013679,-0.17376944,1.3316407,0.1760973,1.8657451,0
-0.3257176,0.10663221,1.2370163,-1.2728314,0.3948871,-0.30136794,-0.061614007,1.3366197,0.26718053,1.8617718,0
-0.24159467,0.067170665,1.2590178,-1.3687428,0.45478964,-0.23768838,-0.03317775,1.2659441,0.37238127,1.860361,0
-0.20856121,-0.02969519,1.3673784,-1.2719209,0.5963039,-0.2065631,-0.0576683,1.1756608,0.2257966,1.7513971,0
-0.19887963,0.0271509,1.4118208,-1.4715128,0.68142915,-0.17369813,-0.011626802,1.2235699,0.2819091,1.6470793,0
-0.23976733,0.054879107,1.3847451,-1.4702492,0.5996716,-0.012742442,0.07324295,1.2710915,0.16755235,1.6886292,0
-0.15034585,0.044069707,1.3671448,-1.32607,0.6514917,-0.061361317,0.09872133,1.3778965,0.078561656,1.7335463,0
-0.07983317,0.15977572,1.3553946,-1.2538443,0.762111,-0.18831335,0.162005,1.4247098,0.12750454,1.6941969,0
-0.20807487,0.2120402,1.353182,-1.1739224,0.7658791,-0.04524663,0.08047956,1.3976158,0.08401601,1.553942,0
-0.22757784,0.241577,1.4386708,-1.1447254,0.8757177,-0.0020100363,0.16430488,1.1976157,0.048595842,1.6583941,0
-0.13816115,0.275128,1.4600103,-1.2408803,0.79664624,0.16902092,0.13152935,1.185028,-0.0002989769,1.6962398,0
-0.056147374,0.23707944,1.4764161,-1.2286011,0.80743945,0.16412118,0.18021452,1.1450523,0.093819596,1.7824428,0
-0.10300206,0.29075977,1.4128664,-1.1647447,0.8656143,0.25181323,0.3376454,1.1122764,0.017761678,1.7379789,0
-0.10183591,0.2880408,1.4933348,-1.1866821,0.8589331,0.35436153,0.34966835,1.0606143,0.038935512,1.7766181,0
0.0981641,0.27425408,1.3047523,-1.1731818,0.8347363,0.2822228,0.34814435,1.1364737,-0.02179233,1.8832288,0
0.08532999,0.2440829,1.1047523,-1.1752597,0.7581366,0.20464516,0.2634448,1.2357062,-0.034484945,1.9023981,0
0.018046431,0.23513362,0.9858471,-1.2786077,0.6490911,0.27487543,0.31480703,1.3421993,-0.04409942,1.9210669,0
0.01517864,0.33248025,1.1385864,-1.1254781,0.6631276,0.2423988,0.41699636,1.1421993,-0.20060799,1.8363388,0
0.051098928,0.35981548,1.047886,-1.1380646,0.74636114,0.119933605,0.4253866,1.2644529,-0.15555142,1.8221974,0
-0.0015315637,0.39797226,1.0056325,-1.199028,0.69341886,0.14242733,0.5429702,1.3714945,-0.21271074,1.8199153,0
-0.013907765,0.44500354,1.0987852,-1.0626498,0.6433366,0.10306241,0.5328486,1.3784289,-0.22472696,1.950955,0
0.0022153938,0.49058974,1.0869644,-1.1250676,0.6210157,0.08123519,0.4633379,1.2925352,-0.1275796,1.9320433,0
0.031090269,0.6371796,1.1781878,-0.89674294,0.5923144,0.16109338,0.5460933,1.2865317,-0.15934634,2.0112684,0
-0.052143812,0.5995691,1.2164456,-0.87564677,0.7082098,0.33766842,0.44175208,1.2867602,-0.105696805,1.9782952,0
0.09295209,0.6592255,1.2675267,-0.79465216,0.76772887,0.43504432,0.35343406,1.2963501,-0.23923191,1.8868407,0
0.06537709,0.6123604,1.2680633,-0.7635645,0.6565593,0.4751782,0.39931586,1.3886336,-0.12415752,1.8331727,0
0.101998895,0.49354523,1.2266767,-0.65624523,0.629797,0.5108505,0.40447745,1.3830848,-0.06597891,2.0179503,0
0.28989625,0.5851056,1.331634,-0.6869734,0.82711536,0.51114416,0.3184666,1.3575714,-0.01034296,1.8543231,0
0.23614082,0.6234472,1.2669044,-0.64988655,0.66841614,0.44996226,0.23350531,1.2523811,0.041458763,1.9925152,0
0.27277702,0.7189296,1.3637519,-0.614445,0.6143533,0.56333876,0.25569454,1.3888569,0.12134573,1.8621391,0
0.25776443,0.75072855,1.4050224,-0.7351709,0.57541436,0.5607425,0.24996395,1.2872347,0.19975439,1.8575546,0
0.24241541,0.70919853,1.4446524,-0.5979966,0.5523375,0.5816618,0.23495337,1.3519814,0.14889488,1.7412157,0
0.23706818,0.7651026,1.4043405,-0.52330285,0.7276522,0.58805,0.2971374,1.399209,0.22609612,1.6927485,0
0.34147608,0.7752813,1.4644576,-0.5716536,0.7000521,0.5603059,0.2732194,1.2422116,0.23229016,1.8262517,0
0.31405526,0.8483559,1.5411494,-0.5383091,0.6983481,0.5985481,0.16160432,1.0422115,0.18613093,1.817512,0
0.32963857,0.8545301,1.5461637,-0.4991083,0.71832836,0.4927513,0.09548504,0.8816875,0.26975712,1.8675492,0
0.3324851,0.91638947,1.5275325,-0.42538565,0.7457169,0.5295689,0.21427447,0.94510823,0.34219107,1.9085603,0
0.46784633,0.87151766,1.4251683,-0.41357693,0.72304815,0.5381492,0.15084516,0.8998825,0.44954467,1.9930856,0
0.39166862,0.80811775,1.3734413,-0.33786768,0.7350797,0.32929292,0.13915618,0.88521594,0.57746243,2.0994847,0
0.44783098,0.698225,1.443538,-0.26664194,0.7077607,0.387131,0.035755325,1.0557089,0.4582013,2.0446234,0
0.43063566,0.4667168,1.4626826,-0.41951331,0.7029156,0.2944637,0.043054044,1.0808353,0.33047414,2.1026711,0
0.5012845,0.45807016,1.2974061,-0.36040297,0.69413173,0.42988676,0.02238557,1.149768,0.4053919,1.965353,0
0.4244457,0.52765524,1.1612076,-0.4059786,0.76659733,0.33407864,0.08555563,1.1626322,0.41677898,2.0542183,0
0.48463076,0.45555085,1.0508454,-0.4783014,0.8283704,0.37495786,0.091511026,1.1700991,0.43674412,1.8834527,0
0.513314,0.3335988,0.89268374,-0.46698645,0.9045486,0.45273444,0.12844,1.1790096,0.62738526,1.8936043,0
0.62097967,0.26607734,0.8442225,-0.37616846,0.72706217,0.43754604,0.15762547,1.2056328,0.71269614,1.9648278,0
0.6371558,0.2174268,0.89029247,-0.40978888,0.61690897,0.49004987,0.1423542,1.382358,0.56668484,1.9112732,0
0.54646057,0.39269036,1.0649171,-0.3751667,0.73171294,0.49156398,0.19094042,1.3430598,0.5923668,2.0111976,0
0.5528972,0.43018475,0.97765005,-0.19997151,0.6419286,0.69156396,0.28164372,1.3422644,0.49015588,1.9726965,0
0.6498265,0.42251733,0.99894905,-0.32027632,0.5613667,0.4970442,0.27611405,1.1834073,0.49577352,1.8156109,0
0.8498265,0.32213837,1.0393497,-0.30702025,0.43607837,0.35807592,0.14374435,1.0779496,0.58232504,1.6200999,0
0.91007566,0.3135283,1.032268,-0.3939317,0.47526014,0.2526611,0.15191703,1.1778016,0.52562606,1.673133,0
0.9409442,0.3895594,1.0740316,-0.4400788,0.44254053,0.3538923,0.100246616,1.0788275,0.66187626,1.7538456,0
1.0044932,0.40946501,1.0685239,-0.45358,0.4324594,0.29680088,-0.09975339,0.8788275,0.6774114,1.7546465,0
0.8439876,0.20946501,1.1938171,-0.33636916,0.53647304,0.14235823,-0.09329154,0.8728251,0.7594027,1.8283781,0
0.8190453,0.16093527,1.3045692,-0.4529493,0.668327,0.34235823,-0.21303019,0.72973603,0.6926335,1.9384186,0
0.84244335,0.24412984,1.3371253,-0.5530689,0.7643205,0.22821632,-0.09061616,0.8196787,0.6734946,1.8968276,0
0.75930446,0.23839922,1.2145696,-0.4345741,0.6694509,0.16011788,-0.13133423,0.8623946,0.6050028,1.7045282,0
0.68735087,0.12559363,1.2272533,-0.6262773,0.5100177,0.0028724074,-0.1456407,0.8383028,0.54946345,1.6252948,0
0.6560331,0.074468374,1.0727706,-0.71976376,0.6500262,-0.030282013,0.036866665,0.8545992,0.4920271,1.4820008,0
0.80642515,0.1750778,1.0648795,-0.65126354,0.72650784,0.050940245,0.07153209,0.8957918,0.6233488,1.4638264,0
0.7100521,0.19670163,0.995704,-0.63370216,0.7447844,0.0659297,0.06400039,0.9063934,0.4998409,1.508243,0
0.6409636,0.23546204,1.0485599,-0.559709,0.798643,0.008696392,0.08398299,0.9139073,0.6381654,1.6356418,0
0.4743051,0.25596035,1.0774051,-0.65523297,0.95949656,-0.1109138,0.08018172,0.7139073,0.66272724,1.8356419,0
0.42245394,0.30068773,1.0904295,-0.60944325,0.8854389,0.06840959,0.22019848,0.82672143,0.70952934,1.6879958,0
0.33617753,0.27075014,1.015682,-0.7583921,0.8045106,-0.09896533,0.02019848,0.9631324,0.7295226,1.7595869,0
0.35538557,0.19234106,1.0507807,-0.82479894,0.7082249,-0.15163685,0.024740871,0.9504872,0.81100863,1.8051714,0
0.428678,0.1462798,1.0894234,-0.79487693,0.73754334,-0.004747778,0.132878,1.0073992,0.80524504,1.992591,0
0.39783305,0.12374323,1.0504003,-0.59487695,0.8055427,-0.1992897,0.101382956,1.1246988,0.7589514,1.8964542,0
0.31022504,0.15791714,1.1211873,-0.7368486,0.69664407,-0.30938077,0.18810004,1.2386935,0.74691916,1.9512023,0
0.33170256,0.26620752,1.121241,-0.70932937,0.72160935,-0.30646467,0.08964628,1.0971621,0.8146098,1.947978,0
0.3755076,0.21985479,1.087352,-0.8207508,0.78019434,-0.17109098,0.08176592,1.1570032,0.73916286,2.103571,0
0.4622202,0.1737995,1.084933,-0.78482455,0.7078209,-0.10642989,-0.049011663,1.2117156,0.6174039,2.0705314,0
0.42329812,0.112147495,1.1317524,-0.7701209,0.7132468,-0.20208848,-0.0659944,1.3561076,0.41843703,2.0232217,0
0.33634213,0.19819069,1.1947302,-0.6599294,0.77029365,-0.124730855,-0.21303034,1.3038414,0.46280557,2.1014817,0
0.23857842,0.25248864,1.1731869,-0.56728864,0.6444124,-0.06678954,-0.25901353,1.1260996,0.5809312,2.0823474,0
0.20528898,0.28516847,1.1687431,-0.72581035,0.52660143,0.11138365,-0.24032362,1.1641918,0.73806655,1.9504291,0
0.23624058,0.28424698,1.0524118,-0.89096147,0.49832815,0.056940477,-0.39532578,1.2110435,0.7816177,1.9317105,0
0.16547471,0.22815245,1.2524118,-0.6909615,0.60151994,0.25694048,-0.37505075,1.3078097,0.79792726,1.9285258,0
0.28175125,0.24492654,1.1316874,-0.54678184,0.39400253,0.30617312,-0.46447378,1.3108519,0.9560612,2.0454438,0
0.15498577,0.15243044,1.0437218,-0.50927514,0.5233613,0.36405832,-0.48398334,1.4146109,1.0187023,1.8454437,0
0.064828105,-0.047569558,0.9521054,-0.515656,0.37746143,0.35597798,-0.4170336,1.4886143,0.9582019,1.6983538,0
0.020659078,-0.088470966,0.9602753,-0.53597957,0.34351066,0.555978,-0.45260277,1.3533077,0.8897524,1.77639,0
-0.004808869,-0.1598787,0.9861234,-0.616915,0.4451002,0.67800045,-0.5583401,1.3987551,0.8004672,1.6433742,0
-0.04794901,-0.19024211,0.8788666,-0.74457103,0.39190024,0.72842383,-0.5508888,1.4655025,0.72884905,1.6371808,0
-0.058682054,-0.16437273,0.8619518,-0.944571,0.25521672,0.7246688,-0.45663935,1.5581595,0.85628855,1.6259732,0
-0.13104577,-0.19652598,0.77323097,-0.73876095,0.4109705,0.8534812,-0.37771156,1.6403309,0.90126866,1.8048787,0
-0.072901085,-0.33976722,0.7231499,-0.74286777,0.3285243,0.7574071,-0.3808122,1.7190788,0.8594103,1.8121852,0
-0.11693739,-0.20901053,0.71918267,-0.5409385,0.43510816,0.77435833,-0.3716716,1.750127,0.7962109,1.8731835,0
-0.13583106,-0.2717819,0.8407813,-0.7013315,0.6351082,0.68176365,-0.3769451,1.7116722,0.7280019,1.782293,0
-0.2245945,-0.3802992,0.9871353,-0.74927807,0.5701902,0.55598474,-0.30536038,1.6085247,0.7147138,1.7833934,0
-0.21434149,-0.29597268,1.1378652,-0.67830145,0.3878793,0.65116924,-0.16558713,1.5237416,0.675267,1.7620944,0
-0.18919566,-0.09597267,1.1095768,-0.7195242,0.4831481,0.45116925,-0.12529264,1.3675803,0.59590393,1.9620944,0
-0.1526339,-0.21530512,1.1851417,-0.5195242,0.43286988,0.5641693,-0.20162985,1.228517,0.6365173,2.0865989,0
-0.2267198,-0.31932256,1.2203643,-0.5417709,0.5133728,0.41976985,-0.22742388,1.3431857,0.7466256,2.0520108,0
-0.29412252,-0.2776745,1.2591238,-0.5676047,0.5538873,0.60866034,-0.11782224,1.243434,0.81676924,1.997645,0
-0.44448215,-0.24361023,1.0591238,-0.7676047,0.4506678,0.7485935,-0.054319605,1.1684545,0.95572686,1.8937918,0
-0.4583665,-0.16250326,0.9932584,-0.75216866,0.317679,0.74681324,0.065966226,1.2434908,0.9633605,2.004588,0
-0.4387298,-0.03754995,1.0377779,-0.8680872,0.476116,0.75044966,-0.057220846,1.1531622,0.86111325,2.027588,0
-0.48668578,-0.02870224,1.0694429,-0.7013251,0.45410022,0.7278677,0.010287542,1.2660003,0.8070556,2.0338507,0
-0.50610137,0.010675948,1.0365053,-0.7757895,0.49267507,0.7911328,0.013529208,1.2042636,0.9961022,1.938113,0
-0.5973242,0.01989804,1.1149185,-0.7287454,0.6312368,0.7523603,0.13095133,1.1408321,1.0504602,1.8660318,0
-0.56990623,0.057615586,1.0103244,-0.6676339,0.506421,0.8013405,0.10742582,1.1356894,0.97992736,2.0112686,0
-0.4310677,0.029660614,0.9218672,-0.6280387,0.46231714,0.60134053,0.25969923,1.0931567,0.95388705,2.0686955,0
-0.41553155,0.0851204,0.94036704,-0.79829437,0.52504313,0.5476065,0.32724655,0.95392686,0.92055815,2.190582,0
-0.52860475,0.08382813,0.8285833,-0.5982944,0.6118436,0.42266598,0.3222327,0.982443,0.99604285,1.990582,0
-0.46304458,0.13085647,0.91344064,-0.7883816,0.66978335,0.22266598,0.30009314,0.7891255,0.79604286,1.790582,0
-0.45361093,0.19610417,0.97005254,-0.851906,0.69051135,0.043424875,0.23894614,0.746124,0.8401205,1.9319725,0
-0.34553343,0.07343106,0.8911179,-1.051906,0.58747923,0.0773523,0.34770328,0.74296695,0.7865359,2.003004,0
-0.26403874,0.2536596,0.9321127,-1.0247037,0.62552035,-0.1226477,0.21731359,0.6571413,0.72770286,2.158867,0
-0.234479,0.3131076,0.7425941,-0.94276446,0.51090944,0.063345775,0.10721517,0.69580436,0.6162425,2.226039,0
-0.2793992,0.3720574,0.6341503,-0.9033207,0.55946445,0.07768884,0.1857914,0.7053471,0.67980736,2.2629726,0
-0.41184592,0.26788536,0.6177148,-0.9129982,0.6397933,0.086794175,0.3432117,0.72704333,0.47980738,2.13791,0
-0.4200815,0.11796491,0.6071561,-0.81021637,0.7204255,-0.031571105,0.2721733,0.5724623,0.2798074,2.2823899,0
-0.42426544,0.08409065,0.64848953,-0.9297241,0.68853056,0.043932535,0.20484507,0.45361546,0.32787207,2.4372487,0
-0.30225134,0.2818684,0.5956476,-0.8477013,0.63552535,0.15318492,0.23425782,0.38654223,0.3018396,2.4558315,0
-0.3044844,0.19959527,0.67068744,-0.94728076,0.5401164,0.0892043,0.32912806,0.4657421,0.21887264,2.5103805,0
-0.3020592,0.39959526,0.54762703,-0.9104377,0.50178677,-0.054505438,0.2711078,0.5817755,0.1799733,2.5398886,0
-0.32426107,0.43267003,0.6786324,-0.87631565,0.58891696,-0.21813168,0.13249908,0.5689934,0.26542506,2.5480983,0
-0.27664372,0.40427083,0.6351313,-0.7074599,0.41684964,-0.28331104,0.11591514,0.7535893,0.2839759,2.6344142,0
-0.33899754,0.4028664,0.5134414,-0.6738576,0.4006306,-0.2817113,0.1601623,0.6624902,0.41657603,2.6696677,0
-0.38733977,0.32628182,0.5347125,-0.55888563,0.4775852,-0.20957887,0.12367781,0.49034572,0.31838635,2.6428504,0
-0.45576337,0.2777443,0.65587634,-0.52605844,0.46290275,-0.14287868,0.15770766,0.4046747,0.32769823,2.7345042,0
-0.49953577,0.25022316,0.59337413,-0.37704217,0.619908,-0.0027417794,0.13663715,0.53111875,0.23859125,2.7297661,0
-0.54614115,0.18848485,0.5837277,-0.3412923,0.6389036,-0.094289206,0.19365005,0.5156427,0.20565811,2.7287753,0
-0.6444364,0.18543105,0.63250625,-0.27633378,0.6283949,-0.18766586,0.20123203,0.6471811,0.25726327,2.668009,0
-0.74495417,0.16532235,0.43249032,-0.34039256,0.6446166,-0.21262851,0.01057021,0.7550491,0.25115758,2.6496725,0
-0.6652866,0.17405617,0.47811672,-0.4047291,0.5788668,-0.04674606,-0.14072897,0.6085493,0.4212228,2.68884,0
-0.5080261,0.14361963,0.49404487,-0.2703671,0.48976594,0.11000919,-0.074386224,0.6785667,0.3658677,2.698392,0
-0.45227543,0.09222616,0.4843801,-0.27637252,0.50587314,0.15561041,-0.06479513,0.67528045,0.5399509,2.6541684,0
-0.4530624,0.20030577,0.5377809,-0.101937756,0.5897192,0.13474815,-0.033858377,0.8188933,0.5643987,2.5972834,0
-0.4725939,0.26812276,0.5614004,0.023101028,0.67368627,0.32132518,-0.02051136,0.705318,0.5409786,2.653565,0
-0.5660313,0.22330853,0.44579908,0.105779365,0.58868176,0.26956797,0.05457615,0.51012546,0.42030025,2.5206187,0
-0.6872764,0.17424902,0.5787445,0.24775164,0.6829196,0.41664648,0.1875039,0.60664,0.42901826,2.621786,0
-0.7872356,0.2452337,0.56917125,0.22820836,0.7446058,0.5355636,0.24335426,0.3977776,0.5352278,2.5688329,0
-0.8276405,0.234346,0.68754333,0.2669096,0.69088465,0.51382875,0.2677396,0.29931092,0.50770485,2.5604215,0
-0.7378646,0.29207414,0.5066015,0.16079286,0.66337574,0.5215156,0.2920981,0.33142552,0.55197525,2.6221864,0
-0.6113247,0.1609979,0.290322,0.16979009,0.6505129,0.48460993,0.3869337,0.44762406,0.5885605,2.6707199,0
-0.75520575,0.1560855,0.24942833,0.2428172,0.64446354,0.46910092,0.32723972,0.24762405,0.57410216,2.573443,0
-0.7599454,0.14882416,0.09575032,0.20021348,0.69492793,0.568977,0.36326873,0.2509337,0.47956586,2.57091,0
-0.83273673,-0.005506903,-0.07802056,0.15724647,0.63258874,0.401344,0.24886662,0.3181824,0.34873417,2.5305793,0
-0.7117798,0.08563952,-0.0056945905,0.20856735,0.58439404,0.42403957,0.32027406,0.37045223,0.43764025,2.5512352,0
-0.6336241,-0.06635423,0.008401831,0.31542128,0.39013636,0.22620286,0.3107366,0.51096404,0.45004576,2.6382666,0
-0.74814296,-0.0732898,0.1267139,0.5154213,0.3769216,0.026202857,0.37129,0.4659638,0.34069297,2.6983323,0
-0.66175455,-0.055192742,-0.022955973,0.3082297,0.4782505,-0.018104265,0.36663976,0.494117,0.28633845,2.788169,0
-0.722293,-0.009802002,-0.1306262,0.1064577,0.5180866,0.055480137,0.40513012,0.32175386,0.11935673,2.810055,0
-0.6518759,0.13894227,-0.16653073,-0.0935423,0.58915937,0.18133187,0.4808953,0.28524736,0.16118987,2.744963,0
-0.6786616,0.07748898,-0.061783753,-0.19735917,0.67357105,0.1793148,0.40719867,0.39949176,0.2669802,2.7582808,0
-0.6544183,0.00047960228,0.13413848,-0.21939343,0.61589485,0.15788056,0.58340687,0.34862992,0.22225647,2.7550051,0
-0.69357806,-0.13051957,0.20393309,-0.09612143,0.5491164,0.053856038,0.52639896,0.29731148,0.28731236,2.736654,0
-0.66651636,-0.092094004,0.011118025,-0.28824848,0.4444748,-0.012185089,0.5556136,0.4485616,0.12257585,2.7718966,0
-0.6528227,-0.15161394,0.042385858,-0.23896997,0.3915216,0.040477224,0.44069397,0.2485616,0.25805402,2.6816509,0
-0.6861948,-0.22580193,0.046572313,-0.0733099,0.20614712,0.1622659,0.53738904,0.21930864,0.29644677,2.7082136,0
-0.64802414,-0.37306228,-0.0661287,-0.14755464,0.14154422,0.005509153,0.7087866,0.090753645,0.2951316,2.727288,0
-0.55710155,-0.22203073,-0.057931416,-0.1339408,0.015015602,-0.1079403,0.6891718,0.015948087,0.34780428,2.7635465,0
-0.55224514,-0.1355102,-0.07380313,0.008528054,0.049768385,-0.20061156,0.66823655,0.01882235,0.43536386,2.790518,0
-0.5343944,-0.20727363,-0.15245512,-0.06881007,0.10601151,-0.3851481,0.7258354,0.10418243,0.25480798,2.7985985,0
-0.68821234,-0.030430838,-0.13683608,-0.16184598,0.07721923,-0.44150642,0.5766646,0.12783603,0.15132275,2.8120892,0
-0.7885038,0.020473141,0.05622389,0.037811667,0.15160798,-0.46558353,0.5798343,0.083936706,0.14193459,2.78749,0
-0.78083235,0.026358712,0.14897023,-0.036195073,0.043280397,-0.38987,0.6483928,-0.113716796,0.07836498,2.7879643,0
-0.87201977,0.18206404,0.003013745,0.13956112,0.2432804,-0.3089973,0.51853716,0.034869373,0.043060046,2.7590177,0
-0.78721505,0.24807763,-0.027683862,0.2967183,0.34171793,-0.3712818,0.43326318,0.14310662,-0.14892346,2.7829745,0
-0.7503619,0.31184936,-0.017901432,0.15507275,0.46407738,-0.29748327,0.52671564,0.14370221,-0.34892344,2.7540953,0
-0.86872977,0.23335649,0.07853919,0.031432223,0.61976373,-0.28091374,0.51311374,0.0092911925,-0.4544554,2.6927261,0
-1.0176206,0.2817172,0.025616826,0.05107682,0.6240652,-0.091829024,0.46067685,-0.07924299,-0.28159744,2.6806958,0
-1.07259,0.38686293,-0.036834225,0.1298017,0.65898514,-0.110321976,0.3506178,0.05545944,-0.2891896,2.4810653,0
-1.0562907,0.2581874,-0.18453047,0.27317983,0.6519931,-0.22037587,0.29681313,0.20020516,-0.33483154,2.4645376,0
-1.0630882,0.37636778,-0.02960378,0.23215437,0.6897689,-0.4004538,0.36601052,0.13632345,-0.3438528,2.4389355,0
-1.0335405,0.42408982,0.12768416,0.22984858,0.6699017,-0.46787006,0.36029276,0.13983601,-0.31850576,2.425005,0
-1.0448078,0.43767157,0.057482008,0.2746442,0.6139889,-0.5907601,0.5098033,0.12917434,-0.380479,2.5476966,0
-1.2185432,0.3916473,0.06929437,0.2754885,0.49815363,-0.52582264,0.49665034,0.13630511,-0.21955529,2.538302,0
-1.2815608,0.55690396,0.1455241,0.19016086,0.5544888,-0.538594,0.63478535,0.20957527,-0.28386077,2.4218028,0
-1.3511147,0.63992256,0.089279264,0.1785093,0.5478384,-0.508409,0.68020236,0.009575263,-0.27205643,2.3198655,0
-1.3691193,0.736571,0.20009945,0.2910916,0.5743363,-0.63002,0.47402364,0.0038377242,-0.19400655,2.3386028,0
-1.1794719,0.6456587,0.14330766,0.19868562,0.54572076,-0.5963782,0.45502332,0.034921374,-0.38837418,2.473738,0
-1.2237166,0.68971735,0.08023807,0.3743232,0.54048127,-0.5801292,0.34511152,0.084352195,-0.3598399,2.4486487,0
-1.1494395,0.7040665,-0.11976194,0.4201164,0.6668408,-0.4468532,0.14511152,0.04352874,-0.46533114,2.3794389,0
-1.0188171,0.6773373,-0.026368938,0.2791819,0.62674296,-0.34659424,0.21139841,-0.081753,-0.5740891,2.4796462,0
-1.0978649,0.7934194,-0.017076068,0.25214055,0.66485655,-0.33823195,0.37029257,-0.13812383,-0.44737107,2.3739424,0
-1.1497712,0.87840295,0.030994162,0.20964776,0.78151137,-0.49434987,0.45455942,-0.17001572,-0.27719742,2.3862133,0
-1.242134,0.872644,0.10170314,0.27992988,0.8757399,-0.44016865,0.5909492,-0.079065695,-0.29520598,2.2811413,0
-1.2179711,0.7948853,-0.00677555,0.25008512,0.8223056,-0.32483867,0.38936242,-0.17147143,-0.2759522,2.4048393,0
-1.2490156,0.88608885,0.011124335,0.19685616,0.8989208,-0.20240785,0.43262103,-0.18128954,-0.3149474,2.3325224,0
-1.2283096,1.0384667,0.15504028,0.3356659,0.99254805,-0.17080548,0.50737035,-0.26985082,-0.28168,2.2027755,0
-1.2002207,1.0491967,0.09131596,0.38997048,0.99029034,-0.10462275,0.29602644,-0.44534326,-0.18528983,2.2330084,0
-1.273898,1.0217168,0.06285777,0.3387932,1.034346,0.05300211,0.094763406,-0.46436712,-0.1000834,2.2152276,0
-1.073898,1.0184975,-0.13714224,0.46148974,1.029398,0.03707885,0.14682864,-0.38062644,-0.11440263,2.1398673,0
-1.2043213,0.87196517,-0.24087419,0.5246821,0.99773103,0.06131581,0.16185059,-0.5071642,-0.13568224,2.2704468,0
-1.1521568,0.95615685,-0.21403785,0.36039746,0.9410683,-0.03284769,0.20317866,-0.56989557,-0.05967402,2.3078754,0
-1.1648669,1.0339491,-0.115241475,0.35457298,0.7476993,-0.15506428,0.2711691,-0.62969327,0.006779004,2.3106384,0
-1.147676,1.1324066,-0.18179932,0.3965427,0.6625089,-0.28244752,0.35740936,-0.56735665,-0.014215641,2.269698,0
-1.111099,1.1987605,-0.23377995,0.33720294,0.71734715,-0.4824475,0.33845085,-0.5857057,-0.041551128,2.1231368,0
-0.91956353,1.0550604,-0.20942046,0.29844552,0.7821863,-0.6428155,0.35301402,-0.60487545,-0.07370892,2.0528224,0
-1.0283641,0.98266554,-0.15299141,0.2642172,0.60580266,-0.48137313,0.22713129,-0.5608138,-0.20675975,1.8528223,0
-1.1527752,0.9624758,-0.014852762,0.19039395,0.5591769,-0.46374664,0.20037475,-0.64161915,-0.049380377,1.8846886,0
-1.1712228,0.97377896,0.025660362,0.18035886,0.44569275,-0.43100825,0.3007758,-0.5823576,0.1113915,1.8151233,0
-1.2454144,0.9750718,0.052813172,0.2620956,0.46975216,-0.5469557,0.31497616,-0.3823576,0.051208515,1.7482029,0
-1.2994446,0.98478276,0.10740302,0.27072424,0.63283527,-0.5302647,0.32341233,-0.36803612,0.07379548,1.7712119,0
-1.1419364,0.99679965,0.026014484,0.26201192,0.78884625,-0.61001503,0.38345206,-0.3450471,0.05027457,1.7783931,0
-1.2124902,0.8382369,0.04960662,0.17084844,0.98884624,-0.52485144,0.32763103,-0.19518344,-0.026160497,1.9246893,0
-1.3269713,0.7201782,-0.11627966,0.2150751,0.9189546,-0.51253855,0.23293588,-0.17984244,-0.12169945,1.9342877,0
-1.355989,0.84706664,-0.08755019,0.21728933,0.7404054,-0.40945244,0.35766956,-0.28370392,-0.17192629,2.1342876,0
-1.4664835,0.9081111,0.004181184,0.075221315,0.94040537,-0.34887666,0.45507082,-0.39827028,-0.08300552,2.0449483,0
-1.6664835,0.8859358,0.1327723,0.16426751,0.8560322,-0.4098971,0.48083177,-0.41243982,0.0106804,1.871318,0
-1.6932216,0.96384084,0.16491897,0.18462588,0.77281356,-0.46840197,0.52944225,-0.42328164,-0.07504273,1.8571248,0
-1.6862438,0.9662384,0.04653608,0.21443842,0.84644014,-0.42645797,0.5793131,-0.42841122,-0.27472275,1.9188216,0
-1.7224979,0.916416,0.07057951,0.29621872,0.8262852,-0.42212895,0.47628868,-0.52591854,-0.12752004,1.8532758,0
-1.7697777,1.0045514,0.004434167,0.3316598,0.8605962,-0.45907125,0.37811992,-0.5202869,0.017125526,1.839404,0
-1.6427443,1.0897884,-0.04519913,0.39061207,0.917075,-0.5907023,0.4440878,-0.4664205,0.03837653,1.8311038,0
-1.639218,1.0982059,-0.039021872,0.41547945,0.9447756,-0.75573295,0.61281043,-0.5934679,-0.021787038,1.6555402,0
-1.4927876,1.053273,-0.09324779,0.3974575,1.0584651,-0.77447015,0.66091084,-0.5050369,0.16744004,1.6890799,0
-1.4615943,1.1515015,0.0472072,0.4330008,0.9634894,-0.7557775,0.734179,-0.47309718,0.14863956,1.6910535,0
-1.493168,1.2654588,0.07749139,0.34609053,1.0437598,-0.70887387,0.65131366,-0.59115845,0.13381603,1.6308764,0
-1.4535154,1.2045372,0.22348353,0.29994407,1.0674022,-0.6365338,0.55673116,-0.5431479,0.2044763,1.6010292,0
-1.4424657,1.2541566,0.42348355,0.34217328,0.97899437,-0.6156398,0.69296336,-0.6462915,0.3054924,1.6068386,0
-1.48384,1.1940061,0.5630111,0.29683244,1.0370691,-0.6094763,0.75612843,-0.51403856,0.34065178,1.6026527,0
-1.387915,1.2101605,0.70869845,0.33974135,0.89737105,-0.5267037,0.7892511,-0.46440354,0.3220103,1.4837475,0
-1.353167,1.1923211,0.6823738,0.16575883,0.8370734,-0.4612033,0.77816516,-0.49201027,0.26991624,1.4299375,0
-1.3617452,1.1676987,0.8525109,0.024989307,0.9035669,-0.6612033,0.9224323,-0.39129654,0.39878297,1.4517205,0
-1.4189361,1.1469865,0.9831048,0.013644455,0.7814498,-0.8612033,0.7740022,-0.5108269,0.35590896,1.4683986,0
-1.4981422,1.0865422,1.0596759,-0.18635555,0.6594136,-1.0021832,0.7776292,-0.3634688,0.3396467,1.4119134,0
-1.5642837,1.064752,0.8697283,-0.2605541,0.60197777,-1.0216649,0.7444475,-0.555956,0.22667617,1.5080307,0
-1.5508709,1.0353713,0.8299315,-0.46055412,0.6004329,-0.8616129,0.77627033,-0.5301166,0.24166594,1.499026,0
-1.5865618,1.0470586,0.75392896,-0.5361442,0.6360831,-0.9163166,0.8728662,-0.43582058,0.22118524,1.5118321,0
-1.6356353,1.0135243,0.90914625,-0.5669429,0.68820035,-0.90671945,1.0349327,-0.23072879,0.16060519,1.3052274,0
-1.4654447,0.84221625,0.8910249,-0.5721723,0.8665909,-1.0797937,1.1157575,-0.13223113,0.14648277,1.3494613,0
-1.5625123,0.7312276,1.0211477,-0.45807734,0.7283359,-1.2185256,1.071045,-0.28578743,0.11293626,1.2306256,0
-1.5194335,0.6664485,1.0892596,-0.30697405,0.7268837,-1.2829562,1.094736,-0.08852579,-0.011646867,1.2192731,0
-1.3360606,0.57372785,1.232528,-0.31376565,0.82195455,-1.239872,1.0860713,-0.048738126,0.18006498,1.3568205,0
-1.3603104,0.46085185,1.2139678,-0.19417275,0.8717117,-1.3625932,0.9951827,-0.08909986,0.12429893,1.339937,0
-1.3031651,0.5249303,1.3203421,-0.21068163,0.7736622,-1.3404071,1.0401641,-0.13148385,0.09425804,1.3172548,0
-1.2185595,0.43787968,1.3606004,-0.28297344,0.73619634,-1.4070334,0.9550866,-0.11059486,0.24371275,1.3735067,0
-1.3131887,0.48371676,1.2109721,-0.3838589,0.7160653,-1.2070334,0.94985104,-0.10714533,0.38652164,1.3653783,0
-1.5131887,0.5411939,1.2440499,-0.24406262,0.8157123,-1.0070333,1.0411361,0.044177018,0.22075333,1.3639346,0
-1.4449811,0.5969016,1.2113419,-0.33379677,0.8247635,-0.77552795,1.192684,0.03948355,0.11218541,1.5028809,0
-1.2455528,0.57305306,1.2143555,-0.44589004,0.78893167,-0.6907681,1.2729406,0.05838958,0.06481147,1.5559031,0
-1.2215757,0.58511627,1.3188083,-0.59589446,0.74098665,-0.63125086,1.1918813,0.07689847,-0.056012623,1.4745004,0
-1.1142352,0.6983512,1.398051,-0.6394844,0.7204074,-0.64761543,1.2620105,0.08691116,-0.10422081,1.4373194,0
-1.0529189,0.5805263,1.198051,-0.7371792,0.7871241,-0.8476154,1.2482908,0.2617249,-0.087608635,1.5179036,0
-1.0855227,0.5045908,1.1972574,-0.7375745,0.94968736,-0.8891541,1.2836674,0.32430017,-0.1133302,1.4598866,0
-1.0538074,0.48093683,1.3061693,-0.57602966,0.9052872,-0.75605017,1.3897222,0.4423001,-0.3133302,1.3825758,0
-0.95856684,0.4034293,1.2031808,-0.46383592,0.92128825,-0.9212499,1.3143295,0.6271332,-0.3176773,1.5285467,0
-0.9390506,0.40570265,1.3171842,-0.34257677,1.042722,-0.7823448,1.4092473,0.4271332,-0.33726165,1.3933555,0
-1.0642514,0.299243,1.4794503,-0.3215452,0.9157882,-0.6954807,1.3669983,0.3772973,-0.22412129,1.3440506,0
-1.0157197,0.39723092,1.5127242,-0.42422983,0.9353377,-0.75764203,1.3014334,0.26432967,-0.15287822,1.4513329,0
-0.94568473,0.40238228,1.590534,-0.57079506,1.0036452,-0.6701352,1.2973552,0.29821885,-0.16094422,1.354183,0
-0.92308396,0.39822766,1.6867473,-0.3971215,0.9130851,-0.48277488,1.3481374,0.37307066,-0.26685137,1.3754443,0
-0.82891226,0.3431523,1.7575281,-0.1994108,0.7640043,-0.6743049,1.3483208,0.4370734,-0.29924288,1.3890798,0
-0.7463355,0.36430502,1.6903147,-0.28412628,0.82898563,-0.5809227,1.2051905,0.5006558,-0.3086364,1.399084,0
-0.6541983,0.32240373,1.5539747,-0.30214837,0.65813744,-0.68169314,1.223715,0.47446465,-0.33497313,1.3210379,0
-0.59551406,0.15393974,1.536722,-0.2693497,0.63597244,-0.48169315,1.1227164,0.56001014,-0.47781295,1.2261258,0
-0.5686753,0.18706053,1.6459085,-0.34741586,0.7753608,-0.4183696,1.1041769,0.622031,-0.39142752,1.2260193,0
-0.6196735,0.009498,1.7262412,-0.4595467,0.7542798,-0.3086119,1.0949945,0.6428668,-0.38631627,1.1939986,0
-0.6583887,-0.05394181,1.7670989,-0.3944878,0.80153114,-0.15238878,1.1957811,0.7085257,-0.43046868,1.032017,0
-0.5323039,-0.06716887,1.6645882,-0.3469966,0.69894725,-0.08681435,1.1907115,0.8234996,-0.38360983,0.90955395,0
-0.54451287,-0.17096463,1.5729481,-0.32400247,0.6406022,-0.19733463,1.2004479,0.8935881,-0.27782494,0.8119265,0
-0.5453631,-0.25925982,1.6135061,-0.3200097,0.68837994,-0.21129757,1.0797734,1.0429791,-0.47782493,1.0119265,0
-0.6159223,-0.059259817,1.5864775,-0.120009705,0.65214515,-0.3223518,1.0430061,1.0755122,-0.53671396,0.97490907,0
-0.5000696,-0.18564706,1.5865471,-0.10510738,0.70798963,-0.24830991,1.1309615,0.8755122,-0.3682749,1.1049881,0
-0.41935277,-0.22095078,1.6163253,-0.004549101,0.7640438,-0.1663023,1.0375211,0.99339336,-0.27200598,1.0655394,0
-0.4354736,-0.26688522,1.6172137,0.16443184,0.81875104,-0.11342596,0.99852514,0.83868533,-0.38674793,1.0282944,0
-0.40855432,-0.14821765,1.7815903,-0.035568163,0.8078854,-0.038173348,1.003223,0.8162165,-0.39445928,1.1685596,0
-0.4634401,-0.15472278,1.8434182,-0.13891208,0.9473407,-0.009767696,0.9638174,0.779407,-0.39929748,1.0859388,0
-0.53509355,-0.17367645,1.7717303,-0.15067986,0.8102716,-0.111493394,0.98430914,0.88630116,-0.4376736,0.9425736,0
-0.5949146,-0.13793018,1.7769935,-0.041742213,1.0051905,-0.14432938,0.804315,1.0368489,-0.4958095,0.9318639,0
-0.57076204,-0.17619652,1.8573444,0.15825778,0.92662734,-0.15967885,0.83619684,0.9781027,-0.51925063,0.7994418,0
-0.6681817,-0.19317615,1.8182676,0.33323395,0.78759944,-0.047854558,0.8932371,1.1781027,-0.42860112,0.7847806,0
-0.70818985,-0.24694985,1.7679194,0.25860357,0.8273241,-0.09403746,0.833526,1.3269209,-0.43915436,0.8633798,0
-0.72833794,-0.29707944,1.8712137,0.23025633,0.8657923,0.10396582,0.84388083,1.289608,-0.4950044,0.8700062,0
-0.84669924,-0.30898082,1.9389672,0.32340112,0.9763419,0.046491947,0.7161461,1.4120328,-0.5239084,0.7660687,0
-0.9404755,-0.19867858,1.9576746,0.13413526,0.960678,0.124722235,0.6679208,1.4557629,-0.49726832,0.68880546,0
-0.9619145,-0.33326015,1.9523864,0.22278166,0.8809227,-0.03645607,0.6921814,1.5134043,-0.38212833,0.6397889,0
-1.1275251,-0.4263223,1.8546573,0.2370532,0.8736227,0.03235989,0.60366213,1.5295198,-0.29560733,0.7039183,0
-1.1039066,-0.47572842,1.8743982,0.2208998,0.9327444,0.035018276,0.6694159,1.4814146,-0.2568025,0.64266247,0
-1.2107562,-0.5890186,1.790852,0.18650407,1.0066428,0.046388026,0.5848223,1.4087658,-0.14307292,0.7632836,0
-1.09707,-0.6216386,1.8901389,0.06321961,1.082015,-0.14956173,0.5538989,1.3150758,-0.10111719,0.77058727,0
-1.2084051,-0.6665535,1.7436048,0.031955503,1.1396204,-0.023475666,0.5481489,1.3918631,-0.20257908,0.6900798,0
-1.128726,-0.77430904,1.6902764,-0.1588908,1.2666487,-0.19723064,0.6317086,1.2249817,-0.24300526,0.80134696,0
-1.1751642,-0.7718061,1.6077231,-0.17100039,1.2732674,-0.22855943,0.5980352,1.2840962,-0.23648264,0.820589,0
-1.0913409,-0.76644075,1.5074432,-0.10954726,1.3140898,-0.20567665,0.5850559,1.3249058,-0.25841385,0.98317254,0
-1.1318879,-0.72768074,1.4767967,-0.08557928,1.2415649,-0.30330136,0.63346803,1.3028868,-0.23322369,0.9792265,0
-1.1090815,-0.6352112,1.437729,-0.10360505,1.3166293,-0.41954887,0.72487074,1.26875,-0.32377136,1.0672959,0
-1.2457463,-0.6132716,1.3318852,-0.2502917,1.2038221,-0.41477245,0.55836153,1.2853997,-0.25368586,1.2593048,0
-1.1406025,-0.6037484,1.392156,-0.17874658,1.280189,-0.30038056,0.5527095,1.3467954,-0.30187684,1.1936822,0
-1.2545437,-0.5594182,1.3495456,-0.019460991,1.1970965,-0.5003806,0.47758618,1.3730236,-0.25771254,1.14015,0
-1.3293048,-0.43581492,1.1728379,-0.0412731,1.1339022,-0.44945988,0.4254985,1.280821,-0.16401951,1.1316162,0
-1.3106873,-0.4256661,1.0886426,0.046135638,1.3339022,-0.2640277,0.4768659,1.2469153,-0.26093236,0.9991007,0
-1.4114534,-0.23599896,1.0188212,0.06425008,1.3731925,-0.36112118,0.66573256,1.249732,-0.3274475,1.1876272,0
-1.3749204,-0.3156152,0.9774996,0.1866714,1.3834894,-0.33147627,0.77405435,1.2634325,-0.38810283,1.1256889,0
-1.4512835,-0.34394312,0.9311652,0.12651184,1.218478,-0.3555942,0.57405436,1.4253803,-0.34733233,1.1605178,0
-1.4637817,-0.47624886,0.966831,0.10631932,1.1791553,-0.23599583,0.7335821,1.3693569,-0.27151203,1.2503064,0
-1.5089337,-0.55658036,0.96758825,0.13884188,1.0606441,-0.38645273,0.7461721,1.3892896,-0.2937662,1.2689856,0
-1.4913969,-0.55310124,0.8927771,-0.0039651096,0.86064416,-0.41006085,0.6540109,1.4019283,-0.20053123,1.44911,0
-1.535826,-0.40553784,0.8311016,-0.008443513,0.85620725,-0.45014542,0.79476786,1.3628719,-0.3019695,1.5066502,0
-1.3758337,-0.47146213,0.88020486,-0.09720364,0.8535954,-0.56263274,0.8024861,1.3383772,-0.24047671,1.3476236,0
-1.3659748,-0.34548813,1.0802048,-0.15845968,0.89318424,-0.6350472,0.9265882,1.2885959,-0.21124935,1.3981097,0
-1.4286579,-0.3021809,1.0697784,-0.30598354,0.8685865,-0.75235176,0.8591077,1.249562,-0.022569284,1.3346528,0
-1.4767468,-0.21049169,1.1050068,-0.21909556,0.8106942,-0.6493255,0.8623826,1.3712885,-0.0046970043,1.3384125,0
-1.4209027,-0.28395215,1.2116054,-0.16636564,0.83662283,-0.78156215,0.88821375,1.395141,0.15913437,1.1546856,0
-1.378118,-0.29190204,1.2317253,-0.25748643,0.81993663,-0.6330663,0.9089899,1.5424006,0.2194567,1.012173,0
-1.3894033,-0.34196317,1.2592825,-0.27069965,0.99073154,-0.73333323,0.889698,1.4275416,0.24078077,0.9271638,0
-1.3948716,-0.52511096,1.3068032,-0.36743855,0.9124258,-0.9039305,0.83543926,1.3714595,0.33395573,0.7719123,0
-1.4505811,-0.39473465,1.2542754,-0.16277781,0.91766137,-1.0574169,0.6871051,1.3516754,0.44834557,0.82456607,0
-1.6071454,-0.49668822,1.2737834,-0.19979674,0.98597485,-0.8397623,0.6764504,1.3652824,0.3373343,0.62866354,0
-1.5917609,-0.36270142,1.3174351,-0.2967867,0.93201387,-0.8424619,0.775566,1.3825321,0.41552916,0.49706388,0
-1.6044405,-0.3848848,1.322176,-0.26646045,0.95146513,-0.8210269,0.8381439,1.35179,0.29685396,0.5110473,0
-1.5364166,-0.3501708,1.522176,-0.46646047,0.95872563,-0.650862,0.9130059,1.1867576,0.28860268,0.5398053,0
-1.4937172,-0.24722396,1.4835676,-0.580399,0.97999215,-0.5653824,0.90213084,1.2911922,0.20773166,0.60468215,0
-1.568854,-0.19261879,1.5580691,-0.5871439,0.9631984,-0.3605076,0.96639234,1.1347797,0.19587345,0.64152634,0
-1.4414481,-0.16836159,1.563884,-0.38963452,1.1044446,-0.42683625,1.0036476,1.0684354,0.27338213,0.8189908,0
-1.2762341,-0.20851566,1.6054963,-0.36985198,1.192166,-0.559827,1.0842637,0.99921817,0.24453908,0.8029997,0
-1.2161777,-0.10614473,1.5812331,-0.4614553,1.0927945,-0.60808325,1.1291723,1.0238347,0.17936586,0.93648285,0
-1.367347,-0.1468751,1.5070027,-0.48632887,1.0106888,-0.61041665,1.0451525,0.9817466,0.13961537,1.0636985,0
-1.2702938,-0.07544332,1.429131,-0.58514535,0.86100245,-0.6570852,0.96301425,0.9516831,0.30960196,1.0341351,0
-1.2247056,-0.20893237,1.4339558,-0.4528618,0.6710391,-0.7860601,0.97145665,1.0149502,0.2349956,1.0378106,0
-1.3463902,-0.21703085,1.612537,-0.5123642,0.6244262,-0.89460796,0.86586213,1.0198053,0.19696811,1.0750802,0
-1.2932671,-0.16940331,1.5782292,-0.60085154,0.5642208,-1.0459776,0.8094109,1.105151,0.15435208,1.0217386,0
-1.1494864,-0.10055173,1.6155326,-0.47297126,0.47594562,-0.995107,0.799006,1.1483537,0.14784087,0.97484833,0
-1.2456387,-0.13550693,1.5899067,-0.43871495,0.273145,-1.174273,0.8260218,1.2708647,0.07585902,0.9762478,0
-1.2062618,-0.06344429,1.5898403,-0.48380068,0.40931156,-1.0036539,0.89319247,1.334329,0.094441205,1.0085878,0
-1.2248513,-0.21309844,1.6148317,-0.6213391,0.2060273,-0.9970799,0.8737631,1.1872311,0.14343749,1.1092408,0
-1.0478337,-0.21152194,1.6143086,-0.68715227,0.11959587,-1.0221217,0.91041005,1.2748125,0.21329151,1.1048118,0
-0.96814054,-0.3603658,1.5587593,-0.88445675,-0.015673285,-1.0184474,0.9392537,1.231046,0.24592249,1.1068945,0
-0.94546694,-0.4338212,1.6717703,-0.7526196,-0.03230005,-0.9811008,0.9110975,1.2558825,0.30110553,1.0464386,0
-1.0975977,-0.3501472,1.7548447,-0.73590785,-0.039272673,-0.81014854,0.8408675,1.2123369,0.31357542,1.0576404,0
-1.0751377,-0.4296665,1.7981206,-0.9148052,-0.15553123,-0.617502,0.82365596,1.1247059,0.3608948,1.0536805,0
-1.0486201,-0.49356687,1.7294325,-0.7238905,-0.27210197,-0.6036964,0.7064053,1.2317696,0.38603178,0.9385993,0
-1.114758,-0.5077377,1.8565387,-0.7696146,-0.3565559,-0.8036964,0.53193957,1.2269886,0.22636189,0.84132504,0
-1.2121172,-0.55796665,1.7079177,-0.7847303,-0.31695166,-0.74906605,0.41687536,1.1215048,0.21283968,0.8868805,0
-1.2522066,-0.688941,1.7491165,-0.8282622,-0.11695166,-0.89956236,0.56562686,0.93276393,0.31357118,0.966563,0
-1.2556746,-0.7390603,1.7291917,-0.87590826,-0.11727178,-0.6995624,0.6223521,1.0580171,0.30730292,0.8292,0
-1.3136649,-0.86474264,1.6258581,-0.8310212,0.008726507,-0.75418854,0.617169,1.068166,0.21281308,0.6670736,0
-1.4012955,-0.8943528,1.425858,-0.73055214,-0.04421516,-0.6429379,0.541371,0.868166,0.012813076,0.7108723,0
-1.4630334,-0.9777968,1.225858,-0.85589963,0.13034108,-0.5389632,0.5781127,0.89644223,0.030860675,0.6887758,0
-1.4666362,-1.0680355,1.1232862,-0.7704139,0.07172808,-0.54556996,0.67549145,0.8488737,0.031397857,0.69741935,0
-1.469118,-1.0424504,1.2013757,-0.7424426,0.047406934,-0.42267305,0.63866186,0.7592525,0.07666808,0.6844019,0
-1.5946635,-1.0438433,1.2086656,-0.6193828,0.20187134,-0.41137564,0.72002244,0.66950667,-0.004327625,0.79971486,0
-1.763259,-1.046144,1.402666,-0.5123649,0.27385783,-0.21137564,0.8001824,0.76799774,-0.0022125712,0.6539978,0
-1.7359043,-1.0986226,1.451826,-0.7123649,0.20669092,-0.17768228,0.89008576,0.6281067,0.030897485,0.4539978,0
-1.616094,-0.8986226,1.4424825,-0.6510699,0.3077813,-0.10361648,0.80129963,0.68775576,-0.15361528,0.43666664,0
-1.743688,-0.77219546,1.4524819,-0.6506615,0.30056414,0.09638352,0.8753388,0.63139755,-0.17709047,0.35374898,0
-1.7347906,-0.68566495,1.403631,-0.8397086,0.10056414,0.052766908,0.8791498,0.8106374,-0.06759566,0.32237214,0
-1.7426604,-0.72297645,1.4167212,-0.7809825,0.20378996,-0.0016255453,0.8444293,0.8611311,0.015948988,0.32917324,0
-1.7038513,-0.79216176,1.6167213,-0.8563564,0.19792421,-0.13284534,0.8235991,0.85495037,0.038387,0.52917325,0
-1.615782,-0.7824785,1.4375615,-0.9312681,0.39009702,-0.09483924,0.7806221,0.94176596,-0.054551266,0.58891433,0
-1.5856026,-0.87082464,1.4041387,-0.99944127,0.29636344,-0.15671033,0.7635982,0.9131845,-0.15178433,0.53054315,0
-1.6050355,-0.8582097,1.523135,-0.9132763,0.3947189,-0.3193682,0.8250844,1.0437393,-0.15240325,0.3487501,0
-1.580409,-0.83425266,1.6564947,-0.93457234,0.45342398,-0.29295638,0.7055708,1.1353961,-0.05283711,0.32827735,0
-1.5448465,-0.6585974,1.664761,-1.008161,0.44229892,-0.35848883,0.58523357,1.2116445,-0.16555892,0.4793217,0
-1.3448465,-0.6287437,1.6557567,-0.95483917,0.4541307,-0.55848885,0.6691421,1.1151224,-0.19913304,0.35928595,0
-1.348023,-0.74805695,1.6798915,-0.9492405,0.25413072,-0.52664876,0.85822785,1.2277908,-0.2685591,0.3739419,0
-1.227411,-0.7660999,1.7647768,-1.0106183,0.166762,-0.50211376,0.7712673,1.248323,-0.3714243,0.3904499,0
-1.1851058,-0.69531894,1.7637882,-0.9798284,0.30884466,-0.5413625,0.8991724,1.1959667,-0.2912592,0.5735035,0
-1.213646,-0.6964663,1.7207135,-0.8361121,0.32991806,-0.64021266,0.82162297,1.2766944,-0.4829667,0.570152,0
-1.1917373,-0.7617013,1.6704105,-0.7922143,0.23948467,-0.79694325,0.834019,1.3071578,-0.541203,0.4382666,0
-1.1913767,-0.8365139,1.7197086,-0.6686956,0.18842967,-0.813081,0.8129074,1.1844794,-0.46580118,0.6382666,0
-1.0896221,-0.84978724,1.7604369,-0.5261817,0.13794181,-0.79229176,0.7258463,1.3844794,-0.43540412,0.4569676,0
-1.1072464,-0.66543454,1.7117018,-0.556676,0.25465626,-0.8509163,0.6841896,1.2959555,-0.4363672,0.5460732,0
