pca_0,pca_1,pca_2,pca_3,pca_4,pca_5,pca_6,pca_7,pca_8,pca_9,target
0.2,-0.2,0.2,0.057709914,-0.2,0.2,0.14358015,0.2,-0.2,0.107493244,1
0.32881683,-0.4,0.0,-0.14229009,-0.4,0.4,0.34358016,0.4,0.0,-0.09250676,1
0.12881683,-0.2,-0.08682853,0.057709917,-0.2,0.58810353,0.43919128,0.6,-0.07031215,-0.29250675,1
0.32881683,-0.34445623,-0.15443602,-0.14229009,-0.1645088,0.38810354,0.63919127,0.40000004,-0.27031216,-0.49250674,1
0.26394907,-0.42212513,0.04556398,-0.3081901,-0.3645088,0.58810353,0.43919128,0.20000003,-0.1916202,-0.29250675,1
0.16907239,-0.62212515,0.24556398,-0.37210837,-0.1645088,0.7881035,0.33778366,2.9802322e-08,0.008379802,-0.45720887,1
0.36907238,-0.82212514,0.44556397,-0.5721084,0.0354912,0.9881035,0.13778366,0.20000003,-0.1916202,-0.65720886,1
0.341457,-0.9002726,0.55552053,-0.3721084,-0.1645088,1.1881036,-0.06221634,2.9802322e-08,0.008379802,-0.5687865,1
0.541457,-1.0072672,0.5108588,-0.1721084,-0.3645088,1.1622127,0.13778366,-0.19999997,0.2083798,-0.7687865,1
0.341457,-0.80726725,0.3108588,-0.300142,-0.1645088,1.3622128,-0.06221634,2.9802322e-08,0.008379802,-0.9687865,1
0.541457,-1.0072672,0.3597322,-0.371449,0.0354912,1.1622127,0.13778366,-0.19999997,0.11358007,-0.7687865,1
0.741457,-1.2072673,0.15973221,-0.571449,-0.1645088,1.0879914,0.33778366,2.9802322e-08,0.31358007,-0.9687865,1
0.541457,-1.4072673,-0.040267795,-0.59149134,0.0354912,0.88799137,0.19667636,-0.19999997,0.18943925,-0.7687865,1
0.49337208,-1.415796,-0.2402678,-0.39149135,-0.1645088,1.0879914,0.39667636,-0.39999998,0.38943925,-0.5687865,1
0.3578843,-1.215796,-0.4402678,-0.59149134,-0.19536665,0.88799137,0.59667635,-0.59999996,0.18943925,-0.4668657,1
0.31625918,-1.015796,-0.6402678,-0.6997128,-0.39536667,0.6879914,0.39667636,-0.79999995,-0.010560751,-0.3552593,1
0.5162592,-1.215796,-0.4402678,-0.49971282,-0.19536667,0.5415107,0.19667636,-0.99999994,0.18943925,-0.5552593,1
0.3162592,-1.4075196,-0.2402678,-0.52008975,-0.39536667,0.45564872,0.3605733,-0.79999995,0.3852378,-0.7552593,1
0.1162592,-1.4456607,-0.040267795,-0.32008976,-0.19536667,0.6556487,0.38599798,-0.99999994,0.24031378,-0.64426845,1
-0.0837408,-1.6456608,0.15973221,-0.120089754,0.0046333373,0.45564872,0.18599798,-1.1999999,0.23580448,-0.44426847,1
0.1162592,-1.4456607,0.3597322,0.07991025,-0.19536667,0.25564873,0.38599798,-1.282393,0.4358045,-0.3679841,1
0.3162592,-1.2456607,0.5597322,0.27991027,-0.39536667,0.20467675,0.18599798,-1.0823929,0.6358045,-0.16798408,1
0.5162592,-1.4456607,0.7597322,0.47991025,-0.59536666,0.38958424,0.38599798,-0.90994215,0.4358045,-0.3679841,1
0.7162592,-1.6456608,0.5597322,0.27991027,-0.79536664,0.18958424,0.18599798,-1.1099422,0.6358045,-0.5679841,1
0.5162592,-1.8456608,0.3597322,0.22254291,-0.59536666,-0.010415763,0.34698266,-0.9099422,0.7659178,-0.7679841,1
0.5986588,-2.0456607,0.5597322,0.42254293,-0.39536667,0.18958424,0.54698265,-0.7099422,0.96591777,-0.9679841,1
0.3986588,-2.2456608,0.7597322,0.6225429,-0.19536667,0.38958424,0.34698266,-0.50994223,0.7659178,-0.7679841,1
0.19865881,-2.0456607,0.9597322,0.6861977,0.0046333373,0.58958423,0.54698265,-0.30994225,0.96591777,-0.5679841,1
0.3986588,-1.8456607,0.7597322,0.8861977,-0.19536667,0.38958424,0.74698263,-0.36936373,1.1659178,-0.7679841,1
0.5986588,-1.6456606,0.9317797,1.0861977,-0.39536667,0.18958424,0.7557268,-0.16936372,1.3659178,-0.9679841,1
0.3986588,-1.4456606,0.7317797,1.1516399,-0.19536667,0.38958424,0.9557268,-0.36936373,1.5659178,-0.7679841,1
0.19865881,-1.6456606,0.9317797,0.95163995,-0.39536667,0.18958424,0.7557268,-0.16936372,1.4327805,-0.5679841,1
0.3986588,-1.4456606,1.1317797,1.1516399,-0.33624396,-0.010415763,0.89934325,-0.36936373,1.6327806,-0.36798412,1
0.19865881,-1.2456605,0.9442644,1.3123007,-0.536244,-0.21041577,1.0993433,-0.5693637,1.4327805,-0.16798411,1
0.3986588,-1.0835435,1.1442645,1.5123007,-0.336244,-0.010415763,1.2993433,-0.36936373,1.2327805,-0.36798412,1
0.54373044,-1.1657754,0.8726611,1.5551931,-0.4870423,-0.19110961,1.361775,-0.5171232,1.3013195,-0.27595046,1
0.7418458,-0.9633281,1.069943,1.3953849,-0.28631493,-0.17804708,1.5578175,-0.53530544,1.2637345,-0.075757995,1
0.8917699,-0.72274363,1.2024229,1.1318289,-0.1116653,-0.35794714,1.6643581,-0.550261,1.3093995,-0.1659255,1
0.6917699,-0.9227436,1.4024229,1.331829,-0.3116653,-0.55794716,1.4643581,-0.35026103,1.1093994,0.016646668,1
0.8822703,-0.71504456,1.4736173,1.1197721,-0.50621474,-0.7498731,1.2508894,-0.4721581,1.295451,0.02142329,1
1.0469633,-0.49824223,1.232068,1.2767172,-0.68317586,-0.91888535,1.0166062,-0.26327947,1.4466649,-0.030015506,1
0.8217026,-0.6774171,1.3893564,1.044604,-0.4687651,-0.7910504,1.1803209,-0.06139215,1.597553,-0.22315529,1
0.9340298,-0.80212545,1.4529729,1.1378038,-0.2457022,-0.5743071,0.9066995,0.12671384,1.6433041,-0.38684413,1
0.7019317,-0.9583039,1.5806906,0.8967949,-0.42621225,-0.35793915,0.67579645,0.3124271,1.762699,-0.56118226,1
0.9019317,-0.75830394,1.3806906,0.9303883,-0.62621224,-0.15793915,0.4958158,0.1124271,1.7784022,-0.76118225,1
0.99072635,-0.8615933,1.4211696,1.0163112,-0.7428321,-0.32181647,0.26596254,0.2808974,1.7787448,-0.50454855,1
0.73678493,-0.8343014,1.5105774,0.7606244,-0.8785144,-0.16503288,0.26544616,0.44809178,1.8437597,-0.6564859,1
0.9367849,-1.0343014,1.3105774,0.8291755,-0.6785144,-0.36503288,0.25070772,0.6480918,1.6437596,-0.7297611,1
0.7115419,-0.80571735,1.4327674,0.99391484,-0.46212,-0.54567426,0.435266,0.81903523,1.7805904,-0.5116109,1
0.89831185,-0.60571736,1.2327673,0.79391485,-0.26212,-0.52121747,0.41613263,0.61903524,1.5805904,-0.7116109,1
0.6931305,-0.79973906,1.4221365,0.9865402,-0.45869115,-0.71586615,0.21452896,0.4159261,1.7673787,-0.9048469,1
0.82707447,-0.59319675,1.6044414,0.8372528,-0.25586918,-0.9058753,0.038438663,0.451347,1.5502807,-1.0927947,1
0.7622025,-0.6772953,1.5407777,0.8856901,-0.38522527,-0.9442856,0.016548676,0.5561726,1.4945308,-1.1038923,1
0.9622025,-0.47729534,1.5275905,0.6856901,-0.5852253,-0.7442856,0.21654868,0.3820286,1.2945307,-1.3038924,1
1.0629786,-0.6194708,1.5800964,0.510411,-0.44129628,-0.86366653,0.015135824,0.1664878,1.3669342,-1.3754966,1
1.2629787,-0.4194708,1.4862797,0.31041104,-0.3066775,-1.0636666,-0.18071195,-0.033512205,1.1669341,-1.2795154,1
1.36043,-0.2040868,1.5680786,0.47463334,-0.31702134,-0.80312717,-0.35402566,-0.20974995,1.2711178,-1.3758075,1
1.4618664,-0.4040868,1.3680786,0.27463335,-0.11702134,-0.6031272,-0.55402565,-0.009749949,1.4144088,-1.1758075,1
1.6040752,-0.1969897,1.5135489,0.07203798,-0.07412705,-0.6151802,-0.7278045,-0.20245592,1.1721778,-1.327964,1
1.4040751,-0.3969897,1.3135488,-0.12796202,0.12587295,-0.8151802,-0.5278045,-0.013805941,0.9721778,-1.527964,1
1.6040752,-0.1969897,1.1135488,0.0153429955,-0.07412705,-1.0151802,-0.3278045,0.18619406,0.7721778,-1.4425094,1
1.8040752,-0.3926335,1.3135488,0.079247855,0.12587295,-0.81518024,-0.1465773,0.38619405,0.89922,-1.2425094,1
1.8211758,-0.19591632,1.3754166,-0.10973185,0.29613256,-0.92253107,-0.2399523,0.16920127,0.99890107,-1.3108605,1
1.5224637,0.0038167466,1.4724389,-0.28948608,0.15921779,-1.0491563,-0.037340794,0.34506828,1.090702,-1.4121025,1
1.2144367,-0.1801578,1.535824,-0.44950187,-0.037450872,-1.1471176,0.01880359,0.1332182,1.1852696,-1.480416,1
1.4144367,0.019842207,1.3358239,-0.51125157,0.16254914,-0.9471176,0.2188036,-0.066781804,0.9852696,-1.280416,1
1.2144367,-0.1801578,1.535824,-0.5733399,-0.037450865,-0.74711764,0.018803596,0.1332182,1.1852696,-1.080416,1
1.4144367,0.019842207,1.3358239,-0.77333987,-0.23745087,-0.9471176,0.2188036,0.19343051,0.9852696,-1.280416,1
1.2144367,0.04983011,1.3894086,-0.97333986,-0.12827078,-0.74711764,0.018803596,0.39343053,0.7852696,-1.480416,1
1.1150208,0.24983011,1.5894086,-0.77333987,-0.3282708,-0.9471176,0.045515377,0.5934305,0.58526963,-1.280416,1
1.281744,0.4384471,1.7441274,-0.94870937,-0.51490283,-0.7282117,0.23930258,0.3834747,0.37552035,-1.442954,1
1.481744,0.6384471,1.5441273,-0.7487094,-0.5531603,-0.5282117,0.039302573,0.5834747,0.4746995,-1.2429539,1
1.6309694,0.813133,1.6914693,-0.92006624,-0.34249783,-0.31830248,0.23207763,0.7598203,0.31351566,-1.0114653,1
1.8082566,0.72850895,1.5260649,-1.1061721,-0.5357682,-0.11683496,0.03167971,0.6236691,0.5071456,-0.8361404,1
1.8929019,0.49815127,1.6269193,-0.8541213,-0.69350547,-0.29863587,-0.15865193,0.39933342,0.28950307,-0.97662425,1
1.68861,0.29739538,1.4233017,-1.051449,-0.89124024,-0.3994925,0.041243244,0.59781396,0.4882621,-1.1736413,1
1.4886099,0.097395375,1.3658394,-0.85144895,-0.69124025,-0.5994925,-0.15875676,0.39781398,0.6882621,-1.3736414,1
1.2860857,0.09577282,1.5627723,-1.0493894,-0.8894945,-0.6954764,0.041162454,0.1974265,0.8865222,-1.3007134,1
1.3198502,0.1823139,1.5655862,-1.1096311,-0.9466264,-0.7953072,0.2141857,-0.0022856293,0.9488614,-1.0332382,1
1.4420693,0.14839412,1.3278366,-1.2734284,-0.72598714,-0.96779346,0.21173924,0.19224887,0.7281603,-1.1991472,1
1.4145528,-0.049483143,1.4649912,-1.412821,-0.5043514,-1.1197579,0.3948029,0.1260857,0.50643516,-0.95804864,1
1.4871098,-0.22979045,1.1651404,-1.3860703,-0.61258054,-1.2155843,0.19577506,-0.068079956,0.65067345,-1.0666393,1
1.6122954,-0.02957448,0.9581436,-1.5745721,-0.40958953,-1.0178453,-0.0041943123,0.13096368,0.4474063,-1.2574568,1
1.7269117,0.16239616,0.9895657,-1.3408554,-0.58086956,-1.1604682,0.18658057,0.31537077,0.6169046,-1.0076362,1
1.850266,-0.03610809,0.9769022,-1.4795656,-0.7498093,-0.9222642,0.11135895,0.49487117,0.40032163,-0.7755113,1
1.9147503,-0.22455433,1.1006541,-1.216951,-0.90333116,-0.8902319,0.08162864,0.28044185,0.19051905,-0.92777544,1
1.822967,-0.42455435,0.90065414,-1.4169511,-0.7033312,-0.6902319,-0.11837136,0.48044187,-0.009480953,-1.1277754,1
1.9698398,-0.22140557,1.0852203,-1.1998864,-0.4962733,-0.6122744,0.08048402,0.27650943,0.18784752,-1.3091569,1
1.7698398,-0.115719594,1.2852204,-0.99988645,-0.6962733,-0.8122744,-0.03346333,0.47650945,-0.012152478,-1.2659065,1
1.7623518,-0.3157196,1.0852203,-0.79988647,-0.7917732,-0.718178,0.16653667,0.27650946,-0.21215248,-1.0659064,1
1.9434289,-0.51074654,1.272827,-0.99024457,-0.62351775,-0.5131812,0.36300218,0.07577168,-0.012035293,-1.2536994,1
1.7266295,-0.7038979,1.0624894,-1.0055579,-0.81558245,-0.70630914,0.16672988,0.27311438,-0.20999217,-1.4396919,1
1.6313618,-0.7885852,1.1014302,-0.93555146,-0.88602185,-0.7906888,-0.029025761,0.41275787,-0.024241215,-1.430512,1
1.400046,-0.575708,1.2729571,-1.1107075,-0.6710129,-0.8839887,-0.17397799,0.20810309,-0.2193352,-1.5814432,1
1.438562,-0.40330958,1.3242995,-1.178425,-0.7831062,-0.6149574,-0.14379482,0.21847071,-0.017383799,-1.6016518,1
1.2348225,-0.20269574,1.1411588,-1.3742633,-0.5813457,-0.81249684,-0.042886306,0.069462255,0.11012868,-1.7962123,1
1.0227432,-0.0044485936,1.0009226,-1.5558873,-0.37689435,-0.67970073,-0.02736145,0.1621348,-0.08882228,-1.9729111,1
1.0736457,0.19555141,0.8009226,-1.3558873,-0.57689434,-0.8797007,-0.22736146,0.3621348,-0.2888223,-1.7729111,1
0.8736457,-0.0044485927,0.6009226,-1.5558873,-0.37689435,-1.0797007,-0.12473782,0.5621348,-0.48882228,-1.572911,1
1.0722508,0.19529736,0.79988205,-1.3541259,-0.5761449,-1.2780383,0.07516441,0.38657525,-0.28844708,-1.7706078,1
0.87225085,-0.0047026426,0.99988204,-1.1541258,-0.3761449,-1.0780382,-0.124835595,0.42291403,-0.48844707,-1.9706079,1
0.9036344,0.18051477,1.1090597,-1.0614821,-0.5325349,-0.8115771,-0.30024788,0.57576394,-0.63633657,-2.0063086,1
0.70363444,-0.019485235,0.9090597,-0.92710555,-0.3325349,-0.90868163,-0.14858815,0.37576395,-0.43633658,-2.2063086,1
0.50363445,0.18051477,1.1090597,-0.93127686,-0.5325349,-1.1086817,-0.34858817,0.17576395,-0.63633657,-2.0063086,1
0.6958029,-0.019268362,1.2944897,-0.7231377,-0.7243817,-1.0778953,-0.14693436,-0.023966303,-0.4314801,-2.102838,1
0.7011378,0.17715628,1.4649248,-0.51278865,-0.8037983,-0.8605282,-0.34007108,-0.21953565,-0.22690082,-2.1133237,1
0.80890125,0.048760474,1.4945105,-0.6398307,-0.6687967,-0.9519772,-0.13327321,-0.017536063,-0.12926951,-2.0765421,1
0.96268106,0.049602244,1.2352059,-0.52890825,-0.56167537,-1.0918992,0.063669875,0.17410484,0.06749016,-2.1722484,1
0.80462664,-0.14581364,1.0036528,-0.37185892,-0.7384595,-1.0846128,0.091216475,0.31416106,0.25933707,-2.2999423,1
0.5891896,-0.3369845,0.78313434,-0.1674711,-0.9144992,-0.950273,-0.106006116,0.111246355,0.44760948,-2.436115,1
0.69726574,-0.31594178,0.8686201,-0.32466853,-0.98468375,-1.0162907,-0.2703629,-0.07841574,0.21876824,-2.3290637,1
0.83440584,-0.10781923,0.9937556,-0.42791775,-0.72971106,-0.8417721,-0.43741062,0.077934645,0.38943052,-2.3518846,1
0.96377254,0.08588631,1.1122413,-0.5011158,-0.5256648,-0.7437036,-0.22119929,-0.11373026,0.17649546,-2.377632,1
1.158564,-0.113602966,1.3063682,-0.29976815,-0.32420728,-0.93947995,-0.021104407,-0.14133225,0.37481043,-2.1678855,1
1.2606931,-0.29101104,1.0266654,-0.1330518,-0.48644343,-1.0573919,-0.20517606,0.054441325,0.1622171,-2.1973033,1
1.0081335,-0.08650125,0.78570247,-0.31654838,-0.65242875,-1.1950855,-0.1901061,0.24183322,0.3442685,-2.278512,1
0.99649733,-0.17399132,0.93044424,-0.116548374,-0.85242873,-1.1526247,0.009893909,0.44183323,0.5442685,-2.078512,1
0.79649734,0.02600868,1.1304443,-0.31654838,-0.65242875,-1.3526248,0.20989391,0.43228018,0.6801834,-1.8785119,1
0.88027465,-0.15695108,0.9482219,-0.1069462,-0.78219897,-1.4247074,0.14724442,0.580188,0.80766696,-1.9072678,1
0.9512104,-0.31629324,1.0174359,0.08245469,-0.5158847,-1.4396483,0.29980016,0.69132215,0.74836755,-1.8672435,1
0.75207734,-0.4621135,1.0896784,-0.10521013,-0.28273582,-1.4675839,0.08932714,0.79778695,0.848846,-1.8503075,1
0.5202953,-0.6239969,1.2154342,0.089333,-0.31310126,-1.3243439,-0.10430164,0.94034624,0.61149323,-1.9322753,1
0.59372735,-0.40806594,1.3622516,-0.10650887,-0.49382237,-1.0820985,0.092102654,0.71252894,0.68670535,-2.0521586,1
0.72476315,-0.55523324,1.4265131,-0.27987736,-0.63353854,-1.1707015,0.2667229,0.8332425,0.8096626,-1.6912309,1
0.89102495,-0.34227327,1.181766,-0.25964633,-0.41772175,-1.3206942,0.22249182,0.99554664,0.5874202,-1.8222331,1
0.8248032,-0.5422733,1.2659624,-0.100480676,-0.61772174,-1.1206942,0.022491813,0.97852725,0.38742024,-1.622233,1
0.6248032,-0.7422733,1.0689297,0.09951933,-0.6342107,-1.3206942,0.22249182,0.77852726,0.5855542,-1.422233,1
0.8248032,-0.5422733,1.2689297,-0.100480676,-0.8342107,-1.1206942,0.022491813,0.5785273,0.7855542,-1.622233,1
0.6248032,-0.7422733,1.4689298,0.09951933,-1.0342107,-1.1004499,-0.051732197,0.77852726,0.9216725,-1.422233,1
0.4248032,-0.94227326,1.2689297,0.29951933,-1.2342107,-0.97226274,-0.2517322,0.5785273,0.72167253,-1.2934674,1
0.2248032,-1.1422733,1.0689297,0.09951933,-1.0342107,-1.1722628,-0.45173222,0.77852726,0.52167255,-1.0934674,1
0.4248032,-1.1907094,1.0216435,-0.018437907,-0.8342107,-1.3722628,-0.25173223,0.65801877,0.72167253,-1.2934674,1
0.2248032,-0.99070936,0.82164353,-0.21843791,-0.65966374,-1.5722629,-0.45173222,0.85801876,0.8935977,-1.0934674,1
0.4248032,-0.7907094,0.62164354,-0.018437907,-0.8596637,-1.3722628,-0.6517322,1.0580188,0.7337207,-1.2934674,1
0.3248296,-0.9270662,0.42164356,0.1815621,-0.65966374,-1.5722629,-0.8517322,1.2580189,0.53372073,-1.4934675,1
0.12090195,-1.0916041,0.21466972,-0.017857773,-0.4452008,-1.7165002,-0.87066597,1.0247291,0.3232205,-1.6401839,1
-0.07291086,-0.82186127,0.2852555,-0.010644625,-0.23822844,-1.6962352,-0.98691654,1.1289287,0.48229322,-1.6800854,1
0.12708914,-0.6218613,0.48525548,0.016846094,-0.43822843,-1.4962351,-0.78691655,0.9289287,0.2822932,-1.8800855,1
0.32708913,-0.82186127,0.28943408,0.2168461,-0.532989,-1.2962351,-0.98691654,0.98091674,0.4822932,-1.6800854,1
0.1751838,-0.6218613,0.48943406,0.01684609,-0.732989,-1.096235,-0.78691655,1.1809168,0.41216072,-1.8800855,1
-0.0248162,-0.7306848,0.68943405,-0.18315391,-0.532989,-1.2962351,-0.98691654,0.9809168,0.4504345,-1.6800854,1
-0.2248162,-0.5306848,0.48943406,-0.38315392,-0.33298904,-1.2359052,-1.1869166,0.8089906,0.25043452,-1.4800854,1
-0.4248162,-0.33068484,0.28943408,-0.18315391,-0.13298903,-1.0359051,-0.9869166,1.0089906,0.4504345,-1.6800854,1
-0.22481619,-0.5306848,0.45368522,0.01684609,-0.33298904,-0.891456,-1.1869166,1.2089907,0.6504345,-1.8800855,1
-0.07766992,-0.7306848,0.6536852,-0.18315391,-0.532989,-1.091456,-0.9869166,1.0275629,0.4504345,-1.6800854,1
0.122330084,-0.5306848,0.45368522,0.01684609,-0.33298904,-0.89145607,-0.7869166,1.2275629,0.6504345,-1.8800855,1
0.3223301,-0.7306848,0.6536852,-0.18315391,-0.532989,-0.6914561,-0.5869166,1.0275629,0.8504345,-2.0800855,1
0.52105397,-0.52938825,0.6221631,0.016804932,-0.3321755,-0.49025536,-0.784994,1.2245637,0.6488454,-2.274515,1
0.30220145,-0.31004632,0.7738851,-0.17243771,-0.5009257,-0.27321136,-0.92715436,0.96700937,0.7990005,-2.3292096,1
0.10220145,-0.5100463,0.5738851,-0.37243772,-0.7009257,-0.07321136,-1.1271544,0.8528312,0.9990005,-2.1292095,1
-0.045224715,-0.3455374,0.37044564,-0.5671717,-0.49631757,-0.270698,-1.3149456,0.6468256,0.7916503,-2.3077826,1
0.15477529,-0.5455374,0.57044566,-0.3671717,-0.29631758,-0.470698,-1.1673877,0.44682562,0.8822328,-2.1077826,1
-0.04522471,-0.34553742,0.37044567,-0.1671717,-0.49631757,-0.270698,-0.96738774,0.6468256,0.6822328,-2.3077826,1
-0.24522471,-0.14553742,0.17044567,-0.3671717,-0.69631755,-0.07069801,-1.1623757,0.5906342,0.4822328,-2.1077826,1
-0.04522471,0.054462582,-0.029554337,-0.5671717,-0.49631757,0.129302,-1.2649369,0.7906342,0.6822328,-1.940354,1
-0.24522471,0.2544626,0.17044567,-0.7671717,-0.29631758,0.329302,-1.0649369,0.7771595,0.4822328,-2.140354,1
-0.23139271,0.12584646,-0.029554337,-0.5671717,-0.49631757,0.12930201,-1.2649369,0.5771595,0.6822328,-2.340354,1
-0.051669136,0.32584646,-0.22955434,-0.3671717,-0.29631758,-0.07069799,-1.0649369,0.37715954,0.4822328,-2.140354,1
-0.25166914,0.12584646,-0.029554337,-0.5238054,-0.49631757,-0.03779195,-0.8649369,0.5771595,0.6822328,-2.112728,1
-0.051669136,-0.07415354,0.17044567,-0.72380537,-0.69631755,-0.13587567,-1.0649369,0.37715954,0.4822328,-2.3127282,1
0.14102556,-0.26065144,0.3522012,-0.6582508,-0.85217386,-0.3193338,-1.2026387,0.54873437,0.26833284,-2.388976,1
-0.058974445,-0.15682644,0.5522012,-0.57667255,-0.6521739,-0.12102711,-1.0026387,0.34873438,0.068332836,-2.188976,1
-0.25897443,-0.0034804493,0.5868848,-0.77667254,-0.4521739,-0.16026527,-1.2026387,0.54873437,-0.13166717,-2.388976,1
-0.058749586,0.19577031,0.3854098,-0.574474,-0.6496874,0.039583247,-1.1308815,0.3474048,0.06807231,-2.5791056,1
-0.2587496,0.3957703,0.3875024,-0.77447397,-0.44968742,0.23958325,-1.3308816,0.24087703,-0.1319277,-2.3791056,1
-0.35736164,0.19577031,0.1875024,-0.574474,-0.24968742,0.03958325,-1.1308815,0.3877375,-0.33192772,-2.1791055,1
-0.55736166,0.16860795,0.053233117,-0.48303735,-0.44968742,-0.09168047,-0.93088156,0.5877375,-0.25189936,-2.3791056,1
-0.75736165,0.043078676,-0.14676689,-0.45749614,-0.24968742,-0.29168046,-0.7308816,0.7877375,-0.45189935,-2.1791055,1
-0.95736164,-0.038923122,0.053233117,-0.25749612,-0.44968742,-0.09168045,-0.93088156,0.5877375,-0.65189934,-1.9791055,1
-0.8589396,0.16107687,-0.14676689,-0.4574961,-0.24968742,-0.29168046,-1.1308815,0.57370496,-0.6716964,-1.7791054,1
-0.6589396,-0.03892313,-0.3467669,-0.25749612,-0.049687415,-0.49168044,-1.2225688,0.77370495,-0.8716964,-1.9791055,1
-0.67328525,-0.23892313,-0.33973435,-0.4574961,0.15031259,-0.69168043,-1.0225687,0.57370496,-0.6716964,-1.9299674,1
-0.8707002,-0.03892313,-0.53973436,-0.25749612,-0.049687415,-0.65948844,-0.8225687,0.37370497,-0.47169644,-2.1299675,1
-1.0707002,0.16107687,-0.34201437,-0.057496116,-0.24968742,-0.61945593,-1.0225687,0.17370497,-0.27169645,-1.9299674,1
-0.8707002,0.3610769,-0.54201436,0.13857742,-0.049687415,-0.8194559,-1.1765324,0.37370497,-0.40551144,-1.7299674,1
-0.67950815,0.16107689,-0.34201437,-0.061422586,0.15031259,-1.0194559,-0.9765324,0.17370497,-0.6055114,-1.9299674,1
-0.87950814,0.05272504,-0.14201437,0.13857742,0.3503126,-0.8921542,-1.1765324,0.01726161,-0.8055114,-1.796554,1
-0.67950815,0.07062066,0.057985634,0.33857742,0.18466556,-0.8102655,-0.9765324,-0.1827384,-1.0055114,-1.996554,1
-0.5172975,-0.12937933,0.20371974,0.53857744,-0.015334442,-1.0102655,-1.1765324,-0.3827384,-0.8055114,-1.9823388,1
-0.31729752,-0.32937932,0.40371972,0.33857745,0.18466556,-0.8102655,-1.3765324,-0.5827384,-1.0055114,-1.7823387,1
-0.11560221,-0.52172816,0.40874657,0.53079337,0.0052785445,-0.9171295,-1.5537468,-0.7504744,-0.7938693,-1.9536879,1
0.08247371,-0.70527434,0.5948685,0.32325202,0.20059864,-1.0916615,-1.3228843,-0.53792477,-0.5803304,-2.1045885,1
0.27806547,-0.8911468,0.7824639,0.43311542,0.000589297,-1.271504,-1.1053607,-0.3326512,-0.374395,-2.0589616,1
0.067082204,-0.9376301,0.8442381,0.5440405,-0.17135501,-1.2644738,-1.1217057,-0.4577109,-0.49358165,-1.9411416,1
-0.120298594,-1.0296236,0.5830742,0.31137735,-0.3114151,-1.3254368,-1.1962231,-0.23324384,-0.62773305,-1.9378619,1
-0.16603251,-0.82962364,0.751819,0.11137734,-0.5114151,-1.1254368,-1.3962232,-0.43324384,-0.42773306,-1.7378619,1
-0.3660325,-1.0296236,0.951819,0.14386547,-0.7114151,-0.9254368,-1.1962231,-0.63324386,-0.62773305,-1.602767,1
-0.16603251,-1.2257482,0.751819,-0.056134537,-0.5114151,-0.7254368,-0.99622315,-0.43324387,-0.42773306,-1.4927557,1
-0.3660325,-1.4257482,0.551819,-0.070615955,-0.39836493,-0.9254368,-1.1962231,-0.2487941,-0.5976672,-1.6927557,1
-0.47818866,-1.2461563,0.751819,-0.27061597,-0.19836493,-1.1254368,-1.3962232,-0.04879409,-0.39766723,-1.4927557,1
-0.27818865,-1.2552011,0.75527334,-0.47061598,-0.39836493,-0.9254368,-1.1962231,0.15120591,-0.3048164,-1.57687,1
-0.47818863,-1.055201,0.6846799,-0.489959,-0.19836493,-1.1254368,-1.2285591,0.35120592,-0.5048164,-1.6089694,1
-0.27818865,-0.85520107,0.48467994,-0.689959,-0.39836493,-0.9254368,-1.4285592,0.55120593,-0.4791868,-1.8089695,1
-0.07818864,-1.055201,0.6846799,-0.489959,-0.59836495,-1.1254368,-1.2285591,0.7512059,-0.28076822,-1.6089694,1
-0.27597675,-0.84840137,0.8776458,-0.6844731,-0.39519754,-1.3148983,-1.4172007,0.94364285,-0.4769456,-1.3977667,1
-0.075976744,-0.6484014,1.0776458,-0.4844731,-0.23390602,-1.1148982,-1.6071515,0.74364287,-0.6769456,-1.1977667,1
-0.27597675,-0.84840137,1.2776458,-0.6844731,-0.23869273,-0.9446154,-1.4795126,0.5436429,-0.47694564,-1.3977667,1
-0.07370359,-0.62900174,1.4334359,-0.4699781,-0.42556745,-0.94974136,-1.629263,0.3333614,-0.26865968,-1.5499629,1
0.12629642,-0.74649715,1.2334359,-0.27669424,-0.22556745,-1.1497414,-1.429263,0.5333614,-0.06865968,-1.7061576,1
0.32629642,-0.54649717,1.189126,-0.47669423,-0.42556745,-1.3497415,-1.229263,0.3333614,0.12998241,-1.7522137,1
0.4703532,-0.66714746,1.2414675,-0.24728273,-0.5590721,-1.3134062,-1.2773379,0.1191856,-0.062575,-1.7447011,1
0.2703532,-0.86714745,1.0414674,-0.13962999,-0.3590721,-1.1134062,-1.2155113,0.016702361,0.137425,-1.9447012,1
0.4703532,-0.66714746,0.84146744,-0.33963,-0.15907209,-1.3134062,-1.0155113,-0.18329763,-0.062575,-1.8425968,1
0.2703532,-0.86714745,0.7425053,-0.53963,-0.3590721,-1.2046982,-0.8155113,-0.38329762,0.137425,-2.0425968,1
0.4703532,-1.0671475,0.5425053,-0.73963,-0.5590721,-1.4046983,-0.6155113,-0.18329762,0.040196836,-1.8425968,1
0.46221223,-1.2369525,0.6748365,-0.6290911,-0.50249076,-1.3594359,-0.40561005,-0.374164,-0.1559952,-1.9939235,1
0.6014343,-0.9417808,0.79454386,-0.7529969,-0.63801605,-1.2590096,-0.5500271,-0.5214671,-0.1268025,-1.9925648,1
0.4014343,-0.7417808,0.7577417,-0.9529969,-0.83801603,-1.0590096,-0.72246665,-0.3214671,-0.3268025,-1.8187118,1
0.19743218,-0.92306936,0.93871313,-1.130089,-1.0173926,-0.84194267,-0.5120862,-0.11905377,-0.12428316,-1.9786037,1
-0.00249424,-0.702348,1.1060804,-0.903435,-0.7939682,-1.0120832,-0.5680034,0.078626506,0.07354698,-2.1161702,1
-0.18869868,-0.46812394,1.2170995,-0.65551126,-0.55350226,-1.1295062,-0.7156807,0.25964418,-0.117838,-2.1583738,1
-0.37772164,-0.64925575,1.0189927,-0.8313511,-0.34351918,-0.93759084,-0.50111765,0.4466636,0.079841696,-2.2917721,1
-0.16564268,-0.41872182,0.7633293,-0.96125466,-0.50657856,-1.0602738,-0.65346575,0.22989894,0.19040987,-2.3224173,1
0.031333447,-0.56426656,0.8785442,-1.0590496,-0.2795958,-0.7845589,-0.77835,0.39206243,0.2050567,-2.300413,1
0.20334308,-0.6717935,0.94804496,-1.10671,-0.42156672,-0.72126526,-0.8599738,0.5204254,0.0044448557,-2.162265,1
0.003216737,-0.4539639,0.7197755,-1.2573279,-0.598077,-0.50156605,-0.63503265,0.6931997,-0.1881649,-2.2729924,1
0.2008778,-0.64643705,0.9091892,-1.0451585,-0.78889143,-0.29809517,-0.82542175,0.8829193,0.011698881,-2.1096373,1
0.13597098,-0.43176287,0.82107145,-1.1049522,-0.956387,-0.48172298,-0.99171656,0.86139745,0.20474043,-1.9964608,1
-0.061890475,-0.22402208,0.98696804,-1.2613673,-0.7311239,-0.4748342,-0.7652735,0.639307,0.34483358,-2.1230998,1
-0.22981696,-0.021080108,1.0327066,-1.2823949,-0.74315715,-0.24117549,-0.8470572,0.7365178,0.45765945,-2.0385916,1
-0.029816955,0.1789199,0.83270663,-1.2595407,-0.54315716,-0.4093995,-0.64705724,0.5365178,0.25765944,-2.2385917,1
-0.22981696,-0.021080106,0.9414328,-1.2319623,-0.34315717,-0.6093995,-0.44705725,0.7365178,0.26409066,-2.2395258,1
-0.17866606,-0.2138704,0.71725374,-0.9983087,-0.38631105,-0.7830039,-0.2390004,0.9059768,0.44895607,-2.3599699,1
-0.20669699,-0.3742546,0.46774212,-0.9585353,-0.16847731,-0.88891053,-0.39697918,1.0001124,0.5868378,-2.314929,1
-0.38419425,-0.53583306,0.2529278,-1.0564677,0.029778527,-0.8468188,-0.5639481,0.75584185,0.36543393,-2.3757768,1
-0.56987095,-0.3275991,0.20841369,-0.8610413,0.22414482,-0.6309601,-0.3550248,0.9324065,0.16137782,-2.5126238,1
-0.76987094,-0.5275991,0.008413687,-0.95422906,0.38062912,-0.43096012,-0.2244451,0.7324065,-0.038622186,-2.3126237,1
-0.56987095,-0.4026385,0.20841369,-0.75422907,0.18062912,-0.6309601,-0.024445102,0.5324065,0.016169082,-2.1126237,1
-0.76987094,-0.20263849,0.35238326,-0.5542291,0.34063283,-0.8309601,-0.2244451,0.4975419,-0.18383092,-1.9126236,1
-0.56987095,-0.002638489,0.15238325,-0.75422907,0.14063282,-1.0309601,-0.4244451,0.6975419,-0.3838309,-2.1126237,1
-0.74542016,0.19736151,-0.04761675,-0.5542291,0.34063283,-0.9831659,-0.22444509,0.8975419,-0.1838309,-1.9126236,1
-0.62320936,0.36391503,-0.24761675,-0.3542291,0.14063282,-1.1831659,-0.024445087,1.0975419,-0.29598463,-1.7126236,1
-0.50448245,0.16391502,-0.34533003,-0.15422909,-0.05936718,-0.9831659,-0.22444509,1.297542,-0.34092063,-1.6432372,1
-0.30448246,0.36391503,-0.18484417,0.045770913,0.09571992,-1.1831659,-0.4244451,1.497542,-0.14092062,-1.8432373,1
-0.50448245,0.16391502,0.015155837,-0.15422909,-0.104280084,-0.9831659,-0.6244451,1.4930649,-0.34092063,-2.0432372,1
-0.70448244,0.36391503,-0.18484417,-0.3542291,-0.015782364,-0.78316593,-0.4244451,1.6930649,-0.14092062,-1.8432372,1
-0.8909815,0.3602576,0.01492961,-0.15192696,-0.15449044,-0.5744612,-0.24037956,1.8648078,-0.33583182,-2.0127385,1
-0.6909815,0.1602576,0.21492961,-0.35192698,0.045509562,-0.7744612,-0.44037956,1.6648078,-0.13583182,-1.997941,1
-0.5010212,-0.03974241,0.41492963,-0.22564788,0.24550956,-0.9744612,-0.26770586,1.4648077,0.064168185,-1.797941,1
-0.30102122,-0.23974241,0.6149296,-0.025647879,0.045509562,-1.1744612,-0.46770585,1.6648078,-0.13583182,-1.8725876,1
-0.48802176,-0.038711257,0.7937855,0.1698284,-0.15048204,-1.3387996,-0.26075998,1.426802,-0.32711837,-2.0188124,1
-0.40230113,-0.1279615,0.8167729,-0.028424859,-0.31125712,-1.449713,-0.05724236,1.1557779,-0.49660158,-2.0903573,1
-0.20230113,0.010139242,0.6167729,0.17157514,-0.11125712,-1.249713,-0.25724235,0.9590534,-0.5639068,-2.2903574,1
-0.0022196413,-0.18313758,0.78785,0.0098878285,-0.30023515,-1.0125414,-0.055215333,1.11801,-0.45480385,-2.4021711,1
0.013992358,0.016862422,0.7282168,-0.19011217,-0.10023515,-1.2125415,-0.25521535,1.0389479,-0.25480384,-2.202171,1
0.19477157,0.21686243,0.9282168,-0.39011216,-0.30023515,-1.3594891,-0.45521533,1.238948,-0.054803833,-2.002171,1
-0.00522843,0.41686243,1.1282169,-0.59011215,-0.23287314,-1.246529,-0.25521535,1.1677452,-0.23757839,-1.802171,1
-0.19431202,0.20532718,1.257567,-0.3693615,-0.034831926,-1.3695859,-0.43100172,1.1722708,-0.41430292,-1.8956724,1
-0.36469597,0.37488383,1.3480918,-0.5265978,-0.054643832,-1.4516972,-0.35791132,1.2692021,-0.56816375,-1.5683136,1
-0.16469596,0.5748838,1.5480919,-0.5935916,0.14535618,-1.2516972,-0.2595788,1.0692021,-0.36816376,-1.3683136,1
-0.3500708,0.74380916,1.6779894,-0.7617667,0.33150658,-1.3488367,-0.057189543,1.129181,-0.54537904,-1.1929986,1
-0.13659948,0.85908675,1.709409,-0.5113389,0.48379514,-1.4098032,-0.23410255,0.8457718,-0.678469,-1.2679541,1
0.058364537,0.9749622,1.3895147,-0.6548363,0.2612529,-1.4819344,-0.123137884,0.96270484,-0.8086911,-1.3513527,1
0.2526713,0.75788546,1.5544888,-0.44481373,0.45108894,-1.6448721,0.075168416,0.7560311,-0.89051014,-1.2116699,1
0.4526713,0.6441064,1.7544888,-0.24481373,0.25108892,-1.444872,0.27516842,0.5560311,-0.69051015,-1.41167,1
0.6038446,0.4504292,1.8082726,-0.041461185,0.41734272,-1.335505,0.43962082,0.699472,-0.5452163,-1.4911002,1
0.77364385,0.41242915,1.5478492,-0.2323894,0.20917708,-1.4778156,0.61559004,0.8656785,-0.7172183,-1.382421,1
0.9159961,0.19985159,1.6443621,-0.40678838,0.3849504,-1.5784751,0.39098367,0.6905743,-0.86291134,-1.1124119,1
0.99836314,-0.00014733638,1.830951,-0.20528473,0.18360555,-1.3684516,0.58668643,0.8673386,-0.65809107,-1.0829666,1
1.1512053,0.19198807,1.5667698,-0.389336,0.36850992,-1.5067301,0.6577719,1.0253367,-0.4400643,-0.9735729,1
1.2096157,-0.0072499295,1.5987341,-0.44360042,0.1524831,-1.32437,0.77619,1.1087961,-0.21723202,-1.0619555,1
0.9958907,-0.12867711,1.7742817,-0.24028884,0.34769136,-1.5036473,0.5941495,0.8964417,-0.016997758,-1.1167248,1
0.7958907,-0.29102558,1.5742817,-0.040288836,0.14769135,-1.3036473,0.5990188,1.0964417,0.18300225,-1.3167249,1
0.9919928,-0.23919693,1.4425095,0.15971117,0.2844895,-1.1036472,0.61799103,1.1632775,-0.016997755,-1.516725,1
1.1678561,-0.038403224,1.551267,-0.039473027,0.47467908,-1.2772497,0.40952712,1.2349083,-0.11397653,-1.2900625,1
1.2424747,0.14678437,1.590741,0.14581263,0.24950123,-1.341841,0.5095881,1.3033807,-0.28519657,-0.9901444,1
1.0424746,-0.053215638,1.4042045,0.02390442,0.049501225,-1.1418409,0.5434492,1.41695,-0.10004406,-1.1901444,1
0.84247464,-0.25321564,1.6042045,-0.17609558,-0.15049878,-0.94184095,0.7253508,1.61695,-0.12379195,-1.0069898,1
0.64247465,-0.45321566,1.8042046,0.023904428,-0.3504988,-1.1418409,0.9253508,1.41695,-0.32379195,-0.80698985,1
0.5830481,-0.64210033,1.8706163,0.22009441,-0.14793786,-1.1842502,1.1062015,1.196242,-0.514879,-0.59666115,1
0.6601541,-0.8421003,1.6706163,0.02009441,-0.24371275,-0.98425025,0.90620154,1.396242,-0.714879,-0.39666116,1
0.46015412,-0.64210033,1.8706163,0.22009441,-0.04371275,-1.1842502,0.70620155,1.5962421,-0.514879,-0.19666116,1
0.64881533,-0.5983948,2.0350516,0.019749269,-0.23952676,-0.9673449,0.52828896,1.5840274,-0.38183048,-0.38984814,1
0.43580803,-0.77525616,2.1702766,0.15397947,-0.42678866,-0.93149024,0.7071821,1.3439163,-0.29191774,-0.18434606,1
0.23580803,-0.57525617,1.985731,0.26857454,-0.22678865,-1.1314902,0.5939741,1.1439162,-0.49191773,-0.38434607,1
0.035808027,-0.37525618,2.0595407,0.06857453,-0.42678866,-1.3314903,0.39397413,1.3439163,-0.29191774,-0.18434606,1
-0.15592666,-0.1664339,2.1009204,0.057573207,-0.21537226,-1.3081535,0.52150244,1.4661967,-0.46715492,-0.36499834,1
-0.31219453,0.02944189,2.01821,-0.12492704,-0.28378695,-1.3228492,0.63285255,1.4614737,-0.44768173,-0.49557787,1
-0.10966277,-0.15635805,2.1681545,0.07337889,-0.08189624,-1.0975112,0.8140586,1.2330076,-0.6330663,-0.67988163,1
0.09011786,-0.35549268,2.3624036,-0.12631363,0.08321402,-0.8953317,0.6641193,1.030499,-0.43201464,-0.8777449,1
-0.059302535,-0.5179597,2.3892698,-0.21113127,0.2640781,-0.64835024,0.797099,1.147358,-0.21633811,-0.6973654,1
-0.2493072,-0.30570334,2.4894614,-0.017661078,0.06160809,-0.8156489,0.9586638,0.91084015,-0.015708325,-0.4781935,1
-0.049307197,-0.50570333,2.334874,0.18233892,0.025609318,-0.80699307,0.75866383,0.71084017,-0.21570833,-0.6781935,1
-0.21876389,-0.7057033,2.4052408,-0.01766108,0.22560932,-0.6069931,0.55866385,0.7350501,-0.41570833,-0.8781935,1
-0.09235692,-0.6454457,2.597611,-0.06259001,0.025534313,-0.4149232,0.35761344,0.8297799,-0.61390513,-0.6762073,1
-0.2923569,-0.44544572,2.397611,-0.002795089,-0.17446569,-0.43343288,0.55761343,1.0297799,-0.8139051,-0.47620732,1
-0.45941237,-0.22902247,2.4238,0.098785184,-0.3494095,-0.59104866,0.33368486,1.1474931,-0.8442163,-0.48960367,1
-0.54665947,-0.4290225,2.2238,0.29878518,-0.14940949,-0.39104867,0.53368485,0.94749314,-0.6442163,-0.6896037,1
-0.6625799,-0.6290225,2.4238,0.09878518,-0.3494095,-0.19104867,0.33368486,0.74749315,-0.4442163,-0.65478694,1
-0.4625799,-0.4290225,2.4561045,-0.101214826,-0.47152916,0.008951336,0.53368485,0.54749316,-0.24421631,-0.85478693,1
-0.42182288,-0.6290225,2.2561045,-0.3012148,-0.6715292,-0.14075327,0.33368486,0.74749315,-0.044216305,-1.0547869,1
-0.6218229,-0.4290225,2.3180141,-0.4252606,-0.4715292,-0.20147662,0.13368486,0.7841035,0.1557837,-1.201016,1
-0.8013502,-0.44810525,2.455287,-0.6096845,-0.26476505,-0.0014398312,0.3253723,0.71539223,0.34117842,-0.9760792,1
-0.9509599,-0.23562002,2.521667,-0.7689393,-0.441377,-0.15388355,0.122213565,0.48945653,0.27181527,-0.73702514,1
-0.75095993,-0.43562,2.321667,-0.5689393,-0.5546868,-0.22594847,0.32221356,0.6894565,0.4718153,-0.7418051,1
-0.55095994,-0.63562,2.121667,-0.36893934,-0.7546868,-0.2559938,0.5222136,0.8894565,0.2718153,-0.5418051,1
-0.35095996,-0.43562,1.9216669,-0.5689393,-0.5546868,-0.45599383,0.3222136,0.6894565,0.4718153,-0.7418051,1
-0.15095995,-0.23562,1.7216668,-0.36893934,-0.7546868,-0.5590507,0.5222136,0.48945653,0.6718153,-0.94180506,1
-0.35095996,-0.43562,1.5220838,-0.16893934,-0.5546868,-0.75905067,0.3222136,0.6894565,0.66394764,-1.141805,1
-0.55095994,-0.23562,1.7220838,-0.36893934,-0.67418396,-0.95905066,0.5222136,0.48945653,0.86394763,-0.94180506,1
-0.75095993,-0.035620004,1.9220839,-0.45937133,-0.87418395,-0.7614888,0.3222136,0.28945655,0.91081107,-0.9270768,1
-0.9509599,0.16438,1.7220838,-0.39012182,-1.0386518,-0.8335532,0.5222136,0.47750425,0.7108111,-0.92866004,1
-1.143767,0.36438,1.5220838,-0.19012181,-0.9105179,-1.0335532,0.3222136,0.27750427,0.5108111,-0.72866005,1
-1.343767,0.56438,1.4327217,-0.39012182,-0.7105179,-0.83355325,0.12221359,0.47750425,0.7108111,-0.92866004,1
-1.5437671,0.36438,1.2327217,-0.5901218,-0.9105179,-1.0335532,0.11402474,0.5649087,0.5108111,-0.87857383,1
-1.4457575,0.56438,1.4327217,-0.39012182,-0.7105179,-1.0421555,0.31402475,0.7649087,0.3108111,-0.67857385,1
-1.3480673,0.36438,1.6327218,-0.5901218,-0.9105179,-0.86251104,0.11402474,0.74231756,0.2333143,-0.65445626,1
-1.5480673,0.16438,1.4327217,-0.7901218,-0.8416108,-1.0625111,0.31402475,0.94231755,0.033314303,-0.85445625,1
-1.365375,-0.034863647,1.5980525,-0.9690975,-0.6619231,-1.0927798,0.50310993,0.82922125,-0.058445074,-1.0320659,1
-1.4175658,-0.21268684,1.6282729,-1.0587064,-0.4183064,-1.1707101,0.4179812,0.9320379,0.12818871,-0.75349873,1
-1.3937898,-0.039868526,1.726498,-1.1886377,-0.30999973,-0.9166733,0.4622318,1.0690204,0.30991936,-0.52268696,1
-1.4289676,-0.056903012,1.7272688,-1.0367764,-0.36145005,-1.0011923,0.41969258,1.1377844,0.4571859,-0.2893162,1
-1.5690933,0.13783732,1.4711325,-0.8060199,-0.54081345,-1.1570414,0.21161756,1.2377805,0.52420443,-0.47133094,1
-1.584773,-0.055686,1.4970186,-0.9012035,-0.30530438,-1.0478961,0.36873147,1.2879792,0.29042584,-0.6013855,1
-1.4716516,-0.13306864,1.6970186,-0.76670647,-0.105304375,-0.84789616,0.16873147,1.3078148,0.46047276,-0.4013855,1
-1.6462322,-0.32800397,1.4742547,-0.95200664,0.09325568,-1.0319617,0.3023916,1.1881857,0.41829738,-0.59224075,1
-1.7528853,-0.12153199,1.5153887,-1.0937603,0.1981427,-0.7898971,0.09721459,1.0670159,0.20726009,-0.75218445,1
-1.5528853,-0.06342335,1.6064911,-0.89376026,-0.0018572956,-0.9898971,0.2972146,0.8670159,0.007260084,-0.95218444,1
-1.6783931,0.13077256,1.4665887,-1.0472788,0.18546349,-0.7563289,0.107237436,1.021671,0.19845217,-1.1032202,1
-1.7553447,0.30910456,1.557415,-0.7917758,0.3602128,-0.62766606,0.18884178,0.76784563,0.37235063,-1.2178499,1
-1.5593876,0.50910455,1.357415,-0.59177583,0.19245808,-0.82766604,-0.011158228,0.9678456,0.17235063,-1.0178498,1
-1.3593875,0.70910454,1.2987423,-0.7917758,0.39245808,-0.62766606,0.18884178,1.1678456,-0.0220211,-0.8301734,1
-1.5593876,0.50910455,1.2357138,-0.9917758,0.19245808,-0.72796047,0.38884178,0.99928105,-0.2220211,-0.6301734,1
-1.3593875,0.5466336,1.2405773,-1.1917758,0.023668408,-0.92796046,0.18884178,0.8300145,-0.0220211,-0.49805474,1
-1.5057478,0.7466336,1.4405774,-0.9917758,-0.15805177,-1.1279604,-0.011158228,1.0300145,0.1779789,-0.62328917,1
-1.3057477,0.5466336,1.4309819,-0.7917758,-0.06524611,-1.3279605,0.18884178,1.2300146,0.37797892,-0.82328916,1
-1.3603684,0.6745464,1.112131,-0.89602023,0.12174345,-1.3804365,-0.010080905,1.2919472,0.52217525,-0.8901546,1
-1.3722234,0.46072733,0.8855692,-1.0641035,0.3123741,-1.5344133,-0.20396322,1.0601491,0.70114505,-0.937583,1
-1.1722233,0.4825453,0.6855692,-0.8641035,0.11237408,-1.7344134,-0.23351623,1.2292495,0.50114506,-1.137583,1
-0.957536,0.6722341,0.47823375,-0.7374161,-0.08630216,-1.9051903,-0.4269671,1.4076579,0.45280674,-0.923419,1
-0.6931645,0.43210614,0.620601,-0.85742104,0.10403639,-1.9263022,-0.20768063,1.4710475,0.50426126,-1.0147089,1
-0.8931645,0.6321061,0.420601,-1.0574211,0.30403638,-1.7263021,-0.40768063,1.2710475,0.30426127,-1.1027231,1
-0.9735601,0.74106437,0.5527003,-1.1198452,0.41901714,-1.715543,-0.54119354,0.9920669,0.4490894,-1.1601906,1
-0.8585953,0.84766436,0.67799526,-1.1888515,0.19727984,-1.7254268,-0.5036608,1.003161,0.58466774,-1.0263406,1
-0.98084074,0.9707127,0.8135059,-0.91621965,0.3680994,-1.4210097,-0.6141853,1.114788,0.7270334,-1.136265,1
-1.1491995,0.927342,0.5970667,-0.93954796,0.16359508,-1.5775739,-0.79236877,0.89027584,0.902193,-0.91117734,1
-0.89373714,0.68484294,0.7504935,-1.0729634,-0.03427776,-1.6737092,-0.78285545,0.699502,1.0377911,-1.0178804,1
-0.9784934,0.79160976,0.73481524,-0.7809819,0.14826061,-1.6762822,-0.879295,0.8047242,0.9089801,-1.0895561,1
-0.7784934,0.5916098,0.53481525,-0.9809819,0.034230307,-1.4762821,-1.079295,1.0047243,0.7089801,-0.8895561,1
-0.5784934,0.3916098,0.73481524,-0.7809819,0.23423031,-1.6762822,-0.87929505,0.8047243,0.9089801,-0.6895561,1
-0.7784934,0.5916098,0.53481525,-0.5809819,0.034230307,-1.4762821,-0.67929506,1.0047243,0.7089801,-0.8895561,1
-0.7415203,0.48912317,0.6029005,-0.7809819,-0.1657697,-1.2762821,-0.87929505,0.8047243,0.5089801,-1.0895561,1
-0.5415203,0.28912318,0.8029005,-0.9204096,-0.36576968,-1.076282,-0.67929506,1.0047243,0.7089801,-1.2895561,1
-0.57018805,0.48912317,0.6029005,-0.72040963,-0.16576968,-1.2762821,-0.87929505,1.2047243,0.5089801,-1.4895562,1
-0.37018806,0.28912318,0.6384266,-0.52040964,-0.36576968,-1.076282,-0.67929506,1.0047243,0.3089801,-1.6895562,1
-0.17018805,0.089123175,0.4384266,-0.72040963,-0.5657697,-0.87628204,-0.47929507,0.8047243,0.19164637,-1.4895562,1
0.029811949,-0.11087683,0.6384266,-0.5499286,-0.5128279,-1.076282,-0.2792951,1.0047243,0.3916464,-1.2895561,1
0.22981195,0.07776125,0.4384266,-0.7499286,-0.5547534,-1.0212588,-0.43028504,1.2047243,0.19164638,-1.2861612,1
0.34801638,0.24506688,0.23842661,-0.9418124,-0.7547534,-0.82125884,-0.23028503,1.116533,-0.008353621,-1.4861612,1
0.14801638,0.44506687,0.066596195,-1.1418124,-0.5547534,-1.0212588,-0.03028503,1.3165331,-0.20835362,-1.6861613,1
-0.051983625,0.64506686,-0.13340381,-0.94181246,-0.7547534,-1.1998012,0.16971497,1.5165331,-0.40835363,-1.4861612,1
0.14801638,0.84506685,-0.23451382,-1.1418124,-0.58450514,-1.2424778,-0.03028503,1.7165332,-0.20835362,-1.2861612,1
0.33977124,0.62978405,-0.033696122,-1.0299373,-0.3753955,-1.4083029,-0.22482915,1.871127,-0.16705747,-1.3123294,1
0.13977124,0.82978404,-0.23369613,-1.2299373,-0.1753955,-1.2802476,-0.02482915,1.671127,0.032942533,-1.1123294,1
0.33977124,0.62978405,-0.31232855,-1.4299374,0.0246045,-1.0802475,-0.22482915,1.4711269,-0.076262616,-1.3123294,1
0.13977124,0.82978404,-0.51232857,-1.3589743,-0.1753955,-1.2802476,-0.42482916,1.2711269,-0.2762626,-1.5123295,1
-0.060228765,1.0297841,-0.44187385,-1.5589744,-0.3753955,-1.0802475,-0.6248292,1.0711268,-0.07626261,-1.367603,1
-0.26022875,1.1322142,-0.39884377,-1.6067024,-0.2743943,-0.88024753,-0.82482916,1.2711269,-0.20131819,-1.1676029,1
-0.11945042,1.0123078,-0.59884375,-1.4067024,-0.0743943,-1.0802475,-0.6248292,1.0711268,-0.4013182,-1.3270632,1
0.07740097,1.1649197,-0.58252937,-1.5438979,-0.26366848,-1.2302037,-0.40822297,1.2214396,-0.19344883,-1.2787117,1
-0.11108323,1.0279839,-0.5042421,-1.5800925,-0.4201158,-1.2958639,-0.5510922,1.287923,0.0059358203,-1.1669241,1
0.07986686,0.8573081,-0.2732765,-1.5989156,-0.1977125,-1.3436155,-0.6746463,1.3364829,0.18497576,-1.2277992,1
-0.12013315,0.6573081,-0.073276505,-1.5760326,0.002287507,-1.1436155,-0.47464633,1.5364829,-0.015024245,-1.1219447,1
0.076509,0.6535268,-0.076289006,-1.7013626,0.19378269,-1.2871256,-0.26309934,1.5023378,-0.20598394,-1.2663659,1
-0.01886767,0.68428916,0.111530624,-1.7141577,-0.0056051696,-1.3407058,-0.056886688,1.4255422,-0.005394766,-1.32199,1
-0.20477527,0.62770694,0.29147184,-1.4166644,0.048229232,-1.4415032,0.13389857,1.5208772,0.18207502,-1.4239925,1
-0.37523282,0.39649084,0.45560184,-1.4986725,-0.023595436,-1.5216984,0.30952904,1.5952793,0.06406291,-1.1346596,1
-0.5752328,0.59649086,0.44920972,-1.2986724,0.069320716,-1.3216983,0.50952905,1.7952794,-0.1359371,-0.93465966,1
-0.37523282,0.79649085,0.64920974,-1.0986724,-0.13067928,-1.1216983,0.70952904,1.9952794,-0.03360208,-0.7346597,1
-0.17523281,0.99649084,0.8492097,-0.8986724,0.067081735,-0.9216983,0.5905186,1.7952794,0.16639793,-0.93465966,1
0.023752585,1.1474758,1.0062281,-1.0536646,-0.015324145,-0.6921334,0.37452075,1.9135414,0.3077509,-1.0881776,1
0.19335908,1.1367204,1.0423797,-1.0833726,0.15959035,-0.77095014,0.15081465,1.8264477,0.4387804,-1.1131976,1
0.37822738,0.9006868,0.8099752,-1.234004,0.34575766,-0.5489869,-0.047293294,1.9484947,0.22959502,-1.2626817,1
0.45123643,0.7006868,1.0099752,-1.034004,0.4441315,-0.6668687,0.15270671,1.7484946,0.029595017,-1.0626817,1
0.25123644,0.52693754,1.2099752,-1.1925598,0.24413149,-0.8668687,-0.04729329,1.5484946,-0.17040499,-0.8626817,1
0.051236436,0.72693753,1.0099752,-1.3925599,0.2191655,-1.0668687,0.15270671,1.3484945,-0.10688686,-1.0626817,1
0.25123644,0.52693754,0.8099752,-1.302842,0.019165501,-1.2668687,0.35270673,1.2133205,0.09311314,-0.8626817,1
0.45123643,0.47038338,0.6099752,-1.102842,-0.1808345,-1.3014412,0.15270673,1.1742057,0.1747503,-0.6626817,1
0.25123644,0.5695068,0.8099752,-1.302842,-0.38083452,-1.5014412,-0.047293276,1.3742057,-0.011955917,-0.8626817,1
0.45123643,0.36950684,0.6099752,-1.102842,-0.18083452,-1.7014413,-0.24729328,1.5742058,-0.19667347,-0.6626817,1
0.63949263,0.5592369,0.682473,-1.1224071,-0.24058633,-1.769179,-0.04644043,1.6196723,-0.14746495,-0.8471249,1
0.43949264,0.3592369,0.48247302,-0.9224071,-0.040586323,-1.5691789,-0.24644044,1.5447173,-0.19100226,-0.6471249,1
0.29154694,0.1592369,0.28247303,-0.7224071,-0.24058633,-1.769179,-0.046440437,1.4988368,0.008997738,-0.60789484,1
0.49154693,0.3592369,0.48247302,-0.9224071,-0.43343347,-1.6053159,-0.24644044,1.2988367,-0.19100226,-0.8078948,1
0.6239673,0.1592369,0.682473,-1.0706811,-0.63343346,-1.4053159,-0.046440437,1.2291654,-0.39100227,-0.97108257,1
0.50386703,0.19232044,0.48247302,-0.8706811,-0.83343345,-1.6053159,-0.24644044,1.2360702,-0.19100226,-1.1710826,1
0.30386704,0.39232045,0.28247303,-1.0706811,-0.79467535,-1.4053159,-0.20871413,1.0360701,-0.39100227,-1.3710827,1
0.50386703,0.59232044,0.09471157,-1.1886828,-0.59467536,-1.2697804,-0.008714125,0.9752097,-0.19100226,-1.5710827,1
0.703867,0.79232043,0.2947116,-1.026377,-0.79467535,-1.4345934,0.19128588,0.7752097,0.008997738,-1.7710828,1
0.50386703,0.59232044,0.09471159,-0.90499794,-0.6177049,-1.4208646,0.2693751,0.9752097,-0.19100226,-1.9710828,1
0.28298727,0.36536273,-0.09805368,-0.98251015,-0.38900295,-1.5094893,0.064608075,1.0944569,-0.3025159,-2.0219,1
0.0748721,0.51007706,-0.21124071,-1.0668747,-0.5314055,-1.5423217,-0.12215221,0.8069897,-0.45337588,-2.0046248,1
0.23206581,0.30347672,-0.40248698,-1.239908,-0.7158367,-1.7052344,0.07619072,0.5940693,-0.5061697,-1.7662113,1
0.031046398,0.4874706,-0.4079182,-1.006848,-0.49943763,-1.8446647,0.26741028,0.38154137,-0.2964362,-1.9037031,1
-0.16806062,0.68383706,-0.20681928,-0.8025835,-0.6957408,-2.0338578,0.21934436,0.18058185,-0.49381232,-1.6946983,1
0.031939387,0.88383704,-0.006819278,-1.0025835,-0.654199,-1.8338578,0.01934436,0.38058186,-0.6938123,-1.4946983,1
-0.16355336,1.0547694,0.18799977,-1.1703312,-0.44201773,-1.5900389,0.21346171,0.4581264,-0.8698409,-1.6492479,1
0.036446646,1.2547694,0.38799977,-0.97033125,-0.48741367,-1.3900388,0.013461709,0.33414364,-0.66984093,-1.4492478,1
0.23644665,1.4547695,0.3595018,-0.7934159,-0.6874137,-1.4972663,0.21346171,0.5341436,-0.46984094,-1.2492478,1
0.036446646,1.2547694,0.1595018,-0.9934159,-0.8874137,-1.6972663,0.013461709,0.7341436,-0.66984093,-1.0492477,1
-0.048982605,1.1651075,-0.039459,-0.7730566,-1.0595104,-1.848582,-0.086543135,0.89583635,-0.45778468,-1.2171917,1
0.1510174,1.3651075,0.160541,-0.57305664,-1.06584,-1.933021,0.11345687,0.69583637,-0.25778466,-1.0171916,1
0.32863995,1.4653316,0.1335934,-0.7237741,-1.1851424,-1.9970403,-0.08102599,0.46422666,-0.054100875,-0.7650955,1
0.48344934,1.5656556,-0.062431935,-0.8684829,-0.92617816,-2.0655396,-0.2642056,0.24841177,0.13716654,-0.53127253,1
0.6788978,1.3565608,-0.26068425,-1.0613672,-1.1186782,-1.8531158,-0.44720843,0.048089366,0.33492115,-0.7102283,1
0.8409197,1.4893001,-0.44077757,-0.82414657,-1.1132851,-1.5816828,-0.61924183,0.23736916,0.5118066,-0.87089634,1
0.6409197,1.2893001,-0.24077757,-1.0241466,-0.9132851,-1.3816828,-0.8192418,0.03736916,0.7118066,-0.67089635,1
0.4409197,1.4893001,-0.097308904,-1.2241466,-1.1132851,-1.2519009,-1.0192418,0.23736916,0.5118066,-0.61409503,1
0.22535919,1.5801917,-0.27810636,-1.3321639,-1.2284627,-0.98396075,-1.1404935,0.25101522,0.42339918,-0.7615143,1
0.024088793,1.6910114,-0.4541552,-1.0754471,-1.3569026,-0.74468756,-1.2733403,0.35320437,0.59216946,-0.53338474,1
-0.16918913,1.4340353,-0.24444318,-1.2267084,-1.2625076,-0.9085882,-1.4170396,0.53206474,0.3771835,-0.7053599,1
0.02760887,1.1057887,-0.039824437,-1.2708591,-1.3105171,-0.99337864,-1.4489895,0.65598524,0.51719993,-0.8112707,1
0.22760887,1.3057888,0.16017556,-1.0708591,-1.110517,-0.79337865,-1.2611473,0.45598525,0.49281654,-0.6112707,1
0.027608871,1.4276179,-0.0057346076,-1.2708591,-0.91051704,-0.59337866,-1.4022009,0.25598526,0.69281656,-0.8112707,1
0.22760887,1.2276179,-0.20573461,-1.0708591,-0.71051705,-0.79337865,-1.2022009,0.055985257,0.49281657,-0.6806897,1
0.027608871,1.4276179,-0.0057346076,-0.96519256,-0.51051706,-0.99337864,-1.0022008,-0.14401475,0.29281658,-0.6862628,1
0.17858264,1.3701304,0.1942654,-1.1651926,-0.71051705,-0.79337865,-1.2022009,-0.34401476,0.116487935,-0.8862628,1
-0.021417364,1.1701304,0.3942654,-0.9651926,-0.51051706,-0.59337866,-1.0022008,-0.54401475,0.31648794,-0.6862628,1
0.17858264,0.9701304,0.5942654,-0.8788415,-0.71051705,-0.79337865,-0.8471191,-0.49209422,0.51648796,-0.4862628,1
0.37858266,0.7701304,0.7942654,-1.0788416,-0.51051706,-0.59337866,-0.6471191,-0.6920942,0.49946338,-0.2862628,1
0.57858264,0.5724772,0.9942654,-1.1114976,-0.31051707,-0.79337865,-0.44711912,-0.6941658,0.69946337,-0.4862628,1
0.6534248,0.7724772,0.7942654,-0.91149765,-0.51051706,-0.59337866,-0.24711911,-0.8941658,0.89946336,-0.6862628,1
0.4534248,0.8684453,0.87835556,-0.71149766,-0.71051705,-0.5456583,-0.44711912,-1.0941658,1.0994633,-0.7895929,1
0.25342482,1.0301528,1.0783556,-0.91149765,-0.51051706,-0.3456583,-0.6471191,-0.8941658,0.89946336,-0.9895929,1
0.05342482,1.2301528,0.87835556,-0.71149766,-0.71051705,-0.51975155,-0.8471191,-0.6941658,0.69946337,-1.189593,1
0.10404353,1.4301529,1.0783556,-0.5114977,-0.91051704,-0.4312458,-1.0471191,-0.8710642,0.49946338,-1.389593,1
-0.09370492,1.5919024,0.85774547,-0.6948028,-0.6938452,-0.32044908,-0.827242,-1.0459324,0.6830509,-1.5522943,1
0.10629509,1.3919023,0.6577455,-0.49480283,-0.8938452,-0.5204491,-1.0272421,-0.8645632,0.88305086,-1.3522942,1
0.29413125,1.5286834,0.82368195,-0.45005363,-1.0504055,-0.691838,-0.79438996,-0.8678819,0.7661366,-1.463688,1
0.49413127,1.7286835,0.62368196,-0.34922045,-0.9876689,-0.49183804,-0.99438995,-0.6678819,0.9661366,-1.263688,1
0.29413128,1.9286835,0.7824656,-0.14922045,-0.7876689,-0.29183805,-0.79438996,-0.46788192,0.7661366,-1.463688,1
0.49413127,1.7286835,0.70845544,0.05077955,-0.9876689,-0.12812348,-0.8232542,-0.6678819,0.5661366,-1.6636881,1
0.69413126,1.5286834,0.50845546,-0.08981703,-1.0400937,-0.32812348,-0.63142467,-0.46788192,0.7661366,-1.463688,1
0.56330174,1.7286835,0.64744186,0.11018297,-1.0719359,-0.5281235,-0.43142468,-0.26788193,0.5661366,-1.6636881,1
0.36330175,1.6803932,0.44744188,0.310183,-1.1929749,-0.63577676,-0.39519957,-0.06788193,0.3661366,-1.8636881,1
0.16330175,1.4803932,0.4687804,0.510183,-1.0308526,-0.7130443,-0.19752309,0.13211808,0.5661366,-2.063688,1
-0.032995895,1.5108643,0.24166411,0.27888972,-1.1066762,-0.8209305,-0.24623464,-0.061033558,0.6888438,-2.0353127,1
-0.2329959,1.550305,0.04166411,0.23349208,-1.3066763,-1.0209305,-0.046234637,0.13896644,0.4888438,-1.8353126,1
-0.43299592,1.3962023,0.24166411,0.23458111,-1.1066762,-0.82093054,-0.20030685,-0.06103356,0.6888438,-2.0353127,1
-0.23299591,1.1962023,0.04166411,0.34676436,-1.0670292,-0.62093055,-0.40030685,0.13896644,0.87389386,-1.861472,1
-0.43299592,0.9962023,0.24166411,0.5467644,-1.0041945,-0.82093054,-0.20030685,0.19236892,0.84102225,-1.661472,1
-0.6329959,0.7962023,0.4416641,0.3467644,-1.2041945,-0.70036155,-0.40030685,0.3923689,1.0410223,-1.861472,1
-0.41999674,0.57830346,0.2647428,0.5303497,-1.3620386,-0.87333137,-0.19429334,0.18659371,1.203765,-1.9995835,1
-0.6199967,0.77830344,0.06474279,0.73034966,-1.1620386,-1.0733314,0.005706668,0.30820906,1.003765,-1.7995834,1
-0.58307964,0.54059494,0.24748012,0.49576798,-1.2732263,-1.1903032,0.19229348,0.47507104,1.125273,-1.8691998,1
-0.36228985,0.70040274,0.044903368,0.6460391,-1.3932741,-0.9365593,0.37100366,0.6384348,0.8750583,-1.956904,1
-0.50977296,0.8163067,0.06683085,0.7670206,-1.4444652,-1.0304067,0.51767296,0.76012653,0.9746498,-1.5928123,1
-0.6881386,0.9853291,-0.12911007,0.76051533,-1.2065331,-1.1929032,0.3079901,0.9308613,1.1388458,-1.3503585,1
-0.8881386,0.7853291,0.01848729,0.56051534,-1.006533,-0.9929032,0.45353603,1.1308613,0.9388458,-1.5503585,1
-0.8814136,0.5347424,-0.16582559,0.32935804,-1.1022592,-1.0623388,0.58294475,1.2158424,1.0404217,-1.5990849,1
-1.0310197,0.70050335,-0.3487781,0.16708113,-1.2415739,-0.8221538,0.7464595,0.968504,0.801258,-1.7152475,1
-1.1248493,0.60363644,-0.13594659,0.17420192,-1.317244,-0.9339972,0.49932957,0.9752417,0.9149036,-1.6360172,1
-1.1731182,0.7115983,-0.010179397,-0.022843502,-1.3434786,-0.7466494,0.26504824,1.0406446,0.9788468,-1.6257435,1
-0.8960181,0.7340179,-0.1935269,0.16312039,-1.4211888,-0.50333834,0.42820248,1.0646906,1.0854468,-1.6810899,1
-1.041394,0.8874677,0.006150498,-0.03504158,-1.1603264,-0.44112787,0.21682917,1.1789418,1.007298,-1.7703432,1
-1.1302696,0.74737525,0.18769677,0.119921274,-0.874362,-0.5837368,0.07840635,1.2555048,1.0992258,-1.7939664,1
-1.3214223,0.5437348,-0.012221407,-0.07954614,-0.66987693,-0.7785243,0.27655473,1.0484848,0.8932452,-1.980705,1
-1.5214224,0.7437348,-0.21222141,0.120453864,-0.46987695,-0.9652598,0.47655475,0.8484848,0.69324523,-1.780705,1
-1.6061591,0.5330875,-0.011982094,0.037880838,-0.2645923,-0.75027466,0.6633066,1.0279536,0.4835866,-1.9419192,1
-1.6553036,0.31794798,0.17947209,-0.15475051,-0.06165643,-0.52526355,0.44224834,1.1721406,0.270697,-2.0445645,1
-1.6485722,0.10480536,0.3371885,-0.3152216,-0.23250076,-0.64444935,0.5706843,1.2192467,0.06281942,-1.9423196,1
-1.3627715,0.2867514,0.5053702,-0.48470443,-0.09202162,-0.4181241,0.7250358,1.3351831,-0.12905522,-2.0154276,1
-1.499806,0.08325609,0.5469816,-0.657117,-0.053214103,-0.20933568,0.50388163,1.0894455,0.068086356,-2.1261659,1
-1.5764477,0.03496837,0.69277155,-0.76603204,-0.12286645,-0.052375317,0.28182834,0.8248966,-0.1223404,-2.1573513,1
-1.612786,0.13228239,0.44737318,-0.7656718,-0.2931212,-0.22912431,0.074289605,0.9304743,0.070504926,-2.1401718,1
-1.793258,0.3287029,0.24470836,-0.5595781,-0.09211804,-0.42450157,-0.12435619,0.9125619,-0.043421045,-2.065034,1
-1.5466608,0.12493879,0.4317022,-0.34906176,-0.28357464,-0.2179357,-0.31486994,1.0800234,-0.23630184,-2.1987898,1
-1.7315044,-0.07440988,0.22969162,-0.54429734,-0.16342771,-0.4143091,-0.15850116,1.1448394,-0.4325159,-1.9814456,1
-1.453548,0.11919734,0.4078195,-0.7064112,0.034710694,-0.58303964,0.03938647,1.1036314,-0.6003196,-2.070406,1
-1.1860816,0.30201808,0.5751065,-0.47915602,0.2220785,-0.36242437,0.22650263,1.2334696,-0.7572462,-2.1482122,1
-0.94384426,0.48051485,0.35903937,-0.6500653,0.021132799,-0.5383337,0.40823403,0.9892024,-0.9162439,-2.24763,1
-0.67158353,0.6144063,0.5047315,-0.76748574,0.19965087,-0.3328152,0.5491472,1.0736774,-0.9161119,-2.209855,1
-0.84690756,0.79134905,0.68477935,-0.9400946,0.3883361,-0.43243974,0.33926225,0.84894216,-0.69583756,-2.155461,1
-0.6270467,0.96091336,0.8576155,-1.1050923,0.18255393,-0.61302304,0.5227062,0.62901884,-0.8683342,-1.9735022,1
-0.37835467,0.67415375,0.9370258,-1.1562852,0.338935,-0.72032183,0.64030296,0.7344938,-0.9465223,-1.9256786,1
-0.5464315,0.8259035,0.7079074,-1.281423,0.50918764,-0.71166795,0.5324968,0.73400295,-1.0832382,-1.7648392,1
-0.5020031,0.9271299,0.8204945,-1.3387922,0.2794192,-0.5184558,0.66197234,0.8440775,-1.1053568,-1.6442285,1
-0.3020031,1.0586915,1.0204945,-1.1387922,0.12840305,-0.42327565,0.46197236,0.6636673,-0.9053568,-1.8442285,1
-0.10200308,1.2586915,0.83325475,-1.2830106,0.32840306,-0.62327564,0.26197237,0.8636673,-0.8332074,-1.717492,1
0.09799692,1.0586915,0.9013501,-1.4830106,0.12840305,-0.74886274,0.2619275,0.6636673,-0.63320744,-1.5174919,1
0.29799694,0.8586915,0.73272395,-1.2830106,-0.07159695,-0.731502,0.061927482,0.5271622,-0.8332074,-1.717492,1
0.097996935,1.0586915,0.53272396,-1.0830106,0.032469444,-0.931502,0.2619275,0.7271622,-0.9674569,-1.917492,1
0.29799694,1.2586915,0.73272395,-0.88301057,-0.16753057,-0.95600075,0.061927482,0.6938777,-1.1674569,-1.717492,1
0.48912406,1.0398287,0.91610545,-1.0637144,-0.36098224,-1.1354041,0.25726068,0.48507822,-1.0649348,-1.6893065,1
0.2679305,0.778267,0.663613,-1.1710808,-0.3342403,-1.2375156,0.1582913,0.63486016,-1.1722119,-1.7508154,1
0.061662808,0.7371643,0.7839306,-1.2445763,-0.121854424,-1.3048813,0.28769565,0.7578307,-0.88250947,-1.7708209,1
-0.0396215,0.8399118,0.88182503,-0.9361774,0.070036165,-1.3487152,0.13048795,0.8584336,-0.97017413,-1.7663027,1
-0.2224307,0.7267462,1.0042133,-1.0546664,-0.12064005,-1.4376081,-0.06452516,0.61119664,-0.7149207,-1.8252373,1
-0.14797291,0.84294623,0.7314933,-1.1412147,0.07218392,-1.4895294,-0.2406058,0.37401468,-0.784248,-1.8421077,1
-0.3366161,1.0089074,0.6605709,-1.2335721,0.26330063,-1.2474428,-0.03928054,0.16833533,-0.59412324,-1.9754591,1
-0.49084345,1.1057893,0.78716534,-1.3112904,0.16785623,-0.95809734,-0.21887024,0.33691683,-0.36050507,-1.9898953,1
-0.29084343,1.0148989,0.58716536,-1.1112903,0.36785623,-0.75809735,-0.41887024,0.53691685,-0.47189105,-2.1898954,1
-0.0880409,1.1774193,0.37522128,-1.0056944,0.55033785,-0.65220046,-0.27895245,0.35664293,-0.65116316,-2.2575345,1
-0.031914372,0.9774193,0.17522128,-1.2056944,0.35033786,-0.85220045,-0.47895247,0.41671216,-0.85116315,-2.1089642,1
0.01344642,0.7672534,-0.024454704,-0.9925434,0.5431413,-1.0384413,-0.27530473,0.6086477,-0.6426482,-2.278771,1
0.1929124,0.57851523,0.15865745,-1.077818,0.5391569,-1.1193005,-0.42957935,0.730854,-0.40006447,-2.2403076,1
0.3929124,0.37851524,-0.041342556,-1.2778181,0.33915693,-1.0835814,-0.61266273,0.530854,-0.20006447,-2.0403075,1
0.18940899,0.43241388,-0.23695964,-1.4509801,0.52936554,-0.8675351,-0.7979043,0.3248455,-0.047868695,-2.1996224,1
0.37072086,0.25634843,-0.035185903,-1.5717479,0.31355897,-0.6354994,-0.5692103,0.47391176,-0.23597322,-2.284462,1
0.15484978,0.41392395,0.14949214,-1.6070373,0.46581593,-0.75782716,-0.33488664,0.24844755,-0.39544293,-2.2534938,1
-0.04056914,0.55163336,-0.045383178,-1.6236899,0.23884542,-0.8606431,-0.48061544,0.36875263,-0.1756127,-2.204555,1
-0.22579174,0.4414056,0.1451192,-1.3362371,0.4118885,-0.9954911,-0.63880736,0.5338159,0.022889264,-2.2568507,1
-0.41962534,0.6321166,0.06261581,-1.1197819,0.60302705,-0.78397065,-0.43245247,0.32898155,-0.17454578,-2.4212701,1
-0.20279796,0.76836103,0.024061672,-1.2186621,0.3721477,-0.90858024,-0.2146423,0.11909917,-0.004113293,-2.4204323,1
-0.0026550798,0.62556666,-0.16695382,-0.9666428,0.54293025,-1.0519692,-0.013894571,0.16421771,0.1858835,-2.4866166,1
0.19734493,0.42556667,-0.36695382,-1.011739,0.5477605,-1.2379205,-0.21389458,0.13793735,0.3858835,-2.2866166,1
-0.0025664316,0.60468143,-0.16137989,-0.7846383,0.33615014,-1.389914,-0.013430688,-0.059990626,0.4083262,-2.4035983,1
0.181592,0.74011576,-0.33238366,-0.8898742,0.4536575,-1.1723033,-0.19630554,0.12877537,0.38357523,-2.3946922,1
0.2600134,0.8004318,-0.28078276,-0.63097566,0.5978509,-1.2551419,-0.36247063,0.3007059,0.16790234,-2.3731682,1
0.4600134,0.6004318,-0.080782756,-0.43097568,0.39785093,-1.4551419,-0.5283414,0.5007059,0.36790234,-2.2735782,1
0.2600134,0.8004318,0.11921725,-0.23097567,0.5978509,-1.655142,-0.7283414,0.3007059,0.16790234,-2.0735781,1
0.43524635,0.5681047,0.30203068,-0.40777203,0.37643072,-1.7552615,-0.4998956,0.09528392,0.34809455,-2.151169,1
0.23524635,0.7681047,0.5020307,-0.20777203,0.57643074,-1.5797813,-0.4736741,0.2952839,0.44346267,-1.951169,1
0.43524635,0.96810466,0.70203066,-0.40777203,0.37643075,-1.6386635,-0.6736741,0.09528391,0.64346266,-1.751169,1
0.5778265,0.6986758,0.82049626,-0.55283564,0.5243273,-1.6724671,-0.6159816,-0.09525082,0.76722217,-1.7748032,1
0.6936161,0.4446873,0.9100135,-0.48794183,0.2892144,-1.6697469,-0.72764033,0.093408644,0.86250705,-1.7610036,1
0.4880649,0.6374371,0.7020287,-0.6802052,0.33022815,-1.8487197,-0.6132822,-0.10539263,1.0505581,-1.5434484,1
0.675616,0.8222858,0.49294573,-0.47151712,0.12787199,-2.0116532,-0.4058049,0.092895694,0.8351694,-1.5710351,1
0.803567,0.9381683,0.6359275,-0.61626214,-0.017464362,-1.6625835,-0.555957,0.26879513,0.9499917,-1.6253077,1
0.96520954,0.73656005,0.83410627,-0.41535527,-0.21699058,-1.8585255,-0.75431,0.06864525,0.7483577,-1.4222023,1
0.72947973,0.51150656,0.9093632,-0.21988447,-0.3975201,-1.9624071,-0.5284277,0.25610146,0.90407616,-1.469588,1
0.52947974,0.31150657,0.7093632,-0.21366993,-0.5975201,-1.7624071,-0.7037447,0.056101456,0.7040762,-1.269588,1
0.32947975,0.51150656,0.9093632,-0.41366994,-0.7975201,-1.562407,-0.6997851,-0.14389855,0.90407616,-1.469588,1
0.50349355,0.67658675,1.0549171,-0.5835518,-0.5681946,-1.6759104,-0.8556248,0.05334807,0.66952103,-1.5876468,1
0.6366263,0.79326695,0.773657,-0.70907503,-0.69517756,-1.6976047,-0.59330755,0.2292673,0.69089615,-1.6177306,1
0.4010551,0.91234714,0.8943348,-0.46760154,-0.45483628,-1.74301,-0.36126545,0.3942956,0.8183163,-1.6696432,1
0.5331257,0.9866331,0.71244484,-0.5921513,-0.5808287,-1.7234172,-0.49783298,0.5271302,0.5484361,-1.6583419,1
0.6777396,1.0969855,0.8435116,-0.73230594,-0.35205793,-1.7781072,-0.6451132,0.3024162,0.69189334,-1.3481672,1
0.8171959,1.2075236,0.97153354,-0.8679984,-0.32029274,-1.4692543,-0.78682,0.09535186,0.45796412,-1.4413795,1
0.91130257,1.2006336,0.69121444,-0.91188204,-0.13768025,-1.4954796,-0.8840889,-0.093753934,0.4587946,-1.4705067,1
1.1001323,0.99057573,0.8822564,-1.100706,0.061693348,-1.2824581,-1.0731922,0.10517814,0.65217274,-1.2577361,1
0.8291023,0.72819084,0.99685484,-1.1980664,0.24104296,-1.3654763,-1.1727238,0.2810963,0.41649148,-1.3427051,1
0.5955066,0.87862307,0.95166343,-1.3234061,0.038851157,-1.4818759,-1.2994169,0.07676556,0.39300108,-1.0816817,1
0.7955066,1.078623,0.75166345,-1.322894,-0.16114885,-1.2818758,-1.0994169,-0.12323444,0.19300108,-1.2816818,1
0.56728286,1.2180234,0.9065598,-1.4507172,-0.34403235,-1.1888484,-1.2378317,-0.3079149,0.21831658,-1.0304159,1
0.36728287,1.0180234,0.8146884,-1.602362,-0.54403234,-0.9888484,-1.0378317,-0.10791491,0.4183166,-0.8304159,1
0.56728286,0.8180234,1.0146884,-1.402362,-0.7440323,-1.1888484,-0.8378317,-0.3079149,0.24380128,-0.6304159,1
0.3656451,1.0134839,1.2092719,-1.1970004,-0.93982273,-1.3826554,-1.0332038,-0.50565004,0.37730178,-0.82671297,1
0.16522309,1.2103922,1.4056815,-1.1688882,-0.73793787,-1.1796422,-0.8310811,-0.67716765,0.17685007,-1.0240972,1
-0.03477691,1.0602367,1.2056814,-0.9688882,-0.5379379,-1.2536671,-0.709541,-0.47716767,-0.023149937,-0.8240972,1
-0.23477691,0.8602367,1.4056815,-0.76888824,-0.73793787,-1.4536672,-0.8133964,-0.67716765,-0.22314994,-0.6566625,1
-0.03477691,0.8694395,1.2056814,-0.9688882,-0.76981664,-1.2536671,-0.9406296,-0.83726543,-0.023149937,-0.45666254,1
-0.23477691,0.6694395,1.0056814,-0.7756491,-0.56981665,-1.0536671,-0.7406296,-0.63726544,0.14500605,-0.25666255,1
-0.4347769,0.5940217,1.2056814,-0.5756491,-0.76981664,-1.2536671,-0.54773957,-0.5714265,0.34500605,-0.39383054,1
-0.6347769,0.3940217,1.0056814,-0.58220184,-0.9698166,-1.2324942,-0.74773955,-0.37142652,0.18800844,-0.5938305,1
-0.8110056,0.19402169,1.181272,-0.5630533,-1.1698166,-1.4324943,-0.54773957,-0.17142652,0.31603122,-0.7938305,1
-0.6110056,-0.005978316,1.3812721,-0.57386607,-1.3698167,-1.2324942,-0.4229729,-0.3352089,0.116031215,-0.5938305,1
-0.41100562,0.19402169,1.5812721,-0.77386606,-1.1698166,-1.428107,-0.37432152,-0.3915401,-0.08396879,-0.7938305,1
-0.21100561,0.3940217,1.7812722,-0.97386605,-0.9698166,-1.228107,-0.5743215,-0.1915401,0.116031215,-0.9938305,1
-0.01100561,0.19402169,1.9812722,-0.77386606,-1.1698166,-1.175015,-0.68921745,0.008459896,-0.026233658,-0.7938305,1
0.13810012,-0.0055456623,1.945752,-0.90338683,-1.2706823,-1.2755045,-0.45381254,0.19337355,-0.20986101,-0.9219065,1
0.33483484,-0.20356055,1.7288918,-0.6965937,-1.1909413,-1.4612544,-0.64749813,-0.0065624597,-0.40590268,-1.1110713,1
0.49782693,-0.37563616,1.7954222,-0.83455384,-0.9223731,-1.1739818,-0.78885543,0.18005262,-0.56397724,-1.2203518,1
0.27832606,-0.19860101,1.8647674,-0.96681416,-1.0488832,-1.2840173,-0.5502988,-0.01864128,-0.7139541,-0.95354193,1
0.4433085,-0.16706555,1.8628979,-0.77991366,-1.1574543,-1.3753746,-0.6953705,0.16808172,-0.47632825,-0.85257065,1
0.59142697,-0.33746246,1.8965293,-0.5331448,-1.2479783,-1.0805829,-0.82316065,-0.029344141,-0.5615085,-0.96768296,1
0.50994855,-0.23656036,1.9442681,-0.36640334,-0.9718685,-1.1036601,-0.9488533,-0.21268795,-0.70620364,-1.0782787,1
0.29510158,-0.31734318,1.9097049,-0.49233583,-1.1157343,-1.241213,-1.0938215,-0.0969492,-0.48195577,-0.83620787,1
0.09103127,-0.11232093,2.0194104,-0.27982396,-0.8765413,-1.3795297,-1.1595947,0.09864027,-0.6527683,-0.60897845,1
0.29103127,0.018220723,1.8194103,-0.27631488,-1.0765413,-1.1795297,-0.95959467,-0.10135973,-0.45276833,-0.7631202,1
0.09103127,-0.162818,1.7272428,-0.4763149,-1.2765414,-1.3795297,-0.7595947,0.09864027,-0.6527683,-0.96312016,1
0.29103127,0.037182003,1.5272428,-0.6763149,-1.0765413,-1.1795297,-0.5595947,0.29864028,-0.8527683,-1.1631202,1
0.09074178,0.23642775,1.323022,-0.8735282,-0.8737539,-1.3751428,-0.75717914,0.4970546,-1.0494205,-1.3587854,1
-0.10295221,0.29666188,1.4351184,-0.63465446,-0.6348672,-1.484231,-0.901934,0.47063926,-0.8003949,-1.4688177,1
-0.28619245,0.0913144,1.1667898,-0.7150832,-0.7886811,-1.5910568,-0.663102,0.25566706,-0.94505155,-1.5764962,1
-0.07918406,0.23579445,1.2556549,-0.84067696,-0.79473376,-1.6454245,-0.42544675,0.051140722,-0.6844708,-1.6320479,1
0.11012508,0.11207437,1.3268458,-0.94858867,-0.9067109,-1.3998479,-0.20549724,0.22891757,-0.806205,-1.6699321,1
-0.08987492,0.31207436,1.5268458,-0.7485887,-0.70671093,-1.1998478,-0.005497232,0.028917566,-1.006205,-1.4699321,1
0.06827888,0.101723656,1.5571202,-0.8609811,-0.82297105,-1.270564,0.17653933,0.018424284,-1.0948051,-1.5157044,1
-0.13172112,-0.09827635,1.3571202,-1.0609812,-0.62297106,-1.267021,0.25406155,0.21842429,-0.89480513,-1.3157043,1
0.06827888,0.101723656,1.5571202,-0.86098117,-0.82297105,-1.3969359,0.054061547,0.018424287,-1.0948051,-1.2835492,1
0.25414756,0.28583065,1.2936699,-1.005095,-0.5989651,-1.5128189,0.0004463031,0.206919,-1.2266026,-1.4054047,1
0.1419103,0.45389348,1.3954803,-1.1258755,-0.37273824,-1.600223,-0.18643558,0.38016927,-1.1881499,-1.1261647,1
0.15385285,0.23235752,1.460147,-1.213411,-0.15808608,-1.6475229,-0.07667053,0.53095764,-0.9043322,-1.2136756,1
0.32923776,0.030106623,1.544662,-1.1905932,-0.10794063,-1.3468286,0.11475029,0.6801099,-1.0275114,-1.315336,1
0.118231945,0.21051088,1.5960877,-1.2721711,-0.2817166,-1.4151016,-0.0779899,0.43922403,-0.757041,-1.3862909,1
-0.079433516,0.3987905,1.7448081,-1.232526,-0.079383515,-1.1804096,0.11852662,0.23239401,-0.6548069,-1.5410012,1
0.03836722,0.5401298,1.7542841,-0.9313741,0.10880024,-1.2451771,-0.0534538,0.36853996,-0.77106535,-1.5704433,1
-0.14341468,0.58876723,1.7340112,-1.0038537,-0.08092037,-1.282287,-0.22488627,0.5044582,-0.52802736,-1.5438896,1
0.05219823,0.3586259,1.7840661,-1.0617925,-0.102809764,-0.99837655,-0.2997633,0.64984107,-0.67158294,-1.6086848,1
0.23907241,0.32919794,1.8808043,-0.81694,-0.20951217,-0.7568246,-0.47375283,0.8056106,-0.44703913,-1.7145507,1
0.094888724,0.12310935,1.9186264,-0.9690156,-0.39021346,-0.9117332,-0.6254127,0.5770706,-0.6165467,-1.50596,1
-0.10511128,-0.0020659938,1.7186264,-1.1690156,-0.19021346,-0.7117332,-0.8254127,0.7770706,-0.4165467,-1.3059599,1
-0.30504104,-0.19633347,1.5182768,-1.3687005,-0.39012364,-0.91152334,-1.0251766,0.9768457,-0.6164048,-1.1496334,1
-0.50504106,0.003666535,1.3182768,-1.1687005,-0.19012363,-0.71152335,-0.82517666,1.1768457,-0.81640476,-1.3496335,1
-0.6445034,0.18617892,1.3879116,-1.2511785,0.009028346,-0.46760195,-0.93715096,1.2586243,-0.6086039,-1.4165759,1
-0.44450343,-0.01382108,1.1879115,-1.0511785,-0.19097166,-0.26760197,-0.73715097,1.4586244,-0.4086039,-1.616576,1
-0.23695558,0.18043156,0.9574146,-1.2125546,0.00874964,-0.065515086,-0.8195872,1.6074226,-0.40634003,-1.7604982,1
-0.42227748,-0.018911105,0.73197174,-0.9785411,-0.18482594,-0.25659597,-0.7892646,1.7250009,-0.19940871,-1.8946416,1
-0.57682323,0.16786125,0.49311388,-0.83673006,-0.35671633,-0.4232439,-0.5462218,1.7843891,-0.3702339,-1.9416386,1
-0.46826825,-0.029384533,0.63371557,-0.8836342,-0.38389522,-0.56983334,-0.68227226,1.8143315,-0.15564524,-1.8286201,1
-0.25125697,0.1597965,0.40621307,-1.0149195,-0.4306234,-0.3948212,-0.45169073,1.8866001,0.041542172,-1.8999825,1
-0.048906174,0.3432952,0.37241438,-1.1591997,-0.4677431,-0.3666196,-0.6218023,1.6092476,0.23046434,-2.0036712,1
0.15109383,0.5432952,0.5724144,-1.3591998,-0.436166,-0.5666196,-0.42180228,1.4092475,0.26894388,-1.8036711,1
-0.048906177,0.6563406,0.3724144,-1.1865953,-0.23616599,-0.76661956,-0.46277875,1.2092475,0.4689439,-2.0036712,1
0.14162438,0.8026715,0.16160874,-1.2996938,-0.4088303,-0.906039,-0.27872413,0.9459953,0.6270194,-2.0655613,1
-0.05525269,0.9490313,-0.036337435,-1.4194643,-0.19765846,-1.046869,-0.07451261,1.0846877,0.49316987,-1.8761048,1
0.14474732,1.1490313,0.16366257,-1.2694981,-0.28763857,-1.2468691,0.0044329017,0.8846877,0.29316986,-1.6761048,1
0.3447473,1.3490313,-0.036337435,-1.3446695,-0.4876386,-1.046869,-0.1955671,1.0846877,0.22610223,-1.4761047,1
0.15864202,1.1490313,-0.023488365,-1.5446695,-0.2876386,-1.0064061,0.0044329017,0.8846877,0.02610223,-1.6761048,1
0.35864204,1.3490313,0.17651165,-1.6814356,-0.4876386,-0.8064061,-0.1955671,0.68468773,0.22610223,-1.4761047,1
0.15490706,1.5125619,0.36295584,-1.4465575,-0.55707884,-0.91377604,-0.38625413,0.78025067,0.4160703,-1.5451447,1
0.31549883,1.5224022,0.1665303,-1.4637268,-0.31742945,-0.9901044,-0.1655728,0.87140536,0.37142375,-1.5513669,1
0.491443,1.6420261,0.34942612,-1.2047547,-0.49328357,-0.7532341,-0.3485133,0.84590846,0.23085278,-1.6696392,1
0.4332629,1.8420261,0.54942614,-1.0047547,-0.62489456,-0.5532341,-0.1485133,1.0459085,0.09643233,-1.5030205,1
0.2292048,1.6134595,0.35742927,-0.7907542,-0.8105437,-0.74012995,0.050590977,1.2242333,0.29127523,-1.6733929,1
0.42920482,1.4134594,0.25931185,-0.9907542,-0.6105437,-0.94012994,0.25059098,1.2377805,0.30402905,-1.5916094,1
0.21815373,1.5356667,0.056452136,-0.752628,-0.59725267,-1.0851587,0.04815174,1.2520474,0.47972733,-1.6401652,1
0.018153727,1.7356668,0.25645214,-0.952628,-0.5878614,-0.8851587,-0.15184826,1.0520474,0.27972734,-1.4401652,1
-0.17867123,1.7634122,0.44848242,-0.73948705,-0.77410525,-1.0662117,-0.07232151,0.83717054,0.2670647,-1.6115278,1
0.021328777,1.5634122,0.64848244,-0.53948706,-0.97410524,-0.8662117,0.12767848,0.6568319,0.46706468,-1.8115278,1
-0.14808936,1.3144183,0.43236637,-0.7129138,-1.1319141,-0.64227164,-0.06972267,0.82604194,0.6430939,-1.9392442,1
0.05191064,1.1144183,0.63236636,-0.5129138,-1.3319142,-0.44227165,0.13027734,1.026042,0.8430939,-1.7392441,1
-0.1443814,1.281507,0.54830366,-0.6950634,-1.2955556,-0.23620549,0.32200763,1.1953436,1.0169762,-1.5007035,1
-0.3443814,1.081507,0.74830365,-0.49506342,-1.4955556,-0.4362055,0.12200762,0.9953436,1.2169763,-1.3007034,1
-0.31044516,1.2591528,0.5387392,-0.38433027,-1.2729563,-0.24258241,0.23952596,1.0153629,1.392259,-1.4745256,1
-0.3604009,1.0427521,0.33349398,-0.3585088,-1.4501482,-0.04192304,0.1295024,1.1514789,1.1737974,-1.6485963,1
-0.5604009,0.84275216,0.13349397,-0.5585088,-1.2501482,0.15807697,-0.0704976,1.098604,1.0728195,-1.8485963,1
-0.7029761,0.96400446,0.3083088,-0.33143458,-0.97111696,-0.03875704,0.1197225,1.2005346,1.1766974,-1.8938882,1
-0.47867054,1.1077557,0.48374557,-0.1250832,-0.7338539,-0.22721946,0.30427238,1.3328558,0.9294999,-1.9927043,1
-0.6786705,1.0315374,0.68374556,-0.3250832,-0.5338539,-0.42721945,0.37367222,1.5328559,0.72949994,-1.8456516,1
-0.7672349,1.0037451,0.77166635,-0.45849058,-0.6407844,-0.3668057,0.50091743,1.51309,0.5675251,-1.7862161,1
-0.9561958,0.7945719,0.8554438,-0.25554037,-0.83118844,-0.16490193,0.69291776,1.6935384,0.3633305,-1.5681125,1
-1.056363,0.54323304,0.85935974,-0.36611387,-0.9421496,0.0320675,0.45035633,1.7300391,0.14922759,-1.6154432,1
-1.256363,0.743233,1.0593598,-0.20794389,-0.7421496,-0.16793251,0.25035632,1.5300391,-0.050772414,-1.4154432,1
-1.1754909,0.5371823,0.84978795,-0.007855401,-0.9316556,-0.36383432,0.25889644,1.7107693,-0.24797922,-1.5974498,1
-0.9725698,0.3361726,1.0466444,0.10410431,-0.9586542,-0.16334373,0.45752233,1.5062454,-0.44663778,-1.7920675,1
-0.8328634,0.12543547,1.1483473,-0.088334374,-0.9472697,-0.16535038,0.2387258,1.5717089,-0.38075554,-1.8349942,1
-0.62350535,0.3206233,1.1815116,-0.28407082,-0.73621994,-0.35994798,0.43223843,1.3514256,-0.572168,-2.004903,1
-0.40492404,0.49778092,0.9384477,-0.0803822,-0.5126932,-0.5353802,0.6044989,1.4833567,-0.37616754,-2.1081629,1
-0.604924,0.29778093,1.1384478,0.119617805,-0.31269324,-0.5411765,0.66417724,1.4391769,-0.17616753,-1.9671764,1
-0.40492404,0.09778093,1.021089,0.3196178,-0.112693235,-0.7411765,0.8641772,1.2391769,0.02383247,-2.1671765,1
-0.18488173,-0.092221685,1.1016622,0.4687973,0.07876785,-0.58505034,0.9600969,1.2984202,-0.08172233,-2.1356583,1
-0.20542675,0.10419423,0.87167805,0.646557,-0.117200665,-0.75894403,0.9254279,1.4485914,-0.27235386,-2.037239,1
-0.004800198,0.26907316,0.94794625,0.7488168,-0.2805779,-0.49441054,0.99549043,1.4582515,-0.3902693,-1.9685711,1
0.1951998,0.15187004,0.74794626,0.5488168,-0.4805779,-0.69441056,1.1954905,1.2582514,-0.1902693,-1.768571,1
0.14698476,0.35187006,0.5479463,0.3488168,-0.2805779,-0.89441055,0.9954905,1.0582514,0.009730697,-1.614333,1
-0.053015247,0.20404515,0.74794626,0.14881681,-0.4805779,-0.8114442,1.1954905,0.8582514,-0.1902693,-1.8143331,1
-0.25301525,0.0040451437,0.63621914,-0.051183194,-0.2805779,-0.61144423,1.0393051,0.6582514,-0.3902693,-2.014333,1
-0.053015247,0.20404515,0.43621916,0.14881681,-0.4805779,-0.41144425,0.8393051,0.6814291,-0.1902693,-2.214333,1
-0.25301525,0.12709461,0.63621914,-0.051183194,-0.6805779,-0.61144423,0.6393051,0.8814291,-0.32222545,-2.014333,1
-0.45301527,0.13185072,0.43621916,-0.0731392,-0.88057786,-0.41144425,0.8393051,1.0814291,-0.52222544,-1.9130745,1
-0.65301526,0.2670608,0.23621915,-0.2731392,-1.0805779,-0.61144423,0.7373481,1.1254083,-0.7222254,-2.1130745,1
-0.81066865,0.4438743,0.41456372,-0.44965097,-1.0316029,-0.7711613,0.5106723,0.87946784,-0.49630037,-2.1982455,1
-0.6013024,0.24013382,0.3773841,-0.3556209,-1.212713,-0.562401,0.397977,1.0629114,-0.5953377,-2.2095983,1
-0.38279822,0.038283236,0.55076075,-0.14844516,-1.3475724,-0.3456906,0.18884821,0.8347912,-0.7586644,-2.298491,1
-0.5667703,0.23173006,0.73011357,-0.32440302,-1.4154794,-0.41680974,-0.010845098,0.88055557,-0.93229955,-2.040779,1
-0.34557444,0.2854988,0.8763617,-0.11721369,-1.145236,-0.20428017,0.17822352,1.0181096,-1.0668632,-2.111283,1
-0.14003792,0.46703422,1.0354254,0.07963777,-1.2940738,-0.17910668,0.013648091,0.7869951,-0.8338945,-2.15921,1
-0.19282797,0.62291765,0.8701438,-0.112401664,-1.0217135,-0.3540332,-0.002273743,0.9217168,-0.9655144,-2.2031758,1
-0.30442646,0.385945,0.9765888,-0.21886371,-0.749877,-0.41605172,0.18044047,1.0236531,-1.0636219,-2.1930833,1
-0.5044265,0.585945,0.7765888,-0.4188637,-0.9307532,-0.21605171,0.38044047,1.2236532,-1.0467495,-1.9930832,1
-0.29626665,0.37560016,0.5611339,-0.21299729,-0.7111661,-0.40489987,0.56488234,1.3854936,-0.9732886,-2.1343,1
-0.46182683,0.5356548,0.33607203,-0.08751576,-0.8479332,-0.56292117,0.46383077,1.103223,-1.091865,-2.1723046,1
-0.2527293,0.47037992,0.5174455,-0.06446929,-1.0115215,-0.73641247,0.34023762,1.2579409,-1.2469774,-1.9037743,1
-0.052729294,0.4359689,0.36921936,-0.2644693,-1.2115215,-0.5364125,0.5402376,1.1993903,-1.4469775,-1.7037742,1
0.14166905,0.6117789,0.49299827,-0.09210618,-0.9730468,-0.7084019,0.71208155,1.3461624,-1.4995983,-1.5288764,1
-0.05510895,0.76693904,0.27681404,0.10193414,-0.7303463,-0.85822487,0.86170125,1.4607577,-1.2278129,-1.6333792,1
-0.24836262,0.5519464,0.46420473,0.2107652,-0.90574336,-0.6408182,0.92805475,1.4471836,-1.0006324,-1.7848957,1
-0.044225074,0.6876155,0.6073804,0.009844206,-1.0111444,-0.7688841,0.6657679,1.506263,-0.73213637,-1.815083,1
-0.2164319,0.7866035,0.7154992,0.18596362,-1.0733143,-0.8586236,0.44822502,1.5120877,-0.47157845,-1.7857635,1
-0.3968479,0.55901664,0.49125627,0.091809936,-1.2134328,-1.0088385,0.23655146,1.6315715,-0.25880662,-1.7335261,1
-0.49151534,0.75901663,0.31211358,-0.10819007,-1.0134327,-1.0913742,0.43655145,1.6907248,-0.058806613,-1.5335261,1
-0.29151535,0.9590166,0.5121136,-0.05058313,-0.81343275,-1.0565643,0.63655144,1.4907248,-0.25880662,-1.580099,1
-0.088107325,1.115855,0.3004905,0.14385259,-0.9756926,-1.1673762,0.80539834,1.6277624,-0.44172072,-1.3520278,1
-0.28810123,0.91583556,0.100488365,-0.05614622,-0.77567613,-0.96735567,0.6053855,1.8277237,-0.6417071,-1.5519949,1
-0.432462,0.7135163,0.29951477,0.13752441,-0.7785491,-1.0033197,0.80277604,1.6972606,-0.83897996,-1.534089,1
-0.60231525,0.5793731,0.09477132,0.32143605,-0.5509721,-0.7650289,0.5740443,1.8068262,-0.98945624,-1.6514323,1
-0.39250255,0.41888255,0.12561814,0.11847414,-0.3424117,-0.9414912,0.75516486,1.5676347,-1.1604446,-1.8062747,1
-0.18284884,0.5878466,-0.070651725,-0.029723909,-0.13526997,-1.0842472,0.9072648,1.460925,-0.91227984,-1.9056631,1
-0.025113925,0.3878466,0.12934828,0.17027609,-0.1395172,-1.2842473,0.70726484,1.2609249,-0.71227986,-1.8081784,1
0.17488608,0.40494335,0.32934827,0.3702761,-0.3395172,-1.0842472,0.9072648,1.0609249,-0.91227984,-1.6081784,1
-0.025113925,0.20494334,0.37726682,0.17027609,-0.1395172,-0.88424724,1.1072649,0.8609249,-0.71227986,-1.8081784,1
0.17488608,0.004943341,0.17726682,-0.029723912,-0.3395172,-0.68424726,0.9072649,0.6609249,-0.91227984,-2.0081785,1
0.3748861,0.20494334,0.37726682,0.17027609,-0.5395172,-0.88424724,0.7072649,0.46092492,-0.90028584,-2.0438774,1
0.17488609,0.004943341,0.17726682,0.3702761,-0.33951724,-1.0842472,0.9072649,0.6353447,-0.70028585,-2.2438774,1
-0.024583053,0.20061125,0.36929214,0.5582216,-0.5281129,-0.865556,0.875755,0.46562198,-0.88125557,-2.3922188,1
0.17066221,0.38975254,0.55386126,0.34851187,-0.7083771,-0.8799802,0.65743846,0.6475801,-1.0519477,-2.270771,1
0.30585423,0.5590516,0.3354402,0.5199578,-0.86108935,-0.8643438,0.81280243,0.42428026,-1.0931306,-2.1649196,1
0.48941144,0.7343786,0.5180357,0.30955756,-0.63960063,-1.0297472,0.5988285,0.21699001,-0.8640994,-2.2880478,1
0.649202,0.5186447,0.49316984,0.47983795,-0.7906315,-0.7813528,0.7522373,0.39266935,-0.6253662,-2.3429341,1
0.74914855,0.63397354,0.61150014,0.3339963,-0.52104294,-0.8591748,0.8400442,0.52284074,-0.7281211,-2.2433243,1
0.49753878,0.7555955,0.7352342,0.43635485,-0.6532783,-0.959632,0.9422993,0.29249972,-0.47848752,-2.2136972,1
0.6975388,0.5555955,0.5352342,0.63635486,-0.4532783,-1.159632,0.8588758,0.4924997,-0.67848754,-2.0639448,1
0.4975388,0.7555955,0.33523422,0.43635488,-0.25327832,-1.0589198,0.6588758,0.29249972,-0.48990238,-1.8639448,1
0.29753882,0.5555955,0.5352342,0.3568687,-0.053278312,-1.1052701,0.8588758,0.4924997,-0.68990237,-1.6639447,1
0.4975388,0.7555955,0.56362677,0.55686873,0.14672169,-0.90527016,0.6588758,0.6924997,-0.48990238,-1.4639447,1
0.6975388,0.5555955,0.76362675,0.7568687,-0.053278312,-1.1052701,0.8588758,0.4924997,-0.68990237,-1.4057602,1
0.8975388,0.47039565,0.56362677,0.9568687,0.14672169,-0.90527016,0.6588758,0.29249972,-0.88990235,-1.2057601,1
1.0041952,0.27039564,0.36362678,0.7568687,-0.053278312,-1.1052701,0.8588758,0.3666674,-1.0899024,-1.4057602,1
0.8041952,0.07039563,0.43662933,0.55686873,-0.028094651,-1.3052702,1.0588758,0.16666739,-1.2899024,-1.2057601,1
0.60419524,0.115179315,0.23662932,0.7568687,0.06423917,-1.5052702,0.8588758,0.3666674,-1.0899024,-1.0057601,1
0.5103294,0.26631844,0.43662933,0.55686873,0.26423916,-1.7052703,1.0588758,0.16666739,-1.2899024,-0.92983365,1
0.31032944,0.46631843,0.63662934,0.7568687,0.06423916,-1.9052703,1.2588758,0.3666674,-1.0899024,-0.72983366,1
0.110329434,0.6663184,0.83662933,0.55686873,-0.13576084,-1.7834306,1.2320683,0.38506648,-1.2899024,-0.91360044,1
0.31032944,0.8663184,0.63662934,0.35686874,-0.07861521,-1.8324997,1.4320683,0.18506648,-1.0899024,-0.8670604,1
0.50917035,0.6663184,0.83662933,0.15686874,0.12138479,-1.6324997,1.2320683,-0.0149335265,-1.2717085,-1.0670605,1
0.70917034,0.46631843,1.0366293,-0.043131262,0.3213848,-1.4324996,1.4320683,-0.21493353,-1.0717084,-1.2670605,1
0.9013815,0.63870525,0.82946193,0.05764598,0.51691806,-1.6185141,1.2215132,-0.24071771,-0.8642405,-1.3800339,1
1.0661094,0.4246556,0.9964931,-0.13779509,0.6939585,-1.7602756,0.9887988,-0.03941371,-0.8983038,-1.1422428,1
1.2661095,0.22465558,1.1964931,0.008434176,0.49395853,-1.565897,0.7887988,-0.07444816,-0.6983038,-0.9422428,1
1.3964664,0.023484392,1.330157,-0.08990481,0.27999493,-1.6820134,0.9418289,-0.26141134,-0.47463343,-1.087984,1
1.1810733,0.22060917,1.115617,0.10867877,0.4738196,-1.8578005,0.73228496,-0.3055519,-0.665954,-1.2453754,1
0.9810733,0.02060917,1.3156171,-0.09132123,0.6738196,-1.6578004,0.93228495,-0.19297957,-0.465954,-1.2440845,1
1.158654,0.21642153,1.0944402,-0.1722067,0.46482548,-1.8225354,0.78858757,-0.38551995,-0.26090562,-1.4166727,1
1.1365507,0.016421527,1.2944403,-0.3722067,0.26482546,-1.6225353,0.98858756,-0.24970262,-0.4609056,-1.2166727,1
1.2088526,0.2074655,1.0555171,-0.5485274,0.39744148,-1.6473904,1.1394011,-0.06082177,-0.25010875,-1.3580475,1
1.0957168,0.3868688,1.0885195,-0.34277835,0.58758646,-1.7079022,1.3173072,-0.22417499,-0.049282186,-1.1389451,1
0.89571685,0.5868688,0.88851947,-0.5427784,0.38758647,-1.5079021,1.5173073,-0.42010814,-0.24928218,-1.3389452,1
1.0094498,0.41275448,1.0028191,-0.31579107,0.54132515,-1.5734371,1.5821018,-0.5712863,-0.045402136,-1.0512198,1
0.9380926,0.61275446,0.8028191,-0.51579106,0.74132514,-1.373437,1.4747286,-0.7712863,-0.24540214,-1.2512199,1
1.0820762,0.772751,0.57314855,-0.66544116,0.51468134,-1.4959931,1.5779532,-0.5431678,-0.4169379,-0.9994792,1
1.2564194,0.9532844,0.36568114,-0.4561268,0.30838397,-1.6620531,1.3503777,-0.71447384,-0.6045918,-0.7834801,1
1.0361501,0.73883134,0.16250226,-0.2512126,0.10630444,-1.8263265,1.5206311,-0.8969281,-0.70705533,-0.57228506,1
1.0332181,0.914216,-0.036514584,-0.049869843,-0.09123895,-1.8379711,1.2860053,-1.0681676,-0.8832731,-0.3625241,1
0.7961911,1.0647018,0.15622036,-0.23876598,-0.2782967,-1.9474064,1.1671921,-1.211812,-0.65290946,-0.15530175,1
0.93111867,0.8082184,0.33295164,-0.4101053,-0.4470538,-1.9586368,1.2778856,-0.9457192,-0.7971964,0.04177851,1
0.710284,0.59088606,0.12916291,-0.33720025,-0.6286147,-2.0971222,1.3905703,-0.9583614,-0.5801781,0.18476357,1
0.48854008,0.3789549,0.3151368,-0.5143094,-0.7933063,-2.0211167,1.5227939,-0.72604656,-0.7469336,0.36836824,1
0.28854007,0.5789549,0.5151368,-0.31430942,-0.9933063,-2.1190026,1.3227938,-0.5260466,-0.5469336,0.26177117,1
0.08854006,0.77895486,0.3151368,-0.114309415,-1.1933063,-1.9190025,1.4250797,-0.3260466,-0.3469336,0.06177117,1
0.28854007,0.67667806,0.31696174,0.08569059,-0.99330634,-2.1190026,1.6250798,-0.42416105,-0.1469336,-0.13822883,1
0.08272455,0.44536877,0.21726203,0.22574203,-0.74120015,-2.166685,1.7052044,-0.58316475,-0.3241462,-0.3160132,1
-0.11363241,0.23774664,0.4043002,0.4125168,-0.91196275,-1.905592,1.8460212,-0.7588365,-0.3711019,-0.11240935,1
0.08636759,0.43774664,0.20430021,0.6125168,-1.1119628,-1.7055919,1.6460211,-0.70796895,-0.17110188,0.08759065,1
0.2863676,0.2612548,0.22200818,0.41251683,-1.2979922,-1.5055919,1.4460211,-0.90796894,-0.05794563,-0.11240935,1
0.08636759,0.46125478,0.4220082,0.21251683,-1.0979922,-1.5767571,1.3806763,-1.1079689,0.14205438,-0.18900692,1
-0.11363241,0.2612548,0.6220082,0.012516826,-1.28631,-1.7767571,1.1806762,-1.307969,0.34205437,-0.054212287,1
0.08636759,0.46125478,0.42200822,0.21251683,-1.0863099,-1.9237983,0.98067623,-1.1079689,0.54205436,0.14578772,1
0.2863676,0.48166764,0.27190217,0.012516826,-0.9574558,-2.1237984,1.1806762,-0.90796894,0.34205437,0.3457877,1
0.11519608,0.28166765,0.07190217,0.21251683,-0.9200131,-2.3237984,1.062385,-0.70796895,0.49077857,0.1457877,1
-0.084167376,0.081054635,-0.12713632,0.40942043,-0.7146086,-2.5048544,0.8559118,-0.9011536,0.6855935,-0.053805377,1
-0.28416738,0.21276608,0.07286368,0.6094204,-0.5817419,-2.3048544,1.0559118,-0.70115364,0.4855935,-0.25380537,1
-0.22606379,0.4127661,0.2728637,0.8094204,-0.38174194,-2.5048544,0.8559118,-0.50115365,0.6855935,-0.053805366,1
-0.025410522,0.5974077,0.46101183,0.72162247,-0.4061134,-2.63706,0.639472,-0.29360554,0.48354384,-0.24744399,1
-0.14955588,0.3974077,0.6610118,0.5663024,-0.6061134,-2.569507,0.7068532,-0.12648977,0.28354383,-0.047443986,1
0.050444126,0.5974077,0.8610118,0.7663024,-0.4061134,-2.3695068,0.9068532,-0.32648978,0.3887694,-0.19796701,1
0.2504441,0.3974077,0.6610118,0.5692689,-0.34361485,-2.569507,0.7068532,-0.5264898,0.43616706,-0.397967,1
0.4504441,0.19740771,0.8610118,0.5758737,-0.5135297,-2.3695068,0.5068532,-0.3264898,0.63616705,-0.597967,1
0.23565698,-0.0024392367,0.99836576,0.73006326,-0.29501778,-2.4177938,0.2887355,-0.49540392,0.7677224,-0.7508521,1
0.14085555,0.18033504,1.0938778,0.8489691,-0.08673298,-2.389543,0.44612163,-0.26964703,0.8833447,-0.51073486,1
-0.059144452,0.38033503,1.2938778,0.6489691,-0.020522363,-2.3088825,0.24612163,-0.46964705,0.6902079,-0.71073484,1
-0.15594122,0.53102386,1.3669429,0.55811524,-0.20178457,-2.2957025,0.116641134,-0.24673513,0.65859586,-0.8333496,1
-0.12592314,0.6913145,1.1035544,0.5523571,-0.37995955,-2.3601356,0.24575116,-0.42246842,0.81195676,-0.60872203,1
0.06803655,0.81863564,1.1149498,0.691009,-0.16528544,-2.3513792,0.04202055,-0.20432809,0.9294407,-0.37539437,1
0.25135222,0.5801278,1.2330989,0.83554685,0.032553706,-2.392565,-0.13212323,-0.37916014,0.6840356,-0.1644767,1
0.43802828,0.7570983,1.0026016,0.750864,-0.16250327,-2.3362558,0.06587304,-0.5620633,0.85793877,-0.3537173,1
0.5509576,0.8264847,1.0384846,0.8211012,-0.31303307,-2.1901371,-0.06608185,-0.65806574,0.91356367,-0.30660036,1
0.56317115,0.6104941,1.206873,0.9950383,-0.49993825,-1.9393401,0.13049997,-0.6436175,1.0851406,-0.49366972,1
0.76317114,0.81049407,1.006873,0.7950383,-0.29993826,-2.1393402,0.33049998,-0.44361752,1.0138695,-0.2936697,1
0.76551473,0.59006095,1.0032098,0.5751225,-0.09659334,-2.261043,0.5052246,-0.62207574,0.85853106,-0.47714666,1
0.5405452,0.37283838,0.76774526,0.740898,0.098840885,-2.3523793,0.6740864,-0.78577816,0.62945455,-0.6472482,1
0.6656022,0.15534717,0.8698096,0.48615924,0.26859823,-2.220327,0.78562903,-0.8860176,0.7455139,-0.76150686,1
0.7944486,0.1699125,0.84804165,0.27886358,0.06684931,-2.3586206,0.5706984,-0.6685276,0.5700003,-0.9369932,1
0.5478781,-0.027730372,0.5972725,0.25365126,-0.12271935,-2.3581722,0.71032,-0.800485,0.70967656,-1.0261484,1
0.72939575,0.087307215,0.7775695,0.05232537,0.07537082,-2.1048372,0.49770844,-0.97576004,0.8871957,-1.1958467,1
0.84767365,0.2620442,0.89161146,0.09309134,-0.1136705,-2.1021721,0.6363587,-1.072375,0.6267704,-1.014551,1
1.0476737,0.06204419,0.76250064,0.29309136,-0.31367052,-1.9021721,0.4363587,-0.8723751,0.4267704,-0.81455106,1
0.8476737,0.2620442,0.78117764,0.49309134,-0.17436895,-2.1021721,0.5856247,-0.92063814,0.6267704,-0.61455107,1
1.0443016,0.06184449,0.96651,0.292148,-0.373164,-2.2947624,0.783096,-0.7183187,0.42539677,-0.41321677,1
1.2443017,-0.13815552,0.76651,0.49214798,-0.573164,-2.0947623,0.583096,-0.5183187,0.6253968,-0.61321676,1
1.0443016,-0.27664316,0.56651,0.692148,-0.62875026,-1.8947623,0.783096,-0.63047284,0.4253968,-0.5918015,1
0.84430164,-0.076643154,0.76651,0.49214798,-0.82875025,-2.0947623,0.9035415,-0.8304728,0.49225536,-0.7918015,1
0.64430165,-0.27664316,0.96651,0.292148,-0.62875026,-1.8947623,1.1035415,-0.63047284,0.29225534,-0.939463,1
0.7731544,-0.07018462,1.0143652,0.0843829,-0.75891346,-1.9182417,1.1114541,-0.76049083,0.45077413,-1.0434432,1
0.5731544,0.09056969,1.2143652,0.18804708,-0.55891347,-1.7182417,1.3114542,-0.5857389,0.6507741,-0.9937786,1
0.68271303,-0.09662947,1.248917,0.34265447,-0.31692883,-1.6938514,1.3346487,-0.6938254,0.751253,-1.025047,1
0.8139232,0.09151101,1.1357319,0.13288233,-0.10891895,-1.7641184,1.0569228,-0.8325964,0.8860901,-1.1411285,1
0.91933113,0.26431504,1.2111174,-0.060856063,-0.28009894,-1.6147068,0.77697784,-0.93626237,0.9847654,-1.2160106,1
0.6485246,0.05798426,1.2722157,0.12544747,-0.27090925,-1.6360782,0.88081014,-0.8031835,1.0681444,-1.2766272,1
0.399184,-0.1263931,1.3102626,-0.06635128,-0.4191062,-1.6340978,0.67786497,-0.89282686,1.1286404,-1.3141887,1
0.19471534,-0.066156924,1.085354,0.13065034,-0.41630167,-1.7929503,0.4671442,-1.0683095,0.9078066,-1.4802183,1
-0.004819181,0.060748056,1.1721369,-0.06324118,-0.5620163,-1.646072,0.6083805,-1.1565938,0.73309654,-1.5322206,1
-0.19234475,-0.01327823,1.2885674,-0.24720857,-0.715606,-1.7020781,0.7591464,-0.96062124,0.87626666,-1.2510822,1
0.007413769,0.045175545,1.4352881,-0.29165584,-0.4993416,-1.7536435,0.85004985,-0.73662806,0.65493435,-1.3542663,1
0.20741378,0.24517554,1.235288,-0.49165583,-0.29934162,-1.5746216,0.65004987,-0.53662807,0.45493436,-1.5542663,1
0.38253516,0.417991,1.3476427,-0.64942,-0.46884945,-1.6662549,0.7981418,-0.6916461,0.3604573,-1.4830726,1
0.18253516,0.61799103,1.5476427,-0.44942003,-0.26884943,-1.8662549,0.5981418,-0.4916461,0.33867443,-1.2830726,1
0.34940192,0.7471408,1.5962709,-0.2483788,-0.42041358,-1.8872865,0.7290108,-0.26638523,0.12666316,-1.163128,1
0.14940192,0.9471408,1.3962709,-0.048378795,-0.22041358,-1.6872865,0.9290108,-0.46638525,-0.07333684,-0.96312803,1
-0.050598085,1.1471409,1.1962708,-0.2483788,-0.42041358,-1.7342613,0.7290108,-0.66638523,0.053838372,-0.92808783,1
0.14940192,1.3471409,0.99627084,-0.048378795,-0.6204136,-1.679832,0.61215323,-0.8663852,0.25383836,-0.7523287,1
0.34940192,1.547141,0.8358882,0.15162121,-0.4204136,-1.4798319,0.7179256,-1.0663853,0.053838357,-0.75025886,1
0.51011527,1.6222063,0.5904171,0.32647747,-0.57604903,-1.5597105,0.8522865,-1.1758286,-0.03297629,-0.8823077,1
0.26876855,1.579257,0.68503314,0.1096146,-0.6725807,-1.5250936,0.9119883,-1.1923935,-0.20191425,-0.9380069,1
0.42881846,1.6276226,0.5713354,0.2832282,-0.45167822,-1.5780752,0.65131027,-1.273729,-0.0017511091,-1.009648,1
0.60523,1.5441161,0.3574057,0.46510115,-0.57148755,-1.7113754,0.43438053,-1.0334507,-0.19418295,-1.1642712,1
0.39886147,1.7167059,0.3476904,0.26093486,-0.75936294,-1.4876227,0.6244107,-1.214066,-0.38798803,-0.94911695,1
0.33670673,1.4763538,0.14376108,0.059313677,-0.93383896,-1.6427233,0.8024771,-1.3764447,-0.20480295,-0.7291866,1
0.30404097,1.5695406,-0.052655514,0.24279085,-0.68708056,-1.7253096,0.9386018,-1.1014845,-0.28722796,-0.8699811,1
0.47973874,1.3035085,0.14024031,0.040727697,-0.8443102,-1.5412589,1.0837044,-1.2387339,-0.46373641,-1.0183922,1
0.62324595,1.3785526,0.27668938,-0.042051237,-0.59076184,-1.5965437,1.1770163,-0.9524051,-0.6085735,-1.0354116,1
0.42324597,1.1785525,0.07668938,-0.24205124,-0.39076185,-1.3965436,1.3770163,-0.7524051,-0.651533,-1.2354116,1
0.62324595,0.9785525,-0.123310626,-0.44205123,-0.59076184,-1.1965436,1.5770164,-0.9524051,-0.45153302,-1.4354117,1
0.40780273,0.82402414,0.07389117,-0.6186243,-0.37650388,-1.3455871,1.5529233,-0.7249517,-0.6277602,-1.5757395,1
0.21268833,0.5892226,0.2586164,-0.77297,-0.54435253,-1.0816982,1.6551636,-0.87336755,-0.4039042,-1.6767074,1
0.012493299,0.38324013,0.45156726,-0.9580151,-0.7329115,-1.0013529,1.8266492,-0.66301763,-0.20077011,-1.5410547,1
-0.12371781,0.51471496,0.5750143,-0.6689555,-0.8233032,-1.0602053,1.7885371,-0.76162124,-0.00067962665,-1.5364974,1
-0.038117923,0.6712172,0.62653065,-0.8160706,-0.5853688,-0.80785304,1.7439408,-0.8705266,-0.1884662,-1.6308137,1
-0.20489804,0.80293185,0.40678638,-0.5677835,-0.7238122,-0.9288583,1.7915763,-0.6179713,0.010629787,-1.6873161,1
-0.004771539,0.82243055,0.5911148,-0.7479538,-0.51028365,-0.71003395,1.8308522,-0.60010386,0.20518982,-1.7017485,1
0.18726306,0.980715,0.758837,-0.9092769,-0.29762396,-0.8729042,1.7131696,-0.7674593,0.3886579,-1.4404765,1
-0.0117341885,1.0877594,0.5148407,-0.94214934,-0.3548493,-0.7476101,1.7625492,-0.74713224,0.17380519,-1.5113248,1
-0.21173419,0.8877594,0.7148407,-1.1421493,-0.1548493,-0.9476101,1.5625491,-0.54713225,0.3738052,-1.3113247,1
-0.011734188,0.6877594,0.9148407,-1.3421494,0.045150697,-1.1476101,1.3625491,-0.34713227,0.17380519,-1.5113248,1
0.18671578,0.4837436,1.1056621,-1.1327457,-0.1535744,-0.93980825,1.5496844,-0.14592089,0.12361785,-1.6972351,1
0.2296464,0.64511925,1.2319059,-1.2574596,-0.33360115,-0.6980168,1.2734413,0.051024213,-0.07206736,-1.7900612,1
0.028692694,0.4308001,1.3858427,-1.1994429,-0.1293033,-0.8691283,1.1986189,-0.14418335,0.123817146,-1.7914954,1
0.21408044,0.5904953,1.4845157,-1.3100258,-0.30826256,-0.77240604,0.9348124,-0.32219183,-0.07131517,-1.7352597,1
0.40412414,0.43701598,1.6440126,-1.0833359,-0.49604172,-0.9490251,1.1075265,-0.36765987,0.12559068,-1.4983453,1
0.44758978,0.6030094,1.7455714,-0.8361797,-0.65888405,-1.0876852,1.2377253,-0.15870947,-0.07043704,-1.2290341,1
0.32221368,0.7880175,1.9092484,-1.0168346,-0.45031688,-0.8711125,1.0183513,-0.3520125,-0.26538807,-1.184491,1
0.11518636,0.9312062,1.9879661,-1.0675846,-0.23592357,-0.6325234,0.7712959,-0.52027166,-0.061628237,-1.3048825,1
-0.08172216,0.7045536,2.1082141,-0.8359609,-0.42003405,-0.79013497,0.9358919,-0.6940175,-0.24867545,-1.0646092,1
-0.28072497,0.90135187,2.1403468,-0.8060444,-0.6178394,-0.58804613,0.82348764,-0.7281194,-0.44708735,-0.86154884,1
-0.11673551,0.646357,2.1568341,-0.5585229,-0.75371045,-0.592712,0.9432333,-0.85534304,-0.32701138,-0.97831,1
0.08326449,0.446357,1.9568341,-0.3585229,-0.95371044,-0.7222956,0.7432333,-0.65534306,-0.12701137,-1.17831,1
-0.116730995,0.646332,2.1567507,-0.15851675,-0.81194204,-0.92225987,0.94319683,-0.45532545,0.072985806,-1.1313026,1
-0.3092822,0.43583533,2.2959545,-0.35008526,-0.98814344,-0.76064676,0.72571856,-0.6399137,0.047411706,-0.90940046,1
-0.098835394,0.57505274,2.1941674,-0.4974999,-0.712801,-0.8688138,0.8372246,-0.7596222,0.22376043,-1.0033475,1
0.09653102,0.7379593,1.9028295,-0.66555274,-0.8709924,-1.0198594,0.9897172,-0.53399014,0.022672137,-1.1482313,1
0.21059129,0.56656945,1.8858862,-0.41752294,-0.9605011,-1.0940099,1.0669773,-0.37947643,0.19969966,-1.2091379,1
0.4105913,0.36656946,2.0858862,-0.21752293,-0.7605011,-1.023779,0.88687575,-0.49956954,0.39969966,-1.1489476,1
0.2105913,0.56656945,1.8858862,-0.41752294,-0.7929369,-1.2237791,0.68687576,-0.29956955,0.5996997,-1.3489476,1
0.010591298,0.42989048,1.6858861,-0.21752293,-0.9929369,-1.4237791,0.48687577,-0.099569544,0.79969966,-1.1489476,1
-0.1894087,0.58806443,1.5112665,-0.017522931,-0.7929369,-1.2237791,0.28687578,-0.29956955,0.99969965,-1.1921246,1
0.010591298,0.43965682,1.5669041,-0.21752293,-0.59293693,-1.163924,0.08687578,-0.49956954,0.79969966,-0.9921246,1
0.2105913,0.23965682,1.7405269,-0.24766132,-0.54353976,-1.363924,-0.048753202,-0.55055594,0.5996997,-1.0260069,1
0.4105913,0.43965682,1.940527,-0.04766132,-0.74353975,-1.223918,-0.2487532,-0.35055596,0.3996997,-1.226007,1
0.6105913,0.63965684,1.7804217,0.15233868,-0.94353974,-1.423918,-0.048753202,-0.55055594,0.3650935,-1.2025598,1
0.774737,0.80251694,1.8928232,0.33675393,-0.73398274,-1.5520885,-0.23775029,-0.33505008,0.15779103,-0.9582143,1
0.54926294,0.95808244,1.7609833,0.5129634,-0.8925858,-1.6744307,-0.036077082,-0.12906425,-0.040338144,-0.8922895,1
0.44882652,1.0664257,1.4374388,0.6565357,-1.0061128,-1.7260784,-0.2173927,-0.30302036,0.14702538,-1.00584,1
0.24882652,1.2493147,1.2374388,0.8565357,-0.8061128,-1.83978,-0.017392695,-0.50302035,0.224738,-0.80583996,1
0.13947293,1.4221913,1.0180234,1.036763,-0.7289096,-1.9360834,0.17918988,-0.29734942,0.024275035,-0.66770214,1
-0.058743924,1.1861851,0.79392415,1.2003276,-0.58120245,-2.0731537,0.36801884,-0.094481476,-0.17054805,-0.84213936,1
0.06752055,0.9854081,0.8923176,1.2571754,-0.7013419,-2.0407746,0.15084265,0.07693515,-0.29499525,-0.9356039,1
0.013934256,1.0637015,0.9801686,0.9821037,-0.8088005,-2.0107129,0.2881317,0.094552666,-0.44417375,-0.97811615,1
0.2110399,0.8520163,1.1247113,0.7715225,-0.99515224,-1.8989835,0.086939365,-0.10402072,-0.6354586,-1.1621772,1
0.38310423,0.9805178,0.90922236,0.9054946,-0.74111104,-1.9563296,-0.084214635,0.08945621,-0.778678,-1.1168286,1
0.5168526,0.9149744,0.62864137,0.9798896,-0.8341831,-1.91133,0.10262997,0.25656852,-0.8674817,-1.167212,1
0.31685263,0.9367294,0.42864138,1.1798896,-0.6341831,-1.7113299,-0.097370036,0.19496965,-0.6674817,-1.2128645,1
0.4680349,1.0293632,0.48625666,1.2495564,-0.7553929,-1.7308012,0.092936374,0.35766402,-0.764041,-1.2794168,1
0.6236917,0.7743112,0.43799302,0.9798883,-0.8919753,-1.8026375,0.27349168,0.1471985,-0.9000493,-1.3812152,1
0.70481354,0.60124093,0.22578567,1.1193684,-1.0359647,-1.5204335,0.06972208,0.32938966,-1.0436246,-1.5001101,1
0.8685649,0.7691417,0.40872785,0.88253677,-0.8024744,-1.6515096,0.25891647,0.4940758,-1.160541,-1.2956206,1
0.6272011,0.84640104,0.33073458,1.0155606,-0.94045174,-1.7369574,0.43052348,0.6511336,-1.0873054,-1.0278349,1
0.4024914,0.9858762,0.40531188,0.9056638,-1.074487,-1.7646929,0.59405345,0.42503962,-1.2128465,-0.77995217,1
0.6024914,0.81065387,0.6053119,0.8277237,-0.874487,-1.5646929,0.75269616,0.62503964,-1.4128466,-0.7265737,1
0.37614313,0.7237706,0.37877896,0.9604458,-0.69219065,-1.6491709,0.8029974,0.6351253,-1.507265,-0.86591744,1
0.40834746,0.8654243,0.16748708,1.0871508,-0.46110338,-1.7323753,0.82022715,0.4076423,-1.3507301,-0.998593,1
0.19481352,0.62219936,0.34361568,1.2035395,-0.6181591,-1.8068511,0.9539548,0.19415417,-1.0759804,-1.1207342,1
0.37334403,0.75093824,0.13580602,0.98466355,-0.7736686,-1.897721,0.8508394,0.37272057,-0.82834566,-1.2489144,1
0.5581076,0.92566735,-0.062488046,0.7638114,-0.94779366,-2.0419748,0.6354363,0.33523595,-0.7859291,-1.0210397,1
0.7581076,1.1256673,0.13751195,0.5638114,-0.7477937,-1.8419747,0.7418839,0.53523594,-0.5859291,-1.2210398,1
0.9581076,0.93545556,-0.06248805,0.36381143,-0.5477937,-1.6419747,0.5418839,0.7352359,-0.7859291,-1.4210398,1
1.1041489,0.70118904,-0.0656736,0.15617909,-0.7129523,-1.756153,0.36812267,0.5102981,-0.9399924,-1.545512,1
0.9041489,0.6752172,-0.2656736,-0.043820918,-0.5129523,-1.779806,0.5681227,0.3102981,-0.73999244,-1.745512,1
0.6620818,0.7936435,-0.059552565,-0.11342537,-0.6465023,-1.7952803,0.6965306,0.10001786,-0.8523814,-1.7471856,1
0.8439298,0.5811438,-0.052899152,-0.020135956,-0.8286784,-1.5616902,0.8776533,-0.09787692,-0.63864493,-1.9061859,1
1.0439298,0.7811438,0.14710085,0.17986405,-1.0286784,-1.3616902,0.6776533,-0.29787692,-0.59937286,-1.7061858,1
0.83155334,0.966755,-0.05212337,0.18267025,-0.8165256,-1.4250937,0.8647823,-0.15070717,-0.7874807,-1.8026443,1
0.9347537,1.0572681,0.13400008,-0.01570355,-0.5586716,-1.4725969,0.96486443,0.044667255,-0.53235227,-1.8147186,1
1.0721998,0.81125885,0.31558818,-0.2038128,-0.71684945,-1.5803943,1.1006507,-0.14676996,-0.691981,-1.5257064,1
1.2078238,0.5803278,0.109739155,-0.0874824,-0.87045485,-1.4132086,1.2348349,0.05053649,-0.46708572,-1.638382,1
0.9891593,0.37328434,0.2820548,-0.28215837,-1.0506306,-1.4972572,1.0156702,-0.14669551,-0.26213944,-1.8043361,1
0.7578796,0.16641591,0.07880242,-0.46304718,-1.2010597,-1.2458382,1.167485,-0.33295363,-0.05967643,-1.9248908,1
0.56008494,-0.031336904,-0.11308798,-0.3202236,-1.083798,-1.3490939,1.2759836,-0.124057405,-0.02559171,-1.9827096,1
0.34981692,-0.2247402,0.084433675,-0.50538915,-0.858596,-1.1163268,1.4338951,0.007093715,0.16943493,-2.1204684,1
0.14743172,-0.024346322,0.27990526,-0.5459507,-1.0417423,-0.9017382,1.2142506,0.11286888,0.03570312,-2.2835248,1
-0.052568287,0.17565368,0.47990525,-0.34595072,-0.84174234,-0.70173824,1.4142506,-0.036209963,0.23570313,-2.1771333,1
-0.2525683,0.37565368,0.67990524,-0.52684414,-1.0417423,-0.50173825,1.2142506,-0.073549464,0.28149596,-1.9771333,1
-0.44272968,0.56313926,0.46947235,-0.71104294,-1.2147475,-0.6864828,0.9922012,-0.26760265,0.4710285,-2.1298037,1
-0.6204911,0.35057455,0.5024176,-0.8795206,-1.3657969,-0.8558102,1.1509508,-0.06526358,0.26165086,-1.8630319,1
-0.4204911,0.15057455,0.30241764,-1.0499872,-1.1657969,-0.67481977,0.9509508,-0.2652636,0.14024666,-1.6630318,1
-0.6204911,0.35057455,0.5024176,-1.2499872,-0.9657969,-0.87481976,1.1509508,-0.065263584,-0.059753343,-1.8630319,1
-0.3874643,0.50733054,0.6146455,-1.3361005,-1.0742313,-0.99039984,0.8762599,-0.16444142,-0.23935145,-1.8553993,1
-0.53898025,0.31334537,0.5245684,-1.1361004,-0.8742313,-1.1146177,0.67625993,0.03555858,-0.3351058,-2.0553992,1
-0.33898026,0.51334536,0.3245684,-0.9361004,-1.0742313,-0.9146177,0.8762599,0.20822039,-0.1351058,-1.8553991,1
-0.13898025,0.71334535,0.5245684,-1.1361004,-0.8742313,-1.1146177,0.67625993,0.20870261,-0.3351058,-1.9357398,1
-0.054185666,0.83196384,0.66000736,-1.10304,-0.9785144,-0.9535248,0.7981828,0.3556351,-0.48742646,-1.9454397,1
-0.15277377,1.0137753,0.4518997,-1.2800739,-1.157743,-0.7402439,0.750952,0.5076415,-0.6753105,-1.7146761,1
0.04593617,1.1806191,0.634092,-1.0505698,-0.9315806,-0.52548623,0.53590184,0.68831104,-0.8513999,-1.8623736,1
-0.15406384,0.98061913,0.5500748,-1.2505698,-0.7315806,-0.32548624,0.73590183,0.48831105,-1.0514,-1.6623735,1
-0.35406384,0.78061914,0.7500748,-1.0505698,-0.5315806,-0.52548623,0.53590184,0.68831104,-1.2514,-1.8623736,1
-0.55293876,0.5794401,0.9481455,-1.2480303,-0.33090732,-0.3248253,0.33521974,0.48731944,-1.0492649,-2.0581856,1
-0.75293875,0.39427078,0.7481455,-1.0480303,-0.41071787,-0.16159701,0.13521974,0.68731946,-0.8492649,-2.2581856,1
-0.81605697,0.19427077,0.87363106,-1.2113843,-0.21071787,-0.361597,0.33521974,0.88731945,-0.64926493,-2.0581856,1
-0.616057,-0.0057292283,0.7980814,-1.4113843,-0.010717869,-0.161597,0.13521974,0.68731946,-0.44926494,-1.8581855,1
-0.416057,-5.922327e-05,0.5980814,-1.4067965,0.18928213,-0.32386437,0.16234222,0.88731945,-0.24926494,-2.0581856,1
-0.21605699,0.19994079,0.7158423,-1.2067964,0.20470889,-0.5238644,-0.037657782,1.0873195,-0.049264938,-2.2581856,1
-0.014801471,-5.458695e-05,0.7866576,-1.2967974,0.004340693,-0.29854107,-0.21907505,1.1866626,0.13894892,-2.2659774,1
-0.21480148,0.19994542,0.5866576,-1.1493497,-0.19565931,-0.49854106,-0.41907507,1.3866626,-0.061051086,-2.0659773,1
-0.1646954,-5.4582953e-05,0.7866576,-0.9493497,-0.39565933,-0.29854107,-0.21907507,1.1866626,-0.2610511,-2.2659774,1
-0.3646954,-0.20005459,0.98665756,-1.1493497,-0.27436015,-0.49854106,-0.019075066,1.3866626,-0.061051086,-2.0659773,1
-0.48584092,-0.39008412,1.0678954,-0.92568934,-0.46253783,-0.29110062,0.17395982,1.1570877,-0.25454497,-2.209503,1
-0.4189509,-0.58211994,1.250783,-0.7158949,-0.6535957,-0.08987106,0.3689126,1.3062873,-0.44841006,-1.9823811,1
-0.58885026,-0.36353683,0.9996816,-0.8713534,-0.8120839,0.10477319,0.54124546,1.0524867,-0.61687684,-2.0762484,1
-0.78885025,-0.16353683,0.7996816,-0.6713534,-0.6120839,-0.092618,0.67889285,1.2524867,-0.41687685,-2.1605515,1
-0.9033512,-0.33210433,0.91324604,-0.43059874,-0.6494566,-0.26731735,0.4374863,1.3269002,-0.198125,-2.137678,1
-1.0047957,-0.4845747,1.0138066,-0.21000075,-0.40930942,-0.061304305,0.21627308,1.3905116,0.0017075161,-2.1288674,1
-1.1342425,-0.2679099,0.7661499,-0.009415104,-0.1970522,-0.24600227,0.39189604,1.4919472,0.08444522,-2.1374466,1
-0.86724526,-0.06303989,0.8968644,0.1769175,0.0027364113,-0.41401812,0.54944944,1.4687027,0.26404682,-2.1698215,1
-0.94056815,-0.019142833,0.9666717,0.33217913,0.09533593,-0.54113704,0.49022362,1.4706354,0.056444753,-2.0885346,1
-1.0416726,-0.20014156,1.0655128,0.12071823,-0.09558894,-0.67687505,0.6303762,1.5257791,0.23420912,-1.8647907,1
-0.7884208,-0.0001326046,1.132477,-0.07426569,0.09780508,-0.6133762,0.7778391,1.5354367,0.03204474,-1.9341534,1
-0.9753813,0.1972307,1.2738512,0.1240756,0.29387635,-0.7019362,0.96493924,1.3713335,0.22898355,-1.711276,1
-1.1753813,0.39723068,1.0738511,0.3240756,0.49387634,-0.5019362,0.76493925,1.1713334,0.028983548,-1.8986036,1
-0.9386086,0.57471454,0.84090614,0.5043175,0.28279695,-0.67547256,0.6501672,1.319633,0.22035067,-2.0194843,1
-0.7386086,0.45433903,1.0409062,0.7043175,0.082796946,-0.87547255,0.45016724,1.1385285,0.13264555,-1.8194842,1
-0.8886125,0.26860887,0.8409062,0.5043175,0.20175454,-1.0754726,0.25016725,1.0642927,0.33264554,-2.0194843,1
-0.6886125,0.068608865,1.0409062,0.30431753,0.40175456,-1.2754726,0.07081616,1.2642927,0.5326455,-1.8194842,1
-0.8554715,0.25859103,0.80954444,0.10042699,0.19423008,-1.1037174,-0.1243659,1.4096817,0.7053213,-1.9441671,1
-0.98729146,0.29914978,0.57016987,-0.09314092,0.050549928,-1.2195015,-0.3034129,1.1315401,0.84684044,-2.005661,1
-1.1765262,0.4991498,0.77016985,-0.22458407,0.09108098,-1.0195014,-0.10341291,1.3315401,0.64684045,-1.8084084,1
-0.9765262,0.2991498,0.57016987,-0.02458407,-0.108919024,-0.81950146,-0.29907334,1.3913164,0.84684044,-1.6084083,1
-0.7765262,0.3204944,0.77016985,-0.21281207,-0.308919,-0.7916757,-0.49907333,1.2258043,1.0468404,-1.4084083,1
-0.9765262,0.12049441,0.6588059,-0.41281205,-0.508919,-0.8183319,-0.29907334,1.4258044,1.2468405,-1.6084083,1
-1.1689711,0.31843632,0.85329103,-0.21144547,-0.30693528,-0.79089516,-0.4958685,1.2179327,1.0401181,-1.7967956,1
-1.2706017,0.10992591,0.97760534,-0.32227686,-0.47050872,-0.91969293,-0.46510562,0.99377894,0.7797502,-1.8533131,1
-1.0699291,0.30620903,1.1634825,-0.5160133,-0.26726454,-0.7110618,-0.26192623,1.1773727,0.96800023,-1.7811939,1
-0.86992913,0.2697276,1.0890771,-0.7160133,-0.46726453,-0.5110618,-0.06192623,1.0593811,1.1680002,-1.5811938,1
-1.0699291,0.13430096,1.2890772,-0.9160133,-0.6672645,-0.7110618,-0.26192623,0.85938114,0.96800023,-1.5655234,1
-1.2074609,-0.062467277,1.295799,-0.68079233,-0.4442796,-0.8662463,-0.058880053,0.6269459,1.1105459,-1.6786766,1
-0.9953354,-0.2593083,1.0826104,-0.87019145,-0.24133955,-0.6582276,0.1394215,0.8169931,1.1787219,-1.8560656,1
-0.78336525,-0.45239553,0.9681387,-0.86080015,-0.24954326,-0.84531087,0.23906526,0.79939914,0.9639917,-2.0251207,1
-0.6650957,-0.35178465,1.1342933,-1.0300648,-0.048107803,-0.8774739,0.037933387,0.9704427,0.741856,-1.9545887,1
-0.85068166,-0.14925565,1.3120617,-1.2095698,-0.2439739,-0.99391294,-0.1593663,0.8527198,0.53282773,-1.7279115,1
-0.91072017,-0.33559915,1.4529375,-1.3544532,-0.042254437,-1.147229,-0.3391015,0.6271973,0.3613706,-1.4681674,1
-1.0251614,-0.1296059,1.5798806,-1.1034284,-0.09978292,-0.9053631,-0.13295345,0.73568296,0.536559,-1.5944374,1
-0.8251614,-0.1550648,1.4859595,-1.3034284,-0.27159184,-0.7053631,0.06704655,0.535683,0.736559,-1.4274333,1
-0.60430235,-0.059544936,1.6297061,-1.2591631,-0.45585677,-0.87515485,-0.12851734,0.32448265,0.90530986,-1.5731326,1
-0.39412928,0.13692093,1.3937318,-1.4224477,-0.5120179,-0.6581666,0.012668125,0.12565479,1.077498,-1.728517,1
-0.5602439,0.3177051,1.1256489,-1.152727,-0.6714089,-0.8092222,-0.17664766,0.30708152,1.2046376,-1.8185267,1
-0.7602439,0.31976816,0.92564887,-1.1719934,-0.8714089,-0.60922223,-0.37664765,0.10708152,1.4046377,-1.6185267,1
-0.50808,0.108616635,1.0208405,-1.2442482,-0.6423392,-0.73387617,-0.52295643,0.27848938,1.4552311,-1.6492051,1
-0.6135548,-0.08617218,0.7740316,-1.361889,-0.64397734,-0.8806213,-0.6817294,0.45120326,1.5608406,-1.3665632,1
-0.77892876,0.10898316,0.5496,-1.1124374,-0.80805653,-0.8210396,-0.6041468,0.24051169,1.6858969,-1.4998882,1
-0.57892877,-0.091016844,0.34960002,-0.9124374,-1.0080565,-1.0210396,-0.4041468,0.040511683,1.5521672,-1.2998881,1
-0.483319,-0.29101685,0.5496,-1.1124374,-1.2080566,-0.8210396,-0.20414679,0.24051169,1.3521671,-1.4998882,1
-0.68331903,-0.091016844,0.51060975,-0.9124374,-1.0080565,-0.6210396,-0.0041467845,0.4405117,1.5521672,-1.2998881,1
-0.7868683,0.10898316,0.71060973,-0.7124374,-1.1450408,-0.8210396,0.19585322,0.6405117,1.7490643,-1.3289595,1
-0.66873944,0.25435573,0.9106097,-0.9124374,-0.94504076,-0.6280128,0.3078623,0.7856952,1.5490643,-1.5289595,1
-0.48952177,0.052234527,0.6828786,-1.0093956,-0.715966,-0.7957001,0.473545,0.5628388,1.6808081,-1.6614879,1
-0.2828762,-0.14437371,0.8626133,-1.1816356,-0.50412273,-0.97284514,0.40656316,0.74532884,1.4468181,-1.6565366,1
-0.07777752,-0.27520865,0.62184834,-1.2966353,-0.66080403,-0.8305624,0.19385508,0.51177937,1.5455034,-1.7423197,1
0.120949574,-0.41817445,0.813289,-1.085214,-0.851839,-0.6239953,0.30399176,0.7043664,1.7141677,-1.5262568,1
-0.07905043,-0.21817444,1.013289,-0.88521403,-1.051839,-0.42399532,0.5039918,0.5043664,1.5141677,-1.7262568,1
-0.26398608,-0.017193303,1.129696,-1.0266293,-0.805853,-0.59030926,0.6659872,0.6663416,1.6216294,-1.4438628,1
-0.06398608,-0.2171933,0.929696,-1.2266294,-0.605853,-0.48154312,0.4659872,0.8663416,1.4216293,-1.2438627,1
0.132304,-0.016724337,0.7097928,-1.3877167,-0.78387254,-0.42609417,0.46903455,1.0372561,1.5773977,-1.40448,1
-0.0051475167,0.09333809,0.5097928,-1.1877166,-0.98387253,-0.26210886,0.37111366,1.2372562,1.3773977,-1.2044799,1
0.19485249,-0.07613005,0.360107,-1.1148634,-1.1340888,-0.2115848,0.57111365,1.1309156,1.5512589,-1.40448,1
0.3771557,0.10916032,0.1529312,-0.87386036,-1.2742966,-0.39313808,0.73655325,1.2712657,1.6727697,-1.1504966,1
0.53766054,0.28800428,0.2443168,-0.62774765,-1.0007818,-0.17992151,0.8724643,1.3705862,1.7446148,-1.2070209,1
0.68004715,0.08113089,0.04085553,-0.76309824,-0.73823845,-0.35024855,0.84305996,1.447919,1.6701902,-1.2971286,1
0.48004717,-0.11886911,0.24085553,-0.56309825,-0.93823844,-0.15024854,0.89135766,1.247919,1.8701903,-1.0971285,1
0.64800256,0.07730792,0.23875804,-0.7271402,-1.0846034,-0.33374444,1.0399318,0.9985398,1.9726405,-0.8548548,1
0.40719837,-0.11151725,0.3339164,-0.47912812,-1.1453179,-0.48513085,1.1269984,1.0893764,1.9747558,-0.75964206,1
0.19958751,-0.30007452,0.5143045,-0.45737025,-0.97046965,-0.6599645,0.89294773,1.2420149,2.0948722,-0.5390852,1
0.2031633,-0.3882207,0.68107146,-0.6267861,-0.73462355,-0.43856466,0.66070837,1.3749251,2.1881034,-0.32330927,1
0.30544537,-0.1882207,0.88107145,-0.7008511,-0.53462356,-0.5539895,0.86070836,1.2014996,1.9881034,-0.5233093,1
0.50544536,0.011779308,0.8705491,-0.9008511,-0.47926658,-0.7539895,0.66070837,1.0014995,1.7881033,-0.7233093,1
0.69953954,0.21000634,0.6649354,-1.091635,-0.54706144,-0.66960037,0.8535027,0.79478955,1.9714594,-0.91557956,1
0.46135047,0.009241369,0.7988123,-1.1928914,-0.3205291,-0.48138398,0.9729639,0.9187393,1.8812923,-1.0302951,1
0.6494035,0.20546153,0.9807693,-1.2057256,-0.35842043,-0.27630094,0.7590007,0.70575565,2.043695,-0.8152963,1
0.782694,0.37361786,1.0880353,-1.2953243,-0.51456386,-0.43889377,0.5150986,0.8346204,1.7582728,-0.93555814,1
0.90748024,0.5297141,1.1598182,-1.3808748,-0.65987235,-0.22060923,0.29098147,0.58604765,1.8083899,-0.6792598,1
1.0352083,0.6820944,1.2710792,-1.117704,-0.80375874,-0.019264312,0.18731672,0.3840976,1.8773264,-0.4947873,1
1.1572249,0.74637717,1.0034578,-0.9639008,-0.9403876,-0.2054213,-0.011882542,0.1724748,1.9461766,-0.6509227,1
0.9173391,0.9069433,1.153312,-1.1154032,-0.709537,-0.0051954,0.18027894,-0.026378276,2.0095487,-0.4321336,1
1.1091843,1.0988643,1.0325094,-0.90872216,-0.9028988,-0.20369779,0.37750348,-0.22472607,1.7963417,-0.62752,1
0.9091843,0.8988643,0.83250946,-1.0201836,-1.1028988,-0.0036977828,0.5775035,-0.024726063,1.6672783,-0.5496586,1
0.7091843,1.0988643,1.0325094,-0.9068234,-1.1068523,-0.20369779,0.61225337,0.17527394,1.7730416,-0.3496586,1
0.46712115,1.1915666,1.1306933,-0.6501297,-1.1988947,-0.37034878,0.745154,-0.022683471,1.8100508,-0.5042519,1
0.2519953,1.3127686,0.87799245,-0.8019907,-0.9423319,-0.53805256,0.85835373,-0.07724382,1.8540384,-0.66437334,1
0.051995292,1.5127686,0.67799246,-0.6019907,-1.142332,-0.73805255,0.65835375,-0.27724382,1.6540383,-0.8643733,1
-0.13762543,1.5321487,0.5582619,-0.74574864,-0.9170521,-0.8584342,0.79815906,-0.44377568,1.7240183,-0.6177822,1
-0.32295224,1.6568695,0.69028205,-0.81906927,-1.0685049,-0.656526,0.57216305,-0.60496587,1.4577844,-0.78224134,1
-0.47017112,1.6694573,0.4407983,-0.91621554,-1.1404759,-0.7700776,0.6942293,-0.7237213,1.1308373,-0.88310456,1
-0.65655077,1.4406033,0.332683,-1.0935299,-1.3132325,-0.950362,0.58188295,-0.5130774,0.9119193,-1.0610919,1
-0.73991066,1.504055,0.48834753,-0.819161,-1.0205775,-1.0546168,0.7168064,-0.6537276,0.92154163,-1.1561307,1
-0.59770995,1.2864678,0.6434974,-0.9527563,-0.76711184,-1.1728708,0.59860975,-0.7981019,1.0484662,-1.2677704,1
-0.46551365,1.0864677,0.497181,-0.7527563,-0.9671118,-0.9843938,0.79860973,-0.9981019,0.8484662,-1.0677704,1
-0.66551363,1.2864678,0.57975703,-0.9527563,-0.76711184,-0.84452707,0.59860975,-0.7981019,1.0484662,-1.2677704,1
-0.43116397,1.0062987,0.7222197,-1.0676959,-0.89574987,-0.9674527,0.7396813,-0.9244532,1.0731561,-1.3594655,1
-0.61095774,0.78048563,0.89269555,-0.8904244,-0.673476,-1.1300776,0.52240384,-1.0884546,0.980212,-1.5095404,1
-0.38767722,0.92494166,0.6534547,-1.0286524,-0.44665384,-1.2547295,0.68148005,-1.0622125,0.7360134,-1.6126959,1
-0.17810498,0.68796694,0.8099254,-1.1659867,-0.23407358,-1.0009344,0.48963946,-1.197835,0.88827324,-1.7202418,1
-0.37350625,0.7762344,0.6025071,-1.3493727,-0.033659153,-1.1691486,0.28611672,-1.3808337,0.6799021,-1.5017517,1
-0.47336197,0.9725405,0.65701437,-1.2297798,-0.017983157,-1.3480527,0.48427734,-1.1763656,0.87657267,-1.296826,1
-0.6454454,1.1239289,0.8214839,-0.9870867,0.17447072,-1.1004562,0.6559083,-0.93588704,1.0319396,-1.43477,1
-0.5542241,1.2362105,0.9538043,-0.73493737,-0.023837809,-1.214293,0.42570156,-1.0606275,0.7768185,-1.5264565,1
-0.75422406,1.4362105,0.7538043,-0.93493736,0.1761622,-1.014293,0.62570155,-0.8606275,0.5768185,-1.4077488,1
-0.5513672,1.5889807,0.68893975,-1.1290871,0.37422317,-1.017584,0.7337599,-0.9793691,0.55218995,-1.2015232,1
-0.4568931,1.62833,0.80911285,-0.84565496,0.1585779,-1.1082448,0.79639006,-1.0734617,0.32056326,-1.2756662,1
-0.2568931,1.42833,1.0091128,-1.045655,-0.0414221,-1.3082448,0.59639007,-0.87346166,0.120563254,-1.332249,1
-0.056893095,1.62833,0.80911285,-0.845655,-0.2414221,-1.1082448,0.39639008,-0.8539416,-0.07943675,-1.132249,1
-0.040164735,1.8048272,0.84466827,-1.0322133,-0.4357477,-1.2914276,0.5887236,-0.64553535,-0.27584466,-1.1247196,1
-0.23370978,1.9509431,0.6273414,-0.80984575,-0.61866057,-1.062093,0.7675249,-0.8228097,-0.46305528,-1.0480838,1
-0.4145245,1.6734895,0.40843782,-0.96517485,-0.40014097,-1.2062639,0.92472607,-0.79646575,-0.6337248,-1.1928744,1
-0.26169103,1.4163638,0.5664738,-1.0096513,-0.55874914,-1.2618574,0.78448343,-0.8837484,-0.77622265,-1.2968076,1
-0.061484292,1.6109471,0.36524567,-0.806938,-0.69154716,-1.0582988,0.9811842,-1.0801166,-0.5742916,-1.2486377,1
0.12824997,1.6767335,0.15299891,-0.56195635,-0.8254724,-0.7946882,1.0936438,-1.1852441,-0.34655195,-1.3412757,1
0.3072269,1.5410798,0.2929398,-0.71315604,-0.94393533,-0.5566008,0.8436915,-1.2965248,-0.51154745,-1.4425632,1
0.50705945,1.7405051,0.09290913,-0.9128546,-0.89629334,-0.75635105,0.72131974,-1.0961628,-0.4810094,-1.2421529,1
0.30705947,1.540505,0.29290915,-1.1128546,-1.0962933,-0.8018536,0.5260115,-0.8961628,-0.28100938,-1.442153,1
0.4680624,1.606646,0.45500037,-1.2118853,-0.9173259,-0.8269971,0.30093858,-0.6426222,-0.44401577,-1.5158579,1
0.57261723,1.3996238,0.65173054,-1.404837,-0.71374494,-0.62386703,0.49843785,-0.44041255,-0.24279761,-1.7072922,1
0.6698244,1.386802,0.716155,-1.3913215,-0.6145407,-0.7142557,0.6055142,-0.20842688,-0.38388562,-1.6535367,1
0.46982443,1.1868019,0.516155,-1.1913215,-0.8145407,-0.5142557,0.40551424,-0.008426875,-0.5838856,-1.8535367,1
0.60168135,1.386802,0.31615502,-0.9913215,-0.6145407,-0.37162858,0.43109468,-0.20842688,-0.5902406,-2.0535367,1
0.38187647,1.4375014,0.110428,-1.1325834,-0.7743798,-0.34233344,0.21970056,-0.008011389,-0.3709998,-2.1424263,1
0.58187646,1.2375014,-0.089572005,-1.3325834,-0.5743798,-0.5423334,0.07047409,-0.092131056,-0.17099981,-1.9424262,1
0.38187647,1.0375013,-0.2520239,-1.1325834,-0.7743798,-0.4311626,0.079086244,0.10786895,0.029000193,-1.7424262,1
0.18187647,0.83750135,-0.45202392,-1.3325834,-0.9743798,-0.2311626,-0.023541786,-0.03651338,-0.17099981,-1.9424262,1
0.15909632,0.79922426,-0.25202394,-1.5325835,-1.1743798,-0.4311626,0.17645821,-0.23651338,0.029000193,-2.0154753,1
0.35909632,0.59922427,-0.052023932,-1.3325834,-1.1484559,-0.573712,-0.023541793,-0.18130605,-0.17099981,-1.8154752,1
0.55909634,0.39922428,0.029858261,-1.355829,-1.3484559,-0.373712,-0.2235418,0.018693954,0.029000193,-1.7179964,1
0.54426885,0.19922428,0.22985826,-1.155829,-1.548456,-0.573712,-0.023541793,-0.03994422,-0.17099981,-1.9179964,1
0.34426886,0.39922428,0.23485412,-1.355829,-1.3484559,-0.773712,-0.018173466,0.16005579,-0.3709998,-2.0221663,1
0.54426885,0.59922427,0.43485412,-1.155829,-1.548456,-0.573712,0.18182653,0.04451687,-0.5709998,-1.8221662,1
0.34426886,0.63604236,0.63485414,-0.95582896,-1.3803271,-0.773712,-0.018173471,0.24451688,-0.65930605,-2.0221663,1
0.14426886,0.83604234,0.8348541,-1.155829,-1.180327,-0.97371197,-0.12966622,0.2024589,-0.45930606,-1.8221662,1
0.30318978,0.912419,0.9113726,-1.1940479,-1.2156228,-1.0336616,0.061941367,0.21334864,-0.22836499,-1.780876,1
0.47655988,0.67471623,1.0525563,-1.3202718,-1.3407049,-1.1683735,0.24807885,0.012642199,-0.026863847,-1.4972125,1
0.52682954,0.7720736,0.752514,-1.3418772,-1.3599126,-1.2078032,0.39549956,-0.1653725,0.1528197,-1.498055,1
0.69468194,0.5467709,0.5280764,-1.0913721,-1.4909179,-1.3455364,0.18685263,0.033095926,0.21264854,-1.6229503,1
0.72907495,0.6454441,0.6292862,-1.1161503,-1.4614831,-1.3358278,-0.011363448,0.15991455,0.35665768,-1.5286543,1
0.85370094,0.7768549,0.3944591,-1.2093737,-1.5266904,-1.3911103,0.17333286,-0.036833398,0.51149714,-1.2208632,1
0.6000607,0.89669776,0.19882904,-0.92654824,-1.5850046,-1.4605497,0.34269854,-0.21739973,0.6531143,-1.3042725,1
0.35258505,0.96655136,-0.0010320034,-0.9928595,-1.573176,-1.4634904,0.12576434,-0.015334882,0.7518742,-1.3257588,1
0.21775475,0.73911923,-0.15738675,-1.1501713,-1.7097204,-1.60396,0.3141064,-0.04815756,0.5321246,-1.085656,1
0.017073631,0.51843727,-0.27847257,-1.2983754,-1.8364588,-1.6535715,0.10972899,0.14601739,0.31938347,-0.8516801,1
-0.18292637,0.31843728,-0.4784726,-1.0983753,-2.0364587,-1.4535714,0.30972898,-0.053982615,0.5193835,-0.7457399,1
-0.023525476,0.118437275,-0.6784726,-1.2983754,-1.8364587,-1.573593,0.18503565,0.14601739,0.7193835,-0.5457399,1
0.103930466,0.3035368,-0.708383,-1.0469795,-1.9411677,-1.4777254,0.24824497,0.11112824,0.8763632,-0.7108448,1
0.28740057,0.15847635,-0.85897875,-1.0049862,-2.024716,-1.2082336,0.045621067,0.29420692,0.8687073,-0.86130667,1
0.08740057,0.14466676,-0.65897876,-1.0309694,-2.054843,-1.4082336,0.03500919,0.4942069,0.6687073,-0.6613067,1
0.2739026,0.32847926,-0.4374225,-0.7919423,-2.1489427,-1.4486814,-0.1572419,0.4997404,0.5776383,-0.8208548,1
0.46511886,0.3195603,-0.62560797,-0.5809707,-2.3040931,-1.2655703,0.04196559,0.2941847,0.76322484,-0.60934734,1
0.26511884,0.11956029,-0.6362176,-0.38097072,-2.369537,-1.0655702,0.24196559,0.45222855,0.9632248,-0.61649305,1
0.24345689,-0.08043972,-0.8362176,-0.18097071,-2.169537,-0.86557025,0.26040712,0.25222856,0.76322484,-0.7962546,1
0.050136417,-0.06531835,-0.6362176,-0.38097072,-1.969537,-1.0655702,0.060407117,0.052228555,0.9632248,-0.8440142,1
-0.14986359,-0.102202475,-0.8362176,-0.5809707,-1.769537,-1.0834513,0.26040712,-0.14777145,0.76322484,-0.64401424,1
0.050136417,0.09779753,-1.0362176,-0.38097072,-1.5695369,-0.8834513,0.46040714,0.0036659986,0.56322485,-0.44401425,1
0.1707462,-0.102202475,-0.8362176,-0.18097071,-1.769537,-1.0834513,0.5844922,-0.196334,0.76322484,-0.64401424,1
-0.029253796,0.09779753,-0.6760474,0.01902929,-1.5695369,-0.9006742,0.38449222,-0.396334,0.56322485,-0.8440142,1
0.1707462,-0.037046894,-0.4760474,0.0116989855,-1.769537,-0.8676651,0.18449222,-0.19633399,0.49959034,-0.8147596,1
-0.029253796,0.16295311,-0.45672986,0.211699,-1.5695369,-1.0676651,0.38449222,-0.396334,0.29959035,-1.0147597,1
-0.2292538,-0.037046894,-0.6567299,0.411699,-1.6483002,-1.2676651,0.18449222,-0.19633399,0.49959034,-0.8147597,1
-0.029253796,-0.14981022,-0.4567299,0.211699,-1.4483001,-1.1635731,-0.0155077875,-0.396334,0.6995903,-0.6147597,1
-0.2292538,0.05018978,-0.2567299,0.011698991,-1.6483002,-0.96357316,0.18449222,-0.596334,0.8995903,-0.8147597,1
-0.029253796,-0.14981022,-0.26639718,0.17153329,-1.4483001,-1.1399925,0.17747684,-0.79633397,1.0995903,-1.0147597,1
0.1707462,-0.34981024,-0.066397175,-0.028466716,-1.2483001,-0.9399925,-0.022523165,-0.99633396,0.8995903,-1.2147597,1
-0.029253796,-0.54981023,-0.11269218,-0.22846672,-1.0483,-1.0127745,0.17747684,-1.196334,1.0995903,-1.2745584,1
-0.2292538,-0.34981024,-0.31269217,-0.42846674,-0.84830004,-0.8127745,-0.022523165,-1.396334,1.2995903,-1.4745585,1
-0.34482396,-0.17042859,-0.12871127,-0.6284667,-0.64830005,-0.6127745,0.17747684,-1.196334,1.0995903,-1.2745584,1
-0.54482394,0.029571414,0.071288735,-0.68730825,-0.44830006,-0.8127745,0.37747684,-1.396334,1.2521561,-1.0745584,1
-0.34482396,0.22957142,0.27128875,-0.7725727,-0.64830005,-1.0127745,0.57747686,-1.2956401,1.3087237,-0.8745584,1
-0.14482395,0.39858502,0.47128874,-0.9725727,-0.84830004,-0.9061608,0.5717633,-1.4956402,1.1087236,-0.82099086,1
-0.34482396,0.598585,0.27128875,-0.7725727,-0.64830005,-1.1061608,0.64903563,-1.2956401,0.90872365,-1.0209908,1
-0.14482395,0.5505535,0.47128874,-0.5725727,-0.84830004,-1.015573,0.8490356,-1.4956402,0.70872366,-0.82099086,1
-0.2328822,0.7505535,0.6712887,-0.7725727,-1.0483,-0.81557304,0.64903563,-1.4451153,0.5087237,-0.6209909,1
-0.4320093,0.9486368,0.8695318,-0.57141817,-1.245783,-1.0135252,0.8473236,-1.6417981,0.40850297,-0.8193354,1
-0.56485844,1.0265943,0.9558942,-0.6894551,-0.9346686,-1.0845884,0.9360456,-1.6461073,0.54384965,-0.5535311,1
-0.7648584,1.0857389,0.7558942,-0.5224428,-1.1346686,-0.8845884,0.7360456,-1.4461073,0.74384964,-0.35353112,1
-0.69043803,0.8857389,0.5962831,-0.57283705,-1.136941,-0.68458843,0.5360456,-1.4459916,0.54384965,-0.15452857,1
-0.890438,0.6857389,0.79628307,-0.77283704,-1.0492501,-0.8845884,0.7360456,-1.2459916,0.34384966,-0.35452858,1
-1.090438,0.5563977,0.99628305,-0.57283705,-1.2492502,-0.68458843,0.5360456,-1.4459916,0.54384965,-0.5545286,1
-0.890438,0.3563977,0.79628307,-0.37283707,-1.4492502,-0.8845884,0.7360456,-1.2459916,0.34384966,-0.65502876,1
-0.8736936,0.5563977,0.8522496,-0.57283705,-1.6492503,-0.97226244,0.5360456,-1.0459915,0.14384966,-0.45502877,1
-0.6736936,0.3563977,1.0522497,-0.77283704,-1.8492503,-0.77226245,0.7360456,-0.84599155,0.34384966,-0.26943076,1
-0.8736936,0.44144785,0.8522497,-0.57283705,-1.9760686,-0.97226244,0.5360456,-0.64599156,0.14384966,-0.46943074,1
-0.6736936,0.64144784,1.0278906,-0.47355783,-2.1760685,-0.77226245,0.7360456,-0.44599158,0.34384966,-0.66943073,1
-0.7769581,0.5571918,1.0919384,-0.5989814,-2.0845695,-0.8646134,0.83240646,-0.22322455,0.31821612,-0.7731672,1
-0.92390394,0.71607214,0.84350127,-0.75559235,-1.9728814,-1.0067992,0.59806335,-0.021963328,0.4900742,-0.9203189,1
-0.8591325,0.51607215,1.0435013,-0.55559236,-1.7728814,-1.2067993,0.39806336,-0.22196333,0.29339176,-1.0600233,1
-0.65913254,0.4925916,0.84350127,-0.75559235,-1.7159832,-1.4067993,0.5725949,-0.37084973,0.09339176,-1.2600234,1
-0.45913255,0.29259157,0.6435013,-0.95559233,-1.5159831,-1.2959387,0.3725949,-0.17084973,0.29339176,-1.4600234,1
-0.65913254,0.09259157,0.84350127,-0.81750524,-1.315983,-1.4959388,0.5725949,-0.17506832,0.09339176,-1.2600234,1
-0.8591325,-0.107408434,1.0435013,-0.7007304,-1.3605545,-1.6959388,0.77259487,0.024931684,-0.10660824,-1.0600233,1
-0.9806624,0.08573154,1.1513714,-0.5645187,-1.3455254,-1.7554704,0.9005362,-0.16209766,-0.15216948,-0.79630494,1
-0.7806624,-0.11426846,0.9513714,-0.3645187,-1.1455253,-1.9554704,0.877461,-0.36209768,0.025201172,-0.9963049,1
-0.9492406,0.08298459,0.9832966,-0.1592473,-1.3024129,-1.8431087,1.0429376,-0.5440873,-0.16919804,-0.7707902,1
-0.6661231,0.2515915,1.0520267,-0.31939396,-1.3357418,-1.816455,1.1050515,-0.66154146,-0.2342875,-0.69773006,1
-0.5536521,0.050798103,1.2327726,-0.11755786,-1.1182758,-1.9854449,0.8911332,-0.45444366,-0.42760882,-0.8839243,1
-0.35048142,0.08352283,1.419927,-0.31471077,-1.3064567,-1.7694372,0.7217246,-0.37252733,-0.6219819,-0.933108,1
-0.33212104,0.26739782,1.1505451,-0.10818673,-1.4207789,-1.765345,0.86930263,-0.53996557,-0.3979822,-1.0686638,1
-0.4842356,0.30440554,1.2290099,-0.2804531,-1.4749254,-1.4353558,0.97307634,-0.6733762,-0.54416996,-1.0731493,1
-0.61380035,0.09365802,1.1460968,-0.4309952,-1.5025085,-1.4670122,1.0161443,-0.78347075,-0.66756505,-0.78326726,1
-0.75412536,0.27212444,0.92186385,-0.5847251,-1.3858582,-1.5447723,0.7562974,-0.911354,-0.80394757,-0.899833,1
-0.8317799,0.062876076,0.86725605,-0.68410146,-1.3825071,-1.5210439,0.4849646,-0.96884745,-0.87521356,-0.95880383,1
-0.9443225,0.2488373,1.0102597,-0.45824826,-1.1193558,-1.6291324,0.2697462,-1.1064256,-0.6391541,-1.0969183,1
-0.74015284,0.31002638,0.8057207,-0.65456074,-1.0418957,-1.8188857,0.46711472,-0.9013479,-0.43669394,-1.2896531,1
-0.5184255,0.48951086,0.7554549,-0.8201865,-1.1919413,-1.937677,0.6402804,-0.7194232,-0.22717306,-1.0458224,1
-0.3025611,0.6551584,0.5277813,-0.7639927,-0.9425213,-2.0311747,0.7836376,-0.6502771,-0.40589067,-1.1837537,1
-0.20077133,0.8551584,0.32778132,-0.9639927,-1.1425213,-1.8311746,0.5836376,-0.85027707,-0.4396847,-0.98375374,1
-0.37724003,0.9932048,0.3037741,-1.0956489,-1.1398085,-1.9119142,0.36111233,-0.94678396,-0.22994202,-0.7377357,1
-0.15864086,0.7739459,0.092884265,-1.1596864,-1.1992121,-1.8902947,0.50223047,-1.026443,-0.026799973,-0.8393318,1
-0.088235945,0.9117463,-0.10027495,-1.130777,-1.3098536,-1.6689366,0.28292897,-1.1481181,0.16213886,-0.9729564,1
-0.2689228,1.0372541,0.09304301,-1.2416087,-1.0354881,-1.7437092,0.4505705,-0.8845898,0.07507101,-1.0943629,1
-0.06580741,1.1679462,0.27979714,-1.0843395,-0.8227292,-1.8558513,0.62116396,-1.0355651,0.2626375,-0.8539366,1
-0.26580742,1.3679463,0.459598,-0.8843395,-0.6227292,-1.6558512,0.42116398,-0.83556515,0.06263749,-0.6539366,1
-0.06580742,1.5679463,0.44001472,-0.8835739,-0.8227292,-1.4558512,0.5705367,-1.0355651,-0.13736251,-0.8539366,1
-0.26278684,1.7478557,0.3868019,-1.0712603,-1.011107,-1.2711177,0.7617804,-0.8260699,-0.3335288,-0.7528011,1
-0.06146317,1.9067913,0.18286376,-0.8958207,-0.79400736,-1.4401039,0.549937,-1.0044384,-0.27531576,-0.6579994,1
-0.25947082,1.6937854,0.37994632,-0.82459855,-0.589481,-1.4769617,0.74250793,-1.1952605,-0.07474185,-0.8514614,1
-0.4418756,1.7287979,0.48394677,-0.6006799,-0.37456602,-1.6127434,0.52173287,-1.3418298,0.12046145,-0.626514,1
-0.55700105,1.6737549,0.5935092,-0.69480675,-0.4985917,-1.5730461,0.62629884,-1.3379551,0.10419217,-0.3701165,1
-0.73652494,1.4338914,0.7720456,-0.87060314,-0.2905151,-1.7250872,0.80394834,-1.1071746,0.29596412,-0.16551502,1
-0.9365249,1.2906421,0.9720456,-1.0706031,-0.4905151,-1.5250871,0.60394835,-0.90717465,0.4959641,-0.36551502,1
-1.0645212,1.0906421,1.1720456,-1.1802639,-0.6905151,-1.3250871,0.40394837,-0.70717466,0.29596412,-0.16551502,1
-1.1496652,1.1607765,1.2474233,-1.2508293,-0.80963,-1.386564,0.54909194,-0.46110818,0.08724774,-0.33231544,1
-1.2715327,0.9051568,1.3636315,-0.98999643,-0.9511821,-1.4947174,0.70572674,-0.24599251,-0.106225,-0.12465566,1
-1.4154029,1.063002,1.5039887,-0.8552541,-0.72252923,-1.4469142,0.48643643,-0.10203848,0.09019807,0.049424935,1
-1.163844,1.2094239,1.6317035,-1.010489,-0.8833944,-1.1940185,0.27428547,-0.28922564,0.27788752,0.23884402,1
-1.288013,0.95329887,1.4452516,-1.1431847,-1.0231566,-1.3165097,0.19066054,-0.46202418,0.07355689,0.036684252,1
-1.3381683,1.0371602,1.232394,-1.2079242,-1.0999832,-1.3227564,0.3513205,-0.235638,-0.113710135,-0.0648063,1
-1.3369607,1.1180323,1.2944667,-1.2723533,-1.174806,-1.0971437,0.13674964,-0.04551425,0.07798089,-0.23930773,1
-1.1420021,0.91803235,1.1203655,-1.4723533,-0.974806,-1.2971437,0.22573793,-0.24551424,0.2779809,-0.405943,1
-1.0302624,0.71803236,0.9203655,-1.2723533,-0.774806,-1.4971437,0.34219033,-0.44551426,0.20285177,-0.205943,1
-0.83026236,0.76304567,1.1203655,-1.3821123,-0.57480603,-1.4990596,0.5421903,-0.64551425,0.0028517693,-0.0059430003,1
-1.0302624,0.7461904,0.9203655,-1.5821123,-0.63316697,-1.4620109,0.34219033,-0.84551424,0.04936276,0.194057,1
-0.83026236,0.54619044,0.7203655,-1.7821124,-0.43316698,-1.2939872,0.5421903,-0.64551425,0.24936277,0.07189047,1
-0.6302624,0.7461904,0.52036554,-1.9821124,-0.23316698,-1.0939871,0.34219033,-0.44551426,0.44936275,0.2030227,1
-0.83026236,0.59050715,0.32036555,-2.1821125,-0.43316698,-1.2717688,0.4552099,-0.64551425,0.24936275,0.06404495,1
-0.6049669,0.7587802,0.49948072,-2.152646,-0.22380884,-1.4126996,0.5170653,-0.8115796,0.4313276,-0.13049851,1
-0.774003,0.92189974,0.6725745,-1.8775356,-0.40750661,-1.5506656,0.6894826,-0.5880546,0.42099732,0.06682805,1
-0.54981023,1.0746144,0.45265666,-1.9659375,-0.19876072,-1.6768794,0.6110496,-0.37169904,0.21168281,0.25558192,1
-0.32250354,1.1751162,0.60170937,-1.9968612,0.0011425444,-1.7303675,0.37896246,-0.15829596,0.010770831,0.051243108,1
-0.10911213,1.2247962,0.5548994,-1.9567126,0.17915477,-1.7193506,0.50101286,-0.18322633,-0.1685437,0.22377862,1
-0.30911213,1.0247961,0.3548994,-1.8139374,-0.020845234,-1.9193506,0.34249273,0.01677367,0.031456307,0.023778617,1
-0.3931917,0.81392914,0.15285854,-1.829056,0.17679434,-2.0914276,0.5353452,0.2139176,-0.16632307,0.22083026,1
-0.29456735,0.5697567,-0.014864879,-1.8830646,0.34968382,-2.1265583,0.31121698,0.38413605,0.031253867,0.39055133,1
-0.49456733,0.7697567,-0.21486488,-1.6830646,0.5496838,-1.9265583,0.22158891,0.58413607,0.0042585228,0.19055133,1
-0.29456735,0.5697567,-0.4148649,-1.509789,0.7496838,-2.1265583,0.021588907,0.38413608,-0.19574147,0.32035333,1
-0.487506,0.5978126,-0.60608596,-1.5610987,0.54183555,-2.2933402,0.02361438,0.18150702,0.004197726,0.11863495,1
-0.27800578,0.77145004,-0.44000375,-1.3161231,0.7173227,-2.4109516,-0.17055723,-0.016975986,0.19745032,-0.07867647,1
-0.07093557,0.5804867,-0.5819958,-1.3374168,0.8341794,-2.374303,0.02677417,0.08337948,0.35431617,-0.25341812,1
0.12906444,0.7804867,-0.7819958,-1.1374167,0.6341794,-2.174303,-0.17322583,0.2833795,0.15431617,-0.45341814,1
0.32906443,0.9804867,-0.5819958,-0.93741673,0.43417943,-1.974303,-0.37322584,0.48337948,0.35431617,-0.6534181,1
0.5290644,1.1804867,-0.7819958,-1.1374167,0.6341794,-1.774303,-0.40949103,0.2833795,0.55431616,-0.8534181,1
0.32906443,1.3804867,-0.5819958,-1.2020825,0.43417943,-1.7168537,-0.20949103,0.38853207,0.75431615,-0.6534181,1
0.12753154,1.1664662,-0.7727081,-1.3854302,0.2313981,-1.8509142,-0.2232807,0.1862929,0.9118582,-0.84328216,1
0.18169807,0.96646625,-0.57270813,-1.4540938,0.031398103,-1.6509142,-0.1515938,0.3862929,1.1118582,-0.94873214,1
-0.018301934,0.77230847,-0.7727081,-1.6540939,-0.05170893,-1.4509141,0.0484062,0.5862929,0.91185826,-1.1487322,1
0.18169807,0.5723085,-0.57270813,-1.8540939,-0.25170892,-1.2509141,0.22254668,0.47623518,0.7118583,-1.3487322,1
0.31279483,0.710081,-0.34585127,-1.8384484,-0.1833103,-1.3463632,0.39209852,0.34216803,0.84615093,-1.4371327,1
0.48247024,0.85626245,-0.13722621,-1.5415571,-0.36064288,-1.4549176,0.18073858,0.13376078,0.9842858,-1.5403193,1
0.68247026,1.0562625,-0.3372262,-1.341557,-0.16064288,-1.3985789,0.3807386,0.3337608,1.1842858,-1.3403193,1
0.8207948,0.9511174,-0.12840627,-1.4424766,0.036827527,-1.1215426,0.54252183,0.12516358,1.2953136,-1.4413184,1
0.9288386,1.0474213,-0.29882246,-1.4945174,0.21549338,-1.2024941,0.31166646,0.026449692,1.3606113,-1.1294967,1
0.8066771,1.1082386,-0.44316563,-1.5054493,0.3691341,-1.2460089,0.45457655,-0.15418619,1.1592952,-1.1811563,1
0.6039646,1.3023894,-0.64029,-1.3321067,0.16837789,-1.041332,0.25343832,0.04560898,1.2980449,-1.374981,1
0.40396464,1.2527099,-0.44029003,-1.3789887,-0.03162211,-1.1157779,0.2624565,0.23484725,1.3482186,-1.326622,1
0.6039646,1.4527099,-0.51437795,-1.4181379,0.16837789,-0.91577786,0.062456504,0.43484724,1.1482185,-1.126622,1
0.7660253,1.4206307,-0.29954237,-1.5417775,-0.030129855,-1.063124,-0.13105278,0.60488856,0.9034718,-1.2640183,1
0.83329546,1.2206306,-0.18346682,-1.3734452,0.16987015,-1.263124,-0.20798397,0.80488855,0.7334988,-1.0640182,1
1.0332955,1.4206307,0.016533181,-1.2254555,0.17591648,-1.1154351,-0.007983968,0.60488856,0.5334988,-1.2640183,1
0.8332955,1.6206307,-0.18346682,-1.0254555,0.19124784,-1.0594645,0.055607095,0.49147072,0.4688565,-1.2038461,1
1.0332955,1.4206307,-0.22975034,-1.2254555,-0.008752167,-0.85946447,-0.14439291,0.69147074,0.26885653,-1.172272,1
0.8332955,1.2206306,-0.029750332,-1.0254555,0.19124784,-0.6594645,-0.21581495,0.49147075,0.06885652,-0.972272,1
1.0332955,1.0206306,0.17024967,-0.8254555,-0.008752167,-0.8289335,-0.015814945,0.69147074,0.26885653,-0.772272,1
0.8397208,0.8206306,-0.029750332,-1.0254555,-0.20875217,-0.6289335,0.18418506,0.89147073,0.13774219,-0.7904867,1
1.0397208,0.7793938,-0.07693209,-1.2254555,-0.008752167,-0.4289335,-0.015814945,0.69147074,0.19982976,-0.9904867,1
1.2397208,0.9793938,0.025583446,-1.0343177,0.19124784,-0.6289335,-0.21581495,0.49147075,-0.00017024577,-0.7904867,1
1.4129188,0.7793938,0.22558345,-1.2343178,0.39124784,-0.8289335,-0.015814945,0.29147077,-0.20017025,-0.9904867,1
1.2129188,0.9793938,0.42558345,-1.0343177,0.19124784,-0.9332126,-0.21581495,0.46790934,-0.1514513,-1.1904867,1
1.3433999,0.7793938,0.62558347,-1.2343178,0.39124784,-1.0168113,-0.015814945,0.57066065,0.0485487,-1.3904867,1
1.1011968,0.94324416,0.795111,-1.3813769,0.18418884,-1.1718986,0.17738676,0.7422154,-0.14586121,-1.5317817,1
0.9011968,1.1432441,0.690502,-1.1813768,-0.01581116,-0.9718986,-0.022613242,0.9422154,-0.20416339,-1.7317817,1
0.9771692,1.1919549,0.79020494,-0.8708446,0.1634437,-1.0399079,-0.19754037,1.0135679,-0.35864255,-1.7142056,1
1.0464305,1.2373617,0.88023084,-0.95191455,0.19929403,-1.1022015,0.002186459,0.7232115,-0.1410234,-1.7016103,1
1.0903662,1.2949833,0.9732281,-0.6774334,0.19168353,-0.96854955,-0.17821904,0.83176243,-0.30724317,-1.7132456,1
0.89036626,1.2406737,1.0747144,-0.6615865,0.24706696,-0.76854956,-0.37821904,0.63176244,-0.107243165,-1.9132457,1
0.7097734,1.4406737,1.2747145,-0.79390764,0.047066957,-0.5685496,-0.17821904,0.83176243,0.09275684,-1.7132456,1
0.79155475,1.5866227,1.3307123,-0.5743417,-0.14789476,-0.7432301,0.021063406,0.9800141,0.28062746,-1.4633925,1
0.99103445,1.3858951,1.5299093,-0.3741453,0.052077908,-0.6291468,-0.04221832,1.179395,0.4803753,-1.2627295,1
0.76897395,1.5416675,1.6816653,-0.5581334,-0.14379682,-0.8060234,-0.23546329,0.95208144,0.43920037,-1.0330919,1
0.56897396,1.7416675,1.4816653,-0.7581334,-0.34379682,-0.60602343,-0.4354633,0.75208145,0.6392004,-0.8330919,1
0.36897397,1.9416676,1.2816652,-0.5581334,-0.14379682,-0.40602344,-0.2354633,0.55208147,0.4392004,-1.0330919,1
0.15986025,2.0261555,1.4017507,-0.33881727,-0.24109505,-0.57333714,-0.4119763,0.71151745,0.6047247,-1.1665844,1
-0.036186684,2.006918,1.4440062,-0.18880245,-0.037047904,-0.69717693,-0.19110034,0.82174885,0.3648664,-1.2319998,1
0.16381332,1.8069179,1.2440062,-0.38880247,-0.23704791,-0.8971769,0.0004517883,1.0217489,0.1648664,-1.4319998,1
0.0500243,1.6069179,1.0440061,-0.58880246,-0.4370479,-1.0971769,-0.19954821,1.221749,0.33948642,-1.2319998,1
-0.06847706,1.4069178,1.2440062,-0.38880247,-0.2370479,-1.297177,-0.16467282,1.421749,0.16819544,-1.0319997,1
0.1170108,1.4296117,1.2846756,-0.5238344,-0.30679908,-1.3319795,-0.32443509,1.3173901,0.327569,-1.0960618,1
-0.075754106,1.4875402,1.1669363,-0.62766325,-0.09748822,-1.1357874,-0.47871426,1.3851023,0.48157492,-1.1604642,1
0.1211106,1.3218794,1.1332926,-0.80677754,-0.24592979,-1.279102,-0.6615872,1.1551967,0.2744695,-1.3261335,1
0.1028113,1.3151004,0.93329257,-0.60677755,-0.4459298,-1.0791019,-0.4615872,1.3551967,0.47446948,-1.5261335,1
0.27595684,1.3807355,0.8624168,-0.73522943,-0.2241198,-1.1656663,-0.6029151,1.0527494,0.6146549,-1.5730535,1
0.41921586,1.4132663,0.60042983,-0.4851443,-0.38443196,-1.2378715,-0.36521155,1.1355209,0.738422,-1.6071366,1
0.543162,1.3182707,0.7464448,-0.63893473,-0.17199293,-1.3408942,-0.52709085,1.2454467,0.7894462,-1.3122321,1
0.7059263,1.0905751,0.92300475,-0.8181573,0.02731344,-1.2421416,-0.31899,1.0195546,0.9649411,-1.4747796,1
0.50260633,1.282106,1.1156354,-0.9023831,0.22582176,-1.4305454,-0.118209146,0.8141765,0.7599214,-1.3011,1
0.29148343,1.4276283,1.2672766,-1.0618628,0.02487263,-1.1853143,0.07878447,0.59160125,0.5393404,-1.4459242,1
0.49148345,1.2276282,1.0672766,-0.96356535,-0.17512737,-1.0603827,0.27878448,0.39160126,0.73934036,-1.2459241,1
0.34525144,1.4235419,0.8672766,-1.0546587,-0.37512738,-0.86038274,0.4787845,0.19160126,0.93934035,-1.4232571,1
0.14525144,1.623542,1.0672766,-0.85465866,-0.17512737,-0.7631055,0.6787845,0.39160126,0.73934036,-1.6232572,1
-0.053691644,1.6055981,0.85053384,-1.0342984,-0.36788553,-0.6319944,0.7609247,0.1879024,0.5289284,-1.7880592,1
0.14320993,1.6525369,0.83614844,-1.2081593,-0.36559123,-0.814375,0.5984762,0.097288005,0.7134916,-1.5544283,1
0.16259556,1.7009224,0.9503122,-1.2929133,-0.15203898,-0.9313569,0.7331276,0.27295747,0.47146666,-1.3345052,1
-0.037404448,1.5009223,1.1503122,-1.1030921,-0.021738455,-1.131357,0.9331276,0.07295747,0.67146665,-1.1345052,1
-0.23740445,1.7009224,0.9503122,-1.3030921,-0.22173846,-0.96215355,0.7331276,0.27295747,0.47146666,-0.93450516,1
-0.43740445,1.9009224,1.1503122,-1.1030921,-0.021738455,-0.76215357,0.5331276,0.4729575,0.27146667,-1.1345052,1
-0.35495317,1.7009224,1.3503122,-1.2037873,-0.22173846,-0.5621536,0.33312762,0.2729575,0.07146667,-0.93450516,1
-0.55495316,1.9009224,1.1503122,-1.2931154,-0.42173845,-0.76215357,0.13312761,0.0729575,0.27146667,-0.79648674,1
-0.4643045,1.9321755,1.2418547,-1.3731879,-0.5718002,-0.88487303,0.10353847,-0.1168384,0.43359828,-0.5485767,1
-0.5952447,1.9105188,1.2919624,-1.4096425,-0.33314857,-0.613675,0.2719832,0.07451629,0.56773067,-0.67075616,1
-0.35364455,1.888383,1.3349309,-1.4402249,-0.4770338,-0.7280343,0.42230618,0.24562299,0.34768635,-0.57922417,1
-0.14865594,1.6335636,1.3050592,-1.5869691,-0.65505147,-0.5108898,0.6021008,0.43115425,0.52990377,-0.7539239,1
-0.32539693,1.7112457,1.4046559,-1.4267491,-0.4992694,-0.42503366,0.7485922,0.21573383,0.35723627,-0.8902871,1
-0.49079704,1.7853811,1.1253235,-1.4371449,-0.65321916,-0.5838722,0.8861228,0.014697676,0.5205396,-0.6448284,1
-0.27190498,1.488335,1.2392218,-1.5307852,-0.79778844,-0.7329467,1.0155612,0.001608073,0.6737286,-0.4159294,1
-0.30231714,1.6395584,1.0786421,-1.6807822,-0.58291364,-0.5175497,1.0562181,-0.14064844,0.46149507,-0.5253116,1
-0.5006857,1.4348829,1.2744893,-1.4759728,-0.5085959,-0.31651834,1.2521381,0.0591588,0.65934664,-0.7229559,1
-0.2837958,1.5430495,1.3916653,-1.2042997,-0.29126167,-0.48750484,1.3705697,-0.13292997,0.811076,-0.5243272,1
-0.07944325,1.503011,1.5089905,-1.2331485,-0.46574438,-0.6517942,1.1097676,0.063586265,0.76680917,-0.686704,1
-0.016539423,1.6946356,1.7005858,-1.0280674,-0.26443747,-0.84760505,0.90529335,-0.13574286,0.56402165,-0.4843104,1
0.16827282,1.7377886,1.5228353,-1.126402,-0.05910302,-0.5939932,1.0137919,-0.30794844,0.7007722,-0.62765986,1
0.26067176,1.807542,1.4120711,-0.8762176,-0.24506707,-0.6761065,1.1480392,-0.4804322,0.47364473,-0.7828244,1
0.06067176,2.007542,1.2120711,-0.86395603,-0.4346518,-0.47610652,0.94803923,-0.28043222,0.6736447,-0.65681154,1
0.26067176,1.8075418,1.4120711,-0.85721725,-0.23465179,-0.27610654,1.1296806,-0.25078148,0.47364473,-0.68200797,1
0.46067178,1.6911495,1.2120711,-1.0572172,-0.034651786,-0.07610653,1.3296807,-0.050781474,0.6736447,-0.88200796,1
0.2393251,1.7362813,1.1579672,-1.1542624,-0.2154359,0.08420587,1.4044136,-0.23024471,0.43485746,-0.9934012,1
0.21977589,1.5362812,0.9579672,-1.3542625,-0.4154359,-0.11579413,1.2044135,-0.13251485,0.23485745,-1.0981607,1
0.018790886,1.5511695,1.1002913,-1.4768479,-0.3279192,0.04431281,1.3344626,-0.31595296,0.2304905,-1.0763656,1
0.08309263,1.4191415,1.1765728,-1.5840414,-0.5279192,-0.1556872,1.1344626,-0.11595295,0.030490503,-0.8763656,1
0.26559618,1.5190711,0.9162161,-1.6737794,-0.5007756,-0.33370408,1.2519866,0.07885255,-0.15903303,-1.0098412,1
0.42545122,1.5708482,1.0199729,-1.346706,-0.6403528,-0.28226393,1.3267925,0.15823255,0.011799078,-1.1055255,1
0.21858066,1.7168822,1.1827947,-1.4503404,-0.4269332,-0.4675671,1.0924538,0.307853,0.20534457,-0.8779299,1
0.40775508,1.8673067,0.9573771,-1.2180033,-0.6107191,-0.3716183,1.1498023,0.105063654,0.0052063456,-1.0500519,1
0.19423169,1.9327397,0.7080772,-1.1825606,-0.38398418,-0.32103643,1.2619398,0.28520617,0.19184887,-1.1686825,1
-0.005756017,1.8870536,0.50699407,-1.3796133,-0.51817966,-0.1207784,1.0596758,0.08502452,-0.008133752,-1.3657647,1
0.18581185,1.9964545,0.67630345,-1.1284062,-0.68700343,-0.1722132,1.2049934,-0.1099844,-0.19909868,-1.1151588,1
-0.013214703,1.8648955,0.81618005,-1.2372639,-0.8261459,-0.34667554,1.3085965,-0.2887163,0.0008394863,-0.85236955,1
-0.043972388,1.927601,1.0066311,-1.2592348,-0.6202621,-0.5415385,1.1615055,-0.15453438,0.17674462,-0.7753961,1
-0.22828044,1.9907568,1.1290225,-1.365379,-0.39323145,-0.6938438,0.89966285,-0.33173126,-0.021759626,-0.5383875,1
-0.027345264,2.1183133,1.2850746,-1.1268424,-0.3608022,-0.47751346,0.67652655,-0.51414806,-0.02871849,-0.7139706,1
0.17265473,1.9364522,1.0850745,-1.3268424,-0.1608022,-0.6775135,0.47652656,-0.31414807,0.11980869,-0.9139706,1
0.37265474,1.7364521,0.88507456,-1.1652459,-0.12906337,-0.6051778,0.27652657,-0.51414806,0.3198087,-0.9739285,1
0.17265473,1.536452,0.86026174,-0.9652459,-0.32906336,-0.8051778,0.47652656,-0.71414804,0.5198087,-0.7739285,1
-0.02734527,1.7364521,0.66026175,-0.8568189,-0.52906334,-0.6051778,0.61491907,-0.51414806,0.31980872,-0.9739285,1
0.17265473,1.9364522,0.46026176,-0.6568189,-0.32906336,-0.5599687,0.41491908,-0.71414804,0.11980872,-0.7739285,1
-0.02734527,1.7364521,0.66026175,-0.5147793,-0.12906335,-0.7599687,0.61491907,-0.51414806,0.31980872,-0.9739285,1
-0.22734527,1.9364522,0.86026174,-0.31477934,-0.32906336,-0.5599687,0.81491905,-0.31414807,0.11980872,-1.1739285,1
-0.02734527,2.0420818,0.66026175,-0.19282284,-0.52906334,-0.49589607,1.014919,-0.114148065,0.05010198,-0.9739285,1
-0.22734527,2.1612442,0.46026176,-0.27446356,-0.32906336,-0.6958961,1.2149191,-0.31414807,0.25010198,-1.1739285,1
-0.3823935,1.9786412,0.26026177,-0.07446356,-0.52906334,-0.8958961,1.014919,-0.51414806,0.35296485,-1.3739285,1
-0.57463795,2.1496289,0.059459284,-0.2708086,-0.4449764,-0.68662906,0.804067,-0.30996466,0.38501453,-1.5529691,1
-0.36063156,1.876739,-0.13528639,-0.45320675,-0.50458556,-0.8534811,0.96652853,-0.20573291,0.5631429,-1.6874318,1
-0.5606316,1.676739,0.06471361,-0.28608733,-0.664884,-0.88630545,1.1665286,-0.40573293,0.3631429,-1.4874318,1
-0.73382366,1.5570287,-0.0886743,-0.083053246,-0.44849947,-1.0480194,1.3183663,-0.19848202,0.5432953,-1.6279595,1
-0.85107994,1.6013429,-0.26309562,0.10658441,-0.33639145,-0.7728786,1.3838278,-0.36317354,0.31287682,-1.6659887,1
-0.57126606,1.5805218,-0.40632612,-0.08196406,-0.47063684,-0.8508013,1.3896712,-0.4941358,0.4500048,-1.6372428,1
-0.33884954,1.6250584,-0.5533857,0.10772982,-0.41093862,-0.59397763,1.4508716,-0.6335284,0.29446387,-1.676827,1
-0.49319375,1.6704245,-0.6499561,0.28165644,-0.55917484,-0.7267053,1.1448874,-0.39679632,0.4525688,-1.7178067,1
-0.2594034,1.6548595,-0.39809904,0.0722456,-0.6716805,-0.81990325,1.1898903,-0.52801603,0.57736075,-1.696781,1
-0.053558834,1.672364,-0.2747216,0.24545993,-0.42527288,-0.9195572,1.253142,-0.6563881,0.6177634,-1.6295164,1
0.14644116,1.472364,-0.07472159,0.045459926,-0.41572034,-0.7195572,1.053142,-0.8563881,0.4177634,-1.719643,1
-0.05355884,1.672364,-0.2747216,0.24545993,-0.21572034,-0.8128683,0.85314196,-0.6563881,0.43005127,-1.919643,1
0.14644116,1.872364,-0.07472159,0.44545993,-0.2013043,-0.6128683,1.053142,-0.45638812,0.5838632,-1.719643,1
0.31391332,1.877787,0.11351585,0.22241336,-0.0011818362,-0.37410355,1.1354828,-0.5947589,0.71026516,-1.7394052,1
0.113199405,2.0647652,0.311551,0.41976604,-0.19992101,-0.57050556,0.92962,-0.78977805,0.50706726,-1.5297575,1
0.15561612,2.101609,0.10351474,0.20393384,7.330045e-05,-0.34381393,1.0401891,-0.5472898,0.6561293,-1.6051438,1
0.35561612,2.301609,-0.096485265,0.003933832,-0.17800435,-0.14381392,0.84018916,-0.7472898,0.4561293,-1.4051437,1
0.5438293,2.0570254,-0.29019564,0.19960758,-0.10062737,0.054994147,1.0181226,-0.6467996,0.6422102,-1.5710922,1
0.320494,2.1038435,-0.45692658,0.37248665,0.092628315,-0.13516445,0.76259744,-0.4164758,0.7850503,-1.6508901,1
0.12049399,1.9038434,-0.3463886,0.54264694,-0.0569548,-0.33516446,0.9625974,-0.2164758,0.98505026,-1.4508901,1
-0.07950601,1.7038434,-0.1463886,0.34926456,-0.2569548,-0.39598465,0.76259744,-0.4164758,0.7850503,-1.5612662,1
0.12049399,1.7538694,-0.24187046,0.54926455,-0.056954786,-0.59598464,0.5719925,-0.6164758,0.98505026,-1.7612662,1
0.3144587,1.9170756,-0.43354946,0.3426875,-0.12935354,-0.38852775,0.36498743,-0.568564,0.7702668,-1.9243332,1
0.19233796,1.7970778,-0.40734366,0.14545213,-0.32375148,-0.5785173,0.5553774,-0.75549126,0.95376325,-1.8215544,1
0.39233798,1.5970777,-0.20734365,0.34545213,-0.5237515,-0.7785173,0.35537744,-0.95549124,0.75376326,-1.6215544,1
0.37941232,1.7970778,-0.19236243,0.24182582,-0.44771385,-0.7026028,0.27871943,-1.1554912,0.71818906,-1.4215543,1
0.42872643,1.8720686,0.0071594934,0.039207686,-0.6071695,-0.8461034,0.0737919,-1.210278,0.66681606,-1.5200515,1
0.21319428,1.8301793,-0.17974527,0.22296378,-0.37951982,-0.60222846,0.2551995,-1.3145102,0.80795306,-1.6032479,1
0.2686521,1.6301793,0.020254731,0.022963777,-0.5795198,-0.80222845,0.05519949,-1.1145102,0.6079531,-1.8032479,1
0.45955077,1.7946367,0.21597733,0.21863377,-0.7643813,-0.98276496,-0.14198846,-0.89675015,0.7922624,-1.5721123,1
0.5590556,1.5833249,0.4130265,0.018501585,-0.9575403,-1.1743748,0.057600033,-0.8087496,0.9852236,-1.4441286,1
0.35905564,1.6515219,0.6130265,-0.18149842,-0.7575403,-1.1016589,-0.14239997,-1.0087496,0.7852236,-1.4110444,1
0.4149407,1.4196318,0.7951643,-0.099171534,-0.93650305,-0.88184947,0.056334563,-1.1821934,0.79512566,-1.5756497,1
0.5482494,1.4439802,0.88723713,0.08989346,-1.0132475,-0.96452117,0.22853468,-1.2322923,0.8872027,-1.2264583,1
0.34824944,1.2439802,1.0872371,-0.11010654,-0.9339547,-0.7645212,0.02853468,-1.0322922,1.0872027,-1.4264584,1
0.53220934,1.0134364,0.8612793,0.08726345,-1.1007787,-0.93630224,-0.16644877,-0.9278537,1.2126209,-1.5788732,1
0.72501975,1.0726951,0.65478617,0.2844428,-0.8919339,-1.1251448,0.03322179,-0.7207069,1.0627543,-1.7614064,1
0.8394417,1.1217788,0.77570575,0.0766306,-0.6279198,-1.133853,0.21164533,-0.4725338,1.1459309,-1.7799473,1
0.58543587,1.131167,0.89329976,0.253267,-0.7579955,-1.2211987,0.010661793,-0.58960736,1.2322565,-1.6073292,1
0.38543588,0.93116707,0.6932998,0.053266987,-0.9579955,-1.0211986,-0.1893382,-0.78960735,1.0322565,-1.4073292,1
0.18543588,0.8315721,0.76080763,-0.14673302,-0.7579955,-1.2211987,-0.3893382,-0.98960733,1.2322565,-1.6073292,1
0.38543588,0.6315721,0.9608076,-0.34673303,-0.6036779,-1.0407395,-0.5893382,-1.1896074,1.4322566,-1.4300139,1
0.18543588,0.8315721,0.76080763,-0.14673303,-0.49136373,-1.2407396,-0.3893382,-1.3896074,1.2322565,-1.298593,1
0.36919695,0.9881106,0.92032754,-0.3321247,-0.6622357,-0.9968918,-0.37558424,-1.5226352,0.9887662,-1.4354554,1
0.16919695,0.7881106,0.72032756,-0.5321247,-0.4622357,-1.1968918,-0.57558423,-1.7226353,0.7887662,-1.249407,1
0.36919695,0.9881106,0.52032757,-0.3321247,-0.2622357,-0.9968918,-0.5507757,-1.5338324,0.5887662,-1.4494071,1
0.2259763,1.1881106,0.72032756,-0.22121213,-0.4622357,-1.1968918,-0.35077572,-1.3338324,0.38876623,-1.6494071,1
0.3982637,1.3569931,0.8996964,-0.020736614,-0.6473902,-0.9745443,-0.53842884,-1.108415,0.18453462,-1.8079487,1
0.18135306,1.0583088,1.0058993,-0.20190918,-0.6148475,-1.0743631,-0.67544556,-1.1968156,-0.0141462805,-1.8366834,1
-0.01864694,1.2583089,0.8058993,-0.122325726,-0.81484747,-0.8743631,-0.5802596,-1.3968157,-0.21414629,-1.7084477,1
-0.21864694,1.3513348,0.62785,-0.32232574,-0.72088325,-0.67436314,-0.38025963,-1.3490975,-0.25467482,-1.5084476,1
-0.01864694,1.1513348,0.42785,-0.15922986,-0.52088326,-0.47436315,-0.33746392,-1.5430093,-0.05467482,-1.3084476,1
-0.21864694,1.3513348,0.55565643,0.040770143,-0.3235009,-0.6477423,-0.5374639,-1.7430093,0.14532518,-1.120748,1
-0.01864694,1.2147471,0.35565645,0.24077015,-0.1235009,-0.44774228,-0.7374639,-1.5430093,-0.05467482,-1.3207481,1
-0.21864694,1.014747,0.15565644,0.44077015,-0.3235009,-0.6477423,-0.9374639,-1.7430093,0.14532518,-1.120748,1
-0.41864693,1.2147471,0.35565645,0.2744319,-0.1235009,-0.84774226,-0.7374639,-1.9430094,0.34532517,-0.92074805,1
-0.6186469,1.1193705,0.5142176,0.07443191,-0.3235009,-1.0288026,-0.7852622,-1.86835,0.4928766,-1.120748,1
-0.776098,1.1277393,0.29788628,0.13218471,-0.49629214,-1.1649361,-0.6147738,-1.9608483,0.6568646,-0.8728925,1
-0.9239267,0.8781528,0.47127488,-0.06419064,-0.28045568,-1.2919819,-0.39260465,-2.0453537,0.8110662,-0.6369272,1
-0.7073912,1.0535263,0.26507857,0.12724799,-0.36636364,-1.0670395,-0.18820529,-2.1940668,0.8608788,-0.6632971,1
-0.4492971,1.110003,0.41182908,0.012892527,-0.5015174,-1.1162574,-0.34375745,-2.1199565,0.93941283,-0.63547206,1
-0.23695965,1.0128758,0.37112814,-0.17784773,-0.6668001,-1.2511173,-0.45902166,-2.2051444,0.7028201,-0.41392103,1
-0.036959648,0.8128758,0.57112813,-0.37784773,-0.4668001,-1.4511174,-0.6590217,-2.063326,0.56134397,-0.21392103,1
-0.23695965,1.0128758,0.37112814,-0.5778477,-0.2668001,-1.2511173,-0.85902166,-1.8633258,0.6105015,-0.41392103,1
-0.20890349,0.8128758,0.57112813,-0.6022593,-0.0668001,-1.0511173,-0.6686064,-1.8398935,0.7987051,-0.4837127,1
-0.0089034885,0.6777386,0.7711281,-0.5847714,-0.2668001,-1.2511173,-0.8686064,-2.0398934,0.5987051,-0.2837127,1
0.17544591,0.8058528,0.5243533,-0.64041734,-0.42856967,-1.3322724,-0.9505317,-2.0564485,0.733292,-0.0768567,1
0.34984586,0.997421,0.72091675,-0.43832785,-0.6255875,-1.1269004,-0.74697095,-2.1433723,0.5307619,-0.2755432,1
0.26626012,0.7541598,0.8709557,-0.60369766,-0.7807982,-0.87661475,-0.517297,-2.2162411,0.691117,-0.4497443,1
0.06443221,0.53887236,1.0414115,-0.39256096,-0.5647759,-1.0469145,-0.30854383,-2.3495848,0.4775687,-0.4560705,1
0.25582168,0.32783785,0.8140131,-0.1862907,-0.3528979,-1.206312,-0.49198443,-2.4665642,0.2685304,-0.3897873,1
0.0870294,0.12783785,0.61401314,-0.18153054,-0.15289791,-1.0063119,-0.29198444,-2.2665641,0.068530396,-0.18978728,1
0.24257497,-0.07216215,0.8140131,0.018469468,-0.3528979,-1.206312,-0.49198443,-2.2298608,-0.1314696,-0.3897873,1
0.042574972,0.12783785,1.0140132,0.17786889,-0.23292655,-1.406312,-0.6919844,-2.0298607,0.047316834,-0.18978728,1
0.23705807,-0.07052096,1.1864028,-0.021627786,-0.16806176,-1.5697795,-0.48079517,-2.1791468,0.24169208,0.00998045,1
0.034677446,-0.2531426,1.2973399,-0.20739034,0.029886516,-1.2817844,-0.6370607,-2.2263095,0.41331765,-0.17781262,1
-0.15693077,-0.050445072,1.421335,-0.3867112,-0.16147852,-1.406569,-0.79457146,-1.9234539,0.5821856,-0.35863483,1
-0.34842542,-0.18725763,1.3122133,-0.57273036,-0.35286477,-1.5682858,-0.9708716,-1.6823854,0.37307847,-0.545323,1
-0.140725,0.012081287,1.0545108,-0.73264056,-0.5241818,-1.676546,-0.7308783,-1.784726,0.16409902,-0.7066551,1
0.059275,0.20416324,0.85451084,-0.93264055,-0.7241818,-1.876546,-0.5308783,-1.584726,-0.03590098,-0.5066551,1
-0.13134763,0.37723136,0.61089677,-1.0571657,-0.48925233,-1.9381729,-0.30882987,-1.6657988,-0.22018145,-0.65956634,1
0.06865238,0.17723136,0.539373,-0.85716575,-0.28925234,-1.7381729,-0.5088299,-1.4657987,-0.42018145,-0.85956633,1
-0.13134763,-0.022768646,0.73937297,-0.65716577,-0.38994318,-1.9381729,-0.3088299,-1.6657988,-0.54254794,-0.82415134,1
-0.0793522,0.08083504,0.80993706,-0.85716575,-0.18994318,-2.1381729,-0.1088299,-1.4657987,-0.34254795,-0.6896626,1
-0.2793522,0.28083503,0.7336751,-1.0571657,-0.38994318,-1.9381728,-0.06415716,-1.6657988,-0.14254795,-0.6033692,1
-0.08450936,0.44485906,0.5625087,-1.163105,-0.17573167,-1.9781953,-0.244393,-1.7262002,0.053153504,-0.3731892,1
0.110848255,0.6189376,0.67296076,-0.924391,-0.36062834,-2.090638,-0.42652968,-1.5009348,0.24297746,-0.5501486,1
-0.08915175,0.7772815,0.87296075,-0.724391,-0.16062833,-1.9985148,-0.6265297,-1.3009348,0.44297746,-0.7501486,1
0.10588151,0.6008663,1.0248849,-0.88297206,-0.34446976,-2.1000066,-0.5524151,-1.2707496,0.23209043,-0.5433229,1
0.3058815,0.6766377,0.82488495,-1.0473491,-0.14446975,-1.9000065,-0.35241508,-1.0707495,0.032090425,-0.7433229,1
0.46529981,0.8214268,0.5855295,-1.1454014,-0.2599934,-1.9677476,-0.5176238,-1.1907173,0.2174733,-0.88391215,1
0.24166025,0.86273646,0.71553487,-1.2255194,-0.054647688,-1.8138742,-0.557156,-1.2667975,0.015916336,-0.98733014,1
0.44166026,0.75493616,0.91553485,-1.0255194,-0.2546477,-1.6138742,-0.757156,-1.4667976,-0.18408367,-0.8917051,1
0.6416603,0.755154,1.1155349,-1.0057408,-0.0546477,-1.4138741,-0.557156,-1.2667975,0.015916333,-1.0917051,1
0.7810679,0.5151877,1.2208277,-1.1189377,-0.23631525,-1.497689,-0.33144385,-1.3612007,0.2003722,-1.0393671,1
0.5810679,0.6347822,1.0208277,-1.3189378,-0.3213972,-1.297689,-0.13144384,-1.37443,0.0003722012,-1.2393671,1
0.38063318,0.60113984,1.2194349,-1.5172049,-0.12125868,-1.0964366,0.06847794,-1.17309,0.2001436,-1.4377251,1
0.17064017,0.7568191,1.3409089,-1.2443343,-0.303486,-0.8468439,0.15308219,-1.2971278,0.37800685,-1.5471228,1
0.2982994,0.88910574,1.43186,-1.3421199,-0.096162364,-0.60106725,0.3280948,-1.3911773,0.53710175,-1.2517879,1
0.22999871,0.68910575,1.5567404,-1.1421199,-0.29616237,-0.57578963,0.32178926,-1.5911773,0.33710176,-1.1920416,1
0.028606134,0.7641242,1.6751907,-1.2798173,-0.46942812,-0.59324557,0.49756724,-1.3265973,0.13073735,-1.1722928,1
0.22829832,0.7303499,1.8726659,-1.0783633,-0.66852677,-0.39271608,0.2971666,-1.451781,-0.069169395,-0.9709837,1
0.027749034,0.52005553,2.0324345,-1.2535497,-0.45943245,-0.5812112,0.4875163,-1.2274833,-0.2639447,-0.8146513,1
0.20530719,0.649103,2.0124557,-1.3103204,-0.23386858,-0.34364757,0.3177314,-1.2868226,-0.057643726,-0.91467,1
0.0049881395,0.422105,2.0794532,-1.419527,-0.16713291,-0.13501215,0.48660782,-1.0214878,-0.24215539,-1.0476613,1
-0.19047634,0.32542706,2.2264385,-1.1911637,0.032102678,-0.32722053,0.27994198,-1.1930789,-0.4318719,-0.82794666,1
0.00952366,0.12542705,2.1087136,-0.9911637,0.23210268,-0.52722055,0.1834847,-0.9930789,-0.39242485,-0.6279467,1
-0.19047634,0.22051482,1.9087136,-1.1911637,0.43210268,-0.72722054,-0.0165153,-0.7930789,-0.59242487,-0.4279467,1
0.00952366,0.42051482,2.1087136,-1.1472255,0.23210268,-0.52722055,-0.2165153,-0.5930789,-0.4574202,-0.22794668,1
0.20952366,0.22051482,2.3087137,-0.9472255,0.3117165,-0.72722054,-0.4165153,-0.719844,-0.25742018,-0.02794668,1
0.00952366,0.020514816,2.5087137,-0.7472255,0.20458299,-0.9272205,-0.6165153,-0.519844,-0.45742017,-0.22794668,1
0.19300354,0.20312808,2.4951422,-0.6567158,0.004221636,-1.0383435,-0.75213623,-0.66308707,-0.42455655,-0.025743194,1
-0.0061590336,0.0027536696,2.3725505,-0.7541722,-0.17234491,-1.0901215,-0.8381714,-0.7597809,-0.549801,0.045136604,1
0.19384097,0.20275368,2.397206,-0.5541722,0.027655095,-1.2901216,-0.63817143,-0.5597809,-0.44412315,-0.1548634,1
-0.0060113682,0.39309728,2.3104374,-0.7360902,-0.16821277,-1.4543945,-0.7224163,-0.3511548,-0.23827006,-0.3463552,1
0.19398864,0.19309728,2.1104374,-0.9360902,0.03178723,-1.2543944,-0.5224163,-0.32207796,-0.038270056,-0.1463552,1
0.39398864,0.39309728,1.9104373,-0.7360902,0.14282763,-1.0543944,-0.7224163,-0.522078,0.16172995,-0.3463552,1
0.23149131,0.59309727,2.08503,-0.7677365,0.042504713,-0.8543944,-0.5224163,-0.322078,0.29544163,-0.5463552,1
0.43149132,0.79309726,1.8971301,-0.9677365,0.24250472,-1.0543944,-0.7224163,-0.41284287,0.49544162,-0.7463552,1
0.6314913,0.59309727,1.6971301,-1.1677365,0.4425047,-0.96330196,-0.92241627,-0.61284286,0.6954416,-0.80807793,1
0.43149132,0.79309726,1.49713,-1.2456855,0.2425047,-1.0722332,-0.7224163,-0.41284287,0.49544162,-0.93312204,1
0.329655,0.59309727,1.6971301,-1.0456854,0.042504698,-0.96885425,-0.5515593,-0.21284287,0.29544163,-1.1331221,1
0.12595078,0.77043873,1.8429297,-1.2100966,0.23310716,-1.1354604,-0.3415154,-0.40104806,0.481287,-1.2950352,1
0.32193205,0.56340563,1.6226734,-1.204262,0.27409717,-1.3189951,-0.1397706,-0.19856927,0.66439426,-1.4766024,1
0.47577098,0.695888,1.6614714,-1.0435984,0.06754382,-1.3846512,0.054902557,0.0013041969,0.423322,-1.5283192,1
0.64399415,0.4725698,1.7056553,-1.1851206,0.25496307,-1.510136,-0.13827452,-0.18935251,0.2128207,-1.2658575,1
0.7973518,0.635401,1.8003415,-1.240479,0.051925596,-1.2377328,0.058314294,0.010059069,0.0121121695,-1.2814647,1
0.9275983,0.6303522,1.8604403,-0.96770924,0.21328267,-1.1488088,-0.1317764,-0.15654175,0.19727734,-1.377853,1
0.7275983,0.612057,1.6604402,-1.1677092,0.4132827,-1.3488089,-0.3317764,-0.35654175,-0.0027226657,-1.177853,1
0.9275983,0.41205698,1.5678533,-0.99349475,0.21328269,-1.3166828,-0.1317764,-0.15654175,-0.08025426,-1.377853,1
0.8500104,0.2422107,1.7678534,-0.8727619,0.0132826865,-1.1166828,0.068223596,-0.35654175,0.119745746,-1.5582671,1
1.0333323,0.041540235,1.880224,-0.66207594,0.20989496,-0.90212244,0.18180119,-0.15405528,0.21948239,-1.7303393,1
0.83333236,0.24154024,1.7391005,-0.8620759,0.009894952,-1.0023202,0.3818012,-0.3540553,0.01948239,-1.5303392,1
1.0333323,0.44154024,1.8574597,-0.99447644,-0.19010505,-1.0103863,0.5818012,-0.15405528,0.21948239,-1.3303392,1
1.1266669,0.24030232,1.879519,-1.0911715,0.003386091,-1.1057055,0.71418667,-0.062473413,0.38320324,-1.0325811,1
1.0196022,0.43594667,1.6629045,-1.2783988,-0.19466892,-0.9611673,0.90514314,-0.2598769,0.18139091,-1.2203879,1
1.1935335,0.23090339,1.8230855,-1.0553483,0.005217134,-0.74489754,0.74079543,-0.22039618,-0.018211327,-1.3900276,1
1.2029864,0.026752727,1.7513634,-1.0867416,-0.16862144,-0.8179876,0.81443644,-0.15345104,0.1573725,-1.3764699,1
1.0029863,-0.17324728,1.5513633,-1.1939318,-0.36862144,-0.6415469,0.7657802,0.046548963,0.35737252,-1.1764698,1
0.8029863,-0.37324727,1.3513633,-0.99393183,-0.16862144,-0.8415469,0.5657802,-0.15345104,0.15737252,-1.3764699,1
0.8795904,-0.57324725,1.1513633,-1.1463128,-0.36862144,-1.041547,0.36578023,0.046548963,0.06095808,-1.5764699,1
0.6795904,-0.37324727,1.0073148,-1.3463129,-0.16862144,-0.84154695,0.16578023,0.24654897,0.26095808,-1.5180653,1
0.47959042,-0.17324726,1.2073148,-1.1463128,0.031378567,-0.64154696,0.19717959,0.04816705,0.46095806,-1.7180654,1
0.6795904,0.02675274,1.4073149,-0.94631284,-0.16862144,-0.44154698,0.3971796,-0.15183295,0.26095808,-1.8965391,1
0.8795904,0.22675274,1.2073148,-1.1463128,0.031378567,-0.24154697,0.5971796,-0.35183296,0.060958073,-2.096539,1
0.6795904,0.42675275,1.0073148,-1.3463129,0.23137857,-0.34400454,0.76550776,-0.551833,-0.094059765,-1.896539,1
0.8237206,0.21234986,1.1306286,-1.4480942,0.4039783,-0.5094505,0.52958786,-0.5772563,0.09921113,-1.963371,1
0.6237206,0.012349859,0.9306286,-1.6480943,0.6039783,-0.3590477,0.32958788,-0.37725633,0.29921114,-1.763371,1
0.47766986,-0.15629569,0.7306286,-1.8480943,0.43086016,-0.5590477,0.12958787,-0.34853643,0.49921113,-1.963371,1
0.5988843,0.038623273,0.8224342,-1.8099838,0.55751663,-0.317305,-0.06222605,-0.48476383,0.6179212,-1.9118586,1
0.7921007,0.23659706,0.61714894,-1.9929165,0.35448086,-0.51291245,0.13660409,-0.2823458,0.4143725,-1.8180177,1
0.9832636,0.11480566,0.41343322,-1.783025,0.4383953,-0.3101252,-0.06283122,-0.08161231,0.6089,-2.0000424,1
0.77847064,0.3128793,0.21212716,-1.573338,0.2369365,-0.44178033,0.13632941,-0.27988905,0.80395013,-2.18658,1
0.8708161,0.10045994,0.3667836,-1.5782297,0.38886333,-0.57116956,-0.056665346,-0.25299662,0.7417561,-2.1240008,1
1.0708162,0.30045995,0.5667836,-1.7716509,0.18886332,-0.37116957,0.14333466,-0.28807414,0.56158537,-1.9240007,1
0.88378334,0.4788166,0.35092133,-1.8487786,-0.010655053,-0.41772828,0.1324122,-0.084265195,0.3459479,-2.032144,1
0.65788966,0.65311104,0.53005886,-1.6737541,-0.20267792,-0.594336,0.08571904,-0.27350056,0.5252738,-2.0750508,1
0.43678465,0.4322263,0.4492727,-1.7873893,-0.0025544872,-0.3761603,0.2725497,-0.451676,0.3102813,-2.1701894,1
0.21686776,0.21269283,0.3321015,-1.8202221,-0.18551683,-0.5276972,0.43280166,-0.23050655,0.46735954,-2.1708233,1
0.016867757,0.012692824,0.5321015,-1.6202221,-0.38551682,-0.7276972,0.23280166,-0.43050656,0.26735955,-2.0464582,1
0.21686776,-0.18730718,0.7321015,-1.8202221,-0.18551682,-0.9276972,0.032801658,-0.6305066,0.2870354,-1.8464582,1
0.31168693,0.012002728,0.5031717,-1.9103848,-0.36455667,-0.68813306,-0.15810794,-0.78535277,0.082303375,-1.9351944,1
0.5116869,0.21200272,0.6481802,-1.7103847,-0.56455666,-0.48813307,-0.35810792,-0.5853528,0.003321752,-1.7351943,1
0.6749582,0.39074016,0.732091,-1.8117938,-0.7250995,-0.52688235,-0.52930516,-0.36546555,-0.1865281,-1.8224447,1
0.7666412,0.16712713,0.8167011,-1.7627401,-0.8105751,-0.39854094,-0.6390195,-0.49546272,0.0118041225,-1.7720726,1
0.9257069,0.36712712,0.6167011,-1.5627401,-0.61057514,-0.19854094,-0.4390195,-0.6954627,-0.08102834,-1.5720725,1
1.1257069,0.5671271,0.8167011,-1.7627401,-0.8105751,-0.39854094,-0.2390195,-0.7049551,0.07615638,-1.3720725,1
0.9257069,0.7671271,1.0167011,-1.5627401,-0.9353098,-0.20106168,-0.4390195,-0.5049551,-0.123843625,-1.1720724,1
0.72570693,0.5671271,0.8167011,-1.36274,-0.91814697,-0.10967853,-0.27342144,-0.33157188,0.07615638,-0.9720724,1
0.52570695,0.6096146,0.6167011,-1.5013529,-1.118147,0.090321474,-0.47342145,-0.13157187,0.27615637,-1.1720724,1
0.72570693,0.8096146,0.8167011,-1.701353,-0.918147,0.29032147,-0.32479054,-0.33157188,0.47615635,-1.3070679,1
0.7665271,0.91907346,1.0027167,-1.6256958,-0.7082691,0.47025263,-0.51757216,-0.5242602,0.666856,-1.4863386,1
0.88398594,0.6637996,0.7410133,-1.6853579,-0.8384521,0.6187315,-0.6624137,-0.6685876,0.53169924,-1.4608457,1
0.68398595,0.4637996,0.5410133,-1.885358,-0.6384521,0.4187315,-0.46241373,-0.46858764,0.7316992,-1.5127718,1
0.8605576,0.57248807,0.72139746,-1.6407437,-0.48096806,0.21294133,-0.64487857,-0.65088904,0.90703565,-1.6674321,1
1.0450357,0.4000304,0.51376647,-1.4196575,-0.6710017,0.122094356,-0.5950566,-0.8384357,1.0908334,-1.6602283,1
1.1666455,0.56225115,0.29401103,-1.5176803,-0.81616145,0.19173051,-0.37018296,-0.5982384,0.8347446,-1.7431042,1
0.96664554,0.6128994,0.49401104,-1.3176802,-0.61616147,0.39173052,-0.40970993,-0.57246315,0.91694933,-1.5431042,1
1.1666455,0.74995154,0.5743687,-1.5176803,-0.41616148,0.19173051,-0.20970993,-0.45453686,0.71694934,-1.7431042,1
0.96664554,0.54995155,0.37436873,-1.3176802,-0.61616147,-0.008269489,-0.009709924,-0.65453684,0.91694933,-1.9431043,1
1.149513,0.7389383,0.17180806,-1.4953927,-0.80417585,-0.20521098,0.039214686,-0.44786182,1.0129738,-1.7175062,1
1.2407528,0.8632671,-0.025919888,-1.190994,-0.85670465,-0.25369546,0.15966493,-0.34726554,1.1152176,-1.7629701,1
1.3129001,0.6044087,-0.2058717,-1.2675569,-0.59842855,-0.048930507,0.32774818,-0.39728737,1.1985049,-1.7887757,1
1.3800176,0.3742134,-0.005433286,-0.9878474,-0.73881364,-0.23034404,0.11820982,-0.5526907,1.2940851,-1.8402832,1
1.5263987,0.554727,0.18796395,-0.7611112,-0.9069543,-0.029314293,0.30741113,-0.34072188,1.0569565,-1.8964673,1
1.5490024,0.7543957,0.38779366,-0.9606893,-1.1064684,-0.22921364,0.22884534,-0.1406601,0.8565804,-1.6957227,1
1.3143624,0.87414,0.5383657,-1.0630863,-1.1966068,-0.39312083,0.23013307,-0.2693507,0.6013681,-1.7363102,1
1.1143624,1.0741401,0.58895797,-0.8630863,-1.3966068,-0.5931208,0.43013307,-0.4693507,0.40136814,-1.5363102,1
1.147138,0.9715662,0.7560114,-1.0568577,-1.1895959,-0.39081758,0.6264412,-0.26777261,0.20018834,-1.7261374,1
0.9260081,1.1454295,0.54360723,-1.2288182,-1.3585951,-0.5776369,0.5069291,-0.45733696,0.39126042,-1.4920903,1
0.7260081,0.9454295,0.7436072,-1.0288181,-1.1585951,-0.3776369,0.7069291,-0.3430669,0.19126041,-1.2920903,1
0.5260081,0.7454295,0.9436072,-1.2288182,-1.0822849,-0.5776369,0.9069291,-0.1430669,-0.008739591,-1.1773428,1
0.4457146,0.5454295,0.7436072,-1.4288182,-1.282285,-0.7776369,1.1069291,0.056933105,-0.2087396,-1.1405354,1
0.24571459,0.7454295,0.9436072,-1.3841325,-1.482285,-0.6278038,0.9069291,-0.1430669,-0.4087396,-0.94053537,1
0.4229708,0.9454295,0.7436072,-1.1841325,-1.282285,-0.8278038,0.80578804,-0.3430669,-0.6087396,-1.1405354,1
0.2229708,0.7454295,0.54360723,-1.3841325,-1.2819537,-0.7616729,1.0057881,-0.5430669,-0.40873963,-0.94053537,1
0.022924034,0.5443192,0.5563138,-1.5809078,-1.4789369,-0.95971525,0.8616095,-0.74155426,-0.44533762,-1.1382136,1
-0.17707597,0.34431922,0.35631382,-1.3809078,-1.2789369,-0.8558936,0.74451977,-0.94155425,-0.50970334,-1.3382137,1
-0.34599686,0.5443192,0.44643962,-1.1809077,-1.4789369,-0.6558936,0.94451976,-0.74155426,-0.7097033,-1.5382137,1
-0.12737831,0.30040923,0.3698889,-1.2048048,-1.4648272,-0.7467441,0.99856263,-0.82148063,-0.7936916,-1.5165446,1
-0.050509073,0.4703098,0.15967014,-0.94436604,-1.4009004,-0.88979775,1.1264695,-0.96003896,-0.55798125,-1.6132951,1
-0.22264192,0.5784633,0.08284985,-1.0170642,-1.4228128,-0.9500942,1.0677791,-0.67549056,-0.67366177,-1.6115803,1
-0.21302605,0.7184073,0.24056725,-1.1231716,-1.2776002,-0.6922268,1.1699739,-0.8079492,-0.43712026,-1.6718225,1
-0.4083784,0.5982114,0.1743168,-1.3082825,-1.0654743,-0.6483145,1.0998982,-0.6984119,-0.23445202,-1.8507596,1
-0.4208359,0.5679717,0.10035953,-1.1082824,-0.8659121,-0.84831446,1.2998983,-0.4984119,-0.03445202,-1.6507596,1
-0.22083591,0.7123787,0.30035955,-0.90828246,-1.0659121,-1.0483145,1.4734443,-0.6984119,-0.23445202,-1.5370791,1
-0.39239213,0.85071206,0.093576364,-1.0333749,-0.80738616,-1.1639425,1.4267654,-0.46472484,-0.40508795,-1.6196721,1
-0.41958833,1.0507121,-0.10642364,-0.8333749,-0.6073862,-0.96394247,1.2267654,-0.2789546,-0.20508794,-1.419672,1
-0.6195883,1.1158005,-0.091232784,-0.6333749,-0.7234824,-0.7639425,1.0267653,-0.07895459,-0.40508795,-1.219672,1
-0.8195883,0.9158005,-0.2912328,-0.8333749,-0.92348236,-0.5639425,1.2267654,0.12104541,-0.43105814,-1.419672,1
-0.6195883,1.1158005,-0.09123279,-0.95535314,-1.1234823,-0.7639425,1.0267653,0.3210454,-0.47124907,-1.219672,1
-0.8195883,1.3158005,-0.2912328,-1.1553532,-1.1636444,-0.96394247,0.82676536,0.121045396,-0.6712491,-1.0196719,1
-1.0195884,1.1158005,-0.09123279,-1.3553532,-0.96364444,-0.7639425,0.6267654,-0.07895461,-0.4712491,-0.8196719,1
-1.2195884,0.9158005,-0.2912328,-1.5553533,-0.9633397,-0.96394247,0.82676536,0.121045396,-0.5634057,-0.83688927,1
-0.99975544,1.0940961,-0.089458145,-1.7212085,-1.1407106,-1.1413016,0.767961,0.05944438,-0.42695785,-0.6734257,1
-0.77915406,0.8710645,-0.2073444,-1.8717189,-1.3061744,-1.1009434,0.94302666,-0.13693495,-0.22111149,-0.46123043,1
-0.90034324,0.8333134,-0.3745578,-1.8440384,-1.0171398,-1.1543388,1.0315785,0.057989027,-0.38721678,-0.60800886,1
-0.70034325,0.6333134,-0.529517,-2.0440383,-0.8171398,-0.95433885,0.83157855,0.25798902,-0.18721677,-0.40800887,1
-0.50034326,0.43331343,-0.329517,-1.9929106,-0.6171398,-1.1543388,0.63157856,0.32434458,-0.38721678,-0.20800887,1
-0.70034325,0.41228622,-0.129517,-1.7929106,-0.8171398,-0.95433885,0.83157855,0.12434457,-0.5872168,-0.0080088675,1
-0.90034324,0.6122862,-0.038172685,-1.5929105,-0.6171398,-0.75433886,1.0315785,-0.07565543,-0.3872168,-0.20800887,1
-0.70034325,0.8122862,0.16182733,-1.7929106,-0.41713983,-0.95433885,1.2315786,-0.27565545,-0.30241632,-0.33207077,1
-0.50034326,0.6870873,0.25919396,-1.9297539,-0.21713983,-1.1543388,1.4315786,-0.47565544,-0.5024163,-0.13207076,1
-0.64181304,0.8870873,0.45919394,-2.1297538,-0.41713983,-0.95433885,1.2315786,-0.3524428,-0.30241632,-0.33207077,1
-0.8101949,0.6612806,0.6344349,-1.8572731,-0.5939603,-1.1109824,1.3778092,-0.5316933,-0.15479955,-0.5120864,1
-1.0101949,0.46128058,0.83443487,-1.657273,-0.7087718,-0.9727634,1.4650606,-0.3916484,0.045200452,-0.42513567,1
-0.8984753,0.6562825,0.74614537,-1.7945949,-0.50492644,-0.7669227,1.6524757,-0.58717656,0.041987438,-0.2537622,1
-0.6984753,0.8562825,0.94614536,-1.5945948,-0.30492646,-0.7914065,1.5414736,-0.76537573,-0.15801257,-0.45376217,1
-0.8274334,1.0190095,1.1057013,-1.731269,-0.10122391,-0.57053757,1.294137,-0.9313105,-0.34537935,-0.24480768,1
-1.000311,0.79738915,1.2599416,-1.880287,-0.29327214,-0.36075607,1.1445223,-0.7120052,-0.1415416,-0.43306556,1
-1.1304349,0.9393261,1.3749511,-1.5824691,-0.46455628,-0.15139765,1.2270403,-0.7409983,-0.32165873,-0.21949765,1
-0.9197526,0.73083794,1.5568693,-1.366597,-0.6569266,-0.11168705,1.4106566,-0.9301948,-0.16996795,-0.019273797,1
-1.1197526,0.81037766,1.7568693,-1.166597,-0.45692658,0.08831295,1.2106565,-0.7301948,0.030032054,0.010957727,1
-1.2572217,0.9232909,1.7469802,-1.3018466,-0.24475321,-0.10639523,0.96277076,-0.8861214,0.06626357,-0.1800853,1
-1.3321924,1.0269127,1.4142495,-1.3729885,-0.40659347,-0.28010657,0.9365808,-0.99293244,0.24341822,-0.34552428,1
-1.1321924,1.2269127,1.41456,-1.1729884,-0.6065935,-0.4801066,1.1365808,-0.79975176,0.043418214,-0.14552428,1
-1.3321924,1.0269127,1.61456,-0.9729884,-0.4065935,-0.4038367,0.93658084,-0.99975175,0.05449853,-0.34552428,1
-1.4677726,0.81638926,1.7914677,-1.1580608,-0.20396435,-0.20124263,0.90504205,-0.78957397,0.16814159,-0.27530128,1
-1.2620571,0.61361045,1.9824897,-1.3519384,-0.40214318,-0.0012370207,0.73594517,-0.586916,-0.03171479,-0.47315848,1
-1.4620571,0.81361043,1.7824897,-1.1519383,-0.20214318,0.19876298,0.5359452,-0.38691604,0.16828522,-0.30181605,1
-1.2620571,1.0136105,1.6404474,-0.95193833,-0.0021431744,-0.0012370199,0.3359452,-0.586916,0.088295564,-0.10181604,1
-1.4620571,1.2136105,1.8404474,-1.1519383,-0.20214318,0.1191255,0.13594519,-0.38691604,0.28829557,-0.30181605,1
-1.2620571,1.0420696,1.6404474,-0.95193833,-0.40214318,0.3191255,-0.06405482,-0.5579708,0.17065059,-0.50181603,1
-1.062057,0.84206957,1.4404473,-0.83559823,-0.60214317,0.5191255,0.13594519,-0.7579708,0.3706506,-0.701816,1
-1.2620571,0.6420696,1.6404474,-1.0355983,-0.80214316,0.31912553,0.3359452,-0.9579708,0.17065059,-0.901816,1
-1.3714777,0.78990054,1.7264255,-1.1590488,-0.56483835,0.48696396,0.27327004,-0.9083885,-0.02753112,-0.84521466,1
-1.1714777,0.58990055,1.5264255,-0.9590488,-0.76483834,0.28696394,0.47327006,-1.1083885,0.17246889,-1.0452147,1
-0.9714777,0.78990054,1.3264254,-0.7590488,-0.56483835,0.48696393,0.27327007,-1.0058084,0.2125201,-1.0928457,1
-0.7714777,0.9899005,1.1264254,-0.55904883,-0.36483836,0.60467124,0.47327006,-1.1800522,0.4125201,-1.2928457,1
-0.5714777,1.1899005,1.0951775,-0.72875583,-0.56483835,0.40467125,0.67327005,-1.2097764,0.29214022,-1.1766858,1
-0.37147772,1.3899006,1.2951776,-0.9287558,-0.496472,0.22947048,0.47327006,-1.0097764,0.09214021,-1.3766859,1
-0.17147772,1.1899005,1.4951776,-1.1287558,-0.696472,0.029470474,0.27327007,-0.80977637,-0.10785979,-1.5766859,1
0.028522283,0.9899005,1.6951777,-0.9287558,-0.69490904,-0.17052953,0.47327006,-0.6097764,-0.19965097,-1.3766859,1
0.22852229,0.78990054,1.4951776,-1.1287558,-0.7756719,0.029470474,0.67327005,-0.80977637,-0.11886648,-1.1766858,1
0.42610306,0.98431206,1.6023765,-1.0449744,-0.7201491,-0.16956681,0.86833996,-1.0040756,0.08067548,-1.3689138,1
0.48875478,0.76336884,1.7542483,-0.8224114,-0.50625974,-0.35969839,1.0398124,-0.7826047,-0.11613824,-1.5270196,1
0.31775942,0.5294163,1.8364717,-0.58490056,-0.2878024,-0.52596706,1.1650927,-0.7395673,0.07880767,-1.6229374,1
0.49641782,0.31583807,1.9525299,-0.7525476,-0.08418325,-0.6960433,1.2116898,-0.5173268,-0.116196886,-1.4262645,1
0.6757103,0.40117896,1.7004195,-0.92422426,-0.10351385,-0.8694001,1.3697143,-0.69599754,-0.306795,-1.1898023,1
0.45877928,0.32286933,1.4470179,-0.8431719,0.093052104,-0.98010606,1.5138464,-0.86410797,-0.2762095,-1.3403378,1
0.64347154,0.12001427,1.608747,-0.6282268,0.2862426,-0.7619791,1.2833171,-1.0050647,-0.074438654,-1.5045457,1
0.41236544,0.29756775,1.6818774,-0.7701331,0.08019335,-0.5225606,1.3792739,-0.74859565,-0.2551889,-1.584985,1
0.36538926,0.4664313,1.7641145,-0.9094247,0.2626596,-0.3023756,1.105478,-0.72437257,-0.051735334,-1.6732854,1
0.55124974,0.6497649,1.7688104,-0.7073151,0.4510892,-0.32626474,0.8828335,-0.7514676,0.1445568,-1.7233747,1
0.6919697,0.4142746,1.8134544,-0.4672836,0.23127612,-0.48473793,0.9973887,-0.5657179,0.31736833,-1.7716041,1
0.85431784,0.20522964,1.9284625,-0.6391162,0.4130711,-0.6558338,0.76372933,-0.7333954,0.3359612,-1.5052634,1
1.029051,0.005104308,1.6870396,-0.5909632,0.54970914,-0.56053776,0.5502195,-0.9110265,0.5231168,-1.6501342,1
0.82905096,0.2051043,1.4870396,-0.3909632,0.7304551,-0.36053777,0.75021946,-0.7110265,0.32311684,-1.8501343,1
0.6164165,0.3969678,1.631398,-0.5790937,0.56902176,-0.5492794,0.53916836,-0.5007625,0.51261,-2.0089574,1
0.47812244,0.5756267,1.6051167,-0.3655414,0.35582954,-0.33679295,0.44988394,-0.6757108,0.5743655,-2.1215825,1
0.24995618,0.3375859,1.6223075,-0.5082674,0.4995391,-0.2832179,0.58406836,-0.75425726,0.5832617,-2.0864694,1
0.42916572,0.13122867,1.3565891,-0.6755415,0.28569874,-0.46089056,0.62098545,-0.9101653,0.48770154,-2.180822,1
0.45806706,0.31195906,1.0952809,-0.8246059,0.45744267,-0.6224425,0.77322364,-0.66885066,0.37860438,-2.2423148,1
0.65806705,0.111959055,1.2952809,-0.6634736,0.60995924,-0.8224425,0.57322365,-0.46885067,0.17860438,-2.0423148,1
0.84897614,0.03481355,1.1941036,-0.8543254,0.4056159,-0.61584795,0.76503164,-0.26600233,-0.021168945,-2.2185583,1
1.0122324,-0.15940027,1.3452706,-1.0173943,0.19841354,-0.569428,0.9312283,-0.18615802,-0.21342179,-1.9478518,1
0.81223243,0.040599734,1.5452707,-1.2173944,0.39841354,-0.59031177,0.7312283,-0.20141864,-0.4134218,-1.7478517,1
0.9455823,-0.1489046,1.6303539,-1.0479603,0.55901116,-0.3646118,0.62505853,-0.37498733,-0.1993691,-1.819596,1
0.7455823,-0.3489046,1.4303539,-0.8479603,0.35901117,-0.1646118,0.42505854,-0.57498735,0.00063090026,-1.619596,1
0.9455823,-0.1489046,1.6303539,-1.0479603,0.15901117,0.0353882,0.62505853,-0.37498736,-0.1993691,-1.819596,1
0.80523336,-0.3230422,1.7817366,-0.8403389,0.35578442,-0.16313228,0.42123815,-0.17341459,0.0006252298,-2.001444,1
0.92861557,-0.4831046,1.589077,-1.0403389,0.15578441,-0.10563152,0.22123815,-0.37341458,-0.19937478,-1.801444,1
0.9171908,-0.2831046,1.389077,-1.126714,-0.04421559,-0.30563152,0.42123815,-0.55224156,-0.39937478,-1.601444,1
1.0818096,-0.4678048,1.5387514,-0.9672774,0.15085076,-0.4707349,0.60156375,-0.56698847,-0.5803927,-1.7443928,1
1.1862658,-0.29012847,1.6091479,-0.71008587,-0.045485746,-0.62073946,0.7418165,-0.3396338,-0.35203892,-1.7994611,1
0.98626584,-0.49012846,1.4091479,-0.5100859,0.15451425,-0.42073947,0.57756233,-0.5396338,-0.15203892,-1.7976296,1
0.90566295,-0.69012845,1.2739272,-0.71008587,0.35451424,-0.22073947,0.7204414,-0.7396338,0.047961086,-1.9976296,1
0.7021359,-0.7301093,1.4665602,-0.59815097,0.15374194,-0.020635806,0.59050304,-0.5369366,-0.15127899,-2.1866455,1
0.47709584,-0.50367427,1.5834537,-0.7583494,0.1509663,0.17041983,0.37102976,-0.32013452,0.046291437,-2.2676303,1
0.27011338,-0.6859425,1.3485922,-0.72533274,-0.04779811,-0.02883479,0.16672002,-0.50702775,0.19375046,-2.405449,1
0.06455852,-0.45169753,1.4259022,-0.623301,-0.22816586,0.15760434,0.33766598,-0.6510122,-0.0057544154,-2.3990276,1
-0.1238267,-0.25169754,1.6259023,-0.42330104,-0.028165862,-0.042395666,0.53766596,-0.5567697,-0.20575441,-2.1990275,1
-0.31541035,-0.43995777,1.3888426,-0.6061134,-0.22223577,0.15350816,0.4221118,-0.737101,-0.39520875,-2.3366761,1
-0.43722787,-0.52437866,1.1888425,-0.80611336,-0.022235766,0.35350817,0.6221118,-0.937101,-0.19520874,-2.136676,1
-0.5658949,-0.6432898,1.2333719,-0.8934864,-0.1973581,0.15278107,0.7300824,-1.0098109,-0.15917893,-2.0751023,1
-0.7658949,-0.8432898,1.0333718,-1.0934864,-0.0058241785,-0.047218934,0.5300824,-1.209811,-0.20320868,-1.8751023,1
-0.5643495,-1.0404407,1.2300036,-1.2899541,-0.12376226,-0.24654381,0.329181,-1.1653503,-0.29822367,-1.6705277,1
-0.6594184,-1.0701511,1.2336905,-1.2854109,-0.27931568,-0.3852416,0.121011935,-1.177913,-0.26306948,-1.5962185,1
-0.45941842,-0.8701511,1.0336905,-1.0854108,-0.4793157,-0.1852416,-0.07898807,-0.97791296,-0.06306948,-1.7486184,1
-0.25941843,-0.6701511,0.83369046,-0.88541085,-0.6793157,-0.18808149,0.121011935,-1.0399816,-0.26306948,-1.9486184,1
-0.059418425,-0.8701511,1.0336905,-1.0854108,-0.6148784,0.011918515,-0.07898807,-0.8399816,-0.06306948,-2.1486185,1
0.13495141,-0.64331216,0.915044,-1.2339314,-0.7554496,0.20343138,-0.26781484,-0.614351,-0.2525338,-2.2545586,1
-0.06504859,-0.44331217,0.715044,-1.4339315,-0.6678531,0.0034313798,-0.06781484,-0.81435096,-0.05253379,-2.0545585,1
0.12948623,-0.6172597,0.49418607,-1.5677615,-0.44890627,-0.1886081,0.12683201,-0.9732724,0.14149421,-2.1632547,1
0.30938515,-0.73487604,0.65183556,-1.4055829,-0.6093182,-0.3649001,-0.0687042,-0.72609705,-0.0549365,-2.2190788,1
0.098599546,-0.6287107,0.5336658,-1.4472692,-0.6881532,-0.5091998,0.11834976,-0.83478194,0.13075994,-2.1805527,1
-0.092077345,-0.7525161,0.66620994,-1.2988286,-0.4432707,-0.6439935,0.28907958,-0.93964046,0.20951961,-2.1616764,1
0.10792266,-0.9525161,0.46620995,-1.0988286,-0.64327073,-0.6396072,0.089079574,-1.1396405,0.4095196,-1.9616764,1
0.2881338,-1.0784489,0.24910179,-0.9455651,-0.41478363,-0.78564924,0.142394,-1.2535475,0.5703484,-2.0227547,1
0.26468197,-1.1403517,0.4005901,-1.0218219,-0.19158283,-0.87917995,-0.051383432,-1.0998062,0.6871358,-1.9826541,1
0.45758137,-1.3198704,0.19752495,-1.2031517,-0.07334083,-0.66880167,-0.24754213,-1.2799444,0.4796921,-1.7831593,1
0.25758135,-1.377287,-0.002475053,-1.4031518,0.12409121,-0.46880168,-0.44754213,-1.2027986,0.6177612,-1.5831592,1
0.45758134,-1.177287,-0.20247506,-1.2031517,-0.075908795,-0.34761417,-0.6105274,-1.4027987,0.4177612,-1.3831592,1
0.24688537,-1.3200957,-0.38576242,-1.3448864,0.118938364,-0.14148454,-0.77687055,-1.5362431,0.20871875,-1.4824188,1
0.04635834,-1.5030086,-0.579178,-1.2032964,0.31535324,-0.12839164,-0.57038605,-1.3212225,0.035927955,-1.663507,1
-0.13829131,-1.5328609,-0.34129426,-1.2630929,0.10382828,-0.295582,-0.33338073,-1.3692371,-0.1476796,-1.6773238,1
-0.33829132,-1.3328608,-0.5412943,-1.0630928,-0.09333284,-0.49558198,-0.53338075,-1.5692371,0.052320406,-1.4773238,1
-0.13829131,-1.5328609,-0.3412943,-0.86309284,-0.29333284,-0.295582,-0.33338076,-1.3692371,-0.1476796,-1.2773237,1
0.06170869,-1.7328609,-0.5412943,-1.0630928,-0.24689153,-0.24511425,-0.44840991,-1.169237,-0.34767962,-1.0773237,1
-0.13829131,-1.541917,-0.74129426,-1.2630929,-0.046891525,-0.44511425,-0.6484099,-0.969237,-0.28716603,-0.8809089,1
0.06170869,-1.4894962,-0.5412943,-1.4630929,-0.20946956,-0.32219502,-0.8484099,-0.7821089,-0.087166026,-1.0809089,1
0.26170868,-1.2894962,-0.3412943,-1.2630929,-0.009469554,-0.52219504,-0.6484099,-0.5821089,-0.28716603,-0.8809089,1
0.061708674,-1.0894961,-0.14129429,-1.0630928,-0.20946956,-0.32219505,-0.5853661,-0.74505,-0.087166026,-0.6809089,1
0.26170868,-1.1398964,0.058705717,-1.2630929,-0.40946954,-0.52219504,-0.38536608,-0.54505,0.11283398,-0.7778773,1
0.38908774,-0.9398964,0.11058894,-1.0630928,-0.60946953,-0.722195,-0.58457756,-0.74505,0.31283396,-0.97787726,1
0.18908773,-0.7398964,-0.089411065,-1.2630929,-0.8094695,-0.922195,-0.7396533,-0.7069871,0.51283395,-1.1778773,1
-0.010912269,-0.5398964,-0.06517176,-1.4630929,-0.9337322,-0.722195,-0.9396533,-0.52501374,0.71283394,-1.1057472,1
-0.21091227,-0.6548211,-0.26517177,-1.2630929,-0.7337322,-0.52219504,-1.1396533,-0.32501376,0.9128339,-1.3057473,1
-0.08608982,-0.4548211,-0.06517176,-1.0630928,-0.9337322,-0.722195,-1.3396534,-0.12501375,1.112834,-1.5057473,1
-0.13728964,-0.37558812,0.12577523,-1.1782829,-1.0554512,-0.6730458,-1.4362738,-0.3031908,1.2246841,-1.488049,1
0.062316548,-0.4221376,-0.073758654,-0.9721394,-0.85007906,-0.86756325,-1.5137452,-0.5000309,1.0182493,-1.6774484,1
-0.13768345,-0.6221376,-0.27375865,-1.1721394,-0.6500791,-0.66756326,-1.3137451,-0.6447724,0.8182493,-1.4774483,1
-0.33768344,-0.42213762,-0.07375865,-0.9721394,-0.45007908,-0.5481922,-1.435446,-0.44477242,0.6182493,-1.6774484,1
-0.5376834,-0.6221376,0.12624136,-0.8047509,-0.6500791,-0.7481922,-1.6354461,-0.24477242,0.8182493,-1.4774483,1
-0.33768344,-0.42213762,-0.07375865,-0.60475093,-0.67138475,-0.5481922,-1.8354461,-0.044772416,0.7631623,-1.2774483,1
-0.16630426,-0.39047772,-0.16810322,-0.43530333,-0.87138474,-0.34819221,-1.95068,-0.049948994,0.9631623,-1.0774482,1
0.033695742,-0.5904777,-0.3681032,-0.5920189,-1.0713848,-0.5031741,-2.0226872,-0.249949,0.7631623,-1.2774483,1
0.231063,-0.3860787,-0.5617031,-0.7830962,-1.0528084,-0.6952523,-2.197647,-0.049386278,0.5568179,-1.06531,1
0.0303666,-0.5507408,-0.35359418,-0.9610565,-1.2247221,-0.4841494,-1.9528624,0.14723717,0.739851,-1.2369435,1
0.22122633,-0.33682442,-0.14750001,-0.73086,-1.0157992,-0.65700436,-2.067443,0.33345982,0.72696096,-1.3799298,1
0.37853336,-0.37884632,-0.043276872,-0.5074047,-1.0925732,-0.41068518,-2.0376287,0.47939157,0.8330098,-1.4197977,1
0.56403947,-0.5513543,-0.23718211,-0.6266869,-1.2601906,-0.5953858,-1.7915909,0.27239203,1.00713,-1.2992325,1
0.48764476,-0.3406233,-0.036046498,-0.80143833,-1.0278103,-0.77109325,-1.9147933,0.42428687,1.1702621,-1.0656599,1
0.35837874,-0.13012329,-0.21842147,-0.8093776,-0.76599973,-0.6501278,-1.9568868,0.5776729,1.267948,-1.1711562,1
0.52030873,-0.30761564,-0.38989365,-0.5678305,-0.5274101,-0.7921664,-2.0098312,0.72465146,1.367864,-0.9049431,1
0.30312592,-0.102223836,-0.55824906,-0.7266405,-0.68838847,-0.5603999,-2.0912857,0.8750489,1.1052144,-0.9536265,1
0.4922139,-0.0068993713,-0.7418038,-0.51521856,-0.4777961,-0.74390805,-2.2415915,0.66040814,1.0750867,-0.73728156,1
0.503591,0.19310063,-0.54180384,-0.6114479,-0.6777961,-0.54390806,-2.0415914,0.6021612,0.8750867,-0.93728155,1
0.3823629,0.38484806,-0.33462816,-0.79441273,-0.7275388,-0.7282908,-2.1945326,0.785321,0.97426957,-0.7218034,1
0.1823629,0.18484806,-0.13462816,-0.6075406,-0.9275388,-0.5282908,-1.9945326,0.585321,0.96159124,-0.9218034,1
0.2362537,0.07312306,0.06537184,-0.8066616,-0.7275388,-0.32829082,-2.1945326,0.785321,0.76159126,-1.1218034,1
0.39029783,0.27070138,-0.044316262,-0.9977359,-0.9193146,-0.52360666,-2.0499244,0.6552235,0.55661184,-1.3100835,1
0.348325,0.069796726,-0.24119017,-1.0832738,-0.7376073,-0.31946602,-2.0034437,0.44939876,0.7469307,-1.4907615,1
0.14832501,0.26979673,-0.041190162,-1.2832738,-0.66566056,-0.20363995,-1.8034437,0.42210287,0.5473042,-1.534058,1
0.34790683,0.06971293,0.15861918,-1.3454028,-0.8646213,-0.3468751,-1.6015186,0.22183622,0.74640703,-1.7319762,1
0.5479068,0.26971292,-0.041380823,-1.1454028,-0.6646213,-0.5468751,-1.4015186,0.14550743,0.54640704,-1.62278,1
0.7479068,0.06971292,0.15861918,-1.3454028,-0.4646213,-0.7468751,-1.2015185,-0.054492578,0.34640706,-1.82278,1
0.9479068,-0.13028708,0.35861918,-1.5454029,-0.6646213,-0.5468751,-1.0719088,-0.037560835,0.14640705,-1.6590524,1
0.7479068,0.054359406,0.46730846,-1.3454028,-0.4646213,-0.34687513,-1.2719089,-0.2168551,-0.05359295,-1.8590524,1
0.9184302,0.04924965,0.61426353,-1.4973463,-0.2563925,-0.49561256,-1.0385762,-0.40389237,0.03795819,-1.9950231,1
0.8526777,0.24032183,0.6906637,-1.6365494,-0.4400451,-0.28502408,-1.194212,-0.5822617,-0.15623766,-1.7307274,1
0.9669444,0.39994472,0.4906637,-1.4365493,-0.24004509,-0.27526948,-0.994212,-0.3822617,-0.11084907,-1.9307275,1
1.1669444,0.19994472,0.6906637,-1.2365493,-0.4400451,-0.075269476,-1.0010041,-0.49993318,0.089150935,-1.8850012,1
0.9669444,0.01581645,0.5194905,-1.0365492,-0.60412395,-0.05195388,-0.8010041,-0.4575615,0.28915095,-1.6850011,1
1.1669444,-0.15476124,0.71949047,-0.8365492,-0.80412394,0.14804612,-1.0010041,-0.6575615,0.48915094,-1.4883431,1
1.3669444,-0.0521053,0.91949046,-0.63654923,-0.60412395,-0.051953882,-0.8010041,-0.8467339,0.28915095,-1.5348274,1
1.1669444,-0.2521053,0.71949047,-0.8365492,-0.61453414,0.050078377,-0.6239301,-1.035977,0.48915094,-1.7348274,1
1.301459,-0.2942234,0.8754409,-0.9868918,-0.4607385,0.024311125,-0.4036211,-1.1767658,0.65613616,-1.8133426,1
1.1014589,-0.49422342,1.0754409,-0.7868918,-0.2607385,0.22431113,-0.2036211,-0.9767658,0.85613614,-1.8021232,1
1.301459,-0.6942234,0.8754409,-0.58689183,-0.06073849,0.29257554,-0.4036211,-1.1767658,0.65613616,-1.6021231,1
1.4613843,-0.7240066,0.73965836,-0.3765655,-0.08307612,0.4794284,-0.58751017,-1.3400192,0.44396165,-1.7540236,1
1.374083,-0.5172527,0.92754704,-0.4523207,0.057229694,0.6706712,-0.7773599,-1.52017,0.24081722,-1.5339936,1
1.4261874,-0.28744468,1.0216064,-0.5910308,0.11160539,0.5849228,-0.88553035,-1.5585485,0.036982164,-1.3860631,1
1.4441615,-0.33546793,0.7513259,-0.6891951,-0.0808333,0.7177802,-0.73996824,-1.5954847,0.20947297,-1.4503907,1
1.4076351,-0.11597972,0.81446964,-0.7612769,-0.24043307,0.78574973,-0.80474585,-1.5371891,0.2827605,-1.4129682,1
1.5371624,0.080337144,0.969999,-0.9191381,-0.42112613,0.56007266,-0.57823604,-1.2785716,0.07913259,-1.5422616,1
1.2992635,-0.11627128,1.136838,-1.0874187,-0.60352165,0.7385301,-0.3675158,-1.4366648,-0.1174417,-1.3042182,1
0.98429173,0.027272174,1.1970184,-1.1527679,-0.7194815,0.84036946,-0.50815946,-1.4040886,0.031857796,-1.3468924,1
1.039906,0.21383855,0.9380865,-1.2728083,-0.8651327,0.60251844,-0.38342893,-1.4038992,-0.15820363,-1.4554585,1
1.1724259,0.39131594,1.0761477,-1.3926528,-0.93744177,0.6786697,-0.5516766,-1.1383785,-0.16059157,-1.1871318,1
1.2231936,0.21419685,0.94567776,-1.4194739,-0.6572552,0.78312653,-0.66994214,-1.1928484,-0.32138225,-1.2363005,1
1.3298784,0.12151326,0.8917226,-1.5132891,-0.4272741,0.7731107,-0.6721586,-0.9277499,-0.48719653,-1.3421259,1
1.3053334,0.30865008,0.9322652,-1.6447434,-0.602178,0.55018157,-0.45326838,-0.6986339,-0.2757063,-1.4804282,1
1.3983456,0.37310362,1.0517923,-1.3420619,-0.3735942,0.69686425,-0.60683894,-0.7502836,-0.07032565,-1.560996,1
1.0978297,0.52503234,1.1467934,-1.2114359,-0.52548176,0.82163626,-0.7391622,-0.7581553,-0.24765106,-1.6132858,1
0.8869174,0.32108188,1.2726048,-0.99914277,-0.7166642,0.6996965,-0.92774755,-0.5513714,-0.3558303,-1.7882818,1
0.6869174,0.121081874,1.0726048,-0.8639821,-0.9166642,0.4996965,-0.72774756,-0.7513714,-0.15583031,-1.9882818,1
0.8869174,-0.07891813,0.99356014,-0.6639821,-1.1166642,0.3120103,-0.66412085,-0.5513714,-0.3558303,-1.7882818,1
1.0236717,-0.26268843,0.7473844,-0.78135824,-1.2400501,0.48221737,-0.8138393,-0.70765054,-0.5234876,-1.8725876,1
1.1596516,-0.059408687,0.89781904,-0.93001544,-1.3647095,0.2674523,-0.5817244,-0.860164,-0.6752337,-1.5850809,1
1.152321,0.13071905,0.8348812,-1.0506662,-1.1065415,0.43462795,-0.72055984,-0.9857196,-0.441863,-1.6597332,1
1.0338966,0.039083928,0.9688787,-0.82893723,-1.2232131,0.36179033,-0.8618484,-0.73560804,-0.6009263,-1.7411233,1
1.0858202,0.21039215,1.0286049,-0.8074296,-1.2524173,0.49437147,-0.934419,-0.59834576,-0.70480937,-1.5893066,1
1.2858202,0.010392144,0.8286049,-0.6074296,-1.0524173,0.2943715,-0.734419,-0.6483593,-0.6175856,-1.7893066,1
1.4393238,0.15041932,0.6089336,-0.7821623,-1.2132248,0.47890085,-0.5176951,-0.4343286,-0.4045179,-1.8977878,1
1.2058607,-0.04824195,0.397892,-0.95564294,-0.9858666,0.66056985,-0.69831663,-0.2526296,-0.58819526,-2.0411453,1
0.9560573,-0.23595071,0.18809372,-1.0862631,-0.7469558,0.81796026,-0.8538381,-0.4302185,-0.36897448,-2.130179,1
0.94115543,-0.15637748,-0.011173689,-0.83173144,-0.79261637,0.6119522,-0.9889956,-0.5914412,-0.5339656,-2.1868033,1
1.1411555,-0.35637748,-0.2111737,-0.8439407,-0.5926164,0.4119522,-0.7889956,-0.7914412,-0.3339656,-1.9868033,1
1.3411555,-0.5563775,-0.011173695,-0.6439407,-0.3926164,0.2119522,-0.9889956,-0.5914412,-0.14073597,-1.7868032,1
1.1411555,-0.75637746,0.18882631,-0.4439407,-0.19261639,0.011952192,-1.136915,-0.39144123,-0.34073597,-1.9868033,1
0.9411555,-0.5563775,0.3888263,-0.2439407,-0.3926164,0.2119522,-1.3277853,-0.19144122,-0.27770743,-2.1868033,1
1.0745914,-0.33558983,0.3771121,-0.041377615,-0.55804884,0.38792285,-1.438669,0.008059543,-0.073174715,-2.24758,1
1.1605697,-0.13558982,0.17711209,-0.05288916,-0.35804886,0.18792285,-1.502009,0.20805955,0.12682529,-2.04758,1
1.2847326,-0.31688428,-0.02161216,-0.20932396,-0.14923932,-0.011403981,-1.6071403,0.007610313,0.3086083,-2.1223016,1
1.07125,-0.46815923,0.1761706,-0.009208064,0.050129764,-0.20877637,-1.4175737,0.18538667,0.5022866,-2.293437,1
1.2219999,-0.25777033,-0.022906214,0.18340038,-0.14406405,-0.2213806,-1.170403,0.37045622,0.2905756,-2.3968377,1
1.3245002,-0.34965497,0.16495132,0.35711247,0.052100692,-0.39248857,-0.9038671,0.3705744,0.084365256,-2.418785,1
1.3588238,-0.33924004,0.11101349,0.49656773,0.22470342,-0.5280993,-0.98390335,0.15203707,-0.10306803,-2.334186,1
1.1588237,-0.13924004,-0.088986516,0.29656774,0.42470342,-0.3280993,-0.78390336,-0.047962934,-0.30306804,-2.134186,1
0.9820181,-0.3103004,-0.036154322,0.39268693,0.6247034,-0.5280993,-0.5839034,0.15203707,-0.50306803,-2.26078,1
1.168609,-0.10904913,-0.23347531,0.19050103,0.81534773,-0.56442827,-0.37954825,-0.04741883,-0.6950922,-2.4328642,1
1.3686091,0.09095088,-0.03347531,-0.009498969,0.61534774,-0.36442828,-0.17954825,0.15258117,-0.8950922,-2.2328641,1
1.4936839,0.19538361,-0.22232328,0.18140168,0.39550853,-0.53746814,0.019474868,0.33372903,-1.0427847,-2.2369504,1
1.2936839,-0.0046163946,-0.02232328,-0.018598318,0.5955085,-0.7374681,-0.18052514,0.13372903,-1.2427847,-2.1176746,1
1.397147,-0.14415012,0.16619347,-0.2044703,0.7440948,-0.8768795,-0.3559318,-0.06198788,-0.9753895,-2.1338377,1
1.4206731,-0.33466843,0.35610446,-0.0043471423,0.5291044,-0.6582308,-0.5406153,0.13420975,-0.7540267,-2.2695382,1
1.5545629,-0.51285833,0.53341997,-0.19601144,0.6993629,-0.8232219,-0.7104042,0.3205767,-0.53142697,-1.9851178,1
1.7271668,-0.70172757,0.7219681,0.0039262855,0.4915657,-0.800139,-0.5024346,0.5124483,-0.7200062,-1.7572445,1
1.8556869,-0.8682819,0.8877717,0.11371112,0.28075135,-0.5778795,-0.29121712,0.6860231,-0.88588256,-1.4994853,1
1.6355512,-0.6601546,1.0745429,0.22709239,0.3814571,-0.7684193,-0.4852432,0.8752477,-1.0392379,-1.365812,1
1.3947122,-0.44706398,0.8496637,0.026321651,0.5649156,-0.94086945,-0.6657492,0.8490421,-1.2039837,-1.5212673,1
1.3379401,-0.39070466,0.9689348,0.20891541,0.70608646,-1.053126,-0.799165,0.5991247,-0.9721001,-1.5888859,1
1.13794,-0.5907047,0.9761107,0.12612714,0.90608644,-1.253126,-0.599165,0.39912474,-1.1302813,-1.3888859,1
0.9614541,-0.3907047,1.0423634,-0.073872864,0.70608646,-1.4531261,-0.39916503,0.32440335,-0.93028134,-1.5572903,1
0.7591722,-0.5662872,1.2386403,-0.2730521,0.9033711,-1.2493707,-0.19856818,0.22487435,-1.1268941,-1.6605107,1
0.5162572,-0.33817565,1.3282285,-0.4367466,0.6493892,-1.3381354,0.0013219342,0.022965305,-1.2250586,-1.7177215,1
0.30852106,-0.525011,1.1006302,-0.6211707,0.82861173,-1.2341386,0.19639727,0.027816027,-1.1326799,-1.8708109,1
0.47491562,-0.6770989,1.2146785,-0.3933378,0.5870701,-1.339364,0.05561342,0.21276088,-0.8710441,-1.9339619,1
0.57267535,-0.7677378,1.0047637,-0.5696978,0.7557114,-1.4780322,-0.08005532,0.39631552,-1.0283712,-1.6648767,1
0.36612597,-0.5577604,0.8679252,-0.75617117,0.7521573,-1.6485426,-0.27513364,0.5858359,-1.2067839,-1.4391329,1
0.5390039,-0.3406208,0.87377113,-0.7715802,0.9065411,-1.3791455,-0.17786059,0.62830454,-1.2840917,-1.560605,1
0.7390039,-0.32477784,0.67377114,-0.57158023,1.1065412,-1.5791456,0.022139415,0.42830455,-1.0840917,-1.5180804,1
0.9026676,-0.5044707,0.4554378,-0.74172264,0.8714611,-1.7102987,-0.17097798,0.5745421,-1.2344017,-1.2670751,1
0.69772375,-0.69951415,0.25364056,-0.9350968,1.0639224,-1.6238636,0.028817829,0.3719069,-1.0271238,-1.456753,1
0.4849916,-0.8765039,0.44203612,-0.813514,1.0579431,-1.5767416,-0.1668032,0.16750939,-0.9337475,-1.614372,1
0.6773422,-0.66894925,0.6348664,-1.002196,0.8483623,-1.3613672,-0.024376815,0.33710992,-0.8832626,-1.7941107,1
0.7639011,-0.75659335,0.7269175,-0.69847137,0.91280824,-1.3594812,0.15291497,0.46766114,-0.9431958,-1.7362705,1
0.95800656,-0.55318964,0.52369523,-0.7126487,1.106003,-1.1523906,0.3507568,0.26602432,-0.738651,-1.9244297,1
1.1158848,-0.7257929,0.31192103,-0.49400145,1.2584981,-1.3031983,0.14527312,0.06362273,-0.9045082,-1.6617047,1
1.2368964,-0.8702205,0.48119205,-0.27635348,0.9949598,-1.1007924,-0.03980346,0.2477983,-1.038208,-1.7499524,1
1.4214922,-1.0587472,0.27817756,-0.07553493,0.78643745,-1.0460508,0.12161946,0.4429977,-1.2249339,-1.5333362,1
1.4957724,-0.7921656,0.4411028,-0.25417176,0.90995556,-1.1494403,-0.07230343,0.5205483,-0.9454672,-1.5989447,1
1.2913123,-0.89235276,0.24027294,-0.45260856,1.0115656,-0.9461724,-0.27136618,0.7180682,-0.7429013,-1.7927529,1
1.057176,-0.67069596,0.039013196,-0.63219494,0.99985325,-1.1103201,-0.06913384,0.88935095,-0.5259194,-1.9304196,1
1.2442341,-0.4658504,-0.011713746,-0.82362795,0.79161924,-0.9009489,0.12951897,0.6822545,-0.43592113,-2.108488,1
1.4442341,-0.26585042,-0.21171375,-0.6808499,0.59161925,-0.8704338,-0.07048103,0.8822545,-0.24635197,-2.0554357,1
1.6229424,-0.0649977,-0.33246058,-0.6818482,0.38654804,-1.0565724,0.12784179,0.9778119,-0.440572,-1.831409,1
1.7173554,-0.2496487,-0.12478829,-0.5252403,0.17574294,-1.003544,0.30885276,0.73276,-0.60346925,-1.9137472,1
1.4641955,-0.43247998,-0.31238705,-0.3128218,-0.023330867,-1.1575897,0.48942348,0.780843,-0.3880638,-2.0330389,1
1.2641954,-0.41412595,-0.112387046,-0.5128218,-0.22333087,-0.9575897,0.6894235,0.58084303,-0.28695738,-2.233039,1
0.9924665,-0.4474326,-0.29133153,-0.66477615,-0.39479753,-1.0795658,0.45643538,0.63524646,-0.45413548,-2.2690473,1
0.7924665,-0.5476161,-0.49133152,-0.86477613,-0.19479753,-1.2795658,0.2564354,0.43524647,-0.2541355,-2.0690472,1
0.93767816,-0.32842627,-0.2752488,-1.0059961,0.0049152737,-1.3978876,0.05331992,0.43385684,-0.4290653,-2.1437862,1
1.0112277,-0.12477395,-0.07310879,-0.7830744,-0.1895367,-1.4655213,-0.14250864,0.22720617,-0.24430758,-2.2423215,1
1.1586831,-0.32350525,0.12639552,-0.97923404,-0.388015,-1.2605777,-0.34117067,0.42553732,-0.29600593,-2.1102633,1
1.3586831,-0.12350525,-0.022259653,-0.8484575,-0.188015,-1.3870265,-0.14117067,0.22553732,-0.49600595,-1.9102633,1
1.1586831,-0.21354493,0.17774035,-0.6484575,0.011985004,-1.1870265,-0.34117067,0.19478619,-0.69600594,-2.1102633,1
0.9456121,-0.013360256,0.37259012,-0.5002422,0.20909473,-1.3681154,-0.2016137,0.38940352,-0.8837895,-2.1972132,1
0.88563854,-0.202086,0.16347021,-0.6632404,0.3874776,-1.1475064,-0.0015284216,0.17939517,-1.0265205,-2.270541,1
1.0082225,-0.0019372476,0.2409692,-0.6726875,0.54558504,-1.1342589,-0.18715759,-0.019135518,-0.76758194,-2.2943685,1
0.7729689,0.17794265,0.036807355,-0.74637556,0.6618897,-1.1987188,-0.34782836,-0.19687474,-0.86929053,-2.2409792,1
0.96350354,0.3742659,-0.10292215,-0.54106027,0.45739627,-1.3851117,-0.54249895,0.0030948617,-1.0588881,-2.021124,1
1.1426613,0.17114423,-0.20860162,-0.7277854,0.25278547,-1.1638824,-0.40768358,-0.19337791,-0.8435026,-2.1813364,1
1.3426614,0.010028183,-0.40860164,-0.598789,0.4527855,-0.9638824,-0.20768358,-0.24129589,-0.6435026,-1.9813364,1
1.1426613,0.21002819,-0.20860164,-0.4059947,0.2527855,-0.7638824,-0.007683575,-0.4412959,-0.4435026,-2.1813364,1
1.1619246,0.010028183,-0.008601636,-0.20599471,0.4527855,-0.9638824,0.07334911,-0.6412959,-0.2435026,-2.3813365,1
0.9619246,0.21002819,-0.20860164,-0.4059947,0.6527855,-0.7638824,0.103515,-0.8412959,-0.4435026,-2.1813364,1
1.0546675,0.010028183,-0.40860164,-0.6059947,0.4527855,-0.9638824,-0.096485004,-1.0412959,-0.2435026,-2.0426579,1
1.2546675,0.21002819,-0.24541934,-0.8059947,0.6527855,-0.7638824,0.103515,-0.8412959,-0.0435026,-1.8426578,1
1.2527419,0.4100282,-0.44541934,-1.0059947,0.8409882,-0.9638824,0.24827005,-0.6412959,0.1564974,-1.6426578,1
1.0527419,0.21002819,-0.3213537,-1.1157713,0.82187796,-1.1638824,0.44827005,-0.44129592,0.001873076,-1.4426577,1
1.0186805,0.010028183,-0.5213537,-1.3157713,1.021878,-0.9638824,0.6482701,-0.24129592,0.20187308,-1.6426578,1
1.2186805,0.21002819,-0.7213537,-1.1157713,0.821878,-1.1638824,0.44827008,-0.44129592,0.10946176,-1.6799088,1
1.0007843,0.2968119,-0.8683278,-1.2926558,0.61095285,-1.2392068,0.24390848,-0.31321722,-0.08894767,-1.8468826,1
1.1175702,0.09010286,-0.6220128,-1.1530305,0.38247392,-1.33947,0.41314572,-0.47765136,-0.24099155,-1.9050341,1
1.1926956,0.26260796,-0.74410534,-0.86270565,0.16517968,-1.3935646,0.5550339,-0.42346185,-0.350484,-1.9055264,1
1.247561,0.0560835,-0.84571886,-0.95195967,0.2538575,-1.4274971,0.31803536,-0.2001746,-0.13480186,-1.8861067,1
1.268595,0.22442317,-0.91643375,-1.0095397,0.39774582,-1.3304623,0.39049265,-0.000153011,-0.24117401,-1.8281956,1
1.0685949,0.42442316,-0.71643376,-0.80953974,0.35049626,-1.5304624,0.59049267,-0.0127939265,-0.44117403,-1.6281955,1
1.268595,0.22442316,-0.5164338,-1.0095397,0.48287988,-1.3304623,0.39049268,0.04795278,-0.24117403,-1.8281956,1
1.0685949,0.024423152,-0.60667026,-1.2095398,0.68287987,-1.1304623,0.19049267,0.24795279,-0.44117403,-1.9476864,1
1.0567816,0.00012363975,-0.42160863,-1.3536352,0.8478634,-1.277694,0.3750051,0.43018627,-0.615744,-1.6783702,1
1.1460891,0.19840744,-0.21970817,-1.143742,0.6423075,-1.4650218,0.55493504,0.62478197,-0.4557371,-1.6810261,1
0.86746424,-0.0014602116,-0.37679282,-1.2320702,0.77230746,-1.5266501,0.6921961,0.38948044,-0.23448408,-1.7247033,1
0.66746426,0.1985398,-0.17679282,-1.0320702,0.7399189,-1.32665,0.49219608,0.22140886,-0.43448406,-1.9247034,1
0.86746424,-0.0014602095,0.023207188,-0.8320702,0.5399189,-1.12665,0.6921961,0.021408856,-0.23448406,-2.1247034,1
0.99679565,0.13148542,0.20843036,-0.8795478,0.69093454,-1.2315116,0.83313066,-0.166768,-0.40572023,-2.0715992,1
0.79679567,0.33148542,0.008430362,-1.0795478,0.8909345,-1.4315116,0.63313067,0.033232003,-0.20572023,-1.8715992,1
0.94110286,0.19802992,0.19678497,-1.2080572,1.029982,-1.5403562,0.7865821,0.18426478,-0.0054006283,-1.5782038,1
1.0171285,-0.0017560441,-0.002865735,-1.2550797,0.7398091,-1.5512763,0.8793955,0.34251657,-0.18308501,-1.585012,1
1.2171285,-0.20175605,0.19713427,-1.0550797,0.5398091,-1.3512763,0.6793955,0.5425166,0.016914994,-1.785012,1
1.1635119,-0.0016116383,0.3644769,-0.94431925,0.67897266,-1.4237108,0.8070805,0.36770204,-0.16802946,-1.8217794,1
1.2909032,0.11693737,0.5344178,-1.0833828,0.45346677,-1.5372462,0.9534522,0.1587717,0.005464107,-1.5354176,1
1.0909032,-0.083062634,0.3510124,-1.2833829,0.25346678,-1.3372462,0.75345224,-0.04122831,-0.13571191,-1.7354176,1
1.0867428,-0.27850163,0.24992809,-1.0659262,0.44616005,-1.5124766,0.54453444,0.1562134,-0.33030257,-1.9042321,1
0.8325709,-0.44926956,0.046877936,-1.0092201,0.23112193,-1.60786,0.42724404,0.33445203,-0.49790597,-1.9756829,1
0.9612066,-0.60439646,0.2298154,-1.1256471,0.4013257,-1.682913,0.5838932,0.4975143,-0.27731672,-1.6529596,1
0.75415343,-0.79694307,0.42583284,-1.3133639,0.59575397,-1.4691726,0.7766298,0.6910513,-0.472894,-1.4394968,1
0.8799006,-0.9193603,0.57713014,-1.3955929,0.36495614,-1.5392765,0.5317561,0.7549503,-0.25165722,-1.2966039,1
0.6665886,-0.7052757,0.7619145,-1.5643524,0.5538947,-1.7052227,0.32526058,0.7367866,-0.10671694,-1.0751331,1
0.44201997,-0.67267466,0.911264,-1.6714488,0.71419764,-1.575591,0.41961643,0.8874592,-0.29056647,-0.82905215,1
0.5502573,-0.747945,0.9524332,-1.600563,0.7313454,-1.5184742,0.5310559,0.93203086,-0.4204508,-0.7076385,1
0.6672268,-0.84303653,1.0248942,-1.601296,0.47254175,-1.421179,0.2944182,0.9714876,-0.5517859,-0.8071907,1
0.85780036,-0.64041036,1.2115802,-1.3860643,0.26957932,-1.6035575,0.093391895,0.7631018,-0.74361426,-0.8227231,1
0.6007539,-0.76752734,1.2891636,-1.4485159,0.42885596,-1.6471474,-0.09736273,0.5142679,-0.49647036,-0.9340294,1
0.40075392,-0.72539055,1.4891636,-1.6485159,0.22885595,-1.4471474,-0.050027568,0.31426793,-0.6964704,-0.7340294,1
0.6007539,-0.52539057,1.6891637,-1.4485159,0.39491808,-1.2471473,-0.25002757,0.11426793,-0.57341015,-0.9340294,1
0.8007539,-0.32539058,1.5530225,-1.2485158,0.19491808,-1.4471474,-0.45002759,-0.08573207,-0.37341017,-1.1340294,1
1.0007539,-0.12539057,1.3530225,-1.418048,0.24689096,-1.2471473,-0.2500276,0.11426793,-0.57341015,-1.1151693,1
1.1242479,0.07286742,1.516762,-1.1896086,0.15049419,-1.4133589,-0.41690853,-0.08373037,-0.7553523,-1.1150821,1
1.256591,0.2676528,1.2915981,-1.3630526,-0.048559736,-1.190171,-0.60511917,-0.27830818,-0.5447393,-1.2899504,1
1.121296,0.06765281,1.256011,-1.4590169,-0.24855974,-0.990171,-0.40511918,-0.07830818,-0.34473932,-1.0899503,1
1.2730728,0.2676528,1.456011,-1.2590169,-0.04855974,-1.190171,-0.20511918,-0.27830818,-0.14473931,-1.2899504,1
1.3639289,0.06264023,1.5333127,-1.3393708,-0.23014326,-1.2871695,-0.3192913,-0.24235731,-0.31919664,-1.009193,1
1.4152561,0.26264024,1.3333126,-1.5393709,-0.030143261,-1.0871694,-0.11929129,-0.04235731,-0.26088834,-0.80919296,1
1.2152561,0.32133642,1.1333126,-1.3869852,0.16985674,-1.2871695,0.08070871,0.15764269,-0.098666266,-1.009193,1
1.015256,0.121336415,1.16609,-1.1869851,0.36985675,-1.2181731,0.28070873,-0.04235731,0.10133374,-1.209193,1
1.2152561,0.32133642,1.043734,-0.98698515,0.16985674,-1.3135918,0.08070873,0.15764269,-0.098666266,-1.1472116,1
1.4152561,0.52133644,1.243734,-1.1869851,-0.030143261,-1.1135918,0.28070873,-0.04235731,-0.29866627,-0.94721156,1
1.5702693,0.38648015,1.3939253,-1.2120945,0.16512603,-1.2770067,0.07846089,-0.23560737,-0.09591829,-1.1152604,1
1.6496569,0.5465219,1.1125804,-1.0550526,0.34024915,-1.376375,-0.11325838,-0.16647248,-0.2757567,-1.2256488,1
1.8496569,0.3465219,0.91258043,-0.85505265,0.54024917,-1.1763749,-0.31325838,0.012107477,-0.075756684,-1.0256487,1
1.6496569,0.14652191,1.1125804,-0.65505266,0.34024918,-0.9763749,-0.16699477,-0.10735435,0.12424332,-1.2256488,1
1.8496569,-0.053478092,1.3060572,-0.45505267,0.2980362,-1.1763749,0.033005238,0.09264565,-0.075756684,-1.0256487,1
1.6496569,-0.2534781,1.5060573,-0.41222134,0.098036185,-1.376375,0.18028091,-0.10735435,-0.2757567,-1.2256488,1
1.4496568,-0.4534781,1.5168749,-0.56078607,-0.10196382,-1.1763749,0.2765534,0.09264565,-0.11432105,-1.0256487,1
1.2496568,-0.32982782,1.3168749,-0.76078606,0.098036185,-0.98235476,0.4037699,0.08028783,-0.31432104,-1.1812842,1
1.0909504,-0.52982783,1.1168748,-0.56078607,-0.034255058,-1.1823548,0.36668268,-0.119712174,-0.11432104,-1.143901,1
0.8909504,-0.7298278,1.3168749,-0.36078608,-0.14004287,-0.9823548,0.5666827,0.08028783,0.085678965,-1.343901,1
0.6909504,-0.9298278,1.4014889,-0.56078607,-0.27629775,-1.1823548,0.3666827,-0.119712174,-0.11432104,-1.5439011,1
0.8909504,-1.1298279,1.2014889,-0.76078606,-0.47629774,-1.3371923,0.1666827,0.08028783,0.085678965,-1.343901,1
0.6905479,-0.9292862,1.4006724,-0.6960655,-0.67590374,-1.5362968,-0.03329789,0.03329198,-0.11425444,-1.5430017,1
0.80300313,-0.65759414,1.4433193,-0.44730008,-0.78979856,-1.5656112,-0.21036367,0.21035835,0.0773164,-1.571657,1
0.60300314,-0.85759413,1.2433193,-0.64730006,-0.58979857,-1.3656112,-0.08999368,0.41035837,-0.1226836,-1.771657,1
0.72862905,-1.0295049,1.4049853,-0.43541995,-0.37944567,-1.5240291,-0.28229153,0.59414744,0.075262904,-1.5299143,1
0.8547042,-0.763471,1.4772183,-0.216679,-0.53331804,-1.4260979,-0.0757406,0.7309282,0.2533502,-1.5922021,1
0.8744509,-0.549353,1.6351949,-0.40623897,-0.32496664,-1.5853554,0.12114604,0.78485674,0.052013483,-1.3573198,1
0.89119416,-0.6986523,1.711027,-0.192285,-0.4894478,-1.3331513,-0.03997178,0.77937,-0.13797386,-1.4519528,1
1.0069828,-0.8293001,1.7635462,0.007119607,-0.63624066,-1.4148326,-0.2214523,0.62803686,0.05723936,-1.1553351,1
0.9182211,-0.94081515,1.8874576,0.1990936,-0.8038358,-1.167757,-0.40512073,0.7959499,-0.13722856,-0.91831523,1
0.7004752,-0.722511,2.0358803,0.38923272,-0.9790329,-0.95405,-0.43208405,0.5812251,-0.32889628,-1.0906837,1
0.5004752,-0.522511,1.8358803,0.18923272,-0.7790329,-1.15405,-0.23208405,0.3812251,-0.5288963,-1.2906837,1
0.30047524,-0.722511,1.6358802,0.38923272,-0.5790329,-0.95405,-0.43208405,0.5812251,-0.3960474,-1.0906837,1
0.38651982,-0.522511,1.8358803,0.18923272,-0.5546294,-0.75405,-0.23208405,0.46821508,-0.5960474,-0.8906837,1
0.4554242,-0.32251102,1.6358802,0.38923272,-0.7546294,-0.95405,-0.09853643,0.26821506,-0.3960474,-0.6906837,1
0.58300686,-0.522511,1.8358803,0.18923272,-0.5546294,-0.75405,0.10146357,0.46821505,-0.54769546,-0.49068373,1
0.38300687,-0.722511,1.6358802,0.38923272,-0.397255,-0.55405,0.30146357,0.43951797,-0.5847411,-0.29068375,1
0.25494152,-0.522511,1.5677881,0.51332575,-0.197255,-0.6048564,0.37952915,0.63951796,-0.38474113,-0.09068374,1
0.4549415,-0.722511,1.3677881,0.39454624,0.0027450025,-0.80485636,0.26949376,0.43951797,-0.20102693,-0.29068375,1
0.25494152,-0.922511,1.2415558,0.19454624,0.202745,-1.0048563,0.069493756,0.23951797,-0.40102693,-0.48281085,1
0.4549415,-0.9395664,1.2521822,0.288776,0.402745,-0.80485636,0.26949376,0.14852141,-0.20102693,-0.28281087,1
0.6549415,-0.7395664,1.4521823,0.08877601,0.54625225,-0.6048564,0.069493756,0.19289976,-0.40102693,-0.48281085,1
0.8549415,-0.9395664,1.6521823,-0.034380496,0.74625224,-0.80485636,-0.13050625,0.39289975,-0.20102693,-0.28281087,1
0.6549415,-1.1395664,1.4521823,-0.2343805,0.87136847,-1.0048563,-0.30618533,0.59289974,-0.40102693,-0.48281085,1
0.8549415,-1.3395665,1.6521823,-0.034380496,1.0713685,-0.9828792,-0.10618533,0.41378546,-0.20102693,-0.28281087,1
0.79843843,-1.1760098,1.4521823,-0.2343805,1.0238281,-0.78287923,-0.30618533,0.61378545,-0.0010269284,-0.19071749,1
0.9984384,-0.9760098,1.6521823,-0.4343805,1.2238282,-0.80976826,-0.50618535,0.41378546,0.06917622,-0.3907175,1
0.79843843,-0.7760098,1.4521823,-0.59047174,1.0238281,-0.6097683,-0.70618534,0.61378545,-0.044258155,-0.1907175,1
0.9984384,-0.9760098,1.6521823,-0.71831834,0.82382816,-0.80976826,-0.50618535,0.41378546,0.15574184,0.0092825,1
1.1984384,-0.7760098,1.8521824,-0.91831833,1.0238281,-1.0097682,-0.34963825,0.21378545,-0.044258162,-0.06650869,1
1.2454603,-0.7097576,1.8276898,-0.99598306,1.089951,-1.0774292,-0.15596765,0.36852056,-0.21753824,-0.23735474,1
1.0454602,-0.9097576,1.8337153,-0.7959831,0.91536176,-0.8981705,0.04403235,0.16852055,-0.41753823,-0.037354738,1
0.84546024,-0.7097576,2.0337152,-0.99598306,1.1153618,-0.923499,0.24403235,0.25064042,-0.21753822,0.16264527,1
0.64546025,-0.7683577,2.2337153,-1.0037628,0.9153618,-0.723499,0.26425913,0.05064042,-0.41753823,-0.037354738,1
0.44546026,-0.5683577,2.0337152,-0.80376285,1.1153618,-0.923499,0.06425913,-0.14935958,-0.6175382,-0.08643058,1
0.24546026,-0.7683577,1.8337152,-0.8993075,0.9153618,-1.123499,0.26425913,-0.34935957,-0.59464395,0.11356942,1
0.4374936,-0.55819315,1.997344,-1.0796474,1.0954145,-1.2998295,0.063109905,-0.53953475,-0.3875861,-0.084884845,1
0.5426992,-0.35298783,2.1654117,-0.8668642,0.8824022,-1.4780337,-0.13490078,-0.33460057,-0.18486005,0.11344228,1
0.7193028,-0.14816841,2.290897,-0.64585674,1.0483046,-1.2377732,0.063048474,-0.1303604,-0.37273622,0.06621087,1
0.8805188,-0.33715165,2.0247364,-0.610618,1.2088057,-1.3922791,0.20537364,-0.31990713,-0.16727048,0.2577874,1
0.659216,-0.13285828,2.155094,-0.55809116,0.9772262,-1.5424348,0.005205427,-0.50363207,0.031704966,0.05597844,1
0.4331044,0.06332396,2.2211802,-0.71498513,0.7330321,-1.6433578,0.15781726,-0.28636718,0.015520218,-0.13583232,1
0.6331044,-0.13667604,2.0211802,-0.8495228,0.9330321,-1.4433577,0.35781726,-0.086367175,0.15674941,-0.33583233,1
0.4331044,-0.30331236,1.8211801,-0.64952284,0.7330321,-1.5778557,0.15781726,-0.28636718,0.35674942,-0.53583235,1
0.22848971,-0.49334848,1.9811677,-0.83270514,0.6627134,-1.7426603,-0.0007897994,-0.47673875,0.45078626,-0.42359537,1
0.028489709,-0.69334847,1.7811676,-0.63270515,0.8627134,-1.6150898,0.1992102,-0.27673876,0.6507863,-0.4570794,1
0.22070771,-0.4765458,1.9136922,-0.7931802,0.64014244,-1.7532707,-0.00076290674,-0.4605018,0.8218098,-0.24832371,1
0.3407786,-0.27654582,1.7136922,-0.9931802,0.44014245,-1.5532707,-0.20076291,-0.6605018,0.62180984,-0.048323706,1
0.5407786,-0.07654582,1.5136921,-1.1931802,0.285312,-1.7532707,-0.40076292,-0.7615016,0.42180985,-0.24832371,1
0.3407786,-0.27654582,1.4399778,-1.0049568,0.085311994,-1.8636606,-0.20076291,-0.56240433,0.5505986,-0.44832373,1
0.14077859,-0.39353383,1.2900394,-1.2049569,-0.11468801,-2.0636606,-0.40076292,-0.36240435,0.35059863,-0.24832372,1
-0.059221417,-0.19353382,1.4900395,-1.0049568,-0.31468803,-1.8636606,-0.20076291,-0.16240434,0.15059863,-0.29330474,1
-0.12841314,0.00646618,1.2900394,-1.2049569,-0.17904894,-1.8967874,-0.3856116,-0.061481923,0.13803244,-0.49330473,1
-0.32841313,-0.19353382,1.0900394,-1.0049568,0.020951062,-2.0967875,-0.4653368,-0.26148194,-0.061967567,-0.6933047,1
-0.21223179,0.00646618,1.2900394,-0.80495685,0.22095107,-2.2640827,-0.2653368,-0.46148193,-0.26196757,-0.49330473,1
-0.011584789,0.19554526,1.4112246,-0.95180017,0.3986851,-2.3337464,-0.3262301,-0.2613951,-0.058689825,-0.5297456,1
0.14822003,0.22738974,1.1937386,-1.1351721,0.19581676,-2.4463432,-0.12440777,-0.060508758,-0.25495523,-0.32498518,1
0.31808996,0.3904094,1.273144,-0.8542554,0.07041539,-2.4173656,-0.29633805,-0.23796798,-0.41558975,-0.47956032,1
0.15425657,0.559303,1.3955296,-0.61978513,-0.122757286,-2.4794664,-0.1955635,-0.035967592,-0.24341433,-0.26483136,1
-0.042054612,0.33032823,1.4668635,-0.69041836,-0.12427163,-2.4633899,-0.3636646,0.15080458,-0.1359001,-0.059603255,1
0.14532001,0.13032822,1.2668635,-0.89041835,-0.32427162,-2.2633898,-0.5636646,0.35080457,-0.3359001,-0.25960326,1
0.34532002,-0.06967178,1.0668634,-0.69041836,-0.5242716,-2.4633899,-0.7636646,0.15080456,-0.1359001,-0.05960326,1
0.5213757,0.12460568,1.2112371,-0.46888474,-0.31003326,-2.409034,-0.9213513,0.33540118,-0.32115117,-0.24820441,1
0.7213757,0.32460567,1.1662403,-0.65334064,-0.51003325,-2.209034,-0.7213513,0.3899091,-0.121151164,-0.4482044,1
0.6620846,0.5222635,1.3601407,-0.45131665,-0.3086491,-2.3982785,-0.5190237,0.18906121,0.07849681,-0.27734342,1
0.67466414,0.71909785,1.1550558,-0.25021514,-0.45858282,-2.39232,-0.7158722,0.38735598,0.04822057,-0.18063256,1
0.47466415,0.51909786,1.1576606,-0.05021514,-0.6585828,-2.3143837,-0.8998127,0.5261264,-0.15177943,-0.38063258,1
0.67466414,0.42581338,1.3576607,-0.25021514,-0.45858282,-2.1143837,-1.0998127,0.3261264,-0.23142567,-0.18063258,1
0.77358735,0.28240618,1.3867161,-0.044704307,-0.586307,-2.060393,-1.1571655,0.46838695,-0.38407913,-0.3192444,1
0.97358733,0.4824062,1.1867161,0.1552957,-0.47524548,-1.860393,-1.3571656,0.66838694,-0.18407913,-0.4076988,1
0.8217633,0.2824062,1.3867161,-0.044704303,-0.67524546,-1.7026964,-1.3745611,0.8683869,-0.38407913,-0.2076988,1
0.7149782,0.08240621,1.5867162,-0.2447043,-0.87524545,-1.5026964,-1.174561,0.66838694,-0.5120015,-0.4076988,1
0.51497823,-0.117593795,1.3936257,-0.4447043,-0.9388182,-1.7026964,-0.97456104,0.5176606,-0.7120015,-0.6076988,1
0.28367957,-0.28603524,1.4352709,-0.22038859,-1.0256566,-1.71363,-1.0578476,0.64634836,-0.821378,-0.72743964,1
0.4836796,-0.48603523,1.4090568,-0.020388588,-0.88527167,-1.5136299,-1.2578477,0.7738557,-0.621378,-0.92743963,1
0.64559114,-0.27009997,1.3365322,0.1696051,-1.0248102,-1.618162,-0.99891394,0.5418857,-0.77561826,-1.064629,1
0.43808833,-0.06891963,1.5106603,0.36338174,-0.81092215,-1.3942832,-1.1787268,0.72939384,-0.5659261,-1.2433354,1
0.22976707,-0.25952083,1.6508722,0.47088438,-0.5895702,-1.5385625,-0.94452,0.5108914,-0.35313687,-1.3928903,1
0.39602157,-0.42343906,1.3369491,0.61820626,-0.39575183,-1.60205,-1.0546519,0.49446753,-0.50970435,-1.467816,1
0.19300279,-0.21999805,1.1194398,0.8056057,-0.1927372,-1.774298,-0.84149003,0.28993264,-0.58151776,-1.6421313,1
0.33959648,-0.36292326,1.1401373,0.86895096,-0.33936697,-1.7060047,-0.8999589,0.42335424,-0.38648644,-1.5917987,1
0.2807545,-0.16292326,0.9401373,0.668951,-0.45353925,-1.9060048,-0.6999589,0.22335424,-0.18648644,-1.3917986,1
0.47804737,-0.36087966,1.1337172,0.8640579,-0.25211158,-2.006044,-0.89489126,0.4106051,-0.38431016,-1.1850876,1
0.60797197,-0.14425293,1.1958791,0.9540888,-0.4053864,-1.9657102,-0.62307507,0.1888393,-0.5239224,-1.2419404,1
0.7850203,0.054163497,1.3562272,0.7326678,-0.19955207,-1.974399,-0.48270673,0.15704343,-0.7033583,-1.1463865,1
0.56252474,-0.1402287,1.4963862,0.8968043,-0.17230849,-1.7061687,-0.3624599,0.3433142,-0.86862177,-1.2946144,1
0.34592807,0.057034925,1.2370366,0.66490406,-0.35526392,-1.8189029,-0.3570984,0.51844084,-1.0196995,-1.4261899,1
0.5108133,-0.13376938,1.3446046,0.8092723,-0.51954865,-1.8890444,-0.14699362,0.33795893,-0.98372114,-1.1473198,1
0.2834665,0.060403343,1.0438969,0.92047185,-0.6562394,-1.9052404,0.04834263,0.49062678,-1.0795718,-1.2287763,1
0.19133206,-0.1318457,1.1748308,1.0582588,-0.8086975,-1.988349,0.23455366,0.27449,-0.8739997,-0.97165453,1
0.37841642,0.06590492,1.3294555,0.8299326,-0.5886079,-1.8625396,0.42021155,0.20464258,-1.0385531,-1.132985,1
0.5784164,-0.13409507,1.1294554,1.0299326,-0.4609083,-1.6625396,0.62021154,0.004642576,-1.1142036,-1.1208422,1
0.71498793,-0.22885258,1.2525718,0.7819368,-0.5288194,-1.7548271,0.7580231,0.1783863,-0.86133426,-1.2444566,1
0.51498795,-0.3058681,1.0525718,0.7380389,-0.3288194,-1.5548271,0.6040148,-0.021613702,-0.6613343,-1.307119,1
0.7124171,-0.5040492,1.2480681,0.5361043,-0.42312714,-1.7485175,0.8011239,-0.22081687,-0.45967552,-1.5017,1
0.6089428,-0.29831168,1.1059718,0.514424,-0.39144683,-1.9117483,0.62572145,-0.020424042,-0.25477535,-1.6695884,1
0.42747182,-0.4983117,0.9059718,0.31442404,-0.5914468,-1.7117482,0.42572147,-0.22042404,-0.45477533,-1.8695885,1
0.6274718,-0.2983117,0.70597184,0.114424035,-0.7914468,-1.9117483,0.22572146,-0.42042404,-0.25477535,-1.6695884,1
0.79861444,-0.48093352,0.87437683,0.30345878,-0.9568709,-1.6520525,0.3087627,-0.5172981,-0.1032878,-1.8043882,1
0.67280346,-0.64359,0.6373928,0.097784914,-0.7153628,-1.7504828,0.10279796,-0.6779602,-0.28665498,-1.8944639,1
0.45886198,-0.4305099,0.8127007,0.21737383,-0.8883716,-1.8929691,0.2938694,-0.8520719,-0.08409979,-1.6444994,1
0.3402143,-0.6024056,0.75877506,0.016599411,-0.6576882,-1.9996774,0.089685276,-0.6230065,0.11073408,-1.762283,1
0.14021431,-0.8024056,0.95877504,0.21659942,-0.4576882,-1.8188077,0.28968528,-0.8230065,0.3107341,-1.5622829,1
0.3247289,-0.57498616,1.0100622,0.015843868,-0.6277525,-1.9269184,0.46739647,-0.5946494,0.4002155,-1.6444265,1
0.31483796,-0.33998382,0.73444855,-0.16696644,-0.75048757,-1.9283854,0.6050997,-0.72047436,0.5043847,-1.6722622,1
0.11483796,-0.13998382,0.53444856,0.033033565,-0.5504876,-1.7283853,0.7149515,-0.92047435,0.7043847,-1.8531365,1
0.30338204,-0.32761294,0.3222791,0.073199145,-0.72317976,-1.4727724,0.49621412,-1.0389779,0.87147707,-1.9784297,1
0.32323945,-0.50412446,0.4990281,0.26103675,-0.7016474,-1.2161106,0.6534147,-1.1838206,1.0237767,-1.8645298,1
0.12323944,-0.30412447,0.6990281,0.06103675,-0.5016474,-1.0161105,0.8534147,-1.3838207,1.2237767,-1.7090242,1
-0.0710772,-0.31379503,0.8324639,-0.1286744,-0.27931342,-0.7556856,0.97541976,-1.4665544,1.1449592,-1.7676798,1
0.11402942,-0.3888649,0.9131919,-0.29070538,-0.14611001,-0.84528315,1.0396333,-1.4740312,0.9481596,-1.74037,1
-0.08269358,-0.5664187,0.68600667,-0.47200078,-0.33291706,-1.0054393,0.80762833,-1.2254679,1.1043943,-1.8664075,1
0.10584231,-0.6915182,0.635957,-0.24541871,-0.48083618,-1.0876342,0.5482461,-1.2861599,1.1769186,-1.8143479,1
-0.082314104,-0.7793789,0.62428445,-0.3893919,-0.59519744,-0.9079275,0.6541282,-1.2992238,1.2037234,-1.7609738,1
-0.28231412,-0.816818,0.82428443,-0.1893919,-0.7951974,-0.8926782,0.4541282,-1.0992237,1.4037235,-1.5609738,1
-0.31428334,-0.98768747,0.6063995,0.010304198,-0.96668625,-0.67283386,0.63538826,-1.2620027,1.5577788,-1.3219836,1
-0.11428334,-1.1876875,0.4063995,-0.1896958,-1.1666863,-0.47283387,0.83538824,-1.0620027,1.3836191,-1.1219835,1
0.085716665,-0.9876875,0.20639949,-0.19928913,-0.9666863,-0.27283388,1.0353882,-0.8620027,1.5836191,-0.9309725,1
-0.11428334,-0.78768754,0.4063995,0.0007108748,-0.7666863,-0.07283388,0.83538824,-0.6620027,1.3836191,-0.7309725,1
0.085716665,-0.6843499,0.20639949,0.20071088,-0.9666863,-0.27283388,0.63538826,-0.8620027,1.183619,-0.9309725,1
0.27975497,-0.4843499,0.4063995,0.0007108748,-0.7666863,-0.47283387,0.43538827,-1.0620027,0.98361903,-0.8781901,1
0.07975496,-0.39544103,0.2640624,-0.19928913,-0.71993846,-0.38449818,0.23538826,-1.2620027,0.78361905,-0.6781901,1
0.27975497,-0.59544104,0.0640624,0.0007108748,-0.91993845,-0.18449818,0.03538826,-1.0620027,0.58361906,-0.8781901,1
0.47975498,-0.39544106,-0.1359376,0.20071088,-0.71993846,0.015501827,0.08146991,-1.2620027,0.78361905,-0.93414074,1
0.279755,-0.19544105,0.0640624,0.0430333,-0.91993845,0.21550183,-0.118530095,-1.4620028,0.58361906,-0.73414075,1
0.47975498,0.0045589507,-0.1359376,0.037390433,-0.71993846,0.015501827,-0.04288888,-1.2620027,0.38361907,-0.93414074,1
0.279755,-0.06426149,0.0640624,-0.116596036,-0.51993847,0.21550183,0.15711112,-1.4620028,0.18361907,-1.1341407,1
0.47975498,-0.14391346,-0.1359376,0.08340397,-0.71993846,0.1679203,-0.04288888,-1.5047381,-0.016380936,-1.3341408,1
0.679755,-0.05176454,-0.33593762,-0.116596036,-0.51993847,-0.032079697,0.15711112,-1.304738,0.18361907,-1.5341408,1
0.47975498,-0.028772691,-0.13593762,0.07486837,-0.6140491,-0.2320797,0.1316691,-1.5047381,-0.016380936,-1.7341409,1
0.279755,-0.2287727,0.06406239,-0.12513164,-0.4140491,-0.4320797,-0.0683309,-1.7047381,0.18361907,-1.9341409,1
0.47975498,-0.028772697,0.24684115,0.074868366,-0.43131518,-0.2320797,0.1316691,-1.5047381,-0.016380936,-1.7341409,1
0.279755,0.15523952,0.39497024,0.27486837,-0.6313152,-0.4320797,0.10031131,-1.6754795,0.081918254,-1.9341409,1
0.47975498,0.2279183,0.19497024,0.42361668,-0.43131518,-0.4657051,0.30031133,-1.5332824,0.28191826,-1.9333498,1
0.679755,0.42791831,-0.0050297678,0.22361667,-0.3975817,-0.6657051,0.100311324,-1.7332824,0.081918254,-1.909028,1
0.47975498,0.5900961,-0.10670038,0.023616672,-0.1975817,-0.4657051,0.30031133,-1.9332825,0.28191826,-1.709028,1
0.66996294,0.6447056,0.09195562,-0.029893404,-0.39185444,-0.6561154,0.09886631,-1.9407712,0.47497612,-1.881528,1
0.46996295,0.63495487,0.29195562,-0.2298934,-0.19185443,-0.8561154,0.29886633,-1.7407712,0.27497613,-1.681528,1
0.26996297,0.44910157,0.24425259,-0.4298934,-0.12830737,-1.0561154,0.31005105,-1.5407711,0.19597556,-1.5888444,1
0.06996296,0.64910156,0.4442526,-0.52497536,-0.3283074,-0.8561154,0.11005105,-1.7407712,0.24909057,-1.5930734,1
-0.022829898,0.44910157,0.2442526,-0.72497535,-0.5283074,-0.67853785,-0.08994895,-1.9407712,0.44909057,-1.3930733,1
0.1771701,0.24910156,0.21157123,-0.52497536,-0.72830737,-0.47853786,-0.16222525,-1.7407712,0.6490906,-1.1930733,1
0.3771701,0.44910157,0.41157123,-0.72497535,-0.5743276,-0.49090973,-0.21914904,-1.5407711,0.4845281,-1.3930733,1
0.17717008,0.24910156,0.61157125,-0.52497536,-0.7743276,-0.69090974,-0.019149035,-1.7407712,0.5074788,-1.5289975,1
0.3771701,0.44910157,0.66212606,-0.72497535,-0.96017015,-0.89090973,-0.21914904,-1.5407711,0.70747876,-1.7289976,1
0.514265,0.5783568,0.768164,-0.82416344,-1.0337247,-0.61560833,-0.26323256,-1.5510467,0.5049614,-1.7187586,1
0.32007444,0.35584134,0.91054994,-0.96321696,-1.0379217,-0.7670726,-0.43566626,-1.2706479,0.5362022,-1.804576,1
0.35989457,0.5288823,1.0566869,-0.7262,-0.79728144,-0.7617867,-0.6048356,-1.3993196,0.31989598,-1.817849,1
0.31005135,0.32888234,1.2566869,-0.5262,-0.59728146,-0.9617867,-0.40483564,-1.3474591,0.44154876,-1.617849,1
0.11005135,0.5288823,1.456687,-0.3262,-0.39728147,-0.9706447,-0.6048356,-1.147459,0.42159408,-1.817849,1
0.31005135,0.7288823,1.2566869,-0.31731832,-0.59728146,-1.1706448,-0.5545419,-1.0987359,0.36030293,-1.617849,1
0.47371048,0.70289534,1.1114632,-0.48045963,-0.74047554,-1.2729871,-0.63195854,-1.061095,0.5203816,-1.6883283,1
0.25617054,0.52885664,1.212235,-0.6289745,-0.869317,-1.3081527,-0.3992756,-1.0143287,0.29614085,-1.7454531,1
0.056170538,0.32885665,1.0894183,-0.4289745,-0.669317,-1.1081526,-0.1992756,-0.81432873,0.49614084,-1.5454531,1
0.25617054,0.52885664,1.2894183,-0.6289745,-0.869317,-1.2231688,-0.3992756,-1.0143287,0.29614085,-1.7454531,1
0.056170538,0.7288566,1.0894183,-0.8289745,-0.669317,-1.4231689,-0.5992756,-0.81432873,0.09614085,-1.5454531,1
0.2264373,0.8252712,0.83747506,-0.968881,-0.44190827,-1.5283737,-0.7525968,-0.9550906,0.24323699,-1.5995574,1
0.024436358,0.9476723,0.589227,-1.0804129,-0.59332466,-1.5975597,-0.5107728,-0.69794065,0.40969008,-1.6633557,1
-0.16199298,1.0589598,0.3591407,-1.18144,-0.3629216,-1.6586125,-0.28675082,-0.6075696,0.19348152,-1.7193227,1
0.036869105,0.83324295,0.54240024,-1.3400803,-0.15804379,-1.8029665,-0.08415353,-0.78339124,0.38170084,-1.4738348,1
0.2174841,0.9486839,0.6816433,-1.0467777,-0.32874203,-1.8390467,-0.26089883,-0.5356474,0.53409535,-1.5368507,1
0.017484099,0.7486839,0.8816433,-1.2467778,-0.12874202,-1.6390467,-0.46089882,-0.3356474,0.33409536,-1.3656459,1
-0.17620307,0.91587096,0.90310955,-1.3967369,0.06879332,-1.7754381,-0.6380397,-0.5171205,0.51562214,-1.1253287,1
-0.18368441,0.6937996,1.0690991,-1.547507,0.09409126,-1.5860877,-0.4245343,-0.69501054,0.33090708,-1.2844669,1
-0.0057139937,0.47051162,1.2092474,-1.6650932,-0.100913994,-1.3207185,-0.21394506,-0.8528011,0.12473338,-1.4144582,1
0.18860446,0.6509037,1.1970813,-1.8105519,-0.2921143,-1.0879451,-0.40184,-1.0019844,-0.07306559,-1.1789434,1
-0.010509945,0.415862,0.9195937,-1.854303,-0.08495568,-1.1878532,-0.51437503,-1.1085728,0.11706977,-1.2717797,1
-0.1942739,0.19921316,0.8567579,-1.7415307,-0.26297784,-1.2701812,-0.29012817,-1.2076463,0.29261506,-1.3582654,1
0.005726099,-0.0007868409,0.7361779,-1.9415307,-0.062977836,-1.338735,-0.44617492,-1.0076462,0.09261505,-1.1582654,1
-0.1804971,-0.18654817,0.8697894,-1.9896654,-0.24432893,-1.4296166,-0.22871758,-1.1220068,-0.09976981,-0.8903106,1
0.019502908,-0.38654816,0.66978943,-1.7896653,-0.44432893,-1.6296166,-0.028717577,-0.9220068,-0.072606534,-0.6903106,1
-0.17874545,-0.18473779,0.46523035,-1.9703565,-0.24195781,-1.811861,-0.086789005,-1.1111182,0.12615716,-0.48555234,1
0.021254554,0.015262216,0.26523036,-2.1703565,-0.04195781,-1.611861,-0.11321364,-0.9111182,-0.07384284,-0.68555236,1
0.12626469,0.21526222,0.46523035,-1.9703565,0.15804219,-1.411861,0.08678636,-0.7111182,-0.27384284,-0.88555235,1
-0.07373531,0.41526222,0.26523036,-2.1703565,0.35804218,-1.2118609,-0.11321364,-0.9111182,-0.40285218,-0.90044063,1
0.12626469,0.21526222,0.46523035,-1.9703565,0.55804217,-1.411861,-0.31321365,-0.7111182,-0.22227336,-1.1004406,1
0.32626468,0.015262216,0.26523036,-1.865604,0.4506298,-1.2118609,-0.51321363,-0.51111823,-0.022273362,-1.3004407,1
0.12626468,0.21526222,0.46523035,-1.665604,0.6506298,-1.344001,-0.7132136,-0.7111182,-0.22227336,-1.5004407,1
0.2998072,0.41526222,0.35743934,-1.865604,0.45280817,-1.5440011,-0.51321363,-0.51111823,-0.29160073,-1.3004407,1
0.09980719,0.6152622,0.15743934,-1.665604,0.4199194,-1.7440012,-0.5547531,-0.5356911,-0.45414594,-1.1004406,1
-0.03857145,0.41233283,-0.04226043,-1.8524435,0.6155463,-1.5331092,-0.7494288,-0.73050123,-0.2523531,-1.2275516,1
0.14458592,0.3772521,0.14128183,-1.8383019,0.43556377,-1.5522853,-0.58700943,-0.8334174,-0.40515688,-1.2786081,1
-0.05541408,0.29909992,0.34128183,-2.038302,0.44506615,-1.3522853,-0.38700944,-1.0308251,-0.20515688,-1.078608,1
-0.25541407,0.11061372,0.5412818,-1.8383019,0.24506615,-1.2550035,-0.18700944,-1.2308252,-0.40515688,-1.2786081,1
-0.41739896,0.23920882,0.67940426,-1.8681574,0.04130431,-1.333549,0.011906194,-0.9447784,-0.5546422,-1.3551832,1
-0.5580719,0.08078606,0.80142874,-1.8847768,-0.14462438,-1.1312329,0.19311677,-0.817181,-0.6877291,-1.4172873,1
-0.350319,0.2747065,0.9797459,-1.6482983,-0.13332585,-1.3024092,0.38460505,-0.99242646,-0.4771689,-1.4319408,1
-0.550319,0.19947118,0.77974594,-1.8482983,0.06667416,-1.1024091,0.58460504,-0.79242647,-0.27716887,-1.2319407,1
-0.750319,-0.0005288273,0.7371066,-1.6482983,0.26667416,-0.90240914,0.38460505,-0.5924265,-0.47716886,-1.2690659,1
-0.550319,-0.20052883,0.9371066,-1.8482983,0.46667415,-1.1024091,0.18460505,-0.3924265,-0.67716885,-1.0690658,1
-0.67593795,-0.00052758964,0.7353815,-2.0435045,0.2747522,-1.299361,0.3837049,-0.19197613,-0.5248819,-1.2660956,1
-0.8166411,0.18596907,0.8720606,-1.7187079,0.06969183,-1.3978614,0.5441908,-0.06367946,-0.6758108,-1.366848,1
-1.0166411,-0.014030933,0.6720606,-1.918708,-0.13030818,-1.1978613,0.34419084,0.12887596,-0.47581083,-1.166848,1
-1.2099788,-0.2128589,0.46947563,-2.072331,0.06931019,-0.992397,0.14340125,-0.070734575,-0.33553997,-1.3593631,1
-0.9894075,-0.4044498,0.6558397,-1.8341951,-0.12802792,-1.1681103,-0.055445947,-0.26522025,-0.5246321,-1.527602,1
-1.1894075,-0.20444979,0.4558397,-1.6341951,0.03705661,-0.96811026,0.14455405,-0.46522027,-0.7246321,-1.3276019,1
-1.3732144,-0.39973605,0.25285795,-1.812818,0.23429377,-0.75915813,0.34053838,-0.5090996,-0.91385573,-1.3276857,1
-1.1732143,-0.19973604,0.45285797,-1.612818,0.03429377,-0.55915815,0.5388928,-0.7090996,-1.1138557,-1.5276858,1
-1.1903698,0.00024497166,0.6058956,-1.6531817,0.053036757,-0.70454925,0.68574166,-0.47247827,-0.8481189,-1.6034073,1
-1.2909651,-0.1854735,0.376876,-1.7206881,-0.13645607,-0.46847638,0.82241535,-0.34022096,-0.6017815,-1.6744723,1
-1.090965,-0.24499738,0.176876,-1.7714008,-0.33645606,-0.6684764,0.62241536,-0.14022096,-0.8017815,-1.4744723,1
-0.89096504,-0.44499737,-0.02312401,-1.666303,-0.497752,-0.51001084,0.82241535,0.059779048,-1.0017815,-1.4888827,1
-1.0685425,-0.63174075,0.17307553,-1.436166,-0.29163232,-0.3036392,1.0014017,0.2544398,-1.1770813,-1.6541711,1
-0.8685425,-0.83174074,0.37307554,-1.236166,-0.249932,-0.1036392,1.0147861,0.45443982,-0.97708136,-1.4541711,1
-0.7417345,-1.0317408,0.17307554,-1.0972486,-0.39253813,0.0963608,1.2147862,0.6544398,-0.7770814,-1.6541711,1
-0.75186527,-0.8317408,0.37307554,-0.89724857,-0.5925381,-0.1036392,1.4147862,0.45443982,-0.97708136,-1.4541711,1
-0.5518653,-1.0317408,0.17307554,-0.6972486,-0.39253813,-0.3036392,1.6147863,0.6544398,-0.7770814,-1.6541711,1
-0.58910716,-0.8317408,0.37307554,-0.4972486,-0.5925381,-0.5036392,1.4147862,0.45443982,-0.97708136,-1.8541712,1
-0.3881894,-1.0293072,0.17266731,-0.69560397,-0.7906688,-0.44374254,1.2119209,0.6218665,-1.174305,-1.7943325,1
-0.1881894,-0.82930726,0.08029122,-0.49560398,-0.5906688,-0.24374254,1.0119208,0.6921624,-0.974305,-1.6526864,1
0.011810601,-0.62930727,0.28029123,-0.69560397,-0.7906688,-0.28265464,1.2119209,0.73269564,-1.0267566,-1.4526863,1
0.2118106,-0.82930726,0.08029123,-0.49560398,-0.5906688,-0.48265463,1.22494,0.57840246,-1.1514152,-1.2526863,1
0.37604436,-0.62930727,-0.11970878,-0.69560397,-0.3906688,-0.28265464,1.42494,0.37840247,-1.3514153,-1.4526863,1
0.5760444,-0.42930728,0.08029123,-0.89560395,-0.36003214,-0.48265463,1.22494,0.17840247,-1.3128862,-1.6526864,1
0.3760444,-0.22930728,0.28029123,-1.095604,-0.16003214,-0.6826546,1.42494,-0.014084011,-1.1128862,-1.8526864,1
0.5560811,-0.02829161,0.077508666,-1.2507038,-0.34755492,-0.8520655,1.5686264,-0.01265401,-1.1255263,-1.5954112,1
0.49666366,0.16583104,-0.11829862,-1.4010482,-0.1425043,-0.66523796,1.3257883,0.18093339,-1.2202413,-1.7339567,1
0.29666364,0.32961637,0.08170138,-1.6010482,-0.34250432,-0.46523798,1.1257882,0.3809334,-1.4202414,-1.5339566,1
0.09666364,0.27102542,0.2817014,-1.4010482,-0.5425043,-0.265238,1.3257883,0.5809334,-1.2350392,-1.635325,1
