[validate_spec] experiment_specs/capture24_grid/capture24_k0_gpu0_restart.yaml: OK
[main] spec=capture24_k0_gpu0_restart.yaml device=cuda:0
[main] exp_group=SPEC_capture24_k0_gpu0_restart_f6395e6c__G202605111117
[main] seeds=[42]
[Training Process 0] ---- running seed=42 ----
FFNN Using device: cuda:0
FFNN Using device: cuda:0
[Tracker Process 0] Experiment: SPECcapture24_k0_gpu0_restart_EP5000_PCA10_REWwgl_minID1_majID0_TRJ3000_REAL2000_GG202605111117_43a8f51c
[Tracker Process 0] Seed folder: /storage_1/epigou_storage/FORGE/training_runs/SPECcapture24_k0_gpu0_restart_EP5000_PCA10_REWwgl_minID1_majID0_TRJ3000_REAL2000_GG202605111117_43a8f51c/seed_42
[Tracker Process 0] Run: 2026-05-11_11-17-33_seed42_79533_7a1983e2
[Tracker Process 0] Metrics CSV: /storage_1/epigou_storage/FORGE/training_runs/SPECcapture24_k0_gpu0_restart_EP5000_PCA10_REWwgl_minID1_majID0_TRJ3000_REAL2000_GG202605111117_43a8f51c/seed_42/metrics.csv
[Tracker Process 0] Mirroring console to: /storage_1/epigou_storage/FORGE/training_runs/SPECcapture24_k0_gpu0_restart_EP5000_PCA10_REWwgl_minID1_majID0_TRJ3000_REAL2000_GG202605111117_43a8f51c/seed_42/console.log
[capture24] Cache: 992,430 windows, 40 participants
[capture24] MVPA=47,324  (4.8%),  female=505,628  (50.9%)
[TRAIN] size=2,000, MVPA=70 (3.5%), female=1,013, female_MVPA=30, male_MVPA=40
[VAL] size=2,000, MVPA=61 (3.0%), female=1,081, female_MVPA=34, male_MVPA=27
[TEST] size=211,857, MVPA=11,454 (5.4%), female=97,271, female_MVPA=5,441, male_MVPA=6,013
use_pca=True | theta_dim=10
FFNN Using device: cuda:0
FFNN Using device: cuda:0
Beta will train with: 40.00% real data, 60.00% synthetic data: 
[disadv Process 0] group=1 per_g={0: 0.04894532263278961, 1: 0.09287402778863907} worst_4g=2.0865 soft_eo_alpha=0.4048
Anchors: 30 (disadv=1) sigma_anchor=0.8500
[Tracker Process 0] Alpha model state_dict saved to /storage_1/epigou_storage/FORGE/training_runs/SPECcapture24_k0_gpu0_restart_EP5000_PCA10_REWwgl_minID1_majID0_TRJ3000_REAL2000_GG202605111117_43a8f51c/seed_42/alpha_state_dict.pt
[Tracker Process 0] Alpha model config saved to /storage_1/epigou_storage/FORGE/training_runs/SPECcapture24_k0_gpu0_restart_EP5000_PCA10_REWwgl_minID1_majID0_TRJ3000_REAL2000_GG202605111117_43a8f51c/seed_42/ffnn_meta.json

============================================================
[Phase Process 0] Starting phase1_class1 | target_class=1 | episodes=5000
============================================================
/home/epigou/envs/rl/lib/python3.10/site-packages/torch/_inductor/compile_fx.py:194: UserWarning:

TensorFloat32 tensor cores for float32 matrix multiplication available but not enabled. Consider setting `torch.set_float32_matmul_precision('high')` for better performance.

[Tracker Process 0] CSV header written with 44 columns.
[Tracker Process 0] Ep    1 | Return -0.09 | Global -0.0913 | Local 0.1192 | F1_macro 0.6427 | WorstLoss 2.2770
[Tracker Process 0] New BEST synthetic [phase1_class1] (by global.global_obj: -0.091283) saved.
[Tracker Process 0] BEST β weights [phase1_class1] saved -> /storage_1/epigou_storage/FORGE/training_runs/SPECcapture24_k0_gpu0_restart_EP5000_PCA10_REWwgl_minID1_majID0_TRJ3000_REAL2000_GG202605111117_43a8f51c/seed_42/best_beta_state_dict_phase1_class1.pt
[Tracker Process 0] Ep    2 | Return -0.01 | Global -0.0141 | Local 0.1192 | F1_macro 0.6968 | WorstLoss 2.1160
[Tracker Process 0] New BEST synthetic [phase1_class1] (by global.global_obj: -0.014115) saved.
[Tracker Process 0] BEST β weights [phase1_class1] saved -> /storage_1/epigou_storage/FORGE/training_runs/SPECcapture24_k0_gpu0_restart_EP5000_PCA10_REWwgl_minID1_majID0_TRJ3000_REAL2000_GG202605111117_43a8f51c/seed_42/best_beta_state_dict_phase1_class1.pt
[Tracker Process 0] Ep    3 | Return -0.03 | Global -0.0262 | Local 0.1192 | F1_macro 0.7359 | WorstLoss 2.1412
[Tracker Process 0] Ep    4 | Return -0.18 | Global -0.1840 | Local 0.1192 | F1_macro 0.6673 | WorstLoss 2.4705
[Tracker Process 0] Ep    5 | Return 0.04 | Global 0.0404 | Local 0.1192 | F1_macro 0.7006 | WorstLoss 2.0022
[Tracker Process 0] New BEST synthetic [phase1_class1] (by global.global_obj: 0.040417) saved.
[Tracker Process 0] BEST β weights [phase1_class1] saved -> /storage_1/epigou_storage/FORGE/training_runs/SPECcapture24_k0_gpu0_restart_EP5000_PCA10_REWwgl_minID1_majID0_TRJ3000_REAL2000_GG202605111117_43a8f51c/seed_42/best_beta_state_dict_phase1_class1.pt
[Tracker Process 0] Ep    6 | Return -0.11 | Global -0.1053 | Local 0.1192 | F1_macro 0.6566 | WorstLoss 2.3063
[Tracker Process 0] Ep    7 | Return 0.01 | Global 0.0093 | Local 0.1192 | F1_macro 0.6767 | WorstLoss 2.0671
[Tracker Process 0] Ep    8 | Return -0.03 | Global -0.0279 | Local 0.1192 | F1_macro 0.6841 | WorstLoss 2.1448
[Tracker Process 0] Ep    9 | Return -0.31 | Global -0.3064 | Local 0.1192 | F1_macro 0.6388 | WorstLoss 2.7258
[Tracker Process 0] Ep   10 | Return 0.14 | Global 0.1445 | Local 0.1192 | F1_macro 0.7071 | WorstLoss 1.7849
[Tracker Process 0] New BEST synthetic [phase1_class1] (by global.global_obj: 0.144549) saved.
[Tracker Process 0] BEST β weights [phase1_class1] saved -> /storage_1/epigou_storage/FORGE/training_runs/SPECcapture24_k0_gpu0_restart_EP5000_PCA10_REWwgl_minID1_majID0_TRJ3000_REAL2000_GG202605111117_43a8f51c/seed_42/best_beta_state_dict_phase1_class1.pt
[Tracker Process 0] Ep   11 | Return -0.24 | Global -0.2406 | Local 0.1192 | F1_macro 0.6579 | WorstLoss 2.5884
[Tracker Process 0] Ep   12 | Return -0.01 | Global -0.0129 | Local 0.1192 | F1_macro 0.6672 | WorstLoss 2.1134
[Tracker Process 0] Ep   13 | Return 0.01 | Global 0.0140 | Local 0.1192 | F1_macro 0.7312 | WorstLoss 2.0573
[Tracker Process 0] Ep   14 | Return -0.52 | Global -0.5212 | Local 0.1192 | F1_macro 0.6352 | WorstLoss 3.1740
[Tracker Process 0] Ep   15 | Return -0.21 | Global -0.2148 | Local 0.1192 | F1_macro 0.6623 | WorstLoss 2.5346
[Tracker Process 0] Ep   16 | Return 0.09 | Global 0.0944 | Local 0.1192 | F1_macro 0.7312 | WorstLoss 1.8895
[Tracker Process 0] Ep   17 | Return -0.05 | Global -0.0505 | Local 0.1192 | F1_macro 0.7180 | WorstLoss 2.1920
[Tracker Process 0] Ep   18 | Return -0.18 | Global -0.1827 | Local 0.1192 | F1_macro 0.7260 | WorstLoss 2.4677
[Tracker Process 0] Ep   19 | Return 0.05 | Global 0.0533 | Local 0.1192 | F1_macro 0.7161 | WorstLoss 1.9753
[Tracker Process 0] Ep   20 | Return 0.13 | Global 0.1348 | Local 0.1192 | F1_macro 0.7503 | WorstLoss 1.8052
[Tracker Process 0] Ep   21 | Return 0.08 | Global 0.0750 | Local 0.1192 | F1_macro 0.6742 | WorstLoss 1.9300
[Tracker Process 0] Ep   22 | Return -0.03 | Global -0.0284 | Local 0.1192 | F1_macro 0.6781 | WorstLoss 2.1458
[Tracker Process 0] Ep   23 | Return -0.13 | Global -0.1329 | Local 0.1192 | F1_macro 0.6405 | WorstLoss 2.3639
[Tracker Process 0] Ep   24 | Return -0.15 | Global -0.1539 | Local 0.1192 | F1_macro 0.6532 | WorstLoss 2.4076
[Tracker Process 0] Ep   25 | Return -0.00 | Global -0.0023 | Local 0.1192 | F1_macro 0.7408 | WorstLoss 2.0914
[Tracker Process 0] Ep   26 | Return -0.10 | Global -0.0963 | Local 0.1192 | F1_macro 0.6840 | WorstLoss 2.2875
[Tracker Process 0] Ep   27 | Return -0.03 | Global -0.0328 | Local 0.1192 | F1_macro 0.7093 | WorstLoss 2.1550
[Tracker Process 0] Ep   28 | Return 0.09 | Global 0.0874 | Local 0.1192 | F1_macro 0.7689 | WorstLoss 1.9042
[Tracker Process 0] Ep   29 | Return -0.19 | Global -0.1947 | Local 0.1192 | F1_macro 0.6979 | WorstLoss 2.4927
[Tracker Process 0] Ep   30 | Return -0.01 | Global -0.0087 | Local 0.1192 | F1_macro 0.7359 | WorstLoss 2.1046
[Tracker Process 0] Ep   31 | Return -0.42 | Global -0.4199 | Local 0.1192 | F1_macro 0.6370 | WorstLoss 2.9627
[Tracker Process 0] Ep   32 | Return 0.10 | Global 0.0955 | Local 0.1192 | F1_macro 0.7012 | WorstLoss 1.8873
[Tracker Process 0] Ep   33 | Return 0.11 | Global 0.1134 | Local 0.1192 | F1_macro 0.7627 | WorstLoss 1.8498
[Tracker Process 0] Ep   34 | Return -0.13 | Global -0.1349 | Local 0.1192 | F1_macro 0.6927 | WorstLoss 2.3679
[Tracker Process 0] Ep   35 | Return 0.05 | Global 0.0523 | Local 0.1192 | F1_macro 0.7433 | WorstLoss 1.9774
[Tracker Process 0] Ep   36 | Return -0.03 | Global -0.0269 | Local 0.1192 | F1_macro 0.6966 | WorstLoss 2.1426
[Tracker Process 0] Ep   37 | Return 0.03 | Global 0.0297 | Local 0.1192 | F1_macro 0.6923 | WorstLoss 2.0246
[Tracker Process 0] Ep   38 | Return -0.09 | Global -0.0880 | Local 0.1192 | F1_macro 0.6885 | WorstLoss 2.2702
[Tracker Process 0] Ep   39 | Return 0.03 | Global 0.0344 | Local 0.1192 | F1_macro 0.7200 | WorstLoss 2.0148
[Tracker Process 0] Ep   40 | Return 0.03 | Global 0.0281 | Local 0.1192 | F1_macro 0.6532 | WorstLoss 2.0278
[Tracker Process 0] Ep   41 | Return -0.15 | Global -0.1549 | Local 0.1192 | F1_macro 0.6863 | WorstLoss 2.4097
[Tracker Process 0] Ep   42 | Return 0.05 | Global 0.0485 | Local 0.1192 | F1_macro 0.7071 | WorstLoss 1.9853
[Tracker Process 0] Ep   43 | Return -0.00 | Global -0.0031 | Local 0.1192 | F1_macro 0.6961 | WorstLoss 2.0929
[Tracker Process 0] Ep   44 | Return 0.23 | Global 0.2309 | Local 0.1192 | F1_macro 0.7477 | WorstLoss 1.6047
[Tracker Process 0] New BEST synthetic [phase1_class1] (by global.global_obj: 0.230895) saved.
[Tracker Process 0] BEST β weights [phase1_class1] saved -> /storage_1/epigou_storage/FORGE/training_runs/SPECcapture24_k0_gpu0_restart_EP5000_PCA10_REWwgl_minID1_majID0_TRJ3000_REAL2000_GG202605111117_43a8f51c/seed_42/best_beta_state_dict_phase1_class1.pt
[Tracker Process 0] Ep   45 | Return -0.07 | Global -0.0723 | Local 0.1192 | F1_macro 0.7358 | WorstLoss 2.2374
[Tracker Process 0] Ep   46 | Return -0.21 | Global -0.2055 | Local 0.1192 | F1_macro 0.6570 | WorstLoss 2.5152
[Tracker Process 0] Ep   47 | Return 0.07 | Global 0.0656 | Local 0.1192 | F1_macro 0.6923 | WorstLoss 1.9496
[Tracker Process 0] Ep   48 | Return 0.01 | Global 0.0112 | Local 0.1192 | F1_macro 0.7105 | WorstLoss 2.0631
[Tracker Process 0] Ep   49 | Return 0.05 | Global 0.0501 | Local 0.1192 | F1_macro 0.7511 | WorstLoss 1.9821
[Tracker Process 0] Ep   50 | Return 0.02 | Global 0.0197 | Local 0.1192 | F1_macro 0.7520 | WorstLoss 2.0454
[Tracker Process 0] Ep   51 | Return 0.11 | Global 0.1100 | Local 0.1192 | F1_macro 0.7579 | WorstLoss 1.8570
[Tracker Process 0] Ep   52 | Return -0.06 | Global -0.0632 | Local 0.1192 | F1_macro 0.6764 | WorstLoss 2.2184
[Tracker Process 0] Ep   53 | Return 0.17 | Global 0.1704 | Local 0.1192 | F1_macro 0.7557 | WorstLoss 1.7309
[Tracker Process 0] Ep   54 | Return 0.00 | Global 0.0026 | Local 0.1192 | F1_macro 0.7017 | WorstLoss 2.0810
[Tracker Process 0] Ep   55 | Return -0.07 | Global -0.0732 | Local 0.1192 | F1_macro 0.7674 | WorstLoss 2.2393
[Tracker Process 0] Ep   56 | Return -0.05 | Global -0.0549 | Local 0.1192 | F1_macro 0.7180 | WorstLoss 2.2010
[Tracker Process 0] Ep   57 | Return -0.27 | Global -0.2680 | Local 0.1192 | F1_macro 0.6704 | WorstLoss 2.6456
[Tracker Process 0] Ep   58 | Return -0.13 | Global -0.1284 | Local 0.1192 | F1_macro 0.7335 | WorstLoss 2.3544
[Tracker Process 0] Ep   59 | Return 0.02 | Global 0.0199 | Local 0.1192 | F1_macro 0.7137 | WorstLoss 2.0450
[Tracker Process 0] Ep   60 | Return -0.07 | Global -0.0699 | Local 0.1192 | F1_macro 0.7131 | WorstLoss 2.2323
[Tracker Process 0] Ep   61 | Return -0.26 | Global -0.2619 | Local 0.1192 | F1_macro 0.6717 | WorstLoss 2.6329
[Tracker Process 0] Ep   62 | Return -0.17 | Global -0.1687 | Local 0.1192 | F1_macro 0.6737 | WorstLoss 2.4384
[Tracker Process 0] Ep   63 | Return -0.26 | Global -0.2552 | Local 0.1192 | F1_macro 0.6817 | WorstLoss 2.6189
[Tracker Process 0] Ep   64 | Return -0.09 | Global -0.0890 | Local 0.1192 | F1_macro 0.7167 | WorstLoss 2.2721
[Tracker Process 0] Ep   65 | Return -0.06 | Global -0.0573 | Local 0.1192 | F1_macro 0.6757 | WorstLoss 2.2061
[Tracker Process 0] Ep   66 | Return -0.03 | Global -0.0264 | Local 0.1192 | F1_macro 0.6945 | WorstLoss 2.1416
[Tracker Process 0] Ep   67 | Return 0.02 | Global 0.0234 | Local 0.1192 | F1_macro 0.7315 | WorstLoss 2.0376
[Tracker Process 0] Ep   68 | Return 0.10 | Global 0.1003 | Local 0.1192 | F1_macro 0.7087 | WorstLoss 1.8773
[Tracker Process 0] Ep   69 | Return -0.03 | Global -0.0309 | Local 0.1192 | F1_macro 0.7082 | WorstLoss 2.1510
[Tracker Process 0] Ep   70 | Return -0.10 | Global -0.0994 | Local 0.1192 | F1_macro 0.6769 | WorstLoss 2.2939
[Tracker Process 0] Ep   71 | Return -0.15 | Global -0.1452 | Local 0.1192 | F1_macro 0.6798 | WorstLoss 2.3896
[Tracker Process 0] Ep   72 | Return -0.02 | Global -0.0180 | Local 0.1192 | F1_macro 0.6604 | WorstLoss 2.1240
[Tracker Process 0] Ep   73 | Return -0.12 | Global -0.1162 | Local 0.1192 | F1_macro 0.6618 | WorstLoss 2.3289
[Tracker Process 0] Ep   74 | Return -0.14 | Global -0.1354 | Local 0.1192 | F1_macro 0.6691 | WorstLoss 2.3690
[Tracker Process 0] Ep   75 | Return -0.04 | Global -0.0373 | Local 0.1192 | F1_macro 0.7017 | WorstLoss 2.1643
[Tracker Process 0] Ep   76 | Return -0.24 | Global -0.2445 | Local 0.1192 | F1_macro 0.7335 | WorstLoss 2.5966
[Tracker Process 0] Ep   77 | Return -0.19 | Global -0.1851 | Local 0.1192 | F1_macro 0.6704 | WorstLoss 2.4728
[Tracker Process 0] Ep   78 | Return -0.35 | Global -0.3502 | Local 0.1192 | F1_macro 0.6886 | WorstLoss 2.8173
[Tracker Process 0] Ep   79 | Return -0.21 | Global -0.2126 | Local 0.1192 | F1_macro 0.6458 | WorstLoss 2.5301
[Tracker Process 0] Ep   80 | Return -0.15 | Global -0.1544 | Local 0.1192 | F1_macro 0.6177 | WorstLoss 2.4086
[Tracker Process 0] Ep   81 | Return 0.04 | Global 0.0380 | Local 0.1192 | F1_macro 0.6861 | WorstLoss 2.0072
[Tracker Process 0] Ep   82 | Return -0.03 | Global -0.0260 | Local 0.1192 | F1_macro 0.6662 | WorstLoss 2.1408
[Tracker Process 0] Ep   83 | Return -0.78 | Global -0.7792 | Local 0.1192 | F1_macro 0.5969 | WorstLoss 3.7123
[Tracker Process 0] Ep   84 | Return -0.09 | Global -0.0896 | Local 0.1192 | F1_macro 0.6699 | WorstLoss 2.2735
[Tracker Process 0] Ep   85 | Return -0.15 | Global -0.1471 | Local 0.1192 | F1_macro 0.6724 | WorstLoss 2.3935
[Tracker Process 0] Ep   86 | Return -0.28 | Global -0.2803 | Local 0.1192 | F1_macro 0.6035 | WorstLoss 2.6714
[Tracker Process 0] Ep   87 | Return 0.05 | Global 0.0501 | Local 0.1192 | F1_macro 0.6743 | WorstLoss 1.9820
[Tracker Process 0] Ep   88 | Return -0.32 | Global -0.3178 | Local 0.1192 | F1_macro 0.6860 | WorstLoss 2.7497
[Tracker Process 0] Ep   89 | Return -0.07 | Global -0.0675 | Local 0.1192 | F1_macro 0.6355 | WorstLoss 2.2273
[Tracker Process 0] Ep   90 | Return 0.00 | Global 0.0042 | Local 0.1192 | F1_macro 0.7093 | WorstLoss 2.0778
[Tracker Process 0] Ep   91 | Return -0.09 | Global -0.0891 | Local 0.1192 | F1_macro 0.6672 | WorstLoss 2.2724
[Tracker Process 0] Ep   92 | Return -0.21 | Global -0.2116 | Local 0.1192 | F1_macro 0.6691 | WorstLoss 2.5280
[Tracker Process 0] Ep   93 | Return -0.17 | Global -0.1663 | Local 0.1192 | F1_macro 0.6346 | WorstLoss 2.4335
[Tracker Process 0] Ep   94 | Return 0.36 | Global 0.3555 | Local 0.1192 | F1_macro 0.7761 | WorstLoss 1.3447
[Tracker Process 0] New BEST synthetic [phase1_class1] (by global.global_obj: 0.355504) saved.
[Tracker Process 0] BEST β weights [phase1_class1] saved -> /storage_1/epigou_storage/FORGE/training_runs/SPECcapture24_k0_gpu0_restart_EP5000_PCA10_REWwgl_minID1_majID0_TRJ3000_REAL2000_GG202605111117_43a8f51c/seed_42/best_beta_state_dict_phase1_class1.pt
[Tracker Process 0] Ep   95 | Return 0.09 | Global 0.0857 | Local 0.1192 | F1_macro 0.7493 | WorstLoss 1.9077
[Tracker Process 0] Ep   96 | Return 0.15 | Global 0.1469 | Local 0.1192 | F1_macro 0.6915 | WorstLoss 1.7799
[Tracker Process 0] Ep   97 | Return 0.08 | Global 0.0815 | Local 0.1192 | F1_macro 0.6862 | WorstLoss 1.9164
[Tracker Process 0] Ep   98 | Return 0.05 | Global 0.0482 | Local 0.1192 | F1_macro 0.6946 | WorstLoss 1.9860
[Tracker Process 0] Ep   99 | Return 0.10 | Global 0.1025 | Local 0.1192 | F1_macro 0.6326 | WorstLoss 1.8726
[Tracker Process 0] Ep  100 | Return 0.19 | Global 0.1947 | Local 0.1192 | F1_macro 0.7659 | WorstLoss 1.6802
[Tracker Process 0] Ep  101 | Return 0.06 | Global 0.0637 | Local 0.1192 | F1_macro 0.7308 | WorstLoss 1.9537
[Tracker Process 0] Ep  102 | Return 0.07 | Global 0.0669 | Local 0.1192 | F1_macro 0.6294 | WorstLoss 1.9469
[Tracker Process 0] Ep  103 | Return 0.08 | Global 0.0791 | Local 0.1192 | F1_macro 0.7218 | WorstLoss 1.9214
[Tracker Process 0] Ep  104 | Return 0.01 | Global 0.0113 | Local 0.1192 | F1_macro 0.7009 | WorstLoss 2.0630
[Tracker Process 0] Ep  105 | Return -0.30 | Global -0.3045 | Local 0.1192 | F1_macro 0.5642 | WorstLoss 2.7218
[Tracker Process 0] Ep  106 | Return 0.19 | Global 0.1890 | Local 0.1192 | F1_macro 0.7694 | WorstLoss 1.6921
[Tracker Process 0] Ep  107 | Return 0.25 | Global 0.2502 | Local 0.1192 | F1_macro 0.7080 | WorstLoss 1.5644
[Tracker Process 0] Ep  108 | Return 0.33 | Global 0.3314 | Local 0.1192 | F1_macro 0.7570 | WorstLoss 1.3951
[Tracker Process 0] Ep  109 | Return 0.20 | Global 0.2030 | Local 0.1192 | F1_macro 0.7337 | WorstLoss 1.6629
[Tracker Process 0] Ep  110 | Return 0.25 | Global 0.2479 | Local 0.1192 | F1_macro 0.7650 | WorstLoss 1.5693
[Tracker Process 0] Ep  111 | Return 0.11 | Global 0.1138 | Local 0.1192 | F1_macro 0.7514 | WorstLoss 1.8490
[Tracker Process 0] Ep  112 | Return 0.08 | Global 0.0810 | Local 0.1192 | F1_macro 0.6989 | WorstLoss 1.9176
[Tracker Process 0] Ep  113 | Return 0.01 | Global 0.0088 | Local 0.1192 | F1_macro 0.7090 | WorstLoss 2.0681
[Tracker Process 0] Ep  114 | Return 0.15 | Global 0.1546 | Local 0.1192 | F1_macro 0.6883 | WorstLoss 1.7639
[Tracker Process 0] Ep  115 | Return 0.29 | Global 0.2918 | Local 0.1192 | F1_macro 0.7452 | WorstLoss 1.4778
[Tracker Process 0] Ep  116 | Return 0.03 | Global 0.0347 | Local 0.1192 | F1_macro 0.7379 | WorstLoss 2.0141
[Tracker Process 0] Ep  117 | Return 0.11 | Global 0.1141 | Local 0.1192 | F1_macro 0.7079 | WorstLoss 1.8485
[Tracker Process 0] Ep  118 | Return 0.01 | Global 0.0057 | Local 0.1192 | F1_macro 0.7358 | WorstLoss 2.0745
[Tracker Process 0] Ep  119 | Return -0.01 | Global -0.0083 | Local 0.1192 | F1_macro 0.7031 | WorstLoss 2.1038
[Tracker Process 0] Ep  120 | Return 0.18 | Global 0.1791 | Local 0.1192 | F1_macro 0.6840 | WorstLoss 1.7127
[Tracker Process 0] Ep  121 | Return 0.06 | Global 0.0611 | Local 0.1192 | F1_macro 0.7315 | WorstLoss 1.9590
[Tracker Process 0] Ep  122 | Return -0.02 | Global -0.0189 | Local 0.1192 | F1_macro 0.6693 | WorstLoss 2.1260
[Tracker Process 0] Ep  123 | Return -0.88 | Global -0.8770 | Local 0.1192 | F1_macro 0.7048 | WorstLoss 3.9164
[Tracker Process 0] Ep  124 | Return 0.23 | Global 0.2264 | Local 0.1192 | F1_macro 0.7838 | WorstLoss 1.6140
[Tracker Process 0] Ep  125 | Return 0.28 | Global 0.2815 | Local 0.1192 | F1_macro 0.7483 | WorstLoss 1.4991
[Tracker Process 0] Ep  126 | Return 0.29 | Global 0.2920 | Local 0.1192 | F1_macro 0.7831 | WorstLoss 1.4773
[Tracker Process 0] Ep  127 | Return 0.19 | Global 0.1853 | Local 0.1192 | F1_macro 0.6962 | WorstLoss 1.6999
[Tracker Process 0] Ep  128 | Return 0.18 | Global 0.1840 | Local 0.1192 | F1_macro 0.6923 | WorstLoss 1.7026
[Tracker Process 0] Ep  129 | Return 0.29 | Global 0.2909 | Local 0.1192 | F1_macro 0.7014 | WorstLoss 1.4795
[Tracker Process 0] Ep  130 | Return -0.06 | Global -0.0605 | Local 0.1192 | F1_macro 0.6643 | WorstLoss 2.2128
[Tracker Process 0] Ep  131 | Return 0.30 | Global 0.3022 | Local 0.1192 | F1_macro 0.7006 | WorstLoss 1.4560
[Tracker Process 0] Ep  132 | Return -0.19 | Global -0.1861 | Local 0.1192 | F1_macro 0.6691 | WorstLoss 2.4748
[Tracker Process 0] Ep  133 | Return 0.20 | Global 0.1989 | Local 0.1192 | F1_macro 0.7202 | WorstLoss 1.6716
[Tracker Process 0] Ep  134 | Return 0.04 | Global 0.0405 | Local 0.1192 | F1_macro 0.6591 | WorstLoss 2.0020
[Tracker Process 0] Ep  135 | Return 0.18 | Global 0.1822 | Local 0.1192 | F1_macro 0.7378 | WorstLoss 1.7063
[Tracker Process 0] Ep  136 | Return 0.05 | Global 0.0495 | Local 0.1192 | F1_macro 0.6889 | WorstLoss 1.9832
[Tracker Process 0] Ep  137 | Return 0.14 | Global 0.1383 | Local 0.1192 | F1_macro 0.7279 | WorstLoss 1.7980
[Tracker Process 0] Ep  138 | Return -0.21 | Global -0.2058 | Local 0.1192 | F1_macro 0.7557 | WorstLoss 2.5158
[Tracker Process 0] Ep  139 | Return 0.19 | Global 0.1944 | Local 0.1192 | F1_macro 0.7379 | WorstLoss 1.6808
[Tracker Process 0] Ep  140 | Return 0.31 | Global 0.3147 | Local 0.1192 | F1_macro 0.7861 | WorstLoss 1.4299
[Tracker Process 0] Ep  141 | Return 0.19 | Global 0.1915 | Local 0.1192 | F1_macro 0.6631 | WorstLoss 1.6869
[Tracker Process 0] Ep  142 | Return 0.29 | Global 0.2884 | Local 0.1192 | F1_macro 0.7585 | WorstLoss 1.4847
[Tracker Process 0] Ep  143 | Return 0.22 | Global 0.2236 | Local 0.1192 | F1_macro 0.7060 | WorstLoss 1.6199
[Tracker Process 0] Ep  144 | Return -0.15 | Global -0.1532 | Local 0.1192 | F1_macro 0.6449 | WorstLoss 2.4062
[Tracker Process 0] Ep  145 | Return 0.27 | Global 0.2722 | Local 0.1192 | F1_macro 0.7531 | WorstLoss 1.5185
[Tracker Process 0] Ep  146 | Return 0.28 | Global 0.2769 | Local 0.1192 | F1_macro 0.7205 | WorstLoss 1.5087
[Tracker Process 0] Ep  147 | Return 0.35 | Global 0.3533 | Local 0.1192 | F1_macro 0.7684 | WorstLoss 1.3494
[Tracker Process 0] Ep  148 | Return -0.11 | Global -0.1102 | Local 0.1192 | F1_macro 0.6821 | WorstLoss 2.3165
[Tracker Process 0] Ep  149 | Return 0.24 | Global 0.2423 | Local 0.1192 | F1_macro 0.7802 | WorstLoss 1.5810
[Tracker Process 0] Ep  150 | Return -0.33 | Global -0.3341 | Local 0.1192 | F1_macro 0.6874 | WorstLoss 2.7836
[Tracker Process 0] Saved snapshot: ep0150_phase1_class1
[Tracker Process 0] Ep  151 | Return 0.18 | Global 0.1780 | Local 0.1192 | F1_macro 0.7119 | WorstLoss 1.7152
[Tracker Process 0] Ep  152 | Return 0.36 | Global 0.3647 | Local 0.1192 | F1_macro 0.7032 | WorstLoss 1.3255
[Tracker Process 0] New BEST synthetic [phase1_class1] (by global.global_obj: 0.364733) saved.
[Tracker Process 0] BEST β weights [phase1_class1] saved -> /storage_1/epigou_storage/FORGE/training_runs/SPECcapture24_k0_gpu0_restart_EP5000_PCA10_REWwgl_minID1_majID0_TRJ3000_REAL2000_GG202605111117_43a8f51c/seed_42/best_beta_state_dict_phase1_class1.pt
[Tracker Process 0] Ep  153 | Return 0.00 | Global 0.0018 | Local 0.1192 | F1_macro 0.6562 | WorstLoss 2.0829
[Tracker Process 0] Ep  154 | Return 0.23 | Global 0.2264 | Local 0.1192 | F1_macro 0.6588 | WorstLoss 1.6141
[Tracker Process 0] Ep  155 | Return 0.06 | Global 0.0597 | Local 0.1192 | F1_macro 0.6496 | WorstLoss 1.9619
[Tracker Process 0] Ep  156 | Return 0.15 | Global 0.1495 | Local 0.1192 | F1_macro 0.7148 | WorstLoss 1.7745
[Tracker Process 0] Ep  157 | Return 0.05 | Global 0.0505 | Local 0.1192 | F1_macro 0.6854 | WorstLoss 1.9811
[Tracker Process 0] Ep  158 | Return 0.21 | Global 0.2139 | Local 0.1192 | F1_macro 0.7022 | WorstLoss 1.6401
[Tracker Process 0] Ep  159 | Return 0.09 | Global 0.0861 | Local 0.1192 | F1_macro 0.6930 | WorstLoss 1.9070
[Tracker Process 0] Ep  160 | Return 0.16 | Global 0.1627 | Local 0.1192 | F1_macro 0.6933 | WorstLoss 1.7470
[Tracker Process 0] Ep  161 | Return 0.12 | Global 0.1169 | Local 0.1192 | F1_macro 0.6661 | WorstLoss 1.8426
[Tracker Process 0] Ep  162 | Return 0.27 | Global 0.2673 | Local 0.1192 | F1_macro 0.6939 | WorstLoss 1.5288
[Tracker Process 0] Ep  163 | Return 0.32 | Global 0.3151 | Local 0.1192 | F1_macro 0.6787 | WorstLoss 1.4290
[Tracker Process 0] Ep  164 | Return 0.30 | Global 0.3047 | Local 0.1192 | F1_macro 0.6902 | WorstLoss 1.4508
[Tracker Process 0] Ep  165 | Return 0.24 | Global 0.2419 | Local 0.1192 | F1_macro 0.7493 | WorstLoss 1.5818
[Tracker Process 0] Ep  166 | Return 0.16 | Global 0.1565 | Local 0.1192 | F1_macro 0.6802 | WorstLoss 1.7600
[Tracker Process 0] Ep  167 | Return -0.27 | Global -0.2744 | Local 0.1192 | F1_macro 0.5947 | WorstLoss 2.6591
[Tracker Process 0] Ep  168 | Return 0.18 | Global 0.1769 | Local 0.1192 | F1_macro 0.6955 | WorstLoss 1.7173
[Tracker Process 0] Ep  169 | Return 0.16 | Global 0.1565 | Local 0.1192 | F1_macro 0.7299 | WorstLoss 1.7600
[Tracker Process 0] Ep  170 | Return 0.30 | Global 0.3044 | Local 0.1192 | F1_macro 0.7254 | WorstLoss 1.4513
[Tracker Process 0] Ep  171 | Return 0.28 | Global 0.2783 | Local 0.1192 | F1_macro 0.7425 | WorstLoss 1.5058
[Tracker Process 0] Ep  172 | Return 0.17 | Global 0.1679 | Local 0.1192 | F1_macro 0.6449 | WorstLoss 1.7363
[Tracker Process 0] Ep  173 | Return 0.01 | Global 0.0121 | Local 0.1192 | F1_macro 0.6715 | WorstLoss 2.0612
[Tracker Process 0] Ep  174 | Return -0.11 | Global -0.1115 | Local 0.1192 | F1_macro 0.6548 | WorstLoss 2.3191
[Tracker Process 0] Ep  175 | Return 0.11 | Global 0.1090 | Local 0.1192 | F1_macro 0.6752 | WorstLoss 1.8590
[Tracker Process 0] Ep  176 | Return 0.18 | Global 0.1850 | Local 0.1192 | F1_macro 0.6398 | WorstLoss 1.7006
[Tracker Process 0] Ep  177 | Return -0.04 | Global -0.0398 | Local 0.1192 | F1_macro 0.5969 | WorstLoss 2.1696
[Tracker Process 0] Ep  178 | Return 0.29 | Global 0.2856 | Local 0.1192 | F1_macro 0.6989 | WorstLoss 1.4907
[Tracker Process 0] Ep  179 | Return -0.04 | Global -0.0400 | Local 0.1192 | F1_macro 0.5908 | WorstLoss 2.1699
[Tracker Process 0] Ep  180 | Return -0.02 | Global -0.0175 | Local 0.1192 | F1_macro 0.6449 | WorstLoss 2.1231
[Tracker Process 0] Ep  181 | Return 0.16 | Global 0.1564 | Local 0.1192 | F1_macro 0.7254 | WorstLoss 1.7602
[Tracker Process 0] Ep  182 | Return -0.06 | Global -0.0561 | Local 0.1192 | F1_macro 0.6230 | WorstLoss 2.2036
[Tracker Process 0] Ep  183 | Return 0.38 | Global 0.3775 | Local 0.1192 | F1_macro 0.7266 | WorstLoss 1.2988
[Tracker Process 0] New BEST synthetic [phase1_class1] (by global.global_obj: 0.377544) saved.
[Tracker Process 0] BEST β weights [phase1_class1] saved -> /storage_1/epigou_storage/FORGE/training_runs/SPECcapture24_k0_gpu0_restart_EP5000_PCA10_REWwgl_minID1_majID0_TRJ3000_REAL2000_GG202605111117_43a8f51c/seed_42/best_beta_state_dict_phase1_class1.pt
[Tracker Process 0] Ep  184 | Return 0.11 | Global 0.1054 | Local 0.1192 | F1_macro 0.6675 | WorstLoss 1.8666
[Tracker Process 0] Ep  185 | Return 0.09 | Global 0.0911 | Local 0.1192 | F1_macro 0.6976 | WorstLoss 1.8964
[Tracker Process 0] Ep  186 | Return 0.13 | Global 0.1338 | Local 0.1192 | F1_macro 0.6923 | WorstLoss 1.8073
[Tracker Process 0] Ep  187 | Return -0.15 | Global -0.1548 | Local 0.1192 | F1_macro 0.6155 | WorstLoss 2.4096
[Tracker Process 0] Ep  188 | Return 0.27 | Global 0.2741 | Local 0.1192 | F1_macro 0.6537 | WorstLoss 1.5147
[Tracker Process 0] Ep  189 | Return -0.06 | Global -0.0639 | Local 0.1192 | F1_macro 0.6170 | WorstLoss 2.2198
[Tracker Process 0] Ep  190 | Return 0.28 | Global 0.2785 | Local 0.1192 | F1_macro 0.6655 | WorstLoss 1.5053
[Tracker Process 0] Ep  191 | Return 0.06 | Global 0.0573 | Local 0.1192 | F1_macro 0.6956 | WorstLoss 1.9669
[Tracker Process 0] Ep  192 | Return 0.27 | Global 0.2715 | Local 0.1192 | F1_macro 0.6837 | WorstLoss 1.5200
[Tracker Process 0] Ep  193 | Return 0.25 | Global 0.2471 | Local 0.1192 | F1_macro 0.6968 | WorstLoss 1.5709
[Tracker Process 0] Ep  194 | Return 0.12 | Global 0.1184 | Local 0.1192 | F1_macro 0.7501 | WorstLoss 1.8395
[Tracker Process 0] Ep  195 | Return 0.25 | Global 0.2466 | Local 0.1192 | F1_macro 0.7051 | WorstLoss 1.5720
[Tracker Process 0] Ep  196 | Return 0.45 | Global 0.4500 | Local 0.1192 | F1_macro 0.7157 | WorstLoss 1.1477
[Tracker Process 0] New BEST synthetic [phase1_class1] (by global.global_obj: 0.449962) saved.
[Tracker Process 0] BEST β weights [phase1_class1] saved -> /storage_1/epigou_storage/FORGE/training_runs/SPECcapture24_k0_gpu0_restart_EP5000_PCA10_REWwgl_minID1_majID0_TRJ3000_REAL2000_GG202605111117_43a8f51c/seed_42/best_beta_state_dict_phase1_class1.pt
[Tracker Process 0] Ep  197 | Return 0.07 | Global 0.0657 | Local 0.1192 | F1_macro 0.7099 | WorstLoss 1.9495
[Tracker Process 0] Ep  198 | Return 0.08 | Global 0.0812 | Local 0.1192 | F1_macro 0.7170 | WorstLoss 1.9171
[Tracker Process 0] Ep  199 | Return -0.01 | Global -0.0081 | Local 0.1192 | F1_macro 0.6319 | WorstLoss 2.1034
[Tracker Process 0] Ep  200 | Return 0.17 | Global 0.1689 | Local 0.1192 | F1_macro 0.6786 | WorstLoss 1.7340
[Tracker Process 0] Ep  201 | Return 0.39 | Global 0.3901 | Local 0.1192 | F1_macro 0.6969 | WorstLoss 1.2725
[Tracker Process 0] Ep  202 | Return -0.06 | Global -0.0603 | Local 0.1192 | F1_macro 0.6386 | WorstLoss 2.2123
[Tracker Process 0] Ep  203 | Return 0.22 | Global 0.2156 | Local 0.1192 | F1_macro 0.6770 | WorstLoss 1.6367
[Tracker Process 0] Ep  204 | Return 0.25 | Global 0.2502 | Local 0.1192 | F1_macro 0.7032 | WorstLoss 1.5644
[Tracker Process 0] Ep  205 | Return 0.18 | Global 0.1782 | Local 0.1192 | F1_macro 0.7065 | WorstLoss 1.7146
[Tracker Process 0] Ep  206 | Return 0.27 | Global 0.2718 | Local 0.1192 | F1_macro 0.6700 | WorstLoss 1.5194
[Tracker Process 0] Ep  207 | Return 0.27 | Global 0.2656 | Local 0.1192 | F1_macro 0.6611 | WorstLoss 1.5323
[Tracker Process 0] Ep  208 | Return 0.45 | Global 0.4464 | Local 0.1192 | F1_macro 0.7127 | WorstLoss 1.1550
[Tracker Process 0] Ep  209 | Return 0.26 | Global 0.2576 | Local 0.1192 | F1_macro 0.7234 | WorstLoss 1.5490
[Tracker Process 0] Ep  210 | Return 0.17 | Global 0.1743 | Local 0.1192 | F1_macro 0.6845 | WorstLoss 1.7228
[Tracker Process 0] Ep  211 | Return 0.31 | Global 0.3108 | Local 0.1192 | F1_macro 0.6954 | WorstLoss 1.4381
[Tracker Process 0] Ep  212 | Return 0.25 | Global 0.2536 | Local 0.1192 | F1_macro 0.7095 | WorstLoss 1.5573
[Tracker Process 0] Ep  213 | Return 0.32 | Global 0.3242 | Local 0.1192 | F1_macro 0.7452 | WorstLoss 1.4101
[Tracker Process 0] Ep  214 | Return 0.06 | Global 0.0576 | Local 0.1192 | F1_macro 0.6505 | WorstLoss 1.9662
[Tracker Process 0] Ep  215 | Return 0.54 | Global 0.5365 | Local 0.1192 | F1_macro 0.7372 | WorstLoss 0.9672
[Tracker Process 0] New BEST synthetic [phase1_class1] (by global.global_obj: 0.536467) saved.
[Tracker Process 0] BEST β weights [phase1_class1] saved -> /storage_1/epigou_storage/FORGE/training_runs/SPECcapture24_k0_gpu0_restart_EP5000_PCA10_REWwgl_minID1_majID0_TRJ3000_REAL2000_GG202605111117_43a8f51c/seed_42/best_beta_state_dict_phase1_class1.pt
[Tracker Process 0] Ep  216 | Return 0.21 | Global 0.2101 | Local 0.1192 | F1_macro 0.6756 | WorstLoss 1.6481
[Tracker Process 0] Ep  217 | Return -0.08 | Global -0.0823 | Local 0.1192 | F1_macro 0.6742 | WorstLoss 2.2583
[Tracker Process 0] Ep  218 | Return 0.18 | Global 0.1805 | Local 0.1192 | F1_macro 0.6808 | WorstLoss 1.7099
[Tracker Process 0] Ep  219 | Return 0.36 | Global 0.3557 | Local 0.1192 | F1_macro 0.7564 | WorstLoss 1.3442
[Tracker Process 0] Ep  220 | Return 0.40 | Global 0.3959 | Local 0.1192 | F1_macro 0.7151 | WorstLoss 1.2604
[Tracker Process 0] Ep  221 | Return 0.21 | Global 0.2129 | Local 0.1192 | F1_macro 0.6340 | WorstLoss 1.6423
[Tracker Process 0] Ep  222 | Return 0.36 | Global 0.3620 | Local 0.1192 | F1_macro 0.7377 | WorstLoss 1.3313
[Tracker Process 0] Ep  223 | Return 0.25 | Global 0.2483 | Local 0.1192 | F1_macro 0.6717 | WorstLoss 1.5685
[Tracker Process 0] Ep  224 | Return 0.39 | Global 0.3938 | Local 0.1192 | F1_macro 0.7012 | WorstLoss 1.2649
[Tracker Process 0] Ep  225 | Return 0.29 | Global 0.2891 | Local 0.1192 | F1_macro 0.6798 | WorstLoss 1.4833
[Tracker Process 0] Ep  226 | Return 0.22 | Global 0.2158 | Local 0.1192 | F1_macro 0.6917 | WorstLoss 1.6363
[Tracker Process 0] Ep  227 | Return 0.22 | Global 0.2165 | Local 0.1192 | F1_macro 0.6782 | WorstLoss 1.6348
[Tracker Process 0] Ep  228 | Return 0.46 | Global 0.4592 | Local 0.1192 | F1_macro 0.7322 | WorstLoss 1.1284
[Tracker Process 0] Ep  229 | Return 0.20 | Global 0.1956 | Local 0.1192 | F1_macro 0.7509 | WorstLoss 1.6783
[Tracker Process 0] Ep  230 | Return 0.36 | Global 0.3619 | Local 0.1192 | F1_macro 0.6671 | WorstLoss 1.3315
[Tracker Process 0] Ep  231 | Return 0.14 | Global 0.1359 | Local 0.1192 | F1_macro 0.6802 | WorstLoss 1.8029
[Tracker Process 0] Ep  232 | Return 0.10 | Global 0.0980 | Local 0.1192 | F1_macro 0.6937 | WorstLoss 1.8821
[Tracker Process 0] Ep  233 | Return 0.49 | Global 0.4917 | Local 0.1192 | F1_macro 0.7752 | WorstLoss 1.0606
[Tracker Process 0] Ep  234 | Return 0.24 | Global 0.2387 | Local 0.1192 | F1_macro 0.7187 | WorstLoss 1.5884
[Tracker Process 0] Ep  235 | Return 0.27 | Global 0.2711 | Local 0.1192 | F1_macro 0.6859 | WorstLoss 1.5208
[Tracker Process 0] Ep  236 | Return 0.35 | Global 0.3507 | Local 0.1192 | F1_macro 0.6601 | WorstLoss 1.3548
[Tracker Process 0] Ep  237 | Return 0.22 | Global 0.2194 | Local 0.1192 | F1_macro 0.7050 | WorstLoss 1.6286
[Tracker Process 0] Ep  238 | Return 0.46 | Global 0.4609 | Local 0.1192 | F1_macro 0.7266 | WorstLoss 1.1249
[Tracker Process 0] Ep  239 | Return 0.09 | Global 0.0897 | Local 0.1192 | F1_macro 0.6776 | WorstLoss 1.8994
[Tracker Process 0] Ep  240 | Return 0.40 | Global 0.4014 | Local 0.1192 | F1_macro 0.7102 | WorstLoss 1.2490
[Tracker Process 0] Ep  241 | Return 0.46 | Global 0.4618 | Local 0.1192 | F1_macro 0.6936 | WorstLoss 1.1229
[Tracker Process 0] Ep  242 | Return 0.46 | Global 0.4614 | Local 0.1192 | F1_macro 0.6884 | WorstLoss 1.1237
[Tracker Process 0] Ep  243 | Return 0.48 | Global 0.4823 | Local 0.1192 | F1_macro 0.7162 | WorstLoss 1.0802
[Tracker Process 0] Ep  244 | Return 0.33 | Global 0.3303 | Local 0.1192 | F1_macro 0.6917 | WorstLoss 1.3974
[Tracker Process 0] Ep  245 | Return 0.18 | Global 0.1777 | Local 0.1192 | F1_macro 0.6686 | WorstLoss 1.7157
[Tracker Process 0] Ep  246 | Return 0.35 | Global 0.3541 | Local 0.1192 | F1_macro 0.6844 | WorstLoss 1.3476
[Tracker Process 0] Ep  247 | Return 0.20 | Global 0.2019 | Local 0.1192 | F1_macro 0.6879 | WorstLoss 1.6651
[Tracker Process 0] Ep  248 | Return 0.41 | Global 0.4052 | Local 0.1192 | F1_macro 0.6874 | WorstLoss 1.2410
[Tracker Process 0] Ep  249 | Return 0.35 | Global 0.3539 | Local 0.1192 | F1_macro 0.7035 | WorstLoss 1.3482
[Tracker Process 0] Ep  250 | Return 0.48 | Global 0.4771 | Local 0.1192 | F1_macro 0.7197 | WorstLoss 1.0910
[Tracker Process 0] Ep  251 | Return 0.27 | Global 0.2684 | Local 0.1192 | F1_macro 0.7276 | WorstLoss 1.5265
[Tracker Process 0] Ep  252 | Return 0.15 | Global 0.1550 | Local 0.1192 | F1_macro 0.6287 | WorstLoss 1.7632
[Tracker Process 0] Ep  253 | Return 0.52 | Global 0.5169 | Local 0.1192 | F1_macro 0.7356 | WorstLoss 1.0081
[Tracker Process 0] Ep  254 | Return 0.22 | Global 0.2160 | Local 0.1192 | F1_macro 0.6444 | WorstLoss 1.6357
[Tracker Process 0] Ep  255 | Return 0.48 | Global 0.4787 | Local 0.1192 | F1_macro 0.7281 | WorstLoss 1.0876
[Tracker Process 0] Ep  256 | Return 0.52 | Global 0.5199 | Local 0.1192 | F1_macro 0.7184 | WorstLoss 1.0018
[Tracker Process 0] Ep  257 | Return 0.36 | Global 0.3642 | Local 0.1192 | F1_macro 0.7299 | WorstLoss 1.3266
[Tracker Process 0] Ep  258 | Return 0.36 | Global 0.3559 | Local 0.1192 | F1_macro 0.7346 | WorstLoss 1.3440
[Tracker Process 0] Ep  259 | Return 0.33 | Global 0.3294 | Local 0.1192 | F1_macro 0.6940 | WorstLoss 1.3993
[Tracker Process 0] Ep  260 | Return 0.26 | Global 0.2600 | Local 0.1192 | F1_macro 0.6923 | WorstLoss 1.5439
[Tracker Process 0] Ep  261 | Return 0.22 | Global 0.2172 | Local 0.1192 | F1_macro 0.7101 | WorstLoss 1.6333
[Tracker Process 0] Ep  262 | Return 0.32 | Global 0.3197 | Local 0.1192 | F1_macro 0.6556 | WorstLoss 1.4194
[Tracker Process 0] Ep  263 | Return 0.46 | Global 0.4573 | Local 0.1192 | F1_macro 0.6657 | WorstLoss 1.1323
[Tracker Process 0] Ep  264 | Return 0.34 | Global 0.3429 | Local 0.1192 | F1_macro 0.6940 | WorstLoss 1.3710
[Tracker Process 0] Ep  265 | Return 0.31 | Global 0.3128 | Local 0.1192 | F1_macro 0.6952 | WorstLoss 1.4338
[Tracker Process 0] Ep  266 | Return 0.55 | Global 0.5518 | Local 0.1192 | F1_macro 0.7189 | WorstLoss 0.9352
[Tracker Process 0] New BEST synthetic [phase1_class1] (by global.global_obj: 0.551775) saved.
[Tracker Process 0] BEST β weights [phase1_class1] saved -> /storage_1/epigou_storage/FORGE/training_runs/SPECcapture24_k0_gpu0_restart_EP5000_PCA10_REWwgl_minID1_majID0_TRJ3000_REAL2000_GG202605111117_43a8f51c/seed_42/best_beta_state_dict_phase1_class1.pt
[Tracker Process 0] Ep  267 | Return 0.34 | Global 0.3418 | Local 0.1192 | F1_macro 0.6880 | WorstLoss 1.3734
[Tracker Process 0] Ep  268 | Return 0.34 | Global 0.3401 | Local 0.1192 | F1_macro 0.6798 | WorstLoss 1.3769
[Tracker Process 0] Ep  269 | Return 0.05 | Global 0.0536 | Local 0.1192 | F1_macro 0.6725 | WorstLoss 1.9746
[Tracker Process 0] Ep  270 | Return 0.23 | Global 0.2347 | Local 0.1192 | F1_macro 0.7128 | WorstLoss 1.5969
[Tracker Process 0] Ep  271 | Return -0.00 | Global -0.0012 | Local 0.1192 | F1_macro 0.6695 | WorstLoss 2.0890
[Tracker Process 0] Ep  272 | Return 0.32 | Global 0.3218 | Local 0.1192 | F1_macro 0.7187 | WorstLoss 1.4150
[Tracker Process 0] Ep  273 | Return 0.38 | Global 0.3850 | Local 0.1192 | F1_macro 0.7154 | WorstLoss 1.2833
[Tracker Process 0] Ep  274 | Return 0.12 | Global 0.1239 | Local 0.1192 | F1_macro 0.6588 | WorstLoss 1.8280
[Tracker Process 0] Ep  275 | Return 0.41 | Global 0.4077 | Local 0.1192 | F1_macro 0.6792 | WorstLoss 1.2359
[Tracker Process 0] Ep  276 | Return 0.38 | Global 0.3779 | Local 0.1192 | F1_macro 0.7349 | WorstLoss 1.2979
[Tracker Process 0] Ep  277 | Return 0.19 | Global 0.1899 | Local 0.1192 | F1_macro 0.7065 | WorstLoss 1.6903
[Tracker Process 0] Ep  278 | Return 0.14 | Global 0.1410 | Local 0.1192 | F1_macro 0.6617 | WorstLoss 1.7922
[Tracker Process 0] Ep  279 | Return 0.48 | Global 0.4847 | Local 0.1192 | F1_macro 0.7251 | WorstLoss 1.0751
[Tracker Process 0] Ep  280 | Return 0.41 | Global 0.4061 | Local 0.1192 | F1_macro 0.7069 | WorstLoss 1.2392
[Tracker Process 0] Ep  281 | Return 0.30 | Global 0.3038 | Local 0.1192 | F1_macro 0.6741 | WorstLoss 1.4527
[Tracker Process 0] Ep  282 | Return -0.11 | Global -0.1117 | Local 0.1192 | F1_macro 0.6787 | WorstLoss 2.3196
[Tracker Process 0] Ep  283 | Return 0.58 | Global 0.5820 | Local 0.1192 | F1_macro 0.7467 | WorstLoss 0.8721
[Tracker Process 0] New BEST synthetic [phase1_class1] (by global.global_obj: 0.582041) saved.
[Tracker Process 0] BEST β weights [phase1_class1] saved -> /storage_1/epigou_storage/FORGE/training_runs/SPECcapture24_k0_gpu0_restart_EP5000_PCA10_REWwgl_minID1_majID0_TRJ3000_REAL2000_GG202605111117_43a8f51c/seed_42/best_beta_state_dict_phase1_class1.pt
[Tracker Process 0] Ep  284 | Return 0.07 | Global 0.0695 | Local 0.1192 | F1_macro 0.6275 | WorstLoss 1.9415
[Tracker Process 0] Ep  285 | Return 0.27 | Global 0.2664 | Local 0.1192 | F1_macro 0.7090 | WorstLoss 1.5307
[Tracker Process 0] Ep  286 | Return 0.31 | Global 0.3099 | Local 0.1192 | F1_macro 0.7437 | WorstLoss 1.4399
[Tracker Process 0] Ep  287 | Return 0.48 | Global 0.4819 | Local 0.1192 | F1_macro 0.7307 | WorstLoss 1.0811
[Tracker Process 0] Ep  288 | Return 0.45 | Global 0.4464 | Local 0.1192 | F1_macro 0.6920 | WorstLoss 1.1552
[Tracker Process 0] Ep  289 | Return 0.08 | Global 0.0828 | Local 0.1192 | F1_macro 0.6500 | WorstLoss 1.9137
[Tracker Process 0] Ep  290 | Return 0.04 | Global 0.0441 | Local 0.1192 | F1_macro 0.6182 | WorstLoss 1.9944
[Tracker Process 0] Ep  291 | Return 0.58 | Global 0.5761 | Local 0.1192 | F1_macro 0.7357 | WorstLoss 0.8845
[Tracker Process 0] Ep  292 | Return 0.25 | Global 0.2464 | Local 0.1192 | F1_macro 0.6830 | WorstLoss 1.5723
[Tracker Process 0] Ep  293 | Return 0.36 | Global 0.3551 | Local 0.1192 | F1_macro 0.7070 | WorstLoss 1.3457
[Tracker Process 0] Ep  294 | Return 0.43 | Global 0.4279 | Local 0.1192 | F1_macro 0.7080 | WorstLoss 1.1937
[Tracker Process 0] Ep  295 | Return -0.06 | Global -0.0636 | Local 0.1192 | F1_macro 0.6850 | WorstLoss 2.2192
[Tracker Process 0] Ep  296 | Return 0.19 | Global 0.1876 | Local 0.1192 | F1_macro 0.6830 | WorstLoss 1.6952
[Tracker Process 0] Ep  297 | Return 0.44 | Global 0.4439 | Local 0.1192 | F1_macro 0.6976 | WorstLoss 1.1602
[Tracker Process 0] Ep  298 | Return 0.41 | Global 0.4055 | Local 0.1192 | F1_macro 0.7251 | WorstLoss 1.2404
[Tracker Process 0] Ep  299 | Return 0.36 | Global 0.3618 | Local 0.1192 | F1_macro 0.6848 | WorstLoss 1.3317
[Tracker Process 0] Ep  300 | Return 0.04 | Global 0.0354 | Local 0.1192 | F1_macro 0.6392 | WorstLoss 2.0126
[Tracker Process 0] Saved snapshot: ep0300_phase1_class1
[Tracker Process 0] Ep  301 | Return 0.44 | Global 0.4353 | Local 0.1192 | F1_macro 0.7401 | WorstLoss 1.1783
[Tracker Process 0] Ep  302 | Return 0.36 | Global 0.3636 | Local 0.1192 | F1_macro 0.7202 | WorstLoss 1.3279
[Tracker Process 0] Ep  303 | Return 0.32 | Global 0.3164 | Local 0.1192 | F1_macro 0.7260 | WorstLoss 1.4263
[Tracker Process 0] Ep  304 | Return 0.22 | Global 0.2214 | Local 0.1192 | F1_macro 0.6860 | WorstLoss 1.6246
[Tracker Process 0] Ep  305 | Return 0.13 | Global 0.1252 | Local 0.1192 | F1_macro 0.6645 | WorstLoss 1.8253
[Tracker Process 0] Ep  306 | Return 0.47 | Global 0.4718 | Local 0.1192 | F1_macro 0.7401 | WorstLoss 1.1020
[Tracker Process 0] Ep  307 | Return 0.22 | Global 0.2237 | Local 0.1192 | F1_macro 0.6984 | WorstLoss 1.6197
[Tracker Process 0] Ep  308 | Return 0.45 | Global 0.4487 | Local 0.1192 | F1_macro 0.7282 | WorstLoss 1.1502
[Tracker Process 0] Ep  309 | Return 0.23 | Global 0.2320 | Local 0.1192 | F1_macro 0.6718 | WorstLoss 1.6025
[Tracker Process 0] Ep  310 | Return 0.47 | Global 0.4705 | Local 0.1192 | F1_macro 0.7074 | WorstLoss 1.1048
[Tracker Process 0] Ep  311 | Return 0.08 | Global 0.0831 | Local 0.1192 | F1_macro 0.6854 | WorstLoss 1.9130
[Tracker Process 0] Ep  312 | Return 0.30 | Global 0.3029 | Local 0.1192 | F1_macro 0.7366 | WorstLoss 1.4544
[Tracker Process 0] Ep  313 | Return 0.38 | Global 0.3842 | Local 0.1192 | F1_macro 0.7023 | WorstLoss 1.2849
[Tracker Process 0] Ep  314 | Return 0.25 | Global 0.2473 | Local 0.1192 | F1_macro 0.7056 | WorstLoss 1.5706
[Tracker Process 0] Ep  315 | Return 0.24 | Global 0.2389 | Local 0.1192 | F1_macro 0.7395 | WorstLoss 1.5881
[Tracker Process 0] Ep  316 | Return 0.41 | Global 0.4107 | Local 0.1192 | F1_macro 0.7386 | WorstLoss 1.2296
[Tracker Process 0] Ep  317 | Return 0.35 | Global 0.3466 | Local 0.1192 | F1_macro 0.6903 | WorstLoss 1.3634
[Tracker Process 0] Ep  318 | Return 0.39 | Global 0.3901 | Local 0.1192 | F1_macro 0.6911 | WorstLoss 1.2725
[Tracker Process 0] Ep  319 | Return 0.49 | Global 0.4885 | Local 0.1192 | F1_macro 0.7347 | WorstLoss 1.0672
[Tracker Process 0] Ep  320 | Return 0.18 | Global 0.1814 | Local 0.1192 | F1_macro 0.6998 | WorstLoss 1.7080
[Tracker Process 0] Ep  321 | Return 0.23 | Global 0.2323 | Local 0.1192 | F1_macro 0.6772 | WorstLoss 1.6017
[Tracker Process 0] Ep  322 | Return 0.51 | Global 0.5139 | Local 0.1192 | F1_macro 0.7354 | WorstLoss 1.0142
[Tracker Process 0] Ep  323 | Return 0.24 | Global 0.2414 | Local 0.1192 | F1_macro 0.6698 | WorstLoss 1.5828
[Tracker Process 0] Ep  324 | Return 0.56 | Global 0.5602 | Local 0.1192 | F1_macro 0.7138 | WorstLoss 0.9176
[Tracker Process 0] Ep  325 | Return 0.57 | Global 0.5686 | Local 0.1192 | F1_macro 0.6906 | WorstLoss 0.9002
[Tracker Process 0] Ep  326 | Return 0.56 | Global 0.5627 | Local 0.1192 | F1_macro 0.7081 | WorstLoss 0.9124
[Tracker Process 0] Ep  327 | Return 0.45 | Global 0.4516 | Local 0.1192 | F1_macro 0.7219 | WorstLoss 1.1442
[Tracker Process 0] Ep  328 | Return 0.45 | Global 0.4518 | Local 0.1192 | F1_macro 0.7150 | WorstLoss 1.1438
[Tracker Process 0] Ep  329 | Return 0.17 | Global 0.1679 | Local 0.1192 | F1_macro 0.6695 | WorstLoss 1.7361
[Tracker Process 0] Ep  330 | Return 0.33 | Global 0.3273 | Local 0.1192 | F1_macro 0.6818 | WorstLoss 1.4036
[Tracker Process 0] Ep  331 | Return 0.20 | Global 0.1974 | Local 0.1192 | F1_macro 0.6883 | WorstLoss 1.6746
[Tracker Process 0] Ep  332 | Return 0.24 | Global 0.2394 | Local 0.1192 | F1_macro 0.7432 | WorstLoss 1.5870
[Tracker Process 0] Ep  333 | Return 0.18 | Global 0.1816 | Local 0.1192 | F1_macro 0.7070 | WorstLoss 1.7075
[Tracker Process 0] Ep  334 | Return 0.38 | Global 0.3807 | Local 0.1192 | F1_macro 0.7091 | WorstLoss 1.2923
[Tracker Process 0] Ep  335 | Return 0.18 | Global 0.1822 | Local 0.1192 | F1_macro 0.6902 | WorstLoss 1.7063
[Tracker Process 0] Ep  336 | Return 0.03 | Global 0.0329 | Local 0.1192 | F1_macro 0.7452 | WorstLoss 2.0178
[Tracker Process 0] Ep  337 | Return 0.50 | Global 0.5015 | Local 0.1192 | F1_macro 0.7294 | WorstLoss 1.0402
[Tracker Process 0] Ep  338 | Return -0.02 | Global -0.0193 | Local 0.1192 | F1_macro 0.6672 | WorstLoss 2.1268
[Tracker Process 0] Ep  339 | Return 0.35 | Global 0.3547 | Local 0.1192 | F1_macro 0.6872 | WorstLoss 1.3465
[Tracker Process 0] Ep  340 | Return 0.55 | Global 0.5510 | Local 0.1192 | F1_macro 0.6786 | WorstLoss 0.9369
[Tracker Process 0] Ep  341 | Return 0.55 | Global 0.5463 | Local 0.1192 | F1_macro 0.7157 | WorstLoss 0.9467
[Tracker Process 0] Ep  342 | Return 0.16 | Global 0.1551 | Local 0.1192 | F1_macro 0.6505 | WorstLoss 1.7628
[Tracker Process 0] Ep  343 | Return 0.53 | Global 0.5321 | Local 0.1192 | F1_macro 0.7055 | WorstLoss 0.9763
[Tracker Process 0] Ep  344 | Return 0.38 | Global 0.3758 | Local 0.1192 | F1_macro 0.7349 | WorstLoss 1.3024
[Tracker Process 0] Ep  345 | Return 0.24 | Global 0.2402 | Local 0.1192 | F1_macro 0.6575 | WorstLoss 1.5854
[Tracker Process 0] Ep  346 | Return 0.44 | Global 0.4369 | Local 0.1192 | F1_macro 0.6823 | WorstLoss 1.1750
[Tracker Process 0] Ep  347 | Return 0.61 | Global 0.6075 | Local 0.1192 | F1_macro 0.7211 | WorstLoss 0.8189
[Tracker Process 0] New BEST synthetic [phase1_class1] (by global.global_obj: 0.607528) saved.
[Tracker Process 0] BEST β weights [phase1_class1] saved -> /storage_1/epigou_storage/FORGE/training_runs/SPECcapture24_k0_gpu0_restart_EP5000_PCA10_REWwgl_minID1_majID0_TRJ3000_REAL2000_GG202605111117_43a8f51c/seed_42/best_beta_state_dict_phase1_class1.pt
[Tracker Process 0] Ep  348 | Return 0.07 | Global 0.0722 | Local 0.1192 | F1_macro 0.6410 | WorstLoss 1.9359
[Tracker Process 0] Ep  349 | Return 0.37 | Global 0.3731 | Local 0.1192 | F1_macro 0.7404 | WorstLoss 1.3080
[Tracker Process 0] Ep  350 | Return 0.42 | Global 0.4233 | Local 0.1192 | F1_macro 0.7392 | WorstLoss 1.2033
[Tracker Process 0] Ep  351 | Return 0.21 | Global 0.2143 | Local 0.1192 | F1_macro 0.6769 | WorstLoss 1.6395
[Tracker Process 0] Ep  352 | Return 0.52 | Global 0.5204 | Local 0.1192 | F1_macro 0.7321 | WorstLoss 1.0006
[Tracker Process 0] Ep  353 | Return 0.14 | Global 0.1375 | Local 0.1192 | F1_macro 0.6598 | WorstLoss 1.7997
[Tracker Process 0] Ep  354 | Return 0.22 | Global 0.2201 | Local 0.1192 | F1_macro 0.7297 | WorstLoss 1.6272
[Tracker Process 0] Ep  355 | Return 0.34 | Global 0.3447 | Local 0.1192 | F1_macro 0.6567 | WorstLoss 1.3674
[Tracker Process 0] Ep  356 | Return 0.21 | Global 0.2148 | Local 0.1192 | F1_macro 0.6805 | WorstLoss 1.6384
[Tracker Process 0] Ep  357 | Return 0.36 | Global 0.3554 | Local 0.1192 | F1_macro 0.6743 | WorstLoss 1.3450
[Tracker Process 0] Ep  358 | Return 0.44 | Global 0.4410 | Local 0.1192 | F1_macro 0.7193 | WorstLoss 1.1663
[Tracker Process 0] Ep  359 | Return 0.12 | Global 0.1234 | Local 0.1192 | F1_macro 0.6998 | WorstLoss 1.8290
[Tracker Process 0] Ep  360 | Return 0.59 | Global 0.5920 | Local 0.1192 | F1_macro 0.7499 | WorstLoss 0.8512
[Tracker Process 0] Ep  361 | Return 0.16 | Global 0.1579 | Local 0.1192 | F1_macro 0.6939 | WorstLoss 1.7570
[Tracker Process 0] Ep  362 | Return 0.32 | Global 0.3156 | Local 0.1192 | F1_macro 0.7160 | WorstLoss 1.4280
[Tracker Process 0] Ep  363 | Return 0.31 | Global 0.3065 | Local 0.1192 | F1_macro 0.6810 | WorstLoss 1.4471
[Tracker Process 0] Ep  364 | Return 0.46 | Global 0.4647 | Local 0.1192 | F1_macro 0.6991 | WorstLoss 1.1169
[Tracker Process 0] Ep  365 | Return 0.56 | Global 0.5581 | Local 0.1192 | F1_macro 0.7015 | WorstLoss 0.9219
[Tracker Process 0] Ep  366 | Return 0.24 | Global 0.2428 | Local 0.1192 | F1_macro 0.6692 | WorstLoss 1.5799
[Tracker Process 0] Ep  367 | Return 0.18 | Global 0.1760 | Local 0.1192 | F1_macro 0.6594 | WorstLoss 1.7192
[Tracker Process 0] Ep  368 | Return 0.35 | Global 0.3511 | Local 0.1192 | F1_macro 0.7152 | WorstLoss 1.3539
[Tracker Process 0] Ep  369 | Return 0.47 | Global 0.4743 | Local 0.1192 | F1_macro 0.6805 | WorstLoss 1.0969
[Tracker Process 0] Ep  370 | Return 0.52 | Global 0.5151 | Local 0.1192 | F1_macro 0.7093 | WorstLoss 1.0117
[Tracker Process 0] Ep  371 | Return 0.26 | Global 0.2605 | Local 0.1192 | F1_macro 0.7006 | WorstLoss 1.5429
[Tracker Process 0] Ep  372 | Return 0.07 | Global 0.0681 | Local 0.1192 | F1_macro 0.6745 | WorstLoss 1.9445
[Tracker Process 0] Ep  373 | Return 0.48 | Global 0.4812 | Local 0.1192 | F1_macro 0.7209 | WorstLoss 1.0824
[Tracker Process 0] Ep  374 | Return 0.47 | Global 0.4724 | Local 0.1192 | F1_macro 0.7385 | WorstLoss 1.1008
[Tracker Process 0] Ep  375 | Return 0.29 | Global 0.2861 | Local 0.1192 | F1_macro 0.6898 | WorstLoss 1.4895
[Tracker Process 0] Ep  376 | Return 0.49 | Global 0.4913 | Local 0.1192 | F1_macro 0.6663 | WorstLoss 1.0614
[Tracker Process 0] Ep  377 | Return 0.42 | Global 0.4244 | Local 0.1192 | F1_macro 0.7080 | WorstLoss 1.2009
[Tracker Process 0] Ep  378 | Return 0.12 | Global 0.1185 | Local 0.1192 | F1_macro 0.7053 | WorstLoss 1.8392
[Tracker Process 0] Ep  379 | Return 0.30 | Global 0.3029 | Local 0.1192 | F1_macro 0.7073 | WorstLoss 1.4546
[Tracker Process 0] Ep  380 | Return 0.22 | Global 0.2199 | Local 0.1192 | F1_macro 0.7065 | WorstLoss 1.6276
[Tracker Process 0] Ep  381 | Return 0.30 | Global 0.3045 | Local 0.1192 | F1_macro 0.7009 | WorstLoss 1.4513
[Tracker Process 0] Ep  382 | Return 0.58 | Global 0.5833 | Local 0.1192 | F1_macro 0.7073 | WorstLoss 0.8695
[Tracker Process 0] Ep  383 | Return 0.26 | Global 0.2621 | Local 0.1192 | F1_macro 0.6695 | WorstLoss 1.5397
[Tracker Process 0] Ep  384 | Return 0.21 | Global 0.2079 | Local 0.1192 | F1_macro 0.6665 | WorstLoss 1.6528
[Tracker Process 0] Ep  385 | Return 0.52 | Global 0.5162 | Local 0.1192 | F1_macro 0.7476 | WorstLoss 1.0094
[Tracker Process 0] Ep  386 | Return 0.31 | Global 0.3056 | Local 0.1192 | F1_macro 0.7109 | WorstLoss 1.4489
[Tracker Process 0] Ep  387 | Return 0.34 | Global 0.3439 | Local 0.1192 | F1_macro 0.7232 | WorstLoss 1.3689
[Tracker Process 0] Ep  388 | Return 0.40 | Global 0.3957 | Local 0.1192 | F1_macro 0.7100 | WorstLoss 1.2608
[Tracker Process 0] Ep  389 | Return 0.47 | Global 0.4650 | Local 0.1192 | F1_macro 0.6842 | WorstLoss 1.1162
[Tracker Process 0] Ep  390 | Return 0.49 | Global 0.4893 | Local 0.1192 | F1_macro 0.7372 | WorstLoss 1.0657
[Tracker Process 0] Ep  391 | Return 0.47 | Global 0.4724 | Local 0.1192 | F1_macro 0.7448 | WorstLoss 1.1007
[Tracker Process 0] Ep  392 | Return 0.33 | Global 0.3340 | Local 0.1192 | F1_macro 0.7124 | WorstLoss 1.3896
[Tracker Process 0] Ep  393 | Return 0.39 | Global 0.3886 | Local 0.1192 | F1_macro 0.6861 | WorstLoss 1.2757
[Tracker Process 0] Ep  394 | Return 0.46 | Global 0.4615 | Local 0.1192 | F1_macro 0.7108 | WorstLoss 1.1236
[Tracker Process 0] Ep  395 | Return 0.44 | Global 0.4449 | Local 0.1192 | F1_macro 0.7119 | WorstLoss 1.1583
[Tracker Process 0] Ep  396 | Return 0.49 | Global 0.4858 | Local 0.1192 | F1_macro 0.7436 | WorstLoss 1.0730
[Tracker Process 0] Ep  397 | Return 0.58 | Global 0.5834 | Local 0.1192 | F1_macro 0.7237 | WorstLoss 0.8692
[Tracker Process 0] Ep  398 | Return 0.41 | Global 0.4133 | Local 0.1192 | F1_macro 0.7425 | WorstLoss 1.2242
[Tracker Process 0] Ep  399 | Return 0.12 | Global 0.1206 | Local 0.1192 | F1_macro 0.7215 | WorstLoss 1.8349
[Tracker Process 0] Ep  400 | Return 0.29 | Global 0.2850 | Local 0.1192 | F1_macro 0.6476 | WorstLoss 1.4918
[Tracker Process 0] Ep  401 | Return 0.40 | Global 0.3952 | Local 0.1192 | F1_macro 0.7250 | WorstLoss 1.2619
[Tracker Process 0] Ep  402 | Return 0.32 | Global 0.3238 | Local 0.1192 | F1_macro 0.7023 | WorstLoss 1.4109
[Tracker Process 0] Ep  403 | Return 0.55 | Global 0.5536 | Local 0.1192 | F1_macro 0.7379 | WorstLoss 0.9314
[Tracker Process 0] Ep  404 | Return 0.13 | Global 0.1345 | Local 0.1192 | F1_macro 0.6823 | WorstLoss 1.8059
[Tracker Process 0] Ep  405 | Return 0.29 | Global 0.2864 | Local 0.1192 | F1_macro 0.6940 | WorstLoss 1.4889
[Tracker Process 0] Ep  406 | Return 0.24 | Global 0.2424 | Local 0.1192 | F1_macro 0.7166 | WorstLoss 1.5807
[Tracker Process 0] Ep  407 | Return 0.26 | Global 0.2565 | Local 0.1192 | F1_macro 0.6942 | WorstLoss 1.5513
[Tracker Process 0] Ep  408 | Return 0.04 | Global 0.0356 | Local 0.1192 | F1_macro 0.6640 | WorstLoss 2.0123
[Tracker Process 0] Ep  409 | Return 0.56 | Global 0.5627 | Local 0.1192 | F1_macro 0.7291 | WorstLoss 0.9123
[Tracker Process 0] Ep  410 | Return 0.19 | Global 0.1874 | Local 0.1192 | F1_macro 0.7225 | WorstLoss 1.6956
[Tracker Process 0] Ep  411 | Return 0.32 | Global 0.3219 | Local 0.1192 | F1_macro 0.6954 | WorstLoss 1.4149
[Tracker Process 0] Ep  412 | Return 0.39 | Global 0.3883 | Local 0.1192 | F1_macro 0.7614 | WorstLoss 1.2764
[Tracker Process 0] Ep  413 | Return 0.22 | Global 0.2200 | Local 0.1192 | F1_macro 0.7028 | WorstLoss 1.6275
[Tracker Process 0] Ep  414 | Return 0.41 | Global 0.4071 | Local 0.1192 | F1_macro 0.7352 | WorstLoss 1.2371
[Tracker Process 0] Ep  415 | Return 0.42 | Global 0.4169 | Local 0.1192 | F1_macro 0.7576 | WorstLoss 1.2166
[Tracker Process 0] Ep  416 | Return 0.39 | Global 0.3855 | Local 0.1192 | F1_macro 0.6936 | WorstLoss 1.2822
[Tracker Process 0] Ep  417 | Return 0.06 | Global 0.0603 | Local 0.1192 | F1_macro 0.6879 | WorstLoss 1.9607
[Tracker Process 0] Ep  418 | Return 0.37 | Global 0.3712 | Local 0.1192 | F1_macro 0.6918 | WorstLoss 1.3120
[Tracker Process 0] Ep  419 | Return 0.21 | Global 0.2123 | Local 0.1192 | F1_macro 0.7065 | WorstLoss 1.6435
[Tracker Process 0] Ep  420 | Return 0.25 | Global 0.2507 | Local 0.1192 | F1_macro 0.6920 | WorstLoss 1.5635
[Tracker Process 0] Ep  421 | Return 0.42 | Global 0.4157 | Local 0.1192 | F1_macro 0.7094 | WorstLoss 1.2191
[Tracker Process 0] Ep  422 | Return 0.22 | Global 0.2172 | Local 0.1192 | F1_macro 0.6906 | WorstLoss 1.6333
[Tracker Process 0] Ep  423 | Return 0.52 | Global 0.5183 | Local 0.1192 | F1_macro 0.7183 | WorstLoss 1.0051
[Tracker Process 0] Ep  424 | Return 0.21 | Global 0.2085 | Local 0.1192 | F1_macro 0.7116 | WorstLoss 1.6515
[Tracker Process 0] Ep  425 | Return 0.49 | Global 0.4878 | Local 0.1192 | F1_macro 0.7049 | WorstLoss 1.0686
[Tracker Process 0] Ep  426 | Return 0.11 | Global 0.1103 | Local 0.1192 | F1_macro 0.6126 | WorstLoss 1.8563
[Tracker Process 0] Ep  427 | Return 0.52 | Global 0.5182 | Local 0.1192 | F1_macro 0.7339 | WorstLoss 1.0053
[Tracker Process 0] Ep  428 | Return 0.45 | Global 0.4542 | Local 0.1192 | F1_macro 0.7037 | WorstLoss 1.1389
[Tracker Process 0] Ep  429 | Return 0.43 | Global 0.4314 | Local 0.1192 | F1_macro 0.7042 | WorstLoss 1.1864
[Tracker Process 0] Ep  430 | Return 0.33 | Global 0.3271 | Local 0.1192 | F1_macro 0.7028 | WorstLoss 1.4041
[Tracker Process 0] Ep  431 | Return 0.29 | Global 0.2901 | Local 0.1192 | F1_macro 0.6962 | WorstLoss 1.4812
[Tracker Process 0] Ep  432 | Return 0.49 | Global 0.4923 | Local 0.1192 | F1_macro 0.6942 | WorstLoss 1.0593
[Tracker Process 0] Ep  433 | Return 0.35 | Global 0.3462 | Local 0.1192 | F1_macro 0.7496 | WorstLoss 1.3642
[Tracker Process 0] Ep  434 | Return 0.62 | Global 0.6177 | Local 0.1192 | F1_macro 0.6915 | WorstLoss 0.7977
[Tracker Process 0] New BEST synthetic [phase1_class1] (by global.global_obj: 0.617705) saved.
[Tracker Process 0] BEST β weights [phase1_class1] saved -> /storage_1/epigou_storage/FORGE/training_runs/SPECcapture24_k0_gpu0_restart_EP5000_PCA10_REWwgl_minID1_majID0_TRJ3000_REAL2000_GG202605111117_43a8f51c/seed_42/best_beta_state_dict_phase1_class1.pt
[Tracker Process 0] Ep  435 | Return 0.47 | Global 0.4677 | Local 0.1192 | F1_macro 0.7235 | WorstLoss 1.1106
[Tracker Process 0] Ep  436 | Return 0.37 | Global 0.3687 | Local 0.1192 | F1_macro 0.6344 | WorstLoss 1.3172
[Tracker Process 0] Ep  437 | Return 0.30 | Global 0.2950 | Local 0.1192 | F1_macro 0.6615 | WorstLoss 1.4709
[Tracker Process 0] Ep  438 | Return 0.45 | Global 0.4485 | Local 0.1192 | F1_macro 0.6949 | WorstLoss 1.1508
[Tracker Process 0] Ep  439 | Return 0.56 | Global 0.5605 | Local 0.1192 | F1_macro 0.7382 | WorstLoss 0.9170
[Tracker Process 0] Ep  440 | Return 0.47 | Global 0.4684 | Local 0.1192 | F1_macro 0.7012 | WorstLoss 1.1092
[Tracker Process 0] Ep  441 | Return 0.41 | Global 0.4139 | Local 0.1192 | F1_macro 0.7157 | WorstLoss 1.2230
[Tracker Process 0] Ep  442 | Return 0.47 | Global 0.4741 | Local 0.1192 | F1_macro 0.7401 | WorstLoss 1.0973
[Tracker Process 0] Ep  443 | Return 0.39 | Global 0.3939 | Local 0.1192 | F1_macro 0.6854 | WorstLoss 1.2647
[Tracker Process 0] Ep  444 | Return 0.61 | Global 0.6066 | Local 0.1192 | F1_macro 0.7224 | WorstLoss 0.8209
[Tracker Process 0] Ep  445 | Return 0.39 | Global 0.3858 | Local 0.1192 | F1_macro 0.6854 | WorstLoss 1.2815
[Tracker Process 0] Ep  446 | Return 0.42 | Global 0.4185 | Local 0.1192 | F1_macro 0.6844 | WorstLoss 1.2132
[Tracker Process 0] Ep  447 | Return 0.28 | Global 0.2759 | Local 0.1192 | F1_macro 0.7005 | WorstLoss 1.5109
[Tracker Process 0] Ep  448 | Return 0.33 | Global 0.3271 | Local 0.1192 | F1_macro 0.7139 | WorstLoss 1.4039
[Tracker Process 0] Ep  449 | Return 0.24 | Global 0.2369 | Local 0.1192 | F1_macro 0.7050 | WorstLoss 1.5922
[Tracker Process 0] Ep  450 | Return -0.35 | Global -0.3466 | Local 0.1192 | F1_macro 0.6745 | WorstLoss 2.8097
[Tracker Process 0] Saved snapshot: ep0450_phase1_class1
[Tracker Process 0] Ep  451 | Return 0.51 | Global 0.5056 | Local 0.1192 | F1_macro 0.7429 | WorstLoss 1.0315
[Tracker Process 0] Ep  452 | Return 0.50 | Global 0.5040 | Local 0.1192 | F1_macro 0.7440 | WorstLoss 1.0348
[Tracker Process 0] Ep  453 | Return 0.47 | Global 0.4733 | Local 0.1192 | F1_macro 0.7385 | WorstLoss 1.0989
[Tracker Process 0] Ep  454 | Return 0.36 | Global 0.3594 | Local 0.1192 | F1_macro 0.7344 | WorstLoss 1.3365
[Tracker Process 0] Ep  455 | Return 0.69 | Global 0.6927 | Local 0.1192 | F1_macro 0.6988 | WorstLoss 0.6412
[Tracker Process 0] New BEST synthetic [phase1_class1] (by global.global_obj: 0.692696) saved.
[Tracker Process 0] BEST β weights [phase1_class1] saved -> /storage_1/epigou_storage/FORGE/training_runs/SPECcapture24_k0_gpu0_restart_EP5000_PCA10_REWwgl_minID1_majID0_TRJ3000_REAL2000_GG202605111117_43a8f51c/seed_42/best_beta_state_dict_phase1_class1.pt
[Tracker Process 0] Ep  456 | Return 0.49 | Global 0.4919 | Local 0.1192 | F1_macro 0.7374 | WorstLoss 1.0601
[Tracker Process 0] Ep  457 | Return 0.34 | Global 0.3438 | Local 0.1192 | F1_macro 0.7542 | WorstLoss 1.3692
[Tracker Process 0] Ep  458 | Return 0.36 | Global 0.3561 | Local 0.1192 | F1_macro 0.6948 | WorstLoss 1.3435
[Tracker Process 0] Ep  459 | Return 0.47 | Global 0.4722 | Local 0.1192 | F1_macro 0.7078 | WorstLoss 1.1013
[Tracker Process 0] Ep  460 | Return 0.46 | Global 0.4570 | Local 0.1192 | F1_macro 0.6943 | WorstLoss 1.1330
[Tracker Process 0] Ep  461 | Return 0.31 | Global 0.3067 | Local 0.1192 | F1_macro 0.7157 | WorstLoss 1.4465
[Tracker Process 0] Ep  462 | Return 0.48 | Global 0.4843 | Local 0.1192 | F1_macro 0.7525 | WorstLoss 1.0761
[Tracker Process 0] Ep  463 | Return 0.49 | Global 0.4906 | Local 0.1192 | F1_macro 0.7549 | WorstLoss 1.0629
[Tracker Process 0] Ep  464 | Return 0.38 | Global 0.3824 | Local 0.1192 | F1_macro 0.7311 | WorstLoss 1.2886
[Tracker Process 0] Ep  465 | Return 0.16 | Global 0.1575 | Local 0.1192 | F1_macro 0.7184 | WorstLoss 1.7579
[Tracker Process 0] Ep  466 | Return 0.52 | Global 0.5241 | Local 0.1192 | F1_macro 0.7172 | WorstLoss 0.9929
[Tracker Process 0] Ep  467 | Return 0.36 | Global 0.3560 | Local 0.1192 | F1_macro 0.6797 | WorstLoss 1.3436
[Tracker Process 0] Ep  468 | Return 0.41 | Global 0.4137 | Local 0.1192 | F1_macro 0.7193 | WorstLoss 1.2233
[Tracker Process 0] Ep  469 | Return 0.33 | Global 0.3330 | Local 0.1192 | F1_macro 0.7393 | WorstLoss 1.3916
[Tracker Process 0] Ep  470 | Return 0.55 | Global 0.5460 | Local 0.1192 | F1_macro 0.7150 | WorstLoss 0.9473
[Tracker Process 0] Ep  471 | Return 0.38 | Global 0.3832 | Local 0.1192 | F1_macro 0.7167 | WorstLoss 1.2870
[Tracker Process 0] Ep  472 | Return 0.50 | Global 0.5022 | Local 0.1192 | F1_macro 0.6795 | WorstLoss 1.0387
[Tracker Process 0] Ep  473 | Return 0.25 | Global 0.2488 | Local 0.1192 | F1_macro 0.7132 | WorstLoss 1.5673
[Tracker Process 0] Ep  474 | Return 0.38 | Global 0.3763 | Local 0.1192 | F1_macro 0.6946 | WorstLoss 1.3013
[Tracker Process 0] Ep  475 | Return 0.32 | Global 0.3224 | Local 0.1192 | F1_macro 0.7538 | WorstLoss 1.4138
[Tracker Process 0] Ep  476 | Return 0.27 | Global 0.2677 | Local 0.1192 | F1_macro 0.6949 | WorstLoss 1.5279
[Tracker Process 0] Ep  477 | Return 0.43 | Global 0.4302 | Local 0.1192 | F1_macro 0.7746 | WorstLoss 1.1888
[Tracker Process 0] Ep  478 | Return 0.38 | Global 0.3812 | Local 0.1192 | F1_macro 0.6652 | WorstLoss 1.2912
[Tracker Process 0] Ep  479 | Return 0.45 | Global 0.4511 | Local 0.1192 | F1_macro 0.6816 | WorstLoss 1.1453
[Tracker Process 0] Ep  480 | Return 0.65 | Global 0.6522 | Local 0.1192 | F1_macro 0.7250 | WorstLoss 0.7257
[Tracker Process 0] Ep  481 | Return 0.56 | Global 0.5600 | Local 0.1192 | F1_macro 0.7425 | WorstLoss 0.9181
[Tracker Process 0] Ep  482 | Return 0.06 | Global 0.0591 | Local 0.1192 | F1_macro 0.6080 | WorstLoss 1.9633
[Tracker Process 0] Ep  483 | Return 0.19 | Global 0.1862 | Local 0.1192 | F1_macro 0.5989 | WorstLoss 1.6979
[Tracker Process 0] Ep  484 | Return 0.50 | Global 0.5023 | Local 0.1192 | F1_macro 0.6930 | WorstLoss 1.0384
[Tracker Process 0] Ep  485 | Return 0.39 | Global 0.3890 | Local 0.1192 | F1_macro 0.7140 | WorstLoss 1.2748
[Tracker Process 0] Ep  486 | Return 0.54 | Global 0.5366 | Local 0.1192 | F1_macro 0.6964 | WorstLoss 0.9670
[Tracker Process 0] Ep  487 | Return 0.49 | Global 0.4889 | Local 0.1192 | F1_macro 0.7520 | WorstLoss 1.0665
[Tracker Process 0] Ep  488 | Return 0.48 | Global 0.4779 | Local 0.1192 | F1_macro 0.7133 | WorstLoss 1.0894
[Tracker Process 0] Ep  489 | Return 0.30 | Global 0.2989 | Local 0.1192 | F1_macro 0.7022 | WorstLoss 1.4629
[Tracker Process 0] Ep  490 | Return 0.44 | Global 0.4417 | Local 0.1192 | F1_macro 0.7598 | WorstLoss 1.1648
[Tracker Process 0] Ep  491 | Return 0.42 | Global 0.4203 | Local 0.1192 | F1_macro 0.7216 | WorstLoss 1.2096
[Tracker Process 0] Ep  492 | Return 0.54 | Global 0.5374 | Local 0.1192 | F1_macro 0.6924 | WorstLoss 0.9651
[Tracker Process 0] Ep  493 | Return 0.50 | Global 0.5012 | Local 0.1192 | F1_macro 0.7207 | WorstLoss 1.0407
[Tracker Process 0] Ep  494 | Return 0.62 | Global 0.6221 | Local 0.1192 | F1_macro 0.7400 | WorstLoss 0.7885
[Tracker Process 0] Ep  495 | Return 0.52 | Global 0.5173 | Local 0.1192 | F1_macro 0.6962 | WorstLoss 1.0072
[Tracker Process 0] Ep  496 | Return 0.49 | Global 0.4925 | Local 0.1192 | F1_macro 0.7810 | WorstLoss 1.0589
[Tracker Process 0] Ep  497 | Return 0.32 | Global 0.3154 | Local 0.1192 | F1_macro 0.7006 | WorstLoss 1.4285
[Tracker Process 0] Ep  498 | Return 0.42 | Global 0.4211 | Local 0.1192 | F1_macro 0.7266 | WorstLoss 1.2079
[Tracker Process 0] Ep  499 | Return 0.38 | Global 0.3781 | Local 0.1192 | F1_macro 0.7401 | WorstLoss 1.2975
[Tracker Process 0] Ep  500 | Return 0.45 | Global 0.4525 | Local 0.1192 | F1_macro 0.6988 | WorstLoss 1.1424
[Tracker Process 0] Ep  501 | Return 0.41 | Global 0.4111 | Local 0.1192 | F1_macro 0.7393 | WorstLoss 1.2287
[Tracker Process 0] Ep  502 | Return 0.41 | Global 0.4122 | Local 0.1192 | F1_macro 0.6717 | WorstLoss 1.2265
[Tracker Process 0] Ep  503 | Return 0.30 | Global 0.2967 | Local 0.1192 | F1_macro 0.6990 | WorstLoss 1.4675
[Tracker Process 0] Ep  504 | Return -0.00 | Global -0.0038 | Local 0.1192 | F1_macro 0.6687 | WorstLoss 2.0945
[Tracker Process 0] Ep  505 | Return 0.40 | Global 0.3965 | Local 0.1192 | F1_macro 0.7004 | WorstLoss 1.2592
[Tracker Process 0] Ep  506 | Return 0.42 | Global 0.4226 | Local 0.1192 | F1_macro 0.7332 | WorstLoss 1.2047
[Tracker Process 0] Ep  507 | Return 0.14 | Global 0.1400 | Local 0.1192 | F1_macro 0.6852 | WorstLoss 1.7943
[Tracker Process 0] Ep  508 | Return 0.30 | Global 0.3025 | Local 0.1192 | F1_macro 0.6758 | WorstLoss 1.4552
[Tracker Process 0] Ep  509 | Return 0.55 | Global 0.5491 | Local 0.1192 | F1_macro 0.7440 | WorstLoss 0.9407
[Tracker Process 0] Ep  510 | Return 0.33 | Global 0.3295 | Local 0.1192 | F1_macro 0.6140 | WorstLoss 1.3990
[Tracker Process 0] Ep  511 | Return 0.22 | Global 0.2172 | Local 0.1192 | F1_macro 0.7298 | WorstLoss 1.6333
[Tracker Process 0] Ep  512 | Return 0.27 | Global 0.2650 | Local 0.1192 | F1_macro 0.7422 | WorstLoss 1.5335
[Tracker Process 0] Ep  513 | Return 0.35 | Global 0.3507 | Local 0.1192 | F1_macro 0.6949 | WorstLoss 1.3548
[Tracker Process 0] Ep  514 | Return 0.50 | Global 0.4985 | Local 0.1192 | F1_macro 0.7515 | WorstLoss 1.0464
[Tracker Process 0] Ep  515 | Return 0.43 | Global 0.4280 | Local 0.1192 | F1_macro 0.7465 | WorstLoss 1.1934
[Tracker Process 0] Ep  516 | Return 0.14 | Global 0.1354 | Local 0.1192 | F1_macro 0.7028 | WorstLoss 1.8039
[Tracker Process 0] Ep  517 | Return 0.55 | Global 0.5520 | Local 0.1192 | F1_macro 0.7488 | WorstLoss 0.9347
[Tracker Process 0] Ep  518 | Return 0.49 | Global 0.4879 | Local 0.1192 | F1_macro 0.7294 | WorstLoss 1.0686
[Tracker Process 0] Ep  519 | Return 0.59 | Global 0.5855 | Local 0.1192 | F1_macro 0.7266 | WorstLoss 0.8650
[Tracker Process 0] Ep  520 | Return 0.39 | Global 0.3854 | Local 0.1192 | F1_macro 0.6822 | WorstLoss 1.2823
[Tracker Process 0] Ep  521 | Return 0.38 | Global 0.3817 | Local 0.1192 | F1_macro 0.7083 | WorstLoss 1.2901
[Tracker Process 0] Ep  522 | Return 0.35 | Global 0.3492 | Local 0.1192 | F1_macro 0.7177 | WorstLoss 1.3579
[Tracker Process 0] Ep  523 | Return 0.28 | Global 0.2825 | Local 0.1192 | F1_macro 0.6768 | WorstLoss 1.4971
[Tracker Process 0] Ep  524 | Return 0.54 | Global 0.5421 | Local 0.1192 | F1_macro 0.7210 | WorstLoss 0.9553
[Tracker Process 0] Ep  525 | Return 0.34 | Global 0.3377 | Local 0.1192 | F1_macro 0.6538 | WorstLoss 1.3820
[Tracker Process 0] Ep  526 | Return 0.33 | Global 0.3339 | Local 0.1192 | F1_macro 0.6673 | WorstLoss 1.3898
[Tracker Process 0] Ep  527 | Return 0.36 | Global 0.3630 | Local 0.1192 | F1_macro 0.7120 | WorstLoss 1.3291
[Tracker Process 0] Ep  528 | Return 0.41 | Global 0.4098 | Local 0.1192 | F1_macro 0.7767 | WorstLoss 1.2314
[Tracker Process 0] Ep  529 | Return 0.54 | Global 0.5388 | Local 0.1192 | F1_macro 0.7544 | WorstLoss 0.9623
[Tracker Process 0] Ep  530 | Return 0.28 | Global 0.2803 | Local 0.1192 | F1_macro 0.6655 | WorstLoss 1.5017
[Tracker Process 0] Ep  531 | Return 0.16 | Global 0.1639 | Local 0.1192 | F1_macro 0.7335 | WorstLoss 1.7445
[Tracker Process 0] Ep  532 | Return 0.53 | Global 0.5285 | Local 0.1192 | F1_macro 0.7401 | WorstLoss 0.9838
[Tracker Process 0] Ep  533 | Return -0.63 | Global -0.6305 | Local 0.1192 | F1_macro 0.6869 | WorstLoss 3.4021
[Tracker Process 0] Ep  534 | Return 0.58 | Global 0.5777 | Local 0.1192 | F1_macro 0.7097 | WorstLoss 0.8812
[Tracker Process 0] Ep  535 | Return 0.23 | Global 0.2340 | Local 0.1192 | F1_macro 0.7217 | WorstLoss 1.5982
[Tracker Process 0] Ep  536 | Return 0.27 | Global 0.2684 | Local 0.1192 | F1_macro 0.7544 | WorstLoss 1.5264
[Tracker Process 0] Ep  537 | Return 0.28 | Global 0.2812 | Local 0.1192 | F1_macro 0.7386 | WorstLoss 1.4999
[Tracker Process 0] Ep  538 | Return 0.48 | Global 0.4848 | Local 0.1192 | F1_macro 0.7813 | WorstLoss 1.0749
[Tracker Process 0] Ep  539 | Return 0.49 | Global 0.4894 | Local 0.1192 | F1_macro 0.6936 | WorstLoss 1.0654
[Tracker Process 0] Ep  540 | Return 0.42 | Global 0.4195 | Local 0.1192 | F1_macro 0.6898 | WorstLoss 1.2113
[Tracker Process 0] Ep  541 | Return 0.27 | Global 0.2727 | Local 0.1192 | F1_macro 0.6959 | WorstLoss 1.5176
[Tracker Process 0] Ep  542 | Return 0.53 | Global 0.5282 | Local 0.1192 | F1_macro 0.7647 | WorstLoss 0.9843
[Tracker Process 0] Ep  543 | Return 0.32 | Global 0.3193 | Local 0.1192 | F1_macro 0.7032 | WorstLoss 1.4202
[Tracker Process 0] Ep  544 | Return 0.34 | Global 0.3357 | Local 0.1192 | F1_macro 0.7144 | WorstLoss 1.3861
[Tracker Process 0] Ep  545 | Return 0.45 | Global 0.4454 | Local 0.1192 | F1_macro 0.7180 | WorstLoss 1.1572
[Tracker Process 0] Ep  546 | Return 0.49 | Global 0.4918 | Local 0.1192 | F1_macro 0.7116 | WorstLoss 1.0603
[Tracker Process 0] Ep  547 | Return 0.24 | Global 0.2431 | Local 0.1192 | F1_macro 0.7352 | WorstLoss 1.5793
[Tracker Process 0] Ep  548 | Return 0.58 | Global 0.5804 | Local 0.1192 | F1_macro 0.6971 | WorstLoss 0.8756
[Tracker Process 0] Ep  549 | Return 0.52 | Global 0.5165 | Local 0.1192 | F1_macro 0.7152 | WorstLoss 1.0088
[Tracker Process 0] Ep  550 | Return 0.56 | Global 0.5631 | Local 0.1192 | F1_macro 0.7211 | WorstLoss 0.9115
[Tracker Process 0] Ep  551 | Return 0.36 | Global 0.3573 | Local 0.1192 | F1_macro 0.7263 | WorstLoss 1.3411
[Tracker Process 0] Ep  552 | Return 0.38 | Global 0.3802 | Local 0.1192 | F1_macro 0.7336 | WorstLoss 1.2932
[Tracker Process 0] Ep  553 | Return 0.24 | Global 0.2378 | Local 0.1192 | F1_macro 0.7154 | WorstLoss 1.5904
[Tracker Process 0] Ep  554 | Return 0.40 | Global 0.4038 | Local 0.1192 | F1_macro 0.6982 | WorstLoss 1.2439
[Tracker Process 0] Ep  555 | Return 0.40 | Global 0.4025 | Local 0.1192 | F1_macro 0.7046 | WorstLoss 1.2467
[Tracker Process 0] Ep  556 | Return 0.47 | Global 0.4739 | Local 0.1192 | F1_macro 0.7341 | WorstLoss 1.0978
[Tracker Process 0] Ep  557 | Return 0.48 | Global 0.4815 | Local 0.1192 | F1_macro 0.6930 | WorstLoss 1.0819
[Tracker Process 0] Ep  558 | Return 0.35 | Global 0.3471 | Local 0.1192 | F1_macro 0.6898 | WorstLoss 1.3622
[Tracker Process 0] Ep  559 | Return 0.55 | Global 0.5535 | Local 0.1192 | F1_macro 0.7042 | WorstLoss 0.9316
[Tracker Process 0] Ep  560 | Return 0.24 | Global 0.2413 | Local 0.1192 | F1_macro 0.7196 | WorstLoss 1.5831
[Tracker Process 0] Ep  561 | Return 0.22 | Global 0.2246 | Local 0.1192 | F1_macro 0.6476 | WorstLoss 1.6179
[Tracker Process 0] Ep  562 | Return 0.00 | Global 0.0038 | Local 0.1192 | F1_macro 0.6928 | WorstLoss 2.0786
[Tracker Process 0] Ep  563 | Return 0.37 | Global 0.3720 | Local 0.1192 | F1_macro 0.7167 | WorstLoss 1.3103
[Tracker Process 0] Ep  564 | Return 0.21 | Global 0.2139 | Local 0.1192 | F1_macro 0.6769 | WorstLoss 1.6401
[Tracker Process 0] Ep  565 | Return 0.45 | Global 0.4492 | Local 0.1192 | F1_macro 0.7441 | WorstLoss 1.1491
[Tracker Process 0] Ep  566 | Return 0.52 | Global 0.5174 | Local 0.1192 | F1_macro 0.7341 | WorstLoss 1.0070
[Tracker Process 0] Ep  567 | Return 0.48 | Global 0.4753 | Local 0.1192 | F1_macro 0.6812 | WorstLoss 1.0948
[Tracker Process 0] Ep  568 | Return 0.49 | Global 0.4868 | Local 0.1192 | F1_macro 0.7182 | WorstLoss 1.0708
[Tracker Process 0] Ep  569 | Return 0.48 | Global 0.4769 | Local 0.1192 | F1_macro 0.7124 | WorstLoss 1.0914
[Tracker Process 0] Ep  570 | Return 0.43 | Global 0.4307 | Local 0.1192 | F1_macro 0.7022 | WorstLoss 1.1879
[Tracker Process 0] Ep  571 | Return 0.46 | Global 0.4626 | Local 0.1192 | F1_macro 0.6928 | WorstLoss 1.1212
[Tracker Process 0] Ep  572 | Return 0.38 | Global 0.3847 | Local 0.1192 | F1_macro 0.7187 | WorstLoss 1.2839
[Tracker Process 0] Ep  573 | Return 0.56 | Global 0.5640 | Local 0.1192 | F1_macro 0.7308 | WorstLoss 0.9098
[Tracker Process 0] Ep  574 | Return 0.43 | Global 0.4291 | Local 0.1192 | F1_macro 0.7448 | WorstLoss 1.1911
[Tracker Process 0] Ep  575 | Return 0.51 | Global 0.5099 | Local 0.1192 | F1_macro 0.7358 | WorstLoss 1.0227
[Tracker Process 0] Ep  576 | Return 0.36 | Global 0.3579 | Local 0.1192 | F1_macro 0.6884 | WorstLoss 1.3397
[Tracker Process 0] Ep  577 | Return 0.43 | Global 0.4318 | Local 0.1192 | F1_macro 0.7091 | WorstLoss 1.1855
[Tracker Process 0] Ep  578 | Return 0.45 | Global 0.4473 | Local 0.1192 | F1_macro 0.7427 | WorstLoss 1.1533
[Tracker Process 0] Ep  579 | Return 0.50 | Global 0.5010 | Local 0.1192 | F1_macro 0.7132 | WorstLoss 1.0412
[Tracker Process 0] Ep  580 | Return 0.55 | Global 0.5506 | Local 0.1192 | F1_macro 0.7038 | WorstLoss 0.9376
[Tracker Process 0] Ep  581 | Return 0.53 | Global 0.5345 | Local 0.1192 | F1_macro 0.7520 | WorstLoss 0.9712
[Tracker Process 0] Ep  582 | Return 0.45 | Global 0.4455 | Local 0.1192 | F1_macro 0.7007 | WorstLoss 1.1571
[Tracker Process 0] Ep  583 | Return 0.44 | Global 0.4376 | Local 0.1192 | F1_macro 0.7427 | WorstLoss 1.1734
[Tracker Process 0] Ep  584 | Return 0.38 | Global 0.3770 | Local 0.1192 | F1_macro 0.7229 | WorstLoss 1.2999
[Tracker Process 0] Ep  585 | Return 0.33 | Global 0.3315 | Local 0.1192 | F1_macro 0.7164 | WorstLoss 1.3948
[Tracker Process 0] Ep  586 | Return 0.25 | Global 0.2522 | Local 0.1192 | F1_macro 0.7006 | WorstLoss 1.5603
[Tracker Process 0] Ep  587 | Return 0.41 | Global 0.4084 | Local 0.1192 | F1_macro 0.7374 | WorstLoss 1.2343
[Tracker Process 0] Ep  588 | Return 0.40 | Global 0.3965 | Local 0.1192 | F1_macro 0.6635 | WorstLoss 1.2593
[Tracker Process 0] Ep  589 | Return 0.61 | Global 0.6138 | Local 0.1192 | F1_macro 0.7444 | WorstLoss 0.8057
[Tracker Process 0] Ep  590 | Return 0.44 | Global 0.4424 | Local 0.1192 | F1_macro 0.7664 | WorstLoss 1.1634
[Tracker Process 0] Ep  591 | Return 0.30 | Global 0.3023 | Local 0.1192 | F1_macro 0.7105 | WorstLoss 1.4557
[Tracker Process 0] Ep  592 | Return 0.30 | Global 0.3036 | Local 0.1192 | F1_macro 0.7135 | WorstLoss 1.4530
[Tracker Process 0] Ep  593 | Return 0.57 | Global 0.5675 | Local 0.1192 | F1_macro 0.7116 | WorstLoss 0.9023
[Tracker Process 0] Ep  594 | Return 0.46 | Global 0.4620 | Local 0.1192 | F1_macro 0.6917 | WorstLoss 1.1226
[Tracker Process 0] Ep  595 | Return 0.49 | Global 0.4914 | Local 0.1192 | F1_macro 0.7595 | WorstLoss 1.0613
[Tracker Process 0] Ep  596 | Return 0.39 | Global 0.3895 | Local 0.1192 | F1_macro 0.6884 | WorstLoss 1.2737
[Tracker Process 0] Ep  597 | Return 0.57 | Global 0.5727 | Local 0.1192 | F1_macro 0.7071 | WorstLoss 0.8915
[Tracker Process 0] Ep  598 | Return 0.32 | Global 0.3179 | Local 0.1192 | F1_macro 0.7075 | WorstLoss 1.4233
[Tracker Process 0] Ep  599 | Return 0.23 | Global 0.2300 | Local 0.1192 | F1_macro 0.7437 | WorstLoss 1.6065
[Tracker Process 0] Ep  600 | Return 0.49 | Global 0.4865 | Local 0.1192 | F1_macro 0.6862 | WorstLoss 1.0713
[Tracker Process 0] Saved snapshot: ep0600_phase1_class1
[Tracker Process 0] Ep  601 | Return 0.55 | Global 0.5481 | Local 0.1192 | F1_macro 0.7432 | WorstLoss 0.9428
[Tracker Process 0] Ep  602 | Return 0.34 | Global 0.3423 | Local 0.1192 | F1_macro 0.7353 | WorstLoss 1.3722
[Tracker Process 0] Ep  603 | Return 0.32 | Global 0.3153 | Local 0.1192 | F1_macro 0.7328 | WorstLoss 1.4286
[Tracker Process 0] Ep  604 | Return 0.47 | Global 0.4721 | Local 0.1192 | F1_macro 0.7674 | WorstLoss 1.1015
[Tracker Process 0] Ep  605 | Return 0.21 | Global 0.2147 | Local 0.1192 | F1_macro 0.6680 | WorstLoss 1.6384
[Tracker Process 0] Ep  606 | Return 0.44 | Global 0.4375 | Local 0.1192 | F1_macro 0.6815 | WorstLoss 1.1736
[Tracker Process 0] Ep  607 | Return -0.08 | Global -0.0761 | Local 0.1192 | F1_macro 0.6609 | WorstLoss 2.2452
[Tracker Process 0] Ep  608 | Return 0.48 | Global 0.4799 | Local 0.1192 | F1_macro 0.7250 | WorstLoss 1.0853
[Tracker Process 0] Ep  609 | Return 0.43 | Global 0.4263 | Local 0.1192 | F1_macro 0.6934 | WorstLoss 1.1970
[Tracker Process 0] Ep  610 | Return 0.45 | Global 0.4537 | Local 0.1192 | F1_macro 0.7095 | WorstLoss 1.1398
[Tracker Process 0] Ep  611 | Return 0.38 | Global 0.3843 | Local 0.1192 | F1_macro 0.7051 | WorstLoss 1.2846
[Tracker Process 0] Ep  612 | Return 0.56 | Global 0.5575 | Local 0.1192 | F1_macro 0.7648 | WorstLoss 0.9232
[Tracker Process 0] Ep  613 | Return 0.42 | Global 0.4174 | Local 0.1192 | F1_macro 0.6732 | WorstLoss 1.2157
[Tracker Process 0] Ep  614 | Return 0.37 | Global 0.3730 | Local 0.1192 | F1_macro 0.6542 | WorstLoss 1.3082
[Tracker Process 0] Ep  615 | Return 0.52 | Global 0.5225 | Local 0.1192 | F1_macro 0.7410 | WorstLoss 0.9963
[Tracker Process 0] Ep  616 | Return 0.53 | Global 0.5311 | Local 0.1192 | F1_macro 0.7164 | WorstLoss 0.9783
[Tracker Process 0] Ep  617 | Return 0.41 | Global 0.4103 | Local 0.1192 | F1_macro 0.7193 | WorstLoss 1.2305
[Tracker Process 0] Ep  618 | Return 0.23 | Global 0.2300 | Local 0.1192 | F1_macro 0.6828 | WorstLoss 1.6066
[Tracker Process 0] Ep  619 | Return 0.49 | Global 0.4885 | Local 0.1192 | F1_macro 0.7265 | WorstLoss 1.0671
[Tracker Process 0] Ep  620 | Return 0.50 | Global 0.4990 | Local 0.1192 | F1_macro 0.7020 | WorstLoss 1.0452
[Tracker Process 0] Ep  621 | Return 0.41 | Global 0.4133 | Local 0.1192 | F1_macro 0.6996 | WorstLoss 1.2241
[Tracker Process 0] Ep  622 | Return 0.40 | Global 0.3980 | Local 0.1192 | F1_macro 0.7113 | WorstLoss 1.2560
[Tracker Process 0] Ep  623 | Return 0.48 | Global 0.4840 | Local 0.1192 | F1_macro 0.7266 | WorstLoss 1.0766
[Tracker Process 0] Ep  624 | Return 0.36 | Global 0.3582 | Local 0.1192 | F1_macro 0.6462 | WorstLoss 1.3391
[Tracker Process 0] Ep  625 | Return 0.51 | Global 0.5107 | Local 0.1192 | F1_macro 0.7388 | WorstLoss 1.0209
[Tracker Process 0] Ep  626 | Return 0.37 | Global 0.3692 | Local 0.1192 | F1_macro 0.7028 | WorstLoss 1.3163
[Tracker Process 0] Ep  627 | Return 0.37 | Global 0.3731 | Local 0.1192 | F1_macro 0.6803 | WorstLoss 1.3080
[Tracker Process 0] Ep  628 | Return 0.43 | Global 0.4316 | Local 0.1192 | F1_macro 0.6846 | WorstLoss 1.1860
[Tracker Process 0] Ep  629 | Return 0.44 | Global 0.4395 | Local 0.1192 | F1_macro 0.7025 | WorstLoss 1.1695
[Tracker Process 0] Ep  630 | Return 0.53 | Global 0.5290 | Local 0.1192 | F1_macro 0.6997 | WorstLoss 0.9826
[Tracker Process 0] Ep  631 | Return 0.24 | Global 0.2381 | Local 0.1192 | F1_macro 0.6641 | WorstLoss 1.5898
[Tracker Process 0] Ep  632 | Return 0.38 | Global 0.3760 | Local 0.1192 | F1_macro 0.7544 | WorstLoss 1.3019
[Tracker Process 0] Ep  633 | Return 0.50 | Global 0.4972 | Local 0.1192 | F1_macro 0.7525 | WorstLoss 1.0491
[Tracker Process 0] Ep  634 | Return 0.40 | Global 0.3959 | Local 0.1192 | F1_macro 0.6823 | WorstLoss 1.2604
[Tracker Process 0] Ep  635 | Return 0.38 | Global 0.3826 | Local 0.1192 | F1_macro 0.6880 | WorstLoss 1.2883
[Tracker Process 0] Ep  636 | Return 0.38 | Global 0.3841 | Local 0.1192 | F1_macro 0.6566 | WorstLoss 1.2851
[Tracker Process 0] Ep  637 | Return 0.33 | Global 0.3298 | Local 0.1192 | F1_macro 0.7344 | WorstLoss 1.3983
[Tracker Process 0] Ep  638 | Return 0.32 | Global 0.3187 | Local 0.1192 | F1_macro 0.7626 | WorstLoss 1.4214
[Tracker Process 0] Ep  639 | Return 0.22 | Global 0.2187 | Local 0.1192 | F1_macro 0.6917 | WorstLoss 1.6303
[Tracker Process 0] Ep  640 | Return 0.46 | Global 0.4584 | Local 0.1192 | F1_macro 0.6774 | WorstLoss 1.1301
[Tracker Process 0] Ep  641 | Return 0.32 | Global 0.3174 | Local 0.1192 | F1_macro 0.6848 | WorstLoss 1.4242
[Tracker Process 0] Ep  642 | Return 0.49 | Global 0.4879 | Local 0.1192 | F1_macro 0.7394 | WorstLoss 1.0685
[Tracker Process 0] Ep  643 | Return 0.28 | Global 0.2773 | Local 0.1192 | F1_macro 0.6568 | WorstLoss 1.5080
[Tracker Process 0] Ep  644 | Return 0.51 | Global 0.5113 | Local 0.1192 | F1_macro 0.7136 | WorstLoss 1.0197
[Tracker Process 0] Ep  645 | Return 0.37 | Global 0.3674 | Local 0.1192 | F1_macro 0.7263 | WorstLoss 1.3199
[Tracker Process 0] Ep  646 | Return 0.54 | Global 0.5444 | Local 0.1192 | F1_macro 0.6662 | WorstLoss 0.9507
[Tracker Process 0] Ep  647 | Return 0.33 | Global 0.3261 | Local 0.1192 | F1_macro 0.6636 | WorstLoss 1.4062
[Tracker Process 0] Ep  648 | Return 0.51 | Global 0.5148 | Local 0.1192 | F1_macro 0.7216 | WorstLoss 1.0123
[Tracker Process 0] Ep  649 | Return 0.56 | Global 0.5574 | Local 0.1192 | F1_macro 0.7629 | WorstLoss 0.9234
[Tracker Process 0] Ep  650 | Return 0.55 | Global 0.5507 | Local 0.1192 | F1_macro 0.7350 | WorstLoss 0.9375
[Tracker Process 0] Ep  651 | Return 0.06 | Global 0.0573 | Local 0.1192 | F1_macro 0.6538 | WorstLoss 1.9669
[Tracker Process 0] Ep  652 | Return 0.52 | Global 0.5206 | Local 0.1192 | F1_macro 0.6904 | WorstLoss 1.0004
[Tracker Process 0] Ep  653 | Return 0.10 | Global 0.1036 | Local 0.1192 | F1_macro 0.6865 | WorstLoss 1.8704
[Tracker Process 0] Ep  654 | Return 0.38 | Global 0.3770 | Local 0.1192 | F1_macro 0.7328 | WorstLoss 1.2999
[Tracker Process 0] Ep  655 | Return 0.52 | Global 0.5201 | Local 0.1192 | F1_macro 0.7162 | WorstLoss 1.0013
[Tracker Process 0] Ep  656 | Return 0.37 | Global 0.3700 | Local 0.1192 | F1_macro 0.7341 | WorstLoss 1.3145
[Tracker Process 0] Ep  657 | Return 0.40 | Global 0.4025 | Local 0.1192 | F1_macro 0.6943 | WorstLoss 1.2467
[Tracker Process 0] Ep  658 | Return 0.29 | Global 0.2900 | Local 0.1192 | F1_macro 0.6946 | WorstLoss 1.4813
[Tracker Process 0] Ep  659 | Return 0.57 | Global 0.5723 | Local 0.1192 | F1_macro 0.7078 | WorstLoss 0.8925
[Tracker Process 0] Ep  660 | Return 0.32 | Global 0.3167 | Local 0.1192 | F1_macro 0.7059 | WorstLoss 1.4257
[Tracker Process 0] Ep  661 | Return 0.45 | Global 0.4545 | Local 0.1192 | F1_macro 0.6904 | WorstLoss 1.1382
[Tracker Process 0] Ep  662 | Return 0.36 | Global 0.3596 | Local 0.1192 | F1_macro 0.6504 | WorstLoss 1.3363
[Tracker Process 0] Ep  663 | Return 0.08 | Global 0.0805 | Local 0.1192 | F1_macro 0.6304 | WorstLoss 1.9185
[Tracker Process 0] Ep  664 | Return 0.45 | Global 0.4468 | Local 0.1192 | F1_macro 0.7207 | WorstLoss 1.1542
[Tracker Process 0] Ep  665 | Return 0.52 | Global 0.5171 | Local 0.1192 | F1_macro 0.7138 | WorstLoss 1.0077
[Tracker Process 0] Ep  666 | Return 0.32 | Global 0.3205 | Local 0.1192 | F1_macro 0.7465 | WorstLoss 1.4178
[Tracker Process 0] Ep  667 | Return 0.50 | Global 0.4991 | Local 0.1192 | F1_macro 0.7116 | WorstLoss 1.0451
[Tracker Process 0] Ep  668 | Return 0.32 | Global 0.3208 | Local 0.1192 | F1_macro 0.7419 | WorstLoss 1.4171
[Tracker Process 0] Ep  669 | Return 0.44 | Global 0.4446 | Local 0.1192 | F1_macro 0.6923 | WorstLoss 1.1589
[Tracker Process 0] Ep  670 | Return 0.35 | Global 0.3548 | Local 0.1192 | F1_macro 0.6961 | WorstLoss 1.3461
[Tracker Process 0] Ep  671 | Return 0.48 | Global 0.4792 | Local 0.1192 | F1_macro 0.7041 | WorstLoss 1.0866
[Tracker Process 0] Ep  672 | Return 0.54 | Global 0.5426 | Local 0.1192 | F1_macro 0.7071 | WorstLoss 0.9544
[Tracker Process 0] Ep  673 | Return 0.40 | Global 0.4050 | Local 0.1192 | F1_macro 0.7020 | WorstLoss 1.2415
[Tracker Process 0] Ep  674 | Return 0.42 | Global 0.4220 | Local 0.1192 | F1_macro 0.7210 | WorstLoss 1.2060
[Tracker Process 0] Ep  675 | Return 0.33 | Global 0.3343 | Local 0.1192 | F1_macro 0.6719 | WorstLoss 1.3890
[Tracker Process 0] Ep  676 | Return 0.08 | Global 0.0823 | Local 0.1192 | F1_macro 0.6830 | WorstLoss 1.9147
[Tracker Process 0] Ep  677 | Return 0.46 | Global 0.4611 | Local 0.1192 | F1_macro 0.7218 | WorstLoss 1.1244
[Tracker Process 0] Ep  678 | Return 0.52 | Global 0.5247 | Local 0.1192 | F1_macro 0.7295 | WorstLoss 0.9917
[Tracker Process 0] Ep  679 | Return 0.41 | Global 0.4135 | Local 0.1192 | F1_macro 0.7266 | WorstLoss 1.2236
[Tracker Process 0] Ep  680 | Return 0.52 | Global 0.5190 | Local 0.1192 | F1_macro 0.7223 | WorstLoss 1.0035
[Tracker Process 0] Ep  681 | Return 0.53 | Global 0.5254 | Local 0.1192 | F1_macro 0.6857 | WorstLoss 0.9902
[Tracker Process 0] Ep  682 | Return 0.42 | Global 0.4199 | Local 0.1192 | F1_macro 0.7147 | WorstLoss 1.2103
[Tracker Process 0] Ep  683 | Return 0.30 | Global 0.3037 | Local 0.1192 | F1_macro 0.6837 | WorstLoss 1.4529
[Tracker Process 0] Ep  684 | Return 0.44 | Global 0.4401 | Local 0.1192 | F1_macro 0.6741 | WorstLoss 1.1683
[Tracker Process 0] Ep  685 | Return 0.31 | Global 0.3120 | Local 0.1192 | F1_macro 0.7331 | WorstLoss 1.4356
[Tracker Process 0] Ep  686 | Return 0.48 | Global 0.4787 | Local 0.1192 | F1_macro 0.7009 | WorstLoss 1.0876
[Tracker Process 0] Ep  687 | Return 0.30 | Global 0.2951 | Local 0.1192 | F1_macro 0.7250 | WorstLoss 1.4707
[Tracker Process 0] Ep  688 | Return 0.28 | Global 0.2802 | Local 0.1192 | F1_macro 0.7185 | WorstLoss 1.5018
[Tracker Process 0] Ep  689 | Return 0.39 | Global 0.3856 | Local 0.1192 | F1_macro 0.7172 | WorstLoss 1.2819
[Tracker Process 0] Ep  690 | Return 0.56 | Global 0.5607 | Local 0.1192 | F1_macro 0.7155 | WorstLoss 0.9166
[Tracker Process 0] Ep  691 | Return 0.12 | Global 0.1196 | Local 0.1192 | F1_macro 0.6568 | WorstLoss 1.8370
[Tracker Process 0] Ep  692 | Return 0.54 | Global 0.5355 | Local 0.1192 | F1_macro 0.7563 | WorstLoss 0.9692
[Tracker Process 0] Ep  693 | Return 0.40 | Global 0.3956 | Local 0.1192 | F1_macro 0.7116 | WorstLoss 1.2611
[Tracker Process 0] Ep  694 | Return 0.50 | Global 0.5029 | Local 0.1192 | F1_macro 0.7298 | WorstLoss 1.0371
[Tracker Process 0] Ep  695 | Return 0.37 | Global 0.3703 | Local 0.1192 | F1_macro 0.6913 | WorstLoss 1.3138
[Tracker Process 0] Ep  696 | Return 0.48 | Global 0.4795 | Local 0.1192 | F1_macro 0.7070 | WorstLoss 1.0860
[Tracker Process 0] Ep  697 | Return 0.45 | Global 0.4523 | Local 0.1192 | F1_macro 0.7016 | WorstLoss 1.1427
[Tracker Process 0] Ep  698 | Return 0.46 | Global 0.4628 | Local 0.1192 | F1_macro 0.7176 | WorstLoss 1.1209
[Tracker Process 0] Ep  699 | Return 0.40 | Global 0.3950 | Local 0.1192 | F1_macro 0.6899 | WorstLoss 1.2623
[Tracker Process 0] Ep  700 | Return 0.59 | Global 0.5929 | Local 0.1192 | F1_macro 0.7348 | WorstLoss 0.8494
[Tracker Process 0] Ep  701 | Return 0.42 | Global 0.4175 | Local 0.1192 | F1_macro 0.7353 | WorstLoss 1.2154
[Tracker Process 0] Ep  702 | Return 0.61 | Global 0.6100 | Local 0.1192 | F1_macro 0.7224 | WorstLoss 0.8137
[Tracker Process 0] Ep  703 | Return -0.54 | Global -0.5448 | Local 0.1192 | F1_macro 0.6480 | WorstLoss 3.2232
[Tracker Process 0] Ep  704 | Return 0.42 | Global 0.4167 | Local 0.1192 | F1_macro 0.6783 | WorstLoss 1.2171
[Tracker Process 0] Ep  705 | Return 0.48 | Global 0.4777 | Local 0.1192 | F1_macro 0.7721 | WorstLoss 1.0897
[Tracker Process 0] Ep  706 | Return 0.40 | Global 0.3983 | Local 0.1192 | F1_macro 0.7885 | WorstLoss 1.2555
[Tracker Process 0] Ep  707 | Return 0.24 | Global 0.2417 | Local 0.1192 | F1_macro 0.7483 | WorstLoss 1.5823
[Tracker Process 0] Ep  708 | Return 0.25 | Global 0.2501 | Local 0.1192 | F1_macro 0.7201 | WorstLoss 1.5646
[Tracker Process 0] Ep  709 | Return 0.12 | Global 0.1198 | Local 0.1192 | F1_macro 0.7090 | WorstLoss 1.8365
[Tracker Process 0] Ep  710 | Return 0.18 | Global 0.1805 | Local 0.1192 | F1_macro 0.6431 | WorstLoss 1.7099
[Tracker Process 0] Ep  711 | Return 0.35 | Global 0.3474 | Local 0.1192 | F1_macro 0.6771 | WorstLoss 1.3617
[Tracker Process 0] Ep  712 | Return 0.43 | Global 0.4335 | Local 0.1192 | F1_macro 0.6991 | WorstLoss 1.1820
[Tracker Process 0] Ep  713 | Return 0.43 | Global 0.4304 | Local 0.1192 | F1_macro 0.7520 | WorstLoss 1.1884
[Tracker Process 0] Ep  714 | Return 0.38 | Global 0.3769 | Local 0.1192 | F1_macro 0.7061 | WorstLoss 1.3001
[Tracker Process 0] Ep  715 | Return 0.50 | Global 0.4963 | Local 0.1192 | F1_macro 0.7068 | WorstLoss 1.0510
[Tracker Process 0] Ep  716 | Return 0.10 | Global 0.0987 | Local 0.1192 | F1_macro 0.6705 | WorstLoss 1.8806
[Tracker Process 0] Ep  717 | Return 0.25 | Global 0.2456 | Local 0.1192 | F1_macro 0.6837 | WorstLoss 1.5741
[Tracker Process 0] Ep  718 | Return 0.36 | Global 0.3558 | Local 0.1192 | F1_macro 0.7113 | WorstLoss 1.3441
[Tracker Process 0] Ep  719 | Return 0.42 | Global 0.4246 | Local 0.1192 | F1_macro 0.7152 | WorstLoss 1.2007
[Tracker Process 0] Ep  720 | Return 0.33 | Global 0.3291 | Local 0.1192 | F1_macro 0.7006 | WorstLoss 1.3997
[Tracker Process 0] Ep  721 | Return 0.23 | Global 0.2334 | Local 0.1192 | F1_macro 0.6430 | WorstLoss 1.5995
[Tracker Process 0] Ep  722 | Return 0.40 | Global 0.4027 | Local 0.1192 | F1_macro 0.7113 | WorstLoss 1.2463
[Tracker Process 0] Ep  723 | Return 0.30 | Global 0.2964 | Local 0.1192 | F1_macro 0.6768 | WorstLoss 1.4681
[Tracker Process 0] Ep  724 | Return 0.60 | Global 0.5970 | Local 0.1192 | F1_macro 0.7062 | WorstLoss 0.8408
[Tracker Process 0] Ep  725 | Return 0.41 | Global 0.4130 | Local 0.1192 | F1_macro 0.6879 | WorstLoss 1.2247
[Tracker Process 0] Ep  726 | Return 0.42 | Global 0.4154 | Local 0.1192 | F1_macro 0.7591 | WorstLoss 1.2197
[Tracker Process 0] Ep  727 | Return 0.40 | Global 0.4008 | Local 0.1192 | F1_macro 0.7349 | WorstLoss 1.2503
[Tracker Process 0] Ep  728 | Return 0.37 | Global 0.3749 | Local 0.1192 | F1_macro 0.7311 | WorstLoss 1.3042
[Tracker Process 0] Ep  729 | Return 0.44 | Global 0.4424 | Local 0.1192 | F1_macro 0.7096 | WorstLoss 1.1635
[Tracker Process 0] Ep  730 | Return 0.37 | Global 0.3730 | Local 0.1192 | F1_macro 0.7578 | WorstLoss 1.3082
[Tracker Process 0] Ep  731 | Return 0.35 | Global 0.3480 | Local 0.1192 | F1_macro 0.7260 | WorstLoss 1.3604
[Tracker Process 0] Ep  732 | Return 0.43 | Global 0.4252 | Local 0.1192 | F1_macro 0.7119 | WorstLoss 1.1994
[Tracker Process 0] Ep  733 | Return 0.42 | Global 0.4158 | Local 0.1192 | F1_macro 0.7096 | WorstLoss 1.2189
[Tracker Process 0] Ep  734 | Return 0.15 | Global 0.1499 | Local 0.1192 | F1_macro 0.6821 | WorstLoss 1.7738
[Tracker Process 0] Ep  735 | Return 0.43 | Global 0.4285 | Local 0.1192 | F1_macro 0.7023 | WorstLoss 1.1924
[Tracker Process 0] Ep  736 | Return 0.31 | Global 0.3120 | Local 0.1192 | F1_macro 0.6492 | WorstLoss 1.4355
[Tracker Process 0] Ep  737 | Return 0.43 | Global 0.4313 | Local 0.1192 | F1_macro 0.7316 | WorstLoss 1.1865
[Tracker Process 0] Ep  738 | Return 0.53 | Global 0.5250 | Local 0.1192 | F1_macro 0.7266 | WorstLoss 0.9911
[Tracker Process 0] Ep  739 | Return 0.44 | Global 0.4382 | Local 0.1192 | F1_macro 0.7317 | WorstLoss 1.1723
[Tracker Process 0] Ep  740 | Return 0.42 | Global 0.4232 | Local 0.1192 | F1_macro 0.7250 | WorstLoss 1.2035
[Tracker Process 0] Ep  741 | Return 0.28 | Global 0.2818 | Local 0.1192 | F1_macro 0.7460 | WorstLoss 1.4986
[Tracker Process 0] Ep  742 | Return 0.35 | Global 0.3540 | Local 0.1192 | F1_macro 0.7028 | WorstLoss 1.3479
[Tracker Process 0] Ep  743 | Return 0.51 | Global 0.5054 | Local 0.1192 | F1_macro 0.7313 | WorstLoss 1.0320
[Tracker Process 0] Ep  744 | Return 0.19 | Global 0.1925 | Local 0.1192 | F1_macro 0.6876 | WorstLoss 1.6849
[Tracker Process 0] Ep  745 | Return 0.36 | Global 0.3596 | Local 0.1192 | F1_macro 0.7014 | WorstLoss 1.3363
[Tracker Process 0] Ep  746 | Return 0.02 | Global 0.0241 | Local 0.1192 | F1_macro 0.7066 | WorstLoss 2.0363
[Tracker Process 0] Ep  747 | Return 0.43 | Global 0.4346 | Local 0.1192 | F1_macro 0.7532 | WorstLoss 1.1797
[Tracker Process 0] Ep  748 | Return 0.53 | Global 0.5259 | Local 0.1192 | F1_macro 0.7684 | WorstLoss 0.9892
[Tracker Process 0] Ep  749 | Return 0.48 | Global 0.4838 | Local 0.1192 | F1_macro 0.6788 | WorstLoss 1.0771
[Tracker Process 0] Ep  750 | Return 0.45 | Global 0.4513 | Local 0.1192 | F1_macro 0.7236 | WorstLoss 1.1449
[Tracker Process 0] Saved snapshot: ep0750_phase1_class1
[Tracker Process 0] Ep  751 | Return 0.31 | Global 0.3138 | Local 0.1192 | F1_macro 0.7075 | WorstLoss 1.4317
[Tracker Process 0] Ep  752 | Return 0.48 | Global 0.4813 | Local 0.1192 | F1_macro 0.7602 | WorstLoss 1.0822
[Tracker Process 0] Ep  753 | Return 0.50 | Global 0.4990 | Local 0.1192 | F1_macro 0.7298 | WorstLoss 1.0452
[Tracker Process 0] Ep  754 | Return 0.46 | Global 0.4580 | Local 0.1192 | F1_macro 0.7282 | WorstLoss 1.1308
[Tracker Process 0] Ep  755 | Return 0.44 | Global 0.4373 | Local 0.1192 | F1_macro 0.7377 | WorstLoss 1.1740
[Tracker Process 0] Ep  756 | Return 0.49 | Global 0.4900 | Local 0.1192 | F1_macro 0.7839 | WorstLoss 1.0642
[Tracker Process 0] Ep  757 | Return 0.37 | Global 0.3727 | Local 0.1192 | F1_macro 0.7472 | WorstLoss 1.3090
[Tracker Process 0] Ep  758 | Return 0.52 | Global 0.5161 | Local 0.1192 | F1_macro 0.7037 | WorstLoss 1.0097
[Tracker Process 0] Ep  759 | Return 0.44 | Global 0.4392 | Local 0.1192 | F1_macro 0.7503 | WorstLoss 1.1701
[Tracker Process 0] Ep  760 | Return 0.40 | Global 0.4047 | Local 0.1192 | F1_macro 0.7603 | WorstLoss 1.2421
[Tracker Process 0] Ep  761 | Return 0.28 | Global 0.2825 | Local 0.1192 | F1_macro 0.7123 | WorstLoss 1.4970
[Tracker Process 0] Ep  762 | Return 0.45 | Global 0.4504 | Local 0.1192 | F1_macro 0.7250 | WorstLoss 1.1468
[Tracker Process 0] Ep  763 | Return 0.41 | Global 0.4085 | Local 0.1192 | F1_macro 0.7544 | WorstLoss 1.2342
[Tracker Process 0] Ep  764 | Return 0.55 | Global 0.5529 | Local 0.1192 | F1_macro 0.7675 | WorstLoss 0.9329
[Tracker Process 0] Ep  765 | Return 0.44 | Global 0.4385 | Local 0.1192 | F1_macro 0.6830 | WorstLoss 1.1716
[Tracker Process 0] Ep  766 | Return 0.68 | Global 0.6804 | Local 0.1192 | F1_macro 0.7366 | WorstLoss 0.6668
[Tracker Process 0] Ep  767 | Return 0.41 | Global 0.4070 | Local 0.1192 | F1_macro 0.7070 | WorstLoss 1.2373
[Tracker Process 0] Ep  768 | Return 0.55 | Global 0.5504 | Local 0.1192 | F1_macro 0.7321 | WorstLoss 0.9380
[Tracker Process 0] Ep  769 | Return 0.28 | Global 0.2818 | Local 0.1192 | F1_macro 0.7248 | WorstLoss 1.4985
[Tracker Process 0] Ep  770 | Return 0.54 | Global 0.5398 | Local 0.1192 | F1_macro 0.7105 | WorstLoss 0.9603
[Tracker Process 0] Ep  771 | Return 0.45 | Global 0.4455 | Local 0.1192 | F1_macro 0.6968 | WorstLoss 1.1570
[Tracker Process 0] Ep  772 | Return 0.41 | Global 0.4113 | Local 0.1192 | F1_macro 0.7316 | WorstLoss 1.2284
[Tracker Process 0] Ep  773 | Return 0.42 | Global 0.4227 | Local 0.1192 | F1_macro 0.6859 | WorstLoss 1.2045
[Tracker Process 0] Ep  774 | Return 0.51 | Global 0.5110 | Local 0.1192 | F1_macro 0.7390 | WorstLoss 1.0202
[Tracker Process 0] Ep  775 | Return 0.43 | Global 0.4289 | Local 0.1192 | F1_macro 0.7379 | WorstLoss 1.1915
[Tracker Process 0] Ep  776 | Return 0.44 | Global 0.4367 | Local 0.1192 | F1_macro 0.7577 | WorstLoss 1.1754
[Tracker Process 0] Ep  777 | Return 0.52 | Global 0.5185 | Local 0.1192 | F1_macro 0.7279 | WorstLoss 1.0047
[Tracker Process 0] Ep  778 | Return 0.36 | Global 0.3599 | Local 0.1192 | F1_macro 0.7470 | WorstLoss 1.3356
[Tracker Process 0] Ep  779 | Return 0.35 | Global 0.3520 | Local 0.1192 | F1_macro 0.7384 | WorstLoss 1.3520
[Tracker Process 0] Ep  780 | Return 0.39 | Global 0.3872 | Local 0.1192 | F1_macro 0.7266 | WorstLoss 1.2786
[Tracker Process 0] Ep  781 | Return 0.35 | Global 0.3490 | Local 0.1192 | F1_macro 0.7425 | WorstLoss 1.3584
[Tracker Process 0] Ep  782 | Return 0.45 | Global 0.4536 | Local 0.1192 | F1_macro 0.7109 | WorstLoss 1.1401
[Tracker Process 0] Ep  783 | Return 0.18 | Global 0.1841 | Local 0.1192 | F1_macro 0.7074 | WorstLoss 1.7025
[Tracker Process 0] Ep  784 | Return 0.39 | Global 0.3938 | Local 0.1192 | F1_macro 0.7544 | WorstLoss 1.2649
[Tracker Process 0] Ep  785 | Return 0.44 | Global 0.4440 | Local 0.1192 | F1_macro 0.7404 | WorstLoss 1.1600
[Tracker Process 0] Ep  786 | Return 0.34 | Global 0.3393 | Local 0.1192 | F1_macro 0.7184 | WorstLoss 1.3786
[Tracker Process 0] Ep  787 | Return 0.28 | Global 0.2844 | Local 0.1192 | F1_macro 0.7506 | WorstLoss 1.4930
[Tracker Process 0] Ep  788 | Return 0.31 | Global 0.3133 | Local 0.1192 | F1_macro 0.7472 | WorstLoss 1.4327
[Tracker Process 0] Ep  789 | Return 0.55 | Global 0.5498 | Local 0.1192 | F1_macro 0.7799 | WorstLoss 0.9394
[Tracker Process 0] Ep  790 | Return 0.25 | Global 0.2517 | Local 0.1192 | F1_macro 0.7299 | WorstLoss 1.5612
[Tracker Process 0] Ep  791 | Return 0.21 | Global 0.2107 | Local 0.1192 | F1_macro 0.7152 | WorstLoss 1.6470
[Tracker Process 0] Ep  792 | Return 0.33 | Global 0.3280 | Local 0.1192 | F1_macro 0.7368 | WorstLoss 1.4022
[Tracker Process 0] Ep  793 | Return 0.40 | Global 0.4017 | Local 0.1192 | F1_macro 0.7628 | WorstLoss 1.2483
[Tracker Process 0] Ep  794 | Return 0.17 | Global 0.1700 | Local 0.1192 | F1_macro 0.7108 | WorstLoss 1.7319
[Tracker Process 0] Ep  795 | Return 0.38 | Global 0.3807 | Local 0.1192 | F1_macro 0.6745 | WorstLoss 1.2922
[Tracker Process 0] Ep  796 | Return 0.57 | Global 0.5703 | Local 0.1192 | F1_macro 0.7467 | WorstLoss 0.8966
[Tracker Process 0] Ep  797 | Return 0.25 | Global 0.2548 | Local 0.1192 | F1_macro 0.7493 | WorstLoss 1.5548
[Tracker Process 0] Ep  798 | Return 0.56 | Global 0.5613 | Local 0.1192 | F1_macro 0.7553 | WorstLoss 0.9153
[Tracker Process 0] Ep  799 | Return 0.45 | Global 0.4528 | Local 0.1192 | F1_macro 0.7314 | WorstLoss 1.1416
[Tracker Process 0] Ep  800 | Return 0.44 | Global 0.4440 | Local 0.1192 | F1_macro 0.7382 | WorstLoss 1.1601
[Tracker Process 0] Ep  801 | Return 0.43 | Global 0.4348 | Local 0.1192 | F1_macro 0.6943 | WorstLoss 1.1793
[Tracker Process 0] Ep  802 | Return 0.29 | Global 0.2937 | Local 0.1192 | F1_macro 0.7382 | WorstLoss 1.4736
[Tracker Process 0] Ep  803 | Return 0.37 | Global 0.3749 | Local 0.1192 | F1_macro 0.7514 | WorstLoss 1.3043
[Tracker Process 0] Ep  804 | Return 0.32 | Global 0.3162 | Local 0.1192 | F1_macro 0.7299 | WorstLoss 1.4267
[Tracker Process 0] Ep  805 | Return 0.45 | Global 0.4502 | Local 0.1192 | F1_macro 0.7760 | WorstLoss 1.1472
[Tracker Process 0] Ep  806 | Return 0.40 | Global 0.3972 | Local 0.1192 | F1_macro 0.7786 | WorstLoss 1.2578
[Tracker Process 0] Ep  807 | Return 0.52 | Global 0.5209 | Local 0.1192 | F1_macro 0.7444 | WorstLoss 0.9996
[Tracker Process 0] Ep  808 | Return 0.31 | Global 0.3093 | Local 0.1192 | F1_macro 0.7684 | WorstLoss 1.4411
[Tracker Process 0] Ep  809 | Return 0.36 | Global 0.3642 | Local 0.1192 | F1_macro 0.7444 | WorstLoss 1.3266
[Tracker Process 0] Ep  810 | Return 0.48 | Global 0.4805 | Local 0.1192 | F1_macro 0.7614 | WorstLoss 1.0840
[Tracker Process 0] Ep  811 | Return -0.16 | Global -0.1590 | Local 0.1192 | F1_macro 0.6837 | WorstLoss 2.4183
[Tracker Process 0] Ep  812 | Return 0.41 | Global 0.4083 | Local 0.1192 | F1_macro 0.7584 | WorstLoss 1.2346
[Tracker Process 0] Ep  813 | Return 0.09 | Global 0.0928 | Local 0.1192 | F1_macro 0.5947 | WorstLoss 1.8928
[Tracker Process 0] Ep  814 | Return 0.18 | Global 0.1803 | Local 0.1192 | F1_macro 0.7039 | WorstLoss 1.7103
[Tracker Process 0] Ep  815 | Return 0.38 | Global 0.3806 | Local 0.1192 | F1_macro 0.7280 | WorstLoss 1.2925
[Tracker Process 0] Ep  816 | Return 0.42 | Global 0.4180 | Local 0.1192 | F1_macro 0.7401 | WorstLoss 1.2143
[Tracker Process 0] Ep  817 | Return 0.37 | Global 0.3699 | Local 0.1192 | F1_macro 0.6952 | WorstLoss 1.3148
[Tracker Process 0] Ep  818 | Return 0.47 | Global 0.4706 | Local 0.1192 | F1_macro 0.7525 | WorstLoss 1.1045
[Tracker Process 0] Ep  819 | Return 0.38 | Global 0.3794 | Local 0.1192 | F1_macro 0.7416 | WorstLoss 1.2949
[Tracker Process 0] Ep  820 | Return 0.36 | Global 0.3555 | Local 0.1192 | F1_macro 0.7440 | WorstLoss 1.3449
[Tracker Process 0] Ep  821 | Return 0.43 | Global 0.4300 | Local 0.1192 | F1_macro 0.6683 | WorstLoss 1.1893
[Tracker Process 0] Ep  822 | Return 0.57 | Global 0.5660 | Local 0.1192 | F1_macro 0.7493 | WorstLoss 0.9055
[Tracker Process 0] Ep  823 | Return 0.47 | Global 0.4725 | Local 0.1192 | F1_macro 0.7130 | WorstLoss 1.1006
[Tracker Process 0] Ep  824 | Return -0.52 | Global -0.5196 | Local 0.1192 | F1_macro 0.6955 | WorstLoss 3.1707
[Tracker Process 0] Ep  825 | Return 0.40 | Global 0.3991 | Local 0.1192 | F1_macro 0.7151 | WorstLoss 1.2538
[Tracker Process 0] Ep  826 | Return 0.43 | Global 0.4330 | Local 0.1192 | F1_macro 0.7752 | WorstLoss 1.1830
[Tracker Process 0] Ep  827 | Return 0.55 | Global 0.5494 | Local 0.1192 | F1_macro 0.7752 | WorstLoss 0.9402
[Tracker Process 0] Ep  828 | Return 0.34 | Global 0.3351 | Local 0.1192 | F1_macro 0.7437 | WorstLoss 1.3873
[Tracker Process 0] Ep  829 | Return 0.34 | Global 0.3431 | Local 0.1192 | F1_macro 0.7101 | WorstLoss 1.3706
[Tracker Process 0] Ep  830 | Return 0.23 | Global 0.2303 | Local 0.1192 | F1_macro 0.7015 | WorstLoss 1.6059
[Tracker Process 0] Ep  831 | Return 0.44 | Global 0.4355 | Local 0.1192 | F1_macro 0.7944 | WorstLoss 1.1778
[Tracker Process 0] Ep  832 | Return 0.33 | Global 0.3258 | Local 0.1192 | F1_macro 0.7282 | WorstLoss 1.4067
[Tracker Process 0] Ep  833 | Return -0.59 | Global -0.5896 | Local 0.1192 | F1_macro 0.7161 | WorstLoss 3.3167
[Tracker Process 0] Ep  834 | Return 0.45 | Global 0.4537 | Local 0.1192 | F1_macro 0.7643 | WorstLoss 1.1399
[Tracker Process 0] Ep  835 | Return 0.43 | Global 0.4283 | Local 0.1192 | F1_macro 0.7705 | WorstLoss 1.1928
[Tracker Process 0] Ep  836 | Return 0.40 | Global 0.3956 | Local 0.1192 | F1_macro 0.7655 | WorstLoss 1.2610
[Tracker Process 0] Ep  837 | Return 0.39 | Global 0.3921 | Local 0.1192 | F1_macro 0.7645 | WorstLoss 1.2683
[Tracker Process 0] Ep  838 | Return 0.25 | Global 0.2458 | Local 0.1192 | F1_macro 0.7059 | WorstLoss 1.5736
[Tracker Process 0] Ep  839 | Return 0.38 | Global 0.3778 | Local 0.1192 | F1_macro 0.7412 | WorstLoss 1.2983
[Tracker Process 0] Ep  840 | Return 0.35 | Global 0.3479 | Local 0.1192 | F1_macro 0.7404 | WorstLoss 1.3605
[Tracker Process 0] Ep  841 | Return 0.43 | Global 0.4325 | Local 0.1192 | F1_macro 0.7801 | WorstLoss 1.1840
[Tracker Process 0] Ep  842 | Return 0.53 | Global 0.5335 | Local 0.1192 | F1_macro 0.7448 | WorstLoss 0.9734
[Tracker Process 0] Ep  843 | Return 0.31 | Global 0.3089 | Local 0.1192 | F1_macro 0.7177 | WorstLoss 1.4419
[Tracker Process 0] Ep  844 | Return 0.40 | Global 0.4011 | Local 0.1192 | F1_macro 0.7801 | WorstLoss 1.2496
[Tracker Process 0] Ep  845 | Return 0.10 | Global 0.0953 | Local 0.1192 | F1_macro 0.7337 | WorstLoss 1.8876
[Tracker Process 0] Ep  846 | Return 0.51 | Global 0.5124 | Local 0.1192 | F1_macro 0.7620 | WorstLoss 1.0175
[Tracker Process 0] Ep  847 | Return 0.49 | Global 0.4853 | Local 0.1192 | F1_macro 0.7488 | WorstLoss 1.0740
[Tracker Process 0] Ep  848 | Return 0.46 | Global 0.4557 | Local 0.1192 | F1_macro 0.7538 | WorstLoss 1.1357
[Tracker Process 0] Ep  849 | Return 0.45 | Global 0.4487 | Local 0.1192 | F1_macro 0.7767 | WorstLoss 1.1503
[Tracker Process 0] Ep  850 | Return 0.47 | Global 0.4664 | Local 0.1192 | F1_macro 0.7606 | WorstLoss 1.1134
[Tracker Process 0] Ep  851 | Return 0.38 | Global 0.3788 | Local 0.1192 | F1_macro 0.7049 | WorstLoss 1.2961
[Tracker Process 0] Ep  852 | Return 0.38 | Global 0.3812 | Local 0.1192 | F1_macro 0.7464 | WorstLoss 1.2912
[Tracker Process 0] Ep  853 | Return 0.51 | Global 0.5055 | Local 0.1192 | F1_macro 0.7595 | WorstLoss 1.0318
[Tracker Process 0] Ep  854 | Return 0.42 | Global 0.4178 | Local 0.1192 | F1_macro 0.7796 | WorstLoss 1.2147
[Tracker Process 0] Ep  855 | Return 0.24 | Global 0.2391 | Local 0.1192 | F1_macro 0.7166 | WorstLoss 1.5876
[Tracker Process 0] Ep  856 | Return 0.45 | Global 0.4543 | Local 0.1192 | F1_macro 0.7543 | WorstLoss 1.1387
[Tracker Process 0] Ep  857 | Return 0.26 | Global 0.2572 | Local 0.1192 | F1_macro 0.7125 | WorstLoss 1.5499
[Tracker Process 0] Ep  858 | Return 0.49 | Global 0.4908 | Local 0.1192 | F1_macro 0.7316 | WorstLoss 1.0625
[Tracker Process 0] Ep  859 | Return 0.44 | Global 0.4365 | Local 0.1192 | F1_macro 0.7464 | WorstLoss 1.1757
[Tracker Process 0] Ep  860 | Return 0.52 | Global 0.5209 | Local 0.1192 | F1_macro 0.7786 | WorstLoss 0.9997
[Tracker Process 0] Ep  861 | Return 0.30 | Global 0.3006 | Local 0.1192 | F1_macro 0.7143 | WorstLoss 1.4594
[Tracker Process 0] Ep  862 | Return 0.38 | Global 0.3800 | Local 0.1192 | F1_macro 0.7456 | WorstLoss 1.2937
[Tracker Process 0] Ep  863 | Return 0.33 | Global 0.3297 | Local 0.1192 | F1_macro 0.7892 | WorstLoss 1.3986
[Tracker Process 0] Ep  864 | Return 0.33 | Global 0.3307 | Local 0.1192 | F1_macro 0.7538 | WorstLoss 1.3966
[Tracker Process 0] Ep  865 | Return 0.32 | Global 0.3202 | Local 0.1192 | F1_macro 0.7593 | WorstLoss 1.4184
[Tracker Process 0] Ep  866 | Return 0.48 | Global 0.4772 | Local 0.1192 | F1_macro 0.7371 | WorstLoss 1.0909
[Tracker Process 0] Ep  867 | Return 0.27 | Global 0.2707 | Local 0.1192 | F1_macro 0.7396 | WorstLoss 1.5217
[Tracker Process 0] Ep  868 | Return 0.33 | Global 0.3304 | Local 0.1192 | F1_macro 0.7823 | WorstLoss 1.3971
[Tracker Process 0] Ep  869 | Return 0.22 | Global 0.2211 | Local 0.1192 | F1_macro 0.7518 | WorstLoss 1.6251
[Tracker Process 0] Ep  870 | Return 0.34 | Global 0.3379 | Local 0.1192 | F1_macro 0.7456 | WorstLoss 1.3814
[Tracker Process 0] Ep  871 | Return 0.43 | Global 0.4344 | Local 0.1192 | F1_macro 0.7674 | WorstLoss 1.1802
[Tracker Process 0] Ep  872 | Return 0.25 | Global 0.2483 | Local 0.1192 | F1_macro 0.7397 | WorstLoss 1.5685
[Tracker Process 0] Ep  873 | Return 0.30 | Global 0.3021 | Local 0.1192 | F1_macro 0.7175 | WorstLoss 1.4561
[Tracker Process 0] Ep  874 | Return 0.31 | Global 0.3142 | Local 0.1192 | F1_macro 0.7694 | WorstLoss 1.4309
[Tracker Process 0] Ep  875 | Return 0.44 | Global 0.4416 | Local 0.1192 | F1_macro 0.7889 | WorstLoss 1.1651
[Tracker Process 0] Ep  876 | Return 0.47 | Global 0.4696 | Local 0.1192 | F1_macro 0.7518 | WorstLoss 1.1067
[Tracker Process 0] Ep  877 | Return 0.21 | Global 0.2097 | Local 0.1192 | F1_macro 0.7407 | WorstLoss 1.6490
[Tracker Process 0] Ep  878 | Return 0.22 | Global 0.2243 | Local 0.1192 | F1_macro 0.7526 | WorstLoss 1.6184
[Tracker Process 0] Ep  879 | Return 0.40 | Global 0.3989 | Local 0.1192 | F1_macro 0.7427 | WorstLoss 1.2542
[Tracker Process 0] Ep  880 | Return 0.46 | Global 0.4647 | Local 0.1192 | F1_macro 0.7009 | WorstLoss 1.1170
[Tracker Process 0] Ep  881 | Return 0.26 | Global 0.2567 | Local 0.1192 | F1_macro 0.7706 | WorstLoss 1.5509
[Tracker Process 0] Ep  882 | Return 0.57 | Global 0.5715 | Local 0.1192 | F1_macro 0.7103 | WorstLoss 0.8941
[Tracker Process 0] Ep  883 | Return 0.41 | Global 0.4127 | Local 0.1192 | F1_macro 0.7544 | WorstLoss 1.2253
[Tracker Process 0] Ep  884 | Return 0.53 | Global 0.5265 | Local 0.1192 | F1_macro 0.7105 | WorstLoss 0.9879
[Tracker Process 0] Ep  885 | Return 0.39 | Global 0.3861 | Local 0.1192 | F1_macro 0.6917 | WorstLoss 1.2809
[Tracker Process 0] Ep  886 | Return 0.39 | Global 0.3894 | Local 0.1192 | F1_macro 0.7135 | WorstLoss 1.2741
[Tracker Process 0] Ep  887 | Return 0.39 | Global 0.3921 | Local 0.1192 | F1_macro 0.7333 | WorstLoss 1.2684
[Tracker Process 0] Ep  888 | Return 0.40 | Global 0.3969 | Local 0.1192 | F1_macro 0.7512 | WorstLoss 1.2584
[Tracker Process 0] Ep  889 | Return 0.44 | Global 0.4374 | Local 0.1192 | F1_macro 0.7674 | WorstLoss 1.1740
[Tracker Process 0] Ep  890 | Return 0.48 | Global 0.4841 | Local 0.1192 | F1_macro 0.7665 | WorstLoss 1.0764
[Tracker Process 0] Ep  891 | Return 0.51 | Global 0.5112 | Local 0.1192 | F1_macro 0.7621 | WorstLoss 1.0199
[Tracker Process 0] Ep  892 | Return 0.33 | Global 0.3311 | Local 0.1192 | F1_macro 0.7160 | WorstLoss 1.3957
[Tracker Process 0] Ep  893 | Return 0.59 | Global 0.5923 | Local 0.1192 | F1_macro 0.7476 | WorstLoss 0.8506
[Tracker Process 0] Ep  894 | Return 0.45 | Global 0.4515 | Local 0.1192 | F1_macro 0.7576 | WorstLoss 1.1445
[Tracker Process 0] Ep  895 | Return 0.57 | Global 0.5687 | Local 0.1192 | F1_macro 0.7612 | WorstLoss 0.8998
[Tracker Process 0] Ep  896 | Return 0.55 | Global 0.5468 | Local 0.1192 | F1_macro 0.7425 | WorstLoss 0.9455
[Tracker Process 0] Ep  897 | Return 0.38 | Global 0.3784 | Local 0.1192 | F1_macro 0.7364 | WorstLoss 1.2969
[Tracker Process 0] Ep  898 | Return 0.40 | Global 0.3992 | Local 0.1192 | F1_macro 0.7464 | WorstLoss 1.2536
[Tracker Process 0] Ep  899 | Return 0.44 | Global 0.4407 | Local 0.1192 | F1_macro 0.7468 | WorstLoss 1.1670
[Tracker Process 0] Ep  900 | Return 0.45 | Global 0.4488 | Local 0.1192 | F1_macro 0.7416 | WorstLoss 1.1502
[Tracker Process 0] Saved snapshot: ep0900_phase1_class1
[Tracker Process 0] Ep  901 | Return 0.48 | Global 0.4815 | Local 0.1192 | F1_macro 0.7650 | WorstLoss 1.0819
[Tracker Process 0] Ep  902 | Return 0.46 | Global 0.4608 | Local 0.1192 | F1_macro 0.7315 | WorstLoss 1.1250
[Tracker Process 0] Ep  903 | Return 0.49 | Global 0.4931 | Local 0.1192 | F1_macro 0.7531 | WorstLoss 1.0576
[Tracker Process 0] Ep  904 | Return 0.32 | Global 0.3159 | Local 0.1192 | F1_macro 0.6812 | WorstLoss 1.4274
[Tracker Process 0] Ep  905 | Return 0.43 | Global 0.4337 | Local 0.1192 | F1_macro 0.7472 | WorstLoss 1.1816
[Tracker Process 0] Ep  906 | Return 0.47 | Global 0.4732 | Local 0.1192 | F1_macro 0.7434 | WorstLoss 1.0992
[Tracker Process 0] Ep  907 | Return 0.48 | Global 0.4845 | Local 0.1192 | F1_macro 0.7583 | WorstLoss 1.0756
[Tracker Process 0] Ep  908 | Return 0.32 | Global 0.3205 | Local 0.1192 | F1_macro 0.6991 | WorstLoss 1.4178
[Tracker Process 0] Ep  909 | Return 0.41 | Global 0.4137 | Local 0.1192 | F1_macro 0.7437 | WorstLoss 1.2233
[Tracker Process 0] Ep  910 | Return 0.52 | Global 0.5192 | Local 0.1192 | F1_macro 0.7791 | WorstLoss 1.0032
[Tracker Process 0] Ep  911 | Return 0.24 | Global 0.2415 | Local 0.1192 | F1_macro 0.7046 | WorstLoss 1.5827
[Tracker Process 0] Ep  912 | Return 0.43 | Global 0.4284 | Local 0.1192 | F1_macro 0.7436 | WorstLoss 1.1927
[Tracker Process 0] Ep  913 | Return 0.39 | Global 0.3895 | Local 0.1192 | F1_macro 0.7571 | WorstLoss 1.2739
[Tracker Process 0] Ep  914 | Return 0.32 | Global 0.3174 | Local 0.1192 | F1_macro 0.7706 | WorstLoss 1.4242
[Tracker Process 0] Ep  915 | Return 0.27 | Global 0.2722 | Local 0.1192 | F1_macro 0.7802 | WorstLoss 1.5186
[Tracker Process 0] Ep  916 | Return 0.19 | Global 0.1881 | Local 0.1192 | F1_macro 0.7637 | WorstLoss 1.6941
[Tracker Process 0] Ep  917 | Return 0.24 | Global 0.2386 | Local 0.1192 | F1_macro 0.7694 | WorstLoss 1.5886
[Tracker Process 0] Ep  918 | Return 0.35 | Global 0.3463 | Local 0.1192 | F1_macro 0.7512 | WorstLoss 1.3640
[Tracker Process 0] Ep  919 | Return 0.30 | Global 0.3037 | Local 0.1192 | F1_macro 0.7869 | WorstLoss 1.4528
[Tracker Process 0] Ep  920 | Return 0.45 | Global 0.4507 | Local 0.1192 | F1_macro 0.7615 | WorstLoss 1.1460
[Tracker Process 0] Ep  921 | Return 0.48 | Global 0.4824 | Local 0.1192 | F1_macro 0.7566 | WorstLoss 1.0800
[Tracker Process 0] Ep  922 | Return 0.52 | Global 0.5203 | Local 0.1192 | F1_macro 0.7859 | WorstLoss 1.0010
[Tracker Process 0] Ep  923 | Return 0.39 | Global 0.3917 | Local 0.1192 | F1_macro 0.7758 | WorstLoss 1.2691
[Tracker Process 0] Ep  924 | Return 0.43 | Global 0.4310 | Local 0.1192 | F1_macro 0.7598 | WorstLoss 1.1872
[Tracker Process 0] Ep  925 | Return 0.39 | Global 0.3851 | Local 0.1192 | F1_macro 0.7498 | WorstLoss 1.2830
[Tracker Process 0] Ep  926 | Return 0.43 | Global 0.4270 | Local 0.1192 | F1_macro 0.7684 | WorstLoss 1.1956
[Tracker Process 0] Ep  927 | Return 0.35 | Global 0.3455 | Local 0.1192 | F1_macro 0.7938 | WorstLoss 1.3655
[Tracker Process 0] Ep  928 | Return 0.35 | Global 0.3451 | Local 0.1192 | F1_macro 0.7298 | WorstLoss 1.3665
[Tracker Process 0] Ep  929 | Return -0.17 | Global -0.1651 | Local 0.1192 | F1_macro 0.6609 | WorstLoss 2.4310
[Tracker Process 0] Ep  930 | Return 0.55 | Global 0.5505 | Local 0.1192 | F1_macro 0.7436 | WorstLoss 0.9380
[Tracker Process 0] Ep  931 | Return 0.33 | Global 0.3325 | Local 0.1192 | F1_macro 0.7256 | WorstLoss 1.3928
[Tracker Process 0] Ep  932 | Return 0.32 | Global 0.3195 | Local 0.1192 | F1_macro 0.7410 | WorstLoss 1.4198
[Tracker Process 0] Ep  933 | Return 0.43 | Global 0.4328 | Local 0.1192 | F1_macro 0.7603 | WorstLoss 1.1834
[Tracker Process 0] Ep  934 | Return 0.36 | Global 0.3573 | Local 0.1192 | F1_macro 0.7861 | WorstLoss 1.3410
[Tracker Process 0] Ep  935 | Return 0.52 | Global 0.5157 | Local 0.1192 | F1_macro 0.7413 | WorstLoss 1.0104
[Tracker Process 0] Ep  936 | Return 0.25 | Global 0.2503 | Local 0.1192 | F1_macro 0.7481 | WorstLoss 1.5643
[Tracker Process 0] Ep  937 | Return 0.40 | Global 0.3999 | Local 0.1192 | F1_macro 0.7599 | WorstLoss 1.2521
[Tracker Process 0] Ep  938 | Return 0.48 | Global 0.4759 | Local 0.1192 | F1_macro 0.7434 | WorstLoss 1.0935
[Tracker Process 0] Ep  939 | Return 0.33 | Global 0.3291 | Local 0.1192 | F1_macro 0.7266 | WorstLoss 1.3998
[Tracker Process 0] Ep  940 | Return 0.37 | Global 0.3705 | Local 0.1192 | F1_macro 0.7216 | WorstLoss 1.3134
[Tracker Process 0] Ep  941 | Return 0.40 | Global 0.4025 | Local 0.1192 | F1_macro 0.7628 | WorstLoss 1.2468
[Tracker Process 0] Ep  942 | Return 0.28 | Global 0.2778 | Local 0.1192 | F1_macro 0.7358 | WorstLoss 1.5070
[Tracker Process 0] Ep  943 | Return 0.33 | Global 0.3315 | Local 0.1192 | F1_macro 0.7468 | WorstLoss 1.3948
[Tracker Process 0] Ep  944 | Return 0.43 | Global 0.4253 | Local 0.1192 | F1_macro 0.7506 | WorstLoss 1.1991
[Tracker Process 0] Ep  945 | Return 0.43 | Global 0.4280 | Local 0.1192 | F1_macro 0.7825 | WorstLoss 1.1934
[Tracker Process 0] Ep  946 | Return 0.53 | Global 0.5285 | Local 0.1192 | F1_macro 0.7189 | WorstLoss 0.9837
[Tracker Process 0] Ep  947 | Return 0.41 | Global 0.4127 | Local 0.1192 | F1_macro 0.7333 | WorstLoss 1.2255
[Tracker Process 0] Ep  948 | Return 0.48 | Global 0.4812 | Local 0.1192 | F1_macro 0.7737 | WorstLoss 1.0824
[Tracker Process 0] Ep  949 | Return 0.43 | Global 0.4255 | Local 0.1192 | F1_macro 0.7825 | WorstLoss 1.1988
[Tracker Process 0] Ep  950 | Return 0.04 | Global 0.0447 | Local 0.1192 | F1_macro 0.7108 | WorstLoss 1.9933
[Tracker Process 0] Ep  951 | Return 0.42 | Global 0.4219 | Local 0.1192 | F1_macro 0.7705 | WorstLoss 1.2063
[Tracker Process 0] Ep  952 | Return 0.40 | Global 0.4047 | Local 0.1192 | F1_macro 0.7243 | WorstLoss 1.2421
[Tracker Process 0] Ep  953 | Return 0.37 | Global 0.3690 | Local 0.1192 | F1_macro 0.7523 | WorstLoss 1.3167
[Tracker Process 0] Ep  954 | Return 0.37 | Global 0.3704 | Local 0.1192 | F1_macro 0.7595 | WorstLoss 1.3137
[Tracker Process 0] Ep  955 | Return 0.21 | Global 0.2064 | Local 0.1192 | F1_macro 0.6952 | WorstLoss 1.6559
[Tracker Process 0] Ep  956 | Return 0.53 | Global 0.5274 | Local 0.1192 | F1_macro 0.7157 | WorstLoss 0.9861
[Tracker Process 0] Ep  957 | Return -0.16 | Global -0.1555 | Local 0.1192 | F1_macro 0.6821 | WorstLoss 2.4109
[Tracker Process 0] Ep  958 | Return 0.44 | Global 0.4428 | Local 0.1192 | F1_macro 0.7280 | WorstLoss 1.1626
[Tracker Process 0] Ep  959 | Return 0.49 | Global 0.4907 | Local 0.1192 | F1_macro 0.7282 | WorstLoss 1.0627
[Tracker Process 0] Ep  960 | Return 0.15 | Global 0.1491 | Local 0.1192 | F1_macro 0.7468 | WorstLoss 1.7754
[Tracker Process 0] Ep  961 | Return 0.43 | Global 0.4323 | Local 0.1192 | F1_macro 0.6936 | WorstLoss 1.1845
[Tracker Process 0] Ep  962 | Return -1.02 | Global -1.0183 | Local 0.1192 | F1_macro 0.6659 | WorstLoss 4.2112
[Tracker Process 0] Ep  963 | Return 0.61 | Global 0.6075 | Local 0.1192 | F1_macro 0.7266 | WorstLoss 0.8189
[Tracker Process 0] Ep  964 | Return 0.49 | Global 0.4930 | Local 0.1192 | F1_macro 0.7483 | WorstLoss 1.0579
[Tracker Process 0] Ep  965 | Return 0.40 | Global 0.4024 | Local 0.1192 | F1_macro 0.7334 | WorstLoss 1.2469
[Tracker Process 0] Ep  966 | Return 0.51 | Global 0.5067 | Local 0.1192 | F1_macro 0.7636 | WorstLoss 1.0292
[Tracker Process 0] Ep  967 | Return 0.38 | Global 0.3823 | Local 0.1192 | F1_macro 0.7529 | WorstLoss 1.2889
[Tracker Process 0] Ep  968 | Return 0.40 | Global 0.4009 | Local 0.1192 | F1_macro 0.7210 | WorstLoss 1.2501
[Tracker Process 0] Ep  969 | Return 0.35 | Global 0.3455 | Local 0.1192 | F1_macro 0.7281 | WorstLoss 1.3656
[Tracker Process 0] Ep  970 | Return 0.41 | Global 0.4127 | Local 0.1192 | F1_macro 0.7416 | WorstLoss 1.2254
[Tracker Process 0] Ep  971 | Return 0.43 | Global 0.4250 | Local 0.1192 | F1_macro 0.7232 | WorstLoss 1.1997
[Tracker Process 0] Ep  972 | Return 0.12 | Global 0.1243 | Local 0.1192 | F1_macro 0.6772 | WorstLoss 1.8272
[Tracker Process 0] Ep  973 | Return 0.49 | Global 0.4934 | Local 0.1192 | F1_macro 0.7176 | WorstLoss 1.0571
[Tracker Process 0] Ep  974 | Return -0.15 | Global -0.1497 | Local 0.1192 | F1_macro 0.6902 | WorstLoss 2.3988
[Tracker Process 0] Ep  975 | Return 0.28 | Global 0.2793 | Local 0.1192 | F1_macro 0.6821 | WorstLoss 1.5038
[Tracker Process 0] Ep  976 | Return 0.54 | Global 0.5353 | Local 0.1192 | F1_macro 0.7752 | WorstLoss 0.9695
[Tracker Process 0] Ep  977 | Return 0.46 | Global 0.4613 | Local 0.1192 | F1_macro 0.7591 | WorstLoss 1.1241
[Tracker Process 0] Ep  978 | Return 0.52 | Global 0.5184 | Local 0.1192 | F1_macro 0.7295 | WorstLoss 1.0049
[Tracker Process 0] Ep  979 | Return 0.49 | Global 0.4889 | Local 0.1192 | F1_macro 0.7550 | WorstLoss 1.0664
[Tracker Process 0] Ep  980 | Return 0.03 | Global 0.0288 | Local 0.1192 | F1_macro 0.6704 | WorstLoss 2.0264
[Tracker Process 0] Ep  981 | Return 0.19 | Global 0.1941 | Local 0.1192 | F1_macro 0.7125 | WorstLoss 1.6816
[Tracker Process 0] Ep  982 | Return 0.48 | Global 0.4765 | Local 0.1192 | F1_macro 0.7265 | WorstLoss 1.0923
[Tracker Process 0] Ep  983 | Return 0.28 | Global 0.2768 | Local 0.1192 | F1_macro 0.6844 | WorstLoss 1.5090
[Tracker Process 0] Ep  984 | Return 0.51 | Global 0.5130 | Local 0.1192 | F1_macro 0.7347 | WorstLoss 1.0162
[Tracker Process 0] Ep  985 | Return 0.57 | Global 0.5725 | Local 0.1192 | F1_macro 0.7577 | WorstLoss 0.8919
[Tracker Process 0] Ep  986 | Return 0.50 | Global 0.5026 | Local 0.1192 | F1_macro 0.7684 | WorstLoss 1.0379
[Tracker Process 0] Ep  987 | Return 0.42 | Global 0.4249 | Local 0.1192 | F1_macro 0.7583 | WorstLoss 1.2000
[Tracker Process 0] Ep  988 | Return 0.68 | Global 0.6816 | Local 0.1192 | F1_macro 0.7198 | WorstLoss 0.6643
[Tracker Process 0] Ep  989 | Return 0.54 | Global 0.5356 | Local 0.1192 | F1_macro 0.7478 | WorstLoss 0.9689
[Tracker Process 0] Ep  990 | Return 0.38 | Global 0.3760 | Local 0.1192 | F1_macro 0.7294 | WorstLoss 1.3020
[Tracker Process 0] Ep  991 | Return 0.44 | Global 0.4370 | Local 0.1192 | F1_macro 0.7656 | WorstLoss 1.1748
[Tracker Process 0] Ep  992 | Return 0.49 | Global 0.4922 | Local 0.1192 | F1_macro 0.7162 | WorstLoss 1.0595
[Tracker Process 0] Ep  993 | Return 0.36 | Global 0.3574 | Local 0.1192 | F1_macro 0.7376 | WorstLoss 1.3407
[Tracker Process 0] Ep  994 | Return 0.46 | Global 0.4634 | Local 0.1192 | F1_macro 0.7602 | WorstLoss 1.1197
[Tracker Process 0] Ep  995 | Return 0.35 | Global 0.3505 | Local 0.1192 | F1_macro 0.7465 | WorstLoss 1.3552
[Tracker Process 0] Ep  996 | Return 0.43 | Global 0.4283 | Local 0.1192 | F1_macro 0.7570 | WorstLoss 1.1928
[Tracker Process 0] Ep  997 | Return 0.37 | Global 0.3682 | Local 0.1192 | F1_macro 0.7313 | WorstLoss 1.3183
[Tracker Process 0] Ep  998 | Return 0.45 | Global 0.4514 | Local 0.1192 | F1_macro 0.7665 | WorstLoss 1.1447
[Tracker Process 0] Ep  999 | Return 0.41 | Global 0.4065 | Local 0.1192 | F1_macro 0.7695 | WorstLoss 1.2383
[Tracker Process 0] Ep 1000 | Return 0.28 | Global 0.2801 | Local 0.1192 | F1_macro 0.7571 | WorstLoss 1.5021
[Tracker Process 0] Ep 1001 | Return 0.41 | Global 0.4070 | Local 0.1192 | F1_macro 0.7503 | WorstLoss 1.2374
[Tracker Process 0] Ep 1002 | Return 0.41 | Global 0.4134 | Local 0.1192 | F1_macro 0.7173 | WorstLoss 1.2239
[Tracker Process 0] Ep 1003 | Return 0.35 | Global 0.3541 | Local 0.1192 | F1_macro 0.7503 | WorstLoss 1.3476
[Tracker Process 0] Ep 1004 | Return 0.42 | Global 0.4218 | Local 0.1192 | F1_macro 0.7102 | WorstLoss 1.2065
[Tracker Process 0] Ep 1005 | Return 0.44 | Global 0.4403 | Local 0.1192 | F1_macro 0.7416 | WorstLoss 1.1678
[Tracker Process 0] Ep 1006 | Return 0.20 | Global 0.1986 | Local 0.1192 | F1_macro 0.6665 | WorstLoss 1.6720
[Tracker Process 0] Ep 1007 | Return 0.22 | Global 0.2230 | Local 0.1192 | F1_macro 0.7108 | WorstLoss 1.6211
[Tracker Process 0] Ep 1008 | Return 0.49 | Global 0.4930 | Local 0.1192 | F1_macro 0.7647 | WorstLoss 1.0579
[Tracker Process 0] Ep 1009 | Return 0.50 | Global 0.5013 | Local 0.1192 | F1_macro 0.7448 | WorstLoss 1.0405
[Tracker Process 0] Ep 1010 | Return 0.42 | Global 0.4161 | Local 0.1192 | F1_macro 0.7603 | WorstLoss 1.2184
[Tracker Process 0] Ep 1011 | Return 0.40 | Global 0.3982 | Local 0.1192 | F1_macro 0.7248 | WorstLoss 1.2557
[Tracker Process 0] Ep 1012 | Return 0.31 | Global 0.3059 | Local 0.1192 | F1_macro 0.7128 | WorstLoss 1.4482
[Tracker Process 0] Ep 1013 | Return 0.42 | Global 0.4150 | Local 0.1192 | F1_macro 0.7441 | WorstLoss 1.2206
[Tracker Process 0] Ep 1014 | Return 0.43 | Global 0.4301 | Local 0.1192 | F1_macro 0.7177 | WorstLoss 1.1890
[Tracker Process 0] Ep 1015 | Return 0.24 | Global 0.2376 | Local 0.1192 | F1_macro 0.7108 | WorstLoss 1.5908
[Tracker Process 0] Ep 1016 | Return 0.30 | Global 0.2965 | Local 0.1192 | F1_macro 0.6991 | WorstLoss 1.4678
[Tracker Process 0] Ep 1017 | Return 0.36 | Global 0.3607 | Local 0.1192 | F1_macro 0.6883 | WorstLoss 1.3340
[Tracker Process 0] Ep 1018 | Return 0.37 | Global 0.3716 | Local 0.1192 | F1_macro 0.7388 | WorstLoss 1.3111
[Tracker Process 0] Ep 1019 | Return 0.42 | Global 0.4225 | Local 0.1192 | F1_macro 0.7583 | WorstLoss 1.2050
[Tracker Process 0] Ep 1020 | Return 0.49 | Global 0.4897 | Local 0.1192 | F1_macro 0.7839 | WorstLoss 1.0647
[Tracker Process 0] Ep 1021 | Return 0.46 | Global 0.4600 | Local 0.1192 | F1_macro 0.7498 | WorstLoss 1.1267
[Tracker Process 0] Ep 1022 | Return 0.34 | Global 0.3428 | Local 0.1192 | F1_macro 0.7090 | WorstLoss 1.3712
[Tracker Process 0] Ep 1023 | Return 0.54 | Global 0.5362 | Local 0.1192 | F1_macro 0.6854 | WorstLoss 0.9677
[Tracker Process 0] Ep 1024 | Return 0.60 | Global 0.6050 | Local 0.1192 | F1_macro 0.7127 | WorstLoss 0.8242
[Tracker Process 0] Ep 1025 | Return 0.51 | Global 0.5089 | Local 0.1192 | F1_macro 0.7251 | WorstLoss 1.0247
[Tracker Process 0] Ep 1026 | Return 0.21 | Global 0.2066 | Local 0.1192 | F1_macro 0.6567 | WorstLoss 1.6554
[Tracker Process 0] Ep 1027 | Return 0.37 | Global 0.3743 | Local 0.1192 | F1_macro 0.6998 | WorstLoss 1.3055
[Tracker Process 0] Ep 1028 | Return 0.41 | Global 0.4083 | Local 0.1192 | F1_macro 0.7705 | WorstLoss 1.2346
[Tracker Process 0] Ep 1029 | Return 0.35 | Global 0.3535 | Local 0.1192 | F1_macro 0.7264 | WorstLoss 1.3489
[Tracker Process 0] Ep 1030 | Return 0.40 | Global 0.3983 | Local 0.1192 | F1_macro 0.7550 | WorstLoss 1.2555
[Tracker Process 0] Ep 1031 | Return 0.46 | Global 0.4621 | Local 0.1192 | F1_macro 0.7576 | WorstLoss 1.1223
[Tracker Process 0] Ep 1032 | Return 0.38 | Global 0.3777 | Local 0.1192 | F1_macro 0.7705 | WorstLoss 1.2985
[Tracker Process 0] Ep 1033 | Return 0.43 | Global 0.4275 | Local 0.1192 | F1_macro 0.7470 | WorstLoss 1.1946
[Tracker Process 0] Ep 1034 | Return 0.50 | Global 0.5022 | Local 0.1192 | F1_macro 0.7721 | WorstLoss 1.0386
[Tracker Process 0] Ep 1035 | Return 0.22 | Global 0.2160 | Local 0.1192 | F1_macro 0.7472 | WorstLoss 1.6358
[Tracker Process 0] Ep 1036 | Return 0.42 | Global 0.4225 | Local 0.1192 | F1_macro 0.7035 | WorstLoss 1.2050
[Tracker Process 0] Ep 1037 | Return 0.53 | Global 0.5311 | Local 0.1192 | F1_macro 0.7393 | WorstLoss 0.9784
[Tracker Process 0] Ep 1038 | Return 0.40 | Global 0.4003 | Local 0.1192 | F1_macro 0.7562 | WorstLoss 1.2513
[Tracker Process 0] Ep 1039 | Return 0.45 | Global 0.4533 | Local 0.1192 | F1_macro 0.7116 | WorstLoss 1.1406
[Tracker Process 0] Ep 1040 | Return 0.50 | Global 0.4998 | Local 0.1192 | F1_macro 0.7496 | WorstLoss 1.0438
[Tracker Process 0] Ep 1041 | Return 0.41 | Global 0.4131 | Local 0.1192 | F1_macro 0.7139 | WorstLoss 1.2246
[Tracker Process 0] Ep 1042 | Return 0.54 | Global 0.5351 | Local 0.1192 | F1_macro 0.7520 | WorstLoss 0.9700
[Tracker Process 0] Ep 1043 | Return 0.42 | Global 0.4172 | Local 0.1192 | F1_macro 0.7709 | WorstLoss 1.2160
[Tracker Process 0] Ep 1044 | Return 0.40 | Global 0.3953 | Local 0.1192 | F1_macro 0.7364 | WorstLoss 1.2616
[Tracker Process 0] Ep 1045 | Return 0.45 | Global 0.4511 | Local 0.1192 | F1_macro 0.7619 | WorstLoss 1.1452
[Tracker Process 0] Ep 1046 | Return -0.04 | Global -0.0413 | Local 0.1192 | F1_macro 0.6979 | WorstLoss 2.1727
[Tracker Process 0] Ep 1047 | Return 0.35 | Global 0.3528 | Local 0.1192 | F1_macro 0.7336 | WorstLoss 1.3503
[Tracker Process 0] Ep 1048 | Return 0.29 | Global 0.2865 | Local 0.1192 | F1_macro 0.7628 | WorstLoss 1.4887
[Tracker Process 0] Ep 1049 | Return 0.32 | Global 0.3184 | Local 0.1192 | F1_macro 0.7448 | WorstLoss 1.4222
[Tracker Process 0] Ep 1050 | Return 0.47 | Global 0.4685 | Local 0.1192 | F1_macro 0.7386 | WorstLoss 1.1089
[Tracker Process 0] Saved snapshot: ep1050_phase1_class1
[Tracker Process 0] Ep 1051 | Return 0.46 | Global 0.4605 | Local 0.1192 | F1_macro 0.7646 | WorstLoss 1.1257
[Tracker Process 0] Ep 1052 | Return 0.45 | Global 0.4513 | Local 0.1192 | F1_macro 0.7895 | WorstLoss 1.1450
[Tracker Process 0] Ep 1053 | Return 0.55 | Global 0.5520 | Local 0.1192 | F1_macro 0.7617 | WorstLoss 0.9348
[Tracker Process 0] Ep 1054 | Return 0.50 | Global 0.5030 | Local 0.1192 | F1_macro 0.7423 | WorstLoss 1.0370
[Tracker Process 0] Ep 1055 | Return 0.57 | Global 0.5654 | Local 0.1192 | F1_macro 0.7694 | WorstLoss 0.9067
[Tracker Process 0] Ep 1056 | Return 0.20 | Global 0.1991 | Local 0.1192 | F1_macro 0.7409 | WorstLoss 1.6711
[Tracker Process 0] Ep 1057 | Return 0.49 | Global 0.4890 | Local 0.1192 | F1_macro 0.7448 | WorstLoss 1.0663
[Tracker Process 0] Ep 1058 | Return 0.55 | Global 0.5534 | Local 0.1192 | F1_macro 0.7553 | WorstLoss 0.9319
[Tracker Process 0] Ep 1059 | Return 0.48 | Global 0.4758 | Local 0.1192 | F1_macro 0.7705 | WorstLoss 1.0938
[Tracker Process 0] Ep 1060 | Return 0.51 | Global 0.5087 | Local 0.1192 | F1_macro 0.7693 | WorstLoss 1.0250
[Tracker Process 0] Ep 1061 | Return 0.45 | Global 0.4535 | Local 0.1192 | F1_macro 0.7569 | WorstLoss 1.1403
[Tracker Process 0] Ep 1062 | Return 0.45 | Global 0.4534 | Local 0.1192 | F1_macro 0.7675 | WorstLoss 1.1404
[Tracker Process 0] Ep 1063 | Return 0.49 | Global 0.4947 | Local 0.1192 | F1_macro 0.7150 | WorstLoss 1.0544
[Tracker Process 0] Ep 1064 | Return 0.39 | Global 0.3880 | Local 0.1192 | F1_macro 0.7317 | WorstLoss 1.2770
[Tracker Process 0] Ep 1065 | Return 0.53 | Global 0.5342 | Local 0.1192 | F1_macro 0.7328 | WorstLoss 0.9719
[Tracker Process 0] Ep 1066 | Return 0.52 | Global 0.5157 | Local 0.1192 | F1_macro 0.7664 | WorstLoss 1.0104
[Tracker Process 0] Ep 1067 | Return 0.41 | Global 0.4087 | Local 0.1192 | F1_macro 0.8010 | WorstLoss 1.2337
[Tracker Process 0] Ep 1068 | Return 0.46 | Global 0.4616 | Local 0.1192 | F1_macro 0.7460 | WorstLoss 1.1233
[Tracker Process 0] Ep 1069 | Return 0.30 | Global 0.3009 | Local 0.1192 | F1_macro 0.7738 | WorstLoss 1.4586
[Tracker Process 0] Ep 1070 | Return 0.37 | Global 0.3685 | Local 0.1192 | F1_macro 0.7817 | WorstLoss 1.3177
[Tracker Process 0] Ep 1071 | Return 0.49 | Global 0.4942 | Local 0.1192 | F1_macro 0.7713 | WorstLoss 1.0554
[Tracker Process 0] Ep 1072 | Return 0.46 | Global 0.4637 | Local 0.1192 | F1_macro 0.7407 | WorstLoss 1.1189
[Tracker Process 0] Ep 1073 | Return 0.47 | Global 0.4680 | Local 0.1192 | F1_macro 0.7384 | WorstLoss 1.1100
[Tracker Process 0] Ep 1074 | Return 0.44 | Global 0.4379 | Local 0.1192 | F1_macro 0.6745 | WorstLoss 1.1729
[Tracker Process 0] Ep 1075 | Return 0.48 | Global 0.4798 | Local 0.1192 | F1_macro 0.7401 | WorstLoss 1.0854
[Tracker Process 0] Ep 1076 | Return 0.63 | Global 0.6285 | Local 0.1192 | F1_macro 0.7404 | WorstLoss 0.7751
[Tracker Process 0] Ep 1077 | Return 0.51 | Global 0.5132 | Local 0.1192 | F1_macro 0.7566 | WorstLoss 1.0157
[Tracker Process 0] Ep 1078 | Return 0.33 | Global 0.3297 | Local 0.1192 | F1_macro 0.7395 | WorstLoss 1.3987
[Tracker Process 0] Ep 1079 | Return 0.38 | Global 0.3791 | Local 0.1192 | F1_macro 0.7191 | WorstLoss 1.2955
[Tracker Process 0] Ep 1080 | Return 0.27 | Global 0.2742 | Local 0.1192 | F1_macro 0.7205 | WorstLoss 1.5144
[Tracker Process 0] Ep 1081 | Return 0.36 | Global 0.3579 | Local 0.1192 | F1_macro 0.7392 | WorstLoss 1.3396
[Tracker Process 0] Ep 1082 | Return 0.37 | Global 0.3694 | Local 0.1192 | F1_macro 0.7468 | WorstLoss 1.3158
[Tracker Process 0] Ep 1083 | Return 0.33 | Global 0.3327 | Local 0.1192 | F1_macro 0.7509 | WorstLoss 1.3923
[Tracker Process 0] Ep 1084 | Return 0.44 | Global 0.4429 | Local 0.1192 | F1_macro 0.7706 | WorstLoss 1.1624
[Tracker Process 0] Ep 1085 | Return 0.42 | Global 0.4157 | Local 0.1192 | F1_macro 0.6745 | WorstLoss 1.2192
[Tracker Process 0] Ep 1086 | Return 0.47 | Global 0.4657 | Local 0.1192 | F1_macro 0.7628 | WorstLoss 1.1149
[Tracker Process 0] Ep 1087 | Return 0.29 | Global 0.2908 | Local 0.1192 | F1_macro 0.6955 | WorstLoss 1.4798
[Tracker Process 0] Ep 1088 | Return 0.27 | Global 0.2741 | Local 0.1192 | F1_macro 0.7399 | WorstLoss 1.5146
[Tracker Process 0] Ep 1089 | Return 0.39 | Global 0.3872 | Local 0.1192 | F1_macro 0.7333 | WorstLoss 1.2787
[Tracker Process 0] Ep 1090 | Return 0.41 | Global 0.4135 | Local 0.1192 | F1_macro 0.7235 | WorstLoss 1.2237
[Tracker Process 0] Ep 1091 | Return 0.13 | Global 0.1331 | Local 0.1192 | F1_macro 0.6476 | WorstLoss 1.8088
[Tracker Process 0] Ep 1092 | Return 0.61 | Global 0.6074 | Local 0.1192 | F1_macro 0.7709 | WorstLoss 0.8191
[Tracker Process 0] Ep 1093 | Return 0.33 | Global 0.3291 | Local 0.1192 | F1_macro 0.7317 | WorstLoss 1.3998
[Tracker Process 0] Ep 1094 | Return 0.47 | Global 0.4720 | Local 0.1192 | F1_macro 0.7366 | WorstLoss 1.1016
[Tracker Process 0] Ep 1095 | Return 0.47 | Global 0.4696 | Local 0.1192 | F1_macro 0.7061 | WorstLoss 1.1066
[Tracker Process 0] Ep 1096 | Return 0.21 | Global 0.2102 | Local 0.1192 | F1_macro 0.6886 | WorstLoss 1.6479
[Tracker Process 0] Ep 1097 | Return 0.36 | Global 0.3596 | Local 0.1192 | F1_macro 0.7020 | WorstLoss 1.3363
[Tracker Process 0] Ep 1098 | Return 0.32 | Global 0.3201 | Local 0.1192 | F1_macro 0.7355 | WorstLoss 1.4187
[Tracker Process 0] Ep 1099 | Return 0.38 | Global 0.3825 | Local 0.1192 | F1_macro 0.7023 | WorstLoss 1.2884
[Tracker Process 0] Ep 1100 | Return 0.41 | Global 0.4142 | Local 0.1192 | F1_macro 0.7626 | WorstLoss 1.2222
[Tracker Process 0] Ep 1101 | Return 0.40 | Global 0.3963 | Local 0.1192 | F1_macro 0.7317 | WorstLoss 1.2596
[Tracker Process 0] Ep 1102 | Return 0.59 | Global 0.5872 | Local 0.1192 | F1_macro 0.7675 | WorstLoss 0.8613
[Tracker Process 0] Ep 1103 | Return 0.40 | Global 0.3988 | Local 0.1192 | F1_macro 0.7944 | WorstLoss 1.2545
[Tracker Process 0] Ep 1104 | Return 0.41 | Global 0.4050 | Local 0.1192 | F1_macro 0.7145 | WorstLoss 1.2415
[Tracker Process 0] Ep 1105 | Return 0.49 | Global 0.4937 | Local 0.1192 | F1_macro 0.7488 | WorstLoss 1.0564
[Tracker Process 0] Ep 1106 | Return 0.51 | Global 0.5099 | Local 0.1192 | F1_macro 0.7479 | WorstLoss 1.0227
[Tracker Process 0] Ep 1107 | Return 0.55 | Global 0.5456 | Local 0.1192 | F1_macro 0.7488 | WorstLoss 0.9480
[Tracker Process 0] Ep 1108 | Return 0.39 | Global 0.3939 | Local 0.1192 | F1_macro 0.7585 | WorstLoss 1.2646
[Tracker Process 0] Ep 1109 | Return 0.29 | Global 0.2942 | Local 0.1192 | F1_macro 0.7867 | WorstLoss 1.4727
[Tracker Process 0] Ep 1110 | Return 0.30 | Global 0.3021 | Local 0.1192 | F1_macro 0.7902 | WorstLoss 1.4561
[Tracker Process 0] Ep 1111 | Return 0.39 | Global 0.3949 | Local 0.1192 | F1_macro 0.7390 | WorstLoss 1.2626
[Tracker Process 0] Ep 1112 | Return 0.40 | Global 0.3969 | Local 0.1192 | F1_macro 0.7544 | WorstLoss 1.2583
[Tracker Process 0] Ep 1113 | Return 0.36 | Global 0.3636 | Local 0.1192 | F1_macro 0.7335 | WorstLoss 1.3278
[Tracker Process 0] Ep 1114 | Return 0.42 | Global 0.4167 | Local 0.1192 | F1_macro 0.6954 | WorstLoss 1.2170
[Tracker Process 0] Ep 1115 | Return 0.40 | Global 0.4030 | Local 0.1192 | F1_macro 0.7056 | WorstLoss 1.2457
[Tracker Process 0] Ep 1116 | Return 0.36 | Global 0.3641 | Local 0.1192 | F1_macro 0.7767 | WorstLoss 1.3269
[Tracker Process 0] Ep 1117 | Return 0.35 | Global 0.3526 | Local 0.1192 | F1_macro 0.7933 | WorstLoss 1.3508
[Tracker Process 0] Ep 1118 | Return 0.41 | Global 0.4099 | Local 0.1192 | F1_macro 0.7399 | WorstLoss 1.2313
[Tracker Process 0] Ep 1119 | Return 0.53 | Global 0.5282 | Local 0.1192 | F1_macro 0.7594 | WorstLoss 0.9844
[Tracker Process 0] Ep 1120 | Return 0.48 | Global 0.4845 | Local 0.1192 | F1_macro 0.7483 | WorstLoss 1.0757
[Tracker Process 0] Ep 1121 | Return 0.42 | Global 0.4205 | Local 0.1192 | F1_macro 0.7793 | WorstLoss 1.2091
[Tracker Process 0] Ep 1122 | Return 0.16 | Global 0.1613 | Local 0.1192 | F1_macro 0.7261 | WorstLoss 1.7499
[Tracker Process 0] Ep 1123 | Return 0.31 | Global 0.3144 | Local 0.1192 | F1_macro 0.7298 | WorstLoss 1.4306
[Tracker Process 0] Ep 1124 | Return 0.39 | Global 0.3921 | Local 0.1192 | F1_macro 0.7823 | WorstLoss 1.2683
[Tracker Process 0] Ep 1125 | Return 0.35 | Global 0.3491 | Local 0.1192 | F1_macro 0.7281 | WorstLoss 1.3582
[Tracker Process 0] Ep 1126 | Return 0.38 | Global 0.3780 | Local 0.1192 | F1_macro 0.7425 | WorstLoss 1.2978
[Tracker Process 0] Ep 1127 | Return 0.41 | Global 0.4067 | Local 0.1192 | F1_macro 0.7261 | WorstLoss 1.2380
[Tracker Process 0] Ep 1128 | Return 0.59 | Global 0.5927 | Local 0.1192 | F1_macro 0.7324 | WorstLoss 0.8499
[Tracker Process 0] Ep 1129 | Return 0.41 | Global 0.4118 | Local 0.1192 | F1_macro 0.7705 | WorstLoss 1.2274
[Tracker Process 0] Ep 1130 | Return 0.46 | Global 0.4554 | Local 0.1192 | F1_macro 0.7398 | WorstLoss 1.1362
[Tracker Process 0] Ep 1131 | Return 0.34 | Global 0.3444 | Local 0.1192 | F1_macro 0.7167 | WorstLoss 1.3680
[Tracker Process 0] Ep 1132 | Return 0.34 | Global 0.3394 | Local 0.1192 | F1_macro 0.7102 | WorstLoss 1.3783
[Tracker Process 0] Ep 1133 | Return 0.24 | Global 0.2375 | Local 0.1192 | F1_macro 0.7548 | WorstLoss 1.5909
[Tracker Process 0] Ep 1134 | Return 0.43 | Global 0.4333 | Local 0.1192 | F1_macro 0.7506 | WorstLoss 1.1825
[Tracker Process 0] Ep 1135 | Return 0.48 | Global 0.4803 | Local 0.1192 | F1_macro 0.7456 | WorstLoss 1.0845
[Tracker Process 0] Ep 1136 | Return 0.43 | Global 0.4264 | Local 0.1192 | F1_macro 0.7645 | WorstLoss 1.1969
[Tracker Process 0] Ep 1137 | Return 0.39 | Global 0.3886 | Local 0.1192 | F1_macro 0.7784 | WorstLoss 1.2758
[Tracker Process 0] Ep 1138 | Return 0.58 | Global 0.5757 | Local 0.1192 | F1_macro 0.7196 | WorstLoss 0.8852
[Tracker Process 0] Ep 1139 | Return 0.54 | Global 0.5428 | Local 0.1192 | F1_macro 0.7573 | WorstLoss 0.9539
[Tracker Process 0] Ep 1140 | Return 0.39 | Global 0.3915 | Local 0.1192 | F1_macro 0.7512 | WorstLoss 1.2697
[Tracker Process 0] Ep 1141 | Return 0.30 | Global 0.3049 | Local 0.1192 | F1_macro 0.7356 | WorstLoss 1.4504
[Tracker Process 0] Ep 1142 | Return 0.50 | Global 0.5047 | Local 0.1192 | F1_macro 0.7281 | WorstLoss 1.0335
[Tracker Process 0] Ep 1143 | Return 0.40 | Global 0.3954 | Local 0.1192 | F1_macro 0.7392 | WorstLoss 1.2615
[Tracker Process 0] Ep 1144 | Return 0.26 | Global 0.2550 | Local 0.1192 | F1_macro 0.7258 | WorstLoss 1.5544
[Tracker Process 0] Ep 1145 | Return 0.34 | Global 0.3373 | Local 0.1192 | F1_macro 0.7099 | WorstLoss 1.3828
[Tracker Process 0] Ep 1146 | Return 0.46 | Global 0.4563 | Local 0.1192 | F1_macro 0.7606 | WorstLoss 1.1343
[Tracker Process 0] Ep 1147 | Return 0.51 | Global 0.5106 | Local 0.1192 | F1_macro 0.7804 | WorstLoss 1.0212
[Tracker Process 0] Ep 1148 | Return 0.58 | Global 0.5765 | Local 0.1192 | F1_macro 0.7145 | WorstLoss 0.8837
[Tracker Process 0] Ep 1149 | Return 0.53 | Global 0.5257 | Local 0.1192 | F1_macro 0.7299 | WorstLoss 0.9897
[Tracker Process 0] Ep 1150 | Return 0.45 | Global 0.4493 | Local 0.1192 | F1_macro 0.7035 | WorstLoss 1.1491
[Tracker Process 0] Ep 1151 | Return 0.16 | Global 0.1577 | Local 0.1192 | F1_macro 0.6928 | WorstLoss 1.7575
[Tracker Process 0] Ep 1152 | Return 0.38 | Global 0.3779 | Local 0.1192 | F1_macro 0.7297 | WorstLoss 1.2980
[Tracker Process 0] Ep 1153 | Return 0.40 | Global 0.4040 | Local 0.1192 | F1_macro 0.7595 | WorstLoss 1.2436
[Tracker Process 0] Ep 1154 | Return 0.39 | Global 0.3898 | Local 0.1192 | F1_macro 0.7464 | WorstLoss 1.2731
[Tracker Process 0] Ep 1155 | Return 0.39 | Global 0.3895 | Local 0.1192 | F1_macro 0.7895 | WorstLoss 1.2739
[Tracker Process 0] Ep 1156 | Return 0.32 | Global 0.3151 | Local 0.1192 | F1_macro 0.7670 | WorstLoss 1.4291
[Tracker Process 0] Ep 1157 | Return 0.40 | Global 0.3953 | Local 0.1192 | F1_macro 0.7332 | WorstLoss 1.2618
[Tracker Process 0] Ep 1158 | Return 0.33 | Global 0.3319 | Local 0.1192 | F1_macro 0.7282 | WorstLoss 1.3940
[Tracker Process 0] Ep 1159 | Return 0.37 | Global 0.3655 | Local 0.1192 | F1_macro 0.7334 | WorstLoss 1.3240
[Tracker Process 0] Ep 1160 | Return 0.38 | Global 0.3842 | Local 0.1192 | F1_macro 0.7004 | WorstLoss 1.2849
[Tracker Process 0] Ep 1161 | Return 0.39 | Global 0.3899 | Local 0.1192 | F1_macro 0.7927 | WorstLoss 1.2730
[Tracker Process 0] Ep 1162 | Return 0.59 | Global 0.5917 | Local 0.1192 | F1_macro 0.7584 | WorstLoss 0.8520
[Tracker Process 0] Ep 1163 | Return 0.51 | Global 0.5141 | Local 0.1192 | F1_macro 0.7364 | WorstLoss 1.0138
[Tracker Process 0] Ep 1164 | Return 0.27 | Global 0.2746 | Local 0.1192 | F1_macro 0.7358 | WorstLoss 1.5135
[Tracker Process 0] Ep 1165 | Return 0.41 | Global 0.4144 | Local 0.1192 | F1_macro 0.7231 | WorstLoss 1.2219
[Tracker Process 0] Ep 1166 | Return 0.60 | Global 0.6017 | Local 0.1192 | F1_macro 0.7737 | WorstLoss 0.8310
[Tracker Process 0] Ep 1167 | Return 0.07 | Global 0.0709 | Local 0.1192 | F1_macro 0.6528 | WorstLoss 1.9387
[Tracker Process 0] Ep 1168 | Return 0.46 | Global 0.4578 | Local 0.1192 | F1_macro 0.7151 | WorstLoss 1.1313
[Tracker Process 0] Ep 1169 | Return 0.36 | Global 0.3598 | Local 0.1192 | F1_macro 0.6851 | WorstLoss 1.3358
[Tracker Process 0] Ep 1170 | Return 0.68 | Global 0.6825 | Local 0.1192 | F1_macro 0.7173 | WorstLoss 0.6624
[Tracker Process 0] Ep 1171 | Return 0.35 | Global 0.3488 | Local 0.1192 | F1_macro 0.6928 | WorstLoss 1.3587
[Tracker Process 0] Ep 1172 | Return 0.44 | Global 0.4403 | Local 0.1192 | F1_macro 0.7196 | WorstLoss 1.1677
[Tracker Process 0] Ep 1173 | Return 0.44 | Global 0.4373 | Local 0.1192 | F1_macro 0.7401 | WorstLoss 1.1741
[Tracker Process 0] Ep 1174 | Return 0.50 | Global 0.4986 | Local 0.1192 | F1_macro 0.7074 | WorstLoss 1.0462
[Tracker Process 0] Ep 1175 | Return 0.54 | Global 0.5381 | Local 0.1192 | F1_macro 0.7526 | WorstLoss 0.9638
[Tracker Process 0] Ep 1176 | Return 0.45 | Global 0.4534 | Local 0.1192 | F1_macro 0.7140 | WorstLoss 1.1405
[Tracker Process 0] Ep 1177 | Return 0.44 | Global 0.4360 | Local 0.1192 | F1_macro 0.6908 | WorstLoss 1.1768
[Tracker Process 0] Ep 1178 | Return 0.51 | Global 0.5135 | Local 0.1192 | F1_macro 0.7282 | WorstLoss 1.0150
[Tracker Process 0] Ep 1179 | Return 0.37 | Global 0.3734 | Local 0.1192 | F1_macro 0.7264 | WorstLoss 1.3075
[Tracker Process 0] Ep 1180 | Return 0.43 | Global 0.4289 | Local 0.1192 | F1_macro 0.6787 | WorstLoss 1.1916
[Tracker Process 0] Ep 1181 | Return 0.21 | Global 0.2057 | Local 0.1192 | F1_macro 0.7187 | WorstLoss 1.6573
[Tracker Process 0] Ep 1182 | Return 0.56 | Global 0.5555 | Local 0.1192 | F1_macro 0.7187 | WorstLoss 0.9275
[Tracker Process 0] Ep 1183 | Return 0.42 | Global 0.4217 | Local 0.1192 | F1_macro 0.7335 | WorstLoss 1.2066
[Tracker Process 0] Ep 1184 | Return 0.53 | Global 0.5283 | Local 0.1192 | F1_macro 0.7813 | WorstLoss 0.9843
[Tracker Process 0] Ep 1185 | Return 0.43 | Global 0.4281 | Local 0.1192 | F1_macro 0.7498 | WorstLoss 1.1932
[Tracker Process 0] Ep 1186 | Return 0.48 | Global 0.4837 | Local 0.1192 | F1_macro 0.7381 | WorstLoss 1.0772
[Tracker Process 0] Ep 1187 | Return 0.27 | Global 0.2650 | Local 0.1192 | F1_macro 0.7263 | WorstLoss 1.5335
[Tracker Process 0] Ep 1188 | Return 0.40 | Global 0.3993 | Local 0.1192 | F1_macro 0.7056 | WorstLoss 1.2534
[Tracker Process 0] Ep 1189 | Return 0.47 | Global 0.4741 | Local 0.1192 | F1_macro 0.7544 | WorstLoss 1.0973
[Tracker Process 0] Ep 1190 | Return 0.32 | Global 0.3203 | Local 0.1192 | F1_macro 0.7336 | WorstLoss 1.4181
[Tracker Process 0] Ep 1191 | Return 0.42 | Global 0.4172 | Local 0.1192 | F1_macro 0.7555 | WorstLoss 1.2161
[Tracker Process 0] Ep 1192 | Return 0.29 | Global 0.2942 | Local 0.1192 | F1_macro 0.6933 | WorstLoss 1.4726
[Tracker Process 0] Ep 1193 | Return 0.46 | Global 0.4634 | Local 0.1192 | F1_macro 0.7576 | WorstLoss 1.1197
[Tracker Process 0] Ep 1194 | Return 0.22 | Global 0.2162 | Local 0.1192 | F1_macro 0.6999 | WorstLoss 1.6355
[Tracker Process 0] Ep 1195 | Return 0.46 | Global 0.4561 | Local 0.1192 | F1_macro 0.6983 | WorstLoss 1.1348
[Tracker Process 0] Ep 1196 | Return 0.41 | Global 0.4129 | Local 0.1192 | F1_macro 0.7281 | WorstLoss 1.2250
[Tracker Process 0] Ep 1197 | Return 0.52 | Global 0.5186 | Local 0.1192 | F1_macro 0.7182 | WorstLoss 1.0045
[Tracker Process 0] Ep 1198 | Return 0.39 | Global 0.3870 | Local 0.1192 | F1_macro 0.7166 | WorstLoss 1.2791
[Tracker Process 0] Ep 1199 | Return 0.57 | Global 0.5706 | Local 0.1192 | F1_macro 0.7541 | WorstLoss 0.8960
[Tracker Process 0] Ep 1200 | Return 0.39 | Global 0.3865 | Local 0.1192 | F1_macro 0.7570 | WorstLoss 1.2801
[Tracker Process 0] Saved snapshot: ep1200_phase1_class1
[Tracker Process 0] Ep 1201 | Return 0.45 | Global 0.4547 | Local 0.1192 | F1_macro 0.7112 | WorstLoss 1.1378
[Tracker Process 0] Ep 1202 | Return 0.59 | Global 0.5878 | Local 0.1192 | F1_macro 0.7330 | WorstLoss 0.8601
[Tracker Process 0] Ep 1203 | Return 0.51 | Global 0.5140 | Local 0.1192 | F1_macro 0.7328 | WorstLoss 1.0141
[Tracker Process 0] Ep 1204 | Return 0.36 | Global 0.3635 | Local 0.1192 | F1_macro 0.7298 | WorstLoss 1.3280
[Tracker Process 0] Ep 1205 | Return 0.25 | Global 0.2462 | Local 0.1192 | F1_macro 0.6773 | WorstLoss 1.5729
[Tracker Process 0] Ep 1206 | Return 0.43 | Global 0.4264 | Local 0.1192 | F1_macro 0.7611 | WorstLoss 1.1969
[Tracker Process 0] Ep 1207 | Return 0.29 | Global 0.2865 | Local 0.1192 | F1_macro 0.6928 | WorstLoss 1.4887
[Tracker Process 0] Ep 1208 | Return 0.48 | Global 0.4835 | Local 0.1192 | F1_macro 0.7013 | WorstLoss 1.0777
[Tracker Process 0] Ep 1209 | Return 0.49 | Global 0.4866 | Local 0.1192 | F1_macro 0.6962 | WorstLoss 1.0712
[Tracker Process 0] Ep 1210 | Return 0.45 | Global 0.4524 | Local 0.1192 | F1_macro 0.6940 | WorstLoss 1.1425
[Tracker Process 0] Ep 1211 | Return 0.34 | Global 0.3355 | Local 0.1192 | F1_macro 0.7298 | WorstLoss 1.3864
[Tracker Process 0] Ep 1212 | Return 0.43 | Global 0.4327 | Local 0.1192 | F1_macro 0.7488 | WorstLoss 1.1837
[Tracker Process 0] Ep 1213 | Return 0.42 | Global 0.4211 | Local 0.1192 | F1_macro 0.7364 | WorstLoss 1.2078
[Tracker Process 0] Ep 1214 | Return 0.26 | Global 0.2613 | Local 0.1192 | F1_macro 0.6735 | WorstLoss 1.5413
[Tracker Process 0] Ep 1215 | Return 0.48 | Global 0.4809 | Local 0.1192 | F1_macro 0.7474 | WorstLoss 1.0830
[Tracker Process 0] Ep 1216 | Return 0.45 | Global 0.4508 | Local 0.1192 | F1_macro 0.7384 | WorstLoss 1.1459
[Tracker Process 0] Ep 1217 | Return 0.25 | Global 0.2529 | Local 0.1192 | F1_macro 0.7170 | WorstLoss 1.5588
[Tracker Process 0] Ep 1218 | Return 0.60 | Global 0.6041 | Local 0.1192 | F1_macro 0.7560 | WorstLoss 0.8260
[Tracker Process 0] Ep 1219 | Return 0.42 | Global 0.4152 | Local 0.1192 | F1_macro 0.6889 | WorstLoss 1.2201
[Tracker Process 0] Ep 1220 | Return 0.27 | Global 0.2668 | Local 0.1192 | F1_macro 0.7354 | WorstLoss 1.5297
[Tracker Process 0] Ep 1221 | Return 0.28 | Global 0.2808 | Local 0.1192 | F1_macro 0.7091 | WorstLoss 1.5006
[Tracker Process 0] Ep 1222 | Return 0.45 | Global 0.4450 | Local 0.1192 | F1_macro 0.7496 | WorstLoss 1.1580
[Tracker Process 0] Ep 1223 | Return 0.37 | Global 0.3748 | Local 0.1192 | F1_macro 0.7080 | WorstLoss 1.3045
[Tracker Process 0] Ep 1224 | Return 0.41 | Global 0.4121 | Local 0.1192 | F1_macro 0.7193 | WorstLoss 1.2266
[Tracker Process 0] Ep 1225 | Return 0.42 | Global 0.4210 | Local 0.1192 | F1_macro 0.7317 | WorstLoss 1.2082
[Tracker Process 0] Ep 1226 | Return 0.41 | Global 0.4099 | Local 0.1192 | F1_macro 0.6937 | WorstLoss 1.2313
[Tracker Process 0] Ep 1227 | Return 0.60 | Global 0.5986 | Local 0.1192 | F1_macro 0.6930 | WorstLoss 0.8376
[Tracker Process 0] Ep 1228 | Return 0.55 | Global 0.5462 | Local 0.1192 | F1_macro 0.7647 | WorstLoss 0.9469
[Tracker Process 0] Ep 1229 | Return 0.53 | Global 0.5277 | Local 0.1192 | F1_macro 0.7080 | WorstLoss 0.9854
[Tracker Process 0] Ep 1230 | Return 0.31 | Global 0.3127 | Local 0.1192 | F1_macro 0.6879 | WorstLoss 1.4340
[Tracker Process 0] Ep 1231 | Return 0.38 | Global 0.3845 | Local 0.1192 | F1_macro 0.6898 | WorstLoss 1.2843
[Tracker Process 0] Ep 1232 | Return -0.68 | Global -0.6840 | Local 0.1192 | F1_macro 0.6869 | WorstLoss 3.5136
[Tracker Process 0] Ep 1233 | Return 0.55 | Global 0.5462 | Local 0.1192 | F1_macro 0.7436 | WorstLoss 0.9469
[Tracker Process 0] Ep 1234 | Return 0.43 | Global 0.4313 | Local 0.1192 | F1_macro 0.7022 | WorstLoss 1.1866
[Tracker Process 0] Ep 1235 | Return 0.47 | Global 0.4712 | Local 0.1192 | F1_macro 0.7105 | WorstLoss 1.1034
[Tracker Process 0] Ep 1236 | Return 0.33 | Global 0.3314 | Local 0.1192 | F1_macro 0.7119 | WorstLoss 1.3949
[Tracker Process 0] Ep 1237 | Return 0.50 | Global 0.4976 | Local 0.1192 | F1_macro 0.7631 | WorstLoss 1.0483
[Tracker Process 0] Ep 1238 | Return 0.51 | Global 0.5096 | Local 0.1192 | F1_macro 0.7496 | WorstLoss 1.0231
[Tracker Process 0] Ep 1239 | Return 0.46 | Global 0.4578 | Local 0.1192 | F1_macro 0.7452 | WorstLoss 1.1314
[Tracker Process 0] Ep 1240 | Return 0.41 | Global 0.4143 | Local 0.1192 | F1_macro 0.7112 | WorstLoss 1.2221
[Tracker Process 0] Ep 1241 | Return 0.35 | Global 0.3529 | Local 0.1192 | F1_macro 0.7030 | WorstLoss 1.3502
[Tracker Process 0] Ep 1242 | Return 0.46 | Global 0.4587 | Local 0.1192 | F1_macro 0.7096 | WorstLoss 1.1295
[Tracker Process 0] Ep 1243 | Return 0.48 | Global 0.4804 | Local 0.1192 | F1_macro 0.7544 | WorstLoss 1.0841
[Tracker Process 0] Ep 1244 | Return 0.23 | Global 0.2343 | Local 0.1192 | F1_macro 0.6828 | WorstLoss 1.5977
[Tracker Process 0] Ep 1245 | Return 0.58 | Global 0.5846 | Local 0.1192 | F1_macro 0.7393 | WorstLoss 0.8667
[Tracker Process 0] Ep 1246 | Return 0.51 | Global 0.5064 | Local 0.1192 | F1_macro 0.7518 | WorstLoss 1.0300
[Tracker Process 0] Ep 1247 | Return 0.60 | Global 0.6027 | Local 0.1192 | F1_macro 0.7394 | WorstLoss 0.8290
[Tracker Process 0] Ep 1248 | Return 0.50 | Global 0.4967 | Local 0.1192 | F1_macro 0.7120 | WorstLoss 1.0502
[Tracker Process 0] Ep 1249 | Return 0.43 | Global 0.4322 | Local 0.1192 | F1_macro 0.7585 | WorstLoss 1.1846
[Tracker Process 0] Ep 1250 | Return 0.36 | Global 0.3638 | Local 0.1192 | F1_macro 0.7392 | WorstLoss 1.3275
[Tracker Process 0] Ep 1251 | Return 0.52 | Global 0.5157 | Local 0.1192 | F1_macro 0.7282 | WorstLoss 1.0105
[Tracker Process 0] Ep 1252 | Return 0.53 | Global 0.5264 | Local 0.1192 | F1_macro 0.7714 | WorstLoss 0.9881
[Tracker Process 0] Ep 1253 | Return 0.29 | Global 0.2907 | Local 0.1192 | F1_macro 0.7080 | WorstLoss 1.4799
[Tracker Process 0] Ep 1254 | Return 0.36 | Global 0.3612 | Local 0.1192 | F1_macro 0.7316 | WorstLoss 1.3328
[Tracker Process 0] Ep 1255 | Return 0.12 | Global 0.1243 | Local 0.1192 | F1_macro 0.6567 | WorstLoss 1.8271
[Tracker Process 0] Ep 1256 | Return 0.35 | Global 0.3517 | Local 0.1192 | F1_macro 0.7392 | WorstLoss 1.3528
[Tracker Process 0] Ep 1257 | Return 0.34 | Global 0.3401 | Local 0.1192 | F1_macro 0.6893 | WorstLoss 1.3770
[Tracker Process 0] Ep 1258 | Return 0.17 | Global 0.1742 | Local 0.1192 | F1_macro 0.6989 | WorstLoss 1.7230
[Tracker Process 0] Ep 1259 | Return 0.34 | Global 0.3412 | Local 0.1192 | F1_macro 0.7220 | WorstLoss 1.3745
[Tracker Process 0] Ep 1260 | Return -0.02 | Global -0.0188 | Local 0.1192 | F1_macro 0.6874 | WorstLoss 2.1257
[Tracker Process 0] Ep 1261 | Return 0.52 | Global 0.5152 | Local 0.1192 | F1_macro 0.7595 | WorstLoss 1.0115
[Tracker Process 0] Ep 1262 | Return 0.41 | Global 0.4077 | Local 0.1192 | F1_macro 0.7335 | WorstLoss 1.2358
[Tracker Process 0] Ep 1263 | Return 0.34 | Global 0.3371 | Local 0.1192 | F1_macro 0.6921 | WorstLoss 1.3831
[Tracker Process 0] Ep 1264 | Return 0.40 | Global 0.3971 | Local 0.1192 | F1_macro 0.7551 | WorstLoss 1.2580
[Tracker Process 0] Ep 1265 | Return 0.45 | Global 0.4461 | Local 0.1192 | F1_macro 0.7205 | WorstLoss 1.1558
[Tracker Process 0] Ep 1266 | Return 0.42 | Global 0.4248 | Local 0.1192 | F1_macro 0.7156 | WorstLoss 1.2003
[Tracker Process 0] Ep 1267 | Return 0.33 | Global 0.3309 | Local 0.1192 | F1_macro 0.7090 | WorstLoss 1.3961
[Tracker Process 0] Ep 1268 | Return 0.49 | Global 0.4884 | Local 0.1192 | F1_macro 0.7532 | WorstLoss 1.0675
[Tracker Process 0] Ep 1269 | Return 0.38 | Global 0.3790 | Local 0.1192 | F1_macro 0.6851 | WorstLoss 1.2958
[Tracker Process 0] Ep 1270 | Return 0.44 | Global 0.4391 | Local 0.1192 | F1_macro 0.7248 | WorstLoss 1.1704
[Tracker Process 0] Ep 1271 | Return 0.35 | Global 0.3540 | Local 0.1192 | F1_macro 0.7297 | WorstLoss 1.3479
[Tracker Process 0] Ep 1272 | Return 0.40 | Global 0.4008 | Local 0.1192 | F1_macro 0.7631 | WorstLoss 1.2502
[Tracker Process 0] Ep 1273 | Return 0.45 | Global 0.4485 | Local 0.1192 | F1_macro 0.7299 | WorstLoss 1.1507
[Tracker Process 0] Ep 1274 | Return 0.48 | Global 0.4826 | Local 0.1192 | F1_macro 0.7474 | WorstLoss 1.0795
[Tracker Process 0] Ep 1275 | Return 0.54 | Global 0.5370 | Local 0.1192 | F1_macro 0.7997 | WorstLoss 0.9661
[Tracker Process 0] Ep 1276 | Return 0.43 | Global 0.4321 | Local 0.1192 | F1_macro 0.7544 | WorstLoss 1.1849
[Tracker Process 0] Ep 1277 | Return 0.50 | Global 0.5022 | Local 0.1192 | F1_macro 0.7587 | WorstLoss 1.0387
[Tracker Process 0] Ep 1278 | Return 0.26 | Global 0.2612 | Local 0.1192 | F1_macro 0.7409 | WorstLoss 1.5415
[Tracker Process 0] Ep 1279 | Return 0.30 | Global 0.3021 | Local 0.1192 | F1_macro 0.6879 | WorstLoss 1.4561
[Tracker Process 0] Ep 1280 | Return 0.51 | Global 0.5137 | Local 0.1192 | F1_macro 0.7386 | WorstLoss 1.0147
[Tracker Process 0] Ep 1281 | Return 0.34 | Global 0.3422 | Local 0.1192 | F1_macro 0.7128 | WorstLoss 1.3725
[Tracker Process 0] Ep 1282 | Return 0.37 | Global 0.3661 | Local 0.1192 | F1_macro 0.7106 | WorstLoss 1.3227
[Tracker Process 0] Ep 1283 | Return 0.13 | Global 0.1269 | Local 0.1192 | F1_macro 0.7050 | WorstLoss 1.8218
[Tracker Process 0] Ep 1284 | Return 0.46 | Global 0.4650 | Local 0.1192 | F1_macro 0.7488 | WorstLoss 1.1163
[Tracker Process 0] Ep 1285 | Return 0.38 | Global 0.3760 | Local 0.1192 | F1_macro 0.7665 | WorstLoss 1.3021
[Tracker Process 0] Ep 1286 | Return 0.43 | Global 0.4291 | Local 0.1192 | F1_macro 0.7705 | WorstLoss 1.1911
[Tracker Process 0] Ep 1287 | Return 0.46 | Global 0.4555 | Local 0.1192 | F1_macro 0.7557 | WorstLoss 1.1362
[Tracker Process 0] Ep 1288 | Return 0.43 | Global 0.4260 | Local 0.1192 | F1_macro 0.7674 | WorstLoss 1.1977
[Tracker Process 0] Ep 1289 | Return 0.29 | Global 0.2909 | Local 0.1192 | F1_macro 0.6700 | WorstLoss 1.4795
[Tracker Process 0] Ep 1290 | Return 0.43 | Global 0.4268 | Local 0.1192 | F1_macro 0.7315 | WorstLoss 1.1959
[Tracker Process 0] Ep 1291 | Return 0.49 | Global 0.4865 | Local 0.1192 | F1_macro 0.7220 | WorstLoss 1.0713
[Tracker Process 0] Ep 1292 | Return 0.28 | Global 0.2765 | Local 0.1192 | F1_macro 0.7274 | WorstLoss 1.5097
[Tracker Process 0] Ep 1293 | Return 0.50 | Global 0.5031 | Local 0.1192 | F1_macro 0.7557 | WorstLoss 1.0368
[Tracker Process 0] Ep 1294 | Return 0.31 | Global 0.3141 | Local 0.1192 | F1_macro 0.6735 | WorstLoss 1.4312
[Tracker Process 0] Ep 1295 | Return 0.47 | Global 0.4658 | Local 0.1192 | F1_macro 0.7647 | WorstLoss 1.1145
[Tracker Process 0] Ep 1296 | Return 0.48 | Global 0.4812 | Local 0.1192 | F1_macro 0.7727 | WorstLoss 1.0825
[Tracker Process 0] Ep 1297 | Return 0.11 | Global 0.1148 | Local 0.1192 | F1_macro 0.6661 | WorstLoss 1.8471
[Tracker Process 0] Ep 1298 | Return 0.54 | Global 0.5440 | Local 0.1192 | F1_macro 0.7222 | WorstLoss 0.9515
[Tracker Process 0] Ep 1299 | Return 0.34 | Global 0.3396 | Local 0.1192 | F1_macro 0.7298 | WorstLoss 1.3778
[Tracker Process 0] Ep 1300 | Return 0.28 | Global 0.2753 | Local 0.1192 | F1_macro 0.6996 | WorstLoss 1.5120
[Tracker Process 0] Ep 1301 | Return 0.43 | Global 0.4304 | Local 0.1192 | F1_macro 0.7623 | WorstLoss 1.1886
[Tracker Process 0] Ep 1302 | Return 0.23 | Global 0.2289 | Local 0.1192 | F1_macro 0.7058 | WorstLoss 1.6089
[Tracker Process 0] Ep 1303 | Return 0.49 | Global 0.4915 | Local 0.1192 | F1_macro 0.7538 | WorstLoss 1.0609
[Tracker Process 0] Ep 1304 | Return 0.49 | Global 0.4924 | Local 0.1192 | F1_macro 0.7550 | WorstLoss 1.0591
[Tracker Process 0] Ep 1305 | Return 0.51 | Global 0.5099 | Local 0.1192 | F1_macro 0.7112 | WorstLoss 1.0226
[Tracker Process 0] Ep 1306 | Return 0.33 | Global 0.3285 | Local 0.1192 | F1_macro 0.7544 | WorstLoss 1.4011
[Tracker Process 0] Ep 1307 | Return 0.50 | Global 0.4951 | Local 0.1192 | F1_macro 0.7501 | WorstLoss 1.0535
[Tracker Process 0] Ep 1308 | Return 0.43 | Global 0.4333 | Local 0.1192 | F1_macro 0.7705 | WorstLoss 1.1824
[Tracker Process 0] Ep 1309 | Return 0.47 | Global 0.4720 | Local 0.1192 | F1_macro 0.7804 | WorstLoss 1.1017
[Tracker Process 0] Ep 1310 | Return 0.42 | Global 0.4154 | Local 0.1192 | F1_macro 0.7643 | WorstLoss 1.2197
[Tracker Process 0] Ep 1311 | Return 0.20 | Global 0.1972 | Local 0.1192 | F1_macro 0.6866 | WorstLoss 1.6750
[Tracker Process 0] Ep 1312 | Return 0.45 | Global 0.4511 | Local 0.1192 | F1_macro 0.7453 | WorstLoss 1.1453
[Tracker Process 0] Ep 1313 | Return 0.51 | Global 0.5122 | Local 0.1192 | F1_macro 0.7060 | WorstLoss 1.0179
[Tracker Process 0] Ep 1314 | Return 0.39 | Global 0.3864 | Local 0.1192 | F1_macro 0.7317 | WorstLoss 1.2804
[Tracker Process 0] Ep 1315 | Return 0.40 | Global 0.4009 | Local 0.1192 | F1_macro 0.7298 | WorstLoss 1.2501
[Tracker Process 0] Ep 1316 | Return 0.56 | Global 0.5556 | Local 0.1192 | F1_macro 0.7327 | WorstLoss 0.9273
[Tracker Process 0] Ep 1317 | Return 0.49 | Global 0.4877 | Local 0.1192 | F1_macro 0.7526 | WorstLoss 1.0690
[Tracker Process 0] Ep 1318 | Return 0.29 | Global 0.2945 | Local 0.1192 | F1_macro 0.7583 | WorstLoss 1.4720
[Tracker Process 0] Ep 1319 | Return 0.45 | Global 0.4523 | Local 0.1192 | F1_macro 0.7576 | WorstLoss 1.1428
[Tracker Process 0] Ep 1320 | Return 0.57 | Global 0.5694 | Local 0.1192 | F1_macro 0.7457 | WorstLoss 0.8984
[Tracker Process 0] Ep 1321 | Return -0.10 | Global -0.1024 | Local 0.1192 | F1_macro 0.6608 | WorstLoss 2.3003
[Tracker Process 0] Ep 1322 | Return 0.42 | Global 0.4188 | Local 0.1192 | F1_macro 0.7243 | WorstLoss 1.2127
[Tracker Process 0] Ep 1323 | Return 0.39 | Global 0.3889 | Local 0.1192 | F1_macro 0.7401 | WorstLoss 1.2750
[Tracker Process 0] Ep 1324 | Return 0.64 | Global 0.6359 | Local 0.1192 | F1_macro 0.7599 | WorstLoss 0.7596
[Tracker Process 0] Ep 1325 | Return 0.48 | Global 0.4767 | Local 0.1192 | F1_macro 0.7444 | WorstLoss 1.0918
[Tracker Process 0] Ep 1326 | Return 0.50 | Global 0.4954 | Local 0.1192 | F1_macro 0.7823 | WorstLoss 1.0528
[Tracker Process 0] Ep 1327 | Return 0.45 | Global 0.4487 | Local 0.1192 | F1_macro 0.7298 | WorstLoss 1.1503
[Tracker Process 0] Ep 1328 | Return 0.38 | Global 0.3761 | Local 0.1192 | F1_macro 0.7205 | WorstLoss 1.3017
[Tracker Process 0] Ep 1329 | Return 0.42 | Global 0.4249 | Local 0.1192 | F1_macro 0.7542 | WorstLoss 1.2000
[Tracker Process 0] Ep 1330 | Return 0.31 | Global 0.3073 | Local 0.1192 | F1_macro 0.7004 | WorstLoss 1.4452
[Tracker Process 0] Ep 1331 | Return 0.52 | Global 0.5233 | Local 0.1192 | F1_macro 0.7130 | WorstLoss 0.9947
[Tracker Process 0] Ep 1332 | Return 0.29 | Global 0.2936 | Local 0.1192 | F1_macro 0.6932 | WorstLoss 1.4738
[Tracker Process 0] Ep 1333 | Return 0.18 | Global 0.1850 | Local 0.1192 | F1_macro 0.6860 | WorstLoss 1.7006
[Tracker Process 0] Ep 1334 | Return 0.29 | Global 0.2916 | Local 0.1192 | F1_macro 0.6866 | WorstLoss 1.4781
[Tracker Process 0] Ep 1335 | Return 0.50 | Global 0.5008 | Local 0.1192 | F1_macro 0.7695 | WorstLoss 1.0415
[Tracker Process 0] Ep 1336 | Return 0.38 | Global 0.3772 | Local 0.1192 | F1_macro 0.7030 | WorstLoss 1.2994
[Tracker Process 0] Ep 1337 | Return 0.50 | Global 0.5037 | Local 0.1192 | F1_macro 0.7108 | WorstLoss 1.0356
[Tracker Process 0] Ep 1338 | Return 0.45 | Global 0.4540 | Local 0.1192 | F1_macro 0.7525 | WorstLoss 1.1392
[Tracker Process 0] Ep 1339 | Return 0.38 | Global 0.3798 | Local 0.1192 | F1_macro 0.7422 | WorstLoss 1.2940
[Tracker Process 0] Ep 1340 | Return 0.43 | Global 0.4266 | Local 0.1192 | F1_macro 0.7280 | WorstLoss 1.1965
[Tracker Process 0] Ep 1341 | Return 0.33 | Global 0.3289 | Local 0.1192 | F1_macro 0.7425 | WorstLoss 1.4002
[Tracker Process 0] Ep 1342 | Return 0.15 | Global 0.1476 | Local 0.1192 | F1_macro 0.7004 | WorstLoss 1.7785
[Tracker Process 0] Ep 1343 | Return 0.46 | Global 0.4619 | Local 0.1192 | F1_macro 0.7401 | WorstLoss 1.1228
[Tracker Process 0] Ep 1344 | Return 0.46 | Global 0.4616 | Local 0.1192 | F1_macro 0.7640 | WorstLoss 1.1234
[Tracker Process 0] Ep 1345 | Return 0.57 | Global 0.5696 | Local 0.1192 | F1_macro 0.7602 | WorstLoss 0.8980
[Tracker Process 0] Ep 1346 | Return 0.17 | Global 0.1671 | Local 0.1192 | F1_macro 0.6263 | WorstLoss 1.7379
[Tracker Process 0] Ep 1347 | Return 0.46 | Global 0.4619 | Local 0.1192 | F1_macro 0.7109 | WorstLoss 1.1228
[Tracker Process 0] Ep 1348 | Return 0.38 | Global 0.3813 | Local 0.1192 | F1_macro 0.7263 | WorstLoss 1.2909
[Tracker Process 0] Ep 1349 | Return 0.42 | Global 0.4189 | Local 0.1192 | F1_macro 0.7335 | WorstLoss 1.2124
[Tracker Process 0] Ep 1350 | Return 0.52 | Global 0.5231 | Local 0.1192 | F1_macro 0.7432 | WorstLoss 0.9951
[Tracker Process 0] Saved snapshot: ep1350_phase1_class1
[Tracker Process 0] Ep 1351 | Return 0.36 | Global 0.3649 | Local 0.1192 | F1_macro 0.7337 | WorstLoss 1.3251
[Tracker Process 0] Ep 1352 | Return 0.50 | Global 0.4990 | Local 0.1192 | F1_macro 0.7120 | WorstLoss 1.0454
[Tracker Process 0] Ep 1353 | Return 0.35 | Global 0.3489 | Local 0.1192 | F1_macro 0.7223 | WorstLoss 1.3585
[Tracker Process 0] Ep 1354 | Return 0.36 | Global 0.3645 | Local 0.1192 | F1_macro 0.6848 | WorstLoss 1.3261
[Tracker Process 0] Ep 1355 | Return 0.43 | Global 0.4266 | Local 0.1192 | F1_macro 0.7366 | WorstLoss 1.1964
[Tracker Process 0] Ep 1356 | Return 0.43 | Global 0.4304 | Local 0.1192 | F1_macro 0.7228 | WorstLoss 1.1884
[Tracker Process 0] Ep 1357 | Return 0.34 | Global 0.3438 | Local 0.1192 | F1_macro 0.7444 | WorstLoss 1.3692
[Tracker Process 0] Ep 1358 | Return 0.28 | Global 0.2756 | Local 0.1192 | F1_macro 0.6589 | WorstLoss 1.5115
[Tracker Process 0] Ep 1359 | Return 0.36 | Global 0.3605 | Local 0.1192 | F1_macro 0.6968 | WorstLoss 1.3342
[Tracker Process 0] Ep 1360 | Return 0.47 | Global 0.4651 | Local 0.1192 | F1_macro 0.7370 | WorstLoss 1.1161
[Tracker Process 0] Ep 1361 | Return 0.19 | Global 0.1863 | Local 0.1192 | F1_macro 0.6585 | WorstLoss 1.6978
[Tracker Process 0] Ep 1362 | Return 0.44 | Global 0.4429 | Local 0.1192 | F1_macro 0.7444 | WorstLoss 1.1623
[Tracker Process 0] Ep 1363 | Return 0.29 | Global 0.2867 | Local 0.1192 | F1_macro 0.6804 | WorstLoss 1.4882
[Tracker Process 0] Ep 1364 | Return 0.46 | Global 0.4620 | Local 0.1192 | F1_macro 0.7399 | WorstLoss 1.1224
[Tracker Process 0] Ep 1365 | Return 0.38 | Global 0.3776 | Local 0.1192 | F1_macro 0.6928 | WorstLoss 1.2987
[Tracker Process 0] Ep 1366 | Return 0.45 | Global 0.4521 | Local 0.1192 | F1_macro 0.7079 | WorstLoss 1.1431
[Tracker Process 0] Ep 1367 | Return 0.47 | Global 0.4710 | Local 0.1192 | F1_macro 0.7706 | WorstLoss 1.1037
[Tracker Process 0] Ep 1368 | Return 0.40 | Global 0.3997 | Local 0.1192 | F1_macro 0.7695 | WorstLoss 1.2525
[Tracker Process 0] Ep 1369 | Return 0.31 | Global 0.3051 | Local 0.1192 | F1_macro 0.6858 | WorstLoss 1.4500
[Tracker Process 0] Ep 1370 | Return 0.33 | Global 0.3343 | Local 0.1192 | F1_macro 0.7125 | WorstLoss 1.3889
[Tracker Process 0] Ep 1371 | Return 0.36 | Global 0.3641 | Local 0.1192 | F1_macro 0.7217 | WorstLoss 1.3267
[Tracker Process 0] Ep 1372 | Return 0.50 | Global 0.4967 | Local 0.1192 | F1_macro 0.7276 | WorstLoss 1.0501
[Tracker Process 0] Ep 1373 | Return 0.37 | Global 0.3698 | Local 0.1192 | F1_macro 0.7280 | WorstLoss 1.3149
[Tracker Process 0] Ep 1374 | Return 0.37 | Global 0.3740 | Local 0.1192 | F1_macro 0.7628 | WorstLoss 1.3063
[Tracker Process 0] Ep 1375 | Return 0.39 | Global 0.3855 | Local 0.1192 | F1_macro 0.7135 | WorstLoss 1.2821
[Tracker Process 0] Ep 1376 | Return -0.36 | Global -0.3605 | Local 0.1192 | F1_macro 0.6788 | WorstLoss 2.8387
[Tracker Process 0] Ep 1377 | Return 0.44 | Global 0.4352 | Local 0.1192 | F1_macro 0.7520 | WorstLoss 1.1785
[Tracker Process 0] Ep 1378 | Return 0.40 | Global 0.4019 | Local 0.1192 | F1_macro 0.7407 | WorstLoss 1.2479
[Tracker Process 0] Ep 1379 | Return 0.45 | Global 0.4543 | Local 0.1192 | F1_macro 0.7508 | WorstLoss 1.1385
[Tracker Process 0] Ep 1380 | Return 0.25 | Global 0.2515 | Local 0.1192 | F1_macro 0.7006 | WorstLoss 1.5618
[Tracker Process 0] Ep 1381 | Return 0.42 | Global 0.4239 | Local 0.1192 | F1_macro 0.7228 | WorstLoss 1.2021
[Tracker Process 0] Ep 1382 | Return 0.40 | Global 0.3979 | Local 0.1192 | F1_macro 0.6738 | WorstLoss 1.2563
[Tracker Process 0] Ep 1383 | Return 0.50 | Global 0.4964 | Local 0.1192 | F1_macro 0.7626 | WorstLoss 1.0508
[Tracker Process 0] Ep 1384 | Return 0.46 | Global 0.4578 | Local 0.1192 | F1_macro 0.7564 | WorstLoss 1.1313
[Tracker Process 0] Ep 1385 | Return 0.17 | Global 0.1730 | Local 0.1192 | F1_macro 0.7194 | WorstLoss 1.7256
[Tracker Process 0] Ep 1386 | Return 0.19 | Global 0.1898 | Local 0.1192 | F1_macro 0.6263 | WorstLoss 1.6904
[Tracker Process 0] Ep 1387 | Return 0.44 | Global 0.4450 | Local 0.1192 | F1_macro 0.7013 | WorstLoss 1.1580
[Tracker Process 0] Ep 1388 | Return 0.46 | Global 0.4606 | Local 0.1192 | F1_macro 0.7716 | WorstLoss 1.1255
[Tracker Process 0] Ep 1389 | Return 0.46 | Global 0.4589 | Local 0.1192 | F1_macro 0.7299 | WorstLoss 1.1291
[Tracker Process 0] Ep 1390 | Return 0.42 | Global 0.4162 | Local 0.1192 | F1_macro 0.7371 | WorstLoss 1.2181
[Tracker Process 0] Ep 1391 | Return 0.51 | Global 0.5110 | Local 0.1192 | F1_macro 0.7444 | WorstLoss 1.0203
[Tracker Process 0] Ep 1392 | Return 0.52 | Global 0.5210 | Local 0.1192 | F1_macro 0.7705 | WorstLoss 0.9995
[Tracker Process 0] Ep 1393 | Return 0.51 | Global 0.5123 | Local 0.1192 | F1_macro 0.7264 | WorstLoss 1.0176
[Tracker Process 0] Ep 1394 | Return 0.40 | Global 0.4012 | Local 0.1192 | F1_macro 0.7429 | WorstLoss 1.2495
[Tracker Process 0] Ep 1395 | Return 0.34 | Global 0.3429 | Local 0.1192 | F1_macro 0.7317 | WorstLoss 1.3710
[Tracker Process 0] Ep 1396 | Return 0.29 | Global 0.2919 | Local 0.1192 | F1_macro 0.7488 | WorstLoss 1.4775
[Tracker Process 0] Ep 1397 | Return 0.33 | Global 0.3318 | Local 0.1192 | F1_macro 0.7152 | WorstLoss 1.3942
[Tracker Process 0] Ep 1398 | Return 0.47 | Global 0.4735 | Local 0.1192 | F1_macro 0.7456 | WorstLoss 1.0986
[Tracker Process 0] Ep 1399 | Return 0.36 | Global 0.3587 | Local 0.1192 | F1_macro 0.7090 | WorstLoss 1.3382
[Tracker Process 0] Ep 1400 | Return 0.31 | Global 0.3072 | Local 0.1192 | F1_macro 0.7256 | WorstLoss 1.4456
[Tracker Process 0] Ep 1401 | Return 0.22 | Global 0.2183 | Local 0.1192 | F1_macro 0.7132 | WorstLoss 1.6310
[Tracker Process 0] Ep 1402 | Return 0.20 | Global 0.1955 | Local 0.1192 | F1_macro 0.6950 | WorstLoss 1.6786
[Tracker Process 0] Ep 1403 | Return 0.36 | Global 0.3559 | Local 0.1192 | F1_macro 0.7116 | WorstLoss 1.3440
[Tracker Process 0] Ep 1404 | Return 0.50 | Global 0.4977 | Local 0.1192 | F1_macro 0.8025 | WorstLoss 1.0481
[Tracker Process 0] Ep 1405 | Return 0.15 | Global 0.1532 | Local 0.1192 | F1_macro 0.6420 | WorstLoss 1.7668
[Tracker Process 0] Ep 1406 | Return 0.47 | Global 0.4703 | Local 0.1192 | F1_macro 0.7379 | WorstLoss 1.1052
[Tracker Process 0] Ep 1407 | Return 0.36 | Global 0.3582 | Local 0.1192 | F1_macro 0.7187 | WorstLoss 1.3391
[Tracker Process 0] Ep 1408 | Return 0.51 | Global 0.5107 | Local 0.1192 | F1_macro 0.7506 | WorstLoss 1.0210
[Tracker Process 0] Ep 1409 | Return 0.50 | Global 0.5006 | Local 0.1192 | F1_macro 0.7486 | WorstLoss 1.0420
[Tracker Process 0] Ep 1410 | Return 0.49 | Global 0.4919 | Local 0.1192 | F1_macro 0.7371 | WorstLoss 1.0601
[Tracker Process 0] Ep 1411 | Return 0.44 | Global 0.4393 | Local 0.1192 | F1_macro 0.7299 | WorstLoss 1.1699
[Tracker Process 0] Ep 1412 | Return 0.41 | Global 0.4109 | Local 0.1192 | F1_macro 0.7493 | WorstLoss 1.2291
[Tracker Process 0] Ep 1413 | Return 0.44 | Global 0.4432 | Local 0.1192 | F1_macro 0.7140 | WorstLoss 1.1618
[Tracker Process 0] Ep 1414 | Return 0.37 | Global 0.3704 | Local 0.1192 | F1_macro 0.7274 | WorstLoss 1.3137
[Tracker Process 0] Ep 1415 | Return 0.21 | Global 0.2058 | Local 0.1192 | F1_macro 0.7049 | WorstLoss 1.6570
[Tracker Process 0] Ep 1416 | Return 0.33 | Global 0.3268 | Local 0.1192 | F1_macro 0.7258 | WorstLoss 1.4046
[Tracker Process 0] Ep 1417 | Return 0.39 | Global 0.3893 | Local 0.1192 | F1_macro 0.7090 | WorstLoss 1.2743
[Tracker Process 0] Ep 1418 | Return 0.32 | Global 0.3215 | Local 0.1192 | F1_macro 0.7244 | WorstLoss 1.4158
[Tracker Process 0] Ep 1419 | Return 0.35 | Global 0.3476 | Local 0.1192 | F1_macro 0.7132 | WorstLoss 1.3612
[Tracker Process 0] Ep 1420 | Return 0.29 | Global 0.2863 | Local 0.1192 | F1_macro 0.6911 | WorstLoss 1.4892
[Tracker Process 0] Ep 1421 | Return 0.55 | Global 0.5516 | Local 0.1192 | F1_macro 0.7602 | WorstLoss 0.9356
[Tracker Process 0] Ep 1422 | Return 0.52 | Global 0.5187 | Local 0.1192 | F1_macro 0.7388 | WorstLoss 1.0042
[Tracker Process 0] Ep 1423 | Return 0.48 | Global 0.4822 | Local 0.1192 | F1_macro 0.7132 | WorstLoss 1.0804
[Tracker Process 0] Ep 1424 | Return 0.40 | Global 0.4010 | Local 0.1192 | F1_macro 0.7652 | WorstLoss 1.2499
[Tracker Process 0] Ep 1425 | Return 0.50 | Global 0.5015 | Local 0.1192 | F1_macro 0.7673 | WorstLoss 1.0402
[Tracker Process 0] Ep 1426 | Return 0.30 | Global 0.3013 | Local 0.1192 | F1_macro 0.7205 | WorstLoss 1.4579
[Tracker Process 0] Ep 1427 | Return 0.42 | Global 0.4229 | Local 0.1192 | F1_macro 0.7366 | WorstLoss 1.2042
[Tracker Process 0] Ep 1428 | Return 0.50 | Global 0.5047 | Local 0.1192 | F1_macro 0.7409 | WorstLoss 1.0334
[Tracker Process 0] Ep 1429 | Return 0.49 | Global 0.4888 | Local 0.1192 | F1_macro 0.7503 | WorstLoss 1.0666
[Tracker Process 0] Ep 1430 | Return 0.43 | Global 0.4348 | Local 0.1192 | F1_macro 0.7751 | WorstLoss 1.1793
[Tracker Process 0] Ep 1431 | Return 0.17 | Global 0.1702 | Local 0.1192 | F1_macro 0.6989 | WorstLoss 1.7314
[Tracker Process 0] Ep 1432 | Return 0.47 | Global 0.4679 | Local 0.1192 | F1_macro 0.7606 | WorstLoss 1.1102
[Tracker Process 0] Ep 1433 | Return 0.45 | Global 0.4490 | Local 0.1192 | F1_macro 0.7390 | WorstLoss 1.1497
[Tracker Process 0] Ep 1434 | Return 0.17 | Global 0.1694 | Local 0.1192 | F1_macro 0.7564 | WorstLoss 1.7330
[Tracker Process 0] Ep 1435 | Return 0.48 | Global 0.4799 | Local 0.1192 | F1_macro 0.7633 | WorstLoss 1.0852
[Tracker Process 0] Ep 1436 | Return 0.58 | Global 0.5845 | Local 0.1192 | F1_macro 0.7577 | WorstLoss 0.8669
[Tracker Process 0] Ep 1437 | Return 0.35 | Global 0.3509 | Local 0.1192 | F1_macro 0.7317 | WorstLoss 1.3543
[Tracker Process 0] Ep 1438 | Return 0.43 | Global 0.4306 | Local 0.1192 | F1_macro 0.7425 | WorstLoss 1.1880
[Tracker Process 0] Ep 1439 | Return 0.50 | Global 0.5037 | Local 0.1192 | F1_macro 0.7562 | WorstLoss 1.0355
[Tracker Process 0] Ep 1440 | Return 0.33 | Global 0.3252 | Local 0.1192 | F1_macro 0.7570 | WorstLoss 1.4080
[Tracker Process 0] Ep 1441 | Return 0.25 | Global 0.2457 | Local 0.1192 | F1_macro 0.7277 | WorstLoss 1.5740
[Tracker Process 0] Ep 1442 | Return 0.36 | Global 0.3582 | Local 0.1192 | F1_macro 0.7143 | WorstLoss 1.3390
[Tracker Process 0] Ep 1443 | Return 0.43 | Global 0.4263 | Local 0.1192 | F1_macro 0.7498 | WorstLoss 1.1970
[Tracker Process 0] Ep 1444 | Return 0.31 | Global 0.3114 | Local 0.1192 | F1_macro 0.7520 | WorstLoss 1.4369
[Tracker Process 0] Ep 1445 | Return 0.28 | Global 0.2757 | Local 0.1192 | F1_macro 0.7279 | WorstLoss 1.5113
[Tracker Process 0] Ep 1446 | Return 0.29 | Global 0.2927 | Local 0.1192 | F1_macro 0.6787 | WorstLoss 1.4757
[Tracker Process 0] Ep 1447 | Return 0.50 | Global 0.5023 | Local 0.1192 | F1_macro 0.7456 | WorstLoss 1.0385
[Tracker Process 0] Ep 1448 | Return 0.37 | Global 0.3703 | Local 0.1192 | F1_macro 0.7557 | WorstLoss 1.3140
[Tracker Process 0] Ep 1449 | Return 0.21 | Global 0.2083 | Local 0.1192 | F1_macro 0.7014 | WorstLoss 1.6519
[Tracker Process 0] Ep 1450 | Return 0.39 | Global 0.3911 | Local 0.1192 | F1_macro 0.7317 | WorstLoss 1.2706
[Tracker Process 0] Ep 1451 | Return 0.37 | Global 0.3696 | Local 0.1192 | F1_macro 0.7603 | WorstLoss 1.3154
[Tracker Process 0] Ep 1452 | Return 0.53 | Global 0.5346 | Local 0.1192 | F1_macro 0.7606 | WorstLoss 0.9710
[Tracker Process 0] Ep 1453 | Return 0.30 | Global 0.2963 | Local 0.1192 | F1_macro 0.7579 | WorstLoss 1.4683
[Tracker Process 0] Ep 1454 | Return 0.24 | Global 0.2353 | Local 0.1192 | F1_macro 0.7023 | WorstLoss 1.5955
[Tracker Process 0] Ep 1455 | Return 0.53 | Global 0.5339 | Local 0.1192 | F1_macro 0.7723 | WorstLoss 0.9726
[Tracker Process 0] Ep 1456 | Return 0.57 | Global 0.5660 | Local 0.1192 | F1_macro 0.7604 | WorstLoss 0.9056
[Tracker Process 0] Ep 1457 | Return 0.36 | Global 0.3606 | Local 0.1192 | F1_macro 0.7087 | WorstLoss 1.3342
[Tracker Process 0] Ep 1458 | Return 0.37 | Global 0.3748 | Local 0.1192 | F1_macro 0.7598 | WorstLoss 1.3046
[Tracker Process 0] Ep 1459 | Return 0.58 | Global 0.5808 | Local 0.1192 | F1_macro 0.7448 | WorstLoss 0.8747
[Tracker Process 0] Ep 1460 | Return 0.50 | Global 0.4953 | Local 0.1192 | F1_macro 0.7631 | WorstLoss 1.0530
[Tracker Process 0] Ep 1461 | Return 0.51 | Global 0.5071 | Local 0.1192 | F1_macro 0.7139 | WorstLoss 1.0284
[Tracker Process 0] Ep 1462 | Return 0.13 | Global 0.1259 | Local 0.1192 | F1_macro 0.6886 | WorstLoss 1.8238
[Tracker Process 0] Ep 1463 | Return 0.36 | Global 0.3606 | Local 0.1192 | F1_macro 0.7161 | WorstLoss 1.3340
[Tracker Process 0] Ep 1464 | Return -0.41 | Global -0.4139 | Local 0.1192 | F1_macro 0.7185 | WorstLoss 2.9500
[Tracker Process 0] Ep 1465 | Return 0.53 | Global 0.5272 | Local 0.1192 | F1_macro 0.7174 | WorstLoss 0.9865
[Tracker Process 0] Ep 1466 | Return 0.32 | Global 0.3229 | Local 0.1192 | F1_macro 0.7241 | WorstLoss 1.4128
[Tracker Process 0] Ep 1467 | Return 0.41 | Global 0.4088 | Local 0.1192 | F1_macro 0.7464 | WorstLoss 1.2336
[Tracker Process 0] Ep 1468 | Return 0.41 | Global 0.4101 | Local 0.1192 | F1_macro 0.6712 | WorstLoss 1.2308
[Tracker Process 0] Ep 1469 | Return 0.03 | Global 0.0300 | Local 0.1192 | F1_macro 0.6247 | WorstLoss 2.0239
[Tracker Process 0] Ep 1470 | Return 0.39 | Global 0.3853 | Local 0.1192 | F1_macro 0.7258 | WorstLoss 1.2826
[Tracker Process 0] Ep 1471 | Return 0.50 | Global 0.4954 | Local 0.1192 | F1_macro 0.7281 | WorstLoss 1.0530
[Tracker Process 0] Ep 1472 | Return 0.30 | Global 0.2992 | Local 0.1192 | F1_macro 0.7401 | WorstLoss 1.4622
[Tracker Process 0] Ep 1473 | Return 0.46 | Global 0.4644 | Local 0.1192 | F1_macro 0.7080 | WorstLoss 1.1176
[Tracker Process 0] Ep 1474 | Return 0.57 | Global 0.5743 | Local 0.1192 | F1_macro 0.7416 | WorstLoss 0.8882
[Tracker Process 0] Ep 1475 | Return 0.56 | Global 0.5629 | Local 0.1192 | F1_macro 0.7703 | WorstLoss 0.9120
[Tracker Process 0] Ep 1476 | Return 0.18 | Global 0.1757 | Local 0.1192 | F1_macro 0.6539 | WorstLoss 1.7200
[Tracker Process 0] Ep 1477 | Return 0.30 | Global 0.2989 | Local 0.1192 | F1_macro 0.7376 | WorstLoss 1.4628
[Tracker Process 0] Ep 1478 | Return 0.25 | Global 0.2514 | Local 0.1192 | F1_macro 0.6346 | WorstLoss 1.5620
[Tracker Process 0] Ep 1479 | Return 0.36 | Global 0.3603 | Local 0.1192 | F1_macro 0.7276 | WorstLoss 1.3347
[Tracker Process 0] Ep 1480 | Return 0.41 | Global 0.4086 | Local 0.1192 | F1_macro 0.7091 | WorstLoss 1.2340
[Tracker Process 0] Ep 1481 | Return 0.44 | Global 0.4424 | Local 0.1192 | F1_macro 0.7464 | WorstLoss 1.1633
[Tracker Process 0] Ep 1482 | Return 0.36 | Global 0.3554 | Local 0.1192 | F1_macro 0.7198 | WorstLoss 1.3450
[Tracker Process 0] Ep 1483 | Return 0.50 | Global 0.5005 | Local 0.1192 | F1_macro 0.7674 | WorstLoss 1.0422
[Tracker Process 0] Ep 1484 | Return 0.30 | Global 0.3018 | Local 0.1192 | F1_macro 0.6939 | WorstLoss 1.4569
[Tracker Process 0] Ep 1485 | Return 0.36 | Global 0.3568 | Local 0.1192 | F1_macro 0.6643 | WorstLoss 1.3420
[Tracker Process 0] Ep 1486 | Return 0.42 | Global 0.4213 | Local 0.1192 | F1_macro 0.7022 | WorstLoss 1.2075
[Tracker Process 0] Ep 1487 | Return 0.60 | Global 0.6019 | Local 0.1192 | F1_macro 0.7344 | WorstLoss 0.8306
[Tracker Process 0] Ep 1488 | Return 0.47 | Global 0.4712 | Local 0.1192 | F1_macro 0.7555 | WorstLoss 1.1033
[Tracker Process 0] Ep 1489 | Return -0.20 | Global -0.1992 | Local 0.1192 | F1_macro 0.6828 | WorstLoss 2.5021
[Tracker Process 0] Ep 1490 | Return 0.50 | Global 0.4974 | Local 0.1192 | F1_macro 0.6949 | WorstLoss 1.0488
[Tracker Process 0] Ep 1491 | Return 0.51 | Global 0.5138 | Local 0.1192 | F1_macro 0.7591 | WorstLoss 1.0144
[Tracker Process 0] Ep 1492 | Return 0.46 | Global 0.4558 | Local 0.1192 | F1_macro 0.7332 | WorstLoss 1.1355
[Tracker Process 0] Ep 1493 | Return 0.39 | Global 0.3896 | Local 0.1192 | F1_macro 0.7140 | WorstLoss 1.2736
[Tracker Process 0] Ep 1494 | Return 0.44 | Global 0.4352 | Local 0.1192 | F1_macro 0.7444 | WorstLoss 1.1785
[Tracker Process 0] Ep 1495 | Return 0.34 | Global 0.3372 | Local 0.1192 | F1_macro 0.7210 | WorstLoss 1.3829
[Tracker Process 0] Ep 1496 | Return 0.39 | Global 0.3891 | Local 0.1192 | F1_macro 0.7349 | WorstLoss 1.2747
[Tracker Process 0] Ep 1497 | Return 0.46 | Global 0.4641 | Local 0.1192 | F1_macro 0.7468 | WorstLoss 1.1182
[Tracker Process 0] Ep 1498 | Return 0.51 | Global 0.5051 | Local 0.1192 | F1_macro 0.7422 | WorstLoss 1.0326
[Tracker Process 0] Ep 1499 | Return 0.46 | Global 0.4566 | Local 0.1192 | F1_macro 0.7335 | WorstLoss 1.1339
[Tracker Process 0] Ep 1500 | Return 0.37 | Global 0.3709 | Local 0.1192 | F1_macro 0.7101 | WorstLoss 1.3125
[Tracker Process 0] Saved snapshot: ep1500_phase1_class1
[Tracker Process 0] Ep 1501 | Return 0.24 | Global 0.2412 | Local 0.1192 | F1_macro 0.7260 | WorstLoss 1.5832
[Tracker Process 0] Ep 1502 | Return 0.51 | Global 0.5103 | Local 0.1192 | F1_macro 0.7364 | WorstLoss 1.0217
[Tracker Process 0] Ep 1503 | Return 0.40 | Global 0.3990 | Local 0.1192 | F1_macro 0.7354 | WorstLoss 1.2540
[Tracker Process 0] Ep 1504 | Return 0.50 | Global 0.5021 | Local 0.1192 | F1_macro 0.7557 | WorstLoss 1.0389
[Tracker Process 0] Ep 1505 | Return 0.42 | Global 0.4151 | Local 0.1192 | F1_macro 0.7801 | WorstLoss 1.2204
[Tracker Process 0] Ep 1506 | Return 0.42 | Global 0.4184 | Local 0.1192 | F1_macro 0.7523 | WorstLoss 1.2135
[Tracker Process 0] Ep 1507 | Return 0.45 | Global 0.4477 | Local 0.1192 | F1_macro 0.7425 | WorstLoss 1.1524
[Tracker Process 0] Ep 1508 | Return 0.60 | Global 0.6035 | Local 0.1192 | F1_macro 0.7458 | WorstLoss 0.8273
[Tracker Process 0] Ep 1509 | Return 0.51 | Global 0.5056 | Local 0.1192 | F1_macro 0.7390 | WorstLoss 1.0315
[Tracker Process 0] Ep 1510 | Return 0.25 | Global 0.2452 | Local 0.1192 | F1_macro 0.6956 | WorstLoss 1.5748
[Tracker Process 0] Ep 1511 | Return -0.26 | Global -0.2586 | Local 0.1192 | F1_macro 0.6609 | WorstLoss 2.6261
[Tracker Process 0] Ep 1512 | Return 0.33 | Global 0.3302 | Local 0.1192 | F1_macro 0.7087 | WorstLoss 1.3975
[Tracker Process 0] Ep 1513 | Return 0.39 | Global 0.3929 | Local 0.1192 | F1_macro 0.7044 | WorstLoss 1.2667
[Tracker Process 0] Ep 1514 | Return 0.51 | Global 0.5115 | Local 0.1192 | F1_macro 0.7647 | WorstLoss 1.0192
[Tracker Process 0] Ep 1515 | Return 0.36 | Global 0.3623 | Local 0.1192 | F1_macro 0.7166 | WorstLoss 1.3305
[Tracker Process 0] Ep 1516 | Return 0.53 | Global 0.5257 | Local 0.1192 | F1_macro 0.7324 | WorstLoss 0.9897
[Tracker Process 0] Ep 1517 | Return -0.14 | Global -0.1380 | Local 0.1192 | F1_macro 0.7004 | WorstLoss 2.3745
[Tracker Process 0] Ep 1518 | Return -0.45 | Global -0.4506 | Local 0.1192 | F1_macro 0.6848 | WorstLoss 3.0266
[Tracker Process 0] Ep 1519 | Return 0.27 | Global 0.2710 | Local 0.1192 | F1_macro 0.7096 | WorstLoss 1.5210
[Tracker Process 0] Ep 1520 | Return 0.47 | Global 0.4656 | Local 0.1192 | F1_macro 0.7695 | WorstLoss 1.1150
[Tracker Process 0] Ep 1521 | Return 0.27 | Global 0.2724 | Local 0.1192 | F1_macro 0.7223 | WorstLoss 1.5181
[Tracker Process 0] Ep 1522 | Return 0.51 | Global 0.5103 | Local 0.1192 | F1_macro 0.7105 | WorstLoss 1.0218
[Tracker Process 0] Ep 1523 | Return 0.41 | Global 0.4064 | Local 0.1192 | F1_macro 0.7243 | WorstLoss 1.2385
[Tracker Process 0] Ep 1524 | Return 0.30 | Global 0.3005 | Local 0.1192 | F1_macro 0.6614 | WorstLoss 1.4596
[Tracker Process 0] Ep 1525 | Return 0.40 | Global 0.4040 | Local 0.1192 | F1_macro 0.7041 | WorstLoss 1.2436
[Tracker Process 0] Ep 1526 | Return 0.53 | Global 0.5312 | Local 0.1192 | F1_macro 0.7543 | WorstLoss 0.9781
[Tracker Process 0] Ep 1527 | Return 0.50 | Global 0.5044 | Local 0.1192 | F1_macro 0.7298 | WorstLoss 1.0340
[Tracker Process 0] Ep 1528 | Return 0.28 | Global 0.2823 | Local 0.1192 | F1_macro 0.7187 | WorstLoss 1.4976
[Tracker Process 0] Ep 1529 | Return 0.34 | Global 0.3358 | Local 0.1192 | F1_macro 0.7260 | WorstLoss 1.3858
[Tracker Process 0] Ep 1530 | Return -0.13 | Global -0.1348 | Local 0.1192 | F1_macro 0.6858 | WorstLoss 2.3678
[Tracker Process 0] Ep 1531 | Return 0.24 | Global 0.2401 | Local 0.1192 | F1_macro 0.7040 | WorstLoss 1.5855
[Tracker Process 0] Ep 1532 | Return 0.48 | Global 0.4806 | Local 0.1192 | F1_macro 0.7665 | WorstLoss 1.0837
[Tracker Process 0] Ep 1533 | Return 0.29 | Global 0.2913 | Local 0.1192 | F1_macro 0.6996 | WorstLoss 1.4788
[Tracker Process 0] Ep 1534 | Return 0.22 | Global 0.2178 | Local 0.1192 | F1_macro 0.6955 | WorstLoss 1.6321
[Tracker Process 0] Ep 1535 | Return 0.34 | Global 0.3377 | Local 0.1192 | F1_macro 0.7132 | WorstLoss 1.3819
[Tracker Process 0] Ep 1536 | Return 0.45 | Global 0.4455 | Local 0.1192 | F1_macro 0.7144 | WorstLoss 1.1569
[Tracker Process 0] Ep 1537 | Return 0.50 | Global 0.5002 | Local 0.1192 | F1_macro 0.7297 | WorstLoss 1.0429
[Tracker Process 0] Ep 1538 | Return 0.42 | Global 0.4185 | Local 0.1192 | F1_macro 0.7297 | WorstLoss 1.2134
[Tracker Process 0] Ep 1539 | Return 0.32 | Global 0.3194 | Local 0.1192 | F1_macro 0.7483 | WorstLoss 1.4201
[Tracker Process 0] Ep 1540 | Return -0.15 | Global -0.1463 | Local 0.1192 | F1_macro 0.5854 | WorstLoss 2.3917
[Tracker Process 0] Ep 1541 | Return -0.24 | Global -0.2383 | Local 0.1192 | F1_macro 0.7060 | WorstLoss 2.5837
[Tracker Process 0] Ep 1542 | Return 0.39 | Global 0.3855 | Local 0.1192 | F1_macro 0.7156 | WorstLoss 1.2821
[Tracker Process 0] Ep 1543 | Return 0.49 | Global 0.4936 | Local 0.1192 | F1_macro 0.7474 | WorstLoss 1.0566
[Tracker Process 0] Ep 1544 | Return 0.38 | Global 0.3812 | Local 0.1192 | F1_macro 0.6937 | WorstLoss 1.2912
[Tracker Process 0] Ep 1545 | Return 0.42 | Global 0.4160 | Local 0.1192 | F1_macro 0.7248 | WorstLoss 1.2186
[Tracker Process 0] Ep 1546 | Return 0.56 | Global 0.5633 | Local 0.1192 | F1_macro 0.7266 | WorstLoss 0.9112
[Tracker Process 0] Ep 1547 | Return 0.61 | Global 0.6099 | Local 0.1192 | F1_macro 0.7352 | WorstLoss 0.8140
[Tracker Process 0] Ep 1548 | Return 0.28 | Global 0.2776 | Local 0.1192 | F1_macro 0.7037 | WorstLoss 1.5073
[Tracker Process 0] Ep 1549 | Return 0.25 | Global 0.2472 | Local 0.1192 | F1_macro 0.7161 | WorstLoss 1.5706
[Tracker Process 0] Ep 1550 | Return 0.30 | Global 0.3042 | Local 0.1192 | F1_macro 0.7295 | WorstLoss 1.4518
[Tracker Process 0] Ep 1551 | Return 0.44 | Global 0.4410 | Local 0.1192 | F1_macro 0.7330 | WorstLoss 1.1664
[Tracker Process 0] Ep 1552 | Return 0.34 | Global 0.3379 | Local 0.1192 | F1_macro 0.6812 | WorstLoss 1.3816
[Tracker Process 0] Ep 1553 | Return 0.31 | Global 0.3099 | Local 0.1192 | F1_macro 0.7123 | WorstLoss 1.4399
[Tracker Process 0] Ep 1554 | Return 0.47 | Global 0.4690 | Local 0.1192 | F1_macro 0.7234 | WorstLoss 1.1080
[Tracker Process 0] Ep 1555 | Return 0.28 | Global 0.2782 | Local 0.1192 | F1_macro 0.7409 | WorstLoss 1.5060
[Tracker Process 0] Ep 1556 | Return 0.39 | Global 0.3940 | Local 0.1192 | F1_macro 0.7198 | WorstLoss 1.2644
[Tracker Process 0] Ep 1557 | Return 0.55 | Global 0.5458 | Local 0.1192 | F1_macro 0.7333 | WorstLoss 0.9477
[Tracker Process 0] Ep 1558 | Return 0.35 | Global 0.3500 | Local 0.1192 | F1_macro 0.7333 | WorstLoss 1.3563
[Tracker Process 0] Ep 1559 | Return 0.30 | Global 0.2982 | Local 0.1192 | F1_macro 0.6710 | WorstLoss 1.4643
[Tracker Process 0] Ep 1560 | Return 0.45 | Global 0.4477 | Local 0.1192 | F1_macro 0.7127 | WorstLoss 1.1524
[Tracker Process 0] Ep 1561 | Return 0.50 | Global 0.5004 | Local 0.1192 | F1_macro 0.7328 | WorstLoss 1.0424
[Tracker Process 0] Ep 1562 | Return 0.40 | Global 0.4022 | Local 0.1192 | F1_macro 0.6928 | WorstLoss 1.2474
[Tracker Process 0] Ep 1563 | Return 0.40 | Global 0.4020 | Local 0.1192 | F1_macro 0.7263 | WorstLoss 1.2477
[Tracker Process 0] Ep 1564 | Return 0.40 | Global 0.4042 | Local 0.1192 | F1_macro 0.7468 | WorstLoss 1.2431
[Tracker Process 0] Ep 1565 | Return 0.24 | Global 0.2423 | Local 0.1192 | F1_macro 0.6928 | WorstLoss 1.5810
[Tracker Process 0] Ep 1566 | Return 0.36 | Global 0.3563 | Local 0.1192 | F1_macro 0.7006 | WorstLoss 1.3432
[Tracker Process 0] Ep 1567 | Return 0.37 | Global 0.3662 | Local 0.1192 | F1_macro 0.7208 | WorstLoss 1.3224
[Tracker Process 0] Ep 1568 | Return 0.47 | Global 0.4717 | Local 0.1192 | F1_macro 0.6968 | WorstLoss 1.1023
[Tracker Process 0] Ep 1569 | Return 0.53 | Global 0.5332 | Local 0.1192 | F1_macro 0.7090 | WorstLoss 0.9739
[Tracker Process 0] Ep 1570 | Return 0.22 | Global 0.2248 | Local 0.1192 | F1_macro 0.6757 | WorstLoss 1.6174
[Tracker Process 0] Ep 1571 | Return 0.42 | Global 0.4185 | Local 0.1192 | F1_macro 0.7282 | WorstLoss 1.2133
[Tracker Process 0] Ep 1572 | Return 0.36 | Global 0.3615 | Local 0.1192 | F1_macro 0.6828 | WorstLoss 1.3323
[Tracker Process 0] Ep 1573 | Return 0.45 | Global 0.4527 | Local 0.1192 | F1_macro 0.6694 | WorstLoss 1.1419
[Tracker Process 0] Ep 1574 | Return 0.26 | Global 0.2587 | Local 0.1192 | F1_macro 0.7139 | WorstLoss 1.5467
[Tracker Process 0] Ep 1575 | Return 0.14 | Global 0.1356 | Local 0.1192 | F1_macro 0.6581 | WorstLoss 1.8036
[Tracker Process 0] Ep 1576 | Return 0.15 | Global 0.1509 | Local 0.1192 | F1_macro 0.6837 | WorstLoss 1.7716
[Tracker Process 0] Ep 1577 | Return 0.46 | Global 0.4605 | Local 0.1192 | F1_macro 0.7343 | WorstLoss 1.1257
[Tracker Process 0] Ep 1578 | Return 0.26 | Global 0.2578 | Local 0.1192 | F1_macro 0.6820 | WorstLoss 1.5487
[Tracker Process 0] Ep 1579 | Return 0.41 | Global 0.4123 | Local 0.1192 | F1_macro 0.7415 | WorstLoss 1.2263
[Tracker Process 0] Ep 1580 | Return 0.55 | Global 0.5483 | Local 0.1192 | F1_macro 0.7116 | WorstLoss 0.9424
[Tracker Process 0] Ep 1581 | Return 0.46 | Global 0.4598 | Local 0.1192 | F1_macro 0.7299 | WorstLoss 1.1270
[Tracker Process 0] Ep 1582 | Return 0.30 | Global 0.2963 | Local 0.1192 | F1_macro 0.6839 | WorstLoss 1.4683
[Tracker Process 0] Ep 1583 | Return 0.41 | Global 0.4071 | Local 0.1192 | F1_macro 0.7173 | WorstLoss 1.2371
[Tracker Process 0] Ep 1584 | Return 0.47 | Global 0.4736 | Local 0.1192 | F1_macro 0.7470 | WorstLoss 1.0983
[Tracker Process 0] Ep 1585 | Return 0.35 | Global 0.3467 | Local 0.1192 | F1_macro 0.7216 | WorstLoss 1.3631
[Tracker Process 0] Ep 1586 | Return 0.64 | Global 0.6416 | Local 0.1192 | F1_macro 0.7319 | WorstLoss 0.7478
[Tracker Process 0] Ep 1587 | Return 0.38 | Global 0.3846 | Local 0.1192 | F1_macro 0.7096 | WorstLoss 1.2840
[Tracker Process 0] Ep 1588 | Return 0.40 | Global 0.3979 | Local 0.1192 | F1_macro 0.7119 | WorstLoss 1.2562
[Tracker Process 0] Ep 1589 | Return 0.31 | Global 0.3069 | Local 0.1192 | F1_macro 0.7317 | WorstLoss 1.4462
[Tracker Process 0] Ep 1590 | Return 0.48 | Global 0.4847 | Local 0.1192 | F1_macro 0.7636 | WorstLoss 1.0751
[Tracker Process 0] Ep 1591 | Return 0.28 | Global 0.2797 | Local 0.1192 | F1_macro 0.6595 | WorstLoss 1.5030
[Tracker Process 0] Ep 1592 | Return 0.26 | Global 0.2601 | Local 0.1192 | F1_macro 0.7390 | WorstLoss 1.5438
[Tracker Process 0] Ep 1593 | Return 0.51 | Global 0.5113 | Local 0.1192 | F1_macro 0.7390 | WorstLoss 1.0197
[Tracker Process 0] Ep 1594 | Return 0.38 | Global 0.3762 | Local 0.1192 | F1_macro 0.7006 | WorstLoss 1.3016
[Tracker Process 0] Ep 1595 | Return 0.20 | Global 0.2004 | Local 0.1192 | F1_macro 0.6433 | WorstLoss 1.6684
[Tracker Process 0] Ep 1596 | Return 0.29 | Global 0.2886 | Local 0.1192 | F1_macro 0.6758 | WorstLoss 1.4843
[Tracker Process 0] Ep 1597 | Return 0.54 | Global 0.5386 | Local 0.1192 | F1_macro 0.7515 | WorstLoss 0.9628
[Tracker Process 0] Ep 1598 | Return 0.43 | Global 0.4303 | Local 0.1192 | F1_macro 0.7368 | WorstLoss 1.1888
[Tracker Process 0] Ep 1599 | Return 0.53 | Global 0.5317 | Local 0.1192 | F1_macro 0.7813 | WorstLoss 0.9772
[Tracker Process 0] Ep 1600 | Return -0.18 | Global -0.1807 | Local 0.1192 | F1_macro 0.6804 | WorstLoss 2.4636
[Tracker Process 0] Ep 1601 | Return 0.56 | Global 0.5600 | Local 0.1192 | F1_macro 0.7390 | WorstLoss 0.9181
[Tracker Process 0] Ep 1602 | Return 0.54 | Global 0.5405 | Local 0.1192 | F1_macro 0.7429 | WorstLoss 0.9587
[Tracker Process 0] Ep 1603 | Return 0.39 | Global 0.3898 | Local 0.1192 | F1_macro 0.7354 | WorstLoss 1.2732
[Tracker Process 0] Ep 1604 | Return 0.33 | Global 0.3253 | Local 0.1192 | F1_macro 0.7096 | WorstLoss 1.4078
[Tracker Process 0] Ep 1605 | Return 0.35 | Global 0.3456 | Local 0.1192 | F1_macro 0.6933 | WorstLoss 1.3654
[Tracker Process 0] Ep 1606 | Return 0.22 | Global 0.2150 | Local 0.1192 | F1_macro 0.6588 | WorstLoss 1.6379
[Tracker Process 0] Ep 1607 | Return 0.26 | Global 0.2552 | Local 0.1192 | F1_macro 0.6999 | WorstLoss 1.5541
[Tracker Process 0] Ep 1608 | Return 0.33 | Global 0.3326 | Local 0.1192 | F1_macro 0.6949 | WorstLoss 1.3926
[Tracker Process 0] Ep 1609 | Return 0.49 | Global 0.4910 | Local 0.1192 | F1_macro 0.7788 | WorstLoss 1.0620
[Tracker Process 0] Ep 1610 | Return 0.29 | Global 0.2882 | Local 0.1192 | F1_macro 0.7046 | WorstLoss 1.4852
[Tracker Process 0] Ep 1611 | Return 0.46 | Global 0.4631 | Local 0.1192 | F1_macro 0.7232 | WorstLoss 1.1203
[Tracker Process 0] Ep 1612 | Return 0.47 | Global 0.4679 | Local 0.1192 | F1_macro 0.7591 | WorstLoss 1.1101
[Tracker Process 0] Ep 1613 | Return 0.47 | Global 0.4699 | Local 0.1192 | F1_macro 0.7249 | WorstLoss 1.1061
[Tracker Process 0] Ep 1614 | Return 0.26 | Global 0.2580 | Local 0.1192 | F1_macro 0.7099 | WorstLoss 1.5483
[Tracker Process 0] Ep 1615 | Return 0.27 | Global 0.2743 | Local 0.1192 | F1_macro 0.6916 | WorstLoss 1.5142
[Tracker Process 0] Ep 1616 | Return 0.55 | Global 0.5457 | Local 0.1192 | F1_macro 0.7049 | WorstLoss 0.9478
[Tracker Process 0] Ep 1617 | Return 0.47 | Global 0.4712 | Local 0.1192 | F1_macro 0.7068 | WorstLoss 1.1034
[Tracker Process 0] Ep 1618 | Return 0.45 | Global 0.4526 | Local 0.1192 | F1_macro 0.7371 | WorstLoss 1.1421
[Tracker Process 0] Ep 1619 | Return 0.53 | Global 0.5324 | Local 0.1192 | F1_macro 0.7221 | WorstLoss 0.9757
[Tracker Process 0] Ep 1620 | Return 0.45 | Global 0.4539 | Local 0.1192 | F1_macro 0.7474 | WorstLoss 1.1394
[Tracker Process 0] Ep 1621 | Return 0.32 | Global 0.3161 | Local 0.1192 | F1_macro 0.7170 | WorstLoss 1.4270
[Tracker Process 0] Ep 1622 | Return 0.48 | Global 0.4813 | Local 0.1192 | F1_macro 0.7096 | WorstLoss 1.0823
[Tracker Process 0] Ep 1623 | Return 0.35 | Global 0.3521 | Local 0.1192 | F1_macro 0.7336 | WorstLoss 1.3519
[Tracker Process 0] Ep 1624 | Return 0.46 | Global 0.4634 | Local 0.1192 | F1_macro 0.7673 | WorstLoss 1.1196
[Tracker Process 0] Ep 1625 | Return 0.27 | Global 0.2726 | Local 0.1192 | F1_macro 0.6804 | WorstLoss 1.5177
[Tracker Process 0] Ep 1626 | Return 0.55 | Global 0.5462 | Local 0.1192 | F1_macro 0.7266 | WorstLoss 0.9468
[Tracker Process 0] Ep 1627 | Return 0.17 | Global 0.1702 | Local 0.1192 | F1_macro 0.7014 | WorstLoss 1.7315
[Tracker Process 0] Ep 1628 | Return 0.41 | Global 0.4095 | Local 0.1192 | F1_macro 0.7277 | WorstLoss 1.2320
[Tracker Process 0] Ep 1629 | Return 0.48 | Global 0.4761 | Local 0.1192 | F1_macro 0.7493 | WorstLoss 1.0930
[Tracker Process 0] Ep 1630 | Return 0.47 | Global 0.4653 | Local 0.1192 | F1_macro 0.7643 | WorstLoss 1.1156
[Tracker Process 0] Ep 1631 | Return 0.22 | Global 0.2192 | Local 0.1192 | F1_macro 0.6727 | WorstLoss 1.6292
[Tracker Process 0] Ep 1632 | Return 0.39 | Global 0.3890 | Local 0.1192 | F1_macro 0.7075 | WorstLoss 1.2749
[Tracker Process 0] Ep 1633 | Return 0.12 | Global 0.1165 | Local 0.1192 | F1_macro 0.6981 | WorstLoss 1.8435
[Tracker Process 0] Ep 1634 | Return 0.39 | Global 0.3909 | Local 0.1192 | F1_macro 0.7518 | WorstLoss 1.2710
[Tracker Process 0] Ep 1635 | Return 0.41 | Global 0.4129 | Local 0.1192 | F1_macro 0.7452 | WorstLoss 1.2249
[Tracker Process 0] Ep 1636 | Return 0.42 | Global 0.4199 | Local 0.1192 | F1_macro 0.7066 | WorstLoss 1.2104
[Tracker Process 0] Ep 1637 | Return 0.46 | Global 0.4593 | Local 0.1192 | F1_macro 0.7509 | WorstLoss 1.1282
[Tracker Process 0] Ep 1638 | Return 0.49 | Global 0.4887 | Local 0.1192 | F1_macro 0.7187 | WorstLoss 1.0668
[Tracker Process 0] Ep 1639 | Return 0.33 | Global 0.3343 | Local 0.1192 | F1_macro 0.6722 | WorstLoss 1.3890
[Tracker Process 0] Ep 1640 | Return 0.35 | Global 0.3516 | Local 0.1192 | F1_macro 0.7196 | WorstLoss 1.3529
[Tracker Process 0] Ep 1641 | Return 0.49 | Global 0.4932 | Local 0.1192 | F1_macro 0.7518 | WorstLoss 1.0575
[Tracker Process 0] Ep 1642 | Return 0.31 | Global 0.3072 | Local 0.1192 | F1_macro 0.6786 | WorstLoss 1.4456
[Tracker Process 0] Ep 1643 | Return 0.31 | Global 0.3102 | Local 0.1192 | F1_macro 0.6942 | WorstLoss 1.4392
[Tracker Process 0] Ep 1644 | Return 0.50 | Global 0.5006 | Local 0.1192 | F1_macro 0.7557 | WorstLoss 1.0420
[Tracker Process 0] Ep 1645 | Return 0.25 | Global 0.2506 | Local 0.1192 | F1_macro 0.7060 | WorstLoss 1.5636
[Tracker Process 0] Ep 1646 | Return 0.42 | Global 0.4166 | Local 0.1192 | F1_macro 0.7213 | WorstLoss 1.2172
[Tracker Process 0] Ep 1647 | Return 0.37 | Global 0.3720 | Local 0.1192 | F1_macro 0.7298 | WorstLoss 1.3104
[Tracker Process 0] Ep 1648 | Return 0.45 | Global 0.4473 | Local 0.1192 | F1_macro 0.7470 | WorstLoss 1.1533
[Tracker Process 0] Ep 1649 | Return 0.35 | Global 0.3458 | Local 0.1192 | F1_macro 0.7190 | WorstLoss 1.3649
[Tracker Process 0] Ep 1650 | Return 0.51 | Global 0.5052 | Local 0.1192 | F1_macro 0.7570 | WorstLoss 1.0323
[Tracker Process 0] Saved snapshot: ep1650_phase1_class1
[Tracker Process 0] Ep 1651 | Return 0.52 | Global 0.5155 | Local 0.1192 | F1_macro 0.7611 | WorstLoss 1.0109
[Tracker Process 0] Ep 1652 | Return 0.44 | Global 0.4387 | Local 0.1192 | F1_macro 0.7717 | WorstLoss 1.1712
[Tracker Process 0] Ep 1653 | Return 0.22 | Global 0.2198 | Local 0.1192 | F1_macro 0.7431 | WorstLoss 1.6278
[Tracker Process 0] Ep 1654 | Return 0.28 | Global 0.2767 | Local 0.1192 | F1_macro 0.6832 | WorstLoss 1.5092
[Tracker Process 0] Ep 1655 | Return 0.36 | Global 0.3626 | Local 0.1192 | F1_macro 0.7397 | WorstLoss 1.3299
[Tracker Process 0] Ep 1656 | Return 0.47 | Global 0.4702 | Local 0.1192 | F1_macro 0.7334 | WorstLoss 1.1054
[Tracker Process 0] Ep 1657 | Return 0.49 | Global 0.4933 | Local 0.1192 | F1_macro 0.7452 | WorstLoss 1.0573
[Tracker Process 0] Ep 1658 | Return 0.32 | Global 0.3182 | Local 0.1192 | F1_macro 0.7190 | WorstLoss 1.4226
[Tracker Process 0] Ep 1659 | Return 0.32 | Global 0.3186 | Local 0.1192 | F1_macro 0.7223 | WorstLoss 1.4217
[Tracker Process 0] Ep 1660 | Return 0.48 | Global 0.4786 | Local 0.1192 | F1_macro 0.7311 | WorstLoss 1.0878
[Tracker Process 0] Ep 1661 | Return 0.35 | Global 0.3498 | Local 0.1192 | F1_macro 0.7317 | WorstLoss 1.3566
[Tracker Process 0] Ep 1662 | Return 0.49 | Global 0.4905 | Local 0.1192 | F1_macro 0.7550 | WorstLoss 1.0630
[Tracker Process 0] Ep 1663 | Return 0.39 | Global 0.3882 | Local 0.1192 | F1_macro 0.7123 | WorstLoss 1.2766
[Tracker Process 0] Ep 1664 | Return 0.48 | Global 0.4814 | Local 0.1192 | F1_macro 0.7501 | WorstLoss 1.0822
[Tracker Process 0] Ep 1665 | Return 0.41 | Global 0.4110 | Local 0.1192 | F1_macro 0.7208 | WorstLoss 1.2290
[Tracker Process 0] Ep 1666 | Return 0.42 | Global 0.4190 | Local 0.1192 | F1_macro 0.7444 | WorstLoss 1.2123
[Tracker Process 0] Ep 1667 | Return 0.27 | Global 0.2701 | Local 0.1192 | F1_macro 0.6422 | WorstLoss 1.5230
[Tracker Process 0] Ep 1668 | Return 0.48 | Global 0.4770 | Local 0.1192 | F1_macro 0.7298 | WorstLoss 1.0913
[Tracker Process 0] Ep 1669 | Return 0.46 | Global 0.4599 | Local 0.1192 | F1_macro 0.7333 | WorstLoss 1.1269
[Tracker Process 0] Ep 1670 | Return 0.53 | Global 0.5339 | Local 0.1192 | F1_macro 0.7362 | WorstLoss 0.9726
[Tracker Process 0] Ep 1671 | Return 0.37 | Global 0.3742 | Local 0.1192 | F1_macro 0.7375 | WorstLoss 1.3058
[Tracker Process 0] Ep 1672 | Return 0.36 | Global 0.3649 | Local 0.1192 | F1_macro 0.6990 | WorstLoss 1.3252
[Tracker Process 0] Ep 1673 | Return 0.41 | Global 0.4086 | Local 0.1192 | F1_macro 0.7404 | WorstLoss 1.2341
[Tracker Process 0] Ep 1674 | Return 0.55 | Global 0.5455 | Local 0.1192 | F1_macro 0.7874 | WorstLoss 0.9483
[Tracker Process 0] Ep 1675 | Return 0.52 | Global 0.5234 | Local 0.1192 | F1_macro 0.7623 | WorstLoss 0.9945
[Tracker Process 0] Ep 1676 | Return 0.49 | Global 0.4860 | Local 0.1192 | F1_macro 0.7235 | WorstLoss 1.0725
[Tracker Process 0] Ep 1677 | Return 0.36 | Global 0.3600 | Local 0.1192 | F1_macro 0.7334 | WorstLoss 1.3353
[Tracker Process 0] Ep 1678 | Return 0.23 | Global 0.2317 | Local 0.1192 | F1_macro 0.6537 | WorstLoss 1.6030
[Tracker Process 0] Ep 1679 | Return 0.46 | Global 0.4627 | Local 0.1192 | F1_macro 0.7631 | WorstLoss 1.1210
[Tracker Process 0] Ep 1680 | Return 0.46 | Global 0.4574 | Local 0.1192 | F1_macro 0.7333 | WorstLoss 1.1321
[Tracker Process 0] Ep 1681 | Return 0.52 | Global 0.5201 | Local 0.1192 | F1_macro 0.7374 | WorstLoss 1.0014
[Tracker Process 0] Ep 1682 | Return 0.56 | Global 0.5574 | Local 0.1192 | F1_macro 0.7604 | WorstLoss 0.9236
[Tracker Process 0] Ep 1683 | Return 0.33 | Global 0.3287 | Local 0.1192 | F1_macro 0.7382 | WorstLoss 1.4006
[Tracker Process 0] Ep 1684 | Return 0.37 | Global 0.3673 | Local 0.1192 | F1_macro 0.7236 | WorstLoss 1.3201
[Tracker Process 0] Ep 1685 | Return 0.47 | Global 0.4693 | Local 0.1192 | F1_macro 0.7266 | WorstLoss 1.1073
[Tracker Process 0] Ep 1686 | Return 0.38 | Global 0.3762 | Local 0.1192 | F1_macro 0.7378 | WorstLoss 1.3016
[Tracker Process 0] Ep 1687 | Return 0.52 | Global 0.5193 | Local 0.1192 | F1_macro 0.7623 | WorstLoss 1.0030
[Tracker Process 0] Ep 1688 | Return 0.37 | Global 0.3703 | Local 0.1192 | F1_macro 0.7299 | WorstLoss 1.3139
[Tracker Process 0] Ep 1689 | Return 0.53 | Global 0.5316 | Local 0.1192 | F1_macro 0.7294 | WorstLoss 0.9774
[Tracker Process 0] Ep 1690 | Return 0.34 | Global 0.3356 | Local 0.1192 | F1_macro 0.7105 | WorstLoss 1.3862
[Tracker Process 0] Ep 1691 | Return 0.53 | Global 0.5315 | Local 0.1192 | F1_macro 0.7937 | WorstLoss 0.9776
[Tracker Process 0] Ep 1692 | Return 0.41 | Global 0.4142 | Local 0.1192 | F1_macro 0.7419 | WorstLoss 1.2222
[Tracker Process 0] Ep 1693 | Return 0.51 | Global 0.5129 | Local 0.1192 | F1_macro 0.7479 | WorstLoss 1.0164
[Tracker Process 0] Ep 1694 | Return 0.46 | Global 0.4563 | Local 0.1192 | F1_macro 0.7429 | WorstLoss 1.1345
[Tracker Process 0] Ep 1695 | Return -0.11 | Global -0.1104 | Local 0.1192 | F1_macro 0.6858 | WorstLoss 2.3170
[Tracker Process 0] Ep 1696 | Return 0.29 | Global 0.2922 | Local 0.1192 | F1_macro 0.7058 | WorstLoss 1.4768
[Tracker Process 0] Ep 1697 | Return 0.32 | Global 0.3244 | Local 0.1192 | F1_macro 0.7014 | WorstLoss 1.4096
[Tracker Process 0] Ep 1698 | Return 0.40 | Global 0.4003 | Local 0.1192 | F1_macro 0.7354 | WorstLoss 1.2512
[Tracker Process 0] Ep 1699 | Return 0.36 | Global 0.3582 | Local 0.1192 | F1_macro 0.7296 | WorstLoss 1.3390
[Tracker Process 0] Ep 1700 | Return 0.30 | Global 0.2997 | Local 0.1192 | F1_macro 0.6932 | WorstLoss 1.4613
[Tracker Process 0] Ep 1701 | Return 0.42 | Global 0.4247 | Local 0.1192 | F1_macro 0.7298 | WorstLoss 1.2004
[Tracker Process 0] Ep 1702 | Return 0.60 | Global 0.5995 | Local 0.1192 | F1_macro 0.7597 | WorstLoss 0.8357
[Tracker Process 0] Ep 1703 | Return 0.48 | Global 0.4781 | Local 0.1192 | F1_macro 0.7551 | WorstLoss 1.0889
[Tracker Process 0] Ep 1704 | Return 0.37 | Global 0.3675 | Local 0.1192 | F1_macro 0.7182 | WorstLoss 1.3197
[Tracker Process 0] Ep 1705 | Return 0.39 | Global 0.3896 | Local 0.1192 | F1_macro 0.6695 | WorstLoss 1.2737
[Tracker Process 0] Ep 1706 | Return -0.11 | Global -0.1148 | Local 0.1192 | F1_macro 0.6817 | WorstLoss 2.3260
[Tracker Process 0] Ep 1707 | Return 0.51 | Global 0.5107 | Local 0.1192 | F1_macro 0.7461 | WorstLoss 1.0210
[Tracker Process 0] Ep 1708 | Return 0.46 | Global 0.4605 | Local 0.1192 | F1_macro 0.7144 | WorstLoss 1.1256
[Tracker Process 0] Ep 1709 | Return 0.48 | Global 0.4818 | Local 0.1192 | F1_macro 0.7752 | WorstLoss 1.0813
[Tracker Process 0] Ep 1710 | Return 0.46 | Global 0.4595 | Local 0.1192 | F1_macro 0.7746 | WorstLoss 1.1277
[Tracker Process 0] Ep 1711 | Return 0.35 | Global 0.3459 | Local 0.1192 | F1_macro 0.7802 | WorstLoss 1.3649
[Tracker Process 0] Ep 1712 | Return 0.55 | Global 0.5527 | Local 0.1192 | F1_macro 0.7496 | WorstLoss 0.9333
[Tracker Process 0] Ep 1713 | Return 0.47 | Global 0.4701 | Local 0.1192 | F1_macro 0.7314 | WorstLoss 1.1056
[Tracker Process 0] Ep 1714 | Return 0.42 | Global 0.4245 | Local 0.1192 | F1_macro 0.7531 | WorstLoss 1.2008
[Tracker Process 0] Ep 1715 | Return 0.33 | Global 0.3340 | Local 0.1192 | F1_macro 0.7296 | WorstLoss 1.3897
[Tracker Process 0] Ep 1716 | Return 0.54 | Global 0.5352 | Local 0.1192 | F1_macro 0.7938 | WorstLoss 0.9698
[Tracker Process 0] Ep 1717 | Return 0.33 | Global 0.3287 | Local 0.1192 | F1_macro 0.7299 | WorstLoss 1.4007
[Tracker Process 0] Ep 1718 | Return 0.48 | Global 0.4824 | Local 0.1192 | F1_macro 0.7626 | WorstLoss 1.0800
[Tracker Process 0] Ep 1719 | Return 0.39 | Global 0.3939 | Local 0.1192 | F1_macro 0.7156 | WorstLoss 1.2647
[Tracker Process 0] Ep 1720 | Return 0.40 | Global 0.3995 | Local 0.1192 | F1_macro 0.7266 | WorstLoss 1.2530
[Tracker Process 0] Ep 1721 | Return 0.44 | Global 0.4417 | Local 0.1192 | F1_macro 0.7187 | WorstLoss 1.1650
[Tracker Process 0] Ep 1722 | Return 0.55 | Global 0.5483 | Local 0.1192 | F1_macro 0.7498 | WorstLoss 0.9424
[Tracker Process 0] Ep 1723 | Return 0.09 | Global 0.0870 | Local 0.1192 | F1_macro 0.7083 | WorstLoss 1.9051
[Tracker Process 0] Ep 1724 | Return 0.31 | Global 0.3076 | Local 0.1192 | F1_macro 0.7185 | WorstLoss 1.4446
[Tracker Process 0] Ep 1725 | Return 0.50 | Global 0.4991 | Local 0.1192 | F1_macro 0.7504 | WorstLoss 1.0452
[Tracker Process 0] Ep 1726 | Return 0.37 | Global 0.3653 | Local 0.1192 | F1_macro 0.7821 | WorstLoss 1.3242
[Tracker Process 0] Ep 1727 | Return 0.46 | Global 0.4572 | Local 0.1192 | F1_macro 0.7388 | WorstLoss 1.1325
[Tracker Process 0] Ep 1728 | Return 0.47 | Global 0.4677 | Local 0.1192 | F1_macro 0.7251 | WorstLoss 1.1106
[Tracker Process 0] Ep 1729 | Return 0.47 | Global 0.4734 | Local 0.1192 | F1_macro 0.7491 | WorstLoss 1.0987
[Tracker Process 0] Ep 1730 | Return -0.05 | Global -0.0493 | Local 0.1192 | F1_macro 0.7248 | WorstLoss 2.1894
[Tracker Process 0] Ep 1731 | Return 0.59 | Global 0.5895 | Local 0.1192 | F1_macro 0.7609 | WorstLoss 0.8566
[Tracker Process 0] Ep 1732 | Return 0.44 | Global 0.4376 | Local 0.1192 | F1_macro 0.7388 | WorstLoss 1.1735
[Tracker Process 0] Ep 1733 | Return 0.55 | Global 0.5516 | Local 0.1192 | F1_macro 0.7205 | WorstLoss 0.9355
[Tracker Process 0] Ep 1734 | Return 0.41 | Global 0.4091 | Local 0.1192 | F1_macro 0.7280 | WorstLoss 1.2329
[Tracker Process 0] Ep 1735 | Return 0.56 | Global 0.5643 | Local 0.1192 | F1_macro 0.7266 | WorstLoss 0.9091
[Tracker Process 0] Ep 1736 | Return 0.55 | Global 0.5479 | Local 0.1192 | F1_macro 0.6884 | WorstLoss 0.9434
[Tracker Process 0] Ep 1737 | Return 0.33 | Global 0.3251 | Local 0.1192 | F1_macro 0.7050 | WorstLoss 1.4081
[Tracker Process 0] Ep 1738 | Return 0.52 | Global 0.5196 | Local 0.1192 | F1_macro 0.7498 | WorstLoss 1.0025
[Tracker Process 0] Ep 1739 | Return 0.53 | Global 0.5330 | Local 0.1192 | F1_macro 0.7343 | WorstLoss 0.9744
[Tracker Process 0] Ep 1740 | Return 0.48 | Global 0.4794 | Local 0.1192 | F1_macro 0.7452 | WorstLoss 1.0862
[Tracker Process 0] Ep 1741 | Return -0.02 | Global -0.0153 | Local 0.1192 | F1_macro 0.6476 | WorstLoss 2.1184
[Tracker Process 0] Ep 1742 | Return 0.40 | Global 0.4036 | Local 0.1192 | F1_macro 0.7316 | WorstLoss 1.2444
[Tracker Process 0] Ep 1743 | Return 0.53 | Global 0.5319 | Local 0.1192 | F1_macro 0.7647 | WorstLoss 0.9767
[Tracker Process 0] Ep 1744 | Return 0.42 | Global 0.4214 | Local 0.1192 | F1_macro 0.7514 | WorstLoss 1.2072
[Tracker Process 0] Ep 1745 | Return 0.40 | Global 0.3996 | Local 0.1192 | F1_macro 0.7483 | WorstLoss 1.2527
[Tracker Process 0] Ep 1746 | Return 0.47 | Global 0.4721 | Local 0.1192 | F1_macro 0.7538 | WorstLoss 1.1015
[Tracker Process 0] Ep 1747 | Return 0.50 | Global 0.4963 | Local 0.1192 | F1_macro 0.7623 | WorstLoss 1.0509
[Tracker Process 0] Ep 1748 | Return 0.56 | Global 0.5647 | Local 0.1192 | F1_macro 0.7763 | WorstLoss 0.9083
[Tracker Process 0] Ep 1749 | Return 0.36 | Global 0.3598 | Local 0.1192 | F1_macro 0.7601 | WorstLoss 1.3358
[Tracker Process 0] Ep 1750 | Return 0.43 | Global 0.4340 | Local 0.1192 | F1_macro 0.7551 | WorstLoss 1.1810
[Tracker Process 0] Ep 1751 | Return 0.50 | Global 0.4980 | Local 0.1192 | F1_macro 0.7614 | WorstLoss 1.0475
[Tracker Process 0] Ep 1752 | Return 0.50 | Global 0.4955 | Local 0.1192 | F1_macro 0.7566 | WorstLoss 1.0526
[Tracker Process 0] Ep 1753 | Return 0.06 | Global 0.0587 | Local 0.1192 | F1_macro 0.6634 | WorstLoss 1.9641
[Tracker Process 0] Ep 1754 | Return 0.47 | Global 0.4688 | Local 0.1192 | F1_macro 0.7705 | WorstLoss 1.1083
[Tracker Process 0] Ep 1755 | Return 0.47 | Global 0.4698 | Local 0.1192 | F1_macro 0.7413 | WorstLoss 1.1063
[Tracker Process 0] Ep 1756 | Return 0.52 | Global 0.5244 | Local 0.1192 | F1_macro 0.7294 | WorstLoss 0.9923
[Tracker Process 0] Ep 1757 | Return 0.48 | Global 0.4822 | Local 0.1192 | F1_macro 0.7432 | WorstLoss 1.0804
[Tracker Process 0] Ep 1758 | Return 0.54 | Global 0.5371 | Local 0.1192 | F1_macro 0.7312 | WorstLoss 0.9659
[Tracker Process 0] Ep 1759 | Return 0.03 | Global 0.0282 | Local 0.1192 | F1_macro 0.6433 | WorstLoss 2.0277
[Tracker Process 0] Ep 1760 | Return 0.24 | Global 0.2413 | Local 0.1192 | F1_macro 0.6986 | WorstLoss 1.5831
[Tracker Process 0] Ep 1761 | Return 0.43 | Global 0.4328 | Local 0.1192 | F1_macro 0.7299 | WorstLoss 1.1834
[Tracker Process 0] Ep 1762 | Return 0.45 | Global 0.4491 | Local 0.1192 | F1_macro 0.7580 | WorstLoss 1.1495
[Tracker Process 0] Ep 1763 | Return 0.38 | Global 0.3802 | Local 0.1192 | F1_macro 0.7419 | WorstLoss 1.2933
[Tracker Process 0] Ep 1764 | Return 0.30 | Global 0.3043 | Local 0.1192 | F1_macro 0.7452 | WorstLoss 1.4516
[Tracker Process 0] Ep 1765 | Return 0.43 | Global 0.4304 | Local 0.1192 | F1_macro 0.7488 | WorstLoss 1.1884
[Tracker Process 0] Ep 1766 | Return 0.34 | Global 0.3395 | Local 0.1192 | F1_macro 0.7498 | WorstLoss 1.3781
[Tracker Process 0] Ep 1767 | Return 0.11 | Global 0.1061 | Local 0.1192 | F1_macro 0.6594 | WorstLoss 1.8651
[Tracker Process 0] Ep 1768 | Return 0.58 | Global 0.5833 | Local 0.1192 | F1_macro 0.7771 | WorstLoss 0.8694
[Tracker Process 0] Ep 1769 | Return 0.53 | Global 0.5274 | Local 0.1192 | F1_macro 0.7628 | WorstLoss 0.9861
[Tracker Process 0] Ep 1770 | Return 0.40 | Global 0.4019 | Local 0.1192 | F1_macro 0.7350 | WorstLoss 1.2480
[Tracker Process 0] Ep 1771 | Return 0.48 | Global 0.4795 | Local 0.1192 | F1_macro 0.7717 | WorstLoss 1.0860
[Tracker Process 0] Ep 1772 | Return 0.40 | Global 0.3955 | Local 0.1192 | F1_macro 0.7013 | WorstLoss 1.2613
[Tracker Process 0] Ep 1773 | Return 0.57 | Global 0.5670 | Local 0.1192 | F1_macro 0.7448 | WorstLoss 0.9035
[Tracker Process 0] Ep 1774 | Return 0.48 | Global 0.4787 | Local 0.1192 | F1_macro 0.7461 | WorstLoss 1.0877
[Tracker Process 0] Ep 1775 | Return 0.40 | Global 0.4020 | Local 0.1192 | F1_macro 0.7557 | WorstLoss 1.2476
[Tracker Process 0] Ep 1776 | Return 0.48 | Global 0.4820 | Local 0.1192 | F1_macro 0.7448 | WorstLoss 1.0807
[Tracker Process 0] Ep 1777 | Return 0.59 | Global 0.5858 | Local 0.1192 | F1_macro 0.7570 | WorstLoss 0.8642
[Tracker Process 0] Ep 1778 | Return 0.41 | Global 0.4058 | Local 0.1192 | F1_macro 0.7018 | WorstLoss 1.2398
[Tracker Process 0] Ep 1779 | Return 0.39 | Global 0.3873 | Local 0.1192 | F1_macro 0.7182 | WorstLoss 1.2784
[Tracker Process 0] Ep 1780 | Return 0.50 | Global 0.5049 | Local 0.1192 | F1_macro 0.7491 | WorstLoss 1.0330
[Tracker Process 0] Ep 1781 | Return 0.49 | Global 0.4912 | Local 0.1192 | F1_macro 0.7544 | WorstLoss 1.0617
[Tracker Process 0] Ep 1782 | Return 0.27 | Global 0.2656 | Local 0.1192 | F1_macro 0.7113 | WorstLoss 1.5324
[Tracker Process 0] Ep 1783 | Return 0.45 | Global 0.4545 | Local 0.1192 | F1_macro 0.7354 | WorstLoss 1.1382
[Tracker Process 0] Ep 1784 | Return 0.45 | Global 0.4481 | Local 0.1192 | F1_macro 0.7413 | WorstLoss 1.1516
[Tracker Process 0] Ep 1785 | Return 0.53 | Global 0.5330 | Local 0.1192 | F1_macro 0.7525 | WorstLoss 0.9745
[Tracker Process 0] Ep 1786 | Return 0.37 | Global 0.3716 | Local 0.1192 | F1_macro 0.7652 | WorstLoss 1.3112
[Tracker Process 0] Ep 1787 | Return 0.54 | Global 0.5358 | Local 0.1192 | F1_macro 0.7167 | WorstLoss 0.9685
[Tracker Process 0] Ep 1788 | Return 0.49 | Global 0.4871 | Local 0.1192 | F1_macro 0.7825 | WorstLoss 1.0702
[Tracker Process 0] Ep 1789 | Return 0.49 | Global 0.4940 | Local 0.1192 | F1_macro 0.7474 | WorstLoss 1.0557
[Tracker Process 0] Ep 1790 | Return 0.56 | Global 0.5557 | Local 0.1192 | F1_macro 0.7538 | WorstLoss 0.9270
[Tracker Process 0] Ep 1791 | Return 0.46 | Global 0.4585 | Local 0.1192 | F1_macro 0.7395 | WorstLoss 1.1299
[Tracker Process 0] Ep 1792 | Return 0.52 | Global 0.5150 | Local 0.1192 | F1_macro 0.7771 | WorstLoss 1.0119
[Tracker Process 0] Ep 1793 | Return 0.46 | Global 0.4619 | Local 0.1192 | F1_macro 0.7512 | WorstLoss 1.1227
[Tracker Process 0] Ep 1794 | Return 0.55 | Global 0.5545 | Local 0.1192 | F1_macro 0.7324 | WorstLoss 0.9296
[Tracker Process 0] Ep 1795 | Return 0.53 | Global 0.5319 | Local 0.1192 | F1_macro 0.7508 | WorstLoss 0.9767
[Tracker Process 0] Ep 1796 | Return 0.39 | Global 0.3927 | Local 0.1192 | F1_macro 0.7571 | WorstLoss 1.2672
[Tracker Process 0] Ep 1797 | Return 0.27 | Global 0.2693 | Local 0.1192 | F1_macro 0.7316 | WorstLoss 1.5246
[Tracker Process 0] Ep 1798 | Return 0.51 | Global 0.5083 | Local 0.1192 | F1_macro 0.7846 | WorstLoss 1.0260
[Tracker Process 0] Ep 1799 | Return 0.52 | Global 0.5223 | Local 0.1192 | F1_macro 0.7337 | WorstLoss 0.9967
[Tracker Process 0] Ep 1800 | Return 0.32 | Global 0.3194 | Local 0.1192 | F1_macro 0.7444 | WorstLoss 1.4201
[Tracker Process 0] Saved snapshot: ep1800_phase1_class1
[Tracker Process 0] Ep 1801 | Return 0.20 | Global 0.2033 | Local 0.1192 | F1_macro 0.7152 | WorstLoss 1.6624
[Tracker Process 0] Ep 1802 | Return 0.60 | Global 0.5971 | Local 0.1192 | F1_macro 0.7648 | WorstLoss 0.8407
[Tracker Process 0] Ep 1803 | Return 0.14 | Global 0.1435 | Local 0.1192 | F1_macro 0.7442 | WorstLoss 1.7872
[Tracker Process 0] Ep 1804 | Return 0.43 | Global 0.4269 | Local 0.1192 | F1_macro 0.7422 | WorstLoss 1.1959
[Tracker Process 0] Ep 1805 | Return 0.38 | Global 0.3813 | Local 0.1192 | F1_macro 0.7119 | WorstLoss 1.2909
[Tracker Process 0] Ep 1806 | Return 0.30 | Global 0.3032 | Local 0.1192 | F1_macro 0.7334 | WorstLoss 1.4538
[Tracker Process 0] Ep 1807 | Return 0.35 | Global 0.3506 | Local 0.1192 | F1_macro 0.6959 | WorstLoss 1.3551
[Tracker Process 0] Ep 1808 | Return 0.40 | Global 0.4012 | Local 0.1192 | F1_macro 0.7125 | WorstLoss 1.2494
[Tracker Process 0] Ep 1809 | Return 0.44 | Global 0.4438 | Local 0.1192 | F1_macro 0.7538 | WorstLoss 1.1604
[Tracker Process 0] Ep 1810 | Return 0.52 | Global 0.5196 | Local 0.1192 | F1_macro 0.7569 | WorstLoss 1.0023
[Tracker Process 0] Ep 1811 | Return 0.49 | Global 0.4920 | Local 0.1192 | F1_macro 0.7249 | WorstLoss 1.0600
[Tracker Process 0] Ep 1812 | Return 0.46 | Global 0.4635 | Local 0.1192 | F1_macro 0.7570 | WorstLoss 1.1195
[Tracker Process 0] Ep 1813 | Return 0.47 | Global 0.4673 | Local 0.1192 | F1_macro 0.7538 | WorstLoss 1.1115
[Tracker Process 0] Ep 1814 | Return 0.45 | Global 0.4533 | Local 0.1192 | F1_macro 0.7317 | WorstLoss 1.1408
[Tracker Process 0] Ep 1815 | Return 0.52 | Global 0.5219 | Local 0.1192 | F1_macro 0.7767 | WorstLoss 0.9975
[Tracker Process 0] Ep 1816 | Return 0.27 | Global 0.2701 | Local 0.1192 | F1_macro 0.7337 | WorstLoss 1.5229
[Tracker Process 0] Ep 1817 | Return 0.10 | Global 0.1035 | Local 0.1192 | F1_macro 0.6975 | WorstLoss 1.8706
[Tracker Process 0] Ep 1818 | Return 0.36 | Global 0.3642 | Local 0.1192 | F1_macro 0.7101 | WorstLoss 1.3266
[Tracker Process 0] Ep 1819 | Return 0.40 | Global 0.3986 | Local 0.1192 | F1_macro 0.7705 | WorstLoss 1.2548
[Tracker Process 0] Ep 1820 | Return 0.47 | Global 0.4736 | Local 0.1192 | F1_macro 0.7120 | WorstLoss 1.0983
[Tracker Process 0] Ep 1821 | Return 0.57 | Global 0.5676 | Local 0.1192 | F1_macro 0.7333 | WorstLoss 0.9022
[Tracker Process 0] Ep 1822 | Return 0.50 | Global 0.5012 | Local 0.1192 | F1_macro 0.7478 | WorstLoss 1.0407
[Tracker Process 0] Ep 1823 | Return 0.48 | Global 0.4810 | Local 0.1192 | F1_macro 0.7725 | WorstLoss 1.0828
[Tracker Process 0] Ep 1824 | Return 0.57 | Global 0.5663 | Local 0.1192 | F1_macro 0.7481 | WorstLoss 0.9050
[Tracker Process 0] Ep 1825 | Return 0.40 | Global 0.3950 | Local 0.1192 | F1_macro 0.6861 | WorstLoss 1.2623
[Tracker Process 0] Ep 1826 | Return 0.45 | Global 0.4460 | Local 0.1192 | F1_macro 0.7120 | WorstLoss 1.1560
[Tracker Process 0] Ep 1827 | Return 0.28 | Global 0.2756 | Local 0.1192 | F1_macro 0.6538 | WorstLoss 1.5114
[Tracker Process 0] Ep 1828 | Return 0.43 | Global 0.4252 | Local 0.1192 | F1_macro 0.7315 | WorstLoss 1.1992
[Tracker Process 0] Ep 1829 | Return 0.50 | Global 0.4979 | Local 0.1192 | F1_macro 0.7448 | WorstLoss 1.0477
[Tracker Process 0] Ep 1830 | Return 0.12 | Global 0.1235 | Local 0.1192 | F1_macro 0.7031 | WorstLoss 1.8288
[Tracker Process 0] Ep 1831 | Return 0.51 | Global 0.5140 | Local 0.1192 | F1_macro 0.7807 | WorstLoss 1.0141
[Tracker Process 0] Ep 1832 | Return 0.41 | Global 0.4056 | Local 0.1192 | F1_macro 0.7591 | WorstLoss 1.2402
[Tracker Process 0] Ep 1833 | Return 0.42 | Global 0.4226 | Local 0.1192 | F1_macro 0.7460 | WorstLoss 1.2046
[Tracker Process 0] Ep 1834 | Return 0.23 | Global 0.2264 | Local 0.1192 | F1_macro 0.6996 | WorstLoss 1.6141
[Tracker Process 0] Ep 1835 | Return 0.32 | Global 0.3244 | Local 0.1192 | F1_macro 0.7520 | WorstLoss 1.4097
[Tracker Process 0] Ep 1836 | Return 0.40 | Global 0.3997 | Local 0.1192 | F1_macro 0.7401 | WorstLoss 1.2525
[Tracker Process 0] Ep 1837 | Return 0.39 | Global 0.3867 | Local 0.1192 | F1_macro 0.7065 | WorstLoss 1.2797
[Tracker Process 0] Ep 1838 | Return 0.38 | Global 0.3823 | Local 0.1192 | F1_macro 0.7544 | WorstLoss 1.2888
[Tracker Process 0] Ep 1839 | Return 0.41 | Global 0.4111 | Local 0.1192 | F1_macro 0.7282 | WorstLoss 1.2287
[Tracker Process 0] Ep 1840 | Return 0.30 | Global 0.3037 | Local 0.1192 | F1_macro 0.7390 | WorstLoss 1.4529
[Tracker Process 0] Ep 1841 | Return 0.48 | Global 0.4824 | Local 0.1192 | F1_macro 0.7347 | WorstLoss 1.0801
[Tracker Process 0] Ep 1842 | Return 0.58 | Global 0.5751 | Local 0.1192 | F1_macro 0.7520 | WorstLoss 0.8867
[Tracker Process 0] Ep 1843 | Return 0.41 | Global 0.4120 | Local 0.1192 | F1_macro 0.7258 | WorstLoss 1.2268
[Tracker Process 0] Ep 1844 | Return 0.47 | Global 0.4662 | Local 0.1192 | F1_macro 0.7297 | WorstLoss 1.1138
[Tracker Process 0] Ep 1845 | Return 0.45 | Global 0.4534 | Local 0.1192 | F1_macro 0.7474 | WorstLoss 1.1405
[Tracker Process 0] Ep 1846 | Return 0.57 | Global 0.5656 | Local 0.1192 | F1_macro 0.7703 | WorstLoss 0.9065
[Tracker Process 0] Ep 1847 | Return 0.49 | Global 0.4886 | Local 0.1192 | F1_macro 0.7469 | WorstLoss 1.0669
[Tracker Process 0] Ep 1848 | Return 0.38 | Global 0.3814 | Local 0.1192 | F1_macro 0.7090 | WorstLoss 1.2908
[Tracker Process 0] Ep 1849 | Return 0.45 | Global 0.4541 | Local 0.1192 | F1_macro 0.7804 | WorstLoss 1.1391
[Tracker Process 0] Ep 1850 | Return -0.07 | Global -0.0745 | Local 0.1192 | F1_macro 0.6869 | WorstLoss 2.2420
[Tracker Process 0] Ep 1851 | Return 0.54 | Global 0.5364 | Local 0.1192 | F1_macro 0.7570 | WorstLoss 0.9674
[Tracker Process 0] Ep 1852 | Return 0.47 | Global 0.4713 | Local 0.1192 | F1_macro 0.7520 | WorstLoss 1.1031
[Tracker Process 0] Ep 1853 | Return 0.42 | Global 0.4182 | Local 0.1192 | F1_macro 0.7202 | WorstLoss 1.2138
[Tracker Process 0] Ep 1854 | Return 0.49 | Global 0.4895 | Local 0.1192 | F1_macro 0.7413 | WorstLoss 1.0652
[Tracker Process 0] Ep 1855 | Return 0.46 | Global 0.4646 | Local 0.1192 | F1_macro 0.7557 | WorstLoss 1.1171
[Tracker Process 0] Ep 1856 | Return 0.49 | Global 0.4888 | Local 0.1192 | F1_macro 0.7550 | WorstLoss 1.0666
[Tracker Process 0] Ep 1857 | Return 0.45 | Global 0.4514 | Local 0.1192 | F1_macro 0.7885 | WorstLoss 1.1447
[Tracker Process 0] Ep 1858 | Return 0.41 | Global 0.4107 | Local 0.1192 | F1_macro 0.7806 | WorstLoss 1.2295
[Tracker Process 0] Ep 1859 | Return 0.46 | Global 0.4642 | Local 0.1192 | F1_macro 0.7250 | WorstLoss 1.1180
[Tracker Process 0] Ep 1860 | Return 0.52 | Global 0.5195 | Local 0.1192 | F1_macro 0.7656 | WorstLoss 1.0026
[Tracker Process 0] Ep 1861 | Return 0.42 | Global 0.4245 | Local 0.1192 | F1_macro 0.7441 | WorstLoss 1.2007
[Tracker Process 0] Ep 1862 | Return 0.52 | Global 0.5164 | Local 0.1192 | F1_macro 0.7404 | WorstLoss 1.0090
[Tracker Process 0] Ep 1863 | Return 0.53 | Global 0.5315 | Local 0.1192 | F1_macro 0.7436 | WorstLoss 0.9775
[Tracker Process 0] Ep 1864 | Return 0.41 | Global 0.4090 | Local 0.1192 | F1_macro 0.7716 | WorstLoss 1.2332
[Tracker Process 0] Ep 1865 | Return 0.51 | Global 0.5145 | Local 0.1192 | F1_macro 0.7423 | WorstLoss 1.0130
[Tracker Process 0] Ep 1866 | Return 0.47 | Global 0.4699 | Local 0.1192 | F1_macro 0.7177 | WorstLoss 1.1060
[Tracker Process 0] Ep 1867 | Return 0.49 | Global 0.4851 | Local 0.1192 | F1_macro 0.7501 | WorstLoss 1.0743
[Tracker Process 0] Ep 1868 | Return 0.48 | Global 0.4769 | Local 0.1192 | F1_macro 0.7655 | WorstLoss 1.0915
[Tracker Process 0] Ep 1869 | Return 0.21 | Global 0.2108 | Local 0.1192 | F1_macro 0.6911 | WorstLoss 1.6467
[Tracker Process 0] Ep 1870 | Return 0.61 | Global 0.6110 | Local 0.1192 | F1_macro 0.7357 | WorstLoss 0.8116
[Tracker Process 0] Ep 1871 | Return 0.44 | Global 0.4431 | Local 0.1192 | F1_macro 0.7085 | WorstLoss 1.1620
[Tracker Process 0] Ep 1872 | Return 0.46 | Global 0.4609 | Local 0.1192 | F1_macro 0.7364 | WorstLoss 1.1248
[Tracker Process 0] Ep 1873 | Return 0.50 | Global 0.5036 | Local 0.1192 | F1_macro 0.7377 | WorstLoss 1.0357
[Tracker Process 0] Ep 1874 | Return 0.29 | Global 0.2912 | Local 0.1192 | F1_macro 0.7214 | WorstLoss 1.4789
[Tracker Process 0] Ep 1875 | Return 0.46 | Global 0.4570 | Local 0.1192 | F1_macro 0.7427 | WorstLoss 1.1330
[Tracker Process 0] Ep 1876 | Return 0.25 | Global 0.2477 | Local 0.1192 | F1_macro 0.7472 | WorstLoss 1.5696
[Tracker Process 0] Ep 1877 | Return 0.44 | Global 0.4417 | Local 0.1192 | F1_macro 0.7198 | WorstLoss 1.1650
[Tracker Process 0] Ep 1878 | Return 0.20 | Global 0.1982 | Local 0.1192 | F1_macro 0.7106 | WorstLoss 1.6730
[Tracker Process 0] Ep 1879 | Return 0.47 | Global 0.4651 | Local 0.1192 | F1_macro 0.7518 | WorstLoss 1.1161
[Tracker Process 0] Ep 1880 | Return 0.40 | Global 0.4032 | Local 0.1192 | F1_macro 0.7236 | WorstLoss 1.2453
[Tracker Process 0] Ep 1881 | Return 0.47 | Global 0.4669 | Local 0.1192 | F1_macro 0.7551 | WorstLoss 1.1123
[Tracker Process 0] Ep 1882 | Return 0.45 | Global 0.4540 | Local 0.1192 | F1_macro 0.7448 | WorstLoss 1.1392
[Tracker Process 0] Ep 1883 | Return 0.56 | Global 0.5569 | Local 0.1192 | F1_macro 0.7779 | WorstLoss 0.9246
[Tracker Process 0] Ep 1884 | Return 0.41 | Global 0.4084 | Local 0.1192 | F1_macro 0.7801 | WorstLoss 1.2343
[Tracker Process 0] Ep 1885 | Return 0.48 | Global 0.4847 | Local 0.1192 | F1_macro 0.7508 | WorstLoss 1.0751
[Tracker Process 0] Ep 1886 | Return 0.49 | Global 0.4923 | Local 0.1192 | F1_macro 0.7264 | WorstLoss 1.0592
[Tracker Process 0] Ep 1887 | Return 0.51 | Global 0.5075 | Local 0.1192 | F1_macro 0.7474 | WorstLoss 1.0276
[Tracker Process 0] Ep 1888 | Return 0.42 | Global 0.4236 | Local 0.1192 | F1_macro 0.7598 | WorstLoss 1.2026
[Tracker Process 0] Ep 1889 | Return 0.34 | Global 0.3404 | Local 0.1192 | F1_macro 0.6950 | WorstLoss 1.3763
[Tracker Process 0] Ep 1890 | Return 0.37 | Global 0.3707 | Local 0.1192 | F1_macro 0.6804 | WorstLoss 1.3130
[Tracker Process 0] Ep 1891 | Return 0.27 | Global 0.2738 | Local 0.1192 | F1_macro 0.7113 | WorstLoss 1.5153
[Tracker Process 0] Ep 1892 | Return 0.52 | Global 0.5221 | Local 0.1192 | F1_macro 0.7192 | WorstLoss 0.9972
[Tracker Process 0] Ep 1893 | Return 0.45 | Global 0.4494 | Local 0.1192 | F1_macro 0.7101 | WorstLoss 1.1488
[Tracker Process 0] Ep 1894 | Return 0.39 | Global 0.3895 | Local 0.1192 | F1_macro 0.7193 | WorstLoss 1.2739
[Tracker Process 0] Ep 1895 | Return 0.43 | Global 0.4288 | Local 0.1192 | F1_macro 0.6826 | WorstLoss 1.1919
[Tracker Process 0] Ep 1896 | Return 0.55 | Global 0.5486 | Local 0.1192 | F1_macro 0.7599 | WorstLoss 0.9418
[Tracker Process 0] Ep 1897 | Return 0.32 | Global 0.3182 | Local 0.1192 | F1_macro 0.6928 | WorstLoss 1.4226
[Tracker Process 0] Ep 1898 | Return 0.47 | Global 0.4676 | Local 0.1192 | F1_macro 0.7298 | WorstLoss 1.1109
[Tracker Process 0] Ep 1899 | Return 0.44 | Global 0.4380 | Local 0.1192 | F1_macro 0.7265 | WorstLoss 1.1727
[Tracker Process 0] Ep 1900 | Return 0.48 | Global 0.4809 | Local 0.1192 | F1_macro 0.7603 | WorstLoss 1.0831
[Tracker Process 0] Ep 1901 | Return 0.50 | Global 0.4982 | Local 0.1192 | F1_macro 0.7430 | WorstLoss 1.0470
[Tracker Process 0] Ep 1902 | Return 0.49 | Global 0.4883 | Local 0.1192 | F1_macro 0.7626 | WorstLoss 1.0677
[Tracker Process 0] Ep 1903 | Return 0.55 | Global 0.5474 | Local 0.1192 | F1_macro 0.7281 | WorstLoss 0.9444
[Tracker Process 0] Ep 1904 | Return 0.47 | Global 0.4670 | Local 0.1192 | F1_macro 0.7213 | WorstLoss 1.1122
[Tracker Process 0] Ep 1905 | Return 0.52 | Global 0.5181 | Local 0.1192 | F1_macro 0.7453 | WorstLoss 1.0055
[Tracker Process 0] Ep 1906 | Return 0.47 | Global 0.4726 | Local 0.1192 | F1_macro 0.7465 | WorstLoss 1.1005
[Tracker Process 0] Ep 1907 | Return 0.33 | Global 0.3342 | Local 0.1192 | F1_macro 0.7066 | WorstLoss 1.3893
[Tracker Process 0] Ep 1908 | Return 0.22 | Global 0.2189 | Local 0.1192 | F1_macro 0.6889 | WorstLoss 1.6299
[Tracker Process 0] Ep 1909 | Return 0.39 | Global 0.3877 | Local 0.1192 | F1_macro 0.6893 | WorstLoss 1.2775
[Tracker Process 0] Ep 1910 | Return 0.52 | Global 0.5228 | Local 0.1192 | F1_macro 0.7551 | WorstLoss 0.9957
[Tracker Process 0] Ep 1911 | Return 0.50 | Global 0.4954 | Local 0.1192 | F1_macro 0.7350 | WorstLoss 1.0528
[Tracker Process 0] Ep 1912 | Return 0.43 | Global 0.4319 | Local 0.1192 | F1_macro 0.7694 | WorstLoss 1.1853
[Tracker Process 0] Ep 1913 | Return 0.49 | Global 0.4889 | Local 0.1192 | F1_macro 0.7362 | WorstLoss 1.0664
[Tracker Process 0] Ep 1914 | Return 0.42 | Global 0.4239 | Local 0.1192 | F1_macro 0.7518 | WorstLoss 1.2020
[Tracker Process 0] Ep 1915 | Return 0.35 | Global 0.3478 | Local 0.1192 | F1_macro 0.6981 | WorstLoss 1.3609
[Tracker Process 0] Ep 1916 | Return 0.41 | Global 0.4142 | Local 0.1192 | F1_macro 0.7412 | WorstLoss 1.2223
[Tracker Process 0] Ep 1917 | Return 0.40 | Global 0.3984 | Local 0.1192 | F1_macro 0.7388 | WorstLoss 1.2553
[Tracker Process 0] Ep 1918 | Return 0.49 | Global 0.4927 | Local 0.1192 | F1_macro 0.7813 | WorstLoss 1.0584
[Tracker Process 0] Ep 1919 | Return 0.46 | Global 0.4614 | Local 0.1192 | F1_macro 0.7919 | WorstLoss 1.1237
[Tracker Process 0] Ep 1920 | Return 0.46 | Global 0.4553 | Local 0.1192 | F1_macro 0.7684 | WorstLoss 1.1366
[Tracker Process 0] Ep 1921 | Return 0.46 | Global 0.4573 | Local 0.1192 | F1_macro 0.7525 | WorstLoss 1.1323
[Tracker Process 0] Ep 1922 | Return 0.31 | Global 0.3055 | Local 0.1192 | F1_macro 0.6860 | WorstLoss 1.4490
[Tracker Process 0] Ep 1923 | Return 0.48 | Global 0.4776 | Local 0.1192 | F1_macro 0.7655 | WorstLoss 1.0899
[Tracker Process 0] Ep 1924 | Return 0.40 | Global 0.3970 | Local 0.1192 | F1_macro 0.7523 | WorstLoss 1.2582
[Tracker Process 0] Ep 1925 | Return 0.35 | Global 0.3509 | Local 0.1192 | F1_macro 0.7397 | WorstLoss 1.3544
[Tracker Process 0] Ep 1926 | Return 0.28 | Global 0.2816 | Local 0.1192 | F1_macro 0.7125 | WorstLoss 1.4989
[Tracker Process 0] Ep 1927 | Return 0.49 | Global 0.4866 | Local 0.1192 | F1_macro 0.7685 | WorstLoss 1.0711
[Tracker Process 0] Ep 1928 | Return 0.25 | Global 0.2502 | Local 0.1192 | F1_macro 0.7022 | WorstLoss 1.5645
[Tracker Process 0] Ep 1929 | Return 0.45 | Global 0.4454 | Local 0.1192 | F1_macro 0.7468 | WorstLoss 1.1572
[Tracker Process 0] Ep 1930 | Return 0.54 | Global 0.5376 | Local 0.1192 | F1_macro 0.7812 | WorstLoss 0.9649
[Tracker Process 0] Ep 1931 | Return 0.39 | Global 0.3904 | Local 0.1192 | F1_macro 0.7317 | WorstLoss 1.2719
[Tracker Process 0] Ep 1932 | Return 0.40 | Global 0.3963 | Local 0.1192 | F1_macro 0.7366 | WorstLoss 1.2597
[Tracker Process 0] Ep 1933 | Return 0.52 | Global 0.5171 | Local 0.1192 | F1_macro 0.7369 | WorstLoss 1.0075
[Tracker Process 0] Ep 1934 | Return 0.58 | Global 0.5799 | Local 0.1192 | F1_macro 0.7413 | WorstLoss 0.8765
[Tracker Process 0] Ep 1935 | Return 0.31 | Global 0.3059 | Local 0.1192 | F1_macro 0.7023 | WorstLoss 1.4483
[Tracker Process 0] Ep 1936 | Return 0.31 | Global 0.3106 | Local 0.1192 | F1_macro 0.7022 | WorstLoss 1.4384
[Tracker Process 0] Ep 1937 | Return 0.44 | Global 0.4369 | Local 0.1192 | F1_macro 0.7512 | WorstLoss 1.1750
[Tracker Process 0] Ep 1938 | Return 0.63 | Global 0.6304 | Local 0.1192 | F1_macro 0.7535 | WorstLoss 0.7712
[Tracker Process 0] Ep 1939 | Return 0.48 | Global 0.4779 | Local 0.1192 | F1_macro 0.7368 | WorstLoss 1.0895
[Tracker Process 0] Ep 1940 | Return 0.21 | Global 0.2063 | Local 0.1192 | F1_macro 0.6879 | WorstLoss 1.6561
[Tracker Process 0] Ep 1941 | Return 0.47 | Global 0.4684 | Local 0.1192 | F1_macro 0.7606 | WorstLoss 1.1093
[Tracker Process 0] Ep 1942 | Return 0.31 | Global 0.3142 | Local 0.1192 | F1_macro 0.7375 | WorstLoss 1.4309
[Tracker Process 0] Ep 1943 | Return 0.49 | Global 0.4929 | Local 0.1192 | F1_macro 0.7496 | WorstLoss 1.0580
[Tracker Process 0] Ep 1944 | Return 0.38 | Global 0.3771 | Local 0.1192 | F1_macro 0.7498 | WorstLoss 1.2996
[Tracker Process 0] Ep 1945 | Return 0.34 | Global 0.3389 | Local 0.1192 | F1_macro 0.7073 | WorstLoss 1.3794
[Tracker Process 0] Ep 1946 | Return 0.37 | Global 0.3710 | Local 0.1192 | F1_macro 0.7619 | WorstLoss 1.3124
[Tracker Process 0] Ep 1947 | Return 0.57 | Global 0.5731 | Local 0.1192 | F1_macro 0.7416 | WorstLoss 0.8907
[Tracker Process 0] Ep 1948 | Return 0.48 | Global 0.4833 | Local 0.1192 | F1_macro 0.7362 | WorstLoss 1.0782
[Tracker Process 0] Ep 1949 | Return 0.39 | Global 0.3855 | Local 0.1192 | F1_macro 0.7022 | WorstLoss 1.2823
[Tracker Process 0] Ep 1950 | Return 0.48 | Global 0.4836 | Local 0.1192 | F1_macro 0.7399 | WorstLoss 1.0775
[Tracker Process 0] Saved snapshot: ep1950_phase1_class1
[Tracker Process 0] Ep 1951 | Return 0.52 | Global 0.5180 | Local 0.1192 | F1_macro 0.7725 | WorstLoss 1.0056
[Tracker Process 0] Ep 1952 | Return 0.18 | Global 0.1786 | Local 0.1192 | F1_macro 0.6911 | WorstLoss 1.7138
[Tracker Process 0] Ep 1953 | Return 0.32 | Global 0.3173 | Local 0.1192 | F1_macro 0.7231 | WorstLoss 1.4244
[Tracker Process 0] Ep 1954 | Return 0.52 | Global 0.5155 | Local 0.1192 | F1_macro 0.7282 | WorstLoss 1.0108
[Tracker Process 0] Ep 1955 | Return 0.41 | Global 0.4133 | Local 0.1192 | F1_macro 0.7353 | WorstLoss 1.2241
[Tracker Process 0] Ep 1956 | Return 0.55 | Global 0.5540 | Local 0.1192 | F1_macro 0.7865 | WorstLoss 0.9306
[Tracker Process 0] Ep 1957 | Return 0.39 | Global 0.3919 | Local 0.1192 | F1_macro 0.7611 | WorstLoss 1.2687
[Tracker Process 0] Ep 1958 | Return 0.44 | Global 0.4359 | Local 0.1192 | F1_macro 0.7506 | WorstLoss 1.1770
[Tracker Process 0] Ep 1959 | Return 0.21 | Global 0.2069 | Local 0.1192 | F1_macro 0.7028 | WorstLoss 1.6549
[Tracker Process 0] Ep 1960 | Return 0.29 | Global 0.2888 | Local 0.1192 | F1_macro 0.6895 | WorstLoss 1.4840
[Tracker Process 0] Ep 1961 | Return 0.32 | Global 0.3245 | Local 0.1192 | F1_macro 0.7335 | WorstLoss 1.4095
[Tracker Process 0] Ep 1962 | Return 0.54 | Global 0.5370 | Local 0.1192 | F1_macro 0.7636 | WorstLoss 0.9661
[Tracker Process 0] Ep 1963 | Return 0.46 | Global 0.4575 | Local 0.1192 | F1_macro 0.7705 | WorstLoss 1.1320
[Tracker Process 0] Ep 1964 | Return 0.45 | Global 0.4529 | Local 0.1192 | F1_macro 0.7763 | WorstLoss 1.1415
[Tracker Process 0] Ep 1965 | Return 0.44 | Global 0.4396 | Local 0.1192 | F1_macro 0.7748 | WorstLoss 1.1694
[Tracker Process 0] Ep 1966 | Return 0.24 | Global 0.2369 | Local 0.1192 | F1_macro 0.6981 | WorstLoss 1.5922
[Tracker Process 0] Ep 1967 | Return 0.43 | Global 0.4262 | Local 0.1192 | F1_macro 0.7544 | WorstLoss 1.1973
[Tracker Process 0] Ep 1968 | Return 0.46 | Global 0.4585 | Local 0.1192 | F1_macro 0.7430 | WorstLoss 1.1298
[Tracker Process 0] Ep 1969 | Return 0.46 | Global 0.4560 | Local 0.1192 | F1_macro 0.7413 | WorstLoss 1.1351
[Tracker Process 0] Ep 1970 | Return 0.15 | Global 0.1455 | Local 0.1192 | F1_macro 0.7123 | WorstLoss 1.7829
[Tracker Process 0] Ep 1971 | Return 0.39 | Global 0.3923 | Local 0.1192 | F1_macro 0.7448 | WorstLoss 1.2680
[Tracker Process 0] Ep 1972 | Return 0.37 | Global 0.3699 | Local 0.1192 | F1_macro 0.7531 | WorstLoss 1.3148
[Tracker Process 0] Ep 1973 | Return 0.34 | Global 0.3382 | Local 0.1192 | F1_macro 0.7444 | WorstLoss 1.3809
[Tracker Process 0] Ep 1974 | Return 0.53 | Global 0.5291 | Local 0.1192 | F1_macro 0.7434 | WorstLoss 0.9825
[Tracker Process 0] Ep 1975 | Return 0.45 | Global 0.4512 | Local 0.1192 | F1_macro 0.7422 | WorstLoss 1.1450
[Tracker Process 0] Ep 1976 | Return 0.40 | Global 0.4035 | Local 0.1192 | F1_macro 0.7531 | WorstLoss 1.2445
[Tracker Process 0] Ep 1977 | Return 0.42 | Global 0.4217 | Local 0.1192 | F1_macro 0.7640 | WorstLoss 1.2067
[Tracker Process 0] Ep 1978 | Return 0.35 | Global 0.3535 | Local 0.1192 | F1_macro 0.7254 | WorstLoss 1.3490
[Tracker Process 0] Ep 1979 | Return 0.27 | Global 0.2747 | Local 0.1192 | F1_macro 0.7579 | WorstLoss 1.5134
[Tracker Process 0] Ep 1980 | Return 0.28 | Global 0.2845 | Local 0.1192 | F1_macro 0.6949 | WorstLoss 1.4929
[Tracker Process 0] Ep 1981 | Return 0.44 | Global 0.4393 | Local 0.1192 | F1_macro 0.7655 | WorstLoss 1.1700
[Tracker Process 0] Ep 1982 | Return 0.48 | Global 0.4799 | Local 0.1192 | F1_macro 0.7714 | WorstLoss 1.0852
[Tracker Process 0] Ep 1983 | Return 0.47 | Global 0.4706 | Local 0.1192 | F1_macro 0.7390 | WorstLoss 1.1046
[Tracker Process 0] Ep 1984 | Return 0.50 | Global 0.5002 | Local 0.1192 | F1_macro 0.7461 | WorstLoss 1.0429
[Tracker Process 0] Ep 1985 | Return 0.33 | Global 0.3283 | Local 0.1192 | F1_macro 0.7148 | WorstLoss 1.4015
[Tracker Process 0] Ep 1986 | Return 0.43 | Global 0.4327 | Local 0.1192 | F1_macro 0.8025 | WorstLoss 1.1836
[Tracker Process 0] Ep 1987 | Return 0.32 | Global 0.3204 | Local 0.1192 | F1_macro 0.7317 | WorstLoss 1.4181
[Tracker Process 0] Ep 1988 | Return 0.12 | Global 0.1238 | Local 0.1192 | F1_macro 0.7041 | WorstLoss 1.8282
[Tracker Process 0] Ep 1989 | Return 0.47 | Global 0.4673 | Local 0.1192 | F1_macro 0.7264 | WorstLoss 1.1114
[Tracker Process 0] Ep 1990 | Return 0.26 | Global 0.2573 | Local 0.1192 | F1_macro 0.7101 | WorstLoss 1.5497
[Tracker Process 0] Ep 1991 | Return 0.41 | Global 0.4139 | Local 0.1192 | F1_macro 0.7885 | WorstLoss 1.2229
[Tracker Process 0] Ep 1992 | Return 0.33 | Global 0.3330 | Local 0.1192 | F1_macro 0.7716 | WorstLoss 1.3917
[Tracker Process 0] Ep 1993 | Return 0.46 | Global 0.4588 | Local 0.1192 | F1_macro 0.7684 | WorstLoss 1.1292
[Tracker Process 0] Ep 1994 | Return 0.51 | Global 0.5057 | Local 0.1192 | F1_macro 0.7461 | WorstLoss 1.0315
[Tracker Process 0] Ep 1995 | Return 0.48 | Global 0.4831 | Local 0.1192 | F1_macro 0.7379 | WorstLoss 1.0785
[Tracker Process 0] Ep 1996 | Return 0.51 | Global 0.5148 | Local 0.1192 | F1_macro 0.7770 | WorstLoss 1.0125
[Tracker Process 0] Ep 1997 | Return 0.42 | Global 0.4183 | Local 0.1192 | F1_macro 0.7695 | WorstLoss 1.2136
[Tracker Process 0] Ep 1998 | Return 0.45 | Global 0.4453 | Local 0.1192 | F1_macro 0.7617 | WorstLoss 1.1573
[Tracker Process 0] Ep 1999 | Return 0.57 | Global 0.5726 | Local 0.1192 | F1_macro 0.7562 | WorstLoss 0.8918
[Tracker Process 0] Ep 2000 | Return 0.22 | Global 0.2230 | Local 0.1192 | F1_macro 0.7359 | WorstLoss 1.6213
[Tracker Process 0] Ep 2001 | Return 0.48 | Global 0.4800 | Local 0.1192 | F1_macro 0.7564 | WorstLoss 1.0851
[Tracker Process 0] Ep 2002 | Return 0.44 | Global 0.4364 | Local 0.1192 | F1_macro 0.7767 | WorstLoss 1.1759
[Tracker Process 0] Ep 2003 | Return 0.27 | Global 0.2668 | Local 0.1192 | F1_macro 0.7548 | WorstLoss 1.5298
[Tracker Process 0] Ep 2004 | Return 0.41 | Global 0.4087 | Local 0.1192 | F1_macro 0.7479 | WorstLoss 1.2338
[Tracker Process 0] Ep 2005 | Return 0.48 | Global 0.4846 | Local 0.1192 | F1_macro 0.7737 | WorstLoss 1.0754
[Tracker Process 0] Ep 2006 | Return 0.45 | Global 0.4455 | Local 0.1192 | F1_macro 0.7327 | WorstLoss 1.1570
[Tracker Process 0] Ep 2007 | Return 0.39 | Global 0.3887 | Local 0.1192 | F1_macro 0.7180 | WorstLoss 1.2755
[Tracker Process 0] Ep 2008 | Return 0.43 | Global 0.4307 | Local 0.1192 | F1_macro 0.7716 | WorstLoss 1.1878
[Tracker Process 0] Ep 2009 | Return 0.29 | Global 0.2950 | Local 0.1192 | F1_macro 0.7464 | WorstLoss 1.4710
[Tracker Process 0] Ep 2010 | Return 0.47 | Global 0.4685 | Local 0.1192 | F1_macro 0.7573 | WorstLoss 1.1090
[Tracker Process 0] Ep 2011 | Return 0.48 | Global 0.4784 | Local 0.1192 | F1_macro 0.7538 | WorstLoss 1.0884
[Tracker Process 0] Ep 2012 | Return 0.20 | Global 0.2044 | Local 0.1192 | F1_macro 0.7227 | WorstLoss 1.6600
[Tracker Process 0] Ep 2013 | Return 0.52 | Global 0.5220 | Local 0.1192 | F1_macro 0.7705 | WorstLoss 0.9973
[Tracker Process 0] Ep 2014 | Return 0.32 | Global 0.3249 | Local 0.1192 | F1_macro 0.7317 | WorstLoss 1.4086
[Tracker Process 0] Ep 2015 | Return 0.47 | Global 0.4687 | Local 0.1192 | F1_macro 0.7576 | WorstLoss 1.1085
[Tracker Process 0] Ep 2016 | Return 0.48 | Global 0.4758 | Local 0.1192 | F1_macro 0.7364 | WorstLoss 1.0938
[Tracker Process 0] Ep 2017 | Return 0.40 | Global 0.3955 | Local 0.1192 | F1_macro 0.7202 | WorstLoss 1.2612
[Tracker Process 0] Ep 2018 | Return 0.45 | Global 0.4493 | Local 0.1192 | F1_macro 0.7631 | WorstLoss 1.1491
[Tracker Process 0] Ep 2019 | Return 0.39 | Global 0.3885 | Local 0.1192 | F1_macro 0.7801 | WorstLoss 1.2760
[Tracker Process 0] Ep 2020 | Return 0.49 | Global 0.4901 | Local 0.1192 | F1_macro 0.7684 | WorstLoss 1.0639
[Tracker Process 0] Ep 2021 | Return 0.42 | Global 0.4186 | Local 0.1192 | F1_macro 0.7422 | WorstLoss 1.2132
[Tracker Process 0] Ep 2022 | Return 0.42 | Global 0.4203 | Local 0.1192 | F1_macro 0.7767 | WorstLoss 1.2096
[Tracker Process 0] Ep 2023 | Return 0.49 | Global 0.4899 | Local 0.1192 | F1_macro 0.7478 | WorstLoss 1.0644
[Tracker Process 0] Ep 2024 | Return 0.28 | Global 0.2833 | Local 0.1192 | F1_macro 0.7196 | WorstLoss 1.4955
[Tracker Process 0] Ep 2025 | Return 0.40 | Global 0.4021 | Local 0.1192 | F1_macro 0.7210 | WorstLoss 1.2476
[Tracker Process 0] Ep 2026 | Return 0.13 | Global 0.1258 | Local 0.1192 | F1_macro 0.6308 | WorstLoss 1.8239
[Tracker Process 0] Ep 2027 | Return 0.46 | Global 0.4576 | Local 0.1192 | F1_macro 0.7544 | WorstLoss 1.1318
[Tracker Process 0] Ep 2028 | Return 0.55 | Global 0.5472 | Local 0.1192 | F1_macro 0.7656 | WorstLoss 0.9448
[Tracker Process 0] Ep 2029 | Return 0.38 | Global 0.3795 | Local 0.1192 | F1_macro 0.7298 | WorstLoss 1.2946
[Tracker Process 0] Ep 2030 | Return 0.46 | Global 0.4552 | Local 0.1192 | F1_macro 0.7538 | WorstLoss 1.1368
[Tracker Process 0] Ep 2031 | Return 0.26 | Global 0.2638 | Local 0.1192 | F1_macro 0.7227 | WorstLoss 1.5362
[Tracker Process 0] Ep 2032 | Return 0.38 | Global 0.3812 | Local 0.1192 | F1_macro 0.7598 | WorstLoss 1.2912
[Tracker Process 0] Ep 2033 | Return 0.39 | Global 0.3926 | Local 0.1192 | F1_macro 0.7598 | WorstLoss 1.2674
[Tracker Process 0] Ep 2034 | Return 0.51 | Global 0.5128 | Local 0.1192 | F1_macro 0.7933 | WorstLoss 1.0166
[Tracker Process 0] Ep 2035 | Return 0.53 | Global 0.5286 | Local 0.1192 | F1_macro 0.7469 | WorstLoss 0.9836
[Tracker Process 0] Ep 2036 | Return 0.43 | Global 0.4349 | Local 0.1192 | F1_macro 0.7713 | WorstLoss 1.1790
[Tracker Process 0] Ep 2037 | Return 0.46 | Global 0.4640 | Local 0.1192 | F1_macro 0.7761 | WorstLoss 1.1184
[Tracker Process 0] Ep 2038 | Return 0.47 | Global 0.4694 | Local 0.1192 | F1_macro 0.7564 | WorstLoss 1.1072
[Tracker Process 0] Ep 2039 | Return 0.28 | Global 0.2789 | Local 0.1192 | F1_macro 0.6686 | WorstLoss 1.5046
[Tracker Process 0] Ep 2040 | Return 0.49 | Global 0.4925 | Local 0.1192 | F1_macro 0.8001 | WorstLoss 1.0589
[Tracker Process 0] Ep 2041 | Return 0.53 | Global 0.5316 | Local 0.1192 | F1_macro 0.7865 | WorstLoss 0.9774
[Tracker Process 0] Ep 2042 | Return 0.36 | Global 0.3602 | Local 0.1192 | F1_macro 0.7468 | WorstLoss 1.3349
[Tracker Process 0] Ep 2043 | Return 0.56 | Global 0.5573 | Local 0.1192 | F1_macro 0.7493 | WorstLoss 0.9236
[Tracker Process 0] Ep 2044 | Return 0.42 | Global 0.4173 | Local 0.1192 | F1_macro 0.7685 | WorstLoss 1.2159
[Tracker Process 0] Ep 2045 | Return 0.42 | Global 0.4166 | Local 0.1192 | F1_macro 0.7716 | WorstLoss 1.2172
[Tracker Process 0] Ep 2046 | Return 0.22 | Global 0.2214 | Local 0.1192 | F1_macro 0.7272 | WorstLoss 1.6246
[Tracker Process 0] Ep 2047 | Return 0.36 | Global 0.3572 | Local 0.1192 | F1_macro 0.7464 | WorstLoss 1.3412
[Tracker Process 0] Ep 2048 | Return 0.40 | Global 0.4029 | Local 0.1192 | F1_macro 0.7662 | WorstLoss 1.2459
[Tracker Process 0] Ep 2049 | Return 0.47 | Global 0.4734 | Local 0.1192 | F1_macro 0.7755 | WorstLoss 1.0987
[Tracker Process 0] Ep 2050 | Return 0.57 | Global 0.5683 | Local 0.1192 | F1_macro 0.7324 | WorstLoss 0.9007
[Tracker Process 0] Ep 2051 | Return 0.43 | Global 0.4340 | Local 0.1192 | F1_macro 0.7655 | WorstLoss 1.1810
[Tracker Process 0] Ep 2052 | Return 0.49 | Global 0.4868 | Local 0.1192 | F1_macro 0.7570 | WorstLoss 1.0709
[Tracker Process 0] Ep 2053 | Return 0.47 | Global 0.4664 | Local 0.1192 | F1_macro 0.7948 | WorstLoss 1.1133
[Tracker Process 0] Ep 2054 | Return 0.41 | Global 0.4086 | Local 0.1192 | F1_macro 0.7821 | WorstLoss 1.2340
[Tracker Process 0] Ep 2055 | Return 0.47 | Global 0.4717 | Local 0.1192 | F1_macro 0.7695 | WorstLoss 1.1023
[Tracker Process 0] Ep 2056 | Return 0.49 | Global 0.4852 | Local 0.1192 | F1_macro 0.7407 | WorstLoss 1.0742
[Tracker Process 0] Ep 2057 | Return 0.35 | Global 0.3538 | Local 0.1192 | F1_macro 0.7586 | WorstLoss 1.3483
[Tracker Process 0] Ep 2058 | Return 0.47 | Global 0.4663 | Local 0.1192 | F1_macro 0.7899 | WorstLoss 1.1137
[Tracker Process 0] Ep 2059 | Return 0.32 | Global 0.3176 | Local 0.1192 | F1_macro 0.7317 | WorstLoss 1.4239
[Tracker Process 0] Ep 2060 | Return 0.37 | Global 0.3660 | Local 0.1192 | F1_macro 0.7334 | WorstLoss 1.3227
[Tracker Process 0] Ep 2061 | Return 0.50 | Global 0.4982 | Local 0.1192 | F1_macro 0.7804 | WorstLoss 1.0470
[Tracker Process 0] Ep 2062 | Return 0.40 | Global 0.3986 | Local 0.1192 | F1_macro 0.7452 | WorstLoss 1.2548
[Tracker Process 0] Ep 2063 | Return 0.45 | Global 0.4508 | Local 0.1192 | F1_macro 0.7434 | WorstLoss 1.1459
[Tracker Process 0] Ep 2064 | Return 0.55 | Global 0.5537 | Local 0.1192 | F1_macro 0.7819 | WorstLoss 0.9311
[Tracker Process 0] Ep 2065 | Return 0.55 | Global 0.5515 | Local 0.1192 | F1_macro 0.7917 | WorstLoss 0.9359
[Tracker Process 0] Ep 2066 | Return 0.51 | Global 0.5119 | Local 0.1192 | F1_macro 0.7591 | WorstLoss 1.0185
[Tracker Process 0] Ep 2067 | Return 0.51 | Global 0.5116 | Local 0.1192 | F1_macro 0.7725 | WorstLoss 1.0191
[Tracker Process 0] Ep 2068 | Return 0.44 | Global 0.4372 | Local 0.1192 | F1_macro 0.7705 | WorstLoss 1.1743
[Tracker Process 0] Ep 2069 | Return 0.39 | Global 0.3920 | Local 0.1192 | F1_macro 0.7422 | WorstLoss 1.2686
[Tracker Process 0] Ep 2070 | Return 0.56 | Global 0.5627 | Local 0.1192 | F1_macro 0.8017 | WorstLoss 0.9123
[Tracker Process 0] Ep 2071 | Return 0.60 | Global 0.5967 | Local 0.1192 | F1_macro 0.7838 | WorstLoss 0.8415
[Tracker Process 0] Ep 2072 | Return 0.40 | Global 0.3951 | Local 0.1192 | F1_macro 0.7609 | WorstLoss 1.2622
[Tracker Process 0] Ep 2073 | Return 0.46 | Global 0.4635 | Local 0.1192 | F1_macro 0.7927 | WorstLoss 1.1193
[Tracker Process 0] Ep 2074 | Return 0.45 | Global 0.4452 | Local 0.1192 | F1_macro 0.8176 | WorstLoss 1.1575
[Tracker Process 0] Ep 2075 | Return 0.33 | Global 0.3317 | Local 0.1192 | F1_macro 0.7493 | WorstLoss 1.3944
[Tracker Process 0] Ep 2076 | Return 0.53 | Global 0.5314 | Local 0.1192 | F1_macro 0.7372 | WorstLoss 0.9778
[Tracker Process 0] Ep 2077 | Return 0.30 | Global 0.2985 | Local 0.1192 | F1_macro 0.7633 | WorstLoss 1.4637
[Tracker Process 0] Ep 2078 | Return 0.55 | Global 0.5541 | Local 0.1192 | F1_macro 0.7965 | WorstLoss 0.9304
[Tracker Process 0] Ep 2079 | Return 0.35 | Global 0.3509 | Local 0.1192 | F1_macro 0.7919 | WorstLoss 1.3545
[Tracker Process 0] Ep 2080 | Return 0.30 | Global 0.3002 | Local 0.1192 | F1_macro 0.7555 | WorstLoss 1.4602
[Tracker Process 0] Ep 2081 | Return 0.35 | Global 0.3473 | Local 0.1192 | F1_macro 0.7777 | WorstLoss 1.3618
[Tracker Process 0] Ep 2082 | Return 0.43 | Global 0.4341 | Local 0.1192 | F1_macro 0.7518 | WorstLoss 1.1809
[Tracker Process 0] Ep 2083 | Return 0.50 | Global 0.4953 | Local 0.1192 | F1_macro 0.7991 | WorstLoss 1.0531
[Tracker Process 0] Ep 2084 | Return 0.51 | Global 0.5096 | Local 0.1192 | F1_macro 0.7591 | WorstLoss 1.0233
[Tracker Process 0] Ep 2085 | Return 0.43 | Global 0.4350 | Local 0.1192 | F1_macro 0.7448 | WorstLoss 1.1789
[Tracker Process 0] Ep 2086 | Return 0.22 | Global 0.2216 | Local 0.1192 | F1_macro 0.7101 | WorstLoss 1.6241
[Tracker Process 0] Ep 2087 | Return 0.47 | Global 0.4655 | Local 0.1192 | F1_macro 0.7460 | WorstLoss 1.1153
[Tracker Process 0] Ep 2088 | Return 0.36 | Global 0.3612 | Local 0.1192 | F1_macro 0.7705 | WorstLoss 1.3329
[Tracker Process 0] Ep 2089 | Return 0.41 | Global 0.4074 | Local 0.1192 | F1_macro 0.7861 | WorstLoss 1.2364
[Tracker Process 0] Ep 2090 | Return 0.33 | Global 0.3286 | Local 0.1192 | F1_macro 0.7571 | WorstLoss 1.4008
[Tracker Process 0] Ep 2091 | Return 0.56 | Global 0.5559 | Local 0.1192 | F1_macro 0.7912 | WorstLoss 0.9267
[Tracker Process 0] Ep 2092 | Return 0.37 | Global 0.3735 | Local 0.1192 | F1_macro 0.7570 | WorstLoss 1.3071
[Tracker Process 0] Ep 2093 | Return 0.50 | Global 0.4972 | Local 0.1192 | F1_macro 0.7758 | WorstLoss 1.0490
[Tracker Process 0] Ep 2094 | Return 0.57 | Global 0.5721 | Local 0.1192 | F1_macro 0.7961 | WorstLoss 0.8929
[Tracker Process 0] Ep 2095 | Return 0.32 | Global 0.3206 | Local 0.1192 | F1_macro 0.7619 | WorstLoss 1.4176
[Tracker Process 0] Ep 2096 | Return 0.46 | Global 0.4558 | Local 0.1192 | F1_macro 0.7846 | WorstLoss 1.1355
[Tracker Process 0] Ep 2097 | Return 0.35 | Global 0.3512 | Local 0.1192 | F1_macro 0.7555 | WorstLoss 1.3538
[Tracker Process 0] Ep 2098 | Return 0.41 | Global 0.4101 | Local 0.1192 | F1_macro 0.7892 | WorstLoss 1.2309
[Tracker Process 0] Ep 2099 | Return 0.53 | Global 0.5273 | Local 0.1192 | F1_macro 0.7525 | WorstLoss 0.9862
[Tracker Process 0] Ep 2100 | Return 0.33 | Global 0.3302 | Local 0.1192 | F1_macro 0.7615 | WorstLoss 1.3976
[Tracker Process 0] Saved snapshot: ep2100_phase1_class1
[Tracker Process 0] Ep 2101 | Return 0.49 | Global 0.4945 | Local 0.1192 | F1_macro 0.8099 | WorstLoss 1.0548
[Tracker Process 0] Ep 2102 | Return 0.33 | Global 0.3266 | Local 0.1192 | F1_macro 0.7526 | WorstLoss 1.4051
[Tracker Process 0] Ep 2103 | Return 0.47 | Global 0.4660 | Local 0.1192 | F1_macro 0.7578 | WorstLoss 1.1141
[Tracker Process 0] Ep 2104 | Return 0.48 | Global 0.4764 | Local 0.1192 | F1_macro 0.7713 | WorstLoss 1.0925
[Tracker Process 0] Ep 2105 | Return 0.47 | Global 0.4702 | Local 0.1192 | F1_macro 0.7652 | WorstLoss 1.1055
[Tracker Process 0] Ep 2106 | Return 0.40 | Global 0.3966 | Local 0.1192 | F1_macro 0.7983 | WorstLoss 1.2591
[Tracker Process 0] Ep 2107 | Return 0.21 | Global 0.2114 | Local 0.1192 | F1_macro 0.7571 | WorstLoss 1.6454
[Tracker Process 0] Ep 2108 | Return 0.51 | Global 0.5124 | Local 0.1192 | F1_macro 0.7796 | WorstLoss 1.0173
[Tracker Process 0] Ep 2109 | Return 0.47 | Global 0.4725 | Local 0.1192 | F1_macro 0.7695 | WorstLoss 1.1006
[Tracker Process 0] Ep 2110 | Return 0.43 | Global 0.4294 | Local 0.1192 | F1_macro 0.7727 | WorstLoss 1.1906
[Tracker Process 0] Ep 2111 | Return 0.36 | Global 0.3623 | Local 0.1192 | F1_macro 0.7774 | WorstLoss 1.3306
[Tracker Process 0] Ep 2112 | Return 0.50 | Global 0.5008 | Local 0.1192 | F1_macro 0.7784 | WorstLoss 1.0416
[Tracker Process 0] Ep 2113 | Return 0.53 | Global 0.5269 | Local 0.1192 | F1_macro 0.7629 | WorstLoss 0.9872
[Tracker Process 0] Ep 2114 | Return 0.47 | Global 0.4726 | Local 0.1192 | F1_macro 0.7915 | WorstLoss 1.1003
[Tracker Process 0] Ep 2115 | Return 0.31 | Global 0.3104 | Local 0.1192 | F1_macro 0.7672 | WorstLoss 1.4389
[Tracker Process 0] Ep 2116 | Return 0.51 | Global 0.5092 | Local 0.1192 | F1_macro 0.7493 | WorstLoss 1.0241
[Tracker Process 0] Ep 2117 | Return 0.36 | Global 0.3581 | Local 0.1192 | F1_macro 0.7751 | WorstLoss 1.3394
[Tracker Process 0] Ep 2118 | Return 0.50 | Global 0.5009 | Local 0.1192 | F1_macro 0.7845 | WorstLoss 1.0414
[Tracker Process 0] Ep 2119 | Return 0.28 | Global 0.2752 | Local 0.1192 | F1_macro 0.7472 | WorstLoss 1.5124
[Tracker Process 0] Ep 2120 | Return 0.42 | Global 0.4178 | Local 0.1192 | F1_macro 0.8129 | WorstLoss 1.2148
[Tracker Process 0] Ep 2121 | Return 0.42 | Global 0.4190 | Local 0.1192 | F1_macro 0.7915 | WorstLoss 1.2123
[Tracker Process 0] Ep 2122 | Return 0.36 | Global 0.3650 | Local 0.1192 | F1_macro 0.7564 | WorstLoss 1.3250
[Tracker Process 0] Ep 2123 | Return 0.50 | Global 0.5029 | Local 0.1192 | F1_macro 0.8147 | WorstLoss 1.0373
[Tracker Process 0] Ep 2124 | Return 0.36 | Global 0.3599 | Local 0.1192 | F1_macro 0.7579 | WorstLoss 1.3356
[Tracker Process 0] Ep 2125 | Return 0.42 | Global 0.4220 | Local 0.1192 | F1_macro 0.7477 | WorstLoss 1.2060
[Tracker Process 0] Ep 2126 | Return 0.50 | Global 0.5039 | Local 0.1192 | F1_macro 0.7606 | WorstLoss 1.0352
[Tracker Process 0] Ep 2127 | Return 0.29 | Global 0.2864 | Local 0.1192 | F1_macro 0.7460 | WorstLoss 1.4890
[Tracker Process 0] Ep 2128 | Return 0.45 | Global 0.4547 | Local 0.1192 | F1_macro 0.7432 | WorstLoss 1.1378
[Tracker Process 0] Ep 2129 | Return 0.30 | Global 0.3030 | Local 0.1192 | F1_macro 0.7486 | WorstLoss 1.4542
[Tracker Process 0] Ep 2130 | Return 0.48 | Global 0.4775 | Local 0.1192 | F1_macro 0.7983 | WorstLoss 1.0903
[Tracker Process 0] Ep 2131 | Return 0.53 | Global 0.5279 | Local 0.1192 | F1_macro 0.7716 | WorstLoss 0.9849
[Tracker Process 0] Ep 2132 | Return 0.39 | Global 0.3895 | Local 0.1192 | F1_macro 0.7770 | WorstLoss 1.2737
[Tracker Process 0] Ep 2133 | Return 0.38 | Global 0.3834 | Local 0.1192 | F1_macro 0.7388 | WorstLoss 1.2865
[Tracker Process 0] Ep 2134 | Return 0.38 | Global 0.3793 | Local 0.1192 | F1_macro 0.7670 | WorstLoss 1.2951
[Tracker Process 0] Ep 2135 | Return 0.44 | Global 0.4449 | Local 0.1192 | F1_macro 0.7655 | WorstLoss 1.1583
[Tracker Process 0] Ep 2136 | Return 0.33 | Global 0.3288 | Local 0.1192 | F1_macro 0.7717 | WorstLoss 1.4004
[Tracker Process 0] Ep 2137 | Return 0.54 | Global 0.5394 | Local 0.1192 | F1_macro 0.7684 | WorstLoss 0.9610
[Tracker Process 0] Ep 2138 | Return 0.34 | Global 0.3440 | Local 0.1192 | F1_macro 0.7619 | WorstLoss 1.3688
[Tracker Process 0] Ep 2139 | Return 0.51 | Global 0.5066 | Local 0.1192 | F1_macro 0.8029 | WorstLoss 1.0295
[Tracker Process 0] Ep 2140 | Return 0.45 | Global 0.4491 | Local 0.1192 | F1_macro 0.7614 | WorstLoss 1.1494
[Tracker Process 0] Ep 2141 | Return 0.43 | Global 0.4252 | Local 0.1192 | F1_macro 0.7737 | WorstLoss 1.1993
[Tracker Process 0] Ep 2142 | Return 0.38 | Global 0.3794 | Local 0.1192 | F1_macro 0.7603 | WorstLoss 1.2948
[Tracker Process 0] Ep 2143 | Return 0.42 | Global 0.4164 | Local 0.1192 | F1_macro 0.8003 | WorstLoss 1.2176
[Tracker Process 0] Ep 2144 | Return 0.25 | Global 0.2527 | Local 0.1192 | F1_macro 0.7256 | WorstLoss 1.5593
[Tracker Process 0] Ep 2145 | Return 0.38 | Global 0.3768 | Local 0.1192 | F1_macro 0.7886 | WorstLoss 1.3004
[Tracker Process 0] Ep 2146 | Return 0.27 | Global 0.2698 | Local 0.1192 | F1_macro 0.7595 | WorstLoss 1.5235
[Tracker Process 0] Ep 2147 | Return 0.39 | Global 0.3852 | Local 0.1192 | F1_macro 0.7869 | WorstLoss 1.2828
[Tracker Process 0] Ep 2148 | Return 0.29 | Global 0.2876 | Local 0.1192 | F1_macro 0.7183 | WorstLoss 1.4864
[Tracker Process 0] Ep 2149 | Return 0.45 | Global 0.4527 | Local 0.1192 | F1_macro 0.7645 | WorstLoss 1.1420
[Tracker Process 0] Ep 2150 | Return 0.40 | Global 0.3969 | Local 0.1192 | F1_macro 0.7945 | WorstLoss 1.2585
[Tracker Process 0] Ep 2151 | Return 0.42 | Global 0.4211 | Local 0.1192 | F1_macro 0.7603 | WorstLoss 1.2078
[Tracker Process 0] Ep 2152 | Return 0.45 | Global 0.4475 | Local 0.1192 | F1_macro 0.7727 | WorstLoss 1.1528
[Tracker Process 0] Ep 2153 | Return 0.40 | Global 0.4022 | Local 0.1192 | F1_macro 0.7927 | WorstLoss 1.2473
[Tracker Process 0] Ep 2154 | Return 0.24 | Global 0.2448 | Local 0.1192 | F1_macro 0.7680 | WorstLoss 1.5757
[Tracker Process 0] Ep 2155 | Return 0.47 | Global 0.4740 | Local 0.1192 | F1_macro 0.7974 | WorstLoss 1.0975
[Tracker Process 0] Ep 2156 | Return 0.52 | Global 0.5194 | Local 0.1192 | F1_macro 0.7839 | WorstLoss 1.0027
[Tracker Process 0] Ep 2157 | Return 0.51 | Global 0.5067 | Local 0.1192 | F1_macro 0.7797 | WorstLoss 1.0293
[Tracker Process 0] Ep 2158 | Return 0.46 | Global 0.4609 | Local 0.1192 | F1_macro 0.7643 | WorstLoss 1.1249
[Tracker Process 0] Ep 2159 | Return 0.41 | Global 0.4057 | Local 0.1192 | F1_macro 0.7755 | WorstLoss 1.2401
[Tracker Process 0] Ep 2160 | Return 0.43 | Global 0.4295 | Local 0.1192 | F1_macro 0.7474 | WorstLoss 1.1903
[Tracker Process 0] Ep 2161 | Return 0.49 | Global 0.4882 | Local 0.1192 | F1_macro 0.7956 | WorstLoss 1.0679
[Tracker Process 0] Ep 2162 | Return 0.46 | Global 0.4560 | Local 0.1192 | F1_macro 0.8017 | WorstLoss 1.1351
[Tracker Process 0] Ep 2163 | Return 0.55 | Global 0.5516 | Local 0.1192 | F1_macro 0.7717 | WorstLoss 0.9356
[Tracker Process 0] Ep 2164 | Return 0.26 | Global 0.2564 | Local 0.1192 | F1_macro 0.7210 | WorstLoss 1.5516
[Tracker Process 0] Ep 2165 | Return 0.30 | Global 0.3039 | Local 0.1192 | F1_macro 0.7656 | WorstLoss 1.4524
[Tracker Process 0] Ep 2166 | Return 0.46 | Global 0.4598 | Local 0.1192 | F1_macro 0.7901 | WorstLoss 1.1270
[Tracker Process 0] Ep 2167 | Return 0.45 | Global 0.4463 | Local 0.1192 | F1_macro 0.7956 | WorstLoss 1.1554
[Tracker Process 0] Ep 2168 | Return 0.49 | Global 0.4864 | Local 0.1192 | F1_macro 0.7950 | WorstLoss 1.0717
[Tracker Process 0] Ep 2169 | Return 0.40 | Global 0.3986 | Local 0.1192 | F1_macro 0.7571 | WorstLoss 1.2549
[Tracker Process 0] Ep 2170 | Return 0.47 | Global 0.4723 | Local 0.1192 | F1_macro 0.7897 | WorstLoss 1.1011
[Tracker Process 0] Ep 2171 | Return 0.52 | Global 0.5161 | Local 0.1192 | F1_macro 0.7525 | WorstLoss 1.0096
[Tracker Process 0] Ep 2172 | Return 0.31 | Global 0.3085 | Local 0.1192 | F1_macro 0.7456 | WorstLoss 1.4428
[Tracker Process 0] Ep 2173 | Return 0.46 | Global 0.4649 | Local 0.1192 | F1_macro 0.7788 | WorstLoss 1.1164
[Tracker Process 0] Ep 2174 | Return 0.32 | Global 0.3189 | Local 0.1192 | F1_macro 0.7353 | WorstLoss 1.4211
[Tracker Process 0] Ep 2175 | Return 0.46 | Global 0.4650 | Local 0.1192 | F1_macro 0.7810 | WorstLoss 1.1163
[Tracker Process 0] Ep 2176 | Return 0.55 | Global 0.5474 | Local 0.1192 | F1_macro 0.7895 | WorstLoss 0.9443
[Tracker Process 0] Ep 2177 | Return 0.50 | Global 0.5025 | Local 0.1192 | F1_macro 0.8070 | WorstLoss 1.0381
[Tracker Process 0] Ep 2178 | Return 0.46 | Global 0.4633 | Local 0.1192 | F1_macro 0.7859 | WorstLoss 1.1198
[Tracker Process 0] Ep 2179 | Return 0.51 | Global 0.5078 | Local 0.1192 | F1_macro 0.7695 | WorstLoss 1.0269
[Tracker Process 0] Ep 2180 | Return 0.56 | Global 0.5630 | Local 0.1192 | F1_macro 0.7997 | WorstLoss 0.9118
[Tracker Process 0] Ep 2181 | Return 0.47 | Global 0.4681 | Local 0.1192 | F1_macro 0.7727 | WorstLoss 1.1098
[Tracker Process 0] Ep 2182 | Return 0.43 | Global 0.4304 | Local 0.1192 | F1_macro 0.7488 | WorstLoss 1.1885
[Tracker Process 0] Ep 2183 | Return 0.32 | Global 0.3161 | Local 0.1192 | F1_macro 0.7432 | WorstLoss 1.4270
[Tracker Process 0] Ep 2184 | Return 0.45 | Global 0.4469 | Local 0.1192 | F1_macro 0.7876 | WorstLoss 1.1540
[Tracker Process 0] Ep 2185 | Return 0.46 | Global 0.4569 | Local 0.1192 | F1_macro 0.8250 | WorstLoss 1.1332
[Tracker Process 0] Ep 2186 | Return 0.42 | Global 0.4228 | Local 0.1192 | F1_macro 0.7831 | WorstLoss 1.2044
[Tracker Process 0] Ep 2187 | Return 0.45 | Global 0.4511 | Local 0.1192 | F1_macro 0.7734 | WorstLoss 1.1453
[Tracker Process 0] Ep 2188 | Return 0.48 | Global 0.4775 | Local 0.1192 | F1_macro 0.7705 | WorstLoss 1.0902
[Tracker Process 0] Ep 2189 | Return 0.45 | Global 0.4529 | Local 0.1192 | F1_macro 0.7939 | WorstLoss 1.1416
[Tracker Process 0] Ep 2190 | Return 0.48 | Global 0.4769 | Local 0.1192 | F1_macro 0.7775 | WorstLoss 1.0915
[Tracker Process 0] Ep 2191 | Return 0.30 | Global 0.3047 | Local 0.1192 | F1_macro 0.7295 | WorstLoss 1.4507
[Tracker Process 0] Ep 2192 | Return 0.33 | Global 0.3348 | Local 0.1192 | F1_macro 0.7551 | WorstLoss 1.3880
[Tracker Process 0] Ep 2193 | Return 0.41 | Global 0.4130 | Local 0.1192 | F1_macro 0.8172 | WorstLoss 1.2248
[Tracker Process 0] Ep 2194 | Return 0.46 | Global 0.4588 | Local 0.1192 | F1_macro 0.7846 | WorstLoss 1.1292
[Tracker Process 0] Ep 2195 | Return 0.45 | Global 0.4550 | Local 0.1192 | F1_macro 0.7755 | WorstLoss 1.1372
[Tracker Process 0] Ep 2196 | Return 0.49 | Global 0.4922 | Local 0.1192 | F1_macro 0.7853 | WorstLoss 1.0596
[Tracker Process 0] Ep 2197 | Return 0.19 | Global 0.1885 | Local 0.1192 | F1_macro 0.7358 | WorstLoss 1.6931
[Tracker Process 0] Ep 2198 | Return 0.37 | Global 0.3727 | Local 0.1192 | F1_macro 0.7670 | WorstLoss 1.3089
[Tracker Process 0] Ep 2199 | Return 0.35 | Global 0.3515 | Local 0.1192 | F1_macro 0.7926 | WorstLoss 1.3531
[Tracker Process 0] Ep 2200 | Return 0.53 | Global 0.5302 | Local 0.1192 | F1_macro 0.7939 | WorstLoss 0.9802
[Tracker Process 0] Ep 2201 | Return 0.38 | Global 0.3760 | Local 0.1192 | F1_macro 0.7706 | WorstLoss 1.3020
[Tracker Process 0] Ep 2202 | Return 0.30 | Global 0.2965 | Local 0.1192 | F1_macro 0.7777 | WorstLoss 1.4680
[Tracker Process 0] Ep 2203 | Return 0.39 | Global 0.3879 | Local 0.1192 | F1_macro 0.7397 | WorstLoss 1.2772
[Tracker Process 0] Ep 2204 | Return 0.39 | Global 0.3887 | Local 0.1192 | F1_macro 0.7957 | WorstLoss 1.2754
[Tracker Process 0] Ep 2205 | Return 0.09 | Global 0.0879 | Local 0.1192 | F1_macro 0.7383 | WorstLoss 1.9030
[Tracker Process 0] Ep 2206 | Return 0.37 | Global 0.3678 | Local 0.1192 | F1_macro 0.7758 | WorstLoss 1.3190
[Tracker Process 0] Ep 2207 | Return 0.42 | Global 0.4216 | Local 0.1192 | F1_macro 0.7774 | WorstLoss 1.2069
[Tracker Process 0] Ep 2208 | Return 0.45 | Global 0.4464 | Local 0.1192 | F1_macro 0.7861 | WorstLoss 1.1552
[Tracker Process 0] Ep 2209 | Return 0.42 | Global 0.4218 | Local 0.1192 | F1_macro 0.7531 | WorstLoss 1.2065
[Tracker Process 0] Ep 2210 | Return 0.48 | Global 0.4800 | Local 0.1192 | F1_macro 0.7564 | WorstLoss 1.0851
[Tracker Process 0] Ep 2211 | Return 0.25 | Global 0.2472 | Local 0.1192 | F1_macro 0.7468 | WorstLoss 1.5707
[Tracker Process 0] Ep 2212 | Return 0.49 | Global 0.4910 | Local 0.1192 | F1_macro 0.8045 | WorstLoss 1.0621
[Tracker Process 0] Ep 2213 | Return 0.44 | Global 0.4351 | Local 0.1192 | F1_macro 0.7885 | WorstLoss 1.1787
[Tracker Process 0] Ep 2214 | Return 0.49 | Global 0.4852 | Local 0.1192 | F1_macro 0.8073 | WorstLoss 1.0741
[Tracker Process 0] Ep 2215 | Return 0.47 | Global 0.4662 | Local 0.1192 | F1_macro 0.7968 | WorstLoss 1.1138
[Tracker Process 0] Ep 2216 | Return 0.42 | Global 0.4195 | Local 0.1192 | F1_macro 0.7874 | WorstLoss 1.2111
[Tracker Process 0] Ep 2217 | Return 0.45 | Global 0.4461 | Local 0.1192 | F1_macro 0.7977 | WorstLoss 1.1558
[Tracker Process 0] Ep 2218 | Return 0.49 | Global 0.4875 | Local 0.1192 | F1_macro 0.7737 | WorstLoss 1.0692
[Tracker Process 0] Ep 2219 | Return 0.23 | Global 0.2350 | Local 0.1192 | F1_macro 0.7595 | WorstLoss 1.5963
[Tracker Process 0] Ep 2220 | Return 0.54 | Global 0.5388 | Local 0.1192 | F1_macro 0.7460 | WorstLoss 0.9623
[Tracker Process 0] Ep 2221 | Return 0.50 | Global 0.5014 | Local 0.1192 | F1_macro 0.7961 | WorstLoss 1.0402
[Tracker Process 0] Ep 2222 | Return 0.49 | Global 0.4881 | Local 0.1192 | F1_macro 0.7646 | WorstLoss 1.0682
[Tracker Process 0] Ep 2223 | Return 0.46 | Global 0.4574 | Local 0.1192 | F1_macro 0.8029 | WorstLoss 1.1322
[Tracker Process 0] Ep 2224 | Return 0.47 | Global 0.4673 | Local 0.1192 | F1_macro 0.8150 | WorstLoss 1.1116
[Tracker Process 0] Ep 2225 | Return 0.47 | Global 0.4676 | Local 0.1192 | F1_macro 0.7945 | WorstLoss 1.1109
[Tracker Process 0] Ep 2226 | Return 0.42 | Global 0.4179 | Local 0.1192 | F1_macro 0.7695 | WorstLoss 1.2146
[Tracker Process 0] Ep 2227 | Return 0.41 | Global 0.4139 | Local 0.1192 | F1_macro 0.7853 | WorstLoss 1.2230
[Tracker Process 0] Ep 2228 | Return 0.45 | Global 0.4523 | Local 0.1192 | F1_macro 0.7631 | WorstLoss 1.1428
[Tracker Process 0] Ep 2229 | Return 0.50 | Global 0.4959 | Local 0.1192 | F1_macro 0.7911 | WorstLoss 1.0518
[Tracker Process 0] Ep 2230 | Return 0.35 | Global 0.3500 | Local 0.1192 | F1_macro 0.7728 | WorstLoss 1.3563
[Tracker Process 0] Ep 2231 | Return 0.43 | Global 0.4349 | Local 0.1192 | F1_macro 0.7673 | WorstLoss 1.1790
[Tracker Process 0] Ep 2232 | Return 0.39 | Global 0.3865 | Local 0.1192 | F1_macro 0.7815 | WorstLoss 1.2800
[Tracker Process 0] Ep 2233 | Return 0.48 | Global 0.4807 | Local 0.1192 | F1_macro 0.7737 | WorstLoss 1.0835
[Tracker Process 0] Ep 2234 | Return 0.53 | Global 0.5299 | Local 0.1192 | F1_macro 0.7861 | WorstLoss 0.9809
[Tracker Process 0] Ep 2235 | Return 0.48 | Global 0.4797 | Local 0.1192 | F1_macro 0.8012 | WorstLoss 1.0856
[Tracker Process 0] Ep 2236 | Return 0.37 | Global 0.3682 | Local 0.1192 | F1_macro 0.7167 | WorstLoss 1.3182
[Tracker Process 0] Ep 2237 | Return 0.41 | Global 0.4146 | Local 0.1192 | F1_macro 0.7933 | WorstLoss 1.2215
[Tracker Process 0] Ep 2238 | Return 0.50 | Global 0.5046 | Local 0.1192 | F1_macro 0.7830 | WorstLoss 1.0336
[Tracker Process 0] Ep 2239 | Return 0.28 | Global 0.2786 | Local 0.1192 | F1_macro 0.7958 | WorstLoss 1.5052
[Tracker Process 0] Ep 2240 | Return 0.37 | Global 0.3732 | Local 0.1192 | F1_macro 0.7845 | WorstLoss 1.3077
[Tracker Process 0] Ep 2241 | Return 0.34 | Global 0.3407 | Local 0.1192 | F1_macro 0.7902 | WorstLoss 1.3756
[Tracker Process 0] Ep 2242 | Return 0.53 | Global 0.5301 | Local 0.1192 | F1_macro 0.7953 | WorstLoss 0.9804
[Tracker Process 0] Ep 2243 | Return 0.53 | Global 0.5300 | Local 0.1192 | F1_macro 0.7685 | WorstLoss 0.9807
[Tracker Process 0] Ep 2244 | Return 0.43 | Global 0.4335 | Local 0.1192 | F1_macro 0.7694 | WorstLoss 1.1820
[Tracker Process 0] Ep 2245 | Return 0.43 | Global 0.4336 | Local 0.1192 | F1_macro 0.7963 | WorstLoss 1.1818
[Tracker Process 0] Ep 2246 | Return 0.39 | Global 0.3912 | Local 0.1192 | F1_macro 0.7939 | WorstLoss 1.2702
[Tracker Process 0] Ep 2247 | Return 0.44 | Global 0.4376 | Local 0.1192 | F1_macro 0.7983 | WorstLoss 1.1734
[Tracker Process 0] Ep 2248 | Return 0.47 | Global 0.4735 | Local 0.1192 | F1_macro 0.7825 | WorstLoss 1.0986
[Tracker Process 0] Ep 2249 | Return 0.29 | Global 0.2860 | Local 0.1192 | F1_macro 0.7472 | WorstLoss 1.4897
[Tracker Process 0] Ep 2250 | Return 0.47 | Global 0.4659 | Local 0.1192 | F1_macro 0.7734 | WorstLoss 1.1143
[Tracker Process 0] Saved snapshot: ep2250_phase1_class1
[Tracker Process 0] Ep 2251 | Return 0.44 | Global 0.4437 | Local 0.1192 | F1_macro 0.7656 | WorstLoss 1.1607
[Tracker Process 0] Ep 2252 | Return 0.52 | Global 0.5170 | Local 0.1192 | F1_macro 0.8039 | WorstLoss 1.0078
[Tracker Process 0] Ep 2253 | Return 0.43 | Global 0.4278 | Local 0.1192 | F1_macro 0.7956 | WorstLoss 1.1938
[Tracker Process 0] Ep 2254 | Return 0.47 | Global 0.4746 | Local 0.1192 | F1_macro 0.8010 | WorstLoss 1.0962
[Tracker Process 0] Ep 2255 | Return 0.47 | Global 0.4716 | Local 0.1192 | F1_macro 0.7991 | WorstLoss 1.1026
[Tracker Process 0] Ep 2256 | Return 0.54 | Global 0.5360 | Local 0.1192 | F1_macro 0.7817 | WorstLoss 0.9681
[Tracker Process 0] Ep 2257 | Return 0.40 | Global 0.4038 | Local 0.1192 | F1_macro 0.7846 | WorstLoss 1.2440
[Tracker Process 0] Ep 2258 | Return 0.53 | Global 0.5273 | Local 0.1192 | F1_macro 0.7815 | WorstLoss 0.9862
[Tracker Process 0] Ep 2259 | Return 0.42 | Global 0.4168 | Local 0.1192 | F1_macro 0.8013 | WorstLoss 1.2170
[Tracker Process 0] Ep 2260 | Return 0.45 | Global 0.4489 | Local 0.1192 | F1_macro 0.7576 | WorstLoss 1.1499
[Tracker Process 0] Ep 2261 | Return 0.47 | Global 0.4683 | Local 0.1192 | F1_macro 0.7846 | WorstLoss 1.1094
[Tracker Process 0] Ep 2262 | Return 0.31 | Global 0.3063 | Local 0.1192 | F1_macro 0.7618 | WorstLoss 1.4473
[Tracker Process 0] Ep 2263 | Return 0.35 | Global 0.3491 | Local 0.1192 | F1_macro 0.7909 | WorstLoss 1.3582
[Tracker Process 0] Ep 2264 | Return 0.44 | Global 0.4444 | Local 0.1192 | F1_macro 0.7945 | WorstLoss 1.1592
[Tracker Process 0] Ep 2265 | Return 0.49 | Global 0.4891 | Local 0.1192 | F1_macro 0.7784 | WorstLoss 1.0660
[Tracker Process 0] Ep 2266 | Return 0.48 | Global 0.4760 | Local 0.1192 | F1_macro 0.7654 | WorstLoss 1.0934
[Tracker Process 0] Ep 2267 | Return 0.46 | Global 0.4575 | Local 0.1192 | F1_macro 0.7761 | WorstLoss 1.1319
[Tracker Process 0] Ep 2268 | Return 0.32 | Global 0.3208 | Local 0.1192 | F1_macro 0.7448 | WorstLoss 1.4172
[Tracker Process 0] Ep 2269 | Return 0.45 | Global 0.4493 | Local 0.1192 | F1_macro 0.7974 | WorstLoss 1.1491
[Tracker Process 0] Ep 2270 | Return 0.46 | Global 0.4561 | Local 0.1192 | F1_macro 0.7743 | WorstLoss 1.1348
[Tracker Process 0] Ep 2271 | Return 0.38 | Global 0.3838 | Local 0.1192 | F1_macro 0.7815 | WorstLoss 1.2858
[Tracker Process 0] Ep 2272 | Return 0.51 | Global 0.5142 | Local 0.1192 | F1_macro 0.7685 | WorstLoss 1.0137
[Tracker Process 0] Ep 2273 | Return 0.40 | Global 0.4029 | Local 0.1192 | F1_macro 0.7810 | WorstLoss 1.2458
[Tracker Process 0] Ep 2274 | Return 0.51 | Global 0.5057 | Local 0.1192 | F1_macro 0.7573 | WorstLoss 1.0313
[Tracker Process 0] Ep 2275 | Return 0.41 | Global 0.4131 | Local 0.1192 | F1_macro 0.7501 | WorstLoss 1.2245
[Tracker Process 0] Ep 2276 | Return 0.45 | Global 0.4479 | Local 0.1192 | F1_macro 0.7478 | WorstLoss 1.1520
[Tracker Process 0] Ep 2277 | Return 0.47 | Global 0.4674 | Local 0.1192 | F1_macro 0.7779 | WorstLoss 1.1113
[Tracker Process 0] Ep 2278 | Return 0.48 | Global 0.4762 | Local 0.1192 | F1_macro 0.7665 | WorstLoss 1.0929
[Tracker Process 0] Ep 2279 | Return 0.49 | Global 0.4914 | Local 0.1192 | F1_macro 0.7758 | WorstLoss 1.0612
[Tracker Process 0] Ep 2280 | Return 0.45 | Global 0.4493 | Local 0.1192 | F1_macro 0.7922 | WorstLoss 1.1490
[Tracker Process 0] Ep 2281 | Return 0.47 | Global 0.4724 | Local 0.1192 | F1_macro 0.7440 | WorstLoss 1.1009
[Tracker Process 0] Ep 2282 | Return 0.37 | Global 0.3685 | Local 0.1192 | F1_macro 0.7783 | WorstLoss 1.3177
[Tracker Process 0] Ep 2283 | Return 0.39 | Global 0.3900 | Local 0.1192 | F1_macro 0.7853 | WorstLoss 1.2727
[Tracker Process 0] Ep 2284 | Return 0.34 | Global 0.3445 | Local 0.1192 | F1_macro 0.7922 | WorstLoss 1.3676
[Tracker Process 0] Ep 2285 | Return 0.41 | Global 0.4146 | Local 0.1192 | F1_macro 0.8151 | WorstLoss 1.2214
[Tracker Process 0] Ep 2286 | Return 0.40 | Global 0.3969 | Local 0.1192 | F1_macro 0.7899 | WorstLoss 1.2584
[Tracker Process 0] Ep 2287 | Return 0.51 | Global 0.5143 | Local 0.1192 | F1_macro 0.7799 | WorstLoss 1.0134
[Tracker Process 0] Ep 2288 | Return 0.48 | Global 0.4756 | Local 0.1192 | F1_macro 0.7815 | WorstLoss 1.0941
[Tracker Process 0] Ep 2289 | Return 0.44 | Global 0.4421 | Local 0.1192 | F1_macro 0.7684 | WorstLoss 1.1640
[Tracker Process 0] Ep 2290 | Return 0.43 | Global 0.4285 | Local 0.1192 | F1_macro 0.7674 | WorstLoss 1.1924
[Tracker Process 0] Ep 2291 | Return 0.47 | Global 0.4734 | Local 0.1192 | F1_macro 0.7788 | WorstLoss 1.0988
[Tracker Process 0] Ep 2292 | Return 0.35 | Global 0.3497 | Local 0.1192 | F1_macro 0.7571 | WorstLoss 1.3568
[Tracker Process 0] Ep 2293 | Return 0.40 | Global 0.3975 | Local 0.1192 | F1_macro 0.7945 | WorstLoss 1.2570
[Tracker Process 0] Ep 2294 | Return 0.48 | Global 0.4838 | Local 0.1192 | F1_macro 0.7865 | WorstLoss 1.0770
[Tracker Process 0] Ep 2295 | Return 0.54 | Global 0.5443 | Local 0.1192 | F1_macro 0.7555 | WorstLoss 0.9508
[Tracker Process 0] Ep 2296 | Return 0.50 | Global 0.4992 | Local 0.1192 | F1_macro 0.7932 | WorstLoss 1.0449
[Tracker Process 0] Ep 2297 | Return 0.48 | Global 0.4792 | Local 0.1192 | F1_macro 0.7817 | WorstLoss 1.0867
[Tracker Process 0] Ep 2298 | Return 0.42 | Global 0.4221 | Local 0.1192 | F1_macro 0.7520 | WorstLoss 1.2057
[Tracker Process 0] Ep 2299 | Return 0.42 | Global 0.4221 | Local 0.1192 | F1_macro 0.8095 | WorstLoss 1.2059
[Tracker Process 0] Ep 2300 | Return 0.38 | Global 0.3765 | Local 0.1192 | F1_macro 0.7623 | WorstLoss 1.3009
[Tracker Process 0] Ep 2301 | Return 0.49 | Global 0.4880 | Local 0.1192 | F1_macro 0.7978 | WorstLoss 1.0683
[Tracker Process 0] Ep 2302 | Return 0.32 | Global 0.3195 | Local 0.1192 | F1_macro 0.7557 | WorstLoss 1.4199
[Tracker Process 0] Ep 2303 | Return 0.40 | Global 0.3976 | Local 0.1192 | F1_macro 0.7802 | WorstLoss 1.2570
[Tracker Process 0] Ep 2304 | Return 0.46 | Global 0.4596 | Local 0.1192 | F1_macro 0.7770 | WorstLoss 1.1276
[Tracker Process 0] Ep 2305 | Return 0.49 | Global 0.4859 | Local 0.1192 | F1_macro 0.7901 | WorstLoss 1.0726
[Tracker Process 0] Ep 2306 | Return 0.49 | Global 0.4870 | Local 0.1192 | F1_macro 0.7774 | WorstLoss 1.0703
[Tracker Process 0] Ep 2307 | Return 0.49 | Global 0.4901 | Local 0.1192 | F1_macro 0.7611 | WorstLoss 1.0640
[Tracker Process 0] Ep 2308 | Return 0.53 | Global 0.5281 | Local 0.1192 | F1_macro 0.7576 | WorstLoss 0.9846
[Tracker Process 0] Ep 2309 | Return 0.42 | Global 0.4158 | Local 0.1192 | F1_macro 0.7619 | WorstLoss 1.2189
[Tracker Process 0] Ep 2310 | Return 0.51 | Global 0.5058 | Local 0.1192 | F1_macro 0.8008 | WorstLoss 1.0311
[Tracker Process 0] Ep 2311 | Return 0.36 | Global 0.3639 | Local 0.1192 | F1_macro 0.7673 | WorstLoss 1.3273
[Tracker Process 0] Ep 2312 | Return 0.36 | Global 0.3552 | Local 0.1192 | F1_macro 0.7729 | WorstLoss 1.3454
[Tracker Process 0] Ep 2313 | Return 0.48 | Global 0.4772 | Local 0.1192 | F1_macro 0.7787 | WorstLoss 1.0908
[Tracker Process 0] Ep 2314 | Return 0.53 | Global 0.5261 | Local 0.1192 | F1_macro 0.7861 | WorstLoss 0.9888
[Tracker Process 0] Ep 2315 | Return 0.42 | Global 0.4197 | Local 0.1192 | F1_macro 0.7727 | WorstLoss 1.2109
[Tracker Process 0] Ep 2316 | Return 0.39 | Global 0.3920 | Local 0.1192 | F1_macro 0.7761 | WorstLoss 1.2686
[Tracker Process 0] Ep 2317 | Return 0.46 | Global 0.4597 | Local 0.1192 | F1_macro 0.7746 | WorstLoss 1.1274
[Tracker Process 0] Ep 2318 | Return 0.32 | Global 0.3151 | Local 0.1192 | F1_macro 0.7659 | WorstLoss 1.4290
[Tracker Process 0] Ep 2319 | Return 0.43 | Global 0.4304 | Local 0.1192 | F1_macro 0.7694 | WorstLoss 1.1885
[Tracker Process 0] Ep 2320 | Return 0.31 | Global 0.3142 | Local 0.1192 | F1_macro 0.7380 | WorstLoss 1.4310
[Tracker Process 0] Ep 2321 | Return 0.48 | Global 0.4836 | Local 0.1192 | F1_macro 0.8010 | WorstLoss 1.0774
[Tracker Process 0] Ep 2322 | Return 0.40 | Global 0.4046 | Local 0.1192 | F1_macro 0.7523 | WorstLoss 1.2424
[Tracker Process 0] Ep 2323 | Return 0.50 | Global 0.4972 | Local 0.1192 | F1_macro 0.7704 | WorstLoss 1.0490
[Tracker Process 0] Ep 2324 | Return 0.54 | Global 0.5356 | Local 0.1192 | F1_macro 0.7853 | WorstLoss 0.9689
[Tracker Process 0] Ep 2325 | Return 0.31 | Global 0.3056 | Local 0.1192 | F1_macro 0.7997 | WorstLoss 1.4489
[Tracker Process 0] Ep 2326 | Return 0.32 | Global 0.3181 | Local 0.1192 | F1_macro 0.7971 | WorstLoss 1.4229
[Tracker Process 0] Ep 2327 | Return 0.48 | Global 0.4827 | Local 0.1192 | F1_macro 0.8012 | WorstLoss 1.0793
[Tracker Process 0] Ep 2328 | Return 0.48 | Global 0.4779 | Local 0.1192 | F1_macro 0.7611 | WorstLoss 1.0894
[Tracker Process 0] Ep 2329 | Return 0.42 | Global 0.4163 | Local 0.1192 | F1_macro 0.7684 | WorstLoss 1.2179
[Tracker Process 0] Ep 2330 | Return 0.42 | Global 0.4178 | Local 0.1192 | F1_macro 0.7845 | WorstLoss 1.2148
[Tracker Process 0] Ep 2331 | Return 0.39 | Global 0.3925 | Local 0.1192 | F1_macro 0.7631 | WorstLoss 1.2675
[Tracker Process 0] Ep 2332 | Return 0.47 | Global 0.4731 | Local 0.1192 | F1_macro 0.7650 | WorstLoss 1.0995
[Tracker Process 0] Ep 2333 | Return 0.46 | Global 0.4597 | Local 0.1192 | F1_macro 0.7974 | WorstLoss 1.1274
[Tracker Process 0] Ep 2334 | Return 0.40 | Global 0.3996 | Local 0.1192 | F1_macro 0.7670 | WorstLoss 1.2526
[Tracker Process 0] Ep 2335 | Return 0.43 | Global 0.4307 | Local 0.1192 | F1_macro 0.7830 | WorstLoss 1.1879
[Tracker Process 0] Ep 2336 | Return 0.50 | Global 0.4958 | Local 0.1192 | F1_macro 0.7933 | WorstLoss 1.0520
[Tracker Process 0] Ep 2337 | Return 0.42 | Global 0.4242 | Local 0.1192 | F1_macro 0.8142 | WorstLoss 1.2014
[Tracker Process 0] Ep 2338 | Return 0.39 | Global 0.3904 | Local 0.1192 | F1_macro 0.7717 | WorstLoss 1.2719
[Tracker Process 0] Ep 2339 | Return 0.43 | Global 0.4260 | Local 0.1192 | F1_macro 0.7682 | WorstLoss 1.1977
[Tracker Process 0] Ep 2340 | Return 0.43 | Global 0.4258 | Local 0.1192 | F1_macro 0.7812 | WorstLoss 1.1980
[Tracker Process 0] Ep 2341 | Return 0.51 | Global 0.5052 | Local 0.1192 | F1_macro 0.7634 | WorstLoss 1.0323
[Tracker Process 0] Ep 2342 | Return 0.38 | Global 0.3797 | Local 0.1192 | F1_macro 0.7821 | WorstLoss 1.2943
[Tracker Process 0] Ep 2343 | Return 0.42 | Global 0.4209 | Local 0.1192 | F1_macro 0.7821 | WorstLoss 1.2084
[Tracker Process 0] Ep 2344 | Return 0.29 | Global 0.2914 | Local 0.1192 | F1_macro 0.7190 | WorstLoss 1.4785
[Tracker Process 0] Ep 2345 | Return 0.40 | Global 0.3970 | Local 0.1192 | F1_macro 0.7766 | WorstLoss 1.2582
[Tracker Process 0] Ep 2346 | Return 0.44 | Global 0.4388 | Local 0.1192 | F1_macro 0.7992 | WorstLoss 1.1709
[Tracker Process 0] Ep 2347 | Return 0.39 | Global 0.3895 | Local 0.1192 | F1_macro 0.7401 | WorstLoss 1.2738
[Tracker Process 0] Ep 2348 | Return 0.51 | Global 0.5066 | Local 0.1192 | F1_macro 0.7775 | WorstLoss 1.0295
[Tracker Process 0] Ep 2349 | Return 0.38 | Global 0.3761 | Local 0.1192 | F1_macro 0.7787 | WorstLoss 1.3017
[Tracker Process 0] Ep 2350 | Return 0.55 | Global 0.5521 | Local 0.1192 | F1_macro 0.7891 | WorstLoss 0.9346
[Tracker Process 0] Ep 2351 | Return 0.47 | Global 0.4695 | Local 0.1192 | F1_macro 0.8073 | WorstLoss 1.1069
[Tracker Process 0] Ep 2352 | Return 0.45 | Global 0.4461 | Local 0.1192 | F1_macro 0.7861 | WorstLoss 1.1558
[Tracker Process 0] Ep 2353 | Return 0.46 | Global 0.4626 | Local 0.1192 | F1_macro 0.7742 | WorstLoss 1.1214
[Tracker Process 0] Ep 2354 | Return 0.55 | Global 0.5535 | Local 0.1192 | F1_macro 0.7957 | WorstLoss 0.9317
[Tracker Process 0] Ep 2355 | Return 0.39 | Global 0.3919 | Local 0.1192 | F1_macro 0.7797 | WorstLoss 1.2688
[Tracker Process 0] Ep 2356 | Return 0.56 | Global 0.5632 | Local 0.1192 | F1_macro 0.8148 | WorstLoss 0.9113
[Tracker Process 0] Ep 2357 | Return 0.44 | Global 0.4389 | Local 0.1192 | F1_macro 0.8120 | WorstLoss 1.1706
[Tracker Process 0] Ep 2358 | Return 0.42 | Global 0.4228 | Local 0.1192 | F1_macro 0.7812 | WorstLoss 1.2043
[Tracker Process 0] Ep 2359 | Return 0.33 | Global 0.3265 | Local 0.1192 | F1_macro 0.7951 | WorstLoss 1.4053
[Tracker Process 0] Ep 2360 | Return 0.58 | Global 0.5764 | Local 0.1192 | F1_macro 0.7983 | WorstLoss 0.8839
[Tracker Process 0] Ep 2361 | Return 0.44 | Global 0.4366 | Local 0.1192 | F1_macro 0.7725 | WorstLoss 1.1755
[Tracker Process 0] Ep 2362 | Return 0.54 | Global 0.5444 | Local 0.1192 | F1_macro 0.7880 | WorstLoss 0.9506
[Tracker Process 0] Ep 2363 | Return 0.45 | Global 0.4458 | Local 0.1192 | F1_macro 0.7830 | WorstLoss 1.1563
[Tracker Process 0] Ep 2364 | Return 0.44 | Global 0.4371 | Local 0.1192 | F1_macro 0.8052 | WorstLoss 1.1744
[Tracker Process 0] Ep 2365 | Return 0.36 | Global 0.3557 | Local 0.1192 | F1_macro 0.7615 | WorstLoss 1.3444
[Tracker Process 0] Ep 2366 | Return 0.54 | Global 0.5389 | Local 0.1192 | F1_macro 0.8023 | WorstLoss 0.9620
[Tracker Process 0] Ep 2367 | Return 0.39 | Global 0.3898 | Local 0.1192 | F1_macro 0.7796 | WorstLoss 1.2732
[Tracker Process 0] Ep 2368 | Return 0.50 | Global 0.4965 | Local 0.1192 | F1_macro 0.8017 | WorstLoss 1.0506
[Tracker Process 0] Ep 2369 | Return 0.40 | Global 0.4037 | Local 0.1192 | F1_macro 0.7869 | WorstLoss 1.2442
[Tracker Process 0] Ep 2370 | Return 0.50 | Global 0.4961 | Local 0.1192 | F1_macro 0.7846 | WorstLoss 1.0514
[Tracker Process 0] Ep 2371 | Return 0.34 | Global 0.3383 | Local 0.1192 | F1_macro 0.7571 | WorstLoss 1.3806
[Tracker Process 0] Ep 2372 | Return 0.49 | Global 0.4865 | Local 0.1192 | F1_macro 0.7801 | WorstLoss 1.0714
[Tracker Process 0] Ep 2373 | Return 0.35 | Global 0.3453 | Local 0.1192 | F1_macro 0.7896 | WorstLoss 1.3660
[Tracker Process 0] Ep 2374 | Return 0.55 | Global 0.5547 | Local 0.1192 | F1_macro 0.7944 | WorstLoss 0.9291
[Tracker Process 0] Ep 2375 | Return 0.48 | Global 0.4835 | Local 0.1192 | F1_macro 0.7961 | WorstLoss 1.0777
[Tracker Process 0] Ep 2376 | Return 0.46 | Global 0.4628 | Local 0.1192 | F1_macro 0.7823 | WorstLoss 1.1209
[Tracker Process 0] Ep 2377 | Return 0.44 | Global 0.4428 | Local 0.1192 | F1_macro 0.7783 | WorstLoss 1.1626
[Tracker Process 0] Ep 2378 | Return 0.51 | Global 0.5084 | Local 0.1192 | F1_macro 0.7810 | WorstLoss 1.0257
[Tracker Process 0] Ep 2379 | Return 0.36 | Global 0.3631 | Local 0.1192 | F1_macro 0.7693 | WorstLoss 1.3289
[Tracker Process 0] Ep 2380 | Return 0.44 | Global 0.4412 | Local 0.1192 | F1_macro 0.7968 | WorstLoss 1.1659
[Tracker Process 0] Ep 2381 | Return 0.39 | Global 0.3914 | Local 0.1192 | F1_macro 0.7836 | WorstLoss 1.2699
[Tracker Process 0] Ep 2382 | Return 0.50 | Global 0.5038 | Local 0.1192 | F1_macro 0.7988 | WorstLoss 1.0352
[Tracker Process 0] Ep 2383 | Return 0.43 | Global 0.4305 | Local 0.1192 | F1_macro 0.7951 | WorstLoss 1.1883
[Tracker Process 0] Ep 2384 | Return 0.33 | Global 0.3320 | Local 0.1192 | F1_macro 0.7974 | WorstLoss 1.3938
[Tracker Process 0] Ep 2385 | Return 0.42 | Global 0.4211 | Local 0.1192 | F1_macro 0.7831 | WorstLoss 1.2079
[Tracker Process 0] Ep 2386 | Return 0.38 | Global 0.3803 | Local 0.1192 | F1_macro 0.7564 | WorstLoss 1.2930
[Tracker Process 0] Ep 2387 | Return 0.49 | Global 0.4884 | Local 0.1192 | F1_macro 0.8055 | WorstLoss 1.0675
[Tracker Process 0] Ep 2388 | Return 0.41 | Global 0.4122 | Local 0.1192 | F1_macro 0.8041 | WorstLoss 1.2265
[Tracker Process 0] Ep 2389 | Return 0.47 | Global 0.4685 | Local 0.1192 | F1_macro 0.8153 | WorstLoss 1.1090
[Tracker Process 0] Ep 2390 | Return 0.46 | Global 0.4631 | Local 0.1192 | F1_macro 0.7950 | WorstLoss 1.1203
[Tracker Process 0] Ep 2391 | Return 0.48 | Global 0.4835 | Local 0.1192 | F1_macro 0.7877 | WorstLoss 1.0777
[Tracker Process 0] Ep 2392 | Return 0.52 | Global 0.5198 | Local 0.1192 | F1_macro 0.7806 | WorstLoss 1.0019
[Tracker Process 0] Ep 2393 | Return 0.51 | Global 0.5120 | Local 0.1192 | F1_macro 0.7895 | WorstLoss 1.0183
[Tracker Process 0] Ep 2394 | Return 0.57 | Global 0.5710 | Local 0.1192 | F1_macro 0.7991 | WorstLoss 0.8951
[Tracker Process 0] Ep 2395 | Return 0.45 | Global 0.4500 | Local 0.1192 | F1_macro 0.7982 | WorstLoss 1.1476
[Tracker Process 0] Ep 2396 | Return 0.43 | Global 0.4280 | Local 0.1192 | F1_macro 0.7861 | WorstLoss 1.1935
[Tracker Process 0] Ep 2397 | Return 0.36 | Global 0.3576 | Local 0.1192 | F1_macro 0.7705 | WorstLoss 1.3403
[Tracker Process 0] Ep 2398 | Return 0.33 | Global 0.3331 | Local 0.1192 | F1_macro 0.7646 | WorstLoss 1.3914
[Tracker Process 0] Ep 2399 | Return 0.57 | Global 0.5714 | Local 0.1192 | F1_macro 0.7880 | WorstLoss 0.8943
[Tracker Process 0] Ep 2400 | Return 0.52 | Global 0.5231 | Local 0.1192 | F1_macro 0.8276 | WorstLoss 0.9950
[Tracker Process 0] Saved snapshot: ep2400_phase1_class1
[Tracker Process 0] Ep 2401 | Return 0.52 | Global 0.5225 | Local 0.1192 | F1_macro 0.7623 | WorstLoss 0.9962
[Tracker Process 0] Ep 2402 | Return 0.39 | Global 0.3945 | Local 0.1192 | F1_macro 0.7646 | WorstLoss 1.2635
[Tracker Process 0] Ep 2403 | Return 0.49 | Global 0.4868 | Local 0.1192 | F1_macro 0.7645 | WorstLoss 1.0708
[Tracker Process 0] Ep 2404 | Return 0.38 | Global 0.3777 | Local 0.1192 | F1_macro 0.7606 | WorstLoss 1.2983
[Tracker Process 0] Ep 2405 | Return 0.49 | Global 0.4856 | Local 0.1192 | F1_macro 0.7876 | WorstLoss 1.0734
[Tracker Process 0] Ep 2406 | Return 0.45 | Global 0.4455 | Local 0.1192 | F1_macro 0.7853 | WorstLoss 1.1570
[Tracker Process 0] Ep 2407 | Return 0.38 | Global 0.3844 | Local 0.1192 | F1_macro 0.7797 | WorstLoss 1.2844
[Tracker Process 0] Ep 2408 | Return 0.50 | Global 0.5049 | Local 0.1192 | F1_macro 0.7656 | WorstLoss 1.0331
[Tracker Process 0] Ep 2409 | Return 0.47 | Global 0.4743 | Local 0.1192 | F1_macro 0.8037 | WorstLoss 1.0969
[Tracker Process 0] Ep 2410 | Return 0.41 | Global 0.4085 | Local 0.1192 | F1_macro 0.7817 | WorstLoss 1.2342
[Tracker Process 0] Ep 2411 | Return 0.51 | Global 0.5097 | Local 0.1192 | F1_macro 0.8070 | WorstLoss 1.0230
[Tracker Process 0] Ep 2412 | Return 0.39 | Global 0.3902 | Local 0.1192 | F1_macro 0.7874 | WorstLoss 1.2724
[Tracker Process 0] Ep 2413 | Return 0.45 | Global 0.4472 | Local 0.1192 | F1_macro 0.8033 | WorstLoss 1.1535
[Tracker Process 0] Ep 2414 | Return 0.47 | Global 0.4686 | Local 0.1192 | F1_macro 0.7927 | WorstLoss 1.1088
[Tracker Process 0] Ep 2415 | Return 0.40 | Global 0.4012 | Local 0.1192 | F1_macro 0.7766 | WorstLoss 1.2494
[Tracker Process 0] Ep 2416 | Return 0.41 | Global 0.4098 | Local 0.1192 | F1_macro 0.8012 | WorstLoss 1.2315
[Tracker Process 0] Ep 2417 | Return 0.46 | Global 0.4557 | Local 0.1192 | F1_macro 0.7752 | WorstLoss 1.1356
[Tracker Process 0] Ep 2418 | Return 0.52 | Global 0.5150 | Local 0.1192 | F1_macro 0.8171 | WorstLoss 1.0119
[Tracker Process 0] Ep 2419 | Return 0.40 | Global 0.4006 | Local 0.1192 | F1_macro 0.7894 | WorstLoss 1.2507
[Tracker Process 0] Ep 2420 | Return 0.41 | Global 0.4128 | Local 0.1192 | F1_macro 0.7662 | WorstLoss 1.2252
[Tracker Process 0] Ep 2421 | Return 0.46 | Global 0.4632 | Local 0.1192 | F1_macro 0.7817 | WorstLoss 1.1200
[Tracker Process 0] Ep 2422 | Return 0.52 | Global 0.5224 | Local 0.1192 | F1_macro 0.7723 | WorstLoss 0.9965
[Tracker Process 0] Ep 2423 | Return 0.44 | Global 0.4435 | Local 0.1192 | F1_macro 0.7853 | WorstLoss 1.1611
[Tracker Process 0] Ep 2424 | Return 0.32 | Global 0.3173 | Local 0.1192 | F1_macro 0.7544 | WorstLoss 1.4245
[Tracker Process 0] Ep 2425 | Return 0.59 | Global 0.5926 | Local 0.1192 | F1_macro 0.7779 | WorstLoss 0.8500
[Tracker Process 0] Ep 2426 | Return 0.54 | Global 0.5361 | Local 0.1192 | F1_macro 0.8055 | WorstLoss 0.9679
[Tracker Process 0] Ep 2427 | Return 0.52 | Global 0.5156 | Local 0.1192 | F1_macro 0.7895 | WorstLoss 1.0107
[Tracker Process 0] Ep 2428 | Return 0.40 | Global 0.3975 | Local 0.1192 | F1_macro 0.7982 | WorstLoss 1.2572
[Tracker Process 0] Ep 2429 | Return 0.40 | Global 0.4039 | Local 0.1192 | F1_macro 0.7753 | WorstLoss 1.2438
[Tracker Process 0] Ep 2430 | Return 0.31 | Global 0.3092 | Local 0.1192 | F1_macro 0.7180 | WorstLoss 1.4414
[Tracker Process 0] Ep 2431 | Return 0.53 | Global 0.5304 | Local 0.1192 | F1_macro 0.7927 | WorstLoss 0.9798
[Tracker Process 0] Ep 2432 | Return 0.50 | Global 0.5023 | Local 0.1192 | F1_macro 0.7846 | WorstLoss 1.0384
[Tracker Process 0] Ep 2433 | Return 0.51 | Global 0.5131 | Local 0.1192 | F1_macro 0.8176 | WorstLoss 1.0160
[Tracker Process 0] Ep 2434 | Return 0.40 | Global 0.3995 | Local 0.1192 | F1_macro 0.8142 | WorstLoss 1.2529
[Tracker Process 0] Ep 2435 | Return 0.40 | Global 0.3989 | Local 0.1192 | F1_macro 0.7557 | WorstLoss 1.2542
[Tracker Process 0] Ep 2436 | Return 0.46 | Global 0.4571 | Local 0.1192 | F1_macro 0.8081 | WorstLoss 1.1328
[Tracker Process 0] Ep 2437 | Return 0.39 | Global 0.3892 | Local 0.1192 | F1_macro 0.7770 | WorstLoss 1.2743
[Tracker Process 0] Ep 2438 | Return 0.45 | Global 0.4521 | Local 0.1192 | F1_macro 0.7823 | WorstLoss 1.1433
[Tracker Process 0] Ep 2439 | Return 0.51 | Global 0.5133 | Local 0.1192 | F1_macro 0.7675 | WorstLoss 1.0156
[Tracker Process 0] Ep 2440 | Return 0.46 | Global 0.4623 | Local 0.1192 | F1_macro 0.8078 | WorstLoss 1.1220
[Tracker Process 0] Ep 2441 | Return 0.46 | Global 0.4612 | Local 0.1192 | F1_macro 0.7825 | WorstLoss 1.1242
[Tracker Process 0] Ep 2442 | Return 0.59 | Global 0.5909 | Local 0.1192 | F1_macro 0.7839 | WorstLoss 0.8535
[Tracker Process 0] Ep 2443 | Return 0.23 | Global 0.2289 | Local 0.1192 | F1_macro 0.7435 | WorstLoss 1.6090
[Tracker Process 0] Ep 2444 | Return 0.45 | Global 0.4460 | Local 0.1192 | F1_macro 0.8017 | WorstLoss 1.1559
[Tracker Process 0] Ep 2445 | Return 0.48 | Global 0.4819 | Local 0.1192 | F1_macro 0.7799 | WorstLoss 1.0811
[Tracker Process 0] Ep 2446 | Return 0.53 | Global 0.5290 | Local 0.1192 | F1_macro 0.7889 | WorstLoss 0.9827
[Tracker Process 0] Ep 2447 | Return 0.51 | Global 0.5093 | Local 0.1192 | F1_macro 0.7716 | WorstLoss 1.0239
[Tracker Process 0] Ep 2448 | Return 0.40 | Global 0.4032 | Local 0.1192 | F1_macro 0.7853 | WorstLoss 1.2453
[Tracker Process 0] Ep 2449 | Return 0.48 | Global 0.4795 | Local 0.1192 | F1_macro 0.7876 | WorstLoss 1.0859
[Tracker Process 0] Ep 2450 | Return 0.38 | Global 0.3822 | Local 0.1192 | F1_macro 0.7945 | WorstLoss 1.2891
[Tracker Process 0] Ep 2451 | Return 0.55 | Global 0.5504 | Local 0.1192 | F1_macro 0.7743 | WorstLoss 0.9381
[Tracker Process 0] Ep 2452 | Return 0.50 | Global 0.5035 | Local 0.1192 | F1_macro 0.7797 | WorstLoss 1.0360
[Tracker Process 0] Ep 2453 | Return 0.51 | Global 0.5069 | Local 0.1192 | F1_macro 0.7770 | WorstLoss 1.0289
[Tracker Process 0] Ep 2454 | Return 0.46 | Global 0.4606 | Local 0.1192 | F1_macro 0.7846 | WorstLoss 1.1256
[Tracker Process 0] Ep 2455 | Return 0.42 | Global 0.4226 | Local 0.1192 | F1_macro 0.7606 | WorstLoss 1.2048
[Tracker Process 0] Ep 2456 | Return 0.51 | Global 0.5074 | Local 0.1192 | F1_macro 0.7587 | WorstLoss 1.0278
[Tracker Process 0] Ep 2457 | Return 0.49 | Global 0.4850 | Local 0.1192 | F1_macro 0.7846 | WorstLoss 1.0745
[Tracker Process 0] Ep 2458 | Return 0.46 | Global 0.4630 | Local 0.1192 | F1_macro 0.8151 | WorstLoss 1.1204
[Tracker Process 0] Ep 2459 | Return 0.37 | Global 0.3676 | Local 0.1192 | F1_macro 0.7793 | WorstLoss 1.3196
[Tracker Process 0] Ep 2460 | Return -0.03 | Global -0.0345 | Local 0.1192 | F1_macro 0.7298 | WorstLoss 2.1584
[Tracker Process 0] Ep 2461 | Return 0.45 | Global 0.4451 | Local 0.1192 | F1_macro 0.7823 | WorstLoss 1.1579
[Tracker Process 0] Ep 2462 | Return 0.35 | Global 0.3515 | Local 0.1192 | F1_macro 0.7886 | WorstLoss 1.3531
[Tracker Process 0] Ep 2463 | Return 0.45 | Global 0.4501 | Local 0.1192 | F1_macro 0.7987 | WorstLoss 1.1474
[Tracker Process 0] Ep 2464 | Return 0.59 | Global 0.5856 | Local 0.1192 | F1_macro 0.7740 | WorstLoss 0.8647
[Tracker Process 0] Ep 2465 | Return 0.49 | Global 0.4879 | Local 0.1192 | F1_macro 0.8017 | WorstLoss 1.0685
[Tracker Process 0] Ep 2466 | Return 0.51 | Global 0.5090 | Local 0.1192 | F1_macro 0.7587 | WorstLoss 1.0245
[Tracker Process 0] Ep 2467 | Return 0.43 | Global 0.4281 | Local 0.1192 | F1_macro 0.7857 | WorstLoss 1.1934
[Tracker Process 0] Ep 2468 | Return 0.44 | Global 0.4449 | Local 0.1192 | F1_macro 0.7886 | WorstLoss 1.1582
[Tracker Process 0] Ep 2469 | Return 0.45 | Global 0.4499 | Local 0.1192 | F1_macro 0.7839 | WorstLoss 1.1479
[Tracker Process 0] Ep 2470 | Return 0.13 | Global 0.1309 | Local 0.1192 | F1_macro 0.7548 | WorstLoss 1.8134
[Tracker Process 0] Ep 2471 | Return 0.39 | Global 0.3894 | Local 0.1192 | F1_macro 0.7758 | WorstLoss 1.2740
[Tracker Process 0] Ep 2472 | Return 0.50 | Global 0.4982 | Local 0.1192 | F1_macro 0.7796 | WorstLoss 1.0471
[Tracker Process 0] Ep 2473 | Return 0.47 | Global 0.4742 | Local 0.1192 | F1_macro 0.8006 | WorstLoss 1.0971
[Tracker Process 0] Ep 2474 | Return 0.46 | Global 0.4599 | Local 0.1192 | F1_macro 0.7777 | WorstLoss 1.1270
[Tracker Process 0] Ep 2475 | Return 0.45 | Global 0.4454 | Local 0.1192 | F1_macro 0.7974 | WorstLoss 1.1571
[Tracker Process 0] Ep 2476 | Return 0.40 | Global 0.4001 | Local 0.1192 | F1_macro 0.7432 | WorstLoss 1.2518
[Tracker Process 0] Ep 2477 | Return 0.48 | Global 0.4771 | Local 0.1192 | F1_macro 0.7944 | WorstLoss 1.0911
[Tracker Process 0] Ep 2478 | Return 0.43 | Global 0.4337 | Local 0.1192 | F1_macro 0.7694 | WorstLoss 1.1816
[Tracker Process 0] Ep 2479 | Return 0.39 | Global 0.3888 | Local 0.1192 | F1_macro 0.7674 | WorstLoss 1.2752
[Tracker Process 0] Ep 2480 | Return 0.40 | Global 0.3977 | Local 0.1192 | F1_macro 0.7978 | WorstLoss 1.2566
[Tracker Process 0] Ep 2481 | Return 0.45 | Global 0.4511 | Local 0.1192 | F1_macro 0.7767 | WorstLoss 1.1453
[Tracker Process 0] Ep 2482 | Return 0.50 | Global 0.4987 | Local 0.1192 | F1_macro 0.7569 | WorstLoss 1.0460
[Tracker Process 0] Ep 2483 | Return 0.12 | Global 0.1203 | Local 0.1192 | F1_macro 0.7628 | WorstLoss 1.8354
[Tracker Process 0] Ep 2484 | Return 0.22 | Global 0.2174 | Local 0.1192 | F1_macro 0.7460 | WorstLoss 1.6330
[Tracker Process 0] Ep 2485 | Return 0.49 | Global 0.4882 | Local 0.1192 | F1_macro 0.7899 | WorstLoss 1.0678
[Tracker Process 0] Ep 2486 | Return 0.45 | Global 0.4532 | Local 0.1192 | F1_macro 0.7950 | WorstLoss 1.1409
[Tracker Process 0] Ep 2487 | Return 0.45 | Global 0.4490 | Local 0.1192 | F1_macro 0.7825 | WorstLoss 1.1496
[Tracker Process 0] Ep 2488 | Return 0.28 | Global 0.2814 | Local 0.1192 | F1_macro 0.7682 | WorstLoss 1.4993
[Tracker Process 0] Ep 2489 | Return 0.37 | Global 0.3734 | Local 0.1192 | F1_macro 0.7623 | WorstLoss 1.3074
[Tracker Process 0] Ep 2490 | Return 0.59 | Global 0.5887 | Local 0.1192 | F1_macro 0.8017 | WorstLoss 0.8581
[Tracker Process 0] Ep 2491 | Return 0.30 | Global 0.2976 | Local 0.1192 | F1_macro 0.7464 | WorstLoss 1.4655
[Tracker Process 0] Ep 2492 | Return 0.47 | Global 0.4675 | Local 0.1192 | F1_macro 0.7876 | WorstLoss 1.1112
[Tracker Process 0] Ep 2493 | Return 0.43 | Global 0.4271 | Local 0.1192 | F1_macro 0.8224 | WorstLoss 1.1954
[Tracker Process 0] Ep 2494 | Return 0.46 | Global 0.4562 | Local 0.1192 | F1_macro 0.7767 | WorstLoss 1.1346
[Tracker Process 0] Ep 2495 | Return 0.51 | Global 0.5127 | Local 0.1192 | F1_macro 0.8085 | WorstLoss 1.0168
[Tracker Process 0] Ep 2496 | Return 0.51 | Global 0.5095 | Local 0.1192 | F1_macro 0.7867 | WorstLoss 1.0234
[Tracker Process 0] Ep 2497 | Return 0.53 | Global 0.5265 | Local 0.1192 | F1_macro 0.8025 | WorstLoss 0.9879
[Tracker Process 0] Ep 2498 | Return 0.41 | Global 0.4107 | Local 0.1192 | F1_macro 0.8115 | WorstLoss 1.2296
[Tracker Process 0] Ep 2499 | Return -0.71 | Global -0.7142 | Local 0.1192 | F1_macro 0.7456 | WorstLoss 3.5768
[Tracker Process 0] Ep 2500 | Return 0.41 | Global 0.4143 | Local 0.1192 | F1_macro 0.7483 | WorstLoss 1.2222
[Tracker Process 0] Ep 2501 | Return 0.49 | Global 0.4853 | Local 0.1192 | F1_macro 0.7674 | WorstLoss 1.0739
[Tracker Process 0] Ep 2502 | Return 0.39 | Global 0.3914 | Local 0.1192 | F1_macro 0.7650 | WorstLoss 1.2698
[Tracker Process 0] Ep 2503 | Return 0.53 | Global 0.5260 | Local 0.1192 | F1_macro 0.8061 | WorstLoss 0.9889
[Tracker Process 0] Ep 2504 | Return 0.45 | Global 0.4532 | Local 0.1192 | F1_macro 0.7695 | WorstLoss 1.1409
[Tracker Process 0] Ep 2505 | Return 0.35 | Global 0.3512 | Local 0.1192 | F1_macro 0.7793 | WorstLoss 1.3538
[Tracker Process 0] Ep 2506 | Return 0.38 | Global 0.3829 | Local 0.1192 | F1_macro 0.7606 | WorstLoss 1.2876
[Tracker Process 0] Ep 2507 | Return 0.46 | Global 0.4604 | Local 0.1192 | F1_macro 0.7796 | WorstLoss 1.1259
[Tracker Process 0] Ep 2508 | Return 0.43 | Global 0.4259 | Local 0.1192 | F1_macro 0.7978 | WorstLoss 1.1980
[Tracker Process 0] Ep 2509 | Return 0.57 | Global 0.5691 | Local 0.1192 | F1_macro 0.7817 | WorstLoss 0.8990
[Tracker Process 0] Ep 2510 | Return 0.38 | Global 0.3823 | Local 0.1192 | F1_macro 0.7951 | WorstLoss 1.2889
[Tracker Process 0] Ep 2511 | Return 0.51 | Global 0.5130 | Local 0.1192 | F1_macro 0.8109 | WorstLoss 1.0162
[Tracker Process 0] Ep 2512 | Return 0.51 | Global 0.5064 | Local 0.1192 | F1_macro 0.7685 | WorstLoss 1.0298
[Tracker Process 0] Ep 2513 | Return 0.43 | Global 0.4344 | Local 0.1192 | F1_macro 0.7716 | WorstLoss 1.1801
[Tracker Process 0] Ep 2514 | Return 0.52 | Global 0.5223 | Local 0.1192 | F1_macro 0.7961 | WorstLoss 0.9967
[Tracker Process 0] Ep 2515 | Return 0.37 | Global 0.3674 | Local 0.1192 | F1_macro 0.7548 | WorstLoss 1.3200
[Tracker Process 0] Ep 2516 | Return 0.51 | Global 0.5075 | Local 0.1192 | F1_macro 0.7620 | WorstLoss 1.0277
[Tracker Process 0] Ep 2517 | Return 0.47 | Global 0.4687 | Local 0.1192 | F1_macro 0.7786 | WorstLoss 1.1087
[Tracker Process 0] Ep 2518 | Return 0.34 | Global 0.3398 | Local 0.1192 | F1_macro 0.7397 | WorstLoss 1.3775
[Tracker Process 0] Ep 2519 | Return 0.39 | Global 0.3937 | Local 0.1192 | F1_macro 0.7631 | WorstLoss 1.2651
[Tracker Process 0] Ep 2520 | Return 0.34 | Global 0.3419 | Local 0.1192 | F1_macro 0.7628 | WorstLoss 1.3732
[Tracker Process 0] Ep 2521 | Return 0.47 | Global 0.4663 | Local 0.1192 | F1_macro 0.7846 | WorstLoss 1.1136
[Tracker Process 0] Ep 2522 | Return 0.32 | Global 0.3204 | Local 0.1192 | F1_macro 0.7637 | WorstLoss 1.4180
[Tracker Process 0] Ep 2523 | Return 0.41 | Global 0.4084 | Local 0.1192 | F1_macro 0.7706 | WorstLoss 1.2344
[Tracker Process 0] Ep 2524 | Return 0.41 | Global 0.4097 | Local 0.1192 | F1_macro 0.7456 | WorstLoss 1.2316
[Tracker Process 0] Ep 2525 | Return 0.52 | Global 0.5153 | Local 0.1192 | F1_macro 0.7666 | WorstLoss 1.0113
[Tracker Process 0] Ep 2526 | Return 0.48 | Global 0.4806 | Local 0.1192 | F1_macro 0.7713 | WorstLoss 1.0837
[Tracker Process 0] Ep 2527 | Return 0.41 | Global 0.4116 | Local 0.1192 | F1_macro 0.8151 | WorstLoss 1.2277
[Tracker Process 0] Ep 2528 | Return 0.50 | Global 0.5043 | Local 0.1192 | F1_macro 0.7899 | WorstLoss 1.0343
[Tracker Process 0] Ep 2529 | Return 0.46 | Global 0.4593 | Local 0.1192 | F1_macro 0.7906 | WorstLoss 1.1282
[Tracker Process 0] Ep 2530 | Return 0.34 | Global 0.3425 | Local 0.1192 | F1_macro 0.7571 | WorstLoss 1.3719
[Tracker Process 0] Ep 2531 | Return 0.42 | Global 0.4227 | Local 0.1192 | F1_macro 0.7806 | WorstLoss 1.2046
[Tracker Process 0] Ep 2532 | Return 0.52 | Global 0.5237 | Local 0.1192 | F1_macro 0.8118 | WorstLoss 0.9937
[Tracker Process 0] Ep 2533 | Return 0.31 | Global 0.3124 | Local 0.1192 | F1_macro 0.7248 | WorstLoss 1.4348
[Tracker Process 0] Ep 2534 | Return 0.46 | Global 0.4580 | Local 0.1192 | F1_macro 0.7746 | WorstLoss 1.1309
[Tracker Process 0] Ep 2535 | Return 0.44 | Global 0.4368 | Local 0.1192 | F1_macro 0.7894 | WorstLoss 1.1751
[Tracker Process 0] Ep 2536 | Return 0.49 | Global 0.4886 | Local 0.1192 | F1_macro 0.7429 | WorstLoss 1.0670
[Tracker Process 0] Ep 2537 | Return 0.46 | Global 0.4588 | Local 0.1192 | F1_macro 0.7614 | WorstLoss 1.1291
[Tracker Process 0] Ep 2538 | Return 0.45 | Global 0.4549 | Local 0.1192 | F1_macro 0.7825 | WorstLoss 1.1373
[Tracker Process 0] Ep 2539 | Return 0.39 | Global 0.3942 | Local 0.1192 | F1_macro 0.7758 | WorstLoss 1.2640
[Tracker Process 0] Ep 2540 | Return 0.43 | Global 0.4317 | Local 0.1192 | F1_macro 0.7911 | WorstLoss 1.1858
[Tracker Process 0] Ep 2541 | Return 0.50 | Global 0.4960 | Local 0.1192 | F1_macro 0.7713 | WorstLoss 1.0515
[Tracker Process 0] Ep 2542 | Return 0.37 | Global 0.3738 | Local 0.1192 | F1_macro 0.7601 | WorstLoss 1.3065
[Tracker Process 0] Ep 2543 | Return 0.56 | Global 0.5616 | Local 0.1192 | F1_macro 0.7737 | WorstLoss 0.9147
[Tracker Process 0] Ep 2544 | Return 0.55 | Global 0.5540 | Local 0.1192 | F1_macro 0.7665 | WorstLoss 0.9306
[Tracker Process 0] Ep 2545 | Return 0.55 | Global 0.5533 | Local 0.1192 | F1_macro 0.7837 | WorstLoss 0.9321
[Tracker Process 0] Ep 2546 | Return 0.53 | Global 0.5336 | Local 0.1192 | F1_macro 0.7481 | WorstLoss 0.9732
[Tracker Process 0] Ep 2547 | Return 0.46 | Global 0.4550 | Local 0.1192 | F1_macro 0.7987 | WorstLoss 1.1371
[Tracker Process 0] Ep 2548 | Return 0.44 | Global 0.4350 | Local 0.1192 | F1_macro 0.7933 | WorstLoss 1.1789
[Tracker Process 0] Ep 2549 | Return 0.52 | Global 0.5161 | Local 0.1192 | F1_macro 0.7891 | WorstLoss 1.0097
[Tracker Process 0] Ep 2550 | Return 0.46 | Global 0.4557 | Local 0.1192 | F1_macro 0.7748 | WorstLoss 1.1357
[Tracker Process 0] Saved snapshot: ep2550_phase1_class1
[Tracker Process 0] Ep 2551 | Return 0.57 | Global 0.5743 | Local 0.1192 | F1_macro 0.7683 | WorstLoss 0.8883
[Tracker Process 0] Ep 2552 | Return 0.44 | Global 0.4445 | Local 0.1192 | F1_macro 0.7845 | WorstLoss 1.1591
[Tracker Process 0] Ep 2553 | Return 0.47 | Global 0.4748 | Local 0.1192 | F1_macro 0.7631 | WorstLoss 1.0959
[Tracker Process 0] Ep 2554 | Return 0.47 | Global 0.4653 | Local 0.1192 | F1_macro 0.7555 | WorstLoss 1.1157
[Tracker Process 0] Ep 2555 | Return 0.35 | Global 0.3492 | Local 0.1192 | F1_macro 0.7481 | WorstLoss 1.3580
[Tracker Process 0] Ep 2556 | Return 0.39 | Global 0.3862 | Local 0.1192 | F1_macro 0.7631 | WorstLoss 1.2807
[Tracker Process 0] Ep 2557 | Return 0.51 | Global 0.5143 | Local 0.1192 | F1_macro 0.7825 | WorstLoss 1.0134
[Tracker Process 0] Ep 2558 | Return 0.53 | Global 0.5278 | Local 0.1192 | F1_macro 0.7853 | WorstLoss 0.9853
[Tracker Process 0] Ep 2559 | Return 0.45 | Global 0.4542 | Local 0.1192 | F1_macro 0.7716 | WorstLoss 1.1389
[Tracker Process 0] Ep 2560 | Return 0.38 | Global 0.3754 | Local 0.1192 | F1_macro 0.7626 | WorstLoss 1.3033
[Tracker Process 0] Ep 2561 | Return 0.43 | Global 0.4279 | Local 0.1192 | F1_macro 0.7346 | WorstLoss 1.1936
[Tracker Process 0] Ep 2562 | Return 0.54 | Global 0.5436 | Local 0.1192 | F1_macro 0.7587 | WorstLoss 0.9523
[Tracker Process 0] Ep 2563 | Return 0.47 | Global 0.4665 | Local 0.1192 | F1_macro 0.7775 | WorstLoss 1.1131
[Tracker Process 0] Ep 2564 | Return 0.36 | Global 0.3628 | Local 0.1192 | F1_macro 0.7839 | WorstLoss 1.3295
[Tracker Process 0] Ep 2565 | Return 0.47 | Global 0.4733 | Local 0.1192 | F1_macro 0.7573 | WorstLoss 1.0989
[Tracker Process 0] Ep 2566 | Return 0.37 | Global 0.3667 | Local 0.1192 | F1_macro 0.7839 | WorstLoss 1.3214
[Tracker Process 0] Ep 2567 | Return 0.58 | Global 0.5843 | Local 0.1192 | F1_macro 0.7859 | WorstLoss 0.8674
[Tracker Process 0] Ep 2568 | Return 0.43 | Global 0.4337 | Local 0.1192 | F1_macro 0.7830 | WorstLoss 1.1816
[Tracker Process 0] Ep 2569 | Return 0.45 | Global 0.4499 | Local 0.1192 | F1_macro 0.7620 | WorstLoss 1.1477
[Tracker Process 0] Ep 2570 | Return 0.44 | Global 0.4408 | Local 0.1192 | F1_macro 0.7891 | WorstLoss 1.1669
[Tracker Process 0] Ep 2571 | Return 0.42 | Global 0.4249 | Local 0.1192 | F1_macro 0.7674 | WorstLoss 1.1999
[Tracker Process 0] Ep 2572 | Return 0.49 | Global 0.4941 | Local 0.1192 | F1_macro 0.7639 | WorstLoss 1.0555
[Tracker Process 0] Ep 2573 | Return 0.42 | Global 0.4211 | Local 0.1192 | F1_macro 0.7416 | WorstLoss 1.2079
[Tracker Process 0] Ep 2574 | Return 0.38 | Global 0.3835 | Local 0.1192 | F1_macro 0.8063 | WorstLoss 1.2864
[Tracker Process 0] Ep 2575 | Return 0.36 | Global 0.3626 | Local 0.1192 | F1_macro 0.7315 | WorstLoss 1.3299
[Tracker Process 0] Ep 2576 | Return 0.51 | Global 0.5126 | Local 0.1192 | F1_macro 0.7799 | WorstLoss 1.0170
[Tracker Process 0] Ep 2577 | Return 0.51 | Global 0.5090 | Local 0.1192 | F1_macro 0.7763 | WorstLoss 1.0244
[Tracker Process 0] Ep 2578 | Return 0.51 | Global 0.5060 | Local 0.1192 | F1_macro 0.7599 | WorstLoss 1.0308
[Tracker Process 0] Ep 2579 | Return 0.50 | Global 0.5022 | Local 0.1192 | F1_macro 0.7905 | WorstLoss 1.0386
[Tracker Process 0] Ep 2580 | Return 0.54 | Global 0.5423 | Local 0.1192 | F1_macro 0.7831 | WorstLoss 0.9550
[Tracker Process 0] Ep 2581 | Return 0.57 | Global 0.5652 | Local 0.1192 | F1_macro 0.7440 | WorstLoss 0.9072
[Tracker Process 0] Ep 2582 | Return 0.51 | Global 0.5109 | Local 0.1192 | F1_macro 0.7812 | WorstLoss 1.0205
[Tracker Process 0] Ep 2583 | Return 0.47 | Global 0.4735 | Local 0.1192 | F1_macro 0.7619 | WorstLoss 1.0985
[Tracker Process 0] Ep 2584 | Return 0.46 | Global 0.4645 | Local 0.1192 | F1_macro 0.8199 | WorstLoss 1.1174
[Tracker Process 0] Ep 2585 | Return 0.47 | Global 0.4663 | Local 0.1192 | F1_macro 0.7861 | WorstLoss 1.1135
[Tracker Process 0] Ep 2586 | Return 0.45 | Global 0.4466 | Local 0.1192 | F1_macro 0.8087 | WorstLoss 1.1547
[Tracker Process 0] Ep 2587 | Return 0.55 | Global 0.5468 | Local 0.1192 | F1_macro 0.7927 | WorstLoss 0.9455
[Tracker Process 0] Ep 2588 | Return 0.23 | Global 0.2301 | Local 0.1192 | F1_macro 0.7217 | WorstLoss 1.6063
[Tracker Process 0] Ep 2589 | Return 0.56 | Global 0.5606 | Local 0.1192 | F1_macro 0.7594 | WorstLoss 0.9168
[Tracker Process 0] Ep 2590 | Return 0.51 | Global 0.5105 | Local 0.1192 | F1_macro 0.7509 | WorstLoss 1.0213
[Tracker Process 0] Ep 2591 | Return 0.47 | Global 0.4681 | Local 0.1192 | F1_macro 0.8073 | WorstLoss 1.1097
[Tracker Process 0] Ep 2592 | Return 0.09 | Global 0.0903 | Local 0.1192 | F1_macro 0.7180 | WorstLoss 1.8982
[Tracker Process 0] Ep 2593 | Return 0.37 | Global 0.3721 | Local 0.1192 | F1_macro 0.7493 | WorstLoss 1.3102
[Tracker Process 0] Ep 2594 | Return 0.46 | Global 0.4618 | Local 0.1192 | F1_macro 0.7520 | WorstLoss 1.1229
[Tracker Process 0] Ep 2595 | Return 0.57 | Global 0.5680 | Local 0.1192 | F1_macro 0.7656 | WorstLoss 0.9014
[Tracker Process 0] Ep 2596 | Return 0.36 | Global 0.3571 | Local 0.1192 | F1_macro 0.7770 | WorstLoss 1.3413
[Tracker Process 0] Ep 2597 | Return 0.47 | Global 0.4743 | Local 0.1192 | F1_macro 0.7611 | WorstLoss 1.0969
[Tracker Process 0] Ep 2598 | Return 0.30 | Global 0.3020 | Local 0.1192 | F1_macro 0.7598 | WorstLoss 1.4563
[Tracker Process 0] Ep 2599 | Return 0.40 | Global 0.3963 | Local 0.1192 | F1_macro 0.7315 | WorstLoss 1.2597
[Tracker Process 0] Ep 2600 | Return 0.48 | Global 0.4813 | Local 0.1192 | F1_macro 0.7801 | WorstLoss 1.0822
[Tracker Process 0] Ep 2601 | Return 0.53 | Global 0.5296 | Local 0.1192 | F1_macro 0.7880 | WorstLoss 0.9815
[Tracker Process 0] Ep 2602 | Return 0.50 | Global 0.4954 | Local 0.1192 | F1_macro 0.7693 | WorstLoss 1.0528
[Tracker Process 0] Ep 2603 | Return 0.52 | Global 0.5169 | Local 0.1192 | F1_macro 0.8039 | WorstLoss 1.0080
[Tracker Process 0] Ep 2604 | Return 0.48 | Global 0.4797 | Local 0.1192 | F1_macro 0.8147 | WorstLoss 1.0855
[Tracker Process 0] Ep 2605 | Return 0.47 | Global 0.4714 | Local 0.1192 | F1_macro 0.7917 | WorstLoss 1.1028
[Tracker Process 0] Ep 2606 | Return 0.37 | Global 0.3690 | Local 0.1192 | F1_macro 0.7503 | WorstLoss 1.3167
[Tracker Process 0] Ep 2607 | Return 0.37 | Global 0.3729 | Local 0.1192 | F1_macro 0.7619 | WorstLoss 1.3084
[Tracker Process 0] Ep 2608 | Return 0.57 | Global 0.5663 | Local 0.1192 | F1_macro 0.7727 | WorstLoss 0.9049
[Tracker Process 0] Ep 2609 | Return 0.38 | Global 0.3758 | Local 0.1192 | F1_macro 0.7465 | WorstLoss 1.3023
[Tracker Process 0] Ep 2610 | Return 0.49 | Global 0.4933 | Local 0.1192 | F1_macro 0.7520 | WorstLoss 1.0573
[Tracker Process 0] Ep 2611 | Return 0.21 | Global 0.2066 | Local 0.1192 | F1_macro 0.7095 | WorstLoss 1.6555
[Tracker Process 0] Ep 2612 | Return 0.48 | Global 0.4789 | Local 0.1192 | F1_macro 0.7813 | WorstLoss 1.0872
[Tracker Process 0] Ep 2613 | Return 0.26 | Global 0.2642 | Local 0.1192 | F1_macro 0.6956 | WorstLoss 1.5352
[Tracker Process 0] Ep 2614 | Return 0.36 | Global 0.3649 | Local 0.1192 | F1_macro 0.7429 | WorstLoss 1.3251
[Tracker Process 0] Ep 2615 | Return 0.44 | Global 0.4388 | Local 0.1192 | F1_macro 0.7508 | WorstLoss 1.1708
[Tracker Process 0] Ep 2616 | Return 0.48 | Global 0.4776 | Local 0.1192 | F1_macro 0.7538 | WorstLoss 1.0899
[Tracker Process 0] Ep 2617 | Return 0.47 | Global 0.4653 | Local 0.1192 | F1_macro 0.7665 | WorstLoss 1.1156
[Tracker Process 0] Ep 2618 | Return 0.43 | Global 0.4345 | Local 0.1192 | F1_macro 0.7784 | WorstLoss 1.1799
[Tracker Process 0] Ep 2619 | Return 0.51 | Global 0.5102 | Local 0.1192 | F1_macro 0.7748 | WorstLoss 1.0219
[Tracker Process 0] Ep 2620 | Return 0.41 | Global 0.4105 | Local 0.1192 | F1_macro 0.7876 | WorstLoss 1.2300
[Tracker Process 0] Ep 2621 | Return 0.48 | Global 0.4758 | Local 0.1192 | F1_macro 0.7727 | WorstLoss 1.0937
[Tracker Process 0] Ep 2622 | Return 0.42 | Global 0.4235 | Local 0.1192 | F1_macro 0.7623 | WorstLoss 1.2028
[Tracker Process 0] Ep 2623 | Return 0.46 | Global 0.4647 | Local 0.1192 | F1_macro 0.7695 | WorstLoss 1.1169
[Tracker Process 0] Ep 2624 | Return 0.45 | Global 0.4531 | Local 0.1192 | F1_macro 0.7817 | WorstLoss 1.1411
[Tracker Process 0] Ep 2625 | Return 0.37 | Global 0.3717 | Local 0.1192 | F1_macro 0.7839 | WorstLoss 1.3109
[Tracker Process 0] Ep 2626 | Return 0.43 | Global 0.4259 | Local 0.1192 | F1_macro 0.7591 | WorstLoss 1.1979
[Tracker Process 0] Ep 2627 | Return 0.39 | Global 0.3923 | Local 0.1192 | F1_macro 0.7249 | WorstLoss 1.2680
[Tracker Process 0] Ep 2628 | Return 0.53 | Global 0.5257 | Local 0.1192 | F1_macro 0.7743 | WorstLoss 0.9897
[Tracker Process 0] Ep 2629 | Return 0.47 | Global 0.4651 | Local 0.1192 | F1_macro 0.7691 | WorstLoss 1.1162
[Tracker Process 0] Ep 2630 | Return 0.54 | Global 0.5406 | Local 0.1192 | F1_macro 0.7775 | WorstLoss 0.9584
[Tracker Process 0] Ep 2631 | Return 0.33 | Global 0.3280 | Local 0.1192 | F1_macro 0.7316 | WorstLoss 1.4021
[Tracker Process 0] Ep 2632 | Return 0.44 | Global 0.4446 | Local 0.1192 | F1_macro 0.7752 | WorstLoss 1.1588
[Tracker Process 0] Ep 2633 | Return 0.48 | Global 0.4754 | Local 0.1192 | F1_macro 0.7839 | WorstLoss 1.0945
[Tracker Process 0] Ep 2634 | Return 0.46 | Global 0.4613 | Local 0.1192 | F1_macro 0.7748 | WorstLoss 1.1240
[Tracker Process 0] Ep 2635 | Return 0.51 | Global 0.5140 | Local 0.1192 | F1_macro 0.7932 | WorstLoss 1.0141
[Tracker Process 0] Ep 2636 | Return 0.53 | Global 0.5319 | Local 0.1192 | F1_macro 0.8049 | WorstLoss 0.9768
[Tracker Process 0] Ep 2637 | Return 0.49 | Global 0.4925 | Local 0.1192 | F1_macro 0.7804 | WorstLoss 1.0589
[Tracker Process 0] Ep 2638 | Return 0.54 | Global 0.5352 | Local 0.1192 | F1_macro 0.7647 | WorstLoss 0.9698
[Tracker Process 0] Ep 2639 | Return 0.56 | Global 0.5634 | Local 0.1192 | F1_macro 0.7601 | WorstLoss 0.9110
[Tracker Process 0] Ep 2640 | Return 0.43 | Global 0.4337 | Local 0.1192 | F1_macro 0.7999 | WorstLoss 1.1816
[Tracker Process 0] Ep 2641 | Return 0.47 | Global 0.4739 | Local 0.1192 | F1_macro 0.7646 | WorstLoss 1.0977
[Tracker Process 0] Ep 2642 | Return 0.48 | Global 0.4805 | Local 0.1192 | F1_macro 0.7846 | WorstLoss 1.0840
[Tracker Process 0] Ep 2643 | Return 0.48 | Global 0.4767 | Local 0.1192 | F1_macro 0.7823 | WorstLoss 1.0918
[Tracker Process 0] Ep 2644 | Return 0.43 | Global 0.4339 | Local 0.1192 | F1_macro 0.7892 | WorstLoss 1.1813
[Tracker Process 0] Ep 2645 | Return 0.38 | Global 0.3773 | Local 0.1192 | F1_macro 0.7356 | WorstLoss 1.2993
[Tracker Process 0] Ep 2646 | Return 0.47 | Global 0.4721 | Local 0.1192 | F1_macro 0.7609 | WorstLoss 1.1015
[Tracker Process 0] Ep 2647 | Return 0.29 | Global 0.2885 | Local 0.1192 | F1_macro 0.7695 | WorstLoss 1.4846
[Tracker Process 0] Ep 2648 | Return 0.49 | Global 0.4930 | Local 0.1192 | F1_macro 0.7727 | WorstLoss 1.0578
[Tracker Process 0] Ep 2649 | Return 0.20 | Global 0.1999 | Local 0.1192 | F1_macro 0.7251 | WorstLoss 1.6694
[Tracker Process 0] Ep 2650 | Return 0.54 | Global 0.5399 | Local 0.1192 | F1_macro 0.7978 | WorstLoss 0.9599
[Tracker Process 0] Ep 2651 | Return 0.45 | Global 0.4510 | Local 0.1192 | F1_macro 0.7515 | WorstLoss 1.1455
[Tracker Process 0] Ep 2652 | Return 0.50 | Global 0.5004 | Local 0.1192 | F1_macro 0.7752 | WorstLoss 1.0424
[Tracker Process 0] Ep 2653 | Return 0.44 | Global 0.4407 | Local 0.1192 | F1_macro 0.8172 | WorstLoss 1.1671
[Tracker Process 0] Ep 2654 | Return 0.46 | Global 0.4626 | Local 0.1192 | F1_macro 0.7786 | WorstLoss 1.1214
[Tracker Process 0] Ep 2655 | Return 0.30 | Global 0.2978 | Local 0.1192 | F1_macro 0.7314 | WorstLoss 1.4652
[Tracker Process 0] Ep 2656 | Return 0.48 | Global 0.4796 | Local 0.1192 | F1_macro 0.7897 | WorstLoss 1.0857
[Tracker Process 0] Ep 2657 | Return 0.45 | Global 0.4546 | Local 0.1192 | F1_macro 0.7974 | WorstLoss 1.1381
[Tracker Process 0] Ep 2658 | Return 0.50 | Global 0.5046 | Local 0.1192 | F1_macro 0.7732 | WorstLoss 1.0336
[Tracker Process 0] Ep 2659 | Return 0.41 | Global 0.4078 | Local 0.1192 | F1_macro 0.7435 | WorstLoss 1.2357
[Tracker Process 0] Ep 2660 | Return 0.45 | Global 0.4466 | Local 0.1192 | F1_macro 0.7684 | WorstLoss 1.1547
[Tracker Process 0] Ep 2661 | Return 0.42 | Global 0.4201 | Local 0.1192 | F1_macro 0.7801 | WorstLoss 1.2099
[Tracker Process 0] Ep 2662 | Return -0.15 | Global -0.1548 | Local 0.1192 | F1_macro 0.7397 | WorstLoss 2.4095
[Tracker Process 0] Ep 2663 | Return 0.45 | Global 0.4523 | Local 0.1192 | F1_macro 0.7675 | WorstLoss 1.1428
[Tracker Process 0] Ep 2664 | Return 0.55 | Global 0.5469 | Local 0.1192 | F1_macro 0.7580 | WorstLoss 0.9454
[Tracker Process 0] Ep 2665 | Return 0.50 | Global 0.5010 | Local 0.1192 | F1_macro 0.7770 | WorstLoss 1.0412
[Tracker Process 0] Ep 2666 | Return 0.35 | Global 0.3526 | Local 0.1192 | F1_macro 0.7557 | WorstLoss 1.3508
[Tracker Process 0] Ep 2667 | Return 0.50 | Global 0.5044 | Local 0.1192 | F1_macro 0.7584 | WorstLoss 1.0340
[Tracker Process 0] Ep 2668 | Return -0.35 | Global -0.3479 | Local 0.1192 | F1_macro 0.6746 | WorstLoss 2.8124
[Tracker Process 0] Ep 2669 | Return 0.36 | Global 0.3620 | Local 0.1192 | F1_macro 0.7384 | WorstLoss 1.3311
[Tracker Process 0] Ep 2670 | Return 0.33 | Global 0.3298 | Local 0.1192 | F1_macro 0.7705 | WorstLoss 1.3983
[Tracker Process 0] Ep 2671 | Return 0.38 | Global 0.3786 | Local 0.1192 | F1_macro 0.7529 | WorstLoss 1.2966
[Tracker Process 0] Ep 2672 | Return 0.52 | Global 0.5180 | Local 0.1192 | F1_macro 0.7657 | WorstLoss 1.0057
[Tracker Process 0] Ep 2673 | Return 0.50 | Global 0.5007 | Local 0.1192 | F1_macro 0.7953 | WorstLoss 1.0418
[Tracker Process 0] Ep 2674 | Return 0.52 | Global 0.5230 | Local 0.1192 | F1_macro 0.7594 | WorstLoss 0.9952
[Tracker Process 0] Ep 2675 | Return 0.44 | Global 0.4377 | Local 0.1192 | F1_macro 0.7704 | WorstLoss 1.1732
[Tracker Process 0] Ep 2676 | Return 0.47 | Global 0.4669 | Local 0.1192 | F1_macro 0.7905 | WorstLoss 1.1124
[Tracker Process 0] Ep 2677 | Return 0.46 | Global 0.4598 | Local 0.1192 | F1_macro 0.7853 | WorstLoss 1.1271
[Tracker Process 0] Ep 2678 | Return 0.37 | Global 0.3671 | Local 0.1192 | F1_macro 0.7373 | WorstLoss 1.3206
[Tracker Process 0] Ep 2679 | Return 0.53 | Global 0.5348 | Local 0.1192 | F1_macro 0.7882 | WorstLoss 0.9707
[Tracker Process 0] Ep 2680 | Return 0.37 | Global 0.3650 | Local 0.1192 | F1_macro 0.7602 | WorstLoss 1.3249
[Tracker Process 0] Ep 2681 | Return 0.44 | Global 0.4445 | Local 0.1192 | F1_macro 0.7474 | WorstLoss 1.1590
[Tracker Process 0] Ep 2682 | Return 0.45 | Global 0.4527 | Local 0.1192 | F1_macro 0.8039 | WorstLoss 1.1420
[Tracker Process 0] Ep 2683 | Return 0.51 | Global 0.5055 | Local 0.1192 | F1_macro 0.7538 | WorstLoss 1.0319
[Tracker Process 0] Ep 2684 | Return 0.29 | Global 0.2930 | Local 0.1192 | F1_macro 0.7041 | WorstLoss 1.4751
[Tracker Process 0] Ep 2685 | Return 0.52 | Global 0.5247 | Local 0.1192 | F1_macro 0.7657 | WorstLoss 0.9918
[Tracker Process 0] Ep 2686 | Return 0.47 | Global 0.4704 | Local 0.1192 | F1_macro 0.7832 | WorstLoss 1.1050
[Tracker Process 0] Ep 2687 | Return 0.43 | Global 0.4256 | Local 0.1192 | F1_macro 0.7932 | WorstLoss 1.1986
[Tracker Process 0] Ep 2688 | Return 0.41 | Global 0.4112 | Local 0.1192 | F1_macro 0.7448 | WorstLoss 1.2285
[Tracker Process 0] Ep 2689 | Return 0.47 | Global 0.4675 | Local 0.1192 | F1_macro 0.7995 | WorstLoss 1.1111
[Tracker Process 0] Ep 2690 | Return 0.50 | Global 0.5030 | Local 0.1192 | F1_macro 0.7995 | WorstLoss 1.0370
[Tracker Process 0] Ep 2691 | Return 0.46 | Global 0.4649 | Local 0.1192 | F1_macro 0.7734 | WorstLoss 1.1165
[Tracker Process 0] Ep 2692 | Return 0.43 | Global 0.4288 | Local 0.1192 | F1_macro 0.7912 | WorstLoss 1.1919
[Tracker Process 0] Ep 2693 | Return 0.50 | Global 0.4990 | Local 0.1192 | F1_macro 0.7970 | WorstLoss 1.0454
[Tracker Process 0] Ep 2694 | Return 0.37 | Global 0.3737 | Local 0.1192 | F1_macro 0.7550 | WorstLoss 1.3067
[Tracker Process 0] Ep 2695 | Return 0.31 | Global 0.3103 | Local 0.1192 | F1_macro 0.7557 | WorstLoss 1.4392
[Tracker Process 0] Ep 2696 | Return 0.40 | Global 0.4005 | Local 0.1192 | F1_macro 0.7557 | WorstLoss 1.2510
[Tracker Process 0] Ep 2697 | Return 0.26 | Global 0.2642 | Local 0.1192 | F1_macro 0.6974 | WorstLoss 1.5353
[Tracker Process 0] Ep 2698 | Return 0.36 | Global 0.3635 | Local 0.1192 | F1_macro 0.7595 | WorstLoss 1.3280
[Tracker Process 0] Ep 2699 | Return 0.35 | Global 0.3535 | Local 0.1192 | F1_macro 0.7640 | WorstLoss 1.3488
[Tracker Process 0] Ep 2700 | Return 0.43 | Global 0.4317 | Local 0.1192 | F1_macro 0.7902 | WorstLoss 1.1858
[Tracker Process 0] Saved snapshot: ep2700_phase1_class1
[Tracker Process 0] Ep 2701 | Return 0.43 | Global 0.4262 | Local 0.1192 | F1_macro 0.7968 | WorstLoss 1.1972
[Tracker Process 0] Ep 2702 | Return 0.45 | Global 0.4453 | Local 0.1192 | F1_macro 0.7416 | WorstLoss 1.1574
[Tracker Process 0] Ep 2703 | Return 0.41 | Global 0.4093 | Local 0.1192 | F1_macro 0.7602 | WorstLoss 1.2324
[Tracker Process 0] Ep 2704 | Return 0.33 | Global 0.3293 | Local 0.1192 | F1_macro 0.7634 | WorstLoss 1.3993
[Tracker Process 0] Ep 2705 | Return 0.42 | Global 0.4198 | Local 0.1192 | F1_macro 0.7846 | WorstLoss 1.2105
[Tracker Process 0] Ep 2706 | Return 0.44 | Global 0.4359 | Local 0.1192 | F1_macro 0.7859 | WorstLoss 1.1771
[Tracker Process 0] Ep 2707 | Return 0.36 | Global 0.3567 | Local 0.1192 | F1_macro 0.7337 | WorstLoss 1.3423
[Tracker Process 0] Ep 2708 | Return 0.42 | Global 0.4247 | Local 0.1192 | F1_macro 0.7657 | WorstLoss 1.2004
[Tracker Process 0] Ep 2709 | Return 0.42 | Global 0.4234 | Local 0.1192 | F1_macro 0.7599 | WorstLoss 1.2030
[Tracker Process 0] Ep 2710 | Return 0.53 | Global 0.5333 | Local 0.1192 | F1_macro 0.7763 | WorstLoss 0.9738
[Tracker Process 0] Ep 2711 | Return 0.42 | Global 0.4201 | Local 0.1192 | F1_macro 0.7978 | WorstLoss 1.2101
[Tracker Process 0] Ep 2712 | Return 0.30 | Global 0.3016 | Local 0.1192 | F1_macro 0.7337 | WorstLoss 1.4573
[Tracker Process 0] Ep 2713 | Return 0.44 | Global 0.4423 | Local 0.1192 | F1_macro 0.7704 | WorstLoss 1.1636
[Tracker Process 0] Ep 2714 | Return 0.37 | Global 0.3736 | Local 0.1192 | F1_macro 0.7346 | WorstLoss 1.3071
[Tracker Process 0] Ep 2715 | Return 0.48 | Global 0.4798 | Local 0.1192 | F1_macro 0.7691 | WorstLoss 1.0853
[Tracker Process 0] Ep 2716 | Return 0.56 | Global 0.5558 | Local 0.1192 | F1_macro 0.7978 | WorstLoss 0.9268
[Tracker Process 0] Ep 2717 | Return 0.39 | Global 0.3863 | Local 0.1192 | F1_macro 0.7551 | WorstLoss 1.2804
[Tracker Process 0] Ep 2718 | Return 0.28 | Global 0.2843 | Local 0.1192 | F1_macro 0.7196 | WorstLoss 1.4933
[Tracker Process 0] Ep 2719 | Return 0.32 | Global 0.3185 | Local 0.1192 | F1_macro 0.7312 | WorstLoss 1.4219
[Tracker Process 0] Ep 2720 | Return 0.52 | Global 0.5198 | Local 0.1192 | F1_macro 0.7901 | WorstLoss 1.0020
[Tracker Process 0] Ep 2721 | Return 0.41 | Global 0.4106 | Local 0.1192 | F1_macro 0.7719 | WorstLoss 1.2298
[Tracker Process 0] Ep 2722 | Return 0.35 | Global 0.3518 | Local 0.1192 | F1_macro 0.7231 | WorstLoss 1.3525
[Tracker Process 0] Ep 2723 | Return 0.46 | Global 0.4594 | Local 0.1192 | F1_macro 0.7713 | WorstLoss 1.1279
[Tracker Process 0] Ep 2724 | Return 0.41 | Global 0.4051 | Local 0.1192 | F1_macro 0.7774 | WorstLoss 1.2413
[Tracker Process 0] Ep 2725 | Return 0.22 | Global 0.2171 | Local 0.1192 | F1_macro 0.7395 | WorstLoss 1.6336
[Tracker Process 0] Ep 2726 | Return 0.34 | Global 0.3450 | Local 0.1192 | F1_macro 0.7716 | WorstLoss 1.3667
[Tracker Process 0] Ep 2727 | Return 0.53 | Global 0.5338 | Local 0.1192 | F1_macro 0.7711 | WorstLoss 0.9728
[Tracker Process 0] Ep 2728 | Return 0.43 | Global 0.4265 | Local 0.1192 | F1_macro 0.8150 | WorstLoss 1.1967
[Tracker Process 0] Ep 2729 | Return 0.50 | Global 0.5045 | Local 0.1192 | F1_macro 0.7794 | WorstLoss 1.0340
[Tracker Process 0] Ep 2730 | Return 0.40 | Global 0.3990 | Local 0.1192 | F1_macro 0.7337 | WorstLoss 1.2540
[Tracker Process 0] Ep 2731 | Return 0.48 | Global 0.4818 | Local 0.1192 | F1_macro 0.7760 | WorstLoss 1.0813
[Tracker Process 0] Ep 2732 | Return 0.32 | Global 0.3239 | Local 0.1192 | F1_macro 0.7685 | WorstLoss 1.4106
[Tracker Process 0] Ep 2733 | Return 0.45 | Global 0.4542 | Local 0.1192 | F1_macro 0.7770 | WorstLoss 1.1388
[Tracker Process 0] Ep 2734 | Return 0.42 | Global 0.4177 | Local 0.1192 | F1_macro 0.7927 | WorstLoss 1.2149
[Tracker Process 0] Ep 2735 | Return 0.37 | Global 0.3684 | Local 0.1192 | F1_macro 0.7695 | WorstLoss 1.3179
[Tracker Process 0] Ep 2736 | Return 0.49 | Global 0.4902 | Local 0.1192 | F1_macro 0.7714 | WorstLoss 1.0637
[Tracker Process 0] Ep 2737 | Return 0.46 | Global 0.4590 | Local 0.1192 | F1_macro 0.8078 | WorstLoss 1.1289
[Tracker Process 0] Ep 2738 | Return 0.54 | Global 0.5428 | Local 0.1192 | F1_macro 0.7683 | WorstLoss 0.9539
[Tracker Process 0] Ep 2739 | Return 0.42 | Global 0.4170 | Local 0.1192 | F1_macro 0.7978 | WorstLoss 1.2164
[Tracker Process 0] Ep 2740 | Return 0.44 | Global 0.4407 | Local 0.1192 | F1_macro 0.7992 | WorstLoss 1.1669
[Tracker Process 0] Ep 2741 | Return 0.45 | Global 0.4458 | Local 0.1192 | F1_macro 0.7461 | WorstLoss 1.1564
[Tracker Process 0] Ep 2742 | Return 0.46 | Global 0.4615 | Local 0.1192 | F1_macro 0.7639 | WorstLoss 1.1235
[Tracker Process 0] Ep 2743 | Return 0.47 | Global 0.4671 | Local 0.1192 | F1_macro 0.7799 | WorstLoss 1.1118
[Tracker Process 0] Ep 2744 | Return 0.38 | Global 0.3834 | Local 0.1192 | F1_macro 0.7441 | WorstLoss 1.2865
[Tracker Process 0] Ep 2745 | Return 0.31 | Global 0.3096 | Local 0.1192 | F1_macro 0.7634 | WorstLoss 1.4405
[Tracker Process 0] Ep 2746 | Return 0.35 | Global 0.3544 | Local 0.1192 | F1_macro 0.7714 | WorstLoss 1.3470
[Tracker Process 0] Ep 2747 | Return 0.51 | Global 0.5135 | Local 0.1192 | F1_macro 0.7713 | WorstLoss 1.0151
[Tracker Process 0] Ep 2748 | Return 0.44 | Global 0.4372 | Local 0.1192 | F1_macro 0.7465 | WorstLoss 1.1743
[Tracker Process 0] Ep 2749 | Return 0.54 | Global 0.5407 | Local 0.1192 | F1_macro 0.7825 | WorstLoss 0.9584
[Tracker Process 0] Ep 2750 | Return 0.13 | Global 0.1345 | Local 0.1192 | F1_macro 0.6979 | WorstLoss 1.8060
[Tracker Process 0] Ep 2751 | Return 0.50 | Global 0.5013 | Local 0.1192 | F1_macro 0.8002 | WorstLoss 1.0406
[Tracker Process 0] Ep 2752 | Return 0.54 | Global 0.5400 | Local 0.1192 | F1_macro 0.7703 | WorstLoss 0.9598
[Tracker Process 0] Ep 2753 | Return 0.38 | Global 0.3795 | Local 0.1192 | F1_macro 0.7662 | WorstLoss 1.2946
[Tracker Process 0] Ep 2754 | Return 0.41 | Global 0.4105 | Local 0.1192 | F1_macro 0.7758 | WorstLoss 1.2299
[Tracker Process 0] Ep 2755 | Return 0.50 | Global 0.4981 | Local 0.1192 | F1_macro 0.7582 | WorstLoss 1.0473
[Tracker Process 0] Ep 2756 | Return 0.43 | Global 0.4330 | Local 0.1192 | F1_macro 0.7599 | WorstLoss 1.1831
[Tracker Process 0] Ep 2757 | Return 0.27 | Global 0.2671 | Local 0.1192 | F1_macro 0.7823 | WorstLoss 1.5293
[Tracker Process 0] Ep 2758 | Return 0.30 | Global 0.3047 | Local 0.1192 | F1_macro 0.7748 | WorstLoss 1.4507
[Tracker Process 0] Ep 2759 | Return 0.51 | Global 0.5121 | Local 0.1192 | F1_macro 0.7452 | WorstLoss 1.0179
[Tracker Process 0] Ep 2760 | Return 0.41 | Global 0.4060 | Local 0.1192 | F1_macro 0.7587 | WorstLoss 1.2394
[Tracker Process 0] Ep 2761 | Return 0.37 | Global 0.3739 | Local 0.1192 | F1_macro 0.7617 | WorstLoss 1.3064
[Tracker Process 0] Ep 2762 | Return 0.52 | Global 0.5246 | Local 0.1192 | F1_macro 0.7763 | WorstLoss 0.9919
[Tracker Process 0] Ep 2763 | Return 0.29 | Global 0.2914 | Local 0.1192 | F1_macro 0.7282 | WorstLoss 1.4786
[Tracker Process 0] Ep 2764 | Return 0.37 | Global 0.3725 | Local 0.1192 | F1_macro 0.7472 | WorstLoss 1.3092
[Tracker Process 0] Ep 2765 | Return 0.44 | Global 0.4362 | Local 0.1192 | F1_macro 0.7716 | WorstLoss 1.1764
[Tracker Process 0] Ep 2766 | Return 0.47 | Global 0.4717 | Local 0.1192 | F1_macro 0.7801 | WorstLoss 1.1022
[Tracker Process 0] Ep 2767 | Return 0.32 | Global 0.3153 | Local 0.1192 | F1_macro 0.7023 | WorstLoss 1.4287
[Tracker Process 0] Ep 2768 | Return 0.32 | Global 0.3185 | Local 0.1192 | F1_macro 0.7640 | WorstLoss 1.4220
[Tracker Process 0] Ep 2769 | Return 0.55 | Global 0.5502 | Local 0.1192 | F1_macro 0.7974 | WorstLoss 0.9386
[Tracker Process 0] Ep 2770 | Return 0.39 | Global 0.3903 | Local 0.1192 | F1_macro 0.7529 | WorstLoss 1.2722
[Tracker Process 0] Ep 2771 | Return 0.40 | Global 0.4024 | Local 0.1192 | F1_macro 0.8020 | WorstLoss 1.2469
[Tracker Process 0] Ep 2772 | Return 0.50 | Global 0.4984 | Local 0.1192 | F1_macro 0.8035 | WorstLoss 1.0467
[Tracker Process 0] Ep 2773 | Return 0.44 | Global 0.4405 | Local 0.1192 | F1_macro 0.7846 | WorstLoss 1.1675
[Tracker Process 0] Ep 2774 | Return 0.32 | Global 0.3213 | Local 0.1192 | F1_macro 0.7298 | WorstLoss 1.4162
[Tracker Process 0] Ep 2775 | Return 0.27 | Global 0.2735 | Local 0.1192 | F1_macro 0.7350 | WorstLoss 1.5158
[Tracker Process 0] Ep 2776 | Return 0.37 | Global 0.3719 | Local 0.1192 | F1_macro 0.8099 | WorstLoss 1.3106
[Tracker Process 0] Ep 2777 | Return 0.46 | Global 0.4631 | Local 0.1192 | F1_macro 0.7771 | WorstLoss 1.1202
[Tracker Process 0] Ep 2778 | Return 0.40 | Global 0.4044 | Local 0.1192 | F1_macro 0.7557 | WorstLoss 1.2428
[Tracker Process 0] Ep 2779 | Return 0.43 | Global 0.4266 | Local 0.1192 | F1_macro 0.7665 | WorstLoss 1.1964
[Tracker Process 0] Ep 2780 | Return 0.31 | Global 0.3148 | Local 0.1192 | F1_macro 0.7378 | WorstLoss 1.4296
[Tracker Process 0] Ep 2781 | Return 0.45 | Global 0.4528 | Local 0.1192 | F1_macro 0.7675 | WorstLoss 1.1417
[Tracker Process 0] Ep 2782 | Return 0.41 | Global 0.4083 | Local 0.1192 | F1_macro 0.8170 | WorstLoss 1.2345
[Tracker Process 0] Ep 2783 | Return 0.45 | Global 0.4457 | Local 0.1192 | F1_macro 0.7752 | WorstLoss 1.1565
[Tracker Process 0] Ep 2784 | Return 0.51 | Global 0.5107 | Local 0.1192 | F1_macro 0.7804 | WorstLoss 1.0210
[Tracker Process 0] Ep 2785 | Return 0.37 | Global 0.3715 | Local 0.1192 | F1_macro 0.7974 | WorstLoss 1.3114
[Tracker Process 0] Ep 2786 | Return 0.27 | Global 0.2699 | Local 0.1192 | F1_macro 0.7583 | WorstLoss 1.5234
[Tracker Process 0] Ep 2787 | Return 0.27 | Global 0.2719 | Local 0.1192 | F1_macro 0.7452 | WorstLoss 1.5192
[Tracker Process 0] Ep 2788 | Return 0.37 | Global 0.3660 | Local 0.1192 | F1_macro 0.8154 | WorstLoss 1.3229
[Tracker Process 0] Ep 2789 | Return 0.48 | Global 0.4841 | Local 0.1192 | F1_macro 0.7713 | WorstLoss 1.0764
[Tracker Process 0] Ep 2790 | Return 0.31 | Global 0.3054 | Local 0.1192 | F1_macro 0.7412 | WorstLoss 1.4493
[Tracker Process 0] Ep 2791 | Return 0.01 | Global 0.0055 | Local 0.1192 | F1_macro 0.6804 | WorstLoss 2.0750
[Tracker Process 0] Ep 2792 | Return -0.09 | Global -0.0910 | Local 0.1192 | F1_macro 0.6804 | WorstLoss 2.2764
[Tracker Process 0] Ep 2793 | Return 0.41 | Global 0.4059 | Local 0.1192 | F1_macro 0.7628 | WorstLoss 1.2396
[Tracker Process 0] Ep 2794 | Return 0.29 | Global 0.2917 | Local 0.1192 | F1_macro 0.7672 | WorstLoss 1.4778
[Tracker Process 0] Ep 2795 | Return 0.50 | Global 0.5004 | Local 0.1192 | F1_macro 0.7794 | WorstLoss 1.0425
[Tracker Process 0] Ep 2796 | Return 0.30 | Global 0.2965 | Local 0.1192 | F1_macro 0.7317 | WorstLoss 1.4679
[Tracker Process 0] Ep 2797 | Return 0.22 | Global 0.2171 | Local 0.1192 | F1_macro 0.7624 | WorstLoss 1.6335
[Tracker Process 0] Ep 2798 | Return 0.51 | Global 0.5050 | Local 0.1192 | F1_macro 0.7732 | WorstLoss 1.0327
[Tracker Process 0] Ep 2799 | Return 0.33 | Global 0.3331 | Local 0.1192 | F1_macro 0.7248 | WorstLoss 1.3915
[Tracker Process 0] Ep 2800 | Return 0.34 | Global 0.3429 | Local 0.1192 | F1_macro 0.7464 | WorstLoss 1.3711
[Tracker Process 0] Ep 2801 | Return 0.27 | Global 0.2728 | Local 0.1192 | F1_macro 0.7694 | WorstLoss 1.5173
[Tracker Process 0] Ep 2802 | Return 0.36 | Global 0.3614 | Local 0.1192 | F1_macro 0.7488 | WorstLoss 1.3324
[Tracker Process 0] Ep 2803 | Return 0.45 | Global 0.4497 | Local 0.1192 | F1_macro 0.7333 | WorstLoss 1.1483
[Tracker Process 0] Ep 2804 | Return 0.45 | Global 0.4469 | Local 0.1192 | F1_macro 0.7839 | WorstLoss 1.1540
[Tracker Process 0] Ep 2805 | Return 0.37 | Global 0.3713 | Local 0.1192 | F1_macro 0.7978 | WorstLoss 1.3118
[Tracker Process 0] Ep 2806 | Return 0.38 | Global 0.3763 | Local 0.1192 | F1_macro 0.7695 | WorstLoss 1.3013
[Tracker Process 0] Ep 2807 | Return 0.38 | Global 0.3812 | Local 0.1192 | F1_macro 0.7498 | WorstLoss 1.2911
[Tracker Process 0] Ep 2808 | Return 0.43 | Global 0.4264 | Local 0.1192 | F1_macro 0.7675 | WorstLoss 1.1968
[Tracker Process 0] Ep 2809 | Return 0.46 | Global 0.4644 | Local 0.1192 | F1_macro 0.7705 | WorstLoss 1.1175
[Tracker Process 0] Ep 2810 | Return 0.47 | Global 0.4668 | Local 0.1192 | F1_macro 0.7704 | WorstLoss 1.1125
[Tracker Process 0] Ep 2811 | Return 0.50 | Global 0.4959 | Local 0.1192 | F1_macro 0.7861 | WorstLoss 1.0518
[Tracker Process 0] Ep 2812 | Return 0.49 | Global 0.4915 | Local 0.1192 | F1_macro 0.7621 | WorstLoss 1.0610
[Tracker Process 0] Ep 2813 | Return 0.31 | Global 0.3087 | Local 0.1192 | F1_macro 0.7678 | WorstLoss 1.4425
[Tracker Process 0] Ep 2814 | Return 0.39 | Global 0.3897 | Local 0.1192 | F1_macro 0.7628 | WorstLoss 1.2733
[Tracker Process 0] Ep 2815 | Return 0.35 | Global 0.3502 | Local 0.1192 | F1_macro 0.7298 | WorstLoss 1.3559
[Tracker Process 0] Ep 2816 | Return 0.28 | Global 0.2756 | Local 0.1192 | F1_macro 0.7101 | WorstLoss 1.5114
[Tracker Process 0] Ep 2817 | Return 0.46 | Global 0.4599 | Local 0.1192 | F1_macro 0.7628 | WorstLoss 1.1270
[Tracker Process 0] Ep 2818 | Return 0.47 | Global 0.4661 | Local 0.1192 | F1_macro 0.7578 | WorstLoss 1.1140
[Tracker Process 0] Ep 2819 | Return 0.32 | Global 0.3207 | Local 0.1192 | F1_macro 0.7317 | WorstLoss 1.4174
[Tracker Process 0] Ep 2820 | Return 0.13 | Global 0.1302 | Local 0.1192 | F1_macro 0.7276 | WorstLoss 1.8149
[Tracker Process 0] Ep 2821 | Return 0.28 | Global 0.2794 | Local 0.1192 | F1_macro 0.7260 | WorstLoss 1.5036
[Tracker Process 0] Ep 2822 | Return 0.48 | Global 0.4789 | Local 0.1192 | F1_macro 0.7880 | WorstLoss 1.0872
[Tracker Process 0] Ep 2823 | Return 0.43 | Global 0.4316 | Local 0.1192 | F1_macro 0.7580 | WorstLoss 1.1860
[Tracker Process 0] Ep 2824 | Return 0.45 | Global 0.4520 | Local 0.1192 | F1_macro 0.7714 | WorstLoss 1.1435
[Tracker Process 0] Ep 2825 | Return 0.47 | Global 0.4731 | Local 0.1192 | F1_macro 0.7823 | WorstLoss 1.0994
[Tracker Process 0] Ep 2826 | Return 0.41 | Global 0.4123 | Local 0.1192 | F1_macro 0.7694 | WorstLoss 1.2262
[Tracker Process 0] Ep 2827 | Return 0.49 | Global 0.4905 | Local 0.1192 | F1_macro 0.7675 | WorstLoss 1.0630
[Tracker Process 0] Ep 2828 | Return 0.26 | Global 0.2574 | Local 0.1192 | F1_macro 0.7445 | WorstLoss 1.5494
[Tracker Process 0] Ep 2829 | Return 0.27 | Global 0.2741 | Local 0.1192 | F1_macro 0.7506 | WorstLoss 1.5146
[Tracker Process 0] Ep 2830 | Return 0.38 | Global 0.3805 | Local 0.1192 | F1_macro 0.7752 | WorstLoss 1.2925
[Tracker Process 0] Ep 2831 | Return 0.44 | Global 0.4440 | Local 0.1192 | F1_macro 0.7711 | WorstLoss 1.1600
[Tracker Process 0] Ep 2832 | Return 0.53 | Global 0.5317 | Local 0.1192 | F1_macro 0.7743 | WorstLoss 0.9771
[Tracker Process 0] Ep 2833 | Return 0.42 | Global 0.4164 | Local 0.1192 | F1_macro 0.7619 | WorstLoss 1.2176
[Tracker Process 0] Ep 2834 | Return 0.39 | Global 0.3916 | Local 0.1192 | F1_macro 0.7578 | WorstLoss 1.2695
[Tracker Process 0] Ep 2835 | Return 0.39 | Global 0.3929 | Local 0.1192 | F1_macro 0.7853 | WorstLoss 1.2667
[Tracker Process 0] Ep 2836 | Return 0.43 | Global 0.4348 | Local 0.1192 | F1_macro 0.7846 | WorstLoss 1.1792
[Tracker Process 0] Ep 2837 | Return 0.44 | Global 0.4445 | Local 0.1192 | F1_macro 0.7861 | WorstLoss 1.1590
[Tracker Process 0] Ep 2838 | Return 0.31 | Global 0.3075 | Local 0.1192 | F1_macro 0.7138 | WorstLoss 1.4450
[Tracker Process 0] Ep 2839 | Return 0.56 | Global 0.5599 | Local 0.1192 | F1_macro 0.7587 | WorstLoss 0.9182
[Tracker Process 0] Ep 2840 | Return 0.47 | Global 0.4686 | Local 0.1192 | F1_macro 0.7384 | WorstLoss 1.1087
[Tracker Process 0] Ep 2841 | Return 0.52 | Global 0.5172 | Local 0.1192 | F1_macro 0.7882 | WorstLoss 1.0074
[Tracker Process 0] Ep 2842 | Return 0.36 | Global 0.3592 | Local 0.1192 | F1_macro 0.7876 | WorstLoss 1.3371
[Tracker Process 0] Ep 2843 | Return 0.36 | Global 0.3554 | Local 0.1192 | F1_macro 0.7640 | WorstLoss 1.3451
[Tracker Process 0] Ep 2844 | Return 0.40 | Global 0.3984 | Local 0.1192 | F1_macro 0.7716 | WorstLoss 1.2553
[Tracker Process 0] Ep 2845 | Return 0.50 | Global 0.5022 | Local 0.1192 | F1_macro 0.7113 | WorstLoss 1.0386
[Tracker Process 0] Ep 2846 | Return 0.34 | Global 0.3414 | Local 0.1192 | F1_macro 0.7483 | WorstLoss 1.3741
[Tracker Process 0] Ep 2847 | Return 0.48 | Global 0.4814 | Local 0.1192 | F1_macro 0.7732 | WorstLoss 1.0821
[Tracker Process 0] Ep 2848 | Return 0.43 | Global 0.4278 | Local 0.1192 | F1_macro 0.7705 | WorstLoss 1.1940
[Tracker Process 0] Ep 2849 | Return 0.39 | Global 0.3924 | Local 0.1192 | F1_macro 0.7468 | WorstLoss 1.2677
[Tracker Process 0] Ep 2850 | Return 0.32 | Global 0.3174 | Local 0.1192 | F1_macro 0.7228 | WorstLoss 1.4242
[Tracker Process 0] Saved snapshot: ep2850_phase1_class1
[Tracker Process 0] Ep 2851 | Return 0.43 | Global 0.4297 | Local 0.1192 | F1_macro 0.7685 | WorstLoss 1.1899
[Tracker Process 0] Ep 2852 | Return 0.43 | Global 0.4314 | Local 0.1192 | F1_macro 0.7927 | WorstLoss 1.1864
[Tracker Process 0] Ep 2853 | Return 0.45 | Global 0.4536 | Local 0.1192 | F1_macro 0.7859 | WorstLoss 1.1401
[Tracker Process 0] Ep 2854 | Return 0.39 | Global 0.3941 | Local 0.1192 | F1_macro 0.7664 | WorstLoss 1.2642
[Tracker Process 0] Ep 2855 | Return 0.45 | Global 0.4528 | Local 0.1192 | F1_macro 0.7544 | WorstLoss 1.1417
[Tracker Process 0] Ep 2856 | Return 0.24 | Global 0.2384 | Local 0.1192 | F1_macro 0.7591 | WorstLoss 1.5891
[Tracker Process 0] Ep 2857 | Return 0.50 | Global 0.4963 | Local 0.1192 | F1_macro 0.7544 | WorstLoss 1.0509
[Tracker Process 0] Ep 2858 | Return 0.33 | Global 0.3296 | Local 0.1192 | F1_macro 0.7358 | WorstLoss 1.3989
[Tracker Process 0] Ep 2859 | Return 0.44 | Global 0.4383 | Local 0.1192 | F1_macro 0.7538 | WorstLoss 1.1720
[Tracker Process 0] Ep 2860 | Return 0.49 | Global 0.4889 | Local 0.1192 | F1_macro 0.7813 | WorstLoss 1.0664
[Tracker Process 0] Ep 2861 | Return 0.44 | Global 0.4435 | Local 0.1192 | F1_macro 0.7852 | WorstLoss 1.1611
[Tracker Process 0] Ep 2862 | Return 0.28 | Global 0.2850 | Local 0.1192 | F1_macro 0.7370 | WorstLoss 1.4919
[Tracker Process 0] Ep 2863 | Return 0.31 | Global 0.3065 | Local 0.1192 | F1_macro 0.7397 | WorstLoss 1.4470
[Tracker Process 0] Ep 2864 | Return 0.29 | Global 0.2931 | Local 0.1192 | F1_macro 0.7090 | WorstLoss 1.4750
[Tracker Process 0] Ep 2865 | Return 0.50 | Global 0.4954 | Local 0.1192 | F1_macro 0.7634 | WorstLoss 1.0529
[Tracker Process 0] Ep 2866 | Return 0.51 | Global 0.5094 | Local 0.1192 | F1_macro 0.7531 | WorstLoss 1.0236
[Tracker Process 0] Ep 2867 | Return 0.44 | Global 0.4413 | Local 0.1192 | F1_macro 0.7646 | WorstLoss 1.1657
[Tracker Process 0] Ep 2868 | Return 0.44 | Global 0.4428 | Local 0.1192 | F1_macro 0.7631 | WorstLoss 1.1626
[Tracker Process 0] Ep 2869 | Return 0.51 | Global 0.5057 | Local 0.1192 | F1_macro 0.7838 | WorstLoss 1.0314
[Tracker Process 0] Ep 2870 | Return 0.42 | Global 0.4194 | Local 0.1192 | F1_macro 0.8073 | WorstLoss 1.2115
[Tracker Process 0] Ep 2871 | Return 0.42 | Global 0.4215 | Local 0.1192 | F1_macro 0.7298 | WorstLoss 1.2070
[Tracker Process 0] Ep 2872 | Return 0.36 | Global 0.3646 | Local 0.1192 | F1_macro 0.7464 | WorstLoss 1.3257
[Tracker Process 0] Ep 2873 | Return 0.36 | Global 0.3559 | Local 0.1192 | F1_macro 0.7557 | WorstLoss 1.3439
[Tracker Process 0] Ep 2874 | Return 0.39 | Global 0.3950 | Local 0.1192 | F1_macro 0.7585 | WorstLoss 1.2624
[Tracker Process 0] Ep 2875 | Return 0.45 | Global 0.4473 | Local 0.1192 | F1_macro 0.8118 | WorstLoss 1.1532
[Tracker Process 0] Ep 2876 | Return 0.39 | Global 0.3892 | Local 0.1192 | F1_macro 0.7525 | WorstLoss 1.2744
[Tracker Process 0] Ep 2877 | Return 0.36 | Global 0.3562 | Local 0.1192 | F1_macro 0.7983 | WorstLoss 1.3433
[Tracker Process 0] Ep 2878 | Return 0.34 | Global 0.3410 | Local 0.1192 | F1_macro 0.7877 | WorstLoss 1.3751
[Tracker Process 0] Ep 2879 | Return 0.35 | Global 0.3500 | Local 0.1192 | F1_macro 0.7448 | WorstLoss 1.3563
[Tracker Process 0] Ep 2880 | Return 0.33 | Global 0.3312 | Local 0.1192 | F1_macro 0.7298 | WorstLoss 1.3954
[Tracker Process 0] Ep 2881 | Return 0.39 | Global 0.3864 | Local 0.1192 | F1_macro 0.7384 | WorstLoss 1.2804
[Tracker Process 0] Ep 2882 | Return 0.51 | Global 0.5070 | Local 0.1192 | F1_macro 0.7767 | WorstLoss 1.0286
[Tracker Process 0] Ep 2883 | Return 0.28 | Global 0.2752 | Local 0.1192 | F1_macro 0.7514 | WorstLoss 1.5124
[Tracker Process 0] Ep 2884 | Return 0.38 | Global 0.3798 | Local 0.1192 | F1_macro 0.7652 | WorstLoss 1.2940
[Tracker Process 0] Ep 2885 | Return 0.32 | Global 0.3219 | Local 0.1192 | F1_macro 0.7417 | WorstLoss 1.4150
[Tracker Process 0] Ep 2886 | Return 0.49 | Global 0.4910 | Local 0.1192 | F1_macro 0.8070 | WorstLoss 1.0621
[Tracker Process 0] Ep 2887 | Return 0.51 | Global 0.5093 | Local 0.1192 | F1_macro 0.7926 | WorstLoss 1.0238
[Tracker Process 0] Ep 2888 | Return 0.43 | Global 0.4288 | Local 0.1192 | F1_macro 0.7477 | WorstLoss 1.1919
[Tracker Process 0] Ep 2889 | Return 0.37 | Global 0.3665 | Local 0.1192 | F1_macro 0.7472 | WorstLoss 1.3218
[Tracker Process 0] Ep 2890 | Return 0.49 | Global 0.4899 | Local 0.1192 | F1_macro 0.8010 | WorstLoss 1.0643
[Tracker Process 0] Ep 2891 | Return 0.45 | Global 0.4517 | Local 0.1192 | F1_macro 0.7723 | WorstLoss 1.1440
[Tracker Process 0] Ep 2892 | Return 0.46 | Global 0.4589 | Local 0.1192 | F1_macro 0.7460 | WorstLoss 1.1290
[Tracker Process 0] Ep 2893 | Return 0.44 | Global 0.4371 | Local 0.1192 | F1_macro 0.7743 | WorstLoss 1.1744
[Tracker Process 0] Ep 2894 | Return 0.23 | Global 0.2302 | Local 0.1192 | F1_macro 0.7409 | WorstLoss 1.6061
[Tracker Process 0] Ep 2895 | Return 0.41 | Global 0.4122 | Local 0.1192 | F1_macro 0.7315 | WorstLoss 1.2264
[Tracker Process 0] Ep 2896 | Return 0.36 | Global 0.3564 | Local 0.1192 | F1_macro 0.7861 | WorstLoss 1.3429
[Tracker Process 0] Ep 2897 | Return 0.46 | Global 0.4647 | Local 0.1192 | F1_macro 0.7444 | WorstLoss 1.1168
[Tracker Process 0] Ep 2898 | Return 0.44 | Global 0.4440 | Local 0.1192 | F1_macro 0.7922 | WorstLoss 1.1602
[Tracker Process 0] Ep 2899 | Return 0.34 | Global 0.3401 | Local 0.1192 | F1_macro 0.7933 | WorstLoss 1.3770
[Tracker Process 0] Ep 2900 | Return 0.41 | Global 0.4124 | Local 0.1192 | F1_macro 0.7761 | WorstLoss 1.2261
[Tracker Process 0] Ep 2901 | Return 0.48 | Global 0.4818 | Local 0.1192 | F1_macro 0.7845 | WorstLoss 1.0813
[Tracker Process 0] Ep 2902 | Return 0.51 | Global 0.5117 | Local 0.1192 | F1_macro 0.7714 | WorstLoss 1.0189
[Tracker Process 0] Ep 2903 | Return 0.27 | Global 0.2707 | Local 0.1192 | F1_macro 0.7716 | WorstLoss 1.5217
[Tracker Process 0] Ep 2904 | Return 0.40 | Global 0.3991 | Local 0.1192 | F1_macro 0.7871 | WorstLoss 1.2538
[Tracker Process 0] Ep 2905 | Return 0.42 | Global 0.4226 | Local 0.1192 | F1_macro 0.7434 | WorstLoss 1.2048
[Tracker Process 0] Ep 2906 | Return 0.20 | Global 0.1958 | Local 0.1192 | F1_macro 0.7213 | WorstLoss 1.6781
[Tracker Process 0] Ep 2907 | Return 0.50 | Global 0.5039 | Local 0.1192 | F1_macro 0.7752 | WorstLoss 1.0352
[Tracker Process 0] Ep 2908 | Return 0.43 | Global 0.4346 | Local 0.1192 | F1_macro 0.7652 | WorstLoss 1.1796
[Tracker Process 0] Ep 2909 | Return 0.48 | Global 0.4752 | Local 0.1192 | F1_macro 0.7419 | WorstLoss 1.0949
[Tracker Process 0] Ep 2910 | Return 0.29 | Global 0.2895 | Local 0.1192 | F1_macro 0.7853 | WorstLoss 1.4826
[Tracker Process 0] Ep 2911 | Return 0.43 | Global 0.4280 | Local 0.1192 | F1_macro 0.7264 | WorstLoss 1.1934
[Tracker Process 0] Ep 2912 | Return 0.32 | Global 0.3171 | Local 0.1192 | F1_macro 0.8118 | WorstLoss 1.4248
[Tracker Process 0] Ep 2913 | Return 0.31 | Global 0.3131 | Local 0.1192 | F1_macro 0.7643 | WorstLoss 1.4331
[Tracker Process 0] Ep 2914 | Return 0.47 | Global 0.4680 | Local 0.1192 | F1_macro 0.7520 | WorstLoss 1.1100
[Tracker Process 0] Ep 2915 | Return 0.47 | Global 0.4660 | Local 0.1192 | F1_macro 0.7597 | WorstLoss 1.1142
[Tracker Process 0] Ep 2916 | Return 0.38 | Global 0.3819 | Local 0.1192 | F1_macro 0.7557 | WorstLoss 1.2897
[Tracker Process 0] Ep 2917 | Return 0.13 | Global 0.1284 | Local 0.1192 | F1_macro 0.7491 | WorstLoss 1.8185
[Tracker Process 0] Ep 2918 | Return 0.50 | Global 0.4954 | Local 0.1192 | F1_macro 0.7182 | WorstLoss 1.0528
[Tracker Process 0] Ep 2919 | Return 0.35 | Global 0.3491 | Local 0.1192 | F1_macro 0.7927 | WorstLoss 1.3581
[Tracker Process 0] Ep 2920 | Return 0.50 | Global 0.4966 | Local 0.1192 | F1_macro 0.7704 | WorstLoss 1.0503
[Tracker Process 0] Ep 2921 | Return 0.31 | Global 0.3112 | Local 0.1192 | F1_macro 0.7788 | WorstLoss 1.4371
[Tracker Process 0] Ep 2922 | Return 0.43 | Global 0.4281 | Local 0.1192 | F1_macro 0.7673 | WorstLoss 1.1932
[Tracker Process 0] Ep 2923 | Return 0.52 | Global 0.5229 | Local 0.1192 | F1_macro 0.7344 | WorstLoss 0.9954
[Tracker Process 0] Ep 2924 | Return 0.32 | Global 0.3220 | Local 0.1192 | F1_macro 0.7460 | WorstLoss 1.4146
[Tracker Process 0] Ep 2925 | Return 0.39 | Global 0.3889 | Local 0.1192 | F1_macro 0.7537 | WorstLoss 1.2751
[Tracker Process 0] Ep 2926 | Return 0.45 | Global 0.4497 | Local 0.1192 | F1_macro 0.7281 | WorstLoss 1.1483
[Tracker Process 0] Ep 2927 | Return 0.44 | Global 0.4428 | Local 0.1192 | F1_macro 0.7770 | WorstLoss 1.1626
[Tracker Process 0] Ep 2928 | Return 0.31 | Global 0.3068 | Local 0.1192 | F1_macro 0.7277 | WorstLoss 1.4464
[Tracker Process 0] Ep 2929 | Return 0.46 | Global 0.4645 | Local 0.1192 | F1_macro 0.7465 | WorstLoss 1.1173
[Tracker Process 0] Ep 2930 | Return 0.43 | Global 0.4278 | Local 0.1192 | F1_macro 0.7570 | WorstLoss 1.1940
[Tracker Process 0] Ep 2931 | Return 0.44 | Global 0.4393 | Local 0.1192 | F1_macro 0.7514 | WorstLoss 1.1699
[Tracker Process 0] Ep 2932 | Return 0.33 | Global 0.3267 | Local 0.1192 | F1_macro 0.7877 | WorstLoss 1.4048
[Tracker Process 0] Ep 2933 | Return 0.44 | Global 0.4438 | Local 0.1192 | F1_macro 0.7957 | WorstLoss 1.1606
[Tracker Process 0] Ep 2934 | Return 0.42 | Global 0.4234 | Local 0.1192 | F1_macro 0.7401 | WorstLoss 1.2030
[Tracker Process 0] Ep 2935 | Return 0.43 | Global 0.4318 | Local 0.1192 | F1_macro 0.7461 | WorstLoss 1.1855
[Tracker Process 0] Ep 2936 | Return 0.54 | Global 0.5392 | Local 0.1192 | F1_macro 0.7684 | WorstLoss 0.9615
[Tracker Process 0] Ep 2937 | Return 0.39 | Global 0.3866 | Local 0.1192 | F1_macro 0.7118 | WorstLoss 1.2798
[Tracker Process 0] Ep 2938 | Return 0.36 | Global 0.3584 | Local 0.1192 | F1_macro 0.7520 | WorstLoss 1.3387
[Tracker Process 0] Ep 2939 | Return 0.45 | Global 0.4453 | Local 0.1192 | F1_macro 0.7520 | WorstLoss 1.1574
[Tracker Process 0] Ep 2940 | Return 0.35 | Global 0.3510 | Local 0.1192 | F1_macro 0.7435 | WorstLoss 1.3542
[Tracker Process 0] Ep 2941 | Return 0.39 | Global 0.3912 | Local 0.1192 | F1_macro 0.7514 | WorstLoss 1.2703
[Tracker Process 0] Ep 2942 | Return 0.40 | Global 0.4002 | Local 0.1192 | F1_macro 0.7537 | WorstLoss 1.2515
[Tracker Process 0] Ep 2943 | Return 0.36 | Global 0.3648 | Local 0.1192 | F1_macro 0.7483 | WorstLoss 1.3253
[Tracker Process 0] Ep 2944 | Return 0.41 | Global 0.4066 | Local 0.1192 | F1_macro 0.7645 | WorstLoss 1.2381
[Tracker Process 0] Ep 2945 | Return 0.43 | Global 0.4345 | Local 0.1192 | F1_macro 0.7456 | WorstLoss 1.1800
[Tracker Process 0] Ep 2946 | Return 0.46 | Global 0.4581 | Local 0.1192 | F1_macro 0.7705 | WorstLoss 1.1308
[Tracker Process 0] Ep 2947 | Return 0.51 | Global 0.5089 | Local 0.1192 | F1_macro 0.7742 | WorstLoss 1.0247
[Tracker Process 0] Ep 2948 | Return 0.45 | Global 0.4536 | Local 0.1192 | F1_macro 0.7555 | WorstLoss 1.1400
[Tracker Process 0] Ep 2949 | Return 0.42 | Global 0.4212 | Local 0.1192 | F1_macro 0.7245 | WorstLoss 1.2077
[Tracker Process 0] Ep 2950 | Return 0.44 | Global 0.4395 | Local 0.1192 | F1_macro 0.7901 | WorstLoss 1.1695
[Tracker Process 0] Ep 2951 | Return 0.36 | Global 0.3608 | Local 0.1192 | F1_macro 0.7101 | WorstLoss 1.3336
[Tracker Process 0] Ep 2952 | Return 0.51 | Global 0.5064 | Local 0.1192 | F1_macro 0.7531 | WorstLoss 1.0298
[Tracker Process 0] Ep 2953 | Return 0.36 | Global 0.3596 | Local 0.1192 | F1_macro 0.7167 | WorstLoss 1.3361
[Tracker Process 0] Ep 2954 | Return 0.45 | Global 0.4526 | Local 0.1192 | F1_macro 0.7839 | WorstLoss 1.1421
[Tracker Process 0] Ep 2955 | Return 0.52 | Global 0.5154 | Local 0.1192 | F1_macro 0.7478 | WorstLoss 1.0111
[Tracker Process 0] Ep 2956 | Return 0.49 | Global 0.4854 | Local 0.1192 | F1_macro 0.7176 | WorstLoss 1.0736
[Tracker Process 0] Ep 2957 | Return 0.50 | Global 0.4968 | Local 0.1192 | F1_macro 0.7647 | WorstLoss 1.0498
[Tracker Process 0] Ep 2958 | Return 0.35 | Global 0.3540 | Local 0.1192 | F1_macro 0.7316 | WorstLoss 1.3478
[Tracker Process 0] Ep 2959 | Return 0.56 | Global 0.5581 | Local 0.1192 | F1_macro 0.7318 | WorstLoss 0.9220
[Tracker Process 0] Ep 2960 | Return 0.10 | Global 0.1030 | Local 0.1192 | F1_macro 0.6832 | WorstLoss 1.8716
[Tracker Process 0] Ep 2961 | Return 0.43 | Global 0.4313 | Local 0.1192 | F1_macro 0.7219 | WorstLoss 1.1865
[Tracker Process 0] Ep 2962 | Return 0.33 | Global 0.3288 | Local 0.1192 | F1_macro 0.7509 | WorstLoss 1.4005
[Tracker Process 0] Ep 2963 | Return 0.40 | Global 0.3990 | Local 0.1192 | F1_macro 0.7591 | WorstLoss 1.2539
[Tracker Process 0] Ep 2964 | Return 0.38 | Global 0.3792 | Local 0.1192 | F1_macro 0.7432 | WorstLoss 1.2953
[Tracker Process 0] Ep 2965 | Return 0.41 | Global 0.4069 | Local 0.1192 | F1_macro 0.7939 | WorstLoss 1.2374
[Tracker Process 0] Ep 2966 | Return 0.46 | Global 0.4561 | Local 0.1192 | F1_macro 0.7328 | WorstLoss 1.1349
[Tracker Process 0] Ep 2967 | Return 0.38 | Global 0.3802 | Local 0.1192 | F1_macro 0.7070 | WorstLoss 1.2932
[Tracker Process 0] Ep 2968 | Return 0.42 | Global 0.4202 | Local 0.1192 | F1_macro 0.7684 | WorstLoss 1.2098
[Tracker Process 0] Ep 2969 | Return 0.15 | Global 0.1489 | Local 0.1192 | F1_macro 0.6857 | WorstLoss 1.7757
[Tracker Process 0] Ep 2970 | Return 0.38 | Global 0.3812 | Local 0.1192 | F1_macro 0.7349 | WorstLoss 1.2912
[Tracker Process 0] Ep 2971 | Return 0.45 | Global 0.4471 | Local 0.1192 | F1_macro 0.7299 | WorstLoss 1.1536
[Tracker Process 0] Ep 2972 | Return 0.47 | Global 0.4664 | Local 0.1192 | F1_macro 0.7483 | WorstLoss 1.1133
[Tracker Process 0] Ep 2973 | Return 0.40 | Global 0.3991 | Local 0.1192 | F1_macro 0.7196 | WorstLoss 1.2537
[Tracker Process 0] Ep 2974 | Return 0.36 | Global 0.3575 | Local 0.1192 | F1_macro 0.7335 | WorstLoss 1.3406
[Tracker Process 0] Ep 2975 | Return 0.23 | Global 0.2299 | Local 0.1192 | F1_macro 0.7364 | WorstLoss 1.6067
[Tracker Process 0] Ep 2976 | Return 0.49 | Global 0.4914 | Local 0.1192 | F1_macro 0.7550 | WorstLoss 1.0612
[Tracker Process 0] Ep 2977 | Return 0.45 | Global 0.4540 | Local 0.1192 | F1_macro 0.7236 | WorstLoss 1.1392
[Tracker Process 0] Ep 2978 | Return 0.35 | Global 0.3521 | Local 0.1192 | F1_macro 0.7298 | WorstLoss 1.3519
[Tracker Process 0] Ep 2979 | Return 0.42 | Global 0.4178 | Local 0.1192 | F1_macro 0.7614 | WorstLoss 1.2148
[Tracker Process 0] Ep 2980 | Return 0.30 | Global 0.3011 | Local 0.1192 | F1_macro 0.7202 | WorstLoss 1.4582
[Tracker Process 0] Ep 2981 | Return 0.38 | Global 0.3847 | Local 0.1192 | F1_macro 0.7498 | WorstLoss 1.2839
[Tracker Process 0] Ep 2982 | Return 0.32 | Global 0.3249 | Local 0.1192 | F1_macro 0.7501 | WorstLoss 1.4086
[Tracker Process 0] Ep 2983 | Return 0.33 | Global 0.3342 | Local 0.1192 | F1_macro 0.7313 | WorstLoss 1.3893
[Tracker Process 0] Ep 2984 | Return 0.50 | Global 0.4977 | Local 0.1192 | F1_macro 0.7090 | WorstLoss 1.0482
[Tracker Process 0] Ep 2985 | Return 0.31 | Global 0.3143 | Local 0.1192 | F1_macro 0.7727 | WorstLoss 1.4307
[Tracker Process 0] Ep 2986 | Return 0.45 | Global 0.4537 | Local 0.1192 | F1_macro 0.7327 | WorstLoss 1.1399
[Tracker Process 0] Ep 2987 | Return 0.38 | Global 0.3804 | Local 0.1192 | F1_macro 0.7410 | WorstLoss 1.2928
[Tracker Process 0] Ep 2988 | Return 0.46 | Global 0.4624 | Local 0.1192 | F1_macro 0.7547 | WorstLoss 1.1216
[Tracker Process 0] Ep 2989 | Return 0.05 | Global 0.0499 | Local 0.1192 | F1_macro 0.7272 | WorstLoss 1.9824
[Tracker Process 0] Ep 2990 | Return 0.37 | Global 0.3708 | Local 0.1192 | F1_macro 0.7198 | WorstLoss 1.3128
[Tracker Process 0] Ep 2991 | Return 0.44 | Global 0.4444 | Local 0.1192 | F1_macro 0.7526 | WorstLoss 1.1593
[Tracker Process 0] Ep 2992 | Return 0.39 | Global 0.3888 | Local 0.1192 | F1_macro 0.7423 | WorstLoss 1.2753
[Tracker Process 0] Ep 2993 | Return 0.34 | Global 0.3417 | Local 0.1192 | F1_macro 0.7472 | WorstLoss 1.3735
[Tracker Process 0] Ep 2994 | Return 0.26 | Global 0.2649 | Local 0.1192 | F1_macro 0.6858 | WorstLoss 1.5338
[Tracker Process 0] Ep 2995 | Return 0.21 | Global 0.2116 | Local 0.1192 | F1_macro 0.6999 | WorstLoss 1.6450
[Tracker Process 0] Ep 2996 | Return 0.25 | Global 0.2459 | Local 0.1192 | F1_macro 0.6729 | WorstLoss 1.5733
[Tracker Process 0] Ep 2997 | Return 0.41 | Global 0.4084 | Local 0.1192 | F1_macro 0.7520 | WorstLoss 1.2344
[Tracker Process 0] Ep 2998 | Return 0.34 | Global 0.3398 | Local 0.1192 | F1_macro 0.7164 | WorstLoss 1.3776
[Tracker Process 0] Ep 2999 | Return 0.54 | Global 0.5446 | Local 0.1192 | F1_macro 0.7393 | WorstLoss 0.9502
[Tracker Process 0] Ep 3000 | Return 0.47 | Global 0.4713 | Local 0.1192 | F1_macro 0.7401 | WorstLoss 1.1032
[Tracker Process 0] Saved snapshot: ep3000_phase1_class1
[Tracker Process 0] Ep 3001 | Return 0.52 | Global 0.5173 | Local 0.1192 | F1_macro 0.7354 | WorstLoss 1.0072
[Tracker Process 0] Ep 3002 | Return 0.38 | Global 0.3775 | Local 0.1192 | F1_macro 0.7483 | WorstLoss 1.2988
[Tracker Process 0] Ep 3003 | Return 0.46 | Global 0.4623 | Local 0.1192 | F1_macro 0.7098 | WorstLoss 1.1219
[Tracker Process 0] Ep 3004 | Return 0.38 | Global 0.3753 | Local 0.1192 | F1_macro 0.7169 | WorstLoss 1.3034
[Tracker Process 0] Ep 3005 | Return 0.44 | Global 0.4378 | Local 0.1192 | F1_macro 0.6930 | WorstLoss 1.1730
[Tracker Process 0] Ep 3006 | Return 0.31 | Global 0.3085 | Local 0.1192 | F1_macro 0.7053 | WorstLoss 1.4429
[Tracker Process 0] Ep 3007 | Return 0.39 | Global 0.3948 | Local 0.1192 | F1_macro 0.7349 | WorstLoss 1.2629
[Tracker Process 0] Ep 3008 | Return 0.47 | Global 0.4702 | Local 0.1192 | F1_macro 0.7606 | WorstLoss 1.1054
[Tracker Process 0] Ep 3009 | Return 0.25 | Global 0.2530 | Local 0.1192 | F1_macro 0.6895 | WorstLoss 1.5587
[Tracker Process 0] Ep 3010 | Return 0.48 | Global 0.4812 | Local 0.1192 | F1_macro 0.7786 | WorstLoss 1.0826
[Tracker Process 0] Ep 3011 | Return 0.32 | Global 0.3241 | Local 0.1192 | F1_macro 0.7774 | WorstLoss 1.4103
[Tracker Process 0] Ep 3012 | Return 0.09 | Global 0.0950 | Local 0.1192 | F1_macro 0.6706 | WorstLoss 1.8884
[Tracker Process 0] Ep 3013 | Return 0.46 | Global 0.4597 | Local 0.1192 | F1_macro 0.7331 | WorstLoss 1.1273
[Tracker Process 0] Ep 3014 | Return 0.29 | Global 0.2930 | Local 0.1192 | F1_macro 0.7246 | WorstLoss 1.4751
[Tracker Process 0] Ep 3015 | Return 0.34 | Global 0.3448 | Local 0.1192 | F1_macro 0.7399 | WorstLoss 1.3671
[Tracker Process 0] Ep 3016 | Return 0.31 | Global 0.3145 | Local 0.1192 | F1_macro 0.7138 | WorstLoss 1.4304
[Tracker Process 0] Ep 3017 | Return 0.37 | Global 0.3666 | Local 0.1192 | F1_macro 0.7374 | WorstLoss 1.3216
[Tracker Process 0] Ep 3018 | Return 0.45 | Global 0.4461 | Local 0.1192 | F1_macro 0.7162 | WorstLoss 1.1558
[Tracker Process 0] Ep 3019 | Return 0.31 | Global 0.3136 | Local 0.1192 | F1_macro 0.6961 | WorstLoss 1.4321
[Tracker Process 0] Ep 3020 | Return 0.32 | Global 0.3178 | Local 0.1192 | F1_macro 0.7331 | WorstLoss 1.4235
[Tracker Process 0] Ep 3021 | Return 0.35 | Global 0.3458 | Local 0.1192 | F1_macro 0.7160 | WorstLoss 1.3650
[Tracker Process 0] Ep 3022 | Return 0.29 | Global 0.2949 | Local 0.1192 | F1_macro 0.7399 | WorstLoss 1.4711
[Tracker Process 0] Ep 3023 | Return 0.43 | Global 0.4318 | Local 0.1192 | F1_macro 0.7316 | WorstLoss 1.1857
[Tracker Process 0] Ep 3024 | Return 0.46 | Global 0.4583 | Local 0.1192 | F1_macro 0.7209 | WorstLoss 1.1302
[Tracker Process 0] Ep 3025 | Return 0.41 | Global 0.4093 | Local 0.1192 | F1_macro 0.7347 | WorstLoss 1.2326
[Tracker Process 0] Ep 3026 | Return 0.36 | Global 0.3570 | Local 0.1192 | F1_macro 0.7250 | WorstLoss 1.3416
[Tracker Process 0] Ep 3027 | Return 0.46 | Global 0.4637 | Local 0.1192 | F1_macro 0.6912 | WorstLoss 1.1190
[Tracker Process 0] Ep 3028 | Return 0.45 | Global 0.4489 | Local 0.1192 | F1_macro 0.7401 | WorstLoss 1.1499
[Tracker Process 0] Ep 3029 | Return 0.45 | Global 0.4467 | Local 0.1192 | F1_macro 0.7347 | WorstLoss 1.1545
[Tracker Process 0] Ep 3030 | Return 0.40 | Global 0.4048 | Local 0.1192 | F1_macro 0.7493 | WorstLoss 1.2418
[Tracker Process 0] Ep 3031 | Return 0.42 | Global 0.4180 | Local 0.1192 | F1_macro 0.7465 | WorstLoss 1.2143
[Tracker Process 0] Ep 3032 | Return 0.45 | Global 0.4516 | Local 0.1192 | F1_macro 0.7436 | WorstLoss 1.1441
[Tracker Process 0] Ep 3033 | Return 0.32 | Global 0.3185 | Local 0.1192 | F1_macro 0.7164 | WorstLoss 1.4220
[Tracker Process 0] Ep 3034 | Return 0.40 | Global 0.4047 | Local 0.1192 | F1_macro 0.7410 | WorstLoss 1.2421
[Tracker Process 0] Ep 3035 | Return 0.50 | Global 0.4972 | Local 0.1192 | F1_macro 0.7434 | WorstLoss 1.0492
[Tracker Process 0] Ep 3036 | Return 0.46 | Global 0.4556 | Local 0.1192 | F1_macro 0.7503 | WorstLoss 1.1359
[Tracker Process 0] Ep 3037 | Return 0.36 | Global 0.3583 | Local 0.1192 | F1_macro 0.7381 | WorstLoss 1.3389
[Tracker Process 0] Ep 3038 | Return 0.44 | Global 0.4424 | Local 0.1192 | F1_macro 0.7465 | WorstLoss 1.1634
[Tracker Process 0] Ep 3039 | Return 0.31 | Global 0.3115 | Local 0.1192 | F1_macro 0.7328 | WorstLoss 1.4366
[Tracker Process 0] Ep 3040 | Return 0.44 | Global 0.4370 | Local 0.1192 | F1_macro 0.7437 | WorstLoss 1.1747
[Tracker Process 0] Ep 3041 | Return 0.37 | Global 0.3650 | Local 0.1192 | F1_macro 0.6959 | WorstLoss 1.3248
[Tracker Process 0] Ep 3042 | Return 0.45 | Global 0.4483 | Local 0.1192 | F1_macro 0.7167 | WorstLoss 1.1512
[Tracker Process 0] Ep 3043 | Return 0.44 | Global 0.4381 | Local 0.1192 | F1_macro 0.7164 | WorstLoss 1.1724
[Tracker Process 0] Ep 3044 | Return 0.33 | Global 0.3253 | Local 0.1192 | F1_macro 0.7263 | WorstLoss 1.4077
[Tracker Process 0] Ep 3045 | Return 0.47 | Global 0.4669 | Local 0.1192 | F1_macro 0.7465 | WorstLoss 1.1123
[Tracker Process 0] Ep 3046 | Return 0.38 | Global 0.3849 | Local 0.1192 | F1_macro 0.7070 | WorstLoss 1.2835
[Tracker Process 0] Ep 3047 | Return 0.42 | Global 0.4185 | Local 0.1192 | F1_macro 0.7631 | WorstLoss 1.2133
[Tracker Process 0] Ep 3048 | Return 0.31 | Global 0.3072 | Local 0.1192 | F1_macro 0.7281 | WorstLoss 1.4455
[Tracker Process 0] Ep 3049 | Return 0.37 | Global 0.3664 | Local 0.1192 | F1_macro 0.7231 | WorstLoss 1.3221
[Tracker Process 0] Ep 3050 | Return 0.45 | Global 0.4470 | Local 0.1192 | F1_macro 0.7396 | WorstLoss 1.1537
[Tracker Process 0] Ep 3051 | Return 0.50 | Global 0.5046 | Local 0.1192 | F1_macro 0.7520 | WorstLoss 1.0336
[Tracker Process 0] Ep 3052 | Return 0.39 | Global 0.3947 | Local 0.1192 | F1_macro 0.7316 | WorstLoss 1.2630
[Tracker Process 0] Ep 3053 | Return 0.42 | Global 0.4245 | Local 0.1192 | F1_macro 0.7251 | WorstLoss 1.2008
[Tracker Process 0] Ep 3054 | Return 0.38 | Global 0.3789 | Local 0.1192 | F1_macro 0.7404 | WorstLoss 1.2960
[Tracker Process 0] Ep 3055 | Return 0.36 | Global 0.3639 | Local 0.1192 | F1_macro 0.6884 | WorstLoss 1.3272
[Tracker Process 0] Ep 3056 | Return 0.34 | Global 0.3434 | Local 0.1192 | F1_macro 0.7298 | WorstLoss 1.3699
[Tracker Process 0] Ep 3057 | Return 0.32 | Global 0.3228 | Local 0.1192 | F1_macro 0.7356 | WorstLoss 1.4129
[Tracker Process 0] Ep 3058 | Return 0.44 | Global 0.4413 | Local 0.1192 | F1_macro 0.7328 | WorstLoss 1.1658
[Tracker Process 0] Ep 3059 | Return 0.47 | Global 0.4652 | Local 0.1192 | F1_macro 0.7294 | WorstLoss 1.1159
[Tracker Process 0] Ep 3060 | Return 0.43 | Global 0.4293 | Local 0.1192 | F1_macro 0.7476 | WorstLoss 1.1907
[Tracker Process 0] Ep 3061 | Return 0.37 | Global 0.3696 | Local 0.1192 | F1_macro 0.7404 | WorstLoss 1.3154
[Tracker Process 0] Ep 3062 | Return 0.43 | Global 0.4289 | Local 0.1192 | F1_macro 0.7526 | WorstLoss 1.1916
[Tracker Process 0] Ep 3063 | Return 0.35 | Global 0.3481 | Local 0.1192 | F1_macro 0.7474 | WorstLoss 1.3602
[Tracker Process 0] Ep 3064 | Return 0.15 | Global 0.1545 | Local 0.1192 | F1_macro 0.6837 | WorstLoss 1.7641
[Tracker Process 0] Ep 3065 | Return 0.35 | Global 0.3513 | Local 0.1192 | F1_macro 0.7434 | WorstLoss 1.3536
[Tracker Process 0] Ep 3066 | Return 0.38 | Global 0.3830 | Local 0.1192 | F1_macro 0.7760 | WorstLoss 1.2875
[Tracker Process 0] Ep 3067 | Return 0.25 | Global 0.2544 | Local 0.1192 | F1_macro 0.7123 | WorstLoss 1.5558
[Tracker Process 0] Ep 3068 | Return 0.30 | Global 0.2987 | Local 0.1192 | F1_macro 0.7336 | WorstLoss 1.4632
[Tracker Process 0] Ep 3069 | Return 0.37 | Global 0.3672 | Local 0.1192 | F1_macro 0.7501 | WorstLoss 1.3203
[Tracker Process 0] Ep 3070 | Return 0.36 | Global 0.3591 | Local 0.1192 | F1_macro 0.6999 | WorstLoss 1.3373
[Tracker Process 0] Ep 3071 | Return 0.44 | Global 0.4390 | Local 0.1192 | F1_macro 0.7144 | WorstLoss 1.1705
[Tracker Process 0] Ep 3072 | Return 0.45 | Global 0.4488 | Local 0.1192 | F1_macro 0.7756 | WorstLoss 1.1502
[Tracker Process 0] Ep 3073 | Return 0.44 | Global 0.4374 | Local 0.1192 | F1_macro 0.7310 | WorstLoss 1.1739
[Tracker Process 0] Ep 3074 | Return 0.38 | Global 0.3799 | Local 0.1192 | F1_macro 0.7444 | WorstLoss 1.2938
[Tracker Process 0] Ep 3075 | Return 0.48 | Global 0.4788 | Local 0.1192 | F1_macro 0.7448 | WorstLoss 1.0875
[Tracker Process 0] Ep 3076 | Return 0.33 | Global 0.3275 | Local 0.1192 | F1_macro 0.7461 | WorstLoss 1.4032
[Tracker Process 0] Ep 3077 | Return 0.43 | Global 0.4268 | Local 0.1192 | F1_macro 0.7531 | WorstLoss 1.1961
[Tracker Process 0] Ep 3078 | Return 0.39 | Global 0.3943 | Local 0.1192 | F1_macro 0.7547 | WorstLoss 1.2637
[Tracker Process 0] Ep 3079 | Return 0.32 | Global 0.3179 | Local 0.1192 | F1_macro 0.7390 | WorstLoss 1.4233
[Tracker Process 0] Ep 3080 | Return 0.39 | Global 0.3946 | Local 0.1192 | F1_macro 0.7631 | WorstLoss 1.2632
[Tracker Process 0] Ep 3081 | Return 0.44 | Global 0.4446 | Local 0.1192 | F1_macro 0.7282 | WorstLoss 1.1589
[Tracker Process 0] Ep 3082 | Return 0.34 | Global 0.3434 | Local 0.1192 | F1_macro 0.7356 | WorstLoss 1.3700
[Tracker Process 0] Ep 3083 | Return 0.39 | Global 0.3906 | Local 0.1192 | F1_macro 0.7555 | WorstLoss 1.2716
[Tracker Process 0] Ep 3084 | Return 0.41 | Global 0.4074 | Local 0.1192 | F1_macro 0.7614 | WorstLoss 1.2365
[Tracker Process 0] Ep 3085 | Return 0.32 | Global 0.3240 | Local 0.1192 | F1_macro 0.7125 | WorstLoss 1.4105
[Tracker Process 0] Ep 3086 | Return 0.30 | Global 0.2968 | Local 0.1192 | F1_macro 0.7279 | WorstLoss 1.4671
[Tracker Process 0] Ep 3087 | Return 0.43 | Global 0.4271 | Local 0.1192 | F1_macro 0.7606 | WorstLoss 1.1954
[Tracker Process 0] Ep 3088 | Return 0.47 | Global 0.4687 | Local 0.1192 | F1_macro 0.7657 | WorstLoss 1.1085
[Tracker Process 0] Ep 3089 | Return 0.32 | Global 0.3234 | Local 0.1192 | F1_macro 0.7356 | WorstLoss 1.4118
[Tracker Process 0] Ep 3090 | Return 0.42 | Global 0.4209 | Local 0.1192 | F1_macro 0.7897 | WorstLoss 1.2082
[Tracker Process 0] Ep 3091 | Return 0.36 | Global 0.3594 | Local 0.1192 | F1_macro 0.7022 | WorstLoss 1.3366
[Tracker Process 0] Ep 3092 | Return 0.45 | Global 0.4515 | Local 0.1192 | F1_macro 0.7041 | WorstLoss 1.1444
[Tracker Process 0] Ep 3093 | Return 0.37 | Global 0.3686 | Local 0.1192 | F1_macro 0.7196 | WorstLoss 1.3175
[Tracker Process 0] Ep 3094 | Return 0.44 | Global 0.4366 | Local 0.1192 | F1_macro 0.7231 | WorstLoss 1.1756
[Tracker Process 0] Ep 3095 | Return 0.46 | Global 0.4613 | Local 0.1192 | F1_macro 0.7737 | WorstLoss 1.1241
[Tracker Process 0] Ep 3096 | Return 0.35 | Global 0.3497 | Local 0.1192 | F1_macro 0.7009 | WorstLoss 1.3568
[Tracker Process 0] Ep 3097 | Return 0.39 | Global 0.3914 | Local 0.1192 | F1_macro 0.7352 | WorstLoss 1.2698
[Tracker Process 0] Ep 3098 | Return 0.41 | Global 0.4057 | Local 0.1192 | F1_macro 0.7145 | WorstLoss 1.2401
[Tracker Process 0] Ep 3099 | Return 0.41 | Global 0.4148 | Local 0.1192 | F1_macro 0.7493 | WorstLoss 1.2211
[Tracker Process 0] Ep 3100 | Return 0.40 | Global 0.3960 | Local 0.1192 | F1_macro 0.7779 | WorstLoss 1.2601
[Tracker Process 0] Ep 3101 | Return 0.51 | Global 0.5113 | Local 0.1192 | F1_macro 0.7374 | WorstLoss 1.0197
[Tracker Process 0] Ep 3102 | Return 0.50 | Global 0.5029 | Local 0.1192 | F1_macro 0.7108 | WorstLoss 1.0372
[Tracker Process 0] Ep 3103 | Return 0.30 | Global 0.2995 | Local 0.1192 | F1_macro 0.7628 | WorstLoss 1.4616
[Tracker Process 0] Ep 3104 | Return 0.49 | Global 0.4901 | Local 0.1192 | F1_macro 0.7560 | WorstLoss 1.0639
[Tracker Process 0] Ep 3105 | Return 0.34 | Global 0.3378 | Local 0.1192 | F1_macro 0.7562 | WorstLoss 1.3816
[Tracker Process 0] Ep 3106 | Return 0.46 | Global 0.4564 | Local 0.1192 | F1_macro 0.7080 | WorstLoss 1.1342
[Tracker Process 0] Ep 3107 | Return 0.34 | Global 0.3369 | Local 0.1192 | F1_macro 0.7096 | WorstLoss 1.3836
[Tracker Process 0] Ep 3108 | Return 0.37 | Global 0.3668 | Local 0.1192 | F1_macro 0.7636 | WorstLoss 1.3212
[Tracker Process 0] Ep 3109 | Return 0.52 | Global 0.5150 | Local 0.1192 | F1_macro 0.7404 | WorstLoss 1.0119
[Tracker Process 0] Ep 3110 | Return 0.31 | Global 0.3128 | Local 0.1192 | F1_macro 0.7978 | WorstLoss 1.4338
[Tracker Process 0] Ep 3111 | Return 0.26 | Global 0.2585 | Local 0.1192 | F1_macro 0.7098 | WorstLoss 1.5471
[Tracker Process 0] Ep 3112 | Return 0.44 | Global 0.4353 | Local 0.1192 | F1_macro 0.7648 | WorstLoss 1.1782
[Tracker Process 0] Ep 3113 | Return 0.35 | Global 0.3524 | Local 0.1192 | F1_macro 0.7637 | WorstLoss 1.3513
[Tracker Process 0] Ep 3114 | Return 0.42 | Global 0.4196 | Local 0.1192 | F1_macro 0.7491 | WorstLoss 1.2110
[Tracker Process 0] Ep 3115 | Return 0.37 | Global 0.3703 | Local 0.1192 | F1_macro 0.7478 | WorstLoss 1.3139
[Tracker Process 0] Ep 3116 | Return 0.21 | Global 0.2102 | Local 0.1192 | F1_macro 0.7662 | WorstLoss 1.6480
[Tracker Process 0] Ep 3117 | Return 0.51 | Global 0.5069 | Local 0.1192 | F1_macro 0.7612 | WorstLoss 1.0288
[Tracker Process 0] Ep 3118 | Return 0.55 | Global 0.5490 | Local 0.1192 | F1_macro 0.7640 | WorstLoss 0.9411
[Tracker Process 0] Ep 3119 | Return 0.51 | Global 0.5073 | Local 0.1192 | F1_macro 0.7717 | WorstLoss 1.0280
[Tracker Process 0] Ep 3120 | Return 0.45 | Global 0.4478 | Local 0.1192 | F1_macro 0.7520 | WorstLoss 1.1522
[Tracker Process 0] Ep 3121 | Return 0.37 | Global 0.3726 | Local 0.1192 | F1_macro 0.7299 | WorstLoss 1.3090
[Tracker Process 0] Ep 3122 | Return 0.42 | Global 0.4215 | Local 0.1192 | F1_macro 0.7786 | WorstLoss 1.2070
[Tracker Process 0] Ep 3123 | Return 0.49 | Global 0.4940 | Local 0.1192 | F1_macro 0.7654 | WorstLoss 1.0557
[Tracker Process 0] Ep 3124 | Return 0.26 | Global 0.2556 | Local 0.1192 | F1_macro 0.7216 | WorstLoss 1.5532
[Tracker Process 0] Ep 3125 | Return 0.41 | Global 0.4117 | Local 0.1192 | F1_macro 0.7413 | WorstLoss 1.2276
[Tracker Process 0] Ep 3126 | Return 0.27 | Global 0.2731 | Local 0.1192 | F1_macro 0.7401 | WorstLoss 1.5166
[Tracker Process 0] Ep 3127 | Return 0.35 | Global 0.3543 | Local 0.1192 | F1_macro 0.7631 | WorstLoss 1.3473
[Tracker Process 0] Ep 3128 | Return 0.37 | Global 0.3670 | Local 0.1192 | F1_macro 0.7557 | WorstLoss 1.3208
[Tracker Process 0] Ep 3129 | Return 0.43 | Global 0.4344 | Local 0.1192 | F1_macro 0.7316 | WorstLoss 1.1801
[Tracker Process 0] Ep 3130 | Return 0.47 | Global 0.4664 | Local 0.1192 | F1_macro 0.7518 | WorstLoss 1.1134
[Tracker Process 0] Ep 3131 | Return 0.36 | Global 0.3609 | Local 0.1192 | F1_macro 0.7460 | WorstLoss 1.3335
[Tracker Process 0] Ep 3132 | Return 0.47 | Global 0.4669 | Local 0.1192 | F1_macro 0.7788 | WorstLoss 1.1122
[Tracker Process 0] Ep 3133 | Return 0.39 | Global 0.3948 | Local 0.1192 | F1_macro 0.7481 | WorstLoss 1.2628
[Tracker Process 0] Ep 3134 | Return 0.14 | Global 0.1420 | Local 0.1192 | F1_macro 0.7160 | WorstLoss 1.7902
[Tracker Process 0] Ep 3135 | Return 0.37 | Global 0.3693 | Local 0.1192 | F1_macro 0.7675 | WorstLoss 1.3160
[Tracker Process 0] Ep 3136 | Return 0.46 | Global 0.4611 | Local 0.1192 | F1_macro 0.7886 | WorstLoss 1.1245
[Tracker Process 0] Ep 3137 | Return 0.36 | Global 0.3634 | Local 0.1192 | F1_macro 0.7091 | WorstLoss 1.3282
[Tracker Process 0] Ep 3138 | Return 0.29 | Global 0.2855 | Local 0.1192 | F1_macro 0.7132 | WorstLoss 1.4907
[Tracker Process 0] Ep 3139 | Return 0.37 | Global 0.3698 | Local 0.1192 | F1_macro 0.7846 | WorstLoss 1.3149
[Tracker Process 0] Ep 3140 | Return 0.38 | Global 0.3841 | Local 0.1192 | F1_macro 0.7313 | WorstLoss 1.2851
[Tracker Process 0] Ep 3141 | Return 0.34 | Global 0.3423 | Local 0.1192 | F1_macro 0.7549 | WorstLoss 1.3724
[Tracker Process 0] Ep 3142 | Return 0.41 | Global 0.4058 | Local 0.1192 | F1_macro 0.7250 | WorstLoss 1.2397
[Tracker Process 0] Ep 3143 | Return 0.45 | Global 0.4522 | Local 0.1192 | F1_macro 0.7628 | WorstLoss 1.1431
[Tracker Process 0] Ep 3144 | Return 0.27 | Global 0.2670 | Local 0.1192 | F1_macro 0.7488 | WorstLoss 1.5295
[Tracker Process 0] Ep 3145 | Return 0.20 | Global 0.1995 | Local 0.1192 | F1_macro 0.6705 | WorstLoss 1.6703
[Tracker Process 0] Ep 3146 | Return 0.31 | Global 0.3131 | Local 0.1192 | F1_macro 0.7573 | WorstLoss 1.4332
[Tracker Process 0] Ep 3147 | Return 0.21 | Global 0.2061 | Local 0.1192 | F1_macro 0.7488 | WorstLoss 1.6565
[Tracker Process 0] Ep 3148 | Return 0.38 | Global 0.3792 | Local 0.1192 | F1_macro 0.7384 | WorstLoss 1.2953
[Tracker Process 0] Ep 3149 | Return 0.46 | Global 0.4571 | Local 0.1192 | F1_macro 0.7330 | WorstLoss 1.1328
[Tracker Process 0] Ep 3150 | Return 0.28 | Global 0.2801 | Local 0.1192 | F1_macro 0.7518 | WorstLoss 1.5020
[Tracker Process 0] Saved snapshot: ep3150_phase1_class1
[Tracker Process 0] Ep 3151 | Return 0.41 | Global 0.4075 | Local 0.1192 | F1_macro 0.7839 | WorstLoss 1.2363
[Tracker Process 0] Ep 3152 | Return 0.42 | Global 0.4236 | Local 0.1192 | F1_macro 0.7266 | WorstLoss 1.2028
[Tracker Process 0] Ep 3153 | Return 0.30 | Global 0.3011 | Local 0.1192 | F1_macro 0.7520 | WorstLoss 1.4583
[Tracker Process 0] Ep 3154 | Return 0.27 | Global 0.2738 | Local 0.1192 | F1_macro 0.7583 | WorstLoss 1.5152
[Tracker Process 0] Ep 3155 | Return 0.36 | Global 0.3617 | Local 0.1192 | F1_macro 0.7413 | WorstLoss 1.3318
[Tracker Process 0] Ep 3156 | Return 0.46 | Global 0.4571 | Local 0.1192 | F1_macro 0.7636 | WorstLoss 1.1328
[Tracker Process 0] Ep 3157 | Return 0.34 | Global 0.3356 | Local 0.1192 | F1_macro 0.6999 | WorstLoss 1.3862
[Tracker Process 0] Ep 3158 | Return 0.25 | Global 0.2478 | Local 0.1192 | F1_macro 0.7620 | WorstLoss 1.5694
[Tracker Process 0] Ep 3159 | Return 0.37 | Global 0.3744 | Local 0.1192 | F1_macro 0.7543 | WorstLoss 1.3054
[Tracker Process 0] Ep 3160 | Return 0.30 | Global 0.2975 | Local 0.1192 | F1_macro 0.7557 | WorstLoss 1.4658
[Tracker Process 0] Ep 3161 | Return 0.42 | Global 0.4175 | Local 0.1192 | F1_macro 0.7364 | WorstLoss 1.2154
[Tracker Process 0] Ep 3162 | Return 0.40 | Global 0.4045 | Local 0.1192 | F1_macro 0.7448 | WorstLoss 1.2425
[Tracker Process 0] Ep 3163 | Return 0.45 | Global 0.4472 | Local 0.1192 | F1_macro 0.7396 | WorstLoss 1.1534
[Tracker Process 0] Ep 3164 | Return 0.39 | Global 0.3945 | Local 0.1192 | F1_macro 0.7538 | WorstLoss 1.2634
[Tracker Process 0] Ep 3165 | Return 0.37 | Global 0.3743 | Local 0.1192 | F1_macro 0.7538 | WorstLoss 1.3054
[Tracker Process 0] Ep 3166 | Return 0.41 | Global 0.4080 | Local 0.1192 | F1_macro 0.7621 | WorstLoss 1.2353
[Tracker Process 0] Ep 3167 | Return 0.32 | Global 0.3154 | Local 0.1192 | F1_macro 0.7470 | WorstLoss 1.4285
[Tracker Process 0] Ep 3168 | Return 0.27 | Global 0.2677 | Local 0.1192 | F1_macro 0.7416 | WorstLoss 1.5280
[Tracker Process 0] Ep 3169 | Return 0.40 | Global 0.3981 | Local 0.1192 | F1_macro 0.7573 | WorstLoss 1.2559
[Tracker Process 0] Ep 3170 | Return 0.45 | Global 0.4486 | Local 0.1192 | F1_macro 0.7358 | WorstLoss 1.1506
[Tracker Process 0] Ep 3171 | Return 0.31 | Global 0.3087 | Local 0.1192 | F1_macro 0.7469 | WorstLoss 1.4424
[Tracker Process 0] Ep 3172 | Return 0.36 | Global 0.3564 | Local 0.1192 | F1_macro 0.7396 | WorstLoss 1.3429
[Tracker Process 0] Ep 3173 | Return 0.40 | Global 0.4028 | Local 0.1192 | F1_macro 0.7461 | WorstLoss 1.2462
[Tracker Process 0] Ep 3174 | Return 0.24 | Global 0.2359 | Local 0.1192 | F1_macro 0.7266 | WorstLoss 1.5943
[Tracker Process 0] Ep 3175 | Return 0.38 | Global 0.3787 | Local 0.1192 | F1_macro 0.7775 | WorstLoss 1.2965
[Tracker Process 0] Ep 3176 | Return 0.40 | Global 0.4047 | Local 0.1192 | F1_macro 0.7382 | WorstLoss 1.2420
[Tracker Process 0] Ep 3177 | Return 0.31 | Global 0.3141 | Local 0.1192 | F1_macro 0.7263 | WorstLoss 1.4311
[Tracker Process 0] Ep 3178 | Return 0.30 | Global 0.3009 | Local 0.1192 | F1_macro 0.7266 | WorstLoss 1.4587
[Tracker Process 0] Ep 3179 | Return 0.24 | Global 0.2351 | Local 0.1192 | F1_macro 0.6889 | WorstLoss 1.5960
[Tracker Process 0] Ep 3180 | Return 0.40 | Global 0.4006 | Local 0.1192 | F1_macro 0.7621 | WorstLoss 1.2507
[Tracker Process 0] Ep 3181 | Return 0.44 | Global 0.4438 | Local 0.1192 | F1_macro 0.7416 | WorstLoss 1.1604
[Tracker Process 0] Ep 3182 | Return 0.39 | Global 0.3851 | Local 0.1192 | F1_macro 0.7512 | WorstLoss 1.2829
[Tracker Process 0] Ep 3183 | Return 0.31 | Global 0.3138 | Local 0.1192 | F1_macro 0.7279 | WorstLoss 1.4318
[Tracker Process 0] Ep 3184 | Return 0.40 | Global 0.3988 | Local 0.1192 | F1_macro 0.7503 | WorstLoss 1.2544
[Tracker Process 0] Ep 3185 | Return 0.45 | Global 0.4483 | Local 0.1192 | F1_macro 0.7251 | WorstLoss 1.1510
[Tracker Process 0] Ep 3186 | Return 0.12 | Global 0.1187 | Local 0.1192 | F1_macro 0.6907 | WorstLoss 1.8389
[Tracker Process 0] Ep 3187 | Return 0.21 | Global 0.2145 | Local 0.1192 | F1_macro 0.6932 | WorstLoss 1.6389
[Tracker Process 0] Ep 3188 | Return 0.41 | Global 0.4117 | Local 0.1192 | F1_macro 0.7602 | WorstLoss 1.2275
[Tracker Process 0] Ep 3189 | Return 0.41 | Global 0.4070 | Local 0.1192 | F1_macro 0.7116 | WorstLoss 1.2373
[Tracker Process 0] Ep 3190 | Return 0.22 | Global 0.2196 | Local 0.1192 | F1_macro 0.7213 | WorstLoss 1.6283
[Tracker Process 0] Ep 3191 | Return 0.42 | Global 0.4178 | Local 0.1192 | F1_macro 0.7501 | WorstLoss 1.2148
[Tracker Process 0] Ep 3192 | Return 0.29 | Global 0.2898 | Local 0.1192 | F1_macro 0.7483 | WorstLoss 1.4819
[Tracker Process 0] Ep 3193 | Return 0.36 | Global 0.3581 | Local 0.1192 | F1_macro 0.7503 | WorstLoss 1.3393
[Tracker Process 0] Ep 3194 | Return 0.45 | Global 0.4533 | Local 0.1192 | F1_macro 0.7223 | WorstLoss 1.1406
[Tracker Process 0] Ep 3195 | Return 0.39 | Global 0.3867 | Local 0.1192 | F1_macro 0.7225 | WorstLoss 1.2796
[Tracker Process 0] Ep 3196 | Return 0.25 | Global 0.2454 | Local 0.1192 | F1_macro 0.7366 | WorstLoss 1.5744
[Tracker Process 0] Ep 3197 | Return 0.43 | Global 0.4298 | Local 0.1192 | F1_macro 0.6968 | WorstLoss 1.1897
[Tracker Process 0] Ep 3198 | Return 0.30 | Global 0.2977 | Local 0.1192 | F1_macro 0.7404 | WorstLoss 1.4653
[Tracker Process 0] Ep 3199 | Return 0.26 | Global 0.2597 | Local 0.1192 | F1_macro 0.7174 | WorstLoss 1.5446
[Tracker Process 0] Ep 3200 | Return 0.28 | Global 0.2753 | Local 0.1192 | F1_macro 0.7456 | WorstLoss 1.5121
[Tracker Process 0] Ep 3201 | Return 0.42 | Global 0.4209 | Local 0.1192 | F1_macro 0.7371 | WorstLoss 1.2083
[Tracker Process 0] Ep 3202 | Return 0.32 | Global 0.3189 | Local 0.1192 | F1_macro 0.7377 | WorstLoss 1.4211
[Tracker Process 0] Ep 3203 | Return 0.38 | Global 0.3776 | Local 0.1192 | F1_macro 0.7390 | WorstLoss 1.2987
[Tracker Process 0] Ep 3204 | Return 0.13 | Global 0.1294 | Local 0.1192 | F1_macro 0.7170 | WorstLoss 1.8164
[Tracker Process 0] Ep 3205 | Return 0.27 | Global 0.2709 | Local 0.1192 | F1_macro 0.6990 | WorstLoss 1.5214
[Tracker Process 0] Ep 3206 | Return 0.52 | Global 0.5201 | Local 0.1192 | F1_macro 0.7547 | WorstLoss 1.0014
[Tracker Process 0] Ep 3207 | Return 0.40 | Global 0.4002 | Local 0.1192 | F1_macro 0.7591 | WorstLoss 1.2515
[Tracker Process 0] Ep 3208 | Return 0.06 | Global 0.0624 | Local 0.1192 | F1_macro 0.6895 | WorstLoss 1.9564
[Tracker Process 0] Ep 3209 | Return 0.18 | Global 0.1770 | Local 0.1192 | F1_macro 0.6860 | WorstLoss 1.7173
[Tracker Process 0] Ep 3210 | Return 0.33 | Global 0.3309 | Local 0.1192 | F1_macro 0.7152 | WorstLoss 1.3961
[Tracker Process 0] Ep 3211 | Return 0.42 | Global 0.4168 | Local 0.1192 | F1_macro 0.7182 | WorstLoss 1.2169
[Tracker Process 0] Ep 3212 | Return 0.29 | Global 0.2869 | Local 0.1192 | F1_macro 0.7388 | WorstLoss 1.4878
[Tracker Process 0] Ep 3213 | Return 0.25 | Global 0.2467 | Local 0.1192 | F1_macro 0.7056 | WorstLoss 1.5718
[Tracker Process 0] Ep 3214 | Return 0.28 | Global 0.2774 | Local 0.1192 | F1_macro 0.7390 | WorstLoss 1.5076
[Tracker Process 0] Ep 3215 | Return 0.49 | Global 0.4856 | Local 0.1192 | F1_macro 0.7341 | WorstLoss 1.0733
[Tracker Process 0] Ep 3216 | Return 0.44 | Global 0.4379 | Local 0.1192 | F1_macro 0.7346 | WorstLoss 1.1729
[Tracker Process 0] Ep 3217 | Return 0.23 | Global 0.2259 | Local 0.1192 | F1_macro 0.7066 | WorstLoss 1.6151
[Tracker Process 0] Ep 3218 | Return 0.35 | Global 0.3515 | Local 0.1192 | F1_macro 0.7297 | WorstLoss 1.3530
[Tracker Process 0] Ep 3219 | Return 0.18 | Global 0.1833 | Local 0.1192 | F1_macro 0.6968 | WorstLoss 1.7040
[Tracker Process 0] Ep 3220 | Return 0.50 | Global 0.5015 | Local 0.1192 | F1_macro 0.7144 | WorstLoss 1.0401
[Tracker Process 0] Ep 3221 | Return 0.34 | Global 0.3418 | Local 0.1192 | F1_macro 0.7399 | WorstLoss 1.3732
[Tracker Process 0] Ep 3222 | Return 0.37 | Global 0.3739 | Local 0.1192 | F1_macro 0.7364 | WorstLoss 1.3064
[Tracker Process 0] Ep 3223 | Return 0.16 | Global 0.1637 | Local 0.1192 | F1_macro 0.7049 | WorstLoss 1.7450
[Tracker Process 0] Ep 3224 | Return 0.29 | Global 0.2863 | Local 0.1192 | F1_macro 0.7246 | WorstLoss 1.4891
[Tracker Process 0] Ep 3225 | Return 0.41 | Global 0.4134 | Local 0.1192 | F1_macro 0.7299 | WorstLoss 1.2239
[Tracker Process 0] Ep 3226 | Return 0.40 | Global 0.3956 | Local 0.1192 | F1_macro 0.7151 | WorstLoss 1.2611
[Tracker Process 0] Ep 3227 | Return 0.41 | Global 0.4144 | Local 0.1192 | F1_macro 0.6969 | WorstLoss 1.2219
[Tracker Process 0] Ep 3228 | Return 0.36 | Global 0.3597 | Local 0.1192 | F1_macro 0.7249 | WorstLoss 1.3360
[Tracker Process 0] Ep 3229 | Return 0.34 | Global 0.3363 | Local 0.1192 | F1_macro 0.7396 | WorstLoss 1.3847
[Tracker Process 0] Ep 3230 | Return 0.25 | Global 0.2545 | Local 0.1192 | F1_macro 0.7173 | WorstLoss 1.5555
[Tracker Process 0] Ep 3231 | Return 0.42 | Global 0.4208 | Local 0.1192 | F1_macro 0.7297 | WorstLoss 1.2084
[Tracker Process 0] Ep 3232 | Return 0.37 | Global 0.3737 | Local 0.1192 | F1_macro 0.7538 | WorstLoss 1.3067
[Tracker Process 0] Ep 3233 | Return 0.15 | Global 0.1518 | Local 0.1192 | F1_macro 0.6899 | WorstLoss 1.7698
[Tracker Process 0] Ep 3234 | Return 0.37 | Global 0.3740 | Local 0.1192 | F1_macro 0.7544 | WorstLoss 1.3061
[Tracker Process 0] Ep 3235 | Return 0.42 | Global 0.4158 | Local 0.1192 | F1_macro 0.7549 | WorstLoss 1.2190
[Tracker Process 0] Ep 3236 | Return 0.35 | Global 0.3523 | Local 0.1192 | F1_macro 0.7245 | WorstLoss 1.3514
[Tracker Process 0] Ep 3237 | Return 0.36 | Global 0.3641 | Local 0.1192 | F1_macro 0.7578 | WorstLoss 1.3267
[Tracker Process 0] Ep 3238 | Return 0.12 | Global 0.1231 | Local 0.1192 | F1_macro 0.7399 | WorstLoss 1.8296
[Tracker Process 0] Ep 3239 | Return 0.45 | Global 0.4498 | Local 0.1192 | F1_macro 0.7503 | WorstLoss 1.1480
[Tracker Process 0] Ep 3240 | Return 0.46 | Global 0.4643 | Local 0.1192 | F1_macro 0.7562 | WorstLoss 1.1178
[Tracker Process 0] Ep 3241 | Return 0.47 | Global 0.4693 | Local 0.1192 | F1_macro 0.7674 | WorstLoss 1.1073
[Tracker Process 0] Ep 3242 | Return 0.36 | Global 0.3650 | Local 0.1192 | F1_macro 0.7280 | WorstLoss 1.3250
[Tracker Process 0] Ep 3243 | Return 0.30 | Global 0.2975 | Local 0.1192 | F1_macro 0.7264 | WorstLoss 1.4657
[Tracker Process 0] Ep 3244 | Return 0.27 | Global 0.2710 | Local 0.1192 | F1_macro 0.7298 | WorstLoss 1.5210
[Tracker Process 0] Ep 3245 | Return 0.48 | Global 0.4803 | Local 0.1192 | F1_macro 0.7436 | WorstLoss 1.0844
[Tracker Process 0] Ep 3246 | Return 0.40 | Global 0.3970 | Local 0.1192 | F1_macro 0.7488 | WorstLoss 1.2582
[Tracker Process 0] Ep 3247 | Return 0.20 | Global 0.2027 | Local 0.1192 | F1_macro 0.7317 | WorstLoss 1.6637
[Tracker Process 0] Ep 3248 | Return 0.25 | Global 0.2526 | Local 0.1192 | F1_macro 0.7477 | WorstLoss 1.5595
[Tracker Process 0] Ep 3249 | Return 0.30 | Global 0.2980 | Local 0.1192 | F1_macro 0.7506 | WorstLoss 1.4646
[Tracker Process 0] Ep 3250 | Return 0.40 | Global 0.4019 | Local 0.1192 | F1_macro 0.7419 | WorstLoss 1.2479
[Tracker Process 0] Ep 3251 | Return 0.37 | Global 0.3673 | Local 0.1192 | F1_macro 0.7452 | WorstLoss 1.3202
[Tracker Process 0] Ep 3252 | Return 0.19 | Global 0.1880 | Local 0.1192 | F1_macro 0.6990 | WorstLoss 1.6943
[Tracker Process 0] Ep 3253 | Return 0.39 | Global 0.3858 | Local 0.1192 | F1_macro 0.7404 | WorstLoss 1.2815
[Tracker Process 0] Ep 3254 | Return 0.46 | Global 0.4589 | Local 0.1192 | F1_macro 0.7794 | WorstLoss 1.1290
[Tracker Process 0] Ep 3255 | Return 0.06 | Global 0.0586 | Local 0.1192 | F1_macro 0.7317 | WorstLoss 1.9642
[Tracker Process 0] Ep 3256 | Return 0.34 | Global 0.3445 | Local 0.1192 | F1_macro 0.7337 | WorstLoss 1.3678
[Tracker Process 0] Ep 3257 | Return 0.47 | Global 0.4715 | Local 0.1192 | F1_macro 0.7796 | WorstLoss 1.1027
[Tracker Process 0] Ep 3258 | Return 0.37 | Global 0.3699 | Local 0.1192 | F1_macro 0.7223 | WorstLoss 1.3147
[Tracker Process 0] Ep 3259 | Return 0.35 | Global 0.3500 | Local 0.1192 | F1_macro 0.7317 | WorstLoss 1.3562
[Tracker Process 0] Ep 3260 | Return 0.34 | Global 0.3435 | Local 0.1192 | F1_macro 0.7335 | WorstLoss 1.3698
[Tracker Process 0] Ep 3261 | Return 0.19 | Global 0.1880 | Local 0.1192 | F1_macro 0.7352 | WorstLoss 1.6943
[Tracker Process 0] Ep 3262 | Return 0.26 | Global 0.2623 | Local 0.1192 | F1_macro 0.6991 | WorstLoss 1.5392
[Tracker Process 0] Ep 3263 | Return 0.43 | Global 0.4342 | Local 0.1192 | F1_macro 0.7724 | WorstLoss 1.1806
[Tracker Process 0] Ep 3264 | Return 0.44 | Global 0.4381 | Local 0.1192 | F1_macro 0.7282 | WorstLoss 1.1724
[Tracker Process 0] Ep 3265 | Return 0.36 | Global 0.3564 | Local 0.1192 | F1_macro 0.7298 | WorstLoss 1.3429
[Tracker Process 0] Ep 3266 | Return 0.36 | Global 0.3613 | Local 0.1192 | F1_macro 0.7831 | WorstLoss 1.3326
[Tracker Process 0] Ep 3267 | Return 0.48 | Global 0.4794 | Local 0.1192 | F1_macro 0.7760 | WorstLoss 1.0862
[Tracker Process 0] Ep 3268 | Return 0.38 | Global 0.3827 | Local 0.1192 | F1_macro 0.7694 | WorstLoss 1.2881
[Tracker Process 0] Ep 3269 | Return 0.33 | Global 0.3272 | Local 0.1192 | F1_macro 0.7619 | WorstLoss 1.4037
[Tracker Process 0] Ep 3270 | Return 0.35 | Global 0.3460 | Local 0.1192 | F1_macro 0.7619 | WorstLoss 1.3645
[Tracker Process 0] Ep 3271 | Return 0.43 | Global 0.4326 | Local 0.1192 | F1_macro 0.7636 | WorstLoss 1.1840
[Tracker Process 0] Ep 3272 | Return 0.34 | Global 0.3431 | Local 0.1192 | F1_macro 0.7280 | WorstLoss 1.3706
[Tracker Process 0] Ep 3273 | Return 0.11 | Global 0.1119 | Local 0.1192 | F1_macro 0.7296 | WorstLoss 1.8530
[Tracker Process 0] Ep 3274 | Return 0.22 | Global 0.2209 | Local 0.1192 | F1_macro 0.7277 | WorstLoss 1.6257
[Tracker Process 0] Ep 3275 | Return 0.45 | Global 0.4472 | Local 0.1192 | F1_macro 0.7491 | WorstLoss 1.1534
[Tracker Process 0] Ep 3276 | Return 0.37 | Global 0.3744 | Local 0.1192 | F1_macro 0.7585 | WorstLoss 1.3054
[Tracker Process 0] Ep 3277 | Return 0.47 | Global 0.4725 | Local 0.1192 | F1_macro 0.7215 | WorstLoss 1.1005
[Tracker Process 0] Ep 3278 | Return 0.46 | Global 0.4576 | Local 0.1192 | F1_macro 0.7629 | WorstLoss 1.1317
[Tracker Process 0] Ep 3279 | Return 0.34 | Global 0.3410 | Local 0.1192 | F1_macro 0.6991 | WorstLoss 1.3750
[Tracker Process 0] Ep 3280 | Return 0.41 | Global 0.4114 | Local 0.1192 | F1_macro 0.7551 | WorstLoss 1.2280
[Tracker Process 0] Ep 3281 | Return 0.41 | Global 0.4139 | Local 0.1192 | F1_macro 0.7503 | WorstLoss 1.2230
[Tracker Process 0] Ep 3282 | Return 0.26 | Global 0.2584 | Local 0.1192 | F1_macro 0.7095 | WorstLoss 1.5474
[Tracker Process 0] Ep 3283 | Return 0.33 | Global 0.3333 | Local 0.1192 | F1_macro 0.7166 | WorstLoss 1.3910
[Tracker Process 0] Ep 3284 | Return 0.47 | Global 0.4657 | Local 0.1192 | F1_macro 0.7070 | WorstLoss 1.1148
[Tracker Process 0] Ep 3285 | Return 0.31 | Global 0.3114 | Local 0.1192 | F1_macro 0.7280 | WorstLoss 1.4367
[Tracker Process 0] Ep 3286 | Return 0.39 | Global 0.3910 | Local 0.1192 | F1_macro 0.7721 | WorstLoss 1.2706
[Tracker Process 0] Ep 3287 | Return 0.42 | Global 0.4186 | Local 0.1192 | F1_macro 0.7570 | WorstLoss 1.2130
[Tracker Process 0] Ep 3288 | Return 0.34 | Global 0.3393 | Local 0.1192 | F1_macro 0.7656 | WorstLoss 1.3785
[Tracker Process 0] Ep 3289 | Return 0.37 | Global 0.3750 | Local 0.1192 | F1_macro 0.7404 | WorstLoss 1.3041
[Tracker Process 0] Ep 3290 | Return 0.39 | Global 0.3873 | Local 0.1192 | F1_macro 0.7595 | WorstLoss 1.2784
[Tracker Process 0] Ep 3291 | Return 0.37 | Global 0.3711 | Local 0.1192 | F1_macro 0.7234 | WorstLoss 1.3122
[Tracker Process 0] Ep 3292 | Return 0.32 | Global 0.3218 | Local 0.1192 | F1_macro 0.7280 | WorstLoss 1.4150
[Tracker Process 0] Ep 3293 | Return 0.44 | Global 0.4446 | Local 0.1192 | F1_macro 0.7464 | WorstLoss 1.1588
[Tracker Process 0] Ep 3294 | Return 0.24 | Global 0.2441 | Local 0.1192 | F1_macro 0.7274 | WorstLoss 1.5772
[Tracker Process 0] Ep 3295 | Return 0.36 | Global 0.3637 | Local 0.1192 | F1_macro 0.7282 | WorstLoss 1.3276
[Tracker Process 0] Ep 3296 | Return 0.39 | Global 0.3941 | Local 0.1192 | F1_macro 0.7479 | WorstLoss 1.2643
[Tracker Process 0] Ep 3297 | Return 0.51 | Global 0.5081 | Local 0.1192 | F1_macro 0.7813 | WorstLoss 1.0263
[Tracker Process 0] Ep 3298 | Return 0.26 | Global 0.2593 | Local 0.1192 | F1_macro 0.7355 | WorstLoss 1.5454
[Tracker Process 0] Ep 3299 | Return 0.39 | Global 0.3871 | Local 0.1192 | F1_macro 0.7488 | WorstLoss 1.2789
[Tracker Process 0] Ep 3300 | Return 0.43 | Global 0.4324 | Local 0.1192 | F1_macro 0.7354 | WorstLoss 1.1844
[Tracker Process 0] Saved snapshot: ep3300_phase1_class1
[Tracker Process 0] Ep 3301 | Return 0.39 | Global 0.3944 | Local 0.1192 | F1_macro 0.7419 | WorstLoss 1.2636
[Tracker Process 0] Ep 3302 | Return 0.47 | Global 0.4747 | Local 0.1192 | F1_macro 0.7390 | WorstLoss 1.0961
[Tracker Process 0] Ep 3303 | Return 0.40 | Global 0.4048 | Local 0.1192 | F1_macro 0.7623 | WorstLoss 1.2419
[Tracker Process 0] Ep 3304 | Return 0.37 | Global 0.3737 | Local 0.1192 | F1_macro 0.7746 | WorstLoss 1.3068
[Tracker Process 0] Ep 3305 | Return 0.50 | Global 0.4956 | Local 0.1192 | F1_macro 0.7791 | WorstLoss 1.0524
[Tracker Process 0] Ep 3306 | Return 0.47 | Global 0.4722 | Local 0.1192 | F1_macro 0.7532 | WorstLoss 1.1012
[Tracker Process 0] Ep 3307 | Return 0.40 | Global 0.3958 | Local 0.1192 | F1_macro 0.7358 | WorstLoss 1.2606
[Tracker Process 0] Ep 3308 | Return 0.24 | Global 0.2424 | Local 0.1192 | F1_macro 0.7317 | WorstLoss 1.5806
[Tracker Process 0] Ep 3309 | Return 0.41 | Global 0.4078 | Local 0.1192 | F1_macro 0.7298 | WorstLoss 1.2356
[Tracker Process 0] Ep 3310 | Return 0.34 | Global 0.3414 | Local 0.1192 | F1_macro 0.7498 | WorstLoss 1.3741
[Tracker Process 0] Ep 3311 | Return 0.41 | Global 0.4066 | Local 0.1192 | F1_macro 0.7725 | WorstLoss 1.2381
[Tracker Process 0] Ep 3312 | Return 0.46 | Global 0.4617 | Local 0.1192 | F1_macro 0.7576 | WorstLoss 1.1232
[Tracker Process 0] Ep 3313 | Return 0.49 | Global 0.4945 | Local 0.1192 | F1_macro 0.7570 | WorstLoss 1.0546
[Tracker Process 0] Ep 3314 | Return 0.43 | Global 0.4272 | Local 0.1192 | F1_macro 0.7370 | WorstLoss 1.1951
[Tracker Process 0] Ep 3315 | Return 0.55 | Global 0.5540 | Local 0.1192 | F1_macro 0.7486 | WorstLoss 0.9306
[Tracker Process 0] Ep 3316 | Return 0.44 | Global 0.4420 | Local 0.1192 | F1_macro 0.7634 | WorstLoss 1.1643
[Tracker Process 0] Ep 3317 | Return 0.41 | Global 0.4090 | Local 0.1192 | F1_macro 0.7456 | WorstLoss 1.2331
[Tracker Process 0] Ep 3318 | Return 0.30 | Global 0.3021 | Local 0.1192 | F1_macro 0.7170 | WorstLoss 1.4561
[Tracker Process 0] Ep 3319 | Return 0.45 | Global 0.4507 | Local 0.1192 | F1_macro 0.7210 | WorstLoss 1.1461
[Tracker Process 0] Ep 3320 | Return 0.40 | Global 0.3966 | Local 0.1192 | F1_macro 0.7376 | WorstLoss 1.2591
[Tracker Process 0] Ep 3321 | Return 0.43 | Global 0.4287 | Local 0.1192 | F1_macro 0.7478 | WorstLoss 1.1921
[Tracker Process 0] Ep 3322 | Return 0.23 | Global 0.2310 | Local 0.1192 | F1_macro 0.6965 | WorstLoss 1.6046
[Tracker Process 0] Ep 3323 | Return 0.43 | Global 0.4264 | Local 0.1192 | F1_macro 0.7479 | WorstLoss 1.1968
[Tracker Process 0] Ep 3324 | Return 0.35 | Global 0.3468 | Local 0.1192 | F1_macro 0.7101 | WorstLoss 1.3630
[Tracker Process 0] Ep 3325 | Return 0.35 | Global 0.3519 | Local 0.1192 | F1_macro 0.7603 | WorstLoss 1.3522
[Tracker Process 0] Ep 3326 | Return 0.28 | Global 0.2775 | Local 0.1192 | F1_macro 0.7234 | WorstLoss 1.5076
[Tracker Process 0] Ep 3327 | Return 0.47 | Global 0.4739 | Local 0.1192 | F1_macro 0.7578 | WorstLoss 1.0978
[Tracker Process 0] Ep 3328 | Return 0.40 | Global 0.3953 | Local 0.1192 | F1_macro 0.7297 | WorstLoss 1.2616
[Tracker Process 0] Ep 3329 | Return 0.43 | Global 0.4296 | Local 0.1192 | F1_macro 0.7356 | WorstLoss 1.1902
[Tracker Process 0] Ep 3330 | Return 0.51 | Global 0.5066 | Local 0.1192 | F1_macro 0.7407 | WorstLoss 1.0295
[Tracker Process 0] Ep 3331 | Return 0.31 | Global 0.3061 | Local 0.1192 | F1_macro 0.7435 | WorstLoss 1.4479
[Tracker Process 0] Ep 3332 | Return 0.38 | Global 0.3774 | Local 0.1192 | F1_macro 0.7460 | WorstLoss 1.2991
[Tracker Process 0] Ep 3333 | Return 0.33 | Global 0.3322 | Local 0.1192 | F1_macro 0.7652 | WorstLoss 1.3934
[Tracker Process 0] Ep 3334 | Return 0.22 | Global 0.2191 | Local 0.1192 | F1_macro 0.7102 | WorstLoss 1.6293
[Tracker Process 0] Ep 3335 | Return 0.30 | Global 0.2984 | Local 0.1192 | F1_macro 0.6902 | WorstLoss 1.4639
[Tracker Process 0] Ep 3336 | Return 0.39 | Global 0.3893 | Local 0.1192 | F1_macro 0.7366 | WorstLoss 1.2742
[Tracker Process 0] Ep 3337 | Return 0.33 | Global 0.3347 | Local 0.1192 | F1_macro 0.7208 | WorstLoss 1.3882
[Tracker Process 0] Ep 3338 | Return 0.48 | Global 0.4819 | Local 0.1192 | F1_macro 0.7538 | WorstLoss 1.0810
[Tracker Process 0] Ep 3339 | Return 0.37 | Global 0.3667 | Local 0.1192 | F1_macro 0.7514 | WorstLoss 1.3214
[Tracker Process 0] Ep 3340 | Return 0.47 | Global 0.4712 | Local 0.1192 | F1_macro 0.7595 | WorstLoss 1.1034
[Tracker Process 0] Ep 3341 | Return 0.43 | Global 0.4251 | Local 0.1192 | F1_macro 0.7180 | WorstLoss 1.1996
[Tracker Process 0] Ep 3342 | Return 0.48 | Global 0.4756 | Local 0.1192 | F1_macro 0.7386 | WorstLoss 1.0941
[Tracker Process 0] Ep 3343 | Return 0.16 | Global 0.1599 | Local 0.1192 | F1_macro 0.6887 | WorstLoss 1.7529
[Tracker Process 0] Ep 3344 | Return 0.18 | Global 0.1831 | Local 0.1192 | F1_macro 0.7058 | WorstLoss 1.7044
[Tracker Process 0] Ep 3345 | Return 0.42 | Global 0.4189 | Local 0.1192 | F1_macro 0.7056 | WorstLoss 1.2124
[Tracker Process 0] Ep 3346 | Return 0.39 | Global 0.3854 | Local 0.1192 | F1_macro 0.7370 | WorstLoss 1.2823
[Tracker Process 0] Ep 3347 | Return 0.42 | Global 0.4247 | Local 0.1192 | F1_macro 0.7390 | WorstLoss 1.2004
[Tracker Process 0] Ep 3348 | Return 0.45 | Global 0.4514 | Local 0.1192 | F1_macro 0.7483 | WorstLoss 1.1447
[Tracker Process 0] Ep 3349 | Return 0.36 | Global 0.3585 | Local 0.1192 | F1_macro 0.6876 | WorstLoss 1.3384
[Tracker Process 0] Ep 3350 | Return 0.40 | Global 0.3991 | Local 0.1192 | F1_macro 0.7379 | WorstLoss 1.2539
[Tracker Process 0] Ep 3351 | Return 0.38 | Global 0.3790 | Local 0.1192 | F1_macro 0.7216 | WorstLoss 1.2957
[Tracker Process 0] Ep 3352 | Return 0.26 | Global 0.2608 | Local 0.1192 | F1_macro 0.7317 | WorstLoss 1.5424
[Tracker Process 0] Ep 3353 | Return 0.16 | Global 0.1569 | Local 0.1192 | F1_macro 0.6956 | WorstLoss 1.7590
[Tracker Process 0] Ep 3354 | Return 0.43 | Global 0.4324 | Local 0.1192 | F1_macro 0.7901 | WorstLoss 1.1844
[Tracker Process 0] Ep 3355 | Return 0.36 | Global 0.3635 | Local 0.1192 | F1_macro 0.7135 | WorstLoss 1.3280
[Tracker Process 0] Ep 3356 | Return 0.43 | Global 0.4327 | Local 0.1192 | F1_macro 0.7694 | WorstLoss 1.1836
[Tracker Process 0] Ep 3357 | Return 0.45 | Global 0.4471 | Local 0.1192 | F1_macro 0.7219 | WorstLoss 1.1536
[Tracker Process 0] Ep 3358 | Return 0.23 | Global 0.2336 | Local 0.1192 | F1_macro 0.7296 | WorstLoss 1.5990
[Tracker Process 0] Ep 3359 | Return 0.43 | Global 0.4343 | Local 0.1192 | F1_macro 0.7810 | WorstLoss 1.1803
[Tracker Process 0] Ep 3360 | Return 0.48 | Global 0.4782 | Local 0.1192 | F1_macro 0.7465 | WorstLoss 1.0888
[Tracker Process 0] Ep 3361 | Return 0.44 | Global 0.4446 | Local 0.1192 | F1_macro 0.7243 | WorstLoss 1.1588
[Tracker Process 0] Ep 3362 | Return 0.52 | Global 0.5207 | Local 0.1192 | F1_macro 0.7187 | WorstLoss 1.0001
[Tracker Process 0] Ep 3363 | Return 0.34 | Global 0.3359 | Local 0.1192 | F1_macro 0.7751 | WorstLoss 1.3856
[Tracker Process 0] Ep 3364 | Return 0.42 | Global 0.4210 | Local 0.1192 | F1_macro 0.7695 | WorstLoss 1.2082
[Tracker Process 0] Ep 3365 | Return 0.08 | Global 0.0759 | Local 0.1192 | F1_macro 0.6626 | WorstLoss 1.9282
[Tracker Process 0] Ep 3366 | Return 0.39 | Global 0.3934 | Local 0.1192 | F1_macro 0.7571 | WorstLoss 1.2656
[Tracker Process 0] Ep 3367 | Return 0.49 | Global 0.4939 | Local 0.1192 | F1_macro 0.7410 | WorstLoss 1.0561
[Tracker Process 0] Ep 3368 | Return 0.38 | Global 0.3793 | Local 0.1192 | F1_macro 0.7083 | WorstLoss 1.2951
[Tracker Process 0] Ep 3369 | Return 0.15 | Global 0.1510 | Local 0.1192 | F1_macro 0.6879 | WorstLoss 1.7714
[Tracker Process 0] Ep 3370 | Return 0.34 | Global 0.3427 | Local 0.1192 | F1_macro 0.7108 | WorstLoss 1.3715
[Tracker Process 0] Ep 3371 | Return 0.45 | Global 0.4528 | Local 0.1192 | F1_macro 0.7725 | WorstLoss 1.1417
[Tracker Process 0] Ep 3372 | Return 0.39 | Global 0.3932 | Local 0.1192 | F1_macro 0.7603 | WorstLoss 1.2661
[Tracker Process 0] Ep 3373 | Return 0.33 | Global 0.3332 | Local 0.1192 | F1_macro 0.7817 | WorstLoss 1.3914
[Tracker Process 0] Ep 3374 | Return 0.37 | Global 0.3679 | Local 0.1192 | F1_macro 0.7503 | WorstLoss 1.3188
[Tracker Process 0] Ep 3375 | Return 0.48 | Global 0.4772 | Local 0.1192 | F1_macro 0.7714 | WorstLoss 1.0907
[Tracker Process 0] Ep 3376 | Return 0.38 | Global 0.3766 | Local 0.1192 | F1_macro 0.7483 | WorstLoss 1.3007
[Tracker Process 0] Ep 3377 | Return 0.47 | Global 0.4747 | Local 0.1192 | F1_macro 0.7623 | WorstLoss 1.0960
[Tracker Process 0] Ep 3378 | Return 0.42 | Global 0.4218 | Local 0.1192 | F1_macro 0.7764 | WorstLoss 1.2065
[Tracker Process 0] Ep 3379 | Return 0.40 | Global 0.4025 | Local 0.1192 | F1_macro 0.7655 | WorstLoss 1.2466
[Tracker Process 0] Ep 3380 | Return 0.41 | Global 0.4085 | Local 0.1192 | F1_macro 0.7248 | WorstLoss 1.2343
[Tracker Process 0] Ep 3381 | Return 0.45 | Global 0.4542 | Local 0.1192 | F1_macro 0.7694 | WorstLoss 1.1388
[Tracker Process 0] Ep 3382 | Return 0.37 | Global 0.3746 | Local 0.1192 | F1_macro 0.7191 | WorstLoss 1.3048
[Tracker Process 0] Ep 3383 | Return 0.43 | Global 0.4264 | Local 0.1192 | F1_macro 0.6943 | WorstLoss 1.1968
[Tracker Process 0] Ep 3384 | Return 0.34 | Global 0.3352 | Local 0.1192 | F1_macro 0.7390 | WorstLoss 1.3871
[Tracker Process 0] Ep 3385 | Return 0.41 | Global 0.4105 | Local 0.1192 | F1_macro 0.7861 | WorstLoss 1.2299
[Tracker Process 0] Ep 3386 | Return 0.14 | Global 0.1415 | Local 0.1192 | F1_macro 0.7180 | WorstLoss 1.7912
[Tracker Process 0] Ep 3387 | Return 0.35 | Global 0.3492 | Local 0.1192 | F1_macro 0.7243 | WorstLoss 1.3579
[Tracker Process 0] Ep 3388 | Return 0.27 | Global 0.2688 | Local 0.1192 | F1_macro 0.7316 | WorstLoss 1.5258
[Tracker Process 0] Ep 3389 | Return 0.49 | Global 0.4850 | Local 0.1192 | F1_macro 0.7366 | WorstLoss 1.0745
[Tracker Process 0] Ep 3390 | Return 0.31 | Global 0.3062 | Local 0.1192 | F1_macro 0.7236 | WorstLoss 1.4477
[Tracker Process 0] Ep 3391 | Return 0.39 | Global 0.3878 | Local 0.1192 | F1_macro 0.7544 | WorstLoss 1.2774
[Tracker Process 0] Ep 3392 | Return 0.37 | Global 0.3730 | Local 0.1192 | F1_macro 0.7170 | WorstLoss 1.3082
[Tracker Process 0] Ep 3393 | Return 0.39 | Global 0.3869 | Local 0.1192 | F1_macro 0.7684 | WorstLoss 1.2793
[Tracker Process 0] Ep 3394 | Return 0.36 | Global 0.3554 | Local 0.1192 | F1_macro 0.7725 | WorstLoss 1.3449
[Tracker Process 0] Ep 3395 | Return 0.48 | Global 0.4822 | Local 0.1192 | F1_macro 0.7620 | WorstLoss 1.0804
[Tracker Process 0] Ep 3396 | Return 0.39 | Global 0.3898 | Local 0.1192 | F1_macro 0.7529 | WorstLoss 1.2732
[Tracker Process 0] Ep 3397 | Return 0.48 | Global 0.4778 | Local 0.1192 | F1_macro 0.7737 | WorstLoss 1.0896
[Tracker Process 0] Ep 3398 | Return 0.29 | Global 0.2924 | Local 0.1192 | F1_macro 0.7483 | WorstLoss 1.4765
[Tracker Process 0] Ep 3399 | Return 0.39 | Global 0.3888 | Local 0.1192 | F1_macro 0.7591 | WorstLoss 1.2753
[Tracker Process 0] Ep 3400 | Return 0.49 | Global 0.4926 | Local 0.1192 | F1_macro 0.7192 | WorstLoss 1.0587
[Tracker Process 0] Ep 3401 | Return 0.45 | Global 0.4504 | Local 0.1192 | F1_macro 0.7695 | WorstLoss 1.1467
[Tracker Process 0] Ep 3402 | Return 0.47 | Global 0.4700 | Local 0.1192 | F1_macro 0.7404 | WorstLoss 1.1058
[Tracker Process 0] Ep 3403 | Return 0.44 | Global 0.4438 | Local 0.1192 | F1_macro 0.7883 | WorstLoss 1.1606
[Tracker Process 0] Ep 3404 | Return 0.51 | Global 0.5098 | Local 0.1192 | F1_macro 0.7752 | WorstLoss 1.0227
[Tracker Process 0] Ep 3405 | Return 0.30 | Global 0.3010 | Local 0.1192 | F1_macro 0.7456 | WorstLoss 1.4584
[Tracker Process 0] Ep 3406 | Return 0.33 | Global 0.3265 | Local 0.1192 | F1_macro 0.7422 | WorstLoss 1.4052
[Tracker Process 0] Ep 3407 | Return 0.31 | Global 0.3078 | Local 0.1192 | F1_macro 0.7435 | WorstLoss 1.4442
[Tracker Process 0] Ep 3408 | Return 0.29 | Global 0.2905 | Local 0.1192 | F1_macro 0.7264 | WorstLoss 1.4804
[Tracker Process 0] Ep 3409 | Return 0.40 | Global 0.3959 | Local 0.1192 | F1_macro 0.7333 | WorstLoss 1.2604
[Tracker Process 0] Ep 3410 | Return 0.39 | Global 0.3913 | Local 0.1192 | F1_macro 0.7441 | WorstLoss 1.2700
[Tracker Process 0] Ep 3411 | Return 0.36 | Global 0.3593 | Local 0.1192 | F1_macro 0.7551 | WorstLoss 1.3369
[Tracker Process 0] Ep 3412 | Return 0.44 | Global 0.4390 | Local 0.1192 | F1_macro 0.7544 | WorstLoss 1.1706
[Tracker Process 0] Ep 3413 | Return 0.47 | Global 0.4684 | Local 0.1192 | F1_macro 0.7614 | WorstLoss 1.1092
[Tracker Process 0] Ep 3414 | Return 0.45 | Global 0.4512 | Local 0.1192 | F1_macro 0.7520 | WorstLoss 1.1450
[Tracker Process 0] Ep 3415 | Return 0.46 | Global 0.4588 | Local 0.1192 | F1_macro 0.7598 | WorstLoss 1.1292
[Tracker Process 0] Ep 3416 | Return 0.41 | Global 0.4090 | Local 0.1192 | F1_macro 0.7665 | WorstLoss 1.2332
[Tracker Process 0] Ep 3417 | Return 0.42 | Global 0.4182 | Local 0.1192 | F1_macro 0.7614 | WorstLoss 1.2139
[Tracker Process 0] Ep 3418 | Return 0.57 | Global 0.5733 | Local 0.1192 | F1_macro 0.7723 | WorstLoss 0.8903
[Tracker Process 0] Ep 3419 | Return 0.46 | Global 0.4624 | Local 0.1192 | F1_macro 0.7704 | WorstLoss 1.1216
[Tracker Process 0] Ep 3420 | Return 0.35 | Global 0.3523 | Local 0.1192 | F1_macro 0.7317 | WorstLoss 1.3515
[Tracker Process 0] Ep 3421 | Return 0.46 | Global 0.4634 | Local 0.1192 | F1_macro 0.7388 | WorstLoss 1.1197
[Tracker Process 0] Ep 3422 | Return 0.56 | Global 0.5636 | Local 0.1192 | F1_macro 0.7639 | WorstLoss 0.9105
[Tracker Process 0] Ep 3423 | Return 0.32 | Global 0.3155 | Local 0.1192 | F1_macro 0.7479 | WorstLoss 1.4282
[Tracker Process 0] Ep 3424 | Return 0.46 | Global 0.4640 | Local 0.1192 | F1_macro 0.7396 | WorstLoss 1.1183
[Tracker Process 0] Ep 3425 | Return 0.34 | Global 0.3384 | Local 0.1192 | F1_macro 0.7468 | WorstLoss 1.3804
[Tracker Process 0] Ep 3426 | Return 0.44 | Global 0.4385 | Local 0.1192 | F1_macro 0.7401 | WorstLoss 1.1715
[Tracker Process 0] Ep 3427 | Return 0.38 | Global 0.3764 | Local 0.1192 | F1_macro 0.7352 | WorstLoss 1.3012
[Tracker Process 0] Ep 3428 | Return 0.47 | Global 0.4739 | Local 0.1192 | F1_macro 0.7730 | WorstLoss 1.0978
[Tracker Process 0] Ep 3429 | Return 0.29 | Global 0.2940 | Local 0.1192 | F1_macro 0.6826 | WorstLoss 1.4731
[Tracker Process 0] Ep 3430 | Return 0.47 | Global 0.4683 | Local 0.1192 | F1_macro 0.7713 | WorstLoss 1.1094
[Tracker Process 0] Ep 3431 | Return 0.19 | Global 0.1867 | Local 0.1192 | F1_macro 0.6863 | WorstLoss 1.6969
[Tracker Process 0] Ep 3432 | Return 0.47 | Global 0.4728 | Local 0.1192 | F1_macro 0.7174 | WorstLoss 1.1000
[Tracker Process 0] Ep 3433 | Return 0.49 | Global 0.4943 | Local 0.1192 | F1_macro 0.7299 | WorstLoss 1.0552
[Tracker Process 0] Ep 3434 | Return 0.36 | Global 0.3608 | Local 0.1192 | F1_macro 0.7523 | WorstLoss 1.3338
[Tracker Process 0] Ep 3435 | Return 0.36 | Global 0.3618 | Local 0.1192 | F1_macro 0.7317 | WorstLoss 1.3317
[Tracker Process 0] Ep 3436 | Return 0.44 | Global 0.4429 | Local 0.1192 | F1_macro 0.7664 | WorstLoss 1.1624
[Tracker Process 0] Ep 3437 | Return 0.33 | Global 0.3250 | Local 0.1192 | F1_macro 0.7380 | WorstLoss 1.4084
[Tracker Process 0] Ep 3438 | Return 0.45 | Global 0.4475 | Local 0.1192 | F1_macro 0.7347 | WorstLoss 1.1527
[Tracker Process 0] Ep 3439 | Return 0.51 | Global 0.5051 | Local 0.1192 | F1_macro 0.7341 | WorstLoss 1.0326
[Tracker Process 0] Ep 3440 | Return 0.34 | Global 0.3426 | Local 0.1192 | F1_macro 0.7544 | WorstLoss 1.3717
[Tracker Process 0] Ep 3441 | Return 0.51 | Global 0.5056 | Local 0.1192 | F1_macro 0.7566 | WorstLoss 1.0315
[Tracker Process 0] Ep 3442 | Return 0.43 | Global 0.4275 | Local 0.1192 | F1_macro 0.7386 | WorstLoss 1.1946
[Tracker Process 0] Ep 3443 | Return 0.47 | Global 0.4670 | Local 0.1192 | F1_macro 0.7684 | WorstLoss 1.1120
[Tracker Process 0] Ep 3444 | Return 0.49 | Global 0.4855 | Local 0.1192 | F1_macro 0.7555 | WorstLoss 1.0735
[Tracker Process 0] Ep 3445 | Return 0.39 | Global 0.3943 | Local 0.1192 | F1_macro 0.7767 | WorstLoss 1.2638
[Tracker Process 0] Ep 3446 | Return 0.50 | Global 0.4991 | Local 0.1192 | F1_macro 0.7440 | WorstLoss 1.0452
[Tracker Process 0] Ep 3447 | Return 0.47 | Global 0.4725 | Local 0.1192 | F1_macro 0.7675 | WorstLoss 1.1005
[Tracker Process 0] Ep 3448 | Return 0.47 | Global 0.4743 | Local 0.1192 | F1_macro 0.7432 | WorstLoss 1.0969
[Tracker Process 0] Ep 3449 | Return 0.39 | Global 0.3883 | Local 0.1192 | F1_macro 0.7550 | WorstLoss 1.2763
[Tracker Process 0] Ep 3450 | Return 0.39 | Global 0.3886 | Local 0.1192 | F1_macro 0.7571 | WorstLoss 1.2757
[Tracker Process 0] Saved snapshot: ep3450_phase1_class1
[Tracker Process 0] Ep 3451 | Return 0.46 | Global 0.4577 | Local 0.1192 | F1_macro 0.7317 | WorstLoss 1.1314
[Tracker Process 0] Ep 3452 | Return 0.50 | Global 0.5012 | Local 0.1192 | F1_macro 0.7434 | WorstLoss 1.0408
[Tracker Process 0] Ep 3453 | Return 0.44 | Global 0.4381 | Local 0.1192 | F1_macro 0.7606 | WorstLoss 1.1724
[Tracker Process 0] Ep 3454 | Return 0.50 | Global 0.4997 | Local 0.1192 | F1_macro 0.7514 | WorstLoss 1.0439
[Tracker Process 0] Ep 3455 | Return 0.38 | Global 0.3830 | Local 0.1192 | F1_macro 0.7386 | WorstLoss 1.2875
[Tracker Process 0] Ep 3456 | Return 0.28 | Global 0.2837 | Local 0.1192 | F1_macro 0.7256 | WorstLoss 1.4945
[Tracker Process 0] Ep 3457 | Return 0.51 | Global 0.5146 | Local 0.1192 | F1_macro 0.7730 | WorstLoss 1.0128
[Tracker Process 0] Ep 3458 | Return 0.38 | Global 0.3762 | Local 0.1192 | F1_macro 0.7107 | WorstLoss 1.3016
[Tracker Process 0] Ep 3459 | Return 0.31 | Global 0.3138 | Local 0.1192 | F1_macro 0.7166 | WorstLoss 1.4317
[Tracker Process 0] Ep 3460 | Return 0.49 | Global 0.4938 | Local 0.1192 | F1_macro 0.7944 | WorstLoss 1.0562
[Tracker Process 0] Ep 3461 | Return 0.41 | Global 0.4142 | Local 0.1192 | F1_macro 0.7531 | WorstLoss 1.2223
[Tracker Process 0] Ep 3462 | Return 0.33 | Global 0.3299 | Local 0.1192 | F1_macro 0.7272 | WorstLoss 1.3982
[Tracker Process 0] Ep 3463 | Return 0.35 | Global 0.3455 | Local 0.1192 | F1_macro 0.6998 | WorstLoss 1.3656
[Tracker Process 0] Ep 3464 | Return 0.42 | Global 0.4154 | Local 0.1192 | F1_macro 0.7362 | WorstLoss 1.2198
[Tracker Process 0] Ep 3465 | Return 0.47 | Global 0.4694 | Local 0.1192 | F1_macro 0.7220 | WorstLoss 1.1070
[Tracker Process 0] Ep 3466 | Return 0.49 | Global 0.4852 | Local 0.1192 | F1_macro 0.7461 | WorstLoss 1.0742
[Tracker Process 0] Ep 3467 | Return 0.37 | Global 0.3734 | Local 0.1192 | F1_macro 0.6943 | WorstLoss 1.3074
[Tracker Process 0] Ep 3468 | Return 0.43 | Global 0.4333 | Local 0.1192 | F1_macro 0.7520 | WorstLoss 1.1824
[Tracker Process 0] Ep 3469 | Return 0.36 | Global 0.3639 | Local 0.1192 | F1_macro 0.7737 | WorstLoss 1.3273
[Tracker Process 0] Ep 3470 | Return 0.39 | Global 0.3913 | Local 0.1192 | F1_macro 0.7578 | WorstLoss 1.2700
[Tracker Process 0] Ep 3471 | Return 0.44 | Global 0.4388 | Local 0.1192 | F1_macro 0.7417 | WorstLoss 1.1709
[Tracker Process 0] Ep 3472 | Return 0.37 | Global 0.3707 | Local 0.1192 | F1_macro 0.7112 | WorstLoss 1.3131
[Tracker Process 0] Ep 3473 | Return 0.45 | Global 0.4507 | Local 0.1192 | F1_macro 0.7674 | WorstLoss 1.1462
[Tracker Process 0] Ep 3474 | Return 0.43 | Global 0.4306 | Local 0.1192 | F1_macro 0.7727 | WorstLoss 1.1880
[Tracker Process 0] Ep 3475 | Return 0.34 | Global 0.3403 | Local 0.1192 | F1_macro 0.7640 | WorstLoss 1.3766
[Tracker Process 0] Ep 3476 | Return 0.48 | Global 0.4808 | Local 0.1192 | F1_macro 0.7576 | WorstLoss 1.0834
[Tracker Process 0] Ep 3477 | Return 0.41 | Global 0.4097 | Local 0.1192 | F1_macro 0.7448 | WorstLoss 1.2317
[Tracker Process 0] Ep 3478 | Return 0.51 | Global 0.5116 | Local 0.1192 | F1_macro 0.7587 | WorstLoss 1.0191
[Tracker Process 0] Ep 3479 | Return 0.45 | Global 0.4531 | Local 0.1192 | F1_macro 0.7645 | WorstLoss 1.1411
[Tracker Process 0] Ep 3480 | Return 0.41 | Global 0.4100 | Local 0.1192 | F1_macro 0.7316 | WorstLoss 1.2310
[Tracker Process 0] Ep 3481 | Return 0.37 | Global 0.3652 | Local 0.1192 | F1_macro 0.7298 | WorstLoss 1.3244
[Tracker Process 0] Ep 3482 | Return 0.51 | Global 0.5071 | Local 0.1192 | F1_macro 0.7788 | WorstLoss 1.0283
[Tracker Process 0] Ep 3483 | Return 0.45 | Global 0.4544 | Local 0.1192 | F1_macro 0.7746 | WorstLoss 1.1383
[Tracker Process 0] Ep 3484 | Return 0.28 | Global 0.2803 | Local 0.1192 | F1_macro 0.7243 | WorstLoss 1.5017
[Tracker Process 0] Ep 3485 | Return 0.41 | Global 0.4090 | Local 0.1192 | F1_macro 0.7614 | WorstLoss 1.2331
[Tracker Process 0] Ep 3486 | Return 0.39 | Global 0.3916 | Local 0.1192 | F1_macro 0.7435 | WorstLoss 1.2695
[Tracker Process 0] Ep 3487 | Return 0.25 | Global 0.2472 | Local 0.1192 | F1_macro 0.7053 | WorstLoss 1.5708
[Tracker Process 0] Ep 3488 | Return 0.42 | Global 0.4174 | Local 0.1192 | F1_macro 0.7425 | WorstLoss 1.2155
[Tracker Process 0] Ep 3489 | Return 0.36 | Global 0.3634 | Local 0.1192 | F1_macro 0.7615 | WorstLoss 1.3284
[Tracker Process 0] Ep 3490 | Return 0.47 | Global 0.4691 | Local 0.1192 | F1_macro 0.7761 | WorstLoss 1.1078
[Tracker Process 0] Ep 3491 | Return 0.35 | Global 0.3479 | Local 0.1192 | F1_macro 0.7432 | WorstLoss 1.3606
[Tracker Process 0] Ep 3492 | Return 0.24 | Global 0.2396 | Local 0.1192 | F1_macro 0.7618 | WorstLoss 1.5866
[Tracker Process 0] Ep 3493 | Return 0.50 | Global 0.4961 | Local 0.1192 | F1_macro 0.7606 | WorstLoss 1.0515
[Tracker Process 0] Ep 3494 | Return 0.40 | Global 0.4045 | Local 0.1192 | F1_macro 0.7187 | WorstLoss 1.2426
[Tracker Process 0] Ep 3495 | Return 0.40 | Global 0.4046 | Local 0.1192 | F1_macro 0.7073 | WorstLoss 1.2422
[Tracker Process 0] Ep 3496 | Return 0.36 | Global 0.3617 | Local 0.1192 | F1_macro 0.7423 | WorstLoss 1.3318
[Tracker Process 0] Ep 3497 | Return 0.37 | Global 0.3670 | Local 0.1192 | F1_macro 0.7628 | WorstLoss 1.3207
[Tracker Process 0] Ep 3498 | Return 0.36 | Global 0.3586 | Local 0.1192 | F1_macro 0.7336 | WorstLoss 1.3383
[Tracker Process 0] Ep 3499 | Return 0.34 | Global 0.3376 | Local 0.1192 | F1_macro 0.7232 | WorstLoss 1.3820
[Tracker Process 0] Ep 3500 | Return 0.27 | Global 0.2739 | Local 0.1192 | F1_macro 0.7356 | WorstLoss 1.5151
[Tracker Process 0] Ep 3501 | Return 0.45 | Global 0.4503 | Local 0.1192 | F1_macro 0.7645 | WorstLoss 1.1469
[Tracker Process 0] Ep 3502 | Return 0.34 | Global 0.3378 | Local 0.1192 | F1_macro 0.7682 | WorstLoss 1.3817
[Tracker Process 0] Ep 3503 | Return 0.41 | Global 0.4070 | Local 0.1192 | F1_macro 0.7738 | WorstLoss 1.2373
[Tracker Process 0] Ep 3504 | Return 0.43 | Global 0.4301 | Local 0.1192 | F1_macro 0.7646 | WorstLoss 1.1891
[Tracker Process 0] Ep 3505 | Return 0.36 | Global 0.3588 | Local 0.1192 | F1_macro 0.7518 | WorstLoss 1.3378
[Tracker Process 0] Ep 3506 | Return 0.45 | Global 0.4545 | Local 0.1192 | F1_macro 0.7619 | WorstLoss 1.1383
[Tracker Process 0] Ep 3507 | Return 0.52 | Global 0.5217 | Local 0.1192 | F1_macro 0.7714 | WorstLoss 0.9981
[Tracker Process 0] Ep 3508 | Return 0.38 | Global 0.3762 | Local 0.1192 | F1_macro 0.7442 | WorstLoss 1.3016
[Tracker Process 0] Ep 3509 | Return 0.41 | Global 0.4078 | Local 0.1192 | F1_macro 0.7650 | WorstLoss 1.2357
[Tracker Process 0] Ep 3510 | Return 0.36 | Global 0.3565 | Local 0.1192 | F1_macro 0.7352 | WorstLoss 1.3427
[Tracker Process 0] Ep 3511 | Return 0.54 | Global 0.5353 | Local 0.1192 | F1_macro 0.7472 | WorstLoss 0.9695
[Tracker Process 0] Ep 3512 | Return 0.46 | Global 0.4618 | Local 0.1192 | F1_macro 0.7229 | WorstLoss 1.1230
[Tracker Process 0] Ep 3513 | Return 0.48 | Global 0.4792 | Local 0.1192 | F1_macro 0.7682 | WorstLoss 1.0866
[Tracker Process 0] Ep 3514 | Return 0.38 | Global 0.3770 | Local 0.1192 | F1_macro 0.7274 | WorstLoss 1.3000
[Tracker Process 0] Ep 3515 | Return 0.40 | Global 0.3965 | Local 0.1192 | F1_macro 0.7694 | WorstLoss 1.2592
[Tracker Process 0] Ep 3516 | Return 0.48 | Global 0.4837 | Local 0.1192 | F1_macro 0.7479 | WorstLoss 1.0773
[Tracker Process 0] Ep 3517 | Return 0.47 | Global 0.4720 | Local 0.1192 | F1_macro 0.7654 | WorstLoss 1.1016
[Tracker Process 0] Ep 3518 | Return 0.27 | Global 0.2697 | Local 0.1192 | F1_macro 0.7652 | WorstLoss 1.5239
[Tracker Process 0] Ep 3519 | Return 0.31 | Global 0.3136 | Local 0.1192 | F1_macro 0.7336 | WorstLoss 1.4321
[Tracker Process 0] Ep 3520 | Return 0.44 | Global 0.4448 | Local 0.1192 | F1_macro 0.7509 | WorstLoss 1.1585
[Tracker Process 0] Ep 3521 | Return 0.48 | Global 0.4758 | Local 0.1192 | F1_macro 0.7716 | WorstLoss 1.0937
[Tracker Process 0] Ep 3522 | Return 0.45 | Global 0.4530 | Local 0.1192 | F1_macro 0.7479 | WorstLoss 1.1414
[Tracker Process 0] Ep 3523 | Return 0.33 | Global 0.3329 | Local 0.1192 | F1_macro 0.7337 | WorstLoss 1.3920
[Tracker Process 0] Ep 3524 | Return 0.35 | Global 0.3506 | Local 0.1192 | F1_macro 0.6788 | WorstLoss 1.3550
[Tracker Process 0] Ep 3525 | Return 0.31 | Global 0.3054 | Local 0.1192 | F1_macro 0.7628 | WorstLoss 1.4494
[Tracker Process 0] Ep 3526 | Return 0.43 | Global 0.4256 | Local 0.1192 | F1_macro 0.7836 | WorstLoss 1.1984
[Tracker Process 0] Ep 3527 | Return 0.36 | Global 0.3595 | Local 0.1192 | F1_macro 0.7041 | WorstLoss 1.3364
[Tracker Process 0] Ep 3528 | Return 0.43 | Global 0.4313 | Local 0.1192 | F1_macro 0.7518 | WorstLoss 1.1866
[Tracker Process 0] Ep 3529 | Return 0.44 | Global 0.4374 | Local 0.1192 | F1_macro 0.7727 | WorstLoss 1.1738
[Tracker Process 0] Ep 3530 | Return 0.43 | Global 0.4269 | Local 0.1192 | F1_macro 0.7727 | WorstLoss 1.1958
[Tracker Process 0] Ep 3531 | Return 0.41 | Global 0.4129 | Local 0.1192 | F1_macro 0.7564 | WorstLoss 1.2250
[Tracker Process 0] Ep 3532 | Return 0.31 | Global 0.3138 | Local 0.1192 | F1_macro 0.7656 | WorstLoss 1.4318
[Tracker Process 0] Ep 3533 | Return 0.29 | Global 0.2942 | Local 0.1192 | F1_macro 0.7165 | WorstLoss 1.4727
[Tracker Process 0] Ep 3534 | Return 0.40 | Global 0.3996 | Local 0.1192 | F1_macro 0.7933 | WorstLoss 1.2527
[Tracker Process 0] Ep 3535 | Return 0.40 | Global 0.3956 | Local 0.1192 | F1_macro 0.7239 | WorstLoss 1.2610
[Tracker Process 0] Ep 3536 | Return 0.17 | Global 0.1720 | Local 0.1192 | F1_macro 0.7041 | WorstLoss 1.7275
[Tracker Process 0] Ep 3537 | Return 0.56 | Global 0.5556 | Local 0.1192 | F1_macro 0.7742 | WorstLoss 0.9273
[Tracker Process 0] Ep 3538 | Return 0.35 | Global 0.3536 | Local 0.1192 | F1_macro 0.7428 | WorstLoss 1.3487
[Tracker Process 0] Ep 3539 | Return 0.32 | Global 0.3184 | Local 0.1192 | F1_macro 0.7501 | WorstLoss 1.4221
[Tracker Process 0] Ep 3540 | Return 0.30 | Global 0.2993 | Local 0.1192 | F1_macro 0.7428 | WorstLoss 1.4620
[Tracker Process 0] Ep 3541 | Return 0.42 | Global 0.4170 | Local 0.1192 | F1_macro 0.7783 | WorstLoss 1.2165
[Tracker Process 0] Ep 3542 | Return 0.46 | Global 0.4616 | Local 0.1192 | F1_macro 0.7725 | WorstLoss 1.1233
[Tracker Process 0] Ep 3543 | Return 0.54 | Global 0.5429 | Local 0.1192 | F1_macro 0.7612 | WorstLoss 0.9537
[Tracker Process 0] Ep 3544 | Return 0.57 | Global 0.5662 | Local 0.1192 | F1_macro 0.7704 | WorstLoss 0.9052
[Tracker Process 0] Ep 3545 | Return 0.52 | Global 0.5174 | Local 0.1192 | F1_macro 0.7602 | WorstLoss 1.0070
[Tracker Process 0] Ep 3546 | Return 0.43 | Global 0.4310 | Local 0.1192 | F1_macro 0.7601 | WorstLoss 1.1872
[Tracker Process 0] Ep 3547 | Return 0.31 | Global 0.3057 | Local 0.1192 | F1_macro 0.7050 | WorstLoss 1.4486
[Tracker Process 0] Ep 3548 | Return 0.42 | Global 0.4236 | Local 0.1192 | F1_macro 0.7452 | WorstLoss 1.2026
[Tracker Process 0] Ep 3549 | Return 0.41 | Global 0.4053 | Local 0.1192 | F1_macro 0.7915 | WorstLoss 1.2408
[Tracker Process 0] Ep 3550 | Return 0.37 | Global 0.3695 | Local 0.1192 | F1_macro 0.7317 | WorstLoss 1.3156
[Tracker Process 0] Ep 3551 | Return 0.37 | Global 0.3695 | Local 0.1192 | F1_macro 0.7254 | WorstLoss 1.3155
[Tracker Process 0] Ep 3552 | Return 0.30 | Global 0.3008 | Local 0.1192 | F1_macro 0.7637 | WorstLoss 1.4589
[Tracker Process 0] Ep 3553 | Return 0.42 | Global 0.4242 | Local 0.1192 | F1_macro 0.7202 | WorstLoss 1.2013
[Tracker Process 0] Ep 3554 | Return 0.37 | Global 0.3726 | Local 0.1192 | F1_macro 0.7717 | WorstLoss 1.3090
[Tracker Process 0] Ep 3555 | Return 0.46 | Global 0.4590 | Local 0.1192 | F1_macro 0.7662 | WorstLoss 1.1288
[Tracker Process 0] Ep 3556 | Return 0.43 | Global 0.4302 | Local 0.1192 | F1_macro 0.7650 | WorstLoss 1.1888
[Tracker Process 0] Ep 3557 | Return 0.35 | Global 0.3477 | Local 0.1192 | F1_macro 0.7337 | WorstLoss 1.3611
[Tracker Process 0] Ep 3558 | Return 0.48 | Global 0.4805 | Local 0.1192 | F1_macro 0.7498 | WorstLoss 1.0840
[Tracker Process 0] Ep 3559 | Return 0.50 | Global 0.5030 | Local 0.1192 | F1_macro 0.7737 | WorstLoss 1.0371
[Tracker Process 0] Ep 3560 | Return 0.40 | Global 0.4042 | Local 0.1192 | F1_macro 0.7378 | WorstLoss 1.2432
[Tracker Process 0] Ep 3561 | Return 0.46 | Global 0.4607 | Local 0.1192 | F1_macro 0.7506 | WorstLoss 1.1253
[Tracker Process 0] Ep 3562 | Return 0.46 | Global 0.4625 | Local 0.1192 | F1_macro 0.7364 | WorstLoss 1.1214
[Tracker Process 0] Ep 3563 | Return 0.51 | Global 0.5119 | Local 0.1192 | F1_macro 0.7705 | WorstLoss 1.0185
[Tracker Process 0] Ep 3564 | Return 0.53 | Global 0.5272 | Local 0.1192 | F1_macro 0.7299 | WorstLoss 0.9865
[Tracker Process 0] Ep 3565 | Return 0.40 | Global 0.3984 | Local 0.1192 | F1_macro 0.7336 | WorstLoss 1.2553
[Tracker Process 0] Ep 3566 | Return 0.42 | Global 0.4212 | Local 0.1192 | F1_macro 0.7432 | WorstLoss 1.2077
[Tracker Process 0] Ep 3567 | Return 0.45 | Global 0.4469 | Local 0.1192 | F1_macro 0.7551 | WorstLoss 1.1540
[Tracker Process 0] Ep 3568 | Return 0.21 | Global 0.2055 | Local 0.1192 | F1_macro 0.7029 | WorstLoss 1.6577
[Tracker Process 0] Ep 3569 | Return 0.49 | Global 0.4924 | Local 0.1192 | F1_macro 0.7716 | WorstLoss 1.0592
[Tracker Process 0] Ep 3570 | Return 0.42 | Global 0.4217 | Local 0.1192 | F1_macro 0.7503 | WorstLoss 1.2067
[Tracker Process 0] Ep 3571 | Return 0.36 | Global 0.3561 | Local 0.1192 | F1_macro 0.6959 | WorstLoss 1.3436
[Tracker Process 0] Ep 3572 | Return 0.20 | Global 0.2032 | Local 0.1192 | F1_macro 0.7022 | WorstLoss 1.6625
[Tracker Process 0] Ep 3573 | Return 0.31 | Global 0.3127 | Local 0.1192 | F1_macro 0.7260 | WorstLoss 1.4340
[Tracker Process 0] Ep 3574 | Return 0.45 | Global 0.4462 | Local 0.1192 | F1_macro 0.7758 | WorstLoss 1.1555
[Tracker Process 0] Ep 3575 | Return 0.44 | Global 0.4385 | Local 0.1192 | F1_macro 0.7483 | WorstLoss 1.1715
[Tracker Process 0] Ep 3576 | Return 0.33 | Global 0.3273 | Local 0.1192 | F1_macro 0.7317 | WorstLoss 1.4036
[Tracker Process 0] Ep 3577 | Return 0.51 | Global 0.5105 | Local 0.1192 | F1_macro 0.7832 | WorstLoss 1.0214
[Tracker Process 0] Ep 3578 | Return 0.45 | Global 0.4513 | Local 0.1192 | F1_macro 0.7564 | WorstLoss 1.1449
[Tracker Process 0] Ep 3579 | Return 0.50 | Global 0.4965 | Local 0.1192 | F1_macro 0.7544 | WorstLoss 1.0505
[Tracker Process 0] Ep 3580 | Return 0.45 | Global 0.4515 | Local 0.1192 | F1_macro 0.7280 | WorstLoss 1.1445
[Tracker Process 0] Ep 3581 | Return 0.21 | Global 0.2106 | Local 0.1192 | F1_macro 0.6975 | WorstLoss 1.6471
[Tracker Process 0] Ep 3582 | Return 0.19 | Global 0.1877 | Local 0.1192 | F1_macro 0.6687 | WorstLoss 1.6949
[Tracker Process 0] Ep 3583 | Return 0.40 | Global 0.3981 | Local 0.1192 | F1_macro 0.7102 | WorstLoss 1.2558
[Tracker Process 0] Ep 3584 | Return 0.43 | Global 0.4276 | Local 0.1192 | F1_macro 0.7337 | WorstLoss 1.1943
[Tracker Process 0] Ep 3585 | Return 0.42 | Global 0.4201 | Local 0.1192 | F1_macro 0.7397 | WorstLoss 1.2099
[Tracker Process 0] Ep 3586 | Return 0.48 | Global 0.4817 | Local 0.1192 | F1_macro 0.7810 | WorstLoss 1.0814
[Tracker Process 0] Ep 3587 | Return 0.43 | Global 0.4253 | Local 0.1192 | F1_macro 0.7448 | WorstLoss 1.1992
[Tracker Process 0] Ep 3588 | Return 0.41 | Global 0.4082 | Local 0.1192 | F1_macro 0.7317 | WorstLoss 1.2347
[Tracker Process 0] Ep 3589 | Return 0.56 | Global 0.5586 | Local 0.1192 | F1_macro 0.7612 | WorstLoss 0.9209
[Tracker Process 0] Ep 3590 | Return 0.31 | Global 0.3136 | Local 0.1192 | F1_macro 0.7151 | WorstLoss 1.4323
[Tracker Process 0] Ep 3591 | Return 0.45 | Global 0.4522 | Local 0.1192 | F1_macro 0.7512 | WorstLoss 1.1429
[Tracker Process 0] Ep 3592 | Return 0.49 | Global 0.4924 | Local 0.1192 | F1_macro 0.7725 | WorstLoss 1.0591
[Tracker Process 0] Ep 3593 | Return 0.51 | Global 0.5071 | Local 0.1192 | F1_macro 0.7456 | WorstLoss 1.0285
[Tracker Process 0] Ep 3594 | Return 0.42 | Global 0.4224 | Local 0.1192 | F1_macro 0.7509 | WorstLoss 1.2053
[Tracker Process 0] Ep 3595 | Return 0.38 | Global 0.3800 | Local 0.1192 | F1_macro 0.7415 | WorstLoss 1.2936
[Tracker Process 0] Ep 3596 | Return 0.50 | Global 0.4993 | Local 0.1192 | F1_macro 0.7944 | WorstLoss 1.0448
[Tracker Process 0] Ep 3597 | Return 0.37 | Global 0.3739 | Local 0.1192 | F1_macro 0.7606 | WorstLoss 1.3064
[Tracker Process 0] Ep 3598 | Return 0.42 | Global 0.4233 | Local 0.1192 | F1_macro 0.7208 | WorstLoss 1.2032
[Tracker Process 0] Ep 3599 | Return 0.13 | Global 0.1304 | Local 0.1192 | F1_macro 0.7167 | WorstLoss 1.8144
[Tracker Process 0] Ep 3600 | Return 0.38 | Global 0.3795 | Local 0.1192 | F1_macro 0.7208 | WorstLoss 1.2947
[Tracker Process 0] Saved snapshot: ep3600_phase1_class1
[Tracker Process 0] Ep 3601 | Return 0.28 | Global 0.2814 | Local 0.1192 | F1_macro 0.7337 | WorstLoss 1.4994
[Tracker Process 0] Ep 3602 | Return 0.46 | Global 0.4612 | Local 0.1192 | F1_macro 0.7525 | WorstLoss 1.1241
[Tracker Process 0] Ep 3603 | Return 0.30 | Global 0.2950 | Local 0.1192 | F1_macro 0.7420 | WorstLoss 1.4709
[Tracker Process 0] Ep 3604 | Return 0.43 | Global 0.4329 | Local 0.1192 | F1_macro 0.7694 | WorstLoss 1.1833
[Tracker Process 0] Ep 3605 | Return 0.40 | Global 0.4014 | Local 0.1192 | F1_macro 0.7356 | WorstLoss 1.2489
[Tracker Process 0] Ep 3606 | Return 0.39 | Global 0.3906 | Local 0.1192 | F1_macro 0.7578 | WorstLoss 1.2714
[Tracker Process 0] Ep 3607 | Return 0.48 | Global 0.4761 | Local 0.1192 | F1_macro 0.7488 | WorstLoss 1.0931
[Tracker Process 0] Ep 3608 | Return 0.18 | Global 0.1811 | Local 0.1192 | F1_macro 0.6839 | WorstLoss 1.7086
[Tracker Process 0] Ep 3609 | Return 0.35 | Global 0.3496 | Local 0.1192 | F1_macro 0.6998 | WorstLoss 1.3570
[Tracker Process 0] Ep 3610 | Return 0.46 | Global 0.4605 | Local 0.1192 | F1_macro 0.7148 | WorstLoss 1.1257
[Tracker Process 0] Ep 3611 | Return 0.46 | Global 0.4568 | Local 0.1192 | F1_macro 0.7448 | WorstLoss 1.1334
[Tracker Process 0] Ep 3612 | Return 0.21 | Global 0.2093 | Local 0.1192 | F1_macro 0.6949 | WorstLoss 1.6498
[Tracker Process 0] Ep 3613 | Return 0.42 | Global 0.4201 | Local 0.1192 | F1_macro 0.7256 | WorstLoss 1.2100
[Tracker Process 0] Ep 3614 | Return 0.40 | Global 0.3967 | Local 0.1192 | F1_macro 0.7695 | WorstLoss 1.2588
[Tracker Process 0] Ep 3615 | Return 0.40 | Global 0.4010 | Local 0.1192 | F1_macro 0.7695 | WorstLoss 1.2499
[Tracker Process 0] Ep 3616 | Return 0.26 | Global 0.2631 | Local 0.1192 | F1_macro 0.7210 | WorstLoss 1.5376
[Tracker Process 0] Ep 3617 | Return 0.32 | Global 0.3179 | Local 0.1192 | F1_macro 0.7448 | WorstLoss 1.4232
[Tracker Process 0] Ep 3618 | Return 0.39 | Global 0.3919 | Local 0.1192 | F1_macro 0.7532 | WorstLoss 1.2688
[Tracker Process 0] Ep 3619 | Return 0.16 | Global 0.1557 | Local 0.1192 | F1_macro 0.6774 | WorstLoss 1.7617
[Tracker Process 0] Ep 3620 | Return 0.31 | Global 0.3132 | Local 0.1192 | F1_macro 0.7821 | WorstLoss 1.4330
[Tracker Process 0] Ep 3621 | Return 0.41 | Global 0.4120 | Local 0.1192 | F1_macro 0.7399 | WorstLoss 1.2269
[Tracker Process 0] Ep 3622 | Return 0.55 | Global 0.5542 | Local 0.1192 | F1_macro 0.7525 | WorstLoss 0.9302
[Tracker Process 0] Ep 3623 | Return 0.42 | Global 0.4235 | Local 0.1192 | F1_macro 0.7479 | WorstLoss 1.2029
[Tracker Process 0] Ep 3624 | Return 0.25 | Global 0.2515 | Local 0.1192 | F1_macro 0.7251 | WorstLoss 1.5617
[Tracker Process 0] Ep 3625 | Return 0.38 | Global 0.3774 | Local 0.1192 | F1_macro 0.7542 | WorstLoss 1.2991
[Tracker Process 0] Ep 3626 | Return 0.34 | Global 0.3398 | Local 0.1192 | F1_macro 0.7102 | WorstLoss 1.3776
[Tracker Process 0] Ep 3627 | Return 0.30 | Global 0.2964 | Local 0.1192 | F1_macro 0.7256 | WorstLoss 1.4680
[Tracker Process 0] Ep 3628 | Return 0.35 | Global 0.3457 | Local 0.1192 | F1_macro 0.7448 | WorstLoss 1.3653
[Tracker Process 0] Ep 3629 | Return 0.52 | Global 0.5185 | Local 0.1192 | F1_macro 0.7902 | WorstLoss 1.0046
[Tracker Process 0] Ep 3630 | Return 0.41 | Global 0.4059 | Local 0.1192 | F1_macro 0.7264 | WorstLoss 1.2397
[Tracker Process 0] Ep 3631 | Return 0.23 | Global 0.2323 | Local 0.1192 | F1_macro 0.7099 | WorstLoss 1.6019
[Tracker Process 0] Ep 3632 | Return 0.48 | Global 0.4847 | Local 0.1192 | F1_macro 0.8122 | WorstLoss 1.0752
[Tracker Process 0] Ep 3633 | Return 0.45 | Global 0.4530 | Local 0.1192 | F1_macro 0.7571 | WorstLoss 1.1414
[Tracker Process 0] Ep 3634 | Return 0.38 | Global 0.3841 | Local 0.1192 | F1_macro 0.7263 | WorstLoss 1.2850
[Tracker Process 0] Ep 3635 | Return 0.46 | Global 0.4587 | Local 0.1192 | F1_macro 0.8006 | WorstLoss 1.1295
[Tracker Process 0] Ep 3636 | Return 0.18 | Global 0.1837 | Local 0.1192 | F1_macro 0.7159 | WorstLoss 1.7033
[Tracker Process 0] Ep 3637 | Return 0.43 | Global 0.4280 | Local 0.1192 | F1_macro 0.7912 | WorstLoss 1.1935
[Tracker Process 0] Ep 3638 | Return 0.47 | Global 0.4683 | Local 0.1192 | F1_macro 0.7478 | WorstLoss 1.1094
[Tracker Process 0] Ep 3639 | Return 0.36 | Global 0.3562 | Local 0.1192 | F1_macro 0.7717 | WorstLoss 1.3433
[Tracker Process 0] Ep 3640 | Return 0.41 | Global 0.4099 | Local 0.1192 | F1_macro 0.7637 | WorstLoss 1.2313
[Tracker Process 0] Ep 3641 | Return 0.39 | Global 0.3885 | Local 0.1192 | F1_macro 0.7606 | WorstLoss 1.2758
[Tracker Process 0] Ep 3642 | Return 0.35 | Global 0.3508 | Local 0.1192 | F1_macro 0.7395 | WorstLoss 1.3547
[Tracker Process 0] Ep 3643 | Return 0.42 | Global 0.4158 | Local 0.1192 | F1_macro 0.7370 | WorstLoss 1.2190
[Tracker Process 0] Ep 3644 | Return 0.49 | Global 0.4860 | Local 0.1192 | F1_macro 0.7595 | WorstLoss 1.0724
[Tracker Process 0] Ep 3645 | Return 0.35 | Global 0.3490 | Local 0.1192 | F1_macro 0.7156 | WorstLoss 1.3582
[Tracker Process 0] Ep 3646 | Return 0.37 | Global 0.3743 | Local 0.1192 | F1_macro 0.7429 | WorstLoss 1.3056
[Tracker Process 0] Ep 3647 | Return 0.35 | Global 0.3516 | Local 0.1192 | F1_macro 0.7503 | WorstLoss 1.3528
[Tracker Process 0] Ep 3648 | Return 0.52 | Global 0.5207 | Local 0.1192 | F1_macro 0.7580 | WorstLoss 1.0002
[Tracker Process 0] Ep 3649 | Return 0.31 | Global 0.3059 | Local 0.1192 | F1_macro 0.7156 | WorstLoss 1.4482
[Tracker Process 0] Ep 3650 | Return 0.39 | Global 0.3874 | Local 0.1192 | F1_macro 0.7523 | WorstLoss 1.2783
[Tracker Process 0] Ep 3651 | Return 0.40 | Global 0.4019 | Local 0.1192 | F1_macro 0.7550 | WorstLoss 1.2480
[Tracker Process 0] Ep 3652 | Return 0.27 | Global 0.2692 | Local 0.1192 | F1_macro 0.7023 | WorstLoss 1.5247
[Tracker Process 0] Ep 3653 | Return 0.47 | Global 0.4710 | Local 0.1192 | F1_macro 0.7675 | WorstLoss 1.1038
[Tracker Process 0] Ep 3654 | Return 0.47 | Global 0.4702 | Local 0.1192 | F1_macro 0.7876 | WorstLoss 1.1055
[Tracker Process 0] Ep 3655 | Return 0.45 | Global 0.4546 | Local 0.1192 | F1_macro 0.7815 | WorstLoss 1.1381
[Tracker Process 0] Ep 3656 | Return 0.48 | Global 0.4787 | Local 0.1192 | F1_macro 0.7737 | WorstLoss 1.0877
[Tracker Process 0] Ep 3657 | Return 0.15 | Global 0.1470 | Local 0.1192 | F1_macro 0.7004 | WorstLoss 1.7799
[Tracker Process 0] Ep 3658 | Return 0.28 | Global 0.2769 | Local 0.1192 | F1_macro 0.7409 | WorstLoss 1.5087
[Tracker Process 0] Ep 3659 | Return 0.50 | Global 0.5032 | Local 0.1192 | F1_macro 0.7526 | WorstLoss 1.0366
[Tracker Process 0] Ep 3660 | Return 0.49 | Global 0.4903 | Local 0.1192 | F1_macro 0.7640 | WorstLoss 1.0635
[Tracker Process 0] Ep 3661 | Return 0.41 | Global 0.4105 | Local 0.1192 | F1_macro 0.7512 | WorstLoss 1.2300
[Tracker Process 0] Ep 3662 | Return 0.28 | Global 0.2796 | Local 0.1192 | F1_macro 0.7425 | WorstLoss 1.5031
[Tracker Process 0] Ep 3663 | Return 0.40 | Global 0.3999 | Local 0.1192 | F1_macro 0.7386 | WorstLoss 1.2521
[Tracker Process 0] Ep 3664 | Return 0.33 | Global 0.3347 | Local 0.1192 | F1_macro 0.7488 | WorstLoss 1.3883
[Tracker Process 0] Ep 3665 | Return 0.43 | Global 0.4279 | Local 0.1192 | F1_macro 0.7576 | WorstLoss 1.1937
[Tracker Process 0] Ep 3666 | Return 0.34 | Global 0.3364 | Local 0.1192 | F1_macro 0.7298 | WorstLoss 1.3846
[Tracker Process 0] Ep 3667 | Return 0.43 | Global 0.4341 | Local 0.1192 | F1_macro 0.7429 | WorstLoss 1.1808
[Tracker Process 0] Ep 3668 | Return 0.25 | Global 0.2540 | Local 0.1192 | F1_macro 0.7236 | WorstLoss 1.5565
[Tracker Process 0] Ep 3669 | Return 0.42 | Global 0.4246 | Local 0.1192 | F1_macro 0.7493 | WorstLoss 1.2005
[Tracker Process 0] Ep 3670 | Return 0.38 | Global 0.3793 | Local 0.1192 | F1_macro 0.7583 | WorstLoss 1.2950
[Tracker Process 0] Ep 3671 | Return 0.42 | Global 0.4162 | Local 0.1192 | F1_macro 0.7353 | WorstLoss 1.2182
[Tracker Process 0] Ep 3672 | Return 0.47 | Global 0.4670 | Local 0.1192 | F1_macro 0.7551 | WorstLoss 1.1120
[Tracker Process 0] Ep 3673 | Return 0.49 | Global 0.4915 | Local 0.1192 | F1_macro 0.7416 | WorstLoss 1.0610
[Tracker Process 0] Ep 3674 | Return 0.52 | Global 0.5152 | Local 0.1192 | F1_macro 0.7544 | WorstLoss 1.0116
[Tracker Process 0] Ep 3675 | Return 0.31 | Global 0.3094 | Local 0.1192 | F1_macro 0.7594 | WorstLoss 1.4409
[Tracker Process 0] Ep 3676 | Return 0.24 | Global 0.2395 | Local 0.1192 | F1_macro 0.7251 | WorstLoss 1.5868
[Tracker Process 0] Ep 3677 | Return 0.45 | Global 0.4485 | Local 0.1192 | F1_macro 0.7662 | WorstLoss 1.1507
[Tracker Process 0] Ep 3678 | Return 0.37 | Global 0.3714 | Local 0.1192 | F1_macro 0.7483 | WorstLoss 1.3116
[Tracker Process 0] Ep 3679 | Return 0.27 | Global 0.2726 | Local 0.1192 | F1_macro 0.7138 | WorstLoss 1.5178
[Tracker Process 0] Ep 3680 | Return 0.34 | Global 0.3383 | Local 0.1192 | F1_macro 0.7503 | WorstLoss 1.3806
[Tracker Process 0] Ep 3681 | Return 0.53 | Global 0.5322 | Local 0.1192 | F1_macro 0.7420 | WorstLoss 0.9761
[Tracker Process 0] Ep 3682 | Return 0.43 | Global 0.4299 | Local 0.1192 | F1_macro 0.7727 | WorstLoss 1.1896
[Tracker Process 0] Ep 3683 | Return 0.34 | Global 0.3404 | Local 0.1192 | F1_macro 0.7779 | WorstLoss 1.3762
[Tracker Process 0] Ep 3684 | Return 0.50 | Global 0.4992 | Local 0.1192 | F1_macro 0.7577 | WorstLoss 1.0448
[Tracker Process 0] Ep 3685 | Return 0.35 | Global 0.3526 | Local 0.1192 | F1_macro 0.7472 | WorstLoss 1.3508
[Tracker Process 0] Ep 3686 | Return 0.26 | Global 0.2574 | Local 0.1192 | F1_macro 0.7131 | WorstLoss 1.5495
[Tracker Process 0] Ep 3687 | Return 0.36 | Global 0.3634 | Local 0.1192 | F1_macro 0.7486 | WorstLoss 1.3283
[Tracker Process 0] Ep 3688 | Return 0.35 | Global 0.3530 | Local 0.1192 | F1_macro 0.7628 | WorstLoss 1.3499
[Tracker Process 0] Ep 3689 | Return 0.50 | Global 0.4953 | Local 0.1192 | F1_macro 0.7714 | WorstLoss 1.0531
[Tracker Process 0] Ep 3690 | Return 0.41 | Global 0.4098 | Local 0.1192 | F1_macro 0.7191 | WorstLoss 1.2315
[Tracker Process 0] Ep 3691 | Return 0.39 | Global 0.3895 | Local 0.1192 | F1_macro 0.7775 | WorstLoss 1.2738
[Tracker Process 0] Ep 3692 | Return 0.54 | Global 0.5378 | Local 0.1192 | F1_macro 0.8013 | WorstLoss 0.9643
[Tracker Process 0] Ep 3693 | Return 0.43 | Global 0.4303 | Local 0.1192 | F1_macro 0.7204 | WorstLoss 1.1887
[Tracker Process 0] Ep 3694 | Return 0.26 | Global 0.2558 | Local 0.1192 | F1_macro 0.7902 | WorstLoss 1.5527
[Tracker Process 0] Ep 3695 | Return 0.42 | Global 0.4165 | Local 0.1192 | F1_macro 0.7415 | WorstLoss 1.2175
[Tracker Process 0] Ep 3696 | Return 0.27 | Global 0.2670 | Local 0.1192 | F1_macro 0.7337 | WorstLoss 1.5294
[Tracker Process 0] Ep 3697 | Return 0.28 | Global 0.2813 | Local 0.1192 | F1_macro 0.7379 | WorstLoss 1.4995
[Tracker Process 0] Ep 3698 | Return 0.27 | Global 0.2734 | Local 0.1192 | F1_macro 0.7380 | WorstLoss 1.5161
[Tracker Process 0] Ep 3699 | Return 0.44 | Global 0.4381 | Local 0.1192 | F1_macro 0.8025 | WorstLoss 1.1725
[Tracker Process 0] Ep 3700 | Return 0.41 | Global 0.4150 | Local 0.1192 | F1_macro 0.7166 | WorstLoss 1.2206
[Tracker Process 0] Ep 3701 | Return 0.44 | Global 0.4446 | Local 0.1192 | F1_macro 0.7537 | WorstLoss 1.1588
[Tracker Process 0] Ep 3702 | Return 0.52 | Global 0.5171 | Local 0.1192 | F1_macro 0.7852 | WorstLoss 1.0075
[Tracker Process 0] Ep 3703 | Return 0.46 | Global 0.4555 | Local 0.1192 | F1_macro 0.7631 | WorstLoss 1.1362
[Tracker Process 0] Ep 3704 | Return 0.21 | Global 0.2147 | Local 0.1192 | F1_macro 0.7269 | WorstLoss 1.6386
[Tracker Process 0] Ep 3705 | Return 0.41 | Global 0.4095 | Local 0.1192 | F1_macro 0.7448 | WorstLoss 1.2320
[Tracker Process 0] Ep 3706 | Return 0.45 | Global 0.4504 | Local 0.1192 | F1_macro 0.7501 | WorstLoss 1.1468
[Tracker Process 0] Ep 3707 | Return 0.24 | Global 0.2359 | Local 0.1192 | F1_macro 0.7296 | WorstLoss 1.5944
[Tracker Process 0] Ep 3708 | Return 0.36 | Global 0.3615 | Local 0.1192 | F1_macro 0.7138 | WorstLoss 1.3323
[Tracker Process 0] Ep 3709 | Return 0.25 | Global 0.2478 | Local 0.1192 | F1_macro 0.7312 | WorstLoss 1.5694
[Tracker Process 0] Ep 3710 | Return 0.53 | Global 0.5269 | Local 0.1192 | F1_macro 0.7825 | WorstLoss 0.9872
[Tracker Process 0] Ep 3711 | Return 0.44 | Global 0.4383 | Local 0.1192 | F1_macro 0.7933 | WorstLoss 1.1721
[Tracker Process 0] Ep 3712 | Return 0.39 | Global 0.3898 | Local 0.1192 | F1_macro 0.7441 | WorstLoss 1.2732
[Tracker Process 0] Ep 3713 | Return 0.52 | Global 0.5208 | Local 0.1192 | F1_macro 0.7526 | WorstLoss 0.9998
[Tracker Process 0] Ep 3714 | Return 0.44 | Global 0.4424 | Local 0.1192 | F1_macro 0.7695 | WorstLoss 1.1634
[Tracker Process 0] Ep 3715 | Return 0.29 | Global 0.2873 | Local 0.1192 | F1_macro 0.7503 | WorstLoss 1.4871
[Tracker Process 0] Ep 3716 | Return 0.32 | Global 0.3235 | Local 0.1192 | F1_macro 0.7637 | WorstLoss 1.4116
[Tracker Process 0] Ep 3717 | Return 0.34 | Global 0.3437 | Local 0.1192 | F1_macro 0.7619 | WorstLoss 1.3694
[Tracker Process 0] Ep 3718 | Return 0.38 | Global 0.3835 | Local 0.1192 | F1_macro 0.7717 | WorstLoss 1.2863
[Tracker Process 0] Ep 3719 | Return 0.37 | Global 0.3702 | Local 0.1192 | F1_macro 0.7797 | WorstLoss 1.3141
[Tracker Process 0] Ep 3720 | Return 0.31 | Global 0.3066 | Local 0.1192 | F1_macro 0.7276 | WorstLoss 1.4468
[Tracker Process 0] Ep 3721 | Return 0.54 | Global 0.5378 | Local 0.1192 | F1_macro 0.7713 | WorstLoss 0.9643
[Tracker Process 0] Ep 3722 | Return 0.38 | Global 0.3753 | Local 0.1192 | F1_macro 0.7452 | WorstLoss 1.3035
[Tracker Process 0] Ep 3723 | Return 0.24 | Global 0.2375 | Local 0.1192 | F1_macro 0.7595 | WorstLoss 1.5910
[Tracker Process 0] Ep 3724 | Return 0.25 | Global 0.2519 | Local 0.1192 | F1_macro 0.7390 | WorstLoss 1.5609
[Tracker Process 0] Ep 3725 | Return 0.21 | Global 0.2138 | Local 0.1192 | F1_macro 0.7378 | WorstLoss 1.6405
[Tracker Process 0] Ep 3726 | Return 0.48 | Global 0.4814 | Local 0.1192 | F1_macro 0.7825 | WorstLoss 1.0820
[Tracker Process 0] Ep 3727 | Return 0.38 | Global 0.3844 | Local 0.1192 | F1_macro 0.8049 | WorstLoss 1.2845
[Tracker Process 0] Ep 3728 | Return 0.40 | Global 0.3977 | Local 0.1192 | F1_macro 0.7425 | WorstLoss 1.2567
[Tracker Process 0] Ep 3729 | Return 0.46 | Global 0.4630 | Local 0.1192 | F1_macro 0.7579 | WorstLoss 1.1204
[Tracker Process 0] Ep 3730 | Return 0.47 | Global 0.4726 | Local 0.1192 | F1_macro 0.7640 | WorstLoss 1.1004
[Tracker Process 0] Ep 3731 | Return 0.41 | Global 0.4147 | Local 0.1192 | F1_macro 0.7355 | WorstLoss 1.2213
[Tracker Process 0] Ep 3732 | Return 0.31 | Global 0.3077 | Local 0.1192 | F1_macro 0.7624 | WorstLoss 1.4445
[Tracker Process 0] Ep 3733 | Return 0.36 | Global 0.3644 | Local 0.1192 | F1_macro 0.7532 | WorstLoss 1.3262
[Tracker Process 0] Ep 3734 | Return 0.22 | Global 0.2176 | Local 0.1192 | F1_macro 0.7227 | WorstLoss 1.6325
[Tracker Process 0] Ep 3735 | Return 0.44 | Global 0.4380 | Local 0.1192 | F1_macro 0.7395 | WorstLoss 1.1727
[Tracker Process 0] Ep 3736 | Return 0.35 | Global 0.3525 | Local 0.1192 | F1_macro 0.7532 | WorstLoss 1.3509
[Tracker Process 0] Ep 3737 | Return 0.43 | Global 0.4272 | Local 0.1192 | F1_macro 0.7716 | WorstLoss 1.1952
[Tracker Process 0] Ep 3738 | Return 0.25 | Global 0.2471 | Local 0.1192 | F1_macro 0.7380 | WorstLoss 1.5709
[Tracker Process 0] Ep 3739 | Return 0.35 | Global 0.3536 | Local 0.1192 | F1_macro 0.7337 | WorstLoss 1.3487
[Tracker Process 0] Ep 3740 | Return 0.39 | Global 0.3917 | Local 0.1192 | F1_macro 0.7520 | WorstLoss 1.2693
[Tracker Process 0] Ep 3741 | Return 0.44 | Global 0.4405 | Local 0.1192 | F1_macro 0.7853 | WorstLoss 1.1674
[Tracker Process 0] Ep 3742 | Return 0.31 | Global 0.3089 | Local 0.1192 | F1_macro 0.7417 | WorstLoss 1.4419
[Tracker Process 0] Ep 3743 | Return 0.46 | Global 0.4624 | Local 0.1192 | F1_macro 0.7532 | WorstLoss 1.1217
[Tracker Process 0] Ep 3744 | Return 0.46 | Global 0.4594 | Local 0.1192 | F1_macro 0.7737 | WorstLoss 1.1279
[Tracker Process 0] Ep 3745 | Return 0.44 | Global 0.4351 | Local 0.1192 | F1_macro 0.7435 | WorstLoss 1.1787
[Tracker Process 0] Ep 3746 | Return 0.38 | Global 0.3786 | Local 0.1192 | F1_macro 0.7432 | WorstLoss 1.2967
[Tracker Process 0] Ep 3747 | Return 0.38 | Global 0.3781 | Local 0.1192 | F1_macro 0.7335 | WorstLoss 1.2975
[Tracker Process 0] Ep 3748 | Return 0.35 | Global 0.3540 | Local 0.1192 | F1_macro 0.7779 | WorstLoss 1.3479
[Tracker Process 0] Ep 3749 | Return 0.36 | Global 0.3603 | Local 0.1192 | F1_macro 0.8097 | WorstLoss 1.3347
[Tracker Process 0] Ep 3750 | Return 0.50 | Global 0.5046 | Local 0.1192 | F1_macro 0.7614 | WorstLoss 1.0337
[Tracker Process 0] Saved snapshot: ep3750_phase1_class1
[Tracker Process 0] Ep 3751 | Return 0.37 | Global 0.3703 | Local 0.1192 | F1_macro 0.7706 | WorstLoss 1.3139
[Tracker Process 0] Ep 3752 | Return 0.39 | Global 0.3885 | Local 0.1192 | F1_macro 0.7392 | WorstLoss 1.2758
[Tracker Process 0] Ep 3753 | Return 0.50 | Global 0.4996 | Local 0.1192 | F1_macro 0.7889 | WorstLoss 1.0441
[Tracker Process 0] Ep 3754 | Return 0.40 | Global 0.4016 | Local 0.1192 | F1_macro 0.7861 | WorstLoss 1.2485
[Tracker Process 0] Ep 3755 | Return 0.36 | Global 0.3551 | Local 0.1192 | F1_macro 0.7659 | WorstLoss 1.3455
[Tracker Process 0] Ep 3756 | Return 0.26 | Global 0.2646 | Local 0.1192 | F1_macro 0.7520 | WorstLoss 1.5345
[Tracker Process 0] Ep 3757 | Return 0.39 | Global 0.3864 | Local 0.1192 | F1_macro 0.7618 | WorstLoss 1.2802
[Tracker Process 0] Ep 3758 | Return 0.39 | Global 0.3875 | Local 0.1192 | F1_macro 0.7656 | WorstLoss 1.2781
[Tracker Process 0] Ep 3759 | Return 0.33 | Global 0.3283 | Local 0.1192 | F1_macro 0.7401 | WorstLoss 1.4015
[Tracker Process 0] Ep 3760 | Return 0.19 | Global 0.1873 | Local 0.1192 | F1_macro 0.7357 | WorstLoss 1.6958
[Tracker Process 0] Ep 3761 | Return 0.44 | Global 0.4350 | Local 0.1192 | F1_macro 0.7336 | WorstLoss 1.1788
[Tracker Process 0] Ep 3762 | Return 0.37 | Global 0.3674 | Local 0.1192 | F1_macro 0.7797 | WorstLoss 1.3200
[Tracker Process 0] Ep 3763 | Return 0.44 | Global 0.4417 | Local 0.1192 | F1_macro 0.7355 | WorstLoss 1.1649
[Tracker Process 0] Ep 3764 | Return 0.32 | Global 0.3250 | Local 0.1192 | F1_macro 0.7579 | WorstLoss 1.4084
[Tracker Process 0] Ep 3765 | Return 0.36 | Global 0.3616 | Local 0.1192 | F1_macro 0.8012 | WorstLoss 1.3320
[Tracker Process 0] Ep 3766 | Return 0.43 | Global 0.4290 | Local 0.1192 | F1_macro 0.7899 | WorstLoss 1.1914
[Tracker Process 0] Ep 3767 | Return 0.39 | Global 0.3903 | Local 0.1192 | F1_macro 0.7470 | WorstLoss 1.2722
[Tracker Process 0] Ep 3768 | Return 0.42 | Global 0.4249 | Local 0.1192 | F1_macro 0.7375 | WorstLoss 1.1999
[Tracker Process 0] Ep 3769 | Return 0.35 | Global 0.3532 | Local 0.1192 | F1_macro 0.7118 | WorstLoss 1.3496
[Tracker Process 0] Ep 3770 | Return 0.26 | Global 0.2636 | Local 0.1192 | F1_macro 0.7624 | WorstLoss 1.5365
[Tracker Process 0] Ep 3771 | Return 0.44 | Global 0.4388 | Local 0.1192 | F1_macro 0.7684 | WorstLoss 1.1710
[Tracker Process 0] Ep 3772 | Return 0.33 | Global 0.3273 | Local 0.1192 | F1_macro 0.7060 | WorstLoss 1.4035
[Tracker Process 0] Ep 3773 | Return -0.00 | Global -0.0006 | Local 0.1192 | F1_macro 0.6935 | WorstLoss 2.0878
[Tracker Process 0] Ep 3774 | Return 0.32 | Global 0.3175 | Local 0.1192 | F1_macro 0.7145 | WorstLoss 1.4241
[Tracker Process 0] Ep 3775 | Return 0.34 | Global 0.3396 | Local 0.1192 | F1_macro 0.7624 | WorstLoss 1.3780
[Tracker Process 0] Ep 3776 | Return 0.34 | Global 0.3367 | Local 0.1192 | F1_macro 0.7442 | WorstLoss 1.3840
[Tracker Process 0] Ep 3777 | Return 0.42 | Global 0.4226 | Local 0.1192 | F1_macro 0.7799 | WorstLoss 1.2047
[Tracker Process 0] Ep 3778 | Return 0.28 | Global 0.2814 | Local 0.1192 | F1_macro 0.7442 | WorstLoss 1.4993
[Tracker Process 0] Ep 3779 | Return 0.50 | Global 0.4989 | Local 0.1192 | F1_macro 0.7684 | WorstLoss 1.0455
[Tracker Process 0] Ep 3780 | Return 0.42 | Global 0.4197 | Local 0.1192 | F1_macro 0.7831 | WorstLoss 1.2108
[Tracker Process 0] Ep 3781 | Return 0.41 | Global 0.4149 | Local 0.1192 | F1_macro 0.7670 | WorstLoss 1.2208
[Tracker Process 0] Ep 3782 | Return 0.37 | Global 0.3652 | Local 0.1192 | F1_macro 0.7774 | WorstLoss 1.3246
[Tracker Process 0] Ep 3783 | Return 0.41 | Global 0.4070 | Local 0.1192 | F1_macro 0.7654 | WorstLoss 1.2373
[Tracker Process 0] Ep 3784 | Return 0.36 | Global 0.3621 | Local 0.1192 | F1_macro 0.7555 | WorstLoss 1.3310
[Tracker Process 0] Ep 3785 | Return 0.16 | Global 0.1649 | Local 0.1192 | F1_macro 0.7061 | WorstLoss 1.7424
[Tracker Process 0] Ep 3786 | Return 0.44 | Global 0.4415 | Local 0.1192 | F1_macro 0.7570 | WorstLoss 1.1653
[Tracker Process 0] Ep 3787 | Return 0.46 | Global 0.4599 | Local 0.1192 | F1_macro 0.7832 | WorstLoss 1.1270
[Tracker Process 0] Ep 3788 | Return 0.45 | Global 0.4487 | Local 0.1192 | F1_macro 0.7717 | WorstLoss 1.1503
[Tracker Process 0] Ep 3789 | Return 0.46 | Global 0.4603 | Local 0.1192 | F1_macro 0.7425 | WorstLoss 1.1260
[Tracker Process 0] Ep 3790 | Return 0.47 | Global 0.4656 | Local 0.1192 | F1_macro 0.7675 | WorstLoss 1.1150
[Tracker Process 0] Ep 3791 | Return 0.33 | Global 0.3276 | Local 0.1192 | F1_macro 0.7579 | WorstLoss 1.4030
[Tracker Process 0] Ep 3792 | Return 0.22 | Global 0.2222 | Local 0.1192 | F1_macro 0.7401 | WorstLoss 1.6229
[Tracker Process 0] Ep 3793 | Return 0.41 | Global 0.4102 | Local 0.1192 | F1_macro 0.7190 | WorstLoss 1.2306
[Tracker Process 0] Ep 3794 | Return 0.35 | Global 0.3546 | Local 0.1192 | F1_macro 0.7779 | WorstLoss 1.3466
[Tracker Process 0] Ep 3795 | Return 0.21 | Global 0.2091 | Local 0.1192 | F1_macro 0.7359 | WorstLoss 1.6502
[Tracker Process 0] Ep 3796 | Return 0.43 | Global 0.4301 | Local 0.1192 | F1_macro 0.7531 | WorstLoss 1.1892
[Tracker Process 0] Ep 3797 | Return 0.32 | Global 0.3211 | Local 0.1192 | F1_macro 0.7315 | WorstLoss 1.4166
[Tracker Process 0] Ep 3798 | Return 0.44 | Global 0.4407 | Local 0.1192 | F1_macro 0.7542 | WorstLoss 1.1669
[Tracker Process 0] Ep 3799 | Return 0.38 | Global 0.3775 | Local 0.1192 | F1_macro 0.7704 | WorstLoss 1.2989
[Tracker Process 0] Ep 3800 | Return 0.57 | Global 0.5730 | Local 0.1192 | F1_macro 0.7457 | WorstLoss 0.8910
[Tracker Process 0] Ep 3801 | Return 0.34 | Global 0.3423 | Local 0.1192 | F1_macro 0.7358 | WorstLoss 1.3724
[Tracker Process 0] Ep 3802 | Return 0.45 | Global 0.4487 | Local 0.1192 | F1_macro 0.7441 | WorstLoss 1.1503
[Tracker Process 0] Ep 3803 | Return 0.32 | Global 0.3229 | Local 0.1192 | F1_macro 0.7315 | WorstLoss 1.4128
[Tracker Process 0] Ep 3804 | Return 0.31 | Global 0.3053 | Local 0.1192 | F1_macro 0.7234 | WorstLoss 1.4494
[Tracker Process 0] Ep 3805 | Return 0.44 | Global 0.4376 | Local 0.1192 | F1_macro 0.7356 | WorstLoss 1.1734
[Tracker Process 0] Ep 3806 | Return 0.29 | Global 0.2938 | Local 0.1192 | F1_macro 0.7477 | WorstLoss 1.4735
[Tracker Process 0] Ep 3807 | Return 0.47 | Global 0.4731 | Local 0.1192 | F1_macro 0.7853 | WorstLoss 1.0995
[Tracker Process 0] Ep 3808 | Return 0.36 | Global 0.3622 | Local 0.1192 | F1_macro 0.7191 | WorstLoss 1.3309
[Tracker Process 0] Ep 3809 | Return 0.30 | Global 0.3022 | Local 0.1192 | F1_macro 0.7642 | WorstLoss 1.4561
[Tracker Process 0] Ep 3810 | Return 0.34 | Global 0.3355 | Local 0.1192 | F1_macro 0.7423 | WorstLoss 1.3865
[Tracker Process 0] Ep 3811 | Return 0.47 | Global 0.4721 | Local 0.1192 | F1_macro 0.7551 | WorstLoss 1.1015
[Tracker Process 0] Ep 3812 | Return 0.43 | Global 0.4270 | Local 0.1192 | F1_macro 0.7486 | WorstLoss 1.1955
[Tracker Process 0] Ep 3813 | Return 0.31 | Global 0.3119 | Local 0.1192 | F1_macro 0.7662 | WorstLoss 1.4358
[Tracker Process 0] Ep 3814 | Return 0.44 | Global 0.4371 | Local 0.1192 | F1_macro 0.7922 | WorstLoss 1.1746
[Tracker Process 0] Ep 3815 | Return 0.46 | Global 0.4579 | Local 0.1192 | F1_macro 0.7783 | WorstLoss 1.1312
[Tracker Process 0] Ep 3816 | Return 0.53 | Global 0.5252 | Local 0.1192 | F1_macro 0.7788 | WorstLoss 0.9906
[Tracker Process 0] Ep 3817 | Return 0.33 | Global 0.3315 | Local 0.1192 | F1_macro 0.7535 | WorstLoss 1.3949
[Tracker Process 0] Ep 3818 | Return 0.52 | Global 0.5190 | Local 0.1192 | F1_macro 0.7927 | WorstLoss 1.0036
[Tracker Process 0] Ep 3819 | Return 0.43 | Global 0.4275 | Local 0.1192 | F1_macro 0.7883 | WorstLoss 1.1944
[Tracker Process 0] Ep 3820 | Return 0.43 | Global 0.4342 | Local 0.1192 | F1_macro 0.7845 | WorstLoss 1.1805
[Tracker Process 0] Ep 3821 | Return 0.40 | Global 0.4007 | Local 0.1192 | F1_macro 0.7432 | WorstLoss 1.2505
[Tracker Process 0] Ep 3822 | Return 0.49 | Global 0.4874 | Local 0.1192 | F1_macro 0.8035 | WorstLoss 1.0696
[Tracker Process 0] Ep 3823 | Return 0.42 | Global 0.4241 | Local 0.1192 | F1_macro 0.7685 | WorstLoss 1.2016
[Tracker Process 0] Ep 3824 | Return 0.36 | Global 0.3553 | Local 0.1192 | F1_macro 0.7593 | WorstLoss 1.3452
[Tracker Process 0] Ep 3825 | Return 0.38 | Global 0.3818 | Local 0.1192 | F1_macro 0.7706 | WorstLoss 1.2898
[Tracker Process 0] Ep 3826 | Return 0.46 | Global 0.4590 | Local 0.1192 | F1_macro 0.7815 | WorstLoss 1.1289
[Tracker Process 0] Ep 3827 | Return 0.36 | Global 0.3595 | Local 0.1192 | F1_macro 0.7670 | WorstLoss 1.3363
[Tracker Process 0] Ep 3828 | Return 0.52 | Global 0.5219 | Local 0.1192 | F1_macro 0.7748 | WorstLoss 0.9976
[Tracker Process 0] Ep 3829 | Return 0.31 | Global 0.3142 | Local 0.1192 | F1_macro 0.7435 | WorstLoss 1.4309
[Tracker Process 0] Ep 3830 | Return 0.33 | Global 0.3308 | Local 0.1192 | F1_macro 0.7624 | WorstLoss 1.3962
[Tracker Process 0] Ep 3831 | Return 0.44 | Global 0.4447 | Local 0.1192 | F1_macro 0.7646 | WorstLoss 1.1586
[Tracker Process 0] Ep 3832 | Return 0.32 | Global 0.3192 | Local 0.1192 | F1_macro 0.7571 | WorstLoss 1.4204
[Tracker Process 0] Ep 3833 | Return 0.26 | Global 0.2563 | Local 0.1192 | F1_macro 0.7317 | WorstLoss 1.5518
[Tracker Process 0] Ep 3834 | Return 0.34 | Global 0.3374 | Local 0.1192 | F1_macro 0.7595 | WorstLoss 1.3825
[Tracker Process 0] Ep 3835 | Return 0.44 | Global 0.4450 | Local 0.1192 | F1_macro 0.8075 | WorstLoss 1.1581
[Tracker Process 0] Ep 3836 | Return 0.35 | Global 0.3509 | Local 0.1192 | F1_macro 0.7601 | WorstLoss 1.3544
[Tracker Process 0] Ep 3837 | Return 0.44 | Global 0.4426 | Local 0.1192 | F1_macro 0.8303 | WorstLoss 1.1630
[Tracker Process 0] Ep 3838 | Return 0.41 | Global 0.4119 | Local 0.1192 | F1_macro 0.7659 | WorstLoss 1.2271
[Tracker Process 0] Ep 3839 | Return 0.47 | Global 0.4655 | Local 0.1192 | F1_macro 0.7634 | WorstLoss 1.1153
[Tracker Process 0] Ep 3840 | Return 0.46 | Global 0.4620 | Local 0.1192 | F1_macro 0.7693 | WorstLoss 1.1226
[Tracker Process 0] Ep 3841 | Return 0.44 | Global 0.4443 | Local 0.1192 | F1_macro 0.7876 | WorstLoss 1.1594
[Tracker Process 0] Ep 3842 | Return 0.34 | Global 0.3391 | Local 0.1192 | F1_macro 0.7593 | WorstLoss 1.3790
[Tracker Process 0] Ep 3843 | Return 0.20 | Global 0.2046 | Local 0.1192 | F1_macro 0.7174 | WorstLoss 1.6595
[Tracker Process 0] Ep 3844 | Return 0.43 | Global 0.4260 | Local 0.1192 | F1_macro 0.7520 | WorstLoss 1.1976
[Tracker Process 0] Ep 3845 | Return 0.49 | Global 0.4890 | Local 0.1192 | F1_macro 0.7783 | WorstLoss 1.0663
[Tracker Process 0] Ep 3846 | Return 0.43 | Global 0.4260 | Local 0.1192 | F1_macro 0.7797 | WorstLoss 1.1977
[Tracker Process 0] Ep 3847 | Return 0.36 | Global 0.3649 | Local 0.1192 | F1_macro 0.7774 | WorstLoss 1.3252
[Tracker Process 0] Ep 3848 | Return 0.35 | Global 0.3476 | Local 0.1192 | F1_macro 0.7514 | WorstLoss 1.3612
[Tracker Process 0] Ep 3849 | Return 0.43 | Global 0.4268 | Local 0.1192 | F1_macro 0.7628 | WorstLoss 1.1959
[Tracker Process 0] Ep 3850 | Return 0.44 | Global 0.4448 | Local 0.1192 | F1_macro 0.8299 | WorstLoss 1.1585
[Tracker Process 0] Ep 3851 | Return 0.45 | Global 0.4496 | Local 0.1192 | F1_macro 0.7662 | WorstLoss 1.1484
[Tracker Process 0] Ep 3852 | Return 0.36 | Global 0.3618 | Local 0.1192 | F1_macro 0.7509 | WorstLoss 1.3316
[Tracker Process 0] Ep 3853 | Return 0.45 | Global 0.4486 | Local 0.1192 | F1_macro 0.7716 | WorstLoss 1.1505
[Tracker Process 0] Ep 3854 | Return 0.31 | Global 0.3122 | Local 0.1192 | F1_macro 0.7509 | WorstLoss 1.4351
[Tracker Process 0] Ep 3855 | Return 0.34 | Global 0.3447 | Local 0.1192 | F1_macro 0.7593 | WorstLoss 1.3672
[Tracker Process 0] Ep 3856 | Return 0.33 | Global 0.3281 | Local 0.1192 | F1_macro 0.7468 | WorstLoss 1.4020
[Tracker Process 0] Ep 3857 | Return 0.29 | Global 0.2949 | Local 0.1192 | F1_macro 0.7359 | WorstLoss 1.4712
[Tracker Process 0] Ep 3858 | Return 0.37 | Global 0.3725 | Local 0.1192 | F1_macro 0.7579 | WorstLoss 1.3093
[Tracker Process 0] Ep 3859 | Return 0.44 | Global 0.4401 | Local 0.1192 | F1_macro 0.8099 | WorstLoss 1.1683
[Tracker Process 0] Ep 3860 | Return 0.33 | Global 0.3303 | Local 0.1192 | F1_macro 0.7656 | WorstLoss 1.3973
[Tracker Process 0] Ep 3861 | Return 0.39 | Global 0.3874 | Local 0.1192 | F1_macro 0.7767 | WorstLoss 1.2782
[Tracker Process 0] Ep 3862 | Return 0.50 | Global 0.5039 | Local 0.1192 | F1_macro 0.7734 | WorstLoss 1.0351
[Tracker Process 0] Ep 3863 | Return 0.34 | Global 0.3358 | Local 0.1192 | F1_macro 0.7468 | WorstLoss 1.3858
[Tracker Process 0] Ep 3864 | Return 0.26 | Global 0.2629 | Local 0.1192 | F1_macro 0.7442 | WorstLoss 1.5380
[Tracker Process 0] Ep 3865 | Return 0.54 | Global 0.5385 | Local 0.1192 | F1_macro 0.8075 | WorstLoss 0.9630
[Tracker Process 0] Ep 3866 | Return 0.40 | Global 0.4036 | Local 0.1192 | F1_macro 0.7787 | WorstLoss 1.2444
[Tracker Process 0] Ep 3867 | Return 0.32 | Global 0.3222 | Local 0.1192 | F1_macro 0.7667 | WorstLoss 1.4143
[Tracker Process 0] Ep 3868 | Return 0.52 | Global 0.5202 | Local 0.1192 | F1_macro 0.7631 | WorstLoss 1.0010
[Tracker Process 0] Ep 3869 | Return 0.27 | Global 0.2678 | Local 0.1192 | F1_macro 0.7317 | WorstLoss 1.5277
[Tracker Process 0] Ep 3870 | Return 0.45 | Global 0.4463 | Local 0.1192 | F1_macro 0.7355 | WorstLoss 1.1553
[Tracker Process 0] Ep 3871 | Return 0.31 | Global 0.3131 | Local 0.1192 | F1_macro 0.7627 | WorstLoss 1.4331
[Tracker Process 0] Ep 3872 | Return 0.39 | Global 0.3906 | Local 0.1192 | F1_macro 0.7899 | WorstLoss 1.2715
[Tracker Process 0] Ep 3873 | Return 0.25 | Global 0.2456 | Local 0.1192 | F1_macro 0.7383 | WorstLoss 1.5740
[Tracker Process 0] Ep 3874 | Return 0.37 | Global 0.3665 | Local 0.1192 | F1_macro 0.7579 | WorstLoss 1.3217
[Tracker Process 0] Ep 3875 | Return 0.40 | Global 0.3975 | Local 0.1192 | F1_macro 0.7761 | WorstLoss 1.2571
[Tracker Process 0] Ep 3876 | Return 0.40 | Global 0.4031 | Local 0.1192 | F1_macro 0.7550 | WorstLoss 1.2454
[Tracker Process 0] Ep 3877 | Return 0.23 | Global 0.2321 | Local 0.1192 | F1_macro 0.7780 | WorstLoss 1.6023
[Tracker Process 0] Ep 3878 | Return 0.39 | Global 0.3869 | Local 0.1192 | F1_macro 0.7646 | WorstLoss 1.2792
[Tracker Process 0] Ep 3879 | Return 0.35 | Global 0.3451 | Local 0.1192 | F1_macro 0.7562 | WorstLoss 1.3664
[Tracker Process 0] Ep 3880 | Return 0.14 | Global 0.1397 | Local 0.1192 | F1_macro 0.7618 | WorstLoss 1.7950
[Tracker Process 0] Ep 3881 | Return 0.35 | Global 0.3501 | Local 0.1192 | F1_macro 0.7397 | WorstLoss 1.3559
[Tracker Process 0] Ep 3882 | Return 0.31 | Global 0.3064 | Local 0.1192 | F1_macro 0.7417 | WorstLoss 1.4471
[Tracker Process 0] Ep 3883 | Return 0.51 | Global 0.5134 | Local 0.1192 | F1_macro 0.7938 | WorstLoss 1.0153
[Tracker Process 0] Ep 3884 | Return 0.50 | Global 0.4979 | Local 0.1192 | F1_macro 0.7684 | WorstLoss 1.0477
[Tracker Process 0] Ep 3885 | Return 0.40 | Global 0.4024 | Local 0.1192 | F1_macro 0.7531 | WorstLoss 1.2470
[Tracker Process 0] Ep 3886 | Return 0.38 | Global 0.3781 | Local 0.1192 | F1_macro 0.7909 | WorstLoss 1.2977
[Tracker Process 0] Ep 3887 | Return 0.41 | Global 0.4117 | Local 0.1192 | F1_macro 0.7624 | WorstLoss 1.2274
[Tracker Process 0] Ep 3888 | Return 0.38 | Global 0.3778 | Local 0.1192 | F1_macro 0.8010 | WorstLoss 1.2982
[Tracker Process 0] Ep 3889 | Return 0.44 | Global 0.4382 | Local 0.1192 | F1_macro 0.7861 | WorstLoss 1.1722
[Tracker Process 0] Ep 3890 | Return 0.47 | Global 0.4725 | Local 0.1192 | F1_macro 0.7628 | WorstLoss 1.1006
[Tracker Process 0] Ep 3891 | Return 0.42 | Global 0.4206 | Local 0.1192 | F1_macro 0.7667 | WorstLoss 1.2088
[Tracker Process 0] Ep 3892 | Return 0.33 | Global 0.3254 | Local 0.1192 | F1_macro 0.7442 | WorstLoss 1.4076
[Tracker Process 0] Ep 3893 | Return 0.42 | Global 0.4203 | Local 0.1192 | F1_macro 0.7746 | WorstLoss 1.2095
[Tracker Process 0] Ep 3894 | Return 0.44 | Global 0.4449 | Local 0.1192 | F1_macro 0.7988 | WorstLoss 1.1582
[Tracker Process 0] Ep 3895 | Return 0.31 | Global 0.3109 | Local 0.1192 | F1_macro 0.7486 | WorstLoss 1.4378
[Tracker Process 0] Ep 3896 | Return 0.45 | Global 0.4475 | Local 0.1192 | F1_macro 0.7971 | WorstLoss 1.1528
[Tracker Process 0] Ep 3897 | Return 0.25 | Global 0.2495 | Local 0.1192 | F1_macro 0.7468 | WorstLoss 1.5659
[Tracker Process 0] Ep 3898 | Return 0.43 | Global 0.4337 | Local 0.1192 | F1_macro 0.7885 | WorstLoss 1.1817
[Tracker Process 0] Ep 3899 | Return 0.40 | Global 0.4023 | Local 0.1192 | F1_macro 0.8017 | WorstLoss 1.2470
[Tracker Process 0] Ep 3900 | Return 0.42 | Global 0.4170 | Local 0.1192 | F1_macro 0.7951 | WorstLoss 1.2164
[Tracker Process 0] Saved snapshot: ep3900_phase1_class1
[Tracker Process 0] Ep 3901 | Return 0.44 | Global 0.4379 | Local 0.1192 | F1_macro 0.7951 | WorstLoss 1.1729
[Tracker Process 0] Ep 3902 | Return 0.31 | Global 0.3124 | Local 0.1192 | F1_macro 0.7289 | WorstLoss 1.4347
[Tracker Process 0] Ep 3903 | Return 0.32 | Global 0.3248 | Local 0.1192 | F1_macro 0.7514 | WorstLoss 1.4088
[Tracker Process 0] Ep 3904 | Return 0.43 | Global 0.4283 | Local 0.1192 | F1_macro 0.7514 | WorstLoss 1.1929
[Tracker Process 0] Ep 3905 | Return 0.40 | Global 0.3996 | Local 0.1192 | F1_macro 0.8073 | WorstLoss 1.2527
[Tracker Process 0] Ep 3906 | Return 0.33 | Global 0.3279 | Local 0.1192 | F1_macro 0.7609 | WorstLoss 1.4024
[Tracker Process 0] Ep 3907 | Return 0.30 | Global 0.2954 | Local 0.1192 | F1_macro 0.7846 | WorstLoss 1.4702
[Tracker Process 0] Ep 3908 | Return 0.48 | Global 0.4808 | Local 0.1192 | F1_macro 0.7716 | WorstLoss 1.0833
[Tracker Process 0] Ep 3909 | Return 0.28 | Global 0.2838 | Local 0.1192 | F1_macro 0.7315 | WorstLoss 1.4943
[Tracker Process 0] Ep 3910 | Return 0.30 | Global 0.3024 | Local 0.1192 | F1_macro 0.7557 | WorstLoss 1.4555
[Tracker Process 0] Ep 3911 | Return 0.28 | Global 0.2765 | Local 0.1192 | F1_macro 0.7670 | WorstLoss 1.5096
[Tracker Process 0] Ep 3912 | Return 0.42 | Global 0.4182 | Local 0.1192 | F1_macro 0.7695 | WorstLoss 1.2139
[Tracker Process 0] Ep 3913 | Return 0.47 | Global 0.4706 | Local 0.1192 | F1_macro 0.8006 | WorstLoss 1.1047
[Tracker Process 0] Ep 3914 | Return 0.42 | Global 0.4222 | Local 0.1192 | F1_macro 0.7869 | WorstLoss 1.2056
[Tracker Process 0] Ep 3915 | Return 0.10 | Global 0.0988 | Local 0.1192 | F1_macro 0.7081 | WorstLoss 1.8803
[Tracker Process 0] Ep 3916 | Return 0.49 | Global 0.4884 | Local 0.1192 | F1_macro 0.7861 | WorstLoss 1.0675
[Tracker Process 0] Ep 3917 | Return 0.42 | Global 0.4210 | Local 0.1192 | F1_macro 0.7945 | WorstLoss 1.2080
[Tracker Process 0] Ep 3918 | Return 0.21 | Global 0.2050 | Local 0.1192 | F1_macro 0.7965 | WorstLoss 1.6588
[Tracker Process 0] Ep 3919 | Return 0.25 | Global 0.2497 | Local 0.1192 | F1_macro 0.7428 | WorstLoss 1.5655
[Tracker Process 0] Ep 3920 | Return 0.36 | Global 0.3598 | Local 0.1192 | F1_macro 0.8251 | WorstLoss 1.3357
[Tracker Process 0] Ep 3921 | Return 0.36 | Global 0.3566 | Local 0.1192 | F1_macro 0.7894 | WorstLoss 1.3424
[Tracker Process 0] Ep 3922 | Return 0.18 | Global 0.1778 | Local 0.1192 | F1_macro 0.7337 | WorstLoss 1.7155
[Tracker Process 0] Ep 3923 | Return 0.42 | Global 0.4226 | Local 0.1192 | F1_macro 0.7861 | WorstLoss 1.2047
[Tracker Process 0] Ep 3924 | Return 0.39 | Global 0.3924 | Local 0.1192 | F1_macro 0.7885 | WorstLoss 1.2678
[Tracker Process 0] Ep 3925 | Return 0.33 | Global 0.3333 | Local 0.1192 | F1_macro 0.7933 | WorstLoss 1.3911
[Tracker Process 0] Ep 3926 | Return 0.32 | Global 0.3222 | Local 0.1192 | F1_macro 0.7904 | WorstLoss 1.4142
[Tracker Process 0] Ep 3927 | Return 0.31 | Global 0.3120 | Local 0.1192 | F1_macro 0.8066 | WorstLoss 1.4354
[Tracker Process 0] Ep 3928 | Return 0.35 | Global 0.3469 | Local 0.1192 | F1_macro 0.7802 | WorstLoss 1.3628
[Tracker Process 0] Ep 3929 | Return 0.41 | Global 0.4103 | Local 0.1192 | F1_macro 0.7982 | WorstLoss 1.2305
[Tracker Process 0] Ep 3930 | Return 0.51 | Global 0.5058 | Local 0.1192 | F1_macro 0.7817 | WorstLoss 1.0312
[Tracker Process 0] Ep 3931 | Return 0.47 | Global 0.4668 | Local 0.1192 | F1_macro 0.7974 | WorstLoss 1.1124
[Tracker Process 0] Ep 3932 | Return 0.43 | Global 0.4252 | Local 0.1192 | F1_macro 0.7821 | WorstLoss 1.1993
[Tracker Process 0] Ep 3933 | Return 0.47 | Global 0.4695 | Local 0.1192 | F1_macro 0.7922 | WorstLoss 1.1069
[Tracker Process 0] Ep 3934 | Return 0.40 | Global 0.4047 | Local 0.1192 | F1_macro 0.7642 | WorstLoss 1.2420
[Tracker Process 0] Ep 3935 | Return 0.23 | Global 0.2269 | Local 0.1192 | F1_macro 0.7761 | WorstLoss 1.6130
[Tracker Process 0] Ep 3936 | Return 0.25 | Global 0.2462 | Local 0.1192 | F1_macro 0.7423 | WorstLoss 1.5729
[Tracker Process 0] Ep 3937 | Return 0.50 | Global 0.4953 | Local 0.1192 | F1_macro 0.7788 | WorstLoss 1.0530
[Tracker Process 0] Ep 3938 | Return 0.43 | Global 0.4270 | Local 0.1192 | F1_macro 0.7938 | WorstLoss 1.1955
[Tracker Process 0] Ep 3939 | Return 0.47 | Global 0.4692 | Local 0.1192 | F1_macro 0.8029 | WorstLoss 1.1074
[Tracker Process 0] Ep 3940 | Return 0.43 | Global 0.4271 | Local 0.1192 | F1_macro 0.8037 | WorstLoss 1.1953
[Tracker Process 0] Ep 3941 | Return 0.39 | Global 0.3903 | Local 0.1192 | F1_macro 0.7358 | WorstLoss 1.2722
[Tracker Process 0] Ep 3942 | Return 0.23 | Global 0.2286 | Local 0.1192 | F1_macro 0.7206 | WorstLoss 1.6096
[Tracker Process 0] Ep 3943 | Return 0.37 | Global 0.3742 | Local 0.1192 | F1_macro 0.7869 | WorstLoss 1.3057
[Tracker Process 0] Ep 3944 | Return 0.37 | Global 0.3650 | Local 0.1192 | F1_macro 0.8029 | WorstLoss 1.3249
[Tracker Process 0] Ep 3945 | Return 0.45 | Global 0.4503 | Local 0.1192 | F1_macro 0.7810 | WorstLoss 1.1470
[Tracker Process 0] Ep 3946 | Return 0.29 | Global 0.2903 | Local 0.1192 | F1_macro 0.7642 | WorstLoss 1.4808
[Tracker Process 0] Ep 3947 | Return 0.42 | Global 0.4157 | Local 0.1192 | F1_macro 0.8033 | WorstLoss 1.2191
[Tracker Process 0] Ep 3948 | Return 0.36 | Global 0.3629 | Local 0.1192 | F1_macro 0.7926 | WorstLoss 1.3293
[Tracker Process 0] Ep 3949 | Return 0.34 | Global 0.3428 | Local 0.1192 | F1_macro 0.7399 | WorstLoss 1.3713
[Tracker Process 0] Ep 3950 | Return 0.41 | Global 0.4051 | Local 0.1192 | F1_macro 0.7867 | WorstLoss 1.2413
[Tracker Process 0] Ep 3951 | Return 0.46 | Global 0.4635 | Local 0.1192 | F1_macro 0.7838 | WorstLoss 1.1195
[Tracker Process 0] Ep 3952 | Return 0.36 | Global 0.3631 | Local 0.1192 | F1_macro 0.7628 | WorstLoss 1.3290
[Tracker Process 0] Ep 3953 | Return 0.43 | Global 0.4318 | Local 0.1192 | F1_macro 0.7578 | WorstLoss 1.1855
[Tracker Process 0] Ep 3954 | Return 0.35 | Global 0.3482 | Local 0.1192 | F1_macro 0.7957 | WorstLoss 1.3600
[Tracker Process 0] Ep 3955 | Return 0.35 | Global 0.3474 | Local 0.1192 | F1_macro 0.7555 | WorstLoss 1.3617
[Tracker Process 0] Ep 3956 | Return 0.57 | Global 0.5685 | Local 0.1192 | F1_macro 0.7901 | WorstLoss 0.9002
[Tracker Process 0] Ep 3957 | Return 0.36 | Global 0.3569 | Local 0.1192 | F1_macro 0.7915 | WorstLoss 1.3419
[Tracker Process 0] Ep 3958 | Return 0.43 | Global 0.4340 | Local 0.1192 | F1_macro 0.7945 | WorstLoss 1.1809
[Tracker Process 0] Ep 3959 | Return 0.43 | Global 0.4289 | Local 0.1192 | F1_macro 0.7764 | WorstLoss 1.1916
[Tracker Process 0] Ep 3960 | Return 0.39 | Global 0.3918 | Local 0.1192 | F1_macro 0.7755 | WorstLoss 1.2690
[Tracker Process 0] Ep 3961 | Return 0.39 | Global 0.3869 | Local 0.1192 | F1_macro 0.7777 | WorstLoss 1.2792
[Tracker Process 0] Ep 3962 | Return 0.28 | Global 0.2778 | Local 0.1192 | F1_macro 0.7526 | WorstLoss 1.5068
[Tracker Process 0] Ep 3963 | Return 0.40 | Global 0.4025 | Local 0.1192 | F1_macro 0.7564 | WorstLoss 1.2468
[Tracker Process 0] Ep 3964 | Return 0.41 | Global 0.4062 | Local 0.1192 | F1_macro 0.7968 | WorstLoss 1.2390
[Tracker Process 0] Ep 3965 | Return 0.38 | Global 0.3849 | Local 0.1192 | F1_macro 0.7525 | WorstLoss 1.2833
[Tracker Process 0] Ep 3966 | Return 0.41 | Global 0.4086 | Local 0.1192 | F1_macro 0.8032 | WorstLoss 1.2340
[Tracker Process 0] Ep 3967 | Return 0.40 | Global 0.3977 | Local 0.1192 | F1_macro 0.7523 | WorstLoss 1.2567
[Tracker Process 0] Ep 3968 | Return 0.44 | Global 0.4402 | Local 0.1192 | F1_macro 0.7997 | WorstLoss 1.1680
[Tracker Process 0] Ep 3969 | Return 0.25 | Global 0.2534 | Local 0.1192 | F1_macro 0.7706 | WorstLoss 1.5577
[Tracker Process 0] Ep 3970 | Return 0.31 | Global 0.3069 | Local 0.1192 | F1_macro 0.7982 | WorstLoss 1.4462
[Tracker Process 0] Ep 3971 | Return 0.29 | Global 0.2939 | Local 0.1192 | F1_macro 0.7656 | WorstLoss 1.4734
[Tracker Process 0] Ep 3972 | Return 0.33 | Global 0.3272 | Local 0.1192 | F1_macro 0.7951 | WorstLoss 1.4037
[Tracker Process 0] Ep 3973 | Return 0.40 | Global 0.4035 | Local 0.1192 | F1_macro 0.7915 | WorstLoss 1.2445
[Tracker Process 0] Ep 3974 | Return 0.48 | Global 0.4764 | Local 0.1192 | F1_macro 0.8052 | WorstLoss 1.0925
[Tracker Process 0] Ep 3975 | Return 0.36 | Global 0.3606 | Local 0.1192 | F1_macro 0.7971 | WorstLoss 1.3342
[Tracker Process 0] Ep 3976 | Return 0.28 | Global 0.2804 | Local 0.1192 | F1_macro 0.7892 | WorstLoss 1.5014
[Tracker Process 0] Ep 3977 | Return 0.40 | Global 0.4049 | Local 0.1192 | F1_macro 0.8017 | WorstLoss 1.2416
[Tracker Process 0] Ep 3978 | Return 0.39 | Global 0.3942 | Local 0.1192 | F1_macro 0.7957 | WorstLoss 1.2640
[Tracker Process 0] Ep 3979 | Return 0.09 | Global 0.0873 | Local 0.1192 | F1_macro 0.7678 | WorstLoss 1.9044
[Tracker Process 0] Ep 3980 | Return 0.42 | Global 0.4221 | Local 0.1192 | F1_macro 0.7831 | WorstLoss 1.2058
[Tracker Process 0] Ep 3981 | Return 0.24 | Global 0.2450 | Local 0.1192 | F1_macro 0.7846 | WorstLoss 1.5754
[Tracker Process 0] Ep 3982 | Return 0.48 | Global 0.4815 | Local 0.1192 | F1_macro 0.7945 | WorstLoss 1.0820
[Tracker Process 0] Ep 3983 | Return 0.20 | Global 0.1953 | Local 0.1192 | F1_macro 0.7742 | WorstLoss 1.6790
[Tracker Process 0] Ep 3984 | Return 0.16 | Global 0.1628 | Local 0.1192 | F1_macro 0.7694 | WorstLoss 1.7468
[Tracker Process 0] Ep 3985 | Return 0.22 | Global 0.2186 | Local 0.1192 | F1_macro 0.7717 | WorstLoss 1.6304
[Tracker Process 0] Ep 3986 | Return 0.31 | Global 0.3144 | Local 0.1192 | F1_macro 0.7845 | WorstLoss 1.4306
[Tracker Process 0] Ep 3987 | Return 0.39 | Global 0.3947 | Local 0.1192 | F1_macro 0.7853 | WorstLoss 1.2630
[Tracker Process 0] Ep 3988 | Return 0.29 | Global 0.2900 | Local 0.1192 | F1_macro 0.7852 | WorstLoss 1.4814
[Tracker Process 0] Ep 3989 | Return 0.11 | Global 0.1052 | Local 0.1192 | F1_macro 0.7403 | WorstLoss 1.8669
[Tracker Process 0] Ep 3990 | Return 0.41 | Global 0.4136 | Local 0.1192 | F1_macro 0.7672 | WorstLoss 1.2235
[Tracker Process 0] Ep 3991 | Return 0.47 | Global 0.4690 | Local 0.1192 | F1_macro 0.7775 | WorstLoss 1.1080
[Tracker Process 0] Ep 3992 | Return 0.36 | Global 0.3643 | Local 0.1192 | F1_macro 0.7525 | WorstLoss 1.3263
[Tracker Process 0] Ep 3993 | Return 0.51 | Global 0.5083 | Local 0.1192 | F1_macro 0.8035 | WorstLoss 1.0259
[Tracker Process 0] Ep 3994 | Return 0.29 | Global 0.2939 | Local 0.1192 | F1_macro 0.8118 | WorstLoss 1.4732
[Tracker Process 0] Ep 3995 | Return 0.37 | Global 0.3710 | Local 0.1192 | F1_macro 0.7417 | WorstLoss 1.3124
[Tracker Process 0] Ep 3996 | Return 0.28 | Global 0.2830 | Local 0.1192 | F1_macro 0.7761 | WorstLoss 1.4960
[Tracker Process 0] Ep 3997 | Return 0.47 | Global 0.4675 | Local 0.1192 | F1_macro 0.8081 | WorstLoss 1.1111
[Tracker Process 0] Ep 3998 | Return 0.44 | Global 0.4356 | Local 0.1192 | F1_macro 0.7624 | WorstLoss 1.1777
[Tracker Process 0] Ep 3999 | Return 0.33 | Global 0.3297 | Local 0.1192 | F1_macro 0.7817 | WorstLoss 1.3987
[Tracker Process 0] Ep 4000 | Return 0.40 | Global 0.3993 | Local 0.1192 | F1_macro 0.8063 | WorstLoss 1.2534
[Tracker Process 0] Ep 4001 | Return 0.17 | Global 0.1686 | Local 0.1192 | F1_macro 0.7090 | WorstLoss 1.7347
[Tracker Process 0] Ep 4002 | Return 0.38 | Global 0.3761 | Local 0.1192 | F1_macro 0.7821 | WorstLoss 1.3017
[Tracker Process 0] Ep 4003 | Return 0.44 | Global 0.4365 | Local 0.1192 | F1_macro 0.7673 | WorstLoss 1.1757
[Tracker Process 0] Ep 4004 | Return 0.35 | Global 0.3467 | Local 0.1192 | F1_macro 0.7853 | WorstLoss 1.3630
[Tracker Process 0] Ep 4005 | Return 0.56 | Global 0.5645 | Local 0.1192 | F1_macro 0.7796 | WorstLoss 0.9087
[Tracker Process 0] Ep 4006 | Return 0.55 | Global 0.5466 | Local 0.1192 | F1_macro 0.7788 | WorstLoss 0.9461
[Tracker Process 0] Ep 4007 | Return 0.33 | Global 0.3330 | Local 0.1192 | F1_macro 0.8144 | WorstLoss 1.3916
[Tracker Process 0] Ep 4008 | Return 0.40 | Global 0.3992 | Local 0.1192 | F1_macro 0.7748 | WorstLoss 1.2536
[Tracker Process 0] Ep 4009 | Return 0.16 | Global 0.1642 | Local 0.1192 | F1_macro 0.8047 | WorstLoss 1.7439
[Tracker Process 0] Ep 4010 | Return 0.33 | Global 0.3347 | Local 0.1192 | F1_macro 0.7793 | WorstLoss 1.3882
[Tracker Process 0] Ep 4011 | Return 0.28 | Global 0.2795 | Local 0.1192 | F1_macro 0.8144 | WorstLoss 1.5034
[Tracker Process 0] Ep 4012 | Return 0.28 | Global 0.2805 | Local 0.1192 | F1_macro 0.8037 | WorstLoss 1.5012
[Tracker Process 0] Ep 4013 | Return 0.36 | Global 0.3631 | Local 0.1192 | F1_macro 0.7777 | WorstLoss 1.3290
[Tracker Process 0] Ep 4014 | Return 0.17 | Global 0.1744 | Local 0.1192 | F1_macro 0.7838 | WorstLoss 1.7225
[Tracker Process 0] Ep 4015 | Return 0.32 | Global 0.3225 | Local 0.1192 | F1_macro 0.8171 | WorstLoss 1.4136
[Tracker Process 0] Ep 4016 | Return 0.42 | Global 0.4194 | Local 0.1192 | F1_macro 0.7716 | WorstLoss 1.2114
[Tracker Process 0] Ep 4017 | Return 0.33 | Global 0.3310 | Local 0.1192 | F1_macro 0.7717 | WorstLoss 1.3958
[Tracker Process 0] Ep 4018 | Return 0.31 | Global 0.3114 | Local 0.1192 | F1_macro 0.7830 | WorstLoss 1.4368
[Tracker Process 0] Ep 4019 | Return 0.39 | Global 0.3937 | Local 0.1192 | F1_macro 0.7815 | WorstLoss 1.2650
[Tracker Process 0] Ep 4020 | Return 0.14 | Global 0.1385 | Local 0.1192 | F1_macro 0.7861 | WorstLoss 1.7976
[Tracker Process 0] Ep 4021 | Return 0.31 | Global 0.3112 | Local 0.1192 | F1_macro 0.7827 | WorstLoss 1.4371
[Tracker Process 0] Ep 4022 | Return 0.23 | Global 0.2278 | Local 0.1192 | F1_macro 0.7821 | WorstLoss 1.6112
[Tracker Process 0] Ep 4023 | Return 0.36 | Global 0.3610 | Local 0.1192 | F1_macro 0.8019 | WorstLoss 1.3334
[Tracker Process 0] Ep 4024 | Return 0.34 | Global 0.3392 | Local 0.1192 | F1_macro 0.7509 | WorstLoss 1.3788
[Tracker Process 0] Ep 4025 | Return 0.37 | Global 0.3724 | Local 0.1192 | F1_macro 0.7601 | WorstLoss 1.3095
[Tracker Process 0] Ep 4026 | Return 0.38 | Global 0.3815 | Local 0.1192 | F1_macro 0.7532 | WorstLoss 1.2904
[Tracker Process 0] Ep 4027 | Return 0.39 | Global 0.3867 | Local 0.1192 | F1_macro 0.7830 | WorstLoss 1.2796
[Tracker Process 0] Ep 4028 | Return 0.34 | Global 0.3395 | Local 0.1192 | F1_macro 0.7684 | WorstLoss 1.3781
[Tracker Process 0] Ep 4029 | Return 0.38 | Global 0.3759 | Local 0.1192 | F1_macro 0.7836 | WorstLoss 1.3021
[Tracker Process 0] Ep 4030 | Return 0.30 | Global 0.3044 | Local 0.1192 | F1_macro 0.8107 | WorstLoss 1.4513
[Tracker Process 0] Ep 4031 | Return 0.20 | Global 0.1976 | Local 0.1192 | F1_macro 0.7405 | WorstLoss 1.6742
[Tracker Process 0] Ep 4032 | Return 0.49 | Global 0.4928 | Local 0.1192 | F1_macro 0.8025 | WorstLoss 1.0584
[Tracker Process 0] Ep 4033 | Return 0.38 | Global 0.3766 | Local 0.1192 | F1_macro 0.7780 | WorstLoss 1.3007
[Tracker Process 0] Ep 4034 | Return 0.41 | Global 0.4126 | Local 0.1192 | F1_macro 0.7448 | WorstLoss 1.2255
[Tracker Process 0] Ep 4035 | Return 0.47 | Global 0.4687 | Local 0.1192 | F1_macro 0.7619 | WorstLoss 1.1086
[Tracker Process 0] Ep 4036 | Return 0.39 | Global 0.3866 | Local 0.1192 | F1_macro 0.7801 | WorstLoss 1.2799
[Tracker Process 0] Ep 4037 | Return 0.50 | Global 0.4969 | Local 0.1192 | F1_macro 0.7703 | WorstLoss 1.0497
[Tracker Process 0] Ep 4038 | Return 0.18 | Global 0.1799 | Local 0.1192 | F1_macro 0.7833 | WorstLoss 1.7111
[Tracker Process 0] Ep 4039 | Return 0.36 | Global 0.3575 | Local 0.1192 | F1_macro 0.7518 | WorstLoss 1.3405
[Tracker Process 0] Ep 4040 | Return 0.39 | Global 0.3932 | Local 0.1192 | F1_macro 0.7550 | WorstLoss 1.2660
[Tracker Process 0] Ep 4041 | Return 0.18 | Global 0.1755 | Local 0.1192 | F1_macro 0.7682 | WorstLoss 1.7202
[Tracker Process 0] Ep 4042 | Return 0.26 | Global 0.2620 | Local 0.1192 | F1_macro 0.8225 | WorstLoss 1.5398
[Tracker Process 0] Ep 4043 | Return 0.40 | Global 0.3954 | Local 0.1192 | F1_macro 0.7520 | WorstLoss 1.2616
[Tracker Process 0] Ep 4044 | Return 0.53 | Global 0.5318 | Local 0.1192 | F1_macro 0.8052 | WorstLoss 0.9768
[Tracker Process 0] Ep 4045 | Return 0.38 | Global 0.3782 | Local 0.1192 | F1_macro 0.7452 | WorstLoss 1.2974
[Tracker Process 0] Ep 4046 | Return 0.17 | Global 0.1706 | Local 0.1192 | F1_macro 0.7766 | WorstLoss 1.7306
[Tracker Process 0] Ep 4047 | Return 0.41 | Global 0.4055 | Local 0.1192 | F1_macro 0.8041 | WorstLoss 1.2404
[Tracker Process 0] Ep 4048 | Return 0.38 | Global 0.3800 | Local 0.1192 | F1_macro 0.7456 | WorstLoss 1.2936
[Tracker Process 0] Ep 4049 | Return 0.23 | Global 0.2302 | Local 0.1192 | F1_macro 0.7464 | WorstLoss 1.6063
[Tracker Process 0] Ep 4050 | Return 0.37 | Global 0.3698 | Local 0.1192 | F1_macro 0.7845 | WorstLoss 1.3148
[Tracker Process 0] Saved snapshot: ep4050_phase1_class1
[Tracker Process 0] Ep 4051 | Return 0.34 | Global 0.3355 | Local 0.1192 | F1_macro 0.7609 | WorstLoss 1.3864
[Tracker Process 0] Ep 4052 | Return 0.42 | Global 0.4241 | Local 0.1192 | F1_macro 0.7194 | WorstLoss 1.2016
[Tracker Process 0] Ep 4053 | Return 0.38 | Global 0.3826 | Local 0.1192 | F1_macro 0.7738 | WorstLoss 1.2881
[Tracker Process 0] Ep 4054 | Return 0.27 | Global 0.2728 | Local 0.1192 | F1_macro 0.7659 | WorstLoss 1.5173
[Tracker Process 0] Ep 4055 | Return 0.44 | Global 0.4387 | Local 0.1192 | F1_macro 0.7564 | WorstLoss 1.1712
[Tracker Process 0] Ep 4056 | Return 0.30 | Global 0.2953 | Local 0.1192 | F1_macro 0.7869 | WorstLoss 1.4704
[Tracker Process 0] Ep 4057 | Return 0.42 | Global 0.4165 | Local 0.1192 | F1_macro 0.7640 | WorstLoss 1.2174
[Tracker Process 0] Ep 4058 | Return 0.41 | Global 0.4108 | Local 0.1192 | F1_macro 0.7646 | WorstLoss 1.2293
[Tracker Process 0] Ep 4059 | Return 0.31 | Global 0.3127 | Local 0.1192 | F1_macro 0.7717 | WorstLoss 1.4340
[Tracker Process 0] Ep 4060 | Return 0.41 | Global 0.4087 | Local 0.1192 | F1_macro 0.8012 | WorstLoss 1.2338
[Tracker Process 0] Ep 4061 | Return 0.46 | Global 0.4555 | Local 0.1192 | F1_macro 0.7601 | WorstLoss 1.1361
[Tracker Process 0] Ep 4062 | Return 0.40 | Global 0.3967 | Local 0.1192 | F1_macro 0.7915 | WorstLoss 1.2588
[Tracker Process 0] Ep 4063 | Return 0.43 | Global 0.4309 | Local 0.1192 | F1_macro 0.7445 | WorstLoss 1.1874
[Tracker Process 0] Ep 4064 | Return 0.31 | Global 0.3124 | Local 0.1192 | F1_macro 0.7382 | WorstLoss 1.4348
[Tracker Process 0] Ep 4065 | Return 0.32 | Global 0.3218 | Local 0.1192 | F1_macro 0.7313 | WorstLoss 1.4151
[Tracker Process 0] Ep 4066 | Return 0.19 | Global 0.1915 | Local 0.1192 | F1_macro 0.7595 | WorstLoss 1.6870
[Tracker Process 0] Ep 4067 | Return 0.33 | Global 0.3349 | Local 0.1192 | F1_macro 0.7376 | WorstLoss 1.3878
[Tracker Process 0] Ep 4068 | Return 0.29 | Global 0.2947 | Local 0.1192 | F1_macro 0.7548 | WorstLoss 1.4716
[Tracker Process 0] Ep 4069 | Return 0.37 | Global 0.3704 | Local 0.1192 | F1_macro 0.7770 | WorstLoss 1.3136
[Tracker Process 0] Ep 4070 | Return 0.39 | Global 0.3860 | Local 0.1192 | F1_macro 0.7706 | WorstLoss 1.2812
[Tracker Process 0] Ep 4071 | Return 0.40 | Global 0.3999 | Local 0.1192 | F1_macro 0.7472 | WorstLoss 1.2521
[Tracker Process 0] Ep 4072 | Return 0.49 | Global 0.4917 | Local 0.1192 | F1_macro 0.7948 | WorstLoss 1.0606
[Tracker Process 0] Ep 4073 | Return 0.47 | Global 0.4726 | Local 0.1192 | F1_macro 0.7716 | WorstLoss 1.1005
[Tracker Process 0] Ep 4074 | Return 0.44 | Global 0.4391 | Local 0.1192 | F1_macro 0.7853 | WorstLoss 1.1704
[Tracker Process 0] Ep 4075 | Return 0.36 | Global 0.3602 | Local 0.1192 | F1_macro 0.7514 | WorstLoss 1.3350
[Tracker Process 0] Ep 4076 | Return 0.51 | Global 0.5117 | Local 0.1192 | F1_macro 0.7430 | WorstLoss 1.0189
[Tracker Process 0] Ep 4077 | Return 0.48 | Global 0.4830 | Local 0.1192 | F1_macro 0.7448 | WorstLoss 1.0787
[Tracker Process 0] Ep 4078 | Return 0.38 | Global 0.3814 | Local 0.1192 | F1_macro 0.7974 | WorstLoss 1.2908
[Tracker Process 0] Ep 4079 | Return 0.48 | Global 0.4845 | Local 0.1192 | F1_macro 0.7938 | WorstLoss 1.0756
[Tracker Process 0] Ep 4080 | Return 0.36 | Global 0.3556 | Local 0.1192 | F1_macro 0.7472 | WorstLoss 1.3446
[Tracker Process 0] Ep 4081 | Return 0.29 | Global 0.2851 | Local 0.1192 | F1_macro 0.7902 | WorstLoss 1.4916
[Tracker Process 0] Ep 4082 | Return 0.29 | Global 0.2910 | Local 0.1192 | F1_macro 0.7615 | WorstLoss 1.4793
[Tracker Process 0] Ep 4083 | Return 0.44 | Global 0.4397 | Local 0.1192 | F1_macro 0.7652 | WorstLoss 1.1691
[Tracker Process 0] Ep 4084 | Return 0.45 | Global 0.4501 | Local 0.1192 | F1_macro 0.7538 | WorstLoss 1.1474
[Tracker Process 0] Ep 4085 | Return 0.38 | Global 0.3825 | Local 0.1192 | F1_macro 0.7399 | WorstLoss 1.2885
[Tracker Process 0] Ep 4086 | Return 0.36 | Global 0.3598 | Local 0.1192 | F1_macro 0.7595 | WorstLoss 1.3358
[Tracker Process 0] Ep 4087 | Return 0.44 | Global 0.4391 | Local 0.1192 | F1_macro 0.6990 | WorstLoss 1.1702
[Tracker Process 0] Ep 4088 | Return 0.43 | Global 0.4341 | Local 0.1192 | F1_macro 0.7593 | WorstLoss 1.1807
[Tracker Process 0] Ep 4089 | Return 0.44 | Global 0.4425 | Local 0.1192 | F1_macro 0.7694 | WorstLoss 1.1631
[Tracker Process 0] Ep 4090 | Return 0.45 | Global 0.4479 | Local 0.1192 | F1_macro 0.8172 | WorstLoss 1.1521
[Tracker Process 0] Ep 4091 | Return 0.55 | Global 0.5463 | Local 0.1192 | F1_macro 0.7701 | WorstLoss 0.9466
[Tracker Process 0] Ep 4092 | Return 0.35 | Global 0.3501 | Local 0.1192 | F1_macro 0.7662 | WorstLoss 1.3560
[Tracker Process 0] Ep 4093 | Return 0.49 | Global 0.4911 | Local 0.1192 | F1_macro 0.7797 | WorstLoss 1.0619
[Tracker Process 0] Ep 4094 | Return 0.35 | Global 0.3523 | Local 0.1192 | F1_macro 0.7399 | WorstLoss 1.3514
[Tracker Process 0] Ep 4095 | Return 0.32 | Global 0.3223 | Local 0.1192 | F1_macro 0.7705 | WorstLoss 1.4139
[Tracker Process 0] Ep 4096 | Return 0.33 | Global 0.3311 | Local 0.1192 | F1_macro 0.7531 | WorstLoss 1.3957
[Tracker Process 0] Ep 4097 | Return 0.32 | Global 0.3236 | Local 0.1192 | F1_macro 0.7672 | WorstLoss 1.4114
[Tracker Process 0] Ep 4098 | Return 0.33 | Global 0.3310 | Local 0.1192 | F1_macro 0.7532 | WorstLoss 1.3958
[Tracker Process 0] Ep 4099 | Return 0.38 | Global 0.3765 | Local 0.1192 | F1_macro 0.7656 | WorstLoss 1.3010
[Tracker Process 0] Ep 4100 | Return 0.34 | Global 0.3432 | Local 0.1192 | F1_macro 0.7777 | WorstLoss 1.3703
[Tracker Process 0] Ep 4101 | Return 0.38 | Global 0.3777 | Local 0.1192 | F1_macro 0.7611 | WorstLoss 1.2984
[Tracker Process 0] Ep 4102 | Return 0.52 | Global 0.5216 | Local 0.1192 | F1_macro 0.7623 | WorstLoss 0.9981
[Tracker Process 0] Ep 4103 | Return 0.40 | Global 0.4027 | Local 0.1192 | F1_macro 0.7793 | WorstLoss 1.2464
[Tracker Process 0] Ep 4104 | Return 0.48 | Global 0.4786 | Local 0.1192 | F1_macro 0.7583 | WorstLoss 1.0879
[Tracker Process 0] Ep 4105 | Return 0.47 | Global 0.4683 | Local 0.1192 | F1_macro 0.7423 | WorstLoss 1.1094
[Tracker Process 0] Ep 4106 | Return 0.42 | Global 0.4207 | Local 0.1192 | F1_macro 0.7557 | WorstLoss 1.2088
[Tracker Process 0] Ep 4107 | Return 0.49 | Global 0.4911 | Local 0.1192 | F1_macro 0.7245 | WorstLoss 1.0617
[Tracker Process 0] Ep 4108 | Return 0.49 | Global 0.4934 | Local 0.1192 | F1_macro 0.7911 | WorstLoss 1.0570
[Tracker Process 0] Ep 4109 | Return 0.37 | Global 0.3738 | Local 0.1192 | F1_macro 0.7646 | WorstLoss 1.3067
[Tracker Process 0] Ep 4110 | Return 0.32 | Global 0.3223 | Local 0.1192 | F1_macro 0.7274 | WorstLoss 1.4141
[Tracker Process 0] Ep 4111 | Return 0.38 | Global 0.3843 | Local 0.1192 | F1_macro 0.7085 | WorstLoss 1.2847
[Tracker Process 0] Ep 4112 | Return 0.35 | Global 0.3542 | Local 0.1192 | F1_macro 0.7481 | WorstLoss 1.3474
[Tracker Process 0] Ep 4113 | Return 0.40 | Global 0.3959 | Local 0.1192 | F1_macro 0.7354 | WorstLoss 1.2604
[Tracker Process 0] Ep 4114 | Return 0.40 | Global 0.3975 | Local 0.1192 | F1_macro 0.7379 | WorstLoss 1.2571
[Tracker Process 0] Ep 4115 | Return 0.46 | Global 0.4650 | Local 0.1192 | F1_macro 0.7716 | WorstLoss 1.1163
[Tracker Process 0] Ep 4116 | Return 0.50 | Global 0.5016 | Local 0.1192 | F1_macro 0.7544 | WorstLoss 1.0400
[Tracker Process 0] Ep 4117 | Return 0.44 | Global 0.4396 | Local 0.1192 | F1_macro 0.7705 | WorstLoss 1.1693
[Tracker Process 0] Ep 4118 | Return 0.42 | Global 0.4233 | Local 0.1192 | F1_macro 0.7797 | WorstLoss 1.2032
[Tracker Process 0] Ep 4119 | Return 0.44 | Global 0.4416 | Local 0.1192 | F1_macro 0.7685 | WorstLoss 1.1651
[Tracker Process 0] Ep 4120 | Return 0.42 | Global 0.4215 | Local 0.1192 | F1_macro 0.7737 | WorstLoss 1.2070
[Tracker Process 0] Ep 4121 | Return 0.48 | Global 0.4751 | Local 0.1192 | F1_macro 0.7892 | WorstLoss 1.0952
[Tracker Process 0] Ep 4122 | Return 0.50 | Global 0.5000 | Local 0.1192 | F1_macro 0.7956 | WorstLoss 1.0433
[Tracker Process 0] Ep 4123 | Return 0.44 | Global 0.4407 | Local 0.1192 | F1_macro 0.8033 | WorstLoss 1.1670
[Tracker Process 0] Ep 4124 | Return 0.51 | Global 0.5072 | Local 0.1192 | F1_macro 0.7740 | WorstLoss 1.0283
[Tracker Process 0] Ep 4125 | Return 0.31 | Global 0.3144 | Local 0.1192 | F1_macro 0.7670 | WorstLoss 1.4305
[Tracker Process 0] Ep 4126 | Return 0.45 | Global 0.4528 | Local 0.1192 | F1_macro 0.7353 | WorstLoss 1.1418
[Tracker Process 0] Ep 4127 | Return 0.39 | Global 0.3850 | Local 0.1192 | F1_macro 0.7821 | WorstLoss 1.2832
[Tracker Process 0] Ep 4128 | Return 0.34 | Global 0.3376 | Local 0.1192 | F1_macro 0.7542 | WorstLoss 1.3820
[Tracker Process 0] Ep 4129 | Return 0.23 | Global 0.2254 | Local 0.1192 | F1_macro 0.6975 | WorstLoss 1.6163
[Tracker Process 0] Ep 4130 | Return 0.42 | Global 0.4203 | Local 0.1192 | F1_macro 0.7806 | WorstLoss 1.2095
[Tracker Process 0] Ep 4131 | Return 0.30 | Global 0.3020 | Local 0.1192 | F1_macro 0.6804 | WorstLoss 1.4563
[Tracker Process 0] Ep 4132 | Return 0.43 | Global 0.4301 | Local 0.1192 | F1_macro 0.7751 | WorstLoss 1.1890
[Tracker Process 0] Ep 4133 | Return 0.53 | Global 0.5273 | Local 0.1192 | F1_macro 0.7409 | WorstLoss 0.9862
[Tracker Process 0] Ep 4134 | Return 0.27 | Global 0.2730 | Local 0.1192 | F1_macro 0.7401 | WorstLoss 1.5169
[Tracker Process 0] Ep 4135 | Return 0.35 | Global 0.3454 | Local 0.1192 | F1_macro 0.7101 | WorstLoss 1.3658
[Tracker Process 0] Ep 4136 | Return 0.48 | Global 0.4826 | Local 0.1192 | F1_macro 0.7705 | WorstLoss 1.0796
[Tracker Process 0] Ep 4137 | Return 0.31 | Global 0.3110 | Local 0.1192 | F1_macro 0.7618 | WorstLoss 1.4375
[Tracker Process 0] Ep 4138 | Return 0.37 | Global 0.3715 | Local 0.1192 | F1_macro 0.7945 | WorstLoss 1.3114
[Tracker Process 0] Ep 4139 | Return 0.28 | Global 0.2830 | Local 0.1192 | F1_macro 0.7861 | WorstLoss 1.4961
[Tracker Process 0] Ep 4140 | Return 0.40 | Global 0.3957 | Local 0.1192 | F1_macro 0.7460 | WorstLoss 1.2608
[Tracker Process 0] Ep 4141 | Return 0.36 | Global 0.3589 | Local 0.1192 | F1_macro 0.7570 | WorstLoss 1.3377
[Tracker Process 0] Ep 4142 | Return 0.34 | Global 0.3413 | Local 0.1192 | F1_macro 0.7601 | WorstLoss 1.3744
[Tracker Process 0] Ep 4143 | Return 0.18 | Global 0.1766 | Local 0.1192 | F1_macro 0.7766 | WorstLoss 1.7180
[Tracker Process 0] Ep 4144 | Return 0.45 | Global 0.4483 | Local 0.1192 | F1_macro 0.7601 | WorstLoss 1.1510
[Tracker Process 0] Ep 4145 | Return 0.40 | Global 0.3990 | Local 0.1192 | F1_macro 0.7684 | WorstLoss 1.2541
[Tracker Process 0] Ep 4146 | Return 0.47 | Global 0.4706 | Local 0.1192 | F1_macro 0.7746 | WorstLoss 1.1046
[Tracker Process 0] Ep 4147 | Return 0.42 | Global 0.4200 | Local 0.1192 | F1_macro 0.7493 | WorstLoss 1.2102
[Tracker Process 0] Ep 4148 | Return 0.41 | Global 0.4073 | Local 0.1192 | F1_macro 0.7429 | WorstLoss 1.2366
[Tracker Process 0] Ep 4149 | Return 0.42 | Global 0.4240 | Local 0.1192 | F1_macro 0.7523 | WorstLoss 1.2018
[Tracker Process 0] Ep 4150 | Return 0.47 | Global 0.4673 | Local 0.1192 | F1_macro 0.7603 | WorstLoss 1.1114
[Tracker Process 0] Ep 4151 | Return 0.40 | Global 0.3996 | Local 0.1192 | F1_macro 0.7951 | WorstLoss 1.2527
[Tracker Process 0] Ep 4152 | Return 0.60 | Global 0.5983 | Local 0.1192 | F1_macro 0.7675 | WorstLoss 0.8381
[Tracker Process 0] Ep 4153 | Return 0.40 | Global 0.3976 | Local 0.1192 | F1_macro 0.7548 | WorstLoss 1.2568
[Tracker Process 0] Ep 4154 | Return 0.51 | Global 0.5073 | Local 0.1192 | F1_macro 0.7889 | WorstLoss 1.0279
[Tracker Process 0] Ep 4155 | Return 0.52 | Global 0.5154 | Local 0.1192 | F1_macro 0.7615 | WorstLoss 1.0111
[Tracker Process 0] Ep 4156 | Return 0.54 | Global 0.5382 | Local 0.1192 | F1_macro 0.8087 | WorstLoss 0.9635
[Tracker Process 0] Ep 4157 | Return 0.35 | Global 0.3468 | Local 0.1192 | F1_macro 0.7464 | WorstLoss 1.3630
[Tracker Process 0] Ep 4158 | Return 0.47 | Global 0.4723 | Local 0.1192 | F1_macro 0.7823 | WorstLoss 1.1010
[Tracker Process 0] Ep 4159 | Return 0.44 | Global 0.4420 | Local 0.1192 | F1_macro 0.7432 | WorstLoss 1.1642
[Tracker Process 0] Ep 4160 | Return 0.40 | Global 0.4004 | Local 0.1192 | F1_macro 0.7695 | WorstLoss 1.2511
[Tracker Process 0] Ep 4161 | Return 0.46 | Global 0.4554 | Local 0.1192 | F1_macro 0.7662 | WorstLoss 1.1363
[Tracker Process 0] Ep 4162 | Return 0.48 | Global 0.4793 | Local 0.1192 | F1_macro 0.7631 | WorstLoss 1.0864
[Tracker Process 0] Ep 4163 | Return 0.42 | Global 0.4175 | Local 0.1192 | F1_macro 0.7846 | WorstLoss 1.2154
[Tracker Process 0] Ep 4164 | Return 0.31 | Global 0.3142 | Local 0.1192 | F1_macro 0.7432 | WorstLoss 1.4310
[Tracker Process 0] Ep 4165 | Return 0.49 | Global 0.4861 | Local 0.1192 | F1_macro 0.7470 | WorstLoss 1.0722
[Tracker Process 0] Ep 4166 | Return 0.48 | Global 0.4770 | Local 0.1192 | F1_macro 0.7578 | WorstLoss 1.0913
[Tracker Process 0] Ep 4167 | Return 0.50 | Global 0.4954 | Local 0.1192 | F1_macro 0.7493 | WorstLoss 1.0528
[Tracker Process 0] Ep 4168 | Return 0.43 | Global 0.4281 | Local 0.1192 | F1_macro 0.7337 | WorstLoss 1.1934
[Tracker Process 0] Ep 4169 | Return 0.37 | Global 0.3685 | Local 0.1192 | F1_macro 0.7638 | WorstLoss 1.3175
[Tracker Process 0] Ep 4170 | Return 0.29 | Global 0.2877 | Local 0.1192 | F1_macro 0.7274 | WorstLoss 1.4863
[Tracker Process 0] Ep 4171 | Return 0.44 | Global 0.4355 | Local 0.1192 | F1_macro 0.7787 | WorstLoss 1.1779
[Tracker Process 0] Ep 4172 | Return 0.49 | Global 0.4914 | Local 0.1192 | F1_macro 0.7793 | WorstLoss 1.0613
[Tracker Process 0] Ep 4173 | Return 0.28 | Global 0.2784 | Local 0.1192 | F1_macro 0.7618 | WorstLoss 1.5056
[Tracker Process 0] Ep 4174 | Return 0.44 | Global 0.4415 | Local 0.1192 | F1_macro 0.7922 | WorstLoss 1.1653
[Tracker Process 0] Ep 4175 | Return 0.43 | Global 0.4265 | Local 0.1192 | F1_macro 0.7503 | WorstLoss 1.1967
[Tracker Process 0] Ep 4176 | Return 0.46 | Global 0.4600 | Local 0.1192 | F1_macro 0.7915 | WorstLoss 1.1267
[Tracker Process 0] Ep 4177 | Return 0.30 | Global 0.2978 | Local 0.1192 | F1_macro 0.7514 | WorstLoss 1.4652
[Tracker Process 0] Ep 4178 | Return 0.44 | Global 0.4421 | Local 0.1192 | F1_macro 0.7598 | WorstLoss 1.1641
[Tracker Process 0] Ep 4179 | Return 0.50 | Global 0.5003 | Local 0.1192 | F1_macro 0.7695 | WorstLoss 1.0426
[Tracker Process 0] Ep 4180 | Return 0.42 | Global 0.4172 | Local 0.1192 | F1_macro 0.7672 | WorstLoss 1.2159
[Tracker Process 0] Ep 4181 | Return 0.49 | Global 0.4914 | Local 0.1192 | F1_macro 0.7373 | WorstLoss 1.0612
[Tracker Process 0] Ep 4182 | Return 0.34 | Global 0.3392 | Local 0.1192 | F1_macro 0.7886 | WorstLoss 1.3788
[Tracker Process 0] Ep 4183 | Return 0.44 | Global 0.4432 | Local 0.1192 | F1_macro 0.7280 | WorstLoss 1.1617
[Tracker Process 0] Ep 4184 | Return 0.51 | Global 0.5063 | Local 0.1192 | F1_macro 0.7917 | WorstLoss 1.0302
[Tracker Process 0] Ep 4185 | Return 0.57 | Global 0.5697 | Local 0.1192 | F1_macro 0.7991 | WorstLoss 0.8979
[Tracker Process 0] Ep 4186 | Return 0.32 | Global 0.3182 | Local 0.1192 | F1_macro 0.7222 | WorstLoss 1.4227
[Tracker Process 0] Ep 4187 | Return 0.39 | Global 0.3874 | Local 0.1192 | F1_macro 0.7420 | WorstLoss 1.2782
[Tracker Process 0] Ep 4188 | Return 0.31 | Global 0.3056 | Local 0.1192 | F1_macro 0.7601 | WorstLoss 1.4488
[Tracker Process 0] Ep 4189 | Return 0.35 | Global 0.3521 | Local 0.1192 | F1_macro 0.7397 | WorstLoss 1.3518
[Tracker Process 0] Ep 4190 | Return 0.30 | Global 0.3007 | Local 0.1192 | F1_macro 0.7452 | WorstLoss 1.4590
[Tracker Process 0] Ep 4191 | Return 0.35 | Global 0.3523 | Local 0.1192 | F1_macro 0.7483 | WorstLoss 1.3513
[Tracker Process 0] Ep 4192 | Return 0.46 | Global 0.4650 | Local 0.1192 | F1_macro 0.7758 | WorstLoss 1.1163
[Tracker Process 0] Ep 4193 | Return 0.56 | Global 0.5584 | Local 0.1192 | F1_macro 0.7393 | WorstLoss 0.9214
[Tracker Process 0] Ep 4194 | Return 0.39 | Global 0.3877 | Local 0.1192 | F1_macro 0.7474 | WorstLoss 1.2775
[Tracker Process 0] Ep 4195 | Return 0.45 | Global 0.4487 | Local 0.1192 | F1_macro 0.7705 | WorstLoss 1.1502
[Tracker Process 0] Ep 4196 | Return 0.56 | Global 0.5634 | Local 0.1192 | F1_macro 0.7995 | WorstLoss 0.9110
[Tracker Process 0] Ep 4197 | Return 0.37 | Global 0.3685 | Local 0.1192 | F1_macro 0.7810 | WorstLoss 1.3177
[Tracker Process 0] Ep 4198 | Return 0.50 | Global 0.4996 | Local 0.1192 | F1_macro 0.7673 | WorstLoss 1.0441
[Tracker Process 0] Ep 4199 | Return 0.42 | Global 0.4234 | Local 0.1192 | F1_macro 0.7815 | WorstLoss 1.2031
[Tracker Process 0] Ep 4200 | Return 0.26 | Global 0.2644 | Local 0.1192 | F1_macro 0.7680 | WorstLoss 1.5348
[Tracker Process 0] Saved snapshot: ep4200_phase1_class1
[Tracker Process 0] Ep 4201 | Return 0.27 | Global 0.2728 | Local 0.1192 | F1_macro 0.7175 | WorstLoss 1.5174
[Tracker Process 0] Ep 4202 | Return 0.36 | Global 0.3606 | Local 0.1192 | F1_macro 0.7230 | WorstLoss 1.3340
[Tracker Process 0] Ep 4203 | Return 0.55 | Global 0.5495 | Local 0.1192 | F1_macro 0.7614 | WorstLoss 0.9400
[Tracker Process 0] Ep 4204 | Return 0.36 | Global 0.3639 | Local 0.1192 | F1_macro 0.7542 | WorstLoss 1.3272
[Tracker Process 0] Ep 4205 | Return 0.34 | Global 0.3379 | Local 0.1192 | F1_macro 0.7812 | WorstLoss 1.3814
[Tracker Process 0] Ep 4206 | Return 0.26 | Global 0.2616 | Local 0.1192 | F1_macro 0.7706 | WorstLoss 1.5407
[Tracker Process 0] Ep 4207 | Return 0.40 | Global 0.3995 | Local 0.1192 | F1_macro 0.7902 | WorstLoss 1.2529
[Tracker Process 0] Ep 4208 | Return 0.42 | Global 0.4248 | Local 0.1192 | F1_macro 0.8017 | WorstLoss 1.2001
[Tracker Process 0] Ep 4209 | Return 0.38 | Global 0.3823 | Local 0.1192 | F1_macro 0.7274 | WorstLoss 1.2889
[Tracker Process 0] Ep 4210 | Return 0.38 | Global 0.3791 | Local 0.1192 | F1_macro 0.8008 | WorstLoss 1.2954
[Tracker Process 0] Ep 4211 | Return 0.43 | Global 0.4322 | Local 0.1192 | F1_macro 0.7874 | WorstLoss 1.1847
[Tracker Process 0] Ep 4212 | Return 0.42 | Global 0.4233 | Local 0.1192 | F1_macro 0.7634 | WorstLoss 1.2034
[Tracker Process 0] Ep 4213 | Return 0.41 | Global 0.4063 | Local 0.1192 | F1_macro 0.7938 | WorstLoss 1.2388
[Tracker Process 0] Ep 4214 | Return 0.47 | Global 0.4730 | Local 0.1192 | F1_macro 0.7876 | WorstLoss 1.0995
[Tracker Process 0] Ep 4215 | Return 0.32 | Global 0.3221 | Local 0.1192 | F1_macro 0.7812 | WorstLoss 1.4144
[Tracker Process 0] Ep 4216 | Return 0.21 | Global 0.2058 | Local 0.1192 | F1_macro 0.7564 | WorstLoss 1.6571
[Tracker Process 0] Ep 4217 | Return 0.37 | Global 0.3676 | Local 0.1192 | F1_macro 0.7815 | WorstLoss 1.3196
[Tracker Process 0] Ep 4218 | Return 0.43 | Global 0.4291 | Local 0.1192 | F1_macro 0.8029 | WorstLoss 1.1913
[Tracker Process 0] Ep 4219 | Return 0.47 | Global 0.4707 | Local 0.1192 | F1_macro 0.7763 | WorstLoss 1.1045
[Tracker Process 0] Ep 4220 | Return 0.33 | Global 0.3299 | Local 0.1192 | F1_macro 0.7542 | WorstLoss 1.3981
[Tracker Process 0] Ep 4221 | Return 0.48 | Global 0.4850 | Local 0.1192 | F1_macro 0.7503 | WorstLoss 1.0746
[Tracker Process 0] Ep 4222 | Return 0.36 | Global 0.3640 | Local 0.1192 | F1_macro 0.7988 | WorstLoss 1.3270
[Tracker Process 0] Ep 4223 | Return 0.32 | Global 0.3220 | Local 0.1192 | F1_macro 0.7659 | WorstLoss 1.4146
[Tracker Process 0] Ep 4224 | Return 0.35 | Global 0.3467 | Local 0.1192 | F1_macro 0.7899 | WorstLoss 1.3632
[Tracker Process 0] Ep 4225 | Return 0.24 | Global 0.2361 | Local 0.1192 | F1_macro 0.7170 | WorstLoss 1.5939
[Tracker Process 0] Ep 4226 | Return 0.37 | Global 0.3693 | Local 0.1192 | F1_macro 0.7659 | WorstLoss 1.3161
[Tracker Process 0] Ep 4227 | Return 0.34 | Global 0.3417 | Local 0.1192 | F1_macro 0.7609 | WorstLoss 1.3735
[Tracker Process 0] Ep 4228 | Return 0.39 | Global 0.3883 | Local 0.1192 | F1_macro 0.7637 | WorstLoss 1.2763
[Tracker Process 0] Ep 4229 | Return 0.30 | Global 0.3014 | Local 0.1192 | F1_macro 0.7452 | WorstLoss 1.4577
[Tracker Process 0] Ep 4230 | Return 0.42 | Global 0.4232 | Local 0.1192 | F1_macro 0.7760 | WorstLoss 1.2036
[Tracker Process 0] Ep 4231 | Return 0.44 | Global 0.4397 | Local 0.1192 | F1_macro 0.7390 | WorstLoss 1.1691
[Tracker Process 0] Ep 4232 | Return 0.43 | Global 0.4283 | Local 0.1192 | F1_macro 0.7801 | WorstLoss 1.1928
[Tracker Process 0] Ep 4233 | Return 0.32 | Global 0.3159 | Local 0.1192 | F1_macro 0.7912 | WorstLoss 1.4274
[Tracker Process 0] Ep 4234 | Return 0.39 | Global 0.3922 | Local 0.1192 | F1_macro 0.7764 | WorstLoss 1.2683
[Tracker Process 0] Ep 4235 | Return 0.41 | Global 0.4144 | Local 0.1192 | F1_macro 0.7770 | WorstLoss 1.2219
[Tracker Process 0] Ep 4236 | Return 0.40 | Global 0.3994 | Local 0.1192 | F1_macro 0.7586 | WorstLoss 1.2533
[Tracker Process 0] Ep 4237 | Return 0.41 | Global 0.4143 | Local 0.1192 | F1_macro 0.7997 | WorstLoss 1.2220
[Tracker Process 0] Ep 4238 | Return 0.41 | Global 0.4117 | Local 0.1192 | F1_macro 0.7846 | WorstLoss 1.2276
[Tracker Process 0] Ep 4239 | Return 0.29 | Global 0.2922 | Local 0.1192 | F1_macro 0.7751 | WorstLoss 1.4769
[Tracker Process 0] Ep 4240 | Return 0.49 | Global 0.4865 | Local 0.1192 | F1_macro 0.7832 | WorstLoss 1.0714
[Tracker Process 0] Ep 4241 | Return 0.46 | Global 0.4589 | Local 0.1192 | F1_macro 0.7915 | WorstLoss 1.1290
[Tracker Process 0] Ep 4242 | Return 0.47 | Global 0.4729 | Local 0.1192 | F1_macro 0.7869 | WorstLoss 1.0999
[Tracker Process 0] Ep 4243 | Return 0.20 | Global 0.2013 | Local 0.1192 | F1_macro 0.7269 | WorstLoss 1.6666
[Tracker Process 0] Ep 4244 | Return 0.52 | Global 0.5226 | Local 0.1192 | F1_macro 0.7846 | WorstLoss 0.9960
[Tracker Process 0] Ep 4245 | Return 0.31 | Global 0.3074 | Local 0.1192 | F1_macro 0.7761 | WorstLoss 1.4452
[Tracker Process 0] Ep 4246 | Return 0.39 | Global 0.3888 | Local 0.1192 | F1_macro 0.7978 | WorstLoss 1.2753
[Tracker Process 0] Ep 4247 | Return 0.34 | Global 0.3439 | Local 0.1192 | F1_macro 0.7544 | WorstLoss 1.3690
[Tracker Process 0] Ep 4248 | Return 0.42 | Global 0.4242 | Local 0.1192 | F1_macro 0.8099 | WorstLoss 1.2014
[Tracker Process 0] Ep 4249 | Return 0.44 | Global 0.4358 | Local 0.1192 | F1_macro 0.7853 | WorstLoss 1.1771
[Tracker Process 0] Ep 4250 | Return 0.41 | Global 0.4133 | Local 0.1192 | F1_macro 0.7538 | WorstLoss 1.2242
[Tracker Process 0] Ep 4251 | Return 0.47 | Global 0.4675 | Local 0.1192 | F1_macro 0.7874 | WorstLoss 1.1110
[Tracker Process 0] Ep 4252 | Return 0.45 | Global 0.4529 | Local 0.1192 | F1_macro 0.7791 | WorstLoss 1.1414
[Tracker Process 0] Ep 4253 | Return 0.43 | Global 0.4273 | Local 0.1192 | F1_macro 0.7704 | WorstLoss 1.1950
[Tracker Process 0] Ep 4254 | Return 0.46 | Global 0.4574 | Local 0.1192 | F1_macro 0.7578 | WorstLoss 1.1320
[Tracker Process 0] Ep 4255 | Return 0.31 | Global 0.3147 | Local 0.1192 | F1_macro 0.7912 | WorstLoss 1.4298
[Tracker Process 0] Ep 4256 | Return 0.36 | Global 0.3552 | Local 0.1192 | F1_macro 0.7624 | WorstLoss 1.3453
[Tracker Process 0] Ep 4257 | Return 0.36 | Global 0.3613 | Local 0.1192 | F1_macro 0.7902 | WorstLoss 1.3326
[Tracker Process 0] Ep 4258 | Return 0.32 | Global 0.3178 | Local 0.1192 | F1_macro 0.8095 | WorstLoss 1.4234
[Tracker Process 0] Ep 4259 | Return 0.35 | Global 0.3487 | Local 0.1192 | F1_macro 0.7694 | WorstLoss 1.3589
[Tracker Process 0] Ep 4260 | Return 0.41 | Global 0.4083 | Local 0.1192 | F1_macro 0.7885 | WorstLoss 1.2345
[Tracker Process 0] Ep 4261 | Return 0.39 | Global 0.3941 | Local 0.1192 | F1_macro 0.7788 | WorstLoss 1.2642
[Tracker Process 0] Ep 4262 | Return 0.19 | Global 0.1897 | Local 0.1192 | F1_macro 0.7248 | WorstLoss 1.6908
[Tracker Process 0] Ep 4263 | Return 0.38 | Global 0.3782 | Local 0.1192 | F1_macro 0.7456 | WorstLoss 1.2973
[Tracker Process 0] Ep 4264 | Return 0.39 | Global 0.3883 | Local 0.1192 | F1_macro 0.7927 | WorstLoss 1.2762
[Tracker Process 0] Ep 4265 | Return 0.47 | Global 0.4677 | Local 0.1192 | F1_macro 0.7905 | WorstLoss 1.1107
[Tracker Process 0] Ep 4266 | Return 0.36 | Global 0.3638 | Local 0.1192 | F1_macro 0.7977 | WorstLoss 1.3274
[Tracker Process 0] Ep 4267 | Return 0.41 | Global 0.4116 | Local 0.1192 | F1_macro 0.7727 | WorstLoss 1.2278
[Tracker Process 0] Ep 4268 | Return 0.29 | Global 0.2868 | Local 0.1192 | F1_macro 0.7766 | WorstLoss 1.4881
[Tracker Process 0] Ep 4269 | Return 0.39 | Global 0.3941 | Local 0.1192 | F1_macro 0.7963 | WorstLoss 1.2642
[Tracker Process 0] Ep 4270 | Return 0.47 | Global 0.4746 | Local 0.1192 | F1_macro 0.7673 | WorstLoss 1.0963
[Tracker Process 0] Ep 4271 | Return 0.41 | Global 0.4058 | Local 0.1192 | F1_macro 0.8122 | WorstLoss 1.2398
[Tracker Process 0] Ep 4272 | Return 0.35 | Global 0.3523 | Local 0.1192 | F1_macro 0.8049 | WorstLoss 1.3514
[Tracker Process 0] Ep 4273 | Return 0.35 | Global 0.3511 | Local 0.1192 | F1_macro 0.7520 | WorstLoss 1.3539
[Tracker Process 0] Ep 4274 | Return 0.45 | Global 0.4466 | Local 0.1192 | F1_macro 0.7915 | WorstLoss 1.1546
[Tracker Process 0] Ep 4275 | Return 0.44 | Global 0.4432 | Local 0.1192 | F1_macro 0.7876 | WorstLoss 1.1617
[Tracker Process 0] Ep 4276 | Return 0.35 | Global 0.3523 | Local 0.1192 | F1_macro 0.7564 | WorstLoss 1.3514
[Tracker Process 0] Ep 4277 | Return 0.54 | Global 0.5399 | Local 0.1192 | F1_macro 0.7865 | WorstLoss 0.9601
[Tracker Process 0] Ep 4278 | Return 0.45 | Global 0.4461 | Local 0.1192 | F1_macro 0.7611 | WorstLoss 1.1558
[Tracker Process 0] Ep 4279 | Return 0.34 | Global 0.3417 | Local 0.1192 | F1_macro 0.7693 | WorstLoss 1.3735
[Tracker Process 0] Ep 4280 | Return 0.45 | Global 0.4548 | Local 0.1192 | F1_macro 0.8075 | WorstLoss 1.1377
[Tracker Process 0] Ep 4281 | Return 0.27 | Global 0.2738 | Local 0.1192 | F1_macro 0.7619 | WorstLoss 1.5152
[Tracker Process 0] Ep 4282 | Return 0.37 | Global 0.3705 | Local 0.1192 | F1_macro 0.8120 | WorstLoss 1.3135
[Tracker Process 0] Ep 4283 | Return 0.44 | Global 0.4390 | Local 0.1192 | F1_macro 0.7982 | WorstLoss 1.1705
[Tracker Process 0] Ep 4284 | Return 0.37 | Global 0.3694 | Local 0.1192 | F1_macro 0.7694 | WorstLoss 1.3158
[Tracker Process 0] Ep 4285 | Return 0.37 | Global 0.3667 | Local 0.1192 | F1_macro 0.7498 | WorstLoss 1.3213
[Tracker Process 0] Ep 4286 | Return 0.34 | Global 0.3397 | Local 0.1192 | F1_macro 0.8145 | WorstLoss 1.3777
[Tracker Process 0] Ep 4287 | Return 0.36 | Global 0.3616 | Local 0.1192 | F1_macro 0.7861 | WorstLoss 1.3321
[Tracker Process 0] Ep 4288 | Return 0.44 | Global 0.4448 | Local 0.1192 | F1_macro 0.7758 | WorstLoss 1.1585
[Tracker Process 0] Ep 4289 | Return 0.40 | Global 0.4045 | Local 0.1192 | F1_macro 0.7895 | WorstLoss 1.2425
[Tracker Process 0] Ep 4290 | Return 0.34 | Global 0.3416 | Local 0.1192 | F1_macro 0.7892 | WorstLoss 1.3738
[Tracker Process 0] Ep 4291 | Return 0.49 | Global 0.4886 | Local 0.1192 | F1_macro 0.7617 | WorstLoss 1.0670
[Tracker Process 0] Ep 4292 | Return 0.37 | Global 0.3693 | Local 0.1192 | F1_macro 0.7642 | WorstLoss 1.3160
[Tracker Process 0] Ep 4293 | Return 0.38 | Global 0.3808 | Local 0.1192 | F1_macro 0.7861 | WorstLoss 1.2919
[Tracker Process 0] Ep 4294 | Return 0.45 | Global 0.4461 | Local 0.1192 | F1_macro 0.8092 | WorstLoss 1.1556
[Tracker Process 0] Ep 4295 | Return 0.36 | Global 0.3627 | Local 0.1192 | F1_macro 0.7409 | WorstLoss 1.3297
[Tracker Process 0] Ep 4296 | Return 0.49 | Global 0.4863 | Local 0.1192 | F1_macro 0.7915 | WorstLoss 1.0718
[Tracker Process 0] Ep 4297 | Return 0.31 | Global 0.3083 | Local 0.1192 | F1_macro 0.8008 | WorstLoss 1.4432
[Tracker Process 0] Ep 4298 | Return 0.41 | Global 0.4085 | Local 0.1192 | F1_macro 0.7705 | WorstLoss 1.2343
[Tracker Process 0] Ep 4299 | Return 0.47 | Global 0.4744 | Local 0.1192 | F1_macro 0.7832 | WorstLoss 1.0967
[Tracker Process 0] Ep 4300 | Return 0.35 | Global 0.3532 | Local 0.1192 | F1_macro 0.7670 | WorstLoss 1.3496
[Tracker Process 0] Ep 4301 | Return 0.29 | Global 0.2918 | Local 0.1192 | F1_macro 0.7477 | WorstLoss 1.4777
[Tracker Process 0] Ep 4302 | Return 0.46 | Global 0.4644 | Local 0.1192 | F1_macro 0.7751 | WorstLoss 1.1176
[Tracker Process 0] Ep 4303 | Return 0.41 | Global 0.4062 | Local 0.1192 | F1_macro 0.8017 | WorstLoss 1.2390
[Tracker Process 0] Ep 4304 | Return 0.42 | Global 0.4199 | Local 0.1192 | F1_macro 0.8001 | WorstLoss 1.2104
[Tracker Process 0] Ep 4305 | Return 0.27 | Global 0.2721 | Local 0.1192 | F1_macro 0.7877 | WorstLoss 1.5189
[Tracker Process 0] Ep 4306 | Return 0.31 | Global 0.3102 | Local 0.1192 | F1_macro 0.7740 | WorstLoss 1.4392
[Tracker Process 0] Ep 4307 | Return 0.40 | Global 0.4044 | Local 0.1192 | F1_macro 0.7899 | WorstLoss 1.2428
[Tracker Process 0] Ep 4308 | Return 0.27 | Global 0.2654 | Local 0.1192 | F1_macro 0.7793 | WorstLoss 1.5327
[Tracker Process 0] Ep 4309 | Return 0.37 | Global 0.3695 | Local 0.1192 | F1_macro 0.7422 | WorstLoss 1.3156
[Tracker Process 0] Ep 4310 | Return 0.42 | Global 0.4226 | Local 0.1192 | F1_macro 0.8102 | WorstLoss 1.2047
[Tracker Process 0] Ep 4311 | Return 0.38 | Global 0.3817 | Local 0.1192 | F1_macro 0.7869 | WorstLoss 1.2900
[Tracker Process 0] Ep 4312 | Return 0.48 | Global 0.4824 | Local 0.1192 | F1_macro 0.7779 | WorstLoss 1.0800
[Tracker Process 0] Ep 4313 | Return 0.26 | Global 0.2608 | Local 0.1192 | F1_macro 0.7535 | WorstLoss 1.5423
[Tracker Process 0] Ep 4314 | Return 0.34 | Global 0.3370 | Local 0.1192 | F1_macro 0.7817 | WorstLoss 1.3834
[Tracker Process 0] Ep 4315 | Return 0.57 | Global 0.5677 | Local 0.1192 | F1_macro 0.7987 | WorstLoss 0.9019
[Tracker Process 0] Ep 4316 | Return 0.43 | Global 0.4279 | Local 0.1192 | F1_macro 0.8075 | WorstLoss 1.1937
[Tracker Process 0] Ep 4317 | Return 0.40 | Global 0.3979 | Local 0.1192 | F1_macro 0.7662 | WorstLoss 1.2562
[Tracker Process 0] Ep 4318 | Return 0.59 | Global 0.5921 | Local 0.1192 | F1_macro 0.7756 | WorstLoss 0.8511
[Tracker Process 0] Ep 4319 | Return 0.38 | Global 0.3840 | Local 0.1192 | F1_macro 0.7194 | WorstLoss 1.2854
[Tracker Process 0] Ep 4320 | Return 0.23 | Global 0.2292 | Local 0.1192 | F1_macro 0.7791 | WorstLoss 1.6083
[Tracker Process 0] Ep 4321 | Return 0.47 | Global 0.4652 | Local 0.1192 | F1_macro 0.7598 | WorstLoss 1.1158
[Tracker Process 0] Ep 4322 | Return 0.48 | Global 0.4811 | Local 0.1192 | F1_macro 0.7714 | WorstLoss 1.0827
[Tracker Process 0] Ep 4323 | Return 0.30 | Global 0.3045 | Local 0.1192 | F1_macro 0.7672 | WorstLoss 1.4512
[Tracker Process 0] Ep 4324 | Return 0.47 | Global 0.4742 | Local 0.1192 | F1_macro 0.7705 | WorstLoss 1.0971
[Tracker Process 0] Ep 4325 | Return 0.54 | Global 0.5353 | Local 0.1192 | F1_macro 0.8085 | WorstLoss 0.9697
[Tracker Process 0] Ep 4326 | Return 0.37 | Global 0.3697 | Local 0.1192 | F1_macro 0.7810 | WorstLoss 1.3152
[Tracker Process 0] Ep 4327 | Return 0.42 | Global 0.4243 | Local 0.1192 | F1_macro 0.7815 | WorstLoss 1.2012
[Tracker Process 0] Ep 4328 | Return 0.57 | Global 0.5689 | Local 0.1192 | F1_macro 0.7891 | WorstLoss 0.8995
[Tracker Process 0] Ep 4329 | Return 0.56 | Global 0.5604 | Local 0.1192 | F1_macro 0.7666 | WorstLoss 0.9173
[Tracker Process 0] Ep 4330 | Return 0.48 | Global 0.4833 | Local 0.1192 | F1_macro 0.7767 | WorstLoss 1.0782
[Tracker Process 0] Ep 4331 | Return 0.31 | Global 0.3060 | Local 0.1192 | F1_macro 0.8122 | WorstLoss 1.4480
[Tracker Process 0] Ep 4332 | Return 0.35 | Global 0.3462 | Local 0.1192 | F1_macro 0.7544 | WorstLoss 1.3641
[Tracker Process 0] Ep 4333 | Return 0.36 | Global 0.3615 | Local 0.1192 | F1_macro 0.7256 | WorstLoss 1.3323
[Tracker Process 0] Ep 4334 | Return 0.47 | Global 0.4739 | Local 0.1192 | F1_macro 0.7591 | WorstLoss 1.0977
[Tracker Process 0] Ep 4335 | Return 0.36 | Global 0.3559 | Local 0.1192 | F1_macro 0.7853 | WorstLoss 1.3439
[Tracker Process 0] Ep 4336 | Return 0.44 | Global 0.4362 | Local 0.1192 | F1_macro 0.7978 | WorstLoss 1.1764
[Tracker Process 0] Ep 4337 | Return 0.25 | Global 0.2454 | Local 0.1192 | F1_macro 0.7359 | WorstLoss 1.5745
[Tracker Process 0] Ep 4338 | Return 0.41 | Global 0.4108 | Local 0.1192 | F1_macro 0.7637 | WorstLoss 1.2294
[Tracker Process 0] Ep 4339 | Return 0.34 | Global 0.3367 | Local 0.1192 | F1_macro 0.7682 | WorstLoss 1.3841
[Tracker Process 0] Ep 4340 | Return 0.41 | Global 0.4094 | Local 0.1192 | F1_macro 0.7933 | WorstLoss 1.2323
[Tracker Process 0] Ep 4341 | Return 0.36 | Global 0.3610 | Local 0.1192 | F1_macro 0.7277 | WorstLoss 1.3333
[Tracker Process 0] Ep 4342 | Return 0.35 | Global 0.3530 | Local 0.1192 | F1_macro 0.7869 | WorstLoss 1.3500
[Tracker Process 0] Ep 4343 | Return 0.40 | Global 0.4026 | Local 0.1192 | F1_macro 0.7915 | WorstLoss 1.2464
[Tracker Process 0] Ep 4344 | Return 0.38 | Global 0.3817 | Local 0.1192 | F1_macro 0.7957 | WorstLoss 1.2901
[Tracker Process 0] Ep 4345 | Return 0.21 | Global 0.2083 | Local 0.1192 | F1_macro 0.7293 | WorstLoss 1.6518
[Tracker Process 0] Ep 4346 | Return 0.65 | Global 0.6525 | Local 0.1192 | F1_macro 0.7772 | WorstLoss 0.7250
[Tracker Process 0] Ep 4347 | Return 0.36 | Global 0.3590 | Local 0.1192 | F1_macro 0.7523 | WorstLoss 1.3375
[Tracker Process 0] Ep 4348 | Return 0.38 | Global 0.3820 | Local 0.1192 | F1_macro 0.7982 | WorstLoss 1.2894
[Tracker Process 0] Ep 4349 | Return 0.38 | Global 0.3835 | Local 0.1192 | F1_macro 0.7208 | WorstLoss 1.2863
[Tracker Process 0] Ep 4350 | Return 0.39 | Global 0.3948 | Local 0.1192 | F1_macro 0.7587 | WorstLoss 1.2628
[Tracker Process 0] Saved snapshot: ep4350_phase1_class1
[Tracker Process 0] Ep 4351 | Return 0.38 | Global 0.3782 | Local 0.1192 | F1_macro 0.7551 | WorstLoss 1.2973
[Tracker Process 0] Ep 4352 | Return 0.34 | Global 0.3411 | Local 0.1192 | F1_macro 0.7415 | WorstLoss 1.3749
[Tracker Process 0] Ep 4353 | Return 0.46 | Global 0.4644 | Local 0.1192 | F1_macro 0.7746 | WorstLoss 1.1175
[Tracker Process 0] Ep 4354 | Return 0.44 | Global 0.4422 | Local 0.1192 | F1_macro 0.7927 | WorstLoss 1.1639
[Tracker Process 0] Ep 4355 | Return 0.41 | Global 0.4103 | Local 0.1192 | F1_macro 0.7716 | WorstLoss 1.2303
[Tracker Process 0] Ep 4356 | Return 0.34 | Global 0.3406 | Local 0.1192 | F1_macro 0.7815 | WorstLoss 1.3759
[Tracker Process 0] Ep 4357 | Return 0.37 | Global 0.3661 | Local 0.1192 | F1_macro 0.7797 | WorstLoss 1.3226
[Tracker Process 0] Ep 4358 | Return 0.37 | Global 0.3671 | Local 0.1192 | F1_macro 0.7793 | WorstLoss 1.3206
[Tracker Process 0] Ep 4359 | Return 0.29 | Global 0.2946 | Local 0.1192 | F1_macro 0.7435 | WorstLoss 1.4718
[Tracker Process 0] Ep 4360 | Return 0.50 | Global 0.4959 | Local 0.1192 | F1_macro 0.7745 | WorstLoss 1.0518
[Tracker Process 0] Ep 4361 | Return 0.44 | Global 0.4423 | Local 0.1192 | F1_macro 0.7478 | WorstLoss 1.1636
[Tracker Process 0] Ep 4362 | Return 0.13 | Global 0.1316 | Local 0.1192 | F1_macro 0.7579 | WorstLoss 1.8120
[Tracker Process 0] Ep 4363 | Return 0.31 | Global 0.3058 | Local 0.1192 | F1_macro 0.7843 | WorstLoss 1.4484
[Tracker Process 0] Ep 4364 | Return 0.41 | Global 0.4083 | Local 0.1192 | F1_macro 0.7876 | WorstLoss 1.2347
[Tracker Process 0] Ep 4365 | Return 0.52 | Global 0.5175 | Local 0.1192 | F1_macro 0.7895 | WorstLoss 1.0068
[Tracker Process 0] Ep 4366 | Return 0.33 | Global 0.3286 | Local 0.1192 | F1_macro 0.7761 | WorstLoss 1.4008
[Tracker Process 0] Ep 4367 | Return 0.55 | Global 0.5507 | Local 0.1192 | F1_macro 0.7770 | WorstLoss 0.9374
[Tracker Process 0] Ep 4368 | Return 0.35 | Global 0.3532 | Local 0.1192 | F1_macro 0.7838 | WorstLoss 1.3496
[Tracker Process 0] Ep 4369 | Return 0.51 | Global 0.5149 | Local 0.1192 | F1_macro 0.7861 | WorstLoss 1.0123
[Tracker Process 0] Ep 4370 | Return 0.27 | Global 0.2657 | Local 0.1192 | F1_macro 0.7595 | WorstLoss 1.5321
[Tracker Process 0] Ep 4371 | Return 0.47 | Global 0.4712 | Local 0.1192 | F1_macro 0.8010 | WorstLoss 1.1032
[Tracker Process 0] Ep 4372 | Return 0.37 | Global 0.3716 | Local 0.1192 | F1_macro 0.7761 | WorstLoss 1.3112
[Tracker Process 0] Ep 4373 | Return 0.48 | Global 0.4771 | Local 0.1192 | F1_macro 0.8006 | WorstLoss 1.0909
[Tracker Process 0] Ep 4374 | Return 0.51 | Global 0.5104 | Local 0.1192 | F1_macro 0.8017 | WorstLoss 1.0216
[Tracker Process 0] Ep 4375 | Return 0.34 | Global 0.3447 | Local 0.1192 | F1_macro 0.7551 | WorstLoss 1.3672
[Tracker Process 0] Ep 4376 | Return 0.48 | Global 0.4778 | Local 0.1192 | F1_macro 0.7937 | WorstLoss 1.0895
[Tracker Process 0] Ep 4377 | Return 0.37 | Global 0.3716 | Local 0.1192 | F1_macro 0.8073 | WorstLoss 1.3113
[Tracker Process 0] Ep 4378 | Return 0.56 | Global 0.5605 | Local 0.1192 | F1_macro 0.8075 | WorstLoss 0.9171
[Tracker Process 0] Ep 4379 | Return 0.21 | Global 0.2069 | Local 0.1192 | F1_macro 0.7425 | WorstLoss 1.6548
[Tracker Process 0] Ep 4380 | Return 0.38 | Global 0.3814 | Local 0.1192 | F1_macro 0.7716 | WorstLoss 1.2906
[Tracker Process 0] Ep 4381 | Return 0.39 | Global 0.3926 | Local 0.1192 | F1_macro 0.7956 | WorstLoss 1.2674
[Tracker Process 0] Ep 4382 | Return 0.45 | Global 0.4502 | Local 0.1192 | F1_macro 0.7983 | WorstLoss 1.1472
[Tracker Process 0] Ep 4383 | Return 0.54 | Global 0.5403 | Local 0.1192 | F1_macro 0.7927 | WorstLoss 0.9592
[Tracker Process 0] Ep 4384 | Return 0.41 | Global 0.4057 | Local 0.1192 | F1_macro 0.7640 | WorstLoss 1.2400
[Tracker Process 0] Ep 4385 | Return 0.47 | Global 0.4684 | Local 0.1192 | F1_macro 0.8029 | WorstLoss 1.1092
[Tracker Process 0] Ep 4386 | Return 0.44 | Global 0.4353 | Local 0.1192 | F1_macro 0.7801 | WorstLoss 1.1783
[Tracker Process 0] Ep 4387 | Return 0.40 | Global 0.3992 | Local 0.1192 | F1_macro 0.7664 | WorstLoss 1.2537
[Tracker Process 0] Ep 4388 | Return 0.47 | Global 0.4721 | Local 0.1192 | F1_macro 0.7810 | WorstLoss 1.1016
[Tracker Process 0] Ep 4389 | Return 0.47 | Global 0.4652 | Local 0.1192 | F1_macro 0.7892 | WorstLoss 1.1158
[Tracker Process 0] Ep 4390 | Return 0.41 | Global 0.4102 | Local 0.1192 | F1_macro 0.8017 | WorstLoss 1.2307
[Tracker Process 0] Ep 4391 | Return 0.46 | Global 0.4567 | Local 0.1192 | F1_macro 0.7922 | WorstLoss 1.1335
[Tracker Process 0] Ep 4392 | Return 0.51 | Global 0.5081 | Local 0.1192 | F1_macro 0.7636 | WorstLoss 1.0263
[Tracker Process 0] Ep 4393 | Return 0.31 | Global 0.3109 | Local 0.1192 | F1_macro 0.8252 | WorstLoss 1.4378
[Tracker Process 0] Ep 4394 | Return 0.49 | Global 0.4936 | Local 0.1192 | F1_macro 0.8052 | WorstLoss 1.0567
[Tracker Process 0] Ep 4395 | Return 0.38 | Global 0.3754 | Local 0.1192 | F1_macro 0.8049 | WorstLoss 1.3033
[Tracker Process 0] Ep 4396 | Return 0.27 | Global 0.2668 | Local 0.1192 | F1_macro 0.7403 | WorstLoss 1.5298
[Tracker Process 0] Ep 4397 | Return 0.34 | Global 0.3398 | Local 0.1192 | F1_macro 0.7526 | WorstLoss 1.3776
[Tracker Process 0] Ep 4398 | Return 0.47 | Global 0.4696 | Local 0.1192 | F1_macro 0.7483 | WorstLoss 1.1066
[Tracker Process 0] Ep 4399 | Return 0.50 | Global 0.5032 | Local 0.1192 | F1_macro 0.7970 | WorstLoss 1.0366
[Tracker Process 0] Ep 4400 | Return 0.34 | Global 0.3417 | Local 0.1192 | F1_macro 0.7695 | WorstLoss 1.3735
[Tracker Process 0] Ep 4401 | Return 0.31 | Global 0.3092 | Local 0.1192 | F1_macro 0.7667 | WorstLoss 1.4414
[Tracker Process 0] Ep 4402 | Return 0.36 | Global 0.3646 | Local 0.1192 | F1_macro 0.7766 | WorstLoss 1.3258
[Tracker Process 0] Ep 4403 | Return 0.54 | Global 0.5447 | Local 0.1192 | F1_macro 0.7804 | WorstLoss 0.9500
[Tracker Process 0] Ep 4404 | Return 0.33 | Global 0.3319 | Local 0.1192 | F1_macro 0.7670 | WorstLoss 1.3939
[Tracker Process 0] Ep 4405 | Return 0.33 | Global 0.3255 | Local 0.1192 | F1_macro 0.8171 | WorstLoss 1.4073
[Tracker Process 0] Ep 4406 | Return 0.35 | Global 0.3466 | Local 0.1192 | F1_macro 0.7977 | WorstLoss 1.3633
[Tracker Process 0] Ep 4407 | Return 0.34 | Global 0.3401 | Local 0.1192 | F1_macro 0.7593 | WorstLoss 1.3769
[Tracker Process 0] Ep 4408 | Return 0.42 | Global 0.4185 | Local 0.1192 | F1_macro 0.7557 | WorstLoss 1.2134
[Tracker Process 0] Ep 4409 | Return 0.48 | Global 0.4829 | Local 0.1192 | F1_macro 0.7751 | WorstLoss 1.0790
[Tracker Process 0] Ep 4410 | Return 0.51 | Global 0.5109 | Local 0.1192 | F1_macro 0.7791 | WorstLoss 1.0205
[Tracker Process 0] Ep 4411 | Return 0.45 | Global 0.4509 | Local 0.1192 | F1_macro 0.7845 | WorstLoss 1.1456
[Tracker Process 0] Ep 4412 | Return 0.41 | Global 0.4129 | Local 0.1192 | F1_macro 0.7797 | WorstLoss 1.2251
[Tracker Process 0] Ep 4413 | Return 0.42 | Global 0.4211 | Local 0.1192 | F1_macro 0.7717 | WorstLoss 1.2078
[Tracker Process 0] Ep 4414 | Return 0.44 | Global 0.4352 | Local 0.1192 | F1_macro 0.7156 | WorstLoss 1.1785
[Tracker Process 0] Ep 4415 | Return 0.52 | Global 0.5198 | Local 0.1192 | F1_macro 0.7695 | WorstLoss 1.0019
[Tracker Process 0] Ep 4416 | Return 0.48 | Global 0.4804 | Local 0.1192 | F1_macro 0.7861 | WorstLoss 1.0842
[Tracker Process 0] Ep 4417 | Return 0.40 | Global 0.4003 | Local 0.1192 | F1_macro 0.7672 | WorstLoss 1.2513
[Tracker Process 0] Ep 4418 | Return 0.33 | Global 0.3280 | Local 0.1192 | F1_macro 0.7982 | WorstLoss 1.4022
[Tracker Process 0] Ep 4419 | Return 0.23 | Global 0.2265 | Local 0.1192 | F1_macro 0.7234 | WorstLoss 1.6138
[Tracker Process 0] Ep 4420 | Return 0.40 | Global 0.3953 | Local 0.1192 | F1_macro 0.7664 | WorstLoss 1.2617
[Tracker Process 0] Ep 4421 | Return 0.47 | Global 0.4707 | Local 0.1192 | F1_macro 0.7831 | WorstLoss 1.1045
[Tracker Process 0] Ep 4422 | Return 0.24 | Global 0.2409 | Local 0.1192 | F1_macro 0.7821 | WorstLoss 1.5838
[Tracker Process 0] Ep 4423 | Return 0.44 | Global 0.4395 | Local 0.1192 | F1_macro 0.7885 | WorstLoss 1.1695
[Tracker Process 0] Ep 4424 | Return 0.26 | Global 0.2577 | Local 0.1192 | F1_macro 0.7894 | WorstLoss 1.5488
[Tracker Process 0] Ep 4425 | Return 0.43 | Global 0.4288 | Local 0.1192 | F1_macro 0.7628 | WorstLoss 1.1919
[Tracker Process 0] Ep 4426 | Return 0.32 | Global 0.3201 | Local 0.1192 | F1_macro 0.7445 | WorstLoss 1.4186
[Tracker Process 0] Ep 4427 | Return 0.55 | Global 0.5482 | Local 0.1192 | F1_macro 0.7839 | WorstLoss 0.9426
[Tracker Process 0] Ep 4428 | Return 0.49 | Global 0.4891 | Local 0.1192 | F1_macro 0.8102 | WorstLoss 1.0660
[Tracker Process 0] Ep 4429 | Return 0.24 | Global 0.2424 | Local 0.1192 | F1_macro 0.7756 | WorstLoss 1.5807
[Tracker Process 0] Ep 4430 | Return 0.52 | Global 0.5199 | Local 0.1192 | F1_macro 0.7965 | WorstLoss 1.0018
[Tracker Process 0] Ep 4431 | Return 0.51 | Global 0.5109 | Local 0.1192 | F1_macro 0.7825 | WorstLoss 1.0204
[Tracker Process 0] Ep 4432 | Return 0.51 | Global 0.5104 | Local 0.1192 | F1_macro 0.7948 | WorstLoss 1.0216
[Tracker Process 0] Ep 4433 | Return 0.40 | Global 0.4041 | Local 0.1192 | F1_macro 0.7456 | WorstLoss 1.2433
[Tracker Process 0] Ep 4434 | Return 0.29 | Global 0.2883 | Local 0.1192 | F1_macro 0.7766 | WorstLoss 1.4849
[Tracker Process 0] Ep 4435 | Return 0.47 | Global 0.4677 | Local 0.1192 | F1_macro 0.8198 | WorstLoss 1.1107
[Tracker Process 0] Ep 4436 | Return 0.43 | Global 0.4348 | Local 0.1192 | F1_macro 0.7817 | WorstLoss 1.1792
[Tracker Process 0] Ep 4437 | Return 0.44 | Global 0.4400 | Local 0.1192 | F1_macro 0.8099 | WorstLoss 1.1685
[Tracker Process 0] Ep 4438 | Return 0.40 | Global 0.3972 | Local 0.1192 | F1_macro 0.7628 | WorstLoss 1.2577
[Tracker Process 0] Ep 4439 | Return 0.56 | Global 0.5621 | Local 0.1192 | F1_macro 0.8152 | WorstLoss 0.9136
[Tracker Process 0] Ep 4440 | Return 0.47 | Global 0.4682 | Local 0.1192 | F1_macro 0.7472 | WorstLoss 1.1097
[Tracker Process 0] Ep 4441 | Return 0.45 | Global 0.4459 | Local 0.1192 | F1_macro 0.7957 | WorstLoss 1.1561
[Tracker Process 0] Ep 4442 | Return 0.40 | Global 0.3969 | Local 0.1192 | F1_macro 0.7650 | WorstLoss 1.2583
[Tracker Process 0] Ep 4443 | Return 0.48 | Global 0.4790 | Local 0.1192 | F1_macro 0.7859 | WorstLoss 1.0870
[Tracker Process 0] Ep 4444 | Return 0.41 | Global 0.4096 | Local 0.1192 | F1_macro 0.7861 | WorstLoss 1.2318
[Tracker Process 0] Ep 4445 | Return 0.44 | Global 0.4364 | Local 0.1192 | F1_macro 0.7815 | WorstLoss 1.1760
[Tracker Process 0] Ep 4446 | Return 0.14 | Global 0.1381 | Local 0.1192 | F1_macro 0.7382 | WorstLoss 1.7984
[Tracker Process 0] Ep 4447 | Return 0.39 | Global 0.3894 | Local 0.1192 | F1_macro 0.7836 | WorstLoss 1.2740
[Tracker Process 0] Ep 4448 | Return 0.48 | Global 0.4790 | Local 0.1192 | F1_macro 0.7763 | WorstLoss 1.0872
[Tracker Process 0] Ep 4449 | Return 0.56 | Global 0.5581 | Local 0.1192 | F1_macro 0.7779 | WorstLoss 0.9220
[Tracker Process 0] Ep 4450 | Return 0.33 | Global 0.3269 | Local 0.1192 | F1_macro 0.7827 | WorstLoss 1.4045
[Tracker Process 0] Ep 4451 | Return 0.46 | Global 0.4597 | Local 0.1192 | F1_macro 0.7695 | WorstLoss 1.1274
[Tracker Process 0] Ep 4452 | Return 0.50 | Global 0.5003 | Local 0.1192 | F1_macro 0.7716 | WorstLoss 1.0426
[Tracker Process 0] Ep 4453 | Return 0.24 | Global 0.2419 | Local 0.1192 | F1_macro 0.7526 | WorstLoss 1.5818
[Tracker Process 0] Ep 4454 | Return 0.41 | Global 0.4139 | Local 0.1192 | F1_macro 0.7951 | WorstLoss 1.2229
[Tracker Process 0] Ep 4455 | Return 0.35 | Global 0.3507 | Local 0.1192 | F1_macro 0.7460 | WorstLoss 1.3548
[Tracker Process 0] Ep 4456 | Return 0.43 | Global 0.4306 | Local 0.1192 | F1_macro 0.8066 | WorstLoss 1.1880
[Tracker Process 0] Ep 4457 | Return 0.32 | Global 0.3156 | Local 0.1192 | F1_macro 0.7852 | WorstLoss 1.4279
[Tracker Process 0] Ep 4458 | Return 0.41 | Global 0.4126 | Local 0.1192 | F1_macro 0.7514 | WorstLoss 1.2255
[Tracker Process 0] Ep 4459 | Return 0.47 | Global 0.4662 | Local 0.1192 | F1_macro 0.7915 | WorstLoss 1.1138
[Tracker Process 0] Ep 4460 | Return 0.25 | Global 0.2517 | Local 0.1192 | F1_macro 0.7509 | WorstLoss 1.5613
[Tracker Process 0] Ep 4461 | Return 0.50 | Global 0.4952 | Local 0.1192 | F1_macro 0.7869 | WorstLoss 1.0534
[Tracker Process 0] Ep 4462 | Return 0.27 | Global 0.2672 | Local 0.1192 | F1_macro 0.7678 | WorstLoss 1.5290
[Tracker Process 0] Ep 4463 | Return 0.51 | Global 0.5089 | Local 0.1192 | F1_macro 0.7950 | WorstLoss 1.0248
[Tracker Process 0] Ep 4464 | Return 0.43 | Global 0.4321 | Local 0.1192 | F1_macro 0.8199 | WorstLoss 1.1849
[Tracker Process 0] Ep 4465 | Return 0.44 | Global 0.4398 | Local 0.1192 | F1_macro 0.7869 | WorstLoss 1.1688
[Tracker Process 0] Ep 4466 | Return 0.21 | Global 0.2056 | Local 0.1192 | F1_macro 0.7717 | WorstLoss 1.6574
[Tracker Process 0] Ep 4467 | Return 0.44 | Global 0.4425 | Local 0.1192 | F1_macro 0.7894 | WorstLoss 1.1632
[Tracker Process 0] Ep 4468 | Return 0.40 | Global 0.3988 | Local 0.1192 | F1_macro 0.7672 | WorstLoss 1.2544
[Tracker Process 0] Ep 4469 | Return 0.41 | Global 0.4113 | Local 0.1192 | F1_macro 0.7684 | WorstLoss 1.2283
[Tracker Process 0] Ep 4470 | Return 0.47 | Global 0.4749 | Local 0.1192 | F1_macro 0.7889 | WorstLoss 1.0955
[Tracker Process 0] Ep 4471 | Return 0.47 | Global 0.4668 | Local 0.1192 | F1_macro 0.7950 | WorstLoss 1.1125
[Tracker Process 0] Ep 4472 | Return 0.42 | Global 0.4155 | Local 0.1192 | F1_macro 0.7956 | WorstLoss 1.2195
[Tracker Process 0] Ep 4473 | Return 0.44 | Global 0.4434 | Local 0.1192 | F1_macro 0.7885 | WorstLoss 1.1613
[Tracker Process 0] Ep 4474 | Return 0.43 | Global 0.4292 | Local 0.1192 | F1_macro 0.7672 | WorstLoss 1.1910
[Tracker Process 0] Ep 4475 | Return 0.41 | Global 0.4111 | Local 0.1192 | F1_macro 0.7637 | WorstLoss 1.2288
[Tracker Process 0] Ep 4476 | Return 0.51 | Global 0.5087 | Local 0.1192 | F1_macro 0.7623 | WorstLoss 1.0250
[Tracker Process 0] Ep 4477 | Return 0.42 | Global 0.4158 | Local 0.1192 | F1_macro 0.7894 | WorstLoss 1.2189
[Tracker Process 0] Ep 4478 | Return 0.51 | Global 0.5050 | Local 0.1192 | F1_macro 0.7564 | WorstLoss 1.0327
[Tracker Process 0] Ep 4479 | Return 0.46 | Global 0.4573 | Local 0.1192 | F1_macro 0.8045 | WorstLoss 1.1323
[Tracker Process 0] Ep 4480 | Return 0.31 | Global 0.3083 | Local 0.1192 | F1_macro 0.7656 | WorstLoss 1.4431
[Tracker Process 0] Ep 4481 | Return 0.37 | Global 0.3743 | Local 0.1192 | F1_macro 0.8092 | WorstLoss 1.3055
[Tracker Process 0] Ep 4482 | Return 0.41 | Global 0.4089 | Local 0.1192 | F1_macro 0.7557 | WorstLoss 1.2333
[Tracker Process 0] Ep 4483 | Return 0.43 | Global 0.4251 | Local 0.1192 | F1_macro 0.7585 | WorstLoss 1.1994
[Tracker Process 0] Ep 4484 | Return 0.45 | Global 0.4518 | Local 0.1192 | F1_macro 0.7498 | WorstLoss 1.1439
[Tracker Process 0] Ep 4485 | Return 0.52 | Global 0.5163 | Local 0.1192 | F1_macro 0.7799 | WorstLoss 1.0092
[Tracker Process 0] Ep 4486 | Return 0.59 | Global 0.5896 | Local 0.1192 | F1_macro 0.8017 | WorstLoss 0.8564
[Tracker Process 0] Ep 4487 | Return 0.47 | Global 0.4698 | Local 0.1192 | F1_macro 0.7727 | WorstLoss 1.1063
[Tracker Process 0] Ep 4488 | Return 0.33 | Global 0.3295 | Local 0.1192 | F1_macro 0.7852 | WorstLoss 1.3990
[Tracker Process 0] Ep 4489 | Return 0.50 | Global 0.4973 | Local 0.1192 | F1_macro 0.7831 | WorstLoss 1.0489
[Tracker Process 0] Ep 4490 | Return 0.46 | Global 0.4584 | Local 0.1192 | F1_macro 0.7831 | WorstLoss 1.1301
[Tracker Process 0] Ep 4491 | Return 0.38 | Global 0.3835 | Local 0.1192 | F1_macro 0.7919 | WorstLoss 1.2864
[Tracker Process 0] Ep 4492 | Return 0.42 | Global 0.4220 | Local 0.1192 | F1_macro 0.7571 | WorstLoss 1.2060
[Tracker Process 0] Ep 4493 | Return 0.54 | Global 0.5370 | Local 0.1192 | F1_macro 0.8052 | WorstLoss 0.9661
[Tracker Process 0] Ep 4494 | Return 0.57 | Global 0.5662 | Local 0.1192 | F1_macro 0.7767 | WorstLoss 0.9051
[Tracker Process 0] Ep 4495 | Return 0.51 | Global 0.5061 | Local 0.1192 | F1_macro 0.7819 | WorstLoss 1.0305
[Tracker Process 0] Ep 4496 | Return 0.41 | Global 0.4127 | Local 0.1192 | F1_macro 0.8049 | WorstLoss 1.2254
[Tracker Process 0] Ep 4497 | Return 0.53 | Global 0.5281 | Local 0.1192 | F1_macro 0.7643 | WorstLoss 0.9847
[Tracker Process 0] Ep 4498 | Return 0.34 | Global 0.3440 | Local 0.1192 | F1_macro 0.7642 | WorstLoss 1.3687
[Tracker Process 0] Ep 4499 | Return 0.31 | Global 0.3062 | Local 0.1192 | F1_macro 0.7503 | WorstLoss 1.4475
[Tracker Process 0] Ep 4500 | Return 0.55 | Global 0.5468 | Local 0.1192 | F1_macro 0.7853 | WorstLoss 0.9455
[Tracker Process 0] Saved snapshot: ep4500_phase1_class1
[Tracker Process 0] Ep 4501 | Return 0.48 | Global 0.4821 | Local 0.1192 | F1_macro 0.7705 | WorstLoss 1.0806
[Tracker Process 0] Ep 4502 | Return 0.46 | Global 0.4648 | Local 0.1192 | F1_macro 0.7761 | WorstLoss 1.1166
[Tracker Process 0] Ep 4503 | Return 0.34 | Global 0.3406 | Local 0.1192 | F1_macro 0.7659 | WorstLoss 1.3759
[Tracker Process 0] Ep 4504 | Return 0.51 | Global 0.5107 | Local 0.1192 | F1_macro 0.7714 | WorstLoss 1.0209
[Tracker Process 0] Ep 4505 | Return 0.42 | Global 0.4224 | Local 0.1192 | F1_macro 0.7988 | WorstLoss 1.2051
[Tracker Process 0] Ep 4506 | Return 0.35 | Global 0.3457 | Local 0.1192 | F1_macro 0.8147 | WorstLoss 1.3653
[Tracker Process 0] Ep 4507 | Return 0.30 | Global 0.3020 | Local 0.1192 | F1_macro 0.7877 | WorstLoss 1.4565
[Tracker Process 0] Ep 4508 | Return 0.48 | Global 0.4827 | Local 0.1192 | F1_macro 0.7861 | WorstLoss 1.0794
[Tracker Process 0] Ep 4509 | Return 0.41 | Global 0.4082 | Local 0.1192 | F1_macro 0.7992 | WorstLoss 1.2348
[Tracker Process 0] Ep 4510 | Return 0.49 | Global 0.4871 | Local 0.1192 | F1_macro 0.7793 | WorstLoss 1.0702
[Tracker Process 0] Ep 4511 | Return 0.48 | Global 0.4772 | Local 0.1192 | F1_macro 0.7945 | WorstLoss 1.0909
[Tracker Process 0] Ep 4512 | Return 0.48 | Global 0.4807 | Local 0.1192 | F1_macro 0.7576 | WorstLoss 1.0836
[Tracker Process 0] Ep 4513 | Return 0.49 | Global 0.4899 | Local 0.1192 | F1_macro 0.8021 | WorstLoss 1.0642
[Tracker Process 0] Ep 4514 | Return 0.42 | Global 0.4178 | Local 0.1192 | F1_macro 0.7705 | WorstLoss 1.2148
[Tracker Process 0] Ep 4515 | Return 0.43 | Global 0.4322 | Local 0.1192 | F1_macro 0.7464 | WorstLoss 1.1847
[Tracker Process 0] Ep 4516 | Return 0.39 | Global 0.3891 | Local 0.1192 | F1_macro 0.7912 | WorstLoss 1.2747
[Tracker Process 0] Ep 4517 | Return 0.30 | Global 0.3007 | Local 0.1192 | F1_macro 0.7313 | WorstLoss 1.4590
[Tracker Process 0] Ep 4518 | Return 0.47 | Global 0.4698 | Local 0.1192 | F1_macro 0.7763 | WorstLoss 1.1063
[Tracker Process 0] Ep 4519 | Return 0.60 | Global 0.5981 | Local 0.1192 | F1_macro 0.7541 | WorstLoss 0.8386
[Tracker Process 0] Ep 4520 | Return 0.57 | Global 0.5660 | Local 0.1192 | F1_macro 0.7987 | WorstLoss 0.9056
[Tracker Process 0] Ep 4521 | Return 0.45 | Global 0.4488 | Local 0.1192 | F1_macro 0.7861 | WorstLoss 1.1500
[Tracker Process 0] Ep 4522 | Return 0.50 | Global 0.4959 | Local 0.1192 | F1_macro 0.7538 | WorstLoss 1.0518
[Tracker Process 0] Ep 4523 | Return 0.40 | Global 0.3964 | Local 0.1192 | F1_macro 0.7974 | WorstLoss 1.2594
[Tracker Process 0] Ep 4524 | Return 0.51 | Global 0.5082 | Local 0.1192 | F1_macro 0.7737 | WorstLoss 1.0262
[Tracker Process 0] Ep 4525 | Return 0.37 | Global 0.3710 | Local 0.1192 | F1_macro 0.7523 | WorstLoss 1.3124
[Tracker Process 0] Ep 4526 | Return 0.31 | Global 0.3133 | Local 0.1192 | F1_macro 0.7753 | WorstLoss 1.4327
[Tracker Process 0] Ep 4527 | Return 0.40 | Global 0.3960 | Local 0.1192 | F1_macro 0.7836 | WorstLoss 1.2604
[Tracker Process 0] Ep 4528 | Return 0.47 | Global 0.4722 | Local 0.1192 | F1_macro 0.7695 | WorstLoss 1.1013
[Tracker Process 0] Ep 4529 | Return 0.38 | Global 0.3772 | Local 0.1192 | F1_macro 0.7963 | WorstLoss 1.2994
[Tracker Process 0] Ep 4530 | Return 0.55 | Global 0.5509 | Local 0.1192 | F1_macro 0.7817 | WorstLoss 0.9371
[Tracker Process 0] Ep 4531 | Return 0.48 | Global 0.4781 | Local 0.1192 | F1_macro 0.7465 | WorstLoss 1.0889
[Tracker Process 0] Ep 4532 | Return 0.53 | Global 0.5308 | Local 0.1192 | F1_macro 0.7755 | WorstLoss 0.9789
[Tracker Process 0] Ep 4533 | Return 0.35 | Global 0.3498 | Local 0.1192 | F1_macro 0.7225 | WorstLoss 1.3566
[Tracker Process 0] Ep 4534 | Return 0.49 | Global 0.4887 | Local 0.1192 | F1_macro 0.7685 | WorstLoss 1.0668
[Tracker Process 0] Ep 4535 | Return 0.55 | Global 0.5519 | Local 0.1192 | F1_macro 0.7970 | WorstLoss 0.9351
[Tracker Process 0] Ep 4536 | Return 0.51 | Global 0.5094 | Local 0.1192 | F1_macro 0.7684 | WorstLoss 1.0237
[Tracker Process 0] Ep 4537 | Return 0.48 | Global 0.4786 | Local 0.1192 | F1_macro 0.7915 | WorstLoss 1.0878
[Tracker Process 0] Ep 4538 | Return 0.48 | Global 0.4813 | Local 0.1192 | F1_macro 0.7810 | WorstLoss 1.0823
[Tracker Process 0] Ep 4539 | Return 0.32 | Global 0.3210 | Local 0.1192 | F1_macro 0.7609 | WorstLoss 1.4167
[Tracker Process 0] Ep 4540 | Return 0.54 | Global 0.5397 | Local 0.1192 | F1_macro 0.7877 | WorstLoss 0.9604
[Tracker Process 0] Ep 4541 | Return 0.47 | Global 0.4704 | Local 0.1192 | F1_macro 0.7859 | WorstLoss 1.1051
[Tracker Process 0] Ep 4542 | Return 0.35 | Global 0.3526 | Local 0.1192 | F1_macro 0.7593 | WorstLoss 1.3508
[Tracker Process 0] Ep 4543 | Return 0.44 | Global 0.4420 | Local 0.1192 | F1_macro 0.7479 | WorstLoss 1.1642
[Tracker Process 0] Ep 4544 | Return 0.41 | Global 0.4106 | Local 0.1192 | F1_macro 0.7861 | WorstLoss 1.2298
[Tracker Process 0] Ep 4545 | Return 0.55 | Global 0.5507 | Local 0.1192 | F1_macro 0.8083 | WorstLoss 0.9375
[Tracker Process 0] Ep 4546 | Return 0.48 | Global 0.4793 | Local 0.1192 | F1_macro 0.8017 | WorstLoss 1.0864
[Tracker Process 0] Ep 4547 | Return 0.47 | Global 0.4712 | Local 0.1192 | F1_macro 0.7623 | WorstLoss 1.1033
[Tracker Process 0] Ep 4548 | Return 0.43 | Global 0.4310 | Local 0.1192 | F1_macro 0.7853 | WorstLoss 1.1872
[Tracker Process 0] Ep 4549 | Return 0.43 | Global 0.4304 | Local 0.1192 | F1_macro 0.7717 | WorstLoss 1.1885
[Tracker Process 0] Ep 4550 | Return 0.47 | Global 0.4686 | Local 0.1192 | F1_macro 0.7853 | WorstLoss 1.1087
[Tracker Process 0] Ep 4551 | Return 0.47 | Global 0.4744 | Local 0.1192 | F1_macro 0.8249 | WorstLoss 1.0968
[Tracker Process 0] Ep 4552 | Return 0.47 | Global 0.4707 | Local 0.1192 | F1_macro 0.7957 | WorstLoss 1.1044
[Tracker Process 0] Ep 4553 | Return 0.37 | Global 0.3721 | Local 0.1192 | F1_macro 0.7628 | WorstLoss 1.3101
[Tracker Process 0] Ep 4554 | Return 0.54 | Global 0.5411 | Local 0.1192 | F1_macro 0.8035 | WorstLoss 0.9575
[Tracker Process 0] Ep 4555 | Return 0.29 | Global 0.2854 | Local 0.1192 | F1_macro 0.7498 | WorstLoss 1.4910
[Tracker Process 0] Ep 4556 | Return 0.38 | Global 0.3772 | Local 0.1192 | F1_macro 0.7650 | WorstLoss 1.2994
[Tracker Process 0] Ep 4557 | Return 0.56 | Global 0.5604 | Local 0.1192 | F1_macro 0.7577 | WorstLoss 0.9172
[Tracker Process 0] Ep 4558 | Return 0.38 | Global 0.3826 | Local 0.1192 | F1_macro 0.7564 | WorstLoss 1.2882
[Tracker Process 0] Ep 4559 | Return 0.31 | Global 0.3095 | Local 0.1192 | F1_macro 0.7742 | WorstLoss 1.4407
[Tracker Process 0] Ep 4560 | Return 0.51 | Global 0.5065 | Local 0.1192 | F1_macro 0.7791 | WorstLoss 1.0296
[Tracker Process 0] Ep 4561 | Return 0.49 | Global 0.4910 | Local 0.1192 | F1_macro 0.7874 | WorstLoss 1.0620
[Tracker Process 0] Ep 4562 | Return 0.48 | Global 0.4795 | Local 0.1192 | F1_macro 0.7460 | WorstLoss 1.0861
[Tracker Process 0] Ep 4563 | Return 0.37 | Global 0.3671 | Local 0.1192 | F1_macro 0.7609 | WorstLoss 1.3205
[Tracker Process 0] Ep 4564 | Return 0.47 | Global 0.4653 | Local 0.1192 | F1_macro 0.7673 | WorstLoss 1.1156
[Tracker Process 0] Ep 4565 | Return 0.56 | Global 0.5627 | Local 0.1192 | F1_macro 0.8002 | WorstLoss 0.9125
[Tracker Process 0] Ep 4566 | Return 0.49 | Global 0.4948 | Local 0.1192 | F1_macro 0.7810 | WorstLoss 1.0541
[Tracker Process 0] Ep 4567 | Return 0.39 | Global 0.3855 | Local 0.1192 | F1_macro 0.7728 | WorstLoss 1.2822
[Tracker Process 0] Ep 4568 | Return 0.41 | Global 0.4088 | Local 0.1192 | F1_macro 0.7758 | WorstLoss 1.2335
[Tracker Process 0] Ep 4569 | Return 0.20 | Global 0.2019 | Local 0.1192 | F1_macro 0.7514 | WorstLoss 1.6652
[Tracker Process 0] Ep 4570 | Return 0.53 | Global 0.5261 | Local 0.1192 | F1_macro 0.7771 | WorstLoss 0.9889
[Tracker Process 0] Ep 4571 | Return 0.55 | Global 0.5493 | Local 0.1192 | F1_macro 0.7752 | WorstLoss 0.9405
[Tracker Process 0] Ep 4572 | Return 0.40 | Global 0.4006 | Local 0.1192 | F1_macro 0.7817 | WorstLoss 1.2507
[Tracker Process 0] Ep 4573 | Return 0.44 | Global 0.4394 | Local 0.1192 | F1_macro 0.7619 | WorstLoss 1.1697
[Tracker Process 0] Ep 4574 | Return 0.50 | Global 0.4983 | Local 0.1192 | F1_macro 0.7645 | WorstLoss 1.0469
[Tracker Process 0] Ep 4575 | Return 0.46 | Global 0.4583 | Local 0.1192 | F1_macro 0.7728 | WorstLoss 1.1304
[Tracker Process 0] Ep 4576 | Return 0.47 | Global 0.4697 | Local 0.1192 | F1_macro 0.7564 | WorstLoss 1.1065
[Tracker Process 0] Ep 4577 | Return 0.46 | Global 0.4584 | Local 0.1192 | F1_macro 0.7880 | WorstLoss 1.1301
[Tracker Process 0] Ep 4578 | Return 0.43 | Global 0.4330 | Local 0.1192 | F1_macro 0.7988 | WorstLoss 1.1831
[Tracker Process 0] Ep 4579 | Return 0.50 | Global 0.4991 | Local 0.1192 | F1_macro 0.7788 | WorstLoss 1.0450
[Tracker Process 0] Ep 4580 | Return 0.36 | Global 0.3632 | Local 0.1192 | F1_macro 0.7399 | WorstLoss 1.3286
[Tracker Process 0] Ep 4581 | Return 0.29 | Global 0.2877 | Local 0.1192 | F1_macro 0.7777 | WorstLoss 1.4863
[Tracker Process 0] Ep 4582 | Return 0.46 | Global 0.4577 | Local 0.1192 | F1_macro 0.7578 | WorstLoss 1.1315
[Tracker Process 0] Ep 4583 | Return 0.47 | Global 0.4692 | Local 0.1192 | F1_macro 0.7886 | WorstLoss 1.1075
[Tracker Process 0] Ep 4584 | Return 0.27 | Global 0.2664 | Local 0.1192 | F1_macro 0.7951 | WorstLoss 1.5307
[Tracker Process 0] Ep 4585 | Return 0.45 | Global 0.4531 | Local 0.1192 | F1_macro 0.7804 | WorstLoss 1.1410
[Tracker Process 0] Ep 4586 | Return 0.30 | Global 0.2962 | Local 0.1192 | F1_macro 0.7742 | WorstLoss 1.4684
[Tracker Process 0] Ep 4587 | Return 0.30 | Global 0.3042 | Local 0.1192 | F1_macro 0.7926 | WorstLoss 1.4519
[Tracker Process 0] Ep 4588 | Return 0.50 | Global 0.5018 | Local 0.1192 | F1_macro 0.7906 | WorstLoss 1.0395
[Tracker Process 0] Ep 4589 | Return 0.45 | Global 0.4485 | Local 0.1192 | F1_macro 0.7832 | WorstLoss 1.1507
[Tracker Process 0] Ep 4590 | Return 0.43 | Global 0.4346 | Local 0.1192 | F1_macro 0.7926 | WorstLoss 1.1797
[Tracker Process 0] Ep 4591 | Return 0.45 | Global 0.4548 | Local 0.1192 | F1_macro 0.7674 | WorstLoss 1.1375
[Tracker Process 0] Ep 4592 | Return 0.39 | Global 0.3881 | Local 0.1192 | F1_macro 0.7797 | WorstLoss 1.2767
[Tracker Process 0] Ep 4593 | Return 0.48 | Global 0.4844 | Local 0.1192 | F1_macro 0.7591 | WorstLoss 1.0757
[Tracker Process 0] Ep 4594 | Return 0.36 | Global 0.3615 | Local 0.1192 | F1_macro 0.8172 | WorstLoss 1.3323
[Tracker Process 0] Ep 4595 | Return 0.51 | Global 0.5060 | Local 0.1192 | F1_macro 0.7945 | WorstLoss 1.0308
[Tracker Process 0] Ep 4596 | Return 0.57 | Global 0.5707 | Local 0.1192 | F1_macro 0.7932 | WorstLoss 0.8958
[Tracker Process 0] Ep 4597 | Return 0.27 | Global 0.2653 | Local 0.1192 | F1_macro 0.7145 | WorstLoss 1.5329
[Tracker Process 0] Ep 4598 | Return 0.44 | Global 0.4418 | Local 0.1192 | F1_macro 0.7714 | WorstLoss 1.1647
[Tracker Process 0] Ep 4599 | Return 0.32 | Global 0.3234 | Local 0.1192 | F1_macro 0.7337 | WorstLoss 1.4117
[Tracker Process 0] Ep 4600 | Return 0.49 | Global 0.4879 | Local 0.1192 | F1_macro 0.7665 | WorstLoss 1.0686
[Tracker Process 0] Ep 4601 | Return 0.20 | Global 0.1985 | Local 0.1192 | F1_macro 0.7210 | WorstLoss 1.6724
[Tracker Process 0] Ep 4602 | Return 0.51 | Global 0.5083 | Local 0.1192 | F1_macro 0.7763 | WorstLoss 1.0260
[Tracker Process 0] Ep 4603 | Return 0.32 | Global 0.3156 | Local 0.1192 | F1_macro 0.7571 | WorstLoss 1.4280
[Tracker Process 0] Ep 4604 | Return 0.44 | Global 0.4405 | Local 0.1192 | F1_macro 0.7823 | WorstLoss 1.1674
[Tracker Process 0] Ep 4605 | Return 0.44 | Global 0.4370 | Local 0.1192 | F1_macro 0.7723 | WorstLoss 1.1747
[Tracker Process 0] Ep 4606 | Return 0.46 | Global 0.4554 | Local 0.1192 | F1_macro 0.7748 | WorstLoss 1.1363
[Tracker Process 0] Ep 4607 | Return 0.49 | Global 0.4855 | Local 0.1192 | F1_macro 0.7645 | WorstLoss 1.0735
[Tracker Process 0] Ep 4608 | Return 0.28 | Global 0.2780 | Local 0.1192 | F1_macro 0.7442 | WorstLoss 1.5065
[Tracker Process 0] Ep 4609 | Return 0.52 | Global 0.5205 | Local 0.1192 | F1_macro 0.7895 | WorstLoss 1.0004
[Tracker Process 0] Ep 4610 | Return 0.33 | Global 0.3330 | Local 0.1192 | F1_macro 0.7633 | WorstLoss 1.3918
[Tracker Process 0] Ep 4611 | Return 0.44 | Global 0.4394 | Local 0.1192 | F1_macro 0.8010 | WorstLoss 1.1698
[Tracker Process 0] Ep 4612 | Return 0.39 | Global 0.3947 | Local 0.1192 | F1_macro 0.7665 | WorstLoss 1.2630
[Tracker Process 0] Ep 4613 | Return 0.42 | Global 0.4164 | Local 0.1192 | F1_macro 0.7585 | WorstLoss 1.2178
[Tracker Process 0] Ep 4614 | Return 0.54 | Global 0.5381 | Local 0.1192 | F1_macro 0.8017 | WorstLoss 0.9639
[Tracker Process 0] Ep 4615 | Return 0.56 | Global 0.5604 | Local 0.1192 | F1_macro 0.8020 | WorstLoss 0.9173
[Tracker Process 0] Ep 4616 | Return 0.25 | Global 0.2504 | Local 0.1192 | F1_macro 0.7258 | WorstLoss 1.5641
[Tracker Process 0] Ep 4617 | Return 0.53 | Global 0.5333 | Local 0.1192 | F1_macro 0.7970 | WorstLoss 0.9738
[Tracker Process 0] Ep 4618 | Return 0.37 | Global 0.3697 | Local 0.1192 | F1_macro 0.7695 | WorstLoss 1.3151
[Tracker Process 0] Ep 4619 | Return 0.34 | Global 0.3370 | Local 0.1192 | F1_macro 0.7783 | WorstLoss 1.3833
[Tracker Process 0] Ep 4620 | Return 0.35 | Global 0.3455 | Local 0.1192 | F1_macro 0.7544 | WorstLoss 1.3657
[Tracker Process 0] Ep 4621 | Return 0.36 | Global 0.3615 | Local 0.1192 | F1_macro 0.7753 | WorstLoss 1.3322
[Tracker Process 0] Ep 4622 | Return 0.41 | Global 0.4123 | Local 0.1192 | F1_macro 0.7801 | WorstLoss 1.2262
[Tracker Process 0] Ep 4623 | Return 0.46 | Global 0.4566 | Local 0.1192 | F1_macro 0.7716 | WorstLoss 1.1338
[Tracker Process 0] Ep 4624 | Return 0.38 | Global 0.3778 | Local 0.1192 | F1_macro 0.7606 | WorstLoss 1.2982
[Tracker Process 0] Ep 4625 | Return 0.43 | Global 0.4318 | Local 0.1192 | F1_macro 0.7538 | WorstLoss 1.1855
[Tracker Process 0] Ep 4626 | Return 0.46 | Global 0.4591 | Local 0.1192 | F1_macro 0.7335 | WorstLoss 1.1285
[Tracker Process 0] Ep 4627 | Return 0.49 | Global 0.4864 | Local 0.1192 | F1_macro 0.7746 | WorstLoss 1.0717
[Tracker Process 0] Ep 4628 | Return 0.26 | Global 0.2584 | Local 0.1192 | F1_macro 0.7180 | WorstLoss 1.5474
[Tracker Process 0] Ep 4629 | Return 0.60 | Global 0.6020 | Local 0.1192 | F1_macro 0.7514 | WorstLoss 0.8304
[Tracker Process 0] Ep 4630 | Return 0.38 | Global 0.3783 | Local 0.1192 | F1_macro 0.7738 | WorstLoss 1.2971
[Tracker Process 0] Ep 4631 | Return 0.44 | Global 0.4441 | Local 0.1192 | F1_macro 0.7694 | WorstLoss 1.1598
[Tracker Process 0] Ep 4632 | Return 0.34 | Global 0.3370 | Local 0.1192 | F1_macro 0.7682 | WorstLoss 1.3835
[Tracker Process 0] Ep 4633 | Return 0.54 | Global 0.5420 | Local 0.1192 | F1_macro 0.7974 | WorstLoss 0.9555
[Tracker Process 0] Ep 4634 | Return 0.40 | Global 0.3989 | Local 0.1192 | F1_macro 0.7643 | WorstLoss 1.2541
[Tracker Process 0] Ep 4635 | Return 0.10 | Global 0.0987 | Local 0.1192 | F1_macro 0.7269 | WorstLoss 1.8806
[Tracker Process 0] Ep 4636 | Return 0.33 | Global 0.3324 | Local 0.1192 | F1_macro 0.7297 | WorstLoss 1.3929
[Tracker Process 0] Ep 4637 | Return 0.48 | Global 0.4777 | Local 0.1192 | F1_macro 0.7599 | WorstLoss 1.0899
[Tracker Process 0] Ep 4638 | Return 0.47 | Global 0.4722 | Local 0.1192 | F1_macro 0.7987 | WorstLoss 1.1013
[Tracker Process 0] Ep 4639 | Return 0.36 | Global 0.3628 | Local 0.1192 | F1_macro 0.7571 | WorstLoss 1.3294
[Tracker Process 0] Ep 4640 | Return 0.43 | Global 0.4312 | Local 0.1192 | F1_macro 0.7598 | WorstLoss 1.1867
[Tracker Process 0] Ep 4641 | Return 0.39 | Global 0.3865 | Local 0.1192 | F1_macro 0.7915 | WorstLoss 1.2801
[Tracker Process 0] Ep 4642 | Return 0.38 | Global 0.3790 | Local 0.1192 | F1_macro 0.7751 | WorstLoss 1.2958
[Tracker Process 0] Ep 4643 | Return 0.52 | Global 0.5210 | Local 0.1192 | F1_macro 0.7656 | WorstLoss 0.9995
[Tracker Process 0] Ep 4644 | Return 0.43 | Global 0.4313 | Local 0.1192 | F1_macro 0.8172 | WorstLoss 1.1866
[Tracker Process 0] Ep 4645 | Return 0.37 | Global 0.3694 | Local 0.1192 | F1_macro 0.7802 | WorstLoss 1.3158
[Tracker Process 0] Ep 4646 | Return 0.54 | Global 0.5408 | Local 0.1192 | F1_macro 0.7871 | WorstLoss 0.9581
[Tracker Process 0] Ep 4647 | Return 0.44 | Global 0.4351 | Local 0.1192 | F1_macro 0.7738 | WorstLoss 1.1786
[Tracker Process 0] Ep 4648 | Return 0.52 | Global 0.5185 | Local 0.1192 | F1_macro 0.7714 | WorstLoss 1.0047
[Tracker Process 0] Ep 4649 | Return 0.42 | Global 0.4242 | Local 0.1192 | F1_macro 0.7869 | WorstLoss 1.2015
[Tracker Process 0] Ep 4650 | Return 0.44 | Global 0.4414 | Local 0.1192 | F1_macro 0.7716 | WorstLoss 1.1654
[Tracker Process 0] Saved snapshot: ep4650_phase1_class1
[Tracker Process 0] Ep 4651 | Return 0.50 | Global 0.4963 | Local 0.1192 | F1_macro 0.8029 | WorstLoss 1.0510
[Tracker Process 0] Ep 4652 | Return 0.25 | Global 0.2512 | Local 0.1192 | F1_macro 0.7296 | WorstLoss 1.5624
[Tracker Process 0] Ep 4653 | Return 0.38 | Global 0.3838 | Local 0.1192 | F1_macro 0.7628 | WorstLoss 1.2856
[Tracker Process 0] Ep 4654 | Return 0.42 | Global 0.4227 | Local 0.1192 | F1_macro 0.7672 | WorstLoss 1.2046
[Tracker Process 0] Ep 4655 | Return 0.38 | Global 0.3752 | Local 0.1192 | F1_macro 0.7550 | WorstLoss 1.3037
[Tracker Process 0] Ep 4656 | Return 0.53 | Global 0.5264 | Local 0.1192 | F1_macro 0.7429 | WorstLoss 0.9882
[Tracker Process 0] Ep 4657 | Return 0.48 | Global 0.4774 | Local 0.1192 | F1_macro 0.7599 | WorstLoss 1.0905
[Tracker Process 0] Ep 4658 | Return 0.45 | Global 0.4468 | Local 0.1192 | F1_macro 0.7922 | WorstLoss 1.1543
[Tracker Process 0] Ep 4659 | Return 0.50 | Global 0.5045 | Local 0.1192 | F1_macro 0.7895 | WorstLoss 1.0339
[Tracker Process 0] Ep 4660 | Return 0.42 | Global 0.4176 | Local 0.1192 | F1_macro 0.7694 | WorstLoss 1.2153
[Tracker Process 0] Ep 4661 | Return 0.29 | Global 0.2864 | Local 0.1192 | F1_macro 0.7378 | WorstLoss 1.4888
[Tracker Process 0] Ep 4662 | Return 0.38 | Global 0.3786 | Local 0.1192 | F1_macro 0.7853 | WorstLoss 1.2966
[Tracker Process 0] Ep 4663 | Return 0.45 | Global 0.4508 | Local 0.1192 | F1_macro 0.7493 | WorstLoss 1.1458
[Tracker Process 0] Ep 4664 | Return 0.31 | Global 0.3090 | Local 0.1192 | F1_macro 0.7460 | WorstLoss 1.4417
[Tracker Process 0] Ep 4665 | Return 0.42 | Global 0.4245 | Local 0.1192 | F1_macro 0.7684 | WorstLoss 1.2008
[Tracker Process 0] Ep 4666 | Return 0.38 | Global 0.3789 | Local 0.1192 | F1_macro 0.7694 | WorstLoss 1.2959
[Tracker Process 0] Ep 4667 | Return 0.47 | Global 0.4654 | Local 0.1192 | F1_macro 0.7978 | WorstLoss 1.1155
[Tracker Process 0] Ep 4668 | Return 0.26 | Global 0.2648 | Local 0.1192 | F1_macro 0.7652 | WorstLoss 1.5340
[Tracker Process 0] Ep 4669 | Return 0.40 | Global 0.3981 | Local 0.1192 | F1_macro 0.7806 | WorstLoss 1.2558
[Tracker Process 0] Ep 4670 | Return 0.51 | Global 0.5096 | Local 0.1192 | F1_macro 0.7905 | WorstLoss 1.0232
[Tracker Process 0] Ep 4671 | Return 0.34 | Global 0.3423 | Local 0.1192 | F1_macro 0.7583 | WorstLoss 1.3722
[Tracker Process 0] Ep 4672 | Return 0.39 | Global 0.3913 | Local 0.1192 | F1_macro 0.7774 | WorstLoss 1.2700
[Tracker Process 0] Ep 4673 | Return 0.46 | Global 0.4555 | Local 0.1192 | F1_macro 0.7909 | WorstLoss 1.1362
[Tracker Process 0] Ep 4674 | Return 0.45 | Global 0.4453 | Local 0.1192 | F1_macro 0.7963 | WorstLoss 1.1574
[Tracker Process 0] Ep 4675 | Return 0.54 | Global 0.5368 | Local 0.1192 | F1_macro 0.8020 | WorstLoss 0.9666
[Tracker Process 0] Ep 4676 | Return 0.37 | Global 0.3717 | Local 0.1192 | F1_macro 0.7939 | WorstLoss 1.3110
[Tracker Process 0] Ep 4677 | Return 0.42 | Global 0.4176 | Local 0.1192 | F1_macro 0.8001 | WorstLoss 1.2152
[Tracker Process 0] Ep 4678 | Return 0.55 | Global 0.5482 | Local 0.1192 | F1_macro 0.7922 | WorstLoss 0.9426
[Tracker Process 0] Ep 4679 | Return 0.41 | Global 0.4083 | Local 0.1192 | F1_macro 0.7659 | WorstLoss 1.2347
[Tracker Process 0] Ep 4680 | Return 0.31 | Global 0.3101 | Local 0.1192 | F1_macro 0.7662 | WorstLoss 1.4395
[Tracker Process 0] Ep 4681 | Return 0.37 | Global 0.3679 | Local 0.1192 | F1_macro 0.7460 | WorstLoss 1.3188
[Tracker Process 0] Ep 4682 | Return 0.41 | Global 0.4128 | Local 0.1192 | F1_macro 0.7672 | WorstLoss 1.2252
[Tracker Process 0] Ep 4683 | Return 0.37 | Global 0.3740 | Local 0.1192 | F1_macro 0.7846 | WorstLoss 1.3062
[Tracker Process 0] Ep 4684 | Return 0.52 | Global 0.5199 | Local 0.1192 | F1_macro 0.7727 | WorstLoss 1.0018
[Tracker Process 0] Ep 4685 | Return 0.44 | Global 0.4368 | Local 0.1192 | F1_macro 0.7761 | WorstLoss 1.1751
[Tracker Process 0] Ep 4686 | Return 0.39 | Global 0.3879 | Local 0.1192 | F1_macro 0.7892 | WorstLoss 1.2772
[Tracker Process 0] Ep 4687 | Return 0.17 | Global 0.1690 | Local 0.1192 | F1_macro 0.7491 | WorstLoss 1.7339
[Tracker Process 0] Ep 4688 | Return 0.57 | Global 0.5697 | Local 0.1192 | F1_macro 0.7825 | WorstLoss 0.8979
[Tracker Process 0] Ep 4689 | Return 0.51 | Global 0.5132 | Local 0.1192 | F1_macro 0.7714 | WorstLoss 1.0158
[Tracker Process 0] Ep 4690 | Return 0.46 | Global 0.4573 | Local 0.1192 | F1_macro 0.8012 | WorstLoss 1.1323
[Tracker Process 0] Ep 4691 | Return 0.30 | Global 0.3034 | Local 0.1192 | F1_macro 0.7878 | WorstLoss 1.4535
[Tracker Process 0] Ep 4692 | Return 0.38 | Global 0.3772 | Local 0.1192 | F1_macro 0.7861 | WorstLoss 1.2994
[Tracker Process 0] Ep 4693 | Return 0.37 | Global 0.3664 | Local 0.1192 | F1_macro 0.7787 | WorstLoss 1.3221
[Tracker Process 0] Ep 4694 | Return 0.46 | Global 0.4648 | Local 0.1192 | F1_macro 0.7938 | WorstLoss 1.1167
[Tracker Process 0] Ep 4695 | Return 0.41 | Global 0.4082 | Local 0.1192 | F1_macro 0.8172 | WorstLoss 1.2348
[Tracker Process 0] Ep 4696 | Return 0.44 | Global 0.4351 | Local 0.1192 | F1_macro 0.8224 | WorstLoss 1.1787
[Tracker Process 0] Ep 4697 | Return 0.44 | Global 0.4391 | Local 0.1192 | F1_macro 0.7927 | WorstLoss 1.1703
[Tracker Process 0] Ep 4698 | Return 0.48 | Global 0.4796 | Local 0.1192 | F1_macro 0.7915 | WorstLoss 1.0858
[Tracker Process 0] Ep 4699 | Return 0.22 | Global 0.2194 | Local 0.1192 | F1_macro 0.7680 | WorstLoss 1.6288
[Tracker Process 0] Ep 4700 | Return 0.35 | Global 0.3467 | Local 0.1192 | F1_macro 0.7977 | WorstLoss 1.3631
[Tracker Process 0] Ep 4701 | Return 0.47 | Global 0.4737 | Local 0.1192 | F1_macro 0.7874 | WorstLoss 1.0982
[Tracker Process 0] Ep 4702 | Return 0.47 | Global 0.4737 | Local 0.1192 | F1_macro 0.7684 | WorstLoss 1.0981
[Tracker Process 0] Ep 4703 | Return 0.33 | Global 0.3311 | Local 0.1192 | F1_macro 0.7956 | WorstLoss 1.3957
[Tracker Process 0] Ep 4704 | Return 0.37 | Global 0.3699 | Local 0.1192 | F1_macro 0.7717 | WorstLoss 1.3147
[Tracker Process 0] Ep 4705 | Return 0.47 | Global 0.4701 | Local 0.1192 | F1_macro 0.7867 | WorstLoss 1.1056
[Tracker Process 0] Ep 4706 | Return 0.54 | Global 0.5365 | Local 0.1192 | F1_macro 0.7839 | WorstLoss 0.9672
[Tracker Process 0] Ep 4707 | Return 0.46 | Global 0.4608 | Local 0.1192 | F1_macro 0.8035 | WorstLoss 1.1251
[Tracker Process 0] Ep 4708 | Return 0.32 | Global 0.3250 | Local 0.1192 | F1_macro 0.7971 | WorstLoss 1.4084
[Tracker Process 0] Ep 4709 | Return 0.46 | Global 0.4649 | Local 0.1192 | F1_macro 0.7869 | WorstLoss 1.1166
[Tracker Process 0] Ep 4710 | Return 0.44 | Global 0.4418 | Local 0.1192 | F1_macro 0.8124 | WorstLoss 1.1647
[Tracker Process 0] Ep 4711 | Return 0.39 | Global 0.3870 | Local 0.1192 | F1_macro 0.7717 | WorstLoss 1.2790
[Tracker Process 0] Ep 4712 | Return 0.52 | Global 0.5207 | Local 0.1192 | F1_macro 0.8010 | WorstLoss 1.0000
[Tracker Process 0] Ep 4713 | Return 0.40 | Global 0.4017 | Local 0.1192 | F1_macro 0.7746 | WorstLoss 1.2484
[Tracker Process 0] Ep 4714 | Return 0.37 | Global 0.3725 | Local 0.1192 | F1_macro 0.7927 | WorstLoss 1.3093
[Tracker Process 0] Ep 4715 | Return 0.45 | Global 0.4480 | Local 0.1192 | F1_macro 0.7983 | WorstLoss 1.1517
[Tracker Process 0] Ep 4716 | Return 0.33 | Global 0.3341 | Local 0.1192 | F1_macro 0.7845 | WorstLoss 1.3895
[Tracker Process 0] Ep 4717 | Return 0.45 | Global 0.4543 | Local 0.1192 | F1_macro 0.8271 | WorstLoss 1.1385
[Tracker Process 0] Ep 4718 | Return 0.43 | Global 0.4288 | Local 0.1192 | F1_macro 0.8092 | WorstLoss 1.1919
[Tracker Process 0] Ep 4719 | Return 0.46 | Global 0.4615 | Local 0.1192 | F1_macro 0.7968 | WorstLoss 1.1237
[Tracker Process 0] Ep 4720 | Return 0.51 | Global 0.5051 | Local 0.1192 | F1_macro 0.7905 | WorstLoss 1.0327
[Tracker Process 0] Ep 4721 | Return 0.30 | Global 0.3031 | Local 0.1192 | F1_macro 0.7852 | WorstLoss 1.4540
[Tracker Process 0] Ep 4722 | Return 0.28 | Global 0.2806 | Local 0.1192 | F1_macro 0.7435 | WorstLoss 1.5010
[Tracker Process 0] Ep 4723 | Return 0.35 | Global 0.3502 | Local 0.1192 | F1_macro 0.7912 | WorstLoss 1.3559
[Tracker Process 0] Ep 4724 | Return 0.48 | Global 0.4794 | Local 0.1192 | F1_macro 0.7938 | WorstLoss 1.0862
[Tracker Process 0] Ep 4725 | Return 0.34 | Global 0.3392 | Local 0.1192 | F1_macro 0.7717 | WorstLoss 1.3787
[Tracker Process 0] Ep 4726 | Return 0.41 | Global 0.4051 | Local 0.1192 | F1_macro 0.8224 | WorstLoss 1.2412
[Tracker Process 0] Ep 4727 | Return 0.17 | Global 0.1664 | Local 0.1192 | F1_macro 0.7595 | WorstLoss 1.7394
[Tracker Process 0] Ep 4728 | Return 0.49 | Global 0.4854 | Local 0.1192 | F1_macro 0.7599 | WorstLoss 1.0736
[Tracker Process 0] Ep 4729 | Return 0.43 | Global 0.4258 | Local 0.1192 | F1_macro 0.7950 | WorstLoss 1.1981
[Tracker Process 0] Ep 4730 | Return 0.48 | Global 0.4801 | Local 0.1192 | F1_macro 0.7933 | WorstLoss 1.0848
[Tracker Process 0] Ep 4731 | Return 0.39 | Global 0.3861 | Local 0.1192 | F1_macro 0.7933 | WorstLoss 1.2809
[Tracker Process 0] Ep 4732 | Return 0.37 | Global 0.3730 | Local 0.1192 | F1_macro 0.7905 | WorstLoss 1.3082
[Tracker Process 0] Ep 4733 | Return 0.27 | Global 0.2669 | Local 0.1192 | F1_macro 0.7555 | WorstLoss 1.5297
[Tracker Process 0] Ep 4734 | Return 0.58 | Global 0.5838 | Local 0.1192 | F1_macro 0.7748 | WorstLoss 0.8684
[Tracker Process 0] Ep 4735 | Return 0.54 | Global 0.5435 | Local 0.1192 | F1_macro 0.7675 | WorstLoss 0.9526
[Tracker Process 0] Ep 4736 | Return -0.09 | Global -0.0942 | Local 0.1192 | F1_macro 0.7595 | WorstLoss 2.2831
[Tracker Process 0] Ep 4737 | Return 0.45 | Global 0.4458 | Local 0.1192 | F1_macro 0.7717 | WorstLoss 1.1564
[Tracker Process 0] Ep 4738 | Return 0.17 | Global 0.1699 | Local 0.1192 | F1_macro 0.7452 | WorstLoss 1.7319
[Tracker Process 0] Ep 4739 | Return 0.35 | Global 0.3547 | Local 0.1192 | F1_macro 0.7716 | WorstLoss 1.3465
[Tracker Process 0] Ep 4740 | Return -0.04 | Global -0.0428 | Local 0.1192 | F1_macro 0.7266 | WorstLoss 2.1758
[Tracker Process 0] Ep 4741 | Return 0.30 | Global 0.3035 | Local 0.1192 | F1_macro 0.8051 | WorstLoss 1.4532
[Tracker Process 0] Ep 4742 | Return 0.40 | Global 0.4030 | Local 0.1192 | F1_macro 0.8148 | WorstLoss 1.2456
[Tracker Process 0] Ep 4743 | Return 0.43 | Global 0.4335 | Local 0.1192 | F1_macro 0.7922 | WorstLoss 1.1821
[Tracker Process 0] Ep 4744 | Return 0.45 | Global 0.4497 | Local 0.1192 | F1_macro 0.7883 | WorstLoss 1.1481
[Tracker Process 0] Ep 4745 | Return 0.31 | Global 0.3090 | Local 0.1192 | F1_macro 0.7337 | WorstLoss 1.4419
[Tracker Process 0] Ep 4746 | Return 0.59 | Global 0.5922 | Local 0.1192 | F1_macro 0.7760 | WorstLoss 0.8510
[Tracker Process 0] Ep 4747 | Return 0.45 | Global 0.4540 | Local 0.1192 | F1_macro 0.7770 | WorstLoss 1.1392
[Tracker Process 0] Ep 4748 | Return 0.43 | Global 0.4306 | Local 0.1192 | F1_macro 0.7512 | WorstLoss 1.1881
[Tracker Process 0] Ep 4749 | Return 0.53 | Global 0.5342 | Local 0.1192 | F1_macro 0.8099 | WorstLoss 0.9718
[Tracker Process 0] Ep 4750 | Return 0.48 | Global 0.4776 | Local 0.1192 | F1_macro 0.7905 | WorstLoss 1.0900
[Tracker Process 0] Ep 4751 | Return 0.41 | Global 0.4139 | Local 0.1192 | F1_macro 0.8144 | WorstLoss 1.2229
[Tracker Process 0] Ep 4752 | Return 0.60 | Global 0.6023 | Local 0.1192 | F1_macro 0.7857 | WorstLoss 0.8297
[Tracker Process 0] Ep 4753 | Return 0.10 | Global 0.1015 | Local 0.1192 | F1_macro 0.7174 | WorstLoss 1.8748
[Tracker Process 0] Ep 4754 | Return 0.57 | Global 0.5687 | Local 0.1192 | F1_macro 0.7800 | WorstLoss 0.8998
[Tracker Process 0] Ep 4755 | Return 0.42 | Global 0.4166 | Local 0.1192 | F1_macro 0.7672 | WorstLoss 1.2172
[Tracker Process 0] Ep 4756 | Return 0.52 | Global 0.5212 | Local 0.1192 | F1_macro 0.8081 | WorstLoss 0.9990
[Tracker Process 0] Ep 4757 | Return 0.34 | Global 0.3435 | Local 0.1192 | F1_macro 0.7397 | WorstLoss 1.3697
[Tracker Process 0] Ep 4758 | Return 0.45 | Global 0.4507 | Local 0.1192 | F1_macro 0.7591 | WorstLoss 1.1460
[Tracker Process 0] Ep 4759 | Return 0.43 | Global 0.4321 | Local 0.1192 | F1_macro 0.7615 | WorstLoss 1.1849
[Tracker Process 0] Ep 4760 | Return 0.44 | Global 0.4427 | Local 0.1192 | F1_macro 0.7774 | WorstLoss 1.1629
[Tracker Process 0] Ep 4761 | Return 0.37 | Global 0.3729 | Local 0.1192 | F1_macro 0.7894 | WorstLoss 1.3084
[Tracker Process 0] Ep 4762 | Return 0.47 | Global 0.4663 | Local 0.1192 | F1_macro 0.8021 | WorstLoss 1.1135
[Tracker Process 0] Ep 4763 | Return 0.50 | Global 0.5010 | Local 0.1192 | F1_macro 0.7891 | WorstLoss 1.0412
[Tracker Process 0] Ep 4764 | Return 0.40 | Global 0.4042 | Local 0.1192 | F1_macro 0.8174 | WorstLoss 1.2432
[Tracker Process 0] Ep 4765 | Return 0.49 | Global 0.4941 | Local 0.1192 | F1_macro 0.7654 | WorstLoss 1.0556
[Tracker Process 0] Ep 4766 | Return 0.45 | Global 0.4529 | Local 0.1192 | F1_macro 0.7968 | WorstLoss 1.1415
[Tracker Process 0] Ep 4767 | Return 0.54 | Global 0.5444 | Local 0.1192 | F1_macro 0.7938 | WorstLoss 0.9506
[Tracker Process 0] Ep 4768 | Return 0.41 | Global 0.4061 | Local 0.1192 | F1_macro 0.7846 | WorstLoss 1.2392
[Tracker Process 0] Ep 4769 | Return 0.42 | Global 0.4240 | Local 0.1192 | F1_macro 0.7992 | WorstLoss 1.2018
[Tracker Process 0] Ep 4770 | Return 0.42 | Global 0.4216 | Local 0.1192 | F1_macro 0.7823 | WorstLoss 1.2067
[Tracker Process 0] Ep 4771 | Return 0.43 | Global 0.4348 | Local 0.1192 | F1_macro 0.7770 | WorstLoss 1.1793
[Tracker Process 0] Ep 4772 | Return 0.32 | Global 0.3169 | Local 0.1192 | F1_macro 0.7706 | WorstLoss 1.4254
[Tracker Process 0] Ep 4773 | Return 0.36 | Global 0.3561 | Local 0.1192 | F1_macro 0.8443 | WorstLoss 1.3436
[Tracker Process 0] Ep 4774 | Return 0.26 | Global 0.2623 | Local 0.1192 | F1_macro 0.7843 | WorstLoss 1.5393
[Tracker Process 0] Ep 4775 | Return 0.41 | Global 0.4079 | Local 0.1192 | F1_macro 0.7939 | WorstLoss 1.2354
[Tracker Process 0] Ep 4776 | Return 0.19 | Global 0.1866 | Local 0.1192 | F1_macro 0.7766 | WorstLoss 1.6971
[Tracker Process 0] Ep 4777 | Return 0.36 | Global 0.3611 | Local 0.1192 | F1_macro 0.7729 | WorstLoss 1.3331
[Tracker Process 0] Ep 4778 | Return 0.47 | Global 0.4711 | Local 0.1192 | F1_macro 0.7448 | WorstLoss 1.1036
[Tracker Process 0] Ep 4779 | Return 0.31 | Global 0.3116 | Local 0.1192 | F1_macro 0.7562 | WorstLoss 1.4364
[Tracker Process 0] Ep 4780 | Return 0.43 | Global 0.4340 | Local 0.1192 | F1_macro 0.8124 | WorstLoss 1.1810
[Tracker Process 0] Ep 4781 | Return 0.40 | Global 0.3963 | Local 0.1192 | F1_macro 0.7770 | WorstLoss 1.2596
[Tracker Process 0] Ep 4782 | Return 0.48 | Global 0.4782 | Local 0.1192 | F1_macro 0.7865 | WorstLoss 1.0888
[Tracker Process 0] Ep 4783 | Return 0.35 | Global 0.3515 | Local 0.1192 | F1_macro 0.7609 | WorstLoss 1.3530
[Tracker Process 0] Ep 4784 | Return 0.46 | Global 0.4562 | Local 0.1192 | F1_macro 0.7853 | WorstLoss 1.1346
[Tracker Process 0] Ep 4785 | Return 0.43 | Global 0.4314 | Local 0.1192 | F1_macro 0.8049 | WorstLoss 1.1863
[Tracker Process 0] Ep 4786 | Return 0.50 | Global 0.5002 | Local 0.1192 | F1_macro 0.7832 | WorstLoss 1.0428
[Tracker Process 0] Ep 4787 | Return 0.48 | Global 0.4770 | Local 0.1192 | F1_macro 0.7938 | WorstLoss 1.0912
[Tracker Process 0] Ep 4788 | Return 0.45 | Global 0.4485 | Local 0.1192 | F1_macro 0.7797 | WorstLoss 1.1507
[Tracker Process 0] Ep 4789 | Return 0.45 | Global 0.4456 | Local 0.1192 | F1_macro 0.7748 | WorstLoss 1.1568
[Tracker Process 0] Ep 4790 | Return 0.50 | Global 0.4998 | Local 0.1192 | F1_macro 0.8001 | WorstLoss 1.0436
[Tracker Process 0] Ep 4791 | Return 0.51 | Global 0.5050 | Local 0.1192 | F1_macro 0.7905 | WorstLoss 1.0328
[Tracker Process 0] Ep 4792 | Return 0.35 | Global 0.3468 | Local 0.1192 | F1_macro 0.7787 | WorstLoss 1.3629
[Tracker Process 0] Ep 4793 | Return 0.39 | Global 0.3893 | Local 0.1192 | F1_macro 0.7806 | WorstLoss 1.2742
[Tracker Process 0] Ep 4794 | Return 0.45 | Global 0.4480 | Local 0.1192 | F1_macro 0.8145 | WorstLoss 1.1517
[Tracker Process 0] Ep 4795 | Return 0.44 | Global 0.4398 | Local 0.1192 | F1_macro 0.7992 | WorstLoss 1.1689
[Tracker Process 0] Ep 4796 | Return 0.46 | Global 0.4570 | Local 0.1192 | F1_macro 0.7832 | WorstLoss 1.1330
[Tracker Process 0] Ep 4797 | Return 0.43 | Global 0.4283 | Local 0.1192 | F1_macro 0.7939 | WorstLoss 1.1928
[Tracker Process 0] Ep 4798 | Return 0.29 | Global 0.2876 | Local 0.1192 | F1_macro 0.7885 | WorstLoss 1.4864
[Tracker Process 0] Ep 4799 | Return 0.30 | Global 0.2996 | Local 0.1192 | F1_macro 0.8252 | WorstLoss 1.4614
[Tracker Process 0] Ep 4800 | Return 0.42 | Global 0.4150 | Local 0.1192 | F1_macro 0.7615 | WorstLoss 1.2206
[Tracker Process 0] Saved snapshot: ep4800_phase1_class1
[Tracker Process 0] Ep 4801 | Return 0.51 | Global 0.5067 | Local 0.1192 | F1_macro 0.8150 | WorstLoss 1.0293
[Tracker Process 0] Ep 4802 | Return 0.39 | Global 0.3851 | Local 0.1192 | F1_macro 0.8173 | WorstLoss 1.2829
[Tracker Process 0] Ep 4803 | Return 0.40 | Global 0.4034 | Local 0.1192 | F1_macro 0.7706 | WorstLoss 1.2448
[Tracker Process 0] Ep 4804 | Return 0.45 | Global 0.4465 | Local 0.1192 | F1_macro 0.7761 | WorstLoss 1.1549
[Tracker Process 0] Ep 4805 | Return 0.39 | Global 0.3876 | Local 0.1192 | F1_macro 0.7853 | WorstLoss 1.2778
[Tracker Process 0] Ep 4806 | Return 0.48 | Global 0.4848 | Local 0.1192 | F1_macro 0.8081 | WorstLoss 1.0749
[Tracker Process 0] Ep 4807 | Return 0.49 | Global 0.4927 | Local 0.1192 | F1_macro 0.8145 | WorstLoss 1.0585
[Tracker Process 0] Ep 4808 | Return 0.36 | Global 0.3559 | Local 0.1192 | F1_macro 0.7939 | WorstLoss 1.3439
[Tracker Process 0] Ep 4809 | Return 0.56 | Global 0.5552 | Local 0.1192 | F1_macro 0.7853 | WorstLoss 0.9280
[Tracker Process 0] Ep 4810 | Return 0.41 | Global 0.4108 | Local 0.1192 | F1_macro 0.7634 | WorstLoss 1.2293
[Tracker Process 0] Ep 4811 | Return 0.47 | Global 0.4700 | Local 0.1192 | F1_macro 0.7853 | WorstLoss 1.1059
[Tracker Process 0] Ep 4812 | Return 0.37 | Global 0.3687 | Local 0.1192 | F1_macro 0.8122 | WorstLoss 1.3173
[Tracker Process 0] Ep 4813 | Return 0.37 | Global 0.3741 | Local 0.1192 | F1_macro 0.8033 | WorstLoss 1.3060
[Tracker Process 0] Ep 4814 | Return 0.37 | Global 0.3660 | Local 0.1192 | F1_macro 0.8110 | WorstLoss 1.3228
[Tracker Process 0] Ep 4815 | Return 0.50 | Global 0.5017 | Local 0.1192 | F1_macro 0.7927 | WorstLoss 1.0396
[Tracker Process 0] Ep 4816 | Return 0.45 | Global 0.4469 | Local 0.1192 | F1_macro 0.8250 | WorstLoss 1.1540
[Tracker Process 0] Ep 4817 | Return 0.52 | Global 0.5177 | Local 0.1192 | F1_macro 0.8174 | WorstLoss 1.0064
[Tracker Process 0] Ep 4818 | Return 0.39 | Global 0.3932 | Local 0.1192 | F1_macro 0.7831 | WorstLoss 1.2662
[Tracker Process 0] Ep 4819 | Return 0.25 | Global 0.2521 | Local 0.1192 | F1_macro 0.7624 | WorstLoss 1.5605
[Tracker Process 0] Ep 4820 | Return 0.40 | Global 0.3996 | Local 0.1192 | F1_macro 0.7927 | WorstLoss 1.2527
[Tracker Process 0] Ep 4821 | Return 0.50 | Global 0.5049 | Local 0.1192 | F1_macro 0.7704 | WorstLoss 1.0330
[Tracker Process 0] Ep 4822 | Return 0.44 | Global 0.4384 | Local 0.1192 | F1_macro 0.7746 | WorstLoss 1.1717
[Tracker Process 0] Ep 4823 | Return 0.47 | Global 0.4737 | Local 0.1192 | F1_macro 0.7465 | WorstLoss 1.0980
[Tracker Process 0] Ep 4824 | Return 0.12 | Global 0.1240 | Local 0.1192 | F1_macro 0.7269 | WorstLoss 1.8279
[Tracker Process 0] Ep 4825 | Return 0.28 | Global 0.2808 | Local 0.1192 | F1_macro 0.7445 | WorstLoss 1.5007
[Tracker Process 0] Ep 4826 | Return 0.38 | Global 0.3762 | Local 0.1192 | F1_macro 0.7693 | WorstLoss 1.3016
[Tracker Process 0] Ep 4827 | Return 0.25 | Global 0.2535 | Local 0.1192 | F1_macro 0.7509 | WorstLoss 1.5575
[Tracker Process 0] Ep 4828 | Return 0.48 | Global 0.4757 | Local 0.1192 | F1_macro 0.7905 | WorstLoss 1.0940
[Tracker Process 0] Ep 4829 | Return 0.51 | Global 0.5146 | Local 0.1192 | F1_macro 0.7587 | WorstLoss 1.0129
[Tracker Process 0] Ep 4830 | Return 0.32 | Global 0.3204 | Local 0.1192 | F1_macro 0.7514 | WorstLoss 1.4179
[Tracker Process 0] Ep 4831 | Return 0.43 | Global 0.4345 | Local 0.1192 | F1_macro 0.7727 | WorstLoss 1.1800
[Tracker Process 0] Ep 4832 | Return 0.41 | Global 0.4055 | Local 0.1192 | F1_macro 0.8082 | WorstLoss 1.2404
[Tracker Process 0] Ep 4833 | Return 0.36 | Global 0.3590 | Local 0.1192 | F1_macro 0.7915 | WorstLoss 1.3374
[Tracker Process 0] Ep 4834 | Return -0.24 | Global -0.2402 | Local 0.1192 | F1_macro 0.7240 | WorstLoss 2.5878
[Tracker Process 0] Ep 4835 | Return 0.50 | Global 0.5010 | Local 0.1192 | F1_macro 0.8102 | WorstLoss 1.0412
[Tracker Process 0] Ep 4836 | Return 0.22 | Global 0.2155 | Local 0.1192 | F1_macro 0.7190 | WorstLoss 1.6368
[Tracker Process 0] Ep 4837 | Return 0.37 | Global 0.3687 | Local 0.1192 | F1_macro 0.7746 | WorstLoss 1.3171
[Tracker Process 0] Ep 4838 | Return 0.53 | Global 0.5283 | Local 0.1192 | F1_macro 0.7970 | WorstLoss 0.9842
[Tracker Process 0] Ep 4839 | Return 0.33 | Global 0.3304 | Local 0.1192 | F1_macro 0.7628 | WorstLoss 1.3971
[Tracker Process 0] Ep 4840 | Return 0.38 | Global 0.3803 | Local 0.1192 | F1_macro 0.7758 | WorstLoss 1.2930
[Tracker Process 0] Ep 4841 | Return 0.42 | Global 0.4216 | Local 0.1192 | F1_macro 0.8122 | WorstLoss 1.2069
[Tracker Process 0] Ep 4842 | Return 0.42 | Global 0.4249 | Local 0.1192 | F1_macro 0.8070 | WorstLoss 1.1999
[Tracker Process 0] Ep 4843 | Return 0.33 | Global 0.3319 | Local 0.1192 | F1_macro 0.7646 | WorstLoss 1.3939
[Tracker Process 0] Ep 4844 | Return 0.47 | Global 0.4730 | Local 0.1192 | F1_macro 0.7889 | WorstLoss 1.0995
[Tracker Process 0] Ep 4845 | Return 0.43 | Global 0.4314 | Local 0.1192 | F1_macro 0.7894 | WorstLoss 1.1865
[Tracker Process 0] Ep 4846 | Return 0.26 | Global 0.2593 | Local 0.1192 | F1_macro 0.7031 | WorstLoss 1.5455
[Tracker Process 0] Ep 4847 | Return 0.34 | Global 0.3447 | Local 0.1192 | F1_macro 0.7743 | WorstLoss 1.3672
[Tracker Process 0] Ep 4848 | Return 0.37 | Global 0.3673 | Local 0.1192 | F1_macro 0.7659 | WorstLoss 1.3201
[Tracker Process 0] Ep 4849 | Return 0.29 | Global 0.2936 | Local 0.1192 | F1_macro 0.7717 | WorstLoss 1.4739
[Tracker Process 0] Ep 4850 | Return 0.54 | Global 0.5375 | Local 0.1192 | F1_macro 0.7812 | WorstLoss 0.9650
[Tracker Process 0] Ep 4851 | Return 0.36 | Global 0.3605 | Local 0.1192 | F1_macro 0.8092 | WorstLoss 1.3343
[Tracker Process 0] Ep 4852 | Return 0.58 | Global 0.5821 | Local 0.1192 | F1_macro 0.7891 | WorstLoss 0.8720
[Tracker Process 0] Ep 4853 | Return 0.27 | Global 0.2688 | Local 0.1192 | F1_macro 0.7923 | WorstLoss 1.5257
[Tracker Process 0] Ep 4854 | Return 0.46 | Global 0.4645 | Local 0.1192 | F1_macro 0.7968 | WorstLoss 1.1173
[Tracker Process 0] Ep 4855 | Return 0.44 | Global 0.4380 | Local 0.1192 | F1_macro 0.8102 | WorstLoss 1.1725
[Tracker Process 0] Ep 4856 | Return 0.38 | Global 0.3839 | Local 0.1192 | F1_macro 0.7905 | WorstLoss 1.2856
[Tracker Process 0] Ep 4857 | Return 0.40 | Global 0.4009 | Local 0.1192 | F1_macro 0.8095 | WorstLoss 1.2501
[Tracker Process 0] Ep 4858 | Return 0.35 | Global 0.3519 | Local 0.1192 | F1_macro 0.7902 | WorstLoss 1.3522
[Tracker Process 0] Ep 4859 | Return 0.41 | Global 0.4064 | Local 0.1192 | F1_macro 0.7885 | WorstLoss 1.2386
[Tracker Process 0] Ep 4860 | Return 0.25 | Global 0.2518 | Local 0.1192 | F1_macro 0.7780 | WorstLoss 1.5612
[Tracker Process 0] Ep 4861 | Return 0.31 | Global 0.3113 | Local 0.1192 | F1_macro 0.7705 | WorstLoss 1.4370
[Tracker Process 0] Ep 4862 | Return 0.24 | Global 0.2418 | Local 0.1192 | F1_macro 0.7428 | WorstLoss 1.5820
[Tracker Process 0] Ep 4863 | Return 0.44 | Global 0.4380 | Local 0.1192 | F1_macro 0.7983 | WorstLoss 1.1726
[Tracker Process 0] Ep 4864 | Return 0.34 | Global 0.3387 | Local 0.1192 | F1_macro 0.7618 | WorstLoss 1.3799
[Tracker Process 0] Ep 4865 | Return 0.53 | Global 0.5261 | Local 0.1192 | F1_macro 0.7987 | WorstLoss 0.9888
[Tracker Process 0] Ep 4866 | Return 0.35 | Global 0.3526 | Local 0.1192 | F1_macro 0.8120 | WorstLoss 1.3508
[Tracker Process 0] Ep 4867 | Return 0.48 | Global 0.4763 | Local 0.1192 | F1_macro 0.8224 | WorstLoss 1.0926
[Tracker Process 0] Ep 4868 | Return 0.45 | Global 0.4473 | Local 0.1192 | F1_macro 0.8012 | WorstLoss 1.1532
[Tracker Process 0] Ep 4869 | Return 0.40 | Global 0.4022 | Local 0.1192 | F1_macro 0.7812 | WorstLoss 1.2474
[Tracker Process 0] Ep 4870 | Return 0.37 | Global 0.3708 | Local 0.1192 | F1_macro 0.8118 | WorstLoss 1.3127
[Tracker Process 0] Ep 4871 | Return 0.28 | Global 0.2759 | Local 0.1192 | F1_macro 0.7481 | WorstLoss 1.5109
[Tracker Process 0] Ep 4872 | Return 0.24 | Global 0.2360 | Local 0.1192 | F1_macro 0.7730 | WorstLoss 1.5941
[Tracker Process 0] Ep 4873 | Return 0.44 | Global 0.4360 | Local 0.1192 | F1_macro 0.8041 | WorstLoss 1.1768
[Tracker Process 0] Ep 4874 | Return 0.49 | Global 0.4910 | Local 0.1192 | F1_macro 0.7825 | WorstLoss 1.0619
[Tracker Process 0] Ep 4875 | Return 0.39 | Global 0.3875 | Local 0.1192 | F1_macro 0.7611 | WorstLoss 1.2781
[Tracker Process 0] Ep 4876 | Return 0.32 | Global 0.3219 | Local 0.1192 | F1_macro 0.7717 | WorstLoss 1.4149
[Tracker Process 0] Ep 4877 | Return 0.37 | Global 0.3661 | Local 0.1192 | F1_macro 0.7564 | WorstLoss 1.3226
[Tracker Process 0] Ep 4878 | Return 0.44 | Global 0.4418 | Local 0.1192 | F1_macro 0.8099 | WorstLoss 1.1647
[Tracker Process 0] Ep 4879 | Return 0.37 | Global 0.3710 | Local 0.1192 | F1_macro 0.7659 | WorstLoss 1.3124
[Tracker Process 0] Ep 4880 | Return 0.42 | Global 0.4248 | Local 0.1192 | F1_macro 0.7939 | WorstLoss 1.2002
[Tracker Process 0] Ep 4881 | Return 0.46 | Global 0.4556 | Local 0.1192 | F1_macro 0.7839 | WorstLoss 1.1358
[Tracker Process 0] Ep 4882 | Return 0.43 | Global 0.4280 | Local 0.1192 | F1_macro 0.7951 | WorstLoss 1.1935
[Tracker Process 0] Ep 4883 | Return 0.47 | Global 0.4730 | Local 0.1192 | F1_macro 0.8001 | WorstLoss 1.0996
[Tracker Process 0] Ep 4884 | Return 0.46 | Global 0.4644 | Local 0.1192 | F1_macro 0.7614 | WorstLoss 1.1175
[Tracker Process 0] Ep 4885 | Return 0.46 | Global 0.4570 | Local 0.1192 | F1_macro 0.8052 | WorstLoss 1.1330
[Tracker Process 0] Ep 4886 | Return 0.57 | Global 0.5726 | Local 0.1192 | F1_macro 0.7657 | WorstLoss 0.8917
[Tracker Process 0] Ep 4887 | Return 0.41 | Global 0.4116 | Local 0.1192 | F1_macro 0.7885 | WorstLoss 1.2277
[Tracker Process 0] Ep 4888 | Return 0.37 | Global 0.3728 | Local 0.1192 | F1_macro 0.7965 | WorstLoss 1.3086
[Tracker Process 0] Ep 4889 | Return 0.49 | Global 0.4942 | Local 0.1192 | F1_macro 0.7938 | WorstLoss 1.0554
[Tracker Process 0] Ep 4890 | Return 0.42 | Global 0.4172 | Local 0.1192 | F1_macro 0.7784 | WorstLoss 1.2160
[Tracker Process 0] Ep 4891 | Return 0.55 | Global 0.5491 | Local 0.1192 | F1_macro 0.7444 | WorstLoss 0.9407
[Tracker Process 0] Ep 4892 | Return 0.14 | Global 0.1407 | Local 0.1192 | F1_macro 0.7448 | WorstLoss 1.7930
[Tracker Process 0] Ep 4893 | Return 0.47 | Global 0.4745 | Local 0.1192 | F1_macro 0.7796 | WorstLoss 1.0964
[Tracker Process 0] Ep 4894 | Return 0.39 | Global 0.3918 | Local 0.1192 | F1_macro 0.7728 | WorstLoss 1.2690
[Tracker Process 0] Ep 4895 | Return 0.32 | Global 0.3158 | Local 0.1192 | F1_macro 0.7830 | WorstLoss 1.4275
[Tracker Process 0] Ep 4896 | Return 0.12 | Global 0.1166 | Local 0.1192 | F1_macro 0.7425 | WorstLoss 1.8433
[Tracker Process 0] Ep 4897 | Return 0.48 | Global 0.4817 | Local 0.1192 | F1_macro 0.7853 | WorstLoss 1.0814
[Tracker Process 0] Ep 4898 | Return 0.04 | Global 0.0360 | Local 0.1192 | F1_macro 0.7313 | WorstLoss 2.0114
[Tracker Process 0] Ep 4899 | Return 0.34 | Global 0.3400 | Local 0.1192 | F1_macro 0.7481 | WorstLoss 1.3771
[Tracker Process 0] Ep 4900 | Return 0.35 | Global 0.3529 | Local 0.1192 | F1_macro 0.7753 | WorstLoss 1.3502
[Tracker Process 0] Ep 4901 | Return 0.39 | Global 0.3880 | Local 0.1192 | F1_macro 0.7853 | WorstLoss 1.2769
[Tracker Process 0] Ep 4902 | Return 0.37 | Global 0.3667 | Local 0.1192 | F1_macro 0.7963 | WorstLoss 1.3214
[Tracker Process 0] Ep 4903 | Return 0.32 | Global 0.3152 | Local 0.1192 | F1_macro 0.7717 | WorstLoss 1.4289
[Tracker Process 0] Ep 4904 | Return 0.37 | Global 0.3747 | Local 0.1192 | F1_macro 0.7838 | WorstLoss 1.3046
[Tracker Process 0] Ep 4905 | Return 0.25 | Global 0.2474 | Local 0.1192 | F1_macro 0.7656 | WorstLoss 1.5702
[Tracker Process 0] Ep 4906 | Return 0.38 | Global 0.3763 | Local 0.1192 | F1_macro 0.7877 | WorstLoss 1.3013
[Tracker Process 0] Ep 4907 | Return 0.45 | Global 0.4510 | Local 0.1192 | F1_macro 0.8303 | WorstLoss 1.1455
[Tracker Process 0] Ep 4908 | Return 0.35 | Global 0.3484 | Local 0.1192 | F1_macro 0.7548 | WorstLoss 1.3597
[Tracker Process 0] Ep 4909 | Return 0.30 | Global 0.2959 | Local 0.1192 | F1_macro 0.7276 | WorstLoss 1.4692
[Tracker Process 0] Ep 4910 | Return 0.46 | Global 0.4609 | Local 0.1192 | F1_macro 0.7623 | WorstLoss 1.1249
[Tracker Process 0] Ep 4911 | Return 0.49 | Global 0.4896 | Local 0.1192 | F1_macro 0.8029 | WorstLoss 1.0649
[Tracker Process 0] Ep 4912 | Return 0.44 | Global 0.4388 | Local 0.1192 | F1_macro 0.7861 | WorstLoss 1.1709
[Tracker Process 0] Ep 4913 | Return 0.33 | Global 0.3280 | Local 0.1192 | F1_macro 0.7371 | WorstLoss 1.4022
[Tracker Process 0] Ep 4914 | Return 0.47 | Global 0.4744 | Local 0.1192 | F1_macro 0.7775 | WorstLoss 1.0967
[Tracker Process 0] Ep 4915 | Return 0.37 | Global 0.3735 | Local 0.1192 | F1_macro 0.7988 | WorstLoss 1.3071
[Tracker Process 0] Ep 4916 | Return 0.34 | Global 0.3403 | Local 0.1192 | F1_macro 0.7578 | WorstLoss 1.3764
[Tracker Process 0] Ep 4917 | Return 0.35 | Global 0.3531 | Local 0.1192 | F1_macro 0.7894 | WorstLoss 1.3497
[Tracker Process 0] Ep 4918 | Return 0.37 | Global 0.3689 | Local 0.1192 | F1_macro 0.7957 | WorstLoss 1.3168
[Tracker Process 0] Ep 4919 | Return 0.40 | Global 0.4020 | Local 0.1192 | F1_macro 0.8225 | WorstLoss 1.2477
[Tracker Process 0] Ep 4920 | Return 0.37 | Global 0.3699 | Local 0.1192 | F1_macro 0.8171 | WorstLoss 1.3148
[Tracker Process 0] Ep 4921 | Return 0.49 | Global 0.4875 | Local 0.1192 | F1_macro 0.7799 | WorstLoss 1.0694
[Tracker Process 0] Ep 4922 | Return 0.25 | Global 0.2462 | Local 0.1192 | F1_macro 0.7468 | WorstLoss 1.5727
[Tracker Process 0] Ep 4923 | Return 0.34 | Global 0.3374 | Local 0.1192 | F1_macro 0.7861 | WorstLoss 1.3826
[Tracker Process 0] Ep 4924 | Return 0.39 | Global 0.3870 | Local 0.1192 | F1_macro 0.7595 | WorstLoss 1.2790
[Tracker Process 0] Ep 4925 | Return 0.58 | Global 0.5821 | Local 0.1192 | F1_macro 0.7591 | WorstLoss 0.8719
[Tracker Process 0] Ep 4926 | Return 0.33 | Global 0.3304 | Local 0.1192 | F1_macro 0.7830 | WorstLoss 1.3972
[Tracker Process 0] Ep 4927 | Return 0.46 | Global 0.4606 | Local 0.1192 | F1_macro 0.7995 | WorstLoss 1.1255
[Tracker Process 0] Ep 4928 | Return 0.41 | Global 0.4097 | Local 0.1192 | F1_macro 0.7761 | WorstLoss 1.2316
[Tracker Process 0] Ep 4929 | Return 0.45 | Global 0.4509 | Local 0.1192 | F1_macro 0.7654 | WorstLoss 1.1457
[Tracker Process 0] Ep 4930 | Return 0.25 | Global 0.2480 | Local 0.1192 | F1_macro 0.7479 | WorstLoss 1.5691
[Tracker Process 0] Ep 4931 | Return 0.49 | Global 0.4873 | Local 0.1192 | F1_macro 0.7823 | WorstLoss 1.0697
[Tracker Process 0] Ep 4932 | Return 0.24 | Global 0.2397 | Local 0.1192 | F1_macro 0.7498 | WorstLoss 1.5864
[Tracker Process 0] Ep 4933 | Return 0.46 | Global 0.4611 | Local 0.1192 | F1_macro 0.8032 | WorstLoss 1.1244
[Tracker Process 0] Ep 4934 | Return 0.43 | Global 0.4341 | Local 0.1192 | F1_macro 0.7758 | WorstLoss 1.1807
[Tracker Process 0] Ep 4935 | Return 0.52 | Global 0.5170 | Local 0.1192 | F1_macro 0.8248 | WorstLoss 1.0077
[Tracker Process 0] Ep 4936 | Return 0.37 | Global 0.3732 | Local 0.1192 | F1_macro 0.7801 | WorstLoss 1.3079
[Tracker Process 0] Ep 4937 | Return 0.51 | Global 0.5072 | Local 0.1192 | F1_macro 0.8125 | WorstLoss 1.0282
[Tracker Process 0] Ep 4938 | Return 0.54 | Global 0.5404 | Local 0.1192 | F1_macro 0.7857 | WorstLoss 0.9589
[Tracker Process 0] Ep 4939 | Return 0.55 | Global 0.5471 | Local 0.1192 | F1_macro 0.7699 | WorstLoss 0.9449
[Tracker Process 0] Ep 4940 | Return 0.51 | Global 0.5125 | Local 0.1192 | F1_macro 0.7460 | WorstLoss 1.0171
[Tracker Process 0] Ep 4941 | Return 0.49 | Global 0.4874 | Local 0.1192 | F1_macro 0.7891 | WorstLoss 1.0696
[Tracker Process 0] Ep 4942 | Return 0.47 | Global 0.4660 | Local 0.1192 | F1_macro 0.7810 | WorstLoss 1.1143
[Tracker Process 0] Ep 4943 | Return 0.31 | Global 0.3087 | Local 0.1192 | F1_macro 0.7927 | WorstLoss 1.4424
[Tracker Process 0] Ep 4944 | Return 0.49 | Global 0.4892 | Local 0.1192 | F1_macro 0.7825 | WorstLoss 1.0658
[Tracker Process 0] Ep 4945 | Return 0.36 | Global 0.3574 | Local 0.1192 | F1_macro 0.7951 | WorstLoss 1.3409
[Tracker Process 0] Ep 4946 | Return 0.55 | Global 0.5511 | Local 0.1192 | F1_macro 0.7192 | WorstLoss 0.9366
[Tracker Process 0] Ep 4947 | Return 0.38 | Global 0.3834 | Local 0.1192 | F1_macro 0.7821 | WorstLoss 1.2865
[Tracker Process 0] Ep 4948 | Return 0.40 | Global 0.3953 | Local 0.1192 | F1_macro 0.7791 | WorstLoss 1.2617
[Tracker Process 0] Ep 4949 | Return 0.41 | Global 0.4091 | Local 0.1192 | F1_macro 0.7614 | WorstLoss 1.2328
[Tracker Process 0] Ep 4950 | Return 0.22 | Global 0.2152 | Local 0.1192 | F1_macro 0.7827 | WorstLoss 1.6375
[Tracker Process 0] Saved snapshot: ep4950_phase1_class1
[Tracker Process 0] Ep 4951 | Return 0.11 | Global 0.1126 | Local 0.1192 | F1_macro 0.7637 | WorstLoss 1.8516
[Tracker Process 0] Ep 4952 | Return 0.59 | Global 0.5895 | Local 0.1192 | F1_macro 0.7944 | WorstLoss 0.8565
[Tracker Process 0] Ep 4953 | Return 0.41 | Global 0.4125 | Local 0.1192 | F1_macro 0.7801 | WorstLoss 1.2259
[Tracker Process 0] Ep 4954 | Return 0.49 | Global 0.4893 | Local 0.1192 | F1_macro 0.7636 | WorstLoss 1.0655
[Tracker Process 0] Ep 4955 | Return 0.47 | Global 0.4661 | Local 0.1192 | F1_macro 0.8006 | WorstLoss 1.1141
[Tracker Process 0] Ep 4956 | Return 0.35 | Global 0.3543 | Local 0.1192 | F1_macro 0.8017 | WorstLoss 1.3473
[Tracker Process 0] Ep 4957 | Return 0.41 | Global 0.4061 | Local 0.1192 | F1_macro 0.7442 | WorstLoss 1.2392
[Tracker Process 0] Ep 4958 | Return 0.37 | Global 0.3669 | Local 0.1192 | F1_macro 0.7693 | WorstLoss 1.3210
[Tracker Process 0] Ep 4959 | Return 0.41 | Global 0.4059 | Local 0.1192 | F1_macro 0.7386 | WorstLoss 1.2395
[Tracker Process 0] Ep 4960 | Return 0.43 | Global 0.4287 | Local 0.1192 | F1_macro 0.8055 | WorstLoss 1.1920
[Tracker Process 0] Ep 4961 | Return 0.43 | Global 0.4267 | Local 0.1192 | F1_macro 0.7788 | WorstLoss 1.1962
[Tracker Process 0] Ep 4962 | Return 0.37 | Global 0.3691 | Local 0.1192 | F1_macro 0.7788 | WorstLoss 1.3163
[Tracker Process 0] Ep 4963 | Return 0.48 | Global 0.4753 | Local 0.1192 | F1_macro 0.7743 | WorstLoss 1.0948
[Tracker Process 0] Ep 4964 | Return 0.52 | Global 0.5168 | Local 0.1192 | F1_macro 0.8271 | WorstLoss 1.0082
[Tracker Process 0] Ep 4965 | Return 0.43 | Global 0.4310 | Local 0.1192 | F1_macro 0.7591 | WorstLoss 1.1873
[Tracker Process 0] Ep 4966 | Return 0.42 | Global 0.4165 | Local 0.1192 | F1_macro 0.7892 | WorstLoss 1.2175
[Tracker Process 0] Ep 4967 | Return 0.46 | Global 0.4586 | Local 0.1192 | F1_macro 0.7743 | WorstLoss 1.1297
[Tracker Process 0] Ep 4968 | Return 0.40 | Global 0.4047 | Local 0.1192 | F1_macro 0.7895 | WorstLoss 1.2420
[Tracker Process 0] Ep 4969 | Return 0.49 | Global 0.4928 | Local 0.1192 | F1_macro 0.7381 | WorstLoss 1.0583
[Tracker Process 0] Ep 4970 | Return 0.38 | Global 0.3791 | Local 0.1192 | F1_macro 0.7886 | WorstLoss 1.2954
[Tracker Process 0] Ep 4971 | Return 0.48 | Global 0.4774 | Local 0.1192 | F1_macro 0.7939 | WorstLoss 1.0905
[Tracker Process 0] Ep 4972 | Return 0.33 | Global 0.3324 | Local 0.1192 | F1_macro 0.7905 | WorstLoss 1.3929
[Tracker Process 0] Ep 4973 | Return 0.51 | Global 0.5080 | Local 0.1192 | F1_macro 0.8073 | WorstLoss 1.0266
[Tracker Process 0] Ep 4974 | Return 0.33 | Global 0.3339 | Local 0.1192 | F1_macro 0.7611 | WorstLoss 1.3897
[Tracker Process 0] Ep 4975 | Return 0.47 | Global 0.4661 | Local 0.1192 | F1_macro 0.7956 | WorstLoss 1.1140
[Tracker Process 0] Ep 4976 | Return 0.17 | Global 0.1723 | Local 0.1192 | F1_macro 0.7571 | WorstLoss 1.7270
[Tracker Process 0] Ep 4977 | Return 0.55 | Global 0.5483 | Local 0.1192 | F1_macro 0.7944 | WorstLoss 0.9425
[Tracker Process 0] Ep 4978 | Return 0.42 | Global 0.4197 | Local 0.1192 | F1_macro 0.7619 | WorstLoss 1.2108
[Tracker Process 0] Ep 4979 | Return 0.44 | Global 0.4372 | Local 0.1192 | F1_macro 0.7591 | WorstLoss 1.1744
[Tracker Process 0] Ep 4980 | Return 0.42 | Global 0.4211 | Local 0.1192 | F1_macro 0.8102 | WorstLoss 1.2079
[Tracker Process 0] Ep 4981 | Return 0.52 | Global 0.5229 | Local 0.1192 | F1_macro 0.7584 | WorstLoss 0.9956
[Tracker Process 0] Ep 4982 | Return 0.43 | Global 0.4283 | Local 0.1192 | F1_macro 0.7468 | WorstLoss 1.1929
[Tracker Process 0] Ep 4983 | Return 0.55 | Global 0.5522 | Local 0.1192 | F1_macro 0.7906 | WorstLoss 0.9344
[Tracker Process 0] Ep 4984 | Return 0.57 | Global 0.5667 | Local 0.1192 | F1_macro 0.7832 | WorstLoss 0.9040
[Tracker Process 0] Ep 4985 | Return 0.37 | Global 0.3670 | Local 0.1192 | F1_macro 0.7770 | WorstLoss 1.3208
[Tracker Process 0] Ep 4986 | Return 0.53 | Global 0.5277 | Local 0.1192 | F1_macro 0.7905 | WorstLoss 0.9854
[Tracker Process 0] Ep 4987 | Return 0.38 | Global 0.3832 | Local 0.1192 | F1_macro 0.7634 | WorstLoss 1.2870
[Tracker Process 0] Ep 4988 | Return 0.45 | Global 0.4532 | Local 0.1192 | F1_macro 0.7917 | WorstLoss 1.1408
[Tracker Process 0] Ep 4989 | Return 0.41 | Global 0.4069 | Local 0.1192 | F1_macro 0.7806 | WorstLoss 1.2376
[Tracker Process 0] Ep 4990 | Return 0.52 | Global 0.5169 | Local 0.1192 | F1_macro 0.8099 | WorstLoss 1.0079
[Tracker Process 0] Ep 4991 | Return 0.38 | Global 0.3825 | Local 0.1192 | F1_macro 0.7694 | WorstLoss 1.2884
[Tracker Process 0] Ep 4992 | Return 0.43 | Global 0.4299 | Local 0.1192 | F1_macro 0.7911 | WorstLoss 1.1895
[Tracker Process 0] Ep 4993 | Return 0.47 | Global 0.4726 | Local 0.1192 | F1_macro 0.7755 | WorstLoss 1.1004
[Tracker Process 0] Ep 4994 | Return 0.55 | Global 0.5533 | Local 0.1192 | F1_macro 0.7532 | WorstLoss 0.9320
[Tracker Process 0] Ep 4995 | Return 0.47 | Global 0.4661 | Local 0.1192 | F1_macro 0.7889 | WorstLoss 1.1139
[Tracker Process 0] Ep 4996 | Return 0.43 | Global 0.4277 | Local 0.1192 | F1_macro 0.7915 | WorstLoss 1.1941
[Tracker Process 0] Ep 4997 | Return 0.46 | Global 0.4647 | Local 0.1192 | F1_macro 0.7961 | WorstLoss 1.1169
[Tracker Process 0] Ep 4998 | Return 0.46 | Global 0.4577 | Local 0.1192 | F1_macro 0.7804 | WorstLoss 1.1316
[Tracker Process 0] Ep 4999 | Return 0.33 | Global 0.3291 | Local 0.1192 | F1_macro 0.7417 | WorstLoss 1.3998
[Tracker Process 0] Ep 5000 | Return 0.46 | Global 0.4584 | Local 0.1192 | F1_macro 0.8249 | WorstLoss 1.1300
[Phase Process 0] Finished phase1_class1 | best global_obj=0.6927
FFNN Using device: cuda:0
[TestSuite] Loaded best β weights from: /storage_1/epigou_storage/FORGE/training_runs/SPECcapture24_k0_gpu0_restart_EP5000_PCA10_REWwgl_minID1_majID0_TRJ3000_REAL2000_GG202605111117_43a8f51c/seed_42/best_beta_state_dict_phase1_class1.pt

[TEST] Alpha -> F1(min)=0.4025 | F1(maj)=0.9737 | F1(weighted)=0.9429 | F1(macro)=0.6881 | Brier=0.0366
[TEST] Beta  -> F1(min)=0.5016 | F1(maj)=0.9627 | F1(weighted)=0.9378 | F1(macro)=0.7322 | Brier=0.0474
[TestSuite] Final test metrics appended to (seed): /storage_1/epigou_storage/FORGE/training_runs/SPECcapture24_k0_gpu0_restart_EP5000_PCA10_REWwgl_minID1_majID0_TRJ3000_REAL2000_GG202605111117_43a8f51c/seed_42/final_test_metrics.csv
[TestSuite] Final test metrics appended to (experiment): /storage_1/epigou_storage/FORGE/training_runs/SPECcapture24_k0_gpu0_restart_EP5000_PCA10_REWwgl_minID1_majID0_TRJ3000_REAL2000_GG202605111117_43a8f51c/final_test_metrics.csv
Total time 18155.27s
[Tracker Process 0] Finished. Run folder: /storage_1/epigou_storage/FORGE/training_runs/SPECcapture24_k0_gpu0_restart_EP5000_PCA10_REWwgl_minID1_majID0_TRJ3000_REAL2000_GG202605111117_43a8f51c/seed_42
