pca_0,pca_1,pca_2,pca_3,pca_4,pca_5,pca_6,pca_7,pca_8,pca_9,target
-0.1895559,0.15608203,0.043580413,0.09674851,0.2,-0.2,0.18704902,0.08353945,0.10275817,0.13771887,0
-0.3319515,0.35608202,-0.008917641,0.12076307,0.2726044,0.0,0.13424563,-0.116460554,0.26653004,0.12457063,0
-0.33988288,0.2981548,-0.20891765,0.120408185,0.38568574,-0.2,0.14767367,0.08353945,0.41222882,-0.07542937,0
-0.43007466,0.0981548,-0.40891767,0.3204082,0.45683965,-0.4,0.26801687,0.28353944,0.21222882,-0.27542937,0
-0.23007466,0.2981548,-0.4747931,0.18808131,0.65683967,-0.2,0.46801686,0.08353944,0.012228817,-0.47542936,0
-0.25786242,0.47094283,-0.6747931,0.3880813,0.85683966,0.0,0.5714161,0.1594405,0.21222882,-0.5453217,0
-0.28516516,0.67094284,-0.6251275,0.4745566,0.94676536,0.2,0.5818968,0.3594405,0.3052584,-0.68519723,0
-0.08516516,0.47094285,-0.45006853,0.4705889,0.7805923,0.4,0.3818968,0.5594405,0.5052584,-0.8851972,0
0.114834845,0.27094287,-0.25006855,0.5110791,0.74106205,0.6,0.3105803,0.6303681,0.70525837,-1.0851972,0
0.26255506,0.070942864,-0.050068542,0.71107906,0.94106203,0.8,0.268304,0.8303681,0.79268116,-0.9930768,0
0.06255506,0.27094287,-0.18160003,0.91107905,1.141062,1.0,0.06830399,0.763456,0.99268115,-0.7930768,0
0.06952208,0.47094285,-0.24575248,0.9069915,1.3410621,0.8,0.1773768,0.563456,0.80751497,-0.5930768,0
0.26952207,0.57879585,-0.4457525,1.1069915,1.3583633,1.0,0.07653137,0.363456,0.7346799,-0.7930768,0
0.12695977,0.37879586,-0.2457525,1.2977268,1.5583633,1.2,0.24549675,0.563456,0.93467987,-0.9930768,0
0.2741369,0.17879586,-0.4457525,1.350662,1.5494834,1.0,0.045496747,0.363456,0.7346799,-1.1930768,0
0.2578824,-0.021204144,-0.5519857,1.5117586,1.5558801,0.8,-0.15450326,0.563456,0.5346799,-0.99307686,0
0.3160467,0.17879586,-0.75198567,1.7117586,1.35588,1.0,-0.35450327,0.363456,0.3668821,-0.7930769,0
0.11458045,0.37400976,-0.9078909,1.8876035,1.5362214,1.1848379,-0.5474971,0.16139074,0.16477352,-0.5855833,0
-0.07908104,0.26514694,-1.0256805,1.6425997,1.6073861,1.2820768,-0.6920295,0.33457395,0.3377057,-0.49090454,0
0.11292683,0.43440312,-0.7711073,1.6596357,1.6879272,1.010557,-0.8193981,0.49924138,0.50216615,-0.63749105,0
0.31292683,0.6344031,-0.5711073,1.4596356,1.6275442,0.81055707,-0.6193981,0.68289816,0.70216614,-0.43749106,0
0.5129268,0.8344031,-0.7711073,1.4936649,1.5342562,1.010557,-0.8193981,0.48289818,0.50216615,-0.46463057,0
0.7129268,0.6715165,-0.5711073,1.4754068,1.361913,1.2105571,-1.0193981,0.2828982,0.51778513,-0.32049155,0
0.60992074,0.5657764,-0.37110734,1.6754068,1.1619129,1.010557,-1.2193981,0.082898185,0.31778514,-0.12049155,0
0.51711166,0.3624258,-0.5402564,1.8582276,1.3091761,1.199468,-1.1996427,0.28030676,0.42399028,0.07878014,0
0.28163022,0.14425206,-0.5716202,1.8279335,1.3403152,1.2428823,-1.2430375,0.27872494,0.45437145,0.24758756,0
0.4816302,0.077206776,-0.37162024,1.698187,1.2979456,1.0428822,-1.1193259,0.078724936,0.54721284,0.44758755,0
0.28163022,0.27591962,-0.17162023,1.898187,1.4979457,0.8428822,-0.9193259,0.27872494,0.7472128,0.24758755,0
0.4772444,0.075228274,0.028121337,2.0790806,1.4773526,0.71358615,-1.1091331,0.47436562,0.54222983,0.047154203,0
0.6772444,0.0709374,0.02560237,2.1038795,1.2773526,0.51358616,-1.3091332,0.2743656,0.34222984,-0.1528458,0
0.4348891,0.24689178,0.12214694,2.0994108,1.327738,0.65025556,-1.375198,0.06776567,0.49410707,0.04296928,0
0.22228627,0.044375826,0.30486235,2.1760373,1.4457681,0.8046356,-1.1121434,-0.12513937,0.27832693,0.22993289,0
0.42228627,0.055784386,0.37535948,2.139216,1.2457681,1.0046356,-0.9121434,-0.32513937,0.078326926,0.2623799,0
0.62228626,0.101558395,0.57535946,2.0689497,1.1441959,0.8046356,-0.7121434,-0.5251394,-0.12167308,0.06237991,0
0.57258296,-0.09493697,0.4726753,2.1881723,1.296341,0.9688693,-0.87967,-0.31356406,-0.31022114,0.25303888,0
0.7038478,-0.26869702,0.24841592,2.1757016,1.3632146,0.7004646,-0.9438691,-0.1034605,-0.4648278,0.41273296,0
0.8941064,-0.06795663,0.44358304,2.350097,1.1506778,0.49507076,-0.73585194,0.09549903,-0.26197356,0.5365174,0
0.6697372,0.1274075,0.62098765,2.2171037,1.1841042,0.6706677,-0.7727346,0.28512442,-0.44575423,0.71065915,0
0.51902276,0.3181609,0.5861998,2.34884,1.2754623,0.45737517,-0.55655944,0.08272034,-0.60816175,0.49623716,0
0.6330134,0.10402651,0.69215477,2.2300503,1.2989678,0.57874006,-0.66606,-0.1032507,-0.6992198,0.41328952,0
0.51325035,-0.09329255,0.86723316,2.1226935,1.4570954,0.3815654,-0.453041,0.09404669,-0.79481816,0.5961578,0
0.6839871,-0.28125933,0.6398579,2.0502064,1.5891081,0.4750067,-0.5331324,0.23339383,-0.57041395,0.6521645,0
0.8504742,-0.4630143,0.80801797,1.7800632,1.6615644,0.2645809,-0.70533854,0.41696343,-0.7412067,0.4350225,0
0.9841176,-0.24640018,0.67271996,1.7267939,1.731483,0.43523416,-0.47341725,0.5332913,-0.8817524,0.25091386,0
0.78411764,-0.046400174,0.4998943,1.9267939,1.650412,0.6352342,-0.27341723,0.73329127,-0.6817524,0.050913855,0
0.9841176,-0.24640018,0.56518906,1.8082067,1.4504119,0.4352342,-0.07341723,0.5805478,-0.8817524,-0.14908615,0
0.7833361,-0.04635393,0.44502535,2.006205,1.648767,0.63460106,0.029364368,0.38016853,-0.8793004,-0.34873822,0
0.5833361,0.15364608,0.6450254,2.114952,1.448767,0.62900376,0.1974195,0.18016852,-0.6793004,-0.54873824,0
0.51595217,-0.044638686,0.42855808,2.1593363,1.5323647,0.7983281,0.18158774,0.36610115,-0.46156487,-0.7210326,0
0.31595218,0.15536132,0.39710397,1.9593363,1.7323648,0.5983281,0.023547277,0.56610113,-0.6615649,-0.52103263,0
0.113726884,0.34854144,0.19332124,1.917217,1.8952799,0.39068362,-0.17306633,0.7513985,-0.8450301,-0.31487155,0
-0.08232134,0.38759744,0.25626546,1.8712413,1.9993047,0.5636271,0.025699962,0.58312684,-0.61548424,-0.49128762,0
0.11630063,0.37028652,0.05560658,2.0233548,1.9758811,0.650904,-0.17225896,0.37864038,-0.41061887,-0.28787658,0
0.043265697,0.42534754,0.24687481,1.7894233,2.1015508,0.67183656,-0.30361626,0.5588735,-0.52404004,-0.08487462,0
-0.14727832,0.5143092,0.044046793,1.766824,2.0167418,0.72826856,-0.097364955,0.7130897,-0.6803578,0.108179726,0
0.04909198,0.29267016,-0.14521639,1.8314152,2.064127,0.49189916,0.044217646,0.8502267,-0.49781084,0.24804217,0
-0.15090802,0.09267016,-0.23619395,1.9519447,2.0810716,0.360989,-0.15578236,0.6502267,-0.29781085,0.048042163,0
-0.33804104,0.2819386,-0.034866802,1.9006875,2.1047454,0.54041886,-0.34273663,0.5680036,-0.09422435,-0.1463859,0
-0.52161425,0.46722463,0.10272884,1.648764,2.2018256,0.71781325,-0.52616644,0.35676816,0.10254624,0.05197723,0
-0.6691686,0.24780321,-0.09020167,1.6346974,2.1759229,0.64712507,-0.61817694,0.51630324,-0.090371,-0.011970361,0
-0.5130453,0.04780321,-0.29020166,1.6382797,2.0600924,0.84712505,-0.4580226,0.620818,0.109629005,0.18802965,0
-0.31304532,0.24780321,-0.25240666,1.8382797,1.8600924,1.0471251,-0.2580226,0.820818,-0.02073969,-0.011970356,0
-0.10702388,0.27276176,-0.4283089,1.7168632,1.9503602,1.1806961,-0.05493199,0.71626693,0.16971189,-0.20067962,0
-0.097685,0.07619505,-0.2283089,1.8977622,1.7503601,0.98069614,-0.254932,0.9162669,0.36971188,-0.00067961216,0
-0.297685,-0.12380496,-0.028308898,1.9425179,1.5503601,1.1628633,-0.054931983,1.116267,0.20315279,0.11002252,0
-0.49768502,0.07619505,0.16661195,1.7883153,1.3709257,0.96286327,-0.13241869,1.316267,0.033186406,0.25407276,0
-0.36713898,0.27619505,-0.03338805,1.8159773,1.4075389,1.1628633,-0.23212442,1.116267,0.23318641,0.054072753,0
-0.16187562,0.46119922,0.1613652,1.9524924,1.4681729,1.3199455,-0.031112788,0.8874129,0.41954497,0.24607177,0
-0.32575536,0.2351279,-0.034778513,1.8448187,1.501666,1.3682337,-0.03561171,0.9788739,0.5577057,0.19097123,0
-0.45387852,0.033094298,0.13185002,1.5495982,1.6031547,1.4774469,0.15487167,1.1106275,0.57367736,0.18633749,0
-0.6538785,0.2330943,-0.068149984,1.6254274,1.4225261,1.2774469,-0.04512833,0.91062754,0.77367735,0.3863375,0
-0.45214775,0.032968104,-0.06265892,1.4848597,1.6163391,1.471813,0.15428111,0.70791775,0.96996444,0.5841016,0
-0.65214777,-0.1670319,-0.079888165,1.6848598,1.416339,1.2718129,-0.045718893,0.8609303,0.76996446,0.38410163,0
-0.4335711,0.026560484,0.0365661,1.6932268,1.5499312,1.4113429,0.0902214,0.80272335,0.930113,0.17653774,0
-0.60839933,-0.11791583,-0.15694068,1.818009,1.6804066,1.1632162,0.2786909,0.73457056,0.70110565,-0.02253011,0
-0.7924634,-0.084635764,-0.17172746,1.788861,1.4512234,1.3363433,0.46925452,0.71735305,0.7023057,-0.12423739,0
-0.5832809,-0.28022423,-0.18091127,1.8172102,1.4262788,1.5125318,0.26508138,0.61507183,0.6856441,0.07458838,0
-0.641626,-0.08022423,0.01908873,2.0172102,1.2262788,1.3125317,0.4650814,0.8150718,0.5067773,0.27458838,0
-0.841626,-0.28022423,-0.18091127,2.194447,1.0262787,1.1363767,0.30113244,0.729384,0.3067773,0.11408739,0
-0.6883381,-0.07858963,0.01869979,2.3456593,0.87827873,1.3091476,0.09907182,0.5185976,0.4964515,-0.084162116,0
-0.45048884,0.1120003,-0.1672483,2.228302,0.92841274,1.3921791,0.26490763,0.66290176,0.6424721,-0.26213774,0
-0.5899627,-0.07981158,-0.3330769,2.1976678,1.0068158,1.247042,0.058868155,0.6108487,0.76408243,-0.41913715,0
-0.4990962,0.011009233,-0.2643335,2.2280247,1.1760373,1.0203382,0.045836043,0.7901689,0.54969615,-0.6033467,0
-0.66109633,0.15563577,-0.06083659,2.2960477,1.2820741,0.7757481,0.14057389,0.55808985,0.33068818,-0.7596802,0
-0.46109635,-0.04436423,0.13138562,2.4243352,1.2130957,0.67225105,-0.059426114,0.35808986,0.32106727,-0.8073273,0
-0.66109633,-0.08328347,-0.06861438,2.4125009,1.0443621,0.47225106,-0.25942612,0.55808985,0.52106726,-0.6073273,0
-0.45009217,-0.27652285,0.12825006,2.4007506,1.1852837,0.26575372,-0.44846177,0.3844539,0.7038588,-0.7880602,0
-0.25660706,-0.4664043,-0.070226386,2.4997532,1.0755565,0.45586383,-0.24318588,0.18053715,0.49315977,-0.8736981,0
-0.44192326,-0.25783712,-0.26153633,2.4893374,1.1802031,0.63477224,-0.18950193,0.36829966,0.2837322,-0.65203303,0
-0.50706214,-0.4332297,-0.058228932,2.5447936,0.9477352,0.78990567,-0.36856735,0.15925404,0.45773304,-0.4277376,0
-0.4765415,-0.23322971,-0.25822893,2.3447936,0.7477352,0.5899057,-0.56856734,-0.04074596,0.25773305,-0.50349605,0
-0.27654147,-0.4332297,-0.25121313,2.3713818,0.78472376,0.6550198,-0.50986457,-0.24074596,0.45773304,-0.51110953,0
-0.07654147,-0.23322971,-0.45121312,2.2760277,0.819718,0.45501983,-0.47855884,-0.2811274,0.657733,-0.36066422,0
0.123458534,-0.4332297,-0.25121313,2.4760277,0.8669776,0.25501984,-0.3175102,-0.48112738,0.8176043,-0.5273622,0
-0.060097307,-0.23322971,-0.12059589,2.5079715,1.0669776,0.45501983,-0.117510185,-0.2811274,0.94570005,-0.32736224,0
-0.23640208,-0.39376184,-0.15718855,2.4443867,1.1515541,0.59534657,0.07497487,-0.07373656,1.0413251,-0.11575935,0
-0.25809452,-0.5424667,-0.326331,2.3313885,1.2347932,0.36119252,0.10079911,-0.25008842,1.1340868,-0.28848088,0
-0.45809454,-0.3424667,-0.12633099,2.4072664,1.0347931,0.5611925,-0.09920089,-0.05008842,0.93408686,-0.29327396,0
-0.65542316,-0.15502684,0.07366902,2.4421802,0.83479315,0.7611925,-0.2992009,0.05315288,0.7340869,-0.49327397,0
-0.85542315,-0.35502684,-0.12633099,2.368326,0.63479316,0.9611925,-0.09920089,0.25315288,0.5340869,-0.3066641,0
-1.0236396,-0.53831244,-0.1097247,2.490982,0.71220577,0.73826957,-0.2901906,0.4395064,0.32402602,-0.10345197,0
-0.8875828,-0.3283656,0.08762108,2.4404156,0.87398237,0.9106831,-0.4757783,0.23246458,0.50861895,0.09370939,0
-0.6875828,-0.12836559,-0.112378925,2.2994034,0.87847984,1.1106831,-0.6757783,0.4324646,0.30861896,0.1863352,0
-0.8875828,0.07163441,-0.31237894,2.0994034,0.9063144,0.9106831,-0.8757783,0.6324646,0.50861895,0.26270956,0
-1.049022,0.26200345,-0.20689453,2.136133,1.0670894,0.6854854,-0.8372923,0.57869816,0.6175194,0.4463039,0
-1.128314,0.41735452,-0.0062282276,1.9758468,1.0967132,0.7999103,-0.89597434,0.34210002,0.73851264,0.58384377,0
-1.1857107,0.55107737,0.17296909,1.9422551,1.1274912,0.8925633,-0.764787,0.12684463,0.83775705,0.3426356,0
-1.3857107,0.75107735,0.3729691,1.7639656,1.2872121,0.6925633,-0.71862954,-0.07315537,0.63775706,0.1426356,0
-1.1857107,0.55107737,0.17296909,1.7039388,1.3204836,0.4925633,-0.865544,-0.2731554,0.83775705,0.13639027,0
-0.9482197,0.7225106,0.13082452,1.8130623,1.4626529,0.66622204,-1.0250167,-0.07037296,0.72870857,0.32359585,0
-1.0884687,0.49702916,-0.017287668,1.6076404,1.5815698,0.7398857,-1.1652759,-0.2571876,0.60967964,0.37266073,0
-0.88843626,0.2970183,0.18270567,1.6821716,1.7815049,0.67081034,-0.9652407,-0.4571709,0.6083366,0.35336047,0
-0.68843627,0.09701829,-0.017294332,1.8150728,1.9078094,0.51369214,-0.7652407,-0.25717092,0.40833664,0.39905488,0
-0.8521813,0.0066392487,0.1787413,1.6996785,2.0620737,0.30688563,-0.5529761,-0.055930413,0.5951369,0.58605653,0
-0.6404583,-0.18988506,-0.020876568,1.7658137,2.1801314,0.4977743,-0.3466313,0.14147991,0.38803425,0.37911713,0
-0.7508394,-0.0087565845,0.16792761,1.5842084,2.2151575,0.65416104,-0.4853333,0.32013625,0.4440335,0.16792169,0
-0.77883005,0.03205642,0.34182543,1.4257189,2.243817,0.79356354,-0.45503682,0.11161332,0.5983433,-0.029802553,0
-0.661543,0.14135715,0.13214391,1.5147417,2.2769935,0.5530448,-0.23762712,0.2903415,0.7438456,-0.21411541,0
-0.807209,0.25787857,0.31119695,1.6020877,2.0869033,0.70555335,-0.03525413,0.08464403,0.7787567,-0.38799888,0
-0.78512466,0.41843733,0.48230344,1.7002314,1.8589809,0.8543703,-0.11589474,0.26855558,0.8844837,-0.17737293,0
-0.57136786,0.45238447,0.66626185,1.6296165,1.9138951,1.0295811,-0.3084678,0.06694378,0.7390381,0.022095088,0
-0.34506726,0.34417447,0.8049124,1.6781282,1.7649612,1.142501,-0.11247609,0.24803858,0.8725346,0.2063661,0
-0.14506726,0.4492173,0.6049124,1.8664765,1.746817,0.942501,-0.3124761,0.3909494,0.6725346,0.15900089,0
-0.2049059,0.6492173,0.53000206,1.735759,1.5742339,1.142501,-0.2940775,0.5909494,0.48745167,0.3590009,0
-0.054233614,0.7866849,0.30570227,1.7868454,1.6435876,1.2436455,-0.34929344,0.73270756,0.2662851,0.33779708,0
0.14313084,0.8927832,0.49655885,1.7598611,1.4174865,1.4175435,-0.5393619,0.5230759,0.45785436,0.214297,0
-0.05367767,0.9524705,0.657468,1.8498739,1.3623402,1.3301233,-0.42125022,0.3049449,0.5829204,0.013494647,0
0.13794361,0.76193464,0.8083675,1.9324936,1.405788,1.0654099,-0.5856761,0.09893552,0.7380886,-0.059327967,0
0.30640677,0.872167,0.91426677,1.9334894,1.4559361,0.97628427,-0.43825975,0.113653556,0.48787424,-0.23512752,0
0.11446866,1.0570548,0.9161271,1.9288833,1.402754,0.7653425,-0.62926346,0.3092326,0.2838166,-0.4289944,0
0.3116312,0.8493216,1.1060563,1.9596045,1.1919016,0.9566322,-0.6125432,0.10824699,0.08306033,-0.62331903,0
0.47042334,0.9648071,1.2008638,1.6918586,1.2797949,1.0634747,-0.73582524,0.117746204,0.26026207,-0.38922405,0
0.27042335,0.9058384,1.4008639,1.4918586,1.0797949,0.86347467,-0.9358252,-0.0822538,0.46026206,-0.18922405,0
0.0689019,1.0819474,1.5450238,1.4836422,1.2521458,0.6491407,-1.0119102,0.115202375,0.25463927,-0.38081512,0
0.09763293,0.92775154,1.3450238,1.4065528,1.2569486,0.8491407,-1.2119102,-0.08479763,0.45463926,-0.18081512,0
0.1706872,0.70627266,1.4994239,1.289587,1.3028284,0.7085982,-1.370239,-0.2763921,0.63531816,-0.060729463,0
0.3596501,0.49119857,1.4621731,1.4452351,1.2582797,0.49345487,-1.5234858,-0.24145772,0.42235672,0.1351238,0
0.1596501,0.5309851,1.262173,1.5574182,1.3580397,0.2934549,-1.4105783,-0.041457713,0.22235672,-0.0648762,0
0.3596501,0.6796157,1.3172771,1.4248188,1.4085037,0.49345487,-1.2105782,-0.2346568,0.42235672,0.1351238,0
0.30190536,0.4796157,1.117277,1.6248188,1.2221977,0.2934549,-1.4105783,-0.034656793,0.6223567,0.3351238,0
0.29290646,0.6796157,0.91727704,1.8248188,1.2675195,0.09345488,-1.3143673,-0.21472335,0.45903763,0.1351238,0
0.09289811,0.47957256,0.71721256,2.024637,1.1905864,0.2934285,-1.5142312,-0.41468605,0.25901434,0.33509368,0
0.29289812,0.27957255,0.7792852,1.8246369,1.3519275,0.49342853,-1.3142312,-0.37842894,0.45901436,0.53509367,0
0.092898116,0.14060827,0.9792852,1.8300252,1.1519275,0.6934285,-1.3199823,-0.5784289,0.58115876,0.4602721,0
0.27188903,-0.059391737,0.8176992,1.809115,0.9519275,0.49342853,-1.3277667,-0.58219934,0.78115875,0.6602721,0
0.07188903,0.14060827,0.6176992,1.6925309,1.1206117,0.6934285,-1.1277666,-0.38219935,0.81666565,0.46027213,0
0.27188903,-0.04618159,0.65331936,1.523497,0.9206117,0.49342853,-1.3277667,-0.43430912,0.61666566,0.6602721,0
0.23921293,0.15381841,0.45331937,1.5439382,0.7206117,0.6934285,-1.3165617,-0.6343091,0.41666567,0.7971364,0
0.43921292,-0.04618159,0.31643748,1.3857759,0.5206117,0.8934285,-1.5165617,-0.8343091,0.4491032,0.75659704,0
0.6392129,0.07415675,0.11643748,1.22125,0.7206117,0.6934285,-1.7165618,-0.6343091,0.6491032,0.55659705,0
0.43921292,0.27415675,0.20389304,1.4212501,0.9206117,0.8934285,-1.5165617,-0.4627762,0.7857694,0.38068599,0
0.5817586,0.47415674,0.40389305,1.4913082,1.1206117,0.6934285,-1.3165617,-0.2627762,0.5857694,0.48507375,0
0.7817586,0.6741567,0.60389304,1.5800788,1.3206117,0.78335464,-1.1165617,-0.06277619,0.7857694,0.28507376,0
0.93151474,0.78422105,0.70607865,1.6182768,1.4104934,0.9330291,-0.9782533,-0.249328,0.55579126,0.46024895,0
0.8037169,0.95650506,0.62001336,1.6058328,1.1916505,1.1011226,-1.024385,-0.43667477,0.7345079,0.25292027,0
0.5772905,1.1058815,0.6808293,1.606982,1.3307339,0.91315037,-0.78829926,-0.60880566,0.8936018,0.050603792,0
0.69797015,0.968847,0.48526108,1.6182526,1.3519753,1.0016166,-0.73926437,-0.7977864,0.80299616,0.24718955,0
0.49797016,1.0536841,0.49953684,1.5924753,1.1519753,0.8016166,-0.5392644,-0.9977864,0.6029962,0.04718955,0
0.5479838,0.8536841,0.69953686,1.4307886,1.3519753,0.65595126,-0.3392644,-1.1977865,0.42095625,-0.024298906,0
0.34057418,1.0312479,0.79141736,1.571586,1.5189289,0.83772534,-0.13629901,-1.1346356,0.60773414,-0.20017149,0
0.14057417,0.95131516,0.99141735,1.371586,1.5739982,1.0377253,-0.018968903,-1.0797606,0.40773416,-0.4001715,0
0.32365662,0.7571989,1.1322353,1.2901075,1.6858772,0.7961124,0.0067102658,-1.2161902,0.39533368,-0.51393783,0
0.123656616,0.55719894,1.1245186,1.3331364,1.5844762,0.9961124,0.20671026,-1.0161902,0.19533367,-0.31393784,0
-0.07634339,0.7571989,1.3245187,1.3569063,1.6319565,1.0443313,0.30894855,-0.8161902,-0.0046663284,-0.11393784,0
-0.2699716,0.8373846,1.46231,1.4824771,1.4083986,1.2156401,0.24043812,-0.60198236,0.03441829,0.084077775,0
-0.38615912,0.9811847,1.1939248,1.4568794,1.5212643,1.3389484,0.12434772,-0.38020512,-0.031065404,0.26868796,0
-0.2082028,1.0170325,1.3284302,1.3365316,1.6403894,1.085434,0.0115314685,-0.55294377,-0.22020863,0.38449502,0
-0.0077542937,1.1504899,1.0667319,1.2594836,1.739764,1.2151514,-0.1781638,-0.33364615,-0.019103697,0.5525371,0
0.18982737,0.991656,1.2507972,1.229282,1.6982745,1.0023813,-0.37340674,-0.5269332,-0.21634749,0.7430706,0
0.12155877,0.8138518,1.4003649,1.3795977,1.4461918,1.1605844,-0.5457112,-0.5885839,-0.3179964,0.5241925,0
0.3007191,0.5806635,1.2832524,1.4941958,1.4505193,0.9086499,-0.7053939,-0.7459486,-0.48999065,0.6850386,0
0.10071703,0.7806474,1.08323,1.5651419,1.2504935,1.1086271,-0.60058874,-0.9459291,-0.6883747,0.48502862,0
-0.09095307,0.8157484,0.8091265,1.5859729,1.3287963,1.1243937,-0.7060579,-0.9472548,-0.8138395,0.26111457,0
-0.29095307,0.7791065,0.73111767,1.3859729,1.1979998,0.9243937,-0.680634,-1.1472548,-1.0138395,0.4611146,0
-0.4909531,0.5791065,0.5311177,1.4476812,1.2237774,0.7243937,-0.880634,-1.1398901,-0.8185329,0.6611146,0
-0.34641913,0.43707806,0.3311177,1.6051401,1.0237774,0.52439374,-0.7105457,-0.9398901,-0.65378094,0.86111456,0
-0.14641912,0.63707805,0.5311177,1.7042112,1.0943953,0.7243937,-0.51054573,-0.7398901,-0.45378095,0.6611146,0
-0.32022238,0.74474376,0.3311177,1.9042113,1.0029144,0.52439374,-0.7105457,-0.5398901,-0.57977265,0.5406021,0
-0.39101392,0.5447438,0.32669738,1.9519647,1.2029145,0.7243937,-0.51054573,-0.33989012,-0.77977264,0.7406021,0
-0.19101392,0.74474376,0.12669738,2.0831008,1.4029145,0.52439374,-0.7105457,-0.5398901,-0.57977265,0.5406021,0
-0.39101392,0.6668436,0.063313335,2.1437793,1.5895103,0.32439375,-0.51054573,-0.33989012,-0.37977266,0.7406021,0
-0.18213984,0.82657194,-0.13033651,2.1501524,1.6447858,0.11861469,-0.29611847,-0.514808,-0.5528377,0.5154869,0
-0.37722704,0.6185167,-0.32608968,2.2836862,1.5567313,-0.066599764,-0.09488276,-0.31076083,-0.34830165,0.7062885,0
-0.16433355,0.7589686,-0.487816,2.302995,1.4685193,0.1236952,-0.102164604,-0.10270284,-0.508412,0.63552505,0
-0.1122527,0.5589686,-0.287816,2.2181778,1.6685194,0.3236952,-0.121448256,0.09729716,-0.30841202,0.43552506,0
-0.015813224,0.342608,-0.25798944,2.278331,1.7316812,0.39746675,0.074971616,0.28374735,-0.11945732,0.60655993,0
-0.2119551,0.5329078,-0.056952752,2.1903732,1.6928594,0.19393662,-0.12279324,0.47509935,-0.31374636,0.79214096,0
-0.17533217,0.3255449,-0.25126976,2.2273266,1.6480238,-0.0059292833,-0.31565407,0.6601683,-0.5023839,0.57904464,0
0.02466783,0.44681343,-0.34737885,2.1240106,1.4480238,0.19407073,-0.5156541,0.4601683,-0.3023839,0.37904465,0
0.22466783,0.64681345,-0.28873804,2.0758762,1.615316,0.39407074,-0.7156541,0.6601683,-0.5023839,0.32759672,0
0.39050367,0.778688,-0.39226896,2.092784,1.5708474,0.54627824,-0.47417015,0.7909685,-0.27805737,0.11733167,0
0.3557849,0.978688,-0.59226894,2.1211264,1.3708473,0.7462782,-0.30728644,0.5909685,-0.23158047,0.31733167,0
0.30784962,0.8057282,-0.75530905,2.2128444,1.4599305,0.52079403,-0.48362118,0.37272957,-0.030107213,0.11185807,0
0.47713047,0.84158176,-0.89752364,2.2668946,1.1837189,0.52158433,-0.6054386,0.16228138,-0.21618833,-0.08281034,0
0.26924318,0.763433,-1.0662875,2.1599205,1.1891046,0.6976081,-0.6289754,0.08502061,-0.40434334,-0.27476138,0
0.43427968,0.8916472,-0.8017401,2.0681305,1.2236888,0.830727,-0.7672081,0.051641118,-0.5593135,-0.069190875,0
0.32859716,1.0266945,-0.89382,1.9335712,1.2200359,1.0051434,-0.783287,-0.14467648,-0.350395,-0.2103866,0
0.48943746,0.7654511,-0.86066085,1.9755113,1.0875496,1.1158637,-0.8345739,0.051225033,-0.5096205,-0.37998423,0
0.28094774,0.93713266,-1.0295497,1.7234323,1.2497835,1.2772671,-0.6159607,0.18060738,-0.30053878,-0.56297225,0
0.10236151,0.70014626,-1.0685296,1.7157831,1.2664129,1.4031438,-0.77501905,-0.01841958,-0.095494136,-0.4805444,0
0.30236152,0.6808947,-0.8685296,1.6352478,1.2919663,1.2031437,-0.97501904,0.18158042,-0.02379959,-0.6805444,0
0.102361515,0.48089468,-1.0685296,1.4808818,1.3233148,1.0031437,-1.175019,-0.018419579,0.17620042,-0.4805444,0
-0.02292133,0.3090912,-1.2123898,1.5660502,1.4558994,0.81812006,-1.3141665,0.17354444,0.111202136,-0.6504263,0
-0.22292133,0.2829251,-1.0123898,1.5166379,1.6558994,0.6181201,-1.1141665,0.37354445,0.31120214,-0.45042634,0
-0.022790635,0.08245228,-0.8077578,1.7068503,1.5014081,0.8134554,-1.2413006,0.5702743,0.50828743,-0.6217227,0
-0.22109102,-0.116650976,-0.60312134,1.6605213,1.4099536,1.005724,-1.3926611,0.76439804,0.34353766,-0.41850546,0
-0.42109102,-0.316651,-0.40312135,1.5422492,1.2099535,1.205724,-1.192661,0.9264353,0.5435377,-0.5637425,0
-0.5912142,-0.11103962,-0.5741089,1.6584405,1.0282327,1.3381034,-0.9449103,1.0722494,0.70777065,-0.40842772,0
-0.5214974,0.08486588,-0.5379792,1.6552529,1.0282552,1.085721,-1.0922146,1.2136928,0.86598957,-0.19883461,0
-0.30783835,0.15674554,-0.7066255,1.5340194,0.79306614,1.2310961,-1.2373139,1.1448162,1.0207001,-0.014137977,0
-0.10153588,-0.040726516,-0.853639,1.632677,0.7814823,1.3474576,-1.2579318,0.88959765,0.87346506,0.17499956,0
-0.28712824,0.15166326,-0.62240756,1.7451102,0.85844135,1.4735188,-1.301648,0.6566481,0.6412863,0.1298115,0
-0.10751053,0.32735193,-0.587142,1.81064,0.9852688,1.3652354,-1.270674,0.7974259,0.41077912,-0.065336205,0
0.09022514,0.12423408,-0.5631688,1.7845999,0.82570666,1.5269152,-1.0892137,0.9730068,0.5109609,-0.25884023,0
0.15241168,0.14997572,-0.36260372,1.8335344,0.62473303,1.724228,-0.88783,0.7718039,0.70985454,-0.45812625,0
-0.04758832,-0.050024286,-0.16260372,1.9342294,0.42473304,1.524228,-0.68783003,0.5718039,0.90985453,-0.25812626,0
-0.13074574,0.14997572,-0.2798135,2.0421169,0.5250891,1.3242279,-0.88783,0.7718039,0.70985454,-0.45812625,0
-0.33074576,0.3499757,-0.24427973,1.8421168,0.36543474,1.1242279,-1.0878301,0.9718039,0.50985456,-0.3689291,0
-0.53074574,0.1499757,-0.044279724,1.7656344,0.53555846,1.3242279,-0.8878301,0.7718039,0.33180937,-0.5689291,0
-0.33074576,-0.0500243,-0.18869147,1.5656344,0.7271203,1.1242279,-1.0878301,0.9718039,0.5318094,-0.3689291,0
-0.2652942,-0.20536278,0.011308536,1.5079074,0.92712027,1.3242279,-0.99954087,1.171804,0.3318094,-0.5689291,0
-0.06529419,-0.005362779,0.17790462,1.5695844,0.7391873,1.1242279,-1.0689294,1.371804,0.18949544,-0.3689291,0
0.13470581,-0.20536278,0.08883989,1.7387959,0.9391873,1.1741688,-1.206358,1.2214715,0.38949543,-0.16892909,0
0.32615173,-0.25566226,0.281458,1.889246,1.1100731,1.3390492,-1.0120878,1.031647,0.18465249,-0.17822386,0
0.4647772,-0.04916937,0.4252969,1.8455398,1.1572558,1.3595223,-0.8039709,1.0879779,0.30043584,-0.29462257,0
0.6647772,-0.24916938,0.6252969,1.8259797,0.9572558,1.1595223,-0.6039709,1.2879779,0.10043584,-0.09462257,0
0.8647772,-0.123479456,0.8252969,1.6259797,0.99129725,0.9595223,-0.8039709,1.0879779,-0.099564165,0.105377436,0
1.0647773,0.07652055,0.85187316,1.6322901,1.1322029,1.1595223,-0.666094,1.1680646,0.10043584,-0.09462257,0
1.2647773,0.27652055,0.6518732,1.5057292,0.9322029,0.9595223,-0.866094,0.9680646,0.30043584,-0.29462257,0
1.3270781,0.44256976,0.79117954,1.507574,1.0306982,0.70540845,-0.9901378,1.0848433,0.46478117,-0.45938212,0
1.1007943,0.2733045,0.968065,1.6677531,0.86300325,0.49362224,-0.77171165,1.2548805,0.64927834,-0.6440052,0
0.8512422,0.44726834,0.9025672,1.6273713,1.0045282,0.2774703,-0.699473,1.3748485,0.8025601,-0.70903695,0
0.6145647,0.23334236,1.0404714,1.4503337,1.1366901,0.38629428,-0.77847207,1.4861543,0.9460967,-0.48036838,0
0.7373506,0.4201236,0.8148335,1.5067189,1.2266585,0.1806115,-0.56082624,1.3505929,1.111136,-0.65961426,0
0.7340969,0.60118026,0.7391439,1.5514743,1.2641599,0.035073098,-0.34980384,1.5032258,0.8833028,-0.62021935,0
0.8615619,0.764899,0.6638462,1.5710869,1.2880476,0.22442788,-0.5249061,1.2442095,1.0342457,-0.40118983,0
0.6615619,0.964899,0.4738232,1.6171777,1.4880476,0.024427876,-0.3249061,1.1499524,0.83424574,-0.60118985,0
0.81100243,1.0965387,0.56225556,1.7008439,1.2124604,-0.16526894,-0.47608894,1.2707325,0.67042106,-0.37764663,0
0.91358876,0.810154,0.6888095,1.717691,1.2763649,-0.33007398,-0.61094534,1.3290223,0.42509434,-0.16052975,0
0.63953346,0.90532154,0.79657,1.7186755,1.1597941,-0.11657507,-0.72678643,1.3703424,0.56022286,-0.32311442,0
0.83953345,0.70532155,0.60168624,1.5186754,1.3597941,0.08342493,-0.52678645,1.3572795,0.36022288,-0.4385822,0
1.016492,0.49412102,0.7839167,1.6805807,1.1695638,-0.11399116,-0.7106771,1.5227622,0.15667151,-0.233294,0
0.8826111,0.27995947,0.93654233,1.697034,1.1023321,-0.18587792,-0.66159153,1.6398134,-0.04124228,-0.08663627,0
1.0612934,0.4705086,0.7220391,1.7743753,1.276688,-0.3782796,-0.45250234,1.4114621,-0.012940598,0.11113149,0
1.1531129,0.61299944,0.84295624,1.8050342,1.1634616,-0.52868086,-0.59653753,1.1075555,0.17101541,0.28444588,0
1.2293235,0.5065713,0.9475415,1.7759991,1.2067056,-0.6620175,-0.72366637,0.8245279,0.27624542,0.07672036,0
1.3310642,0.47202933,0.7001658,1.7217753,1.3175552,-0.8073869,-0.86512876,0.5849483,0.07141334,0.2591831,0
1.0682622,0.6347151,0.8501844,1.8124901,1.4332935,-0.5736619,-0.62819767,0.74136424,-0.12144693,0.3249605,0
1.1840732,0.7775903,0.6070242,1.7680776,1.5248731,-0.4481866,-0.7732207,0.5964722,0.073338605,0.11666544,0
1.2377955,0.8742722,0.36400726,1.7600785,1.5425775,-0.52187055,-0.5126391,0.70223063,0.24445044,-0.074527234,0
1.0328747,0.9802668,0.43932408,1.7885597,1.5900912,-0.43793842,-0.65027875,0.45828235,0.4055583,-0.25050443,0
0.8328747,0.9424783,0.63932407,1.5885596,1.4704903,-0.63793844,-0.6436475,0.25828236,0.6055583,-0.45050442,0
0.62199706,1.1228417,0.46764743,1.5896682,1.6417785,-0.82353616,-0.8291471,0.45040554,0.5310329,-0.24619883,0
0.42199707,1.3228418,0.26764745,1.4065069,1.4417784,-0.9331135,-1.0291471,0.6504055,0.7310329,-0.04619883,0
0.5686299,1.1802508,0.20507754,1.4012241,1.5009145,-0.9061109,-1.0623387,0.777441,0.64866304,-0.22507507,0
0.3481699,1.3036429,0.3825946,1.427231,1.4628668,-1.0447186,-0.81447643,0.5453914,0.8015598,-0.40148216,0
0.52762276,1.4472816,0.32987416,1.5387976,1.2155304,-1.1980627,-0.5914439,0.7174517,0.57901144,-0.19392996,0
0.6879928,1.3801942,0.122800566,1.4440606,1.3384336,-0.94370323,-0.73773,0.8674827,0.73658264,0.005739443,0
0.57678294,1.2263683,-0.053785957,1.5025318,1.4996575,-0.72495824,-0.91409457,0.65065885,0.9129761,-0.18936424,0
0.686484,1.2605568,0.12921704,1.504617,1.5020769,-0.5940871,-0.98458403,0.751772,0.6300945,-0.34410167,0
0.81579226,0.99135363,-0.06513845,1.5686842,1.3343999,-0.7307635,-0.98521006,0.8758739,0.7638995,-0.5007129,0
0.9750715,0.7596301,0.12945527,1.3138168,1.4728894,-0.50948644,-1.1376978,1.0327446,0.925259,-0.288658,0
1.139496,0.5426872,-0.06840897,1.2298242,1.4287814,-0.3001167,-1.2689328,1.1954231,0.7033016,-0.47386378,0
1.3010442,0.5250465,0.12781355,1.2090284,1.1935077,-0.2191217,-1.4267654,0.9813388,0.87737125,-0.55909145,0
1.4432315,0.32504654,0.32781357,1.090504,0.9935077,-0.41912168,-1.2267654,0.9083598,0.67737126,-0.7362854,0
1.2432314,0.12504654,0.52781355,1.2528547,1.1935077,-0.33976758,-1.0267653,1.1083598,0.47737128,-0.5362854,0
1.4432315,-0.07495347,0.32781357,1.341962,1.1407678,-0.16737796,-1.090224,0.9083598,0.2773713,-0.7362854,0
1.2432314,-0.21409883,0.12781356,1.5080321,1.2693022,-0.36737797,-0.89022404,1.1083598,0.47737128,-0.5362854,0
1.3171906,-0.012867539,0.29918483,1.5588657,1.3409847,-0.15276045,-0.81490636,1.1940976,0.61821485,-0.67198384,0
1.2610261,0.18713246,0.14210254,1.3807791,1.5409847,0.047239557,-0.67489916,0.99409765,0.41821486,-0.7145329,0
1.4610262,0.38713247,-0.057897463,1.3338518,1.3409847,0.12111836,-0.87489915,0.79409766,0.61821485,-0.5145329,0
1.2610261,0.18713246,0.14210254,1.454134,1.5409847,0.32111835,-1.0748992,0.6805845,0.6443086,-0.33110273,0
1.4534029,0.27104387,0.34031752,1.4121337,1.4138063,0.12048638,-1.2156163,0.4780769,0.8399032,-0.5283315,0
1.2472343,0.07069423,0.40304613,1.6041998,1.2078327,-0.079122305,-1.4086496,0.27670836,1.0347854,-0.32671568,0
0.99124056,-0.12239203,0.19218962,1.5724595,1.3325584,0.11441458,-1.522638,0.0726069,1.1687636,-0.119940415,0
0.7808637,-0.31816396,0.3870462,1.7492143,1.318167,0.31029114,-1.3052919,-0.12322132,1.1945539,-0.3157445,0
0.87489486,-0.4621835,0.52362394,1.528736,1.3541499,0.0983757,-1.3426659,0.0684838,1.2438916,-0.46002543,0
1.0748949,-0.6621835,0.72362393,1.4508398,1.1541499,-0.1016243,-1.1426659,-0.1315162,1.0438915,-0.26002544,0
0.8748949,-0.46218354,0.5704212,1.6000164,1.3117929,0.0983757,-1.3426659,0.0684838,0.84389156,-0.06002544,0
0.9790113,-0.23879606,0.7016975,1.63945,1.3769368,-0.09255914,-1.3875906,-0.11978459,0.95077354,-0.23683046,0
0.73971945,-0.26355785,0.8562176,1.7466717,1.1175743,-0.277803,-1.5075157,-0.30365527,0.8581192,-0.41479757,0
0.713764,-0.061031446,0.6301332,1.4950955,1.2652012,-0.45881048,-1.6286157,-0.099535,1.0160593,-0.59035957,0
0.913764,-0.22338876,0.43013322,1.4818325,1.0652012,-0.25881046,-1.4286157,-0.299535,0.8160593,-0.79035956,0
0.96135163,-0.42338878,0.23013322,1.3214111,0.8652012,-0.45881045,-1.6286157,-0.49953502,1.0160593,-0.59035957,0
0.76135164,-0.62338877,0.030133218,1.1341622,1.0652012,-0.25881046,-1.8286158,-0.51580304,0.8160593,-0.79035956,0
0.96135163,-0.42338878,0.23013322,1.1640627,0.8652012,-0.45881045,-1.6918879,-0.31580305,1.0160593,-0.99035954,0
1.1271117,-0.3653117,0.41745165,1.1618584,1.033796,-0.25117996,-1.4832419,-0.11238884,1.1802064,-1.1552644,0
0.81941646,-0.14610876,0.5457272,1.2036622,1.0904757,-0.39876997,-1.4877131,-0.2761011,1.2198788,-1.1978341,0
0.6028518,0.052450065,0.7257847,1.2762272,0.9279357,-0.1934544,-1.6425798,-0.21364738,0.9926048,-1.3604528,0
0.77414584,0.23662084,0.89268327,1.2696079,0.80995995,-0.37938645,-1.7766985,-0.08019453,0.84899473,-1.1189607,0
0.9741458,0.03662084,0.6926833,1.1672477,0.866323,-0.5793865,-1.5766984,0.11980547,0.64899474,-0.91896075,0
0.77414584,0.20707192,0.89268327,1.2197794,0.9304773,-0.37938648,-1.7273129,-0.08019453,0.44899476,-0.71896076,0
0.6422212,0.006773315,1.0465469,1.359832,0.94736814,-0.55492306,-1.8459361,-0.26836386,0.42834124,-0.8801595,0
0.47748777,-0.19284853,0.8448902,1.1808661,0.7459055,-0.3559657,-2.041932,-0.46744725,0.62711155,-1.0780456,0
0.28059822,-0.108305626,0.6448902,0.9909953,0.54590553,-0.5559657,-1.9980711,-0.6534851,0.42711157,-0.8992132,0
0.26459247,0.002865374,0.4448902,0.8836224,0.7459055,-0.35596573,-2.198071,-0.8534851,0.62711155,-1.0992132,0
0.4599795,0.20085111,0.24245867,0.84606814,0.5404852,-0.15441714,-2.2166843,-0.6469966,0.8188991,-1.2863133,0
0.24208163,0.3732552,0.41199833,0.60159063,0.6895077,-0.33001786,-2.2503116,-0.47765827,0.94875467,-1.2222494,0
0.3922901,0.5436877,0.2776124,0.5766341,0.4642598,-0.5026805,-2.1440232,-0.26333717,1.089504,-1.3488923,0
0.5390439,0.67683107,0.070635125,0.4809855,0.24050316,-0.63951033,-2.1332984,-0.057643227,1.0033872,-1.4096488,0
0.33904392,0.47683108,0.27063513,0.4087639,0.44050318,-0.43951035,-1.9332983,-0.25764322,0.8033872,-1.2784258,0
0.22244017,0.66393816,0.17286864,0.4458127,0.6283023,-0.62732834,-2.0926614,-0.20366728,0.98427373,-1.4502634,0
0.021217544,0.6690579,0.35255343,0.6106265,0.7428475,-0.7822525,-1.7895423,-0.0034674734,1.1197503,-1.5603511,0
0.22121754,0.46905792,0.49259734,0.8106265,0.71976405,-0.5822525,-1.5895423,-0.14258899,1.3197503,-1.427571,0
0.19981381,0.35561514,0.4897363,0.6691995,0.91976404,-0.7822525,-1.5864059,-0.342589,1.1214559,-1.227571,0
0.39177677,0.32683057,0.6758712,0.53003764,1.0972545,-0.9625072,-1.4894454,-0.13972266,1.2948921,-1.398874,0
0.48924538,0.12034166,0.8310599,0.69268745,1.1886288,-1.1030309,-1.60301,0.057193432,1.0388751,-1.1375372,0
0.6892454,0.04169724,0.6310599,0.73878485,1.058467,-1.303031,-1.40301,0.25719345,0.8388751,-1.067336,0
0.4892454,-0.15830275,0.8310599,0.7636476,1.2584671,-1.503031,-1.20301,0.057193443,0.6388751,-0.867336,0
0.3902864,0.04169725,1.0310599,0.9296909,1.0887897,-1.303031,-1.40301,0.25719345,0.8388751,-1.067336,0
0.19028638,0.24169725,0.8310599,1.1296909,1.2887897,-1.1030309,-1.60301,0.45719343,0.6388751,-0.8905376,0
0.26868278,0.14215231,1.0081155,0.9090024,1.3250633,-1.1065873,-1.64546,0.25616243,0.4291088,-1.0617911,0
0.32942882,-0.053934462,0.8144888,0.9416607,1.4218972,-1.2182004,-1.7206199,0.42530435,0.21361023,-0.8034934,0
0.52942884,-0.15190583,0.61448884,0.74468815,1.2218971,-1.4182005,-1.5206199,0.62530434,0.013610229,-0.926652,0
0.6779058,0.04469705,0.75695765,0.8158986,1.3214619,-1.1321532,-1.5990844,0.7670092,-0.17322418,-1.0470712,0
0.87679845,-0.02811949,0.55625516,0.9432779,1.1200473,-1.3304728,-1.3973196,0.6285807,-0.32816824,-1.2454983,0
0.638435,-0.16873854,0.67161226,1.0458513,1.241853,-1.4398137,-1.126395,0.40319327,-0.35101604,-1.3598727,0
0.8135972,-0.36195526,0.8555782,1.1972128,1.0972373,-1.3637258,-0.90935314,0.592097,-0.5408796,-1.2280002,0
0.93045956,-0.51586235,0.6018061,1.0615277,1.0747156,-1.410697,-0.7241481,0.72712725,-0.6801109,-1.3108722,0
0.722776,-0.38013753,0.46742573,1.248258,1.2613072,-1.377941,-0.91005015,0.52158254,-0.8708532,-1.0991871,0
0.522776,-0.18013753,0.47833717,1.048258,1.0613072,-1.177941,-1.1100502,0.72158253,-1.0708532,-1.2991872,0
0.31876352,-0.25815624,0.6699046,1.0509194,1.2456276,-0.965784,-0.8987372,0.91012615,-0.9957697,-1.4719372,0
0.51876354,-0.3401085,0.8699046,1.2509195,1.0456276,-1.165784,-0.7538493,0.71012616,-0.7957697,-1.3844802,0
0.6664991,-0.26535544,0.99716204,1.2261944,1.1609378,-1.2729248,-0.5161933,0.47544286,-0.58827555,-1.4767519,0
0.6332832,-0.11829683,1.0733665,1.1477296,1.1378142,-1.2601593,-0.6421335,0.24695998,-0.70676196,-1.5033633,0
0.7477312,-0.03180643,1.1426318,1.0198824,0.84153014,-1.3102468,-0.7556728,0.31858,-0.8126564,-1.5284814,0
0.90185565,0.16005206,1.2776408,0.95744306,0.9911142,-1.2771993,-0.8991459,0.11284006,-0.58300036,-1.3554875,0
0.678299,0.3411433,1.4280462,1.0153785,1.1511364,-1.0410448,-0.80080134,0.3023401,-0.75672024,-1.28024,0
0.87617177,0.14080146,1.2250719,1.049538,1.065989,-1.2380391,-0.5993462,0.10209222,-0.6252561,-1.476655,0
0.9307129,-0.052966766,1.275056,1.0968308,0.77821475,-1.2866582,-0.48755205,-0.08760112,-0.73838216,-1.5001551,0
1.0958765,-0.19623005,1.0419343,0.99803466,0.56040037,-1.1405071,-0.666369,-0.27874032,-0.9094713,-1.6477746,0
1.1192576,-0.3197033,0.7625567,0.83846927,0.52162707,-1.2141241,-0.7846877,-0.43360466,-1.0048703,-1.6735663,0
0.9192576,-0.35134113,0.5625567,0.6384693,0.32162708,-1.014124,-0.5846877,-0.28802037,-1.1778659,-1.4735663,0
0.7192576,-0.15134113,0.3625567,0.6673117,0.52162707,-0.81412405,-0.74378395,-0.08802037,-0.9778659,-1.6735663,0
0.9192576,-0.35134113,0.5625567,0.8409127,0.70985657,-1.014124,-0.5493728,0.11197963,-1.1778659,-1.8735664,0
1.0457791,-0.14140569,0.7124954,0.9725776,0.6363151,-0.7606774,-0.6628609,0.23514377,-1.28741,-1.8158094,0
0.79370815,-0.1810942,0.48094326,0.8605881,0.6846975,-0.9015326,-0.6245666,0.40835384,-1.3958366,-1.8917046,0
0.8690988,-0.33330563,0.33426595,0.92759216,0.7737579,-0.9634022,-0.55370575,0.18222661,-1.3957214,-1.8294083,0
0.66757643,-0.5007066,0.5016082,0.82132494,0.5808505,-1.0922877,-0.332085,0.29247236,-1.4215347,-1.9053578,0
0.8675764,-0.46455193,0.43941322,1.021325,0.5019737,-1.2922877,-0.13208501,0.49247235,-1.2215346,-1.7053578,0
0.6354058,-0.2630917,0.22787584,1.1068922,0.6681454,-1.3093568,-0.18241985,0.6591019,-1.3530306,-1.6705347,0
0.8226895,-0.062131345,0.027451523,1.2556328,0.85493076,-1.0924704,0.01731255,0.6761799,-1.1354795,-1.7523481,0
0.9938668,-0.07164497,-0.1676855,1.4146084,1.0251994,-0.86731774,0.013445295,0.4627596,-1.2978414,-1.5085979,0
0.9224161,-0.114157,-0.30091757,1.3273414,0.9732897,-1.0673177,-0.11436012,0.6627596,-1.0978414,-1.3085978,0
0.7224161,-0.057948448,-0.21209137,1.5273415,1.1732898,-0.86731774,-0.3143601,0.8627596,-0.8978414,-1.5085979,0
0.9224161,-0.19531131,-0.41209137,1.3610148,1.303194,-0.66731775,-0.4809521,0.6627596,-0.9467894,-1.3085978,0
0.6810819,0.004420424,-0.43051606,1.4168844,1.4171865,-0.6412428,-0.26487696,0.81339544,-1.081174,-1.422281,0
0.4810819,-0.19557957,-0.63051605,1.4513965,1.5712259,-0.8412428,-0.06487696,0.61339545,-0.881174,-1.222281,0
0.4592633,-0.1584714,-0.43051606,1.4940864,1.5629488,-0.6412428,0.13512304,0.81339544,-1.081174,-1.1865053,0
0.6153327,0.038761303,-0.24177592,1.5665908,1.3603703,-0.50588846,-0.036494963,0.94586694,-1.195802,-1.2941144,0
0.41533273,0.21343435,-0.4094365,1.4394903,1.5603703,-0.600822,-0.23649496,0.74586695,-1.3531667,-1.0941143,0
0.2794373,0.013228543,-0.32219446,1.4403945,1.7334025,-0.7885538,-0.42980808,0.93137676,-1.1355008,-0.880417,0
0.11658777,-0.035397146,-0.38306183,1.3272958,1.5334024,-0.7211469,-0.62980807,1.1313767,-0.9355008,-1.080417,0
0.31658778,0.0044343583,-0.5022215,1.3152776,1.3334024,-0.92114687,-0.74015015,0.93137676,-0.801075,-0.88041705,0
0.1996885,-0.19556564,-0.30222154,1.3379656,1.5222776,-0.7211469,-0.63401306,1.1313767,-1.001075,-0.89294094,0
-0.00031150877,0.004434362,-0.31039998,1.3720691,1.3222775,-0.5211469,-0.46791273,0.93137676,-0.94322765,-1.0929409,0
-0.20031151,0.20443437,-0.11039998,1.4672312,1.5222776,-0.3211469,-0.3730987,1.1313767,-0.74322766,-0.89294094,0
-0.22909549,0.40443438,-0.109684244,1.3304485,1.3222775,-0.17409001,-0.39793462,1.3313768,-0.8110047,-0.8902151,0
-0.42454338,0.51578623,-0.3063989,1.5142125,1.5061282,0.02563512,-0.2708771,1.515131,-0.60452276,-1.0786494,0
-0.62454337,0.7157862,-0.106398895,1.6254274,1.3061281,-0.004406819,-0.21013188,1.315131,-0.80452275,-0.8786494,0
-0.7771561,0.8631552,-0.2887899,1.7205186,1.084318,0.18435226,-0.009549593,1.4280552,-0.56978035,-1.0166585,0
-0.64946973,0.6631552,-0.2737813,1.7310096,0.99108,-0.01564774,0.19045042,1.2280551,-0.36978036,-0.91072834,0
-0.44946975,0.4631552,-0.0737813,1.5310096,1.0529722,0.18435226,-0.009549588,1.0280551,-0.56978035,-1.1107284,0
-0.24946974,0.54092366,-0.01862292,1.6864073,0.99380845,-0.01564774,0.19045042,0.8280551,-0.36978036,-1.3107284,0
-0.22707085,0.74092364,-0.21862292,1.8609817,0.79380846,-0.21564774,0.39045042,0.6280551,-0.16978036,-1.1326119,0
-0.14899051,0.94092363,-0.103661284,2.0609818,0.99380845,-0.01564774,0.4765608,0.4280551,-0.36978036,-1.3326119,0
-0.33136797,1.0833118,-0.2883277,1.9960995,1.1335262,-0.20241432,0.26259565,0.596341,-0.32614663,-1.3387611,0
-0.50395805,0.83774734,-0.46313795,2.0098019,1.0469263,-0.0022897767,0.43873328,0.59811085,-0.11963952,-1.4593862,0
-0.28629676,0.60069144,-0.6246067,1.8974371,1.0746366,-0.19053584,0.6016201,0.7517371,0.075691186,-1.5629686,0
-0.42092928,0.4173905,-0.40067708,1.7855353,1.2028017,0.008930786,0.45961112,0.89809984,0.260154,-1.6636127,0
-0.21527877,0.60160005,-0.58135194,1.5449835,1.3669236,0.17805229,0.2529713,1.0700147,0.44838506,-1.5989468,0
-0.19254886,0.7493206,-0.35648063,1.4616008,1.4647307,-0.020516308,0.049516566,1.1088467,0.6060982,-1.5468947,0
0.007451147,0.54932064,-0.55648065,1.3073583,1.2647307,-0.22051631,0.24951658,1.3088467,0.80609816,-1.3468946,0
-0.19254886,0.7493206,-0.35648066,1.1459469,1.4647307,-0.020516306,0.4495166,1.5088468,0.6060982,-1.1468946,0
0.007451147,0.54932064,-0.55648065,1.3459469,1.5959873,-0.22051631,0.40767348,1.5629565,0.4060982,-0.9468946,0
-0.17208543,0.4042568,-0.33463258,1.3784583,1.6859145,-0.27045318,0.5704302,1.6549081,0.5689515,-0.70111877,0
0.027143922,0.5875749,-0.24137916,1.3909608,1.5113542,-0.45746526,0.6707132,1.803699,0.41457787,-0.540792,0
0.13392045,0.3875749,-0.041379154,1.2857766,1.3113542,-0.25746524,0.7709472,1.604045,0.6145779,-0.740792,0
0.33392045,0.18757491,0.115741044,1.2979586,1.2197753,-0.05746524,0.57094723,1.4148322,0.41893452,-0.89283925,0
0.25502545,0.3875749,0.31574106,1.4979587,1.3395609,-0.25746524,0.45637813,1.6148323,0.6189345,-0.69283926,0
0.055025443,0.5875749,0.11574106,1.4303777,1.4784229,-0.05746524,0.58351547,1.5074123,0.41893452,-0.69118035,0
0.25502545,0.3875749,-0.00022607297,1.5177598,1.5726681,-0.25746524,0.45196235,1.3074123,0.21893452,-0.89118034,0
0.42656705,0.32763433,-0.18770346,1.556519,1.6618012,-0.42885426,0.4551403,1.4131352,0.23814416,-1.0229353,0
0.31343073,0.47654325,-0.35016197,1.5036161,1.6815221,-0.567962,0.5562588,1.4569346,0.39571843,-0.7432501,0
0.37356862,0.25924417,-0.35842752,1.597047,1.7638241,-0.71992236,0.5299858,1.1783073,0.18347532,-0.88424534,0
0.23410764,0.38443637,-0.15842752,1.5993094,1.8382552,-0.5199224,0.59679216,0.9783073,0.23996608,-0.68424535,0
0.41404334,0.17591177,-0.24662206,1.716146,1.7235389,-0.30513567,0.75996464,1.1238463,0.41963097,-0.8433758,0
0.5353865,0.15992524,-0.22013906,1.7390898,1.7396747,-0.23901837,0.55996466,0.9238463,0.619631,-0.6433758,0
0.3353865,-0.040074766,-0.03236334,1.7754613,1.7531426,-0.039018363,0.46587682,0.7238463,0.819631,-0.44337583,0
0.52514267,-0.23548129,-0.11276115,1.8472874,1.8034923,-0.23444511,0.52300787,0.51382333,1.000122,-0.6310658,0
0.69006336,-0.41441458,-0.22766772,1.6345203,1.7181387,-0.3489331,0.68803185,0.6792916,1.1420652,-0.56186426,0
0.49006337,-0.5325713,-0.15532133,1.7458478,1.5929598,-0.5489331,0.5045892,0.47929162,1.1544294,-0.48533878,0
0.28931704,-0.4575836,0.044563714,1.5941284,1.7883465,-0.74700606,0.6898288,0.67754376,1.0026346,-0.6835754,0
0.48931706,-0.6575836,-0.15543629,1.6146388,1.7460974,-0.94700605,0.48982882,0.47754377,0.80263466,-0.71151096,0
0.28931707,-0.4575836,-0.3554363,1.4559621,1.7320845,-0.74700606,0.4173685,0.67754376,1.0026346,-0.51151097,0
0.48315325,-0.6493002,-0.15347831,1.3608848,1.9077467,-0.9350769,0.45325777,0.8664896,0.7925241,-0.6092638,0
0.27913904,-0.4429306,0.045862164,1.4683725,2.0778656,-1.1189852,0.24966738,0.6570409,0.584124,-0.40346175,0
0.079125576,-0.64282125,0.22284847,1.2681566,2.2463572,-0.91882885,0.049658924,0.45696315,0.7839906,-0.4542548,0
-0.11402952,-0.70570624,0.3989033,1.3850176,2.205128,-0.8549222,-0.097683854,0.35227564,0.5509203,-0.6172055,0
-0.15518409,-0.5952461,0.59687126,1.5796398,1.9983246,-0.8294036,0.01786065,0.5504018,0.34972966,-0.81443274,0
-0.3384042,-0.7576765,0.7592249,1.6955649,1.7133669,-0.9807718,0.20756833,0.7149508,0.14265603,-0.6228298,0
-0.2942974,-0.5463384,0.93972284,1.4665446,1.8744662,-0.7648979,0.39928207,0.8963489,-0.05617811,-0.71857977,0
-0.34472016,-0.34188887,1.1123972,1.5036567,1.6601505,-0.95250154,0.19672182,1.0822637,0.14197417,-0.6102121,0
-0.4326264,-0.26323384,0.87986386,1.614844,1.408086,-1.1114068,0.033129644,1.2365421,-0.05595681,-0.78132236,0
-0.36246035,-0.46323383,0.67986387,1.6056391,1.2080859,-1.3114069,0.23312965,1.036542,-0.25595683,-0.98132235,0
-0.15874612,-0.35838282,0.8205571,1.764358,1.0860659,-1.4768527,0.23005617,0.86667633,-0.4455326,-0.8348063,0
0.037960052,-0.1457371,0.8633979,1.7526066,1.1833829,-1.1749051,0.39571926,0.9815099,-0.59399146,-0.9521845,0
-0.16083369,-0.34316334,0.6584594,1.938071,1.2350929,-1.0804499,0.32471883,0.77569216,-0.3910585,-1.0553627,0
0.039166316,-0.16475128,0.45845944,1.9861686,1.0350928,-0.88044995,0.12471883,0.97569215,-0.2829491,-1.2553627,0
-0.1536271,0.03366931,0.24687849,1.8257021,1.1797513,-0.9585978,-0.03661096,1.1230122,-0.27456737,-1.3901514,0
-0.32932967,-0.15490225,0.05067195,1.8444406,1.2849498,-1.0789915,0.030630752,0.87093395,-0.44196025,-1.3011177,0
-0.1274282,0.044434704,-0.14713256,1.9030277,1.1645526,-1.2601871,0.2272399,0.87497413,-0.63252187,-1.0849284,0
0.03571218,-0.14051783,0.0477537,1.7681596,1.2325627,-1.3189467,0.38591397,0.9709944,-0.39068505,-1.1606404,0
0.22529738,-0.32547224,0.12186162,1.8811976,1.1293433,-1.1846374,0.5600257,0.7566829,-0.18225974,-1.3005213,0
0.42306647,-0.34827352,0.32017326,1.8821034,1.0190437,-1.3773743,0.7560389,0.5537628,0.017647207,-1.113879,0
0.3827732,-0.35630092,0.11220771,1.9440936,0.8827805,-1.4728198,0.7187038,0.33031404,0.20322071,-1.1484784,0
0.5827732,-0.20816445,0.3122077,1.7681546,0.8489308,-1.2728198,0.5187038,0.24924627,0.050689057,-1.3484784,0
0.7545805,-0.007870397,0.4937598,1.6605526,1.011152,-1.4197742,0.34731084,0.14699599,-0.1439333,-1.4927078,0
0.91560733,-0.19938356,0.4137122,1.7034614,1.1380442,-1.279953,0.34175602,-0.05083999,0.053777643,-1.411833,0
0.7034032,-0.22938599,0.3116854,1.6997699,0.9220466,-1.4547136,0.5325168,0.1466162,-0.14372864,-1.4745004,0
0.9026296,-0.029360821,0.48376563,1.6848162,0.7882986,-1.5175883,0.73188955,0.16395558,0.056223176,-1.273409,0
0.8680942,-0.22751811,0.6782722,1.7263231,0.9803585,-1.5060475,0.5276163,0.21994348,0.25416464,-1.0647851,0
0.83818895,-0.026965126,0.8222597,1.6665754,1.156639,-1.2798021,0.32103282,0.17396462,0.44503808,-1.239369,0
0.93517053,-0.20444362,0.9208219,1.6813571,0.8617127,-1.3329629,0.21502051,0.33685648,0.2207232,-1.2965419,0
1.1351706,-0.12993792,0.7208219,1.5106777,0.6617127,-1.1329628,0.015020505,0.5368565,0.4207232,-1.496542,0
0.9351706,-0.06971142,0.5208219,1.3624495,0.70926607,-0.93296283,-0.1849795,0.33685648,0.6207232,-1.696542,0
1.0681607,0.12603636,0.7208219,1.1700665,0.55832994,-1.1329628,-0.25770107,0.13685648,0.4207232,-1.8965421,0
1.2681607,-0.07396364,0.5208219,1.121993,0.7583299,-0.93296283,-0.4577011,0.29442877,0.2207232,-1.7846553,0
1.4681607,0.12603636,0.66627103,1.321993,0.55832994,-1.1329628,-0.2577011,0.2972849,0.26327783,-1.5846553,0
1.5621083,0.09061037,0.81119823,1.4225204,0.5220682,-0.87365013,-0.17167993,0.09110005,0.059254967,-1.6711967,0
1.523611,0.2512769,0.8743349,1.402916,0.6243379,-0.928334,0.021821134,-0.094160594,-0.064635515,-1.6179346,0
1.7057564,0.05074574,0.6673496,1.5863117,0.6730627,-0.7207893,-0.17633316,-0.29111344,-0.2618942,-1.4032464,0
1.4770757,0.24596971,0.5739996,1.5025178,0.85643315,-0.90325075,-0.36916503,-0.08937797,-0.060715273,-1.5727088,0
1.3726066,0.04377067,0.73697394,1.621075,1.0058969,-1.0504749,-0.16107273,0.105330236,0.13262181,-1.3315656,0
1.1331424,0.23556653,0.9054399,1.7597865,1.1653123,-1.0099529,-0.19390611,0.17102857,0.32142738,-1.0934825,0
1.072886,0.40599546,0.6575469,1.7868248,1.2461468,-0.88613456,-0.36716342,0.34583905,0.113183536,-1.2056667,0
1.2481527,0.20199278,0.73632365,1.6413045,1.2689868,-1.06503,-0.16391529,0.53523296,0.30709812,-1.0064753,0
1.3456137,0.2273657,0.5200827,1.6354543,1.1823223,-1.1038259,-0.017668456,0.3114962,0.47119215,-1.1210487,0
1.3667573,0.07046476,0.65067697,1.6585426,1.2490861,-0.81671,-0.19668831,0.100749545,0.6064988,-1.144096,0
1.228031,0.24507466,0.64672667,1.5621881,1.3130519,-0.9212655,-0.35944885,-0.08993323,0.6162299,-1.2179178,0
1.349403,0.13916303,0.4221297,1.5080792,1.3049142,-0.7621391,-0.15066952,0.10400644,0.77128786,-1.3398466,0
1.3700082,-0.0604177,0.61784214,1.4960834,1.4945428,-0.558265,-0.34825277,0.30191132,0.6784395,-1.131991,0
1.1397188,0.13476712,0.7896289,1.4940724,1.636086,-0.34590587,-0.5293396,0.4184404,0.75395024,-1.0034692,0
0.93888766,-0.021133356,0.5891074,1.5143454,1.834462,-0.14577682,-0.45132875,0.6178934,0.9280841,-0.8027586,0
0.6831461,-0.2044511,0.72957724,1.5129238,1.8809825,0.050132595,-0.60219264,0.4251519,0.8525004,-0.9271107,0
0.45121637,-0.37772205,0.8681441,1.5997216,1.6570854,-0.1399631,-0.749178,0.21027225,0.9283999,-1.0526232,0
0.63217807,-0.5608324,0.73208594,1.6127802,1.8027936,0.05828172,-0.61534464,0.32422706,0.70710516,-0.9547653,0
0.83217806,-0.49232617,0.53208596,1.5084642,1.8791789,0.2582817,-0.5326844,0.5242271,0.6815158,-0.789925,0
0.8994627,-0.2729304,0.68351233,1.4038271,1.9412261,0.42787486,-0.46213657,0.6761749,0.44956744,-0.9242438,0
0.7823441,-0.43865255,0.81947553,1.4875821,1.7659296,0.21135853,-0.24313697,0.8126699,0.6024869,-1.0321642,0
0.8520209,-0.20699158,0.8842263,1.4636981,1.7051185,0.009851644,-0.037414182,0.87832355,0.69602454,-1.0686985,0
0.58954847,-0.006321692,0.9761798,1.4887549,1.7225823,0.18974501,0.1470079,0.9700975,0.44849867,-1.14714,0
0.3543819,-0.18769595,1.0699998,1.5363021,1.7490207,0.35456064,-0.04820823,1.0644666,0.22606538,-0.98119986,0
0.14228156,0.011339671,1.1704583,1.2833935,1.796258,0.1424463,-0.1355779,1.1653588,0.39267072,-1.0886184,0
-0.05404434,0.13817473,1.0052478,1.3588947,1.6174568,0.32064766,0.06032127,1.2784461,0.5549439,-1.2065907,0
0.12634917,0.29274705,1.0433446,1.2933303,1.5733143,0.26621342,0.20766947,1.2798436,0.65353084,-1.2176406,0
0.011026897,0.4132506,1.1836444,1.4216268,1.3194286,0.06303412,0.35192773,1.0279939,0.8125478,-1.3495713,0
0.2110269,0.5077404,0.9836444,1.3423295,1.3520927,-0.13696589,0.42475733,1.0947353,1.0125479,-1.1495713,0
0.10342235,0.60258824,0.84941083,1.5423242,1.3384478,-0.33696473,0.3646763,1.2106428,0.81254506,-1.1670765,0
-0.09657765,0.6717941,0.64941084,1.6267855,1.1384478,-0.13696472,0.5646763,1.4106429,0.6125451,-0.9670765,0
0.10342235,0.47179413,0.84941083,1.556126,0.9384478,-0.33696473,0.52681434,1.6106429,0.41254508,-0.7670765,0
-0.09462987,0.6582453,1.0282463,1.5667773,0.7481737,-0.52613515,0.5680184,1.7741258,0.60019124,-0.61538357,0
-0.29399854,0.4572634,0.82647157,1.5552226,0.901775,-0.66549593,0.3672298,1.9698957,0.39933372,-0.4144935,0
-0.09399854,0.6037178,0.6264716,1.5406888,0.7468173,-0.46549594,0.3835302,1.7698957,0.19933371,-0.6144935,0
0.07116708,0.61711675,0.6013921,1.6313529,0.5468173,-0.63793266,0.18907286,1.9698957,0.39933372,-0.51502615,0
-0.11766721,0.782307,0.76725227,1.4789659,0.7150024,-0.8022362,-0.010461638,2.0774567,0.19084197,-0.30160585,0
-0.30911127,0.9558499,0.9412006,1.5712315,0.89035803,-0.58601576,0.08232637,1.8268899,0.38031515,-0.10525102,0
-0.33449405,0.7558499,0.8919787,1.6525091,0.8748584,-0.38601577,0.1879904,1.6268898,0.5803152,0.09474898,0
-0.1804276,0.5552175,1.0907364,1.7675182,1.0540391,-0.5853491,0.387549,1.5844666,0.3798825,0.29441366,0
-0.287392,0.6859314,1.1723201,1.7870117,1.1288983,-0.3499959,0.20557801,1.4295883,0.4411522,0.44905457,0
-0.08244472,0.4584228,1.294633,1.8165289,1.2288277,-0.5188606,0.38261822,1.1599813,0.40135553,0.6123116,0
0.11487652,0.25253406,1.3566337,1.9705777,1.0053836,-0.7024797,0.23671955,0.93810594,0.5876523,0.64320284,0
-0.07689215,0.18776678,1.3358876,1.9448011,1.0888247,-0.79643756,0.20310315,0.66673213,0.7114874,0.76166624,0
-0.13411342,-0.011523828,1.3420217,2.020425,1.2140864,-0.56185037,0.31394836,0.43966654,0.8586306,0.5290955,0
0.06371637,-0.20455651,1.4912295,1.9585766,1.3675083,-0.34993148,0.11019505,0.61859673,0.6369362,0.3182555,0
0.23415184,-0.0570482,1.2912295,2.1585765,1.1675082,-0.54993147,-0.089804955,0.8185967,0.4382856,0.11825551,0
0.032501772,0.04899396,1.0385062,2.2446206,1.3014364,-0.6891724,-0.09492289,0.5887089,0.5135226,0.30287883,0
-0.010999039,-0.15100604,0.83850616,2.0446205,1.1014364,-0.8891724,-0.2949229,0.5462476,0.31352264,0.23561263,0
0.08307288,-0.21372941,1.0385062,2.2446206,0.9014364,-1.0891724,-0.2276459,0.3462476,0.113522634,0.04393235,0
0.093281545,-0.41372943,0.83850616,2.157425,0.8391139,-1.2891724,-0.21590124,0.14624761,0.31352264,0.20766394,0
-0.102210335,-0.59249276,0.6385062,2.1868255,0.6391139,-1.0891724,-0.41590124,-0.053752393,0.5135226,0.40766394,0
-0.15175414,-0.43458205,0.83113307,2.2776067,0.6510734,-1.2778366,-0.61048555,0.14496164,0.3107658,0.6023207,0
0.044090547,-0.5799268,0.61576164,2.249497,0.7777722,-1.3505536,-0.7406801,0.3152508,0.10122577,0.36766964,0
-0.1356317,-0.7651555,0.81485003,2.2811384,0.6823541,-1.1492679,-0.7155837,0.43851987,-0.09866385,0.16748227,0
-0.22018005,-0.53768593,0.5806579,2.343161,0.7062876,-1.1054677,-0.8646676,0.6030114,0.041596565,-0.030709403,0
-0.34156775,-0.33768594,0.3806579,2.2252483,0.50628763,-0.9054677,-0.6646676,0.40301144,0.1882483,-0.2307094,0
-0.5253039,-0.53768593,0.18065791,2.3936298,0.7062876,-0.7054677,-0.8646676,0.20301144,-0.0117516965,-0.0307094,0
-0.7253039,-0.51906157,0.036049485,2.1936297,0.815071,-0.5054677,-0.6646676,0.40301144,0.1882483,-0.2307094,0
-0.89044034,-0.6919688,0.22715563,2.3000488,0.97682524,-0.6788871,-0.8320887,0.35532728,0.3736199,-0.11477928,0
-1.081326,-0.4878567,0.026928643,2.231829,1.0185623,-0.562353,-0.87688875,0.5506856,0.29598945,-0.3121482,0
-1.1963027,-0.6422134,-0.0056907786,2.265066,1.0239706,-0.3383088,-0.63197327,0.47626984,0.089619994,-0.47816423,0
-1.2629671,-0.40910172,0.1797599,2.1903343,1.1323233,-0.49800178,-0.61745083,0.6256327,0.19653815,-0.25733608,0
-1.3718519,-0.4357555,0.35610804,2.2414618,0.87425715,-0.2794419,-0.39145154,0.77421135,0.37184128,-0.20942424,0
-1.408368,-0.21123521,0.49826878,2.1875322,0.9625266,-0.42957646,-0.20398386,0.8728863,0.15396854,-0.00844405,0
-1.208368,-0.30520234,0.2982688,2.0826054,0.79017025,-0.62957644,-0.40398386,1.0728863,0.2043852,0.11076446,0
-1.2103226,-0.31540018,0.49826878,1.8826053,0.75002503,-0.82957643,-0.20398386,1.2728864,0.004385203,-0.089235544,0
-0.99835074,-0.5092929,0.29473445,2.0174031,0.6357307,-0.88672674,-0.39919683,1.4554335,-0.19329686,-0.28580824,0
-0.95019495,-0.28531682,0.08739072,2.0455122,0.76469284,-0.89134806,-0.32611895,1.5271059,0.006183517,-0.07915646,0
-1.1008179,-0.08165423,-0.057538178,2.149114,0.7668135,-0.81826454,-0.42771608,1.2701341,-0.18549606,-0.26717246,0
-1.0698336,0.095117934,-0.24050705,2.1036017,0.72452027,-0.95092624,-0.21265711,1.3729135,0.013544789,-0.062730305,0
-1.1605194,-0.10488207,-0.44050705,1.9167678,0.6004726,-0.75092626,-0.238065,1.1729134,-0.18645522,0.1372697,0
-1.20073,0.09361378,-0.23670377,2.0832942,0.5743311,-0.9358887,-0.10718036,1.3512028,0.013330591,0.33193627,0
-1.171532,-0.10057535,-0.41285077,2.0526776,0.6297655,-1.0738459,0.08774979,1.2479019,0.20167837,0.2794357,0
-0.9247698,-0.22588648,-0.58335274,2.0934317,0.7898268,-0.92844206,0.06259888,1.302286,0.2924033,0.31594554,0
-1.0018798,-0.055784672,-0.5055445,2.1006174,0.9261157,-0.6815552,0.07779571,1.2881861,0.46070933,0.35358137,0
-1.055568,-0.05194453,-0.7055445,1.9006174,1.1261157,-0.48155522,0.2777957,1.088186,0.6607093,0.15358137,0
-0.855568,-0.25194454,-0.66861695,1.9737792,0.92673707,-0.28155524,0.0777957,1.0205773,0.8607093,-0.046418637,0
-0.655568,-0.45194453,-0.46861696,2.020527,1.1267371,-0.48155522,-0.049972907,1.2205774,0.6607093,-0.24641864,0
-0.45556802,-0.25194454,-0.26861697,1.8205268,1.3267372,-0.6815552,-0.052550398,1.0205773,0.83793634,-0.44641864,0
-0.655568,-0.18597876,-0.22401643,1.9633598,1.1267371,-0.7193309,-0.2525504,1.2205774,1.0181563,-0.24641864,0
-0.43138552,-0.08895917,-0.11205228,2.0485241,1.0393498,-0.87053084,-0.4129615,1.3451701,0.77472687,-0.4227218,0
-0.2228191,0.10692985,0.0846917,2.096116,0.9778428,-1.0308975,-0.5902683,1.1027733,0.9386403,-0.27118957,0
-0.40482342,0.29386657,0.27257487,2.119132,0.7717739,-1.1785091,-0.37365806,1.2473258,0.7072029,-0.068159655,0
-0.1947381,0.46954906,0.44930574,2.1893806,0.9239246,-0.93032825,-0.1651073,1.2231951,0.6623602,-0.25495574,0
0.0048094955,0.57740206,0.5934804,2.1839488,1.027293,-0.6675368,-0.010469805,1.3008331,0.42260784,-0.41584003,0
0.20444737,0.37673476,0.3927847,2.2447004,1.0220767,-0.46671015,0.18919508,1.4930694,0.22221424,-0.2154584,0
0.20055273,0.5504506,0.18399873,2.3332856,0.96428263,-0.6363254,0.37145787,1.234139,0.16013698,-0.39652425,0
0.0005151049,0.69936794,0.3578602,2.2279935,1.0850307,-0.7793973,0.5325591,0.9637458,0.3356227,-0.55591923,0
-0.18332884,0.4589247,0.5126797,2.231353,0.8612352,-0.900077,0.30562553,1.0694953,0.49224323,-0.69469815,0
0.016449764,0.65017384,0.70321494,2.098525,1.0471414,-1.0854675,0.14717634,0.857948,0.43730882,-0.6745115,0
-0.17777108,0.43599993,0.487371,2.0610294,1.1303381,-1.244994,0.33624536,0.7562973,0.25067323,-0.8469771,0
0.021625228,0.61872727,0.2795665,2.1996238,1.0752736,-1.0166137,0.52168185,0.89594823,0.049297035,-0.65816647,0
-0.09835887,0.40716907,0.077370204,2.1042082,1.240072,-1.1830313,0.3128024,1.0656965,-0.14654309,-0.44551963,0
0.09484449,0.40318888,-0.043273296,1.9198847,1.3437759,-1.2905494,0.10525942,1.0912764,-0.32337007,-0.60235435,0
-0.001017646,0.2805012,-0.066953875,1.8952239,1.4106977,-1.3620595,-0.08657365,1.1324294,-0.11273518,-0.42081752,0
-0.19114344,0.07654687,-0.2538408,1.9526612,1.21535,-1.4853294,-0.062170174,1.0200425,0.06458882,-0.59032226,0
-0.35421094,0.10816516,-0.048757054,1.8563341,1.1310651,-1.5261974,0.12481567,1.1048439,0.23960586,-0.71569854,0
-0.14016202,0.2800907,0.1374644,1.7742884,1.2098025,-1.5689374,-0.0054977816,0.97844833,0.39955688,-0.8322766,0
-0.14541154,0.073410265,-0.05731946,1.640526,1.2922099,-1.621389,0.026604975,1.0801531,0.18291168,-0.8827525,0
-0.045795046,-0.11917283,0.13432087,1.7222593,1.0282171,-1.7146735,0.21332815,0.9783504,-0.016087117,-0.9996032,0
-0.11759426,-0.08848497,0.33432087,1.9222593,0.8282171,-1.732127,0.41332817,0.7783504,-0.21608712,-0.7996032,0
-0.038893647,0.093733996,0.53030306,2.0384927,0.6234932,-1.520606,0.21172404,0.97099364,-0.015966147,-0.9295861,0
-0.21599218,0.22436781,0.5267327,2.0239003,0.72488225,-1.5556607,0.010600118,1.0587367,0.1663915,-0.65964454,0
-0.36860868,0.27852866,0.64395434,1.9330305,0.8195337,-1.5556825,-0.16782632,1.1153605,0.32465774,-0.40728882,0
-0.19808917,0.07573244,0.79512805,1.9703594,0.889524,-1.3074099,-0.052377276,1.2685237,0.3708434,-0.43644595,0
-0.2987875,0.17798685,0.9403504,1.9253798,0.9665899,-1.4244334,-0.19886434,1.0097059,0.4174039,-0.30185413,0
-0.47244528,0.042981032,0.7012506,1.7391999,1.1049794,-1.5386429,0.0010756849,1.0497769,0.5847972,-0.4753499,0
-0.41937697,-0.14807998,0.539333,1.8288025,1.0943931,-1.639663,-0.15217382,0.80139965,0.74011916,-0.2596744,0
-0.61937696,-0.081343114,0.339333,1.9049531,1.2943932,-1.4396629,-0.3521738,0.60139966,0.5401192,-0.059674397,0
-0.41937697,0.075105935,0.539333,2.094377,1.0943931,-1.2396629,-0.37877056,0.80139965,0.74011916,-0.2596744,0
-0.5838732,0.2593364,0.58420724,2.0468125,0.84312505,-1.3571391,-0.54559445,0.94399774,0.56253135,-0.05625376,0
-0.5513617,0.40674058,0.6944124,1.9895437,0.643681,-1.3788406,-0.660221,0.920367,0.6752185,-0.18883005,0
-0.31935433,0.1879075,0.6232562,1.9900868,0.40981236,-1.4350158,-0.781859,1.018307,0.71654874,-0.3534095,0
-0.31743324,0.22468732,0.409993,2.0367043,0.20323765,-1.5837808,-0.5636258,1.18013,0.5003621,-0.14860223,0
-0.117433235,0.02468732,0.20999299,1.8367043,0.3685219,-1.5656077,-0.5867983,1.1344904,0.3003621,0.05139777,0
-0.31743324,-0.17531268,0.009992987,1.8284194,0.37800562,-1.6219032,-0.7867983,1.3344904,0.5003621,0.105527885,0
-0.1992783,-0.3753127,-0.10900063,1.8132265,0.17800562,-1.4219031,-0.9729487,1.5344905,0.3003621,-0.09447212,0
-0.35547832,-0.15608126,-0.1559923,1.79238,0.33653924,-1.4439839,-0.9842369,1.5442207,0.2275946,0.09395171,0
-0.14978074,-0.34303248,-0.3429468,1.7116663,0.27556622,-1.5837394,-1.1408399,1.2949611,0.4119252,0.28317973,0
-0.33975235,-0.19332027,-0.13884844,1.468326,0.46193147,-1.5158472,-1.3023974,1.4507607,0.594381,0.080794916,0
-0.5302222,0.0066797286,-0.3162807,1.496459,0.66193146,-1.3158472,-1.5023974,1.2507607,0.394381,0.12974648,0
-0.4679755,-0.19332027,-0.11628069,1.5055315,0.66397095,-1.5158472,-1.3023974,1.384895,0.19438098,0.16302511,0
-0.66065353,0.0066065094,-0.21442457,1.6300964,0.5515317,-1.3014237,-1.485929,1.1719068,0.390058,0.35904586,0
-0.4731757,0.16477266,-0.41357735,1.8263552,0.43157405,-1.099172,-1.6824825,0.97774595,0.18966947,0.15872072,0
-0.4864604,0.33933055,-0.19868077,1.7565248,0.58752304,-0.8364566,-1.7511833,1.0956006,0.36249083,0.28307518,0
-0.5983652,0.5074555,-0.057445787,1.6093371,0.74097955,-0.90124893,-1.8358662,0.90268373,0.1950512,0.45452493,0
-0.68513376,0.5112327,-0.2530331,1.6011121,0.65807045,-0.68922937,-2.000971,0.79517317,-0.004863986,0.3120006,0
-0.762196,0.3112327,-0.4530331,1.4011121,0.8555727,-0.48922938,-1.9458364,0.5951732,-0.204864,0.5120006,0
-0.921841,0.106567524,-0.24242076,1.5339607,0.9332865,-0.6603227,-1.8806269,0.5171806,-0.3878838,0.6821389,0
-0.72184104,-0.09343248,-0.29391152,1.6918707,0.951024,-0.8603227,-1.6806269,0.7171806,-0.18788381,0.48213893,0
-0.5049751,-0.12391357,-0.09087628,1.6479872,1.1138227,-1.026053,-1.8017349,0.5004653,-0.37534735,0.27302018,0
-0.3049751,0.07608643,0.021651857,1.4479872,1.3138227,-1.226053,-1.604726,0.3004653,-0.17534734,0.073020175,0
-0.5049751,-0.12391357,0.22165185,1.2479872,1.5138228,-1.026053,-1.804726,0.36238804,-0.37534735,-0.12697983,0
-0.36415875,-0.19057223,0.02165185,1.1077856,1.3894385,-1.0986669,-2.004726,0.16238804,-0.20596732,0.073020175,0
-0.5381003,-0.37253174,0.21141377,1.1105136,1.4944236,-1.2386817,-1.8188103,0.016701467,-0.38721573,0.2604094,0
-0.65050495,-0.5045855,0.010059219,1.1235799,1.3839506,-1.2679436,-1.7792244,0.19098404,-0.50349754,0.2847472,0
-0.4468173,-0.30209228,-0.188386,1.3127456,1.4516315,-1.0919814,-1.8245026,-0.008942161,-0.30101323,0.48077926,0
-0.23190454,-0.09592384,0.010912288,1.4213451,1.4217343,-1.1987221,-1.7297951,0.17951408,-0.47074187,0.46086788,0
-0.18664068,0.051148012,0.21091229,1.5340365,1.6217344,-0.99872214,-1.529795,-0.020485923,-0.27074188,0.2608679,0
-0.37165076,-0.096580416,0.25383243,1.7340366,1.4217343,-1.1987221,-1.329795,-0.22048593,-0.47074187,0.33071452,0
-0.17165075,-0.009247668,0.45383245,1.7026576,1.6217344,-0.99872214,-1.129795,-0.020485923,-0.27074188,0.5307145,0
-0.37165076,-0.20924768,0.25383246,1.5026575,1.724725,-0.79872215,-1.329795,-0.22048593,-0.47074187,0.7307145,0
-0.31622466,-0.37490928,0.2693205,1.5597941,1.7632288,-0.746909,-1.4014359,-0.38520455,-0.24802497,0.64279324,0
-0.34375086,-0.57490927,0.069320485,1.6157889,1.5632287,-0.946909,-1.2014358,-0.58520454,-0.448025,0.51520044,0
-0.5138507,-0.73229796,0.25451088,1.5394579,1.6662711,-0.7058374,-1.3243726,-0.4575988,-0.6123909,0.38979924,0
-0.55431145,-0.5196929,0.053220034,1.6982669,1.4315491,-0.8843868,-1.3462381,-0.25149876,-0.7931531,0.4467026,0
-0.3396713,-0.45380002,-0.14071503,1.5151457,1.5641335,-1.03958,-1.2985246,-0.43284282,-0.9521161,0.23650885,0
-0.21981369,-0.25380003,-0.34071505,1.4386005,1.3876631,-1.23958,-1.155194,-0.23284282,-0.7521161,0.43650883,0
-0.019813687,-0.45380002,-0.19585872,1.4723036,1.5876632,-1.03958,-1.2121787,-0.032842815,-0.9521161,0.23650883,0
0.18018632,-0.44326988,0.004141286,1.2723036,1.4561384,-1.23958,-1.3198888,0.16715719,-1.1521161,0.3245913,0
0.12952118,-0.635249,-0.19341657,1.09818,1.6055644,-1.1720353,-1.5009375,0.035746183,-0.9402442,0.49660707,0
0.31103754,-0.41903508,0.0062141567,0.9897114,1.5884212,-1.2950747,-1.6055279,0.22252263,-0.6987221,0.6575327,0
0.1041361,-0.20542115,0.19339712,1.115766,1.4018935,-1.4021498,-1.693307,0.021122755,-0.46772453,0.80423355,0
0.041818637,-0.37816635,-0.0061589987,1.2273126,1.4120114,-1.4944439,-1.3929181,0.20625758,-0.6228362,0.866649,0
0.22171447,-0.5300991,0.17772557,1.3086495,1.4404967,-1.1868272,-1.3768032,0.14464632,-0.75442773,0.97797054,0
0.02084329,-0.58037007,0.360759,1.4481233,1.5554265,-1.3311883,-1.1295903,0.33081928,-0.5379393,0.75453407,0
-0.17861147,-0.62689686,0.16026974,1.2443247,1.6498438,-1.1277456,-1.3255439,0.20395571,-0.7265422,0.82507217,0
-0.34961483,-0.3942022,0.3326778,1.3337085,1.7081703,-1.0664262,-1.039342,0.26376697,-0.8555813,0.9465652,0
-0.28616312,-0.45159602,0.23708196,1.5020089,1.5488844,-1.1543565,-1.1471602,0.45418155,-0.78328514,0.7311348,0
-0.45571983,-0.2358412,0.40971208,1.3518704,1.6365081,-0.8945951,-1.2628016,0.23826483,-0.9217122,0.87282753,0
-0.25571984,-0.24103668,0.20971207,1.4165107,1.6757348,-1.0945951,-1.0628016,0.18331285,-0.72171223,0.72845954,0
-0.17552547,-0.04103668,0.40971208,1.4406837,1.4757347,-1.2945951,-1.2628016,-0.016687155,-0.9217122,0.52845955,0
-0.36796954,0.100180045,0.20971207,1.5940095,1.4126377,-1.0945951,-1.0628016,-0.21668716,-1.0901843,0.32845956,0
-0.16796954,-0.09981996,0.00971207,1.6432925,1.6126378,-0.8945951,-1.1401277,-0.2941665,-1.206224,0.12845956,0
0.030669976,0.095924914,-0.18220548,1.7649992,1.5661665,-0.6650923,-0.90019596,-0.47317687,-1.3464949,0.31450832,0
0.23066998,-0.05922164,0.01779452,1.753334,1.3661665,-0.4650923,-0.9733431,-0.44615835,-1.1464949,0.18315145,0
0.029311469,-0.24773961,0.20814748,1.850334,1.392351,-0.6356325,-1.1058729,-0.46814862,-1.286853,0.17298742,0
-0.050782524,-0.4477396,0.12264463,1.9374654,1.5923511,-0.43563253,-0.9058729,-0.33244032,-1.0868529,-0.027012587,0
0.14135982,-0.4882144,-0.0732819,1.8593794,1.6979674,-0.22322431,-1.0476385,-0.33050153,-1.045491,-0.2150583,0
0.32250556,-0.5990992,-0.25818777,1.9066331,1.4152304,-0.021941565,-1.1305798,-0.123293556,-1.176699,-0.39213347,0
0.5225056,-0.7990992,-0.1056499,2.1066332,1.2152303,0.14738902,-0.99606395,0.07670645,-0.97669905,-0.38338828,0
0.5001031,-0.9735075,0.09193335,2.0829422,1.1985117,-0.051263362,-1.1569979,0.2696187,-0.7568041,-0.17869084,0
0.28616422,-1.1190016,0.27837393,2.045673,1.2286826,-0.1345058,-1.0460163,0.44780627,-0.671453,-0.36110178,0
0.083981864,-0.9647575,0.07638887,2.1887946,1.3924972,-0.10983882,-0.82458854,0.6313987,-0.45951208,-0.1570214,0
0.27812704,-0.7489906,-0.07351742,2.3395452,1.3028209,-0.3034509,-0.73079973,0.70208156,-0.25416175,0.042092513,0
0.07221465,-0.87717414,0.11691079,2.3473608,1.019363,-0.46535143,-0.7372134,0.83381504,-0.3963859,0.22377177,0
-0.11580558,-0.61368966,0.2872007,2.308548,1.1050488,-0.6029753,-0.77046704,0.9368957,-0.1779749,0.33214003,0
0.078138866,-0.75516623,0.4521595,2.3281245,0.8399545,-0.7452225,-0.6398268,1.0551263,0.020440986,0.12263605,0
0.25935426,-0.8906573,0.6081147,2.357383,0.9697193,-0.6456657,-0.41012228,0.7973738,-0.13142948,0.18408506,0
0.4404208,-0.7593568,0.39129323,2.4053903,1.0655034,-0.81080943,-0.3963505,0.57275146,-0.1109699,-0.015258972,0
0.6404208,-0.9593568,0.19129322,2.2862997,0.90898204,-1.0108094,-0.5963505,0.37275147,0.0890301,0.15313262,0
0.8167515,-1.1267052,0.38027298,2.1396294,0.9786471,-0.7879741,-0.7739224,0.18388407,-0.10784459,0.34318712,0
0.98474777,-1.2849451,0.562008,2.1986127,0.75413805,-0.56946677,-0.5558573,-0.015608661,0.089254685,0.13868009,0
0.9604991,-1.0395942,0.73015594,2.2983503,0.91425496,-0.354023,-0.4171549,0.17668377,-0.106116146,-0.058756735,0
0.72445333,-1.1808405,0.5050279,2.3548925,0.9911586,-0.34385538,-0.2068623,0.3588299,0.08943399,-0.0053721066,0
0.8472641,-1.2655443,0.27955893,2.2989938,1.0917003,-0.30117294,-0.0062893154,0.14556804,-0.028843397,-0.11152975,0
0.58869034,-1.3329208,0.072359286,2.2728488,1.1748087,-0.33145726,-0.1876213,0.3142961,0.037195534,-0.28333807,0
0.75824153,-1.3003622,0.26184437,2.1565952,1.3217319,-0.12638211,-0.022651257,0.4944408,0.017665919,-0.08012065,0
0.55824155,-1.1003622,0.46184438,2.1789484,1.1310905,-0.3263821,-0.22265126,0.6944408,0.21766593,0.11987935,0
0.7196682,-0.8545589,0.26941907,2.2579265,1.2633752,-0.119952776,-0.021498939,0.8489387,0.3964184,0.30360642,0
0.8168122,-0.93661666,0.41691908,2.1830313,1.2997109,-0.28416917,0.11018585,0.57636124,0.52971476,0.34812084,0
0.846306,-1.0825119,0.2065934,2.1095266,1.0473628,-0.46112198,-0.085538864,0.7394052,0.6949792,0.52202946,0
0.97942287,-1.2005298,0.38060266,2.0547035,1.1676276,-0.24443026,-0.26728633,0.65779966,0.46333858,0.30144435,0
1.0240151,-1.3819877,0.54990286,2.0157669,1.0235263,-0.43854627,-0.2424081,0.4517387,0.2598521,0.32482764,0
0.8816338,-1.1819876,0.34990287,1.9063395,1.2235264,-0.23854627,-0.37161827,0.6517387,0.26964492,0.4038648,0
1.0816338,-0.98198766,0.14990287,1.8642373,1.0235263,-0.27820635,-0.17161827,0.8517387,0.4696449,0.6038648,0
1.2816339,-0.78198767,0.34990287,1.7782663,1.2235264,-0.31637323,0.028381735,0.6517387,0.6473658,0.62152445,0
1.0816338,-0.9670708,0.14990287,1.9782664,1.2497408,-0.116373226,0.22838174,0.45173872,0.44736582,0.69670624,0
1.1202171,-0.7546067,0.27917737,2.1428719,1.4167739,-0.23031689,0.1155516,0.24764824,0.24334638,0.5582557,0
1.240176,-0.8967315,0.21287866,2.20083,1.1430042,-0.40422794,0.10150373,0.044759452,0.4164675,0.3365356,0
1.2971011,-1.0967315,0.41287866,2.00083,0.9430042,-0.20422794,-0.09849627,-0.15524055,0.51023567,0.24509959,0
1.466606,-0.8784656,0.60039467,2.0044858,1.1197218,-0.39599404,-0.06265884,0.043847725,0.30391634,0.43603316,0
1.5162183,-0.6172436,0.7281703,2.005562,1.1541247,-0.542214,-0.23895757,0.17155653,0.094539344,0.21473448,0
1.3162183,-0.8172436,0.90475225,2.0304399,0.95412475,-0.342214,-0.33989406,-0.02844347,0.29453933,0.014734477,0
1.1162182,-1.0172436,0.7592184,2.150248,0.75412476,-0.542214,-0.53989404,0.17155653,0.09453933,0.042913422,0
1.1068075,-0.9713078,0.8825801,2.1624713,0.86725557,-0.31487226,-0.6187322,0.2187816,0.27100664,-0.1445359,0
1.2657803,-0.82035494,1.023908,1.9008596,1.0337492,-0.49870786,-0.7930281,0.028701244,0.06877739,-0.3337192,0
1.3491076,-0.9625146,0.7772035,1.8035258,1.1638123,-0.65910053,-0.5594114,-0.16158842,-0.12378404,-0.50346446,0
1.4987456,-0.73772496,0.5584384,1.5513945,1.2919574,-0.8311708,-0.7347226,-0.34983304,0.07373815,-0.68059456,0
1.6835176,-0.5329046,0.3552253,1.7356945,1.0821687,-0.6255128,-0.92634344,-0.14848989,0.27128428,-0.47628638,0
1.8071291,-0.31940326,0.5327074,1.8507582,0.8463912,-0.40825555,-0.7823009,0.04942105,0.06839325,-0.6488587,0
1.7237766,-0.50141895,0.70733744,1.7719469,0.9860762,-0.20104471,-0.9482888,-0.14536516,-0.12704988,-0.43331704,0
1.6333402,-0.6949949,0.57821995,1.7901363,1.1752135,-0.0010351376,-0.7414356,-0.34220213,-0.17229006,-0.48230198,0
1.4194973,-0.867045,0.4106454,1.9279861,0.9447584,0.19275136,-0.91203535,-0.13776128,-0.36066377,-0.6609943,0
1.4726019,-0.97025937,0.32968053,1.8097122,1.040924,0.35712713,-0.6474507,0.056593403,-0.50980914,-0.78289837,0
1.2317613,-0.8207462,0.12551881,1.9175718,1.2011001,0.53924775,-0.57113355,0.24835879,-0.29986674,-0.9513551,0
1.0317613,-0.6207462,0.32551882,1.7271951,1.4011002,0.59460926,-0.37113357,0.3392189,-0.09986673,-1.1434987,0
1.2317613,-0.8207462,0.336452,1.8208328,1.2011001,0.63009185,-0.4121781,0.13921891,0.10013327,-0.9434987,0
1.2549961,-0.61697996,0.46173576,1.8533235,1.3925993,0.6467624,-0.41413966,0.33716077,-0.099260814,-0.862343,0
1.4023035,-0.68901855,0.63777107,1.6936772,1.5349234,0.43745258,-0.5068209,0.24971423,0.09709092,-0.6383563,0
1.2023034,-0.88901854,0.83777106,1.748816,1.4134136,0.6374526,-0.30682093,0.44971424,-0.10290908,-0.43835634,0
1.2000773,-0.9986346,0.9516404,1.6771681,1.4795071,0.40114588,-0.30190268,0.228989,0.089032784,-0.5853754,0
1.3445367,-0.76695293,1.1059551,1.4185692,1.6128815,0.19316646,-0.3858109,0.027839016,-0.10656518,-0.7542198,0
1.2804381,-0.91278154,1.1018089,1.4449335,1.5105227,-0.0064507048,-0.34071475,-0.09238083,0.088200346,-0.9007617,0
1.0449314,-1.0762119,1.095375,1.5908757,1.4358821,-0.19717,-0.13609041,-0.2580241,-0.10812556,-0.90649533,0
1.1965075,-1.2265713,0.8605476,1.6254355,1.1878101,-0.035214104,-0.20612308,-0.21500027,-0.22254838,-1.0634562,0
0.9877512,-1.1644746,1.0512286,1.8093954,0.9791302,0.16333792,-0.4025545,-0.41135365,-0.022350246,-0.98601085,0
0.84857094,-0.9588434,1.2439232,1.5999987,1.1722457,-0.03644803,-0.26307064,-0.60778415,-0.22105204,-1.1790862,0
0.7772505,-0.9984858,1.3560532,1.4960867,0.9989277,-0.22205898,-0.059232473,-0.7586264,-0.13460113,-1.295162,0
0.7776104,-1.1223389,1.457188,1.5883243,0.7481671,-0.02065744,-0.24276188,-0.5231336,0.061243694,-1.262131,0
0.546017,-0.8677753,1.5591524,1.6825309,0.89207554,-0.20760381,-0.086277656,-0.68035454,0.24578908,-1.1477494,0
0.31045294,-0.8082585,1.5783445,1.689042,0.9798306,-0.22125387,-0.25685367,-0.78987056,0.38643706,-1.0286304,0
0.5104529,-1.0082585,1.4367343,1.5531428,1.0813807,-0.021253869,-0.056853667,-0.94634175,0.3034591,-0.8286304,0
0.43050712,-1.1045468,1.2802069,1.6026605,1.1713924,0.16340332,0.13085926,-0.93549246,0.4602443,-0.9403371,0
0.58500725,-0.8392711,1.2982416,1.6725734,1.2724274,0.3371787,0.30698314,-0.68241644,0.24146405,-1.0580459,0
0.4014335,-0.6531777,1.2942663,1.6716926,1.403195,0.13072866,0.10195287,-0.6864186,0.19383356,-1.1988935,0
0.5270586,-0.7476714,1.3094814,1.6402341,1.4049397,-0.06070506,-0.08592235,-0.51770455,0.048047263,-1.2259027,0
0.68592995,-0.894063,1.0467196,1.5129815,1.5141506,-0.24481556,-0.26974812,-0.29973248,-0.143357,-1.3452414,0
0.48592997,-0.694063,0.84671956,1.3856109,1.4585053,-0.44481558,-0.06974812,-0.09973247,-0.21300414,-1.4942046,0
0.57034487,-0.8646593,0.9037623,1.2489609,1.6039609,-0.23676415,-0.26087672,0.09696996,-0.3994214,-1.6384861,0
0.37034488,-0.6646593,1.1037623,1.2244107,1.4039608,-0.18623985,-0.060876712,0.29696995,-0.5994214,-1.6087123,0
0.5531625,-0.583146,0.87653536,1.3814986,1.3460367,-0.3746039,-0.2530175,0.48199812,-0.59272045,-1.7542228,0
0.7257339,-0.7546254,0.6518973,1.1515718,1.4897332,-0.16824518,-0.051086694,0.4620049,-0.3784184,-1.883054,0
0.49617055,-0.8576433,0.76535153,1.2142632,1.3342397,-0.030839259,-0.22557837,0.59475064,-0.5196558,-1.8714329,0
0.26066557,-0.9308529,0.84962505,1.2042868,1.3503149,-0.20316622,-0.36963204,0.6994758,-0.28133544,-1.8231091,0
0.054012954,-1.0068432,0.5783869,1.2502922,1.3803067,-0.0028190054,-0.3328879,0.80083895,-0.42855203,-1.8012543,0
0.051667824,-0.7458288,0.34977284,1.3220505,1.4608021,0.18226995,-0.49259025,0.6335004,-0.5810202,-1.849917,0
0.220402,-0.79416734,0.54329866,1.342233,1.6412444,-0.017521266,-0.68443424,0.48485583,-0.40980935,-1.6304874,0
0.3804373,-0.8996588,0.31066367,1.3956237,1.6662103,-0.19684304,-0.43838248,0.2577766,-0.55183905,-1.6197056,0
0.1690292,-0.65542305,0.4783771,1.2007601,1.7235223,-0.37175274,-0.5980209,0.054123677,-0.7043042,-1.7046552,0
-0.029457437,-0.5739979,0.26477447,1.3323133,1.4490767,-0.351316,-0.7442699,0.1602085,-0.8601162,-1.8115859,0
0.17054257,-0.37399793,0.06477447,1.1323133,1.3296099,-0.551316,-0.5442699,-0.03979151,-0.6601162,-1.9076823,0
-0.029457435,-0.43024105,-0.13522553,1.1789862,1.5134808,-0.35131603,-0.7442699,-0.09590702,-0.49328315,-2.014579,0
-0.21070069,-0.27889946,-0.07482892,1.3769679,1.4834584,-0.5505091,-0.94288784,0.10124592,-0.53862524,-1.8119231,0
-0.38250408,-0.16868791,-0.21228397,1.4237814,1.4053346,-0.32644495,-0.9571689,-0.09197413,-0.48553663,-1.8737947,0
-0.32395536,-0.36302572,-0.40595222,1.5988438,1.5806804,-0.124503046,-0.7455405,0.106366836,-0.49474776,-1.6480889,0
-0.4805951,-0.14953443,-0.18890852,1.5258355,1.6333193,-0.111402504,-0.86729175,0.06203262,-0.27035576,-1.6951493,0
-0.26596895,-0.1589861,0.0105133355,1.5662789,1.6172911,0.0839793,-0.6325088,-0.04689481,-0.44583818,-1.7963636,0
-0.19465652,-0.19364472,-0.18324913,1.6264262,1.7574694,0.18245317,-0.8051042,0.14806527,-0.23774566,-1.5482701,0
-0.20597064,-0.36899483,-0.04100056,1.5427009,1.6024584,0.22573106,-0.9276385,0.32626954,-0.4103342,-1.6387942,0
-0.32873723,-0.30746457,-0.24100056,1.7427009,1.4024583,0.025731057,-0.9395774,0.12626953,-0.2291493,-1.6368477,0
-0.5241742,-0.10746457,-0.44100058,1.6598263,1.6024584,0.22573106,-0.7395774,-0.034774974,-0.2164046,-1.4368477,0
-0.32417423,0.092535436,-0.6180018,1.8376966,1.4024583,0.42573106,-0.7454219,-0.17959857,-0.016404599,-1.2368476,0
-0.49935848,-0.10237692,-0.39821255,1.8797706,1.5265939,0.5914181,-0.56867766,-0.35806644,-0.20615946,-1.3688236,0
-0.28638077,0.09339095,-0.18961969,1.9896089,1.3606253,0.7571087,-0.4260972,-0.15121397,-0.18272926,-1.5008124,0
-0.33426186,-0.053249486,0.00805637,2.014379,1.4357318,0.5125245,-0.20800313,-0.108786345,0.015888603,-1.5647,0
-0.5342619,0.14675051,0.20805638,1.9383124,1.6357318,0.3125245,-0.008003131,-0.30878633,0.2158886,-1.3647,0
-0.30614278,-0.048769984,0.007378646,1.9363431,1.6813046,0.14244099,-0.19050528,-0.4659857,0.014552005,-1.4330727,0
-0.106142774,0.15123002,0.20737866,2.136343,1.4813045,-0.057559013,-0.39050528,-0.26598567,-0.18544799,-1.2330726,0
-0.28411832,-0.045261383,0.18819042,2.1682625,1.3753437,-0.23902977,-0.54802334,-0.18606244,-0.35771817,-1.329975,0
-0.30332968,0.07345592,0.3819684,2.3303034,1.156505,-0.4319929,-0.73603386,0.013714168,-0.15519023,-1.1118635,0
-0.281408,0.045556426,0.35457516,2.3701735,1.2105979,-0.61501414,-0.62589705,-0.1812812,-0.34564787,-0.8873659,0
-0.32767147,-0.15444358,0.55457515,2.2768142,1.4105979,-0.52460873,-0.42589706,-0.3812812,-0.14564787,-0.8646707,0
-0.47536668,-0.3193098,0.31942832,2.231303,1.4509494,-0.46810338,-0.56385577,-0.16331191,0.048964545,-0.9591365,0
-0.27536666,-0.5193098,0.11942832,2.431303,1.2509494,-0.26810336,-0.69991755,-0.028427139,-0.15103546,-0.7591365,0
-0.3489618,-0.31316388,0.13159388,2.4214513,1.0307211,-0.066792525,-0.88259625,-0.22403045,-0.34427887,-0.9406754,0
-0.439183,-0.51316386,0.08672455,2.3059926,1.2307211,0.13320747,-1.0211216,-0.024030447,-0.14427887,-0.7406754,0
-0.24684438,-0.45485967,0.27703547,2.2869322,1.208402,-0.025319142,-1.0791419,0.0905279,-0.33264488,-0.8252824,0
-0.22566043,-0.61231863,0.072204106,2.290722,0.9428941,0.16333322,-1.1960461,-0.01335932,-0.2600843,-0.95260006,0
-0.41729245,-0.6408085,0.2668529,2.1954894,1.1204262,-0.035945952,-0.976465,0.18297154,-0.05890311,-1.1299412,0
-0.5703838,-0.7769146,0.061772663,2.094887,1.2200856,0.15158741,-0.71746063,0.3538691,0.13037479,-1.2288777,0
-0.6228857,-0.6027958,0.084777206,2.1410928,0.9592273,-0.0455243,-0.86272496,0.5208253,-0.06547137,-1.3096396,0
-0.6336306,-0.7762291,0.03768874,1.9277643,1.0829239,0.14936368,-0.747936,0.5720872,-0.25668618,-1.4596815,0
-0.77193457,-0.53358305,-0.15029879,1.9702909,1.1879762,0.07134662,-0.50738394,0.35372242,-0.23221959,-1.5368505,0
-0.9323192,-0.7036827,0.047675427,1.9663246,1.3251231,-0.12340956,-0.36134747,0.46040007,-0.09346036,-1.2823614,0
-0.71935827,-0.4947683,-0.14962865,1.7350632,1.4981307,-0.3176857,-0.48512873,0.648712,-0.28826654,-1.4561259,0
-0.8642678,-0.6531359,-0.3015883,1.7350982,1.460663,-0.4866646,-0.64407396,0.42182395,-0.08297737,-1.324727,0
-0.98524016,-0.4194881,-0.46434262,1.7586204,1.5373497,-0.63567597,-0.591791,0.57565016,0.108333066,-1.0412099,0
-0.72899914,-0.57511866,-0.24540967,1.8183386,1.612916,-0.7758226,-0.6428488,0.6802398,0.2862494,-0.7809602,0
-0.86973184,-0.5004839,-0.4169939,1.7486395,1.4672322,-0.9135681,-0.7693584,0.8240832,0.45522818,-0.54389673,0
-0.7521793,-0.30048388,-0.25146937,1.6893303,1.4831481,-0.7135681,-0.74350643,0.6240832,0.6552282,-0.7438967,0
-0.55217934,-0.5004839,-0.05146937,1.8893304,1.4148049,-0.9135681,-0.57540053,0.42408323,0.73249066,-0.9438967,0
-0.331367,-0.27309033,0.13498986,1.898857,1.4675915,-0.64851576,-0.70471126,0.5671888,0.8474803,-1.0396136,0
-0.48924452,-0.43558758,0.30843455,1.7379602,1.4003916,-0.78125226,-0.7678187,0.70637226,0.7018789,-1.141347,0
-0.27119023,-0.22088249,0.47669864,1.816995,1.5004971,-0.92000365,-0.5323761,0.84979755,0.6830166,-0.8825893,0
-0.06967691,-0.020438582,0.27081677,1.7618244,1.512008,-0.7046983,-0.46616346,1.0274817,0.8642461,-1.0072957,0
-0.26799598,-0.21906455,0.4678821,1.9495959,1.5760862,-0.50155246,-0.2645044,0.9134789,0.7428465,-0.8176323,0
-0.0671197,-0.3283256,0.26442984,1.9349602,1.3741535,-0.42994842,-0.45851824,1.0991292,0.7570804,-1.0045179,0
-0.25215116,-0.49871993,0.12026567,2.0153239,1.1083577,-0.5946481,-0.24403168,1.2263302,0.75132376,-0.9495883,0
-0.15605602,-0.2604968,-0.069531806,1.9315147,1.1409448,-0.6929677,-0.38721493,1.243822,0.8295957,-1.002491,0
0.04232323,-0.44351262,0.12565623,1.804484,1.2914878,-0.86003304,-0.33687058,1.0053234,0.8102532,-1.1581404,0
-0.14999977,-0.6121811,0.3098006,1.5703206,1.2509499,-1.0084219,-0.3714187,1.1466384,0.5805411,-1.292015,0
0.050000235,-0.8121811,0.10980059,1.6117033,1.169573,-0.8084219,-0.1747648,0.9466384,0.3805411,-1.492015,0
-0.14749715,-0.99529374,-0.088694505,1.5407848,1.3467228,-0.99159724,0.024814177,1.0782512,0.1775289,-1.2704587,0
-0.3393042,-0.8987016,0.11062644,1.5009422,1.1397268,-0.7867678,0.058068935,1.2704529,0.37522563,-1.4614877,0
-0.16141923,-0.65420544,0.1994275,1.4580144,1.2544075,-0.92392635,0.027711531,1.3768084,0.16406654,-1.4247515,0
0.036841247,-0.7223028,0.3551892,1.3517759,1.3708096,-0.76898,-0.16452035,1.5057135,0.34765154,-1.2798095,0
-0.16315876,-0.5223028,0.49680713,1.5517759,1.1708095,-0.56898004,0.03547965,1.3057134,0.5476515,-1.0798094,0
-0.36315876,-0.32230282,0.2968071,1.5251622,1.0007317,-0.76898,-0.0056724288,1.1608795,0.7476515,-0.87980944,0
-0.16315876,-0.5223028,0.4968071,1.5886114,1.2007318,-0.96898,0.19432758,1.3608795,0.6523236,-1.0798094,0
-0.3275973,-0.33404836,0.46670285,1.6134658,0.9027374,-1.0545104,0.35571396,1.4080341,0.7688618,-1.1544871,0
-0.11628874,-0.15562443,0.6076151,1.4872881,0.93645775,-1.1433271,0.50646275,1.4655191,0.5184454,-1.2344432,0
-0.15704173,-0.35562444,0.8076151,1.3822753,1.1364578,-0.9433271,0.70646274,1.265519,0.34583396,-1.2909262,0
-0.16264844,-0.16890685,1.0076151,1.2288715,1.159034,-1.1433271,0.9064627,1.065519,0.54583395,-1.2115933,0
-0.18958138,0.028432053,1.1018597,1.1789012,1.2427216,-1.2283589,0.8038711,1.15721,0.68200195,-0.92501634,0
0.009920317,0.21750651,0.8587252,1.3129506,1.3354762,-1.3600427,0.5749889,1.0172266,0.5876057,-1.0712086,0
-0.19007969,0.01750651,0.8599863,1.1639351,1.1557094,-1.1600426,0.7749889,1.2172266,0.38760573,-1.2712086,0
-0.041892722,0.07804964,1.0340341,1.2131485,1.3225168,-0.93699193,0.67167294,0.99232125,0.57321906,-1.4351883,0
0.1561196,0.27455407,0.82354885,1.3003544,1.4080266,-0.72772664,0.46574318,0.7823604,0.7634983,-1.6146312,0
-0.04117219,0.06995274,0.9603774,1.4077555,1.1334695,-0.49515638,0.24934204,0.921731,0.8652459,-1.7026358,0
-0.17033556,-0.12236624,1.0918417,1.4424937,1.2190369,-0.27772346,0.04642773,1.0554779,1.0023289,-1.4138851,0
0.028231112,-0.3067901,1.2294225,1.4501883,1.3504719,-0.07396801,-0.14615196,0.8141428,1.1442347,-1.2115483,0
0.08785454,-0.46673062,0.9480512,1.3650105,1.421141,0.034460887,0.049591597,0.87554604,1.237979,-1.2999718,0
-0.103537396,-0.24625689,1.0599291,1.4448835,1.2123389,-0.15283266,0.23043345,0.7623373,1.2931921,-1.384837,0
0.093386374,-0.044781733,0.83250564,1.4974033,1.2314963,-0.2926816,0.3311384,0.93164796,1.0583297,-1.5342959,0
-0.10274683,-0.23590367,0.60956514,1.6358397,1.379577,-0.4748124,0.36908948,0.7051116,1.212691,-1.2859019,0
0.09725317,-0.2901293,0.40956515,1.5668341,1.2401042,-0.2748124,0.5690895,0.644,1.2192421,-1.485902,0
-0.058355764,-0.2315653,0.58922553,1.5100292,1.3920516,-0.072316095,0.46762234,0.42918485,1.146271,-1.6296477,0
-0.25835577,-0.43156528,0.38922554,1.560662,1.1920515,-0.2723161,0.6364277,0.62918484,0.9465128,-1.4296477,0
-0.058355764,-0.23156528,0.18922554,1.4686797,1.3260978,-0.072316095,0.69912237,0.82918483,1.1465129,-1.5273552,0
-0.25835577,-0.43156528,0.38922554,1.5702046,1.2137632,0.12768391,0.49912238,0.62918484,0.9465129,-1.7273552,0
-0.10411906,-0.23156528,0.3166839,1.5522673,1.0137632,0.1095154,0.58604455,0.42918485,1.1465129,-1.5779692,0
-0.27226436,-0.057172284,0.116683885,1.4453027,0.8137632,-0.090484604,0.38604456,0.62918484,1.1920761,-1.3779691,0
-0.07226436,0.14282772,-0.08331612,1.5011032,1.0137632,-0.04825646,0.24504028,0.82918483,1.3920761,-1.2751349,0
-0.27226436,-0.057172284,-0.18827736,1.5320017,1.2137632,-0.24825646,0.047518954,1.0291848,1.5338112,-1.1046346,0
-0.42381796,-0.23079073,-0.34844664,1.5230774,1.2687349,-0.043306157,-0.03259579,1.1030912,1.5485437,-1.0480987,0
-0.5670522,-0.3915899,-0.43863395,1.504581,1.335084,-0.22116594,-0.2114302,1.1845134,1.2258297,-1.1345251,0
-0.69555473,-0.17429459,-0.21709186,1.5507041,1.3740193,-0.38314623,-0.2016849,0.89563894,1.2971165,-1.2140541,0
-0.849715,-0.355136,-0.39574265,1.5793958,1.4614328,-0.5532974,-0.38112432,0.9509217,1.0409596,-0.96214885,0
-0.649715,-0.3129953,-0.23497355,1.7392423,1.33011,-0.7532974,-0.18112431,1.1509217,0.8409596,-0.76214886,0
-0.79406524,-0.17423311,-0.40648612,1.6521734,1.1409289,-0.8908638,0.017639477,1.2624468,0.97278476,-0.89913553,0
-0.6446596,0.024823783,-0.58428776,1.4918742,1.0770075,-0.66557705,-0.17568584,1.4089189,1.129859,-1.0589054,0
-0.83715165,-0.17517622,-0.44537085,1.6133095,0.87700754,-0.46557707,-0.0830382,1.2274917,1.329859,-0.8589054,0
-0.80990815,-0.37475327,-0.24509422,1.7153388,0.78091025,-0.26527768,0.11682994,1.0263333,1.5281343,-1.0577116,0
-0.6704809,-0.16737051,-0.20596457,1.8330019,0.6937851,-0.44562122,0.11305835,0.94067514,1.6551265,-0.89616615,0
-0.44957015,0.031179255,-0.38792124,1.8662189,0.55055994,-0.3364574,-0.08307748,0.70775545,1.7726744,-1.0474465,0
-0.23428349,-0.15248755,-0.23316959,1.8240007,0.35154936,-0.48455578,-0.25569007,0.81993115,1.7818205,-1.1267575,0
-0.03428349,-0.35248756,-0.31907633,1.7556878,0.40401566,-0.2845558,-0.21542598,0.8951365,1.5818205,-0.9267575,0
0.16571651,-0.55248755,-0.11907633,1.7346843,0.60401565,-0.48455578,-0.01542598,0.6951365,1.7818205,-1.1267575,0
0.36571652,-0.35248756,-0.31907633,1.8282802,0.80401564,-0.2845558,0.18457402,0.4951365,1.5818205,-1.1403298,0
0.23487067,-0.15248756,-0.11907633,1.7411557,0.6509059,-0.3427858,0.094242014,0.65272087,1.7818205,-1.0558176,0
0.43222457,0.04722334,-0.11894304,1.8553216,0.68644154,-0.14191699,0.08198286,0.8475323,1.6063213,-1.2481763,0
0.23365083,-0.14218464,-0.0749944,1.9128261,0.741443,0.05405611,0.26243296,0.9749068,1.3682812,-1.3477741,0
0.43365085,0.057815358,-0.26077998,1.9661795,0.7796309,-0.1459439,0.42404956,1.1749068,1.1682812,-1.1477741,0
0.60899645,-0.13665245,-0.44285172,1.7347856,0.9415149,-0.28428105,0.39042643,0.9369747,1.3150434,-1.2953343,0
0.6398451,0.059418805,-0.60298276,1.8147924,0.8992784,-0.37018132,0.55380887,0.78511804,1.0458896,-1.4025954,0
0.758342,0.23424344,-0.72505707,1.8192663,0.99259865,-0.35989577,0.68065524,0.5283351,0.7638,-1.4470711,0
0.9059442,0.11704193,-0.8744791,1.908862,1.1273928,-0.15115339,0.832505,0.31038323,0.532974,-1.1788869,0
1.0177768,0.2917669,-0.98882014,1.9407405,0.8534597,0.044952497,0.63944525,0.4696948,0.4056918,-1.2689601,0
1.1060338,0.08334639,-1.0797342,1.7455277,0.95679444,0.2224757,0.39912182,0.6082437,0.53182256,-1.3341686,0
0.9653185,-0.11404073,-1.2510699,1.9019506,1.0421036,0.4130128,0.19466175,0.39909962,0.43528235,-1.1087646,0
1.1653185,-0.31404072,-1.0510699,1.8610032,0.9753669,0.6130128,0.029386207,0.253792,0.23528235,-0.90876466,0
0.9244036,-0.49225315,-1.1980435,1.8692605,0.9224625,0.77855337,-0.16338235,0.43455806,0.41683295,-1.0617698,0
0.834617,-0.28406027,-1.3588514,1.8049613,1.0909959,0.9511211,-0.17564893,0.22798258,0.21075436,-0.9466849,0
0.60411036,-0.46079105,-1.4824367,1.9085808,1.1839606,0.715014,0.023180496,0.026637428,0.1305608,-0.8069209,0
0.38259324,-0.6256068,-1.2355726,1.9963081,1.3102707,0.86629343,-0.16740464,-0.16413178,0.31295988,-0.574605,0
0.17595728,-0.79560184,-1.3833998,1.8748364,1.4553832,0.64207846,0.031410757,0.034564674,0.49431747,-0.3609908,0
0.34361887,-0.90996397,-1.0816083,1.896367,1.5129935,0.76964605,0.15836611,0.21438833,0.26900142,-0.5127365,0
0.14361887,-0.709964,-0.8816083,2.0739849,1.5897223,0.56964606,0.09657511,0.41438833,0.06900142,-0.3127365,0
-0.055515833,-0.50213736,-1.0650085,1.8749534,1.7622548,0.6660391,0.024609815,0.60495913,0.26487297,-0.33044454,0
0.14448416,-0.6016554,-1.2538382,1.6749533,1.5622548,0.8660391,-0.17539018,0.8049591,0.24627428,-0.38434914,0
0.32167074,-0.5171703,-1.3807932,1.7807504,1.3464171,1.0124782,-0.10180796,0.5745643,0.4238522,-0.43967035,0
0.5117882,-0.7035842,-1.1584241,1.943227,1.2235811,1.0024371,-0.09894301,0.7138831,0.21961154,-0.23513003,0
0.29475716,-0.47607654,-0.9060714,1.9733077,1.3458197,1.1367555,-0.2826136,0.8284752,0.018540282,-0.31864065,0
0.23428875,-0.6316871,-0.6646336,1.9483665,1.4550987,0.9089522,-0.45429003,0.9483372,0.14366387,-0.4882027,0
0.03428875,-0.8316871,-0.46463358,1.7799348,1.6550988,0.7089522,-0.5849337,0.7483372,0.34366387,-0.2882027,0
-0.15920019,-0.6684702,-0.6382417,1.90214,1.782209,0.6503089,-0.5308341,0.5842776,0.52230245,-0.08473707,0
0.038007215,-0.43640518,-0.78086716,1.8241752,1.8465343,0.7921084,-0.68081117,0.5181063,0.30024207,0.10737362,0
0.22429504,-0.2227853,-0.54740196,1.8157643,1.9087592,0.5579956,-0.8300654,0.6767344,0.44055715,-0.08728995,0
0.37623024,-0.020204138,-0.6627351,1.7874154,1.8698757,0.42250025,-0.913378,0.7774165,0.21330646,-0.2547453,0
0.5762302,-0.22020414,-0.46273512,1.5874153,1.7421955,0.62250024,-1.113378,0.9774165,0.17632279,-0.4547453,0
0.7762302,-0.42020416,-0.62321067,1.6715896,1.5421954,0.43971372,-0.91337806,1.1774166,0.3763228,-0.2547453,0
0.5762302,-0.22020416,-0.66890657,1.4715896,1.3421954,0.6397137,-1.113378,0.9774166,0.1763228,-0.4547453,0
0.74522454,-0.14647219,-0.4501766,1.6048198,1.480594,0.6284065,-1.2609166,1.1303859,0.361291,-0.24456978,0
0.8708485,-0.31920967,-0.23049118,1.5632309,1.4809685,0.7632224,-0.97743714,1.225703,0.49157134,-0.4095883,0
0.8720686,-0.11920966,-0.030491173,1.4100884,1.6701512,0.5632224,-0.77743715,1.025703,0.29157132,-0.6095883,0
1.0720686,0.08079034,-0.23049118,1.2100884,1.7808793,0.5105122,-0.97743714,1.225703,0.4915713,-0.40958834,0
1.2659271,0.27943465,-0.42841277,1.4032805,1.5732467,0.309013,-0.77368367,1.2828355,0.2901636,-0.51727074,0
1.4060163,0.18433109,-0.2190778,1.1688662,1.6929884,0.4364098,-0.5502379,1.3170836,0.08647872,-0.6879567,0
1.47724,-0.015668914,-0.019077793,1.1116021,1.4929883,0.2364098,-0.3502379,1.1208677,-0.113521285,-0.8879567,0
1.2772399,-0.21566892,0.18092221,1.2651544,1.6929884,0.036409795,-0.37307975,0.92086774,-0.3135213,-0.6879567,0
1.4516505,-0.015397489,0.25181264,1.3783224,1.8601972,-0.16075642,-0.17008157,0.7083805,-0.38858473,-0.87257504,0
1.556276,-0.20295937,0.17664304,1.4268006,1.5643291,-0.33992454,-0.34871122,0.8559261,-0.1776949,-1.0106393,0
1.2870307,-0.05180116,0.112138934,1.3827987,1.6742506,-0.13278063,-0.5206966,1.0020154,0.021166304,-1.1488297,0
1.3884406,0.13837326,-0.08203588,1.3870194,1.3765076,-0.31071725,-0.4928187,1.1223217,0.20650297,-1.2594023,0
1.5212294,-0.059019152,-0.27010217,1.4405924,1.1807959,-0.31329477,-0.66350365,1.2538118,0.0062278127,-1.014576,0
1.2511185,-0.24527436,-0.4451563,1.3750855,1.1585385,-0.1362755,-0.81768197,1.3766656,0.19528437,-1.1501248,0
1.248952,-0.08833319,-0.6451563,1.4310033,1.3585385,-0.33627552,-0.80435765,1.1766655,-0.0047156364,-0.9501248,0
1.3954136,-0.031563625,-0.5329345,1.4598083,1.4595858,-0.13124017,-0.5820268,0.940578,-0.19715145,-1.107628,0
1.5366387,-0.22303283,-0.68096244,1.4535424,1.3854115,0.06622672,-0.7532169,0.7132951,0.0027436102,-1.0062891,0
1.7366388,-0.036895752,-0.48096246,1.2630589,1.5854115,-0.13377328,-0.55321693,0.5132951,0.20274362,-0.80628914,0
1.5366387,-0.23689575,-0.28096247,1.1432935,1.7854116,-0.087319046,-0.6416058,0.31329513,0.0027436167,-0.9822407,0
1.6016726,-0.43312535,-0.25850207,1.1592245,1.5717295,-0.27644283,-0.8343427,0.5088654,0.20099394,-1.1376282,0
1.4061068,-0.23312534,-0.058502063,1.0453516,1.7717296,-0.07644282,-0.63434273,0.57954305,0.3541298,-1.1014833,0
1.3634983,-0.32978705,0.12915671,0.99939513,1.7997586,-0.15525566,-0.76157266,0.71155256,0.5057995,-1.18797,0
1.4341613,-0.11905068,-0.06498293,1.0640538,1.5809495,-0.3258679,-0.8820286,0.8361463,0.6474137,-1.1361005,0
1.2341613,-0.31905067,-0.26498294,1.010113,1.3809495,-0.12586789,-1.0820286,1.0361463,0.84741366,-0.93610054,0
1.3104074,-0.30322003,-0.4248595,1.050961,1.4151932,0.06773525,-1.1494893,0.7639951,0.95703226,-1.0380663,0
1.2914714,-0.10043565,-0.36765254,1.2112985,1.3327198,0.26051304,-0.92505705,0.5487813,1.1258211,-1.2046692,0
1.0389476,-0.2859781,-0.540336,1.1202701,1.17735,0.4383523,-1.0709171,0.44173884,1.2620201,-1.3337312,0
0.8452799,-0.084495954,-0.34658298,1.1002584,1.3536063,0.6273479,-0.9812455,0.6306761,1.0437121,-1.5072917,0
0.9699396,0.0001160788,-0.23676462,1.0879457,1.4416276,0.7593968,-1.0961053,0.3996344,1.1540695,-1.2130663,0
0.72619164,0.1887455,-0.41194767,1.2147647,1.5483505,0.5276119,-1.2224607,0.18829116,0.89985937,-1.332776,0
0.52619165,-0.011254504,-0.21194766,1.0342133,1.3483504,0.32761192,-1.2290875,0.28796288,1.0998594,-1.532776,0
0.30756578,-0.19919164,-0.38842502,1.1576004,1.1254464,0.4974847,-1.2154863,0.4600997,1.225636,-1.6338327,0
0.107414395,-0.39862984,-0.58759695,1.110155,1.1262758,0.69650316,-1.0140572,0.25973368,1.0241926,-1.831252,0
0.2964887,-0.4045625,-0.75960517,0.9684156,1.0580307,0.8646408,-1.1709088,0.31682524,1.180684,-1.5814996,0
0.47718173,-0.19660768,-0.5378438,0.75995904,0.93729424,0.6387949,-1.3175983,0.38931635,1.3269933,-1.7122225,0
0.27718174,0.0033923239,-0.33784384,0.95995903,0.73729426,0.6871753,-1.1651056,0.18931635,1.1269933,-1.5748508,0
0.46558213,0.19844815,-0.13449305,0.9877391,0.91450995,0.8656093,-1.1597799,0.37985262,1.294736,-1.7317067,0
0.63017666,-0.0014693013,0.062022325,0.9698172,0.8533708,0.63020235,-0.94550997,0.53961045,1.415224,-1.82895,0
0.7594047,0.18160611,0.23968512,1.0279026,0.7330617,0.39352793,-0.95493513,0.6765592,1.3303152,-1.8559835,0
0.50285774,0.17978048,0.3952399,1.1037811,0.83874387,0.5335316,-0.6786231,0.7879529,1.3619976,-1.848156,0
0.30285776,-0.02021952,0.5952399,1.1237465,1.0387439,0.33353162,-0.4786231,0.5879529,1.5619977,-1.6481559,0
0.50285774,0.17978048,0.3952399,1.2312471,0.84568435,0.23997343,-0.6786231,0.38795292,1.7619977,-1.4481559,0
0.56803966,0.37823746,0.44480157,1.1583107,0.6534578,0.043378968,-0.4766785,0.38090786,1.8705997,-1.6414597,0
0.36006832,0.56571347,0.23949943,1.1433518,0.83497286,-0.1532288,-0.40486425,0.56832606,1.9233167,-1.5096321,0
0.47734922,0.69435793,0.035818547,0.85544246,0.93852556,-0.21293746,-0.1857733,0.69672704,1.9254485,-1.5503144,0
0.6701505,0.48910403,0.23331232,0.91508424,0.7306767,-0.40854886,-0.3816734,0.49144796,1.8256611,-1.7317126,0
0.47015053,0.28910404,0.22499841,0.8660278,0.5306767,-0.20854886,-0.1816734,0.691448,1.625661,-1.9317126,0
0.6701505,0.08910404,0.4249984,0.6660278,0.33067673,-0.40854886,-0.22574034,0.491448,1.425661,-2.0224898,0
0.80190897,0.11784281,0.2249984,0.8660278,0.13067673,-0.20854886,-0.02574034,0.30912757,1.2256609,-2.2224898,0
0.619891,-0.082157195,0.074363515,1.0660278,-0.06932327,-0.29616076,0.17425966,0.50912756,1.0256609,-2.0224898,0
0.819891,0.11784281,-0.056351364,0.9846377,0.101274446,-0.49616075,-0.02574034,0.70912755,0.8473515,-1.8224897,0
0.619891,-0.04319863,-0.055155646,1.1846377,0.2384574,-0.31950772,-0.22574034,0.90912753,0.6473515,-1.6224897,0
0.77515393,-0.1918364,0.14484435,1.0439636,0.4090858,-0.5195077,-0.02574034,0.70912755,0.44735152,-1.8224897,0
0.9751539,-0.3918364,0.34484434,1.1218953,0.3198743,-0.7195077,0.17425966,0.5786773,0.6473515,-2.0224898,0
1.0968517,-0.19055557,0.5224157,1.0066683,0.49847355,-0.683011,-0.024680736,0.7466229,0.81247014,-2.1310008,0
1.2579751,-0.38888228,0.32103437,0.9473514,0.69548106,-0.73292065,-0.22371812,0.9425672,0.7807047,-1.9227276,0
1.4579751,-0.18888228,0.325382,1.0149549,0.7552139,-0.53292066,-0.023718119,1.1425673,0.5807047,-1.7227275,0
1.2242061,0.010247698,0.48426768,1.1198775,0.83775634,-0.30686763,0.16248676,1.2375034,0.71960986,-1.7722626,0
0.9790905,0.20098644,0.2717459,1.2617378,0.8876491,-0.4845405,-0.03586081,0.9918021,0.8791017,-1.8853859,0
1.1790905,0.40098643,0.07174589,1.140967,0.75122225,-0.6845405,-0.23586081,0.7918021,0.6791017,-1.6853858,0
0.9790905,0.20098643,0.2717459,1.12182,0.95122224,-0.48454052,-0.3081501,0.9918021,0.47910172,-1.8853859,0
1.0791606,0.123927124,0.43176463,1.2097934,1.0536542,-0.6265245,-0.33597764,0.7246955,0.6215467,-1.9086457,0
0.8868172,0.28427613,0.20339496,1.2372246,1.1001979,-0.7253519,-0.47037014,0.8115061,0.72098345,-1.8505323,0
0.6868172,0.16919935,0.0033949614,1.2852426,0.9001979,-0.9253519,-0.60880816,0.6115061,0.52098346,-1.9865209,0
0.46393442,-0.029352872,0.1938344,1.4154289,1.0484831,-0.6912568,-0.77079016,0.3921633,0.6870937,-1.9863868,0
0.24231857,-0.21056919,-0.005660654,1.4831275,1.0145305,-0.8182641,-0.52404326,0.1764254,0.8144419,-2.0073247,0
0.041186925,-0.2328689,-0.20016108,1.3508065,1.1226199,-0.6017311,-0.7046816,0.36635938,0.8762415,-2.014543,0
0.15392235,-0.23361407,-0.00014549891,1.4007852,1.1946728,-0.72417355,-0.6097515,0.5115711,0.6108235,-2.0003135,0
0.35392237,-0.43361408,0.12473674,1.5485556,0.99467283,-0.52417356,-0.8097515,0.31157112,0.41082352,-2.0065737,0
0.15146808,-0.62351114,0.31955886,1.6334789,0.9906874,-0.7126267,-0.8495294,0.2918235,0.601084,-1.777768,0
0.33449176,-0.75863594,0.113784015,1.7449197,0.8119675,-0.8685457,-0.99883586,0.087388314,0.7623907,-1.5015599,0
0.499355,-0.8956165,0.29315627,1.4943397,0.94544214,-0.7879401,-1.120026,0.2390342,0.5254199,-1.5897017,0
0.699355,-0.74984264,0.09315626,1.6943398,0.7791414,-0.9578254,-0.920026,0.039034203,0.7254199,-1.3897016,0
0.4735651,-0.90078664,0.2780158,1.6920778,0.5492308,-1.0980278,-1.0621806,0.22668894,0.4982838,-1.4452251,0
0.24789186,-0.63501996,0.43315545,1.7052888,0.67891777,-1.1762118,-1.0724499,0.38664547,0.2702908,-1.4908258,0
0.04705454,-0.43901446,0.25327238,1.801013,0.86355126,-0.95914435,-0.8571965,0.5763889,0.06906187,-1.6612644,0
0.24206996,-0.23419209,0.052197553,1.6560192,1.042093,-1.1357574,-1.0358665,0.7607244,0.2526057,-1.4317818,0
0.278131,-0.034192085,-0.14780244,1.7556946,0.84209305,-0.93575746,-1.1685815,0.56072444,0.06110923,-1.2317817,0
0.40426216,-0.2270015,-0.3371236,1.6878715,1.0100968,-0.71316695,-1.3265609,0.73736733,0.2530922,-1.3878206,0
0.5982439,-0.4227487,-0.1357579,1.8690689,0.8020285,-0.90407205,-1.1153406,0.92803144,0.052563414,-1.1759902,0
0.7436889,-0.58018774,-0.31281096,1.7935618,0.5608836,-0.9057964,-1.2254453,0.67827505,0.23530228,-1.2819499,0
0.51842254,-0.36251965,-0.1075684,1.9009169,0.62000656,-0.6729966,-1.3592019,0.5404335,0.033661712,-1.4130807,0
0.31842256,-0.4212895,-0.24135393,1.7624363,0.42000657,-0.58931446,-1.1592019,0.40057975,-0.13517098,-1.2130806,0
0.35774505,-0.36625254,-0.041353926,1.800272,0.62000656,-0.78931445,-1.2370278,0.60057974,-0.045226425,-1.0130806,0
0.55774504,-0.3087455,0.15864608,1.7105007,0.42000657,-0.58931446,-1.0370277,0.6763073,0.15477358,-1.2130806,0
0.35774505,-0.416411,-0.041353926,1.851771,0.22000657,-0.78931445,-1.2370278,0.8763073,-0.045226425,-1.1804842,0
0.55774504,-0.61641103,-0.24135393,1.9039549,0.2777378,-0.98931444,-1.0370277,1.0763073,0.11358409,-0.9804842,0
0.7462927,-0.78537464,-0.4346834,1.8338766,0.07656289,-0.777385,-0.8896794,1.2570176,0.30884466,-1.0940672,0
0.77339816,-0.57612777,-0.23097622,1.9671869,0.21167368,-0.96194565,-0.67878485,1.0403204,0.10712528,-1.2736255,0
0.87413025,-0.33776996,-0.027817242,1.9461755,0.0893371,-1.0434495,-0.429958,1.1138315,0.24483003,-1.323344,0
0.9950452,-0.49817553,-0.21104372,1.8378189,-0.04950793,-1.1518979,-0.41162038,0.9206908,0.04152932,-1.4111847,0
0.73845434,-0.6484798,-0.35561544,1.892768,0.06348926,-1.2556705,-0.19655736,0.69754624,0.2243374,-1.4727029,0
0.48782036,-0.7052878,-0.50336766,1.8678267,-0.06172195,-1.3187854,-0.19468117,0.81314474,0.022048809,-1.4421681,0
0.3603887,-0.47739264,-0.66453713,1.8980215,-0.2472732,-1.0570211,-0.26619765,0.955705,-0.16812712,-1.5515097,0
0.5221697,-0.63119394,-0.5274055,1.8194532,-0.27287856,-1.1712914,-0.4344026,0.7041653,0.029699126,-1.6150991,0
0.3053255,-0.78773606,-0.31028756,1.7497238,-0.0690682,-1.0468317,-0.5357907,0.8568922,0.21768963,-1.7201991,0
0.44495407,-0.51751906,-0.44932336,1.6881832,0.08939852,-1.0978724,-0.6478855,0.93062496,0.35273868,-1.6907923,0
0.6256503,-0.30801558,-0.5844753,1.6705401,-0.10729113,-1.2590265,-0.6785096,0.9723274,0.5361949,-1.4461721,0
0.7484117,-0.422285,-0.40894908,1.6955534,-0.06902638,-1.3225365,-0.55093855,0.7000771,0.6673248,-1.4921747,0
0.5653914,-0.2887493,-0.5941674,1.4817829,-0.20894797,-1.4855785,-0.3424199,0.48793826,0.84627134,-1.651099,0
0.33656126,-0.45018595,-0.3841351,1.3256515,-0.008241955,-1.5525829,-0.3621011,0.63365847,0.9637183,-1.7050433,0
0.25663444,-0.3446347,-0.3284799,1.3848026,-0.19414523,-1.6339437,-0.5073649,0.40430242,0.7120192,-1.7760835,0
0.05663444,-0.14463471,-0.5284799,1.2649263,0.0058547705,-1.8339437,-0.7073649,0.6043024,0.5863156,-1.5760834,0
0.25663444,-0.2519631,-0.3284799,1.2395332,0.20585477,-1.7618521,-0.9073649,0.8043024,0.6816458,-1.3760834,0
0.45273292,-0.051519126,-0.52396446,1.107259,0.40238708,-1.5906812,-1.0172619,0.59913915,0.8741129,-1.5626172,0
0.62627345,0.14246199,-0.6946175,0.87192696,0.5779684,-1.3343079,-1.1679184,0.76674485,0.64678675,-1.691167,0
0.72586256,0.30084515,-0.7859013,0.7908793,0.4933037,-1.347855,-1.2016855,0.84926355,0.3924921,-1.6613476,0
0.8696879,0.47045746,-0.55035305,0.7499727,0.27550814,-1.376064,-1.1541424,0.6991196,0.55654395,-1.7484145,0
0.8702297,0.6448877,-0.72173625,0.52899796,0.072628416,-1.1312114,-1.3024985,0.64402986,0.34294617,-1.8741063,0
0.65739465,0.5416271,-0.51174486,0.6949614,0.26740754,-1.0590678,-1.2046721,0.82786644,0.24730478,-2.0343866,0
0.4829775,0.34162712,-0.31174487,0.6427307,0.33604047,-1.1042417,-1.4046721,1.0278665,0.04730478,-1.8485636,0
0.6646345,0.13782339,-0.49800074,0.7785196,0.13238677,-0.8799562,-1.2033222,1.1948893,0.20821993,-1.9935445,0
0.84418595,0.0027372018,-0.6518618,0.9090783,0.32452586,-0.6638753,-0.97959363,0.97136027,0.008025527,-2.1416671,0
0.9752863,-0.18424658,-0.7956524,0.9300332,0.11630913,-0.43326688,-0.9874886,0.72046274,0.19429915,-2.1871543,0
0.71762717,-0.35566962,-0.9216043,0.90572774,-0.07746666,-0.5861699,-0.8549041,0.85200655,-0.0052768756,-2.209618,0
0.6770744,-0.5000965,-1.0094315,0.9951428,0.029627826,-0.7075442,-0.5894065,0.8531241,-0.050410002,-2.1686296,0
0.48512116,-0.62935853,-0.97513086,1.0743853,0.20642617,-0.81584567,-0.35006076,0.94671607,-0.04922238,-2.1293027,0
0.65523744,-0.7931834,-1.1238737,0.8362462,0.0061458726,-0.6429842,-0.26870108,0.71414566,0.14420098,-2.2277029,0
0.4512707,-0.58801466,-0.91582346,0.98868746,0.2043496,-0.45839283,-0.06810244,0.90618014,-0.055312812,-2.356611,0
0.6312311,-0.37607548,-0.69379765,0.8474895,0.24283317,-0.6381341,-0.25985295,0.75295466,0.14023517,-2.4779444,0
0.490084,-0.17301595,-0.8100514,0.7472147,0.040255427,-0.78769445,-0.43217856,0.51967734,0.31975952,-2.5167832,0
0.6765273,0.02645395,-0.5980669,0.9286066,-0.15660639,-0.5761492,-0.22761741,0.7055393,0.117406845,-2.530171,0
0.70086193,0.15850562,-0.53491014,0.9652743,0.03923928,-0.7018438,-0.024973428,0.8188465,-0.07468602,-2.4687953,0
0.50086194,0.3585056,-0.33491015,0.90953237,0.23923928,-0.5018438,-0.06986199,1.0188465,0.12531398,-2.2687953,0
0.29887646,0.5548198,-0.13401984,0.93871754,0.17178887,-0.41015047,-0.14015372,1.2108029,-0.07419314,-2.4525027,0
0.09887646,0.35481983,-0.300732,1.1387175,-0.028211132,-0.61015046,0.012642458,1.0108029,0.12580687,-2.3547246,0
-0.09972019,0.27605802,-0.35289058,0.9823132,-0.11846615,-0.79890746,0.2096915,0.8809304,-0.07316351,-2.5192711,0
-0.2751786,0.33253184,-0.507619,0.966494,-0.16730814,-0.9171153,0.24653749,0.9924221,0.11645091,-2.3861217,0
-0.18041854,0.12081182,-0.28041574,1.0343459,0.029800868,-1.0183269,0.042422097,1.0869743,0.16030371,-2.3574266,0
0.01789577,0.2795454,-0.4390585,1.1280855,0.015248041,-0.7478801,0.22155286,1.1761833,-0.03627898,-2.3372672,0
-0.07459593,0.079160534,-0.2379019,1.2381198,0.020063309,-0.94329405,0.021448582,0.97146034,0.010289473,-2.3588395,0
-0.2712301,0.27573878,-0.3717314,1.1711409,0.060509477,-1.1292803,0.21873422,1.1571014,-0.18738519,-2.154036,0
-0.10475344,0.3174687,-0.56716067,1.3601793,-0.13837537,-1.3186533,0.05737856,0.99170893,-0.0472904,-1.9923532,0
-0.20175974,0.11538556,-0.6860649,1.3880985,0.048772324,-1.3976165,0.25281432,1.1705756,-0.24290507,-1.7605684,0
-0.0016142469,0.28931025,-0.44587824,1.2553113,-0.13872454,-1.4618261,0.0722922,1.2572597,-0.40628675,-1.7984734,0
0.10846489,0.08176389,-0.53485703,0.96614176,0.05609794,-1.5214087,-0.09357592,1.3341273,-0.555058,-1.8296106,0
0.07161316,0.13511752,-0.700133,0.90900224,0.24399662,-1.6400675,0.10139526,1.1468079,-0.33828056,-1.8630363,0
-0.12193948,0.3182885,-0.8549299,1.0533102,0.052541908,-1.601937,0.28625974,1.2791736,-0.51124907,-1.5795215,0
0.07115235,0.4724212,-0.96157116,1.1382619,0.23019254,-1.392249,0.43628836,1.3482703,-0.28370428,-1.5720954,0
-0.103842445,0.25312057,-1.0792756,0.99043274,0.39971405,-1.2604655,0.21954769,1.4385778,-0.44943458,-1.6465452,0
-0.08236508,0.09551683,-1.2792757,1.1294621,0.47742298,-1.0604655,0.41954768,1.2385777,-0.24943458,-1.6358029,0
-0.23696552,0.06235857,-1.0792756,1.0400524,0.27742296,-1.2604655,0.21954767,1.0385777,-0.44943458,-1.7793162,0
-0.25906655,0.24341746,-1.1869177,1.0788121,0.34909463,-1.1318482,0.3892582,1.149158,-0.2314265,-1.8364185,0
-0.45906657,0.44341746,-1.3869177,1.0873457,0.5490946,-0.9318482,0.1892582,0.99093753,-0.43142653,-1.6364185,0
-0.24275565,0.2280918,-1.4870048,0.8981551,0.7019313,-1.0605866,-0.010065492,1.1159556,-0.21685582,-1.720797,0
-0.44275564,0.18044809,-1.2870047,0.91304487,0.9019313,-1.2605866,-0.2100655,0.9159556,-0.016855821,-1.5207969,0
-0.26727873,0.3804481,-1.0870047,0.8585021,0.7019313,-1.0605866,-0.4100655,0.7159556,-0.035828218,-1.6791193,0
-0.06727873,0.2003712,-1.2870047,1.0167065,0.5019313,-0.8605866,-0.2100655,0.9159556,-0.07507722,-1.8791194,0
0.13272128,0.00037120283,-1.4870048,1.1296933,0.7019313,-0.6605866,-0.010065496,1.1159556,0.12492278,-1.6791193,0
0.06614907,-0.19455968,-1.2543242,1.2959288,0.8790288,-0.44889107,0.033485387,1.1705987,-0.0731708,-1.8314035,0
-0.11891528,-0.35053307,-1.2920446,1.3290069,0.6032599,-0.5189997,0.20399149,1.2176616,0.112677075,-1.804731,0
-0.09243971,-0.14730063,-1.4600055,1.3135604,0.7860113,-0.31214973,0.0039057743,1.3872198,-0.08544782,-1.5702721,0
0.10696324,-0.34537283,-1.4533806,1.5051589,0.9805381,-0.5093069,-0.08299657,1.1806296,0.11391632,-1.3626659,0
0.15736964,-0.23466893,-1.4868329,1.5333954,1.0579362,-0.6378572,0.003051534,0.88184917,0.28229502,-1.405256,0
0.00086298585,-0.43466893,-1.6868329,1.532325,0.8579362,-0.4378572,-0.08457943,1.0818492,0.082295015,-1.205256,0
-0.18417938,-0.5869975,-1.7451086,1.3907446,0.64623076,-0.2199912,-0.263204,1.1855667,-0.1088639,-1.2997041,0
0.015820622,-0.7869975,-1.603907,1.4344449,0.44623077,-0.019991204,-0.063204005,0.9855667,-0.3088639,-1.099704,0
-0.12991647,-0.579059,-1.6005224,1.5739932,0.55519015,0.13636753,0.13494597,1.1695331,-0.5019821,-1.2821269,0
-0.20313959,-0.7139696,-1.4193769,1.6257783,0.32551447,0.30826443,0.23014608,1.2551104,-0.34200937,-1.358297,0
-0.0030980313,-0.9018727,-1.2032378,1.8016132,0.17310485,0.1068315,0.029747078,1.0793908,-0.40311846,-1.457111,0
0.1542933,-0.82727426,-1.2745315,1.842031,0.34811506,-0.08692826,0.21435909,0.82049096,-0.189514,-1.5461211,0
0.33828452,-0.59893084,-1.04474,1.9497617,0.24773505,-0.21909735,0.020830398,0.97438,-0.37191376,-1.560848,0
0.13828452,-0.62229943,-1.1421213,1.8388766,0.17283715,-0.18311442,-0.0008125156,0.77438,-0.5719138,-1.360848,0
-0.046942532,-0.68255377,-1.287335,1.9891205,0.34396693,0.016885579,-0.068214536,0.57438004,-0.3719138,-1.270234,0
-0.24694254,-0.53691334,-1.1312175,1.9804041,0.14396693,0.19562937,0.04908949,0.77438,-0.17191379,-1.470234,0
-0.044665974,-0.32057416,-1.084245,2.0746617,0.11265209,-0.0041586687,0.23700947,0.8468403,-0.32210064,-1.5892332,0
0.07554219,-0.11182085,-0.93133175,2.036131,0.0340794,-0.18933739,0.03432269,0.97084296,-0.48419774,-1.6593404,0
0.256617,0.082122706,-1.053628,2.0321777,-0.0852202,0.00993027,0.09688439,0.7178988,-0.63720465,-1.6581224,0
0.456617,-0.1178773,-0.853628,2.2321777,-0.13220443,-0.19006974,-0.10311561,0.5178988,-0.43720466,-1.4581224,0
0.60199505,-0.15292655,-0.96597993,2.2032802,0.062155873,-0.12726137,-0.17412601,0.6465357,-0.21747234,-1.5201885,0
0.7874751,0.0462212,-0.8637223,2.110089,0.2574096,-0.22186197,0.025405545,0.4582156,-0.017156009,-1.6890448,0
0.9703513,-0.15111212,-1.0452763,2.1240306,0.05641406,-0.41454646,0.22149678,0.2537379,0.0444835,-1.4632232,0
0.7703513,-0.35111213,-0.8452763,2.1450334,0.25641406,-0.21454646,0.3184046,0.4537379,0.2444835,-1.4871069,0
0.5461321,-0.52770984,-1.00089,2.027934,0.437033,-0.1471629,0.4963912,0.24296327,0.42560908,-1.6154661,0
0.5729306,-0.6703737,-0.737788,2.0523956,0.4767796,0.048674077,0.27303857,0.17973673,0.5763175,-1.6724259,0
0.3729306,-0.87037367,-0.53778803,2.1417918,0.6767796,0.24867408,0.45663,-0.02026327,0.42020953,-1.4724258,0
0.17202301,-0.66685545,-0.733916,2.3045068,0.6881787,0.048418626,0.5621139,-0.21910729,0.4840406,-1.2657478,0
0.3359228,-0.42155296,-0.84329104,2.2614756,0.801992,-0.02087358,0.32697526,-0.017253159,0.61766297,-1.3235153,0
0.26981416,-0.62155294,-0.64329106,2.0614755,1.001992,-0.18488103,0.5269753,-0.21725316,0.41766298,-1.1235152,0
0.33880413,-0.80331576,-0.6653884,2.2076502,1.1753097,-0.25115722,0.31971693,-0.016870167,0.6039518,-1.0058534,0
0.43135917,-0.9664897,-0.4483066,2.1890965,0.9501725,-0.43459776,0.500641,-0.20891008,0.38912502,-1.1615933,0
0.3262037,-1.10001,-0.61135876,1.9032854,1.0846226,-0.22122774,0.5966537,-0.38560578,0.55555004,-1.2839944,0
0.4888395,-1.2077001,-0.75374657,1.8300737,0.89311373,-0.019720413,0.74008566,-0.17242646,0.3303035,-1.3786204,0
0.28262553,-1.159093,-0.56148404,1.8687559,1.0201277,-0.21499342,0.5284664,0.026980331,0.12750018,-1.5446584,0
0.07686676,-1.2076879,-0.70841074,1.7331983,1.1350883,-0.013948416,0.30557325,0.0942856,-0.0674468,-1.6230607,0
-0.11333454,-1.2956668,-0.46795243,1.6388193,1.2288446,-0.19692282,0.13968211,0.069469556,0.12200488,-1.6779852,0
0.08666547,-1.3295875,-0.38771653,1.8388194,1.076243,-0.39692283,-0.06031789,-0.13053045,0.18865228,-1.4779851,0
0.08106628,-1.2444752,-0.56638265,1.6020868,1.2037052,-0.57525474,0.1346117,0.06387447,0.37454432,-1.617075,0
-0.11488247,-1.026939,-0.7402773,1.5574595,0.96951586,-0.7488471,0.06447016,0.2548861,0.55497354,-1.7551798,0
-0.29554343,-0.77615124,-0.8825286,1.6495223,1.0595146,-0.8181236,0.18282354,0.05151517,0.33317226,-1.6945455,0
-0.29549804,-0.6608417,-0.9534777,1.6290363,1.1093649,-0.79262376,-0.0018857651,0.22153144,0.46961147,-1.6686921,0
-0.4634236,-0.8051179,-0.91698277,1.6323947,1.0242763,-0.5542622,0.03919783,0.394245,0.25215906,-1.7477285,0
-0.4411597,-0.5933884,-1.0953314,1.7268419,1.2005451,-0.34739527,0.051267367,0.45477313,0.44339445,-1.5177275,0
-0.25919342,-0.6578378,-0.89533144,1.647451,1.0363128,-0.5473953,0.25126737,0.25477314,0.24339445,-1.3177274,0
-0.4591934,-0.8578378,-0.69533145,1.8160152,0.9461097,-0.3473953,0.45126736,0.45477313,0.32329997,-1.5177275,0
-0.40544397,-0.6338378,-0.8255679,1.7805145,1.1042961,-0.52742463,0.57048166,0.24926132,0.5042084,-1.5628879,0
-0.20544396,-0.5247962,-0.76719546,1.8534096,1.0237961,-0.41316563,0.37048167,0.07609317,0.52338153,-1.6610962,0
-0.36095178,-0.64525926,-0.8610584,1.8280747,1.0895005,-0.18977349,0.15177353,-0.11030968,0.60551095,-1.6568652,0
-0.4536441,-0.7916311,-0.9937387,1.7093718,1.2076871,-0.3289971,0.329455,0.08399984,0.379783,-1.5593204,0
-0.28074396,-0.9916311,-0.7937387,1.5093718,1.4076872,-0.5289971,0.49091923,-0.11600016,0.579783,-1.3593204,0
-0.45658338,-1.0918149,-0.75919753,1.5346403,1.2892709,-0.31246287,0.27629864,-0.30011907,0.74059373,-1.4809543,0
-0.6555358,-0.890392,-0.9576671,1.3576473,1.394076,-0.5103653,0.35918447,-0.09995933,0.5397312,-1.5436673,0
-0.84054124,-0.67829186,-0.74438787,1.3205382,1.5661374,-0.6979151,0.15639453,0.078416705,0.7267663,-1.4271674,0
-0.6641812,-0.8274635,-0.5128832,1.0556905,1.5914938,-0.81840587,0.33576933,0.26230422,0.87313265,-1.5330003,0
-0.86418116,-0.6274635,-0.3128832,0.92512983,1.538348,-0.6184059,0.53576934,0.46230423,1.0731326,-1.3330003,0
-0.85283375,-0.40118036,-0.48134786,0.970998,1.6014718,-0.76808506,0.4633212,0.264977,1.1948524,-1.4387417,0
-0.68340683,-0.5931787,-0.2901997,0.81358004,1.7774943,-0.6476627,0.25981644,0.45878822,0.9816109,-1.6169301,0
-0.8549837,-0.7676586,-0.087297566,0.98096865,1.5892884,-0.4332594,0.3753443,0.43691236,0.756463,-1.7584714,0
-0.9586481,-0.5233451,0.10390448,0.9870593,1.64961,-0.21505032,0.43177894,0.58719265,0.5130235,-1.8055861,0
-0.7221248,-0.6042951,0.24146909,1.1299112,1.3809885,-0.39506873,0.2206205,0.7492952,0.6786967,-1.9090321,0
-0.51384664,-0.61810076,0.17782561,0.9264323,1.4151521,-0.24104895,0.02029356,0.9342442,0.47110704,-2.0755937,0
-0.31384665,-0.6199976,0.37782562,0.9915062,1.3891013,-0.041048944,-0.025377408,0.88984513,0.27110702,-1.8755937,0
-0.1451527,-0.41063017,0.513516,1.123816,1.5536587,-0.2356727,0.17072788,0.6744591,0.46059963,-2.0293005,0
-0.30527267,-0.540076,0.2772914,1.1097069,1.5510354,-0.3853337,0.3278928,0.7734213,0.39902148,-1.97172,0
-0.105272666,-0.34007603,0.077291384,0.9097069,1.3510354,-0.18533368,0.31593207,0.9734213,0.19902147,-2.17172,0
0.08530134,-0.12613754,0.11581751,0.99928373,1.3966972,-0.34699044,0.46459344,1.056658,-0.00088115927,-2.1357183,0
-0.049576033,0.06903801,0.29518935,0.9825475,1.1985943,-0.51126283,0.24731106,1.1745774,-0.18776028,-2.183157,0
0.13386838,0.23942783,0.084712856,1.0499547,1.2409283,-0.6329816,0.3980802,1.1036015,0.010892627,-2.120868,0
0.19038576,0.03942783,0.28471285,1.0876131,1.0409282,-0.4329816,0.1980802,0.90360147,0.21089263,-1.9208679,0
0.148487,-0.16057217,0.21143259,1.2801526,1.2409283,-0.6329816,-0.001919806,0.8299546,0.01089263,-2.120868,0
-0.048776027,0.0045821103,0.010825155,1.4015096,1.3643694,-0.7887239,-0.12431981,0.71634865,-0.013068829,-2.005214,0
-0.19585496,-0.1954179,0.21082516,1.4955306,1.5643694,-0.5887239,0.0756802,0.51634866,-0.19212483,-1.8052139,0
-0.38659164,0.004474882,0.28410983,1.5781629,1.7230818,-0.37962747,0.26922905,0.69958556,-0.38294882,-1.5676507,0
-0.40175584,-0.19082816,0.2127116,1.3918912,1.6480255,-0.56570345,0.067566015,0.87797546,-0.17855397,-1.7251878,0
-0.5318305,-0.38925657,0.41105202,1.3784171,1.5610752,-0.7626244,-0.13190143,1.0736407,0.021359796,-1.5190547,0
-0.29603693,-0.5256952,0.23722689,1.3141452,1.5363456,-0.8587889,-0.26979917,1.1362568,0.19748238,-1.5336254,0
-0.44614473,-0.6527036,0.3932499,1.0832379,1.5034442,-0.9522942,-0.06277865,1.201854,-0.0022643988,-1.5592545,0
-0.5702975,-0.75260955,0.52361166,1.1139566,1.3874435,-0.8253593,0.12111372,1.2372984,0.17452455,-1.5527457,0
-0.76930976,-0.551901,0.32319674,1.3122718,1.5854081,-0.62455744,0.32070196,1.2019717,-0.025442792,-1.3510112,0
-0.7869138,-0.33603695,0.1176429,1.4440972,1.6221708,-0.40541798,0.49722818,0.9568017,-0.12827353,-1.4810901,0
-0.8680843,-0.1196574,0.27939707,1.4143337,1.6027721,-0.53252256,0.27466545,1.0175169,0.063090235,-1.4786782,0
-0.6680843,-0.3196574,0.2959515,1.5006776,1.618279,-0.58954155,0.2775025,0.81751686,-0.0052316487,-1.3412846,0
-0.46808434,-0.11965738,0.22108534,1.4716965,1.4182789,-0.38954157,0.47750252,0.6175169,0.19476835,-1.5412847,0
-0.26808435,-0.055942558,0.20877805,1.4817334,1.418777,-0.18954156,0.42534405,0.81751686,0.052133337,-1.3412846,0
-0.46808434,0.14405745,0.008778051,1.479756,1.618777,0.01045844,0.22534405,1.0175169,0.25213334,-1.5412847,0
-0.4771629,0.34405744,-0.19122195,1.3568207,1.8187771,-0.121183306,0.025344044,0.81751686,0.052133337,-1.3412846,0
-0.657758,0.13992931,-0.38001102,1.4352373,1.9609268,-0.31197944,0.21888655,0.98835874,0.24230082,-1.1477889,0
-0.44499567,0.30410033,-0.470458,1.4307312,1.9331623,-0.34405014,0.016895885,1.0631043,0.03784226,-1.2057302,0
-0.6366331,0.10275064,-0.66176534,1.5380175,1.7106913,-0.53699636,0.02229481,1.2467278,-0.16005531,-0.99269056,0
-0.43024772,0.29832318,-0.5756081,1.4478997,1.5191338,-0.7262184,0.21904394,1.4255707,0.039360538,-1.1752485,0
-0.6302477,0.14322758,-0.77560806,1.5661472,1.3191338,-0.5262184,0.30083108,1.2255707,-0.16063946,-1.3752486,0
-0.7093524,0.34322757,-0.9298581,1.7661473,1.1191337,-0.32986054,0.4109894,1.2135642,-0.07939405,-1.1752485,0
-0.5093524,0.54322755,-0.7298581,1.7871226,0.9191337,-0.52986056,0.2109894,1.2841126,0.12060595,-1.3085628,0
-0.2795771,0.3600832,-0.84035885,1.7958612,1.0114167,-0.44404072,0.009931664,1.3344798,-0.032030884,-1.363363,0
-0.15121433,0.4250127,-1.0182747,1.9534942,1.1441296,-0.23886034,0.20547535,1.1103976,0.0749822,-1.1386677,0
0.045331057,0.5807542,-1.1320062,1.9920509,1.2344598,-0.036108553,0.37676278,0.95817673,0.254924,-0.8721987,0
-0.035099264,0.7807542,-1.189837,1.8875042,1.0635021,0.16389145,0.17676277,0.8130789,0.054923996,-0.6721987,0
-0.23509927,0.9807542,-1.1122314,1.9127574,1.0748507,-0.036108553,-0.023237228,1.0130789,-0.145076,-0.8721987,0
-0.42313796,0.7592905,-1.2761569,1.8239005,1.2398038,-0.2296177,-0.21710022,0.7907266,-0.26709768,-0.9775909,0
-0.49821168,0.8767279,-1.3491095,1.7893512,1.3158852,-0.39264208,-0.38120192,0.6491654,-0.061322827,-0.7106665,0
-0.69821167,0.6767279,-1.3374408,1.7518924,1.1158851,-0.19264208,-0.3672911,0.4491654,0.13867718,-0.91066647,0
-0.48716858,0.8572948,-1.5033628,1.7355722,0.8955841,0.0071948334,-0.5547168,0.63477635,0.33117023,-1.0644027,0
-0.65115136,0.6228434,-1.6140828,1.7205788,0.89195263,0.19633494,-0.48817134,0.7910224,0.5033295,-0.81909597,0
-0.49897948,0.40236896,-1.6944917,1.7939671,1.0199671,0.37020707,-0.32826063,0.8942422,0.2833329,-0.57828283,0
-0.29769766,0.5828471,-1.5130578,1.9854186,1.1434752,0.16947734,-0.12771074,0.6912659,0.08297564,-0.70931804,0
-0.47734034,0.36718756,-1.2593498,2.0960286,1.2885231,0.1031829,-0.13266928,0.8548104,-0.012817454,-0.48848543,0
-0.27734035,0.16718756,-1.0593498,1.9577342,1.4885231,-0.096817106,-0.3326693,0.6548104,-0.21281746,-0.68848544,0
-0.07734035,0.24593428,-1.071564,1.9243504,1.4193565,-0.29681712,-0.2751774,0.8548104,-0.012817457,-0.88848543,0
-0.039718665,0.41485864,-1.1066129,1.9095687,1.4426208,-0.09007026,-0.069938526,0.9813042,-0.056858,-0.94600135,0
-0.23444198,0.21012916,-0.8866565,2.0631328,1.215268,-0.28368524,-0.26399663,0.954944,-0.251204,-1.1207755,0
-0.43444198,0.31044507,-0.80965966,2.0676548,1.1633942,-0.19788817,-0.06399663,0.754944,-0.26341513,-1.1708052,0
-0.23444198,0.51044506,-0.6096597,1.93659,0.98813987,-0.15645912,-0.26399663,0.954944,-0.46341515,-1.3708053,0
-0.0340568,0.70249987,-0.4050783,2.1126957,1.1748525,0.043053947,-0.40956038,0.7465012,-0.6559959,-1.1577116,0
-0.2340568,0.5024999,-0.5927683,1.9320108,0.9748525,-0.15694606,-0.6095604,0.9465012,-0.45599592,-1.3577117,0
-0.43405682,0.70249987,-0.39276832,1.8652807,0.782923,-0.34587336,-0.80956036,1.1465012,-0.28829235,-1.227437,0
-0.4352686,0.5474929,-0.30923355,1.757764,0.82086754,-0.14236857,-0.85813606,1.3141499,-0.47656053,-1.3931412,0
-0.4663801,0.44999194,-0.46029136,1.7696043,0.9227525,-0.3094637,-0.9096983,1.0070695,-0.6115366,-1.4400252,0
-0.6336668,0.31461555,-0.26029134,1.7470169,0.76777035,-0.10946371,-0.7096983,0.8070695,-0.4696393,-1.6400253,0
-0.8336668,0.30421555,-0.46029133,1.8125584,0.90370643,0.0905363,-0.81156254,0.6070695,-0.5312931,-1.4400252,0
-0.60561186,0.4818919,-0.6310576,1.8222809,0.91745645,-0.10461731,-0.96677667,0.5811224,-0.31662545,-1.5674149,0
-0.69541746,0.502698,-0.71738267,1.7412329,0.9238596,-0.2629507,-1.0071809,0.56010246,-0.44595963,-1.5058193,0
-0.89541745,0.3913765,-0.5173827,1.5412328,1.1108845,-0.062950686,-1.1349938,0.38034508,-0.6459596,-1.3058193,0
-0.69541746,0.3287279,-0.3173827,1.5848205,1.2225482,-0.2629507,-1.1561905,0.18034507,-0.44595963,-1.5058193,0
-0.87669885,0.22394288,-0.5065668,1.4782907,1.3928101,-0.06163471,-1.0883346,0.14245749,-0.6324559,-1.4801385,0
-0.72018766,0.40015012,-0.6669125,1.5254751,1.1258665,0.13059989,-1.21603,0.3232379,-0.40818536,-1.585845,0
-0.8069797,0.4933114,-0.4669125,1.3254751,1.3258666,0.26326275,-1.2245574,0.46740833,-0.22244371,-1.4539474,0
-0.9255547,0.26959407,-0.3110216,1.227661,1.402484,0.42580304,-1.3093668,0.46567607,-0.2760129,-1.5202082,0
-1.0617392,0.06959407,-0.27511832,1.1256105,1.202484,0.22580303,-1.5093669,0.26567608,-0.076012895,-1.5488387,0
-0.96932983,-0.06976903,-0.45161477,1.2185582,1.1630516,0.3391866,-1.4723144,0.062427156,0.117853604,-1.6472579,0
-0.7581121,0.12833203,-0.64211345,1.2894863,1.3431766,0.13715708,-1.2537624,0.25860062,-0.0809486,-1.6927583,0
-0.890692,-0.066624865,-0.7828559,1.3846747,1.0966724,-0.058420815,-1.0667629,0.42633,-0.2611789,-1.7544185,0
-0.7634524,0.08788193,-0.5314322,1.4448633,1.1822706,-0.093545504,-1.1042584,0.24734615,-0.42049038,-1.7819856,0
-0.5322805,0.26294,-0.3027171,1.5023532,1.2625114,0.007579455,-1.1770093,0.043244097,-0.2013872,-1.8102674,0
-0.6240195,0.059540957,-0.2153415,1.6104188,1.3835295,0.117228776,-1.302645,-0.14829041,-0.0013122794,-1.523306,0
-0.3964106,0.24264166,-0.01434257,1.6925383,1.1064671,0.29657328,-1.4048042,0.04834266,-0.18820438,-1.6110976,0
-0.5573325,0.41363883,0.17349274,1.6360017,1.2151501,0.13322087,-1.1258627,0.23207071,-0.36276838,-1.6924305,0
-0.661389,0.53589934,0.25148755,1.5306846,1.2358704,-0.058319148,-1.1343898,0.28035972,-0.49147347,-1.6526859,0
-0.79362977,0.30947658,0.047437396,1.5945442,1.3229209,-0.23799905,-0.8608881,0.4425733,-0.26854533,-1.7069485,0
-0.91647685,0.10097599,-0.1407165,1.6552023,1.1331168,-0.035048515,-0.97851276,0.22373807,-0.06322295,-1.7588787,0
-0.8408623,-0.092774026,-0.059210565,1.6686882,1.1611469,-0.22021323,-0.84529954,0.022239823,0.12814425,-1.8352425,0
-0.6220265,0.10407447,-0.07530981,1.7042189,1.1596328,-0.27531865,-0.62633336,0.03407923,0.31849968,-1.9433918,0
-0.6603866,-0.09592553,0.12469019,1.8725835,0.9596328,-0.07531865,-0.42633337,0.23407924,0.11849968,-1.7433918,0
-0.5733793,-0.29592553,0.3246902,1.8566184,1.116869,-0.05730336,-0.22633336,0.43407923,0.31849968,-1.5433917,0
-0.3733793,-0.49592555,0.5246902,1.6566184,0.916869,0.14269665,-0.21120319,0.6340792,0.5184997,-1.4399292,0
-0.44601232,-0.29592556,0.32469022,1.8153572,0.7931752,0.111354075,-0.4112032,0.8340792,0.6963298,-1.2399292,0
-0.24601232,-0.095925555,0.39394233,1.9818,0.59317523,0.31135407,-0.2112032,1.0319071,0.62569475,-1.4270045,0
-0.04224104,0.09554427,0.5452615,1.9803087,0.7281648,0.46944237,-0.01028496,1.101754,0.758019,-1.4936516,0
-0.23463494,0.20179808,0.43491372,1.9499936,0.84426033,0.3090969,-0.13682985,0.8734399,0.7946772,-1.6404729,0
-0.43463492,0.40179807,0.23491372,1.9898034,0.65619045,0.5090969,-0.33682984,1.07344,0.5946772,-1.4575616,0
-0.5987794,0.5677977,0.410342,2.066084,0.45143563,0.49795327,-0.12909923,1.2014933,0.7497796,-1.186512,0
-0.36248904,0.6979254,0.5547987,2.0598624,0.2285541,0.6344371,0.06444855,1.0188015,0.8633463,-1.2603345,0
-0.38712734,0.4979254,0.35479873,2.2296739,0.028554097,0.4344371,-0.07745591,0.81880146,0.6633463,-1.4603345,0
-0.20650505,0.2979254,0.39294717,2.1266336,-0.1714459,0.4016303,0.122544095,1.0188015,0.4633463,-1.3981881,0
-0.35830396,0.0912753,0.55268013,2.0679996,0.013584396,0.54653805,0.30064014,1.1360327,0.6182984,-1.4896551,0
-0.39533707,-0.10415257,0.7526801,1.8679996,0.09809132,0.34653807,0.50064015,1.1521657,0.41829842,-1.2896551,0
-0.30942443,-0.30122796,0.9435195,2.0444105,0.03562443,0.5412827,0.34126073,1.3391638,0.6123531,-1.0791773,0
-0.47235024,-0.46475026,0.6894086,2.0810697,0.21847647,0.3164453,0.13098024,1.4271486,0.3823434,-1.1860831,0
-0.38815412,-0.59913886,0.629686,2.0279706,0.016652828,0.46547168,0.1606178,1.4665476,0.16434595,-1.2492754,0
-0.1849911,-0.7555787,0.42246267,1.9789397,-0.18026498,0.26100892,-0.03872016,1.6385318,-0.035054684,-1.2296615,0
-0.3777567,-0.9376223,0.61076593,1.7455114,0.019364182,0.45234606,0.15824921,1.8039838,-0.23063776,-1.0103129,0
-0.33900926,-0.95192283,0.5801184,1.601667,0.034198567,0.25234604,-0.04175079,1.9549651,-0.16742179,-0.90604675,0
-0.5390093,-0.85948133,0.60246736,1.8016671,0.23419857,0.45234603,0.15824921,1.7549651,-0.3674218,-0.70604676,0
-0.61537427,-0.65948135,0.40246737,1.698256,0.2680728,0.25234604,0.17689447,1.9263839,-0.1674218,-0.667733,0
-0.4070562,-0.45028,0.48833913,1.8602426,0.45869943,0.11102839,0.16693494,2.083802,-0.360064,-0.45836645,0
-0.20705621,-0.25028002,0.6883391,1.916681,0.43520582,-0.088971615,-0.033065066,1.8838019,-0.160064,-0.48494682,0
-0.38329843,-0.4239995,0.4598373,1.9931413,0.22147806,0.10454823,-0.21946226,1.9621812,-0.33904892,-0.64497,0
-0.18329842,-0.6239995,0.6096022,2.0277915,0.021478057,-0.09545177,-0.41946226,1.7621812,-0.13904892,-0.84497,0
-0.3667868,-0.78850347,0.3919575,2.1097875,0.2119373,-0.28272438,-0.41735694,1.4948859,-0.32444346,-0.9999551,0
-0.16010554,-0.66632545,0.56824446,2.1409235,0.39543563,-0.46338707,-0.47969356,1.2430145,-0.4059517,-1.1457912,0
-0.3424817,-0.44350314,0.73064595,2.1771214,0.56629455,-0.25049672,-0.6464288,0.99196845,-0.5172342,-1.1659627,0
-0.14243282,-0.64328235,0.66954404,2.242039,0.46962523,-0.050479386,-0.8461384,0.8398286,-0.71698815,-0.9656313,0
-0.34243283,-0.5253702,0.6400513,2.3517652,0.281339,-0.2504794,-0.6461384,0.6398286,-0.51698816,-1.1656313,0
-0.14111237,-0.6773589,0.5504255,2.4197865,0.17522778,-0.05001142,-0.7340142,0.43575114,-0.42233148,-1.1927755,0
-0.117750004,-0.84837455,0.59339476,2.276294,-0.023953853,0.108706824,-0.51637256,0.6147485,-0.6017722,-1.3090786,0
0.07739987,-0.9865539,0.7466098,2.3302717,0.0055959765,0.29050297,-0.5871907,0.6096744,-0.37808046,-1.0436783,0
0.2595319,-1.1101252,0.8856364,2.2008364,0.18234995,0.08467345,-0.73648584,0.7575213,-0.5408449,-0.78933495,0
0.425733,-1.2137645,1.005787,2.2242532,0.30362883,-0.1068442,-0.49702695,0.5165152,-0.68635523,-0.545989,0
0.5763616,-1.1778944,1.1106484,2.2094474,0.46389169,-0.28263366,-0.51054025,0.554252,-0.447981,-0.31868985,0
0.5789012,-0.97789437,1.1160003,2.3234081,0.2638917,-0.1597276,-0.71054024,0.35425204,-0.247981,-0.18261617,0
0.37890118,-0.7778944,0.9160003,2.5234082,0.063891694,0.0402724,-0.71245146,0.554252,-0.447981,0.017383829,0
0.50634956,-0.85533834,0.9207768,2.3820932,0.16341157,0.21015991,-0.79809713,0.6597243,-0.5667718,-0.15972954,0
0.6480506,-0.9682355,1.0282729,2.23282,0.20352204,0.37630716,-0.8245851,0.7887665,-0.3365001,0.03694672,0
0.8135138,-0.73694915,1.1782516,2.3337436,0.3866706,0.16912706,-0.5991489,0.56478906,-0.22960028,0.2272971,0
0.6135138,-0.93694913,0.97825164,2.1344883,0.3102447,0.36912706,-0.7991489,0.36478907,-0.4296003,0.42729712,0
0.7417828,-1.0366994,1.0644218,2.1286464,0.46525425,0.5189447,-0.9110496,0.1502589,-0.5740857,0.20725533,0
0.5417828,-1.2366995,0.8644218,2.1576304,0.45236418,0.3189447,-1.1110497,-0.049741104,-0.37408572,0.0072553307,0
0.7417828,-1.0366994,0.6644218,2.1777146,0.25236416,0.11894469,-0.91104966,-0.2497411,-0.5740857,-0.13586237,0
0.5182702,-1.1830285,0.8269071,2.1859703,0.38856816,0.30510294,-1.0628316,-0.15464859,-0.60726666,-0.3212864,0
0.3013999,-0.9309218,0.9724746,2.1758308,0.353214,0.09953182,-1.1344671,-0.33584997,-0.7644764,-0.49365497,0
0.44210312,-1.081705,0.9251687,2.0589046,0.2163794,0.2864964,-1.2763921,-0.22285281,-0.53991085,-0.6634676,0
0.22609718,-0.959107,0.9185198,1.9603237,0.3888517,0.08077794,-1.3787849,-0.39489716,-0.69099385,-0.80638194,0
0.4234236,-0.7700224,1.1115015,1.8516984,0.58515686,0.11190948,-1.5688787,-0.38221017,-0.48791304,-0.60257715,0
0.22342359,-0.5700224,0.9895435,1.864451,0.78515685,-0.088090524,-1.6519625,-0.18221016,-0.68791306,-0.40257716,0
0.40952003,-0.74473786,0.763618,1.6691798,0.78792894,-0.18818535,-1.7454451,-0.35840276,-0.85875744,-0.58279085,0
0.19901638,-0.8973763,0.8146414,1.6228138,0.9384021,-0.36872485,-1.6953886,-0.15046172,-0.62573266,-0.743548,0
0.38478458,-0.74102235,0.5927189,1.7577993,0.8850213,-0.54844004,-1.6930778,0.047771394,-0.7962811,-0.52416116,0
0.18356194,-0.76318383,0.39012048,1.9448454,1.0778424,-0.44316125,-1.4831988,-0.15122138,-0.5923358,-0.7193697,0
-0.016438067,-0.56318384,0.19012047,1.980345,1.1439887,-0.24316125,-1.3058276,0.048778623,-0.7923358,-0.5532444,0
0.1727536,-0.7594751,0.30226073,2.0107486,1.1291404,-0.0429515,-1.1763214,0.24756967,-0.9875135,-0.74958396,0
-0.0272464,-0.5594751,0.10226072,2.1180744,1.0258082,-0.21753888,-1.0265247,0.047569662,-1.1875135,-0.549584,0
0.17036903,-0.44885784,0.29808852,1.976554,1.2088879,-0.41177544,-0.81511587,0.24415237,-1.3683611,-0.7392372,0
-0.028073328,-0.61474854,0.4569133,2.0518534,0.95585245,-0.57961553,-0.9617531,0.10329528,-1.1069424,-0.8898632,0
0.16345611,-0.49294207,0.4659397,2.0080457,1.0989053,-0.36091247,-0.72422266,-0.031892844,-1.2425514,-1.0361673,0
0.3309542,-0.50113475,0.24215816,2.010592,1.1827513,-0.5107531,-0.8415744,-0.044235017,-0.9493216,-1.1256236,0
0.30804518,-0.5750863,0.42635846,2.0940082,1.0899396,-0.6853556,-0.6186489,-0.23550773,-0.722546,-1.1788927,0
0.5080452,-0.41396987,0.22635846,1.9790097,0.8899396,-0.5192862,-0.4237932,-0.035507724,-0.522546,-0.97889274,0
0.64162064,-0.21396987,0.08761807,2.1790097,0.6899396,-0.7192862,-0.31367373,-0.23550773,-0.722546,-0.77889276,0
0.44162065,-0.08620308,0.28761807,2.1039252,0.8899396,-0.5192862,-0.5136737,-0.4355077,-0.522546,-0.97889274,0
0.6150696,0.10908788,0.46743992,2.1856277,1.035926,-0.6895213,-0.58534974,-0.22576214,-0.62848157,-1.1301088,0
0.39455503,0.29381135,0.63445204,2.146376,0.79461074,-0.84555715,-0.6856018,-0.024488859,-0.5769677,-1.2643689,0
0.50522614,0.08628378,0.39959094,2.1580992,0.9148016,-0.96166,-0.8145397,0.16142786,-0.7146226,-0.97896224,0
0.4438605,-0.107379965,0.18846975,2.0905828,1.052685,-0.975827,-0.5802976,0.054684598,-0.8636599,-1.1132705,0
0.22994256,0.06644901,0.2531222,2.1598516,0.91070163,-0.73154795,-0.5021193,0.24014889,-1.0029533,-1.2383178,0
0.027300436,0.20969269,0.25567913,2.0134065,0.9403769,-0.8493485,-0.6401645,0.03660616,-1.0968051,-1.2713267,0
0.22410284,0.04754591,0.054895848,1.8569294,1.0609686,-1.0345865,-0.4339724,0.23327766,-1.2785621,-1.1928209,0
0.4045755,-0.14543451,0.24315947,1.9622203,0.9872137,-0.9077481,-0.2231994,0.41332787,-1.4104834,-0.9471076,0
0.6036648,0.054483294,0.44249192,1.8017528,1.1854253,-0.7734701,-0.19805354,0.612404,-1.2086599,-1.1453797,0
0.3975972,0.21617323,0.63283443,1.6761425,0.97061306,-0.5648501,-0.39207026,0.7316235,-1.3874859,-1.3076692,0
0.43065992,0.016173229,0.47724068,1.5522537,0.7706131,-0.3648501,-0.19207026,0.5316235,-1.1874858,-1.5076692,0
0.23065992,-0.18382677,0.6094339,1.5841284,0.8538418,-0.36406618,-0.037122637,0.48277706,-1.3874859,-1.3076692,0
0.030659914,-0.21904817,0.8094339,1.3841283,1.0538418,-0.5640662,-0.23712264,0.28277707,-1.1874858,-1.5076692,0
0.22520515,-0.018597709,0.59502167,1.425857,1.2241904,-0.74599713,-0.036244743,0.47136012,-1.2261034,-1.6672854,0
0.39714545,-0.20417222,0.74255735,1.4165853,1.235749,-0.78370816,0.15294889,0.25345278,-1.3319935,-1.496453,0
0.19714545,-0.004172221,0.94255733,1.6165854,1.2492412,-0.58370817,0.16508578,0.45345277,-1.1319934,-1.296453,0
-0.0028545558,0.19582778,0.74255735,1.7079389,1.0492412,-0.71749896,-0.034914225,0.5786142,-0.9319934,-1.496453,0
0.04050389,0.3841902,0.7076174,1.6728647,0.824273,-0.8905239,0.16023216,0.36748272,-1.0987121,-1.6465764,0
0.06506031,0.17499235,0.6735069,1.7086362,0.8189497,-1.0360669,0.12584424,0.15911919,-0.85383344,-1.7543646,0
0.09644727,0.18449408,0.43403664,1.7495373,0.93401283,-0.9187655,0.13693605,0.32918397,-0.8089868,-1.7914541,0
0.13130118,0.18953241,0.5417206,1.9495374,0.73401284,-0.7187655,-0.06306395,0.12918396,-0.6089868,-1.731771,0
0.31634256,-0.009994966,0.7082311,2.0051358,0.8846288,-0.83503544,-0.25118634,0.31432095,-0.7724601,-1.4626098,0
0.10690643,-0.19296303,0.8129786,2.0262852,0.644399,-0.6136453,-0.19195943,0.47260624,-0.89358735,-1.5277615,0
-0.093093574,-0.39296305,0.61297864,2.066413,0.444399,-0.8136453,0.008040577,0.6726062,-0.7731991,-1.3580996,0
-0.29309356,-0.19296305,0.41297865,2.1126518,0.59940994,-0.87384826,-0.19195943,0.64310044,-0.6475332,-1.4519401,0
-0.31565967,-0.3414928,0.3845057,2.0366094,0.5538046,-1.0738482,-0.1614239,0.66498315,-0.4475332,-1.25194,0
-0.5156597,-0.15852025,0.4723658,2.2366095,0.3538046,-0.87384826,-0.3614239,0.7498755,-0.24753319,-1.05194,0
-0.45423907,-0.34097764,0.4887891,2.3173847,0.14627883,-1.0213041,-0.28522137,0.90339744,-0.4256351,-0.9618274,0
-0.59267485,-0.49007142,0.2616139,2.2804976,0.31369385,-0.74401903,-0.4395618,0.93021417,-0.5667625,-1.0524989,0
-0.7736942,-0.38490146,0.060138557,2.2470515,0.4074959,-0.92141443,-0.23382686,0.71272916,-0.35798037,-1.2225078,0
-0.82484597,-0.18490146,0.26013857,2.0470514,0.6074959,-1.1214144,-0.079136476,0.51272917,-0.55798036,-1.0763499,0
-0.624846,0.015098542,0.2942425,2.2470515,0.71658003,-0.92141443,0.12086353,0.31272918,-0.4563408,-1.2763499,0
-0.82484597,-0.11387046,0.14732023,2.1412024,0.6291038,-0.72141445,-0.0068912506,0.13047683,-0.6563408,-1.0763499,0
-0.87978256,-0.27134916,0.33824378,2.2800202,0.73900056,-0.8973353,0.07375616,0.24251303,-0.83396214,-0.8534484,0
-0.6631952,-0.06960817,0.13487048,2.4195054,0.916088,-0.6803196,-0.123163365,0.43171528,-0.7857152,-0.74978894,0
-0.77179724,-0.24106117,0.2994133,2.3421435,0.99791294,-0.7871085,-0.28894576,0.23164473,-0.88134444,-0.49157548,0
-0.5895536,-0.20330298,0.43043002,2.356604,1.1872787,-0.58189654,-0.4509839,0.4278129,-0.8087532,-0.2889871,0
-0.43539688,-0.013273906,0.6255549,2.2541256,1.3765509,-0.7758501,-0.64594984,0.22605121,-0.6040457,-0.088298954,0
-0.22950004,-0.10520649,0.41489452,2.1464508,1.5370574,-0.56142473,-0.82475823,0.41537833,-0.78390384,0.108902864,0
-0.4135296,0.09126873,0.5920304,2.218711,1.2873405,-0.34798563,-0.83930016,0.5924962,-0.8402238,-0.08770981,0
-0.18973517,-0.09661493,0.7037714,2.1491847,1.3216004,-0.48692146,-0.70928407,0.7041853,-0.8901348,-0.25564918,0
0.01007933,-0.14244618,0.49466762,1.9139603,1.4941032,-0.6745079,-0.50008065,0.8878455,-1.0704347,-0.44741502,0
0.2070382,-0.3374889,0.68461156,1.7529738,1.6695791,-0.46763888,-0.45699474,0.6778882,-1.2520437,-0.24383341,0
0.0061830464,-0.35556832,0.42573097,1.7156863,1.6424242,-0.5865204,-0.5771695,0.77122426,-1.2756195,-0.3899074,0
0.03515608,-0.14065948,0.56576425,1.6687003,1.6658561,-0.34947833,-0.5995287,0.8781473,-1.3342041,-0.25775588,0
0.11490342,-0.33088973,0.7438029,1.5938951,1.6346161,-0.32970938,-0.3880706,0.65869874,-1.4902048,-0.4446279,0
-0.08383383,-0.47491685,0.5357334,1.6721591,1.4133277,-0.52184904,-0.18527982,0.4518921,-1.6651238,-0.6350623,0
0.10667937,-0.61979926,0.6756491,1.6534672,1.1142403,-0.66289866,-0.3425232,0.30648577,-1.712807,-0.7668662,0
-0.05702751,-0.5331935,0.47564912,1.4534671,0.9142403,-0.86289865,-0.5425232,0.10648577,-1.512807,-0.81127006,0
0.13524763,-0.6281359,0.2607557,1.5465312,1.0367446,-1.0054698,-0.7024044,-0.08846162,-1.6202633,-0.9566307,0
-0.06475237,-0.42813593,0.060755685,1.5501353,1.2367446,-0.8697891,-0.90240437,-0.28846163,-1.4202633,-0.7566307,0
-0.19401258,-0.28177553,0.2607557,1.4866314,1.2793839,-1.0697892,-0.8314568,-0.4884616,-1.2202632,-0.9566307,0
-0.37611362,-0.07806069,0.43982482,1.6032552,1.4121795,-0.83027697,-0.9846005,-0.27535757,-1.3557445,-0.722259,0
-0.5306777,0.042623356,0.5893642,1.5745906,1.4850328,-0.9490228,-1.0659183,-0.43786788,-1.0645951,-0.5680145,0
-0.67745227,0.22494973,0.7318638,1.5389808,1.5622885,-0.6944611,-0.8028415,-0.59140307,-1.1724771,-0.54252696,0
-0.5649487,0.39656284,0.496335,1.4122912,1.6445667,-0.46143082,-0.9066953,-0.64996904,-1.2807949,-0.6929257,0
-0.76250774,0.1959356,0.29538938,1.4831114,1.8386807,-0.6055807,-0.70444024,-0.4485332,-1.1861686,-0.49135277,0
-0.84889024,-0.0035846217,0.43691206,1.4844316,1.7980285,-0.35770467,-0.7976772,-0.5719783,-1.2225409,-0.25696054,0
-0.80331624,0.19479282,0.23495497,1.6069851,1.5848273,-0.15640189,-0.98943555,-0.36890543,-1.4107895,-0.19389288,0
-0.5386721,0.35249156,0.031209609,1.6091303,1.5935866,0.03892666,-1.0619899,-0.5079483,-1.4381965,0.0054527554,0
-0.3386721,0.15249155,-0.025596576,1.4091302,1.3935865,-0.16107334,-1.26199,-0.70794827,-1.6365023,-0.19454725,0
-0.49228248,0.27353024,0.15938407,1.3493458,1.4205483,0.035574358,-1.3360857,-0.46420455,-1.6783456,0.0049831695,0
-0.68135333,0.07236941,0.3537104,1.5176889,1.4305669,-0.16182983,-1.3445508,-0.26003352,-1.4550067,-0.19193807,0
-0.8324216,0.25724778,0.21551843,1.6223248,1.3194014,-0.34174144,-1.1217297,-0.056700524,-1.5631226,0.007614341,0
-0.8841111,0.4572478,0.41551843,1.6624041,1.1194013,-0.14174144,-1.3217298,0.14329948,-1.3631226,-0.19238566,0
-0.660771,0.63391143,0.5722544,1.7214786,1.140556,-0.3300821,-1.0834591,-0.05476605,-1.5097928,-0.06629387,0
-0.45632988,0.4297292,0.76481104,1.8110985,1.0629917,-0.5249729,-1.2710886,0.14383413,-1.2971684,0.1324174,0
-0.6427953,0.3019591,0.93674505,1.7132633,1.005931,-0.7100228,-1.3389597,0.3367437,-1.074543,0.32556242,0
-0.44279534,0.30737925,1.1367451,1.7322001,0.9711131,-0.5100228,-1.1389596,0.19369347,-0.961263,0.5255624,0
-0.25563002,0.27710965,0.9367451,1.9322002,1.1711131,-0.31002283,-0.93895966,0.39369348,-1.0796615,0.32556242,0
-0.30804127,0.07619222,0.9165469,1.901137,1.2345656,-0.45873252,-1.0670533,0.5866299,-0.9992922,0.47855538,0
-0.22818662,0.27619222,0.84701306,1.830727,1.0345656,-0.2587325,-0.87712705,0.7866299,-1.1992922,0.32039785,0
-0.42818663,0.3016777,0.64701307,1.8035299,0.9345601,-0.28748098,-0.67712706,0.7057091,-1.3992922,0.3370001,0
-0.22818662,0.1016777,0.70983654,1.8305632,0.77783585,-0.45550168,-0.47712708,0.9057091,-1.5992923,0.1370001,0
-0.4146937,-0.04331662,0.834352,1.8546847,0.62905794,-0.24745038,-0.407379,0.9612981,-1.7425935,0.32638064,0
-0.19881512,-0.21316722,0.67193913,1.7576295,0.7677414,-0.308152,-0.24424568,1.0754094,-1.7989208,0.4874499,0
0.0011848807,-0.41316724,0.8719391,1.6288193,0.83947617,-0.17456333,-0.044245675,1.0513,-1.5989207,0.2874499,0
0.06807784,-0.4709158,0.8336111,1.7619876,0.6394762,0.021635592,-0.11519542,0.85130006,-1.3989207,0.48744988,0
0.18301906,-0.2709158,0.6336111,1.6997542,0.83947617,-0.17836441,-0.19930646,1.0190834,-1.2938714,0.2874499,0
-0.016980946,-0.4709158,0.8336111,1.7640327,1.0394762,0.021635592,-0.11459229,0.8190834,-1.2889127,0.08744989,0
-0.092433095,-0.2709158,1.033611,1.6297227,0.83947617,-0.17836441,0.08540771,1.0190834,-1.2830973,-0.059911907,0
0.10756691,-0.0709158,1.1966009,1.789375,0.6394762,-0.31645095,0.28540772,1.2190834,-1.4830973,-0.2599119,0
0.2825256,-0.20734079,1.0771772,1.7320522,0.40369517,-0.47440282,0.44588706,1.3035454,-1.5460639,-0.20121251,0
0.4825256,-0.4073408,0.8771772,1.618833,0.20369516,-0.2744028,0.6458871,1.5035454,-1.3460639,-0.0012125075,0
0.2825256,-0.20734079,0.81843007,1.7610177,0.0925641,-0.4744028,0.4458871,1.7035455,-1.1460638,-0.20121251,0
0.28557366,-0.3915126,0.5943995,1.6859192,-0.026212197,-0.58403105,0.4057278,1.8295786,-1.2937593,-0.20485608,0
0.081524804,-0.18245132,0.39431217,1.7094338,0.16556516,-0.3658609,0.2041531,1.9335506,-1.3386905,-0.3857006,0
0.26198283,-0.23560655,0.46583632,1.776891,0.34018958,-0.15434772,0.0038648162,1.9854507,-1.0596486,-0.54504436,0
0.056393404,-0.032395657,0.4638781,1.798621,0.12754771,0.0415355,0.18548091,1.9883735,-1.1460574,-0.47547433,0
0.20772363,-0.22979814,0.2609287,1.6863284,0.12891914,0.18688814,-0.014356812,2.149244,-0.9354831,-0.66792446,0
0.3845549,-0.028104868,0.057466436,1.7791386,0.23693225,-0.012366783,-0.20217606,2.2157493,-0.6936896,-0.44133484,0
0.5306276,-0.15540744,0.23371424,1.796136,0.39613268,0.17032339,-0.36507392,2.1474314,-0.44814497,-0.53108567,0
0.4052458,0.042996757,0.38553494,1.7732503,0.47856498,0.3570709,-0.37470385,2.118911,-0.23926479,-0.70492285,0
0.20524581,0.24299675,0.36863276,1.8296478,0.67856497,0.1832088,-0.5747039,2.0550947,-0.09996438,-0.50492287,0
0.005245805,0.04299675,0.5686328,1.7625468,0.87856495,0.35580283,-0.37470388,1.8550947,0.10003562,-0.70492285,0
-0.18534711,-0.14941962,0.731506,1.6685531,1.0264678,0.47592977,-0.3120951,1.9558288,0.14184959,-0.63341385,0
0.013771161,-0.32839343,0.875453,1.6679529,1.1526656,0.2593258,-0.48128,1.7318326,0.32127893,-0.7832635,0
0.19413507,-0.11659977,0.7789938,1.5288359,1.2284157,0.41713414,-0.47140622,1.754383,0.4733965,-0.8929452,0
0.39413506,-0.3165998,0.5789938,1.4960914,1.25661,0.21713413,-0.54047686,1.6040404,0.2733965,-0.89728975,0
0.1870867,-0.49784386,0.3652339,1.5479183,1.379727,0.040631335,-0.32811537,1.6877252,0.45620915,-1.0574511,0
0.35823834,-0.64583576,0.21379,1.6176516,1.461995,-0.14749143,-0.11856733,1.3768497,0.607304,-1.1637373,0
0.5405783,-0.43173164,0.40069962,1.7601497,1.2731392,-0.33649844,-0.30848935,1.1396196,0.7630014,-1.245998,0
0.34057832,-0.6317316,0.20069961,1.7522972,1.174276,-0.13649844,-0.5084894,1.3396196,0.5630014,-1.045998,0
0.53299433,-0.82006294,0.39507803,1.7356634,1.2235564,0.06261068,-0.30416146,1.5180198,0.5302066,-0.83412915,0
0.31036532,-0.7069222,0.18182127,1.7236404,1.3268169,-0.12805288,-0.46990058,1.4813362,0.68058455,-0.86298275,0
0.110365316,-0.5069222,-0.018178731,1.9236405,1.3041393,0.07194713,-0.26990056,1.2813362,0.48058456,-0.9116217,0
0.3077005,-0.30428696,0.121813804,1.9200213,1.4349625,-0.12695341,-0.46586597,1.0720518,0.674741,-1.1020772,0
0.10076812,-0.097574286,0.30109954,1.9835613,1.3009193,-0.3059083,-0.26682237,1.1901733,0.44418326,-1.2182661,0
0.27855754,-0.04084964,0.09363371,2.0223134,1.390082,-0.098087355,-0.16721608,1.2323109,0.59661275,-0.9888222,0
0.33756858,-0.24084964,-0.10636629,1.9822409,1.2126609,-0.26674357,-0.36721608,1.3884453,0.79661274,-0.78882223,0
0.5087975,-0.03866334,-0.26760134,1.7437817,1.3370544,-0.25979882,-0.5368583,1.5034306,0.94327337,-0.5777106,0
0.30137047,-0.2329231,-0.06597542,1.5217686,1.1097063,-0.44873992,-0.7191357,1.6624604,1.1157758,-0.7590054,0
0.29118454,-0.42694035,-0.01603054,1.4023724,1.2916069,-0.5668068,-0.6537305,1.44225,1.1724386,-0.9457525,0
0.08936779,-0.22241881,-0.08381942,1.3035454,1.4618884,-0.75152904,-0.70799047,1.6095301,0.9530639,-0.73089427,0
0.10121044,-0.022418812,0.07888457,1.286581,1.6618885,-0.55152905,-0.5079905,1.40953,0.7530639,-0.93089426,0
0.08518177,0.17603803,-0.120062955,1.3747365,1.845709,-0.72018576,-0.4529071,1.1990193,0.9447819,-0.7724921,0
0.26729825,0.35245696,-0.29999205,1.3227786,1.7337244,-0.8624816,-0.2370475,1.311288,1.0729935,-0.5365916,0
0.063159965,0.14308213,-0.46924672,1.1420736,1.7260461,-0.6217445,-0.4101727,1.4183564,1.194715,-0.69129735,0
-0.13684005,-0.013016701,-0.66924673,1.178152,1.526046,-0.42174453,-0.2101727,1.2183564,0.99471503,-0.89129734,0
-0.17458248,-0.2130167,-0.46924675,0.978152,1.3797629,-0.22174452,-0.3782025,1.4183564,1.194715,-1.0912974,0
0.025417522,-0.4130167,-0.27571076,1.1207585,1.1797628,-0.20870252,-0.1782025,1.6183565,1.2289691,-1.2912974,0
-0.17458248,-0.6130167,-0.47571075,0.92075855,0.97976285,-0.008702517,-0.053040087,1.71983,1.028969,-1.4912975,0
-0.3444764,-0.37982163,-0.5181269,0.8783733,1.0849426,0.17592247,0.12512523,1.7655289,0.9680508,-1.555364,0
-0.51284057,-0.57982165,-0.7181269,0.8941909,0.8849426,0.37592247,0.044856645,1.5655289,0.7680508,-1.7553641,0
-0.29224592,-0.72848505,-0.6464832,0.9732191,0.8946998,0.5380088,-0.118823774,1.649302,0.5306553,-1.7067376,0
-0.09080987,-0.5202578,-0.8333054,1.1117804,1.0776579,0.3327468,-0.001027129,1.5686018,0.43832597,-1.6929038,0
0.104291216,-0.6879427,-0.6048916,1.1945974,1.2203346,0.5088446,0.19004577,1.6892519,0.22763324,-1.4259231,0
0.26935977,-0.78601027,-0.7124931,1.234503,1.2572857,0.27339044,0.34527,1.5464942,0.37854257,-1.4029716,0
0.44190863,-0.9283421,-0.8591247,1.142664,1.2733041,0.30501315,0.13677369,1.3596083,0.19949798,-1.5092198,0
0.5675461,-0.719924,-1.0468835,1.3271456,1.2536035,0.10379941,0.33288127,1.3379935,0.17728189,-1.3369966,0
0.36754614,-0.519924,-0.96838033,1.238213,1.1058742,-0.09620059,0.13288127,1.1379935,-0.022718117,-1.1369965,0
0.16754614,-0.6331684,-1.1683804,1.2196785,1.1303906,0.10379941,0.33288127,0.93799347,-0.22271812,-1.3369966,0
0.36754614,-0.4331684,-0.9906981,1.4196786,1.3303907,0.30379942,0.47980386,1.066326,-0.022718117,-1.1369965,0
0.5675461,-0.23316841,-0.7906981,1.5458082,1.1679671,0.424117,0.4637691,0.86632603,0.17728189,-0.9369965,0
0.36754614,-0.033168405,-0.82959783,1.5048137,1.3679671,0.224117,0.6637691,1.066326,0.1442966,-1.1369965,0
0.21502699,-0.22942698,-0.9173838,1.6774582,1.2558234,0.4173116,0.45632747,1.2460065,-0.05480958,-1.315543,0
0.38876548,-0.40225428,-1.0466795,1.5474758,1.3637038,0.57825017,0.24010791,1.354508,0.13600326,-1.0449551,0
0.18876548,-0.20225428,-0.8466795,1.6680864,1.5637039,0.37825018,0.079471126,1.154508,-0.06399675,-0.84495515,0
0.18374623,-0.0022542775,-0.6466795,1.6080002,1.3637038,0.57825017,0.27947113,0.954508,0.13600326,-1.0449551,0
0.38374624,-0.20225428,-0.7138841,1.6674047,1.4244943,0.37825018,0.14171669,1.032537,0.33600324,-0.84495515,0
0.58374625,-0.010325372,-0.9138841,1.8529347,1.22708,0.57825017,-0.058283314,0.832537,0.13600324,-0.6470448,0
0.78374624,-0.21032538,-0.7416505,1.9921107,1.0270799,0.37825018,-0.087386414,0.632537,-0.06399676,-0.84704477,0
0.98374623,-0.010325372,-0.9100235,2.1921108,1.0640082,0.40253553,-0.23816112,0.43253702,-0.26399678,-0.6470448,0
1.1837462,-0.12411975,-0.7100235,2.144456,1.0935438,0.3798463,-0.35179436,0.23253702,-0.06399678,-0.84704477,0
1.3837463,0.07588025,-0.51002353,1.9444559,0.940839,0.42799953,-0.15179436,0.032537013,0.13600323,-1.0470448,0
1.1837462,0.27588025,-0.7100235,1.9459178,1.1167084,0.22799952,-0.35179436,-0.07199859,0.33600324,-1.060452,0
1.3837463,0.075880244,-0.84461147,2.042448,1.1502541,0.02799952,-0.15179436,0.12800142,0.15164787,-0.860452,0
1.1331809,0.26409563,-0.99998945,1.92451,1.2925762,-0.16465324,0.046146475,0.3139904,0.33662674,-1.0151533,0
1.1874205,0.41335478,-0.71252435,1.8922315,1.3293887,-0.32478467,0.21923459,0.10152752,0.47795585,-1.0822972,0
1.2671295,0.5601762,-0.8334074,1.834752,1.2388926,-0.4792852,0.38288644,0.27538472,0.61917627,-0.805801,0
1.4655327,0.75934875,-0.63271797,1.9581997,1.0377617,-0.27898118,0.18268737,0.07530267,0.41872,-0.8194957,0
1.5155786,0.9027779,-0.5854464,2.0309353,1.0104891,-0.07432382,-0.012685344,0.10762841,0.20582253,-0.5829653,0
1.7054557,0.6986311,-0.4889528,1.8201315,1.2033465,0.12493461,-0.21143037,-0.09182654,0.4034279,-0.60978824,0
1.5054556,0.8986311,-0.6889528,2.0201316,1.0033464,0.3249346,-0.011430368,0.10817346,0.2034279,-0.40978825,0
1.3054556,0.6986311,-0.48895282,1.9459364,0.80334646,0.3717728,0.18856964,0.30817348,0.4034279,-0.20978825,0
1.4469347,0.49863112,-0.387166,1.9346427,1.0033464,0.5717728,0.38856965,0.108173475,0.2034279,-0.24061672,0
1.2469347,0.29863113,-0.587166,2.1346426,0.80334646,0.7717728,0.18856965,-0.03250195,0.003427893,-0.44061673,0
1.4469347,0.09863113,-0.5869917,2.0175145,1.0033464,0.9717728,0.38856965,0.16749805,-0.19657211,-0.24061672,0
1.604681,-0.04598533,-0.76680064,1.9321221,0.7827358,1.1417098,0.1837317,-0.031668082,-0.38639766,-0.03957466,0
1.404681,-0.24598533,-0.8270749,1.9636683,0.58273584,1.1461395,0.38373172,-0.23166808,-0.24627633,-0.23957467,0
1.4401965,-0.42441398,-0.59674466,2.019963,0.36422375,1.2810297,0.32799804,-0.3142572,-0.3928491,-0.4183134,0
1.3551649,-0.22441398,-0.48640248,1.9612372,0.21959461,1.0810297,0.12799804,-0.1142572,-0.4168738,-0.4423241,0
1.2512234,-0.42441398,-0.4673079,1.8246586,0.39299327,0.88102967,-0.072001964,0.0857428,-0.6168738,-0.6423241,0
1.0512234,-0.62441397,-0.6673079,2.0246587,0.5515984,0.6810297,-0.103120826,-0.021566376,-0.8168738,-0.4423241,0
0.8512234,-0.82441396,-0.8673079,2.0292315,0.35159844,0.88102967,-0.30312082,0.17843363,-0.94372416,-0.2423241,0
0.6512234,-0.62441397,-0.6673079,1.8292315,0.22840968,1.0810297,-0.50312084,0.37843364,-1.1437242,-0.4423241,0
0.83346224,-0.5046327,-0.68198866,1.9554404,0.1919188,1.2719069,-0.5048872,0.5743143,-1.2102126,-0.24059838,0
0.63346225,-0.7046327,-0.66707736,1.8557621,0.21895157,1.0719068,-0.55402064,0.3743143,-1.4102126,-0.44059837,0
0.7979284,-0.7461735,-0.447164,1.9681166,0.23943473,0.8347339,-0.4971945,0.54982895,-1.5415629,-0.23034069,0
0.95181674,-0.52652866,-0.254975,1.9728352,0.24708371,0.61190367,-0.28650492,0.72285897,-1.678922,-0.029249387,0
0.7197076,-0.31258303,-0.4355436,2.080036,0.04507282,0.66020584,-0.0828104,0.8834448,-1.6174402,0.16345808,0
0.89139676,-0.10911744,-0.22829299,2.2098508,0.23752888,0.4460396,0.11056123,1.0500938,-1.3738079,0.01748844,0
1.057123,-0.04230108,-0.414843,2.1071239,0.1088489,0.23831302,-0.08663006,1.2108362,-1.3019657,-0.17678003,0
0.9016347,0.12803894,-0.2088295,2.2297478,0.22997753,0.38409927,0.1101967,1.2889069,-1.0711216,-0.36623392,0
0.9682262,-0.06324653,-0.35932004,2.135504,0.377907,0.16180475,-0.078928076,1.3085996,-1.1107321,-0.4976627,0
1.0709058,0.12536106,-0.1460477,2.0487251,0.16308625,-0.03501335,0.11098588,1.3137673,-1.20154,-0.6395431,0
0.83098567,-0.044196043,-0.21097624,1.9738998,0.34644327,-0.22424091,-0.08493394,1.44438,-1.337297,-0.5608922,0
0.996234,-0.032271374,-0.380774,1.8156806,0.5280242,-0.023423817,0.1111875,1.5889525,-1.0989617,-0.73524463,0
1.1064014,-0.20252155,-0.2765951,1.8459922,0.30339086,-0.20664556,-0.08214302,1.6546092,-1.0613043,-0.49504983,0
1.0070215,-0.40252155,-0.07659508,1.8071117,0.50339085,-0.40664557,0.11785698,1.4546092,-1.2613044,-0.29504985,0
0.77631336,-0.57959485,0.11870921,1.9105748,0.29184645,-0.19878244,-0.04669808,1.5916493,-1.2288297,-0.47621256,0
0.97631335,-0.77959484,-0.038112164,1.9382014,0.37429434,-0.39878243,0.15330192,1.3916492,-1.0288297,-0.40460998,0
1.1434597,-0.61256015,-0.07043328,2.0784829,0.16942641,-0.19323057,0.34343445,1.1583672,-1.1945093,-0.19889535,0
1.1010057,-0.789558,0.12589891,1.9774307,0.35896862,0.006577803,0.5280508,1.3199142,-1.0278296,-0.17876025,0
1.2749104,-0.57773274,0.1258415,2.0019684,0.2966275,-0.18954258,0.32147083,1.0974512,-1.2032021,-0.37116316,0
1.0316076,-0.7464017,0.31271493,2.113262,0.15296268,0.010036148,0.116577365,1.2451833,-0.96278805,-0.5481538,0
1.1176332,-0.85882056,0.102284156,2.09919,0.3202991,0.1184168,-0.07570261,0.94846076,-1.0551822,-0.6789187,0
0.86511415,-0.9982209,-0.092123255,2.1676,0.11341398,0.30019277,0.008693191,0.7056239,-1.1833441,-0.7395227,0
0.93433625,-0.84162164,0.10659628,2.1101813,0.30969384,0.09900351,0.20621607,0.8084092,-1.3669243,-0.5331187,0
0.73433626,-0.64162165,-0.09340372,2.0277064,0.50969386,-0.100996494,0.3140817,0.9500432,-1.5669243,-0.33311874,0
0.53433627,-0.6471429,0.10659628,2.0073383,0.4312057,-0.30099648,0.12534465,0.75359184,-1.6930242,-0.13311873,0
0.71419495,-0.8239075,0.298187,2.1467957,0.61389303,-0.09822635,0.12608045,0.773496,-1.4520736,0.065046854,0
0.5051593,-1.0059149,0.096461594,2.175874,0.79959095,-0.2929858,-0.0726206,0.56341827,-1.3687634,0.26038933,0
0.2885987,-0.7621789,-0.05831768,2.2469382,0.5670518,-0.08793956,-0.20587435,0.72198844,-1.4836285,0.4354045,0
0.08344754,-0.90623766,-0.17657794,2.2379096,0.4551463,-0.2711987,-0.11865631,0.49163997,-1.5857421,0.2850892,0
0.28344753,-1.1062376,-0.37657794,2.1425357,0.6551463,-0.07119869,-0.09275314,0.29163998,-1.3857421,0.08508919,0
0.29296416,-1.1661202,-0.16933289,2.0835412,0.73726445,0.12351655,-0.2807414,0.47146782,-1.5206785,-0.11019598,0
0.48178264,-1.0186687,-0.36095563,2.2317455,0.88431114,0.29484248,-0.07891,0.26531032,-1.2907226,0.08776707,0
0.26889983,-0.78124005,-0.46835834,2.1728942,1.0347376,0.27987343,0.029404912,0.44403684,-1.4225684,-0.07605015,0
0.06180289,-0.8801687,-0.24071646,2.1284773,1.1075552,0.23568375,-0.15302317,0.57769865,-1.4076165,0.11118256,0
-0.12812945,-0.98899883,-0.40861025,2.0808096,0.98808956,0.4039442,0.043554574,0.3501833,-1.4905016,0.15205151,0
-0.30642357,-0.88956267,-0.56835043,1.8988969,1.109497,0.38084126,0.22744334,0.51378846,-1.5786743,-0.04477668,0
-0.25082287,-0.78223366,-0.7238264,1.9772711,1.2336149,0.47905928,0.025853062,0.67242616,-1.2987835,-0.02652696,0
-0.448386,-0.97692424,-0.5209949,2.1146402,1.0721152,0.67538863,-0.1732056,0.4698725,-1.0928441,-0.22530249,0
-0.28694937,-1.1237278,-0.30648607,2.2100196,0.9593146,0.83582145,-0.35633686,0.25767437,-0.9106584,-0.18767804,0
-0.44302014,-0.91494334,-0.096879624,2.14982,1.0547292,0.9423767,-0.3747477,0.41638613,-1.0104624,0.011210361,0
-0.23647667,-0.6956931,0.1003438,2.2865498,0.9865062,1.1116176,-0.5592723,0.2105598,-0.78864026,-0.18370637,0
-0.39548758,-0.44914302,-0.065389015,2.2530403,1.0750827,1.1884449,-0.3255334,0.009568137,-0.895798,-0.290984,0
-0.17766374,-0.47753063,-0.24119185,2.2293813,1.0308901,1.2526731,-0.34186122,0.1904605,-0.85317516,-0.44621792,0
0.022108039,-0.27469495,-0.43668398,2.3785233,0.8224005,1.2187233,-0.5363248,0.38647097,-0.64650136,-0.24370219,0
-0.044902418,-0.07093139,-0.60460424,2.1844296,0.9708861,1.325393,-0.69922453,0.5569212,-0.42400408,-0.42134595,0
0.15326487,-0.2677299,-0.7950965,2.1647823,1.1570503,1.1120945,-0.88859874,0.3527036,-0.2213571,-0.21873039,0
-0.042062722,-0.085515425,-0.8956102,2.1283596,1.2213771,0.82090646,-0.9797644,0.4974462,-0.37923127,-0.37686718,0
0.12409761,0.068652034,-0.6956102,1.9813303,1.2976369,1.0209064,-0.86807245,0.6768331,-0.17923127,-0.57686716,0
0.30283397,0.2510261,-0.83685035,2.0382159,1.265273,0.8172528,-0.9979975,0.44554868,0.019406121,-0.72589785,0
0.4733926,0.42461812,-0.7434402,2.1071665,1.0727601,0.58111215,-1.1278539,0.2311716,-0.17001995,-0.87168574,0
0.6733926,0.6246181,-0.9434402,1.9071665,1.0694754,0.78111213,-1.0217416,0.03117159,-0.13547483,-0.67168576,0
0.46262842,0.79173815,-1.1174402,1.7656598,1.1803519,0.9588032,-0.80305654,0.04803,-0.32784668,-0.851865,0
0.62442374,0.9345582,-1.2414815,1.8268045,0.9238284,0.8153606,-0.945224,0.23372951,-0.12047551,-0.6142809,0
0.42396992,1.0460886,-1.4399402,1.8548898,0.75062084,0.95686656,-0.74442714,0.03369344,0.07943946,-0.4138379,0
0.6074984,1.2131945,-1.2727368,1.9054949,0.5360856,0.73688686,-0.80946547,0.22752443,-0.11737799,-0.59763384,0
0.72071886,1.3429599,-1.0194227,1.8500277,0.69950277,0.89032435,-0.58901906,0.07453304,0.07851577,-0.7579921,0
0.509482,1.44598,-1.1931082,1.7837924,0.6710079,0.7439434,-0.7719924,0.26860875,0.27250552,-0.5459509,0
0.33224577,1.2459799,-0.9931082,1.9837924,0.87100786,0.6456301,-0.5719924,0.068608746,0.17216979,-0.7459509,0
0.5212143,1.4160103,-0.7766701,1.8676745,1.0488099,0.8281034,-0.73684156,-0.12866801,-0.027253399,-0.5346354,0
0.3051716,1.5353004,-0.9278914,1.9434428,0.806417,0.5967335,-0.890052,0.06776939,0.086673774,-0.31792244,0
0.105171606,1.3353003,-1.1278914,1.9784856,1.006417,0.39673352,-0.69005203,-0.13223061,-0.11332623,-0.11792244,0
-0.08790814,1.457042,-1.2602053,1.9353013,0.7653118,0.2979772,-0.84468365,0.064315006,-0.22943501,-0.30171707,0
-0.2632211,1.5149571,-1.3349983,1.7765408,0.7436648,0.45527756,-0.9551061,-0.12405053,-0.026911069,-0.09299522,0
-0.06294439,1.7074507,-1.1300303,1.8891484,0.6570259,0.30458504,-0.751801,-0.32263216,0.17233133,0.106536426,0
0.1370556,1.5500939,-1.3300303,1.76931,0.6317735,0.504585,-0.551801,-0.5226322,-0.02766867,0.10941282,0
0.3279189,1.7026532,-1.0993979,1.9159269,0.42006916,0.29632849,-0.5214516,-0.7030434,-0.22149713,0.18568498,0
0.5084534,1.8324986,-0.86623526,1.8197172,0.501615,0.092776656,-0.6948502,-0.5252271,-0.40595567,0.37146398,0
0.30845344,1.6324985,-0.8350178,1.8364253,0.57450575,0.29277664,-0.5666201,-0.50516814,-0.60595566,0.17146398,0
0.2790276,1.4324985,-0.6350178,1.6364253,0.67547625,0.09277664,-0.36662012,-0.30516815,-0.80595565,0.017119914,0
0.07902761,1.2324984,-0.8350178,1.5341274,0.7663545,-0.10722336,-0.16662012,-0.10516815,-1.0059557,-0.18288009,0
-0.120972395,1.1751171,-0.6350178,1.5518584,0.9663545,0.09277664,-0.36662012,0.094831854,-1.178152,0.017119914,0
-0.2846678,1.2675209,-0.43501782,1.6133305,1.1663545,-0.10722336,-0.5666201,0.23268448,-1.087397,0.21711992,0
-0.16512226,1.0675209,-0.23501782,1.7709192,1.3663546,0.09277664,-0.68794274,0.1870906,-0.887397,0.41711992,0
-0.36512226,0.86752087,-0.03501782,1.9709193,1.4030638,-0.012366682,-0.48794276,-0.0129093975,-0.687397,0.21711992,0
-0.16512226,0.7639992,-0.23501782,1.9108653,1.6030638,0.18763332,-0.28794277,0.1870906,-0.48739702,0.41711992,0
-0.27080995,0.9639992,-0.43501782,1.7736804,1.8030639,0.38763332,-0.48794276,0.38709062,-0.687397,0.21711992,0
-0.070809945,1.1639992,-0.23501782,1.8808762,1.7771866,0.5876333,-0.28794277,0.18709062,-0.48739702,0.41711992,0
-0.26807684,1.1283959,-0.4306275,2.0598752,1.5612692,0.77968425,-0.08705522,-0.012779097,-0.35626677,0.21492867,0
-0.39345288,0.90207696,-0.22408946,2.1958103,1.434758,0.9519113,-0.27891752,0.13994776,-0.24800655,0.18999967,0
-0.19345288,0.702077,-0.23806149,2.1822312,1.2347579,1.1519113,-0.47891754,-0.060052246,-0.04800655,-0.010000333,0
-0.3775048,0.48172596,-0.33322674,2.2856708,1.3766019,0.9289042,-0.65139854,0.13427517,-0.23795395,0.18229829,0
-0.16242273,0.2577885,-0.26013964,2.2744706,1.4426427,1.0329845,-0.6149091,0.07021997,-0.11218488,0.34981552,0
0.035964552,0.29761815,-0.44039166,2.239567,1.3028637,0.9948411,-0.77993536,0.19718838,-0.29878673,0.5262189,0
0.22065832,0.09128598,-0.59885156,2.2398493,1.0810323,1.1173358,-0.9163702,-0.002629245,-0.46643212,0.30505818,0
0.40884385,0.28310505,-0.7764153,2.176389,1.2450536,0.9544241,-0.6962505,0.19182746,-0.647715,0.10500857,0
0.20839518,0.34963638,-0.57517695,2.1353712,1.4419492,1.151944,-0.4951844,-0.008154985,-0.44675314,0.30435333,0
0.007859971,0.14009677,-0.4796331,2.1127427,1.4022212,1.265755,-0.46495166,0.17961453,-0.6055214,0.32113162,0
-0.1768326,0.2820491,-0.25735527,2.128491,1.4745753,0.9808483,-0.61197627,0.043574113,-0.741347,0.47961408,0
0.021787988,0.07716379,-0.053940274,2.18985,1.3182048,1.1105393,-0.5913619,-0.14711212,-0.88529813,0.26296556,0
-0.17821202,0.2771638,0.14605972,2.1686573,1.1182047,1.1386429,-0.3913619,-0.34711212,-0.7094389,0.28342026,0
-0.051812597,0.1574459,0.18027242,2.150732,1.2770501,1.1887825,-0.57289946,-0.39916247,-0.88104606,0.08081587,0
0.014625445,0.3574459,0.09386102,2.350732,1.0770501,0.98878247,-0.37289947,-0.49542153,-0.68104607,-0.11918414,0
0.20678474,0.3687049,0.2831257,2.4575486,1.0470506,0.7599666,-0.519063,-0.67001635,-0.4634725,-0.30752367,0
0.3692221,0.51619047,0.4385137,2.301417,1.0329002,0.87132293,-0.2896006,-0.78967875,-0.6022072,-0.46065873,0
0.5692221,0.31619048,0.2385137,2.4655864,0.8329002,0.67132294,-0.39215997,-0.58967876,-0.4022072,-0.26065874,0
0.72351253,0.15402077,0.036225088,2.507189,0.62968016,0.77752644,-0.556972,-0.7427536,-0.37530833,-0.40211383,0
0.8197418,0.31424114,-0.1453723,2.402995,0.73645294,0.86768645,-0.6719147,-0.481767,-0.41146228,-0.53445715,0
0.96614283,0.10823648,-0.24594596,2.2567484,0.88723177,1.0115675,-0.44711027,-0.26695698,-0.57932305,-0.6958531,0
0.7319273,-0.08766542,-0.42603025,2.3470314,1.0154132,0.7753233,-0.5162027,-0.063966714,-0.36238268,-0.85584474,0
0.83946276,-0.25912365,-0.56391644,2.2840624,1.0948216,0.87855303,-0.2848295,0.122536264,-0.14627129,-0.7779374,0
0.61933506,-0.057262678,-0.73987144,2.0184646,1.2540659,1.0446045,-0.469569,0.31238413,-0.33537206,-0.9471559,0
0.81933504,0.12262142,-0.53987145,1.8184645,1.2207159,0.84460455,-0.26956898,0.5123841,-0.13537206,-1.1471559,0
1.019335,-0.077378586,-0.33987147,1.6184645,1.0811037,1.0097685,-0.284498,0.7123841,0.064627945,-0.9836315,0
1.2094676,-0.2773786,-0.53987145,1.6996008,1.1419665,0.8878876,-0.2970635,0.5123841,-0.13537206,-1.1836315,0
0.9253673,-0.077339314,-0.6782316,1.7413422,1.2301652,0.997254,-0.08897699,0.65303427,-0.3074317,-1.2683591,0
0.9902761,-0.24404699,-0.4208238,1.7082999,1.2584856,0.89732146,-0.25428766,0.75063443,-0.42168567,-1.2920946,0
1.1217886,-0.041512556,-0.2081178,1.4618081,1.3745656,1.0341825,-0.05116399,0.8959357,-0.20893006,-1.3235316,0
1.2946154,0.15522926,-0.3997277,1.6276447,1.1504189,1.2088103,-0.17473458,0.6816287,-0.008746473,-1.1004341,0
1.0946153,-0.044770747,-0.1997277,1.5118706,1.2740699,1.1584282,-0.37473458,0.48162872,0.19125353,-1.3004341,0
0.9819923,-0.08108092,0.00024813734,1.534853,1.3432488,1.2378701,-0.5237279,0.25663468,0.3565305,-1.3672733,0
1.090663,-0.25936258,0.1847755,1.5818421,1.3607672,1.3267698,-0.29871434,0.42135176,0.4098075,-1.0770812,0
1.2850482,-0.45736423,0.38310164,1.3758307,1.5539776,1.121868,-0.4965448,0.22038883,0.60715467,-0.8732657,0
1.0233451,-0.6199821,0.17268926,1.4862185,1.6542349,0.9767334,-0.6569347,0.18863766,0.38400117,-1.0122327,0
0.8233451,-0.41998214,-0.027310744,1.3323737,1.8542349,0.7767334,-0.8533188,0.15229696,0.18400116,-1.2122327,0
0.6164705,-0.6131446,0.17078474,1.5154738,1.8088514,0.94731146,-0.64611363,0.32264858,0.10809631,-1.1025413,0
0.63040143,-0.3931205,0.35281375,1.439089,1.9114872,1.0917041,-0.8051046,0.11670411,-0.08744935,-0.85879743,0
0.43040144,-0.5931205,0.55281377,1.4315287,1.7625427,0.89170414,-0.78142893,-0.0832959,-0.1693922,-0.65879744,0
0.6143441,-0.7931205,0.39136642,1.3636011,1.9625428,1.0917041,-0.58142895,0.11670411,0.030607805,-0.45879745,0
0.8143441,-0.5931205,0.19136642,1.4481385,2.124584,0.90972817,-0.38142896,0.3167041,0.23060781,-0.40171385,0
0.99498636,-0.3856182,-0.008468821,1.6166855,1.9214301,0.7453395,-0.57033294,0.5068433,0.42239007,-0.48943758,0
1.1502091,-0.17866293,0.18435434,1.7486126,1.6569265,0.7422048,-0.35645622,0.6803572,0.4763162,-0.6636037,0
0.94764715,-0.377642,-0.015603485,1.9433589,1.4529984,0.9396644,-0.3207474,0.4790621,0.33780852,-0.8612753,0
1.0029185,-0.15523975,-0.18841395,1.8730621,1.4445405,0.9959425,-0.4550765,0.24386986,0.46998605,-0.927439,0
0.74283004,0.04141051,-0.359346,1.7750502,1.4986082,1.1064411,-0.23598717,0.4106517,0.6198459,-1.0430642,0
0.49972808,0.22224195,-0.51493263,1.8182266,1.5207093,1.2027067,-0.40136877,0.19392547,0.7547482,-0.776123,0
0.29309842,0.41290238,-0.30796665,1.7961197,1.682649,1.3716803,-0.31334794,-0.0059401705,0.5424778,-0.56337976,0
0.09081606,0.20768297,-0.10531979,1.748955,1.8364949,1.4097258,-0.3782742,0.18930236,0.46267557,-0.35447133,0
0.29081607,0.40768296,0.09468021,1.6698866,1.8780781,1.2097257,-0.49270058,0.25877175,0.60406655,-0.15447132,0
0.47094908,0.19927648,-0.10105671,1.6712612,1.8692151,1.3526636,-0.3895179,0.44020185,0.387711,-0.34012324,0
0.3296274,0.36800748,0.09119463,1.724715,1.7609342,1.4310681,-0.2598899,0.22139063,0.54168487,-0.46274596,0
0.5296274,0.43259308,0.26278788,1.7431445,1.697346,1.231068,-0.059889898,0.021390632,0.74168485,-0.66274595,0
0.3296274,0.5378373,0.08853823,1.5867571,1.8613052,1.031068,-0.2598899,-0.17860937,0.54168487,-0.86274594,0
0.11781531,0.6706031,0.26224566,1.5952699,1.7511328,1.118889,-0.31397322,-0.3441092,0.67410004,-0.96590495,0
0.18889974,0.67028666,0.061979756,1.5322142,1.7414938,1.0201722,-0.4752122,-0.54178494,0.4720748,-1.1609246,0
0.05935247,0.8313005,0.25024387,1.2725351,1.854521,1.1655123,-0.2628835,-0.7085553,0.64196795,-0.91787815,0
0.25618982,1.0187244,0.44475344,1.1796199,1.634345,0.9537385,-0.43103716,-0.7935231,0.8317006,-1.1042464,0
0.05618982,0.81872445,0.24475344,1.0883558,1.6396866,1.1537385,-0.2788598,-0.5935231,0.6765555,-1.3042464,0
-0.14072886,0.67258483,0.43522403,1.2607511,1.800269,1.324733,-0.46859962,-0.38509136,0.4663447,-1.0805866,0
-0.22165772,0.5786953,0.6157181,1.2805984,1.7278746,1.124733,-0.6685996,-0.18509136,0.3987471,-1.2805866,0
-0.02165772,0.3786953,0.41571814,1.3544416,1.5278746,0.924733,-0.46859962,0.014908642,0.5987471,-1.4805866,0
-0.22105232,0.17820725,0.31016883,1.3732373,1.7231554,0.7227536,-0.6667735,-0.18458582,0.397658,-1.6759965,0
-0.13232769,-0.020855637,0.36290014,1.4416174,1.6636441,0.50027454,-0.70350313,0.014751349,0.18915844,-1.7953264,0
-0.3243519,-0.21555515,0.15899056,1.4987975,1.818917,0.68346804,-0.49141917,0.20959735,0.28369635,-1.5605022,0
-0.23002374,-0.41555515,-0.012760952,1.4168675,1.618917,0.48346806,-0.29141915,0.15470749,0.16707121,-1.4298581,0
-0.43002373,-0.61555517,0.18723905,1.485157,1.6471146,0.28346807,-0.094574496,0.35470748,-0.032928795,-1.6298581,0
-0.49851266,-0.41555518,-0.012760952,1.4861082,1.5038191,0.13474733,0.10542551,0.26658803,0.16707121,-1.5808108,0
-0.6683512,-0.5009419,0.070761956,1.4276515,1.5553198,0.027486183,0.10047783,0.068922475,0.19754007,-1.3808107,0
-0.4683512,-0.70094186,0.27076197,1.6276516,1.7553198,0.2274862,-0.07104531,-0.032223582,0.3975401,-1.1808107,0
-0.2575453,-0.8646629,0.45180538,1.5692286,1.8472816,0.02637938,0.12376197,-0.22287245,0.57347846,-1.3085905,0
-0.14794038,-0.6876028,0.58746684,1.4716742,1.845198,-0.15648285,0.29180402,-0.38113147,0.6971298,-1.3596803,0
-0.06928385,-0.4801873,0.77549094,1.6462512,1.7340194,-0.35106143,0.48432457,-0.5722935,0.6757717,-1.1420437,0
0.12857069,-0.66902333,0.9594801,1.6375802,1.5088414,-0.14858204,0.31060582,-0.7596178,0.46796283,-1.3200166,0
0.2938317,-0.8144708,1.0866944,1.6116065,1.4028727,0.009651952,0.103662595,-0.5244881,0.43435144,-1.4245985,0
0.08728637,-0.5716077,1.1969396,1.6147252,1.4910625,0.19502744,0.28248027,-0.30185306,0.21800399,-1.4648906,0
0.28728637,-0.7716077,0.9969396,1.5030435,1.6910626,0.39502746,0.08248027,-0.50185305,0.018003985,-1.2648906,0
0.4872864,-0.9716077,0.7969396,1.3240726,1.4910625,0.19502746,-0.11751974,-0.70185304,-0.18199602,-1.0648905,0
0.36346468,-0.7716077,0.5969396,1.3479741,1.4212137,-0.0049725473,-0.31751972,-0.50185305,-0.38199604,-1.1453594,0
0.45833835,-0.5989963,0.47823936,1.4433446,1.6212138,0.19502746,-0.17438184,-0.53962946,-0.18199603,-0.9453594,0
0.5614982,-0.79899627,0.27823937,1.6433446,1.4212137,-0.0049725473,-0.30539274,-0.73962945,-0.38199604,-1.1453594,0
0.4424796,-0.5989963,0.07823937,1.7259656,1.2261431,0.19502746,-0.50539273,-0.53962946,-0.581996,-0.9453594,0
0.44442737,-0.4651239,-0.12176064,1.5648266,1.0261431,0.3321023,-0.6663798,-0.33962947,-0.38199604,-0.89972186,0
0.64442736,-0.3486959,-0.32176065,1.4694542,1.2261431,0.5321023,-0.46637982,-0.13962947,-0.18199603,-0.6997219,0
0.78141886,-0.5486959,-0.52176064,1.2694541,1.4261432,0.7321023,-0.26637983,0.060370535,0.01800397,-0.89972186,0
0.5814189,-0.7486959,-0.72176063,1.4694542,1.6261432,0.65193653,-0.27195737,0.26037055,-0.18199603,-0.8830231,0
0.6587586,-0.9486959,-0.9217606,1.6694542,1.4261432,0.8519365,-0.18137193,0.46037054,-0.38199604,-0.6830231,0
0.4587586,-0.7486959,-1.1217606,1.8694543,1.2261431,0.8806749,-0.08905922,0.6603705,-0.42926845,-0.4830231,0
0.58950543,-0.88526267,-1.2333829,1.9310831,1.3307861,0.63516253,-0.26973167,0.4295885,-0.21393873,-0.37547895,0
0.38930485,-0.98417366,-1.0328507,2.1299856,1.1302037,0.739269,-0.46948978,0.22947025,-0.38536558,-0.17538857,0
0.47794396,-1.1280857,-0.7934031,2.1067665,1.2671992,0.5137267,-0.3488474,0.028074402,-0.55763996,-0.3576084,0
0.64369917,-1.178256,-0.5634287,2.179012,1.0132921,0.29787955,-0.52112365,-0.16324118,-0.66166365,-0.52944213,0
0.79208,-1.2939317,-0.34119344,2.136771,0.7635333,0.4674183,-0.3014767,-0.020798257,-0.80894536,-0.68481344,0
0.9100341,-1.0034626,-0.49643627,2.075849,0.88384825,0.2453026,-0.46000415,-0.20253806,-0.9255047,-0.8116386,0
1.0314687,-0.7465955,-0.58386844,2.1147702,0.87526816,0.042096198,-0.24160172,-0.002358418,-0.92498595,-0.9400374,0
0.83146876,-0.9465955,-0.38386846,2.1647978,0.79488695,-0.1579038,-0.041601717,0.19764158,-0.7554651,-0.99902153,0
0.6067193,-1.1016563,-0.5609846,2.272113,0.9251442,-0.3438763,-0.2321325,0.19701193,-0.53369445,-0.7677051,0
0.7681064,-0.8584994,-0.60051143,2.3537877,0.80938303,-0.13698979,-0.07349758,0.37800932,-0.31772247,-0.9213868,0
0.66840607,-0.64950496,-0.39504087,2.5189056,0.78360903,-0.33238685,0.018615616,0.3721844,-0.51065093,-0.71153337,0
0.8591291,-0.444703,-0.40251058,2.5623877,0.5773745,-0.24336872,-0.12202591,0.2543362,-0.30733234,-0.8773091,0
1.0160022,-0.2347389,-0.5779768,2.479,0.74572045,-0.4253151,-0.28069195,0.4296619,-0.102961846,-0.6497296,0
1.2131616,-0.034657747,-0.52407265,2.3709338,0.9435112,-0.6238544,-0.08050345,0.2291254,-0.30225414,-0.44867903,0
1.2921052,0.15117845,-0.29631144,2.3273458,1.0455539,-0.7532801,-0.25647452,0.026630407,-0.09349468,-0.2596682,0
1.4921052,0.35117847,-0.13359286,2.1273458,1.245554,-0.5532801,-0.05647452,0.2266304,-0.2934947,-0.0596682,0
1.2921052,0.42348486,-0.11412685,2.075712,1.2439463,-0.35328013,-0.25647452,0.026630402,-0.0934947,-0.2596682,0
1.3755071,0.5836868,0.080391735,2.1304498,1.351777,-0.51796335,-0.052869663,0.21216422,-0.27476048,-0.055859484,0
1.390856,0.38368684,0.28039175,2.0075543,1.551777,-0.31796336,-0.25286967,0.39895746,-0.07476048,-0.2558595,0
1.190856,0.5836868,0.20093471,1.8075542,1.6288061,-0.4686662,-0.45286965,0.47902858,-0.27476048,-0.3954359,0
1.3338568,0.7515703,0.24016888,1.5416745,1.7538592,-0.2576559,-0.56906545,0.65120107,-0.0716967,-0.57103413,0
1.4015509,0.8387543,0.03703164,1.3844224,1.7914697,-0.42191237,-0.4808817,0.78472114,-0.2504768,-0.3420559,0
1.1906779,0.6329742,0.23488672,1.5297728,1.849478,-0.2947752,-0.67472035,0.57943,-0.44640043,-0.5371508,0
1.2508799,0.7492393,0.39116967,1.5037155,1.843454,-0.44503784,-0.7783456,0.34128773,-0.22163099,-0.3032587,0
1.415426,0.53581804,0.57672375,1.6620834,1.6871508,-0.60950935,-0.5642131,0.1378352,-0.02110241,-0.2420279,0
1.1215347,0.67897636,0.34762198,1.7113785,1.7413691,-0.6298246,-0.7051779,0.31173754,-0.20402233,-0.4078814,0
1.3215348,0.87897635,0.54762197,1.5113784,1.604652,-0.4298246,-0.5051779,0.5117375,-0.13909733,-0.52016515,0
1.1069412,0.67014146,0.7378939,1.6891099,1.7811699,-0.40120918,-0.3866995,0.3076812,-0.33468497,-0.488119,0
1.259235,0.45298025,0.9036586,1.434754,1.9088528,-0.19386458,-0.56528366,0.4891497,-0.12976865,-0.27760202,0
1.4148107,0.24527858,0.6822367,1.2755727,1.9063462,0.0059486344,-0.7419856,0.66816944,-0.0025878823,-0.46306205,0
1.555771,0.4289986,0.8499809,1.2061033,1.7116319,-0.18695658,-0.5221699,0.836428,-0.14304529,-0.51089275,0
1.3398873,0.5322148,1.0376798,1.1731328,1.8892361,0.012890607,-0.3183955,0.6292544,-0.3390263,-0.5355139,0
1.521677,0.7235558,0.82777363,1.3568945,1.6692595,-0.1848967,-0.11699538,0.8194478,-0.13738221,-0.3315462,0
1.6996073,0.51684445,1.0145987,1.2449961,1.6412905,0.014909704,0.081940606,0.61150724,-0.032562543,-0.4347506,0
1.7653617,0.6661849,0.7570309,1.031047,1.7111663,0.19972199,0.14024216,0.67960835,0.07781285,-0.5898927,0
1.7052345,0.85146713,0.5475661,1.0256468,1.8577791,0.26190743,0.3344609,0.4714591,-0.12011101,-0.38326785,0
1.8333799,0.62689745,0.71937215,0.7945081,1.7402388,0.059572626,0.51430404,0.6433838,-0.26743525,-0.5612703,0
1.7647308,0.7437162,0.82688844,0.89446616,1.7450616,0.23346107,0.28268683,0.703971,-0.06065164,-0.41217393,0
1.7525284,0.48499167,0.91597855,0.9349357,1.7349837,0.029847074,0.073756166,0.8063369,0.124297924,-0.54605556,0
1.5525284,0.68499166,0.71597856,0.81068414,1.7333202,-0.17015293,0.18528655,1.0063369,0.32429793,-0.74605554,0
1.515894,0.7654961,0.74189395,0.874217,1.6722746,0.025816983,0.2003768,1.0434519,0.45350486,-0.8183148,0
1.2927004,0.52900875,0.8811204,0.9265084,1.7514703,-0.16294426,0.057418786,1.163221,0.23714805,-0.9526104,0
1.3481311,0.29714397,0.9764129,1.0174052,1.7624688,0.033466864,-0.12877211,1.2311919,0.0624682,-0.6797194,0
1.3308188,0.09224977,1.011279,1.0465171,1.6869956,0.20069495,-0.28262216,1.2302945,0.22562537,-0.7562325,0
1.4669982,-0.10325807,0.7774564,1.1362295,1.7451731,0.27134272,-0.079177596,0.9878979,0.02455703,-0.9163667,0
1.2669982,-0.30325806,0.9774564,1.1145949,1.7042477,0.17204216,-0.14807647,0.7878979,0.041568678,-1.0479704,0
0.98339504,-0.463826,1.0851985,1.1642659,1.7550433,-0.025767246,0.047855135,0.9104926,0.22264093,-1.1501876,0
1.0602056,-0.23636216,1.1514115,1.2086096,1.7515265,0.1560954,-0.13274279,0.6365315,0.23535185,-1.2096353,0
1.2360046,-0.42798224,1.0052476,1.1263762,1.5217309,-0.043061458,-0.3263528,0.8204667,0.034672946,-1.3825647,0
1.4295605,-0.62516415,0.8016341,1.3062532,1.3157996,0.1562343,-0.1257858,1.0158874,-0.16458514,-1.1772579,0
1.2405572,-0.42516416,0.9353338,1.3573675,1.1157995,0.26488185,-0.32578582,0.8158874,0.03541486,-1.377258,0
1.0405571,-0.22516416,1.1353338,1.4529105,0.91579956,0.46488184,-0.5257858,1.0158874,-0.16458514,-1.4348885,0
1.2202092,-0.024751406,0.91999215,1.4158438,1.0974978,0.34809175,-0.32044217,0.80250496,0.034833975,-1.6080726,0
1.3139918,-0.20794225,0.6661439,1.4949949,1.2004579,0.13701595,-0.4815183,0.92752755,-0.15281324,-1.4057156,0
1.0460905,-0.3830769,0.8133497,1.417064,1.126663,0.31647378,-0.6399777,1.0171975,0.044310585,-1.5078423,0
1.2046361,-0.52463675,0.59294504,1.5632682,0.8958351,0.33985323,-0.42534068,1.1767043,0.23618296,-1.3924311,0
1.4046361,-0.32463676,0.792945,1.621938,1.0958351,0.13985322,-0.22534068,0.9767043,0.036182955,-1.1924311,0
1.5417241,-0.11975019,0.9540152,1.6069738,0.8607126,-0.057788637,-0.024347158,0.7462525,-0.15739436,-1.3378389,0
1.7417241,0.080249816,0.7540152,1.6722164,0.9382047,-0.08577794,0.17565285,0.5462525,0.04260564,-1.1378388,0
1.6994622,-0.112368904,0.5198663,1.5972579,1.0680469,-0.2198285,-0.022846421,0.7002542,-0.14769273,-1.2553759,0
1.72769,-0.28412074,0.29094014,1.4326062,1.1533749,-0.029695315,-0.20269395,0.81884235,0.047577024,-1.3237633,0
1.7522976,-0.07646695,0.082665876,1.3828999,1.2174901,-0.2087963,-0.36605453,0.6377502,-0.13855466,-1.3851225,0
1.8029373,0.114082165,0.02341746,1.1893466,1.3090451,-0.008123344,-0.5138669,0.40426016,-0.19311245,-1.4638529,0
1.5761985,0.26070368,-0.17363696,1.1175455,1.4838727,-0.20465162,-0.30863127,0.20085287,-0.33526295,-1.636098,0
1.7106463,0.24266051,-0.35984755,0.88368267,1.621728,-0.30453357,-0.4898598,0.0008213921,-0.47828323,-1.3830975,0
1.8952433,0.43909192,-0.1585589,0.7814994,1.5164825,-0.14225157,-0.54802334,0.19920243,-0.2760398,-1.3576471,0
1.7171915,0.34069064,-0.35451278,0.9704238,1.3584327,-0.3383895,-0.6121122,0.3946977,-0.075181745,-1.54007,0
1.4531375,0.5178634,-0.32641083,1.0489584,1.4926376,-0.5156594,-0.77782583,0.1864778,0.11954859,-1.5051246,0
1.5668149,0.3012654,-0.11980997,0.8467952,1.5114709,-0.6782895,-0.9267662,0.3662969,-0.07625044,-1.4069151,0
1.6037282,0.09191803,-0.29028973,0.9501702,1.4337574,-0.4341407,-0.88547105,0.51402456,0.11232679,-1.458588,0
1.6205904,0.26227874,-0.4405092,0.72885543,1.4678773,-0.54078484,-0.6492663,0.64152753,0.28061533,-1.4901867,0
1.3419999,0.43670434,-0.22720365,0.8774689,1.5756063,-0.6998028,-0.6932672,0.42270753,0.07615549,-1.5966816,0
1.4311228,0.59092224,-0.24709724,0.63186437,1.2766936,-0.8351027,-0.829037,0.5779319,-0.114939496,-1.6674917,0
1.3055907,0.5567096,-0.04418009,0.61832803,1.3852291,-0.97098976,-0.59007525,0.7297477,-0.13915017,-1.6850705,0
1.3838528,0.33675265,0.09181299,0.6831264,1.1189187,-1.105476,-0.3868264,0.77669513,-0.32017565,-1.779606,0
1.1838528,0.3423689,0.291813,0.70246613,0.9699291,-0.90547603,-0.36021596,0.7262436,-0.52017564,-1.5796059,0
0.9838528,0.1423689,0.491813,0.7347093,0.7699291,-0.70547605,-0.16021596,0.5262436,-0.32017565,-1.779606,0
1.1838528,0.3423689,0.29181302,0.9347093,0.5981405,-0.90547603,-0.36021596,0.32624364,-0.52017564,-1.5796059,0
1.3555716,0.1423689,0.09181301,1.1347094,0.3981405,-0.70547605,-0.16021596,0.5262436,-0.32017565,-1.779606,0
1.2256193,-0.057631105,0.29181302,1.2184339,0.19814049,-0.50547606,-0.08285963,0.7262436,-0.52017564,-1.979606,0
1.378962,0.13770948,0.4757171,0.9851028,0.33501196,-0.64364594,0.11330664,0.89592975,-0.30969703,-2.1082723,0
1.1193976,-0.059143435,0.6415781,1.063568,0.5079817,-0.42123178,0.22527026,0.8227277,-0.48394576,-2.1916523,0
1.1843321,-0.24924026,0.712656,0.8305667,0.2962122,-0.21277739,0.40901855,0.8194206,-0.27309474,-2.3002553,0
1.2867042,-0.04576766,0.4765017,0.65611494,0.089426965,-0.38366687,0.19427781,0.94752747,-0.43973044,-2.3239284,0
1.0867041,0.15423234,0.6765017,0.7576938,-0.11057304,-0.2587521,0.09105932,0.7475275,-0.63973045,-2.1239283,0
1.2326112,-0.043843597,0.8396536,0.74693155,-0.29751658,-0.30349192,0.2788232,0.9076935,-0.42124423,-2.2262306,0
1.3223939,-0.07726487,0.95966834,0.5926064,-0.45924035,-0.4408074,0.44198513,0.6532474,-0.5734491,-2.148725,0
1.4335998,-0.26109332,0.97498906,0.7463774,-0.24412006,-0.33597812,0.6045411,0.42681164,-0.35166755,-2.1272414,0
1.2165648,-0.22825015,0.89860827,0.8796852,-0.41282248,-0.1263956,0.7478443,0.44531405,-0.51279104,-2.1632385,0
1.3584051,-0.124103226,1.0986083,1.0796852,-0.54395854,-0.3263956,0.5478443,0.24531405,-0.31279105,-1.9632385,0
1.3748554,0.07262132,1.2364868,0.9717474,-0.32911444,-0.120940775,0.45872942,0.043358438,-0.10792335,-2.0698802,0
1.1642475,-0.12622857,1.0271282,0.94805336,-0.12794866,-0.17213346,0.6463647,0.24116114,-0.3051431,-2.2493854,0
0.9642475,-0.25055698,0.82712823,0.7564479,-0.32794866,0.027866542,0.4463647,0.041161135,-0.105143085,-2.4493854,0
1.1642475,-0.050556973,1.0271282,0.80920106,-0.12794866,0.22786655,0.28246677,0.24116114,0.09485692,-2.2493854,0
1.3642476,0.14944303,0.8932862,0.8532101,-0.021499805,0.26402205,0.48246676,0.44116116,0.22232048,-2.0493853,0
1.1767664,0.34944302,0.69328624,1.0532101,-0.2214998,0.46402204,0.68246675,0.24116115,0.4223205,-1.8493853,0
1.3767664,0.5390267,0.49328625,0.8883377,-0.4214998,0.664022,0.48246676,0.44116116,0.46982786,-2.0493853,0
1.1883423,0.3390267,0.69328624,0.8423607,-0.22149979,0.46402204,0.46473506,0.64116114,0.42811027,-1.8493853,0
1.2371626,0.13902669,0.8932862,0.91383916,-0.4116005,0.664022,0.6190659,0.84116113,0.6281103,-1.6493852,0
1.4371626,0.3390267,1.0932863,1.0424213,-0.21622191,0.864022,0.5894965,0.6974971,0.4281103,-1.4493852,0
1.5822707,0.1343653,0.86333555,1.2007647,-0.3893694,0.89502615,0.3764372,0.86740524,0.22046205,-1.547837,0
1.5487721,0.2990147,0.87760144,1.1798677,-0.44932964,0.62154484,0.5154936,0.95455426,0.3760089,-1.5630478,0
1.3229485,0.097118944,0.8519906,1.3534489,-0.24455597,0.8058155,0.4104812,0.74010754,0.5649806,-1.7140768,0
1.1229484,0.09826241,0.7930028,1.5534489,-0.38313758,0.60581553,0.21048121,0.54010755,0.36498064,-1.9140768,0
0.8932072,0.21425511,0.9610041,1.5912392,-0.56434643,0.77984875,0.01014346,0.71625817,0.5293936,-1.7264607,0
1.0903813,0.41318426,1.0499244,1.3876427,-0.650218,0.9773158,0.20960023,0.8744149,0.3285421,-1.5225147,0
0.8903813,0.21318425,0.8499244,1.447377,-0.850218,0.7773158,0.40960023,0.67441493,0.12854211,-1.3875434,0
0.6903813,0.013184249,0.6499244,1.6052407,-0.93509156,0.9773158,0.20960023,0.8744149,-0.07145789,-1.3021021,0
0.8903813,0.21318425,0.8499244,1.6902918,-0.8137121,0.7773158,0.009600222,0.7192012,0.0057728365,-1.5021021,0
1.0903813,0.41318426,0.6499244,1.7109634,-0.61371213,0.5773158,-0.19039978,0.5192012,-0.19422716,-1.3021021,0
0.8938386,0.6131843,0.8499244,1.8539423,-0.6400022,0.7773158,-0.39039978,0.7192012,0.005772844,-1.2525483,0
0.6686902,0.7837101,1.0118695,1.7646701,-0.7927024,0.9418926,-0.18905565,0.5003826,0.19831453,-1.3999003,0
0.5706164,0.58371013,1.2118696,1.5646701,-0.5927024,0.74189264,-0.25011656,0.3003826,0.39831454,-1.3228638,0
0.62084997,0.38371015,1.0118695,1.6544626,-0.39824206,0.9418926,-0.45011657,0.5003826,0.5983145,-1.1228638,0
0.5277116,0.58371013,0.81186956,1.6696507,-0.21236928,1.1418927,-0.25605577,0.7003826,0.789293,-1.3228638,0
0.66271555,0.7168787,0.92558163,1.6410995,-0.13726977,1.2274618,-0.051275574,0.4577121,0.9049303,-1.3930006,0
0.43842041,0.8216886,0.98931247,1.6499571,-0.102785,1.2792631,-0.039135613,0.23095652,0.83155197,-1.4276158,0
0.2432394,0.6050941,1.1575665,1.6151288,-0.057225615,1.0504546,0.028475313,0.03013021,1.0040171,-1.5841703,0
0.038610768,0.53619355,1.2122437,1.6208253,-0.22969049,0.91243285,-0.15316354,-0.107300654,1.0751312,-1.5931809,0
0.23861077,0.65199524,1.0122436,1.5794034,-0.21284543,1.1124328,0.046836466,0.09269935,0.9543482,-1.3931808,0
0.4386108,0.52136075,0.81224364,1.5913829,-0.41284543,0.91243285,-0.15316354,-0.107300654,0.79081357,-1.1931808,0
0.5644328,0.32136077,0.61224365,1.5703374,-0.34532985,0.71243286,0.046836466,-0.30730066,0.88430095,-1.3931808,0
0.7644328,0.121360764,0.41224366,1.7703375,-0.16059245,0.78657067,0.24683647,-0.19660059,0.68430096,-1.5931809,0
0.5644328,0.32136077,0.21224366,1.5703374,0.03940755,0.5865707,0.23123965,-0.3966006,0.48430097,-1.3931808,0
0.7644328,0.121360764,0.36725578,1.7605461,0.09904072,0.5414523,0.43123966,-0.1966006,0.68430096,-1.1931808,0
0.5644328,-0.07863924,0.5672558,1.560546,0.28762513,0.7414523,0.23123966,0.003399402,0.88430095,-1.2690077,0
0.7644328,0.06460594,0.7672558,1.6979682,0.31184053,0.5414523,0.031239659,-0.1966006,1.084301,-1.4690077,0
0.94361603,0.1904038,0.9672558,1.7605499,0.11184053,0.3414523,0.09271552,-0.3966006,0.884301,-1.2690077,0
1.1348801,0.38742152,1.1583391,1.7681739,0.2948941,0.53731614,0.29047948,-0.59204316,1.076018,-1.0608414,0
1.2522662,0.55106676,0.8990288,1.8463663,0.46426573,0.6916846,0.08487982,-0.36778012,0.8218024,-1.1828097,0
1.3058666,0.5113089,0.65607524,1.7985611,0.6019086,0.5503503,-0.10431341,-0.5144805,0.9258819,-1.2530001,0
1.1284506,0.33368865,0.432723,1.8842721,0.4876829,0.7119304,0.09078719,-0.29837826,1.0653741,-1.3786027,0
1.2708565,0.5105509,0.37823913,1.8703254,0.4320999,0.8723942,0.2781803,-0.3595754,0.82785636,-1.2819018,0
1.4257383,0.30102482,0.50807077,1.8344492,0.22498028,1.0394988,0.075782135,-0.15468045,0.99632704,-1.0487146,0
1.6257384,0.10102482,0.30807078,1.6344491,0.024980277,0.8394988,-0.12421787,0.045319557,1.1963271,-0.84871465,0
1.4257383,0.30102482,0.50807077,1.7572598,0.031483524,0.99925005,-0.32421786,-0.15468045,1.3963271,-0.64871466,0
1.6109124,0.10010353,0.7016135,1.7238758,0.2293725,0.7919613,-0.123085044,-0.35144594,1.1854172,-0.8409748,0
1.7299677,0.2866894,0.8613128,1.455761,0.41018024,0.56550163,0.073476985,-0.25388625,1.3234913,-0.86855906,0
1.7732056,0.10580366,0.60759753,1.5212713,0.19310829,0.70332354,0.25126374,-0.39049202,1.3997453,-0.67397827,0
1.5469911,0.30070803,0.4008057,1.6341741,0.25562835,0.49493665,0.050409522,-0.5806526,1.5730888,-0.7487371,0
1.6639653,0.09592187,0.19126241,1.563792,0.43397456,0.2809198,-0.14248118,-0.36256206,1.6888226,-0.68473953,0
1.4305234,-0.10170064,0.38232467,1.7235011,0.2286298,0.079071306,-0.3346578,-0.1588486,1.8456756,-0.47366646,0
1.1931208,-0.2925303,0.5646246,1.4771934,0.41560137,0.2705888,-0.51840657,-0.33821,1.9834961,-0.65319,0
0.9480536,-0.08833133,0.7299264,1.3152245,0.58766574,0.0673855,-0.57491744,-0.37713164,2.0844102,-0.81447273,0
1.0615221,-0.26659912,0.48998463,1.2767186,0.6231273,-0.122619025,-0.34665903,-0.25909877,2.1122289,-0.93800956,0
1.2548509,-0.06624692,0.2884511,1.4689094,0.42088968,-0.32091293,-0.54376817,-0.4566709,1.9021164,-0.88184464,0
1.2786549,0.117554344,0.07773885,1.466789,0.5385223,-0.45782554,-0.57076746,-0.22558565,1.8475305,-0.95082325,0
1.3300871,0.022401094,-0.110264145,1.3370337,0.30530447,-0.5932757,-0.69513506,-0.12220532,1.8466144,-1.0378975,0
1.3619888,-0.16283558,-0.2844727,1.2931705,0.4632998,-0.36058375,-0.4539758,0.07132782,1.8764848,-1.1349944,0
1.4453347,-0.3357379,-0.07816402,1.3541139,0.61376256,-0.51871765,-0.60513484,-0.11906255,1.5512797,-1.2352929,0
1.1518751,-0.495532,-0.25728846,1.279382,0.6682293,-0.6647795,-0.6664631,0.07486328,1.6198502,-1.3275775,0
1.3511057,-0.3786321,-0.45702815,1.47854,0.77661,-0.46451494,-0.55585724,0.14851019,1.4887185,-1.1269356,0
1.4213192,-0.1746061,-0.6422201,1.3334476,0.6739446,-0.2585533,-0.73882174,-0.05032934,1.4167249,-1.2970293,0
1.4728462,-0.37417835,-0.84125835,1.4390342,0.573818,-0.05848643,-0.9377497,0.14949974,1.2153355,-1.0957766,0
1.5764563,-0.541094,-0.9812607,1.3325707,0.7292304,-0.24359238,-0.6952403,-0.04759042,0.9568315,-1.2211136,0
1.5006155,-0.62601995,-0.99783933,1.2945994,0.7481362,-0.37471315,-0.756231,0.12874404,0.9772034,-1.2004489,0
1.4964632,-0.72685945,-1.0540434,1.3151785,0.56073546,-0.40274093,-0.48945764,0.2892796,1.0358847,-1.2323304,0
1.2964631,-0.7344949,-1.0322702,1.2951784,0.36073548,-0.60274094,-0.68945765,0.25394824,0.86989594,-1.0323304,0
1.4964632,-0.53449494,-0.8322702,1.489858,0.56073546,-0.40274096,-0.88945764,0.05394824,0.94283354,-0.8323304,0
1.513041,-0.71416897,-0.6170837,1.6492693,0.42561314,-0.5882637,-1.0157088,-0.013460694,0.72499144,-1.0075349,0
1.4314122,-0.88660866,-0.40450954,1.551657,0.5021658,-0.52812356,-1.1785487,-0.2070253,0.50916404,-1.1711303,0
1.4802164,-0.62297523,-0.45792466,1.5893171,0.63709056,-0.29771376,-1.2507255,-0.0063742115,0.28051138,-1.2440568,0
1.2802163,-0.61384916,-0.65792465,1.4975222,0.83709055,-0.09771375,-1.0507255,0.1936258,0.080511376,-1.4440569,0
1.0802163,-0.41384917,-0.85792464,1.3750093,0.63709056,-0.29771376,-1.1385982,-0.00637421,0.28051138,-1.6202399,0
0.86953515,-0.6064003,-0.9625691,1.5558971,0.8269327,-0.49167415,-0.92720866,-0.20386992,0.4746805,-1.573744,0
0.6286165,-0.75711715,-0.7159647,1.6485854,0.9641717,-0.6494025,-0.6827653,-0.3791874,0.25789338,-1.6653417,0
0.58234197,-0.87573344,-0.83808017,1.6914002,0.7801249,-0.4111898,-0.44171578,-0.5191437,0.4189587,-1.7067317,0
0.37192643,-0.65732545,-0.6206979,1.8398757,0.56432146,-0.48838726,-0.2395783,-0.4919775,0.6020974,-1.8547895,0
0.52508307,-0.7871066,-0.38624087,1.8728007,0.70172006,-0.6320052,-0.03633666,-0.26806325,0.736402,-1.714899,0
0.6374852,-0.86785346,-0.16374096,1.822384,0.5242004,-0.73149,0.14389105,-0.38707957,0.82327455,-1.6835586,0
0.7692902,-0.6134713,-0.33412218,1.8091718,0.32687092,-0.85564035,0.31588858,-0.17184599,0.8278215,-1.7301837,0
0.9692902,-0.46780276,-0.13412218,1.8029972,0.5145317,-0.6756338,0.11588858,-0.021343946,0.6278215,-1.5301837,0
1.1692902,-0.26780277,-0.11214338,2.0029972,0.3865158,-0.8756338,0.2557165,0.17865606,0.8278215,-1.3301836,0
0.9671658,-0.06765417,-0.31145927,1.9450269,0.58523035,-0.98381686,0.05559439,0.37782618,0.62644553,-1.5268301,0
1.1161381,0.12655975,-0.3662568,1.9218997,0.7509005,-1.1320611,0.24441996,0.47855023,0.4078016,-1.2688218,0
0.8431119,0.30052936,-0.2187603,1.9527609,0.5069877,-1.2258813,0.21876347,0.62446237,0.5593532,-1.3517407,0
0.99148595,0.095553935,-0.062121898,1.7216042,0.29179418,-1.3553113,0.3980379,0.78365785,0.41234255,-1.4749416,0
1.1824538,0.013641205,-0.26013485,1.9070371,0.48806602,-1.1465532,0.19653665,0.57923335,0.6077005,-1.2652767,0
0.9769206,0.21243799,-0.059796166,2.0028853,0.6841908,-1.1415894,-0.003443852,0.37709752,0.4054044,-1.3811082,0
0.7558218,0.012100207,-0.2247532,1.9802239,0.5350242,-1.305156,0.12130677,0.19321257,0.54645467,-1.4548007,0
0.9558218,-0.1878998,-0.22925918,1.7802238,0.7350242,-1.105156,0.32130677,0.39321256,0.4900477,-1.2548007,0
1.0980506,0.011495403,-0.40780362,1.8812468,0.8882891,-0.85991377,0.30680662,0.56356215,0.48821795,-1.3820857,0
0.84066933,-0.063302,-0.5689678,1.8265254,1.0187526,-0.9921902,0.47442403,0.34033224,0.26980218,-1.4809978,0
0.7494646,0.12717776,-0.66524994,1.8184146,0.821418,-1.1091609,0.25531194,0.50270116,0.064940855,-1.5639259,0
0.5080162,-0.06732897,-0.43015426,1.8661573,0.5745419,-1.2104056,0.4209659,0.64969355,-0.12487108,-1.6308658,0
0.29064712,-0.034055695,-0.45160487,1.7092901,0.5025379,-1.3308724,0.20850557,0.8017791,-0.30655152,-1.7276229,0
0.08858168,-0.22872263,-0.24587193,1.7156699,0.55217355,-1.1855983,0.29348952,0.5880673,-0.4950095,-1.8837012,0
-0.109649986,-0.4219183,-0.43879545,1.8078401,0.7402357,-1.0380228,0.46762538,0.7755597,-0.39742753,-1.6569788,0
-0.11579525,-0.61145586,-0.23477823,1.9740626,0.53114736,-0.82392484,0.656394,0.6618256,-0.5018216,-1.6059297,0
0.084204756,-0.41145587,-0.26542145,1.7740625,0.522859,-1.0239248,0.6927816,0.8618256,-0.70182157,-1.4059297,0
-0.115412146,-0.60943294,-0.46388164,1.7211257,0.4803378,-1.0167085,0.4911513,1.0583127,-0.50016135,-1.6006167,0
0.08458786,-0.40943295,-0.66388166,1.7396882,0.6803378,-0.8167085,0.2911513,0.85831267,-0.30016136,-1.8006167,0
-0.017261676,-0.60943294,-0.46388167,1.9031098,0.4803378,-0.6167085,0.27883318,1.0583127,-0.1348352,-1.6437273,0
0.05856112,-0.3778307,-0.61263967,1.9407805,0.32287046,-0.5941591,0.07274841,1.1611893,-0.07815539,-1.7014185,0
-0.14143889,-0.17783071,-0.41263968,1.8265761,0.5228705,-0.39415914,0.06233994,1.3611894,0.12184461,-1.6684879,0
-0.3414389,-0.32507128,-0.21263967,1.8223674,0.72287047,-0.19415914,-0.13766006,1.5611894,-0.07815539,-1.4684879,0
-0.14068925,-0.3343469,-0.23190199,1.9371552,0.5200992,0.005809911,0.062009543,1.7518551,-0.27668115,-1.2814596,0
0.057557836,-0.5185544,-0.030959131,1.9968324,0.60258794,0.19972727,0.25426593,1.7700225,-0.074414864,-1.0645745,0
-0.13940506,-0.6363877,0.11048034,1.9203646,0.44306234,0.39120445,0.053108893,1.9280185,-0.13108942,-0.88823843,0
0.060594946,-0.8363877,-0.0685015,1.8272424,0.64306235,0.59120446,-0.14689112,1.7280184,0.068910584,-0.69852555,0
0.2518257,-0.61497265,-0.25946617,1.832893,0.81469244,0.76457965,-0.33521786,1.8631387,0.25986147,-0.48174968,0
0.051825687,-0.41497266,-0.05946617,1.9531759,0.977916,0.56457967,-0.5352179,1.6631386,0.45986146,-0.64809245,0
-0.13375904,-0.19405885,0.12686187,1.7652187,1.0633214,0.68669975,-0.6636915,1.6818815,0.5956662,-0.765585,0
-0.33375904,-0.39405885,0.32686186,1.5952158,0.86332136,0.48669976,-0.555529,1.6142626,0.7956662,-0.87967736,0
-0.45557374,-0.59175676,0.52482015,1.5865659,1.0592008,0.68403864,-0.75260115,1.4087819,0.59335786,-1.0754933,0
-0.6327924,-0.37814313,0.69963247,1.5711377,0.91658807,0.8533181,-0.53339815,1.5528764,0.7212878,-0.84506977,0
-0.3999831,-0.534315,0.83143276,1.4335176,1.0319413,0.6037911,-0.5068176,1.6199937,0.8514464,-0.8789754,0
-0.574856,-0.70356214,0.6049886,1.5651065,1.180348,0.3868805,-0.6772163,1.4205095,0.7643201,-0.8691481,0
-0.35410452,-0.66447014,0.6365275,1.3462051,1.3039341,0.42566973,-0.8286549,1.5308005,0.53308016,-1.0099616,0
-0.5541045,-0.46447015,0.60405535,1.2382561,1.103934,0.6256697,-0.7855599,1.7308005,0.73308015,-0.8099616,0
-0.6988282,-0.35695255,0.74511766,1.2713692,1.1389484,0.7651477,-0.54263806,1.7228884,0.8646849,-0.5652511,0
-0.4589612,-0.43378222,0.86958253,1.3332705,1.1927954,0.5199803,-0.67767334,1.7692086,0.8197485,-0.33605975,0
-0.2589612,-0.6337822,0.66958255,1.1550475,1.1718401,0.31998032,-0.47767335,1.5692085,1.0197486,-0.2454623,0
-0.30883288,-0.43378222,0.86958253,1.3550476,1.1735611,0.5199803,-0.6402405,1.3692085,0.8197486,-0.4454623,0
-0.22765261,-0.6337822,0.66958255,1.2355375,1.1697632,0.31998032,-0.4402405,1.5443382,1.0197486,-0.42567688,0
-0.4276526,-0.5118271,0.50998473,1.1338936,1.3697633,0.11998032,-0.6402405,1.3539883,0.8197486,-0.22567688,0
-0.2276526,-0.6185633,0.3382591,1.2758597,1.1697632,-0.08001968,-0.7955725,1.4053571,0.6580866,-0.30208617,0
-0.28066525,-0.8185633,0.5382591,1.405591,1.3697633,0.11998032,-0.59557253,1.5180091,0.4580866,-0.50208616,0
-0.080665246,-1.0185633,0.6420863,1.3048453,1.5697633,-0.08001968,-0.4907095,1.318009,0.5099188,-0.30208617,0
0.11933476,-0.9006326,0.8420863,1.3351995,1.7697634,0.11998032,-0.69070953,1.118009,0.6431365,-0.50208616,0
0.29391965,-0.94583523,0.9591492,1.3573965,1.4448296,-0.073651105,-0.81982005,1.2131118,0.7760332,-0.64620876,0
0.46127492,-0.80504996,0.7089746,1.4544632,1.1625547,-0.25556463,-0.9524169,1.3197147,0.91152406,-0.7902801,0
0.44337553,-0.59318155,0.49899077,1.62201,1.299781,-0.054474693,-0.7376578,1.0977508,1.0897208,-0.9708552,0
0.23775679,-0.3841043,0.5574547,1.6461242,1.0743906,0.14216562,-0.9160104,1.2677901,1.2599455,-0.75305873,0
0.17910874,-0.5137602,0.3144062,1.5086777,1.1209149,0.30095837,-0.9816085,1.2910231,1.2841233,-0.83828115,0
0.37910873,-0.7137602,0.15933302,1.6283317,1.0171845,0.5009584,-0.7816085,1.0910231,1.0841233,-0.80147034,0
0.17910872,-0.9137602,0.053237386,1.4949855,1.2171845,0.3009584,-0.9816085,1.1682562,1.0254028,-0.60147035,0
0.18183646,-0.74557436,0.2516421,1.6843077,1.4082569,0.10874824,-0.96318793,0.96215653,1.2176833,-0.42378664,0
0.36967072,-0.9154473,0.04999673,1.8242716,1.557016,0.29891118,-0.7867995,0.7378734,0.98525876,-0.21665654,0
0.526432,-1.0307834,0.23102167,1.7913468,1.6236563,0.0914037,-0.91190016,0.4970481,0.7256566,-0.3850318,0
0.308448,-0.7850134,0.40727556,1.8022407,1.7231863,0.27534953,-0.87026906,0.28068292,0.8746598,-0.477807,0
0.097726196,-0.5271756,0.1867831,1.7603488,1.733049,0.42835376,-0.96445614,0.43315983,0.94921017,-0.6107951,0
0.28888896,-0.7055912,0.37530243,1.9021608,1.4875442,0.60970265,-0.74176514,0.61436605,0.72697175,-0.7867286,0
0.09074466,-0.9055912,0.5753024,1.8433837,1.4675145,0.80970263,-0.7355678,0.44151306,0.52697176,-0.70827675,0
-0.095900066,-0.9704447,0.3472041,1.7223252,1.4636791,0.8862775,-0.82120484,0.5630951,0.63810736,-0.7972498,0
-0.26896787,-0.70032036,0.49739867,1.6639895,1.5122545,0.6238139,-0.92825687,0.6936397,0.76182455,-0.90648216,0
-0.380272,-0.8474559,0.5148528,1.754541,1.28473,0.7754417,-0.68549556,0.8411675,0.5288357,-1.0415124,0
-0.180272,-0.64745593,0.7148528,1.8805212,1.0847299,0.7783028,-0.88549554,0.6411675,0.4786143,-1.0435715,0
-0.27343684,-0.8474559,0.9148528,2.000773,0.96868616,0.5783028,-0.68549556,0.8411675,0.27861428,-0.8852216,0
-0.07252393,-0.6394072,1.1009938,2.005744,0.7699189,0.37360004,-0.8744877,1.0282245,0.4726645,-0.75694466,0
-0.053709567,-0.6209778,0.9968167,2.058648,0.7280132,0.16202305,-0.8168759,1.1374735,0.25448114,-0.8931283,0
-0.16358271,-0.74817604,1.0906867,2.0128036,0.8457198,0.19082163,-0.56217325,0.969979,0.41417915,-0.99619305,0
-0.35765123,-0.5392331,0.876156,2.0486028,0.63518554,0.15070784,-0.7497391,1.1508919,0.42370445,-1.0604392,0
-0.1449114,-0.31181958,0.98919153,2.0668926,0.40001807,-0.045308847,-0.7366664,1.2417259,0.20562682,-1.1585828,0
-0.3449114,-0.3723146,0.8016262,2.0417268,0.2777222,-0.07246982,-0.92839783,1.0417259,0.0056268126,-1.3585829,0
-0.1449114,-0.5723146,0.6016262,1.8417268,0.28182837,-0.27246982,-0.72839785,1.2417259,-0.19437319,-1.2183037,0
0.05508861,-0.7723146,0.6179618,1.6417267,0.08182837,-0.46222878,-0.73436606,1.389482,-0.39437318,-1.0183036,0
-0.1449114,-0.5723146,0.41796184,1.7765696,0.28182837,-0.41091397,-0.93436605,1.3173535,-0.19437318,-0.81830364,0
0.05508861,-0.41186494,0.6179618,1.5881333,0.47105145,-0.21871297,-1.134366,1.5173535,-0.39437318,-1.0183036,0
-0.1449114,-0.57323617,0.41796184,1.7881334,0.67105144,-0.41871297,-1.2309147,1.3173535,-0.19437318,-0.8848778,0
-0.32059628,-0.34692425,0.5743975,1.7251065,0.8096452,-0.5750957,-1.2382087,1.410385,0.0052301544,-0.9809705,0
-0.52059627,-0.14692424,0.37439752,1.6458719,0.7074183,-0.468149,-1.4382087,1.210385,0.09411204,-1.1809705,0
-0.7099475,-0.34179753,0.56590927,1.5816885,0.8940088,-0.4060573,-1.6075004,0.9954538,0.28976575,-0.9664741,0
-0.60290456,-0.35115844,0.36590928,1.6824998,0.802546,-0.2060573,-1.5411096,0.7954538,0.08976574,-1.0226159,0
-0.3998815,-0.51517737,0.3443195,1.7596054,0.93709725,-0.37954882,-1.6274455,0.556581,0.27084908,-1.1428005,0
-0.5153984,-0.6144568,0.46766135,1.6836283,0.9127787,-0.49792922,-1.5700809,0.6500294,0.060871188,-1.1536899,0
-0.5614917,-0.8108831,0.2976516,1.4836283,0.7127787,-0.6979292,-1.7700809,0.45002943,0.081007265,-1.1823945,0
-0.3217561,-0.8906655,0.1557935,1.4985617,0.45641342,-0.79922765,-1.7535272,0.57857734,0.25011858,-1.23044,0
-0.1114114,-0.99799985,0.2974049,1.4937019,0.2346279,-0.5483158,-1.7875508,0.6368765,0.045860384,-1.3089064,0
0.0591533,-1.1118724,0.40111563,1.5051993,0.03213841,-0.69451743,-1.5483556,0.7767113,0.22818483,-1.3407389,0
0.0138671845,-1.2121387,0.185826,1.35756,0.07988304,-0.45692223,-1.6154386,0.8031493,0.39563248,-1.4236057,0
0.20882854,-0.98829293,0.24940515,1.3810687,-0.11728705,-0.25086924,-1.7726674,0.5889393,0.19102344,-1.5516871,0
0.30472353,-1.0851892,0.045118444,1.257338,-0.14759357,-0.12774257,-1.8015065,0.6354206,-0.008197702,-1.5681899,0
0.4425695,-1.126925,0.098444976,1.2117546,0.045952853,-0.007177752,-1.7550316,0.73254293,-0.18255925,-1.5504466,0
0.61512643,-0.88733757,0.2856989,1.3226926,0.23544863,0.056891628,-1.8281472,0.8927156,-0.36622077,-1.2927712,0
0.8151264,-1.0873376,0.48569888,1.1226926,0.43544865,0.25689164,-1.6281471,1.0927156,-0.16622077,-1.1725235,0
0.93625814,-1.1873204,0.6324248,1.1393933,0.2171559,0.42139432,-1.5841156,0.82335776,0.03115482,-1.265888,0
1.0479271,-0.9105675,0.5643945,1.1234269,0.015822226,0.20418344,-1.6454211,0.9438034,-0.1557194,-1.351932,0
1.1792222,-0.67144704,0.34433267,1.159678,-0.0889017,0.003953121,-1.743821,0.70285314,0.041842725,-1.46649,0
1.3792223,-0.871447,0.22225943,1.359678,-0.2889017,-0.19604689,-1.543821,0.50285316,-0.15815727,-1.26649,0
1.1566173,-1.0509081,0.02183273,1.4203079,-0.3299216,-0.38481474,-1.3180608,0.68937993,0.041040633,-1.4383785,0
0.9098613,-1.1897683,0.21099037,1.5411131,-0.12357151,-0.333602,-1.4438635,0.84591025,-0.15119003,-1.177851,0
1.0789224,-1.3510265,0.39953342,1.4952652,0.018702222,-0.3142491,-1.2091889,1.016754,-0.34140012,-0.950592,0
0.84463495,-1.4905199,0.5761452,1.3311815,0.16039243,-0.49418783,-1.3542155,0.78489184,-0.13588399,-1.1057065,0
0.63517785,-1.2715873,0.52319336,1.5087184,0.09516842,-0.28987196,-1.5314144,0.57631123,0.0631754,-1.2865511,0
0.43517786,-1.1673946,0.32319337,1.7087184,0.29516843,-0.48987198,-1.3701036,0.37631124,0.2631754,-1.2869964,0
0.5908128,-1.2718868,0.38385278,1.7378945,0.32394415,-0.64168674,-1.0883758,0.49479643,0.08048157,-1.3831347,0
0.36768633,-1.0726,0.44410542,1.823219,0.49293956,-0.41554978,-1.2121358,0.2773517,-0.11244589,-1.4894521,0
0.50741315,-1.1374838,0.21818791,1.8034937,0.47254017,-0.5501948,-1.0468061,0.42666966,-0.25352535,-1.5100772,0
0.39151636,-0.88460827,0.017162083,1.8221233,0.63460785,-0.7078826,-0.9401743,0.59132445,-0.050506428,-1.6136261,0
0.40973583,-0.6560831,-0.17521973,1.9378687,0.41649932,-0.87005436,-0.7093339,0.37501937,0.14326471,-1.7380589,0
0.56749654,-0.42448807,-0.14054899,1.9897683,0.418512,-0.9959266,-0.84634,0.16289493,-0.052804966,-1.6143699,0
0.5764966,-0.56551653,-0.30839035,1.9829847,0.19787751,-1.0829931,-0.585305,0.2435158,-0.08386052,-1.6430358,0
0.75357115,-0.35472494,-0.10519021,2.101696,0.38613048,-1.2451138,-0.37392917,0.04223103,-0.27547973,-1.4004313,0
0.5533357,-0.55448896,-0.3050604,2.275081,0.5858812,-1.0446693,-0.46081033,-0.15770186,-0.07544763,-1.1999207,0
0.6571543,-0.6581603,-0.0916469,2.1590774,0.55444276,-1.0857574,-0.57644206,-0.31203264,-0.24028014,-1.2211872,0
0.45715433,-0.45816034,-0.051317975,1.9590774,0.51275647,-1.2857574,-0.77644205,-0.28932518,-0.19516622,-1.4211873,0
0.24879111,-0.5317619,-0.24314456,2.0888596,0.36633703,-1.0504462,-0.5576949,-0.47341123,0.0046765823,-1.5684627,0
0.4407469,-0.32581532,-0.43520156,2.2478337,0.5561859,-0.83520263,-0.49750018,-0.60005224,-0.19182241,-1.343934,0
0.2407469,-0.5258153,-0.3324199,2.3370626,0.7561859,-0.7968845,-0.4122948,-0.40005225,0.008177593,-1.143934,0
0.40633163,-0.30037436,-0.49084646,2.3389587,0.75159425,-0.9190437,-0.54428005,-0.55319774,0.19192226,-0.99215555,0
0.41159788,-0.35026017,-0.6738767,2.2456439,0.53804505,-1.0915558,-0.33582327,-0.3445219,0.3822952,-1.1628718,0
0.6115979,-0.5502602,-0.4738767,2.0456438,0.55180335,-1.0416111,-0.27761012,-0.5445219,0.18229519,-1.3628719,0
0.7718251,-0.7502602,-0.6738767,1.903325,0.75180334,-0.90909237,-0.07761012,-0.7445219,0.079005346,-1.2105125,0
0.756102,-0.95026016,-0.8186221,1.9835513,0.55180335,-0.7090924,-0.27761012,-0.5445219,0.27900535,-1.0105125,0
0.62115735,-1.1497759,-0.61836165,1.9580628,0.7514868,-0.50887805,-0.477409,-0.74420846,0.07897208,-1.2100028,0
0.7662471,-1.2595173,-0.7636384,1.8091996,0.8878615,-0.66147584,-0.25885886,-0.88106984,-0.11293487,-0.94246453,0
0.94123006,-1.0686909,-0.54904526,1.9571795,1.0183346,-0.8391714,-0.2064496,-0.6634363,-0.3048327,-0.72324145,0
1.0601524,-0.80697554,-0.3242477,1.9580517,1.1317792,-0.9653445,-0.3775738,-0.4305119,-0.09738495,-0.8576506,0
0.8601524,-0.60697556,-0.27205467,1.802561,0.9905234,-0.7653445,-0.17757379,-0.23051189,-0.11830777,-0.6576506,0
0.7811287,-0.80697554,-0.47205466,1.7509786,1.1905234,-0.71738535,-0.3775738,-0.11384875,0.08169223,-0.8576506,0
0.5811287,-0.60697556,-0.57034606,1.9509786,1.0021993,-0.51738536,-0.17757379,-0.03869562,0.28169224,-0.6576506,0
0.7811287,-0.40697557,-0.37034607,2.1509786,1.0023227,-0.42640218,0.022426218,0.16130438,0.48169225,-0.46813446,0
0.5811287,-0.60697556,-0.57034606,2.2308638,1.2023227,-0.22640218,0.22242622,0.3613044,0.60288644,-0.27143714,0
0.36625248,-0.7754776,-0.7402778,2.259214,1.3475871,-0.24227458,0.15345226,0.15500835,0.6963687,-0.45303598,0
0.15868503,-0.54928315,-0.51568556,2.347276,1.4171227,-0.040350333,-0.04442899,0.33884916,0.84408635,-0.24151832,0
0.32920378,-0.74928313,-0.31568557,2.297077,1.2171227,0.15964967,-0.24442899,0.13884915,0.64408636,-0.4415183,0
0.5292038,-0.54928315,-0.11568557,2.2508922,1.4171227,-0.040350333,-0.44442898,-0.06115085,0.84408635,-0.599026,0
0.67169,-0.3217345,-0.1600779,2.1531587,1.489577,-0.22139342,-0.5936015,-0.24055333,0.96173716,-0.4249481,0
0.65753627,-0.5217345,-0.09011331,1.9814738,1.4783128,-0.42139342,-0.39360154,-0.07368949,0.76173717,-0.6249481,0
0.45753628,-0.72173446,-0.07647119,1.9969882,1.6783129,-0.3187571,-0.5936015,0.12631051,0.8490765,-0.4249481,0
0.25324732,-0.47423524,-0.25130096,1.9969721,1.6116086,-0.47152892,-0.7213512,0.29660287,0.95356756,-0.5680522,0
0.36036986,-0.26043344,-0.04788631,1.9428912,1.691026,-0.44861647,-0.86002505,0.46354845,0.9443588,-0.34355423,0
0.56036985,-0.46043342,-0.24788631,1.750432,1.5593154,-0.29869425,-0.66002506,0.41027597,0.74435884,-0.48405677,0
0.3576171,-0.65538853,-0.44446504,1.9355333,1.348932,-0.49488488,-0.8534556,0.60561424,0.9371452,-0.67883146,0
0.1576171,-0.8553885,-0.24446504,2.076079,1.148932,-0.29488486,-0.84978634,0.80561423,0.7371452,-0.47883147,0
0.33406478,-0.61222523,-0.415193,2.1261785,1.0696887,-0.42228627,-0.98064834,0.9393855,0.5017693,-0.6341242,0
0.12972513,-0.7859336,-0.5952793,2.1338108,1.228589,-0.35966724,-0.7553789,0.71545166,0.2920011,-0.8071237,0
0.32972515,-0.5859336,-0.79527926,1.9338107,1.4285891,-0.5596672,-0.9553789,0.51545167,0.101306036,-0.60712373,0
0.12453791,-0.754507,-0.95548165,1.895508,1.3322163,-0.34528545,-1.0944153,0.3653526,0.2892579,-0.7748498,0
0.30885535,-0.9083826,-0.7189747,1.8915616,1.3169559,-0.5189358,-0.85119474,0.42286602,0.46561566,-0.92774236,0
0.50885534,-0.7083826,-0.9189747,1.6915616,1.1169559,-0.6436302,-0.65119475,0.62286603,0.26561564,-1.1277424,0
0.70754665,-0.90670556,-0.7176473,1.8866078,0.915263,-0.84207267,-0.72092503,0.8213469,0.0654945,-0.9260296,0
0.45252392,-0.9867284,-0.81816584,1.8081881,0.68897027,-0.92910236,-0.82108825,0.9106235,0.18271893,-1.0039576,0
0.57375926,-1.0434811,-0.54354846,1.6789267,0.7089664,-0.99281096,-0.89783496,0.9765626,0.31451407,-1.0586307,0
0.53237224,-0.8434811,-0.34354848,1.8789268,0.7086723,-0.792811,-0.69783497,0.77656263,0.5145141,-1.0579195,0
0.7323722,-0.78414726,-0.14354847,1.9276841,0.69332206,-0.592811,-0.49783498,0.97213227,0.7145141,-0.8579195,0
0.9323722,-0.5841473,-0.13127562,2.0219395,0.89332205,-0.392811,-0.297835,0.7721323,0.7596375,-1.0579195,0
1.0109968,-0.3429717,-0.29576722,1.8956697,0.9761322,-0.5292694,-0.4444736,0.8679324,0.8567769,-1.123087,0
1.1295758,-0.28437755,-0.08932833,1.7311482,0.8795837,-0.30713105,-0.5322893,0.99613017,0.98572475,-1.2341297,0
0.92957586,-0.43859407,-0.28932834,1.6197282,0.8963487,-0.50713104,-0.33228934,1.1961302,0.78572476,-1.3380347,0
1.1295758,-0.5876387,-0.089328334,1.4197282,0.6963487,-0.707131,-0.13228934,0.99613017,0.98572475,-1.5380348,0
0.86498034,-0.6643506,0.10298118,1.4139538,0.46185786,-0.8440952,-0.26361704,1.113012,1.1033297,-1.5326909,0
0.9718127,-0.7887346,-0.08853132,1.357164,0.6039565,-0.65197086,-0.42305842,1.1981457,0.8243037,-1.58111,0
1.0636531,-0.8974733,-0.2153397,1.2168329,0.7297504,-0.7204429,-0.56554943,0.90601575,0.85445267,-1.6167116,0
0.8636531,-0.6974733,-0.015339702,1.4168329,0.5297504,-0.9204429,-0.7655494,0.70601577,0.6544527,-1.4167116,0
0.66365314,-0.62610334,0.1846603,1.4897622,0.7297504,-0.8596462,-0.90300167,0.90601575,0.4544527,-1.2167115,0
0.438558,-0.74573874,0.36384064,1.5983042,0.5010778,-0.9755539,-1.0433019,1.0461528,0.61903054,-1.3400323,0
0.6133587,-0.52420235,0.15737502,1.5863533,0.54789513,-1.1291631,-0.99082667,1.1969761,0.78670925,-1.0950433,0
0.70740336,-0.29535142,0.325572,1.6273848,0.6813395,-1.2108802,-0.8951395,0.9082546,0.8989014,-1.1372294,0
0.5074034,-0.09535141,0.525572,1.6969514,0.5202144,-1.0108801,-1.0951395,0.70825464,0.77175105,-1.3372295,0
0.47510153,-0.18016323,0.3124036,1.7683598,0.69108385,-1.1619037,-0.8589338,0.7824983,0.54862547,-1.4277428,0
0.2512041,0.018113595,0.4678923,1.6899235,0.81367743,-1.2435983,-0.7333173,0.89715093,0.3183412,-1.4863446,0
0.39791256,0.19535084,0.5981897,1.6083295,0.9078881,-0.93468636,-0.8359145,0.9826501,0.4642461,-1.5103544,0
0.47761428,0.27300656,0.39818972,1.6302284,1.1078881,-0.7346864,-0.99306244,0.7826501,0.2642461,-1.3103544,0
0.6776143,0.073006555,0.19818972,1.8302284,0.9078881,-0.93468636,-0.79306245,0.9826501,0.0642461,-1.1103543,0
0.6106051,0.27300656,0.16711885,2.0302284,0.7078881,-1.1346864,-0.59306246,0.7826501,-0.1344276,-0.95504296,0
0.51853,0.47300655,-0.032881156,2.0490308,0.50788814,-1.3346864,-0.6302909,0.5826501,-0.033099003,-1.155043,0
0.31375596,0.66291964,0.1646141,2.2153227,0.5657139,-1.1385484,-0.644253,0.77091986,-0.12909907,-0.940729,0
0.11191483,0.84895337,0.35871288,2.0776966,0.6668359,-1.3168842,-0.43706286,0.9552056,-0.08885697,-0.72874045,0
0.16730276,0.6110826,0.52610826,2.0204942,0.77530986,-1.1486357,-0.599886,1.0877917,0.1046571,-0.8745423,0
0.35815406,0.40084344,0.31798562,2.1651866,0.951017,-0.9250073,-0.38992572,1.2202116,0.29706874,-0.65774095,0
0.49143228,0.17683461,0.45606562,2.0824523,1.0134244,-0.9905239,-0.2972835,1.1893703,0.31802255,-0.7552066,0
0.64364237,0.14225836,0.24565163,2.189627,1.1640755,-0.9378866,-0.47155282,0.94913346,0.26280123,-0.5326268,0
0.82516384,-0.05647691,0.4358904,2.1087384,1.2678249,-0.72172445,-0.2656049,0.9791631,0.23610508,-0.6825085,0
0.62516385,0.1435231,0.2358904,2.0809171,1.0912606,-0.6205957,-0.4656049,1.1791631,0.43610507,-0.8825085,0
0.40794745,-0.054189954,0.034437068,1.9191213,1.1220536,-0.7873668,-0.2548496,1.3233159,0.61034685,-1.0386739,0
0.35408294,-0.25418997,0.23443708,1.9899117,1.120756,-0.73160297,-0.05484961,1.3543437,0.41034687,-0.8386739,0
0.48187974,-0.054189965,0.034437075,1.9569843,0.98603314,-0.6001696,-0.2548496,1.4619316,0.21034686,-1.0386739,0
0.43008593,0.14581004,0.23443708,1.8396436,1.1860331,-0.4001696,-0.1155985,1.2619315,0.012744918,-1.2386739,0
0.5964923,0.32737285,0.03260103,1.8549149,1.3121355,-0.18949737,-0.29877204,1.3839872,-0.1772714,-1.1408471,0
0.7713641,0.12335441,0.17439072,1.9106479,1.403385,-0.06902518,-0.09565592,1.1466341,0.022011552,-1.187491,0
0.51372916,-0.06891415,-0.02302601,1.8977414,1.4416475,-0.039832965,0.0392465,1.2107956,0.15983038,-1.2475313,0
0.71372914,-0.104060486,0.102364264,2.0384684,1.3753241,-0.23983297,0.2392465,1.0107956,0.35983038,-1.0475312,0
0.48928654,-0.28959367,0.0063386257,2.1319647,1.3591468,-0.1762489,0.08955086,1.1531874,0.51345176,-0.80720675,0
0.6487002,-0.46076557,-0.18225826,2.0996993,1.0908942,-0.16969107,-0.10394571,1.2735095,0.41825292,-0.9479008,0
0.83723354,-0.25724238,0.017502034,1.900576,1.2734532,-0.36469623,-0.29983917,1.0590055,0.6098998,-1.1323917,0
0.9662106,-0.053322796,-0.1700017,1.8811817,1.3725609,-0.5260295,-0.09300283,0.80018646,0.38183257,-1.2411582,0
0.7662106,-0.2533228,-0.3700017,1.684182,1.5725609,-0.6332467,0.10699717,0.60018647,0.18183257,-1.0411582,0
0.5662106,-0.3055668,-0.1700017,1.7981869,1.3725609,-0.83044463,0.30699718,0.40018648,-0.018167436,-0.8411582,0
0.46410495,-0.105566785,-0.3700017,1.7700475,1.5725609,-1.0304446,0.50699717,0.60018647,0.0830776,-0.6411582,0
0.66410494,-0.3055668,-0.40357915,1.8923684,1.464916,-0.83044463,0.70699716,0.80018646,-0.026988648,-0.8406523,0
0.46410495,-0.5055668,-0.20357914,1.6923684,1.664916,-0.63044465,0.50699717,0.8856514,0.13243014,-1.0406523,0
0.26410496,-0.70556676,-0.0035791397,1.7652445,1.7109394,-0.43044466,0.70699716,0.7296389,0.33243012,-0.8406523,0
0.17678759,-0.6966007,-0.18910806,1.741357,1.7751036,-0.58563054,0.84252477,0.86355704,0.12301655,-0.6713723,0
-0.02311468,-0.8928254,0.010846083,1.6729511,1.9108173,-0.38400683,0.6398194,0.6607631,-0.07665931,-0.8677033,0
0.16627683,-1.0272845,-0.17780964,1.6996245,1.6990215,-0.5489817,0.7747557,0.43312937,0.115943484,-1.0036691,0
0.36627683,-0.8272845,-0.37780964,1.7930188,1.4990214,-0.35637924,0.64097893,0.63312936,0.07550411,-0.80366915,0
0.56627685,-0.6272845,-0.38519222,1.6231176,1.2990214,-0.15637924,0.8409789,0.43312937,0.2755041,-0.60366917,0
0.73554784,-0.42728454,-0.48902267,1.4810649,1.2195604,0.043620765,0.7278344,0.63312936,0.4755041,-0.80366915,0
0.53554785,-0.6272845,-0.68902266,1.3779839,1.1939633,-0.0143228285,0.78092223,0.83312935,0.40663216,-1.0036691,0
0.73554784,-0.8272845,-0.88902265,1.5293252,1.3049816,-0.21432284,0.7276875,0.8883945,0.6066322,-0.9488594,0
0.8666983,-0.82186514,-0.6383156,1.5650163,1.1628606,-0.31788033,0.8594164,1.0082966,0.7472699,-0.97451764,0
0.6473212,-0.6030039,-0.8128894,1.5468004,1.321525,-0.50217295,1.0272841,0.7837809,0.9185391,-0.80748796,0
0.44732124,-0.50202304,-1.0058314,1.5884137,1.1215249,-0.70217294,1.0272628,0.5837809,1.1185391,-0.607488,0
0.24732123,-0.5695993,-1.2058314,1.6669074,0.93969727,-0.82646626,0.8531716,0.3837809,0.9185391,-0.407488,0
0.38210657,-0.36959928,-1.4058315,1.4669074,1.1396973,-0.6264663,0.78706396,0.46191022,1.1185391,-0.20748799,0
0.18210657,-0.5695993,-1.2058314,1.604727,0.95554173,-0.4264663,0.9411669,0.41169178,0.9185391,-0.407488,0
0.18309632,-0.76959926,-1.1353016,1.5968803,1.1555418,-0.35596806,1.1411669,0.21169178,1.1185391,-0.20748799,0
0.36148086,-0.86390054,-1.2599598,1.6954949,1.0901953,-0.5245986,0.88806343,0.38846287,1.0534135,-0.38449627,0
0.5161647,-0.97803503,-1.1326486,1.7425128,1.1092016,-0.29840082,0.7024015,0.5372023,1.1522527,-0.1696059,0
0.51789236,-1.170417,-1.1969556,1.6756814,1.3020343,-0.17858504,0.4996511,0.33535627,0.9470395,-0.36758247,0
0.31789237,-1.370417,-0.9969556,1.7735479,1.2355642,-0.37858504,0.41312626,0.3920743,0.7470395,-0.5675825,0
0.11789237,-1.170417,-1.0506775,1.9367142,1.1400166,-0.17858504,0.27900395,0.4752041,0.5470395,-0.7675825,0
-0.006660017,-1.1703583,-1.1902376,1.9987345,0.89458954,0.02038007,0.45585573,0.6425743,0.7109382,-0.5401536,0
0.19332965,-1.370285,-0.99018466,1.939974,0.78628,-0.17961033,0.25584203,0.6345325,0.82135594,-0.740114,0
0.25160062,-1.2044574,-1.1127491,1.9619842,0.5481355,0.019063085,0.4261841,0.78023624,0.9549047,-0.62874913,0
0.048375685,-1.3166817,-0.8557041,1.9708729,0.7013785,0.2053721,0.49958906,0.8713249,0.7077247,-0.776954,0
0.2449716,-1.1013771,-0.9168119,1.9417542,0.6220061,0.3998163,0.69000095,1.0263698,0.50076616,-0.88823116,0
0.044091202,-0.88373107,-0.84913594,2.0375512,0.80591387,0.19590454,0.4804083,1.1554389,0.6870474,-0.78656757,0
0.039568536,-0.6827375,-0.91400135,2.0114255,1.0044521,0.15202273,0.28000087,0.95405054,0.81236494,-0.98513395,0
0.18467706,-0.54916185,-1.1140014,1.9688928,1.007506,0.35202274,0.18596607,0.75405055,0.61236495,-1.1851339,0
0.35689384,-0.69505376,-0.84798783,2.012245,0.7491841,0.3863271,0.018576045,0.8312206,0.75369203,-1.285093,0
0.5568938,-0.49505377,-0.64798784,1.8122449,0.5592157,0.18632708,-0.17791699,1.0312207,0.803838,-1.237443,0
0.45610037,-0.69505376,-0.44798785,1.9674969,0.35921574,-0.013672918,0.022083014,0.8312207,0.603838,-1.1144404,0
0.6561004,-0.89505374,-0.57227397,1.9895618,0.15921573,-0.13586198,-0.17791699,1.0312207,0.40383804,-1.3144405,0
0.4561004,-0.69505376,-0.4021089,1.9390917,-0.04078427,-0.33586198,-0.124168605,1.2312207,0.603838,-1.1144404,0
0.38205287,-0.89505374,-0.6021089,1.7390916,0.13678718,-0.13586198,-0.32416862,1.4312208,0.40383804,-1.3144405,0
0.17012854,-0.94257724,-0.49099877,1.7292657,0.3067981,-0.31386328,-0.11603567,1.5243771,0.56428707,-1.4152458,0
0.23127632,-0.7139598,-0.43288663,1.7672129,0.44948807,-0.13189834,-0.30385628,1.657923,0.35024816,-1.3939844,0
0.41045296,-0.86983097,-0.22164214,1.6278498,0.6181288,-0.31587327,-0.09884178,1.7682167,0.1429937,-1.3180423,0
0.57224774,-0.8300858,-0.39525366,1.7043158,0.3919602,-0.48358732,-0.13822968,1.8450359,0.115619786,-1.0480696,0
0.77224773,-0.6300858,-0.19525366,1.6037796,0.56943876,-0.6444064,-0.3382297,1.6450359,0.3156198,-1.2480696,0
0.9188844,-0.7845252,-0.06750956,1.6110727,0.7272069,-0.6042998,-0.2652045,1.3657228,0.4873192,-1.3685901,0
0.7188844,-0.5845252,-0.26750958,1.8110727,0.8743185,-0.4042998,-0.065204486,1.1657227,0.6873192,-1.1685901,0
0.4945283,-0.74770004,-0.44556493,1.7599785,1.0238906,-0.5759343,-0.25275594,1.2407098,0.46444476,-1.3043493,0
0.31647962,-0.5037041,-0.59370756,1.6403445,1.1255772,-0.345736,-0.41638666,1.3249795,0.6110708,-1.383507,0
0.10600224,-0.64040565,-0.7223133,1.6748049,0.8423213,-0.132627,-0.533639,1.3878071,0.4872156,-1.4410701,0
0.28668293,-0.41260082,-0.8640834,1.4195724,0.97651476,-0.31162673,-0.53481,1.4875616,0.26908234,-1.5374618,0
0.45860678,-0.5487051,-0.9838275,1.4054934,0.82254624,-0.48211157,-0.69241965,1.2132837,0.06509706,-1.6372297,0
0.2586068,-0.7487051,-1.1716729,1.3309635,0.62254626,-0.68211156,-0.89241964,1.04349,-0.13490295,-1.4372296,0
0.43684417,-0.90368545,-1.306582,1.3812462,0.6169027,-0.8352649,-0.709605,1.1844819,0.06200795,-1.1785184,0
0.6252674,-0.73576623,-1.0999906,1.5002266,0.6355547,-1.0164455,-0.89306986,0.96658564,-0.1354836,-1.1915208,0
0.78424615,-0.5091351,-1.2353725,1.3756653,0.41390476,-1.1559802,-1.0387372,1.1085987,0.06130952,-0.9422357,0
0.9197505,-0.30302092,-1.1828656,1.4724153,0.38010693,-1.2671257,-0.8419659,1.222849,0.24418646,-0.69359857,0
1.0864328,-0.09995558,-0.9536209,1.6226535,0.33854192,-1.4234722,-0.62286454,0.9924146,0.04287171,-0.86700994,0
1.2131124,0.094342366,-0.71066815,1.5786827,0.2816874,-1.5309421,-0.42448294,0.940461,-0.14817274,-1.0061954,0
1.0813603,-0.10337179,-0.49962014,1.7402018,0.4712664,-1.3021479,-0.6109726,0.9188947,-0.118657224,-1.1801001,0
0.93887585,0.08595173,-0.62743837,1.7400259,0.57029134,-1.3471671,-0.72730225,1.0034552,-0.28578046,-0.96545476,0
1.1388758,-0.025296025,-0.42743838,1.7066047,0.7702913,-1.5471672,-0.5449765,0.8034552,-0.08578046,-0.76545477,0
1.1799145,0.15396182,-0.45940852,1.6802384,0.85509104,-1.5397304,-0.6565273,0.53180844,0.10065854,-0.8508287,0
1.3799145,0.07463091,-0.25940853,1.8802384,0.65509105,-1.3397304,-0.4565273,0.46307376,0.30065855,-0.6508287,0
1.1799145,-0.1253691,-0.45940852,1.9233893,0.45509106,-1.1397303,-0.6565273,0.26307374,0.44578642,-0.8508287,0
1.3287284,0.005693038,-0.24978612,1.9193152,0.24562882,-1.2900349,-0.82475555,0.060734104,0.2366693,-1.0118496,0
1.1320416,-0.19430697,-0.23072197,1.8403051,0.27533782,-1.0900348,-1.0247556,0.2607341,0.28849572,-0.9692171,0
1.3141558,0.005616591,-0.422223,2.0129092,0.45160636,-0.878084,-0.8136813,0.45454767,0.48193648,-0.98333806,0
1.050649,0.19389647,-0.20955631,2.0867736,0.6144649,-1.0166334,-0.84185225,0.6172386,0.6430662,-0.73868793,0
0.85064906,-0.0061035305,-0.009556308,2.1365829,0.4880743,-0.8166334,-0.64185226,0.81723857,0.44306624,-0.53868794,0
0.644083,-0.05708736,-0.17188388,2.313003,0.5225574,-1.006374,-0.62039113,1.0069731,0.6365767,-0.33527008,0
0.7859759,-0.22026974,-0.34628317,2.220032,0.6728161,-0.8745651,-0.39145118,1.1238844,0.6347824,-0.4984218,0
0.98597586,-0.42026973,-0.14628316,2.0918453,0.5818219,-0.67456514,-0.19145118,0.92388445,0.4347824,-0.3865197,0
1.1859759,-0.6202697,0.05371684,2.1796482,0.38182193,-0.8745651,-0.019440591,0.72388446,0.23478238,-0.5865197,0
1.3781284,-0.41789013,0.25228027,2.1558542,0.18079244,-1.0684808,-0.2181981,0.91865337,0.03458544,-0.38433123,0
1.1634958,-0.5553136,0.4064758,2.105362,0.23502375,-1.1400161,-0.23296721,1.0053623,0.2108279,-0.52515334,0
1.2962978,-0.7180889,0.19629993,2.0164168,0.41358417,-1.2739753,-0.031342465,0.77628946,0.01029426,-0.54928404,0
1.0795529,-0.904066,0.17703757,2.1825633,0.6042123,-1.0575713,-0.22780894,0.6261802,-0.18680818,-0.50978386,0
0.87132335,-0.8409276,0.37350982,2.2868197,0.4004303,-1.2458049,-0.42380616,0.42219263,0.01306839,-0.3068854,0
0.8811159,-0.6351422,0.1719436,2.183313,0.45850202,-1.4327542,-0.6181753,0.28594142,0.2111451,-0.5023099,0
0.9676407,-0.42531857,0.3635467,2.31379,0.45235455,-1.2049237,-0.7956891,0.08400123,0.010893491,-0.31658107,0
1.0831213,-0.20900895,0.52275455,2.2423418,0.60513407,-1.3032287,-0.55257034,0.2634439,-0.1754181,-0.10814238,0
0.86919874,-0.28265056,0.31766626,2.403838,0.77059036,-1.085836,-0.3896241,0.45556912,-0.32297224,-0.22077616,0
0.82699,-0.105006315,0.3845447,2.2139275,0.9323839,-1.2352202,-0.56641406,0.5097549,-0.50238585,-0.16593523,0
1.0068464,-0.29902387,0.52198756,2.0357332,0.7180188,-1.4070696,-0.75138146,0.576458,-0.29645482,0.0023708907,0
1.0992866,-0.4124446,0.4508009,2.1505613,0.4982845,-1.1610854,-0.61229545,0.74687827,-0.47754204,-0.19010028,0
0.8889731,-0.21000817,0.6433372,2.1566544,0.69027627,-1.3454758,-0.40756705,0.54060644,-0.45466822,-0.38562644,0
0.68165296,-0.21161702,0.83437693,2.0849442,0.48506722,-1.5290555,-0.6011118,0.33698758,-0.25196245,-0.5794043,0
0.48165298,-0.01161702,0.63437694,2.0212097,0.67219037,-1.7290555,-0.8011118,0.13698758,-0.05196245,-0.3794043,0
0.68165296,0.18838298,0.7073709,2.1073837,0.47219038,-1.5337298,-0.6011118,-0.06301242,0.14803755,-0.1794043,0
0.8199905,0.0043555866,0.84390974,2.1460063,0.31783283,-1.4725873,-0.74508244,-0.24461743,-0.0321912,-0.35286894,0
0.9863283,0.19761133,0.62265915,2.1681366,0.2950029,-1.4821049,-0.52709335,-0.04314494,-0.22452831,-0.5346229,0
0.74500924,0.3767181,0.40044975,2.2436986,0.16303012,-1.4658685,-0.4835859,-0.23036844,-0.40222067,-0.6960208,0
0.88401383,0.539494,0.4876433,1.987918,0.008656669,-1.5583454,-0.639464,-0.4025904,-0.18916838,-0.83818734,0
0.8810009,0.611879,0.25977674,1.9759549,0.18844225,-1.587999,-0.46862602,-0.5442121,-0.28151894,-0.85163206,0
0.85044694,0.39529583,0.44126514,1.9426303,0.3728027,-1.7160102,-0.25781056,-0.7142485,-0.31708574,-0.6253959,0
0.97442853,0.59529585,0.47355235,1.8072188,0.5728027,-1.5160102,-0.45781058,-0.5142485,-0.51708573,-0.4253959,0
1.1315645,0.756738,0.6489691,1.9131021,0.6303782,-1.2679785,-0.63380194,-0.4500103,-0.30551282,-0.6025703,0
1.1747926,0.5024922,0.4052238,1.907212,0.74947023,-1.2252092,-0.7525604,-0.5866765,-0.45625815,-0.61979717,0
1.2713718,0.27973676,0.23095343,1.9486938,0.62084377,-1.3179957,-0.5109932,-0.35758814,-0.60689014,-0.7581267,0
1.4022686,0.45720583,0.02949969,2.04778,0.6328415,-1.0654887,-0.29638734,-0.15018699,-0.3877805,-0.9131281,0
1.1578102,0.2476947,-0.06047863,2.058747,0.7275893,-1.0074106,-0.4780316,-0.33723754,-0.5660451,-1.071966,0
1.3145032,0.4334156,-0.11019709,2.0944612,0.510762,-0.97984844,-0.6564059,-0.13286036,-0.5506577,-0.8441549,0
1.0781112,0.6127326,-0.24528709,2.2195399,0.6875534,-0.754384,-0.44150287,-0.32199144,-0.33920765,-1.01006,0
0.8348062,0.7603906,-0.04305371,2.2718928,0.4635092,-0.7759669,-0.6098665,-0.17819414,-0.13234247,-1.1503847,0
0.6348062,0.5603906,-0.2430537,2.1086783,0.2635092,-0.5759669,-0.8098665,0.021805868,-0.33234248,-1.1237459,0
0.83072317,0.75667155,-0.042843126,2.213072,0.26832852,-0.7721716,-0.60688365,0.22072102,-0.13169518,-1.3172716,0
0.6307232,0.7384424,-0.24284312,2.147237,0.46832854,-0.9721716,-0.80688363,0.42072102,-0.3316952,-1.1172715,0
0.6106563,0.921799,-0.1843044,2.2967534,0.65647566,-0.75847703,-0.7658628,0.2168065,-0.12935956,-0.90100366,0
0.40731692,0.79693764,-0.3811793,2.4764502,0.8495109,-0.5539356,-0.5612613,0.29832348,0.070066005,-0.6953032,0
0.20731692,0.99693763,-0.5811793,2.412633,0.6495109,-0.3539356,-0.3612613,0.09832348,-0.02338522,-0.8953032,0
0.007316917,1.1969377,-0.38117933,2.212633,0.8495109,-0.1539356,-0.1612613,-0.10167652,-0.22338521,-1.0953032,0
-0.098109365,1.3021538,-0.56594664,2.1824641,0.95465165,0.044857062,0.014941799,0.09574643,-0.022772286,-1.1349206,0
-0.12892987,1.1021538,-0.38662285,2.0212145,1.1003773,0.24485707,0.2149418,-0.104253575,0.17722772,-0.9349206,0
0.071070135,1.3021538,-0.48756868,1.8754807,1.3003774,0.28791642,0.4149418,-0.30425358,0.37722772,-1.1349206,0
-0.11991751,1.3971515,-0.3904219,1.8428401,1.2223095,0.09495138,0.1999171,-0.33503115,0.53687876,-1.241608,0
0.0761915,1.138985,-0.18116981,1.9435838,1.3532033,0.2806205,0.17550443,-0.5090354,0.32051075,-1.2585765,0
0.04214005,0.93898505,-0.3811698,2.1421945,1.1532032,0.11171144,0.05614663,-0.7090354,0.12051074,-1.0585765,0
-0.14633739,1.0558479,-0.53874886,1.9864882,1.2544298,0.28895888,-0.10404322,-0.8426828,0.29711592,-1.0775328,0
-0.33979836,0.8396891,-0.33235312,1.8365759,1.2907857,0.47972712,-0.29830274,-0.9687121,0.44865876,-1.2534124,0
-0.5134137,0.98812675,-0.5063324,1.8962572,1.1476182,0.26605442,-0.4739464,-1.111587,0.23650466,-1.001923,0
-0.7134137,0.78812677,-0.7054774,1.6962571,1.3476182,0.06605442,-0.2739464,-1.3115871,0.11216367,-0.801923,0
-0.5134137,0.5881268,-0.5054774,1.6687719,1.1476182,0.060330108,-0.15295726,-1.111587,0.21483058,-0.601923,0
-0.31341374,0.5056311,-0.7054774,1.4926196,1.1269727,0.22421467,-0.048255622,-0.91158706,0.014830574,-0.801923,0
-0.5134137,0.3056311,-0.9054774,1.2926196,0.96059346,0.02421467,0.15174438,-0.95209634,-0.18516943,-0.97939867,0
-0.50490814,0.1056311,-1.1054775,1.3103671,1.1605935,0.22421467,0.15241037,-0.75209635,0.014830574,-0.7793987,0
-0.5914718,0.010897838,-1.046915,1.5103672,1.3489766,0.02421467,0.09121856,-0.60413766,0.21483058,-0.5793987,0
-0.7914718,0.21089783,-0.84691507,1.5438095,1.5224824,0.22421467,0.28637457,-0.5039062,0.26436478,-0.7793987,0
-0.99147177,0.37665457,-0.9376829,1.7438096,1.7224824,0.02421467,0.086374566,-0.55846524,0.3702129,-0.5793987,0
