pca_0,pca_1,pca_2,pca_3,pca_4,pca_5,pca_6,pca_7,pca_8,pca_9,target
0.2,0.2,-0.2,-0.2,0.2,0.17513643,-0.2,0.2,0.12634121,0.2,1
0.4,0.4,0.0,0.0,0.4,0.27156663,-0.4,0.061952144,0.3263412,0.4,1
0.28004354,0.6,0.2,-0.2,0.6,0.47156662,-0.2,-0.13804786,0.12634121,0.6,1
0.17586496,0.8,0.0,-0.4,0.40000004,0.27156663,0.0,-0.11210573,0.3263412,0.40000004,1
0.37586498,1.0,-0.2,-0.32564923,0.20000003,0.47156662,-0.2,-0.31210572,0.12634121,0.20000003,1
0.17586498,0.8,-0.15370813,-0.12564923,2.9802322e-08,0.5281739,-0.4,-0.11210571,0.101512074,2.9802322e-08,1
0.37586498,0.6,-0.35370815,0.074350774,-0.19999997,0.32817394,-0.2,0.08789429,-0.09848793,0.20000003,1
0.49344525,0.8,-0.15370815,-0.12564923,-0.259929,0.5281739,0.0,-0.11210571,0.101512074,0.40000004,1
0.69344527,0.6,-0.35370815,-0.25137913,-0.45016164,0.32817394,0.2,-0.30783927,0.30151206,0.20000003,1
0.49344528,0.8,-0.55370814,-0.30904213,-0.6501616,0.35439116,0.4,-0.10783927,0.50151205,0.40000004,1
0.2934453,1.0,-0.7537081,-0.10904212,-0.8501616,0.27774677,0.2,-0.30783927,0.30151206,0.6,1
0.093445286,0.8,-0.9537081,0.09095788,-1.0501616,0.47774678,0.0,-0.10783927,0.10151206,0.40000004,1
-0.10655472,0.6,-0.7537081,0.043056797,-0.8501616,0.2777468,-0.14748697,0.09216073,-0.018391162,0.40481472,1
0.093445286,0.40000004,-0.9537081,-0.1569432,-0.68308014,0.07774679,-0.34748697,-0.10783927,-0.21839117,0.6048147,1
0.2934453,0.20000003,-0.8992156,0.0430568,-0.48308015,0.14711583,-0.54748696,-0.103973694,-0.023522973,0.44463605,1
0.49344528,0.38874868,-1.0992156,-0.1569432,-0.68308014,0.25003073,-0.74748695,-0.3039737,0.17647703,0.24463604,1
0.69344527,0.18874867,-1.2992157,-0.3569432,-0.8830801,0.45003074,-0.94748694,-0.1039737,0.09164303,0.44463605,1
0.61322397,0.38874868,-1.4992157,-0.46280265,-0.7362072,0.254229,-0.74748695,0.0960263,0.29164302,0.24463604,1
0.81322396,0.18874867,-1.2992157,-0.29416478,-0.5362072,0.054229006,-0.54748696,0.2960263,0.09164302,0.04463604,1
0.61322397,0.38874868,-1.4992157,-0.49416476,-0.3570635,-0.145771,-0.34748697,0.49602628,-0.10835698,0.24463604,1
0.41322398,0.5887487,-1.4014869,-0.69416475,-0.1570635,-0.345771,-0.14748697,0.2960263,-0.308357,0.04463604,1
0.21322398,0.3887487,-1.6014869,-0.82914555,-0.3570635,-0.14577101,-0.34748697,0.49602628,-0.508357,-0.15536396,1
0.41322398,0.3382264,-1.6783884,-1.0275985,-0.32314536,-0.345771,-0.21886219,0.2960263,-0.708357,0.04463604,1
0.21322398,0.5382264,-1.4783883,-1.2275985,-0.12314536,-0.14577101,-0.4188622,0.09602629,-0.508357,-0.15536396,1
0.40282026,0.7382264,-1.6783884,-1.4275986,-0.12107563,-0.051933534,-0.6188622,0.2960263,-0.708357,0.04463604,1
0.41229752,0.5382264,-1.4783883,-1.2275985,0.07892437,0.14806646,-0.41886222,0.49602628,-0.90835696,0.20877106,1
0.21229751,0.33822644,-1.4200234,-1.0275985,-0.12107563,0.31456667,-0.21886222,0.6249584,-1.108357,0.40877107,1
0.41229752,0.16405904,-1.6200235,-1.1410477,0.07892437,0.11456667,-0.018862218,0.4249584,-1.308357,0.6087711,1
0.21229751,0.36405903,-1.8200235,-0.9410477,0.27892438,0.31456667,-0.21886222,0.6249584,-1.508357,0.47839528,1
0.012297511,0.564059,-2.0200236,-1.1410477,0.4789244,0.11456667,-0.28817588,0.8249584,-1.308357,0.6783953,1
-0.006389791,0.72499615,-2.106524,-1.2724862,0.31540737,-0.08106552,-0.46321768,0.88596684,-1.0516918,0.45393714,1
0.1936102,0.52499616,-1.906524,-1.1529152,0.5154074,0.11893448,-0.58716273,0.68596685,-0.8516918,0.65393716,1
-0.0063897967,0.72499615,-2.106524,-1.2133396,0.7154074,-0.08106552,-0.7871627,0.48596686,-0.6516918,0.4835508,1
-0.030280178,0.87976074,-2.1937273,-1.2215003,0.49020225,0.11311819,-0.9388872,0.27198213,-0.53792584,0.6501229,1
-0.16601233,1.0797608,-2.0546281,-1.0215002,0.29020226,0.3131182,-1.1175079,0.47198212,-0.5411214,0.4501229,1
-0.36601233,0.8797608,-2.2546282,-0.82150024,0.12454283,0.11311819,-0.91750795,0.6719821,-0.6939062,0.3833155,1
-0.46988833,0.934118,-2.1944182,-0.88946563,0.24062513,-0.077671655,-0.9990432,0.62036765,-0.79914504,0.46313888,1
-0.26320255,1.1060231,-2.0637991,-0.95888084,0.4297098,0.11929798,-1.1693401,0.40995413,-0.8535593,0.25662032,1
-0.42805928,0.83728296,-2.0920444,-0.70130444,0.5819336,-0.07457915,-1.2654481,0.56367683,-0.9736256,0.18973461,1
-0.62805927,0.63728297,-1.8920443,-0.50130445,0.7819336,0.12542085,-1.065448,0.36367685,-0.7736256,-0.010265395,1
-0.42805928,0.43728298,-1.6920443,-0.41210052,0.5819336,0.32542086,-1.1404401,0.56367683,-0.6378159,-0.04975231,1
-0.4602445,0.63701653,-1.8920443,-0.61210054,0.61681134,0.52542084,-1.3404402,0.4045358,-0.8378159,-0.24975231,1
-0.2602445,0.43701655,-2.016013,-0.6014106,0.41681135,0.72542083,-1.1404401,0.6045358,-1.0378159,-0.15061995,1
-0.060244486,0.23701654,-1.9216106,-0.72221327,0.21681134,0.52542084,-1.1253715,0.75309414,-1.237816,-0.35061997,1
-0.259957,0.43653378,-2.01051,-0.8505104,0.4163509,0.5273245,-0.9243492,0.55248314,-1.4362277,-0.5500117,1
-0.059956983,0.6365338,-1.8105099,-1.017496,0.6163509,0.35333383,-0.7243492,0.7524831,-1.4226481,-0.51882774,1
-0.015781196,0.64439917,-1.609381,-1.1745332,0.8157787,0.552946,-0.7797471,0.5520959,-1.6215107,-0.31860426,1
-0.2157812,0.44439918,-1.4093809,-1.0520846,0.6157787,0.4228949,-0.57974714,0.3520959,-1.4215107,-0.5186043,1
-0.4157812,0.64439917,-1.609381,-1.2520846,0.8157787,0.22289489,-0.61754316,0.5520959,-1.2215106,-0.3186043,1
-0.6157812,0.84439915,-1.4093809,-1.0520846,0.6157787,0.02289489,-0.81754315,0.3520959,-1.0215106,-0.5186043,1
-0.4157812,0.64439917,-1.609381,-0.8520846,0.8157787,-0.17710511,-1.0175432,0.5520959,-0.8215106,-0.3186043,1
-0.6036352,0.8161027,-1.4093809,-0.6520846,0.6157787,0.02289489,-0.8175432,0.7355628,-0.6215106,-0.11860429,1
-0.4036352,0.6161027,-1.2093809,-0.8520846,0.7869951,-0.17710511,-0.9610099,0.5355628,-0.5022338,-0.3186043,1
-0.2036352,0.58152616,-1.4093809,-1.0520846,0.90840703,-0.37710512,-1.1610099,0.33556283,-0.3788302,-0.5186043,1
-0.4036352,0.42431337,-1.609381,-1.2520846,1.108407,-0.17710511,-0.9610099,0.5355628,-0.36341524,-0.4635813,1
-0.2036352,0.2671693,-1.4093809,-1.4520847,1.3084071,-0.37710512,-1.1610099,0.7355628,-0.5634152,-0.60864824,1
-0.0032916768,0.42302242,-1.3391993,-1.495965,1.3658648,-0.5225695,-1.2323964,0.54588044,-0.6418046,-0.6498553,1
0.017046824,0.62302244,-1.5391994,-1.295965,1.1658647,-0.3225695,-1.3289212,0.7458804,-0.4418046,-0.44985533,1
0.21704683,0.42302245,-1.7391994,-1.3800068,0.9658647,-0.12256949,-1.1289212,0.54588044,-0.6418046,-0.24985532,1
0.016715504,0.61091346,-1.9015094,-1.1570723,0.9396231,-0.31630006,-1.3030925,0.33915797,-0.8254433,-0.44111198,1
-0.16541043,0.47174358,-1.8965683,-1.2247294,0.80906063,-0.46595004,-1.3565096,0.19382522,-0.92544115,-0.21759853,1
-0.3587208,0.3340208,-2.058186,-1.0059694,0.59791046,-0.26108122,-1.5280143,0.3866154,-0.71216035,-0.3074315,1
-0.15164053,0.510199,-1.9925832,-1.1521732,0.38016033,-0.44051313,-1.6509305,0.30657744,-0.48931372,-0.14576901,1
-0.35164052,0.710199,-1.7928839,-1.0783806,0.5545862,-0.31848183,-1.4509305,0.50657743,-0.28931373,-0.34576902,1
-0.5516405,0.910199,-1.5928838,-0.8783806,0.53609574,-0.51848185,-1.4974288,0.7065774,-0.46141398,-0.3933063,1
-0.35164052,1.110199,-1.6761798,-0.6783806,0.33609575,-0.4975242,-1.2974287,0.74840325,-0.66141397,-0.19330628,1
-0.5516405,1.2095182,-1.523881,-0.7691751,0.13609575,-0.2975242,-1.4974288,0.54840326,-0.47311285,0.006693721,1
-0.7516405,1.0676773,-1.3238809,-0.5691751,0.33609575,-0.09752421,-1.6974288,0.74840325,-0.67311287,0.20669372,1
-0.5516405,1.2676773,-1.4742054,-0.7691751,0.53609574,0.10247579,-1.731841,0.54840326,-0.47311288,0.006693721,1
-0.7516405,1.4676774,-1.6742054,-0.8477848,0.33609575,-0.09752421,-1.5318409,0.34840328,-0.2731129,0.20669372,1
-0.5187259,1.5681723,-1.3862442,-0.98526675,0.5041086,0.096361384,-1.6285074,0.51568174,-0.4448837,0.0062943273,1
-0.3119859,1.3392401,-1.5527005,-0.768661,0.6892191,0.29009435,-1.7898407,0.44083673,-0.33099857,0.20193191,1
-0.46824405,1.2938081,-1.6029575,-0.5200771,0.8132481,0.44822285,-1.8198375,0.2202607,-0.119806625,0.17292424,1
-0.24704655,1.3366096,-1.6604822,-0.66317433,0.5647873,0.2286075,-1.8602235,0.018659629,0.07385625,0.3434546,1
-0.042357076,1.3834447,-1.6750345,-0.7771355,0.6885555,0.38588512,-1.661486,0.19686426,-0.113570094,0.48928455,1
0.15764293,1.2333252,-1.8750346,-0.5771355,0.4885555,0.22762598,-1.6793222,-0.0031357408,0.08642991,0.28928453,1
0.35764295,1.0333252,-2.0750346,-0.7771355,0.2885555,0.42762598,-1.4793222,0.19546184,-0.113570094,0.48928452,1
0.26317802,1.1688224,-2.1417425,-0.92603135,0.46300408,0.5948012,-1.2124137,-0.004300818,0.081909634,0.27415496,1
0.23263313,1.2989154,-2.2221475,-0.87613106,0.6291439,0.37463835,-0.96070874,0.13230161,0.26751226,0.0703678,1
0.43263313,1.4989154,-2.0221474,-1.0761311,0.4291439,0.18397681,-0.76070875,0.33230162,0.06751226,-0.1296322,1
0.21908197,1.5999516,-2.0927048,-0.8250954,0.215796,0.3616097,-0.9047463,0.4734262,-0.12477017,-0.31043074,1
0.3813436,1.4979056,-2.0862465,-0.8742468,0.3783535,0.5110367,-0.6412838,0.6127841,-0.2955246,-0.46446642,1
0.45805004,1.4851646,-1.9997888,-0.9396478,0.35332057,0.6219466,-0.71404296,0.71094537,-0.083555736,-0.410423,1
0.25805002,1.2851646,-1.7997887,-1.1396478,0.17948864,0.82194656,-0.514043,0.7768494,-0.28355575,-0.21042301,1
0.45805,1.0851645,-1.5997887,-0.93964785,0.37948865,1.0219465,-0.648799,0.9768494,-0.45471513,-0.010423005,1
0.65805,0.88516456,-1.3997886,-0.73964787,0.17948864,0.82194656,-0.5986498,0.7768494,-0.25471514,-0.21042301,1
0.85805,0.98987055,-1.1997886,-0.5396479,-0.020511359,1.0219465,-0.7986498,0.9768494,-0.05471514,-0.24265718,1
1.05805,1.1898706,-1.0117881,-0.3396479,0.17948864,1.2219466,-0.9803626,1.1768494,0.14528486,-0.04265718,1
0.85805005,1.3898706,-0.81178814,-0.5396479,-0.020511359,1.4219466,-1.1803626,0.9768494,0.34528488,0.15734282,1
0.96209323,1.4861516,-0.57187665,-0.6913951,0.16777927,1.516135,-1.2903112,0.8986354,0.50971186,-0.039874334,1
0.7597213,1.6809036,-0.7694742,-0.4898657,0.22640415,1.7107936,-1.0869176,0.69646096,0.30874792,0.15962729,1
0.6050737,1.4356003,-0.92101073,-0.27537546,0.31877995,1.8152741,-1.2225853,0.63794285,0.48331589,0.34164974,1
0.8006953,1.2288804,-0.9574922,-0.07496552,0.118133955,2.004314,-1.2673359,0.43556112,0.2817751,0.14087938,1
0.6015054,1.3228079,-0.70126,-0.1825301,-0.075788744,2.0406773,-1.3584087,0.22224548,0.44601065,0.3155743,1
0.47402537,1.1053678,-0.88726103,0.017198544,-0.27150503,2.2058737,-1.1404155,0.41568694,0.30882913,0.50756603,1
0.6205408,0.833526,-0.74708486,0.19996364,-0.43409067,2.2015016,-1.2340523,0.5668316,0.13589278,0.65142,1
0.78257823,0.87342083,-0.94708484,0.39996365,-0.63409066,2.0015016,-1.0340523,0.7668316,0.3358928,0.45142,1
0.58257824,0.67342085,-0.74708486,0.19996364,-0.6858901,2.2015016,-0.83405226,0.5956744,0.5358928,0.65142,1
0.78257823,0.47342086,-0.54708487,0.2950264,-0.4858901,2.4015017,-0.6340523,0.5533781,0.3358928,0.45142,1
0.97344536,0.3421142,-0.74014086,0.09414314,-0.29105714,2.5773213,-0.43001786,0.35009354,0.53091174,0.24908312,1
0.9007079,0.50542873,-0.7223113,-0.098693416,-0.0848952,2.589377,-0.58738387,0.13993654,0.38704857,0.41869316,1
1.055345,0.6763563,-0.88430065,-0.28638354,-0.273154,2.290905,-0.7549339,-0.057588108,0.56285495,0.5931954,1
0.80773705,0.4498426,-1.0239491,-0.45931172,-0.44681853,2.3522627,-0.9017828,0.13448532,0.42872673,0.37131035,1
0.87930286,0.22524722,-1.1034594,-0.23378418,-0.5521026,2.3010092,-0.977604,-0.05906519,0.56683266,0.15444596,1
0.9930954,0.023230636,-0.83129704,-0.031085726,-0.47997138,2.3012452,-1.0835449,0.12967788,0.70558316,0.3261352,1
1.1930954,0.22323065,-0.63129705,0.16891427,-0.27997136,2.1012452,-0.88354486,-0.070322126,0.50558317,0.46812183,1
0.99309546,0.42323065,-0.83129704,0.36891428,-0.07997136,1.9012451,-1.0835449,-0.000974454,0.30558318,0.5304369,1
0.79309547,0.2975995,-1.0312971,0.16891427,-0.15659186,1.9500312,-0.98139405,0.19902554,0.50558317,0.708221,1
0.99309546,0.4715976,-0.99507564,0.36891428,0.04340814,1.8700868,-1.1086102,-0.00097446144,0.70558316,0.50822103,1
1.1869303,0.66812724,-0.7909672,0.56597453,-0.1557827,2.0593898,-0.90391505,0.19799711,0.7621146,0.70456135,1
0.9869303,0.46812725,-0.9909672,0.36597455,-0.14920138,2.2593899,-0.70391506,-0.0020028949,0.5621146,0.50456136,1
1.1495717,0.26812726,-0.7909672,0.36323056,-0.31488273,2.0593898,-0.5039151,0.19799711,0.6709604,0.70456135,1
0.94957167,0.06812726,-0.70587057,0.5632306,-0.51488274,1.8593898,-0.70391506,0.3979971,0.47096044,0.90456134,1
1.1495717,0.26812726,-0.90587056,0.76323056,-0.31488276,1.8347101,-0.8587817,0.19799711,0.27096045,0.70456135,1
1.0823033,0.3831674,-1.1058706,0.5632306,-0.11488275,1.6347101,-0.66252804,-0.0020028949,0.07096045,0.50456136,1
0.8823033,0.38181436,-1.3058707,0.59146744,0.08511725,1.43471,-0.862528,-0.2020029,-0.12903956,0.6229655,1
1.0823033,0.2576522,-1.2404778,0.39146745,0.28511727,1.4573057,-1.041875,-0.4020029,0.07096045,0.42296553,1
0.8823033,0.05765219,-1.0404778,0.19146745,0.48511726,1.6512107,-1.241875,-0.2020029,0.038423236,0.45204008,1
0.6823033,-0.14234781,-0.84047776,-0.008532554,0.28511727,1.4512106,-1.041875,-0.0020028949,0.21515009,0.51692456,1
0.6976589,0.05765219,-1.0404778,0.19146745,0.17790113,1.6512107,-0.841875,-0.029859459,0.4151501,0.31692457,1
0.4976589,-0.14234781,-0.94895744,0.39146745,-0.02209887,1.4512106,-0.641875,0.17014055,0.2151501,0.11692457,1
0.6976589,-0.3423478,-1.1489575,0.19189112,0.17790113,1.6512107,-0.44187504,0.17095645,0.4151501,-0.083075434,1
0.8976589,-0.1423478,-1.3489575,0.39189112,0.0996249,1.455404,-0.57494235,0.0038627833,0.6151501,-0.28307545,1
0.9883015,0.057652205,-1.1489575,0.19189112,-0.1003751,1.255404,-0.77494234,0.20386279,0.8151501,-0.48307544,1
1.0813556,0.16402662,-0.9489575,-0.008108884,0.0996249,1.055404,-0.57494235,0.0038627833,1.0151501,-0.28307545,1
1.2813556,0.3640266,-0.7489575,0.19189112,-0.057932004,0.85540396,-0.536306,-0.19613722,1.2151501,-0.48307544,1
1.0813556,0.5640266,-0.877213,-0.008108884,-0.012866769,1.055404,-0.3404202,0.0038627833,1.4151502,-0.6830754,1
0.89092183,0.72148544,-0.677213,0.19189112,-0.21286677,0.85540396,-0.40302098,0.20386279,1.6151502,-0.8830754,1
1.0909219,0.52148545,-0.55394804,0.2709397,-0.012866765,0.93630093,-0.5389579,0.0038627833,1.8151503,-0.6830754,1
1.2909219,0.72148544,-0.35394806,0.070939705,0.18713324,1.1363009,-0.7389579,0.20386279,1.9777495,-0.8830754,1
1.4492148,0.8957077,-0.1496415,-0.12544996,0.37630355,1.2989192,-0.8964614,0.0037547254,1.7280185,-0.663967,1
1.5013505,0.9974694,-0.16552885,-0.29627094,0.16049662,1.36453,-0.8335115,-0.17865044,1.6220398,-0.6248638,1
1.5069581,1.0499113,0.03053256,-0.08527124,0.039494637,1.3857704,-0.9154249,-0.3353867,1.6138577,-0.37631986,1
1.5603293,1.1425431,0.21072966,0.104873486,-0.13269043,1.0839119,-1.0196091,-0.123756886,1.6580462,-0.45613012,1
1.7348593,0.92890555,0.010574409,-0.09375014,-0.32787675,1.2653351,-0.9083765,-0.31907246,1.4369498,-0.64663666,1
1.8292865,1.0673083,-0.0508354,-0.13228516,-0.49907386,1.0072064,-0.66972494,-0.45709422,1.547632,-0.42226654,1
1.8193876,1.1362245,-0.2248903,-0.2979153,-0.2681392,1.0823393,-0.6842701,-0.23050171,1.566866,-0.19927645,1
1.9139607,0.88734674,-0.40270793,-0.47192052,-0.06458185,1.1785607,-0.83056164,-0.40802637,1.3310835,-0.3784313,1
1.9526265,0.9970866,-0.18723756,-0.6206406,0.12508324,0.90387845,-0.5824381,-0.56162274,1.4142336,-0.5342863,1
2.1252358,0.8228141,-0.38231024,-0.41528824,0.3209468,1.0733442,-0.37757188,-0.35702136,1.1987833,-0.72494304,1
2.1761649,0.9572415,-0.17062232,-0.34480673,0.113343045,0.8173541,-0.54054374,-0.5213107,1.3091073,-0.49128893,1
2.2091804,0.70402646,-0.34457693,-0.13463046,-0.08056715,0.94585973,-0.3166121,-0.32246894,1.4030551,-0.6427087,1
2.1930807,0.82293665,-0.4957292,-0.3046146,-0.25540072,1.0430778,-0.47027278,-0.111483656,1.0951428,-0.767119,1
2.160132,0.607878,-0.6280051,-0.41121882,-0.050007865,1.084293,-0.60502666,-0.03849227,1.1690702,-0.69883263,1
2.2377324,0.38672495,-0.4058082,-0.5795202,-0.1721702,0.83843243,-0.38402146,-0.22612377,1.2980685,-0.85221803,1
2.0032723,0.5768028,-0.20232777,-0.76633775,-0.36587644,0.7507908,-0.18090947,-0.41891757,1.431846,-1.034424,1
1.6850829,0.57854176,-0.37595856,-0.9030024,-0.528788,0.8884744,0.017839309,-0.57835275,1.4610307,-1.1535178,1
1.6345286,0.51300126,-0.16691124,-1.0462891,-0.3118826,0.6530749,-0.17279448,-0.50781375,1.5756251,-1.2839236,1
1.3909414,0.33250016,0.031161293,-1.0346953,-0.48206472,0.8033821,0.025620768,-0.6665826,1.6147454,-1.3974831,1
1.5319276,0.12758525,0.22258668,-0.8355151,-0.61962783,0.9344717,0.21725167,-0.44927534,1.74743,-1.153064,1
1.4433728,-0.072414756,0.022586673,-0.6889516,-0.8196278,0.73447174,0.25707224,-0.24927534,1.5474299,-1.3449723,1
1.5401288,0.11956977,-0.16626742,-0.45823348,-0.68557376,0.875764,0.42835692,-0.42104986,1.6376486,-1.4479102,1
1.310347,-0.07864282,0.032982934,-0.25249472,-0.86589354,0.66074646,0.6143929,-0.60724825,1.6380253,-1.6112885,1
1.5086339,0.12121953,0.23271866,-0.052435175,-1.0646845,0.46022385,0.58965373,-0.40678632,1.4363941,-1.6524736,1
1.583888,0.29776758,0.28209776,0.13679124,-1.172351,0.61202145,0.71867037,-0.5624854,1.3818883,-1.3464297,1
1.383888,0.09776758,0.082097754,0.28873086,-0.972351,0.61648285,0.91867036,-0.7624854,1.1818882,-1.1464297,1
1.183888,0.29776758,0.02097379,0.48873085,-1.172351,0.81648284,0.8447726,-0.6388008,1.3818883,-0.9768505,1
1.3623407,0.09624532,-0.08534936,0.6780072,-1.3509833,0.6380255,1.0285053,-0.8257405,1.163486,-1.1585268,1
1.2891626,0.2943644,0.11392269,0.6850903,-1.1436752,0.43524438,1.2207052,-1.0192277,1.3548288,-0.9524408,1
1.4181793,0.089866355,0.29895905,0.842901,-1.2796267,0.22403106,0.9720515,-0.7801779,1.3172367,-1.0975077,1
1.603678,-0.109146684,0.09807222,0.6371396,-1.4663671,0.42023113,0.7651328,-0.971394,1.1072245,-0.95860857,1
1.253565,0.08113723,0.2661956,0.7476137,-1.4881616,0.55390203,0.861919,-1.0461221,1.1674266,-1.034704,1
1.4019167,-0.11463933,0.063843526,0.913943,-1.2423904,0.6317956,0.6383996,-1.2018448,1.3188391,-0.8050452,1
1.5250468,-0.29954097,-0.12962283,1.060489,-0.99236995,0.7918808,0.41736245,-1.1110476,1.4459558,-0.57601136,1
1.5898255,-0.09173824,-0.30378467,1.1616831,-1.0989035,0.91413015,0.28360438,-1.2082784,1.1482888,-0.34653693,1
1.3898255,-0.29173824,-0.103784665,0.9616831,-1.2989036,0.8859918,0.08360438,-1.0082784,1.3482889,-0.45453066,1
1.3684821,-0.49173826,0.09621534,1.1616831,-1.4903961,0.6859918,-0.11639562,-0.8082784,1.1500533,-0.25453067,1
1.1684821,-0.44363183,-0.103784665,0.9616831,-1.6903962,0.8859918,-0.31639564,-1.0082784,0.9500533,-0.39517182,1
1.1589926,-0.41666222,0.09621534,0.7616831,-1.6272224,0.6859918,-0.11639564,-0.8082784,1.1500533,-0.5951718,1
1.348737,-0.6120085,0.29397994,0.78071475,-1.8134333,0.87930566,0.06717811,-1.0006694,0.9428837,-0.39218965,1
1.3824621,-0.6601421,0.49397993,0.58071476,-1.6412047,0.74384177,-0.13282189,-0.8006694,0.7428837,-0.59218967,1
1.544277,-0.83938664,0.677234,0.37152803,-1.7806413,0.53071874,0.065557085,-0.9765229,0.553241,-0.7730739,1
1.3304423,-0.6328064,0.47232258,0.5656462,-1.7252783,0.7231986,-0.13305931,-1.1524477,0.74548906,-0.9408715,1
1.2857763,-0.43280643,0.6723226,0.76564616,-1.5252782,0.5231986,0.066940695,-1.3524477,0.94548905,-0.7408715,1
1.0857762,-0.23280643,0.87232256,0.96564615,-1.473029,0.7231986,0.13075459,-1.1524477,0.74548906,-0.5408715,1
1.2033191,-0.40505046,1.0035543,0.7165451,-1.5003217,0.86399364,-0.06480469,-1.2657149,0.8848546,-0.6933592,1
1.1579033,-0.5229251,1.0401922,0.44643286,-1.4695319,0.91957456,-0.13935606,-1.2667689,0.93760395,-0.7721008,1
1.2571806,-0.57095754,1.1482008,0.48701578,-1.2786324,0.7756388,-0.31418425,-1.3579711,0.7407106,-0.89999497,1
1.1161492,-0.7709575,0.94820076,0.32512206,-1.4358819,0.57563883,-0.114184245,-1.5579711,0.5407106,-0.699995,1
1.3161492,-0.57095754,1.1482008,0.52512205,-1.2358818,0.37563884,-0.31418425,-1.3579711,0.7407106,-0.55774736,1
1.1161492,-0.7304176,0.94820076,0.32512206,-1.0358818,0.41212663,-0.114184245,-1.5516261,0.7659835,-0.35774738,1
0.9323441,-0.5304176,1.1482008,0.52512205,-0.83588177,0.5196255,-0.31418425,-1.351626,0.9659835,-0.55774736,1
0.7323441,-0.7304176,0.97754097,0.44004902,-0.6358818,0.6496422,-0.114184245,-1.151626,0.7659835,-0.35774738,1
0.5323441,-0.9304176,1.177541,0.64004904,-0.4358818,0.44964224,0.08581576,-1.2481875,0.9659835,-0.15774737,1
0.3323441,-1.1304176,0.977541,0.7920708,-0.23588179,0.6496422,0.07172492,-1.4481876,1.1659836,0.029165685,1
0.13234411,-1.3092265,0.77754104,0.5920708,-0.035881788,0.44964224,-0.12827508,-1.6481876,1.3659836,0.20479427,1
0.3323441,-1.5092266,0.977541,0.39207083,-0.23588179,0.24964224,-0.32827508,-1.4481876,1.5659837,0.00479427,1
0.41627476,-1.3092265,0.77754104,0.5920708,-0.035881788,0.049642235,-0.12827508,-1.2481875,1.7659837,-0.015728671,1
0.6162748,-1.1415038,0.57754105,0.7920708,0.16411822,0.24964224,-0.32827508,-1.0481875,1.5659837,0.18427134,1
0.81627476,-0.9415038,0.77754104,0.9920708,-0.035881788,0.44964224,-0.5282751,-0.8481875,1.7659837,0.38427132,1
1.0162748,-0.74150383,0.57754105,0.7920708,-0.18923296,0.24964224,-0.6050112,-0.8198185,1.6605853,0.5842713,1
1.0764691,-0.9415038,0.77754104,0.6621772,0.010767043,0.44964224,-0.5619621,-0.7300419,1.8605853,0.38427132,1
0.8764691,-0.74150383,0.94542336,0.8621772,0.21076705,0.24964224,-0.7619621,-0.9300419,1.6605853,0.18427132,1
0.6764691,-0.68750787,0.7454234,1.0621772,0.010767043,0.09663224,-0.5619621,-0.7300419,1.8605853,0.38427132,1
0.8764691,-0.5500758,0.5454234,1.2621772,0.21076705,0.29663223,-0.7619621,-0.53004193,1.7719209,0.31427747,1
0.6764691,-0.35007584,0.4163102,1.4621773,0.41076705,0.09663223,-0.9619621,-0.7300419,1.971921,0.51427746,1
0.5885874,-0.5500758,0.41989055,1.2841482,0.21076705,-0.103367776,-1.1619622,-0.8293216,1.7719209,0.71427745,1
0.74040526,-0.32868645,0.2064554,1.2694584,0.010109184,0.017678201,-1.2787473,-0.96643084,1.851438,0.83198327,1
0.9311615,-0.12742151,0.40246013,1.0589461,-0.18802428,0.052692086,-1.464212,-1.1549654,1.6352051,0.8021688,1
1.1311616,-0.32742152,0.3769441,1.0504037,-0.38802427,-0.052485235,-1.2642119,-0.9549654,1.5461996,0.6021688,1
1.2374066,-0.118447095,0.16448176,1.1623367,-0.54660916,-0.23470247,-1.3610861,-1.0467625,1.6232132,0.3738437,1
1.328841,-0.3184471,-0.035518244,0.9623367,-0.34660918,-0.034702465,-1.1610861,-1.0683395,1.4232131,0.1738437,1
1.1288409,-0.11844711,-0.23551825,1.0001469,-0.54660916,-0.06253716,-1.0813051,-1.2683395,1.3935047,-0.026156306,1
1.1234242,-0.3184471,-0.035518244,1.2001469,-0.48514792,-0.26253718,-1.2813052,-1.0683395,1.1935047,0.1738437,1
1.3234242,-0.17086615,-0.23551825,1.2849677,-0.2851479,-0.06253718,-1.0813051,-0.8683395,1.1656475,0.3738437,1
1.1234242,-0.047202505,-0.43551826,1.4849677,-0.4851479,0.13746282,-0.9318835,-0.89378166,1.3656476,0.5738437,1
1.3234242,-0.24720252,-0.23551826,1.6121951,-0.2851479,0.33746284,-0.7318835,-1.0937817,1.5656476,0.37445152,1
1.437292,-0.4219183,-0.033510108,1.7097362,-0.08033376,0.5070754,-0.5705436,-1.2206331,1.2884358,0.30454075,1
1.2372919,-0.27450097,-0.2335101,1.747236,0.11966624,0.30707544,-0.7705436,-1.4206332,1.0884358,0.10454075,1
1.437292,-0.07450096,-0.08621283,1.6856161,0.31966624,0.5070754,-0.88344693,-1.4599588,0.8884358,-0.09545925,1
1.4294297,0.115596525,-0.26362917,1.3683934,0.47866192,0.65128356,-0.99795747,-1.5289797,1.0025526,0.09629195,1
1.6294297,-0.08440348,-0.063629165,1.4230574,0.67866194,0.45128357,-0.7979575,-1.3289796,0.80255264,-0.10370805,1
1.4294297,-0.28440347,-0.20259768,1.2230574,0.87866193,0.5548811,-0.81360114,-1.5289797,0.60255265,-0.30370805,1
1.3787068,-0.08440347,-0.0025976747,1.0230573,1.0786619,0.3548811,-1.0136012,-1.3289796,0.80255264,-0.24992044,1
1.5787069,-0.28440347,0.19740233,1.0958307,0.87866193,0.40544838,-0.8136012,-1.1289796,0.8060059,-0.20594293,1
1.7220352,-0.46896982,0.38474065,1.254544,1.0442945,0.19890255,-0.9813067,-1.2866367,0.5866978,-0.005753577,1
1.8218964,-0.590699,0.55427545,1.3787618,0.80030644,-0.0010402778,-1.1197602,-1.0300225,0.36655074,0.18412612,1
1.8268812,-0.7144348,0.32010502,1.4264877,0.9038253,-0.18164961,-0.8310478,-1.1113849,0.34435204,0.34707654,1
1.6268811,-0.5144348,0.520105,1.6264877,0.7038253,0.018350393,-0.6310478,-0.9113849,0.54435205,0.14707653,1
1.7024934,-0.6500963,0.32010502,1.4264877,0.5038253,0.051646557,-0.4310478,-0.7113849,0.34435207,-0.05292347,1
1.5024934,-0.49785486,0.520105,1.6264877,0.30382532,0.25164655,-0.6310478,-0.9113849,0.14435206,0.14707653,1
1.7024934,-0.6978549,0.720105,1.4264877,0.46843517,0.051646546,-0.4310478,-1.1113849,-0.05564794,0.34707654,1
1.8979943,-0.89573157,0.518875,1.332703,0.6668544,-0.14800262,-0.2305014,-1.3082837,0.1440107,0.54578274,1
1.9608437,-1.0241011,0.6718805,1.4325067,0.43633506,-0.3252529,-0.030191395,-1.0358326,-0.05232916,0.47961906,1
1.6283572,-1.1319994,0.8062799,1.5096765,0.3178447,-0.48573267,-0.21287172,-1.1428483,-0.23334384,0.6284843,1
1.4283571,-0.9319994,0.6062799,1.5887516,0.5178447,-0.2857327,-0.012871712,-0.94284827,-0.033343837,0.8284843,1
1.6283572,-0.7319994,0.40627992,1.3887515,0.71784467,-0.48573267,0.18712829,-0.76526964,0.16665617,0.63748693,1
1.4283571,-0.5319994,0.6062799,1.5887516,0.6144943,-0.66056293,-0.012871712,-0.9652696,-0.033343837,0.43748695,1
1.3294168,-0.33199942,0.8062799,1.7411224,0.5552719,-0.46056294,-0.21287172,-0.76526964,0.031361908,0.23748694,1
1.5294168,-0.13199942,0.6062799,1.9411224,0.41569096,-0.26056296,-0.41287172,-0.7978429,-0.1686381,0.03748694,1
1.3294168,0.068000585,0.6934973,2.1411223,0.61569095,-0.46056294,-0.27755076,-0.9978429,0.031361908,-0.16251306,1
1.4456582,0.25332353,0.4664709,2.2129107,0.7710196,-0.24629322,-0.30183023,-0.9795469,-0.15940262,0.013251148,1
1.2022833,0.43753842,0.6004184,2.328891,0.5511362,-0.044681244,-0.48435608,-0.9411013,-0.34688792,-0.1802461,1
1.0219676,0.22793028,0.76804245,2.4266005,0.33693317,0.14903632,-0.65667474,-0.91551507,-0.14094648,0.018954882,1
0.9238068,0.41539764,0.56804246,2.2266004,0.5369332,-0.050963685,-0.45667475,-0.7155151,0.059053525,-0.18104511,1
0.82737076,0.21539764,0.36804247,2.4266005,0.3369332,0.14903632,-0.65667474,-0.91551507,0.25905353,-0.36301202,1
1.0243897,0.4141923,0.5663942,2.3426816,0.13653585,-0.050815806,-0.6269851,-1.1122782,0.058882173,-0.5613783,1
0.8430335,0.6141923,0.7663942,2.1426816,0.27743787,0.1491842,-0.82698506,-0.91227823,-0.14111783,-0.3613783,1
0.6430335,0.49233007,0.694889,1.9426816,0.47743785,0.34918422,-0.6269851,-1.1122782,-0.34111783,-0.16137831,1
0.44303352,0.69233006,0.894889,1.7426815,0.27743787,0.5491842,-0.82698506,-0.91227823,-0.14111783,0.038621694,1
0.60812014,0.66431236,0.694889,1.9426816,0.47743785,0.7491842,-1.026985,-1.1122782,0.058882177,0.2386217,1
0.80812013,0.86431235,0.49488902,2.1426816,0.27743787,0.55650157,-0.82698506,-0.91227823,0.25888216,0.2756307,1
0.76642215,0.70838445,0.29488903,1.9661351,0.47743785,0.75650156,-1.026985,-0.8363399,0.09241669,0.07563071,1
0.96642214,0.50838447,0.09488903,1.7661351,0.27743787,0.95650154,-1.023711,-1.0363399,0.2924167,-0.020041913,1
0.76642215,0.70838445,-0.10511097,1.9661351,0.47743785,0.75650156,-0.93563265,-1.2363399,0.49241668,-0.22004192,1
0.89371705,0.8400456,-0.28215712,2.003174,0.62647337,0.51463526,-1.0501976,-1.1102618,0.6403253,-0.018534135,1
0.69371706,0.6400456,-0.08215712,1.8570722,0.7559998,0.46036562,-1.2501976,-0.9102618,0.8403253,0.18146586,1
0.8673529,0.4270645,0.11436658,1.8971609,0.92779833,0.25268498,-1.4074178,-1.0775098,0.62143606,-0.017987393,1
1.0023689,0.21324006,-0.08041977,1.9694786,0.68348753,0.04947734,-1.5095528,-0.82408404,0.7714243,-0.2047156,1
0.8520581,0.013240054,0.082019635,1.7694786,0.8834875,-0.15052266,-1.3095528,-1.0240841,0.5714243,-0.4047156,1
0.6520581,-0.18675995,0.28201964,1.9343368,0.8196387,0.02283898,-1.2635045,-1.2240841,0.37142432,-0.24589926,1
0.8520581,-0.063870646,0.22616094,1.7343367,1.0196388,-0.17716102,-1.0635045,-1.4240842,0.17142431,-0.045899257,1
0.9572415,0.012158051,0.02616094,1.5343367,0.8196388,-0.37716103,-0.86350447,-1.2394145,-0.028575689,-0.24589926,1
0.8283233,-0.18784195,-0.17383906,1.3343366,1.0196388,-0.577161,-0.6635045,-1.4394145,0.17142431,-0.045899257,1
1.0283233,-0.38784194,-0.033599004,1.1343366,0.9869067,-0.69702893,-0.86350447,-1.2394145,0.37142432,0.14925134,1
1.2283233,-0.23393124,-0.233599,1.3343366,1.1869067,-0.49702895,-1.0635045,-1.0394144,0.5520438,-0.05074866,1
1.4283234,-0.03393124,-0.10701069,1.5343367,0.9869067,-0.29702896,-0.86350447,-0.8394144,0.3520438,-0.25074866,1
1.3614776,0.16606876,0.09298931,1.7343367,0.87907314,-0.49702895,-1.0635045,-1.0394144,0.5520438,-0.05074866,1
1.1567231,0.025515331,-0.070057906,1.9264187,1.074656,-0.29581308,-1.0054553,-1.0337805,0.7489653,-0.24972223,1
0.95672315,0.1658452,0.12994209,1.7264186,0.874656,-0.49581307,-0.87131107,-1.0692893,0.7379273,-0.44972223,1
0.875861,-0.034154803,0.3299421,1.6838149,0.67465603,-0.69581306,-0.6713111,-1.2692894,0.5379273,-0.25805926,1
0.79201406,0.1658452,0.1299421,1.6582298,0.874656,-0.7743528,-0.4713111,-1.43433,0.7379273,-0.05805926,1
0.99201405,-0.034154803,0.3299421,1.8582299,1.074656,-0.5743528,-0.6713111,-1.2343299,0.5471194,-0.055636868,1
0.79201406,-0.2341548,0.1299421,1.6582298,1.274656,-0.7743528,-0.87131107,-1.0343299,0.3471194,-0.0014889576,1
0.5920141,-0.3465044,-0.0700579,1.4582298,1.4746561,-0.9743528,-1.0456927,-1.2343299,0.39676,0.19851105,1
0.5949193,-0.17330232,-0.2653683,1.6294343,1.6455754,-0.84494793,-0.8775144,-1.2889102,0.1933432,-0.0014630979,1
0.7454266,-0.35006005,-0.061298396,1.6959964,1.7306676,-0.9101453,-0.6353315,-1.0211132,0.36885315,-0.18891975,1
0.8492615,-0.13479653,-0.23472016,1.7031432,1.7342877,-0.99722576,-0.7503649,-0.7375928,0.43966344,-0.04676981,1
1.0405035,-0.33200204,-0.034430347,1.8872579,1.656485,-0.7905714,-0.54577106,-0.5331056,0.48301506,-0.24471004,1
1.2405035,-0.53200203,0.16556966,1.8710902,1.4564849,-0.5905714,-0.74577105,-0.33310562,0.68301505,-0.04471004,1
1.4062302,-0.32410285,0.35687178,1.6313305,1.6170728,-0.3812787,-0.9232687,-0.5204216,0.47152287,0.1515952,1
1.4177306,-0.10953871,0.13846204,1.6164141,1.6038296,-0.51306254,-0.99144715,-0.28281844,0.59271604,0.31033364,1
1.1285564,-0.28687125,0.31367654,1.6833985,1.6717356,-0.6608451,-0.861389,-0.07675365,0.7346656,0.43910247,1
0.9285564,-0.08687125,0.11367653,1.4833984,1.4717356,-0.4608451,-0.661389,0.12324635,0.93466556,0.23910247,1
1.1091784,0.111186266,-0.08484125,1.6544936,1.643031,-0.25636628,-0.84659845,0.31769603,1.1151828,0.43156284,1
0.995776,0.29815862,0.047869883,1.393602,1.6056831,-0.4372608,-1.0027832,0.496023,1.2601235,0.6051228,1
1.1437562,0.47648725,-0.14551201,1.5242757,1.3445317,-0.22693925,-0.7678597,0.35744134,1.3966038,0.77009755,1
1.3437562,0.67648727,0.05448799,1.3242756,1.1445316,-0.026939243,-0.5678597,0.15744133,1.5966039,0.57009757,1
1.5437562,0.87648726,0.254488,1.1242756,0.9445316,-0.22693925,-0.7678597,0.15595485,1.3966038,0.77009755,1
1.583354,0.97746485,0.08850632,1.2024599,0.67604464,-0.024461193,-0.87882954,0.32321176,1.4497377,0.8047545,1
1.383354,0.77746487,-0.111493684,1.0024599,0.5659067,0.021369277,-1.0788295,0.5232118,1.6497377,0.6047545,1
1.3381975,0.9733194,0.088130966,1.1973603,0.3643549,-0.17787315,-0.8779953,0.57459444,1.8418931,0.40303797,1
1.5381975,0.7733194,0.28813097,0.9973603,0.5643549,0.022126853,-1.0779953,0.37459445,1.641893,0.60303795,1
1.6377144,0.917053,0.08303622,0.7512658,0.5438069,0.20928596,-1.204116,0.31864735,1.6942401,0.3797388,1
1.786285,0.6969859,-0.11369049,0.53583837,0.3341853,0.09532238,-0.9760152,0.50413275,1.838009,0.56351453,1
1.9743912,0.6159494,0.070844784,0.7149546,0.5309866,-0.104050815,-0.77136844,0.3023116,1.6282005,0.7589426,1
1.9684801,0.3765597,0.24519624,0.82830995,0.6617634,-0.2752577,-0.51726085,0.45474353,1.655073,0.71397185,1
2.097336,0.5576438,0.39312136,0.6076962,0.44661376,-0.072788626,-0.69372874,0.6332625,1.5595558,0.49710932,1
1.9901665,0.35764378,0.19312136,0.4076962,0.6466138,0.12721138,-0.89372873,0.43326253,1.3595557,0.69710934,1
2.065152,0.5258135,0.37068203,0.19584091,0.7982891,-0.068633854,-1.0312989,0.4417761,1.4705365,0.46873438,1
2.1148057,0.32581353,0.17068203,0.3958409,0.59828913,-0.26863384,-0.8775932,0.2417761,1.2705364,0.4396114,1
2.2728515,0.5162835,0.3639637,0.4961888,0.7145819,-0.0673899,-0.6864925,0.24966264,1.443884,0.23526862,1
2.2539551,0.6528782,0.14944966,0.2699702,0.8336233,-0.17415346,-0.5111265,0.0959299,1.4983678,0.39673874,1
2.053955,0.45287824,-0.05055034,0.069970205,1.0336233,-0.37415347,-0.48786604,0.23517752,1.6983678,0.19673873,1
2.0837414,0.23378144,0.13816355,0.24958266,0.77067,-0.5307947,-0.6359199,0.40231386,1.7550074,-0.0030149845,1
2.2756398,0.43224257,0.3369639,0.049406763,0.6006758,-0.3296212,-0.4343735,0.5896986,1.5729681,0.1962862,1
2.230898,0.63224256,0.13696389,-0.15059324,0.8006758,-0.5296212,-0.6343735,0.38969862,1.3729681,0.2538777,1
2.3641934,0.4203817,-0.061306383,-0.34097284,0.5841931,-0.70960015,-0.811478,0.51816803,1.1485484,0.1512471,1
2.3170745,0.56059366,0.028649647,-0.12738687,0.34716728,-0.8219393,-0.9139989,0.28750524,1.2185848,0.31739637,1
2.3630152,0.71404094,0.21465497,0.0681688,0.51367754,-0.58387303,-1.0458157,0.082149416,0.9562415,0.48572877,1
2.3742733,0.47618666,0.38411954,-0.06631596,0.29057816,-0.3556044,-1.1002511,-0.109172,1.0710952,0.6352313,1
2.234679,0.2673388,0.17822114,-0.17755137,0.08767642,-0.1506195,-1.2585967,-0.29926747,1.2303748,0.80847406,1
2.034679,0.23669271,0.37822115,0.02244863,-0.11232358,-0.32736593,-1.4585967,-0.49926746,1.0303748,0.67850125,1
1.8176477,0.4326389,0.17656673,-0.17590317,0.08686253,-0.1261836,-1.6432,-0.6927762,1.2189533,0.8703461,1
1.6176476,0.23263891,-0.023433268,0.024096832,0.28686252,-0.31985712,-1.6054975,-0.49277622,1.2707103,0.67034614,1
1.6301432,0.4199726,0.1713974,0.11186476,0.400428,-0.24397054,-1.7526381,-0.28420463,1.4276526,0.8448651,1
1.7208092,0.58293504,0.34920987,-0.082869984,0.564558,-0.41744748,-1.8359863,-0.07917419,1.1543118,0.6063404,1
1.6844231,0.6865824,0.13084722,0.1027153,0.67046696,-0.54146075,-1.7854257,-0.04853954,1.1723418,0.5970434,1
1.484423,0.4865824,-0.06505865,-0.097284704,0.87046695,-0.34146076,-1.6242231,0.15146047,1.2720207,0.7970434,1
1.284423,0.6865824,-0.26505864,-0.29728472,0.67046696,-0.54146075,-1.8242232,-0.048539534,1.1799308,0.8851997,1
1.3461741,0.44126546,-0.38402063,-0.45097104,0.78939766,-0.30965948,-1.835701,0.1373545,1.2514136,0.9841317,1
1.3731657,0.36478174,-0.17118928,-0.23347136,0.92040914,-0.10201316,-1.8937562,0.3138315,1.3502098,0.72945595,1
1.5201555,0.5235544,0.027839903,-0.032343492,1.0624795,-0.29183635,-1.6366824,0.109995775,1.3162252,0.88084584,1
1.4217006,0.31739664,0.22350375,-0.22792163,1.2384526,-0.090088554,-1.8017274,-0.0882913,1.0949816,0.88387877,1
1.477767,0.10744858,0.38761652,-0.025555583,1.3165597,0.10059767,-1.6568303,-0.09356903,1.1852462,0.8669828,1
1.4589387,0.26734856,0.163146,-0.19613674,1.3187574,0.26139122,-1.6146472,0.09254936,1.2045709,0.92781806,1
1.5406555,0.46734858,0.29966298,0.0038632601,1.1187574,0.06139122,-1.4146471,0.29254937,1.3085619,0.99685276,1
1.6918825,0.2598575,0.4856625,0.19815104,1.281806,0.0028519756,-1.1806128,0.08995614,1.4662923,0.77452505,1
1.3482864,0.4155955,0.6196664,0.35982835,1.3391799,0.18332715,-1.2477267,0.2620474,1.505909,0.88072544,1
1.1482863,0.6155955,0.8196664,0.15982835,1.1391798,0.36337999,-1.4477267,0.4620474,1.3059089,1.0712384,1
1.212766,0.37382278,0.9171767,0.32366094,1.204575,0.506753,-1.1575706,0.5034053,1.3545456,1.1434625,1
0.94113505,0.5332374,0.6664522,0.11491464,1.3052322,0.65676576,-1.2615523,0.281946,1.4445957,1.2164383,1
1.1345096,0.7289801,0.8614215,0.3130862,1.4964927,0.45411375,-1.0553888,0.47914776,1.2373694,1.0105367,1
1.3345096,0.81294566,0.66142154,0.5130862,1.2964927,0.28598067,-1.2553889,0.27914774,1.0373694,1.0294253,1
1.1345096,0.8065516,0.46142155,0.6258335,1.0964926,0.08598067,-1.2113737,0.13802744,0.8373694,0.8294253,1
0.9345096,0.8445769,0.26142156,0.42583352,0.9105722,0.28598067,-1.4113737,-0.06197256,0.6373694,1.0294253,1
0.7345096,1.0445769,0.06142156,0.6258335,0.8749261,0.4859807,-1.4493625,0.13802744,0.7614053,1.2294253,1
0.9345096,1.2445769,-0.043775655,0.8258335,1.0749261,0.6859807,-1.2493625,-0.06197256,0.9614053,1.0294253,1
1.0861199,1.000023,0.14956097,0.9820791,1.2205473,0.46525237,-1.2011677,-0.25079876,1.1118684,1.1769872,1
1.2094266,0.800023,0.34956098,0.7820791,1.0205473,0.26525235,-1.2644124,-0.45079875,0.9118684,1.1482196,1
1.0094266,1.000023,0.36799958,0.9820791,0.8205473,0.06525235,-1.3021564,-0.65079874,1.1118684,0.9482196,1
0.8094266,0.800023,0.29053745,1.0967269,1.0205473,0.2477862,-1.4645206,-0.45079875,0.9118684,1.1482196,1
1.0094266,0.60002303,0.49053746,1.296727,0.8205473,0.4477862,-1.2645205,-0.65079874,1.1118684,0.9482196,1
0.8292321,0.75011873,0.29053748,1.496727,1.0205473,0.24778621,-1.4645206,-0.45079875,0.9118684,0.7482196,1
0.6292321,0.55011874,0.49053746,1.296727,1.2205473,0.047786206,-1.6645206,-0.25079876,1.1118684,0.5482196,1
0.8074585,0.3409255,0.28290868,1.0679296,1.3832474,0.24127996,-1.7607425,-0.4389619,1.2774221,0.33907625,1
0.60745853,0.5409255,0.082908675,0.86792964,1.3142351,0.041279957,-1.5607425,-0.6389619,1.4774221,0.53907627,1
0.37957087,0.31759158,0.26354557,0.9948374,1.4105965,-0.14785679,-1.6402322,-0.53685844,1.5626144,0.51373017,1
0.1778524,0.51263833,0.3109637,1.183403,1.5951834,-0.34452787,-1.4535298,-0.33363476,1.3495744,0.7068999,1
0.2964053,0.7126383,0.5109637,1.0926197,1.3951833,-0.14452787,-1.2535298,-0.5336348,1.1495744,0.82280034,1
0.09640528,0.9126383,0.71096367,0.89261967,1.2185167,-0.34452787,-1.0535297,-0.3336348,1.3495744,0.93324053,1
-0.10161535,1.0913793,0.5363392,1.0717431,1.3914133,-0.1417664,-1.2295787,-0.5234387,1.4501721,0.7192306,1
0.098384656,0.8913793,0.33633924,1.2717432,1.1914133,0.058233604,-1.4295788,-0.3234387,1.250172,0.9192306,1
0.29079497,0.6737934,0.13287131,1.1977018,1.1788095,-0.13816044,-1.476221,-0.48399365,1.4132855,1.0907619,1
0.49079496,0.4737934,0.33287132,0.9977018,1.3788096,0.061839566,-1.6582166,-0.28399366,1.2132854,0.8907619,1
0.63181823,0.61626816,0.48737735,1.0954479,1.4440185,0.23948498,-1.3337212,-0.44267264,1.292626,0.997638,1
0.4171987,0.78863275,0.28313306,1.2515895,1.4037141,0.42460588,-1.1608703,-0.62091446,1.4420921,0.77063334,1
0.5730856,0.91797215,0.077191286,1.3249265,1.4890918,0.2085526,-1.2636048,-0.7622412,1.1533159,0.54660594,1
0.7548569,1.0916113,-0.11991299,1.48897,1.329107,0.008350933,-1.0385258,-0.548984,1.3214059,0.33843327,1
0.7647464,0.8916113,0.08008701,1.6889701,1.4464809,0.05190506,-0.83852583,-0.348984,1.1214058,0.53843325,1
0.9647464,0.97447044,-0.11991299,1.8889701,1.2464808,0.25190505,-0.63852584,-0.148984,0.92140585,0.47477227,1
1.0511608,0.9588009,0.08008701,1.6889701,1.4464809,0.05190505,-0.58557206,-0.348984,1.0140175,0.67477226,1
1.2511609,0.7588009,0.28008702,1.5019095,1.465865,-0.11268672,-0.38557208,-0.548984,1.2140175,0.47477227,1
1.0360839,0.9450488,0.07893833,1.677499,1.2477087,0.028944276,-0.39037266,-0.34397852,1.3937362,0.665094,1
1.0041667,0.7450488,-0.121061675,1.477499,1.4477087,-0.17105573,-0.5903727,-0.14397852,1.3915238,0.865094,1
1.1365557,0.51444566,0.074506134,1.3525194,1.3752955,-0.35022184,-0.7402903,0.05287601,1.4259024,1.0052916,1
1.2965446,0.31359863,0.2737667,1.1494148,1.1721295,-0.14981717,-0.53883487,0.25219482,1.6215225,1.2020448,1
1.4564869,0.11055796,0.0717922,0.924002,1.2906785,-0.21473452,-0.71905863,0.05079773,1.3834729,1.3645166,1
1.6499068,0.3093243,-0.0768789,0.93468237,1.0863458,-0.01467599,-0.51699674,-0.14860958,1.5771828,1.1598907,1
1.667396,0.098538406,-0.017379662,1.0227352,0.79889935,-0.19349617,-0.6462582,0.04632027,1.6018468,1.2257246,1
1.7881999,-0.0072246552,0.17487544,0.7878431,0.8236752,-0.30704954,-0.8103684,0.23587386,1.3423946,1.3652598,1
1.8983983,0.1840682,0.3579433,0.7172077,0.7520338,-0.4841475,-0.58279973,0.4161866,1.4727288,1.1126281,1
1.729361,0.36554468,0.37396634,0.7572263,0.5254094,-0.27496427,-0.7450455,0.48559678,1.5920537,1.2187092,1
1.529361,0.3863199,0.17396633,0.5572263,0.3254094,-0.07496427,-0.9450455,0.4655602,1.7920537,1.0187092,1
1.329361,0.1863199,-0.02603367,0.5660089,0.47500026,0.12503573,-1.1450455,0.2655602,1.5920537,1.2187092,1
1.529361,0.3863199,-0.22603367,0.36600894,0.6125113,-0.07496427,-1.3450456,0.390362,1.3920536,1.4187093,1
1.6429659,0.17701177,-0.024733085,0.15771548,0.77191997,-0.26122767,-1.3851948,0.18085192,1.5125182,1.1578252,1
1.5156759,0.37701178,0.17526692,0.3577155,0.57192,-0.061227664,-1.1851947,0.38085192,1.546798,1.3578253,1
1.3144544,0.57647604,0.37491852,0.5571977,0.3715747,0.1386435,-1.3839087,0.18068402,1.7451763,1.1567503,1
1.4781586,0.75786674,0.17072636,0.73905045,0.33199653,-0.059886012,-1.5459484,0.122709975,1.5081441,0.93382055,1
1.6207922,0.5387965,0.35805336,0.90694976,0.34836227,-0.251002,-1.6862645,-0.074647926,1.2634262,0.70873547,1
1.332036,0.4472834,0.5231921,1.0377992,0.5141064,-0.34267437,-1.7684307,0.044349175,1.3720069,0.53048325,1
1.132036,0.24728338,0.32319212,0.93190634,0.3141064,-0.14267437,-1.5684307,-0.15565082,1.2291093,0.73048323,1
1.332036,0.4472834,0.12319212,0.85636455,0.15913427,0.05732563,-1.7684307,-0.35565084,1.0291092,0.53048325,1
1.4281932,0.5104418,-0.016982228,0.65636456,0.10974067,-0.14267437,-1.9684308,-0.24669872,1.2291093,0.33048326,1
1.2090632,0.6993761,0.18016714,0.44925633,-0.027443875,0.05643274,-2.1346557,-0.045971353,1.4068499,0.52222055,1
1.3756205,0.8780303,-0.01936215,0.6338469,-0.22204572,-0.14015983,-1.991366,-0.12165409,1.1782064,0.7050793,1
1.4292535,1.0590371,0.052086458,0.63661516,-0.021657303,-0.3341667,-1.7598047,-0.31598702,1.1524876,0.88913316,1
1.6292535,0.8590371,-0.14791355,0.43661517,0.1783427,-0.1341667,-1.5598047,-0.51598704,1.0321782,1.031166,1
1.4292535,1.0590371,0.052086458,0.41617882,0.3783427,-0.15861002,-1.3598046,-0.715987,1.2321782,1.231166,1
1.4420133,1.1143436,0.22311568,0.459175,0.15784684,0.036633287,-1.3805457,-0.8107182,1.2675867,1.1054454,1
1.4008601,1.2956744,0.022787338,0.2554936,-0.04155441,0.23327209,-1.1637769,-0.99636173,1.4467407,0.8925842,1
1.5136312,1.0939701,0.01866616,0.05246983,0.14981209,0.3723807,-1.2894664,-1.1083478,1.1788074,1.0330507,1
1.2562733,1.2374707,-0.17341615,0.2414461,0.33453804,0.5473885,-1.2048082,-1.2512206,1.3186038,0.79667664,1
1.0039163,1.3662188,0.025266152,0.039391704,0.5080422,0.7103422,-0.9550022,-1.379287,1.2841051,0.94727373,1
1.1387817,1.4289467,-0.16528034,0.22644007,0.29137644,0.5831839,-1.0925139,-1.1154848,1.2418252,1.0852036,1
1.1871029,1.3742478,-0.32389548,0.023444511,0.4357054,0.69445217,-1.1460772,-1.1664455,1.2784721,0.7849135,1
0.93213093,1.4865776,-0.116995715,-0.031123258,0.29314083,0.46691602,-1.2711139,-1.0829018,1.3961357,0.9300634,1
1.0853177,1.262518,-0.31106776,0.16571867,0.48391888,0.2619246,-1.4436035,-0.8663912,1.5662873,0.71641093,1
1.201875,1.3675715,-0.38121563,0.34197623,0.6395189,0.4319365,-1.1628687,-0.6231291,1.65162,0.5991792,1
0.9574964,1.4981352,-0.1731886,0.51796913,0.802332,0.39254293,-0.920218,-0.7866682,1.7696017,0.38149738,1
1.0136232,1.4870625,0.023478832,0.5852016,0.8777453,0.51889175,-0.6306972,-0.86402845,1.7247865,0.5092191,1
1.1318861,1.2003791,0.20842761,0.35925844,1.0051595,0.37262136,-0.5579765,-0.99236655,1.7951528,0.6614534,1
1.203855,1.3056399,0.3807964,0.52142316,0.7506884,0.5228361,-0.7066974,-1.1116999,1.4872365,0.80317384,1
1.4025621,1.2083946,0.3395109,0.72075874,0.66124374,0.32253876,-0.6927657,-1.3104919,1.3550292,0.60261834,1
1.4848241,1.3993472,0.13861467,0.51741344,0.56712264,0.12175158,-0.67020166,-1.1033581,1.5450399,0.40003195,1
1.6739202,1.5889964,0.3364232,0.50583565,0.3647467,-0.07774201,-0.4671586,-0.8975117,1.336335,0.59614867,1
1.3858796,1.6821358,0.5043815,0.28756744,0.53101313,0.031605702,-0.43539098,-0.89048326,1.4445664,0.748593,1
1.3956538,1.4456089,0.6198911,0.42908385,0.6433283,-0.14819545,-0.4955613,-0.95968014,1.4473011,0.83480954,1
1.1048986,1.5207002,0.3880196,0.47336707,0.77931607,-0.034250706,-0.6427652,-0.91577977,1.522264,0.9562631,1
1.091209,1.3843769,0.5580289,0.63902336,0.5497692,0.15729558,-0.733756,-1.0588716,1.6344235,0.7176915,1
0.81162834,1.4428996,0.69034046,0.39982066,0.68281835,0.32539076,-0.850376,-1.1464604,1.6706182,0.4714641,1
0.92223054,1.4977162,0.6843311,0.3003631,0.44015157,0.11430994,-0.5929021,-1.2274734,1.7053112,0.61212665,1
0.9691144,1.2176932,0.82979935,0.09417426,0.600677,0.29492822,-0.36867407,-1.3394492,1.7878213,0.55358756,1
0.76911443,1.0176932,1.0297993,0.29417425,0.800677,0.36252266,-0.5686741,-1.3035903,1.5878212,0.75358754,1
0.9044178,1.1364019,0.7744032,0.46118394,0.93387336,0.5249695,-0.7173586,-1.403213,1.2951725,0.87717414,1
0.69131064,1.3115354,0.9562724,0.25632405,1.0171361,0.3189228,-0.5077321,-1.5733819,1.2290431,0.6645739,1
0.89131063,1.2251732,1.1562724,0.45632404,0.89440763,0.118922785,-0.3077321,-1.3733819,1.0290431,0.46457392,1
1.0913106,1.0251732,0.9562724,0.25632405,1.0756875,-0.08107722,-0.5077321,-1.5733819,1.2290431,0.26457393,1
0.89131063,0.8251732,0.8225565,0.05632405,0.87568754,-0.2810772,-0.3077321,-1.773382,1.0290431,0.06457393,1
1.0913106,1.0251732,0.6225565,0.25632405,0.67568755,-0.0810772,-0.5077321,-1.5733819,1.2290431,-0.13542607,1
1.2913107,0.8251732,0.47056574,0.45632404,0.87568754,0.1189228,-0.7077321,-1.3733819,1.0290431,0.06457393,1
1.3549719,1.0251732,0.6705657,0.656324,1.0756875,-0.0810772,-0.5077321,-1.1733818,0.978172,0.26457393,1
1.5549719,0.8251732,0.71773887,0.45632404,0.87568754,-0.2810772,-0.3077321,-1.094221,1.178172,0.06457393,1
1.547882,0.6790019,0.5177389,0.656324,0.67568755,-0.0810772,-0.5077321,-0.894221,1.378172,-0.13542607,1
1.747882,0.7965613,0.3177389,0.45632404,0.47568756,0.1189228,-0.3077321,-1.094221,1.178172,-0.3354261,1
1.947882,0.5965613,0.15102245,0.52275896,0.67568755,0.31892282,-0.1303374,-1.033461,1.378172,-0.5354261,1
1.747882,0.39656132,-0.048977554,0.45787275,0.5632647,0.20913075,-0.3303374,-0.9173212,1.4382108,-0.73542607,1
1.947882,0.57088184,-0.12285971,0.25787276,0.36326474,0.009130746,-0.1303374,-0.7173212,1.5970759,-0.93542606,1
1.855635,0.3676988,-0.3200888,0.4539431,0.16186354,-0.18923114,-0.3275023,-0.70864975,1.7816527,-1.1256814,1
1.8639376,0.1520601,-0.28323066,0.59295994,0.18237674,0.009764615,-0.38870704,-0.46121585,1.7968546,-1.2020556,1
1.8693296,0.28555307,-0.43766698,0.35590786,0.34632254,0.18998596,-0.1709139,-0.2365859,1.8033553,-1.2698562,1
1.8401537,0.43177864,-0.21134564,0.4943417,0.13011749,0.3467955,-0.32983565,-0.10120991,1.781486,-1.3070714,1
1.6401536,0.63177866,-0.41134566,0.6943417,-0.06988251,0.1467955,-0.12983565,0.08447607,1.9814861,-1.1070714,1
1.8176266,0.821596,-0.20875837,0.8833932,-0.2665786,-0.05255318,0.069305405,0.28099352,1.7596772,-0.97118413,1
1.6178551,0.58875114,-0.38715976,1.0261471,-0.06306063,-0.23920839,0.25507542,0.17614827,1.8561287,-1.1092993,1
1.5809982,0.587877,-0.5133711,1.0720568,0.119730145,-0.38401288,0.04815407,0.18854353,1.7977341,-1.1447592,1
1.6076157,0.35011664,-0.28286403,1.1482204,-0.007022204,-0.16609898,-0.13706353,0.35071832,1.8032521,-1.2138451,1
1.4076157,0.55011666,-0.08286403,0.94822043,0.1929778,-0.366099,0.06293647,0.15071832,2.003252,-1.0138451,1
1.5238745,0.331879,-0.26812956,0.70924544,-0.0066564134,-0.5366107,-0.12992385,-0.04671459,2.088484,-1.1506156,1
1.7238746,0.13187899,-0.37125236,0.50924546,0.1933436,-0.7366107,-0.28865245,0.15328541,1.909227,-0.9506156,1
1.8568666,0.32031974,-0.5513558,0.6845426,-0.006424567,-0.9039888,-0.47163284,0.3409806,1.649695,-0.89409924,1
1.8979411,0.11102313,-0.6933016,0.447104,0.17861867,-1.0186881,-0.2506449,0.49918124,1.7067769,-0.6404691,1
1.9402589,0.28764647,-0.45622483,0.22853154,-0.019774301,-1.1270909,-0.4167742,0.27669463,1.6634622,-0.777299,1
1.8744361,0.42708018,-0.22440138,0.21796012,0.15784146,-1.1622647,-0.54017013,0.37761852,1.632018,-0.8559173,1
1.6744361,0.22708018,-0.024401382,0.017960116,-0.042158544,-1.0363172,-0.71476704,0.4228442,1.832018,-0.6559173,1
1.8421624,0.28937975,0.17257519,0.005164981,-0.2379891,-0.82191765,-0.7237683,0.2190073,1.997031,-0.44806737,1
2.0421624,0.098199025,0.3725752,-0.010398752,-0.037989095,-0.6251963,-0.7789231,0.4190073,1.7970309,-0.24806736,1
1.9467425,-0.09031272,0.50795996,-0.18665521,0.14372794,-0.7320727,-0.8684514,0.5491522,1.7716657,-0.39750287,1
1.7467425,0.10968728,0.46661317,-0.3866552,0.34372795,-0.5320727,-0.73035187,0.3491522,1.9716657,-0.19750287,1
1.8066924,-0.08381555,0.6186565,-0.54445076,0.50461173,-0.30818316,-0.49219796,0.50964576,2.0154343,-0.3689062,1
1.6066923,-0.28381556,0.45169336,-0.74445075,0.7046117,-0.49186987,-0.29219794,0.67508185,1.8154342,-0.5689062,1
1.4066923,-0.08381556,0.65169334,-0.54445076,0.50461173,-0.29186988,-0.49219793,0.47508186,2.0154343,-0.3689062,1
1.2066922,-0.28381556,0.45169336,-0.34445077,0.7046117,-0.25777233,-0.6921979,0.27508187,1.8154342,-0.39677802,1
1.2704985,-0.08381556,0.65169334,-0.17212902,0.6045272,-0.4577723,-0.8921979,0.07508187,1.6154342,-0.19677801,1
1.4704986,0.11618444,0.45169336,0.027870983,0.80452716,-0.6577723,-0.6921979,-0.12491813,1.8154342,-0.39677802,1
1.6704986,0.31618446,0.65169334,-0.17212902,0.64235353,-0.4577723,-0.8870308,-0.09750359,1.6154342,-0.59677804,1
1.6728805,0.484844,0.79998225,-0.349535,0.7912095,-0.24212152,-1.021031,0.09627328,1.705209,-0.74840117,1
1.5699047,0.6131446,0.89528954,-0.49200165,0.52931315,-0.03771162,-1.0931958,-0.0928671,1.705744,-0.8491087,1
1.7201651,0.4221512,1.0645087,-0.6725543,0.32005847,-0.23103121,-1.2568532,0.04695264,1.463428,-0.6308668,1
1.5668372,0.43919608,0.84359545,-0.85144645,0.50747776,-0.4206042,-1.0801315,-0.14934501,1.6231883,-0.8107674,1
1.6947969,0.5466451,0.6173538,-0.62488467,0.67863137,-0.5055921,-1.1937678,-0.33510098,1.3651597,-0.96955484,1
1.8499289,0.34172133,0.805744,-0.41884956,0.8437595,-0.30125144,-1.0804313,-0.13318199,1.1486096,-1.1529423,1
1.9394991,0.54172134,0.91450006,-0.37842777,0.6437595,-0.10125144,-1.1054424,-0.33318198,0.94860965,-0.9529423,1
1.9453121,0.67440057,0.64965,-0.525928,0.6426359,-0.273909,-1.0722208,-0.48478884,1.0443585,-1.048298,1
1.7453121,0.87440056,0.44965,-0.4747865,0.84263587,-0.33736336,-0.8722208,-0.6847888,1.1241702,-0.848298,1
1.545312,0.67440057,0.3195358,-0.6747865,1.0426359,-0.53736335,-1.0722208,-0.8847888,0.9241702,-0.7685632,1
1.7147539,0.8590909,0.51043934,-0.85947007,0.9675198,-0.5241228,-0.9742973,-0.79394895,1.1044874,-0.5586084,1
1.5147538,0.65909094,0.38593,-1.05947,0.8161248,-0.3241228,-1.1742973,-0.99394894,0.9203646,-0.7586084,1
1.3147538,0.45909095,0.58593,-0.85947007,1.0161248,-0.12412278,-1.3742974,-0.79394895,0.72036463,-0.6025025,1
1.5147538,0.25909096,0.78593,-1.05947,1.2161249,-0.3241228,-1.1742973,-0.99394894,0.70172197,-0.5668749,1
1.6728747,0.05764779,0.5716199,-1.2287103,0.9913082,-0.5113222,-1.3407332,-0.7745585,0.7693748,-0.3579148,1
1.4728746,-0.072296664,0.37161994,-1.0287102,1.1913083,-0.7113222,-1.5407332,-0.5745585,0.5693748,-0.1579148,1
1.6420957,-0.26728672,0.27683014,-1.1401377,0.9730693,-0.50191444,-1.7087057,-0.40621305,0.75521916,0.04131088,1
1.6581583,-0.4581657,0.46752283,-0.921787,1.1501721,-0.48084515,-1.5694333,-0.20218796,0.93657416,0.19247463,1
1.7556583,-0.24392474,0.25276566,-1.0599068,1.2756937,-0.26535314,-1.2938924,-0.38000238,1.0738782,0.035931647,1
1.4759792,-0.42118743,0.42957553,-1.151364,1.4001105,-0.4415183,-1.0793244,-0.55029535,1.2086316,0.22384751,1
1.5411205,-0.45313382,0.21110259,-1.2426257,1.4558696,-0.43964112,-0.85796016,-0.32210863,1.2952852,0.021928601,1
1.3395609,-0.65237427,0.08719779,-1.0414132,1.653944,-0.47508827,-0.65719503,-0.12196662,1.4935464,0.22167052,1
1.1298816,-0.6535038,0.2847584,-0.8342664,1.6824979,-0.66935426,-0.48990616,0.077370584,1.6791618,0.41808894,1
1.3298817,-0.4535038,0.084758386,-1.0156726,1.4824978,-0.46935427,-0.28990614,-0.12262942,1.4791617,0.21808894,1
1.1928512,-0.2535038,-0.050603986,-0.8156726,1.6824979,-0.66935426,-0.08990614,-0.32262942,1.6791618,0.41808894,1
1.0214548,-0.4535038,0.016419135,-0.64126253,1.4824978,-0.86935425,-0.28990614,-0.19161718,1.4791617,0.61808896,1
0.8214548,-0.2535038,-0.18358088,-0.44126254,1.2824978,-0.81232077,-0.08990614,-0.39161718,1.6140374,0.41808897,1
1.0214548,-0.4535038,-0.38358086,-0.64126253,1.4824978,-1.0123208,0.11009386,-0.59161717,1.4140373,0.61808896,1
1.2214549,-0.57558787,-0.18358086,-0.63087773,1.2824978,-1.2123208,0.31009388,-0.39161718,1.6140374,0.81808895,1
1.325046,-0.72298425,-0.3575648,-0.40165383,1.2803894,-1.3031,0.3906611,-0.5514912,1.3181314,0.9490379,1
1.4719938,-0.7603381,-0.15208356,-0.58072394,1.2855228,-1.2814955,0.18402852,-0.3392638,1.104969,1.1090661,1
1.5885774,-0.9124265,-0.334518,-0.36172947,1.4114095,-1.0275391,-0.015174658,-0.5123597,0.85981977,1.1624129,1
1.7777601,-0.7124265,-0.13451798,-0.16172947,1.2114094,-0.82753915,0.086807355,-0.71235967,0.6598198,1.3624129,1
1.9195565,-0.66987175,0.06355494,-0.13973531,0.9816446,-0.60907125,0.07179821,-0.71223354,0.83451605,1.5164326,1
2.0209267,-0.7488159,0.2512909,-0.32392636,0.74527216,-0.7714226,0.08732139,-0.8389983,0.86575073,1.2551749,1
1.9678087,-0.861449,0.40973607,-0.47568327,0.8084042,-0.5188061,0.26086485,-0.9433275,0.60444844,1.3211825,1
2.0854526,-1.021124,0.20176807,-0.2652099,0.5852906,-0.30669448,0.05855256,-1.0998918,0.773887,1.1173315,1
2.147421,-0.7715315,0.37750298,-0.43711317,0.7378623,-0.10025057,0.24293706,-0.8455421,0.90451103,1.1459299,1
2.1255648,-0.57153153,0.17750297,-0.23711316,0.9378623,0.09974943,0.042937055,-0.6455421,0.70451105,0.94592994,1
2.3255649,-0.37153155,0.080387734,-0.43711317,1.1378623,0.29974943,-0.15706295,-0.8455421,0.50451106,0.74592996,1
2.235461,-0.5058815,-0.06946459,-0.5639299,1.1841862,0.44234475,-0.30848366,-0.92544395,0.62358606,0.69679326,1
2.3617768,-0.29662713,-0.261312,-0.35291934,1.2780658,0.3143736,-0.12097538,-0.996715,0.4107706,0.48176292,1
2.202914,-0.09662713,-0.461312,-0.5529193,1.4780658,0.5143736,-0.3209754,-0.796715,0.21077059,0.2817629,1
2.1880798,-0.270107,-0.23794924,-0.6856041,1.5280373,0.6505045,-0.47439727,-0.5977807,0.28244847,0.43869057,1
2.1252055,-0.070107,-0.43794924,-0.4856041,1.3280373,0.80090874,-0.27439725,-0.58305323,0.13946123,0.23869057,1
2.2446983,-0.26075488,-0.22971055,-0.6618659,1.4751309,0.58010304,-0.45797184,-0.755941,0.32770783,0.037350956,1
2.3152475,-0.20072842,-0.40695667,-0.8162286,1.2076105,0.35997596,-0.24431178,-0.90532225,0.4997648,0.22478282,1
2.1152475,-0.4007284,-0.60695666,-0.61622864,1.0138102,0.15997596,-0.4443118,-0.70532227,0.2997648,0.4247828,1
2.259591,-0.5880052,-0.78986555,-0.7989412,1.1000407,0.025804568,-0.46044588,-0.8861478,0.097651824,0.26218832,1
2.059591,-0.7880052,-0.6029737,-0.9989412,0.9000407,-0.06154717,-0.2604459,-0.6861478,0.29765183,0.4621883,1
1.859591,-0.5880052,-0.8029737,-0.7989412,1.1000407,0.13845283,-0.22147696,-0.52127993,0.37340873,0.26218832,1
1.659591,-0.3880052,-0.8248245,-0.6983627,0.9000407,-0.061547175,-0.021476954,-0.32127994,0.17340873,0.4621883,1
1.859591,-0.5635717,-1.0248245,-0.49836272,1.1000407,-0.26154718,0.17852305,-0.52127993,0.27473244,0.6621883,1
2.0554242,-0.76202685,-0.90660846,-0.6969498,1.2974105,-0.4606134,0.37775725,-0.32062995,0.07458124,0.86044395,1
2.2133842,-0.5515509,-1.0859818,-0.48768687,1.3475668,-0.25575566,0.17444393,-0.11838146,0.18346022,0.6481336,1
2.1274886,-0.4902999,-1.1336411,-0.60622174,1.3642381,-0.38539767,-0.022528635,-0.2806652,-0.014580437,0.70112836,1
1.9274886,-0.2902999,-1.3336412,-0.40622175,1.1642381,-0.18539767,-0.22252864,-0.4806652,-0.21458045,0.5194379,1
2.0495129,-0.47232962,-1.4774309,-0.37530473,1.3142366,0.014067135,-0.021702925,-0.65571773,-0.014046048,0.30773002,1
2.2300065,-0.26996815,-1.2663537,-0.17378458,1.1045746,-0.18432057,-0.21978046,-0.8482974,-0.21218997,0.50332725,1
2.163987,-0.2918197,-1.0065753,-0.34587237,1.2071561,-0.35562158,-0.38843352,-0.9700162,-0.011279688,0.65080655,1
2.254685,-0.08757428,-0.7692823,-0.13912776,0.9605888,-0.52993166,-0.5612265,-1.1159189,0.09512769,0.72437257,1
2.0546849,0.11242572,-0.5692823,0.06087224,0.8149947,-0.32993168,-0.7612265,-1.0023829,0.2951277,0.6684305,1
1.9582227,0.31242573,-0.61487436,0.26087224,0.6149947,-0.52993166,-0.69414407,-1.2023829,0.49512768,0.8684305,1
2.1582227,0.5124257,-0.41487437,0.46087223,0.6004049,-0.32993168,-0.49414408,-1.0023829,0.69512767,0.6684305,1
2.229757,0.29540613,-0.20545822,0.6248708,0.3785926,-0.5010633,-0.6563301,-1.1368823,0.846365,0.82112217,1
2.4208581,0.49359176,-0.0054382305,0.6154162,0.17793852,-0.42407745,-0.76314116,-0.933451,0.6847298,0.61884737,1
2.5004666,0.66173095,0.017644797,0.3963337,-0.021048065,-0.5659793,-0.5372727,-1.0813848,0.4624633,0.3996072,1
2.4967098,0.42689222,0.20122296,0.18151984,-0.20436946,-0.43778405,-0.68164366,-1.1847012,0.61247885,0.18454635,1
2.2967098,0.22689222,0.13436988,-0.018480167,-0.0043694526,-0.23778404,-0.88164365,-1.3847013,0.81247884,-0.015453652,1
2.0557175,0.1986187,0.3278327,-0.2142087,-0.20037387,-0.037045334,-1.0604967,-1.5537192,0.9779444,-0.21124136,1
2.0913427,0.36957124,0.4893694,-0.32250583,-0.09089552,0.15108013,-1.1686441,-1.2550733,1.0143052,-0.3812741,1
1.8913426,0.25411406,0.6328323,-0.5225058,0.109104484,-0.04891987,-0.9686441,-1.2867655,1.2143053,-0.1812741,1
1.9133147,0.050131455,0.48879412,-0.6693319,-0.084205925,-0.23060025,-0.9294065,-1.3773448,1.3053303,-0.35321367,1
1.9800534,0.2343587,0.27058336,-0.43973684,-0.02442337,-0.4034475,-1.0581886,-1.1031039,1.4104073,-0.51832914,1
1.9070916,0.37997317,0.4116622,-0.3216815,0.15359288,-0.17797409,-1.1006523,-1.1399438,1.4087702,-0.628388,1
2.008876,0.55293953,0.33733675,-0.4973649,0.33711123,-0.360356,-0.85867125,-0.8961313,1.3890142,-0.7643813,1
2.033404,0.3249022,0.494651,-0.27374238,0.49444336,-0.5158416,-0.97457093,-0.74682677,1.4627838,-0.53127044,1
2.2025218,0.51764417,0.2905767,-0.46719173,0.29037198,-0.31147432,-1.1583296,-0.5392656,1.2874964,-0.32668984,1
2.0025218,0.31764418,0.09057669,-0.2671917,0.09037198,-0.5114743,-1.3583297,-0.33926558,1.4874965,-0.3495509,1
1.9616239,0.33392885,0.25879526,-0.3937778,0.25861293,-0.63365775,-1.3575253,-0.4802841,1.5029289,-0.13319397,1
1.9721873,0.49899027,0.054947883,-0.5549228,0.18875681,-0.70623845,-1.4556059,-0.2619432,1.350861,0.062434457,1
2.0952735,0.6742401,0.2459206,-0.72819215,-0.01084509,-0.87415,-1.2111468,-0.28879586,1.1101108,-0.13269457,1
2.2363534,0.46206626,0.4344737,-0.51463336,0.18429926,-1.0465763,-1.1587822,-0.26251858,0.886748,0.065577686,1
2.0363533,0.6620663,0.6344737,-0.5395029,-0.015700743,-0.9215632,-1.3587823,-0.46251857,0.686748,-0.13442232,1
1.8363533,0.86206627,0.83447367,-0.33950293,-0.21570075,-1.1215632,-1.1587822,-0.26251858,0.48674804,0.065577686,1
1.8718349,0.9762612,0.95089775,-0.49591607,-0.38211596,-1.2147932,-1.0894793,-0.42515135,0.63126516,0.07112439,1
2.0718348,0.7762612,0.75089777,-0.29591608,-0.18211596,-1.2185568,-0.88947934,-0.29924846,0.43126518,0.2711244,1
2.1189814,0.9105764,0.8869195,-0.46254987,-0.35640645,-0.9660474,-1.016177,-0.37324557,0.5887924,0.31829318,1
2.12436,1.0173709,0.99569947,-0.2939732,-0.50970984,-1.0681865,-0.7476792,-0.52513576,0.35616288,0.10836539,1
2.1934378,1.0428752,0.9060531,-0.09236508,-0.3044099,-1.2166672,-0.53830695,-0.31957185,0.5466455,-0.09006651,1
1.9934378,0.8428752,0.70605314,-0.29236507,-0.5044099,-1.4166672,-0.33830696,-0.49091542,0.34664553,-0.2900665,1
1.8890915,1.0358933,0.85842115,-0.0917467,-0.5816744,-1.6058439,-0.13738102,-0.68628985,0.44497365,-0.089463525,1
1.8181075,1.0684512,0.9211293,-0.25390312,-0.33216596,-1.571601,-0.29361802,-0.77132577,0.56131166,-0.2519161,1
1.7295821,1.1133302,0.7135927,-0.053339772,-0.13078468,-1.753086,-0.48845917,-0.5653548,0.75335515,-0.20200369,1
1.8948609,1.289698,0.8971534,-0.07403266,-0.3248325,-1.5251395,-0.2832686,-0.3587806,0.543398,-0.00196763,1
1.9728492,1.4029331,1.0332516,-0.2580721,-0.4942645,-1.2479589,-0.24277888,-0.14953269,0.3233974,0.13359237,1
2.0753267,1.2202781,1.1779006,-0.4375128,-0.28105724,-1.000924,-0.42290595,-0.33384487,0.49990612,-0.063427106,1
2.0972424,1.3091165,0.90136266,-0.21892323,-0.07471308,-1.1069306,-0.5533209,-0.12336916,0.64512616,-0.24280931,1
2.1912425,1.37243,0.66900027,-0.18201496,-0.26203722,-0.99103224,-0.6475906,0.07309493,0.42458707,-0.4223771,1
2.1812613,1.1407145,0.84549296,0.017498532,-0.44953865,-0.76963407,-0.8246624,-0.12347218,0.60769135,-0.60554117,1
2.2801435,0.90508807,1.0058984,0.20926149,-0.5850902,-0.5480611,-0.98585665,0.07362959,0.39225137,-0.39018264,1
1.9961002,1.0604396,1.157177,0.39272624,-0.75337046,-0.3339985,-1.1379449,0.26257426,0.1844839,-0.5663377,1
2.0407522,1.1712784,1.1688399,0.17909314,-0.514226,-0.47065365,-0.8715964,0.42985258,0.3572862,-0.71212834,1
2.1226501,0.96764755,1.2545466,-0.020828713,-0.33657897,-0.48607922,-0.66908586,0.22899334,0.55520296,-0.90871865,1
2.302486,0.7609832,1.0453916,-0.06934727,-0.13539325,-0.28359562,-0.46501347,0.028741632,0.7486466,-1.0702884,1
2.3405323,0.89879113,0.7906803,0.122197255,-0.31368756,-0.30527517,-0.6219757,0.21393813,0.8872529,-0.81396586,1
2.3127384,0.6361348,0.9018521,-0.07082665,-0.16523956,-0.09583579,-0.7482742,0.0126883825,0.98976564,-0.92304975,1
2.1914322,0.43613482,1.101852,-0.27082664,-0.011352688,-0.04210591,-0.6303723,-0.18731162,1.1897657,-0.72304976,1
2.2904348,0.22616212,0.8637641,-0.06783541,-0.20242663,-0.23188105,-0.58130246,-0.37095428,1.3310717,-0.7810582,1
2.227868,0.38123178,0.95161134,0.11823047,-0.35999873,-0.028519826,-0.6989296,-0.45461625,1.3696507,-0.51979715,1
2.1561532,0.16094923,1.0227288,-0.0726183,-0.4973265,-0.20294504,-0.7983259,-0.5693473,1.3939834,-0.28400707,1
2.1961315,0.3364348,0.76685196,-0.06341925,-0.27713314,-0.002745019,-0.8213234,-0.5562825,1.4857256,-0.45113498,1
2.188196,0.12459503,0.51766074,-0.24055982,-0.4357277,-0.18515086,-0.9326933,-0.32536444,1.5394388,-0.5483093,1
2.159124,0.2934604,0.28719124,-0.39830202,-0.4582558,0.013424835,-1.0240471,-0.11333968,1.5104792,-0.6765327,1
2.0044327,0.34771737,0.08719124,-0.19830202,-0.6582558,0.014693259,-0.82404715,-0.10387711,1.3104792,-0.80052656,1
1.9623914,0.14771737,-0.112808764,-0.39830202,-0.8582558,-0.100341216,-0.7795748,-0.053435642,1.5104792,-0.70552665,1
1.7623913,-0.01864162,0.08719124,-0.27743396,-0.6582558,0.09965879,-0.5795748,0.14656436,1.4321932,-0.90552664,1
1.9623914,0.18135838,0.28719124,-0.47743398,-0.45825583,0.29965878,-0.69424623,0.34656435,1.4871893,-0.8329746,1
2.1623914,0.38135839,0.2925067,-0.67743397,-0.25825584,0.49965876,-0.49424624,0.3483057,1.4015282,-0.6329746,1
2.0428853,0.569989,0.09069758,-0.5296259,-0.057116553,0.57000667,-0.6806692,0.53758276,1.570208,-0.81668454,1
2.007415,0.68915135,-0.097827256,-0.29501998,0.12788276,0.68916714,-0.7882117,0.3021415,1.5843619,-0.827449,1
2.1044059,0.81840837,-0.2839291,-0.090585865,0.3125821,0.8476741,-0.9420967,0.09737504,1.3197606,-0.5981691,1
2.200572,0.7095421,-0.080147356,-0.2774924,0.107509285,1.0004671,-1.0906352,0.2839757,1.0693054,-0.38022807,1
2.0975382,0.8323343,0.046900563,-0.43695977,-0.08463951,1.0985638,-1.1060032,0.07684729,0.9946513,-0.5309746,1
2.046844,0.70810646,-0.085186616,-0.6067783,-0.27115226,0.93663335,-1.0904019,-0.11731729,1.1380445,-0.6963384,1
1.846844,0.90810645,-0.022379152,-0.8067783,-0.47115225,0.73663336,-1.2904019,0.082682714,0.9380445,-0.49633843,1
1.9385535,0.99015373,0.16822363,-0.57595426,-0.6356442,0.8870797,-1.1259614,-0.111110486,1.077835,-0.51842827,1
1.7385534,0.79015374,0.07687116,-0.77595425,-0.8356442,1.0870798,-0.92596143,-0.3111105,1.277835,-0.48818743,1
1.923584,0.9825078,0.053528674,-0.57150674,-0.63073575,0.8802298,-1.1172668,-0.5071637,1.069512,-0.42781955,1
2.0033252,1.1155424,0.23917134,-0.3504683,-0.7836911,0.6417083,-1.2426699,-0.28976902,0.8202715,-0.48499668,1
1.8033252,1.2123686,0.039171338,-0.1504683,-0.9836911,0.8417083,-1.3988898,-0.08976902,0.6202715,-0.4170707,1
1.8591818,1.210654,-0.1492567,-0.25427857,-0.7273029,0.96436846,-1.4838463,0.10229963,0.39003208,-0.40921584,1
2.0406113,1.0015396,0.050285675,-0.053789064,-0.5997,1.1538678,-1.2890834,0.29957336,0.58471096,-0.20732905,1
1.8406112,0.9530358,-0.14971432,0.14621094,-0.3997,0.95386785,-1.4890834,0.09957336,0.38471097,-0.0073290467,1
1.6406112,0.881339,-0.34971434,-0.053789064,-0.19969998,0.75386786,-1.6890835,0.19307187,0.58471096,-0.20732905,1
1.8116117,0.681339,-0.29402044,0.14621094,0.00030001998,0.5538679,-1.5962974,-0.006928131,0.38471097,-0.0073290467,1
2.0103478,0.88078535,-0.43005046,0.31058428,0.20017418,0.4832021,-1.795169,-0.1630747,0.5843436,0.19254991,1
2.067202,1.0666722,-0.6218231,0.5039169,0.00017190518,0.27950397,-1.5906247,0.036443118,0.4343431,0.3874239,1
2.0708194,1.1569543,-0.38528517,0.27759194,0.18283321,0.43796983,-1.6355226,-0.14938976,0.4282759,0.20431922,1
2.2050326,0.92923087,-0.5683292,0.46375588,0.33435518,0.23107573,-1.5514022,-0.33926776,0.22166264,0.004194091,1
2.023003,0.885805,-0.35491067,0.6395747,0.51488817,0.029943615,-1.6875972,-0.5196218,0.4063011,0.19675514,1
1.9930319,0.96725214,-0.49750474,0.56503856,0.4786498,0.20615579,-1.6923239,-0.2865567,0.54357886,0.110942654,1
1.8562376,0.8888398,-0.69750476,0.36503857,0.2786498,0.006155789,-1.8560271,-0.4865567,0.34357888,0.07788778,1
1.8202809,0.96389353,-0.79451454,0.343125,0.0696246,-0.17160027,-1.8200946,-0.6077731,0.48120227,0.2459997,1
1.6202809,1.1638936,-0.9945145,0.543125,-0.1303754,-0.37160027,-1.6200945,-0.40777314,0.462895,0.1613009,1
1.8202809,0.9638936,-0.79451454,0.343125,-0.3303754,-0.17160027,-1.8200946,-0.6077731,0.262895,0.24713367,1
1.8366976,0.9109542,-0.5404909,0.13011919,-0.48218012,0.025819048,-1.8365283,-0.73437065,0.42083165,0.40650257,1
1.779834,0.9708432,-0.6356612,-0.061067607,-0.5961451,0.19733927,-1.7589482,-0.8165299,0.5425338,0.18045895,1
1.5289639,0.74602234,-0.7606543,0.13445882,-0.38338938,0.38454512,-1.8958708,-0.983798,0.7186245,0.36820832,1
1.5605996,0.54602236,-0.9441386,0.33445883,-0.5833894,0.58454514,-1.6958708,-0.78379804,0.5186245,0.56820834,1
1.580825,0.31069005,-1.0273107,0.47988528,-0.5637707,0.7044353,-1.7022836,-0.8833425,0.6452458,0.4586231,1
1.3808249,0.51069003,-0.95543,0.67988527,-0.36377072,0.9044353,-1.5022836,-0.72631574,0.8452458,0.6586231,1
1.1808249,0.47958562,-0.75543,0.47988528,-0.16377072,1.1044353,-1.3022835,-0.78174555,0.8688793,0.4586231,1
1.1228594,0.2795856,-0.95543,0.4694451,0.036229283,0.90443534,-1.1022835,-0.98174554,0.6960654,0.6586231,1
0.9228594,0.0795856,-0.84351575,0.26944512,0.06453867,0.70443535,-0.9022835,-1.1817455,0.70750964,0.46575722,1
0.7228594,0.2795856,-0.64351577,0.4694451,0.26453868,0.8489817,-1.1022835,-1.3817456,0.9075096,0.66575724,1
0.9228594,0.4795856,-0.84351575,0.26944512,0.4645387,0.6489817,-1.3022835,-1.5817456,0.70750964,0.46575725,1
1.1228594,0.2795856,-1.010144,0.06944512,0.508338,0.4489817,-1.5022836,-1.3817456,0.77767456,0.26575726,1
1.3228594,0.3324266,-0.810144,0.26944512,0.308338,0.6489817,-1.7022836,-1.1817455,0.97767454,0.46575725,1
1.4185072,0.49594265,-0.940925,0.4372769,0.2431828,0.41821572,-1.7719318,-0.9144725,1.0347525,0.620137,1
1.2815273,0.6790456,-0.72293586,0.23151597,0.4324226,0.21291758,-1.6874743,-1.0874138,1.2047735,0.7787862,1
1.0815272,0.8790456,-0.52293587,0.03151597,0.2324226,0.012917578,-1.4874742,-0.8874138,1.0047735,0.9787862,1
1.101561,1.068532,-0.4806388,-0.16684242,0.368478,-0.1852596,-1.6710324,-0.95946574,1.0678672,1.1673007,1
0.90156096,0.868532,-0.35576433,-0.1506983,0.168478,-0.35144135,-1.8710325,-0.75946575,0.8678672,0.9673007,1
0.701561,0.9307693,-0.5557643,-0.06072925,-0.021186352,-0.15144135,-2.0710325,-0.55946577,1.0678672,1.1673007,1
0.794368,0.9648491,-0.35576433,0.13927075,-0.22118635,0.048558652,-1.8710325,-0.35946578,1.2678672,0.9673007,1
0.994368,1.1648492,-0.54285413,0.33927077,-0.021186352,0.24855866,-1.6710324,-0.55946577,1.4678673,0.7673007,1
0.78099793,1.3418773,-0.7303511,0.13692668,-0.10913953,0.44100893,-1.839541,-0.7466831,1.2465276,0.5792827,1
0.51514035,1.3474879,-0.8248934,0.2987352,0.080561206,0.21368995,-1.8083539,-0.8393742,1.28256,0.690949,1
0.54118836,1.1474879,-0.6248934,0.0987352,-0.1194388,0.41368997,-1.7776951,-0.6393742,1.08256,0.890949,1
0.72156674,1.3118156,-0.41364518,-0.098584004,-0.31098226,0.20803292,-1.9253392,-0.8171533,1.2486066,0.70991755,1
0.83741206,1.3737613,-0.557609,-0.27131823,-0.45637253,0.0072993767,-1.757215,-0.56079674,1.3163242,0.82682663,1
1.0191848,1.1531384,-0.7442979,-0.07006517,-0.6448401,0.20365715,-1.922827,-0.3544576,1.0967104,0.767902,1
0.91694194,0.8896111,-0.50802016,0.0909459,-0.77502847,0.37675312,-1.9519558,-0.51750267,1.2102839,0.9033907,1
1.031933,0.6371258,-0.2845772,-0.10075414,-0.5312638,0.16330068,-1.9881734,-0.6628945,1.3029492,1.0194131,1
0.76327103,0.5418453,-0.2723354,-0.19289528,-0.6709104,-0.033670418,-2.0075767,-0.6146497,1.3789064,1.1187713,1
0.6824392,0.3617636,-0.06891993,-0.2911475,-0.4486753,0.15847595,-2.1033409,-0.3950711,1.5043547,1.1154628,1
0.860897,0.1578146,-0.26235506,-0.32504687,-0.24260461,0.3497248,-2.2471116,-0.19030899,1.370412,0.95631814,1
1.060897,0.3578146,-0.46235508,-0.12504686,-0.04260461,0.1497248,-2.0471115,-0.39030898,1.570412,0.75631815,1
0.860897,0.5578146,-0.2623551,-0.32504687,-0.23209903,-0.050275207,-1.8471115,-0.59030896,1.7704121,0.55631816,1
1.060897,0.7578146,-0.062355086,-0.1607428,-0.2853541,0.1497248,-2.0471115,-0.41825998,1.570412,0.51193285,1
1.1966236,0.90899056,0.13062856,-0.34235418,-0.46061352,-0.013505085,-1.7529562,-0.2071343,1.6801665,0.6756425,1
1.3272798,1.053928,0.31421253,-0.13528614,-0.6278134,-0.20290434,-1.4758502,-0.006780078,1.7868143,0.45202637,1
1.3719786,1.1264226,0.102598846,-0.30119264,-0.7436373,-0.077294596,-1.2884482,-0.00028245043,1.7847855,0.5857252,1
1.455683,0.8597649,0.18479806,-0.09370636,-0.5034188,-0.062986575,-1.3783321,0.18494235,1.8379502,0.7275969,1
1.655683,0.6597649,-0.015201941,-0.29370636,-0.7034188,0.13701344,-1.228006,-0.015057653,1.7209568,0.5275969,1
1.455683,0.8597649,0.18479806,-0.49370635,-0.9034188,-0.06298657,-1.428006,0.0321104,1.5209568,0.7275969,1
1.4566838,0.93239,0.33854854,-0.2584053,-0.88713294,-0.23137778,-1.4323334,-0.12172157,1.5141122,0.7923775,1
1.2301581,1.0491387,0.1356241,-0.057172496,-0.7343491,-0.42227238,-1.5978787,0.07662615,1.6074976,0.70967454,1
0.970571,1.1768852,-0.060652237,-0.24229696,-0.5034409,-0.5862785,-1.6938847,-0.11623759,1.7029473,0.48019364,1
0.770571,0.97688526,-0.26065224,-0.1361331,-0.30344093,-0.5935764,-1.4938847,0.083762415,1.9029473,0.68019366,1
0.8290892,1.1242365,-0.4400446,0.061009765,-0.48091912,-0.58094245,-1.2360017,-0.11103761,2.0088704,0.8408176,1
1.0290892,0.9242365,-0.24004461,0.26100975,-0.52591914,-0.38094246,-1.0515555,0.08896239,2.0816872,1.0408176,1
1.201871,1.0993402,-0.43029982,0.19859791,-0.31870165,-0.17693548,-0.8326978,0.12974317,2.145519,0.8221977,1
1.2906276,0.8279744,-0.2120247,0.36696774,-0.109282255,0.021234272,-0.9507495,-0.0646817,2.1593938,0.94108266,1
1.3820585,0.5822362,-0.011148887,0.5256729,0.084110364,-0.1657454,-1.0669352,-0.20994957,2.1875484,0.68710625,1
1.5820585,0.38223618,0.18885112,0.7256729,0.28411037,-0.36574543,-0.8669352,-0.40994957,1.9875484,0.48710626,1
1.642653,0.17224692,-0.010537759,0.5045231,0.293517,-0.53473413,-0.98190457,-0.57651526,2.0676382,0.27136856,1
1.6761326,0.35773212,0.18207465,0.677052,0.47427356,-0.7060851,-1.1358192,-0.36183402,1.7948145,0.45298874,1
1.7345706,0.14583057,0.06800972,0.44105646,0.6233968,-0.54903483,-1.0577306,-0.4428069,1.8442974,0.603718,1
1.6700761,0.31888866,0.24713044,0.22227697,0.7592501,-0.3218433,-1.1597471,-0.53072894,1.8850366,0.37226638,1
1.813061,0.5030687,0.43349826,0.021597784,0.73305595,-0.118128516,-1.2379268,-0.4592132,1.6336629,0.55481905,1
1.9603274,0.46764126,0.2273816,-0.17357005,0.51909214,0.0797268,-1.0107375,-0.6419446,1.6145618,0.73504597,1
1.7603273,0.26764125,0.4273816,-0.26427937,0.71909213,0.16361141,-0.81073755,-0.8419446,1.4145617,0.8991667,1
1.9603274,0.46764123,0.2273816,-0.32773823,0.9190921,0.3636114,-0.61073756,-1.0419446,1.2145617,0.7347658,1
1.9024944,0.6424876,0.026349986,-0.5078555,1.0769299,0.5423771,-0.78019273,-1.195154,0.9763377,0.51461834,1
1.8018274,0.72200775,0.19398084,-0.60662866,1.0943227,0.63621354,-0.84002036,-1.1956402,1.0081156,0.26962638,1
1.847102,0.85074383,0.36352926,-0.74428266,0.90611243,0.4024977,-0.959635,-0.91868514,1.1147379,0.43332797,1
1.8656882,0.919591,0.14903733,-0.49604845,1.008089,0.1845524,-1.0568684,-0.6849084,1.1982261,0.57720256,1
1.6656882,0.719591,-0.05096267,-0.29604846,1.0102551,0.3403826,-0.85686845,-0.8849084,1.1650904,0.5466352,1
1.8620529,0.89742225,0.14874694,-0.15252039,1.207897,0.4089765,-0.65558857,-1.0827944,1.11167,0.46655914,1
1.877902,0.63513917,-0.046675928,-0.12676294,1.2481518,0.1903139,-0.77918047,-1.168235,1.1945318,0.24275415,1
1.926432,0.40341944,-0.22869433,0.046042223,1.3347517,-0.008980023,-0.90780246,-1.2684966,0.9220348,0.08191862,1
2.0564306,0.58355504,-0.41458187,0.026398344,1.104685,0.18473168,-0.87754536,-1.0333221,1.0446793,0.27263796,1
2.1446965,0.74475485,-0.58414894,-0.16500524,0.9920612,0.23395844,-0.6439946,-1.1722504,0.8028524,0.069041066,1
2.093578,0.843571,-0.7001661,-0.11686035,1.0643907,0.38748124,-0.75360227,-0.8681218,0.8849493,-0.11693316,1
2.2935781,0.643571,-0.6311992,-0.31686035,0.9541628,0.18748124,-0.5536023,-0.6681218,0.68494934,-0.10894964,1
2.259188,0.6998357,-0.75306845,-0.10587575,1.0456742,-0.01134203,-0.6827655,-0.7865204,0.8017662,0.082491845,1
2.244851,0.45627126,-0.5048644,0.08592061,1.0700068,-0.19292198,-0.80582577,-0.9005377,0.9144547,-0.10726643,1
2.2990172,0.61712503,-0.28667942,-0.10727462,0.8181114,-0.3694844,-0.9458288,-0.658751,1.0479782,0.08575834,1
2.4203691,0.7914088,-0.47136286,0.06860297,0.59865844,-0.16415045,-0.7223564,-0.8317247,0.8212909,0.12318527,1
2.220369,0.99140877,-0.27136284,0.26860297,0.39865845,0.035849556,-0.5223564,-1.0182406,0.6212909,0.05832322,1
2.253001,1.109023,-0.36733022,0.06385908,0.38732672,0.2195406,-0.67240554,-1.1339995,0.7644988,0.18515469,1
2.053001,0.909023,-0.16733022,0.2638591,0.5873267,0.019540593,-0.8724055,-0.9339995,0.77115333,0.13488957,1
2.2226758,1.0940956,-0.06081496,0.45761558,0.77672935,-0.17803045,-0.663355,-1.1187359,0.56463873,-0.06423405,1
2.0226758,1.2940956,-0.26081496,0.25761557,0.97672933,-0.37803045,-0.6015059,-0.9187359,0.7646387,0.13576595,1
2.1066575,1.0369865,-0.43676153,0.05460817,1.1153069,-0.47174758,-0.6516958,-0.7497459,0.9142869,-0.060881186,1
2.2275536,1.1945657,-0.22864209,0.24587673,0.88391757,-0.26242834,-0.43620548,-0.5308931,1.0760739,0.13434792,1
2.0275536,1.3945657,-0.028642088,0.045876727,0.6839176,-0.46242833,-0.6362055,-0.3308931,1.2760739,0.16786781,1
1.8275535,1.1945657,0.17135791,-0.15412328,0.88391757,-0.27725,-0.8362055,-0.1308931,1.0760739,-0.032132193,1
1.9849207,1.3652426,-0.02803984,-0.34667724,0.669537,-0.07562567,-1.0144175,0.06765381,1.2492423,0.1643381,1
1.9998807,1.2624092,0.15739691,-0.2016961,0.79589623,0.11384112,-0.9216704,0.24498633,1.3265066,0.16069111,1
2.0467198,0.98844177,0.3325141,-0.37372908,0.7997106,-0.080160305,-0.9520724,0.04185427,1.4202276,0.11170993,1
1.8158494,1.1685754,0.13029896,-0.27030814,0.5896856,0.11783642,-1.132814,0.23781137,1.5931435,-0.08681419,1
1.8040522,1.1435418,0.33029896,-0.20047559,0.38968563,0.31783643,-1.3328141,0.43781137,1.3931434,-0.16645609,1
2.0016356,0.9435418,0.13029896,-0.4004756,0.46485767,0.51783645,-1.132814,0.23781137,1.3511976,-0.3664561,1
1.7772291,1.1280504,0.32582447,-0.19775978,0.3513301,0.3135308,-1.3147587,0.4318804,1.4052062,-0.5587824,1
1.9206947,1.2900778,0.44811225,-0.38638675,0.14700316,0.11028464,-1.0828846,0.41973412,1.170746,-0.7370867,1
2.0040383,1.4081109,0.23446396,-0.17613389,-0.050081566,0.29321635,-0.920838,0.20764686,1.2953433,-0.5075424,1
1.9999027,1.4591694,0.39422438,0.021655662,0.13603315,0.44753516,-0.6540747,0.36989105,1.3568462,-0.30145612,1
2.086054,1.1940051,0.18417293,0.2101846,0.31864285,0.6140241,-0.43057558,0.5403982,1.4762768,-0.09620559,1
1.9699855,0.97554123,0.3770368,0.40256533,0.11643903,0.7989034,-0.6188625,0.3340752,1.6451396,0.1018664,1
2.1063685,0.761997,0.56695926,0.19902767,0.31091264,0.76576596,-0.8045617,0.4324886,1.4199013,0.29659453,1
2.2584004,0.5503085,0.35932723,0.030563174,0.10860586,0.8787243,-0.9836687,0.22765326,1.1945295,0.48626634,1
2.2136073,0.67559713,0.14346235,0.20760503,0.27787668,0.97131115,-1.0658059,0.26739222,0.9848294,0.61793196,1
2.0136073,0.8755971,0.34346235,0.007605031,0.47787666,0.77131116,-1.1862867,0.4673922,1.1848295,0.41793197,1
2.2136073,0.67559713,0.35711497,-0.19239497,0.45081,0.97131115,-0.9862867,0.26739222,0.9848295,0.21793197,1
2.0432537,0.74243,0.15488145,0.0074969195,0.64155823,1.15466,-1.0246185,0.30113667,1.1679862,0.01767705,1
2.15359,0.90476066,0.3099888,-0.18480866,0.42390898,1.3005137,-0.79165816,0.14569004,0.92929536,-0.17503543,1
1.9824228,0.7047607,0.5099888,0.015191346,0.29671222,1.3450887,-0.5916582,-0.054309964,0.7292954,0.024964571,1
2.1824229,0.5047607,0.3099888,0.21519135,0.4967122,1.1450887,-0.5078725,-0.25430995,0.5292954,0.22496457,1
1.9824228,0.3047607,0.25736955,0.41519135,0.29671222,0.9450887,-0.30787253,-0.43753576,0.7292954,0.024964571,1
1.964246,0.5047607,0.45736957,0.61519134,0.2393015,1.1450887,-0.10787253,-0.63753575,0.92929536,0.038326778,1
2.164246,0.7047607,0.60292566,0.41519135,0.4393015,0.9450887,0.09212747,-0.43753576,1.1292953,-0.16167322,1
2.323491,0.8891643,0.78908473,0.6045866,0.23517638,0.7322448,-0.106013015,-0.2334411,1.019331,-0.35543868,1
2.123491,1.0891644,0.58908474,0.4045866,0.03517638,0.9322448,0.09398699,-0.4334411,0.8205862,-0.15543868,1
2.3033051,0.8891644,0.78908473,0.6045866,-0.063265204,0.7322448,-0.106013015,-0.6334411,0.6205862,-0.35543868,1
2.3927724,0.68577504,0.9842203,0.80062956,0.13606232,0.52962714,0.093524754,-0.8293421,0.41851774,-0.15467422,1
2.3414404,0.7391639,0.78422034,1.0006295,-0.06393768,0.72962713,-0.10647525,-0.62934214,0.5210167,-0.35467422,1
2.3232412,0.49287313,0.8997186,1.0975477,-0.2412769,0.48415518,-0.28016233,-0.72110337,0.6591127,-0.14139442,1
2.277276,0.6928731,1.0997186,0.89754766,-0.4412769,0.2841552,-0.3911929,-0.73885506,0.4591127,-0.29439592,1
2.1581464,0.83386856,1.2138281,1.0250174,-0.22533238,0.07859388,-0.55212456,-0.61395645,0.6136138,-0.08815787,1
1.9581463,0.6338686,1.013828,0.8250174,-0.42533237,0.2785939,-0.59097564,-0.41395646,0.4136138,0.11184213,1
1.7581463,0.4338686,0.81382805,1.0250174,-0.62533236,0.078593895,-0.4312918,-0.51948386,0.2136138,-0.08815787,1
1.9581463,0.23386858,1.013828,1.0941547,-0.79372954,-0.12140611,-0.6312918,-0.31948388,0.32854965,-0.28815788,1
2.1482162,0.43187225,1.208243,1.2882,-0.59099764,0.078232266,-0.82746685,-0.1189341,0.13189243,-0.087752245,1
2.2886755,0.56373864,0.98436415,1.0624275,-0.3817374,-0.11888384,-1.0031328,-0.3113806,-0.06649454,-0.28093722,1
2.321905,0.7125591,0.91069883,0.8046347,-0.27000117,0.07568042,-1.1225088,-0.47711205,0.124559015,-0.20591846,1
2.1219049,0.5125591,1.1106988,0.6046347,-0.07000117,0.27568042,-0.9225088,-0.46618137,0.32455903,-0.40591848,1
1.9219048,0.7125591,0.91069883,0.4169213,-0.27000117,0.3405403,-1.1225088,-0.6661814,0.524559,-0.60591847,1
2.0450869,0.87952226,1.0704889,0.20906822,-0.06746696,0.5209714,-0.88911176,-0.83482355,0.69832826,-0.7767423,1
2.0787807,0.63637304,0.8152135,0.008492395,-0.25048298,0.30058995,-1.019954,-0.96911293,0.841285,-0.8767618,1
2.158158,0.7921013,0.58264846,-0.15353385,-0.04781076,0.09526542,-1.1553782,-1.1072283,0.60733986,-0.64093876,1
2.0807247,0.87538224,0.5716781,0.04099949,0.13428442,-0.012599566,-1.1923032,-1.1534351,0.6303779,-0.6389262,1
2.2582178,0.8402641,0.7640629,0.09496042,0.10004084,0.18555109,-1.1382072,-0.94402623,0.42613077,-0.43459472,1
1.9906011,1.0060893,0.7496206,0.2852704,-0.0966753,0.37288496,-1.2614254,-1.1064427,0.6055611,-0.22688779,1
2.089355,0.76883316,0.7176591,0.46284193,-0.28296342,0.16489448,-1.0123678,-1.1941439,0.76832926,-0.40715772,1
2.1322987,0.52980953,0.4821462,0.617369,-0.44983074,-0.032697186,-1.1291959,-1.2167569,0.5293402,-0.5655049,1
2.1526735,0.32980955,0.6821462,0.7741098,-0.64983076,-0.06648397,-0.92919594,-1.0756507,0.7293402,-0.36550492,1
2.2053578,0.49663478,0.45195597,0.91311455,-0.421664,-0.018867837,-1.0584898,-0.8208206,0.8711483,-0.34713772,1
2.1008527,0.28123042,0.61809963,1.0553101,-0.5807001,0.1717259,-1.159471,-0.7915669,0.63629526,-0.5187246,1
2.2428246,0.07918176,0.40755504,0.8337389,-0.70308,-0.027561022,-0.9352729,-0.759629,0.8152036,-0.7005981,1
2.4000354,0.10465462,0.5349213,0.8210524,-0.8872614,-0.22357501,-0.72239363,-0.54982644,0.6044276,-0.4918295,1
2.440637,-0.08950012,0.689866,0.582978,-1.0206056,-0.022129713,-0.5292142,-0.575714,0.37963367,-0.649416,1
2.3447642,-0.2570628,0.79016006,0.6952484,-1.0838417,0.15794063,-0.6121075,-0.3995234,0.15950643,-0.75424236,1
2.3312993,-0.052276134,0.716516,0.453705,-1.1761479,-0.011286219,-0.7439847,-0.18278658,0.32934958,-0.8741967,1
2.3812673,0.13896815,0.4859017,0.23866773,-1.2815403,-0.19876312,-0.888034,-0.3600985,0.12168292,-0.6342365,1
2.5281973,-0.059777055,0.6717998,0.037872728,-1.0593041,-0.05856224,-0.67388827,-0.15680693,0.31506923,-0.66959465,1
2.5576987,0.13145971,0.44231465,-0.15199512,-1.1525797,-0.24240339,-0.44427264,-0.26507518,0.48288,-0.5780439,1
2.5056014,0.30115905,0.58359694,0.043616474,-1.2289325,-0.4019607,-0.5043126,-0.42255998,0.2570203,-0.3434847,1
2.6515462,0.49114642,0.37593308,-0.15325914,-1.0373542,-0.19792573,-0.47289103,-0.21811345,0.3141651,-0.27943698,1
2.6920068,0.27485722,0.5437106,0.044125784,-0.79050565,0.0019582193,-0.63524383,-0.01710003,0.38261542,-0.45261326,1
2.462853,0.46930188,0.48941064,0.038578738,-0.9789178,0.19959553,-0.82547235,-0.2145602,0.57579947,-0.6449784,1
2.262853,0.66930187,0.6894106,-0.16142127,-0.7789178,0.39959553,-0.62547237,-0.4145602,0.37579948,-0.44497842,1
2.0628529,0.86930186,0.8894106,0.038578734,-0.9789178,0.19959553,-0.42547238,-0.6145602,0.42171395,-0.31643164,1
2.2369761,0.66930187,0.6894106,0.106505886,-0.7789178,-0.00040447712,-0.22547238,-0.8145602,0.62171394,-0.11643164,1
2.4369762,0.6485059,0.48941064,0.3065059,-0.9789178,0.19959553,-0.42547238,-0.6145602,0.7010847,-0.24724287,1
2.3569238,0.40087366,0.6161938,0.12491133,-1.0537142,0.35715765,-0.55904585,-0.72805214,0.80538756,-0.39974472,1
2.4421875,0.1918599,0.397518,-0.07171924,-1.1974566,0.15010555,-0.3429345,-0.5506232,0.960273,-0.19078162,1
2.4137025,0.38278258,0.19294256,0.12530917,-1.365085,-0.048738662,-0.13962345,-0.73323524,0.74266154,0.009004839,1
2.2116566,0.46989977,-0.0070509207,0.16287282,-1.5636386,-0.16442864,-0.33930957,-0.5921821,0.9417903,-0.19081864,1
2.1258407,0.66989976,0.17253572,-0.037127182,-1.7636386,-0.0005271435,-0.13930957,-0.3921821,0.7417903,0.009181365,1
2.1025028,0.78636795,0.3367631,0.14723302,-1.775081,-0.1812716,-0.2933579,-0.535318,0.48976508,-0.17249535,1
1.9025028,0.58636796,0.48884928,-0.05276698,-1.9750811,-0.3812716,-0.093357906,-0.33531803,0.6897651,0.027504653,1
1.6938063,0.78235114,0.68533057,-0.07319481,-2.141656,-0.18034565,-0.077724695,-0.13462682,0.60916334,-0.17161423,1
1.7348104,0.5923405,0.44458428,-0.25025854,-2.1450605,-0.34841344,0.11200959,-0.30653298,0.7412294,0.026002623,1
1.7811538,0.3611821,0.3598891,-0.046267156,-2.1588233,-0.1366269,0.2872308,-0.09807246,0.86647993,0.20805421,1
1.9343765,0.48024085,0.15611392,0.15010303,-1.9125731,0.04618176,0.4757267,0.099520914,1.0412991,0.007864042,1
2.0496466,0.41702786,-0.0421439,-0.047916174,-1.6445878,0.15858476,0.6489019,-0.096490294,1.1920223,0.1996123,1
2.0247219,0.21702786,-0.2421439,0.15208383,-1.4445877,0.35858476,0.84890187,0.0022539422,1.030109,0.3996123,1
1.8247218,0.41702786,-0.042143896,0.35208383,-1.2445877,0.55858475,0.6489019,0.20225394,1.1913023,0.1996123,1
2.0247219,0.21702786,-0.2421439,0.29608855,-1.4440309,0.35858476,0.4489019,0.15117146,0.9913023,0.27364385,1
1.8247218,0.41702786,-0.44214392,0.49608856,-1.2440308,0.55858475,0.24890189,0.35117146,0.7913023,0.47364384,1
2.0247219,0.21702786,-0.47351855,0.29608858,-1.4440309,0.35858476,0.048901886,0.5511715,0.9913023,0.6736438,1
2.0329542,0.3889421,-0.62815875,0.08961725,-1.5333096,0.14790447,-0.14092204,0.70058197,1.1110711,0.44174513,1
2.0037668,0.5284938,-0.74315757,0.02762096,-1.5554049,0.31219602,0.05301428,0.4492029,1.1765045,0.21693271,1
1.9897304,0.30916098,-0.5568084,-0.0444658,-1.5849147,0.46244997,0.072850384,0.46471944,1.2428143,0.37643895,1
1.9758469,0.4594283,-0.3219569,-0.22058742,-1.6105719,0.23681499,0.051105265,0.5997925,1.3018864,0.15920514,1
2.073366,0.24720941,-0.49737307,-0.40077803,-1.3441348,0.4162413,0.23927838,0.38096252,1.4311486,-0.038873453,1
2.1362867,0.044362783,-0.27944207,-0.18867153,-1.0751458,0.5790832,0.4127908,0.50902766,1.5327939,-0.22446989,1
1.9362867,-0.15563722,-0.47944206,0.011328474,-0.87514585,0.37908322,0.6127908,0.30902767,1.3327938,-0.4244699,1
1.7362866,0.044362783,-0.67944205,0.21132848,-1.0751458,0.47046667,0.41279083,0.3335455,1.5327939,-0.6244699,1
1.9362867,-0.15563722,-0.47944206,0.011328474,-0.87514585,0.67046666,0.6127908,0.1335455,1.7327939,-0.4244699,1
1.944011,-0.32362822,-0.25429097,-0.17169021,-0.69493276,0.7921206,0.7396358,-0.060473286,1.7588334,-0.5170558,1
2.1131473,-0.12184854,-0.29547518,-0.3663396,-0.83849394,0.5835968,0.6192954,0.13751818,1.5363934,-0.70117795,1
2.046684,0.069148794,-0.0844769,-0.5011,-0.9188645,0.6933302,0.37099463,0.29863772,1.5363693,-0.7973666,1
2.0372396,0.14869252,-0.2579569,-0.2730303,-1.0145597,0.81005055,0.15505385,0.45215282,1.5744984,-0.54167783,1
2.0646667,0.3217956,-0.053486295,-0.14286278,-0.95097303,0.93213874,-0.04147916,0.23270261,1.6376199,-0.315322,1
1.8646667,0.52179563,0.1465137,-0.34286278,-0.75097305,0.7475286,0.039627742,0.2520309,1.8376199,-0.11532201,1
1.92495,0.30001962,0.32306498,-0.1331952,-0.79658276,0.883409,0.22341205,0.048509955,1.8997334,0.078947805,1
2.0027156,0.09426615,0.4929765,-0.31402868,-0.5622653,0.9510898,0.022065308,-0.14277582,1.8395661,-0.11408886,1
2.199025,0.29426616,0.2929765,-0.11402868,-0.3622653,0.87160033,-0.1628589,-0.34277582,1.6961385,0.08591114,1
2.3363683,0.09180416,0.48010114,-0.30582702,-0.5475803,0.65405977,0.036171064,-0.5285998,1.457063,0.27844384,1
2.5249906,-0.10771049,0.27884462,-0.37320587,-0.34602112,0.5664309,0.23511164,-0.32712576,1.251424,0.47629765,1
2.4905615,0.084349915,0.43764997,-0.5238934,-0.13345902,0.33490714,0.3976793,-0.46079782,1.3265591,0.25252795,1
2.6543453,-0.088789254,0.35299662,-0.31953368,-0.22449298,0.13309123,0.5896343,-0.25728735,1.111395,0.0518209,1
2.604874,-0.26354894,0.5046644,-0.109086365,-0.022352278,0.30397886,0.35558006,-0.4173202,1.1967784,0.22981161,1
2.569672,-0.058220062,0.5284489,0.08329011,-0.20370701,0.46171787,0.14253394,-0.19909687,1.2796521,0.3937699,1
2.587444,-0.24123071,0.62138146,0.2646513,-0.0034631074,0.61818075,0.31999722,-0.37283865,1.0651065,0.18102098,1
2.387444,-0.04123071,0.443457,0.34542036,-0.2034631,0.81818074,0.11999722,-0.57283866,0.8651065,0.38102096,1
2.187444,0.1587693,0.61775327,0.14542036,-0.0034631044,0.9871814,-0.080002785,-0.37283868,0.66510653,0.18102096,1
1.9874439,0.3587693,0.41775328,-0.054579645,-0.2034631,1.1871815,0.11999722,-0.57283866,0.46510655,0.38102096,1
2.187444,0.5587693,0.61775327,0.14542036,-0.40346313,1.2144345,0.104996875,-0.37283868,0.66510653,0.58102095,1
2.3171089,0.5859537,0.7936619,0.33524412,-0.45234677,1.3727647,0.29601154,-0.16774677,0.4514043,0.36979592,1
2.1171088,0.38595372,0.5936619,0.5352441,-0.25234675,1.5727648,0.49601156,-0.2364467,0.2514043,0.5697959,1
2.150911,0.5439254,0.365426,0.5523302,-0.048592113,1.6456109,0.30669844,-0.40514198,0.4190267,0.70351887,1
1.950911,0.34392542,0.565426,0.3523302,0.1514079,1.4456109,0.10669844,-0.605142,0.6190267,0.90351886,1
2.150911,0.15094142,0.365426,0.5523302,0.3514079,1.2456108,0.16913846,-0.61822,0.41902673,1.1035188,1
2.0585766,0.35094142,0.565426,0.7523302,0.5514079,1.0456108,-0.030861542,-0.41821998,0.21902673,0.90351886,1
1.8585765,0.5186282,0.365426,0.5523302,0.3514079,0.8456108,0.1417032,-0.61822,0.042763993,1.0105538,1
1.6585765,0.5183533,0.165426,0.7523302,0.15140788,0.9074847,-0.0582968,-0.41821998,0.242764,0.81055385,1
1.4585764,0.3183533,-0.034574002,0.5523302,0.3514079,0.9261181,-0.1598728,-0.26686344,0.44276398,0.61055386,1
1.6585765,0.11835329,0.090102896,0.7523302,0.15140788,0.7261181,0.040127203,-0.06686343,0.642764,0.58845556,1
1.5203352,-0.08164671,0.2901029,0.9523302,-0.04859212,0.5261181,0.2401272,0.13313657,0.84276396,0.38845557,1
1.6934742,-0.28164673,0.4901029,0.7523302,0.15140788,0.5245373,0.040127203,0.2899726,0.8841542,0.18845557,1
1.8934742,-0.23909722,0.2901029,0.5682111,0.34651908,0.46460012,-0.1598728,0.4899726,0.82195383,0.38845557,1
2.0934741,-0.03909722,0.4901029,0.4195884,0.5465191,0.66460013,-0.35987282,0.6899726,1.0219538,0.58845556,1
1.9003162,-0.23909722,0.2901029,0.6195884,0.3465191,0.46460015,-0.5242341,0.610135,1.0967748,0.78845555,1
1.7003162,-0.43725067,0.28109667,0.4195884,0.14651911,0.30247527,-0.5076678,0.6471435,1.2967749,0.98845553,1
1.5003161,-0.63725066,0.3254404,0.6195884,0.22857714,0.50247526,-0.3076678,0.5204418,1.0967748,1.1884556,1
1.7003162,-0.83725065,0.5254404,0.4195884,0.42082658,0.30247527,-0.5076678,0.32044178,1.2967749,1.1149443,1
1.79399,-1.0137546,0.31806847,0.6055533,0.6067635,0.4910931,-0.6916375,0.5086526,1.4628696,0.89421886,1
1.8494538,-0.7901469,0.5030389,0.78218347,0.5729287,0.656227,-0.8657703,0.29969835,1.2262326,0.99419564,1
1.8711904,-0.5901469,0.6108811,0.6149478,0.5757141,0.456227,-0.6657703,0.09969835,1.0262326,1.0855494,1
2.0711904,-0.3901469,0.8108811,0.8149478,0.7757141,0.25622702,-0.51410204,-0.10030165,0.8262326,1.2487504,1
2.0945017,-0.17535432,0.56335723,0.93598926,0.53092605,0.42073455,-0.658548,0.09194225,0.8383405,1.3360441,1
1.9060327,0.024645686,0.36335725,1.1359893,0.73092604,0.22073455,-0.784428,0.29194224,0.71190715,1.136044,1
1.9969268,0.21300761,0.1548943,1.2667767,0.59911287,0.12119765,-0.62808377,0.4664565,0.86466455,1.2668285,1
2.1371455,0.012653657,-0.04387831,1.0377482,0.77736795,-0.07665804,-0.41643506,0.6483214,1.0356936,1.0377986,1
2.3225532,0.21132591,-0.2423556,1.2300202,0.5737631,0.12257185,-0.25263855,0.44552222,0.8304758,0.8325677,1
2.2738464,0.0105644,-0.4126133,1.3338711,0.7095919,0.30088335,-0.42220488,0.22901423,0.59685946,0.836092,1
2.2886739,0.19480321,-0.19669874,1.0489985,0.841507,0.46339116,-0.20557238,0.3969016,0.73721284,0.95853835,1
2.3011568,-0.0048052254,-0.27326658,1.1548886,0.5931706,0.6134058,-0.3750132,0.18206541,0.4967348,1.0712445,1
2.5011568,0.03971274,-0.07326658,0.95488864,0.3931706,0.41340584,-0.1909791,0.050263584,0.3798974,0.8712445,1
2.4675868,-0.15310098,-0.261015,0.9924225,0.28331622,0.58590454,0.008616468,0.23904331,0.5538984,1.0232165,1
2.3423476,-0.22444063,-0.40480682,1.0470393,0.42438906,0.690085,-0.16804956,0.385514,0.6619811,0.9651273,1
2.3311799,-0.022410588,-0.18779553,1.14346,0.5024872,0.8161544,-0.33747932,0.27003562,0.7903848,0.7015757,1
2.1311798,-0.22241059,0.012204468,1.3339787,0.4011374,0.61615443,-0.13747932,0.20043777,0.9903848,0.5015757,1
2.292408,-0.022037856,0.20867512,1.3515828,0.19779213,0.40923303,-0.23277144,0.39377776,1.1705866,0.29655996,1
2.3140452,0.16522674,0.008054301,1.1040924,0.36932513,0.48660618,-0.40180126,0.17991054,1.2725041,0.4610249,1
2.3116317,0.3358212,0.112890735,0.8313011,0.4938511,0.63132536,-0.55334836,-0.018471997,1.3539482,0.24000897,1
2.1116316,0.13582121,0.31289074,0.6313011,0.29385108,0.4417464,-0.4588521,0.181528,1.5539483,0.3455318,1
2.1506317,0.31243202,0.47716907,0.77340287,0.45945546,0.41322997,-0.38580093,-0.017185468,1.6317898,0.50753677,1
2.1760707,0.10408267,0.2565861,0.90111667,0.24018794,0.19739524,-0.5422986,0.1692385,1.6957587,0.2846987,1
2.2073708,-0.089107245,0.16247746,1.0229379,0.40893477,-0.0024198303,-0.6895957,0.34302273,1.466331,0.36906007,1
2.2312272,-0.26795372,0.13058943,0.76272476,0.3264856,-0.18760908,-0.6393223,0.5032906,1.5063279,0.5274228,1
2.2602506,-0.43504477,0.16493028,0.523151,0.11759047,-0.092016675,-0.40842685,0.6538315,1.5863299,0.51775306,1
2.3715672,-0.6121536,-0.03380558,0.6970839,-0.079438955,-0.2814905,-0.5864952,0.43747246,1.3363576,0.32727912,1
2.3447192,-0.3757959,0.15153375,0.6394667,0.10992588,-0.0743019,-0.71711534,0.58123845,1.4008294,0.31172034,1
2.2736006,-0.5144496,0.31408077,0.39264518,-0.080477476,-0.2450773,-0.8194043,0.6346118,1.4302744,0.35620975,1
2.3499782,-0.6787437,0.108379394,0.5630267,0.11354919,-0.4228338,-0.9684578,0.41289133,1.1687893,0.1484029,1
2.4135532,-0.8317305,0.29188097,0.34360462,-0.08182566,-0.5860422,-0.727345,0.5801013,1.030365,-0.048836634,1
2.5233312,-0.9961143,0.33594814,0.13864726,-0.1838409,-0.59205043,-0.5091406,0.3669799,0.84199315,0.14594507,1
2.5375724,-0.7418113,0.1266751,0.20526706,-0.35765907,-0.71905464,-0.2880541,0.5283061,0.97091866,-0.050367836,1
2.6245306,-0.7182227,-0.062115293,0.38853246,-0.5346318,-0.49762145,-0.45254028,0.31474945,0.7390853,-0.24002947,1
2.6103928,-0.5466822,0.12743117,0.39226538,-0.6789367,-0.6447323,-0.47451562,0.10604988,0.77618414,-0.03699469,1
2.4103928,-0.3466822,0.32743117,0.19226538,-0.74981767,-0.4447323,-0.4784807,0.30604988,0.8817025,0.07893771,1
2.4690962,-0.3987279,0.4988821,0.34752193,-0.89840543,-0.6098339,-0.26340696,0.10030956,1.0231515,0.26383922,1
2.3133926,-0.24330917,0.29738706,0.14678401,-0.9130643,-0.805783,-0.46108896,0.29880738,1.2170331,0.46151903,1
2.1133926,-0.4433092,0.09738706,0.346784,-1.1130643,-1.005783,-0.66108894,0.09880738,1.0170331,0.261519,1
2.1422112,-0.595707,0.27538165,0.27514288,-0.84550136,-1.1165601,-0.7973719,0.18390334,1.1269778,0.05696686,1
2.2142549,-0.752237,0.44941127,0.44918555,-0.8373557,-0.86648786,-0.94288486,-0.015217295,0.8763364,-0.13521916,1
1.9946169,-0.8320022,0.60601157,0.43836635,-0.7035273,-0.9952153,-1.0665067,-0.20083448,1.0044056,-0.3128167,1
1.7946168,-0.63200223,0.80601156,0.23836635,-0.5035273,-0.7952153,-1.1755884,-0.29733786,0.89174193,-0.11281671,1
1.8895504,-0.40924653,0.9530199,0.0363454,-0.666469,-0.9427923,-1.3031293,-0.4711406,1.0342344,-0.17248094,1
1.6169028,-0.4838412,1.1034421,0.22618298,-0.61110324,-0.7108536,-1.4384975,-0.6422828,1.1811646,-0.35646492,1
1.6801568,-0.3003219,0.86449164,0.025054144,-0.6137248,-0.589849,-1.5678564,-0.5964043,1.3216181,-0.2319069,1
1.4686106,-0.4511326,0.95983577,0.20292787,-0.59296155,-0.5095145,-1.594049,-0.7006368,1.3720196,-0.3894438,1
1.4537613,-0.2511326,0.81381875,0.40292788,-0.79296154,-0.7095145,-1.3940489,-0.5006368,1.5720197,-0.18944381,1
1.2537613,-0.051132604,0.61381876,0.36484668,-0.9929615,-0.9095145,-1.1940489,-0.50990117,1.6025559,0.010556191,1
1.319344,-0.22791246,0.7385717,0.14960466,-1.0826583,-1.0069269,-1.2651528,-0.6442625,1.555385,-0.1362332,1
1.5193441,-0.027912453,0.9385717,-0.05039534,-0.8826583,-0.8069269,-1.0651528,-0.4442625,1.355385,-0.3362332,1
1.319344,0.116903916,1.1385717,0.10279459,-0.6826583,-0.6069269,-0.9942523,-0.2442625,1.555385,-0.469135,1
1.5193441,0.024269655,0.93857175,-0.097205415,-0.48265833,-0.40692693,-1.0037872,-0.4442625,1.755385,-0.669135,1
1.6955764,0.22426966,1.1385717,0.10279459,-0.6826583,-0.38451678,-0.8037872,-0.6442625,1.555385,-0.469135,1
1.4955764,0.42426968,0.93857175,0.30279458,-0.48265833,-0.58451676,-1.0037872,-0.4442625,1.755385,-0.269135,1
1.6479114,0.21796514,0.7178095,0.4886603,-0.5629801,-0.37370747,-1.169947,-0.6261514,1.8057902,-0.06719151,1
1.6575406,0.3749066,0.8232572,0.6177149,-0.3255861,-0.20250683,-1.2288158,-0.3822495,1.7991548,-0.11226785,1
1.7286726,0.53502214,0.5800184,0.76098543,-0.1168735,-0.20047803,-0.9574411,-0.54185563,1.8604623,-0.29060408,1
1.6563729,0.7031891,0.7462366,0.53668976,0.072860606,-0.0004573263,-1.1073135,-0.51144147,1.7898964,-0.46935654,1
1.7253891,0.46768457,0.5076947,0.31293327,0.13150588,0.18546313,-1.2150708,-0.66124284,1.8494912,-0.250351,1
1.8342079,0.6360648,0.29312313,0.10758504,-0.06525043,0.36720863,-1.036778,-0.43939963,1.9298258,-0.04796652,1
1.6983253,0.81868684,0.091187514,-0.090494074,0.13194874,0.2273985,-0.94676316,-0.2344236,2.0855565,-0.24281242,1
1.7652203,0.61868685,-0.10881249,-0.29049408,-0.06805126,0.4273985,-0.87869275,-0.035957307,1.9019711,-0.042812422,1
1.8441082,0.41185072,0.08969864,-0.48248547,-0.26367462,0.22368562,-1.0610803,0.16136427,1.9791473,0.017125845,1
1.9387382,0.580311,-0.10461553,-0.6473046,-0.060392305,0.40184543,-1.196074,-0.03664413,1.6874355,-0.17344734,1
2.0197942,0.51855874,-0.13423221,-0.4224282,-0.23521611,0.53581506,-0.9406783,-0.2234834,1.7824676,0.02507596,1
1.8821532,0.3525328,-0.32615042,-0.21704984,-0.42469254,0.7180229,-0.7227686,-0.4132435,1.9345312,0.21963358,1
1.8722817,0.49684003,-0.41761726,-0.3750131,-0.20204456,0.8254904,-0.47007596,-0.5514314,1.9193803,0.036712997,1
1.6722816,0.29684,-0.27687052,-0.45005894,-0.0020445585,1.0254904,-0.27007598,-0.35143143,1.9330219,0.23671299,1
1.7278396,0.45850998,-0.44008112,-0.2307675,0.18268366,1.1309468,-0.43381074,-0.13974886,1.9684643,0.40302163,1
1.6736524,0.53633153,-0.59539735,-0.028619634,-0.016107496,1.238034,-0.58956474,0.05604504,1.9069718,0.18884878,1
1.5195093,0.33633155,-0.39539737,0.17138037,0.1838925,1.038034,-0.53487056,-0.14395496,2.1069717,0.38884878,1
1.698093,0.5296516,-0.58798176,0.28174576,0.37911117,1.0649561,-0.49664962,0.055347007,1.8832207,0.58029723,1
1.498093,0.40672308,-0.749997,0.08174576,0.17911117,1.2649561,-0.6966496,-0.14465299,1.6989197,0.38029724,1
1.298093,0.60672307,-0.54999703,-0.118254244,-0.020888835,1.4649562,-0.49664962,-0.344653,1.4989196,0.58029723,1
1.4708128,0.39931667,-0.7363396,0.08025718,-0.21686646,1.6346375,-0.68396366,-0.14201888,1.6679825,0.37337205,1
1.2708127,0.19931667,-0.80249655,0.13460326,-0.41686648,1.4346374,-0.88396364,0.05798112,1.690719,0.17337205,1
1.4121702,0.27012074,-0.9625262,-0.06278931,-0.59227145,1.1854113,-1.040745,0.2476952,1.761042,-0.025566278,1
1.1941149,0.15188432,-0.7511685,-0.2588751,-0.65148884,1.3647758,-1.2222643,0.046984773,1.757039,-0.22220649,1
1.284229,0.32414833,-0.87619615,-0.36743402,-0.4159019,1.0729666,-1.3101596,0.22751711,1.8027827,-0.02045614,1
1.0406498,0.50308084,-1.0329398,-0.5446267,-0.59114647,0.83787876,-1.1578263,0.41033357,1.9222832,-0.21159516,1
0.779923,0.6522918,-0.9353483,-0.31973162,-0.3628909,0.96290463,-1.2597399,0.56624436,1.968974,-0.3818624,1
0.5432566,0.7984044,-0.6888548,-0.11216141,-0.15259188,0.92903376,-1.3674457,0.63131404,2.0318375,-0.5450733,1
0.7036238,0.9451663,-0.46278754,0.08315476,-0.32145327,1.0688301,-1.1051937,0.58000875,2.112829,-0.35049874,1
0.90362376,1.0623899,-0.31066534,0.124754444,-0.12145327,0.86883014,-0.90519375,0.78000873,1.9128289,-0.42191005,1
0.7036238,0.86238986,-0.22782785,-0.07524556,0.07854673,0.66883016,-1.1051937,0.58000875,1.7128289,-0.62191004,1
0.90362376,0.9608874,-0.42782784,-0.27524555,-0.12145327,0.46883017,-1.3051938,0.78000873,1.9128289,-0.82191,1
0.66986847,1.1051955,-0.5977087,-0.17903458,0.07477857,0.636744,-1.4329844,0.93299425,1.6306585,-0.97288543,1
0.44336298,1.2315688,-0.39128837,-0.17775247,0.25927818,0.78954285,-1.540867,0.6916457,1.7273902,-0.75818217,1
0.60471296,1.1895863,-0.17979671,-0.355059,0.431687,0.93009603,-1.6362844,0.6780856,1.4356321,-0.9006193,1
0.80471295,0.9895863,-0.3797967,-0.551619,0.631687,0.7422141,-1.4362843,0.49581176,1.3549281,-1.1006193,1
0.947287,1.0688462,-0.54665756,-0.33152166,0.7841506,0.8883604,-1.54276,0.2789042,1.0889164,-1.2262805,1
1.0355626,0.7842368,-0.3128996,-0.36087194,0.7930768,0.9823744,-1.5730478,0.0712204,1.1634,-1.2873874,1
1.1107184,0.52520406,-0.10149193,-0.50420004,0.8927338,0.9961889,-1.4843668,-0.11576739,1.2256387,-1.3105898,1
1.0963932,0.32520407,0.098508075,-0.30420005,0.6927338,1.1961889,-1.4303601,-0.14420438,1.1346111,-1.1105897,1
0.8719289,0.121787,0.2903612,-0.49043941,0.8683693,1.3580842,-1.5858643,0.05427285,1.2981869,-1.0480496,1
0.6562542,0.2875544,0.3122775,-0.67433286,1.0434464,1.5217373,-1.3535349,0.24834119,1.0725684,-1.2189351,1
0.85625416,0.48755443,0.35346767,-0.690194,0.95609295,1.3607184,-1.1535349,0.4483412,1.2725685,-1.0189351,1
0.97041017,0.35238782,0.14099504,-0.76463026,1.062135,1.2548584,-1.2207834,0.22815798,1.3528898,-1.1198697,1
0.9346724,0.51539856,0.31816116,-0.9000362,1.1776193,0.9842224,-1.3256443,0.026272452,1.4489045,-0.85827297,1
1.1346724,0.67537487,0.27134195,-0.7000362,0.97761935,0.7842224,-1.5256443,0.22627245,1.4829534,-0.658273,1
0.8832196,0.8271863,0.38348326,-0.8504901,1.1127925,0.55206156,-1.4977823,0.40280655,1.5903084,-0.4330455,1
1.0473906,0.8428119,0.510862,-0.99828213,1.2693701,0.727186,-1.2548563,0.19609843,1.344322,-0.6121066,1
0.9668321,0.6428119,0.310862,-0.79828215,1.4693701,0.927186,-1.0548563,-0.003901571,1.1443219,-0.41210663,1
0.82977664,0.4428119,0.510862,-0.59828216,1.3360918,0.727186,-1.0770423,0.19609843,1.344322,-0.6121066,1
0.6088196,0.50318074,0.6872067,-0.7717178,1.4849755,0.89633214,-1.2060554,-0.0037717388,1.4929317,-0.7850822,1
0.7838219,0.29381052,0.8597863,-0.94168544,1.6328989,1.0624485,-0.97496176,0.19016355,1.2529718,-0.56699944,1
0.9604183,0.48206353,0.644091,-1.1145265,1.3988124,1.2324169,-0.75652665,-0.009602456,1.4184079,-0.3582691,1
1.0574993,0.28206354,0.44409102,-1.3145266,1.5126078,1.0324168,-0.55652666,-0.20960246,1.2184079,-0.5582691,1
0.8574993,0.48206353,0.24409102,-1.1145265,1.3126078,1.2324169,-0.4830478,-0.009602457,1.4184079,-0.3582691,1
1.0180899,0.6566453,0.042447895,-1.2655386,1.456238,1.3790356,-0.45623496,0.18330207,1.1730019,-0.53746426,1
0.78764653,0.8247672,0.23342575,-1.4110019,1.3573124,1.1351604,-0.50921184,0.11046207,1.3219088,-0.7100212,1
0.5696475,0.6056312,0.289467,-1.5616585,1.4562345,1.2942659,-0.68748933,0.3009529,1.0875458,-0.49439976,1
0.7436552,0.71095717,0.47293693,-1.7021644,1.2138094,1.0573107,-0.47102603,0.09754357,1.2440633,-0.67094874,1
0.5436552,0.91095716,0.6161729,-1.9021645,1.0138093,0.8573107,-0.67102605,0.042117987,1.0440632,-0.47094876,1
0.5238355,1.1109571,0.42170644,-1.7021644,1.2138094,0.7916139,-0.5083267,0.24211799,1.2440633,-0.6306175,1
0.7232961,1.3099803,0.6212431,-1.501045,1.4127558,0.59117305,-0.70779884,0.042086598,1.0432853,-0.43029663,1
0.4816548,1.327276,0.5934538,-1.5058335,1.3244042,0.7282154,-0.8355607,0.22282255,1.1443508,-0.21197076,1
0.25834617,1.4008849,0.72779083,-1.5646657,1.3982508,0.48450246,-0.94986194,0.38783148,0.86620015,-0.010980107,1
0.43742558,1.1880624,0.5037005,-1.6841198,1.5253009,0.5472691,-1.097378,0.17925815,0.6357923,-0.20135021,1
0.5812709,0.92663336,0.27694565,-1.6967272,1.5733086,0.68143755,-1.183084,0.34584698,0.62364745,-0.001231261,1
0.4782855,1.1266334,0.07694565,-1.4967271,1.3733085,0.48143756,-0.983084,0.14584698,0.42364746,-0.20123127,1
0.32437432,0.9266334,-0.123054355,-1.6967272,1.416653,0.28143758,-1.183084,0.34584698,0.22364746,-0.4012313,1
0.50863105,1.0928086,-0.31335533,-1.8397819,1.5681164,0.07899258,-0.99660325,0.3109106,0.41092834,-0.58318055,1
0.6227578,1.1361437,-0.09961871,-1.7925972,1.5538528,-0.10634351,-1.0515966,0.4489975,0.50140125,-0.336746,1
0.4227578,1.3361437,-0.04678629,-1.5925971,1.3538527,0.093656495,-0.85159665,0.5649086,0.70140123,-0.28028494,1
0.6227578,1.1361437,0.15321371,-1.6032631,1.1538527,0.2936565,-0.65275514,0.36490864,0.9014012,-0.40755534,1
0.7860455,1.2765237,-0.044698644,-1.7227998,1.2934425,0.08947745,-0.81470436,0.5397018,1.0522556,-0.19829401,1
0.91909057,1.3762642,-0.028537143,-1.419398,1.3920342,-0.1030178,-0.94580346,0.6894742,0.96300143,0.0015901484,1
1.0767901,1.3087457,0.16498174,-1.1733059,1.4800478,0.093316376,-1.1024932,0.85585296,0.7341607,0.19397025,1
1.1316636,1.4229069,0.011240645,-0.9179304,1.5844629,-0.10061395,-0.8511466,0.91139466,0.8810124,-0.005686697,1
1.3316636,1.2229068,0.21124065,-0.71793044,1.3844628,0.09938605,-0.6511466,0.71139467,0.6810124,-0.086551,1
1.1316636,1.4229069,0.41124064,-0.9179304,1.1844628,0.29938605,-0.8511466,0.91139466,0.8810124,0.113449,1
1.3316636,1.2712399,0.6112406,-1.1179304,0.9844628,0.49938607,-0.6511466,0.71139467,1.0810124,0.313449,1
1.450879,1.3936422,0.38955054,-0.86951596,1.1219906,0.4054588,-0.57944155,0.8633249,1.2134479,0.26097488,1
1.4962063,1.4443321,0.17179133,-0.96931183,0.9947818,0.5487327,-0.52312434,0.6242381,1.2560328,0.4177856,1
1.657584,1.2159988,0.3633257,-0.7517947,1.1675768,0.73168415,-0.31576684,0.8054703,1.0319871,0.60371876,1
1.4066167,1.1598088,0.5436279,-0.53250015,1.3197569,0.5130928,-0.41381738,0.97031206,1.1889083,0.7522702,1
1.1371855,1.2815626,0.66858673,-0.3133674,1.4323069,0.29507682,-0.57849705,0.7259867,1.3089877,0.8974746,1
0.93718547,1.0815625,0.46858674,-0.1553577,1.3549106,0.095076814,-0.37849706,0.52598673,1.1089877,0.6974746,1
1.1371855,1.2815626,0.29599085,-0.1888397,1.1549106,-0.10492319,-0.57849705,0.32598674,1.3089877,0.69026524,1
0.93718547,1.2124686,0.3160981,0.011160299,0.9549106,-0.30492318,-0.77849704,0.3227194,1.1089877,0.8902652,1
0.7371855,1.4124687,0.11609809,0.2111603,0.7549106,-0.104923174,-0.57849705,0.5227194,0.9089877,0.69026524,1
0.5371855,1.6124687,-0.08390191,0.011160299,0.5549106,-0.075318456,-0.37849706,0.4337065,0.7089877,0.8902652,1
0.3465501,1.5410111,0.11609809,-0.05614899,0.3549106,0.12468155,-0.57849705,0.23370649,0.8864624,0.84353423,1
0.1465501,1.4147793,-0.08390191,-0.256149,0.15491061,-0.075318456,-0.37849706,0.4337065,1.0864624,0.64353424,1
0.3465501,1.2147793,-0.28390193,-0.25395173,0.3549106,0.12468155,-0.48751932,0.6337065,1.2864624,0.84353423,1
0.29803526,1.1717488,-0.08390193,-0.45395172,0.15491061,0.2538621,-0.6875193,0.8337065,1.4864625,1.0435343,1
0.09803526,0.97174877,0.116098076,-0.25395173,-0.045089394,0.45386213,-0.8875193,0.7206493,1.2864624,1.1406541,1
0.29803526,1.1717488,-0.08390193,-0.45395172,0.15491061,0.26843232,-0.6875193,0.9206493,1.3940189,1.3406541,1
0.16954954,1.3332434,-0.28390193,-0.6539517,0.20576957,0.22157004,-0.48751932,0.7206493,1.428975,1.5406542,1
0.36954954,1.5332434,-0.08390193,-0.45395172,0.0057695657,0.021570042,-0.28751934,0.9206493,1.2289749,1.6101216,1
0.5236171,1.3332434,-0.28390193,-0.39281464,0.20576957,0.22157004,-0.08751933,1.1206493,1.0289749,1.7326874,1
0.5102014,1.5332434,-0.48390192,-0.5928146,0.4057696,0.19250901,-0.28751934,0.92064935,1.2289749,1.5345395,1
0.7102014,1.4561654,-0.326531,-0.39281464,0.6057696,0.392509,-0.48751932,0.72064936,1.0289749,1.5924696,1
0.62682456,1.6128927,-0.12322495,-0.5773254,0.7847162,0.5770278,-0.45338216,0.89659435,0.80731523,1.7456355,1
0.4091122,1.7376612,-0.30981174,-0.7450679,0.94385237,0.7447826,-0.24286728,1.0286334,0.63607734,1.4814945,1
0.6091122,1.9376613,-0.10981174,-0.5450679,0.7438524,0.54478264,-0.17094743,0.82863337,0.83607733,1.3914384,1
0.7808102,1.6768794,-0.2989748,-0.3591507,0.91083723,0.7187308,0.028036337,0.8091878,0.9998363,1.5357714,1
0.5808102,1.4768794,-0.35387167,-0.26524347,0.89837724,0.6014823,0.22803634,0.60918784,1.0773573,1.7357714,1
0.7654372,1.2517394,-0.15084216,-0.06395892,1.0767518,0.3935777,0.41960892,0.40113154,1.252208,1.897659,1
0.5654372,1.2651892,-0.35084218,0.13604107,0.87675184,0.19357769,0.61960894,0.60113156,1.452208,1.6976589,1
0.7654372,1.0651891,-0.55084217,-0.06395893,1.0767518,0.15025693,0.41960895,0.71389043,1.252208,1.7617548,1
0.8526401,1.1173705,-0.4379936,0.120146684,1.1275823,0.30933458,0.39115727,0.8071158,1.282539,1.7325528,1
0.7241922,1.3173705,-0.23799358,0.32014668,0.9275823,0.50933456,0.59115726,0.6071158,1.378324,1.5325527,1
0.9001282,1.0882765,-0.42658916,0.11701831,1.0982225,0.30128017,0.38097236,0.3965154,1.5372279,1.6874408,1
0.80795264,1.2882766,-0.6265892,0.19579038,0.8982225,0.10128017,0.18097235,0.1965154,1.3372278,1.4874407,1
0.9611717,1.4882766,-0.56295156,0.3957904,1.0982225,0.30128017,0.38097236,0.3479152,1.215368,1.2874407,1
0.95011127,1.2882766,-0.36295158,0.5957904,0.8982225,0.16560374,0.18097235,0.5479152,1.4153681,1.0874406,1
1.0783309,1.1584784,-0.16295157,0.3957904,1.0982225,0.12587951,-0.01902765,0.62762564,1.215368,1.2874407,1
1.1839187,1.3146544,-0.36295158,0.1957904,0.97466195,0.2262291,0.18097235,0.82762563,1.015368,1.4771175,1
0.9839187,1.1690785,-0.56295156,0.060611308,1.174662,0.026229098,0.27843252,0.62762564,0.815368,1.6771176,1
0.9442007,0.9690785,-0.36295158,-0.1393887,0.97853744,0.2262291,0.078432515,0.42762566,0.615368,1.8771176,1
1.1442007,0.7690785,-0.56295156,0.060611308,1.1785375,0.026229098,0.0941955,0.62762564,0.815368,2.0771177,1
1.257591,0.539201,-0.7137929,-0.13040759,0.9724058,0.21165268,-0.09898729,0.4000728,0.9499456,2.130398,1
1.3826296,0.32175648,-0.48736942,-0.26940548,1.112111,0.011053401,0.0958178,0.18978341,0.7113772,2.2105496,1
1.5826297,0.12175648,-0.28736943,-0.46940547,0.912111,0.2110534,-0.104182206,-0.010216594,0.77872396,2.0105495,1
1.3752557,-0.077826224,-0.08690346,-0.6658353,0.8614938,0.010994447,-0.3025599,0.18877123,0.9735041,2.19876,1
1.1752557,0.12217378,0.11309654,-0.46583533,0.68149155,-0.18900555,-0.5025599,0.38877124,0.77350414,2.39876,1
1.3622683,-0.07709127,-0.08608278,-0.65954745,0.8062846,0.010890623,-0.29970267,0.5832111,0.56808823,2.3006465,1
1.0833744,-0.2582825,-0.2666637,-0.801202,0.5651305,0.17764853,-0.46578324,0.73004735,0.71595097,2.3309045,1
0.8833744,-0.3877772,-0.21761452,-1.001202,0.4442712,-0.022351474,-0.6657832,0.93004733,0.7591334,2.1309044,1
0.89964306,-0.1877772,-0.017614514,-1.201202,0.6442712,-0.22235148,-0.46578324,0.73004735,0.5591334,2.0091825,1
0.69329417,-0.13411409,0.18073043,-1.2070289,0.44023967,-0.41851884,-0.6597416,0.9216076,0.75224465,2.1891353,1
0.8095593,-0.30279517,-0.017463295,-1.2079525,0.5802254,-0.43264145,-0.41664672,1.0164713,0.61221075,2.1651845,1
0.9349288,-0.111899935,-0.20138758,-0.93344074,0.7225481,-0.2154437,-0.20063137,1.1087924,0.752169,2.190341,1
0.7302965,0.08754477,-0.0013788352,-0.7288178,0.9167332,-0.41282514,-0.39810616,0.90306425,0.54868865,2.3752747,1
0.86983204,0.26885587,-0.18829025,-0.4944474,0.67014927,-0.4016938,-0.55923235,1.0313709,0.3260257,2.4078953,1
0.66983205,0.46885586,-0.38829026,-0.29444742,0.5593928,-0.20169379,-0.35923237,0.9498311,0.12602569,2.5692117,1
0.7894911,0.24402334,-0.5339536,-0.44877842,0.54330957,-0.14312342,-0.14452507,1.0436285,0.29591274,2.513437,1
0.5388662,0.34274825,-0.6709224,-0.59306204,0.6794749,0.05199208,0.050710805,1.0785198,0.087675855,2.4804099,1
0.33886623,0.27362743,-0.4709224,-0.79306203,0.4794749,0.25199208,-0.14928919,0.87851983,-0.11232415,2.2804098,1
0.5388662,0.47272223,-0.29702437,-0.59306204,0.2794749,0.13954523,0.050710812,0.67851985,0.087675855,2.090068,1
0.33886623,0.6727222,-0.49702436,-0.39306206,0.07947491,0.33954525,-0.14928919,0.87851983,-0.11232415,2.2900681,1
0.5388662,0.8727222,-0.4671716,-0.19306205,0.2794749,0.32169536,0.050710812,0.67851985,-0.31232417,2.090068,1
0.72314024,0.6727222,-0.6671716,0.006937951,0.4794749,0.121695355,0.096533194,0.47851986,-0.11232416,2.2900681,1
0.9231402,0.8727222,-0.8671716,0.20693795,0.2794749,0.32169536,0.2965332,0.27851987,0.08767584,2.090068,1
1.1231402,0.98052907,-0.6671716,0.006937951,0.4794749,0.121695355,0.49653322,0.078519866,0.10707842,1.890068,1
1.3231403,0.7805291,-0.8671716,-0.19306205,0.6794749,0.32169536,0.6965332,-0.12148014,0.2318804,1.7518501,1
1.1231402,0.98052907,-0.6671716,0.006937951,0.6956718,0.121695355,0.49653322,0.078519866,0.031880394,1.5518501,1
1.2975755,0.7805291,-0.4671716,0.067552455,0.74726367,-0.07830465,0.5787858,0.27851987,0.06730174,1.35185,1
1.4975755,0.98052907,-0.26717162,-0.13244754,0.64944696,-0.27830464,0.6316733,0.078519866,0.26730174,1.15185,1
1.6975756,1.1805291,-0.19071823,-0.14654277,0.44944698,-0.24577504,0.4316733,-0.12148014,0.067301735,1.0760384,1
1.8975756,1.3805292,0.009281769,-0.1827846,0.64944696,-0.04577504,0.6316733,-0.17285788,-0.13269827,0.8760384,1
1.9406648,1.5805292,-0.19071823,-0.3827846,0.84944695,0.15422496,0.83167326,-0.37285787,-0.3326983,0.6760384,1
1.7406647,1.7798917,0.009281769,-0.1827846,1.049447,0.22905156,0.6316733,-0.17285787,-0.13269828,0.8760384,1
1.9406648,1.5798917,-0.19071823,-0.30883652,1.0902961,0.42001453,0.83167326,0.027142137,-0.030336052,0.6760384,1
1.7406647,1.7798917,-0.39071822,-0.10883652,0.97795254,0.62001455,0.6316733,0.22714214,0.16966395,0.4760384,1
1.8589252,1.6782286,-0.56583756,-0.033964302,1.015423,0.7854761,0.4134915,0.4091512,-0.029058319,0.6475641,1
1.9640977,1.6765258,-0.72628194,0.15838863,0.7778673,0.9400883,0.20365876,0.19951837,0.16306867,0.42695078,1
2.0072849,1.4108236,-0.88506436,0.3424411,0.6075406,1.0893569,0.13468127,0.38174066,-0.035287973,0.59905285,1
2.0677948,1.1343051,-0.6417715,0.50816137,0.7565078,1.2078756,0.31353098,0.1702555,-0.22041887,0.74855644,1
1.8677948,0.93430513,-0.4417715,0.70816135,0.9565078,1.2040845,0.11353098,-0.029744506,-0.020418867,0.54855645,1
1.977243,1.0846322,-0.6136673,0.4859082,1.1058626,1.3425976,0.1176044,0.16279975,-0.21076639,0.43718624,1
1.9942217,0.81026906,-0.7452696,0.62825006,0.9814413,1.4129254,-0.075469345,0.33230245,-0.009861354,0.5836237,1
1.6917629,0.9525778,-0.8912901,0.780953,1.035426,1.5208195,0.117419355,0.2784551,0.17928082,0.56372225,1
1.6601145,0.6960351,-0.76651603,0.9072519,1.1426059,1.5915308,-0.076376185,0.07256061,-0.01916251,0.70634216,1
1.7240393,0.47980738,-0.9348966,1.0710284,1.1287493,1.346007,0.11957949,-0.123270236,0.17492142,0.7940018,1
1.723323,0.31373414,-1.0165039,1.128185,1.1901338,1.141924,-0.07203103,-0.28954658,0.33580953,0.83871543,1
1.5233229,0.16101667,-0.81650394,1.0024418,0.9901338,1.1769973,-0.27203104,-0.089546576,0.20298108,1.0387155,1
1.3233229,-0.03898333,-0.61650395,0.8024418,0.92404294,1.2562743,-0.47203106,-0.015614234,0.058265388,1.2387155,1
1.3956178,0.16101667,-0.81650394,1.0024418,1.0226649,1.0562743,-0.67203104,0.18438578,0.25826538,1.4387156,1
1.3299795,-0.038458068,-0.60819715,1.0204542,1.1007293,0.9513468,-0.8602812,0.37920654,0.45209068,1.6166354,1
1.4918364,-0.23251319,-0.550065,0.7999999,1.2683016,0.7326154,-0.6438201,0.56476665,0.63583374,1.5794706,1
1.6918365,-0.40847385,-0.350065,0.5999999,1.0683016,0.9326154,-0.44382012,0.62856257,0.6505429,1.3794706,1
1.4918364,-0.20847385,-0.550065,0.7999999,0.8683016,1.1326154,-0.6438201,0.42856258,0.50546384,1.1794705,1
1.690731,-0.40820697,-0.34983626,0.5996079,0.6678649,1.3317448,-0.6937109,0.6281519,0.7050029,1.3785692,1
1.4117674,-0.57599044,-0.14189947,0.7572528,0.8218943,1.4506087,-0.8463713,0.40547282,0.85706514,1.2986498,1
1.2910273,-0.37599045,-0.34189945,0.7635529,0.6218943,1.6506088,-0.6463713,0.20547281,0.65706515,1.4986498,1
1.3254999,-0.5431859,-0.51103646,0.9086754,0.7750847,1.3679918,-0.79816765,0.0051611145,0.4310338,1.6019062,1
1.4843206,-0.33392194,-0.30264035,0.6895454,0.94876325,1.5256655,-0.9712231,-0.1895794,0.22479726,1.3640631,1
1.6843207,-0.37631825,-0.10902427,0.68152857,0.74876326,1.3256655,-0.99685997,0.010420606,0.02479726,1.1640631,1
1.8843207,-0.17631824,0.03082043,0.49524933,0.5869909,1.1256654,-0.79686,-0.1895794,0.22479726,0.9640631,1
2.0843208,-0.37631825,-0.16917957,0.29524934,0.7869909,0.92566544,-0.70520455,0.010420606,0.42479727,0.7964877,1
2.2843208,-0.48256955,-0.36917958,0.49524933,0.6889737,0.72566545,-0.90520453,-0.1895794,0.38403735,0.9964877,1
2.4084635,-0.41963387,-0.16401376,0.67402023,0.7114081,0.5096145,-1.0714577,0.010102417,0.17841785,0.7721673,1
2.3879268,-0.56724596,0.032943733,0.43394345,0.83435166,0.64961904,-1.1639605,-0.1738424,0.09546521,0.52379256,1
2.156671,-0.69634724,-0.16466977,0.6248872,1.0195754,0.5212144,-1.3444755,-0.36850187,0.29124436,0.32686427,1
2.2122786,-0.84142834,0.007996422,0.77434665,0.7693603,0.67702585,-1.1005063,-0.53367,0.08565385,0.49458352,1
2.1843493,-0.94302666,0.18834344,0.8822834,0.5155631,0.5912558,-1.1776252,-0.6643476,-0.10354191,0.26674914,1
2.3405232,-0.976896,0.24401782,0.6697425,0.5078776,0.38406423,-0.9596557,-0.8484602,0.09468512,0.06552224,1
2.2322712,-0.776896,0.04401782,0.46974254,0.7078776,0.18406422,-1.1596557,-0.6484602,0.29468513,-0.13447776,1
2.0322711,-0.73302597,-0.067588955,0.26974255,0.90787756,-0.015935779,-1.3596557,-0.44846022,0.09468512,-0.18659161,1
2.2322712,-0.630605,-0.26758897,0.069742545,0.7078776,0.18406422,-1.3917179,-0.6484602,-0.10531488,-0.3865916,1
2.1812077,-0.6090763,-0.41932356,-0.11681204,0.81416476,0.3444204,-1.4274179,-0.7608806,0.08491155,-0.5260425,1
1.9812076,-0.7231514,-0.42148218,0.025101297,0.61416477,0.1444204,-1.3545514,-0.9608806,0.28491154,-0.32604253,1
1.7812076,-0.9231514,-0.30799586,0.17518094,0.41416478,-0.055579603,-1.5545515,-1.1608806,0.48491156,-0.5260425,1
1.8600109,-1.0827559,-0.10411166,-0.00055346335,0.2064621,-0.24638738,-1.691447,-0.9263214,0.6602779,-0.31431603,1
2.060011,-0.88275594,-0.30411166,-0.12572873,0.2346683,-0.046387374,-1.491447,-0.7263214,0.46027792,-0.11431603,1
1.8600109,-1.0827559,-0.40532655,-0.3257287,0.4346683,-0.24638738,-1.691447,-0.5263214,0.26027793,-0.31431603,1
2.0038695,-0.85869825,-0.1997308,-0.12230224,0.2282729,-0.045123182,-1.8398997,-0.70652705,0.058635175,-0.5002994,1
1.9798169,-0.5917328,-0.35909286,-0.28953594,0.16424437,0.13913155,-1.8325167,-0.8143665,0.23234147,-0.6291046,1
1.9519047,-0.3507749,-0.5006365,-0.08017444,0.1603504,0.3036734,-1.8200054,-0.9083087,0.058333986,-0.742417,1
1.6327839,-0.51332504,-0.6529968,0.111678034,0.10484639,0.46942613,-1.8826553,-1.0329493,-0.13203345,-0.8783374,1
1.6205714,-0.27704608,-0.6105115,0.25111046,-0.08413606,0.59191525,-1.8415108,-1.0901898,-0.12235416,-0.95347995,1
1.5484843,-0.07704608,-0.4105115,0.05111046,0.11586394,0.5088514,-1.6415107,-1.1433892,0.0211846,-0.75347996,1
1.3484843,-0.12776975,-0.21051149,-0.13522632,0.2923673,0.30885142,-1.4415107,-1.3433893,-0.1788154,-0.55347997,1
1.1484842,0.07223025,-0.36554322,-0.33522633,0.49236733,0.43322453,-1.6415107,-1.1433892,0.021184608,-0.35347998,1
1.3484843,0.27223027,-0.56554323,-0.13522632,0.6923673,0.35065237,-1.4415107,-1.3433893,0.22118461,-0.47034943,1
1.5484843,0.072230265,-0.36554325,0.06477368,0.8923673,0.15065236,-1.5392634,-1.5433893,0.26875007,-0.27034944,1
1.7484844,0.27223027,-0.33138147,-0.13522632,1.0923673,0.35065237,-1.5326023,-1.3433893,0.089334875,-0.47034943,1
1.4942935,0.30572215,-0.5127852,-0.3234947,1.2471396,0.5313817,-1.6719681,-1.1033751,0.19214182,-0.6468898,1
1.600472,0.47771782,-0.29546472,-0.116656184,0.9891542,0.49274552,-1.7683079,-1.0588604,-0.00742304,-0.7999933,1
1.7504035,0.6588715,-0.4816866,-0.12435862,0.862833,0.2846047,-1.5246955,-1.0602444,0.18722168,-0.9721849,1
1.8416173,0.47577488,-0.26597518,-0.27658707,1.0035522,0.079885766,-1.6284986,-0.81226325,-0.0120656,-0.95363355,1
1.8655974,0.6175123,-0.42580065,-0.18738241,0.87670076,-0.04588883,-1.6708528,-0.92499006,0.17173146,-0.6886583,1
1.9025095,0.7529661,-0.576391,-0.11378131,0.6232723,0.14194342,-1.5216625,-1.0361673,-0.026036622,-0.81849486,1
2.053744,0.7496491,-0.367661,0.08421894,0.41345495,0.28370595,-1.6683755,-0.81677324,0.104254365,-0.6041495,1
2.0232008,0.8274669,-0.546717,-0.01607861,0.5908213,0.08061759,-1.4141994,-0.9792591,-0.09221308,-0.77448016,1
2.1226044,0.59907496,-0.33102858,-0.041174676,0.37313727,-0.11398053,-1.5411593,-0.74399877,-0.27899086,-0.93038636,1
2.0775423,0.5728551,-0.11720352,0.039730955,0.51266456,-0.28085187,-1.5574465,-0.73868066,-0.0706564,-1.0111172,1
2.2316332,0.36533937,-0.07873894,0.07714204,0.6982991,-0.3518088,-1.330084,-0.91975933,0.12673637,-0.79476726,1
2.1941125,0.5101173,-0.25151187,0.25007096,0.81055367,-0.49790838,-1.0315139,-1.0103818,-0.06610727,-0.89759886,1
1.9839743,0.4051182,-0.3967005,0.42809898,0.58074707,-0.65445954,-1.1713928,-1.1512923,-0.076801874,-1.0440153,1
1.7839743,0.6051182,-0.5967005,0.22809897,0.41179162,-0.8544595,-1.0080774,-1.3512924,0.12319813,-0.8440153,1
1.9839743,0.8051182,-0.3967005,0.270586,0.33124813,-0.65445954,-0.91457605,-1.1512923,0.32319814,-1.0221521,1
1.7839743,1.0051183,-0.5967005,0.470586,0.42637876,-0.45445955,-0.71457607,-1.3512924,0.5231981,-0.8221521,1
1.9702255,0.7995388,-0.39395136,0.63199264,0.48630694,-0.64992416,-0.90823805,-1.1433139,0.32095838,-1.0150685,1
2.1702254,0.5995388,-0.54665506,0.43199265,0.28630692,-0.44992417,-0.70823807,-1.3433139,0.12095837,-0.81506854,1
1.8962556,0.38453862,-0.5876416,0.6082652,0.4680491,-0.62552357,-0.87413937,-1.4853722,-0.07607411,-0.97695905,1
1.9505424,0.5439067,-0.73289174,0.37988627,0.24941672,-0.39594495,-0.6442542,-1.5682201,-0.2568839,-1.0289592,1
1.7505424,0.34568107,-0.9328917,0.57988626,0.42951733,-0.59594494,-0.7319687,-1.3682201,-0.4568839,-0.82895917,1
1.5505424,0.54568106,-1.1328918,0.77988625,0.6295173,-0.7959449,-0.5319687,-1.16822,-0.5928699,-1.0289592,1
1.6753724,0.34568107,-0.9328918,0.57988626,0.8295173,-0.9959449,-0.50386345,-0.96822006,-0.47399506,-0.84938943,1
1.4753723,0.14568107,-1.1328918,0.77988625,1.0295173,-0.9988356,-0.70386344,-0.76822007,-0.27399504,-1.0493895,1
1.6043174,0.33102024,-0.8933265,0.5552924,0.80384845,-1.1479913,-0.8655293,-0.92715645,-0.4538922,-1.1964011,1
1.3791388,0.52149934,-1.0737239,0.7417505,0.9502273,-0.9337818,-1.0464251,-1.1069473,-0.24934006,-0.98262346,1
1.4830884,0.30194426,-1.1962502,0.5087987,0.704595,-1.0505041,-1.1706119,-1.2274528,-0.046338964,-0.7350207,1
1.5766214,0.095495574,-0.9332305,0.6639623,0.47267592,-1.1714011,-0.9946789,-1.3371565,-0.23075631,-0.87587416,1
1.7399471,0.28939572,-0.98911136,0.45438486,0.65879,-1.1053256,-1.1700175,-1.1136824,-0.030121414,-0.6619223,1
1.9024544,0.087667994,-0.77386045,0.64173776,0.5416403,-0.99463266,-0.9512703,-1.2882934,0.1665954,-0.6980385,1
1.9079462,0.20446335,-0.8837639,0.40087047,0.6730276,-1.0841115,-1.0447607,-0.99565923,-0.030314183,-0.81495667,1
2.028866,0.0042959014,-0.65811235,0.5783287,0.45528185,-1.2359377,-1.1980633,-0.7658099,-0.095571205,-0.59188646,1
2.1396384,0.06829499,-0.82375973,0.45632976,0.32271907,-1.3784533,-1.0390323,-0.543159,0.100248225,-0.37619817,1
2.1937964,0.25157073,-0.5848775,0.61541724,0.49013522,-1.1049939,-1.1617969,-0.69683397,0.28153217,-0.1652148,1
2.2388306,0.04832466,-0.73547417,0.7640916,0.6466954,-0.84803003,-0.9012576,-0.84038365,0.4512226,0.032595675,1
2.279472,-0.14176455,-0.8743482,0.7074138,0.79137045,-0.97954947,-0.65543586,-0.65114844,0.23480718,-0.15646575,1
2.0756917,0.058129583,-1.0723951,0.90576416,0.5902954,-1.0332787,-0.8538807,-0.66681796,0.034743898,-0.35581774,1
1.8756917,0.2581296,-0.97814745,1.1057642,0.3902954,-0.8332787,-1.0538807,-0.46681798,0.2347439,-0.26377448,1
1.7748379,0.058129594,-1.1781474,0.90576416,0.5902954,-0.8538118,-1.2538807,-0.266818,0.43474388,-0.06377448,1
1.5748378,0.2581296,-0.97814745,0.7091261,0.3902954,-0.6538118,-1.2705827,-0.066817984,0.23474388,0.13622552,1
1.3748378,0.058129594,-1.1781474,0.9091261,0.5902954,-0.8538118,-1.2940276,-0.266818,0.034743875,0.13075593,1
1.5748378,0.2581296,-0.97814745,0.7091261,0.3902954,-1.0538118,-1.2444623,-0.46681798,0.23474388,0.33075595,1
1.6199781,0.058129594,-1.1781474,0.9091261,0.19029538,-0.8538118,-1.4444623,-0.266818,0.08848509,0.4750474,1
1.8199781,0.2581296,-1.3781475,1.1091261,0.2592661,-0.8263829,-1.2444623,-0.066817984,0.2884851,0.27504742,1
1.6199781,0.058129594,-1.1781474,1.3091261,0.45926613,-0.6263829,-1.4444623,0.13318202,0.4884851,0.07504742,1
1.8199781,0.064638644,-1.1010698,1.1091261,0.29680556,-0.8263829,-1.3009924,0.33318204,0.6884851,0.03680927,1
1.6199781,0.26463866,-0.9010698,0.9091261,0.09680556,-0.6263829,-1.1009923,0.533182,0.4884851,-0.16319074,1
1.8199781,0.46463865,-0.70106983,0.75775766,0.29680556,-0.4263829,-1.3009924,0.33318204,0.49645233,-0.106376395,1
1.6199781,0.66463864,-0.9010698,0.5577577,0.2777892,-0.6263829,-1.5009924,0.13318203,0.6964523,0.09362361,1
1.8199781,0.49241292,-0.7370736,0.3577577,0.47778922,-0.8263829,-1.5446845,-0.06681797,0.8964523,0.25506967,1
1.6199781,0.29241294,-0.6835046,0.16503935,0.6777892,-0.6263829,-1.3446845,-0.266818,1.0964524,0.05506967,1
1.8199781,0.49241292,-0.4835046,-0.034960657,0.47778922,-0.4263829,-1.5446845,-0.4111931,0.89645237,0.25506967,1
1.760471,0.29241294,-0.2835046,0.08470331,0.6777892,-0.2263829,-1.6953678,-0.6111931,1.0964524,0.45506966,1
1.873267,0.40124777,-0.07979022,-0.11016816,0.48840857,-0.15726845,-1.8110597,-0.41733152,1.2387847,0.24372388,1
2.0704942,0.44144017,-0.27941602,0.0897117,0.68748784,-0.22624843,-1.6089051,-0.21704085,1.0373954,0.44313043,1
2.2291734,0.6297666,-0.07797073,-0.10828116,0.6782341,-0.02577073,-1.3832643,-0.40945113,0.8221556,0.6314261,1
1.9984752,0.8172135,-0.27376547,0.090331286,0.6432444,-0.22235517,-1.559312,-0.4080742,1.006692,0.4248993,1
1.9651548,0.5517097,-0.25592583,-0.09802976,0.7537523,-0.019982653,-1.5725993,-0.5435403,1.078628,0.5081254,1
2.0645118,0.33536118,-0.053326227,0.08083425,0.909419,-0.023462284,-1.3087966,-0.7089783,1.2191935,0.29380283,1
2.220034,0.13270251,0.14379291,0.27531832,0.6954851,0.1730703,-1.479162,-0.49898133,0.99917513,0.091960415,1
2.0065122,-0.06431731,0.32804626,0.07198295,0.8558297,0.35654938,-1.6048025,-0.2857413,1.1460712,0.16397066,1
1.8044868,-0.08493744,0.1279027,-0.12787353,1.054646,0.55592537,-1.8027791,-0.08564517,0.9450105,0.36356258,1
1.9420007,-0.17255276,0.17821936,0.06987807,0.82800406,0.34483007,-1.9403461,0.09755807,0.7217862,0.24956058,1
2.1250288,-0.3696009,0.23484074,0.26773977,0.7638195,0.42330557,-1.7265568,-0.10163025,0.5176519,0.44599858,1
1.9250288,-0.16960089,0.034840733,0.22122195,0.5638195,0.5005027,-1.9265568,0.098369755,0.31765193,0.24599858,1
1.7250288,0.030399114,-0.16515927,0.08755432,0.36381954,0.30050272,-2.1265569,0.29836977,0.5176519,0.045998573,1
1.6250675,-0.16900857,-0.36388397,-0.11205297,0.1632474,0.10015171,-2.3184314,0.4966292,0.7151455,-0.12547933,1
1.4250674,-0.36900857,-0.56388396,-0.31205297,-0.036752596,0.06850079,-2.1184313,0.50825095,0.9151455,0.07452068,1
1.587188,-0.16506907,-0.35540202,-0.109441064,-0.23123403,-0.12843403,-2.197002,0.4004685,1.0891521,0.26812175,1
1.5668787,-0.32006648,-0.29651874,0.0793956,-0.37807515,-0.28794748,-2.1015198,0.52644783,1.1302364,0.3890998,1
1.7668787,-0.12006648,-0.49651873,-0.1206044,-0.17807515,-0.08794747,-1.9015198,0.32644784,0.99995846,0.1890998,1
1.5668787,-0.32006648,-0.6965187,-0.3206044,-0.3340627,-0.28794748,-1.8068258,0.52644783,0.79995847,0.1842636,1
1.4665501,-0.12006648,-0.49651873,-0.12060441,-0.13406269,-0.08794747,-2.0068257,0.7264478,0.99995846,-0.015736401,1
1.2665501,-0.32006648,-0.6965187,-0.3206044,0.06593731,0.021490484,-1.8068256,0.52644783,0.79995847,0.1842636,1
1.4665501,-0.5200665,-0.49651873,-0.12810816,0.21775964,0.22149049,-1.6068256,0.42525265,0.99995846,0.3842636,1
1.2665501,-0.3200665,-0.6965187,-0.32810816,0.41775966,0.4214905,-1.4068255,0.62525266,0.79995847,0.44074202,1
1.4665501,-0.12006651,-0.8965187,-0.29885548,0.5901273,0.32813147,-1.6068256,0.82525265,0.99995846,0.640742,1
1.5545801,-0.105679624,-0.76521856,-0.465339,0.36391592,0.119522735,-1.685431,0.95636934,1.1193372,0.7842553,1
1.736525,-0.3025341,-0.6706187,-0.26260862,0.16222918,0.31623477,-1.4701455,1.14447,0.909877,0.97412705,1
1.7555326,-0.16776165,-0.4266335,-0.41937205,0.17434183,0.46798614,-1.5140495,1.2188125,1.0061451,0.7017752,1
1.5555326,-0.36776167,-0.46924186,-0.61937207,0.37434185,0.66798615,-1.4801106,1.0188124,1.2061452,0.68860465,1
1.7284881,-0.5590151,-0.26509413,-0.8067494,0.2635763,0.4607767,-1.2603902,0.80619836,1.3844831,0.7359295,1
1.7801559,-0.5630442,-0.4293208,-0.56008047,0.05868624,0.39431524,-1.3480624,0.5595718,1.4072326,0.8639412,1
1.6155431,-0.3630442,-0.6293208,-0.76008046,-0.14131376,0.19431524,-1.1480623,0.365564,1.2709819,1.0639412,1
1.7416046,-0.16054575,-0.422742,-0.8980353,0.05778695,0.38827285,-1.327405,0.46612263,1.448441,0.8511807,1
1.7033358,-0.045327567,-0.5463207,-0.9632872,0.22615199,0.16516848,-1.3399657,0.23346473,1.4461485,0.92218244,1
1.8311539,0.14880666,-0.33318684,-0.7343403,0.40999064,0.35131985,-1.4815642,0.032195617,1.2196169,0.99970543,1
1.9780673,-0.050729264,-0.5283534,-0.52949643,0.20808703,0.4574066,-1.2699465,0.23009071,1.4067478,0.792456,1
2.030986,0.14701426,-0.3233898,-0.32451555,0.40191808,0.25351545,-1.4477258,0.029635834,1.1885058,0.95312655,1
2.000864,-0.0481724,-0.24002868,-0.20219578,0.5472385,0.1292411,-1.4980427,-0.1548879,1.2330759,0.88935703,1
2.0738697,0.14306684,-0.4146381,-0.37898827,0.66543096,-0.066675976,-1.3426212,-0.33441013,0.9734652,1.0264989,1
1.8738697,-0.056933165,-0.2146381,-0.17898826,0.46543097,0.13332403,-1.1426212,-0.13441013,0.7734652,0.8264989,1
1.6738696,0.14306684,-0.27783912,-0.37898827,0.66543096,-0.066675976,-1.3426212,0.065589875,0.9734652,0.62649894,1
1.8738697,0.34306684,-0.4778391,-0.17898826,0.86543095,0.13332403,-1.1426212,-0.13441013,1.1734653,0.42649895,1
2.0738697,0.14306684,-0.6778391,0.02101174,0.66543096,0.33332402,-0.9426212,0.059327766,0.97346526,0.62649894,1
1.8738697,0.07572123,-0.8632362,0.22101174,0.46543097,0.13332401,-1.1426212,-0.14067224,1.1734653,0.8264989,1
1.6738696,0.27572122,-0.6632362,0.42101175,0.6483365,0.33332402,-1.3426212,0.059327766,1.3110881,1.0264989,1
1.8365717,0.46625236,-0.67716897,0.5093259,0.5388696,0.5227086,-1.5119165,0.010347499,1.0889727,0.8100481,1
1.6365716,0.515352,-0.87716895,0.7093259,0.7388696,0.3873703,-1.3119165,-0.1896525,1.2889727,0.6100481,1
1.4365716,0.715352,-0.7197261,0.5093259,0.5388696,0.18737029,-1.1119164,-0.3896525,1.0889727,0.8100481,1
1.6365716,0.515352,-0.5197261,0.7093259,0.7388696,0.2406573,-0.96541303,-0.18965249,1.2889727,0.6100481,1
1.8162984,0.31187096,-0.42725775,0.8992882,0.5329212,0.43579304,-1.1525484,0.010233292,1.4725366,0.8011063,1
1.8521396,0.3245124,-0.57618904,1.0097888,0.6732498,0.21659574,-0.8749959,-0.17431667,1.5363655,0.6752798,1
1.9031624,0.4864349,-0.34887922,0.7510013,0.43889374,0.015390952,-0.99695545,-0.25836223,1.5947351,0.81173795,1
1.9188278,0.5067362,-0.13583049,0.75436836,0.582897,-0.16842875,-0.7271052,-0.41818845,1.6374332,0.8490637,1
2.0547442,0.6853611,0.062228717,0.9255037,0.7592184,-0.3572857,-0.58216065,-0.21158938,1.3939582,0.645763,1
1.8999479,0.8652316,-0.13463892,1.0999143,0.56808597,-0.15370968,-0.76437753,-0.40223154,1.42998,0.52571857,1
1.6999478,0.6652316,0.06536108,0.8999143,0.76808596,-0.3537097,-0.9643775,-0.60223156,1.22998,0.6877843,1
1.7254709,0.7857752,0.22210728,0.6356394,0.8446883,-0.50286114,-1.0574498,-0.7285606,1.2986614,0.80625683,1
1.9097238,0.58098453,0.021926472,0.76890606,0.6394158,-0.69711286,-1.034707,-0.5242379,1.089676,0.9980273,1
2.0103297,0.7441905,-0.16968407,0.58125067,0.4187139,-0.8548477,-0.9590997,-0.4361588,0.84776133,1.1415855,1
2.052919,0.8769491,-0.34335667,0.35409954,0.20313796,-0.6082121,-1.0765532,-0.537092,0.6016304,1.2460432,1
2.0491788,1.0279291,-0.13683143,0.52887833,0.002995129,-0.38963133,-0.8366547,-0.3217484,0.76514214,1.3802229,1
2.1488314,1.1731448,0.06035029,0.6900417,0.12130294,-0.18117088,-0.81701654,-0.49847052,0.5399282,1.1275669,1
2.2727065,0.9593891,0.25667015,0.4831148,-0.077584654,-0.37578288,-1.0026406,-0.6885974,0.39010662,0.9144555,1
2.2547793,1.0572085,0.4164224,0.258163,-0.25312027,-0.52503735,-1.0966482,-0.69781846,0.32320964,0.6514883,1
2.2370193,0.7811668,0.56174046,0.053003445,-0.048408046,-0.6607203,-1.0627406,-0.81817424,0.47679645,0.77595395,1
2.0370193,0.5811668,0.62652916,0.25300345,-0.03173306,-0.4607203,-1.2627406,-0.61817425,0.67679644,0.57595396,1
1.8370192,0.38116682,0.42652917,0.053003445,-0.23173305,-0.6607203,-1.3633281,-0.41817427,0.675005,0.37595397,1
2.0370193,0.18116681,0.62652916,0.25300345,-0.21729535,-0.8607203,-1.4011251,-0.21817426,0.47500503,0.57595396,1
2.2370193,0.38116682,0.82652915,0.2639212,-0.20535102,-0.6607203,-1.201125,-0.01817426,0.27500504,0.7720542,1
2.2241378,0.4165743,0.93685853,0.42339617,-0.18241651,-0.7855336,-1.0816098,0.16594267,0.4335118,0.8871421,1
2.0241377,0.6165743,0.8053318,0.41228887,-0.112021916,-0.5855336,-1.2816099,0.36594266,0.6335118,0.68714213,1
2.1849427,0.8021841,0.6169436,0.20854779,0.08642769,-0.7716905,-1.4555001,0.16301832,0.4258722,0.47855744,1
2.094026,0.75014037,0.8169436,0.4085478,0.28642768,-0.5716905,-1.3273423,0.36301833,0.50130314,0.27855742,1
2.1778014,0.90200233,0.5856867,0.5777163,0.08204889,-0.43047088,-1.3067186,0.5344935,0.6657722,0.3718907,1
2.2888064,0.86526495,0.3835893,0.773487,-0.11730968,-0.6270423,-1.1007001,0.3326745,0.4632393,0.5687807,1
2.3052018,0.986678,0.54053664,0.5311796,-0.29390106,-0.63966316,-1.2047447,0.122886814,0.24381958,0.34157497,1
2.3478034,1.1620276,0.3334628,0.715991,-0.091950476,-0.4305302,-0.98387337,-0.07551134,0.25476712,0.530325,1
2.15614,0.9620276,0.37630954,0.915991,0.0043664947,-0.6305302,-1.1838734,0.12448867,0.054767117,0.730325,1
1.95614,0.7620276,0.17630954,0.715991,0.2043665,-0.4477908,-0.9838734,-0.07551134,0.25476712,0.7234618,1
1.75614,0.8571719,0.37630954,0.915991,0.004366502,-0.6477908,-1.1838734,-0.27551132,0.27917513,0.8402489,1
1.55614,0.8081228,0.17630954,1.115991,0.2043665,-0.4477908,-1.3838735,-0.4755113,0.47917515,0.96392405,1
1.7195258,0.59544396,0.32336894,1.2885536,0.004275464,-0.24262455,-1.4347154,-0.26976714,0.66501486,1.1364099,1
1.5195258,0.39544398,0.418575,1.4885536,0.20427547,-0.44262457,-1.2347153,-0.36386442,0.46501487,0.9364099,1
1.6910714,0.19220981,0.56285125,1.6606119,0.004204721,-0.23860966,-1.3085146,-0.5545337,0.65401036,0.7242239,1
1.7735894,0.36784396,0.7154594,1.7450222,0.19151859,-0.036211044,-1.0396485,-0.33250847,0.42580515,0.86680686,1
1.9108119,0.27833998,0.5048286,1.5131575,0.3834439,0.16041097,-0.9534011,-0.42169857,0.6128985,1.044805,1
1.7108119,0.07833998,0.3065302,1.7131575,0.5834439,0.2500681,-0.79020345,-0.4128028,0.41289854,1.2448051,1
1.8834203,-0.04510516,0.10500309,1.4914663,0.77221316,0.44361636,-0.97600883,-0.20975225,0.6041126,1.0298277,1
2.0620947,-0.19965719,0.17571709,1.2782469,0.56635606,0.6370284,-1.1639713,-0.3565776,0.39997616,0.8213337,1
2.1536329,0.00032637894,0.3577024,1.0265476,0.72961116,0.4396433,-1.2237276,-0.5298911,0.57120883,0.5915423,1
2.1804113,0.09394397,0.14609589,1.1362767,0.861194,0.59256715,-1.0004281,-0.3056119,0.71444976,0.47647512,1
2.006033,0.041983403,0.3460959,0.93627673,1.0611941,0.39256716,-1.2004281,-0.23629746,0.5144498,0.27647513,1
2.1063743,-0.1508781,0.13949592,1.0849448,0.82228917,0.18386783,-1.3371631,-0.4165875,0.6821741,0.4549501,1
2.2974186,-0.34951565,0.1051084,0.8815086,0.6198728,-0.016069535,-1.3133478,-0.6141933,0.48030183,0.30707404,1
2.1776266,-0.13037032,0.26603958,0.94302255,0.7148889,-0.18840204,-1.3195652,-0.7099367,0.5418143,0.44214374,1
2.1284175,0.062331498,0.41719198,0.9213587,0.8189954,-0.34769195,-1.360293,-0.55946195,0.66406155,0.21676362,1
1.9257394,0.26196718,0.21689036,1.1198015,1.0175803,-0.40988442,-1.1586816,-0.75840724,0.79214567,0.41618484,1
1.9545156,0.4247567,0.015529879,1.0063707,1.1195068,-0.19297868,-1.2492428,-0.51342875,0.91223043,0.19877161,1
1.8181196,0.22248751,-0.11930429,0.79822934,1.3061848,0.006950434,-1.434611,-0.3102643,1.0644225,-0.0012159899,1
1.8429788,0.020535948,0.073692605,0.91159886,1.3259825,0.18899043,-1.4927527,-0.29560065,0.78940433,-0.18375364,1
1.6266009,-0.17767508,0.27096432,1.100518,1.5107709,0.38511282,-1.279866,-0.09464766,0.97954154,-0.02799559,1
1.6933395,0.020696184,0.43660465,1.2056375,1.4498788,0.54242533,-1.0010833,0.09766626,1.0345951,0.09757828,1
1.6028252,0.0104409605,0.2091155,1.242328,1.4581931,0.65616906,-1.0615394,0.26308286,1.0107418,0.2630051,1
1.7338772,-0.18230946,0.008766885,1.0838524,1.5947765,0.43872315,-0.82859033,0.06067029,1.1644378,0.060595512,1
1.7178849,0.015714705,0.18544999,1.1404606,1.5943203,0.56738496,-0.5583839,0.23155637,1.2120454,-0.12383458,1
1.8816334,-0.18080197,0.3781643,1.3151236,1.3679651,0.75288,-0.3516098,0.030959895,0.99291587,0.074725755,1
1.9795116,0.018256204,0.16942383,1.0604173,1.4910432,0.9061332,-0.5245487,-0.16074727,0.75401664,-0.11912848,1
1.7597861,-0.0766797,0.35102323,0.8175608,1.6068141,1.0510379,-0.6884597,-0.34277883,0.906498,0.076843396,1
1.8643428,0.11731449,0.5241879,0.8355239,1.7188207,0.9098421,-0.46467125,-0.13582537,0.6720909,0.26336086,1
1.8654484,0.09475642,0.29295322,0.9357537,1.733947,1.0029114,-0.48402998,-0.30346942,0.4266061,0.16997701,1
1.8581038,0.2947564,0.27264497,0.7769468,1.533947,0.80291146,-0.68403,-0.5034694,0.38732257,0.369977,1
2.0581038,0.15611395,0.47264498,0.5769468,1.4953086,0.6909888,-0.5697233,-0.30346942,0.388011,0.569977,1
2.2581038,-0.04388605,0.272645,0.43437523,1.2953086,0.4909888,-0.36972332,-0.10346942,0.588011,0.74673766,1
2.0581038,-0.08089837,0.07264499,0.23437522,1.0953085,0.2909888,-0.37111637,-0.28436697,0.38801104,0.94673765,1
1.8581038,-0.28089836,0.272645,0.03437522,0.89530855,0.0909888,-0.5711164,-0.08436696,0.18801104,0.74673766,1
1.6581037,-0.08089836,0.07264499,-0.16562478,0.69530857,0.2909888,-0.5477449,0.022592671,0.38801104,0.5467377,1
1.8581038,0.11910164,0.272645,-0.3656248,0.89530855,0.4909888,-0.6591136,0.22259268,0.18801104,0.74673766,1
1.6581037,0.31910163,0.16252965,-0.5656248,0.69530857,0.6909888,-0.68600327,0.4225927,0.38801104,0.5467377,1
1.8581038,0.5191016,0.1316029,-0.3656248,0.89530855,0.4909888,-0.63624066,0.2225927,0.588011,0.34673768,1
1.6581037,0.57362896,-0.068397105,-0.16562478,1.0953085,0.6909888,-0.43624067,0.08279489,0.788011,0.40497538,1
1.8581038,0.37362897,-0.21146296,-0.3656248,0.89530855,0.89098877,-0.23624067,0.2827949,0.6133598,0.6049754,1
1.6581037,0.57362896,-0.41146296,-0.5656248,1.0953085,1.0909888,-0.036240667,0.08279489,0.7281081,0.8049754,1
1.8581038,0.37362897,-0.21146296,-0.41135472,1.2953086,1.2909888,-0.23624067,0.2827949,0.9281081,0.6049754,1
2.008939,0.16948126,-0.0111891255,-0.59675044,1.1352903,1.2772855,-0.035374936,0.32378772,1.1011595,0.58328223,1
2.0386817,0.16147393,-0.04031366,-0.76715654,0.9005506,1.0372715,-0.22663236,0.38843134,1.2528303,0.7541886,1
1.9028584,0.36147392,0.15968634,-0.9671565,1.1005507,0.8372715,-0.026632354,0.58843136,1.0528302,0.5541886,1
2.0401936,0.5447421,0.3489678,-0.83941376,0.87371445,0.8075876,-0.1449069,0.51484245,1.2154962,0.73171395,1
1.7665036,0.71491915,0.5269846,-0.9977908,1.030718,0.5875847,-0.33109522,0.68621683,1.3588132,0.51042163,1
1.8146865,0.84428596,0.30174085,-0.73620015,1.1357046,0.7267819,-0.12097446,0.6141084,1.4384705,0.2864566,1
1.8693649,0.5978129,0.3129283,-0.61003006,1.2091792,0.48878452,-0.2978222,0.7553858,1.5202857,0.080220394,1
1.7384559,0.7493723,0.10607165,-0.38513437,1.3236184,0.27125046,-0.09188276,0.8973779,1.6158357,0.0802297,1
1.680818,0.8231923,-0.08144444,-0.5073648,1.3211161,0.28947276,0.093747504,0.95152664,1.5744951,-0.103851765,1
1.8168795,0.60200685,-0.25097463,-0.62881416,1.3356367,0.2732979,-0.10264044,1.1123805,1.327769,0.092879675,1
1.8652413,0.7417083,-0.04714212,-0.39657396,1.4201806,0.06778703,0.090039626,0.84378356,1.4129044,0.27085963,1
1.6474106,0.592111,-0.22609103,-0.5901861,1.6028326,-0.1307973,0.19815579,1.017863,1.3673335,0.070100896,1
1.8082566,0.792111,-0.026091024,-0.39018613,1.6131439,-0.3307973,-0.0018442124,0.81786305,1.1673335,-0.085073225,1
2.006107,0.8742452,0.17372283,-0.58955437,1.4116312,-0.13065732,-0.020540945,0.6172017,1.1954757,0.11480376,1
2.0621712,1.0041568,-0.024562735,-0.6542382,1.1325792,-0.30908382,-0.20615192,0.3899817,1.3044289,0.1899971,1
2.14198,1.1401788,-0.033372976,-0.4301041,0.9352188,-0.103288084,-0.38457265,0.55863535,1.2017374,0.3692762,1
2.1374454,1.3034295,-0.2205326,-0.5078016,0.7150582,-0.29497156,-0.56854296,0.72666484,0.9742685,0.16463444,1
2.1499834,1.0149349,-0.018885888,-0.6510362,0.58850753,-0.4552751,-0.70690614,0.8523467,1.0199319,0.32122326,1
2.0668101,1.0685352,0.101026915,-0.70124584,0.5794237,-0.5763144,-0.4458239,0.92553884,1.0729301,0.4584158,1
2.1764278,1.0276016,0.2948185,-0.4909081,0.74988097,-0.36855322,-0.240754,0.7105752,1.246677,0.2530862,1
2.0624135,1.1369362,0.45827332,-0.507669,0.87972677,-0.1561046,-0.40820178,0.47286633,1.3398317,0.049165484,1
2.0697813,1.2231034,0.60222495,-0.28147265,0.85705274,0.040157955,-0.19047454,0.6155755,1.2549078,0.22795041,1
1.929737,1.346619,0.7591095,-0.45559603,0.77799743,-0.15125136,0.009013519,0.39324048,1.3767142,0.026448218,1
2.1225853,1.1427686,0.557232,-0.25473773,0.9747133,-0.28747222,-0.19034515,0.5912484,1.1727628,0.1393848,1
1.9225852,0.94276863,0.757232,-0.45473772,0.919845,-0.15791878,-0.39034516,0.5599522,0.97276276,-0.060615197,1
2.1225853,0.74276865,0.6827777,-0.25473773,0.719845,-0.3579188,-0.59034514,0.3599522,1.1727628,-0.2606152,1
2.208203,0.6878044,0.8827777,-0.45473772,0.519845,-0.5579188,-0.79034513,0.15995221,0.99528325,-0.46061522,1
2.300854,0.4730746,0.6523419,-0.24338244,0.30558747,-0.7241335,-0.9461991,0.34390685,1.1420019,-0.24899794,1
2.4006596,0.64610845,0.43536082,-0.041644357,0.48533157,-0.8871089,-0.71630335,0.5221157,0.9042614,-0.047034882,1
2.1902614,0.8421105,0.46731785,-0.24050258,0.6820934,-0.6838623,-0.9119738,0.531297,1.0816396,-0.023279868,1
2.0680113,0.9016154,0.44993687,-0.38111496,0.7389084,-0.76470184,-0.8745209,0.6327051,1.1088517,-0.19317774,1
1.7624195,1.0393451,0.4511551,-0.5266477,0.88583535,-0.9101708,-1.0137823,0.4082459,1.2348672,-0.017567255,1
1.9257396,0.82365686,0.6389843,-0.32054228,1.0655398,-0.6968969,-1.030255,0.5968771,1.0155244,0.17902286,1
1.902283,0.9160506,0.39283854,-0.46582314,1.132507,-0.8026156,-0.742979,0.7131098,1.0877491,-0.018772034,1
1.9236482,1.0212178,0.54246396,-0.24323566,0.8532702,-0.55141026,-0.8628524,0.8355212,1.1783268,-0.20018259,1
2.0856566,0.9730397,0.3363374,-0.1403552,1.0344275,-0.34512362,-0.6509941,1.016996,0.96082485,-0.00017931755,1
1.8856566,1.1730397,0.5363374,0.030390888,0.83442754,-0.32425952,-0.8509941,1.0716139,0.76082486,-0.20017932,1
2.0856566,0.9730397,0.3363374,-0.16960911,0.95816046,-0.12425952,-0.7832368,0.8716139,0.5608249,-0.00017932057,1
2.1803412,1.11899,0.51162475,-0.35257876,0.72322696,0.07225062,-0.93793255,1.0222375,0.34419927,-0.19095573,1
2.3106155,1.0920179,0.6907796,-0.14810938,0.5079005,0.2642758,-0.7625665,0.7981523,0.52825844,-0.37950376,1
2.2614322,0.9314192,0.4860513,0.051390693,0.3552979,0.33161142,-0.9532928,0.98853576,0.57265985,-0.5739206,1
2.2056966,1.0860041,0.2745692,0.2412999,0.14906424,0.12632856,-1.1069998,1.1408281,0.35770133,-0.35891148,1
2.0773318,1.2001595,0.4047802,0.40444478,0.32576314,0.30454516,-1.2197536,1.0334449,0.37445304,-0.14830366,1
2.2140353,0.9758248,0.58797085,0.1987624,0.12226765,0.10163941,-0.9914104,1.1991624,0.5584866,0.050259486,1
2.4140353,0.7758248,0.38797086,0.3987624,-0.077732354,-0.09836059,-0.7914104,0.9991624,0.3584866,0.2502595,1
2.4235,0.5338533,0.3274328,0.555119,-0.25748864,0.09423099,-0.91914713,1.1117562,0.5177789,0.046596106,1
2.523819,0.32116836,0.12259093,0.34162605,-0.44010612,-0.10175027,-1.0766246,0.8771136,0.45462084,0.23722656,1
2.323819,0.12116836,-0.07740907,0.14162605,-0.64010614,-0.30175027,-1.2766247,1.0771136,0.25462085,0.037226558,1
2.2787004,0.2899758,-0.25046653,0.3084466,-0.7585132,-0.091868065,-1.3332118,1.086416,0.049315955,-0.14696454,1
2.2044673,0.43039298,-0.12894012,0.32745412,-0.85246724,0.09616867,-1.3635836,1.0893635,0.22173268,-0.00690453,1
2.1812248,0.20900217,0.038180888,0.47848272,-0.59188896,0.26867095,-1.4184128,1.1696527,0.38257694,0.1389509,1
2.000446,0.38061088,0.22164732,0.25915158,-0.7369192,0.063904084,-1.5060692,1.2745769,0.5421368,-0.05681132,1
2.0508206,0.50172734,0.39297622,0.42793027,-0.5004099,0.21976084,-1.2172593,1.374309,0.6916731,-0.23934871,1
1.9883536,0.30172735,0.19297622,0.6279303,-0.612491,0.41976082,-1.0172592,1.1743089,0.8916731,-0.4393487,1
2.0046172,0.45960182,0.12986635,0.7584164,-0.37785786,0.56772506,-1.115057,1.2589206,0.73612934,-0.5856683,1
1.9738827,0.5905681,-0.06279349,0.49997273,-0.15924332,0.66831136,-1.1774236,1.3008981,0.8381543,-0.49793208,1
2.1097946,0.76726145,-0.15297776,0.29112923,0.039555144,0.8427127,-0.9486082,1.0684426,1.0075486,-0.28914878,1
1.9097946,0.75263476,-0.22728202,0.2818426,0.23955515,1.0178181,-1.0091168,0.8684426,1.2075486,-0.4891488,1
1.7444092,0.8512887,-0.032578334,0.073135756,0.03534707,1.0882605,-1.0804849,0.9547763,1.2578065,-0.61583364,1
1.8775,0.62887716,0.1616605,-0.12249872,-0.15898705,0.85769457,-1.2364221,0.72880363,1.4076419,-0.4859016,1
1.9856746,0.4099208,-0.03664489,-0.038351823,0.039200183,0.9257736,-0.99061215,0.5054305,1.5365841,-0.65558475,1
1.7856746,0.20992081,-0.2366449,0.16164818,-0.16079982,0.72577363,-0.79061216,0.7054305,1.5657284,-0.85558474,1
1.5856745,0.4099208,-0.4366449,0.3616482,-0.2796247,0.52577364,-0.99061215,0.9054305,1.7657285,-0.76976603,1
1.7318476,0.20359302,-0.61745405,0.544718,-0.46516702,0.3159536,-1.1547227,0.6841662,1.5185316,-0.92610604,1
1.6629617,0.2035949,-0.41745406,0.744718,-0.265167,0.3380779,-0.98390836,0.4841662,1.4585552,-0.72610605,1
1.8629618,0.0035948902,-0.21745406,0.944718,-0.465167,0.3769695,-0.78390837,0.28416622,1.2585552,-0.92610604,1
1.6629617,0.2035949,-0.2646995,0.744718,-0.42394903,0.17696948,-0.81702286,0.4841662,1.4585552,-1.126106,1
1.4629617,0.4035949,-0.064699486,0.75758076,-0.22394903,-0.02303052,-0.6536,0.6841662,1.6585553,-1.3261061,1
1.2562289,0.6003772,-0.1070948,0.7180217,-0.42168903,0.17602609,-0.84904957,0.8794528,1.5896685,-1.5179707,1
1.4073514,0.7735129,0.08978689,0.50063455,-0.21424815,-0.02316924,-1.0138388,0.688567,1.7295992,-1.2737336,1
1.6073514,0.5735129,-0.110213116,0.6194459,-0.41424817,-0.05998054,-0.8138388,0.488567,1.6302681,-1.2471967,1
1.3759404,0.3651764,-0.24458885,0.5454014,-0.6005386,0.13689435,-0.9912107,0.30151173,1.789418,-1.4004765,1
1.4908317,0.5346541,-0.04218083,0.40119177,-0.37890753,0.31870034,-1.1148694,0.09602959,1.8819795,-1.1356447,1
1.2908317,0.4871777,-0.24218082,0.20119177,-0.57890755,0.51870036,-0.91486937,-0.008380756,1.6819794,-0.9356447,1
1.0908316,0.28717768,-0.4421808,0.16782886,-0.6227917,0.31870037,-0.7148694,0.0037226053,1.8819795,-0.7391686,1
1.2908317,0.4391471,-0.24218081,0.36782885,-0.42279172,0.11870037,-0.55920607,-0.1962774,2.0819795,-0.5391686,1
1.4775606,0.63345754,-0.04180532,0.5627741,-0.22080846,0.31586334,-0.7524477,-0.39274982,2.2616658,-0.3361494,1
1.5178876,0.39220032,-0.21878988,0.69017196,-0.018827874,0.10483527,-0.8617921,-0.5363309,2.2273602,-0.12319046,1
1.3178875,0.59220034,-0.052593604,0.49017197,0.18117213,-0.09516473,-0.6617921,-0.3363309,2.4273603,-0.32319045,1
1.3861731,0.35816723,0.13461523,0.6302824,0.34809598,0.09573821,-0.78701025,-0.124500796,2.3993716,-0.112500615,1
1.4725583,0.5181866,0.3106473,0.399462,0.13748811,-0.0967937,-0.78668976,-0.02047878,2.367789,-0.23018928,1
1.2725582,0.7181866,0.5106473,0.59946203,0.3374881,0.10320631,-0.5866898,0.17952122,2.167789,-0.43018928,1
1.0725582,0.9181866,0.7106473,0.799462,0.18431658,0.30320632,-0.38668978,0.37952122,1.9677889,-0.6301893,1
0.97434044,1.1181866,0.9106473,0.999462,0.38431656,0.5032063,-0.5866898,0.52827096,1.7677889,-0.8301893,1
1.0089604,1.1325489,0.88607365,1.030544,0.1583596,0.6041751,-0.65481734,0.6257099,1.690669,-0.88510966,1
0.7210106,1.187675,0.6114841,1.09676,0.28637415,0.7167456,-0.76188207,0.73593915,1.6851164,-0.96713716,1
0.66591,1.26277,0.7384422,1.1800383,0.07859959,0.83422905,-0.8753028,0.851695,1.5307534,-0.6980869,1
0.84178436,1.422015,0.5627239,0.9618971,0.27083737,0.61655843,-1.0453432,1.0223931,1.2936764,-0.87306476,1
0.6229205,1.2363777,0.74030524,1.1277456,0.068755254,0.7925575,-0.89823884,0.79822063,1.4497731,-1.0415244,1
0.59859115,1.1414644,0.88377184,0.9973074,-0.123354,0.7564972,-1.0322101,0.93820524,1.5505848,-0.79093,1
0.74716103,1.2550727,1.0139759,0.74596,-0.30252966,0.5206582,-1.1528546,1.0649037,1.2636057,-0.92711306,1
0.54716104,1.0550727,0.8139759,0.62592417,-0.10252966,0.3937114,-0.9528546,1.2643998,1.0636057,-1.0861857,1
0.34716105,1.2060106,1.0139759,0.42592418,-0.30252966,0.5937114,-1.1528546,1.0643997,1.2636057,-0.9188101,1
0.44025326,1.2397785,1.2139759,0.4955312,-0.5025297,0.3937114,-1.0746737,0.86439973,1.4636058,-1.0297077,1
0.5112795,1.1594911,1.2446502,0.6122403,-0.6184007,0.5226136,-1.1220297,0.9369363,1.4643866,-0.730349,1
0.28663087,0.88351375,1.3302556,0.7479231,-0.7535956,0.29706743,-1.2119317,1.046908,1.5325922,-0.4883533,1
0.46585685,1.0372591,1.0820056,0.90745676,-0.9128871,0.47584793,-1.3516572,0.810754,1.3188362,-0.65531397,1
0.66585684,0.8372591,0.88200563,0.8890397,-1.1128871,0.2758479,-1.1977224,1.010754,1.1188362,-0.85531396,1
0.47010696,1.0372591,0.71080256,0.6890397,-0.91288716,0.4758479,-0.99772245,0.810754,1.3188362,-1.055314,1
0.27010697,1.2372591,0.6063552,0.8890397,-1.1128871,0.2758479,-1.1977224,0.8576902,1.1188362,-0.85531396,1
0.43766618,1.2822102,0.37831375,0.9854084,-1.2222885,0.44301096,-1.3012695,0.984702,0.8554298,-0.98248965,1
0.22843117,1.424616,0.171385,0.7548898,-0.98256534,0.6180255,-1.4429346,0.7542108,1.014419,-1.1365416,1
0.38851216,1.4732428,0.15912159,0.7143491,-0.70965,0.7418061,-1.4898546,0.50257236,1.0714047,-1.2120097,1
0.5589097,1.5721945,0.3410576,0.5269934,-0.48401436,0.8944328,-1.4085696,0.66723263,1.1977112,-0.96110505,1
0.71444607,1.5438031,0.50935763,0.68439966,-0.46858907,0.6537468,-1.5143254,0.43985802,1.3158209,-0.7165128,1
0.8547673,1.6299987,0.6630634,0.8266818,-0.25106037,0.42413428,-1.6024448,0.59809947,1.043,-0.48280406,1
0.79160976,1.4299986,0.6319729,1.0266818,-0.051060364,0.22413428,-1.8024448,0.79809946,0.9197041,-0.28280407,1
0.59787977,1.5360619,0.40707833,0.7790401,0.14035624,0.02274342,-1.8870438,0.7803099,1.0551755,-0.45498008,1
0.3763627,1.642177,0.4676487,0.72482324,0.32195002,-0.112219386,-1.974178,0.5489272,0.9510384,-0.44511217,1
0.38118458,1.3763145,0.6371581,0.8632155,0.116380714,-0.29796073,-2.0566232,0.7147246,0.76646143,-0.6156507,1
0.35306388,1.4421594,0.80535185,1.0228207,-0.08044233,-0.29070622,-1.7860843,0.8799714,0.65547377,-0.78466165,1
0.52286035,1.3492253,0.9504483,0.7778854,0.11302847,-0.46390808,-1.7798145,1.0209928,0.8087552,-0.5527325,1
0.32286036,1.1492252,0.7504483,0.5778854,0.01775378,-0.2639081,-1.9798145,1.2209928,0.60875523,-0.7527325,1
0.51238817,1.3222022,0.8558262,0.3703169,-0.1785961,-0.0626281,-2.1361558,1.0328752,0.40056846,-0.5416621,1
0.71238816,1.5222023,0.6558262,0.17031689,-0.3785961,0.1373719,-1.9361558,0.8328752,0.59781563,-0.5146514,1
0.88551563,1.2832595,0.83061963,0.35941,-0.17333592,-0.060783524,-2.0732398,1.002454,0.55347353,-0.32664022,1
0.8329575,1.0076442,0.9586788,0.30415955,-0.21166022,-0.08307778,-2.11456,1.1185186,0.70087844,-0.11780029,1
1.0329576,0.8076442,0.7586788,0.10415955,-0.011660218,0.11692222,-2.0768297,1.191749,0.9008784,0.082199715,1
1.1044999,0.92113227,0.87637085,-0.08761201,0.053734217,-0.07594509,-2.0738735,0.9066018,1.0063618,-0.107686475,1
1.2078223,1.0380442,0.6262444,-0.21175762,0.23492977,-0.25549456,-2.0268798,1.0245906,0.86069965,0.08547209,1
1.3123127,0.7811895,0.57701296,-0.3360917,0.35088676,-0.42459285,-2.0758035,0.7686486,0.98873955,0.20221213,1
1.4573379,0.56006235,0.7487673,-0.13114455,0.14540179,-0.60188794,-1.807615,0.93343675,1.145527,0.3875911,1
1.2573378,0.76006234,0.5487673,-0.33114457,0.12288576,-0.40188795,-1.607615,0.910214,1.345527,0.18759109,1
1.0573378,0.9600623,0.34876734,-0.23688948,-0.07711424,-0.20188795,-1.807615,0.710214,1.5455271,0.3875911,1
1.1122257,1.0261769,0.13159777,-0.38646707,0.10870324,-0.35550517,-1.7759117,0.80516416,1.5440719,0.46768546,1
1.2051706,1.126142,-0.017132651,-0.17125456,-0.03324401,-0.14281861,-1.8147113,0.55579317,1.6017857,0.24584694,1
1.2459044,1.2307975,-0.20152166,-0.3445628,-0.21647467,-0.049701314,-1.8698614,0.7014545,1.3010026,0.20776114,1
0.9985603,1.3660309,-0.22322182,-0.51991254,-0.015728919,-0.2383983,-1.9761667,0.47875562,1.2139276,0.3893034,1
0.7268222,1.4242101,-0.385202,-0.33569774,0.16771722,-0.39901507,-1.9806722,0.6177801,1.2869084,0.18463735,1
0.9268222,1.6242101,-0.18520199,-0.37460342,0.10159842,-0.19901507,-1.7806722,0.7244769,1.0869083,-0.01536265,1
1.0059574,1.5244951,-0.36710587,-0.16640085,-0.09377885,-0.38027003,-1.8876238,0.49983788,1.2264518,0.17596342,1
1.0832151,1.5489762,-0.15009785,-0.2795012,-0.26387805,-0.16192216,-1.8751456,0.2693204,1.2812676,-0.021590143,1
0.8832151,1.3489761,0.049902156,-0.0795012,-0.46387804,-0.041052103,-1.6751455,0.069320396,1.4812677,0.12257239,1
0.6564143,1.4882135,0.2400991,0.11577193,-0.6378357,0.013937023,-1.801588,-0.12555335,1.6153157,-0.074390315,1
0.74588907,1.4703399,0.2829682,-0.07335796,-0.7297082,0.18632723,-1.7432717,-0.28010163,1.5810388,0.10939904,1
0.83394045,1.4726505,0.12681209,-0.24100529,-0.63792735,-0.012054559,-1.7132802,-0.4232803,1.570248,0.2727808,1
0.63394046,1.6726506,0.3268121,-0.041005284,-0.43792737,-0.21205457,-1.7485813,-0.2232803,1.4434141,0.47278082,1
0.7840401,1.4726505,0.12681209,0.15899472,-0.45041603,-0.012054563,-1.9485813,-0.41638678,1.243414,0.6727808,1
0.5742993,1.3156238,0.3213614,-0.04032138,-0.2462395,0.18481082,-2.1127465,-0.2127778,1.4193403,0.4648956,1
0.7094832,1.0222356,0.47771862,0.14631204,-0.4088851,0.35259855,-2.119148,-0.37822443,1.4837865,0.2739835,1
0.80651957,1.0838649,0.60099334,-0.047609884,-0.2876892,0.49003822,-2.0565946,-0.15804744,1.4931631,0.06560775,1
0.92027336,0.8081288,0.39964077,-0.09535799,-0.44590032,0.6309105,-2.0564032,-0.30642945,1.5480802,-0.122876525,1
0.98837155,0.88943094,0.5290386,0.070255734,-0.5698515,0.51716334,-1.9907326,-0.09389836,1.5422599,0.068042904,1
0.7753438,1.0714281,0.32360128,0.26578978,-0.7571297,0.6461461,-1.7611407,-0.01091878,1.7134691,0.21693322,1
0.97534376,0.8714281,0.5236013,0.4657898,-0.64811707,0.44614613,-1.7072499,0.18908122,1.7147137,0.16699459,1
0.6967491,0.96282005,0.6502516,0.5019906,-0.66818744,0.5806479,-1.7139167,0.34964103,1.720624,0.32979324,1
0.8967491,1.1628201,0.45025164,0.30199063,-0.5751391,0.3806479,-1.5139166,0.37354684,1.5206239,0.52979326,1
1.0967491,1.113389,0.25025165,0.3071284,-0.7751391,0.1806479,-1.3139166,0.17354684,1.3206239,0.32979327,1
1.2967491,0.913389,0.45025164,0.1071284,-0.9751391,0.3806479,-1.1345538,0.23747617,1.3140873,0.12979327,1
1.0967491,1.113389,0.25025165,-0.09287161,-0.8835639,0.5806479,-0.9345538,0.037476167,1.5140873,-0.07020673,1
1.0854445,1.3133891,0.18716425,-0.10505265,-1.0835639,0.6218576,-0.7345538,-0.16252384,1.3140873,-0.27020675,1
1.2854445,1.2385757,0.121621974,-0.29760444,-1.283564,0.8218576,-0.5652639,0.020518243,1.1386929,-0.07020675,1
1.3001747,1.4385757,-0.07837803,-0.09760444,-1.0835639,0.6218576,-0.37244505,0.075402796,1.3386929,-0.27020675,1
1.5001748,1.3481282,-0.06378524,-0.29760444,-1.283564,0.8218576,-0.17244504,0.27540278,1.219789,-0.07020675,1
1.6342229,1.1035908,-0.24909696,-0.47830173,-1.280954,0.9822185,-0.35799745,0.4569613,1.3647137,0.124758415,1
1.7964909,0.885003,-0.3748128,-0.27257675,-1.0587175,0.7661274,-0.54651886,0.6434469,1.5325258,-0.07369378,1
1.7536414,0.95302516,-0.5048936,-0.063748635,-1.1056093,0.8486094,-0.6557136,0.38950682,1.4903055,0.11094256,1
1.5435745,1.1080264,-0.7003262,-0.26203966,-0.9754942,0.6444067,-0.45276082,0.58568704,1.6793531,0.30892777,1
1.7392501,1.3047823,-0.4990853,-0.061885785,-1.1725787,0.44330448,-0.33273017,0.38473046,1.4756839,0.108657606,1
1.5403801,1.4376903,-0.63714415,0.13811421,-0.9725787,0.24330448,-0.53273016,0.3003916,1.2756839,-0.0913424,1
1.5714223,1.6376903,-0.43714416,-0.06188579,-1.1725787,0.043304473,-0.73273015,0.5003916,1.1435599,0.108657606,1
1.7081928,1.386373,-0.61440176,0.017264456,-1.3235856,-0.15110241,-0.5137148,0.4204474,1.2486441,-0.088082,1
1.8135475,1.1275295,-0.53375334,-0.17367196,-1.4480166,-0.33368793,-0.6783149,0.20951334,1.1565464,-0.27379328,1
2.0135474,1.3275295,-0.33375335,0.026328042,-1.2480166,-0.13368793,-0.47831494,0.40951335,0.97975,-0.19877,1
2.2087188,1.1250699,-0.38287717,-0.17329311,-1.0457304,-0.33296,-0.38605216,0.20905632,1.1322533,0.0012273183,1
1.9910065,1.3133858,-0.18126462,0.026471397,-1.1099924,-0.13178761,-0.48602763,0.09034411,1.320506,0.19945297,1
1.6838253,1.4228187,0.017614176,0.12751758,-1.2315971,0.06413028,-0.6449729,-0.10309363,1.4295126,0.36425322,1
1.7484347,1.1349345,0.20197423,0.18851961,-1.328708,0.24514723,-0.65903187,0.0899417,1.5123994,0.15244833,1
1.5484346,1.1504275,0.001974225,0.08093033,-1.3646637,0.40087718,-0.85903186,0.09402817,1.3505758,-0.047551677,1
1.3484346,0.9504275,0.20197423,0.28093034,-1.1646637,0.60087717,-1.0590318,0.2890738,1.5505759,-0.14228216,1
1.1414039,1.1392577,0.3995134,0.08043489,-1.3563094,0.39842305,-1.0939163,0.08852849,1.7398591,0.057364505,1
0.8912182,1.2678627,0.45577875,0.26548508,-1.450246,0.18784522,-0.84626216,0.2731472,1.8364464,-0.13503167,1
0.9989082,1.343691,0.6003041,0.4197625,-1.1444832,-0.011126571,-0.930216,0.07844536,1.8641762,0.05947243,1
0.9521004,1.3565685,0.70329314,0.54463637,-1.0676733,-0.18553433,-0.9932139,-0.01607359,1.8139616,0.10216623,1
0.7521004,1.1565684,0.50329316,0.74463636,-0.86767334,0.014465675,-0.80377614,0.18392642,1.6644547,0.005320713,1
0.5521004,1.1580504,0.5921052,0.54463637,-0.9044431,-0.18553433,-1.0037762,0.05213371,1.7509345,-0.19467929,1
0.7494518,1.3532679,0.7893157,0.3434227,-0.7019623,0.014414732,-1.199537,-0.010939583,1.944064,-0.3932894,1
0.89280516,1.0844611,0.7718583,0.51100075,-0.848149,0.20162222,-1.0167826,0.0047014854,2.0161438,-0.55789226,1
1.0397626,1.0549772,0.78830796,0.6764902,-0.6166892,0.3821283,-0.7771377,-0.18581913,2.1085768,-0.34052092,1
1.2239599,1.2389805,0.63764066,0.86531794,-0.41137785,0.17980678,-0.672209,0.014000111,2.0343595,-0.13872975,1
1.3009453,1.1024162,0.76527756,0.6078417,-0.2840119,0.3469956,-0.79685956,0.19551283,2.041335,-0.30946717,1
1.0362185,1.2258445,0.8308361,0.38386387,-0.07907267,0.13835342,-0.9382522,-0.004223362,2.1095626,-0.4795146,1
0.858246,1.0182421,0.6261611,0.18250129,-0.2770045,0.33584595,-1.1298169,0.053980857,2.2924469,-0.27744317,1
1.0572433,1.2170879,0.42575732,-0.017482137,-0.07693154,0.5353382,-1.1436838,-0.1458808,2.0904644,-0.4769908,1
1.2143886,1.3687847,0.6044276,0.06259631,0.118873514,0.3239078,-1.282896,-0.334091,1.8260254,-0.2675492,1
1.2525983,1.1568675,0.40030396,-0.05666631,0.14691769,0.1226444,-1.3551623,-0.13272378,2.0053675,-0.13036741,1
1.4356232,0.98099387,0.1979632,0.14165868,-0.052461993,0.31887397,-1.1589675,0.06649003,2.1120098,0.06881886,1
1.4965233,1.0805575,0.3641188,0.31260264,-0.23099162,0.223678,-0.87741303,0.00049047294,2.1153872,-0.12002498,1
1.4887731,1.0487307,0.1497183,0.13944997,-0.3931745,0.14588735,-0.98287606,-0.18200368,2.1122248,0.07295766,1
1.2887731,1.2487308,-0.050281703,0.33944997,-0.5931745,0.34588736,-0.7828761,0.0028814524,1.9122248,-0.12704235,1
1.1732086,1.0487307,0.1497183,0.53945,-0.742098,0.14588736,-0.5828761,-0.19711855,2.1122248,0.07295765,1
0.9732086,0.84873074,-0.050281703,0.33945,-0.5607288,0.34588736,-0.7828761,0.0028814524,1.9122248,0.0575883,1
1.1732086,1.0487307,0.1497183,0.13945,-0.7607288,0.54588735,-0.98287606,0.20288146,2.1122248,-0.14241171,1
1.3732086,1.2487308,-0.050281703,0.1548894,-0.5607288,0.74588734,-0.7828761,0.0028814524,1.9122248,0.057588294,1
1.1732086,1.1774869,-0.03689935,-0.0451106,-0.3965975,0.9458873,-0.69720775,-0.19711855,2.1122248,-0.14241171,1
1.2459114,1.249793,0.14798114,0.014030154,-0.45753518,0.67674315,-0.814036,-0.36030543,2.0978801,0.052249826,1
1.2716755,1.0809035,-0.050006684,0.2057511,-0.6321006,0.6707973,-0.59028405,-0.30051032,2.2089942,0.04168587,1
1.352481,1.1771601,0.137845,0.0052853073,-0.39710373,0.4326663,-0.51454663,-0.4599728,2.2138839,0.20869415,1
1.5382085,1.0015478,0.33473906,-0.1929246,-0.5916143,0.62684995,-0.40476575,-0.6539054,2.036442,0.008614213,1
1.2329572,1.1070452,0.4926814,-0.36202076,-0.7293532,0.7618175,-0.55720043,-0.41820538,2.060544,0.19220653,1
1.3203442,1.2043273,0.36546993,-0.1492879,-0.8563173,0.51766545,-0.3291288,-0.2679699,2.0828927,0.36138386,1
1.404902,1.2976944,0.3118686,-0.22966735,-0.606482,0.39395398,-0.43912315,-0.062808834,2.1095488,0.1491297,1
1.3666772,1.0976944,0.5118686,-0.42966735,-0.40648204,0.59395397,-0.6186601,-0.26280883,1.9095488,0.3491297,1
1.1666771,0.8976944,0.7118686,-0.62966734,-0.20648204,0.39395398,-0.8186601,-0.06280883,1.8774161,0.5491297,1
0.9666771,1.0976944,0.5118686,-0.42966735,-0.006482035,0.19395398,-0.79043853,0.13719118,2.0774162,0.554804,1
0.76667714,1.2976944,0.3118686,-0.22966735,0.19351797,0.39395398,-0.9904385,-0.06280883,2.2774162,0.35480404,1
0.5496337,1.06468,0.10850403,-0.028775068,0.021512859,0.5760901,-1.1546347,-0.25490454,2.4029052,0.21749382,1
0.5200506,1.2367188,0.059655108,-0.223717,-0.17454092,0.7589313,-0.93352836,-0.053690635,2.3802047,0.017107038,1
0.6838691,1.2144912,-0.13329276,-0.4024259,-0.35572082,0.9107464,-1.013647,0.13895755,2.2010593,-0.17370287,1
0.8615284,1.3787385,-0.32486844,-0.19730936,-0.4642515,0.88550556,-0.79308116,0.24997403,2.1239488,-0.100523375,1
0.8818506,1.290682,-0.11557556,0.0024904017,-0.24458551,1.0047208,-0.91917473,0.046254892,2.1509974,0.0043149646,1
0.61352015,1.3412958,-0.28395072,0.18219818,-0.40003213,0.9893375,-1.0070186,0.22157688,2.1153963,0.18383989,1
0.7465247,1.4143662,-0.07703716,-0.016335797,-0.550618,0.7243336,-1.1076176,0.101022035,2.0608592,0.3522297,1
0.5366709,1.1924713,0.12074583,0.18035275,-0.7370844,0.9076679,-0.93054914,0.24216066,2.220096,0.14948502,1
0.6535224,1.2353021,0.284543,-0.017429655,-0.83131504,0.70497125,-1.0029433,0.3922537,2.1469383,0.09218301,1
0.45352238,1.035302,0.084543005,0.18257035,-0.63131505,0.50497127,-1.2029433,0.27909756,1.9469383,-0.107816994,1
0.64759594,1.2240999,-0.11440998,0.37910104,-0.42740372,0.30220568,-1.3902209,0.42919266,2.127469,0.09134705,1
0.42004514,1.3364425,0.08032171,0.16807684,-0.21340635,0.47129345,-1.3576994,0.2150852,2.1842067,0.2734138,1
0.6200451,1.1364424,0.14672267,-0.03192316,-0.013406351,0.67129344,-1.5576994,0.4150852,1.9842067,0.47341383,1
0.757805,1.1181992,0.32040697,0.15532008,0.17243148,0.45068702,-1.6242929,0.19876057,2.0184288,0.25266215,1
0.8675189,1.1939411,0.47135156,0.32182637,-0.024969812,0.58935094,-1.6523286,0.36117196,1.7662061,0.40999264,1
1.067519,1.00175,0.27135158,0.121826366,0.17503019,0.7893509,-1.4523286,0.16117196,1.7380081,0.20999263,1
1.0973369,1.134185,0.44485113,-0.07377854,0.0879288,0.6083557,-1.5594311,-0.036645047,1.8290491,0.38694194,1
1.2675686,0.9127494,0.63005453,0.123325214,-0.10949964,0.39898568,-1.7190596,-0.23121504,1.7131296,0.18265241,1
1.2872484,0.9760258,0.37721372,0.2835982,0.07938057,0.52538824,-1.6832646,-0.3782316,1.6780633,0.30492222,1
1.0643399,0.77617395,0.5650518,0.08183679,0.13207178,0.3185323,-1.8435842,-0.17447627,1.8384924,0.1027115,1
1.144723,0.5352617,0.33913064,-0.109772824,0.26249096,0.11011569,-1.8984758,0.02371138,1.8937457,0.06303159,1
1.1650598,0.67444503,0.49453682,0.0827641,0.42423636,-0.08244959,-1.9249017,-0.16170703,1.7204533,0.24127512,1
1.2212493,0.42446175,0.6213666,0.2529746,0.54658806,0.105166346,-1.901041,0.034258768,1.7181314,0.036926735,1
1.047108,0.53147846,0.7858838,0.09666694,0.6718534,0.29198328,-1.7284845,0.22413886,1.8352687,0.22669156,1
1.1104329,0.6977692,0.5588841,0.28299543,0.45010868,0.46931088,-1.5909418,0.40459296,1.9414761,0.02546151,1
1.1618084,0.71618325,0.35128522,0.4727687,0.41984594,0.2636086,-1.419863,0.59179157,2.0321617,0.22068769,1
1.2895926,0.86759865,0.14326267,0.25830394,0.58697593,0.20171024,-1.1551745,0.38794413,2.1137917,0.3983789,1
1.4895927,0.66759866,-0.056737334,0.058303937,0.7869759,0.0017102361,-0.9551745,0.58794415,1.9137917,0.5983789,1
1.4515519,0.78016174,-0.23086327,0.021950401,0.7742805,0.1813818,-0.9837828,0.70853484,1.900763,0.717918,1
1.2325873,0.95715547,-0.42075008,0.21674082,0.95141226,0.37243006,-0.765386,0.49659857,2.0514543,0.5057615,1
1.3360662,1.0791917,-0.20587695,0.015612895,1.0738354,0.53386235,-0.52729285,0.2766151,1.9688951,0.5817309,1
1.36857,1.1397055,-0.36161914,0.19210196,1.1349334,0.49480054,-0.64798707,0.06826081,1.7938427,0.6964891,1
1.1255574,1.290394,-0.1556703,-0.007607338,1.2857975,0.66922647,-0.81677455,0.25838673,1.7262675,0.47821444,1
1.0428513,1.490394,0.0012116432,0.19239266,1.0857974,0.86922646,-0.61677456,0.05838673,1.5262674,0.27821445,1
1.2428514,1.690394,0.20121165,0.37009978,0.88579744,0.66922647,-0.5655455,-0.14161327,1.3262674,0.47821444,1
1.3414243,1.7575064,0.37300795,0.5300239,0.6620549,0.80812305,-0.7117305,-0.11556095,1.4189764,0.258657,1
1.4913782,1.506938,0.16739082,0.70632184,0.83406615,0.58837885,-0.49511588,-0.2011173,1.5664123,0.44376558,1
1.5865245,1.6011198,0.34461513,0.47493342,0.6926326,0.41190496,-0.27682075,-0.0010480388,1.6569071,0.32195756,1
1.3865244,1.4011197,0.14461513,0.2749334,0.8926326,0.21190496,-0.076820746,-0.20104805,1.8569071,0.5219576,1
1.186176,1.5884526,0.25147784,0.07434057,1.0839883,0.011810769,-0.2746307,-0.3978752,1.8681856,0.31941044,1
1.2052824,1.5550627,0.39256075,0.23853959,1.11643,0.18416983,-0.41269222,-0.17205282,1.7982908,0.45162827,1
0.9717861,1.6965835,0.18614456,0.31270763,1.0637506,-0.015302707,-0.20560524,-0.282959,1.9317073,0.24324395,1
0.7043133,1.7058063,0.3473023,0.1032373,1.13663,-0.11961735,-0.36480543,-0.43437818,1.9172788,0.39865804,1
0.8029246,1.6921334,0.13078722,0.2692393,1.1867714,0.07137041,-0.32811925,-0.38238528,1.858082,0.53153837,1
0.6029246,1.4921334,0.33078724,0.0692393,1.3867714,-0.1286296,-0.52811927,-0.18238528,1.6690134,0.73153836,1
0.4029246,1.6921334,0.5307872,0.2692393,1.1867714,0.07137041,-0.32811928,0.017614722,1.4690133,0.53153837,1
0.596382,1.8716012,0.7228572,0.07084112,1.204094,-0.12723379,-0.126729,-0.18040615,1.6509023,0.61137617,1
0.6558102,1.9422288,0.49020454,0.23524986,1.056534,0.068221934,-0.30632463,-0.3566496,1.7353127,0.38568556,1
0.75741595,1.7334571,0.6108504,0.3852083,1.1120678,0.13165332,-0.4481115,-0.4926505,1.712806,0.5183481,1
0.55741596,1.533457,0.8108504,0.5852083,0.91206783,0.33165333,-0.6481115,-0.6926505,1.5128059,0.6292379,1
0.7128642,1.6314939,0.95139146,0.7390218,1.0466552,0.5003811,-0.798225,-0.84014416,1.2355857,0.40398982,1
0.50781447,1.5816065,1.1400547,0.5337145,0.9858806,0.4087555,-0.9883962,-0.6406595,1.4214506,0.3303543,1
0.68954045,1.7356099,0.91578484,0.7147718,0.76559114,0.20336597,-0.7680418,-0.8189558,1.4169079,0.5166619,1
0.8297601,1.5324537,0.7143137,0.9128916,0.9467054,0.4025369,-0.6900209,-0.61768365,1.6135846,0.31601104,1
0.6297601,1.3324536,0.70668083,0.71289164,1.1467054,0.2025369,-0.49002093,-0.81768364,1.4135846,0.11601104,1
0.4297601,1.1324536,0.9066808,0.9128916,0.9467054,0.002536893,-0.6900209,-0.61768365,1.2135845,-0.053815633,1
0.2297601,0.9324536,0.70668083,0.71289164,0.83431005,0.18726611,-0.8900209,-0.42602503,1.4135846,-0.25381565,1
0.029760092,1.1324536,0.9066808,0.53490704,1.0254217,-0.012733892,-0.77198106,-0.22602503,1.2135845,-0.41920123,1
0.2297601,1.3324536,0.8640854,0.73490703,0.82542175,-0.2127339,-0.5719811,-0.42602503,1.0135845,-0.21920122,1
0.029760092,1.4369758,0.948211,0.53490704,1.0254217,-0.4127339,-0.37198108,-0.626025,1.2135845,-0.01920122,1
0.2297601,1.2369758,1.148211,0.33490705,1.2254218,-0.29948744,-0.5719811,-0.826025,1.1546353,-0.07774471,1
0.4297601,1.0369757,0.948211,0.53490704,1.0254217,-0.09948744,-0.54323053,-0.676273,0.9860539,0.122255296,1
0.6297601,0.83697575,1.148211,0.73490703,0.8866322,-0.12514025,-0.4013992,-0.49061483,0.7860539,0.30796003,1
0.8297601,0.77176815,1.348211,0.53490704,0.6866322,-0.32514024,-0.20139919,-0.6740272,0.5860539,0.50796,1
0.6297601,0.97176814,1.5482111,0.33490705,0.48663223,-0.12514023,-0.4013992,-0.8740272,0.7860539,0.70796,1
0.4297601,0.77176815,1.7482111,0.1837512,0.48628455,0.07485977,-0.35224426,-1.0740272,0.9860539,0.50796,1
0.6297601,0.97176814,1.5482111,0.3837512,0.68628454,-0.12514023,-0.55224425,-0.8740272,0.7860539,0.70337975,1
0.4297601,1.1717682,1.348211,0.18375121,0.48628455,-0.22858623,-0.35224426,-0.71165764,0.9860539,0.8967499,1
0.6297601,1.3717682,1.1849458,0.2899537,0.28628457,-0.028586224,-0.55224425,-0.91165763,0.7860539,0.6967499,1
0.4297601,1.5717683,0.98494583,0.4899537,0.48628455,-0.22858623,-0.72102505,-0.71165764,0.77468485,0.49674994,1
0.6297601,1.3717682,0.78494585,0.6882349,0.28628457,-0.028586224,-0.6056672,-0.76002145,0.97468483,0.53469026,1
0.8297601,1.1717682,0.9596107,0.8882349,0.08628456,-0.22858623,-0.80566716,-0.9143638,0.77468485,0.33469027,1
1.0297601,1.3717682,0.7596107,1.0882349,0.27835125,-0.028586224,-1.0056672,-1.1143638,0.97468483,0.13469027,1
1.2022618,1.1455666,0.9381531,1.2594291,0.46765494,-0.22347488,-1.1787076,-0.893918,1.1484181,0.001945012,1
1.4022619,0.9455666,0.7381531,1.059429,0.26765496,-0.42347488,-0.9787076,-0.9518901,1.3484181,0.10705273,1
1.2699915,1.1455666,0.5381531,0.85942906,0.46765494,-0.22347488,-0.7787076,-0.7518901,1.5484182,-0.092947274,1
1.1171049,0.9455666,0.7381531,0.94669706,0.26765496,-0.42347488,-0.6932409,-0.9518901,1.6508622,-0.2929473,1
1.3171049,0.7455666,0.9381531,0.74669707,0.06765495,-0.338973,-0.7149962,-0.919266,1.4508622,-0.3662477,1
1.5066032,0.93902117,0.73304343,0.94014376,0.26580217,-0.13801098,-0.5114313,-1.1115181,1.6394346,-0.39074898,1
1.2247671,1.0676812,0.8746044,1.0687335,0.061680805,-0.11408757,-0.66687244,-1.1382511,1.5613036,-0.5079905,1
1.3554212,1.2059809,0.64177024,1.1710615,-0.13158695,0.081730925,-0.44414893,-1.0980473,1.5531807,-0.29300004,1
1.476561,1.1052363,0.79909223,1.3015484,-0.3147754,0.021798413,-0.51440394,-0.852516,1.3984503,-0.46800476,1
1.676561,0.9052363,0.59909225,1.2751522,-0.5147754,-0.17820159,-0.54325515,-0.652516,1.1984502,-0.66800475,1
1.786199,0.85547984,0.726688,1.4041191,-0.299618,0.0124634495,-0.32672638,-0.63284546,1.3311106,-0.45716098,1
1.8085653,0.65547985,0.52668804,1.3675673,-0.499618,0.21246345,-0.52672637,-0.83284545,1.1311105,-0.25716096,1
2.0085652,0.522552,0.5497712,1.1675673,-0.699618,0.01246345,-0.32672638,-0.63284546,1.3311106,-0.45716095,1
1.8085651,0.722552,0.3497712,1.3675673,-0.89961797,0.21246345,-0.52672637,-0.48817554,1.1311105,-0.65716094,1
1.5996542,0.4797924,0.13751565,1.4392956,-1.009638,0.3787122,-0.66725945,-0.6318632,1.2221879,-0.78702074,1
1.3709875,0.6658694,-0.061204597,1.6057209,-0.7930556,0.5668595,-0.4576894,-0.8148256,1.3930597,-0.57499784,1
1.4574172,0.43219063,-0.2423215,1.3788024,-0.9212653,0.5432119,-0.6101435,-0.9414615,1.4778938,-0.37779167,1
1.2459207,0.6001285,-0.040175125,1.1190182,-1.0333142,0.40318206,-0.76905626,-1.0835712,1.5927979,-0.54848844,1
1.3174044,0.7290114,-0.21882787,0.87779826,-0.7592476,0.24007009,-0.88292456,-1.1694849,1.6334504,-0.68196124,1
1.4483243,0.886718,-0.017970728,0.64694136,-0.5337878,0.4200358,-0.7292026,-1.1958596,1.7499822,-0.46001986,1
1.4416742,1.0114719,0.175954,0.81867445,-0.32264754,0.599342,-0.51154035,-1.3492724,1.4982511,-0.63799155,1
1.1894237,1.017365,0.36013362,0.975808,-0.5006542,0.76570517,-0.39720467,-1.484078,1.4474434,-0.41956058,1
1.3779161,1.2072824,0.5554944,1.0736383,-0.29816413,0.56101984,-0.49927187,-1.2734429,1.2371116,-0.61442924,1
1.56119,0.99660504,0.35172614,0.8643776,-0.4928835,0.4354198,-0.6918595,-1.4578242,1.026118,-0.78053916,1
1.36119,0.79660505,0.15172614,1.0643777,-0.29288352,0.6354198,-0.4918595,-1.6578243,0.82611805,-0.6615765,1
1.487381,0.674708,0.33509746,1.2046013,-0.46958125,0.4148343,-0.27806115,-1.7699913,0.9776059,-0.45893082,1
1.5204613,0.433,0.48216435,1.2656548,-0.6033447,0.19358237,-0.4307702,-1.7026099,1.0611143,-0.23331675,1
1.7023947,0.62635285,0.67500097,1.0544643,-0.7949087,-0.00635024,-0.62414646,-1.486831,0.85207176,-0.4287665,1
1.7984993,0.78122324,0.44905975,0.8077995,-0.562419,0.18307397,-0.40098256,-1.5947081,0.994615,-0.50786173,1
1.688406,0.873524,0.5778189,0.5410873,-0.67873573,-0.015068231,-0.5350186,-1.5977206,1.0634938,-0.57332957,1
1.8629867,0.66674906,0.37273315,0.7311117,-0.4722916,0.18244244,-0.38498738,-1.773522,0.8518706,-0.36830428,1
1.9843642,0.8337164,0.16615011,0.5108705,-0.2619143,0.3678672,-0.17793733,-1.6712633,1.0117828,-0.16189004,1
2.0924075,0.60703844,-0.032424893,0.3559759,-0.3567132,0.16080038,0.021133887,-1.7924875,0.8704442,0.036505617,1
2.1977878,0.55035335,0.16065839,0.5330278,-0.15024482,0.34590822,0.07692018,-1.526757,1.0262613,-0.15674609,1
1.9345425,0.7265989,0.3492408,0.32248497,0.048180055,0.528626,-0.119183406,-1.672092,1.1874409,0.041884597,1
1.6603347,0.8035497,0.52574307,0.40229803,0.23756234,0.31456664,0.07735907,-1.7919996,1.328083,-0.15135086,1
1.4603347,0.74422175,0.32574308,0.602298,0.43756235,0.51456666,0.0366131,-1.8635132,1.2357519,-0.35135084,1
1.6603347,0.54422176,0.52574307,0.40229803,0.23756234,0.71456665,-0.16338691,-1.6635132,1.0357518,-0.4301973,1
1.7960906,0.71852106,0.7006805,0.58149844,0.4224517,0.88298327,0.035348706,-1.4129727,1.1930768,-0.22224773,1
1.6557777,0.5185211,0.6814969,0.38149846,0.6224517,0.91331816,-0.1646513,-1.2129726,1.3930769,-0.42224774,1
1.7724063,0.3042114,0.84189534,0.17334457,0.40347296,0.6812721,-0.34826925,-1.2691784,1.5215074,-0.59429306,1
1.7364717,0.44389883,0.5651133,0.32868594,0.5312869,0.7758563,-0.13053362,-1.2934387,1.5155847,-0.6992815,1
1.8013161,0.22687596,0.3396303,0.49178642,0.6802469,0.53566456,0.06461799,-1.1602815,1.5958459,-0.8365164,1
1.8035556,0.024220204,0.40124708,0.2629535,0.7932651,0.35506248,0.22481574,-1.2258651,1.6183891,-0.7672339,1
1.6035556,0.2242202,0.20124708,0.4629535,0.9932651,0.15506248,0.42481574,-1.0258651,1.4183891,-0.5672339,1
1.6206807,0.4242202,0.40124708,0.6629535,0.9236715,-0.04493752,0.22481574,-0.8258651,1.3019065,-0.7672339,1
1.6834209,0.6242202,0.52265376,0.5046694,0.7236715,-0.24493752,0.42481574,-1.0258651,1.241207,-0.9672339,1
1.883421,0.8242202,0.32265377,0.30466944,0.5236715,-0.44493753,0.22481574,-1.1762912,1.041207,-0.9806034,1
1.6834209,0.6242202,0.4819206,0.5046694,0.72285295,-0.6449375,0.11040876,-0.97629124,1.241207,-1.1806034,1
1.8333226,0.5683267,0.27442163,0.29656535,0.85034597,-0.5270027,-0.087208144,-1.1450022,1.0135112,-1.3438798,1
1.6333226,0.7683267,0.07442163,0.09656535,0.80630285,-0.7270027,-0.25912976,-1.3450023,0.8135112,-1.3986796,1
1.6060659,0.84829396,-0.11001181,-0.090613,0.8815626,-0.8120924,-0.40221652,-1.3534855,0.537461,-1.400509,1
1.6035285,0.9307353,-0.2752462,0.09712003,0.6051302,-0.89859354,-0.17953938,-1.3792732,0.65476,-1.392926,1
1.6823562,1.0547655,-0.07019069,-0.09596785,0.7510365,-0.6516577,-0.023626247,-1.1000422,0.79733187,-1.4859033,1
1.7546344,1.169627,0.12100148,-0.2758858,0.51364756,-0.79387087,-0.20845273,-0.83897245,0.5928215,-1.5715111,1
1.9442992,0.9645,-0.07858081,-0.47336954,0.5896257,-0.9079301,-0.008408034,-0.6355939,0.7886294,-1.3642592,1
2.1442993,1.1645,0.12141919,-0.49817902,0.38962573,-0.7079301,-0.20840804,-0.5691728,0.5886294,-1.1642592,1
1.9442992,1.0185434,0.32141918,-0.698179,0.18962573,-0.9079301,-0.00840804,-0.5391584,0.38862944,-0.977444,1
2.1442993,0.9769155,0.2216562,-0.898179,0.20735216,-0.7079301,-0.0026434478,-0.33915842,0.5886294,-0.777444,1
2.301626,1.1554921,0.41398078,-1.0781888,0.007218327,-0.49868423,0.19376406,-0.5293441,0.3815552,-0.5669328,1
2.2632976,1.2263552,0.24407355,-1.1564165,0.18747675,-0.27022877,0.18144184,-0.5719619,0.16425854,-0.6938675,1
2.1688843,1.2558773,0.3909979,-1.1942977,0.015145943,-0.41402704,0.3358519,-0.49548054,0.32072234,-0.7118135,1
2.1495624,1.3662959,0.17924562,-1.3085054,-0.17347984,-0.22892761,0.12749283,-0.652687,0.11329419,-0.4803212,1
1.9365778,1.4656814,0.051171716,-1.4116032,0.02481658,-0.38897723,0.023930416,-0.7494002,-0.08113607,-0.6209081,1
2.1365778,1.2656814,-0.14882828,-1.2116032,0.22481659,-0.18897723,-0.020406596,-0.59086096,0.11886393,-0.4209081,1
2.336578,1.0656813,-0.3488283,-1.0116031,0.4248166,0.011022776,-0.22040659,-0.55859864,-0.04993517,-0.61368954,1
2.4985492,0.8527029,-0.5406002,-0.79943544,0.37131587,0.20785908,-0.41410378,-0.7472256,0.14781503,-0.40748745,1
2.6490626,0.64073354,-0.7270189,-0.63792866,0.35558292,0.00771496,-0.2101775,-0.53719044,0.34143674,-0.24615522,1
2.4490626,0.44073355,-0.5270189,-0.83792865,0.55558294,-0.19228505,-0.4101775,-0.7371904,0.14143674,-0.046155214,1
2.2490625,0.24073355,-0.7270189,-1.0379287,0.35558295,0.007714957,-0.6101775,-0.9371904,0.34143674,0.15384479,1
2.4490626,0.15918142,-0.9270189,-0.8379287,0.15558295,-0.024703477,-0.8101775,-0.7371904,0.14143674,0.0204871,1
2.3565748,-0.03914823,-1.0808997,-0.61182374,0.34103197,0.16812314,-0.9688396,-0.89883924,-0.056166768,-0.089810014,1
2.2683372,-0.21218579,-1.1364864,-0.51656014,0.38360748,0.12957804,-1.0370603,-0.9749521,-0.22728558,0.097766764,1
2.2251318,-0.010985116,-1.1911032,-0.38489068,0.3212335,-0.06348328,-1.1151726,-1.059184,-0.024597125,-0.09216019,1
2.3964581,0.18678005,-0.9793849,-0.18270461,0.5150707,-0.260368,-1.0306298,-0.84902537,0.173329,-0.28870583,1
2.5700884,0.3828519,-0.94432575,0.017119737,0.3118708,-0.3614289,-0.82219386,-0.6424339,0.048878994,-0.1924014,1
2.3700883,0.2940551,-0.9714572,-0.18288027,0.1678543,-0.16142888,-1.0221939,-0.84243387,0.04636507,0.0075986087,1
2.1700883,0.4940551,-1.1714572,0.0049905777,0.12652566,0.0027106702,-1.024121,-1.03965,0.24636507,0.20759861,1
2.1479144,0.6289938,-1.0334706,-0.14491645,0.27404517,0.18370841,-1.1093711,-1.1234443,0.40452245,0.36939,1
1.9583951,0.40466073,-1.1635066,0.051959146,0.28083915,0.36194396,-1.2351018,-1.2483768,0.57023317,0.15978198,1
2.0129948,0.19087376,-0.89860004,-0.1380681,0.4484474,0.15103461,-1.3384262,-1.2279522,0.7183464,0.2137416,1
1.9748216,0.23284273,-0.63915676,0.056662172,0.38583955,0.30203915,-1.4075228,-1.3064489,0.840205,0.012572336,1
2.16838,0.43156067,-0.83667123,-0.11415257,0.1852891,0.10173691,-1.3077407,-1.1031717,0.63830876,0.13978997,1
2.2616303,0.6030944,-0.9899455,-0.2999928,-0.01404784,-0.09383409,-1.0578115,-0.95141315,0.5593565,0.32447466,1
2.4192853,0.77155215,-0.7763568,-0.3463716,0.1827534,-0.28877956,-0.8430554,-0.73848736,0.46963853,0.485392,1
2.433008,0.90245765,-0.7589979,-0.5075149,0.17920244,-0.29238656,-0.5973229,-0.699959,0.25046247,0.63664854,1
2.233008,1.1024576,-0.9589979,-0.3075149,0.37920243,-0.09238656,-0.7064098,-0.89995897,0.05046247,0.43664855,1
2.141055,1.1461672,-1.019922,-0.26608276,0.50970006,-0.25730115,-0.79764366,-0.9679676,0.22040781,0.2082515,1
1.8769985,1.3017426,-1.1796635,-0.06390197,0.54071033,-0.05541016,-0.92817974,-0.9531933,0.406534,0.39477885,1
2.0124786,1.0739024,-1.3368057,0.13187027,0.3301265,-0.2474761,-0.70555955,-1.1173705,0.2001182,0.18872823,1
1.9922011,1.0299312,-1.3108994,-0.06134664,0.11717091,-0.40292472,-0.8154007,-1.1862112,0.00010642824,-0.01014954,1
2.0413585,0.86719465,-1.0344597,0.1291128,0.29534677,-0.5296979,-0.94553226,-1.2908278,0.18633735,0.17678708,1
1.8413584,0.66719466,-0.84787035,-0.07088721,0.49534678,-0.3296979,-0.7455323,-1.0908277,0.38633734,-0.023212925,1
2.0413585,0.46719468,-0.64787036,-0.11678286,0.56481475,-0.32999542,-0.5455323,-1.2908278,0.5863373,-0.22321293,1
2.2413585,0.2671947,-0.44787037,-0.2204319,0.36481476,-0.12999542,-0.7455323,-1.0908277,0.7863373,-0.023212925,1
2.4365087,0.067194685,-0.24787037,-0.020431891,0.20463821,-0.06374695,-0.94553226,-0.8908277,0.9863373,0.17678708,1
2.2365086,0.2671947,-0.42462564,0.17956811,0.00463821,0.13625306,-1.1455323,-0.6908277,1.1863374,0.20978394,1
2.2505121,0.12129659,-0.57694334,0.33323804,-0.1804484,0.11402152,-1.242818,-0.8228243,1.0454015,0.3413318,1
2.050512,0.3212966,-0.37694335,0.2437298,0.019551605,0.31402153,-1.442818,-0.8827712,0.89016354,0.1413318,1
2.210191,0.5119568,-0.17377315,0.042946316,0.21561803,0.50481206,-1.6133846,-0.67368096,0.6777983,-0.057617072,1
2.010191,0.7119568,-0.37377316,-0.01503424,0.015618026,0.70481205,-1.8133847,-0.47368097,0.47779828,-0.2576171,1
1.7731861,0.5014911,-0.5620438,-0.21063842,-0.18061276,0.49449244,-1.972226,-0.65990925,0.6639424,-0.44826227,1
1.9731861,0.30149114,-0.3620438,-0.27868852,-0.38061276,0.69449246,-1.772226,-0.45990926,0.4639424,-0.5002947,1
2.053206,0.47380418,-0.15309748,-0.4522605,-0.17064126,0.71883875,-1.8633409,-0.24555987,0.24937035,-0.43761393,1
1.8532059,0.47647163,-0.3530975,-0.2522605,-0.25260717,0.91883874,-1.6633408,-0.44555986,0.44937035,-0.63761395,1
1.9002632,0.67647165,-0.5530975,-0.4522605,-0.45260715,0.71883875,-1.4633408,-0.24555986,0.26008004,-0.43761396,1
2.100263,0.87647164,-0.3530975,-0.6522605,-0.65260714,0.91883874,-1.2633407,-0.045559853,0.46008003,-0.23761396,1
2.1862009,0.6429277,-0.1455059,-0.42983443,-0.81032926,0.77068216,-1.3907787,0.146782,0.6273489,-0.03574881,1
2.123655,0.69765997,0.04849829,-0.5605358,-0.89916605,0.555141,-1.4157505,-0.047362603,0.7363184,0.14617917,1
2.0514941,0.79252046,0.21939263,-0.3183076,-0.9704249,0.5512537,-1.4265038,-0.21838996,0.826651,0.04761,1
1.8514941,0.5925205,0.41939265,-0.118307605,-0.8183632,0.75125366,-1.3941098,-0.41838998,0.7127948,-0.15239,1
2.021259,0.3867355,0.47985744,-0.31361637,-1.0033545,0.937234,-1.3413616,-0.60927606,0.51008534,-0.34719643,1
1.9263855,0.16194624,0.5896059,-0.1544574,-1.0436085,0.9862654,-1.3367449,-0.70184416,0.56991696,-0.47455576,1
1.7263855,0.36194623,0.38960594,-0.3544574,-1.2436086,1.1862655,-1.2533122,-0.50184417,0.36991698,-0.6745558,1
1.8120912,0.1523378,0.5546241,-0.1714303,-0.9816903,1.3040171,-1.3670859,-0.2839355,0.25616658,-0.82266754,1
1.5375541,0.33604702,0.71973306,-0.35425675,-1.1270534,1.0529714,-1.4946297,-0.4615601,0.43507513,-0.92964566,1
1.7265952,0.13518895,0.516455,-0.15328382,-0.9212063,0.8475915,-1.6839415,-0.45365566,0.6310696,-0.83882564,1
1.8505069,0.32195112,0.3122089,-0.0042693517,-1.0769258,0.7886136,-1.4253352,-0.6278404,0.4140451,-0.99779856,1
1.5157012,0.47932062,0.1030442,-0.18758559,-1.1726326,0.9078683,-1.4925855,-0.7602263,0.46056175,-1.0999681,1
1.5650896,0.26322877,0.28558564,0.011699209,-0.9165986,1.0440433,-1.5950747,-0.6032909,0.24555063,-1.2250762,1
1.6294842,0.42764056,0.079010405,0.19543514,-0.6615449,1.148468,-1.6571655,-0.74157697,0.41132057,-0.9463233,1
1.5908413,0.5457694,-0.10520738,0.3438535,-0.7491626,1.1725702,-1.6149118,-0.4709322,0.53157824,-0.99679375,1
1.7683313,0.42993766,-0.30137107,0.27913308,-0.5422599,1.3553177,-1.3971269,-0.26752672,0.7223826,-0.9182124,1
1.5683312,0.34750694,-0.5013711,0.47913307,-0.34225988,1.5553178,-1.2168658,-0.13866936,0.7884365,-0.7182124,1
1.3683312,0.14750694,-0.7013711,0.27913308,-0.14225988,1.3553177,-1.4168658,0.061330646,0.60967547,-0.51821244,1
1.5683312,0.15775202,-0.5013711,0.47913307,-0.17635232,1.5553178,-1.2168658,0.26133066,0.40967548,-0.31821245,1
1.745285,0.35775203,-0.7013711,0.344689,-0.3763523,1.3553177,-1.0168657,0.46133065,0.60967547,-0.36429808,1
1.8619039,0.40056553,-0.86273545,0.5213419,-0.16879329,1.4886519,-1.1647071,0.6329839,0.39211547,-0.44856462,1
1.8797941,0.5475229,-0.60420185,0.2929606,0.028450498,1.5395081,-1.2441745,0.39474228,0.5398191,-0.5912826,1
2.0797942,0.3475229,-0.40420187,0.49296063,-0.14732061,1.339508,-1.0441744,0.45378616,0.7398191,-0.39128262,1
2.1740751,0.52213305,-0.19473256,0.2793754,-0.33121458,1.4681177,-0.8050282,0.62346864,0.5147865,-0.5638635,1
2.2547874,0.30594715,-0.018358344,0.45528874,-0.36846823,1.4108377,-0.57462794,0.6798647,0.67887133,-0.4849676,1
1.961626,0.48300818,0.08201401,0.6255788,-0.5426946,1.5209668,-0.7395073,0.48410624,0.8390244,-0.65391207,1
2.0533156,0.26882774,0.13667011,0.7842123,-0.5800705,1.2547783,-0.5124748,0.52187765,0.98696303,-0.8111259,1
2.1226916,0.064837806,0.31715342,0.92715776,-0.73485,1.2515316,-0.6711728,0.30321848,0.741343,-0.5756991,1
2.1554117,-0.12542784,0.46919402,0.67478794,-0.49633017,1.3469925,-0.808431,0.0957847,0.8735476,-0.42003965,1
2.0387027,-0.30653197,0.6303375,0.44721952,-0.27912384,1.4571669,-0.94020414,0.040779587,1.0112123,-0.20726311,1
2.14886,-0.10225666,0.58020806,0.47552615,-0.07594847,1.2067147,-1.094446,-0.15283063,1.055204,-0.112360045,1
2.2531738,0.09376154,0.36471942,0.64800704,0.11899801,0.9657039,-0.9183307,-0.3384573,1.2040704,0.084069744,1
2.0531738,-0.10623846,0.16471942,0.848007,0.024720311,0.7657039,-0.71833074,-0.5384573,1.4040705,0.28406975,1
2.2178006,-0.22020422,0.3589936,0.9858793,0.22119237,0.5568228,-0.9039136,-0.586966,1.1851674,0.08274991,1
2.0178006,-0.020204216,0.15899359,0.7858793,0.22048035,0.75682276,-1.1039137,-0.58803326,1.1282628,0.28274992,1
2.089383,-0.032508165,-0.038632013,0.9287938,0.019294472,0.9014197,-0.8515742,-0.67708224,1.2513522,0.45479718,1
2.077817,-0.20255479,0.14645568,0.66144466,0.19902907,0.9996355,-0.95439637,-0.54450834,1.3172301,0.44871897,1
1.9821543,-0.21686472,0.30148542,0.74962837,0.34723473,1.0439217,-1.0045547,-0.29979086,1.3202922,0.56451464,1
1.9807845,-0.37839636,0.09212032,0.8619965,0.13364787,0.8331346,-1.0933982,-0.09058213,1.3799994,0.6014035,1
2.1746318,-0.17789304,0.29129618,0.83697796,0.33270654,0.843151,-1.0018063,-0.2897623,1.1766702,0.400271,1
2.1742554,0.020241527,0.08359241,0.9494755,0.12150847,0.95512766,-0.7341481,-0.08218795,1.2605038,0.54961884,1
2.1455407,-0.17252854,-0.11172565,1.1032434,-0.07533458,0.72475624,-0.8965764,-0.18860476,1.1177007,0.71946895,1
2.075234,0.024305578,-0.2758015,1.1530539,-0.24360426,0.8181847,-0.9702039,-0.21614352,1.1658452,0.45960388,1
2.2072394,-0.17044385,-0.46158233,0.92457217,-0.4303473,0.98775655,-0.8249292,-0.4037072,0.9369812,0.38583392,1
2.3558407,-0.36253425,-0.64745647,0.72814465,-0.22542898,0.7709366,-0.6115859,-0.1993577,1.1127048,0.26857686,1
2.279025,-0.5016078,-0.7556709,0.82761997,-0.02267484,0.86577725,-0.7236854,0.00057273405,0.98408484,0.2370918,1
2.3666875,-0.36193794,-0.9123644,0.5991792,0.13899685,1.0174813,-0.6028747,0.19148374,0.7876554,0.035410967,1
2.1666875,-0.5619379,-1.1123644,0.39917922,0.33899686,0.81748134,-0.46462107,0.39148372,0.9876554,0.23541097,1
2.2107844,-0.33809564,-0.85226333,0.5597089,0.12984058,0.9504558,-0.62083983,0.55252033,1.0872545,0.4067287,1
2.0107844,-0.53809565,-0.65226334,0.3597089,0.3298406,1.0510602,-0.8208398,0.35252035,0.9779232,0.31040964,1
2.1029983,-0.73809564,-0.45226336,0.28770033,0.1298406,0.8510602,-0.6955801,0.15252034,1.1779232,0.51040965,1
2.211613,-0.5167434,-0.41593456,0.46834788,0.31675217,0.6252254,-0.8600425,-0.045595616,1.3232458,0.6822198,1
1.9975532,-0.31452963,-0.61162966,0.6636767,0.23351857,0.62686765,-1.0526336,0.15332521,1.5125995,0.47884947,1
1.7975532,-0.40573344,-0.41162968,0.4636767,0.033518568,0.81993395,-0.85263366,-0.046674788,1.7125995,0.27884948,1
1.8491832,-0.20573343,-0.36761114,0.6636767,-0.16648144,0.61993396,-1.0526336,0.12981898,1.5125995,0.07884948,1
1.9269451,-0.0053914194,-0.15761279,0.69322664,-0.34462005,0.77102315,-1.1779115,0.27328527,1.6104394,-0.11196138,1
1.9674783,-0.1899923,-0.33080092,0.82625735,-0.13377723,0.528211,-1.0899731,0.06779074,1.6747026,0.08143797,1
1.7674782,0.010007709,-0.13080092,1.0262574,0.06622277,0.328211,-0.8899731,0.26779073,1.8747027,0.28143796,1
1.7921448,-0.07761688,-0.30132133,1.1169784,0.2424981,0.48113903,-0.62848556,0.42610314,1.8898138,0.07418054,1
1.7761508,0.109114,-0.44696665,1.1741879,0.3945212,0.60728806,-0.4658996,0.2015884,1.8632302,-0.033377655,1
1.7399892,0.17032924,-0.24136737,1.188528,0.5234724,0.7108124,-0.58632064,0.08385996,1.8166621,-0.20548767,1
1.9399892,0.17255296,-0.041367367,0.98852795,0.7234724,0.67315,-0.6903413,0.28385997,1.616662,-0.0054876655,1
1.6232029,0.3475476,0.14798538,1.1087552,0.7946689,0.7675708,-0.8305825,0.4513838,1.6947297,0.082443014,1
1.335614,0.13846698,0.27755105,1.1019009,0.9334535,0.86519265,-0.9671569,0.42020106,1.7781214,-0.11032212,1
1.3483366,0.338467,0.47755104,0.90190095,0.7334535,0.941351,-0.7671569,0.60675025,1.5781213,0.089677885,1
1.1483365,0.538467,0.67755103,1.1019009,0.90065265,0.91572744,-0.5671569,0.5596449,1.3781213,0.2896779,1
0.94833654,0.738467,0.877551,0.90190095,1.1006527,0.75964177,-0.7671569,0.3596449,1.5781213,0.12324059,1
0.7378215,0.9252804,1.0624101,0.6920384,1.282377,0.55177814,-0.95356715,0.5517812,1.6515356,0.31869867,1
0.8195166,0.9833278,0.75361824,0.77950895,1.2953773,0.6569423,-1.0080463,0.656945,1.617967,0.103724994,1
1.0110693,1.0794082,0.5490312,0.6241409,1.4829873,0.4531563,-1.1980369,0.46212372,1.4062183,0.30120847,1
1.2110693,1.244426,0.3490312,0.5579839,1.3842525,0.6531563,-0.9980369,0.33518744,1.2093134,0.10120846,1
1.4110694,1.4444261,0.1490312,0.3579839,1.1842525,0.4531563,-1.1980369,0.37970155,1.0093133,0.031954683,1
1.5447946,1.576779,0.13874368,0.53502995,0.9437631,0.24274215,-1.2967292,0.55585426,0.91231054,0.22241272,1
1.5663139,1.5950265,-0.05499021,0.65984136,1.0267638,0.28757197,-0.9845412,0.67853546,0.99852866,0.020120047,1
1.6010818,1.6271085,-0.23113683,0.41682494,0.74942315,0.07937993,-1.0737318,0.79635173,1.0864108,-0.16305286,1
1.7034771,1.3497701,-0.26133028,0.58339775,0.8979717,-0.114083394,-1.2047054,0.56403404,1.1303098,0.034944896,1
1.7154188,1.4498084,-0.43157402,0.41542098,0.97032434,0.0803749,-1.3141004,0.3405535,0.87030387,0.2197907,1
1.4747385,1.6012566,-0.61298764,0.59730995,0.7476547,0.2721238,-1.4695424,0.13641718,0.84676915,0.019208279,1
1.3616081,1.5513605,-0.7404427,0.48411644,0.73964494,0.429995,-1.520565,-0.05790917,0.9533633,-0.018358352,1
1.4342151,1.3513604,-0.9404427,0.2960565,0.93964493,0.629995,-1.320565,-0.25790918,0.7533633,0.18164165,1
1.5022676,1.1116545,-1.0483626,0.4560046,1.0476294,0.39527693,-1.3977937,-0.4209373,0.87638813,0.2181053,1
1.5830346,1.2197815,-1.1609228,0.6100557,0.7882583,0.18159902,-1.1912374,-0.45888558,1.000994,0.016837137,1
1.6274575,1.1057668,-1.2421767,0.73937494,0.9020286,0.3483029,-0.90474784,-0.23629671,1.0962023,-0.16718115,1
1.7471685,1.121613,-0.99638873,0.89810365,0.67118514,0.5242133,-0.6737849,-0.4171281,1.2392539,0.03137696,1
1.7365237,1.178641,-1.0669633,0.97931075,0.7769403,0.28913993,-0.7792588,-0.19363916,1.0598458,0.20634659,1
1.7388163,1.23789,-0.9963195,0.69974774,0.8772005,0.08003927,-0.8792823,0.0057114395,1.1312231,0.364861,1
1.5388162,1.03789,-0.96887654,0.8997477,0.6772005,-0.11996073,-0.6792823,0.047112726,1.283188,0.28976938,1
1.7102902,0.824144,-1.1497005,1.0817059,0.6223992,-0.31471163,-0.47141948,0.24305873,1.4588556,0.08829667,1
1.8414968,0.6106601,-0.91549987,0.97904074,0.40718776,-0.4961758,-0.6404392,0.04150809,1.5991169,0.24139132,1
1.9203485,0.76255316,-1.0167936,0.73281026,0.5711555,-0.65486276,-0.79056513,0.017605076,1.3160893,0.21779935,1
1.7203485,0.56255317,-0.85525036,0.93281025,0.7711555,-0.45486277,-0.9287606,-0.084792584,1.5160893,0.017799348,1
1.8640339,0.35192123,-0.636035,0.9894819,0.5544062,-0.6356588,-0.70738953,0.005980932,1.6657647,-0.17685759,1
1.6640339,0.15192123,-0.836035,0.78948194,0.35440624,-0.4356588,-0.50738955,0.20598094,1.6139191,-0.33989027,1
1.8323944,0.040759448,-0.8330127,0.9726867,0.15178539,-0.390951,-0.6953825,0.37780505,1.7831302,-0.13751581,1
1.627421,-0.1587554,-1.0298655,0.77033263,-0.048067722,-0.19036925,-0.7609256,0.5760447,1.8999082,-0.33648753,1
1.6416873,0.037052613,-0.74552035,0.86014766,0.13649033,-0.35069323,-0.86325985,0.6971697,1.8864795,-0.27595627,1
1.7205498,-0.15222947,-0.5096386,0.6167263,-0.009918792,-0.5084609,-0.9933236,0.46446827,1.9492407,-0.34038153,1
1.9205499,-0.041090973,-0.30963862,0.59309334,0.046890028,-0.70846087,-0.9044228,0.6644683,1.7492406,-0.14038153,1
1.9698454,0.14761558,-0.4734193,0.36515677,0.058341347,-0.82886314,-1.025933,0.4314592,1.6466217,-0.3161911,1
2.0044878,0.107014894,-0.4697964,0.16553633,-0.13086328,-0.95045656,-1.1325084,0.5788607,1.4740413,-0.10733652,1
2.0623534,0.20529623,-0.25240126,-0.032241628,-0.23280507,-1.0762808,-1.2465949,0.66715354,1.1918975,0.086689,1
2.0122883,0.35314608,-0.44644958,-0.2291863,-0.13386098,-0.86475265,-1.4275638,0.85574543,0.9788483,0.28291738,1
2.022661,0.50573283,-0.22532502,-0.39239836,-0.3052439,-0.97348684,-1.1223425,0.9652517,1.0778027,0.23335676,1
2.1146271,0.29087248,-0.40465182,-0.1830467,-0.28358468,-0.735891,-1.2580692,0.75025654,1.2156942,0.031735428,1
1.9146271,0.43020034,-0.2987372,0.016953304,-0.08358468,-0.5734656,-1.4580692,0.55025655,1.0515136,-0.16826457,1
1.714627,0.6302003,-0.49873722,0.2169533,-0.28358468,-0.6880123,-1.2580692,0.35025656,0.85151356,-0.36826456,1
1.514627,0.8302003,-0.36838093,0.41695333,-0.08358468,-0.4880123,-1.0580691,0.55025655,0.92058617,-0.16826455,1
1.714627,1.0302004,-0.56838095,0.60735387,0.06879774,-0.28801233,-1.2580692,0.5517738,0.87897044,0.03173545,1
1.8312007,0.8302004,-0.76838094,0.80735385,0.26879776,-0.10310395,-1.4580692,0.3517738,0.67897046,-0.16826455,1
1.6312007,0.97250783,-0.56838095,0.60735387,0.06879775,-0.30310395,-1.5088909,0.5427881,0.87897044,-0.36826456,1
1.8312007,1.0260751,-0.36838096,0.40735388,-0.13120225,-0.10310395,-1.4726322,0.7427881,1.0789704,-0.56826454,1
1.537373,1.1555506,-0.15869558,0.5724185,-0.036222063,-0.25399995,-1.4545438,0.8885583,1.2054033,-0.72407347,1
1.6177936,1.2622511,0.0153381135,0.7192547,0.1344398,-0.42275214,-1.359433,0.64116645,1.2561092,-0.4880027,1
1.3797622,1.4230273,0.007096395,0.50532603,0.22131875,-0.6060472,-1.128332,0.81860274,1.4170501,-0.6695475,1
1.5007046,1.4907291,0.19673248,0.45948923,0.020251874,-0.61859584,-0.9681971,0.9676278,1.1561441,-0.8260319,1
1.5690795,1.3810177,0.37146485,0.24296254,0.20622417,-0.39193577,-1.0937954,1.0932623,1.2257351,-0.58616036,1
1.6063478,1.0723798,0.39281937,0.4022159,0.368857,-0.4186478,-1.0725645,1.1742995,1.2945865,-0.66099554,1
1.631831,1.0321933,0.5355453,0.5318071,0.1525432,-0.39483073,-0.8177386,1.2415242,1.35019,-0.69987404,1
1.3940555,1.1996847,0.7161396,0.32305318,0.34324217,-0.18969058,-0.601441,1.4034929,1.5092919,-0.48668602,1
1.1940554,0.99968475,0.5161396,0.12305318,0.54324216,0.010309428,-0.801441,1.603493,1.3092918,-0.68668604,1
1.0842081,0.79968476,0.63864326,0.2985955,0.47781962,-0.18969058,-1.001441,1.803493,1.1092918,-0.886686,1
0.8252666,0.5597096,0.78273904,0.46535897,0.25930008,0.0096221985,-1.0442225,1.8699397,1.2220141,-1.0142472,1
1.0252666,0.35970962,0.98273903,0.26535898,0.4593001,-0.1903778,-0.8442225,1.6699396,1.022014,-0.8142472,1
1.2252667,0.5597096,0.78273904,0.46535897,0.2593001,0.009622201,-0.6442225,1.4699396,0.82201403,-1.0142472,1
1.373032,0.679899,0.9467225,0.64097416,0.44246715,0.20193973,-0.42794216,1.6087378,0.9845581,-1.1697462,1
1.1730319,0.7479623,0.95226246,0.44097418,0.64246714,0.084010914,-0.22794215,1.8087379,0.7845581,-0.9697462,1
1.356183,0.93632954,0.74303126,0.23801711,0.832129,-0.11456575,-0.3488653,1.9840881,0.5773848,-0.7603004,1
1.4663557,1.0707372,0.8885967,0.4127335,0.9725515,0.08050273,-0.14027236,1.6811053,0.35560107,-0.904869,1
1.1584566,1.162465,0.9958435,0.3374679,1.0065585,0.15420528,-0.31127968,1.720827,0.50826144,-0.92068195,1
1.3584566,0.962465,1.1185122,0.5374679,0.80655855,0.35420528,-0.5112797,1.5208269,0.30826145,-0.72068197,1
1.5583844,0.76242965,1.318451,0.46974096,0.6065304,0.5541796,-0.7112467,1.3207656,0.5082379,-0.9206393,1
1.3583844,0.56242967,1.118451,0.669741,0.7692914,0.7541796,-0.85561365,1.4790759,0.7082379,-0.7206393,1
1.463695,0.340408,1.2383404,0.8168945,0.91039604,0.87715083,-0.99147326,1.2013576,0.47735676,-0.53717107,1
1.5568852,0.17253523,1.3459984,0.95160943,1.0391082,0.6336775,-1.1149802,0.9629104,0.26597974,-0.3265779,1
1.3568852,0.37253523,1.1459984,0.75160944,0.83910817,0.4336775,-0.91498023,1.1629105,0.46597975,-0.5265779,1
1.5568852,0.5725352,1.3459984,0.6573265,1.0391082,0.23367749,-0.9716503,0.9629105,0.66597974,-0.5797127,1
1.3067706,0.38720164,1.4888992,0.8256624,1.0549409,0.40047738,-1.1283771,0.9127751,0.5480293,-0.7509151,1
1.3377221,0.52132195,1.422095,0.55546767,1.1141459,0.19923998,-1.179343,0.884419,0.6641059,-0.84422946,1
1.4660571,0.30634686,1.5464977,0.33890122,0.99568385,0.38063353,-1.3150592,0.66759944,0.74948883,-0.61420536,1
1.266057,0.5063469,1.7464978,0.5389012,0.79568386,0.5806335,-1.1150591,0.46759945,0.8960772,-0.6286137,1
1.0430678,0.6911148,1.9045223,0.7229671,0.5828382,0.47200286,-1.2867005,0.65320295,0.6810666,-0.41937083,1
1.1339396,0.81288433,1.9197675,0.47705612,0.34922904,0.2481239,-1.356184,0.77830076,0.43883404,-0.5649966,1
1.2677672,0.81386566,2.0146124,0.26331222,0.14182626,0.4258939,-1.0988294,0.7831639,0.22698624,-0.72704756,1
1.4248801,0.59592897,1.905565,0.06146228,-0.05647395,0.21929345,-1.2584907,0.95443654,0.41451,-0.51164764,1
1.6114424,0.7893466,1.6914599,-0.13739201,0.14233908,0.019133884,-1.0497369,1.1448894,0.609428,-0.30907032,1
1.6272172,0.5294095,1.6990968,0.0562407,0.3075229,-0.16247188,-1.1226375,1.0308766,0.7271084,-0.4572974,1
1.7140697,0.32631797,1.4062676,-0.13485725,0.28706604,-0.34002638,-1.2407354,1.1546566,0.8696987,-0.3642107,1
1.6368644,0.12393341,1.3205563,0.063913025,0.4778715,-0.47108963,-1.1014485,1.3290843,1.0495056,-0.16111082,1
1.7600656,0.31038985,1.4569821,0.25287887,0.6495299,-0.53417325,-0.86375916,1.1762099,0.813988,-0.34601283,1
1.6490451,0.47348416,1.1660912,0.049055263,0.7881013,-0.681086,-0.98684,1.2223029,0.94066775,-0.50653124,1
1.6574559,0.24514705,1.2245435,0.22324935,0.88571894,-0.78979206,-1.0638653,0.9163767,0.9286929,-0.63332385,1
1.7830386,0.4273126,0.983496,0.40629226,0.7780025,-0.9501369,-0.8432553,0.6876757,1.0834728,-0.7999375,1
1.9794636,0.2269028,0.7820835,0.20592034,0.61825573,-0.74878454,-1.0413744,0.64893323,0.96509826,-0.99813473,1
2.0125506,0.39420867,0.537505,0.37483314,0.75559,-0.87612236,-0.77693826,0.78391814,0.7642589,-1.1063763,1
2.0163624,0.5415198,0.3075782,0.52386236,0.87085724,-0.8694635,-0.89031255,0.53214175,0.5142257,-1.1905391,1
2.0114882,0.30995068,0.14589605,0.65695053,0.92715555,-0.95109767,-0.98952717,0.6644646,0.641824,-0.89897645,1
2.0589223,0.3776392,0.3220334,0.79783124,0.77002937,-1.0716858,-0.9548823,0.43242213,0.78374827,-0.65075547,1
2.0020697,0.51195824,0.108157486,0.88437194,0.8597313,-1.1270877,-1.0235654,0.20599437,0.51737267,-0.75401956,1
1.8020697,0.7119582,-0.09184252,1.0843719,1.0597314,-1.2415417,-0.8235654,0.0059943646,0.57829875,-0.5540196,1
1.8691874,0.4779783,-0.2724722,1.1991249,1.1761199,-0.97241193,-0.9556288,0.192322,0.6141919,-0.33052242,1
1.8813598,0.61643577,-0.4295842,0.9084308,1.2512046,-0.70229733,-1.0507282,0.35670954,0.74028474,-0.48236498,1
1.6813598,0.7884061,-0.32408798,0.7084308,1.0512046,-0.52840173,-1.2507282,0.1683454,0.9402847,-0.682365,1
1.853143,0.57958114,-0.122226894,0.5008054,1.2324389,-0.3395189,-1.4289702,-0.031179838,0.7291819,-0.8691312,1
1.9448209,0.6316155,-0.26822183,0.28493515,1.1060574,-0.51105434,-1.1641307,0.15991336,0.880159,-1.0127248,1
1.7154979,0.7385681,-0.067075305,0.47678548,1.2285976,-0.69910455,-1.3412056,-0.039412957,0.9179693,-0.79906636,1
1.4798619,0.6308495,0.12979907,0.66087127,1.3950051,-0.7761931,-1.1143708,0.15681094,1.0916809,-0.9755739,1
1.5715387,0.7772735,-0.06567414,0.580211,1.4921538,-0.5390382,-1.0253259,0.33380255,0.83418226,-1.0997689,1
1.662134,0.9169201,-0.24926695,0.7320276,1.3490832,-0.31810027,-1.0110725,0.12553932,0.5950172,-1.2187221,1
1.7081081,0.9698184,-0.41210595,0.8549351,1.109797,-0.4752457,-0.7439848,-0.068301685,0.7292575,-1.3013729,1
1.341008,1.0402012,-0.5442839,0.9380471,1.1646701,-0.60042775,-0.8393903,-0.23857357,0.8262948,-1.3350191,1
1.541008,0.8402012,-0.7442839,1.1380471,0.9646701,-0.40042776,-0.6393903,-0.43857357,1.0262948,-1.1350191,1
1.7018318,0.8033149,-0.9230356,0.9417102,1.1384627,-0.19591773,-0.82050234,-0.23320518,0.8077015,-1.002582,1
1.848195,0.5862998,-1.091363,1.1095108,0.9119954,0.003967146,-0.6467136,-0.032268703,0.97928154,-0.7799469,1
1.6254394,0.40785846,-0.8790565,1.2914313,1.0966429,0.20115112,-0.44054615,0.16541554,1.163,-0.96641743,1
1.7269864,0.5750743,-0.64243233,1.4109926,0.8482834,0.37951547,-0.22757256,0.34570724,1.143422,-0.96997744,1
1.71269,0.7750743,-0.44243234,1.6109927,0.6482834,0.57951546,-0.42757255,0.22447383,0.943422,-0.76997745,1
1.51269,0.9750743,-0.24243234,1.6297762,0.8482834,0.54672045,-0.45858762,0.42447382,0.74342203,-0.96997744,1
1.6254495,1.1152188,-0.4198959,1.3569467,0.99488634,0.70868427,-0.24541575,0.21303965,0.5157414,-1.1103815,1
1.7680213,0.88642615,-0.212978,1.18242,0.7698794,0.8800972,-0.43140304,0.012629423,0.6932243,-1.2691572,1
1.814281,0.6788092,-0.01196417,1.1621051,0.8941131,0.8322925,-0.21332599,-0.084007576,0.7196464,-1.3543878,1
1.5064443,0.8201033,-0.19780461,1.2711142,1.0210246,0.59005433,-0.38571513,-0.15210539,0.8582125,-1.4505521,1
1.3064443,0.6201033,-0.39780462,1.4711143,0.9295098,0.7175348,-0.5857151,0.018700391,0.8001433,-1.3065398,1
1.4100883,0.7676474,-0.28557825,1.5642256,0.8471533,0.8588469,-0.36104378,-0.06481913,0.5617566,-1.4101777,1
1.2592375,0.9245481,-0.46395046,1.3034625,1.0005128,0.6295017,-0.53605473,-0.253024,0.7278277,-1.53846,1
1.0592375,1.1245481,-0.26395047,1.5034626,1.0777838,0.7929639,-0.33605474,-0.15587187,0.52782774,-1.33846,1
0.9219982,1.0026426,-0.063950464,1.7034626,0.87778383,0.59296393,-0.26925397,0.044128135,0.7278277,-1.3507805,1
0.83862174,1.1810582,-0.2592132,1.476479,1.0584402,0.3859112,-0.460832,-0.15307435,0.9111755,-1.5229478,1
0.9000705,1.1968262,-0.051314212,1.4528382,1.0905653,0.4799546,-0.57267755,-0.30597454,0.757276,-1.493108,1
0.8476607,1.3169451,-0.23694214,1.1811912,1.1456001,0.26394466,-0.351365,-0.477039,0.9025316,-1.5962832,1
1.0476607,1.3701671,-0.33072397,0.9811912,0.9456001,0.06394465,-0.151365,-0.277039,0.70489156,-1.4333088,1
1.2476608,1.1701671,-0.530724,1.1811912,0.7456001,-0.13605535,-0.351365,-0.47703898,0.90489155,-1.425036,1
1.0476607,1.3384603,-0.730724,1.0494906,0.5456001,0.06394465,-0.151365,-0.38145605,1.1048915,-1.2250359,1
1.2476608,1.5384604,-0.530724,0.8494906,0.6058615,0.26394466,-0.351365,-0.18145604,1.3048916,-1.2389379,1
1.4075013,1.3013302,-0.65097576,0.6314731,0.3946025,0.4510744,-0.21307144,0.018029531,1.4631445,-1.3990204,1
1.2075013,1.1295319,-0.45097578,0.43147314,0.5946025,0.25453877,-0.41307145,-0.18197048,1.2631445,-1.5990205,1
1.4011168,0.9253155,-0.24983735,0.48450068,0.3928126,0.1668221,-0.6102905,0.017947743,1.4565077,-1.79086,1
1.2011168,1.1248921,-0.04983735,0.28450066,0.1928126,0.36682212,-0.8102905,0.060180284,1.6565077,-1.59086,1
0.94975156,1.2569147,-0.23701872,0.45964193,0.37265822,0.53773963,-0.9584546,0.24683098,1.7612542,-1.3194978,1
1.1037936,1.0146676,-0.34752944,0.6332747,0.27008674,0.3242395,-1.1121489,0.3392327,1.8828589,-1.0747491,1
1.2698532,1.1929464,-0.2916439,0.8183737,0.06883341,0.5148648,-0.91726315,0.5124274,1.6527652,-1.0507848,1
1.3189446,1.2499337,-0.24770105,0.55488575,0.24123248,0.6108059,-1.0025547,0.48667702,1.6625432,-0.94419235,1
1.3011353,1.027509,-0.046682235,0.6295489,0.040351827,0.40203184,-1.1768702,0.67201084,1.8227626,-0.7282977,1
1.1011353,0.827509,0.15331776,0.8295489,-0.020886403,0.20203184,-1.3768703,0.6993512,1.6227626,-0.5282977,1
1.2215586,0.89659166,0.33170903,0.68971276,0.1681591,0.3774438,-1.4804298,0.8443473,1.7112833,-0.3381667,1
1.2651366,0.97592765,0.30742976,0.7918127,0.26062283,0.15791866,-1.4955229,0.5734462,1.7009742,-0.41702333,1
1.4651366,1.1759276,0.10742976,0.67136663,0.060622826,-0.04208134,-1.2955228,0.7734462,1.5009742,-0.21702333,1
1.5365872,1.2697053,-0.085423775,0.43497688,0.24050261,0.14572726,-1.3800677,0.61847234,1.5696582,-0.015709115,1
1.5746677,0.9699658,0.006689045,0.56200904,0.39943013,0.3134916,-1.4327421,0.7421579,1.5375507,-0.19559638,1
1.7608368,1.1332664,0.2050782,0.75607026,0.44177884,0.5094897,-1.2231346,0.5379326,1.3271264,0.0043693013,1
1.5608368,1.3332665,0.4050782,0.55607027,0.36454454,0.30948973,-1.0231346,0.73793256,1.5271264,0.2043693,1
1.7120491,1.101867,0.5883133,0.70965976,0.15998548,0.49537322,-0.80032796,0.523028,1.6792728,0.004248243,1
1.9117066,0.9017054,0.788172,0.50956845,0.35992098,0.580411,-0.6002204,0.6686672,1.5294847,-0.19571668,1
1.9721824,1.0289139,0.54931045,0.6200055,0.4742511,0.3552766,-0.37377712,0.43770155,1.6152147,-0.27264887,1
2.0105927,0.79861563,0.59783363,0.40465358,0.64960605,0.5349803,-0.16742526,0.61439246,1.5740125,-0.45537272,1
2.2105927,0.59861565,0.39783365,0.6046536,0.62356204,0.3349803,-0.36742526,0.41439247,1.3740125,-0.2553727,1
2.2581167,0.79172915,0.19612773,0.79771507,0.81646043,0.3695266,-0.16598155,0.21254376,1.2846496,-0.27027917,1
2.2362845,0.55072886,0.36868045,0.9285844,0.8196174,0.15778027,-0.32737774,0.011674609,1.3045988,-0.437694,1
2.2220454,0.6002467,0.5186725,0.664515,0.70817,-0.0044322726,-0.4810018,0.19306062,1.3722892,-0.58161724,1
1.946676,0.77041847,0.4319007,0.44720078,0.874319,0.18827817,-0.65561825,0.37840974,1.513684,-0.75248337,1
2.0255313,0.9156542,0.29746184,0.23325032,1.0136912,0.2810217,-0.42990604,0.16834143,1.4920456,-0.60828334,1
1.9877319,0.9964459,0.08704798,0.0296975,0.9719606,0.3655155,-0.40423897,-0.028275836,1.5112495,-0.72191775,1
1.8700578,1.060896,0.28704798,0.2296975,1.1719606,0.1655155,-0.20423897,-0.22827584,1.3112495,-0.52191776,1
1.988048,0.86089605,0.48704797,0.4296975,1.0264267,-0.034484506,-0.40423897,-0.42827582,1.5112495,-0.32191777,1
1.8394177,1.033773,0.27970928,0.6135985,1.1950717,-0.22848964,-0.5887909,-0.6122132,1.2777259,-0.5085743,1
1.8644394,0.7622367,0.07287037,0.74379325,1.2753772,-0.391726,-0.72111404,-0.4238668,1.3509398,-0.2820992,1
1.5725627,0.5312014,-0.12011212,0.8916961,1.3939368,-0.18114276,-0.87026876,-0.5894295,1.4653283,-0.45548743,1
1.690918,0.5397981,0.07620822,1.0414122,1.1389436,0.01798867,-0.63939595,-0.37149227,1.5886228,-0.62529546,1
1.4331532,0.66644055,0.25806057,0.8950249,1.2509713,0.20366621,-0.78424525,-0.16022474,1.6711054,-0.77107126,1
1.2331531,0.86644053,0.45806056,1.095025,1.0509713,0.13309908,-0.98424524,-0.19206852,1.5178546,-0.57107127,1
1.033153,0.66644055,0.25806057,0.89502496,1.0441055,-0.066900924,-1.1842452,-0.3920685,1.3178545,-0.6871897,1
0.83315307,0.46644056,0.45806056,0.8963595,0.95414877,-0.12434232,-1.3842453,-0.5920685,1.5178546,-0.4871897,1
1.033153,0.26644057,0.65806055,0.6963595,1.1541488,0.07565768,-1.1842452,-0.3920685,1.3178545,-0.35477182,1
1.2331531,0.46644056,0.85806054,0.49635953,1.3510464,0.05020666,-0.98424524,-0.1920685,1.2430444,-0.15477182,1
1.4331532,0.66644055,0.65806055,0.6963595,1.5510465,-0.112118885,-1.1842452,-0.3920685,1.0430443,-0.35477182,1
1.2331531,0.86644053,0.85806054,0.49635953,1.7032355,0.08788112,-0.98424524,-0.1920685,1.2430444,-0.37616456,1
1.033153,1.0664406,0.65806055,0.47144958,1.5032355,0.28788114,-1.1842452,-0.009824514,1.0430443,-0.17616455,1
1.2331531,1.2664406,0.68457556,0.6714496,1.5287521,0.48788112,-0.98424524,-0.09508636,0.84304434,-0.37616456,1
1.2650924,1.4162694,0.7399985,0.58129543,1.6696064,0.6643467,-0.7574139,0.10132424,0.6210439,-0.5564523,1
1.0641233,1.614799,0.5395072,0.38094854,1.8679055,0.46392423,-0.5569068,-0.09858599,0.82029694,-0.35612798,1
0.8641233,1.7565897,0.44347256,0.58094853,1.6679054,0.26392424,-0.35690683,-0.298586,0.62029696,-0.55612797,1
1.0641233,1.9565897,0.24347256,0.38094854,1.4679054,0.06392424,-0.15690683,-0.498586,0.80849224,-0.75612795,1
1.1887659,2.0280302,0.043404073,0.17016177,1.5684776,-0.12796396,0.04052429,-0.28078657,0.5801277,-0.74132425,1
1.2646527,2.0289125,0.2216512,0.33708063,1.4017246,-0.298654,-0.14522347,-0.43781894,0.34615594,-0.85719866,1
1.1708076,1.7720956,0.02097858,0.52039576,1.5519656,-0.22905284,-0.31773427,-0.6180045,0.47369218,-1.0243558,1
1.2176608,1.7517726,-0.15902111,0.63991296,1.5562357,-0.02580705,-0.4598929,-0.37130496,0.24311525,-1.0875705,1
1.3921374,1.9166331,0.04024111,0.4319928,1.331818,0.17105679,-0.6480122,-0.16822079,0.43513742,-0.8715908,1
1.3274285,1.9968928,0.2266504,0.2188687,1.4451613,0.3500657,-0.42266768,0.029981429,0.599207,-0.63359815,1
1.4070109,1.7148796,0.40717736,0.0180075,1.5700735,0.5249598,-0.5886013,0.2194847,0.3809865,-0.79555136,1
1.1903818,1.7902753,0.19711389,-0.17315236,1.6840936,0.6897454,-0.59615767,0.12302361,0.55276555,-0.5666229,1
1.2445145,1.9234828,0.38378695,0.025946653,1.4342881,0.47330981,-0.38286284,0.3121831,0.7275031,-0.7408954,1
1.3180925,1.9376382,0.53269464,-0.09437346,1.4912573,0.2493901,-0.5318514,0.10236498,0.626526,-0.49355692,1
1.1180924,1.7376381,0.7326946,-0.29437345,1.2912573,0.4493901,-0.33185142,0.30236498,0.826526,-0.58453965,1
1.2861316,1.8906548,0.9100789,-0.0920851,1.4427555,0.24334295,-0.51895523,0.09988285,0.61133415,-0.37521544,1
1.3543357,1.9052473,0.6471063,-0.05805012,1.4970695,0.039499123,-0.51039237,0.1955311,0.7393818,-0.15967664,1
1.4411887,1.9519969,0.5084541,-0.2392655,1.20265,-0.14881732,-0.6586797,0.36673865,0.871,0.037388045,1
1.5774703,1.705881,0.32134363,-0.4222112,1.2207755,-0.19681002,-0.8253419,0.16026509,1.0294188,-0.15629862,1
1.7774704,1.505881,0.12134363,-0.2222112,1.0207754,0.003189981,-0.96886855,-0.039734915,0.82941884,0.04370138,1
1.7738225,1.5452348,-0.07124915,-0.38245073,1.1058127,0.18405518,-1.0587939,-0.2171586,0.9324764,-0.14157967,1
1.539826,1.7075356,-0.26538983,-0.17850958,0.92891395,-0.015600396,-1.2316025,-0.016787952,1.1080136,-0.05490732,1
1.4572611,1.8708777,-0.06509976,0.021395095,0.7256806,-0.21464401,-1.0270264,-0.2158263,1.3022115,-0.041313227,1
1.536677,1.9201986,0.12508476,0.12084181,0.7238172,-0.013578498,-1.1377467,-0.19101258,1.0220134,0.14714055,1
1.2342056,1.9576615,0.30016336,0.10522416,0.85299623,0.1721302,-1.2173588,-0.1685799,1.1283324,-0.048807185,1
1.3587366,1.9089564,0.17822094,-0.08978866,0.77104247,0.01545649,-1.3427764,-0.017998887,1.0080765,-0.23571476,1
1.4355835,1.9423312,0.34833834,-0.033478867,0.52592534,-0.07394722,-1.4208843,0.16762151,0.74423176,-0.40128967,1
1.4410993,1.9204352,0.17612095,0.16049175,0.6996411,0.121488675,-1.1766785,0.3543107,0.91004306,-0.57951826,1
1.4762999,1.9075007,0.33835083,0.3242911,0.809299,0.021421883,-1.2384323,0.4986467,0.6387404,-0.34140697,1
1.4163553,1.9009953,0.12479439,0.4729179,0.9104019,-0.16107997,-1.1723677,0.56838375,0.7565556,-0.12755106,1
1.2309638,1.7009952,0.32479438,0.32143453,0.7104019,-0.36108,-0.9723677,0.36838377,0.5565556,0.07244894,1
1.1391944,1.8050569,0.5247944,0.121434525,0.5104019,-0.16107999,-1.1723677,0.16838376,0.7565556,0.27244896,1
1.3146375,1.9682901,0.7115038,0.27904767,0.30471006,0.03820634,-1.3472027,0.13185751,0.9390152,0.071120456,1
1.1146375,1.76829,0.9115038,0.079047665,0.5047101,0.23820634,-1.5472027,-0.06814249,0.7390152,-0.12887955,1
1.2553939,1.8795897,0.7817958,0.26647246,0.67295253,0.36787224,-1.2864914,-0.25605872,0.8952441,-0.3140587,1
1.3729591,1.8817021,0.5488424,0.44005105,0.4461641,0.5357075,-1.4022952,-0.4302272,0.6558649,-0.107598305,1
1.4826652,1.7875805,0.32881746,0.60330963,0.23203331,0.31643656,-1.5103172,-0.21701124,0.80673486,-0.03478858,1
1.6255735,1.9201432,0.124446765,0.3896256,0.24188346,0.45312566,-1.296965,-0.40286234,0.58614874,-0.22682236,1
1.4255735,2.1201432,0.32444677,0.1896256,0.44188344,0.46524873,-1.1034681,-0.20286234,0.38614875,-0.21197292,1
1.4940827,2.1324694,0.48202488,0.35810924,0.5792968,0.24379304,-1.198032,-0.0026308033,0.1710914,-0.011004443,1
1.2668065,2.2833066,0.2847197,0.15477668,0.3713022,0.042869985,-1.368565,0.17025638,-0.028299287,0.18501198,1
1.4303805,2.0315707,0.08261581,-0.04410027,0.5372595,0.23683867,-1.529612,-0.029004987,0.16743678,0.32346946,1
1.1915019,2.1610558,0.2736855,-0.236387,0.713963,0.42303512,-1.2875978,-0.2217687,0.3558262,0.50692844,1
1.2262099,2.0805936,0.16896757,-0.38454998,0.45291096,0.5490268,-1.3108908,-0.37166816,0.48980138,0.62295467,1
1.3293667,2.1257355,-0.02892525,-0.17201857,0.23573768,0.325327,-1.4082975,-0.49778816,0.27012312,0.46704754,1
1.0826612,2.2295537,0.16399989,0.026824247,0.41771755,0.5036019,-1.1583278,-0.6689308,0.45068097,0.6394615,1
0.810189,2.075797,0.33411318,0.20820053,0.566999,0.64583164,-1.2468004,-0.797586,0.5972559,0.77053636,1
0.9186427,2.0695574,0.34227946,0.20011519,0.6974912,0.7691798,-0.9519362,-0.6533949,0.72500616,0.88258344,1
0.9830838,1.9945289,0.47656518,0.32482716,0.7887318,0.63743556,-1.0069041,-0.7499791,0.46138507,0.9513942,1
0.86709213,2.1111941,0.2765652,0.12482716,0.74489987,0.43743557,-0.83356607,-0.94997907,0.37686324,0.7513942,1
0.65787804,2.2792711,0.46998268,-0.07413453,0.9318486,0.62863106,-0.62481505,-0.7396201,0.25391155,0.9382532,1
0.48411927,2.079271,0.6699827,0.12586547,0.96904707,0.62293446,-0.42481506,-0.5396201,0.2544466,0.73825324,1
0.5658375,2.2792711,0.46998268,0.32586548,1.1690471,0.82293445,-0.22481506,-0.7396201,0.054446593,0.53825325,1
0.76205564,2.0690033,0.58511215,0.12524393,1.3622866,0.8477065,-0.42271724,-0.6831608,-0.14483464,0.7346076,1
0.56205565,1.8690033,0.78511214,0.18023859,1.1622865,0.6477065,-0.22271724,-0.4831608,0.055165365,0.93460757,1
0.76205564,1.6690032,0.98511213,0.0003977418,0.9916982,0.8477065,-0.42271724,-0.2831608,0.25516537,0.90256864,1
0.7892759,1.8690033,0.78511214,0.20039774,1.1916982,1.0477065,-0.22271724,-0.0831608,0.4551654,0.70256865,1
0.8661531,1.9985538,0.56518906,0.3867642,1.3401551,1.2052221,-0.40832373,-0.2735192,0.24647702,0.4854562,1
0.66615313,1.7985537,0.76518905,0.18792596,1.1401551,1.0052221,-0.20832373,-0.4735192,0.04647702,0.6854562,1
0.8661531,1.9985538,0.56518906,0.38792598,1.3401551,0.8052221,-0.008323729,-0.27351922,-0.15352298,0.48545623,1
0.77338433,2.1985538,0.36518908,0.587926,1.1401551,1.0052221,-0.20832373,-0.4735192,0.04647702,0.28545624,1
0.79489124,2.0427887,0.16518907,0.4810956,1.3401551,0.9648992,-0.008323729,-0.27351922,-0.15352298,0.48545623,1
0.9948912,2.2427888,0.36518908,0.28109562,1.1401551,0.7648992,-0.20832373,-0.4735192,0.04647702,0.6854562,1
1.1104207,2.0427887,0.16518907,0.19274671,1.3401551,0.5648992,-0.40832373,-0.6735192,-0.15352298,0.5128318,1
0.927881,2.1588826,0.3515268,0.23394892,1.4825356,0.7362832,-0.20053002,-0.58428216,0.044738244,0.41992095,1
1.127881,1.9811306,0.1515268,0.033948913,1.3561201,0.5362832,-0.33984476,-0.5728177,0.24473825,0.41334975,1
0.92788106,1.7811306,-0.04847321,0.23394892,1.1561201,0.7362832,-0.13984476,-0.7728177,0.44473827,0.40153924,1
1.1211798,1.9379712,-0.22069052,0.43137068,1.219572,0.9307203,-0.33782563,-0.718603,0.6409076,0.5979653,1
0.8602944,1.9402807,-0.39288497,0.5896402,1.272529,0.97498876,-0.12871604,-0.48432595,0.78532773,0.7452237,1
0.94596064,1.9094899,-0.52895296,0.3476245,1.3137432,0.78122836,0.06359727,-0.61053365,0.8369428,0.8030357,1
0.74596065,1.7094898,-0.32895297,0.5476245,1.1137432,0.98122835,-0.13640273,-0.41053367,1.0369428,0.6030357,1
0.8801916,1.7767303,-0.49217686,0.32345554,1.2224036,1.0991021,-0.3130139,-0.19589606,1.1509429,0.74720365,1
0.68019164,1.5767303,-0.29217684,0.52345556,1.3751286,0.89910215,-0.11301391,-0.21292408,1.1329846,0.7775945,1
0.8801916,1.7767303,-0.09217684,0.72345555,1.243753,0.69910216,-0.25084823,-0.41292408,0.93298465,0.9775945,1
0.68019164,1.5767303,0.10782316,0.6784651,1.443753,0.49910218,-0.45084822,-0.30614078,1.1329846,1.1775945,1
0.8801916,1.4825742,-0.09217684,0.47846514,1.243753,0.46611395,-0.5756248,-0.10614078,0.93298465,1.2440299,1
0.68019164,1.6825743,-0.21614131,0.6784651,1.0437529,0.666114,-0.7756248,-0.30614078,1.025865,1.0440298,1
0.84513944,1.807604,-0.39956918,0.45941105,0.8101519,0.7983393,-0.55270153,-0.48598453,1.1770469,1.1944884,1
0.92413926,1.7751751,-0.4935646,0.24259107,0.53951204,0.7663595,-0.6655581,-0.60656524,1.2176204,1.2330426,1
1.0257814,1.8023549,-0.63288033,0.09839513,0.67480755,0.51680523,-0.7898251,-0.37099236,1.2935841,1.06386,1
0.9640214,1.8636488,-0.77518547,-0.09456655,0.4419169,0.5608877,-0.9212584,-0.15914746,1.3901213,0.81930035,1
1.1379585,1.626399,-0.9533507,-0.28797108,0.62754416,0.3528073,-1.096153,0.039937843,1.1634741,0.99647784,1
1.2952025,1.3808167,-1.116494,-0.47237736,0.801099,0.5351417,-0.8675154,0.23227035,0.93268514,1.1582431,1
1.4952025,1.5808167,-0.9164941,-0.27237737,0.601099,0.7351417,-0.9963684,0.032270342,0.73268515,0.9582431,1
1.677537,1.4189159,-1.1048591,-0.46745476,0.39691922,0.52956504,-1.1839012,0.22984987,0.5271341,0.7503415,1
1.7386556,1.4991647,-1.2083387,-0.4333701,0.1823531,0.6755991,-0.911122,0.39805385,0.58624864,0.5096327,1
1.9036595,1.6684918,-0.99013644,-0.42368406,-0.017328352,0.46701372,-0.69828504,0.19447863,0.77205545,0.30404332,1
2.0385532,1.4230435,-0.7656825,-0.6043817,-0.21060225,0.6463703,-0.712705,0.011407718,0.9419713,0.10082328,1
2.1200848,1.2168099,-0.74369466,-0.8002819,-0.0105482135,0.49171484,-0.5100919,-0.18763107,1.136151,0.05429392,1
2.139545,1.0168098,-0.5436947,-0.6002819,0.18945178,0.6917148,-0.7100919,-0.38763106,0.93615097,0.25429392,1
2.0673194,1.1237106,-0.3173983,-0.7390516,-0.009741166,0.73395324,-0.84045994,-0.54267085,1.0492231,0.41953546,1
1.792403,1.2706037,-0.11268831,-0.901377,-0.027766358,0.89648324,-0.7434891,-0.71287507,1.1991045,0.21072774,1
1.5501842,1.4094564,-0.29968682,-0.672214,0.16507222,1.0508918,-0.9042591,-0.49154988,1.3409302,0.28223404,1
1.6346898,1.5032486,-0.23773794,-0.5815667,-0.032622904,1.1683456,-1.0313891,-0.31929094,1.0656403,0.076807424,1
1.7966753,1.4870462,-0.42866805,-0.37366068,-0.22780299,0.9482816,-0.81416285,-0.11681924,1.2394165,0.271072,1
1.5966753,1.3058724,-0.62866807,-0.2922218,-0.039332777,1.1482816,-0.61416286,0.08318076,1.4394165,0.47107202,1
1.3373355,1.4418933,-0.4104555,-0.4713091,0.15384105,1.290998,-0.39656657,0.27114943,1.5697637,0.597146,1
1.5146432,1.2235619,-0.20734899,-0.6614,0.34861806,1.4689896,-0.58776075,0.14109023,1.3893785,0.39128378,1
1.2939183,1.40112,-0.40092728,-0.84782034,0.5399693,1.2489843,-0.38164786,-0.05798108,1.5643226,0.18826826,1
1.3816682,1.4808149,-0.5557748,-0.5991444,0.6843695,1.3401105,-0.537944,-0.11412557,1.2618101,0.26737458,1
1.5816683,1.2808149,-0.35577482,-0.7991444,0.8843695,1.1401105,-0.33794403,0.08587443,1.06181,0.06737457,1
1.703703,1.4160149,-0.53145427,-0.89884126,0.6544217,0.89897156,-0.51440376,-0.10913147,1.1931595,0.25567433,1
1.60959,1.616015,-0.33145428,-0.6988413,0.4544217,1.0989716,-0.31440377,-0.30913147,0.9931595,0.45567435,1
1.6980866,1.7041156,-0.123354316,-0.5214772,0.5583348,1.0895921,-0.48270717,-0.47775978,0.76587737,0.61527294,1
1.7046384,1.710053,0.06883415,-0.64794606,0.6810472,1.1581601,-0.25389436,-0.34863046,0.5356091,0.6836018,1
1.8675615,1.4806572,-0.1286125,-0.8314394,0.7597442,0.93950796,-0.061782435,-0.53795046,0.32907596,0.866401,1
2.0116506,1.2460258,0.06945705,-0.6143641,0.55566615,1.0932213,-0.25470334,-0.32881165,0.5147688,1.0375634,1
1.8116505,1.4460258,-0.13054296,-0.4143641,0.5593191,0.8932213,-0.45470333,-0.12881164,0.71476877,0.89111674,1
1.6116505,1.490427,-0.33054298,-0.4916527,0.75931907,0.69322133,-0.25470334,-0.32881165,0.91476876,0.69111675,1
1.6654932,1.6230665,-0.12534107,-0.6640916,0.764644,0.47356737,-0.4365842,-0.5077394,1.0703472,0.85560733,1
1.4649953,1.613199,0.06606435,-0.5634534,0.8535962,0.5960277,-0.563302,-0.62626594,1.1241075,0.934088,1
1.2649952,1.813199,0.009345617,-0.76345336,0.6535962,0.39602768,-0.46555367,-0.42626595,1.3241075,0.734088,1
1.4649953,1.613199,-0.09231296,-0.5634534,0.6616193,0.19602768,-0.31829435,-0.22626595,1.1241075,0.6428087,1
1.6649953,1.413199,0.10768704,-0.3634534,0.8616193,0.29906428,-0.51829433,-0.22592033,0.9241075,0.5763676,1
1.7672725,1.613199,-0.09231296,-0.5634534,0.6616193,0.49906427,-0.31829435,-0.42592034,0.72725666,0.7763676,1
1.5672724,1.813199,0.10768704,-0.3634534,0.8616193,0.29906428,-0.11829434,-0.22592033,0.92725664,0.9763676,1
1.4417856,2.0098667,-0.092160165,-0.16318284,0.6605242,0.0989003,0.08157042,-0.11332302,1.1253908,1.0556961,1
1.6417856,1.8098667,0.10783984,-0.36318284,0.4605242,0.018473774,0.28157043,-0.1714012,1.1219006,0.85569614,1
1.4417856,1.6370717,-0.092160165,-0.56318283,0.6605242,0.21847378,0.08157043,0.0285988,1.3219006,0.65569615,1
1.6182165,1.4164414,-0.014422323,-0.7522267,0.8481707,0.018208569,0.2775283,0.22531709,1.5000526,0.843412,1
1.7983369,1.2164414,0.18557768,-0.9522267,0.6481707,-0.18179144,0.07752828,0.4253171,1.3000525,0.6588189,1
1.5983368,1.4164414,-0.014422327,-0.7522267,0.8481707,-0.38179144,-0.04312115,0.2253171,1.1000525,0.46803892,1
1.7983369,1.4915357,-0.21442233,-0.5522267,1.0481707,-0.58179146,-0.18468472,0.4253171,0.9000525,0.6680389,1
1.9983369,1.2915356,-0.41442233,-0.7522267,0.8481707,-0.78179145,-0.37876976,0.2253171,0.7788759,0.54437894,1
1.7832048,1.4789851,-0.21261807,-0.94421417,0.7705213,-0.9735302,-0.5738997,0.41086605,0.7347058,0.34148118,1
1.8236401,1.254597,-0.01160284,-1.0521529,0.892435,-1.0791103,-0.7116332,0.19390018,0.6488335,0.2593043,1
1.9689536,1.0260977,0.18330595,-1.2183149,0.83254725,-0.85535336,-0.88699734,0.38325548,0.4367043,0.05770168,1
2.1689537,0.82609767,-0.016694054,-1.4183149,0.63254726,-0.65535337,-0.68699735,0.18325548,0.25294378,0.2577017,1
1.9689536,0.7743265,-0.20656285,-1.618315,0.83254725,-0.45535338,-0.6966898,0.38325548,0.3036935,0.45770168,1
1.9721329,0.5222095,-0.005967302,-1.6317923,0.57514703,-0.5958836,-0.8153201,0.5303282,0.43094575,0.5980188,1
1.7865528,0.32220954,0.06649506,-1.8317924,0.775147,-0.39588362,-0.70547837,0.33032823,0.63094574,0.39801884,1
1.9058146,0.11724265,-0.12807898,-1.5654724,0.9355147,-0.57166547,-0.86867756,0.5087744,0.7971741,0.18997088,1
2.0353699,0.30663007,-0.31710392,-1.477847,0.8268014,-0.55853665,-0.6463086,0.36793765,0.9638161,0.03259744,1
