pca_0,pca_1,pca_2,pca_3,pca_4,pca_5,pca_6,pca_7,pca_8,pca_9,target
-0.0022896142,0.1477627,0.0402922,-0.0015578866,-0.07932436,-0.12522453,0.037841152,0.2,-0.09876407,-0.2,1
-0.20228961,0.28782338,0.05110225,0.1191402,-0.19119494,-0.024266146,0.003572356,0.18418656,-0.24347165,-0.31844088,1
-0.36320716,0.32204744,-0.1355096,0.07606658,-0.22872989,0.032400075,-0.07532135,-0.01581344,-0.19252455,-0.5184409,1
-0.16320716,0.12204744,-0.0054263175,0.15207341,-0.3188401,-0.16759993,-0.052550904,0.18418656,-0.25396493,-0.44737437,1
0.036792845,0.32204744,-0.017517256,0.03775616,-0.29378632,0.03240007,0.06520463,0.06176927,-0.25326273,-0.31911522,1
0.23679285,0.18921672,-0.21751726,-0.024837755,-0.38872367,0.13956305,0.26520464,0.15150896,-0.43528348,-0.11911522,1
0.28995404,0.30530548,-0.12995996,-0.11084292,-0.20161666,0.03245327,0.28160983,0.17942303,-0.63528347,-0.16835086,1
0.46729207,0.2677081,-0.32995996,-0.14266676,-0.18146001,-0.14323403,0.48160982,0.34461808,-0.4385119,-0.14242615,1
0.42124596,0.25922906,-0.3315394,-0.1415024,-0.16481803,0.056765974,0.6816098,0.27067527,-0.6156899,-0.20710853,1
0.28410798,0.3160542,-0.5315394,-0.1554769,-0.26724178,0.091442436,0.8411145,0.35501185,-0.4156899,-0.33811703,1
0.48410797,0.35410854,-0.34873685,-0.18642607,-0.26592013,0.25555366,0.8657863,0.55501187,-0.6156899,-0.30290198,1
0.3491035,0.27094424,-0.14873685,-0.10395801,-0.25492015,0.21223523,0.6657863,0.38884026,-0.4156899,-0.251945,1
0.45948207,0.070944235,-0.34851062,-0.05872694,-0.18457162,0.1802681,0.677756,0.58884025,-0.21568988,-0.29529563,1
0.27513248,-0.024170227,-0.21568203,-0.060524937,0.015428379,0.2622414,0.73647195,0.78884023,-0.069026485,-0.34074968,1
0.3245423,0.070135884,-0.11382688,-0.114551894,0.21542838,0.4554603,0.6927348,0.60298866,0.0025719032,-0.54074967,1
0.52454233,-0.093493156,0.086173125,-0.21513985,0.08769399,0.6554603,0.67060363,0.80298865,-0.1974281,-0.74074966,1
0.59075516,0.04354515,0.09617445,-0.1041325,0.033153474,0.8554603,0.5049623,1.0029887,0.0025718957,-0.6936947,1
0.509483,-0.058332637,0.29617447,-0.07377354,-0.039343216,0.6554603,0.49174428,1.1304661,-0.1974281,-0.7216393,1
0.64603317,-0.062461827,0.09617446,-0.07835121,-0.1402295,0.8554603,0.43916702,1.3304662,-0.3974281,-0.6833071,1
0.81753874,-0.07138464,-0.10382554,-0.0172096,-0.057609245,1.0554603,0.34293836,1.5304662,-0.35686135,-0.7090575,1
0.7289621,-0.13555428,-0.14768498,0.025718976,-0.18398413,1.2554604,0.14293836,1.5841665,-0.5412079,-0.7572921,1
0.9289621,-0.28514254,-0.079159655,0.17262593,-0.06818343,1.0554603,0.0796249,1.7841666,-0.7412079,-0.9572921,1
1.1289622,-0.44168764,0.12084035,0.16687845,-0.15522933,1.2498065,0.10378811,1.5841665,-0.6713092,-0.88212353,1
0.98953235,-0.24168764,-0.032851033,0.09543114,-0.22458154,1.4498066,-0.096211895,1.7841666,-0.87130916,-0.92551595,1
0.8034577,-0.041687638,-0.1394568,0.1838786,-0.22725739,1.2498065,-0.15204601,1.5868986,-0.76515454,-1.1255159,1
0.88731766,-0.1302645,-0.33106688,0.22201836,-0.027257383,1.0498065,-0.29395983,1.7868986,-0.85100496,-1.0200181,1
0.68731767,0.011503637,-0.13106687,0.24595712,-0.22725739,1.2498065,-0.16559868,1.9868987,-0.65100497,-1.2200181,1
0.88731766,-0.18849637,0.06893313,0.19191405,-0.21868712,1.0498065,-0.08318227,1.7934239,-0.45100498,-1.0783758,1
0.68731767,-0.21078433,-0.13106687,0.29493347,-0.18158798,0.8708802,-0.056055415,1.5934238,-0.65100497,-0.8783758,1
0.8104758,-0.2163439,0.06893313,0.35472575,-0.10026737,0.6708802,-0.10556111,1.6082841,-0.85100496,-0.8303542,1
1.0104759,-0.40201646,0.08403723,0.4832797,0.021173231,0.8708802,0.045368925,1.4082841,-0.6659697,-0.78763145,1
0.88639027,-0.20201646,-0.11596277,0.525092,0.0051317494,1.0708802,-0.091983765,1.6082841,-0.49878114,-0.90213424,1
0.71278685,-0.1653685,-0.26858968,0.58748716,0.034321133,0.8708802,-0.24873874,1.8082842,-0.69878113,-1.1021342,1
0.82124877,-0.3653685,-0.12038559,0.6662487,0.23432113,1.0708802,-0.44873875,2.008284,-0.49878114,-0.90213424,1
0.6212488,-0.5653685,-0.32038558,0.58600605,0.37498042,1.0799245,-0.64873874,2.2082841,-0.4371803,-0.92113477,1
0.4084617,-0.44103128,-0.1847419,0.5676306,0.21718276,1.2011784,-0.4685902,2.2601168,-0.5979784,-1.052158,1
0.2518046,-0.63584095,-0.38162673,0.72509533,0.17939648,1.3898335,-0.64200073,2.0434363,-0.39475608,-1.0739883,1
0.050510697,-0.7142574,-0.17709035,0.7116675,0.19265331,1.4726752,-0.55974823,2.0946226,-0.18989177,-1.0033671,1
-0.03149469,-0.5813279,-0.35858548,0.6982812,0.107974924,1.378914,-0.34209442,2.1820192,-0.3707587,-1.0564687,1
-0.2314947,-0.47986174,-0.55858546,0.50839293,0.16797642,1.578914,-0.30359137,1.9820192,-0.26181352,-0.9742147,1
-0.38756877,-0.31151217,-0.67123276,0.528303,0.27903312,1.4739283,-0.10359137,2.1820192,-0.06181352,-0.7742147,1
-0.39011243,-0.11141461,-0.4708205,0.6401943,0.47861403,1.2728138,-0.28403732,2.3161376,-0.26158446,-0.9171448,1
-0.38237876,-0.3114146,-0.6708205,0.56052446,0.42744938,1.4728138,-0.08403732,2.1161375,-0.21707717,-0.7196996,1
-0.54127735,-0.41121486,-0.5455668,0.6060337,0.22744937,1.6728139,-0.016339771,1.9161375,-0.017077163,-0.8347275,1
-0.48177338,-0.40100303,-0.50249445,0.7187329,0.02744937,1.4958663,0.013638942,2.0316114,0.09726604,-0.98744065,1
-0.2817734,-0.5388862,-0.34005147,0.71702075,-0.079935424,1.598461,0.07180956,1.8316114,0.045258656,-1.03454,1
-0.48177338,-0.6076084,-0.37212136,0.79209,0.057490103,1.7393503,-0.010569423,1.6316113,0.14046992,-1.0797081,1
-0.2817734,-0.80760837,-0.5721214,0.99209,-0.06230913,1.744294,0.07887481,1.4316113,0.24610579,-0.8797081,1
-0.43710065,-0.95411974,-0.48115516,0.93215096,0.102991655,1.544294,-0.12112519,1.6316113,0.14278874,-0.95432353,1
-0.26906762,-0.9600677,-0.28115517,0.79140973,0.061127257,1.344294,-0.107388295,1.8316114,0.120705836,-0.9355857,1
-0.21517575,-0.95890826,-0.24427384,0.88914776,0.26112726,1.544294,-0.2819921,1.6316113,0.32070583,-0.8396278,1
-0.23452358,-0.78910834,-0.44427383,0.92316335,0.076780364,1.344294,-0.081992105,1.6712631,0.5207058,-0.92033756,1
-0.43452358,-0.58910835,-0.4384773,0.8303497,0.013508998,1.2956294,0.1180079,1.8712631,0.593191,-0.72033757,1
-0.5003832,-0.38910836,-0.34334612,1.0303497,0.19438002,1.4956294,0.1574612,1.7292506,0.494229,-0.8070714,1
-0.6441466,-0.5581774,-0.41315186,0.97972196,0.3695472,1.6444317,-0.041254394,1.870999,0.6732675,-0.58874154,1
-0.44414663,-0.5617606,-0.21315186,0.99662554,0.45529845,1.6096519,0.086638086,1.7728415,0.7502569,-0.71808064,1
-0.6441466,-0.6343931,-0.013151854,0.8201812,0.38417003,1.4096519,0.2324822,1.5728414,0.5955678,-0.9180806,1
-0.5037086,-0.6337338,0.12790008,0.9699381,0.5637199,1.3292542,0.43248218,1.7728415,0.39556783,-1.1180806,1
-0.29994196,-0.82339364,0.15484245,1.0392952,0.67672133,1.2265124,0.62463796,1.8830816,0.25550923,-1.0789855,1
-0.16686557,-0.8774699,0.0075102895,1.074808,0.5239337,1.0265124,0.5759486,1.6830815,0.055509225,-1.2789855,1
-0.2269693,-0.91773427,0.06588226,1.1725237,0.32007763,1.1830058,0.58027637,1.8162853,0.01825282,-1.2606337,1
-0.12044404,-1.1164478,0.15733537,1.1901602,0.120077625,1.3157659,0.6935996,1.6542233,-0.18174718,-1.1140599,1
-0.3052239,-0.9233167,-0.016848575,1.2956188,0.17650275,1.4269303,0.8511563,1.4486744,-0.36361536,-1.1630943,1
-0.48165333,-0.76300544,0.17460673,1.2778194,0.19097817,1.1696894,0.8185586,1.5717577,-0.5373206,-1.2995008,1
-0.27976078,-0.55922234,0.08246209,1.3777297,0.042618908,1.220766,0.77505857,1.3625401,-0.7323662,-1.4894251,1
-0.31911236,-0.7385826,0.007365851,1.333266,-0.15310264,0.99301606,0.81148744,1.2861834,-0.7968558,-1.61794,1
-0.15906467,-0.83975667,-0.10722459,1.4093829,-0.041238576,0.9963019,0.8332961,1.082092,-0.993101,-1.5574908,1
0.033640247,-0.81393284,0.07326986,1.2940041,-0.19856028,1.1113487,0.9599185,1.1910467,-0.7367804,-1.5808746,1
0.23364025,-0.66683733,0.034360994,1.232687,-0.121432506,1.3113488,0.8460136,1.3910468,-0.5967705,-1.3808745,1
0.03364025,-0.707913,-0.114703774,1.432687,-0.24515764,1.1113487,0.82051146,1.1910467,-0.7117156,-1.3733842,1
0.23364025,-0.507913,-0.050665416,1.3736496,-0.30793414,0.97020006,0.6508931,1.3910468,-0.91171557,-1.5157824,1
0.3986042,-0.5128753,-0.08270287,1.2403356,-0.30115345,0.8968478,0.68350965,1.462498,-1.0218943,-1.5771555,1
0.569321,-0.6620741,0.111559056,1.2595463,-0.13829069,1.021872,0.45985675,1.58117,-0.7816879,-1.5008926,1
0.7543358,-0.7309854,0.30549037,1.4311167,-0.28210586,0.80586326,0.6028449,1.610059,-0.66593736,-1.2755532,1
0.8420188,-0.6090953,0.10549037,1.3060867,-0.37110138,1.0058633,0.80242527,1.410059,-0.86593735,-1.1968454,1
0.96473545,-0.80909526,0.29028532,1.2329878,-0.35727975,0.8544298,0.6940555,1.2100589,-0.89744127,-1.1912425,1
1.0936445,-0.76584655,0.08850867,1.4047893,-0.20946822,0.64155185,0.87646216,1.3823117,-1.0758457,-0.97173667,1
1.2837255,-0.63117146,-0.110636465,1.4247872,-0.009395615,0.43816626,0.6712754,1.5701793,-0.9461242,-0.9529477,1
1.4310937,-0.80168754,-0.21413238,1.5243323,0.18167263,0.22971785,0.45455796,1.3215753,-0.8892263,-1.0536331,1
1.5611099,-0.958709,-0.09287966,1.4141893,0.12771674,0.05521835,0.6264734,1.4562905,-0.6596543,-0.817007,1
1.6095821,-0.8344475,-0.26860023,1.2941041,0.17105633,-0.13277937,0.64835465,1.5189855,-0.78838974,-0.75495845,1
1.7006972,-0.596272,-0.18531203,1.0604428,0.19859347,-0.3127556,0.4213766,1.615552,-0.92891705,-0.89749736,1
1.7765265,-0.74425226,-0.11795996,0.89795905,0.37255374,-0.27702138,0.3393204,1.6969436,-0.6812976,-0.89181775,1
1.7618637,-0.8546033,-0.004186643,0.8906938,0.3088721,-0.1004771,0.48811638,1.6753806,-0.79762566,-0.76503205,1
1.8384658,-0.64375186,0.011886927,0.9386682,0.15042527,-0.29549605,0.45116928,1.5770988,-0.98108786,-0.7490747,1
2.0384657,-0.6756214,-0.18811308,0.92091537,0.19391878,-0.09549604,0.4116307,1.504107,-0.7810879,-0.5490747,1
2.0700135,-0.8097278,-0.19906197,0.88016355,0.23024644,-0.27325892,0.29988146,1.575867,-0.6632476,-0.32280564,1
2.0429611,-0.6244808,-0.22510375,0.9324096,0.31693372,-0.44025207,0.16602437,1.6520115,-0.5297198,-0.42976403,1
2.046241,-0.5349564,-0.38781983,0.95142573,0.47159582,-0.26975036,-0.03099578,1.68958,-0.49935243,-0.26635116,1
2.036471,-0.30367574,-0.53292495,1.008883,0.60261923,-0.072888024,-0.20942374,1.7131174,-0.2713967,-0.19484612,1
1.998179,-0.26880845,-0.65483314,0.9780621,0.5351335,0.11356842,-0.36580038,1.7092782,-0.2654301,-0.352776,1
1.7981789,-0.06880845,-0.8548331,0.99522275,0.51991504,-0.086431585,-0.24890123,1.732811,-0.06543009,-0.41195127,1
1.5981789,0.13119155,-0.8480254,1.1457274,0.41242036,-0.042979833,-0.04890123,1.8973783,-0.2654301,-0.58192515,1
1.3981788,0.00665877,-0.6480254,1.0724111,0.6124204,-0.14879945,-0.24890123,2.0960891,-0.0669592,-0.78192514,1
1.1967112,0.10631288,-0.67329776,1.2108083,0.5316848,-0.3319126,-0.31506023,2.1849258,-0.25403458,-0.5537517,1
1.165989,0.3063129,-0.87329775,1.1338124,0.7316848,-0.16493692,-0.28075528,1.9849257,-0.054034576,-0.52800786,1
1.0302633,0.106312886,-1.0630215,1.1739978,0.6875415,0.035063088,-0.48075527,1.7849257,0.14596543,-0.63013434,1
0.8302633,0.11635351,-1.2630216,1.3739978,0.87312007,0.011748854,-0.35685915,1.5849257,0.34596545,-0.83013433,1
0.64173985,-0.08364649,-1.0630215,1.3381476,1.0731201,-0.18825115,-0.4362211,1.3849256,0.54596543,-0.63013434,1
0.84173983,0.10246971,-1.1493948,1.4710077,0.92127967,-0.38825116,-0.28946742,1.5437634,0.6749017,-0.6289367,1
0.9832734,0.2846483,-1.087176,1.516672,0.70590556,-0.18423857,-0.38860464,1.7065951,0.4647792,-0.81126785,1
1.0699685,0.07654275,-1.1386182,1.5522912,0.6253299,0.01425219,-0.3826867,1.724028,0.23942512,-0.7589225,1
1.0000104,0.27654275,-1.2768734,1.4991207,0.505867,0.1756524,-0.26378822,1.524028,0.03942512,-0.5589225,1
1.2000104,0.14029278,-1.3681622,1.6104878,0.46389094,-0.024347603,-0.4637882,1.3240279,0.23942512,-0.7589225,1
1.2748419,-0.058777824,-1.4549643,1.6876913,0.5931515,-0.22085541,-0.6534557,1.1065313,0.22656725,-0.55022234,1
1.2484461,-0.16044903,-1.241695,1.7351787,0.7847652,-0.020634899,-0.84443176,0.8969462,0.422057,-0.74228996,1
1.396087,-0.32340053,-1.0040394,1.6372514,0.94916743,0.17288134,-0.75914645,1.0572934,0.59957063,-0.522687,1
1.5078679,-0.2861053,-1.1374896,1.5149353,0.90390736,0.3522714,-0.6494144,0.809909,0.75537664,-0.68274254,1
1.4522088,-0.44008136,-1.020292,1.4411045,1.1039073,0.1522714,-0.44941443,1.009909,0.55537665,-0.6173717,1
1.5396073,-0.40052328,-0.82029206,1.5267098,1.2854936,0.3522714,-0.3545795,0.80990905,0.5738159,-0.4173717,1
1.6068563,-0.23297447,-0.94243264,1.5236766,1.1701673,0.5101271,-0.51225907,0.932842,0.34528968,-0.5221258,1
1.4006727,-0.05174097,-1.1374112,1.6452684,1.3020178,0.308764,-0.49002492,0.72962093,0.54289293,-0.42075878,1
1.2006726,-0.14906897,-1.15999,1.8452685,1.104471,0.508764,-0.29002494,0.52962095,0.38880175,-0.52448136,1
1.0006726,-0.34906897,-0.95998996,1.78295,1.0504345,0.30876404,-0.44662374,0.32962096,0.18880175,-0.32448137,1
0.9251692,-0.16895787,-0.75999,1.6978861,1.2504345,0.10876404,-0.3934438,0.28990182,0.21621121,-0.19996941,1
0.81113136,-0.06032201,-0.9466454,1.5583142,1.183316,-0.091235965,-0.25201172,0.45311022,0.016211212,-0.09267168,1
1.0111314,0.050961174,-0.75557035,1.6401143,1.2614039,-0.29123598,-0.052011713,0.25311023,0.21621121,0.107328326,1
0.8336558,0.25096118,-0.8449825,1.7547957,1.2983084,-0.09123598,-0.11305632,0.227509,0.41621122,0.1307838,1
0.7032627,0.31275883,-1.0449826,1.6678066,1.4983084,0.07124999,-0.11007203,0.027509004,0.60492474,0.020289443,1
0.53229195,0.11275883,-0.9450171,1.5590951,1.6983085,0.041244484,-0.23677729,0.227509,0.40492475,0.22028944,1
0.73229194,0.064014554,-1.0211931,1.4976991,1.6485655,0.2412445,-0.4132036,0.094337955,0.20492475,0.020289436,1
0.64061826,0.008424543,-0.82119316,1.4974934,1.660793,0.041244492,-0.6132036,0.29433796,0.37925816,-0.04869043,1
0.5823304,-0.023692816,-0.84980214,1.5310158,1.4973971,0.2412445,-0.4132036,0.094337955,0.22251403,-0.15737642,1
0.46935135,0.09498953,-1.0498022,1.5947868,1.6973971,0.041244492,-0.6132036,-0.10566205,0.42251402,-0.06493243,1
0.26935136,0.29498953,-1.2262498,1.6565301,1.4973971,-0.15875551,-0.49592227,-0.12818201,0.39290553,-0.26493242,1
0.06935136,0.21445361,-1.4262499,1.6744243,1.297397,0.041244492,-0.48467752,-0.328182,0.21042235,-0.10328911,1
0.12379401,0.391525,-1.6229242,1.7705163,1.475966,0.24075115,-0.61668706,-0.5271019,0.40958303,0.020977343,1
0.29469597,0.5325359,-1.6591055,1.793434,1.2864577,0.29533216,-0.47542048,-0.6617602,0.46252498,0.20111902,1
0.49469596,0.33253592,-1.471782,1.7253406,1.2244445,0.3387619,-0.67542046,-0.8617602,0.26252496,0.013940424,1
0.6937188,0.13234949,-1.2699931,1.8837283,1.4224409,0.1385667,-0.5928703,-0.96244097,0.062437013,-0.12528723,1
0.6538503,0.0831895,-1.2998508,1.7276363,1.4704734,-0.009068396,-0.71860534,-1.0535599,-0.12467802,-0.29481888,1
0.76509315,-0.07132115,-1.3439424,1.5198721,1.4968289,0.17108439,-0.7402679,-1.1232532,-0.13154891,-0.4433828,1
0.5506228,-0.26437342,-1.5044067,1.3538902,1.5748885,0.36158204,-0.84485614,-0.8996115,0.06669827,-0.62619144,1
0.6618718,-0.05676213,-1.5028836,1.3701637,1.4512112,0.4951825,-0.921316,-0.8713751,-0.1175406,-0.67048055,1
0.8320992,0.106111094,-1.5149733,1.1701636,1.5060353,0.47153622,-1.0747024,-0.6713751,0.082459405,-0.63980806,1
0.9342155,0.10039136,-1.246314,1.170347,1.6169575,0.63647306,-0.8872475,-0.82587767,0.26771125,-0.7959588,1
0.7746069,-0.09845617,-1.4295802,1.3544921,1.6489366,0.43142307,-0.8880156,-0.61863625,0.27708676,-0.5989701,1
0.77061063,-0.2229945,-1.5647703,1.306803,1.50624,0.38505906,-0.76045376,-0.7860783,0.31785265,-0.6970813,1
0.6451959,-0.28565115,-1.6009775,1.243074,1.4933337,0.5307582,-0.8713116,-0.6701457,0.10691444,-0.8138209,1
0.7966298,-0.45774496,-1.6974909,1.1198097,1.3708878,0.31175238,-0.71953183,-0.8201459,0.28927872,-0.8774004,1
0.577329,-0.59621495,-1.7199867,1.1963457,1.342897,0.101298295,-0.65523994,-0.92471445,0.09837042,-0.90214986,1
0.6378773,-0.66497225,-1.8773903,1.2238258,1.3251033,-0.09651193,-0.6163977,-0.7086361,-0.09937485,-0.68657213,1
0.79579765,-0.8215319,-1.9730601,1.0914272,1.270922,-0.081238635,-0.3954855,-0.4949849,0.095571585,-0.7584292,1
0.70397913,-0.94600505,-1.9225491,1.1030693,1.3692873,-0.28123865,-0.19548549,-0.4437097,0.045315422,-0.5599715,1
0.84830624,-0.8738527,-1.9798894,0.9885892,1.2233231,-0.45160088,-0.21188085,-0.60406595,0.025034755,-0.71316755,1
0.7060028,-1.0119582,-1.9711695,0.9070365,1.2401266,-0.23724934,-0.20772147,-0.75820136,-0.007704828,-0.74632335,1
0.8869931,-1.186529,-1.7340069,0.78860044,1.228284,-0.17070876,-0.08387542,-0.8591151,0.18826047,-0.92646766,1
1.0377983,-1.3226384,-1.4645813,0.6473602,1.3330715,-0.35393134,-0.27102786,-1.0111821,0.36079046,-0.69358945,1
1.1094131,-1.2324266,-1.5659195,0.81547225,1.2483057,-0.53308576,-0.3095914,-0.78065556,0.25272116,-0.72224766,1
1.1315802,-1.3243657,-1.351971,0.6091872,1.433516,-0.6050126,-0.2908861,-0.9706413,0.052182782,-0.56227887,1
1.1777034,-1.2710938,-1.3477927,0.5741926,1.2981427,-0.71198565,-0.28764606,-1.0353624,0.22304063,-0.67419016,1
1.3469431,-1.1935147,-1.5223356,0.4438585,1.3278339,-0.6727786,-0.08620451,-0.82162285,0.022661665,-0.5898872,1
1.3200942,-0.9129197,-1.5505639,0.49243033,1.4038944,-0.8019779,-0.2629873,-0.93874776,-0.117353216,-0.4460089,1
1.1211456,-0.7881531,-1.5588852,0.64078224,1.3122829,-0.97434527,-0.45021898,-1.1073433,-0.3086012,-0.2924804,1
1.1494442,-0.7647642,-1.3588852,0.67581403,1.3881875,-1.1743453,-0.5603875,-0.9073433,-0.30678612,-0.4924804,1
0.94944423,-0.7085254,-1.1588851,0.69525695,1.5282453,-1.0845293,-0.55524755,-0.7182721,-0.10678612,-0.6924804,1
0.91868174,-0.88427997,-1.0563712,0.87136555,1.4149377,-1.2502496,-0.54200953,-0.8937665,-0.29416457,-0.8686631,1
0.71868175,-1.0396031,-0.8563712,0.7335786,1.5281708,-1.2520306,-0.39570302,-0.69376653,-0.4647786,-0.812111,1
0.7409708,-1.2396032,-0.65637124,0.9335786,1.7281709,-1.0520306,-0.24337119,-0.8937665,-0.2647786,-0.68916667,1
0.9141682,-1.1763186,-0.4632237,0.817222,1.8732489,-0.9978225,-0.4141717,-0.67400527,-0.36841732,-0.7949089,1
0.7618617,-1.1791422,-0.61773854,0.7366858,1.8215725,-1.1156735,-0.5720506,-0.81406426,-0.15686694,-0.72627765,1
0.8062244,-1.2894797,-0.7645747,0.8643957,1.8788093,-0.85614264,-0.72055084,-0.574142,0.040328845,-0.49206266,1
0.87016386,-1.2625561,-0.7943591,0.76400363,1.7977151,-0.9133323,-0.78709954,-0.6694634,0.20783186,-0.50715154,1
0.7760796,-1.1865681,-0.58279735,0.6400904,1.9588546,-1.0791925,-0.8259589,-0.46033117,0.3998985,-0.42963845,1
0.8894371,-1.1762679,-0.56456095,0.6432563,1.8443651,-1.0486374,-0.89631295,-0.2966349,0.5998985,-0.497666,1
1.0401815,-1.314044,-0.36276183,0.4909556,1.7783738,-0.81026876,-1.0467465,-0.09226585,0.76373345,-0.55861324,1
1.0068141,-1.1553376,-0.25090984,0.5987426,1.8737972,-0.9568661,-1.0433446,-0.27681673,0.5790327,-0.5503525,1
0.9025483,-1.2131095,-0.42339382,0.4884433,1.9426762,-1.0862702,-0.8979579,-0.44771975,0.35590288,-0.45662984,1
0.98690856,-1.1567174,-0.23236834,0.5782513,1.7763624,-1.2862703,-0.9203858,-0.24771975,0.15590288,-0.4464263,1
0.9863434,-0.9427441,-0.3089056,0.7668845,1.7980201,-1.4645625,-0.7098642,-0.40678334,-0.043320723,-0.63698494,1
0.8943918,-0.74006057,-0.5070669,0.612504,1.9908013,-1.2992107,-0.8131836,-0.20603622,0.15611319,-0.8004798,1
0.96009946,-0.5373114,-0.35988674,0.6736226,2.179649,-1.093615,-0.6100622,-0.21866451,0.21785198,-0.88989115,1
0.80912095,-0.34682393,-0.517301,0.74652845,2.19865,-1.195221,-0.66045094,-0.01724486,0.016494133,-0.83710897,1
0.8305851,-0.43546548,-0.30836388,0.71065766,2.2897134,-1.2716055,-0.46272784,0.17760764,0.17771325,-0.6191641,1
0.9932679,-0.6124554,-0.20033182,0.76028055,2.2945845,-1.0328028,-0.25321454,-0.021581538,-0.021479758,-0.7895023,1
0.9340032,-0.5052331,-0.15826067,0.71674055,2.3330834,-1.1529903,-0.114587046,0.16686752,0.16696271,-0.7014971,1
0.77188283,-0.66174906,-0.11144498,0.5285827,2.376896,-1.2695662,0.08014647,0.34424683,0.03277558,-0.53575313,1
0.5586249,-0.7802713,0.08018221,0.3595845,2.3332522,-1.3306198,0.2040387,0.4927887,-0.022130221,-0.6661882,1
0.570362,-0.77280927,0.02698522,0.3149059,2.2631006,-1.4115196,0.1301428,0.5784104,-0.03267308,-0.71483225,1
0.508157,-0.90935045,-0.006507346,0.34300947,2.308692,-1.1980001,-0.06547795,0.7296128,0.08413463,-0.69871086,1
0.5939718,-0.8801518,-0.081978925,0.23745133,2.1634655,-1.3873502,0.13349727,0.78453404,-0.07799049,-0.7514688,1
0.3939718,-0.98079383,-0.096029036,0.32747498,2.0488327,-1.1873502,-0.066502735,0.984534,0.09429245,-0.7178231,1
0.37836045,-0.94225985,-0.2633532,0.39045087,2.1262765,-1.337434,0.1286941,1.0522505,0.2538021,-0.4991921,1
0.41044188,-0.8809432,-0.21037453,0.5482925,2.1601796,-1.0562209,-0.066214636,1.1511301,0.42140052,-0.6492696,1
0.29842788,-0.72214,-0.38229448,0.38716573,2.1986835,-1.1702635,-0.10768729,1.099826,0.20625108,-0.79115796,1
0.41107935,-0.78054315,-0.18229447,0.30550474,1.9986835,-0.97026354,-0.1991163,1.299826,0.006251082,-0.6391771,1
0.505867,-0.58054316,-0.38229448,0.4054599,2.1986835,-1.1702635,0.00088369846,1.099826,-0.19374892,-0.72425836,1
0.30586702,-0.58592606,-0.18229447,0.36284864,2.0332406,-0.97026354,-0.06490897,0.899826,0.006251082,-0.92425835,1
0.15610927,-0.7086286,-0.2500413,0.35743722,1.906987,-0.77026355,-0.22637841,0.699826,0.15794519,-0.99961376,1
0.10957737,-0.530384,-0.050041303,0.41289958,2.106987,-0.97026354,-0.3553251,0.8684337,0.3579452,-0.8959427,1
0.12405681,-0.4897876,0.14817044,0.33197826,2.2794762,-1.0629666,-0.35175297,0.8813335,0.5512917,-1.0403092,1
-0.07298507,-0.4316686,-0.049810704,0.32486084,2.382896,-0.96862644,-0.4975344,0.6547943,0.39496678,-1.118747,1
0.051873077,-0.44645077,0.14390302,0.32791182,2.474787,-0.7364551,-0.34874865,0.479775,0.4781415,-1.19264,1
0.03067631,-0.64039475,0.14388235,0.5229663,2.2534766,-0.5314295,-0.48609713,0.67340684,0.58406997,-1.3795936,1
0.22801259,-0.78047234,0.25055966,0.48057088,2.0297642,-0.5242335,-0.64176685,0.8633212,0.64761955,-1.4400634,1
0.19191787,-0.7551259,0.049440548,0.4823265,2.021596,-0.5866723,-0.82313484,0.648639,0.828858,-1.3933935,1
0.32745165,-0.7977721,0.020657117,0.44073838,2.0448632,-0.38667232,-0.7645733,0.848639,0.62885803,-1.3685838,1
0.12671812,-0.71321577,0.15174226,0.28272843,2.0580423,-0.57611287,-0.73206574,0.64490587,0.6487083,-1.5595561,1
0.19369546,-0.69783366,-0.045848444,0.2763115,1.9961919,-0.737365,-0.88553184,0.4226937,0.80633605,-1.5018513,1
0.28683951,-0.5273804,0.14793004,0.33230668,1.8561074,-0.8995332,-0.93428457,0.4538627,0.96572065,-1.4971615,1
0.44724926,-0.3570766,0.063209794,0.2683201,1.8889025,-1.010118,-0.9161823,0.4100086,0.891409,-1.485286,1
0.2764603,-0.3363952,0.22119167,0.26860723,2.0159616,-0.8286514,-0.7237618,0.5887081,0.66726613,-1.6195419,1
0.075435504,-0.2856895,0.37823734,0.37316483,1.9851943,-0.70300734,-0.89638436,0.7781372,0.46100345,-1.6042545,1
0.06771512,-0.4821105,0.17692392,0.3105434,1.7720393,-0.81116104,-1.0883052,0.573877,0.34038532,-1.7909591,1
0.24297035,-0.40115404,-0.020943176,0.29117548,1.7897646,-0.91769993,-0.80656683,0.7023479,0.49043775,-1.8069358,1
0.20629178,-0.33309376,0.08665836,0.49117547,1.6215374,-0.7616525,-0.60656685,0.90234786,0.29043776,-2.0069358,1
0.26815945,-0.34458986,0.18567756,0.65891016,1.7299888,-0.9305687,-0.5538545,0.9514024,0.46109906,-1.7485296,1
0.27787253,-0.19381236,0.38567758,0.5398849,1.5299888,-0.7305687,-0.36081356,1.0239991,0.39252907,-1.8752211,1
0.45279628,-0.16513766,0.5549443,0.32204956,1.51951,-0.8627928,-0.3254958,1.0318913,0.5541691,-1.955723,1
0.5926667,-0.09396528,0.6854058,0.38707137,1.2145915,-0.9305656,-0.35913575,1.118421,0.68470204,-1.9571579,1
0.73151565,-0.27128705,0.81710035,0.4276656,0.9363198,-0.9193144,-0.418784,1.2167102,0.44730926,-1.990742,1
0.53151566,-0.47128707,0.7183439,0.41927144,0.86551267,-0.7193144,-0.49905214,1.0167102,0.64730924,-2.1489828,1
0.37832,-0.24844375,0.8410161,0.4081229,0.864161,-0.8419049,-0.64018947,1.1142589,0.4320479,-2.15119,1
0.57832,-0.2825762,1.0410161,0.36679885,0.8791294,-1.0419049,-0.84018946,0.9142589,0.2320479,-1.95119,1
0.37832004,-0.0825762,0.8560236,0.33439445,0.8381402,-0.84190494,-1.0401895,1.1142589,0.4320479,-1.8938594,1
0.17677265,0.102087244,1.0468599,0.40453157,0.7949943,-0.7859191,-1.1067141,1.3028544,0.62656325,-1.7703834,1
0.25289422,-0.032939643,0.7898816,0.29682654,0.9280492,-0.91958463,-1.0438533,1.3066428,0.77095056,-1.7676874,1
0.41997436,-0.054527257,0.9179293,0.42554328,1.0460539,-0.66727966,-1.1182386,1.3603466,0.6269559,-1.6623479,1
0.6199744,-0.1550017,0.7955048,0.586975,0.94139713,-0.4832465,-1.1207831,1.5603466,0.6171778,-1.4623479,1
0.7620646,-0.30706814,0.55344796,0.65443295,0.9634317,-0.63499296,-0.92648137,1.6360241,0.5806547,-1.5449464,1
0.74530816,-0.46969432,0.36741006,0.7273686,0.9705622,-0.43499297,-0.7264814,1.4360241,0.3806547,-1.5804194,1
0.9282211,-0.27300757,0.5486867,0.9106058,0.95568126,-0.3684149,-0.9097346,1.6064519,0.57015896,-1.4666868,1
0.7282211,-0.25604856,0.56903446,0.8359367,0.7556813,-0.1684149,-0.9303447,1.5339447,0.5922099,-1.6666869,1
0.5237787,-0.45221308,0.3659308,0.8285611,0.92201436,-0.36531645,-1.1208383,1.7193619,0.62413955,-1.4543517,1
0.68021375,-0.6129558,0.4463836,0.7351893,0.7559396,-0.5312895,-1.0261725,1.8038338,0.46312442,-1.4306605,1
0.77905464,-0.71952635,0.57209754,0.58649796,0.7754719,-0.6472456,-1.0273908,1.7647527,0.5869145,-1.2920705,1
0.84159046,-0.70499134,0.73162466,0.6941335,0.9243383,-0.8028335,-0.9730236,1.4827293,0.36663267,-1.4138572,1
0.8885867,-0.5380781,0.5316247,0.5171442,1.0080614,-1.0028335,-1.1591846,1.4714774,0.16663267,-1.2779955,1
1.0094452,-0.53252023,0.5844605,0.5345665,1.0535147,-1.036539,-1.1565826,1.5567509,0.34146783,-1.0040042,1
0.7771991,-0.5463846,0.59117055,0.61601645,0.9431186,-0.90235907,-1.2099499,1.6867667,0.1383948,-1.15604,1
0.9771991,-0.5418353,0.39117056,0.6702668,0.8459999,-1.102359,-1.1681398,1.4867667,0.07365317,-1.2775505,1
1.1088269,-0.3813487,0.19117056,0.8702668,0.94433415,-1.3023591,-1.0397989,1.2867666,0.27365318,-1.0775504,1
0.9088269,-0.1813487,0.017693669,0.7173328,0.9816695,-1.102359,-0.83979887,1.0867666,0.07365318,-1.091085,1
1.0929286,-0.223532,0.10614203,0.7325381,1.1816695,-1.1568515,-1.0397989,1.2867666,0.27365318,-0.89108497,1
1.2597061,-0.4126491,0.24316013,0.90857595,1.3461666,-1.3219864,-0.9624899,1.0588415,0.13645792,-0.8557216,1
1.4583417,-0.21245033,0.04802185,0.90230036,1.3497677,-1.2878134,-1.1193413,0.8580387,0.3361434,-0.6551087,1
1.2583417,-0.31517446,-0.15197815,0.81508803,1.260254,-1.1243095,-1.0379735,0.65803874,0.35607374,-0.8551087,1
1.421627,-0.5022046,-0.27740604,0.9895326,1.4234912,-0.9010395,-1.156106,0.44650733,0.5420742,-1.0013212,1
1.459624,-0.63205326,-0.4297124,0.94232243,1.4613019,-0.991044,-1.0267065,0.22188087,0.66793984,-0.8545817,1
1.5699455,-0.47234467,-0.5956856,1.0805964,1.4910383,-1.1266854,-0.782035,0.21890466,0.4426545,-0.66451055,1
1.3699454,-0.32814658,-0.3956856,1.0814911,1.5187093,-0.9474875,-0.582035,0.41890466,0.24265449,-0.5077444,1
1.1699454,-0.5165142,-0.26711303,1.0233119,1.7187093,-0.7474875,-0.782035,0.21890466,0.042654485,-0.53765714,1
0.9699454,-0.71651417,-0.1844992,1.1883092,1.5187093,-0.9474875,-0.982035,0.018904656,-0.15734552,-0.7376571,1
1.1699454,-0.91651416,-0.080545016,1.1143256,1.3187093,-1.1474875,-1.182035,-0.18109535,0.042654485,-0.87967205,1
0.9699454,-0.71651417,0.11945499,1.0247028,1.3855551,-1.3474876,-1.3115277,0.018904656,-0.15359344,-0.8132129,1
1.042792,-0.7690165,0.031909354,1.0907077,1.4348437,-1.463617,-1.1849238,-0.17967996,-0.35082984,-0.6084202,1
0.842792,-0.57079715,-0.16809064,1.0973532,1.5928891,-1.4053935,-1.3537115,-0.043265447,-0.15082984,-0.5055016,1
0.9757072,-0.3923164,-0.081178814,1.0494566,1.6775491,-1.236546,-1.412221,-0.11310404,-0.0019862126,-0.66011536,1
1.1014712,-0.3735139,0.11131863,1.1355786,1.6607146,-0.99491954,-1.438994,0.07502275,-0.18923248,-0.69666225,1
1.1986288,-0.5212746,-0.081673756,1.0106807,1.6347681,-1.1004969,-1.3666748,0.008224684,0.009916669,-0.71546465,1
1.0387353,-0.6752813,-0.01460986,1.1140255,1.3432776,-1.2175685,-1.4667732,0.19494689,0.113405414,-0.85708845,1
1.147854,-0.7451252,0.17197378,1.2189318,1.0605406,-1.3100896,-1.5461518,-0.0046874327,-0.065609656,-0.613073,1
1.2418039,-0.74291706,-0.025843056,1.2731203,0.98891246,-1.2402482,-1.5397103,-0.18874283,0.12392171,-0.5887639,1
1.0418038,-0.59857756,0.17415695,1.2261363,0.7904394,-1.0402482,-1.4103318,-0.037148237,-0.076078296,-0.76977,1
0.84180385,-0.7938095,0.29592282,1.2320514,0.9904394,-1.2402482,-1.4567178,-0.23714824,-0.17530993,-0.56977004,1
0.7759726,-0.91211635,0.24720408,1.314334,1.0925831,-1.321857,-1.5205325,-0.12302204,-0.09999062,-0.70649344,1
0.6189098,-0.96935034,0.38979504,1.2394748,1.12665,-1.3264912,-1.4996622,-0.28155464,0.087170854,-0.7901239,1
0.7925003,-0.98473775,0.24914683,1.1968179,1.2185713,-1.2290233,-1.5041472,-0.46602473,-0.09540327,-0.65087205,1
0.58076876,-0.83539265,0.27404037,1.1605511,1.3137022,-1.3845332,-1.4267954,-0.6528374,-0.064050086,-0.65883213,1
0.77746654,-0.6343659,0.3379196,1.1409175,1.2620423,-1.3714217,-1.619915,-0.45092216,-0.034844983,-0.5244293,1
0.9774665,-0.45191216,0.13791959,0.94091755,1.2984887,-1.4610571,-1.419915,-0.43101722,-0.23484498,-0.52290636,1
1.1774665,-0.65191215,0.025837928,0.9516983,1.4984888,-1.261057,-1.2199149,-0.6310172,-0.03484498,-0.6889868,1
1.2585871,-0.5727263,0.1669467,1.0523033,1.5266298,-0.96948457,-1.2619987,-0.7592979,-0.0045554647,-0.7162649,1
1.0585871,-0.37272632,-0.03305331,1.0234722,1.7266299,-1.0313892,-1.2580345,-0.7155007,-0.04109284,-0.67823917,1
1.027148,-0.5727263,0.1669467,1.2234722,1.592387,-1.1009527,-1.0879451,-0.67036396,-0.1931438,-0.7009285,1
1.0405487,-0.7631694,0.19682418,1.3178141,1.4459773,-1.2974004,-1.0504807,-0.46907958,-0.16907498,-0.65819925,1
0.8482139,-0.84639543,0.37882882,1.4308894,1.571335,-1.047635,-1.1937735,-0.25687724,-0.35233805,-0.43742067,1
1.036816,-0.64639544,0.5268267,1.3180776,1.3713349,-0.847635,-0.9937735,-0.05687724,-0.15233804,-0.51536834,1
1.2210848,-0.83563,0.71758205,1.4987689,1.5513489,-0.6393976,-0.8598871,0.14130236,0.04705574,-0.6872722,1
1.3087696,-0.6086628,0.49562314,1.4771899,1.6770463,-0.42075574,-0.98245645,-0.056207336,0.23657416,-0.68924123,1
1.32059,-0.7114392,0.26008108,1.4744205,1.6513736,-0.45161685,-1.0402926,0.12650482,0.3840859,-0.57585734,1
1.3090093,-0.51314306,0.34361592,1.442485,1.7134312,-0.2463949,-1.1093717,-0.0719699,0.4041884,-0.6546252,1
1.1090093,-0.71314305,0.34297115,1.5491763,1.7582746,-0.26462558,-0.9093717,-0.2719699,0.20418839,-0.51031256,1
1.0713075,-0.5611579,0.5354556,1.4734247,1.9021889,-0.310321,-0.7063328,-0.4654371,0.3985938,-0.70048076,1
1.2136904,-0.3611579,0.7354556,1.4487392,1.7021888,-0.110321,-0.9063328,-0.26543713,0.59859383,-0.60750395,1
0.9971536,-0.15852885,0.75286496,1.4530263,1.8711576,0.08821603,-0.88199085,-0.06436962,0.6167956,-0.7943308,1
0.9337507,-0.3322835,0.63244236,1.53202,1.9195429,0.26711777,-0.7488569,-0.24501698,0.41668582,-0.84863776,1
1.0440068,-0.12181238,0.5734681,1.5598094,1.8634093,0.06180495,-0.6327672,-0.043698456,0.56787103,-0.9656311,1
0.9806032,-0.3218124,0.5225313,1.4756956,1.6634092,-0.13819505,-0.4421804,-0.24369846,0.42714843,-1.0138493,1
1.0697055,-0.23575008,0.6625596,1.6608232,1.7744278,-0.18196678,-0.24218039,-0.04369846,0.304522,-0.8252773,1
1.2268399,-0.31998947,0.4469435,1.7792288,1.7726084,-0.36907145,-0.16678749,0.020717049,0.35483575,-0.7710689,1
1.1458426,-0.3933862,0.60200816,1.663716,1.866591,-0.53848684,-0.11810469,0.20885466,0.14651413,-0.74078536,1
1.3025773,-0.54254764,0.5449503,1.6042935,1.7513901,-0.7147464,-0.13025188,0.39571103,0.3353746,-0.52340055,1
1.2103088,-0.367958,0.6530679,1.7337245,1.5198101,-0.8789691,-0.029413065,0.5724118,0.27084827,-0.6951071,1
1.3877925,-0.16527645,0.4458344,1.6774046,1.6181549,-0.66812897,-0.22575036,0.76007974,0.06971714,-0.57956386,1
1.2338775,0.03288699,0.6116756,1.5461904,1.7219911,-0.4433692,-0.40323207,0.90930027,-0.12339208,-0.73833203,1
1.3317655,-0.15521222,0.753873,1.6218373,1.6896967,-0.46809074,-0.39161927,0.6587882,0.07115237,-0.5805302,1
1.437711,-0.12171565,0.90273213,1.7241615,1.5007385,-0.6322718,-0.19328257,0.43419078,0.25661483,-0.4322039,1
1.2052331,-0.31327373,1.0468656,1.681551,1.6561106,-0.6073257,-0.3016658,0.22804554,0.44463316,-0.2710713,1
1.4052331,-0.2562725,0.9146176,1.54158,1.5486002,-0.40732569,-0.50166583,0.028045535,0.24463315,-0.38830477,1
1.3549625,-0.05627249,1.1146176,1.4397438,1.6378683,-0.41279706,-0.7016658,0.22804554,0.04463315,-0.55794454,1
1.1549624,-0.15549432,0.9146176,1.472677,1.5070084,-0.6127971,-0.6768422,0.42804554,0.24463315,-0.35794455,1
1.2768174,-0.24568154,1.050334,1.4360473,1.6085598,-0.76592046,-0.67289364,0.5918242,0.04205901,-0.40624404,1
1.2095753,-0.2653142,0.850334,1.5307717,1.4993831,-0.96592045,-0.47289366,0.3918242,0.24205902,-0.4281481,1
1.356841,-0.06287069,1.0110394,1.402224,1.6358067,-0.8653963,-0.3034869,0.56968313,0.21027139,-0.5300603,1
1.1568409,0.106621064,1.0887245,1.2859778,1.657275,-0.66539633,-0.10348691,0.7696831,0.4102714,-0.7300603,1
0.95684093,-0.09337894,1.139055,1.4475273,1.5958974,-0.7699993,-0.063331336,0.56968313,0.2102714,-0.8836238,1
0.9966422,-0.15400991,0.98723996,1.5157006,1.6986039,-0.9621569,0.1355637,0.38745162,0.15693341,-0.8407545,1
1.0208681,-0.3366219,0.7485728,1.5031135,1.6071225,-1.001392,0.31908172,0.55859756,0.21435882,-0.98963547,1
0.7818249,-0.5110984,0.5224809,1.5089111,1.7211698,-0.76327515,0.47612086,0.7225161,0.013675866,-1.1330525,1
0.5818249,-0.62836635,0.69538915,1.7055827,1.5211698,-0.76385146,0.27612084,0.8930757,-0.18632413,-0.9330525,1
0.78085357,-0.69767106,0.7949236,1.7172486,1.5410297,-0.56315094,0.32424787,0.69221467,-0.14664514,-1.012404,1
0.7197414,-0.8344238,0.74416083,1.6725633,1.5173105,-0.7458661,0.12738304,0.48106638,0.05214641,-1.1513242,1
0.4967537,-0.78616685,0.7533265,1.5137792,1.5039438,-0.9040313,0.21704306,0.6509434,0.2409942,-1.2915562,1
0.2967537,-0.6046486,0.95332646,1.4363779,1.7039438,-1.0457345,0.17330904,0.4509434,0.040994197,-1.0915562,1
0.38985792,-0.66899157,0.7263029,1.4062265,1.8356451,-0.9958384,0.3455586,0.24194151,-0.15330191,-1.1544425,1
0.385354,-0.7983802,0.8554794,1.1140006,1.7331231,-1.1044068,0.49857408,0.31315744,-0.3262891,-1.2508843,1
0.25431243,-0.7127937,1.0394132,1.0600967,1.7200377,-1.0429797,0.47075036,0.46510872,-0.28879663,-1.2866205,1
0.37977523,-0.48223245,0.7881448,1.1380378,1.8027686,-1.167063,0.25421387,0.35407224,-0.22676454,-1.3614315,1
0.17977522,-0.5965462,0.58814484,1.154787,1.6027685,-0.967063,0.41654778,0.15407224,-0.026764542,-1.5614315,1
0.37709025,-0.49928996,0.38540068,1.1589707,1.7900231,-0.94343984,0.25818583,0.35156897,0.12890117,-1.677983,1
0.25540197,-0.4807863,0.47191286,1.1620965,1.7788739,-0.78656596,0.05818583,0.15156896,0.32890117,-1.5813801,1
0.27400112,-0.5488762,0.2541775,1.2732546,1.8498031,-0.87305635,0.07568809,-0.045272153,0.4944039,-1.5816646,1
0.16692886,-0.34887624,0.4541775,1.0732546,1.8042048,-0.79400927,-0.00533697,0.15472785,0.4017487,-1.6745784,1
0.19361661,-0.14887623,0.5270184,1.0431097,1.7242011,-0.6960595,-0.20533697,-0.045272157,0.6017487,-1.4745784,1
0.39223295,-0.22205648,0.5325633,0.99427295,1.8406092,-0.89290965,-0.0053182095,-0.24440996,0.70371544,-1.6686919,1
0.2873315,-0.10722085,0.6300735,1.0533918,1.772955,-0.99065864,-0.18610893,-0.4028316,0.45658857,-1.6938598,1
0.29197204,-0.13417347,0.7775481,0.87832123,1.8481103,-1.1153162,-0.30047667,-0.5646856,0.41534248,-1.5098383,1
0.4427247,-0.06695453,0.8796936,0.62988144,1.7937403,-1.1836506,-0.36296186,-0.6881391,0.1937863,-1.5386803,1
0.5652469,-0.23477428,0.94817126,0.58407784,1.6617675,-1.2168573,-0.43743858,-0.78107756,0.058643468,-1.5290897,1
0.48320007,-0.031781506,0.98047495,0.6009389,1.7015388,-0.9293438,-0.58257896,-0.8966434,0.23638393,-1.5763528,1
0.26430523,-0.1402965,1.1017147,0.40033737,1.5386635,-1.053995,-0.51415825,-1.0234764,0.21856704,-1.6426775,1
0.2696498,-0.17849341,0.8872622,0.3322496,1.6819516,-1.2338963,-0.6229539,-1.0320107,0.41185835,-1.422532,1
0.06543892,-0.3556105,0.6457118,0.33687237,1.7608254,-1.3472059,-0.39738297,-0.781709,0.57486665,-1.5244371,1
0.2626329,-0.46884033,0.83677155,0.22454976,1.7565947,-1.1350784,-0.19529639,-0.77915037,0.5456633,-1.6259183,1
0.421912,-0.3113938,0.94551504,0.167769,1.722422,-1.2175651,-0.36050245,-0.5877698,0.3245709,-1.6652013,1
0.49299452,-0.50350285,1.0627187,0.15514387,1.8927587,-1.0018637,-0.5518538,-0.49199972,0.12264874,-1.4839425,1
0.3134949,-0.70350283,0.9058813,0.13240597,1.6927587,-1.0230873,-0.52660394,-0.2919997,0.09565227,-1.6231284,1
0.5134949,-0.6964467,0.96893275,0.21186654,1.7166542,-0.8230873,-0.60799855,-0.091999695,0.29565227,-1.4231284,1
0.7134949,-0.49644673,0.9607374,0.2306873,1.7226379,-0.6230873,-0.80799854,0.10800031,0.4808035,-1.2491035,1
0.9134949,-0.29644674,0.7607374,0.4061603,1.8002995,-0.4230873,-0.7231906,0.21896654,0.6808035,-1.4491036,1
0.9191701,-0.48067948,0.9302242,0.4304047,1.6927114,-0.45169896,-0.8938699,0.061211985,0.6722465,-1.5967277,1
1.0603566,-0.6049027,0.6918502,0.4118132,1.7932476,-0.61745155,-0.8819263,0.24748504,0.4474295,-1.4917338,1
0.8603566,-0.4049027,0.4918502,0.4848281,1.5932475,-0.81745154,-0.73494536,0.3013407,0.6474295,-1.4911968,1
1.0603566,-0.21430023,0.5070492,0.6848281,1.5157712,-1.0174515,-0.77896404,0.32287347,0.8474295,-1.4115745,1
0.8127036,-0.08218258,0.636731,0.7469113,1.5390851,-1.0290115,-0.84786683,0.49391282,0.98941505,-1.414227,1
0.9443592,-0.09282051,0.57581514,0.90828574,1.5205632,-0.7951952,-0.85805225,0.2819238,1.1408975,-1.3715664,1
0.9137136,0.030285863,0.35439265,0.87913257,1.6224864,-0.56126744,-0.6844725,0.4544528,1.2028952,-1.4819828,1
0.6726251,-0.036917124,0.3616302,0.9114863,1.7175659,-0.3404693,-0.45658144,0.48800147,1.2487442,-1.5851512,1
0.7220904,-0.0509812,0.15585689,0.8281445,1.6721396,-0.13545184,-0.2711604,0.6634266,1.2143465,-1.721387,1
0.6418996,0.10782289,0.1857548,0.90263474,1.4721396,0.064548165,-0.07116039,0.4634266,1.4143466,-1.7285594,1
0.71079445,0.0139148235,0.38575482,0.9502742,1.5491946,-0.13545184,-0.2711604,0.2634266,1.2143465,-1.6492976,1
0.91079444,0.21391483,0.5857548,0.9997359,1.3491945,0.034658074,-0.14279318,0.0634266,1.0143465,-1.4492975,1
0.922467,0.37654757,0.5364816,1.0006446,1.4404279,0.23465808,-0.19651103,0.2634266,0.8143465,-1.6342599,1
1.122467,0.27069157,0.68648493,0.96778655,1.4988645,0.43465808,0.0034889728,0.0634266,1.0143465,-1.4342599,1
1.2465011,0.10294671,0.48648494,1.0420058,1.4196535,0.23465808,-0.09701612,-0.053406723,0.99712825,-1.499692,1
1.3762282,0.30294672,0.49358508,1.0577455,1.43514,0.034658074,-0.2970161,-0.13038027,0.8878386,-1.5702773,1
1.2498099,0.50294673,0.6935851,0.94481516,1.23514,0.23465808,-0.49701613,-0.24482293,0.6878386,-1.6086447,1
1.3875827,0.40468833,0.8552316,0.77296716,1.3735424,0.41600215,-0.43426278,-0.042899087,0.84973174,-1.6154863,1
1.5159156,0.46898845,0.6400091,0.7914355,1.5369856,0.60169107,-0.61952746,0.15345111,0.63463706,-1.3826014,1
1.4280757,0.26150948,0.41904384,0.71326506,1.654223,0.40911776,-0.6313629,-0.04433096,0.79486877,-1.5071946,1
1.280064,0.37711045,0.5470134,0.5887045,1.4241916,0.5924069,-0.8085549,0.15139835,0.8721738,-1.6603587,1
1.332713,0.519655,0.63644886,0.56106615,1.4624918,0.35334003,-0.7426893,0.270847,0.9654313,-1.5534598,1
1.1735958,0.31400806,0.42873868,0.55387443,1.4994704,0.15063116,-0.8028779,0.06959543,1.1448431,-1.6739938,1
1.23547,0.30176878,0.56551415,0.53140163,1.4173489,0.31537247,-0.6212913,0.24248552,1.1773436,-1.6855491,1
1.2597082,0.10176878,0.6250296,0.47433835,1.2573656,0.115372464,-0.78094465,0.04248552,0.9773436,-1.4855491,1
1.4233813,0.29406235,0.77156186,0.3446761,1.3588052,0.307524,-0.8477415,-0.15359452,1.1365384,-1.4827355,1
1.3934315,0.49406236,0.8993119,0.5446761,1.3183587,0.10752399,-0.6477415,0.04640548,1.0667529,-1.5448692,1
1.1322165,0.27897897,1.0429246,0.48952818,1.3640321,0.07401677,-0.5971502,0.23376654,1.2017771,-1.6097708,1
0.93221647,0.36112532,0.84292465,0.41908005,1.257363,-0.12598324,-0.5108171,0.033766538,1.001777,-1.8097708,1
0.797565,0.33986178,1.0429246,0.5596672,1.3304341,0.074016765,-0.7108171,-0.16623347,0.80177706,-1.754198,1
0.79762983,0.43067384,0.84292465,0.5147701,1.2506034,0.27401677,-0.60625553,-0.36623347,0.64699125,-1.9378926,1
0.9976298,0.5647901,1.0429246,0.66288006,1.0506034,0.4740168,-0.48660368,-0.56623346,0.6394451,-1.8730241,1
1.1227976,0.5128357,0.98028183,0.6370948,1.187618,0.2740168,-0.42148852,-0.39076877,0.7377269,-1.8878392,1
1.016451,0.5324193,1.1114727,0.62729764,1.2380018,0.2162952,-0.20857598,-0.5563276,0.50637805,-1.9661204,1
1.1158427,0.34168562,1.2234255,0.6817779,1.125797,0.4123481,-0.058975,-0.7491564,0.30347311,-1.8926954,1
1.2335224,0.13282163,1.086968,0.6331915,1.2259274,0.44875935,-0.14551353,-0.5148007,0.19827352,-1.9617746,1
0.99043983,0.3189479,1.1714308,0.65904886,1.1299859,0.58607095,-0.19604483,-0.5134875,-0.0016545098,-2.0465221,1
0.79043984,0.36426678,1.1380073,0.5511664,1.1153032,0.78607094,-0.39604485,-0.31348753,-0.014085568,-1.9897952,1
0.59043986,0.29514292,1.3380073,0.40404284,1.229823,0.98607093,-0.59604484,-0.11348753,-0.03817657,-1.9323074,1
0.4028648,0.15391757,1.5380074,0.34383756,1.1578052,1.1524863,-0.60329247,0.086512476,0.16182344,-1.7802758,1
0.20234455,-0.045964256,1.6225804,0.36158773,1.3543231,0.9500436,-0.6082402,0.036446378,-0.028228644,-1.756296,1
0.12313074,-0.08152585,1.3740572,0.37634933,1.4683403,0.9427256,-0.7635295,0.10365238,-0.21560335,-1.8065325,1
0.30815744,-0.23056726,1.1777507,0.37818345,1.4360147,1.0620816,-0.6156902,-0.07312169,-0.11401983,-1.6992224,1
0.24797027,-0.256206,1.1219822,0.40926802,1.5897739,1.0885152,-0.5574258,0.12329219,-0.04823594,-1.8455423,1
0.14423016,-0.13764562,1.0632806,0.4131797,1.6284107,1.1576443,-0.32520086,0.29414466,0.10519054,-1.8611193,1
0.21435662,0.058548186,1.1861682,0.49552283,1.496321,1.0857239,-0.2847794,0.21419305,-0.08902216,-1.9353057,1
0.37821755,0.23599832,1.2652704,0.5537552,1.5307769,0.8084734,-0.20479321,0.15147479,-0.24810599,-1.9417402,1
0.49547797,0.22622606,1.372639,0.6075941,1.3174311,0.75437474,-0.09724385,0.32925525,-0.04506482,-2.0063436,1
0.6603847,0.12708433,1.2399454,0.6464993,1.3775654,0.89966255,0.07050021,0.50254947,-0.23269905,-1.8903865,1
0.78679425,0.30124757,0.978082,0.7796333,1.2910388,0.9330893,0.24913308,0.64705426,-0.030116113,-1.9252644,1
0.9552868,0.17299575,1.0513518,0.65523416,1.2138317,1.1330893,0.26191685,0.44705427,-0.23011611,-1.7639687,1
1.0896516,-0.025470067,1.0627496,0.714806,1.1683127,0.88007784,0.25249043,0.6102932,-0.40567997,-1.85239,1
1.1020805,-0.07979293,1.1776154,0.8895571,1.2840568,0.96409476,0.4400318,0.45490465,-0.20001687,-1.6068939,1
1.1817135,0.111668706,0.9655777,0.9053647,1.3159016,1.0814086,0.2545218,0.60838646,-0.047631346,-1.5814017,1
1.2504076,0.28205043,0.8250806,0.67159206,1.2999139,1.1596348,0.17651677,0.73156446,-0.15922762,-1.6121129,1
1.3512831,0.14777349,0.84187835,0.72011554,1.1813135,1.3596349,0.37651676,0.5315645,0.04077238,-1.4265231,1
1.4383512,0.07775095,0.96603054,0.8120448,1.2682428,1.1011751,0.35958695,0.4623262,0.22324437,-1.4555256,1
1.6183898,0.27775097,0.94704574,0.73398316,1.1515123,1.1820865,0.35875013,0.34710622,0.023244366,-1.2646734,1
1.7895616,0.1933553,1.1288608,0.802983,0.9364273,0.9665168,0.51283455,0.5085798,-0.1739534,-1.2157347,1
1.5895616,0.3933553,0.92886084,0.84780246,1.0078527,1.0668554,0.31283456,0.7085798,0.026046604,-1.0510973,1
1.6495017,0.22583121,0.9859464,0.7876828,1.1651459,1.2220625,0.4203747,0.87639946,0.21805413,-0.89009607,1
1.6628184,0.025831208,0.7859464,0.80628985,1.2851018,1.1109489,0.4387461,0.67639947,0.04420863,-0.6900961,1
1.8628185,0.10926495,0.7301406,0.7104365,1.1357799,1.0703056,0.26008007,0.7014374,-0.15579137,-0.5416094,1
1.8048625,-0.07640485,0.71875316,0.6995989,1.3357799,0.8703056,0.060080066,0.9014374,-0.3557914,-0.7416094,1
1.6048625,0.123595156,0.77208114,0.6527234,1.4121444,0.6703056,0.0026362091,0.971185,-0.15579139,-0.7391534,1
1.4207464,0.2946503,0.6927729,0.67443943,1.513396,0.47030562,-0.1973638,0.77118504,0.044208616,-0.9351532,1
1.3705627,0.09465028,0.69440335,0.60103035,1.7133961,0.27030563,-0.34016457,0.57118505,-0.15579139,-1.116647,1
1.2110016,0.2837494,0.49440336,0.6149583,1.7190719,0.07030563,-0.5401646,0.69062,-0.019133076,-1.316647,1
1.0999409,0.4837494,0.69440335,0.53373754,1.5705336,-0.12969437,-0.43433782,0.89062,0.18086693,-1.2414995,1
1.2656977,0.62507826,0.7130354,0.45480937,1.5782405,-0.25451905,-0.4220995,1.09062,-0.019133076,-1.3173995,1
1.4555349,0.66711956,0.6163362,0.44870633,1.5767639,-0.05414102,-0.617786,0.88444465,0.13349734,-1.4779454,1
1.4043438,0.42667204,0.63960904,0.5468516,1.6229153,0.13322917,-0.38161024,0.9905434,0.10094651,-1.5326535,1
1.5611949,0.5792889,0.59242487,0.5925816,1.4891071,-0.06677084,-0.4509988,0.79054344,0.08520907,-1.3477925,1
1.6108786,0.37695444,0.60160065,0.49530658,1.6194614,-0.2651289,-0.646992,0.833663,-0.114084415,-1.3550527,1
1.6224484,0.17695443,0.40160066,0.32888865,1.4194614,-0.06512891,-0.7081601,0.9081896,0.08591559,-1.5550528,1
1.5505003,-0.021826098,0.19093281,0.3764788,1.5337665,-0.1975468,-0.86010414,0.6707153,0.27078617,-1.6621829,1
1.2729723,-0.20909178,0.06673864,0.47464544,1.5444051,-0.37472492,-0.9063179,0.82073027,0.06672256,-1.7552811,1
1.3347279,-0.3232401,0.25831896,0.407829,1.3019685,-0.16920967,-0.76014453,0.9885106,-0.1290705,-1.8935621,1
1.1073443,-0.120266035,0.38718468,0.2638792,1.4657227,-0.36029983,-0.6956893,1.1598293,0.06921781,-1.8513894,1
1.0991846,-0.32026604,0.35499716,0.10409559,1.6657227,-0.5602998,-0.6815209,0.9598293,-0.13078219,-1.6513894,1
1.1709706,-0.1736815,0.21725444,0.054297987,1.7435491,-0.34514067,-0.8011172,1.1110309,0.06630556,-1.583936,1
1.0659832,-0.34565613,0.015960393,0.014984824,1.6605598,-0.5042562,-0.69114155,1.2127062,0.24633318,-1.6501443,1
1.1532034,-0.4285129,0.0064466232,0.018535763,1.6948122,-0.57714444,-0.67963576,1.266336,0.18765184,-1.4764502,1
1.2228367,-0.45480427,0.08621262,0.19748218,1.7122674,-0.7022749,-0.65076244,0.9988059,0.33194432,-1.5149423,1
1.2230897,-0.45040953,-0.11271241,0.25812736,1.7172899,-0.49752986,-0.84272516,1.1874806,0.13069782,-1.3739903,1
1.0823413,-0.6022706,-0.2350313,0.42421988,1.7753851,-0.6459034,-0.90820485,1.2847887,-0.06417291,-1.0870994,1
1.2448779,-0.62701243,-0.40141445,0.5164083,1.7683927,-0.63691187,-1.0758288,1.0530968,-0.25645512,-0.8742224,1
1.3876336,-0.46453473,-0.23248012,0.4591365,1.8904073,-0.625509,-1.0279902,0.8192981,-0.43837088,-0.8418696,1
1.163673,-0.25919774,-0.121315114,0.4102554,2.021483,-0.41692442,-1.1345873,0.72634673,-0.6254918,-0.96401596,1
1.2901689,-0.43444625,-0.18404447,0.429353,2.1017413,-0.3566912,-0.8842115,0.49797577,-0.5507668,-1.0250884,1
1.3619903,-0.5798736,-0.35101044,0.573432,1.9972407,-0.50880677,-0.70749176,0.5230886,-0.6861887,-0.9294192,1
1.3652179,-0.3443213,-0.43852243,0.5898283,1.9916012,-0.4032032,-0.8225597,0.6554148,-0.44068637,-1.023717,1
1.3772163,-0.5300106,-0.63331914,0.69242287,1.7770015,-0.2015473,-0.7477992,0.84844404,-0.23872502,-1.1863452,1
1.393256,-0.6445811,-0.73861355,0.62398064,1.752318,-0.0013714442,-0.8400831,0.92928976,-0.38886452,-0.9577558,1
1.2819549,-0.64910966,-0.51756704,0.59057933,1.8294392,-0.19350278,-0.69812846,1.0851623,-0.39054224,-1.0567942,1
1.3421779,-0.546009,-0.46318236,0.61643326,1.829832,-0.23020823,-0.8134175,1.1639466,-0.53484267,-0.77598184,1
1.1881118,-0.72189987,-0.64175004,0.63698715,1.7421706,-0.416305,-0.9806664,1.0404431,-0.32402143,-0.9444406,1
1.0370104,-0.8281966,-0.42145818,0.70094854,1.8529568,-0.49225986,-0.86651015,0.9679626,-0.11832448,-1.0918705,1
1.0837222,-0.571452,-0.5653223,0.8195664,1.8675146,-0.26586023,-0.8329853,1.0624614,-0.2390633,-1.034204,1
0.8721827,-0.43250015,-0.6128413,0.89071834,1.8802557,-0.065000236,-0.9620954,1.2459764,-0.4333301,-0.82331115,1
0.62734497,-0.40371597,-0.7586209,1.0179623,1.9325461,0.12599464,-0.7240541,1.349523,-0.3955937,-0.76100504,1
0.7685198,-0.5607911,-0.60161674,1.1269803,1.8398535,0.011512354,-0.48679328,1.4393501,-0.5532463,-0.68036085,1
0.5366788,-0.7181815,-0.56732094,1.188744,1.7521906,0.16178693,-0.4103727,1.5475353,-0.50492287,-0.73936546,1
0.3215588,-0.49491036,-0.663751,1.1334027,1.6452041,0.34553936,-0.23757604,1.6690549,-0.6732653,-0.89717925,1
0.11728007,-0.37254408,-0.44742754,1.1660798,1.4930704,0.28232425,-0.088739015,1.8032664,-0.7735389,-1.0585599,1
0.02745904,-0.17254408,-0.24742754,1.0620854,1.5824453,0.28676972,0.058777206,1.6032664,-0.8693411,-1.25856,1
-0.16304135,-0.23276253,-0.3889892,1.1087614,1.5630417,0.3188321,-0.124639995,1.7039837,-1.0104662,-1.0264909,1
0.03695865,-0.032762527,-0.1889892,1.1488065,1.5105364,0.5188321,-0.15662715,1.6965781,-0.81046623,-1.005895,1
0.22830492,-0.22426204,0.0106086815,1.299548,1.4970001,0.69258034,-0.1578768,1.8273151,-0.588172,-0.8820537,1
0.025335412,-0.26274264,0.18851346,1.3050689,1.4938493,0.47952008,0.037704,1.8146268,-0.70548385,-0.968534,1
-0.15679817,-0.30392206,0.25204715,1.1272686,1.4635615,0.61001205,-0.124975644,1.8085508,-0.81286204,-1.0428023,1
-0.2501372,-0.4081309,0.4517365,1.203328,1.2626932,0.4097303,-0.015330701,2.0071704,-0.6124409,-0.9759465,1
-0.35721487,-0.4334133,0.50987226,1.0848132,1.2653131,0.46932915,-0.194186,1.9904342,-0.7326621,-0.9434738,1
-0.20837988,-0.2334133,0.53183734,1.0128449,1.0653131,0.66932917,0.005814001,1.7904341,-0.82562804,-0.7647482,1
-0.15842324,-0.10224143,0.48162052,1.0927508,1.2653131,0.46932918,-0.1372443,1.9904342,-0.7618985,-0.9647482,1
0.041576758,-0.07207543,0.5220746,1.1681697,1.4653132,0.2693292,-0.109974876,1.7904341,-0.5618985,-1.0790281,1
-0.021072885,0.1243262,0.31301498,1.0700912,1.6184698,0.45612746,0.008141169,1.9344454,-0.40904796,-1.0020295,1
-0.22107288,0.090366684,0.12081076,1.1668286,1.620672,0.53576136,-0.004161887,1.9314852,-0.3180324,-0.80202955,1
-0.02107288,-0.10963332,0.12387981,1.2585217,1.4694709,0.33576137,-0.094212785,1.7314851,-0.11803241,-1.0020295,1
0.081385136,0.036714368,-0.05032479,1.3218007,1.3512914,0.13576137,0.08021903,1.5314851,-0.3180324,-1.2020296,1
-0.11861487,0.056801632,0.017574966,1.3715869,1.5512915,0.33576137,0.19176777,1.331485,-0.11803241,-1.4020296,1
0.081360154,-0.14315441,0.21750818,1.4473658,1.7507539,0.13571969,0.34413272,1.1311376,0.08194243,-1.530535,1
0.06947836,-0.2627882,0.30036354,1.1822586,1.848933,0.040176753,0.3858299,1.2616581,0.015605373,-1.509008,1
-0.11831302,-0.20093879,0.09097582,1.2364649,1.7753423,-0.14487386,0.20528425,1.3249389,0.19543828,-1.5491525,1
0.012354105,-0.14502521,-0.10253223,1.1803733,1.8577187,-0.324338,0.0627376,1.0818737,0.37189153,-1.6449975,1
0.15584585,-0.20367828,-0.29330087,1.1561903,1.8432534,-0.5083386,-0.13307403,1.2427591,0.55444103,-1.4092094,1
0.20985085,-0.0036782771,-0.16703923,1.1805418,1.6967359,-0.70833856,-0.33307403,1.4427592,0.35444105,-1.2998459,1
0.356367,-0.01457184,0.032960773,1.1444691,1.5689667,-0.90833855,-0.50783825,1.5912346,0.1673087,-1.1990757,1
0.53225225,-0.00907257,0.041621998,1.157753,1.6891136,-1.0602996,-0.31177557,1.4509641,0.35138837,-1.0349814,1
0.73225224,-0.09896484,0.20652124,1.0714234,1.6310343,-0.86029965,-0.11177556,1.6509641,0.4556921,-0.8349814,1
0.8404896,-0.15554789,0.0060327896,0.8727864,1.6938871,-0.6472802,-0.051395454,1.7123243,0.6065798,-0.95745975,1
0.9048021,-0.15694897,0.074326545,0.9256691,1.6550571,-0.786638,-0.10676311,1.7754539,0.37747973,-0.79383457,1
0.680073,-0.27376708,-0.031812955,0.9867428,1.7828397,-0.9482281,0.08960718,1.5141214,0.49195287,-0.93145907,1
0.6227479,-0.38577813,0.12753321,0.7703274,1.7099438,-1.0575945,0.07710312,1.5788199,0.63733464,-0.95208436,1
0.712882,-0.2257201,-0.06720972,0.75912786,1.7634236,-0.7953807,0.2036769,1.6497762,0.46131563,-1.0685068,1
0.6394658,-0.409081,0.12834069,0.84353155,1.5828327,-0.9620271,0.0035536846,1.6845537,0.49240676,-1.0884236,1
0.6070796,-0.56135225,0.3026113,0.9240796,1.6431264,-0.7932259,-0.10691142,1.6687629,0.44971314,-1.0214345,1
0.43860942,-0.67231876,0.25137156,0.9674791,1.5706086,-0.5932259,0.09308858,1.4687629,0.64971316,-0.9194846,1
0.6115229,-0.6631689,0.33056054,1.1006569,1.6178515,-0.3765473,-0.1023768,1.5114783,0.8136727,-1.0720019,1
0.59196484,-0.78971255,0.11944973,1.117535,1.6584976,-0.161523,-0.19924301,1.5658302,0.6096883,-1.0596378,1
0.381239,-0.94087553,0.06953338,0.9688498,1.7066894,-0.13865349,-0.12463379,1.678696,0.7697345,-0.81721926,1
0.48653767,-0.93113965,0.102207534,0.82318425,1.5393012,-0.331336,-0.023625236,1.8381019,0.5993924,-0.9952396,1
0.53237855,-0.68844885,0.08411335,0.5867969,1.6377444,-0.27139312,-0.21056789,1.9190983,0.37607214,-1.1254503,1
0.31328732,-0.8374179,-0.109230325,0.5927263,1.4903097,-0.06729242,-0.22729968,1.9973809,0.18734665,-1.2391449,1
0.13976124,-0.7790095,0.08553396,0.6539658,1.4722054,0.115164764,-0.34309784,2.0902998,0.14543727,-1.117923,1
0.32316956,-0.93120116,0.12547061,0.5643389,1.4267895,0.29977423,-0.13610989,1.9939897,0.051635254,-1.2535645,1
0.37670928,-0.7312012,0.1844593,0.7256181,1.5276093,0.49977422,-0.2628823,1.7939897,-0.14836475,-1.2249593,1
0.16407146,-0.70004433,0.07751161,0.8585763,1.6040549,0.64972806,-0.32182276,1.8513844,0.047942422,-1.1005571,1
0.34545767,-0.6760851,-0.116225965,0.7404753,1.7118195,0.42673495,-0.21721017,1.7674508,0.23526594,-1.2340639,1
0.3913087,-0.8120757,0.032494128,0.6901531,1.6997943,0.31512386,-0.30355224,1.6427894,0.40354273,-1.3295459,1
0.3435082,-0.8513682,-0.070085205,0.58395827,1.5512103,0.50210404,-0.22448023,1.6790168,0.5882881,-1.3918775,1
0.528221,-0.9055285,-0.12750116,0.60212386,1.566498,0.682356,-0.023791669,1.4374166,0.37736678,-1.5471029,1
0.6931226,-0.67152387,-0.31171647,0.74358124,1.6267637,0.5509645,-0.2130055,1.5584974,0.25433114,-1.389124,1
0.8903819,-0.6186679,-0.11137364,0.8051181,1.7517321,0.62652606,-0.08631994,1.3543286,0.45293695,-1.2868345,1
0.9755833,-0.7324762,0.07929552,0.8992964,1.581426,0.6027311,0.090496264,1.3906845,0.34730622,-1.3302963,1
1.109306,-0.8114022,-0.11389937,0.9236275,1.6809924,0.7399685,0.23889704,1.2735044,0.14006865,-1.0831487,1
1.2104735,-0.74731016,0.079601355,0.85406554,1.5711374,0.8690153,0.40576705,1.2738001,0.3059195,-1.0658602,1
1.3720459,-0.6300605,0.022126896,0.8020724,1.3649498,1.0398904,0.5051717,1.1356727,0.26648754,-1.2313724,1
1.102355,-0.6881705,-0.01122816,0.6513838,1.4718965,1.1661655,0.6277632,1.1304944,0.43874976,-1.2230206,1
1.1969786,-0.7267118,0.08002236,0.6654268,1.5366195,1.255626,0.48474687,0.9516948,0.58706707,-1.0801803,1
1.173015,-0.7184309,0.16685975,0.7282514,1.4516199,1.2840873,0.43286344,1.0534416,0.3540457,-1.1709658,1
0.9236304,-0.87181664,0.31622046,0.88113874,1.4342201,1.0290653,0.22104464,1.1727836,0.5259255,-1.3013836,1
1.0385236,-1.0564293,0.16309418,0.8655487,1.4352005,1.2114204,0.053825147,1.0990667,0.3361589,-1.0855716,1
1.1327664,-1.2032752,0.34773326,0.82903636,1.4955227,1.3153026,-0.12835811,0.8610311,0.1303986,-0.848107,1
0.8470778,-1.2258501,0.49741572,0.85058755,1.4019295,1.3760993,-0.29819348,0.96355945,0.16260158,-0.9518227,1
0.89494485,-0.9507625,0.646368,0.70428514,1.4045882,1.460736,-0.461728,1.0783921,-0.021225495,-0.94769436,1
0.8682908,-0.7523105,0.7733032,0.7080867,1.3855906,1.4598011,-0.24589226,1.1680318,0.07400566,-1.0486168,1
0.9377827,-0.8993347,0.54141116,0.6545859,1.4141614,1.18972,-0.33964515,1.2919301,0.0030074394,-1.179158,1
0.70933545,-0.6717668,0.32795265,0.6883173,1.3316678,1.334937,-0.24883178,1.4331179,0.19500484,-1.3247913,1
0.8059988,-0.5966448,0.35280102,0.69303924,1.2170697,1.4318348,-0.37845224,1.529469,0.3699351,-1.113035,1
0.90545696,-0.7170263,0.227556,0.6535272,1.1709822,1.3203143,-0.5206404,1.5566219,0.3847717,-1.1092896,1
0.8732925,-0.6382129,0.40135905,0.5481838,1.1946213,1.1546818,-0.5844653,1.6489912,0.19146849,-1.2290677,1
1.0305184,-0.7981114,0.19944564,0.5436125,1.2297472,0.9456099,-0.6459175,1.7194071,0.33679444,-1.0355186,1
0.82556796,-0.9921619,0.13476293,0.68030334,1.1513141,1.1049612,-0.8408752,1.5103503,0.5335947,-1.0166922,1
1.025568,-0.855348,-0.065237075,0.8803033,1.3513142,1.0983095,-0.6408752,1.3103503,0.33359474,-1.0156349,1
1.1642501,-1.0025467,-0.25196669,0.8173465,1.0937114,1.2333523,-0.52365637,1.3367375,0.13404936,-1.0542604,1
1.1290665,-1.0959212,-0.28422707,0.83038414,0.8665586,1.1740991,-0.6594923,1.4004805,0.005331181,-1.1082003,1
1.1786729,-0.91104,-0.07750346,0.9140751,0.9131427,1.2644087,-0.5946912,1.3864805,-0.13065317,-1.1016264,1
0.9778883,-0.99378014,0.047714293,1.0169045,0.7515877,1.2237318,-0.72537756,1.4481063,-0.30181333,-1.1149377,1
0.73934436,-0.8298698,0.23544018,1.1275846,0.904437,0.97300637,-0.86094445,1.5342096,-0.47694877,-1.1621336,1
0.76878023,-0.93402994,0.19907443,1.1740321,0.9366893,0.70107025,-0.81546736,1.4770327,-0.6139518,-1.2353733,1
0.63074696,-0.8187934,0.09215804,1.061789,1.0857844,0.8607172,-0.7175603,1.6019293,-0.3954136,-1.2801023,1
0.5126656,-0.9496795,0.27233833,1.0238258,1.1985581,0.9278511,-0.7335357,1.3068237,-0.5157791,-1.3796936,1
0.6486947,-0.7320434,0.21436436,1.0247896,1.0771385,1.0266119,-0.8497388,1.3715669,-0.516202,-1.3650225,1
0.8245409,-0.77132297,0.013955553,1.0548992,0.8521753,1.1917027,-0.8026519,1.4625705,-0.47696713,-1.2062201,1
0.8490217,-0.9134995,0.13576476,1.0209424,0.98953867,0.93266606,-0.9429634,1.5635967,-0.2604791,-1.0644292,1
0.6490217,-0.7770944,0.21858288,1.0922433,0.7895387,0.7326661,-0.93350655,1.3635967,-0.46047908,-1.1625661,1
0.8490217,-0.9770944,0.01858288,0.9762809,0.68745136,0.93266606,-1.1335065,1.1635966,-0.50642484,-1.1901455,1
1.0292196,-0.91046655,-0.18022116,1.0768472,0.8491318,1.1251991,-1.2853559,1.1046594,-0.3044048,-0.9836181,1
0.9417713,-1.0233419,0.018906284,1.0225,0.83274376,0.88438296,-1.3735207,1.2471031,-0.48215246,-0.9327827,1
1.0248816,-0.87419933,-0.06779552,1.0235895,0.82939625,0.8153944,-1.4124304,1.2989548,-0.2532669,-1.0168133,1
1.1006933,-0.8038442,-0.0734541,0.86370856,0.7760261,0.9484754,-1.5061641,1.2968029,-0.19175564,-0.94978917,1
0.932635,-0.9877817,0.12452104,0.87566197,0.57309544,0.7364991,-1.4049218,1.4728525,-0.30697405,-1.1242723,1
0.9681892,-0.98151547,0.010245651,0.84917253,0.51462764,0.93649906,-1.2824771,1.2728524,-0.30890045,-1.0829318,1
1.0017922,-0.8643995,0.21024565,0.72662044,0.31462765,0.7364991,-1.1083826,1.0728524,-0.50890046,-1.2159939,1
0.9840085,-0.6643995,0.03801389,0.75643194,0.3210802,0.5364991,-1.0337662,0.8728524,-0.64085996,-1.4159939,1
0.7840085,-0.8643995,0.2380139,0.92628956,0.5210802,0.7364991,-1.2337662,0.6728524,-0.44085997,-1.615994,1
0.82681406,-0.6643995,0.4380139,0.9939313,0.3210802,0.59628123,-1.3204046,0.8728524,-0.24085997,-1.6065896,1
1.0268141,-0.46439952,0.33929855,0.980421,0.121997,0.7321964,-1.2689711,0.9007349,-0.12876514,-1.4065895,1
0.84961617,-0.6287199,0.53929853,1.1366272,0.27397656,0.8306441,-1.4689711,0.7007349,-0.32876515,-1.6065896,1
0.6385992,-0.5973824,0.3335443,1.1648957,0.07272198,0.9787453,-1.3600727,0.8854592,-0.1265814,-1.7759513,1
0.46290144,-0.37511098,0.5036416,1.0028726,0.030255554,1.112682,-1.2339923,1.0246242,-0.30827802,-1.8652083,1
0.5931952,-0.40173706,0.28605732,0.8806453,0.04155962,1.1746491,-1.2832034,1.095851,-0.45483088,-1.787026,1
0.37623978,-0.19303772,0.08234634,0.95972943,0.14113119,1.1179047,-1.0384823,1.239971,-0.6265932,-1.9013412,1
0.17186333,-0.22387081,-0.11473205,1.0041332,0.0926624,1.2851781,-0.91543597,1.0141461,-0.4159999,-2.04916,1
0.36213484,-0.37490955,-0.24683118,1.1042668,0.068936795,1.4463238,-0.8260745,1.1399907,-0.21034902,-1.823497,1
0.16952388,-0.18357962,-0.046831176,1.2657189,0.1578829,1.2463237,-0.868293,1.3399907,-0.410349,-1.659934,1
-0.030476123,-0.21951318,0.15316883,1.2717617,0.35788292,1.1199025,-1.068293,1.1399907,-0.610349,-1.459934,1
0.16952388,-0.34793097,-0.046831176,1.440878,0.2818897,1.3199025,-1.2461648,1.0575916,-0.810349,-1.259934,1
0.059427552,-0.49935347,-0.24511814,1.512174,0.19999869,1.1121303,-1.3921435,1.2488638,-0.6327651,-1.1069831,1
0.14725187,-0.4346259,-0.3281794,1.4543405,0.15286693,1.3121303,-1.1921434,1.0488638,-0.43276513,-0.9069831,1
-0.05274813,-0.26322067,-0.49805152,1.6543405,0.16863713,1.1121303,-1.0928184,0.8488638,-0.6327651,-0.88433534,1
0.13474193,-0.22841924,-0.29805154,1.6658404,0.11267702,0.9121303,-1.1653378,0.6488638,-0.4459148,-1.0540843,1
0.33474195,-0.42841923,-0.49805152,1.7904805,0.31267703,1.1121303,-1.1412557,0.4488638,-0.6459148,-1.1967887,1
0.5133471,-0.21928024,-0.28612658,1.8829205,0.35864842,1.2596325,-0.9882068,0.622903,-0.42807388,-1.3409036,1
0.3133471,-0.12391246,-0.41570234,1.8296225,0.5586484,1.0596324,-0.8784098,0.422903,-0.36528495,-1.5222899,1
0.46023995,-0.32391247,-0.23887172,1.9531863,0.6671533,0.85963243,-0.77039975,0.44301048,-0.16528495,-1.3222898,1
0.26023996,-0.5239125,-0.06433521,2.054146,0.6963594,0.8208808,-0.74346,0.6430105,0.034715056,-1.4214793,1
0.21110329,-0.62657523,0.11002081,2.1489923,0.8306703,0.9732577,-0.5181965,0.80368483,-0.15757456,-1.1644984,1
0.011103287,-0.6087639,0.06998034,1.9587911,0.9557276,0.931708,-0.48824936,0.7506112,-0.35757458,-1.0722706,1
-0.10631488,-0.4087639,0.009306647,1.9320546,0.9795295,1.131708,-0.28824937,0.9506112,-0.22055312,-0.92819583,1
-0.19000591,-0.608115,0.0065782494,2.0059524,1.0351964,0.93071496,-0.11776718,1.0825309,-0.42010486,-1.1269934,1
0.009127323,-0.5787987,0.18866214,2.0146346,1.1280704,1.0326504,-0.19393393,0.80599076,-0.27514425,-1.211906,1
0.1958835,-0.45722955,0.13243474,2.0156457,1.243965,0.9726269,-0.25439507,0.9327853,-0.07038544,-1.113101,1
0.37557632,-0.38754803,0.0818672,2.097714,1.0561255,1.112476,-0.0913503,1.0746781,-0.18695071,-0.8662627,1
0.44349465,-0.45576084,-0.1157995,2.2523308,1.0088928,0.89728177,-0.24295668,0.8574019,-0.112822644,-0.937719,1
0.61413324,-0.39479548,-0.14073363,2.0523307,0.95400715,0.79164565,-0.34678224,0.6574019,0.08717736,-0.737719,1
0.58258986,-0.46050358,0.042594746,1.9317293,1.1540072,0.99164563,-0.25922158,0.45740193,0.1945077,-0.937719,1
0.4813369,-0.2605036,0.24259475,1.9337267,1.225304,0.79164565,-0.05922158,0.6574019,-0.0054923,-0.77025425,1
0.5012047,-0.46050358,0.11857606,1.7514101,1.3566291,0.7576419,-0.18468072,0.61386013,-0.2054923,-0.97025424,1
0.6472497,-0.28496855,-0.076790534,1.9514102,1.1873835,0.7342907,-0.16463228,0.41386014,-0.0054923,-0.77025425,1
0.4472497,-0.103229195,-0.27679053,1.9325389,1.3873836,0.9342907,0.01495719,0.21386014,0.1945077,-0.57025427,1
0.24724971,-0.0868065,-0.38139623,1.7928176,1.5873836,1.1342907,-0.17866091,0.41386014,-0.0054923,-0.37025428,1
0.3533316,-0.0537488,-0.5813962,1.6990246,1.4916943,1.0107625,-0.37866092,0.61386013,-0.056014754,-0.40181032,1
0.5533316,0.048651263,-0.57578546,1.697321,1.6916944,1.2107625,-0.4131009,0.68980616,0.14398524,-0.36845386,1
0.7205202,-0.14475675,-0.35941812,1.8146832,1.6600826,1.0909598,-0.2623182,0.8510506,-0.05357504,-0.54369485,1
0.89003885,0.053413972,-0.54089403,1.566387,1.7663686,0.8614573,-0.21614924,1.016247,0.011781062,-0.71906877,1
0.6661544,-0.14151222,-0.71524924,1.7052467,1.7196887,0.74794644,-0.30151626,0.8913797,-0.18170407,-0.8255449,1
0.4501319,-0.10863747,-0.88379055,1.6794893,1.7888395,0.52911264,-0.3042107,1.0538672,-0.36858428,-0.6040439,1
0.6409124,-0.003870107,-0.6740938,1.8365661,1.8579439,0.32444555,-0.2244599,0.8417586,-0.3744231,-0.55270815,1
0.79312783,-0.03555445,-0.47334638,1.687398,1.9410018,0.49464408,-0.13215177,0.98256105,-0.16451155,-0.5255488,1
0.9147825,0.1561931,-0.6395555,1.6421995,2.0335588,0.48566934,-0.111634724,0.7432894,0.03370752,-0.30921164,1
0.6794037,0.021710668,-0.5807507,1.6928545,2.0888743,0.27152985,-0.29621008,0.8276132,0.068670295,-0.34696826,1
0.81726867,-0.16569215,-0.6806539,1.5056554,2.0302339,0.36136034,-0.33288956,0.95500624,0.24968715,-0.48652348,1
0.9581308,-0.101627275,-0.829458,1.3404065,2.1005816,0.4721174,-0.44014415,0.71111476,0.42354506,-0.2698667,1
1.0696613,-0.056980275,-0.7993867,1.4412565,1.7899148,0.63232785,-0.53281784,0.8571765,0.586631,-0.41221637,1
0.9381249,0.14301974,-0.5993867,1.6412566,1.621548,0.83232784,-0.33281785,0.6571765,0.4227749,-0.23688096,1
0.7381249,0.34301972,-0.6538687,1.6290319,1.491636,0.63232785,-0.13281785,0.4571765,0.6227749,-0.41851804,1
0.9381249,0.5430197,-0.4538687,1.6789273,1.3815911,0.5628675,0.06718215,0.6571765,0.8227749,-0.21851803,1
1.138125,0.41923797,-0.2538687,1.7468777,1.1992711,0.5115134,0.12931171,0.8571765,0.6227749,-0.3961528,1
1.1513056,0.45974803,-0.29021743,1.7325977,1.3947045,0.31151342,0.32931173,1.0571765,0.8227749,-0.19615279,1
1.0394063,0.2587743,-0.3577362,1.7833762,1.5887264,0.158867,0.34996483,1.2196463,0.6204403,0.0038327896,1
1.1301876,0.08420083,-0.1438362,1.8085977,1.4546089,-0.03750829,0.24761763,1.2945446,0.7313469,0.18587068,1
1.3108729,-0.110235505,-0.33884358,1.8367962,1.3097112,0.16013229,0.046926208,1.0786514,0.86847454,0.34626436,1
1.4568032,-0.28946757,-0.2495747,1.8256562,1.149329,0.26639247,0.13899723,0.85817146,0.98298866,0.5335318,1
1.4894121,-0.37362015,-0.404153,1.7559851,1.2130028,0.05968466,0.20342393,0.5916747,1.0634682,0.6307724,1
1.2551203,-0.5583648,-0.33504212,1.7136858,1.3754243,0.25277838,0.32383844,0.38125816,1.2298665,0.5877427,1
1.2327182,-0.7137933,-0.23250563,1.5803598,1.4044032,0.4464217,0.12209984,0.17871343,1.4097923,0.46185085,1
1.2131035,-0.7950299,-0.031558685,1.7126056,1.4070995,0.23924303,-0.027516278,0.36768085,1.2822828,0.38069817,1
1.1702077,-0.5675119,0.03715086,1.7258419,1.4171863,0.037428178,0.16450697,0.5414276,1.403178,0.17234153,1
0.97020775,-0.7675119,0.23715086,1.6810654,1.3737147,0.23742819,-0.03549303,0.6852577,1.2031779,-0.015219063,1
1.0977613,-0.8582777,0.23840167,1.4929827,1.465718,0.3930566,0.080900095,0.8304522,1.3163085,-0.20189506,1
0.99978906,-0.86999196,0.40968642,1.5472039,1.4261513,0.5542115,-0.036232013,0.96295774,1.1842537,-0.09867409,1
0.7769688,-1.039462,0.20370346,1.4982209,1.3346958,0.6670655,-0.08403676,0.9809106,1.344757,-0.1602116,1
0.7483918,-0.839462,0.0121013075,1.5496852,1.214551,0.8670655,-0.024965856,1.0876372,1.1447569,-0.3602116,1
0.8950718,-0.7199513,-0.008258548,1.4449481,1.0588391,1.0209112,-0.13664176,1.2311083,1.2865916,-0.48944443,1
0.9751815,-0.86020845,-0.19473398,1.3001721,1.1770885,1.0848775,-0.25776425,1.3381703,1.016027,-0.35880873,1
1.0481657,-0.89981216,-0.37803748,1.3673763,0.93575954,1.2305297,-0.13301773,1.0900278,1.1645914,-0.35648084,1
0.9529628,-1.0477542,-0.40997326,1.2837647,0.97854847,0.9817511,0.063811764,1.2289664,1.3000007,-0.2282953,1
0.9084391,-1.1563287,-0.4174308,1.3579228,0.9232318,0.94503593,0.003037295,1.3584046,1.045683,-0.36778167,1
0.73426336,-1.0992472,-0.19796592,1.4184543,0.8846739,1.04253,-0.1793302,1.418893,1.0095227,-0.5169527,1
0.86523557,-1.1147586,-0.09861522,1.4814594,0.84505886,0.9984008,-0.35130352,1.1288353,1.1201575,-0.66398084,1
0.82393795,-0.8416235,-0.074395075,1.5052922,0.83877176,1.0938793,-0.4212484,1.2129377,1.2050167,-0.5835349,1
0.94277954,-0.8209034,0.06024777,1.6627388,0.8238557,1.0529817,-0.48343608,1.0124993,1.0045817,-0.7831958,1
0.9448827,-0.92185956,-0.12619404,1.6820235,0.7478907,1.0698406,-0.44579083,0.733674,1.0877181,-0.8878102,1
0.87321824,-0.8729117,0.072534874,1.6441325,0.73406744,0.85486025,-0.63466907,0.5917068,1.2655412,-1.069076,1
0.82135826,-0.6755463,0.104859546,1.4586307,0.92660534,1.0464332,-0.5505077,0.78538203,1.4538333,-0.8621331,1
0.6213583,-0.50217056,0.10212384,1.6157837,0.93099725,1.2464333,-0.35050774,0.985382,1.2538333,-0.6621331,1
0.7656391,-0.61284745,0.1464887,1.5510392,1.054273,1.3483105,-0.5131625,1.1049683,0.98234355,-0.48198706,1
0.56563914,-0.45915586,0.0767738,1.5686382,0.90737283,1.5483105,-0.4243275,0.9049683,1.1823436,-0.34328824,1
0.7374748,-0.36065295,0.21879563,1.4650066,0.7919635,1.6028994,-0.39971513,1.0643216,1.274304,-0.13801733,1
0.93702096,-0.56038153,0.19455153,1.6632875,0.65455526,1.4022202,-0.4201492,1.1158515,1.0737839,-0.18509804,1
0.7218917,-0.66451263,0.21793191,1.7504406,0.8370133,1.2276838,-0.33954772,1.2888403,0.9566065,-0.16267501,1
0.74007183,-0.7107948,0.18395059,1.6930871,0.8437445,1.249552,-0.33896774,1.2263235,1.0253122,-0.32150525,1
0.9027756,-0.7700998,0.18037464,1.5946772,0.8372408,1.2277212,-0.44864824,0.9856053,1.1766994,-0.50081515,1
0.99624807,-0.87638867,0.34363064,1.5341114,0.93704396,1.1007894,-0.2759708,1.0710765,1.1750951,-0.2717566,1
1.196248,-0.6763887,0.31046954,1.647444,0.8724686,0.90078944,-0.33492506,0.9406663,1.1039331,-0.07175659,1
1.2797345,-0.8050597,0.4054197,1.7034525,0.85465765,0.7854294,-0.1459172,0.74066633,0.9039331,-0.0005127564,1
1.4797345,-0.6970871,0.29829815,1.5112388,1.0401311,0.9854294,-0.3324588,0.8072084,0.7039331,0.13832724,1
1.6434803,-0.5006962,0.09617655,1.6743046,1.1622497,0.76847726,-0.2546048,0.9854696,0.4930566,0.12356794,1
1.8157235,-0.411841,0.15400518,1.6206319,1.0557691,0.55991787,-0.053782616,1.1676203,0.28864413,-0.07528125,1
1.8368467,-0.57762104,0.33420587,1.550829,1.1855346,0.71741605,-0.007320057,0.9135018,0.083686315,0.1177433,1
1.8684846,-0.46814692,0.14768367,1.3367442,1.2710088,0.8415841,0.17675337,1.0214617,0.2602373,0.121786125,1
1.608523,-0.6156505,-0.050436206,1.2852778,1.3870747,1.0041519,-0.0224112,1.1775652,0.23237954,-0.07540305,1
1.3601071,-0.53284097,-0.24182785,1.4342237,1.5056458,0.7765104,0.01829815,1.3302135,0.20062314,-0.2659365,1
1.0966433,-0.59957397,-0.26162294,1.3693719,1.5834364,0.85930943,0.08485111,1.4465033,0.000589048,-0.3860094,1
0.89664334,-0.39957398,-0.41901565,1.3753507,1.7209362,0.65930945,0.27854738,1.4031512,-0.19941096,-0.5860094,1
0.6847058,-0.5892998,-0.60840833,1.3477877,1.8880194,0.84458447,0.17107186,1.1825341,-0.122663505,-0.5259023,1
0.68453026,-0.6904514,-0.43490025,1.3515059,1.8265251,0.9137654,0.028224569,1.2093917,0.06765122,-0.63231754,1
0.7576711,-0.67458886,-0.21651123,1.3458636,1.6586077,1.026575,0.06560917,1.2990584,0.16555732,-0.76716006,1
0.8954701,-0.7746531,-0.32112563,1.3013438,1.6981951,1.1469086,-0.00016536769,1.0276742,-0.032205615,-0.7382483,1
0.6471774,-0.9069742,-0.48493922,1.380925,1.7663865,1.2533808,0.18595833,0.7702014,-0.2160815,-0.5008729,1
0.56771785,-1.1007746,-0.5481411,1.4697099,1.7608477,1.0474813,-0.013963037,0.567008,-0.015991433,-0.6969477,1
0.7325306,-1.0406784,-0.7138511,1.5597333,1.4893084,1.1903048,-0.20415635,0.7318533,-0.03232418,-0.4741708,1
0.865632,-0.78036916,-0.47698805,1.5524815,1.5681195,1.2612522,-0.10587849,0.8650033,0.15564696,-0.4129967,1
1.0150714,-0.93385404,-0.6448673,1.2883109,1.3032069,1.3919208,-0.119398214,1.0144726,0.042333614,-0.58391213,1
1.2150714,-0.8303624,-0.6142937,1.3200089,1.3980942,1.1919208,0.019937582,0.8144726,-0.15766639,-0.38846117,1
1.4150715,-0.90798074,-0.54148453,1.3521177,1.1980941,1.0506893,0.06386326,0.8897042,-0.35766637,-0.58846116,1
1.2150714,-0.78490657,-0.48892826,1.3772382,0.99809414,0.85068935,-0.0011208728,1.0897043,-0.55766636,-0.4767891,1
1.0150714,-0.8147835,-0.5730139,1.347226,1.1063522,0.9492613,0.16208664,0.8897043,-0.75766635,-0.42877316,1
1.2150714,-1.0147835,-0.3730139,1.4401846,1.079024,0.7492613,0.15321934,1.0897043,-0.7843046,-0.62877315,1
1.3656652,-1.1723702,-0.16697323,1.2958823,1.0938878,0.90836656,0.03624745,0.8586408,-0.80825526,-0.79983705,1
1.1656651,-1.0517257,-0.31225383,1.2620342,1.2938879,1.1083666,-0.07534188,0.6586408,-0.7040962,-0.99983704,1
0.9553062,-1.0957778,-0.48935044,1.3791333,1.3087913,1.0520585,0.06758507,0.612542,-0.48155758,-1.1461912,1
0.7861295,-0.85238737,-0.60711545,1.4876543,1.3585665,1.084545,0.25462356,0.50984067,-0.29342753,-1.2809834,1
0.89214176,-0.8092675,-0.7301895,1.4074485,1.4100201,0.9318817,0.049417406,0.61138105,-0.08452298,-1.3398315,1
0.695523,-0.6303402,-0.6212305,1.2074485,1.4566529,0.8134419,0.24941741,0.41138107,-0.28452298,-1.2979547,1
0.895523,-0.8069474,-0.8212305,1.2815087,1.5991539,0.6134419,0.42208403,0.61138105,-0.484523,-1.132452,1
0.84487027,-0.6069474,-0.6212305,1.1745427,1.5741967,0.6420146,0.35556757,0.81138104,-0.684523,-1.332452,1
0.9688139,-0.7482095,-0.6735193,1.2744894,1.5639216,0.78072417,0.14424376,0.8105436,-0.44925445,-1.2200961,1
1.0836353,-0.5201986,-0.80986065,1.3670344,1.318357,0.9092528,0.076204255,0.9368991,-0.3530236,-1.2072498,1
1.1528597,-0.5593416,-0.5477286,1.2822405,1.3042221,0.9962431,0.24806482,1.0210729,-0.13743368,-1.2638805,1
1.2483188,-0.6755023,-0.42663288,1.08114,1.3879848,1.1038046,0.413441,1.1267157,-0.15367459,-1.0127162,1
1.1488417,-0.72264755,-0.5633099,0.95148844,1.3493752,1.1720515,0.3256969,1.1926475,-0.3179348,-1.0541381,1
1.2960695,-0.6366094,-0.46299002,0.8598213,1.3565731,0.9340209,0.3854991,1.3381613,-0.33659437,-1.0936236,1
1.3218242,-0.7156999,-0.24303226,0.97939384,1.420605,0.6926677,0.52540153,1.4214337,-0.49587342,-0.8258085,1
1.4489074,-0.8718249,-0.42180476,0.81812584,1.542955,0.48648912,0.30981022,1.1629097,-0.5232169,-0.9766578,1
1.4562622,-0.84932655,-0.34655192,0.68009347,1.5444328,0.2695255,0.47962326,1.2457277,-0.68039364,-0.9341261,1
1.4332297,-0.9824266,-0.29604143,0.5360593,1.6332163,0.43959084,0.6329652,0.9790571,-0.508328,-1.0618197,1
1.370755,-1.0182809,-0.3536507,0.5939762,1.6903545,0.5897478,0.7680525,0.71834546,-0.65312827,-0.9320173,1
1.5350394,-0.97625023,-0.3898736,0.42087477,1.7712731,0.5780059,0.5551362,0.8974642,-0.5143696,-0.7153728,1
1.6173805,-0.8641698,-0.5498723,0.35267302,1.7264289,0.72524667,0.7039278,0.7134989,-0.481204,-0.6840025,1
1.498474,-0.95570576,-0.57091993,0.36397052,1.7300804,0.8309422,0.5931825,0.8203918,-0.25254267,-0.7813128,1
1.5521914,-1.0772281,-0.7185709,0.3055883,1.642442,0.79563975,0.6244342,0.5782643,-0.04897478,-0.8736068,1
1.3588011,-0.96649504,-0.7086711,0.31981218,1.4831082,0.59563977,0.74160236,0.7782643,-0.24897479,-0.9153171,1
1.1588011,-0.87338775,-0.56602293,0.4235795,1.4580907,0.39563978,0.5416024,0.9782643,-0.4489748,-0.71531713,1
1.3588011,-1.0733877,-0.36602294,0.6235795,1.3422692,0.52295417,0.47478813,1.1782643,-0.6489748,-0.75643003,1
1.5588012,-0.87338775,-0.4458483,0.45791566,1.5058041,0.72295415,0.29611805,1.1158763,-0.5590553,-0.8108254,1
1.5197203,-1.0733877,-0.24584828,0.6238026,1.7058041,0.52295417,0.30106536,0.9158763,-0.7590553,-0.6108254,1
1.4889308,-1.1024969,-0.38601467,0.53835756,1.6500418,0.62593246,0.43382153,0.96612376,-0.65305233,-0.6828215,1
1.4012675,-0.9024969,-0.2111169,0.73835754,1.734342,0.42593247,0.47936678,0.9496211,-0.45305234,-0.68623316,1
1.2012675,-0.9946362,-0.064774394,0.75873566,1.934342,0.22593246,0.6398468,0.8297052,-0.25305235,-0.88623315,1
1.0458362,-0.9982367,-0.21349768,0.6852506,2.010973,0.4013128,0.41442287,0.9701863,-0.39806142,-0.9581626,1
0.8458362,-1.0643435,-0.23603173,0.8516802,1.9239868,0.6013128,0.5426943,1.0321932,-0.49596286,-0.7581626,1
1.0318033,-1.1041812,-0.3853794,1.0219885,1.844621,0.47403607,0.43196732,0.82102686,-0.3762538,-0.945306,1
0.8481035,-1.0398625,-0.5853794,1.0735382,1.6446209,0.3938854,0.55895585,0.700788,-0.37810186,-1.0547776,1
0.64810354,-0.9629899,-0.7719433,1.0385514,1.50811,0.5938854,0.6541913,0.900788,-0.5781019,-1.0385286,1
0.8481035,-1.0055261,-0.97194326,1.0979147,1.3417746,0.5167737,0.48967767,1.100788,-0.3781019,-0.9304154,1
0.64810354,-1.2055261,-1.1686866,1.0188051,1.4296868,0.57267857,0.6891371,0.900788,-0.17810188,-0.8383383,1
0.6896473,-1.2712268,-1.1846068,0.824897,1.4632616,0.5375129,0.82482463,0.94329923,-0.22369224,-0.87998724,1
0.8896473,-1.4712268,-0.9846068,0.7821155,1.3310218,0.3375129,0.791638,0.74329925,-0.18921526,-0.97625345,1
0.6896473,-1.6100974,-0.8128158,0.9317689,1.3687497,0.5375129,0.591638,0.54329926,-0.28332248,-1.0679084,1
0.62298554,-1.7275573,-0.800684,0.92973006,1.3669634,0.70388246,0.59034723,0.32764488,-0.07952299,-1.1382955,1
0.81616783,-1.7382019,-0.81643754,0.86184764,1.3754653,0.7627576,0.5171038,0.5251093,0.11989806,-0.9337866,1
0.5775718,-1.8167951,-0.95181507,0.99533474,1.2964984,0.68410087,0.45170337,0.6272136,0.019976068,-0.8498756,1
0.7523197,-1.6388581,-1.1144092,0.7941842,1.4478987,0.5596445,0.24352917,0.612204,-3.204411e-05,-1.0157803,1
0.8918287,-1.6111389,-0.8800335,0.63298404,1.5859487,0.40599567,0.39257497,0.7816705,-0.19251217,-0.9754466,1
1.0265946,-1.7029278,-0.63940316,0.5616413,1.6792426,0.5697889,0.27478224,0.54691714,0.0070404536,-0.89592105,1
0.82659465,-1.5029278,-0.43940318,0.36503667,1.5950086,0.3697889,0.2537134,0.7469171,0.20704046,-0.69592106,1
0.99083394,-1.3566284,-0.33705902,0.476381,1.6000143,0.16978888,0.4229614,0.54691714,0.40704048,-0.5135052,1
1.1017734,-1.2767638,-0.13705902,0.48554248,1.6777971,0.11264503,0.22296141,0.7469171,0.60704046,-0.5786284,1
0.96147895,-1.1053368,-0.33705902,0.50378865,1.8777971,0.31264502,0.13282375,0.9469171,0.46817014,-0.5784691,1
1.161479,-0.9053368,-0.537059,0.47658047,1.6777971,0.512645,-0.021853685,1.1469171,0.26817012,-0.42935884,1
0.961479,-1.0587474,-0.56064034,0.45006424,1.8777971,0.31264502,0.17814632,1.3469172,0.068170115,-0.42969343,1
1.1356156,-0.8396251,-0.67842555,0.41483214,1.8808186,0.3914073,-0.021367054,1.512471,0.2621986,-0.57062036,1
1.1487565,-1.0396252,-0.87842554,0.27007604,1.720756,0.1995759,-0.04107947,1.3124709,0.111929804,-0.65818775,1
0.95772094,-0.8396252,-0.841473,0.07007603,1.842283,0.3962666,-0.1041163,1.512471,0.31192982,-0.45818776,1
1.0781679,-0.8181261,-0.641473,-0.06907323,1.9397388,0.5962666,0.014489815,1.3124709,0.29489347,-0.4232685,1
0.8781679,-0.6181261,-0.441473,-0.0786363,2.1397388,0.39626664,-0.16539167,1.3096353,0.14595948,-0.2232685,1
1.0781679,-0.47580945,-0.3020592,-0.16632241,2.3397388,0.5962666,-0.062133662,1.1096352,0.34595948,-0.4232685,1
0.9784681,-0.38594398,-0.1020592,-0.15451524,2.1397388,0.39626664,-0.26213366,1.3096353,0.14595948,-0.6232685,1
1.1697369,-0.29308963,0.0979408,-0.1342911,2.3397388,0.4886672,-0.22904524,1.1096352,0.27669063,-0.66185653,1
0.9441246,-0.46878648,0.28325605,-0.113086544,2.3249063,0.27443954,-0.40272233,1.2307882,0.08897372,-0.79397625,1
0.69404703,-0.53516823,0.4150023,0.016789138,2.2909396,0.29205924,-0.54687196,1.2982063,-0.10073819,-0.8550593,1
0.74809515,-0.5770831,0.5567181,0.110401876,2.2548716,0.08333472,-0.5712117,1.3155047,-0.020965492,-0.7978335,1
0.8170004,-0.48654523,0.33818057,0.018426925,2.178568,-0.11060254,-0.46870178,1.4367485,-0.20948258,-0.9459791,1
0.89156896,-0.67174286,0.50597507,0.11211745,1.9359086,-0.30070254,-0.39435223,1.6014591,-0.009278127,-0.96273,1
0.97634035,-0.69551975,0.5896225,-0.027620371,1.931348,-0.35922012,-0.22485067,1.6657603,-0.18089008,-0.70527565,1
0.7638229,-0.8810807,0.59128785,-0.058243457,1.9272295,-0.3623148,-0.41800052,1.639231,-0.37474874,-0.6629725,1
0.5733979,-0.66823626,0.61027247,0.1306627,1.6946558,-0.5517102,-0.6063457,1.8045452,-0.5639096,-0.8466978,1
0.35310417,-0.78069884,0.64525455,0.084604524,1.7260836,-0.41684994,-0.45047653,1.8449864,-0.53587675,-0.8916942,1
0.39537033,-0.8642086,0.56575435,0.0824811,1.7445116,-0.22121453,-0.42046705,1.8522054,-0.3042136,-0.9887801,1
0.3824804,-1.0642086,0.3978244,0.12986775,1.9445117,-0.2696435,-0.22046705,1.6522053,-0.10421361,-0.94270205,1
0.58248043,-1.141794,0.25053883,0.18395008,1.883604,-0.46964347,-0.19246857,1.4522053,-0.035646856,-0.74270207,1
0.38248044,-1.1590703,0.4505388,0.13170129,1.9312603,-0.2696435,-0.27239168,1.2522053,0.16435315,-0.94270205,1
0.54162884,-1.1435497,0.3004504,0.31797633,1.9580255,-0.45021084,-0.45157436,1.3921168,0.12276325,-1.0069853,1
0.72338057,-0.96999294,0.4331558,0.37602296,1.8610001,-0.247844,-0.6454109,1.5770565,-0.023229362,-0.8819677,1
0.75611174,-1.0075047,0.57144034,0.50893396,1.759999,-0.4041914,-0.40199545,1.6038419,-0.20147057,-0.8900586,1
0.55095494,-0.8000167,0.5219644,0.60326266,1.7295045,-0.20229794,-0.35352904,1.787115,-0.3682181,-0.9662252,1
0.7509549,-0.9850405,0.39209384,0.5863363,1.6764717,-0.0022979379,-0.553529,1.5871149,-0.30686077,-0.7662252,1
0.55095494,-0.79114234,0.3179607,0.56411594,1.7962226,-0.20229794,-0.6918949,1.787115,-0.38002554,-0.56622523,1
0.6811316,-0.8368278,0.46980107,0.6930689,1.6185025,-0.002084277,-0.79342806,1.768011,-0.52609515,-0.69498205,1
0.8632249,-0.71948886,0.2643181,0.7692794,1.3896751,-0.19797745,-0.719067,1.9280164,-0.31946814,-0.8767939,1
0.94283724,-0.7586018,0.4117439,0.6836953,1.4096782,0.0017935387,-0.57328016,1.8870637,-0.33162767,-0.9548698,1
0.69409585,-0.52194905,0.57160425,0.8257115,1.3942314,-0.18520112,-0.49270648,1.9501207,-0.22117198,-1.0790929,1
0.804727,-0.31731907,0.36626017,0.76745886,1.2114578,-0.17652154,-0.68274456,1.9891939,-0.13191225,-1.2606981,1
0.6759303,-0.1130798,0.16025244,0.668075,1.010369,-0.084082566,-0.70239633,2.1100886,-0.31991878,-1.4079165,1
0.8759303,-0.22596097,0.21004812,0.78677315,0.9515172,0.087630354,-0.50239635,1.9100885,-0.5199188,-1.2079165,1
1.0759304,-0.39548105,0.18663041,0.78705627,1.0761423,-0.11236965,-0.5951384,1.7100885,-0.3199188,-1.1096501,1
0.8574447,-0.4492001,0.37847096,0.7277837,1.2492106,-0.30577737,-0.7533441,1.807198,-0.5089464,-1.2820113,1
1.0221144,-0.58551943,0.17250806,0.670676,1.3039852,-0.48887882,-0.68429726,1.688836,-0.29862422,-1.3356262,1
1.1848335,-0.7615569,0.1377808,0.66651887,1.3380218,-0.58550304,-0.6002293,1.616702,-0.48341352,-1.1009836,1
1.1143862,-0.56155694,0.3377808,0.86651886,1.1380217,-0.66591656,-0.5805567,1.6384659,-0.55376655,-0.9671499,1
1.3143862,-0.50457567,0.1377808,0.74140644,1.3380218,-0.46591657,-0.7805567,1.4450343,-0.55335635,-1.1455092,1
1.1143862,-0.30457568,0.034275047,0.88899595,1.5380218,-0.300952,-0.8391772,1.2450342,-0.35335636,-1.153711,1
1.258923,-0.1001629,-0.15873186,0.7209938,1.6119059,-0.096692115,-0.61220586,1.3840581,-0.53000635,-1.2965884,1
1.2862109,-0.1772144,-0.3547581,0.91079175,1.5665842,-0.29340562,-0.8032089,1.170942,-0.3263508,-1.302242,1
1.1637943,-0.34502652,-0.42228088,0.7327793,1.6158409,-0.45130312,-0.55173683,1.253959,-0.48143706,-1.3740551,1
1.1428659,-0.18901972,-0.22228087,0.61396027,1.6892028,-0.57760084,-0.4170254,1.0539589,-0.28143704,-1.2535836,1
1.1564232,-0.38901973,-0.34357876,0.5404347,1.8892028,-0.7776008,-0.21702538,0.8539589,-0.11194287,-1.4535836,1
1.2878361,-0.54570067,-0.39183804,0.5219069,1.9835628,-0.92816865,-0.11262231,0.62089163,0.083604544,-1.1901964,1
1.2530715,-0.32835314,-0.32242686,0.42725444,2.0739899,-0.6916286,-0.0071445066,0.73845047,0.14888993,-1.2992991,1
1.159769,-0.118511006,-0.2231279,0.5497142,2.0996203,-0.45393047,-0.07107128,0.86649,-0.04719095,-1.3843328,1
1.2683737,-0.17848416,-0.39468783,0.63291156,1.873165,-0.2368628,-0.25285152,0.9948071,0.023840921,-1.4778436,1
1.1256446,-0.1796913,-0.5946878,0.6082524,1.673165,-0.03686279,-0.45285153,1.1948072,0.22384092,-1.4026752,1
1.3256446,0.020308703,-0.39468783,0.5617936,1.7109307,0.16313721,-0.564127,1.3349861,0.02384092,-1.2026751,1
1.0953844,-0.0016481269,-0.5787011,0.74131465,1.8595601,0.35337517,-0.74358535,1.1044748,-0.17142348,-1.2372069,1
1.0146989,0.08379169,-0.74158436,0.8388352,1.9339594,0.14606455,-0.73792756,0.86618525,-0.061454967,-1.2843862,1
0.9737699,0.2612658,-0.8668464,0.8869041,1.964577,-0.049654346,-0.56894815,0.6723551,-0.05492635,-1.3433841,1
1.1035548,0.43367282,-1.0030274,0.8729517,1.9092158,-0.23472,-0.56259924,0.74418443,0.01792523,-1.1203287,1
0.85933083,0.22223581,-1.0548419,1.0204366,1.9930638,-0.41344288,-0.5472751,0.8979718,0.207259,-0.87528366,1
0.65218645,0.021994868,-0.98600197,1.18466,1.7736344,-0.6067957,-0.61126703,1.0860744,0.007180339,-1.063632,1
0.4446573,-0.09254322,-0.83921105,1.0863883,1.8100007,-0.79336214,-0.55400866,1.0567706,-0.18960911,-1.2425919,1
0.35157496,-0.24114135,-1.039211,1.0328485,1.6903919,-0.59336215,-0.75400865,0.8567706,-0.055770114,-1.0425918,1
0.55157495,-0.29493827,-1.2392111,1.065237,1.4988885,-0.79336214,-0.649015,1.0567706,0.027809069,-1.0887423,1
0.5619439,-0.41805586,-1.0763958,1.0549382,1.6474049,-0.963259,-0.54428124,1.218685,-0.1669728,-0.8870177,1
0.4645318,-0.21805586,-1.154051,1.0492432,1.6760402,-1.1463549,-0.37706286,1.018685,-0.25463948,-0.68701774,1
0.44757864,-0.09156981,-0.95405096,0.8492432,1.8135618,-1.2846001,-0.17706285,0.9157996,-0.35947043,-0.8870177,1
0.64532566,-0.051236838,-0.7514276,0.78357315,1.912566,-1.0808266,-0.37575102,1.1119177,-0.15891561,-1.083236,1
0.5709686,0.02297569,-0.5514276,0.76424545,2.112566,-0.88082665,-0.36711872,0.91191775,-0.08799631,-0.883236,1
0.73005533,-0.16763009,-0.33277828,0.6899959,2.1024253,-1.02347,-0.47287548,1.0529112,-0.0012694981,-1.0257515,1
0.5603123,-0.17079866,-0.41540098,0.49533907,2.2565813,-0.96386695,-0.40241298,0.8529112,0.009391313,-0.8257515,1
0.55786103,-0.36614925,-0.2127001,0.68662035,2.3178768,-0.77842826,-0.5948594,0.82424974,-0.018521264,-1.0128897,1
0.63576365,-0.42036667,-0.39151967,0.61295044,2.357577,-0.5487424,-0.55959207,0.59221226,-0.2073064,-1.1506423,1
0.8183096,-0.45125112,-0.50975966,0.7959728,2.2411022,-0.7149298,-0.5763806,0.6649417,-0.093123786,-0.9574009,1
0.7205162,-0.52491593,-0.35271877,0.96321625,2.1698868,-0.8848387,-0.5223235,0.44965026,-0.17099366,-1.0758861,1
0.5607316,-0.41870752,-0.41251543,1.021259,1.944884,-1.0503142,-0.6993358,0.62897545,0.028083231,-1.2352816,1
0.7607316,-0.40569857,-0.3577935,1.0002258,1.749193,-0.8503142,-0.7432751,0.44146168,0.22808324,-1.0352815,1
0.78023416,-0.6056986,-0.26066098,0.9379879,1.5644115,-1.0503142,-0.7816287,0.24146168,0.42808324,-0.83528155,1
0.79111624,-0.8056986,-0.460661,0.90370375,1.4736077,-1.2503142,-0.90184253,0.041461676,0.2897288,-0.8153536,1
0.59111625,-0.6470032,-0.660661,0.71489483,1.6736077,-1.4503143,-0.73676693,-0.10979694,0.48902088,-1.0153536,1
0.587972,-0.7866125,-0.66013306,0.8327898,1.7352126,-1.5326482,-0.4984959,0.08377165,0.5970701,-0.966557,1
0.43940058,-0.6668059,-0.48915786,0.78793794,1.5352125,-1.7326483,-0.2984959,0.28377166,0.5655533,-1.1665571,1
0.2371369,-0.8289514,-0.4308389,0.8825833,1.4446508,-1.7736783,-0.12205491,0.46264476,0.34958914,-1.3068779,1
0.111983284,-0.9501447,-0.3782933,0.77620685,1.5186881,-1.8225156,-0.24481834,0.61189324,0.42043287,-1.0488056,1
0.12580651,-0.6987383,-0.5386636,0.8383125,1.570666,-1.8839152,-0.25943014,0.5690723,0.5779154,-0.8727832,1
-0.07419349,-0.8847043,-0.7386636,0.8398124,1.3706659,-1.6839151,-0.14380911,0.36907232,0.77791536,-1.0727832,1
0.100851044,-1.0847043,-0.5386636,0.66672915,1.4316008,-1.4839151,-0.20862791,0.5690723,0.9424212,-1.1595352,1
-0.029644595,-1.1838942,-0.3380621,0.57544094,1.5194589,-1.4335786,-0.40790212,0.36841676,1.1403921,-1.0888461,1
-0.20989305,-1.1440978,-0.31190774,0.5670241,1.556656,-1.4930758,-0.5018874,0.40368935,1.225106,-0.8123972,1
-0.03980632,-1.3194706,-0.51190776,0.7670241,1.356656,-1.4509349,-0.3018874,0.34723333,1.0613122,-0.8351235,1
0.16019368,-1.5194707,-0.5263265,0.8709749,1.2393417,-1.2596889,-0.20312066,0.54723334,1.0121293,-0.73907787,1
0.117308244,-1.664751,-0.31900287,0.7806157,1.1808106,-1.3242965,-0.3745816,0.73046345,1.1849259,-0.52697957,1
0.15458241,-1.5506504,-0.51356304,0.70553106,1.3011619,-1.4748102,-0.24027558,0.6456908,0.9746027,-0.71935993,1
0.0070597976,-1.4284986,-0.63592464,0.5916568,1.2885338,-1.4925845,-0.3923719,0.75367635,1.0468014,-0.7063847,1
0.20326439,-1.5419647,-0.54523814,0.48874572,1.1179137,-1.2925844,-0.19237189,0.95367634,0.9971341,-0.7641585,1
0.39468503,-1.3334951,-0.69423795,0.49414998,1.2582062,-1.2290511,0.0074658263,1.1291322,1.1211734,-0.8450973,1
0.541889,-1.0986897,-0.7316704,0.4563501,1.2707038,-1.3444372,-0.18113427,1.0876731,1.1843256,-0.8455598,1
0.741889,-1.0893266,-0.68805915,0.38137978,1.2416807,-1.1444372,-0.18986215,0.8876731,1.3843256,-0.6455598,1
0.82902867,-1.2893267,-0.48805916,0.31830683,1.0416807,-0.9549488,-0.38986215,0.6876731,1.1843256,-0.4455598,1
0.92123026,-1.4893267,-0.68805915,0.30347103,0.9257653,-1.1549488,-0.18986215,0.8876731,1.3843256,-0.2455598,1
0.7626389,-1.5597855,-0.88805914,0.33919153,1.0058931,-0.95494884,-0.38986215,0.6876731,1.1843256,-0.10259062,1
0.6273772,-1.4279413,-1.0880592,0.44224107,1.0897914,-1.1549488,-0.45318723,0.4876731,0.9843256,-0.15956791,1
0.42737722,-1.6279414,-0.8880592,0.49505988,1.223149,-1.0480832,-0.6127474,0.5554292,0.7843256,-0.14536111,1
0.6273772,-1.7869235,-0.82848585,0.5353787,1.3413248,-0.88685393,-0.77632666,0.7554292,0.62655574,-0.16829813,1
0.75287956,-1.8080195,-0.93588024,0.5040187,1.4025428,-0.6250091,-0.854565,0.61823463,0.6721286,-0.33513626,1
0.51446444,-1.8684983,-1.0419391,0.4530513,1.1664866,-0.39547867,-0.98129183,0.76138204,0.81153136,-0.48459592,1
0.68403363,-1.8322169,-0.8659632,0.30481854,1.0588915,-0.57011575,-1.1309776,0.9204344,0.58548474,-0.64566857,1
0.8114935,-1.7492238,-0.8886358,0.3038186,1.1054617,-0.3397456,-1.0774999,1.0284963,0.49074042,-0.7762765,1
0.7064629,-1.7379805,-0.97065693,0.386237,1.1639848,-0.12460094,-1.0841837,1.0953604,0.6158827,-0.5138237,1
0.6353134,-1.6598393,-1.0794066,0.17172019,0.9395813,0.06952186,-1.1840842,1.1943897,0.70514715,-0.65818256,1
0.41451946,-1.6892667,-1.2182922,0.119056,0.7111198,-0.124245495,-1.3179697,0.94688994,0.8619103,-0.7605781,1
0.20205046,-1.7623646,-1.0676248,0.26825783,0.54032207,-0.19559257,-1.4297373,1.0763363,0.6888953,-0.79626065,1
0.22034921,-1.7199672,-0.9517054,0.27590865,0.4793265,-0.34672773,-1.4284271,1.1186793,0.7790962,-0.8731994,1
0.16849746,-1.5199672,-1.0143012,0.11718033,0.6793265,-0.51121646,-1.228427,0.9186793,0.9790962,-0.9985711,1
0.19007774,-1.4967159,-1.0182561,0.2741116,0.6691398,-0.31017068,-1.4236271,0.9724693,0.9058429,-1.1290764,1
0.26707956,-1.3487604,-1.1202174,0.4240471,0.49747783,-0.34734362,-1.5057005,0.7724693,0.7058429,-1.3290764,1
0.4541028,-1.5057315,-1.1032395,0.46327183,0.42133293,-0.53213686,-1.2694244,0.9454514,0.4917892,-1.3736598,1
0.5827973,-1.519785,-0.9782823,0.41190672,0.45748025,-0.29592973,-1.2750936,1.0205827,0.5419097,-1.4021109,1
0.7184743,-1.5093033,-1.0814621,0.5432323,0.49529433,-0.4551789,-1.1629955,1.1202867,0.6809465,-1.1033328,1
0.88092303,-1.4320463,-0.93019384,0.57252574,0.6668676,-0.24474603,-1.2028561,0.9914458,0.7773975,-1.2005765,1
0.8460455,-1.5074037,-0.85119367,0.43795866,0.8020032,-0.41146737,-1.1144049,1.1022944,0.62989867,-1.1955603,1
0.6709703,-1.5077335,-0.8072985,0.53121215,0.66072774,-0.4748321,-1.1823585,1.1714647,0.7465262,-1.1631825,1
0.8374257,-1.4615014,-0.9685033,0.39410862,0.48585996,-0.26424718,-1.111966,1.2230465,0.5967661,-1.2942508,1
0.8501432,-1.54524,-0.7497294,0.42049354,0.3728446,-0.43176207,-1.220163,1.3234707,0.7410134,-1.017682,1
0.5933076,-1.592671,-0.7510256,0.44363636,0.41035774,-0.5765334,-1.146448,1.3902888,0.8374618,-0.94929475,1
0.37344453,-1.6052973,-0.8516224,0.39007214,0.1883707,-0.41730553,-1.116365,1.4240686,0.92902416,-1.029168,1
0.53888243,-1.590868,-0.9453894,0.34190804,0.35496992,-0.32709652,-1.1260086,1.1502926,1.0048866,-1.1550847,1
0.6883064,-1.4119369,-0.9646981,0.5104317,0.24251632,-0.4964805,-1.1032814,1.2718619,0.8303123,-1.2295927,1
0.6489097,-1.2660781,-0.7646981,0.31043172,0.26611346,-0.6207419,-1.2821327,1.0718619,0.99901724,-1.0295926,1
0.7668418,-1.4177893,-0.85934407,0.31204498,0.21696125,-0.7937088,-1.1224053,1.2014598,1.1595248,-0.9171367,1
0.56684184,-1.3976452,-1.059344,0.15755129,0.19045468,-0.5937088,-1.021508,1.0014597,1.2764009,-0.959084,1
0.71416134,-1.4934645,-1.0733805,0.13733476,0.36651534,-0.74504536,-1.1466155,0.9229994,1.3132905,-0.7125434,1
0.8911758,-1.6508843,-0.85142034,0.21151717,0.2941128,-0.70718646,-1.0980878,0.7048204,1.276778,-0.88959855,1
1.0594356,-1.5363969,-0.8192784,0.36578923,0.22092222,-0.6491007,-1.1216142,0.8785009,1.0454565,-1.0579042,1
0.9931678,-1.565607,-0.57086414,0.29807904,0.38801512,-0.7827192,-0.85641813,0.9941852,1.1480886,-1.1595631,1
1.1931678,-1.3656069,-0.37086415,0.09807904,0.54845226,-0.9827192,-0.8348977,0.7941852,0.9480886,-1.2967262,1
1.2271369,-1.2777174,-0.17086415,0.1819826,0.3995521,-1.1569614,-0.9435303,0.59418523,1.1376141,-1.2232814,1
1.2173729,-1.0777173,-0.27716738,0.19752358,0.5995521,-1.3569615,-1.1435304,0.39418525,0.93761414,-1.2942309,1
1.4015516,-1.0781715,-0.47184104,0.06364164,0.39509216,-1.1577291,-1.0629542,0.5875527,1.0706451,-1.2364097,1
1.1232076,-1.1948317,-0.2541164,0.00084458466,0.55629075,-1.2692021,-1.0000292,0.54603714,1.10665,-1.3427525,1
1.1180072,-1.3614321,-0.44324243,-0.0014843015,0.36527857,-1.4340216,-0.9596407,0.728173,0.90278006,-1.1153889,1
1.1288738,-1.1768793,-0.41256863,0.08078636,0.48119566,-1.4513736,-0.8958655,0.51135856,1.0676728,-1.2735132,1
0.8655359,-1.2569556,-0.5707989,0.09743484,0.4514398,-1.53877,-1.0211407,0.2901277,0.86709845,-1.3730375,1
0.9306197,-1.3744588,-0.72715414,0.11117421,0.61455345,-1.3084021,-1.1519964,0.4623753,0.90291363,-1.1215909,1
0.6908843,-1.4888303,-0.752667,0.20596173,0.57369745,-1.4263662,-1.0436023,0.6263514,0.9961731,-0.9272006,1
0.8908843,-1.4646428,-0.552667,0.060327962,0.4800964,-1.58761,-0.8741206,0.8263514,0.825429,-0.79511046,1
0.646838,-1.558516,-0.3443871,-0.008319175,0.44330078,-1.5554696,-0.92062044,0.96091795,0.88263404,-0.9316687,1
0.8379212,-1.5001904,-0.538655,0.057389226,0.41781572,-1.3411971,-0.76073503,1.148694,1.0712345,-0.85716724,1
0.6968297,-1.3001903,-0.57219404,0.25738922,0.61781573,-1.5411972,-0.56073505,0.94869405,0.8712345,-0.69865775,1
0.68380314,-1.1001903,-0.4405244,0.45738924,0.81165874,-1.3411971,-0.36073506,1.1079329,0.8689298,-0.49865776,1
0.8838031,-1.2333884,-0.30716574,0.5313617,0.6307698,-1.5176613,-0.24682269,1.307933,0.6689298,-0.29865777,1
1.0338382,-1.0333884,-0.14709716,0.47408897,0.80711186,-1.3176613,-0.18439631,1.3210443,0.6945557,-0.4808067,1
1.1298705,-0.8333884,-0.29924434,0.45135075,0.6071119,-1.5176613,-0.1790719,1.4534681,0.69386375,-0.47864056,1
1.2190586,-0.67727005,-0.33666077,0.30741546,0.6323211,-1.4136146,-0.15533009,1.3401939,0.49386376,-0.48522964,1
1.0190586,-0.5201216,-0.26423073,0.4375496,0.659096,-1.6136147,-0.1515188,1.1401938,0.69386375,-0.68522966,1
0.98565567,-0.45506072,-0.064230725,0.506791,0.61440396,-1.4136146,-0.12950864,1.3401939,0.89386374,-0.60184085,1
1.1516386,-0.42348936,-0.10412564,0.36970675,0.7471451,-1.4053247,-0.043487586,1.5297211,1.0938637,-0.5951931,1
0.95163864,-0.38646334,0.047927044,0.31920224,0.6747238,-1.2053246,0.088531695,1.3297211,1.2938638,-0.4782436,1
0.98674655,-0.356801,0.091581136,0.3707329,0.8747238,-1.0053246,-0.038578548,1.3548942,1.4938638,-0.2782436,1
1.1867466,-0.156801,-0.053890765,0.5293081,0.850065,-1.2053246,0.16142145,1.5548942,1.2938638,-0.0782436,1
1.0433466,-0.17217776,-0.031676568,0.5790504,1.050065,-1.4053247,0.10369884,1.7548943,1.0938637,-0.2782436,1
0.84334666,0.0018639117,-0.23167658,0.5588222,0.85006505,-1.2053246,0.30369884,1.5548942,0.89386374,-0.4782436,1
1.0433466,-0.07608275,-0.06617193,0.57881385,1.050065,-1.4053247,0.5036988,1.3548942,1.0938637,-0.6782436,1
0.84334666,0.12391725,-0.26617193,0.6811519,0.9679527,-1.2053246,0.4134646,1.2341602,1.1654003,-0.5628265,1
0.8872356,-0.07608275,-0.43843356,0.80465174,0.9502296,-1.0931156,0.55770713,1.4341602,1.3654003,-0.40979207,1
0.6872356,0.02119673,-0.57465774,0.65485656,1.1502296,-0.8931156,0.545851,1.6341603,1.5654004,-0.20979206,1
0.8064002,0.033511724,-0.43762,0.7275393,1.2272112,-0.9642414,0.31434077,1.6670513,1.4817836,-0.34410492,1
0.62804985,-0.09018363,-0.22942863,0.8601927,1.3780116,-1.0697836,0.35852155,1.4164783,1.5331538,-0.52534825,1
0.4944611,0.10299903,-0.23989138,0.79132104,1.4800496,-0.8157879,0.1551255,1.4407504,1.6255606,-0.680319,1
0.3805268,0.10321677,-0.2353413,0.72708374,1.6068193,-0.6157879,0.2963737,1.6407504,1.4255606,-0.48031902,1
0.38106272,0.22802593,-0.30588648,0.65900266,1.7685847,-0.41578794,0.09872447,1.4407504,1.5262649,-0.57432544,1
0.5052109,0.034871712,-0.40091932,0.7891473,1.8281877,-0.21578793,0.015760712,1.5556653,1.3575029,-0.44015056,1
0.70521086,-0.07890127,-0.5604607,0.6579416,1.8481919,-0.01578793,-0.08321917,1.3556652,1.2140483,-0.5641633,1
0.55486953,0.067098804,-0.7604607,0.6665504,1.6589423,-0.13972798,0.07027334,1.5556653,1.0140482,-0.51139545,1
0.4456194,0.15950927,-0.93851376,0.7558535,1.7972623,0.060272023,-0.12972666,1.3556652,1.2140483,-0.31139547,1
0.6456194,-0.04049073,-0.77923703,0.6418765,1.6615311,0.14107785,-0.26394755,1.1556652,1.4140483,-0.51139545,1
0.776345,-0.20814814,-0.86094403,0.4685586,1.6225168,0.16746412,-0.25101838,0.9556652,1.4844111,-0.31139547,1
0.7238251,-0.40814814,-0.69075525,0.5216581,1.5327948,0.36746413,-0.18225384,1.1556652,1.2844111,-0.29314253,1
0.7510742,-0.60814816,-0.7745551,0.560809,1.6707817,0.5674641,-0.29457974,0.9556652,1.0983089,-0.49314255,1
0.5929399,-0.75530976,-0.5745551,0.72060454,1.4707817,0.6261012,-0.09457974,0.83026636,1.298309,-0.61027837,1
0.7929399,-0.71986145,-0.6220393,0.7559013,1.4143348,0.4261012,-0.15915626,1.0302664,1.1982679,-0.7686239,1
0.9929399,-0.71124095,-0.5231128,0.9410949,1.3238586,0.6261012,-0.2199509,1.0491093,0.99826795,-0.8821128,1
0.93150115,-0.8787257,-0.31158334,0.9748565,1.4694837,0.79662395,-0.31244037,1.2045382,1.0330347,-0.95028013,1
1.0169352,-0.97489905,-0.46234378,1.0617774,1.3454943,0.7455421,-0.12626618,1.0414023,1.0615716,-1.0395664,1
0.98298156,-1.0647959,-0.53667957,0.9552793,1.4232048,0.8707247,-0.30044988,0.77482516,1.0758432,-1.0332657,1
1.0984343,-1.0765995,-0.43535313,0.94050205,1.2151544,0.9942004,-0.23869127,0.7775593,1.1236553,-1.0821698,1
0.8837949,-1.2557981,-0.33681464,0.915197,1.334924,1.1747416,-0.159508,0.9616306,0.908605,-0.8677954,1
0.72825944,-1.3607035,-0.27327397,0.923179,1.3284819,1.2849417,-0.050820306,1.0837975,0.662318,-0.812024,1
0.7461269,-1.4804959,-0.4489515,1.0043575,1.282601,1.0291843,-0.20789437,0.83837736,0.81800175,-0.96001416,1
0.54869723,-1.5650135,-0.32614723,0.9780098,1.1445601,1.1447158,-0.18256564,0.96702087,0.94804543,-0.8361508,1
0.35389033,-1.6138179,-0.4776897,0.7979154,0.9456416,1.1184287,-0.3497941,1.0670508,1.0497009,-0.94739145,1
0.55389035,-1.4138179,-0.2776897,0.6165793,0.7456416,1.3184288,-0.4540652,1.2670509,0.84970087,-1.1473914,1
0.5886057,-1.5628922,-0.12954643,0.5639481,0.81446695,1.1788923,-0.5359028,1.4207566,0.62919885,-1.058922,1
0.3716654,-1.5984442,0.06738231,0.7306456,0.858538,1.2548431,-0.45889816,1.5501037,0.410489,-0.82147944,1
0.5562829,-1.5965989,0.26018754,0.76660997,1.0300546,1.0264591,-0.25193164,1.7030114,0.20482509,-0.60475653,1
0.7308071,-1.5604576,0.05976372,0.6970085,1.1736453,0.82063955,-0.44874933,1.7296555,0.3687746,-0.40190643,1
0.6222746,-1.3294135,-0.13703626,0.8765398,1.1132869,0.84335697,-0.4230299,1.8856231,0.16492335,-0.58817166,1
0.39330202,-1.3921963,-0.09479583,0.78673023,1.1954603,0.78588504,-0.49301428,1.8985033,0.33218285,-0.5241264,1
0.5648183,-1.5069904,0.06981337,0.8219831,1.2310891,0.55775744,-0.32950667,1.8558937,0.12583692,-0.5779314,1
0.7648183,-1.446032,-0.13018663,0.8482541,1.1892359,0.67142063,-0.5295067,1.6558937,-0.044963107,-0.7779314,1
0.52318984,-1.5247155,-0.12165641,0.75967103,1.210651,0.80719477,-0.37167567,1.7191098,0.1436103,-0.76043946,1
0.69578296,-1.6171675,0.075374596,0.8372093,0.9723502,0.6024529,-0.19391006,1.846381,-0.054252695,-0.660282,1
0.5061912,-1.4306723,-0.12362428,0.7369049,0.8424904,0.6494548,-0.39074573,2.0299423,-0.07391278,-0.85337126,1
0.60613304,-1.2120526,-0.3042539,0.7148379,0.945963,0.44359237,-0.2987043,2.09647,0.05655826,-0.9903223,1
0.6320754,-1.2917877,-0.46130648,0.5789557,0.8959728,0.3180168,-0.2574604,2.1008792,-0.12478764,-0.99212897,1
0.7986175,-1.2463276,-0.28637934,0.562106,0.6679876,0.11327131,-0.4390658,2.1054184,-0.13084324,-1.1441932,1
0.8160666,-1.2017118,-0.270612,0.4803917,0.7529205,0.28024474,-0.39187083,2.06237,-0.29596415,-1.2024819,1
1.0160667,-1.0017117,-0.070612,0.45705235,0.9529205,0.43262634,-0.20827776,1.9140378,-0.49596417,-1.2896559,1
1.1373676,-0.84492755,-0.1030992,0.51739454,1.078308,0.59168524,-0.09390737,1.9772254,-0.4944145,-1.0191376,1
1.0208286,-0.79807556,-0.29565394,0.49253255,1.246908,0.61787283,-0.1798963,1.8865774,-0.6414775,-1.0253819,1
0.7636167,-0.5563896,-0.3632141,0.3956275,1.3460581,0.7608669,-0.08812134,1.9411424,-0.7828263,-1.0195421,1
0.8704725,-0.5853727,-0.30860597,0.5026405,1.3494416,0.9498193,-0.28480867,1.7211236,-0.57612526,-1.2055205,1
0.9873864,-0.5952434,-0.4159668,0.65466106,1.4114728,0.95012623,-0.25367165,1.5211235,-0.5752801,-1.156993,1
1.1472149,-0.3818716,-0.42797947,0.735961,1.305454,0.7247481,-0.18276948,1.6628948,-0.74698013,-1.1077881,1
1.324724,-0.17883536,-0.22417349,0.70904803,1.1004589,0.68247384,0.016942872,1.831795,-0.9114758,-0.8926331,1
1.1247239,-0.1817982,-0.42417347,0.7179416,1.255879,0.8824738,-0.18305713,1.7072319,-0.7114758,-1.0926331,1
1.3098658,-0.1675477,-0.22165914,0.7812108,1.1860564,0.67481923,-0.37876076,1.8858404,-0.5057391,-0.8826214,1
1.4198862,0.021343825,-0.23462828,0.7481094,1.3034551,0.8226848,-0.5442698,1.5853736,-0.38310695,-1.0181032,1
1.5190749,0.05320423,-0.41874585,0.67167497,1.2875674,0.67701405,-0.69886756,1.4149941,-0.56179875,-1.0680197,1
1.3190749,0.25320423,-0.61874586,0.71481466,1.0875673,0.47701406,-0.49886757,1.6149942,-0.76179874,-0.86801976,1
1.4827349,0.21901482,-0.8176841,0.7529486,1.1484658,0.27665484,-0.6979613,1.5195491,-0.5610702,-1.0057336,1
1.672216,0.40383968,-0.6923252,0.8681103,1.1877806,0.07617566,-0.4948485,1.3113004,-0.75631267,-0.9244776,1
1.6014149,0.5988641,-0.8523268,0.8500428,1.242361,0.2739,-0.6891229,1.1021433,-0.8963551,-0.7185079,1
1.5391891,0.382207,-0.62508476,0.65921557,1.2638025,0.070813835,-0.85199195,1.2477641,-0.9999189,-0.8801498,1
1.2696452,0.32200998,-0.4038501,0.791703,1.3877877,0.25675052,-0.99736226,1.3725821,-0.7583793,-1.0240579,1
1.0084016,0.11232715,-0.50165665,0.62251526,1.4097295,0.42050236,-1.093808,1.4477805,-0.79497266,-1.1147643,1
0.7664993,-0.08193117,-0.6557052,0.7664855,1.4731084,0.42223433,-1.2090768,1.5000913,-0.7727002,-0.85485655,1
0.5664993,-0.13389324,-0.59678286,0.71919197,1.3750899,0.33294702,-1.0869489,1.7000914,-0.7691285,-0.92796624,1
0.36350644,-0.2430155,-0.7902762,0.8577359,1.4937574,0.13186134,-1.0496407,1.4878414,-0.79550606,-1.1187551,1
0.16350643,-0.28540266,-0.86429137,0.8396369,1.6937574,0.33186135,-0.87660986,1.2878413,-0.75479513,-1.2009392,1
0.30738,-0.0833851,-1.0391486,0.7028765,1.7619255,0.3210184,-0.9903951,1.0621421,-0.6632944,-1.2523097,1
0.5037903,-0.28138018,-0.951559,0.7356569,1.948045,0.26378,-1.1487986,0.8560425,-0.4600166,-1.0448645,1
0.30379033,-0.32966492,-0.9122699,0.63036233,1.887151,0.46378,-1.3369856,0.6560425,-0.4576159,-0.9051553,1
0.47564328,-0.42577899,-0.9477829,0.6750242,2.0180933,0.64181745,-1.3000985,0.4409534,-0.6358573,-0.6818238,1
0.3714226,-0.5909784,-0.7061975,0.82636267,2.0947416,0.79500264,-1.0401299,0.60530895,-0.41161856,-0.8327841,1
0.1724594,-0.5978157,-0.71127224,0.93285304,2.106131,0.59500265,-0.99021894,0.80530894,-0.286071,-0.6327841,1
0.2211018,-0.79056907,-0.8045005,0.74437386,2.1186008,0.78778154,-0.8998683,0.7195176,-0.08528921,-0.82521987,1
0.4170561,-0.74015874,-0.9948499,0.7999095,2.013854,0.8255447,-1.0893015,0.5145264,-0.27708405,-0.61921316,1
0.5618083,-0.74138767,-0.9052072,0.91038305,1.9527657,0.9337231,-0.8096783,0.6505516,-0.40776837,-0.7458653,1
0.7064292,-0.71662235,-0.89352566,0.8184454,1.996272,1.0513079,-0.9362805,0.4177991,-0.3484526,-0.506184,1
0.8637088,-0.6274843,-0.6608395,0.74124354,2.0776567,0.95725805,-1.0593314,0.20753412,-0.20659952,-0.6581656,1
0.9983028,-0.4011989,-0.80790764,0.7282564,2.045453,0.7106953,-1.079341,0.3824754,-0.10228464,-0.80539817,1
0.7423076,-0.5590291,-0.9372101,0.491203,2.0879507,0.84681654,-1.1896044,0.16967605,-0.21656793,-0.6703259,1
0.5214584,-0.72984797,-0.9463799,0.4889296,2.043749,0.62194943,-1.3361806,0.3554637,-0.015930971,-0.76485133,1
0.46688226,-0.8892448,-0.78506625,0.41576618,2.1861541,0.7676323,-1.1370819,0.15147309,-0.11718903,-0.70986825,1
0.6310729,-0.6985878,-0.9321714,0.43055886,2.0936491,0.7927511,-1.141859,-0.045921177,0.016907634,-0.86101127,1
0.41357386,-0.6331685,-1.0862119,0.3060498,2.2005405,0.56868887,-1.0163159,-0.017452052,0.20810246,-0.95511115,1
0.6050636,-0.66940916,-1.0368843,0.39004037,2.1910536,0.3635752,-1.1994457,0.18001603,0.007990081,-0.7446378,1
0.42290226,-0.6185181,-1.1330167,0.3602027,2.1902645,0.14983892,-1.281927,0.34810412,0.10595907,-0.6554895,1
0.6229023,-0.4191249,-0.9330167,0.1602027,2.0017686,0.033956908,-1.481927,0.14810412,0.30595908,-0.45548952,1
0.7331211,-0.54399556,-1.1330167,-0.027678087,1.8017685,0.2339569,-1.4829857,-0.051895887,0.5059591,-0.27353403,1
0.90792847,-0.42252713,-1.160955,-0.049371377,1.74352,0.0339569,-1.6348608,-0.2518959,0.7059591,-0.076814994,1
0.8336285,-0.48195142,-0.94548744,0.10299776,1.8203665,0.23019113,-1.7237712,-0.051060587,0.89137673,-0.18155792,1
0.9872239,-0.44098008,-0.7120189,0.25688004,1.7071629,0.028835699,-1.79624,0.1422528,1.0423796,-0.097267546,1
0.94802475,-0.3938472,-0.9015059,0.40603942,1.8578598,-0.1711643,-1.6488214,-0.0577472,0.8423796,-0.0867221,1
0.72759706,-0.27429748,-1.0714251,0.58948916,1.7412801,0.02804823,-1.7983322,-0.25070843,0.7533955,0.051111307,1
0.86503357,-0.06928635,-0.8275819,0.5584384,1.810347,0.21266711,-1.8635511,-0.4203096,0.5160707,-0.10850835,1
1.0650336,0.13071366,-0.6275819,0.50544524,1.7566097,0.4126671,-1.8046066,-0.25321245,0.31607074,0.06428097,1
1.0883726,0.07301965,-0.6815654,0.46931875,1.8018472,0.5642068,-1.8001028,-0.2801476,0.47525093,-0.124984026,1
0.8883726,-0.12698035,-0.8815654,0.5571431,1.649095,0.76420677,-1.6645021,-0.38252845,0.2752509,0.02375798,1
0.7825427,-0.32241768,-1.0664732,0.7465779,1.7983409,0.95075226,-1.4440664,-0.5743999,0.07420086,-0.17378275,1
0.9500958,-0.3615678,-0.9650418,0.70788085,1.932349,1.0073208,-1.2399199,-0.36203593,-0.034335867,-0.34039396,1
1.1500958,-0.31584707,-1.1650418,0.90788084,1.7323489,0.8073208,-1.0535626,-0.17447384,0.10321787,-0.37118304,1
1.0235788,-0.5158471,-1.3650419,0.88095504,1.5323489,0.8685513,-1.0939606,0.025526166,0.3032179,-0.54453397,1
0.8235788,-0.6785315,-1.5650419,1.080955,1.4371539,0.6685513,-0.90267193,-0.109923676,0.4591278,-0.7437842,1
0.79238087,-0.62244993,-1.6294436,1.1726458,1.4187725,0.79555327,-0.696717,0.083156265,0.23922046,-0.8712785,1
0.955368,-0.5653956,-1.7097256,1.0368615,1.335219,0.95842206,-0.47819096,-0.11248581,0.037757643,-0.9084208,1
1.0539371,-0.35247332,-1.742069,1.0966041,1.1795396,0.9474838,-0.4484403,0.079831235,0.09369212,-1.0111115,1
0.8551832,-0.41199726,-1.9074969,1.2284056,1.0699217,0.9777798,-0.3598296,0.27484977,-0.104415424,-0.79667234,1
0.98880464,-0.31399176,-1.9300958,1.0825385,1.0451874,0.8248717,-0.31936568,0.44497833,-0.28526554,-0.93397456,1
1.1300066,-0.35869104,-2.0247416,1.0031965,0.8542582,0.9741818,-0.12917776,0.23286174,-0.22056055,-0.8307212,1
1.3300066,-0.558691,-1.922066,0.93911,0.74998444,0.7741818,-0.32917777,0.03286174,-0.020560548,-0.6307212,1
1.1768461,-0.35134178,-2.0304394,1.0864953,0.8999347,0.95422167,-0.4844419,0.22809061,0.057520706,-0.42189613,1
0.9082697,-0.51263654,-2.0738585,1.1961809,0.7348858,1.0731931,-0.32732278,0.026118597,0.23944227,-0.56882,1
1.0325078,-0.61828476,-2.1184163,1.1427404,0.6447074,0.8135011,-0.4735972,-0.16199479,0.3307662,-0.56633234,1
0.8195629,-0.78951955,-2.219076,1.1808499,0.7664146,0.5919347,-0.2639794,0.03666922,0.12616937,-0.6012844,1
0.9412052,-0.75630003,-2.1425564,1.2345107,0.7731058,0.36181283,-0.31667674,0.21848018,0.30110186,-0.6784523,1
0.740313,-0.5556304,-2.1230423,1.324667,0.9719344,0.16161804,-0.30837148,0.018457936,0.21243285,-0.87739486,1
0.940313,-0.3556304,-1.9230423,1.3888738,0.7719344,-0.038381964,-0.10837148,0.21845794,0.05678977,-0.6961801,1
0.95601135,-0.39759257,-2.0554378,1.4201497,0.9719344,0.16161804,-0.09789513,0.41845793,0.25678977,-0.49618012,1
1.1518068,-0.20504065,-2.087441,1.2979147,1.1676719,0.18427846,0.101733506,0.21766338,0.2169757,-0.2951029,1
0.95180684,-0.40504065,-2.1700618,1.3802445,0.96767193,-0.015721545,-0.04949893,0.017663375,0.0169757,-0.35042453,1
0.90131825,-0.60504067,-2.1745012,1.4151695,0.7976149,-0.21572155,0.15050107,-0.18233663,0.2169757,-0.5504245,1
0.9139866,-0.7069927,-2.1224637,1.3967253,0.8411918,-0.39273614,0.31661463,0.01668676,0.37031594,-0.3310494,1
1.0212208,-0.46477354,-2.1290636,1.3694512,0.87183696,-0.17668629,0.14820734,0.19864245,0.52282363,-0.45464158,1
0.8212208,-0.6647735,-2.193006,1.3757344,0.85982424,-0.37668628,0.23179322,-0.0013575554,0.32282364,-0.2546416,1
1.0051519,-0.73902696,-2.0955713,1.343671,0.92915267,-0.18211879,0.09328953,0.19551681,0.32089213,-0.4474878,1
0.9394539,-0.8063439,-2.2008808,1.3721986,0.69907564,-0.17156543,-0.093602404,0.37920204,0.11590541,-0.2372791,1
1.0510515,-0.8939406,-2.1299238,1.2451519,0.8293226,-0.34273824,-0.073157266,0.16529898,0.09255342,-0.40335366,1
1.1362506,-0.7852627,-2.188252,1.125712,0.73932797,-0.50973684,-0.25654784,0.34308684,-0.10091325,-0.19098866,1
1.1934907,-0.60880655,-2.2390602,1.1168915,0.64276546,-0.6654002,-0.24798435,0.13414833,0.09289689,0.008448413,1
1.1673113,-0.80880654,-2.03906,1.0920464,0.6858516,-0.76687706,-0.3306473,-0.06585167,0.2928969,0.04421851,1
1.331948,-0.9242276,-1.9396093,1.0356876,0.6537831,-0.94187033,-0.1272683,-0.25897583,0.34319183,-0.14624667,1
1.495192,-0.8259726,-1.9227524,0.9759167,0.8402147,-0.73008054,-0.32206735,-0.058038585,0.14091621,-0.25855112,1
1.2927046,-1.0210507,-1.7720939,1.1736584,1.0382171,-0.52906257,-0.52106476,0.1416888,0.3402615,-0.058438674,1
1.360881,-1.012936,-1.8501382,1.0985637,0.789393,-0.5551915,-0.546069,0.32055852,0.31780192,-0.24245664,1
1.2913219,-1.0992725,-1.8445436,0.98008347,0.7605708,-0.6844229,-0.67615527,0.10926104,0.2904515,-0.40099427,1
1.3817948,-0.8332273,-1.8943862,1.065368,0.89002365,-0.74849623,-0.44118503,0.28654802,0.083808474,-0.19105312,1
1.555335,-1.0159438,-1.9621468,0.8508924,0.6784811,-0.59701955,-0.3443757,0.08510026,0.17908195,0.00879722,1
1.355335,-1.2159438,-1.9036572,0.86582404,0.6796653,-0.39701957,-0.32621497,0.08384387,-0.020918056,0.052603327,1
1.155335,-1.331693,-1.7036572,0.86760527,0.62598413,-0.5833878,-0.507106,0.28384387,-0.22091806,0.22684291,1
1.2936077,-1.4619339,-1.6450595,1.0189823,0.7883656,-0.7477092,-0.29311922,0.08002529,-0.4017478,0.10231741,1
1.3999668,-1.363196,-1.5868007,1.0913024,0.7847148,-0.7659747,-0.4622034,-0.11245296,-0.18909933,-0.09155844,1
1.1614766,-1.5130548,-1.6917727,1.0059581,0.56595945,-0.93499005,-0.25379294,0.08473888,-0.37661856,-0.2822064,1
1.1722424,-1.545334,-1.7144079,0.9354799,0.7573317,-0.7267112,-0.44868144,0.28153163,-0.17462915,-0.10364746,1
1.2568008,-1.5985055,-1.5195664,1.0018516,0.6581387,-0.8487504,-0.22776079,0.44102216,-0.34311298,-0.18659423,1
1.1812669,-1.4576792,-1.3195664,1.1528479,0.73896396,-1.0487504,-0.045050815,0.4631064,-0.46244928,-0.3212078,1
1.1519247,-1.6316868,-1.3889375,1.1198086,0.53051305,-0.9904167,-0.24120843,0.6527089,-0.25833407,-0.11930726,1
1.19471,-1.3743563,-1.4406823,1.1596146,0.59053206,-1.0579143,-0.037931956,0.78491014,-0.42189202,0.010745865,1
0.9610225,-1.1345847,-1.5851178,1.313569,0.7637593,-0.82885957,-0.030945158,0.9515545,-0.6008306,0.11551632,1
0.9780926,-1.3220453,-1.5537847,1.3668163,0.69559544,-0.6591599,0.010632573,0.7494143,-0.6847081,0.25336158,1
1.0680891,-1.3524718,-1.318945,1.4769865,0.5545673,-0.8370494,-0.13930148,0.9249812,-0.4722342,0.051988322,1
0.87109244,-1.3607978,-1.4925545,1.5993328,0.61887336,-0.62598115,-0.06669292,0.7123852,-0.55798954,0.07544879,1
0.8101997,-1.3836358,-1.4803705,1.7094525,0.44029707,-0.40889046,-0.23764957,0.8757795,-0.3436267,0.11315942,1
0.6101997,-1.4302694,-1.3628983,1.7245783,0.59453684,-0.20889045,-0.22564627,0.6972105,-0.4212225,0.23775029,1
0.7021253,-1.4824095,-1.5628984,1.65709,0.52586025,-0.40889046,-0.11227411,0.4972105,-0.2212225,0.22808559,1
0.5021253,-1.5562041,-1.7628984,1.5888779,0.42018834,-0.29438084,-0.2958157,0.2972105,-0.021222502,0.4280856,1
0.5522909,-1.4304662,-1.8453063,1.5545789,0.39788118,-0.46476373,-0.17106517,0.4674239,-0.20796964,0.40194094,1
0.35229093,-1.4783174,-1.6453062,1.4807699,0.44231337,-0.2647637,0.028934836,0.6674239,-0.007969633,0.20194094,1
0.53223646,-1.6173753,-1.7783005,1.4126261,0.4168231,-0.062412046,0.22062188,0.8359265,0.06844042,0.1148407,1
0.6219968,-1.616855,-1.7304325,1.4474688,0.4257862,-0.2485927,0.3802515,0.65975153,0.17078012,0.23919983,1
0.7273371,-1.6910517,-1.7525591,1.2662303,0.5824553,-0.045228027,0.5400735,0.42791727,0.34510642,0.03648554,1
0.6194263,-1.5678523,-1.7551363,1.277973,0.7739079,0.15308128,0.3457018,0.62105805,0.5391518,-0.16172826,1
0.5343895,-1.3498547,-1.9105003,1.4019492,0.61981297,-0.046301387,0.24163857,0.415518,0.7294264,-0.35696882,1
0.3343895,-1.3491497,-1.7768854,1.4087536,0.7657239,0.043600507,0.16658178,0.21551798,0.5564546,-0.53752124,1
0.1343895,-1.1491497,-1.5807033,1.2260683,0.5747659,-0.10456098,0.082253195,0.415518,0.55220234,-0.73752123,1
0.11926349,-0.94914967,-1.3807032,1.3590206,0.54538786,-0.304561,0.006627798,0.615518,0.35220236,-0.9375212,1
-0.08073651,-0.7491497,-1.1807032,1.3024173,0.34538788,-0.504561,0.07313775,0.81551796,0.15220235,-1.0081383,1
0.11926349,-0.94914967,-1.1247631,1.4140954,0.14538787,-0.6177954,0.038135897,0.615518,0.35220236,-1.0586678,1
0.30332994,-1.1325105,-1.3247632,1.3638018,0.011542261,-0.41779542,0.2381359,0.81551796,0.41892272,-1.0270542,1
0.10332994,-1.3325106,-1.1988991,1.5638019,-0.07121698,-0.21779542,0.36333156,1.015518,0.38844886,-0.92571664,1
-0.09667006,-1.3298501,-1.3988992,1.4631691,0.12878302,-0.05092758,0.41065893,0.81551796,0.48490837,-0.91650283,1
-0.105043806,-1.1923022,-1.1988991,1.4534066,0.05394929,0.031448804,0.21065892,1.015518,0.46099448,-0.9911496,1
-0.23441607,-0.99230224,-1.3988992,1.2708058,0.1304288,0.21383297,0.30521074,0.81551796,0.66099447,-1.1911496,1
-0.14898089,-1.1923022,-1.4433419,1.230475,0.3304288,0.013832971,0.2313067,1.015518,0.46099448,-1.3054376,1
-0.16292614,-1.3449801,-1.2433418,1.2870748,0.1304288,0.21383297,0.0814334,1.215518,0.4911024,-1.2356837,1
-0.11839551,-1.3512758,-1.0433418,1.1758714,0.21640684,0.013832971,-0.1185666,1.415518,0.6911024,-1.2394575,1
-0.28433964,-1.5512758,-0.8606823,1.1037965,0.36989236,-0.18616703,-0.06098675,1.215518,0.5363133,-1.0394574,1
-0.36142227,-1.6884849,-0.8734752,1.0253625,0.37350976,-0.28392032,-0.13506931,1.015518,0.461495,-1.0666265,1
-0.16142227,-1.6104033,-0.6734752,1.0640011,0.47704795,-0.083920315,0.016195327,0.8538422,0.66149503,-1.2666266,1
-0.36142227,-1.4414676,-0.6754709,0.89273536,0.34026676,0.08906746,-0.033950932,1.0538422,0.5369122,-1.0666265,1
-0.44309995,-1.3981941,-0.6185532,1.04073,0.54026675,0.03598221,-0.18668732,0.8538422,0.52445775,-1.2666266,1
-0.24309994,-1.2829274,-0.63301104,1.1443236,0.74026674,0.13219267,-0.23463237,0.84192556,0.32445776,-1.1694962,1
-0.20565563,-1.2408965,-0.7546146,0.9443236,0.7397626,0.21614906,-0.03463237,1.0419255,0.32922894,-0.9694962,1
-0.0056556314,-1.4408965,-0.73920214,0.8493131,0.6965757,0.0276656,-0.23463237,1.1789706,0.4290179,-0.9116782,1
-0.20565563,-1.4120686,-0.93920213,0.878212,0.8965757,0.2276656,-0.39481395,1.028041,0.2290179,-1.1116782,1
-0.0056556314,-1.3500024,-0.73920214,0.74856657,0.92489666,0.0276656,-0.38344684,0.828041,0.4290179,-1.3116783,1
0.19434437,-1.3949072,-0.93920213,0.9253187,0.972636,0.19171104,-0.18344684,1.028041,0.2290179,-1.3163643,1
0.23810162,-1.5121318,-0.73920214,0.95579696,1.1585422,0.39171106,-0.38344684,0.828041,0.4290179,-1.3780278,1
0.29455525,-1.6380655,-0.8985725,0.8569842,1.1323558,0.56611377,-0.28776065,0.60087216,0.60180676,-1.5097628,1
0.47964603,-1.6537944,-1.006398,0.89173317,0.9396912,0.36611378,-0.31333792,0.40087217,0.46892095,-1.522845,1
0.6371583,-1.7379055,-1.096452,0.6724187,0.8385356,0.45966765,-0.48124686,0.56330895,0.4987865,-1.4856712,1
0.7202118,-1.5643352,-1.296452,0.81309855,0.68736947,0.25966763,-0.3795696,0.52553016,0.558801,-1.4060469,1
0.48871523,-1.5785825,-1.4058484,0.91203177,0.4864003,0.43183672,-0.39969763,0.30582073,0.71285886,-1.5088077,1
0.66311836,-1.327346,-1.5461652,0.9377086,0.66088945,0.22322024,-0.19227564,0.39068514,0.4937979,-1.615072,1
0.68523765,-1.2693058,-1.3461652,0.7562859,0.5777208,0.023220241,-0.36744702,0.2963655,0.6937979,-1.7095237,1
0.48523766,-1.2591459,-1.2957633,0.74364275,0.7777208,-0.17677976,-0.46025488,0.21820918,0.5779879,-1.9095237,1
0.553954,-1.2729453,-1.0957632,0.68173385,0.64355993,0.015531093,-0.6602549,0.4182092,0.6611364,-1.7791885,1
0.3879705,-1.3273369,-0.8957632,0.88173383,0.7296823,-0.18446891,-0.547996,0.35286522,0.47842658,-1.9134613,1
0.3734253,-1.4197869,-1.0186032,0.86818355,0.649092,-0.3573959,-0.6953246,0.51393425,0.63065404,-1.8327801,1
0.15248881,-1.4242408,-1.0517434,0.86808765,0.65133846,-0.49010518,-0.787238,0.27603507,0.7303747,-1.787376,1
0.0918902,-1.2242408,-0.96961206,0.9118382,0.6470929,-0.6901052,-0.587238,0.07603507,0.9303747,-1.8771117,1
0.2918902,-1.0450209,-0.7696121,0.9358768,0.8289203,-0.6665496,-0.6702281,-0.09009625,0.919408,-1.9591945,1
0.4918902,-0.91916376,-0.93115747,1.0847727,0.8236182,-0.5406699,-0.72504497,-0.29009625,0.71940804,-1.7591945,1
0.47367564,-0.79018843,-0.9374661,1.1244669,0.7331923,-0.32854113,-0.89211076,-0.47264746,0.87932163,-1.8894417,1
0.67367566,-0.6318749,-1.1374661,0.9718389,0.54287416,-0.52854115,-0.6921108,-0.42200148,0.8992728,-1.8142115,1
0.51010126,-0.7600243,-1.2219466,1.0209614,0.6787107,-0.6656157,-0.81505746,-0.20282678,0.7943617,-1.8402401,1
0.31010127,-0.95355844,-1.1730024,1.0568973,0.8787107,-0.4656157,-0.93895376,-0.4028268,0.5943617,-1.6402401,1
0.11010127,-1.1535585,-0.9730024,1.0300074,0.92002666,-0.6656157,-0.80635494,-0.6028268,0.39436173,-1.44024,1
0.1813087,-1.037714,-0.91968215,0.9843475,1.1200267,-0.4656157,-1.0063549,-0.4028268,0.5943617,-1.4742613,1
0.3813087,-0.8546909,-1.1196822,1.0331082,1.3200268,-0.5960693,-1.1697397,-0.23480758,0.45360845,-1.3356922,1
0.31079772,-0.7127174,-0.9196822,0.8938733,1.4918779,-0.3960693,-0.96973974,-0.3939621,0.25360847,-1.3505883,1
0.3137876,-0.7403436,-1.080754,0.81681246,1.3627993,-0.5960693,-1.1046522,-0.53391707,0.16313449,-1.5505884,1
0.39977464,-0.60604036,-0.839877,0.70210963,1.4637237,-0.75912255,-1.2441015,-0.31841952,0.34628093,-1.6693412,1
0.51574796,-0.7887888,-0.9197305,0.8828019,1.2366763,-0.54715574,-1.2303728,-0.115885,0.4922454,-1.6994921,1
0.48432487,-0.7960327,-0.806133,0.87346095,1.0366763,-0.7471557,-1.0359448,-0.08074865,0.6922454,-1.6874155,1
0.66354346,-0.8385022,-0.93805355,0.90877235,0.93561935,-0.9183927,-1.0897154,0.11562996,0.66862845,-1.668553,1
0.46354347,-0.9556597,-0.73805356,1.1087724,0.73561937,-0.8734086,-1.2897154,0.31562996,0.46862847,-1.468553,1
0.5670116,-1.1556597,-0.93805355,1.0987006,0.70484823,-1.0734086,-1.2660528,0.115629956,0.26862848,-1.3117955,1
0.3400995,-1.1180159,-1.0546027,1.1737101,0.61320573,-1.1275638,-1.1560565,0.09738835,0.43426505,-1.4009391,1
0.50133294,-0.91874,-0.7932622,1.1071286,0.7228574,-1.2322757,-1.1736524,0.2760428,0.58873963,-1.486029,1
0.6812332,-0.79552513,-0.70491314,1.0715624,0.51812714,-1.419318,-1.2034736,0.07535483,0.41003156,-1.533897,1
0.48123324,-0.78959787,-0.9049131,1.2715625,0.39966768,-1.3600389,-1.1163396,0.27535483,0.5281955,-1.333897,1
0.6505436,-0.89558756,-0.6731567,1.1234165,0.5726526,-1.489759,-0.87505835,0.34246263,0.69539016,-1.4647948,1
0.44399172,-1.0491091,-0.86045915,1.1168612,0.57637966,-1.2710031,-0.6652416,0.14039092,0.8823693,-1.5893327,1
0.571722,-1.0282167,-0.96302944,1.1958746,0.70504975,-0.97260463,-0.72243696,-0.0541325,0.8846577,-1.5836171,1
0.6382858,-1.1610864,-0.98442703,1.0118564,0.7926683,-0.82468766,-0.8277968,0.13789485,0.974526,-1.5129851,1
0.73462105,-1.0869751,-1.0982683,1.1237025,0.9204587,-0.57924604,-0.81885356,0.3133154,0.8954948,-1.4340668,1
0.72093284,-0.92632186,-0.9910461,1.2324469,1.0432147,-0.7255251,-0.76552707,0.47792757,1.0199718,-1.2851515,1
0.8365445,-0.7177831,-1.1770439,1.320719,1.2285993,-0.8047132,-0.5894954,0.409056,0.8103321,-1.1518505,1
0.67019796,-0.5177831,-1.3103048,1.2640431,1.0285993,-1.0047132,-0.38949543,0.609056,0.78616863,-1.1759148,1
0.44516796,-0.6795734,-1.0511999,1.2942327,1.0885845,-1.1405828,-0.29851094,0.72962517,0.933672,-1.2572966,1
0.2860802,-0.5558197,-1.2129418,1.3391383,1.145854,-0.9118224,-0.110358074,0.7191878,0.82162577,-1.4127365,1
0.4560367,-0.38680935,-1.325611,1.4156326,0.96179,-1.0431031,0.0362202,0.48709795,0.58320445,-1.5130569,1
0.39880684,-0.58680934,-1.3381844,1.5391092,0.76179004,-0.87732553,-0.1358023,0.68709797,0.38320446,-1.3130568,1
0.33421022,-0.76279694,-1.4034785,1.4638083,0.9512114,-0.9196795,-0.33210886,0.6135018,0.57678986,-1.2743527,1
0.36216438,-0.56279695,-1.3336719,1.4102454,0.946957,-0.71967953,-0.31930402,0.44961628,0.43025178,-1.4743527,1
0.15123756,-0.3383513,-1.4303315,1.5017453,0.84774154,-0.7973717,-0.23699673,0.60584444,0.5877847,-1.5615331,1
0.29378495,-0.4170095,-1.4634982,1.4144553,0.8792504,-0.8321601,-0.39382198,0.3657475,0.5680676,-1.5874959,1
0.3205262,-0.3763731,-1.5479684,1.3868856,0.98758614,-0.58825666,-0.18036105,0.15596235,0.53941983,-1.6633544,1
0.12052621,-0.39194983,-1.3479683,1.3787987,0.90444523,-0.40629673,0.019638956,-0.044037655,0.5715767,-1.7800429,1
0.30382872,-0.5611128,-1.3221524,1.2941364,1.0469103,-0.57471234,0.20819709,-0.23132476,0.35221982,-1.8768946,1
0.10201068,-0.547998,-1.4954997,1.4147791,0.832081,-0.5266776,0.066233076,-0.42377234,0.14955446,-1.8097206,1
0.28616574,-0.5384031,-1.3181698,1.2594928,0.97793305,-0.5123148,0.0139271915,-0.5910462,0.33121517,-1.9042809,1
0.4703158,-0.5370284,-1.3553406,1.3653893,0.95880276,-0.48375633,0.10405204,-0.37829736,0.5138965,-1.7938285,1
0.6511601,-0.5298106,-1.4083812,1.1653893,0.7588028,-0.68375635,0.30405205,-0.17829736,0.531766,-1.8438349,1
0.7831912,-0.57153213,-1.479945,1.1318442,0.78891826,-0.8131845,0.119619265,0.019969596,0.30527303,-1.7880425,1
0.58955055,-0.7715321,-1.679945,0.97542053,0.90988463,-0.6131845,0.051327147,0.0049856193,0.10527302,-1.5880425,1
0.38955057,-0.57153213,-1.673528,1.0579044,0.7421941,-0.8131845,0.2090941,0.20498562,0.20128304,-1.7005423,1
0.18955056,-0.7715321,-1.4735279,0.99711084,0.7281562,-0.6131845,0.0111040175,0.4049856,0.40128303,-1.6286379,1
0.38955057,-0.57153213,-1.4073437,0.9167805,0.9281562,-0.6166611,0.109118395,0.6049856,0.33418727,-1.828638,1
0.5711032,-0.3962305,-1.1883987,0.8237524,1.0539799,-0.7911073,-0.068632625,0.77979714,0.46325693,-1.9651607,1
0.37110323,-0.19623049,-1.2060409,0.62801254,1.2539799,-0.5911073,-0.06210494,0.9797971,0.4391563,-1.8435228,1
0.5711032,0.003769517,-1.0060408,0.56570905,1.2820742,-0.49471915,-0.18258205,0.86371356,0.6391563,-1.957901,1
0.7116818,0.18806699,-0.74392706,0.59402883,1.3526459,-0.27200803,-0.35310018,0.98174345,0.77449065,-1.9899416,1
0.49635544,0.37644327,-0.9156537,0.7702454,1.4535152,-0.06985118,-0.24117942,1.0469189,0.94530183,-1.7363276,1
0.6644395,0.20542203,-0.7720324,0.84344476,1.2693669,0.12418374,-0.03929205,1.133565,0.93920654,-1.8475802,1
0.7727256,0.22051194,-0.5617995,0.6470707,1.3864274,0.30588496,-0.22578505,1.258291,0.6974815,-1.8664,1
0.5635952,0.057435073,-0.48954478,0.6652746,1.5611366,0.2279244,-0.1574686,1.435043,0.55217665,-1.7659779,1
0.7433838,0.25062114,-0.28188092,0.7048871,1.3251091,0.36910528,-0.3480069,1.3862004,0.45854574,-1.9139411,1
0.62566316,0.050621137,-0.08188091,0.8187331,1.1251091,0.16910528,-0.1480069,1.5862005,0.65854573,-1.7202518,1
0.42566317,0.20523605,-0.14075553,0.8844277,1.0385362,-0.030894727,-0.3480069,1.3862004,0.45854574,-1.9202518,1
0.22232558,0.39924258,-0.3357157,0.8580473,1.1587286,0.16660419,-0.30941078,1.4309872,0.25472182,-2.0888932,1
0.2794525,0.18246399,-0.15058392,0.7355205,1.2307016,0.20263325,-0.46651238,1.4936389,0.41642886,-2.0364811,1
0.42393467,-0.015505446,-0.30998832,0.7667066,1.2650347,0.0023283295,-0.29254207,1.4975253,0.54504997,-1.9775097,1
0.41606888,0.11023075,-0.3806773,0.66579616,1.1880132,0.18775149,-0.28805575,1.5752262,0.6913724,-1.9332875,1
0.21542186,0.16758694,-0.48727113,0.8532455,1.2905835,0.38659036,-0.48659426,1.5044415,0.48990098,-1.8452288,1
0.01477386,-0.031051138,-0.5862949,1.0089904,1.3055676,0.21933548,-0.5158477,1.6328247,0.27771994,-1.695599,1
-0.06990773,-0.03370881,-0.71650463,1.0204885,1.4921798,0.15630478,-0.38581067,1.4200835,0.07702883,-1.736879,1
-0.24944806,-0.2159931,-0.8470313,0.9992505,1.4878004,-0.04038302,-0.2586288,1.4972771,0.25602934,-1.6080112,1
-0.055840723,-0.33051646,-0.9620659,1.0785499,1.3819973,0.15446381,-0.18169738,1.255395,0.44130665,-1.7496405,1
0.14415929,-0.17467724,-0.7620659,1.2492388,1.1819973,-0.04553619,-0.018052042,1.055395,0.64130664,-1.7081972,1
0.3205151,-0.24220419,-0.88840866,1.1210953,1.0919791,-0.2455362,0.027145538,1.255395,0.8413066,-1.766156,1
0.34963936,-0.40011522,-0.9808657,1.1007214,0.9000462,-0.40313008,0.061344083,1.3168707,0.817657,-1.7790174,1
0.4865817,-0.44589788,-1.0453904,1.1514956,0.973843,-0.5339357,0.23136126,0.9887371,0.90090585,-1.7519737,1
0.5407399,-0.5591802,-1.1252593,1.2416954,0.9296892,-0.6743082,0.17971183,1.09216,1.0048022,-1.4258859,1
0.69995713,-0.71738213,-0.90016645,1.0016524,0.6895149,-0.8261716,-0.019171167,1.2210178,1.1384697,-1.49548,1
0.49728948,-0.76767063,-1.0942962,0.803198,0.8584714,-1.0206962,-0.13774121,1.0155698,1.3313279,-1.3111793,1
0.43381327,-0.8202946,-0.85416424,0.8659083,0.62892216,-1.1659168,0.0594649,1.0519563,1.4626088,-1.2865654,1
0.6019663,-0.60326904,-0.89658535,0.76336324,0.53440315,-1.2972841,0.24642769,1.1890498,1.5424181,-1.0319692,1
0.47983924,-0.5495426,-0.69658536,0.78301364,0.63126355,-1.2688504,0.4464277,0.98904985,1.3424181,-1.0373958,1
0.67105395,-0.4884536,-0.8629974,0.73302937,0.8205215,-1.0550381,0.63807416,1.0701958,1.4826844,-1.2214055,1
0.6070584,-0.31838247,-0.64429796,0.6709616,0.99173826,-0.83092225,0.54395,1.2343707,1.6352253,-1.2236477,1
0.8070584,-0.11838247,-0.84429795,0.6129242,1.1917382,-1.0309223,0.44540954,1.0343707,1.4352252,-1.1193806,1
0.925672,0.081617534,-0.64429796,0.6112872,1.3917383,-1.0343566,0.24540953,0.8343707,1.2352252,-0.9193806,1
1.0328352,0.24865907,-0.4076557,0.70759875,1.460464,-1.1325564,0.31496885,0.9490637,1.3168589,-1.0270627,1
1.0026401,0.21645492,-0.45585254,0.77454025,1.5254804,-1.3262063,0.46526906,0.7454941,1.1521505,-0.9770076,1
1.2026402,0.063169405,-0.51301163,0.6327933,1.6212677,-1.293999,0.26526904,0.54549414,0.9521505,-0.96950406,1
1.18061,-0.004631128,-0.31158328,0.6349259,1.61797,-1.4871814,0.124382846,0.34391755,1.1468929,-0.9095464,1
0.9359165,0.18593383,-0.48687714,0.6234203,1.730174,-1.3886428,0.09056595,0.13696727,1.2774259,-0.93977547,1
0.73844373,-0.013966922,-0.56612164,0.5975834,1.526308,-1.4819316,-0.108661875,0.23745307,1.4670011,-1.0153257,1
0.85813653,0.1141854,-0.70056087,0.5534247,1.2128093,-1.5380006,-0.23936553,0.034248028,1.5243478,-1.1113244,1
1.0581366,0.21014932,-0.6832567,0.6625169,1.1481953,-1.3380005,-0.1960692,0.041625585,1.3243477,-1.0759099,1
0.8581366,0.41014934,-0.8832567,0.6722663,1.235364,-1.1380005,0.003930807,-0.15837441,1.4502457,-1.1644481,1
0.7828598,0.2692929,-0.7061422,0.68170345,1.435364,-1.3380005,0.06638501,0.04162559,1.2927451,-1.039673,1
0.83303607,0.06686903,-0.8685127,0.7108549,1.5674521,-1.2860459,-0.042181518,0.23159157,1.4307557,-0.91030544,1
0.83950365,-0.126093,-0.94583863,0.7021952,1.6642262,-1.4074861,0.022483733,0.40877548,1.1656917,-0.78392655,1
0.9179226,0.025650153,-0.7318269,0.49857205,1.7608249,-1.5183252,-0.16767015,0.21181603,1.0149509,-0.929352,1
0.98114085,-0.17434984,-0.5318269,0.69857204,1.5608249,-1.7183253,-0.0019552112,0.41181603,0.8766237,-0.729352,1
0.892398,0.025650159,-0.66257,0.60932904,1.3954252,-1.9183253,-0.20195521,0.4843862,0.85225016,-0.8687295,1
1.0898765,-0.17394741,-0.5671156,0.6830981,1.5145986,-1.7143589,-0.0019506981,0.68280643,0.6886506,-0.9056298,1
1.1619495,-0.102254465,-0.64791095,0.79538,1.5445486,-1.617318,0.17169124,0.79525167,0.44018734,-0.8543907,1
1.2626975,0.09062233,-0.41526943,0.8568266,1.6174147,-1.3140309,-0.012085102,0.9165367,0.59353364,-0.97755194,1
1.344295,0.26709703,-0.24398296,0.7187903,1.6702987,-1.3263465,0.093925744,1.0261554,0.65097135,-0.7146107,1
1.3996137,0.06081086,-0.06503618,0.7803097,1.6950748,-1.0397483,-0.09613641,1.1112797,0.7339061,-0.8289229,1
1.2329113,0.14649245,-0.016405132,0.8795999,1.4950747,-1.1911656,-0.13483782,0.98806334,0.61194444,-0.62892294,1
1.4329114,-0.05350755,0.18359487,0.7665372,1.6059277,-1.3911656,-0.33483782,0.78806335,0.4150828,-0.77478004,1
1.4117165,-0.25038046,-0.016202772,0.94785756,1.5881568,-1.314116,-0.41857928,0.5946906,0.58374804,-0.96275574,1
1.5160758,-0.38693532,-0.20337313,1.0797427,1.3770337,-1.3973464,-0.54026425,0.747533,0.36097613,-0.7174932,1
1.712634,-0.18656039,-0.12210705,1.0260562,1.5738707,-1.1949449,-0.5454633,0.67391187,0.20249408,-0.51645523,1
1.8253622,-0.1676346,-0.0925203,0.81170523,1.7430536,-0.9776598,-0.57131827,0.6043345,0.3955016,-0.36114508,1
1.8215557,-0.0076182624,-0.00048951764,0.68126565,1.757048,-1.0687683,-0.6790207,0.36694795,0.5404389,-0.31697875,1
1.8439492,-0.18937768,-0.18287525,0.5277423,1.7851089,-1.1572989,-0.4369357,0.51713794,0.31052917,-0.41388968,1
1.6439492,-0.37564617,-0.38287526,0.6640097,1.8199788,-0.95729893,-0.6369357,0.46136728,0.17995454,-0.21388967,1
1.7301693,-0.17564617,-0.19828261,0.6384332,1.691685,-0.83568513,-0.7703459,0.26136726,0.37995455,-0.12464501,1
1.7918067,-0.034905016,-0.2424056,0.7634624,1.7378228,-0.63568515,-0.61659205,0.382581,0.17995454,0.06645654,1
1.8057922,-0.055907898,-0.04240559,0.7666669,1.9378228,-0.43568516,-0.41659206,0.182581,0.22961478,0.1875135,1
1.8616089,-0.15215498,0.063119754,0.78079814,1.9841489,-0.5899899,-0.5722693,0.35507977,0.3987326,-0.01158893,1
1.607817,-0.010723824,0.072856,0.9047396,2.1134408,-0.7644153,-0.64693123,0.15005933,0.27995026,0.14344373,1
1.4995832,-0.11356379,0.15874028,0.9264282,2.0189164,-0.7315151,-0.4755996,-0.049940675,0.07995026,-0.019938633,1
1.2995832,0.02632162,0.2516696,0.9397508,2.2189164,-0.5315151,-0.6440333,-0.14900583,0.27995026,-0.073818736,1
1.3090849,-0.17367838,0.30392423,0.8305721,2.1825888,-0.44177467,-0.77049565,-0.34900582,0.47995025,-0.12674601,1
1.3996727,-0.23330964,0.31246343,0.93900007,2.2098455,-0.51247525,-0.6638069,-0.5092016,0.26327085,-0.30305615,1
1.1910557,-0.03307038,0.11165562,1.1308188,2.248573,-0.70735765,-0.46047547,-0.7041075,0.11985781,-0.10231591,1
1.3039052,-0.09106608,0.25649777,1.2474424,2.1366088,-0.8505112,-0.24415652,-0.4725249,0.29981855,0.09156413,1
1.4795282,0.1071682,0.055581983,1.2306647,2.0038795,-1.0334833,-0.081848204,-0.26810747,0.32100657,0.12899499,1
1.6453881,-0.07439157,0.15899433,1.266717,1.890367,-0.8165409,-0.2359216,-0.44254452,0.40092725,-0.06956168,1
1.7026733,0.12560843,0.2613163,1.1994084,1.690367,-0.78961426,-0.4359216,-0.35804695,0.20092724,-0.07704567,1
1.7312275,-0.057734832,0.45078146,1.1415682,1.7443264,-0.96701497,-0.5405721,-0.41765785,0.119636625,-0.18540539,1
1.7484475,0.037111886,0.44990814,1.2059804,1.7603066,-0.69442123,-0.5139043,-0.5591999,-0.07275743,-0.3489289,1
1.7927749,0.19153632,0.4115567,1.1753974,1.8036865,-0.6590266,-0.28882468,-0.3305014,-0.2509653,-0.5050718,1
1.7465721,-0.0077997213,0.55090356,1.158644,1.7758381,-0.79163766,-0.45047733,-0.48888463,-0.046967167,-0.28113955,1
1.8447179,-0.17213461,0.33254257,1.0251541,1.7074765,-0.93975025,-0.61644113,-0.27376875,-0.23404463,-0.31229335,1
1.9546273,-0.37213463,0.38759986,0.89337236,1.5376073,-0.73975027,-0.41644114,-0.07376875,-0.42721918,-0.51229334,1
2.110876,-0.2645753,0.5180631,0.9277991,1.5232706,-0.6092855,-0.21204615,-0.26820967,-0.22260532,-0.69782966,1
1.8715329,-0.08541868,0.31151453,1.0801473,1.6495875,-0.659684,-0.4035625,-0.06680529,-0.41390428,-0.8551865,1
2.0011835,-0.107195325,0.21467109,0.9336115,1.4538406,-0.44497317,-0.58424723,0.12893221,-0.59425807,-1.0214183,1
1.8627733,-0.28500283,0.013611213,0.8890163,1.5343633,-0.56796354,-0.72759134,0.30516937,-0.38987687,-1.0986081,1
1.9098725,-0.41051337,0.09963901,0.85025126,1.5857338,-0.34068868,-0.60836935,0.4677243,-0.4735123,-1.0036422,1
1.698164,-0.60633284,0.28791964,0.8353734,1.6672024,-0.13972528,-0.8028339,0.663152,-0.6689003,-0.79813915,1
1.4981639,-0.41788685,0.2962594,1.0353734,1.4672023,-0.3397253,-0.6028339,0.86315197,-0.8689003,-0.7114451,1
1.6447811,-0.5984632,0.2889605,0.947655,1.6147928,-0.5227587,-0.77759635,0.81046027,-0.75317025,-0.49536753,1
1.4447811,-0.79846317,0.4889605,0.88241065,1.4147928,-0.32275873,-0.7222981,0.84981376,-0.95317024,-0.6480485,1
1.2193872,-0.8530268,0.67490554,0.69391495,1.5818506,-0.5120943,-0.88266313,0.6365574,-1.1296453,-0.7896418,1
1.4193872,-0.69055855,0.47490555,0.6573146,1.6711618,-0.31209433,-0.80260503,0.4365574,-1.2327554,-0.70669425,1
1.5952253,-0.8444881,0.27490556,0.68139553,1.4711617,-0.11209433,-0.91658336,0.4317792,-1.0327554,-0.77365965,1
1.3952253,-0.8020423,0.47490555,0.6490728,1.3976083,0.087905675,-0.723255,0.2317792,-0.8327554,-0.97365963,1
1.4366745,-0.82897085,0.67490554,0.5181291,1.3147386,0.2879057,-0.92325497,0.4317792,-1.0327554,-1.1431218,1
1.5395068,-0.8386824,0.8337482,0.48996842,1.062299,0.08377043,-0.68923163,0.602059,-1.1747642,-1.2799387,1
1.6282887,-0.7148582,0.96765393,0.5716865,1.181592,0.26562712,-0.72736955,0.7507781,-0.9124411,-1.0874156,1
1.4282887,-0.6873876,0.8933536,0.6898365,1.1417476,0.06562711,-0.8763016,0.8924817,-0.7124411,-1.1328666,1
1.5072653,-0.50921816,1.0120895,0.69269735,1.2420214,0.24588422,-0.93295413,1.0112824,-0.4743536,-1.1151284,1
1.2294512,-0.5410193,1.0801617,0.62022275,1.3510795,0.41934326,-1.0655158,0.9546573,-0.2580229,-1.2368463,1
1.2424191,-0.47911647,1.074101,0.6984111,1.454951,0.20574942,-0.8118753,0.8807093,-0.41810018,-1.3477975,1
1.1914511,-0.29623085,1.2122273,0.77317464,1.409913,0.005521994,-0.9718493,0.653783,-0.5424904,-1.3308996,1
0.9914511,-0.16675325,1.0122273,0.6462403,1.2099129,0.205522,-1.1718494,0.45378304,-0.67601186,-1.5308996,1
0.8695465,-0.33438867,1.164768,0.6255385,1.2440752,0.05206035,-1.3718494,0.25378305,-0.6210621,-1.4545869,1
1.0346725,-0.506627,0.9333104,0.6717116,1.2509515,0.24384159,-1.3554056,0.4389868,-0.4073328,-1.5907309,1
0.8747302,-0.30662704,0.7333104,0.7384884,1.0909474,0.043841586,-1.4266635,0.2389868,-0.44020334,-1.699374,1
0.67473024,-0.30617702,0.83286494,0.93848836,1.2909474,-0.15615842,-1.4879327,0.4389868,-0.24020334,-1.6299171,1
0.47473025,-0.23559418,1.0328649,0.88765067,1.245839,0.043841586,-1.2879326,0.6389868,-0.35501793,-1.5623113,1
0.5587058,-0.40406004,1.1491641,1.0138085,1.1129253,-0.1455566,-1.335286,0.4091834,-0.51733696,-1.6426655,1
0.34525555,-0.5814098,0.9888287,0.7832934,1.2636951,-0.3325994,-1.3631895,0.38307548,-0.30543792,-1.7735718,1
0.48398343,-0.72635484,1.0970193,0.73090494,1.0089067,-0.49507457,-1.1809082,0.54199433,-0.4698268,-1.8244082,1
0.6321926,-0.5130151,1.242009,0.50838774,1.1576335,-0.66559446,-0.9546281,0.32748938,-0.25838265,-1.9151099,1
0.5142094,-0.47805467,1.3067262,0.5735057,1.3576336,-0.47612393,-0.92986137,0.12748937,-0.08431579,-1.7151098,1
0.34427208,-0.54993474,1.4833202,0.47521648,1.5393382,-0.66818243,-0.7212887,-0.07165895,-0.009235107,-1.6767446,1
0.3848133,-0.6093872,1.2284439,0.34328616,1.6208183,-0.8310579,-0.8050946,-0.2600425,-0.20028797,-1.6673398,1
0.18119846,-0.7018832,1.0459816,0.18887405,1.7852042,-1.0108911,-0.6981134,-0.058868088,-0.0002823325,-1.6263745,1
0.045970526,-0.57900107,1.1668398,0.111145124,1.876894,-0.7691253,-0.79459715,-0.116640545,-0.18996659,-1.5790554,1
0.2341969,-0.74171335,1.1119823,0.11159476,1.9646344,-0.89376694,-0.59246206,0.079369366,-0.37130046,-1.4114792,1
0.30146754,-0.94171333,1.0175565,0.10847521,1.8295536,-1.0937669,-0.79246205,-0.12063064,-0.17130046,-1.3071452,1
0.4836083,-1.0396632,1.0845402,-0.08826524,1.8999503,-0.8619364,-0.5713622,0.07654271,0.027677445,-1.347361,1
0.57347167,-0.8396632,1.2845403,-0.11098714,1.7120982,-0.6619364,-0.44952738,0.27654272,-0.17012583,-1.1473609,1
0.77347165,-0.99935627,1.4845403,0.08901286,1.5120982,-0.4619364,-0.6495274,0.4765427,-0.37012583,-1.3418759,1
0.97347164,-0.8808493,1.6845404,0.15177727,1.3228811,-0.4314826,-0.48031658,0.6765427,-0.17012583,-1.1418759,1
0.870853,-0.92160404,1.6864231,0.14581679,1.5182514,-0.48692793,-0.33003983,0.475094,-0.21004239,-1.2672931,1
0.8726936,-0.72160405,1.6508095,-0.054183215,1.7182515,-0.6869279,-0.1381792,0.27509397,-0.010042384,-1.1454091,1
0.74286926,-0.5335552,1.7169377,-0.0058898926,1.7795014,-0.45170766,-0.30375051,0.44072968,0.025388462,-1.2480936,1
0.67256415,-0.44789568,1.9142789,0.19384088,1.6891135,-0.2681966,-0.10360661,0.24039578,-0.03357696,-1.2846495,1
0.87256414,-0.49037567,1.7142788,-0.0061591268,1.512107,-0.46819663,0.060302943,0.04039578,-0.19704422,-1.1299129,1
0.9010251,-0.59831405,1.9142789,-0.09889147,1.312107,-0.6288693,0.26030296,0.24039578,0.0029557794,-1.0012369,1
0.7010251,-0.7282896,1.7142788,-0.1058002,1.3787433,-0.45565915,0.21292946,0.04039578,-0.056783274,-0.9745691,1
0.6620479,-0.73067874,1.910546,-0.17323446,1.4193863,-0.35263973,0.018527642,-0.15960422,0.14321673,-1.1745691,1
0.8620479,-0.728096,1.7105459,-0.33393076,1.2193862,-0.36210376,-0.16521564,0.04039578,0.34321672,-1.2809296,1
0.89654285,-0.78267086,1.5580447,-0.35038373,1.4193863,-0.56210375,-0.15797552,0.24039578,0.5432167,-1.1797832,1
0.9414866,-0.9232227,1.5815178,-0.14128605,1.5040022,-0.34019777,-0.15222062,0.4137534,0.6982547,-1.2963113,1
1.0829151,-0.6913854,1.3624371,-0.14534631,1.6289896,-0.13402605,-0.33671534,0.52794284,0.79271835,-1.3341084,1
1.0284188,-0.81597567,1.2581195,-0.3161306,1.6101755,0.060392667,-0.39253676,0.30019945,0.90873605,-1.388314,1
1.0969496,-0.75923336,1.0409923,-0.46167487,1.7598447,-0.06011475,-0.34166697,0.09857758,0.70026153,-1.4852513,1
1.2969496,-0.6429931,0.8409923,-0.36051986,1.5782521,-0.26011476,-0.541667,-0.10142242,0.50026155,-1.2852513,1
1.4839737,-0.8356858,0.635436,-0.21032654,1.7628378,-0.42261192,-0.50982505,0.09772309,0.29765883,-1.4167442,1
1.4861066,-0.9351684,0.6825968,-0.16390276,1.8828961,-0.34363362,-0.4043408,0.08390261,0.47739038,-1.1671891,1
1.3200225,-0.7351684,0.4825968,-0.2562322,1.832084,-0.14363362,-0.57290184,0.28390262,0.49058017,-1.2430305,1
1.35335,-0.9351684,0.28259683,-0.19486925,1.8613914,-0.34363362,-0.40612507,0.48390263,0.29058015,-1.4430306,1
1.4499258,-0.74473053,0.45046481,-0.11854012,1.9241408,-0.16797562,-0.27350453,0.63836735,0.30504048,-1.3491555,1
1.6051259,-0.52993965,0.24366401,-0.24340765,1.6773257,-0.3579841,-0.32510418,0.81560344,0.20078439,-1.5070919,1
1.6224136,-0.65605617,0.080894165,-0.3489347,1.6873056,-0.50150573,-0.47195387,0.9128055,0.36021754,-1.2348462,1
1.8224137,-0.77986574,0.038234834,-0.2167437,1.6245269,-0.46329042,-0.39394298,0.75725347,0.56021756,-1.0519824,1
1.9300253,-0.59701216,-0.13903777,-0.09425559,1.5732417,-0.2655548,-0.41596475,0.75775963,0.40547085,-1.1083198,1
1.7086631,-0.7871707,-0.24661705,-0.1881562,1.6479803,-0.45980614,-0.3265002,0.55087245,0.5979945,-1.2921648,1
1.4301642,-0.93580616,-0.12920359,-0.22426763,1.7518262,-0.62547505,-0.15661314,0.711803,0.37728605,-1.3704956,1
1.6289119,-0.7352409,0.070742026,-0.15797232,1.7406094,-0.6035709,-0.16440187,0.5114098,0.26760468,-1.4219376,1
1.6814092,-0.72332346,-0.11883326,-0.20694236,1.6443521,-0.73876244,0.0014966704,0.65403426,0.42989215,-1.3154789,1
1.761904,-0.4900825,-0.2985813,-0.35615897,1.7272007,-0.83501077,0.18869781,0.42519447,0.24080737,-1.2184675,1
1.961904,-0.46845856,-0.37348688,-0.21437778,1.5272007,-0.6350108,0.2027981,0.22519447,0.040807366,-1.0358493,1
1.761904,-0.26845855,-0.17348687,-0.2573429,1.6057396,-0.83501077,0.396977,0.38702956,0.18037628,-1.176574,1
1.7259343,-0.29165995,0.026469408,-0.20054822,1.8027618,-1.033304,0.530606,0.58606154,0.043974657,-0.97496355,1
1.6797005,-0.2860497,0.12547679,-0.13474022,1.8466632,-1.0912181,0.66673017,0.38581622,-0.1559262,-0.9188382,1
1.8170296,-0.1713489,0.028739348,-0.2072388,1.6466632,-1.1345778,0.8376485,0.18581621,-0.35592622,-0.731083,1
1.6371737,-0.35665783,0.2196901,-0.093605064,1.7736067,-1.28178,0.62239367,0.37055278,-0.14975755,-0.894248,1
1.5696114,-0.55328244,0.03393468,-0.070835,1.9616394,-1.0752203,0.43994164,0.56709313,-0.34763673,-0.7641375,1
1.6689159,-0.35328245,0.10680322,-0.01324426,1.8328714,-1.2752204,0.23994164,0.36709315,-0.20036909,-0.72655004,1
1.6258248,-0.1407177,0.10705773,0.17144716,1.854222,-1.3542949,0.036667574,0.5206078,-0.16698943,-0.85059965,1
1.7773513,0.03133437,-0.09047476,0.056757867,1.8609924,-1.3463739,0.23038432,0.31209606,0.03213418,-0.633327,1
1.8431219,-0.16866563,0.10952524,-0.06371,1.7131906,-1.1463739,0.43038434,0.21647894,0.075580455,-0.82053065,1
1.852991,-0.02077968,0.21330443,0.09285283,1.7710434,-1.2463404,0.5157252,0.38553518,0.25510526,-0.58500034,1
1.6529909,-0.10612315,0.08511524,0.12168428,1.5710434,-1.4463404,0.7157252,0.4394907,0.055105254,-0.7850003,1
1.852991,-0.17636022,0.09071892,0.14688256,1.5728366,-1.2463404,0.5653015,0.2394907,0.25510526,-0.76749194,1
1.6529909,-0.2164873,0.2907189,0.15701646,1.7728367,-1.0463403,0.6886516,0.1412665,0.40827954,-0.9674919,1
1.4425033,-0.016368298,0.48717695,0.351296,1.9585971,-0.8402316,0.4851246,0.3388033,0.567899,-1.1590651,1
1.595045,0.081489034,0.27887928,0.3492422,1.939105,-0.6217328,0.45663196,0.13479272,0.3663637,-1.3197964,1
1.3950449,-0.059582986,0.14753492,0.3333109,1.739105,-0.42173278,0.25663197,0.33479273,0.1663637,-1.1197964,1
1.595045,-0.111129984,0.34753492,0.5063483,1.939105,-0.6217328,0.3537574,0.13479273,-0.0336363,-1.00347,1
1.4590795,0.08887002,0.14753492,0.698062,1.9498625,-0.82173276,0.35269633,0.040172786,-0.2336363,-1.20347,1
1.6522173,-0.11067033,0.34609744,0.8943474,1.8040929,-1.0175067,0.15206474,-0.15916614,-0.033497173,-0.9993194,1
1.7552558,-0.29440707,0.1384494,0.8225734,1.5964662,-1.1537716,0.24117425,-0.34036422,-0.15107541,-1.0295031,1
1.7924225,-0.30660886,0.31026343,0.76986074,1.6468569,-1.2410299,0.058749974,-0.25825757,-0.32183793,-0.7604223,1
1.880478,-0.33968532,0.10406826,0.7596185,1.3875153,-1.3600655,0.00725054,-0.38812494,-0.11499245,-0.9064608,1
2.0245657,-0.5396853,0.016600467,0.9596185,1.1878328,-1.1600654,-0.0093346145,-0.18812494,0.085007556,-0.8568872,1
2.1401446,-0.7327085,0.07576201,0.8764082,0.9785155,-0.95101,-0.10534288,-0.24563362,0.28231937,-1.0469186,1
1.9786625,-0.6216253,0.2638656,0.64838713,1.1276742,-1.1013553,-0.29217035,-0.043664973,0.46151203,-1.1931264,1
2.0421343,-0.77013725,0.14574099,0.55120456,1.0375137,-1.2198045,-0.20965911,-0.22839545,0.62005764,-0.9308911,1
2.0420659,-0.89542717,0.009581078,0.42377317,0.9746792,-1.2897263,-0.26569903,-0.39540482,0.3877091,-0.92620087,1
2.0278907,-1.046988,-0.19041893,0.28568113,0.7749486,-1.2975364,-0.065699026,-0.19540481,0.5877091,-0.9349948,1
2.1372857,-1.164734,-0.3745412,0.35719964,0.6813173,-1.1979947,0.12883916,0.0044083106,0.59556067,-0.7326909,1
2.060776,-1.2032808,-0.24819636,0.49128082,0.77705413,-1.2326066,0.10305734,-0.108444646,0.49226704,-0.7839129,1
2.2437098,-1.0710167,-0.444813,0.57710993,0.57345986,-1.0248116,0.12811486,-0.30611625,0.29006076,-0.84523565,1
2.0904992,-1.1799822,-0.31295508,0.59435016,0.39195997,-1.2248117,0.068981305,-0.10611625,0.090060756,-0.9265298,1
1.8904991,-1.2383956,-0.15546317,0.46539265,0.19195996,-1.4248117,-0.042568125,-0.08876904,0.29006076,-1.1265298,1
2.0502868,-1.0574546,-0.19598775,0.5098469,-0.0018928734,-1.2012515,-0.034688354,0.10909136,0.48063406,-1.3010131,1
2.2004235,-1.2270722,-0.22386399,0.49560508,0.19371735,-0.9790651,0.064082146,0.3022423,0.27441558,-1.0907952,1
2.3289394,-1.1119881,-0.42215434,0.48101205,0.39212927,-0.84202,-0.100577615,0.1018299,0.21052799,-1.0011815,1
2.103712,-1.2136874,-0.61478204,0.56549037,0.4716948,-0.697372,-0.29701585,0.2982533,0.3298174,-1.186948,1
2.179285,-0.9589365,-0.39237902,0.724145,0.43101418,-0.48758864,-0.33969495,0.47134185,0.41267344,-1.3120368,1
2.093664,-1.0505362,-0.20772369,0.8377057,0.20940642,-0.48553666,-0.12662867,0.60854834,0.47276953,-1.3706094,1
2.1474013,-0.79629904,-0.007231164,0.888247,0.008806588,-0.2673285,-0.30580017,0.7569887,0.2553755,-1.4704546,1
2.0858126,-0.90184194,0.17640756,0.9507832,-0.019001458,-0.4276639,-0.32893303,0.5097142,0.11335123,-1.5286745,1
2.0407233,-0.7028095,0.1420893,1.05803,0.13763481,-0.57707417,-0.48630103,0.28475124,-0.07966488,-1.5893433,1
1.847779,-0.54590356,0.31844637,1.1313214,0.27325562,-0.36812454,-0.5963014,0.47324592,-0.25517622,-1.7468743,1
1.7967466,-0.65446496,0.45489123,1.0540942,0.41524032,-0.3067638,-0.667377,0.48572323,-0.39937723,-1.7082115,1
1.585304,-0.5837337,0.54845965,1.1042118,0.55449146,-0.10599871,-0.4640277,0.68080926,-0.19794846,-1.8945371,1
1.4104214,-0.7593079,0.72513324,1.0398786,0.7309771,-0.296462,-0.3276605,0.84865206,-0.38554606,-1.7968198,1
1.5700736,-0.54529494,0.5119764,0.98908556,0.79813397,-0.4840235,-0.12446206,1.0223789,-0.37265584,-1.7106124,1
1.7700737,-0.3455565,0.31197643,0.89175844,0.6390415,-0.28402352,-0.15697499,1.0207872,-0.17265584,-1.5106124,1
1.5700736,-0.52335966,0.16672194,1.0917585,0.5219551,-0.4840235,-0.23749635,1.2207873,0.027344167,-1.3995256,1
1.5055081,-0.4111355,0.09109877,1.0499148,0.72195506,-0.28402352,-0.037496343,1.4207873,0.22734417,-1.5995257,1
1.305508,-0.31825766,-0.05192581,1.0871754,0.92195505,-0.4840235,0.015266381,1.460017,0.18982488,-1.5246654,1
1.105508,-0.1957191,-0.045815405,1.0212728,1.0352625,-0.6840235,-0.07468845,1.2600169,-0.010175124,-1.4045918,1
1.305508,-0.37476456,0.1541846,1.1423529,1.1014591,-0.4840235,-0.15225817,1.0600169,0.18982488,-1.2157203,1
1.105508,-0.3746499,-0.04581541,0.94240844,1.3014592,-0.4121951,-0.1876851,1.2600169,0.0141513795,-1.3323435,1
1.305508,-0.37354672,-0.24581541,0.9331991,1.4538485,-0.6121951,0.012314901,1.0600169,-0.1114167,-1.5323435,1
1.1994807,-0.4782148,-0.20147376,0.9227144,1.5470517,-0.4121951,0.102248274,0.8600169,0.088583305,-1.3519915,1
1.0611022,-0.6782148,-0.36908352,0.9358721,1.5597156,-0.6121951,0.00733681,0.8640361,0.2885833,-1.5519916,1
0.9197256,-0.6581221,-0.40082988,1.1277329,1.7471061,-0.6690744,0.07558571,0.65927786,0.4850823,-1.4535575,1
1.0818746,-0.70137745,-0.19404107,1.2164147,1.4948081,-0.832371,0.030983739,0.830231,0.27544543,-1.4583874,1
1.2329688,-0.7524959,-0.3790077,1.058658,1.5158603,-0.6082449,-0.13442665,0.88040197,0.07256705,-1.4774628,1
1.3402858,-0.59943056,-0.16742966,1.1772493,1.6048802,-0.7559684,-0.18908562,0.63639426,-0.1191907,-1.3521402,1
1.1402857,-0.39943057,-0.23471734,1.1448992,1.4151593,-0.5559684,-0.38908562,0.43639427,-0.2287597,-1.5036763,1
1.3354806,-0.59728146,-0.17413631,1.2828772,1.4149096,-0.3546922,-0.22137041,0.63411266,-0.4272225,-1.5563579,1
1.5004464,-0.77909034,-0.1964379,1.1587492,1.3434194,-0.2872822,-0.17851785,0.42420778,-0.22203809,-1.6161568,1
1.6033359,-0.72546023,0.0033586796,1.1243848,1.4359053,-0.4594541,-0.27948993,0.58856,-0.39793596,-1.3352816,1
1.6848944,-0.86467683,-0.1837261,0.88561803,1.3193198,-0.32131648,-0.15586744,0.73676807,-0.35606554,-1.4344457,1
1.818164,-0.80961555,-0.37014115,0.97272336,1.2636248,-0.5028604,-0.34326875,0.5904237,-0.15054038,-1.271572,1
1.9518443,-0.86522746,-0.3618807,0.9354457,1.043175,-0.29290804,-0.5254162,0.37759387,0.04783431,-1.3567357,1
1.895041,-0.96411544,-0.15410945,0.9371825,1.1298836,-0.31449324,-0.60658383,0.51443887,0.23593679,-1.2302201,1
2.0604074,-1.0884721,-0.2704598,0.9448865,0.91451156,-0.505988,-0.41305596,0.30924082,0.03534271,-1.1154109,1
2.1364431,-1.0929387,-0.089292325,0.70403576,0.67532665,-0.6672705,-0.579435,0.48131323,0.22243614,-1.104199,1
2.0346684,-1.1193506,-0.06565599,0.8480068,0.8410351,-0.44896486,-0.63301736,0.6546223,0.021557191,-1.0701106,1
1.974119,-1.1874591,-0.23909916,0.9432407,0.689904,-0.5840898,-0.6903726,0.4091751,0.19940878,-1.1157922,1
1.7741189,-1.2622595,-0.2719993,0.99671763,0.68356603,-0.7840898,-0.8032663,0.3030474,0.17003924,-1.0723172,1
1.8178614,-1.3465172,-0.4346391,0.9148775,0.46451905,-0.5378573,-0.9238547,0.09489087,0.3407495,-1.1716095,1
1.6120536,-1.5409657,-0.4493147,1.0457737,0.5522109,-0.36987007,-1.1198204,0.19600472,0.14024425,-0.9886134,1
1.4562871,-1.2923605,-0.5643132,1.1522431,0.7249461,-0.39394683,-1.1794031,0.38165104,0.32791165,-1.1126555,1
1.5853237,-1.3336012,-0.39071813,1.1727184,0.8853168,-0.5684992,-0.9374406,0.53305316,0.3838181,-0.87355286,1
1.5688672,-1.3476641,-0.5190982,1.1044115,0.95373064,-0.6753247,-0.9283432,0.6441762,0.3176273,-0.6999522,1
1.7688673,-1.1476641,-0.60215616,0.9044115,1.0406415,-0.4753247,-0.82162803,0.8441762,0.11762731,-0.5119084,1
1.6284806,-1.1815841,-0.40215617,1.0315377,1.1038996,-0.6753247,-0.62162805,0.72195584,0.21932831,-0.7119084,1
1.6697476,-1.1432054,-0.39064595,1.0289606,1.1907063,-0.7993365,-0.75030136,0.84191954,0.38292584,-0.46746892,1
1.7629926,-0.9432054,-0.59064597,1.0541685,1.1488744,-0.64179087,-0.65273297,0.64191955,0.18292584,-0.6459281,1
1.7086381,-0.9445387,-0.44328606,1.2541685,0.9536965,-0.48075348,-0.54723865,0.84191954,-0.017074168,-0.8459281,1
1.8681544,-1.1197361,-0.6296415,1.1756246,1.0272362,-0.6663141,-0.33987346,0.62830395,0.15737352,-0.66589266,1
1.8063618,-1.1961306,-0.41187117,1.2419754,1.1764768,-0.50897455,-0.20176537,0.7940446,-0.04086342,-0.5273983,1
1.9292252,-1.2284403,-0.36874717,1.1977696,1.146173,-0.62581056,-0.0016974991,0.57120603,-0.2316032,-0.33634278,1
1.903449,-1.2277821,-0.37285113,1.2484789,1.1293422,-0.79832345,-0.019494029,0.35885045,-0.3353443,-0.1318046,1
1.987529,-1.1552647,-0.5228709,1.3041052,1.1146027,-0.5653502,-0.20739782,0.15009628,-0.33068532,0.06443719,1
1.8159604,-0.95526475,-0.7228709,1.341349,1.1907588,-0.3653502,-0.013041034,0.3500963,-0.13068531,-0.07641197,1
1.6159604,-0.75526476,-0.9228709,1.141349,1.3907589,-0.5653502,0.062202126,0.15009628,0.06931469,-0.0307226,1
1.4159603,-0.74142456,-1.1228709,1.1778629,1.354895,-0.48056573,-0.13779788,0.34879515,0.12312613,0.1692774,1
1.6159604,-0.54617935,-1.322871,1.1042827,1.3055968,-0.28056574,0.012447536,0.54879516,-0.076873876,-0.030722603,1
1.7892658,-0.41744253,-1.5004848,1.0393443,1.4458798,-0.07938142,0.16022395,0.3436679,-0.01580361,-0.22733098,1
1.6826284,-0.21744253,-1.5114424,1.1882241,1.2571731,-0.27938142,0.36022395,0.43661693,-0.21580361,-0.18344969,1
1.4826283,-0.24088101,-1.5215415,1.1770755,1.3241396,-0.07938142,0.16022395,0.63661695,-0.4158036,-0.38344967,1
1.4248067,-0.43519622,-1.5801672,0.96447694,1.5044872,0.063867375,-0.039263178,0.82582945,-0.6078633,-0.18108425,1
1.5315187,-0.5987265,-1.410112,1.0198897,1.4257698,0.08179947,-0.11183486,0.9669315,-0.50183314,-0.16904153,1
1.5494779,-0.70093584,-1.4482799,0.78417134,1.4623638,0.25347582,-0.029595077,0.82644665,-0.6312919,-0.3319492,1
1.6750448,-0.47962305,-1.1951705,0.87614757,1.473176,0.43418226,0.16315489,0.9827755,-0.6331893,-0.1263353,1
1.7250307,-0.31092352,-1.1212058,0.90928334,1.3910393,0.23418225,0.3631549,0.9869545,-0.8146417,-0.17471522,1
1.7449114,-0.5109235,-1.1266123,0.75977015,1.1910392,0.43418226,0.16638483,0.7869545,-1.0135208,-0.3747152,1
1.8163317,-0.7109235,-1.0386299,0.65956485,1.0155679,0.23418225,0.36638483,0.97645277,-0.84614766,-0.4651963,1
1.6163317,-0.9109235,-1.2386299,0.6451175,0.8581598,0.43418226,0.3467963,0.7764528,-0.8768213,-0.35788482,1
1.8163317,-0.92822903,-1.1643999,0.7245671,0.958383,0.6341823,0.25497365,0.5764528,-0.6768213,-0.5578848,1
1.8124447,-0.93780947,-1.2820715,0.5932812,0.7422338,0.70950353,0.2593171,0.7296013,-0.8239135,-0.71215373,1
1.6757592,-1.0375532,-1.0112804,0.71187395,0.7970285,0.7418332,0.055436473,0.8687852,-0.95692736,-0.8524791,1
1.6735406,-0.7472597,-1.0806968,0.68976134,0.8895425,0.84029764,-0.12897867,0.9535634,-1.0322033,-0.71305096,1
1.6299824,-0.79421926,-1.260967,0.7430297,0.9458696,0.6304335,-0.023526637,0.7419543,-1.2132206,-0.5051471,1
1.7530303,-0.7845741,-1.3995323,0.7075295,0.95886695,0.79551315,-0.05197463,0.51916474,-0.9706139,-0.29231545,1
1.6101664,-0.9071784,-1.4737959,0.6959171,0.9613013,0.91725755,-0.23216735,0.29407576,-0.9035524,-0.4536154,1
1.4091443,-1.1063759,-1.2728726,0.80503875,1.0542254,1.1164478,-0.032144032,0.09400757,-1.0375059,-0.27895752,1
1.5222152,-0.9044158,-1.3933052,0.85519785,1.0118548,0.86693954,0.109640546,0.15250312,-1.1706535,-0.105301544,1
1.6319396,-0.9378748,-1.5093018,0.9688378,0.9073787,0.6319797,0.2934097,-0.045007177,-0.9197734,-0.28929815,1
1.7844199,-0.8554252,-1.275339,1.1385186,0.78416175,0.7864574,0.2824386,-0.2386518,-0.7510495,-0.47660598,1
1.8146621,-0.7797321,-1.1575634,1.0769873,0.8999713,0.9020706,0.44116828,-0.4011272,-0.5964358,-0.51401806,1
1.7221862,-0.6135549,-1.0343096,1.0402695,1.0492274,0.89634705,0.4995357,-0.6011272,-0.3964358,-0.31401807,1
1.9221863,-0.69492966,-0.83430964,1.1008638,0.999218,0.69634706,0.6995357,-0.8011272,-0.36147535,-0.31908303,1
1.7221862,-0.67670256,-0.7290018,1.1323555,1.0449592,0.6062947,0.5577299,-0.6890881,-0.16147535,-0.11908303,1
1.7530719,-0.8020872,-0.7146598,1.1252329,1.1974947,0.7755544,0.72428304,-0.8551913,-0.34769398,-0.30691788,1
1.8129313,-0.8760377,-0.6596305,1.0959477,1.0502158,0.9055545,0.6439338,-0.7015092,-0.5083947,-0.47054452,1
1.7986953,-0.99353206,-0.4596305,1.1454321,1.2502159,0.7055545,0.55276346,-0.5015092,-0.43289798,-0.3323822,1
1.8278575,-0.96898776,-0.2596305,1.1201534,1.2578294,0.9055545,0.60430264,-0.40372548,-0.42133728,-0.1323822,1
2.0278575,-1.1689878,-0.4596305,0.9833181,1.0578294,0.7055545,0.40430266,-0.20372547,-0.29396003,-0.15876347,1
1.9714271,-1.1627498,-0.6085674,0.95052004,1.1604588,0.835454,0.5575226,-0.12286869,-0.08668643,-0.33099097,1
1.8913213,-1.1869603,-0.70426536,0.95464367,1.1849649,0.9018845,0.5253674,0.06718168,-0.0837822,-0.3187714,1
1.7660841,-1.113609,-0.50092745,0.93964815,1.3757974,1.0638983,0.59605575,-0.13193916,0.08431325,-0.32008904,1
1.9197582,-1.0273812,-0.30092746,0.91510427,1.4415557,0.9303469,0.58252084,0.068060845,-0.0148573,-0.12008904,1
1.8103766,-1.0666744,-0.24553421,0.97665066,1.5667449,0.69738126,0.6629973,0.2558445,0.17670517,-0.30550158,1
1.9067281,-1.0026635,-0.043186612,0.8336325,1.4420779,0.85111517,0.5663616,0.43234265,0.34743497,-0.47943956,1
1.853409,-1.0053427,-0.21828891,0.8878592,1.4739602,0.9435008,0.3288531,0.20855515,0.36314487,-0.60987777,1
1.9331704,-1.0483038,-0.39379576,0.90695995,1.2354014,1.0765424,0.4831445,0.008054192,0.31207585,-0.41256982,1
1.8970647,-1.0160351,-0.5567629,1.0379229,1.0897782,1.1969291,0.4618782,-0.17997484,0.10508609,-0.3233094,1
1.9373144,-1.0908486,-0.54479426,1.0341961,1.1915255,0.920985,0.33285224,-0.12340664,0.25062966,-0.48344472,1
1.7663287,-0.8908486,-0.34479427,1.0891504,1.3915255,0.720985,0.37304986,0.07659336,0.43262368,-0.2834447,1
1.5663286,-0.6908486,-0.27795526,1.2022421,1.5915256,0.75570506,0.17304985,-0.12340664,0.28281075,-0.100005805,1
1.3663286,-0.87845564,-0.2714519,1.1556878,1.7915256,0.5557051,-0.02695015,0.07659336,0.082810745,0.0999942,1
1.5508388,-0.85689056,-0.47032607,0.98085845,1.98677,0.75390047,-0.16908711,0.27593288,0.23106578,0.060037743,1
1.4501524,-0.67515785,-0.35753512,0.89960104,2.093836,0.9133614,-0.35340154,0.37681612,0.029745536,-0.13401411,1
1.3116897,-0.87146646,-0.15942323,0.86554307,2.1473267,0.7971259,-0.49583697,0.36309755,-0.16953635,-0.3042681,1
1.1532923,-1.0271045,0.03889677,0.72859925,2.2501404,0.5724031,-0.5700084,0.171175,-0.35423642,-0.460577,1
1.2815561,-1.1620574,-0.15256336,0.7951723,2.15152,0.57612705,-0.46753258,0.28755867,-0.14606056,-0.26094162,1
1.301745,-1.3444779,-0.35256338,0.62597466,1.95152,0.37612706,-0.66753256,0.08755867,-0.16863436,-0.4609416,1
1.1351435,-1.1690532,-0.4036845,0.6762384,2.0327063,0.17612706,-0.54647815,-0.11244133,-0.36863434,-0.5394408,1
0.92166275,-1.3493173,-0.3766832,0.8088051,2.174468,0.038972624,-0.7132404,0.08629645,-0.16620335,-0.51010966,1
0.86400515,-1.4956925,-0.17394353,0.9286123,1.9438517,-0.15853047,-0.8665111,0.28185713,0.033272598,-0.69909865,1
1.0116024,-1.2591989,-0.35552666,0.9468296,2.0382662,-0.068924926,-0.80253845,0.07782563,-0.15851602,-0.73052114,1
1.1310326,-1.2909534,-0.5385755,0.89844906,1.8067908,-0.260719,-0.9719472,0.2693481,0.040218152,-0.778213,1
1.0090511,-1.1033456,-0.39204717,0.9515958,1.7583233,-0.060719,-0.92234355,0.06934811,0.10939457,-0.71081907,1
1.1509686,-1.1758022,-0.5636053,1.0962733,1.7962316,-0.2481941,-1.0684264,0.25640866,-0.08625276,-0.52012146,1
1.2025437,-1.0352662,-0.6797114,1.1032956,1.7616605,-0.15906669,-1.1290702,0.050211295,0.081960686,-0.62454414,1
0.90460855,-1.1145972,-0.7937753,1.167479,1.7700324,0.036934674,-1.0741334,0.225769,0.2315696,-0.74399716,1
1.0272346,-1.3048719,-0.83082795,1.0553204,1.5620283,-0.16185898,-1.0198925,0.4226192,0.42837688,-0.7547825,1
0.94917005,-1.0756636,-1.0035771,0.9661638,1.5904938,-0.35229287,-1.0306921,0.21673404,0.61176515,-0.9295419,1
0.75349456,-1.0811775,-0.7870347,0.9072604,1.7536347,-0.14915776,-1.0828599,0.40517977,0.40328854,-1.1062891,1
0.68574136,-1.0834571,-0.60352826,0.96146184,1.846829,-0.08904315,-1.1692802,0.6020439,0.32553706,-0.9015931,1
0.4516839,-1.1934683,-0.64506674,1.038612,1.7441953,0.103177175,-1.273274,0.37385485,0.11673509,-1.0243555,1
0.37442526,-0.9884397,-0.44281393,1.2317764,1.9203247,-0.09633274,-1.211182,0.57095015,-0.082843445,-0.82018286,1
0.5464895,-0.8382335,-0.23100525,1.3621453,2.0172076,-0.27235165,-1.1280563,0.3529099,0.06479044,-0.7384812,1
0.69243926,-1.0382335,-0.03186412,1.2518449,1.8172076,-0.23691864,-1.0929282,0.5529099,0.04784037,-0.7320963,1
0.88632613,-1.2297518,-0.23027588,1.1968684,1.6962584,-0.4339258,-1.164756,0.35049254,0.2461427,-0.7816289,1
1.066566,-1.082462,-0.029725166,1.2197533,1.5638182,-0.22967072,-1.1367042,0.5404791,0.43667203,-0.96377313,1
1.0987287,-1.1047945,-0.19642195,1.18502,1.5300882,-0.22980317,-1.1332684,0.62428945,0.20530975,-1.0095572,1
1.1809992,-0.88700604,-0.3886282,1.3577902,1.4332397,-0.029217234,-1.0907332,0.41594782,0.0052053547,-1.1857771,1
1.334449,-0.6877108,-0.5529244,1.3538674,1.5781871,0.1650261,-0.8903282,0.5951857,-0.18822859,-0.95254886,1
1.4899988,-0.49774516,-0.3427008,1.4107696,1.4623507,0.088328496,-0.8767259,0.5068189,0.011430414,-1.1191616,1
1.3707691,-0.39301604,-0.16283856,1.5013369,1.6099863,0.07886009,-0.7818129,0.60332996,0.2047703,-1.0346769,1
1.4698792,-0.44955868,-0.32710218,1.3469342,1.5833025,-0.11335914,-0.54444325,0.75173235,0.0044638994,-1.155374,1
1.5429944,-0.63331103,-0.12392293,1.3149992,1.6670636,-0.11070031,-0.68028516,0.5379317,0.19934958,-0.9435312,1
1.3084623,-0.68439204,0.07412092,1.2761996,1.7868735,0.08700355,-0.4679357,0.71895736,0.08788474,-1.1141279,1
1.0671715,-0.5984068,-0.12119002,1.2744893,1.7070289,0.27631253,-0.6430548,0.8847257,0.27716088,-1.2651759,1
0.99604857,-0.7891729,-0.31747535,1.2177738,1.6369908,0.47080377,-0.7073729,0.8724988,0.30067858,-1.2441449,1
1.1940805,-0.883506,-0.27112886,1.2233149,1.6472338,0.554453,-0.70285773,0.6713922,0.41394603,-1.0424267,1
0.9940805,-0.7448017,-0.47112888,1.2735379,1.520023,0.754453,-0.6437788,0.8713922,0.21394603,-0.8424267,1
0.93295825,-0.5448017,-0.62075543,1.4096175,1.4849298,0.554453,-0.56480855,0.6713922,0.22507001,-0.98588556,1
1.1329583,-0.7412075,-0.5214068,1.461338,1.3790424,0.754453,-0.518387,0.4713922,0.025070012,-1.1858855,1
1.0266854,-0.908575,-0.61217517,1.6037381,1.3049551,0.9213613,-0.30734828,0.6481145,0.21726665,-1.0296308,1
1.2266854,-1.108575,-0.41217518,1.4719467,1.31202,0.72136134,-0.5073483,0.4481145,0.017266646,-0.9614221,1
1.0580403,-0.8774681,-0.20491093,1.5059576,1.4602529,0.88981664,-0.6529743,0.625925,0.20982808,-1.0071775,1
1.1374274,-0.7954887,-0.0044401023,1.4504973,1.3948158,0.9853321,-0.7711966,0.38509005,0.3705364,-1.0829443,1
1.0721036,-0.85309094,-0.02750312,1.3703256,1.3739963,1.0371742,-0.8498041,0.51195806,0.19031207,-1.1225857,1
1.1667086,-1.0047967,-0.09030604,1.116655,1.5018137,0.7987819,-0.8793259,0.67930806,0.15249339,-1.105747,1
1.1323111,-1.1467274,-0.045543976,0.9095495,1.3254055,0.97920704,-0.84444624,0.86207473,-0.046575546,-1.1830279,1
1.0833614,-1.0231037,-0.0079682525,1.0567381,1.3663424,0.99593973,-0.91452914,1.011523,-0.23483925,-0.94305325,1
1.107129,-1.088548,0.18722203,1.2252613,1.1930683,0.77600425,-1.0517905,1.1811787,-0.033966642,-0.7244424,1
0.87153125,-1.0212741,0.3720266,1.2099032,1.028702,0.93770367,-1.150391,1.3269782,0.13797514,-0.74453956,1
0.7046162,-0.94095635,0.16372918,1.330256,1.1694376,0.9454706,-1.1778181,1.2818911,0.32167348,-0.6528824,1
0.8325446,-0.6899448,-0.033773743,1.3336011,1.2751579,1.0666101,-1.0264817,1.3798695,0.1132968,-0.56301516,1
1.0052694,-0.65371245,0.06346822,1.3897654,1.436191,0.99398166,-0.80464983,1.1702751,-0.084412895,-0.7428597,1
1.20433,-0.54082733,0.06461414,1.4306127,1.3873063,1.0005131,-0.7055039,1.182834,-0.2841912,-0.55047786,1
0.99354666,-0.71945345,0.25697967,1.3856397,1.5415105,1.1658767,-0.70995736,0.986697,-0.28974795,-0.46057466,1
0.8700161,-0.91559386,0.056740485,1.3343623,1.3358791,1.3601432,-0.9061376,0.85128003,-0.08937121,-0.65780175,1
0.6582373,-0.98587894,-0.14074104,1.451683,1.5088785,1.310905,-0.69372374,0.84601754,-0.017727844,-0.5244765,1
0.5600269,-0.9088727,-0.13184108,1.5698361,1.5212762,1.4382418,-0.61560786,0.614949,0.15752524,-0.46236607,1
0.57277524,-0.9179302,-0.29744264,1.4753629,1.5428498,1.4684228,-0.7310624,0.37193564,0.047315445,-0.59370565,1
0.38883758,-0.8261118,-0.488695,1.4424068,1.7122014,1.2461171,-0.8086246,0.41177067,-0.1456288,-0.719658,1
0.58883756,-1.0261118,-0.28869498,1.3592004,1.7013905,1.0461171,-0.69844854,0.21177067,0.054371208,-0.519658,1
0.38883758,-0.94445103,-0.088694975,1.4426776,1.9013906,1.00053,-0.69886374,0.011770666,0.25437123,-0.51146215,1
0.5656256,-0.9187583,-0.21927463,1.3091893,2.002973,1.1532053,-0.47919858,-0.18080935,0.05222791,-0.68341637,1
0.62982106,-1.0095011,-0.37832853,1.1398839,1.9878322,1.2210522,-0.5393724,-0.34361976,0.20511669,-0.49824783,1
0.79041564,-0.7710606,-0.5399753,0.97855735,1.9463084,1.3535712,-0.44354132,-0.51780504,0.06398675,-0.6650904,1
0.60378987,-0.6046813,-0.3399753,0.77855736,2.0045338,1.5205058,-0.2930712,-0.717805,-0.13601325,-0.760202,1
0.60953575,-0.40468132,-0.5399753,0.7900349,2.0008342,1.4888827,-0.22844627,-0.84421265,0.06398675,-0.6808413,1
0.73778117,-0.29303586,-0.3399753,0.7471782,2.096185,1.2888826,-0.1342212,-0.64421266,0.26398677,-0.6199948,1
0.80758876,-0.48965994,-0.4360872,0.94069266,2.1187224,1.0814267,0.065328404,-0.83843213,0.06354863,-0.8143801,1
0.8813209,-0.65388435,-0.54384965,0.81198066,2.0063143,1.182462,0.25156468,-0.60531396,0.24987724,-0.96175987,1
0.73710537,-0.45388436,-0.34384966,0.62046933,1.8910764,0.982462,0.34882677,-0.40531397,0.04987724,-0.9885267,1
0.7769205,-0.25388438,-0.43378866,0.42737162,2.0910764,0.782462,0.271372,-0.45988423,0.026215954,-1.1885267,1
0.5769205,-0.45388436,-0.63378865,0.4721831,2.2910764,0.7107748,0.0781343,-0.25988424,0.22621596,-1.2886573,1
0.7453695,-0.6273299,-0.69296426,0.32425746,2.389913,0.49003208,0.061085895,-0.44120818,0.025151318,-1.1466013,1
0.88245195,-0.39888966,-0.79298645,0.42022124,2.3700767,0.27072948,-0.1296689,-0.59853363,-0.14063261,-1.0822934,1
0.68245196,-0.20114484,-0.99298644,0.43856916,2.185819,0.47072947,0.0703311,-0.39853364,0.05936739,-0.8822934,1
0.48245198,-0.22155878,-1.1929865,0.51838475,2.1344182,0.27072948,0.1950635,-0.19853364,0.2593674,-0.6822934,1
0.2809975,-0.14301567,-1.3858134,0.71468544,2.2891476,0.46830547,0.17472398,0.0014588126,0.4570019,-0.87775004,1
0.27008012,-0.07241973,-1.1901464,0.7488508,2.3755693,0.66716874,0.040119525,-0.19820349,0.46508932,-0.7739113,1
0.47008014,-0.13941327,-1.1429784,0.81353533,2.4435277,0.46716875,0.24011953,0.0017965138,0.26508933,-0.5739113,1
0.37228572,0.060019407,-1.2099035,0.73894274,2.5036561,0.26466703,0.18051583,0.19990692,0.4119848,-0.5169874,1
0.15384199,0.019484544,-1.258969,0.76666284,2.4142213,0.35721213,0.14290883,0.35709563,0.54646987,-0.63288623,1
0.20391348,-0.050564118,-1.275436,0.83229697,2.2142212,0.5572121,0.32471073,0.15709563,0.6419898,-0.8328862,1
0.4005567,-0.009118942,-1.2651544,0.95816666,2.171564,0.71480936,0.41683474,0.3541279,0.4383166,-0.77643436,1
0.20055671,0.09649093,-1.4651544,0.96520394,1.971564,0.51480937,0.2752627,0.55412793,0.2632987,-0.97643435,1
0.07841456,0.28287137,-1.4847778,0.82631975,1.8547473,0.31480938,0.4752627,0.7541279,0.46329868,-1.1675348,1
0.23939489,0.4619934,-1.6132438,0.9827432,1.6995578,0.13216111,0.5016624,0.9136166,0.55701935,-0.92645425,1
0.13366035,0.25539738,-1.7675931,0.9750746,1.6212311,0.32379854,0.3241018,1.0855799,0.34803095,-0.83896524,1
0.33366036,0.3500568,-1.6451087,0.7750746,1.4302361,0.5237985,0.16339906,0.8855799,0.14803095,-0.7938166,1
0.53366035,0.4828667,-1.4451087,0.9750746,1.230236,0.7237985,0.056880675,0.6855799,0.23386046,-0.59381664,1
0.6736946,0.47880864,-1.6451087,0.9464656,1.1811941,0.9237985,-0.14311934,0.8855799,0.43386048,-0.44763842,1
0.8736946,0.27880865,-1.5368271,0.9491915,1.3811941,0.7237985,-0.2538187,1.0855799,0.35731792,-0.64763844,1
0.6736946,0.07880865,-1.3809785,1.0277842,1.3122332,0.7391013,-0.33503494,0.8855799,0.15731792,-0.5353106,1
0.8736946,-0.06461708,-1.4602667,1.0998758,1.3305925,0.5391013,-0.2624523,0.6855799,0.051208578,-0.7353106,1
0.899068,0.037505932,-1.5885879,1.1970497,1.3645676,0.46590617,-0.3530908,0.8855799,0.25120857,-0.7845087,1
1.0585628,-0.1608685,-1.609303,1.2215523,1.2215867,0.6659062,-0.28808707,0.6855799,0.05120857,-0.6480178,1
1.2585628,-0.012463465,-1.4794967,1.1588136,1.0215867,0.8659062,-0.34119946,0.4855799,0.25120857,-0.826321,1
1.4585629,0.15609172,-1.2794967,1.0454432,1.0780846,0.6659062,-0.54119945,0.6855799,0.4512086,-1.026321,1
1.2585628,0.039447673,-1.0794966,0.9987354,1.114688,0.4659062,-0.34119946,0.8312011,0.39486283,-0.8908113,1
1.4585629,-0.16055232,-1.2794967,1.1987355,1.13094,0.46586135,-0.4235578,0.6312011,0.5948628,-0.7685513,1
1.6585629,-0.3605523,-1.2851228,1.2841209,1.0305266,0.26586133,-0.31742668,0.8312011,0.39486283,-0.5933575,1
1.582021,-0.5570668,-1.2917702,1.3926468,0.82536244,0.46296462,-0.21290101,1.0247892,0.591164,-0.488054,1
1.6776253,-0.47186914,-1.4043782,1.2108933,0.68813485,0.6241263,-0.090602875,0.986406,0.7448154,-0.35405535,1
1.8477727,-0.66118705,-1.57887,1.1433173,0.48037395,0.4173831,0.10765781,0.7739029,0.5361533,-0.21358372,1
1.8167282,-0.6605901,-1.5781652,1.0391135,0.60360926,0.5477255,0.21238959,0.86402017,0.4864394,-0.012051107,1
1.9104489,-0.71660566,-1.429625,1.0716208,0.6826498,0.67895937,0.18091793,0.62902707,0.49870673,-0.20087627,1
1.9399229,-0.6522051,-1.5195508,1.0609422,0.61814725,0.47895938,0.3252955,0.42902708,0.3097129,-0.40087628,1
1.8533967,-0.45220512,-1.3924156,1.1113838,0.7898434,0.2789594,0.1497103,0.3826918,0.5097129,-0.6008763,1
2.0075297,-0.35134178,-1.4375086,1.0780563,0.5898434,0.1991801,0.06595596,0.5826918,0.40111655,-0.6740512,1
2.0624788,-0.51511455,-1.2983572,1.1572671,0.3806336,0.37295103,0.24848068,0.35754612,0.56161875,-0.8166196,1
2.0402505,-0.4479946,-1.4180176,1.230247,0.41952297,0.16367765,0.36895704,0.42400566,0.3422293,-0.6903434,1
2.0055604,-0.5723249,-1.4613786,1.1789008,0.41586325,-0.032806017,0.15260044,0.20231983,0.48973647,-0.80414987,1
1.8931978,-0.77232486,-1.6613786,1.0336713,0.3607394,-0.23280603,-0.047399566,0.40231985,0.28973645,-0.68503153,1
1.8222511,-0.5723249,-1.7416728,0.9792627,0.5607394,-0.08691132,0.01285626,0.20231985,0.4086654,-0.8850315,1
1.622251,-0.77232486,-1.9008362,0.9947595,0.3607394,0.11308868,-0.06899299,0.40231985,0.6086654,-0.68503153,1
1.422251,-0.72365457,-1.7008362,1.0839541,0.4085695,-0.08691132,-0.1627202,0.20231985,0.7106614,-0.8850315,1
1.2114967,-0.74887544,-1.8841113,1.1275537,0.60321486,0.07733863,-0.13199207,0.002299431,0.7786294,-1.0754846,1
0.9889064,-0.9276837,-2.0375657,1.0571593,0.78527623,0.21326278,-0.18971847,-0.19328523,0.65122616,-0.855932,1
0.9227873,-0.970589,-2.0579948,1.0410058,0.70635873,0.3800973,-0.3584425,0.0061758966,0.41501403,-0.9711906,1
1.0956669,-0.7519757,-2.0262723,1.1735078,0.6309978,0.17574711,-0.15461537,0.185777,0.24118635,-1.0979575,1
1.0754178,-0.8713865,-1.7178879,1.2826468,0.7608862,0.35344753,-0.17404649,0.36288217,0.36239442,-1.2209272,1
1.1431848,-0.67138654,-1.5684133,1.4627299,0.9608862,0.55344754,0.025953516,0.23468721,0.16239442,-1.1389468,1
0.9324455,-0.8614648,-1.6606791,1.3474271,1.1476681,0.74486864,-0.17206477,0.03429225,0.17049818,-0.93977964,1
0.9142461,-0.96750957,-1.7465378,1.0806644,1.2692546,0.88989174,-0.099649966,0.22066003,0.22961032,-0.70398307,1
0.82112753,-1.0878857,-1.5803396,1.1933235,1.2046192,1.0155615,0.09350619,0.3919711,0.05784277,-0.7566751,1
0.99631804,-1.2383229,-1.3780953,1.2405337,1.103351,1.186028,0.1934139,0.18730694,0.21044159,-0.54315,1
1.1143494,-1.1124407,-1.4929632,1.3883654,0.95516175,0.9503194,0.038068503,0.18497564,0.010063449,-0.7162371,1
0.9143494,-1.2412813,-1.4135314,1.246375,0.87382245,1.1503195,-0.07683987,-0.015024364,-0.18993655,-0.51623714,1
0.94533306,-1.3450906,-1.505845,1.1531088,0.76806295,1.2601997,0.084098116,0.11217591,-0.23664692,-0.6679565,1
1.0610169,-1.4250335,-1.497096,1.050858,0.737998,1.2390252,0.24480838,-0.08135874,-0.40450224,-0.43350688,1
0.7925029,-1.4957241,-1.4242859,1.1030699,0.8633583,1.208878,0.40941346,-0.25897008,-0.32853547,-0.5830966,1
0.9270714,-1.5589361,-1.2480997,1.1111814,0.9932557,1.3159968,0.21364622,-0.055082433,-0.12006167,-0.36916393,1
1.1120913,-1.3954113,-1.4288529,1.0126544,1.1773959,1.1011639,0.18638684,0.08035476,-0.14113149,-0.29841706,1
0.9120913,-1.4916325,-1.2288529,1.0577278,1.3120658,1.0700805,0.072224,-0.119645245,0.058868513,-0.29785764,1
0.90854084,-1.6063128,-0.97696126,0.8819022,1.4358028,1.2060224,0.14632808,-0.30352354,-0.13401334,-0.4632379,1
0.8966847,-1.5814999,-0.73667467,0.76551354,1.550984,1.3331181,0.10513918,-0.098155685,-0.19378702,-0.57019126,1
0.77490026,-1.68189,-0.82490665,0.7596023,1.6023476,1.0705421,0.13731097,-0.28169018,-0.37204033,-0.6025887,1
0.8626677,-1.6652429,-0.9035373,0.51558095,1.5327034,1.1242747,0.29847902,-0.1378944,-0.4182272,-0.71019304,1
0.91915303,-1.7768544,-0.7035373,0.70476323,1.4347229,0.92427474,0.12239894,0.062105596,-0.4726469,-0.62241197,1
1.119153,-1.5768543,-0.8763844,0.56073457,1.3311169,0.8793218,0.044659138,0.26210558,-0.6221415,-0.6893289,1
0.98497665,-1.4999617,-1.0241065,0.5130644,1.3691659,1.0269012,-0.1328939,0.439662,-0.78221166,-0.8461359,1
0.7313284,-1.58378,-1.1404465,0.36144975,1.4619232,0.7962718,-0.047754105,0.5959451,-0.9150836,-0.7479693,1
0.85977244,-1.6311492,-0.87599635,0.37910336,1.4614383,0.5777423,0.14054851,0.7347909,-0.94548124,-0.87513477,1
0.9680391,-1.6726458,-0.6174824,0.36177072,1.517625,0.3450451,-0.054305397,0.51820236,-1.0463289,-0.9820716,1
1.0029881,-1.7513348,-0.6637396,0.30109656,1.6395578,0.16336958,0.02928116,0.68555963,-0.80786276,-0.74652594,1
0.92388004,-1.7981684,-0.46617338,0.1520713,1.6951653,0.33484757,0.1292115,0.44744655,-0.8421366,-0.8722302,1
0.91294724,-1.563654,-0.5730566,0.13800392,1.7418766,0.13142242,-0.04388344,0.44401446,-1.0156661,-1.0449953,1
0.8814128,-1.3636539,-0.6502302,-0.061996087,1.7275044,0.053828225,-0.18452083,0.38292578,-0.97937447,-1.0810536,1
0.6814128,-1.4349601,-0.45023024,0.10351992,1.5275043,-0.14617178,-0.38452083,0.5773768,-1.1793745,-1.150492,1
0.48141283,-1.4133525,-0.25023025,0.3035199,1.7119316,-0.0928977,-0.22524376,0.7773768,-1.2855704,-0.95049196,1
0.6723646,-1.6133525,-0.05023025,0.27092114,1.5119315,0.107102305,-0.24132234,0.97737676,-1.2807283,-0.750492,1
0.5346565,-1.6261754,-0.23046169,0.34283227,1.5766865,0.2828408,-0.39355198,1.0843623,-1.2052816,-0.74140483,1
0.3592273,-1.761556,-0.20145024,0.37932953,1.6636366,0.14323716,-0.5725491,0.853069,-1.148027,-0.64937913,1
0.5592273,-1.5985643,-0.40145025,0.57932955,1.8571465,0.14567536,-0.6228801,0.653069,-0.94802696,-0.44937915,1
0.5338638,-1.3985642,-0.60145026,0.7472644,1.9081173,0.34567535,-0.68891037,0.48452747,-0.74802697,-0.24937914,1
0.6694458,-1.4582436,-0.7310996,0.683245,1.9230685,0.49777642,-0.79134345,0.6244402,-0.6673928,-0.12845992,1
0.6303571,-1.5197632,-0.6467744,0.59217054,1.9457705,0.3386754,-0.6249156,0.755591,-0.79495656,-0.17282511,1
0.50336605,-1.4603841,-0.7296053,0.4793398,1.772348,0.5386754,-0.51486164,0.95559096,-0.8356665,-0.37282512,1
0.39283064,-1.2123787,-0.8537729,0.55303764,1.8972256,0.7105409,-0.62743086,1.111577,-0.6114553,-0.48327973,1
0.31874195,-1.2823162,-0.95673347,0.56927633,1.9040971,0.4635264,-0.39289564,1.1907971,-0.73191434,-0.25719315,1
0.41665992,-1.2491094,-1.0837268,0.5627467,1.7389548,0.62164825,-0.48465303,1.3030175,-0.4983428,-0.42833757,1
0.5272768,-1.2263266,-0.8837268,0.5567366,1.6936628,0.42164826,-0.5137587,1.1030174,-0.29834282,-0.60064805,1
0.7143332,-1.0080606,-0.73978144,0.6505961,1.8599606,0.6105845,-0.58827096,1.2798271,-0.4894736,-0.66866946,1
0.8505163,-0.89046365,-0.9397814,0.77437806,1.6599605,0.49577305,-0.78827095,1.0911928,-0.5948634,-0.46866947,1
0.6256196,-0.85987073,-1.0961595,0.86339796,1.7887757,0.66371965,-0.7273077,1.241776,-0.37975112,-0.2583869,1
0.74115324,-0.8156279,-1.2943084,0.6887432,1.6509243,0.6396607,-0.92598337,1.252428,-0.25611147,-0.09752744,1
0.58998775,-0.5844545,-1.3554636,0.79800755,1.6205096,0.797143,-0.6892219,1.3788818,-0.3444059,-0.2824616,1
0.43571383,-0.53792787,-1.3443938,0.6124756,1.668445,0.93971974,-0.83801365,1.293438,-0.5130548,-0.18168412,1
0.5494394,-0.37726837,-1.4253441,0.74984574,1.6784995,1.0518643,-0.68013084,1.0091501,-0.65808886,-0.35226196,1
0.6363914,-0.34954494,-1.484631,0.6948358,1.6008052,1.1434848,-0.803934,0.9164604,-0.4184301,-0.5044502,1
0.5960014,-0.53545743,-1.6197941,0.63170415,1.4871902,0.91929877,-0.97819835,0.69809407,-0.60257673,-0.6863917,1
0.3716601,-0.638526,-1.426393,0.74608696,1.5428066,1.0504981,-0.91313857,0.84289026,-0.37783128,-0.8319072,1
0.4996634,-0.77307165,-1.4994388,0.50346005,1.5522834,1.1528858,-0.86025727,0.7409029,-0.5327264,-0.5825813,1
0.2812942,-0.91342276,-1.5035723,0.5742991,1.3958683,1.2699546,-0.7193462,0.883226,-0.31233042,-0.73460937,1
0.075666934,-0.81396747,-1.5856496,0.7207014,1.2758946,1.368203,-0.84863776,0.63593245,-0.47686645,-0.6679458,1
-0.12433307,-0.79936963,-1.446027,0.69101304,1.142482,1.168203,-0.75742376,0.43593246,-0.27686644,-0.5763864,1
-0.21579129,-0.59936965,-1.6460271,0.6426241,1.3424821,0.968203,-0.6771201,0.5529355,-0.07686643,-0.6316669,1
-0.41579127,-0.51230633,-1.4940075,0.84262407,1.5424821,0.768203,-0.60381496,0.43806088,0.03204693,-0.5042778,1
-0.44584602,-0.5835472,-1.4670452,0.92208374,1.7424822,0.56820303,-0.40381497,0.23806088,0.23204693,-0.49486667,1
-0.28828198,-0.78354716,-1.4392822,0.83753383,1.6976113,0.768203,-0.43249333,0.42590278,0.21802542,-0.61595136,1
-0.41195208,-0.75166065,-1.2392821,0.8233603,1.5924377,0.8315774,-0.49350896,0.6259028,0.41802543,-0.70918584,1
-0.61195207,-0.6339502,-1.4392822,0.62336034,1.7924378,1.0315775,-0.31475866,0.49203217,0.21802543,-0.7015727,1
-0.62515634,-0.78556365,-1.5441697,0.6228656,1.7691945,1.07603,-0.43043277,0.27508822,0.109848,-0.8116309,1
-0.58389187,-0.6155262,-1.5044178,0.68064433,1.7371836,1.1736773,-0.28270894,0.07351524,0.30335715,-0.99043876,1
-0.7452387,-0.7753132,-1.6203742,0.83722043,1.4702014,0.9622029,-0.3531057,-0.1202479,0.098260686,-1.1317391,1
-0.8746758,-0.7102701,-1.4579608,0.8909441,1.29575,1.162203,-0.38285008,-0.3202479,-0.10173932,-0.93173915,1
-1.0146029,-0.7621215,-1.5652831,0.8801969,1.3500286,1.2860577,-0.30484045,-0.11352619,0.016428592,-0.7630762,1
-1.0395601,-0.5621215,-1.365283,1.0621028,1.1954964,1.4860578,-0.27314764,-0.31352618,0.094431296,-0.5630762,1
-1.2264864,-0.6028829,-1.548774,0.9909638,0.99269086,1.5405071,-0.07237615,-0.11232881,-0.10445527,-0.60348064,1
-1.3764561,-0.7747238,-1.3014692,0.83848256,0.93585896,1.6794633,-0.14146173,-0.04376135,-0.123589315,-0.61210006,1
-1.3601441,-0.88765544,-1.041779,0.849585,1.0743052,1.7776126,0.029319337,-0.19134653,-0.16144298,-0.42119256,1
-1.543704,-0.7282746,-1.1421914,0.6792412,0.9237735,1.5776125,0.1375882,-0.3913465,-0.36144298,-0.48717654,1
-1.3525536,-0.5282746,-1.2962018,0.5492894,0.81467587,1.6519573,0.06512618,-0.44000894,-0.16144298,-0.28717655,1
-1.3452798,-0.72786367,-1.4049004,0.44888988,0.95495534,1.8509125,0.17040598,-0.23987351,0.038535267,-0.24353373,1
-1.2020689,-0.5996588,-1.4829197,0.38273352,0.8723313,1.9866008,0.10770413,-0.038623173,0.18555745,-0.30795413,1
-1.0327748,-0.6817946,-1.5362487,0.49155787,0.75937825,1.9925853,0.18511382,-0.21782652,0.15189286,-0.46368453,1
-1.06838,-0.6382536,-1.6264728,0.49120224,0.9430303,1.84046,0.22317085,-0.4107067,-0.047287393,-0.2591913,1
-0.85693467,-0.650993,-1.8023998,0.5005872,1.1047778,1.6188384,0.056325253,-0.6026575,-0.2440281,-0.27486247,1
-0.6378799,-0.70532554,-1.7911655,0.528324,1.2361884,1.5136522,0.24350768,-0.76252055,-0.15614967,-0.35185978,1
-0.49681124,-0.52303904,-1.9679372,0.37441012,1.4194343,1.2983274,0.30365282,-0.5559584,-0.2634908,-0.54357886,1
-0.5356308,-0.71117264,-1.8137926,0.33050278,1.2296878,1.4812657,0.25389048,-0.70227325,-0.06276781,-0.73511153,1
-0.38376802,-0.8748723,-1.9335649,0.37583044,1.2441452,1.2302212,0.32747933,-0.48226315,-0.009458149,-0.89785755,1
-0.1889763,-1.0748724,-1.7335649,0.56803507,1.0801219,1.4302212,0.38268188,-0.28226316,0.19054185,-0.787557,1
-0.3397531,-1.1056178,-1.6790771,0.6859036,0.9534791,1.2302212,0.5798303,-0.48226315,0.21047817,-0.6784342,1
-0.13359132,-1.1660619,-1.7045511,0.8468438,1.0244154,1.3671622,0.48729876,-0.65218186,0.39238003,-0.5142872,1
-0.00086716755,-0.9409298,-1.5439883,0.80122745,1.1925622,1.4390038,0.62274677,-0.8300123,0.18737525,-0.69570494,1
-0.18580306,-0.7719581,-1.6131973,0.80423003,1.2452884,1.3608325,0.7136212,-0.6946467,0.35832387,-0.7730292,1
-0.08029506,-0.5719581,-1.591189,0.7599038,1.2448053,1.1608324,0.612675,-0.49464673,0.4553076,-0.5730292,1
-0.28029507,-0.7719581,-1.6485857,0.9599038,1.4448054,0.9608324,0.41267502,-0.57026523,0.28779137,-0.44629127,1
-0.3076062,-0.7000306,-1.5009191,0.8103285,1.6448054,0.98991483,0.37945232,-0.7702652,0.08779137,-0.40330613,1
-0.10549434,-0.8823669,-1.5658846,0.7751049,1.583427,1.166562,0.32562792,-0.95122313,-0.11000647,-0.51618797,1
-0.16927093,-1.082367,-1.3658845,0.7452725,1.6936706,0.966562,0.30758306,-0.75122315,0.08999354,-0.71618795,1
-0.364313,-0.89914733,-1.5448607,0.9325811,1.6207012,1.1131512,0.10613863,-0.7283756,-0.054626595,-0.6260588,1
-0.3008223,-1.060984,-1.6411124,0.83287483,1.5078285,1.1458683,0.20193866,-0.54989505,0.14032593,-0.66893435,1
-0.3455254,-1.19248,-1.464373,0.8024747,1.7078285,0.9458683,0.001938656,-0.34989506,-0.039613932,-0.7440807,1
-0.54466957,-0.99248,-1.2932944,0.88055766,1.8124148,1.1458683,0.11563034,-0.2352557,0.16038607,-0.7119046,1
-0.68810534,-0.7928614,-1.3798656,0.88053817,1.859554,1.2061692,0.2359966,-0.03257772,-0.036604907,-0.4976183,1
-0.6254712,-0.9479787,-1.5798657,0.9442886,1.659554,1.0061692,0.2707832,-0.23257773,-0.23660491,-0.5887308,1
-0.64853066,-0.9177718,-1.6396339,0.78676134,1.6580974,0.8061692,0.47078317,-0.18187162,-0.43660492,-0.38873082,1
-0.6475358,-0.7177718,-1.4396338,0.61067855,1.740866,0.6465131,0.6130567,0.01812838,-0.6366049,-0.32907465,1
-0.5332674,-0.8994321,-1.6068693,0.44461673,1.902082,0.7914853,0.6204403,0.21376956,-0.4278803,-0.51850224,1
-0.33261013,-1.0832058,-1.8033059,0.25612104,1.6987251,0.5903188,0.8188222,0.013742396,-0.626642,-0.3178741,1
-0.18525617,-1.2832059,-1.867592,0.10821827,1.498725,0.3903188,0.6188222,-0.14393896,-0.426642,-0.1178741,1
0.014743835,-1.309969,-1.8666497,0.054634377,1.5137504,0.48184037,0.42857963,0.056061044,-0.38089365,-0.20182046,1
0.08445677,-1.5075088,-1.6639341,0.2542195,1.7109581,0.67693585,0.62755543,-0.14370443,-0.29475185,-0.0018174938,1
0.10013918,-1.5398144,-1.7633489,0.29180092,1.4634335,0.8296129,0.65707564,-0.26206914,-0.24004196,-0.19092663,1
0.18181309,-1.5739032,-1.7808253,0.47178158,1.4274589,0.68656105,0.5494615,-0.4432601,-0.038412,-0.2949376,1
0.30091086,-1.5800061,-1.6829633,0.54031724,1.3910482,0.48161343,0.74184054,-0.6367191,-0.23598771,-0.33216015,1
0.24376898,-1.5841311,-1.7062428,0.51127106,1.3708572,0.28090084,0.7089303,-0.5821851,-0.43488452,-0.519269,1
0.4373522,-1.5841599,-1.7797209,0.44070354,1.2471491,0.47394714,0.54985905,-0.49437597,-0.32906017,-0.70886856,1
0.32470524,-1.5215951,-1.5797209,0.27538872,1.2154975,0.67394716,0.34985906,-0.4549724,-0.5290602,-0.7402243,1
0.41831294,-1.6574439,-1.5805861,0.4460234,1.0154974,0.6449428,0.15601753,-0.2549724,-0.7290602,-0.66381085,1
0.44091082,-1.7623467,-1.6894239,0.44584307,0.9577963,0.749884,-0.041730665,-0.052157924,-0.8814942,-0.62097406,1
0.24091081,-1.7658764,-1.4894239,0.5271436,1.0393796,0.949884,-0.24173066,-0.21849677,-0.7098583,-0.42097408,1
0.38412246,-1.6576551,-1.3000176,0.43835735,1.2362161,1.149884,-0.11386566,-0.33455187,-0.9098583,-0.54904354,1
0.3348771,-1.818966,-1.0771077,0.43477088,1.2366273,1.3021041,-0.28309503,-0.13174957,-0.69507414,-0.6516767,1
0.5336835,-1.615353,-1.2742577,0.55974257,1.0343139,1.498752,-0.13648708,0.06809812,-0.49396932,-0.76513946,1
0.6671428,-1.6507115,-1.0813721,0.6908385,0.9196568,1.5446855,0.03781696,-0.119939186,-0.40696043,-0.87760717,1
0.5531125,-1.6708342,-1.0276265,0.75642264,1.0713867,1.5533733,-0.15519108,0.07660927,-0.19803804,-0.8026067,1
0.35311252,-1.4933792,-0.859957,0.761789,0.8960763,1.7533734,0.044808924,0.27660927,-0.39803803,-0.6026067,1
0.3052053,-1.6703292,-0.659957,0.9341892,0.69607633,1.5533733,-0.08285695,0.4445157,-0.37073836,-0.8026067,1
0.10520528,-1.5245547,-0.57999647,1.0304072,0.70698154,1.3533733,-0.22350232,0.2445157,-0.35386625,-0.73886305,1
0.2919583,-1.4106169,-0.37999648,1.0738804,0.871804,1.1533732,-0.23241736,0.4445157,-0.55386627,-0.93886304,1
0.44975436,-1.2281338,-0.57999647,0.9638805,1.071804,1.1711328,-0.43241736,0.6445157,-0.58999187,-1.1388631,1
0.5768619,-1.3263915,-0.77999645,0.98239523,0.95785135,1.2715707,-0.37648308,0.8445157,-0.38999188,-1.3296537,1
0.7768619,-1.128559,-0.57999647,1.1803007,0.75785136,1.1684507,-0.17648308,0.6445157,-0.58999187,-1.3827629,1
0.9768619,-1.0014946,-0.46660417,1.2403332,0.62063277,0.9684507,-0.3573265,0.4445157,-0.7033657,-1.582763,1
1.0845187,-0.8457191,-0.2666042,1.0403332,0.80808634,1.1327543,-0.36490935,0.6445157,-0.8050989,-1.6795094,1
1.1440068,-0.9313292,-0.059318434,0.9866078,0.8847456,1.1214947,-0.14687012,0.75213516,-0.6458922,-1.6739122,1
1.2097584,-1.0183244,0.0100733945,0.8980079,0.7613755,1.1894948,-0.16309078,0.49698415,-0.76139873,-1.6867331,1
1.0097584,-0.8183244,-0.007041828,1.0980079,0.57034546,1.0067749,-0.28175902,0.29698414,-0.93392295,-1.8209802,1
1.1598513,-0.73306286,-0.19850057,1.1263353,0.73856574,0.7734924,-0.07838615,0.47648165,-0.9275374,-1.8899884,1
1.0554339,-0.52947533,-0.2963341,1.1323271,0.90273166,0.56963277,0.11493132,0.31059206,-0.82292134,-2.0759227,1
1.1264144,-0.58636177,-0.43518066,1.1986791,0.8058462,0.36963278,-0.08506868,0.51059204,-0.62292135,-1.9603701,1
0.92641443,-0.78636175,-0.63518065,1.1734941,0.85355496,0.56963277,-0.2850687,0.31059206,-0.652656,-1.9130036,1
0.9245577,-0.6083531,-0.8209322,1.1776417,0.90096515,0.36332673,-0.08361739,0.5018812,-0.4449336,-2.076955,1
0.9297545,-0.7078948,-0.89405566,1.046712,0.96414244,0.49331918,-0.18159841,0.6146547,-0.42403588,-1.993986,1
1.1268085,-0.75813955,-0.6958798,0.9487834,1.1151696,0.29331917,-0.13674705,0.41465473,-0.3631482,-1.793986,1
0.92680854,-0.55813956,-0.56439483,0.95727175,1.3129666,0.09331916,0.024113968,0.21465473,-0.2699839,-1.993986,1
1.1268085,-0.58425885,-0.55214006,1.0433837,1.3252599,0.29331917,-0.020437911,0.41465473,-0.069983885,-1.793986,1
1.0213735,-0.70277524,-0.75214005,1.2003835,1.52526,0.09331916,0.17956209,0.23423877,-0.2699839,-1.5939859,1
0.8213735,-0.9027752,-0.7770703,1.2093252,1.3252599,0.12636134,0.1475376,0.03423877,-0.3373662,-1.668342,1
0.9516518,-0.99006444,-0.92015123,1.0470369,1.1252599,0.071848884,0.25983945,-0.16576123,-0.40576583,-1.468342,1
0.7516518,-1.1619996,-0.72015125,1.168256,0.97557306,0.2718489,0.059839442,0.03423877,-0.56627107,-1.5441844,1
0.8030407,-1.1349739,-0.52015126,1.2429208,1.0061308,0.071848884,-0.01088205,-0.16576123,-0.76627105,-1.7441845,1
0.960654,-0.97958386,-0.42609215,1.3194271,0.8061308,0.2718489,0.14501335,0.03423877,-0.66355306,-1.9441845,1
0.9107576,-0.7625387,-0.5774099,1.3023009,0.8105439,0.43805626,0.24121402,0.21746318,-0.80170757,-1.9906235,1
0.90019643,-0.6541643,-0.37740993,1.3500426,0.9639675,0.23805626,0.33994567,0.017463177,-0.7682851,-1.9180789,1
1.0307341,-0.46423298,-0.17740993,1.3234813,1.007594,0.038056254,0.13994567,-0.18253683,-0.8004365,-1.7180789,1
1.2307341,-0.264233,-0.08716054,1.1817274,0.84771484,0.23805626,-0.039154395,-0.10519349,-1.0004365,-1.9180789,1
1.2494607,-0.06423299,-0.07912134,1.1721753,0.97360444,0.43805626,-0.2391544,-0.30519348,-0.9995519,-1.8051571,1
1.0756873,0.13576701,-0.27912134,1.2823141,1.0164313,0.6380563,-0.4391544,-0.10519348,-0.7995519,-1.8853531,1
1.0271277,0.055135526,-0.07912134,1.082314,0.9039188,0.4380563,-0.6391544,0.09480652,-0.5995519,-1.9368201,1
0.9381343,0.10525984,-0.24988368,1.1661708,0.8401442,0.6380563,-0.4391544,-0.10519348,-0.39955193,-2.13682,1
1.0463669,-0.0322688,-0.3127892,1.1232436,0.869157,0.57546747,-0.37689784,0.093042456,-0.22606713,-2.2926292,1
0.9665251,0.15342526,-0.11095126,1.0260334,0.98453164,0.47782013,-0.29343727,-0.07804482,-0.34731278,-2.3594062,1
0.9972484,0.07511185,-0.30587918,1.0526869,1.1652101,0.3166016,-0.48538858,0.11996591,-0.46041998,-2.208667,1
1.1509843,-0.12006221,-0.48633093,0.92726177,1.3124555,0.11209587,-0.27436057,0.30760175,-0.6284097,-2.0650892,1
0.9509843,0.07993779,-0.28633094,0.7697082,1.3339221,0.10255934,-0.4743606,0.10760175,-0.4284097,-1.8650892,1
0.7509843,-0.12006221,-0.48633093,0.94573617,1.252744,0.30255935,-0.3669528,0.30760175,-0.39750487,-1.7154357,1
0.9509843,-0.32006222,-0.28633094,0.9962539,1.3127943,0.235734,-0.5669528,0.50760174,-0.59750485,-1.9154358,1
0.7668611,-0.34179452,-0.0837668,1.0940399,1.2727606,0.42279217,-0.74417335,0.68658507,-0.38569847,-2.0294166,1
0.76745147,-0.1377646,0.059950043,1.0178045,1.4309037,0.21646023,-0.5287075,0.47275594,-0.33359578,-2.1549625,1
0.826031,-0.25283512,0.24552095,1.1502076,1.4550378,0.015546564,-0.49449173,0.63541317,-0.5039774,-1.9623575,1
0.90962994,-0.324065,0.42831182,1.0663093,1.5010257,-0.18445344,-0.60229516,0.43541318,-0.30397743,-1.7623575,1
0.70962995,-0.38442862,0.6283118,1.0228785,1.4398649,-0.13721675,-0.56917673,0.63541317,-0.24903214,-1.9623575,1
0.75200164,-0.54062074,0.75151044,1.0912703,1.5169432,0.05807712,-0.42198208,0.4027753,-0.41537338,-1.889249,1
0.8952557,-0.37474748,0.5943972,0.991722,1.5436174,0.24269392,-0.58490765,0.19068846,-0.20253563,-1.9647151,1
0.98931295,-0.3982568,0.35624763,0.9615315,1.5557393,0.39987266,-0.70898443,-0.008410848,-0.0022903583,-1.9308646,1
1.139604,-0.5732519,0.53299856,0.9442506,1.2990743,0.19151871,-0.48771077,-0.19970004,-0.16129096,-2.0418024,1
1.2308079,-0.71045214,0.6320531,0.95054436,1.2410562,0.35972145,-0.37437314,-0.36723834,-0.24100791,-1.9169295,1
1.1508366,-0.9104521,0.57493645,1.1139764,1.1457257,0.26781487,-0.3026967,-0.16723834,-0.041007906,-1.8722546,1
1.1039505,-0.71045214,0.37493646,1.148249,1.1079828,0.06781487,-0.19047636,0.032761663,0.1589921,-2.0722547,1
0.9039505,-0.8493527,0.21240287,1.1880006,1.3079828,-0.13218513,-0.25344613,-0.16723834,-0.041007906,-2.0252793,1
0.7794631,-0.8143537,0.37523133,1.1447928,1.357026,-0.30224395,-0.29512107,-0.33230698,-0.21928488,-2.024706,1
0.954176,-0.9881659,0.17070733,1.310074,1.2141302,-0.1714742,-0.16315076,-0.5185642,-0.018786991,-1.8889802,1
1.1156195,-1.0127311,0.23875345,1.2339848,0.9802521,0.027572867,-0.015605622,-0.30792227,-0.12720424,-2.0191958,1
0.9462173,-1.1062045,0.40021324,1.163103,1.063853,0.20758282,-0.19666678,-0.228934,0.06640136,-2.024261,1
1.0486873,-1.2666095,0.24254785,1.1979284,1.0431443,0.39522776,-0.17976682,-0.028056925,-0.11654033,-1.8737805,1
1.1289266,-1.125905,0.4001034,1.2239251,0.9493696,0.5381399,-0.24401498,0.15545213,-0.09991745,-1.8748856,1
1.2399182,-1.237099,0.5599098,1.1618075,0.94546604,0.31549206,-0.40799657,0.33164477,-0.27982968,-1.709005,1
1.0624379,-1.1061838,0.3523464,1.2724023,0.82021976,0.470149,-0.4132139,0.52047235,-0.46974614,-1.8298439,1
1.2624379,-1.0834891,0.2255386,1.3228278,0.62021977,0.44134256,-0.38372034,0.32047236,-0.26974612,-1.7066445,1
1.2677685,-0.8834891,0.025538594,1.2337326,0.7667522,0.24134256,-0.3835985,0.33798978,-0.4697461,-1.8754516,1
1.0677685,-0.69514495,0.15125592,1.0830598,0.5772112,0.041342556,-0.5835985,0.13798977,-0.26974612,-1.6754515,1
0.86776847,-0.67390925,0.077733085,1.1091942,0.3772112,-0.063077345,-0.57218194,-0.06201023,-0.37930253,-1.4754515,1
1.0677685,-0.85526454,-0.051989675,1.0188313,0.43025392,0.13692266,-0.7721819,0.13798977,-0.57930255,-1.6754515,1
1.2677685,-1.0552646,-0.22286296,0.98957074,0.38108578,0.33692265,-0.9721819,-0.06201023,-0.37930256,-1.5373474,1
1.4677685,-1.2104027,-0.42286295,0.8548415,0.5810858,0.53692263,-0.8983554,-0.26201022,-0.57930255,-1.3875822,1
1.2776107,-1.397996,-0.22090249,1.0208015,0.40387344,0.6228586,-1.0643027,-0.14511612,-0.37596595,-1.5736167,1
1.4711981,-1.1927967,-0.02081177,0.9085745,0.5948959,0.8192875,-0.8605517,-0.05091045,-0.38212937,-1.6348013,1
1.3517076,-1.2451056,0.16018724,0.9717607,0.7106057,0.55361867,-0.9480916,0.1332802,-0.48387775,-1.6402403,1
1.4081043,-1.0868407,0.25708613,1.1333197,0.8807322,0.48690286,-0.9954451,0.32234657,-0.66144234,-1.3929915,1
1.5389967,-0.84872913,0.15738438,1.1043364,1.0244149,0.27457333,-1.1440713,0.49989894,-0.8244222,-1.1417232,1
1.3389966,-1.0487292,0.2532622,1.1366984,1.224415,0.07457332,-1.0602992,0.36565948,-0.9252351,-1.030846,1
1.1389966,-0.95390874,0.1947449,1.2314969,1.424415,-0.12542668,-0.86029917,0.56565946,-1.1252351,-0.830846,1
1.1968939,-0.89812994,0.18111257,1.1876215,1.3528697,0.06665913,-0.9477735,0.6844028,-1.1845928,-0.84434575,1
1.2497151,-0.7611802,-0.01767011,1.1623021,1.4527853,0.2494726,-0.7048546,0.45318243,-1.295354,-0.97703624,1
1.0445645,-0.76164675,-0.19878182,1.1918075,1.5093651,0.04517962,-0.46104592,0.5965026,-1.3655949,-1.0748991,1
0.94921327,-0.66084343,-0.18681523,1.3510476,1.7093651,-0.025085822,-0.26104593,0.3965026,-1.1655948,-0.8870301,1
0.91843855,-0.8608434,0.013184771,1.3141207,1.5103284,0.17491418,-0.18669781,0.29049885,-1.3655949,-0.95198894,1
0.90070945,-0.66084343,-0.18681523,1.3876101,1.7103285,-0.025085822,-0.3690328,0.09049885,-1.1655948,-1.095825,1
0.70070946,-0.56606066,-0.27234963,1.4105884,1.7173941,-0.16868117,-0.1690328,0.098706216,-1.0016234,-1.0011019,1
0.5649053,-0.56637233,-0.36875907,1.3158795,1.5450509,-0.3686812,-0.36675385,0.05300494,-1.2016234,-1.0557113,1
0.76120985,-0.7626698,-0.4093806,1.3591207,1.4887114,-0.16786624,-0.56401575,0.2517826,-1.3948519,-1.1191653,1
0.8822167,-0.5268118,-0.22169167,1.4309907,1.3960339,-0.33763465,-0.33984455,0.41465464,-1.4637855,-1.1637326,1
0.84490657,-0.32623157,-0.23426576,1.2337999,1.5094095,-0.3808824,-0.53888613,0.6135634,-1.6083628,-0.96202165,1
1.0449066,-0.3412206,-0.034265757,1.3494581,1.4719198,-0.18088241,-0.48628068,0.41356343,-1.4083627,-0.76202166,1
0.8449066,-0.5412206,-0.17899776,1.5326695,1.2719197,0.019117594,-0.6595469,0.6135634,-1.2083627,-0.8688548,1
1.0449066,-0.34122062,-0.26847398,1.3326695,1.3444703,-0.07467892,-0.51864105,0.8135634,-1.1876179,-0.837549,1
0.8967141,-0.14122061,-0.46847397,1.4413972,1.3053617,0.09433294,-0.3404336,1.0135634,-1.175608,-0.915211,1
1.0967141,-0.34122062,-0.66847396,1.4419693,1.1642548,-0.10566706,-0.5404336,1.2135634,-0.97560805,-0.71521103,1
1.1366589,-0.41577634,-0.5751803,1.5532206,0.9121367,0.0439516,-0.4285843,1.3371602,-1.1120663,-0.86574376,1
0.9160683,-0.21103293,-0.60641885,1.4536923,0.71642655,-0.07167329,-0.49245,1.5033689,-1.2832232,-0.9836807,1
0.7160683,-0.048806205,-0.43389732,1.4396592,0.6792625,-0.10600795,-0.69245,1.3033688,-1.1374035,-0.9831566,1
0.6466489,-0.1339668,-0.23389731,1.3121595,0.6396276,0.093992054,-0.89245,1.1033688,-1.3374035,-0.9952524,1
0.44519824,0.065818734,-0.41566673,1.4711573,0.4447415,0.27850768,-0.8541803,1.2991357,-1.5324103,-1.1913704,1
0.6048615,0.03251755,-0.359968,1.4658669,0.5518339,0.085586414,-0.73504573,1.4054122,-1.6227335,-0.94559807,1
0.3835922,-0.13240707,-0.5305502,1.5691518,0.7123365,0.27058318,-0.81842667,1.2308153,-1.5439324,-0.97082955,1
0.18359219,-0.33240706,-0.73055017,1.4936789,0.69973963,0.07058318,-0.62115,1.4308153,-1.3439324,-1.0489281,1
-0.015160402,-0.30089086,-0.85980445,1.4197549,0.48036778,0.15383841,-0.7001742,1.5068315,-1.426554,-1.0507175,1
0.18057474,-0.48933363,-0.9156911,1.4098918,0.66466945,0.3456742,-0.48863354,1.6674494,-1.2769202,-0.8310886,1
0.13022664,-0.50746584,-0.9561757,1.4028388,0.51421344,0.49182883,-0.42331275,1.528338,-1.377411,-0.9616178,1
0.33022666,-0.4326608,-0.97234726,1.3375397,0.31421345,0.56356907,-0.58424073,1.3283379,-1.4063213,-1.0720148,1
0.5038805,-0.6120761,-1.134203,1.1920835,0.3987656,0.4263475,-0.66403234,1.0916255,-1.554057,-1.1293904,1
0.6188342,-0.6656098,-1.2448823,1.1349654,0.47669998,0.29905564,-0.4757427,1.2051553,-1.5299624,-0.99996793,1
0.60120666,-0.6986383,-1.2599276,1.1144626,0.52943736,0.48447227,-0.6559962,0.9757827,-1.6794097,-0.77659136,1
0.76540333,-0.60130996,-1.3946882,1.1863675,0.5835323,0.3733335,-0.77334714,0.7411155,-1.4904397,-0.92268324,1
0.9603566,-0.49784106,-1.3690326,1.2385219,0.38152733,0.57033634,-0.87637705,0.93619573,-1.2836938,-0.8114596,1
1.0773762,-0.64793646,-1.2577628,1.3271179,0.5399407,0.7152474,-0.6280074,1.0549432,-1.1065313,-0.73580194,1
0.87021345,-0.75899243,-1.4458618,1.4087696,0.550761,0.511041,-0.7987786,0.8479635,-0.8991304,-0.9281621,1
0.8196254,-0.55899245,-1.2458618,1.2485647,0.7092175,0.6879431,-0.9987786,0.6479635,-1.0991304,-0.7281621,1
0.6196254,-0.75899243,-1.2660555,1.2788644,0.7922775,0.4879431,-0.8416387,0.44796354,-0.8991304,-0.5386667,1
0.4196254,-0.8570285,-1.4660555,1.3548245,0.9922775,0.28794312,-0.824071,0.6479635,-0.92251545,-0.33866674,1
0.6196254,-1.0570285,-1.4270474,1.3154479,0.94228536,0.08794312,-0.6450788,0.8479635,-0.9571059,-0.5386667,1
0.76385266,-1.171492,-1.3743587,1.2864316,0.73477983,0.24686903,-0.5690684,0.9766531,-1.0714166,-0.68840295,1
0.7083086,-1.084278,-1.1743586,1.2736666,0.7915889,0.29974777,-0.68771374,1.1766531,-0.9073812,-0.88840294,1
0.5037234,-1.1197507,-1.0577246,1.1967356,0.98264426,0.143824,-0.8139555,0.96784323,-1.0973921,-1.0731611,1
0.6342246,-1.1813241,-0.8485171,1.1209673,0.96162784,0.3098684,-0.7208834,1.0525086,-1.1692634,-1.1001425,1
0.8227363,-0.9955684,-1.0340778,1.3027761,0.78799397,0.5028469,-0.51371026,1.2352601,-1.0553466,-0.88774645,1
0.62273633,-1.1955684,-1.1753776,1.3022809,0.98799396,0.3028469,-0.46270433,1.0352601,-0.8553466,-0.8839249,1
0.8056493,-1.3889987,-1.1199144,1.3024079,1.0231775,0.5004797,-0.3183089,0.83132803,-0.65226156,-0.9776975,1
0.97705185,-1.5438126,-1.1615144,1.3592137,1.0555391,0.36843172,-0.27445045,0.61337507,-0.43940067,-0.7555823,1
1.0839134,-1.6058272,-0.8946942,1.2898978,1.0712255,0.34851006,-0.4100659,0.74899584,-0.22045723,-0.8575567,1
0.8475738,-1.7315856,-0.66613376,1.4286448,1.0250436,0.5259596,-0.40908468,0.9099805,-0.15175208,-0.67281353,1
1.0475738,-1.5315856,-0.5324755,1.4259347,1.1468325,0.7259596,-0.27452093,0.7099805,-0.3517521,-0.47281355,1
1.2232953,-1.3056722,-0.71822107,1.4191462,1.3206224,0.6473036,-0.37415043,0.50005597,-0.52974653,-0.6597202,1
1.3261782,-1.4029342,-0.48286077,1.3239723,1.2858819,0.7894886,-0.53497386,0.27958196,-0.679953,-0.42835164,1
1.493581,-1.2990799,-0.2768192,1.0999657,1.1448767,0.9683544,-0.7192757,0.4693387,-0.8611583,-0.25955948,1
1.5371119,-1.2157174,-0.0697219,1.036976,1.116628,1.0604106,-0.51379323,0.60749876,-0.9631183,-0.38363278,1
1.7219381,-1.2529159,-0.25337067,0.84941447,0.9612774,0.8528949,-0.70103616,0.40393925,-1.1529585,-0.20979148,1
1.8004578,-1.1780344,-0.4247144,0.6478876,1.0878763,0.6116272,-0.6108861,0.5657659,-1.1714258,-0.3838897,1
1.8452735,-1.0998411,-0.5762525,0.7639891,0.8291046,0.7061434,-0.6304436,0.70636207,-1.0473901,-0.53859484,1
1.8063961,-1.1983467,-0.3471948,0.68722045,0.8448357,0.83616245,-0.39741433,0.6291702,-1.151055,-0.6453253,1
2.006396,-0.99834675,-0.23976907,0.48722047,0.6981089,0.63616246,-0.5974143,0.82917017,-0.951055,-0.549617,1
2.1457422,-0.90740603,-0.218352,0.48936442,0.8734199,0.81317633,-0.3864894,0.7684158,-0.7680096,-0.72901,1
2.155461,-0.7236181,-0.25119916,0.63344485,0.8664861,0.93098986,-0.22937693,0.8898602,-0.52193403,-0.79472643,1
2.0925198,-0.8785172,-0.09211696,0.5291771,0.7270065,0.75977445,-0.11787981,1.0366416,-0.6866815,-0.9461533,1
1.9291124,-0.8219267,-0.19741766,0.5077565,0.55802864,0.9488108,-0.2739892,1.1765994,-0.8765528,-0.9309852,1
1.8466631,-0.86072314,0.0024383334,0.5176764,0.40712404,0.8757374,-0.32289192,1.2998314,-1.0165173,-0.9062017,1
1.9162378,-0.9475123,0.19422562,0.3082978,0.19872123,0.6483234,-0.34330365,1.4389848,-0.783392,-1.0175618,1
1.8860903,-0.666218,0.09620119,0.45301878,0.22129282,0.7560655,-0.2902875,1.46074,-0.876445,-1.0851481,1
1.9307461,-0.51701087,-0.09606926,0.41163123,0.040716294,0.51465714,-0.2043958,1.5370702,-0.9962857,-1.0783187,1
1.730746,-0.66959447,0.10393074,0.3418982,-0.100584134,0.34513718,-0.004395798,1.6390781,-1.1857175,-1.0915713,1
1.4959582,-0.5241531,-0.09388599,0.529583,-0.2332454,0.53274834,0.19115889,1.7972832,-1.3542256,-0.87130946,1
1.562387,-0.5000115,-0.062308416,0.5534707,-0.35487363,0.6750381,0.13102922,1.8153995,-1.0633204,-0.98672026,1
1.362387,-0.30001152,-0.093712956,0.41043025,-0.38959005,0.72850525,-0.068970785,1.6153995,-0.8633204,-0.9111118,1
1.2266002,-0.20020175,-0.29371297,0.40609884,-0.5799984,0.8097567,-0.2689708,1.6804744,-0.9423283,-1.1111118,1
1.4266002,-0.31438002,-0.09371297,0.46449888,-0.63104475,0.6097567,-0.0705979,1.4804744,-1.1423283,-1.1726754,1
1.3625301,-0.40581107,0.09908563,0.50565785,-0.83104473,0.40975672,-0.13297515,1.2804743,-0.9423283,-1.3344404,1
1.1625301,-0.20581107,0.29908562,0.42864203,-0.63104475,0.53866285,-0.22547165,1.4804744,-0.7423283,-1.5344404,1
1.0548978,-0.039555922,0.16103537,0.5088036,-0.6707007,0.73866284,-0.3770107,1.2804743,-0.626109,-1.576955,1
0.8907562,0.0012354404,0.2212784,0.49899176,-0.8707007,0.9386628,-0.49768925,1.4804744,-0.826109,-1.3769549,1
0.9431818,-0.17458226,0.19514787,0.56081486,-0.93216,1.09164,-0.46332613,1.6110767,-0.7555512,-1.5118322,1
1.0931139,-0.026123036,0.22830918,0.60517937,-0.8632818,1.2040155,-0.39069554,1.4945525,-0.64127153,-1.5471212,1
0.8931139,0.057792936,0.29544562,0.4514233,-0.6748054,1.3282952,-0.45190096,1.563732,-0.8412715,-1.3899922,1
0.69298476,-0.10531062,0.09542783,0.55403775,-0.7762462,1.1280849,-0.35518965,1.7634034,-0.9717234,-1.462014,1
0.8235282,0.05834123,-0.099359825,0.7074567,-0.5827854,0.9765862,-0.483939,1.9321632,-1.0024066,-1.2419337,1
0.9844145,-0.13624534,-0.13287061,0.69493127,-0.55772525,1.1316235,-0.33914992,2.0506835,-0.771743,-1.0021166,1
0.9351186,-0.2849235,-0.06689638,0.56458384,-0.37624314,1.1908524,-0.13028683,2.1073272,-0.9098482,-0.9358559,1
0.816879,-0.46336743,0.0044772737,0.7012891,-0.24408676,0.94680655,0.031960025,2.1781995,-0.9482359,-1.0126332,1
0.7677563,-0.6092764,-0.17957978,0.60027164,-0.16949807,0.6859119,-0.15433797,2.1842809,-1.0546086,-1.113755,1
0.52847934,-0.75329125,0.019007567,0.73649865,-0.34393647,0.667894,-0.25073537,2.0858479,-1.0663271,-1.2228705,1
0.6645507,-0.869634,0.16230251,0.48941755,-0.24715792,0.5321393,-0.25584763,2.0852504,-1.1395032,-1.2164639,1
0.46455073,-0.8695716,0.16642317,0.5843848,-0.119420394,0.56501657,-0.429119,1.9526218,-1.1014749,-1.416464,1
0.31013602,-0.9315303,-0.03357683,0.5672728,-0.3194204,0.76501656,-0.22911899,1.7526218,-0.9943398,-1.4222293,1
0.50824296,-1.0009815,-0.061212525,0.45548773,-0.11897725,0.96143556,-0.42021254,1.6893173,-0.9733913,-1.6162095,1
0.43660536,-0.80098146,-0.18324547,0.25548774,-0.058714997,0.8100673,-0.4130369,1.8893174,-1.1733913,-1.4664514,1
0.63330907,-0.6319603,-0.38126102,0.45312923,-0.14972107,1.0048373,-0.4888973,1.6805701,-1.0025133,-1.6578226,1
0.40998465,-0.787177,-0.5456099,0.4666382,-0.3114205,0.929229,-0.44897103,1.7793417,-0.79030424,-1.6565511,1
0.4866273,-0.93526864,-0.510793,0.4304731,-0.1114205,0.72922903,-0.648971,1.6199572,-0.6349077,-1.8565512,1
0.3329896,-0.9648252,-0.71079296,0.47722858,0.088579506,0.52922904,-0.44897103,1.7296003,-0.43490773,-1.8458692,1
0.26368186,-0.93694836,-0.5163223,0.53763735,0.115684986,0.30418614,-0.5996069,1.7828248,-0.52915794,-1.8902495,1
0.06063896,-0.99328846,-0.30120757,0.55181175,0.30060068,0.48009473,-0.76139945,1.8880799,-0.5942268,-1.6721087,1
0.25195172,-0.76768655,-0.09783427,0.5348638,0.4839154,0.6574268,-0.79748565,1.8245219,-0.38108698,-1.8097103,1
0.40658733,-0.8705555,-0.115192816,0.48603278,0.5121334,0.41151282,-0.88496786,1.8213116,-0.16291046,-1.8079867,1
0.60658735,-0.67055553,-0.31519282,0.38139522,0.57096356,0.44323698,-0.8267778,1.6213115,0.03708954,-1.9058233,1
0.66749763,-0.83801603,-0.495936,0.5596639,0.6871353,0.2341453,-0.98839915,1.368186,-0.15682122,-1.9729577,1
0.81036735,-0.80716705,-0.4586361,0.5062197,0.87679654,0.42908573,-1.1745495,1.3355398,-0.19626442,-1.7522955,1
0.6880214,-0.73058194,-0.24178788,0.52147454,0.90226674,0.25555837,-1.2850077,1.4355108,-0.052798618,-1.7516738,1
0.78514385,-0.8227737,-0.17538834,0.47023356,0.893818,0.049121913,-1.2536039,1.4460363,-0.11509287,-1.7255718,1
0.98514384,-0.6334821,0.024611667,0.54178447,0.83649397,0.24912192,-1.1777594,1.2460363,0.042650983,-1.8402084,1
0.93780863,-0.61868256,-0.16600212,0.54485726,0.8790952,0.42508638,-0.9254329,1.3686491,0.036559977,-1.931023,1
0.71649176,-0.79502904,-0.35163942,0.69758636,0.6594747,0.43040353,-1.0929167,1.1923456,-0.15871789,-1.9956928,1
0.5164918,-0.871392,-0.18341732,0.5480412,0.71294266,0.23040353,-0.89291674,1.3923457,-0.3587179,-1.841619,1
0.69012827,-0.9233852,-0.36930937,0.4316741,0.5932283,0.20456798,-0.6674207,1.533755,-0.5381597,-1.9664972,1
0.49012828,-0.87253475,-0.56930935,0.38552156,0.6388401,0.404568,-0.77057266,1.3337549,-0.51113886,-1.9387848,1
0.2901283,-0.88628376,-0.5202892,0.39712575,0.83884007,0.20456798,-0.97057265,1.533755,-0.71113884,-1.7481142,1
0.08882228,-0.6763392,-0.49217632,0.1942693,0.9428326,0.0045017884,-1.0958426,1.4916999,-0.5037322,-1.9198852,1
0.17454433,-0.85024166,-0.28347525,0.08325863,0.95013106,-0.07244099,-0.89175445,1.4625425,-0.29468703,-2.0567546,1
0.37454432,-0.6502417,-0.08347525,0.2084802,0.7501311,-0.272441,-0.88201296,1.2625425,-0.49468702,-1.8890891,1
0.5630093,-0.45024168,-0.17214672,0.33475262,0.95013106,-0.47244102,-0.682013,1.4625425,-0.29468703,-2.0890892,1
0.7349311,-0.6263132,-0.21645439,0.27491874,0.89064515,-0.64769566,-0.4685146,1.2160817,-0.4155518,-2.2048523,1
0.894045,-0.70239705,-0.20493409,0.20278265,1.0429494,-0.4281172,-0.27936321,0.9716467,-0.20612536,-2.299684,1
0.694045,-0.90239704,-0.20088571,0.0095382035,1.094195,-0.22811718,-0.4793632,1.1716467,-0.40612537,-2.099684,1
0.71605444,-1.0487663,-0.07649126,0.19934432,0.8846711,-0.4072896,-0.5817294,1.3049171,-0.57663774,-2.0048718,1
0.8393692,-0.99270535,-0.0050858557,0.21052761,1.0846711,-0.20728959,-0.6108841,1.104917,-0.37663776,-1.8048718,1
0.704611,-1.0000128,0.19491415,0.31036982,0.88467115,-0.0072895885,-0.5478659,0.90491706,-0.44533703,-1.8032272,1
0.882455,-1.2000128,0.39491415,0.26285762,0.69483113,0.19271041,-0.7478659,0.7049171,-0.24533702,-1.8939699,1
1.0039454,-1.207914,0.46491653,0.14112692,0.8948311,0.39271042,-0.8141565,0.5049171,-0.04533702,-1.8028426,1
1.2039454,-1.2841183,0.26491654,0.32469106,0.9789925,0.19271041,-0.8094321,0.7049171,-0.13928607,-1.7357593,1
1.035653,-1.4669735,0.06416661,0.36607805,0.84967595,0.09803667,-0.99777097,0.4990842,-0.0011808403,-1.9133971,1
1.0498877,-1.4213833,-0.04390032,0.38889733,1.0240607,0.29076368,-0.92799836,0.29178563,0.19396739,-1.8992236,1
0.84455156,-1.4876872,-0.2237888,0.32252333,1.0602846,0.08327948,-1.0349859,0.08421716,-0.0055351784,-1.9261258,1
0.89133805,-1.2876872,-0.023788795,0.2922835,1.1914192,0.28327948,-0.9028375,0.28421718,-0.20553519,-1.9956533,1
0.7757322,-1.2281741,-0.21972987,0.43527386,1.16225,0.32238013,-0.69008994,0.0826897,-0.25819403,-2.15583,1
0.86204135,-1.3642437,-0.40094122,0.5273769,1.1852841,0.49899647,-0.78686196,0.27003545,-0.055589046,-1.8994174,1
0.66204137,-1.2568595,-0.5265019,0.7273769,1.3852842,0.6989965,-0.58686197,0.47003543,0.0693685,-1.7003928,1
0.8493437,-1.0412922,-0.4819027,0.91371685,1.5416589,0.4916464,-0.49187878,0.66016597,0.04744168,-1.6818961,1
0.6367174,-1.1165301,-0.2984158,1.0920608,1.442852,0.67819744,-0.41370043,0.8434402,-0.14959186,-1.6185215,1
0.7047884,-1.1616293,-0.40406835,1.1344492,1.4585822,0.45927632,-0.23543878,0.6179808,-0.20175974,-1.6991796,1
0.8860021,-0.94166285,-0.49065456,1.1742243,1.4440738,0.6455876,-0.25467265,0.48172873,-0.12974797,-1.7008346,1
0.853871,-0.77993745,-0.32625985,1.1786554,1.2746397,0.80646193,-0.054672644,0.28172874,0.07025203,-1.5008346,1
0.9246808,-0.5669468,-0.5144716,1.3477734,1.3149931,0.9839172,-0.21438941,0.47093797,-0.11236318,-1.6627358,1
0.84358543,-0.6115217,-0.5704306,1.1013229,1.3622515,1.0645546,-0.37261066,0.60329396,-0.2808707,-1.6749347,1
0.70498747,-0.41152173,-0.49306536,1.0081407,1.2556095,0.88301086,-0.5726107,0.80329394,-0.48087072,-1.7282516,1
0.66376,-0.5126522,-0.67878103,0.82655334,1.425609,1.0606897,-0.54599464,0.5908599,-0.30712357,-1.8038027,1
0.5688441,-0.53996974,-0.83070225,0.82528764,1.2156764,0.8136007,-0.7051807,0.7475913,-0.4793785,-1.8941733,1
0.64102876,-0.73996973,-0.63070226,0.65634954,1.3620975,0.63605094,-0.9051807,0.5475913,-0.43254936,-1.7673242,1
0.6799503,-0.5211057,-0.41565552,0.5748913,1.5075251,0.42081735,-1.0665709,0.72147393,-0.22442517,-1.8985951,1
0.81576765,-0.55964226,-0.45759895,0.5113768,1.4347254,0.5755356,-0.80336416,0.8542626,-0.022643618,-1.9455259,1
0.98106265,-0.5871731,-0.4489435,0.60278547,1.3346335,0.4316336,-0.61549157,0.63766557,0.046312194,-2.0910993,1
1.1792147,-0.38656732,-0.6479281,0.56642336,1.3519313,0.487951,-0.8142156,0.6042,0.2459268,-1.8881402,1
1.1113238,-0.5421048,-0.7836541,0.6502277,1.432651,0.26612395,-0.9274637,0.74324065,0.12695566,-1.6976887,1
0.903814,-0.5813393,-0.5788444,0.7518988,1.6191971,0.4622828,-1.1181728,0.53876406,-0.07244242,-1.6010696,1
0.88487375,-0.7813393,-0.7788444,0.6858104,1.4472806,0.6622828,-0.94065404,0.33876407,-0.27244243,-1.6120448,1
0.9813234,-0.7543742,-0.83197236,0.48903605,1.490049,0.7799786,-0.882938,0.48733947,-0.06552786,-1.6390866,1
0.7357925,-0.8533514,-0.7607631,0.49416244,1.5111533,0.8016373,-0.96830654,0.5564553,-0.17284885,-1.644415,1
0.73607814,-1.0148981,-0.5446632,0.4485709,1.6486865,0.96507186,-0.740259,0.72884035,-0.27268335,-1.4584987,1
0.9194897,-1.1802372,-0.7314668,0.4953894,1.4230139,0.75151384,-0.63906074,0.91238016,-0.11357248,-1.46207,1
0.9864669,-1.2777311,-0.8921078,0.45597652,1.5544336,0.5282097,-0.5124833,0.93880695,-0.30032247,-1.2087413,1
1.0983285,-1.27074,-1.0109789,0.53688604,1.364961,0.30382815,-0.65955544,1.054209,-0.43487465,-1.0851964,1
1.1983151,-1.2213776,-1.1131133,0.46986318,1.3442305,0.095830016,-0.7933418,1.1575943,-0.21678169,-0.88313925,1
1.2218719,-1.1538031,-1.147421,0.58533794,1.2988857,0.14532954,-0.6104367,1.1862893,-0.36419103,-0.94646573,1
0.95088875,-0.8875484,-1.2538241,0.6760429,1.3947675,0.21278262,-0.75414073,1.2899926,-0.1527857,-1.0159501,1
0.9332928,-1.0016133,-1.4215544,0.49166143,1.5593694,0.16202033,-0.7861292,1.0657986,-0.12177688,-0.7978389,1
1.0160463,-1.1228958,-1.5153267,0.60174286,1.5307401,-0.035491638,-0.8187063,0.80908036,-0.25886425,-0.55867463,1
0.9131513,-1.157311,-1.5529392,0.72584295,1.5668933,0.14893459,-0.72670096,0.55141956,-0.32719767,-0.6868519,1
1.040966,-1.2692926,-1.31826,0.71841806,1.6523145,-0.04775394,-0.7305972,0.32863083,-0.49301013,-0.6588615,1
1.1153834,-1.320604,-1.3646159,0.72915024,1.4759623,0.06643229,-0.67550766,0.115613714,-0.62287927,-0.7599711,1
1.3065529,-1.3751147,-1.5541123,0.56713635,1.2673963,0.23567012,-0.47231546,0.108764805,-0.42004037,-0.7693439,1
1.0433003,-1.4586043,-1.6538441,0.68416893,1.2439977,0.03363115,-0.2567494,0.07267278,-0.5845977,-0.7868247,1
1.2433003,-1.2586043,-1.4538441,0.71643865,1.2148224,0.23363115,-0.30744025,0.24058196,-0.5263433,-0.9868247,1
1.0433003,-1.2963647,-1.253844,0.51643866,1.4148225,0.033631146,-0.31778407,0.44058198,-0.7263433,-1.1868247,1
1.1942338,-1.0530969,-1.0423506,0.5364511,1.551094,-0.15980315,-0.49734986,0.6153016,-0.5715468,-1.3063192,1
0.9712453,-1.0544323,-1.2136253,0.4961181,1.6214764,0.039267424,-0.2904746,0.543582,-0.36295596,-1.4434389,1
0.812951,-1.0173832,-1.0136253,0.40646935,1.6678314,0.18185389,-0.09047459,0.743582,-0.27149072,-1.5847492,1
0.8411635,-1.1484752,-0.7675713,0.40723115,1.7621058,-0.017118981,0.103325896,0.5128134,-0.0674441,-1.6837263,1
0.67082894,-1.2044333,-0.6491183,0.5987354,1.833113,-0.21408127,0.01511668,0.30843684,0.09466608,-1.6760166,1
0.84733444,-1.3267004,-0.6215363,0.62133944,1.7932311,-0.02745133,-0.17989528,0.4947195,-0.10249207,-1.4984903,1
0.9924239,-1.0676289,-0.5905275,0.5421298,1.8887284,0.16350214,-0.1789768,0.27926773,0.0923957,-1.5874661,1
1.1386591,-0.8285087,-0.37291914,0.32670367,1.9686482,0.34711233,-0.36188927,0.07569365,-0.10053746,-1.6212219,1
1.200797,-0.7858624,-0.34823883,0.26324958,1.7463828,0.5402248,-0.31227952,0.27222297,0.052467164,-1.7982948,1
1.0813775,-0.57086754,-0.5033198,0.28659394,1.6021824,0.7154958,-0.3026743,0.45644727,0.2440329,-1.9315372,1
1.2121267,-0.4935811,-0.66530955,0.46029648,1.5777751,0.7111134,-0.3722369,0.62097025,0.07105018,-1.7630506,1
1.3113122,-0.6440649,-0.43209016,0.33650225,1.6508561,0.84606713,-0.43144068,0.39091632,0.117941804,-1.6648368,1
1.3318769,-0.6386834,-0.5056993,0.24842112,1.6244873,0.9218695,-0.45195857,0.16824917,0.28019318,-1.6434282,1
1.4789754,-0.42677248,-0.29739907,0.39304227,1.677853,1.0914091,-0.6342569,-0.030888744,0.07801581,-1.4042369,1
1.5420712,-0.57566524,-0.24082762,0.35120603,1.5324374,1.1861072,-0.5729899,0.15532187,-0.112037554,-1.410345,1
1.5330282,-0.525091,-0.31192243,0.43077937,1.5575693,0.9861072,-0.3729899,0.35532188,-0.09830506,-1.2103449,1
1.7330283,-0.4704353,-0.24458362,0.517416,1.5724505,1.1861072,-0.40490192,0.5553219,0.034255683,-1.0103449,1
1.5001678,-0.6511668,-0.43180618,0.48367122,1.707356,1.0573028,-0.58751684,0.34510982,-0.16098078,-1.1755593,1
1.6012169,-0.64635855,-0.21831489,0.5889278,1.7658687,0.9297421,-0.50408274,0.51338404,0.004904428,-1.0599183,1
1.6470726,-0.77392894,-0.38251635,0.5099298,1.7871418,0.6672923,-0.4874901,0.6523341,-0.09498806,-0.9851266,1
1.7516071,-0.61353153,-0.5524091,0.445338,1.7263851,0.4431404,-0.53431934,0.80828136,0.099584416,-0.96252704,1
1.6920707,-0.6916274,-0.3306033,0.49591836,1.7262721,0.6033451,-0.65982676,0.57064307,-0.09420223,-1.090594,1
1.6085676,-0.857911,-0.43347976,0.33379716,1.6166633,0.80237186,-0.75081146,0.77064306,-0.20647287,-0.89059407,1
1.4874972,-0.657911,-0.23347975,0.44547176,1.4750484,0.85155064,-0.95081145,0.57064307,-0.0064728707,-0.7262957,1
1.2874972,-0.457911,-0.40036803,0.3551185,1.2750484,0.7841368,-1.1508114,0.77064306,-0.20647287,-0.79496384,1
1.3468143,-0.34770066,-0.38854152,0.32512912,1.1365079,0.5841368,-1.0880357,0.9635632,-0.40647286,-0.9949638,1
1.453305,-0.16495189,-0.55296254,0.49338362,1.2557123,0.7367335,-1.1880994,1.0932226,-0.56980985,-1.1227249,1
1.3547007,-0.3649519,-0.35296255,0.41860446,1.252606,0.9367335,-0.9880994,1.0889592,-0.36980987,-1.3227249,1
1.4640248,-0.1649519,-0.15296255,0.44970846,1.0555557,1.1367335,-0.83952457,1.2889593,-0.16980986,-1.1227249,1
1.4084718,-0.31068966,0.01792401,0.51758385,0.8555557,0.93673354,-0.6395246,1.0889592,0.0172908,-1.2336156,1
1.6084719,-0.2338897,0.16758078,0.4014508,1.0555557,0.73673356,-0.78179044,1.2889593,0.2172908,-1.4336157,1
1.7105671,-0.032055017,-0.030664148,0.3754238,0.85694265,0.88602185,-0.9286395,1.0300065,0.3175013,-1.5451771,1
1.6896647,0.066574275,-0.16594106,0.36691457,1.0569427,0.68602186,-1.0509176,0.85980797,0.1175013,-1.4428993,1
1.7008196,-0.0043903477,-0.35487235,0.48568907,0.83102256,0.8592222,-1.1287113,0.6398506,0.30789778,-1.5932063,1
1.7983657,0.08320775,-0.40035823,0.4094921,0.68096375,1.0021303,-0.94927466,0.41614273,0.102082096,-1.6965528,1
1.8473147,0.111163445,-0.5549788,0.45915028,0.8143741,0.7414994,-0.80722994,0.1998051,0.27924854,-1.7531976,1
1.6473147,-0.07810954,-0.6102282,0.6456271,0.6826626,0.57567084,-0.9411069,0.3998051,0.07924853,-1.906855,1
1.4473146,0.10144178,-0.46555865,0.5913186,0.65085596,0.37567085,-0.92597246,0.1998051,-0.07529694,-1.8305742,1
1.3734885,-0.098558225,-0.5304667,0.7331358,0.45085597,0.57567084,-0.8837429,0.018431157,0.124703065,-1.6305741,1
1.5734886,0.07145954,-0.73046666,0.92588603,0.4672152,0.5495334,-1.0532418,-0.18156885,-0.07529694,-1.578345,1
1.7245748,-0.12854046,-0.5304667,1.0460538,0.64375484,0.7495334,-0.9403126,-0.38156885,0.006764859,-1.3783449,1
1.8453858,0.06851925,-0.5208841,1.0421537,0.62261015,0.91046363,-0.8129205,-0.17409797,-0.18528424,-1.5134019,1
1.9784262,-0.01499627,-0.48705876,0.9304853,0.47571677,0.83727026,-0.5928554,0.02505408,-0.34137613,-1.6082926,1
1.9996634,-0.19735356,-0.470736,0.7965481,0.4867094,0.7380343,-0.7141,0.20658602,-0.12977472,-1.659903,1
1.9422989,0.0026464462,-0.670736,0.89023656,0.28670937,0.5380343,-0.67695,0.11203249,0.07022528,-1.459903,1
2.1290858,-0.19735356,-0.6327556,1.0278938,0.22163472,0.7380343,-0.5462708,-0.087967515,0.036813397,-1.259903,1
1.9290857,0.0026464462,-0.44967052,1.0676228,0.18298149,0.9380343,-0.7462708,0.11203249,0.2368134,-1.459903,1
1.9334084,0.20141913,-0.48272532,0.86236805,0.09394366,1.1311419,-0.94053966,0.30074987,0.1443295,-1.4001633,1
1.980636,0.19650216,-0.56383103,0.76646966,0.041800812,1.2358196,-0.68751,0.46489143,-0.051683962,-1.3829765,1
2.1379242,0.22748514,-0.74887,0.94753957,0.2370647,1.0155312,-0.59825325,0.25970307,-0.24675427,-1.1598058,1
2.1941288,0.25228322,-0.7212831,0.9004663,0.36950338,0.919747,-0.7832267,0.058579203,-0.04587416,-1.0906951,1
2.0686562,0.049962007,-0.5575742,0.99569774,0.4947656,1.0700339,-0.78271353,-0.13514218,-0.23495816,-1.157579,1
1.8230313,-0.097640395,-0.7390774,0.97839904,0.63290095,1.239025,-0.5684861,-0.3269594,-0.20874731,-1.3244325,1
1.8939672,-0.2786517,-0.7749109,0.72873926,0.70889944,1.0559334,-0.5530577,-0.4933408,-0.008189254,-1.4271778,1
2.0610824,-0.4711347,-0.78109294,0.68264174,0.73740894,0.889033,-0.43980917,-0.68245214,-0.00072997005,-1.2085285,1
1.9460248,-0.6627161,-0.96878624,0.8556449,0.7995537,0.89846313,-0.63178355,-0.47640035,0.19677043,-0.9958776,1
2.1163068,-0.64212316,-0.75814015,0.87134916,0.7519519,0.68879086,-0.82026505,-0.6670336,0.035581883,-0.7848564,1
1.9026796,-0.43897915,-0.9513266,0.8731616,0.7709786,0.8824705,-0.7880824,-0.860868,0.23390663,-0.8541857,1
1.6250608,-0.5040646,-1.098842,0.9803185,0.7998034,0.9768213,-0.561274,-1.0125071,0.41412646,-0.9116215,1
1.4250607,-0.30406463,-1.2988421,0.9237114,0.70176464,1.1768214,-0.761274,-0.9890783,0.44941625,-0.7116215,1
1.5225986,-0.33785915,-1.2077576,0.8312612,0.8449072,1.162812,-0.71457434,-1.1141055,0.6084697,-0.47936314,1
1.7225987,-0.25244933,-1.2174721,0.7343788,0.8290757,0.962812,-0.51457435,-0.9141055,0.40846974,-0.3997141,1
1.8445204,-0.434075,-1.3599075,0.89643294,0.90188974,0.88282794,-0.6855549,-0.6851051,0.20000361,-0.42922786,1
1.6445204,-0.25679916,-1.369152,0.930804,1.1018897,0.80815,-0.8855549,-0.4851051,3.606081e-06,-0.42500922,1
1.4816217,-0.35068217,-1.4806749,1.0291755,0.9296791,0.9791073,-0.7749387,-0.46420515,-0.12524442,-0.44255835,1
1.2442918,-0.43074474,-1.6317217,0.83615303,1.0967748,1.1447634,-0.9267179,-0.6448588,0.07257817,-0.33348933,1
1.3125668,-0.57321835,-1.6646615,0.9139786,0.9857451,0.8585972,-1.0239568,-0.63946444,-0.115800455,-0.40303653,1
1.3571743,-0.5045397,-1.5695915,0.9503849,1.0639284,0.94984293,-1.0247948,-0.39431638,-0.25802785,-0.47984725,1
1.4585232,-0.63907415,-1.3628035,1.1279416,0.9687868,0.74612653,-1.090696,-0.1933533,-0.45228043,-0.6387453,1
1.2735074,-0.78049153,-1.4536915,1.1500251,0.91896635,0.54712546,-1.200582,0.006182647,-0.43058315,-0.7500346,1
1.2036593,-0.5401947,-1.5388947,1.2563084,0.88886017,0.5490637,-1.1379602,0.19186975,-0.32859147,-0.8840845,1
1.2467275,-0.44441876,-1.2888627,1.2934903,0.96712345,0.6653169,-1.1883737,0.34805793,-0.4694939,-0.8843653,1
1.1594403,-0.4393462,-1.132567,1.2243831,0.894965,0.4653169,-1.1185235,0.45601496,-0.6694939,-0.7440611,1
1.0898985,-0.6393462,-1.1300905,1.2274575,1.0651412,0.6653169,-1.1667637,0.656015,-0.8694939,-0.54996717,1
1.2031975,-0.62815034,-0.9300905,1.1874816,0.9789318,0.86531687,-1.3234687,0.71754754,-0.6694939,-0.45249045,1
1.3688173,-0.46506447,-0.86612517,1.2829543,1.1500465,0.6490157,-1.3785136,0.50486696,-0.4579907,-0.6365036,1
1.4295393,-0.24153233,-0.9378901,1.3351959,1.0137746,0.5131589,-1.3701807,0.6422896,-0.2714438,-0.76223963,1
1.4594793,-0.18861735,-1.0191389,1.2075843,1.0871042,0.2804774,-1.345514,0.75438756,-0.42224357,-0.72053915,1
1.4741184,-0.35801876,-1.1085371,1.1752535,1.1857615,0.1488839,-1.2501603,0.7306167,-0.20658505,-0.72190493,1
1.5257462,-0.15354331,-1.2714765,1.1069385,1.3465136,0.33900273,-1.0204175,0.51558846,-0.39506966,-0.64449567,1
1.5267577,-0.31277773,-1.3018068,0.9757408,1.3681917,0.12297491,-1.0298035,0.63307697,-0.26490775,-0.7112531,1
1.3249811,-0.11262671,-1.4997958,0.8058825,1.454558,-0.07692195,-0.8286924,0.8319614,-0.064820826,-0.91003287,1
1.0292217,-0.28601566,-1.5551077,0.88325214,1.5137205,-0.2533501,-0.70176,0.87920624,0.089800015,-1.0155458,1
0.80240965,-0.1672615,-1.5438249,0.8105268,1.6583092,-0.051625084,-0.8726025,1.0443112,-0.106636785,-0.81961495,1
1.0024097,0.0072045624,-1.5284854,0.6566924,1.4583092,-0.21103962,-0.9069525,0.8443112,-0.20924787,-1.0196149,1
1.2024097,0.20720457,-1.3284854,0.8566924,1.4562824,-0.41103962,-0.93197733,0.6443112,-0.40924788,-0.84287,1
1.3597395,0.3462724,-1.1870291,0.91150147,1.6562824,-0.61103964,-0.73197734,0.51493734,-0.20924787,-0.78166854,1
1.3963457,0.48904645,-1.241728,0.74918413,1.6618236,-0.62637085,-0.7956727,0.37176576,-0.24765268,-0.8492656,1
1.510935,0.27358133,-1.2913283,0.6634789,1.5125592,-0.6475535,-0.7390069,0.54117405,-0.04510307,-0.99312574,1
1.6692858,0.07341726,-1.088895,0.74429995,1.7087407,-0.5243466,-0.5378051,0.34041336,-0.24455658,-0.8993128,1
1.695177,0.16644356,-0.8061016,0.856346,1.730957,-0.29413635,-0.6690845,0.49007824,-0.040406488,-0.9712527,1
1.8110639,-0.03206712,-0.6825874,0.82558024,1.8435707,-0.12878272,-0.6041713,0.27720374,0.1340116,-0.8344764,1
1.9178132,0.16014603,-0.7096338,0.8999201,1.8242481,-0.18303536,-0.38543034,0.07362389,0.31852388,-0.60505646,1
2.0416028,0.07387865,-0.75715226,0.90345734,1.733662,0.016354166,-0.17875756,-0.12182844,0.4326535,-0.44390112,1
1.9821368,0.24906729,-0.63279164,1.0019766,1.7584866,0.19675408,-0.25246474,0.071089804,0.24909166,-0.5855684,1
1.781883,0.44900334,-0.832673,0.84345466,1.8347532,0.1745047,-0.05245727,0.2710512,0.35860223,-0.78545654,1
1.611231,0.38006398,-0.97550416,0.72516125,1.871531,0.35377207,-0.18568923,0.4449738,0.2492894,-0.92715025,1
1.3377887,0.4033921,-1.0530304,0.76173145,1.9460194,0.5202197,-0.25744513,0.23013112,0.42206746,-1.001743,1
1.4813918,0.48165473,-1.1631166,0.78791636,1.879444,0.45367667,-0.10837237,0.2719409,0.21392334,-0.8545425,1
1.6335077,0.46633446,-1.0289443,0.67797434,2.0056782,0.24645223,-0.14597356,0.069892086,0.12336883,-0.6862308,1
1.622747,0.516119,-0.9572591,0.59873956,1.9480859,0.10868032,0.05402644,0.2698921,0.32336885,-0.88623077,1
1.3811136,0.4691713,-1.1233947,0.3945603,2.0852275,0.29964754,-0.14170201,0.45614186,0.119758755,-0.8799206,1
1.4228961,0.26548845,-0.9107607,0.3468891,2.2539606,0.37981474,-0.33702677,0.2601651,0.31538376,-0.6706178,1
1.443537,0.12386106,-0.98800164,0.4132895,2.1088,0.5157348,-0.47767565,0.05351577,0.4584246,-0.77439886,1
1.243537,0.32386106,-0.78800166,0.46629623,1.9304891,0.3157348,-0.27767563,0.25351578,0.25842458,-0.5743989,1
1.443537,0.23510858,-0.72704345,0.50728077,1.8090255,0.5157348,-0.077675626,0.053515777,0.058424577,-0.77439886,1
1.6100603,0.4351086,-0.92704344,0.37621665,1.6090255,0.7157348,-0.045320146,0.25351578,0.08757436,-0.7979837,1
1.5201085,0.37230992,-1.1270435,0.57621664,1.5857099,0.8471898,0.08383202,0.45351577,-0.11242564,-0.5979837,1
1.6957653,0.5642105,-1.308263,0.66820264,1.4660773,0.63803065,0.21474098,0.6442671,-0.10704548,-0.78669053,1
1.7482643,0.5371963,-1.2047361,0.7386861,1.2131779,0.7728272,0.27306873,0.77857846,-0.28315565,-0.9099206,1
1.5745641,0.41156515,-1.1711823,0.8929906,1.3129287,0.93670785,0.09770978,0.9422456,-0.46521696,-0.6835625,1
1.374564,0.28670585,-1.0531427,1.0929906,1.1129286,0.9046876,0.2581446,1.1422457,-0.665217,-0.5916168,1
1.2243364,0.21829939,-0.80982375,1.221559,1.2462637,1.0485963,0.42198488,1.2256472,-0.82128495,-0.54571563,1
1.3420264,0.39412653,-0.57458305,1.2153666,1.1369134,1.1764419,0.45416027,0.96637666,-0.96226656,-0.70262194,1
1.2785612,0.36914477,-0.6112297,1.1844205,0.98995966,1.0312243,0.38990813,1.1210139,-1.1170636,-0.86751705,1
1.1881559,0.28533623,-0.73422563,1.1994869,1.0770055,1.1143532,0.46411037,1.1504081,-0.8300135,-0.9484343,1
1.2296277,0.07803834,-0.6585087,1.1650832,0.9842824,1.1993394,0.59021735,1.0521657,-0.93988115,-0.97203934,1
1.0742283,0.25424206,-0.7850321,1.164083,1.082924,0.92990464,0.47594523,1.1449976,-1.0423229,-1.0717288,1
1.1569699,0.2992875,-0.53119564,1.1337843,1.1287142,0.94458556,0.61374265,1.2212267,-0.7978515,-1.1547004,1
1.1436814,0.19626364,-0.6729348,1.0187882,1.2228438,1.0533863,0.3807761,1.1367456,-0.7524256,-1.2467594,1
1.2114652,0.19717473,-0.52409446,0.9792339,1.0228437,0.85338634,0.5120517,0.9367456,-0.5524256,-1.0467594,1
