pca_0,pca_1,pca_2,pca_3,pca_4,pca_5,pca_6,pca_7,pca_8,pca_9,target
0.15577091,-0.07477502,-0.12124198,0.010209621,-0.16262586,0.001399184,-0.12411779,-0.19387846,0.15039246,0.1723812,0
0.12420688,0.058911093,-0.1683783,0.07950936,0.034898072,-0.03809824,-0.2758333,0.006121546,0.045456037,0.104805104,0
0.02850008,0.1383152,-0.1538027,0.055203132,-0.07361444,-0.23809823,-0.21996123,-0.12012613,0.10802237,0.22297494,0
0.017482188,-0.050579995,-0.15203251,0.059691496,-0.14002433,-0.29774195,-0.18874343,-0.32012612,-0.017627202,0.30845764,0
0.13455556,-0.06557358,-0.29219043,0.05329208,-0.07834366,-0.30862686,-0.36175978,-0.33326447,-0.00055484846,0.29237476,0
0.016490802,-0.02073621,-0.25999454,0.016048755,0.09608993,-0.35508454,-0.36871633,-0.5181117,-0.10352056,0.16975644,0
0.06777465,-0.035501294,-0.24300946,0.17133324,0.29608995,-0.21119356,-0.2515302,-0.44273221,-0.0030750558,-0.03024356,0
-0.13222535,-0.027153006,-0.11046986,0.15596943,0.22356921,-0.21251814,-0.341971,-0.5190323,-0.017839285,-0.070383206,0
-0.18908364,0.07039773,-0.227716,0.33288985,0.22696689,-0.32782543,-0.4198316,-0.6516517,0.18216072,-0.085761964,0
-0.27650705,-0.060796805,-0.30789724,0.3577404,0.10177648,-0.42924663,-0.55588526,-0.6865668,0.25489974,-0.20289111,0
-0.34708282,-0.10398662,-0.33878723,0.44549373,0.039168283,-0.31092602,-0.4899562,-0.81045276,0.24566069,-0.22977604,0
-0.49338308,-0.17156869,-0.23289642,0.3899621,-0.034061514,-0.42917627,-0.4546109,-0.88663644,0.21055716,-0.1536312,0
-0.60618913,-0.21707977,-0.18222156,0.2820762,-0.099852934,-0.5296102,-0.41247413,-0.7055288,0.36227572,-0.10295681,0
-0.7082272,-0.38014323,-0.30515,0.25543764,-0.080747746,-0.53973645,-0.487635,-0.73194623,0.31025568,0.085867055,0
-0.7124723,-0.33029297,-0.4798252,0.30522835,0.02455794,-0.5904838,-0.32552707,-0.9319462,0.30950835,0.027828928,0
-0.75518894,-0.3230891,-0.38486904,0.3095407,0.0311169,-0.683024,-0.42872638,-0.9964122,0.42377323,-0.061740275,0
-0.7798292,-0.42890453,-0.47579437,0.28845665,0.068473876,-0.883024,-0.42006296,-1.1123202,0.40909493,-0.075564325,0
-0.758515,-0.5225436,-0.44951415,0.17286325,-0.060502246,-0.9062211,-0.5145585,-1.0353891,0.32506585,-0.13299194,0
-0.6687797,-0.48771843,-0.4646255,0.08399872,-0.0910852,-0.8833246,-0.4756905,-1.2078937,0.440446,-0.0004902184,0
-0.51901877,-0.43757707,-0.51444596,0.04885661,-0.25464362,-0.89298075,-0.5396271,-1.1182642,0.36704838,-0.055101164,0
-0.45237157,-0.48552293,-0.39552188,-0.089833714,-0.28663185,-0.9137488,-0.4693724,-1.0963246,0.28123534,-0.06048213,0
-0.39838836,-0.3715396,-0.519586,-0.1325306,-0.08782436,-1.1137488,-0.664419,-1.0108902,0.16081616,-0.09537634,0
-0.4494478,-0.3942386,-0.5975276,-0.11724826,-0.19725272,-0.9137488,-0.6073558,-1.0569388,0.2517487,-0.10371888,0
-0.3995821,-0.56252754,-0.6943508,-0.10578618,-0.1409587,-1.1137488,-0.57954985,-1.0119004,0.051748708,-0.16994941,0
-0.41926187,-0.7625275,-0.71227956,-0.11815751,-0.17468616,-1.0007956,-0.58484054,-1.0464996,-0.05237735,-0.16688173,0
-0.4759637,-0.75309974,-0.77163345,-0.10120935,-0.21475662,-1.2007957,-0.56009287,-1.0108454,-0.08122313,-0.28146854,0
-0.3755585,-0.6077874,-0.8670125,0.05939988,-0.23507439,-1.1480976,-0.5754838,-0.9740929,0.023287058,-0.21365649,0
-0.25398064,-0.49795023,-0.74395037,-0.08128711,-0.33257234,-1.0456734,-0.49461094,-0.98293924,-0.16140996,-0.28988653,0
-0.16530289,-0.6197693,-0.70200145,0.0707271,-0.3072934,-0.8456734,-0.5622878,-1.1263139,-0.06745188,-0.18095148,0
-0.13041945,-0.66865456,-0.72638375,0.080650866,-0.23569027,-1.0414681,-0.59203637,-0.98501205,-0.14699727,-0.11109359,0
0.069580555,-0.72265613,-0.5678656,0.12083541,-0.22350563,-1.0976055,-0.5938284,-1.1783085,-0.071643986,0.088906415,0
0.1722295,-0.7763053,-0.6931609,-0.013171658,-0.13067412,-1.2539413,-0.6710906,-1.33117,-0.0066939145,0.17438707,0
0.28617153,-0.7622895,-0.6988123,-0.02905032,-0.17341025,-1.0804613,-0.7092466,-1.4859376,0.16852623,0.009288579,0
0.2353687,-0.83732367,-0.8181547,0.0074389987,-0.05160594,-0.97619575,-0.86845475,-1.5776649,0.23578319,0.013732005,0
0.07539585,-0.86745363,-1.0181547,0.122323066,-0.0703033,-1.0476449,-0.9151634,-1.7776649,0.29192016,-0.07654402,0
0.18165442,-0.66745365,-1.0402706,0.16991992,-0.10809155,-1.2476449,-0.8656886,-1.768916,0.14152792,-0.021143489,0
0.36818236,-0.86745363,-1.1186057,0.11202363,-0.10652535,-1.0476449,-0.7813121,-1.9357641,0.020354621,0.15261018,0
0.2931859,-0.84232825,-1.1413678,0.13079923,-0.01510267,-0.9612923,-0.8864305,-2.1357641,0.022734446,0.23751922,0
0.49318588,-0.91182524,-1.1912384,0.14463049,0.15376276,-0.8706944,-0.8289152,-2.0258808,0.03252845,0.20567727,0
0.5237713,-1.0231066,-1.1385816,0.2113358,0.2387726,-0.6706944,-0.8065599,-1.8258808,-0.0067772493,0.28634918,0
0.5076363,-0.98575944,-0.99252677,0.20831728,0.28768238,-0.64330494,-0.7535147,-2.0258808,-0.102896444,0.44113225,0
0.46327966,-0.7866148,-1.1925268,0.029101834,0.22992414,-0.7321995,-0.8295846,-1.9737104,-0.05429498,0.51352054,0
0.47102833,-0.91507936,-1.0465194,0.06592885,0.29438853,-0.806223,-0.9982576,-1.9428254,-0.19983894,0.5896279,0
0.37374622,-1.012275,-1.00305,-0.016371869,0.21382274,-0.7413445,-0.9330556,-2.0387013,-0.14224543,0.54505926,0
0.47720122,-0.92216307,-0.9464489,-0.09047286,0.1350765,-0.8650482,-1.0039837,-2.1631167,0.057754576,0.67114204,0
0.48677635,-0.75409317,-1.146449,0.026285,0.16072164,-0.88975483,-0.80398375,-2.0316856,0.17651138,0.7120917,0
0.40359008,-0.81099474,-1.1589144,0.10080863,-0.03927836,-0.89189357,-0.94434726,-2.0891871,0.104213394,0.77937883,0
0.52227986,-0.7490656,-1.1962873,0.0105770985,-0.035734024,-0.68311006,-0.9907367,-2.1135888,0.17631793,0.8871807,0
0.47937894,-0.64798653,-1.0363213,0.039744318,-0.061094843,-0.593665,-0.804604,-2.2237148,0.37631792,0.9628577,0
0.560105,-0.63541543,-1.0433122,0.1762098,0.039821625,-0.6781653,-0.7739792,-2.1690304,0.27396458,1.0269746,0
0.3648724,-0.7224317,-1.1092186,0.20693195,-0.025555827,-0.60004544,-0.87793636,-2.1281862,0.4519382,0.95772415,0
0.33571902,-0.8243661,-1.2728086,0.31146175,-0.06346781,-0.48750877,-0.7674755,-2.0573435,0.4324373,1.1065066,0
0.30160624,-0.95538956,-1.3285393,0.34217447,-0.10368525,-0.4465889,-0.9023297,-1.9403318,0.5898516,0.98841316,0
0.21035372,-0.98008555,-1.4646306,0.2606694,-0.08188455,-0.3688063,-0.92707515,-1.9237107,0.37488306,0.968865,0
0.1636808,-1.0969614,-1.4453654,0.2917438,-0.02886091,-0.31905323,-1.038001,-1.8982961,0.34312326,0.8332781,0
0.3636808,-1.0985112,-1.3761679,0.23864123,0.01043847,-0.39271763,-1.0425242,-1.7037295,0.45567065,0.926253,0
0.47057468,-1.1297427,-1.1761678,0.3723699,-0.06001275,-0.4709549,-1.2195293,-1.6555154,0.5829054,0.9855236,0
0.529155,-1.2359045,-1.1979293,0.34339795,-0.10916796,-0.3833647,-1.2362679,-1.7332528,0.5107086,0.82906336,0
0.4288317,-1.2996318,-1.1857915,0.25633457,0.08763603,-0.2818831,-1.2119179,-1.7860018,0.3500951,0.88713044,0
0.42082757,-1.2297401,-1.0285678,0.35450107,0.0777424,-0.1824139,-1.2410272,-1.6964027,0.5500951,0.8827787,0
0.47590253,-1.1061558,-1.0937299,0.55450106,0.22589695,-0.13716082,-1.0603831,-1.7613935,0.7259543,0.7930177,0
0.44814616,-1.0504901,-1.0204805,0.591453,0.11246525,0.06283918,-1.1707695,-1.8400885,0.7321205,0.6942019,0
0.5598208,-1.1496152,-1.0204862,0.5672129,0.10823596,0.009122716,-1.1746941,-1.8807222,0.6101221,0.8371338,0
0.47023103,-1.172966,-0.8874526,0.4937039,0.011608973,-0.013781223,-1.3072405,-1.7130476,0.78388035,0.8275716,0
0.39718074,-1.0936933,-0.8637466,0.551324,0.04169706,0.08139454,-1.2658343,-1.6262542,0.8411552,0.8396641,0
0.32814813,-1.0841943,-1.0209283,0.5491433,0.10044512,-0.090773255,-1.293115,-1.4262542,0.69003123,1.0120258,0
0.33122802,-1.1114604,-1.1270949,0.655694,0.10967465,-0.29077327,-1.2766175,-1.5562716,0.5384742,0.96860516,0
0.46026284,-1.2754139,-1.1917493,0.7769578,0.05849501,-0.3005975,-1.2873917,-1.5300709,0.6273953,0.807248,0
0.4495695,-1.2692598,-1.1800433,0.6682249,0.1369237,-0.3277757,-1.1282005,-1.4516734,0.6665745,0.8676503,0
0.35674214,-1.2790668,-1.1721331,0.750676,0.2192183,-0.150521,-1.078455,-1.2582556,0.7169693,1.0676503,0
0.3646021,-1.2391497,-1.0881041,0.71798253,0.13466576,-0.23341106,-0.97803164,-1.3063674,0.6237509,1.1749313,0
0.2148799,-1.2461207,-1.0699501,0.7056441,0.20364626,-0.30946735,-0.8059598,-1.4876124,0.5504982,1.3749313,0
0.29198548,-1.3143402,-1.0289146,0.83886963,0.18846917,-0.4550035,-0.7306207,-1.4681606,0.5987346,1.4075514,0
0.36956245,-1.3296262,-1.0052174,0.79680675,0.15603514,-0.25345892,-0.8118668,-1.5888895,0.48501506,1.3937821,0
0.38625985,-1.2342204,-1.0577028,0.69727623,0.114363976,-0.20228645,-0.770049,-1.6685454,0.638932,1.3723414,0
0.3662158,-1.1484548,-0.8577028,0.6370096,-0.0029813126,-0.15968573,-0.6938816,-1.512797,0.4699756,1.2827009,0
0.33940855,-1.1076263,-0.963645,0.6558424,0.0538723,-0.25525013,-0.49388158,-1.4362323,0.61068285,1.0827008,0
0.32834682,-1.3076264,-0.89652824,0.62984663,-0.021587502,-0.27003214,-0.32596958,-1.4142278,0.51199806,1.0389354,0
0.42846745,-1.3054821,-1.0965283,0.47968167,-0.02910465,-0.34539938,-0.4185036,-1.502359,0.7088491,1.0284576,0
0.41098475,-1.3196913,-1.2333022,0.5542744,0.04556545,-0.3310163,-0.40588588,-1.4878011,0.6020274,1.0876055,0
0.49793503,-1.4163677,-1.2958401,0.64499223,0.03835889,-0.46578318,-0.36391133,-1.6081083,0.6191972,1.0752679,0
0.6066024,-1.429033,-1.3050916,0.71998477,-0.1070807,-0.3798099,-0.25873443,-1.5436205,0.73269385,1.1072421,0
0.63256633,-1.4077361,-1.362335,0.8746108,-0.05011077,-0.36125126,-0.17472689,-1.6129961,0.6442124,0.9038417,0
0.66781944,-1.4592125,-1.4314724,0.64358395,-0.038321808,-0.3586737,-0.29054257,-1.7166798,0.42071837,0.7892268,0
0.667131,-1.3477459,-1.4852828,0.57387173,-0.08991193,-0.29936454,-0.4281586,-1.7446994,0.5611493,0.75049025,0
0.72671944,-1.4529982,-1.5357431,0.5152191,-0.07923306,-0.09461245,-0.25156376,-1.6876689,0.6581857,0.61381555,0
0.51177764,-1.5485506,-1.5796623,0.54938793,0.006391845,-0.10202074,-0.2538346,-1.6947659,0.49190894,0.5948344,0
0.31776312,-1.47238,-1.5202909,0.6683319,-0.06371371,-0.2177388,-0.252806,-1.8304523,0.42127326,0.5742503,0
0.34355164,-1.4858034,-1.3625427,0.6622614,0.022698877,-0.30842513,-0.13145342,-1.9574519,0.54143894,0.37623462,0
0.39207113,-1.3986887,-1.2376329,0.8622614,-0.12963717,-0.4394648,0.06854658,-1.8593537,0.4051197,0.46584043,0
0.48627704,-1.2630988,-1.2311178,0.918235,-0.22968428,-0.50996953,0.20997244,-1.6775036,0.40193683,0.4376157,0
0.4098132,-1.3168452,-1.2196095,0.7587037,-0.2521711,-0.70442986,0.17648587,-1.8296566,0.49922496,0.34945974,0
0.39230132,-1.1168451,-1.212292,0.8157427,-0.18401721,-0.5044299,0.15343827,-1.7054102,0.6001078,0.31422132,0
0.23414715,-1.0991982,-1.2290839,0.88705766,-0.22506236,-0.70442986,0.28452772,-1.6571779,0.6359328,0.43596813,0
0.08689594,-1.181329,-1.1790162,0.8609153,-0.42506236,-0.62424934,0.21089603,-1.6716394,0.73877615,0.33677477,0
0.14520109,-1.2522047,-1.1094904,0.8283643,-0.32161215,-0.6537572,0.12220406,-1.8716395,0.87397724,0.25788185,0
0.14919053,-1.2219609,-1.0857894,0.83001643,-0.27486935,-0.8537572,-0.077795945,-1.7932686,0.67397726,0.22996335,0
0.18762389,-1.314573,-0.99958634,0.87321556,-0.28592262,-0.81527114,-0.095437706,-1.9424757,0.6687901,0.16892749,0
0.20799245,-1.2064028,-1.0035694,0.95056987,-0.3261255,-0.95826036,-0.09089121,-1.9698405,0.55943704,0.30238152,0
0.29643878,-1.3651627,-0.9153452,0.9483402,-0.35260394,-1.0178185,-0.052760445,-1.9046904,0.5533031,0.10238151,0
0.41688475,-1.5067769,-0.9544823,0.8072138,-0.45605063,-1.2068998,-0.11905884,-1.7722827,0.4097155,0.07472093,0
0.5649656,-1.4678644,-0.9571537,0.90306604,-0.5946104,-0.99562037,-0.050421502,-1.82441,0.34325528,-0.029257474,0
0.42265147,-1.5818257,-0.8672906,0.8376808,-0.45819587,-0.89802366,0.012158204,-1.7936714,0.34630388,-0.09659696,0
0.46173865,-1.4359374,-0.8601752,0.7818141,-0.30847278,-1.0673167,0.0484467,-1.6686745,0.45565993,0.025037996,0
0.6082386,-1.4630264,-0.97719646,0.7989953,-0.3990866,-0.94286466,0.16462873,-1.7375158,0.25565994,0.06347748,0
0.552222,-1.3376963,-1.1765003,0.7625535,-0.4762457,-0.9474923,0.025195807,-1.7238119,0.268262,0.08182303,0
0.63079023,-1.225529,-1.1250131,0.8000022,-0.4712262,-0.9719213,0.13870262,-1.537022,0.2848648,0.00946223,0
0.6616894,-1.1133581,-1.1177942,0.6000022,-0.32962257,-0.9635076,0.11373041,-1.6349568,0.28751034,0.0330917,0
0.655997,-1.1471999,-1.1330208,0.6662193,-0.35123196,-0.8083669,0.16844493,-1.6855503,0.48751032,0.11135181,0
0.5524933,-1.3471999,-1.133262,0.6819801,-0.35758138,-1.0033801,0.19458768,-1.6513693,0.49157083,0.18681118,0
0.5644088,-1.403612,-1.1022191,0.88198006,-0.15758137,-0.9442932,0.14739591,-1.5345653,0.4136845,0.11628472,0
0.5801906,-1.3828697,-1.0277015,0.7377347,-0.17023286,-0.9059756,0.10828824,-1.666233,0.41353047,0.14631557,0
0.6639767,-1.1828697,-0.88750625,0.7512289,-0.21944226,-0.9898102,0.019805811,-1.6933813,0.30867347,0.17573969,0
0.8332262,-1.2105228,-0.89913744,0.9094116,-0.30905014,-0.78981024,0.11802812,-1.6083537,0.41761923,-0.0009031147,0
0.80238736,-1.1175951,-1.0371482,0.9213552,-0.188575,-0.63686734,0.023129322,-1.5929476,0.5496069,0.1780836,0
0.9353678,-1.1604866,-1.0658748,1.0648527,-0.15943925,-0.6997732,-0.17687067,-1.6065032,0.5336276,0.2593766,0
0.94490224,-1.1541028,-1.0782859,1.2105901,-0.120881684,-0.6557498,-0.30855834,-1.589048,0.6224264,0.2581433,0
0.9505665,-1.190577,-0.89285135,1.1782358,-0.08921647,-0.7336485,-0.5007918,-1.5270532,0.75957865,0.15864721,0
0.9406145,-1.2216661,-0.89096814,1.3043735,-0.06362511,-0.5861731,-0.3468099,-1.6633162,0.9073013,0.26423833,0
0.9629524,-1.1410502,-0.86142445,1.2426804,-0.06699893,-0.60355014,-0.3383789,-1.750227,0.7860134,0.3171979,0
0.8558233,-1.102049,-0.8608446,1.2993194,-0.23498572,-0.3920818,-0.33290684,-1.857264,0.89040816,0.24847822,0
0.92529964,-1.027459,-0.8965545,1.3301723,-0.21657586,-0.46005693,-0.12867299,-1.8480202,0.84352815,0.33637464,0
1.0114757,-0.84553075,-0.7883171,1.2116889,-0.17348796,-0.42075095,-0.31459564,-1.9603015,0.9496614,0.34874344,0
0.9987398,-0.8623141,-0.78931147,1.0029413,-0.3197192,-0.31754217,-0.16084036,-1.9997925,1.1117201,0.40744928,0
0.95854,-0.7886105,-0.877704,1.0173688,-0.28153944,-0.33753514,-0.021120172,-2.0233874,1.0646325,0.48240143,0
1.0409786,-0.7050837,-0.94182074,1.0162587,-0.25597766,-0.2983267,-0.1156574,-2.0992007,0.8743314,0.4005175,0
0.89402145,-0.6336897,-0.89361894,1.0552781,-0.40622434,-0.41052362,-0.3099187,-2.1526687,0.838871,0.34599587,0
0.9127331,-0.48431718,-0.9308713,0.9470553,-0.39934626,-0.21052362,-0.26864532,-2.1615222,0.8141537,0.287728,0
1.055715,-0.61164594,-0.8949749,0.93076074,-0.18973076,-0.28214368,-0.33182558,-2.247614,0.7227418,0.21029855,0
0.8705843,-0.67380196,-1.0341972,0.8224342,-0.14903285,-0.18320379,-0.31080016,-2.339741,0.63340235,0.118977755,0
0.9454761,-0.6082657,-1.0428748,0.69549066,-0.13173401,-0.07326571,-0.3272376,-2.4037929,0.4827624,0.15396863,0
1.0895362,-0.5742631,-0.8040888,0.75671244,-0.19766037,-0.25992066,-0.1954238,-2.4444723,0.35420457,0.13504082,0
1.0740554,-0.6998544,-0.87951946,0.63027114,-0.27313313,-0.26794615,-0.18915851,-2.3985083,0.16002238,0.13520941,0
1.0459845,-0.73046416,-0.8404557,0.6162304,-0.25179505,-0.18593922,-0.10201644,-2.2336392,0.09764774,0.15002163,0
1.0017008,-0.6696123,-0.84128577,0.6306034,-0.36651456,-0.32810062,-0.28626367,-2.3200326,0.11222092,0.120737374,0
1.1510172,-0.683234,-0.87620986,0.5390595,-0.4555566,-0.250628,-0.3249755,-2.1354218,0.08354317,-0.037916943,0
1.0669659,-0.5314031,-0.98094326,0.51761085,-0.595363,-0.1884712,-0.27845353,-2.0704954,-0.0716777,-0.04972067,0
0.9648547,-0.5058008,-0.870788,0.36601573,-0.62374425,-0.38250726,-0.27870262,-2.2316194,0.03158647,0.006772861,0
0.98532766,-0.5171782,-0.7299621,0.31575468,-0.576108,-0.3453797,-0.416839,-2.0649471,-0.031771995,-0.1527167,0
1.0579189,-0.58158314,-0.6065349,0.28849798,-0.66139317,-0.36280113,-0.4899371,-2.105892,-0.16886619,-0.23334453,0
0.9512581,-0.58606124,-0.4498465,0.2364802,-0.6302044,-0.42025343,-0.65067405,-2.212478,-0.14822502,-0.1698718,0
0.9972857,-0.63882405,-0.5103457,0.36997318,-0.6966294,-0.44190815,-0.5673765,-2.1628485,0.05177498,-0.030426696,0
0.88237435,-0.80937326,-0.40146875,0.4156574,-0.6707546,-0.51517224,-0.5788175,-2.169369,-0.00296567,0.094881386,0
0.95834213,-0.98452663,-0.38297442,0.47398353,-0.5024156,-0.4931115,-0.6548693,-2.2000148,-0.043578256,0.021073908,0
0.9639618,-0.9584738,-0.534207,0.39270613,-0.53547704,-0.43554875,-0.70121765,-2.1746004,-0.20400657,-0.15189005,0
0.9673461,-0.94726163,-0.5394398,0.42606673,-0.5833033,-0.58473533,-0.59413743,-2.1130955,-0.11785931,-0.07456217,0
1.1522688,-0.8643471,-0.6390281,0.53007835,-0.58909905,-0.5280746,-0.6928739,-2.2588365,-0.029191973,-0.16331768,0
1.0463398,-0.80274475,-0.80372244,0.63347197,-0.6301756,-0.48487392,-0.8690587,-2.179618,-0.081180535,0.036682323,0
1.0688918,-0.81843936,-0.77920073,0.7242024,-0.45287168,-0.4413891,-0.8072819,-2.16301,-0.2653183,0.1472788,0
1.0485909,-0.85203487,-0.84675896,0.7486343,-0.42873874,-0.45798987,-0.8407598,-2.1553867,-0.3833186,0.06297517,0
0.9886706,-0.89409935,-0.67124856,0.88012296,-0.466035,-0.41563478,-0.79575384,-2.1852348,-0.44563952,-0.03024926,0
1.0544752,-0.8877116,-0.6905511,0.95894796,-0.40396595,-0.36632517,-0.76290315,-2.1795042,-0.23915936,-0.12949598,0
0.9965546,-0.94245744,-0.66526866,0.8995261,-0.42061573,-0.32785055,-0.8711753,-2.1878657,-0.15730345,-0.10987133,0
0.8238109,-0.7738982,-0.6413958,1.0502793,-0.49375382,-0.38123986,-0.987716,-2.1780841,-0.30614033,-0.0738127,0
0.82432806,-0.5756247,-0.6121952,0.96951294,-0.49145392,-0.36901784,-0.9345746,-2.3138742,-0.22927666,-0.1291833,0
0.944113,-0.45363232,-0.4984785,0.93097955,-0.43430552,-0.42813027,-0.77418256,-2.1201758,-0.099463835,0.04228483,0
1.0092468,-0.51001066,-0.6089374,0.9647455,-0.47059977,-0.24399213,-0.7714758,-2.07233,0.06723651,-0.059261695,0
0.93866956,-0.58080363,-0.55340093,0.95459163,-0.5366837,-0.44399214,-0.79575926,-2.16775,0.15633489,-0.18586428,0
0.90603775,-0.6817703,-0.55821747,0.9495301,-0.466325,-0.3640256,-0.7261761,-2.1987314,0.15008609,-0.03443052,0
0.86068773,-0.7501839,-0.5604547,0.8712208,-0.34050453,-0.3163668,-0.8218444,-2.2155244,0.06343668,-0.07911299,0
0.9957174,-0.78489405,-0.64590544,0.76770836,-0.1450379,-0.2225402,-0.7023462,-2.053414,0.26343668,-0.16592437,0
1.0168576,-0.6800803,-0.787384,0.8725954,-0.19089088,-0.22024533,-0.79562545,-2.0825176,0.26088256,-0.26664895,0
1.0767407,-0.71002936,-0.67476267,0.82997656,-0.17141914,-0.14836517,-0.76125216,-2.047463,0.0611289,-0.29822856,0
1.0894988,-0.6637619,-0.7041925,0.8869793,0.0022477806,-0.19674012,-0.73402053,-2.1144798,-0.039408475,-0.33624867,0
1.1199244,-0.77494055,-0.76259756,0.80868405,0.011127972,-0.39674014,-0.84324104,-2.1878448,-0.09815402,-0.23622975,0
1.1252885,-0.8695536,-0.7392348,0.8202305,0.13399056,-0.58509815,-1.0298018,-2.0703466,-0.20424286,-0.09758017,0
1.0137618,-0.76331663,-0.71951276,0.8030688,0.037178814,-0.5455317,-1.0173974,-2.110915,-0.253282,-0.09207929,0
0.96057266,-0.73618877,-0.77873695,0.82521886,0.053654615,-0.5452337,-0.891225,-2.074786,-0.26050872,0.016034529,0
0.8101249,-0.93618876,-0.57873696,0.85207,0.046954524,-0.43375725,-0.96016246,-1.9884962,-0.18565804,-0.11134201,0
0.8047332,-1.0644213,-0.48559514,0.91884744,0.062666744,-0.63375723,-1.0533023,-1.865512,-0.23261762,-0.094918594,0
0.7540307,-1.141408,-0.5560192,0.8072312,0.045592945,-0.69273865,-1.0163714,-1.8642632,-0.29011568,-0.04958309,0
0.87303483,-1.2177209,-0.68839115,0.93941045,-0.14411095,-0.83074784,-1.1446878,-1.8303872,-0.15450047,0.056423455,0
0.8737952,-1.1779177,-0.6995016,0.9694646,-0.14637133,-0.9652939,-1.2359669,-1.7038691,-0.18906388,-0.009068938,0
0.7886433,-1.2155172,-0.7493889,0.9957567,-0.14028516,-0.88329715,-1.2195362,-1.7207321,-0.23918222,-0.20531933,0
0.78069085,-1.2793547,-0.67453563,1.0669081,-0.17277882,-0.7573555,-1.3142506,-1.652145,-0.18529059,-0.25665268,0
0.89444935,-1.2170391,-0.5908739,1.2238027,-0.028878521,-0.83929265,-1.2972231,-1.5517448,-0.22182748,-0.16370071,0
0.8018692,-1.2819015,-0.5827282,1.1864053,-0.004623898,-0.79915345,-1.3371115,-1.5854642,-0.15760003,-0.03917252,0
1.0004807,-1.2120576,-0.576407,1.1412075,0.06067872,-0.83654344,-1.3619413,-1.5207392,-0.14865012,0.047337063,0
1.0191287,-1.0811465,-0.6430721,1.2424061,-0.05685488,-0.7635841,-1.4495573,-1.4259124,-0.32233444,0.10367821,0
0.9616095,-0.9932058,-0.69491965,1.3253516,-0.107743934,-0.5449306,-1.5356483,-1.4673063,-0.12209371,0.12129002,0
1.025555,-1.0152148,-0.50954354,1.2880275,-0.110907115,-0.58366245,-1.5293294,-1.5166028,-0.06953969,0.046860904,0
0.9889503,-0.93706214,-0.45175028,1.3543957,-0.018512752,-0.5129564,-1.626128,-1.4769462,0.12681854,-0.014587884,0
0.953468,-0.9152076,-0.48816636,1.3399504,-0.113347515,-0.71295637,-1.6061227,-1.4018254,0.19259462,0.027407411,0
0.83896625,-1.0488281,-0.41225055,1.1399504,0.08665249,-0.83238846,-1.5963035,-1.5110614,0.35249674,-0.074229494,0
0.9748481,-1.0265044,-0.46142554,1.0472915,0.24598083,-0.8733027,-1.4457879,-1.5974557,0.46836355,0.03912853,0
0.8773612,-0.9728233,-0.5099895,1.1039795,0.22057642,-0.9033763,-1.3632743,-1.6549308,0.27904212,0.013134766,0
0.9702431,-0.97888523,-0.5278506,1.0859362,0.18466203,-0.8276769,-1.4190006,-1.6864184,0.24936469,-0.060226075,0
0.9075184,-0.9953526,-0.5372932,1.1691343,0.16604309,-0.8968373,-1.4503224,-1.570035,0.357456,-0.044909872,0
0.8916012,-0.9605178,-0.554397,1.1889427,0.25296184,-1.0968373,-1.3375397,-1.4455421,0.157456,-0.11476636,0
0.79037184,-1.046389,-0.53400916,1.1878453,0.30700213,-1.175387,-1.224911,-1.5856755,-0.04099621,-0.3033148,0
0.8421305,-0.9097001,-0.6053904,1.1636007,0.3017929,-1.2164614,-1.3989285,-1.4435929,0.07100787,-0.35487407,0
0.7516621,-0.84763765,-0.44193414,1.1421154,0.4190477,-1.241791,-1.3235242,-1.6371772,0.043666366,-0.25527218,0
0.8168403,-0.84596837,-0.41626477,0.93456227,0.5129803,-1.231043,-1.4812124,-1.5697693,0.088634394,-0.35466668,0
0.78075135,-0.99738455,-0.43397292,0.72333956,0.56120604,-1.0661923,-1.510018,-1.6648443,-0.013982584,-0.42464644,0
0.8120466,-0.9583722,-0.32695064,0.8208053,0.56507236,-1.012631,-1.3959342,-1.5402322,-0.08550763,-0.5085715,0
0.75407,-1.0534444,-0.22702384,0.954729,0.5411632,-1.151075,-1.3147545,-1.6132702,0.11449237,-0.30857152,0
0.7241896,-0.9195247,-0.3558755,0.9805198,0.56965923,-1.0483927,-1.2307292,-1.7240483,0.017125323,-0.120347545,0
0.68230027,-0.87107766,-0.2573061,0.9575747,0.5811506,-1.0367193,-1.3519214,-1.7579556,-0.062568165,0.07633206,0
0.7155752,-0.84835064,-0.36567158,0.9763401,0.7171189,-0.919596,-1.2539532,-1.8178538,-0.26256818,0.018181235,0
0.54445374,-0.8027013,-0.27256805,0.9350457,0.7512848,-0.9425036,-1.1075681,-1.6178538,-0.3178108,-0.13372673,0
0.55586326,-0.7483929,-0.072568044,0.9924428,0.76457435,-0.7725341,-1.035164,-1.8178538,-0.4077361,-0.26681253,0
0.63169885,-0.8715458,0.03597904,1.0647936,0.64010555,-0.756184,-1.0139183,-1.9120884,-0.20773609,-0.22897728,0
0.78682,-0.6836177,-0.16402096,0.9261513,0.7431712,-0.7989025,-0.98034775,-2.0361915,-0.29809034,-0.36830407,0
0.7895655,-0.632766,-0.21262644,0.8882678,0.80562884,-0.7943971,-1.0049579,-2.1666727,-0.13423574,-0.3544975,0
0.81311774,-0.636153,-0.04476857,0.74335253,0.68625206,-0.8319126,-1.0456691,-2.114787,-0.09583081,-0.37453836,0
0.8863276,-0.70986784,-0.13322034,0.8282544,0.5803734,-0.8187298,-1.0619454,-2.1823025,-0.19000855,-0.27079582,0
0.83907586,-0.86481315,-0.075404964,0.98110765,0.496302,-0.7115518,-0.92491406,-2.2226126,-0.1364057,-0.11441092,0
0.79400194,-0.9958605,-0.023252927,0.9482838,0.4312026,-0.8351683,-0.8768145,-2.1715298,-0.20238736,-0.2632377,0
0.7637625,-0.9287888,0.022002526,1.0296868,0.5254784,-0.7998034,-0.8993854,-2.1760442,-0.133045,-0.12530953,0
0.7407395,-0.8767527,0.0058444683,1.0584645,0.49710643,-0.8788143,-1.095849,-2.0094545,-0.11959691,-0.10956257,0
0.7059726,-0.85289633,0.0083365,1.1465417,0.29710644,-0.96158236,-1.0578647,-2.0172176,-0.08509755,-0.25428244,0
0.9059726,-1.0261428,0.058655713,1.1905085,0.2951167,-1.0047691,-0.9863813,-1.8191342,-0.038061954,-0.3487302,0
0.9120647,-1.0344856,0.04485895,1.1801423,0.43251815,-1.0301901,-0.9864629,-1.8144288,-0.08321837,-0.42741093,0
0.88518,-1.0176172,0.22591947,1.2874427,0.43232742,-0.979995,-0.9471936,-1.8100971,-0.06817043,-0.38313383,0
0.866012,-0.9593294,0.4025572,1.2270797,0.3150343,-0.8881832,-1.0169197,-1.8998404,0.104701884,-0.3454483,0
0.7960418,-0.9530537,0.3867851,1.1898165,0.24966295,-0.97570735,-0.9533178,-1.9164914,0.21086228,-0.5021828,0
0.80533326,-1.0551693,0.21705754,1.3063873,0.32262745,-1.1309994,-0.7796658,-1.7295725,0.1449238,-0.6933569,0
0.7012664,-1.1139262,0.12504663,1.2376202,0.39250016,-1.1246495,-0.92066056,-1.6106215,0.042321764,-0.6986131,0
0.75573236,-0.96888226,0.07930142,1.2692819,0.4285283,-1.0706702,-0.9131551,-1.5947733,0.019679265,-0.7159585,0
0.85378796,-0.8640515,0.027857047,1.1509132,0.43334848,-1.0589651,-0.8984556,-1.6966032,-0.012771791,-0.91595846,0
0.8895319,-0.7754582,0.022697676,1.0780623,0.4675896,-0.9177249,-0.9876484,-1.6536486,-0.18162207,-0.91627175,0
0.73363143,-0.74998504,-0.021375779,1.1543543,0.4186925,-0.8684541,-1.0293133,-1.6881517,-0.027721405,-0.9842734,0
0.7160813,-0.88557184,0.17672142,1.2390635,0.3054377,-0.7167898,-0.93417287,-1.6581559,0.1534994,-1.0942638,0
0.7487911,-0.9226538,0.33093646,1.3708178,0.35017574,-0.8023156,-0.89775276,-1.7021511,0.07410674,-1.0603102,0
0.7525854,-0.9264799,0.3472013,1.4238136,0.39575732,-0.8565273,-0.704511,-1.7388933,0.17813312,-0.99266213,0
0.78553706,-1.0714372,0.31458503,1.433363,0.34850624,-0.8162698,-0.84169155,-1.7146924,0.25115347,-0.76289874,0
0.7919558,-1.065566,0.12782633,1.5058342,0.48261195,-0.70107335,-0.8940234,-1.6634152,0.2958555,-0.7585,0
0.69735175,-1.0864433,0.21955505,1.4470309,0.3446124,-0.7418215,-0.8412662,-1.6113135,0.411364,-0.7054172,0
0.6991999,-0.8864433,0.11371985,1.2816085,0.26699215,-0.74034435,-0.733631,-1.6673054,0.35055527,-0.7564263,0
0.62013274,-0.9337427,0.24324836,1.4091561,0.23501918,-0.8451718,-0.7412331,-1.5618752,0.32099175,-0.73603153,0
0.6056953,-0.9892215,0.35048518,1.5239432,0.1682752,-0.97165734,-0.6838411,-1.743821,0.3255765,-0.7888892,0
0.5800725,-0.840731,0.41875488,1.5350351,0.28732502,-0.95421076,-0.770616,-1.6740416,0.37644818,-0.9454873,0
0.4092498,-0.9396174,0.4765672,1.6424491,0.297567,-0.9280679,-0.74217075,-1.6388972,0.21249756,-0.890542,0
0.4500823,-0.91653025,0.5144336,1.4424491,0.14534983,-0.77949,-0.608166,-1.7305979,0.29239738,-0.93906,0
0.47968996,-1.0169967,0.5112393,1.3850032,0.2998041,-0.97949,-0.58622575,-1.6305977,0.25109753,-1.0602499,0
0.37105417,-1.1280413,0.34083998,1.3647288,0.27128473,-1.015396,-0.7237445,-1.4305977,0.11850923,-0.9730662,0
0.45765156,-1.1128367,0.21031019,1.4005338,0.22736014,-1.1666626,-0.60511965,-1.5633745,0.13657781,-1.0841597,0
0.50701225,-1.1343284,0.22298574,1.38612,0.21490483,-1.2796714,-0.6525063,-1.5106376,0.18615045,-1.0290774,0
0.53834665,-1.2921352,0.19733508,1.58612,0.20728688,-1.1321698,-0.7268707,-1.3364327,0.2139673,-0.89150715,0
0.48209706,-1.2897642,0.18489906,1.5235168,0.16651411,-1.0054059,-0.9268707,-1.2245699,0.0139672905,-1.0788658,0
0.43140164,-1.2537243,0.21796052,1.5857092,0.16280851,-0.9977537,-0.83543646,-1.2971777,-0.06680755,-1.1282648,0
0.54154855,-1.2782747,0.17354847,1.5231069,0.19303206,-1.0060074,-0.8643306,-1.209542,-0.09164349,-1.206232,0
0.69323754,-1.2878853,0.18109365,1.4765329,0.15381889,-1.1274376,-0.6666041,-1.2826195,-0.22267833,-1.1018131,0
0.73259735,-1.2462323,-0.018906355,1.5264428,0.24899861,-1.0480704,-0.6086249,-1.2875769,-0.22245668,-0.91502166,0
0.7390577,-1.2672182,0.035423007,1.4896069,0.19916303,-1.0041335,-0.45760688,-1.342745,-0.1441941,-0.9918834,0
0.8593085,-1.3364276,-0.029366668,1.3239423,0.1682111,-1.1450346,-0.5609804,-1.4370551,0.03590186,-0.8491978,0
0.91014034,-1.2913558,0.07583269,1.339959,0.18945909,-1.2213287,-0.56102115,-1.3308238,-0.009850826,-1.0437099,0
1.0316652,-1.1346437,0.122451566,1.1339855,0.14645109,-1.3004861,-0.707939,-1.3827839,-0.19882609,-1.0871162,0
0.99218607,-1.08283,0.15079984,1.0763786,0.15392078,-1.4152818,-0.681933,-1.4686306,-0.28134328,-0.96640444,0
1.1208415,-1.1800578,0.17327274,1.1214228,0.05672525,-1.3909173,-0.48133868,-1.413587,-0.3392863,-0.88355404,0
1.1220149,-1.1213024,0.29752347,1.0902301,0.099187165,-1.378995,-0.45336327,-1.3614264,-0.2766204,-0.68355405,0
1.1251192,-1.2117308,0.48215026,1.0124161,0.071666144,-1.4408984,-0.50715023,-1.3260571,-0.22583574,-0.60364455,0
1.1269891,-1.0942396,0.4135304,0.84933424,0.27166614,-1.4818999,-0.6712225,-1.4188621,-0.31087247,-0.5334154,0
1.0489058,-1.1741385,0.39719555,0.8967681,0.19754009,-1.5162861,-0.61298466,-1.2838099,-0.11548093,-0.5231622,0
0.9691201,-1.2200099,0.31997472,1.0133731,0.24227539,-1.3428029,-0.4853908,-1.303123,0.026469752,-0.4890983,0
1.1691201,-1.1986123,0.3269567,1.0457143,0.26393852,-1.3868986,-0.54108775,-1.3477688,0.15477599,-0.35538417,0
1.0431832,-1.1855581,0.24656531,1.0214233,0.3865354,-1.5063663,-0.40139103,-1.3759565,0.31800914,-0.36676466,0
1.0059328,-1.076635,0.1551849,1.0026045,0.41992188,-1.6163356,-0.48149294,-1.5083047,0.17063309,-0.24260849,0
1.1028525,-1.1007752,0.29100743,0.92032266,0.41870964,-1.6498818,-0.5221138,-1.515997,-0.02910856,-0.41377094,0
1.059931,-1.1448321,0.28033862,0.8669098,0.44240478,-1.6561393,-0.53078026,-1.4679365,-0.13468401,-0.58528477,0
1.0514611,-1.1573905,0.30310294,0.87760603,0.4462594,-1.6141068,-0.48340797,-1.4688946,-0.11673543,-0.6952428,0
1.1886885,-1.1072534,0.21682389,0.74708176,0.5757519,-1.5262057,-0.55543244,-1.5104452,-0.16204111,-0.69200003,0
1.0208985,-1.0595584,0.33882448,0.7884312,0.6045998,-1.5995195,-0.6520898,-1.5255656,-0.19557011,-0.61955976,0
1.004898,-0.9920633,0.22157133,0.80861425,0.5588555,-1.6615865,-0.5760429,-1.462381,-0.14758183,-0.6641538,0
0.9018693,-0.9371164,0.18407953,0.80335873,0.6146921,-1.4976106,-0.47683886,-1.3860979,-0.19207273,-0.4834869,0
0.9433428,-1.04143,0.12578039,1.0033587,0.5045721,-1.3671365,-0.63286513,-1.5732005,-0.042099312,-0.5115483,0
0.98156315,-0.92622936,0.14954516,1.1248636,0.4562756,-1.1947387,-0.687034,-1.7049253,0.034661956,-0.6016149,0
0.95343137,-0.8238664,0.22391908,1.098566,0.38377586,-1.2087241,-0.53127754,-1.8294107,-0.08417695,-0.56958723,0
1.0083126,-0.72406954,0.26660675,1.1553917,0.5513698,-1.3317215,-0.46733186,-1.8848737,-0.09813663,-0.4413044,0
1.0998342,-0.76986504,0.38945338,1.149926,0.56681263,-1.4272133,-0.4101065,-1.7692741,-0.10905412,-0.2346137,0
1.1614639,-0.76080567,0.37644833,1.1155236,0.5507645,-1.4600128,-0.4425825,-1.7086788,-0.08526947,-0.3582705,0
1.1549463,-0.79044616,0.4394409,1.1224166,0.4428536,-1.3307827,-0.5287409,-1.586241,-0.28526947,-0.33663934,0
1.2858368,-0.7517723,0.51711595,0.9951699,0.55688536,-1.3592422,-0.5568183,-1.6059701,-0.31122056,-0.43101662,0
1.2486335,-0.731159,0.49637598,0.9586047,0.71046805,-1.2806926,-0.54310244,-1.7060108,-0.23723438,-0.2867754,0
1.3123429,-0.6397131,0.29571638,0.9512776,0.78403026,-1.3470768,-0.64297956,-1.6948675,-0.32523677,-0.23462865,0
1.2863572,-0.69787955,0.2520185,0.87080014,0.84966034,-1.2805508,-0.6256097,-1.7137921,-0.49229422,-0.32231343,0
1.2754645,-0.74465996,0.27368316,0.9063216,0.8087764,-1.2363448,-0.52898484,-1.8012438,-0.36428013,-0.28753898,0
1.2404072,-0.70913833,0.23247896,1.0863162,0.9250605,-1.1157867,-0.68029016,-1.7388967,-0.21481189,-0.30160448,0
1.1188929,-0.6947577,0.2030419,1.270045,0.93776864,-1.101649,-0.67059445,-1.5927452,-0.23765437,-0.15306382,0
1.0381708,-0.7712888,0.18729883,1.3122238,1.012645,-1.2064104,-0.7280776,-1.5889617,-0.133475,-0.12929104,0
1.1063745,-0.94826466,0.28063115,1.1251673,0.9376993,-1.2473243,-0.8539778,-1.5382574,0.034560945,-0.012947377,0
1.1127272,-0.9133083,0.1435107,1.1106309,0.9464714,-1.3214395,-0.85672003,-1.5137006,0.041988015,-0.06765982,0
1.0279864,-0.9383595,0.09263722,1.0918326,0.77724487,-1.2829388,-1.0073367,-1.5935515,0.23666827,-0.043115687,0
1.1650072,-0.9499154,0.20033598,1.1243675,0.76160884,-1.141702,-0.96086997,-1.5999745,0.25817004,-0.052041918,0
1.2147117,-0.99398816,0.16387862,1.0662793,0.70569915,-0.94170207,-0.7954259,-1.5928915,0.21664606,-0.09047623,0
1.178632,-1.0671366,0.16376436,1.0942568,0.6570617,-0.8524687,-0.71874243,-1.7372231,0.15804088,-0.14147063,0
1.0517302,-1.1588696,0.19997582,1.1054461,0.6077259,-0.9388377,-0.6482378,-1.687208,0.3245848,-0.34147063,0
1.0570964,-1.2997409,0.26084906,0.9976727,0.56249964,-1.1230888,-0.5045559,-1.7422601,0.43981826,-0.2619282,0
1.0313387,-1.2988642,0.2050022,0.9887423,0.581347,-1.1022296,-0.513974,-1.775683,0.3936264,-0.32344946,0
1.0845237,-1.2946627,0.18813427,0.9908501,0.5609824,-1.2327582,-0.4611524,-1.5965163,0.3493952,-0.3676293,0
1.0112896,-1.439591,0.10256917,0.95690334,0.5562387,-1.0490316,-0.5322726,-1.5943385,0.32767612,-0.3752375,0
1.0684973,-1.3459473,0.2369495,0.9227088,0.5097534,-1.0335187,-0.53985906,-1.5284079,0.29792234,-0.32769367,0
1.0125599,-1.3737783,0.22622982,0.84182405,0.5253778,-0.8335187,-0.5550408,-1.5148494,0.3181607,-0.34052733,0
0.8850219,-1.4063089,0.17030388,0.9349183,0.3937388,-0.8831953,-0.56077063,-1.390866,0.42173404,-0.2983801,0
0.8385806,-1.4449432,0.28253514,1.0208629,0.25882477,-1.0619309,-0.59738725,-1.3688021,0.43544573,-0.09853038,0
0.91165507,-1.5218319,0.44582695,1.1024473,0.18788657,-1.207599,-0.501059,-1.2603227,0.39648163,0.10146962,0
0.89985085,-1.5539722,0.60642093,1.2000923,0.25373107,-1.3996795,-0.45550883,-1.1782036,0.5820128,-0.09797602,0
0.82284534,-1.542684,0.609077,1.0710106,0.18379992,-1.4562635,-0.55828726,-1.0214744,0.5303416,-0.05128049,0
0.69010365,-1.5907973,0.54632306,0.8710106,0.25175658,-1.4215391,-0.6600611,-1.0471007,0.43205693,-0.13560334,0
0.5516876,-1.6412628,0.40451458,1.0231481,0.16694319,-1.5979751,-0.6989287,-1.1968044,0.46168628,-0.27575642,0
0.64870405,-1.5310011,0.33364552,0.96001834,0.12559286,-1.6795925,-0.6997898,-1.1488683,0.45131484,-0.16123089,0
0.6395545,-1.4142449,0.50618196,1.0164846,0.08220675,-1.782861,-0.69975364,-1.1943738,0.44416812,-0.05097686,0
0.7561419,-1.4075592,0.39645857,0.9505286,0.036610045,-1.647066,-0.81838113,-1.2574798,0.6265438,-0.16915868,0
0.74239314,-1.2566293,0.49297434,1.022234,0.14705583,-1.4594177,-0.983591,-1.4009595,0.706536,0.02987131,0
0.8647759,-1.233999,0.35441402,1.0770781,0.001877746,-1.5270844,-0.97933936,-1.3356552,0.60142857,0.08316427,0
0.7717923,-1.3437341,0.5084516,1.1323957,-0.02854389,-1.4420443,-1.0114813,-1.2873455,0.5415182,0.03419277,0
0.8825756,-1.1999415,0.49115625,1.0513632,-0.08112307,-1.4730527,-0.97894657,-1.0873455,0.5465745,0.005212119,0
0.8908075,-1.1622841,0.5100384,1.0937173,-0.19139391,-1.3599014,-0.95243484,-1.2404836,0.5990412,-0.18810038,0
0.81528324,-1.2565923,0.5423782,1.1172208,-0.23478477,-1.3546612,-0.9268841,-1.2247031,0.41999286,-0.12374482,0
0.8647663,-1.1021852,0.56051546,1.2111485,-0.1995874,-1.3104573,-0.98830485,-1.0858653,0.35134313,-0.092814565,0
0.84979445,-1.1832306,0.49895445,1.265483,0.00041259825,-1.156391,-1.0178267,-1.133562,0.4516391,-0.11439993,0
0.7964283,-1.0004474,0.5704757,1.127074,-0.14373246,-1.1669979,-0.84730333,-1.1189944,0.5385023,-0.18077312,0
0.7270886,-1.074502,0.58857393,1.0525799,-0.23814073,-1.0532928,-0.97440344,-1.1148164,0.5372611,-0.3090482,0
0.7855226,-1.1954613,0.6243778,1.2525799,-0.13345547,-1.0013572,-0.9048346,-1.3148165,0.5959483,-0.45610836,0
0.80940485,-1.2627511,0.69614476,1.2161527,-0.15725781,-1.0104313,-0.8975818,-1.4075469,0.56824034,-0.6561084,0
0.7053009,-1.1502836,0.7620909,1.2187984,-0.046263713,-1.185233,-0.8137912,-1.5740815,0.52395093,-0.54010737,0
0.5295445,-1.0520885,0.8695753,1.0325335,0.05750533,-1.3520947,-0.7040943,-1.7688885,0.45749447,-0.3534437,0
0.5618193,-0.9370294,0.78806466,1.1148123,0.095346764,-1.2883121,-0.7722122,-1.8196295,0.5138395,-0.31976452,0
0.6338594,-0.8529418,0.9513632,0.97925025,0.0095673725,-1.2452261,-0.6907545,-1.8425838,0.6277136,-0.33476272,0
0.6917139,-0.6965796,0.9180273,0.9422652,0.031216813,-1.3873787,-0.760295,-1.7995402,0.58160615,-0.23715267,0
0.7957626,-0.6744933,0.8977229,0.72157365,0.1333758,-1.4132012,-0.85433996,-1.7988855,0.66458994,-0.40342736,0
0.72255886,-0.73136365,0.90221214,0.6904535,0.097483516,-1.3903627,-0.79445106,-1.7992631,0.71446466,-0.51423275,0
0.6970583,-0.87255055,1.0532779,0.69061774,0.12557058,-1.1525438,-0.7604498,-1.846119,0.8165416,-0.4112344,0
0.6919493,-0.94426095,1.0599474,0.6182474,0.20371339,-1.2173656,-0.57240295,-1.7939223,0.87969476,-0.41952908,0
0.5903432,-0.9403589,1.1249505,0.4792808,0.20575567,-1.1763737,-0.7522171,-1.8811297,0.71814454,-0.47496715,0
0.62515414,-1.0332537,1.084298,0.5280356,0.19741318,-1.0543422,-0.7861873,-1.9419594,0.62925404,-0.38881612,0
0.75270087,-1.1555935,0.9764771,0.45340192,0.07224904,-1.2543422,-0.69655424,-1.8450973,0.42925406,-0.41584188,0
0.749449,-1.1112832,1.1576248,0.42987633,0.06812537,-1.1700159,-0.53126097,-1.8982074,0.49571922,-0.41682374,0
0.85577905,-1.0132469,1.3319584,0.48659754,0.043239176,-0.9516774,-0.58288616,-1.8402827,0.61639065,-0.46496144,0
0.8182749,-0.9877492,1.2741992,0.6017842,0.1167503,-0.79649645,-0.48523745,-1.9709058,0.59564734,-0.4962772,0
0.85361636,-0.9130876,1.4182101,0.60478765,0.1614317,-0.9456722,-0.3947586,-1.8261851,0.4970234,-0.63430834,0
0.9719345,-0.8331757,1.3280693,0.59028506,0.11520175,-1.05178,-0.5298509,-1.8545176,0.40693736,-0.49383047,0
0.85037124,-0.8870837,1.2972714,0.5896404,0.09029374,-0.9505087,-0.52599984,-1.9316872,0.4571439,-0.57503814,0
0.8593807,-0.9757525,1.1527307,0.5229604,0.16997555,-0.9979652,-0.46042863,-1.9857354,0.36331496,-0.4225543,0
0.7578734,-0.90077335,1.1922824,0.5748934,0.36547288,-1.0724565,-0.430236,-2.031488,0.2923678,-0.42536595,0
0.7503684,-0.8547678,1.3378972,0.53328985,0.47682306,-1.0235063,-0.3743523,-1.979448,0.23800232,-0.49196354,0
0.76879674,-1.009344,1.3710222,0.6435144,0.38254994,-1.0267984,-0.33037987,-1.8737817,0.32140234,-0.41496617,0
0.7934346,-0.9963119,1.2877758,0.4414106,0.5057264,-1.0516124,-0.16989163,-1.9589381,0.35193786,-0.41569793,0
0.8285767,-0.95187885,1.1082231,0.4700689,0.5699085,-1.1683489,-0.29469103,-1.8540105,0.42834356,-0.4442512,0
0.8148903,-0.88483775,1.1308614,0.55333054,0.68409085,-1.2528148,-0.2900082,-1.7955322,0.3228492,-0.37206578,0
1.0024705,-0.8846377,1.0971847,0.52272284,0.72950995,-1.1629238,-0.27793294,-1.8539277,0.4092556,-0.41116187,0
0.85762644,-0.8616213,1.1226146,0.6045435,0.82888573,-1.0229036,-0.32424423,-1.950209,0.3731335,-0.33954066,0
0.82339376,-0.7932601,1.0508933,0.72347355,0.83049417,-1.0751221,-0.25932804,-1.9796549,0.39918038,-0.27154052,0
0.8531207,-0.8897449,0.95229256,0.7948384,0.82344943,-0.99363536,-0.4051874,-1.9738605,0.36063105,-0.29355264,0
0.79068923,-1.0607034,1.0175139,0.8104386,0.83754194,-0.8975433,-0.48567444,-1.9297179,0.19347782,-0.23105665,0
0.70004416,-1.0713538,1.1491158,0.78085023,0.85643977,-0.87503135,-0.34154493,-1.7538933,0.12023432,-0.21439977,0
0.6071758,-1.0876817,1.0021869,0.58085024,0.82986414,-0.67503136,-0.2052609,-1.792247,0.0913724,-0.2274993,0
0.7314921,-0.98804724,0.93546593,0.7206358,0.80129385,-0.5988879,-0.18061958,-1.9175287,0.16835898,-0.13660173,0
0.79073846,-1.0790935,0.96232927,0.64572704,0.7573995,-0.5265397,-0.3007262,-2.0430303,0.16617253,-0.22752461,0
0.8855734,-1.0712361,1.0341537,0.55888605,0.6738282,-0.6485417,-0.2693693,-2.1676357,0.14742132,-0.13710007,0
0.9851704,-1.0014708,0.85996854,0.67415124,0.7460548,-0.6572132,-0.26701862,-2.1279066,-0.052578688,-0.15876041,0
1.0408037,-1.073363,0.76115847,0.69486284,0.78645724,-0.64932543,-0.2036361,-2.1428006,0.14372364,-0.092550226,0
1.1071651,-1.0235928,0.58754486,0.83264303,0.7913515,-0.7049438,-0.110758714,-2.0254653,0.080730446,-0.106377594,0
1.2058983,-0.9080032,0.6810515,0.8541149,0.7540087,-0.65666366,-0.0016380474,-1.9719667,0.2565274,-0.08494871,0
1.1964713,-1.0771577,0.7311973,0.87544626,0.58348215,-0.7876168,-0.04855396,-2.0298743,0.15309176,-0.012422173,0
1.1645209,-1.1864998,0.68420595,0.6754463,0.5643003,-0.5876168,0.03672483,-2.1028268,-0.046908244,-0.03778999,0
1.1273011,-1.083779,0.56999415,0.7233362,0.6258041,-0.7277393,-0.050684135,-2.1731226,-0.090975344,-0.22795649,0
1.1104876,-1.0802178,0.6699923,0.7442076,0.6195725,-0.85917294,-0.073361,-2.0992951,0.057350907,-0.2438302,0
1.1676011,-1.137208,0.72574115,0.6441471,0.72570807,-0.9514094,-0.11354868,-1.9859356,-0.07356955,-0.0881108,0
1.0447698,-1.1689726,0.67396045,0.6226309,0.68615955,-0.8884694,-0.049271025,-2.0951154,-0.13291454,-0.17398621,0
1.0324693,-1.0997789,0.6000711,0.5215441,0.7060603,-0.7593707,0.025378184,-2.2050436,-0.20401627,-0.3357835,0
0.94648254,-1.1903565,0.6864844,0.49720356,0.843939,-0.8608003,0.21665362,-2.0641112,-0.28883055,-0.35302085,0
1.0479577,-1.1676215,0.60878366,0.4106053,0.9152168,-0.85439116,0.13515213,-2.0420759,-0.28433627,-0.40303567,0
1.018057,-1.1321331,0.59145075,0.49378166,0.76540005,-0.91726464,0.28356743,-2.0414097,-0.4618632,-0.4471074,0
0.9575126,-1.1424382,0.62821895,0.52336586,0.8825881,-0.8558159,0.28425595,-1.9629693,-0.44710264,-0.35816962,0
1.0412892,-1.16441,0.73685884,0.5167366,0.79563004,-0.89926517,0.18461487,-1.9410392,-0.6145011,-0.35896504,0
1.0870398,-1.0276937,0.8350767,0.6430026,0.84201634,-1.0021247,0.04213312,-1.879333,-0.5185598,-0.3681958,0
1.0093254,-1.1271944,0.82942456,0.70557976,0.8286517,-1.1491232,-0.11154951,-1.7227662,-0.4669677,-0.56110156,0
1.0746467,-1.1375798,0.7928657,0.6841165,0.87951976,-1.0126219,-0.1406743,-1.7233437,-0.65463793,-0.48701382,0
0.9737359,-1.1374924,0.66816664,0.7137669,0.8518492,-1.0262631,-0.13775097,-1.7543422,-0.5710549,-0.5422134,0
0.8636623,-1.0016197,0.8316544,0.6733663,1.007612,-1.0635757,-0.21973708,-1.8089077,-0.46522665,-0.64994836,0
0.92282784,-0.9470587,0.83837855,0.6905319,1.0146216,-1.1918886,-0.20603545,-1.6419966,-0.5148294,-0.6389176,0
0.911583,-0.899537,0.7503335,0.49695766,0.9296155,-1.2748836,-0.14785996,-1.6882415,-0.42232838,-0.62410057,0
0.88274324,-0.9396413,0.78649014,0.4172164,0.8783381,-1.4218985,-0.21942525,-1.6182997,-0.31954578,-0.71524376,0
0.9221744,-1.0821095,0.75431013,0.46823955,0.73745704,-1.6218985,-0.11086052,-1.4533556,-0.48844093,-0.6803011,0
1.0160844,-1.0421276,0.89970475,0.46977055,0.71591914,-1.577477,-0.26776302,-1.5048382,-0.2761274,-0.6617661,0
1.2136806,-1.1835799,0.8960225,0.456815,0.6587985,-1.3747541,-0.43134367,-1.4226013,-0.46417856,-0.6044045,0
1.261161,-1.1443849,0.90338117,0.3282834,0.6538878,-1.425352,-0.32496497,-1.4064817,-0.4324599,-0.41438305,0
1.239737,-1.1386651,0.87158054,0.32281822,0.8538878,-1.5243229,-0.21925351,-1.3412526,-0.46889585,-0.3180624,0
1.2070935,-1.110976,0.74789196,0.38656837,0.91661924,-1.3670213,-0.3652988,-1.3226755,-0.5715822,-0.45458913,0
1.1143419,-1.2058345,0.6535379,0.3878843,0.9761307,-1.2962573,-0.54004955,-1.2483771,-0.44463187,-0.33651096,0
1.0983573,-1.2219492,0.8535379,0.39043576,0.9626647,-1.4144695,-0.6540095,-1.2202094,-0.3550767,-0.36863655,0
1.1276865,-1.3099407,0.8322276,0.35299486,1.0407432,-1.3191932,-0.7588906,-1.0550181,-0.30652717,-0.3574865,0
1.1521994,-1.2763321,0.77643555,0.31880075,1.0552791,-1.2640339,-0.77095985,-0.97382706,-0.12705182,-0.28870377,0
1.1753945,-1.4739119,0.73515886,0.33406606,1.1023942,-1.3286265,-0.9022992,-0.90823746,-0.31327394,-0.27617,0
0.99325204,-1.4557165,0.86093175,0.28830558,1.0191112,-1.1393682,-0.9359534,-0.90813583,-0.11327393,-0.24468504,0
1.0474195,-1.545857,0.826499,0.3574058,0.91306156,-1.1364027,-1.0204407,-0.9643148,-0.020555101,-0.3137275,0
1.0978397,-1.5441834,0.90273273,0.285326,0.8902989,-0.9414108,-0.9760567,-1.0435485,-0.19797987,-0.5137275,0
1.0880637,-1.568395,0.8449022,0.20929211,0.91008794,-0.88268536,-0.92636377,-0.99236155,-0.30848348,-0.7137275,0
1.0244414,-1.730014,0.6449022,0.27568424,0.87643594,-0.6826854,-0.8230132,-1.0399487,-0.34483624,-0.6625773,0
0.8540803,-1.7020459,0.7283921,0.25335646,0.7279308,-0.6502124,-0.8122865,-0.9750563,-0.31871814,-0.5936528,0
0.6850525,-1.726767,0.71433556,0.43168515,0.64565426,-0.8502124,-0.8182533,-0.9286453,-0.23395805,-0.59503406,0
0.8306445,-1.7260628,0.82543623,0.4086873,0.5738515,-0.79339147,-0.8857127,-0.7286453,-0.115666695,-0.691815,0
0.6997415,-1.8031588,0.7115334,0.49662513,0.59448516,-0.8900086,-0.8053109,-0.88568294,-0.12546688,-0.7335707,0
0.55133915,-1.8932538,0.65456367,0.5135884,0.5429472,-0.9853361,-0.86113626,-0.91856784,0.06364104,-0.73676026,0
0.47166425,-2.0271862,0.5479918,0.56122196,0.4605837,-0.91348946,-0.9103878,-0.9166543,0.11362715,-0.64011556,0
0.4568973,-2.0583055,0.5292888,0.410592,0.4475825,-1.0928357,-1.0032698,-1.0231255,0.10559754,-0.80422884,0
0.5787597,-1.9823676,0.51740533,0.3528351,0.38307464,-0.87287456,-1.1763684,-1.1161013,0.23916236,-0.864682,0
0.45651305,-1.9490563,0.4957241,0.34477815,0.40400502,-1.0549991,-1.0880576,-1.0879272,0.34253326,-0.93120104,0
0.344024,-1.9392639,0.51171845,0.43302974,0.4279299,-1.071727,-1.1054344,-1.0986278,0.2973766,-0.9068677,0
0.3913826,-1.8769897,0.53141177,0.4834477,0.46006197,-1.1050248,-1.1447341,-1.0353497,0.21941192,-0.89087325,0
0.29533932,-1.8122395,0.6583618,0.4961521,0.4115329,-1.1204364,-1.1756853,-1.0526688,0.2856413,-0.7721747,0
0.29039237,-1.7181718,0.70002544,0.4981647,0.41310355,-1.1236917,-1.1349833,-1.2073579,0.3619192,-0.8214543,0
0.3218408,-1.6667788,0.7340849,0.4949773,0.3307357,-1.1214,-1.252973,-1.2035042,0.41514993,-0.8208028,0
0.25949702,-1.6785686,0.61738545,0.57714623,0.42990595,-1.0961926,-1.2970319,-1.2557449,0.28955004,-0.8193431,0
0.17618705,-1.6775217,0.5861937,0.70773077,0.36303648,-1.0844961,-1.2744724,-1.4155554,0.08755722,-0.6055605,0
0.123352595,-1.700191,0.5975173,0.6387477,0.31264117,-1.070054,-1.2225662,-1.5019331,0.017372314,-0.5792896,0
0.2256546,-1.7037423,0.5247753,0.5639941,0.34490913,-1.0710067,-1.1589453,-1.4301629,-0.11596614,-0.55578375,0
0.11287492,-1.7515019,0.43007815,0.667944,0.32575223,-0.95724154,-1.1788114,-1.5255804,-0.2527909,-0.69646543,0
0.056100994,-1.6813204,0.4336483,0.5857974,0.25362363,-0.9942272,-1.2449826,-1.5795863,-0.072236195,-0.7319161,0
0.026457665,-1.6643993,0.3216254,0.5751095,0.4493341,-1.030596,-1.1804765,-1.53119,0.08097932,-0.8866933,0
0.083669096,-1.7921486,0.15395598,0.46916538,0.39926764,-0.930109,-1.2468138,-1.5702974,0.11600666,-0.6921208,0
-0.06894474,-1.6993004,0.09159669,0.36298224,0.4035651,-0.97013426,-1.2632283,-1.6465359,0.1682932,-0.7268462,0
-0.08420543,-1.7477711,0.1446598,0.41893002,0.6035651,-1.0046883,-1.1538348,-1.5556433,0.08456255,-0.7557944,0
0.019213237,-1.5604373,0.053981006,0.2636127,0.7086722,-0.9308071,-1.3253994,-1.6491798,0.17013296,-0.70309675,0
-0.023049753,-1.6030419,0.07574435,0.3222869,0.6822419,-0.79939616,-1.278663,-1.5169526,0.23038815,-0.7353627,0
-0.113049135,-1.7058737,0.11371963,0.38440678,0.7089867,-0.7473655,-1.1933675,-1.4724631,0.38414416,-0.82547617,0
-0.101825014,-1.6870711,0.22305103,0.51994574,0.77285653,-0.53547066,-1.2703229,-1.5160725,0.50176233,-0.880529,0
-0.17203581,-1.6625776,0.1434671,0.6140231,0.7428679,-0.6617926,-1.1534308,-1.327445,0.52634823,-0.83459485,0
-0.19701529,-1.6393844,0.11702408,0.5947473,0.76150084,-0.63028115,-1.2179143,-1.5274451,0.51864725,-0.76067376,0
-0.2818656,-1.5261586,0.120986804,0.75751626,0.8069089,-0.43028116,-1.1475909,-1.4220953,0.6846426,-0.82606316,0
-0.30109927,-1.4323385,0.23923144,0.83487207,0.72152674,-0.27415773,-1.1536282,-1.5944617,0.50325435,-0.9863774,0
-0.26432225,-1.3258148,0.28108552,0.9204851,0.7666792,-0.13423887,-1.0740496,-1.5460737,0.54875135,-1.0939273,0
-0.22712716,-1.2325525,0.4550238,0.9136177,0.68239623,-0.25394142,-1.0550238,-1.5191464,0.45277426,-1.1780279,0
-0.30079475,-1.0325525,0.48457626,0.8704393,0.71969813,-0.20361972,-1.0309329,-1.5451546,0.4238063,-1.3611686,0
-0.40740445,-1.1211202,0.52073807,0.8459766,0.6528986,-0.31610093,-1.0594199,-1.6172367,0.5079911,-1.4050494,0
-0.43602157,-1.0696735,0.6086917,0.831414,0.61455184,-0.36258054,-1.0209742,-1.5599098,0.70490646,-1.4567735,0
-0.4159836,-1.1553403,0.5916282,0.9105116,0.55723464,-0.40470487,-1.0637487,-1.4516581,0.6752882,-1.4642091,0
-0.34187594,-0.93443507,0.46007037,1.0506941,0.5655697,-0.45880622,-1.1178052,-1.4411922,0.5974583,-1.5749532,0
-0.2391393,-1.0662559,0.36712894,1.136903,0.57563627,-0.5833578,-1.0278676,-1.4670731,0.4886011,-1.5031193,0
-0.2298658,-1.1856557,0.41038847,1.233968,0.5708336,-0.5456265,-1.0894502,-1.2456193,0.65998584,-1.4327164,0
-0.038953453,-1.1908972,0.47976047,1.2475603,0.5336422,-0.56589675,-1.034445,-1.2911944,0.8599858,-1.2327163,0
-0.0075066835,-1.3030385,0.44887075,1.2478943,0.5124442,-0.6877462,-0.9315717,-1.2818444,0.72065645,-1.2366096,0
0.13665222,-1.3464078,0.32685328,1.2569757,0.4288805,-0.67679226,-0.93771315,-1.4204175,0.7896354,-1.0802592,0
0.099596374,-1.3348862,0.29755875,1.2662867,0.3768755,-0.6828988,-1.0389476,-1.3450905,0.77648836,-1.1900147,0
0.2987381,-1.3635633,0.37188566,1.2610961,0.44909143,-0.6634497,-0.9933784,-1.3502022,0.65218514,-1.1983534,0
0.36154208,-1.2761549,0.39216438,1.3467082,0.47623697,-0.6155159,-0.81148094,-1.220701,0.81704795,-1.0986878,0
0.5615421,-1.1727532,0.34545115,1.3696282,0.49455634,-0.50033283,-1.0114809,-1.3104191,0.8308516,-0.90814817,0
0.37748206,-1.1212918,0.39520547,1.2131888,0.54990536,-0.5756535,-1.0640445,-1.2309873,0.80041385,-0.9242713,0
0.33418167,-1.1995621,0.5440194,1.243837,0.5044812,-0.38204947,-0.95061165,-1.239519,0.7412577,-1.0683079,0
0.34578946,-1.22297,0.48028272,1.2210565,0.62436396,-0.5271963,-0.8752586,-1.2384855,0.853758,-1.1647791,0
0.48959786,-1.282239,0.44912347,1.3950436,0.7245383,-0.6227801,-0.9514091,-1.1111653,0.86808795,-1.0779818,0
0.40357977,-1.3287109,0.5053817,1.2820213,0.6240398,-0.7206822,-0.88866067,-1.2618495,0.8635378,-1.0659142,0
0.35066634,-1.366873,0.57463175,1.1129564,0.539647,-0.8526227,-0.72148824,-1.4086311,0.8870326,-1.0209956,0
0.44246775,-1.2684892,0.73875135,1.0720124,0.6150148,-0.9326822,-0.6450901,-1.3662117,0.81442547,-1.142843,0
0.445377,-1.2128179,0.7932336,1.0959351,0.7292295,-0.9717288,-0.618371,-1.3845209,0.7156464,-1.0423846,0
0.34350467,-1.2483373,0.83698153,1.0592049,0.61946166,-1.0241026,-0.5971706,-1.4627537,0.7694217,-0.9385676,0
0.2920569,-1.3219824,0.7001253,1.0610282,0.50084054,-0.99787676,-0.5166271,-1.5939997,0.7815815,-0.9412228,0
0.4147438,-1.2819062,0.6408637,1.0910804,0.4337699,-1.0527449,-0.5714919,-1.633456,0.7066049,-0.8905284,0
0.2782452,-1.3127633,0.5981107,1.2121837,0.28984097,-0.9367808,-0.563401,-1.5503464,0.85774773,-0.9000095,0
0.2987959,-1.248478,0.5929416,1.2287922,0.20395187,-0.8767824,-0.5915241,-1.3692718,0.9337232,-1.1000096,0
0.3067967,-1.0985802,0.5462067,1.3929874,0.15755524,-0.9898409,-0.5411153,-1.338644,0.91011435,-0.96144813,0
0.25368896,-1.0127797,0.7143836,1.4278663,0.27169523,-1.0767494,-0.6364377,-1.259251,0.9070984,-1.1462859,0
0.41592515,-1.0604975,0.73434806,1.3665506,0.25471723,-1.144788,-0.5388347,-1.260898,0.7070984,-1.2192818,0
0.33787966,-1.0521698,0.88742226,1.3473897,0.21853627,-0.9369252,-0.6515005,-1.2755102,0.7169041,-1.2980299,0
0.42184624,-0.8665923,0.910056,1.3225286,0.09107163,-1.0455501,-0.7534957,-1.3964815,0.6746336,-1.1913283,0
0.35652977,-0.8366354,0.8908721,1.4259189,0.024833255,-1.1956455,-0.63722044,-1.4146843,0.55136573,-1.0064073,0
0.36248627,-1.0359975,0.69087213,1.4067943,0.22483325,-1.1287555,-0.6415304,-1.3766099,0.4987511,-1.0069598,0
0.2886538,-1.1192805,0.56443006,1.3451384,0.16186886,-1.0334948,-0.6877685,-1.4292507,0.5345337,-0.92843544,0
0.28264847,-1.0600224,0.64065826,1.29156,0.28439134,-0.94137394,-0.6485233,-1.3767612,0.45732132,-0.9128469,0
0.38981655,-0.98087126,0.5204291,1.3766991,0.2492821,-1.0028003,-0.57913435,-1.4290646,0.59381664,-0.97672075,0
0.4051516,-0.97792464,0.51192313,1.4597455,0.122811064,-0.9345659,-0.7623885,-1.5494249,0.57730687,-0.8723955,0
0.4584687,-0.8207408,0.6983533,1.4436996,0.09663845,-1.0007052,-0.78397936,-1.6136575,0.54814476,-1.0072237,0
0.47092322,-0.7082931,0.8815628,1.3944877,0.03907793,-0.92649394,-0.77953297,-1.6212565,0.4412576,-1.1242915,0
0.5140837,-0.6300893,0.9108716,1.2719313,-0.14020446,-0.89921796,-0.8260052,-1.6131586,0.4239136,-1.2643937,0
0.4531128,-0.653074,1.1074783,1.2845554,-0.20839396,-0.91908133,-0.8805963,-1.4588649,0.43782517,-1.176238,0
0.5457296,-0.64177835,1.1483648,1.2395799,-0.26901415,-0.85012096,-0.83441955,-1.502155,0.62092435,-1.1408998,0
0.57137084,-0.56871605,1.2141935,1.1821936,-0.23962973,-0.93402106,-0.668239,-1.4662213,0.53710747,-1.2898054,0
0.49864528,-0.66326016,1.2108442,1.2165813,-0.2629829,-0.9356944,-0.6413279,-1.2913196,0.5151092,-1.2820626,0
0.4803486,-0.6657453,1.1734904,1.2018315,-0.09598914,-0.84308916,-0.69680023,-1.2618546,0.6103471,-1.2471181,0
0.6080739,-0.7410156,1.276199,1.1769232,0.0838485,-0.852181,-0.7566338,-1.296213,0.73515475,-1.2413503,0
0.77870893,-0.57450914,1.1660376,1.0581129,0.06274324,-1.0424584,-0.79226756,-1.3082986,0.6442264,-1.3188208,0
0.82705134,-0.5694847,1.0733229,1.1345322,0.11091766,-0.85695356,-0.6286481,-1.3716372,0.5490777,-1.3668809,0
0.9358997,-0.7318741,0.9679061,1.1949008,0.07673062,-0.91794485,-0.7057003,-1.2341242,0.6623327,-1.3840349,0
0.94350594,-0.7680729,0.8879813,1.2683129,0.035193473,-0.76481175,-0.81726545,-1.2434014,0.46233273,-1.3748208,0
0.9189241,-0.7162821,1.0300895,1.2997799,-0.056444325,-0.8614589,-0.7874876,-1.0169288,0.3810397,-1.5320691,0
0.9854685,-0.81837165,1.1001024,1.2721841,-0.008786611,-0.9127647,-0.84656334,-0.93382746,0.27040863,-1.332069,0
0.80878204,-0.7546586,0.9296208,1.2217273,-0.018802887,-1.1127647,-0.9633124,-0.8773181,0.2606742,-1.3860996,0
1.008782,-0.86150604,0.8155663,1.160306,0.033683084,-0.9127647,-0.8888022,-0.9319215,0.3417796,-1.4600703,0
0.90978366,-0.93339443,0.8233046,1.1110611,-0.10002756,-0.97085327,-0.92145854,-0.9759085,0.37440792,-1.579416,0
0.8499816,-0.8759264,0.86504865,1.1414661,0.02141922,-0.9678489,-0.9075259,-0.9256322,0.17440791,-1.5864906,0
0.6499816,-0.8956396,1.0017022,1.0932277,-0.05171951,-1.009879,-1.0035673,-0.7892566,0.0891925,-1.5813576,0
0.79471046,-0.929327,1.1344969,1.11283,-0.09578431,-0.97155184,-0.9308006,-0.954836,0.021970155,-1.4992131,0
0.6849684,-0.9666698,0.93449694,1.1708705,0.044061974,-0.9643444,-0.9455532,-0.8196573,0.12300847,-1.4910233,0
0.7387131,-1.0264919,0.935293,1.3689543,0.023899926,-1.0339965,-0.8900255,-0.8522078,0.24804558,-1.4149767,0
0.5643971,-1.137474,0.7317807,1.4045542,0.0029088233,-0.8826726,-1.0742743,-0.7303489,0.0473513,-1.5525775,0
0.54403454,-1.2419662,0.7976533,1.3414371,-0.001433174,-0.68149775,-1.0252184,-0.7432284,-0.03637043,-1.6299129,0
0.46400496,-1.2924243,0.7554972,1.2458653,-0.016773827,-0.6851643,-1.1653713,-0.7080524,-0.11672389,-1.6274511,0
0.5253118,-1.2273825,0.8265456,1.2033942,0.012108932,-0.7289919,-1.2396909,-0.67795163,-0.1612446,-1.5912943,0
0.52106357,-1.2927309,0.84712917,1.0966762,-0.07631783,-0.90130556,-1.2259047,-0.7343889,-0.18663141,-1.4972762,0
0.48271862,-1.2971585,0.96410286,1.1647103,-0.13571316,-0.9837695,-1.1522195,-0.76494485,-0.07917487,-1.3758919,0
0.36498457,-1.1770912,1.0706284,1.0844342,-0.1891066,-1.103707,-1.1555882,-0.8068631,0.0073434133,-1.3851361,0
0.35481843,-1.1634698,1.0944631,1.0552877,-0.089123696,-1.0267291,-1.1744778,-0.76441807,0.16748618,-1.4680121,0
0.39844853,-1.1694977,1.2267331,0.8508128,-0.12915675,-1.0271128,-1.0923979,-0.92085993,0.34244496,-1.4193411,0
0.3254804,-1.1603584,1.026733,0.69574666,-0.248106,-1.2271129,-1.1088353,-0.7508382,0.16643588,-1.5711862,0
0.21443464,-1.0502417,1.0819645,0.5892749,-0.24141118,-1.4132338,-1.2811103,-0.729879,0.35132465,-1.4072,0
0.24288131,-1.0920944,1.083691,0.68173766,-0.1399011,-1.2995687,-1.1371613,-0.6388268,0.29946616,-1.4413744,0
0.34463596,-1.1471024,1.0685012,0.683325,-0.11201082,-1.2443002,-1.0869428,-0.53055567,0.2715178,-1.542601,0
0.16814896,-1.0829804,1.2133651,0.5810461,-0.072074145,-1.4059917,-1.1231674,-0.56685615,0.3239896,-1.5097353,0
0.30635226,-0.8829804,1.305772,0.5592115,-0.20094515,-1.5328102,-1.0420387,-0.51911265,0.14605281,-1.3810791,0
0.5022155,-0.6829804,1.3734334,0.56478304,-0.30265984,-1.5241755,-0.8796234,-0.5551629,0.03060875,-1.2536554,0
0.61904776,-0.77479994,1.3144423,0.4517953,-0.24600752,-1.5732447,-0.8384644,-0.43723416,0.07624473,-1.354827,0
0.64587444,-0.97479993,1.2946079,0.4816679,-0.19183588,-1.4867909,-0.7404845,-0.36811095,-0.044446886,-1.4249288,0
0.67228246,-1.0361953,1.2601663,0.5589678,-0.24658206,-1.3363088,-0.7703186,-0.2238077,-0.24444689,-1.517988,0
0.82262486,-0.9953871,1.3058448,0.63155705,-0.24683133,-1.4376285,-0.6046037,-0.19847086,-0.086186975,-1.4661026,0
0.839637,-1.0239995,1.2969289,0.70937645,-0.38434535,-1.5127598,-0.6650664,-0.12943204,-0.069151446,-1.4700963,0
0.86145425,-0.99191886,1.4091843,0.50937647,-0.37307486,-1.4523963,-0.69755954,-0.18458888,-0.22664145,-1.4691335,0
0.90095353,-0.93435055,1.3932488,0.6006882,-0.3645364,-1.2943376,-0.7836104,-0.23211066,-0.16433837,-1.5331081,0
0.73062485,-1.0805004,1.4925351,0.66757214,-0.26705793,-1.237131,-0.7515896,-0.34260818,-0.30514562,-1.4993995,0
0.62333316,-1.099598,1.3889626,0.7529791,-0.15637851,-1.3189979,-0.75824463,-0.28259537,-0.20060559,-1.5642564,0
0.8164665,-1.0731252,1.3251643,0.6053809,-0.12295975,-1.2075783,-0.8054595,-0.24285036,-0.0006055832,-1.6504437,0
0.8327122,-1.1199094,1.3452073,0.5020945,-0.07169103,-1.0680727,-0.85044104,-0.40303376,-0.1977212,-1.7088047,0
0.8716053,-1.2193253,1.4958571,0.45359847,-0.14738369,-1.0110719,-0.8138591,-0.2509015,-0.23821715,-1.5761204,0
0.8720155,-1.0178063,1.5354317,0.4412228,0.014644043,-1.0172179,-0.8264228,-0.23728421,-0.269203,-1.6747345,0
0.9042931,-1.0496014,1.4729464,0.43070778,0.09533288,-0.8343305,-0.95522034,-0.27690727,-0.35724103,-1.7039868,0
0.8851403,-1.1191704,1.6112816,0.5069688,0.07635185,-0.7421443,-0.8933908,-0.20957291,-0.32474306,-1.5811617,0
0.9221492,-1.0497507,1.6987693,0.5144863,0.003923476,-0.66270334,-1.0217623,-0.13413107,-0.27872008,-1.522592,0
0.8972034,-0.9398147,1.5626385,0.7144863,-0.026118755,-0.6194675,-1.1090182,-0.13998578,-0.3546466,-1.564223,0
0.9784574,-0.9874119,1.5110762,0.76462877,-0.014979028,-0.6764984,-1.1989751,-0.2206211,-0.24583647,-1.4704108,0
0.8919233,-1.0590403,1.5517421,0.9541893,0.14762017,-0.47462168,-1.0268877,-0.3003463,-0.28529114,-1.5137274,0
0.84201604,-1.1368889,1.5190953,1.0036348,0.027426193,-0.39989293,-1.0513681,-0.32166916,-0.29036972,-1.4932292,0
0.8683086,-1.0761665,1.488063,1.0712796,0.1136815,-0.3445216,-1.0449332,-0.43166307,-0.4192881,-1.4020787,0
0.8292415,-1.1645929,1.4418927,1.1702703,0.12617272,-0.20807874,-0.8737993,-0.5427596,-0.30892855,-1.5148361,0
0.75734514,-1.1364739,1.4165071,1.3106352,0.05692379,-0.07273628,-0.75949234,-0.6704049,-0.31677678,-1.4203622,0
0.6948919,-1.1655849,1.3897805,1.1894124,0.012422808,-0.17782132,-0.76051193,-0.8195767,-0.4838455,-1.5153807,0
0.64557266,-1.0918097,1.3609835,1.2179775,0.1185965,-0.271101,-0.7938673,-0.7825155,-0.5121802,-1.5429808,0
0.70575625,-1.0990211,1.2439514,1.090403,0.16787659,-0.29183128,-0.8956318,-0.63519466,-0.53957605,-1.7168422,0
0.68248785,-1.2554084,1.1168555,0.94773257,0.25363737,-0.17047049,-0.91138375,-0.79501265,-0.46024147,-1.7449112,0
0.67908645,-1.256343,1.1673348,1.0329838,0.32507065,-0.28978983,-0.9252737,-0.6305404,-0.47558206,-1.691502,0
0.5656923,-1.318633,1.1575397,1.0862888,0.30594927,-0.13581835,-0.9297368,-0.5804859,-0.5667381,-1.6254449,0
0.5782139,-1.4854554,1.0778817,1.2362895,0.14614667,-0.030196587,-0.9307461,-0.42125764,-0.6513229,-1.5095073,0
0.5525856,-1.5410951,0.8778817,1.2266009,0.23099732,-0.114171885,-0.7490084,-0.22125764,-0.6352488,-1.4838603,0
0.4388794,-1.5596684,0.949861,1.1934471,0.243245,-0.31417188,-0.7152456,-0.3013769,-0.6117604,-1.6353757,0
0.46591565,-1.7005092,0.8655254,1.2985762,0.2702144,-0.31214932,-0.639635,-0.34739435,-0.6706931,-1.5184395,0
0.45689696,-1.7049005,0.972116,1.2481285,0.30756873,-0.26084453,-0.5900257,-0.3836112,-0.5500411,-1.5560374,0
0.41001594,-1.6374267,0.8698516,1.244628,0.25844616,-0.3046356,-0.48617142,-0.3992044,-0.48646757,-1.7325969,0
0.4348817,-1.6317847,0.7416567,1.2577116,0.28721035,-0.25524947,-0.43576673,-0.39085224,-0.6180615,-1.7731224,0
0.41259247,-1.691467,0.6476402,1.1756574,0.25830215,-0.29181656,-0.5178032,-0.30840904,-0.76729894,-1.750211,0
0.42390636,-1.706338,0.61955976,1.132878,0.24839489,-0.14468727,-0.6892435,-0.48818067,-0.6541112,-1.7371167,0
0.5307735,-1.7467712,0.7764635,1.140107,0.20772567,-0.14470255,-0.7250406,-0.44447282,-0.60462403,-1.6126639,0
0.45406982,-1.8379364,0.6035691,1.1012033,0.35927603,-0.05956134,-0.6424853,-0.54612917,-0.768304,-1.5507753,0
0.46385756,-1.8013495,0.7299348,1.0842144,0.3029178,-0.043678127,-0.70836246,-0.5917139,-0.63763684,-1.574643,0
0.5283066,-1.7525543,0.70663583,1.2563924,0.23263025,-0.012185287,-0.59124994,-0.5931003,-0.5497723,-1.3839285,0
0.42172414,-1.7736602,0.69741905,1.2960379,0.19796017,0.036132276,-0.6040707,-0.6481826,-0.6085168,-1.2465527,0
0.48361635,-1.9736602,0.5968509,1.2035174,0.10021246,-0.025583055,-0.62542844,-0.668763,-0.40851682,-1.2847052,0
0.43620905,-2.0465229,0.79685086,1.144956,0.15656352,0.022213887,-0.7770471,-0.71545285,-0.20851682,-1.1969149,0
0.4197306,-1.9315083,0.8980656,1.0725081,0.10951668,0.13222884,-0.80697,-0.69265425,-0.33790103,-1.1410352,0
0.33331722,-1.8421377,0.8160386,0.92200416,0.12349996,0.16213208,-0.69866675,-0.6895609,-0.48007005,-1.2893475,0
0.3203727,-1.8177097,0.7185594,1.0294154,0.061596427,0.10677837,-0.656152,-0.5574549,-0.46016443,-1.3546906,0
0.3866254,-1.8602861,0.7432589,1.0387267,-0.008040849,0.30110794,-0.7495381,-0.66786194,-0.3952059,-1.3346131,0
0.43113497,-1.8667352,0.7185452,0.89962155,-0.02638594,0.33151793,-0.55908614,-0.7579187,-0.5448126,-1.4035665,0
0.43616313,-1.9493803,0.79721236,0.9833624,0.01809439,0.2671523,-0.55350137,-0.57305586,-0.34481263,-1.2492763,0
0.38080236,-2.058918,0.6636877,0.97370774,-0.02815568,0.20162624,-0.5336729,-0.43843174,-0.22172354,-1.3416691,0
0.24749056,-2.213886,0.6882959,1.1444272,0.017405167,0.18881346,-0.5397668,-0.53487414,-0.16437055,-1.2702689,0
0.28274086,-2.1075678,0.64123297,1.0963341,-0.04824888,0.22489184,-0.41396075,-0.675188,-0.2878818,-1.2249559,0
0.18242735,-1.9984808,0.6329348,1.2146225,-0.113608405,0.2654136,-0.4603162,-0.81812954,-0.25564203,-1.1230221,0
0.35289106,-1.9676759,0.6005791,1.4146225,0.011652365,0.25479496,-0.4849206,-0.87721044,-0.22222885,-1.0680367,0
0.31210423,-2.0912013,0.61478007,1.3392128,0.097873904,0.2545439,-0.591608,-1.0337417,-0.09607956,-0.8680367,0
0.22116669,-2.1511807,0.62949014,1.3294715,0.16003972,0.05291597,-0.64585155,-0.8134384,-0.019753844,-1.025741,0
0.4211667,-2.0345607,0.8294901,1.4246376,0.13468014,-0.101625025,-0.57714427,-0.7874105,-0.11364965,-0.9639066,0
0.49043947,-2.0624347,0.76837915,1.3656073,0.13861075,-0.09090106,-0.5702108,-0.7995919,-0.1620856,-1.0160258,0
0.575306,-2.0407872,0.87048894,1.3481128,0.020989107,-0.027969908,-0.5592826,-0.7392208,-0.24939045,-1.0031897,0
0.375306,-1.990033,0.8296362,1.4973221,-0.008004542,-0.003919296,-0.5222172,-0.8455056,-0.051829353,-0.95339876,0
0.40009722,-1.9368525,0.82024366,1.3737665,-0.14316641,0.014624184,-0.44846222,-0.94673026,-0.14797634,-1.0695283,0
0.48196986,-1.9826615,0.9515591,1.3844874,-0.2672519,-0.07447375,-0.5504682,-0.86780316,-0.13468415,-0.9291298,0
0.4945922,-1.932556,1.0285435,1.227709,-0.13266784,-0.06766251,-0.69354045,-0.7565803,-0.0052139014,-1.1291298,0
0.5280673,-1.9352705,0.88985837,1.195553,-0.14402387,-0.13503784,-0.7644794,-0.8482181,-0.06503769,-1.1864091,0
0.5159059,-1.8386472,0.91128385,0.99555296,-0.28900066,-0.33503783,-0.5644794,-0.8189736,-0.067330725,-1.1910014,0
0.57317317,-1.7991862,0.87183195,1.1210511,-0.39626276,-0.5350378,-0.4599558,-0.81179357,-0.030108731,-1.288842,0
0.7212759,-1.6691962,0.94396055,1.2360191,-0.29529816,-0.41554946,-0.4384753,-0.62626404,-0.034937505,-1.3631229,0
0.7137403,-1.6946092,0.87024605,1.3000375,-0.34906313,-0.21627076,-0.37084273,-0.7582182,-0.10057518,-1.3561515,0
0.7479383,-1.6171098,0.8978543,1.2676557,-0.5067996,-0.25953135,-0.45139897,-0.55821824,-0.16902584,-1.2371788,0
0.70212287,-1.6921308,0.7603536,1.3836294,-0.5364437,-0.17732933,-0.61169964,-0.6447621,-0.19163816,-1.2013211,0
0.6553939,-1.7714878,0.74277884,1.3812997,-0.50732595,-0.2782595,-0.5869416,-0.48815492,-0.0913506,-1.0365709,0
0.8553939,-1.8938242,0.71893924,1.3699805,-0.5148888,-0.13587204,-0.45294005,-0.41438693,-0.09097587,-1.175212,0
0.8023337,-1.8085481,0.7925894,1.3608177,-0.428493,-0.15792614,-0.6018044,-0.40513438,-0.19811845,-1.0904478,0
0.9473921,-1.8005161,0.7061866,1.435174,-0.45240304,-0.12012215,-0.63156056,-0.37121698,-0.32177493,-0.99275815,0
0.8375861,-1.7975173,0.74793965,1.5157164,-0.5613599,0.07979986,-0.6383171,-0.3860583,-0.484604,-1.0477345,0
0.6191129,-1.8710127,0.5971522,1.6541173,-0.5579927,-0.046462364,-0.61471605,-0.27841416,-0.5761992,-0.9604201,0
0.6768519,-1.946934,0.46727413,1.5616988,-0.6050947,-0.21185702,-0.4610088,-0.2815938,-0.49372795,-0.9211813,0
0.5738799,-1.8957788,0.38308537,1.5595897,-0.63906205,-0.17197633,-0.31975496,-0.1867215,-0.54954183,-0.931627,0
0.5516159,-1.7911739,0.58308536,1.5278488,-0.59150094,-0.122909665,-0.24697976,-0.112955056,-0.34954184,-0.9223911,0
0.47640625,-1.7522622,0.38308537,1.4898721,-0.60438013,-0.22778255,-0.35250628,-0.009208009,-0.54954183,-1.1223911,0
0.46580613,-1.7616882,0.3291782,1.6573013,-0.6641606,-0.22510633,-0.44449747,0.11781366,-0.713033,-1.0783165,0
0.2772845,-1.9543324,0.34140357,1.651696,-0.7076039,-0.35125127,-0.32999206,0.17823477,-0.7075423,-0.98018813,0
0.44771215,-2.0011542,0.2641842,1.5918787,-0.64760184,-0.16494763,-0.33425665,0.04733047,-0.8903247,-0.9153269,0
0.2530339,-1.994782,0.18531898,1.6015553,-0.7375455,-0.17348842,-0.39882216,0.24660434,-0.737675,-1.0096475,0
0.29054508,-2.0061264,0.16267143,1.6426953,-0.62723,-0.07373175,-0.5538303,0.29211715,-0.78597414,-0.87032187,0
0.16260092,-2.0797358,0.22803625,1.642725,-0.6321492,0.07427235,-0.50949514,0.3049141,-0.6170638,-0.6703219,0
0.17666693,-2.1783383,0.04708291,1.6300585,-0.5452333,-0.027006939,-0.5478028,0.10779118,-0.73479193,-0.64396346,0
0.08068475,-2.0835245,0.118304744,1.825092,-0.49564362,-0.11358153,-0.47385406,0.113924436,-0.5690404,-0.6982646,0
0.052162103,-1.9274822,0.26564002,1.8703767,-0.35803077,0.027645476,-0.58373946,-0.01383731,-0.7377177,-0.83612,0
0.020177655,-1.8090429,0.33054405,1.6703767,-0.4660312,0.14952838,-0.43597513,-0.032003768,-0.82802963,-0.7369533,0
0.013451545,-1.6090429,0.21042293,1.6049025,-0.4783025,0.22271648,-0.6359751,-0.23200378,-0.92491084,-0.73676705,0
-0.0071954243,-1.6708982,0.2562917,1.7784714,-0.5674998,0.27375105,-0.6911764,-0.18663205,-0.8907998,-0.73513776,0
0.10145995,-1.7200899,0.31158698,1.6448712,-0.43199533,0.3295324,-0.63943636,-0.2756779,-0.79118407,-0.79365134,0
0.11657939,-1.7672745,0.3175082,1.5641094,-0.44409466,0.26798385,-0.76257855,-0.45556855,-0.7242637,-0.8771112,0
0.18482484,-1.7190937,0.32599166,1.4660863,-0.44320783,0.1841129,-0.6518003,-0.55530816,-0.6389393,-1.0771112,0
0.21104395,-1.6846942,0.22304836,1.3429691,-0.5419756,0.21050507,-0.8211097,-0.35530818,-0.51989794,-0.9021224,0
0.27189603,-1.6471455,0.25309905,1.467551,-0.5686244,0.3030833,-1.0211097,-0.28921002,-0.39604765,-0.99051785,0
0.47189605,-1.5843769,0.22474992,1.3951256,-0.6555148,0.24654621,-1.0000532,-0.32253572,-0.39470193,-0.9971334,0
0.42366958,-1.5799576,0.02474992,1.5275171,-0.59629023,0.2948263,-1.1439435,-0.30070338,-0.4204877,-1.1213806,0
0.29446113,-1.6143674,-0.040245287,1.6021258,-0.4655574,0.29814205,-1.189597,-0.37690863,-0.45927513,-1.1901896,0
0.2790556,-1.6560829,-0.08576788,1.5874412,-0.44852966,0.26142463,-1.099098,-0.21968557,-0.34543127,-1.1244816,0
0.23674443,-1.540201,-0.005177319,1.4894423,-0.38561025,0.15939525,-1.1015489,-0.3505832,-0.22239634,-1.0216811,0
0.08463247,-1.5430634,0.031941857,1.5421206,-0.3947781,0.13443696,-1.1704954,-0.4429326,-0.26036778,-1.1660256,0
0.071987525,-1.4847924,0.1382947,1.4839959,-0.5162528,0.08548539,-1.1348518,-0.4137788,-0.15837313,-1.2464286,0
-0.017115168,-1.450982,0.31800902,1.2892808,-0.48477957,-0.11451461,-1.154777,-0.21377881,-0.3042755,-1.2428286,0
0.05763916,-1.4425254,0.29248473,1.4892808,-0.595132,-0.1890713,-1.1726352,-0.16060826,-0.46956614,-1.3670958,0
0.04056996,-1.5591582,0.33715105,1.5952723,-0.61814535,-0.20353636,-0.99604875,-0.05652017,-0.44158107,-1.28557,0
-0.0751919,-1.7285898,0.53186005,1.5006624,-0.6764543,-0.20723565,-1.0756596,-0.104815215,-0.5561456,-1.2221276,0
-0.08446124,-1.8100564,0.614071,1.3526691,-0.590302,-0.1909653,-1.1509148,-0.0723462,-0.5779756,-1.1464932,0
-0.25548768,-1.6648401,0.74051726,1.2319742,-0.7731159,-0.14585625,-1.0434973,-0.0596358,-0.6958569,-1.0877768,0
-0.19411795,-1.6478049,0.69540626,1.3732005,-0.753425,-0.07604949,-0.8925946,-0.135878,-0.7095915,-1.0652093,0
-0.14190082,-1.4990082,0.75835586,1.4384302,-0.66316354,0.11144176,-0.89701885,-0.12128786,-0.7134521,-1.0302981,0
-0.09009127,-1.6459469,0.55835587,1.2836863,-0.6256,0.21436487,-0.7917842,-0.16455321,-0.5513943,-1.0579522,0
-0.073307626,-1.7269778,0.41762406,1.3931239,-0.6857744,0.2301181,-0.7235235,-0.13672563,-0.3702541,-1.1853864,0
-0.011780959,-1.7148428,0.4538595,1.3269019,-0.74096835,0.23650727,-0.7545483,-0.27721143,-0.54593295,-1.3286959,0
0.12740342,-1.6859374,0.4489696,1.4556813,-0.6931952,0.25728765,-0.7348103,-0.21629205,-0.6358467,-1.2157595,0
0.24039662,-1.676046,0.54496086,1.4053335,-0.68815714,0.18214263,-0.8237683,-0.258246,-0.47716302,-1.388156,0
0.34496185,-1.6060508,0.49182162,1.4750745,-0.61632955,0.21953405,-0.8625603,-0.20463088,-0.388587,-1.5871128,0
0.2145915,-1.6255814,0.5636554,1.4769267,-0.46665746,0.3725339,-0.9430142,-0.36356995,-0.5776272,-1.4493976,0
0.13016033,-1.6449178,0.5299091,1.3628955,-0.5291061,0.180446,-0.9783862,-0.38857064,-0.7570944,-1.46461,0
0.3192361,-1.7236211,0.42652938,1.5072473,-0.47768953,-0.013167521,-0.99903256,-0.51699656,-0.6961494,-1.222767,0
0.42037258,-1.6543092,0.36899582,1.4241079,-0.42986885,-0.18270841,-1.0065212,-0.40325248,-0.83010167,-1.2470138,0
0.52742445,-1.6709654,0.2070735,1.3133945,-0.3671658,-0.3425302,-0.94200486,-0.532582,-0.7721778,-1.3620138,0
0.53658664,-1.6926477,0.20132372,1.2158035,-0.2561924,-0.43645903,-1.0490096,-0.704357,-0.6822483,-1.4178069,0
0.42374575,-1.7104015,0.16718334,1.2506474,-0.2035576,-0.39411035,-0.94938314,-0.74388963,-0.7093926,-1.3631352,0
0.4748171,-1.737725,0.16130471,1.1728903,-0.12037309,-0.37938464,-1.0279709,-0.8309219,-0.71993,-1.2955185,0
0.48137194,-1.6285377,0.09386486,1.238696,-0.117945425,-0.56868213,-1.2052877,-0.67269117,-0.7155834,-1.3484674,0
0.3867784,-1.5224196,0.18822905,1.0838656,-0.12458215,-0.56158435,-1.2996299,-0.59568036,-0.5155834,-1.4402645,0
0.3194,-1.6267087,0.030655786,1.0464612,-0.006789103,-0.6913717,-1.2853422,-0.5065756,-0.52960324,-1.3762052,0
0.40736178,-1.6214169,0.009059634,1.1297665,-0.0233174,-0.664077,-1.1797906,-0.3910805,-0.51288795,-1.5520258,0
0.37960234,-1.588606,0.17508131,1.0410929,-0.02502184,-0.8314495,-1.1192795,-0.22855222,-0.5524634,-1.7074928,0
0.24941674,-1.468113,0.015404915,1.0916841,-0.044683475,-0.8547347,-1.1602776,-0.30795696,-0.7000915,-1.7107444,0
0.29872394,-1.5108145,-0.07220776,1.0635314,0.029494502,-0.8628012,-1.1974553,-0.36264232,-0.7312395,-1.6267993,0
0.35420215,-1.5867038,-0.0931351,1.124105,0.109060995,-1.056602,-1.1659658,-0.21962751,-0.6010703,-1.4742715,0
0.32213348,-1.4818237,-0.2908869,1.0737032,0.26359367,-1.0966682,-1.1703421,-0.17814624,-0.6550286,-1.5363309,0
0.38588452,-1.4361373,-0.2770133,1.0603689,0.2975296,-1.1788778,-0.97881496,-0.04848858,-0.6270132,-1.6600094,0
0.28742558,-1.3184159,-0.40692252,0.94437385,0.17064612,-1.1021849,-0.9105157,-0.04594598,-0.5464805,-1.687528,0
0.4571137,-1.301511,-0.20692252,1.0046058,0.16152011,-0.98231107,-0.9374651,0.009300612,-0.5094875,-1.7065358,0
0.64303833,-1.2660325,-0.1043072,0.97681266,0.25252774,-1.0142624,-1.047148,-0.18842423,-0.47254714,-1.5265766,0
0.7517497,-1.0800636,-0.015408866,0.96799195,0.22378714,-1.0412009,-1.1664011,0.011575773,-0.4431898,-1.7079154,0
0.831643,-1.0371912,-0.1026637,0.9606139,0.2197856,-1.1191707,-1.1623522,0.21157578,-0.2431898,-1.6753981,0
0.79330355,-0.93155056,-0.0032907873,0.85624933,0.16875054,-1.1211565,-1.3623523,0.075449586,-0.23261589,-1.5952559,0
0.84088457,-0.9132792,-0.13951871,0.8284176,0.20142786,-1.2496033,-1.2041662,0.15981442,-0.2921109,-1.6458402,0
0.88764554,-0.94994086,-0.010403171,0.8967583,0.27983963,-1.2404784,-1.2067578,0.22813497,-0.12232496,-1.753568,0
0.92431986,-0.8482048,-0.13788241,0.9112268,0.3001231,-1.214769,-1.2020475,0.24923967,-0.12256089,-1.6851916,0
1.0806236,-0.75973505,-0.117678724,0.9996165,0.24399695,-1.2191362,-1.1551355,0.17886832,-0.20005944,-1.6381558,0
1.1396554,-0.7738854,-0.09743714,0.88824356,0.24516891,-1.2408063,-1.3203504,0.23712137,-0.24985272,-1.6595132,0
1.0775907,-0.6801317,-0.14304027,0.9158304,0.24153696,-1.357074,-1.282386,0.23040159,-0.316969,-1.6789743,0
1.1408497,-0.85408455,-0.112683944,0.81525457,0.27639067,-1.3684032,-1.2584811,0.24909328,-0.37921742,-1.5978479,0
1.2336508,-0.7917785,-0.24756466,0.8900827,0.21228582,-1.3333757,-1.1610038,0.1997845,-0.19010608,-1.6585284,0
1.2514418,-0.83828115,-0.14011255,0.95203346,0.24867041,-1.394297,-1.0784862,0.27382538,-0.3861481,-1.5530785,0
1.1294993,-0.713996,-0.06274057,0.85456735,0.32507133,-1.373086,-1.2742045,0.41050792,-0.35117307,-1.5106214,0
1.1605806,-0.72315824,-0.16535677,0.78958094,0.30975914,-1.2709751,-1.2893198,0.45485198,-0.46232158,-1.6385996,0
1.129013,-0.55816346,-0.02410403,0.82523364,0.49656793,-1.2100295,-1.4507803,0.41743937,-0.25553343,-1.636192,0
1.0329859,-0.62277323,-0.11251998,0.78808093,0.45872167,-1.2816399,-1.4432586,0.5905931,-0.25406936,-1.6006207,0
1.1470596,-0.5319739,-0.16039288,0.7194419,0.52305484,-1.3343027,-1.2910879,0.3905931,-0.26772803,-1.6345079,0
1.0674609,-0.5979331,-0.17404735,0.6915718,0.5564104,-1.3497181,-1.4302582,0.39937803,-0.3251796,-1.597568,0
0.9850837,-0.66495144,-0.015220717,0.8901099,0.49793902,-1.2691176,-1.3818612,0.42378768,-0.3609602,-1.5733749,0
0.9133242,-0.63779706,-0.09251695,1.0077497,0.5671436,-1.2435737,-1.4987743,0.2509707,-0.2885153,-1.572977,0
0.80492854,-0.56582195,-0.15355983,0.95488805,0.51677513,-1.1449063,-1.545678,0.11802048,-0.35727537,-1.7285777,0
0.6187295,-0.5446837,0.014919641,0.91474193,0.6618099,-1.1201689,-1.6118125,0.2936334,-0.2739096,-1.7411377,0
0.5494055,-0.563453,0.04939566,0.82444257,0.67310333,-0.9951293,-1.7166506,0.26580814,-0.35263786,-1.7644488,0
0.5909754,-0.63602847,0.18500516,0.83697814,0.6384821,-0.9837602,-1.7842491,0.06581164,-0.14945327,-1.710497,0
0.75772,-0.6550826,0.26388583,0.85746926,0.61499655,-0.9928782,-1.8379349,0.037008405,-0.04559342,-1.5640838,0
0.79000354,-0.7695903,0.21481808,0.8302168,0.6272662,-0.94812787,-1.7696059,0.1439367,-0.09061389,-1.4599305,0
0.9127375,-0.96261007,0.16580804,0.7938695,0.59892976,-1.1481279,-1.6799216,0.17738684,-0.12975289,-1.4083469,0
0.82280284,-1.0172951,-0.0020481558,0.7957944,0.68887675,-1.1911879,-1.6991152,0.14623037,-0.31037363,-1.3253772,0
0.6771953,-0.9390828,-0.015209284,0.7894452,0.5497195,-1.300783,-1.6403828,0.095521614,-0.19449653,-1.3506538,0
0.7343902,-1.0215802,0.002258259,0.7902442,0.47747365,-1.2899573,-1.6162041,-0.055896282,-0.3349141,-1.4741689,0
0.77629995,-1.0300496,-0.055384886,0.76102304,0.56920636,-1.2526616,-1.5600109,-0.12982482,-0.4466107,-1.2741688,0
0.8056209,-1.043789,-0.054830614,0.8697091,0.60122794,-1.1753939,-1.5215634,-0.16461878,-0.45227233,-1.0819077,0
0.8910223,-1.0888445,-0.17868902,0.9071897,0.6980027,-1.0799711,-1.4178085,-0.123536825,-0.28491116,-1.1913276,0
1.0466083,-1.0470773,-0.10314838,0.7451329,0.74452543,-1.085178,-1.4924947,-0.12724572,-0.22594689,-1.0084591,0
1.1871942,-1.0810288,-0.14640817,0.6765808,0.5536521,-0.9495158,-1.4882952,-0.2640605,-0.28534007,-0.8566103,0
1.1823915,-0.9601819,-0.26211557,0.75516844,0.50953424,-0.7496765,-1.4950258,-0.4640605,-0.36609992,-0.87454706,0
1.1254205,-1.1129494,-0.4141677,0.64060724,0.5904165,-0.9397432,-1.5736734,-0.2640605,-0.20305716,-0.9043597,0
1.1520447,-1.1648982,-0.56499815,0.6419558,0.5771894,-1.0685962,-1.3736733,-0.07493751,-0.21812959,-0.7043597,0
0.98855627,-1.1308628,-0.6234502,0.6005452,0.6165874,-0.9506446,-1.3811022,-0.23535886,-0.2268846,-0.782636,0
1.0481842,-1.1204911,-0.70126563,0.6359559,0.5876413,-0.9223033,-1.3775935,-0.37001216,-0.4268846,-0.6592968,0
1.0384219,-1.0473514,-0.6920907,0.58607805,0.6843143,-0.7924486,-1.4185641,-0.3449158,-0.36072063,-0.61004215,0
1.0282475,-0.8581673,-0.7256378,0.6193977,0.7848497,-0.7302357,-1.218564,-0.36398444,-0.37943262,-0.6789921,0
0.94022244,-1.0351278,-0.7414943,0.4922387,0.711633,-0.59623206,-1.2336493,-0.44861683,-0.36791357,-0.589124,0
0.97219545,-0.8351278,-0.69708323,0.58386457,0.86822027,-0.57381624,-1.2553896,-0.30822456,-0.51922053,-0.6813053,0
0.9445485,-0.8412331,-0.7035565,0.5201829,0.940599,-0.6491846,-1.0553895,-0.36600623,-0.6262443,-0.6615895,0
1.0565747,-1.0412331,-0.57211536,0.666808,1.0472127,-0.61903656,-0.85538954,-0.21712388,-0.6851699,-0.7172178,0
1.0681348,-0.9121095,-0.6912478,0.7405516,1.2122211,-0.5592528,-0.97684366,-0.16850488,-0.53541446,-0.8531961,0
0.96370524,-0.8503006,-0.7146672,0.7839992,1.2194338,-0.7592528,-1.1768436,-0.2441102,-0.33541447,-0.95064914,0
0.78928775,-0.93919945,-0.80870074,0.7978769,1.1629803,-0.7982997,-1.2800353,-0.3817593,-0.38963673,-0.9459086,0
0.7395215,-0.7929213,-0.7965402,0.6719887,1.1457019,-0.8885834,-1.1555169,-0.3634776,-0.5450611,-1.0564735,0
0.8005932,-0.8113531,-0.87020135,0.75362855,1.1073227,-0.92065316,-1.1704649,-0.2519758,-0.5722851,-1.0573491,0
0.7604617,-0.8062752,-0.93124557,0.72500014,1.0639368,-0.86156106,-1.1246899,-0.31785688,-0.657831,-1.0526448,0
0.6138776,-0.995865,-0.77199936,0.717371,1.0243038,-0.7520736,-1.2044982,-0.3425877,-0.72059083,-0.9808295,0
0.615242,-0.9313844,-0.60019964,0.7083238,1.1855474,-0.8491863,-1.1525815,-0.3382465,-0.52180153,-1.004361,0
0.6863391,-0.8624009,-0.60335946,0.6221926,1.1390643,-0.7293379,-1.0402077,-0.3284936,-0.59174323,-1.0267237,0
0.68205744,-0.9041057,-0.5050069,0.808884,1.1357405,-0.8177975,-1.17057,-0.42857736,-0.60871136,-0.91567653,0
0.7785742,-0.96305525,-0.4205001,0.9803163,1.0128571,-0.62269175,-1.1432134,-0.37541804,-0.7438716,-1.0395052,0
0.69237053,-0.76305526,-0.60179174,1.1803163,1.0938677,-0.74877906,-1.0671775,-0.5309314,-0.65865004,-1.2089235,0
0.49237055,-0.8694306,-0.47377783,1.1117855,1.0283952,-0.9371417,-1.1570153,-0.37144446,-0.8519002,-1.2487724,0
0.52204204,-0.8386321,-0.39154568,1.0837777,1.0247463,-0.86314005,-1.1189109,-0.48587853,-0.8326809,-1.3123162,0
0.6217183,-0.9847712,-0.18908042,1.1509348,0.9271323,-0.8018567,-1.301936,-0.61983836,-0.8276344,-1.420044,0
0.41686577,-1.0663854,-0.2516146,1.2304733,0.853707,-0.90876496,-1.1586385,-0.81040484,-0.8837065,-1.3329912,0
0.5420186,-0.95495546,-0.23764066,1.2508917,0.8865835,-0.9783063,-0.93681836,-0.94807535,-0.7528679,-1.4445324,0
0.3308991,-0.9985232,-0.2820894,1.4037211,0.8213463,-0.7530024,-1.0142852,-0.91114527,-0.79194105,-1.4545431,0
0.13532928,-0.9212011,-0.13723159,1.5305727,0.7677534,-0.52777904,-1.0401111,-0.8559293,-0.9466969,-1.4808486,0
0.29795232,-1.0470586,-0.16689497,1.5936774,0.6782846,-0.34268543,-0.96541,-0.8831529,-0.9273554,-1.4483662,0
0.35027647,-1.097462,-0.17053682,1.426902,0.7664842,-0.46336985,-0.944756,-0.7733729,-0.8807922,-1.4470398,0
0.16622536,-1.0848253,-0.15262233,1.5589463,0.7160065,-0.30551028,-0.87990594,-0.8091554,-0.98597634,-1.5280049,0
0.18479525,-1.1565244,-0.1692335,1.5310338,0.72877866,-0.35756192,-0.91751724,-0.7384835,-0.9267914,-1.4776255,0
0.017287655,-1.317741,-0.3102198,1.469088,0.6933588,-0.3801552,-0.83198625,-0.79877377,-1.0420638,-1.4026412,0
0.16038586,-1.2978916,-0.48906395,1.5308043,0.6426747,-0.47229257,-0.8400156,-0.59404624,-1.1403123,-1.3085445,0
-0.002702769,-1.1842123,-0.4380804,1.6647727,0.6360273,-0.3495227,-1.0003382,-0.6213355,-0.9044387,-1.3794239,0
-0.05424721,-1.1344398,-0.4553483,1.6826156,0.70423406,-0.50182205,-1.0498937,-0.65004224,-0.8055695,-1.3228838,0
-0.117705785,-1.1195707,-0.4602476,1.628868,0.70135427,-0.56237465,-1.0441989,-0.6304049,-0.89102894,-1.3333461,0
-0.10225282,-1.0917095,-0.3424845,1.5905021,0.53582656,-0.6376547,-1.1406101,-0.73683083,-0.9426041,-1.3132384,0
-0.15055776,-1.0910329,-0.18655956,1.6065886,0.56700546,-0.4193661,-1.2191411,-0.76831645,-0.91395193,-1.3273138,0
-0.19282901,-1.1055384,-0.28028333,1.6424226,0.591397,-0.33177063,-1.1575011,-0.7432109,-0.725272,-1.4444652,0
-0.20867781,-1.0491202,-0.1916006,1.6889364,0.68165207,-0.37476686,-1.2040285,-0.6388533,-0.7148778,-1.3883125,0
-0.25949335,-0.98358613,-0.12257906,1.7191994,0.6384495,-0.33773154,-1.225228,-0.58491164,-0.78599817,-1.3219662,0
-0.15481064,-0.8940564,-0.167255,1.5738041,0.5779404,-0.44409093,-1.3402922,-0.5069245,-0.6047811,-1.4088699,0
-0.16634995,-1.0083759,-0.15534243,1.6902095,0.42276314,-0.5024992,-1.3072624,-0.51607865,-0.66268,-1.492955,0
-0.12415743,-0.9752041,0.010537657,1.6401079,0.4945493,-0.3244733,-1.4075907,-0.43959737,-0.64312136,-1.5509588,0
-0.053278208,-0.94784623,0.006815208,1.6606901,0.5409271,-0.22087222,-1.2928784,-0.3352747,-0.74240434,-1.512679,0
-0.18068278,-0.9446902,-0.07881853,1.6145737,0.5393137,-0.18684302,-1.2885896,-0.27278137,-0.8175547,-1.378802,0
-0.38068277,-0.93347603,-0.22689523,1.596891,0.5985217,-0.16879544,-1.1911583,-0.16289103,-0.6175547,-1.2652442,0
-0.18068276,-0.97086775,-0.2961467,1.5951651,0.69313425,-0.2449561,-1.209336,-0.17528011,-0.53110814,-1.0930308,0
-0.34185487,-1.0301778,-0.38560084,1.6932595,0.86177826,-0.16588871,-1.1848942,-0.3520077,-0.5931282,-1.0666132,0
-0.3443719,-1.0339745,-0.2627552,1.5706204,0.78881896,-0.23520616,-1.1779475,-0.34212118,-0.62058157,-1.045058,0
-0.31928623,-1.0322019,-0.35446113,1.6371061,0.88378656,-0.34810156,-1.0995631,-0.4808774,-0.7379289,-0.9709577,0
-0.32329816,-1.034257,-0.49645752,1.632059,0.8869434,-0.3017351,-1.1422287,-0.39981383,-0.66956747,-1.0473685,0
-0.30022326,-1.0666673,-0.42314377,1.602217,0.8596303,-0.23218322,-1.2493911,-0.22439057,-0.6230399,-0.84736854,0
-0.23558217,-1.0237559,-0.35418597,1.7184144,0.8641096,-0.4184674,-1.2108812,-0.24775478,-0.54662967,-0.91938376,0
-0.18912038,-1.1704,-0.48739272,1.662996,0.78409725,-0.35484335,-1.2175721,-0.28017578,-0.6114182,-1.027526,0
-0.16775855,-1.3704001,-0.49851537,1.494282,0.91896296,-0.41522378,-1.2339846,-0.30141863,-0.4114182,-1.0099041,0
-0.15698947,-1.3352208,-0.48611367,1.4785484,0.810261,-0.21522377,-1.2226212,-0.34905818,-0.5278281,-1.0797143,0
-0.25500792,-1.2557471,-0.4670386,1.5550555,0.7272447,-0.298136,-1.2207323,-0.5490582,-0.49331915,-1.025263,0
-0.40381706,-1.2490009,-0.26703858,1.6519325,0.6720323,-0.3276817,-1.1511006,-0.55531394,-0.3720311,-1.225263,0
-0.4540928,-1.2028066,-0.20481625,1.6227976,0.57634676,-0.51428324,-1.0701331,-0.6646159,-0.4130009,-1.3069036,0
-0.55293643,-1.1731067,-0.16691177,1.7729799,0.5095473,-0.7142832,-1.0717722,-0.7248351,-0.43924326,-1.1069036,0
-0.5101452,-1.0497011,-0.19288956,1.8860114,0.4413399,-0.6826425,-1.2157128,-0.68369204,-0.399302,-1.1304939,0
-0.54388386,-0.9489156,-0.2085214,1.7940955,0.46972337,-0.6540253,-1.151429,-0.74575144,-0.4728446,-1.0993587,0
-0.4532941,-0.9597072,-0.2318681,1.6325147,0.4013584,-0.75434333,-1.1333216,-0.79795676,-0.5037143,-1.0539672,0
-0.42694086,-0.97861624,-0.25202996,1.6866584,0.49239033,-0.75057745,-0.96565,-0.8883345,-0.69981647,-1.1871778,0
-0.48077393,-1.0089204,-0.13486417,1.6703166,0.5606245,-0.70394766,-1.0918227,-0.95739394,-0.5588318,-1.3084245,0
-0.6807739,-1.0831314,0.06513584,1.4703165,0.585461,-0.83713317,-1.0295538,-0.8300714,-0.6842833,-1.2907659,0
-0.6303516,-1.0283396,0.079477035,1.538417,0.62900585,-0.9104369,-0.93884295,-0.8650676,-0.81271905,-1.2873645,0
-0.5944959,-0.9176099,0.077999406,1.5466529,0.5241802,-0.8391201,-0.8772296,-0.9200692,-0.86106837,-1.2228911,0
-0.7148526,-0.8503426,0.19244774,1.6662593,0.705375,-0.7791997,-0.888187,-1.0091659,-0.85606664,-1.1435031,0
-0.58710414,-0.82069486,-0.0069078095,1.7061342,0.8157104,-0.8588088,-0.90114266,-0.9187726,-0.8523045,-1.1336962,0
-0.60905284,-0.87369937,0.11753322,1.8134172,0.9222374,-0.8385542,-0.69369036,-0.91059977,-0.74701285,-1.0683103,0
-0.47342724,-0.9055128,0.14181806,1.8710028,0.7877958,-0.8291319,-0.694126,-0.89884925,-0.672192,-1.1770657,0
-0.46850905,-0.7754328,0.18825583,1.7875085,0.6635539,-0.7935146,-0.5818769,-0.81488454,-0.71620876,-1.0866646,0
-0.50452256,-0.70092565,0.24656072,1.7618494,0.6950719,-0.7355923,-0.6203387,-0.8017918,-0.7800453,-0.9643862,0
-0.5268438,-0.7405226,0.3407322,1.8481407,0.73490393,-0.70232195,-0.68630445,-0.8383105,-0.7055888,-0.9471827,0
-0.7268438,-0.62801015,0.37683475,1.8788623,0.67033803,-0.6868508,-0.7223289,-0.7303138,-0.6503018,-0.8382034,0
-0.70615333,-0.6179083,0.17683475,1.7048228,0.49592206,-0.81181675,-0.73702025,-0.7945883,-0.6376183,-0.8765941,0
-0.62935686,-0.64309764,0.21754062,1.5048227,0.4408169,-0.7689171,-0.81689346,-0.7760671,-0.76696086,-0.8962047,0
-0.5802136,-0.74334407,0.2802805,1.4937749,0.4641041,-0.68638194,-0.8287719,-0.6266219,-0.8197601,-0.97511154,0
-0.4872494,-0.6700737,0.4355893,1.3833827,0.48442298,-0.48638195,-0.84355164,-0.8266219,-0.68495864,-1.077788,0
-0.4610222,-0.55244404,0.30293566,1.3799006,0.45303786,-0.5429307,-0.93928236,-0.8310853,-0.7547927,-1.0771642,0
-0.37288517,-0.6577566,0.32655758,1.2702134,0.48485905,-0.34293073,-1.0043604,-0.815784,-0.7698192,-1.1715937,0
-0.40518597,-0.5574163,0.4879477,1.2184893,0.48514393,-0.3982978,-0.80436045,-0.7316709,-0.78093946,-1.1776124,0
-0.23902665,-0.55318785,0.601434,1.1298698,0.57270545,-0.34485084,-0.63799,-0.68946797,-0.69767976,-1.1152892,0
-0.35276058,-0.5891202,0.7588013,1.0488092,0.65311205,-0.39361545,-0.46960706,-0.6336895,-0.8732784,-0.9152892,0
-0.15496685,-0.579239,0.95880127,0.988928,0.63501894,-0.33938327,-0.4203707,-0.8336895,-0.9432869,-0.8984374,0
-0.04479195,-0.66372335,1.1379905,0.9547763,0.5401958,-0.13938327,-0.43019837,-0.91972786,-0.9479166,-0.86715883,0
-0.08935119,-0.67445266,0.99830854,0.9969597,0.468147,-0.14903797,-0.38556987,-0.8401156,-0.8498843,-0.8760031,0
-0.031332698,-0.50373363,1.0399697,1.0794941,0.57126296,-0.22133268,-0.44327164,-0.8137116,-0.9478408,-1.0760031,0
-0.02048013,-0.38992304,0.9885191,1.2031484,0.55144155,-0.3926148,-0.48809984,-0.9184366,-0.8288117,-1.1197082,0
-0.056990582,-0.32885858,1.0410361,1.1304758,0.59455395,-0.3501467,-0.33031315,-1.059799,-1.0288117,-1.1305763,0
-0.015002053,-0.25190395,1.0527381,1.2159549,0.74535745,-0.26211357,-0.29326224,-1.0073547,-1.1319444,-1.2831103,0
-0.14012381,-0.33184338,0.9921297,1.2059637,0.7191806,-0.18502024,-0.23391971,-0.9842507,-1.2648802,-1.348836,0
-0.18587257,-0.25860292,1.0249227,1.294172,0.68741745,-0.15783225,-0.16070122,-0.9285716,-1.0753741,-1.3906937,0
-0.25363427,-0.36424175,0.92731047,1.4307146,0.7830395,-0.056220762,-0.018764377,-0.9717148,-0.9261124,-1.3237869,0
-0.05363427,-0.3972245,0.9253901,1.5281945,0.86741155,-0.25622076,0.077297024,-1.1717148,-0.9369555,-1.3637723,0
0.1359997,-0.23885208,0.7739635,1.4376901,1.0479889,-0.28894576,0.099048086,-1.1293703,-0.94436187,-1.2973504,0
0.20829532,-0.37776923,0.76024705,1.3878095,1.09384,-0.34453374,0.24022073,-1.0250218,-1.0661795,-1.2850431,0
0.31989628,-0.35749826,0.84207475,1.4236003,1.0615612,-0.3056668,0.20590343,-1.1008857,-1.0563148,-1.322134,0
0.29728982,-0.35939068,0.6522434,1.3901787,1.0629275,-0.39859286,0.19857666,-1.0119342,-0.99006844,-1.2954446,0
0.2767943,-0.28503188,0.6990302,1.4171855,1.2531319,-0.4460808,0.25140253,-1.125792,-0.90489936,-1.4376389,0
0.3531517,-0.2927174,0.68902683,1.5448078,1.1473535,-0.4800599,0.37586498,-1.2419341,-0.8184608,-1.424072,0
0.41754454,-0.31042984,0.6573763,1.5469993,1.2425656,-0.26589066,0.19463648,-1.2479002,-0.6892333,-1.4896611,0
0.49156737,-0.35538486,0.77954626,1.4264381,1.2170403,-0.26119465,0.020602478,-1.2277583,-0.6668429,-1.5772575,0
0.35294917,-0.27219808,0.84413785,1.4522873,1.0333436,-0.0666781,-0.15515693,-1.3313394,-0.6327427,-1.6463541,0
0.3404029,-0.36092675,0.88069,1.5455376,0.9527547,0.08524847,-0.31590796,-1.4324038,-0.67290187,-1.438809,0
0.36950448,-0.5148936,0.662358,1.4878211,0.93326426,0.0739545,-0.19903481,-1.5101624,-0.8493933,-1.4240422,0
0.19437645,-0.4284708,0.48055345,1.5259327,0.7637314,-0.1260455,-0.3990348,-1.4899919,-0.8082026,-1.4270015,0
0.23817533,-0.41789708,0.6321385,1.5329857,0.7412782,-0.08241862,-0.22733308,-1.5346111,-0.7248747,-1.3667927,0
0.33036327,-0.26880237,0.4687639,1.5532724,0.8286213,0.11758138,-0.02733308,-1.4005191,-0.6709789,-1.2774837,0
0.34666413,-0.26340565,0.4359145,1.4596822,0.8428029,0.18977767,0.056998886,-1.3214209,-0.47097892,-1.181482,0
0.27674314,-0.24072435,0.30922872,1.5014241,0.7858512,0.31442446,0.073903024,-1.2301115,-0.39993334,-1.2272803,0
0.31100276,-0.24957462,0.34433895,1.5495563,0.75730854,0.2228903,-0.06316441,-1.3679507,-0.5999333,-1.2176982,0
0.35033426,-0.14391267,0.31280646,1.4310932,0.8598108,0.20555072,-0.18010211,-1.1760716,-0.46758515,-1.2843287,0
0.28742024,-0.16138296,0.17691146,1.5344332,0.8882608,0.33002758,-0.21390805,-1.0312129,-0.47692183,-1.324091,0
0.40268064,-0.12022491,0.11239051,1.5730848,0.87988585,0.25372088,-0.40169728,-0.83121294,-0.41323856,-1.3782952,0
0.4739875,-0.006491758,-0.0032860339,1.697395,0.88838196,0.16061863,-0.44881466,-0.7234373,-0.38826552,-1.1952199,0
0.5446643,-0.12627631,-0.096267834,1.6602559,0.90104115,0.0488849,-0.6205922,-0.88400567,-0.43107176,-1.0211002,0
0.49769464,-0.15764074,-0.17843685,1.7218907,1.0078952,0.032107845,-0.82059216,-0.9564161,-0.37425587,-1.001803,0
0.5938015,-0.25178728,-0.056146234,1.682962,0.99993837,0.014520472,-0.8056328,-0.9417904,-0.31491825,-1.1551422,0
0.4640036,-0.051787272,0.010509767,1.6122197,0.93658453,0.12071967,-0.7581313,-1.0682815,-0.21841776,-1.2888695,0
0.65072894,-0.07107646,-0.020554276,1.4122196,0.98451823,0.24003789,-0.7033155,-0.86828154,-0.32390693,-1.25609,0
0.7930001,-0.0003960356,-0.031189714,1.4205295,0.9572865,0.23803069,-0.7510931,-0.94456136,-0.15014999,-1.2924677,0
0.9136633,-0.16366178,0.11242896,1.354612,0.904224,0.28399917,-0.8034954,-0.7831886,-0.15014082,-1.4835949,0
0.9441609,-0.083068036,0.085737936,1.393309,0.88185364,0.08399917,-0.76893187,-0.796304,-0.24597152,-1.3153944,0
0.9924674,-0.21882606,-0.10632921,1.4760352,0.7749912,0.28399917,-0.6143575,-0.63626724,-0.39210337,-1.3131157,0
0.9519157,-0.26351082,-0.051300865,1.409412,0.7348195,0.15952173,-0.67799604,-0.48881513,-0.28569967,-1.4037055,0
0.95349354,-0.30487603,-0.03245105,1.384349,0.7842522,0.15204835,-0.6193341,-0.47176138,-0.4368641,-1.3740529,0
0.95796317,-0.501873,-0.031092603,1.5083807,0.81586355,-0.03274916,-0.67758834,-0.3974504,-0.5013186,-1.5464871,0
0.97594,-0.52506673,-0.05099494,1.5773511,0.7720859,-0.05637867,-0.5921952,-0.2910081,-0.62786824,-1.5951344,0
0.77594,-0.51972544,0.010485265,1.5681705,0.8150116,0.08525055,-0.62733895,-0.26612502,-0.55322427,-1.3951343,0
0.70032394,-0.48929372,0.037955023,1.5034064,0.89000845,0.19341403,-0.615643,-0.32854864,-0.58544385,-1.5240232,0
0.5765065,-0.46555573,-0.030180618,1.4477277,0.8000649,0.39341402,-0.4994209,-0.43842036,-0.4700586,-1.4937544,0
0.5560462,-0.51252544,-0.09589654,1.4275194,0.7536855,0.4678139,-0.5727749,-0.63842034,-0.519962,-1.6836175,0
0.75564444,-0.58416945,-0.110336274,1.3510243,0.752017,0.5071395,-0.3727749,-0.44246992,-0.45368937,-1.7284083,0
0.7434964,-0.62785995,-0.16479978,1.5480777,0.6980989,0.558485,-0.29826188,-0.45336857,-0.5056691,-1.9284084,0
0.615214,-0.6210774,-0.22318827,1.3480777,0.81398565,0.5184835,-0.23946969,-0.4164303,-0.43659693,-2.0212066,0
0.80064,-0.55800295,-0.18210442,1.1994475,0.8430079,0.59026986,-0.2845616,-0.3250694,-0.43824974,-1.8839494,0
0.73329055,-0.6028729,-0.29410663,1.1995839,0.8205167,0.7242673,-0.14183693,-0.5250694,-0.48741084,-1.9468143,0
0.79227656,-0.46277675,-0.49410665,1.1569378,0.8577022,0.54939514,-0.1298546,-0.6740648,-0.5026906,-2.0825386,0
0.79000115,-0.39143446,-0.51894855,1.2148234,0.79649127,0.6939367,-0.11085341,-0.71691173,-0.34713545,-2.1713758,0
0.8913527,-0.33181664,-0.5350787,1.2478893,0.76965064,0.70931655,-0.29504994,-0.81241167,-0.4011282,-2.061162,0
0.93715835,-0.39694685,-0.7256787,1.232127,0.9231445,0.6330164,-0.38067728,-0.9994652,-0.3831083,-1.8373618,0
0.8772829,-0.43059808,-0.72153026,1.3388283,0.9320691,0.69224185,-0.4925927,-0.99749386,-0.34465984,-1.6407741,0
0.8367984,-0.4361069,-0.8506749,1.4581078,1.0658392,0.6511969,-0.44724822,-1.0259817,-0.4138749,-1.5085819,0
0.7321323,-0.39628926,-0.7672577,1.6005076,1.0894018,0.65483534,-0.35418245,-0.8447543,-0.5459701,-1.4867642,0
0.8192207,-0.34381035,-0.75262034,1.655619,1.1606413,0.50538266,-0.35838938,-0.9442484,-0.6213434,-1.3327069,0
0.7303536,-0.2994105,-0.6617224,1.5814188,1.2443845,0.47545558,-0.3877473,-0.9618719,-0.6368148,-1.4773443,0
0.6312899,-0.3668285,-0.77917284,1.6640657,1.1461778,0.38324106,-0.47537485,-0.86642694,-0.7467047,-1.4477023,0
0.51242757,-0.48253858,-0.57917285,1.7831498,1.0077512,0.2848292,-0.52301615,-0.820282,-0.60204893,-1.5031949,0
0.4676442,-0.5570405,-0.72179973,1.729277,0.98854893,0.46159777,-0.37478852,-0.8173853,-0.66997164,-1.584889,0
0.37800723,-0.49707627,-0.9001623,1.7614917,0.9915153,0.42136964,-0.26321867,-0.83603996,-0.53717417,-1.5746183,0
0.5172316,-0.49833506,-0.9068434,1.8103489,0.8818906,0.44134378,-0.45015514,-0.71186197,-0.5383224,-1.5532907,0
0.3341169,-0.44790763,-1.043294,1.7701772,1.0014493,0.24415289,-0.48511398,-0.6235263,-0.5382167,-1.4482423,0
0.18119588,-0.5348193,-1.0082048,1.7244284,1.1334975,0.27468464,-0.47982743,-0.6097288,-0.64748037,-1.5197048,0
0.061227992,-0.5132902,-1.0094093,1.6065267,1.2448761,0.31763285,-0.3297498,-0.57709897,-0.75114626,-1.5736401,0
0.1643916,-0.5967103,-0.81469697,1.6284059,1.0544953,0.31247282,-0.3225079,-0.6013516,-0.86623865,-1.6102234,0
0.08710897,-0.67135555,-0.9177729,1.5808353,0.97993886,0.274509,-0.30234218,-0.7359387,-0.8783024,-1.661409,0
0.039977208,-0.59463656,-0.94369966,1.5839512,0.87666726,0.3663624,-0.24872923,-0.7020101,-0.8921621,-1.7297213,0
0.19933315,-0.529558,-1.0552051,1.4583896,0.7514594,0.35027426,-0.16079275,-0.78721327,-0.8421388,-1.8431861,0
0.32924724,-0.48108247,-0.90163815,1.5374165,0.7514859,0.25111032,-0.013763577,-0.833577,-1.0421388,-1.7337956,0
0.45709246,-0.39394107,-1.1016382,1.5925206,0.65392214,0.32923606,0.018154413,-0.67453337,-0.9466553,-1.6050956,0
0.42070335,-0.422288,-1.0736252,1.6098759,0.6280724,0.5123522,0.07840487,-0.7553748,-1.0718119,-1.5867612,0
0.35780263,-0.43149766,-1.0771229,1.6942273,0.6119353,0.30781847,-0.11983018,-0.90066653,-0.90117943,-1.5963354,0
0.31302413,-0.43627575,-0.9262774,1.7605633,0.643457,0.40412742,-0.16992185,-0.97592103,-0.7701932,-1.6131512,0
0.29806453,-0.47164688,-0.9823305,1.7769943,0.7110881,0.32739827,-0.016008899,-0.77592105,-0.75062025,-1.5607933,0
0.3160448,-0.3577171,-1.144228,1.7714617,0.69353753,0.29556003,-0.124820605,-0.6623536,-0.63118607,-1.7040489,0
0.19498739,-0.22569785,-1.0525197,1.8653177,0.61026186,0.21240853,-0.053838998,-0.66784114,-0.824694,-1.666513,0
0.33213225,-0.16990833,-0.936372,1.7826262,0.632756,0.1216703,-0.21617283,-0.6741728,-0.780349,-1.8113265,0
0.40297544,-0.07539692,-1.0081024,1.819838,0.70564544,0.14220378,-0.14238092,-0.6173434,-0.74159175,-1.7419368,0
0.3374398,-0.027455196,-0.90000725,1.7438331,0.64668083,0.28205913,-0.0359878,-0.42903826,-0.615264,-1.8083085,0
0.20445485,0.026677947,-0.7964493,1.8130997,0.6667193,0.08205913,-0.097448215,-0.54164445,-0.66536945,-1.8698314,0
0.1933091,-0.039126646,-0.73483676,1.8562697,0.66887265,0.14201489,-0.01165878,-0.74164444,-0.5435404,-1.7935143,0
0.08713992,-0.1450119,-0.90840876,1.7476393,0.5759884,0.29201013,-0.039079927,-0.67308474,-0.5007035,-1.6003314,0
0.042493243,-0.07924186,-0.8934234,1.7827975,0.69142246,0.29782814,-0.08546254,-0.7060738,-0.4198058,-1.5272652,0
-0.117927834,-0.07973159,-0.9783573,1.8323148,0.7128731,0.3783657,-0.046511076,-0.5206652,-0.426279,-1.3280303,0
-0.022654772,-0.048254516,-0.82263774,1.7842463,0.6851466,0.24685772,-0.11853924,-0.7206652,-0.38107425,-1.2975259,0
0.028320499,0.026297446,-0.7019241,1.6650858,0.5228038,0.11678575,-0.2822587,-0.8988191,-0.38723448,-1.3343579,0
-0.04066384,-0.12090437,-0.7185782,1.678614,0.60631645,0.2125846,-0.33005553,-1.0988191,-0.37640262,-1.3826768,0
-0.029035803,-0.10807119,-0.6641824,1.8786141,0.5698536,0.012584597,-0.37450257,-1.0741973,-0.4799435,-1.3333406,0
-0.15412465,-0.103006646,-0.8641824,1.9440088,0.6376672,-0.12519298,-0.32935086,-1.0999401,-0.50029004,-1.4811376,0
-0.19954924,-0.18078817,-0.82784545,1.9202731,0.5948928,-0.29194057,-0.5149075,-0.89743894,-0.5542412,-1.6546552,0
-0.29727128,-0.15581892,-0.8216576,1.9610658,0.46276242,-0.13592438,-0.41646263,-0.97145593,-0.514635,-1.6588576,0
-0.28316274,-0.14439183,-0.8227493,1.8620968,0.4801556,-0.015731448,-0.438737,-1.076689,-0.44334343,-1.7249782,0
-0.14797895,-0.19654031,-0.64030886,1.9614334,0.2801556,0.075372726,-0.5366089,-1.0040503,-0.32220292,-1.6963308,0
-0.11521108,-0.2254042,-0.6100327,2.0239227,0.3496335,0.15623707,-0.42871824,-0.80439305,-0.5178098,-1.7949625,0
0.07017607,-0.12978595,-0.7442764,1.9117049,0.2844616,0.22240178,-0.44375375,-0.9573265,-0.58210933,-1.7852294,0
0.05870253,-0.044383995,-0.8065065,2.0829523,0.28398672,0.20117122,-0.485151,-0.75452703,-0.44464386,-1.6976256,0
0.048667155,-0.0026963216,-0.79236203,2.0099976,0.30814394,0.33189952,-0.39399529,-0.6938757,-0.4805532,-1.8047044,0
0.05731121,-0.050684363,-0.9402148,2.0723834,0.43306473,0.28767973,-0.5412448,-0.6047325,-0.4350275,-1.6423056,0
0.14684632,-0.089423664,-0.72211885,2.1279404,0.40413362,0.32826206,-0.53520226,-0.57284766,-0.5177855,-1.6634532,0
0.10785713,-0.0053053945,-0.6046897,2.097744,0.4084091,0.33137748,-0.39420503,-0.5937238,-0.6126887,-1.7388718,0
0.035308525,-0.13351804,-0.5641529,2.07924,0.29909223,0.400205,-0.30689582,-0.7356796,-0.6388799,-1.6464722,0
0.06153647,-0.24853933,-0.50941294,2.0487113,0.3451139,0.32425675,-0.22086743,-0.6899698,-0.5499759,-1.6799469,0
-0.07750467,-0.3324236,-0.63581043,2.2395053,0.2200528,0.39375973,-0.15627763,-0.643915,-0.4574836,-1.6050471,0
-0.10703749,-0.40007943,-0.58460087,2.2038255,0.31101677,0.31766707,-0.17496249,-0.55874753,-0.4167294,-1.7075585,0
-0.15032119,-0.25818086,-0.6148616,2.124009,0.3321346,0.34545714,-0.10856669,-0.7075152,-0.3083191,-1.7273811,0
-0.06340148,-0.31002548,-0.56655616,2.127391,0.32166287,0.44381794,-0.09612258,-0.79882324,-0.26166362,-1.7426467,0
-0.033368856,-0.25656906,-0.5564428,2.142845,0.2688772,0.29982105,-0.10057308,-0.80508584,-0.1310801,-1.7871761,0
0.027041642,-0.21931414,-0.6288866,2.13689,0.25050762,0.28494793,0.09364891,-0.8189862,-0.18814245,-1.7693269,0
0.039527647,-0.21000837,-0.50479525,2.2107148,0.43839997,0.2171288,0.2132879,-0.706597,-0.32698277,-1.7091599,0
0.16482708,-0.24800257,-0.30479527,2.1931994,0.43685257,0.27728283,0.19355416,-0.6054244,-0.36301893,-1.7539674,0
0.08270496,-0.16770835,-0.46866214,2.1031969,0.29669297,0.4299699,0.09908091,-0.6638029,-0.26407698,-1.5539674,0
0.103195585,-0.30065894,-0.39621124,2.1291573,0.24441433,0.4414943,0.19505593,-0.75179756,-0.2921621,-1.485846,0
0.03647934,-0.21943754,-0.44307697,1.9291573,0.1989557,0.5046115,0.17720754,-0.7816533,-0.42425016,-1.38943,0
0.015019221,-0.15284319,-0.35122916,1.9229894,0.14954074,0.7046115,-0.022792459,-0.6722715,-0.46944326,-1.3952967,0
0.06126321,-0.17160976,-0.31043947,1.9523638,0.106336035,0.74995434,-0.19994305,-0.763601,-0.57586503,-1.368501,0
0.10337344,-0.100374036,-0.3310425,2.0595558,0.21340135,0.72233397,-0.3159411,-0.68175983,-0.60785943,-1.568501,0
0.003052026,-0.27312616,-0.5310425,2.0694563,0.20514345,0.6431251,-0.3015753,-0.5990617,-0.5967999,-1.7037607,0
-0.10847148,-0.3497082,-0.45405155,2.1863792,0.36154842,0.43699715,-0.41982245,-0.62879056,-0.39131257,-1.6831762,0
-0.12637345,-0.30452067,-0.4201532,2.117714,0.32337996,0.35694677,-0.45223615,-0.6055536,-0.43245378,-1.7999558,0
-0.1740807,-0.36191973,-0.6041157,2.0967462,0.32915336,0.499118,-0.38794935,-0.55514777,-0.3861971,-1.7641165,0
-0.18696032,-0.39303967,-0.6979403,2.2346616,0.2543164,0.55531585,-0.29797995,-0.3545762,-0.287743,-1.630757,0
-0.2493642,-0.34509677,-0.68645996,2.249564,0.16630843,0.5708167,-0.17749351,-0.2981412,-0.20869428,-1.4945592,0
-0.4493642,-0.3066259,-0.849975,2.1859543,0.26334888,0.52298343,-0.3448701,-0.09814121,-0.35967696,-1.5372539,0
-0.34890395,-0.2274058,-0.8861049,2.1929758,0.24005029,0.44624302,-0.31942338,-0.14507908,-0.36790466,-1.6483438,0
-0.22181481,-0.3097918,-0.9485875,2.2598088,0.2836439,0.3734436,-0.119423375,-0.18504746,-0.3492854,-1.5605575,0
-0.14696106,-0.3188275,-0.9361983,2.2570932,0.31633162,0.27666104,-0.28689042,-0.25237545,-0.14928539,-1.513512,0
-0.13756175,-0.371741,-0.8137345,2.261489,0.26560003,0.43466708,-0.3619017,-0.17002195,-0.15935299,-1.6191471,0
-0.25153458,-0.30562627,-0.85476273,2.268627,0.29032782,0.3928126,-0.37823713,-0.22628558,0.040182643,-1.591088,0
-0.37964168,-0.30712682,-0.80017906,2.2395422,0.35301492,0.5224541,-0.45336905,-0.12423566,0.135195,-1.5712659,0
-0.4085392,-0.15733124,-0.77465576,2.327091,0.33218968,0.4820473,-0.37439302,-0.024663838,0.040543463,-1.5191301,0
-0.54518795,-0.07361582,-0.7001565,2.2545586,0.2647201,0.66903204,-0.5634321,-0.11200821,0.0640852,-1.5074177,0
-0.59939104,-0.0371588,-0.68271947,2.1626358,0.34825373,0.6300644,-0.6355282,0.02554705,0.057097495,-1.4853176,0
-0.6232235,0.016081452,-0.6499567,2.1135166,0.28560716,0.7831366,-0.51120895,-0.010022234,0.006458115,-1.535093,0
-0.7279194,-0.029788991,-0.7105962,2.1620078,0.3205152,0.8812996,-0.50929123,0.184822,-0.14846542,-1.44742,0
-0.54895866,-0.16639611,-0.5058023,2.1196775,0.31790602,0.81006825,-0.62413704,0.15755886,-0.29524854,-1.6319525,0
-0.5982164,-0.04292453,-0.47149095,1.9755925,0.29849976,0.7727391,-0.521418,0.090451345,-0.4832886,-1.533477,0
-0.5116083,-0.22807956,-0.3164138,1.8244003,0.3058711,0.87988,-0.4983729,0.02338294,-0.45589477,-1.3334769,0
-0.35708833,-0.21429633,-0.3177628,1.7662827,0.36026257,0.7643208,-0.4742323,0.07831289,-0.4390043,-1.282123,0
-0.30979377,-0.09421068,-0.3083397,1.8116179,0.29858753,0.73891425,-0.49148217,0.08893894,-0.41466492,-1.2116318,0
-0.50979376,-0.013740748,-0.21317407,1.8379934,0.31243676,0.7040169,-0.63666266,0.01907365,-0.49543744,-1.250983,0
-0.59847355,-0.06567633,-0.013174072,1.8774369,0.32526037,0.7490476,-0.45818537,0.09148808,-0.40342134,-1.0902704,0
-0.5685801,-0.08355729,-0.05892908,1.9831492,0.22443724,0.745649,-0.584787,0.147354,-0.60342133,-1.138732,0
-0.766551,-0.22270349,0.14107093,1.8209765,0.322003,0.94564897,-0.5474496,0.038396783,-0.4558938,-1.1901913,0
-0.8305242,-0.1421465,0.11500556,1.7696925,0.23679893,1.0278604,-0.7116377,0.14579418,-0.5172859,-1.1434351,0
-0.85527456,0.0065523386,0.03572668,1.6758956,0.3471544,0.9745552,-0.78527117,-0.0064023733,-0.38315642,-0.94343513,0
-0.9557244,0.17884955,0.15149873,1.5959862,0.24250257,0.96578103,-0.6654593,-0.00483792,-0.50111914,-0.8122196,0
-0.82232666,0.15466018,0.1409958,1.4928625,0.15173465,0.9706926,-0.72591895,-0.017448608,-0.503826,-0.76528776,0
-0.7854524,0.21679313,0.24510193,1.6205512,0.012987629,1.1706926,-0.7693862,-0.008062636,-0.4464136,-0.62671506,0
-0.5973283,0.15416902,0.15486774,1.6309454,0.11121965,1.0300694,-0.8212702,-0.015316935,-0.26979917,-0.6316915,0
-0.71044344,0.14321777,0.12301603,1.5457036,0.12680838,0.83006936,-0.75414526,-0.009020043,-0.23037528,-0.69516957,0
-0.8950822,0.20217612,0.0706806,1.5559738,0.089076675,0.9537617,-0.72170347,-0.015081771,-0.113922425,-0.5412837,0
-0.8804196,0.120983556,0.013220385,1.5362096,0.2366223,1.0104399,-0.7582448,0.051193535,-0.061237413,-0.34128374,0
-0.95993686,0.17030156,0.111882426,1.5589796,0.24528508,0.8104399,-0.7634623,-0.03182154,-0.21298115,-0.39824387,0
-1.0853893,-0.029698446,-0.08147318,1.6353697,0.26202387,0.88926274,-0.74910367,-0.003021324,-0.22888854,-0.5210944,0
-0.968713,0.08605212,-0.09014059,1.8353697,0.18707795,0.87882423,-0.77994347,-0.14104684,-0.12823752,-0.6078104,0
-0.8842067,0.17241752,-0.2901406,1.9081748,0.28486055,1.030925,-0.89304674,-0.21505499,-0.21348199,-0.5489051,0
-0.87587386,0.12220447,-0.3463349,1.8347045,0.2858039,0.9723662,-0.9261711,-0.15344514,-0.31862715,-0.6889127,0
-0.8784793,0.13075387,-0.4105355,1.848606,0.20221978,0.8156379,-0.88344675,-0.1868932,-0.34087184,-0.7630645,0
-0.8978953,-0.06924613,-0.21863267,1.8472222,0.29355386,0.7554106,-1.0137779,-0.14474243,-0.29255533,-0.6890795,0
-0.8048876,-0.03861485,-0.27845898,1.9972299,0.32773718,0.71947527,-0.84107983,-0.2315442,-0.33784026,-0.8890795,0
-0.84214634,-0.044375814,-0.25001186,1.9362097,0.2979796,0.77889514,-1.0410799,-0.25862995,-0.34346628,-0.74468094,0
-1.0421463,-0.0012926385,-0.22920512,1.9699246,0.28448343,0.73935944,-1.1626462,-0.37144595,-0.3615786,-0.66073465,0
-0.9785255,0.13526988,-0.11762497,2.0523603,0.37465307,0.71211255,-1.1074555,-0.287182,-0.23584597,-0.5593088,0
-0.92974937,-0.014119297,0.03145036,2.147273,0.48411626,0.85098857,-1.2263021,-0.25246805,-0.035845965,-0.5778304,0
-1.0162864,-0.04616848,-0.061996195,2.2338436,0.6743343,0.8396635,-1.2046087,-0.18089236,0.032448728,-0.5714119,0
-1.0121555,-0.16534081,0.047434118,2.2071292,0.7001794,0.88377905,-1.0911504,-0.10662698,0.21834844,-0.4162528,0
-0.9968827,-0.23958573,0.022243695,2.1221735,0.830688,0.8627939,-0.8911504,-0.057218447,0.09506676,-0.47112218,0
-1.0308189,-0.33815032,-0.16718622,2.0402112,0.84431505,0.8127127,-0.8653244,-0.110722974,0.1336611,-0.39866713,0
-0.97803605,-0.4199898,-0.26445612,2.0801847,0.84846985,0.82956076,-0.97956765,-0.1810944,0.020197392,-0.23133925,0
-0.8306681,-0.3677744,-0.13261364,2.1616554,0.7424667,0.715148,-0.94724405,-0.20313011,-0.09114671,-0.3215369,0
-0.9191364,-0.41339847,-0.24405959,2.1320512,0.6355007,0.7837993,-0.78404397,-0.23399216,-0.2911467,-0.46995032,0
-0.8795748,-0.49407116,-0.4440596,2.1644087,0.7042967,0.9038385,-0.84271246,-0.30309463,-0.3180858,-0.38204008,0
-0.7341907,-0.56457716,-0.42837366,1.9797773,0.66292214,0.729718,-0.6901814,-0.46500736,-0.37277222,-0.5331544,0
-0.73853016,-0.481579,-0.4576099,1.9565462,0.49227202,0.7308788,-0.5131692,-0.5248201,-0.3874094,-0.42668208,0
-0.7025045,-0.42232406,-0.2576099,1.9925423,0.51017267,0.91146874,-0.31316924,-0.46472698,-0.27203882,-0.6266821,0
-0.6164733,-0.5477419,-0.38566977,2.0473566,0.5763365,0.8204286,-0.3521826,-0.5036649,-0.45872027,-0.72266483,0
-0.562697,-0.58458483,-0.30610806,2.148406,0.55258423,0.7446196,-0.3231651,-0.6611155,-0.5557752,-0.6445391,0
-0.5215827,-0.57188237,-0.26478055,2.162194,0.54323494,0.70033705,-0.5099452,-0.7058475,-0.71663845,-0.49467295,0
-0.4587976,-0.47724044,-0.12683083,2.122456,0.7288864,0.5949055,-0.6595575,-0.6637993,-0.7527708,-0.45529637,0
-0.3292479,-0.39731863,0.037561268,2.3224561,0.52888644,0.47737116,-0.45955753,-0.8637993,-0.7172117,-0.42813537,0
-0.31612968,-0.48431873,0.1362479,2.3044693,0.56159407,0.44355017,-0.57896924,-0.73914695,-0.76151454,-0.49669564,0
-0.3503489,-0.42497674,0.09566976,2.5044694,0.6062274,0.5009271,-0.5820868,-0.7183491,-0.6543119,-0.4429949,0
-0.30160782,-0.36815712,0.045487124,2.464532,0.57807004,0.5499633,-0.61930937,-0.66498727,-0.4621505,-0.46033618,0
-0.34312394,-0.56815714,0.03459596,2.490219,0.57351905,0.55534357,-0.6605468,-0.7257458,-0.55802685,-0.53110933,0
-0.21599156,-0.5178057,0.098615736,2.4238575,0.65926933,0.49524412,-0.518157,-0.63224274,-0.5919185,-0.45544338,0
-0.3021807,-0.58478504,0.12578206,2.30526,0.67080003,0.4344069,-0.31815702,-0.65956813,-0.5941348,-0.47980085,0
-0.19427317,-0.52287555,0.061830252,2.3213236,0.71016765,0.3553437,-0.3304338,-0.70355225,-0.6338187,-0.57583797,0
-0.24781768,-0.5390468,0.11003417,2.3779497,0.8105335,0.4298055,-0.28315663,-0.5851021,-0.4629217,-0.5342405,0
-0.2508579,-0.5096152,0.034496076,2.445709,0.8369706,0.2993891,-0.3804864,-0.5704618,-0.43880278,-0.46230322,0
-0.11058666,-0.47887063,0.061204426,2.4136734,0.7839849,0.24884324,-0.21661651,-0.6051631,-0.6276163,-0.5545201,0
-0.0015442704,-0.3843142,-0.025618194,2.5363717,0.97839344,0.16404673,-0.20868094,-0.59472173,-0.6886266,-0.7502325,0
-0.085047916,-0.2714044,-0.15455985,2.4869964,0.96976817,0.12424036,-0.20813608,-0.58084095,-0.87837493,-0.7758491,0
-0.23556489,-0.29276502,-0.0030987114,2.3391776,0.81107277,0.14859468,-0.33270478,-0.51248145,-0.9989596,-0.7699945,0
-0.25253,-0.41692597,0.05903583,2.5148034,0.6813565,0.22087426,-0.29761532,-0.6358056,-0.83147776,-0.8240148,0
-0.119701445,-0.3812373,-0.0018227063,2.3911824,0.61327946,0.35752004,-0.3952915,-0.7294537,-0.96076983,-0.8633727,0
-0.109437816,-0.527964,-0.10466505,2.438584,0.79973817,0.511193,-0.26908436,-0.787403,-0.8532096,-0.6560144,0
-0.22181782,-0.5602601,0.046447434,2.4192102,0.8639558,0.35910016,-0.25435126,-0.8989449,-0.6532096,-0.72164,0
-0.40527868,-0.6876008,-0.029029086,2.3045716,0.7886859,0.47728565,-0.30159825,-0.7610293,-0.51398885,-0.7767416,0
-0.421925,-0.71542203,0.15825917,2.3959289,0.5886859,0.34533244,-0.50159824,-0.8839776,-0.31398886,-0.67923534,0
-0.4669212,-0.77044815,0.13881283,2.3397734,0.61126846,0.33281842,-0.58628106,-0.81602645,-0.38364834,-0.73955446,0
-0.4953747,-0.7398075,0.11402166,2.3293352,0.7150776,0.4510811,-0.69098926,-0.8808035,-0.3517553,-0.8225952,0
-0.4542997,-0.68811494,0.14514814,2.3837123,0.6502404,0.4389861,-0.4919894,-0.88991123,-0.22232042,-0.9581298,0
-0.6449282,-0.7964168,0.18890393,2.2782586,0.6237099,0.48259282,-0.42597133,-0.7661878,-0.1416745,-1.0192012,0
-0.57818294,-0.75749505,0.26370853,2.329378,0.5976826,0.4078258,-0.4668431,-0.71595716,-0.21518947,-1.1384071,0
-0.67010826,-0.6882965,0.4212885,2.3269308,0.58378375,0.29289666,-0.5374676,-0.7745098,-0.22019129,-1.0589142,0
-0.68188256,-0.69232017,0.414817,2.351066,0.46026367,0.09153234,-0.38909394,-0.73133147,-0.020229708,-1.2038577,0
-0.53648996,-0.70624596,0.28332806,2.1892805,0.5190838,-0.10846766,-0.29766965,-0.6248424,0.046577122,-1.0577524,0
-0.5903813,-0.66481894,0.48332804,2.1413233,0.4854115,-0.25854895,-0.31551698,-0.5962283,0.14369737,-0.87024593,0
-0.554847,-0.6362925,0.5902624,2.1671615,0.41160482,-0.21081771,-0.2808771,-0.6187684,0.25441524,-0.76287574,0
-0.46244743,-0.491247,0.5854628,2.2791529,0.5170552,-0.31333697,-0.41950426,-0.5572975,0.29324445,-0.8751039,0
-0.35771084,-0.4509753,0.59403396,2.318007,0.49234888,-0.13127598,-0.25646675,-0.6560607,0.44512576,-0.76203936,0
-0.4196063,-0.48190793,0.5466444,2.2689872,0.62491953,-0.19130512,-0.25780204,-0.4560607,0.44741103,-0.9105476,0
-0.45547482,-0.5090321,0.5258125,2.1664133,0.65454274,-0.09400497,-0.096912846,-0.28576154,0.32707098,-0.9106467,0
-0.41726464,-0.6832196,0.42580152,2.2186756,0.75590825,-0.1289188,-0.052938636,-0.3134957,0.36159497,-0.99580103,0
-0.3419435,-0.486584,0.2545883,2.4186757,0.6780375,-0.22485173,0.0018718839,-0.3165809,0.4395951,-0.95424604,0
-0.2585615,-0.3545965,0.10505393,2.4569602,0.7224157,-0.20791957,-0.13139449,-0.42257994,0.39737752,-1.0164889,0
-0.23465514,-0.33966672,0.25507015,2.5748146,0.6237025,-0.17168362,0.06860551,-0.3678292,0.5197624,-0.9294959,0
-0.33067808,-0.33885118,0.43353593,2.5418477,0.6188637,-0.13268031,-0.00957121,-0.41253567,0.5236461,-0.88010085,0
-0.23668048,-0.3295095,0.5161955,2.4782062,0.7158077,-0.13979097,-0.15325348,-0.61253566,0.5387122,-1.0405247,0
-0.15827867,-0.4341439,0.5709188,2.4625733,0.70544314,-0.33979097,-0.19025834,-0.6422,0.50788367,-1.0099536,0
-0.072215475,-0.48639852,0.6131757,2.3992429,0.6323355,-0.27855808,0.009741664,-0.72145784,0.3649363,-0.8470407,0
-0.116203934,-0.5106461,0.6478518,2.285502,0.7005794,-0.47855806,-0.017090147,-0.9214578,0.41326523,-0.828162,0
-0.1704907,-0.5798501,0.6786534,2.1861808,0.6824717,-0.3272819,-0.09794198,-0.9020523,0.5025987,-1.028162,0
-0.22766611,-0.38116646,0.47865343,2.334644,0.78813213,-0.25543228,-0.2620735,-0.8730376,0.3025987,-0.9546376,0
-0.27624664,-0.3376214,0.5315121,2.370651,0.7985725,-0.44122687,-0.16260888,-0.883672,0.28437296,-1.0893226,0
-0.19879232,-0.44731343,0.51532924,2.3051708,0.8126085,-0.52624744,-0.3526037,-0.806871,0.35783306,-1.1577275,0
-0.16267332,-0.39806777,0.47554484,2.3583064,0.69233483,-0.5242594,-0.38283908,-0.9486772,0.3675106,-1.044765,0
-0.1895476,-0.45738035,0.5292479,2.279679,0.7037837,-0.48692635,-0.42065313,-1.0440869,0.22605857,-1.1078163,0
-0.2614258,-0.25600654,0.6698136,2.2931056,0.73983586,-0.46552086,-0.2991727,-0.9842776,0.09225457,-1.1524975,0
-0.265191,-0.058854416,0.5654132,2.2371404,0.71195036,-0.42712593,-0.3420315,-0.7931802,0.19627517,-1.2999957,0
-0.33149981,-0.04633089,0.5575887,2.324577,0.713779,-0.22331388,-0.2483884,-0.9187945,0.1820835,-1.2942226,0
-0.33163956,-0.042022068,0.43434006,2.347212,0.53486395,-0.36853096,-0.4483884,-0.7187945,0.11561773,-1.328128,0
-0.30603892,0.028127927,0.31233996,2.4020681,0.49341124,-0.39551485,-0.45261803,-0.7008203,-0.017658047,-1.3364708,0
-0.32423264,-0.09161164,0.44171566,2.342988,0.2870028,-0.431722,-0.49175367,-0.70119315,0.0077431845,-1.4830604,0
-0.28494895,-0.1733802,0.35772672,2.2315865,0.32742512,-0.47321415,-0.57041264,-0.62469673,0.0642574,-1.5841432,0
-0.48494893,-0.32191712,0.41719034,2.0315864,0.30861172,-0.3284888,-0.741641,-0.781251,0.2261284,-1.596116,0
-0.4869661,-0.35773715,0.46508145,2.0345476,0.4142739,-0.31179708,-0.71959704,-0.8691357,0.23564473,-1.6375651,0
-0.50137025,-0.38780785,0.4188397,2.094343,0.39659062,-0.22560844,-0.52548826,-0.7752675,0.17458719,-1.5272416,0
-0.5809413,-0.47874856,0.46427462,2.0602875,0.44099802,-0.14388385,-0.5028281,-0.7924977,0.37458718,-1.53966,0
-0.59026265,-0.51767963,0.5064452,2.062009,0.24905476,-0.23347126,-0.57525784,-0.9016255,0.3905281,-1.5691811,0
-0.4730221,-0.51602036,0.41637704,2.081652,0.21035682,-0.1605097,-0.6119637,-0.85930955,0.4832816,-1.3918262,0
-0.5177173,-0.36639678,0.21418183,2.2528548,0.36309135,-0.12918767,-0.5773037,-0.7436649,0.5368923,-1.4674462,0
-0.3408488,-0.44997704,0.2547273,2.2086608,0.36309764,-0.28547367,-0.7199808,-0.6762679,0.44717506,-1.5327301,0
-0.28788358,-0.57090604,0.45266718,2.038712,0.34483075,-0.30864668,-0.5371534,-0.6170258,0.3860206,-1.4422436,0
-0.2655158,-0.6303393,0.49768853,2.0440788,0.25542057,-0.4143516,-0.5688715,-0.48626727,0.5860206,-1.4618446,0
-0.23304263,-0.59884757,0.523513,2.2147272,0.38850906,-0.5201364,-0.639608,-0.39162788,0.5805883,-1.44463,0
-0.39160323,-0.6439583,0.6127863,2.1048937,0.38460743,-0.5908226,-0.6427078,-0.3882527,0.6393962,-1.4365572,0
-0.3375315,-0.5754265,0.5846782,2.0711236,0.45014325,-0.71953493,-0.54134494,-0.3104722,0.531,-1.591159,0
-0.32088524,-0.5642216,0.48509735,2.010184,0.31333643,-0.81748956,-0.5349468,-0.32237262,0.6409561,-1.6538259,0
-0.27599132,-0.62781477,0.3667942,2.0029173,0.3521975,-0.98709947,-0.59910524,-0.34884635,0.6105233,-1.5593885,0
-0.23062965,-0.518357,0.16901027,1.9734684,0.2581553,-0.9606278,-0.6389155,-0.42225915,0.52449596,-1.57856,0
-0.33411393,-0.4779949,0.019354,2.1417906,0.16843316,-0.9171609,-0.51276267,-0.41963705,0.42300358,-1.59072,0
-0.37478808,-0.34060585,0.047502637,2.086292,0.12147484,-0.9880479,-0.33635885,-0.6033967,0.33553505,-1.6151518,0
-0.4080772,-0.14060585,0.18825655,2.101219,0.1583547,-0.9490676,-0.13635884,-0.60241735,0.29512727,-1.4151517,0
-0.3593365,-0.07760673,0.31068742,2.1148596,0.06295084,-0.816486,-0.23754415,-0.6179964,0.10455419,-1.3776963,0
-0.21911521,-0.26422808,0.4047049,2.1927278,0.1417796,-0.8761307,-0.1803084,-0.63968194,0.21365401,-1.3207741,0
-0.40215662,-0.22655852,0.4559348,2.3173656,0.040873684,-0.9774285,-0.09606757,-0.52324003,0.2631171,-1.1586788,0
-0.31851485,-0.08937389,0.31649357,2.2829516,0.10229644,-0.88476026,-0.054435756,-0.59630483,0.35446146,-1.0987928,0
-0.30741382,-0.26182157,0.28804561,2.4408956,0.30229646,-0.79669005,-0.15452525,-0.5108173,0.26383612,-1.232339,0
-0.34790707,-0.39313877,0.3458232,2.4663696,0.4192795,-0.5963204,-0.08454682,-0.61023474,0.16444582,-1.2585149,0
-0.19863717,-0.49414307,0.34337866,2.4494379,0.4277895,-0.6230663,-0.13364217,-0.5894324,0.04676926,-1.2884171,0
-0.1474422,-0.4864791,0.49464718,2.4935193,0.36997882,-0.631356,-0.09465291,-0.49737376,-0.12641427,-1.2130411,0
-0.15317942,-0.5735896,0.40113267,2.478141,0.22751725,-0.4251032,-0.10399499,-0.5519269,-0.32168266,-1.3015554,0
-0.19177157,-0.5418779,0.29630542,2.3722472,0.30331928,-0.5116028,-0.1849116,-0.6678622,-0.2314907,-1.2625803,0
-0.20305587,-0.5068058,0.32700595,2.4899464,0.29743898,-0.30616108,-0.13618125,-0.7440431,-0.24116288,-1.2580309,0
-0.19508527,-0.47210103,0.3033178,2.471577,0.36292106,-0.25079682,0.05031027,-0.8656384,-0.06582056,-1.2107073,0
-0.1554188,-0.5004969,0.20105103,2.381545,0.38162577,-0.2427098,0.054660995,-0.8389486,0.10797799,-1.4000591,0
-0.2294564,-0.56022865,0.3178798,2.2292993,0.29332653,-0.19485933,0.09214811,-0.9336915,0.19458857,-1.2884791,0
-0.36592895,-0.6098133,0.3107923,2.2706149,0.32950777,-0.378842,0.025182145,-0.972537,0.06254395,-1.4280995,0
-0.4582026,-0.786263,0.24002467,2.2504065,0.49946344,-0.36825615,0.036474943,-0.93641466,0.26081157,-1.3109534,0
-0.31274664,-0.90555876,0.27558768,2.1525474,0.56806195,-0.3788949,0.10391072,-0.98281527,0.26074463,-1.1324346,0
-0.23911268,-1.0066175,0.14767274,2.1535678,0.5356792,-0.19075191,0.30391073,-0.90540874,0.1420832,-1.0395089,0
-0.26772678,-0.9367642,0.30384064,2.1492403,0.5699614,-0.20271303,0.17523424,-0.97609246,0.28860515,-1.024265,0
-0.3092902,-0.9544159,0.2090764,2.2498412,0.6302567,-0.21980686,0.34079432,-0.77609247,0.3117908,-1.0162696,0
-0.35563794,-0.9136683,0.33041632,2.2066681,0.80684,-0.24139097,0.29321295,-0.7092495,0.16289595,-1.0865623,0
-0.5185702,-0.9237092,0.36334974,2.152144,0.7347334,-0.441391,0.27731696,-0.5092495,0.27019536,-1.1515378,0
-0.59008574,-0.86473596,0.3852293,2.0264857,0.6130283,-0.24139099,0.3942004,-0.49752012,0.29130533,-1.1407799,0
-0.6003426,-0.7234262,0.3866045,2.1350918,0.53529304,-0.33596343,0.42026407,-0.45528904,0.16937324,-1.1010883,0
-0.6717195,-0.8099227,0.43422845,2.2665265,0.58726007,-0.281415,0.4582654,-0.4949349,0.3185947,-1.2595959,0
-0.64322674,-0.8657423,0.4338562,2.2441857,0.6689923,-0.3614211,0.3980486,-0.4610697,0.39476278,-1.2276429,0
-0.7609166,-0.89757663,0.48366785,2.2068162,0.613879,-0.18796006,0.5469196,-0.5122383,0.2289619,-1.2187208,0
-0.6441111,-0.8245789,0.43378338,2.3180985,0.57105005,-0.27174628,0.5979234,-0.5414234,0.13100761,-1.1294618,0
-0.6718206,-0.84379077,0.39847937,2.311824,0.6658912,-0.21087807,0.5138732,-0.5131023,-0.06574829,-1.1462173,0
-0.7949426,-0.83226883,0.29677492,2.3090785,0.58726996,-0.027711226,0.44939908,-0.43084288,-0.19519642,-1.2182512,0
-0.7809447,-0.8765176,0.29959306,2.3024237,0.4927584,-0.083108775,0.41189238,-0.5917518,-0.2414209,-1.1845268,0
-0.6569481,-0.977387,0.44342473,2.1374571,0.4663796,-0.14704955,0.2558772,-0.5114739,-0.3149869,-1.0615197,0
-0.46107572,-1.0549219,0.54980695,1.9789582,0.4880244,-0.17400886,0.19552715,-0.40666166,-0.45489937,-1.2615198,0
-0.4519603,-0.9397452,0.55446905,1.9428734,0.37154537,-0.25158164,0.11666336,-0.6066617,-0.48398036,-1.324747,0
-0.51405495,-0.9488014,0.4910351,2.1428733,0.5298258,-0.25468895,0.06445718,-0.5782551,-0.50073594,-1.2287793,0
-0.6289957,-0.93207884,0.43512732,2.2732005,0.42515042,-0.24911636,-0.060273275,-0.58939594,-0.50773823,-1.2357936,0
-0.5403121,-0.86393493,0.4193071,2.3485425,0.36286458,-0.3784881,0.13972673,-0.38939595,-0.39421028,-1.0433676,0
-0.50014937,-0.7751699,0.3670512,2.4537857,0.35634476,-0.18351147,0.05715573,-0.40604037,-0.45269233,-1.0590265,0
-0.37876564,-0.64834946,0.3479661,2.5934877,0.38990718,-0.3075175,0.14028484,-0.3968413,-0.25204596,-1.0495888,0
-0.35377333,-0.66490334,0.29741344,2.6538465,0.4053973,-0.21806112,0.22775608,-0.43373924,-0.15081389,-0.9092563,0
-0.28716946,-0.7408584,0.2550034,2.6382961,0.36363932,-0.112969026,0.10761927,-0.48266488,-0.16781782,-0.9619381,0
-0.35040554,-0.688301,0.05201413,2.6035419,0.46591187,0.032974843,0.1693708,-0.6455642,-0.19663094,-0.95919657,0
-0.47875986,-0.8376717,-0.034492884,2.5286708,0.35189867,-0.081371054,0.07257784,-0.61898446,-0.09730356,-1.0702335,0
-0.5899519,-0.7293866,-0.029829003,2.4246428,0.35646713,-0.23734711,0.06748431,-0.7714013,-0.14299196,-1.1986263,0
-0.7606686,-0.5794574,0.0880419,2.366645,0.34870467,-0.17173344,0.05994114,-0.5842123,-0.04279574,-1.1087109,0
-0.7659747,-0.67057174,0.086715095,2.43385,0.43762326,-0.11748566,0.023425743,-0.38421232,-0.12106853,-1.0741006,0
-0.8601762,-0.62608016,0.13108644,2.4573507,0.6215133,-0.28369635,-0.05876992,-0.47496915,-0.06511011,-0.9644519,0
-0.8459534,-0.72559977,0.1944384,2.4034636,0.68523955,-0.13523115,0.06364931,-0.5329391,-0.18235688,-1.0114647,0
-0.7772328,-0.7381706,0.29170832,2.2946343,0.6018597,-0.14750211,0.09283884,-0.64702946,-0.09679123,-1.0642719,0
-0.6593708,-0.7949452,0.2555658,2.1883857,0.6002356,-0.3475021,0.2722206,-0.78359365,-0.002678655,-1.264272,0
-0.81304073,-0.76725477,0.2879404,2.317226,0.63977754,-0.43566802,0.3292309,-0.58359367,-0.06965793,-1.0804367,0
-0.78021926,-0.86497617,0.27873728,2.2962947,0.6234114,-0.4438378,0.36041966,-0.5854125,-0.112327054,-1.1052375,0
-0.77248526,-0.77104884,0.31399527,2.337917,0.7075273,-0.48497537,0.20807156,-0.57391495,-0.24120523,-1.0381004,0
-0.6544914,-0.718208,0.5139953,2.137917,0.70266753,-0.6849754,0.032193482,-0.5501434,-0.114610195,-1.041516,0
-0.70856804,-0.76105106,0.44991535,2.2307377,0.6252121,-0.66619736,-0.019139536,-0.5473945,-0.18637836,-1.220063,0
-0.7755347,-0.64493966,0.5656944,2.3038948,0.6799185,-0.7407548,0.03469426,-0.33646432,-0.07524966,-1.1061537,0
-0.76510835,-0.67537534,0.49366328,2.2312458,0.6521422,-0.7580048,-0.06942309,-0.2890492,-0.13283405,-1.2636311,0
-0.6199163,-0.8730857,0.5311074,2.1468062,0.5434623,-0.7834698,-0.19654816,-0.089049205,-0.20898856,-1.2502005,0
-0.7355259,-0.924776,0.46191746,1.9878945,0.54766154,-0.79801744,-0.16134904,-0.12129234,-0.22134835,-1.1947763,0
-0.8127838,-0.88306516,0.37731478,1.9244189,0.5163413,-0.8579418,-0.035221443,-0.17183544,-0.2499612,-1.1205822,0
-0.8476889,-0.9903917,0.5250752,1.8089833,0.6509961,-0.84481007,-0.027943354,-0.21539499,-0.31579435,-1.2134552,0
-0.9314499,-0.98665047,0.5194533,1.7971609,0.8509961,-0.6714068,-0.16795085,-0.32141668,-0.26489165,-1.0772301,0
-1.000766,-1.031625,0.5285632,1.7744232,0.7877497,-0.6816263,-0.16805904,-0.34991455,-0.4145229,-0.8772301,0
-1.0168358,-0.9742124,0.61998004,1.8084002,0.8424645,-0.6765436,-0.21741945,-0.3282862,-0.40335423,-0.75860995,0
-1.0597938,-1.1293049,0.6394293,1.8171839,0.9619921,-0.6733698,-0.32889506,-0.16935979,-0.479949,-0.87957823,0
-1.1098553,-1.2504292,0.43942928,1.6892358,0.9336397,-0.55439043,-0.47942308,-0.3693598,-0.48620486,-0.82384837,0
-1.0221335,-1.073215,0.35327014,1.7996036,0.88852507,-0.60049707,-0.5279817,-0.3634259,-0.53930074,-0.7190746,0
-1.0541066,-1.2051271,0.3347374,1.8185707,0.9090158,-0.6504828,-0.479873,-0.48101032,-0.65003717,-0.7954016,0
-0.9659701,-1.3389348,0.25490212,1.8741996,0.87039256,-0.7056692,-0.42537326,-0.6495319,-0.46784106,-0.7869533,0
-1.0057291,-1.4992205,0.23636402,1.81554,0.78518116,-0.81900436,-0.32207155,-0.47536096,-0.49080652,-0.72864723,0
-0.8968023,-1.426063,0.26003993,1.7821922,0.8359117,-0.77230525,-0.23003206,-0.67333364,-0.40347242,-0.75435036,0
-0.94215757,-1.3582914,0.38088295,1.8277256,0.80277586,-0.9335977,-0.19611914,-0.49795264,-0.3420285,-0.7197619,0
-0.9845141,-1.3255013,0.5520324,1.7318473,0.85117704,-1.0293286,-0.23192136,-0.43759406,-0.32054406,-0.91525847,0
-0.9515743,-1.3157669,0.63156444,1.5888224,0.95387644,-1.018179,-0.31611744,-0.5842943,-0.281683,-0.9863014,0
-0.9025666,-1.2153573,0.6492844,1.5171688,1.034293,-1.1563327,-0.34181577,-0.60973465,-0.30777448,-0.9973488,0
-0.9297106,-1.0983553,0.7586033,1.5357386,1.0431722,-1.1184684,-0.38519657,-0.5568666,-0.34532067,-1.03845,0
-0.77947855,-1.0232342,0.6276139,1.7357386,0.9468657,-1.0151864,-0.33430916,-0.6527722,-0.27588075,-1.0664991,0
-0.86126125,-1.0208675,0.5212255,1.5699096,0.9999408,-1.214316,-0.23444483,-0.7035953,-0.23546909,-1.0527642,0
-0.94794387,-1.0407605,0.698266,1.5621685,0.81763655,-1.2399654,-0.27331388,-0.6850571,-0.16087039,-1.1464504,0
-0.83033323,-0.9762631,0.61913896,1.5869724,0.69657433,-1.0944835,-0.23310411,-0.6073926,-0.3608704,-0.9596997,0
-0.7449746,-0.9108746,0.56709033,1.5570649,0.62508464,-1.2944835,-0.20302829,-0.7030759,-0.33499694,-1.08281,0
-0.721795,-0.9309969,0.36709034,1.6347213,0.7567005,-1.4377369,-0.23866817,-0.75442624,-0.2611866,-1.1874747,0
-0.7159455,-0.9553779,0.40590566,1.6725707,0.7836572,-1.3949915,-0.3346271,-0.81083524,-0.20686883,-1.1135886,0
-0.61977345,-1.0055263,0.3637034,1.589362,0.95562583,-1.3078113,-0.3423004,-0.6894006,-0.2647887,-1.2258804,0
-0.64912635,-0.94766015,0.33016613,1.389362,0.9098931,-1.4778066,-0.25464237,-0.69336253,-0.22545303,-1.2666421,0
-0.67340404,-0.8261523,0.28302282,1.3312365,0.99474066,-1.5754893,-0.14358109,-0.6871035,-0.39830005,-1.374286,0
-0.5124524,-0.62615234,0.3045347,1.3461473,0.9821346,-1.4826881,-0.22562025,-0.66107833,-0.54494774,-1.2982944,0
-0.4410068,-0.65680486,0.28126347,1.2338015,0.9958633,-1.282688,-0.17098416,-0.6549301,-0.6457618,-1.3617262,0
-0.39008886,-0.6278236,0.2179731,1.3075491,1.0778786,-1.4196616,-0.2716987,-0.8549301,-0.5664408,-1.3102438,0
-0.33510876,-0.70827377,0.15747419,1.292024,1.0655991,-1.5158453,-0.24827482,-0.9648509,-0.61786914,-1.2703546,0
-0.2656676,-0.6873212,0.023221958,1.3709184,1.2600751,-1.5486779,-0.25771874,-0.7615125,-0.41604528,-1.3309572,0
-0.09687832,-0.6266347,0.076735884,1.2848457,1.1994619,-1.3770138,-0.16500407,-0.90566343,-0.4057892,-1.2430179,0
0.024817117,-0.6874994,-0.02836749,1.364696,1.082249,-1.5295416,-0.045643397,-0.9035894,-0.6057892,-1.3426859,0
0.22481713,-0.65806174,0.12571394,1.3379526,1.0306002,-1.6141006,-0.024027066,-0.7288155,-0.6058552,-1.3598882,0
0.28311878,-0.5687725,0.13532586,1.3190225,0.9131186,-1.5601227,0.06195558,-0.90167975,-0.7707222,-1.4667042,0
0.38049504,-0.52367485,0.0347773,1.3551186,0.79415363,-1.4684305,0.2619556,-0.74603856,-0.8536022,-1.5280254,0
0.48886356,-0.5756217,-0.1652227,1.2946678,0.7665272,-1.5006695,0.227788,-0.7780394,-0.90622413,-1.5478678,0
0.57637966,-0.61315924,-0.17251645,1.3791927,0.731401,-1.4705709,0.02775733,-0.79484075,-0.84276813,-1.52301,0
0.67892504,-0.69065744,-0.30677217,1.3865001,0.6849944,-1.4381688,0.07350032,-0.58325374,-1.0206776,-1.4562434,0
0.67630845,-0.57583404,-0.20554699,1.4222249,0.64768827,-1.4270308,0.09351149,-0.580997,-0.99205655,-1.5361166,0
0.4941094,-0.6514531,-0.3314497,1.3466458,0.7102842,-1.3535926,0.15295419,-0.5725432,-1.1769718,-1.47331,0
0.48045847,-0.74147195,-0.50004816,1.2847811,0.6357461,-1.1535926,0.1943214,-0.65172416,-1.2755734,-1.5154537,0
0.37207663,-0.78639424,-0.38716173,1.4206605,0.52232933,-0.9849674,0.22656988,-0.54687494,-1.2079573,-1.6146077,0
0.40636098,-0.74200577,-0.362194,1.3778317,0.58100617,-1.0399864,0.22300622,-0.44018656,-1.2264264,-1.5734401,0
0.38676453,-0.6037196,-0.42476112,1.4325162,0.7061692,-1.0458558,0.14226729,-0.50376374,-1.0264263,-1.5836294,0
0.40854087,-0.77905506,-0.37278375,1.4402775,0.57621473,-1.1543152,-0.023383245,-0.4684345,-1.2259353,-1.5248635,0
0.44081318,-0.8740945,-0.44619083,1.3748583,0.7195573,-1.2654912,-0.08768646,-0.6684345,-1.1293672,-1.4354922,0
0.4132629,-0.82733047,-0.47663027,1.3249884,0.6176131,-1.2770677,-0.19017386,-0.69056207,-1.1221871,-1.4115275,0
0.31201622,-0.83669835,-0.42019996,1.4479865,0.60874856,-1.2410578,-0.31941125,-0.7054163,-1.2597587,-1.3534852,0
0.33792827,-0.85372615,-0.53551817,1.4547342,0.6513809,-1.2013382,-0.33015528,-0.58961546,-1.257258,-1.3598044,0
0.4315434,-0.87527406,-0.50585943,1.4691843,0.637241,-1.1865975,-0.2951321,-0.50527745,-1.289426,-1.1598043,0
0.4950438,-0.84578174,-0.518425,1.3573228,0.725984,-1.1988405,-0.35505515,-0.5228249,-1.3223902,-1.070721,0
0.40986848,-0.86129713,-0.5287942,1.3484498,0.6649837,-1.1382718,-0.35253364,-0.5540968,-1.4662279,-0.87488234,0
0.40768674,-0.99360025,-0.5729453,1.4721047,0.660016,-1.2739444,-0.33268836,-0.72039133,-1.4437373,-0.76066643,0
0.42322454,-0.963799,-0.64952457,1.3635587,0.7510182,-1.3446559,-0.3575291,-0.633743,-1.4021603,-0.6555172,0
0.5378776,-0.98799443,-0.6818318,1.455451,0.7863382,-1.2956167,-0.46071106,-0.69835,-1.3388755,-0.52438384,0
0.7176584,-1.1101009,-0.59101564,1.36607,0.7531437,-1.318313,-0.5583573,-0.6726805,-1.3484341,-0.3866343,0
0.7018312,-1.039741,-0.5496466,1.3423748,0.7137687,-1.3192085,-0.43353498,-0.6579069,-1.2827051,-0.5180788,0
0.75066674,-1.073015,-0.62944293,1.2497667,0.8923888,-1.283094,-0.4011929,-0.4943937,-1.2312387,-0.7180788,0
0.5337288,-1.1169167,-0.57536525,1.3628497,0.87964165,-1.2188863,-0.43958938,-0.6353245,-1.3872154,-0.70606697,0
0.48187894,-1.2490685,-0.46122575,1.4221722,0.7798865,-1.2838858,-0.26337406,-0.6078096,-1.3933475,-0.57923794,0
0.5754317,-1.2794083,-0.5612867,1.3993278,0.7135317,-1.2470906,-0.26280442,-0.7816143,-1.2941314,-0.5828421,0
0.5772041,-1.3351434,-0.59771234,1.3359535,0.59214765,-1.3144436,-0.34424436,-0.7897929,-1.3296891,-0.39172062,0
0.6934269,-1.3740108,-0.633037,1.3571336,0.5449431,-1.276447,-0.22282715,-0.77929795,-1.288632,-0.38065097,0
0.6880238,-1.5455714,-0.7326246,1.2020881,0.39927542,-1.2378742,-0.1491875,-0.9066965,-1.2418897,-0.27870926,0
0.8159497,-1.5791247,-0.7753799,1.1578921,0.35971612,-1.2867521,-0.18678312,-0.77881914,-1.1672947,-0.3309282,0
0.68881035,-1.6727346,-0.7004895,1.1620138,0.29575172,-1.086752,-0.2449318,-0.7645729,-1.2092425,-0.5309282,0
0.73317254,-1.5561273,-0.77730536,0.9634559,0.29887122,-0.91256195,-0.3621845,-0.87189674,-1.2855814,-0.5243611,0
0.78573585,-1.4769009,-0.82406473,1.0123327,0.303427,-0.95392877,-0.3297051,-1.0342195,-1.3167933,-0.4452243,0
0.6902217,-1.4606569,-0.885272,1.0907041,0.2813252,-1.0700241,-0.1973363,-1.0701458,-1.3720523,-0.3549039,0
0.6758599,-1.3740416,-0.880687,1.0357844,0.15075584,-1.0638696,-0.21337347,-1.0310171,-1.2911806,-0.34974387,0
0.84214234,-1.5134465,-1.013802,0.9428439,0.113236494,-1.1030185,-0.20060591,-1.1836272,-1.1324849,-0.36099422,0
0.95075095,-1.5650046,-1.0170919,1.034573,0.03206921,-1.1529323,-0.28496125,-0.97300005,-0.95423865,-0.52271485,0
0.87913585,-1.5383904,-1.140554,1.1335742,0.06496382,-1.1037642,-0.2760672,-0.848361,-0.8833725,-0.6898032,0
0.7518655,-1.5572194,-1.0467843,1.1181405,0.008841969,-1.0913984,-0.38993043,-0.8172018,-1.0333743,-0.7647318,0
0.5978088,-1.5679631,-1.1669562,0.98082703,0.003473919,-1.0889208,-0.348482,-0.8119978,-1.079087,-0.8412779,0
0.6720947,-1.6607217,-1.1047293,0.9470406,-0.08930233,-1.2770497,-0.34955236,-0.7440506,-0.8918345,-0.7503207,0
0.6573743,-1.7222801,-1.0744929,0.924065,-0.083213866,-1.1585045,-0.30946347,-0.7806895,-0.97557217,-0.76624864,0
0.66129917,-1.594875,-1.1152414,1.017027,-0.17761528,-0.9585045,-0.3385807,-0.65502393,-1.0166826,-0.91144705,0
0.59402674,-1.5528144,-1.0784414,0.98592657,0.01048384,-0.8922232,-0.35081297,-0.8269896,-1.148508,-1.085628,0
0.58589023,-1.4335054,-1.2226518,0.862612,0.059431147,-0.76041657,-0.36166385,-0.8814681,-1.3004556,-1.0872359,0
0.5150509,-1.5114452,-1.1561656,0.7437901,0.14941362,-0.6995084,-0.4349101,-0.77202445,-1.4908968,-1.0201647,0
0.5531961,-1.598586,-0.99137235,0.64456725,0.23654298,-0.6317507,-0.38049328,-0.8556553,-1.538109,-1.0210044,0
0.4797351,-1.5219917,-0.946561,0.7340385,0.31780615,-0.6846417,-0.4522278,-0.86405104,-1.5453583,-1.0533963,0
0.49561715,-1.514099,-0.84372187,0.73551714,0.3772183,-0.8738236,-0.28430253,-0.9653732,-1.3453583,-0.93292177,0
0.6106901,-1.5620735,-0.7515969,0.8345163,0.4101253,-0.8916954,-0.083727166,-0.8742652,-1.5348111,-0.913975,0
0.6440155,-1.5922841,-0.85706306,0.77417475,0.49649134,-0.856769,-0.15603031,-0.7037334,-1.5965374,-0.81663895,0
0.5738848,-1.5392755,-0.68178326,0.8600215,0.6737551,-0.8942675,-0.2329546,-0.7132347,-1.5638419,-0.91355884,0
0.6202042,-1.5906136,-0.63207644,0.89540476,0.61157846,-0.84756917,-0.31958067,-0.6233214,-1.5175985,-0.9989276,0
0.66631454,-1.5254475,-0.6023102,0.92966264,0.6686037,-0.8151794,-0.29266676,-0.49367663,-1.5877733,-1.0198244,0
0.69476986,-1.3351912,-0.5369691,1.0446839,0.60253024,-0.7043276,-0.31945816,-0.4386552,-1.5428106,-0.8786125,0
0.748764,-1.3502833,-0.6209936,1.0255644,0.4862987,-0.75450134,-0.41823864,-0.5935687,-1.571576,-0.88539463,0
0.74062884,-1.3201109,-0.7363754,1.0369709,0.45727003,-0.7207801,-0.5361396,-0.66169834,-1.7039282,-0.68539464,0
0.9060013,-1.3615628,-0.6089634,1.0972406,0.44481635,-0.6126944,-0.5549357,-0.8000997,-1.5957391,-0.70707256,0
0.8893995,-1.3329254,-0.5117265,1.0728124,0.51453125,-0.6777545,-0.37669212,-0.74298215,-1.5299927,-0.671739,0
0.73662907,-1.3221048,-0.51286614,1.0128405,0.47604048,-0.7008114,-0.43576843,-0.68078876,-1.5729551,-0.77255434,0
0.8259995,-1.4682919,-0.43701348,1.0390214,0.56493145,-0.86626935,-0.40554994,-0.6330683,-1.5075828,-0.72740644,0
0.89233017,-1.585478,-0.45803908,0.9289726,0.4037559,-0.7017857,-0.510768,-0.57215405,-1.4487653,-0.57787484,0
0.8779784,-1.494807,-0.5318577,0.84070843,0.35140747,-0.72092813,-0.6755708,-0.77215403,-1.5082322,-0.63905936,0
0.92706954,-1.5884665,-0.4494296,0.9298766,0.41485766,-0.6316138,-0.81600004,-0.69130576,-1.4828873,-0.7980621,0
0.9232995,-1.4255781,-0.2970271,1.0110489,0.38545382,-0.75187826,-0.89657074,-0.7301696,-1.5383216,-0.76647496,0
1.0425473,-1.227622,-0.41756627,0.98150915,0.34585732,-0.94679874,-0.8753155,-0.7825075,-1.4528402,-0.7285125,0
0.99655503,-1.1886373,-0.445273,0.9801847,0.30997175,-0.82720846,-0.77266544,-0.86517334,-1.6518054,-0.7619946,0
0.9140394,-1.2772087,-0.37761694,0.852802,0.35298142,-0.7513446,-0.71756834,-0.8605654,-1.7433765,-0.82428694,0
0.91030276,-1.2904879,-0.5736704,0.79777545,0.4531962,-0.7856395,-0.69531846,-0.88881695,-1.6924491,-0.7615654,0
1.0586772,-1.1855918,-0.6287427,0.7611008,0.4787937,-0.877498,-0.558781,-0.88269436,-1.6710397,-0.78484297,0
1.1331438,-1.1636785,-0.7118957,0.7855319,0.49695116,-0.90706193,-0.46380982,-0.8373914,-1.6565511,-0.7125693,0
1.12604,-1.3220476,-0.7461836,0.9398324,0.441511,-0.804429,-0.6071713,-0.89747876,-1.4565511,-0.59462625,0
1.0606135,-1.2250838,-0.7029131,0.95073426,0.46554407,-0.92130345,-0.6433987,-0.95235854,-1.5194566,-0.5301479,0
0.9800403,-1.2465044,-0.5460165,0.96548927,0.52199477,-0.9324212,-0.7853646,-0.8319289,-1.5775753,-0.56205696,0
1.0070367,-1.1753229,-0.7327658,0.9834405,0.43142286,-0.7324212,-0.6452333,-1.0319289,-1.5009323,-0.62999874,0
0.9848179,-1.0651248,-0.79707724,0.8624503,0.49623233,-0.9324212,-0.4452333,-1.181694,-1.5422292,-0.53614104,0
1.018046,-1.011409,-0.931451,0.7952071,0.37694973,-0.77983075,-0.4985392,-1.227143,-1.5694306,-0.6876893,0
0.90419775,-1.0819858,-1.0907573,0.86627614,0.41792795,-0.74445724,-0.56906515,-1.2111579,-1.5149812,-0.50671446,0
0.9048138,-1.0707742,-1.2037231,0.7206509,0.5271341,-0.90245014,-0.451476,-1.1697959,-1.4320852,-0.59250295,0
0.81887513,-1.2286294,-1.0770198,0.790459,0.41996968,-0.67915356,-0.34913203,-1.2025695,-1.5513966,-0.6500726,0
0.94646627,-1.0798264,-1.1021373,0.8392607,0.5017505,-0.5656036,-0.31827012,-1.1097038,-1.6678635,-0.5770138,0
0.94737244,-0.993412,-1.1673572,0.7138506,0.41012442,-0.46543923,-0.41000396,-1.0449536,-1.7229493,-0.54121876,0
0.88493806,-0.90879613,-1.0484852,0.6904675,0.514089,-0.5078545,-0.21000396,-0.8449536,-1.91141,-0.3638843,0
0.6953311,-0.96940476,-1.0396062,0.4904675,0.5617893,-0.50955015,-0.2452536,-0.683613,-1.9740887,-0.37464505,0
0.76585394,-1.0635909,-0.9999776,0.48168036,0.5161327,-0.5119621,-0.22678113,-0.53230405,-2.06762,-0.361343,0
0.75859433,-1.1535021,-0.80537325,0.30834812,0.5252636,-0.56953454,-0.14373177,-0.42652124,-2.0067928,-0.17208637,0
0.8755564,-1.1536064,-0.9100214,0.32133445,0.40675658,-0.62386644,-0.1441172,-0.4212297,-1.9938018,-0.27861217,0
0.9307566,-1.263803,-0.98395556,0.2718322,0.35275647,-0.4852466,-0.08048695,-0.43356353,-1.9663241,-0.29808012,0
1.0311668,-1.2973698,-1.1080871,0.24893619,0.3192589,-0.5994992,-0.08148969,-0.30491844,-2.0594687,-0.40167987,0
1.1117152,-1.2582301,-1.2643511,0.2811401,0.35066637,-0.46133938,-0.12695195,-0.19501562,-1.9429768,-0.58156264,0
1.070115,-1.1006331,-1.1822652,0.42871052,0.28079808,-0.29975846,-0.14549728,-0.14779222,-2.066747,-0.7607625,0
1.0008575,-1.0106808,-1.2748251,0.48941526,0.26442876,-0.23817256,-0.124673724,0.018120462,-2.1421185,-0.6171792,0
0.9089732,-0.8550331,-1.2550775,0.60866356,0.11580696,-0.16078284,-0.21775205,-0.015213792,-2.2094793,-0.7268325,0
0.87638694,-0.7695856,-1.2241386,0.7565684,0.118504114,-0.15406172,-0.16897343,0.14575648,-2.2028224,-0.7929509,0
0.841023,-0.75327027,-1.1102409,0.6748423,0.17416482,-0.22110748,-0.08449703,-0.02415049,-2.3375008,-0.6973972,0
0.78049564,-0.7591926,-1.0255682,0.62759984,0.079231665,-0.025450602,-0.04484341,-0.2241505,-2.2967303,-0.67451864,0
0.6720918,-0.89462864,-1.0528243,0.45978832,0.14938681,-0.051737774,-0.18454681,-0.29092255,-2.4413645,-0.5693327,0
0.767088,-1.022606,-0.98964274,0.59711725,0.20385967,0.14305146,-0.21431245,-0.1896598,-2.3712626,-0.48679113,0
0.83298254,-0.957623,-1.1810019,0.69931453,0.19591254,0.08614795,-0.41130313,-0.14222558,-2.244425,-0.48233372,0
0.82565176,-0.88661796,-1.2184597,0.7281504,0.10610083,0.12053435,-0.5448392,-0.0795552,-2.2414606,-0.40527865,0
0.84125555,-0.9293474,-1.2026926,0.6178146,-0.047989547,0.095142834,-0.7329861,-0.23893318,-2.221442,-0.24478783,0
0.8727313,-0.767749,-1.0069242,0.75655776,-0.019081568,0.2344064,-0.68198544,-0.23336431,-2.3131125,-0.37049103,0
0.9261838,-0.78457963,-0.986419,0.64778006,-0.033140294,0.08799137,-0.665372,-0.09270097,-2.3188028,-0.5449556,0
0.9047983,-0.7488019,-0.9195745,0.7053474,-0.11382402,-0.019934185,-0.7666747,-0.15660882,-2.1188028,-0.7449556,0
0.8305291,-0.7478507,-1.1066741,0.53931165,-0.1865056,0.05887434,-0.8769769,-0.30787215,-2.1349337,-0.8805067,0
1.0112814,-0.72065806,-1.0270612,0.3994014,-0.055444308,0.006397385,-0.9111971,-0.2241759,-2.0996654,-0.9753671,0
0.9874704,-0.86610115,-0.9069893,0.42804545,-0.074823424,-0.031231735,-0.9145948,-0.26373318,-2.1323538,-0.8572079,0
0.99523675,-0.84683776,-0.77214205,0.46704817,-0.20159501,-0.06944799,-1.0206192,-0.090205885,-2.1327696,-0.9132702,0
0.8904309,-0.86299944,-0.82361734,0.41809183,-0.20967525,-0.13456348,-0.82061917,-0.11525044,-2.1484146,-0.9242421,0
0.81648177,-0.9035375,-0.7626943,0.4110487,-0.17505619,-0.28784966,-0.83224654,-0.23433423,-2.0378745,-0.85638094,0
0.71781945,-0.79968125,-0.5825721,0.42338562,-0.21809779,-0.4101023,-0.92034626,-0.26860484,-2.137802,-0.8933356,0
0.6437096,-0.8042124,-0.51617396,0.4461677,-0.22709724,-0.5334413,-0.81361014,-0.100825086,-2.336373,-0.9553544,0
0.60639435,-0.87724423,-0.4299806,0.580948,-0.02709724,-0.5337201,-0.66013336,-0.25713784,-2.2698123,-1.0512282,0
0.64664674,-0.8237439,-0.42162082,0.69451976,-0.024156306,-0.41734394,-0.46203947,-0.14614046,-2.1706254,-1.2208729,0
0.6637398,-0.8496972,-0.36088374,0.88084096,-0.16707224,-0.57423794,-0.5289412,-0.08116689,-2.077079,-1.2841909,0
0.6525425,-0.9687452,-0.39205277,0.6945121,-0.25803247,-0.56178415,-0.4887822,0.043267228,-2.145942,-1.3310297,0
0.6642637,-1.0422376,-0.21801817,0.6238228,-0.35079595,-0.68823004,-0.50667876,0.007828746,-2.0324686,-1.4129516,0
0.4958603,-0.9869163,-0.3552215,0.613343,-0.29538277,-0.85451406,-0.43895194,-0.18487671,-2.1235554,-1.3129944,0
0.45122623,-1.0467037,-0.2901828,0.6069905,-0.26199922,-0.9399712,-0.42231393,-0.22195387,-2.0504801,-1.3652445,0
0.41262934,-1.0750228,-0.32721806,0.6354722,-0.18458131,-0.81072193,-0.33020547,-0.3375312,-2.1203732,-1.3239634,0
0.61262935,-0.9349953,-0.26466668,0.6096825,-0.15047392,-0.7656284,-0.34248623,-0.43518633,-1.9384638,-1.4268507,0
0.57707685,-0.87809116,-0.31241927,0.6307192,-0.24762565,-0.7492615,-0.3549534,-0.39288634,-1.8607432,-1.41149,0
0.64272416,-0.9729593,-0.17007725,0.5052902,-0.2711733,-0.82849306,-0.48828202,-0.19288634,-1.9623033,-1.4687787,0
0.63909554,-0.99453324,-0.19206563,0.5370447,-0.26774994,-1.0058094,-0.5297445,-0.3313855,-1.9014009,-1.479203,0
0.83909553,-1.075376,-0.21688662,0.45100197,-0.17281935,-1.0351912,-0.44076985,-0.30503026,-1.8359885,-1.389832,0
0.91516864,-1.0807422,-0.25384584,0.56796104,-0.1527104,-1.183365,-0.56037045,-0.2981572,-1.7971561,-1.2454269,0
0.8879365,-0.9456736,-0.19331188,0.41003278,0.046420533,-1.3533075,-0.64974296,-0.19516434,-1.6747386,-1.4188632,0
0.7600285,-0.89785135,-0.10118857,0.43076912,0.18827748,-1.1533074,-0.71877956,-0.2934559,-1.6382475,-1.5261427,0
0.7996955,-0.82993865,-0.070360914,0.58139443,0.11628462,-1.0939183,-0.7397869,-0.4934559,-1.6009554,-1.5102179,0
0.8490506,-0.8482504,-0.23939401,0.468241,0.115605526,-1.0141182,-0.85703963,-0.48958924,-1.5495956,-1.6396054,0
0.80403686,-0.8874137,-0.039245795,0.56678665,0.09829779,-0.92030376,-0.8955205,-0.5376123,-1.6333339,-1.6210643,0
0.6568057,-0.98001266,0.03567336,0.6349352,0.06382783,-0.71693975,-0.7297562,-0.55644757,-1.6923342,-1.7261273,0
0.52374244,-0.917331,0.034654833,0.69579446,0.005755309,-0.7979839,-0.59631926,-0.40732768,-1.6488758,-1.5971953,0
0.45117635,-0.81587976,-0.0048703365,0.5780968,-0.009441608,-0.7954962,-0.62486297,-0.46254385,-1.4488758,-1.6522623,0
0.5219747,-0.7595582,0.12548041,0.58630466,-0.080272235,-0.75579906,-0.5378641,-0.3166043,-1.5305455,-1.6233178,0
0.5213607,-0.80604386,-0.055893406,0.5965803,-0.083631285,-0.5780237,-0.5005518,-0.3656924,-1.6449004,-1.6987917,0
0.3213607,-0.79728395,0.02408529,0.6372618,-0.24452972,-0.6709749,-0.6425309,-0.48627862,-1.6717368,-1.6087904,0
0.1952145,-0.77055,0.0057526454,0.6898659,-0.3915615,-0.5886655,-0.5792952,-0.55186605,-1.7451214,-1.654271,0
0.28470206,-0.87732,0.112006046,0.81244045,-0.37732488,-0.7608601,-0.5235875,-0.7399911,-1.7458439,-1.6987251,0
0.2815881,-0.9142424,-0.057393353,0.6966333,-0.4093786,-0.70626205,-0.5112891,-0.6929994,-1.792385,-1.7249843,0
0.23891227,-0.920906,-0.116575345,0.7050295,-0.47423017,-0.68103683,-0.42681694,-0.6689888,-1.8708068,-1.6630858,0
0.09496653,-0.9128264,-0.032078706,0.77693766,-0.3518043,-0.65939325,-0.22681694,-0.5525111,-1.7935002,-1.8410212,0
0.1336082,-0.7594494,-0.052260354,0.69576573,-0.31035292,-0.51140064,-0.32050413,-0.6425762,-1.882549,-1.8711218,0
0.17149866,-0.7395801,-0.15195888,0.6199424,-0.5103529,-0.36618745,-0.37721065,-0.6570576,-1.9016209,-1.8109953,0
0.36668134,-0.7536884,-0.10293229,0.5663515,-0.46207625,-0.43957448,-0.57721066,-0.5319658,-1.8456924,-1.7624736,0
0.30669636,-0.7476505,-0.24620587,0.6325251,-0.36798003,-0.23957448,-0.4492101,-0.5970672,-1.9161823,-1.751067,0
0.16295244,-0.78548366,-0.08694321,0.57605416,-0.17501608,-0.18311708,-0.47726694,-0.67451894,-2.0516756,-1.749506,0
0.111533664,-0.9241526,0.11285131,0.77464366,-0.039579622,-0.17156813,-0.6154435,-0.7644381,-1.84831,-1.7636058,0
0.023831815,-0.9970192,0.11200157,0.7730884,-0.07964268,-0.21962304,-0.6083375,-0.76445013,-1.64831,-1.8711559,0
0.026432797,-1.1168754,0.08287224,0.78575504,0.0741452,-0.12317361,-0.6488447,-0.85775906,-1.5528672,-1.7023981,0
0.07770957,-1.1344714,0.03602619,0.9819512,-0.0026138052,-0.22551966,-0.59787965,-0.95311934,-1.4510862,-1.6233542,0
0.16570896,-1.3178571,-0.021137763,0.90721405,-0.07520559,-0.42551965,-0.42534918,-0.9002697,-1.3733207,-1.7063116,0
0.2162095,-1.1703174,-0.02243191,0.9640203,-0.0018085465,-0.62551963,-0.22534917,-0.9840524,-1.2944925,-1.6234075,0
0.1854508,-1.1652247,0.019890118,1.1523931,-0.068179734,-0.66992015,-0.38461924,-0.9448708,-1.3302323,-1.7024593,0
0.25094694,-1.2327061,0.012639913,1.1222146,0.043265082,-0.66023684,-0.35864452,-1.1390264,-1.2747872,-1.6337268,0
0.27462116,-1.1860102,0.012584975,1.1033496,-0.08331715,-0.80510676,-0.33763862,-1.2021257,-1.2626762,-1.578553,0
0.4038404,-1.1440195,0.13121077,1.2018092,-0.17090799,-0.64784694,-0.5115402,-1.2720678,-1.3916739,-1.3420392,0
0.47354984,-1.2112561,0.1852911,1.0513253,-0.04462278,-0.6038715,-0.46820334,-1.2254617,-1.3329474,-1.2721448,0
0.49282303,-1.1573281,0.20716876,1.0104433,-0.06712129,-0.79657185,-0.5283083,-1.2466104,-1.5190272,-1.2546635,0
0.5286181,-1.2020305,0.16055726,0.9663433,0.00813356,-0.92564625,-0.4633157,-1.1605874,-1.3240284,-1.1928856,0
0.42434627,-1.2490367,-0.039442748,0.85643774,0.12171619,-0.80801594,-0.5677751,-1.1993911,-1.4227505,-1.2777508,0
0.44481245,-1.2492331,-0.16228762,0.8888185,0.067501575,-0.7210641,-0.58899534,-1.1002271,-1.4385663,-1.1154239,0
0.6360907,-1.3361491,-0.24846795,0.9922873,-0.03062816,-0.7278885,-0.43897095,-1.095651,-1.44312,-1.315424,0
0.7428349,-1.312043,-0.07543953,0.95983744,-0.10483553,-0.72025573,-0.26925534,-0.915203,-1.6390182,-1.2936485,0
0.59683406,-1.5025945,-0.08671563,0.81914574,-0.1822136,-0.7824126,-0.22029345,-0.7488563,-1.5233834,-1.2414266,0
0.4639535,-1.4274758,-0.11399378,0.85124403,-0.26568034,-0.7392714,-0.18824382,-0.7871472,-1.4285676,-1.1567256,0
0.5027975,-1.2326417,-0.023239374,0.8091805,-0.18495241,-0.7947576,-0.13847506,-0.58714724,-1.5858974,-1.131877,0
0.5514761,-1.3133367,0.037241437,0.855619,0.015047595,-0.84615123,-0.12256944,-0.7700403,-1.7198427,-1.2652549,0
0.6119684,-1.4361972,0.07730295,0.69003844,0.0903733,-0.9687032,-0.088283315,-0.7868915,-1.8563856,-1.0300447,0
0.518344,-1.3321953,-0.014567491,0.7908566,0.20668909,-1.0236225,-0.13639595,-0.56193393,-1.9689376,-1.0145421,0
0.5536312,-1.3359165,0.10343498,0.6621932,0.066869155,-0.94141406,-0.016402297,-0.5168934,-2.0174,-0.93728375,0
0.61758065,-1.3636745,0.14171652,0.7018278,0.11673452,-0.94021034,0.05631672,-0.5765749,-1.823186,-0.8888338,0
0.5525129,-1.5554806,0.11144413,0.6769213,0.08974845,-1.0654387,0.029679095,-0.6477058,-1.8805723,-0.80101514,0
0.5685892,-1.5377121,0.27525914,0.5870006,0.2127646,-1.1027862,-0.17032091,-0.8477058,-1.6805723,-0.8140758,0
0.7685892,-1.3959966,0.2610089,0.4212216,0.27758902,-0.9896977,-0.14741549,-0.84075177,-1.6054997,-0.64981204,0
0.722348,-1.3890014,0.2601814,0.5752611,0.22815943,-0.8454718,-0.1579291,-1.023076,-1.6135501,-0.57939255,0
0.70495737,-1.5318816,0.15080652,0.62918323,0.15253161,-0.6454718,-0.16036755,-1.0681933,-1.666435,-0.7273821,0
0.74876565,-1.4939263,0.14253943,0.7274991,0.2594839,-0.55754143,-0.12524363,-0.9585028,-1.866435,-0.6110638,0
0.89462364,-1.4620974,0.120165884,0.65406907,0.20208879,-0.41937837,-0.16268395,-0.9988976,-1.9589964,-0.7355444,0
0.8821611,-1.5623971,0.08287373,0.7558706,0.24373215,-0.28740475,-0.21501443,-0.9088231,-1.8974348,-0.76683867,0
0.95460564,-1.497071,0.2598221,0.8165749,0.22148478,-0.30912954,-0.17538838,-1.018464,-1.8016298,-0.8091284,0
1.009518,-1.2920483,0.45804155,0.78286564,0.1369485,-0.3597932,-0.25538477,-1.2137458,-1.7959086,-0.759546,0
1.1565976,-1.3253307,0.3933606,0.7036677,0.20595957,-0.4505206,-0.13418975,-1.0802318,-1.7273345,-0.9175626,0
1.1808518,-1.2513957,0.474778,0.681495,0.1731062,-0.4300999,-0.14453855,-1.0354866,-1.7667792,-0.95925117,0
1.2440269,-1.1108215,0.45481142,0.78850484,0.17204842,-0.41980788,-0.034868337,-1.1981858,-1.6635736,-0.98979676,0
1.2392141,-1.1326344,0.49248043,0.86204386,0.13768648,-0.32323208,0.11585112,-1.0182368,-1.6656035,-1.117109,0
1.2173108,-1.0924445,0.46186945,0.798616,0.09986273,-0.2989818,-0.048980594,-1.0151036,-1.5480671,-1.1238556,0
1.2026165,-1.0770805,0.33128208,0.998616,-0.034714885,-0.313858,-0.016696837,-1.0778116,-1.5030456,-1.2023082,0
1.0697228,-1.0927643,0.49708003,0.9342217,-0.101760186,-0.39341748,-0.011957304,-1.0638934,-1.636836,-1.2511296,0
0.993347,-1.0921752,0.4273859,0.89504033,0.011218369,-0.28687775,-0.20314038,-1.075825,-1.6079158,-1.2024682,0
1.0167753,-1.0829877,0.37535006,0.93206286,0.1469082,-0.3276931,-0.3789121,-1.2082654,-1.5500256,-1.2839992,0
1.1474462,-1.0267795,0.28543526,0.87967956,0.09461562,-0.33376893,-0.38085124,-1.0453304,-1.3500255,-1.4839993,0
1.1825932,-1.1752138,0.29220542,0.7172065,0.05728423,-0.5020398,-0.2937048,-0.96088386,-1.4260433,-1.4388326,0
1.2769051,-1.269193,0.35052308,0.84149015,0.015824435,-0.5293023,-0.3931004,-0.8801627,-1.2946591,-1.4289585,0
1.2388836,-1.2347801,0.48472995,0.90638286,-0.01820344,-0.52308625,-0.53600824,-1.0047768,-1.2326856,-1.3392707,0
1.2126064,-1.2404886,0.5555799,1.0008733,0.03794364,-0.5146784,-0.33600825,-0.9075875,-1.1733835,-1.2709545,0
1.1571015,-1.2350799,0.61596733,0.88560724,-0.05815798,-0.43916208,-0.39126295,-0.8709046,-1.0505165,-1.1450471,0
1.1675187,-1.1420153,0.7241331,0.7932605,0.035472944,-0.41813734,-0.59126294,-0.8478108,-1.1237577,-1.1372758,0
1.2735112,-1.0843619,0.711922,0.85407794,0.1555157,-0.4757036,-0.7090893,-0.76693535,-1.0480295,-1.1525577,0
1.341401,-1.1679279,0.8208097,0.76887625,-0.002031237,-0.5055178,-0.6761143,-0.72579443,-1.0664408,-1.001485,0
1.3778392,-0.9679279,0.63749385,0.67923063,-0.009266419,-0.43323064,-0.63864344,-0.52579445,-1.2371888,-1.1116148,0
1.364984,-0.9449667,0.64756954,0.7354985,-0.08675652,-0.2726788,-0.6963296,-0.5697199,-1.4010109,-1.2724147,0
1.4587721,-0.89261234,0.6979894,0.77662086,-0.21542242,-0.27475083,-0.6136973,-0.576201,-1.3448541,-1.1909534,0
1.4742129,-0.90364075,0.7902556,0.8033008,-0.22035012,-0.232351,-0.6682258,-0.37620103,-1.4605494,-1.1298596,0
1.526885,-0.850859,0.8379052,0.7482691,-0.3292052,-0.04636915,-0.6460288,-0.388375,-1.574425,-0.9298596,0
1.5314201,-0.7733398,0.87755203,0.92108476,-0.4203792,0.044381335,-0.659227,-0.2038558,-1.4886551,-1.0271151,0
1.5219164,-0.77530897,1.0263838,0.7620186,-0.5909201,0.036537845,-0.66157633,-0.3414089,-1.5646181,-1.0467743,0
1.4928386,-0.7348743,1.0073667,0.7192328,-0.6004054,0.22910981,-0.8156103,-0.1875805,-1.4756528,-1.1867489,0
1.4554962,-0.9305339,0.83099836,0.7624753,-0.58438325,0.1679289,-0.8975424,-0.25326997,-1.5936203,-0.9821676,0
1.3959727,-0.804898,0.89900225,0.7281564,-0.6394628,-0.026978146,-1.0104643,-0.38336062,-1.6066161,-0.95190525,0
1.4793391,-0.60489804,0.7718914,0.85241616,-0.669609,0.1102671,-0.8736391,-0.18336062,-1.6336021,-0.98864985,0
1.5466526,-0.5971249,0.75636107,0.9220071,-0.7523576,0.2102894,-0.78669256,-0.32467106,-1.604826,-0.9586987,0
1.4909204,-0.5484199,0.65217924,0.93069804,-0.6837324,0.16553147,-0.80361414,-0.40481526,-1.5497855,-0.9710179,0
1.5184448,-0.6117106,0.7830609,0.9407398,-0.6644314,0.10840331,-0.821939,-0.27097458,-1.5316604,-1.1286029,0
1.536363,-0.56028134,0.76441294,0.95022327,-0.6646099,0.064358465,-0.9862796,-0.24919686,-1.5456554,-0.9842137,0
1.4484123,-0.64404553,0.9036825,0.9950702,-0.5573346,0.18580553,-0.94487965,-0.19223788,-1.5292283,-1.0329869,0
1.2484123,-0.65939885,1.043685,1.1016277,-0.6614369,0.16958846,-0.91582453,-0.08391151,-1.4018258,-0.96016854,0
1.183679,-0.83165944,1.1137464,1.1097535,-0.6794299,-0.029860225,-0.9000655,-0.219463,-1.4803665,-0.9607182,0
1.1378562,-0.78638506,1.0853738,0.942251,-0.5366732,0.0259898,-0.8018831,-0.20771092,-1.584537,-0.97148144,0
1.1510142,-0.73139083,1.0523342,1.0676534,-0.4800141,-0.13512209,-0.9100749,-0.01727739,-1.5396899,-1.1578451,0
1.1665473,-0.62293816,1.0246334,1.133151,-0.4450327,0.06487791,-0.7711561,-0.13447738,-1.4579579,-1.1401144,0
1.1561662,-0.68761885,0.8246334,1.2724607,-0.34891373,0.18474184,-0.6555972,-0.21258247,-1.4785217,-1.2018541,0
1.3561662,-0.70251334,0.8490167,1.2372088,-0.43454984,0.23907374,-0.6713006,-0.08898991,-1.4486479,-1.2279298,0
1.2870983,-0.7537537,0.82978415,1.1366557,-0.43167007,0.33418208,-0.48145622,-0.14645196,-1.3641794,-1.126704,0
1.2638493,-0.66792804,0.62978417,1.1382551,-0.38596416,0.24204354,-0.44326872,-0.2199206,-1.2037501,-1.1292692,0
1.2425722,-0.57986224,0.65937006,1.1423748,-0.3314943,0.18786365,-0.34423137,-0.062488154,-1.232028,-1.2133739,0
1.3142227,-0.5343244,0.61845165,1.2597558,-0.3618699,0.21853094,-0.25633395,-0.18519612,-1.3491453,-1.0548472,0
1.244133,-0.50685614,0.81845164,1.2895312,-0.45403785,0.16770008,-0.3252694,-0.241735,-1.5084732,-1.2075427,0
1.3080633,-0.4896798,0.8278074,1.1654371,-0.39872113,0.07321716,-0.29928064,-0.26860493,-1.3700428,-1.2186227,0
1.1979715,-0.500705,0.83966917,1.1334658,-0.25782526,0.13862911,-0.16334644,-0.19410284,-1.3301039,-1.4186227,0
1.172977,-0.57337946,0.92504877,1.085782,-0.23114835,0.19229797,-0.36334646,-0.1749278,-1.2426964,-1.6186228,0
1.1486351,-0.55202216,0.7440459,1.0212322,-0.27140188,0.39229798,-0.39218438,-0.19564916,-1.0780681,-1.7066158,0
1.3284286,-0.6575139,0.62716025,0.98569953,-0.22017667,0.43847817,-0.36326686,-0.2494678,-1.0173805,-1.5434902,0
1.2511551,-0.739053,0.6015737,1.1099743,-0.19269323,0.54659116,-0.3548786,-0.4494678,-0.9250212,-1.5891342,0
1.2298926,-0.7093107,0.40157372,1.1389785,-0.17767462,0.74659115,-0.31782258,-0.48605028,-0.8309375,-1.7071943,0
1.3380821,-0.601766,0.36809927,1.2254817,0.022325382,0.89163923,-0.13191563,-0.51137185,-0.72616404,-1.5710795,0
1.2555759,-0.54520965,0.3964865,1.090035,0.124022074,0.7295944,-0.26282614,-0.71137184,-0.7634743,-1.7584758,0
1.3382378,-0.48946312,0.47215146,1.1311702,-0.033794917,0.7512309,-0.29680988,-0.6277148,-0.8541148,-1.619647,0
1.2852266,-0.3337854,0.44630793,1.1705282,-0.04688511,0.5600271,-0.38846236,-0.5751026,-0.79083323,-1.5501888,0
1.1187387,-0.495742,0.45350274,1.1849487,-0.011246577,0.5949768,-0.18846236,-0.6405228,-0.84212494,-1.3897743,0
1.2819494,-0.43597978,0.3373409,1.1096145,-0.0034162542,0.6375181,-0.32384127,-0.4405228,-0.9788672,-1.2159265,0
1.1803036,-0.519173,0.5105441,1.1071973,0.103650376,0.65390414,-0.36103272,-0.24052279,-0.896947,-1.0642302,0
1.2626269,-0.41772437,0.42915004,1.1521728,-0.0027442873,0.6396074,-0.1822289,-0.26308438,-1.0790465,-1.1277539,0
1.2643127,-0.4679736,0.48063725,1.193888,-0.0092621185,0.48748094,-0.09318049,-0.15510756,-1.1027727,-1.0308943,0
1.3427757,-0.51776165,0.46664593,1.1225736,-0.04151688,0.4703131,-0.0720504,-0.07210124,-1.1964067,-0.95590633,0
1.3805681,-0.49229988,0.4574338,1.1514446,-0.06742349,0.4110562,0.023965076,-0.19683342,-1.1891485,-0.81463426,0
1.267353,-0.40719104,0.5198359,1.1606015,-0.14949279,0.35048634,-0.016381416,-0.14206457,-1.164122,-0.7339445,0
1.2312534,-0.48326886,0.5361255,1.1467171,-0.17862779,0.23367304,-0.059230372,-0.34206456,-1.1650919,-0.73135346,0
1.2501341,-0.5644551,0.6101555,1.2378309,-0.20521869,0.17229417,-0.25923038,-0.22067168,-1.139412,-0.7831701,0
1.2798756,-0.36752087,0.6326247,1.1709672,-0.13649766,0.24492598,-0.33192247,-0.13213179,-1.1706913,-0.6584601,0
1.3376126,-0.24977778,0.45778283,1.2535652,-0.049372606,0.28518355,-0.23492157,0.0390708,-1.1176187,-0.57093436,0
1.3292713,-0.4157682,0.35375577,1.2868618,-0.08237673,0.19561926,-0.26874667,0.021935215,-0.94737,-0.5411549,0
1.4703999,-0.46125588,0.3566601,1.2568446,-0.077106275,0.18430081,-0.2701931,-0.15514785,-0.9166908,-0.5740021,0
1.6703999,-0.39296237,0.3418818,1.2824465,-0.048076678,0.14226499,-0.18775599,-0.20836248,-1.1033268,-0.6086768,0
1.6025475,-0.5929624,0.44817957,1.2751672,0.023930524,-0.009453788,-0.052864984,-0.32181078,-1.2827406,-0.6220727,0
1.5088898,-0.5795184,0.42585513,1.2293869,0.050647557,0.048750006,-0.054711666,-0.12181078,-1.2917358,-0.5094461,0
1.507294,-0.39508027,0.42813078,1.293102,0.18044576,0.026244063,-0.057672754,-0.0638983,-1.3039144,-0.37469304,0
1.6130922,-0.49523225,0.4647861,1.2880981,0.114901654,-0.07437599,-0.061725,-0.2638983,-1.4189515,-0.574693,0
1.6579062,-0.2974648,0.5197655,1.224036,0.029730469,-0.02199744,-0.2057145,-0.27338752,-1.4823024,-0.60767084,0
1.7710434,-0.2916677,0.43647307,1.3144422,-0.09633091,0.028785646,-0.10938481,-0.11576925,-1.6093197,-0.80767083,0
1.8003899,-0.23942597,0.5717823,1.3362145,-0.009918533,0.059650935,-0.007043898,-0.16459796,-1.4093196,-0.8625304,0
1.8296157,-0.43277687,0.6196278,1.3171017,0.07210966,-0.06827014,-0.023675315,-0.2697616,-1.5849684,-0.86671686,0
1.8584182,-0.41703895,0.48379818,1.2138695,-0.022015534,-0.057446852,0.023143595,-0.3106024,-1.6026278,-0.9978033,0
1.8176317,-0.35308766,0.32904744,1.2398335,-0.14767438,-0.038704127,0.03253063,-0.25125128,-1.5870565,-1.1208413,0
1.7967577,-0.34567487,0.3048587,1.1868346,-0.18138288,0.080723636,0.040135488,-0.30129772,-1.6531495,-1.133996,0
1.7448083,-0.47368383,0.19102405,1.2219182,-0.15769045,0.26633173,0.13960516,-0.21203676,-1.7581439,-0.97487223,0
1.7877762,-0.5158121,0.21016483,0.99766064,-0.20041813,0.33337742,0.31693816,-0.24437308,-1.7890553,-0.9930268,0
1.8134803,-0.5133341,0.23373398,0.96142566,-0.31599358,0.38540292,0.21613754,-0.14136782,-1.800169,-0.9555681,0
1.8614929,-0.3973518,0.35428023,0.91935056,-0.294278,0.48739305,0.28288323,-0.2298213,-1.8022491,-0.8373427,0
1.8297514,-0.47471097,0.40773654,0.9759057,-0.11760971,0.66348016,0.080241315,-0.28524137,-1.8190998,-0.6760592,0
1.6863767,-0.42626545,0.43486726,0.97282094,0.00734666,0.57036483,0.019312348,-0.27639842,-1.8779498,-0.60464597,0
1.5575742,-0.4729716,0.45875844,1.0446141,0.06415793,0.6555385,0.04916638,-0.40831196,-1.8479943,-0.48150572,0
1.7188456,-0.44791424,0.52976197,0.99349725,-0.022821926,0.6617707,0.16176297,-0.27180296,-1.7000501,-0.4764514,0
1.6046958,-0.29233092,0.5704618,0.8020815,-0.029070072,0.6182175,0.28858727,-0.35578698,-1.7169248,-0.38056484,0
1.4980981,-0.13788953,0.53884256,0.96306485,0.058253102,0.50300217,0.4086529,-0.27081367,-1.7935598,-0.23684035,0
1.5786216,-0.27471647,0.33884257,0.92471486,0.091909945,0.6042192,0.47997597,-0.26930934,-1.8305172,-0.41759327,0
1.4601151,-0.3516571,0.48914465,0.803181,-0.056448415,0.761579,0.35667896,-0.14392826,-2.030517,-0.36372408,0
1.357656,-0.30198827,0.5936092,0.82532686,0.039183244,0.561579,0.2013612,-0.20479879,-2.1981883,-0.19746816,0
1.2138647,-0.33592635,0.67655796,0.83968484,0.2156986,0.761579,0.13367394,-0.11248936,-2.0995247,-0.1545587,0
1.2076687,-0.25901294,0.697761,0.9597028,0.33770385,0.87040204,0.17509557,-0.09644754,-2.0597317,-0.023351535,0
1.2510486,-0.37219268,0.7578933,0.93906426,0.26549348,0.8304256,0.37509558,0.07591805,-2.1424634,-0.039177448,0
1.0583733,-0.45183575,0.9578933,0.96571845,0.2647409,0.92308784,0.27530038,0.1523944,-1.9910518,-0.10641466,0
1.0940299,-0.2755394,1.0913973,1.061033,0.15760824,0.7920723,0.07530038,0.033152692,-1.8670186,0.05688846,0
1.1023808,-0.44991034,1.1454821,1.1175804,-0.007194951,0.73481256,0.27530038,0.07250363,-2.00098,0.19395845,0
1.0252358,-0.33534786,1.1664666,1.2077253,-0.110583924,0.64833325,0.4591627,-0.006870519,-2.0885475,0.108236775,0
0.95077395,-0.35245562,1.1326249,1.2096304,-0.08479588,0.6263354,0.51365787,-0.20687053,-2.0748663,-0.027974516,0
1.0363212,-0.17596029,1.2271805,1.138175,-0.19040304,0.5301569,0.37702295,-0.25256422,-2.13465,0.11694445,0
0.92438686,-0.24646169,1.1451716,1.1828146,-0.13646913,0.490119,0.4635008,-0.3158955,-2.1824484,-0.04071285,0
0.8242808,-0.3310352,0.98154783,1.266558,-0.1962673,0.55764985,0.29509962,-0.26441616,-2.0734367,-0.1698508,0
0.9376336,-0.5193217,0.89803255,1.2138503,-0.18734002,0.36730382,0.37263718,-0.2601007,-1.9339501,0.030149207,0
1.0194381,-0.6100878,0.9296245,1.3482975,-0.26580706,0.27686992,0.22258566,-0.31956312,-1.8471116,0.039065443,0
1.2194382,-0.5717884,0.9753955,1.3192695,-0.29591924,0.4132547,0.3483356,-0.4271664,-1.6561782,0.0015421174,0
1.2245039,-0.62615025,1.0091344,1.319987,-0.49591923,0.42446834,0.20644969,-0.28413415,-1.5416641,0.11000405,0
1.2774572,-0.57115585,1.0158423,1.3740363,-0.4569997,0.48051733,0.23185876,-0.3713044,-1.4198968,0.055332568,0
1.255235,-0.74439555,1.1219981,1.3624959,-0.5070005,0.53984755,0.191548,-0.3468131,-1.3886312,0.12021975,0
1.3509746,-0.81829727,1.2277313,1.3272576,-0.34361458,0.5909712,0.20180418,-0.3612696,-1.3006439,0.044459887,0
1.3353121,-0.79186904,1.2641519,1.492307,-0.27192196,0.41653016,0.17699854,-0.4794096,-1.5003345,-0.072254375,0
1.2772336,-0.76170206,1.2893145,1.5195738,-0.3467225,0.5727877,0.1304029,-0.5712549,-1.4230582,0.017744444,0
1.2692015,-0.69724756,1.1481577,1.5640255,-0.2824836,0.686672,0.045462515,-0.74359906,-1.4229283,0.086503655,0
1.1934273,-0.8145267,1.1423645,1.5726439,-0.35319778,0.4769894,0.116909,-0.81021607,-1.4399716,0.1953643,0
1.2737901,-0.7315905,1.1006867,1.6724871,-0.33888638,0.48509875,0.21137431,-0.82305354,-1.3170716,0.16300838,0
1.2242239,-0.5712593,1.0607597,1.8064977,-0.30801633,0.5339878,0.17230612,-0.77895665,-1.329866,0.035612565,0
1.0556716,-0.62475735,1.1827327,1.7701862,-0.24468455,0.5809347,0.20704299,-0.70591325,-1.4216114,0.05749615,0
0.9934534,-0.8051506,1.1536481,1.7952508,-0.26451406,0.52802014,0.22093734,-0.61807764,-1.4213893,0.10487986,0
0.8835853,-0.798979,1.1863705,1.6555045,-0.3346887,0.54154843,0.249652,-0.7058743,-1.5674958,0.0990996,0
0.98522943,-0.7186763,1.1508352,1.563322,-0.31778672,0.59185857,0.33123848,-0.66376084,-1.637711,0.19293603,0
1.0210212,-0.65358734,1.0099833,1.6693071,-0.23692483,0.61011475,0.34366697,-0.7868291,-1.5661843,0.3243027,0
1.2039032,-0.50460756,0.84214866,1.8431004,-0.09668338,0.45173326,0.19351341,-0.62345135,-1.5599948,0.34150153,0
1.3281921,-0.49440518,0.7970822,1.7211859,-0.19980644,0.24344896,0.15413609,-0.6138029,-1.6562656,0.38824165,0
1.2015134,-0.4820637,0.8609439,1.6940886,-0.09299838,0.27965283,0.27648896,-0.7504407,-1.6434599,0.53422445,0
1.1063083,-0.4063685,0.9493376,1.6351217,-0.037623707,0.26276153,0.185621,-0.7301469,-1.4898986,0.44681227,0
0.996118,-0.5073986,1.1121674,1.6375068,-0.0036834963,0.32942474,0.056961387,-0.6903743,-1.5389333,0.45194706,0
0.86621803,-0.52106774,1.1520268,1.5906919,0.19631651,0.2127102,0.21033147,-0.7897058,-1.5146124,0.39574698,0
0.8298976,-0.49151543,1.0240338,1.3906919,0.28654385,0.22406635,0.010331467,-0.5897058,-1.5326822,0.299415,0
0.9122719,-0.49986607,1.0320815,1.5575252,0.33109573,0.21170692,0.1975182,-0.60283834,-1.647967,0.41052622,0
0.92693913,-0.48853904,1.1003137,1.5854332,0.23492461,0.03927028,0.23959973,-0.64443207,-1.5027322,0.24188158,0
0.8832367,-0.54453295,0.9954621,1.6515278,0.21403423,-0.07958757,0.23882143,-0.8048004,-1.4989777,0.4118877,0
0.92432237,-0.64396423,1.0833834,1.4847852,0.18662485,-0.121905446,0.31176853,-0.82657087,-1.5485722,0.41421986,0
0.91822153,-0.6366373,1.1211138,1.4405507,0.18444087,-0.1281966,0.23113385,-0.95054543,-1.7372301,0.30478168,0
0.9709853,-0.5264997,1.0843191,1.444589,0.18905659,-0.21414801,0.10164969,-1.0587796,-1.652161,0.16432557,0
1.0703514,-0.40628055,0.8843191,1.407276,0.21986808,-0.2957813,0.19851309,-1.2382729,-1.7573075,0.16040793,0
0.92093813,-0.38512203,0.9361421,1.3122642,0.019073568,-0.39158276,0.2554645,-1.3807577,-1.8017054,0.18318643,0
0.74878097,-0.45187467,1.0390933,1.2514592,0.08178857,-0.19158275,0.25277635,-1.3702923,-1.8330039,0.21127115,0
0.65871453,-0.48227176,1.0938656,1.1690512,-0.0040339604,-0.39158276,0.21768194,-1.298807,-1.699627,0.2559598,0
0.78953147,-0.42715588,1.271119,1.176125,0.0939799,-0.4435675,0.2544973,-1.2253584,-1.499627,0.24196972,0
0.98953146,-0.43771583,1.2336605,1.3068917,0.15791109,-0.24356751,0.26774383,-1.126237,-1.3458534,0.2806712,0
1.1826848,-0.49440768,1.0336604,1.1808248,0.1292467,-0.15878297,0.18582457,-1.0333087,-1.3347958,0.3770212,0
1.1823797,-0.48059258,1.1572074,1.1383958,0.095757976,-0.29047352,-0.01417543,-1.1743318,-1.2956997,0.26029643,0
1.183951,-0.5966534,1.25823,1.0324455,-0.01059971,-0.3478996,0.1382681,-1.0705343,-1.3825791,0.18684277,0
1.2639472,-0.4676563,1.2623287,0.98767674,-0.051725324,-0.5095137,0.17446837,-1.158585,-1.3211077,0.14190212,0
1.3991023,-0.44905382,1.3473332,0.9110659,-0.11152931,-0.59002984,0.22149184,-1.0645806,-1.2041637,0.007850841,0
1.3275555,-0.52953583,1.2724241,0.8978703,-0.19954325,-0.5459935,0.2855354,-1.0618917,-1.2612768,-0.10357151,0
1.2887788,-0.55574614,1.2916989,1.0142972,-0.15521911,-0.70371544,0.34865826,-1.0397875,-1.2456441,-0.013982996,0
1.4269559,-0.58717626,1.2794658,1.0655018,-0.12088944,-0.83501995,0.36128548,-1.0795196,-1.1310021,0.03205792,0
1.4450759,-0.52248496,1.1987795,1.1169304,-0.058364473,-0.8321641,0.32958815,-1.1371688,-1.0928416,0.17622182,0
1.4795192,-0.5336486,1.1732576,1.0491049,-0.1367758,-0.6321641,0.52958816,-1.0937605,-0.9188235,0.26198965,0
1.4090474,-0.46585494,1.0678722,1.0299317,-0.17554775,-0.60138303,0.43110064,-1.2062896,-0.8744228,0.22936419,0
1.2936232,-0.286713,1.0934987,1.0397834,-0.33923143,-0.45218435,0.57921857,-1.3414779,-0.72161305,0.27780396,0
1.4634856,-0.10399687,1.1363438,1.0658798,-0.27564606,-0.59411824,0.59058154,-1.1767379,-0.64622885,0.17880194,0
1.468026,-0.14320633,1.1383296,0.9478879,-0.16887274,-0.75801224,0.7006342,-1.1865618,-0.5701362,0.21835455,0
1.516024,-0.18881592,1.2993693,0.86282194,-0.13217375,-0.6488927,0.62598276,-1.2725415,-0.59269285,0.19303647,0
1.4579813,-0.36873963,1.3923552,0.79532045,-0.01424519,-0.5443143,0.42598277,-1.1593148,-0.74737966,0.07510151,0
1.4837915,-0.39382252,1.4096699,0.84521997,-0.09353078,-0.62265354,0.22857611,-1.098853,-0.78667194,-0.10350849,0
1.3742245,-0.44967258,1.298559,0.7656042,-0.10539233,-0.69893897,0.1477637,-1.2264357,-0.88883966,-0.14142857,0
1.3514501,-0.50632566,1.1725122,0.7396568,-0.16289899,-0.89893895,0.24404357,-1.1837138,-0.94020414,0.058571428,0
1.2421271,-0.64561015,1.1834326,0.67481613,-0.22363015,-1.0161095,0.19054519,-1.1928611,-0.9684849,-0.13037847,0
1.2137197,-0.5957237,1.2270851,0.5965957,-0.28640288,-0.96736014,0.05977708,-0.9928611,-0.9335426,-0.27018347,0
1.2957904,-0.496732,1.3054898,0.61869246,-0.2730682,-0.9573993,0.027668692,-0.9814025,-0.91936386,-0.2556855,0
1.1936835,-0.40537125,1.2978823,0.61138487,-0.4006881,-0.91010004,0.10289103,-1.1691815,-1.0621126,-0.09957932,0
1.1400203,-0.39658353,1.2478132,0.6483772,-0.4378534,-0.77275765,0.22307667,-1.3691815,-0.86739814,-0.057766832,0
1.0466433,-0.3803598,1.1889902,0.81951344,-0.3492127,-0.926942,0.16769175,-1.4226074,-0.79191154,-0.052236628,0
1.008597,-0.28035256,1.2105217,0.8362274,-0.47545534,-0.9109742,0.05821167,-1.2226074,-0.59191155,-0.101115935,0
0.808597,-0.34117824,1.1565831,0.9503684,-0.5172169,-0.84545445,0.040791407,-1.1748812,-0.53159666,-0.08687339,0
0.9288058,-0.37960446,1.0382327,0.83320415,-0.5723118,-0.64545447,-0.08759424,-1.1049167,-0.67925817,-0.05512915,0
1.0116985,-0.27951375,0.9191438,0.8520282,-0.54248446,-0.7360846,-0.045788348,-1.0849638,-0.80151707,-0.10316562,0
0.9831805,-0.40117446,0.9392494,0.9117763,-0.5892555,-0.64348674,0.0039781407,-1.1706498,-0.81532544,-0.22019626,0
1.1017764,-0.23039879,0.8175277,0.92678183,-0.61079514,-0.6722517,-0.05112792,-1.1431315,-0.9442634,-0.3449045,0
1.1788493,-0.29400298,0.69674486,0.86917627,-0.6303507,-0.4722517,0.0151568465,-1.0170828,-1.1118189,-0.31700063,0
1.2965468,-0.22550529,0.75868577,0.86361253,-0.7471695,-0.4998075,0.030990342,-0.9486965,-1.0285764,-0.39175624,0
1.3721926,-0.18637371,0.8192017,0.8573912,-0.75559884,-0.5057985,-0.007167952,-0.9133627,-0.9901325,-0.31172666,0
1.2759594,-0.21586064,0.6892688,0.95809335,-0.85985833,-0.44069684,0.044681467,-0.9744422,-1.1901325,-0.33591536,0
1.3342098,-0.16491461,0.7950728,0.9619457,-0.8177357,-0.56570596,-0.1121149,-0.7751415,-1.0513119,-0.5359154,0
1.4580272,-0.025901094,0.74463904,1.08143,-0.8681298,-0.48866603,-0.1904911,-0.97514147,-1.2239788,-0.5282452,0
1.5531069,-0.17168209,0.89187443,1.0438232,-0.9126401,-0.6096788,-0.20547126,-1.082724,-1.3161832,-0.54739046,0
1.460793,-0.16639718,0.74779916,0.9886785,-0.9533945,-0.67949325,-0.20924781,-1.2480633,-1.4322733,-0.52742976,0
1.4878201,-0.11362575,0.78526276,0.9181413,-1.0883902,-0.7086701,-0.33088607,-1.1138079,-1.4457129,-0.4323337,0
1.427,-0.036413085,0.59909403,0.90182686,-1.0769731,-0.90024,-0.3872774,-1.0867321,-1.476007,-0.5570194,0
1.3035033,-0.14993075,0.4629849,1.0113934,-0.97787964,-0.7983572,-0.37134564,-0.97161514,-1.5823203,-0.61967593,0
1.3346443,-0.21575499,0.37951836,1.0611194,-1.0616573,-0.76670504,-0.22742297,-0.864578,-1.4573098,-0.57189095,0
1.2336243,-0.28977638,0.50796103,0.86111945,-1.1931337,-0.73840606,-0.19791378,-1.064578,-1.5582078,-0.54934496,0
1.2598861,-0.2769379,0.47232673,0.8173268,-1.1549647,-0.92767745,-0.15784287,-0.9958285,-1.5161538,-0.7111794,0
1.1134526,-0.33498856,0.436734,0.7768561,-1.2225034,-0.9755061,-0.19850889,-1.018997,-1.7161539,-0.59702843,0
1.108497,-0.21922365,0.39289623,0.6291198,-1.2210166,-0.99834436,-0.19391242,-1.0030687,-1.743165,-0.59830236,0
1.2052126,-0.21329422,0.23511602,0.70001495,-1.2824413,-0.98001057,-0.28256577,-0.89231044,-1.7775954,-0.50533617,0
1.2450534,-0.29404998,0.05534579,0.68317527,-1.3362336,-1.0841123,-0.47390312,-0.67988265,-1.7703336,-0.33445442,0
1.1284144,-0.2840199,0.12753865,0.7430299,-1.4468255,-1.1760609,-0.41377026,-0.78187084,-1.6133376,-0.4100817,0
1.2624767,-0.30089617,0.046837807,0.74884236,-1.2468255,-1.0740956,-0.3405223,-0.79378754,-1.6744905,-0.4174496,0
1.2975742,-0.25150692,0.11229778,0.6882963,-1.1448575,-1.2508422,-0.40461776,-0.652604,-1.7909372,-0.21744959,0
1.2722319,-0.33193728,0.23847336,0.59856254,-1.1003531,-1.2556508,-0.3935474,-0.59907174,-1.7611914,-0.2404475,0
1.3631058,-0.383656,0.12324415,0.5684501,-1.0435474,-1.3381191,-0.19354738,-0.5619624,-1.7765827,-0.16800764,0
1.5000346,-0.42476478,0.19905508,0.5571038,-1.0349046,-1.3542012,-0.2876546,-0.4978129,-1.7203091,-0.105036445,0
1.39781,-0.40691817,0.16010104,0.7025269,-1.1342751,-1.3956983,-0.09536117,-0.33908325,-1.5858358,-0.16576889,0
1.3470265,-0.5126106,0.14585806,0.6892342,-1.1177515,-1.3027949,-0.1869422,-0.1838937,-1.4573051,-0.21189734,0
1.4162312,-0.66718584,0.15246843,0.7104232,-1.2897264,-1.1290196,-0.2696619,-0.19912273,-1.5156922,-0.3411339,0
1.3085833,-0.60191804,-0.0380636,0.71175635,-1.387805,-1.0814983,-0.30212715,-0.13370551,-1.5558622,-0.22568005,0
1.3118414,-0.74050033,-0.046572138,0.59539866,-1.4368234,-1.0808212,-0.28845087,0.03154014,-1.5289558,-0.14404252,0
1.3231597,-0.7668432,-0.104495704,0.65836877,-1.4026076,-1.1659529,-0.26347908,-0.0860667,-1.6634685,-0.21475439,0
1.4924959,-0.70188147,0.09358163,0.6437852,-1.3179964,-0.9465067,-0.18547055,-0.13076298,-1.7646352,-0.24119695,0
1.4718245,-0.82449466,-0.010668699,0.5665683,-1.3134229,-0.9504805,-0.100787655,0.06728028,-1.7788101,-0.15963824,0
1.455903,-1.0200571,-0.1438615,0.548695,-1.451989,-0.7643747,-0.0044403696,0.07290106,-1.6703241,-0.17381184,0
1.4093219,-1.1129922,-0.23903005,0.58610153,-1.4151826,-0.7075591,-0.029287422,0.09994673,-1.6901244,-0.060506687,0
1.375146,-1.0801047,-0.36597967,0.6159174,-1.4322635,-0.709889,-0.031887498,0.27370688,-1.5297098,-0.059595224,0
1.5691426,-1.1633803,-0.25092846,0.73921037,-1.3605493,-0.509889,0.10067111,0.3058459,-1.5287619,-0.07252257,0
1.5385941,-1.1153872,-0.18052563,0.65385985,-1.377381,-0.63199514,-0.01495488,0.254655,-1.5444307,-0.1936643,0
1.5039325,-1.1868173,-0.19956647,0.6406969,-1.3796625,-0.5732657,0.038454305,0.1898413,-1.5470245,-0.32241327,0
1.5170195,-1.1643203,-0.25743887,0.7165969,-1.4335465,-0.5989842,0.09611138,0.12551817,-1.4712813,-0.39965597,0
1.5788511,-1.1095574,-0.36520582,0.7455003,-1.3253964,-0.5877777,0.09245038,0.11675255,-1.5379466,-0.31200802,0
1.768155,-1.0140789,-0.21672587,0.7375917,-1.1253964,-0.60477537,0.18394116,0.24810383,-1.4213653,-0.29290202,0
1.7520528,-1.0697141,-0.1210296,0.8969486,-1.0447737,-0.61978126,0.14280815,0.30434805,-1.2213652,-0.13680236,0
1.818327,-1.1890779,-0.05311977,0.79645294,-1.0666581,-0.74611586,0.14475682,0.50434804,-1.1034318,-0.22352964,0
1.7075417,-1.3864249,-0.0114108175,0.9447369,-1.0458777,-0.7350192,0.12060769,0.30434805,-1.179334,-0.03036812,0
1.8515637,-1.3932067,-0.15433106,0.9686889,-1.0616605,-0.69597423,0.023531243,0.12597989,-1.015884,-0.09252863,0
1.9069173,-1.4299333,-0.27583596,0.8323964,-1.1301163,-0.57806677,0.22151473,0.100191556,-0.9330819,-0.0944135,0
1.8002582,-1.3980314,-0.2519819,0.8514634,-1.192631,-0.40980667,0.42151475,-0.08665439,-0.9934829,-0.16624412,0
1.9081178,-1.4008657,-0.16471696,0.679023,-1.1737349,-0.49572328,0.47620627,0.113345616,-0.8985062,-0.32753563,0
1.7734149,-1.3991629,-0.22283062,0.82511824,-1.1963294,-0.48616734,0.66743654,-0.012983486,-0.9497691,-0.38936508,0
1.6669152,-1.4759607,-0.3962464,0.81844246,-1.176011,-0.3797919,0.73560774,0.122197434,-0.8619624,-0.32001144,0
1.4961362,-1.3052304,-0.5590754,0.71106774,-1.1511346,-0.476034,0.8551682,0.110580444,-0.93315494,-0.35069814,0
1.4650843,-1.3584076,-0.44670975,0.5869286,-1.1487254,-0.44047794,0.87400734,0.029831156,-0.9956798,-0.48785418,0
1.3289982,-1.3201824,-0.31777424,0.5606735,-1.0811449,-0.5305304,0.76685137,-0.07285146,-0.97743803,-0.5310533,0
1.4377357,-1.2936829,-0.32733712,0.62531054,-1.0647769,-0.49999774,0.88117564,-0.1097347,-1.1026319,-0.5406558,0
1.4608734,-1.2817369,-0.3397345,0.63824517,-1.1165271,-0.29999775,0.9167291,-0.08858466,-1.2580185,-0.45161977,0
1.4114294,-1.173204,-0.39711106,0.57036537,-1.2194045,-0.39594972,0.9239679,-0.14782457,-1.0580184,-0.5553074,0
1.513749,-1.3709776,-0.34775043,0.62490773,-1.2117373,-0.5419172,0.87313414,-0.34782457,-1.141231,-0.39932406,0
1.5060811,-1.4879292,-0.28523794,0.58505183,-1.1275198,-0.6392702,0.9661994,-0.14698547,-1.1846564,-0.23583022,0
1.4304059,-1.3773272,-0.4649669,0.66332203,-1.1739848,-0.6598906,0.83385015,-0.24055383,-1.1519356,-0.23025402,0
1.4176632,-1.3896794,-0.5738412,0.7077407,-1.2766227,-0.71561277,0.79287654,-0.35483667,-1.1305064,-0.23314762,0
1.481452,-1.3501656,-0.56262594,0.58643556,-1.3105351,-0.82865816,0.7305876,-0.3302684,-1.1286309,-0.032844216,0
1.3398488,-1.5122664,-0.6499405,0.53865755,-1.3082128,-0.90711576,0.51792705,-0.2720207,-1.1524056,-0.026834568,0
1.3665509,-1.469432,-0.5816088,0.6253171,-1.4274584,-0.70823663,0.3055586,-0.07601351,-1.266854,0.026777087,0
1.2142946,-1.4962916,-0.54705024,0.67294383,-1.5841031,-0.6323883,0.3455544,0.034379613,-1.2244824,0.07238172,0
1.3822851,-1.555419,-0.6730348,0.7345122,-1.4963503,-0.4958494,0.26428443,0.15582812,-1.0460671,0.06450197,0
1.3197454,-1.4797392,-0.66647583,0.71529776,-1.5993726,-0.38857526,0.22007492,0.030772015,-1.1034219,0.090939865,0
1.2978402,-1.3563386,-0.64976156,0.7304801,-1.6889937,-0.54164535,0.13321741,-0.13081509,-1.1532512,0.09611474,0
1.2280157,-1.3849702,-0.6833819,0.7076938,-1.6479989,-0.6571868,0.29359376,-0.21134746,-1.1520985,-0.0015190216,0
1.3154294,-1.3576772,-0.6596578,0.707098,-1.562618,-0.5070572,0.3562954,-0.2873587,-1.190615,-0.038699828,0
1.2262262,-1.340507,-0.51469284,0.5297263,-1.6015233,-0.41916847,0.26158693,-0.21548142,-1.3906151,0.025351562,0
1.0262262,-1.2388206,-0.4607106,0.5876097,-1.7671509,-0.5380587,0.15719327,-0.1555627,-1.4325258,0.030430071,0
0.9898112,-1.3382452,-0.3767441,0.729451,-1.804194,-0.5670064,0.09775912,-0.20674461,-1.3877621,-0.023316054,0
1.0449462,-1.2732407,-0.42099577,0.60209846,-1.6745117,-0.4814198,0.044214707,-0.16095848,-1.4375741,0.09844825,0
1.0393002,-1.2211399,-0.48820242,0.61218345,-1.6089041,-0.62304485,-0.046523023,-0.28872705,-1.3717132,0.009425387,0
1.1440438,-1.1806623,-0.4426165,0.5890203,-1.6365812,-0.6614646,0.07197212,-0.18839687,-1.4818269,-0.04725106,0
0.9659695,-1.127526,-0.48159945,0.5715719,-1.6933239,-0.7670819,-0.01979573,-0.27028987,-1.6305926,-0.22116296,0
0.8394238,-1.1454401,-0.47305918,0.6154035,-1.6952485,-0.57472664,0.11358328,-0.16832161,-1.7218053,-0.18222879,0
0.75532025,-1.1639144,-0.61014944,0.7137415,-1.6794354,-0.5663639,0.1464679,-0.36481252,-1.6952125,-0.15338872,0
0.80184567,-1.1331842,-0.47368583,0.8360459,-1.7744882,-0.5890694,0.33747515,-0.41674566,-1.5374116,-0.050726898,0
0.9191468,-1.079873,-0.3969039,0.95672613,-1.6569736,-0.39289194,0.3191346,-0.46132883,-1.6406931,-0.098567605,0
0.8568945,-1.152233,-0.41104382,1.0362067,-1.5713211,-0.24356864,0.28365505,-0.32781953,-1.5534562,0.01838547,0
0.821361,-1.1198591,-0.46966404,1.112726,-1.5442388,-0.13209614,0.36729842,-0.41565004,-1.4408766,0.004732959,0
0.74788225,-1.0722426,-0.2886392,1.2689078,-1.4836836,-0.20435166,0.2880667,-0.43013033,-1.3780252,-0.13332465,0
0.77807564,-0.9450042,-0.4091285,1.3247671,-1.4715358,-0.37284714,0.47446156,-0.40865824,-1.422237,0.06667535,0
0.93175936,-0.9034495,-0.47165626,1.4245445,-1.4468752,-0.5728471,0.41415775,-0.32247818,-1.3029788,-0.072236,0
0.9681633,-0.8980559,-0.38840467,1.4826021,-1.4159551,-0.6053148,0.38933268,-0.3889085,-1.4169828,0.09783356,0
1.0187896,-0.8273634,-0.5573506,1.5461684,-1.3625389,-0.52406204,0.39538172,-0.53174174,-1.3721166,0.027368568,0
1.2187897,-0.90742034,-0.44014224,1.48927,-1.3619457,-0.33459204,0.3733005,-0.7317417,-1.2458882,0.03483063,0
1.2301241,-0.95446193,-0.46555334,1.4619182,-1.3701779,-0.48071772,0.33288267,-0.8116161,-1.152484,-0.12499727,0
1.3244781,-0.8369361,-0.48445082,1.457231,-1.2764933,-0.45122898,0.14534315,-0.89927113,-1.2345922,-0.0026784327,0
1.1244781,-0.7269492,-0.47829548,1.4825734,-1.3064698,-0.4077221,0.18506154,-0.9452391,-1.2524036,0.08737866,0
1.2550652,-0.5567503,-0.50805515,1.355407,-1.3538747,-0.42969146,0.13135663,-0.7968235,-1.2737999,0.15859461,0
1.1054308,-0.5655526,-0.5337953,1.3619176,-1.3657141,-0.22969146,0.0637204,-0.777808,-1.2347139,-0.041405395,0
0.9813802,-0.6577036,-0.3337953,1.5177375,-1.3712336,-0.29320088,-0.030181602,-0.8304532,-1.1101549,0.15859461,0
1.1544621,-0.681165,-0.28140268,1.6232716,-1.3784776,-0.19616187,0.14569578,-0.77880967,-1.1802403,0.1804088,0
1.1757495,-0.8068508,-0.36551747,1.5972695,-1.4020476,-0.3033216,0.100837156,-0.7144637,-1.2912502,0.18983373,0
1.1070142,-0.88385165,-0.23855881,1.6316804,-1.4279724,-0.12433854,0.011704147,-0.7253199,-1.2224209,0.06869683,0
0.944105,-0.8419389,-0.29332387,1.7411625,-1.2896094,0.075661466,0.13339615,-0.76467437,-1.2942045,0.008501023,0
0.92497057,-0.6419389,-0.34892094,1.6136292,-1.1670216,0.15911326,0.20200446,-0.7195612,-1.1496568,0.04922433,0
0.8814172,-0.5417868,-0.3710799,1.563264,-1.3123144,0.09856307,0.25281125,-0.7668877,-1.0604707,-0.090613276,0
1.0619692,-0.5674489,-0.31282812,1.5780892,-1.5113881,0.021056294,0.22485226,-0.9668877,-1.0663819,0.022352248,0
1.1364648,-0.47941336,-0.31745285,1.5756658,-1.5777153,-0.09922387,0.24701504,-0.9729351,-1.0898361,-0.035572954,0
1.0438801,-0.49204692,-0.32074803,1.6697104,-1.5359854,0.100776136,0.36845678,-0.8991436,-1.0793334,0.16442704,0
0.96842533,-0.36542165,-0.39966643,1.6968248,-1.5366839,-0.010988168,0.2521807,-0.8994764,-1.0674337,0.16703652,0
1.0307211,-0.53802574,-0.40547675,1.7326989,-1.4832003,0.18391332,0.30773246,-0.7352816,-0.87906206,0.2194924,0
1.1855677,-0.4858887,-0.42188507,1.8891375,-1.4710056,0.24421918,0.28878224,-0.8084809,-0.8051286,0.05238492,0
1.2405604,-0.4992609,-0.4931232,1.8341906,-1.4632078,0.18412517,0.18487462,-0.80963683,-0.8510955,0.12404538,0
1.2177262,-0.575261,-0.6048147,1.7725139,-1.4767672,0.031413138,0.32149816,-0.64825475,-0.8724816,0.14140627,0
1.2322408,-0.67589104,-0.44936275,1.7284641,-1.3853147,0.23141314,0.2403929,-0.68197566,-0.8325326,0.054114953,0
1.3120637,-0.6447246,-0.3909251,1.7341464,-1.4250185,0.031413138,0.17279744,-0.5989889,-0.9785722,0.15099275,0
1.2747316,-0.63976103,-0.3384175,1.8152474,-1.4612263,0.1283764,0.21799895,-0.7809217,-0.7785722,0.0111439675,0
1.3444184,-0.5882992,-0.2062274,1.8007283,-1.5338218,0.03832528,0.1504687,-0.5547504,-0.9344862,0.05965403,0
1.3576658,-0.69936556,-0.29245624,1.8250165,-1.4006479,-0.07308848,0.053666785,-0.4558069,-1.0208946,0.17718019,0
1.3919291,-0.75937545,-0.24850139,1.829878,-1.3156164,-0.076547936,0.08014171,-0.5783198,-0.9585998,0.28139022,0
1.5352757,-0.854514,-0.28181493,1.7345731,-1.2719505,-0.06816367,0.048127446,-0.42417046,-0.9886617,0.08139022,0
1.6069989,-0.876667,-0.3271614,1.6687444,-1.2476507,0.04902638,-0.141802,-0.5827822,-0.8950693,0.19323325,0
1.59902,-0.81588274,-0.15144195,1.7480676,-1.2002912,-0.05089846,-0.12697499,-0.75081736,-0.8146934,0.10922181,0
1.639983,-0.82490885,0.023918448,1.7693748,-1.0561838,-0.113330826,-0.1751047,-0.82668906,-0.808299,0.05413602,0
1.522176,-0.7837843,-0.14823662,1.7918912,-0.8975177,0.02315116,-0.34000784,-0.6749062,-0.8108058,-0.01976132,0
1.678536,-0.7262951,-0.12536,1.6966034,-0.89243793,-0.042732194,-0.22263113,-0.6992014,-1.0108058,-0.21976133,0
1.8137633,-0.64453745,-0.2996669,1.7079899,-0.9093018,-0.013416694,-0.25568515,-0.6928833,-0.9144939,-0.2811266,0
1.891742,-0.6277342,-0.2861436,1.5628525,-0.8751713,-0.20182082,-0.43092576,-0.61421376,-1.0539386,-0.14992677,0
1.7753193,-0.75274813,-0.3488324,1.5457549,-0.8041063,-0.3927552,-0.4958576,-0.7609431,-1.0675943,-0.07112931,0
1.8060151,-0.79800844,-0.26464263,1.5146022,-0.7516499,-0.5837178,-0.48785788,-0.5577481,-1.1324731,0.012141751,0
1.8579326,-0.71916544,-0.4381274,1.5402474,-0.69091433,-0.48890948,-0.4627114,-0.58836305,-0.9857024,-0.116541535,0
1.8860699,-0.7655463,-0.33970377,1.6450105,-0.611738,-0.45366144,-0.5121488,-0.5525926,-0.89327985,-0.29930654,0
1.8833969,-0.84559655,-0.4437297,1.5040742,-0.75256217,-0.41889605,-0.5331206,-0.49583063,-0.95117736,-0.3194039,0
1.8693094,-0.8730764,-0.33250472,1.3860917,-0.7441355,-0.5013727,-0.51990396,-0.5082672,-1.1335922,-0.3046841,0
1.85988,-0.9542356,-0.23867682,1.3948233,-0.61529714,-0.5655142,-0.31827363,-0.50280994,-1.2260239,-0.2685794,0
1.7049531,-1.0030861,-0.32288134,1.2757405,-0.7030314,-0.41726154,-0.30630368,-0.6181954,-1.2102356,-0.3140711,0
1.6254915,-1.0846748,-0.22436927,1.2584386,-0.750905,-0.4357174,-0.38056526,-0.41819543,-1.2894346,-0.25116265,0
1.6518466,-1.1788577,-0.15854138,1.4365364,-0.74053305,-0.4232083,-0.3151433,-0.32322502,-1.126648,-0.30198658,0
1.675978,-1.1628081,-0.22044694,1.2470917,-0.54053307,-0.5555589,-0.2850428,-0.523225,-1.1501656,-0.18062791,0
1.6018,-1.1701576,-0.052918628,1.2499409,-0.5537515,-0.61106074,-0.20980509,-0.34696442,-1.0821773,-0.067321934,0
1.5914028,-1.2600727,0.0459963,1.4499409,-0.5707849,-0.65940773,-0.1614154,-0.44531396,-0.8821773,-0.014618989,0
1.5601043,-1.3032016,-0.12015838,1.5414393,-0.55548483,-0.667407,-0.26164013,-0.3077866,-0.69203097,0.18538101,0
1.583914,-1.2922176,-0.055018716,1.4503794,-0.4423012,-0.772026,-0.17654732,-0.191748,-0.7444851,0.17876282,0
1.6580727,-1.2449476,0.13620496,1.5391692,-0.38991717,-0.9536175,-0.2557827,-0.38322312,-0.78927654,0.25577998,0
1.4444395,-1.3548657,0.27965343,1.6532072,-0.35548186,-1.0862488,-0.20655654,-0.20155305,-0.8489263,0.39542875,0
1.499866,-1.4357314,0.2719253,1.655144,-0.2425396,-0.9556431,-0.2184736,-0.17096001,-0.89108425,0.18045492,0
1.4962541,-1.311673,0.34724754,1.6422452,-0.29183897,-0.8443476,-0.30522898,-0.37096,-1.022747,0.1876036,0
1.4357836,-1.4246681,0.2900849,1.6593674,-0.3112072,-0.9598525,-0.27577502,-0.4059417,-0.8978773,0.07749632,0
1.4280348,-1.4794959,0.15547591,1.5058197,-0.3942788,-1.0448626,-0.23522632,-0.5644659,-0.9169424,0.13495103,0
1.3462266,-1.3365653,-0.04452409,1.4759514,-0.5225458,-1.053421,-0.29552224,-0.70264655,-1.0125335,0.17892173,0
1.3916184,-1.1981875,-0.08817413,1.5431143,-0.65656,-0.9836682,-0.4594214,-0.70222586,-1.0555327,0.1475007,0
1.2391939,-1.2458639,-0.021345839,1.4874462,-0.6117157,-0.8694123,-0.6594214,-0.8158,-1.1951923,0.11654771,0
1.1973853,-1.3576343,0.177709,1.6458652,-0.6894928,-0.6658708,-0.49971896,-0.69924617,-1.1511719,-0.00087616994,0
1.2120222,-1.2178463,0.049503475,1.6955712,-0.7766654,-0.4658708,-0.36730665,-0.6182823,-1.0849926,-0.10266571,0
1.0982099,-1.1353984,-0.01184788,1.6413051,-0.8299725,-0.29570597,-0.52270854,-0.4946207,-0.96718234,-0.25305632,0
0.95664775,-0.9353984,0.0050208494,1.567719,-0.91030014,-0.25177294,-0.58230954,-0.2946207,-0.9769847,-0.29151103,0
1.1566478,-0.9440567,0.03804851,1.648067,-0.9017669,-0.17884818,-0.528426,-0.31052873,-1.0938637,-0.39622962,0
1.0955808,-0.9949683,-0.014104094,1.7777689,-0.91001076,-0.046629027,-0.533749,-0.4986474,-1.2938638,-0.53855383,0
1.2120563,-0.87709594,-0.18431728,1.8879193,-0.83483887,0.03747441,-0.32986847,-0.44671538,-1.3702918,-0.5281875,0
1.1414745,-0.84523225,-0.20720978,1.9253294,-0.7721871,0.16782181,-0.3069776,-0.565095,-1.3951151,-0.4984355,0
1.0782001,-0.94721025,-0.007209778,1.7824104,-0.7316829,0.07239803,-0.33798322,-0.46612337,-1.5388256,-0.44150004,0
1.1350428,-1.0213481,-0.15394385,1.7609386,-0.6817941,0.10108889,-0.31270716,-0.5650204,-1.5107154,-0.6079183,0
1.1865458,-1.0935116,-0.13681586,1.5950767,-0.670937,0.091184765,-0.44255775,-0.43905315,-1.5647901,-0.7332722,0
1.171393,-0.98504406,-0.09097618,1.452221,-0.64226645,0.2911696,-0.36083534,-0.6356656,-1.6241426,-0.93322355,0
1.0544119,-1.0404496,-0.064526744,1.3995225,-0.6287904,0.471528,-0.35624543,-0.5484929,-1.7289371,-0.89897645,0
1.0013682,-1.0746299,-0.135679,1.4048629,-0.5112269,0.34285668,-0.39970174,-0.46843803,-1.7482173,-1.017851,0
1.0132518,-1.1319189,-0.10815751,1.3574691,-0.612336,0.31162208,-0.38958937,-0.53922504,-1.6689132,-1.0666685,0
0.9933195,-1.2954594,-0.08936259,1.3230295,-0.66376615,0.40471524,-0.49684587,-0.5378938,-1.4689132,-1.0867099,0
1.0070589,-1.3100929,0.014887892,1.3174541,-0.5975023,0.21243438,-0.5247203,-0.57935727,-1.362958,-1.1663394,0
1.1847081,-1.2903773,-0.013825413,1.287593,-0.44798315,0.2118951,-0.4806082,-0.42623985,-1.4634799,-1.1205208,0
1.1329621,-1.3764138,-0.16762869,1.2417349,-0.39832845,0.08839993,-0.66459364,-0.41914374,-1.4422861,-1.1459011,0
1.0567816,-1.236091,-0.13656962,1.3144499,-0.46829215,-0.052153602,-0.6726155,-0.46225125,-1.4611919,-1.1181926,0
1.1604716,-1.1984196,-0.2239959,1.26463,-0.4617192,-0.010294739,-0.6025441,-0.49671066,-1.4177314,-1.0977966,0
1.2282212,-1.3449264,-0.2515945,1.3751913,-0.40514368,0.03979797,-0.6275287,-0.40379015,-1.3430996,-1.0962273,0
1.0835583,-1.3689435,-0.22427748,1.2998483,-0.4151228,-0.15610987,-0.6315691,-0.2884464,-1.5430996,-1.0354733,0
1.1325588,-1.4044993,-0.35665804,1.3032262,-0.39291963,-0.13274723,-0.68646747,-0.21463268,-1.4192985,-1.1024368,0
1.2305228,-1.349271,-0.24453926,1.1449608,-0.47074386,-0.0054834057,-0.6563531,-0.39745378,-1.3589906,-1.2795675,0
1.184701,-1.2984128,-0.2189186,1.1789794,-0.41983032,-0.047635768,-0.7958408,-0.45413798,-1.2957902,-1.332474,0
1.2037847,-1.134806,-0.34124294,1.2418234,-0.45541173,-0.09198137,-0.666427,-0.37203,-1.4715835,-1.2808576,0
1.1339891,-1.1737123,-0.31340978,1.1307471,-0.25541174,-0.18112594,-0.487543,-0.45021874,-1.373844,-1.1690748,0
1.1893038,-1.0749505,-0.33783254,1.085673,-0.25035766,-0.20919015,-0.6814461,-0.6502187,-1.3302637,-1.0768384,0
1.2048424,-1.1261824,-0.21209978,1.1845757,-0.23324758,-0.047618076,-0.804017,-0.6132738,-1.377653,-1.1050959,0
1.2007866,-1.1853793,-0.22672792,1.146059,-0.267335,-0.042448997,-0.83334005,-0.6981776,-1.2280625,-1.2003806,0
1.2494066,-1.1992507,-0.19575444,1.1240182,-0.14898175,-0.16898659,-0.6316382,-0.6942462,-1.3974798,-1.3469964,0
1.300096,-1.1903523,-0.08469649,1.0420687,-0.13440317,-0.1309439,-0.6917128,-0.69050497,-1.3105776,-1.4462512,0
1.278023,-1.1806413,-0.015660642,1.114291,-0.2450118,-0.02828616,-0.7315762,-0.8892463,-1.2097863,-1.371305,0
1.1794537,-1.1350702,-0.10423797,1.2058396,-0.25723943,0.010674244,-0.6395667,-0.83778524,-1.24389,-1.3158374,0
1.1799823,-1.2134824,-0.0614539,1.1630011,-0.39837956,0.10874274,-0.8075807,-0.97333837,-1.0903019,-1.3490332,0
0.9941401,-1.2235663,-0.06122848,1.164275,-0.2533478,0.17930388,-0.81978965,-0.8685619,-1.2160491,-1.4675564,0
0.96500415,-1.3681,-0.07283248,1.1876144,-0.33951747,-0.019889738,-0.6638238,-0.8474985,-1.1957691,-1.4411417,0
0.7810218,-1.3887659,0.07751656,1.1772021,-0.3388931,-0.05096016,-0.5790809,-0.8513229,-1.2012492,-1.5649254,0
0.87428075,-1.5288423,0.26704946,1.0369558,-0.32563734,-0.09963181,-0.4432612,-0.9448317,-1.1340503,-1.5034819,0
0.7636795,-1.5645666,0.2309545,0.9294734,-0.20470142,-0.033153065,-0.49864838,-0.9873646,-1.0123752,-1.5064708,0
0.7293855,-1.5543988,0.06199517,0.90340894,-0.23627612,0.05412409,-0.6455996,-0.77875584,-1.1583992,-1.675693,0
0.75740933,-1.4630073,-0.0278515,0.8692615,-0.34113127,-0.047110897,-0.7445378,-0.7145791,-1.1469547,-1.660705,0
0.8372625,-1.5689763,-0.0070840577,0.97243893,-0.2819199,-0.22152822,-0.72245336,-0.8733396,-1.0065178,-1.5701346,0
0.93621373,-1.4359941,0.1178607,0.9461541,-0.3815813,-0.32634732,-0.7676775,-1.002601,-0.9936537,-1.5226076,0
1.1362138,-1.3743014,0.0023376346,0.8333835,-0.4845648,-0.2154344,-0.7759791,-0.9782185,-1.0427494,-1.3996847,0
1.1434389,-1.3547821,0.036285885,0.8894242,-0.41916907,-0.30682728,-0.81283367,-0.97971874,-1.0094967,-1.2982129,0
1.2850696,-1.4655323,-0.1529519,0.87260014,-0.28032646,-0.4578905,-0.6898255,-0.94123393,-1.0721236,-1.2714201,0
1.3402022,-1.5047356,-0.2004877,0.7790268,-0.19136854,-0.2992184,-0.6722734,-1.0322691,-1.0982667,-1.2011151,0
1.1939139,-1.4894217,-0.14610149,0.7891957,-0.17982027,-0.31949243,-0.6603983,-0.9648832,-1.2926568,-1.2407731,0
1.2081435,-1.5219753,-0.05719079,0.68796206,-0.28213248,-0.4042548,-0.44390783,-0.9349084,-1.2261735,-1.3891677,0
1.0796028,-1.5681529,0.056336865,0.5314979,-0.26219425,-0.45993635,-0.2961595,-0.7856219,-1.0877852,-1.5282185,0
1.1953878,-1.7014145,0.08338498,0.59902096,-0.21763746,-0.5614408,-0.29863188,-0.70640385,-1.146025,-1.4304944,0
1.3227581,-1.6574099,0.22700743,0.6821828,-0.27780616,-0.5951181,-0.15424769,-0.5110822,-1.0757182,-1.4535776,0
1.220392,-1.6973604,0.3218516,0.6735483,-0.33131158,-0.61136335,-0.27552345,-0.4137836,-1.1439676,-1.4072298,0
1.2955827,-1.6780558,0.33002734,0.7088177,-0.4300608,-0.67433745,-0.3328073,-0.364425,-1.1627048,-1.288069,0
1.3416939,-1.5651088,0.22566594,0.8734033,-0.4173347,-0.67245466,-0.22007361,-0.40313536,-1.1920372,-1.295479,0
1.2464857,-1.3831912,0.107521534,0.8776528,-0.48231515,-0.6023137,-0.24078736,-0.43484536,-1.2297182,-1.3180522,0
1.2030494,-1.5210941,0.02827759,0.84467655,-0.4964473,-0.647436,-0.18101643,-0.34773433,-1.2616767,-1.1703256,0
1.2254908,-1.5524893,0.011832394,0.90193087,-0.45446712,-0.6038723,-0.27213803,-0.3332298,-1.3230801,-1.263763,0
1.2564977,-1.5704064,0.05809665,0.87768316,-0.52069646,-0.61198765,-0.20145066,-0.35544938,-1.3429188,-1.251129,0
1.0792394,-1.6631199,0.091230094,0.848569,-0.49987397,-0.6990952,-0.25008488,-0.28605062,-1.4572058,-1.1551868,0
1.1648253,-1.6028734,-0.10876991,1.035747,-0.40026227,-0.57827204,-0.25072896,-0.48262012,-1.2699608,-1.1320161,0
1.2107337,-1.5532012,-0.082159966,1.2343892,-0.5047274,-0.7774168,-0.050673217,-0.54440635,-1.068785,-1.136155,0
1.2332557,-1.5796487,0.076960124,1.2220418,-0.58021456,-0.7683065,-0.067387246,-0.51961184,-1.0242285,-1.1108351,0
1.1488534,-1.6007726,0.080538504,1.0727878,-0.4252847,-0.8284265,-0.18035239,-0.4211421,-1.1606524,-1.2394125,0
1.198494,-1.6064398,0.2456276,1.0130123,-0.6028621,-0.8354561,-0.0065891678,-0.3802215,-1.0478418,-1.2619128,0
1.0163007,-1.5732168,0.22047594,0.9569781,-0.55170405,-0.9861265,-0.028887639,-0.55257946,-1.1089303,-1.3095717,0
1.1974235,-1.539572,0.09635548,0.82309836,-0.5932417,-0.94766814,-0.006124977,-0.5150587,-1.0362068,-1.3856627,0
1.3019878,-1.3961046,0.25077426,0.78466886,-0.6279792,-0.84933984,-0.09352459,-0.58270085,-1.0131875,-1.3954933,0
1.19803,-1.355446,0.10892348,0.8341632,-0.687324,-1.014388,-0.26619193,-0.62039465,-0.94442314,-1.421111,0
1.0798035,-1.4462817,-0.014460571,0.6654231,-0.75231415,-1.1615722,-0.35447034,-0.6095439,-0.9622105,-1.2957218,0
1.1716439,-1.2679855,-0.011281463,0.63842875,-0.6270136,-1.2258034,-0.30298802,-0.6155732,-1.0105311,-1.3905711,0
1.1764116,-1.1828314,-0.09486888,0.47230917,-0.7181504,-1.3068264,-0.27270067,-0.6271632,-1.1291513,-1.4208,0
1.0320606,-1.1466198,-0.16720498,0.49220544,-0.7686206,-1.3182139,-0.45712376,-0.4877926,-1.1166348,-1.3669966,0
1.0495054,-1.0793955,-0.3020342,0.42540538,-0.8080351,-1.1182139,-0.4310163,-0.4110338,-1.1929984,-1.2655195,0
1.1426271,-0.97201705,-0.49885458,0.55702996,-0.70295864,-1.2823298,-0.4178204,-0.366408,-1.371624,-1.2901658,0
1.0800403,-0.98923653,-0.58596534,0.51580775,-0.7577242,-1.3111691,-0.55391777,-0.2682901,-1.405584,-1.2640127,0
0.9697103,-0.9678862,-0.5354594,0.5464701,-0.76500213,-1.376011,-0.47573367,-0.12005237,-1.5052773,-1.2191955,0
0.86462754,-0.8954259,-0.56186247,0.5617547,-0.6036732,-1.5084335,-0.41751388,-0.1582318,-1.5060631,-1.2326366,0
0.85064733,-0.92472035,-0.593596,0.45114648,-0.709365,-1.6217664,-0.21751387,-0.27231428,-1.3633609,-1.2466009,0
0.8956826,-0.8682428,-0.59304506,0.44800022,-0.7032434,-1.5299076,-0.016926015,-0.45646098,-1.4797747,-1.2876164,0
1.0290312,-0.76609707,-0.58640534,0.4998224,-0.79093504,-1.3905228,-0.21502651,-0.31710422,-1.5606188,-1.2724156,0
1.0013729,-0.8314587,-0.7530669,0.3635536,-0.8164452,-1.2182248,-0.21097808,-0.34027696,-1.5864664,-1.3337231,0
1.0988921,-0.8278525,-0.78210425,0.49323425,-0.82974094,-1.2697929,-0.17011717,-0.28918925,-1.3672645,-1.4033182,0
1.0954653,-0.674198,-0.7297679,0.5950016,-0.7983512,-1.2442834,-0.08392867,-0.17295444,-1.251875,-1.4842732,0
0.9173841,-0.71758336,-0.77966535,0.7194727,-0.7877697,-1.2711638,-0.011056073,-0.080295555,-1.239794,-1.4828297,0
0.7173841,-0.77979666,-0.93140334,0.61605275,-0.8748397,-1.4098225,-0.17485604,0.04774178,-1.039794,-1.4079653,0
0.8525643,-0.7430904,-1.1314033,0.51337856,-0.9001882,-1.3039157,-0.2054525,0.24651968,-1.0553776,-1.4099247,0
0.7137308,-0.7328351,-1.1554486,0.6876691,-0.9213508,-1.356705,-0.11067633,0.2481122,-1.1507465,-1.3579965,0
0.6323382,-0.80333585,-1.1009625,0.7071748,-0.88857996,-1.4865593,-0.17461768,0.2729576,-1.2637411,-1.2414157,0
0.4150492,-0.74835473,-1.1798726,0.6919479,-0.8741271,-1.6011074,-0.2693066,0.3503772,-1.1787162,-1.2184019,0
0.38355005,-0.6678504,-1.1584998,0.6082421,-0.92730516,-1.6506711,-0.19637486,0.29595965,-1.2107936,-1.1597974,0
0.32588458,-0.63758826,-1.0651747,0.6437536,-0.9822233,-1.5981201,-0.17637086,0.35313833,-1.3643388,-1.1841794,0
0.41201517,-0.780403,-1.173292,0.6719804,-0.89249384,-1.5782872,-0.28655827,0.42449355,-1.3037413,-1.0693253,0
0.4567962,-0.82879364,-1.1403167,0.5771714,-0.74850583,-1.6532938,-0.42125815,0.32259905,-1.2826245,-1.1183445,0
0.35190442,-0.75792766,-1.164954,0.60257614,-0.7121061,-1.6644995,-0.34500158,0.51558423,-1.296613,-1.1125557,0
0.34904283,-0.6887393,-1.0717922,0.65315753,-0.80316436,-1.6031479,-0.14500158,0.7155842,-1.178344,-0.96406865,0
0.42814597,-0.6421909,-1.0279422,0.70010036,-0.807473,-1.723894,-0.1224548,0.762429,-1.248956,-0.8345635,0
0.35774767,-0.67495483,-0.88982534,0.6702716,-0.7964438,-1.8122338,-0.16549899,0.5983998,-1.2027436,-0.8362945,0
0.51034456,-0.698442,-0.9454268,0.74561393,-0.9067519,-1.8592552,-0.12522498,0.66965234,-1.0027436,-0.9233823,0
0.4042128,-0.7297828,-0.854717,0.7504691,-0.8820681,-1.8695294,-0.011890389,0.8589477,-1.0086169,-0.9347801,0
0.45588416,-0.6739027,-0.9973997,0.8214378,-0.79924095,-1.8154794,0.07479965,0.78945214,-0.9763755,-1.0731119,0
0.4850616,-0.7418084,-1.0587455,0.7934993,-0.8773146,-1.5858535,0.1430165,0.89583445,-0.8912662,-1.2497646,0
0.5791533,-0.7712481,-0.9750922,0.7705461,-0.85100055,-1.6209794,-0.017721256,0.9131813,-0.83908767,-1.278731,0
0.48942465,-0.62529224,-0.8446542,0.70895606,-0.80524856,-1.5933671,0.18227875,0.7313503,-0.7925317,-1.3418343,0
0.5836072,-0.44120377,-0.9949453,0.69828415,-0.8501977,-1.7434375,0.046765506,0.8023545,-0.68008065,-1.3828896,0
0.62297535,-0.46069318,-1.0820817,0.642718,-0.9309544,-1.571422,0.15097094,0.7379955,-0.709681,-1.1828896,0
0.5039654,-0.5729532,-1.0580213,0.6879704,-0.86948705,-1.5068227,0.052630745,0.83600587,-0.509681,-1.1425357,0
0.5016761,-0.65394914,-1.174624,0.7096962,-0.97868687,-1.6521864,0.14879617,0.7737112,-0.5839296,-1.1151657,0
0.51119685,-0.66076547,-1.1828161,0.7717996,-0.8171387,-1.587704,0.091662884,0.7025703,-0.5547063,-1.2847967,0
0.5533577,-0.6462704,-1.2795193,0.7194151,-0.8691405,-1.5748459,0.27742717,0.77947974,-0.61524785,-1.3501012,0
0.5765004,-0.63070345,-1.3303,0.69981974,-0.7655503,-1.524203,0.35141295,0.78996813,-0.57505476,-1.2274358,0
0.51273096,-0.5103296,-1.3998489,0.71588933,-0.6508276,-1.5334496,0.4928905,0.707268,-0.66329986,-1.4274359,0
0.6344498,-0.5288016,-1.4370888,0.8811361,-0.6661217,-1.4410496,0.4697519,0.69882405,-0.5856843,-1.3797922,0
0.6432259,-0.5286733,-1.3490385,0.9545791,-0.5596308,-1.4789726,0.36723298,0.60749745,-0.46976468,-1.5331342,0
0.63016486,-0.47667223,-1.2789143,0.9126181,-0.43760067,-1.6125134,0.42819256,0.43358275,-0.6166989,-1.537475,0
0.5457578,-0.61798394,-1.1583736,0.8100382,-0.5075531,-1.7084088,0.4128438,0.4663646,-0.5602949,-1.5633668,0
0.5446126,-0.5390988,-1.0988065,0.90478826,-0.42888117,-1.6529452,0.4340245,0.48915935,-0.66216624,-1.4445716,0
0.46258336,-0.6515486,-1.0141671,0.9401003,-0.496935,-1.7011184,0.27050304,0.32153976,-0.75221133,-1.3731465,0
0.48913166,-0.6401427,-1.1192026,1.0397768,-0.597158,-1.5174413,0.25886157,0.18890944,-0.9522113,-1.2595282,0
0.409107,-0.6503382,-1.0587342,0.9837803,-0.6588559,-1.4445403,0.40329933,0.3042701,-0.8875584,-1.1346679,0
0.38383484,-0.6798477,-0.8587342,0.98226154,-0.68012244,-1.5221562,0.56728256,0.22021136,-0.7940008,-1.0178581,0
0.39564925,-0.8798477,-0.8450227,0.94074,-0.6142437,-1.6194489,0.630448,0.27329555,-0.9282827,-1.0888926,0
0.39617863,-0.9072906,-0.8178788,0.9727136,-0.595032,-1.575929,0.54886913,0.35927093,-0.9269595,-1.1961609,0
0.39596713,-0.90283316,-0.956708,1.1087724,-0.61487114,-1.6016055,0.5927178,0.18626395,-1.1269596,-1.1203364,0
0.32580906,-0.91038316,-0.9285212,1.0860225,-0.5483418,-1.6000323,0.46394968,0.06804473,-1.3227193,-1.0923401,0
0.50162244,-0.8963924,-0.77114594,1.0268292,-0.49325302,-1.6853132,0.33094397,0.19952548,-1.3076823,-1.1631267,0
0.44407153,-0.8683911,-0.5757109,1.0286074,-0.49697763,-1.7019634,0.3702719,0.05319412,-1.3251954,-1.1787579,0
0.43847978,-0.93975514,-0.5186517,0.8808974,-0.47607374,-1.9004744,0.24022411,0.029124549,-1.1537082,-1.1578594,0
0.4425901,-0.89206576,-0.50913346,0.809046,-0.44603875,-1.8952298,0.106782585,-0.1322334,-1.2236122,-1.1010268,0
0.56033456,-0.9089248,-0.45301077,0.8939545,-0.3856805,-1.8153051,0.22252664,-0.072066054,-1.1267003,-1.0916157,0
0.4978231,-0.91246986,-0.6530108,1.0005472,-0.46152574,-1.9035467,0.09914723,-0.17513439,-1.1786892,-0.8916157,0
0.51313955,-0.88374066,-0.62945855,1.011478,-0.5238385,-2.0060396,0.03533148,-0.14921619,-1.2203461,-0.8514828,0
0.5130277,-0.857136,-0.62224185,0.98177505,-0.5127113,-1.988003,-0.027827688,0.050783813,-1.02966,-0.6599043,0
0.56872565,-0.91472125,-0.6015159,0.92603916,-0.4678504,-2.025763,-0.08590844,0.061247453,-1.0446541,-0.4599043,0
0.7165299,-0.86194247,-0.6853478,0.9045106,-0.37764847,-2.0345445,-0.03814038,-0.017280824,-0.96459675,-0.46470407,0
0.88694626,-0.80633044,-0.74679095,0.9421362,-0.2968139,-2.1790872,-0.07954231,-0.050970998,-1.0830038,-0.31543455,0
0.9311295,-0.8525274,-0.65684026,0.8636287,-0.22472051,-2.1440272,0.031262517,-0.13598453,-1.2324737,-0.20758055,0
0.946101,-0.75320375,-0.7454668,0.73826224,-0.12778914,-2.1718621,0.03056054,-0.24796921,-1.26233,-0.21819606,0
0.9698666,-0.73354733,-0.8227889,0.7632942,-0.0872798,-2.1882305,0.053180113,-0.07517379,-1.1963453,-0.16116871,0
0.9105886,-0.798291,-0.88359094,0.7693843,-0.06347145,-2.1136122,0.20969304,-0.24526565,-1.2172654,-0.32191396,0
0.881247,-0.97680885,-0.85078174,0.7863806,-0.20777354,-2.106694,0.23758136,-0.08013171,-1.1576531,-0.20656301,0
1.0135928,-0.8582739,-0.84912723,0.7043594,-0.068207406,-2.1077523,0.20329173,-0.023101136,-1.2338238,-0.086029835,0
0.91521734,-0.75426644,-0.86606956,0.7091663,-0.005356225,-2.1863444,0.28889453,-0.1392765,-1.1980019,-0.14922881,0
0.88420385,-0.778187,-0.8437889,0.7392633,0.06075386,-2.1863294,0.36291268,-0.1698768,-1.1407933,-0.32926723,0
0.8423755,-0.7880057,-0.9484763,0.68999416,0.043344535,-2.1980553,0.26059994,-0.060975514,-1.1419115,-0.2912652,0
0.96619475,-0.8270979,-0.9743343,0.88999414,-0.017871898,-2.1387255,0.26909906,0.10712721,-0.9498307,-0.20513141,0
1.0596106,-0.6443638,-0.9589176,0.9135669,0.07302128,-2.246051,0.19096813,-0.090351924,-0.7803023,-0.06565914,0
1.0566672,-0.5737481,-1.1184219,0.8873963,0.09155666,-2.2345343,0.15069959,-0.091993436,-0.69374084,-0.044174846,0
1.1118531,-0.5843851,-1.1304667,0.9797609,0.104082555,-2.1895268,0.10688639,-0.046762276,-0.5994484,0.08112198,0
1.0619686,-0.44263828,-1.1315129,0.82932633,0.14049844,-2.0936656,0.06696825,0.14659448,-0.53325176,-0.04707992,0
1.0888472,-0.33698773,-1.0523294,0.7864784,0.09933965,-1.9631065,-0.092491195,0.2241016,-0.51128376,-0.08713282,0
0.971371,-0.40501195,-1.0790043,0.9433117,0.013368033,-2.0163515,-0.14707284,0.11384375,-0.50645006,-0.21756047,0
0.9830342,-0.29679412,-1.1147604,0.89947087,0.061564527,-2.0002708,-0.18308863,0.12265791,-0.37885168,-0.17107958,0
1.0392908,-0.28598136,-1.2002643,0.96506375,-0.011192791,-2.200271,-0.17130733,-0.07734209,-0.31329614,-0.14420184,0
0.9445814,-0.25655589,-1.2106054,0.9743814,-0.061669827,-2.1765919,-0.22529982,-0.14124824,-0.3046449,-0.05947367,0
0.9872846,-0.2897785,-1.033409,0.9236927,-0.14249483,-2.1969333,-0.13137384,-0.0940527,-0.30811092,-0.1734693,0
1.071382,-0.35572904,-1.033677,0.92132986,-0.2975834,-2.0481973,-0.07967849,-0.25817788,-0.24465421,-0.30643722,0
0.9403884,-0.3869786,-0.96769,0.9424376,-0.17673045,-2.073466,0.12032151,-0.06885575,-0.1225156,-0.47429782,0
1.1350607,-0.2618929,-0.9388131,0.92748475,-0.1425683,-1.873466,0.3203215,-0.26885575,0.0138987675,-0.42358577,0
1.0362111,-0.2918562,-0.8848038,0.72748476,-0.11683929,-1.673466,0.2677709,-0.35229948,0.08786979,-0.62358576,0
0.9798107,-0.19970196,-0.8982709,0.8149302,0.043576613,-1.6505265,0.42913854,-0.38878176,-0.080864534,-0.61082983,0
1.0885504,-0.10666255,-1.070778,0.8021574,0.0966199,-1.8505266,0.45394665,-0.54454327,-0.04737646,-0.6866544,0
1.1358962,-0.046897013,-1.1485457,0.7816767,0.25635394,-1.7690283,0.50390893,-0.5339263,-0.23531374,-0.6627446,0
1.2004392,-0.23244369,-1.0791183,0.8190434,0.3757886,-1.6189578,0.47839886,-0.52156407,-0.20514716,-0.65994334,0
1.1472352,-0.32702845,-1.1015716,0.86077976,0.37942758,-1.6459848,0.55506337,-0.6445059,-0.12378356,-0.6874876,0
1.11357,-0.33554462,-1.0153434,0.9866125,0.44612402,-1.8347583,0.4523893,-0.7079064,-0.17266473,-0.8213464,0
1.1563097,-0.2546653,-1.0591738,0.9931016,0.42337224,-2.0030344,0.2484543,-0.6808009,-0.27982348,-0.8337165,0
1.3266912,-0.13007212,-1.1709341,1.0215594,0.25170463,-1.8452303,0.37683555,-0.6915504,-0.23603967,-0.702123,0
1.4256278,-0.09271943,-1.1972924,0.83555996,0.3334562,-1.8703165,0.3111087,-0.57648045,-0.14887412,-0.87564826,0
1.3840221,-0.17010142,-1.324397,0.7802876,0.26765543,-1.8239312,0.37514308,-0.5864076,-0.17493176,-0.8826664,0
1.5221392,-0.2432582,-1.2617258,0.79928225,0.3566494,-1.6495662,0.44389296,-0.60934216,-0.18311872,-0.97106886,0
1.6916729,-0.2227114,-1.2263645,0.79639137,0.1566494,-1.4495661,0.30915666,-0.6682257,0.010582224,-0.7710689,0
1.7282326,-0.18194959,-1.3613303,0.99639136,0.17569607,-1.3115668,0.28035453,-0.6258727,-0.116351366,-0.69949687,0
1.6937745,-0.12646365,-1.2550746,1.0603381,0.21289271,-1.3569288,0.08035453,-0.72345585,0.0018059611,-0.7418451,0
1.5267102,-0.20830384,-1.187804,0.9588594,0.11341524,-1.3532288,0.24951929,-0.8950856,-0.02948362,-0.5418451,0
1.5060866,-0.23042853,-1.0582588,1.0260761,0.20236373,-1.4005382,0.14105433,-0.7055807,-0.16682397,-0.7033073,0
1.4442326,-0.1377333,-0.99159604,1.0586641,0.3542047,-1.6005383,0.08993472,-0.80571586,-0.07198336,-0.81529576,0
1.4705787,-0.08784983,-0.89234287,1.1720227,0.3346898,-1.621565,-0.0119287,-0.6304599,-0.16360515,-0.7129443,0
1.6705787,-0.08939631,-0.92248267,1.1475681,0.485965,-1.5543809,0.06721534,-0.50888133,0.03639485,-0.7454072,0
1.6984642,-0.028496418,-0.8005657,1.1958845,0.5506043,-1.4970256,0.18277317,-0.3242954,-0.110097736,-0.80964077,0
1.7810376,0.015746847,-0.87202114,1.128547,0.45517203,-1.5045614,0.014201254,-0.4763205,-0.071571484,-0.96421486,0
1.8593729,0.21574685,-0.7372846,1.2173607,0.50098014,-1.4522707,0.12575233,-0.5859767,-0.26533055,-0.8217902,0
1.8285252,0.07848327,-0.50790095,1.2174555,0.63096154,-1.5619094,0.060110264,-0.69047534,-0.30568612,-0.7061772,0
1.8897201,-0.06277789,-0.30790097,1.3418142,0.79796684,-1.3660756,0.14907609,-0.50947,-0.22524251,-0.79072267,0
1.823263,-0.055825774,-0.27115765,1.3684796,0.85460865,-1.1684378,0.34335014,-0.43796667,-0.21625155,-0.9060298,0
1.9375299,-0.093758464,-0.2320953,1.4416802,0.8996229,-1.045241,0.25159183,-0.36272323,-0.40165216,-0.89402825,0
1.8375338,0.008642061,-0.33036685,1.6106737,0.77681196,-0.95418656,0.24607714,-0.3402817,-0.2785963,-1.0733652,0
1.7145692,0.068824805,-0.28025237,1.4899037,0.65668446,-0.9695043,0.21055299,-0.21449436,-0.1204406,-1.0341475,0
1.7572553,0.069454655,-0.25680473,1.558422,0.7877311,-0.89146703,0.22431709,-0.13914256,-0.14544879,-0.9445307,0
1.7530899,-0.03632427,-0.22311196,1.5478175,0.80987245,-0.69146705,0.1830783,-0.1423876,-0.10510065,-0.99120915,0
1.8187304,0.027985007,-0.24662142,1.5340227,0.72366977,-0.5074216,0.33158225,-0.15404089,0.09489936,-0.9354713,0
1.7842988,0.22798501,-0.35966718,1.6116002,0.5971045,-0.4648014,0.1855747,-0.16902635,0.22593926,-0.8993635,0
1.9336177,0.26278928,-0.41027638,1.6606808,0.53200805,-0.42332798,0.055562854,-0.36902636,0.28129828,-0.8863012,0
1.9047637,0.38753223,-0.4238698,1.6973485,0.45233256,-0.36448568,0.05942846,-0.37625632,0.3075051,-0.9628751,0
1.9371668,0.41791818,-0.40168357,1.7581526,0.4131748,-0.26092598,0.16357344,-0.5611876,0.49423423,-0.9977612,0
1.8062961,0.4346771,-0.50509286,1.7899349,0.38374737,-0.45121884,0.2866889,-0.58920974,0.5253978,-0.9834566,0
1.8967996,0.44372758,-0.49461523,1.7536421,0.34619546,-0.50654596,0.1760512,-0.55853087,0.6754544,-0.8424502,0
1.9671406,0.36460137,-0.6880061,1.6537335,0.2842488,-0.585767,0.04272491,-0.5838478,0.68783724,-0.741278,0
1.9966547,0.37482992,-0.73656017,1.60905,0.22758067,-0.5635328,0.053025752,-0.3963822,0.76633096,-0.79041326,0
1.8943746,0.43012416,-0.67882276,1.4356085,0.3181999,-0.64438295,0.010633025,-0.43979025,0.7466997,-0.96445894,0
1.8100324,0.49197045,-0.750988,1.4806391,0.40539455,-0.66281635,0.05248103,-0.52540714,0.7231002,-1.1489651,0
1.6567277,0.5304232,-0.8623134,1.5248767,0.42365548,-0.67789954,0.13077898,-0.45941252,0.57343936,-1.1650585,0
1.8567277,0.50122416,-0.79253024,1.4836065,0.48070776,-0.5936156,0.067481294,-0.4684816,0.42146897,-1.1858604,0
1.8145164,0.5728565,-0.8978492,1.473241,0.47773635,-0.41859776,0.12810136,-0.6332503,0.20979679,-1.240124,0
1.623959,0.49852625,-0.952524,1.4095145,0.43579826,-0.24153642,0.15119125,-0.49972916,0.17664266,-1.1709645,0
1.6482538,0.3618784,-0.8985444,1.3952726,0.3671415,-0.24271071,0.022948772,-0.49844602,0.2975158,-1.2106671,0
1.5722651,0.16454671,-0.8896112,1.3617402,0.30661088,-0.24033202,0.16253665,-0.4601195,0.17731898,-1.2906622,0
1.7075306,0.23909159,-1.0463928,1.4118758,0.3285402,-0.1787625,0.26377556,-0.5165285,0.2314489,-1.4906622,0
1.7283952,0.22428773,-1.0551736,1.4728404,0.34468737,-0.013578529,0.2943608,-0.36956036,0.24372293,-1.5093303,0
1.7627275,0.27513567,-0.81408226,1.4557403,0.48538563,0.10981298,0.3185615,-0.16140915,0.111112095,-1.6271584,0
1.7111974,0.21804237,-0.8405138,1.4455993,0.5902746,-0.06271996,0.3680638,-0.2366609,0.30983832,-1.6087894,0
1.5228522,0.3683374,-1.0405139,1.3103778,0.39515287,-0.05819991,0.44751763,-0.4366609,0.3805791,-1.7263508,0
1.5145196,0.37062928,-0.9333229,1.3799938,0.44789293,-0.1089271,0.31188193,-0.48692602,0.37082043,-1.7632476,0
1.4724792,0.34669283,-0.8992976,1.3070955,0.5579359,-0.1901271,0.15407178,-0.4635707,0.17082043,-1.761317,0
1.6432037,0.37227646,-0.93051744,1.286621,0.72349817,-0.29481602,-0.045828637,-0.32838532,0.35831437,-1.6707307,0
1.8007747,0.38952327,-0.8014751,1.2307724,0.56963885,-0.494816,-0.157655,-0.3782717,0.21393803,-1.5908816,0
1.7635643,0.5223521,-0.8068537,1.1763976,0.5610334,-0.49932703,-0.3052863,-0.5185991,0.18258473,-1.619413,0
1.8069804,0.56359524,-0.7946844,0.9940767,0.6007416,-0.61752385,-0.2140529,-0.59582543,0.13719435,-1.6028229,0
1.6913211,0.49613625,-0.8702722,0.9506505,0.665621,-0.6051299,-0.33550572,-0.641364,0.0005201598,-1.7026526,0
1.5346559,0.59682405,-0.7893935,1.0549195,0.7930774,-0.7748195,-0.46172073,-0.6915223,0.10764818,-1.618747,0
1.5122877,0.75338966,-0.75826925,1.1127954,0.7386814,-0.6415015,-0.26131958,-0.7166969,0.14226632,-1.6651568,0
1.562314,0.85544634,-0.7493534,1.0550698,0.8416131,-0.8345338,-0.13342902,-0.6017592,0.109899946,-1.5349036,0
1.472404,0.7941186,-0.73521584,1.1032473,0.80007905,-0.9302044,0.016211368,-0.5671877,0.01709785,-1.617418,0
1.4689943,0.7564959,-0.9255134,1.1051384,0.75486344,-0.9109838,-0.010899206,-0.4050331,-0.076927684,-1.6192791,0
1.4200958,0.6930988,-0.92968595,1.0698706,0.77072006,-0.8451271,0.15864082,-0.5696425,-0.08251891,-1.6820476,0
1.5684466,0.5998456,-1.0685867,1.1168195,0.68364,-0.65834314,0.08915878,-0.52918434,-0.21607266,-1.5986071,0
1.5289751,0.5714856,-0.9975694,1.079964,0.72491187,-0.5621627,0.10209987,-0.5385827,-0.16403168,-1.6911424,0
1.3883662,0.5092514,-1.0915422,1.010337,0.8028249,-0.5985237,-0.043992493,-0.71927255,-0.116137706,-1.7508063,0
1.3506807,0.5152142,-1.153319,1.1523297,0.7176363,-0.6936298,-0.011076363,-0.8232681,-0.09526242,-1.6028457,0
1.261427,0.40231374,-1.1002982,1.1108236,0.72181046,-0.5499257,0.022705847,-0.76151955,-0.053812217,-1.5366985,0
1.2579689,0.37400895,-0.9002982,1.1031599,0.8636366,-0.5574519,0.097429164,-0.7787619,-0.010999702,-1.6369017,0
1.3491739,0.5265095,-0.9939994,1.1953065,0.88425523,-0.5485631,-0.008653156,-0.6986942,-0.20856878,-1.6943662,0
1.3639094,0.4418035,-0.9071705,1.2190863,0.93013716,-0.38308108,-0.042115733,-0.7385606,-0.36326808,-1.7159013,0
1.359422,0.29629242,-0.84607935,1.2073472,1.057229,-0.37333706,-0.11931627,-0.5385606,-0.16326807,-1.7523022,0
1.2803861,0.44341716,-0.88095605,1.2162244,1.0636318,-0.33986905,-0.15742184,-0.6605603,-0.2484437,-1.7717329,0
1.3469399,0.5773113,-0.89492065,1.0624611,1.011833,-0.47351938,-0.20371544,-0.76039475,-0.28915027,-1.7237816,0
1.4181521,0.54646057,-0.8183586,1.0332884,1.0391288,-0.61000293,-0.17000493,-0.6444558,-0.085101664,-1.746273,0
1.305791,0.55378336,-0.6263467,1.0760465,1.0027303,-0.8099218,-0.20803502,-0.59695226,-0.14880487,-1.721577,0
1.2957461,0.62371296,-0.52689064,1.0912567,0.9574184,-0.7465521,-0.23738497,-0.4934596,-0.022226214,-1.5297558,0
1.3654044,0.60309124,-0.54502857,0.9303446,0.9283308,-0.90085953,-0.33962333,-0.39174193,0.15622495,-1.5820397,0
1.4116862,0.6089779,-0.5817386,0.8502438,1.0064371,-0.98345375,-0.2249664,-0.24189797,0.16455097,-1.593347,0
1.3120482,0.4245553,-0.5128996,1.0204012,0.9896328,-1.0688363,-0.29336292,-0.2627304,0.18212748,-1.7051556,0
1.3478346,0.42871064,-0.6809217,1.1285521,1.0434331,-0.9721702,-0.33995682,-0.34377992,-0.017070835,-1.7304193,0
1.3046067,0.33199134,-0.77576506,1.1255175,1.0187889,-1.0982437,-0.35603258,-0.433237,-0.13685253,-1.6558778,0
1.1121283,0.30642942,-0.89533406,1.1546774,0.98047024,-1.1270778,-0.1623216,-0.2992393,-0.32286716,-1.7557358,0
1.0908145,0.30647668,-0.9803527,1.2129382,1.0343863,-0.9941585,-0.19627291,-0.30938023,-0.2559896,-1.7394853,0
1.1310492,0.19813421,-0.9792396,1.2871332,0.8584625,-1.1117188,-0.16186367,-0.27924016,-0.32874706,-1.6972696,0
1.2593348,0.242522,-1.0119408,1.2818028,0.916728,-0.9117188,-0.17928466,-0.2644701,-0.2136809,-1.5888925,0
1.1586949,0.19736849,-1.0088296,1.346543,0.84834576,-0.8341014,-0.17356421,-0.14532962,-0.17014244,-1.7085019,0
1.1620032,0.019308329,-0.8932651,1.3708334,0.79355353,-0.7487047,-0.3316338,-0.13307697,-0.06205032,-1.7232413,0
1.2637752,-0.096308194,-0.7998319,1.5318277,0.8372909,-0.6714248,-0.5316338,-0.073635906,-0.010521587,-1.5683603,0
1.3399032,-0.10754274,-0.6921562,1.5449078,0.8817167,-0.5958718,-0.43256053,-0.043415025,-0.20240267,-1.7218667,0
1.4063894,-0.11113233,-0.8341304,1.5435774,0.8638448,-0.62273,-0.4202849,-0.18602389,-0.1859059,-1.5973376,0
1.2169071,-0.20198789,-0.89851934,1.6047641,0.9441228,-0.47901228,-0.5782928,-0.08968822,-0.1549414,-1.6150664,0
1.0702568,-0.117118835,-0.9308256,1.6731495,0.8908206,-0.6580511,-0.47569567,-0.256727,-0.12494184,-1.5602401,0
1.0462431,-0.18034264,-0.7308256,1.6711911,0.93125564,-0.6122422,-0.27569568,-0.12153065,-0.16094801,-1.4371184,0
1.0944153,-0.01383321,-0.9308256,1.7509485,1.0331868,-0.5132495,-0.2234017,0.039618745,-0.14133061,-1.2371184,0
1.0543102,0.009235889,-0.75237143,1.8481672,1.1090052,-0.5121383,-0.28424475,0.1572645,-0.09776117,-1.1108779,0
0.9852701,0.1043412,-0.83048946,1.9008116,1.063413,-0.61278564,-0.4546799,0.04125095,-0.079570785,-0.9611233,0
1.1650048,0.06270471,-0.9949209,1.9410528,1.0819397,-0.5536602,-0.461193,-0.13631633,-0.17775191,-1.0683016,0
1.2551068,0.10217836,-0.9133646,1.8377459,0.98053765,-0.42225933,-0.5547012,-0.088897794,-0.35866606,-1.002782,0
1.2476015,0.11070558,-0.84380996,1.8122017,0.98361033,-0.58911246,-0.5913099,-0.112613484,-0.33911413,-1.0434173,0
1.1068804,-0.020865582,-0.91165036,1.8997368,1.0765098,-0.4529345,-0.6607816,0.04648924,-0.25369197,-1.1909981,0
1.1185216,0.084879935,-0.88389415,1.8564425,1.0514241,-0.5569276,-0.6833174,-0.13939853,-0.35521352,-1.218961,0
1.2783628,0.08725347,-0.81204873,1.852106,0.9908811,-0.39321002,-0.6394105,-0.18388481,-0.19551797,-1.2849557,0
1.2558143,0.101323776,-0.8609192,1.8484946,0.9314414,-0.24707831,-0.66417915,-0.20746897,-0.33178666,-1.3159251,0
1.2238809,0.029292174,-0.9663282,1.794631,0.9066743,-0.1662692,-0.67894125,-0.007378541,-0.4805741,-1.3435388,0
1.1647655,-0.13880198,-0.8078401,1.8738034,0.95612985,-0.07694576,-0.7893239,-0.20465718,-0.438116,-1.2974372,0
1.1152803,-0.14865437,-0.73758584,1.8488779,1.0678284,-0.1157354,-0.8034484,-0.2569582,-0.43459067,-1.2482529,0
1.0325234,0.03171797,-0.6118742,1.9413782,1.0744817,-0.0641712,-0.88979894,-0.25743794,-0.4009113,-1.2469113,0
1.0115147,0.10673519,-0.553666,1.901856,1.1550564,0.0051485733,-0.98774624,-0.05721207,-0.29056036,-1.2823107,0
0.8729664,0.07960118,-0.4919258,1.9225714,1.1849129,-0.06968223,-1.0205754,0.025425509,-0.178528,-1.1929755,0
0.9382831,0.08191578,-0.5511447,1.8182081,1.2393256,-0.26968223,-0.97452694,0.18023193,-0.10102626,-1.2098141,0
0.81543577,0.24236922,-0.42887267,1.7996377,1.1914276,-0.40377778,-0.90846735,0.20726785,-0.090301104,-1.1202886,0
0.75305426,0.27668998,-0.5183908,1.8017257,1.2807313,-0.5053047,-1.0447681,0.27026254,-0.15873614,-1.2152194,0
0.7060479,0.19327328,-0.4494275,1.8105254,1.2636912,-0.3053047,-1.0784405,0.38227463,-0.2694936,-1.2510412,0
0.83986837,0.18723466,-0.6494275,1.632362,1.3681381,-0.2544337,-1.160311,0.5054607,-0.32717735,-1.2181487,0
0.7604243,0.18377163,-0.82356364,1.5932269,1.4285164,-0.14752962,-1.0130687,0.6848863,-0.45870247,-1.184544,0
0.6595565,0.3279922,-0.8616884,1.5694376,1.3931336,-0.34752962,-0.9854206,0.61328065,-0.41900927,-1.019532,0
0.7760069,0.23550579,-0.8911982,1.6307839,1.4194549,-0.30562794,-1.0024406,0.6878623,-0.5247565,-0.9448312,0
0.7564015,0.30510104,-0.8924934,1.6457003,1.4051918,-0.27640402,-0.96972877,0.7183107,-0.71421033,-0.901383,0
0.85850865,0.17129797,-0.888526,1.5763917,1.3084677,-0.28006586,-0.8874697,0.8191961,-0.8361622,-1.0053624,0
0.8897759,0.07502337,-0.84965825,1.5747278,1.3443604,-0.32200745,-0.78115535,0.826555,-0.8520506,-0.96040803,0
0.7670155,-0.017620072,-0.76486903,1.5903021,1.3519179,-0.52200747,-0.8783549,0.73779225,-0.90088654,-0.7633158,0
0.76960033,-0.11603389,-0.724626,1.58075,1.4531627,-0.47864023,-0.9706224,0.8215873,-0.784916,-0.8127487,0
0.7610626,-0.2484766,-0.7176552,1.6960033,1.3846478,-0.3524595,-0.9206483,0.84099036,-0.7021715,-0.937127,0
0.7814632,-0.3084014,-0.78336895,1.6634033,1.2470675,-0.32832128,-0.8377947,0.998109,-0.6067664,-1.0882866,0
0.89025676,-0.30163187,-0.61246264,1.7767094,1.1120889,-0.41439342,-0.89949393,0.9709141,-0.39422086,-1.1265057,0
0.85645705,-0.2752795,-0.60091245,1.7581614,1.1638439,-0.52822614,-0.8745996,0.89892083,-0.5855878,-0.9352633,0
0.8365653,-0.21229243,-0.68064004,1.6961794,1.116989,-0.5290169,-0.85636616,1.0028869,-0.73703384,-1.02258,0
0.9968192,-0.26475677,-0.7427966,1.6230751,1.196452,-0.5261833,-0.8723972,1.0373966,-0.76076114,-0.791039,0
1.0580263,-0.34064862,-0.6692546,1.5916241,1.1283034,-0.46157083,-0.94637275,0.8965793,-0.85385317,-0.591039,0
1.0429688,-0.31196323,-0.68626374,1.6645347,1.1482056,-0.2615708,-0.97038794,0.8841762,-1.017536,-0.502207,0
1.1566421,-0.1731906,-0.61402756,1.7136071,1.1970239,-0.121182784,-0.93056613,0.80721873,-1.025584,-0.5493415,0
0.96598077,-0.22775696,-0.6668259,1.5963837,1.2999125,-0.11056327,-1.0082641,0.82512844,-1.0543488,-0.6121868,0
0.93200725,-0.08813393,-0.72613615,1.598622,1.2901431,-0.13385072,-1.024697,0.8716608,-1.0061868,-0.71755564,0
0.9891269,-0.21439205,-0.7168855,1.4906127,1.396561,0.06389722,-1.1681149,0.87637895,-0.855172,-0.649227,0
0.94555163,-0.23751189,-0.7370961,1.4656135,1.4930954,0.0661916,-1.0827303,0.9878086,-0.730796,-0.6650857,0
0.9818371,-0.09904596,-0.695044,1.5660484,1.4921122,0.20967092,-0.96051437,0.89073676,-0.76575345,-0.7196205,0
1.0337676,0.057729922,-0.69206756,1.5644425,1.4783554,0.12801011,-0.7868863,0.7562438,-0.90720177,-0.88629687,0
0.8337676,0.024095103,-0.79147357,1.5903096,1.4969875,0.12073174,-0.5868863,0.89242315,-0.9447392,-0.7855081,0
0.67006403,0.117013514,-0.6156849,1.5485721,1.5698287,0.10608791,-0.6427609,0.8894658,-0.869359,-0.84896094,0
0.81620836,0.11345191,-0.69333637,1.4495574,1.5570521,0.23790793,-0.81416625,0.9889278,-0.9291549,-0.86822575,0
0.82311743,0.28482777,-0.628516,1.3873625,1.6310041,0.32616884,-0.67622715,0.93512535,-0.9575163,-0.86304104,0
0.9195867,0.32681406,-0.6232701,1.4563024,1.6513609,0.30970126,-0.6430123,0.94111085,-0.81383365,-0.86826485,0
0.994633,0.18996511,-0.7747936,1.5702103,1.4898081,0.4072653,-0.68442565,0.8173475,-0.7343258,-0.92066807,0
0.8818845,0.03376319,-0.94530576,1.6986462,1.4332716,0.25514746,-0.85767144,0.59867257,-0.55691594,-0.9584388,0
1.0333033,0.11834391,-0.87931687,1.6898125,1.386833,0.14867347,-1.0435599,0.53363025,-0.5697106,-0.8036513,0
0.8868884,0.10601641,-0.72730094,1.6443465,1.3411298,-0.05132653,-1.0938038,0.43095428,-0.61059654,-0.7113701,0
1.0673065,0.13450018,-0.8607838,1.5827539,1.2030283,0.10453996,-1.0563459,0.39650637,-0.48429322,-0.8871771,0
1.0493433,0.043337785,-0.9260298,1.648319,1.2960588,0.0014102235,-1.0746318,0.29633155,-0.6248414,-0.8909065,0
1.045254,0.1496602,-0.9620356,1.5541879,1.2439929,-0.05820608,-0.94685197,0.1536586,-0.68728465,-0.92188245,0
1.1174593,0.13830088,-0.7950657,1.46119,1.3937184,0.04949584,-1.1208344,0.17302026,-0.81995744,-1.0302985,0
1.1026282,0.1230382,-0.72779024,1.382542,1.4429728,0.020045243,-1.0224159,0.16763936,-1.0021791,-0.92884266,0
1.1302661,0.17409794,-0.62352204,1.5154967,1.4967428,-0.032937136,-0.9917933,0.1991294,-1.020218,-0.837378,0
0.96978503,0.27043587,-0.71957153,1.5530219,1.4127086,0.06341164,-0.97567344,0.08389221,-1.0865289,-0.9578278,0
1.0717293,0.15997219,-0.84248966,1.4660926,1.3216605,0.23216361,-1.0771242,-0.022063868,-1.0734835,-0.9235003,0
0.93303317,0.09966573,-0.8916374,1.4748294,1.2709683,0.24616043,-0.893023,-0.21983519,-1.2607026,-1.0189372,0
0.90472955,0.14513111,-0.9306561,1.4939712,1.2528799,0.16452448,-0.9656522,-0.1390795,-1.1021961,-1.1396891,0
1.0533106,0.14661632,-0.9282634,1.5777515,1.1667783,0.2067464,-0.9799706,-0.1918703,-1.065074,-0.9911678,0
1.1668435,0.30111524,-0.9151218,1.5490758,1.073981,0.01362381,-1.131748,-0.23224957,-1.0332195,-0.8687727,0
1.0669115,0.3434058,-1.0083036,1.6397299,1.1014664,-0.174006,-0.9758085,-0.12218558,-1.0776795,-0.8163028,0
1.0876313,0.15475582,-1.0646868,1.7238721,0.98569125,-0.10462191,-1.0084641,-0.17161696,-0.9469424,-0.87300026,0
1.036228,0.27662244,-1.0408816,1.6794289,1.0124258,-0.0999316,-1.1028275,-0.37076306,-0.9974192,-0.74984246,0
0.97203773,0.3498421,-1.1034682,1.7059429,0.9653221,-0.06809723,-1.020623,-0.16841559,-0.9595748,-0.93678504,0
0.8770511,0.3219586,-1.0871922,1.7311839,0.99360263,-0.0048729153,-0.9672978,-0.27852243,-1.1433944,-0.800174,0
0.8500634,0.34343532,-1.0810176,1.7849947,1.0473887,0.04607438,-0.831583,-0.24274622,-1.1905496,-0.73323256,0
0.75584865,0.23251908,-1.0833839,1.8025837,1.1555842,-0.1189062,-0.6100349,-0.041287813,-1.3270208,-0.68356013,0
0.6708012,0.25731853,-1.0026021,1.8460195,1.0475643,-0.21982068,-0.4100349,-0.05130722,-1.3090632,-0.8467969,0
0.47284305,0.23521216,-0.89968795,1.9264147,1.1697081,-0.27419794,-0.28472626,-0.16269967,-1.2825658,-0.96136206,0
0.520273,0.098707184,-1.0996879,1.8164153,0.9860681,-0.31477997,-0.21183985,-0.13797109,-1.2944227,-0.7801372,0
0.6298252,0.09316637,-1.1767296,1.7092109,1.0466664,-0.3186317,-0.2745508,-0.30139083,-1.3745016,-0.6553979,0
0.60738903,0.027032025,-1.2906783,1.6829946,1.0234609,-0.27334705,-0.41435772,-0.23933578,-1.3868508,-0.65339327,0
0.68024033,0.06898102,-1.1920338,1.7048823,1.0481396,-0.42170453,-0.44851106,-0.03888457,-1.5084484,-0.6711355,0
0.71459097,0.109366946,-1.299691,1.7444239,1.0054393,-0.4041634,-0.43611178,-0.1134333,-1.3084483,-0.80209833,0
0.75272983,0.0057358295,-1.275511,1.7963768,1.0551808,-0.24119727,-0.49981672,-0.10475921,-1.1877682,-0.80663264,0
0.6864965,-0.05972134,-1.3552746,1.6998305,1.0768102,-0.111823134,-0.46651483,0.035496876,-1.2479341,-0.9223364,0
0.5347306,-0.06494452,-1.3128475,1.6227101,1.0680133,-0.30256924,-0.4980512,-0.13939776,-1.3605877,-1.0011009,0
0.51428515,0.06579724,-1.3160652,1.5936351,1.0654722,-0.24068387,-0.5076352,-0.15568393,-1.2946346,-1.0141965,0
0.4597462,-0.003757939,-1.3647317,1.480358,1.1329134,-0.23601623,-0.67610615,-0.075929075,-1.2639993,-1.1553746,0
0.49912924,0.02597544,-1.3524294,1.5458629,1.0935175,-0.08584115,-0.6496456,0.10033727,-1.3934753,-0.9769373,0
0.6699643,-0.120507926,-1.3977408,1.5239648,1.0054014,-0.2653827,-0.6639417,0.10191072,-1.2102878,-0.9183237,0
0.81648,-0.15084958,-1.493848,1.4380033,0.96127737,-0.24111176,-0.6990682,0.21909447,-1.3507421,-0.81717736,0
0.8942051,-0.2059713,-1.4788585,1.3341345,1.0009501,-0.27243254,-0.7538586,0.019094467,-1.4201257,-0.69845295,0
0.95892996,-0.2348319,-1.4205278,1.3415759,1.0640036,-0.36631724,-0.764193,-0.12966338,-1.3276141,-0.7602144,0
0.9160709,-0.15993562,-1.4659623,1.3039558,1.0608534,-0.33595875,-0.8049253,-0.27432403,-1.2794045,-0.8292029,0
0.9149892,-0.1658523,-1.4240414,1.4582105,0.999708,-0.50660056,-0.6752531,-0.2943908,-1.3325527,-0.63767314,0
0.8743924,-0.3608065,-1.3928336,1.3521508,1.180835,-0.6040825,-0.66380847,-0.3638773,-1.2917899,-0.5795708,0
0.87506205,-0.36452234,-1.4688648,1.2637826,0.952666,-0.76302063,-0.4994091,-0.15917084,-1.4489466,-0.6947783,0
0.93944323,-0.20930636,-1.2688648,1.3285308,0.9738562,-0.78968084,-0.2994091,-0.10571931,-1.4500393,-0.5667654,0
0.9944346,-0.16984268,-1.1192394,1.2716639,0.95896286,-0.9132658,-0.28063157,0.018176027,-1.3784553,-0.5357834,0
0.9911446,-0.14815053,-1.263655,1.1690018,0.9517018,-0.9302033,-0.3136958,0.072420545,-1.1844128,-0.5922232,0
0.9422086,-0.15735337,-1.2227373,1.096941,0.99751496,-1.1302034,-0.24317335,0.048850708,-1.0424045,-0.59293985,0
0.9439704,-0.26724792,-1.1380727,1.0457314,0.8574993,-1.3302034,-0.105194226,0.03589611,-1.0564177,-0.74016905,0
0.81765634,-0.3770653,-1.0269477,1.1073029,0.7999228,-1.5017252,-0.038252108,0.23589611,-1.1296076,-0.7727042,0
0.79836327,-0.2703901,-1.0968461,1.1172422,0.7725685,-1.3960927,0.11301439,0.19905502,-1.0859033,-0.94868314,0
0.91546774,-0.3516216,-1.2755603,0.9433571,0.6184988,-1.4836272,0.03846371,0.11090692,-1.0814054,-0.9146331,0
1.1154678,-0.3937249,-1.2489316,0.9160912,0.731218,-1.5652945,0.0655344,-0.011108555,-1.2549728,-0.77538747,0
1.2119501,-0.44394746,-1.3628018,0.9059764,0.7085948,-1.4660873,-0.097541444,-0.19856247,-1.1963084,-0.7241903,0
1.3036405,-0.5395222,-1.3959087,0.93429404,0.6561248,-1.3563464,-0.07402827,-0.1373254,-1.1678168,-0.56980824,0
1.3285177,-0.45200703,-1.3894647,0.9866224,0.52683926,-1.4911568,-0.07926765,-0.2376092,-1.120454,-0.5544618,0
1.4916104,-0.4660301,-1.1901244,0.91101056,0.49070585,-1.4903748,-0.14728123,-0.15509479,-1.1735684,-0.6531163,0
1.3204533,-0.47866064,-1.2849284,0.8383509,0.58237803,-1.5911945,-0.23823392,-0.3010126,-1.0729276,-0.58846223,0
1.354352,-0.497975,-1.3720815,0.6888769,0.5236983,-1.6155568,-0.22020268,-0.3933963,-1.0533329,-0.6029507,0
1.3710303,-0.5331672,-1.400731,0.68879986,0.4284827,-1.5885543,-0.31836978,-0.29185116,-0.85333294,-0.46745622,0
1.4626739,-0.50274146,-1.2573196,0.74709207,0.37079814,-1.6663792,-0.402484,-0.18995002,-0.8488927,-0.33341926,0
1.4941549,-0.5066524,-1.2525963,0.84685946,0.2709012,-1.675006,-0.40091872,-0.12545976,-0.90475166,-0.4192206,0
1.4995674,-0.48159763,-1.1916391,0.8696166,0.33136722,-1.7626042,-0.30675423,-0.075947315,-0.8354935,-0.46498322,0
1.5129815,-0.46263143,-1.1435174,0.78524226,0.25328752,-1.6795573,-0.43501657,-0.0033793598,-0.8458755,-0.6532012,0
1.4489435,-0.27043316,-1.1331941,0.8054357,0.29664558,-1.7851173,-0.6103033,-0.056015622,-0.9480356,-0.5878373,0
1.4618925,-0.39046204,-1.0133355,0.91760546,0.17699024,-1.8732073,-0.65399545,0.071553156,-0.7463658,-0.55806637,0
1.4099098,-0.36159894,-1.003194,0.99267304,0.18985353,-1.7993263,-0.5084987,-0.11928678,-0.9080261,-0.72018856,0
