episode,wall_seconds,global.global_obj,global.local_reward,global.utility_factor,utility.acc_beta,utility.auc_beta,utility.f1_macro_beta,utility.f1_minority_beta,fairness.bce_mean_beta,fairness.dp_diff,fairness.eo_alpha_baseline,fairness.eo_tpr_diff,fairness.eod_avg_diff,fairness.eod_max_diff,fairness.group_loss_beta_g0,fairness.group_loss_beta_g1,fairness.group_loss_gap_beta,fairness.n_g0,fairness.n_g1,fairness.soft_eo_beta,fairness.worst_group_beta,fairness.worst_loss_alpha_baseline,fairness.worst_loss_beta,local.anchor_reward_mean,local.anchors_used,local.div_pen_mean,local.hard_reward_mean,local.local_clip_frac_0,local.local_clip_frac_1,local.min_anchor_dist_mean,local.sigma_anchor_used,extra.diag_frac_mid_conf,extra.diag_gen_radius_mean,extra.diag_mean_abs_margin,align.anchor_refresh_count,align.corr_local_delta,align.curriculum_stage,align.delta_global,align.lambda_t,align.ua_warmup_active,meta.avg_reward,meta.episode_return,meta.phase
1,10.67,0.7242271889873237,0.11920292675495148,0.9742561916133136,0.75225430727005,0.6995440609793828,0.5411185026168823,0.2298528403043747,0.5112996697425842,0.10156422898983927,0.1814098209142685,0.13841645518150333,0.10949070492085819,0.13841645518150333,0.12174305319786072,2.054260015487671,1.9325169622898102,915,3521,0.16674596071243286,1,2.1606128215789795,2.054260015487671,0.06211981549859047,664,0.009001958183944225,0.8028724789619446,0.0,0.0,2.1116607189178467,0.85,0.017000000923871994,2.870901107788086,0.37206196784973145,0,,0,-2.054260015487671,1.0,0,0.00036211361293680966,0.7242271900177002,phase1_class1
2,14.12,0.7978500826589953,0.11920292675495148,0.9871259413163858,0.7549594640731812,0.7087849126655978,0.55318284034729,0.2529209554195404,0.5051959753036499,0.11227032807060836,0.1814098209142685,0.17360945584049578,0.1294498974029112,0.17360945584049578,0.11980786919593811,2.0167412757873535,1.8969334065914154,915,3521,0.17606569826602936,1,2.1606128215789795,2.0167412757873535,0.07089607417583466,664,0.012744485400617123,0.8556865453720093,0.0,0.0,2.047497034072876,0.85,0.0,2.8884005546569824,0.4061962962150574,0,,0,-2.0167412757873535,1.0,0,0.00039892506902106106,0.7978500723838806,phase1_class1
3,17.5,0.810883239807797,0.11920292675495148,0.9846623796227527,0.7549594640731812,0.7070160042753073,0.5521926283836365,0.2508614659309387,0.5063208937644958,0.11251119357236751,0.1814098209142685,0.17156237293363805,0.12882363929700769,0.17156237293363805,0.1228964775800705,2.0065789222717285,1.883682444691658,915,3521,0.17870593070983887,1,2.1606128215789795,2.0065789222717285,0.06370467692613602,664,0.011102840304374695,0.8087704181671143,0.0,0.0,2.0602221488952637,0.85,0.014500000514090061,2.893467903137207,0.37571144104003906,0,,0,-2.0065789222717285,1.0,0,0.00040544162038713694,0.8108832240104675,phase1_class1
4,20.92,0.8966984585620592,0.11920292675495148,0.9736302142581814,0.7569882869720459,0.6990945911737405,0.5526691675186157,0.25034770369529724,0.5101894736289978,0.10468834145788812,0.1814098209142685,0.15479311843636517,0.11669633214577338,0.15479311843636517,0.1365404725074768,1.9150327444076538,1.778492271900177,915,3521,0.1607198715209961,1,2.1606128215789795,1.9150327444076538,0.06185431033372879,664,0.011734819039702415,0.7978004813194275,0.0,0.0,2.1113481521606445,0.85,0.01100000087171793,2.873776912689209,0.36859241127967834,0,,0,-1.9150327444076538,1.0,0,0.00044834925211034715,0.8966984748840332,phase1_class1
5,24.29,0.831015314411342,0.11920292675495148,0.9839181011654617,0.7554103136062622,0.7064815908643434,0.5500167608261108,0.24600417912006378,0.5064013004302979,0.10634925808148765,0.1814098209142685,0.16644466566649374,0.12330826928285024,0.16644466566649374,0.12832504510879517,1.991328239440918,1.8630031943321228,915,3521,0.1671725958585739,1,2.1606128215789795,1.991328239440918,0.07324803620576859,664,0.010308599099516869,0.8411968350410461,0.0,0.0,2.04426908493042,0.85,0.0005000000237487257,2.889406442642212,0.3967778980731964,0,,0,-1.991328239440918,1.0,0,0.00041550767491571605,0.8310152888298035,phase1_class1
6,27.63,0.8296785100054562,0.11920292675495148,0.9800400186774719,0.7529305815696716,0.703697015723005,0.55219966173172,0.25238746404647827,0.508813202381134,0.11677134693788868,0.1814098209142685,0.17463299729392465,0.13271744204318875,0.17463299729392465,0.125080868601799,1.989813208580017,1.864732339978218,915,3521,0.16931143403053284,1,2.1606128215789795,1.989813208580017,0.05670285224914551,664,0.010982769541442394,0.8256844878196716,0.0,0.0,2.1346144676208496,0.85,0.0,2.877068519592285,0.3866949677467346,0,,0,-1.989813208580017,1.0,0,0.0004148392763454467,0.8296785354614258,phase1_class1
7,30.96,0.7414363158038288,0.11920292675495148,0.9791445341756998,0.7538322806358337,0.7030540320085505,0.5331244468688965,0.21212121844291687,0.5091018676757812,0.09267362258921102,0.1814098209142685,0.12101625047321266,0.09765435165170067,0.12101625047321266,0.11676464229822159,2.046858310699463,1.9300936684012413,915,3521,0.16085879504680634,1,2.1606128215789795,2.046858310699463,0.09249873459339142,664,0.011016249656677246,0.7549479007720947,0.0,0.0,1.9499132633209229,0.85,0.05650000274181366,2.888295888900757,0.3426423668861389,0,,0,-2.046858310699463,1.0,0,0.00037071818951517344,0.7414363622665405,phase1_class1
8,34.29,0.8543449194462914,0.11920292675495148,0.9744465702081785,0.751803457736969,0.699680758304503,0.5444015860557556,0.23700621724128723,0.5086458921432495,0.10886220537819143,0.1814098209142685,0.1455812453555054,0.1164226981494508,0.1455812453555054,0.12689776718616486,1.9644131660461426,1.8375153988599777,915,3521,0.16726499795913696,1,2.1606128215789795,1.9644131660461426,0.05471815913915634,664,0.010222859680652618,0.8546634912490845,0.0,0.0,2.147270679473877,0.85,0.0,2.883091926574707,0.40553125739097595,0,,0,-1.9644131660461426,1.0,0,0.00042717246105894446,0.85434490442276,phase1_class1
9,37.62,0.8229570320878765,0.11920292675495148,0.9819551646657327,0.7531560063362122,0.70507214581048,0.5660122036933899,0.281024307012558,0.5080695748329163,0.13020611692840617,0.1814098209142685,0.18959352785294653,0.14491048686825608,0.18959352785294653,0.12874813377857208,1.9962116479873657,1.8674635142087936,915,3521,0.18827977776527405,1,2.1606128215789795,1.9962116479873657,0.053309276700019836,664,0.009821692481637001,0.8112854361534119,0.0,0.0,2.136781930923462,0.85,0.011500000953674316,2.8890655040740967,0.3773355484008789,0,,0,-1.9962116479873657,1.0,0,0.00041147854062728584,0.8229570388793945,phase1_class1
10,40.95,0.6439859127203311,0.11920292675495148,0.9760596958329808,0.7545085549354553,0.7008390290552133,0.545293927192688,0.23686052858829498,0.5138101577758789,0.10431804178830219,0.1814098209142685,0.15825633403906283,0.11921830505565385,0.15825633403906283,0.11538244038820267,2.0943808555603027,1.9789984151721,915,3521,0.17395763099193573,1,2.1606128215789795,2.0943808555603027,0.06943275034427643,664,0.010338949039578438,0.8139582872390747,0.0,0.0,2.053159475326538,0.85,0.014000000432133675,2.8914737701416016,0.3790729343891144,0,,0,-2.0943808555603027,1.0,0,0.0003219929931219667,0.64398592710495,phase1_class1
11,44.3,0.7267103425512814,0.11920292675495148,0.9705453759154624,0.75,0.6968795882204033,0.5466400980949402,0.24300341308116913,0.5172039866447449,0.10960280471736326,0.1814098209142685,0.15274603552950744,0.11979174600987241,0.15274603552950744,0.1219959631562233,2.0514092445373535,1.9294132813811302,915,3521,0.16017407178878784,1,2.1606128215789795,2.0514092445373535,0.07596181333065033,664,0.008550247177481651,0.8402185440063477,0.0,0.0,2.0122878551483154,0.85,0.0035000001080334187,2.875814914703369,0.39614203572273254,0,,0,-2.0514092445373535,1.0,0,0.0003633552114479244,0.7267103791236877,phase1_class1
12,47.62,0.8457398403502524,0.11920292675495148,0.9813899047636955,0.7551848888397217,0.7046662728883638,0.5657251477241516,0.2788844406604767,0.5091924071311951,0.12537794311414885,0.1814098209142685,0.1854993620392311,0.14030837251485748,0.1854993620392311,0.1282716691493988,1.9775995016098022,1.8493278324604034,915,3521,0.1689772605895996,1,2.1606128215789795,1.9775995016098022,0.08051715791225433,664,0.01042928360402584,0.8038305044174194,0.0,0.0,2.0016965866088867,0.85,0.004500000271946192,2.868833303451538,0.3724898099899292,0,,0,-1.9775995016098022,1.0,0,0.00042286995449103415,0.8457398414611816,phase1_class1
13,50.99,0.8175904792997957,0.11920292675495148,0.9864231857625014,0.750450849533081,0.7082803138975613,0.5566245317459106,0.2634730339050293,0.5097808241844177,0.12590281884027607,0.1814098209142685,0.1879390361884999,0.14329707751402018,0.1879390361884999,0.1235467791557312,2.0028674602508545,1.8793206810951233,915,3521,0.18983250856399536,1,2.1606128215789795,2.0028674602508545,0.07597354799509048,664,0.009428947232663631,0.8340948820114136,0.0,0.0,2.0433928966522217,0.85,0.0,2.888343334197998,0.39216166734695435,0,,0,-2.0028674602508545,1.0,0,0.00040879525477066636,0.8175904750823975,phase1_class1
14,54.33,0.7032181499696962,0.11920292675495148,0.9858506789386432,0.7515780329704285,0.7078692374764436,0.549254834651947,0.24726775288581848,0.5092361569404602,0.11620332648915252,0.1814098209142685,0.18526100307062435,0.13763416158401323,0.18526100307062435,0.11401659995317459,2.069460868835449,1.9554442688822746,915,3521,0.18078367412090302,1,2.1606128215789795,2.069460868835449,0.09209921956062317,664,0.01085309311747551,0.7855652570724487,0.0,0.0,1.9310094118118286,0.85,0.009000000543892384,2.867098093032837,0.3606190085411072,0,,0,-2.069460868835449,1.0,0,0.00035160910920239985,0.7032181620597839,phase1_class1
15,57.66,0.7314684650073471,0.11920292675495148,0.978373226658644,0.7511271238327026,0.7025002109526621,0.5469454526901245,0.2427983582019806,0.5106472969055176,0.11312235874371258,0.1814098209142685,0.15172249407607857,0.1212621904342657,0.15172249407607857,0.12346923351287842,2.0520076751708984,1.92853844165802,915,3521,0.1753201186656952,1,2.1606128215789795,2.0520076751708984,0.06258594989776611,664,0.011508332565426826,0.8307512998580933,0.0,0.0,2.0685031414031982,0.85,0.002500000176951289,2.895296812057495,0.38998836278915405,0,,0,-2.0520076751708984,1.0,0,0.00036573424586094916,0.7314684391021729,phase1_class1
16,61.0,0.9081700670662634,0.11920292675495148,0.9845452536971053,0.7524797320365906,0.7069319044806346,0.5552650690078735,0.2591093182563782,0.5082740187644958,0.11856169772931498,0.1814098209142685,0.18179778746792669,0.13648797483765476,0.18179778746792669,0.13649842143058777,1.9130353927612305,1.7765369713306427,915,3521,0.17802831530570984,1,2.1606128215789795,1.9130353927612305,0.07369523495435715,664,0.010775319300591946,0.8142513632774353,0.0,0.0,2.04237961769104,0.85,0.012000000104308128,2.892097234725952,0.37926337122917175,0,,0,-1.9130353927612305,1.0,0,0.00045408503501676023,0.9081700444221497,phase1_class1
17,64.37,0.8457264763466562,0.11920292675495148,0.9802852388428742,0.7563120126724243,0.7038730908784069,0.5450177192687988,0.23496107757091522,0.5103265643119812,0.09483427305022325,0.1814098209142685,0.14046353808836107,0.10578886206917343,0.14046353808836107,0.13575713336467743,1.9767932891845703,1.8410361558198929,915,3521,0.15523414313793182,1,2.1606128215789795,1.9767932891845703,0.07305709272623062,664,0.008386307395994663,0.7920084595680237,0.0,0.0,2.0411922931671143,0.85,0.029500002041459084,2.8723790645599365,0.36550530791282654,0,,0,-1.9767932891845703,1.0,0,0.0004228632606100291,0.845726490020752,phase1_class1
18,67.7,0.8291011625551843,0.11920292675495148,0.9856217153816503,0.7540577054023743,0.7077048350350181,0.5597608089447021,0.2672934830188751,0.5070171356201172,0.12192667569912298,0.1814098209142685,0.17424040605151359,0.1342900143465115,0.17424040605151359,0.1256982833147049,1.9938973188400269,1.868199035525322,915,3521,0.1801423579454422,1,2.1606128215789795,1.9938973188400269,0.07157312333583832,664,0.014646326191723347,0.8543641567230225,0.0,0.0,2.088008403778076,0.85,0.0,2.885554790496826,0.40533673763275146,0,,0,-1.9938973188400269,1.0,0,0.0004145506245549768,0.8291012048721313,phase1_class1
19,71.03,0.9088763895998803,0.11920292675495148,0.9857114205220291,0.751803457736969,0.7077692459145501,0.5667836666107178,0.28366947174072266,0.5089761018753052,0.13418226006955924,0.1814098209142685,0.193687693666662,0.14892297858014525,0.193687693666662,0.13780806958675385,1.9135578870773315,1.7757498174905777,915,3521,0.18363666534423828,1,2.1606128215789795,1.9135578870773315,0.060474544763565063,664,0.011801800690591335,0.8005121946334839,0.0,0.0,2.12190580368042,0.85,0.013500000350177288,2.877610921859741,0.37034183740615845,0,,0,-1.9135578870773315,1.0,0,0.0004544382099993527,0.908876359462738,phase1_class1
20,74.4,0.6891053984048512,0.11920292675495148,0.9828306711668093,0.7531560063362122,0.7057007847439035,0.5523632764816284,0.25255972146987915,0.5089242458343506,0.11373352391505766,0.1814098209142685,0.15991082570350948,0.12436945025894636,0.15991082570350948,0.11980686336755753,2.0753378868103027,1.9555310234427452,915,3521,0.18143996596336365,1,2.1606128215789795,2.0753378868103027,0.06235000118613243,664,0.008505692705512047,0.8227919340133667,0.0,0.0,2.083773136138916,0.85,0.001500000013038516,2.8553762435913086,0.38481470942497253,0,,0,-2.0753378868103027,1.0,0,0.000344552710885182,0.6891053915023804,phase1_class1
21,77.74,0.8343839415161889,0.11920292675495148,0.9798359296899728,0.7542831301689148,0.7035504739403144,0.557070255279541,0.26151758432388306,0.5083327889442444,0.11548072998387506,0.1814098209142685,0.16809915733094039,0.1282628736056396,0.16809915733094039,0.13092482089996338,1.9859280586242676,1.8550032377243042,915,3521,0.16673843562602997,1,2.1606128215789795,1.9859280586242676,0.07237845659255981,664,0.010036773979663849,0.8318767547607422,0.0,0.0,2.0677783489227295,0.85,0.0035000001080334187,2.884751796722412,0.3907199203968048,0,,0,-1.9859280586242676,1.0,0,0.0004171920008957386,0.8343839645385742,phase1_class1
22,81.11,0.740817166330211,0.11920292675495148,0.9731895230663645,0.7527051568031311,0.6987781621804067,0.5157670974731445,0.17704427242279053,0.5107247233390808,0.0789979870969344,0.1814098209142685,0.10605571991419077,0.08545710524011425,0.10605571991419077,0.11836165189743042,2.0446715354919434,1.926309883594513,915,3521,0.14746388792991638,1,2.1606128215789795,2.0446715354919434,0.08131944388151169,664,0.011518542654812336,0.7661190032958984,0.0,0.0,1.9734307527542114,0.85,0.04050000011920929,2.861095428466797,0.3488093316555023,0,,0,-2.0446715354919434,1.0,0,0.00037040861207060516,0.7408171892166138,phase1_class1
23,84.44,0.6383574762640583,0.11920292675495148,0.9861756152440764,0.7551848888397217,0.7081025511208618,0.5267393589019775,0.19793204963207245,0.5062531232833862,0.08496220180866403,0.1814098209142685,0.12243238316905258,0.09462814127006089,0.12243238316905258,0.10953112691640854,2.099890947341919,1.9903598204255104,915,3521,0.15675871074199677,1,2.1606128215789795,2.099890947341919,0.06524411588907242,664,0.011174192652106285,0.8623234629631042,0.0,0.0,2.053863286972046,0.85,0.0010000000474974513,2.889742851257324,0.41051027178764343,0,,0,-2.099890947341919,1.0,0,0.00031917874002829194,0.6383574604988098,phase1_class1
24,87.77,0.8132666786761988,0.11920292675495148,0.9836529029993637,0.75,0.7062911709279104,0.5645310282707214,0.2803374230861664,0.5098388195037842,0.1325644881685686,0.1814098209142685,0.16219626757897393,0.1343565108193201,0.16219626757897393,0.12123075872659683,2.0043137073516846,1.8830829486250877,915,3521,0.1850927621126175,1,2.1606128215789795,2.0043137073516846,0.10870876163244247,664,0.007956593297421932,0.8069875240325928,0.0,0.0,1.8849107027053833,0.85,0.0020000000949949026,2.8881123065948486,0.37454187870025635,0,,0,-2.0043137073516846,1.0,0,0.0004066333349328488,0.8132666349411011,phase1_class1
25,91.11,0.758484847797837,0.11920292675495148,0.977381377682928,0.7486474514007568,0.7017880347649987,0.539635956287384,0.22944022715091705,0.5109094977378845,0.10311371427950641,0.1814098209142685,0.1257413664979459,0.10511016621107278,0.1257413664979459,0.11925522238016129,2.0363404750823975,1.9170852527022362,915,3521,0.16040633618831635,1,2.1606128215789795,2.0363404750823975,0.06958127021789551,664,0.007995031774044037,0.7970449328422546,0.0,0.0,2.0564818382263184,0.85,0.01600000075995922,2.893158435821533,0.36825820803642273,0,,0,-2.0363404750823975,1.0,0,0.0003792424395214766,0.7584848403930664,phase1_class1
26,94.45,0.7914020161185346,0.11920292675495148,0.9829062741890499,0.7556357383728027,0.7057550698956487,0.5521860718727112,0.25034579634666443,0.5073184967041016,0.10833732965206419,0.1814098209142685,0.15581665988979404,0.11937425414454148,0.15581665988979404,0.12166773527860641,2.018723249435425,1.8970555141568184,915,3521,0.16827037930488586,1,2.1606128215789795,2.018723249435425,0.0674455463886261,664,0.008790407329797745,0.8197717070579529,0.0,0.0,2.0454261302948,0.85,0.004000000189989805,2.871540069580078,0.38285163044929504,0,,0,-2.018723249435425,1.0,0,0.000395701004890725,0.7914019823074341,phase1_class1
27,97.78,0.8588905671896743,0.11920292675495148,0.9844539816547112,0.7585662603378296,0.7068663685202374,0.564081609249115,0.2729124128818512,0.5069747567176819,0.11875941850846522,0.1814098209142685,0.1910096605487865,0.13913690574609136,0.1910096605487865,0.12641382217407227,1.9683297872543335,1.8419159650802612,915,3521,0.17481832206249237,1,2.1606128215789795,1.9683297872543335,0.06032892316579819,664,0.008793747052550316,0.8070183396339417,0.0,0.0,2.1026129722595215,0.85,0.014500000514090061,2.8822131156921387,0.3746596872806549,0,,0,-1.9683297872543335,1.0,0,0.0004294453246984631,0.8588905930519104,phase1_class1
28,101.11,0.7409929991921669,0.11920292675495148,0.9868756287194336,0.75225430727005,0.7086051809973841,0.5531707406044006,0.2549152374267578,0.5088227987289429,0.11657362615873844,0.1814098209142685,0.16298145006379608,0.12728054860261168,0.16298145006379608,0.11888188123703003,2.0502991676330566,1.9314172863960266,915,3521,0.17730621993541718,1,2.1606128215789795,2.0502991676330566,0.07544127851724625,664,0.01018223725259304,0.8144755959510803,0.0,0.0,2.0204665660858154,0.85,0.002500000176951289,2.8887641429901123,0.37940919399261475,0,,0,-2.0502991676330566,1.0,0,0.00037049653474241495,0.7409930229187012,phase1_class1
29,104.45,0.9390246071253135,0.11920292675495148,0.9817581267373026,0.7520288825035095,0.7049306668916828,0.562891960144043,0.2753623127937317,0.5097428560256958,0.10950937621732525,0.1814098209142685,0.14030930581455672,0.11157435965521305,0.14030930581455672,0.14877663552761078,1.8516268730163574,1.7028502374887466,915,3521,0.14789347350597382,1,2.1606128215789795,1.8516268730163574,0.061312273144721985,664,0.009880509227514267,0.857017457485199,0.0,0.0,2.1075692176818848,0.85,0.0020000000949949026,2.867521286010742,0.4070613384246826,0,,0,-1.8516268730163574,1.0,0,0.0004695123352576047,0.9390246272087097,phase1_class1
30,107.83,0.8476301398480707,0.11920292675495148,0.9771745466169018,0.7533814311027527,0.701639524090794,0.5625261068344116,0.2735723853111267,0.5117229223251343,0.12262413031568589,0.1814098209142685,0.18140519622551562,0.13746672291294904,0.18140519622551562,0.12769459187984467,1.9727708101272583,1.8450762182474136,915,3521,0.17960521578788757,1,2.1606128215789795,1.9727708101272583,0.0624907948076725,664,0.007703414652496576,0.8279276490211487,0.0,0.0,2.0845465660095215,0.85,0.004500000271946192,2.8898112773895264,0.38815298676490784,0,,0,-1.9727708101272583,1.0,0,0.0004238151013851166,0.8476301431655884,phase1_class1
31,111.23,0.5163131429656027,0.11920292675495148,0.982354528816895,0.7533814311027527,0.7053589007959947,0.5226747989654541,0.19082841277122498,0.5078746676445007,0.08439418135992786,0.1814098209142685,0.11731467590190828,0.09265891027799816,0.11731467590190828,0.1073872298002243,2.1503689289093018,2.0429816991090775,915,3521,0.1676444113254547,1,2.1606128215789795,2.1503689289093018,0.08177047967910767,664,0.013699222356081009,0.7931424975395203,0.0,0.0,1.9846560955047607,0.85,0.014500000514090061,2.8942220211029053,0.3655426502227783,0,,0,-2.1503689289093018,1.0,0,0.0002581565931905061,0.5163131356239319,phase1_class1
32,114.59,0.8464148018439185,0.11920292675495148,0.9765203650254934,0.7488728761672974,0.7011698028295783,0.5361679196357727,0.22206702828407288,0.5083537101745605,0.10573809291014258,0.1814098209142685,0.1480209195047742,0.11704871099605671,0.1480209195047742,0.13024556636810303,1.973346471786499,1.843100905418396,915,3521,0.1591579020023346,1,2.1606128215789795,1.973346471786499,0.0706859901547432,664,0.010596741922199726,0.8275741338729858,0.0,0.0,2.0671584606170654,0.85,0.0005000000237487257,2.861208438873291,0.3879231810569763,0,,0,-1.973346471786499,1.0,0,0.00042320741340518,0.8464148044586182,phase1_class1
33,117.95,0.7823853023138302,0.11920292675495148,0.9795820915634861,0.7565374374389648,0.7033682108401541,0.5299232006072998,0.20353981852531433,0.5078022480010986,0.08277640945893724,0.1814098209142685,0.09708220580193772,0.08155997082549715,0.09708220580193772,0.12056685239076614,2.0227982997894287,1.9022314473986626,915,3521,0.14445002377033234,1,2.1606128215789795,2.0227982997894287,0.056036852300167084,664,0.010526632890105247,0.7597131133079529,0.0,0.0,2.112591505050659,0.85,0.030000001192092896,2.9043281078338623,0.3444252908229828,0,,0,-2.0227982997894287,1.0,0,0.00039119270513765514,0.7823853492736816,phase1_class1
34,121.3,0.7686876194237939,0.11920292675495148,0.9760216984591086,0.7542831301689148,0.7008117458442326,0.541492760181427,0.22913719713687897,0.5098996162414551,0.09924900247228573,0.1814098209142685,0.13636937227464563,0.10709557889042638,0.13636937227464563,0.12402918934822083,2.0295774936676025,1.9055483043193817,915,3521,0.16168688237667084,1,2.1606128215789795,2.0295774936676025,0.07378401607275009,664,0.011056439951062202,0.8501921892166138,0.0,0.0,2.033290147781372,0.85,0.0010000000474974513,2.88822865486145,0.4026249647140503,0,,0,-2.0295774936676025,1.0,0,0.0003843438171315938,0.7686876058578491,phase1_class1
35,124.66,0.7008584133292356,0.11920292675495148,0.9800333593439068,0.7547339797019958,0.703692234129328,0.5412817001342773,0.2283688187599182,0.5089092254638672,0.09811296157481342,0.1814098209142685,0.13534583082121676,0.10599418552220252,0.13534583082121676,0.11708513647317886,2.068566083908081,1.9514809474349022,915,3521,0.16956134140491486,1,2.1606128215789795,2.068566083908081,0.07579507678747177,664,0.00952739268541336,0.7840327620506287,0.0,0.0,2.007873296737671,0.85,0.020500000566244125,2.907102108001709,0.36047953367233276,0,,0,-2.068566083908081,1.0,0,0.0003504292108118534,0.7008584141731262,phase1_class1
36,128.01,0.8167833713184932,0.11920292675495148,0.9742581502408328,0.7486474514007568,0.6995454673304644,0.5683396458625793,0.2893562614917755,0.5145096182823181,0.14327058724933772,0.1814098209142685,0.20289956674752177,0.15804935537214748,0.20289956674752177,0.12807528674602509,1.996001958847046,1.8679266721010208,915,3521,0.18127435445785522,1,2.1606128215789795,1.996001958847046,0.06499022990465164,664,0.009023629128932953,0.7995733022689819,0.0,0.0,2.1089987754821777,0.85,0.0005000000237487257,2.843508720397949,0.3697226643562317,0,,0,-1.996001958847046,1.0,0,0.00040839167195372283,0.8167833089828491,phase1_class1
37,131.37,0.9108312966512706,0.11920292675495148,0.9714030589061143,0.7454914450645447,0.6974954293589851,0.5575839877128601,0.269255667924881,0.5197688937187195,0.13094671626757798,0.1814098209142685,0.1687301075419582,0.13761082604125502,0.1687301075419582,0.1414492130279541,1.8895599842071533,1.7481107711791992,915,3521,0.1696770042181015,1,2.1606128215789795,1.8895599842071533,0.08021020889282227,664,0.009624933823943138,0.7922729849815369,0.0,0.0,1.989030361175537,0.85,0.00800000037997961,2.898766040802002,0.36497747898101807,0,,0,-1.8895599842071533,1.0,0,0.00045541569124907255,0.9108313322067261,phase1_class1
38,134.71,0.9263544570039265,0.11920292675495148,0.9793364796725801,0.7441388964653015,0.703191854414536,0.5632143020629883,0.2820999324321747,0.5221962928771973,0.12189439475558825,0.1814098209142685,0.169361057752976,0.13177891322641855,0.169361057752976,0.15971311926841736,1.8744823932647705,1.7147692739963531,915,3521,0.16896723210811615,1,2.1606128215789795,1.8744823932647705,0.09461316466331482,664,0.006879007443785667,0.851915180683136,0.0,0.0,1.9594241380691528,0.85,0.0,2.8433985710144043,0.4037448763847351,0,,0,-1.8744823932647705,1.0,0,0.0004631772171705961,0.9263544082641602,phase1_class1
39,138.06,0.896712283814735,0.11920292675495148,0.9712755522546153,0.7529305815696716,0.6974038759035806,0.5555955171585083,0.2594594359397888,0.5148188471794128,0.11386295808288442,0.1814098209142685,0.16707561587751155,0.12715307706437762,0.16707561587751155,0.13753901422023773,1.9119040966033936,1.7743650823831558,915,3521,0.15845410525798798,1,2.1606128215789795,1.9119040966033936,0.07681482285261154,664,0.011669263243675232,0.7955079674720764,0.0,0.0,2.030200242996216,0.85,0.0,2.8776426315307617,0.3670802116394043,0,,0,-1.9119040966033936,1.0,0,0.00044835617882199585,0.8967123031616211,phase1_class1
40,141.44,0.6239250473119076,0.11920292675495148,0.9830453367429122,0.7540577054023743,0.7058549208224342,0.5386890172958374,0.22348755598068237,0.50938481092453,0.09806981685220449,0.1814098209142685,0.14597383659791646,0.11111164753004922,0.14597383659791646,0.11408483982086182,2.1053755283355713,1.9912906885147095,915,3521,0.1737832874059677,1,2.1606128215789795,2.1053755283355713,0.04731913283467293,664,0.010082541033625603,0.8355244398117065,0.0,0.0,2.178454637527466,0.85,0.0010000000474974513,2.869293212890625,0.3930909037590027,0,,0,-2.1053755283355713,1.0,0,0.00031196256168186665,0.6239250898361206,phase1_class1
41,144.8,0.8011532778556332,0.11920292675495148,0.9772899097777822,0.7540577054023743,0.7017223581694936,0.5386890172958374,0.22348755598068237,0.5105767250061035,0.09669291045297303,0.1814098209142685,0.11652949341708613,0.09717984104816571,0.11652949341708613,0.1203150674700737,2.0091335773468018,1.888818509876728,915,3521,0.16224248707294464,1,2.1606128215789795,2.0091335773468018,0.09270619601011276,664,0.010952474549412727,0.8570454716682434,0.0,0.0,1.920206904411316,0.85,0.0,2.881405830383301,0.4070795476436615,0,,0,-2.0091335773468018,1.0,0,0.00040057668229565024,0.801153302192688,phase1_class1
42,148.16,0.8945965464829954,0.11920292675495148,0.9753592906321196,0.7470694184303284,0.7003361179084746,0.5569236278533936,0.2666666805744171,0.5148062109947205,0.1321941884989827,0.1814098209142685,0.1793581133186579,0.14313397456966523,0.1793581133186579,0.13136915862560272,1.9201271533966064,1.7887579947710037,915,3521,0.16236725449562073,1,2.1606128215789795,1.9201271533966064,0.0849287211894989,664,0.010311063379049301,0.7952088713645935,0.0,0.0,2.010411024093628,0.85,0.010500000789761543,2.8515841960906982,0.366885781288147,0,,0,-1.9201271533966064,1.0,0,0.0004472983127925545,0.8945965766906738,phase1_class1
43,151.5,0.8852117090884403,0.11920292675495148,0.9761948411318047,0.7520288825035095,0.7009360672798357,0.5568414926528931,0.2627345621585846,0.5117970705032349,0.12140179997299574,0.1814098209142685,0.17116978169122699,0.13314358234085544,0.17116978169122699,0.13381865620613098,1.9330974817276,1.7992788255214691,915,3521,0.1661609262228012,1,2.1606128215789795,1.9330974817276,0.07566028088331223,664,0.009380978532135487,0.8194862604141235,0.0,0.0,2.0156233310699463,0.85,0.0,2.878065586090088,0.3826660215854645,0,,0,-1.9330974817276,1.0,0,0.00044260587310418487,0.885211706161499,phase1_class1
44,154.85,0.8450986476501614,0.11920292675495148,0.9804622987706086,0.7493237257003784,0.704000225016173,0.5543859004974365,0.25965380668640137,0.5115641355514526,0.12286499581744505,0.1814098209142685,0.17014624023779812,0.13400339619114393,0.17014624023779812,0.12248839437961578,1.977463960647583,1.8549755662679672,915,3521,0.1684538871049881,1,2.1606128215789795,1.977463960647583,0.11555655300617218,664,0.009249555878341198,0.7814790606498718,0.0,0.0,1.8571228981018066,0.85,0.0215000007301569,2.8427791595458984,0.35841062664985657,0,,0,-1.977463960647583,1.0,0,0.0004225493175908923,0.845098614692688,phase1_class1
45,158.21,0.795573179816426,0.11920292675495148,0.9794571311277619,0.7533814311027527,0.7032784856411554,0.5490587949752808,0.24551723897457123,0.5099435448646545,0.10671955775107357,0.1814098209142685,0.13802386393909227,0.11106327722418095,0.13802386393909227,0.1214979961514473,2.014137029647827,1.8926390334963799,915,3521,0.16652251780033112,1,2.1606128215789795,2.014137029647827,0.08003661781549454,664,0.009394785389304161,0.8357638120651245,0.0,0.0,2.028092861175537,0.85,0.007500000298023224,2.872594118118286,0.39342859387397766,0,,0,-2.014137029647827,1.0,0,0.00039778658538125455,0.7955731153488159,phase1_class1
46,161.57,0.7693718641817509,0.11920292675495148,0.9755913879931432,0.7520288825035095,0.7005027705116305,0.5558909773826599,0.26075270771980286,0.5139898657798767,0.11888885267629198,0.1814098209142685,0.16912269878436925,0.13093659401788862,0.16912269878436925,0.12506429851055145,2.028949499130249,1.9038852006196976,915,3521,0.17334288358688354,1,2.1606128215789795,2.028949499130249,0.06681893020868301,664,0.008789673447608948,0.8363855481147766,0.0,0.0,2.055050849914551,0.85,0.0005000000237487257,2.876011371612549,0.3936505913734436,0,,0,-2.028949499130249,1.0,0,0.0003846859617624432,0.7693718671798706,phase1_class1
47,164.92,0.8549334636422348,0.11920292675495148,0.979700784391149,0.75,0.7034534357156922,0.5562933683395386,0.26312291622161865,0.5128278732299805,0.12096321369208635,0.1814098209142685,0.17321686459808472,0.13395797815422394,0.17321686459808472,0.12867328524589539,1.9681555032730103,1.8394822180271149,915,3521,0.16864337027072906,1,2.1606128215789795,1.9681555032730103,0.09487303346395493,664,0.010123942978680134,0.8203788995742798,0.0,0.0,1.950095295906067,0.85,0.005000000353902578,2.8842554092407227,0.38325420022010803,0,,0,-1.9681555032730103,1.0,0,0.00042746675899252295,0.854933500289917,phase1_class1
48,168.27,0.9158230017834346,0.11920292675495148,0.9813632674294346,0.7506762742996216,0.7046471465136557,0.5591233968734741,0.26851850748062134,0.5133333206176758,0.1188205660649685,0.1814098209142685,0.17833457186522902,0.13453881822320746,0.17833457186522902,0.1507149636745453,1.8968969583511353,1.74618199467659,915,3521,0.1747371107339859,1,2.1606128215789795,1.8968969583511353,0.0753776803612709,664,0.009201111271977425,0.8235725164413452,0.0,0.0,2.013756036758423,0.85,0.015000000596046448,2.8776559829711914,0.38541072607040405,0,,0,-1.8968969583511353,1.0,0,0.0004579115193337202,0.9158229827880859,phase1_class1
49,171.65,0.8259636869410071,0.11920292675495148,0.9830316263502777,0.7515780329704285,0.7058450763648637,0.5616387128829956,0.2730870842933655,0.5089945793151855,0.13097185815629253,0.1814098209142685,0.19715090926935966,0.1494795426849943,0.19715090926935966,0.12679149210453033,1.9946255683898926,1.8678340762853622,915,3521,0.188528910279274,1,2.1606128215789795,1.9946255683898926,0.10202698409557343,664,0.010240435600280762,0.7736852765083313,0.0,0.0,1.8839483261108398,0.85,0.00950000062584877,2.887484312057495,0.35291385650634766,0,,0,-1.9946255683898926,1.0,0,0.00041298186988569796,0.8259636759757996,phase1_class1
50,174.99,0.8773830163642515,0.11920292675495148,0.9794798512069846,0.7547339797019958,0.7032947993137006,0.5712369084358215,0.2907431423664093,0.5117635130882263,0.13057641659799205,0.1814098209142685,0.18408322934339114,0.14175805426595303,0.18408322934339114,0.1343861222267151,1.9455106258392334,1.8111245036125183,915,3521,0.16808535158634186,1,2.1606128215789795,1.9455106258392334,0.07641400396823883,664,0.013302050530910492,0.7702428102493286,0.0,0.0,2.019310712814331,0.85,0.005500000435858965,2.8911776542663574,0.35065779089927673,0,,0,-1.9455106258392334,1.0,0,0.000438691524323076,0.8773829936981201,phase1_class1
51,178.36,0.921870709089826,0.11920292675495148,0.9758109501380442,0.7493237257003784,0.700660422467865,0.5710020065307617,0.29441624879837036,0.5208976864814758,0.13424340762606252,0.1814098209142685,0.22273944560508124,0.16124909058514866,0.22273944560508124,0.14516372978687286,1.8767600059509277,1.7315962761640549,915,3521,0.1791491061449051,1,2.1606128215789795,1.8767600059509277,0.09269342571496964,664,0.006899788044393063,0.8055243492126465,0.0,0.0,1.9475789070129395,0.85,0.0005000000237487257,2.8588650226593018,0.3735907971858978,0,,0,-1.8767600059509277,1.0,0,0.0004609353782143444,0.9218707084655762,phase1_class1
52,181.72,0.8242041673876032,0.11920292675495148,0.9707667008251306,0.7511271238327026,0.6970385058926111,0.552351713180542,0.2540540397167206,0.5167768001556396,0.11523986448211589,0.1814098209142685,0.16298145006379608,0.1266825227880641,0.16298145006379608,0.12980397045612335,1.9879162311553955,1.8581122606992722,915,3521,0.1690671592950821,1,2.1606128215789795,1.9879162311553955,0.1038130521774292,664,0.011621667072176933,0.815548837184906,0.0,0.0,1.9194473028182983,0.85,0.002500000176951289,2.8702921867370605,0.3801068067550659,0,,0,-1.9879162311553955,1.0,0,0.0004121021192986518,0.8242042064666748,phase1_class1
53,185.07,0.5511064346521657,0.11920292675495148,0.9782267213202089,0.7529305815696716,0.7023950158917672,0.550228476524353,0.24828532338142395,0.5127421021461487,0.11312235874371258,0.1814098209142685,0.15581665988979404,0.12252310981911085,0.15581665988979404,0.10472508519887924,2.1351265907287598,2.0304015055298805,915,3521,0.17237325012683868,1,2.1606128215789795,2.1351265907287598,0.10238201171159744,664,0.008533874526619911,0.7504531145095825,0.0,0.0,1.9353699684143066,0.85,0.04500000178813934,2.877145290374756,0.3389909863471985,0,,0,-2.1351265907287598,1.0,0,0.0002755532041192055,0.5511063933372498,phase1_class1
54,188.42,0.8141040703937583,0.11920292675495148,0.9755163725591584,0.7477457523345947,0.7004489072652097,0.551818311214447,0.2554890215396881,0.519286572933197,0.11488756764642434,0.1814098209142685,0.15235344428709638,0.12194133619514741,0.15235344428709638,0.1279781311750412,1.9988001585006714,1.8708220273256302,915,3521,0.17095044255256653,1,2.1606128215789795,1.9988001585006714,0.10171058028936386,664,0.0069634513929486275,0.7665166258811951,0.0,0.0,1.9382575750350952,0.85,0.045500002801418304,2.8684608936309814,0.34963637590408325,0,,0,-1.9988001585006714,1.0,0,0.00040705205174162984,0.8141040802001953,phase1_class1
55,191.77,0.952697580639957,0.11920292675495148,0.9730249983547528,0.7477457523345947,0.698660028689562,0.5610541105270386,0.27478936314582825,0.5150851011276245,0.12487107022191596,0.1814098209142685,0.17282427335567366,0.1353172032309673,0.17282427335567366,0.16752459108829498,1.7758800983428955,1.6083555072546005,915,3521,0.12869401276111603,1,2.1606128215789795,1.7758800983428955,0.09205964207649231,664,0.007913898676633835,0.8043637871742249,0.0,0.0,1.9710906744003296,0.85,0.003000000026077032,2.8443267345428467,0.3728364408016205,0,,0,-1.7758800983428955,1.0,0,0.000476348795928061,0.9526975750923157,phase1_class1
56,195.17,0.8208428439680637,0.11920292675495148,0.9793670342618795,0.7484220266342163,0.7032137934914072,0.5425248742103577,0.23561643064022064,0.512174665927887,0.10955965999475434,0.1814098209142685,0.1318826152185191,0.11113730695194468,0.1318826152185191,0.11849968880414963,1.9961704015731812,1.8776707127690315,915,3521,0.15980763733386993,1,2.1606128215789795,1.9961704015731812,0.07331221550703049,664,0.007246785797178745,0.8357755541801453,0.0,0.0,2.046875238418579,0.85,0.0035000001080334187,2.865692615509033,0.39326560497283936,0,,0,-1.9961704015731812,1.0,0,0.0004104214604012668,0.8208428621292114,phase1_class1
57,198.52,0.8549566018863292,0.11920292675495148,0.9817557763842795,0.7497745752334595,0.704928979270385,0.5399062633514404,0.2291666716337204,0.5077179670333862,0.09561801711200402,0.1814098209142685,0.12471782504451703,0.10025768976721287,0.12471782504451703,0.13213787972927094,1.9697681665420532,1.8376302868127823,915,3521,0.154872328042984,1,2.1606128215789795,1.9697681665420532,0.07176480442285538,664,0.010312432423233986,0.8798984885215759,0.0,0.0,2.032473564147949,0.85,0.0,2.8667449951171875,0.42193400859832764,0,,0,-1.9697681665420532,1.0,0,0.00042747834231704473,0.8549566268920898,phase1_class1
58,201.9,0.8687005365012936,0.11920292675495148,0.975823093628663,0.7488728761672974,0.7006691418445701,0.5554670095443726,0.2622516453266144,0.5149047374725342,0.10723729442238063,0.1814098209142685,0.15849469300766955,0.1196759456762156,0.15849469300766955,0.1392667442560196,1.9513102769851685,1.8120435327291489,915,3521,0.16629666090011597,1,2.1606128215789795,1.9513102769851685,0.06576036661863327,664,0.0063489507883787155,0.8466376662254333,0.0,0.0,2.081098794937134,0.85,0.0,2.8553273677825928,0.4003145098686218,0,,0,-1.9513102769851685,1.0,0,0.00043435030966065824,0.8687005639076233,phase1_class1
59,205.25,0.8527969269426466,0.11920292675495148,0.9748997966161185,0.7569882869720459,0.7000061879447586,0.5526691675186157,0.25034770369529724,0.5087573528289795,0.10744215425635104,0.1814098209142685,0.15479311843636517,0.11827706236283667,0.15479311843636517,0.13235339522361755,1.9662470817565918,1.8338936865329742,915,3521,0.1607906073331833,1,2.1606128215789795,1.9662470817565918,0.07862814515829086,664,0.008253945037722588,0.8665039539337158,0.0,0.0,2.0322301387786865,0.85,0.0010000000474974513,2.8502988815307617,0.4132275879383087,0,,0,-1.9662470817565918,1.0,0,0.0004263984737917781,0.8527969121932983,phase1_class1
60,208.61,0.7981250500422443,0.11920292675495148,0.9846776569174024,0.7567628622055054,0.7070269738137429,0.5394943356513977,0.22318215668201447,0.5045199394226074,0.09352565326231525,0.1814098209142685,0.12920458210064356,0.10076581306290039,0.12920458210064356,0.11603251099586487,2.0152575969696045,1.8992250859737396,915,3521,0.15895536541938782,1,2.1606128215789795,2.0152575969696045,0.07566788792610168,664,0.010470530018210411,0.8445104360580444,0.0,0.0,2.022839307785034,0.85,0.0,2.8886868953704834,0.3989317715167999,0,,0,-2.0152575969696045,1.0,0,0.0003990625264123082,0.7981250286102295,phase1_class1
61,211.97,0.9139556538047372,0.11920292675495148,0.9836858079416863,0.7567628622055054,0.7063147976260794,0.563666582107544,0.2734006643295288,0.5075197219848633,0.12079063480165067,0.1814098209142685,0.17833457186522902,0.13476477020934408,0.17833457186522902,0.13301697373390198,1.9032979011535645,1.7702809274196625,915,3521,0.17029955983161926,1,2.1606128215789795,1.9032979011535645,0.07635267823934555,664,0.010893947444856167,0.8469221591949463,0.0,0.0,2.0001168251037598,0.85,0.0,2.887831687927246,0.4004994034767151,0,,0,-1.9032979011535645,1.0,0,0.0004569778684526682,0.9139556884765625,phase1_class1
62,215.32,0.9014916628072234,0.11920292675495148,0.9829356536018377,0.7515780329704285,0.705776165161871,0.5579244494438171,0.2653333246707916,0.5112752914428711,0.1181662561710145,0.1814098209142685,0.15951823446109842,0.12592941780271194,0.15951823446109842,0.13255679607391357,1.9201992750167847,1.787642478942871,915,3521,0.1660369634628296,1,2.1606128215789795,1.9201992750167847,0.08891861140727997,664,0.009414039552211761,0.8321496844291687,0.0,0.0,1.966648817062378,0.85,0.0,2.8581700325012207,0.39089736342430115,0,,0,-1.9201992750167847,1.0,0,0.00045074583613313735,0.901491641998291,phase1_class1
63,218.68,0.8831987614755696,0.11920292675495148,0.9734739157821505,0.742560863494873,0.6989823643574382,0.564604640007019,0.2862499952316284,0.5180299282073975,0.14932109140628516,0.1814098209142685,0.19022447806396434,0.1566211314564283,0.19022447806396434,0.13274802267551422,1.9325439929962158,1.7997959703207016,915,3521,0.17915725708007812,1,2.1606128215789795,1.9325439929962158,0.11148936301469803,664,0.008624406531453133,0.8341917991638184,0.0,0.0,1.8433853387832642,0.85,0.020500000566244125,2.892120361328125,0.39297500252723694,0,,0,-1.9325439929962158,1.0,0,0.0004415994044393301,0.8831987380981445,phase1_class1
64,222.04,0.8813424646873733,0.11920292675495148,0.9739949107022541,0.7490983009338379,0.6993564537451129,0.565185010433197,0.2823984622955322,0.5156955718994141,0.13265077761378644,0.1814098209142685,0.19471123512009086,0.14882832031927398,0.19471123512009086,0.1344188153743744,1.9353537559509277,1.8009349405765533,915,3521,0.17001642286777496,1,2.1606128215789795,1.9353537559509277,0.07417125999927521,664,0.009223991073668003,0.8354204297065735,0.0,0.0,2.036696434020996,0.85,0.0005000000237487257,2.9037728309631348,0.3930233120918274,0,,0,-1.9353537559509277,1.0,0,0.0004406712541822344,0.8813424706459045,phase1_class1
65,225.4,0.9122685879968067,0.11920292675495148,0.9809345238654847,0.7470694184303284,0.7043392962619189,0.565412163734436,0.2844387888908386,0.5140897035598755,0.13885585782727522,0.1814098209142685,0.1988054009338063,0.15422079978120423,0.1988054009338063,0.1353401243686676,1.9019447565078735,1.766604632139206,915,3521,0.16811099648475647,1,2.1606128215789795,1.9019447565078735,0.08647982031106949,664,0.01088841911405325,0.8342320322990417,0.0,0.0,1.958754539489746,0.85,0.01900000125169754,2.894763708114624,0.39235392212867737,0,,0,-1.9019447565078735,1.0,0,0.0004561343230307102,0.9122685790061951,phase1_class1
66,228.78,0.9019815385268026,0.11920292675495148,0.9793245320447131,0.7470694184303284,0.703183275672939,0.5494225025177002,0.2510012984275818,0.5131019353866577,0.11759823572227834,0.1814098209142685,0.1482592784733809,0.12206880773338147,0.1482592784733809,0.13869331777095795,1.9149783849716187,1.7762850672006607,915,3521,0.15586045384407043,1,2.1606128215789795,1.9149783849716187,0.11116982996463776,664,0.00918343011289835,0.8248381614685059,0.0,0.0,1.893981695175171,0.85,0.002500000176951289,2.877472162246704,0.3861447870731354,0,,0,-1.9149783849716187,1.0,0,0.0004509908030740917,0.9019815921783447,phase1_class1
67,232.14,0.921050126208881,0.11920292675495148,0.9645774378645006,0.749549150466919,0.6925944364751216,0.5677212476730347,0.2873637080192566,0.5175309777259827,0.12390760821487933,0.1814098209142685,0.1556624276159897,0.1259417136660746,0.1556624276159897,0.1625097692012787,1.8554002046585083,1.6928904354572296,915,3521,0.13705527782440186,1,2.1606128215789795,1.8554002046585083,0.11129976063966751,664,0.00858090166002512,0.8704987168312073,0.0,0.0,1.9037491083145142,0.85,0.0,2.839341640472412,0.41582411527633667,0,,0,-1.8554002046585083,1.0,0,0.00046052513062022626,0.9210501909255981,phase1_class1
68,235.5,0.9258297794411584,0.11920292675495148,0.9800925098949861,0.7470694184303284,0.7037347059319887,0.562778890132904,0.27892032265663147,0.5130829811096191,0.13407082873562684,0.1814098209142685,0.17794198062281796,0.1426098443426912,0.17794198062281796,0.1361049860715866,1.8769276142120361,1.7408226281404495,915,3521,0.16839522123336792,1,2.1606128215789795,1.8769276142120361,0.0736343264579773,664,0.008383597247302532,0.8555805087089539,0.0,0.0,2.0252647399902344,0.85,0.0,2.8720884323120117,0.40612733364105225,0,,0,-1.8769276142120361,1.0,0,0.0004629149043466896,0.9258297681808472,phase1_class1
69,238.86,0.8413584717108268,0.11920292675495148,0.974812050103259,0.7509016990661621,0.6999431834163081,0.5507313013076782,0.2508474886417389,0.5117417573928833,0.11795053255796989,0.1814098209142685,0.15991082570350948,0.12712522417250946,0.15991082570350948,0.1270807534456253,1.9764864444732666,1.8494056910276413,915,3521,0.1804174929857254,1,2.1606128215789795,1.9764864444732666,0.08943717181682587,664,0.00850156880915165,0.7655665874481201,0.0,0.0,1.9477447271347046,0.85,0.06050000339746475,2.87347674369812,0.3489212691783905,0,,0,-1.9764864444732666,1.0,0,0.00042067922186106443,0.8413584232330322,phase1_class1
70,242.23,0.8861077107681805,0.11920292675495148,0.9797176285878139,0.7412083148956299,0.7034655303349928,0.5677703619003296,0.2939729392528534,0.5174822807312012,0.1594591700383181,0.1814098209142685,0.21518206418866814,0.17303494371536216,0.21518206418866814,0.1302148997783661,1.9358426332473755,1.8056277334690094,915,3521,0.18529534339904785,1,2.1606128215789795,1.9358426332473755,0.11048227548599243,664,0.009012549184262753,0.802394449710846,0.0,0.0,1.8739838600158691,0.85,0.00800000037997961,2.873033285140991,0.3715564012527466,0,,0,-1.9358426332473755,1.0,0,0.0004430538974702358,0.8861077427864075,phase1_class1
71,245.59,0.7477350121849888,0.11920292675495148,0.9713249096680988,0.7481966018676758,0.697439315950834,0.5516689419746399,0.2548365592956543,0.5210217237472534,0.11925915234587789,0.1814098209142685,0.16605207442408268,0.13057212394772608,0.16605207442408268,0.1308615505695343,2.039889335632324,1.90902778506279,915,3521,0.1725798100233078,1,2.1606128215789795,2.039889335632324,0.11120232194662094,664,0.007418562192469835,0.772101640701294,0.0,0.0,1.883676290512085,0.85,0.014000000432133675,2.8590664863586426,0.3523901104927063,0,,0,-2.039889335632324,1.0,0,0.0003738675150088966,0.7477350234985352,phase1_class1
72,248.95,0.8275954376387269,0.11920292675495148,0.9778639835036558,0.7524797320365906,0.7021345596714765,0.5557442307472229,0.2601078152656555,0.5107849836349487,0.11912971817805112,0.1814098209142685,0.16809915733094039,0.1306255657581964,0.16809915733094039,0.13628114759922028,1.9900027513504028,1.8537216037511826,915,3521,0.16659478843212128,1,2.1606128215789795,1.9900027513504028,0.084733746945858,664,0.009933479130268097,0.8134106993675232,0.0,0.0,1.9754689931869507,0.85,0.002500000176951289,2.856198310852051,0.37871700525283813,0,,0,-1.9900027513504028,1.0,0,0.00041379776666872203,0.8275954723358154,phase1_class1
73,252.3,0.9019331598369297,0.11920292675495148,0.9720112127508219,0.7459422945976257,0.697932101369786,0.5519286394119263,0.2570863664150238,0.5183782577514648,0.12437133638450329,0.1814098209142685,0.15542406864738295,0.12880005849495188,0.15542406864738295,0.13707660138607025,1.905119776725769,1.7680431753396988,915,3521,0.16184177994728088,1,2.1606128215789795,1.905119776725769,0.09966891258955002,664,0.008154535666108131,0.8342850804328918,0.0,0.0,1.905104637145996,0.85,0.0005000000237487257,2.8816165924072266,0.3922852873802185,0,,0,-1.905119776725769,1.0,0,0.00045096661779098213,0.9019331932067871,phase1_class1
74,255.66,0.7433761561292646,0.11920292675495148,0.9728314859558571,0.7427862882614136,0.6985210812027114,0.5505821704864502,0.2566775381565094,0.519771933555603,0.13086042682236013,0.1814098209142685,0.17219332314465585,0.14032933983163864,0.17219332314465585,0.11795895546674728,2.0430634021759033,1.925104446709156,915,3521,0.17881479859352112,1,2.1606128215789795,2.0430634021759033,0.0977587103843689,664,0.00673500495031476,0.8125691413879395,0.0,0.0,1.9496878385543823,0.85,0.0,2.8360018730163574,0.3781699538230896,0,,0,-2.0430634021759033,1.0,0,0.0003716880746651441,0.7433761358261108,phase1_class1
75,259.04,0.8786684772657873,0.11920292675495148,0.9694399265436334,0.7513526082038879,0.6960858436700137,0.5435739755630493,0.23562026023864746,0.5134210586547852,0.10748529897895996,0.1814098209142685,0.14455770390207653,0.11531710319470787,0.14455770390207653,0.13082709908485413,1.933606505393982,1.8027794063091278,915,3521,0.15022817254066467,1,2.1606128215789795,1.933606505393982,0.10037536919116974,664,0.014869780279695988,0.8421505689620972,0.0,0.0,1.901200294494629,0.85,0.0,2.8880906105041504,0.39739787578582764,0,,0,-1.933606505393982,1.0,0,0.00043933422421105206,0.8786684274673462,phase1_class1
76,262.41,0.8612763686739553,0.11920292675495148,0.9851876835233984,0.7538322806358337,0.7073931876353612,0.5610028505325317,0.2700534760951996,0.5061582326889038,0.11840712167277366,0.1814098209142685,0.17731103041180019,0.1334500296145408,0.17731103041180019,0.12323252111673355,1.96672785282135,1.8434953317046165,915,3521,0.16700029373168945,1,2.1606128215789795,1.96672785282135,0.08384306728839874,664,0.009028514847159386,0.8602317571640015,0.0,0.0,1.9546716213226318,0.85,0.005500000435858965,2.8945138454437256,0.4091506600379944,0,,0,-1.96672785282135,1.0,0,0.00043063817429356277,0.8612763285636902,phase1_class1
77,265.77,0.775048467200889,0.11920292675495148,0.9778154095411797,0.7542831301689148,0.7020996821646556,0.5366988778114319,0.21919772028923035,0.5072206854820251,0.09551372483289179,0.1814098209142685,0.12715749919378586,0.10151113953399984,0.12715749919378586,0.11535411328077316,2.0265259742736816,1.9111718609929085,915,3521,0.15160410106182098,1,2.1606128215789795,2.0265259742736816,0.08231085538864136,664,0.009812460280954838,0.8439836502075195,0.0,0.0,1.9816592931747437,0.85,0.0,2.8861300945281982,0.3985893726348877,0,,0,-2.0265259742736816,1.0,0,0.0003875242546200752,0.7750484943389893,phase1_class1
78,269.14,0.8614610567248633,0.11920292675495148,0.9794179585773783,0.7490983009338379,0.7032503586195258,0.565626323223114,0.28332260251045227,0.5122570991516113,0.13046498526405967,0.1814098209142685,0.18101260498310456,0.14138518102275233,0.18101260498310456,0.13858982920646667,1.9617817401885986,1.823191910982132,915,3521,0.16883842647075653,1,2.1606128215789795,1.9617817401885986,0.06097166985273361,664,0.006618164014071226,0.8289147615432739,0.0,0.0,2.1118600368499756,0.85,0.009000000543892384,2.8803980350494385,0.3888067901134491,0,,0,-1.9617817401885986,1.0,0,0.00043073054985143244,0.8614610433578491,phase1_class1
79,272.5,0.8421603374832014,0.11920292675495148,0.9787657356134891,0.75,0.7027820437093916,0.5416030287742615,0.23252595961093903,0.509251058101654,0.10943022582692757,0.1814098209142685,0.15723279258563397,0.12244081105849916,0.15723279258563397,0.12101180851459503,1.9787254333496094,1.8577136248350143,915,3521,0.16314779222011566,1,2.1606128215789795,1.9787254333496094,0.09603853523731232,664,0.010143723338842392,0.8994226455688477,0.0,0.0,1.9296948909759521,0.85,0.0,2.871460199356079,0.43462470173835754,0,,0,-1.9787254333496094,1.0,0,0.0004210801562294364,0.8421602845191956,phase1_class1
80,275.86,0.907142046987041,0.11920292675495148,0.986068282456025,0.7511271238327026,0.7080254830815965,0.5408492088317871,0.2301255315542221,0.5071945786476135,0.09116014296733262,0.1814098209142685,0.09527348186368673,0.08435627289377885,0.09527348186368673,0.13709576427936554,1.9164342880249023,1.7793385237455368,915,3521,0.13883110880851746,1,2.1606128215789795,1.9164342880249023,0.09163403511047363,664,0.008476916700601578,0.8866555690765381,0.0,0.0,1.9466379880905151,0.85,0.0,2.873788356781006,0.42632612586021423,0,,0,-1.9164342880249023,1.0,0,0.00045357103226706386,0.9071420431137085,phase1_class1
81,279.21,0.8138270427625961,0.11920292675495148,0.9802680029207054,0.7493237257003784,0.7038607149888898,0.556265115737915,0.2635761499404907,0.5161103010177612,0.1154987328177694,0.1814098209142685,0.14479606287068325,0.11816264548694085,0.14479606287068325,0.12838135659694672,2.0019021034240723,1.8735207468271255,915,3521,0.15586329996585846,1,2.1606128215789795,2.0019021034240723,0.0837351456284523,664,0.008585268631577492,0.8224477767944336,0.0,0.0,2.0021979808807373,0.85,0.010500000789761543,2.8623692989349365,0.38459107279777527,0,,0,-2.0019021034240723,1.0,0,0.00040691354661248624,0.8138270378112793,phase1_class1
82,282.56,0.8871376502627865,0.11920292675495148,0.9774366109789691,0.7509016990661621,0.7018276938654966,0.5583605766296387,0.2667551636695862,0.5105350613594055,0.1270388597377484,0.1814098209142685,0.17628748895837132,0.13845820988799068,0.17628748895837132,0.12573309242725372,1.9321253299713135,1.8063922375440598,915,3521,0.17275652289390564,1,2.1606128215789795,1.9321253299713135,0.07647981494665146,664,0.006203220225870609,0.8563421368598938,0.0,0.0,2.0071351528167725,0.85,0.0,2.889035701751709,0.40662238001823425,0,,0,-1.9321253299713135,1.0,0,0.00044356886064633727,0.8871376514434814,phase1_class1
83,285.9,0.9173862052530559,0.11920292675495148,0.9812032475611172,0.75,0.7045322476302985,0.5495937466621399,0.24915370345115662,0.5069347620010376,0.11576474020824312,0.1814098209142685,0.1588872842500806,0.12562234587024118,0.1588872842500806,0.1369631439447403,1.8940619230270386,1.7570987790822983,915,3521,0.15365591645240784,1,2.1606128215789795,1.8940619230270386,0.1073606014251709,664,0.009761992841959,0.8759047985076904,0.0,0.0,1.890923261642456,0.85,0.0,2.8679230213165283,0.4193381667137146,0,,0,-1.8940619230270386,1.0,0,0.0004586931027006358,0.9173861742019653,phase1_class1
84,289.28,0.938300564378707,0.11920292675495148,0.9696710445908975,0.749549150466919,0.6962517930976289,0.5596708655357361,0.2705187201499939,0.514847457408905,0.1274523041299432,0.1814098209142685,0.16668302463510046,0.13423719719482657,0.16668302463510046,0.15243014693260193,1.8207924365997314,1.6683622896671295,915,3521,0.16311591863632202,1,2.1606128215789795,1.8207924365997314,0.07046741992235184,664,0.011196685954928398,0.8549950122833252,0.0,0.0,2.0329625606536865,0.85,0.0010000000474974513,2.8858184814453125,0.40574678778648376,0,,0,-1.8207924365997314,1.0,0,0.00046915028360672295,0.9383005499839783,phase1_class1
85,292.63,0.9407205377332515,0.11920292675495148,0.9725196724548028,0.7445897459983826,0.6982971901105393,0.578816294670105,0.3145795464515686,0.5234358310699463,0.15198147570471007,0.1814098209142685,0.1925099199394288,0.15655519600550818,0.1925099199394288,0.14891336858272552,1.821892261505127,1.6729788929224014,915,3521,0.15998388826847076,1,2.1606128215789795,1.821892261505127,0.1155177652835846,664,0.009740537032485008,0.8306707143783569,0.0,0.0,1.8567529916763306,0.85,0.00800000037997961,2.8660385608673096,0.3902444541454315,0,,0,-1.821892261505127,1.0,0,0.0004703603044617921,0.9407205581665039,phase1_class1
86,296.0,0.8727697936548028,0.11920292675495148,0.9797771708643971,0.75225430727005,0.7035082834078699,0.5467462539672852,0.2415459007024765,0.5076241493225098,0.11056626672439988,0.1814098209142685,0.14967541116922084,0.11886286281731481,0.14967541116922084,0.130470871925354,1.9507354497909546,1.8202645778656006,915,3521,0.16505096852779388,1,2.1606128215789795,1.9507354497909546,0.08887750655412674,664,0.009564351290464401,0.8807885050773621,0.0,0.0,1.9553769826889038,0.85,0.0005000000237487257,2.8725430965423584,0.4225125312805176,0,,0,-1.9507354497909546,1.0,0,0.00043638492934405804,0.872769832611084,phase1_class1
87,299.35,0.8147525056787035,0.11920292675495148,0.9755813989927954,0.7502254247665405,0.700495598121115,0.5516982078552246,0.2533692717552185,0.5122491121292114,0.1163759053795882,0.1814098209142685,0.1482592784733809,0.12089796562340074,0.1482592784733809,0.1256900280714035,1.9983584880828857,1.8726684600114822,915,3521,0.16453005373477936,1,2.1606128215789795,1.9983584880828857,0.08381330966949463,664,0.006880017928779125,0.8035272359848022,0.0,0.0,1.980450987815857,0.85,0.02200000174343586,2.896660089492798,0.37280604243278503,0,,0,-1.9983584880828857,1.0,0,0.0004073762393090874,0.814752459526062,phase1_class1
88,302.71,0.9072959547278654,0.11920292675495148,0.9707520111187368,0.75225430727005,0.6970279582594999,0.5462420582771301,0.24049757421016693,0.5113265514373779,0.10862133987643227,0.1814098209142685,0.14865186971579197,0.1173641861015656,0.14865186971579197,0.135552316904068,1.8946006298065186,1.7590483129024506,915,3521,0.16057255864143372,1,2.1606128215789795,1.8946006298065186,0.10384797304868698,664,0.01111890934407711,0.8534964919090271,0.0,0.0,1.8869273662567139,0.85,0.0,2.867859125137329,0.40477272868156433,0,,0,-1.8946006298065186,1.0,0,0.00045364798279479146,0.9072959423065186,phase1_class1
89,306.07,0.7450072528972248,0.11920292675495148,0.9799698998122851,0.7565374374389648,0.7036466683542879,0.5349676609039307,0.21397380530834198,0.5074673891067505,0.09064240629602557,0.1814098209142685,0.13573842206362782,0.10265694688087051,0.13573842206362782,0.1206478700041771,2.0452160835266113,1.9245682135224342,915,3521,0.15850813686847687,1,2.1606128215789795,2.0452160835266113,0.08137855678796768,664,0.010001313872635365,0.8008951544761658,0.0,0.0,2.004720687866211,0.85,0.012000000104308128,2.8876287937164307,0.3705858886241913,0,,0,-2.0452160835266113,1.0,0,0.00037250365130603313,0.7450072765350342,phase1_class1
90,309.43,0.9175006265616877,0.11920292675495148,0.9757423981748724,0.7434625625610352,0.7006112001800129,0.5686476826667786,0.2940446734428406,0.5143471956253052,0.1568599332963965,0.1814098209142685,0.22785715287222558,0.17701399749110314,0.22785715287222558,0.1383589506149292,1.8849077224731445,1.7465487718582153,915,3521,0.18369363248348236,1,2.1606128215789795,1.8849077224731445,0.09680633991956711,664,0.01094113290309906,0.8679760098457336,0.0,0.0,1.9350782632827759,0.85,0.0005000000237487257,2.8865737915039062,0.41418442130088806,0,,0,-1.8849077224731445,1.0,0,0.00045875032083131373,0.9175006151199341,phase1_class1
91,312.79,0.7901393185617543,0.11920292675495148,0.9766946828747012,0.7513526082038879,0.7012949680758305,0.5520305633544922,0.2532159686088562,0.5107879638671875,0.10750330181285433,0.1814098209142685,0.13251356542953688,0.10868440338433327,0.13251356542953688,0.12415356934070587,2.0162646770477295,1.8921111077070236,915,3521,0.1571756899356842,1,2.1606128215789795,2.0162646770477295,0.0929177924990654,664,0.0073277708142995834,0.8387717008590698,0.0,0.0,1.9419184923171997,0.85,0.004500000271946192,2.8703339099884033,0.3952016234397888,0,,0,-2.0162646770477295,1.0,0,0.00039506968460045755,0.7901393175125122,phase1_class1
92,316.15,0.5819977073677749,0.11920292675495148,0.9737144352415066,0.7513526082038879,0.6991550642702444,0.5368202924728394,0.2215949147939682,0.513581395149231,0.10423175234308435,0.1814098209142685,0.16069600818833163,0.1216215889998262,0.16069600818833163,0.1083429679274559,2.1210200786590576,2.0126771107316017,915,3521,0.1591261923313141,1,2.1606128215789795,2.1210200786590576,0.09015167504549026,664,0.008767211809754372,0.8683094382286072,0.0,0.0,1.9622794389724731,0.85,0.0,2.8822054862976074,0.4144011437892914,0,,0,-2.1210200786590576,1.0,0,0.00029099886887706816,0.5819976925849915,phase1_class1
93,319.66,0.9430871374974945,0.11920292675495148,0.9656202111557156,0.7459422945976257,0.6933431777909037,0.5315472483634949,0.21463413536548615,0.5154210329055786,0.07216746360246018,0.1814098209142685,0.06929235428555405,0.06344945325983883,0.06929235428555405,0.16642943024635315,1.7871954441070557,1.6207660138607025,915,3521,0.12246052920818329,1,2.1606128215789795,1.7871954441070557,0.08832072466611862,664,0.009596826508641243,0.8321413993835449,0.0,0.0,1.967366099357605,0.85,0.004000000189989805,2.8691132068634033,0.390891969203949,0,,0,-1.7871954441070557,1.0,0,0.000471543608000502,0.9430871605873108,phase1_class1
94,323.0,0.7532210677327857,0.11920292675495148,0.9800654808352216,0.750450849533081,0.7037152982870645,0.5474576950073242,0.24436859786510468,0.5133468508720398,0.10134136632197448,0.1814098209142685,0.13904740539252114,0.10879406451821788,0.13904740539252114,0.1232488676905632,2.0406033992767334,1.9173545315861702,915,3521,0.16054204106330872,1,2.1606128215789795,2.0406033992767334,0.10214552283287048,664,0.007485902868211269,0.8619319200515747,0.0,0.0,1.9007844924926758,0.85,0.0,2.847395420074463,0.4102557599544525,0,,0,-2.0406033992767334,1.0,0,0.0003766105219256133,0.7532210350036621,phase1_class1
95,326.35,0.8324322056564071,0.11920292675495148,0.9847148708402668,0.7533814311027527,0.707053694484291,0.5525270700454712,0.2527322471141815,0.5066418647766113,0.11207260729145813,0.1814098209142685,0.15991082570350948,0.12338254426991158,0.15991082570350948,0.11868666857481003,1.9907515048980713,1.8720648363232613,915,3521,0.168427973985672,1,2.1606128215789795,1.9907515048980713,0.08516455441713333,664,0.008450206369161606,0.846253514289856,0.0,0.0,1.9851468801498413,0.85,0.0,2.8883941173553467,0.40006476640701294,0,,0,-1.9907515048980713,1.0,0,0.00041621612035669386,0.832432210445404,phase1_class1
96,329.7,0.8341964857647056,0.11920292675495148,0.9716053851288462,0.749549150466919,0.6976407054257023,0.5468144416809082,0.2437032014131546,0.513506293296814,0.11486956481252997,0.1814098209142685,0.1537695769829363,0.12326423470369122,0.1537695769829363,0.12526430189609528,1.980262041091919,1.8549977391958237,915,3521,0.15230418741703033,1,2.1606128215789795,1.980262041091919,0.07998811453580856,664,0.007858297787606716,0.8810461759567261,0.0,0.0,1.9718610048294067,0.85,0.0,2.881260395050049,0.4226800203323364,0,,0,-1.980262041091919,1.0,0,0.00041709825745783746,0.8341964483261108,phase1_class1
97,333.05,0.7919784218367927,0.11920292675495148,0.979166470803915,0.7549594640731812,0.7030697831406634,0.5506964921951294,0.24775084853172302,0.5076815485954285,0.10667641302846466,0.1814098209142685,0.1537695769829363,0.1177568884630841,0.1537695769829363,0.12143503129482269,2.0163707733154297,1.894935742020607,915,3521,0.16702626645565033,1,2.1606128215789795,2.0163707733154297,0.10255676507949829,664,0.00973370298743248,0.885218620300293,0.0,0.0,1.8946651220321655,0.85,0.001500000013038516,2.8471200466156006,0.42539212107658386,0,,0,-2.0163707733154297,1.0,0,0.0003959892492275685,0.7919784784317017,phase1_class1
98,336.41,0.7891895965418444,0.11920292675495148,0.9767405147586501,0.7481966018676758,0.7013278766911372,0.541862964630127,0.23440714180469513,0.5091766119003296,0.11340636896808066,0.1814098209142685,0.1455812453555054,0.11956735223750112,0.1455812453555054,0.11894772946834564,2.0169172286987305,1.8979694992303848,915,3521,0.16788454353809357,1,2.1606128215789795,2.0169172286987305,0.1017247661948204,664,0.010040506720542908,0.894586980342865,0.0,0.0,1.9040379524230957,0.85,0.0,2.875375509262085,0.4314815104007721,0,,0,-2.0169172286987305,1.0,0,0.000394594797398895,0.7891895771026611,phase1_class1
99,339.76,0.7828200675219681,0.11920292675495148,0.9689669179977499,0.7506762742996216,0.6957462098838354,0.5282475352287292,0.20431654155254364,0.5150021910667419,0.08967894428898893,0.1814098209142685,0.13062071479648352,0.1010639913037378,0.13062071479648352,0.12423981726169586,2.0169761180877686,1.8927363008260727,915,3521,0.14793162047863007,1,2.1606128215789795,2.0169761180877686,0.09833595901727676,664,0.00937076099216938,0.8807569742202759,0.0,0.0,1.9010674953460693,0.85,0.002500000176951289,2.874603033065796,0.4224920868873596,0,,0,-2.0169761180877686,1.0,0,0.000391410052543506,0.7828200459480286,phase1_class1
100,343.11,0.9478648205631818,0.11920292675495148,0.984432828477504,0.7457168698310852,0.7068511799285574,0.5699422359466553,0.29499998688697815,0.5126470923423767,0.15069799780551663,0.1814098209142685,0.21211143982838154,0.1661888261751149,0.21211143982838154,0.1454474925994873,1.8351088762283325,1.6896613836288452,915,3521,0.17736484110355377,1,2.1606128215789795,1.8351088762283325,0.10971254855394363,664,0.00804020557552576,0.842961847782135,0.0,0.0,1.8612858057022095,0.85,0.002500000176951289,2.87337589263916,0.3979252278804779,0,,0,-1.8351088762283325,1.0,0,0.0004739324504043907,0.947864830493927,phase1_class1
101,346.47,0.9214942145728565,0.11920292675495148,0.986429257507811,0.7558611631393433,0.708284673585914,0.5676096677780151,0.28230613470077515,0.506811797618866,0.11796853539186426,0.1814098209142685,0.15912564321868736,0.12396005267045902,0.15912564321868736,0.13725489377975464,1.8953518867492676,1.758096992969513,915,3521,0.1543630212545395,1,2.1606128215789795,1.8953518867492676,0.09042578190565109,664,0.006729976274073124,0.8390443921089172,0.0,0.0,1.9650132656097412,0.85,0.0010000000474974513,2.8735299110412598,0.39537885785102844,0,,0,-1.8953518867492676,1.0,0,0.00046074710553511977,0.92149418592453,phase1_class1
102,349.84,0.6843719248614704,0.11920292675495148,0.9741331898051089,0.75225430727005,0.6994557421314658,0.5230934023857117,0.19250550866127014,0.5108156204223633,0.08419646058077764,0.1814098209142685,0.11936175880876601,0.09347750767788575,0.11936175880876601,0.11173127591609955,2.0746684074401855,1.962937131524086,915,3521,0.14561276137828827,1,2.1606128215789795,2.0746684074401855,0.08256160467863083,664,0.011486092582345009,0.8847531676292419,0.0,0.0,1.9754174947738647,0.85,0.0,2.891786575317383,0.425089567899704,0,,0,-2.0746684074401855,1.0,0,0.00034218595828861,0.6843718886375427,phase1_class1
103,353.21,0.9185594579523398,0.11920292675495148,0.9803134430791505,0.7506762742996216,0.7038933423339803,0.5641434788703918,0.2790091335773468,0.5087819695472717,0.1291995101987606,0.1814098209142685,0.18959352785294653,0.14470134122819572,0.18959352785294653,0.14121808111667633,1.8906480073928833,1.749429926276207,915,3521,0.16843806207180023,1,2.1606128215789795,1.8906480073928833,0.09605764597654343,664,0.010772115550935268,0.8714373707771301,0.0,0.0,1.9077730178833008,0.85,0.0005000000237487257,2.893538236618042,0.41643431782722473,0,,0,-1.8906480073928833,1.0,0,0.00045927974861115217,0.9185594320297241,phase1_class1
104,356.57,0.8200130840611317,0.11920292675495148,0.9774464041165651,0.7475203275680542,0.7018347256209041,0.5341949462890625,0.21896791458129883,0.5093109607696533,0.10492920695964726,0.1814098209142685,0.14597383659791646,0.11602096795610878,0.14597383659791646,0.11954504251480103,1.995581030845642,1.876035988330841,915,3521,0.15854211151599884,1,2.1606128215789795,1.995581030845642,0.10466231405735016,664,0.009138131514191628,0.8717625141143799,0.0,0.0,1.897891879081726,0.85,0.0,2.876075267791748,0.4166456162929535,0,,0,-1.995581030845642,1.0,0,0.0004100065852981061,0.8200131058692932,phase1_class1
105,359.94,0.9581444062608413,0.11920292675495148,0.9750633420139705,0.7481966018676758,0.7001236182600624,0.5604880452156067,0.27325960993766785,0.513241708278656,0.1272977280734019,0.1814098209142685,0.17077719044881592,0.13587859358112078,0.17077719044881592,0.1559874713420868,1.7569561004638672,1.6009686291217804,915,3521,0.14845550060272217,1,2.1606128215789795,1.7569561004638672,0.07579835504293442,664,0.011608581990003586,0.8744834661483765,0.0,0.0,2.008272647857666,0.85,0.0,2.880258321762085,0.4184142053127289,0,,0,-1.7569561004638672,1.0,0,0.0004790722450707108,0.9581444263458252,phase1_class1
106,363.36,0.9229403492471941,0.11920292675495148,0.9842434291963984,0.7520288825035095,0.7067151857789777,0.5696072578430176,0.2894057035446167,0.5077892541885376,0.13042184054145076,0.1814098209142685,0.1556624276159897,0.12931231974026153,0.1556624276159897,0.13673405349254608,1.889439344406128,1.7527052909135818,915,3521,0.16459248960018158,1,2.1606128215789795,1.889439344406128,0.10684193670749664,664,0.012845462188124657,0.8779985904693604,0.0,0.0,1.8745713233947754,0.85,0.0,2.8890128135681152,0.4206990897655487,0,,0,-1.889439344406128,1.0,0,0.0004614701902028173,0.9229403138160706,phase1_class1
107,366.73,0.812968799477781,0.11920292675495148,0.9764559261801122,0.7527051568031311,0.7011235338789975,0.5419535636901855,0.23125439882278442,0.5091985464096069,0.10294113538907072,0.1814098209142685,0.1394399966349322,0.11059629987560111,0.1394399966349322,0.1255740374326706,2.0002169609069824,1.8746429234743118,915,3521,0.1512034684419632,1,2.1606128215789795,2.0002169609069824,0.11639691889286041,664,0.009228126145899296,0.8560146689414978,0.0,0.0,1.8620409965515137,0.85,0.008500000461935997,2.8976335525512695,0.40641748905181885,0,,0,-2.0002169609069824,1.0,0,0.00040648443973623216,0.8129688501358032,phase1_class1
108,370.09,0.8822172145645382,0.11920292675495148,0.9757866631568061,0.7511271238327026,0.7006429837144544,0.5474439859390259,0.24383561313152313,0.509456217288971,0.11506728559168021,0.1814098209142685,0.1674682071199226,0.12933158783669085,0.1674682071199226,0.1280450075864792,1.9362393617630005,1.8081943541765213,915,3521,0.16360777616500854,1,2.1606128215789795,1.9362393617630005,0.09512002766132355,664,0.010929793119430542,0.8902240991592407,0.0,0.0,1.9261506795883179,0.85,0.0,2.8835461139678955,0.42864567041397095,0,,0,-1.9362393617630005,1.0,0,0.00044110859744250774,0.8822171688079834,phase1_class1
109,373.44,0.8613508008123356,0.11920292675495148,0.9710150547945635,0.7445897459983826,0.6972168312097432,0.5523480772972107,0.2589927911758423,0.51279616355896,0.13053327187538313,0.1814098209142685,0.17321686459808472,0.1402556895033627,0.17321686459808472,0.1276881843805313,1.9545049667358398,1.8268167823553085,915,3521,0.15977342426776886,1,2.1606128215789795,1.9545049667358398,0.10416403412818909,664,0.008625024929642677,0.8330200910568237,0.0,0.0,1.9266221523284912,0.85,0.0035000001080334187,2.8758902549743652,0.39146310091018677,0,,0,-1.9545049667358398,1.0,0,0.00043067539809271693,0.8613507747650146,phase1_class1
110,376.8,0.8957482234505237,0.11920292675495148,0.9856072215380084,0.7493237257003784,0.7076944280370152,0.5622302293777466,0.2760416865348816,0.5098856091499329,0.12976753064749674,0.1814098209142685,0.17282427335567366,0.13789324261010352,0.17282427335567366,0.12595605850219727,1.9306710958480835,1.8047150373458862,915,3521,0.17048029601573944,1,2.1606128215789795,1.9306710958480835,0.09721659123897552,664,0.00909639336168766,0.8765809535980225,0.0,0.0,1.9170684814453125,0.85,0.0,2.889119863510132,0.41977766156196594,0,,0,-1.9306710958480835,1.0,0,0.000447874132078141,0.8957481980323792,phase1_class1
111,380.2,0.8158355964370677,0.11920292675495148,0.9715601408331531,0.749549150466919,0.6976082187157202,0.5573628544807434,0.26569730043411255,0.5126811265945435,0.12874292108395685,0.1814098209142685,0.1910096605487865,0.1462081758576855,0.1910096605487865,0.1236937865614891,1.9950003623962402,1.8713065758347511,915,3521,0.17843857407569885,1,2.1606128215789795,1.9950003623962402,0.08586357533931732,664,0.009116282686591148,0.8899862766265869,0.0,0.0,1.9896243810653687,0.85,0.00800000037997961,2.8826284408569336,0.42852306365966797,0,,0,-1.9950003623962402,1.0,0,0.0004079178033862263,0.8158355951309204,phase1_class1
112,383.56,0.8596328435110053,0.11920292675495148,0.984890559728738,0.75225430727005,0.7071798441763002,0.5584240555763245,0.2658650577068329,0.5053732395172119,0.12144494469560467,0.1814098209142685,0.18896257764192875,0.1408523318601493,0.18896257764192875,0.12594440579414368,1.9679995775222778,1.8420551717281342,915,3521,0.17113855481147766,1,2.1606128215789795,1.9679995775222778,0.08080722391605377,664,0.008599494583904743,0.8805713057518005,0.0,0.0,1.990922451019287,0.85,0.0,2.9072721004486084,0.42237135767936707,0,,0,-1.9679995775222778,1.0,0,0.00042981645674444735,0.8596328496932983,phase1_class1
113,386.92,0.7885359794100933,0.11920292675495148,0.9851869000723907,0.757889986038208,0.7073926250949286,0.5477044582366943,0.2393767535686493,0.5044885277748108,0.10143479482201251,0.1814098209142685,0.15825633403906283,0.11706055695663833,0.15825633403906283,0.11911263316869736,2.021738052368164,1.9026254191994667,915,3521,0.16299793124198914,1,2.1606128215789795,2.021738052368164,0.07983283698558807,664,0.013161249458789825,0.913838267326355,0.0,0.0,1.9911423921585083,0.85,0.0,2.902759313583374,0.4439948499202728,0,,0,-2.021738052368164,1.0,0,0.00039426799048669636,0.7885359525680542,phase1_class1
114,390.28,0.9061489375059228,0.11920292675495148,0.9855927276943662,0.7513526082038879,0.7076840210390121,0.5605501532554626,0.27098479866981506,0.5074114799499512,0.11910457628933659,0.1814098209142685,0.13621514000084128,0.11565365673610536,0.13621514000084128,0.13484513759613037,1.9171974658966064,1.782352328300476,915,3521,0.1510738730430603,1,2.1606128215789795,1.9171974658966064,0.0983801782131195,664,0.010885574854910374,0.8699575662612915,0.0,0.0,1.9041404724121094,0.85,0.0,2.8718857765197754,0.4154724180698395,0,,0,-1.9171974658966064,1.0,0,0.00045307446271181107,0.9061489105224609,phase1_class1
115,393.62,0.5934168657739991,0.11920292675495148,0.9826348084148906,0.7551848888397217,0.7055601496357551,0.5340444445610046,0.2130434811115265,0.5051282048225403,0.09234646764223403,0.1814098209142685,0.13573842206362782,0.10383619216388938,0.13573842206362782,0.10747794806957245,2.1184370517730713,2.010959103703499,915,3521,0.16690410673618317,1,2.1606128215789795,2.1184370517730713,0.0920252576470375,664,0.010050186887383461,0.8849291205406189,0.0,0.0,1.9337551593780518,0.85,0.0,2.8914639949798584,0.42520394921302795,0,,0,-2.1184370517730713,1.0,0,0.0002967084583360702,0.5934168696403503,phase1_class1
116,396.99,0.7625276753575337,0.11920292675495148,0.9797148865092871,0.7565374374389648,0.7034635614434788,0.541483461856842,0.22746779024600983,0.5089927315711975,0.09195102608393355,0.1814098209142685,0.13329874791435903,0.10142450504667891,0.13329874791435903,0.12106410413980484,2.035024881362915,1.9139607772231102,915,3521,0.1507209837436676,1,2.1606128215789795,2.035024881362915,0.11257731914520264,664,0.008627870120108128,0.8669328093528748,0.0,0.0,1.8370647430419922,0.85,0.0,2.88492488861084,0.41350629925727844,0,,0,-2.035024881362915,1.0,0,0.0003812638751696795,0.7625277042388916,phase1_class1
117,400.34,0.9007143717413375,0.11920292675495148,0.9785169899185524,0.7506762742996216,0.7026034371220431,0.542076826095581,0.2330096960067749,0.5075026750564575,0.10307056955689749,0.1814098209142685,0.11306627781438847,0.09897756592283534,0.11306627781438847,0.12419263273477554,1.915711522102356,1.7915188893675804,915,3521,0.14715714752674103,1,2.1606128215789795,1.915711522102356,0.09009216725826263,664,0.009380538947880268,0.8616332411766052,0.0,0.0,1.9599783420562744,0.85,0.0,2.8784449100494385,0.4100615978240967,0,,0,-1.915711522102356,1.0,0,0.0004503572126850486,0.9007143974304199,phase1_class1
118,403.7,0.8311166305448491,0.11920292675495148,0.9813315376636237,0.7416591644287109,0.7046243636261356,0.5591994524002075,0.27560049295425415,0.5101742148399353,0.13043984337534512,0.1814098209142685,0.16424335048583166,0.13514149552705512,0.16424335048583166,0.1304386705160141,1.9895424842834473,1.8591038137674332,915,3521,0.17196308076381683,1,2.1606128215789795,1.9895424842834473,0.08332034945487976,664,0.010562475770711899,0.8673919439315796,0.0,0.0,1.980484962463379,0.85,0.007500000298023224,2.8843834400177,0.4138109087944031,0,,0,-1.9895424842834473,1.0,0,0.00041555831558071077,0.8311166167259216,phase1_class1
119,407.05,0.8964238098221693,0.11920292675495148,0.9880747004866797,0.7513526082038879,0.7094661491294686,0.5614705085754395,0.2729070484638214,0.5035940408706665,0.12987896198142915,0.1814098209142685,0.1824287376789445,0.14231499777028986,0.1824287376789445,0.1258668601512909,1.9325700998306274,1.8067032396793365,915,3521,0.18054883182048798,1,2.1606128215789795,1.9325700998306274,0.11843189597129822,664,0.011006424203515053,0.8394811153411865,0.0,0.0,1.8183923959732056,0.85,0.03450000286102295,2.896465301513672,0.3967238962650299,0,,0,-1.9325700998306274,1.0,0,0.0004482119402382523,0.8964238166809082,phase1_class1
120,410.43,0.8876236838952194,0.11920292675495148,0.9805355514398262,0.7540577054023743,0.7040528225466205,0.5578618049621582,0.26333558559417725,0.506456196308136,0.12103150030340984,0.1814098209142685,0.18486841182821329,0.13881785371284877,0.18486841182821329,0.12720553576946259,1.9349231719970703,1.8077176362276077,915,3521,0.1754644513130188,1,2.1606128215789795,1.9349231719970703,0.09267177432775497,664,0.008916867896914482,0.8747274875640869,0.0,0.0,1.9412498474121094,0.85,0.009000000543892384,2.8842859268188477,0.4186209440231323,0,,0,-1.9349231719970703,1.0,0,0.00044381184852682054,0.88762366771698,phase1_class1
121,413.81,0.8732832675588056,0.11920292675495148,0.9798049833751697,0.7470694184303284,0.7035282535932271,0.5405705571174622,0.23255813121795654,0.5069804787635803,0.10875077404425904,0.1814098209142685,0.14455770390207653,0.11668028459867268,0.14455770390207653,0.12730814516544342,1.9502216577529907,1.8229135125875473,915,3521,0.15255843102931976,1,2.1606128215789795,1.9502216577529907,0.0893528163433075,664,0.011092465370893478,0.8749758005142212,0.0,0.0,1.938525915145874,0.85,0.004500000271946192,2.900068521499634,0.41873428225517273,0,,0,-1.9502216577529907,1.0,0,0.0004366416542325169,0.8732832670211792,phase1_class1
122,417.18,0.9224146557579141,0.11920292675495148,0.983941996421196,0.7529305815696716,0.7064987483475376,0.5626498460769653,0.27417218685150146,0.5056834816932678,0.1278908904108526,0.1814098209142685,0.19715090926935966,0.14750993229344378,0.19715090926935966,0.13820680975914001,1.8898615837097168,1.7516547739505768,915,3521,0.17128098011016846,1,2.1606128215789795,1.8898615837097168,0.07096318155527115,664,0.011883500032126904,0.8994144797325134,0.0,0.0,2.0596938133239746,0.85,0.003000000026077032,2.8960678577423096,0.43461939692497253,0,,0,-1.8898615837097168,1.0,0,0.00046120735350996256,0.9224146604537964,phase1_class1
123,420.55,0.8785812927616531,0.11920292675495148,0.9828710188937044,0.7527051568031311,0.705729755576182,0.5544673800468445,0.2572782635688782,0.5056588053703308,0.11438783380901166,0.1814098209142685,0.1650285329706538,0.12672335983897726,0.1650285329706538,0.1279623806476593,1.9474992752075195,1.8195368945598602,915,3521,0.16477982699871063,1,2.1606128215789795,1.9474992752075195,0.10806567966938019,664,0.009863362647593021,0.8885725736618042,0.0,0.0,1.9063889980316162,0.85,0.0,2.8750627040863037,0.42757222056388855,0,,0,-1.9474992752075195,1.0,0,0.00043929065577685833,0.8785812854766846,phase1_class1
124,423.92,0.9050267551534217,0.11920292675495148,0.9678965280585143,0.7515780329704285,0.6949776390178044,0.5406460762023926,0.2293706238269806,0.5106123089790344,0.10379316606217495,0.1814098209142685,0.13841645518150333,0.11087069267089926,0.13841645518150333,0.13998626172542572,1.8939229249954224,1.7539366632699966,915,3521,0.1524171531200409,1,2.1606128215789795,1.8939229249954224,0.0827876403927803,664,0.00830670166760683,0.8933575749397278,0.0,0.0,1.982265591621399,0.85,0.0,2.875081777572632,0.4306824207305908,0,,0,-1.8939229249954224,1.0,0,0.00045251339906826615,0.9050267338752747,phase1_class1
125,427.28,0.8665274112221126,0.11920292675495148,0.9719379600816042,0.7477457523345947,0.6978795038393384,0.5420503616333008,0.23513329029083252,0.5105420351028442,0.11454240986555297,0.1814098209142685,0.14660478680893427,0.12066874560572499,0.14660478680893427,0.12955856323242188,1.9499497413635254,1.8203911781311035,915,3521,0.15806791186332703,1,2.1606128215789795,1.9499497413635254,0.09078223258256912,664,0.01666530966758728,0.8998135924339294,0.0,0.0,1.9231120347976685,0.85,0.0,2.9053244590759277,0.4348788261413574,0,,0,-1.9499497413635254,1.0,0,0.00043326374725438654,0.8665274381637573,phase1_class1
126,430.65,0.8521438513696739,0.11920292675495148,0.9813350631931581,0.7484220266342163,0.7046268950580822,0.5565339922904968,0.2648221254348755,0.5079535245895386,0.12878606580656576,0.1814098209142685,0.17628748895837132,0.13982979446499363,0.17628748895837132,0.12401166558265686,1.9719666242599487,1.8479549586772919,915,3521,0.17525321245193481,1,2.1606128215789795,1.9719666242599487,0.10483614355325699,664,0.011342601850628853,0.9106150269508362,0.0,0.0,1.886802077293396,0.85,0.0,2.8807590007781982,0.44189974665641785,0,,0,-1.9719666242599487,1.0,0,0.000426071957917884,0.8521438837051392,phase1_class1
127,434.02,0.826336814576641,0.11920292675495148,0.9848607885904462,0.7567628622055054,0.7071584676398616,0.5328956246376038,0.20952381193637848,0.5030906200408936,0.08395559507901848,0.1814098209142685,0.10219991306908205,0.08411462287255025,0.10219991306908205,0.11922919005155563,1.9955031871795654,1.8762739971280098,915,3521,0.1406555026769638,1,2.1606128215789795,1.9955031871795654,0.08166606724262238,664,0.01093270629644394,0.8999479413032532,0.0,0.0,1.994322419166565,0.85,0.0,2.8436083793640137,0.43496617674827576,0,,0,-1.9955031871795654,1.0,0,0.0004131684254389256,0.8263368010520935,phase1_class1
128,437.39,0.9147872078156142,0.11920292675495148,0.9830304511737661,0.7506762742996216,0.7058442325542147,0.5623356103897095,0.2752293646335602,0.5090494155883789,0.12555052200458452,0.1814098209142685,0.20022153362964626,0.1476484503774697,0.20022153362964626,0.14038905501365662,1.9010515213012695,1.760662466287613,915,3521,0.16808892786502838,1,2.1606128215789795,1.9010515213012695,0.12706859409809113,664,0.011866763234138489,0.8927323818206787,0.0,0.0,1.817887544631958,0.85,0.0,2.8726391792297363,0.430276095867157,0,,0,-1.9010515213012695,1.0,0,0.0004573936457745731,0.914787232875824,phase1_class1
129,440.78,0.9185937592725916,0.11920292675495148,0.9708955785158933,0.7486474514007568,0.6971310437937728,0.5476469993591309,0.24611222743988037,0.5110165476799011,0.1190865734554422,0.1814098209142685,0.17156237293363805,0.13353641884256412,0.17156237293363805,0.13832545280456543,1.8740315437316895,1.735706090927124,915,3521,0.1775272786617279,1,2.1606128215789795,1.8740315437316895,0.08539017289876938,664,0.008970563299953938,0.8749687671661377,0.0,0.0,1.9820764064788818,0.85,0.0005000000237487257,2.8544352054595947,0.418729692697525,0,,0,-1.8740315437316895,1.0,0,0.0004592968907672912,0.9185937643051147,phase1_class1
130,444.14,0.8657983374501836,0.11920292675495148,0.9765325085161124,0.7529305815696716,0.7011785222062835,0.5467236638069153,0.24099721014499664,0.5103076100349426,0.1050154964048651,0.1814098209142685,0.11920752653496167,0.102052391869641,0.11920752653496167,0.12696991860866547,1.954960823059082,1.8279909044504166,915,3521,0.1461741179227829,1,2.1606128215789795,1.954960823059082,0.09585904330015182,664,0.00918680801987648,0.8936673998832703,0.0,0.0,1.933014988899231,0.85,0.0,2.879279851913452,0.4308837950229645,0,,0,-1.954960823059082,1.0,0,0.0004328991926740855,0.8657983541488647,phase1_class1
131,447.51,0.8236280691117451,0.11920292675495148,0.9734245583686669,0.7488728761672974,0.6989469243101848,0.5303196907043457,0.20992907881736755,0.5095980167388916,0.09673605517558195,0.1814098209142685,0.1367619635170567,0.10767655309960006,0.1367619635170567,0.12810273468494415,1.9901686906814575,1.8620659559965134,915,3521,0.15561982989311218,1,2.1606128215789795,1.9901686906814575,0.11500058323144913,664,0.011111743748188019,0.8678687214851379,0.0,0.0,1.8445818424224854,0.85,0.006000000052154064,2.8846426010131836,0.41411465406417847,0,,0,-1.9901686906814575,1.0,0,0.00041181404958479106,0.8236280679702759,phase1_class1
132,450.88,0.7223741386392633,0.11920292675495148,0.981902085859963,0.7515780329704285,0.705034033696172,0.5536449551582336,0.25641027092933655,0.5074225068092346,0.12269241692700937,0.1814098209142685,0.19447287615148415,0.1447993311575031,0.19447287615148415,0.1117897555232048,2.0582449436187744,1.9464551880955696,915,3521,0.17904867231845856,1,2.1606128215789795,2.0582449436187744,0.11312084645032883,664,0.008199747651815414,0.8851173520088196,0.0,0.0,1.8740531206130981,0.85,0.005000000353902578,2.884866237640381,0.4256018400192261,0,,0,-2.0582449436187744,1.0,0,0.00036118709249421954,0.7223741412162781,phase1_class1
133,454.25,0.8284818347268302,0.11920292675495148,0.9744704654639127,0.7459422945976257,0.6996979157876972,0.5537938475608826,0.2609836161136627,0.511017382144928,0.13352795017560523,0.1814098209142685,0.18896257764192875,0.1487265718398323,0.18896257764192875,0.12049829959869385,1.9870061874389648,1.866507887840271,915,3521,0.17928995192050934,1,2.1606128215789795,1.9870061874389648,0.10017253458499908,664,0.012004483491182327,0.8797326683998108,0.0,0.0,1.9095172882080078,0.85,0.0,2.8940858840942383,0.42182624340057373,0,,0,-1.9870061874389648,1.0,0,0.0004142409597989172,0.8284818530082703,phase1_class1
134,457.61,0.9462721707881592,0.11920292675495148,0.975300727669296,0.7484220266342163,0.7002940680111384,0.5642344355583191,0.280927836894989,0.5126962065696716,0.13293478783815452,0.1814098209142685,0.17896552207624683,0.1421389106668899,0.17896552207624683,0.14761878550052643,1.812187671661377,1.6645688861608505,915,3521,0.1605987250804901,1,2.1606128215789795,1.812187671661377,0.09762376546859741,664,0.0089153703302145,0.892836332321167,0.0,0.0,1.9271721839904785,0.85,0.0,2.86668062210083,0.4303436279296875,0,,0,-1.812187671661377,1.0,0,0.0004731360822916031,0.9462721347808838,phase1_class1
135,460.98,0.9274903652669666,0.11920292675495148,0.9782171240453651,0.7509016990661621,0.7023881247714681,0.5311422348022461,0.2101501077413559,0.5076720714569092,0.0936119427075331,0.1814098209142685,0.12101625047321266,0.09862865288117825,0.12101625047321266,0.13786925375461578,1.8700098991394043,1.7321406453847885,915,3521,0.1383594423532486,1,2.1606128215789795,1.8700098991394043,0.10609409213066101,664,0.010850107297301292,0.9068955779075623,0.0,0.0,1.8677278757095337,0.85,0.0,2.9090664386749268,0.43948206305503845,0,,0,-1.8700098991394043,1.0,0,0.00046374520752578974,0.9274903535842896,phase1_class1
136,464.36,0.9162670787008581,0.11920292675495148,0.9779215671527196,0.7533814311027527,0.702175906393272,0.5568852424621582,0.2618083655834198,0.5072600245475769,0.1213155105277779,0.1814098209142685,0.18384487037478442,0.13869916474714064,0.18384487037478442,0.13364702463150024,1.8907365798950195,1.7570895552635193,915,3521,0.1696491688489914,1,2.1606128215789795,1.8907365798950195,0.10665198415517807,664,0.016191713511943817,0.8680650591850281,0.0,0.0,1.8824658393859863,0.85,0.0035000001080334187,2.8699984550476074,0.41424229741096497,0,,0,-1.8907365798950195,1.0,0,0.0004581335815601051,0.9162670969963074,phase1_class1
137,467.73,0.9487256744613124,0.11920292675495148,0.9711274800141647,0.743913471698761,0.6972975557618203,0.5660454034805298,0.2882205545902252,0.5159212350845337,0.14130051851265552,0.1814098209142685,0.1912480195173932,0.15219837223796878,0.1912480195173932,0.15665289759635925,1.7860149145126343,1.629362016916275,915,3521,0.16446372866630554,1,2.1606128215789795,1.7860149145126343,0.0892595425248146,664,0.010482938028872013,0.8979799151420593,0.0,0.0,1.9619801044464111,0.85,0.0,2.891087055206299,0.43368691205978394,0,,0,-1.7860149145126343,1.0,0,0.00047436286695301533,0.948725700378418,phase1_class1
138,471.11,0.9317024564858647,0.11920292675495148,0.9837790386115995,0.7502254247665405,0.706381739937558,0.5587897300720215,0.268163800239563,0.5111919045448303,0.10424261612215854,0.1814098209142685,0.14889022868439872,0.11309644241701375,0.14889022868439872,0.14443005621433258,1.8721829652786255,1.727752909064293,915,3521,0.1493009328842163,1,2.1606128215789795,1.8721829652786255,0.12324098497629166,664,0.008024733513593674,0.8601350784301758,0.0,0.0,1.8118184804916382,0.85,0.0,2.881016254425049,0.4090877175331116,0,,0,-1.8721829652786255,1.0,0,0.00046585124800913036,0.9317024350166321,phase1_class1
139,474.48,0.9150003779720198,0.11920292675495148,0.9875043481530926,0.7560865879058838,0.7090566196945406,0.5416996479034424,0.22824537754058838,0.5009843111038208,0.09446397338063733,0.1814098209142685,0.14904446095820306,0.10988698421011037,0.14904446095820306,0.13909275829792023,1.9070844650268555,1.7679917067289352,915,3521,0.1584228277206421,1,2.1606128215789795,1.9070844650268555,0.08612613379955292,664,0.013378137722611427,0.9226505756378174,0.0,0.0,1.9417269229888916,0.85,0.0,2.9140801429748535,0.44972285628318787,0,,0,-1.9070844650268555,1.0,0,0.00045750022400170565,0.9150003790855408,phase1_class1
140,477.83,0.9300433473730063,0.11920292675495148,0.9792087771583291,0.7515780329704285,0.7031001603240232,0.5583932399749756,0.2663115859031677,0.5081275105476379,0.11322665102282478,0.1814098209142685,0.14581960432411212,0.11690554828912697,0.14581960432411212,0.1418374627828598,1.8666088581085205,1.7247713953256607,915,3521,0.1443650871515274,1,2.1606128215789795,1.8666088581085205,0.09350892901420593,664,0.007977264933288097,0.8808590769767761,0.0,0.0,1.9382867813110352,0.85,0.0,2.881401538848877,0.42255842685699463,0,,0,-1.8666088581085205,1.0,0,0.0004650217015296221,0.9300433397293091,phase1_class1
141,481.2,0.9250619883530768,0.11920292675495148,0.9662023152544178,0.7533814311027527,0.6937611453323207,0.5197566747665405,0.18479882180690765,0.5111822485923767,0.054015951131617786,0.1814098209142685,0.06803045386351846,0.05359788801124951,0.06803045386351846,0.16577641665935516,1.8493256568908691,1.683549240231514,915,3521,0.11360760033130646,1,2.1606128215789795,1.8493256568908691,0.09897340089082718,664,0.009499870240688324,0.8800084590911865,0.0,0.0,1.8973239660263062,0.85,0.0005000000237487257,2.88771653175354,0.42200547456741333,0,,0,-1.8493256568908691,1.0,0,0.00046253102482296526,0.9250620007514954,phase1_class1
142,484.55,0.8814156957379735,0.11920292675495148,0.9851265743447998,0.7520288825035095,0.7073493094816189,0.5450693964958191,0.23822712898254395,0.5035942792892456,0.10639240280409658,0.1814098209142685,0.14660478680893427,0.11535373865910195,0.14660478680893427,0.12523600459098816,1.9466205835342407,1.8213845789432526,915,3521,0.15790967643260956,1,2.1606128215789795,1.9466205835342407,0.09261328727006912,664,0.011059595271945,0.8848941922187805,0.0,0.0,1.932865023612976,0.85,0.0005000000237487257,2.8777570724487305,0.42518123984336853,0,,0,-1.9466205835342407,1.0,0,0.000440707866800949,0.8814156651496887,phase1_class1
143,487.91,0.9460909203999196,0.11920292675495148,0.989083393659061,0.7531560063362122,0.710190419936433,0.5478935241699219,0.24326191842556,0.503743588924408,0.09898299508181202,0.1814098209142685,0.1506989526226497,0.11246209003426663,0.1506989526226497,0.14121580123901367,1.8514814376831055,1.7102656364440918,915,3521,0.15923245251178741,1,2.1606128215789795,1.8514814376831055,0.08440952003002167,664,0.007958998903632164,0.8978436589241028,0.0,0.0,1.9848319292068481,0.85,0.0,2.866502285003662,0.4335983991622925,0,,0,-1.8514814376831055,1.0,0,0.0004730454529635608,0.9460908770561218,phase1_class1
144,491.26,0.9218275595825117,0.11920292675495148,0.9872928163810203,0.7551848888397217,0.7089047337777402,0.5538403987884521,0.2541208863258362,0.5027638077735901,0.11255433829497642,0.1814098209142685,0.17463299729392465,0.12996166812962565,0.17463299729392465,0.13648447394371033,1.8961290121078491,1.7596445381641388,915,3521,0.16070982813835144,1,2.1606128215789795,1.8961290121078491,0.0836801528930664,664,0.014397474005818367,0.8805951476097107,0.0,0.0,1.978697419166565,0.85,0.006000000052154064,2.8997507095336914,0.4247557520866394,0,,0,-1.8961290121078491,1.0,0,0.00046091381227597594,0.9218275547027588,phase1_class1
145,494.62,0.8962934839265398,0.11920292675495148,0.9839296570678248,0.7531560063362122,0.706489888335724,0.5438215732574463,0.23480083048343658,0.5051164627075195,0.10683098908500598,0.1814098209142685,0.15723279258563397,0.12047960383998679,0.15723279258563397,0.12819264829158783,1.928105354309082,1.7999127060174942,915,3521,0.1661781519651413,1,2.1606128215789795,1.928105354309082,0.0925845205783844,664,0.010297290980815887,0.9024516344070435,0.0,0.0,1.928090214729309,0.85,0.0,2.8836898803710938,0.43659356236457825,0,,0,-1.928105354309082,1.0,0,0.00044814677676185966,0.8962935209274292,phase1_class1
146,497.97,0.8639602885324071,0.11920292675495148,0.9943219388218776,0.7565374374389648,0.7139518465389699,0.5327427387237549,0.209370419383049,0.4992128312587738,0.08837032450108095,0.1814098209142685,0.13164425624991236,0.0998237004520002,0.13164425624991236,0.12078014016151428,1.9714913368225098,1.8507111966609955,915,3521,0.1567632108926773,1,2.1606128215789795,1.9714913368225098,0.09500966966152191,664,0.011539322324097157,0.9086880683898926,0.0,0.0,1.9101053476333618,0.85,0.0,2.9075562953948975,0.44064730405807495,0,,0,-1.9714913368225098,1.0,0,0.00043198015191592276,0.8639602661132812,phase1_class1
147,501.36,0.9137634266760223,0.11920292675495148,0.9918971579531246,0.7542831301689148,0.7122107839000928,0.5730847716331482,0.29495471715927124,0.5032537579536438,0.13260763289117752,0.1814098209142685,0.18920093661053547,0.14490232895451555,0.18920093661053547,0.13109979033470154,1.9146978855133057,1.7835980951786041,915,3521,0.16935689747333527,1,2.1606128215789795,1.9146978855133057,0.09578746557235718,664,0.015122019685804844,0.8881204128265381,0.0,0.0,1.9133193492889404,0.85,0.004000000189989805,2.9112370014190674,0.4272783100605011,0,,0,-1.9146978855133057,1.0,0,0.00045688170939683914,0.9137634038925171,phase1_class1
148,504.73,0.9472677903619907,0.11920292675495148,0.9807580515260059,0.7490983009338379,0.7042125840294772,0.553274393081665,0.25750496983528137,0.5058974027633667,0.12476677794280376,0.1814098209142685,0.16809915733094039,0.1343640440742752,0.16809915733094039,0.14738711714744568,1.8263800144195557,1.67899289727211,915,3521,0.1626020073890686,1,2.1606128215789795,1.8263800144195557,0.08699806034564972,664,0.013815989717841148,0.9011911153793335,0.0,0.0,1.9576295614242554,0.85,0.0,2.897681713104248,0.4357742369174957,0,,0,-1.8263800144195557,1.0,0,0.0004736339033115655,0.9472677707672119,phase1_class1
149,508.11,0.9421950598856745,0.11920292675495148,0.986539919962645,0.7513526082038879,0.7083641324220178,0.5738377571105957,0.29879212379455566,0.5063758492469788,0.14165281534834706,0.1814098209142685,0.21108789837495268,0.15977662744678706,0.21108789837495268,0.14149226248264313,1.8549913167953491,1.713499054312706,915,3521,0.17250072956085205,1,2.1606128215789795,1.8549913167953491,0.08728768676519394,664,0.011237450875341892,0.912769079208374,0.0,0.0,1.9713908433914185,0.85,0.0,2.9140377044677734,0.44329988956451416,0,,0,-1.8549913167953491,1.0,0,0.0004710975626949221,0.9421950578689575,phase1_class1
150,511.47,0.7338915635811806,0.11920292675495148,0.9780206737051906,0.7576645612716675,0.7022470677579952,0.5395801663398743,0.22270424664020538,0.505178689956665,0.09319849831533826,0.1814098209142685,0.14290321223762986,0.10663242372887782,0.14290321223762986,0.11871912330389023,2.050546407699585,1.9318272843956947,915,3521,0.1780407428741455,1,2.1606128215789795,2.050546407699585,0.08582483232021332,664,0.014409988187253475,0.9247167110443115,0.0,0.0,1.9585319757461548,0.85,0.0,2.893566608428955,0.45106586813926697,0,,0,-2.050546407699585,1.0,0,0.0003669458092190325,0.7338916063308716,phase1_class1
151,514.85,0.8140005408213743,0.11920292675495148,0.9866885797913514,0.7536068558692932,0.7084708744691025,0.5399670600891113,0.2264685183763504,0.5029149651527405,0.10171880504638058,0.1814098209142685,0.14904446095820306,0.1144200292212399,0.14904446095820306,0.12178759276866913,2.0055654048919678,1.8837778121232986,915,3521,0.16907845437526703,1,2.1606128215789795,2.0055654048919678,0.10026805847883224,664,0.009665686637163162,0.8691436052322388,0.0,0.0,1.9029158353805542,0.85,0.0,2.91513729095459,0.41494330763816833,0,,0,-2.0055654048919678,1.0,0,0.00040700030513107777,0.8140005469322205,phase1_class1
152,518.21,0.800450931501296,0.11920292675495148,0.987681408080827,0.7583408355712891,0.7091837538323067,0.5181325078010559,0.1779141128063202,0.501635730266571,0.06663097139256577,0.1814098209142685,0.10400863700733304,0.07675586468750553,0.10400863700733304,0.12104599177837372,2.015329360961914,1.8942833691835403,915,3521,0.14100946485996246,1,2.1606128215789795,2.015329360961914,0.08494183421134949,664,0.007909558713436127,0.9042443037033081,0.0,0.0,1.973872184753418,0.85,0.0,2.884798526763916,0.43775880336761475,0,,0,-2.015329360961914,1.0,0,0.00040022548637352884,0.8004509210586548,phase1_class1
153,521.58,0.8982731620686986,0.11920292675495148,0.9815889013196449,0.7515780329704285,0.7048091581582426,0.5602555274963379,0.27019867300987244,0.5059165358543396,0.12100635841469529,0.1814098209142685,0.1793581133186579,0.13604169652547574,0.1793581133186579,0.13790486752986908,1.9228291511535645,1.7849242836236954,915,3521,0.16502745449543,1,2.1606128215789795,1.9228291511535645,0.09643810242414474,664,0.009873948059976101,0.9064072966575623,0.0,0.0,1.9110296964645386,0.85,0.0,2.9027066230773926,0.4391647279262543,0,,0,-1.9228291511535645,1.0,0,0.0004491365689318627,0.8982731103897095,phase1_class1
154,524.95,0.9434351825217551,0.11920292675495148,0.9852335154073475,0.757889986038208,0.707426096250668,0.5568106770515442,0.25828731060028076,0.5038267970085144,0.10477463090310596,0.1814098209142685,0.17668008020078238,0.12585834034389648,0.17668008020078238,0.1466289609670639,1.8489454984664917,1.7023165374994278,915,3521,0.15871964395046234,1,2.1606128215789795,1.8489454984664917,0.13560600578784943,664,0.009074768982827663,0.8710761070251465,0.0,0.0,1.8076790571212769,0.85,0.007000000216066837,2.8919262886047363,0.4162309169769287,0,,0,-1.8489454984664917,1.0,0,0.0004717176198028028,0.9434351921081543,phase1_class1
155,528.32,0.9029950166952566,0.11920292675495148,0.9756370240143404,0.7513526082038879,0.7005355384918291,0.5544406175613403,0.2582380771636963,0.5090206265449524,0.1227355616496183,0.1814098209142685,0.18179778746792669,0.1390514094572338,0.18179778746792669,0.13576653599739075,1.9085954427719116,1.7728289067745209,915,3521,0.17692676186561584,1,2.1606128215789795,1.9085954427719116,0.09672366082668304,664,0.00920854602009058,0.8869850635528564,0.0,0.0,1.902138590812683,0.85,0.004000000189989805,2.896498203277588,0.42654573917388916,0,,0,-1.9085954427719116,1.0,0,0.00045149752986617386,0.9029949903488159,phase1_class1
156,531.72,0.8449257276025443,0.11920292675495148,0.9850208084587639,0.7558611631393433,0.7072733665232189,0.5283322930335999,0.20073801279067993,0.501251757144928,0.0852462120330321,0.1814098209142685,0.12447946607591032,0.0954551418429866,0.12447946607591032,0.12328678369522095,1.9809200763702393,1.8576332926750183,915,3521,0.16137948632240295,1,2.1606128215789795,1.9809200763702393,0.08495714515447617,664,0.012184667401015759,0.928468644618988,0.0,0.0,1.9701635837554932,0.85,0.0,2.916411876678467,0.45350465178489685,0,,0,-1.9809200763702393,1.0,0,0.0004224628792144358,0.8449257016181946,phase1_class1
157,535.09,0.8456422354213812,0.11920292675495148,0.9860757252405977,0.7558611631393433,0.7080308272157061,0.5615771412849426,0.2697235345840454,0.5042639374732971,0.11471498875598865,0.1814098209142685,0.17526394750494245,0.13026453847557734,0.17526394750494245,0.12998086214065552,1.9810765981674194,1.851095736026764,915,3521,0.16684898734092712,1,2.1606128215789795,1.9810765981674194,0.09719811379909515,664,0.010729419998824596,0.8870367407798767,0.0,0.0,1.901556372642517,0.85,0.0035000001080334187,2.898798942565918,0.42657387256622314,0,,0,-1.9810765981674194,1.0,0,0.00042282111826352775,0.8456422090530396,phase1_class1
158,538.46,0.910171057660903,0.11920292675495148,0.9853527958232658,0.7542831301689148,0.7075117430315303,0.5451340079307556,0.23669467866420746,0.5038702487945557,0.09909442641574441,0.1814098209142685,0.14353416244864767,0.10968266481535446,0.14353416244864767,0.13008254766464233,1.9112404584884644,1.781157910823822,915,3521,0.1598009616136551,1,2.1606128215789795,1.9112404584884644,0.09881389141082764,664,0.008109411224722862,0.8895801305770874,0.0,0.0,1.88809072971344,0.85,0.0,2.894110679626465,0.42822712659835815,0,,0,-1.9112404584884644,1.0,0,0.0004550855665002018,0.9101710915565491,phase1_class1
159,541.83,0.9186178868281082,0.11920292675495148,0.9813397638992044,0.749549150466919,0.7046302703006779,0.5601286292076111,0.2714754045009613,0.5070829391479492,0.1266434181794479,0.1814098209142685,0.19715090926935966,0.14729658506686436,0.19715090926935966,0.1385028064250946,1.8921968936920166,1.753694087266922,915,3521,0.1736256331205368,1,2.1606128215789795,1.8921968936920166,0.10929550230503082,664,0.008272971026599407,0.8842288255691528,0.0,0.0,1.8941519260406494,0.85,0.010500000789761543,2.9033429622650146,0.4247662127017975,0,,0,-1.8921968936920166,1.0,0,0.0004593089397531003,0.918617844581604,phase1_class1
160,545.21,0.8633843890234777,0.11920292675495148,0.97935175696723,0.7533814311027527,0.7032028239529717,0.540861964225769,0.22849082946777344,0.5058832764625549,0.10176194976898949,0.1814098209142685,0.1510915438650608,0.11524282820764654,0.1510915438650608,0.12747102975845337,1.959857702255249,1.8323866724967957,915,3521,0.1653352677822113,1,2.1606128215789795,1.959857702255249,0.08200793713331223,664,0.012733908370137215,0.9035575985908508,0.0,0.0,1.9568911790847778,0.85,0.0,2.917593479156494,0.43731245398521423,0,,0,-1.959857702255249,1.0,0,0.00043169219861738384,0.8633843660354614,phase1_class1
161,548.58,0.8720389972968301,0.11920292675495148,0.9845950028360927,0.7567628622055054,0.7069676257981042,0.5509939193725586,0.2470341920852661,0.503046452999115,0.10739900953374212,0.1814098209142685,0.16644466566649374,0.12370975421689467,0.16644466566649374,0.12902769446372986,1.9558744430541992,1.8268467485904694,915,3521,0.17959930002689362,1,2.1606128215789795,1.9558744430541992,0.11133866012096405,664,0.01292964443564415,0.8771206736564636,0.0,0.0,1.8433815240859985,0.85,0.004500000271946192,2.8809332847595215,0.4201284646987915,0,,0,-1.9558744430541992,1.0,0,0.00043601953075267375,0.8720390200614929,phase1_class1
162,551.95,0.7178855790532113,0.11920292675495148,0.9852942328604422,0.757889986038208,0.7074696931341939,0.5445602536201477,0.2328571379184723,0.5030891299247742,0.09802667212959558,0.1814098209142685,0.1668372569089048,0.11938140800000879,0.1668372569089048,0.11459416151046753,2.061859607696533,1.9472654461860657,915,3521,0.1658419966697693,1,2.1606128215789795,2.061859607696533,0.10083580017089844,664,0.012423325330018997,0.8912743330001831,0.0,0.0,1.8989481925964355,0.85,0.015500000678002834,2.8948616981506348,0.4301966428756714,0,,0,-2.061859607696533,1.0,0,0.000358942779712379,0.7178855538368225,phase1_class1
163,555.31,0.9732243365013807,0.11920292675495148,0.9858026925644232,0.7466185688972473,0.7078347818749473,0.5776118636131287,0.3104294538497925,0.5134046673774719,0.13581089574962404,0.1814098209142685,0.2000673013558419,0.15086631175741122,0.2000673013558419,0.167151540517807,1.7257493734359741,1.5585978329181671,915,3521,0.16326044499874115,1,2.1606128215789795,1.7257493734359741,0.11184053122997284,664,0.009026305750012398,0.897081732749939,0.0,0.0,1.8591861724853516,0.85,0.0,2.893228769302368,0.43310311436653137,0,,0,-1.7257493734359741,1.0,0,0.0004866122326347977,0.973224401473999,phase1_class1
164,558.75,0.8896357515146716,0.11920292675495148,0.9813871626851687,0.7556357383728027,0.7046643039968498,0.5516865849494934,0.24930749833583832,0.5057824850082397,0.10776930920332804,0.1814098209142685,0.15479311843636517,0.11866594253732389,0.15479311843636517,0.13127319514751434,1.93343985080719,1.8021666556596756,915,3521,0.16558079421520233,1,2.1606128215789795,1.93343985080719,0.1153295710682869,664,0.0126345818862319,0.8899781703948975,0.0,0.0,1.838681936264038,0.85,0.006000000052154064,2.8923580646514893,0.42855721712112427,0,,0,-1.93343985080719,1.0,0,0.00044481788063421845,0.8896357417106628,phase1_class1
165,562.12,0.7856937315502602,0.11920292675495148,0.9810447945948148,0.7497745752334595,0.7044184738278063,0.5419551730155945,0.23342540860176086,0.5097382068634033,0.09375937970925424,0.1814098209142685,0.11408981926781733,0.0941491201838123,0.11408981926781733,0.1313793808221817,2.0214359760284424,1.8900565952062607,915,3521,0.15471334755420685,1,2.1606128215789795,2.0214359760284424,0.11126256734132767,664,0.008010642603039742,0.891733705997467,0.0,0.0,1.8557661771774292,0.85,0.0005000000237487257,2.8612399101257324,0.4296269118785858,0,,0,-2.0214359760284424,1.0,0,0.00039284690865315497,0.7856937646865845,phase1_class1
166,565.5,0.9080590919496467,0.11920292675495148,0.9903655112331207,0.7601442933082581,0.7111110173543724,0.5456297397613525,0.23342940211296082,0.49955570697784424,0.08911092384025278,0.1814098209142685,0.13636937227464563,0.10040478578028134,0.13636937227464563,0.12725770473480225,1.9205267429351807,1.7932690382003784,915,3521,0.1558007001876831,1,2.1606128215789795,1.9205267429351807,0.09589609503746033,664,0.008772388100624084,0.9079607129096985,0.0,0.0,1.905988097190857,0.85,0.002500000176951289,2.9111711978912354,0.44017452001571655,0,,0,-1.9205267429351807,1.0,0,0.0004540295631159097,0.9080590605735779,phase1_class1
167,568.87,0.9399322995537708,0.11920292675495148,0.9853755159024885,0.7554103136062622,0.7075280567040756,0.5559648275375366,0.2583732008934021,0.5026413202285767,0.11316550346632151,0.1814098209142685,0.1787271631076401,0.13180800856946118,0.1787271631076401,0.13894020020961761,1.8576785326004028,1.7187383323907852,915,3521,0.15344290435314178,1,2.1606128215789795,1.8576785326004028,0.08671309798955917,664,0.005893790163099766,0.8870728015899658,0.0,0.0,1.9783835411071777,0.85,0.0,2.897944450378418,0.4265972971916199,0,,0,-1.8576785326004028,1.0,0,0.0004699662094935775,0.9399323463439941,phase1_class1
168,572.24,0.931589300389292,0.11920292675495148,0.9866821163205379,0.757439136505127,0.7084662335105335,0.5504673719406128,0.24544180929660797,0.5009527802467346,0.09990331236623971,0.1814098209142685,0.14967541116922084,0.11197132724014755,0.14967541116922084,0.13649173080921173,1.8778256177902222,1.7413338869810104,915,3521,0.15200349688529968,1,2.1606128215789795,1.8778256177902222,0.11012695729732513,664,0.012269461527466774,0.9079644680023193,0.0,0.0,1.8742423057556152,0.85,0.0,2.90181565284729,0.44017690420150757,0,,0,-1.8778256177902222,1.0,0,0.00046579467016272247,0.9315893054008484,phase1_class1
169,575.61,0.83780361706011,0.11920292675495148,0.9897172055242698,0.7558611631393433,0.7106455151464012,0.5477992296218872,0.24106518924236298,0.5006675720214844,0.10569494818753367,0.1814098209142685,0.1613269583993494,0.12095435970281936,0.1613269583993494,0.1250647008419037,1.9898656606674194,1.8648009598255157,915,3521,0.176937073469162,1,2.1606128215789795,1.9898656606674194,0.08868343383073807,664,0.0138386320322752,0.8920032382011414,0.0,0.0,1.9551396369934082,0.85,0.001500000013038516,2.917295455932617,0.42980214953422546,0,,0,-1.9898656606674194,1.0,0,0.00041890182183124125,0.8378036022186279,phase1_class1
170,579.0,0.9112232814908405,0.11920292675495148,0.9848825293559093,0.7524797320365906,0.7071740781368661,0.5797386169433594,0.3103014826774597,0.5077321529388428,0.1525566352082664,0.1814098209142685,0.2380925674065142,0.17702584345168476,0.2380925674065142,0.12988919019699097,1.9090790748596191,1.7791898846626282,915,3521,0.19376063346862793,1,2.1606128215789795,1.9090790748596191,0.10431436449289322,664,0.009009942412376404,0.9002395272254944,0.0,0.0,1.8835662603378296,0.85,0.0,2.89020037651062,0.4351556897163391,0,,0,-1.9090790748596191,1.0,0,0.0004556116764433682,0.911223292350769,phase1_class1
171,582.38,0.9503482942319494,0.11920292675495148,0.9908479211910963,0.7567628622055054,0.7114574016257419,0.5479313731193542,0.24067558348178864,0.5001670718193054,0.09159872924824201,0.1814098209142685,0.13085907376509023,0.09920515722345251,0.13085907376509023,0.14224717020988464,1.8450591564178467,1.702811986207962,915,3521,0.14839676022529602,1,2.1606128215789795,1.8450591564178467,0.10531602054834366,664,0.010329848155379295,0.9159179329872131,0.0,0.0,1.9072191715240479,0.85,0.006500000134110451,2.9059317111968994,0.4453554153442383,0,,0,-1.8450591564178467,1.0,0,0.00047517416533082724,0.9503482580184937,phase1_class1
172,585.75,0.9453274239130383,0.11920292675495148,0.9804955954384348,0.7520288825035095,0.7040241329845582,0.5582574009895325,0.26568758487701416,0.5104113817214966,0.1079598909276581,0.1814098209142685,0.14479606287068325,0.11343305959530817,0.14479606287068325,0.14941070973873138,1.83147394657135,1.6820632368326187,915,3521,0.147636279463768,1,2.1606128215789795,1.83147394657135,0.09119920432567596,664,0.008959831669926643,0.9107881784439087,0.0,0.0,1.9489243030548096,0.85,0.0,2.903866767883301,0.44201231002807617,0,,0,-1.83147394657135,1.0,0,0.0004726637271232903,0.9453274011611938,phase1_class1
173,589.14,0.6765026709455471,0.11920292675495148,0.9846071463267116,0.759693443775177,0.7069763451748095,0.5320480465888977,0.20566317439079285,0.5014677047729492,0.0815540791162471,0.1814098209142685,0.14124872057318322,0.10010129077554424,0.14124872057318322,0.1138320192694664,2.081963062286377,1.9681310430169106,915,3521,0.17195944488048553,1,2.1606128215789795,2.081963062286377,0.1065172627568245,664,0.010143221355974674,0.8988982439041138,0.0,0.0,1.8614424467086792,0.85,0.0010000000474974513,2.890756368637085,0.43428388237953186,0,,0,-2.081963062286377,1.0,0,0.0003382513241376728,0.6765026450157166,phase1_class1
174,592.52,0.9159329825235578,0.11920292675495148,0.9824612740166907,0.7493237257003784,0.7054355469299356,0.5675504207611084,0.28717949986457825,0.5072132349014282,0.14346830802848795,0.1814098209142685,0.21455111397765034,0.16348624881272456,0.21455111397765034,0.1332608163356781,1.898381233215332,1.765120416879654,915,3521,0.18324491381645203,1,2.1606128215789795,1.898381233215332,0.10432260483503342,664,0.011495648883283138,0.9104963541030884,0.0,0.0,1.8778810501098633,0.85,0.0,2.913928985595703,0.4418226480484009,0,,0,-1.898381233215332,1.0,0,0.00045796652557328343,0.9159330129623413,phase1_class1
175,595.9,0.92554253423616,0.11920292675495148,0.9875292227225863,0.7590171694755554,0.7090744803532754,0.5485129356384277,0.24022743105888367,0.5031291246414185,0.09450711810324625,0.1814098209142685,0.14353416244864767,0.10634567143332008,0.14353416244864767,0.13785940408706665,1.8902667760849,1.7524073719978333,915,3521,0.14803920686244965,1,2.1606128215789795,1.8902667760849,0.10092587023973465,664,0.009303607046604156,0.9256666898727417,0.0,0.0,1.8869980573654175,0.85,0.0,2.9188320636749268,0.45168331265449524,0,,0,-1.8902667760849,1.0,0,0.0004627712769433856,0.9255425333976746,phase1_class1
176,599.26,0.9152403615970349,0.11920292675495148,0.9842632113343422,0.7554103136062622,0.7067293899249008,0.5417553782463074,0.22885572910308838,0.5028793215751648,0.09175330530478333,0.1814098209142685,0.15006800241163193,0.10881382313324242,0.15006800241163193,0.13560301065444946,1.9021378755569458,1.7665348649024963,915,3521,0.1583639532327652,1,2.1606128215789795,1.9021378755569458,0.10088684409856796,664,0.006520600989460945,0.9010421633720398,0.0,0.0,1.897796392440796,0.85,0.0010000000474974513,2.8797545433044434,0.4356893002986908,0,,0,-1.9021378755569458,1.0,0,0.00045762021909467876,0.9152404069900513,phase1_class1
177,602.64,0.9039075419371058,0.11920292675495148,0.9820472201591346,0.7554103136062622,0.7051382443113099,0.5668111443519592,0.28098079562187195,0.5036842823028564,0.128983786585716,0.1814098209142685,0.20226861653650396,0.1496799057525287,0.20226861653650396,0.13697507977485657,1.9157898426055908,1.7788147628307343,915,3521,0.17068135738372803,1,2.1606128215789795,1.9157898426055908,0.08545134961605072,664,0.006935248617082834,0.8723502159118652,0.0,0.0,1.9627631902694702,0.85,0.013000000268220901,2.895543098449707,0.41717812418937683,0,,0,-1.9157898426055908,1.0,0,0.0004519537906162441,0.9039075374603271,phase1_class1
178,606.01,0.9041102389767105,0.11920292675495148,0.9799624570277123,0.7527051568031311,0.7036413242201784,0.5382834672927856,0.2236376404762268,0.504791796207428,0.09208046025176031,0.1814098209142685,0.14699737805134533,0.10825701376909577,0.14699737805134533,0.13892149925231934,1.9127963781356812,1.7738748788833618,915,3521,0.1539463996887207,1,2.1606128215789795,1.9127963781356812,0.09175300598144531,664,0.007484912872314453,0.9048047661781311,0.0,0.0,1.9417216777801514,0.85,0.0,2.905315637588501,0.43812310695648193,0,,0,-1.9127963781356812,1.0,0,0.0004520551592577249,0.9041102528572083,phase1_class1
179,609.38,0.8793747098240839,0.11920292675495148,0.9802566428810939,0.7545085549354553,0.7038525581526172,0.5483577847480774,0.24322445690631866,0.505144476890564,0.10772616448071912,0.1814098209142685,0.14967541116922084,0.11689745401228338,0.14967541116922084,0.12852387130260468,1.9440867900848389,1.8155629187822342,915,3521,0.1582101583480835,1,2.1606128215789795,1.9440867900848389,0.11142642796039581,664,0.009082239121198654,0.9052307605743408,0.0,0.0,1.8578567504882812,0.85,0.0,2.9074671268463135,0.438400000333786,0,,0,-1.9440867900848389,1.0,0,0.00043968737008981407,0.8793746829032898,phase1_class1
180,612.77,0.9167125015157085,0.11920292675495148,0.9831354336087946,0.7533814311027527,0.7059196129721823,0.5525270700454712,0.2527322471141815,0.5041126012802124,0.11758023288838398,0.1814098209142685,0.18935516888433981,0.13968544607739003,0.18935516888433981,0.13284645974636078,1.8981376886367798,1.765291228890419,915,3521,0.1654011756181717,1,2.1606128215789795,1.8981376886367798,0.09344754368066788,664,0.010395132936537266,0.9037415385246277,0.0,0.0,1.9296729564666748,0.85,0.0,2.89973783493042,0.43743202090263367,0,,0,-1.8981376886367798,1.0,0,0.00045835628407076,0.9167125225067139,phase1_class1
181,616.17,0.8882923835483166,0.11920292675495148,0.9816731223029699,0.7533814311027527,0.7048696312547464,0.5344561338424683,0.2152080237865448,0.5034794807434082,0.09632261078338711,0.1814098209142685,0.13880904642391442,0.10753345402956727,0.13880904642391442,0.12746639549732208,1.9353512525558472,1.807884857058525,915,3521,0.14987780153751373,1,2.1606128215789795,1.9353512525558472,0.06636182218790054,664,0.009952427819371223,0.9287171959877014,0.0,0.0,2.072322368621826,0.85,0.0,2.9234297275543213,0.45366618037223816,0,,0,-1.9353512525558472,1.0,0,0.0004441461933311075,0.8882923722267151,phase1_class1
182,619.57,0.9738088277857332,0.11920292675495148,0.9846130222092693,0.7524797320365906,0.706980564228054,0.5729948282241821,0.29615384340286255,0.5093626379966736,0.13245305683463623,0.1814098209142685,0.1775493893804069,0.13965777480792257,0.1775493893804069,0.1584538370370865,1.7104851007461548,1.5520312637090683,915,3521,0.1629885882139206,1,2.1606128215789795,1.7104851007461548,0.09997870028018951,664,0.010611924342811108,0.9193536639213562,0.0,0.0,1.897256851196289,0.85,0.0010000000474974513,2.9191102981567383,0.44757992029190063,0,,0,-1.7104851007461548,1.0,0,0.0004869044350925833,0.9738088250160217,phase1_class1
183,622.99,0.7029583515863833,0.11920292675495148,0.985244091995951,0.7551848888397217,0.707433690546508,0.5436981916427612,0.2330508530139923,0.5045198202133179,0.09844011652179041,0.1814098209142685,0.15416216822534737,0.11421470576821081,0.15416216822534737,0.11638157069683075,2.0693750381469727,1.952993467450142,915,3521,0.16822171211242676,1,2.1606128215789795,2.0693750381469727,0.09618347883224487,664,0.00875944271683693,0.8899853825569153,0.0,0.0,1.9155936241149902,0.85,0.020500000566244125,2.9130070209503174,0.4295562207698822,0,,0,-2.0693750381469727,1.0,0,0.00035147921880707145,0.7029584050178528,phase1_class1
184,626.35,0.9422425152884023,0.11920292675495148,0.9833508826359051,0.7524797320365906,0.7060743115911455,0.5655013918876648,0.2804718315601349,0.5073641538619995,0.12417361560535306,0.1814098209142685,0.2043156994433617,0.14811900465378322,0.2043156994433617,0.14878693222999573,1.8474076986312866,1.698620766401291,915,3521,0.16516844928264618,1,2.1606128215789795,1.8474076986312866,0.09177844226360321,664,0.010485641658306122,0.911371648311615,0.0,0.0,1.9294912815093994,0.85,0.006500000134110451,2.9133379459381104,0.4423958957195282,0,,0,-1.8474076986312866,1.0,0,0.00047112128231674433,0.9422425031661987,phase1_class1
185,629.7,0.7070482400043737,0.11920292675495148,0.9836948176282743,0.7554103136062622,0.7063212668410541,0.5336459875106812,0.21205520629882812,0.5053572058677673,0.09011753056989832,0.1814098209142685,0.14943705220061412,0.10871169525431296,0.14943705220061412,0.11841938644647598,2.066776990890503,1.948357604444027,915,3521,0.1613306701183319,1,2.1606128215789795,2.066776990890503,0.09787645190954208,664,0.009689994156360626,0.9064334034919739,0.0,0.0,1.9138835668563843,0.85,0.0,2.9075534343719482,0.43918171525001526,0,,0,-2.066776990890503,1.0,0,0.00035352414124645293,0.707048237323761,phase1_class1
186,633.07,0.8435374441728131,0.11920292675495148,0.9835786710163865,0.7551848888397217,0.7062378702219221,0.5334926843643188,0.21190130710601807,0.5014452338218689,0.0752555704027203,0.1814098209142685,0.10527053742936862,0.08050205788094016,0.10527053742936862,0.13473227620124817,1.9810460805892944,1.8463138043880463,915,3521,0.15553508698940277,1,2.1606128215789795,1.9810460805892944,0.08360578119754791,664,0.006635172292590141,0.9138624668121338,0.0,0.0,1.961817741394043,0.85,0.004000000189989805,2.891195774078369,0.44407862424850464,0,,0,-1.9810460805892944,1.0,0,0.0004217687528580427,0.843537449836731,phase1_class1
187,636.44,0.9127209141685303,0.11920292675495148,0.981636691831113,0.7527051568031311,0.7048434731246308,0.556864321231842,0.26227304339408875,0.505858838558197,0.12135865525038682,0.1814098209142685,0.18486841182821329,0.139206733887336,0.18486841182821329,0.13065409660339355,1.902258276939392,1.7716041803359985,915,3521,0.17511136829853058,1,2.1606128215789795,1.902258276939392,0.1125330999493599,664,0.010214930400252342,0.9024902582168579,0.0,0.0,1.8491531610488892,0.85,0.0,2.9003708362579346,0.43661874532699585,0,,0,-1.902258276939392,1.0,0,0.0004563604888971895,0.9127209186553955,phase1_class1
188,639.81,0.9210372253038585,0.11920292675495148,0.9810001378873774,0.7527051568031311,0.7043864090231485,0.5578136444091797,0.2642521858215332,0.5082361698150635,0.09495656816322984,0.1814098209142685,0.14274897996382552,0.10510389287111038,0.14274897996382552,0.14941586554050446,1.8874354362487793,1.7380195707082748,915,3521,0.14037181437015533,1,2.1606128215789795,1.8874354362487793,0.09718983620405197,664,0.008479224517941475,0.8889459371566772,0.0,0.0,1.906485915184021,0.85,0.0,2.8780934810638428,0.42781487107276917,0,,0,-1.8874354362487793,1.0,0,0.00046051861136220396,0.9210371971130371,phase1_class1
189,643.18,0.9730194042338717,0.11920292675495148,0.9875928781169598,0.7493237257003784,0.7091201867634236,0.5684202313423157,0.28900256752967834,0.5044471621513367,0.11982003373979386,0.1814098209142685,0.18715385370367774,0.13753485870023816,0.18715385370367774,0.1662103235721588,1.740492582321167,1.5742822587490082,915,3521,0.1467309445142746,1,2.1606128215789795,1.740492582321167,0.11092329770326614,664,0.00732868816703558,0.9116235971450806,0.0,0.0,1.8603134155273438,0.85,0.0005000000237487257,2.9063873291015625,0.44255530834198,0,,0,-1.740492582321167,1.0,0,0.0004865096998400986,0.9730193614959717,phase1_class1
190,646.56,0.9250786746789715,0.11920292675495148,0.9840532464642856,0.7549594640731812,0.7065786290889657,0.555146336555481,0.25700613856315613,0.50485759973526,0.1021502522724698,0.1814098209142685,0.13353710688296574,0.10545769579496889,0.13353710688296574,0.14097948372364044,1.8853355646133423,1.7443560808897018,915,3521,0.14655885100364685,1,2.1606128215789795,1.8853355646133423,0.09745978564023972,664,0.008105916902422905,0.9053717255592346,0.0,0.0,1.9284836053848267,0.85,0.0,2.8901898860931396,0.43849170207977295,0,,0,-1.8853355646133423,1.0,0,0.0004625394067261368,0.9250787496566772,phase1_class1
191,649.97,0.9456948582425686,0.11920292675495148,0.9855445454573943,0.7576645612716675,0.7076494248024077,0.5390365123748779,0.22157855331897736,0.5018377900123596,0.08023832027351892,0.1814098209142685,0.12715749919378586,0.0922401054581995,0.12715749919378586,0.1488187611103058,1.8439322710037231,1.6951135098934174,915,3521,0.13769501447677612,1,2.1606128215789795,1.8439322710037231,0.07813124358654022,664,0.013240092433989048,0.9276676177978516,0.0,0.0,1.9818201065063477,0.85,0.0,2.9228408336639404,0.4529839754104614,0,,0,-1.8439322710037231,1.0,0,0.00047284745960496366,0.9456948637962341,phase1_class1
192,653.36,0.8227824836148998,0.11920292675495148,0.9871036129626671,0.7536068558692932,0.708768880263269,0.5461901426315308,0.2393876314163208,0.5018436908721924,0.10853505043121443,0.1814098209142685,0.1613269583993494,0.1229197685078508,0.1613269583993494,0.11946722865104675,1.9995259046554565,1.8800586760044098,915,3521,0.1718607097864151,1,2.1606128215789795,1.9995259046554565,0.10563072562217712,664,0.013108421117067337,0.9142765402793884,0.0,0.0,1.8571958541870117,0.85,0.005500000435858965,2.910172700881958,0.44428297877311707,0,,0,-1.9995259046554565,1.0,0,0.0004113912582397461,0.8227824568748474,phase1_class1
193,656.74,0.809083530671284,0.11920292675495148,0.9906553881059602,0.757439136505127,0.711319157314432,0.532229483127594,0.2076583206653595,0.5031828880310059,0.07370608511305314,0.1814098209142685,0.08543065857180915,0.07079546567873984,0.08543065857180915,0.11797471344470978,2.011187791824341,1.893213078379631,915,3521,0.14848169684410095,1,2.1606128215789795,2.011187791824341,0.1172904521226883,664,0.010961219668388367,0.8970440030097961,0.0,0.0,1.8464564085006714,0.85,0.005500000435858965,2.9145641326904297,0.4330945611000061,0,,0,-2.011187791824341,1.0,0,0.00040454178815707564,0.8090835213661194,phase1_class1
194,660.11,0.9609907615083068,0.11920292675495148,0.9837040231776146,0.749549150466919,0.7063278766911372,0.5619471073150635,0.2752772569656372,0.5053707957267761,0.11514643598207787,0.1814098209142685,0.15707856031182962,0.12251401835039039,0.15707856031182962,0.15582264959812164,1.7861111164093018,1.6302884668111801,915,3521,0.15850433707237244,1,2.1606128215789795,1.7861111164093018,0.10074424743652344,664,0.00848444364964962,0.9260169863700867,0.0,0.0,1.9006344079971313,0.85,0.0,2.914364814758301,0.451911062002182,0,,0,-1.7861111164093018,1.0,0,0.00048049542238004506,0.9609907865524292,phase1_class1
195,663.49,0.9215291986685836,0.11920292675495148,0.9830574802335311,0.7547339797019958,0.7058636401991394,0.5439008474349976,0.23380279541015625,0.5044906139373779,0.09544543822156833,0.1814098209142685,0.1257413664979459,0.09980356243748786,0.1257413664979459,0.13931097090244293,1.8899589776992798,1.7506480067968369,915,3521,0.1493605226278305,1,2.1606128215789795,1.8899589776992798,0.08987437188625336,664,0.007651978638023138,0.8874492645263672,0.0,0.0,1.9519137144088745,0.85,0.017000000923871994,2.9036662578582764,0.4277709126472473,0,,0,-1.8899589776992798,1.0,0,0.00046076459693722427,0.9215291738510132,phase1_class1
196,666.87,0.8620563852360802,0.11920292675495148,0.9910561232963857,0.7581154108047485,0.7116068967457035,0.5371559858322144,0.21735958755016327,0.4992559254169464,0.08979037562292133,0.1814098209142685,0.13778550497048556,0.10269778393178366,0.13778550497048556,0.12260036915540695,1.9706617593765259,1.848061390221119,915,3521,0.16324980556964874,1,2.1606128215789795,1.9706617593765259,0.07782956212759018,664,0.009719802998006344,0.9130135178565979,0.0,0.0,2.0001718997955322,0.85,0.0,2.916273832321167,0.44345882534980774,0,,0,-1.9706617593765259,1.0,0,0.00043102819472551346,0.8620563745498657,phase1_class1
197,670.24,0.9285874420226118,0.11920292675495148,0.9908050272484262,0.7540577054023743,0.7114266025370575,0.5698328614234924,0.2883235514163971,0.5035116672515869,0.12753859357516106,0.1814098209142685,0.18203614643653343,0.13935032347596402,0.18203614643653343,0.13209521770477295,1.8903101682662964,1.7582149505615234,915,3521,0.1719949096441269,1,2.1606128215789795,1.8903101682662964,0.08967383205890656,664,0.008728064596652985,0.9055711030960083,0.0,0.0,1.9362989664077759,0.85,0.017000000923871994,2.8900973796844482,0.4386504590511322,0,,0,-1.8903101682662964,1.0,0,0.0004642937274184078,0.9285874366760254,phase1_class1
198,673.62,0.9346229009901778,0.11920292675495148,0.9812606353474291,0.759242594242096,0.7045734537169859,0.5548185110092163,0.25314685702323914,0.502219557762146,0.09828554046524911,0.1814098209142685,0.1705388314802092,0.1196388603090405,0.1705388314802092,0.14397874474525452,1.860839605331421,1.7168608605861664,915,3521,0.16396495699882507,1,2.1606128215789795,1.860839605331421,0.10065637528896332,664,0.008735091425478458,0.9277772903442383,0.0,0.0,1.9076776504516602,0.85,0.0,2.903001070022583,0.4530552625656128,0,,0,-1.860839605331421,1.0,0,0.00046731147449463606,0.9346228837966919,phase1_class1
199,677.0,0.9496308038288477,0.11920292675495148,0.979305533357777,0.7538322806358337,0.7031696340674486,0.5432647466659546,0.233146071434021,0.5046215057373047,0.09658147911904064,0.1814098209142685,0.1699078812691914,0.12030188801952825,0.1699078812691914,0.1540488749742508,1.8140350580215454,1.6599861830472946,915,3521,0.13727901875972748,1,2.1606128215789795,1.8140350580215454,0.10722721368074417,664,0.009337212890386581,0.9260833859443665,0.0,0.0,1.8827884197235107,0.85,0.0,2.9009342193603516,0.4519542157649994,0,,0,-1.8140350580215454,1.0,0,0.00047481543151661754,0.9496307969093323,phase1_class1
200,680.4,0.9026252625351215,0.11920292675495148,0.9918983331296362,0.7545085549354553,0.7122116277107418,0.5581951141357422,0.2636916935443878,0.5007164478302002,0.10669441586235903,0.1814098209142685,0.15542406864738295,0.11737967949317413,0.15542406864738295,0.13206280767917633,1.929252028465271,1.7971892207860947,915,3521,0.1620464324951172,1,2.1606128215789795,1.929252028465271,0.09468328207731247,664,0.010020267218351364,0.925756573677063,0.0,0.0,1.9415481090545654,0.85,0.0005000000237487257,2.9109416007995605,0.4517417848110199,0,,0,-1.929252028465271,1.0,0,0.0004513126623351127,0.9026252627372742,phase1_class1
201,683.79,0.7914404230471804,0.11920292675495148,0.9841927007436516,0.750450849533081,0.7066787612859674,0.5464636087417603,0.24229978024959564,0.5063470005989075,0.10984367021912242,0.1814098209142685,0.15172249407607857,0.11948071775018018,0.15172249407607857,0.12141840159893036,2.0193679332733154,1.897949531674385,915,3521,0.16358314454555511,1,2.1606128215789795,2.0193679332733154,0.10143817216157913,664,0.010940506123006344,0.9149261713027954,0.0,0.0,1.8812110424041748,0.85,0.0005000000237487257,2.9085230827331543,0.44470205903053284,0,,0,-2.0193679332733154,1.0,0,0.0003957202425226569,0.7914404273033142,phase1_class1
202,687.17,0.9306235429791901,0.11920292675495148,0.987448135543292,0.7569882869720459,0.709016257418502,0.5605151653289795,0.2666666805744171,0.5028266310691833,0.11790738783536099,0.1814098209142685,0.18589195328164215,0.13697113387352547,0.18589195328164215,0.13669802248477936,1.8810242414474487,1.7443262189626694,915,3521,0.17276236414909363,1,2.1606128215789795,1.8810242414474487,0.08963025361299515,664,0.013368600979447365,0.927729070186615,0.0,0.0,1.9372659921646118,0.85,0.0,2.90942645072937,0.45302388072013855,0,,0,-1.8810242414474487,1.0,0,0.00046531177940778434,0.9306235313415527,phase1_class1
203,690.54,0.8769104798309694,0.11920292675495148,0.9909897258234853,0.7563120126724243,0.7115592214440413,0.5656564235687256,0.27788910269737244,0.5023186802864075,0.12144494469560467,0.1814098209142685,0.18345227913237336,0.13711867978937495,0.18345227913237336,0.1261432021856308,1.9566617012023926,1.8305184990167618,915,3521,0.1763504445552826,1,2.1606128215789795,1.9566617012023926,0.0914088636636734,664,0.013038944453001022,0.9189921617507935,0.0,0.0,1.931907296180725,0.85,0.0010000000474974513,2.900555372238159,0.44734492897987366,0,,0,-1.9566617012023926,1.0,0,0.0004384552303235978,0.8769104480743408,phase1_class1
204,693.91,0.875184962521942,0.11920292675495148,0.9858563589584489,0.7533814311027527,0.7078733158945799,0.5470452904701233,0.24133147299289703,0.5018012523651123,0.10307056955689749,0.1814098209142685,0.16337404130620714,0.12058110706013087,0.16337404130620714,0.13258467614650726,1.953825831413269,1.8212411552667618,915,3521,0.15929511189460754,1,2.1606128215789795,1.953825831413269,0.08575249463319778,664,0.014276104047894478,0.926317572593689,0.0,0.0,1.9483184814453125,0.85,0.0,2.9148306846618652,0.45210641622543335,0,,0,-1.953825831413269,1.0,0,0.00043759250547736883,0.875184953212738,phase1_class1
205,697.27,0.8993843117866255,0.11920292675495148,0.981832162857528,0.759242594242096,0.704983826962563,0.5334526300430298,0.20888888835906982,0.5015267133712769,0.08382616091119172,0.1814098209142685,0.14431934493346982,0.10261930735820327,0.14431934493346982,0.13739635050296783,1.9216583967208862,1.7842620462179184,915,3521,0.15164221823215485,1,2.1606128215789795,1.9216583967208862,0.09911417961120605,664,0.013397349044680595,0.9299063086509705,0.0,0.0,1.889960527420044,0.85,0.0,2.920830249786377,0.45443910360336304,0,,0,-1.9216583967208862,1.0,0,0.0004496921901591122,0.8993843197822571,phase1_class1
206,700.64,0.9437547742513861,0.11920292675495148,0.980962336376257,0.7547339797019958,0.7043592664472759,0.539158284664154,0.22396576404571533,0.5041203498840332,0.06967965819447096,0.1814098209142685,0.08708515023625579,0.06843183997120308,0.08708515023625579,0.1554766446352005,1.8372772932052612,1.6818006485700607,915,3521,0.1272045224905014,1,2.1606128215789795,1.8372772932052612,0.08469735831022263,664,0.009636513888835907,0.9333961606025696,0.0,0.0,1.9957146644592285,0.85,0.0,2.9207863807678223,0.45670753717422485,0,,0,-1.8372772932052612,1.0,0,0.0004718774289358407,0.9437547922134399,phase1_class1
207,704.02,0.9501731141824378,0.11920292675495148,0.9908477253283444,0.7567628622055054,0.7114572609906338,0.5549947023391724,0.2553485035896301,0.5008090734481812,0.10643554752670549,0.1814098209142685,0.15991082570350948,0.11964406595383276,0.15991082570350948,0.13935820758342743,1.8455089330673218,1.7061507254838943,915,3521,0.1524985283613205,1,2.1606128215789795,1.8455089330673218,0.0941895917057991,664,0.011817836202681065,0.9175366163253784,0.0,0.0,1.931854009628296,0.85,0.007500000298023224,2.917085647583008,0.44682788848876953,0,,0,-1.8455089330673218,1.0,0,0.0004750865919049829,0.9501731395721436,phase1_class1
208,707.39,0.9253525149926334,0.11920292675495148,0.9908156038370297,0.757889986038208,0.7114341968328974,0.548223078250885,0.2404526174068451,0.49930235743522644,0.09374137687535987,0.1814098209142685,0.1592798754924917,0.11302667791266602,0.1592798754924917,0.1377478539943695,1.8957439661026,1.7579961121082306,915,3521,0.151930570602417,1,2.1606128215789795,1.8957439661026,0.0978320986032486,664,0.00939854048192501,0.9300320148468018,0.0,0.0,1.892454981803894,0.85,0.0005000000237487257,2.9262988567352295,0.4545207917690277,0,,0,-1.8957439661026,1.0,0,0.0004626762820407748,0.9253525137901306,phase1_class1
209,710.79,0.8937884475608612,0.11920292675495148,0.985234690583859,0.7583408355712891,0.7074269400613169,0.5600774884223938,0.26474621891975403,0.5025469064712524,0.11449926514294406,0.1814098209142685,0.18282132892135555,0.13366695376885387,0.18282132892135555,0.1315583437681198,1.9326410293579102,1.8010826855897903,915,3521,0.16760234534740448,1,2.1606128215789795,1.9326410293579102,0.09694086015224457,664,0.010525161400437355,0.9241257309913635,0.0,0.0,1.9131412506103516,0.85,0.0,2.917093515396118,0.4506817162036896,0,,0,-1.9326410293579102,1.0,0,0.0004468942352104932,0.8937884569168091,phase1_class1
210,714.17,0.9190909674117976,0.11920292675495148,0.983076674783219,0.7554103136062622,0.7058774224397378,0.5748261213302612,0.2977346181869507,0.5056851506233215,0.13232362266680944,0.1814098209142685,0.1912480195173932,0.145336247766435,0.1912480195173932,0.13749049603939056,1.894140362739563,1.7566498667001724,915,3521,0.1751391589641571,1,2.1606128215789795,1.894140362739563,0.07364588230848312,664,0.008502814918756485,0.9332409501075745,0.0,0.0,2.0172526836395264,0.85,0.0,2.904193639755249,0.4566066563129425,0,,0,-1.894140362739563,1.0,0,0.00045954552479088306,0.919090986251831,phase1_class1
211,717.55,0.8603334918015432,0.11920292675495148,0.9896141817167604,0.7533814311027527,0.710571541079515,0.5530168414115906,0.2537516951560974,0.5015648603439331,0.11677134693788868,0.1814098209142685,0.1756565387473535,0.13303267188940002,0.1756565387473535,0.12180867046117783,1.9710793495178223,1.8492706790566444,915,3521,0.18055036664009094,1,2.1606128215789795,1.9710793495178223,0.07583267986774445,664,0.010782824829220772,0.9395215511322021,0.0,0.0,1.9959486722946167,0.85,0.0,2.927934169769287,0.460688978433609,0,,0,-1.9710793495178223,1.0,0,0.00043016677955165505,0.8603335022926331,phase1_class1
212,720.92,0.9065189973131563,0.11920292675495148,0.9921349353339539,0.7603697180747986,0.712381514921385,0.55156409740448,0.24556423723697662,0.49787163734436035,0.0992058577496768,0.1814098209142685,0.1476283282623631,0.11037076790476646,0.1476283282623631,0.12362806499004364,1.9246387481689453,1.8010106831789017,915,3521,0.15580405294895172,1,2.1606128215789795,1.9246387481689453,0.08748891204595566,664,0.008873028680682182,0.9184540510177612,0.0,0.0,1.9634116888046265,0.85,0.004000000189989805,2.920605421066284,0.4469951391220093,0,,0,-1.9246387481689453,1.0,0,0.000453259504865855,0.9065189957618713,phase1_class1
213,724.28,0.956429518021036,0.11920292675495148,0.9745993431546751,0.751803457736969,0.6997904536888588,0.5433809757232666,0.2348853200674057,0.5059094429016113,0.08707256849224715,0.1814098209142685,0.1288119908582325,0.09657987762036499,0.1288119908582325,0.16887500882148743,1.764268398284912,1.5953933894634247,915,3521,0.13053026795387268,1,2.1606128215789795,1.764268398284912,0.0939762145280838,664,0.009244308806955814,0.9222262501716614,0.0,0.0,1.9235305786132812,0.85,0.0,2.9091074466705322,0.44944706559181213,0,,0,-1.764268398284912,1.0,0,0.0004782147880177945,0.9564295411109924,phase1_class1
214,727.65,0.9607029800506176,0.11920292675495148,0.9883375482997545,0.7527051568031311,0.7096548814446038,0.5515457391738892,0.251194566488266,0.5024353861808777,0.09307992792658568,0.1814098209142685,0.1294429410692503,0.09905730241140849,0.1294429410692503,0.15229953825473785,1.8057531118392944,1.6534535735845566,915,3521,0.1401005983352661,1,2.1606128215789795,1.8057531118392944,0.09099306166172028,664,0.007427206262946129,0.9114142060279846,0.0,0.0,1.9459348917007446,0.85,0.0,2.9004764556884766,0.44241923093795776,0,,0,-1.8057531118392944,1.0,0,0.00048035153304226696,0.9607030153274536,phase1_class1
215,731.01,0.9162216850770852,0.11920292675495148,0.9884683846180362,0.7524797320365906,0.7097488256968469,0.5533348321914673,0.2550881803035736,0.502117931842804,0.1149127095351389,0.1814098209142685,0.19242579324462641,0.13943508398692875,0.19242579324462641,0.13343073427677155,1.9065957069396973,1.7731649726629257,915,3521,0.16462412476539612,1,2.1606128215789795,1.9065957069396973,0.08765692263841629,664,0.008364332839846611,0.9273484349250793,0.0,0.0,1.9534530639648438,0.85,0.002500000176951289,2.9150338172912598,0.4527764618396759,0,,0,-1.9065957069396973,1.0,0,0.00045811088057234883,0.9162217378616333,phase1_class1
216,734.38,0.8163094214180264,0.11920292675495148,0.9915583153923051,0.759242594242096,0.711967485162996,0.5247448086738586,0.19090908765792847,0.4989786446094513,0.07392894778091792,0.1814098209142685,0.11424405154162168,0.08463354745473202,0.11424405154162168,0.11740607768297195,2.006754159927368,1.8893480822443962,915,3521,0.148027703166008,1,2.1606128215789795,2.006754159927368,0.08464201539754868,664,0.011595687828958035,0.9372119903564453,0.0,0.0,1.9736355543136597,0.85,0.0005000000237487257,2.920576572418213,0.4591878354549408,0,,0,-2.006754159927368,1.0,0,0.00040815473766997457,0.8163094520568848,phase1_class1
217,737.74,0.8896346276064461,0.11920292675495148,0.9787473245148087,0.7529305815696716,0.7027688240092256,0.5275164246559143,0.20116618275642395,0.505989134311676,0.07905913465343768,0.1814098209142685,0.11180437739235288,0.08653315494903352,0.11180437739235288,0.1351037323474884,1.9305219650268555,1.795418232679367,915,3521,0.14734292030334473,1,2.1606128215789795,1.9305219650268555,0.09408656507730484,664,0.010179104283452034,0.9363888502120972,0.0,0.0,1.9177508354187012,0.85,0.0,2.9000988006591797,0.4586527645587921,0,,0,-1.9305219650268555,1.0,0,0.0004448173276614398,0.8896346092224121,phase1_class1
218,741.13,0.9121376591671199,0.11920292675495148,0.9898866268046793,0.7558611631393433,0.7107671645149495,0.5518501400947571,0.24948027729988098,0.4998522400856018,0.09371623498664532,0.1814098209142685,0.15479311843636517,0.11056575057150426,0.15479311843636517,0.1369573026895523,1.9143823385238647,1.7774250358343124,915,3521,0.15331412851810455,1,2.1606128215789795,1.9143823385238647,0.09672962129116058,664,0.00963337067514658,0.9326666593551636,0.0,0.0,1.8977388143539429,0.85,0.0,2.92525577545166,0.45623335242271423,0,,0,-1.9143823385238647,1.0,0,0.000456068868516013,0.9121376872062683,phase1_class1
219,744.51,0.8863354940777302,0.11920292675495148,0.9885349779536887,0.7538322806358337,0.7097966416336174,0.5567381978034973,0.26116374135017395,0.5049774050712585,0.10503349923875947,0.1814098209142685,0.15337698574052525,0.11576231381171678,0.15337698574052525,0.1363903433084488,1.9445959329605103,1.8082055896520615,915,3521,0.16121774911880493,1,2.1606128215789795,1.9445959329605103,0.09352705627679825,664,0.007886440493166447,0.9088546633720398,0.0,0.0,1.9334214925765991,0.85,0.006000000052154064,2.9237170219421387,0.4407555162906647,0,,0,-1.9445959329605103,1.0,0,0.000443167780758813,0.8863354921340942,phase1_class1
220,747.88,0.7578222888993006,0.11920292675495148,0.9838178194364794,0.757439136505127,0.7064095856889714,0.5333548784255981,0.20998533070087433,0.5015833973884583,0.08310356440591425,0.1814098209142685,0.13164425624991236,0.09666644160439268,0.13164425624991236,0.12198024988174438,2.0396194458007812,1.9176391959190369,915,3521,0.16509944200515747,1,2.1606128215789795,2.0396194458007812,0.08325072377920151,664,0.007054243236780167,0.9360097050666809,0.0,0.0,1.9708313941955566,0.85,0.0,2.895009994506836,0.4584062993526459,0,,0,-2.0396194458007812,1.0,0,0.0003789111506193876,0.7578222751617432,phase1_class1
221,751.27,0.6929077959755974,0.11920292675495148,0.9911720740455217,0.7601442933082581,0.7116901527297275,0.533497154712677,0.2083333432674408,0.5001081824302673,0.08349900596421471,0.1814098209142685,0.14329580348004095,0.10191519733750476,0.14329580348004095,0.11002221703529358,2.0763211250305176,1.966298907995224,915,3521,0.16220606863498688,1,2.1606128215789795,2.0763211250305176,0.10389238595962524,664,0.010039684362709522,0.9221270084381104,0.0,0.0,1.8712060451507568,0.85,0.0,2.9132983684539795,0.4493825435638428,0,,0,-2.0763211250305176,1.0,0,0.00034645391860976815,0.6929078102111816,phase1_class1
222,754.64,0.9393522254863143,0.11920292675495148,0.9831072293725186,0.7524797320365906,0.7058993615166091,0.5609265565872192,0.2709163427352905,0.5053141117095947,0.11160887912183418,0.1814098209142685,0.19408028490907306,0.1370840630389492,0.19408028490907306,0.1459970772266388,1.8539543151855469,1.707957237958908,915,3521,0.1668647974729538,1,2.1606128215789795,1.8539543151855469,0.08249745517969131,664,0.007495139725506306,0.930043637752533,0.0,0.0,1.9968912601470947,0.85,0.0,2.9149234294891357,0.4545283317565918,0,,0,-1.8539543151855469,1.0,0,0.0004696761316154152,0.9393522143363953,phase1_class1
223,758.02,0.880367338288914,0.11920292675495148,0.9832823306727337,0.757439136505127,0.7060250893032937,0.5193803310394287,0.18112634122371674,0.5016846656799316,0.0667172608377836,0.1814098209142685,0.09235708977720447,0.07151551212743162,0.09235708977720447,0.12993517518043518,1.9459692239761353,1.8160340487957,915,3521,0.13298504054546356,1,2.1606128215789795,1.9459692239761353,0.08441685140132904,664,0.014501243829727173,0.9466278553009033,0.0,0.0,1.956309199333191,0.85,0.0,2.9080734252929688,0.46530812978744507,0,,0,-1.9459692239761353,1.0,0,0.00044018367771059275,0.8803673386573792,phase1_class1
224,761.39,0.9259400408729591,0.11920292675495148,0.9839604075198761,0.7565374374389648,0.7065119680477034,0.5543347597122192,0.25414368510246277,0.5033976435661316,0.10202081810464303,0.1814098209142685,0.17360945584049578,0.1233319205881993,0.17360945584049578,0.1473662406206131,1.8836113214492798,1.7362450808286667,915,3521,0.1696580946445465,1,2.1606128215789795,1.8836113214492798,0.09489699453115463,664,0.009480191394686699,0.9328758716583252,0.0,0.0,1.9165087938308716,0.85,0.0,2.9131813049316406,0.4563693702220917,0,,0,-1.8836113214492798,1.0,0,0.00046297002700157464,0.9259400367736816,phase1_class1
225,764.77,0.9111395981299669,0.11920292675495148,0.9858704610765872,0.7565374374389648,0.7078834416223667,0.5596997737884521,0.26530611515045166,0.5033606886863708,0.11790738783536099,0.1814098209142685,0.19959058341862845,0.1432266247139901,0.19959058341862845,0.13252833485603333,1.9105324745178223,1.778004139661789,915,3521,0.17167635262012482,1,2.1606128215789795,1.9105324745178223,0.10632065683603287,664,0.012255692854523659,0.9197695851325989,0.0,0.0,1.8622956275939941,0.85,0.0,2.9338274002075195,0.4478502571582794,0,,0,-1.9105324745178223,1.0,0,0.0004555698251351714,0.9111396074295044,phase1_class1
226,768.15,0.9575775714130821,0.11920292675495148,0.9887136047834385,0.751803457736969,0.7099249008522488,0.5698730945587158,0.29013538360595703,0.506054162979126,0.12852005841609204,0.1814098209142685,0.18613031225024887,0.14177788338427083,0.18613031225024887,0.14774565398693085,1.8180086612701416,1.6702630072832108,915,3521,0.16101931035518646,1,2.1606128215789795,1.8180086612701416,0.10063529759645462,664,0.011150456964969635,0.9087074398994446,0.0,0.0,1.890802264213562,0.85,0.0005000000237487257,2.921804428100586,0.44065985083580017,0,,0,-1.8180086612701416,1.0,0,0.00047878880286589265,0.9575775861740112,phase1_class1
227,771.56,0.9395132694758466,0.11920292675495148,0.9847836186661905,0.7536068558692932,0.7071030574072512,0.5565723180770874,0.26098713278770447,0.5048272013664246,0.10394060306389609,0.1814098209142685,0.15337698574052525,0.11516848958368828,0.15337698574052525,0.14385704696178436,1.8573417663574219,1.7134847193956375,915,3521,0.1580273061990738,1,2.1606128215789795,1.8573417663574219,0.08562658727169037,664,0.011598391458392143,0.9242246747016907,0.0,0.0,1.971529245376587,0.85,0.0005000000237487257,2.92606258392334,0.4507460296154022,0,,0,-1.8573417663574219,1.0,0,0.000469756661914289,0.9395132660865784,phase1_class1
228,774.94,0.8747709410700838,0.11920292675495148,0.9848182863732798,0.7590171694755554,0.7071279498213934,0.5469435453414917,0.2369735985994339,0.5018542408943176,0.09142615035780632,0.1814098209142685,0.14046353808836107,0.10343037150313569,0.14046353808836107,0.1330472081899643,1.9533076286315918,1.8202604204416275,915,3521,0.16196420788764954,1,2.1606128215789795,1.9533076286315918,0.07478680461645126,664,0.009735831059515476,0.9343932271003723,0.0,0.0,1.9999818801879883,0.85,0.0,2.9231979846954346,0.4573556184768677,0,,0,-1.9533076286315918,1.0,0,0.0004373854899313301,0.8747709393501282,phase1_class1
229,778.32,0.832439773207204,0.11920292675495148,0.9854129256881051,0.759242594242096,0.707554918009732,0.5395871996879578,0.2215743511915207,0.5006969571113586,0.08732057304882648,0.1814098209142685,0.14085612933077216,0.10225928413385738,0.14085612933077216,0.12771399319171906,1.9912029504776,1.863488957285881,915,3521,0.1639276146888733,1,2.1606128215789795,1.9912029504776,0.08324965089559555,664,0.009859027341008186,0.9301552176475525,0.0,0.0,1.959915280342102,0.85,0.0,2.929755926132202,0.45460084080696106,0,,0,-1.9912029504776,1.0,0,0.0004162198747508228,0.8324397206306458,phase1_class1
230,781.7,0.9455785267932127,0.11920292675495148,0.9744062224812834,0.7470694184303284,0.6996517874722246,0.5605514645576477,0.2742561399936676,0.5120062828063965,0.11608475610039995,0.1814098209142685,0.17282427335567366,0.13037427011275518,0.17282427335567366,0.1591564267873764,1.811566710472107,1.6524102836847305,915,3521,0.15105584263801575,1,2.1606128215789795,1.811566710472107,0.09153451770544052,664,0.01061875931918621,0.9355326294898987,0.0,0.0,1.943699836730957,0.85,0.0,2.9155309200286865,0.4580961763858795,0,,0,-1.811566710472107,1.0,0,0.00047278928104788065,0.9455785155296326,phase1_class1
231,785.08,0.842770573633651,0.11920292675495148,0.9865826180425633,0.7605951428413391,0.7083947908755942,0.5416276454925537,0.22481751441955566,0.5007545351982117,0.08399873980162739,0.1814098209142685,0.14290321223762986,0.10091593184821035,0.14290321223762986,0.1258144974708557,1.983794093132019,1.8579795956611633,915,3521,0.16263137757778168,1,2.1606128215789795,1.983794093132019,0.08752819895744324,664,0.012280425056815147,0.9400614500045776,0.0,0.0,1.9437288045883179,0.85,0.0005000000237487257,2.9321210384368896,0.4610399603843689,0,,0,-1.983794093132019,1.0,0,0.00042138530989177525,0.8427705764770508,phase1_class1
232,788.47,0.830633663356288,0.11920292675495148,0.9823034086386442,0.7554103136062622,0.7053221950327679,0.530860424041748,0.20629113912582397,0.5043607950210571,0.08452361552775463,0.1814098209142685,0.12959717334305465,0.09701868631448585,0.12959717334305465,0.1256275326013565,1.9905644655227661,1.8649369329214096,915,3521,0.1568993777036667,1,2.1606128215789795,1.9905644655227661,0.09506791830062866,664,0.006767819635570049,0.9216623902320862,0.0,0.0,1.9338138103485107,0.85,0.0,2.9188482761383057,0.44908058643341064,0,,0,-1.9905644655227661,1.0,0,0.0004153168702032417,0.8306336998939514,phase1_class1
233,791.85,0.8747482697485127,0.11920292675495148,0.9784977953688645,0.7513526082038879,0.7025896548814446,0.53840172290802,0.22487704455852509,0.5071897506713867,0.08941293689851523,0.1814098209142685,0.11960011777737273,0.09454998045907134,0.11960011777737273,0.1300498992204666,1.947417140007019,1.8173672407865524,915,3521,0.13967683911323547,1,2.1606128215789795,1.947417140007019,0.08803805708885193,664,0.007933965884149075,0.9216441512107849,0.0,0.0,1.9545403718948364,0.85,0.0005000000237487257,2.9118599891662598,0.44906872510910034,0,,0,-1.947417140007019,1.0,0,0.0004373741685412824,0.8747482895851135,phase1_class1
234,795.23,0.9406438707635906,0.11920292675495148,0.986291957718716,0.7556357383728027,0.708186088375102,0.52530837059021,0.1946508139371872,0.502588152885437,0.06754414962217328,0.1814098209142685,0.08991741562793568,0.07027466712020188,0.08991741562793568,0.14549995958805084,1.8580524921417236,1.7125525325536728,915,3521,0.1273813098669052,1,2.1606128215789795,1.8580524921417236,0.09981277585029602,664,0.011190880089998245,0.9431135058403015,0.0,0.0,1.8942339420318604,0.85,0.0,2.911086082458496,0.4630237817764282,0,,0,-1.8580524921417236,1.0,0,0.0004703219747170806,0.9406439065933228,phase1_class1
235,798.62,0.8631122222456494,0.11920292675495148,0.9820636726302957,0.7536068558692932,0.7051500576603943,0.5383766293525696,0.22316986322402954,0.5058026909828186,0.08349186690939453,0.1814098209142685,0.10180732182667096,0.08309855103717959,0.10180732182667096,0.13242469727993011,1.9624298810958862,1.8300051838159561,915,3521,0.13794457912445068,1,2.1606128215789795,1.9624298810958862,0.08348732441663742,664,0.008939355611801147,0.9332358837127686,0.0,0.0,1.9837478399276733,0.85,0.002500000176951289,2.919410228729248,0.45662689208984375,0,,0,-1.9624298810958862,1.0,0,0.0004315561382099986,0.863112211227417,phase1_class1
236,802.04,0.9682999661445869,0.11920292675495148,0.9886916681552235,0.7545085549354553,0.7099091497201361,0.5710639953613281,0.2905537486076355,0.5039886236190796,0.1170913628300455,0.1814098209142685,0.18408322934339114,0.13405094406113968,0.18408322934339114,0.15695229172706604,1.774571418762207,1.617619127035141,915,3521,0.16036522388458252,1,2.1606128215789795,1.774571418762207,0.09733766317367554,664,0.009588697925209999,0.9234384298324585,0.0,0.0,1.9078482389450073,0.85,0.0,2.9205968379974365,0.4502350091934204,0,,0,-1.774571418762207,1.0,0,0.00048415001947432756,0.9682999849319458,phase1_class1
237,805.42,0.9143121009401538,0.11920292675495148,0.9879736353066898,0.7583408355712891,0.7093935814136642,0.5516298413276672,0.24719099700450897,0.49999934434890747,0.09245075992134624,0.1814098209142685,0.13597678103223454,0.10137092909601837,0.13597678103223454,0.1379585713148117,1.9087436199188232,1.7707850486040115,915,3521,0.15722231566905975,1,2.1606128215789795,1.9087436199188232,0.09308917075395584,664,0.008651945739984512,0.9137804508209229,0.0,0.0,1.9163899421691895,0.85,0.005500000435858965,2.916294574737549,0.4440760612487793,0,,0,-1.9087436199188232,1.0,0,0.0004571560421027243,0.9143120646476746,phase1_class1
238,808.8,0.9371750489197685,0.11920292675495148,0.9883477331628543,0.7569882869720459,0.7096621944702275,0.5423325896263123,0.22889842092990875,0.5009956359863281,0.07955886849085038,0.1814098209142685,0.11960011777737273,0.08805572822942942,0.11960011777737273,0.14663368463516235,1.8698464632034302,1.7232127785682678,915,3521,0.1460776925086975,1,2.1606128215789795,1.8698464632034302,0.07897426187992096,664,0.01039828173816204,0.9362766742706299,0.0,0.0,1.9954830408096313,0.85,0.0,2.94352650642395,0.4585798680782318,0,,0,-1.8698464632034302,1.0,0,0.00046858753194101155,0.9371750354766846,phase1_class1
239,812.18,0.7798251253068411,0.11920292675495148,0.9846937176630597,0.7572137117385864,0.7070385058926111,0.5370845198631287,0.21786491572856903,0.5043179392814636,0.083232998573741,0.1814098209142685,0.13880904642391442,0.09945006840982393,0.13880904642391442,0.12658588588237762,2.026942729949951,1.9003568440675735,915,3521,0.1598891019821167,1,2.1606128215789795,2.026942729949951,0.09212446212768555,664,0.008269578218460083,0.9290058016777039,0.0,0.0,1.939746379852295,0.85,0.0,2.9371602535247803,0.4538537561893463,0,,0,-2.026942729949951,1.0,0,0.00038991260225884616,0.7798251509666443,phase1_class1
240,815.68,0.9396816059013021,0.11920292675495148,0.9825564633141232,0.7511271238327026,0.7055038955924957,0.545944094657898,0.24071529507637024,0.505694568157196,0.09408653465623122,0.1814098209142685,0.1202310679883905,0.09642937943556724,0.1202310679883905,0.14904512465000153,1.8518873453140259,1.7028422206640244,915,3521,0.13593949377536774,1,2.1606128215789795,1.8518873453140259,0.10567616671323776,664,0.008404179476201534,0.9169493913650513,0.0,0.0,1.8670392036437988,0.85,0.001500000013038516,2.9207029342651367,0.4460171163082123,0,,0,-1.8518873453140259,1.0,0,0.00046984085929580033,0.9396816492080688,phase1_class1
241,819.07,0.9517761615862005,0.11920292675495148,0.9876488948640086,0.7545085549354553,0.7091604084043541,0.5572365522384644,0.26169490814208984,0.5047225952148438,0.10280456216642378,0.1814098209142685,0.16809915733094039,0.12095304674835161,0.16809915733094039,0.15403291583061218,1.832777500152588,1.6787445843219757,915,3521,0.1608324497938156,1,2.1606128215789795,1.832777500152588,0.11802094429731369,664,0.010391730815172195,0.9281495809555054,0.0,0.0,1.8270796537399292,0.85,0.0005000000237487257,2.9029321670532227,0.4532972276210785,0,,0,-1.832777500152588,1.0,0,0.0004758880822919309,0.9517761468887329,phase1_class1
242,822.45,0.9729564294537165,0.11920292675495148,0.97783382063986,0.7527051568031311,0.7021129018648214,0.5582863092422485,0.2652377784252167,0.5098767876625061,0.0872631502165772,0.1814098209142685,0.12905034982683922,0.09449929314046214,0.12905034982683922,0.1927908957004547,1.6310398578643799,1.4382489621639252,915,3521,0.10963737964630127,1,2.1606128215789795,1.6310398578643799,0.10119328647851944,664,0.007974898442626,0.9094342589378357,0.0,0.0,1.8906337022781372,0.85,0.003000000026077032,2.917026996612549,0.44117680191993713,0,,0,-1.6310398578643799,1.0,0,0.0004864782385993749,0.9729564189910889,phase1_class1
243,825.84,0.8766802733094184,0.11920292675495148,0.989391289905077,0.7585662603378296,0.7104114983264421,0.5407516956329346,0.22447502613067627,0.49937424063682556,0.09125357146737063,0.1814098209142685,0.1586489252814739,0.11233492739222711,0.1586489252814739,0.12824508547782898,1.9554812908172607,1.8272362053394318,915,3521,0.15815497934818268,1,2.1606128215789795,1.9554812908172607,0.08554735034704208,664,0.012786637991666794,0.9387523531913757,0.0,0.0,1.9441453218460083,0.85,0.0,2.923619270324707,0.4601890444755554,0,,0,-1.9554812908172607,1.0,0,0.00043834015377797186,0.8766802549362183,phase1_class1
244,829.24,0.8995399639169154,0.11920292675495148,0.9888511004352853,0.7533814311027527,0.7100236266981689,0.5475508570671082,0.24238227307796478,0.5041199326515198,0.09950787080793924,0.1814098209142685,0.164397582759636,0.11891832334175349,0.164397582759636,0.13622380793094635,1.92963707447052,1.7934132665395737,915,3521,0.16499556601047516,1,2.1606128215789795,1.92963707447052,0.10343661904335022,664,0.009371621534228325,0.9256176352500916,0.0,0.0,1.9062219858169556,0.85,0.0005000000237487257,2.919665575027466,0.4516514539718628,0,,0,-1.92963707447052,1.0,0,0.00044976998469792306,0.8995399475097656,phase1_class1
245,832.62,0.9151070675575148,0.11920292675495148,0.9783777315019381,0.7533814311027527,0.7025034455601495,0.5601989030838013,0.26871657371520996,0.5087843537330627,0.11014568327738487,0.1814098209142685,0.16156531736795615,0.12182188843046368,0.16156531736795615,0.14576466381549835,1.8934509754180908,1.7476863116025925,915,3521,0.1700565069913864,1,2.1606128215789795,1.8934509754180908,0.11538715660572052,664,0.007672418840229511,0.9062237739562988,0.0,0.0,1.8354661464691162,0.85,0.003000000026077032,2.9125723838806152,0.4390454888343811,0,,0,-1.8934509754180908,1.0,0,0.00045755357132293284,0.9151070713996887,phase1_class1
246,836.01,0.9310501792014593,0.11920292675495148,0.9843819041620052,0.7610459923744202,0.7068146148004388,0.5586516857147217,0.2597765326499939,0.5021974444389343,0.09609974811552233,0.1814098209142685,0.14621219556652318,0.10688591971068806,0.14621219556652318,0.13883213698863983,1.8746346235275269,1.735802486538887,915,3521,0.14449819922447205,1,2.1606128215789795,1.8746346235275269,0.12353401631116867,664,0.012473396956920624,0.9262358546257019,0.0,0.0,1.8054577112197876,0.85,0.003000000026077032,2.923344135284424,0.45205333828926086,0,,0,-1.8746346235275269,1.0,0,0.0004655251104850322,0.931050181388855,phase1_class1
247,839.39,0.9352129905135779,0.11920292675495148,0.9889415890266717,0.7529305815696716,0.7100886001181335,0.5565533638000488,0.2614555060863495,0.5075441002845764,0.08608396459649598,0.1814098209142685,0.15440052719395408,0.1054013123129722,0.15440052719395408,0.16236263513565063,1.8749299049377441,1.7125672698020935,915,3521,0.14651069045066833,1,2.1606128215789795,1.8749299049377441,0.1115136593580246,664,0.009541688486933708,0.9295274019241333,0.0,0.0,1.8621201515197754,0.85,0.0,2.9123947620391846,0.45419278740882874,0,,0,-1.8749299049377441,1.0,0,0.00046760650002397597,0.9352129697799683,phase1_class1
248,842.76,0.9491516395042878,0.11920292675495148,0.9847497344101083,0.7533814311027527,0.7070787275335414,0.5606669187545776,0.26969292759895325,0.5040630102157593,0.11071370372612102,0.1814098209142685,0.16258885882138502,0.12253020003768125,0.16258885882138502,0.15075485408306122,1.8322851657867432,1.681530311703682,915,3521,0.16369010508060455,1,2.1606128215789795,1.8322851657867432,0.10624614357948303,664,0.009025727398693562,0.9269214272499084,0.0,0.0,1.8844375610351562,0.85,0.002500000176951289,2.913743734359741,0.4525764286518097,0,,0,-1.8322851657867432,1.0,0,0.0004745758487842977,0.9491516351699829,phase1_class1
249,846.15,0.9269603377871921,0.11920292675495148,0.988283490180225,0.7479711771011353,0.7096160661547548,0.5686872005462646,0.29060912132263184,0.5095288753509521,0.13286650122683105,0.1814098209142685,0.2049466496543795,0.15294231525130725,0.2049466496543795,0.1422724723815918,1.8890374898910522,1.7467650175094604,915,3521,0.178030326962471,1,2.1606128215789795,1.8890374898910522,0.11084200441837311,664,0.009463496506214142,0.9011731147766113,0.0,0.0,1.855238914489746,0.85,0.008500000461935997,2.9257938861846924,0.43576884269714355,0,,0,-1.8890374898910522,1.0,0,0.0004634801880456507,0.9269603490829468,phase1_class1
250,849.53,0.9241443565709935,0.11920292675495148,0.9786934622580311,0.7477457523345947,0.7027301493544849,0.5578795075416565,0.26814910769462585,0.5114008784294128,0.11676420788306849,0.1814098209142685,0.19510382636250193,0.14112936802820117,0.19510382636250193,0.1533854901790619,1.877636194229126,1.724250704050064,915,3521,0.1675361841917038,1,2.1606128215789795,1.877636194229126,0.10561603307723999,664,0.00743711506947875,0.9270433187484741,0.0,0.0,1.8727562427520752,0.85,0.0,2.921717643737793,0.4525781571865082,0,,0,-1.877636194229126,1.0,0,0.0004620721738319844,0.9241443276405334,phase1_class1
251,852.91,0.9298826770077662,0.11920292675495148,0.9855923359688624,0.7556357383728027,0.7076837397687958,0.5571025609970093,0.26057299971580505,0.505207896232605,0.10162537654634254,0.1814098209142685,0.1513299028336675,0.11277336355325647,0.1513299028336675,0.1401282697916031,1.8791223764419556,1.7389941066503525,915,3521,0.1533193439245224,1,2.1606128215789795,1.8791223764419556,0.11904331296682358,664,0.010381670668721199,0.9255907535552979,0.0,0.0,1.8233964443206787,0.85,0.0005000000237487257,2.929405689239502,0.4516339600086212,0,,0,-1.8791223764419556,1.0,0,0.00046494134585373104,0.9298826456069946,phase1_class1
252,856.3,0.8604039539799793,0.11920292675495148,0.986669972829919,0.759242594242096,0.7084575141338283,0.5340189337730408,0.21005916595458984,0.5010604858398438,0.07613274296453908,0.1814098209142685,0.11589854320606835,0.08544398694087908,0.11589854320606835,0.12941762804985046,1.9687117338180542,1.8392941057682037,915,3521,0.14633068442344666,1,2.1606128215789795,1.9687117338180542,0.10092343389987946,664,0.008985666558146477,0.9318305253982544,0.0,0.0,1.9028154611587524,0.85,0.0,2.93386173248291,0.4556899070739746,0,,0,-1.9687117338180542,1.0,0,0.0004302019951865077,0.8604039549827576,phase1_class1
253,859.72,0.9354767668628918,0.11920292675495148,0.9923836810288906,0.7583408355712891,0.7125601215087335,0.5469845533370972,0.23755335807800293,0.49770355224609375,0.09009238868118377,0.1814098209142685,0.14148707954178993,0.10314757553479942,0.14148707954178993,0.14039787650108337,1.8806488513946533,1.74025097489357,915,3521,0.1515069454908371,1,2.1606128215789795,1.8806488513946533,0.10173327475786209,664,0.010262051597237587,0.9429271817207336,0.0,0.0,1.8805010318756104,0.85,0.0,2.9157028198242188,0.462902694940567,0,,0,-1.8806488513946533,1.0,0,0.0004677383985836059,0.9354767799377441,phase1_class1
254,863.1,0.8870775073908761,0.11920292675495148,0.9843372474545676,0.7587917447090149,0.7067825499957809,0.5425304174423218,0.22799420356750488,0.5036165714263916,0.08028146499612784,0.1814098209142685,0.117553034870515,0.08743787329656405,0.117553034870515,0.13449116051197052,1.9395580291748047,1.8050668686628342,915,3521,0.1453985571861267,1,2.1606128215789795,1.9395580291748047,0.1244259849190712,664,0.00972434040158987,0.8983104825019836,0.0,0.0,1.8002073764801025,0.85,0.004000000189989805,2.932270050048828,0.433901846408844,0,,0,-1.9395580291748047,1.0,0,0.00044353879638947546,0.8870775699615479,phase1_class1
255,866.49,0.9672887453278379,0.11920292675495148,0.9864936963531923,0.7538322806358337,0.7083309425364949,0.5572174191474915,0.2621621787548065,0.5047348737716675,0.09458626849364392,0.1814098209142685,0.12495618401312378,0.0970062631773293,0.12495618401312378,0.1592487394809723,1.7686800956726074,1.6094313561916351,915,3521,0.1328582763671875,1,2.1606128215789795,1.7686800956726074,0.1219252347946167,664,0.013162175193428993,0.933634340763092,0.0,0.0,1.8058595657348633,0.85,0.0005000000237487257,2.921034336090088,0.45686233043670654,0,,0,-1.7686800956726074,1.0,0,0.00048364439862780273,0.9672887325286865,phase1_class1
256,869.88,0.9481938446334968,0.11920292675495148,0.9909049172519047,0.7549594640731812,0.7114983264422131,0.5445796251296997,0.23504574596881866,0.5020354986190796,0.08471419725208468,0.1814098209142685,0.12676490795137477,0.09399241229594911,0.12676490795137477,0.1496700495481491,1.850602626800537,1.700932577252388,915,3521,0.14516739547252655,1,2.1606128215789795,1.850602626800537,0.10568366199731827,664,0.010132959112524986,0.9385466575622559,0.0,0.0,1.886408805847168,0.85,0.0,2.918278455734253,0.46005532145500183,0,,0,-1.850602626800537,1.0,0,0.0004740969161503017,0.9481937885284424,phase1_class1
257,873.26,0.9689084869523075,0.11920292675495148,0.983442938129307,0.7533814311027527,0.7061404100919754,0.570641040802002,0.29053178429603577,0.5078788995742798,0.10531037040830737,0.1814098209142685,0.17038459920640484,0.12126758829888057,0.17038459920640484,0.17986001074314117,1.7406481504440308,1.5607881397008896,915,3521,0.14816823601722717,1,2.1606128215789795,1.7406481504440308,0.11015652120113373,664,0.007625586818903685,0.9189053773880005,0.0,0.0,1.848802924156189,0.85,0.005000000353902578,2.9265177249908447,0.447316437959671,0,,0,-1.7406481504440308,1.0,0,0.00048445427091792226,0.9689084887504578,phase1_class1
258,876.65,0.9658731209895132,0.11920292675495148,0.9903874478613356,0.7531560063362122,0.711126768486485,0.5691444873809814,0.2875732183456421,0.5022948384284973,0.11352866408108725,0.1814098209142685,0.16731397484611826,0.12487175011745254,0.16731397484611826,0.15113617479801178,1.793235421180725,1.6420992463827133,915,3521,0.1508309245109558,1,2.1606128215789795,1.793235421180725,0.10665599256753922,664,0.009323682636022568,0.9173405170440674,0.0,0.0,1.876437783241272,0.85,0.0010000000474974513,2.9279959201812744,0.4462713301181793,0,,0,-1.793235421180725,1.0,0,0.00048293659347109497,0.965873122215271,phase1_class1
259,880.03,0.8539027653246704,0.11920292675495148,0.9874796694463508,0.7551848888397217,0.7090388996709138,0.5307087898254395,0.20614036917686462,0.5035838484764099,0.07379237455827098,0.1814098209142685,0.10015283016222432,0.07775086495338393,0.10015283016222432,0.13075414299964905,1.9750988483428955,1.8443447053432465,915,3521,0.14604534208774567,1,2.1606128215789795,1.9750988483428955,0.1311342865228653,664,0.008970415219664574,0.9077548384666443,0.0,0.0,1.7721048593521118,0.85,0.0005000000237487257,2.9144062995910645,0.4400406777858734,0,,0,-1.9750988483428955,1.0,0,0.0004269513883627951,0.8539027571678162,phase1_class1
260,883.41,0.9216018145919548,0.11920292675495148,0.9858645851940295,0.7565374374389648,0.7078792225691222,0.5377112030982971,0.2196531593799591,0.5027684569358826,0.09210560214047486,0.1814098209142685,0.1555783009211873,0.11197886049510268,0.1555783009211873,0.13319739699363708,1.8942996263504028,1.7611022293567657,915,3521,0.15434598922729492,1,2.1606128215789795,1.8942996263504028,0.10531892627477646,664,0.006292928941547871,0.917471170425415,0.0,0.0,1.8578383922576904,0.85,0.0005000000237487257,2.921851634979248,0.44635629653930664,0,,0,-1.8942996263504028,1.0,0,0.00046080094762146473,0.9216018319129944,phase1_class1
261,886.8,0.9444346803739605,0.11920292675495148,0.9864241650762611,0.7520288825035095,0.7082810170731021,0.5558909773826599,0.26075270771980286,0.5032233595848083,0.09961216308705145,0.1814098209142685,0.15440052719395408,0.11330076181176961,0.15440052719395408,0.1478576809167862,1.84929621219635,1.701438531279564,915,3521,0.15020030736923218,1,2.1606128215789795,1.84929621219635,0.11244086176156998,664,0.009002681821584702,0.9330916404724121,0.0,0.0,1.8526002168655396,0.85,0.0,2.927290201187134,0.4565095901489258,0,,0,-1.84929621219635,1.0,0,0.0004722173325717449,0.944434642791748,phase1_class1
262,890.21,0.958863318103261,0.11920292675495148,0.9826032745118317,0.75,0.7055375073833432,0.5622837543487549,0.27563682198524475,0.5068889856338501,0.10631697713795292,0.1814098209142685,0.14235638872141446,0.11080802525151827,0.14235638872141446,0.16770681738853455,1.790753960609436,1.6230471432209015,915,3521,0.15058591961860657,1,2.1606128215789795,1.790753960609436,0.0874866172671318,664,0.0076873465441167355,0.9304943680763245,0.0,0.0,1.9420193433761597,0.85,0.0,2.924391746520996,0.45482137799263,0,,0,-1.790753960609436,1.0,0,0.000479431648273021,0.9588632583618164,phase1_class1
263,893.6,0.9387660419897688,0.11920292675495148,0.9840935941911808,0.7547339797019958,0.7066075999212443,0.5469934344291687,0.2402234524488449,0.5038948059082031,0.09609974811552233,0.1814098209142685,0.14660478680893427,0.10904342255040597,0.14660478680893427,0.14145450294017792,1.857547640800476,1.7160931378602982,915,3521,0.15378344058990479,1,2.1606128215789795,1.857547640800476,0.12535881996154785,664,0.006997928023338318,0.9224295616149902,0.0,0.0,1.79668128490448,0.85,0.0,2.906773090362549,0.4495791792869568,0,,0,-1.857547640800476,1.0,0,0.0004693830560427159,0.9387660622596741,phase1_class1
264,896.98,0.9367555733422295,0.11920292675495148,0.9835060059354248,0.7520288825035095,0.7061856945967991,0.5490836501121521,0.24657535552978516,0.5058158040046692,0.0916598768047453,0.1814098209142685,0.14007094684595,0.10338439931072355,0.14007094684595,0.14850711822509766,1.860852837562561,1.7123457193374634,915,3521,0.1522640585899353,1,2.1606128215789795,1.860852837562561,0.0918196588754654,664,0.00887182168662548,0.9448864459991455,0.0,0.0,1.9257203340530396,0.85,0.0,2.918671131134033,0.4641761779785156,0,,0,-1.860852837562561,1.0,0,0.00046837778063490987,0.9367555379867554,phase1_class1
265,900.36,0.8799455649652399,0.11920292675495148,0.9901214662442299,0.7545085549354553,0.7109357860096195,0.5357705950737,0.21711000800132751,0.5025806427001953,0.08720914171489409,0.1814098209142685,0.1398325878773433,0.10251687058307923,0.1398325878773433,0.12960019707679749,1.9528346061706543,1.8232344090938568,915,3521,0.15584257245063782,1,2.1606128215789795,1.9528346061706543,0.09811489284038544,664,0.011494730599224567,0.9332720041275024,0.0,0.0,1.9025251865386963,0.85,0.001500000013038516,2.927096366882324,0.4566268026828766,0,,0,-1.9528346061706543,1.0,0,0.0004399728204589337,0.8799455761909485,phase1_class1
266,903.75,0.9634593943585416,0.11920292675495148,0.9739659230149703,0.7394048571586609,0.6993356397491071,0.5618249177932739,0.28287839889526367,0.5152929425239563,0.1127989285209896,0.1814098209142685,0.15975659342970513,0.12260236265548509,0.15975659342970513,0.18340416252613068,1.7087595462799072,1.5253553837537766,915,3521,0.13302673399448395,1,2.1606128215789795,1.7087595462799072,0.10442923754453659,664,0.007993925362825394,0.9284054636955261,0.0,0.0,1.8738926649093628,0.85,0.002500000176951289,2.9108667373657227,0.45346352458000183,0,,0,-1.7087595462799072,1.0,0,0.00048172971582971513,0.9634593725204468,phase1_class1
267,907.13,0.9621359154771473,0.11920292675495148,0.990573517475658,0.7538322806358337,0.7112603718392259,0.5538339614868164,0.25511598587036133,0.503009557723999,0.09474084455018524,0.1814098209142685,0.14723573701995205,0.10756061862575307,0.14723573701995205,0.15478515625,1.8084686994552612,1.6536835432052612,915,3521,0.1469404548406601,1,2.1606128215789795,1.8084686994552612,0.10274744778871536,664,0.012644141912460327,0.9401037693023682,0.0,0.0,1.866557002067566,0.85,0.002500000176951289,2.9287643432617188,0.46106746792793274,0,,0,-1.8084686994552612,1.0,0,0.0004810679820366204,0.962135910987854,phase1_class1
268,910.51,0.9473266769924545,0.11920292675495148,0.9883414655547929,0.75225430727005,0.7096576941467667,0.5570074915885925,0.2629108130931854,0.504174530506134,0.10184110015938716,0.1814098209142685,0.15644761010081182,0.11531120925423327,0.15644761010081182,0.15429794788360596,1.8466416597366333,1.6923437118530273,915,3521,0.14515192806720734,1,2.1606128215789795,1.8466416597366333,0.10548137128353119,664,0.00960882380604744,0.9253532290458679,0.0,0.0,1.874812364578247,0.85,0.015000000596046448,2.931718587875366,0.45174935460090637,0,,0,-1.8466416597366333,1.0,0,0.00047366335638798773,0.94732666015625,phase1_class1
269,913.89,0.9741420166136017,0.11920292675495148,0.9898378569794517,0.7549594640731812,0.7107321463730206,0.5655547380447388,0.27869942784309387,0.5058518052101135,0.09537001255542467,0.1814098209142685,0.1413328472679856,0.10340471894763656,0.1413328472679856,0.17772886157035828,1.7477964162826538,1.5700675547122955,915,3521,0.1323954463005066,1,2.1606128215789795,1.7477964162826538,0.11038832366466522,664,0.0089105274528265,0.9299609661102295,0.0,0.0,1.8424690961837769,0.85,0.0,2.9310972690582275,0.45447465777397156,0,,0,-1.7477964162826538,1.0,0,0.00048707102541811764,0.9741420149803162,phase1_class1
270,917.31,0.9080837145905131,0.11920292675495148,0.977980717703799,0.7515780329704285,0.7022183781959328,0.5348437428474426,0.21732954680919647,0.5061063766479492,0.07964515793606822,0.1814098209142685,0.09771315601295552,0.07966307720724264,0.09771315601295552,0.15122808516025543,1.9041814804077148,1.7529533952474594,915,3521,0.1332806795835495,1,2.1606128215789795,1.9041814804077148,0.11162330955266953,664,0.007226327434182167,0.9073360562324524,0.0,0.0,1.8477281332015991,0.85,0.012000000104308128,2.926295042037964,0.44026222825050354,0,,0,-1.9041814804077148,1.0,0,0.0004540418740361929,0.9080836772918701,phase1_class1
271,920.72,0.9593423326897385,0.11920292675495148,0.984936195749935,0.7563120126724243,0.7072126121564988,0.5665788054466248,0.2798134386539459,0.5034252405166626,0.11156573439922525,0.1814098209142685,0.17077719044881592,0.125641661448881,0.17077719044881592,0.15413084626197815,1.7982233762741089,1.6440925300121307,915,3521,0.1488712579011917,1,2.1606128215789795,1.7982233762741089,0.0944024994969368,664,0.008849702775478363,0.945809006690979,0.0,0.0,1.9129668474197388,0.85,0.0,2.9235684871673584,0.46477586030960083,0,,0,-1.7982233762741089,1.0,0,0.00047967120190151036,0.959342360496521,phase1_class1
272,924.1,0.96556535731373,0.11920292675495148,0.9922567619656473,0.7545085549354553,0.7124689899586533,0.5591481924057007,0.26567766070365906,0.5032184720039368,0.09268448636828522,0.1814098209142685,0.14274897996382552,0.10353156582708523,0.14274897996382552,0.16230712831020355,1.801775574684143,1.6394684463739395,915,3521,0.14558854699134827,1,2.1606128215789795,1.801775574684143,0.0878458023071289,664,0.008649300783872604,0.9474422931671143,0.0,0.0,1.946925401687622,0.85,0.0,2.9274983406066895,0.4658374488353729,0,,0,-1.801775574684143,1.0,0,0.0004827827215194702,0.9655653834342957,phase1_class1
273,927.48,0.9687618785715449,0.11920292675495148,0.9854787355727498,0.7430117130279541,0.7076021714060698,0.5584401488304138,0.2729592025279999,0.5104320049285889,0.10581010424572004,0.1814098209142685,0.16014918467211622,0.11927352718719124,0.16014918467211622,0.17390047013759613,1.7546528577804565,1.5807523876428604,915,3521,0.1456797868013382,1,2.1606128215789795,1.7546528577804565,0.09120816737413406,664,0.007343810983002186,0.9243443012237549,0.0,0.0,1.9275157451629639,0.85,0.0,2.9166855812072754,0.45082375407218933,0,,0,-1.7546528577804565,1.0,0,0.00048438095836900175,0.9687618613243103,phase1_class1
274,930.86,0.9626035340386861,0.11920292675495148,0.9854426968263967,0.7531560063362122,0.7075762945461705,0.564194917678833,0.2772277295589447,0.5099066495895386,0.11003425194345247,0.1814098209142685,0.17077719044881592,0.1252317733417984,0.17077719044881592,0.16975119709968567,1.7864965200424194,1.6167453229427338,915,3521,0.1461647003889084,1,2.1606128215789795,1.7864965200424194,0.13151249289512634,664,0.005858157761394978,0.9035872220993042,0.0,0.0,1.7907180786132812,0.85,0.004500000271946192,2.9259397983551025,0.4373316764831543,0,,0,-1.7864965200424194,1.0,0,0.0004813018022105098,0.9626035690307617,phase1_class1
275,934.24,0.8894874233034272,0.11920292675495148,0.9770668221033465,0.7572137117385864,0.7015621747813123,0.5370845198631287,0.21786491572856903,0.5066890716552734,0.06808702818219488,0.1814098209142685,0.10936470324308409,0.07761461084262392,0.10936470324308409,0.15482288599014282,1.9288028478622437,1.7739799618721008,915,3521,0.12717406451702118,1,2.1606128215789795,1.9288028478622437,0.08434311300516129,664,0.007950667291879654,0.9509146809577942,0.0,0.0,1.9565259218215942,0.85,0.0,2.9238603115081787,0.46809452772140503,0,,0,-1.9288028478622437,1.0,0,0.00044474375317804515,0.8894874453544617,phase1_class1
276,937.63,0.9463896315184073,0.11920292675495148,0.9860479127298254,0.7567628622055054,0.708010857030349,0.5549947023391724,0.2553485035896301,0.5022958517074585,0.10505864112747403,0.1814098209142685,0.15991082570350948,0.1188537008453011,0.15991082570350948,0.1452156901359558,1.8433774709701538,1.698161780834198,915,3521,0.15736855566501617,1,2.1606128215789795,1.8433774709701538,0.10134207457304001,664,0.005494299344718456,0.9264580607414246,0.0,0.0,1.8768322467803955,0.85,0.0,2.927894115447998,0.452197790145874,0,,0,-1.8433774709701538,1.0,0,0.00047319484292529523,0.9463896155357361,phase1_class1
277,941.0,0.9070330096573036,0.11920292675495148,0.9910921620427389,0.7572137117385864,0.711632773605603,0.5472205877304077,0.23886924982070923,0.4998161792755127,0.08714085510357061,0.1814098209142685,0.14353416244864767,0.1023854427176237,0.14353416244864767,0.143746480345726,1.922747015953064,1.779000535607338,915,3521,0.1641489863395691,1,2.1606128215789795,1.922747015953064,0.08298636972904205,664,0.005805282853543758,0.9463636875152588,0.0,0.0,1.986199140548706,0.85,0.0,2.9184796810150146,0.46513643860816956,0,,0,-1.922747015953064,1.0,0,0.00045351649168878794,0.9070329666137695,phase1_class1
278,944.39,0.9535270482948937,0.11920292675495148,0.9830719740771731,0.7549594640731812,0.7058740471971423,0.5506964921951294,0.24775084853172302,0.5036380887031555,0.09290734903615,0.1814098209142685,0.12432523380210597,0.09671179600441575,0.12432523380210597,0.14928647875785828,1.8131872415542603,1.663900762796402,915,3521,0.13609473407268524,1,2.1606128215789795,1.8131872415542603,0.09405691921710968,664,0.00919293612241745,0.9362566471099854,0.0,0.0,1.915564775466919,0.85,0.0,2.9267048835754395,0.4585667848587036,0,,0,-1.8131872415542603,1.0,0,0.00047676352551206946,0.95352703332901,phase1_class1
279,947.78,0.9425107230201736,0.11920292675495148,0.9860890439077281,0.7556357383728027,0.7080403904030601,0.5408525466918945,0.22681882977485657,0.5053296089172363,0.07931800298909121,0.1814098209142685,0.1038544047335287,0.08116557611002313,0.1038544047335287,0.15077656507492065,1.853214144706726,1.7024375796318054,915,3521,0.14013832807540894,1,2.1606128215789795,1.853214144706726,0.09717529267072678,664,0.005025044549256563,0.9220578670501709,0.0,0.0,1.9200143814086914,0.85,0.0,2.930490255355835,0.44933760166168213,0,,0,-1.853214144706726,1.0,0,0.00047125539276748896,0.942510724067688,phase1_class1
280,951.19,0.9401561166791578,0.11920292675495148,0.9896180989717988,0.7560865879058838,0.710574353781678,0.5515122413635254,0.24861109256744385,0.5006403923034668,0.09286420431354107,0.1814098209142685,0.13904740539252114,0.1030901773971076,0.13904740539252114,0.14261764287948608,1.8661285638809204,1.7235109210014343,915,3521,0.14199119806289673,1,2.1606128215789795,1.8661285638809204,0.10591106861829758,664,0.008975003845989704,0.9221600890159607,0.0,0.0,1.8641643524169922,0.85,0.0,2.9397807121276855,0.4494040012359619,0,,0,-1.8661285638809204,1.0,0,0.00047007808461785316,0.940156102180481,phase1_class1
281,954.57,0.9635747136076909,0.11920292675495148,0.9902049037765471,0.7545085549354553,0.7109956965656906,0.5596227645874023,0.2666666507720947,0.507336437702179,0.09600631961548431,0.1814098209142685,0.15849469300766955,0.11239132833804204,0.15849469300766955,0.160783052444458,1.8017523288726807,1.6409692764282227,915,3521,0.14322715997695923,1,2.1606128215789795,1.8017523288726807,0.10871978104114532,664,0.00797924306243658,0.9158013463020325,0.0,0.0,1.8571887016296387,0.85,0.001500000013038516,2.9338009357452393,0.4452708959579468,0,,0,-1.8017523288726807,1.0,0,0.0004817873996216804,0.9635747671127319,phase1_class1
282,957.96,0.931818693471681,0.11920292675495148,0.9911109648669231,0.759242594242096,0.7116462745759852,0.542847752571106,0.22832369804382324,0.4987608790397644,0.07833653814816022,0.1814098209142685,0.13227520646093016,0.09282514711370206,0.13227520646093016,0.13978298008441925,1.8851468563079834,1.7453638762235641,915,3521,0.14486895501613617,1,2.1606128215789795,1.8851468563079834,0.09103407710790634,664,0.008490934036672115,0.9385289549827576,0.0,0.0,1.939875841140747,0.85,0.0,2.915994882583618,0.46004384756088257,0,,0,-1.8851468563079834,1.0,0,0.00046590936835855246,0.9318186640739441,phase1_class1
283,961.34,0.9402743449261911,0.11920292675495148,0.9880974205659024,0.7581154108047485,0.709482462802014,0.5245978832244873,0.19140920042991638,0.5042560696601868,0.052509610564559564,0.1814098209142685,0.05637890663338989,0.04660547387272357,0.05637890663338989,0.15416260063648224,1.8627463579177856,1.7085837572813034,915,3521,0.11436326801776886,1,2.1606128215789795,1.8627463579177856,0.10833043605089188,664,0.007457231171429157,0.9308105707168579,0.0,0.0,1.8658769130706787,0.85,0.0010000000474974513,2.9335830211639404,0.45502686500549316,0,,0,-1.8627463579177856,1.0,0,0.0004701371944975108,0.9402743577957153,phase1_class1
284,964.72,0.8850125369829327,0.11920292675495148,0.979611470976274,0.7515780329704285,0.7033893061063764,0.5477662086486816,0.24417008459568024,0.506330132484436,0.10210710754986087,0.1814098209142685,0.1674682071199226,0.12182522009889973,0.1674682071199226,0.1372849941253662,1.9370173215866089,1.7997323274612427,915,3521,0.16160047054290771,1,2.1606128215789795,1.9370173215866089,0.09643896669149399,664,0.00812772661447525,0.9327065348625183,0.0,0.0,1.911711573600769,0.85,0.0,2.923658847808838,0.45625925064086914,0,,0,-1.9370173215866089,1.0,0,0.0004425063089001924,0.8850125670433044,phase1_class1
285,968.1,0.9186757308122041,0.11920292675495148,0.9902064706785626,0.7538322806358337,0.7109968216465559,0.5453279614448547,0.2374301701784134,0.5036051869392395,0.089215216119365,0.1814098209142685,0.12983553231166137,0.09789041662864922,0.12983553231166137,0.14645196497440338,1.9053322076797485,1.7588802427053452,915,3521,0.16028651595115662,1,2.1606128215789795,1.9053322076797485,0.10979483276605606,664,0.007653295993804932,0.9346637725830078,0.0,0.0,1.8633509874343872,0.85,0.0,2.930510997772217,0.4575314521789551,0,,0,-1.9053322076797485,1.0,0,0.00045933786896057427,0.9186757206916809,phase1_class1
286,971.49,0.9600095847994712,0.11920292675495148,0.9820687650618456,0.7545085549354553,0.7051537141732062,0.536854088306427,0.21935483813285828,0.5056940317153931,0.07595302501928321,0.1814098209142685,0.09771315601295552,0.07710804576070175,0.09771315601295552,0.15994034707546234,1.7832913398742676,1.6233509927988052,915,3521,0.12713655829429626,1,2.1606128215789795,1.7832913398742676,0.0981786921620369,664,0.00997886061668396,0.932924747467041,0.0,0.0,1.8992679119110107,0.85,0.0,2.9304471015930176,0.4564010798931122,0,,0,-1.7832913398742676,1.0,0,0.0004800048191100359,0.9600095748901367,phase1_class1
287,974.87,0.9565694449779033,0.11920292675495148,0.9851391095609228,0.7549594640731812,0.7073583101285406,0.5604314804077148,0.26801347732543945,0.5045986771583557,0.09876013241394722,0.1814098209142685,0.14479606287068325,0.10771656771464069,0.14479606287068325,0.15796490013599396,1.8095120191574097,1.6515471190214157,915,3521,0.14673903584480286,1,2.1606128215789795,1.8095120191574097,0.09460010379552841,664,0.006009154953062534,0.9400821924209595,0.0,0.0,1.9319456815719604,0.85,0.0,2.933868408203125,0.46105343103408813,0,,0,-1.8095120191574097,1.0,0,0.0004782847536262125,0.9565694332122803,phase1_class1
288,978.25,0.9185069004516119,0.11920292675495148,0.9844432092033555,0.7547339797019958,0.7068586335892891,0.5423340201377869,0.23055163025856018,0.5044915080070496,0.08410303208073962,0.1814098209142685,0.1373929137280745,0.09871679254278955,0.1373929137280745,0.14385755360126495,1.8972067832946777,1.7533492296934128,915,3521,0.14172066748142242,1,2.1606128215789795,1.8972067832946777,0.1054532378911972,664,0.007288450375199318,0.9214790463447571,0.0,0.0,1.880439281463623,0.85,0.0,2.933581590652466,0.44896137714385986,0,,0,-1.8972067832946777,1.0,0,0.0004592534387484193,0.9185068607330322,phase1_class1
289,981.67,0.9087946961605005,0.11920292675495148,0.9918615109322753,0.7551848888397217,0.7121851883104098,0.5468032360076904,0.23949581384658813,0.5021082758903503,0.09083298802035561,0.1814098209142685,0.13085907376509023,0.09900021316991123,0.13085907376509023,0.13225211203098297,1.9213653802871704,1.7891132682561874,915,3521,0.1548956036567688,1,2.1606128215789795,1.9213653802871704,0.12250829488039017,664,0.00676266523078084,0.9004964828491211,0.0,0.0,1.817973017692566,0.85,0.0005000000237487257,2.9278955459594727,0.43532276153564453,0,,0,-1.9213653802871704,1.0,0,0.0004543973773252219,0.9087947010993958,phase1_class1
290,985.06,0.9754178380038291,0.11920292675495148,0.9852037442690558,0.7513526082038879,0.7074047197142294,0.5682134628295898,0.28700709342956543,0.5065704584121704,0.11912257912323095,0.1814098209142685,0.16833751629954713,0.12873311898575857,0.16833751629954713,0.1740337312221527,1.700420618057251,1.5263868868350983,915,3521,0.1364736407995224,1,2.1606128215789795,1.700420618057251,0.0845027044415474,664,0.006298922002315521,0.9183599352836609,0.0,0.0,1.9519810676574707,0.85,0.0,2.9365644454956055,0.44693392515182495,0,,0,-1.700420618057251,1.0,0,0.0004877089522778988,0.9754178524017334,phase1_class1
291,988.49,0.9312121296555325,0.11920292675495148,0.990508882767525,0.7587917447090149,0.711213962253537,0.5589514970779419,0.2620689570903778,0.503268301486969,0.09432740015799039,0.1814098209142685,0.13558418978982348,0.10116202871525563,0.13558418978982348,0.1467040330171585,1.8852195739746094,1.7385155409574509,915,3521,0.1494922935962677,1,2.1606128215789795,1.8852195739746094,0.10509011149406433,664,0.005373891908675432,0.924784243106842,0.0,0.0,1.8741631507873535,0.85,0.004000000189989805,2.93031644821167,0.45110970735549927,0,,0,-1.8852195739746094,1.0,0,0.0004656061064451933,0.9312121868133545,phase1_class1
292,991.86,0.9666395532877385,0.11920292675495148,0.9828216614802211,0.7536068558692932,0.7056943155289287,0.5551271438598633,0.2579769194126129,0.5066324472427368,0.08158294572921565,0.1814098209142685,0.12086201819940831,0.08804663676070895,0.12086201819940831,0.17565731704235077,1.7516205310821533,1.5759632140398026,915,3521,0.13908053934574127,1,2.1606128215789795,1.7516205310821533,0.09625910967588425,664,0.0055874669924378395,0.9389947056770325,0.0,0.0,1.9167211055755615,0.85,0.0,2.929089307785034,0.4603465795516968,0,,0,-1.7516205310821533,1.0,0,0.0004833197745028883,0.966639518737793,phase1_class1
293,995.23,0.94230480284905,0.11920292675495148,0.9860853225154418,0.7554103136062622,0.7080377183360054,0.5180832743644714,0.17989419400691986,0.5020382404327393,0.05963500806247604,0.1814098209142685,0.0776349181867893,0.06118110360556245,0.0776349181867893,0.1460060328245163,1.853698968887329,1.7076929360628128,915,3521,0.12490189075469971,1,2.1606128215789795,1.853698968887329,0.1011970266699791,664,0.00651197973638773,0.924024224281311,0.0,0.0,1.8915181159973145,0.85,0.0,2.936518430709839,0.4506157338619232,0,,0,-1.853698968887329,1.0,0,0.00047115242341533303,0.942304790019989,phase1_class1
294,998.6,0.9563691364769102,0.11920292675495148,0.9907807402671882,0.7545085549354553,0.711409163783647,0.5432212352752686,0.23255814611911774,0.5010348558425903,0.08414617680334853,0.1814098209142685,0.1394399966349322,0.09953959152919618,0.1394399966349322,0.15573035180568695,1.828137993812561,1.672407642006874,915,3521,0.13718269765377045,1,2.1606128215789795,1.828137993812561,0.08528707921504974,664,0.006542638409882784,0.9219232797622681,0.0,0.0,1.9915287494659424,0.85,0.0,2.9145078659057617,0.44925013184547424,0,,0,-1.828137993812561,1.0,0,0.00047818460734561086,0.956369161605835,phase1_class1
295,1001.98,0.9768117214210722,0.11920292675495148,0.9910684626497566,0.7533814311027527,0.7116157567575169,0.5554448962211609,0.25880759954452515,0.506999671459198,0.097580946793866,0.1814098209142685,0.1513299028336675,0.11078694681562967,0.1513299028336675,0.17260192334651947,1.737906575202942,1.5653046518564224,915,3521,0.1320008635520935,1,2.1606128215789795,1.737906575202942,0.12270301580429077,664,0.011385461315512657,0.9199989438056946,0.0,0.0,1.8049341440200806,0.85,0.0,2.942539691925049,0.4479992985725403,0,,0,-1.737906575202942,1.0,0,0.0004884059308096766,0.9768117666244507,phase1_class1
296,1005.41,0.9690042740189684,0.11920292675495148,0.9876676976881926,0.7509016990661621,0.7091739093747362,0.5743374228477478,0.3001900017261505,0.5047315955162048,0.1295878127022409,0.1814098209142685,0.19841280969139524,0.14711196065023607,0.19841280969139524,0.16439653933048248,1.765642523765564,1.6012459844350815,915,3521,0.16058960556983948,1,2.1606128215789795,1.765642523765564,0.07952187210321426,664,0.00626874715089798,0.9173274636268616,0.0,0.0,1.9939606189727783,0.85,0.003000000026077032,2.9319915771484375,0.44628453254699707,0,,0,-1.765642523765564,1.0,0,0.0004845021467190236,0.9690042734146118,phase1_class1
297,1008.82,0.969752058525774,0.11920292675495148,0.9845844262474891,0.7479711771011353,0.7069600315022643,0.5665271282196045,0.28607919812202454,0.5116770267486572,0.10799589659544682,0.1814098209142685,0.17038459920640484,0.12361347410536111,0.17038459920640484,0.17923127114772797,1.742590308189392,1.5633590370416641,915,3521,0.1475648581981659,1,2.1606128215789795,1.742590308189392,0.09830210357904434,664,0.007142443209886551,0.9416021108627319,0.0,0.0,1.9138154983520508,0.85,0.0010000000474974513,2.940255880355835,0.46204134821891785,0,,0,-1.742590308189392,1.0,0,0.0004848760727327317,0.9697520732879639,phase1_class1
298,1012.2,0.9611737556642836,0.11920292675495148,0.9882039699029459,0.7472948431968689,0.7095589683008465,0.5471695065498352,0.24613313376903534,0.5104321241378784,0.09657434006422046,0.1814098209142685,0.1431415712062366,0.10805596240587903,0.1431415712062366,0.16444681584835052,1.803492546081543,1.6390457302331924,915,3521,0.14710043370723724,1,2.1606128215789795,1.803492546081543,0.095440573990345,664,0.0057451846078038216,0.9282002449035645,0.0,0.0,1.9132964611053467,0.85,0.004000000189989805,2.935896158218384,0.4533671438694,0,,0,-1.803492546081543,1.0,0,0.0004805868666153401,0.9611737132072449,phase1_class1
299,1015.58,0.9575275458332042,0.11920292675495148,0.989521342772351,0.7513526082038879,0.7105048800382527,0.5646519660949707,0.2795558571815491,0.5074464082717896,0.10494007073872146,0.1814098209142685,0.16014918467211622,0.11753407036829643,0.16014918467211622,0.1685929149389267,1.8207316398620605,1.6521387249231339,915,3521,0.15813441574573517,1,2.1606128215789795,1.8207316398620605,0.09653204679489136,664,0.006069697439670563,0.9240185618400574,0.0,0.0,1.9313079118728638,0.85,0.0,2.9274682998657227,0.45061200857162476,0,,0,-1.8207316398620605,1.0,0,0.00047876377357169986,0.9575275182723999,phase1_class1
300,1018.97,0.9587099706610126,0.11920292675495148,0.9901367435388795,0.75225430727005,0.710946755548055,0.5657815933227539,0.28122955560684204,0.5070433616638184,0.11676420788306849,0.1814098209142685,0.17589489771596023,0.13114022511696216,0.17589489771596023,0.16192981600761414,1.8188198804855347,1.6568900644779205,915,3521,0.15390653908252716,1,2.1606128215789795,1.8188198804855347,0.08680935949087143,664,0.00761505588889122,0.9351685643196106,0.0,0.0,1.9543637037277222,0.85,0.0,2.939199924468994,0.4578595757484436,0,,0,-1.8188198804855347,1.0,0,0.00047935498878359795,0.9587099552154541,phase1_class1
301,1022.35,0.9508113798346953,0.11920292675495148,0.9845658192860567,0.751803457736969,0.7069466711669901,0.5518709421157837,0.2525458037853241,0.5091800093650818,0.07882913293075272,0.1814098209142685,0.131490023976108,0.09177570784547644,0.131490023976108,0.17955079674720764,1.8267922401428223,1.6472414433956146,915,3521,0.13318417966365814,1,2.1606128215789795,1.8267922401428223,0.0755440890789032,664,0.005510478280484676,0.9381492137908936,0.0,0.0,2.0254313945770264,0.85,0.0,2.9421730041503906,0.4597969949245453,0,,0,-1.8267922401428223,1.0,0,0.000475405715405941,0.9508113861083984,phase1_class1
302,1025.74,0.9359719158637131,0.11920292675495148,0.9902205727967007,0.7533814311027527,0.7110069473743426,0.5434647798538208,0.23389355838298798,0.5080975890159607,0.0839484560241983,0.1814098209142685,0.12676490795137477,0.09378746824240783,0.12676490795137477,0.15286363661289215,1.87581205368042,1.7229484170675278,915,3521,0.13959915935993195,1,2.1606128215789795,1.87581205368042,0.0996057465672493,664,0.0060455757193267345,0.9457865953445435,0.0,0.0,1.8876744508743286,0.85,0.0,2.938722848892212,0.46476125717163086,0,,0,-1.87581205368042,1.0,0,0.00046798595576547086,0.9359718561172485,phase1_class1
303,1029.13,0.9684399796570363,0.11920292675495148,0.9890457880106924,0.7502254247665405,0.7101634179956684,0.5597129464149475,0.2700922191143036,0.5069942474365234,0.10537865701963084,0.1814098209142685,0.1656594831816716,0.12108378631812483,0.1656594831816716,0.16786183416843414,1.7756012678146362,1.607739433646202,915,3521,0.1503114551305771,1,2.1606128215789795,1.7756012678146362,0.08295070379972458,664,0.0053683435544371605,0.9319455027580261,0.0,0.0,1.9918869733810425,0.85,0.0,2.93518328666687,0.4557645618915558,0,,0,-1.7756012678146362,1.0,0,0.000484220014186576,0.9684399962425232,phase1_class1
304,1032.51,0.9428784667488618,0.11920292675495148,0.9871040046881707,0.7554103136062622,0.7087691615334851,0.546450138092041,0.23859649896621704,0.5031230449676514,0.08309642535109406,0.1814098209142685,0.12983553231166137,0.09414353513953226,0.12983553231166137,0.15536384284496307,1.854649305343628,1.6992854624986649,915,3521,0.1418498307466507,1,2.1606128215789795,1.854649305343628,0.08811447769403458,664,0.008479272946715355,0.9508417844772339,0.0,0.0,1.9483115673065186,0.85,0.0,2.9389567375183105,0.468047171831131,0,,0,-1.854649305343628,1.0,0,0.0004714392707683146,0.9428784847259521,phase1_class1
305,1035.89,0.9597292869309276,0.11920292675495148,0.9906626350277811,0.7490983009338379,0.7113243608134334,0.5588781833648682,0.2692055106163025,0.5049937963485718,0.10542180174223978,0.1814098209142685,0.1656594831816716,0.1212761256121089,0.1656594831816716,0.15966641902923584,1.8171311616897583,1.6574647426605225,915,3521,0.14875732362270355,1,2.1606128215789795,1.8171311616897583,0.10818381607532501,664,0.007000419311225414,0.9030581712722778,0.0,0.0,1.8707661628723145,0.85,0.010500000789761543,2.9314684867858887,0.4371452331542969,0,,0,-1.8171311616897583,1.0,0,0.0004798646841663867,0.9597293138504028,phase1_class1
306,1039.3,0.8379693192110684,0.11920292675495148,0.9905660746910853,0.7556357383728027,0.7112550277051163,0.5571025609970093,0.26057299971580505,0.5035598278045654,0.09749465734864815,0.1814098209142685,0.1513299028336675,0.11040226822766153,0.1513299028336675,0.13278302550315857,1.9902945756912231,1.8575115501880646,915,3521,0.16701780259609222,1,2.1606128215789795,1.9902945756912231,0.08943882584571838,664,0.008796388283371925,0.9297440052032471,0.0,0.0,1.9408636093139648,0.85,0.0010000000474974513,2.92909836769104,0.4543972909450531,0,,0,-1.9902945756912231,1.0,0,0.00041898468043655157,0.8379693031311035,phase1_class1
307,1042.69,0.9802832289078431,0.11920292675495148,0.9885138247764814,0.7477457523345947,0.7097814530419374,0.5756447315216064,0.30540037155151367,0.5108984112739563,0.10976110549815857,0.1814098209142685,0.17818033959142468,0.1264992287897218,0.17818033959142468,0.2020818591117859,1.6826142072677612,1.4805323481559753,915,3521,0.1431330293416977,1,2.1606128215789795,1.6826142072677612,0.08263608813285828,664,0.005563359707593918,0.9363716244697571,0.0,0.0,1.980915904045105,0.85,0.0,2.925548553466797,0.45864158868789673,0,,0,-1.6826142072677612,1.0,0,0.0004901416250504553,0.980283260345459,phase1_class1
308,1046.11,0.9441327766249847,0.11920292675495148,0.9891065054637872,0.7538322806358337,0.7102070148791944,0.5417013168334961,0.2299012541770935,0.502728283405304,0.08110835378051752,0.1814098209142685,0.10794857054724416,0.0839904193658553,0.10794857054724416,0.1567818522453308,1.856194019317627,1.6994121670722961,915,3521,0.13951168954372406,1,2.1606128215789795,1.856194019317627,0.09863104671239853,664,0.006534240208566189,0.9199690222740173,0.0,0.0,1.9208543300628662,0.85,0.004000000189989805,2.9342243671417236,0.4480738639831543,0,,0,-1.856194019317627,1.0,0,0.00047206642921082675,0.9441328048706055,phase1_class1
309,1049.51,0.9657338561933445,0.11920292675495148,0.9918822723839786,0.7529305815696716,0.7122000956318735,0.5482344031333923,0.2441379427909851,0.503699779510498,0.09157358735952746,0.1814098209142685,0.1370003224856634,0.10205403118412154,0.1370003224856634,0.1550581157207489,1.7997028827667236,1.6446447670459747,915,3521,0.12945786118507385,1,2.1606128215789795,1.7997028827667236,0.09280425310134888,664,0.008192394860088825,0.9272627830505371,0.0,0.0,1.927955150604248,0.85,0.0005000000237487257,2.938516139984131,0.45272085070610046,0,,0,-1.7997028827667236,1.0,0,0.000482866948004812,0.9657338261604309,phase1_class1
310,1052.9,0.9428569028064399,0.11920292675495148,0.9858293298986842,0.7563120126724243,0.7078539082496556,0.5286328196525574,0.2010347545146942,0.5029003024101257,0.06953222119274982,0.1814098209142685,0.10975729448549515,0.07979732320145624,0.10975729448549515,0.1520061194896698,1.8517773151397705,1.6997711956501007,915,3521,0.12809540331363678,1,2.1606128215789795,1.8517773151397705,0.08826769888401031,664,0.008254973217844963,0.9454184770584106,0.0,0.0,1.9527761936187744,0.85,0.0,2.9411115646362305,0.4645220637321472,0,,0,-1.8517773151397705,1.0,0,0.00047142847324721515,0.9428569078445435,phase1_class1
311,1056.29,0.9434437938105865,0.11920292675495148,0.986583401493571,0.7502254247665405,0.7083953534160268,0.549755871295929,0.24932250380516052,0.5058575868606567,0.08518878920078281,0.1814098209142685,0.1294429410692503,0.0948963312286899,0.1294429410692503,0.16580036282539368,1.8521034717559814,1.6863031089305878,915,3521,0.14744935929775238,1,2.1606128215789795,1.8521034717559814,0.08426384627819061,664,0.006937369704246521,0.9455640316009521,0.0,0.0,1.9699569940567017,0.85,0.0,2.9469258785247803,0.4646166265010834,0,,0,-1.8521034717559814,1.0,0,0.00047172189806587994,0.943443775177002,phase1_class1
312,1059.68,0.9685453837603565,0.11920292675495148,0.9833101431835061,0.7472948431968689,0.7060450594886507,0.5633894801139832,0.2800256907939911,0.5105855464935303,0.10406289817690269,0.1814098209142685,0.16424335048583166,0.11916286199503343,0.16424335048583166,0.1792275458574295,1.7422574758529663,1.5630299299955368,915,3521,0.14523303508758545,1,2.1606128215789795,1.7422574758529663,0.08864913135766983,664,0.0066641815938055515,0.9450441002845764,0.0,0.0,1.9568002223968506,0.85,0.0,2.9350059032440186,0.4642786681652069,0,,0,-1.7422574758529663,1.0,0,0.0004842727503273636,0.9685454368591309,phase1_class1
313,1063.06,0.94676494300036,0.11920292675495148,0.9861754193813244,0.7524797320365906,0.7081024104857536,0.5599961280822754,0.2689746916294098,0.5071540474891663,0.10771902542589894,0.1814098209142685,0.14786668723096985,0.11437454754742296,0.14786668723096985,0.15512210130691528,1.8427109718322754,1.68758887052536,915,3521,0.14828848838806152,1,2.1606128215789795,1.8427109718322754,0.06966348737478256,664,0.005504752043634653,0.9411154389381409,0.0,0.0,2.0426673889160156,0.85,0.0,2.9368624687194824,0.46172505617141724,0,,0,-1.8427109718322754,1.0,0,0.00047338250442408025,0.9467649459838867,phase1_class1
314,1066.45,0.9569971146719766,0.11920292675495148,0.983674056176571,0.7490983009338379,0.7063063595195904,0.536322832107544,0.222222238779068,0.5085933208465576,0.07240832910421933,0.1814098209142685,0.11857657632394386,0.08474196613744213,0.11857657632394386,0.17882275581359863,1.802612543106079,1.6237897872924805,915,3521,0.12869273126125336,1,2.1606128215789795,1.802612543106079,0.08814936876296997,664,0.006803881376981735,0.9531684517860413,0.0,0.0,1.9685271978378296,0.85,0.0,2.935189723968506,0.4695594608783722,0,,0,-1.802612543106079,1.0,0,0.00047849860857240856,0.9569971561431885,phase1_class1
315,1069.85,0.8903796623082095,0.11920292675495148,0.9812766960930864,0.7545085549354553,0.704584985795854,0.5488632917404175,0.2442747950553894,0.5065070986747742,0.08901749534021476,0.1814098209142685,0.13597678103223454,0.09996993341338195,0.13597678103223454,0.14737151563167572,1.9324207305908203,1.7850492149591446,915,3521,0.1500050574541092,1,2.1606128215789795,1.9324207305908203,0.09013982117176056,664,0.006421936210244894,0.9374586939811707,0.0,0.0,1.9451254606246948,0.85,0.0,2.934666872024536,0.4593481719493866,0,,0,-1.9324207305908203,1.0,0,0.00044518985669128597,0.8903796672821045,phase1_class1
316,1073.24,0.9491398512890669,0.11920292675495148,0.9876230409807554,0.7567628622055054,0.7091418445700786,0.5613023042678833,0.2684745788574219,0.5035628080368042,0.0904124045733406,0.1814098209142685,0.14377252141725438,0.10227446862927136,0.14377252141725438,0.1586599051952362,1.8400793075561523,1.6814194023609161,915,3521,0.14919538795948029,1,2.1606128215789795,1.8400793075561523,0.08979518711566925,664,0.005953322630375624,0.9295008778572083,0.0,0.0,1.9505860805511475,0.85,0.0,2.936237335205078,0.45417556166648865,0,,0,-1.8400793075561523,1.0,0,0.000474569940706715,0.9491398334503174,phase1_class1
317,1076.63,0.9262104326536806,0.11920292675495148,0.9858354016439936,0.7549594640731812,0.7078582679380081,0.5561196804046631,0.2590320408344269,0.5053291916847229,0.09227104197609037,0.1814098209142685,0.15030636138023865,0.10712211882782678,0.15030636138023865,0.1580352783203125,1.88631010055542,1.7282748222351074,915,3521,0.1471109390258789,1,2.1606128215789795,1.88631010055542,0.08406151086091995,664,0.0061888801865279675,0.9371557235717773,0.0,0.0,1.960052490234375,0.85,0.0,2.943760871887207,0.4591512382030487,0,,0,-1.88631010055542,1.0,0,0.00046310521429404616,0.9262104034423828,phase1_class1
318,1080.01,0.9509870300647557,0.11920292675495148,0.989171923622928,0.7479711771011353,0.710253987005316,0.5598681569099426,0.2721354365348816,0.5068487524986267,0.10085249626363599,0.1814098209142685,0.1550314774049719,0.1137791651056291,0.1550314774049719,0.16792617738246918,1.8391066789627075,1.6711805015802383,915,3521,0.15582263469696045,1,2.1606128215789795,1.8391066789627075,0.07636112719774246,664,0.006070517003536224,0.9464583992958069,0.0,0.0,2.018745183944702,0.85,0.0,2.9373040199279785,0.46519795060157776,0,,0,-1.8391066789627075,1.0,0,0.00047549355076625943,0.9509870409965515,phase1_class1
319,1083.4,0.9541875303523483,0.11920292675495148,0.9845836427964814,0.7511271238327026,0.7069594689618316,0.545944094657898,0.24071529507637024,0.5070582628250122,0.08582509626084245,0.1814098209142685,0.13495323957880567,0.09825790947105328,0.13495323957880567,0.16605664789676666,1.8159581422805786,1.649901494383812,915,3521,0.1385602205991745,1,2.1606128215789795,1.8159581422805786,0.08516767621040344,664,0.0055232360027730465,0.9341127276420593,0.0,0.0,1.976593255996704,0.85,0.0,2.936835289001465,0.457173228263855,0,,0,-1.8159581422805786,1.0,0,0.000477093766676262,0.9541875123977661,phase1_class1
320,1086.78,0.9421029317206208,0.11920292675495148,0.991031444589644,0.75225430727005,0.7115891767220769,0.5447206497192383,0.2373351752758026,0.5035036206245422,0.07662533774713157,0.1814098209142685,0.11613690217467507,0.08470977751886474,0.11613690217467507,0.15629583597183228,1.864837408065796,1.7085415720939636,915,3521,0.1496214121580124,1,2.1606128215789795,1.864837408065796,0.1005229726433754,664,0.004948821384459734,0.9215266108512878,0.0,0.0,1.9134122133255005,0.85,0.0035000001080334187,2.9242515563964844,0.44904839992523193,0,,0,-1.864837408065796,1.0,0,0.0004710514913313091,0.9421029090881348,phase1_class1
321,1090.17,0.9392384200961388,0.11920292675495148,0.9855292681627447,0.7554103136062622,0.7076384552639721,0.5341981053352356,0.2131979614496231,0.5028753876686096,0.07140886142939397,0.1814098209142685,0.10629407888279749,0.07864273328205965,0.10629407888279749,0.15619292855262756,1.859600305557251,1.7034073770046234,915,3521,0.13103066384792328,1,2.1606128215789795,1.859600305557251,0.08795282244682312,664,0.007405449636280537,0.9432051181793213,0.0,0.0,1.9506229162216187,0.85,0.0,2.936894655227661,0.46308332681655884,0,,0,-1.859600305557251,1.0,0,0.0004696192336268723,0.939238429069519,phase1_class1
322,1093.56,0.9090950586249096,0.11920292675495148,0.9817491170507144,0.7520288825035095,0.7049241976767081,0.5340754389762878,0.21540656685829163,0.5083746314048767,0.06692584539600802,0.1814098209142685,0.11038824469651295,0.07810117205022393,0.11038824469651295,0.15899524092674255,1.9079387187957764,1.7489434778690338,915,3521,0.12804743647575378,1,2.1606128215789795,1.9079387187957764,0.07815156877040863,664,0.0056497445330023766,0.9445704221725464,0.0,0.0,1.9997042417526245,0.85,0.0,2.932581663131714,0.46397078037261963,0,,0,-1.9079387187957764,1.0,0,0.00045454755309037864,0.909095048904419,phase1_class1
323,1096.95,0.9115942311318082,0.11920292675495148,0.9872407168890099,0.7529305815696716,0.7088673248389727,0.5467236638069153,0.24099721014499664,0.5064441561698914,0.07885427481946727,0.1814098209142685,0.1044853549445465,0.08046473412086376,0.1044853549445465,0.15545973181724548,1.9117004871368408,1.7562407553195953,915,3521,0.13536973297595978,1,2.1606128215789795,1.9117004871368408,0.09769444167613983,664,0.007165722083300352,0.9233226180076599,0.0,0.0,1.9166523218154907,0.85,0.0035000001080334187,2.935774087905884,0.4501596987247467,0,,0,-1.9117004871368408,1.0,0,0.00045579715515486896,0.9115942716598511,phase1_class1
324,1100.36,0.9351944718055489,0.11920292675495148,0.9822775547553909,0.7533814311027527,0.7053036311984924,0.5232530832290649,0.1920236200094223,0.5088801980018616,0.04365500983172007,0.1814098209142685,0.07417170258409164,0.04994410656923849,0.07417170258409164,0.17109021544456482,1.8617287874221802,1.6906385719776154,915,3521,0.10927200317382812,1,2.1606128215789795,1.8617287874221802,0.10595254600048065,664,0.005175791215151548,0.9253302216529846,0.0,0.0,1.8948915004730225,0.85,0.0,2.937359571456909,0.4514646828174591,0,,0,-1.8617287874221802,1.0,0,0.0004675972741097212,0.9351944923400879,phase1_class1
325,1103.74,0.9509667688372088,0.11920292675495148,0.9821239983578868,0.7540577054023743,0.7051933732737041,0.5321756601333618,0.20999276638031006,0.507305383682251,0.06371544348274133,0.1814098209142685,0.07480265279510945,0.06052172332610161,0.07480265279510945,0.16340279579162598,1.8187694549560547,1.6553666591644287,915,3521,0.12318436801433563,1,2.1606128215789795,1.8187694549560547,0.09176982194185257,664,0.005461867433041334,0.9229212999343872,0.0,0.0,1.9198309183120728,0.85,0.0,2.9250993728637695,0.4498988389968872,0,,0,-1.8187694549560547,1.0,0,0.0004754834226332605,0.9509667754173279,phase1_class1
326,1107.13,0.9070921776144351,0.11920292675495148,0.9871533621016544,0.7542831301689148,0.7088046015807387,0.531218945980072,0.20784883201122284,0.5051409006118774,0.06229539236090095,0.1814098209142685,0.10219991306908205,0.07205000060451518,0.10219991306908205,0.15667755901813507,1.9178675413131714,1.7611899822950363,915,3521,0.1354740709066391,1,2.1606128215789795,1.9178675413131714,0.077712282538414,664,0.005264015402644873,0.9383330345153809,0.0,0.0,1.9901585578918457,0.85,0.0,2.9274425506591797,0.45991647243499756,0,,0,-1.9178675413131714,1.0,0,0.0004535461193881929,0.9070922136306763,phase1_class1
327,1110.51,0.9333233027309324,0.11920292675495148,0.9839870448541372,0.7538322806358337,0.7065310944224117,0.5453279614448547,0.2374301701784134,0.5061330199241638,0.07819996492551327,0.1814098209142685,0.1151133607212462,0.0849967750737201,0.1151133607212462,0.15654408931732178,1.8692587614059448,1.712714672088623,915,3521,0.15234509110450745,1,2.1606128215789795,1.8692587614059448,0.08439173549413681,664,0.004991726949810982,0.9403188824653625,0.0,0.0,1.9785481691360474,0.85,0.002500000176951289,2.9317967891693115,0.4612073004245758,0,,0,-1.8692587614059448,1.0,0,0.0004666616441681981,0.9333232641220093,phase1_class1
328,1113.89,0.9271133722942918,0.11920292675495148,0.989413226533292,0.757439136505127,0.7104272494585548,0.5355850458145142,0.21459855139255524,0.5018685460090637,0.07160658220854421,0.1814098209142685,0.09157190729238232,0.0718838748879187,0.09157190729238232,0.14305774867534637,1.8906011581420898,1.7475434094667435,915,3521,0.14137032628059387,1,2.1606128215789795,1.8906011581420898,0.07063837349414825,664,0.006854429841041565,0.9465886354446411,0.0,0.0,2.0301315784454346,0.85,0.0,2.934814214706421,0.4652826189994812,0,,0,-1.8906011581420898,1.0,0,0.0004635567020159215,0.9271133542060852,phase1_class1
329,1117.28,0.9466621670115419,0.11920292675495148,0.9879042998925106,0.7545085549354553,0.7093437965853796,0.541650652885437,0.2292993664741516,0.5045058131217957,0.0728037706625198,0.1814098209142685,0.1069250290938153,0.07874065957447005,0.1069250290938153,0.1602172553539276,1.8472647666931152,1.6870475113391876,915,3521,0.13344396650791168,1,2.1606128215789795,1.8472647666931152,0.09160444885492325,664,0.005499656777828932,0.9270213842391968,0.0,0.0,1.9479447603225708,0.85,0.0,2.9286623001098633,0.45256391167640686,0,,0,-1.8472647666931152,1.0,0,0.0004733310779556632,0.9466621279716492,phase1_class1
330,1120.66,0.8480248806593786,0.11920292675495148,0.9880592273292781,0.7536068558692932,0.7094550389559249,0.5502194166183472,0.2477632611989975,0.5048795342445374,0.0759027412418541,0.1814098209142685,0.12534877525553484,0.08753424137520913,0.12534877525553484,0.15676097571849823,1.9805105924606323,1.823749616742134,915,3521,0.1618521511554718,1,2.1606128215789795,1.9805105924606323,0.06477020680904388,664,0.006087960675358772,0.9519663453102112,0.0,0.0,2.071023464202881,0.85,0.0,2.9389779567718506,0.46877816319465637,0,,0,-1.9805105924606323,1.0,0,0.0004240125126671046,0.8480249643325806,phase1_class1
331,1124.05,0.9213760819562474,0.11920292675495148,0.9811442928727895,0.7542831301689148,0.7044899164627457,0.555622935295105,0.25850340723991394,0.506005585193634,0.09449997904842607,0.1814098209142685,0.15030636138023865,0.10850210657786787,0.15030636138023865,0.1615065336227417,1.8870733976364136,1.7255668640136719,915,3521,0.15185989439487457,1,2.1606128215789795,1.8870733976364136,0.07129877060651779,664,0.00620954018086195,0.9570304155349731,0.0,0.0,2.0338666439056396,0.85,0.0005000000237487257,2.9287281036376953,0.4720698297023773,0,,0,-1.8870733976364136,1.0,0,0.0004606880829669535,0.92137610912323,phase1_class1
332,1127.43,0.9357539470515568,0.11920292675495148,0.9864365044296319,0.7554103136062622,0.7082898770849154,0.5515232086181641,0.24913495779037476,0.5048109292984009,0.09015353623768707,0.1814098209142685,0.12534877525553484,0.09544629563356374,0.12534877525553484,0.15055878460407257,1.8690357208251953,1.7184769362211227,915,3521,0.14683063328266144,1,2.1606128215789795,1.8690357208251953,0.0891723707318306,664,0.00398838659748435,0.9050273895263672,0.0,0.0,1.958487868309021,0.85,0.008500000461935997,2.9270973205566406,0.43909797072410583,0,,0,-1.8690357208251953,1.0,0,0.00046787699102424085,0.9357539415359497,phase1_class1
333,1130.83,0.9587334789186578,0.11920292675495148,0.9840338560518458,0.7554103136062622,0.7065647062132592,0.546964168548584,0.23966364562511444,0.508126974105835,0.07540300740444143,0.1814098209142685,0.13085907376509023,0.09010965609555996,0.13085907376509023,0.17342808842658997,1.7971333265304565,1.6237052381038666,915,3521,0.13625381886959076,1,2.1606128215789795,1.7971333265304565,0.08229891955852509,664,0.004015982151031494,0.930755078792572,0.0,0.0,1.9896869659423828,0.85,0.002500000176951289,2.9268596172332764,0.45499080419540405,0,,0,-1.7971333265304565,1.0,0,0.0004793667758349329,0.9587334990501404,phase1_class1
334,1134.21,0.9617576889175887,0.11920292675495148,0.9824546146831254,0.7502254247665405,0.7054307653362586,0.5536185503005981,0.25737264752388,0.5111662745475769,0.10074820398452376,0.1814098209142685,0.1376312726966812,0.1068857449546837,0.1376312726966812,0.16124017536640167,1.7767350673675537,1.615494892001152,915,3521,0.1363525539636612,1,2.1606128215789795,1.7767350673675537,0.09440162777900696,664,0.005907110869884491,0.9215665459632874,0.0,0.0,1.9552444219589233,0.85,0.0,2.915215492248535,0.449018269777298,0,,0,-1.7767350673675537,1.0,0,0.0004808788653463125,0.9617576599121094,phase1_class1
335,1137.59,0.9456588947582849,0.11920292675495148,0.9890532307952656,0.7556357383728027,0.7101687621297782,0.5270379781723022,0.19822485744953156,0.5036637783050537,0.055479146976067095,0.1814098209142685,0.09298803998822228,0.06449595085653813,0.09298803998822228,0.15730735659599304,1.8524575233459473,1.6951501667499542,915,3521,0.12307283282279968,1,2.1606128215789795,1.8524575233459473,0.09422969818115234,664,0.004007494077086449,0.9288785457611084,0.0,0.0,1.9326974153518677,0.85,0.0,2.916771411895752,0.45377108454704285,0,,0,-1.8524575233459473,1.0,0,0.00047282944433391094,0.9456588625907898,phase1_class1
336,1140.97,0.9380112213172804,0.11920292675495148,0.9761067028934413,0.7472948431968689,0.7008727814811689,0.5510173439979553,0.2541583478450775,0.5117655992507935,0.08597253326256357,0.1814098209142685,0.13660773124325234,0.09845771838309557,0.13660773124325234,0.17718535661697388,1.840246319770813,1.6630609631538391,915,3521,0.14411254227161407,1,2.1606128215789795,1.840246319770813,0.09303729981184006,664,0.005392218008637428,0.9372529983520508,0.0,0.0,1.9415733814239502,0.85,0.0005000000237487257,2.91390061378479,0.459214448928833,0,,0,-1.840246319770813,1.0,0,0.000469005637569353,0.9380112290382385,phase1_class1
337,1144.36,0.8326184411092071,0.11920292675495148,0.9844336119285116,0.7545085549354553,0.70685174246899,0.5379311442375183,0.22158685326576233,0.5056400895118713,0.07433525311829259,0.1814098209142685,0.12920458210064356,0.09008538013142547,0.12920458210064356,0.14505335688591003,1.9904216527938843,1.8453682959079742,915,3521,0.15513955056667328,1,2.1606128215789795,1.9904216527938843,0.08591842651367188,664,0.004848076030611992,0.9408441781997681,0.0,0.0,1.9601490497589111,0.85,0.0,2.927156925201416,0.46154871582984924,0,,0,-1.9904216527938843,1.0,0,0.0004163092526141554,0.8326184749603271,phase1_class1
338,1147.75,0.8919057353587969,0.11920292675495148,0.988120140645125,0.7572137117385864,0.7094987764745592,0.5392667055130005,0.22238266468048096,0.5009855031967163,0.0786205483725283,0.1814098209142685,0.1281810406472147,0.09176076860936005,0.1281810406472147,0.14313095808029175,1.9379347562789917,1.7948037981987,915,3521,0.1554170548915863,1,2.1606128215789795,1.9379347562789917,0.06964651495218277,664,0.004350324627012014,0.9371936321258545,0.0,0.0,2.0632102489471436,0.85,0.0,2.932945489883423,0.45917588472366333,0,,0,-1.9379347562789917,1.0,0,0.0004459529009182006,0.8919057846069336,phase1_class1
339,1151.13,0.9583662798094187,0.11920292675495148,0.9833927972648159,0.7524797320365906,0.7061044075042894,0.5479116439819336,0.24380165338516235,0.5049992203712463,0.0769956374167175,0.1814098209142685,0.1370003224856634,0.09375309675127969,0.1370003224856634,0.1697516143321991,1.7960835695266724,1.6263319551944733,915,3521,0.13673007488250732,1,2.1606128215789795,1.7960835695266724,0.07359770685434341,664,0.004576797131448984,0.936526894569397,0.0,0.0,2.0289430618286133,0.85,0.0,2.922358512878418,0.45874252915382385,0,,0,-1.7960835695266724,1.0,0,0.0004791831597685814,0.9583662748336792,phase1_class1
340,1154.51,0.9345889981794296,0.11920292675495148,0.985848524448372,0.7533814311027527,0.7078676904902539,0.5355396866798401,0.2174535095691681,0.5029414296150208,0.07129743009546158,0.1814098209142685,0.09668961455952665,0.07422097812187331,0.09668961455952665,0.1509910672903061,1.87029230594635,1.719301238656044,915,3521,0.1325954645872116,1,2.1606128215789795,1.87029230594635,0.07988585531711578,664,0.0050588371232151985,0.9283139109611511,0.0,0.0,1.9887669086456299,0.85,0.0005000000237487257,2.919224262237549,0.453404039144516,0,,0,-1.87029230594635,1.0,0,0.00046729453606531024,0.9345890283584595,phase1_class1
341,1157.9,0.9732031774456581,0.11920292675495148,0.983125248745695,0.7490983009338379,0.7059122999465587,0.5570310354232788,0.2653465270996094,0.5078380107879639,0.09488828155190637,0.1814098209142685,0.08795445941588032,0.08084708509866903,0.08795445941588032,0.17723684012889862,1.702030062675476,1.5247932225465775,915,3521,0.10880959033966064,1,2.1606128215789795,1.702030062675476,0.0855363979935646,664,0.003475731238722801,0.933339536190033,0.0,0.0,1.9875679016113281,0.85,0.005000000353902578,2.9294321537017822,0.4571708142757416,0,,0,-1.702030062675476,1.0,0,0.000486601609736681,0.973203182220459,phase1_class1
342,1161.32,0.9617856577254785,0.11920292675495148,0.9805433859499029,0.7502254247665405,0.7040584479509464,0.5695399045944214,0.2906530201435089,0.5084535479545593,0.10685985569797453,0.1814098209142685,0.15873305197627627,0.11720227943530645,0.15873305197627627,0.17309002578258514,1.7668943405151367,1.5938043147325516,915,3521,0.1449880301952362,1,2.1606128215789795,1.7668943405151367,0.08264567703008652,664,0.0036928756162524223,0.9250043630599976,0.0,0.0,1.9841200113296509,0.85,0.002500000176951289,2.922727346420288,0.451252818107605,0,,0,-1.7668943405151367,1.0,0,0.0004808928642887622,0.9617856740951538,phase1_class1
343,1164.7,0.9610132856023137,0.11920292675495148,0.9899056254916155,0.7536068558692932,0.7107808061204399,0.5598969459533691,0.2679169476032257,0.5075368881225586,0.09414768221273452,0.1814098209142685,0.11637526114328178,0.09251085768886702,0.11637526114328178,0.16592943668365479,1.8101718425750732,1.6442424058914185,915,3521,0.13175950944423676,1,2.1606128215789795,1.8101718425750732,0.08285539597272873,664,0.003223913721740246,0.928595781326294,0.0,0.0,1.9672070741653442,0.85,0.0,2.9264185428619385,0.45358726382255554,0,,0,-1.8101718425750732,1.0,0,0.0004805066855624318,0.9610133171081543,phase1_class1
344,1168.09,0.9717306151439903,0.11920292675495148,0.9834823065424426,0.7536068558692932,0.7061686777487132,0.5551271438598633,0.2579769194126129,0.5073114633560181,0.08709057132614151,0.1814098209142685,0.13558418978982348,0.09777881788151148,0.13558418978982348,0.195312961935997,1.7191041707992554,1.5237912088632584,915,3521,0.12772178649902344,1,2.1606128215789795,1.7191041707992554,0.07766756415367126,664,0.0038831238634884357,0.9378517866134644,0.0,0.0,2.000575542449951,0.85,0.0010000000474974513,2.9165360927581787,0.4596036672592163,0,,0,-1.7191041707992554,1.0,0,0.00048586534103378654,0.971730649471283,phase1_class1
345,1171.48,0.9236846699895614,0.11920292675495148,0.9750470854055613,0.7538322806358337,0.7001119455460861,0.5411771535873413,0.2288135439157486,0.5086324214935303,0.07640961413408698,0.1814098209142685,0.1069250290938153,0.08091101243304279,0.1069250290938153,0.1630399078130722,1.871666431427002,1.7086265236139297,915,3521,0.13161630928516388,1,2.1606128215789795,1.871666431427002,0.08179172873497009,664,0.0038285532500594854,0.9169922471046448,0.0,0.0,1.9751191139221191,0.85,0.0,2.9190073013305664,0.44604501128196716,0,,0,-1.871666431427002,1.0,0,0.0004618423408828676,0.9236846566200256,phase1_class1
346,1174.86,0.9407151451594232,0.11920292675495148,0.9830943024308917,0.751803457736969,0.7058900795994711,0.5444015860557556,0.23700621724128723,0.5048270225524902,0.07581645179663626,0.1814098209142685,0.11613690217467507,0.08431249417133937,0.11613690217467507,0.15922050178050995,1.850614309310913,1.6913938075304031,915,3521,0.1369054615497589,1,2.1606128215789795,1.850614309310913,0.07816401869058609,664,0.003862811252474785,0.9248155951499939,0.0,0.0,2.025362491607666,0.85,0.0005000000237487257,2.903557300567627,0.45113012194633484,0,,0,-1.850614309310913,1.0,0,0.00047035759780555964,0.9407151341438293,phase1_class1
347,1178.25,0.9492232051434776,0.11920292675495148,0.9839200597929809,0.7536068558692932,0.7064829972154248,0.5378433465957642,0.2220640480518341,0.5062794089317322,0.06777787606911226,0.1814098209142685,0.11550595196365726,0.0802669439227898,0.11550595196365726,0.16599591076374054,1.8297133445739746,1.663717433810234,915,3521,0.12251371145248413,1,2.1606128215789795,1.8297133445739746,0.07164769619703293,664,0.00481639988720417,0.9534767270088196,0.0,0.0,2.031508207321167,0.85,0.0,2.926276445388794,0.46975988149642944,0,,0,-1.8297133445739746,1.0,0,0.00047461161739192903,0.9492231607437134,phase1_class1
348,1181.63,0.9280087040541767,0.11920292675495148,0.9804536808095242,0.7545085549354553,0.7039940370714145,0.5335839986801147,0.2125813364982605,0.5052422881126404,0.06703727672994042,0.1814098209142685,0.10629407888279749,0.07626743636994562,0.10629407888279749,0.159498393535614,1.873285174369812,1.713786780834198,915,3521,0.13868556916713715,1,2.1606128215789795,1.873285174369812,0.07464032620191574,664,0.004158491734415293,0.9396877884864807,0.0,0.0,2.018186569213867,0.85,0.0,2.9218838214874268,0.4607970118522644,0,,0,-1.873285174369812,1.0,0,0.0004640043480321765,0.9280086755752563,phase1_class1
349,1185.02,0.9379406902706189,0.11920292675495148,0.9804176420631711,0.7549594640731812,0.7039681602115151,0.5387797355651855,0.22301645576953888,0.5055964589118958,0.0660738147229038,0.1814098209142685,0.08606160878282695,0.06594625726641908,0.08606160878282695,0.16199785470962524,1.8511404991149902,1.689142644405365,915,3521,0.13388592004776,1,2.1606128215789795,1.8511404991149902,0.0859357938170433,664,0.0033594416454434395,0.9216223359107971,0.0,0.0,1.968644380569458,0.85,0.006000000052154064,2.9249966144561768,0.4491042196750641,0,,0,-1.8511404991149902,1.0,0,0.0004689703637268394,0.9379406571388245,phase1_class1
350,1188.41,0.9614285431519124,0.11920292675495148,0.985767045543574,0.7490983009338379,0.7078091862852642,0.5699740648269653,0.29243484139442444,0.5111784934997559,0.11136087456525484,0.1814098209142685,0.17652584792697804,0.1276710044546825,0.17652584792697804,0.16848193109035492,1.7929764986038208,1.6244945675134659,915,3521,0.15589939057826996,1,2.1606128215789795,1.7929764986038208,0.08313985168933868,664,0.004047518130391836,0.9359580278396606,0.0,0.0,1.9747180938720703,0.85,0.0005000000237487257,2.9257009029388428,0.45837274193763733,0,,0,-1.7929764986038208,1.0,0,0.0004807142831850797,0.9614285230636597,phase1_class1
351,1191.82,0.9319499887026351,0.11920292675495148,0.9818701602314002,0.7538322806358337,0.7050111101735438,0.5363888144493103,0.21888412535190582,0.5070217251777649,0.07542814929315599,0.1814098209142685,0.09771315601295552,0.07690730329367954,0.09771315601295552,0.16119103133678436,1.8679274320602417,1.7067364007234573,915,3521,0.12168104946613312,1,2.1606128215789795,1.8679274320602417,0.07689651846885681,664,0.0043542878702282906,0.9371541142463684,0.0,0.0,1.9997313022613525,0.85,0.0,2.929758310317993,0.45915016531944275,0,,0,-1.8679274320602417,1.0,0,0.0004659749974962324,0.9319499731063843,phase1_class1
352,1195.24,0.9435873959173465,0.11920292675495148,0.9849565654761346,0.75,0.7072272382077462,0.5520169138908386,0.25420308113098145,0.5118191242218018,0.08418218247113726,0.1814098209142685,0.11983847674597944,0.08969261413301004,0.11983847674597944,0.1749335378408432,1.8478974103927612,1.672963872551918,915,3521,0.14071384072303772,1,2.1606128215789795,1.8478974103927612,0.09062954783439636,664,0.0031777131371200085,0.9241287112236023,0.0,0.0,1.9630969762802124,0.85,0.0,2.9209682941436768,0.45068368315696716,0,,0,-1.8478974103927612,1.0,0,0.00047179372631944716,0.9435874223709106,phase1_class1
353,1198.62,0.8892705199032591,0.11920292675495148,0.9860079567284338,0.7551848888397217,0.7079821674682867,0.5582164525985718,0.2632293105125427,0.5077734589576721,0.08049004955435227,0.1814098209142685,0.11023401242270861,0.08214301123084966,0.11023401242270861,0.15639109909534454,1.9387726783752441,1.7823815792798996,915,3521,0.1402967870235443,1,2.1606128215789795,1.9387726783752441,0.08407202363014221,664,0.003365210723131895,0.9236212372779846,0.0,0.0,1.9866323471069336,0.85,0.0,2.9324123859405518,0.4503537714481354,0,,0,-1.9387726783752441,1.0,0,0.0004446352832019329,0.889270544052124,phase1_class1
354,1202.01,0.9412734978824353,0.11920292675495148,0.9738384163634713,0.750450849533081,0.6992440862937025,0.5398605465888977,0.22857142984867096,0.5117408633232117,0.054267680412451134,0.1814098209142685,0.06480559722942753,0.049756284624364336,0.06480559722942753,0.1797422617673874,1.8242131471633911,1.6444708853960037,915,3521,0.10960286855697632,1,2.1606128215789795,1.8242131471633911,0.08451861143112183,664,0.002871525939553976,0.9264559745788574,0.0,0.0,1.9796746969223022,0.85,0.0005000000237487257,2.916442632675171,0.4521963894367218,0,,0,-1.8242131471633911,1.0,0,0.0004706367908511311,0.9412735104560852,phase1_class1
355,1205.39,0.948417025508169,0.11920292675495148,0.9798555159651645,0.7497745752334595,0.7035645374511292,0.5561279058456421,0.2629481852054596,0.51157546043396,0.08131693833874194,0.1814098209142685,0.09960600664600888,0.07838032745392962,0.09960600664600888,0.18310242891311646,1.8199368715286255,1.636834442615509,915,3521,0.13671384751796722,1,2.1606128215789795,1.8199368715286255,0.09424470365047455,664,0.003425266593694687,0.910301148891449,0.0,0.0,1.9416093826293945,0.85,0.013500000350177288,2.917550563812256,0.4418092966079712,0,,0,-1.8199368715286255,1.0,0,0.00047420852934010327,0.9484170079231262,phase1_class1
356,1208.78,0.972467272307054,0.11920292675495148,0.9837465253947811,0.7513526082038879,0.7063583945096055,0.5520305633544922,0.2532159686088562,0.5115545392036438,0.07308064183206771,0.1814098209142685,0.11779139383912171,0.08235455498436613,0.11779139383912171,0.19469355046749115,1.7149255275726318,1.5202319771051407,915,3521,0.12053552269935608,1,2.1606128215789795,1.7149255275726318,0.08670172095298767,664,0.003417090978473425,0.9298509359359741,0.0,0.0,1.9682420492172241,0.85,0.0,2.918428421020508,0.4544031023979187,0,,0,-1.7149255275726318,1.0,0,0.00048623367911204696,0.972467303276062,phase1_class1
357,1212.16,0.9521100866256716,0.11920292675495148,0.9796471179971231,0.7468439936637878,0.7034149016960594,0.5511664748191833,0.2548108994960785,0.5156636238098145,0.07747022936541563,0.1814098209142685,0.10818692951585088,0.08088511461824602,0.10818692951585088,0.1961485892534256,1.806298017501831,1.6101494282484055,915,3521,0.12744377553462982,1,2.1606128215789795,1.806298017501831,0.09434529393911362,664,0.0036637175362557173,0.91794353723526,0.0,0.0,1.9525821208953857,0.85,0.005500000435858965,2.9203810691833496,0.44676724076271057,0,,0,-1.806298017501831,1.0,0,0.0004760550509672612,0.9521100521087646,phase1_class1
358,1215.54,0.9438712493225262,0.11920292675495148,0.9808266034891774,0.7502254247665405,0.704261806317329,0.5472967624664307,0.2442018985748291,0.5088955163955688,0.06995652936401885,0.1814098209142685,0.12432523380210597,0.08424148721581717,0.12432523380210597,0.17504924535751343,1.8365850448608398,1.6615357995033264,915,3521,0.13867801427841187,1,2.1606128215789795,1.8365850448608398,0.08621025830507278,664,0.003078058362007141,0.9221305251121521,0.0,0.0,1.9774855375289917,0.85,0.004500000271946192,2.8968937397003174,0.4493855834007263,0,,0,-1.8365850448608398,1.0,0,0.00047193566570058465,0.943871259689331,phase1_class1
359,1218.95,0.9326027647178164,0.11920292675495148,0.9838812789681011,0.7511271238327026,0.7064551514640115,0.5464454889297485,0.24175825715065002,0.5085600018501282,0.08363930391111567,0.1814098209142685,0.12125460944181937,0.09081477017453164,0.12125460944181937,0.16481579840183258,1.8705421686172485,1.705726370215416,915,3521,0.15104465186595917,1,2.1606128215789795,1.8705421686172485,0.07949892431497574,664,0.0032295428682118654,0.9164532423019409,0.0,0.0,2.011591672897339,0.85,0.009000000543892384,2.9072248935699463,0.44595515727996826,0,,0,-1.8705421686172485,1.0,0,0.00046630139695480466,0.9326027631759644,phase1_class1
360,1222.32,0.974978757817217,0.11920292675495148,0.9884237279105987,0.7529305815696716,0.709716760892189,0.5598637461662292,0.2683578133583069,0.5090698599815369,0.09694463973380638,0.1814098209142685,0.16156531736795615,0.11431131910615348,0.16156531736795615,0.180801659822464,1.7322320938110352,1.5514304339885712,915,3521,0.13593769073486328,1,2.1606128215789795,1.7322320938110352,0.07913690060377121,664,0.0035757003352046013,0.9317423701286316,0.0,0.0,2.0441248416900635,0.85,0.010000000707805157,2.9213058948516846,0.45592832565307617,0,,0,-1.7322320938110352,1.0,0,0.00048748942208476365,0.9749788045883179,phase1_class1
361,1225.71,0.9699455673597963,0.11920292675495148,0.9791437507246923,0.7461677193641663,0.7030534694681181,0.5808316469192505,0.31757575273513794,0.517803430557251,0.12221441064774506,0.1814098209142685,0.17983483125587135,0.13342764509058078,0.17983483125587135,0.20120467245578766,1.6947892904281616,1.493584617972374,915,3521,0.15605361759662628,1,2.1606128215789795,1.6947892904281616,0.07639069110155106,664,0.0026512204203754663,0.8977396488189697,0.0,0.0,2.029060125350952,0.85,0.005500000435858965,2.9194440841674805,0.4335457384586334,0,,0,-1.6947892904281616,1.0,0,0.0004849727847613394,0.9699455499649048,phase1_class1
362,1229.09,0.9342209242416007,0.11920292675495148,0.9771796390484517,0.7502254247665405,0.7016431806036059,0.5472967624664307,0.2442018985748291,0.5107201933860779,0.07959487415863911,0.1814098209142685,0.12432523380210597,0.0897740429755387,0.12432523380210597,0.17453880608081818,1.8526653051376343,1.678126499056816,915,3521,0.14104899764060974,1,2.1606128215789795,1.8526653051376343,0.08917146921157837,664,0.0032706502825021744,0.9271793365478516,0.0,0.0,1.9620637893676758,0.85,0.004500000271946192,2.9013915061950684,0.4528447985649109,0,,0,-1.8526653051376343,1.0,0,0.00046711048344150186,0.9342209100723267,phase1_class1
363,1232.48,0.97144093436384,0.11920292675495148,0.9820883513370373,0.7470694184303284,0.705167777684021,0.5743013620376587,0.30310559272766113,0.5115776658058167,0.1177385336691793,0.1814098209142685,0.19085542827498211,0.1369851395546619,0.19085542827498211,0.18425975739955902,1.7092665433883667,1.5250067859888077,915,3521,0.15177328884601593,1,2.1606128215789795,1.7092665433883667,0.08932580053806305,664,0.0025459667667746544,0.8941912651062012,0.0,0.0,1.96003258228302,0.85,0.004000000189989805,2.9135892391204834,0.43122434616088867,0,,0,-1.7092665433883667,1.0,0,0.00048572049126960337,0.9714409112930298,phase1_class1
364,1235.86,0.9621571718656565,0.11920292675495148,0.9693662821489122,0.7414337396621704,0.6960329648693501,0.5712066888809204,0.30103594064712524,0.52456134557724,0.10451234823688627,0.1814098209142685,0.16448170945443838,0.11823631327903503,0.16448170945443838,0.2264414131641388,1.6712291240692139,1.444787710905075,915,3521,0.14421088993549347,1,2.1606128215789795,1.6712291240692139,0.07249287515878677,664,0.0018574143759906292,0.933012068271637,0.0,0.0,2.0473368167877197,0.85,0.0,2.907534599304199,0.45645785331726074,0,,0,-1.6712291240692139,1.0,0,0.00048107857583090663,0.962157130241394,phase1_class1
365,1239.25,0.9515217104825224,0.11920292675495148,0.9818548829367503,0.7527051568031311,0.7050001406351081,0.5480729937553406,0.24396967887878418,0.5096374154090881,0.08084234639004381,0.1814098209142685,0.12227815089524824,0.08935693050969556,0.12227815089524824,0.16882415115833282,1.8160308599472046,1.6472067087888718,915,3521,0.13762779533863068,1,2.1606128215789795,1.8160308599472046,0.08297643810510635,664,0.0029984433203935623,0.9358782768249512,0.0,0.0,1.986773133277893,0.85,0.0,2.921065092086792,0.4583209156990051,0,,0,-1.8160308599472046,1.0,0,0.000475760898552835,0.9515217542648315,phase1_class1
366,1242.64,0.9594201674960378,0.11920292675495148,0.9756987207811946,0.7511271238327026,0.7005798385508958,0.5464454889297485,0.24175825715065002,0.5099983215332031,0.0781316783141898,0.1814098209142685,0.1065324378514042,0.08108258905372911,0.1065324378514042,0.1785489320755005,1.752964735031128,1.5744158029556274,915,3521,0.12153057754039764,1,2.1606128215789795,1.752964735031128,0.07790987193584442,664,0.0024634769652038813,0.900200605392456,0.0,0.0,2.0226094722747803,0.85,0.00800000037997961,2.9032437801361084,0.4353049397468567,0,,0,-1.752964735031128,1.0,0,0.000479710113722831,0.9594202041625977,phase1_class1
367,1246.03,0.9542830350008619,0.11920292675495148,0.9711799712316789,0.7450405955314636,0.6973352459708041,0.540658712387085,0.23425862193107605,0.5157272815704346,0.06344229703744744,0.1814098209142685,0.10346181349111763,0.07240878137768657,0.10346181349111763,0.20291882753372192,1.7572296857833862,1.5543108582496643,915,3521,0.11774300038814545,1,2.1606128215789795,1.7572296857833862,0.08720697462558746,664,0.002172359498217702,0.912937343120575,0.0,0.0,1.973646640777588,0.85,0.0,2.8898327350616455,0.443409264087677,0,,0,-1.7572296857833862,1.0,0,0.000477141555165872,0.9542830586433411,phase1_class1
368,1249.44,0.9530248736802557,0.11920292675495148,0.9809206176100984,0.7484220266342163,0.7043293111692404,0.5602025985717773,0.2724902331829071,0.5120230913162231,0.09890756941566835,0.1814098209142685,0.1550314774049719,0.11259571823609117,0.1550314774049719,0.1812032014131546,1.8074963092803955,1.626293107867241,915,3521,0.1460321992635727,1,2.1606128215789795,1.8074963092803955,0.0844181552529335,664,0.0027759282384067774,0.917745053768158,0.0,0.0,1.9604164361953735,0.85,0.0005000000237487257,2.917424201965332,0.44653427600860596,0,,0,-1.8074963092803955,1.0,0,0.0004765124467667192,0.9530248641967773,phase1_class1
369,1252.82,0.9615272516725347,0.11920292675495148,0.9759619603197732,0.7477457523345947,0.7007688521362472,0.5541755557060242,0.26040977239608765,0.5126827955245972,0.08881263550624435,0.1814098209142685,0.12802680837341035,0.0957437855787188,0.12802680837341035,0.1804966777563095,1.740723729133606,1.5602270513772964,915,3521,0.13630741834640503,1,2.1606128215789795,1.740723729133606,0.08613389730453491,664,0.0022652908228337765,0.9173293709754944,0.0,0.0,1.962428331375122,0.85,0.006000000052154064,2.910006284713745,0.44667941331863403,0,,0,-1.740723729133606,1.0,0,0.0004807636432815343,0.9615272283554077,phase1_class1
370,1256.2,0.9661733786647879,0.11920292675495148,0.9827460584579804,0.7527051568031311,0.7056400303771834,0.5674671530723572,0.28440967202186584,0.5076151490211487,0.10137737198976321,0.1814098209142685,0.1495211788954165,0.11024625550187697,0.1495211788954165,0.17172688245773315,1.7540541887283325,1.5823273062705994,915,3521,0.13621310889720917,1,2.1606128215789795,1.7540541887283325,0.09171775728464127,664,0.0025227635633200407,0.9100932478904724,0.0,0.0,1.9510877132415771,0.85,0.006000000052154064,2.904818534851074,0.4415694773197174,0,,0,-1.7540541887283325,1.0,0,0.0004830867110285908,0.9661733508110046,phase1_class1
371,1259.58,0.9453568035636322,0.11920292675495148,0.9760616544605,0.7414337396621704,0.7008404354062948,0.5654459595680237,0.2889026701450348,0.521245539188385,0.11032912594689473,0.1814098209142685,0.16487430069684947,0.12279432254998138,0.16487430069684947,0.18766680359840393,1.8178986310958862,1.6302318274974823,915,3521,0.15252351760864258,1,2.1606128215789795,1.8178986310958862,0.08840944617986679,664,0.0027113829273730516,0.9227498769760132,0.0,0.0,1.9652458429336548,0.85,0.0020000000949949026,2.8859686851501465,0.449787437915802,0,,0,-1.8178986310958862,1.0,0,0.00047267842455767095,0.9453567862510681,phase1_class1
372,1262.96,0.9628153783529257,0.11920292675495148,0.9717847954096038,0.7468439936637878,0.6977695271847664,0.5487809181213379,0.24983298778533936,0.5148942470550537,0.07600703352096633,0.1814098209142685,0.11779139383912171,0.08470464237736572,0.11779139383912171,0.20366862416267395,1.693009614944458,1.489340990781784,915,3521,0.13069415092468262,1,2.1606128215789795,1.693009614944458,0.0750243291258812,664,0.002146796090528369,0.9270636439323425,0.0,0.0,2.026365280151367,0.85,0.0,2.8987350463867188,0.4525913894176483,0,,0,-1.693009614944458,1.0,0,0.0004814076819457114,0.9628153443336487,phase1_class1
373,1266.35,0.9350785099112341,0.11920292675495148,0.9759129946317938,0.7529305815696716,0.7007336933592103,0.52410888671875,0.19411763548851013,0.5088294744491577,0.049489790375622913,0.1814098209142685,0.06149661390053421,0.04755418618359894,0.06149661390053421,0.16608375310897827,1.84750235080719,1.6814185976982117,915,3521,0.10943129658699036,1,2.1606128215789795,1.84750235080719,0.0964430719614029,664,0.0027158367447555065,0.9130493402481079,0.0,0.0,1.9433943033218384,0.85,0.0020000000949949026,2.902327299118042,0.44348207116127014,0,,0,-1.84750235080719,1.0,0,0.0004675392701756209,0.935078501701355,phase1_class1
374,1269.72,0.9637574498864562,0.11920292675495148,0.9680442085734611,0.7382777333259583,0.6950836778893483,0.5567121505737305,0.2730118930339813,0.5310534834861755,0.06860848957775595,0.1814098209142685,0.10535466412417102,0.07386920077837945,0.10535466412417102,0.24316076934337616,1.6190825700759888,1.3759218007326126,915,3521,0.10303354263305664,1,2.1606128215789795,1.6190825700759888,0.09218522906303406,664,0.002664986066520214,0.9038709998130798,0.0,0.0,1.9541105031967163,0.85,0.005000000353902578,2.89693546295166,0.43753549456596375,0,,0,-1.6190825700759888,1.0,0,0.00048187875654548407,0.9637574553489685,phase1_class1
375,1273.1,0.9684057070933206,0.11920292675495148,0.9730155969426606,0.7461677193641663,0.6986532782043708,0.5607755184173584,0.2754182815551758,0.5182121396064758,0.08806489711225232,0.1814098209142685,0.11598266990087072,0.08890614171480292,0.11598266990087072,0.2056637555360794,1.6258667707443237,1.4202030152082443,915,3521,0.09777185320854187,1,2.1606128215789795,1.6258667707443237,0.08571867644786835,664,0.002180495299398899,0.9047958254814148,0.0,0.0,1.9723929166793823,0.85,0.0,2.9002974033355713,0.43811726570129395,0,,0,-1.6258667707443237,1.0,0,0.000484202872030437,0.9684057235717773,phase1_class1
376,1276.48,0.9432625919297473,0.11920292675495148,0.9605963315690016,0.7529305815696716,0.6897358872668973,0.5507233738899231,0.2493150532245636,0.5155838131904602,0.08202153201012503,0.1814098209142685,0.12739585816239257,0.09191158255674865,0.12739585816239257,0.18408286571502686,1.7609436511993408,1.576860785484314,915,3521,0.12740467488765717,1,2.1606128215789795,1.7609436511993408,0.09850479662418365,664,0.001762316795065999,0.9037328362464905,0.0,0.0,1.940448522567749,0.85,0.004000000189989805,2.882658004760742,0.43742635846138,0,,0,-1.7609436511993408,1.0,0,0.00047163129784166813,0.9432625770568848,phase1_class1
377,1279.89,0.9651755136797678,0.11920292675495148,0.9742205445924645,0.744364321231842,0.6995184653897,0.5535693168640137,0.26171875,0.5162298083305359,0.07193746187977522,0.1814098209142685,0.10267663100629548,0.0749474969967464,0.10267663100629548,0.2016821652650833,1.693603515625,1.4919213503599167,915,3521,0.11378121376037598,1,2.1606128215789795,1.693603515625,0.0867888480424881,664,0.001986078219488263,0.9030901193618774,0.0,0.0,1.958177089691162,0.85,0.003000000026077032,2.8804478645324707,0.4370085895061493,0,,0,-1.693603515625,1.0,0,0.000482587784063071,0.9651755094528198,phase1_class1
378,1283.26,0.960731404897217,0.11920292675495148,0.9767777286815146,0.7416591644287109,0.7013545973616854,0.556560218334198,0.27006369829177856,0.5221890211105347,0.08159380950828983,0.1814098209142685,0.14337993017484332,0.09823885661552935,0.14337993017484332,0.21594952046871185,1.7513911724090576,1.5354416519403458,915,3521,0.14378763735294342,1,2.1606128215789795,1.7513911724090576,0.07015231251716614,664,0.0021703753154724836,0.9181740880012512,0.0,0.0,2.059040069580078,0.85,0.003000000026077032,2.8979508876800537,0.4468131959438324,0,,0,-1.7513911724090576,1.0,0,0.0004803657066076994,0.9607313871383667,phase1_class1
379,1286.65,0.9755633655544796,0.11920292675495148,0.9869359544470245,0.751803457736969,0.7086484966106938,0.5689963698387146,0.28829991817474365,0.5101353526115417,0.10397660873168485,0.1814098209142685,0.169361057752976,0.12035433263812173,0.169361057752976,0.18252557516098022,1.7154316902160645,1.5329061150550842,915,3521,0.15022435784339905,1,2.1606128215789795,1.7154316902160645,0.08139602839946747,664,0.0024272154550999403,0.9175110459327698,0.0,0.0,1.9905589818954468,0.85,0.0005000000237487257,2.907485008239746,0.44638219475746155,0,,0,-1.7154316902160645,1.0,0,0.0004877817409578711,0.9755634069442749,phase1_class1
380,1290.02,0.9387938467575654,0.11920292675495148,0.9843333301995293,0.75,0.706779737293618,0.5572291612625122,0.265076220035553,0.5118175745010376,0.08629968820954056,0.1814098209142685,0.14581960432411212,0.10168366717348437,0.14581960432411212,0.17520153522491455,1.8580113649368286,1.682809829711914,915,3521,0.14354126155376434,1,2.1606128215789795,1.8580113649368286,0.09265485405921936,664,0.0024735908955335617,0.9118745923042297,0.0,0.0,1.9838216304779053,0.85,0.0,2.9140539169311523,0.4427185356616974,0,,0,-1.8580113649368286,1.0,0,0.0004693969094660133,0.9387937784194946,phase1_class1
381,1293.39,0.9177139661260201,0.11920292675495148,0.9786200137260616,0.7506762742996216,0.7026774111889291,0.545623779296875,0.24038462340831757,0.5117238163948059,0.07537786551572687,0.1814098209142685,0.1202310679883905,0.08575734967713046,0.1202310679883905,0.17220011353492737,1.8893574476242065,1.7171573340892792,915,3521,0.1293560415506363,1,2.1606128215789795,1.8893574476242065,0.07458703964948654,664,0.002505960874259472,0.9164497256278992,0.0,0.0,2.0418131351470947,0.85,0.010500000789761543,2.906712293624878,0.4470769762992859,0,,0,-1.8893574476242065,1.0,0,0.0004588570154737681,0.91771399974823,phase1_class1
382,1296.75,0.9142617712523681,0.11920292675495148,0.9807987909784049,0.7488728761672974,0.704241836131972,0.5382483005523682,0.22638888657093048,0.5110693573951721,0.06119535713121738,0.1814098209142685,0.10794857054724416,0.07329738167482316,0.10794857054724416,0.18266533315181732,1.898577094078064,1.7159117609262466,915,3521,0.1484134942293167,1,2.1606128215789795,1.898577094078064,0.06597185134887695,664,0.002076101955026388,0.9180232286453247,0.0,0.0,2.071995258331299,0.85,0.001500000013038516,2.9066128730773926,0.4467151165008545,0,,0,-1.898577094078064,1.0,0,0.00045713092549704015,0.9142618179321289,phase1_class1
383,1300.12,0.9229389614114656,0.11920292675495148,0.974938969166502,0.7445897459983826,0.7000343149663881,0.545246958732605,0.24416276812553406,0.5169706344604492,0.08896721156278566,0.1814098209142685,0.12841939961582144,0.09752081141698765,0.12841939961582144,0.16051985323429108,1.8729808330535889,1.7124609798192978,915,3521,0.1393367052078247,1,2.1606128215789795,1.8729808330535889,0.08094526827335358,664,0.001695313723757863,0.8772499561309814,0.0,0.0,2.0017318725585938,0.85,0.00800000037997961,2.9073197841644287,0.4202289581298828,0,,0,-1.8729808330535889,1.0,0,0.00046146949171088636,0.9229389429092407,phase1_class1
384,1303.49,0.9599806664377896,0.11920292675495148,0.9772697359143343,0.7448151707649231,0.7017078727533541,0.5700914859771729,0.29601991176605225,0.5177670121192932,0.10064763642966558,0.1814098209142685,0.18471417955440894,0.12521629741400814,0.18471417955440894,0.20049390196800232,1.7589291334152222,1.5584352314472198,915,3521,0.15622834861278534,1,2.1606128215789795,1.7589291334152222,0.09146174043416977,664,0.0020754828583449125,0.9148322939872742,0.0,0.0,1.9500651359558105,0.85,0.002500000176951289,2.8977584838867188,0.44464826583862305,0,,0,-1.7589291334152222,1.0,0,0.00047999032540246844,0.9599806070327759,phase1_class1
385,1306.86,0.9324570433497099,0.11920292675495148,0.9833583254204783,0.7515780329704285,0.7060796557252553,0.5625543594360352,0.2750000059604645,0.5087732076644897,0.09906214547220968,0.1814098209142685,0.1550314774049719,0.11221524123464209,0.1550314774049719,0.16347679495811462,1.8698192834854126,1.706342488527298,915,3521,0.15618382394313812,1,2.1606128215789795,1.8698192834854126,0.08495209366083145,664,0.002531963400542736,0.900012195110321,0.0,0.0,1.991557240486145,0.85,0.002500000176951289,2.8938355445861816,0.4350142776966095,0,,0,-1.8698192834854126,1.0,0,0.00046622855006717145,0.9324570298194885,phase1_class1
386,1310.26,0.9343710209702434,0.11920292675495148,0.9796586738994864,0.7488728761672974,0.7034231991674401,0.5231576561927795,0.19508670270442963,0.5099096298217773,0.059059848558919714,0.1814098209142685,0.09401158144165112,0.06793902844472344,0.09401158144165112,0.1648891270160675,1.857928991317749,1.6930398643016815,915,3521,0.1257065385580063,1,2.1606128215789795,1.857928991317749,0.0881321132183075,664,0.0029102577827870846,0.924347996711731,0.0,0.0,1.9643540382385254,0.85,0.0,2.9044570922851562,0.4508261978626251,0,,0,-1.857928991317749,1.0,0,0.00046718554222024977,0.9343710541725159,phase1_class1
387,1313.75,0.9291186002647387,0.11920292675495148,0.9828388974023898,0.7490983009338379,0.7057066914184457,0.5409722924232483,0.23188403248786926,0.5109868049621582,0.08027432594130765,0.1814098209142685,0.0983441062239733,0.07955605944611174,0.0983441062239733,0.15765026211738586,1.8755682706832886,1.7179180085659027,915,3521,0.13972093164920807,1,2.1606128215789795,1.8755682706832886,0.08859668672084808,664,0.0015352234477177262,0.8676189184188843,0.0,0.0,1.9672777652740479,0.85,0.007500000298023224,2.9009766578674316,0.415874719619751,0,,0,-1.8755682706832886,1.0,0,0.0004645592998713255,0.9291185736656189,phase1_class1
388,1317.13,0.9276483629556439,0.11920292675495148,0.966189780038295,0.7454914450645447,0.6937521446853993,0.528057336807251,0.20771929621696472,0.5163833498954773,0.050050671769538896,0.1814098209142685,0.07787327715539602,0.05509827454477251,0.07787327715539602,0.18062259256839752,1.8425209522247314,1.661898359656334,915,3521,0.11329561471939087,1,2.1606128215789795,1.8425209522247314,0.08587580919265747,664,0.0018851903732866049,0.9110439419746399,0.0,0.0,1.9699249267578125,0.85,0.003000000026077032,2.8882975578308105,0.44221431016921997,0,,0,-1.8425209522247314,1.0,0,0.0004638241953216493,0.9276483654975891,phase1_class1
389,1320.5,0.9422877034510697,0.11920292675495148,0.972463655707754,0.7461677193641663,0.6982569684696087,0.553493320941925,0.2601839601993561,0.5151989459991455,0.09963016592094584,0.1814098209142685,0.14377252141725438,0.10914079468732421,0.14377252141725438,0.16508951783180237,1.8164862394332886,1.6513967216014862,915,3521,0.10932081937789917,1,2.1606128215789795,1.8164862394332886,0.08946926891803741,664,0.001514033181592822,0.8586240410804749,0.0,0.0,1.9712547063827515,0.85,0.015500000678002834,2.8914268016815186,0.41171419620513916,0,,0,-1.8164862394332886,1.0,0,0.00047114386688917875,0.9422876834869385,phase1_class1
390,1323.87,0.8639527898075049,0.11920292675495148,0.9833485322828822,0.7520288825035095,0.7060726239698478,0.5587267279624939,0.2666666805744171,0.5087950825691223,0.08787431538792227,0.1814098209142685,0.14581960432411212,0.102285894574551,0.14581960432411212,0.15992416441440582,1.962705373764038,1.8027812093496323,915,3521,0.16730043292045593,1,2.1606128215789795,1.962705373764038,0.07879076153039932,664,0.0019011347321793437,0.9054312109947205,0.0,0.0,2.003606081008911,0.85,0.005500000435858965,2.894590377807617,0.43868330121040344,0,,0,-1.962705373764038,1.0,0,0.0004319764266256243,0.8639528155326843,phase1_class1
391,1327.25,0.97260647263769,0.11920292675495148,0.9851500778750301,0.749549150466919,0.7073661856945967,0.567284345626831,0.28644829988479614,0.5113786458969116,0.10543980457613412,0.1814098209142685,0.18408322934339114,0.12810009702129743,0.18408322934339114,0.18549005687236786,1.7255357503890991,1.5400456935167313,915,3521,0.1497395634651184,1,2.1606128215789795,1.7255357503890991,0.09484159201383591,664,0.002256321720778942,0.9022879004478455,0.0,0.0,1.9273566007614136,0.85,0.006500000134110451,2.902271032333374,0.437389999628067,0,,0,-1.7255357503890991,1.0,0,0.000486303266370669,0.9726064801216125,phase1_class1
392,1330.63,0.8882687205197275,0.11920292675495148,0.9842945493746493,0.751803457736969,0.7067518915422045,0.5547701120376587,0.2585858702659607,0.5063338279724121,0.09876013241394722,0.1814098209142685,0.16707561587751155,0.11865140016451355,0.16707561587751155,0.1487065851688385,1.9381470680236816,1.7894404828548431,915,3521,0.16516847908496857,1,2.1606128215789795,1.9381470680236816,0.07735477387905121,664,0.0039711594581604,0.9246794581413269,0.0,0.0,2.0081162452697754,0.85,0.0010000000474974513,2.8947885036468506,0.45119181275367737,0,,0,-1.9381470680236816,1.0,0,0.00044413437717594206,0.8882687091827393,phase1_class1
393,1334.0,0.951135881700505,0.11920292675495148,0.9585297836735076,0.743913471698761,0.6882520462408235,0.566892147064209,0.28999999165534973,0.5267864465713501,0.09424483543702655,0.1814098209142685,0.13440641606259027,0.09966933390709251,0.13440641606259027,0.2231084108352661,1.674912691116333,1.451804280281067,915,3521,0.10944795608520508,1,2.1606128215789795,1.674912691116333,0.08211670070886612,664,0.0016839394811540842,0.8725396990776062,0.0,0.0,1.988400936126709,0.85,0.00950000062584877,2.8810055255889893,0.4172080159187317,0,,0,-1.674912691116333,1.0,0,0.0004755679692607373,0.9511358737945557,phase1_class1
394,1337.37,0.9559541268507564,0.11920292675495148,0.9831697095903805,0.749549150466919,0.7059442241161084,0.5623986124992371,0.27622148394584656,0.5157614946365356,0.09230704764387912,0.1814098209142685,0.14337993017484332,0.103215402425894,0.14337993017484332,0.18582694232463837,1.8047207593917847,1.6188938170671463,915,3521,0.15291397273540497,1,2.1606128215789795,1.8047207593917847,0.09273657202720642,664,0.0017742605414241552,0.9117193818092346,0.0,0.0,1.9348682165145874,0.85,0.0035000001080334187,2.882434844970703,0.44265255331993103,0,,0,-1.8047207593917847,1.0,0,0.00047797709703445435,0.9559541344642639,phase1_class1
395,1340.77,0.922768261734884,0.11920292675495148,0.980341255589923,0.7466185688972473,0.7039133125193374,0.5584145784378052,0.27012985944747925,0.5140127539634705,0.10474234995957121,0.1814098209142685,0.12456359277071269,0.10268938762514182,0.12456359277071269,0.16696256399154663,1.8831803798675537,1.716217815876007,915,3521,0.14720556139945984,1,2.1606128215789795,1.8831803798675537,0.10001223534345627,664,0.0018815891817212105,0.8646385669708252,0.0,0.0,1.917607069015503,0.85,0.01850000023841858,2.894907236099243,0.41290801763534546,0,,0,-1.8831803798675537,1.0,0,0.00046138413017615676,0.922768235206604,phase1_class1
396,1344.15,0.9130258837112577,0.11920292675495148,0.9832788051431992,0.7536068558692932,0.706022557871347,0.5507165193557739,0.24879726767539978,0.5065187811851501,0.09023982568290491,0.1814098209142685,0.14109448829937887,0.10271692475441911,0.14109448829937887,0.15411581099033356,1.9041465520858765,1.750030741095543,915,3521,0.1523614078760147,1,2.1606128215789795,1.9041465520858765,0.09420975297689438,664,0.0025905033107846975,0.8825499415397644,0.0,0.0,1.9361011981964111,0.85,0.004500000271946192,2.8875906467437744,0.42365744709968567,0,,0,-1.9041465520858765,1.0,0,0.0004565129638649523,0.9130258560180664,phase1_class1
397,1347.53,0.9509127158424298,0.11920292675495148,0.9619164465169335,0.7432371377944946,0.6906837678958175,0.5659599304199219,0.2885696589946747,0.5182633996009827,0.11380553525063514,0.1814098209142685,0.1775493893804069,0.13032791852085523,0.1775493893804069,0.19206742942333221,1.7146936655044556,1.5226262360811234,915,3521,0.1243567168712616,1,2.1606128215789795,1.7146936655044556,0.0974968895316124,664,0.0020773503929376602,0.9117445945739746,0.0,0.0,1.9410215616226196,0.85,0.007500000298023224,2.885873556137085,0.44272762537002563,0,,0,-1.7146936655044556,1.0,0,0.0004754563851747662,0.9509127140045166,phase1_class1
398,1350.91,0.9658023267515081,0.11920292675495148,0.9705994340349919,0.7416591644287109,0.6969184035102522,0.5538778901100159,0.264441579580307,0.5184166431427002,0.08369331241279876,0.1814098209142685,0.13723868145427012,0.09715044740635047,0.13723868145427012,0.21121303737163544,1.6301177740097046,1.4189047366380692,915,3521,0.11758175492286682,1,2.1606128215789795,1.6301177740097046,0.0968582034111023,664,0.0021068057976663113,0.887276291847229,0.0,0.0,1.9215863943099976,0.85,0.017500000074505806,2.8880605697631836,0.42811790108680725,0,,0,-1.6301177740097046,1.0,0,0.0004829012032132596,0.9658023715019226,phase1_class1
399,1354.28,0.9521242947168378,0.11920292675495148,0.9765242822805319,0.7468439936637878,0.7011726155317414,0.5478173494338989,0.24782319366931915,0.5162752270698547,0.07349408622426254,0.1814098209142685,0.115744310932264,0.08249765405439893,0.115744310932264,0.19483132660388947,1.7942017316818237,1.5993704050779343,915,3521,0.13068167865276337,1,2.1606128215789795,1.7942017316818237,0.09316705912351608,664,0.001865719328634441,0.895210862159729,0.0,0.0,1.955171823501587,0.85,0.005000000353902578,2.8607664108276367,0.43197911977767944,0,,0,-1.7942017316818237,1.0,0,0.00047606221050955355,0.9521243572235107,phase1_class1
400,1357.67,0.9710546590244789,0.11920292675495148,0.9804174462004194,0.7502254247665405,0.7039680195764071,0.5606310963630676,0.2720105051994324,0.5100228786468506,0.09274563392478849,0.1814098209142685,0.138262222907699,0.10145531707389163,0.138262222907699,0.18987762928009033,1.696448802947998,1.5065711736679077,915,3521,0.12305593490600586,1,2.1606128215789795,1.696448802947998,0.09429576247930527,664,0.002360961865633726,0.8885214328765869,0.0,0.0,1.9360630512237549,0.85,0.009000000543892384,2.883777141571045,0.4278477728366852,0,,0,-1.696448802947998,1.0,0,0.0004855273582506925,0.9710546731948853,phase1_class1
401,1361.05,0.9627833271288884,0.11920292675495148,0.9823649095427468,0.7457168698310852,0.7053663544567267,0.5613280534744263,0.2769230604171753,0.5135422348976135,0.11317636724539569,0.1814098209142685,0.13275192439814362,0.11072277422195832,0.13275192439814362,0.16772621870040894,1.7710893154144287,1.6033630967140198,915,3521,0.13854490220546722,1,2.1606128215789795,1.7710893154144287,0.09694037586450577,664,0.0023509981110692024,0.8899088501930237,0.0,0.0,1.931106686592102,0.85,0.006500000134110451,2.8910934925079346,0.42873701453208923,0,,0,-1.7710893154144287,1.0,0,0.00048139170394279063,0.9627833366394043,phase1_class1
402,1364.43,0.9601760863443225,0.11920292675495148,0.972388836136521,0.7470694184303284,0.6982032458582961,0.5564644932746887,0.2657068073749542,0.5148148536682129,0.08894206967407112,0.1814098209142685,0.13416805709398355,0.09821218253793876,0.13416805709398355,0.19523483514785767,1.7241491079330444,1.5289142727851868,915,3521,0.1315132975578308,1,2.1606128215789795,1.7241491079330444,0.07661382108926773,664,0.0014649450313299894,0.8948266506195068,0.0,0.0,2.004150867462158,0.85,0.00800000037997961,2.906449794769287,0.4316459596157074,0,,0,-1.7241491079330444,1.0,0,0.0004800880851689726,0.9601761102676392,phase1_class1
403,1367.81,0.9504244112506812,0.11920292675495148,0.9739690568190007,0.75,0.6993378899108372,0.5572291612625122,0.265076220035553,0.5110610127449036,0.09043040740723497,0.1814098209142685,0.11637526114328178,0.09091332112572745,0.11637526114328178,0.16934837400913239,1.7908116579055786,1.6214632838964462,915,3521,0.11535140872001648,1,2.1606128215789795,1.7908116579055786,0.08924189954996109,664,0.0014523373683914542,0.8635556101799011,0.0,0.0,1.9663505554199219,0.85,0.015500000678002834,2.90219783782959,0.4114643633365631,0,,0,-1.7908116579055786,1.0,0,0.00047521223314106464,0.9504244327545166,phase1_class1
404,1371.22,0.9052727894668747,0.11920292675495148,0.9816088793203407,0.7457168698310852,0.7048235029392739,0.5563879013061523,0.2665799856185913,0.5089548230171204,0.11243576790622387,0.1814098209142685,0.15093731159125642,0.11923424835004343,0.15093731159125642,0.14982834458351135,1.9133037328720093,1.763475388288498,915,3521,0.16151252388954163,1,2.1606128215789795,1.9133037328720093,0.09332726150751114,664,0.0017996145179495215,0.896150529384613,0.0,0.0,1.933341383934021,0.85,0.00800000037997961,2.8743276596069336,0.4330148994922638,0,,0,-1.9133037328720093,1.0,0,0.00045263642095960677,0.9052727818489075,phase1_class1
405,1374.61,0.9372162448312928,0.11920292675495148,0.9693502214032546,0.7457168698310852,0.6960214327904817,0.5540926456451416,0.2617800831794739,0.5175402164459229,0.09720350806945989,0.1814098209142685,0.13109743273369695,0.10200868365049479,0.13109743273369695,0.17910856008529663,1.8233126401901245,1.6442040801048279,915,3521,0.13666635751724243,1,2.1606128215789795,1.8233126401901245,0.09742126613855362,664,0.0019174696644768119,0.918590247631073,0.0,0.0,1.9171826839447021,0.85,0.0010000000474974513,2.8778624534606934,0.44708365201950073,0,,0,-1.8233126401901245,1.0,0,0.0004686081374529749,0.9372162222862244,phase1_class1
406,1377.99,0.9674743764407929,0.11920292675495148,0.975526949147762,0.7479711771011353,0.7004565015610497,0.5625644326210022,0.277777761220932,0.5188717842102051,0.09186846136296972,0.1814098209142685,0.11700621135429959,0.09120358671212193,0.11700621135429959,0.2033253312110901,1.681743860244751,1.4784185290336609,915,3521,0.13530473411083221,1,2.1606128215789795,1.681743860244751,0.08967342972755432,664,0.0016978555358946323,0.8780502676963806,0.0,0.0,1.9507675170898438,0.85,0.017000000923871994,2.8904128074645996,0.42116761207580566,0,,0,-1.681743860244751,1.0,0,0.0004837371816392988,0.9674743413925171,phase1_class1
407,1381.37,0.9576961544367388,0.11920292675495148,0.9681977649709652,0.7423354387283325,0.6951939358141366,0.5682092905044556,0.29400867223739624,0.5234686732292175,0.09826412330078857,0.1814098209142685,0.1552698363735786,0.11107534529206425,0.1552698363735786,0.2088976502418518,1.7093123197555542,1.5004146695137024,915,3521,0.13021358847618103,1,2.1606128215789795,1.7093123197555542,0.10198675841093063,664,0.001698433654382825,0.8452189564704895,0.0,0.0,1.8965367078781128,0.85,0.006000000052154064,2.883707284927368,0.3996553421020508,0,,0,-1.7093123197555542,1.0,0,0.00047884811647236347,0.9576961994171143,phase1_class1
408,1384.77,0.9603913394220108,0.11920292675495148,0.9803682846496877,0.7481966018676758,0.7039327201642618,0.5530925989151001,0.25780731439590454,0.5127180814743042,0.06726386412205922,0.1814098209142685,0.06606749765146311,0.05587777472991297,0.06606749765146311,0.19708390533924103,1.7733367681503296,1.5762528628110886,915,3521,0.11989854276180267,1,2.1606128215789795,1.7733367681503296,0.09778027981519699,664,0.001358622102998197,0.8960632681846619,0.0,0.0,1.9317442178726196,0.85,0.00800000037997961,2.871983528137207,0.4325816333293915,0,,0,-1.7733367681503296,1.0,0,0.0004801957111340016,0.9603914022445679,phase1_class1
409,1388.15,0.9382972391237939,0.11920292675495148,0.97692423401995,0.7490983009338379,0.7014597924225805,0.5699740648269653,0.29243484139442444,0.5137806534767151,0.11136087456525484,0.1814098209142685,0.17652584792697804,0.1276710044546825,0.17652584792697804,0.17946426570415497,1.8416012525558472,1.6621369868516922,915,3521,0.1673808991909027,1,2.1606128215789795,1.8416012525558472,0.09527160227298737,664,0.0017674153205007315,0.9046837687492371,0.0,0.0,1.918440580368042,0.85,0.004000000189989805,2.8975768089294434,0.4380444586277008,0,,0,-1.8416012525558472,1.0,0,0.0004691486537922174,0.9382972717285156,phase1_class1
410,1391.53,0.9694891457880623,0.11920292675495148,0.9797415238435481,0.7452660202980042,0.703482687818187,0.561874508857727,0.27841633558273315,0.5095037221908569,0.10386517739775245,0.1814098209142685,0.16424335048583166,0.11935099970249843,0.16424335048583166,0.18487243354320526,1.705687403678894,1.5208149701356888,915,3521,0.1338237076997757,1,2.1606128215789795,1.705687403678894,0.09303072094917297,664,0.0017728132661432028,0.883501410484314,0.0,0.0,1.9459822177886963,0.85,0.010000000707805157,2.8905203342437744,0.4249536991119385,0,,0,-1.705687403678894,1.0,0,0.00048474461073055863,0.9694891571998596,phase1_class1
411,1394.92,0.9426561530830728,0.11920292675495148,0.9753289319055721,0.7488728761672974,0.7003143194667116,0.5545283555984497,0.2602921724319458,0.516246497631073,0.07856312554027903,0.1814098209142685,0.14172543851039665,0.09588129960447155,0.14172543851039665,0.18007303774356842,1.8243968486785889,1.6443238109350204,915,3521,0.1427767127752304,1,2.1606128215789795,1.8243968486785889,0.10766566544771194,664,0.0018626961391419172,0.8622814416885376,0.0,0.0,1.8674589395523071,0.85,0.016499999910593033,2.8698132038116455,0.4125102162361145,0,,0,-1.8243968486785889,1.0,0,0.0004713280941359699,0.9426561594009399,phase1_class1
412,1398.3,0.9479924272508916,0.11920292675495148,0.9716359397181455,0.7475203275680542,0.6976626445025735,0.568773090839386,0.2911392152309418,0.5155859589576721,0.11747966533352577,0.1814098209142685,0.1470815047461477,0.11827644457044759,0.1470815047461477,0.1654970645904541,1.791487216949463,1.6259901523590088,915,3521,0.1444970667362213,1,2.1606128215789795,1.791487216949463,0.09235063195228577,664,0.0014416100457310677,0.8702074885368347,0.0,0.0,1.947291612625122,0.85,0.023000001907348633,2.9078404903411865,0.4161013662815094,0,,0,-1.791487216949463,1.0,0,0.00047399624600075185,0.9479924440383911,phase1_class1
413,1401.71,0.9466013853559841,0.11920292675495148,0.9656566416275724,0.7403066158294678,0.6933693359210192,0.556011974811554,0.269961953163147,0.5169225931167603,0.11553473848555815,0.1814098209142685,0.1444034716282722,0.11830481100199369,0.1444034716282722,0.17328354716300964,1.7700594663619995,1.5967759191989899,915,3521,0.1509314477443695,1,2.1606128215789795,1.7700594663619995,0.09354129433631897,664,0.0015221687499433756,0.8591368794441223,0.0,0.0,1.9360774755477905,0.85,0.00950000062584877,2.8872339725494385,0.4085913300514221,0,,0,-1.7700594663619995,1.0,0,0.00047330072266049683,0.946601390838623,phase1_class1
414,1405.09,0.9645027095081681,0.11920292675495148,0.977181205950467,0.7452660202980042,0.701644305684471,0.5704348683357239,0.29638853669166565,0.5206537246704102,0.10971796077554967,0.1814098209142685,0.16999200796399377,0.12378505072604744,0.16999200796399377,0.20506428182125092,1.7274423837661743,1.5223781019449234,915,3521,0.14568039774894714,1,2.1606128215789795,1.7274423837661743,0.09407196193933487,664,0.001787424087524414,0.8878316283226013,0.0,0.0,1.9170249700546265,0.85,0.008500000461935997,2.89029598236084,0.42821118235588074,0,,0,-1.7274423837661743,1.0,0,0.00048225137288682163,0.9645026922225952,phase1_class1
415,1408.46,0.8851479057605557,0.11920292675495148,0.9798273117288883,0.7527051568031311,0.7035442859955559,0.5539839267730713,0.2562711834907532,0.5127924084663391,0.08628168537564619,0.1814098209142685,0.16400499151722495,0.1102077460611267,0.16400499151722495,0.16579073667526245,1.9370869398117065,1.771296203136444,915,3521,0.1544223427772522,1,2.1606128215789795,1.9370869398117065,0.09744685143232346,664,0.0017406161641702056,0.8735721111297607,0.0,0.0,1.9281494617462158,0.85,0.0215000007301569,2.885236978530884,0.41828593611717224,0,,0,-1.9370869398117065,1.0,0,0.00044257394620217383,0.8851478695869446,phase1_class1
416,1411.85,0.9583709198511643,0.11920292675495148,0.969732545495,0.7335437536239624,0.6962959525215875,0.5891175270080566,0.3455149531364441,0.5311305522918701,0.1555047544553134,0.1814098209142685,0.2457340755177297,0.18009731457805844,0.2457340755177297,0.20937052369117737,1.7171132564544678,1.5077427327632904,915,3521,0.18565057218074799,1,2.1606128215789795,1.7171132564544678,0.08888769894838333,664,0.0016177281504496932,0.8749381899833679,0.0,0.0,1.9666242599487305,0.85,0.006500000134110451,2.8865466117858887,0.4187966585159302,0,,0,-1.7171132564544678,1.0,0,0.00047918548807501793,0.9583709239959717,phase1_class1
417,1415.22,0.9522408894639953,0.11920292675495148,0.970676799822,0.7436880469322205,0.6969739543779709,0.5507676601409912,0.256376713514328,0.5181242227554321,0.09748751829382797,0.1814098209142685,0.14172543851039665,0.10751502583282871,0.14172543851039665,0.18731951713562012,1.7661609649658203,1.5788414478302002,915,3521,0.14783526957035065,1,2.1606128215789795,1.7661609649658203,0.07883137464523315,664,0.0012009446509182453,0.885408878326416,0.0,0.0,2.007692813873291,0.85,0.015000000596046448,2.8613247871398926,0.425740122795105,0,,0,-1.7661609649658203,1.0,0,0.00047612047637812793,0.9522408843040466,phase1_class1
418,1418.6,0.9602233690690037,0.11920292675495148,0.9747450650421028,0.7524797320365906,0.6998950862093214,0.5423134565353394,0.23216784000396729,0.5115740895271301,0.07212431887985127,0.1814098209142685,0.08157485172670043,0.0670398721203902,0.08157485172670043,0.1816030591726303,1.7414603233337402,1.55985726416111,915,3521,0.11844506859779358,1,2.1606128215789795,1.7414603233337402,0.08895207941532135,664,0.0019480825867503881,0.8695334792137146,0.0,0.0,1.94904625415802,0.85,0.007000000216066837,2.87738299369812,0.4153720438480377,0,,0,-1.7414603233337402,1.0,0,0.0004801117174793035,0.960223376750946,phase1_class1
419,1421.98,0.9592482479606734,0.11920292675495148,0.9683509296429658,0.7479711771011353,0.6953039124687087,0.5612218379974365,0.2749675512313843,0.5191905498504639,0.08327986802060393,0.1814098209142685,0.09921341540359782,0.07855610566113502,0.09921341540359782,0.21700604259967804,1.694854497909546,1.4778484553098679,915,3521,0.11090236902236938,1,2.1606128215789795,1.694854497909546,0.09310532361268997,664,0.001346356119029224,0.8577349781990051,0.0,0.0,1.9487093687057495,0.85,0.018000001087784767,2.8806800842285156,0.40917348861694336,0,,0,-1.694854497909546,1.0,0,0.00047962411190383136,0.9592481851577759,phase1_class1
420,1425.36,0.936067376126402,0.11920292675495148,0.9538684460405955,0.7448151707649231,0.684905071302,0.5487592220306396,0.25132277607917786,0.520775318145752,0.07062884209186722,0.1814098209142685,0.10613984660899314,0.07649516867714928,0.10613984660899314,0.1917262226343155,1.7643696069717407,1.5726433843374252,915,3521,0.11150960624217987,1,2.1606128215789795,1.7643696069717407,0.10100189596414566,664,0.0010993204778060317,0.8315195441246033,0.0,0.0,1.9028030633926392,0.85,0.045500002801418304,2.8716397285461426,0.39282655715942383,0,,0,-1.7643696069717407,1.0,0,0.0004680336860474199,0.9360673427581787,phase1_class1
421,1428.77,0.9564934713562362,0.11920292675495148,0.9675161625942884,0.7418845891952515,0.6947045256377803,0.5418899059295654,0.23920264840126038,0.5165075659751892,0.075525302517448,0.1814098209142685,0.08118226048428934,0.06934818890749671,0.08118226048428934,0.1875636875629425,1.7142810821533203,1.5267173945903778,915,3521,0.10416696965694427,1,2.1606128215789795,1.7142810821533203,0.09160881489515305,664,0.0013043982908129692,0.8777400851249695,0.0,0.0,1.9491524696350098,0.85,0.00800000037997961,2.8942315578460693,0.42064666748046875,0,,0,-1.7142810821533203,1.0,0,0.00047824677312746644,0.9564934968948364,phase1_class1
422,1432.15,0.9791631789409934,0.11920292675495148,0.9855997787534354,0.7470694184303284,0.7076890839029055,0.5692829489707947,0.2925598919391632,0.5186102986335754,0.10541466268741959,0.1814098209142685,0.1638507592434206,0.11875321914724848,0.1638507592434206,0.1990625411272049,1.6581429243087769,1.459080383181572,915,3521,0.1406477689743042,1,2.1606128215789795,1.6581429243087769,0.09261475503444672,664,0.0021948572248220444,0.9019687175750732,0.0,0.0,1.9455589056015015,0.85,0.0005000000237487257,2.8797056674957275,0.43627968430519104,0,,0,-1.6581429243087769,1.0,0,0.0004895816091448069,0.9791632294654846,phase1_class1
423,1435.53,0.9071922415965739,0.11920292675495148,0.9818560581132618,0.7529305815696716,0.705000984445757,0.5555955171585083,0.2594594359397888,0.5063635110855103,0.09871698769133831,0.1814098209142685,0.15235344428709638,0.11188834018385355,0.15235344428709638,0.1578180491924286,1.910876989364624,1.7530589401721954,915,3521,0.1702454537153244,1,2.1606128215789795,1.910876989364624,0.09678608924150467,664,0.001557628158479929,0.8951218724250793,0.0,0.0,1.9230616092681885,0.85,0.0005000000237487257,2.8772428035736084,0.4318292438983917,0,,0,-1.910876989364624,1.0,0,0.000453596148872748,0.9071922302246094,phase1_class1
424,1438.91,0.9608481249030568,0.11920292675495148,0.9681452737534513,0.7452660202980042,0.695156245605153,0.551439642906189,0.2565789520740509,0.5158333778381348,0.0660163918906545,0.1814098209142685,0.11125755387613748,0.07569181940957265,0.11125755387613748,0.20252291858196259,1.6725800037384033,1.4700570851564407,915,3521,0.0964919924736023,1,2.1606128215789795,1.6725800037384033,0.09300944954156876,664,0.0012308470904827118,0.8456774353981018,0.0,0.0,1.952411413192749,0.85,0.032999999821186066,2.8660480976104736,0.4036920368671417,0,,0,-1.6725800037384033,1.0,0,0.00048042405978776515,0.9608480930328369,phase1_class1
425,1442.29,0.9317998685357557,0.11920292675495148,0.9813084258588972,0.742110013961792,0.704607768683374,0.5487027168273926,0.2532637119293213,0.5114848613739014,0.08043976577692315,0.1814098209142685,0.12495618401312378,0.09062872168432821,0.12495618401312378,0.16796459257602692,1.8671156167984009,1.699151024222374,915,3521,0.14728718996047974,1,2.1606128215789795,1.8671156167984009,0.09537555277347565,664,0.001963794231414795,0.8693609237670898,0.0,0.0,1.927586555480957,0.85,0.006500000134110451,2.9011051654815674,0.41520121693611145,0,,0,-1.8671156167984009,1.0,0,0.00046589996782131493,0.9317998886108398,phase1_class1
426,1445.68,0.9019015009057219,0.11920292675495148,0.9780751235502241,0.7515780329704285,0.7022861643180605,0.5416810512542725,0.23152023553848267,0.509364664554596,0.07876798537424942,0.1814098209142685,0.14046353808836107,0.09727037882323311,0.14046353808836107,0.15686923265457153,1.913463830947876,1.7565945982933044,915,3521,0.1582574099302292,1,2.1606128215789795,1.913463830947876,0.07522182911634445,664,0.0020351617131382227,0.9057389497756958,0.0,0.0,2.034389019012451,0.85,0.001500000013038516,2.9083213806152344,0.43873026967048645,0,,0,-1.913463830947876,1.0,0,0.0004509507562033832,0.9019014835357666,phase1_class1
427,1449.07,0.9722577142923622,0.11920292675495148,0.9852364533486263,0.7484220266342163,0.7074282057772903,0.5633470416069031,0.27906978130340576,0.5153164267539978,0.08636083576604386,0.1814098209142685,0.11802975280772846,0.08835735612420663,0.11802975280772846,0.18806704878807068,1.7289822101593018,1.540915161371231,915,3521,0.1293468475341797,1,2.1606128215789795,1.7289822101593018,0.10725803673267365,664,0.0014370500575751066,0.8683270812034607,0.0,0.0,1.8838300704956055,0.85,0.007500000298023224,2.8687522411346436,0.4144161343574524,0,,0,-1.7289822101593018,1.0,0,0.0004861288471147418,0.972257673740387,phase1_class1
428,1452.45,0.9578100503859039,0.11920292675495148,0.9742268122005256,0.7454914450645447,0.6995229657131605,0.5454013347625732,0.24380441009998322,0.5108629465103149,0.0872631502165772,0.1814098209142685,0.1126736865719774,0.08945561560108155,0.1126736865719774,0.1707596778869629,1.75397789478302,1.5832182168960571,915,3521,0.12695638835430145,1,2.1606128215789795,1.75397789478302,0.1020810455083847,664,0.0014951687771826982,0.8223629593849182,0.0,0.0,1.9061585664749146,0.85,0.05700000375509262,2.86482310295105,0.3894686996936798,0,,0,-1.75397789478302,1.0,0,0.00047890504356473684,0.9578100442886353,phase1_class1
429,1455.83,0.9358985694155617,0.11920292675495148,0.9580740110497928,0.7430117130279541,0.6879247883441622,0.5387507677078247,0.2318059206008911,0.5223785042762756,0.07506871340264425,0.1814098209142685,0.1318826152185191,0.0921433348280707,0.1318826152185191,0.19341011345386505,1.7863608598709106,1.5929507464170456,915,3521,0.10481235384941101,1,2.1606128215789795,1.7863608598709106,0.08564960956573486,664,0.001054865773767233,0.8545523881912231,0.0,0.0,1.9633511304855347,0.85,0.017500000074505806,2.8926632404327393,0.4074970781803131,0,,0,-1.7863608598709106,1.0,0,0.0004679492849390954,0.9358985424041748,phase1_class1
430,1459.24,0.8689474440120708,0.11920292675495148,0.9741359318836357,0.75,0.6994577110229798,0.5353623032569885,0.21956367790699005,0.5164012312889099,0.07369894605823296,0.1814098209142685,0.1007837803732421,0.07763124243269583,0.1007837803732421,0.14557603001594543,1.9494599103927612,1.8038838803768158,915,3521,0.13047121465206146,1,2.1606128215789795,1.9494599103927612,0.09038454294204712,664,0.0016361770685762167,0.8381848335266113,0.0,0.0,1.960585355758667,0.85,0.01900000125169754,2.868159770965576,0.39626938104629517,0,,0,-1.9494599103927612,1.0,0,0.0004344737099017948,0.8689473867416382,phase1_class1
431,1462.62,0.9300152751821787,0.11920292675495148,0.9721040516952313,0.7452660202980042,0.6979987624110483,0.549082338809967,0.25165560841560364,0.514522135257721,0.08796060483314011,0.1814098209142685,0.13558418978982348,0.09951827470040629,0.13558418978982348,0.17760707437992096,1.8510708808898926,1.6734638065099716,915,3521,0.14204475283622742,1,2.1606128215789795,1.8510708808898926,0.09384378790855408,664,0.002169781131669879,0.8808591961860657,0.0,0.0,1.9541361331939697,0.85,0.014000000432133675,2.856703042984009,0.4226025640964508,0,,0,-1.8510708808898926,1.0,0,0.0004650076443795115,0.9300152659416199,phase1_class1
432,1466.01,0.8704327149342614,0.11920292675495148,0.9735847740997364,0.7448151707649231,0.6990619638286502,0.569674551486969,0.2951432168483734,0.5211085677146912,0.11660249277170698,0.1814098209142685,0.1689684665105649,0.1274216464224944,0.1689684665105649,0.16524730622768402,1.9473341703414917,1.7820868641138077,915,3521,0.1807822734117508,1,2.1606128215789795,1.9473341703414917,0.09039448946714401,664,0.00190610287245363,0.8926877379417419,0.0,0.0,1.9592920541763306,0.85,0.0035000001080334187,2.8896138668060303,0.4303359389305115,0,,0,-1.9473341703414917,1.0,0,0.0004352163814473897,0.8704327344894409,phase1_class1
433,1469.38,0.9405578919285232,0.11920292675495148,0.9713742670815824,0.7533814311027527,0.6974747559980874,0.5382205843925476,0.22301135957241058,0.5113428831100464,0.06036846834682769,0.1814098209142685,0.057640807055425486,0.05014672301261691,0.057640807055425486,0.17073321342468262,1.8187702894210815,1.648037075996399,915,3521,0.11873026192188263,1,2.1606128215789795,1.8187702894210815,0.08705156296491623,664,0.0014491758774966002,0.9038292765617371,0.0,0.0,1.9760098457336426,0.85,0.005000000353902578,2.8742763996124268,0.4376874566078186,0,,0,-1.8187702894210815,1.0,0,0.000470278988359496,0.9405579566955566,phase1_class1
434,1472.76,0.9629678818086106,0.11920292675495148,0.9815657895149185,0.744364321231842,0.7047925632154811,0.5668094158172607,0.28947368264198303,0.5177202224731445,0.09723951373724864,0.1814098209142685,0.16282721778999174,0.11408047723781545,0.16282721778999174,0.19678544998168945,1.7659155130386353,1.5691300630569458,915,3521,0.15130400657653809,1,2.1606128215789795,1.7659155130386353,0.10365667939186096,664,0.0016002976335585117,0.8299209475517273,0.0,0.0,1.9078181982040405,0.85,0.04500000178813934,2.8897311687469482,0.39200374484062195,0,,0,-1.7659155130386353,1.0,0,0.0004814839630853385,0.9629678726196289,phase1_class1
435,1476.14,0.9590117502773537,0.11920292675495148,0.9684077298410222,0.7423354387283325,0.6953446966500718,0.5583831071853638,0.27336299419403076,0.5151478052139282,0.0975918105729402,0.1814098209142685,0.16117272612554506,0.11503890567619669,0.16117272612554506,0.1984640508890152,1.6980509757995605,1.4995869249105453,915,3521,0.12934981286525726,1,2.1606128215789795,1.6980509757995605,0.08952519297599792,664,0.0017975826049223542,0.8892838954925537,0.0,0.0,1.963491439819336,0.85,0.00800000037997961,2.8812901973724365,0.4285403788089752,0,,0,-1.6980509757995605,1.0,0,0.0004795058921445161,0.9590117335319519,phase1_class1
436,1479.54,0.9235484124285432,0.11920292675495148,0.9676411230300124,0.7502254247665405,0.6947942508367788,0.5339210033416748,0.21640734374523163,0.513913631439209,0.07584159368535082,0.1814098209142685,0.12715749919378586,0.09082230342948677,0.12715749919378586,0.1678178310394287,1.8564200401306152,1.6886022090911865,915,3521,0.1418452113866806,1,2.1606128215789795,1.8564200401306152,0.07873418182134628,664,0.0017091406043618917,0.8630146980285645,0.0,0.0,2.0186285972595215,0.85,0.006000000052154064,2.9042725563049316,0.41095954179763794,0,,0,-1.8564200401306152,1.0,0,0.00046177420881576836,0.9235484004020691,phase1_class1
437,1482.91,0.9161812229582892,0.11920292675495148,0.9747717023763635,0.7538322806358337,0.6999142125840294,0.5390648245811462,0.2244318276643753,0.5104231238365173,0.07689134513760527,0.1814098209142685,0.13227520646093016,0.09279993759458764,0.13227520646093016,0.1521064192056656,1.8856487274169922,1.7335423082113266,915,3521,0.14230559766292572,1,2.1606128215789795,1.8856487274169922,0.07960797846317291,664,0.0012812594650313258,0.8577867746353149,0.0,0.0,1.9982112646102905,0.85,0.027500001713633537,2.8744118213653564,0.40843909978866577,0,,0,-1.8856487274169922,1.0,0,0.0004580906534101814,0.9161812663078308,phase1_class1
438,1486.29,0.9468279096082975,0.11920292675495148,0.9774830304511738,0.7445897459983826,0.7018610243861277,0.5686664581298828,0.2932002544403076,0.5140942931175232,0.12814261969168594,0.1814098209142685,0.18164355519412234,0.13988557075202315,0.18164355519412234,0.15891027450561523,1.8175811767578125,1.6586709022521973,915,3521,0.15629464387893677,1,2.1606128215789795,1.8175811767578125,0.10032059252262115,664,0.0013800670858472586,0.8101591467857361,0.0,0.0,1.907626986503601,0.85,0.04650000110268593,2.8972644805908203,0.38249751925468445,0,,0,-1.8175811767578125,1.0,0,0.00047341399476863444,0.9468279480934143,phase1_class1
439,1489.67,0.9657735299481082,0.11920292675495148,0.9738954124242796,0.7477457523345947,0.6992850111101736,0.5551092624664307,0.2623599171638489,0.5116437077522278,0.10784845959372569,0.1814098209142685,0.15951823446109842,0.12057659657741726,0.15951823446109842,0.18073923885822296,1.6827759742736816,1.5020367354154587,915,3521,0.13531926274299622,1,2.1606128215789795,1.6827759742736816,0.08702666312456131,664,0.002147158607840538,0.8873366117477417,0.0,0.0,1.9764575958251953,0.85,0.005500000435858965,2.8747520446777344,0.4268013536930084,0,,0,-1.6827759742736816,1.0,0,0.00048288682592101395,0.9657735824584961,phase1_class1
440,1493.04,0.9485454753361936,0.11920292675495148,0.9639910247852559,0.7378268837928772,0.6921733749613252,0.5627481341362,0.28606507182121277,0.5269585251808167,0.08320444235446028,0.1814098209142685,0.1059856143351888,0.08147769639510004,0.1059856143351888,0.21123456954956055,1.7488516569137573,1.5376170873641968,915,3521,0.11736522614955902,1,2.1606128215789795,1.7488516569137573,0.10336805880069733,664,0.0012550557730719447,0.8333632349967957,0.0,0.0,1.9079866409301758,0.85,0.016499999910593033,2.884425640106201,0.39278098940849304,0,,0,-1.7488516569137573,1.0,0,0.0004742727614939213,0.9485454559326172,phase1_class1
441,1496.42,0.9459001200923186,0.11920292675495148,0.9779531010557785,0.7493237257003784,0.7021985486456839,0.556265115737915,0.2635761499404907,0.5105308294296265,0.0962220432285289,0.1814098209142685,0.14479606287068325,0.10709753396749777,0.14479606287068325,0.1658393293619156,1.8221379518508911,1.6562986224889755,915,3521,0.14144887030124664,1,2.1606128215789795,1.8221379518508911,0.10319289565086365,664,0.0015652980655431747,0.8254981637001038,0.0,0.0,1.9257806539535522,0.85,0.012500000186264515,2.885284423828125,0.3866676688194275,0,,0,-1.8221379518508911,1.0,0,0.00047295005060732365,0.9459000825881958,phase1_class1
442,1499.79,0.9522284505899402,0.11920292675495148,0.966115352192566,0.7463931441307068,0.6936987033443028,0.5541221499443054,0.2613263428211212,0.517711341381073,0.06962223536222167,0.1814098209142685,0.07118520491860744,0.05941092959296272,0.07118520491860744,0.18870417773723602,1.7378273010253906,1.5491231232881546,915,3521,0.10034561157226562,1,2.1606128215789795,1.7378273010253906,0.10274352133274078,664,0.0017093636561185122,0.8404145836830139,0.0,0.0,1.8957500457763672,0.85,0.012000000104308128,2.8744149208068848,0.39660143852233887,0,,0,-1.7378273010253906,1.0,0,0.0004761142481584102,0.9522284269332886,phase1_class1
443,1503.16,0.9452961564435645,0.11920292675495148,0.9783117257545418,0.7545085549354553,0.7024560515287037,0.5661279559135437,0.28023794293403625,0.5127134919166565,0.10120479309932752,0.1814098209142685,0.12865775858442816,0.10101479856199701,0.12865775858442816,0.1597423106431961,1.8251609802246094,1.6654186695814133,915,3521,0.1518697738647461,1,2.1606128215789795,1.8251609802246094,0.11010399460792542,664,0.00199647294357419,0.8476824164390564,0.0,0.0,1.857478380203247,0.85,0.018000001087784767,2.883575677871704,0.40111708641052246,0,,0,-1.8251609802246094,1.0,0,0.00047264809836633503,0.9452961683273315,phase1_class1
444,1506.53,0.9565891906790499,0.11920292675495148,0.9738319528926579,0.7436880469322205,0.6992394453351335,0.5637398958206177,0.2835538685321808,0.5246615409851074,0.09330651531870446,0.1814098209142685,0.1419637974790034,0.10305914444081185,0.1419637974790034,0.19972795248031616,1.7590148448944092,1.559286892414093,915,3521,0.13156060874462128,1,2.1606128215789795,1.7590148448944092,0.11439250409603119,664,0.0019300439162179828,0.8320906162261963,0.0,0.0,1.8414829969406128,0.85,0.030000001192092896,2.8762242794036865,0.39242929220199585,0,,0,-1.7590148448944092,1.0,0,0.0004782946198247373,0.9565892219543457,phase1_class1
445,1509.89,0.9695103934784951,0.11920292675495148,0.9748257604958932,0.7403066158294678,0.6999530278738785,0.5774393081665039,0.31510108709335327,0.5223507881164551,0.10238770344366277,0.1814098209142685,0.12401676925449728,0.09778209277944691,0.12401676925449728,0.2183324247598648,1.6399935483932495,1.4216611236333847,915,3521,0.130452960729599,1,2.1606128215789795,1.6399935483932495,0.09854444116353989,664,0.001435751561075449,0.8447591066360474,0.0,0.0,1.9099098443984985,0.85,0.039500001817941666,2.887923002243042,0.40360093116760254,0,,0,-1.6399935483932495,1.0,0,0.00048475523362867534,0.9695104360580444,phase1_class1
446,1513.27,0.9167253800936457,0.11920292675495148,0.9706068768195649,0.7448151707649231,0.6969237476443619,0.5414936542510986,0.2361673265695572,0.5159796476364136,0.07863141215160248,0.1814098209142685,0.1202310679883905,0.08849631724461728,0.1202310679883905,0.17746566236019135,1.8772106170654297,1.6997449547052383,915,3521,0.13624627888202667,1,2.1606128215789795,1.8772106170654297,0.0986485630273819,664,0.0015345076099038124,0.8723395466804504,0.0,0.0,1.9390946626663208,0.85,0.012000000104308128,2.891228199005127,0.4173380434513092,0,,0,-1.8772106170654297,1.0,0,0.00045836271601729095,0.9167253971099854,phase1_class1
447,1516.64,0.9643432580409018,0.11920292675495148,0.9700521935061313,0.7310640215873718,0.6965254690180857,0.5773878693580627,0.32254400849342346,0.5249695777893066,0.13721666876182406,0.1814098209142685,0.20235274323130636,0.15269435814069837,0.20235274323130636,0.20171429216861725,1.6476726531982422,1.445958361029625,915,3521,0.1532468944787979,1,2.1606128215789795,1.6476726531982422,0.10426508635282516,664,0.0019879622850567102,0.8096880316734314,0.0,0.0,1.8906490802764893,0.85,0.055500004440546036,2.8699893951416016,0.38396793603897095,0,,0,-1.6476726531982422,1.0,0,0.0004821716865990311,0.9643433094024658,phase1_class1
448,1520.02,0.9291010733063391,0.11920292675495148,0.9643302590715793,0.7333183288574219,0.6924169549686384,0.5530984997749329,0.26930204033851624,0.5258494019508362,0.10790246809540882,0.1814098209142685,0.13479900730500133,0.11030330412756005,0.13479900730500133,0.1732214391231537,1.833378553390503,1.6601571142673492,915,3521,0.16071195900440216,1,2.1606128215789795,1.833378553390503,0.13421206176280975,664,0.0014764892403036356,0.809037446975708,0.0,0.0,1.7988277673721313,0.85,0.03450000286102295,2.8567628860473633,0.37674909830093384,0,,0,-1.833378553390503,1.0,0,0.00046455056872218847,0.9291011095046997,phase1_class1
449,1523.4,0.9408992547474556,0.11920292675495148,0.9705598697591047,0.750450849533081,0.6968899952184064,0.5793821811676025,0.311138778924942,0.5159767866134644,0.12101722219376948,0.1814098209142685,0.21171884858597045,0.14722871200269108,0.21171884858597045,0.1753307431936264,1.8149112462997437,1.6395805031061172,915,3521,0.16977089643478394,1,2.1606128215789795,1.8149112462997437,0.1015065461397171,664,0.0016007923986762762,0.8302736282348633,0.0,0.0,1.8962801694869995,0.85,0.018000001087784767,2.8928427696228027,0.39180317521095276,0,,0,-1.8149112462997437,1.0,0,0.0004704496532212943,0.9408992528915405,phase1_class1
450,1526.77,0.9496454148991977,0.11920292675495148,0.9804478049269667,0.7418845891952515,0.7039898180181701,0.5670381784439087,0.29189860820770264,0.5182521939277649,0.11972660523975584,0.1814098209142685,0.1826670966475512,0.13583908694849361,0.1826670966475512,0.1689768135547638,1.8177632093429565,1.6487863957881927,915,3521,0.16293486952781677,1,2.1606128215789795,1.8177632093429565,0.11182289570569992,664,0.00188122084364295,0.8420752286911011,0.0,0.0,1.8532307147979736,0.85,0.023000001907348633,2.8830320835113525,0.39957544207572937,0,,0,-1.8177632093429565,1.0,0,0.0004748227365780622,0.9496454000473022,phase1_class1
451,1530.15,0.9595788713579174,0.11920292675495148,0.9835784751536347,0.7531560063362122,0.7062377295868141,0.5646511316299438,0.2781805992126465,0.5137156248092651,0.08994867640371665,0.1814098209142685,0.14235638872141446,0.1009431669476894,0.14235638872141446,0.1774621158838272,1.7917670011520386,1.6143048852682114,915,3521,0.14333419501781464,1,2.1606128215789795,1.7917670011520386,0.11554247885942459,664,0.0031842999160289764,0.8249038457870483,0.0,0.0,1.84769868850708,0.85,0.04500000178813934,2.8902151584625244,0.38892829418182373,0,,0,-1.7917670011520386,1.0,0,0.00047978945076465607,0.9595788717269897,phase1_class1
452,1533.52,0.9403276611214245,0.11920292675495148,0.9589614651787365,0.750450849533081,0.6885620060191826,0.5644227266311646,0.279765784740448,0.5267830491065979,0.07359837850337475,0.1814098209142685,0.16117272612554506,0.100059782892767,0.16117272612554506,0.21326971054077148,1.768487811088562,1.5552181005477905,915,3521,0.12983794510364532,1,2.1606128215789795,1.768487811088562,0.10361691564321518,664,0.0014195959083735943,0.871023952960968,0.0,0.0,1.898440957069397,0.85,0.010500000789761543,2.8884165287017822,0.416395902633667,0,,0,-1.768487811088562,1.0,0,0.00047016385360620916,0.9403276443481445,phase1_class1
453,1536.89,0.9508005630508314,0.11920292675495148,0.9643439694642135,0.7394048571586609,0.6924267994262088,0.5575391054153442,0.2738693356513977,0.5220210552215576,0.10711872403362807,0.1814098209142685,0.1495211788954165,0.11551924658330932,0.1495211788954165,0.1943068653345108,1.735472559928894,1.5411656945943832,915,3521,0.1388157159090042,1,2.1606128215789795,1.735472559928894,0.09819069504737854,664,0.001211332157254219,0.8862869143486023,0.0,0.0,1.9439958333969116,0.85,0.004000000189989805,2.877988576889038,0.42608895897865295,0,,0,-1.735472559928894,1.0,0,0.00047540030209347606,0.9508005380630493,phase1_class1
454,1540.26,0.9429014219218844,0.11920292675495148,0.9557054427908405,0.7468439936637878,0.6862240879813236,0.5473334193229675,0.24681422114372253,0.5192575454711914,0.07017225297706345,0.1814098209142685,0.07055425470758964,0.06049645017009025,0.07055425470758964,0.18526561558246613,1.7306920289993286,1.5454264134168625,915,3521,0.0849027931690216,1,2.1606128215789795,1.7306920289993286,0.09425502270460129,664,0.0016281898133456707,0.8282558917999268,0.0,0.0,1.9337767362594604,0.85,0.029500002041459084,2.87839412689209,0.38923290371894836,0,,0,-1.7306920289993286,1.0,0,0.0004714507085736841,0.9429013729095459,phase1_class1
455,1543.63,0.8805821852637644,0.11920292675495148,0.9658082393975574,0.7434625625610352,0.6934781874947261,0.5501395463943481,0.25523561239242554,0.5168796181678772,0.10821875926331162,0.1814098209142685,0.15542406864738295,0.11989689666104339,0.15542406864738295,0.15254315733909607,1.9270851612091064,1.7745420038700104,915,3521,0.15697024762630463,1,2.1606128215789795,1.9270851612091064,0.10758913308382034,664,0.00128468731418252,0.8041431307792664,0.0,0.0,1.8674615621566772,0.85,0.023000001907348633,2.8651866912841797,0.37351247668266296,0,,0,-1.9270851612091064,1.0,0,0.000440291129052639,0.8805822134017944,phase1_class1
456,1547.01,0.9184067539692612,0.11920292675495148,0.9838989066157736,0.7524797320365906,0.7064678086237448,0.5681861042976379,0.286085844039917,0.5107696056365967,0.106928142309298,0.1814098209142685,0.1662904333926894,0.12080123560908615,0.1662904333926894,0.15416163206100464,1.8965418338775635,1.7423802018165588,915,3521,0.15748979151248932,1,2.1606128215789795,1.8965418338775635,0.11919200420379639,664,0.0015773935010656714,0.8041393160820007,0.0,0.0,1.8541347980499268,0.85,0.05350000411272049,2.8829431533813477,0.37619540095329285,0,,0,-1.8965418338775635,1.0,0,0.0004592033801600337,0.9184067249298096,phase1_class1
457,1550.4,0.9559538885136876,0.11920292675495148,0.9694555955637871,0.7445897459983826,0.6960970944786657,0.5768389701843262,0.3104077875614166,0.5204183459281921,0.1216032454764,0.1814098209142685,0.18739221267228445,0.13720633579878733,0.18739221267228445,0.19260701537132263,1.7346230745315552,1.5420160591602325,915,3521,0.1352483481168747,1,2.1606128215789795,1.7346230745315552,0.10932770371437073,664,0.0016176793724298477,0.8406609892845154,0.0,0.0,1.8845285177230835,0.85,0.01600000075995922,2.8831241130828857,0.39726442098617554,0,,0,-1.7346230745315552,1.0,0,0.000477977009722963,0.9559539556503296,phase1_class1
458,1553.77,0.9631538406486274,0.11920292675495148,0.9789404451882008,0.7391794323921204,0.7029074902258601,0.5654173493385315,0.29061925411224365,0.5196587443351746,0.10304915239243695,0.1814098209142685,0.15424629492014974,0.11390897112042235,0.15424629492014974,0.20047490298748016,1.7495081424713135,1.5490332394838333,915,3521,0.1434641033411026,1,2.1606128215789795,1.7495081424713135,0.11337043344974518,664,0.0021565412171185017,0.826747477054596,0.0,0.0,1.8581290245056152,0.85,0.01100000087171793,2.891587495803833,0.3883361518383026,0,,0,-1.7495081424713135,1.0,0,0.00048157694982364774,0.9631538391113281,phase1_class1
459,1557.14,0.950578921052358,0.11920292675495148,0.9686012422399177,0.7506762742996216,0.6954836441369223,0.5553747415542603,0.2606951892375946,0.5181394815444946,0.07709992969582971,0.1814098209142685,0.09653538228572231,0.07467886400173267,0.09653538228572231,0.19189178943634033,1.764066457748413,1.5721746683120728,915,3521,0.10955868661403656,1,2.1606128215789795,1.764066457748413,0.10674101859331131,664,0.0019286534516140819,0.8321134448051453,0.0,0.0,1.895930290222168,0.85,0.02850000187754631,2.860036849975586,0.3919787108898163,0,,0,-1.764066457748413,1.0,0,0.0004752894747070968,0.9505789279937744,phase1_class1
460,1560.51,0.9643320066021283,0.11920292675495148,0.9717928257824324,0.744364321231842,0.6977752932242004,0.5517208576202393,0.2578533887863159,0.5231215953826904,0.08205753767791378,0.1814098209142685,0.09858246519258004,0.07922753654466093,0.09858246519258004,0.20688214898109436,1.6744362115859985,1.4675540626049042,915,3521,0.11148849129676819,1,2.1606128215789795,1.6744362115859985,0.10730811953544617,664,0.0009824938606470823,0.7902800440788269,0.0,0.0,1.8934322595596313,0.85,0.06000000238418579,2.8776397705078125,0.3704405725002289,0,,0,-1.6744362115859985,1.0,0,0.00048216601135209203,0.9643319845199585,phase1_class1
461,1563.9,0.9280467953657302,0.11920292675495148,0.9769683031391316,0.7423354387283325,0.7014914353219138,0.5357850790023804,0.2261340618133545,0.5131837725639343,0.08684970582438235,0.1814098209142685,0.09732056477054443,0.08395360914545687,0.09732056477054443,0.15198247134685516,1.8663263320922852,1.71434386074543,915,3521,0.12831242382526398,1,2.1606128215789795,1.8663263320922852,0.09660337120294571,664,0.0014636723790317774,0.8650913238525391,0.0,0.0,1.9249341487884521,0.85,0.010000000707805157,2.905601978302002,0.4134778678417206,0,,0,-1.8663263320922852,1.0,0,0.0004640234401449561,0.9280468225479126,phase1_class1
462,1567.26,0.9526143588623289,0.11920292675495148,0.9730269569822722,0.7434625625610352,0.6986614350406436,0.5802755951881409,0.31856289505958557,0.516370952129364,0.11963317673971781,0.1814098209142685,0.18392899706958682,0.13387719143429894,0.18392899706958682,0.18575412034988403,1.776307225227356,1.590553104877472,915,3521,0.14034950733184814,1,2.1606128215789795,1.776307225227356,0.10792955011129379,664,0.0015257394406944513,0.8685721755027771,0.0,0.0,1.8851951360702515,0.85,0.019500000402331352,2.854245185852051,0.4148644506931305,0,,0,-1.776307225227356,1.0,0,0.00047630720655433834,0.9526143670082092,phase1_class1
463,1570.64,0.9383656469352951,0.11920292675495148,0.9524494204029446,0.743913471698761,0.6838861699434647,0.5373736619949341,0.2282608598470688,0.5240002274513245,0.060645339516375595,0.1814098209142685,0.08362193463355813,0.06248884194890682,0.08362193463355813,0.19872115552425385,1.7407007217407227,1.5419795662164688,915,3521,0.101502925157547,1,2.1606128215789795,1.7407007217407227,0.0858009085059166,664,0.0013959166826680303,0.8775038123130798,0.0,0.0,1.981220006942749,0.85,0.010500000789761543,2.8805856704711914,0.42102766036987305,0,,0,-1.7407007217407227,1.0,0,0.00046918285079300404,0.938365638256073,phase1_class1
464,1574.0,0.9286985809585601,0.11920292675495148,0.9727092675986599,0.7407574653625488,0.6984333248952268,0.5602670311927795,0.278544545173645,0.5162925720214844,0.12558652767237327,0.1814098209142685,0.16833751629954713,0.13401871482674813,0.16833751629954713,0.1519852727651596,1.855677604675293,1.7036923319101334,915,3521,0.16172999143600464,1,2.1606128215789795,1.855677604675293,0.09595882147550583,664,0.001745895599015057,0.8226553797721863,0.0,0.0,1.9377121925354004,0.85,0.020000001415610313,2.861823558807373,0.3879283666610718,0,,0,-1.855677604675293,1.0,0,0.00046434931573458016,0.9286985993385315,phase1_class1
465,1577.38,0.9574355451080525,0.11920292675495148,0.9637998627393833,0.7403066158294678,0.6920361150957725,0.5793516039848328,0.3191489577293396,0.5269832611083984,0.1189968696796582,0.1814098209142685,0.18802316288330223,0.135510184647555,0.18802316288330223,0.19992022216320038,1.6592566967010498,1.4593364745378494,915,3521,0.13380227982997894,1,2.1606128215789795,1.6592566967010498,0.10663636773824692,664,0.0014390135183930397,0.7523932456970215,0.0,0.0,1.872562050819397,0.85,0.0495000034570694,2.855891466140747,0.3443918228149414,0,,0,-1.6592566967010498,1.0,0,0.00047871776041574776,0.9574354887008667,phase1_class1
466,1580.78,0.9425731920777501,0.11920292675495148,0.9561757092581973,0.7412083148956299,0.686561752875988,0.5521938800811768,0.2612612545490265,0.5257281064987183,0.08255727151532646,0.1814098209142685,0.10472371391315322,0.08227715297235216,0.10472371391315322,0.1955440789461136,1.7367764711380005,1.541232392191887,915,3521,0.1034523993730545,1,2.1606128215789795,1.7367764711380005,0.10015056282281876,664,0.0014881952665746212,0.8202954530715942,0.0,0.0,1.9230149984359741,0.85,0.01900000125169754,2.880216598510742,0.3843548893928528,0,,0,-1.7367764711380005,1.0,0,0.00047128662117756903,0.9425731897354126,phase1_class1
467,1584.15,0.8993350576461541,0.11920292675495148,0.9766022356557955,0.7484220266342163,0.7012285883047844,0.5363802909851074,0.22284123301506042,0.5120051503181458,0.06556694183067094,0.1814098209142685,0.09015577459654239,0.06815626836162739,0.09015577459654239,0.16082768142223358,1.9151742458343506,1.754346564412117,915,3521,0.132709339261055,1,2.1606128215789795,1.9151742458343506,0.09037216007709503,664,0.0021253719460219145,0.8145303130149841,0.0,0.0,1.9399198293685913,0.85,0.039000000804662704,2.8940038681030273,0.3816206753253937,0,,0,-1.9151742458343506,1.0,0,0.0004496675683185458,0.8993350863456726,phase1_class1
468,1587.52,0.9596312136738152,0.11920292675495148,0.9791457093522113,0.7502254247665405,0.7030548758191995,0.5427804589271545,0.23480664193630219,0.5118662714958191,0.06484434532539346,0.1814098209142685,0.0709468459500007,0.05815452069083118,0.0709468459500007,0.17941005527973175,1.771073579788208,1.5916635245084763,915,3521,0.1096685379743576,1,2.1606128215789795,1.771073579788208,0.1044478565454483,664,0.0023549150209873915,0.8591051697731018,0.0,0.0,1.8944367170333862,0.85,0.00950000062584877,2.8870890140533447,0.40855178236961365,0,,0,-1.771073579788208,1.0,0,0.00047981561510823667,0.9596312046051025,phase1_class1
469,1590.88,0.9548715770023813,0.11920292675495148,0.9575914052290654,0.7297114729881287,0.6875782634376846,0.557573676109314,0.2816057503223419,0.5330479145050049,0.09731866412764631,0.1814098209142685,0.09331052565163137,0.08497980083803577,0.09331052565163137,0.23703986406326294,1.574511170387268,1.3374713063240051,915,3521,0.09354305267333984,1,2.1606128215789795,1.574511170387268,0.11455831676721573,664,0.0020012306049466133,0.8027402758598328,0.0,0.0,1.8656322956085205,0.85,0.03750000149011612,2.879542350769043,0.37625616788864136,0,,0,-1.574511170387268,1.0,0,0.00047743582399562,0.9548715949058533,phase1_class1
470,1594.24,0.957409752907428,0.11920292675495148,0.9660164415028469,0.7330929040908813,0.6936276826146879,0.5567478537559509,0.27716729044914246,0.5333812236785889,0.0967757855676247,0.1814098209142685,0.12928870879544593,0.10081954748396567,0.12928870879544593,0.21630476415157318,1.6894443035125732,1.473139539361,915,3521,0.11562216281890869,1,2.1606128215789795,1.6894443035125732,0.1032433807849884,664,0.0012065889313817024,0.788740873336792,0.0,0.0,1.911839485168457,0.85,0.046000003814697266,2.855586051940918,0.36404934525489807,0,,0,-1.6894443035125732,1.0,0,0.0004787048965226859,0.9574097394943237,phase1_class1
471,1597.6,0.9568538743875552,0.11920292675495148,0.9671185612078934,0.7441388964653015,0.694419036368239,0.5627809762954712,0.2811906039714813,0.5204842686653137,0.08277299512837105,0.1814098209142685,0.10944882993788646,0.08265749583361107,0.10944882993788646,0.20492057502269745,1.7071188688278198,1.5021982938051224,915,3521,0.1145784854888916,1,2.1606128215789795,1.7071188688278198,0.09055197238922119,664,0.0015016200486570597,0.818196713924408,0.0,0.0,1.9806180000305176,0.85,0.02800000086426735,2.8863155841827393,0.3824983835220337,0,,0,-1.7071188688278198,1.0,0,0.0004784269549418241,0.9568538665771484,phase1_class1
472,1600.95,0.9623467248495396,0.11920292675495148,0.9709069385555044,0.7412083148956299,0.6971392006300453,0.5722416639328003,0.303398072719574,0.5197374224662781,0.11889257740054598,0.1814098209142685,0.1528301622243098,0.1211003542712998,0.1528301622243098,0.2017151117324829,1.6883878707885742,1.4866727590560913,915,3521,0.14478124678134918,1,2.1606128215789795,1.6883878707885742,0.09800659120082855,664,0.002138408599421382,0.8509923219680786,0.0,0.0,1.9134918451309204,0.85,0.02200000174343586,2.8994667530059814,0.4036402106285095,0,,0,-1.6883878707885742,1.0,0,0.00048117339611053467,0.9623467326164246,phase1_class1
473,1604.32,0.9423839022226592,0.11920292675495148,0.975570430678688,0.742110013961792,0.7004877225550586,0.5491682291030884,0.2542372941970825,0.5173438191413879,0.08513850542335372,0.1814098209142685,0.12597972546655264,0.09370812861714074,0.12597972546655264,0.17907699942588806,1.8259857892990112,1.6469087898731232,915,3521,0.14273680746555328,1,2.1606128215789795,1.8259857892990112,0.10132724791765213,664,0.0018154322169721127,0.8284906148910522,0.0,0.0,1.9219344854354858,0.85,0.04050000011920929,2.901634454727173,0.3916109800338745,0,,0,-1.8259857892990112,1.0,0,0.00047119197552092373,0.942383885383606,phase1_class1
474,1607.68,0.9564227922899539,0.11920292675495148,0.979199375746237,0.7430117130279541,0.7030934098388322,0.5764116048812866,0.31076177954673767,0.5221425294876099,0.09718922995981953,0.1814098209142685,0.08638409444623601,0.07819639819937999,0.08638409444623601,0.19868534803390503,1.7868660688400269,1.5881807208061218,915,3521,0.1350761353969574,1,2.1606128215789795,1.7868660688400269,0.10198813676834106,664,0.001637025736272335,0.794646143913269,0.0,0.0,1.8901973962783813,0.85,0.02800000086426735,2.8921058177948,0.3678365647792816,0,,0,-1.7868660688400269,1.0,0,0.00047821138286963105,0.956422746181488,phase1_class1
475,1611.07,0.9711119411132187,0.11920292675495148,0.9822426911855493,0.7407574653625488,0.7052785981492419,0.575849711894989,0.31137722730636597,0.5174195170402527,0.1375329599297269,0.1814098209142685,0.17778774834901362,0.14226055876794264,0.17778774834901362,0.17398136854171753,1.7137398719787598,1.5397585034370422,915,3521,0.15761804580688477,1,2.1606128215789795,1.7137398719787598,0.1409963220357895,664,0.002027039183303714,0.8134815096855164,0.0,0.0,1.7660069465637207,0.85,0.023000001907348633,2.8825581073760986,0.3814133107662201,0,,0,-1.7137398719787598,1.0,0,0.00048555596731603146,0.9711118936538696,phase1_class1
476,1614.45,0.9545990150242434,0.11920292675495148,0.9697703470061202,0.7385031580924988,0.69632309509746,0.5493378043174744,0.25736236572265625,0.5261476039886475,0.0724371957171879,0.1814098209142685,0.07323228782546515,0.06296429297381805,0.07323228782546515,0.20619188249111176,1.746424674987793,1.5402327924966812,915,3521,0.12143650650978088,1,2.1606128215789795,1.746424674987793,0.09923987090587616,664,0.0012345577124506235,0.8308055400848389,0.0,0.0,1.9451900720596313,0.85,0.016499999910593033,2.872347354888916,0.3901452124118805,0,,0,-1.746424674987793,1.0,0,0.00047729953075759113,0.9545990228652954,phase1_class1
477,1617.83,0.9615899267713843,0.11920292675495148,0.9651804992776581,0.7454914450645447,0.6930274519731106,0.5444270372390747,0.24177299439907074,0.5194523334503174,0.04619682374139239,0.1814098209142685,0.03701574571304386,0.032264800805848926,0.03701574571304386,0.21811258792877197,1.6015855073928833,1.3834729194641113,915,3521,0.061827123165130615,1,2.1606128215789795,1.6015855073928833,0.09696592390537262,664,0.0015881417784839869,0.8226459622383118,0.0,0.0,1.9244136810302734,0.85,0.0495000034570694,2.8876290321350098,0.38942480087280273,0,,0,-1.6015855073928833,1.0,0,0.0004807949881069362,0.9615899324417114,phase1_class1
478,1621.21,0.952530302540662,0.11920292675495148,0.979153935587792,0.7454914450645447,0.7030607824937417,0.5663818717002869,0.2876971662044525,0.5164565443992615,0.0941154012691998,0.1814098209142685,0.15975659342970513,0.11097283801364699,0.15975659342970513,0.1755804717540741,1.8028805255889893,1.6273000538349152,915,3521,0.1426592767238617,1,2.1606128215789795,1.8028805255889893,0.09543459862470627,664,0.001841637073084712,0.8309140205383301,0.0,0.0,1.9297397136688232,0.85,0.03550000116229057,2.873495101928711,0.3932904303073883,0,,0,-1.8028805255889893,1.0,0,0.00047626515151932836,0.9525302648544312,phase1_class1
479,1624.58,0.9750095412201574,0.11920292675495148,0.9789933281312185,0.7373760342597961,0.70294546170506,0.5681278705596924,0.2977697253227234,0.5274274945259094,0.08346331069011381,0.1814098209142685,0.09087085150236257,0.07390350863261064,0.09087085150236257,0.24153679609298706,1.6105905771255493,1.3690537810325623,915,3521,0.10928574204444885,1,2.1606128215789795,1.6105905771255493,0.10651576519012451,664,0.001822085352614522,0.8573232889175415,0.0,0.0,1.8919289112091064,0.85,0.014000000432133675,2.87679386138916,0.40790584683418274,0,,0,-1.6105905771255493,1.0,0,0.0004875047889072448,0.975009560585022,phase1_class1
480,1627.94,0.9030104515944787,0.11920292675495148,0.9553989175840879,0.7536068558692932,0.6860039940370715,0.5318708419799805,0.20968909561634064,0.5218484401702881,0.033991523148385244,0.1814098209142685,0.0011917948430336112,0.01067316926603196,0.02015454368903031,0.17664223909378052,1.8759080171585083,1.6992657780647278,915,3521,0.08525358140468597,1,2.1606128215789795,1.8759080171585083,0.11921753734350204,664,0.0013493362348526716,0.7847384214401245,0.0,0.0,1.8509972095489502,0.85,0.05150000378489494,2.8531582355499268,0.36812037229537964,0,,0,-1.8759080171585083,1.0,0,0.0004515052423812449,0.9030104279518127,phase1_class1
481,1631.32,0.9200906971503513,0.11920292675495148,0.9794837684620231,0.744364321231842,0.7032976120158637,0.5567557215690613,0.268387109041214,0.5147051811218262,0.10895935860248346,0.1814098209142685,0.15400793595154302,0.11858660291205679,0.15400793595154302,0.16210003197193146,1.8865833282470703,1.7244832962751389,915,3521,0.1555914729833603,1,2.1606128215789795,1.8865833282470703,0.10849332809448242,664,0.0014437027275562286,0.7801142930984497,0.0,0.0,1.8798187971115112,0.85,0.052000001072883606,2.886448383331299,0.3746356666088104,0,,0,-1.8865833282470703,1.0,0,0.000460045353975147,0.9200906753540039,phase1_class1
482,1634.69,0.9597519677809817,0.11920292675495148,0.964694172064644,0.7366997599601746,0.692678254999578,0.5700013637542725,0.30226999521255493,0.5297521352767944,0.10562324724564401,0.1814098209142685,0.14117861499418122,0.10872990938836476,0.14117861499418122,0.2270774096250534,1.6337279081344604,1.406650498509407,915,3521,0.11615768074989319,1,2.1606128215789795,1.6337279081344604,0.09028402715921402,664,0.0011548150796443224,0.8398674726486206,0.0,0.0,1.9562876224517822,0.85,0.020000001415610313,2.880216121673584,0.3970772922039032,0,,0,-1.6337279081344604,1.0,0,0.0004798760055564344,0.9597519636154175,phase1_class1
483,1638.06,0.9039729029866862,0.11920292675495148,0.9694164230134033,0.7502254247665405,0.696068967457036,0.5402202606201172,0.2294853925704956,0.5187257528305054,0.04272755349247217,0.1814098209142685,0.03638479550202606,0.030406409761948357,0.03638479550202606,0.19028784334659576,1.8980516195297241,1.7077637761831284,915,3521,0.10894064605236053,1,2.1606128215789795,1.8980516195297241,0.09329578280448914,664,0.0014704610221087933,0.8654337525367737,0.0,0.0,1.9624786376953125,0.85,0.015500000678002834,2.864799737930298,0.41345900297164917,0,,0,-1.8980516195297241,1.0,0,0.00045198644511401653,0.903972864151001,phase1_class1
484,1641.46,0.9640721076182674,0.11920292675495148,0.9753091497676284,0.7459422945976257,0.7003001153207886,0.5734344124794006,0.3021671772003174,0.5254604816436768,0.10125880160101064,0.1814098209142685,0.17613325668456697,0.12112237685959029,0.17613325668456697,0.19961999356746674,1.715417742729187,1.5157977491617203,915,3521,0.1319115310907364,1,2.1606128215789795,1.715417742729187,0.09682504832744598,664,0.0017060573445633054,0.8412198424339294,0.0,0.0,1.927715539932251,0.85,0.027500001713633537,2.8798773288726807,0.39983245730400085,0,,0,-1.715417742729187,1.0,0,0.0004820360627491027,0.9640721082687378,phase1_class1
485,1644.84,0.9525516244223009,0.11920292675495148,0.9695155295658742,0.7427862882614136,0.6961401288217591,0.5560485124588013,0.26812058687210083,0.5180496573448181,0.11151545062179616,0.1814098209142685,0.16975364899538706,0.1272414213694723,0.16975364899538706,0.17763732373714447,1.7578070163726807,1.5801696926355362,915,3521,0.15246878564357758,1,2.1606128215789795,1.7578070163726807,0.09755676239728928,664,0.0017741427291184664,0.8429988026618958,0.0,0.0,1.9081028699874878,0.85,0.010000000707805157,2.8915860652923584,0.3980484902858734,0,,0,-1.7578070163726807,1.0,0,0.000476275832625106,0.9525516033172607,phase1_class1
486,1648.23,0.9578243776988745,0.11920292675495148,0.9616199103105285,0.7369251847267151,0.6904708463420808,0.574833869934082,0.3123158812522888,0.5344236493110657,0.12041692080149857,0.1814098209142685,0.18290545561615795,0.1349167398190143,0.18290545561615795,0.25035223364830017,1.6075278520584106,1.3571756184101105,915,3521,0.1386498510837555,1,2.1606128215789795,1.6075278520584106,0.09690564125776291,664,0.0017657590797170997,0.853981077671051,0.0,0.0,1.9292963743209839,0.85,0.008500000461935997,2.8886141777038574,0.4054014980792999,0,,0,-1.6075278520584106,1.0,0,0.00047891223221085966,0.9578244090080261,phase1_class1
487,1651.61,0.890395656323328,0.11920292675495148,0.9763436968232628,0.7448151707649231,0.7010429499620285,0.543461263179779,0.24026846885681152,0.5155141353607178,0.07814968114808418,0.1814098209142685,0.1096030622116908,0.08317811276974836,0.1096030622116908,0.15627923607826233,1.9268205165863037,1.7705412805080414,915,3521,0.14381146430969238,1,2.1606128215789795,1.9268205165863037,0.08133649080991745,664,0.0018298588693141937,0.8694172501564026,0.0,0.0,2.0056169033050537,0.85,0.009000000543892384,2.892683506011963,0.4157232940196991,0,,0,-1.9268205165863037,1.0,0,0.0004451978311408311,0.8903956413269043,phase1_class1
488,1654.99,0.9241841830027815,0.11920292675495148,0.9824150504072379,0.7484220266342163,0.7054023570444126,0.5646763443946838,0.2818532884120941,0.5141234993934631,0.10321086750379845,0.1814098209142685,0.15054472034884536,0.11231774851305935,0.15054472034884536,0.15835972130298615,1.8841632604599,1.7258035391569138,915,3521,0.16193659603595734,1,2.1606128215789795,1.8841632604599,0.11354529857635498,664,0.001747430069372058,0.8115140795707703,0.0,0.0,1.8732243776321411,0.85,0.032999999821186066,2.892557382583618,0.3835284113883972,0,,0,-1.8841632604599,1.0,0,0.00046209210995584726,0.9241842031478882,phase1_class1
489,1658.37,0.9669736698788884,0.11920292675495148,0.9717918464686729,0.7371506094932556,0.6977745900486597,0.5663465261459351,0.29418885707855225,0.5290186405181885,0.09386739671262045,0.1814098209142685,0.0867766856886471,0.07838008906102831,0.0867766856886471,0.20924463868141174,1.6304339170455933,1.4211892783641815,915,3521,0.11232060194015503,1,2.1606128215789795,1.6304339170455933,0.11398035287857056,664,0.0016140699153766036,0.8204874396324158,0.0,0.0,1.8474925756454468,0.85,0.036000002175569534,2.8811140060424805,0.3834453523159027,0,,0,-1.6304339170455933,1.0,0,0.00048348685959354043,0.9669736623764038,phase1_class1
490,1661.75,0.9718287388270743,0.11920292675495148,0.9802950319804701,0.7452660202980042,0.7038801226338143,0.5712660551071167,0.2981366217136383,0.5178966522216797,0.10810018887455905,0.1814098209142685,0.14259474769002117,0.11047950235006743,0.14259474769002117,0.18352720141410828,1.6863033771514893,1.502776175737381,915,3521,0.12041419744491577,1,2.1606128215789795,1.6863033771514893,0.0983363538980484,664,0.0021234990563243628,0.8269871473312378,0.0,0.0,1.919812560081482,0.85,0.006000000052154064,2.8892970085144043,0.3877415359020233,0,,0,-1.6863033771514893,1.0,0,0.0004859144100919366,0.9718287587165833,phase1_class1
491,1665.13,0.9505867061113281,0.11920292675495148,0.9721036599697274,0.750450849533081,0.697998481140832,0.5552096366882324,0.2605210244655609,0.5165203213691711,0.06774559512557751,0.1814098209142685,0.09653538228572231,0.06934284912251427,0.09653538228572231,0.18805590271949768,1.7817893028259277,1.59373340010643,915,3521,0.1270090788602829,1,2.1606128215789795,1.7817893028259277,0.09086865931749344,664,0.001237410819157958,0.8336729407310486,0.0,0.0,1.9592920541763306,0.85,0.036500003188848495,2.874664306640625,0.39361274242401123,0,,0,-1.7817893028259277,1.0,0,0.000475293374620378,0.9505866765975952,phase1_class1
492,1668.5,0.9091184211486858,0.11920292675495148,0.9701849884519321,0.7515780329704285,0.6966208196214103,0.5226526260375977,0.19208210706710815,0.5152769088745117,0.05613345687002109,0.1814098209142685,0.10463958721835084,0.07089874235355463,0.10463958721835084,0.1677415817975998,1.890561819076538,1.7228202372789383,915,3521,0.12705498933792114,1,2.1606128215789795,1.890561819076538,0.08784181624650955,664,0.0018374368082731962,0.8524450063705444,0.0,0.0,1.9650859832763672,0.85,0.006000000052154064,2.876189947128296,0.40418732166290283,0,,0,-1.890561819076538,1.0,0,0.00045455925283022225,0.9091184735298157,phase1_class1
493,1671.9,0.9414034242843333,0.11920292675495148,0.9554075355451722,0.7303877472877502,0.68601018198183,0.5560175180435181,0.2777777910232544,0.5276609659194946,0.09224962481162982,0.1814098209142685,0.1470815047461477,0.10634113779861054,0.1470815047461477,0.22634805738925934,1.7398103475570679,1.5134622901678085,915,3521,0.15196983516216278,1,2.1606128215789795,1.7398103475570679,0.09830987453460693,664,0.0015715742483735085,0.8491160273551941,0.0,0.0,1.9151902198791504,0.85,0.01100000087171793,2.882004976272583,0.40295886993408203,0,,0,-1.7398103475570679,1.0,0,0.0004707017506007105,0.9414034485816956,phase1_class1
494,1675.28,0.9546109521893777,0.11920292675495148,0.9736850558287188,0.7513526082038879,0.6991339690040221,0.5440829992294312,0.23667818307876587,0.5140689611434937,0.06674612745075215,0.1814098209142685,0.08669255899384473,0.06603157879927227,0.08669255899384473,0.17596392333507538,1.769315481185913,1.5933515578508377,915,3521,0.11000902950763702,1,2.1606128215789795,1.769315481185913,0.0984664261341095,664,0.0017979692202061415,0.814752459526062,0.0,0.0,1.916720986366272,0.85,0.036000002175569534,2.892185926437378,0.38224297761917114,0,,0,-1.769315481185913,1.0,0,0.00047730549704283476,0.9546109437942505,phase1_class1
495,1678.67,0.9643813878099856,0.11920292675495148,0.9786019943528852,0.7357980012893677,0.7026644727589796,0.5788527727127075,0.32175925374031067,0.5244929194450378,0.13472886335383483,0.1814098209142685,0.19621149451073316,0.1482689555494851,0.19621149451073316,0.19232432544231415,1.7389334440231323,1.5466091185808182,915,3521,0.16322027146816254,1,2.1606128215789795,1.7389334440231323,0.095508873462677,664,0.0019168530125170946,0.7851057052612305,0.0,0.0,1.9273408651351929,0.85,0.04150000214576721,2.886894702911377,0.3734900653362274,0,,0,-1.7389334440231323,1.0,0,0.0004821907205041498,0.9643813967704773,phase1_class1
496,1682.06,0.9635708404124255,0.11920292675495148,0.9740295784093439,0.7412083148956299,0.6993813461592553,0.5635921955108643,0.28518056869506836,0.5232295393943787,0.09457199038400355,0.1814098209142685,0.14605796329271883,0.10568324522962179,0.14605796329271883,0.19751380383968353,1.7082914113998413,1.5107776075601578,915,3521,0.13387824594974518,1,2.1606128215789795,1.7082914113998413,0.11742337048053741,664,0.0014293559361249208,0.7918887138366699,0.0,0.0,1.8394168615341187,0.85,0.058000002056360245,2.8778982162475586,0.3685777187347412,0,,0,-1.7082914113998413,1.0,0,0.0004817854496650398,0.9635708332061768,phase1_class1
497,1685.45,0.9564023860249234,0.11920292675495148,0.9647678164593656,0.742560863494873,0.692731133800242,0.5704391002655029,0.2985258102416992,0.5210659503936768,0.10632784091702711,0.1814098209142685,0.16038754364072294,0.1175818228817756,0.16038754364072294,0.2060752958059311,1.6867047548294067,1.4806294590234756,915,3521,0.13976943492889404,1,2.1606128215789795,1.6867047548294067,0.09674400091171265,664,0.0019004779169335961,0.8477759957313538,0.0,0.0,1.9198193550109863,0.85,0.026500001549720764,2.8787436485290527,0.4019446074962616,0,,0,-1.6867047548294067,1.0,0,0.00047820122563280165,0.9564024209976196,phase1_class1
498,1688.84,0.9322871823756097,0.11920292675495148,0.9635601267310349,0.7445897459983826,0.6918639777233988,0.5509514808654785,0.256073534488678,0.5207396149635315,0.06824532896299021,0.1814098209142685,0.11125755387613748,0.07707180715961373,0.11125755387613748,0.20119307935237885,1.8211239576339722,1.6199308782815933,915,3521,0.12397411465644836,1,2.1606128215789795,1.8211239576339722,0.08814673870801926,664,0.0017114452784880996,0.8405519127845764,0.0,0.0,1.9407342672348022,0.85,0.026500001549720764,2.9018073081970215,0.3975306451320648,0,,0,-1.8211239576339722,1.0,0,0.0004661436250898987,0.9322872161865234,phase1_class1
499,1692.21,0.9702321089095238,0.11920292675495148,0.9729063055270902,0.7416591644287109,0.6985748038140241,0.5822967290878296,0.32429248094558716,0.5297092795372009,0.10223312738712145,0.1814098209142685,0.10480784060795562,0.08817342686965701,0.10480784060795562,0.22886183857917786,1.5712250471115112,1.3423632085323334,915,3521,0.09776237607002258,1,2.1606128215789795,1.5712250471115112,0.11741908639669418,664,0.0016234759241342545,0.800403892993927,0.0,0.0,1.8471012115478516,0.85,0.04350000247359276,2.858240842819214,0.37483683228492737,0,,0,-1.5712250471115112,1.0,0,0.0004851160920225084,0.9702321290969849,phase1_class1
500,1695.6,0.9532350306310603,0.11920292675495148,0.9764006928840713,0.7405320405960083,0.7010838747784998,0.5656038522720337,0.28994446992874146,0.5295284986495972,0.09332451815259885,0.1814098209142685,0.10803269724204653,0.08764911502028229,0.10803269724204653,0.2147342711687088,1.7888935804367065,1.5741593092679977,915,3521,0.13639846444129944,1,2.1606128215789795,1.7888935804367065,0.11862506717443466,664,0.0014155686367303133,0.8313784599304199,0.0,0.0,1.847733736038208,0.85,0.027000000700354576,2.8776376247406006,0.393453985452652,0,,0,-1.7888935804367065,1.0,0,0.0004766175406984985,0.9532350301742554,phase1_class1
501,1699.01,0.9443486208464164,0.11920292675495148,0.9658360519083301,0.7454914450645447,0.6934981576800834,0.5468524694442749,0.24683122336864471,0.516287624835968,0.07244433477200807,0.1814098209142685,0.10102213934184884,0.07552544843367856,0.10102213934184884,0.19162678718566895,1.782310128211975,1.5906833410263062,915,3521,0.12136924266815186,1,2.1606128215789795,1.782310128211975,0.08977921307086945,664,0.001728468807414174,0.8219305872917175,0.0,0.0,1.9462954998016357,0.85,0.045500002801418304,2.888040781021118,0.3882998824119568,0,,0,-1.782310128211975,1.0,0,0.0004721743462141603,0.9443486332893372,phase1_class1
502,1702.39,0.9511612310492997,0.11920292675495148,0.9718537390982793,0.7396302819252014,0.6978190307428347,0.5585713982582092,0.27586206793785095,0.5288994312286377,0.08456334591979736,0.1814098209142685,0.10740174703102873,0.0835909600121755,0.10740174703102873,0.2039056420326233,1.7778217792510986,1.5739161372184753,915,3521,0.13464666903018951,1,2.1606128215789795,1.7778217792510986,0.10598091781139374,664,0.0016415055142715573,0.7971324324607849,0.0,0.0,1.8883004188537598,0.85,0.04800000041723251,2.893778085708618,0.37111619114875793,0,,0,-1.7778217792510986,1.0,0,0.00047558065853081644,0.95116126537323,phase1_class1
503,1705.77,0.9585045623521379,0.11920292675495148,0.9661235784281467,0.7454914450645447,0.6937046100188452,0.5584854483604431,0.2711426615715027,0.523349940776825,0.08251412679271752,0.1814098209142685,0.09716633249674009,0.07772070191517116,0.09716633249674009,0.20341670513153076,1.6771401166915894,1.4737234115600586,915,3521,0.10867223143577576,1,2.1606128215789795,1.6771401166915894,0.09788113832473755,664,0.0014323795912787318,0.8563830852508545,0.0,0.0,1.907759666442871,0.85,0.021000001579523087,2.884824275970459,0.4070301353931427,0,,0,-1.6771401166915894,1.0,0,0.0004792523104697466,0.9585045576095581,phase1_class1
504,1709.15,0.966225274762843,0.11920292675495148,0.9826066041786145,0.7448151707649231,0.7055398981801818,0.5520469546318054,0.2581913471221924,0.5153375267982483,0.0746049852330203,0.1814098209142685,0.09858246519258004,0.0748826292409964,0.09858246519258004,0.19839659333229065,1.752887487411499,1.5544908940792084,915,3521,0.12301601469516754,1,2.1606128215789795,1.752887487411499,0.08937477320432663,664,0.0019752485677599907,0.8827337026596069,0.0,0.0,1.9674099683761597,0.85,0.006500000134110451,2.887997627258301,0.42377692461013794,0,,0,-1.752887487411499,1.0,0,0.00048311264254152775,0.966225266456604,phase1_class1
505,1712.53,0.9496379451344317,0.11920292675495148,0.9799085947709347,0.7432371377944946,0.7036026495654376,0.5545747876167297,0.2646869122982025,0.5241591930389404,0.08802175238964341,0.1814098209142685,0.12149296841042612,0.0924474544915932,0.12149296841042612,0.18602679669857025,1.816022515296936,1.6299957185983658,915,3521,0.14437785744667053,1,2.1606128215789795,1.816022515296936,0.10439860820770264,664,0.0018317849608138204,0.7897930145263672,0.0,0.0,1.8947590589523315,0.85,0.042500000447034836,2.9023849964141846,0.36954182386398315,0,,0,-1.816022515296936,1.0,0,0.0004748190112877637,0.9496379494667053,phase1_class1
506,1715.92,0.9626778507818736,0.11920292675495148,0.9793388300256032,0.7405320405960083,0.7031935420358338,0.5717253088951111,0.302846759557724,0.5209378004074097,0.10872935687979848,0.1814098209142685,0.13810799063389465,0.10879633535788011,0.13810799063389465,0.19525747001171112,1.7549477815628052,1.559690311551094,915,3521,0.15171319246292114,1,2.1606128215789795,1.7549477815628052,0.09500392526388168,664,0.0021272087469697,0.8456627726554871,0.0,0.0,1.9536871910095215,0.85,0.030000001192092896,2.90480637550354,0.4002639353275299,0,,0,-1.7549477815628052,1.0,0,0.00048133893869817257,0.9626778364181519,phase1_class1
507,1719.3,0.9592940481293909,0.11920292675495148,0.9750515902488553,0.7463931441307068,0.7001151801535735,0.5635941028594971,0.2811501622200012,0.5233780741691589,0.08155066478568093,0.1814098209142685,0.13684609021185906,0.09399763540455963,0.13684609021185906,0.2142753303050995,1.749725341796875,1.5354500114917755,915,3521,0.1276818811893463,1,2.1606128215789795,1.749725341796875,0.10326644778251648,664,0.002257490996271372,0.8650704622268677,0.0,0.0,1.9138315916061401,0.85,0.017500000074505806,2.8929827213287354,0.4133314788341522,0,,0,-1.749725341796875,1.0,0,0.00047964704572223127,0.9592940211296082,phase1_class1
508,1722.68,0.9708148260841587,0.11920292675495148,0.9739741492505508,0.7353471517562866,0.6993415464236492,0.5755200982093811,0.31505250930786133,0.5379655957221985,0.10596840502651537,0.1814098209142685,0.09969013334081128,0.08934464837912552,0.09969013334081128,0.23698438704013824,1.5878359079360962,1.350851520895958,915,3521,0.11848428845405579,1,2.1606128215789795,1.5878359079360962,0.10305552929639816,664,0.0011813085293397307,0.8210052251815796,0.0,0.0,1.8940529823303223,0.85,0.032999999821186066,2.885288715362549,0.38723111152648926,0,,0,-1.5878359079360962,1.0,0,0.0004854074213653803,0.9708148241043091,phase1_class1
509,1726.06,0.9156492247680762,0.11920292675495148,0.9690807142566147,0.7511271238327026,0.6958279188816696,0.5403316020965576,0.22905029356479645,0.5156317353248596,0.06718471373166154,0.1814098209142685,0.1236942835910882,0.08335319581487513,0.1236942835910882,0.18143777549266815,1.876489520072937,1.6950517445802689,915,3521,0.12473359704017639,1,2.1606128215789795,1.876489520072937,0.08748060464859009,664,0.002013259334489703,0.851921558380127,0.0,0.0,1.9571326971054077,0.85,0.012500000186264515,2.8890533447265625,0.4057752788066864,0,,0,-1.876489520072937,1.0,0,0.00045782464439980686,0.9156492352485657,phase1_class1
510,1729.46,0.9496236784496878,0.11920292675495148,0.9789964619352493,0.7430117130279541,0.7029477118667904,0.5687215328216553,0.2945544719696045,0.5219444036483765,0.1029197182246102,0.1814098209142685,0.16999200796399377,0.12021790377135735,0.16999200796399377,0.18326625227928162,1.8130133152008057,1.629747062921524,915,3521,0.13496969640254974,1,2.1606128215789795,1.8130133152008057,0.09480088949203491,664,0.002673299051821232,0.8632510304450989,0.0,0.0,1.933435320854187,0.85,0.01100000087171793,2.9062275886535645,0.4147481918334961,0,,0,-1.8130133152008057,1.0,0,0.0004748118808493018,0.949623703956604,phase1_class1
511,1732.84,0.9278254515931935,0.11920292675495148,0.9698661238918084,0.7511271238327026,0.6963918656653446,0.5580601692199707,0.26595747470855713,0.5157604813575745,0.0807489178900058,0.1814098209142685,0.13109743273369695,0.09175914675869777,0.13109743273369695,0.16507691144943237,1.8511921167373657,1.6861152052879333,915,3521,0.12613046169281006,1,2.1606128215789795,1.8511921167373657,0.11161408573389053,664,0.002250001300126314,0.8166954517364502,0.0,0.0,1.866681456565857,0.85,0.02850000187754631,2.895021915435791,0.38392215967178345,0,,0,-1.8511921167373657,1.0,0,0.00046391275827772915,0.9278254508972168,phase1_class1
512,1736.22,0.9627946722271438,0.11920292675495148,0.9722746481521526,0.7445897459983826,0.6981212555902456,0.5618095397949219,0.2788033187389374,0.5204792022705078,0.07361638133726912,0.1814098209142685,0.09165603398718472,0.06961693302161788,0.09165603398718472,0.20287640392780304,1.69854736328125,1.495670959353447,915,3521,0.09882467985153198,1,2.1606128215789795,1.69854736328125,0.09824640303850174,664,0.0015921685844659805,0.8577820062637329,0.0,0.0,1.9197618961334229,0.85,0.014000000432133675,2.8807172775268555,0.40762555599212646,0,,0,-1.69854736328125,1.0,0,0.00048139735008589923,0.9627946615219116,phase1_class1
513,1739.6,0.9333792073622944,0.11920292675495148,0.9723014813491653,0.7470694184303284,0.6981405226000619,0.554615318775177,0.26184213161468506,0.5193376541137695,0.07703164308450623,0.1814098209142685,0.10062954809943775,0.07670493897599504,0.10062954809943775,0.18304887413978577,1.842888355255127,1.6598394811153412,915,3521,0.12511879205703735,1,2.1606128215789795,1.842888355255127,0.10715136677026749,664,0.0015405011363327503,0.8153356909751892,0.0,0.0,1.8658480644226074,0.85,0.03350000083446503,2.900895833969116,0.3820677101612091,0,,0,-1.842888355255127,1.0,0,0.00046668961294926703,0.9333791732788086,phase1_class1
514,1742.98,0.9632536246367702,0.11920292675495148,0.9673727910598839,0.7398557662963867,0.6946015807386157,0.5596000552177429,0.2778473198413849,0.5237796902656555,0.08403847019367014,0.1814098209142685,0.10944882993788646,0.08402067723757586,0.10944882993788646,0.22498148679733276,1.6151442527770996,1.3901627659797668,915,3521,0.09791824221611023,1,2.1606128215789795,1.6151442527770996,0.10084915906190872,664,0.0019927751272916794,0.8472113609313965,0.0,0.0,1.8887577056884766,0.85,0.01600000075995922,2.900022029876709,0.40095749497413635,0,,0,-1.6151442527770996,1.0,0,0.0004816268337890506,0.9632536172866821,phase1_class1
515,1746.36,0.943992245963123,0.11920292675495148,0.978711285768456,0.7448151707649231,0.7027429471493265,0.5444367527961731,0.2423025518655777,0.5195925831794739,0.07515500284786208,0.1814098209142685,0.11165014511854854,0.08222364065858856,0.11165014511854854,0.1783141940832138,1.8303297758102417,1.652015581727028,915,3521,0.12650668621063232,1,2.1606128215789795,1.8303297758102417,0.11542069166898727,664,0.003012153785675764,0.8390302062034607,0.0,0.0,1.8671480417251587,0.85,0.023000001907348633,2.8912618160247803,0.3968997895717621,0,,0,-1.8303297758102417,1.0,0,0.00047199614346027374,0.9439922571182251,phase1_class1
516,1749.75,0.9547200365194298,0.11920292675495148,0.9794708415203964,0.7445897459983826,0.7032883300987259,0.5678253173828125,0.29143214225769043,0.5167810320854187,0.11048370200343607,0.1814098209142685,0.17959647228726464,0.12898456623520824,0.17959647228726464,0.17600944638252258,1.7953566312789917,1.6193471848964691,915,3521,0.15490497648715973,1,2.1606128215789795,1.7953566312789917,0.10337964445352554,664,0.0022541237995028496,0.8041923642158508,0.0,0.0,1.8878010511398315,0.85,0.0625,2.9064486026763916,0.375555157661438,0,,0,-1.7953566312789917,1.0,0,0.0004773600376211107,0.9547200202941895,phase1_class1
517,1753.13,0.9683638181261747,0.11920292675495148,0.9736541095139156,0.7339946031570435,0.6991117486569347,0.5683469772338867,0.3009478747844696,0.5275058746337891,0.09720723279371392,0.1814098209142685,0.12747998485719492,0.09811270489815929,0.12747998485719492,0.22110235691070557,1.6396400928497314,1.4185377359390259,915,3521,0.11895346641540527,1,2.1606128215789795,1.6396400928497314,0.10131679475307465,664,0.0013905356172472239,0.831404447555542,0.0,0.0,1.9075746536254883,0.85,0.02800000086426735,2.901638984680176,0.39295119047164917,0,,0,-1.6396400928497314,1.0,0,0.0004841819463763386,0.9683638215065002,phase1_class1
518,1756.51,0.9540998880321112,0.11920292675495148,0.9753730010247539,0.7461677193641663,0.7003459623660451,0.5487756729125977,0.25033289194107056,0.5135660767555237,0.08293471023973256,0.1814098209142685,0.11881493529255058,0.08916403706021933,0.11881493529255058,0.17503304779529572,1.780280351638794,1.6052473038434982,915,3521,0.12887951731681824,1,2.1606128215789795,1.780280351638794,0.09423550218343735,664,0.0025923377834260464,0.8540759682655334,0.0,0.0,1.9262757301330566,0.85,0.02500000037252903,2.8943912982940674,0.4070628881454468,0,,0,-1.780280351638794,1.0,0,0.00047704996541142464,0.9540998935699463,phase1_class1
519,1759.91,0.9650296041684898,0.11920292675495148,0.9761909238767664,0.7387285828590393,0.7009332545776729,0.5807575583457947,0.32340922951698303,0.5269129872322083,0.12358417799215637,0.1814098209142685,0.16574360987647396,0.12791234557971654,0.16574360987647396,0.2083340585231781,1.7146422863006592,1.506308227777481,915,3521,0.13983163237571716,1,2.1606128215789795,1.7146422863006592,0.1035003513097763,664,0.002032051794230938,0.8475053906440735,0.0,0.0,1.9014414548873901,0.85,0.018000001087784767,2.886776924133301,0.4020147919654846,0,,0,-1.7146422863006592,1.0,0,0.000482514820760116,0.9650295972824097,phase1_class1
520,1763.29,0.9630575225461717,0.11920292675495148,0.9813859875086571,0.7488728761672974,0.7046634601862009,0.5650153756141663,0.28221648931503296,0.5100719928741455,0.08749687666351619,0.1814098209142685,0.10637820557759986,0.08351848849817713,0.10637820557759986,0.17312666773796082,1.76444673538208,1.5913200676441193,915,3521,0.12915392220020294,1,2.1606128215789795,1.76444673538208,0.0897306576371193,664,0.001866303151473403,0.8997480273246765,0.0,0.0,1.9461508989334106,0.85,0.004000000189989805,2.8946428298950195,0.434836208820343,0,,0,-1.76444673538208,1.0,0,0.00048152878298424184,0.9630575180053711,phase1_class1
521,1766.69,0.9578387098722421,0.11920292675495148,0.9728929868599596,0.7454914450645447,0.69856524062667,0.5629197359085083,0.28043338656425476,0.522092878818512,0.08819433128007909,0.1814098209142685,0.13684609021185906,0.0979452593606988,0.13684609021185906,0.202040895819664,1.7453110218048096,1.5432701259851456,915,3521,0.13790661096572876,1,2.1606128215789795,1.7453110218048096,0.09780675917863846,664,0.0015704521210864186,0.8328815698623657,0.0,0.0,1.922268033027649,0.85,0.01850000023841858,2.896906852722168,0.3921860456466675,0,,0,-1.7453110218048096,1.0,0,0.000478919391753152,0.9578387141227722,phase1_class1
522,1770.08,0.9147306640918423,0.11920292675495148,0.9534677108501698,0.7382777333259583,0.6846173318707283,0.564741313457489,0.2899082601070404,0.5365403890609741,0.09730066129375192,0.1814098209142685,0.1689684665105649,0.11731402978645263,0.1689684665105649,0.21044525504112244,1.84442937374115,1.6339841187000275,915,3521,0.15527960658073425,1,2.1606128215789795,1.84442937374115,0.1080508753657341,664,0.0012422349536791444,0.8190883994102478,0.0,0.0,1.886734962463379,0.85,0.04000000283122063,2.8762664794921875,0.3840601444244385,0,,0,-1.84442937374115,1.0,0,0.00045736535685136914,0.9147306680679321,phase1_class1
523,1773.45,0.9646510659696562,0.11920292675495148,0.9835863096637116,0.7432371377944946,0.7062433549911401,0.5568267107009888,0.26940345764160156,0.5146644115447998,0.09499257383101856,0.1814098209142685,0.1413328472679856,0.10493082853995195,0.1413328472679856,0.18649379909038544,1.7675387859344482,1.5810449868440628,915,3521,0.14209966361522675,1,2.1606128215789795,1.7675387859344482,0.09914081543684006,664,0.0017961777048185468,0.8283494114875793,0.0,0.0,1.9147659540176392,0.85,0.020000001415610313,2.866549491882324,0.3901125192642212,0,,0,-1.7675387859344482,1.0,0,0.00048232555855065584,0.9646510481834412,phase1_class1
524,1776.84,0.9051942057691909,0.11920292675495148,0.9835763206633635,0.744364321231842,0.7062361826006244,0.5535693168640137,0.26171875,0.5147580504417419,0.09947558986440451,0.1814098209142685,0.13212097418712582,0.10389624054073122,0.13212097418712582,0.1523163765668869,1.9159574508666992,1.7636410742998123,915,3521,0.14496120810508728,1,2.1606128215789795,1.9159574508666992,0.11856494098901749,664,0.0022762599401175976,0.8090803623199463,0.0,0.0,1.8252513408660889,0.85,0.04450000077486038,2.921583652496338,0.37856218218803406,0,,0,-1.9159574508666992,1.0,0,0.0004525971307884902,0.9051942229270935,phase1_class1
525,1780.22,0.9653169037734249,0.11920292675495148,0.9737175690455373,0.7493237257003784,0.6991573144319748,0.5599613189697266,0.27129751443862915,0.5151020288467407,0.06496664043840004,0.1814098209142685,0.06465136495562318,0.05279020988335992,0.06465136495562318,0.20630411803722382,1.686198353767395,1.4798942357301712,915,3521,0.10386785864830017,1,2.1606128215789795,1.686198353767395,0.10319143533706665,664,0.001901034265756607,0.8571964502334595,0.0,0.0,1.8990721702575684,0.85,0.00800000037997961,2.884624719619751,0.4073323905467987,0,,0,-1.686198353767395,1.0,0,0.0004826584772672504,0.965316891670227,phase1_class1
526,1783.6,0.9598095235597551,0.11920292675495148,0.9702129968254566,0.7418845891952515,0.6966409304418756,0.562393307685852,0.2821316719055176,0.5226299166679382,0.08594025231902883,0.1814098209142685,0.08307511111734273,0.07281603297841173,0.08307511111734273,0.19820386171340942,1.7081528902053833,1.5099490284919739,915,3521,0.1147964596748352,1,2.1606128215789795,1.7081528902053833,0.11789610981941223,664,0.0022054766304790974,0.8248098492622375,0.0,0.0,1.824823260307312,0.85,0.020500000566244125,2.890528440475464,0.3866611421108246,0,,0,-1.7081528902053833,1.0,0,0.0004799047892447561,0.9598095417022705,phase1_class1
527,1786.97,0.9305770887706593,0.11920292675495148,0.9649636792112842,0.7337691783905029,0.6928717689083903,0.5551334023475647,0.27323076128959656,0.5260915756225586,0.10685271664315434,0.1814098209142685,0.15361534470913196,0.11773345926503671,0.15361534470913196,0.18490499258041382,1.8307989835739136,1.6458939909934998,915,3521,0.15841349959373474,1,2.1606128215789795,1.8307989835739136,0.11128319054841995,664,0.0016478814650326967,0.7743053436279297,0.0,0.0,1.8851248025894165,0.85,0.0560000017285347,2.865450143814087,0.3658352196216583,0,,0,-1.8307989835739136,1.0,0,0.0004652886127587408,0.9305771589279175,phase1_class1
528,1790.39,0.9689553588293295,0.11920292675495148,0.9825513708825732,0.7416591644287109,0.7055002390796838,0.5587625503540039,0.27468353509902954,0.5183016061782837,0.10371060134121113,0.1814098209142685,0.11905329426115732,0.09970408479770844,0.11905329426115732,0.1757776141166687,1.7339684963226318,1.5581908822059631,915,3521,0.13144244253635406,1,2.1606128215789795,1.7339684963226318,0.09937086701393127,664,0.0014760124031454325,0.7781341671943665,0.0,0.0,1.9150662422180176,0.85,0.06599999964237213,2.891080379486084,0.36345595121383667,0,,0,-1.7339684963226318,1.0,0,0.00048447769950143993,0.9689553380012512,phase1_class1
529,1793.76,0.9594569752918406,0.11920292675495148,0.9641972682630267,0.7355725765228271,0.6923214637302058,0.57032310962677,0.30385756492614746,0.5305803418159485,0.07294779333367477,0.1814098209142685,0.05591620981197684,0.05186373167065476,0.05591620981197684,0.23081395030021667,1.6295864582061768,1.39877250790596,915,3521,0.10040372610092163,1,2.1606128215789795,1.6295864582061768,0.0991811454296112,664,0.001247141044586897,0.8348271250724792,0.0,0.0,1.925261378288269,0.85,0.03200000151991844,2.892582654953003,0.3958284854888916,0,,0,-1.6295864582061768,1.0,0,0.0004797284782398492,0.9594569206237793,phase1_class1
530,1797.15,0.9637714955092088,0.11920292675495148,0.9804401662796418,0.7450405955314636,0.7039843332489523,0.5531383752822876,0.260300874710083,0.5173497200012207,0.10299514389075384,0.1814098209142685,0.15951823446109842,0.11819289649226511,0.15951823446109842,0.17767277359962463,1.7548805475234985,1.577207773923874,915,3521,0.13792544603347778,1,2.1606128215789795,1.7548805475234985,0.11015051603317261,664,0.0018257659394294024,0.8174322843551636,0.0,0.0,1.8603458404541016,0.85,0.02800000086426735,2.9068374633789062,0.3818773627281189,0,,0,-1.7548805475234985,1.0,0,0.0004818857414647937,0.9637714624404907,phase1_class1
531,1800.53,0.9589673374769947,0.11920292675495148,0.9782208454376514,0.7479711771011353,0.7023907968385228,0.5495898127555847,0.2506702244281769,0.5115216374397278,0.08284842079451474,0.1814098209142685,0.10306922224870654,0.08189340793936395,0.10306922224870654,0.17411252856254578,1.7697962522506714,1.5956837236881256,915,3521,0.12788626551628113,1,2.1606128215789795,1.7697962522506714,0.08783993870019913,664,0.0017985673621296883,0.8624080419540405,0.0,0.0,1.9614335298538208,0.85,0.01100000087171793,2.8924601078033447,0.41090935468673706,0,,0,-1.7697962522506714,1.0,0,0.0004794836859218776,0.9589673280715942,phase1_class1
532,1803.91,0.9624291013025861,0.11920292675495148,0.986527776472026,0.7452660202980042,0.7083554130453126,0.5712660551071167,0.2981366217136383,0.5148119330406189,0.12462306566533662,0.1814098209142685,0.216205605642097,0.15281748708582688,0.216205605642097,0.17342202365398407,1.7918823957443237,1.6184603720903397,915,3521,0.16673699021339417,1,2.1606128215789795,1.7918823957443237,0.11127305775880814,664,0.002544890157878399,0.8458003401756287,0.0,0.0,1.8695131540298462,0.85,0.014000000432133675,2.892080783843994,0.3999692499637604,0,,0,-1.7918823957443237,1.0,0,0.00048121457803063095,0.9624291062355042,phase1_class1
533,1807.3,0.9604935995693032,0.11920292675495148,0.9815230914350003,0.749549150466919,0.7047619047619048,0.5614943504333496,0.2743304967880249,0.5175008177757263,0.0870402875487124,0.1814098209142685,0.12661067567757042,0.09285696319918797,0.12661067567757042,0.1763380616903305,1.7784607410430908,1.6021226793527603,915,3521,0.1398804634809494,1,2.1606128215789795,1.7784607410430908,0.10475566238164902,664,0.0017828812124207616,0.8300824761390686,0.0,0.0,1.887019395828247,0.85,0.0215000007301569,2.913517713546753,0.3908659815788269,0,,0,-1.7784607410430908,1.0,0,0.00048024681746028364,0.9604935646057129,phase1_class1
534,1810.8,0.9592782346936808,0.11920292675495148,0.9722241155621575,0.7477457523345947,0.6980849717323433,0.5494279265403748,0.250502347946167,0.5191827416419983,0.05697120943348496,0.1814098209142685,0.0441805358870459,0.04079012901106205,0.0441805358870459,0.19320161640644073,1.7300721406936646,1.5368705242872238,915,3521,0.08806592226028442,1,2.1606128215789795,1.7300721406936646,0.11284971982240677,664,0.001320630544796586,0.8225940465927124,0.0,0.0,1.8503750562667847,0.85,0.020000001415610313,2.8859212398529053,0.38477492332458496,0,,0,-1.7300721406936646,1.0,0,0.00047963912948034704,0.9592782258987427,phase1_class1
535,1814.18,0.948699805720233,0.11920292675495148,0.9741786299635538,0.7414337396621704,0.699488369476556,0.5748006105422974,0.3086196780204773,0.5210984945297241,0.1302781282639836,0.1814098209142685,0.18841575412571332,0.14303731505864387,0.18841575412571332,0.18188445270061493,1.7988883256912231,1.6170038729906082,915,3521,0.15580660104751587,1,2.1606128215789795,1.7988883256912231,0.10615245252847672,664,0.0013712809886783361,0.8016679286956787,0.0,0.0,1.8849252462387085,0.85,0.042500000447034836,2.8675825595855713,0.3734404742717743,0,,0,-1.7988883256912231,1.0,0,0.00047434994485229254,0.9486998319625854,phase1_class1
536,1817.56,0.9708729766158172,0.11920292675495148,0.9756691455056549,0.742560863494873,0.7005586026495654,0.5845024585723877,0.3282352685928345,0.526262104511261,0.11300751307921403,0.1814098209142685,0.1236241780120862,0.10232378622291219,0.1236241780120862,0.22500726580619812,1.6295747756958008,1.4045675098896027,915,3521,0.11752930283546448,1,2.1606128215789795,1.6295747756958008,0.09879748523235321,664,0.0022339611314237118,0.8190671801567078,0.0,0.0,1.9284778833389282,0.85,0.023500001057982445,2.896897077560425,0.38305774331092834,0,,0,-1.6295747756958008,1.0,0,0.000485436525195837,0.9708729982376099,phase1_class1
537,1820.97,0.9274421422029837,0.11920292675495148,0.9789404451882006,0.7468439936637878,0.70290749022586,0.5603841543197632,0.2740788757801056,0.5171592831611633,0.1012227959332219,0.1814098209142685,0.12865775858442816,0.1021646327393824,0.12865775858442816,0.1573413610458374,1.871524691581726,1.7141833305358887,915,3521,0.15171962976455688,1,2.1606128215789795,1.871524691581726,0.09167420119047165,664,0.0012913281098008156,0.839857816696167,0.0,0.0,1.940779685974121,0.85,0.03350000083446503,2.895339012145996,0.39686715602874756,0,,0,-1.871524691581726,1.0,0,0.00046372110955417156,0.927442193031311,phase1_class1
538,1824.34,0.9365925744065144,0.11920292675495148,0.9682330202663106,0.7490983009338379,0.6952192501336033,0.5469866991043091,0.24439918994903564,0.5169495940208435,0.0719446009345954,0.1814098209142685,0.0959044320747045,0.07279106185219861,0.0959044320747045,0.17832468450069427,1.821831464767456,1.6435067802667618,915,3521,0.11497460305690765,1,2.1606128215789795,1.821831464767456,0.09352737665176392,664,0.0015546990325674415,0.8537431955337524,0.0,0.0,1.9285506010055542,0.85,0.009000000543892384,2.8787689208984375,0.4050082564353943,0,,0,-1.821831464767456,1.0,0,0.00046829631901346147,0.9365925788879395,phase1_class1
539,1827.72,0.9638666237658554,0.11920292675495148,0.9720723219294204,0.7373760342597961,0.6979759795235282,0.5873066782951355,0.3384440839290619,0.5258973836898804,0.14960882635490724,0.1814098209142685,0.20196015198889528,0.15765014127776528,0.20196015198889528,0.1981021612882614,1.6840003728866577,1.4858982115983963,915,3521,0.16045139729976654,1,2.1606128215789795,1.6840003728866577,0.10368745774030685,664,0.0017324782675132155,0.8436995148658752,0.0,0.0,1.9030201435089111,0.85,0.029500002041459084,2.8809571266174316,0.3992047905921936,0,,0,-1.6840003728866577,1.0,0,0.0004819333553314209,0.963866651058197,phase1_class1
540,1831.1,0.9462289714878906,0.11920292675495148,0.9662101497644945,0.7409828901290894,0.6937667707366466,0.5578266382217407,0.2732447683811188,0.5304222702980042,0.08196410917787575,0.1814098209142685,0.10330758121731329,0.08036883340881798,0.10330758121731329,0.19306045770645142,1.7748433351516724,1.581782877445221,915,3521,0.11616288125514984,1,2.1606128215789795,1.7748433351516724,0.11928166449069977,664,0.0018463702872395515,0.8081408739089966,0.0,0.0,1.837567925453186,0.85,0.027500001713633537,2.886521816253662,0.3756968080997467,0,,0,-1.7748433351516724,1.0,0,0.00047311451635323465,0.9462289810180664,phase1_class1
541,1834.49,0.9429235117687663,0.11920292675495148,0.9625357645385004,0.7366997599601746,0.6911284561077828,0.5602402091026306,0.28167280554771423,0.525879442691803,0.10025219487136511,0.1814098209142685,0.13133579170230367,0.10304334215300875,0.13133579170230367,0.1930917501449585,1.7733296155929565,1.580237865447998,915,3521,0.12557904422283173,1,2.1606128215789795,1.7733296155929565,0.09821359813213348,664,0.001651502912864089,0.8116650581359863,0.0,0.0,1.9031345844268799,0.85,0.03800000250339508,2.8979499340057373,0.37984684109687805,0,,0,-1.7733296155929565,1.0,0,0.0004714617971330881,0.9429235458374023,phase1_class1
542,1837.87,0.9536414528526955,0.11920292675495148,0.9705641787396467,0.742110013961792,0.6968930891907856,0.5725295543670654,0.30328866839408875,0.5190936923027039,0.11168089045741166,0.1814098209142685,0.18125096395171128,0.1295858600812949,0.18125096395171128,0.19715729355812073,1.757449984550476,1.5602926909923553,915,3521,0.1520664393901825,1,2.1606128215789795,1.757449984550476,0.09401913732290268,664,0.0016610665479674935,0.8422436714172363,0.0,0.0,1.9161174297332764,0.85,0.023500001057982445,2.890388250350952,0.3989379107952118,0,,0,-1.757449984550476,1.0,0,0.0004768207436427474,0.953641414642334,phase1_class1
543,1841.25,0.9731650472605946,0.11920292675495148,0.981306858956882,0.7430117130279541,0.7046066436025089,0.5683060884475708,0.2936802804470062,0.5206171274185181,0.1188745745666516,0.1814098209142685,0.1689684665105649,0.12899397346651956,0.1689684665105649,0.19427049160003662,1.6822595596313477,1.487989068031311,915,3521,0.15238939225673676,1,2.1606128215789795,1.6822595596313477,0.09395012259483337,664,0.001591217122040689,0.8570847511291504,0.0,0.0,1.9249898195266724,0.85,0.020500000566244125,2.8935983180999756,0.40765485167503357,0,,0,-1.6822595596313477,1.0,0,0.0004865825467277318,0.9731650352478027,phase1_class1
544,1844.63,0.930245964656859,0.11920292675495148,0.9741233966675128,0.7509016990661621,0.6994487103760583,0.5467846989631653,0.2426319420337677,0.5142255425453186,0.06934536419267379,0.1814098209142685,0.07811163612400276,0.06331344440837644,0.07811163612400276,0.16499648988246918,1.855207920074463,1.6902114301919937,915,3521,0.11127306520938873,1,2.1606128215789795,1.855207920074463,0.08722005039453506,664,0.0013930314453318715,0.8596273064613342,0.0,0.0,1.9533096551895142,0.85,0.009000000543892384,2.8998239040374756,0.4088267982006073,0,,0,-1.855207920074463,1.0,0,0.00046512301196344197,0.9302459955215454,phase1_class1
545,1848.01,0.9712196945104902,0.11920292675495148,0.9739263587390826,0.7477457523345947,0.699307231457261,0.5623960494995117,0.27759844064712524,0.5184792280197144,0.07425268839732874,0.1814098209142685,0.07283969658305409,0.06141321912168585,0.07283969658305409,0.2273297756910324,1.5723278522491455,1.344998076558113,915,3521,0.08826810121536255,1,2.1606128215789795,1.5723278522491455,0.08559203147888184,664,0.0020042252726852894,0.8892152905464172,0.0,0.0,1.9672037363052368,0.85,0.004000000189989805,2.8835434913635254,0.42805972695350647,0,,0,-1.5723278522491455,1.0,0,0.00048560983850620687,0.9712196588516235,phase1_class1
546,1851.43,0.9657936702177145,0.11920292675495148,0.9728107245041538,0.7371506094932556,0.6985061738812477,0.555454432964325,0.2712499797344208,0.5220115184783936,0.09975246103395242,0.1814098209142685,0.14849763744198763,0.11124378802140165,0.14849763744198763,0.20045825839042664,1.6681524515151978,1.4676941931247711,915,3521,0.1310683935880661,1,2.1606128215789795,1.6681524515151978,0.1022622138261795,664,0.001351617043837905,0.8286439180374146,0.0,0.0,1.9151086807250977,0.85,0.018000001087784767,2.8681821823120117,0.38872048258781433,0,,0,-1.6681524515151978,1.0,0,0.0004828968667425215,0.9657936692237854,phase1_class1
547,1854.8,0.9538690542866709,0.11920292675495148,0.9799632404787199,0.7430117130279541,0.7036418867606109,0.5347312092781067,0.2234332412481308,0.5187361240386963,0.05675548582044036,0.1814098209142685,0.06480559722942753,0.05229030813830987,0.06480559722942753,0.17889760434627533,1.8007315397262573,1.621833935379982,915,3521,0.10475336015224457,1,2.1606128215789795,1.8007315397262573,0.10183693468570709,664,0.0015474705724045634,0.805712103843689,0.0,0.0,1.9029664993286133,0.85,0.036000002175569534,2.9015626907348633,0.37716785073280334,0,,0,-1.8007315397262573,1.0,0,0.0004769345687236637,0.953869104385376,phase1_class1
548,1858.19,0.9716356840448137,0.11920292675495148,0.9798813698484178,0.744364321231842,0.7035831012854048,0.5758667588233948,0.3085365891456604,0.5238463282585144,0.09183618041943499,0.1814098209142685,0.12645644340376608,0.09310570343898697,0.12645644340376608,0.21116921305656433,1.6836838722229004,1.472514659166336,915,3521,0.12782391905784607,1,2.1606128215789795,1.6836838722229004,0.10281180590391159,664,0.0016839049058035016,0.8132590055465698,0.0,0.0,1.9156718254089355,0.85,0.04400000348687172,2.894280195236206,0.38064226508140564,0,,0,-1.6836838722229004,1.0,0,0.0004858178726863116,0.9716356992721558,phase1_class1
549,1861.56,0.9677147059825496,0.11920292675495148,0.9739240083860596,0.7459422945976257,0.6993055438359632,0.5709506273269653,0.2969432473182678,0.5200675129890442,0.09922758530782518,0.1814098209142685,0.12582549319274827,0.09795071026478866,0.12582549319274827,0.1948617398738861,1.655724287033081,1.460862547159195,915,3521,0.12377476692199707,1,2.1606128215789795,1.655724287033081,0.10647336393594742,664,0.0014441643143072724,0.7926328778266907,0.0,0.0,1.8802090883255005,0.85,0.03450000286102295,2.8742473125457764,0.36734968423843384,0,,0,-1.655724287033081,1.0,0,0.00048385735135525465,0.9677146673202515,phase1_class1
550,1864.94,0.9580205162032019,0.11920292675495148,0.9833959310688466,0.7515780329704285,0.7061066576660198,0.566612958908081,0.2834850251674652,0.5111985802650452,0.1110588615069924,0.1814098209142685,0.17896552207624683,0.12911259192893446,0.17896552207624683,0.16393902897834778,1.797504186630249,1.6335651576519012,915,3521,0.14580568671226501,1,2.1606128215789795,1.797504186630249,0.1170683205127716,664,0.0018782177940011024,0.8512173295021057,0.0,0.0,1.8445007801055908,0.85,0.01850000023841858,2.876446485519409,0.4059925377368927,0,,0,-1.797504186630249,1.0,0,0.0004790102830156684,0.9580205082893372,phase1_class1
551,1868.33,0.961696133831054,0.11920292675495148,0.9767659769163995,0.7403066158294678,0.7013461592551965,0.5595023036003113,0.27728986740112305,0.5170975923538208,0.09529458688928102,0.1814098209142685,0.1525918032557031,0.10974473190616464,0.1525918032557031,0.1995948702096939,1.7450125217437744,1.5454176515340805,915,3521,0.1389257162809372,1,2.1606128215789795,1.7450125217437744,0.09865623712539673,664,0.0019128895364701748,0.8726282119750977,0.0,0.0,1.9088146686553955,0.85,0.01900000125169754,2.913980722427368,0.4197704792022705,0,,0,-1.7450125217437744,1.0,0,0.00048084810259751976,0.9616961479187012,phase1_class1
552,1871.7,0.957113421425292,0.11920292675495148,0.9656781865302836,0.7441388964653015,0.6933848057829157,0.5515578985214233,0.25768476724624634,0.5214293003082275,0.09197989269690213,0.1814098209142685,0.12802680837341035,0.09809807455823746,0.12802680837341035,0.20439648628234863,1.6889865398406982,1.4845900535583496,915,3521,0.12978525459766388,1,2.1606128215789795,1.6889865398406982,0.07745882123708725,664,0.001886031124740839,0.8754907846450806,0.0,0.0,2.0097815990448,0.85,0.006500000134110451,2.8922312259674072,0.41960248351097107,0,,0,-1.6889865398406982,1.0,0,0.00047855672892183065,0.9571133852005005,phase1_class1
553,1875.08,0.9536224331878644,0.11920292675495148,0.9730886537491266,0.7400811910629272,0.6987057350997103,0.5589037537574768,0.27620840072631836,0.5165503621101379,0.10602582785876467,0.1814098209142685,0.1662904333926894,0.12212660273437934,0.1662904333926894,0.18236325681209564,1.771454095840454,1.5890908390283585,915,3521,0.15786691009998322,1,2.1606128215789795,1.771454095840454,0.08846762776374817,664,0.0016644634306430817,0.8684576749801636,0.0,0.0,1.9504319429397583,0.85,0.00800000037997961,2.90498948097229,0.414553165435791,0,,0,-1.771454095840454,1.0,0,0.0004768112557940185,0.9536224603652954,phase1_class1
554,1878.47,0.9648926454384009,0.11920292675495148,0.9796588697622384,0.7457168698310852,0.7034233398025483,0.5604408383369446,0.27506425976753235,0.514739990234375,0.09551744955714579,0.1814098209142685,0.10126049831045555,0.08668032833179151,0.10126049831045555,0.18538816273212433,1.7426456212997437,1.5572574585676193,915,3521,0.1287664771080017,1,2.1606128215789795,1.7426456212997437,0.09616801142692566,664,0.001551303779706359,0.8566584587097168,0.0,0.0,1.921862006187439,0.85,0.016499999910593033,2.910822868347168,0.40807807445526123,0,,0,-1.7426456212997437,1.0,0,0.0004824463394470513,0.9648926258087158,phase1_class1
555,1881.88,0.9546035072318853,0.11920292675495148,0.9712986640593417,0.7457168698310852,0.6974204708463421,0.5661230087280273,0.28697851300239563,0.5175323486328125,0.1111631537861046,0.1814098209142685,0.15873305197627627,0.1203427319368377,0.15873305197627627,0.17896266281604767,1.7559950351715088,1.5770323723554611,915,3521,0.13283602893352509,1,2.1606128215789795,1.7559950351715088,0.09854332357645035,664,0.0018506384221836925,0.8678523898124695,0.0,0.0,1.9090120792388916,0.85,0.021000001579523087,2.882864475250244,0.4149690866470337,0,,0,-1.7559950351715088,1.0,0,0.0004773017717525363,0.9546034932136536,phase1_class1
556,1885.28,0.9645486871198334,0.11920292675495148,0.966283794159216,0.7335437536239624,0.6938196495373105,0.5668294429779053,0.2980997562408447,0.5338848233222961,0.09194047269854722,0.1814098209142685,0.10968718890649318,0.08743903582524198,0.10968718890649318,0.25390589237213135,1.528551697731018,1.2746458053588867,915,3521,0.08998823165893555,1,2.1606128215789795,1.528551697731018,0.10690570622682571,664,0.0018160123145207763,0.8590012192726135,0.0,0.0,1.8728110790252686,0.85,0.013500000350177288,2.8824057579040527,0.40850630402565,0,,0,-1.528551697731018,1.0,0,0.00048227436491288245,0.9645487070083618,phase1_class1
557,1888.66,0.9687314696324443,0.11920292675495148,0.9786885656892331,0.7454914450645447,0.7027266334767811,0.5701892375946045,0.29569557309150696,0.515346109867096,0.0950968661101308,0.1814098209142685,0.13952412332973457,0.10183510577965837,0.13952412332973457,0.19838736951351166,1.7028427124023438,1.504455342888832,915,3521,0.1201535016298294,1,2.1606128215789795,1.7028427124023438,0.10839124023914337,664,0.002300094813108444,0.8438816070556641,0.0,0.0,1.895283579826355,0.85,0.017500000074505806,2.90678334236145,0.3994458019733429,0,,0,-1.7028427124023438,1.0,0,0.00048436576616950333,0.9687314629554749,phase1_class1
558,1892.01,0.9719837490609204,0.11920292675495148,0.9795742570534094,0.7339946031570435,0.7033625854358282,0.5877690315246582,0.3422519564628601,0.5285717844963074,0.15347353816212794,0.1814098209142685,0.22589419666017024,0.17038231920282,0.22589419666017024,0.19976112246513367,1.6753692626953125,1.4756081402301788,915,3521,0.16247160732746124,1,2.1606128215789795,1.6753692626953125,0.11023608595132828,664,0.0008605432230979204,0.7843684554100037,0.0,0.0,1.8620518445968628,0.85,0.045500002801418304,2.883970260620117,0.36846858263015747,0,,0,-1.6753692626953125,1.0,0,0.00048599191359244287,0.971983790397644,phase1_class1
559,1895.37,0.9544285913665603,0.11920292675495148,0.9759237670831493,0.7373760342597961,0.7007414282901584,0.557344377040863,0.2750466763973236,0.5208138227462769,0.10587125180222334,0.1814098209142685,0.1525918032557031,0.11625158889536376,0.1525918032557031,0.18262770771980286,1.781284213066101,1.5986565053462982,915,3521,0.14635731279850006,1,2.1606128215789795,1.781284213066101,0.10446076095104218,664,0.0015001101419329643,0.8217517733573914,0.0,0.0,1.8978424072265625,0.85,0.03450000286102295,2.896857738494873,0.3860348165035248,0,,0,-1.781284213066101,1.0,0,0.00047721428563818336,0.9544285535812378,phase1_class1
560,1898.73,0.962302658501984,0.11920292675495148,0.9762559503104034,0.7412083148956299,0.7009799454335781,0.5648572444915771,0.28784120082855225,0.5176361799240112,0.11417583492022107,0.1814098209142685,0.14912858765300543,0.11808292646218595,0.14912858765300543,0.17778755724430084,1.7372514009475708,1.55946384370327,915,3521,0.13552825152873993,1,2.1606128215789795,1.7372514009475708,0.10570656508207321,664,0.0015585127985104918,0.8023126721382141,0.0,0.0,1.8880269527435303,0.85,0.03500000014901161,2.8877370357513428,0.37353965640068054,0,,0,-1.7372514009475708,1.0,0,0.0004811513645108789,0.9623026847839355,phase1_class1
561,1902.13,0.9549146585330852,0.11920292675495148,0.9780224364699578,0.7452660202980042,0.7022483334739684,0.5609928369522095,0.2765685021877289,0.5160834193229675,0.10548294929874306,0.1814098209142685,0.13275192439814362,0.10637366533177472,0.13275192439814362,0.1764015108346939,1.7884674072265625,1.6120658963918686,915,3521,0.14959807693958282,1,2.1606128215789795,1.7884674072265625,0.10913652926683426,664,0.0020257793366909027,0.8110008835792542,0.0,0.0,1.8715680837631226,0.85,0.027000000700354576,2.8911964893341064,0.3787381649017334,0,,0,-1.7884674072265625,1.0,0,0.000477457360830158,0.9549146890640259,phase1_class1
562,1905.51,0.9616601703374305,0.11920292675495148,0.9787271506513611,0.742110013961792,0.7027543385930863,0.5688649415969849,0.29556649923324585,0.5185996294021606,0.11483014481417507,0.1814098209142685,0.14259474769002117,0.11481180489417475,0.14259474769002117,0.17231296002864838,1.7574615478515625,1.5851485878229141,915,3521,0.14213886857032776,1,2.1606128215789795,1.7574615478515625,0.10216224193572998,664,0.001725730486214161,0.8347383141517639,0.0,0.0,1.900087594985962,0.85,0.015000000596046448,2.9002768993377686,0.39317113161087036,0,,0,-1.7574615478515625,1.0,0,0.00048083008732646704,0.9616601467132568,phase1_class1
563,1908.89,0.9539195032344829,0.11920292675495148,0.9845131322057907,0.7463931441307068,0.7069088403228982,0.5587005615234375,0.2709008455276489,0.5145605206489563,0.09320222303959227,0.1814098209142685,0.14030930581455672,0.10305167482275365,0.14030930581455672,0.1742919236421585,1.8166338205337524,1.642341896891594,915,3521,0.143487349152565,1,2.1606128215789795,1.8166338205337524,0.09363748878240585,664,0.0023649532813578844,0.815198540687561,0.0,0.0,1.923232913017273,0.85,0.036000002175569534,2.9123878479003906,0.38134074211120605,0,,0,-1.8166338205337524,1.0,0,0.00047695974353700876,0.9539194703102112,phase1_class1
564,1912.29,0.9483993654332943,0.11920292675495148,0.9745813237814985,0.7441388964653015,0.6997775152589092,0.5636464357376099,0.2830069661140442,0.5197084546089172,0.1100702576112412,0.1814098209142685,0.17038459920640484,0.12537393885685127,0.17038459920640484,0.18006575107574463,1.8016424179077148,1.6215766668319702,915,3521,0.14740616083145142,1,2.1606128215789795,1.8016424179077148,0.09251394122838974,664,0.0015911164227873087,0.8503146767616272,0.0,0.0,1.9333006143569946,0.85,0.01600000075995922,2.8888940811157227,0.40293240547180176,0,,0,-1.8016424179077148,1.0,0,0.0004741997108794749,0.9483993649482727,phase1_class1
565,1915.66,0.9328412671020281,0.11920292675495148,0.9853052011745498,0.7536068558692932,0.7074775687002504,0.5608348250389099,0.2698730528354645,0.5082929730415344,0.08977609751328097,0.1814098209142685,0.14786668723096985,0.10390746184252746,0.14786668723096985,0.15867924690246582,1.8728018999099731,1.7141226530075073,915,3521,0.153314009308815,1,2.1606128215789795,1.8728018999099731,0.0999395027756691,664,0.003661621827632189,0.860090970993042,0.0,0.0,1.9031285047531128,0.85,0.020000001415610313,2.9024083614349365,0.4093053340911865,0,,0,-1.8728018999099731,1.0,0,0.00046642066445201635,0.9328413009643555,phase1_class1
566,1919.06,0.9720433986363385,0.11920292675495148,0.9773512148191325,0.7380523085594177,0.7017663769583439,0.5772258043289185,0.31647056341171265,0.521313488483429,0.1281534834707601,0.1814098209142685,0.20172179302028853,0.14728982807470303,0.20172179302028853,0.20641203224658966,1.6395905017852783,1.4331784695386887,915,3521,0.1453859508037567,1,2.1606128215789795,1.6395905017852783,0.10567748546600342,664,0.001891312189400196,0.843965470790863,0.0,0.0,1.8793541193008423,0.85,0.024500001221895218,2.8829805850982666,0.3991563320159912,0,,0,-1.6395905017852783,1.0,0,0.00048602171591483057,0.9720433950424194,phase1_class1
567,1922.43,0.946379117977862,0.11920292675495148,0.9812191124440225,0.7493237257003784,0.7045436390740585,0.5529626607894897,0.25668448209762573,0.5114922523498535,0.09637661928507021,0.1814098209142685,0.1376312726966812,0.10451044804256968,0.1376312726966812,0.16007836163043976,1.8304249048233032,1.6703465431928635,915,3521,0.14915598928928375,1,2.1606128215789795,1.8304249048233032,0.09892196953296661,664,0.001433482626453042,0.8419459462165833,0.0,0.0,1.9108611345291138,0.85,0.029000001028180122,2.9019217491149902,0.40031111240386963,0,,0,-1.8304249048233032,1.0,0,0.0004731895460281521,0.9463790655136108,phase1_class1
568,1925.81,0.9389700924679503,0.11920292675495148,0.9726187790072734,0.7457168698310852,0.6983683514752622,0.5508255958557129,0.2549537420272827,0.5149537920951843,0.10286570972292708,0.1814098209142685,0.15337698574052525,0.11572449953304516,0.15337698574052525,0.1567094773054123,1.827731966972351,1.6710224896669388,915,3521,0.13904745876789093,1,2.1606128215789795,1.827731966972351,0.10119286179542542,664,0.002079571131616831,0.8060901165008545,0.0,0.0,1.899312138557434,0.85,0.030500002205371857,2.8964273929595947,0.37561869621276855,0,,0,-1.827731966972351,1.0,0,0.00046948506496846676,0.9389700889587402,phase1_class1
569,1929.2,0.9620163804846305,0.11920292675495148,0.9835882682912308,0.7407574653625488,0.7062447613422216,0.5871204137802124,0.3352601230144501,0.519170880317688,0.13942760300026538,0.1814098209142685,0.23793833513270984,0.16795733216397365,0.23793833513270984,0.194907084107399,1.7808486223220825,1.5859415382146835,915,3521,0.18003734946250916,1,2.1606128215789795,1.7808486223220825,0.10644280165433884,664,0.0019564367830753326,0.864957332611084,0.0,0.0,1.891625165939331,0.85,0.02200000174343586,2.8937506675720215,0.4128980338573456,0,,0,-1.7808486223220825,1.0,0,0.0004810082318726927,0.9620164036750793,phase1_class1
570,1932.58,0.9516713913151874,0.11920292675495148,0.9615219789345693,0.7409828901290894,0.6904005287880066,0.5427031517028809,0.24158413708209991,0.5293054580688477,0.060465621571119725,0.1814098209142685,0.0548085416637456,0.04884309946689873,0.0548085416637456,0.20449776947498322,1.70354425907135,1.4990464895963669,915,3521,0.09466993808746338,1,2.1606128215789795,1.70354425907135,0.10838279873132706,664,0.0013131311861798167,0.8202267289161682,0.0,0.0,1.877816915512085,0.85,0.04750000312924385,2.892263412475586,0.38383960723876953,0,,0,-1.70354425907135,1.0,0,0.0004758356953971088,0.9516713619232178,phase1_class1
571,1935.97,0.9463358770344655,0.11920292675495148,0.9636721602251325,0.7362489104270935,0.6919444210052598,0.5431489944458008,0.24613402783870697,0.5226305723190308,0.09025068946197909,0.1814098209142685,0.13660773124325234,0.10255566576802812,0.13660773124325234,0.19480657577514648,1.7606332302093506,1.565826654434204,915,3521,0.14083363115787506,1,2.1606128215789795,1.7606332302093506,0.09705045074224472,664,0.001540236989967525,0.8597691059112549,0.0,0.0,1.919672966003418,0.85,0.01600000075995922,2.901325225830078,0.4093970060348511,0,,0,-1.7606332302093506,1.0,0,0.00047316798008978367,0.9463359117507935,phase1_class1
572,1939.37,0.9571787841279108,0.11920292675495148,0.9736125866105089,0.7436880469322205,0.6990819340140072,0.5567094087600708,0.26881030201911926,0.5152140259742737,0.0883489073366204,0.1814098209142685,0.12558713422414156,0.09409725405092556,0.12558713422414156,0.17768657207489014,1.7541476488113403,1.5764610767364502,915,3521,0.10892891883850098,1,2.1606128215789795,1.7541476488113403,0.09703955799341202,664,0.001749342423863709,0.8599758744239807,0.0,0.0,1.9089350700378418,0.85,0.019500000402331352,2.905606985092163,0.40967249870300293,0,,0,-1.7541476488113403,1.0,0,0.00047858941252343357,0.9571787714958191,phase1_class1
573,1942.74,0.9502361927711065,0.11920292675495148,0.9801071996013802,0.7502254247665405,0.7037452535651,0.5686707496643066,0.28883183002471924,0.5196427702903748,0.08369331241279876,0.1814098209142685,0.11251945429817306,0.08342765242433714,0.11251945429817306,0.18622490763664246,1.8146306276321411,1.6284057199954987,915,3521,0.12315721809864044,1,2.1606128215789795,1.8146306276321411,0.10273206233978271,664,0.0021686148829758167,0.8408746719360352,0.0,0.0,1.896238923072815,0.85,0.02200000174343586,2.8928589820861816,0.3983812630176544,0,,0,-1.8146306276321411,1.0,0,0.0004751180822495371,0.9502361416816711,phase1_class1
574,1946.13,0.9488200755795871,0.11920292675495148,0.9688758418181078,0.742560863494873,0.6956808145585465,0.5598660111427307,0.2762991189956665,0.5180777311325073,0.11140401928786377,0.1814098209142685,0.17896552207624683,0.13065130628080707,0.17896552207624683,0.17284806072711945,1.7749425172805786,1.6020944565534592,915,3521,0.14694511890411377,1,2.1606128215789795,1.7749425172805786,0.0955478847026825,664,0.0012394903460517526,0.8113335967063904,0.0,0.0,1.9252469539642334,0.85,0.023000001907348633,2.9030680656433105,0.3812253475189209,0,,0,-1.7749425172805786,1.0,0,0.00047441007336601615,0.9488201141357422,phase1_class1
575,1949.51,0.9212950095725083,0.11920292675495148,0.9724287921379124,0.7398557662963867,0.6982319354203583,0.5743743777275085,0.3089820444583893,0.5213660597801208,0.13477914713126393,0.1814098209142685,0.20518500862298622,0.15319081023180864,0.20518500862298622,0.16725239157676697,1.8714793920516968,1.7042270004749298,915,3521,0.16394247114658356,1,2.1606128215789795,1.8714793920516968,0.10834555327892303,664,0.0013991628075018525,0.7992547154426575,0.0,0.0,1.8758054971694946,0.85,0.03150000050663948,2.8921759128570557,0.36983516812324524,0,,0,-1.8714793920516968,1.0,0,0.0004606475413311273,0.9212950468063354,phase1_class1
576,1952.89,0.9690577118203717,0.11920292675495148,0.983257651965992,0.7481966018676758,0.706007369279667,0.5859217643737793,0.3267028331756592,0.518661379814148,0.1082476258762802,0.1814098209142685,0.17432453274631593,0.12197847964195493,0.17432453274631593,0.20700284838676453,1.7383042573928833,1.5313014090061188,915,3521,0.14656546711921692,1,2.1606128215789795,1.7383042573928833,0.08719833940267563,664,0.0018415884114801884,0.8496537208557129,0.0,0.0,1.96638822555542,0.85,0.029500002041459084,2.8952527046203613,0.4031374156475067,0,,0,-1.7383042573928833,1.0,0,0.0004845288931392133,0.9690577387809753,phase1_class1
577,1956.27,0.9623304235712222,0.11920292675495148,0.9715944168147389,0.7385031580924988,0.6976328298596461,0.5835301280021667,0.32947978377342224,0.5290535688400269,0.13667379020180248,0.1814098209142685,0.18865411309432006,0.14508829065582612,0.18865411309432006,0.19577929377555847,1.6962902545928955,1.500510960817337,915,3521,0.1485644429922104,1,2.1606128215789795,1.6962902545928955,0.11594697833061218,664,0.0011312359711155295,0.8047641515731812,0.0,0.0,1.8567675352096558,0.85,0.02800000086426735,2.8701493740081787,0.37382811307907104,0,,0,-1.6962902545928955,1.0,0,0.0004811652470380068,0.9623304605484009,phase1_class1
578,1959.65,0.9319092481505141,0.11920292675495148,0.9725130131212375,0.7488728761672974,0.6982924085168621,0.5710833072662354,0.2949367165565491,0.515360414981842,0.11472585253506284,0.1814098209142685,0.17959647228726464,0.13078284526537,0.17959647228726464,0.17233675718307495,1.8472753763198853,1.6749386191368103,915,3521,0.16564936935901642,1,2.1606128215789795,1.8472753763198853,0.08245677500963211,664,0.0015802874695509672,0.8712338209152222,0.0,0.0,1.9735029935836792,0.85,0.010500000789761543,2.8944923877716064,0.41704171895980835,0,,0,-1.8472753763198853,1.0,0,0.0004659546248149127,0.9319092035293579,phase1_class1
579,1963.03,0.9684629271324962,0.11920292675495148,0.9704921012469405,0.7398557662963867,0.6968413354709869,0.5842251777648926,0.3298490047454834,0.5340887308120728,0.09722523562760828,0.1814098209142685,0.05513102732715469,0.06272438965515176,0.07031775198314884,0.24213914573192596,1.5438050031661987,1.3016658574342728,915,3521,0.07827699184417725,1,2.1606128215789795,1.5438050031661987,0.1049933210015297,664,0.001858880277723074,0.8474230766296387,0.0,0.0,1.8806204795837402,0.85,0.011500000953674316,2.8807218074798584,0.40113869309425354,0,,0,-1.5438050031661987,1.0,0,0.0004842314519919455,0.9684628844261169,phase1_class1
580,1966.42,0.9698747503461547,0.11920292675495148,0.9778443972284637,0.7416591644287109,0.7021204961606615,0.5781006813049316,0.3154122233390808,0.5189455151557922,0.11939231123795867,0.1814098209142685,0.16715974257231392,0.12667180946868134,0.16715974257231392,0.18800315260887146,1.680461049079895,1.4924578964710236,915,3521,0.1371888518333435,1,2.1606128215789795,1.680461049079895,0.11082249879837036,664,0.002024663845077157,0.8270404934883118,0.0,0.0,1.8586114645004272,0.85,0.018000001087784767,2.886284828186035,0.3879442811012268,0,,0,-1.680461049079895,1.0,0,0.00048493739450350404,0.9698747396469116,phase1_class1
581,1969.83,0.9405967882911628,0.11920292675495148,0.9707263530982354,0.7511271238327026,0.6970095350603325,0.5504053831100464,0.25,0.5124061703681946,0.08405274830331051,0.1814098209142685,0.1294429410692503,0.09411016770667732,0.1294429410692503,0.16837581992149353,1.8165119886398315,1.648136168718338,915,3521,0.13776685297489166,1,2.1606128215789795,1.8165119886398315,0.08772987127304077,664,0.0017926325090229511,0.864031970500946,0.0,0.0,1.9664534330368042,0.85,0.016499999910593033,2.879132032394409,0.41257789731025696,0,,0,-1.8165119886398315,1.0,0,0.0004702984297182411,0.9405968189239502,phase1_class1
582,1973.22,0.9469004814573847,0.11920292675495148,0.9792101481975926,0.7414337396621704,0.7031011447697803,0.580228328704834,0.3200948238372803,0.5207709074020386,0.1451149465424471,0.1814098209142685,0.23218967765454773,0.17004694447570004,0.23218967765454773,0.17128576338291168,1.8228302001953125,1.6515444368124008,915,3521,0.16735254228115082,1,2.1606128215789795,1.8228302001953125,0.11319336295127869,664,0.0015361662954092026,0.7869927287101746,0.0,0.0,1.872750163078308,0.85,0.052000001072883606,2.8854732513427734,0.3661356270313263,0,,0,-1.8228302001953125,1.0,0,0.00047345025814138353,0.946900486946106,phase1_class1
583,1976.6,0.9559249820311734,0.11920292675495148,0.9664820072641578,0.7333183288574219,0.6939619722667567,0.5952284336090088,0.35880759358406067,0.5330526828765869,0.17208877880259427,0.1814098209142685,0.2651813631328781,0.1969132364298221,0.2651813631328781,0.20644532144069672,1.7100244760513306,1.5035791546106339,915,3521,0.18061231076717377,1,2.1606128215789795,1.7100244760513306,0.10458116233348846,664,0.0011980719864368439,0.830214262008667,0.0,0.0,1.9025402069091797,0.85,0.017000000923871994,2.8968045711517334,0.39326485991477966,0,,0,-1.7100244760513306,1.0,0,0.0004779625160153955,0.9559249877929688,phase1_class1
584,1979.99,0.9167867687704082,0.11920292675495148,0.9802018013105568,0.7454914450645447,0.7038131803223356,0.5473334789276123,0.24783478677272797,0.5128694176673889,0.08127379361613302,0.1814098209142685,0.1020456807952777,0.08097595069208603,0.1020456807952777,0.15838105976581573,1.8934953212738037,1.735114261507988,915,3521,0.1369692087173462,1,2.1606128215789795,1.8934953212738037,0.09180020540952682,664,0.0016866002697497606,0.8152188062667847,0.0,0.0,1.9470614194869995,0.85,0.04050000011920929,2.888127088546753,0.38213783502578735,0,,0,-1.8934953212738037,1.0,0,0.0004583934205584228,0.916786789894104,phase1_class1
585,1983.38,0.9618125494618536,0.11920292675495148,0.9742679433784286,0.7479711771011353,0.6995524990858717,0.5849728584289551,0.3248792290687561,0.5209846496582031,0.11565703359856473,0.1814098209142685,0.20172179302028853,0.1386420293325647,0.20172179302028853,0.19641835987567902,1.725946307182312,1.529527947306633,915,3521,0.1426294893026352,1,2.1606128215789795,1.725946307182312,0.10588633269071579,664,0.0014428726863116026,0.842195451259613,0.0,0.0,1.879550814628601,0.85,0.020500000566244125,2.849297285079956,0.3991798162460327,0,,0,-1.725946307182312,1.0,0,0.0004809063102584332,0.9618125557899475,phase1_class1
586,1986.76,0.9494930854415645,0.11920292675495148,0.9608864043045933,0.742110013961792,0.6899441678620651,0.5625612735748291,0.2823086380958557,0.5214568972587585,0.10080221248620688,0.1814098209142685,0.1419637974790034,0.10759639103846046,0.1419637974790034,0.1837731897830963,1.7183222770690918,1.5345490872859955,915,3521,0.11425396800041199,1,2.1606128215789795,1.7183222770690918,0.11406193673610687,664,0.0018215050222352147,0.8205966949462891,0.0,0.0,1.8429369926452637,0.85,0.029000001028180122,2.891009569168091,0.3839372992515564,0,,0,-1.7183222770690918,1.0,0,0.00047474654274992645,0.9494930505752563,phase1_class1
587,1990.14,0.9632045541832152,0.11920292675495148,0.9710683294630854,0.7407574653625488,0.6972550839591596,0.5536720156669617,0.2647058665752411,0.5211327075958252,0.08402046735977578,0.1814098209142685,0.10881787972686868,0.08471311605369712,0.10881787972686868,0.2076488584280014,1.679813027381897,1.4721641689538956,915,3521,0.11317847669124603,1,2.1606128215789795,1.679813027381897,0.09230747073888779,664,0.0017097993986681104,0.8741507530212402,0.0,0.0,1.9682315587997437,0.85,0.021000001579523087,2.8761608600616455,0.41895759105682373,0,,0,-1.679813027381897,1.0,0,0.00048160229925997555,0.963204562664032,phase1_class1
588,1993.52,0.9710167398778736,0.11920292675495148,0.9809699750235819,0.7470694184303284,0.7043647512164937,0.5605514645576477,0.2742561399936676,0.5173121690750122,0.08028518972038184,0.1814098209142685,0.09921341540359782,0.07697117385755266,0.09921341540359782,0.19032661616802216,1.7025684118270874,1.5122417956590652,915,3521,0.11944732069969177,1,2.1606128215789795,1.7025684118270874,0.09262123703956604,664,0.0014592690858989954,0.8854659199714661,0.0,0.0,1.9418787956237793,0.85,0.01600000075995922,2.893159866333008,0.4287998378276825,0,,0,-1.7025684118270874,1.0,0,0.00048550841165706515,0.9710167646408081,phase1_class1
589,1996.9,0.9674212931761529,0.11920292675495148,0.9763781686676006,0.734220027923584,0.7010677017410627,0.5633431673049927,0.2901866137981415,0.5229406356811523,0.10193111432885901,0.1814098209142685,0.12889611755303487,0.10239211978728843,0.12889611755303487,0.200339674949646,1.6923913955688477,1.4920517206192017,915,3521,0.1309032142162323,1,2.1606128215789795,1.6923913955688477,0.1102420836687088,664,0.00110471376683563,0.8150889873504639,0.0,0.0,1.8676338195800781,0.85,0.04400000348687172,2.8901114463806152,0.38065096735954285,0,,0,-1.6923913955688477,1.0,0,0.0004837106680497527,0.967421293258667,phase1_class1
590,2000.31,0.9127399464549346,0.11920292675495148,0.9777962149914917,0.7497745752334595,0.702085899924057,0.5584564208984375,0.26781004667282104,0.5166538953781128,0.09104157257858003,0.1814098209142685,0.14889022868439872,0.10558587309270355,0.14889022868439872,0.17022623121738434,1.8964929580688477,1.7262667268514633,915,3521,0.15533921122550964,1,2.1606128215789795,1.8964929580688477,0.09832444041967392,664,0.0018378464737907052,0.8277949690818787,0.0,0.0,1.908829689025879,0.85,0.015000000596046448,2.88930606842041,0.38807690143585205,0,,0,-1.8964929580688477,1.0,0,0.00045637000584974885,0.9127399921417236,phase1_class1
591,2003.7,0.9438940207857042,0.11920292675495148,0.9833148438895523,0.7434625625610352,0.7060484347312463,0.5751712918281555,0.30778589844703674,0.5182740092277527,0.12877178769692538,0.1814098209142685,0.18534512976542672,0.14072424252952614,0.18534512976542672,0.1606874316930771,1.843040943145752,1.6823535114526749,915,3521,0.1718301624059677,1,2.1606128215789795,1.843040943145752,0.11311835050582886,664,0.0019876896403729916,0.821017861366272,0.0,0.0,1.8558433055877686,0.85,0.02550000138580799,2.895206928253174,0.3851104974746704,0,,0,-1.843040943145752,1.0,0,0.00047194704529829323,0.9438940286636353,phase1_class1
592,2007.08,0.9558561912357195,0.11920292675495148,0.9737208987123199,0.7405320405960083,0.6991597052288133,0.5733177661895752,0.3062085807323456,0.5182326436042786,0.1302781282639836,0.1814098209142685,0.20109084280927075,0.14897757605289724,0.20109084280927075,0.18095986545085907,1.7626348733901978,1.5816750079393387,915,3521,0.16912369430065155,1,2.1606128215789795,1.7626348733901978,0.09442628920078278,664,0.0015239452477544546,0.8345533609390259,0.0,0.0,1.9239821434020996,0.85,0.029500002041459084,2.8983514308929443,0.39772385358810425,0,,0,-1.7626348733901978,1.0,0,0.0004779280861839652,0.9558561444282532,phase1_class1
593,2010.46,0.9746115515408154,0.11920292675495148,0.9777637017746734,0.7432371377944946,0.7020625544961046,0.5701327323913574,0.2973473072052002,0.5149797797203064,0.08781689255567297,0.1814098209142685,0.12889611755303487,0.09294975435009936,0.12889611755303487,0.21031665802001953,1.5872167348861694,1.37690007686615,915,3521,0.10188272595405579,1,2.1606128215789795,1.5872167348861694,0.10145025700330734,664,0.0023446418344974518,0.8908341526985168,0.0,0.0,1.908573865890503,0.85,0.009000000543892384,2.8907456398010254,0.42904558777809143,0,,0,-1.5872167348861694,1.0,0,0.00048730577691458166,0.9746115207672119,phase1_class1
594,2013.85,0.9444732991612915,0.11920292675495148,0.9840062394038251,0.7481966018676758,0.7065448766630101,0.568428635597229,0.28989192843437195,0.5140441656112671,0.10723015536756045,0.1814098209142685,0.1744787650201203,0.12466944943666497,0.1744787650201203,0.17036853730678558,1.8432633876800537,1.6728948503732681,915,3521,0.16038177907466888,1,2.1606128215789795,1.8432633876800537,0.10285580158233643,664,0.0015885322354733944,0.8534433245658875,0.0,0.0,1.8812260627746582,0.85,0.014500000514090061,2.899697780609131,0.4053138196468353,0,,0,-1.8432633876800537,1.0,0,0.00047223668661899865,0.9444733262062073,phase1_class1
595,2017.22,0.9128172522100172,0.11920292675495148,0.9756354571123249,0.7486474514007568,0.7005344134109639,0.5500763654708862,0.25117528438568115,0.5136592388153076,0.08612710931910489,0.1814098209142685,0.11779139383912171,0.09024560131012539,0.11779139383912171,0.14877939224243164,1.8929837942123413,1.7442044019699097,915,3521,0.1359623223543167,1,2.1606128215789795,1.8929837942123413,0.09496039897203445,664,0.0013530889991670847,0.8397144675254822,0.0,0.0,1.9280874729156494,0.85,0.02550000138580799,2.8812079429626465,0.39650624990463257,0,,0,-1.8929837942123413,1.0,0,0.0004564086557365954,0.9128172397613525,phase1_class1
596,2020.61,0.9283408355882459,0.11920292675495148,0.9729184490177092,0.7506762742996216,0.6985835231907294,0.5481138825416565,0.24556615948677063,0.5114607214927673,0.0878563125540279,0.1814098209142685,0.12534877525553484,0.09483146347293989,0.12534877525553484,0.15498323738574982,1.8569960594177246,1.7020128220319748,915,3521,0.12697890400886536,1,2.1606128215789795,1.8569960594177246,0.10070525109767914,664,0.0018112221732735634,0.8531712889671326,0.0,0.0,1.891374111175537,0.85,0.014500000514090061,2.8998727798461914,0.4049733877182007,0,,0,-1.8569960594177246,1.0,0,0.0004641704435925931,0.9283408522605896,phase1_class1
597,2023.99,0.9682965989462351,0.11920292675495148,0.9759366940247758,0.7432371377944946,0.7007507102072961,0.5729891061782837,0.3033639192581177,0.5198227167129517,0.1110697252860666,0.1814098209142685,0.16550525090786725,0.12211448849341733,0.16550525090786725,0.1950838416814804,1.6763995885849,1.4813157469034195,915,3521,0.1377553790807724,1,2.1606128215789795,1.6763995885849,0.10144598037004471,664,0.0024215022567659616,0.8772872686386108,0.0,0.0,1.8980591297149658,0.85,0.012000000104308128,2.8703463077545166,0.4208059012889862,0,,0,-1.6763995885849,1.0,0,0.0004841483023483306,0.9682965874671936,phase1_class1
598,2027.36,0.967600071064725,0.11920292675495148,0.976287680076214,0.7434625625610352,0.701002728321098,0.5640004873275757,0.28427669405937195,0.5176948308944702,0.10104307798796602,0.1814098209142685,0.1577095105228474,0.11448654315786673,0.1577095105228474,0.18148817121982574,1.6893208026885986,1.5078326314687729,915,3521,0.12240266799926758,1,2.1606128215789795,1.6893208026885986,0.10589705407619476,664,0.002108291257172823,0.8369892835617065,0.0,0.0,1.8843291997909546,0.85,0.017000000923871994,2.878203868865967,0.39478597044944763,0,,0,-1.6893208026885986,1.0,0,0.0004838000750169158,0.9676001071929932,phase1_class1
599,2030.76,0.9547849320929129,0.11920292675495148,0.9719739988279573,0.7448151707649231,0.6979053806992378,0.5593279004096985,0.27342745661735535,0.5168612599372864,0.08093949961433586,0.1814098209142685,0.12968130003785702,0.09120560542609026,0.12968130003785702,0.19728198647499084,1.7588914632797241,1.5616094768047333,915,3521,0.12166576087474823,1,2.1606128215789795,1.7588914632797241,0.08279933035373688,664,0.0016753567615523934,0.8558489680290222,0.0,0.0,1.9757181406021118,0.85,0.014000000432133675,2.894198417663574,0.40761008858680725,0,,0,-1.7588914632797241,1.0,0,0.00047739248839206994,0.9547849297523499,phase1_class1
600,2034.15,0.9220326216738446,0.11920292675495148,0.974200174866265,0.7545085549354553,0.6995038393384525,0.5503708720207214,0.2474084198474884,0.5092965364456177,0.07832939909334004,0.1814098209142685,0.13904740539252114,0.09498158225824985,0.13904740539252114,0.1612766534090042,1.8734009265899658,1.7121242731809616,915,3521,0.14696741104125977,1,2.1606128215789795,1.8734009265899658,0.09301270544528961,664,0.00186766660772264,0.8633183836936951,0.0,0.0,1.9331176280975342,0.85,0.019500000402331352,2.9075865745544434,0.41310635209083557,0,,0,-1.8734009265899658,1.0,0,0.000461016345070675,0.9220326542854309,phase1_class1
601,2037.54,0.9094264885586579,0.11920292675495148,0.9647574357335137,0.750450849533081,0.6927236801395099,0.5513776540756226,0.25253206491470337,0.5190397500991821,0.0866088403226232,0.1814098209142685,0.11779139383912171,0.09025400448316354,0.11779139383912171,0.17282819747924805,1.880664587020874,1.707836389541626,915,3521,0.13654334843158722,1,2.1606128215789795,1.880664587020874,0.08920595794916153,664,0.0014006043784320354,0.8144330382347107,0.0,0.0,1.9466313123703003,0.85,0.0430000014603138,2.8702266216278076,0.38241592049598694,0,,0,-1.880664587020874,1.0,0,0.0004547132703009993,0.9094265103340149,phase1_class1
602,2040.93,0.9615710314002236,0.11920292675495148,0.9759092732395073,0.7479711771011353,0.7007310212921554,0.5880309343338013,0.3313397169113159,0.519818902015686,0.13810098037846302,0.1814098209142685,0.18046578146688913,0.14144182722786486,0.18046578146688913,0.18184062838554382,1.740049123764038,1.5582084953784943,915,3521,0.14453411102294922,1,2.1606128215789795,1.740049123764038,0.09346653521060944,664,0.0014619578141719103,0.8257941007614136,0.0,0.0,1.933243989944458,0.85,0.03550000116229057,2.8972511291503906,0.39641621708869934,0,,0,-1.740049123764038,1.0,0,0.00048078555846586823,0.9615710973739624,phase1_class1
603,2044.31,0.9577848969384337,0.11920292675495148,0.9767879135446145,0.7477457523345947,0.7013619103873091,0.5583367943763733,0.2691051661968231,0.5136448740959167,0.0870402875487124,0.1814098209142685,0.16668302463510046,0.11130820587437062,0.16668302463510046,0.17221005260944366,1.7686104774475098,1.596400424838066,915,3521,0.13677924871444702,1,2.1606128215789795,1.7686104774475098,0.10763980448246002,664,0.001840462675318122,0.8320058584213257,0.0,0.0,1.8766212463378906,0.85,0.03400000184774399,2.890882968902588,0.39278650283813477,0,,0,-1.7686104774475098,1.0,0,0.00047889247070997953,0.95778489112854,phase1_class1
604,2047.69,0.9575343692245613,0.11920292675495148,0.9785487196843633,0.7457168698310852,0.7026262200095632,0.5554735660552979,0.2646675407886505,0.5212506055831909,0.09064613102027957,0.1814098209142685,0.11944588550356838,0.0928207071342817,0.11944588550356838,0.18627724051475525,1.7786973714828491,1.5924201309680939,915,3521,0.12673108279705048,1,2.1606128215789795,1.7786973714828491,0.11295284330844879,664,0.0014874355401843786,0.8292660713195801,0.0,0.0,1.8849509954452515,0.85,0.03150000050663948,2.8818554878234863,0.39224013686180115,0,,0,-1.7786973714828491,1.0,0,0.0004787671787198633,0.9575343132019043,phase1_class1
605,2051.06,0.9064515957671108,0.11920292675495148,0.9753988549080072,0.7448151707649231,0.7003645262003206,0.561538815498352,0.2780612111091614,0.5193552374839783,0.12095607463726618,0.1814098209142685,0.20840986525707716,0.1489406248259123,0.20840986525707716,0.1659366488456726,1.9029932022094727,1.7370565533638,915,3521,0.1661534458398819,1,2.1606128215789795,1.9029932022094727,0.10088987648487091,664,0.0013075631577521563,0.85772305727005,0.0,0.0,1.9016625881195068,0.85,0.02250000089406967,2.8704111576080322,0.4088219106197357,0,,0,-1.9029932022094727,1.0,0,0.0004532258026301861,0.9064515829086304,phase1_class1
606,2054.45,0.9527262902896759,0.11920292675495148,0.9591275567923635,0.7335437536239624,0.6886812645908924,0.5782113671302795,0.322247713804245,0.5267114639282227,0.13651921414526114,0.1814098209142685,0.1845599472806046,0.14420784827243005,0.1845599472806046,0.20250999927520752,1.660330057144165,1.4578200578689575,915,3521,0.1289195418357849,1,2.1606128215789795,1.660330057144165,0.11264105886220932,664,0.0013184378622099757,0.8303276896476746,0.0,0.0,1.8589069843292236,0.85,0.026000000536441803,2.878709316253662,0.39257287979125977,0,,0,-1.660330057144165,1.0,0,0.0004763631441164762,0.9527262449264526,phase1_class1
607,2057.82,0.9510686045364812,0.11920292675495148,0.9618588628678694,0.7423354387283325,0.6906424211740219,0.5731040835380554,0.30432137846946716,0.525773823261261,0.09268821109253923,0.1814098209142685,0.12338581904347948,0.09274963654186254,0.12338581904347948,0.21079571545124054,1.7127183675765991,1.5019226521253586,915,3521,0.130213662981987,1,2.1606128215789795,1.7127183675765991,0.09465403109788895,664,0.0012603378854691982,0.875758945941925,0.0,0.0,1.9413440227508545,0.85,0.019500000402331352,2.8714396953582764,0.41947126388549805,0,,0,-1.7127183675765991,1.0,0,0.0004755343252327293,0.9510685801506042,phase1_class1
608,2061.23,0.9632586286815725,0.11920292675495148,0.9769673238253719,0.7470694184303284,0.701490732146373,0.5582934021949768,0.2695312201976776,0.5166088342666626,0.07882199387593253,0.1814098209142685,0.07937353654603835,0.06764926024332049,0.07937353654603835,0.20035496354103088,1.73538339138031,1.5350284278392792,915,3521,0.12653253972530365,1,2.1606128215789795,1.73538339138031,0.09613130986690521,664,0.0019388793734833598,0.8516372442245483,0.0,0.0,1.9277762174606323,0.85,0.026000000536441803,2.880708694458008,0.40421000123023987,0,,0,-1.73538339138031,1.0,0,0.00048162933671846986,0.9632586240768433,phase1_class1
609,2064.61,0.9431570261998613,0.11920292675495148,0.9721608518932876,0.742110013961792,0.6980395465924113,0.5519348382949829,0.26002588868141174,0.5142409205436707,0.09405425371269652,0.1814098209142685,0.10267663100629548,0.08797801732122092,0.10267663100629548,0.1709391474723816,1.8124322891235352,1.6414931416511536,915,3521,0.13243670761585236,1,2.1606128215789795,1.8124322891235352,0.0838267058134079,664,0.0024226466193795204,0.8906603455543518,0.0,0.0,1.967540979385376,0.85,0.004500000271946192,2.896495819091797,0.4289844036102295,0,,0,-1.8124322891235352,1.0,0,0.00047157853259705007,0.9431570172309875,phase1_class1
610,2067.99,0.9493649223277586,0.11920292675495148,0.9713421455902675,0.7475203275680542,0.6974516918403509,0.5558726191520691,0.26412615180015564,0.5203009843826294,0.08999182112632557,0.1814098209142685,0.14684314577754098,0.10455392846623654,0.14684314577754098,0.1763249635696411,1.784034252166748,1.607709288597107,915,3521,0.14041049778461456,1,2.1606128215789795,1.784034252166748,0.12464290112257004,664,0.0017914511263370514,0.827695369720459,0.0,0.0,1.8197345733642578,0.85,0.024000000208616257,2.8855738639831543,0.38914403319358826,0,,0,-1.784034252166748,1.0,0,0.0004746824852190912,0.9493649005889893,phase1_class1
611,2071.37,0.9572517816682874,0.11920292675495148,0.9743435464006694,0.7457168698310852,0.6996067842376171,0.5586518049240112,0.27131780982017517,0.5185156464576721,0.0891146485645068,0.1814098209142685,0.08244416090632492,0.07490526589065033,0.08244416090632492,0.18228965997695923,1.7580660581588745,1.5757763981819153,915,3521,0.12680880725383759,1,2.1606128215789795,1.7580660581588745,0.10241478681564331,664,0.0015889490023255348,0.8311576247215271,0.0,0.0,1.9002591371536255,0.85,0.03150000050663948,2.8798885345458984,0.39199087023735046,0,,0,-1.7580660581588745,1.0,0,0.0004786259087268263,0.957251787185669,phase1_class1
612,2074.75,0.9449263617014743,0.11920292675495148,0.969481841172544,0.7457168698310852,0.6961159395831574,0.5527002811431885,0.2588699162006378,0.517107367515564,0.07346894433554799,0.1814098209142685,0.12802680837341035,0.08723790709233567,0.12802680837341035,0.19320973753929138,1.7955955266952515,1.60238578915596,915,3521,0.1392018347978592,1,2.1606128215789795,1.7955955266952515,0.09123441576957703,664,0.002108319429680705,0.8477743268013,0.0,0.0,1.9618301391601562,0.85,0.019500000402331352,2.9004735946655273,0.4014486074447632,0,,0,-1.7955955266952515,1.0,0,0.0004724632017314434,0.944926381111145,phase1_class1
613,2078.13,0.941683471698449,0.11920292675495148,0.962907512041642,0.7427862882614136,0.6913953815430485,0.5551498532295227,0.26623791456222534,0.5204696655273438,0.08146437534046308,0.1814098209142685,0.10881787972686868,0.08294424812916881,0.10881787972686868,0.189460888504982,1.7813595533370972,1.5918986648321152,915,3521,0.11444194614887238,1,2.1606128215789795,1.7813595533370972,0.10459382832050323,664,0.0016995505429804325,0.8360512852668762,0.0,0.0,1.8903143405914307,0.85,0.017500000074505806,2.887604236602783,0.3950541615486145,0,,0,-1.7813595533370972,1.0,0,0.00047084176912903786,0.9416834712028503,phase1_class1
614,2081.51,0.9412117503598212,0.11920292675495148,0.9631637005211517,0.7466185688972473,0.6915793322645066,0.563762903213501,0.2813299000263214,0.5178341269493103,0.10054334415055335,0.1814098209142685,0.1662904333926894,0.11800764741685144,0.1662904333926894,0.18682850897312164,1.7847814559936523,1.5979529470205307,915,3521,0.13677482306957245,1,2.1606128215789795,1.7847814559936523,0.09660429507493973,664,0.001514999195933342,0.8619312047958374,0.0,0.0,1.9245853424072266,0.85,0.018000001087784767,2.850616931915283,0.4106282591819763,0,,0,-1.7847814559936523,1.0,0,0.0004706059116870165,0.9412117600440979,phase1_class1
615,2084.9,0.9670611282223938,0.11920292675495148,0.980716332759847,0.7452660202980042,0.7041826287514414,0.5670655369758606,0.2893081605434418,0.5159502625465393,0.09553545239104018,0.1814098209142685,0.13235933315573253,0.09944456073523342,0.13235933315573253,0.19111311435699463,1.7345993518829346,1.54348623752594,915,3521,0.12063506245613098,1,2.1606128215789795,1.7345993518829346,0.10998125374317169,664,0.0018822845304384828,0.8515704870223999,0.0,0.0,1.874808430671692,0.85,0.012000000104308128,2.908472776412964,0.4041443467140198,0,,0,-1.7345993518829346,1.0,0,0.0004835306026507169,0.9670611619949341,phase1_class1
616,2088.31,0.9305078237240048,0.11920292675495148,0.9800793870906078,0.744364321231842,0.703725283379743,0.5738539695739746,0.30429449677467346,0.5140374302864075,0.13994161494731844,0.1814098209142685,0.20967176567911272,0.15823197853862567,0.20967176567911272,0.1603119969367981,1.8673814535140991,1.707069456577301,915,3521,0.16666768491268158,1,2.1606128215789795,1.8673814535140991,0.11072024703025818,664,0.001516499207355082,0.8043397665023804,0.0,0.0,1.8736612796783447,0.85,0.05150000378489494,2.8968470096588135,0.3760358989238739,0,,0,-1.8673814535140991,1.0,0,0.0004652539500966668,0.9305078387260437,phase1_class1
617,2091.72,0.9467550174074414,0.11920292675495148,0.9817440246191644,0.7493237257003784,0.7049205411638961,0.5581234693527222,0.26745715737342834,0.5105711221694946,0.08197124823269594,0.1814098209142685,0.09000154232273805,0.07416351634728456,0.09000154232273805,0.1692502349615097,1.8308122158050537,1.661561980843544,915,3521,0.11596544086933136,1,2.1606128215789795,1.8308122158050537,0.10242262482643127,664,0.0015688014682382345,0.8290241956710815,0.0,0.0,1.9023386240005493,0.85,0.03500000014901161,2.8835322856903076,0.3894438147544861,0,,0,-1.8308122158050537,1.0,0,0.00047337752766907215,0.9467549920082092,phase1_class1
618,2095.1,0.9221980535707703,0.11920292675495148,0.9773700176433167,0.7486474514007568,0.7017798779287261,0.5524716973304749,0.25617077946662903,0.5124375224113464,0.09172102436124858,0.1814098209142685,0.16707561587751155,0.1150800516233044,0.16707561587751155,0.16138865053653717,1.8789823055267334,1.7175936549901962,915,3521,0.1309484839439392,1,2.1606128215789795,1.8789823055267334,0.09890042245388031,664,0.001714799553155899,0.8421227931976318,0.0,0.0,1.9163777828216553,0.85,0.02500000037252903,2.891059637069702,0.3981102406978607,0,,0,-1.8789823055267334,1.0,0,0.00046109905815683305,0.9221980571746826,phase1_class1
619,2098.48,0.964973637660378,0.11920292675495148,0.9690756218250648,0.7454914450645447,0.6958242623688577,0.5566776990890503,0.26735883951187134,0.522818386554718,0.08161895139700438,0.1814098209142685,0.1519608530446853,0.10196070334153624,0.1519608530446853,0.22470372915267944,1.6145497560501099,1.3898460268974304,915,3521,0.10782796144485474,1,2.1606128215789795,1.6145497560501099,0.10606755316257477,664,0.0021708346903324127,0.8714778423309326,0.0,0.0,1.8965091705322266,0.85,0.021000001579523087,2.906874179840088,0.4182359576225281,0,,0,-1.6145497560501099,1.0,0,0.0004824868228752166,0.9649736285209656,phase1_class1
620,2101.86,0.9651918964347035,0.11920292675495148,0.9721306890294922,0.7450405955314636,0.6980178887857564,0.5656136870384216,0.2864353358745575,0.5188911557197571,0.08860777567227393,0.1814098209142685,0.12928870879544593,0.09435470635995724,0.12928870879544593,0.20933067798614502,1.6670935153961182,1.4577628374099731,915,3521,0.12700094282627106,1,2.1606128215789795,1.6670935153961182,0.0957222506403923,664,0.0013190896715968847,0.8745713233947754,0.0,0.0,1.935791254043579,0.85,0.007000000216066837,2.8761613368988037,0.41848117113113403,0,,0,-1.6670935153961182,1.0,0,0.0004825959913432598,0.9651919603347778,phase1_class1
621,2105.26,0.9416426040418526,0.11920292675495148,0.9802378400569098,0.7436880469322205,0.7038390571822349,0.5923231244087219,0.343912273645401,0.5206273794174194,0.1568025104641472,0.1814098209142685,0.2314044951697256,0.17398245419087724,0.2314044951697256,0.16855695843696594,1.841163158416748,1.672606199979782,915,3521,0.17429588735103607,1,2.1606128215789795,1.841163158416748,0.09678418934345245,664,0.00163574842736125,0.8259909152984619,0.0,0.0,1.9200100898742676,0.85,0.03400000184774399,2.9019885063171387,0.38976749777793884,0,,0,-1.841163158416748,1.0,0,0.00047082133824005723,0.9416426420211792,phase1_class1
622,2108.63,0.9768653413077437,0.11920292675495148,0.980589217833852,0.7400811910629272,0.7040913565662532,0.5915576219558716,0.3452583849430084,0.5223990678787231,0.13721666876182406,0.1814098209142685,0.1933792291190533,0.14585751369157224,0.1933792291190533,0.21687708795070648,1.603654146194458,1.3867770582437515,915,3521,0.1452387571334839,1,2.1606128215789795,1.603654146194458,0.09913989901542664,664,0.0015371880726888776,0.8296017050743103,0.0,0.0,1.919893503189087,0.85,0.032999999821186066,2.903040647506714,0.3928568959236145,0,,0,-1.603654146194458,1.0,0,0.0004884326481260359,0.976865291595459,phase1_class1
623,2112.01,0.9441372962103425,0.11920292675495148,0.955673125436774,0.7398557662963867,0.6862008831884792,0.5625829696655273,0.2841190993785858,0.5247078537940979,0.09765295812944347,0.1814098209142685,0.160780134883134,0.11422357630784824,0.160780134883134,0.21003836393356323,1.7201313972473145,1.5100930333137512,915,3521,0.11894579231739044,1,2.1606128215789795,1.7201313972473145,0.1071314737200737,664,0.0008932305499911308,0.8132884502410889,0.0,0.0,1.8741717338562012,0.85,0.04350000247359276,2.8774962425231934,0.3825243413448334,0,,0,-1.7201313972473145,1.0,0,0.0004720686993096024,0.9441373348236084,phase1_class1
624,2115.38,0.9564142545840494,0.11920292675495148,0.9826771147693051,0.7461677193641663,0.7055905268191152,0.5816136002540588,0.31922611594200134,0.5202042460441589,0.12059663874675444,0.1814098209142685,0.16715974257231392,0.1266928174012767,0.16715974257231392,0.1854335069656372,1.8011094331741333,1.615675926208496,915,3521,0.16097544133663177,1,2.1606128215789795,1.8011094331741333,0.10092896223068237,664,0.0011319711338728666,0.8300901055335999,0.0,0.0,1.9046801328659058,0.85,0.036000002175569534,2.878147602081299,0.3917437195777893,0,,0,-1.8011094331741333,1.0,0,0.0004782071628142148,0.9564142823219299,phase1_class1
625,2118.78,0.9650906619228332,0.11920292675495148,0.9707373214123428,0.75,0.6970174106263888,0.5495937466621399,0.24915370345115662,0.5147580504417419,0.0772113610297621,0.1814098209142685,0.07055425470758964,0.06406779871129942,0.07055425470758964,0.19322732090950012,1.6464965343475342,1.453269213438034,915,3521,0.09511342644691467,1,2.1606128215789795,1.6464965343475342,0.10403282940387726,664,0.0015140294563025236,0.8769427537918091,0.0,0.0,1.8998081684112549,0.85,0.015000000596046448,2.893234968185425,0.42091110348701477,0,,0,-1.6464965343475342,1.0,0,0.0004825453506782651,0.9650906324386597,phase1_class1
626,2122.17,0.9275259300695622,0.11920292675495148,0.95943956615617,0.744364321231842,0.6889052963181729,0.5612035393714905,0.2777070105075836,0.5239325165748596,0.0871014351052157,0.1814098209142685,0.12007683571458616,0.09015025475357179,0.12007683571458616,0.1917647421360016,1.8236639499664307,1.631899207830429,915,3521,0.13211297988891602,1,2.1606128215789795,1.8236639499664307,0.10210198163986206,664,0.0011753584258258343,0.8366239666938782,0.0,0.0,1.886911392211914,0.85,0.03500000014901161,2.8845789432525635,0.3956940174102783,0,,0,-1.8236639499664307,1.0,0,0.00046376296086236835,0.9275258779525757,phase1_class1
627,2125.55,0.9238144833994044,0.11920292675495148,0.9649605454072535,0.7376014590263367,0.6928695187466599,0.5536000728607178,0.26700252294540405,0.5233485698699951,0.10322887033769279,0.1814098209142685,0.1581021017652585,0.11783169445364167,0.1581021017652585,0.17543266713619232,1.849474549293518,1.6740418821573257,915,3521,0.1368670016527176,1,2.1606128215789795,1.849474549293518,0.10986761748790741,664,0.0012862833682447672,0.7826664447784424,0.0,0.0,1.8573768138885498,0.85,0.09400000423192978,2.888122797012329,0.3637101352214813,0,,0,-1.849474549293518,1.0,0,0.00046190727152861655,0.9238144755363464,phase1_class1
628,2128.92,0.9603029660701411,0.11920292675495148,0.9648289256379641,0.7470694184303284,0.6927750119539842,0.5527454614639282,0.2579365372657776,0.5180428624153137,0.078890280487256,0.1814098209142685,0.11125755387613748,0.08281350855939562,0.11125755387613748,0.21097132563591003,1.6248706579208374,1.4138993322849274,915,3521,0.09781002998352051,1,2.1606128215789795,1.6248706579208374,0.09673098474740982,664,0.00161727424710989,0.8822788596153259,0.0,0.0,1.904164433479309,0.85,0.00950000062584877,2.8863115310668945,0.4236254394054413,0,,0,-1.6248706579208374,1.0,0,0.00048015150241553783,0.9603029489517212,phase1_class1
629,2132.31,0.9641116791854512,0.11920292675495148,0.9706002174859998,0.7430117130279541,0.6969189660506849,0.5571078658103943,0.27016642689704895,0.5222022533416748,0.08896007250796546,0.1814098209142685,0.1276342171309993,0.0953131347983385,0.1276342171309993,0.20038416981697083,1.6604955196380615,1.4601113498210907,915,3521,0.11123380064964294,1,2.1606128215789795,1.6604955196380615,0.09956689924001694,664,0.002237758133560419,0.8316921591758728,0.0,0.0,1.9064232110977173,0.85,0.032999999821186066,2.891753673553467,0.3920575976371765,0,,0,-1.6604955196380615,1.0,0,0.0004820558533538133,0.9641116857528687,phase1_class1
630,2135.69,0.9671260794232996,0.11920292675495148,0.9750126135612237,0.7385031580924988,0.7000871937670521,0.5725544691085815,0.30622008442878723,0.5270335078239441,0.11469357159152813,0.1814098209142685,0.17369358253529815,0.12795651429906574,0.17369358253529815,0.21702808141708374,1.6796963214874268,1.462668240070343,915,3521,0.12912285327911377,1,2.1606128215789795,1.6796963214874268,0.10447528213262558,664,0.0021154661662876606,0.8452249765396118,0.0,0.0,1.8944814205169678,0.85,0.006000000052154064,2.900834560394287,0.399504154920578,0,,0,-1.6796963214874268,1.0,0,0.0004835630825255066,0.9671261310577393,phase1_class1
631,2139.07,0.9655289868630111,0.11920292675495148,0.9745691802908796,0.7481966018676758,0.699768795882204,0.5800427198410034,0.31430327892303467,0.5197610855102539,0.09008897435061759,0.1814098209142685,0.12952706776405265,0.09267980840061787,0.12952706776405265,0.2048330008983612,1.693513035774231,1.4886800348758698,915,3521,0.12890496850013733,1,2.1606128215789795,1.693513035774231,0.11048754304647446,664,0.002036663703620434,0.836735725402832,0.0,0.0,1.8837428092956543,0.85,0.02250000089406967,2.885988712310791,0.39521706104278564,0,,0,-1.693513035774231,1.0,0,0.00048276453162543476,0.9655290246009827,phase1_class1
632,2142.45,0.9688742386221889,0.11920292675495148,0.9798277034543922,0.7461677193641663,0.7035445672657722,0.5776628255844116,0.31089353561401367,0.514170229434967,0.12042405985631877,0.1814098209142685,0.12747998485719492,0.10962972038987565,0.12747998485719492,0.1706167608499527,1.712364912033081,1.5417481511831284,915,3521,0.1260083019733429,1,2.1606128215789795,1.712364912033081,0.1150640919804573,664,0.0022149328142404556,0.8248851895332336,0.0,0.0,1.8456237316131592,0.85,0.048500001430511475,2.8831143379211426,0.39392518997192383,0,,0,-1.712364912033081,1.0,0,0.00048443712876178324,0.9688742160797119,phase1_class1
633,2145.83,0.9562492606625861,0.11920292675495148,0.9739913851727197,0.742560863494873,0.6993539223131663,0.5760635137557983,0.3103864789009094,0.5190646648406982,0.1294260975908794,0.1814098209142685,0.1894392955791422,0.14276292226334575,0.1894392955791422,0.17701232433319092,1.7619049549102783,1.5848926305770874,915,3521,0.16555358469486237,1,2.1606128215789795,1.7619049549102783,0.09591817110776901,664,0.001176057499833405,0.8246486186981201,0.0,0.0,1.9191721677780151,0.85,0.0215000007301569,2.8786635398864746,0.3862361013889313,0,,0,-1.7619049549102783,1.0,0,0.00047812465345487,0.9562492370605469,phase1_class1
634,2149.23,0.9545102047555745,0.11920292675495148,0.9797442659220748,0.7477457523345947,0.703484656709701,0.5574210286140442,0.2671905755996704,0.5145013928413391,0.0941656850466289,0.1814098209142685,0.13519159854741242,0.10149233193777349,0.13519159854741242,0.16883568465709686,1.7973127365112305,1.6284770518541336,915,3521,0.14362652599811554,1,2.1606128215789795,1.7973127365112305,0.11318454146385193,664,0.0014377764891833067,0.7893502712249756,0.0,0.0,1.8555326461791992,0.85,0.036000002175569534,2.8779571056365967,0.3677828311920166,0,,0,-1.7973127365112305,1.0,0,0.0004772550892084837,0.9545101523399353,phase1_class1
635,2152.61,0.9636280721244246,0.11920292675495148,0.971040516952313,0.7468439936637878,0.6972351137738025,0.5669736862182617,0.28788840770721436,0.5194077491760254,0.09184331947425518,0.1814098209142685,0.1145665372050308,0.08937311906338276,0.1145665372050308,0.20078878104686737,1.6738590002059937,1.4730702191591263,915,3521,0.09735468029975891,1,2.1606128215789795,1.6738590002059937,0.11165449768304825,664,0.0021431059576570988,0.834269106388092,0.0,0.0,1.8535226583480835,0.85,0.03100000135600567,2.9067625999450684,0.3928064703941345,0,,0,-1.6738590002059937,1.0,0,0.00048181405873037875,0.9636280536651611,phase1_class1
636,2156.0,0.9690693803606608,0.11920292675495148,0.975856782021993,0.7355725765228271,0.7006933310831716,0.5741783380508423,0.31202346086502075,0.526544451713562,0.12406590899567466,0.1814098209142685,0.16920682547917165,0.13102394113110646,0.16920682547917165,0.19280481338500977,1.6644865274429321,1.4716817140579224,915,3521,0.12707388401031494,1,2.1606128215789795,1.6644865274429321,0.11653926968574524,664,0.0016567823477089405,0.828839123249054,0.0,0.0,1.8500206470489502,0.85,0.01600000075995922,2.8924899101257324,0.38937780261039734,0,,0,-1.6644865274429321,1.0,0,0.00048453471390530467,0.9690693616867065,phase1_class1
637,2159.38,0.9411580414618023,0.11920292675495148,0.9808924133738222,0.7520288825035095,0.704309059713667,0.5356879234313965,0.2187499701976776,0.510519802570343,0.05348393635067038,0.1814098209142685,0.09873669746638439,0.0649613699913526,0.09873669746638439,0.18042536079883575,1.844123363494873,1.6636980026960373,915,3521,0.12576249241828918,1,2.1606128215789795,1.844123363494873,0.10418633371591568,664,0.0022321525029838085,0.8860312700271606,0.0,0.0,1.9024180173873901,0.85,0.004500000271946192,2.87963604927063,0.4270835816860199,0,,0,-1.844123363494873,1.0,0,0.0004705790488515049,0.9411580562591553,phase1_class1
638,2162.76,0.9652290589041272,0.11920292675495148,0.9742154521609147,0.7403066158294678,0.6995148088768881,0.5650180578231812,0.2888888716697693,0.5207021832466125,0.09854813352515665,0.1814098209142685,0.12173132737903283,0.09686952541437038,0.12173132737903283,0.2021779716014862,1.6929477453231812,1.490769773721695,915,3521,0.11809605360031128,1,2.1606128215789795,1.6929477453231812,0.11746960878372192,664,0.0017829680582508445,0.8455802798271179,0.0,0.0,1.8371460437774658,0.85,0.02850000187754631,2.892582893371582,0.4016052484512329,0,,0,-1.6929477453231812,1.0,0,0.00048261453048326075,0.9652290344238281,phase1_class1
639,2166.16,0.9598633193631189,0.11920292675495148,0.9696318720405137,0.7441388964653015,0.6962236660759992,0.54921954870224,0.2527979016304016,0.522617757320404,0.053340224073203255,0.1814098209142685,0.0198538999733599,0.028011978893595198,0.036170057813830495,0.20897838473320007,1.7018502950668335,1.4928719103336334,915,3521,0.09858694672584534,1,2.1606128215789795,1.7018502950668335,0.10241799056529999,664,0.001799889374524355,0.8607682585716248,0.0,0.0,1.898201584815979,0.85,0.007000000216066837,2.9054689407348633,0.4096592962741852,0,,0,-1.7018502950668335,1.0,0,0.0004799316811840981,0.9598633050918579,phase1_class1
640,2169.56,0.9592225455013921,0.11920292675495148,0.9858669355470524,0.7461677193641663,0.7078809101904199,0.5668922662734985,0.28824272751808167,0.5183713436126709,0.08913265139840115,0.1814098209142685,0.11559007865845963,0.08829995798651481,0.11559007865845963,0.1797271966934204,1.8022582530975342,1.6225310564041138,915,3521,0.1325056254863739,1,2.1606128215789795,1.8022582530975342,0.1038556694984436,664,0.0021945517510175705,0.84476637840271,0.0,0.0,1.8982224464416504,0.85,0.021000001579523087,2.8975255489349365,0.40224751830101013,0,,0,-1.8022582530975342,1.0,0,0.0004796113062184304,0.9592225551605225,phase1_class1
641,2172.93,0.9469570682291388,0.11920292675495148,0.9819183424683721,0.744364321231842,0.7050457064101482,0.5655329823493958,0.28679245710372925,0.5160767436027527,0.11343523558104922,0.1814098209142685,0.1744787650201203,0.12880100951375006,0.1744787650201203,0.16532720625400543,1.8307114839553833,1.6653842777013779,915,3521,0.1586342453956604,1,2.1606128215789795,1.8307114839553833,0.0994960218667984,664,0.0031061265617609024,0.832179844379425,0.0,0.0,1.9045898914337158,0.85,0.027500001713633537,2.8781301975250244,0.39250698685646057,0,,0,-1.8307114839553833,1.0,0,0.00047347857616841793,0.9469571113586426,phase1_class1
642,2176.28,0.9203895360895459,0.11920292675495148,0.9747194070216013,0.75225430727005,0.6998766630101538,0.5457363724708557,0.23944635689258575,0.5098356604576111,0.08189209784229828,0.1814098209142685,0.1181839850815328,0.08849749605889484,0.1181839850815328,0.1561189889907837,1.8776406049728394,1.7215216159820557,915,3521,0.13502773642539978,1,2.1606128215789795,1.8776406049728394,0.08758238703012466,664,0.001951748738065362,0.8636159896850586,0.0,0.0,1.9669585227966309,0.85,0.017000000923871994,2.911200523376465,0.4118140637874603,0,,0,-1.8776406049728394,1.0,0,0.00046019480214454234,0.9203895330429077,phase1_class1
643,2179.66,0.9603609876281007,0.11920292675495148,0.9773445554855673,0.7459422945976257,0.7017615953646669,0.56672203540802,0.28806063532829285,0.5191829800605774,0.10593953841354684,0.1814098209142685,0.1303122502488748,0.10455160085607366,0.1303122502488748,0.1812952756881714,1.7571064233779907,1.5758111476898193,915,3521,0.1316715031862259,1,2.1606128215789795,1.7571064233779907,0.10283296555280685,664,0.0017238622531294823,0.8326528668403625,0.0,0.0,1.905166506767273,0.85,0.026000000536441803,2.8962769508361816,0.39213404059410095,0,,0,-1.7571064233779907,1.0,0,0.0004801805189345032,0.9603610038757324,phase1_class1
644,2183.04,0.9601443281152816,0.11920292675495148,0.9651364301584765,0.7391794323921204,0.6929958090737772,0.5616573095321655,0.2827030420303345,0.5236977338790894,0.09242934275688569,0.1814098209142685,0.1303122502488748,0.09780198553466163,0.1303122502488748,0.21794943511486053,1.6346896886825562,1.4167402535676956,915,3521,0.11381968855857849,1,2.1606128215789795,1.6346896886825562,0.10001206398010254,664,0.001614334061741829,0.8885496258735657,0.0,0.0,1.9031846523284912,0.85,0.004500000271946192,2.8901174068450928,0.42755722999572754,0,,0,-1.6346896886825562,1.0,0,0.00048007219447754323,0.9601443409919739,phase1_class1
645,2186.41,0.9670635202084702,0.11920292675495148,0.981116872087521,0.7430117130279541,0.704470227547605,0.5557646751403809,0.2673521637916565,0.517476499080658,0.0803714791655997,0.1814098209142685,0.08039707799946721,0.06952421237399974,0.08039707799946721,0.18737509846687317,1.7374722957611084,1.5500971972942352,915,3521,0.11794044077396393,1,2.1606128215789795,1.7374722957611084,0.09706081449985504,664,0.0015536416321992874,0.8551601767539978,0.0,0.0,1.943670392036438,0.85,0.021000001579523087,2.8904857635498047,0.4075583219528198,0,,0,-1.7374722957611084,1.0,0,0.0004835317959077656,0.9670635461807251,phase1_class1
646,2189.79,0.9715890575596113,0.11920292675495148,0.9779282264862849,0.7378268837928772,0.702180687986949,0.5606539249420166,0.28165534138679504,0.5187352895736694,0.11065628089387172,0.1814098209142685,0.14503442183928997,0.11503633280673622,0.14503442183928997,0.19879651069641113,1.6573939323425293,1.4585974216461182,915,3521,0.13044384121894836,1,2.1606128215789795,1.6573939323425293,0.11989418417215347,664,0.0022518085315823555,0.8605858087539673,0.0,0.0,1.8414041996002197,0.85,0.01850000023841858,2.875795602798462,0.41057100892066956,0,,0,-1.6573939323425293,1.0,0,0.00048579456051811576,0.9715890884399414,phase1_class1
647,2193.14,0.9618574923823427,0.11920292675495148,0.9666449650737541,0.7430117130279541,0.6940789806767361,0.5571078658103943,0.27016642689704895,0.523920476436615,0.10410604289951159,0.1814098209142685,0.1276342171309993,0.10400715099218663,0.1276342171309993,0.20383499562740326,1.630326509475708,1.4264915138483047,915,3521,0.1140676736831665,1,2.1606128215789795,1.630326509475708,0.11280245333909988,664,0.0014463986735790968,0.8134172558784485,0.0,0.0,1.8491910696029663,0.85,0.030000001192092896,2.891814708709717,0.38366207480430603,0,,0,-1.630326509475708,1.0,0,0.0004809287784155458,0.9618574976921082,phase1_class1
648,2196.5,0.9532473373251549,0.11920292675495148,0.9773292781909174,0.7457168698310852,0.7017506258262312,0.5661230087280273,0.28697851300239563,0.5158981084823608,0.1111631537861046,0.1814098209142685,0.15873305197627627,0.1203427319368377,0.15873305197627627,0.17276965081691742,1.792771577835083,1.6200019270181656,915,3521,0.14582544565200806,1,2.1606128215789795,1.792771577835083,0.0906241312623024,664,0.0016563187818974257,0.819067656993866,0.0,0.0,1.9450548887252808,0.85,0.042500000447034836,2.9022576808929443,0.3875230848789215,0,,0,-1.792771577835083,1.0,0,0.0004766237107105553,0.9532473683357239,phase1_class1
649,2199.86,0.9576540061199913,0.11920292675495148,0.971315116530503,0.7403066158294678,0.6974322841954266,0.5755023956298828,0.31100478768348694,0.526374340057373,0.12020119718845397,0.1814098209142685,0.16306557675859845,0.12580817343136155,0.16306557675859845,0.18708963692188263,1.735619306564331,1.5485296696424484,915,3521,0.14569191634655,1,2.1606128215789795,1.735619306564331,0.10105603188276291,664,0.0019765044562518597,0.830598771572113,0.0,0.0,1.909568190574646,0.85,0.046000003814697266,2.901047945022583,0.3934614360332489,0,,0,-1.735619306564331,1.0,0,0.00047882701619528234,0.9576539993286133,phase1_class1
650,2203.21,0.9707862986843862,0.11920292675495148,0.9772415316780579,0.7450405955314636,0.7016876212977807,0.5526748895645142,0.25933200120925903,0.5165161490440369,0.0776428082558513,0.1814098209142685,0.09960600664600888,0.07697513018477412,0.09960600664600888,0.20191702246665955,1.6592907905578613,1.4573737680912018,915,3521,0.10472363233566284,1,2.1606128215789795,1.6592907905578613,0.10331346839666367,664,0.00203512841835618,0.8623769879341125,0.0,0.0,1.9052720069885254,0.85,0.010500000789761543,2.905691146850586,0.410759299993515,0,,0,-1.6592907905578613,1.0,0,0.00048539318959228694,0.9707863330841064,phase1_class1
651,2206.57,0.962242038329211,0.11920292675495148,0.9721588932657684,0.7418845891952515,0.6980381402413298,0.5703327059745789,0.29883646965026855,0.52291339635849,0.0953557344457843,0.1814098209142685,0.14668891350373664,0.10519575046704184,0.14668891350373664,0.2112954556941986,1.7031095027923584,1.4918140470981598,915,3521,0.12386715412139893,1,2.1606128215789795,1.7031095027923584,0.09907195717096329,664,0.001642595394514501,0.8433520793914795,0.0,0.0,1.9082525968551636,0.85,0.03350000083446503,2.883174419403076,0.4005647897720337,0,,0,-1.7031095027923584,1.0,0,0.000481121038319543,0.9622420072555542,phase1_class1
652,2209.96,0.9484982228770373,0.11920292675495148,0.976675684187765,0.7472948431968689,0.70128132647034,0.5447201132774353,0.24102912843227386,0.5183756947517395,0.06481920343667891,0.1814098209142685,0.0791351775774316,0.06163385434392278,0.0791351775774316,0.17833799123764038,1.8089771270751953,1.630639135837555,915,3521,0.11375544965267181,1,2.1606128215789795,1.8089771270751953,0.10464109480381012,664,0.0018200862687081099,0.8384124040603638,0.0,0.0,1.8959354162216187,0.85,0.03450000286102295,2.885162830352783,0.39669960737228394,0,,0,-1.8089771270751953,1.0,0,0.0004742491291835904,0.9484981894493103,phase1_class1
653,2213.34,0.9589071207175741,0.11920292675495148,0.9645163286859018,0.7369251847267151,0.6925505583213792,0.5661770701408386,0.29401087760925293,0.5322426557540894,0.09828212613468293,0.1814098209142685,0.10149885727906227,0.08751844595380234,0.10149885727906227,0.22171486914157867,1.6464749574661255,1.4247600883245468,915,3521,0.10599538683891296,1,2.1606128215789795,1.6464749574661255,0.1102817952632904,664,0.0012376976665109396,0.8669704794883728,0.0,0.0,1.8756380081176758,0.85,0.006500000134110451,2.889756917953491,0.4136420488357544,0,,0,-1.6464749574661255,1.0,0,0.00047945359256118536,0.9589071273803711,phase1_class1
654,2216.71,0.9104398698758568,0.11920292675495148,0.9782096812607921,0.7533814311027527,0.7023827806373584,0.56975919008255,0.288686603307724,0.5100199580192566,0.10279742311160361,0.1814098209142685,0.15361534470913196,0.11248987928923784,0.15361534470913196,0.1601468324661255,1.900831699371338,1.7406848669052124,915,3521,0.1460224688053131,1,2.1606128215789795,1.900831699371338,0.0949743464589119,664,0.0017435809131711721,0.828206479549408,0.0,0.0,1.9341145753860474,0.85,0.04500000178813934,2.9193217754364014,0.3931249678134918,0,,0,-1.900831699371338,1.0,0,0.00045521993888542056,0.9104398488998413,phase1_class1
655,2220.08,0.9434546052376259,0.11920292675495148,0.9700138044067553,0.7391794323921204,0.6964979045368886,0.5603841543197632,0.2800248861312866,0.5194181799888611,0.10724815820145481,0.1814098209142685,0.12724162588858823,0.10516143201538869,0.12724162588858823,0.17470335960388184,1.8035955429077148,1.628892183303833,915,3521,0.12435901165008545,1,2.1606128215789795,1.8035955429077148,0.11929192394018173,664,0.002057208213955164,0.8419501781463623,0.0,0.0,1.8323878049850464,0.85,0.017000000923871994,2.872453451156616,0.40402424335479736,0,,0,-1.8035955429077148,1.0,0,0.00047172734048217535,0.9434546232223511,phase1_class1
656,2223.46,0.9658356034394193,0.11920292675495148,0.970873641887678,0.7328674793243408,0.69711529266166,0.5702061653137207,0.3057996332645416,0.5310603380203247,0.1177493974482535,0.1814098209142685,0.16408911821202732,0.12588904811839807,0.16408911821202732,0.2306818813085556,1.6350160837173462,1.4043342024087906,915,3521,0.12665003538131714,1,2.1606128215789795,1.6350160837173462,0.0906769186258316,664,0.001709098112769425,0.8646538853645325,0.0,0.0,1.9484620094299316,0.85,0.006000000052154064,2.894498586654663,0.4120250344276428,0,,0,-1.6350160837173462,1.0,0,0.00048291782150045037,0.9658355712890625,phase1_class1
657,2226.82,0.9644920180091601,0.11920292675495148,0.9732523950097304,0.742110013961792,0.6988233060501223,0.5709114074707031,0.2998775839805603,0.5248631238937378,0.10803190226323557,0.1814098209142685,0.16243462654758067,0.11939152785721704,0.16243462654758067,0.2067364603281021,1.6904771327972412,1.483740672469139,915,3521,0.136953666806221,1,2.1606128215789795,1.6904771327972412,0.11291451007127762,664,0.001801667851395905,0.8308264017105103,0.0,0.0,1.8729286193847656,0.85,0.01600000075995922,2.889458656311035,0.39168301224708557,0,,0,-1.6904771327972412,1.0,0,0.0004822460759896785,0.9644920825958252,phase1_class1
658,2230.2,0.9450671170126973,0.11920292675495148,0.9743235683999736,0.7513526082038879,0.6995924394565859,0.5591599345207214,0.26808226108551025,0.5176379084587097,0.08573166776080442,0.1814098209142685,0.13314451564055468,0.09535032441822472,0.13314451564055468,0.1870357245206833,1.8130970001220703,1.626061275601387,915,3521,0.13193894922733307,1,2.1606128215789795,1.8130970001220703,0.09505385905504227,664,0.0013799413572996855,0.8280097842216492,0.0,0.0,1.947737693786621,0.85,0.01850000023841858,2.8879518508911133,0.38828930258750916,0,,0,-1.8130970001220703,1.0,0,0.00047253354568965733,0.9450670480728149,phase1_class1
659,2233.57,0.9684511767004494,0.11920292675495148,0.9725627622602248,0.7407574653625488,0.6983281298343318,0.5661890506744385,0.29099875688552856,0.5209053158760071,0.10875449876851304,0.1814098209142685,0.15322275346672087,0.11656706400087265,0.15322275346672087,0.19555553793907166,1.6144248247146606,1.418869286775589,915,3521,0.11889433860778809,1,2.1606128215789795,1.6144248247146606,0.09869623184204102,664,0.0019193985499441624,0.834851086139679,0.0,0.0,1.911780595779419,0.85,0.024500001221895218,2.8759660720825195,0.39676159620285034,0,,0,-1.6144248247146606,1.0,0,0.00048422563122585416,0.968451201915741,phase1_class1
660,2236.94,0.96190431754283,0.11920292675495148,0.9714165734359969,0.743913471698761,0.6975051331814475,0.5647667646408081,0.2855345606803894,0.5217190384864807,0.10241998438719749,0.1814098209142685,0.12928870879544593,0.1024506967392578,0.12928870879544593,0.1942906528711319,1.6989799737930298,1.5046893209218979,915,3521,0.13762274384498596,1,2.1606128215789795,1.6989799737930298,0.10546346008777618,664,0.0014181097503751516,0.8240034580230713,0.0,0.0,1.89763343334198,0.85,0.03750000149011612,2.8649990558624268,0.39130452275276184,0,,0,-1.6989799737930298,1.0,0,0.00048095217789523304,0.9619042873382568,phase1_class1
661,2240.35,0.9547260848255804,0.11920292675495148,0.9686641141832837,0.7396302819252014,0.695528788006638,0.5607180595397949,0.28037381172180176,0.5263159275054932,0.09979560575656134,0.1814098209142685,0.0977972827077579,0.08767508333837229,0.0977972827077579,0.1957404613494873,1.7379324436187744,1.542191982269287,915,3521,0.13044629991054535,1,2.1606128215789795,1.7379324436187744,0.10166794061660767,664,0.001883842283859849,0.840964674949646,0.0,0.0,1.8953052759170532,0.85,0.0215000007301569,2.896651029586792,0.4039915204048157,0,,0,-1.7379324436187744,1.0,0,0.0004773630644194782,0.9547260999679565,phase1_class1
662,2243.73,0.9695140164126598,0.11920292675495148,0.9778312744240852,0.7385031580924988,0.7021110736084156,0.5764304399490356,0.31442078948020935,0.5203701257705688,0.1189968696796582,0.1814098209142685,0.18392899706958682,0.13424926526270986,0.18392899706958682,0.1961577981710434,1.684766173362732,1.4886083751916885,915,3521,0.14101183414459229,1,2.1606128215789795,1.684766173362732,0.08694006502628326,664,0.002127991057932377,0.8770782947540283,0.0,0.0,1.9688829183578491,0.85,0.009000000543892384,2.90079402923584,0.42015019059181213,0,,0,-1.684766173362732,1.0,0,0.00048475703806616366,0.969514012336731,phase1_class1
663,2247.1,0.9474521839926997,0.11920292675495148,0.9707204772156778,0.743913471698761,0.697005316007088,0.5378764867782593,0.22930799424648285,0.5172102451324463,0.07773623675588934,0.1814098209142685,0.084645476086987,0.07268153485850418,0.084645476086987,0.1712421476840973,1.7899441719055176,1.6187020242214203,915,3521,0.11350119113922119,1,2.1606128215789795,1.7899441719055176,0.10614467412233353,664,0.0018295086920261383,0.8532114624977112,0.0,0.0,1.8910183906555176,0.85,0.012500000186264515,2.873167037963867,0.4051322340965271,0,,0,-1.7899441719055176,1.0,0,0.00047372610424645245,0.947452187538147,phase1_class1
664,2250.47,0.9455160346844387,0.11920292675495148,0.9694379679161143,0.7366997599601746,0.6960844373189322,0.5581287741661072,0.2772277295589447,0.525280237197876,0.10980425022076751,0.1814098209142685,0.14094025602557453,0.11318579078038164,0.14094025602557453,0.16914857923984528,1.792919397354126,1.6237708181142807,915,3521,0.13718584179878235,1,2.1606128215789795,1.792919397354126,0.1164838969707489,664,0.0019166696583852172,0.8174403309822083,0.0,0.0,1.8506985902786255,0.85,0.03150000050663948,2.8888790607452393,0.38444510102272034,0,,0,-1.792919397354126,1.0,0,0.0004727580526378006,0.945516049861908,phase1_class1
665,2253.84,0.9722041660053825,0.11920292675495148,0.9762949269980351,0.7497745752334595,0.7010079318200996,0.5579932928085327,0.266842782497406,0.5119273066520691,0.09185045852907535,0.1814098209142685,0.14786668723096985,0.10566792659401761,0.14786668723096985,0.19810621440410614,1.6135298013687134,1.4154235869646072,915,3521,0.11685985326766968,1,2.1606128215789795,1.6135298013687134,0.08814035356044769,664,0.002463796641677618,0.9059820771217346,0.0,0.0,1.9625273942947388,0.85,0.005500000435858965,2.8963794708251953,0.4391844570636749,0,,0,-1.6135298013687134,1.0,0,0.00048610210069455206,0.9722041487693787,phase1_class1
666,2257.21,0.9505348153063092,0.11920292675495148,0.972682434401647,0.7477457523345947,0.6984140578854104,0.56284099817276,0.27852994203567505,0.5152489542961121,0.10511264962915715,0.1814098209142685,0.14747409598855876,0.11236316654997935,0.14747409598855876,0.1672724038362503,1.7846832275390625,1.6174108237028122,915,3521,0.13481630384922028,1,2.1606128215789795,1.7846832275390625,0.1118568480014801,664,0.0024314778856933117,0.8711915016174316,0.0,0.0,1.8594940900802612,0.85,0.01600000075995922,2.8949828147888184,0.4177332818508148,0,,0,-1.7846832275390625,1.0,0,0.00047526744310744107,0.9505348205566406,phase1_class1
667,2260.6,0.9540216729128642,0.11920292675495148,0.9770362675140473,0.7432371377944946,0.7015402357044412,0.5554792284965515,0.26658082008361816,0.5172290802001953,0.09191160608557863,0.1814098209142685,0.138262222907699,0.10201552860976756,0.138262222907699,0.18386362493038177,1.7881569862365723,1.6042933613061905,915,3521,0.13181211054325104,1,2.1606128215789795,1.7881569862365723,0.10893981903791428,664,0.002834641607478261,0.8384193778038025,0.0,0.0,1.881598949432373,0.85,0.027500001713633537,2.890279531478882,0.3994012773036957,0,,0,-1.7881569862365723,1.0,0,0.00047701087896712124,0.954021692276001,phase1_class1
668,2263.97,0.9643415363431811,0.11920292675495148,0.9779372361728731,0.7414337396621704,0.7021871572019238,0.5691734552383423,0.2967504560947418,0.5198065638542175,0.10167224599320548,0.1814098209142685,0.12991965900646374,0.10155331386959528,0.12991965900646374,0.19682368636131287,1.734443187713623,1.5376195013523102,915,3521,0.12037965655326843,1,2.1606128215789795,1.734443187713623,0.10226321965456009,664,0.001866320613771677,0.8427807688713074,0.0,0.0,1.9074444770812988,0.85,0.023500001057982445,2.909003973007202,0.39844849705696106,0,,0,-1.734443187713623,1.0,0,0.00048217078438028693,0.9643415212631226,phase1_class1
669,2267.35,0.9536784777770689,0.11920292675495148,0.9677960504667802,0.7418845891952515,0.6949054932073243,0.5513141751289368,0.2588996887207031,0.5229383111000061,0.08688571149217109,0.1814098209142685,0.08693091796245145,0.07694370036517231,0.08693091796245145,0.1912243366241455,1.7393219470977783,1.5480976104736328,915,3521,0.11458109319210052,1,2.1606128215789795,1.7393219470977783,0.1057838723063469,664,0.0012872845400124788,0.8445419669151306,0.0,0.0,1.8874146938323975,0.85,0.024500001221895218,2.875037670135498,0.3996086120605469,0,,0,-1.7393219470977783,1.0,0,0.00047683922457508743,0.9536784291267395,phase1_class1
670,2270.75,0.9569050042359803,0.11920292675495148,0.9735146552345497,0.7445897459983826,0.6990116164599331,0.5514183044433594,0.25704917311668396,0.5183206796646118,0.0715671622101893,0.1814098209142685,0.11228109532956634,0.0793608489838946,0.11228109532956634,0.20396946370601654,1.7552410364151,1.5512715727090836,915,3521,0.11881290376186371,1,2.1606128215789795,1.7552410364151,0.09558093547821045,664,0.002384352730587125,0.888396143913269,0.0,0.0,1.9150772094726562,0.85,0.011500000953674316,2.8834733963012695,0.42786040902137756,0,,0,-1.7552410364151,1.0,0,0.00047845253720879555,0.9569050073623657,phase1_class1
671,2274.17,0.9562703696823881,0.11920292675495148,0.9610037260929924,0.7369251847267151,0.690028408291846,0.5873029232025146,0.3388102054595947,0.5357348918914795,0.12596055206621318,0.1814098209142685,0.15881717867107864,0.12481280063239167,0.15881717867107864,0.22353340685367584,1.6297732591629028,1.406239852309227,915,3521,0.11412808299064636,1,2.1606128215789795,1.6297732591629028,0.10204161703586578,664,0.0008216289570555091,0.8239142298698425,0.0,0.0,1.900794506072998,0.85,0.03850000351667404,2.8870694637298584,0.3883466422557831,0,,0,-1.6297732591629028,1.0,0,0.0004781351890414953,0.9562703371047974,phase1_class1
672,2277.55,0.9523760415272409,0.11920292675495148,0.9672450885456327,0.734670877456665,0.6945098866481028,0.5656915903091431,0.29478731751441956,0.526134729385376,0.12210297931381267,0.1814098209142685,0.1634581680010095,0.12895678384663334,0.1634581680010095,0.20015208423137665,1.7446447610855103,1.5444926768541336,915,3521,0.14334000647068024,1,2.1606128215789795,1.7446447610855103,0.10381858795881271,664,0.00171588733792305,0.836333155632019,0.0,0.0,1.916947841644287,0.85,0.02850000187754631,2.8914942741394043,0.3954252004623413,0,,0,-1.7446447610855103,1.0,0,0.00047618805547244847,0.9523760676383972,phase1_class1
673,2280.93,0.9777944244049521,0.11920292675495148,0.9839694172064645,0.742560863494873,0.7065184372626783,0.578023374080658,0.3145258128643036,0.5214285850524902,0.11298951024531964,0.1814098209142685,0.13566831648462585,0.1089564860332868,0.13566831648462585,0.21247515082359314,1.6541335582733154,1.4416584074497223,915,3521,0.13314300775527954,1,2.1606128215789795,1.6541335582733154,0.10876426845788956,664,0.0013104297686368227,0.813966691493988,0.0,0.0,1.8850960731506348,0.85,0.0495000034570694,2.881620168685913,0.38345086574554443,0,,0,-1.6541335582733154,1.0,0,0.0004888972034677863,0.9777944087982178,phase1_class1
674,2284.33,0.953699329912736,0.11920292675495148,0.9678087815456549,0.7283588647842407,0.694914634489354,0.5690699815750122,0.30707302689552307,0.5365225672721863,0.11306866063571731,0.1814098209142685,0.15550819534218535,0.11959536359977402,0.15550819534218535,0.22944805026054382,1.739262342453003,1.509814292192459,915,3521,0.1333020031452179,1,2.1606128215789795,1.739262342453003,0.10304293036460876,664,0.0017029147129505873,0.8381683826446533,0.0,0.0,1.9215474128723145,0.85,0.02850000187754631,2.881918430328369,0.39594727754592896,0,,0,-1.739262342453003,1.0,0,0.00047684970195405185,0.9536993503570557,phase1_class1
675,2287.73,0.953164646567164,0.11920292675495148,0.9672223684664104,0.7416591644287109,0.6944935729755577,0.5578851103782654,0.2728426456451416,0.5215321779251099,0.09018240285065562,0.1814098209142685,0.10228403976388442,0.08460345491981251,0.10228403976388442,0.19369946420192719,1.7389507293701172,1.54525126516819,915,3521,0.11365707218647003,1,2.1606128215789795,1.7389507293701172,0.10580719262361526,664,0.0012772318441420794,0.8289870023727417,0.0,0.0,1.897123098373413,0.85,0.02850000187754631,2.8852741718292236,0.3943616449832916,0,,0,-1.7389507293701172,1.0,0,0.0004765823541674763,0.9531646370887756,phase1_class1
676,2291.12,0.942458386488743,0.11920292675495148,0.9665619192669407,0.7423354387283325,0.6940193513908813,0.5610048174858093,0.2788643538951874,0.5232276916503906,0.0775925244784222,0.1814098209142685,0.09370311689404243,0.07299896504108447,0.09370311689404243,0.19702863693237305,1.7939996719360352,1.596971035003662,915,3521,0.1213035136461258,1,2.1606128215789795,1.7939996719360352,0.09713124483823776,664,0.0020752365235239267,0.8850613832473755,0.0,0.0,1.913894772529602,0.85,0.005500000435858965,2.890068292617798,0.42528992891311646,0,,0,-1.7939996719360352,1.0,0,0.00047122922842390835,0.9424583911895752,phase1_class1
677,2294.51,0.9535217078741257,0.11920292675495148,0.9707941216103991,0.7414337396621704,0.6970581948077518,0.5720126032829285,0.3027355968952179,0.5205428004264832,0.11804054672744174,0.1814098209142685,0.15180662077088095,0.12019550178357907,0.15180662077088095,0.17579133808612823,1.7595072984695435,1.5837159603834152,915,3521,0.137442946434021,1,2.1606128215789795,1.7595072984695435,0.10934296995401382,664,0.0015445011667907238,0.8377733826637268,0.0,0.0,1.8801157474517822,0.85,0.03200000151991844,2.8677353858947754,0.3956187963485718,0,,0,-1.7595072984695435,1.0,0,0.0004767608770634979,0.953521728515625,phase1_class1
678,2297.91,0.9578569352799557,0.11920292675495148,0.9791474721169786,0.7509016990661621,0.7030561415351728,0.5620488524436951,0.2744583189487457,0.5152843594551086,0.08614511215299926,0.1814098209142685,0.12558713422414156,0.09175977141748316,0.12558713422414156,0.1778508722782135,1.779969334602356,1.6021184623241425,915,3521,0.12303566932678223,1,2.1606128215789795,1.779969334602356,0.12381253391504288,664,0.0015390909975394607,0.8278279304504395,0.0,0.0,1.8269023895263672,0.85,0.02250000089406967,2.867917060852051,0.3904642164707184,0,,0,-1.779969334602356,1.0,0,0.00047892850125208497,0.9578569531440735,phase1_class1
679,2301.32,0.960189282865042,0.11920292675495148,0.9691684607694742,0.7459422945976257,0.69589092341012,0.5692726969718933,0.29341691732406616,0.5211530923843384,0.10797075470673229,0.1814098209142685,0.136453498969448,0.10801110539084749,0.136453498969448,0.18763938546180725,1.6933903694152832,1.505750983953476,915,3521,0.13405904173851013,1,2.1606128215789795,1.6933903694152832,0.13086780905723572,664,0.0014143952867016196,0.7893682718276978,0.0,0.0,1.7915061712265015,0.85,0.03850000351667404,2.8723971843719482,0.36509019136428833,0,,0,-1.6933903694152832,1.0,0,0.0004800946335308254,0.9601892232894897,phase1_class1
680,2304.7,0.9691932530028622,0.11920292675495148,0.9779560389970574,0.7387285828590393,0.7022006581723061,0.5769866704940796,0.3154164254665375,0.5285950899124146,0.11101944150863749,0.1814098209142685,0.15550819534218535,0.11687740396488254,0.15550819534218535,0.20820352435112,1.690017819404602,1.481814295053482,915,3521,0.1402754783630371,1,2.1606128215789795,1.690017819404602,0.12087710201740265,664,0.0018681854708120227,0.7969015836715698,0.0,0.0,1.8343218564987183,0.85,0.05150000378489494,2.9115915298461914,0.37340420484542847,0,,0,-1.690017819404602,1.0,0,0.0004845966468565166,0.9691932201385498,phase1_class1
681,2308.23,0.9424229795127301,0.11920292675495148,0.9712571411559349,0.7475203275680542,0.6973906562034146,0.563999354839325,0.2811296582221985,0.5159205198287964,0.11398525319589102,0.1814098209142685,0.15054472034884536,0.11863646779479348,0.15054472034884536,0.15728695690631866,1.8119235038757324,1.6546365469694138,915,3521,0.1397174447774887,1,2.1606128215789795,1.8119235038757324,0.10919377952814102,664,0.001250062370672822,0.8472131490707397,0.0,0.0,1.8693513870239258,0.85,0.018000001087784767,2.891072988510132,0.40114447474479675,0,,0,-1.8119235038757324,1.0,0,0.0004712115041911602,0.9424229860305786,phase1_class1
682,2311.62,0.9516247267017642,0.11920292675495148,0.9689467441343024,0.7502254247665405,0.6957317244676962,0.5559887886047363,0.26231688261032104,0.5189464688301086,0.07329636544511231,0.1814098209142685,0.09858246519258004,0.07332710854304751,0.09858246519258004,0.1939726173877716,1.7599936723709106,1.566021054983139,915,3521,0.12417607009410858,1,2.1606128215789795,1.7599936723709106,0.1013726070523262,664,0.0011528199538588524,0.8631191849708557,0.0,0.0,1.91011643409729,0.85,0.017000000923871994,2.894115924835205,0.4131794273853302,0,,0,-1.7599936723709106,1.0,0,0.0004758123541250825,0.9516246914863586,phase1_class1
683,2315.01,0.9666738765003935,0.11920292675495148,0.9734903682533116,0.7416591644287109,0.6989941777065226,0.5552244782447815,0.2672634422779083,0.5182903409004211,0.08126665456131285,0.1814098209142685,0.08142061945289608,0.07062140415570453,0.08142061945289608,0.20275595784187317,1.6651611328125,1.4624051749706268,915,3521,0.107502281665802,1,2.1606128215789795,1.6651611328125,0.0907759889960289,664,0.0018626999808475375,0.8665383458137512,0.0,0.0,1.9458880424499512,0.85,0.015000000596046448,2.9099783897399902,0.41328805685043335,0,,0,-1.6651611328125,1.0,0,0.0004833369457628578,0.9666738510131836,phase1_class1
684,2318.4,0.9632495960545526,0.11920292675495148,0.9711008426799038,0.7400811910629272,0.6972784293871122,0.576493501663208,0.31328171491622925,0.522045373916626,0.12769689435595638,0.1814098209142685,0.1955805442997154,0.14443255094099589,0.1955805442997154,0.20275896787643433,1.679649829864502,1.4768908619880676,915,3521,0.13733801245689392,1,2.1606128215789795,1.679649829864502,0.10813359171152115,664,0.0013918718323111534,0.8292722105979919,0.0,0.0,1.8786265850067139,0.85,0.020000001415610313,2.8806610107421875,0.39020106196403503,0,,0,-1.679649829864502,1.0,0,0.0004816247965209186,0.9632495641708374,phase1_class1
685,2321.78,0.9719873203111229,0.11920292675495148,0.9791163299394235,0.7450405955314636,0.7030337805529773,0.5647535920143127,0.2846299707889557,0.5138069987297058,0.09711007956942189,0.1814098209142685,0.11251945429817306,0.0918999182185677,0.11251945429817306,0.19839784502983093,1.66909658908844,1.470698744058609,915,3521,0.11574253439903259,1,2.1606128215789795,1.66909658908844,0.12051312625408173,664,0.0016126621048897505,0.8458320498466492,0.0,0.0,1.842566728591919,0.85,0.036000002175569534,2.9064643383026123,0.4023023843765259,0,,0,-1.66909658908844,1.0,0,0.0004859937180299312,0.9719873666763306,phase1_class1
686,2325.17,0.9548888405492363,0.11920292675495148,0.971107110287965,0.7436880469322205,0.6972829297105728,0.5658757090568542,0.28804007172584534,0.5171350836753845,0.10716186875623697,0.1814098209142685,0.13235933315573253,0.10635290265847697,0.13235933315573253,0.17787234485149384,1.7530673742294312,1.5751950293779373,915,3521,0.12596142292022705,1,2.1606128215789795,1.7530673742294312,0.12026434391736984,664,0.0014902995899319649,0.8390218615531921,0.0,0.0,1.824796199798584,0.85,0.02250000089406967,2.89192271232605,0.3955620527267456,0,,0,-1.7530673742294312,1.0,0,0.0004774444387294352,0.9548888206481934,phase1_class1
687,2328.56,0.9701621007262056,0.11920292675495148,0.9724013713526438,0.736474335193634,0.6982122465052175,0.5911011695861816,0.3472920060157776,0.5314342975616455,0.13885244349670905,0.1814098209142685,0.1416553329313947,0.12372564074078363,0.1416553329313947,0.21936644613742828,1.553480863571167,1.3341144174337387,915,3521,0.12906888127326965,1,2.1606128215789795,1.553480863571167,0.10303479433059692,664,0.0015975722344592214,0.8570735454559326,0.0,0.0,1.8933547735214233,0.85,0.018000001087784767,2.9022128582000732,0.4073743522167206,0,,0,-1.553480863571167,1.0,0,0.00048508108011446893,0.9701620936393738,phase1_class1
688,2331.98,0.970688289795594,0.11920292675495148,0.9761235470901064,0.7353471517562866,0.7008848761004698,0.5773919224739075,0.31902554631233215,0.533396303653717,0.10467778807250175,0.1814098209142685,0.11953001219837073,0.09708583177629437,0.11953001219837073,0.23729190230369568,1.6421030759811401,1.4048111736774445,915,3521,0.11758112907409668,1,2.1606128215789795,1.6421030759811401,0.1119733601808548,664,0.0014984545996412635,0.8110905885696411,0.0,0.0,1.863917589187622,0.85,0.03200000151991844,2.890547513961792,0.3775157034397125,0,,0,-1.6421030759811401,1.0,0,0.00048534420784562826,0.9706883430480957,phase1_class1
689,2335.38,0.9555262097101347,0.11920292675495148,0.9810941520082983,0.742560863494873,0.7044539138750597,0.5650285482406616,0.2871410846710205,0.5174850225448608,0.11133573267654029,0.1814098209142685,0.1470815047461477,0.11548705796473192,0.1470815047461477,0.17251205444335938,1.7985204458236694,1.62600839138031,915,3521,0.1395205408334732,1,2.1606128215789795,1.7985204458236694,0.10171764343976974,664,0.001567517640069127,0.8375347852706909,0.0,0.0,1.9080955982208252,0.85,0.0430000014603138,2.8979084491729736,0.3956272304058075,0,,0,-1.7985204458236694,1.0,0,0.000477763096569106,0.9555261731147766,phase1_class1
690,2338.78,0.9624705670910391,0.11920292675495148,0.9784460876023579,0.7484220266342163,0.7025525272128934,0.5724292993545532,0.2981131970882416,0.5186151266098022,0.10241998438719749,0.1814098209142685,0.1689684665105649,0.11874443657472254,0.1689684665105649,0.18117544054985046,1.7507685422897339,1.5695931017398834,915,3521,0.1495790183544159,1,2.1606128215789795,1.7507685422897339,0.12184570729732513,664,0.001744900131598115,0.8009493947029114,0.0,0.0,1.833621859550476,0.85,0.04500000178813934,2.901596784591675,0.37288182973861694,0,,0,-1.7507685422897339,1.0,0,0.00048123529995791614,0.962470531463623,phase1_class1
691,2342.19,0.9496094105407971,0.11920292675495148,0.976319018116521,0.743913471698761,0.7010252299384018,0.5739120841026306,0.30477356910705566,0.5262149572372437,0.11629334065862434,0.1814098209142685,0.15180662077088095,0.11882391720657613,0.15180662077088095,0.18553988635540009,1.803510069847107,1.6179701834917068,915,3521,0.1352127641439438,1,2.1606128215789795,1.803510069847107,0.10637710988521576,664,0.0022692689672112465,0.836511492729187,0.0,0.0,1.891120433807373,0.85,0.02800000086426735,2.8973755836486816,0.39538148045539856,0,,0,-1.803510069847107,1.0,0,0.00047480472130700946,0.9496093988418579,phase1_class1
692,2345.59,0.958521371989588,0.11920292675495148,0.9711169034255611,0.7398557662963867,0.6972899614659803,0.5507636070251465,0.25930678844451904,0.5274950265884399,0.07680878041664144,0.1814098209142685,0.05953365768847885,0.05908409904546741,0.05953365768847885,0.21298500895500183,1.727407455444336,1.514422446489334,915,3521,0.09597283601760864,1,2.1606128215789795,1.727407455444336,0.10067297518253326,664,0.0018570462707430124,0.8553926348686218,0.0,0.0,1.9136420488357544,0.85,0.02250000089406967,2.8917641639709473,0.40957099199295044,0,,0,-1.727407455444336,1.0,0,0.00047926069237291813,0.9585213661193848,phase1_class1
693,2348.98,0.9686331360178737,0.11920292675495148,0.9720964130479065,0.7398557662963867,0.6979932776418305,0.5671606659889221,0.2937576472759247,0.5225602388381958,0.10390118306554119,0.1814098209142685,0.127872576099606,0.10230284192721378,0.127872576099606,0.2060544192790985,1.597246527671814,1.3911921083927155,915,3521,0.11446437239646912,1,2.1606128215789795,1.597246527671814,0.09870470315217972,664,0.0016088946722447872,0.8860248923301697,0.0,0.0,1.940116047859192,0.85,0.001500000013038516,2.9094619750976562,0.4259161949157715,0,,0,-1.597246527671814,1.0,0,0.0004843166097998619,0.9686331748962402,phase1_class1
694,2352.38,0.9697089700445478,0.11920292675495148,0.9799068320061675,0.7459422945976257,0.7036013838494642,0.5583677291870117,0.2705501914024353,0.520050585269928,0.07724736669755083,0.1814098209142685,0.09614279104331122,0.07424821322135236,0.09614279104331122,0.193049356341362,1.7051305770874023,1.5120812207460403,915,3521,0.11745858192443848,1,2.1606128215789795,1.7051305770874023,0.10149968415498734,664,0.0025101853534579277,0.8952153325080872,0.0,0.0,1.9132251739501953,0.85,0.0020000000949949026,2.892913341522217,0.43188992142677307,0,,0,-1.7051305770874023,1.0,0,0.0004848544776905328,0.9697089195251465,phase1_class1
695,2355.77,0.9658330309831485,0.11920292675495148,0.9851968890727388,0.7484220266342163,0.7073997974854443,0.5651170015335083,0.2827763557434082,0.5105341672897339,0.1120403263479234,0.1814098209142685,0.1662904333926894,0.12433897145814275,0.1662904333926894,0.17039132118225098,1.7696545124053955,1.5992631912231445,915,3521,0.1563129723072052,1,2.1606128215789795,1.7696545124053955,0.11686218529939651,664,0.0021394556388258934,0.8622550368309021,0.0,0.0,1.8383257389068604,0.85,0.015000000596046448,2.876197576522827,0.4107557535171509,0,,0,-1.7696545124053955,1.0,0,0.00048291657003574073,0.9658330678939819,phase1_class1
696,2359.2,0.964632178727226,0.11920292675495148,0.9798308372584228,0.7445897459983826,0.7035468174275026,0.5811555981636047,0.3195195198059082,0.524644672870636,0.12647456401326623,0.1814098209142685,0.15448465388875648,0.12449523630962123,0.15448465388875648,0.1892968714237213,1.7455583810806274,1.5562615096569061,915,3521,0.1446296125650406,1,2.1606128215789795,1.7455583810806274,0.10999643802642822,664,0.0017175700049847364,0.8630874156951904,0.0,0.0,1.8504260778427124,0.85,0.006000000052154064,2.88936710357666,0.4110603928565979,0,,0,-1.7455583810806274,1.0,0,0.0004823160998057574,0.9646321535110474,phase1_class1
697,2362.59,0.9660684630356445,0.11920292675495148,0.9844171594573504,0.7490983009338379,0.7068399291199055,0.5647425055503845,0.28147193789482117,0.5121009349822998,0.0921524715873378,0.1814098209142685,0.12007683571458616,0.09234581713125893,0.12007683571458616,0.1822878122329712,1.7642452716827393,1.581957459449768,915,3521,0.13364732265472412,1,2.1606128215789795,1.7642452716827393,0.09789517521858215,664,0.0017191710649058223,0.8628541827201843,0.0,0.0,1.9095491170883179,0.85,0.010500000789761543,2.8978447914123535,0.4110468924045563,0,,0,-1.7642452716827393,1.0,0,0.00048303426592610776,0.9660685062408447,phase1_class1
698,2366.05,0.9573317991924533,0.11920292675495148,0.9750120259729679,0.7416591644287109,0.7000867718617276,0.5757616758346558,0.31046929955482483,0.5200821757316589,0.11873800134400467,0.1814098209142685,0.17574066544215589,0.1305733907291151,0.17574066544215589,0.18437066674232483,1.7614424228668213,1.5770717561244965,915,3521,0.14585718512535095,1,2.1606128215789795,1.7614424228668213,0.11861278861761093,664,0.0022699455730617046,0.8049108982086182,0.0,0.0,1.836830735206604,0.85,0.04200000315904617,2.8987715244293213,0.37572938203811646,0,,0,-1.7614424228668213,1.0,0,0.00047866589738987386,0.9573317766189575,phase1_class1
699,2369.44,0.9534072824156548,0.11920292675495148,0.9697223606319002,0.734220027923584,0.6962886394959638,0.5876033306121826,0.34170854091644287,0.5348754525184631,0.1650136650821069,0.1814098209142685,0.22487065520674138,0.17659075269188412,0.22487065520674138,0.1845218688249588,1.7538175582885742,1.5692956894636154,915,3521,0.16324901580810547,1,2.1606128215789795,1.7538175582885742,0.10227277129888535,664,0.0015342575497925282,0.8201307654380798,0.0,0.0,1.9165112972259521,0.85,0.02200000174343586,2.8867204189300537,0.38364070653915405,0,,0,-1.7538175582885742,1.0,0,0.00047670365893281996,0.9534072875976562,phase1_class1
700,2372.83,0.922810266975926,0.11920292675495148,0.9862441672072478,0.7583408355712891,0.7081517734087137,0.5571434497833252,0.25864455103874207,0.5084167122840881,0.07942229526820344,0.1814098209142685,0.11779139383912171,0.08495580388261677,0.11779139383912171,0.1577862948179245,1.892870306968689,1.7350840121507645,915,3521,0.14165526628494263,1,2.1606128215789795,1.892870306968689,0.10354455560445786,664,0.0018901268485933542,0.8336271047592163,0.0,0.0,1.8829634189605713,0.85,0.02550000138580799,2.8836607933044434,0.39296630024909973,0,,0,-1.892870306968689,1.0,0,0.000461405172245577,0.9228103160858154,phase1_class1
701,2376.24,0.969648042558633,0.11920292675495148,0.9771040360262112,0.7479711771011353,0.7015888954518607,0.5716630816459656,0.2968553602695465,0.5181714296340942,0.10241998438719749,0.1814098209142685,0.1826670966475512,0.12499992741518719,0.1826670966475512,0.20579123497009277,1.6738204956054688,1.468029260635376,915,3521,0.12955987453460693,1,2.1606128215789795,1.6738204956054688,0.10748286545276642,664,0.002630355069413781,0.8494481444358826,0.0,0.0,1.8754273653030396,0.85,0.026000000536441803,2.8891735076904297,0.4038432240486145,0,,0,-1.6738204956054688,1.0,0,0.000484824093291536,0.9696481227874756,phase1_class1
702,2379.61,0.9554142741593443,0.11920292675495148,0.9747987314361284,0.75225430727005,0.699933620228954,0.5697792768478394,0.2895927429199219,0.5143470168113708,0.09846898313475896,0.1814098209142685,0.1114959128447442,0.09122521930350268,0.1114959128447442,0.17524604499340057,1.7708455324172974,1.5955994874238968,915,3521,0.11711519956588745,1,2.1606128215789795,1.7708455324172974,0.10074064135551453,664,0.001839388394728303,0.8243122696876526,0.0,0.0,1.9114776849746704,0.85,0.024500001221895218,2.8728902339935303,0.38827669620513916,0,,0,-1.7708455324172974,1.0,0,0.00047770715900696814,0.9554142951965332,phase1_class1
703,2382.99,0.9534473911666851,0.11920292675495148,0.9722290121309554,0.7520288825035095,0.6980884876100469,0.5534908771514893,0.25575101375579834,0.5137143731117249,0.06923393285874138,0.1814098209142685,0.10511630515556428,0.07423973954502097,0.10511630515556428,0.18492953479290009,1.7678918838500977,1.5829623490571976,915,3521,0.11848831176757812,1,2.1606128215789795,1.7678918838500977,0.09766687452793121,664,0.0022318223491311073,0.867071807384491,0.0,0.0,1.9268673658370972,0.85,0.01100000087171793,2.9001030921936035,0.41363954544067383,0,,0,-1.7678918838500977,1.0,0,0.0004767236823681742,0.9534473419189453,phase1_class1
704,2386.37,0.9779822634616188,0.11920292675495148,0.9871948850050613,0.7472948431968689,0.7088344162236662,0.5797373056411743,0.31437307596206665,0.5181989073753357,0.11244663168529806,0.1814098209142685,0.15999495239831185,0.11917120153117464,0.15999495239831185,0.20258845388889313,1.6941207647323608,1.4915323108434677,915,3521,0.14105722308158875,1,2.1606128215789795,1.6941207647323608,0.10092325508594513,664,0.0020305186044424772,0.8684679269790649,0.0,0.0,1.8880436420440674,0.85,0.017500000074505806,2.898538827896118,0.4161182641983032,0,,0,-1.6941207647323608,1.0,0,0.0004889911506325006,0.9779822826385498,phase1_class1
705,2389.77,0.9552490201825893,0.11920292675495148,0.9760504902836404,0.7479711771011353,0.7008324192051303,0.5456923246383667,0.2425474226474762,0.5139381885528564,0.07968116360385696,0.1814098209142685,0.09488089062127564,0.077017280190155,0.09488089062127564,0.18590861558914185,1.7779181003570557,1.5920094847679138,915,3521,0.10719828307628632,1,2.1606128215789795,1.7779181003570557,0.07998699694871902,664,0.0017520722467452288,0.8921291828155518,0.0,0.0,2.0104546546936035,0.85,0.014000000432133675,2.9020094871520996,0.4301750063896179,0,,0,-1.7779181003570557,1.0,0,0.0004776245332323015,0.955249011516571,phase1_class1
706,2393.15,0.9333273352430793,0.11920292675495148,0.9807075189360108,0.7509016990661621,0.7041763001715748,0.5661016702651978,0.28293317556381226,0.5173439383506775,0.1050263601839393,0.1814098209142685,0.17896552207624683,0.12575038902778565,0.17896552207624683,0.15393292903900146,1.8625576496124268,1.7086247205734253,915,3521,0.157868430018425,1,2.1606128215789795,1.8625576496124268,0.11508849263191223,664,0.002064970787614584,0.8068916201591492,0.0,0.0,1.8317559957504272,0.85,0.04050000011920929,2.905832529067993,0.37729987502098083,0,,0,-1.8625576496124268,1.0,0,0.00046666371054016054,0.9333273768424988,phase1_class1
707,2396.52,0.9255158818618132,0.11920292675495148,0.9714770950263395,0.7515780329704285,0.6975485894298652,0.527179479598999,0.20144927501678467,0.5144508481025696,0.06480833965760471,0.1814098209142685,0.08338357566495141,0.06579488916353832,0.08338357566495141,0.16014690697193146,1.860357403755188,1.7002104967832565,915,3521,0.12496230006217957,1,2.1606128215789795,1.860357403755188,0.1145503968000412,664,0.002708456013351679,0.8448121547698975,0.0,0.0,1.845175862312317,0.85,0.023500001057982445,2.897552490234375,0.4011306166648865,0,,0,-1.860357403755188,1.0,0,0.0004627579764928669,0.92551589012146,phase1_class1
708,2399.9,0.9401093183761666,0.11920292675495148,0.9804756174377389,0.7490983009338379,0.704009788203527,0.5419892072677612,0.2339986264705658,0.5109620690345764,0.07177202204415972,0.1814098209142685,0.1151133607212462,0.0820108475875013,0.1151133607212462,0.17062225937843323,1.8458126783370972,1.675190418958664,915,3521,0.14718782901763916,1,2.1606128215789795,1.8458126783370972,0.09866956621408463,664,0.002040569204837084,0.8654160499572754,0.0,0.0,1.906043291091919,0.85,0.012000000104308128,2.8976292610168457,0.41265130043029785,0,,0,-1.8458126783370972,1.0,0,0.00047005468513816595,0.9401093125343323,phase1_class1
709,2403.27,0.940118120417896,0.11920292675495148,0.9811603536184468,0.7481966018676758,0.7045014485416139,0.5468355417251587,0.2447599619626999,0.5173919200897217,0.06951794308310946,0.1814098209142685,0.09692797352813337,0.07191444165583381,0.09692797352813337,0.19487884640693665,1.8474723100662231,1.6525934636592865,915,3521,0.12533889710903168,1,2.1606128215789795,1.8474723100662231,0.12101050466299057,664,0.0022272546775639057,0.8109806180000305,0.0,0.0,1.8278127908706665,0.85,0.014500000514090061,2.905062198638916,0.3774530291557312,0,,0,-1.8474723100662231,1.0,0,0.00047005905071273446,0.9401180744171143,phase1_class1
710,2406.64,0.9443532181743927,0.11920292675495148,0.9786809270419082,0.7436880469322205,0.7027211487075633,0.5620105266571045,0.2799240052700043,0.5185639262199402,0.11581874870992623,0.1814098209142685,0.18203614643653343,0.13416463202553902,0.18203614643653343,0.1664348691701889,1.8291579484939575,1.6627230793237686,915,3521,0.15358519554138184,1,2.1606128215789795,1.8291579484939575,0.11876198649406433,664,0.0024464346934109926,0.778822660446167,0.0,0.0,1.8315922021865845,0.85,0.06000000238418579,2.898439884185791,0.36030882596969604,0,,0,-1.8291579484939575,1.0,0,0.0004721766454167664,0.9443532228469849,phase1_class1
711,2410.01,0.9725377534432704,0.11920292675495148,0.9823982062105728,0.7470694184303284,0.7053902624251118,0.5692829489707947,0.2925598919391632,0.51162189245224,0.10679156908665105,0.1814098209142685,0.14912858765300543,0.11297286356910419,0.14912858765300543,0.1742735505104065,1.7014752626419067,1.5272017121315002,915,3521,0.13754874467849731,1,2.1606128215789795,1.7014752626419067,0.12265540659427643,664,0.0017778283217921853,0.8492644429206848,0.0,0.0,1.828571081161499,0.85,0.016499999910593033,2.89176607131958,0.40265101194381714,0,,0,-1.7014752626419067,1.0,0,0.0004862688947468996,0.9725377559661865,phase1_class1
712,2413.38,0.8158350817751512,0.11920292675495148,0.982188241340516,0.7560865879058838,0.7052395015891767,0.5256052017211914,0.1949404776096344,0.5055818557739258,0.07523756756882592,0.1814098209142685,0.10463958721835084,0.08119449669706141,0.10463958721835084,0.13240273296833038,2.0016028881073,1.8692001551389694,915,3521,0.13625559210777283,1,2.1606128215789795,2.0016028881073,0.0901937335729599,664,0.0021163448691368103,0.8665961623191833,0.0,0.0,1.956229567527771,0.85,0.01100000087171793,2.8989641666412354,0.4132983982563019,0,,0,-2.0016028881073,1.0,0,0.00040791757055558264,0.8158351182937622,phase1_class1
713,2416.75,0.9768897322716762,0.11920292675495148,0.9832032021209584,0.744364321231842,0.7059682727196016,0.5758667588233948,0.3085365891456604,0.5205183029174805,0.10285143161328672,0.1814098209142685,0.09701210022293574,0.08628718293388829,0.09701210022293574,0.20934200286865234,1.6564438343048096,1.4471018314361572,915,3521,0.11315023899078369,1,2.1606128215789795,1.6564438343048096,0.10591015219688416,664,0.0017084209248423576,0.8524982333183289,0.0,0.0,1.8733484745025635,0.85,0.036000002175569534,2.8902952671051025,0.40626537799835205,0,,0,-1.6564438343048096,1.0,0,0.0004884448717348278,0.9768897294998169,phase1_class1
714,2420.16,0.9365687737988212,0.11920292675495148,0.979103402997797,0.7344454526901245,0.7030244986358395,0.5675082206726074,0.2988095283508301,0.5241779685020447,0.14450378137110204,0.1814098209142685,0.16857587526815382,0.14375999428266742,0.16857587526815382,0.15446773171424866,1.8514224290847778,1.6969546973705292,915,3521,0.15802088379859924,1,2.1606128215789795,1.8514224290847778,0.12439388036727905,664,0.0019760194700211287,0.7960193753242493,0.0,0.0,1.8061672449111938,0.85,0.04200000315904617,2.884723663330078,0.37018638849258423,0,,0,-1.8514224290847778,1.0,0,0.0004682843864429742,0.9365687370300293,phase1_class1
715,2423.53,0.9713980329305698,0.11920292675495148,0.9751289560358632,0.7376014590263367,0.7001707310212921,0.5806222558021545,0.32404181361198425,0.5292541980743408,0.12614027001146905,0.1814098209142685,0.1677906927833317,0.13031167319666742,0.1677906927833317,0.22216275334358215,1.604404091835022,1.3822413384914398,915,3521,0.1356002390384674,1,2.1606128215789795,1.604404091835022,0.09626208245754242,664,0.0015768371522426605,0.8620783090591431,0.0,0.0,1.951899766921997,0.85,0.01900000125169754,2.894909381866455,0.4105221629142761,0,,0,-1.604404091835022,1.0,0,0.0004856990126427263,0.9713979959487915,phase1_class1
716,2426.91,0.9438781523598734,0.11920292675495148,0.9647341280660358,0.7450405955314636,0.6927069445616405,0.5361208915710449,0.22481149435043335,0.5161311030387878,0.06934536419267379,0.1814098209142685,0.10897211200067303,0.0789276184676575,0.10897211200067303,0.18907888233661652,1.7793771028518677,1.5902982205152512,915,3521,0.12423081696033478,1,2.1606128215789795,1.7793771028518677,0.09918428957462311,664,0.002095582662150264,0.8726727366447449,0.0,0.0,1.8996143341064453,0.85,0.012000000104308128,2.87443470954895,0.41793516278266907,0,,0,-1.7793771028518677,1.0,0,0.00047193909995257854,0.943878173828125,phase1_class1
717,2430.28,0.9636873368048725,0.11920292675495148,0.9819273521549604,0.7509016990661621,0.7050521756251231,0.5726386308670044,0.29662635922431946,0.5143491625785828,0.11216976051575014,0.1814098209142685,0.16487430069684947,0.12244325665416578,0.16487430069684947,0.1670204997062683,1.7638980150222778,1.5968775153160095,915,3521,0.1423969715833664,1,2.1606128215789795,1.7638980150222778,0.10466798394918442,664,0.002069951267912984,0.8487793803215027,0.0,0.0,1.897925615310669,0.85,0.02500000037252903,2.8924074172973633,0.404048353433609,0,,0,-1.7638980150222778,1.0,0,0.0004818436864297837,0.9636873006820679,phase1_class1
718,2433.65,0.9697600830204259,0.11920292675495148,0.9721136489700755,0.7328674793243408,0.6980056535313477,0.5834146738052368,0.3338954448699951,0.5308299660682678,0.12167525681197748,0.1814098209142685,0.12732575258339057,0.10905028124247136,0.12732575258339057,0.23722362518310547,1.558502197265625,1.3212785720825195,915,3521,0.11770310997962952,1,2.1606128215789795,1.558502197265625,0.11688844114542007,664,0.0017453632317483425,0.8490849733352661,0.0,0.0,1.842042088508606,0.85,0.012000000104308128,2.8956716060638428,0.4021560251712799,0,,0,-1.558502197265625,1.0,0,0.00048488005995750427,0.9697600603103638,phase1_class1
719,2437.02,0.9543618297029499,0.11920292675495148,0.9726661777932378,0.7457168698310852,0.6984023851714342,0.5674062967300415,0.2896725535392761,0.51870197057724,0.11011340233385014,0.1814098209142685,0.1470815047461477,0.1143162158547512,0.1470815047461477,0.1776656061410904,1.7652226686477661,1.5875570625066757,915,3521,0.13336630165576935,1,2.1606128215789795,1.7652226686477661,0.09804053604602814,664,0.001817212556488812,0.8441638350486755,0.0,0.0,1.9026485681533813,0.85,0.015500000678002834,2.889646053314209,0.3989982604980469,0,,0,-1.7652226686477661,1.0,0,0.00047718093264847994,0.9543617963790894,phase1_class1
720,2440.39,0.9598717897175271,0.11920292675495148,0.9628973271785423,0.7373760342597961,0.6913880685174247,0.5811843276023865,0.3254198133945465,0.5278086066246033,0.13169104033100382,0.1814098209142685,0.1845599472806046,0.1408666533038766,0.1845599472806046,0.21011818945407867,1.5846400260925293,1.3745218366384506,915,3521,0.12345671653747559,1,2.1606128215789795,1.5846400260925293,0.11875444650650024,664,0.001989506185054779,0.8418657183647156,0.0,0.0,1.8549546003341675,0.85,0.03200000151991844,2.8656060695648193,0.39778932929039,0,,0,-1.5846400260925293,1.0,0,0.0004799359303433448,0.9598718285560608,phase1_class1
721,2443.77,0.9419919248817213,0.11920292675495148,0.9693568807368199,0.7468439936637878,0.6960262143841588,0.5530510544776917,0.25874584913253784,0.5146757364273071,0.09213446875344343,0.1814098209142685,0.12700326691998148,0.0974023677105771,0.12700326691998148,0.17135004699230194,1.8067396879196167,1.6353896409273148,915,3521,0.13127119839191437,1,2.1606128215789795,1.8067396879196167,0.10320030897855759,664,0.002073107985779643,0.8728640675544739,0.0,0.0,1.8946902751922607,0.85,0.014000000432133675,2.899456739425659,0.41799551248550415,0,,0,-1.8067396879196167,1.0,0,0.0004709959903266281,0.941991925239563,phase1_class1
722,2447.16,0.9658189817082921,0.11920292675495148,0.9728287438773305,0.7330929040908813,0.6985191123111975,0.5853351950645447,0.3378075957298279,0.5325813293457031,0.14350803842053067,0.1814098209142685,0.1766099746217804,0.143172571977527,0.1766099746217804,0.21004191040992737,1.6680458784103394,1.458003968000412,915,3521,0.13920876383781433,1,2.1606128215789795,1.6680458784103394,0.11503303050994873,664,0.0017504342831671238,0.8075116276741028,0.0,0.0,1.8533556461334229,0.85,0.03550000116229057,2.8986623287200928,0.37579506635665894,0,,0,-1.6680458784103394,1.0,0,0.0004829095269087702,0.9658190011978149,phase1_class1
723,2450.57,0.915973135718598,0.11920292675495148,0.9648755409729207,0.7416591644287109,0.6928084831097234,0.5651955008506775,0.2881987392902374,0.5261373519897461,0.11223090807225344,0.1814098209142685,0.17857293083383577,0.1300409209659999,0.17857293083383577,0.16985301673412323,1.8675967454910278,1.6977437287569046,915,3521,0.1426818072795868,1,2.1606128215789795,1.8675967454910278,0.10968390852212906,664,0.0013026022352278233,0.8021513223648071,0.0,0.0,1.8557831048965454,0.85,0.020000001415610313,2.880913019180298,0.37243756651878357,0,,0,-1.8675967454910278,1.0,0,0.0004579866072162986,0.9159731864929199,phase1_class1
724,2453.96,0.9642945733379054,0.11920292675495148,0.981764394345364,0.7497745752334595,0.7049351672151436,0.5625670552253723,0.276401549577713,0.5081881880760193,0.1057921014118257,0.1814098209142685,0.1581021017652585,0.11749323331738327,0.1581021017652585,0.1636139452457428,1.7595210075378418,1.595907062292099,915,3521,0.1320541948080063,1,2.1606128215789795,1.7595210075378418,0.09361903369426727,664,0.0030504167079925537,0.8942015767097473,0.0,0.0,1.935504674911499,0.85,0.0020000000949949026,2.9010486602783203,0.4312310516834259,0,,0,-1.7595210075378418,1.0,0,0.0004821473266929388,0.9642946124076843,phase1_class1
725,2457.35,0.969075686104438,0.11920292675495148,0.9727801699148544,0.7357980012893677,0.6984842348043765,0.5832217931747437,0.33105024695396423,0.527035117149353,0.12226841914942818,0.1814098209142685,0.17904964877104923,0.1325621419433011,0.17904964877104923,0.2404559850692749,1.6039316654205322,1.3634756803512573,915,3521,0.1309189796447754,1,2.1606128215789795,1.6039316654205322,0.10950468480587006,664,0.0015938905999064445,0.8601760864257812,0.0,0.0,1.8769984245300293,0.85,0.015000000596046448,2.8919787406921387,0.41073232889175415,0,,0,-1.6039316654205322,1.0,0,0.00048453788622282445,0.9690757393836975,phase1_class1
726,2460.74,0.9555293824005873,0.11920292675495148,0.9719207241594354,0.7394048571586609,0.6978671279498214,0.5864133834838867,0.3348676860332489,0.524766206741333,0.14720731039213586,0.1814098209142685,0.20951753340530838,0.15986490811498483,0.20951753340530838,0.1855224072933197,1.7540615797042847,1.568539172410965,915,3521,0.157511904835701,1,2.1606128215789795,1.7540615797042847,0.11104618012905121,664,0.001367152901366353,0.8240453600883484,0.0,0.0,1.8685733079910278,0.85,0.020500000566244125,2.8915088176727295,0.3869619369506836,0,,0,-1.7540615797042847,1.0,0,0.00047776472638361156,0.9555293917655945,phase1_class1
727,2464.12,0.9243776482962937,0.11920292675495148,0.9755625961686112,0.7529305815696716,0.7004820971507327,0.5405471920967102,0.2281690239906311,0.5093964338302612,0.07892256143079074,0.1814098209142685,0.1069250290938153,0.08248754106358701,0.1069250290938153,0.15299615263938904,1.871245265007019,1.71824911236763,915,3521,0.13321803510189056,1,2.1606128215789795,1.871245265007019,0.09615574777126312,664,0.002322693355381489,0.8623728156089783,0.0,0.0,1.9175066947937012,0.85,0.015000000596046448,2.883450984954834,0.4116068184375763,0,,0,-1.871245265007019,1.0,0,0.00046218885108828545,0.9243776798248291,phase1_class1
728,2467.51,0.9607898725459094,0.11920292675495148,0.9703667490857127,0.7434625625610352,0.6967513290017721,0.5614076852798462,0.2788339853286743,0.5221368670463562,0.10451948729170643,0.1814098209142685,0.1221239186214439,0.10104705768386765,0.1221239186214439,0.17729352414608002,1.6997720003128052,1.5224784761667252,915,3521,0.127335324883461,1,2.1606128215789795,1.6997720003128052,0.1314263641834259,664,0.002211456187069416,0.8357478380203247,0.0,0.0,1.7972867488861084,0.85,0.018000001087784767,2.889064311981201,0.3941335678100586,0,,0,-1.6997720003128052,1.0,0,0.0004803949559573084,0.9607898592948914,phase1_class1
729,2470.9,0.9627095704570942,0.11920292675495148,0.9717883209391383,0.7432371377944946,0.697772058616713,0.5646864175796509,0.28589341044425964,0.5197651386260986,0.10934766110596375,0.1814098209142685,0.15975659342970513,0.12005153279546327,0.15975659342970513,0.1911908984184265,1.694231629371643,1.5030407309532166,915,3521,0.11517620086669922,1,2.1606128215789795,1.694231629371643,0.10257008671760559,664,0.0018700785003602505,0.8385536670684814,0.0,0.0,1.899140477180481,0.85,0.024500001221895218,2.876940965652466,0.3964521586894989,0,,0,-1.694231629371643,1.0,0,0.0004813548002857715,0.9627095460891724,phase1_class1
730,2474.28,0.9542895652078179,0.11920292675495148,0.9767506996217499,0.749549150466919,0.7013351897167609,0.5578269958496094,0.2666666507720947,0.5115752220153809,0.10177281354806368,0.1814098209142685,0.17731103041180019,0.12453846460759418,0.17731103041180019,0.1710026115179062,1.7856947183609009,1.6146921068429947,915,3521,0.14837302267551422,1,2.1606128215789795,1.7856947183609009,0.09606903791427612,664,0.0016179713420569897,0.8698527812957764,0.0,0.0,1.944023609161377,0.85,0.004500000271946192,2.8903043270111084,0.4154043197631836,0,,0,-1.7856947183609009,1.0,0,0.00047714481479488313,0.9542895555496216,phase1_class1
731,2477.65,0.9261343895401687,0.11920292675495148,0.9677794021328671,0.7380523085594177,0.6948935392231317,0.5645725131034851,0.2897310256958008,0.5293160676956177,0.11135373551043468,0.1814098209142685,0.15424629492014974,0.11884350106559631,0.15424629492014974,0.18158859014511108,1.8504289388656616,1.6688403487205505,915,3521,0.15212547779083252,1,2.1606128215789795,1.8504289388656616,0.12369032204151154,664,0.0017928752349689603,0.8166770339012146,0.0,0.0,1.8167493343353271,0.85,0.03450000286102295,2.882272243499756,0.38184425234794617,0,,0,-1.8504289388656616,1.0,0,0.0004630672337953001,0.9261344075202942,phase1_class1
732,2481.06,0.9653164079088838,0.11920292675495148,0.9880895860558256,0.750450849533081,0.709476837397688,0.567529022693634,0.28626692295074463,0.5127743482589722,0.0954743048345369,0.1814098209142685,0.15361534470913196,0.10872198986752554,0.15361534470913196,0.17920905351638794,1.7859253883361816,1.6067163348197937,915,3521,0.13824360072612762,1,2.1606128215789795,1.7859253883361816,0.08398570865392685,664,0.002208124613389373,0.8821765184402466,0.0,0.0,1.9633089303970337,0.85,0.011500000953674316,2.909200429916382,0.4235600233078003,0,,0,-1.7859253883361816,1.0,0,0.00048265824443660676,0.9653164148330688,phase1_class1
733,2484.44,0.9695587700483214,0.11920292675495148,0.9793529321437413,0.7448151707649231,0.7032036677636205,0.5700914859771729,0.29601991176605225,0.5136802196502686,0.122678138817369,0.1814098209142685,0.16999200796399377,0.13129141846383857,0.16999200796399377,0.17468106746673584,1.7011076211929321,1.5264265537261963,915,3521,0.1346418708562851,1,2.1606128215789795,1.7011076211929321,0.12343163043260574,664,0.002347744069993496,0.7893059253692627,0.0,0.0,1.82528555393219,0.85,0.04400000348687172,2.9044737815856934,0.3672036826610565,0,,0,-1.7011076211929321,1.0,0,0.00048477944801561534,0.969558835029602,phase1_class1
734,2487.83,0.9630713559226166,0.11920292675495148,0.9663999407711039,0.7294860482215881,0.6939030461564426,0.5758134722709656,0.3204983174800873,0.5299530029296875,0.13037528148827565,0.1814098209142685,0.18660703018746233,0.142048921359137,0.18660703018746233,0.22322340309619904,1.5938550233840942,1.3706316202878952,915,3521,0.1401733160018921,1,2.1606128215789795,1.5938550233840942,0.09044134616851807,664,0.0017174682579934597,0.8589159250259399,0.0,0.0,1.9423846006393433,0.85,0.021000001579523087,2.882382869720459,0.4092230200767517,0,,0,-1.5938550233840942,1.0,0,0.00048153570969589055,0.963071346282959,phase1_class1
735,2491.2,0.9498308237799852,0.11920292675495148,0.9697337206715115,0.7427862882614136,0.6962967963322364,0.5639220476150513,0.28463947772979736,0.5204520225524902,0.11072456750519521,0.1814098209142685,0.1145665372050308,0.10081450599775585,0.1145665372050308,0.17793506383895874,1.7740708589553833,1.5961357951164246,915,3521,0.13640575110912323,1,2.1606128215789795,1.7740708589553833,0.09680424630641937,664,0.0020098076201975346,0.8614792227745056,0.0,0.0,1.9075345993041992,0.85,0.014000000432133675,2.8887171745300293,0.41022056341171265,0,,0,-1.7740708589553833,1.0,0,0.0004749154031742364,0.9498307704925537,phase1_class1
736,2494.57,0.9241597638964061,0.11920292675495148,0.965412204913178,0.7389540076255798,0.6931938233060502,0.5656603574752808,0.291309654712677,0.5194398760795593,0.11767024705785582,0.1814098209142685,0.1994363511448241,0.14242963675348735,0.1994363511448241,0.1794264167547226,1.8496954441070557,1.670269027352333,915,3521,0.1660236269235611,1,2.1606128215789795,1.8496954441070557,0.08385878056287766,664,0.0014830643776804209,0.8374573588371277,0.0,0.0,1.986292839050293,0.85,0.0215000007301569,2.8763668537139893,0.3957482874393463,0,,0,-1.8496954441070557,1.0,0,0.0004620799154508859,0.9241597652435303,phase1_class1
737,2497.94,0.949124704696851,0.11920292675495148,0.9668588471988493,0.7394048571586609,0.6942325542148342,0.5639256834983826,0.28729960322380066,0.5263698697090149,0.10049306037312425,0.1814098209142685,0.1501521291064343,0.11087918381104891,0.1501521291064343,0.2041553258895874,1.7626081705093384,1.558452844619751,915,3521,0.13805511593818665,1,2.1606128215789795,1.7626081705093384,0.09356889873743057,664,0.0014791343128308654,0.8575891256332397,0.0,0.0,1.9423848390579224,0.85,0.017500000074505806,2.893549919128418,0.4084690809249878,0,,0,-1.7626081705093384,1.0,0,0.00047456237371079624,0.9491246938705444,phase1_class1
738,2501.31,0.9616047135567997,0.11920292675495148,0.9757745196661871,0.7472948431968689,0.7006342643377492,0.5611670613288879,0.2753716707229614,0.5187712907791138,0.0846999191424443,0.1814098209142685,0.12968130003785702,0.09299548128321392,0.12968130003785702,0.2041674703359604,1.7388639450073242,1.5346964746713638,915,3521,0.13680492341518402,1,2.1606128215789795,1.7388639450073242,0.08574628084897995,664,0.001120947184972465,0.8889607787132263,0.0,0.0,1.9650583267211914,0.85,0.013500000350177288,2.8834850788116455,0.42961445450782776,0,,0,-1.7388639450073242,1.0,0,0.0004808023804798722,0.9616047143936157,phase1_class1
739,2504.68,0.8715388416634278,0.11920292675495148,0.9866825080460419,0.7554103136062622,0.7084665147807498,0.5396283268928528,0.22444601356983185,0.5072758793830872,0.07433525311829259,0.1814098209142685,0.1312516650075013,0.09071583982384805,0.1312516650075013,0.14365461468696594,1.9582048654556274,1.8145502507686615,915,3521,0.14265529811382294,1,2.1606128215789795,1.9582048654556274,0.097574383020401,664,0.0028956797905266285,0.8699557185173035,0.0,0.0,1.9156949520111084,0.85,0.00800000037997961,2.90354323387146,0.41561511158943176,0,,0,-1.9582048654556274,1.0,0,0.0004357694706413895,0.8715388774871826,phase1_class1
740,2508.07,0.9675105183499059,0.11920292675495148,0.9791155464884159,0.749549150466919,0.7030332180125447,0.5664069056510925,0.28461045026779175,0.5129692554473877,0.08640398048865279,0.1814098209142685,0.13786963166528793,0.09669656533592308,0.13786963166528793,0.19031086564064026,1.718284249305725,1.5279733836650848,915,3521,0.1252288967370987,1,2.1606128215789795,1.718284249305725,0.0957321971654892,664,0.001668303506448865,0.8581697344779968,0.0,0.0,1.9294642210006714,0.85,0.013000000268220901,2.9049859046936035,0.40983229875564575,0,,0,-1.718284249305725,1.0,0,0.0004837552842218429,0.9675105214118958,phase1_class1
741,2511.48,0.9621912260055574,0.11920292675495148,0.9725819568099127,0.7418845891952515,0.6983419120749302,0.5755419731140137,0.30982518196105957,0.5238380432128906,0.10687071947704872,0.1814098209142685,0.11582843762706635,0.09706273462643747,0.11582843762706635,0.19225172698497772,1.7077826261520386,1.5155308991670609,915,3521,0.12495514750480652,1,2.1606128215789795,1.7077826261520386,0.11238467693328857,664,0.0019066603854298592,0.8302851915359497,0.0,0.0,1.8608205318450928,0.85,0.02250000089406967,2.8731260299682617,0.3903098404407501,0,,0,-1.7077826261520386,1.0,0,0.0004810956306755543,0.9621912240982056,phase1_class1
742,2514.87,0.9614304613716343,0.11920292675495148,0.9694477610537102,0.7373760342597961,0.6960914690743397,0.5724760293960571,0.3069601356983185,0.5260934233665466,0.11311894441314642,0.1814098209142685,0.16101849385174072,0.12141402590374574,0.16101849385174072,0.2086053043603897,1.6819307804107666,1.473325476050377,915,3521,0.13247159123420715,1,2.1606128215789795,1.6819307804107666,0.10951509326696396,664,0.0015882726293057203,0.8404089212417603,0.0,0.0,1.8713237047195435,0.85,0.014500000514090061,2.883148670196533,0.39716148376464844,0,,0,-1.6819307804107666,1.0,0,0.0004807152727153152,0.9614304900169373,phase1_class1
743,2518.27,0.9673200795233212,0.11920292675495148,0.9854846114553073,0.7509016990661621,0.7076063904593143,0.5704891681671143,0.29212042689323425,0.5125753879547119,0.10795275187283793,0.1814098209142685,0.14503442183928997,0.11154061282287031,0.14503442183928997,0.17493844032287598,1.7631070613861084,1.5881686210632324,915,3521,0.1310981810092926,1,2.1606128215789795,1.7631070613861084,0.08818355202674866,664,0.002436891198158264,0.8537407517433167,0.0,0.0,1.947323203086853,0.85,0.012500000186264515,2.9069650173187256,0.4056721329689026,0,,0,-1.7631070613861084,1.0,0,0.00048366005648858845,0.9673200845718384,phase1_class1
744,2521.66,0.9702446073792458,0.11920292675495148,0.9756101908173272,0.7423354387283325,0.7005162714820127,0.5846974849700928,0.3288314938545227,0.5262948870658875,0.11523645015154971,0.1814098209142685,0.13936989105593023,0.1105897245058405,0.13936989105593023,0.2064262181520462,1.6408581733703613,1.4344319552183151,915,3521,0.11870023608207703,1,2.1606128215789795,1.6408581733703613,0.12689121067523956,664,0.0025908243842422962,0.8248583078384399,0.0,0.0,1.8090111017227173,0.85,0.032999999821186066,2.889061212539673,0.38861140608787537,0,,0,-1.6408581733703613,1.0,0,0.00048512229113839567,0.9702445268630981,phase1_class1
745,2525.05,0.9561623291398699,0.11920292675495148,0.9744085728343064,0.7452660202980042,0.6996534750935224,0.557418167591095,0.2690815031528473,0.5180621147155762,0.09267734731346504,0.1814098209142685,0.13928576436112786,0.10253570250952014,0.13928576436112786,0.19055885076522827,1.7647156715393066,1.5741568207740784,915,3521,0.13010570406913757,1,2.1606128215789795,1.7647156715393066,0.09449562430381775,664,0.0015552070690318942,0.8619028925895691,0.0,0.0,1.934709906578064,0.85,0.005500000435858965,2.885042428970337,0.4104065001010895,0,,0,-1.7647156715393066,1.0,0,0.0004780812014359981,0.9561623334884644,phase1_class1
746,2528.46,0.9586407033922777,0.11920292675495148,0.9642354614996506,0.7362489104270935,0.6923488875762945,0.549074649810791,0.2585551142692566,0.5253409743309021,0.08937351690016032,0.1814098209142685,0.12046942695699725,0.09388008463731487,0.12046942695699725,0.20107229053974152,1.6462435722351074,1.445171281695366,915,3521,0.10687768459320068,1,2.1606128215789795,1.6462435722351074,0.09302393347024918,664,0.0016649586614221334,0.872393012046814,0.0,0.0,1.957660436630249,0.85,0.007000000216066837,2.874943494796753,0.4171839654445648,0,,0,-1.6462435722351074,1.0,0,0.0004793203843291849,0.9586406946182251,phase1_class1
747,2531.85,0.9614144216941729,0.11920292675495148,0.9805140065371152,0.7430117130279541,0.7040373526847242,0.5645173788070679,0.2857142984867096,0.5194319486618042,0.0986164201364801,0.1814098209142685,0.14503442183928997,0.10735443212103729,0.14503442183928997,0.192579448223114,1.7687386274337769,1.5761591792106628,915,3521,0.1363765001296997,1,2.1606128215789795,1.7687386274337769,0.1052953451871872,664,0.0017928354209288955,0.8580324649810791,0.0,0.0,1.8820972442626953,0.85,0.00950000062584877,2.8779103755950928,0.40783026814460754,0,,0,-1.7687386274337769,1.0,0,0.0004807072109542787,0.9614143967628479,phase1_class1
748,2535.24,0.9530678870247251,0.11920292675495148,0.9782948815578767,0.7484220266342163,0.7024439569094029,0.5394792556762695,0.22928179800510406,0.5115191340446472,0.06484434532539346,0.1814098209142685,0.08157485172670043,0.06346432199266197,0.08157485172670043,0.17108234763145447,1.7974356412887573,1.6263532936573029,915,3521,0.11005730926990509,1,2.1606128215789795,1.7974356412887573,0.09623946994543076,664,0.00179930473677814,0.8527156114578247,0.0,0.0,1.9122527837753296,0.85,0.008500000461935997,2.8951773643493652,0.4042835235595703,0,,0,-1.7974356412887573,1.0,0,0.0004765339836012572,0.9530678987503052,phase1_class1
749,2538.62,0.9573536932317441,0.11920292675495148,0.9688276595811357,0.7398557662963867,0.6956462183219418,0.5805128812789917,0.32197415828704834,0.5232754945755005,0.14111366151257948,0.1814098209142685,0.20683950028743286,0.15637234504355063,0.20683950028743286,0.19395828247070312,1.7182034254074097,1.5242451429367065,915,3521,0.1411789357662201,1,2.1606128215789795,1.7182034254074097,0.10183662921190262,664,0.0014144002925604582,0.8079487681388855,0.0,0.0,1.9196699857711792,0.85,0.018000001087784767,2.879425048828125,0.37542223930358887,0,,0,-1.7182034254074097,1.0,0,0.00047867686953395605,0.9573537111282349,phase1_class1
750,2542.04,0.9640204023112388,0.11920292675495148,0.9800936850714977,0.7445897459983826,0.7037355497426377,0.5622467398643494,0.279720276594162,0.5172914862632751,0.08244584018139407,0.1814098209142685,0.07795740385019842,0.06849671459334941,0.07795740385019842,0.1872437745332718,1.7512177228927612,1.5639739483594894,915,3521,0.11891092360019684,1,2.1606128215789795,1.7512177228927612,0.10345286875963211,664,0.0027219108305871487,0.8607037663459778,0.0,0.0,1.8967394828796387,0.85,0.012500000186264515,2.90067982673645,0.40970462560653687,0,,0,-1.7512177228927612,1.0,0,0.00048201021854765713,0.9640203714370728,phase1_class1
751,2545.42,0.9601361118194119,0.11920292675495148,0.9792044681777868,0.7398557662963867,0.7030970663516439,0.5712096691131592,0.3022974729537964,0.5200628042221069,0.13298879633983765,0.1814098209142685,0.1969966769955553,0.1491050475911313,0.1969966769955553,0.1749466061592102,1.768708348274231,1.5937617421150208,915,3521,0.15826892852783203,1,2.1606128215789795,1.768708348274231,0.101224385201931,664,0.0022482506465166807,0.8359687924385071,0.0,0.0,1.9031988382339478,0.85,0.030000001192092896,2.8683879375457764,0.39369627833366394,0,,0,-1.768708348274231,1.0,0,0.00048006809083744884,0.9601361155509949,phase1_class1
752,2548.8,0.9802398214300161,0.11920292675495148,0.9882274734331764,0.7493237257003784,0.7095758445138245,0.5671136379241943,0.28626444935798645,0.5098055005073547,0.11536215959512247,0.1814098209142685,0.1988054009338063,0.14039991434819807,0.1988054009338063,0.1864151507616043,1.6796225309371948,1.4932073801755905,915,3521,0.14956733584403992,1,2.1606128215789795,1.6796225309371948,0.08256401866674423,664,0.002287738025188446,0.9124393463134766,0.0,0.0,1.9831385612487793,0.85,0.0010000000474974513,2.897068977355957,0.44308558106422424,0,,0,-1.6796225309371948,1.0,0,0.0004901199718005955,0.9802398681640625,phase1_class1
753,2552.17,0.9588812877899998,0.11920292675495148,0.9749381857154945,0.7481966018676758,0.7000337524259557,0.5640652179718018,0.2807469367980957,0.5179853439331055,0.10430376367866183,0.1814098209142685,0.16424335048583166,0.1191670635815525,0.16424335048583166,0.16981655359268188,1.7516502141952515,1.5818336606025696,915,3521,0.13449640572071075,1,2.1606128215789795,1.7516502141952515,0.09620438516139984,664,0.0018561030738055706,0.8354166746139526,0.0,0.0,1.9199934005737305,0.85,0.023500001057982445,2.8671188354492188,0.39339539408683777,0,,0,-1.7516502141952515,1.0,0,0.0004794406413566321,0.9588812589645386,phase1_class1
754,2555.55,0.9443544406751232,0.11920292675495148,0.9803663260221687,0.7472948431968689,0.7039313138131804,0.5575474500656128,0.26779884099960327,0.5162297487258911,0.08566338114948094,0.1814098209142685,0.12149296841042612,0.09049044885959989,0.12149296841042612,0.17463277280330658,1.8339475393295288,1.6593147665262222,915,3521,0.13213799893856049,1,2.1606128215789795,1.8339475393295288,0.10217742621898651,664,0.0029913634061813354,0.8690146803855896,0.0,0.0,1.8897380828857422,0.85,0.010000000707805157,2.9074041843414307,0.41510269045829773,0,,0,-1.8339475393295288,1.0,0,0.000472177256597206,0.9443544745445251,phase1_class1
755,2558.93,0.9635551141313539,0.11920292675495148,0.9729517456855353,0.7536068558692932,0.6986074311591146,0.5654463171958923,0.27949902415275574,0.5115547180175781,0.10096392759756838,0.1814098209142685,0.1581021017652585,0.11415203834882981,0.1581021017652585,0.18080125749111176,1.6975849866867065,1.5167837291955948,915,3521,0.13442383706569672,1,2.1606128215789795,1.6975849866867065,0.09987372905015945,664,0.0023327022790908813,0.8590941429138184,0.0,0.0,1.9080357551574707,0.85,0.013500000350177288,2.8965370655059814,0.40850263833999634,0,,0,-1.6975849866867065,1.0,0,0.000481777562526986,0.963555097579956,phase1_class1
756,2562.33,0.9466159629361379,0.11920292675495148,0.9679560703350977,0.743913471698761,0.6950203920906816,0.5751186609268188,0.3073170781135559,0.5212748646736145,0.11799740200483283,0.1814098209142685,0.14015507354075238,0.11437813134155293,0.14015507354075238,0.1836385726928711,1.7813823223114014,1.5977437496185303,915,3521,0.12204191088676453,1,2.1606128215789795,1.7813823223114014,0.11545675247907639,664,0.0015476933913305402,0.7851747274398804,0.0,0.0,1.8538662195205688,0.85,0.06450000405311584,2.881749153137207,0.3614247739315033,0,,0,-1.7813823223114014,1.0,0,0.000473307998618111,0.9466159343719482,phase1_class1
757,2565.7,0.9591986454303358,0.11920292675495148,0.964620331807171,0.7463931441307068,0.6926252355638063,0.543095588684082,0.23832093179225922,0.518450915813446,0.04278870104897546,0.1814098209142685,0.04764375148974356,0.035216111541641976,0.04764375148974356,0.2068927139043808,1.643044352531433,1.4361516386270523,915,3521,0.08124887943267822,1,2.1606128215789795,1.643044352531433,0.09729833155870438,664,0.0015867040492594242,0.8558123111724854,0.0,0.0,1.9227783679962158,0.85,0.014500000514090061,2.8655171394348145,0.40921851992607117,0,,0,-1.643044352531433,1.0,0,0.0004795993445441127,0.9591986536979675,phase1_class1
758,2569.1,0.9283748517674294,0.11920292675495148,0.9799542307921317,0.750450849533081,0.7036354175456362,0.5537827610969543,0.25754526257514954,0.5080686211585999,0.0963334745624613,0.1814098209142685,0.1376312726966812,0.1043181087485856,0.1376312726966812,0.14760397374629974,1.8715815544128418,1.723977580666542,915,3521,0.14521043002605438,1,2.1606128215789795,1.8715815544128418,0.09284359961748123,664,0.0015409532934427261,0.8655397295951843,0.0,0.0,1.9413689374923706,0.85,0.014000000432133675,2.8919527530670166,0.41305655241012573,0,,0,-1.8715815544128418,1.0,0,0.00046418746933341026,0.9283748865127563,phase1_class1
759,2572.49,0.9595269214560755,0.11920292675495148,0.9753651665146772,0.7468439936637878,0.7003403369617192,0.5567580461502075,0.26649248600006104,0.5144054889678955,0.09392481954486973,0.1814098209142685,0.13519159854741242,0.10148813035125442,0.13519159854741242,0.1799410730600357,1.7502118349075317,1.570270761847496,915,3521,0.1401660144329071,1,2.1606128215789795,1.7502118349075317,0.08910056203603745,664,0.0018291365122422576,0.8967836499214172,0.0,0.0,1.954564094543457,0.85,0.0020000000949949026,2.8903238773345947,0.43290936946868896,0,,0,-1.7502118349075317,1.0,0,0.0004797634610440582,0.9595268964767456,phase1_class1
760,2575.87,0.9718320155522193,0.11920292675495148,0.9797736453348628,0.7396302819252014,0.7035057519759234,0.5901482105255127,0.34262946248054504,0.5233451724052429,0.13745753426358323,0.1814098209142685,0.1903086047587667,0.14491602573945744,0.1903086047587667,0.19473552703857422,1.679905891418457,1.4851703643798828,915,3521,0.1402154266834259,1,2.1606128215789795,1.679905891418457,0.11735466867685318,664,0.0017410090658813715,0.8188915848731995,0.0,0.0,1.8488320112228394,0.85,0.02500000037252903,2.9001598358154297,0.38235995173454285,0,,0,-1.679905891418457,1.0,0,0.00048591603990644217,0.9718320369720459,phase1_class1
761,2579.24,0.9401868636802773,0.11920292675495148,0.9723198924478457,0.7468439936637878,0.6981537423002279,0.557215690612793,0.26744943857192993,0.5134588479995728,0.10688499758668908,0.1814098209142685,0.15093731159125642,0.11588044862193275,0.15093731159125642,0.16634581983089447,1.8229933977127075,1.656647577881813,915,3521,0.14837804436683655,1,2.1606128215789795,1.8229933977127075,0.10456237941980362,664,0.002253192011266947,0.8514981865882874,0.0,0.0,1.9033712148666382,0.85,0.027500001713633537,2.891747236251831,0.4048861265182495,0,,0,-1.8229933977127075,1.0,0,0.0004700934514403343,0.9401868581771851,phase1_class1
762,2582.62,0.9384699494829839,0.11920292675495148,0.9795088388942687,0.7484220266342163,0.7033156133097067,0.5363802909851074,0.22284123301506042,0.50965416431427,0.08622053781914292,0.1814098209142685,0.1343222893677879,0.09972390704962991,0.1343222893677879,0.1485270857810974,1.847639560699463,1.6991124749183655,915,3521,0.13101044297218323,1,2.1606128215789795,1.847639560699463,0.10337676852941513,664,0.0018752363976091146,0.8399297595024109,0.0,0.0,1.893301010131836,0.85,0.023000001907348633,2.9035370349884033,0.39628326892852783,0,,0,-1.847639560699463,1.0,0,0.0004692350048571825,0.9384699463844299,phase1_class1
763,2585.99,0.9434496227992293,0.11920292675495148,0.9502939508180795,0.7303877472877502,0.6823384805782916,0.5596931576728821,0.28554362058639526,0.5360608100891113,0.08496965125717203,0.1814098209142685,0.0679603482845165,0.06617833216672829,0.0679603482845165,0.23089756071567535,1.6680012941360474,1.437103733420372,915,3521,0.10979923605918884,1,2.1606128215789795,1.6680012941360474,0.09931882470846176,664,0.0010338998399674892,0.8661866784095764,0.0,0.0,1.9159915447235107,0.85,0.004000000189989805,2.8782832622528076,0.41302138566970825,0,,0,-1.6680012941360474,1.0,0,0.00047172483755275607,0.9434496164321899,phase1_class1
764,2589.37,0.9356452574044434,0.11920292675495148,0.9748073493972129,0.743913471698761,0.6999398081737126,0.5509301424026489,0.25654447078704834,0.5153449773788452,0.09444969527099695,0.1814098209142685,0.12700326691998148,0.09916703404858633,0.12700326691998148,0.1696942150592804,1.8432600498199463,1.673565834760666,915,3521,0.1327013373374939,1,2.1606128215789795,1.8432600498199463,0.086483433842659,664,0.0014657680876553059,0.8792792558670044,0.0,0.0,1.969019889831543,0.85,0.00950000062584877,2.891278028488159,0.42165666818618774,0,,0,-1.8432600498199463,1.0,0,0.00046782262506894767,0.9356452226638794,phase1_class1
765,2592.74,0.9659574718260809,0.11920292675495148,0.975069022033776,0.7423354387283325,0.7001276966781986,0.5682092905044556,0.29400867223739624,0.5211846828460693,0.09413340410309415,0.1814098209142685,0.09638115001191797,0.08242136721976559,0.09638115001191797,0.20357583463191986,1.6942551136016846,1.4906792789697647,915,3521,0.10651499032974243,1,2.1606128215789795,1.6942551136016846,0.12012223899364471,664,0.0020137540996074677,0.8300182223320007,0.0,0.0,1.8626643419265747,0.85,0.02250000089406967,2.90443754196167,0.39483368396759033,0,,0,-1.6942551136016846,1.0,0,0.0004829787649214268,0.9659574627876282,phase1_class1
766,2596.12,0.9450039343630924,0.11920292675495148,0.9777738866377729,0.7450405955314636,0.7020698675217281,0.5503383278846741,0.2544495761394501,0.513638436794281,0.10371774039603132,0.1814098209142685,0.13865481415011008,0.10974340148787866,0.13865481415011008,0.1518685519695282,1.8244448900222778,1.6725763380527496,915,3521,0.14011794328689575,1,2.1606128215789795,1.8244448900222778,0.11979299038648605,664,0.0019158889772370458,0.8368862867355347,0.0,0.0,1.8336328268051147,0.85,0.023500001057982445,2.899245262145996,0.4013429880142212,0,,0,-1.8244448900222778,1.0,0,0.00047250199713744223,0.9450039267539978,phase1_class1
767,2599.53,0.9766945899618861,0.11920292675495148,0.9875066985061156,0.7472948431968689,0.7090583073158383,0.5744750499725342,0.30329397320747375,0.5134433507919312,0.10506236585172804,0.1814098209142685,0.14668891350373664,0.10996315063734614,0.14668891350373664,0.19098444283008575,1.7102622985839844,1.5192778557538986,915,3521,0.13715794682502747,1,2.1606128215789795,1.7102622985839844,0.09155888110399246,664,0.002156411297619343,0.8742093443870544,0.0,0.0,1.926439642906189,0.85,0.006000000052154064,2.898191452026367,0.41829562187194824,0,,0,-1.7102622985839844,1.0,0,0.0004883473739027977,0.976694643497467,phase1_class1
768,2602.92,0.9726607729318741,0.11920292675495148,0.9773386796030096,0.7398557662963867,0.7017573763114223,0.5871289372444153,0.336018443107605,0.5197596549987793,0.15409184238829318,0.1814098209142685,0.21054107485873724,0.16413196350385434,0.21054107485873724,0.1980450302362442,1.6268941164016724,1.4288490861654282,915,3521,0.1516159176826477,1,2.1606128215789795,1.6268941164016724,0.1063670739531517,664,0.00196366710588336,0.8585941791534424,0.0,0.0,1.8900667428970337,0.85,0.018000001087784767,2.8930411338806152,0.40937602519989014,0,,0,-1.6268941164016724,1.0,0,0.00048633042024448514,0.9726607799530029,phase1_class1
769,2606.3,0.9663242817723667,0.11920292675495148,0.9829391791313723,0.7461677193641663,0.7057786965938178,0.5585340857505798,0.27072539925575256,0.5102044939994812,0.10037076526011766,0.1814098209142685,0.12558713422414156,0.1006293205592391,0.12558713422414156,0.16484059393405914,1.7542929649353027,1.5894523710012436,915,3521,0.1362023949623108,1,2.1606128215789795,1.7542929649353027,0.09499025344848633,664,0.0019695772789418697,0.8820511102676392,0.0,0.0,1.923054814338684,0.85,0.00800000037997961,2.8988258838653564,0.4237736463546753,0,,0,-1.7542929649353027,1.0,0,0.0004831621772609651,0.9663243293762207,phase1_class1
770,2609.68,0.9464342273841879,0.11920292675495148,0.9676802955803963,0.7511271238327026,0.6948223778584086,0.5429049730300903,0.23439668118953705,0.5219817757606506,0.041109781591481556,0.1814098209142685,0.06992330449657183,0.04401420382509465,0.06992330449657183,0.20042183995246887,1.7809596061706543,1.5805377662181854,915,3521,0.09265793859958649,1,2.1606128215789795,1.7809596061706543,0.10698580741882324,664,0.0012746755965054035,0.8245905041694641,0.0,0.0,1.891735553741455,0.85,0.039000000804662704,2.8805668354034424,0.38990673422813416,0,,0,-1.7809596061706543,1.0,0,0.0004732171364594251,0.9464341998100281,phase1_class1
771,2613.07,0.8992884513180365,0.11920292675495148,0.9750086963061854,0.7502254247665405,0.7000843810648891,0.5381450653076172,0.22517482936382294,0.5128322243690491,0.062485974085230996,0.1814098209142685,0.10590148764038643,0.0730726085029641,0.10590148764038643,0.16397719085216522,1.9131569862365723,1.749179795384407,915,3521,0.1366431713104248,1,2.1606128215789795,1.9131569862365723,0.09799519926309586,664,0.0021389806643128395,0.874326229095459,0.0,0.0,1.9103350639343262,0.85,0.014000000432133675,2.915804386138916,0.41865092515945435,0,,0,-1.9131569862365723,1.0,0,0.0004496442270465195,0.8992884159088135,phase1_class1
772,2616.46,0.9534543630102083,0.11920292675495148,0.9859701552173136,0.7542831301689148,0.7079550248924141,0.5502082109451294,0.24723756313323975,0.5092356204986572,0.07585959651924518,0.1814098209142685,0.1096030622116908,0.08045595154833782,0.1096030622116908,0.17181332409381866,1.822776436805725,1.6509631127119064,915,3521,0.1258086860179901,1,2.1606128215789795,1.822776436805725,0.1016235500574112,664,0.0023048585280776024,0.8665795922279358,0.0,0.0,1.8984434604644775,0.85,0.017000000923871994,2.895841360092163,0.4133424758911133,0,,0,-1.822776436805725,1.0,0,0.00047672720393165946,0.9534543752670288,phase1_class1
773,2619.81,0.9529473487011534,0.11920292675495148,0.9693149661079095,0.750450849533081,0.6959961184710152,0.5504060387611389,0.25050777196884155,0.5110138058662415,0.100618769816697,0.1814098209142685,0.1451886541130943,0.11067283883592838,0.1451886541130943,0.1649351269006729,1.7541871070861816,1.5892519801855087,915,3521,0.13854125142097473,1,2.1606128215789795,1.7541871070861816,0.09791170060634613,664,0.0017222638707607985,0.8665208220481873,0.0,0.0,1.9081429243087769,0.85,0.006500000134110451,2.892529010772705,0.413238525390625,0,,0,-1.7541871070861816,1.0,0,0.0004764737095683813,0.9529473781585693,phase1_class1
774,2623.18,0.9615723021503634,0.11920292675495148,0.9665650530709712,0.7484220266342163,0.6940216015526115,0.5694588422775269,0.29187819361686707,0.5223308205604553,0.10532837324220173,0.1814098209142685,0.13235933315573253,0.10459663949350588,0.13235933315573253,0.20251110196113586,1.6345536708831787,1.4320425689220428,915,3521,0.10917004942893982,1,2.1606128215789795,1.6345536708831787,0.08815411478281021,664,0.00195345189422369,0.8502491116523743,0.0,0.0,1.9530234336853027,0.85,0.023000001907348633,2.9069314002990723,0.40373411774635315,0,,0,-1.6345536708831787,1.0,0,0.0004807861696463078,0.9615722894668579,phase1_class1
775,2626.54,0.9691179438743079,0.11920292675495148,0.9848143691182415,0.7484220266342163,0.7071251371192304,0.5749316215515137,0.30337080359458923,0.514335572719574,0.11959717107192908,0.1814098209142685,0.20455405841196841,0.14403939867669635,0.20455405841196841,0.18595729768276215,1.7483177185058594,1.5623604208230972,915,3521,0.1639152318239212,1,2.1606128215789795,1.7483177185058594,0.1056518703699112,664,0.0022471051197499037,0.8677196502685547,0.0,0.0,1.868577003479004,0.85,0.016499999910593033,2.893012285232544,0.41429367661476135,0,,0,-1.7483177185058594,1.0,0,0.00048455895739607513,0.9691178798675537,phase1_class1
776,2629.94,0.9573106198311838,0.11920292675495148,0.9771925659900785,0.7396302819252014,0.7016524625207438,0.569431722164154,0.2987249791622162,0.518420398235321,0.11998547357540937,0.1814098209142685,0.1634581680010095,0.12700397980115907,0.1634581680010095,0.18818306922912598,1.7731812000274658,1.5849981307983398,915,3521,0.14974427223205566,1,2.1606128215789795,1.7731812000274658,0.09671961516141891,664,0.0017880273517221212,0.8563642501831055,0.0,0.0,1.9226341247558594,0.85,0.013000000268220901,2.899132490158081,0.4067973792552948,0,,0,-1.7731812000274658,1.0,0,0.0004786553035955876,0.9573105573654175,phase1_class1
777,2633.32,0.9425730980973408,0.11920292675495148,0.9641054086323765,0.75,0.6922555058644839,0.5658646821975708,0.28312864899635315,0.5187131762504578,0.10397660873168485,0.1814098209142685,0.15054472034884536,0.11252269256660064,0.15054472034884536,0.1732349991798401,1.7827068567276,1.60947185754776,915,3521,0.12471795082092285,1,2.1606128215789795,1.7827068567276,0.09437285363674164,664,0.001415911945514381,0.8421887159347534,0.0,0.0,1.9397695064544678,0.85,0.02250000089406967,2.8979249000549316,0.3998948931694031,0,,0,-1.7827068567276,1.0,0,0.0004712865629699081,0.942573070526123,phase1_class1
778,2636.71,0.9243619180002216,0.11920292675495148,0.9797364314119981,0.7407574653625488,0.703479031305375,0.5491244792938232,0.25518134236335754,0.5182620882987976,0.11276292285320086,0.1814098209142685,0.14274897996382552,0.11710128975484035,0.14274897996382552,0.14948385953903198,1.8791143894195557,1.7296305298805237,915,3521,0.16533003747463226,1,2.1606128215789795,1.8791143894195557,0.11386722326278687,664,0.002303282730281353,0.8377208113670349,0.0,0.0,1.844771385192871,0.85,0.03200000151991844,2.904533624649048,0.39569467306137085,0,,0,-1.8791143894195557,1.0,0,0.00046218099305406213,0.9243619441986084,phase1_class1
779,2640.1,0.9708376251740308,0.11920292675495148,0.9819310735472467,0.7479711771011353,0.7050548476921779,0.5580457448959351,0.268324613571167,0.516078531742096,0.08068063127868233,0.1814098209142685,0.10677079682001095,0.08095901020581958,0.10677079682001095,0.20308569073677063,1.7134324312210083,1.5103467404842377,915,3521,0.12377716600894928,1,2.1606128215789795,1.7134324312210083,0.10725357383489609,664,0.0018290037987753749,0.8258451223373413,0.0,0.0,1.8728653192520142,0.85,0.039000000804662704,2.8854894638061523,0.3876466751098633,0,,0,-1.7134324312210083,1.0,0,0.0004854188300669193,0.9708375930786133,phase1_class1
780,2643.48,0.9632849860293089,0.11920292675495148,0.9682898204643671,0.7412083148956299,0.6952600343149664,0.5669434666633606,0.29223179817199707,0.5250440835952759,0.1101314051677445,0.1814098209142685,0.15424629492014974,0.11767265895561559,0.15424629492014974,0.20070748031139374,1.634619116783142,1.4339116364717484,915,3521,0.11681017279624939,1,2.1606128215789795,1.634619116783142,0.0999588668346405,664,0.0016891410341486335,0.85074383020401,0.0,0.0,1.9067962169647217,0.85,0.014500000514090061,2.9077961444854736,0.4033225178718567,0,,0,-1.634619116783142,1.0,0,0.00048164252075366676,0.963284969329834,phase1_class1
781,2646.88,0.9731592913531628,0.11920292675495148,0.9847650117047582,0.7418845891952515,0.7070896970719771,0.5703327059745789,0.29883646965026855,0.5097840428352356,0.11600933043425629,0.1814098209142685,0.1614110850941518,0.1236219477816925,0.1614110850941518,0.17971284687519073,1.7177079916000366,1.5379951447248459,915,3521,0.14392778277397156,1,2.1606128215789795,1.7177079916000366,0.0859915092587471,664,0.0019509545527398586,0.8944489359855652,0.0,0.0,1.9518516063690186,0.85,0.004500000271946192,2.9038355350494385,0.431401789188385,0,,0,-1.7177079916000366,1.0,0,0.0004865796654485166,0.9731593132019043,phase1_class1
782,2650.25,0.9649235590658511,0.11920292675495148,0.984777155195377,0.7497745752334595,0.7070984164486822,0.5616624355316162,0.27450981736183167,0.5073925256729126,0.10603296691358484,0.1814098209142685,0.1854993620392311,0.13000841658483164,0.1854993620392311,0.1632486879825592,1.7722464799880981,1.608997792005539,915,3521,0.144398033618927,1,2.1606128215789795,1.7722464799880981,0.08872701972723007,664,0.0023287946823984385,0.8917276859283447,0.0,0.0,1.9497989416122437,0.85,0.006000000052154064,2.888404369354248,0.429623007774353,0,,0,-1.7722464799880981,1.0,0,0.00048246182268485427,0.964923620223999,phase1_class1
783,2653.64,0.9538642065259575,0.11920292675495148,0.9695535269397464,0.7493237257003784,0.6961674120327399,0.5456624627113342,0.24147339165210724,0.5132778286933899,0.07684106136017618,0.1814098209142685,0.07811163612400276,0.06785069100602505,0.07811163612400276,0.17415045201778412,1.7498587369918823,1.5757082849740982,915,3521,0.11235138773918152,1,2.1606128215789795,1.7498587369918823,0.09543205797672272,664,0.0013225552393123507,0.8601343035697937,0.0,0.0,1.9228382110595703,0.85,0.014500000514090061,2.8961997032165527,0.40940988063812256,0,,0,-1.7498587369918823,1.0,0,0.0004769321240019053,0.9538642168045044,phase1_class1
784,2657.02,0.965498850785545,0.11920292675495148,0.9849072080626509,0.7466185688972473,0.7071917981604927,0.5747745633125305,0.304455429315567,0.5131518840789795,0.11255806301923045,0.1814098209142685,0.1340138248201792,0.10856013624074139,0.1340138248201792,0.17534668743610382,1.7699187994003296,1.5945721119642258,915,3521,0.14784947037696838,1,2.1606128215789795,1.7699187994003296,0.11278694868087769,664,0.0018976123537868261,0.8219926953315735,0.0,0.0,1.8746567964553833,0.85,0.03450000286102295,2.9033427238464355,0.38552236557006836,0,,0,-1.7699187994003296,1.0,0,0.00048274945584125817,0.9654988646507263,phase1_class1
785,2660.43,0.9478012350271566,0.11920292675495148,0.9757749113916908,0.7427862882614136,0.7006345456079655,0.5774169564247131,0.31306442618370056,0.5201159715652466,0.12120780391809952,0.1814098209142685,0.16306557675859845,0.1260173190714219,0.16306557675859845,0.18250679969787598,1.808324933052063,1.625818133354187,915,3521,0.1466301530599594,1,2.1606128215789795,1.808324933052063,0.11530908942222595,664,0.0016897525638341904,0.8207773566246033,0.0,0.0,1.8690890073776245,0.85,0.03200000151991844,2.8797836303710938,0.3864127993583679,0,,0,-1.808324933052063,1.0,0,0.0004739006399177015,0.9478012323379517,phase1_class1
786,2663.82,0.9778426910801797,0.11920292675495148,0.9872932081065242,0.7418845891952515,0.7089050150479566,0.5817186832427979,0.3228858709335327,0.514300525188446,0.11871285945529012,0.1814098209142685,0.14692727247234333,0.11654717124565792,0.14692727247234333,0.1973647177219391,1.6966843605041504,1.4993196427822113,915,3521,0.15141119062900543,1,2.1606128215789795,1.6966843605041504,0.09204228967428207,664,0.0027963423635810614,0.8932358026504517,0.0,0.0,1.9348660707473755,0.85,0.010500000789761543,2.9053378105163574,0.4306151270866394,0,,0,-1.6966843605041504,1.0,0,0.0004889214178547263,0.9778427481651306,phase1_class1
787,2667.21,0.9527763364692353,0.11920292675495148,0.9822086110667154,0.7396302819252014,0.7052541276404241,0.5706379413604736,0.30127042531967163,0.5153939723968506,0.13408169251470103,0.1814098209142685,0.2106953071325416,0.15595436265962445,0.2106953071325416,0.16071981191635132,1.812883973121643,1.6521641612052917,915,3521,0.17100408673286438,1,2.1606128215789795,1.812883973121643,0.09854994714260101,664,0.001738098100759089,0.8311283588409424,0.0,0.0,1.9190341234207153,0.85,0.03100000135600567,2.897676467895508,0.39089345932006836,0,,0,-1.812883973121643,1.0,0,0.0004763882025144994,0.9527763724327087,phase1_class1
788,2670.59,0.9634451145069282,0.11920292675495148,0.9797568011381976,0.7441388964653015,0.7034936573566225,0.5776787400245667,0.3125378489494324,0.5197461843490601,0.1321367656667334,0.1814098209142685,0.23462935180381655,0.16417870509266402,0.23462935180381655,0.1810411959886551,1.7527493238449097,1.5717081278562546,915,3521,0.17127686738967896,1,2.1606128215789795,1.7527493238449097,0.10044965147972107,664,0.0023900815285742283,0.8414841890335083,0.0,0.0,1.904850721359253,0.85,0.027000000700354576,2.894815683364868,0.40051886439323425,0,,0,-1.7527493238449097,1.0,0,0.00048172258539125323,0.9634451270103455,phase1_class1
789,2673.97,0.9664327973597067,0.11920292675495148,0.9766292647155604,0.7387285828590393,0.701247995949709,0.5735101699829102,0.3080596923828125,0.5221609473228455,0.12793775985771552,0.1814098209142685,0.17574066544215589,0.1362898826097826,0.17574066544215589,0.18951496481895447,1.7054557800292969,1.5159408152103424,915,3521,0.14382526278495789,1,2.1606128215789795,1.7054557800292969,0.09437994658946991,664,0.002208003308624029,0.8763176798820496,0.0,0.0,1.9317528009414673,0.85,0.006500000134110451,2.8998985290527344,0.41968074440956116,0,,0,-1.7054557800292969,1.0,0,0.00048321642680093646,0.9664328098297119,phase1_class1
790,2677.35,0.9573083774983522,0.11920292675495148,0.9792170033939097,0.7434625625610352,0.7031060669985655,0.5719436407089233,0.300982803106308,0.5176590085029602,0.13248906250242493,0.1814098209142685,0.1771567981379958,0.1397999403229754,0.1771567981379958,0.1660999059677124,1.7828882932662964,1.616788387298584,915,3521,0.15780337154865265,1,2.1606128215789795,1.7828882932662964,0.11632457375526428,664,0.0025602940004318953,0.8503438234329224,0.0,0.0,1.8380317687988281,0.85,0.01600000075995922,2.8997769355773926,0.4030616879463196,0,,0,-1.7828882932662964,1.0,0,0.0004786542267538607,0.9573084115982056,phase1_class1
791,2680.72,0.9665866432417481,0.11920292675495148,0.972571967809565,0.7400811910629272,0.6983347396844148,0.573762059211731,0.3075074851512909,0.5236766934394836,0.11959003201710891,0.1814098209142685,0.15897141094488298,0.12396183299152604,0.15897141094488298,0.1997772455215454,1.6521660089492798,1.4523887634277344,915,3521,0.1390468180179596,1,2.1606128215789795,1.6521660089492798,0.10787082463502884,664,0.0022305117454379797,0.8891292214393616,0.0,0.0,1.8658692836761475,0.85,0.003000000026077032,2.898636817932129,0.4279339909553528,0,,0,-1.6521660089492798,1.0,0,0.0004832933482248336,0.9665866494178772,phase1_class1
792,2684.11,0.9629707114786061,0.11920292675495148,0.9771831645779862,0.7454914450645447,0.7016457120355525,0.5633565187454224,0.28134945034980774,0.5127288103103638,0.10666213491882429,0.1814098209142685,0.1525918032557031,0.11549903806550374,0.1525918032557031,0.16850221157073975,1.7390220165252686,1.5705198049545288,915,3521,0.1343773454427719,1,2.1606128215789795,1.7390220165252686,0.09566782414913177,664,0.002140635624527931,0.8663450479507446,0.0,0.0,1.9178531169891357,0.85,0.007500000298023224,2.8919458389282227,0.4138769507408142,0,,0,-1.7390220165252686,1.0,0,0.00048148538917303085,0.9629707336425781,phase1_class1
793,2687.49,0.9626770069883801,0.11920292675495148,0.975269193766237,0.7479711771011353,0.7002714257587264,0.5802655220031738,0.31495094299316406,0.5188674330711365,0.11572532020988821,0.1814098209142685,0.14527278080789668,0.11438195352858421,0.14527278080789668,0.18394741415977478,1.726948618888855,1.5430012047290802,915,3521,0.13904307782649994,1,2.1606128215789795,1.726948618888855,0.09257210046052933,664,0.0016437186859548092,0.8354427814483643,0.0,0.0,1.9306944608688354,0.85,0.045500002801418304,2.9172258377075195,0.39446553587913513,0,,0,-1.726948618888855,1.0,0,0.0004813385312445462,0.962677001953125,phase1_class1
794,2690.92,0.9668671933059341,0.11920292675495148,0.9714530039078536,0.7493237257003784,0.697531291311563,0.5608726143836975,0.2732026278972626,0.5157499313354492,0.08675627732434432,0.1814098209142685,0.14030930581455672,0.09891591315914947,0.14030930581455672,0.21456235647201538,1.6255030632019043,1.410940706729889,915,3521,0.11392685770988464,1,2.1606128215789795,1.6255030632019043,0.10424228757619858,664,0.0022807323839515448,0.8765455484390259,0.0,0.0,1.897101640701294,0.85,0.004500000271946192,2.8987698554992676,0.41975465416908264,0,,0,-1.6255030632019043,1.0,0,0.00048343362868763506,0.966867208480835,phase1_class1
795,2694.3,0.9688966001343898,0.11920292675495148,0.9765227153785166,0.7459422945976257,0.7011714904508762,0.5730232000350952,0.3013019263744354,0.5185279846191406,0.09380624915611717,0.1814098209142685,0.14566537205030777,0.1033207983363626,0.14566537205030777,0.20836637914180756,1.676154375076294,1.4677879959344864,915,3521,0.12666469812393188,1,2.1606128215789795,1.676154375076294,0.09927588701248169,664,0.002184584503993392,0.8951878547668457,0.0,0.0,1.9211101531982422,0.85,0.003000000026077032,2.898729085922241,0.43187209963798523,0,,0,-1.676154375076294,1.0,0,0.0004844483337365091,0.9688966274261475,phase1_class1
796,2697.71,0.9431055796071639,0.11920292675495148,0.9710154465200672,0.7448151707649231,0.6972171124799594,0.5762150287628174,0.30891332030296326,0.5254031419754028,0.11329866235840227,0.1814098209142685,0.17062295817501155,0.12507062547451486,0.17062295817501155,0.19208185374736786,1.8085929155349731,1.6165110617876053,915,3521,0.15727289021015167,1,2.1606128215789795,1.8085929155349731,0.09524199366569519,664,0.0020483345724642277,0.8894854784011841,0.0,0.0,1.9355106353759766,0.85,0.005500000435858965,2.9017069339752197,0.42819711565971375,0,,0,-1.8085929155349731,1.0,0,0.0004715528048109263,0.9431055784225464,phase1_class1
797,2701.1,0.9614494770496467,0.11920292675495148,0.9707259613727314,0.7430117130279541,0.697009253790116,0.5707824230194092,0.298893004655838,0.5199921131134033,0.11402125886367973,0.1814098209142685,0.18983188682155328,0.13507237314531106,0.18983188682155328,0.1950862854719162,1.6965168714523315,1.5014305859804153,915,3521,0.1392151415348053,1,2.1606128215789795,1.6965168714523315,0.09941373020410538,664,0.0021780719980597496,0.8687126636505127,0.0,0.0,1.9173285961151123,0.85,0.017000000923871994,2.887784242630005,0.41552793979644775,0,,0,-1.6965168714523315,1.0,0,0.0004807247605640441,0.9614495038986206,phase1_class1
798,2704.48,0.971517244197542,0.11920292675495148,0.9803808198658106,0.7463931441307068,0.7039417208111833,0.5635941028594971,0.2811501622200012,0.5140731334686279,0.10358116717338436,0.1814098209142685,0.15156826180227423,0.11321419782774193,0.15156826180227423,0.1894609034061432,1.6909223794937134,1.5014614760875702,915,3521,0.13155582547187805,1,2.1606128215789795,1.6909223794937134,0.10332727432250977,664,0.0024907835759222507,0.8619049191474915,0.0,0.0,1.88843834400177,0.85,0.014500000514090061,2.904939651489258,0.4118187129497528,0,,0,-1.6909223794937134,1.0,0,0.0004857586172875017,0.9715172052383423,phase1_class1
799,2707.86,0.9636863865973415,0.11920292675495148,0.980678139523223,0.7452660202980042,0.7041552049053525,0.5674906373023987,0.29020100831985474,0.5187508463859558,0.11675706882824832,0.1814098209142685,0.19227156097082207,0.13829123171712948,0.19227156097082207,0.17447929084300995,1.756809115409851,1.5823298245668411,915,3521,0.13550984859466553,1,2.1606128215789795,1.756809115409851,0.10317598283290863,664,0.0018825652077794075,0.8387851119041443,0.0,0.0,1.915236473083496,0.85,0.023500001057982445,2.8917887210845947,0.3965167701244354,0,,0,-1.756809115409851,1.0,0,0.0004818432207684964,0.9636864066123962,phase1_class1
800,2711.24,0.9609538764210281,0.11920292675495148,0.9769273678239805,0.7416591644287109,0.7014620425843108,0.5596352219581604,0.2765151560306549,0.5199348330497742,0.10071592304098903,0.1814098209142685,0.12110037716801503,0.09874961268654864,0.12110037716801503,0.19115987420082092,1.7509132623672485,1.5597533881664276,915,3521,0.13258495926856995,1,2.1606128215789795,1.7509132623672485,0.09657611697912216,664,0.0013455725274980068,0.8755468130111694,0.0,0.0,1.9165641069412231,0.85,0.009000000543892384,2.89164662361145,0.4191555380821228,0,,0,-1.7509132623672485,1.0,0,0.0004804769705515355,0.9609538912773132,phase1_class1
1,2715.61,0.9154437106584167,0.11920292675495148,0.9827131535156581,0.7520288825035095,0.7056164036790145,0.5500728487968445,0.24863386154174805,0.5144188404083252,0.08178066650836589,0.1814098209142685,0.12739585816239257,0.09190738097022957,0.12739585816239257,0.17580260336399078,1.8995425701141357,1.723739966750145,915,3521,0.13744647800922394,1,2.1606128215789795,1.8995425701141357,0.08697139471769333,1680,0.009001958183944225,0.8028724789619446,0.0,0.0,1.958478569984436,0.85,0.017000000923871994,2.870901107788086,0.37206196784973145,0,,0,-1.8995425701141357,1.0,0,0.0004577218496706337,0.9154436588287354,phase2_class0
2,2720.05,0.9324489920969923,0.11920292675495148,0.9816245483404942,0.7509016990661621,0.7048347537479257,0.5730650424957275,0.29752063751220703,0.5151119828224182,0.11411468736371777,0.1814098209142685,0.19534218533110864,0.13708337474326687,0.19534218533110864,0.17297935485839844,1.8663710355758667,1.6933916807174683,915,3521,0.16027186810970306,1,2.1606128215789795,1.8663710355758667,0.1015092208981514,1680,0.012744488194584846,0.8556865453720093,0.0,0.0,1.880531907081604,0.85,0.0,2.8884005546569824,0.4061962962150574,0,,0,-1.8663710355758667,1.0,0,0.00046622450463473797,0.9324489831924438,phase2_class0
3,2724.47,0.9285930348465448,0.11920292675495148,0.9784668490540612,0.7459422945976257,0.7025674345343571,0.5770873427391052,0.30985915660858154,0.5207667350769043,0.11738623683348774,0.1814098209142685,0.2000673013558419,0.14039082287947757,0.2000673013558419,0.18801438808441162,1.8681954145431519,1.6801810264587402,915,3521,0.16448362171649933,1,2.1606128215789795,1.8681954145431519,0.09167119115591049,1680,0.011102844029664993,0.8087704181671143,0.0,0.0,1.9063647985458374,0.85,0.014500000514090061,2.893468141555786,0.37571144104003906,0,,0,-1.8681954145431519,1.0,0,0.0004642965504899621,0.9285930395126343,phase2_class0
4,2728.82,0.8333329543677784,0.11920292675495148,0.9726074189676621,0.7556357383728027,0.6983601946389896,0.5476378202438354,0.2408963441848755,0.5140321254730225,0.07431011122957804,0.1814098209142685,0.1318826152185191,0.08983106171374274,0.1318826152185191,0.16698525846004486,1.981714129447937,1.8147288709878922,915,3521,0.15441012382507324,1,2.1606128215789795,1.981714129447937,0.10009542107582092,1680,0.01173482183367014,0.7978004813194275,0.0,0.0,1.8979549407958984,0.85,0.01100000087171793,2.873776912689209,0.36859244108200073,0,,0,-1.981714129447937,1.0,0,0.00041666647302918136,0.833332896232605,phase2_class0
5,2733.17,0.9557278092689977,0.11920292675495148,0.9818866127025613,0.7477457523345947,0.7050229235226282,0.5847947597503662,0.32468315958976746,0.5161498188972473,0.13521773341217333,0.1814098209142685,0.2164439646107037,0.15647440241918684,0.2164439646107037,0.1871138960123062,1.8007841110229492,1.613670215010643,915,3521,0.16433051228523254,1,2.1606128215789795,1.8007841110229492,0.09674131870269775,1680,0.010308602824807167,0.8411969542503357,0.0,0.0,1.9149296283721924,0.85,0.0005000000237487257,2.889406442642212,0.3967779874801636,0,,0,-1.8007841110229492,1.0,0,0.00047786394134163857,0.9557278156280518,phase2_class0
6,2737.59,0.9704747865174422,0.11920292675495148,0.9876590797271083,0.7490983009338379,0.7091677214299777,0.5819442272186279,0.31759655475616455,0.5153703093528748,0.12921037397783477,0.1814098209142685,0.2062085500764151,0.14900240617252386,0.2062085500764151,0.1909698098897934,1.7572340965270996,1.5662642866373062,915,3521,0.16141942143440247,1,2.1606128215789795,1.7572340965270996,0.0865122452378273,1680,0.010982772335410118,0.8256846070289612,0.0,0.0,1.9569554328918457,0.85,0.0,2.877068519592285,0.386694997549057,0,,0,-1.7572340965270996,1.0,0,0.0004852374258916825,0.9704747796058655,phase2_class0
7,2741.99,0.8675482665837001,0.11920292675495148,0.9809029899624259,0.7536068558692932,0.704316654009507,0.5340654253959656,0.2142343521118164,0.5113075375556946,0.06517863932719065,0.1814098209142685,0.10834116178965522,0.07609912778079841,0.10834116178965522,0.15686695277690887,1.9570978879928589,1.80023093521595,915,3521,0.13510054349899292,1,2.1606128215789795,1.9570978879928589,0.1152755469083786,1680,0.011016247794032097,0.754948079586029,0.0,0.0,1.84437894821167,0.85,0.05650000274181366,2.8882956504821777,0.34264248609542847,0,,0,-1.9570978879928589,1.0,0,0.00043377417023293674,0.8675482869148254,phase2_class0
8,2746.35,0.9501683118229824,0.11920292675495148,0.9765908756161842,0.7506762742996216,0.7012204314685118,0.5623356103897095,0.2752293646335602,0.519247829914093,0.09112786202379788,0.1814098209142685,0.1413328472679856,0.10160643991747477,0.1413328472679856,0.19500593841075897,1.8023706674575806,1.6073647290468216,915,3521,0.1406528800725937,1,2.1606128215789795,1.8023706674575806,0.072276771068573,1680,0.010222856886684895,0.854663610458374,0.0,0.0,2.0090878009796143,0.85,0.0,2.883091926574707,0.4055313169956207,0,,0,-1.8023706674575806,1.0,0,0.000475084176287055,0.9501683115959167,phase2_class0
9,2750.73,0.8745075418899488,0.11920292675495148,0.9796016778386779,0.7511271238327026,0.7033822743509689,0.5608431100845337,0.271767795085907,0.5142221450805664,0.10205682377243176,0.1814098209142685,0.1519608530446853,0.1128544834995906,0.1519608530446853,0.16724365949630737,1.9487323760986328,1.7814887166023254,915,3521,0.1637042760848999,1,2.1606128215789795,1.9487323760986328,0.08299172669649124,1680,0.0098216962069273,0.8112855553627014,0.0,0.0,1.9755334854125977,0.85,0.011500000953674316,2.8890655040740967,0.37733563780784607,0,,0,-1.9487323760986328,1.0,0,0.00043725379509851336,0.8745075464248657,phase2_class0
10,2755.12,0.9242080565039624,0.11920292675495148,0.9811262734996129,0.7461677193641663,0.7044769780327961,0.5638628005981445,0.2818877398967743,0.5152311325073242,0.10994082344341446,0.1814098209142685,0.16731397484611826,0.12385123143626518,0.16731397484611826,0.17700695991516113,1.8818806409835815,1.7048736810684204,915,3521,0.15038813650608063,1,2.1606128215789795,1.8818806409835815,0.09934237599372864,1680,0.010338952764868736,0.8139584064483643,0.0,0.0,1.9090187549591064,0.85,0.014000000432133675,2.8914737701416016,0.37907302379608154,0,,0,-1.8818806409835815,1.0,0,0.000462104071630165,0.9242081046104431,phase2_class0
11,2759.5,0.8448727403172154,0.11920292675495148,0.9773641417607591,0.7479711771011353,0.7017756588754817,0.5515058636665344,0.25466665625572205,0.519606351852417,0.0823666897909964,0.1814098209142685,0.12188555965283718,0.0897166448378469,0.12188555965283718,0.1729845106601715,1.9753459692001343,1.8023614585399628,915,3521,0.15063539147377014,1,2.1606128215789795,1.9753459692001343,0.11633656173944473,1680,0.008550249971449375,0.8402189016342163,0.0,0.0,1.8214677572250366,0.85,0.0035000001080334187,2.875814914703369,0.3961423635482788,0,,0,-1.9753459692001343,1.0,0,0.00042243636562488973,0.8448727130889893,phase2_class0
12,2763.89,0.9130796286629689,0.11920292675495148,0.9807850805857705,0.7551848888397217,0.7042319916744015,0.5605994462966919,0.2681940793991089,0.5116701722145081,0.08746087099572743,0.1814098209142685,0.14479606287068325,0.10119710596588435,0.14479606287068325,0.16313625872135162,1.9004472494125366,1.737310990691185,915,3521,0.14982883632183075,1,2.1606128215789795,1.9004472494125366,0.1156812310218811,1680,0.010429229587316513,0.8038316369056702,0.0,0.0,1.833479642868042,0.85,0.004500000271946192,2.868833065032959,0.3724905848503113,0,,0,-1.9004472494125366,1.0,0,0.00045653985580429435,0.9130796790122986,phase2_class0
13,2768.28,0.9019610034516656,0.11920292675495148,0.9806765726212078,0.75225430727005,0.7041540798244874,0.5541381239891052,0.2569303512573242,0.5133007764816284,0.0874177262731185,0.1814098209142685,0.13558418978982348,0.0981676980559987,0.13558418978982348,0.16457583010196686,1.916739821434021,1.7521639913320541,915,3521,0.14115092158317566,1,2.1606128215789795,1.916739821434021,0.09647378325462341,1680,0.009428959339857101,0.8340953588485718,0.0,0.0,1.9115240573883057,0.85,0.0,2.888343095779419,0.3921619951725006,0,,0,-1.916739821434021,1.0,0,0.00045098052942194045,0.9019610285758972,phase2_class0
14,2772.67,0.8565258974927765,0.11920292675495148,0.9790035129943182,0.75225430727005,0.7029527747306836,0.5477503538131714,0.24363386631011963,0.5159856081008911,0.08141036683877997,0.1814098209142685,0.1370003224856634,0.09632073295737778,0.1370003224856634,0.1696411669254303,1.9661171436309814,1.7964759767055511,915,3521,0.1380511224269867,1,2.1606128215789795,1.9661171436309814,0.1280573010444641,1680,0.010853034444153309,0.7855706810951233,0.0,0.0,1.7862147092819214,0.85,0.009000000543892384,2.867098331451416,0.36062246561050415,0,,0,-1.9661171436309814,1.0,0,0.0004282629815861583,0.8565258979797363,phase2_class0
15,2777.06,0.9179007560650044,0.11920292675495148,0.977398613605097,0.75,0.7018004106545159,0.5631863474845886,0.2775244116783142,0.514407753944397,0.09781467324080496,0.1814098209142685,0.17384781480910252,0.11983353407958376,0.17384781480910252,0.17516347765922546,1.8869978189468384,1.711834341287613,915,3521,0.16697971522808075,1,2.1606128215789795,1.8869978189468384,0.09703941643238068,1680,0.011508231051266193,0.8307509422302246,0.0,0.0,1.8880199193954468,0.85,0.002500000176951289,2.895296096801758,0.38998815417289734,0,,0,-1.8869978189468384,1.0,0,0.0004589503805618733,0.9179007411003113,phase2_class0
16,2781.47,0.9346552681236796,0.11920292675495148,0.9845476040501281,0.7506762742996216,0.7069335921019322,0.5681391358375549,0.28737112879753113,0.5134809613227844,0.10815047265198816,0.1814098209142685,0.18408322934339114,0.12948848794437667,0.18408322934339114,0.17395927011966705,1.8675817251205444,1.6936224550008774,915,3521,0.16161340475082397,1,2.1606128215789795,1.8675817251205444,0.10757625102996826,1680,0.010775133036077023,0.8142502903938293,0.0,0.0,1.8617115020751953,0.85,0.012000000104308128,2.8920962810516357,0.37926265597343445,0,,0,-1.8675817251205444,1.0,0,0.00046732765622437,0.9346552491188049,phase2_class0
17,2785.85,0.9172870622194134,0.11920292675495148,0.984235007098066,0.7493237257003784,0.7067091384693274,0.5626802444458008,0.2769830822944641,0.5116256475448608,0.10417432951083508,0.1814098209142685,0.15912564321868736,0.11701389646854385,0.15912564321868736,0.16390646994113922,1.8988622426986694,1.7349557727575302,915,3521,0.16002382338047028,1,2.1606128215789795,1.8988622426986694,0.10608504712581635,1680,0.008386030793190002,0.7920125126838684,0.0,0.0,1.8782038688659668,0.85,0.029500002041459084,2.87237811088562,0.36550796031951904,0,,0,-1.8988622426986694,1.0,0,0.000458643538877368,0.9172870516777039,phase2_class0
18,2790.22,0.9684020950304787,0.11920292675495148,0.9795722984258902,0.7472948431968689,0.7033611790847467,0.5878708958625793,0.3315443992614746,0.5182122588157654,0.13814412510107194,0.1814098209142685,0.2256558376915635,0.16166155842808802,0.2256558376915635,0.2044055163860321,1.714372992515564,1.5099674761295319,915,3521,0.15874871611595154,1,2.1606128215789795,1.714372992515564,0.0978684276342392,1680,0.014646071009337902,0.8543649315834045,0.0,0.0,1.9249367713928223,0.85,0.0,2.885554075241089,0.4053371846675873,0,,0,-1.714372992515564,1.0,0,0.0004842010675929487,0.968402087688446,phase2_class0
19,2794.58,0.8364947688892114,0.11920292675495148,0.980726321760195,0.751803457736969,0.7041898011419571,0.5552485585212708,0.259583055973053,0.5131697654724121,0.08968980806806312,0.1814098209142685,0.15337698574052525,0.10725643532533366,0.15337698574052525,0.16889514029026031,1.984832763671875,1.8159376233816147,915,3521,0.1548490971326828,1,2.1606128215789795,1.984832763671875,0.08368580043315887,1680,0.01180138997733593,0.8005090951919556,0.0,0.0,1.977022647857666,0.85,0.013500000350177288,2.8776090145111084,0.37033984065055847,0,,0,-1.984832763671875,1.0,0,0.0004182474222034216,0.8364948034286499,phase2_class0
20,2798.94,0.8692955606510595,0.11920292675495148,0.9881738070391506,0.7563120126724243,0.7095373104941918,0.5511724352836609,0.2477383315563202,0.5067163109779358,0.08375073524504806,0.1814098209142685,0.15274603552950744,0.10401385494487293,0.15274603552950744,0.15078724920749664,1.9616544246673584,1.8108671754598618,915,3521,0.1550677865743637,1,2.1606128215789795,1.9616544246673584,0.09224376827478409,1680,0.008505253121256828,0.8227889537811279,0.0,0.0,1.939212679862976,0.85,0.001500000013038516,2.8553757667541504,0.3848128318786621,0,,0,-1.9616544246673584,1.0,0,0.0004346477799117565,0.8692955374717712,phase2_class0
21,2803.34,0.8728125151786665,0.11920292675495148,0.978857399381387,0.7538322806358337,0.7028478609400051,0.5508794188499451,0.24896834790706635,0.5147005319595337,0.07618675146622218,0.1814098209142685,0.1263723167089637,0.08804601210192356,0.1263723167089637,0.1663391888141632,1.949826955795288,1.7834877669811249,915,3521,0.14638248085975647,1,2.1606128215789795,1.949826955795288,0.10356348007917404,1680,0.010036410763859749,0.8318796753883362,0.0,0.0,1.8935775756835938,0.85,0.0035000001080334187,2.8847508430480957,0.3907218277454376,0,,0,-1.949826955795288,1.0,0,0.0004364062624517828,0.8728125095367432,phase2_class0
22,2807.72,0.8906681859442047,0.11920292675495148,0.9844057994177392,0.75225430727005,0.7068317722836329,0.5347685217857361,0.21667854487895966,0.5122746229171753,0.06170223002345024,0.1814098209142685,0.11141178614994182,0.07545148234281178,0.11141178614994182,0.16923455893993378,1.9354655742645264,1.7662310153245926,915,3521,0.13588601350784302,1,2.1606128215789795,1.9354655742645264,0.12018692493438721,1680,0.011518063023686409,0.7661133408546448,0.0,0.0,1.8095903396606445,0.85,0.04050000011920929,2.8610918521881104,0.3488059341907501,0,,0,-1.9354655742645264,1.0,0,0.00044533412437886,0.8906682133674622,phase2_class0
23,2812.12,0.897467358062118,0.11920292675495148,0.9833465736553632,0.7527051568031311,0.7060712176187665,0.5534989833831787,0.2552613615989685,0.5098963379859924,0.07607532013228979,0.1814098209142685,0.13353710688296574,0.09082543732083571,0.13353710688296574,0.16055580973625183,1.9259493350982666,1.7653935253620148,915,3521,0.1573237180709839,1,2.1606128215789795,1.9259493350982666,0.10521741211414337,1680,0.01117335818707943,0.8623243570327759,0.0,0.0,1.8671715259552002,0.85,0.0010000000474974513,2.8897409439086914,0.4105108082294464,0,,0,-1.9259493350982666,1.0,0,0.0004487337137106806,0.8974673748016357,phase2_class0
24,2816.6,0.9363646843842865,0.11920292675495148,0.9823752902685983,0.7470694184303284,0.7053738081174584,0.5518026351928711,0.2559681832790375,0.5137911438941956,0.09152330358209836,0.1814098209142685,0.15337698574052525,0.10901269849030476,0.15337698574052525,0.1774461567401886,1.8592995405197144,1.6818533837795258,915,3521,0.14835478365421295,1,2.1606128215789795,1.8592995405197144,0.13774175941944122,1680,0.00795575138181448,0.8069869875907898,0.0,0.0,1.7647792100906372,0.85,0.0020000000949949026,2.8881072998046875,0.37454158067703247,0,,0,-1.8592995405197144,1.0,0,0.0004681823484133929,0.9363646507263184,phase2_class0
25,2820.97,0.8438729849461766,0.11920292675495148,0.9790920429581856,0.751803457736969,0.7030163417995668,0.5538092255592346,0.25658339262008667,0.5148743391036987,0.09624718511724345,0.1814098209142685,0.15030636138023865,0.1098736911548708,0.15030636138023865,0.1575622260570526,1.9775022268295288,1.8199400007724762,915,3521,0.15805673599243164,1,2.1606128215789795,1.9775022268295288,0.09715040773153305,1680,0.007994582876563072,0.7970525026321411,0.0,0.0,1.911586046218872,0.85,0.01600000075995922,2.8931539058685303,0.36826321482658386,0,,0,-1.9775022268295288,1.0,0,0.00042193650733679533,0.8438729643821716,phase2_class0
26,2825.35,0.9472920960708616,0.11920292675495148,0.9758702965518755,0.7513526082038879,0.7007030349056339,0.5664424300193787,0.28330084681510925,0.5165627002716064,0.10170452693674023,0.1814098209142685,0.16424335048583166,0.11720585636304012,0.16424335048583166,0.18573424220085144,1.810516595840454,1.6247823536396027,915,3521,0.15246400237083435,1,2.1606128215789795,1.810516595840454,0.10164455324411392,1680,0.008789749816060066,0.8197685480117798,0.0,0.0,1.8878228664398193,0.85,0.004000000189989805,2.8715343475341797,0.3828495740890503,0,,0,-1.810516595840454,1.0,0,0.00047364606871269643,0.9472920894622803,phase2_class0
27,2829.71,0.9330602604411289,0.11920292675495148,0.9781291816697536,0.744364321231842,0.7023249796079094,0.5714036226272583,0.2991347312927246,0.5194475054740906,0.11863370906489246,0.1814098209142685,0.20353051695853958,0.1437073624844088,0.20353051695853958,0.1902720332145691,1.8575853109359741,1.667313277721405,915,3521,0.16852633655071259,1,2.1606128215789795,1.8575853109359741,0.09330222010612488,1680,0.008793199434876442,0.8070158362388611,0.0,0.0,1.9201741218566895,0.85,0.014500000514090061,2.88220477104187,0.3746582865715027,0,,0,-1.8575853109359741,1.0,0,0.0004665301530621946,0.9330602884292603,phase2_class0
28,2834.09,0.9057372805466858,0.11920292675495148,0.9919966562310991,0.7542831301689148,0.7122822265350321,0.5682185888290405,0.284776896238327,0.510151743888855,0.09469056077275613,0.1814098209142685,0.17794198062281796,0.1189325037788943,0.17794198062281796,0.17646461725234985,1.9254738092422485,1.7490091919898987,915,3521,0.14511753618717194,1,2.1606128215789795,1.9254738092422485,0.10799018293619156,1680,0.010181060060858727,0.8144721984863281,0.0,0.0,1.8556398153305054,0.85,0.002500000176951289,2.888749599456787,0.3794069290161133,0,,0,-1.9254738092422485,1.0,0,0.0004528686695266515,0.9057372808456421,phase2_class0
29,2838.46,0.770912724767549,0.11920292675495148,0.9749612975202208,0.750450849533081,0.7000503473687171,0.5692775845527649,0.28992941975593567,0.5168768167495728,0.11426926342025907,0.1814098209142685,0.2018760252940929,0.14075177965880342,0.2018760252940929,0.16159652173519135,2.027691125869751,1.8660946041345596,915,3521,0.18222226202487946,1,2.1606128215789795,2.027691125869751,0.09828784316778183,1680,0.009879263117909431,0.8570222854614258,0.0,0.0,1.9091684818267822,0.85,0.0020000000949949026,2.8675010204315186,0.4070644676685333,0,,0,-2.027691125869751,1.0,0,0.00038545639836229384,0.770912766456604,phase2_class0
30,2842.87,0.9518137513289716,0.11920292675495148,0.9882548942184449,0.7502254247665405,0.7095955334289652,0.5725451707839966,0.29695433378219604,0.5127978920936584,0.11634362443605345,0.1814098209142685,0.19534218533110864,0.13846336249330796,0.19534218533110864,0.18065598607063293,1.8343455791473389,1.653689593076706,915,3521,0.16098372638225555,1,2.1606128215789795,1.8343455791473389,0.09300413727760315,1680,0.007702020462602377,0.8279399871826172,0.0,0.0,1.9052586555480957,0.85,0.004500000271946192,2.889803886413574,0.38816097378730774,0,,0,-1.8343455791473389,1.0,0,0.0004759069124702364,0.9518137574195862,phase2_class0
31,2847.25,0.5559225628285385,0.11920292675495148,0.9835874848402231,0.7529305815696716,0.7062441988017889,0.5436625480651855,0.23463687300682068,0.5163120627403259,0.07544615212705033,0.1814098209142685,0.11306627781438847,0.08278558516423423,0.11306627781438847,0.14583709836006165,2.1343839168548584,1.9885468184947968,915,3521,0.15979702770709991,1,2.1606128215789795,2.1343839168548584,0.11069616675376892,1680,0.013698935508728027,0.7931484580039978,0.0,0.0,1.8413076400756836,0.85,0.014500000514090061,2.8942110538482666,0.3655465245246887,0,,0,-2.1343839168548584,1.0,0,0.0002779612841550261,0.5559225678443909,phase2_class0
32,2851.63,0.9558596648269664,0.11920292675495148,0.9805093058310691,0.750450849533081,0.7040339774421286,0.5845924615859985,0.3221065402030945,0.5168651938438416,0.12151695603118215,0.1814098209142685,0.21030271589013055,0.1459142166671854,0.21030271589013055,0.20018814504146576,1.7948280572891235,1.5946399122476578,915,3521,0.16314278542995453,1,2.1606128215789795,1.7948280572891235,0.10354764014482498,1680,0.010594645515084267,0.8275823593139648,0.0,0.0,1.8987407684326172,0.85,0.0005000000237487257,2.861196994781494,0.3879285454750061,0,,0,-1.7948280572891235,1.0,0,0.00047792986151762307,0.9558596611022949,phase2_class0
33,2856.0,0.8860875754004384,0.11920292675495148,0.9890250265589892,0.7515780329704285,0.7101485106742047,0.5521939992904663,0.25338754057884216,0.5077083706855774,0.09345022759617161,0.1814098209142685,0.1619579086103672,0.1137256527918655,0.1619579086103672,0.15654949843883514,1.9453433752059937,1.7887938767671585,915,3521,0.15778633952140808,1,2.1606128215789795,1.9453433752059937,0.09978941828012466,1680,0.010524559766054153,0.7597038745880127,0.0,0.0,1.8769608736038208,0.85,0.030000001192092896,2.9043145179748535,0.3444196283817291,0,,0,-1.9453433752059937,1.0,0,0.0004430438275448978,0.8860875964164734,phase2_class0
34,2860.37,0.9630232918930546,0.11920292675495148,0.9760943635400702,0.7477457523345947,0.7008639214693555,0.5654850602149963,0.28406909108161926,0.5194185376167297,0.10852077232157409,0.1814098209142685,0.1830596878899623,0.1297544775666367,0.1830596878899623,0.20657871663570404,1.730644941329956,1.524066224694252,915,3521,0.14686624705791473,1,2.1606128215789795,1.730644941329956,0.11298404633998871,1680,0.011055070906877518,0.8501911163330078,0.0,0.0,1.8432103395462036,0.85,0.0010000000474974513,2.8882174491882324,0.402624249458313,0,,0,-1.730644941329956,1.0,0,0.0004815116699319333,0.96302330493927,phase2_class0
35,2864.73,0.8948135598333785,0.11920292675495148,0.9866198319654278,0.7531560063362122,0.7084215115461423,0.5595621466636658,0.2675585448741913,0.5105713605880737,0.09196188986300774,0.1814098209142685,0.16054177591452728,0.11103537129283782,0.16054177591452728,0.1602228730916977,1.9329193830490112,1.7726965099573135,915,3521,0.15365339815616608,1,2.1606128215789795,1.9329193830490112,0.11825264245271683,1680,0.009525379166007042,0.7840213775634766,0.0,0.0,1.8320673704147339,0.85,0.020500000566244125,2.9070982933044434,0.3604741394519806,0,,0,-1.9329193830490112,1.0,0,0.00044740678276866674,0.8948135375976562,phase2_class0
36,2869.12,0.9170912314538974,0.11920292675495148,0.9749544423239036,0.7536068558692932,0.7000454251399318,0.5663533210754395,0.281393826007843,0.5156558156013489,0.09659234289811483,0.1814098209142685,0.16014918467211622,0.11240720112913838,0.16014918467211622,0.18309229612350464,1.8843003511428833,1.7012080550193787,915,3521,0.15448443591594696,1,2.1606128215789795,1.8843003511428833,0.0911615639925003,1680,0.009021228179335594,0.7995785474777222,0.0,0.0,1.9412332773208618,0.85,0.0005000000237487257,2.8434805870056152,0.3697260916233063,0,,0,-1.8843003511428833,1.0,0,0.0004585456335917115,0.9170912504196167,phase2_class0
37,2873.48,0.9308584698297359,0.11920292675495148,0.9844214684378927,0.749549150466919,0.7068430230922848,0.5737159252166748,0.299936980009079,0.5138474702835083,0.11533701770640792,0.1814098209142685,0.1994363511448241,0.13951513623809275,0.1994363511448241,0.18277662992477417,1.8750879764556885,1.6923113465309143,915,3521,0.16351328790187836,1,2.1606128215789795,1.8750879764556885,0.11446212977170944,1680,0.009625296108424664,0.7922840118408203,0.0,0.0,1.8371716737747192,0.85,0.00800000037997961,2.8987505435943604,0.3649846315383911,0,,0,-1.8750879764556885,1.0,0,0.0004654292715713382,0.9308584928512573,phase2_class0
38,2877.85,0.9018464344650386,0.11920292675495148,0.9853486827054758,0.751803457736969,0.7075087896942593,0.5528428554534912,0.2545700967311859,0.5082091093063354,0.09373423782053969,0.1814098209142685,0.16298145006379608,0.11423742351857993,0.16298145006379608,0.15241919457912445,1.922655701637268,1.7702365070581436,915,3521,0.14697173237800598,1,2.1606128215789795,1.922655701637268,0.13351139426231384,1680,0.006879706401377916,0.8519200682640076,0.0,0.0,1.7885706424713135,0.85,0.0,2.843421220779419,0.4037480652332306,0,,0,-1.922655701637268,1.0,0,0.0004509232530836016,0.9018464684486389,phase2_class0
39,2882.21,0.8696156553301024,0.11920292675495148,0.9724315342164392,0.7484220266342163,0.6982339043118724,0.5642344355583191,0.280927836894989,0.5198311805725098,0.10539665985352523,0.1814098209142685,0.17896552207624683,0.12633160849625694,0.17896552207624683,0.1790628433227539,1.9471017122268677,1.7680388689041138,915,3521,0.1601760983467102,1,2.1606128215789795,1.9471017122268677,0.11216765642166138,1680,0.011670852079987526,0.7954915165901184,0.0,0.0,1.8554182052612305,0.85,0.0,2.8776214122772217,0.3670694828033447,0,,0,-1.9471017122268677,1.0,0,0.00043480785097926855,0.8696156740188599,phase2_class0
40,2886.57,0.9272004144971138,0.11920292675495148,0.984105150093544,0.757889986038208,0.7066158973926251,0.5513029098510742,0.2468443065881729,0.5067986845970154,0.08062662277699921,0.1814098209142685,0.1506989526226497,0.10122144556691576,0.1506989526226497,0.16570045053958893,1.8815336227416992,1.7158331722021103,915,3521,0.1521937996149063,1,2.1606128215789795,1.8815336227416992,0.0806184858083725,1680,0.010083397850394249,0.8355491161346436,0.0,0.0,1.9789961576461792,0.85,0.0010000000474974513,2.869286298751831,0.39310693740844727,0,,0,-1.8815336227416992,1.0,0,0.00046360024134628475,0.927200436592102,phase2_class0
41,2890.95,0.943490735791725,0.11920292675495148,0.9859437137458045,0.7461677193641663,0.707936039152814,0.5816136002540588,0.31922611594200134,0.5159682035446167,0.13849642193676348,0.1814098209142685,0.2260484289339746,0.16325044655889187,0.2260484289339746,0.17630338668823242,1.8504939079284668,1.6741905212402344,915,3521,0.16938771307468414,1,2.1606128215789795,1.8504939079284668,0.11755788326263428,1680,0.010942569933831692,0.8571470379829407,0.0,0.0,1.8176671266555786,0.85,0.0,2.8812804222106934,0.40714558959007263,0,,0,-1.8504939079284668,1.0,0,0.0004717453848570585,0.943490743637085,phase2_class0
42,2895.31,0.966653527261335,0.11920292675495148,0.9888225044735051,0.7502254247665405,0.7100030939723792,0.5820325613021851,0.31689274311065674,0.5133008360862732,0.1101314051677445,0.1814098209142685,0.17471712398872702,0.12397725587984133,0.17471712398872702,0.19668392837047577,1.7830982208251953,1.5864142924547195,915,3521,0.1482631266117096,1,2.1606128215789795,1.7830982208251953,0.12638993561267853,1680,0.010294947773218155,0.7953862547874451,0.0,0.0,1.8121376037597656,0.85,0.010500000789761543,2.8513097763061523,0.36700108647346497,0,,0,-1.7830982208251953,1.0,0,0.00048332675942219794,0.9666534662246704,phase2_class0
43,2899.7,0.879194963445467,0.11920292675495148,0.9866515617312387,0.751803457736969,0.7084442944336624,0.5698730945587158,0.29013538360595703,0.5104424953460693,0.10511264962915715,0.1814098209142685,0.1714081406598337,0.12177095585255687,0.1714081406598337,0.16596326231956482,1.95042085647583,1.7844575941562653,915,3521,0.1696022003889084,1,2.1606128215789795,1.95042085647583,0.11480551958084106,1680,0.009365314617753029,0.8193041086196899,0.0,0.0,1.836336374282837,0.85,0.0,2.8780720233917236,0.38254764676094055,0,,0,-1.95042085647583,1.0,0,0.0004395974974613637,0.879194974899292,phase2_class0
44,2904.06,0.8856844253963841,0.11920292675495148,0.9750987931720677,0.7477457523345947,0.7001490732146373,0.5672240853309631,0.2877148389816284,0.5130600929260254,0.11079285411651868,0.1814098209142685,0.2018760252940929,0.1391584446821829,0.2018760252940929,0.16394779086112976,1.931304931640625,1.7673571407794952,915,3521,0.16017818450927734,1,2.1606128215789795,1.931304931640625,0.14811240136623383,1680,0.009196694940328598,0.7809480428695679,0.0,0.0,1.7195035219192505,0.85,0.0215000007301569,2.842381477355957,0.35810205340385437,0,,0,-1.931304931640625,1.0,0,0.000442842225311324,0.8856844305992126,phase2_class0
45,2908.43,0.8594442360060471,0.11920292675495148,0.983823303593533,0.7524797320365906,0.7064135234719995,0.5494077205657959,0.2469135969877243,0.5123011469841003,0.08283041796062035,0.1814098209142685,0.15479311843636517,0.1048198475852033,0.15479311843636517,0.16826112568378448,1.9673175811767578,1.7990564554929733,915,3521,0.15321919322013855,1,2.1606128215789795,1.9673175811767578,0.1253393590450287,1680,0.00945756770670414,0.8358244895935059,0.0,0.0,1.8073678016662598,0.85,0.007500000298023224,2.8728160858154297,0.3934732675552368,0,,0,-1.9673175811767578,1.0,0,0.00042972216033376753,0.859444260597229,phase2_class0
46,2912.8,0.977612751792524,0.11920292675495148,0.9908498798186153,0.7457168698310852,0.7114588079768233,0.6088550686836243,0.37748345732688904,0.5157251358032227,0.17373169259229942,0.1814098209142685,0.2911624907110108,0.20678855723647166,0.2911624907110108,0.19515083730220795,1.7304037809371948,1.5352529436349869,915,3521,0.17901422083377838,1,2.1606128215789795,1.7304037809371948,0.10878221690654755,1680,0.008760745637118816,0.8378670811653137,0.0,0.0,1.8600889444351196,0.85,0.0005000000237487257,2.876314640045166,0.3946135640144348,0,,0,-1.7304037809371948,1.0,0,0.0004888063995167613,0.9776127934455872,phase2_class0
47,2917.21,0.9622174575909698,0.11920292675495148,0.9877891325943824,0.7477457523345947,0.7092611031417884,0.5659216642379761,0.2849840521812439,0.5140026211738586,0.11046569916954169,0.1814098209142685,0.18408322934339114,0.1312531542823859,0.18408322934339114,0.17967106401920319,1.7978373765945435,1.6181663125753403,915,3521,0.14348484575748444,1,2.1606128215789795,1.7978373765945435,0.12354274094104767,1680,0.009993021376430988,0.8223021626472473,0.0,0.0,1.8202003240585327,0.85,0.0035000001080334187,2.883593797683716,0.38449642062187195,0,,0,-1.7978373765945435,1.0,0,0.00048110875650309026,0.9622174501419067,phase2_class0
48,2921.58,0.9217113595537711,0.11920292675495148,0.9761623279149862,0.7468439936637878,0.7009127218518831,0.5674035549163818,0.28879037499427795,0.5171656012535095,0.11031112311300038,0.1814098209142685,0.18920093661053547,0.1332097805148914,0.18920093661053547,0.18233191967010498,1.877719759941101,1.695387840270996,915,3521,0.1626400649547577,1,2.1606128215789795,1.877719759941101,0.10419057309627533,1680,0.009135987609624863,0.8240398168563843,0.0,0.0,1.8661344051361084,0.85,0.014500000514090061,2.8783254623413086,0.3857317864894867,0,,0,-1.877719759941101,1.0,0,0.0004608557210303843,0.9217113852500916,phase2_class0
49,2925.95,0.883875042678596,0.11920292675495148,0.9835232418575937,0.750450849533081,0.7061980704863162,0.5644227266311646,0.279765784740448,0.515302300453186,0.10113650648800407,0.1814098209142685,0.16117272612554506,0.11586708506339997,0.16117272612554506,0.17257869243621826,1.9423458576202393,1.769767165184021,915,3521,0.1566423773765564,1,2.1606128215789795,1.9423458576202393,0.13161176443099976,1680,0.01009572483599186,0.7743977308273315,0.0,0.0,1.772992730140686,0.85,0.007500000298023224,2.8872005939483643,0.35338184237480164,0,,0,-1.9423458576202393,1.0,0,0.0004419375618454069,0.8838750720024109,phase2_class0
50,2930.37,0.9579534643355301,0.11920292675495148,0.9944371061200058,0.7529305815696716,0.7140345399825612,0.5800918340682983,0.31069183349609375,0.503658652305603,0.12445048677490095,0.1814098209142685,0.19392605263526871,0.14111329746001772,0.19392605263526871,0.16968153417110443,1.8338192701339722,1.6641377359628677,915,3521,0.15852613747119904,1,2.1606128215789795,1.8338192701339722,0.12400507181882858,1680,0.013265620917081833,0.7709673643112183,0.0,0.0,1.8042527437210083,0.85,0.005000000353902578,2.891695499420166,0.35112878680229187,0,,0,-1.8338192701339722,1.0,0,0.00047897675540298223,0.9579534530639648,phase2_class0
51,2934.74,0.9355868397395338,0.11920292675495148,0.9777049429490976,0.7472948431968689,0.7020203639636599,0.5677449107170105,0.28915664553642273,0.5147464871406555,0.11525072826119007,0.1814098209142685,0.18920093661053547,0.13597815918801173,0.18920093661053547,0.17588233947753906,1.8505432605743408,1.6746609210968018,915,3521,0.15405984222888947,1,2.1606128215789795,1.8505432605743408,0.1415775716304779,1680,0.006848215125501156,0.8075568675994873,0.0,0.0,1.7560384273529053,0.85,0.0005000000237487257,2.858314275741577,0.37491193413734436,0,,0,-1.8505432605743408,1.0,0,0.00046779346303083,0.9355868697166443,phase2_class0
52,2939.09,0.6520797934346414,0.11920292675495148,0.9868274464824616,0.7529305815696716,0.7085705847607796,0.550228476524353,0.24828532338142395,0.5132607817649841,0.08145351156138889,0.1814098209142685,0.15581665988979404,0.10434471232288295,0.15581665988979404,0.14959292113780975,2.0939338207244873,1.9443408995866776,915,3521,0.16586031019687653,1,2.1606128215789795,2.0939338207244873,0.15352796018123627,1680,0.011513464152812958,0.8151847720146179,0.0,0.0,1.737703561782837,0.85,0.0020000000949949026,2.871976613998413,0.37987008690834045,0,,0,-2.0939338207244873,1.0,0,0.00032603993895463645,0.6520798206329346,phase2_class0
53,2943.47,0.8455739230229744,0.11920292675495148,0.9800799746788633,0.7542831301689148,0.7037257052850673,0.5521970391273499,0.25137361884117126,0.5147192478179932,0.0781316783141898,0.1814098209142685,0.12841939961582144,0.08985991866388407,0.12841939961582144,0.1582435816526413,1.9767721891403198,1.8185286074876785,915,3521,0.1418791562318802,1,2.1606128215789795,1.9767721891403198,0.12189698964357376,1680,0.00840933620929718,0.7524197101593018,0.0,0.0,1.8179928064346313,0.85,0.039500001817941666,2.8771309852600098,0.34019914269447327,0,,0,-1.9767721891403198,1.0,0,0.000422786979470402,0.845573902130127,phase2_class0
54,2947.85,0.8633734435635049,0.11920292675495148,0.9816535360277779,0.7540577054023743,0.7048555677439315,0.5460003614425659,0.23866017162799835,0.5115436315536499,0.07573016235141841,0.1814098209142685,0.13085907376509023,0.09049853627004717,0.13085907376509023,0.1547957807779312,1.9618335962295532,1.807037815451622,915,3521,0.14353328943252563,1,2.1606128215789795,1.9618335962295532,0.12858064472675323,1680,0.006906027905642986,0.7661871910095215,0.0,0.0,1.8024734258651733,0.85,0.04650000110268593,2.8663575649261475,0.34938758611679077,0,,0,-1.9618335962295532,1.0,0,0.00043168672709725797,0.8633733987808228,phase2_class0
55,2952.22,0.8109498356983997,0.11920292675495148,0.976018172929574,0.7529305815696716,0.7008092144122859,0.5477322936058044,0.24309390783309937,0.5199416279792786,0.07448269012001371,0.1814098209142685,0.13597678103223454,0.09186133827452417,0.13597678103223454,0.16064435243606567,2.0014281272888184,1.8407837748527527,915,3521,0.1449470967054367,1,2.1606128215789795,2.0014281272888184,0.12041198462247849,1680,0.00773743586614728,0.8048721551895142,0.0,0.0,1.8219363689422607,0.85,0.002500000176951289,2.8428239822387695,0.37316691875457764,0,,0,-2.0014281272888184,1.0,0,0.00040547491516917944,0.8109498023986816,phase2_class0
56,2956.61,0.9334827817159248,0.11920292675495148,0.9825936772369877,0.7436880469322205,0.7055306162630439,0.5737389326095581,0.304587185382843,0.5172902345657349,0.12070807008068685,0.1814098209142685,0.1665287923612961,0.12796227409935015,0.1665287923612961,0.1882207989692688,1.8661285638809204,1.6779077649116516,915,3521,0.15721310675144196,1,2.1606128215789795,1.8661285638809204,0.11159928143024445,1680,0.0071272458881139755,0.8354520797729492,0.0,0.0,1.864512324333191,0.85,0.0035000001080334187,2.8645880222320557,0.39304646849632263,0,,0,-1.8661285638809204,1.0,0,0.00046674141776748,0.9334827661514282,phase2_class0
57,2961.01,0.9621213182183234,0.11920292675495148,0.9849851614379147,0.751803457736969,0.7072477709335359,0.5694353580474854,0.28921884298324585,0.509076714515686,0.11005225477734686,0.1814098209142685,0.18510677079682,0.13079482536614181,0.18510677079682,0.17779462039470673,1.7866544723510742,1.6088598519563675,915,3521,0.1562184989452362,1,2.1606128215789795,1.7866544723510742,0.09909087419509888,1680,0.01011146605014801,0.8794458508491516,0.0,0.0,1.89239501953125,0.85,0.0,2.8633177280426025,0.4216398000717163,0,,0,-1.7866544723510742,1.0,0,0.00048106067697517574,0.962121307849884,phase2_class0
58,2965.4,0.9088540119042332,0.11920292675495148,0.9813969558227646,0.7565374374389648,0.7046713357522573,0.5441300272941589,0.23295454680919647,0.5109953880310059,0.06725300034298502,0.1814098209142685,0.1236942835910882,0.0825880402254579,0.1236942835910882,0.1644439995288849,1.907812237739563,1.743368238210678,915,3521,0.13397808372974396,1,2.1606128215789795,1.907812237739563,0.09930429607629776,1680,0.006267680786550045,0.8461692929267883,0.0,0.0,1.9114725589752197,0.85,0.0005000000237487257,2.854421615600586,0.40001001954078674,0,,0,-1.907812237739563,1.0,0,0.0004544270341284573,0.9088540077209473,phase2_class0
59,2969.79,0.9266800805449311,0.11920292675495148,0.9783085919505111,0.7515780329704285,0.7024538013669733,0.5723013877868652,0.29539644718170166,0.5173092484474182,0.10467406334824775,0.1814098209142685,0.1775493893804069,0.12384627105077053,0.1775493893804069,0.17782162129878998,1.8718594312667847,1.6940378099679947,915,3521,0.14981557428836823,1,2.1606128215789795,1.8718594312667847,0.11077304184436798,1680,0.007944183424115181,0.8645201921463013,0.0,0.0,1.8662397861480713,0.85,0.0010000000474974513,2.847459077835083,0.4119381010532379,0,,0,-1.8718594312667847,1.0,0,0.00046334005310200155,0.9266800880432129,phase2_class0
60,2974.18,0.9363369057017408,0.11920292675495148,0.978797269516548,0.7515780329704285,0.7028046859618035,0.5675013065338135,0.2853437066078186,0.5114509463310242,0.09154130641599272,0.1814098209142685,0.18101260498310456,0.1186737385153949,0.18101260498310456,0.18622960150241852,1.8512723445892334,1.6650427430868149,915,3521,0.16228030622005463,1,2.1606128215789795,1.8512723445892334,0.11627354472875595,1680,0.010080153122544289,0.8406189680099487,0.0,0.0,1.8231406211853027,0.85,0.0,2.8866593837738037,0.39640235900878906,0,,0,-1.8512723445892334,1.0,0,0.0004681684949900955,0.9363369345664978,phase2_class0
61,2978.56,0.7257129211645479,0.11920292675495148,0.9778867035828781,0.75,0.7021508733440216,0.5558234453201294,0.2621423602104187,0.5140828490257263,0.09010325246025797,0.1814098209142685,0.17219332314465585,0.1158616341593101,0.17219332314465585,0.16339662671089172,2.0549092292785645,1.8915126025676727,915,3521,0.17728328704833984,1,2.1606128215789795,2.0549092292785645,0.11599139124155045,1680,0.01046147570014,0.8439136147499084,0.0,0.0,1.8193570375442505,0.85,0.0,2.8839938640594482,0.3985438346862793,0,,0,-2.0549092292785645,1.0,0,0.00036285645910538733,0.7257128953933716,phase2_class0
62,2982.94,0.9679420323766476,0.11920292675495148,0.9833830041272199,0.7488728761672974,0.706097375748882,0.5883695483207703,0.3313325345516205,0.5144133567810059,0.1432814510284119,0.1814098209142685,0.2530530979655361,0.17675278107467263,0.2530530979655361,0.19132891297340393,1.7467976808547974,1.5554687678813934,915,3521,0.15517595410346985,1,2.1606128215789795,1.7467976808547974,0.1282932162284851,1680,0.009008016437292099,0.8261705636978149,0.0,0.0,1.800239086151123,0.85,0.0,2.85608172416687,0.3870108723640442,0,,0,-1.7467976808547974,1.0,0,0.00048397103091701865,0.9679419994354248,phase2_class0
63,2987.31,0.9148591901588204,0.11920292675495148,0.9714138313574698,0.7527051568031311,0.6975031642899333,0.5500659346580505,0.2481151670217514,0.5191463828086853,0.0803606153865255,0.1814098209142685,0.14109448829937887,0.0971801674081785,0.14109448829937887,0.1760358214378357,1.8822565078735352,1.7062206864356995,915,3521,0.1316118985414505,1,2.1606128215789795,1.8822565078735352,0.14698097109794617,1680,0.008232049643993378,0.8278095722198486,0.0,0.0,1.717657446861267,0.85,0.0215000007301569,2.8891921043395996,0.3893219232559204,0,,0,-1.8822565078735352,1.0,0,0.0004574296181090176,0.9148591756820679,phase2_class0
64,2991.7,0.8467978030758585,0.11920292675495148,0.9823860627199539,0.7486474514007568,0.7053815430484066,0.5466655492782593,0.24406778812408447,0.5143459439277649,0.06975880858486863,0.1814098209142685,0.14007094684595,0.0913155754561694,0.14007094684595,0.16954903304576874,1.977428913116455,1.8078798800706863,915,3521,0.1502365618944168,1,2.1606128215789795,1.977428913116455,0.09736920893192291,1680,0.008793270215392113,0.8289124369621277,0.0,0.0,1.9086785316467285,0.85,0.005000000353902578,2.8990578651428223,0.38879311084747314,0,,0,-1.977428913116455,1.0,0,0.0004233989166095853,0.8467977643013,phase2_class0
65,2996.05,0.901404467546992,0.11920292675495148,0.9826469519055094,0.75225430727005,0.7055688690124602,0.5588935613632202,0.26684457063674927,0.5118890404701233,0.08621339876432274,0.1814098209142685,0.16054177591452728,0.10786970927219215,0.16054177591452728,0.16763930022716522,1.9199612140655518,1.7523219138383865,915,3521,0.1461348533630371,1,2.1606128215789795,1.9199612140655518,0.11565503478050232,1680,0.010331651195883751,0.8284861445426941,0.0,0.0,1.8179649114608765,0.85,0.024500001221895218,2.89148211479187,0.38868775963783264,0,,0,-1.9199612140655518,1.0,0,0.0004507022676989436,0.9014045000076294,phase2_class0
66,3000.41,0.9328208131651055,0.11920292675495148,0.9715630787744318,0.7445897459983826,0.6976103282423424,0.5732143521308899,0.3027692437171936,0.5193895697593689,0.11786796783700607,0.1814098209142685,0.22234685436267018,0.1513340585023886,0.22234685436267018,0.19090290367603302,1.8424845933914185,1.6515816897153854,915,3521,0.16892214119434357,1,2.1606128215789795,1.8424845933914185,0.15014298260211945,1680,0.008807681500911713,0.8166667222976685,0.0,0.0,1.7426687479019165,0.85,0.004500000271946192,2.8763821125030518,0.38083338737487793,0,,0,-1.8424845933914185,1.0,0,0.00046641044900752604,0.9328208565711975,phase2_class0
67,3004.76,0.7559330003348838,0.11920292675495148,0.9782882222243113,0.7441388964653015,0.7024391753157258,0.5588282346725464,0.2729019820690155,0.5191537141799927,0.10795275187283793,0.1814098209142685,0.17384781480910252,0.1265243271897288,0.17384781480910252,0.15965166687965393,2.03824520111084,1.878593534231186,915,3521,0.17165113985538483,1,2.1606128215789795,2.03824520111084,0.15176038444042206,1680,0.008296766318380833,0.8619371652603149,0.0,0.0,1.744706630706787,0.85,0.0,2.8369784355163574,0.4102591276168823,0,,0,-2.03824520111084,1.0,0,0.00037796649849042296,0.7559329867362976,phase2_class0
68,3009.12,0.8306108847967518,0.11920292675495148,0.9746684827061024,0.7554103136062622,0.6998400978820353,0.5385553240776062,0.2222222238779068,0.5160670876502991,0.05529942903081123,0.1814098209142685,0.1144824105102284,0.07245374951182554,0.1144824105102284,0.16985979676246643,1.9854179620742798,1.8155581653118134,915,3521,0.12976093590259552,1,2.1606128215789795,1.9854179620742798,0.1076497882604599,1680,0.008162122219800949,0.8554602265357971,0.0,0.0,1.8605220317840576,0.85,0.0,2.8685920238494873,0.4060491919517517,0,,0,-1.9854179620742798,1.0,0,0.00041530546150170267,0.8306108713150024,phase2_class0
69,3013.48,0.9701022471123859,0.11920292675495148,0.9885255765415967,0.7506762742996216,0.7097898911484264,0.5766767263412476,0.30527639389038086,0.5103257894515991,0.11675706882824832,0.1814098209142685,0.18983188682155328,0.13550326918498898,0.18983188682155328,0.19134101271629333,1.7642345428466797,1.5728935301303864,915,3521,0.1646633893251419,1,2.1606128215789795,1.7642345428466797,0.12149164080619812,1680,0.008049201220273972,0.7569841742515564,0.0,0.0,1.8172732591629028,0.85,0.06100000441074371,2.86899995803833,0.34370702505111694,0,,0,-1.7642345428466797,1.0,0,0.0004850511613767594,0.9701022505760193,phase2_class0
70,3017.85,0.8873286810434993,0.11920292675495148,0.9775694059247698,0.749549150466919,0.7019230444688211,0.555493175983429,0.26179400086402893,0.5180111527442932,0.09342508570745706,0.1814098209142685,0.14274897996382552,0.10469400476402782,0.14274897996382552,0.17063495516777039,1.9320393800735474,1.761404424905777,915,3521,0.14947183430194855,1,2.1606128215789795,1.9320393800735474,0.15067826211452484,1680,0.008311646059155464,0.7871981859207153,0.0,0.0,1.7334591150283813,0.85,0.010000000707805157,2.8665950298309326,0.361678808927536,0,,0,-1.9320393800735474,1.0,0,0.00044366437941789627,0.8873287439346313,phase2_class0
71,3022.26,0.9016055216267433,0.11920292675495148,0.9779564307225612,0.7536068558692932,0.7022009394425225,0.5645343065261841,0.2775941789150238,0.5160715579986572,0.08881263550624435,0.1814098209142685,0.15605501885840076,0.10641249426614147,0.15605501885840076,0.16886185109615326,1.9137290716171265,1.7448672205209732,915,3521,0.14750592410564423,1,2.1606128215789795,1.9137290716171265,0.1394260674715042,1680,0.007078503258526325,0.7584468126296997,0.0,0.0,1.7703704833984375,0.85,0.017500000074505806,2.857260227203369,0.3431384861469269,0,,0,-1.9137290716171265,1.0,0,0.0004508027923293412,0.9016055464744568,phase2_class0
72,3026.63,0.9387496558524995,0.11920292675495148,0.9747701354743482,0.7488728761672974,0.6999130875031643,0.5654564499855042,0.28314027190208435,0.5201547145843506,0.09632633550764114,0.1814098209142685,0.15156826180227423,0.1086811528166124,0.15156826180227423,0.19294686615467072,1.8345667123794556,1.6416198462247849,915,3521,0.13734139502048492,1,2.1606128215789795,1.8345667123794556,0.11748415976762772,1680,0.009574675932526588,0.7993479371070862,0.0,0.0,1.8256229162216187,0.85,0.012500000186264515,2.852381944656372,0.3695761263370514,0,,0,-1.8345667123794556,1.0,0,0.00046937481965869665,0.9387496113777161,phase2_class0
73,3030.99,0.9214673260770071,0.11920292675495148,0.9784578393674731,0.750450849533081,0.7025609653193824,0.5434468984603882,0.2360248565673828,0.5163969397544861,0.07614360674361326,0.1814098209142685,0.13085907376509023,0.09127209503250254,0.13085907376509023,0.17626410722732544,1.8823045492172241,1.7060404419898987,915,3521,0.12542486190795898,1,2.1606128215789795,1.8823045492172241,0.1409260630607605,1680,0.00785209983587265,0.8144912123680115,0.0,0.0,1.7549877166748047,0.85,0.005000000353902578,2.875060796737671,0.3794192671775818,0,,0,-1.8823045492172241,1.0,0,0.00046073365956544876,0.9214673042297363,phase2_class0
74,3035.38,0.9605228011405349,0.11920292675495148,0.9825897599819493,0.7454914450645447,0.705527803560881,0.5834034085273743,0.32354703545570374,0.5171176791191101,0.13449513690689585,0.1814098209142685,0.21746750606413257,0.15677702750584094,0.21746750606413257,0.1876739114522934,1.7832729816436768,1.5955990701913834,915,3521,0.1647191047668457,1,2.1606128215789795,1.7832729816436768,0.1327405869960785,1680,0.006439088378101587,0.7922526001930237,0.0,0.0,1.7969353199005127,0.85,0.0005000000237487257,2.831928014755249,0.36496421694755554,0,,0,-1.7832729816436768,1.0,0,0.00048026139847934246,0.9605227708816528,phase2_class0
75,3039.76,0.9027379714844344,0.11920292675495148,0.9873188661270256,0.7542831301689148,0.708923438247124,0.5735198855400085,0.29586562514305115,0.5117653608322144,0.1083913381537473,0.1814098209142685,0.19022447806396434,0.13138406860816348,0.19022447806396434,0.17634789645671844,1.9238404035568237,1.7474925071001053,915,3521,0.1607038676738739,1,2.1606128215789795,1.9238404035568237,0.1392345279455185,1680,0.014033118262887001,0.821314811706543,0.0,0.0,1.743235468864441,0.85,0.0,2.884471893310547,0.38385462760925293,0,,0,-1.9238404035568237,1.0,0,0.00045136900735087693,0.9027379751205444,phase2_class0
76,3044.15,0.9035537377838584,0.11920292675495148,0.9720300155750059,0.7506762742996216,0.6979456023401681,0.5586593747138977,0.26754966378211975,0.5162156820297241,0.08658369843390865,0.1814098209142685,0.17731103041180019,0.11565210911976197,0.17731103041180019,0.16723737120628357,1.9026280641555786,1.735390692949295,915,3521,0.14660105109214783,1,2.1606128215789795,1.9026280641555786,0.12889355421066284,1680,0.008520533330738544,0.8439357280731201,0.0,0.0,1.7758991718292236,0.85,0.012000000104308128,2.8887622356414795,0.3985861539840698,0,,0,-1.9026280641555786,1.0,0,0.00045177689753472805,0.9035537242889404,phase2_class0
77,3048.52,0.7924071781025067,0.11920292675495148,0.9787669107900008,0.7547339797019958,0.7027828875200406,0.5490252375602722,0.24444444477558136,0.5157209634780884,0.07221060832506909,0.1814098209142685,0.13597678103223454,0.09028901123049901,0.13597678103223454,0.158815398812294,2.0158731937408447,1.8570577949285507,915,3521,0.14989903569221497,1,2.1606128215789795,2.0158731937408447,0.12454936653375626,1680,0.009061179123818874,0.8294149041175842,0.0,0.0,1.7933905124664307,0.85,0.0,2.8849663734436035,0.3891197144985199,0,,0,-2.0158731937408447,1.0,0,0.0003962036280427128,0.792407214641571,phase2_class0
78,3052.93,0.9571607507784137,0.11920292675495148,0.9778792607983053,0.7448151707649231,0.702145529209912,0.586654543876648,0.33096930384635925,0.517680287361145,0.1341428400712043,0.1814098209142685,0.21298074900800607,0.15392721999019193,0.21298074900800607,0.18243230879306793,1.7773184776306152,1.5948861688375473,915,3521,0.16858074069023132,1,2.1606128215789795,1.7773184776306152,0.09243866056203842,1680,0.00642672274261713,0.8036333322525024,0.0,0.0,1.9333910942077637,0.85,0.016499999910593033,2.8787951469421387,0.3723663091659546,0,,0,-1.7773184776306152,1.0,0,0.000478580390335992,0.9571607112884521,phase2_class0
79,3057.29,0.8153227261835176,0.11920292675495148,0.9702006574720856,0.7533814311027527,0.6966320704300621,0.5539921522140503,0.2557823061943054,0.518407940864563,0.08210782145534287,0.1814098209142685,0.16298145006379608,0.10732908159533638,0.16298145006379608,0.1682453751564026,1.9945181608200073,1.8262727856636047,915,3521,0.14832669496536255,1,2.1606128215789795,1.9945181608200073,0.14366629719734192,1680,0.00928444042801857,0.8792845606803894,0.0,0.0,1.7488950490951538,0.85,0.0,2.860121250152588,0.4215349853038788,0,,0,-1.9945181608200073,1.0,0,0.00040766139863990247,0.815322756767273,phase2_class0
80,3061.67,0.9510063666063981,0.11920292675495148,0.9806068454815248,0.7520288825035095,0.7041040137259866,0.5726479291915894,0.2957746386528015,0.5103350281715393,0.11512129409336332,0.1814098209142685,0.1775493893804069,0.12977611015801743,0.1775493893804069,0.16188357770442963,1.813639760017395,1.6517561823129654,915,3521,0.14657926559448242,1,2.1606128215789795,1.813639760017395,0.13050372898578644,1680,0.007647206541150808,0.8614274859428406,0.0,0.0,1.7847288846969604,0.85,0.0,2.870907783508301,0.4099278748035431,0,,0,-1.813639760017395,1.0,0,0.0004755032423418015,0.9510064125061035,phase2_class0
81,3066.04,0.8979325074066005,0.11920292675495148,0.9770421433966048,0.7542831301689148,0.7015444547576857,0.5668656229972839,0.281949907541275,0.5148200988769531,0.09436340582577912,0.1814098209142685,0.18959352785294653,0.12416865475244915,0.18959352785294653,0.17743290960788727,1.9176868200302124,1.7402539104223251,915,3521,0.15389050543308258,1,2.1606128215789795,1.9176868200302124,0.12020514160394669,1680,0.008314595557749271,0.8045495748519897,0.0,0.0,1.823279619216919,0.85,0.007500000298023224,2.860546588897705,0.3730718195438385,0,,0,-1.9176868200302124,1.0,0,0.00044896628241986036,0.8979325294494629,phase2_class0
82,3070.42,0.9250644453509155,0.11920292675495148,0.9783254361471759,0.750450849533081,0.702465895986274,0.5684056878089905,0.288102924823761,0.5169808864593506,0.10074106492970358,0.1814098209142685,0.18510677079682,0.1256511497809075,0.18510677079682,0.1787487119436264,1.8751469850540161,1.6963982731103897,915,3521,0.15073037147521973,1,2.1606128215789795,1.8751469850540161,0.12257272005081177,1680,0.005846926011145115,0.8347600102424622,0.0,0.0,1.8028217554092407,0.85,0.0,2.883185386657715,0.39259400963783264,0,,0,-1.8751469850540161,1.0,0,0.00046253224718384445,0.9250644445419312,phase2_class0
83,3074.77,0.7628842801130498,0.11920292675495148,0.9778823946023361,0.7520288825035095,0.7021477793716424,0.5460817217826843,0.2403315007686615,0.5152350664138794,0.07861340931770812,0.1814098209142685,0.1339296981253768,0.09360197390769653,0.1339296981253768,0.15997804701328278,2.0339651107788086,1.8739870637655258,915,3521,0.15061958134174347,1,2.1606128215789795,2.0339651107788086,0.15047982335090637,1680,0.009096289053559303,0.8467669486999512,0.0,0.0,1.7338865995407104,0.85,0.0,2.8623125553131104,0.40039852261543274,0,,0,-2.0339651107788086,1.0,0,0.000381442136131227,0.762884259223938,phase2_class0
84,3079.18,0.9244349819350564,0.11920292675495148,0.9815301424940692,0.7472948431968689,0.704766967625798,0.5611670613288879,0.2753716707229614,0.5165378451347351,0.08883063834013871,0.1814098209142685,0.12968130003785702,0.09536657660880885,0.12968130003785702,0.18862535059452057,1.8821663856506348,1.6935410350561142,915,3521,0.15437403321266174,1,2.1606128215789795,1.8821663856506348,0.11536073684692383,1680,0.010133747011423111,0.8216965794563293,0.0,0.0,1.8215478658676147,0.85,0.011500000953674316,2.877610921859741,0.38436371088027954,0,,0,-1.8821663856506348,1.0,0,0.00046221751836128533,0.924435019493103,phase2_class0
85,3083.53,0.7923728227520795,0.11920292675495148,0.9827237301042617,0.7466185688972473,0.7056239979748545,0.568940281867981,0.29219144582748413,0.5133839249610901,0.12388246632616479,0.1814098209142685,0.19329510242425094,0.14256248869251806,0.19329510242425094,0.1538209468126297,2.0179965496063232,1.8641756027936935,915,3521,0.1847156137228012,1,2.1606128215789795,2.0179965496063232,0.17177262902259827,1680,0.009113808162510395,0.7844452261924744,0.0,0.0,1.6684502363204956,0.85,0.020000001415610313,2.8657443523406982,0.36010634899139404,0,,0,-2.0179965496063232,1.0,0,0.0003961864276789129,0.7923728227615356,phase2_class0
86,3087.9,0.8936647173824672,0.11920292675495148,0.9792365896691017,0.7542831301689148,0.7031201305093804,0.5497074127197266,0.24619638919830322,0.5124564170837402,0.06703013767512023,0.1814098209142685,0.13802386393909227,0.08814689066328223,0.13802386393909227,0.17132702469825745,1.9260153770446777,1.7546883523464203,915,3521,0.14383752644062042,1,2.1606128215789795,1.9260153770446777,0.13803184032440186,1680,0.008755015209317207,0.8417292833328247,0.0,0.0,1.766910195350647,0.85,0.012000000104308128,2.8627841472625732,0.3971455991268158,0,,0,-1.9260153770446777,1.0,0,0.00044683238957077265,0.8936647176742554,phase2_class0
87,3092.24,0.8982675380763829,0.11920292675495148,0.9859053246464287,0.7515780329704285,0.7079084746716171,0.5512198805809021,0.2513587176799774,0.5118277668952942,0.07441440350869025,0.1814098209142685,0.115744310932264,0.08232212110649113,0.115744310932264,0.16991029679775238,1.9278873205184937,1.7579770237207413,915,3521,0.14553308486938477,1,2.1606128215789795,1.9278873205184937,0.12111110240221024,1680,0.006673556286841631,0.7656440734863281,0.0,0.0,1.8312939405441284,0.85,0.030000001192092896,2.8900983333587646,0.3496483266353607,0,,0,-1.9278873205184937,1.0,0,0.0004491338040679693,0.8982675671577454,phase2_class0
88,3096.6,0.8458114657967531,0.11920292675495148,0.9764298764341071,0.7490983009338379,0.7011048294096138,0.5584182739257812,0.26824459433555603,0.5183246731758118,0.09521543649888335,0.1814098209142685,0.16463594172824272,0.11503525824516977,0.16463594172824272,0.17731314897537231,1.973811149597168,1.7964980006217957,915,3521,0.16559600830078125,1,2.1606128215789795,1.973811149597168,0.14209778606891632,1680,0.009945976547896862,0.8105224370956421,0.0,0.0,1.7414942979812622,0.85,0.0,2.857280969619751,0.3768395781517029,0,,0,-1.973811149597168,1.0,0,0.0004229057230986655,0.8458114266395569,phase2_class0
89,3100.95,0.81513831139423,0.11920292675495148,0.9769179664118883,0.7533814311027527,0.7014552920991196,0.554477870464325,0.25679346919059753,0.5143280029296875,0.0881834675010049,0.1814098209142685,0.16400499151722495,0.11119885363668056,0.16400499151722495,0.16471634805202484,1.9989005327224731,1.8341841846704483,915,3521,0.1468970626592636,1,2.1606128215789795,1.9989005327224731,0.12603060901165009,1680,0.009581279940903187,0.7560779452323914,0.0,0.0,1.8134750127792358,0.85,0.026500001549720764,2.8821184635162354,0.34145066142082214,0,,0,-1.9989005327224731,1.0,0,0.00040756919770501554,0.8151383399963379,phase2_class0
90,3105.31,0.9303315494290115,0.11920292675495148,0.9778867035828781,0.7448151707649231,0.7021508733440216,0.5813318490982056,0.31971150636672974,0.5189727544784546,0.12756746018812962,0.1814098209142685,0.22809551184083232,0.1579426639710294,0.22809551184083232,0.19182825088500977,1.8632477521896362,1.6714195013046265,915,3521,0.1793568879365921,1,2.1606128215789795,1.8632477521896362,0.14527219533920288,1680,0.009988617151975632,0.8229116797447205,0.0,0.0,1.7491785287857056,0.85,0.003000000026077032,2.879570722579956,0.3848925828933716,0,,0,-1.8632477521896362,1.0,0,0.00046516579459421337,0.9303315281867981,phase2_class0
91,3109.72,0.8903080530322667,0.11920292675495148,0.9568588785368897,0.759242594242096,0.6870522881332096,0.5433855056762695,0.2294372320175171,0.5224541425704956,0.05687405620919293,0.1814098209142685,0.11857657632394386,0.07431689629773733,0.11857657632394386,0.1771593987941742,1.9012526273727417,1.7240932285785675,915,3521,0.11358602344989777,1,2.1606128215789795,1.9012526273727417,0.1269766092300415,1680,0.006916744634509087,0.787314236164093,0.0,0.0,1.808991551399231,0.85,0.01600000075995922,2.8616745471954346,0.3620119094848633,0,,0,-1.9012526273727417,1.0,0,0.0004451540589798242,0.8903080821037292,phase2_class0
92,3114.09,0.9065095953479111,0.11920292675495148,0.9739247918370673,0.7560865879058838,0.6993061063763958,0.565485954284668,0.27770358324050903,0.5141962766647339,0.08730629493918612,0.1814098209142685,0.1687301075419582,0.11098537226991095,0.1687301075419582,0.1807163953781128,1.9007396697998047,1.720023274421692,915,3521,0.15247446298599243,1,2.1606128215789795,1.9007396697998047,0.12248098850250244,1680,0.008141245692968369,0.8231020569801331,0.0,0.0,1.8207553625106812,0.85,0.003000000026077032,2.8739166259765625,0.3850163519382477,0,,0,-1.9007396697998047,1.0,0,0.00045325481914915144,0.9065095782279968,phase2_class0
93,3118.46,0.933582555975195,0.11920292675495148,0.9743568650678,0.7484220266342163,0.6996163474249713,0.5757569074630737,0.3051058351993561,0.5224454998970032,0.10971796077554967,0.1814098209142685,0.20660114131882615,0.13913310102287832,0.20660114131882615,0.2060156911611557,1.8475149869918823,1.6414992958307266,915,3521,0.1552538424730301,1,2.1606128215789795,1.8475149869918823,0.12381193041801453,1680,0.00873367115855217,0.7939854860305786,0.0,0.0,1.808444857597351,0.85,0.0035000001080334187,2.8706398010253906,0.3660905659198761,0,,0,-1.8475149869918823,1.0,0,0.00046679130173288286,0.9335825443267822,phase2_class0
94,3122.83,0.9113919590595676,0.11920292675495148,0.97992445965384,0.7484220266342163,0.7036140410091976,0.5711630582809448,0.29545456171035767,0.5134167075157166,0.11173117423484076,0.1814098209142685,0.19534218533110864,0.13608386399467487,0.19534218533110864,0.17611318826675415,1.9018464088439941,1.72573322057724,915,3521,0.16162514686584473,1,2.1606128215789795,1.9018464088439941,0.14613983035087585,1680,0.0065064686350524426,0.8080815672874451,0.0,0.0,1.7362537384033203,0.85,0.0035000001080334187,2.837463140487671,0.37525299191474915,0,,0,-1.9018464088439941,1.0,0,0.0004556960193440318,0.9113919734954834,phase2_class0
95,3127.2,0.8513772653696982,0.11920292675495148,0.9819700502348786,0.7502254247665405,0.7050828340786994,0.5578612685203552,0.2662251889705658,0.5146892666816711,0.08658369843390865,0.1814098209142685,0.14684314577754098,0.1021954379001988,0.14684314577754098,0.16835682094097137,1.9731357097625732,1.8047788888216019,915,3521,0.14901138842105865,1,2.1606128215789795,1.9731357097625732,0.10722791403532028,1680,0.007859475910663605,0.7796739935874939,0.0,0.0,1.8702881336212158,0.85,0.016499999910593033,2.8845772743225098,0.3568609058856964,0,,0,-1.9731357097625732,1.0,0,0.00042568863136693835,0.8513772487640381,phase2_class0
96,3131.55,0.4240476819169025,0.11920292675495148,0.9778013074230416,0.75225430727005,0.7020895564368689,0.552685022354126,0.2539035975933075,0.5201689004898071,0.08709057132614151,0.1814098209142685,0.14723573701995205,0.10340384902955355,0.14723573701995205,0.14161597192287445,2.187300205230713,2.0456842333078384,915,3521,0.16146636009216309,1,2.1606128215789795,2.187300205230713,0.11910994350910187,1680,0.006725881714373827,0.8276052474975586,0.0,0.0,1.8116451501846313,0.85,0.0010000000474974513,2.8635499477386475,0.38794344663619995,0,,0,-2.187300205230713,1.0,0,0.0002120238495990634,0.42404767870903015,phase2_class0
97,3135.9,0.7462483103509874,0.11920292675495148,0.9869990222531423,0.7466185688972473,0.7086937811155176,0.5827455520629883,0.32125604152679443,0.5130970478057861,0.13493372318780525,0.1814098209142685,0.24281768343124743,0.1684736133734017,0.24281768343124743,0.15841330587863922,2.047483205795288,1.8890698999166489,915,3521,0.1963718682527542,1,2.1606128215789795,2.047483205795288,0.16261373460292816,1680,0.008024632930755615,0.8426446318626404,0.0,0.0,1.6950640678405762,0.85,0.006000000052154064,2.837463855743408,0.3981066346168518,0,,0,-2.047483205795288,1.0,0,0.00037312417407520115,0.7462483048439026,phase2_class0
98,3140.31,0.860642045387157,0.11920292675495148,0.9770773986919502,0.7513526082038879,0.7015697690771524,0.5788574814796448,0.309330016374588,0.5186716914176941,0.11404640075239428,0.1814098209142685,0.19392605263526871,0.1353757976467549,0.19392605263526871,0.17554384469985962,1.9605785608291626,1.785034716129303,915,3521,0.16881996393203735,1,2.1606128215789795,1.9605785608291626,0.13740594685077667,1680,0.00837069284170866,0.8552972078323364,0.0,0.0,1.7641061544418335,0.85,0.0,2.865180253982544,0.4059431850910187,0,,0,-1.9605785608291626,1.0,0,0.0004303210589569062,0.8606420755386353,phase2_class0
99,3144.67,0.7088683714528673,0.11920292675495148,0.9796467262716193,0.7524797320365906,0.7034146204258431,0.5655013918876648,0.2804718315601349,0.516834020614624,0.10076620681841814,0.1814098209142685,0.17487135626253136,0.12154135643539332,0.17487135626253136,0.15528036653995514,2.064375877380371,1.909095510840416,915,3521,0.16905824840068817,1,2.1606128215789795,2.064375877380371,0.15316443145275116,1680,0.008177639916539192,0.8383287787437439,0.0,0.0,1.7132837772369385,0.85,0.003000000026077032,2.86423921585083,0.3949439823627472,0,,0,-2.064375877380371,1.0,0,0.000354434218024835,0.7088683843612671,phase2_class0
100,3149.04,0.9198475569182337,0.11920292675495148,0.9828917803454078,0.7481966018676758,0.7057446628976457,0.5897165536880493,0.3347230553627014,0.5184386372566223,0.13320451995288224,0.1814098209142685,0.21400429046143493,0.15326814860692567,0.21400429046143493,0.17870822548866272,1.8925756216049194,1.7138673961162567,915,3521,0.1683446764945984,1,2.1606128215789795,1.8925756216049194,0.12923358380794525,1680,0.007322447374463081,0.7767341732978821,0.0,0.0,1.7809975147247314,0.85,0.03100000135600567,2.8596484661102295,0.3555855453014374,0,,0,-1.8925756216049194,1.0,0,0.0004599238163791597,0.9198476076126099,phase2_class0
101,3153.42,0.77502505280698,0.11920292675495148,0.9825480412157906,0.7551848888397217,0.7054978482828453,0.5689057111740112,0.285526305437088,0.511333703994751,0.10043905187144114,0.1814098209142685,0.19266415221323313,0.12866888648621588,0.19266415221323313,0.15473099052906036,2.0288474559783936,1.8741164654493332,915,3521,0.17421041429042816,1,2.1606128215789795,2.0288474559783936,0.12656977772712708,1680,0.006455630995333195,0.8002274632453918,0.0,0.0,1.7957595586776733,0.85,0.0,2.8779404163360596,0.37014785408973694,0,,0,-2.0288474559783936,1.0,0,0.00038751252577640116,0.7750250101089478,phase2_class0
102,3157.8,0.7889683841646132,0.11920292675495148,0.9820926603175798,0.7547339797019958,0.7051708716564004,0.5685619115829468,0.2851511240005493,0.5149993300437927,0.10238397871940876,0.1814098209142685,0.19266415221323313,0.12985233335575383,0.19266415221323313,0.171224907040596,2.01987361907959,1.8486487120389938,915,3521,0.17110797762870789,1,2.1606128215789795,2.01987361907959,0.10810723155736923,1680,0.009919542819261551,0.8317857384681702,0.0,0.0,1.8480476140975952,0.85,0.0,2.887415885925293,0.39066073298454285,0,,0,-2.01987361907959,1.0,0,0.0003944842319469899,0.7889684438705444,phase2_class0
103,3162.16,0.7740720636771484,0.11920292675495148,0.9770664303778427,0.7486474514007568,0.7015618935110961,0.5612749457359314,0.2745608389377594,0.5159428119659424,0.09425197449184675,0.1814098209142685,0.15707856031182962,0.11065434013589659,0.15707856031182962,0.15522678196430206,2.026764154434204,1.871537372469902,915,3521,0.15992575883865356,1,2.1606128215789795,2.026764154434204,0.12880511581897736,1680,0.008598769083619118,0.8210798501968384,0.0,0.0,1.7834739685058594,0.85,0.0010000000474974513,2.8852365016937256,0.383701890707016,0,,0,-2.026764154434204,1.0,0,0.0003870360378641635,0.7740720510482788,phase2_class0
104,3166.52,0.7523730071151524,0.11920292675495148,0.9764392778461992,0.7536068558692932,0.701111579894805,0.5502194166183472,0.2477632611989975,0.5195967555046082,0.07865655404031703,0.1814098209142685,0.15479311843636517,0.1022564129656243,0.15479311843636517,0.1651446521282196,2.0394837856292725,1.8743391335010529,915,3521,0.15518392622470856,1,2.1606128215789795,2.0394837856292725,0.15256182849407196,1680,0.008231652900576591,0.8091964721679688,0.0,0.0,1.727215051651001,0.85,0.005500000435858965,2.8686070442199707,0.3760038912296295,0,,0,-2.0394837856292725,1.0,0,0.0003761865373235196,0.7523730397224426,phase2_class0
105,3170.91,0.8428559643480433,0.11920292675495148,0.9692554238313263,0.7448151707649231,0.6959533653981381,0.5746055245399475,0.3055214583873749,0.5224446654319763,0.1206649253580779,0.1814098209142685,0.22541747872295675,0.15405281755206982,0.22541747872295675,0.1842847764492035,1.9708778858184814,1.786593109369278,915,3521,0.17417249083518982,1,2.1606128215789795,1.9708778858184814,0.10847198963165283,1680,0.00972057320177555,0.831444501876831,0.0,0.0,1.8555829524993896,0.85,0.0010000000474974513,2.863557815551758,0.39043891429901123,0,,0,-1.9708778858184814,1.0,0,0.0004214279761072248,0.8428559303283691,phase2_class0
106,3175.29,0.702112068873512,0.11920292675495148,0.9761266808941368,0.7520288825035095,0.7008871262622,0.5673995018005371,0.2847854197025299,0.5158077478408813,0.106928142309298,0.1814098209142685,0.19471123512009086,0.13362744713622673,0.19471123512009086,0.16312353312969208,2.066521644592285,1.903398111462593,915,3521,0.18185149133205414,1,2.1606128215789795,2.066521644592285,0.15396443009376526,1680,0.010814009234309196,0.8128982782363892,0.0,0.0,1.724456787109375,0.85,0.004000000189989805,2.8810300827026367,0.37838390469551086,0,,0,-2.066521644592285,1.0,0,0.00035105604911223054,0.702112078666687,phase2_class0
107,3179.65,0.9160539140340027,0.11920292675495148,0.9715979423442735,0.7497745752334595,0.6976353612915929,0.5634668469429016,0.2782835066318512,0.5155497193336487,0.0945359847162148,0.1814098209142685,0.16014918467211622,0.1117965705550336,0.16014918467211622,0.18174558877944946,1.880322813987732,1.6985772252082825,915,3521,0.1515195220708847,1,2.1606128215789795,1.880322813987732,0.14409349858760834,1680,0.007922719232738018,0.7949787974357605,0.0,0.0,1.757077693939209,0.85,0.027000000700354576,2.892688274383545,0.36961880326271057,0,,0,-1.880322813987732,1.0,0,0.00045802697422914207,0.9160538911819458,phase2_class0
108,3184.01,0.943290496630507,0.11920292675495148,0.9777268795773124,0.7551848888397217,0.7020361150957725,0.5724658370018005,0.29296875,0.5156503319740295,0.09396796426747867,0.1814098209142685,0.1714081406598337,0.11487101710235145,0.1714081406598337,0.18580695986747742,1.8295867443084717,1.6437797844409943,915,3521,0.13948610424995422,1,2.1606128215789795,1.8295867443084717,0.15216562151908875,1680,0.00835835374891758,0.828265905380249,0.0,0.0,1.7369712591171265,0.85,0.001500000013038516,2.867884397506714,0.38837286829948425,0,,0,-1.8295867443084717,1.0,0,0.00047164526768028736,0.9432904720306396,phase2_class0
109,3188.37,0.7834303345102183,0.11920292675495148,0.9753545899260737,0.7536068558692932,0.7003327426658792,0.5290901064872742,0.2039330005645752,0.5174791812896729,0.046297391296250594,0.1814098209142685,0.06968494552796511,0.04867923085717188,0.06968494552796511,0.17326880991458893,2.0199546813964844,1.8466858714818954,915,3521,0.1397891789674759,1,2.1606128215789795,2.0199546813964844,0.1277548372745514,1680,0.007588384672999382,0.7523174285888672,0.0,0.0,1.8248721361160278,0.85,0.016499999910593033,2.867204189300537,0.33902060985565186,0,,0,-2.0199546813964844,1.0,0,0.0003917151771020144,0.7834303379058838,phase2_class0
110,3192.76,0.9139052493848502,0.11920292675495148,0.9891683980933936,0.7542831301689148,0.7102514555733693,0.5673178434371948,0.28289473056793213,0.5075244903564453,0.10181595827067262,0.1814098209142685,0.1906170693063754,0.12882879190232496,0.1906170693063754,0.1573350876569748,1.9109392166137695,1.7536041289567947,915,3521,0.1600462943315506,1,2.1606128215789795,1.9109392166137695,0.13328750431537628,1680,0.007835250347852707,0.8189477920532227,0.0,0.0,1.7880113124847412,0.85,0.0,2.8812897205352783,0.38231608271598816,0,,0,-1.9109392166137695,1.0,0,0.00045695266453549266,0.9139052629470825,phase2_class0
111,3197.12,0.8560650460548006,0.11920292675495148,0.9758638330810622,0.7558611631393433,0.700698393947065,0.5777627229690552,0.303536981344223,0.5155460834503174,0.10074106492970358,0.1814098209142685,0.1826670966475512,0.12286318724876702,0.1826670966475512,0.17487077414989471,1.9639595746994019,1.7890888005495071,915,3521,0.15489254891872406,1,2.1606128215789795,1.9639595746994019,0.10153315216302872,1680,0.008179565891623497,0.8435050249099731,0.0,0.0,1.9141069650650024,0.85,0.02250000089406967,2.870939254760742,0.39840930700302124,0,,0,-1.9639595746994019,1.0,0,0.0004280325665604323,0.8560650944709778,phase2_class0
112,3201.53,0.9010200466058582,0.11920292675495148,0.9759899686932978,0.7497745752334595,0.7007889629567126,0.5537666082382202,0.25802135467529297,0.5187169313430786,0.06883849130044091,0.1814098209142685,0.10921047096927974,0.07587693434479613,0.10921047096927974,0.16675695776939392,1.91196870803833,1.7452117502689362,915,3521,0.1279558539390564,1,2.1606128215789795,1.91196870803833,0.12204518169164658,1680,0.007230682764202356,0.8366652131080627,0.0,0.0,1.8217724561691284,0.85,0.0020000000949949026,2.8977837562561035,0.39383241534233093,0,,0,-1.91196870803833,1.0,0,0.0004505100368987769,0.9010200500488281,phase2_class0
113,3205.9,0.9028780210344424,0.11920292675495148,0.9670206298319342,0.7427862882614136,0.6943487188141648,0.5430068969726562,0.24085162580013275,0.5222499370574951,0.06807275007255452,0.1814098209142685,0.0822058019377182,0.06531851145004346,0.0822058019377182,0.1864670068025589,1.8961650133132935,1.7096980065107346,915,3521,0.13161054253578186,1,2.1606128215789795,1.8961650133132935,0.11815674602985382,1680,0.010164270177483559,0.8719402551651001,0.0,0.0,1.82724130153656,0.85,0.0,2.877037525177002,0.4167611300945282,0,,0,-1.8961650133132935,1.0,0,0.00045143900206312537,0.9028779864311218,phase2_class0
114,3210.27,0.9004884767532012,0.11920292675495148,0.9668553216693146,0.7520288825035095,0.6942300227828875,0.5743597149848938,0.29936304688453674,0.5188683271408081,0.10500121829522474,0.1814098209142685,0.18164355519412234,0.1254960706101029,0.18164355519412234,0.18639539182186127,1.8998388051986694,1.7134434133768082,915,3521,0.17046257853507996,1,2.1606128215789795,1.8998388051986694,0.1362341344356537,1680,0.009022650308907032,0.7917852997779846,0.0,0.0,1.7740100622177124,0.85,0.019500000402331352,2.863004446029663,0.36475563049316406,0,,0,-1.8998388051986694,1.0,0,0.000450244260719046,0.9004884958267212,phase2_class0
115,3214.63,0.8944449053848795,0.11920292675495148,0.9704517535200454,0.7513526082038879,0.6968123646387084,0.5668870806694031,0.284231036901474,0.5199764966964722,0.09951873458701345,0.1814098209142685,0.1799890635296757,0.12290415843987035,0.1799890635296757,0.17517884075641632,1.9140747785568237,1.7388959378004074,915,3521,0.14437705278396606,1,2.1606128215789795,1.9140747785568237,0.1371673345565796,1680,0.007466891780495644,0.8301337361335754,0.0,0.0,1.7661293745040894,0.85,0.009000000543892384,2.876384973526001,0.3895868957042694,0,,0,-1.9140747785568237,1.0,0,0.00044722246821038425,0.8944448828697205,phase2_class0
116,3218.99,0.9618349601723419,0.11920292675495148,0.9673727910598839,0.7484220266342163,0.6946015807386157,0.6130161285400391,0.384105920791626,0.5286694765090942,0.1751085989915309,0.1814098209142685,0.29730373943158395,0.20947030142227102,0.29730373943158395,0.21260318160057068,1.6448893547058105,1.4322861731052399,915,3521,0.18072320520877838,1,2.1606128215789795,1.6448893547058105,0.15163081884384155,1680,0.006479992996901274,0.783930242061615,0.0,0.0,1.7062840461730957,0.85,0.010000000707805157,2.859151601791382,0.35956868529319763,0,,0,-1.6448893547058105,1.0,0,0.00048091751523315907,0.9618349671363831,phase2_class0
117,3223.35,0.5526635074465972,0.11920292675495148,0.9554373066834638,0.7527051568031311,0.6860315585182685,0.5273667573928833,0.20101965963840485,0.5284081697463989,0.03665904650163034,0.1814098209142685,0.052915691030692213,0.03594549471835183,0.052915691030692213,0.15427269041538239,2.1289753913879395,1.974702700972557,915,3521,0.11734068393707275,1,2.1606128215789795,2.1289753913879395,0.13564512133598328,1680,0.0079090790823102,0.7838678359985352,0.0,0.0,1.7800960540771484,0.85,0.013000000268220901,2.868378162384033,0.36019960045814514,0,,0,-2.1289753913879395,1.0,0,0.000276331789791584,0.5526635646820068,phase2_class0
118,3227.7,0.9531064923627729,0.11920292675495148,0.9815479660044938,0.7527051568031311,0.7047797654206396,0.588344931602478,0.32823023200035095,0.5153448581695557,0.12289386243041361,0.1814098209142685,0.23014259474769,0.1548514516934494,0.23014259474769,0.1924341768026352,1.8094252347946167,1.6169910579919815,915,3521,0.17441394925117493,1,2.1606128215789795,1.8094252347946167,0.10941994935274124,1680,0.008305364288389683,0.8156051635742188,0.0,0.0,1.850785493850708,0.85,0.02800000086426735,2.8765392303466797,0.3804091811180115,0,,0,-1.8094252347946167,1.0,0,0.00047655327944085,0.9531065225601196,phase2_class0
119,3232.1,0.8590573070347503,0.11920292675495148,0.9674056960022062,0.75225430727005,0.6946252074367845,0.5452291965484619,0.23839221894741058,0.5158451199531555,0.07306263899817333,0.1814098209142685,0.1318826152185191,0.08961771448716331,0.1318826152185191,0.17454686760902405,1.9535644054412842,1.7790175378322601,915,3521,0.1445176601409912,1,2.1606128215789795,1.9535644054412842,0.17309167981147766,1680,0.00897208321839571,0.7694497108459473,0.0,0.0,1.657832145690918,0.85,0.04000000283122063,2.8875081539154053,0.3523518741130829,0,,0,-1.9535644054412842,1.0,0,0.00042952867806889117,0.8590573072433472,phase2_class0
120,3236.46,0.8663651435202532,0.11920292675495148,0.9694626466228562,0.7477457523345947,0.6961021573425591,0.556961178779602,0.2662294805049896,0.5188030004501343,0.09635147739635568,0.1814098209142685,0.17833457186522902,0.12207691260764701,0.17833457186522902,0.1744997501373291,1.9477497339248657,1.7732499837875366,915,3521,0.15912993252277374,1,2.1606128215789795,1.9477497339248657,0.1502576619386673,1680,0.007298335433006287,0.7991726398468018,0.0,0.0,1.7518020868301392,0.85,0.027000000700354576,2.8679282665252686,0.36961936950683594,0,,0,-1.9477497339248657,1.0,0,0.00043318260577507317,0.8663651943206787,phase2_class0
121,3240.81,0.77626788456074,0.11920292675495148,0.9853322302343146,0.7531560063362122,0.7074969763451748,0.5691444873809814,0.2875732183456421,0.5125183463096619,0.103890319286467,0.1814098209142685,0.18203614643653343,0.12590991504440693,0.18203614643653343,0.15723605453968048,2.0294272899627686,1.872191235423088,915,3521,0.15848876535892487,1,2.1606128215789795,2.0294272899627686,0.13310052454471588,1680,0.009242881089448929,0.8069198131561279,0.0,0.0,1.760918140411377,0.85,0.030000001192092896,2.892573118209839,0.3770010471343994,0,,0,-2.0294272899627686,1.0,0,0.00038813395076431334,0.7762678861618042,phase2_class0
122,3245.16,0.7919278457535915,0.11920292675495148,0.9700702128793077,0.7513526082038879,0.6965384074480353,0.5520305633544922,0.2532159686088562,0.518891453742981,0.07583445463053062,0.1814098209142685,0.13251356542953688,0.09050600588810535,0.13251356542953688,0.1695203334093094,2.0114240646362305,1.841903731226921,915,3521,0.1539914757013321,1,2.1606128215789795,2.0114240646362305,0.09108803421258926,1680,0.00955980271100998,0.8429818749427795,0.0,0.0,1.953023076057434,0.85,0.012500000186264515,2.8781349658966064,0.3983239233493805,0,,0,-2.0114240646362305,1.0,0,0.00039596392889507115,0.7919278144836426,phase2_class0
123,3249.51,0.8900993943380215,0.11920292675495148,0.9575943431703442,0.7468439936637878,0.6875803729643069,0.5525819063186646,0.2577660083770752,0.5222828388214111,0.07917429071162409,0.1814098209142685,0.14070189705696778,0.09615149081325061,0.14070189705696778,0.19065628945827484,1.9026848077774048,1.71202851831913,915,3521,0.13017219305038452,1,2.1606128215789795,1.9026848077774048,0.1559673398733139,1680,0.008097483776509762,0.8263208866119385,0.0,0.0,1.7218899726867676,0.85,0.002500000176951289,2.846263885498047,0.38711246848106384,0,,0,-1.9026848077774048,1.0,0,0.0004450497217476368,0.8900994062423706,phase2_class0
124,3253.84,0.8934018915939026,0.11920292675495148,0.9917788568509657,0.750450849533081,0.7121258402947712,0.5869380235671997,0.32705169916152954,0.5168346762657166,0.13869414271591374,0.1814098209142685,0.23116613620111887,0.16463845808248329,0.23116613620111887,0.1593780219554901,1.9399899244308472,1.780611902475357,915,3521,0.17218932509422302,1,2.1606128215789795,1.9399899244308472,0.116484634578228,1680,0.0069992635399103165,0.8371520638465881,0.0,0.0,1.8293973207473755,0.85,0.00950000062584877,2.867814540863037,0.3941488564014435,0,,0,-1.9399899244308472,1.0,0,0.0004467009857762605,0.8934019207954407,phase2_class0
125,3258.18,0.9052174709607644,0.11920292675495148,0.9776994587920438,0.7549594640731812,0.7020164261806316,0.5585287809371948,0.2640487551689148,0.5163664817810059,0.0813420802274565,0.1814098209142685,0.14070189705696778,0.09618930509192225,0.14070189705696778,0.18468767404556274,1.908129096031189,1.7234414219856262,915,3521,0.13793665170669556,1,2.1606128215789795,1.908129096031189,0.12492598593235016,1680,0.012300261296331882,0.8482183814048767,0.0,0.0,1.7923088073730469,0.85,0.0,2.890777111053467,0.4013419449329376,0,,0,-1.908129096031189,1.0,0,0.0004526087432168424,0.9052174687385559,phase2_class0
126,3262.57,0.9074408702701308,0.11920292675495148,0.9861752235185727,0.7536068558692932,0.7081022698506456,0.5608348250389099,0.2698730528354645,0.5097245573997498,0.07738393992019779,0.1814098209142685,0.11842234405013952,0.08365273449239075,0.11842234405013952,0.17937032878398895,1.9161579608917236,1.7367876321077347,915,3521,0.14640484750270844,1,2.1606128215789795,1.9161579608917236,0.15320523083209991,1680,0.00889691710472107,0.8535926938056946,0.0,0.0,1.7158511877059937,0.85,0.01100000087171793,2.865877866744995,0.4068398177623749,0,,0,-1.9161579608917236,1.0,0,0.0004537204513326287,0.9074408411979675,phase2_class0
127,3266.94,0.9624181482132056,0.11920292675495148,0.9819445880771291,0.7445897459983826,0.7050645515146401,0.5897980332374573,0.3378141522407532,0.5189471244812012,0.14780047272958657,0.1814098209142685,0.25163696526969614,0.17838219736019503,0.25163696526969614,0.199449360370636,1.7708451747894287,1.5713958144187927,915,3521,0.16163688898086548,1,2.1606128215789795,1.7708451747894287,0.11775150150060654,1680,0.008714225143194199,0.8592144250869751,0.0,0.0,1.8308861255645752,0.85,0.0,2.8279809951782227,0.4084893465042114,0,,0,-1.7708451747894287,1.0,0,0.00048120913561433554,0.9624181985855103,phase2_class0
128,3271.31,0.8579880323544393,0.11920292675495148,0.9687320785581994,0.7463931441307068,0.6955775883891655,0.560496985912323,0.27466151118278503,0.5197533965110779,0.08996667923761104,0.1814098209142685,0.1444034716282722,0.10272346081749736,0.1444034716282722,0.17421145737171173,1.9558759927749634,1.7816645354032516,915,3521,0.1461937129497528,1,2.1606128215789795,1.9558759927749634,0.17414838075637817,1680,0.00922484789043665,0.8377617001533508,0.0,0.0,1.6728379726409912,0.85,0.0,2.860337734222412,0.3945451080799103,0,,0,-1.9558759927749634,1.0,0,0.0004289940115995705,0.8579879999160767,phase2_class0
129,3275.67,0.9480229943625909,0.11920292675495148,0.9789337858546354,0.7531560063362122,0.702902708632183,0.5651060342788696,0.2791309952735901,0.5129824876785278,0.09464741605014719,0.1814098209142685,0.17282427335567366,0.1171640152538538,0.17282427335567366,0.1842004358768463,1.818285584449768,1.6340851485729218,915,3521,0.14395467936992645,1,2.1606128215789795,1.818285584449768,0.13239791989326477,1680,0.0073457397520542145,0.8114015460014343,0.0,0.0,1.7902244329452515,0.85,0.005500000435858965,2.8470849990844727,0.37762531638145447,0,,0,-1.818285584449768,1.0,0,0.0004740114964079112,0.9480229616165161,phase2_class0
130,3280.02,0.8958826053780937,0.11920292675495148,0.9768940711561543,0.7511271238327026,0.7014381346159255,0.5723841190338135,0.295918345451355,0.5155816674232483,0.10167938504802568,0.1814098209142685,0.1638507592434206,0.11600584840672352,0.1638507592434206,0.17753536999225616,1.9202909469604492,1.742755576968193,915,3521,0.15665042400360107,1,2.1606128215789795,1.9202909469604492,0.1471579670906067,1680,0.007508070673793554,0.8478025197982788,0.0,0.0,1.7467368841171265,0.85,0.001500000013038516,2.8709557056427,0.4010716676712036,0,,0,-1.9202909469604492,1.0,0,0.00044794133282266557,0.8958826065063477,phase2_class0
131,3284.4,0.8984145975434642,0.11920292675495148,0.9689561455463945,0.75,0.6957384749528873,0.5658646821975708,0.28312864899635315,0.5175508260726929,0.09571517033629603,0.1814098209142685,0.16526689193926053,0.11435122260208669,0.16526689193926053,0.18518966436386108,1.9061697721481323,1.7209801077842712,915,3521,0.14591167867183685,1,2.1606128215789795,1.9061697721481323,0.18546940386295319,1680,0.008665882982313633,0.7915993928909302,0.0,0.0,1.6307884454727173,0.85,0.029500002041459084,2.8717970848083496,0.3659154176712036,0,,0,-1.9061697721481323,1.0,0,0.00044920732034370303,0.8984146118164062,phase2_class0
132,3288.79,0.5938410745483647,0.11920292675495148,0.9649942338005835,0.7565374374389648,0.6928937079852614,0.5538385510444641,0.2531120479106903,0.5262851715087891,0.0684070440743517,0.1814098209142685,0.12841939961582144,0.08394268431619438,0.12841939961582144,0.15289306640625,2.1136131286621094,1.9607200622558594,915,3521,0.1240682601928711,1,2.1606128215789795,2.1136131286621094,0.15610937774181366,1680,0.0065392376855015755,0.8322372436523438,0.0,0.0,1.7170884609222412,0.85,0.020000001415610313,2.865166664123535,0.39181509613990784,0,,0,-2.1136131286621094,1.0,0,0.0002969205379486084,0.5938410758972168,phase2_class0
133,3293.18,0.809516541479265,0.11920292675495148,0.9789563100711058,0.7540577054023743,0.7029188816696199,0.5639560222625732,0.2760451138019562,0.5125590562820435,0.08986238695849881,0.1814098209142685,0.18345227913237336,0.11932496088111519,0.18345227913237336,0.16110838949680328,2.004218816757202,1.8431104272603989,915,3521,0.1593872755765915,1,2.1606128215789795,2.004218816757202,0.1444581001996994,1680,0.009217946790158749,0.80711829662323,0.0,0.0,1.7400977611541748,0.85,0.015000000596046448,2.880402088165283,0.37476667761802673,0,,0,-2.004218816757202,1.0,0,0.0004047582915518433,0.8095165491104126,phase2_class0
134,3297.57,0.8646964763519013,0.11920292675495148,0.9783125092055492,0.7506762742996216,0.7024566140691362,0.5694493055343628,0.2901155352592468,0.5159885883331299,0.11123144039742808,0.1814098209142685,0.2018760252940929,0.138974508561237,0.2018760252940929,0.16650493443012238,1.9576574563980103,1.7911525219678879,915,3521,0.163064643740654,1,2.1606128215789795,1.9576574563980103,0.1535482555627823,1680,0.0070448266342282295,0.8272569179534912,0.0,0.0,1.7214133739471436,0.85,0.004000000189989805,2.8581948280334473,0.3877187967300415,0,,0,-1.9576574563980103,1.0,0,0.00043234822805970907,0.8646964430809021,phase2_class0
135,3301.95,0.844955081965279,0.11920292675495148,0.9750819489754028,0.7486474514007568,0.7001369785953365,0.5862789750099182,0.3270971477031708,0.5180048942565918,0.12695629501678454,0.1814098209142685,0.24793539069839177,0.1655041128337714,0.24793539069839177,0.17567254602909088,1.973535418510437,1.7978628724813461,915,3521,0.18575623631477356,1,2.1606128215789795,1.973535418510437,0.17109525203704834,1680,0.008039569482207298,0.8580690026283264,0.0,0.0,1.6555144786834717,0.85,0.005500000435858965,2.8985464572906494,0.40784329175949097,0,,0,-1.973535418510437,1.0,0,0.00042247757664881647,0.8449550867080688,phase2_class0
136,3306.33,0.8991421619532537,0.11920292675495148,0.9767393395821383,0.7515780329704285,0.7013270328804881,0.5593270063400269,0.26826030015945435,0.5170723795890808,0.07580931274181608,0.1814098209142685,0.11842234405013952,0.08305050709132411,0.11842234405013952,0.17878876626491547,1.9156217575073242,1.7368329912424088,915,3521,0.1511673778295517,1,2.1606128215789795,1.9156217575073242,0.17016825079917908,1680,0.011399584822356701,0.7976312637329102,0.0,0.0,1.6821900606155396,0.85,0.052000001072883606,2.837459087371826,0.3691939115524292,0,,0,-1.9156217575073242,1.0,0,0.00044957108912058175,0.8991421461105347,phase2_class0
137,3310.7,0.8451935760573775,0.11920292675495148,0.9832098614545237,0.7547339797019958,0.7059730543132787,0.5593155026435852,0.26585695147514343,0.5084562301635742,0.08276213134929689,0.1814098209142685,0.14274897996382552,0.09780246918686054,0.14274897996382552,0.15755051374435425,1.979393482208252,1.8218429684638977,915,3521,0.16095340251922607,1,2.1606128215789795,1.979393482208252,0.15579062700271606,1680,0.007808599155396223,0.827854335308075,0.0,0.0,1.7340611219406128,0.85,0.0,2.8728854656219482,0.3881053626537323,0,,0,-1.979393482208252,1.0,0,0.00042259684414602816,0.84519362449646,phase2_class0
138,3315.08,0.8247613248013481,0.11920292675495148,0.9635178203766206,0.7484220266342163,0.6918336005400388,0.5565339922904968,0.2648221254348755,0.5225473642349243,0.09711721862424205,0.1814098209142685,0.14684314577754098,0.10850995559541385,0.14684314577754098,0.171186625957489,1.9823755025863647,1.8111888766288757,915,3521,0.14456972479820251,1,2.1606128215789795,1.9823755025863647,0.16869187355041504,1680,0.006851762533187866,0.7667153477668762,0.0,0.0,1.6580173969268799,0.85,0.04350000247359276,2.8769707679748535,0.3496086895465851,0,,0,-1.9823755025863647,1.0,0,0.0004123806720599532,0.8247613310813904,phase2_class0
139,3319.48,0.8427459879184561,0.11920292675495148,0.9784880022312685,0.751803457736969,0.7025826231260373,0.5585599541664124,0.26648902893066406,0.5145670175552368,0.10330429600383646,0.1814098209142685,0.18998611909535762,0.1308886137089301,0.18998611909535762,0.14683963358402252,1.9780218601226807,1.8311822265386581,915,3521,0.155528262257576,1,2.1606128215789795,1.9780218601226807,0.152999609708786,1680,0.009900346398353577,0.8728540539741516,0.0,0.0,1.7087645530700684,0.85,0.003000000026077032,2.9019339084625244,0.41735514998435974,0,,0,-1.9780218601226807,1.0,0,0.0004213730280753225,0.8427460193634033,phase2_class0
140,3323.85,0.8819541329072135,0.11920292675495148,0.9747670016703175,0.7459422945976257,0.6999108373414339,0.5734344124794006,0.3021671772003174,0.517971396446228,0.12742002318640847,0.1814098209142685,0.20557759986539728,0.14928075529504348,0.20557759986539728,0.1615627259016037,1.9354573488235474,1.7738946229219437,915,3521,0.16887900233268738,1,2.1606128215789795,1.9354573488235474,0.16125571727752686,1680,0.006271520163863897,0.7772292494773865,0.0,0.0,1.703953504562378,0.85,0.023000001907348633,2.8575642108917236,0.35562074184417725,0,,0,-1.9354573488235474,1.0,0,0.0004409771063365042,0.8819541931152344,phase2_class0
141,3328.23,0.935403822896178,0.11920292675495148,0.96662106981802,0.744364321231842,0.694061823193542,0.5778535008430481,0.31272727251052856,0.5213286280632019,0.12634512984543947,0.1814098209142685,0.24935152339423172,0.16739142446471023,0.24935152339423172,0.19962555170059204,1.820611834526062,1.62098628282547,915,3521,0.1645120084285736,1,2.1606128215789795,1.820611834526062,0.15452289581298828,1680,0.007693287450820208,0.8104143738746643,0.0,0.0,1.7083135843276978,0.85,0.0325000025331974,2.8770549297332764,0.37764835357666016,0,,0,-1.820611834526062,1.0,0,0.0004677019314840436,0.9354038238525391,phase2_class0
142,3332.6,0.8450082919173173,0.11920292675495148,0.972189056129564,0.7513526082038879,0.6980597980479847,0.5716979503631592,0.29430580139160156,0.5202340483665466,0.10576695952311115,0.1814098209142685,0.20597019110780837,0.13726630680593963,0.20597019110780837,0.17913362383842468,1.9712390899658203,1.7921054661273956,915,3521,0.16368696093559265,1,2.1606128215789795,1.9712390899658203,0.16615617275238037,1680,0.007746320217847824,0.8069837093353271,0.0,0.0,1.6804571151733398,0.85,0.015500000678002834,2.8518800735473633,0.37500593066215515,0,,0,-1.9712390899658203,1.0,0,0.0004225041775498539,0.8450083136558533,phase2_class0
143,3336.97,0.8233488477372924,0.11920292675495148,0.9703499048890476,0.750450849533081,0.6967392343824712,0.5644227266311646,0.279765784740448,0.519619345664978,0.09975960008877259,0.1814098209142685,0.17589489771596023,0.12164744064154426,0.17589489771596023,0.1673857569694519,1.9883188009262085,1.8209330439567566,915,3521,0.13690336048603058,1,2.1606128215789795,1.9883188009262085,0.1284719556570053,1680,0.005919004790484905,0.8350352048873901,0.0,0.0,1.8167994022369385,0.85,0.004000000189989805,2.8453316688537598,0.392772912979126,0,,0,-1.9883188009262085,1.0,0,0.0004116744385100901,0.8233488202095032,phase2_class0
144,3341.35,0.9471927657960415,0.11920292675495148,0.9803432142174421,0.7520288825035095,0.7039147188704188,0.5687277913093567,0.287564754486084,0.5127818584442139,0.09761695246165475,0.1814098209142685,0.1830596878899623,0.12285874040295035,0.1830596878899623,0.163913756608963,1.8253684043884277,1.6614546477794647,915,3521,0.15087348222732544,1,2.1606128215789795,1.8253684043884277,0.12383078783750534,1680,0.009806875139474869,0.8222305178642273,0.0,0.0,1.8165795803070068,0.85,0.029500002041459084,2.8814351558685303,0.38936057686805725,0,,0,-1.8253684043884277,1.0,0,0.00047359641757793725,0.9471927881240845,phase2_class0
145,3345.73,0.9046682872531885,0.11920292675495148,0.9696256044324523,0.7488728761672974,0.6962191657525384,0.5540570616722107,0.25930851697921753,0.5178963541984558,0.08487963708770019,0.1814098209142685,0.14070189705696778,0.0991248135399122,0.14070189705696778,0.18045073747634888,1.8972290754318237,1.7167783379554749,915,3521,0.14720316231250763,1,2.1606128215789795,1.8972290754318237,0.1373649388551712,1680,0.007769951596856117,0.8416610360145569,0.0,0.0,1.7531334161758423,0.85,0.0,2.8644258975982666,0.3970796763896942,0,,0,-1.8972290754318237,1.0,0,0.00045233414857648313,0.9046682715415955,phase2_class0
146,3350.16,0.8413829185896621,0.11920292675495148,0.9774150660762579,0.7511271238327026,0.7018122240036002,0.5702279210090637,0.291399210691452,0.5152066349983215,0.1057238148005022,0.1814098209142685,0.17345522356669144,0.12298683659996981,0.17345522356669144,0.16173961758613586,1.978397250175476,1.8166576325893402,915,3521,0.15848001837730408,1,2.1606128215789795,1.978397250175476,0.14759409427642822,1680,0.008435775525867939,0.8676612973213196,0.0,0.0,1.736464262008667,0.85,0.0,2.8857858180999756,0.4139798879623413,0,,0,-1.978397250175476,1.0,0,0.00042069144546985626,0.8413828611373901,phase2_class0
147,3354.55,0.7262774546436044,0.11920292675495148,0.9720480349481826,0.75,0.6979585407701179,0.5618305802345276,0.27468934655189514,0.5163127779960632,0.0961106118945965,0.1814098209142685,0.1854993620392311,0.12427931994460696,0.1854993620392311,0.15839913487434387,2.0522594451904297,1.8938603103160858,915,3521,0.17270980775356293,1,2.1606128215789795,2.0522594451904297,0.13560134172439575,1680,0.011592136695981026,0.8171290755271912,0.0,0.0,1.777531385421753,0.85,0.03200000151991844,2.8985910415649414,0.3821174204349518,0,,0,-2.0522594451904297,1.0,0,0.00036313876626081765,0.7262774705886841,phase2_class0
148,3358.93,0.933622045023009,0.11920292675495148,0.9875419538014609,0.7506762742996216,0.709083621635305,0.5779182314872742,0.3078848421573639,0.5133430361747742,0.10606897258137357,0.1814098209142685,0.17818033959142468,0.12394419734318093,0.17818033959142468,0.18224330246448517,1.875455617904663,1.693212315440178,915,3521,0.1550169289112091,1,2.1606128215789795,1.875455617904663,0.12184210866689682,1680,0.010322047397494316,0.8439057469367981,0.0,0.0,1.8060492277145386,0.85,0.00800000037997961,2.88735032081604,0.39858826994895935,0,,0,-1.875455617904663,1.0,0,0.000466811063233763,0.9336220622062683,phase2_class0
149,3363.32,0.9450396108951996,0.11920292675495148,0.9855629565560747,0.7488728761672974,0.7076626445025737,0.5813697576522827,0.3165644109249115,0.5147784352302551,0.11653420616038353,0.1814098209142685,0.19046283703257105,0.13480662878234867,0.19046283703257105,0.1784890741109848,1.8456779718399048,1.66718889772892,915,3521,0.16039586067199707,1,2.1606128215789795,1.8456779718399048,0.13275028765201569,1680,0.009207600727677345,0.8681307435035706,0.0,0.0,1.788274884223938,0.85,0.0,2.8971261978149414,0.41428497433662415,0,,0,-1.8456779718399048,1.0,0,0.0004725198377855122,0.9450396299362183,phase2_class0
150,3367.7,0.9526034076340583,0.11920292675495148,0.9810363724964822,0.7477457523345947,0.7044124265181559,0.5719109177589417,0.2975517809391022,0.5139495134353638,0.09087985746721855,0.1814098209142685,0.12480195173931943,0.09250861117941936,0.12480195173931943,0.1878390610218048,1.809448003768921,1.621608942747116,915,3521,0.13402427732944489,1,2.1606128215789795,1.809448003768921,0.12826301157474518,1680,0.009808370843529701,0.8899207711219788,0.0,0.0,1.7997359037399292,0.85,0.0,2.864553928375244,0.42844849824905396,0,,0,-1.809448003768921,1.0,0,0.00047630173503421247,0.9526033997535706,phase2_class0
151,3372.09,0.9277580980479294,0.11920292675495148,0.9816911416761465,0.7484220266342163,0.7048825696846961,0.5745173096656799,0.30250000953674316,0.5127675533294678,0.11765224422396146,0.1814098209142685,0.1888083453681244,0.1359700012742712,0.1888083453681244,0.17433969676494598,1.8761100769042969,1.701770380139351,915,3521,0.14433911442756653,1,2.1606128215789795,1.8761100769042969,0.14404296875,1680,0.00751618854701519,0.7949260473251343,0.0,0.0,1.7440423965454102,0.85,0.009000000543892384,2.8983330726623535,0.366766095161438,0,,0,-1.8761100769042969,1.0,0,0.0004638790851458907,0.9277580976486206,phase2_class0
152,3376.46,0.8347796189725969,0.11920292675495148,0.9663143487485154,0.7468439936637878,0.6938415886141817,0.5648068189620972,0.28334397077560425,0.5259187817573547,0.09038012362980587,0.1814098209142685,0.15361534470913196,0.10633408819585433,0.15361534470913196,0.18519887328147888,1.975823163986206,1.7906242907047272,915,3521,0.14101554453372955,1,2.1606128215789795,1.975823163986206,0.12695400416851044,1680,0.005935679189860821,0.840539813041687,0.0,0.0,1.8015142679214478,0.85,0.014000000432133675,2.8650407791137695,0.3967840075492859,0,,0,-1.975823163986206,1.0,0,0.000417389819631353,0.8347796201705933,phase2_class0
153,3380.85,0.8493916716651376,0.11920292675495148,0.9726526632633554,0.7488728761672974,0.6983926813489719,0.5723539590835571,0.2976040244102478,0.5185861587524414,0.1164299138812713,0.1814098209142685,0.21211143982838154,0.1460492214603746,0.21211143982838154,0.17841850221157074,1.9675911664962769,1.7891726642847061,915,3521,0.1681273877620697,1,2.1606128215789795,1.9675911664962769,0.15000160038471222,1680,0.007354657165706158,0.8508186340332031,0.0,0.0,1.7265372276306152,0.85,0.001500000013038516,2.8885304927825928,0.4030321538448334,0,,0,-1.9675911664962769,1.0,0,0.0004246958706062287,0.8493916988372803,phase2_class0
154,3385.23,0.8402502181911417,0.11920292675495148,0.9553934334270342,0.7545085549354553,0.6860000562540434,0.5503708720207214,0.2474084198474884,0.5185085535049438,0.09209846308565468,0.1814098209142685,0.13904740539252114,0.10288523334356632,0.13904740539252114,0.15647593140602112,1.9618605375289917,1.8053846061229706,915,3521,0.1581421196460724,1,2.1606128215789795,1.9618605375289917,0.17715202271938324,1680,0.0074319988489151,0.794876217842102,0.0,0.0,1.6726353168487549,0.85,0.020500000566244125,2.8737876415252686,0.3702726364135742,0,,0,-1.9618605375289917,1.0,0,0.00042012514313682914,0.8402502536773682,phase2_class0
155,3389.59,0.8715727223402769,0.11920292675495148,0.967319516391362,0.7434625625610352,0.6945633279891993,0.5501395463943481,0.25523561239242554,0.5241453647613525,0.07517300568175646,0.1814098209142685,0.11125755387613748,0.08121597199625605,0.11125755387613748,0.19217275083065033,1.939753532409668,1.7475807815790176,915,3521,0.1352449506521225,1,2.1606128215789795,1.939753532409668,0.14318928122520447,1680,0.006927886977791786,0.8277592062950134,0.0,0.0,1.754435420036316,0.85,0.010500000789761543,2.879504919052124,0.38843125104904175,0,,0,-1.939753532409668,1.0,0,0.00043578637996688485,0.871572732925415,phase2_class0
156,3393.93,0.8698706802892416,0.11920292675495148,0.9702633335526996,0.7509016990661621,0.6966770736646696,0.5602149963378906,0.27062708139419556,0.5212830901145935,0.08662684315651756,0.1814098209142685,0.1656594831816716,0.11021941726570396,0.1656594831816716,0.16890066862106323,1.9446872472763062,1.775786578655243,915,3521,0.1462218314409256,1,2.1606128215789795,1.9446872472763062,0.11914237588644028,1680,0.008747629821300507,0.8984190821647644,0.0,0.0,1.8247084617614746,0.85,0.0,2.893550395965576,0.43397241830825806,0,,0,-1.9446872472763062,1.0,0,0.0004349353548604995,0.869870662689209,phase2_class0
157,3398.29,0.9292568852918953,0.11920292675495148,0.9737536077918904,0.7490983009338379,0.6991831912918741,0.5783271789550781,0.30998140573501587,0.5172126889228821,0.1075753131484318,0.1814098209142685,0.22644102017638562,0.14628466177853777,0.22644102017638562,0.18741682171821594,1.8567157983779907,1.6692989766597748,915,3521,0.16315820813179016,1,2.1606128215789795,1.8567157983779907,0.1355632096529007,1680,0.008728413842618465,0.8124647736549377,0.0,0.0,1.7665200233459473,0.85,0.0325000025331974,2.8883960247039795,0.3789871037006378,0,,0,-1.8567157983779907,1.0,0,0.00046462847967632115,0.9292569160461426,phase2_class0
158,3402.65,0.8637814338981104,0.11920292675495148,0.9739582843676453,0.751803457736969,0.6993301549798892,0.5750342011451721,0.30095237493515015,0.5139580965042114,0.11055198861475952,0.1814098209142685,0.2131349812818104,0.14262177140398802,0.2131349812818104,0.1631239950656891,1.9546895027160645,1.7915655076503754,915,3521,0.15953399240970612,1,2.1606128215789795,1.9546895027160645,0.1433049589395523,1680,0.006159150507301092,0.8160552382469177,0.0,0.0,1.736039638519287,0.85,0.01100000087171793,2.8733699321746826,0.38043588399887085,0,,0,-1.9546895027160645,1.0,0,0.0004318907449487597,0.8637814521789551,phase2_class0
159,3407.0,0.8514853561375176,0.11920292675495148,0.9807952654488703,0.7515780329704285,0.7042393047000253,0.5679436922073364,0.2862694263458252,0.5090610980987549,0.09486313966319182,0.1814098209142685,0.16731397484611826,0.11439205965299983,0.16731397484611826,0.16268841922283173,1.9721357822418213,1.8094473630189896,915,3521,0.16172535717487335,1,2.1606128215789795,1.9721357822418213,0.13612940907478333,1680,0.006457575596868992,0.839567244052887,0.0,0.0,1.7838445901870728,0.85,0.036000002175569534,2.8766305446624756,0.3963223993778229,0,,0,-1.9721357822418213,1.0,0,0.00042574270628392696,0.8514853715896606,phase2_class0
160,3411.39,0.8044612293200244,0.11920292675495148,0.9810710402035718,0.7502254247665405,0.7044373189322982,0.5555174946784973,0.2613333463668823,0.5177987217903137,0.07961287699253349,0.1814098209142685,0.12700326691998148,0.08971206385184004,0.12700326691998148,0.17745424807071686,2.0089898109436035,1.8315355628728867,915,3521,0.14362041652202606,1,2.1606128215789795,2.0089898109436035,0.12020877748727798,1680,0.010172861628234386,0.8523762226104736,0.0,0.0,1.809342861175537,0.85,0.007500000298023224,2.903636932373047,0.40408867597579956,0,,0,-2.0089898109436035,1.0,0,0.0004022306529805064,0.8044612407684326,phase2_class0
161,3415.76,0.9381834654297742,0.11920292675495148,0.9646373718665878,0.7475203275680542,0.6926374708182151,0.5540112257003784,0.26023778319358826,0.5213973522186279,0.08083520733522362,0.1814098209142685,0.12802680837341035,0.09119813580803204,0.12802680837341035,0.18517185747623444,1.8037586212158203,1.6185867637395859,915,3521,0.10547506809234619,1,2.1606128215789795,1.8037586212158203,0.1469883918762207,1680,0.009974975138902664,0.8257702589035034,0.0,0.0,1.7302417755126953,0.85,0.005000000353902578,2.8615894317626953,0.3867506980895996,0,,0,-1.8037586212158203,1.0,0,0.000469091726699844,0.9381834268569946,phase2_class0
162,3420.11,0.8701078208475943,0.11920292675495148,0.9708601273577958,0.7520288825035095,0.6971055888391978,0.5568414926528931,0.2627345621585846,0.5192365646362305,0.08422532719374617,0.1814098209142685,0.15644761010081182,0.10523300372382499,0.15644761010081182,0.16703274846076965,1.9450175762176514,1.7779848277568817,915,3521,0.14232437312602997,1,2.1606128215789795,1.9450175762176514,0.12800288200378418,1680,0.009493316523730755,0.8581989407539368,0.0,0.0,1.7913494110107422,0.85,0.016499999910593033,2.88519549369812,0.40874233841896057,0,,0,-1.9450175762176514,1.0,0,0.0004350539529696107,0.870107889175415,phase2_class0
163,3424.47,0.4644941934703333,0.11920292675495148,0.9733516974249531,0.7551848888397217,0.6988946080499535,0.5610719919204712,0.26917898654937744,0.5152625441551208,0.08527507864600065,0.1814098209142685,0.14581960432411212,0.10032468735603864,0.14581960432411212,0.14707332849502563,2.1697347164154053,2.0226613879203796,915,3521,0.1567407250404358,1,2.1606128215789795,2.1697347164154053,0.13587604463100433,1680,0.007408580742776394,0.8503141403198242,0.0,0.0,1.7671167850494385,0.85,0.0,2.881920576095581,0.4027041792869568,0,,0,-2.1697347164154053,1.0,0,0.00023224711185321212,0.4644941985607147,phase2_class0
164,3428.82,0.9359852758114603,0.11920292675495148,0.9751407078009783,0.7549594640731812,0.700179169127781,0.5682833790779114,0.2843976318836212,0.5141217708587646,0.08913979045322135,0.1814098209142685,0.16219626757897393,0.10869275351789641,0.16219626757897393,0.1852298229932785,1.8432068824768066,1.6579770594835281,915,3521,0.14606016874313354,1,2.1606128215789795,1.8432068824768066,0.14542840421199799,1680,0.010528286918997765,0.8320173621177673,0.0,0.0,1.738913655281067,0.85,0.02550000138580799,2.885521173477173,0.39118990302085876,0,,0,-1.8432068824768066,1.0,0,0.00046799267875030637,0.9359853267669678,phase2_class0
165,3433.17,0.8659047831789166,0.11920292675495148,0.967215513270093,0.7452660202980042,0.6944886507467724,0.5533020496368408,0.2604712247848511,0.520865797996521,0.09582660167022843,0.1814098209142685,0.15951823446109842,0.11404453006910371,0.15951823446109842,0.1743392050266266,1.9460545778274536,1.771715372800827,915,3521,0.15615534782409668,1,2.1606128215789795,1.9460545778274536,0.14069761335849762,1680,0.0065036434680223465,0.8563148975372314,0.0,0.0,1.740909218788147,0.85,0.004500000271946192,2.8607256412506104,0.40660470724105835,0,,0,-1.9460545778274536,1.0,0,0.00043295242357999086,0.8659048080444336,phase2_class0
166,3437.54,0.8401738944563835,0.11920292675495148,0.9723369325072627,0.7466185688972473,0.6981659775546368,0.5723006725311279,0.29925188422203064,0.5204487442970276,0.1022654083306562,0.1814098209142685,0.15731691928043634,0.11349988242812956,0.15731691928043634,0.18397000432014465,1.9756555557250977,1.791685551404953,915,3521,0.15824532508850098,1,2.1606128215789795,1.9756555557250977,0.12009590864181519,1680,0.007209906820207834,0.8671673536300659,0.0,0.0,1.8010320663452148,0.85,0.01100000087171793,2.9014463424682617,0.413720965385437,0,,0,-1.9756555557250977,1.0,0,0.0004200869589112699,0.8401739001274109,phase2_class0
167,3441.93,0.7540923467551783,0.11920292675495148,0.9624350910840144,0.7475203275680542,0.6910561696621946,0.5746487379074097,0.3034825921058655,0.5264529585838318,0.11717051322044314,0.1814098209142685,0.17613325668456697,0.13002133710697972,0.17613325668456697,0.16772015392780304,2.03197979927063,1.8642596453428268,915,3521,0.14923295378684998,1,2.1606128215789795,2.03197979927063,0.1180848777294159,1680,0.005221293307840824,0.8382813930511475,0.0,0.0,1.8346720933914185,0.85,0.0,2.8916492462158203,0.3948829472064972,0,,0,-2.03197979927063,1.0,0,0.00037704617716372013,0.7540923357009888,phase2_class0
168,3446.28,0.8066486958908782,0.11920292675495148,0.9718754798637421,0.751803457736969,0.6978346412398391,0.5698730945587158,0.29013538360595703,0.5202143788337708,0.08583596003991663,0.1814098209142685,0.15668596906941853,0.10413512364643786,0.15668596906941853,0.17107364535331726,2.0020558834075928,1.8309822380542755,915,3521,0.14461034536361694,1,2.1606128215789795,2.0020558834075928,0.15182694792747498,1680,0.00999454129487276,0.8720513582229614,0.0,0.0,1.73520028591156,0.85,0.006000000052154064,2.8872716426849365,0.41683340072631836,0,,0,-2.0020558834075928,1.0,0,0.00040332434582524,0.8066486716270447,phase2_class0
169,3450.64,0.9476983077533262,0.11920292675495148,0.9687540151864144,0.7475203275680542,0.6955933395212781,0.56267249584198,0.27835050225257874,0.5188576579093933,0.09162759586121055,0.1814098209142685,0.14747409598855876,0.104656056345166,0.14747409598855876,0.19596900045871735,1.7799264192581177,1.5839574187994003,915,3521,0.12517744302749634,1,2.1606128215789795,1.7799264192581177,0.10665938258171082,1680,0.011268421076238155,0.8393633961677551,0.0,0.0,1.8657045364379883,0.85,0.006500000134110451,2.9093050956726074,0.39560532569885254,0,,0,-1.7799264192581177,1.0,0,0.00047384921344928443,0.9476983547210693,phase2_class0
170,3454.99,0.9569491568192414,0.11920292675495148,0.9798151682382693,0.7434625625610352,0.7035355666188506,0.5806611776351929,0.31937798857688904,0.5205187201499939,0.1119397587930652,0.1814098209142685,0.18495253852301569,0.12984331239032662,0.18495253852301569,0.2166171371936798,1.7872025966644287,1.570585459470749,915,3521,0.14777810871601105,1,2.1606128215789795,1.7872025966644287,0.1360403597354889,1680,0.007508703973144293,0.8538174033164978,0.0,0.0,1.7705178260803223,0.85,0.005000000353902578,2.875852584838867,0.4049813449382782,0,,0,-1.7872025966644287,1.0,0,0.0004784745688084513,0.9569491147994995,phase2_class0
171,3459.48,0.8860855582394641,0.11920292675495148,0.98299715450594,0.749549150466919,0.7058203245858296,0.5307744145393372,0.21037667989730835,0.5136405825614929,0.05870755172322816,0.1814098209142685,0.10731762033622635,0.07260563115438426,0.10731762033622635,0.16024956107139587,1.9393113851547241,1.7790618240833282,915,3521,0.1250961720943451,1,2.1606128215789795,1.9393113851547241,0.13692228496074677,1680,0.009119170717895031,0.8768913745880127,0.0,0.0,1.7839895486831665,0.85,0.009000000543892384,2.906960964202881,0.42096832394599915,0,,0,-1.9393113851547241,1.0,0,0.0004430428089108318,0.886085569858551,phase2_class0
172,3463.84,0.9101573851345178,0.11920292675495148,0.9811301907546515,0.75,0.7044797907349591,0.5749021768569946,0.3020767569541931,0.5156301856040955,0.10764359975975529,0.1814098209142685,0.216205605642097,0.14236720772700767,0.216205605642097,0.18917202949523926,1.9054807424545288,1.7163087129592896,915,3521,0.16484114527702332,1,2.1606128215789795,1.9054807424545288,0.12217160314321518,1680,0.00884036161005497,0.8541004061698914,0.0,0.0,1.8322166204452515,0.85,0.0,2.8984391689300537,0.40516525506973267,0,,0,-1.9054807424545288,1.0,0,0.00045507875620387495,0.9101574420928955,phase2_class0
173,3468.19,0.9386490672003095,0.11920292675495148,0.9729922892751823,0.7459422945976257,0.6986365426265012,0.5717829465866089,0.2986932098865509,0.5218003988265991,0.10724815820145481,0.1814098209142685,0.14259474769002117,0.109889879708558,0.14259474769002117,0.1865576207637787,1.829809308052063,1.6432516872882843,915,3521,0.15271902084350586,1,2.1606128215789795,1.829809308052063,0.13420447707176208,1680,0.00887161586433649,0.8573460578918457,0.0,0.0,1.7663967609405518,0.85,0.004000000189989805,2.876781940460205,0.4072749614715576,0,,0,-1.829809308052063,1.0,0,0.00046932455734349787,0.93864905834198,phase2_class0
174,3472.59,0.9457906751612148,0.11920292675495148,0.9688257009536166,0.7407574653625488,0.6956448119708605,0.5927942991256714,0.34733259677886963,0.5297886729240417,0.13336995978849775,0.1814098209142685,0.18070414043549587,0.1377426982522271,0.18070414043549587,0.20836672186851501,1.7891119718551636,1.5807452499866486,915,3521,0.15298081934452057,1,2.1606128215789795,1.7891119718551636,0.13918805122375488,1680,0.010442275553941727,0.8753616213798523,0.0,0.0,1.7644253969192505,0.85,0.006500000134110451,2.9075911045074463,0.41906318068504333,0,,0,-1.7891119718551636,1.0,0,0.000472895335406065,0.9457906484603882,phase2_class0
175,3476.94,0.9432772750995907,0.11920292675495148,0.959699671890718,0.7412083148956299,0.689092059741794,0.5661122798919678,0.2904820740222931,0.5251803994178772,0.1048646450725778,0.1814098209142685,0.1963657267845375,0.1335971024756133,0.1963657267845375,0.2058381885290146,1.755541205406189,1.5497030168771744,915,3521,0.13492655754089355,1,2.1606128215789795,1.755541205406189,0.122219517827034,1680,0.00799180381000042,0.8931832909584045,0.0,0.0,1.8002150058746338,0.85,0.0,2.918936252593994,0.4305691421031952,0,,0,-1.755541205406189,1.0,0,0.0004716386320069432,0.9432772397994995,phase2_class0
176,3481.29,0.9164324816046795,0.11920292675495148,0.9676113518917209,0.7461677193641663,0.6947728743003404,0.5585340857505798,0.27072539925575256,0.5200949311256409,0.09761695246165475,0.1814098209142685,0.1550314774049719,0.11219003171552767,0.1550314774049719,0.17373214662075043,1.8720966577529907,1.6983645111322403,915,3521,0.14436879754066467,1,2.1606128215789795,1.8720966577529907,0.13124775886535645,1680,0.0060141743160784245,0.8455876111984253,0.0,0.0,1.7769871950149536,0.85,0.00800000037997961,2.872525215148926,0.39968937635421753,0,,0,-1.8720966577529907,1.0,0,0.00045821626554243267,0.9164324998855591,phase2_class0
177,3485.64,0.9350421060507549,0.11920292675495148,0.9605297382333492,0.7366997599601746,0.6896880713301268,0.5700013637542725,0.30226999521255493,0.5326189994812012,0.10562324724564401,0.1814098209142685,0.17062295817501155,0.12187135076171662,0.17062295817501155,0.2053336501121521,1.800372838973999,1.595039188861847,915,3521,0.14684486389160156,1,2.1606128215789795,1.800372838973999,0.12820084393024445,1680,0.005803434643894434,0.8448724746704102,0.0,0.0,1.7992345094680786,0.85,0.012500000186264515,2.8820626735687256,0.3995729088783264,0,,0,-1.800372838973999,1.0,0,0.00046752108028158545,0.935042142868042,phase2_class0
178,3490.0,0.9436116443587733,0.11920292675495148,0.9734417942908359,0.7477457523345947,0.6989593001997019,0.5685160756111145,0.2904248833656311,0.5198619961738586,0.09872785147041249,0.1814098209142685,0.160780134883134,0.11366756635849137,0.160780134883134,0.1809576153755188,1.8151932954788208,1.634235680103302,915,3521,0.14430943131446838,1,2.1606128215789795,1.8151932954788208,0.1167701706290245,1680,0.007199879735708237,0.8502973914146423,0.0,0.0,1.8383430242538452,0.85,0.013000000268220901,2.899538278579712,0.40297895669937134,0,,0,-1.8151932954788208,1.0,0,0.0004718058626167476,0.9436116814613342,phase2_class0
179,3494.37,0.7740105716744423,0.11920292675495148,0.9632843519763336,0.7513526082038879,0.691665963491126,0.5481024384498596,0.24503763020038605,0.5225229859352112,0.07542101023833578,0.1814098209142685,0.1537695769829363,0.10035204972931155,0.1537695769829363,0.16761189699172974,2.0197737216949463,1.8521618247032166,915,3521,0.16367407143115997,1,2.1606128215789795,2.0197737216949463,0.14402954280376434,1680,0.008555596694350243,0.8553797006607056,0.0,0.0,1.740506887435913,0.85,0.004000000189989805,2.9080679416656494,0.40599676966667175,0,,0,-2.0197737216949463,1.0,0,0.00038700527511537075,0.7740105390548706,phase2_class0
180,3498.77,0.9287103421045363,0.11920292675495148,0.9631695764037093,0.7475203275680542,0.6915835513177511,0.5666208267211914,0.2866242229938507,0.5225163102149963,0.09398596710137302,0.1814098209142685,0.15668596906941853,0.1094501305930609,0.15668596906941853,0.19344256818294525,1.8312106132507324,1.6377680450677872,915,3521,0.14569371938705444,1,2.1606128215789795,1.8312106132507324,0.11870799958705902,1680,0.00943464320152998,0.8496161103248596,0.0,0.0,1.8298249244689941,0.85,0.001500000013038516,2.900172233581543,0.4022504985332489,0,,0,-1.8312106132507324,1.0,0,0.0004643551947083324,0.9287103414535522,phase2_class0
181,3503.2,0.9519976941500671,0.11920292675495148,0.979124947900508,0.7463931441307068,0.7030399684977358,0.5770349502563477,0.3093922734260559,0.5155608057975769,0.11074257033908957,0.1814098209142685,0.19904375990241302,0.13612796907712713,0.19904375990241302,0.1934286504983902,1.8048104047775269,1.6113817542791367,915,3521,0.14660751819610596,1,2.1606128215789795,1.8048104047775269,0.08960465341806412,1680,0.008467106148600578,0.8830345869064331,0.0,0.0,1.9498854875564575,0.85,0.0005000000237487257,2.918921947479248,0.4239724576473236,0,,0,-1.8048104047775269,1.0,0,0.0004759988805744797,0.951997697353363,phase2_class0
182,3507.59,0.9546876666462193,0.11920292675495148,0.9773708010943243,0.7436880469322205,0.7017804404691587,0.594444990158081,0.3484240770339966,0.5255669951438904,0.145064662765018,0.1814098209142685,0.2375457438902988,0.16953830764033456,0.2375457438902988,0.21436373889446259,1.7866363525390625,1.5722726136446,915,3521,0.16860489547252655,1,2.1606128215789795,1.7866363525390625,0.13210450112819672,1680,0.009491924196481705,0.8745275139808655,0.0,0.0,1.7858729362487793,0.85,0.0020000000949949026,2.9111135005950928,0.41844290494918823,0,,0,-1.7866363525390625,1.0,0,0.00047734385589137673,0.9546876549720764,phase2_class0
183,3511.96,0.914419306600848,0.11920292675495148,0.9656354884503651,0.75,0.6933541473293392,0.5567618608474731,0.2641008496284485,0.520914614200592,0.09674691895465615,0.1814098209142685,0.15951823446109842,0.11386899712119591,0.15951823446109842,0.1801718771457672,1.8723894357681274,1.6922175586223602,915,3521,0.1326051950454712,1,2.1606128215789795,1.8723894357681274,0.12068605422973633,1680,0.007520751561969519,0.8357897400856018,0.0,0.0,1.8243547677993774,0.85,0.020500000566244125,2.9084458351135254,0.3962561786174774,0,,0,-1.8723894357681274,1.0,0,0.0004572096804622561,0.9144192934036255,phase2_class0
184,3516.34,0.7956850382858197,0.11920292675495148,0.9777072933021205,0.75,0.7020220515849576,0.553930938243866,0.2581939995288849,0.5243997573852539,0.07956973226992456,0.1814098209142685,0.13865481415011008,0.09514475570589805,0.13865481415011008,0.17817556858062744,2.0131053924560547,1.8349298238754272,915,3521,0.14485149085521698,1,2.1606128215789795,2.0131053924560547,0.11838949471712112,1680,0.00907724630087614,0.862663745880127,0.0,0.0,1.8208519220352173,0.85,0.00950000062584877,2.9063873291015625,0.41165998578071594,0,,0,-2.0131053924560547,1.0,0,0.00039784255204722285,0.7956850528717041,phase2_class0
185,3520.71,0.9243048500588606,0.11920292675495148,0.9671514661502159,0.7479711771011353,0.694442663066408,0.5708185434341431,0.2950819730758667,0.5212715864181519,0.11229919468357692,0.1814098209142685,0.18062001374069347,0.12990622506900523,0.18062001374069347,0.17865848541259766,1.853471279144287,1.6748127937316895,915,3521,0.1533658802509308,1,2.1606128215789795,1.853471279144287,0.13479650020599365,1680,0.00830242969095707,0.8440887928009033,0.0,0.0,1.7629683017730713,0.85,0.01100000087171793,2.905381441116333,0.3987162709236145,0,,0,-1.853471279144287,1.0,0,0.00046215244219638407,0.9243048429489136,phase2_class0
186,3525.08,0.9451904802252065,0.11920292675495148,0.9806076289325323,0.742560863494873,0.7041045762664191,0.5736780762672424,0.3053528070449829,0.5272563099861145,0.12326416209999955,0.1814098209142685,0.18329804685856899,0.13693232240297695,0.18329804685856899,0.195320263504982,1.8321938514709473,1.6368735879659653,915,3521,0.13255412876605988,1,2.1606128215789795,1.8321938514709473,0.11481962352991104,1680,0.005723174195736647,0.8612844944000244,0.0,0.0,1.8261746168136597,0.85,0.010500000789761543,2.877223491668701,0.4106731116771698,0,,0,-1.8321938514709473,1.0,0,0.00047259527491405606,0.9451904892921448,phase2_class0
187,3529.49,0.9553927035137555,0.11920292675495148,0.9758591323750161,0.7477457523345947,0.7006950187044694,0.5689443349838257,0.29132360219955444,0.5156218409538269,0.10067277831838012,0.1814098209142685,0.16180367633656287,0.11516624307424059,0.16180367633656287,0.18651613593101501,1.776279330253601,1.589763194322586,915,3521,0.14070215821266174,1,2.1606128215789795,1.776279330253601,0.14789246022701263,1680,0.008275889791548252,0.840877115726471,0.0,0.0,1.7300587892532349,0.85,0.002500000176951289,2.894885778427124,0.3965701460838318,0,,0,-1.776279330253601,1.0,0,0.00047769639058969915,0.9553927183151245,phase2_class0
188,3533.85,0.8174318987774553,0.11920292675495148,0.9817487253252106,0.7547339797019958,0.7049239164064918,0.5459686517715454,0.2380952537059784,0.5152906179428101,0.0715562984311151,0.1814098209142685,0.12983553231166137,0.08761987180425686,0.12983553231166137,0.1601245105266571,2.000175714492798,1.8400512039661407,915,3521,0.1483500599861145,1,2.1606128215789795,2.000175714492798,0.13136975467205048,1680,0.00685404846444726,0.8126065731048584,0.0,0.0,1.7868194580078125,0.85,0.01100000087171793,2.8630757331848145,0.3783402740955353,0,,0,-2.000175714492798,1.0,0,0.0004087159759365022,0.8174319267272949,phase2_class0
189,3538.21,0.942086416319102,0.11920292675495148,0.9656213863322272,0.742110013961792,0.6933440216015526,0.5688649415969849,0.29556649923324585,0.5301914215087891,0.11483014481417507,0.1814098209142685,0.18676126246126667,0.13452396695420255,0.18676126246126667,0.21718482673168182,1.7916518449783325,1.5744670182466507,915,3521,0.1393008679151535,1,2.1606128215789795,1.7916518449783325,0.15902405977249146,1680,0.005998059641569853,0.8356058597564697,0.0,0.0,1.7033287286758423,0.85,0.012000000104308128,2.8937792778015137,0.39351174235343933,0,,0,-1.7916518449783325,1.0,0,0.00047104322584345937,0.942086398601532,phase2_class0
190,3542.57,0.8376274404474792,0.11920292675495148,0.9686284671624342,0.7515780329704285,0.6955031924169548,0.5602555274963379,0.27019867300987244,0.5155761241912842,0.09759894962776036,0.1814098209142685,0.19408028490907306,0.12917621036711363,0.19408028490907306,0.1633327305316925,1.9750759601593018,1.8117432296276093,915,3521,0.1599462330341339,1,2.1606128215789795,1.9750759601593018,0.12783730030059814,1680,0.006607246585190296,0.856854259967804,0.0,0.0,1.8045697212219238,0.85,0.003000000026077032,2.862727165222168,0.4069553017616272,0,,0,-1.9750759601593018,1.0,0,0.0004188137245364487,0.8376274108886719,phase2_class0
191,3546.93,0.7920981580564161,0.11920292675495148,0.9810318676531883,0.7463931441307068,0.7044091919106686,0.5754164457321167,0.3059839606285095,0.5168887376785278,0.11397811414107083,0.1814098209142685,0.19494959408869758,0.13645618308238341,0.19494959408869758,0.1528690755367279,2.0172839164733887,1.8644148409366608,915,3521,0.17579399049282074,1,2.1606128215789795,2.0172839164733887,0.12018294632434845,1680,0.010426760651171207,0.8743875026702881,0.0,0.0,1.826846718788147,0.85,0.0,2.90482759475708,0.4183518886566162,0,,0,-2.0172839164733887,1.0,0,0.00039604908670298755,0.7920981645584106,phase2_class0
192,3551.29,0.876124593059054,0.11920292675495148,0.9688433286012893,0.7450405955314636,0.6956574691305938,0.5668952465057373,0.28912633657455444,0.5270270109176636,0.0985732754138712,0.1814098209142685,0.1470815047461477,0.1077925525194758,0.1470815047461477,0.19437654316425323,1.9360190629959106,1.7416425198316574,915,3521,0.15291935205459595,1,2.1606128215789795,1.9360190629959106,0.127741739153862,1680,0.009959449991583824,0.8661049008369446,0.0,0.0,1.7767950296401978,0.85,0.007000000216066837,2.897953510284424,0.4129715859889984,0,,0,-1.9360190629959106,1.0,0,0.0004380623286124319,0.8761246204376221,phase2_class0
193,3555.65,0.8067251839316593,0.11920292675495148,0.9665360653836873,0.7481966018676758,0.6940007875566057,0.562286376953125,0.27702265977859497,0.5199252963066101,0.08550880509293965,0.1814098209142685,0.14542701308170106,0.10027871516362649,0.14542701308170106,0.1766463667154312,1.9987136125564575,1.8220672458410263,915,3521,0.1569128781557083,1,2.1606128215789795,1.9987136125564575,0.13948975503444672,1680,0.008645613677799702,0.8182231783866882,0.0,0.0,1.767329216003418,0.85,0.02200000174343586,2.90639066696167,0.3826221227645874,0,,0,-1.9987136125564575,1.0,0,0.00040336258825846016,0.8067251443862915,phase2_class0
194,3560.27,0.9203739722084879,0.11920292675495148,0.9653119231841957,0.7423354387283325,0.6931218181306782,0.5579420328140259,0.2724379301071167,0.526238739490509,0.10390832212036136,0.1814098209142685,0.17487135626253136,0.12485314029831329,0.17487135626253136,0.19828131794929504,1.8586630821228027,1.6603817641735077,915,3521,0.15600983798503876,1,2.1606128215789795,1.8586630821228027,0.12942270934581757,1680,0.006137041375041008,0.8743131756782532,0.0,0.0,1.7738525867462158,0.85,0.0,2.888045072555542,0.41830354928970337,0,,0,-1.8586630821228027,1.0,0,0.0004601869732141495,0.9203739166259766,phase2_class0
195,3564.78,0.895307576676823,0.11920292675495148,0.9730720054152134,0.7477457523345947,0.6986937811155177,0.5689443349838257,0.29132360219955444,0.5195824503898621,0.10204968471761157,0.1814098209142685,0.1912480195173932,0.1290980495561241,0.1912480195173932,0.1704234778881073,1.916264533996582,1.7458410561084747,915,3521,0.15688475966453552,1,2.1606128215789795,1.916264533996582,0.13285593688488007,1680,0.005591517314314842,0.8029584288597107,0.0,0.0,1.7780777215957642,0.85,0.0430000014603138,2.890026092529297,0.3754034638404846,0,,0,-1.916264533996582,1.0,0,0.00044765378697775304,0.8953075408935547,phase2_class0
196,3569.15,0.9418507932954564,0.11920292675495148,0.9639420590972765,0.7506762742996216,0.6921382161842883,0.5681391358375549,0.28737112879753113,0.5185790061950684,0.09300450226044202,0.1814098209142685,0.13991671457214566,0.10108230969050075,0.13991671457214566,0.19208402931690216,1.7853460311889648,1.5932620018720627,915,3521,0.13804496824741364,1,2.1606128215789795,1.7853460311889648,0.10633788257837296,1680,0.0071103377267718315,0.8542869091033936,0.0,0.0,1.8714169263839722,0.85,0.003000000026077032,2.905198335647583,0.4052865207195282,0,,0,-1.7853460311889648,1.0,0,0.0004709254135377705,0.9418507814407349,phase2_class0
197,3573.5,0.8718941694129975,0.11920292675495148,0.9666770865650687,0.7497745752334595,0.6941020448344725,0.5665772557258606,0.28479382395744324,0.522348940372467,0.08887378306274765,0.1814098209142685,0.1525918032557031,0.10465147535915915,0.1525918032557031,0.18190252780914307,1.9387049674987793,1.7568024396896362,915,3521,0.14528928697109222,1,2.1606128215789795,1.9387049674987793,0.12948794662952423,1680,0.006113085895776749,0.830865740776062,0.0,0.0,1.78431236743927,0.85,0.029000001028180122,2.8855550289154053,0.3901992440223694,0,,0,-1.9387049674987793,1.0,0,0.0004359471204224974,0.8718941807746887,phase2_class0
198,3577.85,0.9339714129799591,0.11920292675495148,0.9563653044020546,0.7389540076255798,0.6866978876606756,0.5469138622283936,0.25193798542022705,0.5324804186820984,0.08223011656834947,0.1814098209142685,0.12597972546655264,0.09250787540152652,0.12597972546655264,0.2122793048620224,1.7875471115112305,1.575267806649208,915,3521,0.13154669106006622,1,2.1606128215789795,1.7875471115112305,0.12980690598487854,1680,0.00647817924618721,0.8847152590751648,0.0,0.0,1.7947380542755127,0.85,0.006000000052154064,2.891502618789673,0.42506662011146545,0,,0,-1.7875471115112305,1.0,0,0.00046698571532033384,0.9339714050292969,phase2_class0
199,3582.21,0.936641370303019,0.11920292675495148,0.968682721144716,0.7502254247665405,0.6955421483419121,0.5592519044876099,0.26912927627563477,0.5226337313652039,0.08002632138472832,0.1814098209142685,0.13519159854741242,0.09300746138398572,0.13519159854741242,0.1922328919172287,1.8230856657028198,1.6308527737855911,915,3521,0.13197311758995056,1,2.1606128215789795,1.8230856657028198,0.15215426683425903,1680,0.006492476910352707,0.8757556676864624,0.0,0.0,1.7254756689071655,0.85,0.0,2.8846945762634277,0.41924116015434265,0,,0,-1.8230856657028198,1.0,0,0.00046832067891955376,0.9366413354873657,phase2_class0
200,3586.57,0.940099883242633,0.11920292675495148,0.9682545651690215,0.7513526082038879,0.6952347199954996,0.5813077688217163,0.31448107957839966,0.521155059337616,0.11194689784788536,0.1814098209142685,0.21478947294625705,0.1430349275426097,0.21478947294625705,0.19989661872386932,1.8097853660583496,1.6098887473344803,915,3521,0.13734199106693268,1,2.1606128215789795,1.8097853660583496,0.1350785791873932,1680,0.007263973820954561,0.8606182932853699,0.0,0.0,1.7849972248077393,0.85,0.004000000189989805,2.8936543464660645,0.40940186381340027,0,,0,-1.8097853660583496,1.0,0,0.0004700499412138015,0.940099835395813,phase2_class0
