experiment,method,sigmoid_k,pca_components,ffnn_epochs,traj_length,synth_pct,fold_idx,alpha_f1_minority,alpha_f1_majority,alpha_f1_weighted,alpha_f1_macro,alpha_brier,alpha_acc,alpha_auc,alpha_dp_diff,alpha_eo_tpr_diff,alpha_eod_fpr_diff,alpha_eod_max_diff,alpha_eod_avg_diff,alpha_dp_rate_g0,alpha_dp_rate_g1,alpha_tpr_g0,alpha_tpr_g1,alpha_fpr_g0,alpha_fpr_g1,beta_f1_minority,beta_f1_majority,beta_f1_weighted,beta_f1_macro,beta_brier,beta_acc,beta_auc,beta_dp_diff,beta_eo_tpr_diff,beta_eod_fpr_diff,beta_eod_max_diff,beta_eod_avg_diff,beta_dp_rate_g0,beta_dp_rate_g1,beta_tpr_g0,beta_tpr_g1,beta_fpr_g0,beta_fpr_g1
grid_stage1,FORGE,10.0,10,10,2000,40,1,0.4000343680381775,0.970453143119812,0.9334275722503662,0.6852437257766724,0.043051403015851974,0.9436800479888916,0.8804836074333711,0.008434908131700884,0.21233941325024733,0.00916790605082489,0.21233941325024733,0.1107536596505361,0.03296686423241102,0.024531956100710135,0.42725337118523776,0.21491395793499043,0.015134493162996726,0.0059665871121718375,0.5837681293487549,0.9620901942253113,0.9375334978103638,0.7729291915893555,0.05684017762541771,0.9305093884468079,0.9272031141167486,0.031166297093066175,0.07830540353124615,0.004486712775919707,0.07830540353124615,0.04139605815358293,0.08724626109387956,0.11841255818694574,0.8016323633782825,0.7233269598470363,0.05493676574436669,0.0594234785202864
grid_stage1,FORGE,0.0,10,30,2000,40,0,0.38174694776535034,0.9827846884727478,0.9614923596382141,0.6822658181190491,0.024964751675724983,0.9665021300315857,0.9522072115154704,0.01643107946791872,0.3343817052512705,0.006272311305331079,0.3343817052512705,0.17032700827830077,0.028104799006806798,0.011673719538888079,0.4922077922077922,0.15782608695652173,0.012284740360352384,0.006012429055021305,0.5698659420013428,0.9762671589851379,0.9618699550628662,0.773066520690918,0.034960366785526276,0.9550163745880127,0.9669836885590517,0.0030185459353823524,0.043760587238848125,0.008289077089557048,0.043760587238848125,0.026024832164202587,0.07087204075516931,0.06785349481978696,0.814935064935065,0.8586956521739131,0.045508876001593694,0.037219798912036646
grid_stage1,FORGE,0.0,15,10,750,20,2,0.0023806372191756964,0.9703408479690552,0.9149209260940552,0.48636072874069214,0.04927971214056015,0.9423943161964417,0.7335203626592198,0.00040587981509685437,0.002048713862963806,0.00029842999306999745,0.002048713862963806,0.0011735719280169018,0.00027470751729041434,0.0006805873323872687,0.0,0.002048713862963806,0.00028921401837359647,0.0005876440114435939,0.4119088053703308,0.9681138396263123,0.93626868724823,0.6900113224983215,0.04537666589021683,0.9395075440406799,0.9243954300636912,0.014449623926914353,0.20038799132171375,0.00838648567155345,0.20038799132171375,0.1043872384966336,0.053228621291448515,0.03877899736453416,0.48743556701030927,0.2870475756885955,0.030299421571963255,0.021912935900409804
grid_stage1,FORGE,0.0,15,30,4500,60,0,0.31925612688064575,0.9833953976631165,0.9598676562309265,0.6513257622718811,0.02550709806382656,0.9675815105438232,0.9268103198774967,0.008284388801774735,0.36702428006775834,0.0036709650691762728,0.36702428006775834,0.1853476225684673,0.01690997046106426,0.008625581659289524,0.4344155844155844,0.06739130434782609,0.002678294745229979,0.006349259814406252,0.5276615023612976,0.9793660640716553,0.9633639454841614,0.7535138130187988,0.03137929365038872,0.9604594111442566,0.9497358323171219,0.024972763434612702,0.055392433653303264,0.02120921962287252,0.055392433653303264,0.03830082663808789,0.03407680123292949,0.059049564667542194,0.5902597402597403,0.6456521739130435,0.015117977776794014,0.036327197399666535
grid_stage1,FORGE,5.0,10,20,4500,60,0,0.3881899118423462,0.9827015995979309,0.9616404175758362,0.6854457855224609,0.02584860660135746,0.9663545489311218,0.9456632386961407,0.0178632994440101,0.38160926030491243,0.006098123026063773,0.38160926030491243,0.1938536916654881,0.02973158097521298,0.01186828153120288,0.5298701298701298,0.1482608695652174,0.012683164372039488,0.006585041345975715,0.44025886058807373,0.9570477604866028,0.9387400150299072,0.6986533403396606,0.059394583106040955,0.9202176928520203,0.962839161854606,0.01688634500687311,0.022704686617730063,0.013060613813496852,0.022704686617730063,0.017882650215613458,0.0974998929748705,0.1143862379817436,0.8720779220779221,0.8947826086956522,0.07109655141883217,0.08415716523232902
grid_stage1,FORGE,10.0,5,20,750,20,0,0.33688995242118835,0.9820393919944763,0.9591842889785767,0.6594646573066711,0.02830355241894722,0.9650260806083679,0.9236123780546126,0.0048521411213461214,0.08586674195369845,0.0008550411325133778,0.08586674195369845,0.04336089154310591,0.01455541761205531,0.01940755873340143,0.19935064935064936,0.2852173913043478,0.00825623090884944,0.009111272041362818,0.33861109614372253,0.9558045864105225,0.9339398741722107,0.6472078561782837,0.05474988371133804,0.9171456098556519,0.9243789502733807,0.02236470278141295,0.22115753811405992,0.0334880178406947,0.22115753811405992,0.12732277797737732,0.10257288411318978,0.08020818133177683,0.4662337662337662,0.6873913043478261,0.09017663464518129,0.056688616804486586
grid_stage1,FORGE,5.0,5,30,2000,40,0,0.34161266684532166,0.9826827049255371,0.9599721431732178,0.6621477007865906,0.027543306350708008,0.9662530422210693,0.927541268650471,0.007320268634508362,0.10796725014116318,0.0026277414271205545,0.10796725014116318,0.055297495784141865,0.01166573911554433,0.018986007750052693,0.18246753246753247,0.29043478260869565,0.005843552171410864,0.008471293598531418,0.29255902767181396,0.9385612607002258,0.9156759977340698,0.6155601739883423,0.08356694132089615,0.8869412541389465,0.9012225934217238,0.04190167555802435,0.06639186900056471,0.04828994632734036,0.06639186900056471,0.057340907663952535,0.14822980435806327,0.10632812880003892,0.6201298701298701,0.6865217391304348,0.13214396387622293,0.08385401754888257
grid_stage1,FORGE,10.0,15,10,750,20,2,0.0023806372191756964,0.9703408479690552,0.9149209260940552,0.48636072874069214,0.04927971214056015,0.9423943161964417,0.7335203626592198,0.00040587981509685437,0.002048713862963806,0.00029842999306999745,0.002048713862963806,0.0011735719280169018,0.00027470751729041434,0.0006805873323872687,0.0,0.002048713862963806,0.00028921401837359647,0.0005876440114435939,0.28383904695510864,0.9700483083724976,0.930759847164154,0.6269437074661255,0.043711788952350616,0.9425012469291687,0.8650963440718074,0.019659130367763022,0.16673440466440284,0.013650915873988924,0.16673440466440284,0.09019266026919588,0.03340120224936979,0.013742071881606765,0.2967139175257732,0.12997951286137036,0.01949642735624362,0.005845511482254697
grid_stage1,FORGE,0.0,5,10,4500,60,2,0.22629240155220032,0.9717442989349365,0.9290639162063599,0.5990183353424072,0.04487987607717514,0.945479691028595,0.8796892788735514,0.0030826355768103653,0.010033681747672607,0.0007680184999313468,0.010033681747672607,0.005400850123801977,0.011586193523366298,0.014668829100176663,0.1333762886597938,0.14340997040746642,0.0051548145627764545,0.005922833062707801,0.3871193528175354,0.9075840711593628,0.8777852654457092,0.6473517417907715,0.10223597288131714,0.8393868803977966,0.9274939689513457,0.05470293889575162,0.10116184722179844,0.05365425893395087,0.10116184722179844,0.07740805307787466,0.17595824445737185,0.23066118335312347,0.9452319587628866,0.8440701115410881,0.13533514800952706,0.18898940694347793
grid_stage1,FORGE,10.0,10,30,4500,60,1,0.4333416521549225,0.9711612462997437,0.9362516403198242,0.7022514343261719,0.04102768003940582,0.9451156854629517,0.9007474184134454,0.013825109193929735,0.2653401311155953,0.013206671132382164,0.2653401311155953,0.13927340112398873,0.03850996529803765,0.024684856104107915,0.4957416607523066,0.2304015296367113,0.017830776144315337,0.004624105011933174,0.4966270625591278,0.9589965343475342,0.9289843440055847,0.7278118133544922,0.05687946826219559,0.9241700768470764,0.9089793447783199,0.03462459489705813,0.026761857330708017,0.013190861227839898,0.026761857330708017,0.019976359279273957,0.06929644074563154,0.10392103564268967,0.5936834634492548,0.5669216061185468,0.0455800218270527,0.0587708830548926
grid_stage1,FORGE,10.0,5,20,4500,60,2,0.20798759162425995,0.9716861844062805,0.9279611110687256,0.5898368954658508,0.043981343507766724,0.9453269243240356,0.897712601181264,0.0032710717372577084,0.03034364065605777,4.3830470580086094e-05,0.03034364065605777,0.015193735563318928,0.010051063279684571,0.01332213501694228,0.10760309278350516,0.13794673343956293,0.004899625723035046,0.00485579525245496,0.29056888818740845,0.9114041328430176,0.8758585453033447,0.6009864807128906,0.11053948849439621,0.8424798846244812,0.8618424485108556,0.07811862517107629,0.0940859521121935,0.08327517771795682,0.0940859521121935,0.08868056491507517,0.20598216017064186,0.12786353499956557,0.6185567010309279,0.5244707489187344,0.18419530452534877,0.10092012680739194
grid_stage1,FORGE,0.0,15,20,4500,60,0,0.3152371346950531,0.9839828610420227,0.960291862487793,0.6496099829673767,0.02587682008743286,0.9686978459358215,0.9071000709355523,0.010248697734598074,0.35211180124223607,0.001142810073930892,0.35211180124223607,0.1766273056580835,0.016117984502761248,0.005869286768163172,0.4142857142857143,0.06217391304347826,0.002545486741334278,0.00368829681526517,0.3853232264518738,0.9743195176124573,0.953453779220581,0.6798213720321655,0.03754522651433945,0.9506988525390625,0.9345079468740535,0.02520678297211751,0.022490118577075113,0.02348859492934999,0.02348859492934999,0.02298935675321255,0.030437946829915664,0.05564472980203317,0.42272727272727273,0.44521739130434784,0.017065828500597634,0.040554423429947625
grid_stage1,FORGE,5.0,15,20,2000,40,0,0.3152371346950531,0.9839828610420227,0.960291862487793,0.6496099829673767,0.02587682008743286,0.9686978459358215,0.9071000709355523,0.010248697734598074,0.35211180124223607,0.001142810073930892,0.35211180124223607,0.1766273056580835,0.016117984502761248,0.005869286768163172,0.4142857142857143,0.06217391304347826,0.002545486741334278,0.00368829681526517,0.46381309628486633,0.9643170833587646,0.9465862512588501,0.7140650749206543,0.04593483358621597,0.9330873489379883,0.9545673678526453,0.008912765149444127,0.02826086956521734,0.013632259108358198,0.02826086956521734,0.02094656433678777,0.09443897427115887,0.08552620912171474,0.8,0.8282608695652174,0.07038824206472177,0.056755982956363575
grid_stage1,FORGE,5.0,5,20,2000,40,0,0.33688995242118835,0.9820393919944763,0.9591842889785767,0.6594646573066711,0.02830355241894722,0.9650260806083679,0.9236123780546126,0.0048521411213461214,0.08586674195369845,0.0008550411325133778,0.08586674195369845,0.04336089154310591,0.01455541761205531,0.01940755873340143,0.19935064935064936,0.2852173913043478,0.00825623090884944,0.009111272041362818,0.2688911557197571,0.9278191328048706,0.90447598695755,0.5983551740646362,0.09956371784210205,0.8686102032661438,0.898066067201473,0.05801511474204096,0.08491812535290799,0.06566137094250983,0.08491812535290799,0.07528974814770892,0.17729782953037374,0.11928271478833277,0.6311688311688312,0.7160869565217391,0.1618265527469122,0.09616518180440238
grid_stage1,FORGE,0.0,5,30,2000,40,1,0.22323760390281677,0.9700984954833984,0.9216201305389404,0.5966680645942688,0.04371148720383644,0.9424138069152832,0.910535126741706,0.001038298012952736,0.10907509360068501,0.0003672427281333795,0.10907509360068501,0.054721168164409195,0.009719620428093234,0.008681322415140498,0.19836763662171752,0.08929254302103251,0.0011876484560570072,0.0008204057279236277,0.30568480491638184,0.9398432970046997,0.8986803889274597,0.6227640509605408,0.0721246600151062,0.8892796039581299,0.8792275028456139,0.012026883550608838,0.07582096519642234,0.02277396041307153,0.07582096519642234,0.049297462804746936,0.10026717440039308,0.08824029084978424,0.4247693399574166,0.3489483747609943,0.08559093535340566,0.06281697494033413
grid_stage1,FORGE,10.0,15,30,4500,60,1,0.39161446690559387,0.9704245328903198,0.9328542351722717,0.6810194849967957,0.042984623461961746,0.943591296672821,0.8790546772410216,0.010734944337344017,0.21177231319555928,0.011231191959168732,0.21177231319555928,0.111501752577364,0.03290544483002181,0.02217050049267779,0.41731724627395317,0.2055449330783939,0.015519676446042241,0.004288484486873508,0.5270225405693054,0.9694547653198242,0.940736711025238,0.7482386827468872,0.0431373156607151,0.9426153898239136,0.9324534807714007,0.05874261175180807,0.19548681176864918,0.027787399885287695,0.19548681176864918,0.11163710582696844,0.02852931240979025,0.08727192416159832,0.36550745209368346,0.5609942638623326,0.013288823265070296,0.04107622315035799
grid_stage1,FORGE,0.0,5,30,4500,60,1,0.22323760390281677,0.9700984954833984,0.9216201305389404,0.5966680645942688,0.04371148720383644,0.9424138069152832,0.910535126741706,0.001038298012952736,0.10907509360068501,0.0003672427281333795,0.10907509360068501,0.054721168164409195,0.009719620428093234,0.008681322415140498,0.19836763662171752,0.08929254302103251,0.0011876484560570072,0.0008204057279236277,0.20403891801834106,0.9442118406295776,0.8961676359176636,0.5741254091262817,0.07525373995304108,0.8957318663597107,0.8264453081193707,0.00633887528886759,0.034509782102761954,0.002703156124253321,0.034509782102761954,0.018606469113507638,0.06307772625372356,0.06941660154259115,0.18346344925479063,0.2179732313575526,0.0576330487256853,0.05492989260143198
grid_stage1,FORGE,10.0,15,10,4500,60,0,0.16352201998233795,0.9824618697166443,0.9534501433372498,0.5729919672012329,0.03063560649752617,0.9656441807746887,0.8004947107184416,0.0014757515456185121,0.10735177865612648,0.0019160815098318831,0.10735177865612648,0.05463393008297918,0.006485722847724646,0.005009971302106134,0.1590909090909091,0.05173913043478261,0.0012838107043251139,0.003199892214156997,0.5560756921768188,0.976992666721344,0.962081253528595,0.7665342092514038,0.03556123375892639,0.9562525749206543,0.9550561979938789,0.015043141731312833,0.07924336533032184,0.009435485253807989,0.07924336533032184,0.044339425292064916,0.05456141101930733,0.06960455275062016,0.7259740259740259,0.8052173913043478,0.031674708929124794,0.04111019418293278
grid_stage1,FORGE,10.0,15,20,4500,60,0,0.3152371346950531,0.9839828610420227,0.960291862487793,0.6496099829673767,0.02587682008743286,0.9686978459358215,0.9071000709355523,0.010248697734598074,0.35211180124223607,0.001142810073930892,0.35211180124223607,0.1766273056580835,0.016117984502761248,0.005869286768163172,0.4142857142857143,0.06217391304347826,0.002545486741334278,0.00368829681526517,0.5169020891189575,0.9759883880615234,0.9597247838973999,0.7464452385902405,0.035941965878009796,0.9542506337165833,0.9511250483198636,0.006814990013247209,0.13872953133822696,0.0008624099111454106,0.13872953133822696,0.06979597062468619,0.055396207029410505,0.062211197042657713,0.6077922077922078,0.7465217391304347,0.0365664704059498,0.03570406049480439
grid_stage1,FORGE,10.0,5,30,2000,40,1,0.22323760390281677,0.9700984954833984,0.9216201305389404,0.5966680645942688,0.04371148720383644,0.9424138069152832,0.910535126741706,0.001038298012952736,0.10907509360068501,0.0003672427281333795,0.10907509360068501,0.054721168164409195,0.009719620428093234,0.008681322415140498,0.19836763662171752,0.08929254302103251,0.0011876484560570072,0.0008204057279236277,0.22727273404598236,0.9337554574012756,0.8878980278968811,0.5805140733718872,0.08551014214754105,0.8779720664024353,0.8027706432613565,0.00814078377987855,0.1392915252535259,0.02717547111408826,0.1392915252535259,0.08323349818380707,0.09687375241838897,0.08873296863851042,0.18594748048261178,0.3252390057361377,0.09284522051742955,0.06566974940334129
grid_stage1,FORGE,0.0,15,20,2000,40,2,0.037892550230026245,0.9708314538002014,0.9174166321754456,0.5043619871139526,0.04346417635679245,0.9433795213699341,0.8890324580019001,0.002795129438100516,0.04208788407518053,0.0007470240728467683,0.04208788407518053,0.02141745407401365,0.0030702604873634543,0.0002751310492629384,0.04413659793814433,0.002048713862963806,0.0009016672337529772,0.00015464316090620892,0.5267377495765686,0.9566956758499146,0.9320787191390991,0.741716742515564,0.05381054803729057,0.920651912689209,0.9369588012341854,0.04572898294095394,0.01213153071545403,0.03919047067690216,0.03919047067690216,0.025661000696178094,0.08629047896063603,0.13201946190158997,0.7783505154639175,0.7662189847484635,0.04974481116025859,0.08893528183716075
grid_stage1,FORGE,0.0,15,30,2000,40,0,0.31925612688064575,0.9833953976631165,0.9598676562309265,0.6513257622718811,0.02550709806382656,0.9675815105438232,0.9268103198774967,0.008284388801774735,0.36702428006775834,0.0036709650691762728,0.36702428006775834,0.1853476225684673,0.01690997046106426,0.008625581659289524,0.4344155844155844,0.06739130434782609,0.002678294745229979,0.006349259814406252,0.5052036046981812,0.9763307571411133,0.959640622138977,0.7407671809196472,0.03514978289604187,0.9548226594924927,0.9521540671377106,0.012355680117209847,0.09822699040090344,0.01909941755648269,0.09822699040090344,0.05866320397869306,0.06290937112033905,0.0505536910031292,0.5922077922077922,0.6904347826086956,0.04486697064943114,0.02576755309294845
grid_stage1,FORGE,0.0,10,20,750,20,0,0.3881899118423462,0.9827015995979309,0.9616404175758362,0.6854457855224609,0.02584860660135746,0.9663545489311218,0.9456632386961407,0.0178632994440101,0.38160926030491243,0.006098123026063773,0.38160926030491243,0.1938536916654881,0.02973158097521298,0.01186828153120288,0.5298701298701298,0.1482608695652174,0.012683164372039488,0.006585041345975715,0.5970624089241028,0.9791024327278137,0.9655683040618896,0.7880824208259583,0.030740661546587944,0.9602656960487366,0.966627554975053,0.009852424165219413,0.0365612648221344,0.005324705459681486,0.0365612648221344,0.020942985140907942,0.057579519671218805,0.06743194383643822,0.8090909090909091,0.8456521739130435,0.03196245960423215,0.037287165063913635
grid_stage1,FORGE,10.0,10,20,2000,40,1,0.4078245460987091,0.9703896641731262,0.9338738322257996,0.6891071200370789,0.042411912232637405,0.9435994029045105,0.8935200724238321,0.013503356962885495,0.24837326826858747,0.012763426429763115,0.24837326826858747,0.1305683473491753,0.03674415747934773,0.023240800516462233,0.46061036195883603,0.21223709369024857,0.01757398728895166,0.004810560859188544,0.5736176371574402,0.9642422199249268,0.9388869404792786,0.7689299583435059,0.04871558025479317,0.9340178370475769,0.9355731500680238,0.0032950770621036074,0.01536055431689487,0.026545890263672822,0.026545890263672822,0.020953222290283846,0.0882750360838989,0.09157011314600251,0.6937544357700497,0.6783938814531548,0.06089105732811196,0.03434516706443914
grid_stage1,FORGE,10.0,10,10,750,20,1,0.4000343680381775,0.970453143119812,0.9334275722503662,0.6852437257766724,0.043051403015851974,0.9436800479888916,0.8804836074333711,0.008434908131700884,0.21233941325024733,0.00916790605082489,0.21233941325024733,0.1107536596505361,0.03296686423241102,0.024531956100710135,0.42725337118523776,0.21491395793499043,0.015134493162996726,0.0059665871121718375,0.60967618227005,0.9683064222335815,0.9450278878211975,0.7889913320541382,0.04510006681084633,0.941373348236084,0.9356452667469394,0.0221758345959195,0.11915357026056206,0.0010664132530168458,0.11915357026056206,0.06010999175678945,0.07476276755827166,0.09693860215419116,0.7828246983676366,0.6636711281070745,0.04273929511459203,0.04167288186157518
grid_stage1,FORGE,10.0,15,10,2000,40,1,0.08730249851942062,0.9664309620857239,0.9093672037124634,0.5268667340278625,0.0529993437230587,0.9352437257766724,0.7640836631281828,0.007193898543851692,0.04175072295418553,0.0028851160598293525,0.04175072295418553,0.02231791950700744,0.0026256794521389306,0.009819577995990623,0.0205819730305181,0.06233269598470363,0.0018135712910059703,0.004698687350835323,0.3372093141078949,0.9600294232368469,0.9196024537086487,0.6486193537712097,0.05968768894672394,0.9246056079864502,0.7967118680447932,0.06423394426028856,0.28649612501984645,0.03780409479974989,0.28649612501984645,0.16215010990979817,0.018349046463777906,0.08258299072406645,0.10929737402413059,0.39579349904397704,0.014235732169223856,0.052039826968973746
grid_stage1,FORGE,5.0,10,10,4500,60,2,0.3956456184387207,0.9743659496307373,0.9412316679954529,0.685005784034729,0.035925302654504776,0.9508179426193237,0.9271766951342892,0.006282303567429554,0.12547529046913905,0.003135716316566179,0.12547529046913905,0.06430550339285261,0.0274384331975955,0.021156129630165946,0.3547036082474227,0.22922831777828365,0.010156515821708064,0.007020799505141885,0.46811115741729736,0.9368730783462524,0.9100344181060791,0.7024921178817749,0.07933495193719864,0.8871408700942993,0.9489435802943911,0.02398370255334406,0.08771950924737337,0.019825115106945165,0.08771950924737337,0.05377231217715927,0.14228233469071166,0.16626603724405573,0.9188144329896907,0.8310949237423173,0.10127594419870704,0.12110105930565221
grid_stage1,FORGE,0.0,5,10,750,20,1,0.19453021883964539,0.9694275856018066,0.9191294312477112,0.5819789171218872,0.046401187777519226,0.9410910606384277,0.8985449687591203,0.0036947638596720855,0.13770068678951347,0.000514754356409142,0.13770068678951347,0.0691077205729613,0.009980652888247397,0.006285889028575312,0.19907735982966643,0.061376673040152964,0.0014283880079604546,0.0009136336515513126,0.40270230174064636,0.9442570805549622,0.9091050028800964,0.6734796762466431,0.06402184069156647,0.8980304598808289,0.9099764531664593,0.027132924630906538,0.32563864911040336,0.013742899571732567,0.32563864911040336,0.16969077434106797,0.09292755581488192,0.12006048044578846,0.3179559971611072,0.6435946462715105,0.08275020864094498,0.06900730906921242
grid_stage1,FORGE,10.0,15,10,4500,60,2,0.0023806372191756964,0.9703408479690552,0.9149209260940552,0.48636072874069214,0.04927971214056015,0.9423943161964417,0.7335203626592198,0.00040587981509685437,0.002048713862963806,0.00029842999306999745,0.002048713862963806,0.0011735719280169018,0.00027470751729041434,0.0006805873323872687,0.0,0.002048713862963806,0.00028921401837359647,0.0005876440114435939,0.24661904573440552,0.9561029076576233,0.9154819250106812,0.6013609766960144,0.06521031260490417,0.9170396327972412,0.789088524820867,0.028054455069733773,0.18135180500374307,0.021811979804203033,0.18135180500374307,0.10158189240397306,0.06765884558205675,0.03960439051232297,0.3434278350515464,0.16207603004780333,0.053096291255529095,0.03128431145132606
grid_stage1,FORGE,5.0,5,10,4500,60,2,0.22629240155220032,0.9717442989349365,0.9290639162063599,0.5990183353424072,0.04487987607717514,0.945479691028595,0.8796892788735514,0.0030826355768103653,0.010033681747672607,0.0007680184999313468,0.010033681747672607,0.005400850123801977,0.011586193523366298,0.014668829100176663,0.1333762886597938,0.14340997040746642,0.0051548145627764545,0.005922833062707801,0.38075193762779236,0.9039616584777832,0.8740056157112122,0.642356812953949,0.1044868752360344,0.833712637424469,0.9246789614626685,0.05786795682311591,0.09702203130096843,0.0567574259958942,0.09702203130096843,0.07688972864843131,0.18075754637709263,0.23862550320020853,0.9497422680412371,0.8527202367402686,0.14014971078598162,0.19690713678187582
grid_stage1,FORGE,5.0,10,10,2000,40,1,0.4000343680381775,0.970453143119812,0.9334275722503662,0.6852437257766724,0.043051403015851974,0.9436800479888916,0.8804836074333711,0.008434908131700884,0.21233941325024733,0.00916790605082489,0.21233941325024733,0.1107536596505361,0.03296686423241102,0.024531956100710135,0.42725337118523776,0.21491395793499043,0.015134493162996726,0.0059665871121718375,0.5312831997871399,0.9464428424835205,0.9194950461387634,0.7388629913330078,0.06995666772127151,0.9038697481155396,0.94356237992521,0.044587556655921415,0.07685488128081286,0.016153294759209125,0.07685488128081286,0.04650408802001099,0.11901544697970089,0.1636030036356223,0.8892831795599716,0.8124282982791587,0.08417859664890544,0.10033189140811456
grid_stage1,FORGE,5.0,10,20,750,20,0,0.3881899118423462,0.9827015995979309,0.9616404175758362,0.6854457855224609,0.02584860660135746,0.9663545489311218,0.9456632386961407,0.0178632994440101,0.38160926030491243,0.006098123026063773,0.38160926030491243,0.1938536916654881,0.02973158097521298,0.01186828153120288,0.5298701298701298,0.1482608695652174,0.012683164372039488,0.006585041345975715,0.6012478470802307,0.9795452952384949,0.9661437273025513,0.7903965711593628,0.030034633353352547,0.9610867500305176,0.9666420359898299,0.009557466746693423,0.028526256352343293,0.0053165284900202475,0.028526256352343293,0.01692139242118177,0.05672331863521555,0.06628078538190897,0.811038961038961,0.8395652173913043,0.031010668909646287,0.036327197399666535
grid_stage1,FORGE,5.0,5,20,750,20,1,0.20554578304290771,0.9697766304016113,0.9201708436012268,0.5876612067222595,0.044832777231931686,0.9417685866355896,0.9087680066101579,0.0023523301385682633,0.12065918765868691,0.00048690508028252286,0.12065918765868691,0.06057304636948472,0.009504652519730983,0.0071523223811627195,0.19446415897799857,0.07380497131931166,0.0011395005456763176,0.0006525954653937947,0.4967426657676697,0.9596176743507385,0.9295726418495178,0.7281801700592041,0.0481097586452961,0.9252346754074097,0.9316729919559751,0.04460208196581505,0.23477141620313008,0.0075773635797714775,0.23477141620313008,0.12117438989145078,0.06247888708042871,0.10708096904624376,0.41589779985805536,0.6506692160611854,0.046494832124285804,0.05407219570405728
grid_stage1,FORGE,0.0,5,30,750,20,2,0.2101784497499466,0.9716383218765259,0.928041398525238,0.590908408164978,0.04357720911502838,0.9452429413795471,0.905545870987222,0.004172852737218062,0.0456261249738924,1.4468527788426798e-05,0.0456261249738924,0.022820296750840414,0.00987331135673195,0.014046164093950013,0.10051546391752578,0.14614158889141818,0.005086764205512079,0.0050722956777236525,0.3715584874153137,0.958365261554718,0.9247679710388184,0.6649618744850159,0.051735252141952515,0.9219043254852295,0.9129589432813642,0.039552386401990575,0.19813709016922426,0.035305893932839456,0.19813709016922426,0.11672149205103186,0.08787408700148665,0.04832170059949607,0.5193298969072165,0.3211928067379923,0.0650901667233753,0.02978427279053584
grid_stage1,FORGE,10.0,5,10,2000,40,2,0.22629240155220032,0.9717442989349365,0.9290639162063599,0.5990183353424072,0.04487987607717514,0.945479691028595,0.8796892788735514,0.0030826355768103653,0.010033681747672607,0.0007680184999313468,0.010033681747672607,0.005400850123801977,0.011586193523366298,0.014668829100176663,0.1333762886597938,0.14340997040746642,0.0051548145627764545,0.005922833062707801,0.36745384335517883,0.9292706847190857,0.8971042633056641,0.6483622789382935,0.08044851571321487,0.8727681040763855,0.8959892893660899,0.013715214806646309,0.14707024237247157,0.01343761328407378,0.14707024237247157,0.08025392782827268,0.1511214530411738,0.1374062382345275,0.7316365979381443,0.5845663555656727,0.12046614494726098,0.1070285316631872
grid_stage1,FORGE,0.0,10,20,750,20,2,0.4595879316329956,0.9754995703697205,0.9459614157676697,0.7175437211990356,0.034426379948854446,0.9531242847442627,0.9390904992291109,0.007147280340964259,0.17229393177055347,0.0022188057606918905,0.17229393177055347,0.08725636876562268,0.0332557688578631,0.02610848851689884,0.4490979381443299,0.27680400637377645,0.011296359305886355,0.009077553545194465,0.6234114170074463,0.9736036062240601,0.9535535573959351,0.7985075116157532,0.03698064386844635,0.9506651759147644,0.9514447192732117,0.012315931624167206,0.12709689560007598,0.010888355767246727,0.12709689560007598,0.06899262568366135,0.06725486393898261,0.07957079556314982,0.7876932989690721,0.6605964033689962,0.029210615855733243,0.04009897162297997
grid_stage1,FORGE,5.0,15,10,4500,60,0,0.16352201998233795,0.9824618697166443,0.9534501433372498,0.5729919672012329,0.03063560649752617,0.9656441807746887,0.8004947107184416,0.0014757515456185121,0.10735177865612648,0.0019160815098318831,0.10735177865612648,0.05463393008297918,0.006485722847724646,0.005009971302106134,0.1590909090909091,0.05173913043478261,0.0012838107043251139,0.003199892214156997,0.40956631302833557,0.9497026205062866,0.9305678009986877,0.6796344518661499,0.06516556441783905,0.9073020219802856,0.9643087345376435,0.001869197348552079,0.04079616036137779,0.0031833690318791436,0.04079616036137779,0.021989764696628465,0.12051029581745794,0.12237949316601002,0.8831168831168831,0.9239130434782609,0.09451502943910753,0.09133166040722838
grid_stage1,FORGE,5.0,5,20,4500,60,1,0.20554578304290771,0.9697766304016113,0.9201708436012268,0.5876612067222595,0.044832777231931686,0.9417685866355896,0.9087680066101579,0.0023523301385682633,0.12065918765868691,0.00048690508028252286,0.12065918765868691,0.06057304636948472,0.009504652519730983,0.0071523223811627195,0.19446415897799857,0.07380497131931166,0.0011395005456763176,0.0006525954653937947,0.31241869926452637,0.9320672750473022,0.8918461799621582,0.6222429871559143,0.09183322638273239,0.8763509392738342,0.8385323275758593,0.008358818901949533,0.04945685140730105,0.010796368113489024,0.04945685140730105,0.030126609760395037,0.11095415041611645,0.11931296931806598,0.400638750887154,0.45009560229445505,0.09785260319702124,0.08705623508353222
grid_stage1,FORGE,5.0,15,20,750,20,2,0.037892550230026245,0.9708314538002014,0.9174166321754456,0.5043619871139526,0.04346417635679245,0.9433795213699341,0.8890324580019001,0.002795129438100516,0.04208788407518053,0.0007470240728467683,0.04208788407518053,0.02141745407401365,0.0030702604873634543,0.0002751310492629384,0.04413659793814433,0.002048713862963806,0.0009016672337529772,0.00015464316090620892,0.5780133008956909,0.9721235632896423,0.9495590925216675,0.7750684022903442,0.039646778255701065,0.9477020502090454,0.9398197790193885,0.010795173856074626,0.11336246042790665,0.00968385313088076,0.11336246042790665,0.061523156779393705,0.06098506883847198,0.07178024269454661,0.6920103092783505,0.5786478488504438,0.027662470227968698,0.03734632335884946
grid_stage1,FORGE,0.0,5,10,750,20,2,0.22629240155220032,0.9717442989349365,0.9290639162063599,0.5990183353424072,0.04487987607717514,0.945479691028595,0.8796892788735514,0.0030826355768103653,0.010033681747672607,0.0007680184999313468,0.010033681747672607,0.005400850123801977,0.011586193523366298,0.014668829100176663,0.1333762886597938,0.14340997040746642,0.0051548145627764545,0.005922833062707801,0.45723944902420044,0.9633410573005676,0.9343645572662354,0.710290253162384,0.04862409457564354,0.9313207268714905,0.9187395395059748,0.037120684367614974,0.21312755062529187,0.033352229633149745,0.21312755062529187,0.1232398901292208,0.08885980221058755,0.051739117842972575,0.6301546391752577,0.41702708854996584,0.06027560394692072,0.026923374313770974
grid_stage1,FORGE,0.0,15,10,2000,40,0,0.16352201998233795,0.9824618697166443,0.9534501433372498,0.5729919672012329,0.03063560649752617,0.9656441807746887,0.8004947107184416,0.0014757515456185121,0.10735177865612648,0.0019160815098318831,0.10735177865612648,0.05463393008297918,0.006485722847724646,0.005009971302106134,0.1590909090909091,0.05173913043478261,0.0012838107043251139,0.003199892214156997,0.36927106976509094,0.9417520761489868,0.9214714169502258,0.6555115580558777,0.07133455574512482,0.8933529853820801,0.9504519451484864,0.003246300172490335,0.019378881987577645,0.000585247731422503,0.019378881987577645,0.009982064859500074,0.1318121494927009,0.13505844966519123,0.8928571428571429,0.8734782608695653,0.10587011377219001,0.10645536150361251
confirm_stage2,FORGE,5.0,10,30,4500,60,4,0.47752416133880615,0.9805957674980164,0.9558358788490295,0.7290599346160889,0.028125954791903496,0.962581217288971,0.9423369352792333,0.006967943681946646,0.09920580949142666,0.005298125894302827,0.09920580949142666,0.05225196769286474,0.019025514457102696,0.025993458139049342,0.2886554621848739,0.3878612716763006,0.008112106936956855,0.0028139810426540284,0.5544792413711548,0.9700060486793518,0.9495548605918884,0.7622426748275757,0.04274637624621391,0.9437959790229797,0.9491251986335976,0.035463618583366725,0.04236168455821643,0.05015043132669102,0.05015043132669102,0.04625605794245372,0.09411418577663,0.058650567193263274,0.7357142857142858,0.6933526011560693,0.06814509957313651,0.017994668246445498
grid_stage1,FORGE,10.0,10,30,2000,40,1,0.4333416521549225,0.9711612462997437,0.9362516403198242,0.7022514343261719,0.04102768003940582,0.9451156854629517,0.9007474184134454,0.013825109193929735,0.2653401311155953,0.013206671132382164,0.2653401311155953,0.13927340112398873,0.03850996529803765,0.024684856104107915,0.4957416607523066,0.2304015296367113,0.017830776144315337,0.004624105011933174,0.6171428561210632,0.9703032374382019,0.9473797678947449,0.7937230467796326,0.044374190270900726,0.9448817372322083,0.9269311512544537,0.033495290529951954,0.008397803250613678,0.004810928336527617,0.008397803250613678,0.006604365793570648,0.06315450050671007,0.09664979103666202,0.6898509581263307,0.681453154875717,0.03481093920523849,0.03962186754176611
grid_stage1,FORGE,5.0,5,30,750,20,2,0.2101784497499466,0.9716383218765259,0.928041398525238,0.590908408164978,0.04357720911502838,0.9452429413795471,0.905545870987222,0.004172852737218062,0.0456261249738924,1.4468527788426798e-05,0.0456261249738924,0.022820296750840414,0.00987331135673195,0.014046164093950013,0.10051546391752578,0.14614158889141818,0.005086764205512079,0.0050722956777236525,0.45726633071899414,0.9653012156486511,0.936214029788971,0.711283802986145,0.047847647219896317,0.9347726702690125,0.9200456722848726,0.016322611942958795,0.038107647241041875,0.021358409413795874,0.038107647241041875,0.029733028327418875,0.07153706935556849,0.05521445741260969,0.5022551546391752,0.4641475073981334,0.048792106158557336,0.02743369674476146
grid_stage1,FORGE,5.0,15,10,750,20,2,0.0023806372191756964,0.9703408479690552,0.9149209260940552,0.48636072874069214,0.04927971214056015,0.9423943161964417,0.7335203626592198,0.00040587981509685437,0.002048713862963806,0.00029842999306999745,0.002048713862963806,0.0011735719280169018,0.00027470751729041434,0.0006805873323872687,0.0,0.002048713862963806,0.00028921401837359647,0.0005876440114435939,0.536542534828186,0.9699345231056213,0.9451209902763367,0.7532385587692261,0.042136870324611664,0.9435322284698486,0.9323749076500191,0.002017038493762391,0.11157738940347928,0.0010696213349893138,0.11157738940347928,0.05632350536923429,0.06352207355697757,0.06553911205073996,0.6362757731958762,0.524698383792397,0.03327662470227969,0.034346246037269004
grid_stage1,FORGE,10.0,5,10,2000,40,0,0.346955806016922,0.9814274311065674,0.9589506983757019,0.6641916036605835,0.02983984351158142,0.9638820886611938,0.9066314566794987,0.002099118568193597,0.06730660643704123,0.0014113595020215555,0.06730660643704123,0.03435898296953139,0.018686587610771008,0.020785706178964605,0.2305194805194805,0.29782608695652174,0.011465757669662225,0.01005439816764067,0.3081001341342926,0.9208300709724426,0.8991235494613647,0.6144651174545288,0.08920390903949738,0.8579177856445312,0.935615500414455,0.048319213765874114,0.03450592885375503,0.05218336635008658,0.05218336635008658,0.043344647601920805,0.1974185538764502,0.14909934011057607,0.9136363636363637,0.8791304347826087,0.17300455974146708,0.1208211933913805
grid_stage1,FORGE,5.0,10,20,4500,60,1,0.4078245460987091,0.9703896641731262,0.9338738322257996,0.6891071200370789,0.042411912232637405,0.9435994029045105,0.8935200724238321,0.013503356962885495,0.24837326826858747,0.012763426429763115,0.24837326826858747,0.1305683473491753,0.03674415747934773,0.023240800516462233,0.46061036195883603,0.21223709369024857,0.01757398728895166,0.004810560859188544,0.5372423529624939,0.9524821639060974,0.9255291223526001,0.7448622584342957,0.06457417458295822,0.9138142466545105,0.9383254916764721,0.04369701027676656,0.00438223547883243,0.013194258298485792,0.013194258298485792,0.008788246888659111,0.10058962626293647,0.14428663653970303,0.7735982966643009,0.7692160611854685,0.07015150542466457,0.08334576372315036
grid_stage1,FORGE,0.0,15,20,750,20,1,0.3579302728176117,0.9694923758506775,0.9297961592674255,0.6637113094329834,0.04461351037025452,0.9417524337768555,0.8682352152395271,0.008544128382398875,0.17482301023059896,0.009786988061693062,0.17482301023059896,0.09230499914614601,0.029865184411755674,0.0213210560293568,0.3637331440738112,0.18891013384321223,0.01476535918341144,0.004978371121718377,0.6137261390686035,0.9702767729759216,0.9471332430839539,0.792001485824585,0.040166374295949936,0.9448010921478271,0.9501329894747438,0.04163509764303978,0.03562498388534785,0.015677978980545182,0.03562498388534785,0.025651481432946516,0.058225593464975585,0.09986069110801536,0.698722498225692,0.6630975143403441,0.029257880207998972,0.044935859188544154
grid_stage1,FORGE,5.0,5,30,4500,60,2,0.2101784497499466,0.9716383218765259,0.928041398525238,0.590908408164978,0.04357720911502838,0.9452429413795471,0.905545870987222,0.004172852737218062,0.0456261249738924,1.4468527788426798e-05,0.0456261249738924,0.022820296750840414,0.00987331135673195,0.014046164093950013,0.10051546391752578,0.14614158889141818,0.005086764205512079,0.0050722956777236525,0.35798269510269165,0.9375399947166443,0.9043577909469604,0.647761344909668,0.08378662914037704,0.8861557245254517,0.8933679197575853,0.06525323686111768,0.14695151142515855,0.06705484783552323,0.14695151142515855,0.1070031796303409,0.15448258031155065,0.08922934345043297,0.6404639175257731,0.4935124061006146,0.1288193263014631,0.06176447846593985
grid_stage1,FORGE,10.0,10,10,2000,40,0,0.237023264169693,0.9806020855903625,0.9542601108551025,0.608812689781189,0.029293248429894447,0.9621661305427551,0.898623420637862,0.008066106610516748,0.1436871823828345,0.0038966870827923036,0.1436871823828345,0.07379193473281341,0.018750802688471253,0.010684696077954504,0.2519480519480519,0.1082608695652174,0.010801717650183718,0.006905030567391415,0.279774934053421,0.9391661286354065,0.9158065319061279,0.609470546245575,0.07814928889274597,0.8878085017204285,0.9007957335054916,0.03801857890169737,0.2962507058159233,0.052341057169023,0.2962507058159233,0.17429588149247313,0.14197953679523953,0.10396095789354216,0.43766233766233764,0.7339130434782609,0.1319004825357475,0.07955942536672449
grid_stage1,FORGE,5.0,15,10,750,20,0,0.16352201998233795,0.9824618697166443,0.9534501433372498,0.5729919672012329,0.03063560649752617,0.9656441807746887,0.8004947107184416,0.0014757515456185121,0.10735177865612648,0.0019160815098318831,0.10735177865612648,0.05463393008297918,0.006485722847724646,0.005009971302106134,0.1590909090909091,0.05173913043478261,0.0012838107043251139,0.003199892214156997,0.4893852770328522,0.9754654765129089,0.958245575428009,0.7324253916740417,0.03704831749200821,0.9531804919242859,0.9404926284810227,0.024890493408269924,0.03180124223602476,0.021963214137043295,0.03180124223602476,0.02688222818653403,0.04210368594546,0.06699417935372992,0.6142857142857143,0.6460869565217391,0.022599495329585197,0.04456270946662849
grid_stage1,FORGE,10.0,10,20,750,20,2,0.4595879316329956,0.9754995703697205,0.9459614157676697,0.7175437211990356,0.034426379948854446,0.9531242847442627,0.9390904992291109,0.007147280340964259,0.17229393177055347,0.0022188057606918905,0.17229393177055347,0.08725636876562268,0.0332557688578631,0.02610848851689884,0.4490979381443299,0.27680400637377645,0.011296359305886355,0.009077553545194465,0.6120930314064026,0.9727321863174438,0.9520840048789978,0.7924126386642456,0.03775384649634361,0.9490461349487305,0.948762260517368,0.013502915778487362,0.0871620091476365,0.009960331056332497,0.0871620091476365,0.0485611701019845,0.0669801564216922,0.08048307220017956,0.7532216494845361,0.6660596403368996,0.030741748894181693,0.04070207995051419
grid_stage1,FORGE,0.0,10,30,4500,60,2,0.4335537552833557,0.9750722050666809,0.9440678954124451,0.7043129801750183,0.03516032174229622,0.9522460103034973,0.9373574431460245,0.012318103103009754,0.2348858950861375,0.0036013045694949335,0.2348858950861375,0.11924359982781621,0.033546635640876475,0.02122853253786672,0.4568298969072165,0.22194400182107898,0.011194283769989792,0.007592979200494858,0.5412082672119141,0.9605739116668701,0.9365634322166443,0.7508910894393921,0.05257200449705124,0.9273877143859863,0.9414630080365952,0.04660817447706704,0.04844119980005679,0.04247620375086224,0.04844119980005679,0.04545870177545951,0.07643332686962705,0.12304150134669409,0.7764175257731959,0.7279763259731391,0.03946920721333787,0.0819454109642001
grid_stage1,FORGE,10.0,5,10,4500,60,0,0.346955806016922,0.9814274311065674,0.9589506983757019,0.6641916036605835,0.02983984351158142,0.9638820886611938,0.9066314566794987,0.002099118568193597,0.06730660643704123,0.0014113595020215555,0.06730660643704123,0.03435898296953139,0.018686587610771008,0.020785706178964605,0.2305194805194805,0.29782608695652174,0.011465757669662225,0.01005439816764067,0.2966098189353943,0.9149271845817566,0.8930226564407349,0.6057685017585754,0.10045275092124939,0.8482125401496887,0.9248129996373519,0.0678473874273102,0.08107848673066065,0.0707418494980358,0.08107848673066065,0.07591016811434823,0.2189734149578321,0.1511260275305219,0.951948051948052,0.8708695652173913,0.19398822435698793,0.12324637485895212
grid_stage1,FORGE,5.0,10,10,750,20,2,0.3956456184387207,0.9743659496307373,0.9412316679954529,0.685005784034729,0.035925302654504776,0.9508179426193237,0.9271766951342892,0.006282303567429554,0.12547529046913905,0.003135716316566179,0.12547529046913905,0.06430550339285261,0.0274384331975955,0.021156129630165946,0.3547036082474227,0.22922831777828365,0.010156515821708064,0.007020799505141885,0.6056421995162964,0.9732081294059753,0.9521633982658386,0.7894251346588135,0.03902638703584671,0.9498251080513,0.9456653526978454,0.0039062906055428726,0.1601056390086384,0.004476655104735751,0.1601056390086384,0.08229114705668707,0.0679173938336242,0.07182368443916708,0.7667525773195877,0.6066469383109493,0.031013950323239198,0.03549060542797495
grid_stage1,FORGE,10.0,5,10,4500,60,1,0.19453021883964539,0.9694275856018066,0.9191294312477112,0.5819789171218872,0.046401187777519226,0.9410910606384277,0.8985449687591203,0.0036947638596720855,0.13770068678951347,0.000514754356409142,0.13770068678951347,0.0691077205729613,0.009980652888247397,0.006285889028575312,0.19907735982966643,0.061376673040152964,0.0014283880079604546,0.0009136336515513126,0.2143707126379013,0.8659557104110718,0.8236616849899292,0.5401632189750671,0.1452389657497406,0.7709859013557434,0.7522907122342708,0.07499885797287842,0.14824475815808502,0.1031912493413657,0.14824475815808502,0.12571800374972536,0.26219942879955777,0.18720057082667935,0.38502484031227824,0.5332695984703633,0.25664441163253515,0.15345316229116945
grid_stage1,FORGE,5.0,5,10,750,20,0,0.346955806016922,0.9814274311065674,0.9589506983757019,0.6641916036605835,0.02983984351158142,0.9638820886611938,0.9066314566794987,0.002099118568193597,0.06730660643704123,0.0014113595020215555,0.06730660643704123,0.03435898296953139,0.018686587610771008,0.020785706178964605,0.2305194805194805,0.29782608695652174,0.011465757669662225,0.01005439816764067,0.381597638130188,0.9523875117301941,0.9321666955947876,0.6669925451278687,0.051461510360240936,0.9115826487541199,0.9326182130517431,0.045421673884297575,0.13130999435347268,0.04541958915917693,0.13130999435347268,0.0883647917563248,0.1333961214093069,0.08797444752500932,0.8487012987012987,0.717391304347826,0.10901323653105494,0.063593647371878
grid_stage1,FORGE,5.0,15,30,750,20,2,0.15433403849601746,0.9715830683708191,0.9247919917106628,0.5629585385322571,0.04089541733264923,0.9450138211250305,0.9143502973441526,0.009877045925948241,0.17537558287434787,0.0013179501536000168,0.17537558287434787,0.08834676651397394,0.012975890375541336,0.0030988444495930957,0.19039948453608246,0.015023901661734578,0.003606668935011909,0.002288718781411892,0.5582370758056641,0.9735522270202637,0.9497736096382141,0.7658946514129639,0.03808342292904854,0.9500924348831177,0.9406145792325328,0.01097319487392693,0.02444449463884668,0.0055863434356253905,0.02444449463884668,0.015015419037236036,0.04993213108396354,0.06090532595789047,0.5650773195876289,0.5406328249487822,0.022728819326301462,0.028315162761926853
grid_stage1,FORGE,0.0,15,20,4500,60,1,0.3579302728176117,0.9694923758506775,0.9297961592674255,0.6637113094329834,0.04461351037025452,0.9417524337768555,0.8682352152395271,0.008544128382398875,0.17482301023059896,0.009786988061693062,0.17482301023059896,0.09230499914614601,0.029865184411755674,0.0213210560293568,0.3637331440738112,0.18891013384321223,0.01476535918341144,0.004978371121718377,0.5041224956512451,0.9596071243286133,0.9300418496131897,0.7318648099899292,0.0562608577311039,0.9252992272377014,0.9137640615252764,0.049082246616142515,0.025390992350459496,0.02815757285617694,0.02815757285617694,0.026774282603318218,0.06243282252863679,0.11151506914477931,0.6014904187366927,0.5760994263862332,0.038052898504204916,0.06621047136038186
grid_stage1,FORGE,10.0,5,10,4500,60,2,0.22629240155220032,0.9717442989349365,0.9290639162063599,0.5990183353424072,0.04487987607717514,0.945479691028595,0.8796892788735514,0.0030826355768103653,0.010033681747672607,0.0007680184999313468,0.010033681747672607,0.005400850123801977,0.011586193523366298,0.014668829100176663,0.1333762886597938,0.14340997040746642,0.0051548145627764545,0.005922833062707801,0.3076328635215759,0.8979859352111816,0.8641856908798218,0.6028094291687012,0.11888293921947479,0.8221731781959534,0.8630814130504565,0.028099504363885336,0.019908811112336555,0.023541293130952323,0.023541293130952323,0.02172505212164444,0.18476504427638807,0.2128645486402734,0.7016752577319587,0.6817664466196222,0.15746852670976522,0.18100981984071754
grid_stage1,FORGE,10.0,10,20,750,20,1,0.4078245460987091,0.9703896641731262,0.9338738322257996,0.6891071200370789,0.042411912232637405,0.9435994029045105,0.8935200724238321,0.013503356962885495,0.24837326826858747,0.012763426429763115,0.24837326826858747,0.1305683473491753,0.03674415747934773,0.023240800516462233,0.46061036195883603,0.21223709369024857,0.01757398728895166,0.004810560859188544,0.627865731716156,0.971759557723999,0.9494375586509705,0.7998126745223999,0.0405946709215641,0.9475029706954956,0.9442117258284004,0.02222128090511151,0.08427508491573565,0.002502623620621737,0.08427508491573565,0.04338885426817869,0.06561127660227865,0.08783255750739016,0.7370475514549326,0.652772466539197,0.0352442703986647,0.03274164677804296
grid_stage1,FORGE,10.0,15,10,750,20,0,0.16352201998233795,0.9824618697166443,0.9534501433372498,0.5729919672012329,0.03063560649752617,0.9656441807746887,0.8004947107184416,0.0014757515456185121,0.10735177865612648,0.0019160815098318831,0.10735177865612648,0.05463393008297918,0.006485722847724646,0.005009971302106134,0.1590909090909091,0.05173913043478261,0.0012838107043251139,0.003199892214156997,0.5396475791931152,0.981967031955719,0.9662973880767822,0.7608072757720947,0.033994946628808975,0.9652935862541199,0.9425065580515838,0.02182183721647615,0.027865612648221405,0.021127921868069624,0.027865612648221405,0.024496767258145515,0.027548268333404683,0.04937010554988083,0.5909090909090909,0.5630434782608695,0.008344769578113241,0.029472691446182864
grid_stage1,FORGE,5.0,5,30,2000,40,2,0.2101784497499466,0.9716383218765259,0.928041398525238,0.590908408164978,0.04357720911502838,0.9452429413795471,0.905545870987222,0.004172852737218062,0.0456261249738924,1.4468527788426798e-05,0.0456261249738924,0.022820296750840414,0.00987331135673195,0.014046164093950013,0.10051546391752578,0.14614158889141818,0.005086764205512079,0.0050722956777236525,0.36881864070892334,0.9433266520500183,0.9104335904121399,0.6560726165771484,0.07153132557868958,0.8959921002388,0.8996523642197506,0.032653032785910446,0.12896410291912386,0.03339511693303937,0.12896410291912386,0.08117960992608161,0.12474953138129403,0.09209649859538359,0.6063144329896907,0.4773503300705668,0.09931949642735624,0.06592437949431687
grid_stage1,FORGE,5.0,15,30,2000,40,1,0.39161446690559387,0.9704245328903198,0.9328542351722717,0.6810194849967957,0.042984623461961746,0.943591296672821,0.8790546772410216,0.010734944337344017,0.21177231319555928,0.011231191959168732,0.21177231319555928,0.111501752577364,0.03290544483002181,0.02217050049267779,0.41731724627395317,0.2055449330783939,0.015519676446042241,0.004288484486873508,0.588779628276825,0.972467303276062,0.9475623369216919,0.7806234359741211,0.04121895506978035,0.9483901858329773,0.9325989112333073,0.03895099035228197,0.007662975110834913,0.014700343225271088,0.014700343225271088,0.011181659168053,0.042103000337806715,0.08105399069008869,0.5642299503193754,0.5718929254302103,0.018488797586184758,0.033189140811455846
grid_stage1,FORGE,10.0,10,30,750,20,1,0.4333416521549225,0.9711612462997437,0.9362516403198242,0.7022514343261719,0.04102768003940582,0.9451156854629517,0.9007474184134454,0.013825109193929735,0.2653401311155953,0.013206671132382164,0.2653401311155953,0.13927340112398873,0.03850996529803765,0.024684856104107915,0.4957416607523066,0.2304015296367113,0.017830776144315337,0.004624105011933174,0.6147448420524597,0.9719437956809998,0.9487581849098206,0.7933443188667297,0.04057570546865463,0.9476965665817261,0.9410949726644445,0.03652945878042139,0.003455795643140802,0.009492827838240799,0.009492827838240799,0.0064743117406908,0.053511654331603355,0.09004111311202474,0.64513839602555,0.6416826003824092,0.02675418886820312,0.03624701670644392
grid_stage1,FORGE,10.0,15,30,4500,60,0,0.31925612688064575,0.9833953976631165,0.9598676562309265,0.6513257622718811,0.02550709806382656,0.9675815105438232,0.9268103198774967,0.008284388801774735,0.36702428006775834,0.0036709650691762728,0.36702428006775834,0.1853476225684673,0.01690997046106426,0.008625581659289524,0.4344155844155844,0.06739130434782609,0.002678294745229979,0.006349259814406252,0.5542801022529602,0.9803653359413147,0.9652708768844604,0.7673227190971375,0.030627772212028503,0.9623875617980957,0.9529532017140101,0.009115156945240482,0.07116318464144555,0.004044774668747492,0.07116318464144555,0.03760397965509652,0.04377327796566634,0.05288843491090682,0.6175324675324675,0.688695652173913,0.024215326043649565,0.028260100712397058
grid_stage1,FORGE,5.0,5,20,4500,60,0,0.33688995242118835,0.9820393919944763,0.9591842889785767,0.6594646573066711,0.02830355241894722,0.9650260806083679,0.9236123780546126,0.0048521411213461214,0.08586674195369845,0.0008550411325133778,0.08586674195369845,0.04336089154310591,0.01455541761205531,0.01940755873340143,0.19935064935064936,0.2852173913043478,0.00825623090884944,0.009111272041362818,0.2393220216035843,0.9070758819580078,0.8834200501441956,0.5731989741325378,0.11900323629379272,0.834383487701416,0.881422486968581,0.07059058567848339,0.03735742518351215,0.07436618291405986,0.07436618291405986,0.055861804048786004,0.22246243417954537,0.15187184850106197,0.7577922077922078,0.7204347826086956,0.20421444065695693,0.12984825774289707
grid_stage1,FORGE,0.0,15,10,4500,60,0,0.16352201998233795,0.9824618697166443,0.9534501433372498,0.5729919672012329,0.03063560649752617,0.9656441807746887,0.8004947107184416,0.0014757515456185121,0.10735177865612648,0.0019160815098318831,0.10735177865612648,0.05463393008297918,0.006485722847724646,0.005009971302106134,0.1590909090909091,0.05173913043478261,0.0012838107043251139,0.003199892214156997,0.41717344522476196,0.9521627426147461,0.9332102537155151,0.6846680641174316,0.06240313500165939,0.9115826487541199,0.9636980187859658,0.009114799830405917,0.02880858272162623,0.004796664829431238,0.02880858272162623,0.016802623775528734,0.11109208442142215,0.12020688425182807,0.875974025974026,0.9047826086956522,0.08501925716056488,0.08981592198999612
grid_stage1,FORGE,10.0,15,20,4500,60,2,0.037892550230026245,0.9708314538002014,0.9174166321754456,0.5043619871139526,0.04346417635679245,0.9433795213699341,0.8890324580019001,0.002795129438100516,0.04208788407518053,0.0007470240728467683,0.04208788407518053,0.02141745407401365,0.0030702604873634543,0.0002751310492629384,0.04413659793814433,0.002048713862963806,0.0009016672337529772,0.00015464316090620892,0.5370039939880371,0.9671235084533691,0.9424973130226135,0.7520637512207031,0.047231074422597885,0.9386063814163208,0.9207538827160875,0.02640335802804592,0.06970445307788165,0.02383657790628051,0.06970445307788165,0.046770515492081076,0.06142136901299205,0.08782472704103797,0.6626932989690721,0.5929888458911905,0.02966995576726778,0.05350653367354829
grid_stage1,FORGE,10.0,15,20,750,20,2,0.037892550230026245,0.9708314538002014,0.9174166321754456,0.5043619871139526,0.04346417635679245,0.9433795213699341,0.8890324580019001,0.002795129438100516,0.04208788407518053,0.0007470240728467683,0.04208788407518053,0.02141745407401365,0.0030702604873634543,0.0002751310492629384,0.04413659793814433,0.002048713862963806,0.0009016672337529772,0.00015464316090620892,0.5913053750991821,0.9722857475280762,0.9504729509353638,0.7817955613136292,0.0384281724691391,0.9480915069580078,0.9389216083101123,0.010747997542237875,0.13536252027006423,0.010521912249240577,0.13536252027006423,0.0729422162596524,0.06408764785728137,0.07483564539951924,0.7351804123711341,0.5998178921010698,0.028649200408302145,0.03917111265754272
grid_stage1,FORGE,0.0,5,20,750,20,2,0.20798759162425995,0.9716861844062805,0.9279611110687256,0.5898368954658508,0.043981343507766724,0.9453269243240356,0.897712601181264,0.0032710717372577084,0.03034364065605777,4.3830470580086094e-05,0.03034364065605777,0.015193735563318928,0.010051063279684571,0.01332213501694228,0.10760309278350516,0.13794673343956293,0.004899625723035046,0.00485579525245496,0.44427692890167236,0.9608237147331238,0.93124920129776,0.7025502920150757,0.051640503108501434,0.9268072843551636,0.9154059382538979,0.03476281354986849,0.15495686671156783,0.0342977089213187,0.15495686671156783,0.09462728781644326,0.09278650378126818,0.058023690231399694,0.6018041237113402,0.44684725699977235,0.0659067710105478,0.031609062089229104
grid_stage1,FORGE,5.0,10,20,4500,60,2,0.4595879316329956,0.9754995703697205,0.9459614157676697,0.7175437211990356,0.034426379948854446,0.9531242847442627,0.9390904992291109,0.007147280340964259,0.17229393177055347,0.0022188057606918905,0.17229393177055347,0.08725636876562268,0.0332557688578631,0.02610848851689884,0.4490979381443299,0.27680400637377645,0.011296359305886355,0.009077553545194465,0.5356956124305725,0.9552366137504578,0.9312160611152649,0.7454661130905151,0.060358040034770966,0.9183455109596252,0.947816092427223,0.07436434229643235,0.040822031770318734,0.0705826627021401,0.0705826627021401,0.05570234723622942,0.07939047249692974,0.1537548147933621,0.8466494845360825,0.8058274527657637,0.03887376658727458,0.10945642928941468
grid_stage1,FORGE,0.0,10,30,4500,60,1,0.4333416521549225,0.9711612462997437,0.9362516403198242,0.7022514343261719,0.04102768003940582,0.9451156854629517,0.9007474184134454,0.013825109193929735,0.2653401311155953,0.013206671132382164,0.2653401311155953,0.13927340112398873,0.03850996529803765,0.024684856104107915,0.4957416607523066,0.2304015296367113,0.017830776144315337,0.004624105011933174,0.5219840407371521,0.9558955430984497,0.9277305603027344,0.7389397621154785,0.06141472980380058,0.9192422032356262,0.920433226392036,0.009519904590756814,0.010776529467083407,0.019183670900490786,0.019183670900490786,0.014980100183787096,0.09951478672112521,0.10903469131188202,0.6863023420865862,0.6755258126195028,0.07297618283366501,0.05379251193317423
grid_stage1,FORGE,10.0,15,20,750,20,1,0.3579302728176117,0.9694923758506775,0.9297961592674255,0.6637113094329834,0.04461351037025452,0.9417524337768555,0.8682352152395271,0.008544128382398875,0.17482301023059896,0.009786988061693062,0.17482301023059896,0.09230499914614601,0.029865184411755674,0.0213210560293568,0.3637331440738112,0.18891013384321223,0.01476535918341144,0.004978371121718377,0.5858525037765503,0.9700222015380859,0.9450859427452087,0.7779373526573181,0.04173331335186958,0.9440913796424866,0.9297726363914152,0.033104264867743,0.11752378522662965,0.014786754264709781,0.11752378522662965,0.06615526974566971,0.05437152596505236,0.08747579083279536,0.6855926188786373,0.5680688336520077,0.02582332926750979,0.04061008353221957
grid_stage1,FORGE,10.0,15,20,4500,60,1,0.3579302728176117,0.9694923758506775,0.9297961592674255,0.6637113094329834,0.04461351037025452,0.9417524337768555,0.8682352152395271,0.008544128382398875,0.17482301023059896,0.009786988061693062,0.17482301023059896,0.09230499914614601,0.029865184411755674,0.0213210560293568,0.3637331440738112,0.18891013384321223,0.01476535918341144,0.004978371121718377,0.5313852429389954,0.9637719392776489,0.9357059597969055,0.7475786209106445,0.05166599527001381,0.932743489742279,0.9213225434352655,0.05028527106561932,0.01447346815812578,0.026412886209825605,0.026412886209825605,0.020443177183975692,0.05474004237938765,0.10502531344500697,0.578069552874379,0.5925430210325048,0.03107145149900494,0.057484337708830546
grid_stage1,FORGE,0.0,10,10,4500,60,2,0.3956456184387207,0.9743659496307373,0.9412316679954529,0.685005784034729,0.035925302654504776,0.9508179426193237,0.9271766951342892,0.006282303567429554,0.12547529046913905,0.003135716316566179,0.12547529046913905,0.06430550339285261,0.0274384331975955,0.021156129630165946,0.3547036082474227,0.22922831777828365,0.010156515821708064,0.007020799505141885,0.4717610478401184,0.937046229839325,0.9104066491127014,0.7044036388397217,0.07965521514415741,0.8874998092651367,0.9483330259480356,0.014659336368098574,0.08549148891981384,0.009670644794893518,0.08549148891981384,0.04758106685735368,0.1479865554909185,0.16264589185901707,0.9275128865979382,0.8420213976781243,0.10682204831575366,0.11649269311064718
grid_stage1,FORGE,10.0,10,20,4500,60,0,0.3881899118423462,0.9827015995979309,0.9616404175758362,0.6854457855224609,0.02584860660135746,0.9663545489311218,0.9456632386961407,0.0178632994440101,0.38160926030491243,0.006098123026063773,0.38160926030491243,0.1938536916654881,0.02973158097521298,0.01186828153120288,0.5298701298701298,0.1482608695652174,0.012683164372039488,0.006585041345975715,0.45549166202545166,0.9606699347496033,0.9427734613418579,0.7080807685852051,0.05577864870429039,0.926638662815094,0.9598953351904103,0.03610401582239303,0.011778656126482212,0.041394894384243104,0.041394894384243104,0.026586775255362658,0.11984674001455542,0.08374272419216239,0.8590909090909091,0.8708695652173913,0.09464783744300323,0.053252943058760126
grid_stage1,FORGE,10.0,15,20,2000,40,0,0.3152371346950531,0.9839828610420227,0.960291862487793,0.6496099829673767,0.02587682008743286,0.9686978459358215,0.9071000709355523,0.010248697734598074,0.35211180124223607,0.001142810073930892,0.35211180124223607,0.1766273056580835,0.016117984502761248,0.005869286768163172,0.4142857142857143,0.06217391304347826,0.002545486741334278,0.00368829681526517,0.5313891768455505,0.9738624691963196,0.9581874012947083,0.7526258230209351,0.03691708669066429,0.9504866600036621,0.9583134125978353,0.013272350169179381,0.09255223037831739,0.02043570848824839,0.09255223037831739,0.05649396943328289,0.07778586412089558,0.0645135139517162,0.737012987012987,0.8295652173913044,0.055314533622559656,0.034878825134311266
grid_stage1,FORGE,0.0,15,30,2000,40,2,0.15433403849601746,0.9715830683708191,0.9247919917106628,0.5629585385322571,0.04089541733264923,0.9450138211250305,0.9143502973441526,0.009877045925948241,0.17537558287434787,0.0013179501536000168,0.17537558287434787,0.08834676651397394,0.012975890375541336,0.0030988444495930957,0.19039948453608246,0.015023901661734578,0.003606668935011909,0.002288718781411892,0.5481811761856079,0.9694145321846008,0.9452970623970032,0.7587978839874268,0.04266245663166046,0.9427074790000916,0.9350000337397167,0.014125723054017499,0.01909954860239227,0.007969858106349509,0.01909954860239227,0.013534703354370889,0.0621000581733566,0.0762257812273741,0.6182345360824743,0.599134987480082,0.03273222184416468,0.04070207995051419
grid_stage1,FORGE,5.0,5,20,750,20,0,0.33688995242118835,0.9820393919944763,0.9591842889785767,0.6594646573066711,0.02830355241894722,0.9650260806083679,0.9236123780546126,0.0048521411213461214,0.08586674195369845,0.0008550411325133778,0.08586674195369845,0.04336089154310591,0.01455541761205531,0.01940755873340143,0.19935064935064936,0.2852173913043478,0.00825623090884944,0.009111272041362818,0.39025065302848816,0.956480860710144,0.9364216327667236,0.6733657717704773,0.05526796728372574,0.9187600612640381,0.9285855430953407,0.044298144457070754,0.10826651609260307,0.044960987720616144,0.10826651609260307,0.0766137519066096,0.12301468384776745,0.0787165393906967,0.7987012987012987,0.6904347826086956,0.09998229226614724,0.0550213045455311
grid_stage1,FORGE,0.0,10,10,750,20,2,0.3956456184387207,0.9743659496307373,0.9412316679954529,0.685005784034729,0.035925302654504776,0.9508179426193237,0.9271766951342892,0.006282303567429554,0.12547529046913905,0.003135716316566179,0.12547529046913905,0.06430550339285261,0.0274384331975955,0.021156129630165946,0.3547036082474227,0.22922831777828365,0.010156515821708064,0.007020799505141885,0.6034387946128845,0.9734053015708923,0.9522230625152588,0.7884220480918884,0.03833553567528725,0.9501535296440125,0.9462629303547468,0.0008118546323930831,0.17039159651835978,0.001940470433545706,0.17039159651835978,0.08616603347595274,0.06801434942796199,0.06882620406035507,0.7622422680412371,0.5918506715228773,0.03135420210956107,0.03329467254310678
grid_stage1,FORGE,0.0,5,20,750,20,0,0.33688995242118835,0.9820393919944763,0.9591842889785767,0.6594646573066711,0.02830355241894722,0.9650260806083679,0.9236123780546126,0.0048521411213461214,0.08586674195369845,0.0008550411325133778,0.08586674195369845,0.04336089154310591,0.01455541761205531,0.01940755873340143,0.19935064935064936,0.2852173913043478,0.00825623090884944,0.009111272041362818,0.33836981654167175,0.9516658782958984,0.9299392700195312,0.6450178623199463,0.05825533717870712,0.9099128246307373,0.915650824974495,0.042017473079821344,0.03512704686617729,0.04735106767734792,0.04735106767734792,0.04123905727176261,0.12464146581617364,0.08262399273635229,0.6292207792207792,0.6643478260869565,0.10744167515162246,0.06009060747427455
grid_stage1,FORGE,5.0,10,10,4500,60,0,0.237023264169693,0.9806020855903625,0.9542601108551025,0.608812689781189,0.029293248429894447,0.9621661305427551,0.898623420637862,0.008066106610516748,0.1436871823828345,0.0038966870827923036,0.1436871823828345,0.07379193473281341,0.018750802688471253,0.010684696077954504,0.2519480519480519,0.1082608695652174,0.010801717650183718,0.006905030567391415,0.49606528878211975,0.9659421443939209,0.949296236038208,0.7310037016868591,0.049193933606147766,0.9361963272094727,0.9689457639420241,0.016400987077063625,0.016420101637492968,0.012706034165143994,0.016420101637492968,0.01456306790131848,0.08185281904191104,0.09825380611897466,0.8766233766233766,0.8930434782608696,0.0547611669396609,0.06746720110480489
grid_stage1,FORGE,10.0,10,10,2000,40,2,0.3956456184387207,0.9743659496307373,0.9412316679954529,0.685005784034729,0.035925302654504776,0.9508179426193237,0.9271766951342892,0.006282303567429554,0.12547529046913905,0.003135716316566179,0.12547529046913905,0.06430550339285261,0.0274384331975955,0.021156129630165946,0.3547036082474227,0.22922831777828365,0.010156515821708064,0.007020799505141885,0.48423895239830017,0.9415735602378845,0.9153891801834106,0.7129062414169312,0.06915966421365738,0.8950374722480774,0.9434413202547278,0.08373506206710832,0.028954510573287906,0.0796593520030617,0.0796593520030617,0.054306931288174806,0.10209424083769633,0.18582930290480465,0.8775773195876289,0.848622809014341,0.06114324600204151,0.14080259800510322
grid_stage1,FORGE,5.0,10,30,4500,60,2,0.4335537552833557,0.9750722050666809,0.9440678954124451,0.7043129801750183,0.03516032174229622,0.9522460103034973,0.9373574431460245,0.012318103103009754,0.2348858950861375,0.0036013045694949335,0.2348858950861375,0.11924359982781621,0.033546635640876475,0.02122853253786672,0.4568298969072165,0.22194400182107898,0.011194283769989792,0.007592979200494858,0.5455763936042786,0.9606134295463562,0.9368507266044617,0.7530949115753174,0.05336514487862587,0.9275099039077759,0.9409661843594418,0.05229209335406937,0.03675085832427882,0.04764769941200082,0.04764769941200082,0.04219927886813982,0.07468812617154677,0.12698021952561614,0.7815721649484536,0.7448213066241748,0.03735964613814222,0.08500734555014304
grid_stage1,FORGE,5.0,10,30,2000,40,0,0.38174694776535034,0.9827846884727478,0.9614923596382141,0.6822658181190491,0.024964751675724983,0.9665021300315857,0.9522072115154704,0.01643107946791872,0.3343817052512705,0.006272311305331079,0.3343817052512705,0.17032700827830077,0.028104799006806798,0.011673719538888079,0.4922077922077922,0.15782608695652173,0.012284740360352384,0.006012429055021305,0.5284631252288818,0.9713877439498901,0.955696702003479,0.749925434589386,0.03969426825642586,0.946049153804779,0.9664582561211802,0.026739148151100622,0.004105025409373297,0.031156112726791925,0.031156112726791925,0.01763056906808261,0.09420351898625798,0.06746437083515736,0.8558441558441559,0.8517391304347826,0.06824117933507459,0.03708506660828267
grid_stage1,FORGE,10.0,5,20,750,20,2,0.20798759162425995,0.9716861844062805,0.9279611110687256,0.5898368954658508,0.043981343507766724,0.9453269243240356,0.897712601181264,0.0032710717372577084,0.03034364065605777,4.3830470580086094e-05,0.03034364065605777,0.015193735563318928,0.010051063279684571,0.01332213501694228,0.10760309278350516,0.13794673343956293,0.004899625723035046,0.00485579525245496,0.37676534056663513,0.9569441676139832,0.9237264394760132,0.666854739189148,0.052896302193403244,0.9194529056549072,0.908465501852786,0.015510320674841566,0.22050551662555945,0.008758769744462831,0.22050551662555945,0.11463214318501114,0.08016611725163209,0.06465579657679052,0.5544458762886598,0.3339403596631004,0.05512078938414427,0.04636201963968144
grid_stage1,FORGE,10.0,15,30,750,20,0,0.31925612688064575,0.9833953976631165,0.9598676562309265,0.6513257622718811,0.02550709806382656,0.9675815105438232,0.9268103198774967,0.008284388801774735,0.36702428006775834,0.0036709650691762728,0.36702428006775834,0.1853476225684673,0.01690997046106426,0.008625581659289524,0.4344155844155844,0.06739130434782609,0.002678294745229979,0.006349259814406252,0.6148197650909424,0.9833399057388306,0.9702847003936768,0.7990798354148865,0.02451792173087597,0.9680612683296204,0.9606084230488738,0.0010449058591607413,0.06513269339356298,0.004382734584325913,0.06513269339356298,0.03475771398894445,0.04689841174707821,0.047943317606238954,0.6805194805194805,0.7456521739130435,0.025299924742131125,0.020917190157805212
grid_stage1,FORGE,10.0,10,10,750,20,0,0.237023264169693,0.9806020855903625,0.9542601108551025,0.608812689781189,0.029293248429894447,0.9621661305427551,0.898623420637862,0.008066106610516748,0.1436871823828345,0.0038966870827923036,0.1436871823828345,0.07379193473281341,0.018750802688471253,0.010684696077954504,0.2519480519480519,0.1082608695652174,0.010801717650183718,0.006905030567391415,0.45262935757637024,0.9752068519592285,0.9566940069198608,0.7139180898666382,0.033780720084905624,0.9525623917579651,0.9524096954055283,0.00738220497945475,0.1014906832298137,0.013632639718616873,0.1014906832298137,0.057561661474215285,0.05543901708121067,0.04805681210175592,0.4928571428571429,0.5943478260869566,0.04052857585550489,0.02689593613688802
confirm_stage2,FORGE,10.0,10,30,4500,60,3,0.49851980805397034,0.9885495901107788,0.9748620986938477,0.7435346841812134,0.01711519993841648,0.9776103496551514,0.9586146366863932,0.006053904784927322,0.0923831647642901,0.0028185478801155987,0.0923831647642901,0.047600856322202845,0.013711327585302297,0.01976523237022962,0.35103626943005184,0.44341943419434193,0.004349779814864743,0.007168327694980342,0.40395912528038025,0.9639893770217896,0.9483466148376465,0.6839742660522461,0.05076359212398529,0.9320821166038513,0.9529043299332255,0.05450424079483761,0.03436625687500405,0.0536220126678117,0.0536220126678117,0.04399413477140787,0.05897269976739712,0.11347694056223473,0.8063471502590673,0.8407134071340714,0.03823132919924508,0.09185334186705678
grid_stage1,FORGE,10.0,10,30,2000,40,0,0.38174694776535034,0.9827846884727478,0.9614923596382141,0.6822658181190491,0.024964751675724983,0.9665021300315857,0.9522072115154704,0.01643107946791872,0.3343817052512705,0.006272311305331079,0.3343817052512705,0.17032700827830077,0.028104799006806798,0.011673719538888079,0.4922077922077922,0.15782608695652173,0.012284740360352384,0.006012429055021305,0.6186582446098328,0.9812668561935425,0.9684211015701294,0.7999625205993652,0.02690921351313591,0.9642879962921143,0.9710476269467425,0.010908366573314898,0.03173348390739694,0.015973128507168366,0.03173348390739694,0.023853306207282654,0.06442912795924483,0.05352076138592993,0.7987012987012987,0.8304347826086956,0.03939970782239143,0.023426579315223066
grid_stage1,FORGE,5.0,10,30,750,20,2,0.4335537552833557,0.9750722050666809,0.9440678954124451,0.7043129801750183,0.03516032174229622,0.9522460103034973,0.9373574431460245,0.012318103103009754,0.2348858950861375,0.0036013045694949335,0.2348858950861375,0.11924359982781621,0.033546635640876475,0.02122853253786672,0.4568298969072165,0.22194400182107898,0.011194283769989792,0.007592979200494858,0.6227074265480042,0.9758458137512207,0.9556270837783813,0.79927659034729,0.03478511795401573,0.9545982480049133,0.9498151806390668,0.01472940634001698,0.04714953323117144,0.00945247770677294,0.04714953323117144,0.028301005468972188,0.055313166569711074,0.07004257290972805,0.6820231958762887,0.6348736626451172,0.022218441646818646,0.031670919353591585
grid_stage1,FORGE,5.0,15,20,4500,60,2,0.037892550230026245,0.9708314538002014,0.9174166321754456,0.5043619871139526,0.04346417635679245,0.9433795213699341,0.8890324580019001,0.002795129438100516,0.04208788407518053,0.0007470240728467683,0.04208788407518053,0.02141745407401365,0.0030702604873634543,0.0002751310492629384,0.04413659793814433,0.002048713862963806,0.0009016672337529772,0.00015464316090620892,0.4847995340824127,0.9578572511672974,0.930772602558136,0.7213283777236938,0.056834179908037186,0.9220876693725586,0.9207168900476336,0.020664101071902044,0.04763743748841287,0.016453023377715502,0.04763743748841287,0.03204523043306419,0.08307478508176588,0.10373888615366793,0.6681701030927835,0.6205326656043706,0.05217761143246002,0.06863063481017552
grid_stage1,FORGE,5.0,15,30,750,20,0,0.31925612688064575,0.9833953976631165,0.9598676562309265,0.6513257622718811,0.02550709806382656,0.9675815105438232,0.9268103198774967,0.008284388801774735,0.36702428006775834,0.0036709650691762728,0.36702428006775834,0.1853476225684673,0.01690997046106426,0.008625581659289524,0.4344155844155844,0.06739130434782609,0.002678294745229979,0.006349259814406252,0.5908130407333374,0.9822953939437866,0.9684267640113831,0.786554217338562,0.02592979557812214,0.9660593271255493,0.9602299626990579,0.0045168321558674215,0.12702428006775834,0.0028809512552754844,0.12702428006775834,0.06495261566151692,0.04495055439017081,0.04946738654603823,0.6155844155844156,0.7426086956521739,0.025499136747974677,0.022618185492699193
grid_stage1,FORGE,10.0,10,20,2000,40,2,0.4595879316329956,0.9754995703697205,0.9459614157676697,0.7175437211990356,0.034426379948854446,0.9531242847442627,0.9390904992291109,0.007147280340964259,0.17229393177055347,0.0022188057606918905,0.17229393177055347,0.08725636876562268,0.0332557688578631,0.02610848851689884,0.4490979381443299,0.27680400637377645,0.011296359305886355,0.009077553545194465,0.536404013633728,0.9568092226982117,0.9327391982078552,0.7466065883636475,0.05422819405794144,0.9209802746772766,0.9443348916652272,0.06449592799888329,0.041566391940317415,0.060451876892573274,0.060451876892573274,0.05100913441644535,0.07918040204253118,0.14367633004141447,0.8228092783505154,0.781242886410198,0.03991153453555631,0.10036341142812959
grid_stage1,FORGE,0.0,5,20,2000,40,1,0.20554578304290771,0.9697766304016113,0.9201708436012268,0.5876612067222595,0.044832777231931686,0.9417685866355896,0.9087680066101579,0.0023523301385682633,0.12065918765868691,0.00048690508028252286,0.12065918765868691,0.06057304636948472,0.009504652519730983,0.0071523223811627195,0.19446415897799857,0.07380497131931166,0.0011395005456763176,0.0006525954653937947,0.46204307675361633,0.9388649463653564,0.9079146385192871,0.7004539966583252,0.07622478902339935,0.8902071118354797,0.913864560930947,0.01550625534054001,0.019642912877744445,0.015319427630128446,0.019642912877744445,0.017481170253936446,0.13182139237785218,0.14732764771839219,0.7136266855926189,0.7332695984703633,0.10550812094755088,0.09018869331742244
grid_stage1,FORGE,10.0,15,10,2000,40,0,0.16352201998233795,0.9824618697166443,0.9534501433372498,0.5729919672012329,0.03063560649752617,0.9656441807746887,0.8004947107184416,0.0014757515456185121,0.10735177865612648,0.0019160815098318831,0.10735177865612648,0.05463393008297918,0.006485722847724646,0.005009971302106134,0.1590909090909091,0.05173913043478261,0.0012838107043251139,0.003199892214156997,0.5399066209793091,0.9795886874198914,0.9640125036239624,0.7597476243972778,0.036565233021974564,0.9609114527702332,0.9378069133271166,0.008878982571965233,0.05204968944099386,0.008291733905731,0.05204968944099386,0.03017071167336243,0.04447964382036902,0.053358626392334255,0.6785714285714286,0.6265217391304347,0.0228651113373766,0.0311568452431076
grid_stage1,FORGE,10.0,15,20,2000,40,2,0.037892550230026245,0.9708314538002014,0.9174166321754456,0.5043619871139526,0.04346417635679245,0.9433795213699341,0.8890324580019001,0.002795129438100516,0.04208788407518053,0.0007470240728467683,0.04208788407518053,0.02141745407401365,0.0030702604873634543,0.0002751310492629384,0.04413659793814433,0.002048713862963806,0.0009016672337529772,0.00015464316090620892,0.5597015023231506,0.9649776220321655,0.9417738318443298,0.7623395919799805,0.0489812009036541,0.9351162910461426,0.9381371763740531,0.041862624614548705,0.025166707343688755,0.033352809742319196,0.033352809742319196,0.029259758543003975,0.06803050869368496,0.10989313330823366,0.7055412371134021,0.7307079444570909,0.034365430418509695,0.06771824016082889
grid_stage1,FORGE,10.0,15,10,2000,40,2,0.0023806372191756964,0.9703408479690552,0.9149209260940552,0.48636072874069214,0.04927971214056015,0.9423943161964417,0.7335203626592198,0.00040587981509685437,0.002048713862963806,0.00029842999306999745,0.002048713862963806,0.0011735719280169018,0.00027470751729041434,0.0006805873323872687,0.0,0.002048713862963806,0.00028921401837359647,0.0005876440114435939,0.23266083002090454,0.9696531891822815,0.9274571537971497,0.601157009601593,0.04818373918533325,0.9416153430938721,0.8513508699144394,0.01720590214538721,0.1617162437429744,0.0107386297221577,0.1617162437429744,0.08622743673256605,0.027907051903561502,0.010701149758174289,0.24935567010309279,0.08763942636011837,0.016212997618237496,0.005474367896079796
grid_stage1,FORGE,10.0,5,10,750,20,1,0.19453021883964539,0.9694275856018066,0.9191294312477112,0.5819789171218872,0.046401187777519226,0.9410910606384277,0.8985449687591203,0.0036947638596720855,0.13770068678951347,0.000514754356409142,0.13770068678951347,0.0691077205729613,0.009980652888247397,0.006285889028575312,0.19907735982966643,0.061376673040152964,0.0014283880079604546,0.0009136336515513126,0.40549415349960327,0.9527039527893066,0.9171848297119141,0.6790990829467773,0.0566142238676548,0.9123786091804504,0.910051727649456,0.009680933049603144,0.00944827501977863,0.009975158005201046,0.009975158005201046,0.009711716512489837,0.0778798022295243,0.08756073527912744,0.45422285308729593,0.46367112810707456,0.0608589587211915,0.050883800715990454
grid_stage1,FORGE,10.0,5,30,2000,40,0,0.34161266684532166,0.9826827049255371,0.9599721431732178,0.6621477007865906,0.027543306350708008,0.9662530422210693,0.927541268650471,0.007320268634508362,0.10796725014116318,0.0026277414271205545,0.10796725014116318,0.055297495784141865,0.01166573911554433,0.018986007750052693,0.18246753246753247,0.29043478260869565,0.005843552171410864,0.008471293598531418,0.24279047548770905,0.9367440342903137,0.9121600389480591,0.5897672772407532,0.0858638733625412,0.8832418322563171,0.8912069878492976,0.04470341391918668,0.12653303218520612,0.052769800646105924,0.12653303218520612,0.08965141641565602,0.14420565948884798,0.0995022455696613,0.4525974025974026,0.5791304347826087,0.13369339058833946,0.08092358994223353
grid_stage1,FORGE,5.0,5,10,2000,40,2,0.22629240155220032,0.9717442989349365,0.9290639162063599,0.5990183353424072,0.04487987607717514,0.945479691028595,0.8796892788735514,0.0030826355768103653,0.010033681747672607,0.0007680184999313468,0.010033681747672607,0.005400850123801977,0.011586193523366298,0.014668829100176663,0.1333762886597938,0.14340997040746642,0.0051548145627764545,0.005922833062707801,0.39576250314712524,0.9286502003669739,0.8981400728225708,0.6622063517570496,0.07602693885564804,0.8723709583282471,0.9120887249414192,0.03561004222779435,0.1044626995618615,0.03520136378535518,0.1044626995618615,0.06983203167360834,0.1351884170383298,0.17079845926612414,0.7912371134020618,0.6867744138402003,0.100544402858115,0.13574576664347018
grid_stage1,FORGE,5.0,5,10,2000,40,0,0.346955806016922,0.9814274311065674,0.9589506983757019,0.6641916036605835,0.02983984351158142,0.9638820886611938,0.9066314566794987,0.002099118568193597,0.06730660643704123,0.0014113595020215555,0.06730660643704123,0.03435898296953139,0.018686587610771008,0.020785706178964605,0.2305194805194805,0.29782608695652174,0.011465757669662225,0.01005439816764067,0.3202749788761139,0.9261780977249146,0.9047133922576904,0.623226523399353,0.09048746526241302,0.8668204545974731,0.9314451960590916,0.049073416002939574,0.03367024280067765,0.0530047217971886,0.0530047217971886,0.043337482298933125,0.18842844299841602,0.13935502699547644,0.9058441558441559,0.8721739130434782,0.1639736154765594,0.1109688936793708
grid_stage1,FORGE,0.0,5,30,4500,60,2,0.2101784497499466,0.9716383218765259,0.928041398525238,0.590908408164978,0.04357720911502838,0.9452429413795471,0.905545870987222,0.004172852737218062,0.0456261249738924,1.4468527788426798e-05,0.0456261249738924,0.022820296750840414,0.00987331135673195,0.014046164093950013,0.10051546391752578,0.14614158889141818,0.005086764205512079,0.0050722956777236525,0.3619838356971741,0.9389076828956604,0.9058762788772583,0.6504457592964172,0.08092460036277771,0.8884926438331604,0.8962886527692207,0.05850788883006988,0.14793920036797054,0.05985706636241059,0.14793920036797054,0.10389813336519056,0.14837437786826965,0.08986648903819977,0.6391752577319587,0.4912360573639882,0.12245661789724396,0.06259955153483338
grid_stage1,FORGE,0.0,15,30,750,20,2,0.15433403849601746,0.9715830683708191,0.9247919917106628,0.5629585385322571,0.04089541733264923,0.9450138211250305,0.9143502973441526,0.009877045925948241,0.17537558287434787,0.0013179501536000168,0.17537558287434787,0.08834676651397394,0.012975890375541336,0.0030988444495930957,0.19039948453608246,0.015023901661734578,0.003606668935011909,0.002288718781411892,0.5790449380874634,0.9732578992843628,0.9506875276565552,0.7761514186859131,0.03760804235935211,0.9497105479240417,0.9352679946240988,0.0140590951568592,0.06589230230380583,0.010596671352001905,0.06589230230380583,0.038244486827903865,0.05479607006657618,0.06885516522343538,0.6427190721649485,0.5768267698611427,0.0237495746852671,0.034346246037269004
grid_stage1,FORGE,10.0,10,20,4500,60,1,0.4078245460987091,0.9703896641731262,0.9338738322257996,0.6891071200370789,0.042411912232637405,0.9435994029045105,0.8935200724238321,0.013503356962885495,0.24837326826858747,0.012763426429763115,0.24837326826858747,0.1305683473491753,0.03674415747934773,0.023240800516462233,0.46061036195883603,0.21223709369024857,0.01757398728895166,0.004810560859188544,0.5131787061691284,0.9538458585739136,0.9252423644065857,0.733512282371521,0.06747066974639893,0.9156854152679443,0.9055300067372202,0.011412566399920429,0.06972087386875137,0.03794981333013012,0.06972087386875137,0.05383534359944074,0.11370266867303382,0.10229010227311339,0.7299503193754435,0.6602294455066922,0.08583167490530912,0.047881861575179
grid_stage1,FORGE,5.0,15,10,2000,40,1,0.08730249851942062,0.9664309620857239,0.9093672037124634,0.5268667340278625,0.0529993437230587,0.9352437257766724,0.7640836631281828,0.007193898543851692,0.04175072295418553,0.0028851160598293525,0.04175072295418553,0.02231791950700744,0.0026256794521389306,0.009819577995990623,0.0205819730305181,0.06233269598470363,0.0018135712910059703,0.004698687350835323,0.554023265838623,0.9499594569206238,0.9242594242095947,0.7519913911819458,0.061278194189071655,0.9100154638290405,0.9520908355070541,0.07478343512143844,0.04776260776461616,0.045385017044436884,0.04776260776461616,0.04657381240452652,0.10135736879280165,0.17614080391424008,0.8921220723917672,0.8443594646271511,0.0655935032419593,0.11097852028639618
confirm_stage2,FORGE,5.0,10,30,2000,40,4,0.47752416133880615,0.9805957674980164,0.9558358788490295,0.7290599346160889,0.028125954791903496,0.962581217288971,0.9423369352792333,0.006967943681946646,0.09920580949142666,0.005298125894302827,0.09920580949142666,0.05225196769286474,0.019025514457102696,0.025993458139049342,0.2886554621848739,0.3878612716763006,0.008112106936956855,0.0028139810426540284,0.5882526636123657,0.9751291275024414,0.9560880064964294,0.7816908955574036,0.03517938032746315,0.9530916810035706,0.9538057253224126,0.0008816950507190974,0.009676009131976526,0.014971205406060329,0.014971205406060329,0.012323607269018428,0.0651346006113009,0.0642529055605818,0.6865546218487395,0.676878612716763,0.03998231322596554,0.025011107819905214
grid_stage1,FORGE,0.0,15,10,4500,60,2,0.0023806372191756964,0.9703408479690552,0.9149209260940552,0.48636072874069214,0.04927971214056015,0.9423943161964417,0.7335203626592198,0.00040587981509685437,0.002048713862963806,0.00029842999306999745,0.002048713862963806,0.0011735719280169018,0.00027470751729041434,0.0006805873323872687,0.0,0.002048713862963806,0.00028921401837359647,0.0005876440114435939,0.46257284283638,0.9361387491226196,0.9090250134468079,0.6993557810783386,0.08101917058229446,0.8858425617218018,0.9349138026955283,0.02426492076323311,0.06736716214408589,0.019065686432130496,0.06736716214408589,0.04321642428810819,0.1423631310193265,0.1666280517825596,0.8975515463917526,0.8301843842476667,0.10248383804014971,0.12154952447228021
grid_stage1,FORGE,10.0,15,30,4500,60,2,0.15433403849601746,0.9715830683708191,0.9247919917106628,0.5629585385322571,0.04089541733264923,0.9450138211250305,0.9143502973441526,0.009877045925948241,0.17537558287434787,0.0013179501536000168,0.17537558287434787,0.08834676651397394,0.012975890375541336,0.0030988444495930957,0.19039948453608246,0.015023901661734578,0.003606668935011909,0.002288718781411892,0.46195724606513977,0.9663141965866089,0.9374375939369202,0.7141357064247131,0.047055430710315704,0.9365978837013245,0.9106844995413749,0.013211440139014034,0.1448112009264974,0.016282563362720003,0.1448112009264974,0.0805468821446087,0.05361644366879969,0.06682788380781372,0.5602448453608248,0.41543364443432734,0.026862878530112284,0.04314544189283229
grid_stage1,FORGE,0.0,15,20,750,20,0,0.3152371346950531,0.9839828610420227,0.960291862487793,0.6496099829673767,0.02587682008743286,0.9686978459358215,0.9071000709355523,0.010248697734598074,0.35211180124223607,0.001142810073930892,0.35211180124223607,0.1766273056580835,0.016117984502761248,0.005869286768163172,0.4142857142857143,0.06217391304347826,0.002545486741334278,0.00368829681526517,0.5177158117294312,0.9751768112182617,0.9589707851409912,0.7464463114738464,0.03460686653852463,0.9527838230133057,0.9528639158218164,0.012102507563680052,0.003619424054206677,0.00963469204070578,0.00963469204070578,0.006627058047456228,0.055588852262511236,0.06769135982619129,0.7175324675324676,0.7139130434782609,0.03302492363539776,0.04265961567610354
grid_stage1,FORGE,5.0,10,30,2000,40,1,0.4333416521549225,0.9711612462997437,0.9362516403198242,0.7022514343261719,0.04102768003940582,0.9451156854629517,0.9007474184134454,0.013825109193929735,0.2653401311155953,0.013206671132382164,0.2653401311155953,0.13927340112398873,0.03850996529803765,0.024684856104107915,0.4957416607523066,0.2304015296367113,0.017830776144315337,0.004624105011933174,0.5740081667900085,0.962756335735321,0.937522828578949,0.7683822512626648,0.052872586995363235,0.9315014481544495,0.9382262499266948,0.029588771014818563,0.01613799298961749,0.0014487237490468027,0.01613799298961749,0.008793358369332146,0.08184135368362866,0.11143012469844722,0.7004968062455642,0.7166347992351817,0.05386146241253129,0.05241273866348449
grid_stage1,FORGE,5.0,15,30,750,20,1,0.39161446690559387,0.9704245328903198,0.9328542351722717,0.6810194849967957,0.042984623461961746,0.943591296672821,0.8790546772410216,0.010734944337344017,0.21177231319555928,0.011231191959168732,0.21177231319555928,0.111501752577364,0.03290544483002181,0.02217050049267779,0.41731724627395317,0.2055449330783939,0.015519676446042241,0.004288484486873508,0.5896469354629517,0.9713770151138306,0.9465991258621216,0.7805119752883911,0.04145485907793045,0.94648677110672,0.945117413296656,0.036763207699004215,0.05251015392715763,0.008552045152397901,0.05251015392715763,0.030531099539777767,0.04804532751896324,0.08480853521796745,0.5581973030518098,0.6107074569789674,0.02497271618411761,0.03352476133651551
grid_stage1,FORGE,0.0,10,20,2000,40,1,0.4078245460987091,0.9703896641731262,0.9338738322257996,0.6891071200370789,0.042411912232637405,0.9435994029045105,0.8935200724238321,0.013503356962885495,0.24837326826858747,0.012763426429763115,0.24837326826858747,0.1305683473491753,0.03674415747934773,0.023240800516462233,0.46061036195883603,0.21223709369024857,0.01757398728895166,0.004810560859188544,0.5529983639717102,0.9568896889686584,0.9306733012199402,0.7549440264701843,0.05558336153626442,0.921363353729248,0.9436044495061715,0.03146029153568397,0.04982894720772091,0.0035332299774788883,0.04982894720772091,0.0266810885925999,0.09607530018732918,0.12753559172301315,0.7817601135557133,0.7319311663479924,0.06506387622777171,0.0685971062052506
grid_stage1,FORGE,5.0,15,20,4500,60,1,0.3579302728176117,0.9694923758506775,0.9297961592674255,0.6637113094329834,0.04461351037025452,0.9417524337768555,0.8682352152395271,0.008544128382398875,0.17482301023059896,0.009786988061693062,0.17482301023059896,0.09230499914614601,0.029865184411755674,0.0213210560293568,0.3637331440738112,0.18891013384321223,0.01476535918341144,0.004978371121718377,0.5084137916564941,0.9593090415000916,0.9300416111946106,0.7338614463806152,0.05749334394931793,0.9248394966125488,0.9174135945925277,0.03486871516133169,0.05931996846277754,0.01446301031997025,0.05931996846277754,0.03689148939137389,0.07143076497865676,0.10629948013998845,0.6373314407381121,0.5780114722753346,0.045836810682416386,0.060299821002386636
grid_stage1,FORGE,10.0,15,30,2000,40,2,0.15433403849601746,0.9715830683708191,0.9247919917106628,0.5629585385322571,0.04089541733264923,0.9450138211250305,0.9143502973441526,0.009877045925948241,0.17537558287434787,0.0013179501536000168,0.17537558287434787,0.08834676651397394,0.012975890375541336,0.0030988444495930957,0.19039948453608246,0.015023901661734578,0.003606668935011909,0.002288718781411892,0.4918721914291382,0.9665411710739136,0.9393642544746399,0.7292066812515259,0.04451436549425125,0.9372164607048035,0.9249946560772905,0.022647962738486342,0.020103738140105687,0.018167477490909193,0.020103738140105687,0.01913560781550744,0.054359769892056105,0.07700773263054245,0.5425257731958762,0.5224220350557706,0.028581150051037767,0.04674862754194696
grid_stage1,FORGE,0.0,5,20,2000,40,0,0.33688995242118835,0.9820393919944763,0.9591842889785767,0.6594646573066711,0.02830355241894722,0.9650260806083679,0.9236123780546126,0.0048521411213461214,0.08586674195369845,0.0008550411325133778,0.08586674195369845,0.04336089154310591,0.01455541761205531,0.01940755873340143,0.19935064935064936,0.2852173913043478,0.00825623090884944,0.009111272041362818,0.33531439304351807,0.9354782700538635,0.9142168760299683,0.6353963613510132,0.08250952512025833,0.88237464427948,0.9251474116991854,0.054006384115174555,0.07290796160361379,0.05656930014816369,0.07290796160361379,0.06473863087588874,0.17226764844385462,0.11826126432868006,0.8811688311688312,0.8082608695652174,0.14810305901102305,0.09153375886285936
grid_stage1,FORGE,5.0,10,30,4500,60,0,0.38174694776535034,0.9827846884727478,0.9614923596382141,0.6822658181190491,0.024964751675724983,0.9665021300315857,0.9522072115154704,0.01643107946791872,0.3343817052512705,0.006272311305331079,0.3343817052512705,0.17032700827830077,0.028104799006806798,0.011673719538888079,0.4922077922077922,0.15782608695652173,0.012284740360352384,0.006012429055021305,0.48712843656539917,0.9657880067825317,0.9488310813903809,0.7264581918716431,0.04933827742934227,0.935854971408844,0.9632419241069293,0.03547407983034412,0.004076792772444882,0.04018804262688468,0.04018804262688468,0.022132417699664782,0.10982918789331735,0.07435510806297323,0.8623376623376623,0.8582608695652174,0.08417813980255877,0.043990097175674085
grid_stage1,FORGE,0.0,10,10,750,20,0,0.237023264169693,0.9806020855903625,0.9542601108551025,0.608812689781189,0.029293248429894447,0.9621661305427551,0.898623420637862,0.008066106610516748,0.1436871823828345,0.0038966870827923036,0.1436871823828345,0.07379193473281341,0.018750802688471253,0.010684696077954504,0.2519480519480519,0.1082608695652174,0.010801717650183718,0.006905030567391415,0.5963060855865479,0.9800006747245789,0.9664078950881958,0.7881534099578857,0.030008073896169662,0.961889386177063,0.9633634273926801,0.009606588256590103,0.027730095990965542,0.005537400611897385,0.027730095990965542,0.016633748301431463,0.05351256475020335,0.06311915300679345,0.7779220779220779,0.8056521739130434,0.028819336845367215,0.0343567374572646
grid_stage1,FORGE,0.0,15,30,4500,60,2,0.15433403849601746,0.9715830683708191,0.9247919917106628,0.5629585385322571,0.04089541733264923,0.9450138211250305,0.9143502973441526,0.009877045925948241,0.17537558287434787,0.0013179501536000168,0.17537558287434787,0.08834676651397394,0.012975890375541336,0.0030988444495930957,0.19039948453608246,0.015023901661734578,0.003606668935011909,0.002288718781411892,0.5072665214538574,0.9637224674224854,0.9375883340835571,0.7354944944381714,0.04973483830690384,0.9324204325675964,0.9211977455731776,0.046462447655121926,0.03303360430488056,0.043216941334546274,0.043216941334546274,0.03812527281971342,0.0553939628983259,0.10185641055344782,0.6269329896907216,0.5938993853858411,0.025212657366451174,0.06842959870099745
grid_stage1,FORGE,5.0,10,20,2000,40,2,0.4595879316329956,0.9754995703697205,0.9459614157676697,0.7175437211990356,0.034426379948854446,0.9531242847442627,0.9390904992291109,0.007147280340964259,0.17229393177055347,0.0022188057606918905,0.17229393177055347,0.08725636876562268,0.0332557688578631,0.02610848851689884,0.4490979381443299,0.27680400637377645,0.011296359305886355,0.009077553545194465,0.5397905111312866,0.957076370716095,0.9331849217414856,0.7484334707260132,0.055795613676309586,0.9214766621589661,0.9460991206532974,0.04166525684338797,0.06398864700401996,0.03749072318619003,0.06398864700401996,0.050739685095105,0.09139680692909315,0.13306206377248112,0.8418170103092784,0.7778283633052584,0.051769309288873765,0.0892600324750638
grid_stage1,FORGE,10.0,15,30,750,20,2,0.15433403849601746,0.9715830683708191,0.9247919917106628,0.5629585385322571,0.04089541733264923,0.9450138211250305,0.9143502973441526,0.009877045925948241,0.17537558287434787,0.0013179501536000168,0.17537558287434787,0.08834676651397394,0.012975890375541336,0.0030988444495930957,0.19039948453608246,0.015023901661734578,0.003606668935011909,0.002288718781411892,0.5230088233947754,0.973953366279602,0.9481348395347595,0.7484810948371887,0.03729778528213501,0.9506040811538696,0.9328565973488644,0.011569258796341152,0.1989404124650041,0.006966183739595226,0.1989404124650041,0.10295329810229967,0.052404498739577275,0.040835239943236123,0.5895618556701031,0.390621443205099,0.024038788703640693,0.017072604964045467
grid_stage1,FORGE,0.0,5,20,4500,60,0,0.33688995242118835,0.9820393919944763,0.9591842889785767,0.6594646573066711,0.02830355241894722,0.9650260806083679,0.9236123780546126,0.0048521411213461214,0.08586674195369845,0.0008550411325133778,0.08586674195369845,0.04336089154310591,0.01455541761205531,0.01940755873340143,0.19935064935064936,0.2852173913043478,0.00825623090884944,0.009111272041362818,0.25098496675491333,0.8995527029037476,0.8765766024589539,0.5752688646316528,0.12624382972717285,0.822860836982727,0.8902832029693303,0.07762222535803057,0.09740824392998304,0.07988112826625884,0.09740824392998304,0.08864468609812094,0.2452373817372319,0.16761515637920132,0.8961038961038961,0.798695652173913,0.2230510425428306,0.14316991427657175
grid_stage1,FORGE,0.0,10,20,2000,40,2,0.4595879316329956,0.9754995703697205,0.9459614157676697,0.7175437211990356,0.034426379948854446,0.9531242847442627,0.9390904992291109,0.007147280340964259,0.17229393177055347,0.0022188057606918905,0.17229393177055347,0.08725636876562268,0.0332557688578631,0.02610848851689884,0.4490979381443299,0.27680400637377645,0.011296359305886355,0.009077553545194465,0.5353558659553528,0.9569277167320251,0.9327909350395203,0.746141791343689,0.05596047267317772,0.9211635589599609,0.9442030290723495,0.047545785813911806,0.0916791386718796,0.0455125556539768,0.0916791386718796,0.0685958471629282,0.08734083123262879,0.1348866170465406,0.8469716494845361,0.7552925108126565,0.047226947941476694,0.09273950359545349
grid_stage1,FORGE,10.0,10,30,2000,40,2,0.4335537552833557,0.9750722050666809,0.9440678954124451,0.7043129801750183,0.03516032174229622,0.9522460103034973,0.9373574431460245,0.012318103103009754,0.2348858950861375,0.0036013045694949335,0.2348858950861375,0.11924359982781621,0.033546635640876475,0.02122853253786672,0.4568298969072165,0.22194400182107898,0.011194283769989792,0.007592979200494858,0.5576469302177429,0.9618889093399048,0.9387442469596863,0.7597678899765015,0.051612500101327896,0.9298238754272461,0.9426074916445036,0.049830190448110476,0.06483516419045299,0.04649417929509081,0.06483516419045299,0.0556646717427719,0.07510826708034386,0.12493845752845434,0.8105670103092784,0.7457318461188254,0.03627084042191221,0.08276501971700302
grid_stage1,FORGE,0.0,15,30,750,20,0,0.31925612688064575,0.9833953976631165,0.9598676562309265,0.6513257622718811,0.02550709806382656,0.9675815105438232,0.9268103198774967,0.008284388801774735,0.36702428006775834,0.0036709650691762728,0.36702428006775834,0.1853476225684673,0.01690997046106426,0.008625581659289524,0.4344155844155844,0.06739130434782609,0.002678294745229979,0.006349259814406252,0.5844942927360535,0.9811608195304871,0.9671084880828857,0.7828275561332703,0.027267999947071075,0.9639558792114258,0.9612273270248514,0.003108810961184587,0.08788255223037833,0.00302628025561439,0.08788255223037833,0.04545441624299636,0.0495526349586883,0.05266144591987289,0.662987012987013,0.7508695652173913,0.02864225950683961,0.02561597925122522
grid_stage1,FORGE,10.0,15,10,4500,60,1,0.08730249851942062,0.9664309620857239,0.9093672037124634,0.5268667340278625,0.0529993437230587,0.9352437257766724,0.7640836631281828,0.007193898543851692,0.04175072295418553,0.0028851160598293525,0.04175072295418553,0.02231791950700744,0.0026256794521389306,0.009819577995990623,0.0205819730305181,0.06233269598470363,0.0018135712910059703,0.004698687350835323,0.31693196296691895,0.955390214920044,0.9139482378959656,0.6361610889434814,0.06771177053451538,0.9162499308586121,0.7707660700880108,0.06500165653017838,0.22907978890144892,0.04253726756471776,0.22907978890144892,0.13580852823308334,0.026840278844086848,0.09184193537426523,0.15046132008516677,0.3795411089866157,0.02124927778134429,0.06378654534606205
grid_stage1,FORGE,5.0,5,20,4500,60,2,0.20798759162425995,0.9716861844062805,0.9279611110687256,0.5898368954658508,0.043981343507766724,0.9453269243240356,0.897712601181264,0.0032710717372577084,0.03034364065605777,4.3830470580086094e-05,0.03034364065605777,0.015193735563318928,0.010051063279684571,0.01332213501694228,0.10760309278350516,0.13794673343956293,0.004899625723035046,0.00485579525245496,0.3140636682510376,0.913462221622467,0.8791440725326538,0.6137629747390747,0.10314244031906128,0.8463136553764343,0.878426898592345,0.04561685460619491,0.1124633613457211,0.04848148203396642,0.1124633613457211,0.08047242168984375,0.19085708745394608,0.14524023284775117,0.6804123711340206,0.5679490097882995,0.16500510377679484,0.11652362174282842
grid_stage1,FORGE,0.0,5,30,2000,40,0,0.34161266684532166,0.9826827049255371,0.9599721431732178,0.6621477007865906,0.027543306350708008,0.9662530422210693,0.927541268650471,0.007320268634508362,0.10796725014116318,0.0026277414271205545,0.10796725014116318,0.055297495784141865,0.01166573911554433,0.018986007750052693,0.18246753246753247,0.29043478260869565,0.005843552171410864,0.008471293598531418,0.31689348816871643,0.9489849805831909,0.9265924692153931,0.6329392194747925,0.07112989574670792,0.9050601720809937,0.9107602607479317,0.0433760545194148,0.021993224167137226,0.04814022893918053,0.04814022893918053,0.03506672655315888,0.1282375101673873,0.0848614556479725,0.6084415584415584,0.6304347826086957,0.11186860861481251,0.06372837967563198
grid_stage1,FORGE,5.0,10,10,2000,40,0,0.237023264169693,0.9806020855903625,0.9542601108551025,0.608812689781189,0.029293248429894447,0.9621661305427551,0.898623420637862,0.008066106610516748,0.1436871823828345,0.0038966870827923036,0.1436871823828345,0.07379193473281341,0.018750802688471253,0.010684696077954504,0.2519480519480519,0.1082608695652174,0.010801717650183718,0.006905030567391415,0.4794086813926697,0.9634968042373657,0.9463474750518799,0.7214527130126953,0.05004674568772316,0.93177729845047,0.9660747221856918,0.012892185636997802,0.03962168266516097,0.01845906633181125,0.03962168266516097,0.02904037449848611,0.10295817457939124,0.09006598894239344,0.862987012987013,0.9026086956521739,0.07705077692682279,0.05859171059501154
confirm_stage2,FORGE,5.0,10,30,4500,60,3,0.49851980805397034,0.9885495901107788,0.9748620986938477,0.7435346841812134,0.01711519993841648,0.9776103496551514,0.9586146366863932,0.006053904784927322,0.0923831647642901,0.0028185478801155987,0.0923831647642901,0.047600856322202845,0.013711327585302297,0.01976523237022962,0.35103626943005184,0.44341943419434193,0.004349779814864743,0.007168327694980342,0.39923107624053955,0.9634863138198853,0.9477255940437317,0.6813586950302124,0.051041752099990845,0.9311569333076477,0.9487934383027979,0.037154707502098164,0.02073813484248832,0.03617631011846166,0.03617631011846166,0.02845722248047499,0.06822434809982686,0.10537905560192502,0.8082901554404145,0.8290282902829028,0.04768580929271142,0.08386211941117308
grid_stage1,FORGE,5.0,15,30,4500,60,1,0.39161446690559387,0.9704245328903198,0.9328542351722717,0.6810194849967957,0.042984623461961746,0.943591296672821,0.8790546772410216,0.010734944337344017,0.21177231319555928,0.011231191959168732,0.21177231319555928,0.111501752577364,0.03290544483002181,0.02217050049267779,0.41731724627395317,0.2055449330783939,0.015519676446042241,0.004288484486873508,0.5317011475563049,0.9697825312614441,0.9413468837738037,0.7507418394088745,0.0426400750875473,0.9432283639907837,0.9322426238026388,0.05171421596936538,0.1906840347560818,0.020340270513882607,0.1906840347560818,0.1055121526349822,0.03176918588582133,0.08348340185518671,0.37260468417317244,0.5632887189292543,0.016354240225974193,0.0366945107398568
grid_stage1,FORGE,5.0,15,30,4500,60,0,0.31925612688064575,0.9833953976631165,0.9598676562309265,0.6513257622718811,0.02550709806382656,0.9675815105438232,0.9268103198774967,0.008284388801774735,0.36702428006775834,0.0036709650691762728,0.36702428006775834,0.1853476225684673,0.01690997046106426,0.008625581659289524,0.4344155844155844,0.06739130434782609,0.002678294745229979,0.006349259814406252,0.43777456879615784,0.9779092669487,0.9587744474411011,0.7078419327735901,0.032534874975681305,0.9574888348579407,0.9422756040481086,0.016869130614235717,0.05369847543760592,0.017423724788981302,0.05369847543760592,0.03556110011329361,0.030587782011216234,0.04745691262545195,0.4993506493506494,0.44565217391304346,0.01460888042852716,0.03203260521750846
grid_stage1,FORGE,10.0,5,10,750,20,0,0.346955806016922,0.9814274311065674,0.9589506983757019,0.6641916036605835,0.02983984351158142,0.9638820886611938,0.9066314566794987,0.002099118568193597,0.06730660643704123,0.0014113595020215555,0.06730660643704123,0.03435898296953139,0.018686587610771008,0.020785706178964605,0.2305194805194805,0.29782608695652174,0.011465757669662225,0.01005439816764067,0.37757423520088196,0.9524272680282593,0.9320625066757202,0.6650007367134094,0.0576196163892746,0.9116103053092957,0.9253091861042037,0.042045590406999594,0.1599887069452287,0.04083338726430344,0.1599887069452287,0.10041104710476607,0.13050644291279592,0.08846085250579633,0.8525974025974026,0.6926086956521739,0.10589224843950595,0.06505886117520251
grid_stage1,FORGE,5.0,15,10,750,20,1,0.08730249851942062,0.9664309620857239,0.9093672037124634,0.5268667340278625,0.0529993437230587,0.9352437257766724,0.7640836631281828,0.007193898543851692,0.04175072295418553,0.0028851160598293525,0.04175072295418553,0.02231791950700744,0.0026256794521389306,0.009819577995990623,0.0205819730305181,0.06233269598470363,0.0018135712910059703,0.004698687350835323,0.5931525230407715,0.9676694869995117,0.9433597922325134,0.7804110050201416,0.04756862297654152,0.9400990605354309,0.9403605696766443,0.04357782092936057,0.0028901883141292384,0.016057988852973513,0.016057988852973513,0.009474088583551376,0.061634370297577006,0.10521219122693758,0.6745919091554294,0.6717017208413002,0.033912178211465624,0.04997016706443914
grid_stage1,FORGE,10.0,5,30,2000,40,2,0.2101784497499466,0.9716383218765259,0.928041398525238,0.590908408164978,0.04357720911502838,0.9452429413795471,0.905545870987222,0.004172852737218062,0.0456261249738924,1.4468527788426798e-05,0.0456261249738924,0.022820296750840414,0.00987331135673195,0.014046164093950013,0.10051546391752578,0.14614158889141818,0.005086764205512079,0.0050722956777236525,0.31731879711151123,0.9332260489463806,0.8979626893997192,0.6252723932266235,0.07501618564128876,0.8783507347106934,0.8875566860332641,0.006244656488979025,0.1535329753755389,0.0031902847262622602,0.1535329753755389,0.07836163005090058,0.12423243487815913,0.1179877783891801,0.5837628865979382,0.4302299112223993,0.0999659748213678,0.09677569009510555
grid_stage1,FORGE,10.0,10,10,750,20,2,0.3956456184387207,0.9743659496307373,0.9412316679954529,0.685005784034729,0.035925302654504776,0.9508179426193237,0.9271766951342892,0.006282303567429554,0.12547529046913905,0.003135716316566179,0.12547529046913905,0.06430550339285261,0.0274384331975955,0.021156129630165946,0.3547036082474227,0.22922831777828365,0.010156515821708064,0.007020799505141885,0.601266622543335,0.9733238220214844,0.9520219564437866,0.7872952222824097,0.038812339305877686,0.9499931335449219,0.9450392235147533,0.002910470999957157,0.18359060571997166,0.0011711193925970226,0.18359060571997166,0.09238086255628433,0.06969491306315041,0.06678444206319326,0.7661082474226805,0.5825176417027088,0.032919360326641715,0.03174824093404469
grid_stage1,FORGE,0.0,10,20,750,20,1,0.4078245460987091,0.9703896641731262,0.9338738322257996,0.6891071200370789,0.042411912232637405,0.9435994029045105,0.8935200724238321,0.013503356962885495,0.24837326826858747,0.012763426429763115,0.24837326826858747,0.1305683473491753,0.03674415747934773,0.023240800516462233,0.46061036195883603,0.21223709369024857,0.01757398728895166,0.004810560859188544,0.5651351809501648,0.9627466201782227,0.9369378685951233,0.7639409303665161,0.04798460006713867,0.9313724040985107,0.9386406376301445,0.014408353523719289,0.056258795207536405,0.01203491876447789,0.056258795207536405,0.03414685698600715,0.08606393759788718,0.10047229112160647,0.7235628105039035,0.6673040152963671,0.05723181613917956,0.04519689737470167
grid_stage1,FORGE,5.0,15,30,4500,60,2,0.15433403849601746,0.9715830683708191,0.9247919917106628,0.5629585385322571,0.04089541733264923,0.9450138211250305,0.9143502973441526,0.009877045925948241,0.17537558287434787,0.0013179501536000168,0.17537558287434787,0.08834676651397394,0.012975890375541336,0.0030988444495930957,0.19039948453608246,0.015023901661734578,0.003606668935011909,0.002288718781411892,0.5021119713783264,0.9658512473106384,0.9393001794815063,0.7339816093444824,0.04778236150741577,0.9360861778259277,0.9248241589424733,0.027542430186473184,0.12303628253477294,0.029022155355761223,0.12303628253477294,0.07602921894526708,0.05658974856182535,0.08413217874829854,0.6349871134020618,0.5119508308672889,0.026046274242939777,0.055068429598701
grid_stage1,FORGE,0.0,10,20,4500,60,2,0.4595879316329956,0.9754995703697205,0.9459614157676697,0.7175437211990356,0.034426379948854446,0.9531242847442627,0.9390904992291109,0.007147280340964259,0.17229393177055347,0.0022188057606918905,0.17229393177055347,0.08725636876562268,0.0332557688578631,0.02610848851689884,0.4490979381443299,0.27680400637377645,0.011296359305886355,0.009077553545194465,0.5151214003562927,0.9507709741592407,0.9258280992507935,0.7329461574554443,0.0651385709643364,0.910616934299469,0.9450707022112449,0.06261680649109089,0.0665045110426381,0.05967722462724171,0.0665045110426381,0.0630908678349399,0.09406308577338246,0.15667989226447335,0.8682345360824743,0.8017300250398361,0.05318135420210956,0.11285857882935127
grid_stage1,FORGE,10.0,15,30,2000,40,1,0.39161446690559387,0.9704245328903198,0.9328542351722717,0.6810194849967957,0.042984623461961746,0.943591296672821,0.8790546772410216,0.010734944337344017,0.21177231319555928,0.011231191959168732,0.21177231319555928,0.111501752577364,0.03290544483002181,0.02217050049267779,0.41731724627395317,0.2055449330783939,0.015519676446042241,0.004288484486873508,0.5653731226921082,0.9685156345367432,0.9423478841781616,0.766944408416748,0.04495183750987053,0.9412846565246582,0.9270475098777698,0.034634224873352694,0.03169585850046208,0.012071354082797244,0.03169585850046208,0.021883606291629665,0.05374197709056291,0.0883762019639156,0.6089425124201562,0.5772466539196941,0.02863195737305001,0.040703311455847255
grid_stage1,FORGE,10.0,10,10,4500,60,2,0.3956456184387207,0.9743659496307373,0.9412316679954529,0.685005784034729,0.035925302654504776,0.9508179426193237,0.9271766951342892,0.006282303567429554,0.12547529046913905,0.003135716316566179,0.12547529046913905,0.06430550339285261,0.0274384331975955,0.021156129630165946,0.3547036082474227,0.22922831777828365,0.010156515821708064,0.007020799505141885,0.4635934829711914,0.9352095723152161,0.9082074761390686,0.6994014978408813,0.08142437040805817,0.8843839168548584,0.9472587587696859,0.04155486194777397,0.07719234970818145,0.037799958205831,0.07719234970818145,0.057496153957006225,0.13636804343610626,0.17792290538388023,0.9178479381443299,0.8406555884361484,0.09510037427696495,0.13290033248279595
grid_stage1,FORGE,5.0,10,10,4500,60,1,0.4000343680381775,0.970453143119812,0.9334275722503662,0.6852437257766724,0.043051403015851974,0.9436800479888916,0.8804836074333711,0.008434908131700884,0.21233941325024733,0.00916790605082489,0.21233941325024733,0.1107536596505361,0.03296686423241102,0.024531956100710135,0.42725337118523776,0.21491395793499043,0.015134493162996726,0.0059665871121718375,0.5195213556289673,0.9404886960983276,0.9131639003753662,0.7300050258636475,0.07727722823619843,0.8940945863723755,0.9532384821440514,0.040803176314067297,0.0787927106134153,0.01078319040004977,0.0787927106134153,0.04478795050673254,0.1361361053956945,0.1769392817097618,0.9332860184528035,0.8544933078393881,0.1000834563779932,0.11086664677804296
grid_stage1,FORGE,5.0,15,10,2000,40,2,0.0023806372191756964,0.9703408479690552,0.9149209260940552,0.48636072874069214,0.04927971214056015,0.9423943161964417,0.7335203626592198,0.00040587981509685437,0.002048713862963806,0.00029842999306999745,0.002048713862963806,0.0011735719280169018,0.00027470751729041434,0.0006805873323872687,0.0,0.002048713862963806,0.00028921401837359647,0.0005876440114435939,0.49611806869506836,0.9450289011001587,0.9193267822265625,0.7205734848976135,0.06634412705898285,0.9008721709251404,0.9353104585833686,0.06624968872271984,0.004032085370117788,0.05967595391191817,0.05967595391191817,0.03185401964101798,0.10453428996186413,0.17078397868458398,0.8547036082474226,0.8506715228773049,0.06492004083021435,0.12459599474213252
grid_stage1,FORGE,0.0,10,20,2000,40,0,0.3881899118423462,0.9827015995979309,0.9616404175758362,0.6854457855224609,0.02584860660135746,0.9663545489311218,0.9456632386961407,0.0178632994440101,0.38160926030491243,0.006098123026063773,0.38160926030491243,0.1938536916654881,0.02973158097521298,0.01186828153120288,0.5298701298701298,0.1482608695652174,0.012683164372039488,0.006585041345975715,0.5035038590431213,0.9676246643066406,0.9511827230453491,0.7355642318725586,0.046869534999132156,0.9392130374908447,0.9650913432224666,0.001401678155002306,0.04215132693393564,0.006607384771122091,0.04215132693393564,0.024379355852528865,0.08780341624213366,0.08640173808713135,0.8448051948051948,0.8869565217391304,0.06199920315197663,0.05539181838085454
grid_stage1,FORGE,0.0,15,30,750,20,1,0.39161446690559387,0.9704245328903198,0.9328542351722717,0.6810194849967957,0.042984623461961746,0.943591296672821,0.8790546772410216,0.010734944337344017,0.21177231319555928,0.011231191959168732,0.21177231319555928,0.111501752577364,0.03290544483002181,0.02217050049267779,0.41731724627395317,0.2055449330783939,0.015519676446042241,0.004288484486873508,0.5891041159629822,0.9706726670265198,0.9459052681922913,0.779888391494751,0.04150523617863655,0.9452527761459351,0.9439936246116537,0.03745427823373062,0.021201318483879183,0.010787395442043782,0.021201318483879183,0.015994356962961483,0.050548168166323744,0.08800244640005436,0.5908445706174592,0.6120458891013384,0.026112216729793927,0.03689961217183771
grid_stage1,FORGE,0.0,10,10,2000,40,1,0.4000343680381775,0.970453143119812,0.9334275722503662,0.6852437257766724,0.043051403015851974,0.9436800479888916,0.8804836074333711,0.008434908131700884,0.21233941325024733,0.00916790605082489,0.21233941325024733,0.1107536596505361,0.03296686423241102,0.024531956100710135,0.42725337118523776,0.21491395793499043,0.015134493162996726,0.0059665871121718375,0.5414875149726868,0.9483262896537781,0.9219185709953308,0.7449069023132324,0.06729275733232498,0.9071200489997864,0.9463989625083722,0.046870813183507054,0.06879674097274147,0.017666169039307844,0.06879674097274147,0.043231455006024655,0.11540705708933452,0.16227787027284157,0.8896380411639461,0.8208413001912046,0.0803909610322912,0.09805713007159904
grid_stage1,FORGE,0.0,5,10,2000,40,0,0.346955806016922,0.9814274311065674,0.9589506983757019,0.6641916036605835,0.02983984351158142,0.9638820886611938,0.9066314566794987,0.002099118568193597,0.06730660643704123,0.0014113595020215555,0.06730660643704123,0.03435898296953139,0.018686587610771008,0.020785706178964605,0.2305194805194805,0.29782608695652174,0.011465757669662225,0.01005439816764067,0.31759774684906006,0.924950122833252,0.9034340381622314,0.621273934841156,0.08777336031198502,0.864772379398346,0.9344053842275994,0.049250168411226064,0.045584415584415616,0.05276124828513179,0.05276124828513179,0.0491728319347737,0.19076159082152488,0.14151142241029882,0.9155844155844156,0.87,0.16605427420425872,0.11329302591912693
grid_stage1,FORGE,10.0,15,20,2000,40,1,0.3579302728176117,0.9694923758506775,0.9297961592674255,0.6637113094329834,0.04461351037025452,0.9417524337768555,0.8682352152395271,0.008544128382398875,0.17482301023059896,0.009786988061693062,0.17482301023059896,0.09230499914614601,0.029865184411755674,0.0213210560293568,0.3637331440738112,0.18891013384321223,0.01476535918341144,0.004978371121718377,0.5792388916015625,0.9697970151901245,0.9444460868835449,0.7745179533958435,0.04434388130903244,0.9436396956443787,0.92531144532666,0.03594133268184928,0.05776441260566123,0.014582596064465644,0.05776441260566123,0.03617350433506344,0.051976169271872985,0.08791750195372226,0.6352022711142654,0.5774378585086042,0.025598639019066574,0.04018123508353222
grid_stage1,FORGE,5.0,10,30,750,20,0,0.38174694776535034,0.9827846884727478,0.9614923596382141,0.6822658181190491,0.024964751675724983,0.9665021300315857,0.9522072115154704,0.01643107946791872,0.3343817052512705,0.006272311305331079,0.3343817052512705,0.17032700827830077,0.028104799006806798,0.011673719538888079,0.4922077922077922,0.15782608695652173,0.012284740360352384,0.006012429055021305,0.5762355327606201,0.9785149097442627,0.9642637372016907,0.7773752212524414,0.030060844495892525,0.9591032862663269,0.9667182829910095,0.01637775031929102,0.09620553359683792,0.02379196180851838,0.09620553359683792,0.05999874770267815,0.07040113018536752,0.0540233798660765,0.7272727272727273,0.8234782608695652,0.048010093408296074,0.024218131599777693
grid_stage1,FORGE,10.0,5,30,750,20,2,0.2101784497499466,0.9716383218765259,0.928041398525238,0.590908408164978,0.04357720911502838,0.9452429413795471,0.905545870987222,0.004172852737218062,0.0456261249738924,1.4468527788426798e-05,0.0456261249738924,0.022820296750840414,0.00987331135673195,0.014046164093950013,0.10051546391752578,0.14614158889141818,0.005086764205512079,0.0050722956777236525,0.3614714443683624,0.9585690498352051,0.9243825674057007,0.6600202322006226,0.05372894927859306,0.9221869111061096,0.9095754369632335,0.051436693083025016,0.15885416055533524,0.04997911475445978,0.15885416055533524,0.1044166376548975,0.09173615150927542,0.0402994584262504,0.47777061855670105,0.3189164580013658,0.07135079959169785,0.021371684837238072
grid_stage1,FORGE,5.0,15,10,2000,40,0,0.16352201998233795,0.9824618697166443,0.9534501433372498,0.5729919672012329,0.03063560649752617,0.9656441807746887,0.8004947107184416,0.0014757515456185121,0.10735177865612648,0.0019160815098318831,0.10735177865612648,0.05463393008297918,0.006485722847724646,0.005009971302106134,0.1590909090909091,0.05173913043478261,0.0012838107043251139,0.003199892214156997,0.4156171381473541,0.9538102149963379,0.9347441792488098,0.6847136616706848,0.06003960967063904,0.9143871665000916,0.9543793027094989,0.01291115888092921,0.027577639751552807,0.008907465499340794,0.027577639751552807,0.0182425526254468,0.10372875551179417,0.11663991439272338,0.8428571428571429,0.8704347826086957,0.07853379963699146,0.08744126513633226
grid_stage1,FORGE,0.0,15,20,750,20,2,0.037892550230026245,0.9708314538002014,0.9174166321754456,0.5043619871139526,0.04346417635679245,0.9433795213699341,0.8890324580019001,0.002795129438100516,0.04208788407518053,0.0007470240728467683,0.04208788407518053,0.02141745407401365,0.0030702604873634543,0.0002751310492629384,0.04413659793814433,0.002048713862963806,0.0009016672337529772,0.00015464316090620892,0.5579819679260254,0.9702184796333313,0.9466161131858826,0.764100193977356,0.04143312945961952,0.9441966414451599,0.9380481083842666,0.009943376180747934,0.007413020597435982,0.0027149030203482555,0.007413020597435982,0.005063961808892119,0.06374830327709909,0.07369167945784702,0.6195231958762887,0.6121101752788527,0.03439945559714189,0.03711435861749014
grid_stage1,FORGE,10.0,5,20,750,20,1,0.20554578304290771,0.9697766304016113,0.9201708436012268,0.5876612067222595,0.044832777231931686,0.9417685866355896,0.9087680066101579,0.0023523301385682633,0.12065918765868691,0.00048690508028252286,0.12065918765868691,0.06057304636948472,0.009504652519730983,0.0071523223811627195,0.19446415897799857,0.07380497131931166,0.0011395005456763176,0.0006525954653937947,0.4107173681259155,0.955654501914978,0.9202829599380493,0.6831859350204468,0.055789098143577576,0.9175162315368652,0.9134244199500257,0.042325003690438776,0.3816628149820805,0.0019213869876997247,0.3816628149820805,0.1917921009848901,0.0549703651383472,0.09729536882878598,0.19481902058197303,0.5764818355640535,0.0486454387879566,0.05056682577565633
grid_stage1,FORGE,5.0,5,10,4500,60,1,0.19453021883964539,0.9694275856018066,0.9191294312477112,0.5819789171218872,0.046401187777519226,0.9410910606384277,0.8985449687591203,0.0036947638596720855,0.13770068678951347,0.000514754356409142,0.13770068678951347,0.0691077205729613,0.009980652888247397,0.006285889028575312,0.19907735982966643,0.061376673040152964,0.0014283880079604546,0.0009136336515513126,0.20468822121620178,0.8565974831581116,0.8142824172973633,0.5306428670883179,0.1515764743089676,0.7570087313652039,0.7396344767559898,0.09170672754369896,0.14608804096039252,0.12026272992255119,0.14608804096039252,0.13317538544147184,0.28415686515370203,0.19245013761000307,0.38679914833215046,0.532887189292543,0.27951466906336264,0.15925193914081145
grid_stage1,FORGE,5.0,5,30,750,20,0,0.34161266684532166,0.9826827049255371,0.9599721431732178,0.6621477007865906,0.027543306350708008,0.9662530422210693,0.927541268650471,0.007320268634508362,0.10796725014116318,0.0026277414271205545,0.10796725014116318,0.055297495784141865,0.01166573911554433,0.018986007750052693,0.18246753246753247,0.29043478260869565,0.005843552171410864,0.008471293598531418,0.40597331523895264,0.9785157442092896,0.9582328200340271,0.6922445297241211,0.03487439453601837,0.9585313200950623,0.925071270553377,0.02100349764099415,0.2677809147374365,0.010434966301971783,0.2677809147374365,0.13910794051970413,0.022432467143285242,0.04343596478427939,0.2396103896103896,0.5073913043478261,0.015029439107530214,0.025464405409501997
grid_stage1,FORGE,0.0,5,20,750,20,1,0.20554578304290771,0.9697766304016113,0.9201708436012268,0.5876612067222595,0.044832777231931686,0.9417685866355896,0.9087680066101579,0.0023523301385682633,0.12065918765868691,0.00048690508028252286,0.12065918765868691,0.06057304636948472,0.009504652519730983,0.0071523223811627195,0.19446415897799857,0.07380497131931166,0.0011395005456763176,0.0006525954653937947,0.4357967972755432,0.954918384552002,0.921222448348999,0.6953575611114502,0.05403130501508713,0.9165080785751343,0.9268824290114067,0.04037091413130654,0.38655814098658314,0.0028867870642767315,0.38655814098658314,0.19472246402542995,0.06390688818597795,0.1042778023172845,0.24556422995031937,0.6321223709369025,0.055691083006997495,0.052804295942720764
grid_stage1,FORGE,10.0,10,30,750,20,2,0.4335537552833557,0.9750722050666809,0.9440678954124451,0.7043129801750183,0.03516032174229622,0.9522460103034973,0.9373574431460245,0.012318103103009754,0.2348858950861375,0.0036013045694949335,0.2348858950861375,0.11924359982781621,0.033546635640876475,0.02122853253786672,0.4568298969072165,0.22194400182107898,0.011194283769989792,0.007592979200494858,0.5877551436424255,0.9728708863258362,0.9508213400840759,0.7803130149841309,0.03778963163495064,0.9490919709205627,0.9450326835744627,0.017400783011683872,0.05636471213575478,0.013186824592114194,0.05636471213575478,0.034775768363934485,0.05705836726779135,0.07445915027947522,0.666881443298969,0.6105167311632143,0.024855392990813203,0.0380422175829274
grid_stage1,FORGE,5.0,5,30,2000,40,1,0.22323760390281677,0.9700984954833984,0.9216201305389404,0.5966680645942688,0.04371148720383644,0.9424138069152832,0.910535126741706,0.001038298012952736,0.10907509360068501,0.0003672427281333795,0.10907509360068501,0.054721168164409195,0.009719620428093234,0.008681322415140498,0.19836763662171752,0.08929254302103251,0.0011876484560570072,0.0008204057279236277,0.2649599611759186,0.939063310623169,0.8953076004981995,0.6020116209983826,0.0824175477027893,0.8874568343162537,0.8237524884117753,4.0394980202737574e-05,0.14286456771342926,0.020762138090122166,0.14286456771342926,0.08181335290177572,0.08818290698031508,0.08822330196051782,0.21965933286018452,0.3625239005736138,0.08223663093021763,0.061474492840095464
grid_stage1,FORGE,5.0,5,10,750,20,2,0.22629240155220032,0.9717442989349365,0.9290639162063599,0.5990183353424072,0.04487987607717514,0.945479691028595,0.8796892788735514,0.0030826355768103653,0.010033681747672607,0.0007680184999313468,0.010033681747672607,0.005400850123801977,0.011586193523366298,0.014668829100176663,0.1333762886597938,0.14340997040746642,0.0051548145627764545,0.005922833062707801,0.43467435240745544,0.9590886831283569,0.9290636777877808,0.6968815326690674,0.05119772627949715,0.9236990213394165,0.9174278743860135,0.030356716373483417,0.14938171904224384,0.02992761105755954,0.14938171904224384,0.08965466504990169,0.09372374119320018,0.06336702481971676,0.5998711340206185,0.4504894149783747,0.06699557672677782,0.03706796566921828
grid_stage1,FORGE,10.0,10,30,750,20,0,0.38174694776535034,0.9827846884727478,0.9614923596382141,0.6822658181190491,0.024964751675724983,0.9665021300315857,0.9522072115154704,0.01643107946791872,0.3343817052512705,0.006272311305331079,0.3343817052512705,0.17032700827830077,0.028104799006806798,0.011673719538888079,0.4922077922077922,0.15782608695652173,0.012284740360352384,0.006012429055021305,0.6397136449813843,0.9834918975830078,0.9713131785392761,0.811602771282196,0.023512201383709908,0.9684302806854248,0.9722033546438876,0.003476508055740561,0.07845285149632975,0.009857214840570606,0.07845285149632975,0.044155033168450174,0.05417612055310587,0.05069961249736531,0.7441558441558441,0.8226086956521739,0.030656514232591085,0.02079929939202048
grid_stage1,FORGE,0.0,15,20,4500,60,2,0.037892550230026245,0.9708314538002014,0.9174166321754456,0.5043619871139526,0.04346417635679245,0.9433795213699341,0.8890324580019001,0.002795129438100516,0.04208788407518053,0.0007470240728467683,0.04208788407518053,0.02141745407401365,0.0030702604873634543,0.0002751310492629384,0.04413659793814433,0.002048713862963806,0.0009016672337529772,0.00015464316090620892,0.4516530930995941,0.9564539790153503,0.9275519251823425,0.704053521156311,0.05755866318941116,0.9193153977394104,0.9059932601714724,0.0277773158705326,0.11795710608019794,0.028990730802589328,0.11795710608019794,0.07347391844139363,0.07523754120612759,0.1030148570766602,0.6494845360824743,0.5315274300022763,0.04491323579448792,0.07390396659707725
grid_stage1,FORGE,5.0,10,30,2000,40,2,0.4335537552833557,0.9750722050666809,0.9440678954124451,0.7043129801750183,0.03516032174229622,0.9522460103034973,0.9373574431460245,0.012318103103009754,0.2348858950861375,0.0036013045694949335,0.2348858950861375,0.11924359982781621,0.033546635640876475,0.02122853253786672,0.4568298969072165,0.22194400182107898,0.011194283769989792,0.007592979200494858,0.5445030927658081,0.9614224433898926,0.9375520348548889,0.7529627680778503,0.05227270349860191,0.9288692474365234,0.9403832490372579,0.060290725842804704,0.038990539072235375,0.05186532853765896,0.05186532853765896,0.04542793380494717,0.06710943054747592,0.12740015639028063,0.7197164948453608,0.7587070339175962,0.03264715889758421,0.08451248743524317
grid_stage1,FORGE,5.0,5,20,2000,40,1,0.20554578304290771,0.9697766304016113,0.9201708436012268,0.5876612067222595,0.044832777231931686,0.9417685866355896,0.9087680066101579,0.0023523301385682633,0.12065918765868691,0.00048690508028252286,0.12065918765868691,0.06057304636948472,0.009504652519730983,0.0071523223811627195,0.19446415897799857,0.07380497131931166,0.0011395005456763176,0.0006525954653937947,0.38635653257369995,0.9292833209037781,0.8940422534942627,0.657819926738739,0.0840766429901123,0.8731812834739685,0.8893863970309589,0.014295244344464608,0.24640585582712604,0.02507006775410721,0.24640585582712604,0.13573796179061662,0.13496913675029942,0.14926438109476403,0.45493257629524486,0.7013384321223709,0.12049817037940554,0.09542810262529833
grid_stage1,FORGE,0.0,15,20,2000,40,1,0.3579302728176117,0.9694923758506775,0.9297961592674255,0.6637113094329834,0.04461351037025452,0.9417524337768555,0.8682352152395271,0.008544128382398875,0.17482301023059896,0.009786988061693062,0.17482301023059896,0.09230499914614601,0.029865184411755674,0.0213210560293568,0.3637331440738112,0.18891013384321223,0.01476535918341144,0.004978371121718377,0.5893714427947998,0.9640074968338013,0.9396900534629822,0.7766894698143005,0.050824034959077835,0.9338161945343018,0.9435348883283018,0.048111618255660724,0.08244066076180567,0.023618683086087236,0.08244066076180567,0.053029671923946455,0.07342689555630624,0.12153851381196697,0.7853087295954577,0.702868068833652,0.04123066058933042,0.06484934367541766
grid_stage1,FORGE,10.0,5,30,4500,60,2,0.2101784497499466,0.9716383218765259,0.928041398525238,0.590908408164978,0.04357720911502838,0.9452429413795471,0.905545870987222,0.004172852737218062,0.0456261249738924,1.4468527788426798e-05,0.0456261249738924,0.022820296750840414,0.00987331135673195,0.014046164093950013,0.10051546391752578,0.14614158889141818,0.005086764205512079,0.0050722956777236525,0.33170732855796814,0.9319881796836853,0.8976194858551025,0.6318477392196655,0.09152244031429291,0.8765407800674438,0.880245337499359,0.10861166595671475,0.1412449456844418,0.11294723950513451,0.1412449456844418,0.12709609259478816,0.18476504427638807,0.07615337831967332,0.6179123711340206,0.47666742544957885,0.16189179993194963,0.04894456042681512
grid_stage1,FORGE,5.0,10,20,2000,40,0,0.3881899118423462,0.9827015995979309,0.9616404175758362,0.6854457855224609,0.02584860660135746,0.9663545489311218,0.9456632386961407,0.0178632994440101,0.38160926030491243,0.006098123026063773,0.38160926030491243,0.1938536916654881,0.02973158097521298,0.01186828153120288,0.5298701298701298,0.1482608695652174,0.012683164372039488,0.006585041345975715,0.49996259808540344,0.9671685099601746,0.9506173133850098,0.7335655689239502,0.047421813011169434,0.9383827447891235,0.9652754344304434,0.004657379922116803,0.04778656126482206,0.0005261372061750036,0.04778656126482206,0.02415634923549853,0.08514919303052357,0.08980657295264037,0.8409090909090909,0.888695652173913,0.0593873124086945,0.058861175202519496
grid_stage1,FORGE,10.0,5,30,4500,60,1,0.22323760390281677,0.9700984954833984,0.9216201305389404,0.5966680645942688,0.04371148720383644,0.9424138069152832,0.910535126741706,0.001038298012952736,0.10907509360068501,0.0003672427281333795,0.10907509360068501,0.054721168164409195,0.009719620428093234,0.008681322415140498,0.19836763662171752,0.08929254302103251,0.0011876484560570072,0.0008204057279236277,0.1962640881538391,0.9316583275794983,0.8839243054389954,0.5639612078666687,0.08489112555980682,0.8740281462669373,0.8078777903992296,0.01872408546797312,0.05202135411931219,0.024368719896064872,0.05202135411931219,0.03819503700768853,0.10071246506771489,0.08198837959974177,0.2707594038325053,0.2187380497131931,0.09302176285549207,0.0686530429594272
grid_stage1,FORGE,0.0,5,10,4500,60,0,0.346955806016922,0.9814274311065674,0.9589506983757019,0.6641916036605835,0.02983984351158142,0.9638820886611938,0.9066314566794987,0.002099118568193597,0.06730660643704123,0.0014113595020215555,0.06730660643704123,0.03435898296953139,0.018686587610771008,0.020785706178964605,0.2305194805194805,0.29782608695652174,0.011465757669662225,0.01005439816764067,0.29401057958602905,0.91138756275177,0.8895163536071777,0.6026990413665771,0.0976521223783493,0.8425388336181641,0.9338090423899702,0.02829778191992116,0.02352343308865046,0.03190328645163554,0.03190328645163554,0.027713359770142998,0.2037116314910741,0.17541384957115294,0.9396103896103896,0.9160869565217391,0.17862676523971846,0.14672347878808292
grid_stage1,FORGE,10.0,10,20,750,20,0,0.3881899118423462,0.9827015995979309,0.9616404175758362,0.6854457855224609,0.02584860660135746,0.9663545489311218,0.9456632386961407,0.0178632994440101,0.38160926030491243,0.006098123026063773,0.38160926030491243,0.1938536916654881,0.02973158097521298,0.01186828153120288,0.5298701298701298,0.1482608695652174,0.012683164372039488,0.006585041345975715,0.6169203519821167,0.9812456369400024,0.9683390855789185,0.7990829944610596,0.02787843346595764,0.9642419219017029,0.9653100404193169,0.012444351487695945,0.06575381140598535,0.007020908311239936,0.06575381140598535,0.03638735985861265,0.05083693651269318,0.06328128800038912,0.7733766233766234,0.8391304347826087,0.026207446102085086,0.03322835441332502
grid_stage1,FORGE,10.0,5,20,4500,60,0,0.33688995242118835,0.9820393919944763,0.9591842889785767,0.6594646573066711,0.02830355241894722,0.9650260806083679,0.9236123780546126,0.0048521411213461214,0.08586674195369845,0.0008550411325133778,0.08586674195369845,0.04336089154310591,0.01455541761205531,0.01940755873340143,0.19935064935064936,0.2852173913043478,0.00825623090884944,0.009111272041362818,0.23908448219299316,0.9004594683647156,0.8770295977592468,0.5697720050811768,0.13157345354557037,0.8239494562149048,0.8707255215058263,0.07516328079775703,0.07228684359119142,0.07799534273656686,0.07799534273656686,0.07514109316387914,0.2387088488377071,0.16354556803995007,0.824025974025974,0.7517391304347826,0.21875691708353623,0.14076157434696937
grid_stage1,FORGE,0.0,10,30,750,20,1,0.4333416521549225,0.9711612462997437,0.9362516403198242,0.7022514343261719,0.04102768003940582,0.9451156854629517,0.9007474184134454,0.013825109193929735,0.2653401311155953,0.013206671132382164,0.2653401311155953,0.13927340112398873,0.03850996529803765,0.024684856104107915,0.4957416607523066,0.2304015296367113,0.017830776144315337,0.004624105011933174,0.6462174654006958,0.9748947620391846,0.953560471534729,0.8105561137199402,0.03657816722989082,0.9531164169311523,0.947672329722716,0.023910395859714134,0.06555983319469072,0.0011443591467163762,0.06555983319469072,0.033352096170703546,0.056260172588520715,0.08017056844823485,0.7022711142654364,0.6367112810707457,0.02704307633048726,0.025898717183770882
grid_stage1,FORGE,0.0,15,30,2000,40,1,0.39161446690559387,0.9704245328903198,0.9328542351722717,0.6810194849967957,0.042984623461961746,0.943591296672821,0.8790546772410216,0.010734944337344017,0.21177231319555928,0.011231191959168732,0.21177231319555928,0.111501752577364,0.03290544483002181,0.02217050049267779,0.41731724627395317,0.2055449330783939,0.015519676446042241,0.004288484486873508,0.5806451439857483,0.9707840085029602,0.9454602599143982,0.7757145762443542,0.04404371604323387,0.9453737735748291,0.9188328145239312,0.04826287274246771,0.04469505649966676,0.021883380877320044,0.04469505649966676,0.033289218688493404,0.042440807050947396,0.0907036797934151,0.553584102200142,0.5982791586998087,0.01932336136611671,0.041206742243436754
grid_stage1,FORGE,5.0,15,20,2000,40,1,0.3579302728176117,0.9694923758506775,0.9297961592674255,0.6637113094329834,0.04461351037025452,0.9417524337768555,0.8682352152395271,0.008544128382398875,0.17482301023059896,0.009786988061693062,0.17482301023059896,0.09230499914614601,0.029865184411755674,0.0213210560293568,0.3637331440738112,0.18891013384321223,0.01476535918341144,0.004978371121718377,0.5658711194992065,0.9606351256370544,0.9350112080574036,0.7632530927658081,0.05124763399362564,0.9278156161308289,0.9430574056309031,0.0481751621170093,0.07021333763962068,0.023540346972151426,0.07021333763962068,0.046876842305886054,0.07849399625341645,0.12666915837042575,0.7704045422285308,0.7001912045889102,0.04720100147653592,0.07074134844868735
grid_stage1,FORGE,10.0,5,10,2000,40,1,0.19453021883964539,0.9694275856018066,0.9191294312477112,0.5819789171218872,0.046401187777519226,0.9410910606384277,0.8985449687591203,0.0036947638596720855,0.13770068678951347,0.000514754356409142,0.13770068678951347,0.0691077205729613,0.009980652888247397,0.006285889028575312,0.19907735982966643,0.061376673040152964,0.0014283880079604546,0.0009136336515513126,0.20897212624549866,0.9124095439910889,0.8667498230934143,0.5606908202171326,0.10028170794248581,0.8422831296920776,0.7810935298164439,0.030801963337738006,0.12255644199335874,0.05057855153465814,0.12255644199335874,0.08656749676400843,0.1490955992998188,0.1182936359620808,0.24130589070262598,0.3638623326959847,0.14492521024587532,0.09434665871121718
grid_stage1,FORGE,10.0,15,30,2000,40,0,0.31925612688064575,0.9833953976631165,0.9598676562309265,0.6513257622718811,0.02550709806382656,0.9675815105438232,0.9268103198774967,0.008284388801774735,0.36702428006775834,0.0036709650691762728,0.36702428006775834,0.1853476225684673,0.01690997046106426,0.008625581659289524,0.4344155844155844,0.06739130434782609,0.002678294745229979,0.006349259814406252,0.5766003131866455,0.9830557703971863,0.9686567187309265,0.7798280715942383,0.024881644174456596,0.967415452003479,0.9575682069743995,0.002082254002332924,0.005968379446640304,0.0007752609725812758,0.005968379446640304,0.00337182020961079,0.040348473821653325,0.04243072782398625,0.6227272727272727,0.628695652173913,0.020496701934569924,0.01972144096198865
grid_stage1,FORGE,5.0,10,10,2000,40,2,0.3956456184387207,0.9743659496307373,0.9412316679954529,0.685005784034729,0.035925302654504776,0.9508179426193237,0.9271766951342892,0.006282303567429554,0.12547529046913905,0.003135716316566179,0.12547529046913905,0.06430550339285261,0.0274384331975955,0.021156129630165946,0.3547036082474227,0.22922831777828365,0.010156515821708064,0.007020799505141885,0.524883508682251,0.9515088796615601,0.9270827770233154,0.7381961941719055,0.0613725371658802,0.9119992256164551,0.948423662334903,0.0744851425068277,0.02786635134152038,0.06968941954802682,0.06968941954802682,0.0487778854447736,0.08868205028763493,0.16316719279446262,0.8653350515463918,0.8374687002048714,0.04766927526369513,0.11735869481172195
grid_stage1,FORGE,10.0,10,20,4500,60,2,0.4595879316329956,0.9754995703697205,0.9459614157676697,0.7175437211990356,0.034426379948854446,0.9531242847442627,0.9390904992291109,0.007147280340964259,0.17229393177055347,0.0022188057606918905,0.17229393177055347,0.08725636876562268,0.0332557688578631,0.02610848851689884,0.4490979381443299,0.27680400637377645,0.011296359305886355,0.009077553545194465,0.5016899704933167,0.9477538466453552,0.9222148060798645,0.7247219085693359,0.06716062873601913,0.9054237604141235,0.9418091672652698,0.07534584979728468,0.03679412655090919,0.07146263701001264,0.07146263701001264,0.054128381780460914,0.09280266304699114,0.16814851284427582,0.8530927835051546,0.8162986569542454,0.05265396393331065,0.12411660094332329
confirm_stage2,FORGE,5.0,10,30,2000,40,3,0.49851980805397034,0.9885495901107788,0.9748620986938477,0.7435346841812134,0.01711519993841648,0.9776103496551514,0.9586146366863932,0.006053904784927322,0.0923831647642901,0.0028185478801155987,0.0923831647642901,0.047600856322202845,0.013711327585302297,0.01976523237022962,0.35103626943005184,0.44341943419434193,0.004349779814864743,0.007168327694980342,0.4126860499382019,0.9648045897483826,0.9493827819824219,0.6887453198432922,0.04672272875905037,0.9335888624191284,0.9583071143195705,0.05045506258624375,0.02999031285649645,0.04955785111719244,0.04955785111719244,0.03977408198684444,0.06010948075342346,0.11056454333966721,0.8199481865284974,0.8499384993849939,0.03902219825649322,0.08858004937368566
grid_stage1,FORGE,0.0,15,10,2000,40,2,0.0023806372191756964,0.9703408479690552,0.9149209260940552,0.48636072874069214,0.04927971214056015,0.9423943161964417,0.7335203626592198,0.00040587981509685437,0.002048713862963806,0.00029842999306999745,0.002048713862963806,0.0011735719280169018,0.00027470751729041434,0.0006805873323872687,0.0,0.002048713862963806,0.00028921401837359647,0.0005876440114435939,0.48810210824012756,0.943342924118042,0.9172784090042114,0.7157225012779236,0.06758847832679749,0.8979777097702026,0.9342645333073487,0.07728825400163912,0.007131777124337879,0.07079820680231538,0.07079820680231538,0.03896499196332663,0.10128627755154805,0.17857453155318717,0.845360824742268,0.8524926018666059,0.0619938754678462,0.1327920822701616
grid_stage1,FORGE,0.0,15,30,4500,60,1,0.39161446690559387,0.9704245328903198,0.9328542351722717,0.6810194849967957,0.042984623461961746,0.943591296672821,0.8790546772410216,0.010734944337344017,0.21177231319555928,0.011231191959168732,0.21177231319555928,0.111501752577364,0.03290544483002181,0.02217050049267779,0.41731724627395317,0.2055449330783939,0.015519676446042241,0.004288484486873508,0.5675552487373352,0.9713320136070251,0.9451230764389038,0.7694436311721802,0.042029980570077896,0.9462286829948425,0.9297312789641313,0.040612245260610406,0.038717368677458563,0.015786979701882847,0.038717368677458563,0.027252174189670707,0.04015293431194914,0.08076517957255955,0.5184528034066714,0.55717017208413,0.018520896193105218,0.034307875894988064
grid_stage1,FORGE,0.0,15,10,4500,60,1,0.08730249851942062,0.9664309620857239,0.9093672037124634,0.5268667340278625,0.0529993437230587,0.9352437257766724,0.7640836631281828,0.007193898543851692,0.04175072295418553,0.0028851160598293525,0.04175072295418553,0.02231791950700744,0.0026256794521389306,0.009819577995990623,0.0205819730305181,0.06233269598470363,0.0018135712910059703,0.004698687350835323,0.501603901386261,0.9356168508529663,0.9074452519416809,0.718610405921936,0.08019133657217026,0.8859647512435913,0.9500736883468894,0.05400818504995003,0.03587060511027851,0.022555647751802854,0.03587060511027851,0.02921312643104068,0.1382550747781224,0.19226325982807244,0.9073811213626686,0.8715105162523901,0.10346985940810169,0.12602550715990454
grid_stage1,FORGE,0.0,10,10,2000,40,0,0.237023264169693,0.9806020855903625,0.9542601108551025,0.608812689781189,0.029293248429894447,0.9621661305427551,0.898623420637862,0.008066106610516748,0.1436871823828345,0.0038966870827923036,0.1436871823828345,0.07379193473281341,0.018750802688471253,0.010684696077954504,0.2519480519480519,0.1082608695652174,0.010801717650183718,0.006905030567391415,0.49577754735946655,0.9658908843994141,0.9492366313934326,0.7308342456817627,0.04780467972159386,0.9361040592193604,0.9669312889049625,0.0004080243479825246,0.038537549407114624,0.0055054778118075465,0.038537549407114624,0.022021513609461085,0.0915278907487478,0.09111986640076528,0.8636363636363636,0.9021739130434783,0.0652087299127894,0.05970325210098186
grid_stage1,FORGE,0.0,5,20,2000,40,2,0.20798759162425995,0.9716861844062805,0.9279611110687256,0.5898368954658508,0.043981343507766724,0.9453269243240356,0.897712601181264,0.0032710717372577084,0.03034364065605777,4.3830470580086094e-05,0.03034364065605777,0.015193735563318928,0.010051063279684571,0.01332213501694228,0.10760309278350516,0.13794673343956293,0.004899625723035046,0.00485579525245496,0.38043320178985596,0.9278028011322021,0.8964635133743286,0.654118001461029,0.08020047843456268,0.8706755638122559,0.9043240151043068,0.010575153910255236,0.033233298171176706,0.004973143050159293,0.033233298171176706,0.019103220610668,0.14590201021265595,0.15647716412291118,0.7129510309278351,0.6797177327566584,0.11595780877849608,0.12093095182865538
grid_stage1,FORGE,0.0,5,10,2000,40,1,0.19453021883964539,0.9694275856018066,0.9191294312477112,0.5819789171218872,0.046401187777519226,0.9410910606384277,0.8985449687591203,0.0036947638596720855,0.13770068678951347,0.000514754356409142,0.13770068678951347,0.0691077205729613,0.009980652888247397,0.006285889028575312,0.19907735982966643,0.061376673040152964,0.0014283880079604546,0.0009136336515513126,0.47383370995521545,0.9325781464576721,0.9028012752532959,0.703205943107605,0.0816817358136177,0.8804723024368286,0.9243421446909368,0.02251741806701857,0.017722589146255907,0.009591164534777805,0.017722589146255907,0.013656876840516856,0.15156773024598472,0.17408514831300329,0.8406671398154719,0.822944550669216,0.12040187455864415,0.11081071002386635
grid_stage1,FORGE,10.0,10,10,4500,60,1,0.4000343680381775,0.970453143119812,0.9334275722503662,0.6852437257766724,0.043051403015851974,0.9436800479888916,0.8804836074333711,0.008434908131700884,0.21233941325024733,0.00916790605082489,0.21233941325024733,0.1107536596505361,0.03296686423241102,0.024531956100710135,0.42725337118523776,0.21491395793499043,0.015134493162996726,0.0059665871121718375,0.42713361978530884,0.9240970611572266,0.8918393850326538,0.6756153106689453,0.09052890539169312,0.8659547567367554,0.9098871424506264,0.023786837597935484,0.0881766627267756,0.05132907193045007,0.0881766627267756,0.06975286732861283,0.18037342996652642,0.15658659236859093,0.8271823988644429,0.7390057361376673,0.15112024138152405,0.09979116945107398
grid_stage1,FORGE,0.0,5,20,4500,60,1,0.20554578304290771,0.9697766304016113,0.9201708436012268,0.5876612067222595,0.044832777231931686,0.9417685866355896,0.9087680066101579,0.0023523301385682633,0.12065918765868691,0.00048690508028252286,0.12065918765868691,0.06057304636948472,0.009504652519730983,0.0071523223811627195,0.19446415897799857,0.07380497131931166,0.0011395005456763176,0.0006525954653937947,0.269969642162323,0.9297845363616943,0.8869562745094299,0.599877119064331,0.09562231600284576,0.8718908429145813,0.7996054909760002,0.011795063966316688,0.022722948757441574,0.024509109406531226,0.024509109406531226,0.0236160290819864,0.1161747996191997,0.10437973565288301,0.3797019162526615,0.3569789674952199,0.10425627527765295,0.07974716587112173
grid_stage1,FORGE,10.0,15,30,750,20,1,0.39161446690559387,0.9704245328903198,0.9328542351722717,0.6810194849967957,0.042984623461961746,0.943591296672821,0.8790546772410216,0.010734944337344017,0.21177231319555928,0.011231191959168732,0.21177231319555928,0.111501752577364,0.03290544483002181,0.02217050049267779,0.41731724627395317,0.2055449330783939,0.015519676446042241,0.004288484486873508,0.5732179284095764,0.9715684056282043,0.9457116723060608,0.7723931670188904,0.04120884835720062,0.9466884136199951,0.9360818523180394,0.03677283297978535,0.02747361607367005,0.011996976429969955,0.02747361607367005,0.019735296251820002,0.04254829100512852,0.07932112398491387,0.5337118523775728,0.5611854684512428,0.02033446748411119,0.032331443914081145
grid_stage1,FORGE,10.0,5,20,2000,40,0,0.33688995242118835,0.9820393919944763,0.9591842889785767,0.6594646573066711,0.02830355241894722,0.9650260806083679,0.9236123780546126,0.0048521411213461214,0.08586674195369845,0.0008550411325133778,0.08586674195369845,0.04336089154310591,0.01455541761205531,0.01940755873340143,0.19935064935064936,0.2852173913043478,0.00825623090884944,0.009111272041362818,0.3570663332939148,0.942703127861023,0.9219563603401184,0.6498847007751465,0.08039873093366623,0.8947829604148865,0.9218054293593484,0.05513229673731772,0.05626764539808016,0.05833665773343946,0.05833665773343946,0.05730215156575981,0.15959587311100645,0.10446357637368874,0.8584415584415584,0.8021739130434783,0.1357740493160388,0.07743739158259932
grid_stage1,FORGE,0.0,10,10,4500,60,0,0.237023264169693,0.9806020855903625,0.9542601108551025,0.608812689781189,0.029293248429894447,0.9621661305427551,0.898623420637862,0.008066106610516748,0.1436871823828345,0.0038966870827923036,0.1436871823828345,0.07379193473281341,0.018750802688471253,0.010684696077954504,0.2519480519480519,0.1082608695652174,0.010801717650183718,0.006905030567391415,0.4983194172382355,0.9661946892738342,0.949619710445404,0.732257068157196,0.049195948988199234,0.9366576075553894,0.968916177988459,0.011308269595501963,0.03962732919254652,0.006586290165139848,0.03962732919254652,0.023106809678843186,0.08440001712402072,0.09570828671952268,0.8642857142857143,0.9039130434782608,0.05781575102926203,0.06440204119440188
grid_stage1,FORGE,5.0,15,10,4500,60,2,0.0023806372191756964,0.9703408479690552,0.9149209260940552,0.48636072874069214,0.04927971214056015,0.9423943161964417,0.7335203626592198,0.00040587981509685437,0.002048713862963806,0.00029842999306999745,0.002048713862963806,0.0011735719280169018,0.00027470751729041434,0.0006805873323872687,0.0,0.002048713862963806,0.00028921401837359647,0.0005876440114435939,0.4568668305873871,0.9345689415931702,0.9072183966636658,0.6957178711891174,0.08057144284248352,0.8832078576087952,0.9346098853761061,0.026719292755930296,0.07474219470525978,0.02214450469424077,0.07474219470525978,0.048443349699750275,0.14368819080860964,0.17040748356453994,0.9017396907216495,0.8269974960163897,0.10365770670296019,0.12580221139720096
grid_stage1,FORGE,10.0,5,30,750,20,0,0.34161266684532166,0.9826827049255371,0.9599721431732178,0.6621477007865906,0.027543306350708008,0.9662530422210693,0.927541268650471,0.007320268634508362,0.10796725014116318,0.0026277414271205545,0.10796725014116318,0.055297495784141865,0.01166573911554433,0.018986007750052693,0.18246753246753247,0.29043478260869565,0.005843552171410864,0.008471293598531418,0.29986730217933655,0.9695203900337219,0.9457972645759583,0.6346938610076904,0.04547296464443207,0.941584050655365,0.8835501886467251,0.0039532466424682736,0.20252964426877473,0.012795386617164603,0.20252964426877473,0.10766251544296968,0.050259000813390985,0.04630575417092271,0.2318181818181818,0.43434782608695655,0.04407012262605693,0.03127473600889233
grid_stage1,FORGE,10.0,15,10,750,20,1,0.08730249851942062,0.9664309620857239,0.9093672037124634,0.5268667340278625,0.0529993437230587,0.9352437257766724,0.7640836631281828,0.007193898543851692,0.04175072295418553,0.0028851160598293525,0.04175072295418553,0.02231791950700744,0.0026256794521389306,0.009819577995990623,0.0205819730305181,0.06233269598470363,0.0018135712910059703,0.004698687350835323,0.34079205989837646,0.9669381380081177,0.926295280456543,0.6538650989532471,0.049112915992736816,0.9370342493057251,0.8462661536173678,0.0472336214186984,0.29411174001604,0.020469569869474347,0.29411174001604,0.15729065494275718,0.008184135368362867,0.05541775678706126,0.05961674946770759,0.35372848948374763,0.0058579957629838865,0.026327565632458232
grid_stage1,FORGE,5.0,5,30,750,20,1,0.22323760390281677,0.9700984954833984,0.9216201305389404,0.5966680645942688,0.04371148720383644,0.9424138069152832,0.910535126741706,0.001038298012952736,0.10907509360068501,0.0003672427281333795,0.10907509360068501,0.054721168164409195,0.009719620428093234,0.008681322415140498,0.19836763662171752,0.08929254302103251,0.0011876484560570072,0.0008204057279236277,0.30514591932296753,0.9518466591835022,0.9098696112632751,0.6284962892532349,0.05720073729753494,0.9099348187446594,0.9003365855839605,0.014851115396204186,0.15156919394170498,0.006247022595657292,0.15156919394170498,0.07890810826868114,0.05765746399287535,0.07250857938907954,0.20617459190915544,0.3577437858508604,0.050940489182769465,0.04469346658711217
grid_stage1,FORGE,0.0,15,10,750,20,1,0.08730249851942062,0.9664309620857239,0.9093672037124634,0.5268667340278625,0.0529993437230587,0.9352437257766724,0.7640836631281828,0.007193898543851692,0.04175072295418553,0.0028851160598293525,0.04175072295418553,0.02231791950700744,0.0026256794521389306,0.009819577995990623,0.0205819730305181,0.06233269598470363,0.0018135712910059703,0.004698687350835323,0.610020637512207,0.9686669707298279,0.9453874230384827,0.7893438339233398,0.0460740402340889,0.9419943690299988,0.9446092736962733,0.04639896208368011,0.05810760380889313,0.021300456482026386,0.05810760380889313,0.03970403014545976,0.061803273654147346,0.10820223573782746,0.7366926898509581,0.678585086042065,0.03128009244398793,0.05258054892601432
grid_stage1,FORGE,0.0,15,20,2000,40,0,0.3152371346950531,0.9839828610420227,0.960291862487793,0.6496099829673767,0.02587682008743286,0.9686978459358215,0.9071000709355523,0.010248697734598074,0.35211180124223607,0.001142810073930892,0.35211180124223607,0.1766273056580835,0.016117984502761248,0.005869286768163172,0.4142857142857143,0.06217391304347826,0.002545486741334278,0.00368829681526517,0.4801543056964874,0.965535581111908,0.9483404159545898,0.7228449583053589,0.04714363068342209,0.9353567957878113,0.9569339950663924,0.0008421739539981321,0.013845285149633013,0.003128888829866755,0.013845285149633013,0.008487086989749884,0.0884455670191361,0.08928774097313423,0.8344155844155844,0.8482608695652174,0.06301739784851033,0.05988850901864358
grid_stage1,FORGE,0.0,5,20,4500,60,2,0.20798759162425995,0.9716861844062805,0.9279611110687256,0.5898368954658508,0.043981343507766724,0.9453269243240356,0.897712601181264,0.0032710717372577084,0.03034364065605777,4.3830470580086094e-05,0.03034364065605777,0.015193735563318928,0.010051063279684571,0.01332213501694228,0.10760309278350516,0.13794673343956293,0.004899625723035046,0.00485579525245496,0.3184051811695099,0.9039206504821777,0.8703973293304443,0.6111629009246826,0.10490811616182327,0.8315819501876831,0.8750263797851758,0.0006420665144973026,0.11233495004939908,0.001566894598268087,0.11233495004939908,0.056950922323833586,0.19017839829358155,0.18953633177908424,0.7528994845360825,0.6405645344866834,0.16046274242939776,0.15889584783112967
grid_stage1,FORGE,5.0,10,30,4500,60,1,0.4333416521549225,0.9711612462997437,0.9362516403198242,0.7022514343261719,0.04102768003940582,0.9451156854629517,0.9007474184134454,0.013825109193929735,0.2653401311155953,0.013206671132382164,0.2653401311155953,0.13927340112398873,0.03850996529803765,0.024684856104107915,0.4957416607523066,0.2304015296367113,0.017830776144315337,0.004624105011933174,0.5131844878196716,0.9543142914772034,0.9256806969642639,0.7337493896484375,0.06641039252281189,0.9164677262306213,0.9203331031578341,0.010887574087858468,0.006299438056634021,0.017810733666903493,0.017810733666903493,0.012055085861768757,0.10151091729877468,0.11239849138663315,0.6823988644428672,0.6760994263862332,0.07523913462155743,0.05742840095465394
grid_stage1,FORGE,0.0,10,30,2000,40,1,0.4333416521549225,0.9711612462997437,0.9362516403198242,0.7022514343261719,0.04102768003940582,0.9451156854629517,0.9007474184134454,0.013825109193929735,0.2653401311155953,0.013206671132382164,0.2653401311155953,0.13927340112398873,0.03850996529803765,0.024684856104107915,0.4957416607523066,0.2304015296367113,0.017830776144315337,0.004624105011933174,0.5641381144523621,0.9613816142082214,0.935596764087677,0.7627598643302917,0.05418332293629646,0.9290496110916138,0.9379656520511226,0.030371945088666863,0.012777324682761826,0.00010293076177272237,0.012777324682761826,0.006440127722267274,0.08345361299634554,0.11382555808501241,0.6990773598296665,0.7118546845124283,0.05561083648969635,0.05550790572792363
grid_stage1,FORGE,5.0,5,10,4500,60,0,0.346955806016922,0.9814274311065674,0.9589506983757019,0.6641916036605835,0.02983984351158142,0.9638820886611938,0.9066314566794987,0.002099118568193597,0.06730660643704123,0.0014113595020215555,0.06730660643704123,0.03435898296953139,0.018686587610771008,0.020785706178964605,0.2305194805194805,0.29782608695652174,0.011465757669662225,0.01005439816764067,0.31717821955680847,0.9226581454277039,0.9012084603309631,0.619918167591095,0.0904206708073616,0.8610544800758362,0.936242138059315,0.038540712371408714,0.046787125917560735,0.04170260789966633,0.046787125917560735,0.04424486690861353,0.18999100988912196,0.15145029751771324,0.938961038961039,0.8921739130434783,0.16446057815751028,0.12275797025784395
grid_stage1,FORGE,10.0,5,30,4500,60,0,0.34161266684532166,0.9826827049255371,0.9599721431732178,0.6621477007865906,0.027543306350708008,0.9662530422210693,0.927541268650471,0.007320268634508362,0.10796725014116318,0.0026277414271205545,0.10796725014116318,0.055297495784141865,0.01166573911554433,0.018986007750052693,0.18246753246753247,0.29043478260869565,0.005843552171410864,0.008471293598531418,0.22159527242183685,0.9230847358703613,0.8982337713241577,0.5723400115966797,0.09594123810529709,0.8600027561187744,0.878898016942837,0.03730743451039889,0.22360248447204972,0.048636002318920735,0.22360248447204972,0.13611924339548523,0.1656534954407295,0.1283460609303306,0.42857142857142855,0.6521739130434783,0.15669130992961175,0.10805530761069101
grid_stage1,FORGE,0.0,10,20,4500,60,1,0.4078245460987091,0.9703896641731262,0.9338738322257996,0.6891071200370789,0.042411912232637405,0.9435994029045105,0.8935200724238321,0.013503356962885495,0.24837326826858747,0.012763426429763115,0.24837326826858747,0.1305683473491753,0.03674415747934773,0.023240800516462233,0.46061036195883603,0.21223709369024857,0.01757398728895166,0.004810560859188544,0.48645642399787903,0.9419654607772827,0.9123985767364502,0.7142109274864197,0.07430559396743774,0.8957157135009766,0.9267717204621161,0.02373100689995991,0.03641544998215518,0.0047948526991864054,0.03641544998215518,0.020605151340670792,0.1268924853361177,0.1506234922360776,0.7845990063875089,0.7481835564053537,0.09714643384477113,0.09235158114558473
grid_stage1,FORGE,5.0,10,30,750,20,1,0.4333416521549225,0.9711612462997437,0.9362516403198242,0.7022514343261719,0.04102768003940582,0.9451156854629517,0.9007474184134454,0.013825109193929735,0.2653401311155953,0.013206671132382164,0.2653401311155953,0.13927340112398873,0.03850996529803765,0.024684856104107915,0.4957416607523066,0.2304015296367113,0.017830776144315337,0.004624105011933174,0.5939531326293945,0.9687989950180054,0.9444679021835327,0.7813760638237,0.04271818324923515,0.9420508146286011,0.9373406758431643,0.03707201074749179,0.04748943896583968,0.012709801072139433,0.04748943896583968,0.030099620018989557,0.060206369192027764,0.09727837993951956,0.6838183108587651,0.6363288718929254,0.032002311099698276,0.04471211217183771
grid_stage1,FORGE,10.0,10,30,4500,60,0,0.38174694776535034,0.9827846884727478,0.9614923596382141,0.6822658181190491,0.024964751675724983,0.9665021300315857,0.9522072115154704,0.01643107946791872,0.3343817052512705,0.006272311305331079,0.3343817052512705,0.17032700827830077,0.028104799006806798,0.011673719538888079,0.4922077922077922,0.15782608695652173,0.012284740360352384,0.006012429055021305,0.5268252491950989,0.9718083739280701,0.9560443758964539,0.7493168115615845,0.04050957411527634,0.9467872381210327,0.9657027563742369,0.019116563588992233,0.02899491812535293,0.024377616617710214,0.02899491812535293,0.026686267371531572,0.08791044137163406,0.06879387778264183,0.8188311688311688,0.8478260869565217,0.06299526318119439,0.038617646563484175
grid_stage1,FORGE,0.0,10,30,2000,40,2,0.4335537552833557,0.9750722050666809,0.9440678954124451,0.7043129801750183,0.03516032174229622,0.9522460103034973,0.9373574431460245,0.012318103103009754,0.2348858950861375,0.0036013045694949335,0.2348858950861375,0.11924359982781621,0.033546635640876475,0.02122853253786672,0.4568298969072165,0.22194400182107898,0.011194283769989792,0.007592979200494858,0.5463274717330933,0.962073802947998,0.9382705092430115,0.7542006373405457,0.05003733187913895,0.9299995303153992,0.9444537370485748,0.045206241528810656,0.08189589928682228,0.043085910326908755,0.08189589928682228,0.06249090480686552,0.07320147372503394,0.1184077152538446,0.7841494845360825,0.7022535852492602,0.03565838720653283,0.07874429753344159
grid_stage1,FORGE,5.0,15,30,2000,40,0,0.31925612688064575,0.9833953976631165,0.9598676562309265,0.6513257622718811,0.02550709806382656,0.9675815105438232,0.9268103198774967,0.008284388801774735,0.36702428006775834,0.0036709650691762728,0.36702428006775834,0.1853476225684673,0.01690997046106426,0.008625581659289524,0.4344155844155844,0.06739130434782609,0.002678294745229979,0.006349259814406252,0.5799832940101624,0.9831051230430603,0.9688241481781006,0.7815442085266113,0.02501443773508072,0.9675169587135315,0.9597443505611081,0.003950800284383903,0.04003952569169955,9.389964490539096e-05,0.04003952569169955,0.02006671266830247,0.03966351299285072,0.043614313277234626,0.6090909090909091,0.6491304347826087,0.02025322059409447,0.02015932094918908
grid_stage1,FORGE,0.0,15,10,2000,40,1,0.08730249851942062,0.9664309620857239,0.9093672037124634,0.5268667340278625,0.0529993437230587,0.9352437257766724,0.7640836631281828,0.007193898543851692,0.04175072295418553,0.0028851160598293525,0.04175072295418553,0.02231791950700744,0.0026256794521389306,0.009819577995990623,0.0205819730305181,0.06233269598470363,0.0018135712910059703,0.004698687350835323,0.554939329624176,0.9503617286682129,0.9246950149536133,0.7526504993438721,0.06453408300876617,0.9106848835945129,0.9527883726192096,0.06479212498290558,0.030345213168011753,0.03367277450552442,0.03367277450552442,0.032008993836768085,0.10501182323495993,0.1698039482178655,0.8775727466288148,0.847227533460803,0.07007125890736342,0.10374403341288783
grid_stage1,FORGE,5.0,10,20,750,20,2,0.4595879316329956,0.9754995703697205,0.9459614157676697,0.7175437211990356,0.034426379948854446,0.9531242847442627,0.9390904992291109,0.007147280340964259,0.17229393177055347,0.0022188057606918905,0.17229393177055347,0.08725636876562268,0.0332557688578631,0.02610848851689884,0.4490979381443299,0.27680400637377645,0.011296359305886355,0.009077553545194465,0.620846688747406,0.9734718799591064,0.9532825350761414,0.7971593141555786,0.036954667419195175,0.950413167476654,0.9513662183790172,0.016798370321601946,0.09731698860182914,0.013939636602252448,0.09731698860182914,0.05562831260204079,0.06466938142330812,0.08146775174491007,0.7661082474226805,0.6687912588208513,0.02762844504933651,0.041568081651588956
grid_stage1,FORGE,10.0,5,20,2000,40,1,0.20554578304290771,0.9697766304016113,0.9201708436012268,0.5876612067222595,0.044832777231931686,0.9417685866355896,0.9087680066101579,0.0023523301385682633,0.12065918765868691,0.00048690508028252286,0.12065918765868691,0.06057304636948472,0.009504652519730983,0.0071523223811627195,0.19446415897799857,0.07380497131931166,0.0011395005456763176,0.0006525954653937947,0.2222122699022293,0.9231321811676025,0.8776357769966125,0.5726722478866577,0.09899582713842392,0.8600913286209106,0.7716620435443232,0.03077220421714849,0.11831587975144758,0.05061473787810282,0.11831587975144758,0.08446530881477521,0.12957958419064583,0.09880737997349734,0.23101490418736692,0.3493307839388145,0.12499197534826989,0.07437723747016707
grid_stage1,FORGE,5.0,5,20,750,20,2,0.20798759162425995,0.9716861844062805,0.9279611110687256,0.5898368954658508,0.043981343507766724,0.9453269243240356,0.897712601181264,0.0032710717372577084,0.03034364065605777,4.3830470580086094e-05,0.03034364065605777,0.015193735563318928,0.010051063279684571,0.01332213501694228,0.10760309278350516,0.13794673343956293,0.004899625723035046,0.00485579525245496,0.42465999722480774,0.9608349204063416,0.9301365613937378,0.6927474737167358,0.051504526287317276,0.9266622066497803,0.9160279911173294,0.0011073648233969335,0.03500553539956963,0.002847457307845677,0.03500553539956963,0.018926496353707654,0.06963027600025855,0.07073764082365548,0.49323453608247425,0.4582290006829046,0.04726097312010888,0.0444135158122632
grid_stage1,FORGE,10.0,5,10,750,20,2,0.22629240155220032,0.9717442989349365,0.9290639162063599,0.5990183353424072,0.04487987607717514,0.945479691028595,0.8796892788735514,0.0030826355768103653,0.010033681747672607,0.0007680184999313468,0.010033681747672607,0.005400850123801977,0.011586193523366298,0.014668829100176663,0.1333762886597938,0.14340997040746642,0.0051548145627764545,0.005922833062707801,0.43982356786727905,0.9599921107292175,0.9302102327346802,0.6999078392982483,0.051464468240737915,0.9253180623054504,0.9183280894681985,0.046230698447614835,0.19382097455886943,0.04414921491760858,0.19382097455886943,0.11898509473823901,0.10044599573395385,0.05421529728633902,0.6256443298969072,0.4318233553380378,0.07271180673698537,0.028562591819376787
grid_stage1,FORGE,0.0,10,10,4500,60,1,0.4000343680381775,0.970453143119812,0.9334275722503662,0.6852437257766724,0.043051403015851974,0.9436800479888916,0.8804836074333711,0.008434908131700884,0.21233941325024733,0.00916790605082489,0.21233941325024733,0.1107536596505361,0.03296686423241102,0.024531956100710135,0.42725337118523776,0.21491395793499043,0.015134493162996726,0.0059665871121718375,0.5115257501602173,0.9384138584136963,0.9107047915458679,0.7249698042869568,0.07834827154874802,0.8906184434890747,0.9525242873876286,0.038393189966251684,0.08277883097867167,0.00862173657140608,0.08277883097867167,0.045700283775038875,0.14078862512667753,0.17918181509292921,0.936124911284599,0.8533460803059273,0.10481800089876099,0.11343973747016707
grid_stage1,FORGE,5.0,5,20,2000,40,2,0.20798759162425995,0.9716861844062805,0.9279611110687256,0.5898368954658508,0.043981343507766724,0.9453269243240356,0.897712601181264,0.0032710717372577084,0.03034364065605777,4.3830470580086094e-05,0.03034364065605777,0.015193735563318928,0.010051063279684571,0.01332213501694228,0.10760309278350516,0.13794673343956293,0.004899625723035046,0.00485579525245496,0.38126567006111145,0.9296009540557861,0.898206353187561,0.6554332971572876,0.07987738400697708,0.8735852241516113,0.9039226696929868,0.004427606048713478,0.03322735795701215,0.001410467700323867,0.03322735795701215,0.017318912828668008,0.14472238381487945,0.14914998986359293,0.6997422680412371,0.6665149100842249,0.11541340592038109,0.11400293822005722
grid_stage1,FORGE,5.0,5,10,750,20,1,0.19453021883964539,0.9694275856018066,0.9191294312477112,0.5819789171218872,0.046401187777519226,0.9410910606384277,0.8985449687591203,0.0036947638596720855,0.13770068678951347,0.000514754356409142,0.13770068678951347,0.0691077205729613,0.009980652888247397,0.006285889028575312,0.19907735982966643,0.061376673040152964,0.0014283880079604546,0.0009136336515513126,0.4071795344352722,0.9489332437515259,0.9137682914733887,0.6780563592910767,0.06083665415644646,0.9059666991233826,0.9110219338831596,0.011967243747804682,0.15617330273698032,0.018200171068721203,0.15617330273698032,0.08718673690285077,0.08802935847434204,0.09999660222214672,0.3960255500354862,0.5521988527724665,0.0740996340758811,0.0558994630071599
grid_stage1,FORGE,0.0,5,30,750,20,1,0.22323760390281677,0.9700984954833984,0.9216201305389404,0.5966680645942688,0.04371148720383644,0.9424138069152832,0.910535126741706,0.001038298012952736,0.10907509360068501,0.0003672427281333795,0.10907509360068501,0.054721168164409195,0.009719620428093234,0.008681322415140498,0.19836763662171752,0.08929254302103251,0.0011876484560570072,0.0008204057279236277,0.32216647267341614,0.9496885538101196,0.9089564085006714,0.6359274983406067,0.06089456379413605,0.9063296318054199,0.8997977354949139,0.01922890272405338,0.18424903006756618,0.005180189197539424,0.18424903006756618,0.09471460963255281,0.06415256579553481,0.08338146851958819,0.22320794889992904,0.4074569789674952,0.05695897798035565,0.05177878878281623
grid_stage1,FORGE,0.0,5,10,4500,60,1,0.19453021883964539,0.9694275856018066,0.9191294312477112,0.5819789171218872,0.046401187777519226,0.9410910606384277,0.8985449687591203,0.0036947638596720855,0.13770068678951347,0.000514754356409142,0.13770068678951347,0.0691077205729613,0.009980652888247397,0.006285889028575312,0.19907735982966643,0.061376673040152964,0.0014283880079604546,0.0009136336515513126,0.35448431968688965,0.920415461063385,0.8836811780929565,0.6374498605728149,0.09858919680118561,0.8583008050918579,0.8606196329655328,0.019156592339155287,0.06832341123099661,0.048148484938092595,0.06832341123099661,0.0582359480845446,0.16369806221785463,0.14454146987869934,0.5550035486160397,0.6233269598470363,0.14600051357771074,0.09785202863961814
grid_stage1,FORGE,5.0,15,20,750,20,1,0.3579302728176117,0.9694923758506775,0.9297961592674255,0.6637113094329834,0.04461351037025452,0.9417524337768555,0.8682352152395271,0.008544128382398875,0.17482301023059896,0.009786988061693062,0.17482301023059896,0.09230499914614601,0.029865184411755674,0.0213210560293568,0.3637331440738112,0.18891013384321223,0.01476535918341144,0.004978371121718377,0.579336404800415,0.9670888781547546,0.9419200420379639,0.7732126712799072,0.0444260910153389,0.9389537572860718,0.9450180975986414,0.04462516771839159,0.024560494065058336,0.016639303290543875,0.024560494065058336,0.020599898677801105,0.05902404569603538,0.10364921341442697,0.631653655074521,0.6562141491395793,0.03312576234191436,0.049765065632458236
grid_stage1,FORGE,5.0,10,20,2000,40,1,0.4078245460987091,0.9703896641731262,0.9338738322257996,0.6891071200370789,0.042411912232637405,0.9435994029045105,0.8935200724238321,0.013503356962885495,0.24837326826858747,0.012763426429763115,0.24837326826858747,0.1305683473491753,0.03674415747934773,0.023240800516462233,0.46061036195883603,0.21223709369024857,0.01757398728895166,0.004810560859188544,0.5580787062644958,0.9582564830780029,0.9322811365127563,0.7581676244735718,0.05621957406401634,0.9237184524536133,0.9430766986188786,0.03824093637853433,0.0316224435376512,0.009860433255734893,0.0316224435376512,0.020741438396693047,0.0895494886834751,0.12779042506200944,0.7625975869410929,0.7309751434034417,0.05910958464402645,0.06897001789976134
grid_stage1,FORGE,0.0,10,20,4500,60,0,0.3881899118423462,0.9827015995979309,0.9616404175758362,0.6854457855224609,0.02584860660135746,0.9663545489311218,0.9456632386961407,0.0178632994440101,0.38160926030491243,0.006098123026063773,0.38160926030491243,0.1938536916654881,0.02973158097521298,0.01186828153120288,0.5298701298701298,0.1482608695652174,0.012683164372039488,0.006585041345975715,0.4680672287940979,0.9624906778335571,0.9449752569198608,0.7152789831161499,0.05589013174176216,0.9299229383468628,0.9582625235621602,0.013791568415751479,0.04692264257481649,0.009004718316897323,0.04692264257481649,0.027963680445856905,0.08846697204503617,0.10225854046078765,0.8422077922077922,0.8891304347826087,0.06277391650803489,0.07177863482493221
grid_stage1,FORGE,0.0,5,10,750,20,0,0.346955806016922,0.9814274311065674,0.9589506983757019,0.6641916036605835,0.02983984351158142,0.9638820886611938,0.9066314566794987,0.002099118568193597,0.06730660643704123,0.0014113595020215555,0.06730660643704123,0.03435898296953139,0.018686587610771008,0.020785706178964605,0.2305194805194805,0.29782608695652174,0.011465757669662225,0.01005439816764067,0.38167035579681396,0.9531994462013245,0.9329524636268616,0.6674349308013916,0.05584902688860893,0.9129849076271057,0.9287514309155469,0.041402640372986466,0.18274985883681527,0.0393609482033553,0.18274985883681527,0.11105540352008528,0.12885825591848965,0.08745561554550318,0.8675324675324675,0.6847826086956522,0.10367878170791094,0.06431783350455564
grid_stage1,FORGE,0.0,5,30,4500,60,0,0.34161266684532166,0.9826827049255371,0.9599721431732178,0.6621477007865906,0.027543306350708008,0.9662530422210693,0.927541268650471,0.007320268634508362,0.10796725014116318,0.0026277414271205545,0.10796725014116318,0.055297495784141865,0.01166573911554433,0.018986007750052693,0.18246753246753247,0.29043478260869565,0.005843552171410864,0.008471293598531418,0.24696175754070282,0.9234888553619385,0.8995222449302673,0.5852252840995789,0.09115716069936752,0.8610913753509521,0.8903010663745556,0.04737043253102552,0.05439299830604183,0.053331438239689624,0.05439299830604183,0.053862218272865726,0.17599212295046876,0.12862169041944324,0.6103896103896104,0.6647826086956522,0.16118464739474966,0.10785320915506004
grid_stage1,FORGE,5.0,15,20,750,20,0,0.3152371346950531,0.9839828610420227,0.960291862487793,0.6496099829673767,0.02587682008743286,0.9686978459358215,0.9071000709355523,0.010248697734598074,0.35211180124223607,0.001142810073930892,0.35211180124223607,0.1766273056580835,0.016117984502761248,0.005869286768163172,0.4142857142857143,0.06217391304347826,0.002545486741334278,0.00368829681526517,0.5762364268302917,0.9800525903701782,0.9657469987869263,0.7781444787979126,0.029158059507608414,0.9618986248970032,0.9580665765526118,0.016645168596561392,0.048921513269339356,0.012341402827256358,0.048921513269339356,0.03063145804829786,0.04501476946787106,0.06165993806443245,0.701948051948052,0.7508695652173913,0.022621629996901146,0.034963032824157504
grid_stage1,FORGE,5.0,15,20,2000,40,2,0.037892550230026245,0.9708314538002014,0.9174166321754456,0.5043619871139526,0.04346417635679245,0.9433795213699341,0.8890324580019001,0.002795129438100516,0.04208788407518053,0.0007470240728467683,0.04208788407518053,0.02141745407401365,0.0030702604873634543,0.0002751310492629384,0.04413659793814433,0.002048713862963806,0.0009016672337529772,0.00015464316090620892,0.5358116626739502,0.9574203491210938,0.933281421661377,0.746616005897522,0.05425155535340309,0.921995997428894,0.9329624190394696,0.05827999306152608,0.008400782876225255,0.052051380466453544,0.052051380466453544,0.0302260816713394,0.08005300239157133,0.1383329954530974,0.7912371134020618,0.7828363305258366,0.04249744811160259,0.09454882857805613
grid_stage1,FORGE,0.0,10,10,2000,40,2,0.3956456184387207,0.9743659496307373,0.9412316679954529,0.685005784034729,0.035925302654504776,0.9508179426193237,0.9271766951342892,0.006282303567429554,0.12547529046913905,0.003135716316566179,0.12547529046913905,0.06430550339285261,0.0274384331975955,0.021156129630165946,0.3547036082474227,0.22922831777828365,0.010156515821708064,0.007020799505141885,0.5293822884559631,0.952606737613678,0.9283753037452698,0.7409945130348206,0.06060218811035156,0.9138855338096619,0.9498018403494629,0.05697527825063135,0.03695055219057497,0.051678892500298675,0.051678892500298675,0.04431472234543682,0.09567901234567901,0.15265429059631036,0.867590206185567,0.8306396539949921,0.05491663831235114,0.10659553081264982
grid_stage1,FORGE,0.0,15,10,750,20,0,0.16352201998233795,0.9824618697166443,0.9534501433372498,0.5729919672012329,0.03063560649752617,0.9656441807746887,0.8004947107184416,0.0014757515456185121,0.10735177865612648,0.0019160815098318831,0.10735177865612648,0.05463393008297918,0.006485722847724646,0.005009971302106134,0.1590909090909091,0.05173913043478261,0.0012838107043251139,0.003199892214156997,0.4864266514778137,0.9753050804138184,0.957986056804657,0.7308658361434937,0.037190575152635574,0.9528760313987732,0.9405074656679898,0.022445928186130823,0.03373800112930547,0.019376829500038426,0.03373800112930547,0.02655741531467195,0.043559227706665524,0.06600515589279635,0.6097402597402597,0.6434782608695652,0.024259595378281464,0.04363642487831989
grid_stage1,FORGE,5.0,15,20,4500,60,0,0.3152371346950531,0.9839828610420227,0.960291862487793,0.6496099829673767,0.02587682008743286,0.9686978459358215,0.9071000709355523,0.010248697734598074,0.35211180124223607,0.001142810073930892,0.35211180124223607,0.1766273056580835,0.016117984502761248,0.005869286768163172,0.4142857142857143,0.06217391304347826,0.002545486741334278,0.00368829681526517,0.47893863916397095,0.9693058729171753,0.9519340991973877,0.7241222858428955,0.04547775909304619,0.9420268535614014,0.9497742329097126,0.0020991671552459262,0.2094635798983625,0.008498909277241451,0.2094635798983625,0.10898124458780198,0.07463932531358362,0.07673849246882955,0.6266233766233766,0.8360869565217391,0.05582363097082651,0.04732472169358506
grid_stage1,FORGE,5.0,10,10,750,20,1,0.4000343680381775,0.970453143119812,0.9334275722503662,0.6852437257766724,0.043051403015851974,0.9436800479888916,0.8804836074333711,0.008434908131700884,0.21233941325024733,0.00916790605082489,0.21233941325024733,0.1107536596505361,0.03296686423241102,0.024531956100710135,0.42725337118523776,0.21491395793499043,0.015134493162996726,0.0059665871121718375,0.6288136839866638,0.9710711240768433,0.9488554000854492,0.7999423742294312,0.0444057360291481,0.946325421333313,0.9326364935494846,0.009512264468703652,0.15901965919715788,0.012150389241573505,0.15901965919715788,0.08558502421936569,0.07517734852439886,0.08468961299310251,0.8037615330021292,0.6447418738049713,0.042225717403864674,0.03007532816229117
grid_stage1,FORGE,10.0,5,30,750,20,1,0.22323760390281677,0.9700984954833984,0.9216201305389404,0.5966680645942688,0.04371148720383644,0.9424138069152832,0.910535126741706,0.001038298012952736,0.10907509360068501,0.0003672427281333795,0.10907509360068501,0.054721168164409195,0.009719620428093234,0.008681322415140498,0.19836763662171752,0.08929254302103251,0.0011876484560570072,0.0008204057279236277,0.30161845684051514,0.9508252739906311,0.908685564994812,0.6262218952178955,0.06124342232942581,0.9081201553344727,0.8928952092816569,0.015743407462902738,0.15364489684587068,0.005372090173183859,0.15364489684587068,0.07950849350952727,0.05917759420200842,0.07492100166491115,0.20581973030518097,0.35946462715105165,0.05254541952879245,0.04717332935560859
grid_stage1,FORGE,10.0,15,20,750,20,0,0.3152371346950531,0.9839828610420227,0.960291862487793,0.6496099829673767,0.02587682008743286,0.9686978459358215,0.9071000709355523,0.010248697734598074,0.35211180124223607,0.001142810073930892,0.35211180124223607,0.1766273056580835,0.016117984502761248,0.005869286768163172,0.4142857142857143,0.06217391304347826,0.002545486741334278,0.00368829681526517,0.5570700168609619,0.9794525504112244,0.964489221572876,0.7682613134384155,0.030508702620863914,0.9607269763946533,0.9565090866250617,0.003923159110318403,0.0407509881422925,0.0003932300423098514,0.0407509881422925,0.020572109092301175,0.051008176719893834,0.05493133583021224,0.6727272727272727,0.7134782608695652,0.029815396874584975,0.029422166832275123
grid_stage1,FORGE,0.0,5,10,2000,40,2,0.22629240155220032,0.9717442989349365,0.9290639162063599,0.5990183353424072,0.04487987607717514,0.945479691028595,0.8796892788735514,0.0030826355768103653,0.010033681747672607,0.0007680184999313468,0.010033681747672607,0.005400850123801977,0.011586193523366298,0.014668829100176663,0.1333762886597938,0.14340997040746642,0.0051548145627764545,0.005922833062707801,0.4106409549713135,0.9335400462150574,0.9036018252372742,0.6720905303955078,0.07355929911136627,0.8805501461029053,0.9158091389444378,0.019498191026150663,0.14291392585674023,0.02031398270674835,0.14291392585674023,0.08161395428174428,0.13513993924116088,0.15463813026731155,0.8105670103092784,0.6676530844525381,0.09947260973120109,0.11978659243794944
grid_stage1,FORGE,0.0,5,30,750,20,0,0.34161266684532166,0.9826827049255371,0.9599721431732178,0.6621477007865906,0.027543306350708008,0.9662530422210693,0.927541268650471,0.007320268634508362,0.10796725014116318,0.0026277414271205545,0.10796725014116318,0.055297495784141865,0.01166573911554433,0.018986007750052693,0.18246753246753247,0.29043478260869565,0.005843552171410864,0.008471293598531418,0.3708065152168274,0.9780654907226562,0.9565528035163879,0.6744359731674194,0.035298507660627365,0.9576087594032288,0.9227188578479428,0.01672313381006852,0.16696781479390177,0.009833484294197453,0.16696781479390177,0.08840064954404961,0.022432467143285242,0.03915560095335376,0.2525974025974026,0.41956521739130437,0.014586745761211209,0.02442023005540866
grid_stage1,FORGE,10.0,10,10,4500,60,0,0.237023264169693,0.9806020855903625,0.9542601108551025,0.608812689781189,0.029293248429894447,0.9621661305427551,0.898623420637862,0.008066106610516748,0.1436871823828345,0.0038966870827923036,0.1436871823828345,0.07379193473281341,0.018750802688471253,0.010684696077954504,0.2519480519480519,0.1082608695652174,0.010801717650183718,0.006905030567391415,0.26093658804893494,0.9217483401298523,0.8983384370803833,0.5913424491882324,0.10592427849769592,0.8584805727005005,0.8819429093340028,0.07776660421335548,0.05743647656691131,0.08106085977197265,0.08106085977197265,0.06924866816944197,0.20030823237296116,0.12254162815960569,0.7396103896103896,0.6821739130434783,0.18192483066979503,0.10086397089782238
grid_stage1,FORGE,0.0,10,30,750,20,0,0.38174694776535034,0.9827846884727478,0.9614923596382141,0.6822658181190491,0.024964751675724983,0.9665021300315857,0.9522072115154704,0.01643107946791872,0.3343817052512705,0.006272311305331079,0.3343817052512705,0.17032700827830077,0.028104799006806798,0.011673719538888079,0.4922077922077922,0.15782608695652173,0.012284740360352384,0.006012429055021305,0.5965946912765503,0.9794402718544006,0.9658775925636292,0.7880175113677979,0.029335355386137962,0.9608745574951172,0.9688929707550253,0.008240259611504049,0.08311688311688314,0.0020396407962762347,0.08311688311688314,0.04257826195657969,0.05687315381651612,0.06511341342802017,0.7668831168831168,0.85,0.032670768958342554,0.03471040975461879
grid_stage1,FORGE,5.0,10,20,750,20,1,0.4078245460987091,0.9703896641731262,0.9338738322257996,0.6891071200370789,0.042411912232637405,0.9435994029045105,0.8935200724238321,0.013503356962885495,0.24837326826858747,0.012763426429763115,0.24837326826858747,0.1305683473491753,0.03674415747934773,0.023240800516462233,0.46061036195883603,0.21223709369024857,0.01757398728895166,0.004810560859188544,0.6326391100883484,0.9721474647521973,0.9501100778579712,0.8023933172225952,0.03974318131804466,0.9482207894325256,0.9466004961047928,0.010031607556401256,0.13180713441451908,0.012805118948320936,0.13180713441451908,0.07230612668142,0.07127721647268372,0.08130882402908497,0.7725337118523776,0.6407265774378585,0.03956153302946652,0.026756414081145586
grid_stage1,FORGE,0.0,10,30,750,20,2,0.4335537552833557,0.9750722050666809,0.9440678954124451,0.7043129801750183,0.03516032174229622,0.9522460103034973,0.9373574431460245,0.012318103103009754,0.2348858950861375,0.0036013045694949335,0.2348858950861375,0.11924359982781621,0.033546635640876475,0.02122853253786672,0.4568298969072165,0.22194400182107898,0.011194283769989792,0.007592979200494858,0.6090130805969238,0.9747475385665894,0.9538076519966125,0.7918803095817566,0.035850170999765396,0.9525591731071472,0.9500027837292314,0.018066435343143894,0.018644718870931,0.011458138730384908,0.018644718870931,0.015051428800657954,0.05455368108073169,0.07262011642387559,0.65625,0.637605281129069,0.022779857094249744,0.03423799582463465
grid_stage1,FORGE,0.0,10,30,4500,60,0,0.38174694776535034,0.9827846884727478,0.9614923596382141,0.6822658181190491,0.024964751675724983,0.9665021300315857,0.9522072115154704,0.01643107946791872,0.3343817052512705,0.006272311305331079,0.3343817052512705,0.17032700827830077,0.028104799006806798,0.011673719538888079,0.4922077922077922,0.15782608695652173,0.012284740360352384,0.006012429055021305,0.4981222450733185,0.967160701751709,0.950544536113739,0.7326414585113525,0.046004846692085266,0.9383550882339478,0.9661616555979309,0.03162692544597169,0.03778656126482205,0.03773445816535688,0.03778656126482205,0.037760509715089464,0.10539834753200052,0.07377142208602883,0.8409090909090909,0.878695652173913,0.08032670768958343,0.04259224952422655
confirm_stage2,FORGE,10.0,10,30,4500,60,4,0.47752416133880615,0.9805957674980164,0.9558358788490295,0.7290599346160889,0.028125954791903496,0.962581217288971,0.9423369352792333,0.006967943681946646,0.09920580949142666,0.005298125894302827,0.09920580949142666,0.05225196769286474,0.019025514457102696,0.025993458139049342,0.2886554621848739,0.3878612716763006,0.008112106936956855,0.0028139810426540284,0.5599096417427063,0.972068190574646,0.9517828226089478,0.7659889459609985,0.04021863266825676,0.9474704265594482,0.9461773406587295,0.015675865998120514,0.027748093457035994,0.02946631564554509,0.02946631564554509,0.02860720455129054,0.07773655219757768,0.06206068619945716,0.6953781512605042,0.6676300578034682,0.05273719834696689,0.023270882701421802
grid_stage1,FORGE,5.0,15,10,4500,60,1,0.08730249851942062,0.9664309620857239,0.9093672037124634,0.5268667340278625,0.0529993437230587,0.9352437257766724,0.7640836631281828,0.007193898543851692,0.04175072295418553,0.0028851160598293525,0.04175072295418553,0.02231791950700744,0.0026256794521389306,0.009819577995990623,0.0205819730305181,0.06233269598470363,0.0018135712910059703,0.004698687350835323,0.5120654106140137,0.938788652420044,0.9110902547836304,0.7254270315170288,0.07625549286603928,0.8912233710289001,0.9511084337085989,0.07676557515600012,0.034945386595594874,0.04684841953813859,0.04684841953813859,0.04089690306686673,0.1215797070294506,0.19834528218545072,0.9020581973030518,0.8671128107074569,0.08628105540219555,0.13312947494033414
grid_stage1,FORGE,5.0,15,30,2000,40,2,0.15433403849601746,0.9715830683708191,0.9247919917106628,0.5629585385322571,0.04089541733264923,0.9450138211250305,0.9143502973441526,0.009877045925948241,0.17537558287434787,0.0013179501536000168,0.17537558287434787,0.08834676651397394,0.012975890375541336,0.0030988444495930957,0.19039948453608246,0.015023901661734578,0.003606668935011909,0.002288718781411892,0.5372697114944458,0.9690985083580017,0.9443744421005249,0.7531840801239014,0.043629907071590424,0.942065954208374,0.9335792194204967,0.013995586420581428,0.07565346755968372,0.011444942233360317,0.07565346755968372,0.04354920489652202,0.060564927929674876,0.0745605143502563,0.6317654639175257,0.556111996357842,0.030401497107859818,0.041846439341220135
grid_stage1,FORGE,10.0,5,20,4500,60,1,0.20554578304290771,0.9697766304016113,0.9201708436012268,0.5876612067222595,0.044832777231931686,0.9417685866355896,0.9087680066101579,0.0023523301385682633,0.12065918765868691,0.00048690508028252286,0.12065918765868691,0.06057304636948472,0.009504652519730983,0.0071523223811627195,0.19446415897799857,0.07380497131931166,0.0011395005456763176,0.0006525954653937947,0.2740878164768219,0.928915798664093,0.8864112496376038,0.6015018224716187,0.09652624279260635,0.8705116510391235,0.8023950960658337,0.01167964459446083,0.03347491610203185,0.028415225941634467,0.03347491610203185,0.030945071021833158,0.11901544697970089,0.10733580238524006,0.35486160397445,0.38833652007648184,0.10834884766001156,0.07993362171837709
grid_stage1,FORGE,0.0,5,30,2000,40,2,0.2101784497499466,0.9716383218765259,0.928041398525238,0.590908408164978,0.04357720911502838,0.9452429413795471,0.905545870987222,0.004172852737218062,0.0456261249738924,1.4468527788426798e-05,0.0456261249738924,0.022820296750840414,0.00987331135673195,0.014046164093950013,0.10051546391752578,0.14614158889141818,0.005086764205512079,0.0050722956777236525,0.3641113340854645,0.9410969018936157,0.9080619812011719,0.6526041030883789,0.07179370522499084,0.8921812772750854,0.9002864628914198,0.02059996429152801,0.10527650890240092,0.022073541952166528,0.10527650890240092,0.06367502542728373,0.1231659233404434,0.1025659590489154,0.6008376288659794,0.49556111996357843,0.09794147669275263,0.0758679347405861
grid_stage1,FORGE,5.0,5,30,4500,60,0,0.34161266684532166,0.9826827049255371,0.9599721431732178,0.6621477007865906,0.027543306350708008,0.9662530422210693,0.927541268650471,0.007320268634508362,0.10796725014116318,0.0026277414271205545,0.10796725014116318,0.055297495784141865,0.01166573911554433,0.018986007750052693,0.18246753246753247,0.29043478260869565,0.005843552171410864,0.008471293598531418,0.2518981695175171,0.9326220154762268,0.9085067510604858,0.5922601222991943,0.0825248658657074,0.876378059387207,0.8955636424907943,0.03408237659718333,0.21113495200451726,0.04503040864599543,0.21113495200451726,0.12808268032525635,0.149214435549467,0.11513205895228368,0.461038961038961,0.6721739130434783,0.13858515206516447,0.09355474341916904
grid_stage1,FORGE,10.0,10,30,4500,60,2,0.4335537552833557,0.9750722050666809,0.9440678954124451,0.7043129801750183,0.03516032174229622,0.9522460103034973,0.9373574431460245,0.012318103103009754,0.2348858950861375,0.0036013045694949335,0.2348858950861375,0.11924359982781621,0.033546635640876475,0.02122853253786672,0.4568298969072165,0.22194400182107898,0.011194283769989792,0.007592979200494858,0.5273086428642273,0.9603863954544067,0.9355908036231995,0.7438474893569946,0.05357663333415985,0.9268989562988281,0.9351539992237325,0.05166327941238749,0.018958010166126527,0.04658084576338907,0.04658084576338907,0.0327694279647578,0.07014737250339345,0.12181065191578094,0.7232603092783505,0.704302299112224,0.03565838720653283,0.0822392329699219
grid_stage1,FORGE,5.0,5,10,2000,40,1,0.19453021883964539,0.9694275856018066,0.9191294312477112,0.5819789171218872,0.046401187777519226,0.9410910606384277,0.8985449687591203,0.0036947638596720855,0.13770068678951347,0.000514754356409142,0.13770068678951347,0.0691077205729613,0.009980652888247397,0.006285889028575312,0.19907735982966643,0.061376673040152964,0.0014283880079604546,0.0009136336515513126,0.33933019638061523,0.9367117285728455,0.8979359865188599,0.6380209922790527,0.0833488255739212,0.8844888210296631,0.8673925498886961,0.009615817756431042,0.3188198782207253,0.028090262259407917,0.3188198782207253,0.1734550702400666,0.10536498479869791,0.11498080255512895,0.24982256919801277,0.568642447418738,0.09883161070809526,0.07074134844868735
grid_stage1,FORGE,10.0,10,20,2000,40,0,0.3881899118423462,0.9827015995979309,0.9616404175758362,0.6854457855224609,0.02584860660135746,0.9663545489311218,0.9456632386961407,0.0178632994440101,0.38160926030491243,0.006098123026063773,0.38160926030491243,0.1938536916654881,0.02973158097521298,0.01186828153120288,0.5298701298701298,0.1482608695652174,0.012683164372039488,0.006585041345975715,0.5041887760162354,0.968343198299408,0.951900064945221,0.736266016960144,0.043070655316114426,0.9404861927032471,0.9641630314686849,0.009416659039714129,0.010208921513269353,0.01370056653438128,0.01370056653438128,0.011954744023825317,0.08996532385804187,0.08054866481832774,0.8480519480519481,0.8582608695652174,0.06412413121430785,0.05042356467992657
grid_stage1,FORGE,10.0,5,20,2000,40,2,0.20798759162425995,0.9716861844062805,0.9279611110687256,0.5898368954658508,0.043981343507766724,0.9453269243240356,0.897712601181264,0.0032710717372577084,0.03034364065605777,4.3830470580086094e-05,0.03034364065605777,0.015193735563318928,0.010051063279684571,0.01332213501694228,0.10760309278350516,0.13794673343956293,0.004899625723035046,0.00485579525245496,0.3723202347755432,0.9203800559043884,0.889001190662384,0.6463501453399658,0.08300916850566864,0.8586855530738831,0.9003203679300711,0.02488880675831759,0.01637900385101887,0.01881440708094144,0.01881440708094144,0.017596705465980154,0.15475728782884104,0.17964609458715863,0.7416237113402062,0.7252447074891873,0.12376658727458319,0.14258099435552463
grid_stage1,FORGE,0.0,10,10,750,20,1,0.4000343680381775,0.970453143119812,0.9334275722503662,0.6852437257766724,0.043051403015851974,0.9436800479888916,0.8804836074333711,0.008434908131700884,0.21233941325024733,0.00916790605082489,0.21233941325024733,0.1107536596505361,0.03296686423241102,0.024531956100710135,0.42725337118523776,0.21491395793499043,0.015134493162996726,0.0059665871121718375,0.6327497959136963,0.9717544317245483,0.9497498273849487,0.8022521138191223,0.043486591428518295,0.9475433230400085,0.935813791564911,0.010578571219188801,0.16388241664144865,0.010569063628861654,0.16388241664144865,0.08722574013515515,0.07290483063599791,0.08348340185518671,0.8026969481902059,0.6388145315487572,0.039898568402131344,0.02932950477326969
grid_stage1,FORGE,5.0,5,30,4500,60,1,0.22323760390281677,0.9700984954833984,0.9216201305389404,0.5966680645942688,0.04371148720383644,0.9424138069152832,0.910535126741706,0.001038298012952736,0.10907509360068501,0.0003672427281333795,0.10907509360068501,0.054721168164409195,0.009719620428093234,0.008681322415140498,0.19836763662171752,0.08929254302103251,0.0011876484560570072,0.0008204057279236277,0.20880645513534546,0.9326121807098389,0.8856302499771118,0.5707093477249146,0.08438318967819214,0.8758025169372559,0.8096798446426838,0.020898949198669567,0.050509494413813416,0.02759723574879308,0.050509494413813416,0.03905336508130325,0.1019869176672911,0.08108796846862153,0.2853087295954578,0.23479923518164436,0.09369583360082172,0.06609859785202864
grid_stage1,FORGE,5.0,10,10,750,20,0,0.237023264169693,0.9806020855903625,0.9542601108551025,0.608812689781189,0.029293248429894447,0.9621661305427551,0.898623420637862,0.008066106610516748,0.1436871823828345,0.0038966870827923036,0.1436871823828345,0.07379193473281341,0.018750802688471253,0.010684696077954504,0.2519480519480519,0.1082608695652174,0.010801717650183718,0.006905030567391415,0.5507729053497314,0.9764401912689209,0.961360514163971,0.7636065483093262,0.03454387187957764,0.9552285671234131,0.9608961230034431,0.0040265839392418165,0.07816487859966115,0.0019407585492968935,0.07816487859966115,0.040052818574479024,0.06194614495483539,0.06597272889407721,0.727922077922078,0.8060869565217391,0.03924476515117978,0.037304006601882884
