experiment,method,sigmoid_k,pca_components,ffnn_epochs,traj_length,synth_pct,seed,alpha_f1_minority,alpha_f1_majority,alpha_f1_weighted,alpha_f1_macro,alpha_brier,alpha_acc,alpha_auc,alpha_dp_diff,alpha_eo_tpr_diff,alpha_eod_fpr_diff,alpha_eod_max_diff,alpha_eod_avg_diff,alpha_dp_rate_g0,alpha_dp_rate_g1,alpha_tpr_g0,alpha_tpr_g1,alpha_fpr_g0,alpha_fpr_g1,beta_f1_minority,beta_f1_majority,beta_f1_weighted,beta_f1_macro,beta_brier,beta_acc,beta_auc,beta_dp_diff,beta_eo_tpr_diff,beta_eod_fpr_diff,beta_eod_max_diff,beta_eod_avg_diff,beta_dp_rate_g0,beta_dp_rate_g1,beta_tpr_g0,beta_tpr_g1,beta_fpr_g0,beta_fpr_g1
grid_stage1,FORGE,0.0,10,10,2000,40,0,0.5376884341239929,0.8859268426895142,0.7992279529571533,0.7118076086044312,0.12694287300109863,0.8170064687728882,0.8539215424089884,0.20979039529010882,0.46190535960838464,0.08561666826905545,0.46190535960838464,0.27376101393872004,0.00414722654224987,0.21393762183235868,0.03225806451612903,0.49416342412451364,0.0005841121495327102,0.08620078041858815,0.6238532066345215,0.8470505475997925,0.7914824485778809,0.735451877117157,0.1544329971075058,0.7825294137001038,0.8455394278973581,0.09145309056293749,0.07439975613692196,0.004410989513746827,0.07439975613692196,0.03940537282533439,0.2669777086573354,0.3584307992202729,0.7880184331797235,0.7136186770428016,0.20093457943925233,0.1965235899255055
grid_stage1,FORGE,0.0,10,10,2000,40,1,0.5519713163375854,0.8822606205940247,0.8000304698944092,0.7171159982681274,0.1293327361345291,0.8135256171226501,0.8476756952621987,0.23075676335462894,0.46444021325209445,0.10486639944496942,0.46444021325209445,0.2846533063485319,0.01080802882141019,0.24156479217603913,0.0594059405940594,0.5238461538461539,0.005169442848937392,0.11003584229390681,0.6317606568336487,0.8509895205497742,0.7964094281196594,0.7413750886917114,0.1456647664308548,0.787833571434021,0.8629215338865476,0.1486071874838773,0.04194211728865194,0.048128933439563204,0.048128933439563204,0.04503552536410757,0.22645393721049922,0.3750611246943765,0.7673267326732673,0.7253846153846154,0.1636990235496841,0.2118279569892473
grid_stage1,FORGE,0.0,10,10,2000,40,2,0.5845661759376526,0.8913747668266296,0.8149904608726501,0.7379704713821411,0.12161494791507721,0.827780544757843,0.8598698388171321,0.17307507052392124,0.21334242758460553,0.06972028093743059,0.21334242758460553,0.14153135426101807,0.04776739356178609,0.22084246408570732,0.3037383177570093,0.5170807453416149,0.015771028037383176,0.08549130897481376,0.6496027708053589,0.8625821471214294,0.8095579147338867,0.7560924291610718,0.14191758632659912,0.802585780620575,0.871734252072055,0.10647727798523454,0.06378794914959074,0.0024676096448332796,0.06378794914959074,0.03312777939721201,0.24195223260643822,0.34842951059167276,0.7897196261682243,0.7259316770186336,0.17348130841121495,0.17594891805604823
grid_stage1,FORGE,0.0,10,10,4500,60,0,0.5376884341239929,0.8859268426895142,0.7992279529571533,0.7118076086044312,0.12694287300109863,0.8170064687728882,0.8539215424089884,0.20979039529010882,0.46190535960838464,0.08561666826905545,0.46190535960838464,0.27376101393872004,0.00414722654224987,0.21393762183235868,0.03225806451612903,0.49416342412451364,0.0005841121495327102,0.08620078041858815,0.625568151473999,0.8457757234573364,0.7909519076347351,0.7356719374656677,0.1510639190673828,0.7815349102020264,0.8529162617282746,0.10153656562349367,0.06428302461941227,0.0051455328163695635,0.06428302461941227,0.034714278717890915,0.2654224987039917,0.3669590643274854,0.7880184331797235,0.7237354085603113,0.1991822429906542,0.20432777580702377
grid_stage1,FORGE,0.0,10,10,4500,60,1,0.5519713163375854,0.8822606205940247,0.8000304698944092,0.7171159982681274,0.1293327361345291,0.8135256171226501,0.8476756952621987,0.23075676335462894,0.46444021325209445,0.10486639944496942,0.46444021325209445,0.2846533063485319,0.01080802882141019,0.24156479217603913,0.0594059405940594,0.5238461538461539,0.005169442848937392,0.11003584229390681,0.6329185366630554,0.8478311896324158,0.7943256497383118,0.7403748631477356,0.1486879587173462,0.784850001335144,0.8644902507684156,0.11013543697078221,0.11158415841584157,0.010803126782078454,0.11158415841584157,0.06119364259896001,0.2624806999485332,0.3726161369193154,0.8415841584158416,0.73,0.19529006318207925,0.2060931899641577
grid_stage1,FORGE,0.0,10,10,4500,60,2,0.5845661759376526,0.8913747668266296,0.8149904608726501,0.7379704713821411,0.12161494791507721,0.827780544757843,0.8598698388171321,0.17307507052392124,0.21334242758460553,0.06972028093743059,0.21334242758460553,0.14153135426101807,0.04776739356178609,0.22084246408570732,0.3037383177570093,0.5170807453416149,0.015771028037383176,0.08549130897481376,0.6383103728294373,0.8575718998908997,0.8029836416244507,0.7479411363601685,0.14426189661026,0.7956240773200989,0.8715289787970487,0.09442089222336758,0.06531171997445873,0.00802506688591767,0.06531171997445873,0.0366683934301882,0.2518172377985462,0.3462381300219138,0.780373831775701,0.7150621118012422,0.18574766355140188,0.1777225966654842
grid_stage1,FORGE,0.0,10,10,750,20,0,0.5376884341239929,0.8859268426895142,0.7992279529571533,0.7118076086044312,0.12694287300109863,0.8170064687728882,0.8539215424089884,0.20979039529010882,0.46190535960838464,0.08561666826905545,0.46190535960838464,0.27376101393872004,0.00414722654224987,0.21393762183235868,0.03225806451612903,0.49416342412451364,0.0005841121495327102,0.08620078041858815,0.6118752360343933,0.872647225856781,0.8077243566513062,0.7422612309455872,0.14033354818820953,0.8082214593887329,0.8387940628562344,0.09594250876889823,0.038996575158242064,0.005854797054698921,0.038996575158242064,0.022425686106470492,0.17988595127008813,0.27582846003898637,0.6405529953917051,0.601556420233463,0.12149532710280374,0.12735012415750266
grid_stage1,FORGE,0.0,10,10,750,20,1,0.5519713163375854,0.8822606205940247,0.8000304698944092,0.7171159982681274,0.1293327361345291,0.8135256171226501,0.8476756952621987,0.23075676335462894,0.46444021325209445,0.10486639944496942,0.46444021325209445,0.2846533063485319,0.01080802882141019,0.24156479217603913,0.0594059405940594,0.5238461538461539,0.005169442848937392,0.11003584229390681,0.6005719304084778,0.8590649366378784,0.7947095036506653,0.7298184633255005,0.14197693765163422,0.7916459441184998,0.8396674661108077,0.08866459373313018,0.011957349581111942,0.017751920269939214,0.017751920269939214,0.014854634925525578,0.2125579001544004,0.3012224938875306,0.6188118811881188,0.6307692307692307,0.16542217116599656,0.14767025089605734
grid_stage1,FORGE,0.0,10,10,750,20,2,0.5845661759376526,0.8913747668266296,0.8149904608726501,0.7379704713821411,0.12161494791507721,0.827780544757843,0.8598698388171321,0.17307507052392124,0.21334242758460553,0.06972028093743059,0.21334242758460553,0.14153135426101807,0.04776739356178609,0.22084246408570732,0.3037383177570093,0.5170807453416149,0.015771028037383176,0.08549130897481376,0.62442547082901,0.8731707334518433,0.8112421035766602,0.748798131942749,0.14271576702594757,0.8103762865066528,0.8493741589599799,0.08306765972843264,0.10628664306031232,0.004637879476052015,0.10628664306031232,0.05546226126818217,0.19937694704049844,0.2824446067689311,0.7242990654205608,0.6180124223602484,0.13376168224299065,0.12912380276693863
grid_stage1,FORGE,0.0,10,20,2000,40,0,0.5902534127235413,0.8893800973892212,0.8149083256721497,0.7398167848587036,0.12086278945207596,0.8257914781570435,0.8698467518185861,0.24225009776904677,0.48137495741361686,0.10667143515464157,0.48137495741361686,0.2940231962841292,0.011404872991187144,0.2536549707602339,0.09216589861751152,0.5735408560311284,0.0011682242990654205,0.10783965945370699,0.6110790967941284,0.8432558178901672,0.785452127456665,0.7271674871444702,0.14859803020954132,0.7765622138977051,0.8498655952293139,0.13105448085394064,0.005397263712815348,0.0375037711390995,0.0375037711390995,0.021450517425957424,0.2363919129082426,0.36744639376218324,0.7096774193548387,0.7042801556420234,0.1764018691588785,0.213905640297978
grid_stage1,FORGE,0.0,10,20,2000,40,1,0.598774790763855,0.8891474604606628,0.8168550729751587,0.7439610958099365,0.11917387694120407,0.8262887597084045,0.875586028016496,0.24330447081681214,0.42422696115765424,0.11196589114730338,0.42422696115765424,0.2680964261524788,0.019042717447246525,0.2623471882640587,0.15346534653465346,0.5776923076923077,0.0034462952326249283,0.11541218637992831,0.617582380771637,0.8347970843315125,0.7807184457778931,0.7261897325515747,0.15812653303146362,0.7692690491676331,0.8497617096134015,0.12873080848182994,0.10201827875095193,0.03695894297143115,0.10201827875095193,0.06948861086119154,0.26711271230056616,0.3958435207823961,0.8366336633663366,0.7346153846153847,0.2010338885697875,0.23799283154121864
grid_stage1,FORGE,0.0,10,20,2000,40,2,0.6292645931243896,0.8962664008140564,0.8297925591468811,0.7627655267715454,0.11376059800386429,0.8378915786743164,0.8834218981474269,0.22550019076919808,0.36104661287513784,0.09446641282618282,0.36104661287513784,0.22775651285066034,0.0347871235721703,0.26028731434136837,0.24299065420560748,0.6040372670807453,0.008761682242990653,0.10322809506917346,0.6226258873939514,0.8374243974685669,0.783947229385376,0.7300251722335815,0.15103064477443695,0.7727499008178711,0.8585866237057276,0.10777625314124428,0.026477332094967165,0.004545465847569735,0.026477332094967165,0.01551139897126845,0.2798546209761163,0.3876308741173606,0.7757009345794392,0.7492236024844721,0.21787383177570094,0.22241929762327067
grid_stage1,FORGE,0.0,10,20,4500,60,0,0.5902534127235413,0.8893800973892212,0.8149083256721497,0.7398167848587036,0.12086278945207596,0.8257914781570435,0.8698467518185861,0.24225009776904677,0.48137495741361686,0.10667143515464157,0.48137495741361686,0.2940231962841292,0.011404872991187144,0.2536549707602339,0.09216589861751152,0.5735408560311284,0.0011682242990654205,0.10783965945370699,0.6302306056022644,0.8481234908103943,0.793876051902771,0.7391770482063293,0.1464082896709442,0.7846842408180237,0.8630495174388243,0.12040674955056557,0.07577327906184439,0.02869940457443315,0.07577327906184439,0.05223634181813877,0.2514256091238984,0.37183235867446396,0.8018433179723502,0.7260700389105058,0.1816588785046729,0.21035828307910606
grid_stage1,FORGE,0.0,10,20,4500,60,1,0.598774790763855,0.8891474604606628,0.8168550729751587,0.7439610958099365,0.11917387694120407,0.8262887597084045,0.875586028016496,0.24330447081681214,0.42422696115765424,0.11196589114730338,0.42422696115765424,0.2680964261524788,0.019042717447246525,0.2623471882640587,0.15346534653465346,0.5776923076923077,0.0034462952326249283,0.11541218637992831,0.6355193257331848,0.8478797674179077,0.7950096130371094,0.7416995763778687,0.1478738635778427,0.7853472828865051,0.8671451380503181,0.1317527529706664,0.0695734958111196,0.029169780478816826,0.0695734958111196,0.04937163814496821,0.25064333504889347,0.3823960880195599,0.8118811881188119,0.7423076923076923,0.1855255600229753,0.21469534050179212
grid_stage1,FORGE,0.0,10,20,4500,60,2,0.6292645931243896,0.8962664008140564,0.8297925591468811,0.7627655267715454,0.11376059800386429,0.8378915786743164,0.8834218981474269,0.22550019076919808,0.36104661287513784,0.09446641282618282,0.36104661287513784,0.22775651285066034,0.0347871235721703,0.26028731434136837,0.24299065420560748,0.6040372670807453,0.008761682242990653,0.10322809506917346,0.631813108921051,0.8436836004257202,0.7909354567527771,0.737748384475708,0.1483159214258194,0.7805403470993042,0.8672277910332755,0.1033434293095824,0.0552911127880652,0.0009127399853464391,0.0552911127880652,0.02810192638670582,0.2767393561786085,0.3800827854881909,0.8037383177570093,0.7484472049689441,0.2108644859813084,0.21177722596665485
grid_stage1,FORGE,0.0,10,20,750,20,0,0.5902534127235413,0.8893800973892212,0.8149083256721497,0.7398167848587036,0.12086278945207596,0.8257914781570435,0.8698467518185861,0.24225009776904677,0.48137495741361686,0.10667143515464157,0.48137495741361686,0.2940231962841292,0.011404872991187144,0.2536549707602339,0.09216589861751152,0.5735408560311284,0.0011682242990654205,0.10783965945370699,0.591069757938385,0.8578130006790161,0.7914035320281982,0.724441409111023,0.1407976597547531,0.7889938950538635,0.8371298358607268,0.05952012829724218,0.05970341946242541,0.029960042501980894,0.05970341946242541,0.04483173098220315,0.22654224987039917,0.28606237816764135,0.663594470046083,0.6038910505836576,0.1711448598130841,0.14118481731110322
grid_stage1,FORGE,0.0,10,20,750,20,1,0.598774790763855,0.8891474604606628,0.8168550729751587,0.7439610958099365,0.11917387694120407,0.8262887597084045,0.875586028016496,0.24330447081681214,0.42422696115765424,0.11196589114730338,0.42422696115765424,0.2680964261524788,0.019042717447246525,0.2623471882640587,0.15346534653465346,0.5776923076923077,0.0034462952326249283,0.11541218637992831,0.6212320327758789,0.8717550039291382,0.809383749961853,0.7464935183525085,0.12915052473545074,0.8083872199058533,0.8636092067047512,0.1292072224662037,0.008613861386138622,0.029209513751212057,0.029209513751212057,0.01891168756867534,0.16932578486875965,0.29853300733496335,0.6386138613861386,0.63,0.11487650775416428,0.14408602150537633
grid_stage1,FORGE,0.0,10,20,750,20,2,0.6292645931243896,0.8962664008140564,0.8297925591468811,0.7627655267715454,0.11376059800386429,0.8378915786743164,0.8834218981474269,0.22550019076919808,0.36104661287513784,0.09446641282618282,0.36104661287513784,0.22775651285066034,0.0347871235721703,0.26028731434136837,0.24299065420560748,0.6040372670807453,0.008761682242990653,0.10322809506917346,0.6246753334999084,0.871355414390564,0.8099409341812134,0.7480154037475586,0.1401439756155014,0.8083872199058533,0.8486158086576832,0.05855021477653455,0.0759490915423463,0.040604807829382056,0.0759490915423463,0.05827694968586418,0.2217030114226376,0.28025322619917215,0.705607476635514,0.6296583850931677,0.16121495327102803,0.12061014544164597
grid_stage1,FORGE,0.0,10,30,2000,40,0,0.6013877987861633,0.8908361792564392,0.8187739253044128,0.7461119890213013,0.1187206506729126,0.8286092877388,0.8755487056028584,0.2409336261857339,0.450795244669978,0.10692215374312493,0.450795244669978,0.2788586992065515,0.017107309486780714,0.2580409356725146,0.1336405529953917,0.5844357976653697,0.002336448598130841,0.10925860234125577,0.6053430438041687,0.8518012166023254,0.7904419898986816,0.7285721302032471,0.14408108592033386,0.7845184803009033,0.8493416120520245,0.08685794536453456,0.09673833133102616,0.003177081088607675,0.09673833133102616,0.04995770620981692,0.2379471228615863,0.3248050682261209,0.7465437788018433,0.6498054474708171,0.17348130841121495,0.17665838949982263
grid_stage1,FORGE,0.0,10,30,2000,40,1,0.6109840273857117,0.8919949531555176,0.8220334053039551,0.751489520072937,0.11606191843748093,0.8309298753738403,0.8832425595417395,0.2442311249586315,0.4274028941355674,0.10874008469569049,0.4274028941355674,0.26807148941562897,0.02007205352547607,0.26430317848410756,0.16336633663366337,0.5907692307692308,0.0034462952326249283,0.11218637992831541,0.6154754757881165,0.8499999642372131,0.7916117906570435,0.7327377200126648,0.14614933729171753,0.7841869592666626,0.852864980144182,0.09927229210997537,0.11933739527798937,0.00795838917608016,0.11933739527798937,0.06364789222703476,0.244981986618631,0.34425427872860637,0.7970297029702971,0.6776923076923077,0.18093049971280872,0.18888888888888888
grid_stage1,FORGE,0.0,10,30,2000,40,2,0.6408056616783142,0.8973894119262695,0.8335093259811401,0.7690975666046143,0.1123751550912857,0.840377926826477,0.8870661232679973,0.2390209102762778,0.3999100249608174,0.10037156080402343,0.3999100249608174,0.2501407928824204,0.03271028037383177,0.2717311906501096,0.22897196261682243,0.6288819875776398,0.008177570093457943,0.10854913089748137,0.6447710394859314,0.8565444946289062,0.8038205504417419,0.7506577968597412,0.14372992515563965,0.7956240773200989,0.8632278274740572,0.13087260030932674,0.0630405758402508,0.03301487237802228,0.0630405758402508,0.04802772410913654,0.23727933541017654,0.3681519357195033,0.7990654205607477,0.7360248447204969,0.16705607476635514,0.20007094714437743
grid_stage1,FORGE,0.0,10,30,4500,60,0,0.6013877987861633,0.8908361792564392,0.8187739253044128,0.7461119890213013,0.1187206506729126,0.8286092877388,0.8755487056028584,0.2409336261857339,0.450795244669978,0.10692215374312493,0.450795244669978,0.2788586992065515,0.017107309486780714,0.2580409356725146,0.1336405529953917,0.5844357976653697,0.002336448598130841,0.10925860234125577,0.6123308539390564,0.8525339961051941,0.7927320599555969,0.7324324250221252,0.1471971869468689,0.7863417863845825,0.8476794421974261,0.09974602784826245,0.0911689289748785,0.015174069150258762,0.0911689289748785,0.05317149906256863,0.23431829963711767,0.3340643274853801,0.7557603686635944,0.6645914396887159,0.16822429906542055,0.1833983682156793
grid_stage1,FORGE,0.0,10,30,4500,60,1,0.6109840273857117,0.8919949531555176,0.8220334053039551,0.751489520072937,0.11606191843748093,0.8309298753738403,0.8832425595417395,0.2442311249586315,0.4274028941355674,0.10874008469569049,0.4274028941355674,0.26807148941562897,0.02007205352547607,0.26430317848410756,0.16336633663366337,0.5907692307692308,0.0034462952326249283,0.11218637992831541,0.6106073260307312,0.831849992275238,0.7767685055732727,0.7212286591529846,0.15609851479530334,0.7651251554489136,0.851568760963459,0.12089464153811502,0.07769992383853774,0.026335130594825618,0.07769992383853774,0.05201752721668168,0.27225939269171384,0.39315403422982886,0.806930693069307,0.7292307692307692,0.21022400919012063,0.23655913978494625
grid_stage1,FORGE,0.0,10,30,4500,60,2,0.6408056616783142,0.8973894119262695,0.8335093259811401,0.7690975666046143,0.1123751550912857,0.840377926826477,0.8870661232679973,0.2390209102762778,0.3999100249608174,0.10037156080402343,0.3999100249608174,0.2501407928824204,0.03271028037383177,0.2717311906501096,0.22897196261682243,0.6288819875776398,0.008177570093457943,0.10854913089748137,0.6232582926750183,0.831293523311615,0.7795002460479736,0.7272759079933167,0.15315552055835724,0.7669484615325928,0.860605854446701,0.0975600505784896,0.05067626400417957,0.005485764157104833,0.05067626400417957,0.028081014080642203,0.3032191069574247,0.4007791575359143,0.8177570093457944,0.7670807453416149,0.2389018691588785,0.23341610500177368
grid_stage1,FORGE,0.0,10,30,750,20,0,0.6013877987861633,0.8908361792564392,0.8187739253044128,0.7461119890213013,0.1187206506729126,0.8286092877388,0.8755487056028584,0.2409336261857339,0.450795244669978,0.10692215374312493,0.450795244669978,0.2788586992065515,0.017107309486780714,0.2580409356725146,0.1336405529953917,0.5844357976653697,0.002336448598130841,0.10925860234125577,0.6075268983840942,0.8715071082115173,0.8057855367660522,0.7395169734954834,0.13193850219249725,0.8063981533050537,0.8551483330840275,0.04442769486356293,0.12601983180620058,0.04096223722205462,0.12601983180620058,0.0834910345141276,0.21410057024364956,0.2585282651072125,0.7096774193548387,0.5836575875486382,0.15128504672897197,0.11032280950691735
grid_stage1,FORGE,0.0,10,30,750,20,1,0.6109840273857117,0.8919949531555176,0.8220334053039551,0.751489520072937,0.11606191843748093,0.8309298753738403,0.8832425595417395,0.2442311249586315,0.4274028941355674,0.10874008469569049,0.4274028941355674,0.26807148941562897,0.02007205352547607,0.26430317848410756,0.16336633663366337,0.5907692307692308,0.0034462952326249283,0.11218637992831541,0.628000020980835,0.87690269947052,0.8149349093437195,0.7524513602256775,0.1251969337463379,0.8150174021720886,0.8681988350117155,0.12028912011899023,0.06470677837014471,0.025781335243824366,0.06470677837014471,0.04524405680698454,0.16675244467318578,0.287041564792176,0.6831683168316832,0.6184615384615385,0.10683515221137277,0.13261648745519714
grid_stage1,FORGE,0.0,10,30,750,20,2,0.6408056616783142,0.8973894119262695,0.8335093259811401,0.7690975666046143,0.1123751550912857,0.840377926826477,0.8870661232679973,0.2390209102762778,0.3999100249608174,0.10037156080402343,0.3999100249608174,0.2501407928824204,0.03271028037383177,0.2717311906501096,0.22897196261682243,0.6288819875776398,0.008177570093457943,0.10854913089748137,0.6177049279212952,0.8706743717193604,0.8076940774917603,0.7441896200180054,0.13039672374725342,0.8067296743392944,0.8624588975899419,0.02073771169502414,0.10237563127648464,0.07982838416221037,0.10237563127648464,0.09110200771934751,0.24247144340602284,0.263209155101047,0.7149532710280374,0.6125776397515528,0.18341121495327103,0.10358283079106066
grid_stage1,FORGE,0.0,15,10,2000,40,0,0.5355236530303955,0.8825667500495911,0.7961654663085938,0.7090451717376709,0.13153843581676483,0.812531054019928,0.8388700301312366,0.18999784756517177,0.32963832953791533,0.08465917190758306,0.32963832953791533,0.2071487507227492,0.025401762571280455,0.21539961013645223,0.15207373271889402,0.48171206225680935,0.009345794392523364,0.09400496630010642,0.6293173432350159,0.8375253677368164,0.7856890559196472,0.7334213256835938,0.15024691820144653,0.7740759253501892,0.8599542550637259,0.166464307476831,0.015316753034840147,0.07289466835525288,0.07289466835525288,0.04410571069504651,0.24727838258164853,0.4137426900584795,0.783410138248848,0.7680933852140078,0.17932242990654207,0.25221709826179495
grid_stage1,FORGE,0.0,15,10,2000,40,1,0.581163763999939,0.8842818140983582,0.8088163137435913,0.7327227592468262,0.12417822331190109,0.818664014339447,0.8656664945525441,0.23495363583398243,0.41797410510281796,0.10808314753396371,0.41797410510281796,0.26302862631839086,0.024704065877509007,0.25965770171149144,0.14356435643564355,0.5615384615384615,0.010913268236645606,0.11899641577060932,0.6344864964485168,0.8365119099617004,0.7862148284912109,0.7354992032051086,0.14965660870075226,0.7740759253501892,0.8630060970717773,0.15732370102946192,0.045194211728865175,0.05424126948834662,0.05424126948834662,0.0497177406086059,0.2624806999485332,0.4198044009779951,0.8267326732673267,0.7815384615384615,0.19701321079839174,0.25125448028673836
grid_stage1,FORGE,0.0,15,10,2000,40,2,0.6069950461387634,0.8889124393463135,0.8187251687049866,0.7479537725448608,0.11717680841684341,0.8267859816551208,0.8780226379540735,0.233664202216867,0.37588523828873277,0.10819708884637955,0.37588523828873277,0.24204116356755617,0.03271028037383177,0.2663744825906988,0.21495327102803738,0.5908385093167702,0.009929906542056074,0.11812699538843562,0.6516059041023254,0.8474738597869873,0.7987098097801208,0.749539852142334,0.1448458433151245,0.787833571434021,0.8734850259243836,0.1551313880184807,0.1060181691530736,0.06421296741404289,0.1060181691530736,0.08511556828355825,0.2544132917964694,0.4095446798149501,0.8878504672897196,0.781832298136646,0.17523364485981308,0.23944661227385597
grid_stage1,FORGE,0.0,15,10,4500,60,0,0.5355236530303955,0.8825667500495911,0.7961654663085938,0.7090451717376709,0.13153843581676483,0.812531054019928,0.8388700301312366,0.18999784756517177,0.32963832953791533,0.08465917190758306,0.32963832953791533,0.2071487507227492,0.025401762571280455,0.21539961013645223,0.15207373271889402,0.48171206225680935,0.009345794392523364,0.09400496630010642,0.6296395063400269,0.8333132266998291,0.782605767250061,0.731476366519928,0.15219005942344666,0.7700977921485901,0.8583910483807216,0.13730942614874841,0.09515322132367443,0.04978090096242785,0.09515322132367443,0.07246706114305114,0.27838258164852253,0.41569200779727095,0.8663594470046083,0.7712062256809339,0.2038551401869159,0.25363604114934374
grid_stage1,FORGE,0.0,15,10,4500,60,1,0.581163763999939,0.8842818140983582,0.8088163137435913,0.7327227592468262,0.12417822331190109,0.818664014339447,0.8656664945525441,0.23495363583398243,0.41797410510281796,0.10808314753396371,0.41797410510281796,0.26302862631839086,0.024704065877509007,0.25965770171149144,0.14356435643564355,0.5615384615384615,0.010913268236645606,0.11899641577060932,0.6381028890609741,0.8392580151557922,0.7891775965690613,0.7386804819107056,0.15135273337364197,0.7773910164833069,0.8635007659911114,0.12787021808586274,0.11878141660319874,0.028775124089274295,0.11878141660319874,0.07377827034623652,0.27946474523932063,0.4073349633251834,0.8910891089108911,0.7723076923076924,0.20850086157380815,0.23727598566308244
grid_stage1,FORGE,0.0,15,10,4500,60,2,0.6069950461387634,0.8889124393463135,0.8187251687049866,0.7479537725448608,0.11717680841684341,0.8267859816551208,0.8780226379540735,0.233664202216867,0.37588523828873277,0.10819708884637955,0.37588523828873277,0.24204116356755617,0.03271028037383177,0.2663744825906988,0.21495327102803738,0.5908385093167702,0.009929906542056074,0.11812699538843562,0.6435801982879639,0.8390278816223145,0.7903684377670288,0.7413040399551392,0.14627812802791595,0.7782198190689087,0.8735329279198397,0.13952624005667702,0.07023132292331813,0.040808490781844176,0.07023132292331813,0.05551990685258115,0.2782969885773624,0.4178232286340394,0.8644859813084113,0.7942546583850931,0.2050233644859813,0.24583185526782547
grid_stage1,FORGE,0.0,15,10,750,20,0,0.5355236530303955,0.8825667500495911,0.7961654663085938,0.7090451717376709,0.13153843581676483,0.812531054019928,0.8388700301312366,0.18999784756517177,0.32963832953791533,0.08465917190758306,0.32963832953791533,0.2071487507227492,0.025401762571280455,0.21539961013645223,0.15207373271889402,0.48171206225680935,0.009345794392523364,0.09400496630010642,0.6075373888015747,0.8655986189842224,0.8013506531715393,0.7365679740905762,0.1404791921377182,0.7997679710388184,0.8435854379109322,0.12262625849226486,0.031870752568631255,0.037738327702870694,0.037738327702870694,0.034804540135750975,0.1778123379989632,0.30043859649122806,0.6497695852534562,0.6178988326848249,0.11799065420560748,0.15572898190847817
grid_stage1,FORGE,0.0,15,10,750,20,1,0.581163763999939,0.8842818140983582,0.8088163137435913,0.7327227592468262,0.12417822331190109,0.818664014339447,0.8656664945525441,0.23495363583398243,0.41797410510281796,0.10808314753396371,0.41797410510281796,0.26302862631839086,0.024704065877509007,0.25965770171149144,0.14356435643564355,0.5615384615384615,0.010913268236645606,0.11899641577060932,0.6241925954818726,0.8521940112113953,0.7954298853874207,0.7381932735443115,0.14224520325660706,0.787833571434021,0.8495153669895301,0.18159728295542774,0.07412795125666416,0.07382915516357552,0.07412795125666416,0.07397855321011984,0.19248584662892435,0.3740831295843521,0.6435643564356436,0.7176923076923077,0.1401493394600804,0.21397849462365592
grid_stage1,FORGE,0.0,15,10,750,20,2,0.6069950461387634,0.8889124393463135,0.8187251687049866,0.7479537725448608,0.11717680841684341,0.8267859816551208,0.8780226379540735,0.233664202216867,0.37588523828873277,0.10819708884637955,0.37588523828873277,0.24204116356755617,0.03271028037383177,0.2663744825906988,0.21495327102803738,0.5908385093167702,0.009929906542056074,0.11812699538843562,0.6481647491455078,0.8647159934043884,0.8108024597167969,0.7564404010772705,0.1333112269639969,0.8045748472213745,0.8710226282561235,0.17105966790230495,0.03961804144656644,0.07913839003026858,0.07913839003026858,0.05937821573841751,0.19003115264797507,0.36109082055028,0.7570093457943925,0.717391304347826,0.1191588785046729,0.19829726853494148
grid_stage1,FORGE,0.0,15,20,2000,40,0,0.5733438730239868,0.8864637613296509,0.8085081577301025,0.7299038171768188,0.12234243750572205,0.8206530809402466,0.8658916045434601,0.22222866436871513,0.40416360343560037,0.10045423577658943,0.40416360343560037,0.2523089196060949,0.02021772939346812,0.24244639376218324,0.1382488479262673,0.5424124513618677,0.005257009345794392,0.10571124512238382,0.6015037298202515,0.8399163484573364,0.7805601954460144,0.720710039138794,0.15559197962284088,0.7715895771980286,0.8417055784665544,0.11843621062332696,0.127913356882856,0.04703895130837807,0.127913356882856,0.08747615409561703,0.24364955935717988,0.36208576998050684,0.8018433179723502,0.6739299610894942,0.17289719626168223,0.2199361475700603
grid_stage1,FORGE,0.0,15,20,2000,40,1,0.6033973693847656,0.8852319121360779,0.8150652647018433,0.7443146705627441,0.12030869722366333,0.8219791054725647,0.8755891137278596,0.2523521839416022,0.4168316831683168,0.12170321921855153,0.4168316831683168,0.26926745119343415,0.028821410190427176,0.28117359413202936,0.18316831683168316,0.6,0.010913268236645606,0.13261648745519714,0.6080000400543213,0.8232322931289673,0.7696472406387329,0.7156161665916443,0.15744569897651672,0.7563401460647583,0.8493030406599777,0.11538983272659553,0.0075247524752475314,0.005354315795108089,0.0075247524752475314,0.00643953413517781,0.294390118373649,0.4097799511002445,0.7524752475247525,0.76,0.24124066628374496,0.24659498207885305
grid_stage1,FORGE,0.0,15,20,2000,40,2,0.6306901574134827,0.8923142552375793,0.8271793127059937,0.761502206325531,0.11386095732450485,0.8332504630088806,0.8864664666929785,0.2411011668399898,0.36176496197828995,0.11186980535949316,0.36176496197828995,0.23681738366889155,0.03842159916926272,0.2795227660092525,0.2616822429906542,0.6234472049689441,0.010514018691588784,0.12238382405108195,0.6420624256134033,0.8426201939582825,0.7926884889602661,0.7423412799835205,0.14295150339603424,0.781369149684906,0.8768806308722188,0.13950500133879773,0.07329337667614788,0.04303822857578582,0.07329337667614788,0.05816580262596685,0.26687435098650053,0.40637935232529826,0.8504672897196262,0.7771739130434783,0.1939252336448598,0.23696346222064563
grid_stage1,FORGE,0.0,15,20,4500,60,0,0.5733438730239868,0.8864637613296509,0.8085081577301025,0.7299038171768188,0.12234243750572205,0.8206530809402466,0.8658916045434601,0.22222866436871513,0.40416360343560037,0.10045423577658943,0.40416360343560037,0.2523089196060949,0.02021772939346812,0.24244639376218324,0.1382488479262673,0.5424124513618677,0.005257009345794392,0.10571124512238382,0.6198767423629761,0.8297132253646851,0.7774715423583984,0.7247949838638306,0.15424568951129913,0.7647936344146729,0.8548072885090165,0.10771306831100563,0.09611432874894654,0.017652039067343445,0.09611432874894654,0.056883183908144994,0.2965266977708657,0.40423976608187134,0.8525345622119815,0.756420233463035,0.22605140186915887,0.2437034409365023
grid_stage1,FORGE,0.0,15,20,4500,60,1,0.6033973693847656,0.8852319121360779,0.8150652647018433,0.7443146705627441,0.12030869722366333,0.8219791054725647,0.8755891137278596,0.2523521839416022,0.4168316831683168,0.12170321921855153,0.4168316831683168,0.26926745119343415,0.028821410190427176,0.28117359413202936,0.18316831683168316,0.6,0.010913268236645606,0.13261648745519714,0.6332795023918152,0.8369252681732178,0.7862247824668884,0.7351024150848389,0.15350733697414398,0.7742416858673096,0.8596318716955337,0.135436215767969,0.044859101294744796,0.028053749029828767,0.044859101294744796,0.03645642516228678,0.2748327328872877,0.4102689486552567,0.8217821782178217,0.7769230769230769,0.21137277426766227,0.23942652329749103
grid_stage1,FORGE,0.0,15,20,4500,60,2,0.6306901574134827,0.8923142552375793,0.8271793127059937,0.761502206325531,0.11386095732450485,0.8332504630088806,0.8864664666929785,0.2411011668399898,0.36176496197828995,0.11186980535949316,0.36176496197828995,0.23681738366889155,0.03842159916926272,0.2795227660092525,0.2616822429906542,0.6234472049689441,0.010514018691588784,0.12238382405108195,0.6528902053833008,0.8535061478614807,0.8035600185394287,0.7531981468200684,0.1385425478219986,0.79396653175354,0.8813716633541799,0.1698593010793061,0.046017878911011834,0.07307597311965203,0.07307597311965203,0.05954692601533193,0.22897196261682243,0.39883126369612854,0.8177570093457944,0.7717391304347826,0.15537383177570094,0.22844980489535296
grid_stage1,FORGE,0.0,15,20,750,20,0,0.5733438730239868,0.8864637613296509,0.8085081577301025,0.7299038171768188,0.12234243750572205,0.8206530809402466,0.8658916045434601,0.22222866436871513,0.40416360343560037,0.10045423577658943,0.40416360343560037,0.2523089196060949,0.02021772939346812,0.24244639376218324,0.1382488479262673,0.5424124513618677,0.005257009345794392,0.10571124512238382,0.6147909760475159,0.8662349581718445,0.8036344647407532,0.7405129671096802,0.13590410351753235,0.8014255166053772,0.8480250418701645,0.10451321625300505,0.053233875450519164,0.016291528115292442,0.053233875450519164,0.0347627017829058,0.19543805080352514,0.2999512670565302,0.6820276497695853,0.6287937743190661,0.13376168224299065,0.1500532103582831
grid_stage1,FORGE,0.0,15,20,750,20,1,0.6033973693847656,0.8852319121360779,0.8150652647018433,0.7443146705627441,0.12030869722366333,0.8219791054725647,0.8755891137278596,0.2523521839416022,0.4168316831683168,0.12170321921855153,0.4168316831683168,0.26926745119343415,0.028821410190427176,0.28117359413202936,0.18316831683168316,0.6,0.010913268236645606,0.13261648745519714,0.6418835520744324,0.8692011833190918,0.8126072287559509,0.7555423974990845,0.13039739429950714,0.8083872199058533,0.8633184151433784,0.18134900910673007,0.0533587204874334,0.07287720360111087,0.07287720360111087,0.06311796204427214,0.1631497683993824,0.34449877750611246,0.6435643564356436,0.696923076923077,0.1074095347501436,0.18028673835125447
grid_stage1,FORGE,0.0,15,20,750,20,2,0.6306901574134827,0.8923142552375793,0.8271793127059937,0.761502206325531,0.11386095732450485,0.8332504630088806,0.8864664666929785,0.2411011668399898,0.36176496197828995,0.11186980535949316,0.36176496197828995,0.23681738366889155,0.03842159916926272,0.2795227660092525,0.2616822429906542,0.6234472049689441,0.010514018691588784,0.12238382405108195,0.6479400396347046,0.8727149963378906,0.816754162311554,0.7603275179862976,0.12596823275089264,0.8130283355712891,0.8750496285244334,0.12458935318243222,0.0823344169036977,0.0318145312349776,0.0823344169036977,0.05707447406933765,0.19730010384215993,0.32188945702459215,0.7616822429906542,0.6793478260869565,0.12675233644859812,0.15856686768357572
grid_stage1,FORGE,0.0,15,30,2000,40,0,0.5877742767333984,0.8894261717796326,0.8143256902694702,0.7386002540588379,0.11905407160520554,0.8256257176399231,0.874505294346007,0.22612729984629798,0.40590292097760405,0.10078762933763878,0.40590292097760405,0.2533452751576214,0.02021772939346812,0.2463450292397661,0.15207373271889402,0.5579766536964981,0.0035046728971962616,0.10429230223483504,0.6098849773406982,0.858176052570343,0.7963605523109436,0.7340304851531982,0.1413588672876358,0.7919774651527405,0.8519769564952903,0.10086468763926404,0.13612221843676597,0.026602899881644243,0.13612221843676597,0.08136255915920511,0.21565578019699327,0.3165204678362573,0.7695852534562212,0.6334630350194552,0.14544392523364486,0.1720468251152891
grid_stage1,FORGE,0.0,15,30,2000,40,1,0.6105804443359375,0.8865582942962646,0.8178497552871704,0.7485693693161011,0.11836469173431396,0.824299693107605,0.8800655992848203,0.25501600001006686,0.41616146230007617,0.12263602469639046,0.41616146230007617,0.26939874349823334,0.029336078229541946,0.2843520782396088,0.19306930693069307,0.6092307692307692,0.010338885697874785,0.13297491039426523,0.6315481662750244,0.8544340133666992,0.7989434003829956,0.7429910898208618,0.13982050120830536,0.791314423084259,0.8653541030116249,0.1508834295766761,0.006359482102056391,0.044052876133067354,0.044052876133067354,0.025206179117561872,0.21513124034997427,0.3660146699266504,0.7128712871287128,0.7192307692307692,0.15738081562320505,0.2014336917562724
grid_stage1,FORGE,0.0,15,30,2000,40,2,0.637233316898346,0.8945229649543762,0.8304671049118042,0.7658781409263611,0.11212030053138733,0.8365655541419983,0.8900732224612752,0.24269103657838187,0.37264903929877524,0.11007478458921935,0.37264903929877524,0.2413619119439973,0.036344755970924195,0.27903579254930605,0.2570093457943925,0.6296583850931677,0.008761682242990653,0.11883646683221,0.6308649182319641,0.8468574285507202,0.7930830717086792,0.7388612031936646,0.14278796315193176,0.7835239768028259,0.8658514168264135,0.11515291497610264,0.10351483136936201,0.02498669741042922,0.10351483136936201,0.06425076438989562,0.25908618899273106,0.3742391039688337,0.8317757009345794,0.7282608695652174,0.1875,0.21248669741042922
grid_stage1,FORGE,0.0,15,30,4500,60,0,0.5877742767333984,0.8894261717796326,0.8143256902694702,0.7386002540588379,0.11905407160520554,0.8256257176399231,0.874505294346007,0.22612729984629798,0.40590292097760405,0.10078762933763878,0.40590292097760405,0.2533452751576214,0.02021772939346812,0.2463450292397661,0.15207373271889402,0.5579766536964981,0.0035046728971962616,0.10429230223483504,0.6186115145683289,0.8512844443321228,0.793357253074646,0.7349479794502258,0.14421473443508148,0.7860102653503418,0.8561084301340581,0.17304514959422057,0.07937384568487871,0.10033985837093422,0.10033985837093422,0.08985685202790647,0.19440124416796267,0.36744639376218324,0.7649769585253456,0.6856031128404669,0.12207943925233646,0.22241929762327067
grid_stage1,FORGE,0.0,15,30,4500,60,1,0.6105804443359375,0.8865582942962646,0.8178497552871704,0.7485693693161011,0.11836469173431396,0.824299693107605,0.8800655992848203,0.25501600001006686,0.41616146230007617,0.12263602469639046,0.41616146230007617,0.26939874349823334,0.029336078229541946,0.2843520782396088,0.19306930693069307,0.6092307692307692,0.010338885697874785,0.13297491039426523,0.6123228073120117,0.8306739330291748,0.7763123512268066,0.7214983701705933,0.15830755233764648,0.7642963528633118,0.8535197387078393,0.1378542747018638,0.005552170601675566,0.034293931514661175,0.034293931514661175,0.01992305105816837,0.2655687081832218,0.4034229828850856,0.7524752475247525,0.7469230769230769,0.20907524411257897,0.24336917562724014
grid_stage1,FORGE,0.0,15,30,4500,60,2,0.637233316898346,0.8945229649543762,0.8304671049118042,0.7658781409263611,0.11212030053138733,0.8365655541419983,0.8900732224612752,0.24269103657838187,0.37264903929877524,0.11007478458921935,0.37264903929877524,0.2413619119439973,0.036344755970924195,0.27903579254930605,0.2570093457943925,0.6296583850931677,0.008761682242990653,0.11883646683221,0.6393709778785706,0.8412508964538574,0.7909899950027466,0.7403109073638916,0.1478676199913025,0.7795458436012268,0.8655240375445847,0.16159099235633717,0.03280460904394267,0.06429833605739427,0.06429833605739427,0.04855147255066847,0.2523364485981308,0.413927440954468,0.8130841121495327,0.78027950310559,0.1822429906542056,0.24654132671159987
grid_stage1,FORGE,0.0,15,30,750,20,0,0.5877742767333984,0.8894261717796326,0.8143256902694702,0.7386002540588379,0.11905407160520554,0.8256257176399231,0.874505294346007,0.22612729984629798,0.40590292097760405,0.10078762933763878,0.40590292097760405,0.2533452751576214,0.02021772939346812,0.2463450292397661,0.15207373271889402,0.5579766536964981,0.0035046728971962616,0.10429230223483504,0.6105054616928101,0.8695652484893799,0.8050687313079834,0.740035355091095,0.13119393587112427,0.8045748472213745,0.8510681410293522,0.05152011920244709,0.12122863956678442,0.03465966920065111,0.12122863956678442,0.07794415438371777,0.2177293934681182,0.2692495126705653,0.7188940092165899,0.5976653696498054,0.1542056074766355,0.11954593827598439
grid_stage1,FORGE,0.0,15,30,750,20,1,0.6105804443359375,0.8865582942962646,0.8178497552871704,0.7485693693161011,0.11836469173431396,0.824299693107605,0.8800655992848203,0.25501600001006686,0.41616146230007617,0.12263602469639046,0.41616146230007617,0.26939874349823334,0.029336078229541946,0.2843520782396088,0.19306930693069307,0.6092307692307692,0.010338885697874785,0.13297491039426523,0.6377454400062561,0.8715761303901672,0.8133606910705566,0.7546607851982117,0.1260935515165329,0.8103762865066528,0.8737708950414383,0.1513282587987472,0.020426504188880368,0.05071941927660738,0.05071941927660738,0.03557296173274387,0.1718991250643335,0.3232273838630807,0.6881188118811881,0.6676923076923077,0.11200459506031017,0.16272401433691755
grid_stage1,FORGE,0.0,15,30,750,20,2,0.637233316898346,0.8945229649543762,0.8304671049118042,0.7658781409263611,0.11212030053138733,0.8365655541419983,0.8900732224612752,0.24269103657838187,0.37264903929877524,0.11007478458921935,0.37264903929877524,0.2413619119439973,0.036344755970924195,0.27903579254930605,0.2570093457943925,0.6296583850931677,0.008761682242990653,0.11883646683221,0.6474134922027588,0.8753786087036133,0.8186235427856445,0.761396050453186,0.1249483972787857,0.8158462047576904,0.8739484703834893,0.12312501943721946,0.06361380391246307,0.027848411811704957,0.06361380391246307,0.045731107862084015,0.18951194184839046,0.3126369612856099,0.7336448598130841,0.6700310559006211,0.12149532710280374,0.1493437389145087
grid_stage1,FORGE,0.0,5,10,2000,40,0,0.5382585525512695,0.8698607683181763,0.7873037457466125,0.7040596604347229,0.1414356380701065,0.796950101852417,0.8225876128966277,0.21415817061229192,0.3240223062991985,0.11371020412222801,0.3240223062991985,0.21886625521071323,0.04510108864696734,0.25925925925925924,0.19815668202764977,0.5221789883268483,0.02570093457943925,0.13941113870166727,0.5789918303489685,0.8244275450706482,0.7633228302001953,0.7017096877098083,0.17187459766864777,0.7521962523460388,0.820891353278392,0.08927640294792621,0.05645430256952788,0.006361828778681383,0.05645430256952788,0.03140806567410463,0.2789009849663038,0.36817738791423,0.7327188940092166,0.6762645914396888,0.2213785046728972,0.22774033345157857
grid_stage1,FORGE,0.0,5,10,2000,40,1,0.48342427611351013,0.8728699684143066,0.7759119868278503,0.6781471371650696,0.1356237828731537,0.7959555983543396,0.8416889009313264,0.17137174761887383,0.3058035034272658,0.07760361016924727,0.3058035034272658,0.19170355679825654,0.029850746268656716,0.20122249388753055,0.1188118811881188,0.4246153846153846,0.019529006318207927,0.09713261648745519,0.5722588896751404,0.804492175579071,0.7466744184494019,0.6883755326271057,0.17696405947208405,0.7316426038742065,0.8058398410006403,0.07991561457529817,0.00772277227722773,0.02043751891447876,0.02043751891447876,0.014080145595853244,0.3242408646423057,0.4041564792176039,0.7277227722772277,0.72,0.27742676622630674,0.256989247311828
grid_stage1,FORGE,0.0,5,10,2000,40,2,0.5834296941757202,0.8858621716499329,0.8105673789978027,0.7346459627151489,0.1270173043012619,0.8208188414573669,0.8507693413122972,0.17155650219555246,0.23897805770012187,0.06286033026890295,0.23897805770012187,0.15091919398451242,0.06438213914849429,0.23593864134404674,0.29906542056074764,0.5380434782608695,0.035046728971962614,0.09790705924086555,0.5720116496086121,0.8300138711929321,0.7657806277275085,0.7010127305984497,0.1755480021238327,0.756671667098999,0.8053072619131234,0.0957206259050159,0.044849654611946344,0.014848756601565483,0.044849654611946344,0.029849205606755913,0.2544132917964694,0.3501339177014853,0.6915887850467289,0.6467391304347826,0.19976635514018692,0.2146151117417524
grid_stage1,FORGE,0.0,5,10,4500,60,0,0.5382585525512695,0.8698607683181763,0.7873037457466125,0.7040596604347229,0.1414356380701065,0.796950101852417,0.8225876128966277,0.21415817061229192,0.3240223062991985,0.11371020412222801,0.3240223062991985,0.21886625521071323,0.04510108864696734,0.25925925925925924,0.19815668202764977,0.5221789883268483,0.02570093457943925,0.13941113870166727,0.5713487863540649,0.8190925121307373,0.7574132084846497,0.6952206492424011,0.17288565635681152,0.7455660700798035,0.8181037804078488,0.09506220839813373,0.06573185820079264,0.017838731173313277,0.06573185820079264,0.04178529468705296,0.27993779160186627,0.375,0.7373271889400922,0.6715953307392996,0.2219626168224299,0.23980134799574318
grid_stage1,FORGE,0.0,5,10,4500,60,1,0.48342427611351013,0.8728699684143066,0.7759119868278503,0.6781471371650696,0.1356237828731537,0.7959555983543396,0.8416889009313264,0.17137174761887383,0.3058035034272658,0.07760361016924727,0.3058035034272658,0.19170355679825654,0.029850746268656716,0.20122249388753055,0.1188118811881188,0.4246153846153846,0.019529006318207927,0.09713261648745519,0.5903294086456299,0.8142616152763367,0.7585105895996094,0.7022955417633057,0.16722269356250763,0.7444057464599609,0.8272076575013203,0.11653531516181842,0.036694592536176684,0.009572836440969346,0.036694592536176684,0.023133714488573015,0.2959341224909933,0.41246943765281174,0.7079207920792079,0.7446153846153846,0.24813325674899483,0.2577060931899642
grid_stage1,FORGE,0.0,5,10,4500,60,2,0.5834296941757202,0.8858621716499329,0.8105673789978027,0.7346459627151489,0.1270173043012619,0.8208188414573669,0.8507693413122972,0.17155650219555246,0.23897805770012187,0.06286033026890295,0.23897805770012187,0.15091919398451242,0.06438213914849429,0.23593864134404674,0.29906542056074764,0.5380434782608695,0.035046728971962614,0.09790705924086555,0.573884129524231,0.8183000087738037,0.757449209690094,0.6960920691490173,0.17584282159805298,0.7452345490455627,0.8098128413200849,0.11212336357575059,0.0025251059383525343,0.02468272702257379,0.02468272702257379,0.013603916480463163,0.27258566978193144,0.38470903335768203,0.6869158878504673,0.6894409937888198,0.2207943925233645,0.2454771195459383
grid_stage1,FORGE,0.0,5,10,750,20,0,0.5382585525512695,0.8698607683181763,0.7873037457466125,0.7040596604347229,0.1414356380701065,0.796950101852417,0.8225876128966277,0.21415817061229192,0.3240223062991985,0.11371020412222801,0.3240223062991985,0.21886625521071323,0.04510108864696734,0.25925925925925924,0.19815668202764977,0.5221789883268483,0.02570093457943925,0.13941113870166727,0.5265730023384094,0.8237033486366272,0.7497285604476929,0.6751381754875183,0.16913926601409912,0.7430797219276428,0.7842729226476813,0.07283983459599405,0.06713407089960377,0.009234317863098529,0.06713407089960377,0.03818419438135115,0.24416796267496113,0.3170077972709552,0.631336405529954,0.5642023346303502,0.19509345794392524,0.20432777580702377
grid_stage1,FORGE,0.0,5,10,750,20,1,0.48342427611351013,0.8728699684143066,0.7759119868278503,0.6781471371650696,0.1356237828731537,0.7959555983543396,0.8416889009313264,0.17137174761887383,0.3058035034272658,0.07760361016924727,0.3058035034272658,0.19170355679825654,0.029850746268656716,0.20122249388753055,0.1188118811881188,0.4246153846153846,0.019529006318207927,0.09713261648745519,0.5714285373687744,0.8444594144821167,0.7764845490455627,0.7079439759254456,0.15829914808273315,0.7717553377151489,0.808367846770039,0.1298540179970227,0.054105102817974204,0.036103133575850405,0.054105102817974204,0.045104118196912305,0.19557385486361298,0.3254278728606357,0.5643564356435643,0.6184615384615385,0.15278575531303848,0.18888888888888888
grid_stage1,FORGE,0.0,5,10,750,20,2,0.5834296941757202,0.8858621716499329,0.8105673789978027,0.7346459627151489,0.1270173043012619,0.8208188414573669,0.8507693413122972,0.17155650219555246,0.23897805770012187,0.06286033026890295,0.23897805770012187,0.15091919398451242,0.06438213914849429,0.23593864134404674,0.29906542056074764,0.5380434782608695,0.035046728971962614,0.09790705924086555,0.5939618349075317,0.8505668640136719,0.7866814136505127,0.7222643494606018,0.1548016220331192,0.7815349102020264,0.8278491181183861,0.12795151807528668,0.00734312416555416,0.03916535160277557,0.03916535160277557,0.023254237884164863,0.2019730010384216,0.3299245191137083,0.6355140186915887,0.6428571428571429,0.1477803738317757,0.18694572543455126
grid_stage1,FORGE,0.0,5,20,2000,40,0,0.5610042810440063,0.8824209570884705,0.802399754524231,0.721712589263916,0.12642168998718262,0.8145201206207275,0.8565482174727084,0.17662395144592083,0.27632197098746625,0.06989101822413331,0.27632197098746625,0.17310649460579977,0.05339554173146708,0.2300194931773879,0.23963133640552994,0.5159533073929962,0.029789719626168224,0.09968073785030153,0.5645933151245117,0.818277895450592,0.7551195621490479,0.6914355754852295,0.1751207411289215,0.7435770034790039,0.8062777916063361,0.09586027666366537,0.01665799996413786,0.013123149655375893,0.01665799996413786,0.014890574809756876,0.2747537584240539,0.3706140350877193,0.6820276497695853,0.6653696498054474,0.22313084112149534,0.23625399077687123
grid_stage1,FORGE,0.0,5,20,2000,40,1,0.5781010985374451,0.8834355473518372,0.8074182271957397,0.7307683229446411,0.12655335664749146,0.8173379898071289,0.8617451431637828,0.21597446541846035,0.3576999238385377,0.09552475712265229,0.3576999238385377,0.226612340480595,0.03757076685537828,0.2535452322738386,0.19306930693069307,0.5507692307692308,0.019529006318207927,0.11505376344086021,0.5966319441795349,0.8187387585639954,0.7634421586990356,0.7076853513717651,0.16704289615154266,0.7498756647109985,0.8293494350650248,0.1724043554254694,0.07485910129474482,0.06949740498498166,0.07485910129474482,0.07217825313986324,0.25424601132269686,0.42665036674816625,0.6782178217821783,0.7530769230769231,0.20505456634118321,0.2745519713261649
grid_stage1,FORGE,0.0,5,20,2000,40,2,0.6144223809242249,0.8878905177116394,0.8198068141937256,0.7511564493179321,0.1197686493396759,0.8262887597084045,0.8690529158356062,0.19921727739358458,0.2668412956405643,0.08163998136808638,0.2668412956405643,0.17424063850432533,0.06593977154724819,0.26515704894083275,0.32710280373831774,0.593944099378882,0.03329439252336448,0.11493437389145086,0.5627118945121765,0.8184377551078796,0.7547711730003357,0.6905748248100281,0.1733594536781311,0.7434112429618835,0.8101006941087304,0.08665738231285092,0.04853572879781731,0.009659917847185145,0.04853572879781731,0.02909782332250123,0.278816199376947,0.36547358168979793,0.6214953271028038,0.6700310559006211,0.23598130841121495,0.2263213905640298
grid_stage1,FORGE,0.0,5,20,4500,60,0,0.5610042810440063,0.8824209570884705,0.802399754524231,0.721712589263916,0.12642168998718262,0.8145201206207275,0.8565482174727084,0.17662395144592083,0.27632197098746625,0.06989101822413331,0.27632197098746625,0.17310649460579977,0.05339554173146708,0.2300194931773879,0.23963133640552994,0.5159533073929962,0.029789719626168224,0.09968073785030153,0.5612275004386902,0.8286274075508118,0.762054443359375,0.694927453994751,0.17162595689296722,0.7535222768783569,0.816638508325984,0.06351994336974282,0.06789793612939088,0.015341076738950993,0.06789793612939088,0.041619506434170936,0.26956972524624156,0.3330896686159844,0.6912442396313364,0.6233463035019455,0.2161214953271028,0.20078041858815182
grid_stage1,FORGE,0.0,5,20,4500,60,1,0.5781010985374451,0.8834355473518372,0.8074182271957397,0.7307683229446411,0.12655335664749146,0.8173379898071289,0.8617451431637828,0.21597446541846035,0.3576999238385377,0.09552475712265229,0.3576999238385377,0.226612340480595,0.03757076685537828,0.2535452322738386,0.19306930693069307,0.5507692307692308,0.019529006318207927,0.11505376344086021,0.5863792300224304,0.8096332550048828,0.7540510296821594,0.698006272315979,0.17221707105636597,0.7392673492431641,0.8252975286978504,0.10405492980255121,0.028332063975628374,0.0030681085932980356,0.028332063975628374,0.015700086284463205,0.31085949562532167,0.4149144254278729,0.7178217821782178,0.7461538461538462,0.263641585295807,0.26057347670250897
grid_stage1,FORGE,0.0,5,20,4500,60,2,0.6144223809242249,0.8878905177116394,0.8198068141937256,0.7511564493179321,0.1197686493396759,0.8262887597084045,0.8690529158356062,0.19921727739358458,0.2668412956405643,0.08163998136808638,0.2668412956405643,0.17424063850432533,0.06593977154724819,0.26515704894083275,0.32710280373831774,0.593944099378882,0.03329439252336448,0.11493437389145086,0.5747249722480774,0.8099292516708374,0.7513718605041504,0.6923271417617798,0.17980675399303436,0.7372782826423645,0.8114137377633177,0.11998624034491678,0.041374005920938095,0.02631509151850095,0.041374005920938095,0.03384454871971952,0.28712357217030116,0.40710981251521794,0.677570093457944,0.718944099378882,0.2383177570093458,0.26463284852784674
grid_stage1,FORGE,0.0,5,20,750,20,0,0.5610042810440063,0.8824209570884705,0.802399754524231,0.721712589263916,0.12642168998718262,0.8145201206207275,0.8565482174727084,0.17662395144592083,0.27632197098746625,0.06989101822413331,0.27632197098746625,0.17310649460579977,0.05339554173146708,0.2300194931773879,0.23963133640552994,0.5159533073929962,0.029789719626168224,0.09968073785030153,0.5365168452262878,0.8568019270896912,0.7770624756813049,0.6966593861579895,0.1539936065673828,0.7812033891677856,0.8004710705743332,0.05286614886966856,0.024895551291936435,0.024500386230949536,0.024895551291936435,0.024697968761442986,0.1871435977190254,0.24000974658869395,0.5299539170506913,0.5050583657587548,0.14369158878504673,0.1191912025540972
grid_stage1,FORGE,0.0,5,20,750,20,1,0.5781010985374451,0.8834355473518372,0.8074182271957397,0.7307683229446411,0.12655335664749146,0.8173379898071289,0.8617451431637828,0.21597446541846035,0.3576999238385377,0.09552475712265229,0.3576999238385377,0.226612340480595,0.03757076685537828,0.2535452322738386,0.19306930693069307,0.5507692307692308,0.019529006318207927,0.11505376344086021,0.5528454780578613,0.8387460112571716,0.7675670385360718,0.6957957744598389,0.15516766905784607,0.7629703283309937,0.8135497112508857,0.1011340313859419,0.07370906321401371,0.004668144826748516,0.07370906321401371,0.039188604020381115,0.2125579001544004,0.3136919315403423,0.5247524752475248,0.5984615384615385,0.17633543940264215,0.18100358422939067
grid_stage1,FORGE,0.0,5,20,750,20,2,0.6144223809242249,0.8878905177116394,0.8198068141937256,0.7511564493179321,0.1197686493396759,0.8262887597084045,0.8690529158356062,0.19921727739358458,0.2668412956405643,0.08163998136808638,0.2668412956405643,0.17424063850432533,0.06593977154724819,0.26515704894083275,0.32710280373831774,0.593944099378882,0.03329439252336448,0.11493437389145086,0.5840350389480591,0.8642409443855286,0.7944797277450562,0.7241380214691162,0.14632157981395721,0.7952925562858582,0.8285126930002253,0.10474215058706093,0.019221280547977115,0.014744532262716603,0.019221280547977115,0.01698290640534686,0.17185877466251298,0.2766009252495739,0.5607476635514018,0.5799689440993789,0.12324766355140188,0.13799219581411848
grid_stage1,FORGE,0.0,5,30,2000,40,0,0.5736615657806396,0.8852424025535583,0.807669997215271,0.7294520139694214,0.12379370629787445,0.8191612958908081,0.8630503256013243,0.173726122373499,0.25878893291972244,0.06575954885572864,0.25878893291972244,0.16227424088772555,0.05702436495593572,0.2307504873294347,0.2672811059907834,0.5260700389105059,0.030373831775700934,0.09613338063142958,0.5775913596153259,0.8384509682655334,0.7735062837600708,0.7080211639404297,0.16212032735347748,0.7662854194641113,0.8164588023737054,0.1227274380871827,0.003916154135810146,0.040819058259540575,0.040819058259540575,0.02236760619767536,0.2208398133748056,0.3435672514619883,0.6451612903225806,0.6412451361867705,0.16705607476635514,0.20787513302589572
grid_stage1,FORGE,0.0,5,30,2000,40,1,0.6016319990158081,0.8853787779808044,0.814736008644104,0.7435053586959839,0.12247598171234131,0.8219791054725647,0.8701141801367763,0.22132902639655613,0.3607387661843108,0.09343412820465312,0.3607387661843108,0.22708644719448196,0.0478641276376737,0.26919315403422983,0.22772277227722773,0.5884615384615385,0.026995979322228605,0.12043010752688173,0.5722526907920837,0.8275380730628967,0.7639812231063843,0.6998953819274902,0.16877809166908264,0.7541853189468384,0.7987748844254157,0.102375023122311,0.00235338918507233,0.008271520302055246,0.008271520302055246,0.005312454743563788,0.25630468347915597,0.358679706601467,0.6584158415841584,0.6607692307692308,0.20964962665134979,0.21792114695340503
grid_stage1,FORGE,0.0,5,30,2000,40,2,0.6174643635749817,0.8877692818641663,0.8204730749130249,0.752616822719574,0.11852031201124191,0.8264545202255249,0.8721508965754775,0.2030808277335178,0.2528080919486852,0.08764914647933084,0.2528080919486852,0.170228619214008,0.06645898234683281,0.2695398100803506,0.34579439252336447,0.5986024844720497,0.03154205607476635,0.1191912025540972,0.5750858187675476,0.8464401960372925,0.7788826823234558,0.7107629776000977,0.16227233409881592,0.7744074463844299,0.8078498880768408,0.10070224303616573,0.050248156962907076,0.0053668282316590155,0.050248156962907076,0.027807492597283046,0.21339563862928349,0.3140978816654492,0.5700934579439252,0.6203416149068323,0.16880841121495327,0.17417523944661228
grid_stage1,FORGE,0.0,5,30,4500,60,0,0.5736615657806396,0.8852424025535583,0.807669997215271,0.7294520139694214,0.12379370629787445,0.8191612958908081,0.8630503256013243,0.173726122373499,0.25878893291972244,0.06575954885572864,0.25878893291972244,0.16227424088772555,0.05702436495593572,0.2307504873294347,0.2672811059907834,0.5260700389105059,0.030373831775700934,0.09613338063142958,0.5515655875205994,0.8181712627410889,0.7517960071563721,0.6848684549331665,0.1776115596294403,0.7412564158439636,0.7970620942105883,0.09431984575227598,0.055507540031200175,0.023490466891885164,0.055507540031200175,0.03949900346154267,0.263867288750648,0.358187134502924,0.6866359447004609,0.6311284046692607,0.2102803738317757,0.23377084072366086
grid_stage1,FORGE,0.0,5,30,4500,60,1,0.6016319990158081,0.8853787779808044,0.814736008644104,0.7435053586959839,0.12247598171234131,0.8219791054725647,0.8701141801367763,0.22132902639655613,0.3607387661843108,0.09343412820465312,0.3607387661843108,0.22708644719448196,0.0478641276376737,0.26919315403422983,0.22772277227722773,0.5884615384615385,0.026995979322228605,0.12043010752688173,0.5485475063323975,0.7907822728157043,0.7304745316505432,0.6696648597717285,0.18425960838794708,0.714072585105896,0.7940202440298099,0.09327257146524354,0.011111957349581147,0.0031448988036785197,0.011111957349581147,0.007128428076629834,0.3211528564076171,0.41442542787286063,0.6881188118811881,0.6992307692307692,0.2785755313038484,0.2817204301075269
grid_stage1,FORGE,0.0,5,30,4500,60,2,0.6174643635749817,0.8877692818641663,0.8204730749130249,0.752616822719574,0.11852031201124191,0.8264545202255249,0.8721508965754775,0.2030808277335178,0.2528080919486852,0.08764914647933084,0.2528080919486852,0.170228619214008,0.06645898234683281,0.2695398100803506,0.34579439252336447,0.5986024844720497,0.03154205607476635,0.1191912025540972,0.5747517943382263,0.8244935870170593,0.762316882610321,0.6996226906776428,0.1770240068435669,0.7515332102775574,0.8007128581004772,0.12342805042981853,0.06718378127358215,0.027808628366259663,0.06718378127358215,0.04749620481992091,0.2512980269989616,0.3747260774287801,0.616822429906542,0.6840062111801242,0.205607476635514,0.23341610500177368
grid_stage1,FORGE,0.0,5,30,750,20,0,0.5736615657806396,0.8852424025535583,0.807669997215271,0.7294520139694214,0.12379370629787445,0.8191612958908081,0.8630503256013243,0.173726122373499,0.25878893291972244,0.06575954885572864,0.25878893291972244,0.16227424088772555,0.05702436495593572,0.2307504873294347,0.2672811059907834,0.5260700389105059,0.030373831775700934,0.09613338063142958,0.5643529891967773,0.8642243146896362,0.7895671129226685,0.7142886519432068,0.1418120265007019,0.7929719686508179,0.8282650279286267,0.09483711222067612,0.04374114651508898,0.02166850941375778,0.04374114651508898,0.03270482796442338,0.16174183514774496,0.2565789473684211,0.576036866359447,0.532295719844358,0.10922897196261683,0.1308974813763746
grid_stage1,FORGE,0.0,5,30,750,20,1,0.6016319990158081,0.8853787779808044,0.814736008644104,0.7435053586959839,0.12247598171234131,0.8219791054725647,0.8701141801367763,0.22132902639655613,0.3607387661843108,0.09343412820465312,0.3607387661843108,0.22708644719448196,0.0478641276376737,0.26919315403422983,0.22772277227722773,0.5884615384615385,0.026995979322228605,0.12043010752688173,0.5781200528144836,0.8530562520027161,0.7846070528030396,0.7155881524085999,0.1462852656841278,0.7820321321487427,0.8242020276944064,0.10182713445671066,0.052467631378522395,0.0003252775667590968,0.052467631378522395,0.026396454472640746,0.19866186309830158,0.30048899755501224,0.5544554455445545,0.6069230769230769,0.15738081562320505,0.15770609318996415
grid_stage1,FORGE,0.0,5,30,750,20,2,0.6174643635749817,0.8877692818641663,0.8204730749130249,0.752616822719574,0.11852031201124191,0.8264545202255249,0.8721508965754775,0.2030808277335178,0.2528080919486852,0.08764914647933084,0.2528080919486852,0.170228619214008,0.06645898234683281,0.2695398100803506,0.34579439252336447,0.5986024844720497,0.03154205607476635,0.1191912025540972,0.5881140232086182,0.8690333366394043,0.7990944981575012,0.7285736799240112,0.13910971581935883,0.8012597560882568,0.8383564061278114,0.11273814860579193,0.03247808672432817,0.021543150119516102,0.03247808672432817,0.027010618421922136,0.15680166147455868,0.2695398100803506,0.5420560747663551,0.5745341614906833,0.10864485981308411,0.1301880099326002
grid_stage1,FORGE,10.0,10,10,2000,40,0,0.5376884341239929,0.8859268426895142,0.7992279529571533,0.7118076086044312,0.12694287300109863,0.8170064687728882,0.8539215424089884,0.20979039529010882,0.46190535960838464,0.08561666826905545,0.46190535960838464,0.27376101393872004,0.00414722654224987,0.21393762183235868,0.03225806451612903,0.49416342412451364,0.0005841121495327102,0.08620078041858815,0.6073989272117615,0.8404242992401123,0.7824093699455261,0.7239116430282593,0.15758074820041656,0.773081362247467,0.8421932678006607,0.05767843229986147,0.10235435456974307,0.03484884777196129,0.10235435456974307,0.06860160117085218,0.2897874546397097,0.34746588693957114,0.7926267281105991,0.690272373540856,0.22605140186915887,0.19120255409719758
grid_stage1,FORGE,10.0,10,10,2000,40,1,0.5519713163375854,0.8822606205940247,0.8000304698944092,0.7171159982681274,0.1293327361345291,0.8135256171226501,0.8476756952621987,0.23075676335462894,0.46444021325209445,0.10486639944496942,0.46444021325209445,0.2846533063485319,0.01080802882141019,0.24156479217603913,0.0594059405940594,0.5238461538461539,0.005169442848937392,0.11003584229390681,0.633834183216095,0.8446648120880127,0.7921755909919739,0.7392494678497314,0.15011613070964813,0.7818664312362671,0.8624301710865319,0.14177720284841705,0.04472201066260473,0.03748247515641115,0.04472201066260473,0.04110224290950794,0.25064333504889347,0.3924205378973105,0.7970297029702971,0.7523076923076923,0.18724870763928778,0.22473118279569892
grid_stage1,FORGE,10.0,10,10,2000,40,2,0.5845661759376526,0.8913747668266296,0.8149904608726501,0.7379704713821411,0.12161494791507721,0.827780544757843,0.8598698388171321,0.17307507052392124,0.21334242758460553,0.06972028093743059,0.21334242758460553,0.14153135426101807,0.04776739356178609,0.22084246408570732,0.3037383177570093,0.5170807453416149,0.015771028037383176,0.08549130897481376,0.6369283199310303,0.8491319417953491,0.7963008880615234,0.7430301308631897,0.14759689569473267,0.7868390679359436,0.8646626832581937,0.10392370142306995,0.04515440877692001,0.0013223851501659445,0.04515440877692001,0.023238396963542976,0.26739356178608514,0.3713172632091551,0.7897196261682243,0.7445652173913043,0.20210280373831777,0.20078041858815182
grid_stage1,FORGE,10.0,10,10,4500,60,0,0.5376884341239929,0.8859268426895142,0.7992279529571533,0.7118076086044312,0.12694287300109863,0.8170064687728882,0.8539215424089884,0.20979039529010882,0.46190535960838464,0.08561666826905545,0.46190535960838464,0.27376101393872004,0.00414722654224987,0.21393762183235868,0.03225806451612903,0.49416342412451364,0.0005841121495327102,0.08620078041858815,0.6163159608840942,0.8451785445213318,0.7882000207901001,0.7307472229003906,0.14870981872081757,0.7793800830841064,0.8529273555953204,0.10206482163591107,0.03532069787874981,0.004977489200452184,0.03532069787874981,0.020149093539600996,0.25660964230171074,0.3586744639376218,0.7419354838709677,0.7066147859922179,0.19509345794392524,0.20007094714437743
grid_stage1,FORGE,10.0,10,10,4500,60,1,0.5519713163375854,0.8822606205940247,0.8000304698944092,0.7171159982681274,0.1293327361345291,0.8135256171226501,0.8476756952621987,0.23075676335462894,0.46444021325209445,0.10486639944496942,0.46444021325209445,0.2846533063485319,0.01080802882141019,0.24156479217603913,0.0594059405940594,0.5238461538461539,0.005169442848937392,0.11003584229390681,0.637099027633667,0.8465982675552368,0.794440507888794,0.7418486475944519,0.14787405729293823,0.784352719783783,0.8658775719036871,0.13881754703424115,0.05385376999238389,0.03411420536543286,0.05385376999238389,0.043983987678908376,0.25115800308800823,0.3899755501222494,0.806930693069307,0.7530769230769231,0.18667432510051696,0.22078853046594982
grid_stage1,FORGE,10.0,10,10,4500,60,2,0.5845661759376526,0.8913747668266296,0.8149904608726501,0.7379704713821411,0.12161494791507721,0.827780544757843,0.8598698388171321,0.17307507052392124,0.21334242758460553,0.06972028093743059,0.21334242758460553,0.14153135426101807,0.04776739356178609,0.22084246408570732,0.3037383177570093,0.5170807453416149,0.015771028037383176,0.08549130897481376,0.6481113433837891,0.8550029397010803,0.8034943342208862,0.7515571117401123,0.1445135921239853,0.7946295142173767,0.8750773264573889,0.11482712821434721,0.04051053578684616,0.00727125347690738,0.04051053578684616,0.02389089463187677,0.2564901349948079,0.3713172632091551,0.794392523364486,0.7538819875776398,0.18925233644859812,0.1965235899255055
grid_stage1,FORGE,10.0,10,10,750,20,0,0.5376884341239929,0.8859268426895142,0.7992279529571533,0.7118076086044312,0.12694287300109863,0.8170064687728882,0.8539215424089884,0.20979039529010882,0.46190535960838464,0.08561666826905545,0.46190535960838464,0.27376101393872004,0.00414722654224987,0.21393762183235868,0.03225806451612903,0.49416342412451364,0.0005841121495327102,0.08620078041858815,0.5954588651657104,0.8584852814674377,0.7930011749267578,0.7269721031188965,0.1560288518667221,0.7903199195861816,0.8215118751397753,0.07664865897247009,0.07807563341641421,0.0073023342936615054,0.07807563341641421,0.04268898385503786,0.21721099015033696,0.29385964912280704,0.6866359447004609,0.6085603112840466,0.15771028037383178,0.15040794608017027
grid_stage1,FORGE,10.0,10,10,750,20,1,0.5519713163375854,0.8822606205940247,0.8000304698944092,0.7171159982681274,0.1293327361345291,0.8135256171226501,0.8476756952621987,0.23075676335462894,0.46444021325209445,0.10486639944496942,0.46444021325209445,0.2846533063485319,0.01080802882141019,0.24156479217603913,0.0594059405940594,0.5238461538461539,0.005169442848937392,0.11003584229390681,0.6074826121330261,0.8610861897468567,0.7979480028152466,0.7342844009399414,0.14134268462657928,0.7947952747344971,0.8418511211858768,0.11315108967429943,0.004798172124904743,0.010880122864336594,0.010880122864336594,0.007839147494620669,0.1971178589809573,0.3102689486552567,0.6336633663366337,0.6384615384615384,0.14646754738655945,0.15734767025089605
grid_stage1,FORGE,10.0,10,10,750,20,2,0.5845661759376526,0.8913747668266296,0.8149904608726501,0.7379704713821411,0.12161494791507721,0.827780544757843,0.8598698388171321,0.17307507052392124,0.21334242758460553,0.06972028093743059,0.21334242758460553,0.14153135426101807,0.04776739356178609,0.22084246408570732,0.3037383177570093,0.5170807453416149,0.015771028037383176,0.08549130897481376,0.6135636568069458,0.8648769855499268,0.8023090362548828,0.7392203211784363,0.14277911186218262,0.7997679710388184,0.8475089199099208,0.0743267895326496,0.056481105241771634,0.021345061714069746,0.056481105241771634,0.03891308347792069,0.2185877466251298,0.2929145361577794,0.6869158878504673,0.6304347826086957,0.16004672897196262,0.13870166725789287
grid_stage1,FORGE,10.0,10,20,2000,40,0,0.5902534127235413,0.8893800973892212,0.8149083256721497,0.7398167848587036,0.12086278945207596,0.8257914781570435,0.8698467518185861,0.24225009776904677,0.48137495741361686,0.10667143515464157,0.48137495741361686,0.2940231962841292,0.011404872991187144,0.2536549707602339,0.09216589861751152,0.5735408560311284,0.0011682242990654205,0.10783965945370699,0.605471134185791,0.852096676826477,0.7906957864761353,0.728783905506134,0.14698371291160583,0.784850001335144,0.8499666890111353,0.09426603488157062,0.08674353135254353,0.010562504765725234,0.08674353135254353,0.048653018059134384,0.23224468636599274,0.32651072124756336,0.7373271889400922,0.6505836575875487,0.16822429906542055,0.17878680383114579
grid_stage1,FORGE,10.0,10,20,2000,40,1,0.598774790763855,0.8891474604606628,0.8168550729751587,0.7439610958099365,0.11917387694120407,0.8262887597084045,0.875586028016496,0.24330447081681214,0.42422696115765424,0.11196589114730338,0.42422696115765424,0.2680964261524788,0.019042717447246525,0.2623471882640587,0.15346534653465346,0.5776923076923077,0.0034462952326249283,0.11541218637992831,0.6238738894462585,0.843082070350647,0.7885071039199829,0.7334779500961304,0.15592975914478302,0.7785512804985046,0.8482649191940358,0.12315741921033058,0.08000761614623009,0.02514457352611174,0.08000761614623009,0.052576094836170914,0.25630468347915597,0.37946210268948655,0.806930693069307,0.7269230769230769,0.19241815048822516,0.2175627240143369
grid_stage1,FORGE,10.0,10,20,2000,40,2,0.6292645931243896,0.8962664008140564,0.8297925591468811,0.7627655267715454,0.11376059800386429,0.8378915786743164,0.8834218981474269,0.22550019076919808,0.36104661287513784,0.09446641282618282,0.36104661287513784,0.22775651285066034,0.0347871235721703,0.26028731434136837,0.24299065420560748,0.6040372670807453,0.008761682242990653,0.10322809506917346,0.6252427101135254,0.8403262495994568,0.7867782115936279,0.7327845096588135,0.15003849565982819,0.7760649919509888,0.8599701979057718,0.1192633654113826,0.018684332733499676,0.01668646169351498,0.018684332733499676,0.01768539721350733,0.26739356178608514,0.38665692719746775,0.7663551401869159,0.7476708074534162,0.2050233644859813,0.22170982617949628
grid_stage1,FORGE,10.0,10,20,4500,60,0,0.5902534127235413,0.8893800973892212,0.8149083256721497,0.7398167848587036,0.12086278945207596,0.8257914781570435,0.8698467518185861,0.24225009776904677,0.48137495741361686,0.10667143515464157,0.48137495741361686,0.2940231962841292,0.011404872991187144,0.2536549707602339,0.09216589861751152,0.5735408560311284,0.0011682242990654205,0.10783965945370699,0.5977859497070312,0.8341331481933594,0.7752912044525146,0.7159595489501953,0.15451794862747192,0.7651251554489136,0.844393233064367,0.08473999496754675,0.12318313041295337,0.0053989450756382895,0.12318313041295337,0.06429103774429583,0.2773457750129601,0.36208576998050684,0.8064516129032258,0.6832684824902724,0.2102803738317757,0.21567931890741399
grid_stage1,FORGE,10.0,10,20,4500,60,1,0.598774790763855,0.8891474604606628,0.8168550729751587,0.7439610958099365,0.11917387694120407,0.8262887597084045,0.875586028016496,0.24330447081681214,0.42422696115765424,0.11196589114730338,0.42422696115765424,0.2680964261524788,0.019042717447246525,0.2623471882640587,0.15346534653465346,0.5776923076923077,0.0034462952326249283,0.11541218637992831,0.6315499544143677,0.8417060971260071,0.7893847823143005,0.7366280555725098,0.15237684547901154,0.7785512804985046,0.8617643186558288,0.11316115653081021,0.08586443259710586,0.009489252458624892,0.08586443259710586,0.04767684252786537,0.2753474009264025,0.3885085574572127,0.8366336633663366,0.7507692307692307,0.21022400919012063,0.21971326164874552
grid_stage1,FORGE,10.0,10,20,4500,60,2,0.6292645931243896,0.8962664008140564,0.8297925591468811,0.7627655267715454,0.11376059800386429,0.8378915786743164,0.8834218981474269,0.22550019076919808,0.36104661287513784,0.09446641282618282,0.36104661287513784,0.22775651285066034,0.0347871235721703,0.26028731434136837,0.24299065420560748,0.6040372670807453,0.008761682242990653,0.10322809506917346,0.6271323561668396,0.8355428576469421,0.7836561799049377,0.7313376069068909,0.14934943616390228,0.7717553377151489,0.8665627467650724,0.09492834587555476,0.08180472514076742,0.004402908501390745,0.08180472514076742,0.04310381682107908,0.29854620976116303,0.3934745556367178,0.8411214953271028,0.7593167701863354,0.23072429906542055,0.2263213905640298
grid_stage1,FORGE,10.0,10,20,750,20,0,0.5902534127235413,0.8893800973892212,0.8149083256721497,0.7398167848587036,0.12086278945207596,0.8257914781570435,0.8698467518185861,0.24225009776904677,0.48137495741361686,0.10667143515464157,0.48137495741361686,0.2940231962841292,0.011404872991187144,0.2536549707602339,0.09216589861751152,0.5735408560311284,0.0011682242990654205,0.10783965945370699,0.6232125163078308,0.8749310374259949,0.8122621774673462,0.7490717768669128,0.13351666927337646,0.812199592590332,0.8539077301771698,0.11294674391179263,0.08417938281123916,0.03061957743350363,0.08417938281123916,0.057399480122371394,0.17262830482115085,0.2855750487329435,0.695852534562212,0.6116731517509728,0.10630841121495327,0.1369279886484569
grid_stage1,FORGE,10.0,10,20,750,20,1,0.598774790763855,0.8891474604606628,0.8168550729751587,0.7439610958099365,0.11917387694120407,0.8262887597084045,0.875586028016496,0.24330447081681214,0.42422696115765424,0.11196589114730338,0.42422696115765424,0.2680964261524788,0.019042717447246525,0.2623471882640587,0.15346534653465346,0.5776923076923077,0.0034462952326249283,0.11541218637992831,0.6420071125030518,0.8757396936416626,0.8175486326217651,0.7588734030723572,0.12691630423069,0.8155146837234497,0.8706181796595196,0.14086615233418945,0.015910129474486,0.03638250171388337,0.03638250171388337,0.026146315594184684,0.17086978898610397,0.3117359413202934,0.6782178217821783,0.6623076923076923,0.11200459506031017,0.14838709677419354
grid_stage1,FORGE,10.0,10,20,750,20,2,0.6292645931243896,0.8962664008140564,0.8297925591468811,0.7627655267715454,0.11376059800386429,0.8378915786743164,0.8834218981474269,0.22550019076919808,0.36104661287513784,0.09446641282618282,0.36104661287513784,0.22775651285066034,0.0347871235721703,0.26028731434136837,0.24299065420560748,0.6040372670807453,0.008761682242990653,0.10322809506917346,0.6233681440353394,0.871806263923645,0.8099541068077087,0.7475872039794922,0.14090067148208618,0.808718740940094,0.8459941295075999,0.057705217215194476,0.0595866953038835,0.043797429326366794,0.0595866953038835,0.051692062315125145,0.21962616822429906,0.27733138543949354,0.6869158878504673,0.6273291925465838,0.16121495327102803,0.11741752394466123
grid_stage1,FORGE,10.0,10,30,2000,40,0,0.6013877987861633,0.8908361792564392,0.8187739253044128,0.7461119890213013,0.1187206506729126,0.8286092877388,0.8755487056028584,0.2409336261857339,0.450795244669978,0.10692215374312493,0.450795244669978,0.2788586992065515,0.017107309486780714,0.2580409356725146,0.1336405529953917,0.5844357976653697,0.002336448598130841,0.10925860234125577,0.6012157201766968,0.8505013585090637,0.7884382009506226,0.7258585691452026,0.14456264674663544,0.7825294137001038,0.8469393122860389,0.07750053810870708,0.09219100216966414,0.007608998352302304,0.09219100216966414,0.04990000026098322,0.24364955935717988,0.32115009746588696,0.7373271889400922,0.645136186770428,0.1810747663551402,0.1734657680028379
grid_stage1,FORGE,10.0,10,30,2000,40,1,0.6109840273857117,0.8919949531555176,0.8220334053039551,0.751489520072937,0.11606191843748093,0.8309298753738403,0.8832425595417395,0.2442311249586315,0.4274028941355674,0.10874008469569049,0.4274028941355674,0.26807148941562897,0.02007205352547607,0.26430317848410756,0.16336633663366337,0.5907692307692308,0.0034462952326249283,0.11218637992831541,0.5870503783226013,0.8329647183418274,0.7717409133911133,0.7100075483322144,0.15521082282066345,0.7621415257453918,0.8343948670220035,0.08231517566035429,0.044744859101294665,0.014754631602568458,0.044744859101294665,0.02974974535193156,0.2712300566134843,0.3535452322738386,0.7178217821782178,0.6730769230769231,0.21941412981045377,0.20465949820788532
grid_stage1,FORGE,10.0,10,30,2000,40,2,0.6408056616783142,0.8973894119262695,0.8335093259811401,0.7690975666046143,0.1123751550912857,0.840377926826477,0.8870661232679973,0.2390209102762778,0.3999100249608174,0.10037156080402343,0.3999100249608174,0.2501407928824204,0.03271028037383177,0.2717311906501096,0.22897196261682243,0.6288819875776398,0.008177570093457943,0.10854913089748137,0.6487444639205933,0.863034188747406,0.8096837997436523,0.7558892965316772,0.13580289483070374,0.8029173016548157,0.8720156395607004,0.1473049204799647,0.04119986068381032,0.04938866105499068,0.04938866105499068,0.0452942608694005,0.2118380062305296,0.3591429267104943,0.7663551401869159,0.7251552795031055,0.1425233644859813,0.19191202554097198
grid_stage1,FORGE,10.0,10,30,4500,60,0,0.6013877987861633,0.8908361792564392,0.8187739253044128,0.7461119890213013,0.1187206506729126,0.8286092877388,0.8755487056028584,0.2409336261857339,0.450795244669978,0.10692215374312493,0.450795244669978,0.2788586992065515,0.017107309486780714,0.2580409356725146,0.1336405529953917,0.5844357976653697,0.002336448598130841,0.10925860234125577,0.6032689809799194,0.8465693593025208,0.7859962582588196,0.7249191999435425,0.14511039853096008,0.778717041015625,0.852158793057796,0.14073740598255619,0.014226541627068823,0.05014351049122609,0.05014351049122609,0.032185026059147456,0.2130637636080871,0.3538011695906433,0.663594470046083,0.6778210116731518,0.15595794392523366,0.20610145441645975
grid_stage1,FORGE,10.0,10,30,4500,60,1,0.6109840273857117,0.8919949531555176,0.8220334053039551,0.751489520072937,0.11606191843748093,0.8309298753738403,0.8832425595417395,0.2442311249586315,0.4274028941355674,0.10874008469569049,0.4274028941355674,0.26807148941562897,0.02007205352547607,0.26430317848410756,0.16336633663366337,0.5907692307692308,0.0034462952326249283,0.11218637992831541,0.606930136680603,0.8265647888183594,0.7718836665153503,0.7167474627494812,0.15794359147548676,0.7593237161636353,0.8511238307725357,0.11460373706880822,0.05284843869002287,0.015412803995561414,0.05284843869002287,0.03413062134279214,0.2856407617086979,0.4002444987775061,0.7920792079207921,0.7392307692307692,0.22688110281447443,0.24229390681003585
grid_stage1,FORGE,10.0,10,30,4500,60,2,0.6408056616783142,0.8973894119262695,0.8335093259811401,0.7690975666046143,0.1123751550912857,0.840377926826477,0.8870661232679973,0.2390209102762778,0.3999100249608174,0.10037156080402343,0.3999100249608174,0.2501407928824204,0.03271028037383177,0.2717311906501096,0.22897196261682243,0.6288819875776398,0.008177570093457943,0.10854913089748137,0.6166977882385254,0.8272213339805603,0.7748085260391235,0.7219595909118652,0.15443994104862213,0.7618100643157959,0.8580845343852571,0.08263188674908806,0.034313867765716655,0.024198695102989415,0.034313867765716655,0.029256281434353035,0.3161993769470405,0.39883126369612854,0.7990654205607477,0.764751552795031,0.2558411214953271,0.2316424263923377
grid_stage1,FORGE,10.0,10,30,750,20,0,0.6013877987861633,0.8908361792564392,0.8187739253044128,0.7461119890213013,0.1187206506729126,0.8286092877388,0.8755487056028584,0.2409336261857339,0.450795244669978,0.10692215374312493,0.450795244669978,0.2788586992065515,0.017107309486780714,0.2580409356725146,0.1336405529953917,0.5844357976653697,0.002336448598130841,0.10925860234125577,0.607201874256134,0.8684588670730591,0.8034152984619141,0.737830400466919,0.13473324477672577,0.8029173016548157,0.8426714795927214,0.04770977902679632,0.09280065986479946,0.043213317176834104,0.09280065986479946,0.06800698852081678,0.22032141005702435,0.2680311890838207,0.6912442396313364,0.598443579766537,0.16063084112149534,0.11741752394466123
grid_stage1,FORGE,10.0,10,30,750,20,1,0.6109840273857117,0.8919949531555176,0.8220334053039551,0.751489520072937,0.11606191843748093,0.8309298753738403,0.8832425595417395,0.2442311249586315,0.4274028941355674,0.10874008469569049,0.4274028941355674,0.26807148941562897,0.02007205352547607,0.26430317848410756,0.16336633663366337,0.5907692307692308,0.0034462952326249283,0.11218637992831541,0.6319283246994019,0.8774991631507874,0.8163608312606812,0.754713773727417,0.12422698736190796,0.8161776661872864,0.8707742284913429,0.11587593606036087,0.07989337395277984,0.021259771193995136,0.07989337395277984,0.05057657257338749,0.1718991250643335,0.28777506112469436,0.7029702970297029,0.6230769230769231,0.1102814474439977,0.13154121863799284
grid_stage1,FORGE,10.0,10,30,750,20,2,0.6408056616783142,0.8973894119262695,0.8335093259811401,0.7690975666046143,0.1123751550912857,0.840377926826477,0.8870661232679973,0.2390209102762778,0.3999100249608174,0.10037156080402343,0.3999100249608174,0.2501407928824204,0.03271028037383177,0.2717311906501096,0.22897196261682243,0.6288819875776398,0.008177570093457943,0.10854913089748137,0.6431688666343689,0.8830196857452393,0.8233054280281067,0.7630943059921265,0.12330113351345062,0.8238024115562439,0.872984552928913,0.08048260435226842,0.05725750275729957,0.021499844181505343,0.05725750275729957,0.03937867346940246,0.19003115264797507,0.2705137570002435,0.6869158878504673,0.6296583850931677,0.12792056074766356,0.10642071656615822
grid_stage1,FORGE,10.0,15,10,2000,40,0,0.5355236530303955,0.8825667500495911,0.7961654663085938,0.7090451717376709,0.13153843581676483,0.812531054019928,0.8388700301312366,0.18999784756517177,0.32963832953791533,0.08465917190758306,0.32963832953791533,0.2071487507227492,0.025401762571280455,0.21539961013645223,0.15207373271889402,0.48171206225680935,0.009345794392523364,0.09400496630010642,0.6098191142082214,0.8157637715339661,0.7644909620285034,0.7127914428710938,0.15710507333278656,0.7497099041938782,0.8491664611974734,0.14719167886885004,0.002582079649984692,0.051519976262544204,0.051519976262544204,0.027051027956264448,0.29237947122861585,0.4395711500974659,0.783410138248848,0.7859922178988327,0.23014018691588786,0.28166016317843207
grid_stage1,FORGE,10.0,15,10,2000,40,1,0.581163763999939,0.8842818140983582,0.8088163137435913,0.7327227592468262,0.12417822331190109,0.818664014339447,0.8656664945525441,0.23495363583398243,0.41797410510281796,0.10808314753396371,0.41797410510281796,0.26302862631839086,0.024704065877509007,0.25965770171149144,0.14356435643564355,0.5615384615384615,0.010913268236645606,0.11899641577060932,0.6215159893035889,0.8233863711357117,0.7731279134750366,0.7224512100219727,0.15890666842460632,0.7591579556465149,0.8518484586577861,0.12272605440884271,0.05466108149276461,0.01732473612372079,0.05466108149276461,0.0359929088082427,0.30416881111682964,0.42689486552567235,0.8415841584158416,0.786923076923077,0.24181504882251578,0.2591397849462366
grid_stage1,FORGE,10.0,15,10,2000,40,2,0.6069950461387634,0.8889124393463135,0.8187251687049866,0.7479537725448608,0.11717680841684341,0.8267859816551208,0.8780226379540735,0.233664202216867,0.37588523828873277,0.10819708884637955,0.37588523828873277,0.24204116356755617,0.03271028037383177,0.2663744825906988,0.21495327102803738,0.5908385093167702,0.009929906542056074,0.11812699538843562,0.645196795463562,0.8471481204032898,0.7968695163726807,0.7461724281311035,0.14244084060192108,0.7863417863845825,0.8735708380880227,0.1649785678580829,0.060036570499796826,0.07168106606372646,0.07168106606372646,0.06585881828176164,0.24091381100726894,0.40589237886535184,0.8317757009345794,0.7717391304347826,0.16705607476635514,0.2387371408300816
grid_stage1,FORGE,10.0,15,10,4500,60,0,0.5355236530303955,0.8825667500495911,0.7961654663085938,0.7090451717376709,0.13153843581676483,0.812531054019928,0.8388700301312366,0.18999784756517177,0.32963832953791533,0.08465917190758306,0.32963832953791533,0.2071487507227492,0.025401762571280455,0.21539961013645223,0.15207373271889402,0.48171206225680935,0.009345794392523364,0.09400496630010642,0.6223868727684021,0.8278025984764099,0.7766614556312561,0.725094735622406,0.15461111068725586,0.7634676098823547,0.856407229851113,0.11053889692262453,0.05978231634061937,0.013147185486999086,0.05978231634061937,0.03646475091380923,0.3022291342664593,0.41276803118908384,0.8341013824884793,0.77431906614786,0.23481308411214954,0.24796026959914863
grid_stage1,FORGE,10.0,15,10,4500,60,1,0.581163763999939,0.8842818140983582,0.8088163137435913,0.7327227592468262,0.12417822331190109,0.818664014339447,0.8656664945525441,0.23495363583398243,0.41797410510281796,0.10808314753396371,0.41797410510281796,0.26302862631839086,0.024704065877509007,0.25965770171149144,0.14356435643564355,0.5615384615384615,0.010913268236645606,0.11899641577060932,0.6348954439163208,0.8336349129676819,0.7841559648513794,0.7342652082443237,0.15107613801956177,0.7714238166809082,0.8665008121298432,0.14324797058464528,0.11296268088347294,0.047054693981747386,0.11296268088347294,0.08000868743261016,0.2799794132784354,0.4232273838630807,0.8960396039603961,0.7830769230769231,0.20850086157380815,0.25555555555555554
grid_stage1,FORGE,10.0,15,10,4500,60,2,0.6069950461387634,0.8889124393463135,0.8187251687049866,0.7479537725448608,0.11717680841684341,0.8267859816551208,0.8780226379540735,0.233664202216867,0.37588523828873277,0.10819708884637955,0.37588523828873277,0.24204116356755617,0.03271028037383177,0.2663744825906988,0.21495327102803738,0.5908385093167702,0.009929906542056074,0.11812699538843562,0.654703676700592,0.8485932350158691,0.8003216981887817,0.7516484260559082,0.1451340615749359,0.7894911170005798,0.874034649893719,0.1545799398792579,0.08423550240900912,0.05845452089128178,0.08423550240900912,0.07134501165014545,0.2554517133956386,0.4100316532748965,0.8738317757009346,0.7895962732919255,0.17815420560747663,0.23660872649875841
grid_stage1,FORGE,10.0,15,10,750,20,0,0.5355236530303955,0.8825667500495911,0.7961654663085938,0.7090451717376709,0.13153843581676483,0.812531054019928,0.8388700301312366,0.18999784756517177,0.32963832953791533,0.08465917190758306,0.32963832953791533,0.2071487507227492,0.025401762571280455,0.21539961013645223,0.15207373271889402,0.48171206225680935,0.009345794392523364,0.09400496630010642,0.6120930910110474,0.8585002422332764,0.7971537113189697,0.7352966666221619,0.14042207598686218,0.7926404476165771,0.8417946232801934,0.13482086285352227,0.03988237192705624,0.05078356811091625,0.05078356811091625,0.04533297001898624,0.19388284085018145,0.3287037037037037,0.6912442396313364,0.6513618677042802,0.1308411214953271,0.18162468960624334
grid_stage1,FORGE,10.0,15,10,750,20,1,0.581163763999939,0.8842818140983582,0.8088163137435913,0.7327227592468262,0.12417822331190109,0.818664014339447,0.8656664945525441,0.23495363583398243,0.41797410510281796,0.10808314753396371,0.41797410510281796,0.26302862631839086,0.024704065877509007,0.25965770171149144,0.14356435643564355,0.5615384615384615,0.010913268236645606,0.11899641577060932,0.6223032474517822,0.8583475947380066,0.7995810508728027,0.7403254508972168,0.14060728251934052,0.79396653175354,0.8502128112270522,0.17094076032450511,0.04984767707539983,0.06711073230685613,0.06711073230685613,0.05847920469112798,0.1806484817292846,0.3515892420537897,0.6386138613861386,0.6884615384615385,0.12751292360712235,0.19462365591397848
grid_stage1,FORGE,10.0,15,10,750,20,2,0.6069950461387634,0.8889124393463135,0.8187251687049866,0.7479537725448608,0.11717680841684341,0.8267859816551208,0.8780226379540735,0.233664202216867,0.37588523828873277,0.10819708884637955,0.37588523828873277,0.24204116356755617,0.03271028037383177,0.2663744825906988,0.21495327102803738,0.5908385093167702,0.009929906542056074,0.11812699538843562,0.6414414644241333,0.8633241653442383,0.8080833554267883,0.7523828148841858,0.13792140781879425,0.8020884990692139,0.8663413102400654,0.12399808244718574,0.11353543855575554,0.0367648765221312,0.11353543855575554,0.07515015753894337,0.2185877466251298,0.34258582907231555,0.8084112149532711,0.6948757763975155,0.14485981308411214,0.18162468960624334
grid_stage1,FORGE,10.0,15,20,2000,40,0,0.5733438730239868,0.8864637613296509,0.8085081577301025,0.7299038171768188,0.12234243750572205,0.8206530809402466,0.8658916045434601,0.22222866436871513,0.40416360343560037,0.10045423577658943,0.40416360343560037,0.2523089196060949,0.02021772939346812,0.24244639376218324,0.1382488479262673,0.5424124513618677,0.005257009345794392,0.10571124512238382,0.6168868541717529,0.8445945978164673,0.7879035472869873,0.7307407259941101,0.1489807516336441,0.7788828015327454,0.8555283163976759,0.12504623187483133,0.10684071796159156,0.04536928983234592,0.10684071796159156,0.07610500389696874,0.24313115603939867,0.36817738791423,0.8064516129032258,0.6996108949416342,0.17172897196261683,0.21709826179496275
grid_stage1,FORGE,10.0,15,20,2000,40,1,0.6033973693847656,0.8852319121360779,0.8150652647018433,0.7443146705627441,0.12030869722366333,0.8219791054725647,0.8755891137278596,0.2523521839416022,0.4168316831683168,0.12170321921855153,0.4168316831683168,0.26926745119343415,0.028821410190427176,0.28117359413202936,0.18316831683168316,0.6,0.010913268236645606,0.13261648745519714,0.655276894569397,0.8517245650291443,0.8028161525726318,0.7535006999969482,0.1409067064523697,0.7926404476165771,0.871725803100464,0.20195800359135108,0.005178979436405107,0.0936712926077585,0.0936712926077585,0.0494251360220818,0.21564590838908904,0.4176039119804401,0.7871287128712872,0.7923076923076923,0.14933946008041354,0.24301075268817204
grid_stage1,FORGE,10.0,15,20,2000,40,2,0.6306901574134827,0.8923142552375793,0.8271793127059937,0.761502206325531,0.11386095732450485,0.8332504630088806,0.8864664666929785,0.2411011668399898,0.36176496197828995,0.11186980535949316,0.36176496197828995,0.23681738366889155,0.03842159916926272,0.2795227660092525,0.2616822429906542,0.6234472049689441,0.010514018691588784,0.12238382405108195,0.6333601474761963,0.8363897800445557,0.7858427166938782,0.734874963760376,0.1477276235818863,0.7737444043159485,0.8700845720015482,0.10985992307032971,0.08729755616183899,0.011933583195472636,0.08729755616183899,0.04961556967865581,0.29335410176531673,0.40321402483564645,0.8598130841121495,0.7725155279503105,0.22254672897196262,0.23448031216743526
grid_stage1,FORGE,10.0,15,20,4500,60,0,0.5733438730239868,0.8864637613296509,0.8085081577301025,0.7299038171768188,0.12234243750572205,0.8206530809402466,0.8658916045434601,0.22222866436871513,0.40416360343560037,0.10045423577658943,0.40416360343560037,0.2523089196060949,0.02021772939346812,0.24244639376218324,0.1382488479262673,0.5424124513618677,0.005257009345794392,0.10571124512238382,0.6169983744621277,0.8294202089309692,0.7765348553657532,0.7232092618942261,0.15264692902565002,0.763964831829071,0.8548823741522009,0.13301668288571783,0.07696390467822622,0.04686034021476429,0.07696390467822622,0.06191212244649526,0.27682737169517885,0.4098440545808967,0.8294930875576036,0.7525291828793774,0.20677570093457945,0.25363604114934374
grid_stage1,FORGE,10.0,15,20,4500,60,1,0.6033973693847656,0.8852319121360779,0.8150652647018433,0.7443146705627441,0.12030869722366333,0.8219791054725647,0.8755891137278596,0.2523521839416022,0.4168316831683168,0.12170321921855153,0.4168316831683168,0.26926745119343415,0.028821410190427176,0.28117359413202936,0.18316831683168316,0.6,0.010913268236645606,0.13261648745519714,0.6455869674682617,0.8470755219459534,0.7969120740890503,0.7463312149047852,0.14534595608711243,0.7863417863845825,0.8702024902572336,0.19632232564519111,0.01779893373952779,0.09445257638361343,0.09445257638361343,0.05612575506157061,0.22079258878023675,0.41711491442542786,0.7970297029702971,0.7792307692307693,0.15393452039058012,0.24838709677419354
grid_stage1,FORGE,10.0,15,20,4500,60,2,0.6306901574134827,0.8923142552375793,0.8271793127059937,0.761502206325531,0.11386095732450485,0.8332504630088806,0.8864664666929785,0.2411011668399898,0.36176496197828995,0.11186980535949316,0.36176496197828995,0.23681738366889155,0.03842159916926272,0.2795227660092525,0.2616822429906542,0.6234472049689441,0.010514018691588784,0.12238382405108195,0.6561973690986633,0.8557646870613098,0.8060795664787292,0.7559810280799866,0.14339354634284973,0.7967843413352966,0.8746342329994203,0.13036021624048905,0.09973442851338021,0.03266283032692044,0.09973442851338021,0.06619862942015033,0.2533748701973001,0.38373508643778914,0.8644859813084113,0.764751552795031,0.17698598130841123,0.20964881163533167
grid_stage1,FORGE,10.0,15,20,750,20,0,0.5733438730239868,0.8864637613296509,0.8085081577301025,0.7299038171768188,0.12234243750572205,0.8206530809402466,0.8658916045434601,0.22222866436871513,0.40416360343560037,0.10045423577658943,0.40416360343560037,0.2523089196060949,0.02021772939346812,0.24244639376218324,0.1382488479262673,0.5424124513618677,0.005257009345794392,0.10571124512238382,0.6146373152732849,0.8674537539482117,0.804511547088623,0.7410455346107483,0.13372449576854706,0.8027515411376953,0.848014462288346,0.0846732998038556,0.02636231598199723,0.012500704498513093,0.02636231598199723,0.019431510240255162,0.2052877138413686,0.2899610136452242,0.6543778801843319,0.6280155642023346,0.1483644859813084,0.13586378148279532
grid_stage1,FORGE,10.0,15,20,750,20,1,0.6033973693847656,0.8852319121360779,0.8150652647018433,0.7443146705627441,0.12030869722366333,0.8219791054725647,0.8755891137278596,0.2523521839416022,0.4168316831683168,0.12170321921855153,0.4168316831683168,0.26926745119343415,0.028821410190427176,0.28117359413202936,0.18316831683168316,0.6,0.010913268236645606,0.13261648745519714,0.635413408279419,0.8708048462867737,0.8122008442878723,0.7531090974807739,0.12828941643238068,0.8092159628868103,0.8673320439957788,0.16930376362014227,0.023503427265803456,0.07418201956194583,0.07418201956194583,0.04884272341387464,0.159547092125579,0.32885085574572126,0.6881188118811881,0.6646153846153846,0.09821941412981046,0.17240143369175628
grid_stage1,FORGE,10.0,15,20,750,20,2,0.6306901574134827,0.8923142552375793,0.8271793127059937,0.761502206325531,0.11386095732450485,0.8332504630088806,0.8864664666929785,0.2411011668399898,0.36176496197828995,0.11186980535949316,0.36176496197828995,0.23681738366889155,0.03842159916926272,0.2795227660092525,0.2616822429906542,0.6234472049689441,0.010514018691588784,0.12238382405108195,0.6503759622573853,0.8742393851280212,0.8185054063796997,0.7623076438903809,0.12510354816913605,0.8150174021720886,0.8755780198608138,0.1163286297158487,0.08778371161548726,0.02192461534381185,0.08778371161548726,0.054854163479649554,0.20093457943925233,0.31726320915510103,0.7663551401869159,0.6785714285714286,0.1302570093457944,0.15218162468960625
grid_stage1,FORGE,10.0,15,30,2000,40,0,0.5877742767333984,0.8894261717796326,0.8143256902694702,0.7386002540588379,0.11905407160520554,0.8256257176399231,0.874505294346007,0.22612729984629798,0.40590292097760405,0.10078762933763878,0.40590292097760405,0.2533452751576214,0.02021772939346812,0.2463450292397661,0.15207373271889402,0.5579766536964981,0.0035046728971962616,0.10429230223483504,0.6190475821495056,0.8605072498321533,0.8003924489021301,0.7397774457931519,0.1407472789287567,0.7957898378372192,0.8533552409044249,0.10043457962341487,0.1528770463877781,0.025538692715982664,0.1528770463877781,0.08920786955188038,0.21876620010368067,0.31920077972709554,0.7972350230414746,0.6443579766536965,0.14544392523364486,0.17098261794962752
grid_stage1,FORGE,10.0,15,30,2000,40,1,0.6105804443359375,0.8865582942962646,0.8178497552871704,0.7485693693161011,0.11836469173431396,0.824299693107605,0.8800655992848203,0.25501600001006686,0.41616146230007617,0.12263602469639046,0.41616146230007617,0.26939874349823334,0.029336078229541946,0.2843520782396088,0.19306930693069307,0.6092307692307692,0.010338885697874785,0.13297491039426523,0.6326647400856018,0.8505130410194397,0.7962766289710999,0.7415888905525208,0.14225852489471436,0.7875020503997803,0.8620678204092476,0.15203017036896288,0.0030083777608529427,0.04539948408507449,0.04539948408507449,0.024203930922963718,0.22645393721049922,0.3784841075794621,0.7376237623762376,0.7346153846153847,0.167145318782309,0.2125448028673835
grid_stage1,FORGE,10.0,15,30,2000,40,2,0.637233316898346,0.8945229649543762,0.8304671049118042,0.7658781409263611,0.11212030053138733,0.8365655541419983,0.8900732224612752,0.24269103657838187,0.37264903929877524,0.11007478458921935,0.37264903929877524,0.2413619119439973,0.036344755970924195,0.27903579254930605,0.2570093457943925,0.6296583850931677,0.008761682242990653,0.11883646683221,0.641791045665741,0.8545793294906616,0.8016026616096497,0.7481851577758789,0.13978058099746704,0.7931377291679382,0.8696396418106249,0.1393768105058835,0.0910634469147269,0.04924734694148186,0.0910634469147269,0.07015539692810438,0.2336448598130841,0.3730216703189676,0.822429906542056,0.7313664596273292,0.16004672897196262,0.20929407591344448
grid_stage1,FORGE,10.0,15,30,4500,60,0,0.5877742767333984,0.8894261717796326,0.8143256902694702,0.7386002540588379,0.11905407160520554,0.8256257176399231,0.874505294346007,0.22612729984629798,0.40590292097760405,0.10078762933763878,0.40590292097760405,0.2533452751576214,0.02021772939346812,0.2463450292397661,0.15207373271889402,0.5579766536964981,0.0035046728971962616,0.10429230223483504,0.6296515464782715,0.8555299639701843,0.7992943525314331,0.7425907850265503,0.14256389439105988,0.7921432256698608,0.8592418965546123,0.18624397090878225,0.069974358514587,0.110853877062523,0.110853877062523,0.090414117788555,0.1855883877656817,0.37183235867446396,0.7695852534562212,0.6996108949416342,0.11156542056074767,0.22241929762327067
grid_stage1,FORGE,10.0,15,30,4500,60,1,0.6105804443359375,0.8865582942962646,0.8178497552871704,0.7485693693161011,0.11836469173431396,0.824299693107605,0.8800655992848203,0.25501600001006686,0.41616146230007617,0.12263602469639046,0.41616146230007617,0.26939874349823334,0.029336078229541946,0.2843520782396088,0.19306930693069307,0.6092307692307692,0.010338885697874785,0.13297491039426523,0.610520601272583,0.8298201560974121,0.7752224802970886,0.7201703786849976,0.1553078293800354,0.763136088848114,0.8518943769816513,0.11987876988046864,0.019299314546839308,0.015205902758477302,0.019299314546839308,0.017252608652658305,0.27792074112197634,0.397799511002445,0.7623762376237624,0.7430769230769231,0.22171165996553704,0.23691756272401435
grid_stage1,FORGE,10.0,15,30,4500,60,2,0.637233316898346,0.8945229649543762,0.8304671049118042,0.7658781409263611,0.11212030053138733,0.8365655541419983,0.8900732224612752,0.24269103657838187,0.37264903929877524,0.11007478458921935,0.37264903929877524,0.2413619119439973,0.036344755970924195,0.27903579254930605,0.2570093457943925,0.6296583850931677,0.008761682242990653,0.11883646683221,0.6300467252731323,0.8401187062263489,0.7878183722496033,0.735082745552063,0.15030519664287567,0.7767279744148254,0.8631127010524627,0.14252014075201747,0.04130144540546821,0.046772277900627574,0.046772277900627574,0.04403686165304789,0.25752855659397716,0.40004869734599463,0.7990654205607477,0.7577639751552795,0.18983644859813084,0.23660872649875841
grid_stage1,FORGE,10.0,15,30,750,20,0,0.5877742767333984,0.8894261717796326,0.8143256902694702,0.7386002540588379,0.11905407160520554,0.8256257176399231,0.874505294346007,0.22612729984629798,0.40590292097760405,0.10078762933763878,0.40590292097760405,0.2533452751576214,0.02021772939346812,0.2463450292397661,0.15207373271889402,0.5579766536964981,0.0035046728971962616,0.10429230223483504,0.6240109801292419,0.8806638121604919,0.8167665004730225,0.7523373961448669,0.12343582510948181,0.8188297748565674,0.8673642235571435,0.08705613610663954,0.11291219136079178,0.00484922902998014,0.11291219136079178,0.05888071019538596,0.17366511145671332,0.26072124756335285,0.7004608294930875,0.5875486381322957,0.10689252336448599,0.11174175239446613
grid_stage1,FORGE,10.0,15,30,750,20,1,0.6105804443359375,0.8865582942962646,0.8178497552871704,0.7485693693161011,0.11836469173431396,0.824299693107605,0.8800655992848203,0.25501600001006686,0.41616146230007617,0.12263602469639046,0.41616146230007617,0.26939874349823334,0.029336078229541946,0.2843520782396088,0.19306930693069307,0.6092307692307692,0.010338885697874785,0.13297491039426523,0.6288859844207764,0.8723546266555786,0.8117396831512451,0.7506203055381775,0.12988317012786865,0.8100447654724121,0.8618180247274215,0.1440825129893908,0.014798172124904752,0.04039865030396983,0.04039865030396983,0.02759841121443729,0.1652084405558415,0.3092909535452323,0.6336633663366337,0.6484615384615384,0.11085582998276852,0.15125448028673835
grid_stage1,FORGE,10.0,15,30,750,20,2,0.637233316898346,0.8945229649543762,0.8304671049118042,0.7658781409263611,0.11212030053138733,0.8365655541419983,0.8900732224612752,0.24269103657838187,0.37264903929877524,0.11007478458921935,0.37264903929877524,0.2413619119439973,0.036344755970924195,0.27903579254930605,0.2570093457943925,0.6296583850931677,0.008761682242990653,0.11883646683221,0.6546041965484619,0.8808382749557495,0.8245141506195068,0.7677212357521057,0.12226884812116623,0.8228079080581665,0.8773249733085967,0.12321831809076064,0.0744978812329482,0.028304470996210626,0.0744978812329482,0.051401176114579415,0.1801661474558671,0.30338446554662774,0.7383177570093458,0.6638198757763976,0.11039719626168225,0.13870166725789287
grid_stage1,FORGE,10.0,5,10,2000,40,0,0.5382585525512695,0.8698607683181763,0.7873037457466125,0.7040596604347229,0.1414356380701065,0.796950101852417,0.8225876128966277,0.21415817061229192,0.3240223062991985,0.11371020412222801,0.3240223062991985,0.21886625521071323,0.04510108864696734,0.25925925925925924,0.19815668202764977,0.5221789883268483,0.02570093457943925,0.13941113870166727,0.5796936750411987,0.8264636993408203,0.765026867389679,0.7030786871910095,0.17440924048423767,0.7543510794639587,0.815594068498678,0.06641928824133947,0.06651006831752415,0.02009395523699331,0.06651006831752415,0.04330201177725873,0.2903058579574909,0.3567251461988304,0.7373271889400922,0.670817120622568,0.2336448598130841,0.2135509045760908
grid_stage1,FORGE,10.0,5,10,2000,40,1,0.48342427611351013,0.8728699684143066,0.7759119868278503,0.6781471371650696,0.1356237828731537,0.7959555983543396,0.8416889009313264,0.17137174761887383,0.3058035034272658,0.07760361016924727,0.3058035034272658,0.19170355679825654,0.029850746268656716,0.20122249388753055,0.1188118811881188,0.4246153846153846,0.019529006318207927,0.09713261648745519,0.5758514404296875,0.7992674708366394,0.7436448931694031,0.6875594854354858,0.17567817866802216,0.7274987697601318,0.8119204556508339,0.09381416834552475,0.07485910129474482,0.0192379034831463,0.07485910129474482,0.04704850238894556,0.3299022130725682,0.4237163814180929,0.6782178217821783,0.7530769230769231,0.28948879954049395,0.27025089605734764
grid_stage1,FORGE,10.0,5,10,2000,40,2,0.5834296941757202,0.8858621716499329,0.8105673789978027,0.7346459627151489,0.1270173043012619,0.8208188414573669,0.8507693413122972,0.17155650219555246,0.23897805770012187,0.06286033026890295,0.23897805770012187,0.15091919398451242,0.06438213914849429,0.23593864134404674,0.29906542056074764,0.5380434782608695,0.035046728971962614,0.09790705924086555,0.5642489790916443,0.8218123316764832,0.7576883435249329,0.6930306553840637,0.17842264473438263,0.7470578551292419,0.8001059280629579,0.09799771987193057,0.028516282579671426,0.01725192535299519,0.028516282579671426,0.022884103966333308,0.26479750778816197,0.36279522766009253,0.6822429906542056,0.6537267080745341,0.21261682242990654,0.22986874778290173
grid_stage1,FORGE,10.0,5,10,4500,60,0,0.5382585525512695,0.8698607683181763,0.7873037457466125,0.7040596604347229,0.1414356380701065,0.796950101852417,0.8225876128966277,0.21415817061229192,0.3240223062991985,0.11371020412222801,0.3240223062991985,0.21886625521071323,0.04510108864696734,0.25925925925925924,0.19815668202764977,0.5221789883268483,0.02570093457943925,0.13941113870166727,0.5614424347877502,0.8131425976753235,0.7504783272743225,0.6872925162315369,0.17641881108283997,0.737941324710846,0.8145688776327361,0.07957225663086348,0.06890566443723223,0.0030278931681878285,0.06890566443723223,0.03596677880271003,0.2944530844997408,0.37402534113060426,0.7327188940092166,0.6638132295719844,0.2389018691588785,0.24192976232706634
grid_stage1,FORGE,10.0,5,10,4500,60,1,0.48342427611351013,0.8728699684143066,0.7759119868278503,0.6781471371650696,0.1356237828731537,0.7959555983543396,0.8416889009313264,0.17137174761887383,0.3058035034272658,0.07760361016924727,0.3058035034272658,0.19170355679825654,0.029850746268656716,0.20122249388753055,0.1188118811881188,0.4246153846153846,0.019529006318207927,0.09713261648745519,0.5916230082511902,0.810817301273346,0.7562457919120789,0.7012201547622681,0.17016927897930145,0.741422176361084,0.8289455742229663,0.1256722458024354,0.05702970297029708,0.016304846841616594,0.05702970297029708,0.03666727490595684,0.29902213072568196,0.42469437652811737,0.7029702970297029,0.76,0.2521539345203906,0.2684587813620072
grid_stage1,FORGE,10.0,5,10,4500,60,2,0.5834296941757202,0.8858621716499329,0.8105673789978027,0.7346459627151489,0.1270173043012619,0.8208188414573669,0.8507693413122972,0.17155650219555246,0.23897805770012187,0.06286033026890295,0.23897805770012187,0.15091919398451242,0.06438213914849429,0.23593864134404674,0.29906542056074764,0.5380434782608695,0.035046728971962614,0.09790705924086555,0.5720536112785339,0.8138899207115173,0.7536814212799072,0.6929717659950256,0.17920131981372833,0.7405933737754822,0.8067866401040794,0.10141677418767597,0.005282405526208844,0.013168527647836936,0.013168527647836936,0.00922546658702289,0.2881619937694704,0.38957876795714635,0.7009345794392523,0.6956521739130435,0.23656542056074767,0.2497339482085846
grid_stage1,FORGE,10.0,5,10,750,20,0,0.5382585525512695,0.8698607683181763,0.7873037457466125,0.7040596604347229,0.1414356380701065,0.796950101852417,0.8225876128966277,0.21415817061229192,0.3240223062991985,0.11371020412222801,0.3240223062991985,0.21886625521071323,0.04510108864696734,0.25925925925925924,0.19815668202764977,0.5221789883268483,0.02570093457943925,0.13941113870166727,0.5481963157653809,0.8240442872047424,0.7553680539131165,0.6861202716827393,0.1711120903491974,0.7467263340950012,0.7841748411079055,0.10372803228045921,0.02732342340726923,0.031998736875607114,0.031998736875607114,0.029661080141438173,0.2410575427682737,0.3447855750487329,0.6405529953917051,0.6132295719844358,0.19042056074766356,0.22241929762327067
grid_stage1,FORGE,10.0,5,10,750,20,1,0.48342427611351013,0.8728699684143066,0.7759119868278503,0.6781471371650696,0.1356237828731537,0.7959555983543396,0.8416889009313264,0.17137174761887383,0.3058035034272658,0.07760361016924727,0.3058035034272658,0.19170355679825654,0.029850746268656716,0.20122249388753055,0.1188118811881188,0.4246153846153846,0.019529006318207927,0.09713261648745519,0.5797191858291626,0.847985565662384,0.7811968326568604,0.7138524055480957,0.15632405877113342,0.7767279744148254,0.8111710686053555,0.14156303047614974,0.06256664127951261,0.046083596334657084,0.06256664127951261,0.05432511880708485,0.18630983015954708,0.3278728606356968,0.5643564356435643,0.6269230769230769,0.1424468696151637,0.18853046594982079
grid_stage1,FORGE,10.0,5,10,750,20,2,0.5834296941757202,0.8858621716499329,0.8105673789978027,0.7346459627151489,0.1270173043012619,0.8208188414573669,0.8507693413122972,0.17155650219555246,0.23897805770012187,0.06286033026890295,0.23897805770012187,0.15091919398451242,0.06438213914849429,0.23593864134404674,0.29906542056074764,0.5380434782608695,0.035046728971962614,0.09790705924086555,0.5891043543815613,0.8485879898071289,0.7839859127998352,0.7188462018966675,0.15642933547496796,0.778717041015625,0.8235172201796119,0.12563118814697496,0.025338132002089786,0.04365155669306742,0.04365155669306742,0.0344948443475786,0.20404984423676012,0.3296810323837351,0.6588785046728972,0.6335403726708074,0.14719626168224298,0.1908478183753104
grid_stage1,FORGE,10.0,5,20,2000,40,0,0.5610042810440063,0.8824209570884705,0.802399754524231,0.721712589263916,0.12642168998718262,0.8145201206207275,0.8565482174727084,0.17662395144592083,0.27632197098746625,0.06989101822413331,0.27632197098746625,0.17310649460579977,0.05339554173146708,0.2300194931773879,0.23963133640552994,0.5159533073929962,0.029789719626168224,0.09968073785030153,0.5593621134757996,0.8281105756759644,0.7612018585205078,0.6937363147735596,0.17090405523777008,0.7526935338973999,0.8096990373462177,0.05669240493665478,0.0386917463106744,0.028130211216942452,0.0386917463106744,0.03341097876380843,0.2737169517884914,0.3304093567251462,0.663594470046083,0.6249027237354086,0.22429906542056074,0.1961688542036183
grid_stage1,FORGE,10.0,5,20,2000,40,1,0.5781010985374451,0.8834355473518372,0.8074182271957397,0.7307683229446411,0.12655335664749146,0.8173379898071289,0.8617451431637828,0.21597446541846035,0.3576999238385377,0.09552475712265229,0.3576999238385377,0.226612340480595,0.03757076685537828,0.2535452322738386,0.19306930693069307,0.5507692307692308,0.019529006318207927,0.11505376344086021,0.5740950703620911,0.8234466910362244,0.7613670825958252,0.6987708806991577,0.17571856081485748,0.7503729462623596,0.8078218962666124,0.10254376880457333,0.01999238385376989,0.010766893331604022,0.01999238385376989,0.015379638592686956,0.2676273803396809,0.37017114914425425,0.693069306930693,0.6730769230769231,0.2182653647329121,0.22903225806451613
grid_stage1,FORGE,10.0,5,20,2000,40,2,0.6144223809242249,0.8878905177116394,0.8198068141937256,0.7511564493179321,0.1197686493396759,0.8262887597084045,0.8690529158356062,0.19921727739358458,0.2668412956405643,0.08163998136808638,0.2668412956405643,0.17424063850432533,0.06593977154724819,0.26515704894083275,0.32710280373831774,0.593944099378882,0.03329439252336448,0.11493437389145086,0.5634532570838928,0.8234198689460754,0.7586975693702698,0.6934365630149841,0.17248693108558655,0.7485496401786804,0.8060268204154191,0.07311883745326536,0.02988767632205258,0.022931841012090837,0.02988767632205258,0.02640975866707171,0.2772585669781931,0.3503774044314585,0.6261682242990654,0.656055900621118,0.2336448598130841,0.21071301880099327
grid_stage1,FORGE,10.0,5,20,4500,60,0,0.5610042810440063,0.8824209570884705,0.802399754524231,0.721712589263916,0.12642168998718262,0.8145201206207275,0.8565482174727084,0.17662395144592083,0.27632197098746625,0.06989101822413331,0.27632197098746625,0.17310649460579977,0.05339554173146708,0.2300194931773879,0.23963133640552994,0.5159533073929962,0.029789719626168224,0.09968073785030153,0.5669065117835999,0.8248166441917419,0.7606062889099121,0.6958615779876709,0.17127679288387299,0.75053870677948,0.8097545801507648,0.07456822460505852,0.025279277017697943,0.01191638514353538,0.025279277017697943,0.01859783108061666,0.2763089683773976,0.3508771929824561,0.6774193548387096,0.6521400778210117,0.22546728971962618,0.2135509045760908
grid_stage1,FORGE,10.0,5,20,4500,60,1,0.5781010985374451,0.8834355473518372,0.8074182271957397,0.7307683229446411,0.12655335664749146,0.8173379898071289,0.8617451431637828,0.21597446541846035,0.3576999238385377,0.09552475712265229,0.3576999238385377,0.226612340480595,0.03757076685537828,0.2535452322738386,0.19306930693069307,0.5507692307692308,0.019529006318207927,0.11505376344086021,0.586499035358429,0.820030927658081,0.7618898153305054,0.7032649517059326,0.1709401160478592,0.7492126822471619,0.8256659773285439,0.1106012807558196,0.01890327494287891,0.007945830991540725,0.01890327494287891,0.013424552967209818,0.28255275347400927,0.39315403422982886,0.698019801980198,0.7169230769230769,0.23434807581849512,0.24229390681003585
grid_stage1,FORGE,10.0,5,20,4500,60,2,0.6144223809242249,0.8878905177116394,0.8198068141937256,0.7511564493179321,0.1197686493396759,0.8262887597084045,0.8690529158356062,0.19921727739358458,0.2668412956405643,0.08163998136808638,0.2668412956405643,0.17424063850432533,0.06593977154724819,0.26515704894083275,0.32710280373831774,0.593944099378882,0.03329439252336448,0.11493437389145086,0.5742896199226379,0.8120893836021423,0.7528858184814453,0.6931895017623901,0.18043756484985352,0.7392673492431641,0.8060468040699651,0.10914387486754246,0.022711441342079253,0.01663320989414288,0.022711441342079253,0.019672325618111067,0.28920041536863966,0.3983442902361821,0.6869158878504673,0.7096273291925466,0.23948598130841123,0.2561191912025541
grid_stage1,FORGE,10.0,5,20,750,20,0,0.5610042810440063,0.8824209570884705,0.802399754524231,0.721712589263916,0.12642168998718262,0.8145201206207275,0.8565482174727084,0.17662395144592083,0.27632197098746625,0.06989101822413331,0.27632197098746625,0.17310649460579977,0.05339554173146708,0.2300194931773879,0.23963133640552994,0.5159533073929962,0.029789719626168224,0.09968073785030153,0.5593667030334473,0.852114200592041,0.7792305946350098,0.7057404518127441,0.15386033058166504,0.7785512804985046,0.8108300240303445,0.08017289205387756,0.05109648729580951,0.005340098729250453,0.05109648729580951,0.028218293012529982,0.19906687402799378,0.27923976608187134,0.6082949308755761,0.5571984435797666,0.14719626168224298,0.15253636041149343
grid_stage1,FORGE,10.0,5,20,750,20,1,0.5781010985374451,0.8834355473518372,0.8074182271957397,0.7307683229446411,0.12655335664749146,0.8173379898071289,0.8617451431637828,0.21597446541846035,0.3576999238385377,0.09552475712265229,0.3576999238385377,0.226612340480595,0.03757076685537828,0.2535452322738386,0.19306930693069307,0.5507692307692308,0.019529006318207927,0.11505376344086021,0.5927786231040955,0.8539578914642334,0.7889336347579956,0.7233682870864868,0.14585226774215698,0.7850157618522644,0.8311835965934922,0.12908138675981867,0.07410510281797411,0.024210738688884376,0.07410510281797411,0.04915792075342924,0.1914565105506948,0.32053789731051346,0.5643564356435643,0.6384615384615384,0.1481906950028719,0.17240143369175628
grid_stage1,FORGE,10.0,5,20,750,20,2,0.6144223809242249,0.8878905177116394,0.8198068141937256,0.7511564493179321,0.1197686493396759,0.8262887597084045,0.8690529158356062,0.19921727739358458,0.2668412956405643,0.08163998136808638,0.2668412956405643,0.17424063850432533,0.06593977154724819,0.26515704894083275,0.32710280373831774,0.593944099378882,0.03329439252336448,0.11493437389145086,0.585056722164154,0.8628143072128296,0.7936626672744751,0.7239354848861694,0.14543265104293823,0.7938007712364197,0.8295341369309396,0.10493898799026358,0.02153596099146693,0.013973728007214054,0.02153596099146693,0.01775484449934049,0.17653167185877466,0.28147065984903824,0.5654205607476636,0.5869565217391305,0.12792056074766356,0.1418942887548776
grid_stage1,FORGE,10.0,5,30,2000,40,0,0.5736615657806396,0.8852424025535583,0.807669997215271,0.7294520139694214,0.12379370629787445,0.8191612958908081,0.8630503256013243,0.173726122373499,0.25878893291972244,0.06575954885572864,0.25878893291972244,0.16227424088772555,0.05702436495593572,0.2307504873294347,0.2672811059907834,0.5260700389105059,0.030373831775700934,0.09613338063142958,0.5542024970054626,0.8274514079093933,0.7594223022460938,0.690826952457428,0.1720387488603592,0.7512017488479614,0.7933410936525153,0.0825454967122316,0.04958668794491561,0.007650025030417756,0.04958668794491561,0.028618356487666682,0.25298081907724207,0.3355263157894737,0.663594470046083,0.6140077821011674,0.20093457943925233,0.2085846044696701
grid_stage1,FORGE,10.0,5,30,2000,40,1,0.6016319990158081,0.8853787779808044,0.814736008644104,0.7435053586959839,0.12247598171234131,0.8219791054725647,0.8701141801367763,0.22132902639655613,0.3607387661843108,0.09343412820465312,0.3607387661843108,0.22708644719448196,0.0478641276376737,0.26919315403422983,0.22772277227722773,0.5884615384615385,0.026995979322228605,0.12043010752688173,0.5700565576553345,0.8214872479438782,0.7588900327682495,0.6957719326019287,0.1701490432024002,0.7477208971977234,0.7982351788140347,0.10048509664811428,0.007448591012947481,0.007821484377412563,0.007821484377412563,0.007635037695180022,0.26968605249613997,0.37017114914425425,0.6782178217821783,0.6707692307692308,0.22228604250430786,0.23010752688172043
grid_stage1,FORGE,10.0,5,30,2000,40,2,0.6174643635749817,0.8877692818641663,0.8204730749130249,0.752616822719574,0.11852031201124191,0.8264545202255249,0.8721508965754775,0.2030808277335178,0.2528080919486852,0.08764914647933084,0.2528080919486852,0.170228619214008,0.06645898234683281,0.2695398100803506,0.34579439252336447,0.5986024844720497,0.03154205607476635,0.1191912025540972,0.5765542387962341,0.8450130224227905,0.7781764268875122,0.7107836008071899,0.1574624478816986,0.773081362247467,0.8166363777157567,0.09885447458066807,0.03699135078655602,0.004596023976156466,0.03699135078655602,0.020793687381356243,0.21962616822429906,0.31848064280496713,0.5887850467289719,0.6257763975155279,0.17348130841121495,0.17807733238737142
grid_stage1,FORGE,10.0,5,30,4500,60,0,0.5736615657806396,0.8852424025535583,0.807669997215271,0.7294520139694214,0.12379370629787445,0.8191612958908081,0.8630503256013243,0.173726122373499,0.25878893291972244,0.06575954885572864,0.25878893291972244,0.16227424088772555,0.05702436495593572,0.2307504873294347,0.2672811059907834,0.5260700389105059,0.030373831775700934,0.09613338063142958,0.5664501190185547,0.83087557554245,0.7650431990623474,0.6986628770828247,0.17292296886444092,0.756671667098999,0.8036276798301154,0.10698889525524544,0.023966719862289154,0.028638071762704997,0.028638071762704997,0.026302395812497076,0.23950233281493002,0.34649122807017546,0.6589861751152074,0.6350194552529183,0.1863317757009346,0.2149698474636396
grid_stage1,FORGE,10.0,5,30,4500,60,1,0.6016319990158081,0.8853787779808044,0.814736008644104,0.7435053586959839,0.12247598171234131,0.8219791054725647,0.8701141801367763,0.22132902639655613,0.3607387661843108,0.09343412820465312,0.3607387661843108,0.22708644719448196,0.0478641276376737,0.26919315403422983,0.22772277227722773,0.5884615384615385,0.026995979322228605,0.12043010752688173,0.5628742575645447,0.8086272478103638,0.7474435567855835,0.6857507228851318,0.18083392083644867,0.7337974309921265,0.8059044205313243,0.07479208795412529,0.04541507996953542,0.015608382279372252,0.04541507996953542,0.030511731124453836,0.3093154915079774,0.38410757946210267,0.7277227722772277,0.6823076923076923,0.2607696726019529,0.24516129032258063
grid_stage1,FORGE,10.0,5,30,4500,60,2,0.6174643635749817,0.8877692818641663,0.8204730749130249,0.752616822719574,0.11852031201124191,0.8264545202255249,0.8721508965754775,0.2030808277335178,0.2528080919486852,0.08764914647933084,0.2528080919486852,0.170228619214008,0.06645898234683281,0.2695398100803506,0.34579439252336447,0.5986024844720497,0.03154205607476635,0.1191912025540972,0.5568087697029114,0.8089194297790527,0.7461528778076172,0.6828640699386597,0.18052789568901062,0.7329686880111694,0.793646138261616,0.048772819295678616,0.004433447495211018,0.04547745107465029,0.04547745107465029,0.024955449284930653,0.32035306334371755,0.36912588263939616,0.677570093457944,0.6731366459627329,0.2757009345794392,0.23022348350478894
grid_stage1,FORGE,10.0,5,30,750,20,0,0.5736615657806396,0.8852424025535583,0.807669997215271,0.7294520139694214,0.12379370629787445,0.8191612958908081,0.8630503256013243,0.173726122373499,0.25878893291972244,0.06575954885572864,0.25878893291972244,0.16227424088772555,0.05702436495593572,0.2307504873294347,0.2672811059907834,0.5260700389105059,0.030373831775700934,0.09613338063142958,0.5674763917922974,0.8591518402099609,0.7865351438522339,0.7133141160011292,0.14690937101840973,0.7875020503997803,0.8235177344648392,0.09637261678474743,0.013480607505962139,0.011866655836728746,0.013480607505962139,0.012673631671345442,0.1767755313634007,0.27314814814814814,0.5483870967741935,0.5618677042801556,0.12967289719626168,0.14153955303299043
grid_stage1,FORGE,10.0,5,30,750,20,1,0.6016319990158081,0.8853787779808044,0.814736008644104,0.7435053586959839,0.12247598171234131,0.8219791054725647,0.8701141801367763,0.22132902639655613,0.3607387661843108,0.09343412820465312,0.3607387661843108,0.22708644719448196,0.0478641276376737,0.26919315403422983,0.22772277227722773,0.5884615384615385,0.026995979322228605,0.12043010752688173,0.5845564603805542,0.8542319536209106,0.7870924472808838,0.7193942070007324,0.14475397765636444,0.7841869592666626,0.8284697869184058,0.11433444865714429,0.0754455445544554,0.009437372745445594,0.0754455445544554,0.0424414586499505,0.1930005146680391,0.3073349633251834,0.5445544554455446,0.62,0.15221137277426766,0.16164874551971326
grid_stage1,FORGE,10.0,5,30,750,20,2,0.6174643635749817,0.8877692818641663,0.8204730749130249,0.752616822719574,0.11852031201124191,0.8264545202255249,0.8721508965754775,0.2030808277335178,0.2528080919486852,0.08764914647933084,0.2528080919486852,0.170228619214008,0.06645898234683281,0.2695398100803506,0.34579439252336447,0.5986024844720497,0.03154205607476635,0.1191912025540972,0.5997357964515686,0.8658995032310486,0.7996343374252319,0.7328176498413086,0.14447711408138275,0.7991049289703369,0.8241938726000879,0.11376898494857576,0.05650287339641258,0.01361899228532687,0.05650287339641258,0.035060932840869724,0.1754932502596054,0.2892622352081812,0.5560747663551402,0.6125776397515528,0.12792056074766356,0.14153955303299043
grid_stage1,FORGE,5.0,10,10,2000,40,0,0.5376884341239929,0.8859268426895142,0.7992279529571533,0.7118076086044312,0.12694287300109863,0.8170064687728882,0.8539215424089884,0.20979039529010882,0.46190535960838464,0.08561666826905545,0.46190535960838464,0.27376101393872004,0.00414722654224987,0.21393762183235868,0.03225806451612903,0.49416342412451364,0.0005841121495327102,0.08620078041858815,0.6348920464515686,0.8604811429977417,0.8043175935745239,0.7476866245269775,0.1482529491186142,0.7981103658676147,0.8524941070259885,0.09937806759858,0.10774085961735014,0.009226236850742447,0.10774085961735014,0.05848354823404629,0.2363919129082426,0.3357699805068226,0.7972350230414746,0.6894941634241245,0.16530373831775702,0.17452997516849947
grid_stage1,FORGE,5.0,10,10,2000,40,1,0.5519713163375854,0.8822606205940247,0.8000304698944092,0.7171159982681274,0.1293327361345291,0.8135256171226501,0.8476756952621987,0.23075676335462894,0.46444021325209445,0.10486639944496942,0.46444021325209445,0.2846533063485319,0.01080802882141019,0.24156479217603913,0.0594059405940594,0.5238461538461539,0.005169442848937392,0.11003584229390681,0.6319599151611328,0.8439934253692627,0.7912046909332275,0.7379766702651978,0.14978982508182526,0.7808718681335449,0.8600889977932755,0.14356570574326746,0.01920030464584921,0.03633371007886951,0.03633371007886951,0.02776700736235936,0.24909933093154915,0.3926650366748166,0.7722772277227723,0.7530769230769231,0.1883974727168294,0.22473118279569892
grid_stage1,FORGE,5.0,10,10,2000,40,2,0.5845661759376526,0.8913747668266296,0.8149904608726501,0.7379704713821411,0.12161494791507721,0.827780544757843,0.8598698388171321,0.17307507052392124,0.21334242758460553,0.06972028093743059,0.21334242758460553,0.14153135426101807,0.04776739356178609,0.22084246408570732,0.3037383177570093,0.5170807453416149,0.015771028037383176,0.08549130897481376,0.6458823084831238,0.8610662817955017,0.8074932098388672,0.7534742951393127,0.14218786358833313,0.800430953502655,0.8712971096288594,0.10443267212653423,0.057547744819179236,0.00025652034094411635,0.057547744819179236,0.028902132580061676,0.24350986500519212,0.34794253713172635,0.780373831775701,0.7228260869565217,0.1764018691588785,0.17665838949982263
grid_stage1,FORGE,5.0,10,10,4500,60,0,0.5376884341239929,0.8859268426895142,0.7992279529571533,0.7118076086044312,0.12694287300109863,0.8170064687728882,0.8539215424089884,0.20979039529010882,0.46190535960838464,0.08561666826905545,0.46190535960838464,0.27376101393872004,0.00414722654224987,0.21393762183235868,0.03225806451612903,0.49416342412451364,0.0005841121495327102,0.08620078041858815,0.6194196343421936,0.8391889333724976,0.78447425365448,0.729304313659668,0.1514948159456253,0.7739101648330688,0.8539991260089909,0.10493801897174249,0.04111961842600731,0.006817887963187053,0.04111961842600731,0.02396875319459718,0.2737169517884914,0.3786549707602339,0.7741935483870968,0.7330739299610894,0.2102803738317757,0.21709826179496275
grid_stage1,FORGE,5.0,10,10,4500,60,1,0.5519713163375854,0.8822606205940247,0.8000304698944092,0.7171159982681274,0.1293327361345291,0.8135256171226501,0.8476756952621987,0.23075676335462894,0.46444021325209445,0.10486639944496942,0.46444021325209445,0.2846533063485319,0.01080802882141019,0.24156479217603913,0.0594059405940594,0.5238461538461539,0.005169442848937392,0.11003584229390681,0.6299659013748169,0.8473424911499023,0.79322350025177,0.7386541962623596,0.15081854164600372,0.7838554382324219,0.8599191367296338,0.10720145164070888,0.06702970297029709,0.0013326086643238588,0.06702970297029709,0.034181155817310474,0.2624806999485332,0.36968215158924206,0.7970297029702971,0.73,0.20045950603101664,0.2017921146953405
grid_stage1,FORGE,5.0,10,10,4500,60,2,0.5845661759376526,0.8913747668266296,0.8149904608726501,0.7379704713821411,0.12161494791507721,0.827780544757843,0.8598698388171321,0.17307507052392124,0.21334242758460553,0.06972028093743059,0.21334242758460553,0.14153135426101807,0.04776739356178609,0.22084246408570732,0.3037383177570093,0.5170807453416149,0.015771028037383176,0.08549130897481376,0.6420961618423462,0.8553473353385925,0.8022554516792297,0.748721718788147,0.14518868923187256,0.79396653175354,0.8696246540697152,0.10542785776430635,0.06614616590236255,0.003222459081068718,0.06614616590236255,0.034684312491715635,0.254932502596054,0.36036036036036034,0.7990654205607477,0.7329192546583851,0.18691588785046728,0.190138346931536
grid_stage1,FORGE,5.0,10,10,750,20,0,0.5376884341239929,0.8859268426895142,0.7992279529571533,0.7118076086044312,0.12694287300109863,0.8170064687728882,0.8539215424089884,0.20979039529010882,0.46190535960838464,0.08561666826905545,0.46190535960838464,0.27376101393872004,0.00414722654224987,0.21393762183235868,0.03225806451612903,0.49416342412451364,0.0005841121495327102,0.08620078041858815,0.593350350856781,0.8576862812042236,0.7918761372566223,0.7255183458328247,0.15653158724308014,0.7891595959663391,0.8171959935123654,0.08222679993573015,0.058864243576180364,0.0030668477918530113,0.058864243576180364,0.030965545684016688,0.21358216692586832,0.29580896686159847,0.6682027649769585,0.6093385214007782,0.15595794392523366,0.15289109613338064
grid_stage1,FORGE,5.0,10,10,750,20,1,0.5519713163375854,0.8822606205940247,0.8000304698944092,0.7171159982681274,0.1293327361345291,0.8135256171226501,0.8476756952621987,0.23075676335462894,0.46444021325209445,0.10486639944496942,0.46444021325209445,0.2846533063485319,0.01080802882141019,0.24156479217603913,0.0594059405940594,0.5238461538461539,0.005169442848937392,0.11003584229390681,0.6005612015724182,0.8554012775421143,0.791955292224884,0.7279812097549438,0.14252164959907532,0.7876678109169006,0.8412830564176772,0.09346535176742543,0.014234577303884222,0.008294989696112531,0.014234577303884222,0.011264783499998376,0.21924858466289243,0.31271393643031786,0.6534653465346535,0.6392307692307693,0.1688684663986215,0.16057347670250896
grid_stage1,FORGE,5.0,10,10,750,20,2,0.5845661759376526,0.8913747668266296,0.8149904608726501,0.7379704713821411,0.12161494791507721,0.827780544757843,0.8598698388171321,0.17307507052392124,0.21334242758460553,0.06972028093743059,0.21334242758460553,0.14153135426101807,0.04776739356178609,0.22084246408570732,0.3037383177570093,0.5170807453416149,0.015771028037383176,0.08549130897481376,0.6217783689498901,0.8690024614334106,0.8074525594711304,0.7453904151916504,0.14455603063106537,0.8054035902023315,0.8450775262939342,0.06439389629589176,0.09541707784292097,0.02939996618407137,0.09541707784292097,0.06240852201349617,0.2217030114226376,0.28609690771852936,0.7242990654205608,0.6288819875776398,0.1588785046728972,0.12947853848882582
grid_stage1,FORGE,5.0,10,20,2000,40,0,0.5902534127235413,0.8893800973892212,0.8149083256721497,0.7398167848587036,0.12086278945207596,0.8257914781570435,0.8698467518185861,0.24225009776904677,0.48137495741361686,0.10667143515464157,0.48137495741361686,0.2940231962841292,0.011404872991187144,0.2536549707602339,0.09216589861751152,0.5735408560311284,0.0011682242990654205,0.10783965945370699,0.6073058843612671,0.8392899036407471,0.7815341949462891,0.7232978940010071,0.15289407968521118,0.7719210982322693,0.8434996257472931,0.11440342691877436,0.017665728271978987,0.020105765947359883,0.020105765947359883,0.018885747109669435,0.25401762571280456,0.3684210526315789,0.7235023041474654,0.7058365758754864,0.19450934579439252,0.2146151117417524
grid_stage1,FORGE,5.0,10,20,2000,40,1,0.598774790763855,0.8891474604606628,0.8168550729751587,0.7439610958099365,0.11917387694120407,0.8262887597084045,0.875586028016496,0.24330447081681214,0.42422696115765424,0.11196589114730338,0.42422696115765424,0.2680964261524788,0.019042717447246525,0.2623471882640587,0.15346534653465346,0.5776923076923077,0.0034462952326249283,0.11541218637992831,0.6182122230529785,0.8382300734519958,0.7834535241127014,0.7282211780548096,0.1544824093580246,0.7727499008178711,0.8537293466726187,0.10612203295133804,0.1528255902513328,0.01788450175917522,0.1528255902513328,0.08535504600525401,0.27431806484817295,0.380440097799511,0.8712871287128713,0.7184615384615385,0.20505456634118321,0.22293906810035843
grid_stage1,FORGE,5.0,10,20,2000,40,2,0.6292645931243896,0.8962664008140564,0.8297925591468811,0.7627655267715454,0.11376059800386429,0.8378915786743164,0.8834218981474269,0.22550019076919808,0.36104661287513784,0.09446641282618282,0.36104661287513784,0.22775651285066034,0.0347871235721703,0.26028731434136837,0.24299065420560748,0.6040372670807453,0.008761682242990653,0.10322809506917346,0.6214227676391602,0.8345837593078613,0.7815143465995789,0.7280032634735107,0.15298357605934143,0.7697662711143494,0.8589760845614219,0.08527117670840834,0.04128693330237421,0.020614040904012504,0.04128693330237421,0.030950487103193355,0.3011422637590862,0.38641344046749454,0.794392523364486,0.7531055900621118,0.23948598130841123,0.21887194040439872
grid_stage1,FORGE,5.0,10,20,4500,60,0,0.5902534127235413,0.8893800973892212,0.8149083256721497,0.7398167848587036,0.12086278945207596,0.8257914781570435,0.8698467518185861,0.24225009776904677,0.48137495741361686,0.10667143515464157,0.48137495741361686,0.2940231962841292,0.011404872991187144,0.2536549707602339,0.09216589861751152,0.5735408560311284,0.0011682242990654205,0.10783965945370699,0.6250715255737305,0.8471768498420715,0.7918806076049805,0.7361241579055786,0.14757435023784637,0.7828609347343445,0.8591305905375632,0.10587023546424384,0.09283293586042418,0.016014287229845547,0.09283293586042418,0.054423611545134865,0.2581648522550544,0.36403508771929827,0.8064516129032258,0.7136186770428016,0.1886682242990654,0.20468251152891095
grid_stage1,FORGE,5.0,10,20,4500,60,1,0.598774790763855,0.8891474604606628,0.8168550729751587,0.7439610958099365,0.11917387694120407,0.8262887597084045,0.875586028016496,0.24330447081681214,0.42422696115765424,0.11196589114730338,0.42422696115765424,0.2680964261524788,0.019042717447246525,0.2623471882640587,0.15346534653465346,0.5776923076923077,0.0034462952326249283,0.11541218637992831,0.6313186287879944,0.8407310247421265,0.7885948419570923,0.7360248565673828,0.14925578236579895,0.7775567770004272,0.8600443284478196,0.13632247664803882,0.08850723533891847,0.0382592297509568,0.08850723533891847,0.06338323254493763,0.2619660319094184,0.39828850855745723,0.8415841584158416,0.7530769230769231,0.19471568064330844,0.23297491039426524
grid_stage1,FORGE,5.0,10,20,4500,60,2,0.6292645931243896,0.8962664008140564,0.8297925591468811,0.7627655267715454,0.11376059800386429,0.8378915786743164,0.8834218981474269,0.22550019076919808,0.36104661287513784,0.09446641282618282,0.36104661287513784,0.22775651285066034,0.0347871235721703,0.26028731434136837,0.24299065420560748,0.6040372670807453,0.008761682242990653,0.10322809506917346,0.6388652324676514,0.8509542942047119,0.7981517314910889,0.7449097633361816,0.1460241824388504,0.7889938950538635,0.8685292265355895,0.09825903195440955,0.04670720380797588,0.008521116721313643,0.04670720380797588,0.027614160264644763,0.2684319833852544,0.366691015339664,0.7897196261682243,0.7430124223602484,0.20327102803738317,0.19474991131606953
grid_stage1,FORGE,5.0,10,20,750,20,0,0.5902534127235413,0.8893800973892212,0.8149083256721497,0.7398167848587036,0.12086278945207596,0.8257914781570435,0.8698467518185861,0.24225009776904677,0.48137495741361686,0.10667143515464157,0.48137495741361686,0.2940231962841292,0.011404872991187144,0.2536549707602339,0.09216589861751152,0.5735408560311284,0.0011682242990654205,0.10783965945370699,0.6161913871765137,0.8701053857803345,0.8068899512290955,0.7431483864784241,0.1372581273317337,0.8059008717536926,0.8448201632723351,0.06422668473499282,0.11416378274668726,0.022433304711354518,0.11416378274668726,0.06829854372902089,0.2130637636080871,0.2772904483430799,0.7235023041474654,0.6093385214007782,0.1483644859813084,0.1259311812699539
grid_stage1,FORGE,5.0,10,20,750,20,1,0.598774790763855,0.8891474604606628,0.8168550729751587,0.7439610958099365,0.11917387694120407,0.8262887597084045,0.875586028016496,0.24330447081681214,0.42422696115765424,0.11196589114730338,0.42422696115765424,0.2680964261524788,0.019042717447246525,0.2623471882640587,0.15346534653465346,0.5776923076923077,0.0034462952326249283,0.11541218637992831,0.6396629810333252,0.8761692643165588,0.8172876834869385,0.7579160928726196,0.12580032646656036,0.8156804442405701,0.8727158756323137,0.1466301827008621,0.0014927646610815026,0.04234228670129431,0.04234228670129431,0.021917525681187905,0.1631497683993824,0.3097799511002445,0.6584158415841584,0.6569230769230769,0.10568638713383113,0.14802867383512544
grid_stage1,FORGE,5.0,10,20,750,20,2,0.6292645931243896,0.8962664008140564,0.8297925591468811,0.7627655267715454,0.11376059800386429,0.8378915786743164,0.8834218981474269,0.22550019076919808,0.36104661287513784,0.09446641282618282,0.36104661287513784,0.22775651285066034,0.0347871235721703,0.26028731434136837,0.24299065420560748,0.6040372670807453,0.008761682242990653,0.10322809506917346,0.6164828538894653,0.8684328198432922,0.8057063817977905,0.7424578666687012,0.14106430113315582,0.8040775656700134,0.8463096067598825,0.045308632704439744,0.06346868288152319,0.05629316089419925,0.06346868288152319,0.05988092188786122,0.23104880581516096,0.2763574385196007,0.6869158878504673,0.6234472049689441,0.17406542056074767,0.11777225966654842
grid_stage1,FORGE,5.0,10,30,2000,40,0,0.6013877987861633,0.8908361792564392,0.8187739253044128,0.7461119890213013,0.1187206506729126,0.8286092877388,0.8755487056028584,0.2409336261857339,0.450795244669978,0.10692215374312493,0.450795244669978,0.2788586992065515,0.017107309486780714,0.2580409356725146,0.1336405529953917,0.5844357976653697,0.002336448598130841,0.10925860234125577,0.6022933125495911,0.8494058847427368,0.7878836989402771,0.7258496284484863,0.14554466307163239,0.7815349102020264,0.8468855327451282,0.08944503560612263,0.0851871111190805,0.005222820447364829,0.0851871111190805,0.04520496578322267,0.23950233281493002,0.32894736842105265,0.7373271889400922,0.6521400778210117,0.1764018691588785,0.18162468960624334
grid_stage1,FORGE,5.0,10,30,2000,40,1,0.6109840273857117,0.8919949531555176,0.8220334053039551,0.751489520072937,0.11606191843748093,0.8309298753738403,0.8832425595417395,0.2442311249586315,0.4274028941355674,0.10874008469569049,0.4274028941355674,0.26807148941562897,0.02007205352547607,0.26430317848410756,0.16336633663366337,0.5907692307692308,0.0034462952326249283,0.11218637992831541,0.5879309773445129,0.8329839110374451,0.7719745635986328,0.710457444190979,0.15532198548316956,0.7623072862625122,0.8335636351560679,0.0873335036309893,0.03671744097486673,0.010306563813076569,0.03671744097486673,0.02351200239397165,0.26865671641791045,0.35599022004889974,0.7128712871287128,0.6761538461538461,0.21711659965537047,0.2068100358422939
grid_stage1,FORGE,5.0,10,30,2000,40,2,0.6408056616783142,0.8973894119262695,0.8335093259811401,0.7690975666046143,0.1123751550912857,0.840377926826477,0.8870661232679973,0.2390209102762778,0.3999100249608174,0.10037156080402343,0.3999100249608174,0.2501407928824204,0.03271028037383177,0.2717311906501096,0.22897196261682243,0.6288819875776398,0.008177570093457943,0.10854913089748137,0.6432368755340576,0.8608295321464539,0.8066567778587341,0.7520332336425781,0.1419525444507599,0.7997679710388184,0.86208391018993,0.11475241343895043,0.0808832065942996,0.01819864703132615,0.0808832065942996,0.04954092681281287,0.23416407061266875,0.3489164840516192,0.794392523364486,0.7135093167701864,0.1641355140186916,0.18233416105001773
grid_stage1,FORGE,5.0,10,30,4500,60,0,0.6013877987861633,0.8908361792564392,0.8187739253044128,0.7461119890213013,0.1187206506729126,0.8286092877388,0.8755487056028584,0.2409336261857339,0.450795244669978,0.10692215374312493,0.450795244669978,0.2788586992065515,0.017107309486780714,0.2580409356725146,0.1336405529953917,0.5844357976653697,0.002336448598130841,0.10925860234125577,0.6034851670265198,0.8525298237800598,0.7905266880989075,0.7280074954032898,0.14808841049671173,0.7850157618522644,0.8424947858824884,0.09649501756811243,0.08297441230791291,0.01358708264679262,0.08297441230791291,0.04828074747735277,0.22757905650596164,0.32407407407407407,0.728110599078341,0.645136186770428,0.1641355140186916,0.1777225966654842
grid_stage1,FORGE,5.0,10,30,4500,60,1,0.6109840273857117,0.8919949531555176,0.8220334053039551,0.751489520072937,0.11606191843748093,0.8309298753738403,0.8832425595417395,0.2442311249586315,0.4274028941355674,0.10874008469569049,0.4274028941355674,0.26807148941562897,0.02007205352547607,0.26430317848410756,0.16336633663366337,0.5907692307692308,0.0034462952326249283,0.11218637992831541,0.6057881712913513,0.8350769877433777,0.7779923677444458,0.7204325795173645,0.1596415489912033,0.7674457430839539,0.8435669971120681,0.07476390075589512,0.1431226199543031,0.016629300920864898,0.1431226199543031,0.07987596043758399,0.2902727740607308,0.36503667481662594,0.8415841584158416,0.6984615384615385,0.22630672027570362,0.20967741935483872
grid_stage1,FORGE,5.0,10,30,4500,60,2,0.6408056616783142,0.8973894119262695,0.8335093259811401,0.7690975666046143,0.1123751550912857,0.840377926826477,0.8870661232679973,0.2390209102762778,0.3999100249608174,0.10037156080402343,0.3999100249608174,0.2501407928824204,0.03271028037383177,0.2717311906501096,0.22897196261682243,0.6288819875776398,0.008177570093457943,0.10854913089748137,0.6338528394699097,0.8407658934593201,0.789251983165741,0.7373093366622925,0.14953845739364624,0.7780540585517883,0.8609646051273944,0.14107704572468405,0.04288326464271208,0.04349698143107683,0.04349698143107683,0.04319012303689446,0.26116303219106957,0.4022400779157536,0.8084112149532711,0.765527950310559,0.1927570093457944,0.23625399077687123
grid_stage1,FORGE,5.0,10,30,750,20,0,0.6013877987861633,0.8908361792564392,0.8187739253044128,0.7461119890213013,0.1187206506729126,0.8286092877388,0.8755487056028584,0.2409336261857339,0.450795244669978,0.10692215374312493,0.450795244669978,0.2788586992065515,0.017107309486780714,0.2580409356725146,0.1336405529953917,0.5844357976653697,0.002336448598130841,0.10925860234125577,0.6069883704185486,0.8696611523628235,0.8042650818824768,0.738324761390686,0.13289694488048553,0.8042433261871338,0.8530236738714598,0.033204338823557944,0.14134017106277674,0.05228974449082163,0.14134017106277674,0.09681495777679919,0.22654224987039917,0.2597465886939571,0.728110599078341,0.5867704280155642,0.16296728971962618,0.11067754522880455
grid_stage1,FORGE,5.0,10,30,750,20,1,0.6109840273857117,0.8919949531555176,0.8220334053039551,0.751489520072937,0.11606191843748093,0.8309298753738403,0.8832425595417395,0.2442311249586315,0.4274028941355674,0.10874008469569049,0.4274028941355674,0.26807148941562897,0.02007205352547607,0.26430317848410756,0.16336633663366337,0.5907692307692308,0.0034462952326249283,0.11218637992831541,0.6307080984115601,0.8766033053398132,0.8153842091560364,0.7536556720733643,0.12459446489810944,0.8150174021720886,0.8698164824594942,0.1180764250579159,0.0734044173648134,0.023194349228701006,0.0734044173648134,0.0482993832967572,0.1718991250643335,0.2899755501222494,0.698019801980198,0.6246153846153846,0.11085582998276852,0.13405017921146953
grid_stage1,FORGE,5.0,10,30,750,20,2,0.6408056616783142,0.8973894119262695,0.8335093259811401,0.7690975666046143,0.1123751550912857,0.840377926826477,0.8870661232679973,0.2390209102762778,0.3999100249608174,0.10037156080402343,0.3999100249608174,0.2501407928824204,0.03271028037383177,0.2717311906501096,0.22897196261682243,0.6288819875776398,0.008177570093457943,0.10854913089748137,0.6356641054153442,0.8800264000892639,0.8191889524459839,0.7578452825546265,0.12509064376354218,0.8194928169250488,0.8698898783083601,0.09664602718404183,0.03622220932257503,0.0029095788590770832,0.03622220932257503,0.019565894090826055,0.1806853582554517,0.27733138543949354,0.6635514018691588,0.6273291925465838,0.12032710280373832,0.11741752394466123
grid_stage1,FORGE,5.0,15,10,2000,40,0,0.5355236530303955,0.8825667500495911,0.7961654663085938,0.7090451717376709,0.13153843581676483,0.812531054019928,0.8388700301312366,0.18999784756517177,0.32963832953791533,0.08465917190758306,0.32963832953791533,0.2071487507227492,0.025401762571280455,0.21539961013645223,0.15207373271889402,0.48171206225680935,0.009345794392523364,0.09400496630010642,0.6300305128097534,0.8424908518791199,0.789595901966095,0.7362606525421143,0.14711540937423706,0.7790485620498657,0.8612687681046767,0.16824688730639453,0.03243737560293358,0.07885845547403633,0.07885845547403633,0.05564791553848496,0.23379989631933645,0.402046783625731,0.783410138248848,0.7509727626459144,0.1641355140186916,0.24299396949272792
grid_stage1,FORGE,5.0,15,10,2000,40,1,0.581163763999939,0.8842818140983582,0.8088163137435913,0.7327227592468262,0.12417822331190109,0.818664014339447,0.8656664945525441,0.23495363583398243,0.41797410510281796,0.10808314753396371,0.41797410510281796,0.26302862631839086,0.024704065877509007,0.25965770171149144,0.14356435643564355,0.5615384615384615,0.010913268236645606,0.11899641577060932,0.6401918530464172,0.8376232981681824,0.7884699702262878,0.7389075756072998,0.1492239087820053,0.7762307524681091,0.8660942329230121,0.17737134242789926,0.06566641279512564,0.07935352112966015,0.07935352112966015,0.0725099669623929,0.2527020072053526,0.43007334963325183,0.8564356435643564,0.7907692307692308,0.1826536473291212,0.26200716845878136
grid_stage1,FORGE,5.0,15,10,2000,40,2,0.6069950461387634,0.8889124393463135,0.8187251687049866,0.7479537725448608,0.11717680841684341,0.8267859816551208,0.8780226379540735,0.233664202216867,0.37588523828873277,0.10819708884637955,0.37588523828873277,0.24204116356755617,0.03271028037383177,0.2663744825906988,0.21495327102803738,0.5908385093167702,0.009929906542056074,0.11812699538843562,0.6437652111053467,0.8426335453987122,0.7931224703788757,0.743199348449707,0.14718548953533173,0.7817006707191467,0.8712365709106757,0.11954591621174088,0.10600365704997972,0.023218406142563985,0.10600365704997972,0.06461103159627185,0.2824506749740395,0.40199659118578035,0.883177570093458,0.7771739130434783,0.20735981308411214,0.23057821922667612
grid_stage1,FORGE,5.0,15,10,4500,60,0,0.5355236530303955,0.8825667500495911,0.7961654663085938,0.7090451717376709,0.13153843581676483,0.812531054019928,0.8388700301312366,0.18999784756517177,0.32963832953791533,0.08465917190758306,0.32963832953791533,0.2071487507227492,0.025401762571280455,0.21539961013645223,0.15207373271889402,0.48171206225680935,0.009345794392523364,0.09400496630010642,0.6383211016654968,0.8419674038887024,0.7912667989730835,0.7401442527770996,0.1482977420091629,0.7800431251525879,0.8639170431479428,0.13479433636796329,0.08521938711470523,0.04255813355965696,0.08521938711470523,0.06388876033718109,0.26749611197511663,0.4022904483430799,0.8525345622119815,0.7673151750972763,0.1933411214953271,0.23589925505498405
grid_stage1,FORGE,5.0,15,10,4500,60,1,0.581163763999939,0.8842818140983582,0.8088163137435913,0.7327227592468262,0.12417822331190109,0.818664014339447,0.8656664945525441,0.23495363583398243,0.41797410510281796,0.10808314753396371,0.41797410510281796,0.26302862631839086,0.024704065877509007,0.25965770171149144,0.14356435643564355,0.5615384615384615,0.010913268236645606,0.11899641577060932,0.637688934803009,0.839512050151825,0.7892653942108154,0.738600492477417,0.14733795821666718,0.7775567770004272,0.8691966952912926,0.18309623788988622,0.023853769992383866,0.08144415004765934,0.08144415004765934,0.052648960020021604,0.2408646423057128,0.423960880195599,0.806930693069307,0.7830769230769231,0.17518667432510052,0.25663082437275986
grid_stage1,FORGE,5.0,15,10,4500,60,2,0.6069950461387634,0.8889124393463135,0.8187251687049866,0.7479537725448608,0.11717680841684341,0.8267859816551208,0.8780226379540735,0.233664202216867,0.37588523828873277,0.10819708884637955,0.37588523828873277,0.24204116356755617,0.03271028037383177,0.2663744825906988,0.21495327102803738,0.5908385093167702,0.009929906542056074,0.11812699538843562,0.6560043096542358,0.8485137820243835,0.8005858659744263,0.7522590160369873,0.1434980183839798,0.7896568775177002,0.8782196091961252,0.14200434331780631,0.08502641202763106,0.04239008994373958,0.08502641202763106,0.06370825098568532,0.26583592938733125,0.40784027270513756,0.8785046728971962,0.7934782608695652,0.18925233644859812,0.2316424263923377
grid_stage1,FORGE,5.0,15,10,750,20,0,0.5355236530303955,0.8825667500495911,0.7961654663085938,0.7090451717376709,0.13153843581676483,0.812531054019928,0.8388700301312366,0.18999784756517177,0.32963832953791533,0.08465917190758306,0.32963832953791533,0.2071487507227492,0.025401762571280455,0.21539961013645223,0.15207373271889402,0.48171206225680935,0.009345794392523364,0.09400496630010642,0.5950576663017273,0.8639132380485535,0.7969778776168823,0.7294854521751404,0.14309847354888916,0.7962870597839355,0.834004891881082,0.0862383624518355,0.035227456113611555,0.0018399843518447923,0.035227456113611555,0.018533720232728174,0.19543805080352514,0.28167641325536064,0.631336405529954,0.5961089494163424,0.14018691588785046,0.13834693153600566
grid_stage1,FORGE,5.0,15,10,750,20,1,0.581163763999939,0.8842818140983582,0.8088163137435913,0.7327227592468262,0.12417822331190109,0.818664014339447,0.8656664945525441,0.23495363583398243,0.41797410510281796,0.10808314753396371,0.41797410510281796,0.26302862631839086,0.024704065877509007,0.25965770171149144,0.14356435643564355,0.5615384615384615,0.010913268236645606,0.11899641577060932,0.6286742687225342,0.8582226634025574,0.8010733723640442,0.7434484958648682,0.1406455934047699,0.7947952747344971,0.8516052017452784,0.16930753869133383,0.01176694592536176,0.07205515719347222,0.07205515719347222,0.04191105155941699,0.18888317035512095,0.3581907090464548,0.7079207920792079,0.6961538461538461,0.128661688684664,0.2007168458781362
grid_stage1,FORGE,5.0,15,10,750,20,2,0.6069950461387634,0.8889124393463135,0.8187251687049866,0.7479537725448608,0.11717680841684341,0.8267859816551208,0.8780226379540735,0.233664202216867,0.37588523828873277,0.10819708884637955,0.37588523828873277,0.24204116356755617,0.03271028037383177,0.2663744825906988,0.21495327102803738,0.5908385093167702,0.009929906542056074,0.11812699538843562,0.6415319442749023,0.8626776933670044,0.8076204061508179,0.7521048188209534,0.13768860697746277,0.8014255166053772,0.8664143387423405,0.13454689850244286,0.09408196435827476,0.04617469739716809,0.09408196435827476,0.07012833087772143,0.21339563862928349,0.34794253713172635,0.794392523364486,0.7003105590062112,0.14077102803738317,0.18694572543455126
grid_stage1,FORGE,5.0,15,20,2000,40,0,0.5733438730239868,0.8864637613296509,0.8085081577301025,0.7299038171768188,0.12234243750572205,0.8206530809402466,0.8658916045434601,0.22222866436871513,0.40416360343560037,0.10045423577658943,0.40416360343560037,0.2523089196060949,0.02021772939346812,0.24244639376218324,0.1382488479262673,0.5424124513618677,0.005257009345794392,0.10571124512238382,0.627339780330658,0.8461357951164246,0.7916634678840637,0.7367377877235413,0.1467611938714981,0.782197892665863,0.8530328575362329,0.1616777926326097,0.06577847908336176,0.07873040250900928,0.07873040250900928,0.07225444079618552,0.2255054432348367,0.3871832358674464,0.7926267281105991,0.7268482490272373,0.1536214953271028,0.2323518978361121
grid_stage1,FORGE,5.0,15,20,2000,40,1,0.6033973693847656,0.8852319121360779,0.8150652647018433,0.7443146705627441,0.12030869722366333,0.8219791054725647,0.8755891137278596,0.2523521839416022,0.4168316831683168,0.12170321921855153,0.4168316831683168,0.26926745119343415,0.028821410190427176,0.28117359413202936,0.18316831683168316,0.6,0.010913268236645606,0.13261648745519714,0.6343303918838501,0.8375822901725769,0.7869798541069031,0.7359563112258911,0.1512143462896347,0.7750704288482666,0.8601097161410035,0.14229438760165952,0.03837014470677835,0.035015306574106675,0.03837014470677835,0.036692725640442514,0.26968605249613997,0.4119804400977995,0.8168316831683168,0.7784615384615384,0.20620333141872488,0.24121863799283155
grid_stage1,FORGE,5.0,15,20,2000,40,2,0.6306901574134827,0.8923142552375793,0.8271793127059937,0.761502206325531,0.11386095732450485,0.8332504630088806,0.8864664666929785,0.2411011668399898,0.36176496197828995,0.11186980535949316,0.36176496197828995,0.23681738366889155,0.03842159916926272,0.2795227660092525,0.2616822429906542,0.6234472049689441,0.010514018691588784,0.12238382405108195,0.6404800415039062,0.8430953025817871,0.792651355266571,0.7417876720428467,0.143978551030159,0.7815349102020264,0.8738168133653031,0.13106526582151745,0.06393307018053063,0.031980088385554634,0.06393307018053063,0.04795657928304263,0.26947040498442365,0.4005356708059411,0.8364485981308412,0.7725155279503105,0.1985981308411215,0.23057821922667612
grid_stage1,FORGE,5.0,15,20,4500,60,0,0.5733438730239868,0.8864637613296509,0.8085081577301025,0.7299038171768188,0.12234243750572205,0.8206530809402466,0.8658916045434601,0.22222866436871513,0.40416360343560037,0.10045423577658943,0.40416360343560037,0.2523089196060949,0.02021772939346812,0.24244639376218324,0.1382488479262673,0.5424124513618677,0.005257009345794392,0.10571124512238382,0.6149718165397644,0.8279169797897339,0.774901270866394,0.7214443683624268,0.15606750547885895,0.7621415257453918,0.8512726796111769,0.09786833162048025,0.08851512489017199,0.00628184747690072,0.08851512489017199,0.047398486183536356,0.3022291342664593,0.40009746588693956,0.8387096774193549,0.7501945525291829,0.23422897196261683,0.24051081943951755
grid_stage1,FORGE,5.0,15,20,4500,60,1,0.6033973693847656,0.8852319121360779,0.8150652647018433,0.7443146705627441,0.12030869722366333,0.8219791054725647,0.8755891137278596,0.2523521839416022,0.4168316831683168,0.12170321921855153,0.4168316831683168,0.26926745119343415,0.028821410190427176,0.28117359413202936,0.18316831683168316,0.6,0.010913268236645606,0.13261648745519714,0.6465961337089539,0.8444921374320984,0.7952231168746948,0.7455441355705261,0.14673033356666565,0.7840211987495422,0.8694124012094813,0.18273559275538673,0.06686976389946686,0.08446758444349742,0.08446758444349742,0.07566867417148214,0.23829130211013896,0.4210268948655257,0.8514851485148515,0.7846153846153846,0.167145318782309,0.25161290322580643
grid_stage1,FORGE,5.0,15,20,4500,60,2,0.6306901574134827,0.8923142552375793,0.8271793127059937,0.761502206325531,0.11386095732450485,0.8332504630088806,0.8864664666929785,0.2411011668399898,0.36176496197828995,0.11186980535949316,0.36176496197828995,0.23681738366889155,0.03842159916926272,0.2795227660092525,0.2616822429906542,0.6234472049689441,0.010514018691588784,0.12238382405108195,0.6498475074768066,0.850691556930542,0.8006885647773743,0.7502695322036743,0.14157290756702423,0.7906514406204224,0.8764352598653865,0.14263126475806448,0.04368868636442802,0.03992558838058169,0.04368868636442802,0.041807137372504855,0.2518172377985462,0.3944485025566107,0.8177570093457944,0.7740683229813664,0.1810747663551402,0.22100035473572188
grid_stage1,FORGE,5.0,15,20,750,20,0,0.5733438730239868,0.8864637613296509,0.8085081577301025,0.7299038171768188,0.12234243750572205,0.8206530809402466,0.8658916045434601,0.22222866436871513,0.40416360343560037,0.10045423577658943,0.40416360343560037,0.2523089196060949,0.02021772939346812,0.24244639376218324,0.1382488479262673,0.5424124513618677,0.005257009345794392,0.10571124512238382,0.6144343614578247,0.8680756688117981,0.8049281239509583,0.7412550449371338,0.1361033022403717,0.803414523601532,0.845509452415539,0.09394241175775103,0.0456346715917445,0.0024995192833675295,0.0456346715917445,0.024067095437556016,0.19699326075686885,0.2909356725146199,0.6682027649769585,0.622568093385214,0.13726635514018692,0.13976587442355445
grid_stage1,FORGE,5.0,15,20,750,20,1,0.6033973693847656,0.8852319121360779,0.8150652647018433,0.7443146705627441,0.12030869722366333,0.8219791054725647,0.8755891137278596,0.2523521839416022,0.4168316831683168,0.12170321921855153,0.4168316831683168,0.26926745119343415,0.028821410190427176,0.28117359413202936,0.18316831683168316,0.6,0.010913268236645606,0.13261648745519714,0.6473636031150818,0.8682982921600342,0.81329345703125,0.7578309774398804,0.12950506806373596,0.8082214593887329,0.8683232920367193,0.1631816048330978,0.0009977151561310071,0.056436069576459774,0.056436069576459774,0.02871689236629539,0.184251158003088,0.3474327628361858,0.7079207920792079,0.7069230769230769,0.1234922458357266,0.17992831541218637
grid_stage1,FORGE,5.0,15,20,750,20,2,0.6306901574134827,0.8923142552375793,0.8271793127059937,0.761502206325531,0.11386095732450485,0.8332504630088806,0.8864664666929785,0.2411011668399898,0.36176496197828995,0.11186980535949316,0.36176496197828995,0.23681738366889155,0.03842159916926272,0.2795227660092525,0.2616822429906542,0.6234472049689441,0.010514018691588784,0.12238382405108195,0.653906524181366,0.8757743239402771,0.8205372095108032,0.7648404240608215,0.1250644475221634,0.8171722292900085,0.8765461250665265,0.12578896147979252,0.10102600568874442,0.034692407660965485,0.10102600568874442,0.06785920667485495,0.1936656282450675,0.31945458972486,0.780373831775701,0.6793478260869565,0.12032710280373832,0.1550195104647038
grid_stage1,FORGE,5.0,15,30,2000,40,0,0.5877742767333984,0.8894261717796326,0.8143256902694702,0.7386002540588379,0.11905407160520554,0.8256257176399231,0.874505294346007,0.22612729984629798,0.40590292097760405,0.10078762933763878,0.40590292097760405,0.2533452751576214,0.02021772939346812,0.2463450292397661,0.15207373271889402,0.5579766536964981,0.0035046728971962616,0.10429230223483504,0.6076899170875549,0.8584640026092529,0.7960302829742432,0.7330769300460815,0.14020520448684692,0.7919774651527405,0.8532228491930571,0.10028906290263417,0.1431261094873496,0.02810451774175904,0.1431261094873496,0.08561531361455432,0.2130637636080871,0.31335282651072127,0.7695852534562212,0.6264591439688716,0.1425233644859813,0.17062788222774034
grid_stage1,FORGE,5.0,15,30,2000,40,1,0.6105804443359375,0.8865582942962646,0.8178497552871704,0.7485693693161011,0.11836469173431396,0.824299693107605,0.8800655992848203,0.25501600001006686,0.41616146230007617,0.12263602469639046,0.41616146230007617,0.26939874349823334,0.029336078229541946,0.2843520782396088,0.19306930693069307,0.6092307692307692,0.010338885697874785,0.13297491039426523,0.6024743914604187,0.8229516744613647,0.7680608034133911,0.7127130031585693,0.16105030477046967,0.7550140619277954,0.840036282088092,0.09162336869736137,0.00785986290936791,0.018535674508326494,0.018535674508326494,0.013197768708847202,0.30519814719505917,0.39682151589242054,0.7524752475247525,0.7446153846153846,0.2533026995979322,0.23476702508960573
grid_stage1,FORGE,5.0,15,30,2000,40,2,0.637233316898346,0.8945229649543762,0.8304671049118042,0.7658781409263611,0.11212030053138733,0.8365655541419983,0.8900732224612752,0.24269103657838187,0.37264903929877524,0.11007478458921935,0.37264903929877524,0.2413619119439973,0.036344755970924195,0.27903579254930605,0.2570093457943925,0.6296583850931677,0.008761682242990653,0.11883646683221,0.6456963419914246,0.8554090261459351,0.8031980991363525,0.7505526542663574,0.1363535374403,0.7946295142173767,0.8739202581653066,0.16618576141182861,0.049827305973181635,0.07342801517075387,0.07342801517075387,0.06162766057196775,0.21754932502596053,0.38373508643778914,0.794392523364486,0.7445652173913043,0.14544392523364486,0.21887194040439872
grid_stage1,FORGE,5.0,15,30,4500,60,0,0.5877742767333984,0.8894261717796326,0.8143256902694702,0.7386002540588379,0.11905407160520554,0.8256257176399231,0.874505294346007,0.22612729984629798,0.40590292097760405,0.10078762933763878,0.40590292097760405,0.2533452751576214,0.02021772939346812,0.2463450292397661,0.15207373271889402,0.5579766536964981,0.0035046728971962616,0.10429230223483504,0.6362252831459045,0.8639107346534729,0.807225227355957,0.7500680088996887,0.13699428737163544,0.8019227385520935,0.8638974268399876,0.1502028139295881,0.04322473058509213,0.060881518268889684,0.060881518268889684,0.05205312442699091,0.1933644375324002,0.3435672514619883,0.7327188940092166,0.6894941634241245,0.125,0.18588151826888968
grid_stage1,FORGE,5.0,15,30,4500,60,1,0.6105804443359375,0.8865582942962646,0.8178497552871704,0.7485693693161011,0.11836469173431396,0.824299693107605,0.8800655992848203,0.25501600001006686,0.41616146230007617,0.12263602469639046,0.41616146230007617,0.26939874349823334,0.029336078229541946,0.2843520782396088,0.19306930693069307,0.6092307692307692,0.010338885697874785,0.13297491039426523,0.6240977048873901,0.8400283455848694,0.7862693667411804,0.7320630550384521,0.14976981282234192,0.7755677103996277,0.8608974541705741,0.169544864833576,0.01622239146991622,0.07091195065662836,0.07091195065662836,0.04356717106327229,0.23314462171899125,0.40268948655256726,0.7623762376237624,0.7461538461538462,0.17174037909247558,0.24265232974910395
grid_stage1,FORGE,5.0,15,30,4500,60,2,0.637233316898346,0.8945229649543762,0.8304671049118042,0.7658781409263611,0.11212030053138733,0.8365655541419983,0.8900732224612752,0.24269103657838187,0.37264903929877524,0.11007478458921935,0.37264903929877524,0.2413619119439973,0.036344755970924195,0.27903579254930605,0.2570093457943925,0.6296583850931677,0.008761682242990653,0.11883646683221,0.6332874894142151,0.8418930172920227,0.7899577021598816,0.7375902533531189,0.14572526514530182,0.7790485620498657,0.8686764590492306,0.14334731296085174,0.04364515005514602,0.046980312167435256,0.046980312167435256,0.04531273111129064,0.25597092419522327,0.399318237156075,0.8037383177570093,0.7600931677018633,0.1875,0.23448031216743526
grid_stage1,FORGE,5.0,15,30,750,20,0,0.5877742767333984,0.8894261717796326,0.8143256902694702,0.7386002540588379,0.11905407160520554,0.8256257176399231,0.874505294346007,0.22612729984629798,0.40590292097760405,0.10078762933763878,0.40590292097760405,0.2533452751576214,0.02021772939346812,0.2463450292397661,0.15207373271889402,0.5579766536964981,0.0035046728971962616,0.10429230223483504,0.6205199956893921,0.8828632831573486,0.8175492286682129,0.7516916394233704,0.12641368806362152,0.8209846019744873,0.8579654406204807,0.09429256136712963,0.11542971901952703,0.016134051977071476,0.11542971901952703,0.06578188549829925,0.15863141524105753,0.25292397660818716,0.6866359447004609,0.5712062256809338,0.09170560747663552,0.10783965945370699
grid_stage1,FORGE,5.0,15,30,750,20,1,0.6105804443359375,0.8865582942962646,0.8178497552871704,0.7485693693161011,0.11836469173431396,0.824299693107605,0.8800655992848203,0.25501600001006686,0.41616146230007617,0.12263602469639046,0.41616146230007617,0.26939874349823334,0.029336078229541946,0.2843520782396088,0.19306930693069307,0.6092307692307692,0.010338885697874785,0.13297491039426523,0.6409192681312561,0.8740624189376831,0.8160181641578674,0.757490873336792,0.1266345977783203,0.8135256171226501,0.8692938217299321,0.14066078846136906,0.03989337395277981,0.04003569818359244,0.04003569818359244,0.039964536068186125,0.17498713329902213,0.3156479217603912,0.7029702970297029,0.6630769230769231,0.11372774267662263,0.15376344086021507
grid_stage1,FORGE,5.0,15,30,750,20,2,0.637233316898346,0.8945229649543762,0.8304671049118042,0.7658781409263611,0.11212030053138733,0.8365655541419983,0.8900732224612752,0.24269103657838187,0.37264903929877524,0.11007478458921935,0.37264903929877524,0.2413619119439973,0.036344755970924195,0.27903579254930605,0.2570093457943925,0.6296583850931677,0.008761682242990653,0.11883646683221,0.6514430642127991,0.8766968846321106,0.8206167817115784,0.7640699744224548,0.12459178268909454,0.8178352117538452,0.8748242246562444,0.11827311019026102,0.07997620015092588,0.023258189588009265,0.07997620015092588,0.05161719486946757,0.19314641744548286,0.3114195276357439,0.7523364485981309,0.672360248447205,0.12324766355140188,0.14650585313941114
grid_stage1,FORGE,5.0,5,10,2000,40,0,0.5382585525512695,0.8698607683181763,0.7873037457466125,0.7040596604347229,0.1414356380701065,0.796950101852417,0.8225876128966277,0.21415817061229192,0.3240223062991985,0.11371020412222801,0.3240223062991985,0.21886625521071323,0.04510108864696734,0.25925925925925924,0.19815668202764977,0.5221789883268483,0.02570093457943925,0.13941113870166727,0.5747517943382263,0.8244935870170593,0.762316882610321,0.6996226906776428,0.1722121387720108,0.7515332102775574,0.818998342826059,0.08675146047250493,0.04119492908246525,0.00245973583792225,0.04119492908246525,0.02182733246019375,0.2763089683773976,0.36306042884990253,0.7096774193548387,0.6684824902723735,0.2213785046728972,0.22383824051081944
grid_stage1,FORGE,5.0,5,10,2000,40,1,0.48342427611351013,0.8728699684143066,0.7759119868278503,0.6781471371650696,0.1356237828731537,0.7959555983543396,0.8416889009313264,0.17137174761887383,0.3058035034272658,0.07760361016924727,0.3058035034272658,0.19170355679825654,0.029850746268656716,0.20122249388753055,0.1188118811881188,0.4246153846153846,0.019529006318207927,0.09713261648745519,0.5859938263893127,0.8034710884094238,0.7493270635604858,0.6947324275970459,0.17582513391971588,0.7334659099578857,0.8188787347760552,0.11247182853123305,0.07462300076161466,0.0009356876841266626,0.07462300076161466,0.03777934422287066,0.3185795162120432,0.4310513447432763,0.693069306930693,0.7676923076923077,0.2751292360712234,0.27419354838709675
grid_stage1,FORGE,5.0,5,10,2000,40,2,0.5834296941757202,0.8858621716499329,0.8105673789978027,0.7346459627151489,0.1270173043012619,0.8208188414573669,0.8507693413122972,0.17155650219555246,0.23897805770012187,0.06286033026890295,0.23897805770012187,0.15091919398451242,0.06438213914849429,0.23593864134404674,0.29906542056074764,0.5380434782608695,0.035046728971962614,0.09790705924086555,0.572411835193634,0.8262035250663757,0.7630184888839722,0.6993076801300049,0.17471358180046082,0.7528592944145203,0.8074759292472833,0.06993909797648118,0.026201602136181612,0.020720751708201673,0.026201602136181612,0.023461176922191643,0.2814122533748702,0.35135135135135137,0.6869158878504673,0.6607142857142857,0.23072429906542055,0.21000354735721888
grid_stage1,FORGE,5.0,5,10,4500,60,0,0.5382585525512695,0.8698607683181763,0.7873037457466125,0.7040596604347229,0.1414356380701065,0.796950101852417,0.8225876128966277,0.21415817061229192,0.3240223062991985,0.11371020412222801,0.3240223062991985,0.21886625521071323,0.04510108864696734,0.25925925925925924,0.19815668202764977,0.5221789883268483,0.02570093457943925,0.13941113870166727,0.5555871725082397,0.817171573638916,0.7520464658737183,0.6863793730735779,0.17573094367980957,0.7409248948097229,0.8068455624972631,0.059653897574418135,0.10152952357044243,0.012956556477573766,0.10152952357044243,0.057243040024008096,0.29341627786417834,0.3530701754385965,0.7373271889400922,0.6357976653696498,0.2371495327102804,0.22419297623270662
grid_stage1,FORGE,5.0,5,10,4500,60,1,0.48342427611351013,0.8728699684143066,0.7759119868278503,0.6781471371650696,0.1356237828731537,0.7959555983543396,0.8416889009313264,0.17137174761887383,0.3058035034272658,0.07760361016924727,0.3058035034272658,0.19170355679825654,0.029850746268656716,0.20122249388753055,0.1188118811881188,0.4246153846153846,0.019529006318207927,0.09713261648745519,0.586832582950592,0.8057991862297058,0.7512844204902649,0.6963158845901489,0.17359581589698792,0.735786497592926,0.8218577686897864,0.10459652668283237,0.024249809596344263,0.00250731359845513,0.024249809596344263,0.013378561597399696,0.31960885229027275,0.4242053789731051,0.7326732673267327,0.7569230769230769,0.2716829408385985,0.2691756272401434
grid_stage1,FORGE,5.0,5,10,4500,60,2,0.5834296941757202,0.8858621716499329,0.8105673789978027,0.7346459627151489,0.1270173043012619,0.8208188414573669,0.8507693413122972,0.17155650219555246,0.23897805770012187,0.06286033026890295,0.23897805770012187,0.15091919398451242,0.06438213914849429,0.23593864134404674,0.29906542056074764,0.5380434782608695,0.035046728971962614,0.09790705924086555,0.5777653455734253,0.8231420516967773,0.762052059173584,0.7004536986351013,0.1756676435470581,0.7507044672966003,0.8167508429134875,0.10421725084518718,0.03482904742555293,0.020236512583172273,0.03482904742555293,0.0275327800043626,0.27050882658359293,0.3747260774287801,0.7149532710280374,0.6801242236024845,0.21495327102803738,0.23518978361120965
grid_stage1,FORGE,5.0,5,10,750,20,0,0.5382585525512695,0.8698607683181763,0.7873037457466125,0.7040596604347229,0.1414356380701065,0.796950101852417,0.8225876128966277,0.21415817061229192,0.3240223062991985,0.11371020412222801,0.3240223062991985,0.21886625521071323,0.04510108864696734,0.25925925925925924,0.19815668202764977,0.5221789883268483,0.02570093457943925,0.13941113870166727,0.5321439504623413,0.8274531364440918,0.7539317607879639,0.6797985434532166,0.16868330538272858,0.747886598110199,0.7861703412591053,0.068759682167229,0.08634546073983751,0.005644276322550934,0.08634546073983751,0.04599486853119422,0.24313115603939867,0.31189083820662766,0.6497695852534562,0.5634241245136187,0.19158878504672897,0.1972330613692799
grid_stage1,FORGE,5.0,5,10,750,20,1,0.48342427611351013,0.8728699684143066,0.7759119868278503,0.6781471371650696,0.1356237828731537,0.7959555983543396,0.8416889009313264,0.17137174761887383,0.3058035034272658,0.07760361016924727,0.3058035034272658,0.19170355679825654,0.029850746268656716,0.20122249388753055,0.1188118811881188,0.4246153846153846,0.019529006318207927,0.09713261648745519,0.576313316822052,0.8459712266921997,0.7788361310958862,0.7111423015594482,0.15717940032482147,0.7740759253501892,0.8127469854804055,0.13766451445663513,0.07246763137852241,0.040840657225382354,0.07246763137852241,0.05665414430195238,0.19094184251158003,0.32860635696821516,0.5544554455445545,0.6269230769230769,0.14876507754164273,0.18960573476702508
grid_stage1,FORGE,5.0,5,10,750,20,2,0.5834296941757202,0.8858621716499329,0.8105673789978027,0.7346459627151489,0.1270173043012619,0.8208188414573669,0.8507693413122972,0.17155650219555246,0.23897805770012187,0.06286033026890295,0.23897805770012187,0.15091919398451242,0.06438213914849429,0.23593864134404674,0.29906542056074764,0.5380434782608695,0.035046728971962614,0.09790705924086555,0.5875189900398254,0.8456895351409912,0.7814143896102905,0.7166042327880859,0.15605060756206512,0.7754019498825073,0.8265992580774373,0.14049829066247355,0.008119521681082098,0.056400700520168545,0.056400700520168545,0.03226011110062532,0.19989615784008308,0.3403944485025566,0.6355140186915887,0.6436335403726708,0.14544392523364486,0.2018446257538134
grid_stage1,FORGE,5.0,5,20,2000,40,0,0.5610042810440063,0.8824209570884705,0.802399754524231,0.721712589263916,0.12642168998718262,0.8145201206207275,0.8565482174727084,0.17662395144592083,0.27632197098746625,0.06989101822413331,0.27632197098746625,0.17310649460579977,0.05339554173146708,0.2300194931773879,0.23963133640552994,0.5159533073929962,0.029789719626168224,0.09968073785030153,0.5616196990013123,0.8274428248405457,0.7612624168395996,0.694531261920929,0.17129456996917725,0.7523620128631592,0.8104595917280601,0.06433923282372167,0.030909645143359255,0.021056838940036404,0.030909645143359255,0.02598324204169783,0.27216174183514774,0.3365009746588694,0.663594470046083,0.6326848249027237,0.22254672897196262,0.20148989003192622
grid_stage1,FORGE,5.0,5,20,2000,40,1,0.5781010985374451,0.8834355473518372,0.8074182271957397,0.7307683229446411,0.12655335664749146,0.8173379898071289,0.8617451431637828,0.21597446541846035,0.3576999238385377,0.09552475712265229,0.3576999238385377,0.226612340480595,0.03757076685537828,0.2535452322738386,0.19306930693069307,0.5507692307692308,0.019529006318207927,0.11505376344086021,0.5708661675453186,0.8206815719604492,0.7584865093231201,0.6957738399505615,0.17627285420894623,0.7470578551292419,0.8066607136927121,0.09680540892200323,0.0257121096725057,0.005808880901060021,0.0257121096725057,0.01576049528678286,0.2748327328872877,0.37163814180929094,0.698019801980198,0.6723076923076923,0.2257323377369328,0.23154121863799282
grid_stage1,FORGE,5.0,5,20,2000,40,2,0.6144223809242249,0.8878905177116394,0.8198068141937256,0.7511564493179321,0.1197686493396759,0.8262887597084045,0.8690529158356062,0.19921727739358458,0.2668412956405643,0.08163998136808638,0.2668412956405643,0.17424063850432533,0.06593977154724819,0.26515704894083275,0.32710280373831774,0.593944099378882,0.03329439252336448,0.11493437389145086,0.5597057342529297,0.8176277279853821,0.7534143924713135,0.6886667013168335,0.17444775998592377,0.7420852184295654,0.8040694508403567,0.06460362863494967,0.03765165147733218,0.0337152267822155,0.03765165147733218,0.03568343912977384,0.29283489096573206,0.35743851960068174,0.6261682242990654,0.6638198757763976,0.25116822429906543,0.21745299751684993
grid_stage1,FORGE,5.0,5,20,4500,60,0,0.5610042810440063,0.8824209570884705,0.802399754524231,0.721712589263916,0.12642168998718262,0.8145201206207275,0.8565482174727084,0.17662395144592083,0.27632197098746625,0.06989101822413331,0.27632197098746625,0.17310649460579977,0.05339554173146708,0.2300194931773879,0.23963133640552994,0.5159533073929962,0.029789719626168224,0.09968073785030153,0.5683028101921082,0.8318747282028198,0.7662547826766968,0.7000887393951416,0.17197474837303162,0.7579976916313171,0.8159661171259626,0.08315219533194484,0.04934282486686159,0.0030384606458842556,0.04934282486686159,0.026190642756372923,0.25505443234836706,0.3382066276803119,0.6820276497695853,0.6326848249027237,0.20093457943925233,0.2039730400851366
grid_stage1,FORGE,5.0,5,20,4500,60,1,0.5781010985374451,0.8834355473518372,0.8074182271957397,0.7307683229446411,0.12655335664749146,0.8173379898071289,0.8617451431637828,0.21597446541846035,0.3576999238385377,0.09552475712265229,0.3576999238385377,0.226612340480595,0.03757076685537828,0.2535452322738386,0.19306930693069307,0.5507692307692308,0.019529006318207927,0.11505376344086021,0.57810378074646,0.8147883415222168,0.7558623552322388,0.6964460611343384,0.1713934987783432,0.7425824403762817,0.8227661433398152,0.08181774711301426,0.022338156892612315,0.017322471533066097,0.022338156892612315,0.019830314212839206,0.305712815234174,0.38753056234718825,0.7277227722772277,0.7053846153846154,0.25674899483055713,0.23942652329749103
grid_stage1,FORGE,5.0,5,20,4500,60,2,0.6144223809242249,0.8878905177116394,0.8198068141937256,0.7511564493179321,0.1197686493396759,0.8262887597084045,0.8690529158356062,0.19921727739358458,0.2668412956405643,0.08163998136808638,0.2668412956405643,0.17424063850432533,0.06593977154724819,0.26515704894083275,0.32710280373831774,0.593944099378882,0.03329439252336448,0.11493437389145086,0.5366105437278748,0.781611979007721,0.7206154465675354,0.6591112613677979,0.1941070258617401,0.7031327486038208,0.7777700798258835,0.07808035365499372,0.001371393742381155,0.002799759973212468,0.002799759973212468,0.0020855768577968115,0.33852544132917967,0.4166057949841734,0.6915887850467289,0.6902173913043478,0.29439252336448596,0.2915927633912735
grid_stage1,FORGE,5.0,5,20,750,20,0,0.5610042810440063,0.8824209570884705,0.802399754524231,0.721712589263916,0.12642168998718262,0.8145201206207275,0.8565482174727084,0.17662395144592083,0.27632197098746625,0.06989101822413331,0.27632197098746625,0.17310649460579977,0.05339554173146708,0.2300194931773879,0.23963133640552994,0.5159533073929962,0.029789719626168224,0.09968073785030153,0.5427275896072388,0.8574845194816589,0.7791213989257812,0.7001060247421265,0.1494848132133484,0.7826951742172241,0.8156811296407263,0.04377855386695528,0.046319639943337765,0.03399288207855242,0.046319639943337765,0.04015626101094509,0.1964748574390876,0.24025341130604289,0.5576036866359447,0.511284046692607,0.15070093457943926,0.11670805250088684
grid_stage1,FORGE,5.0,5,20,750,20,1,0.5781010985374451,0.8834355473518372,0.8074182271957397,0.7307683229446411,0.12655335664749146,0.8173379898071289,0.8617451431637828,0.21597446541846035,0.3576999238385377,0.09552475712265229,0.3576999238385377,0.226612340480595,0.03757076685537828,0.2535452322738386,0.19306930693069307,0.5507692307692308,0.019529006318207927,0.11505376344086021,0.5644057393074036,0.8418436646461487,0.7727715969085693,0.7031247019767761,0.15191709995269775,0.7679429650306702,0.8200889213851846,0.0906218423102429,0.039923838537699985,0.007168870525117416,0.039923838537699985,0.0235463545314087,0.22233659289758106,0.31295843520782396,0.5693069306930693,0.6092307692307692,0.1820792647903504,0.17491039426523297
grid_stage1,FORGE,5.0,5,20,750,20,2,0.6144223809242249,0.8878905177116394,0.8198068141937256,0.7511564493179321,0.1197686493396759,0.8262887597084045,0.8690529158356062,0.19921727739358458,0.2668412956405643,0.08163998136808638,0.2668412956405643,0.17424063850432533,0.06593977154724819,0.26515704894083275,0.32710280373831774,0.593944099378882,0.03329439252336448,0.11493437389145086,0.5826612114906311,0.8633663654327393,0.7934808731079102,0.7230137586593628,0.14614342153072357,0.7941322922706604,0.8285435501138628,0.10339576757864202,0.008322691124397763,0.015349986573087157,0.015349986573087157,0.01183633884874246,0.17393561786085152,0.27733138543949354,0.5700934579439252,0.578416149068323,0.1244158878504673,0.13976587442355445
grid_stage1,FORGE,5.0,5,30,2000,40,0,0.5736615657806396,0.8852424025535583,0.807669997215271,0.7294520139694214,0.12379370629787445,0.8191612958908081,0.8630503256013243,0.173726122373499,0.25878893291972244,0.06575954885572864,0.25878893291972244,0.16227424088772555,0.05702436495593572,0.2307504873294347,0.2672811059907834,0.5260700389105059,0.030373831775700934,0.09613338063142958,0.5771772265434265,0.8388278484344482,0.7736862301826477,0.7080025672912598,0.16250255703926086,0.766616940498352,0.8153708687100346,0.11849191624300076,0.017023794581219054,0.03810653177868467,0.03810653177868467,0.027565163179951863,0.2223950233281493,0.34088693957115007,0.6543778801843319,0.6373540856031128,0.16764018691588786,0.20574671869457253
grid_stage1,FORGE,5.0,5,30,2000,40,1,0.6016319990158081,0.8853787779808044,0.814736008644104,0.7435053586959839,0.12247598171234131,0.8219791054725647,0.8701141801367763,0.22132902639655613,0.3607387661843108,0.09343412820465312,0.3607387661843108,0.22708644719448196,0.0478641276376737,0.26919315403422983,0.22772277227722773,0.5884615384615385,0.026995979322228605,0.12043010752688173,0.5730758309364319,0.8277305960655212,0.7643307447433472,0.7004032135009766,0.1635274589061737,0.7545168399810791,0.8142119636849976,0.0869215175282847,0.038210205635948236,0.016914227599595683,0.038210205635948236,0.02756221661777196,0.26711271230056616,0.35403422982885085,0.6287128712871287,0.666923076923077,0.22515795519816198,0.2082437275985663
grid_stage1,FORGE,5.0,5,30,2000,40,2,0.6174643635749817,0.8877692818641663,0.8204730749130249,0.752616822719574,0.11852031201124191,0.8264545202255249,0.8721508965754775,0.2030808277335178,0.2528080919486852,0.08764914647933084,0.2528080919486852,0.170228619214008,0.06645898234683281,0.2695398100803506,0.34579439252336447,0.5986024844720497,0.03154205607476635,0.1191912025540972,0.5704509615898132,0.8439724445343018,0.775875449180603,0.7072117328643799,0.15966325998306274,0.7710923552513123,0.815096166929344,0.10362408379584434,0.05259186161258489,0.010103751910434194,0.05259186161258489,0.03134780676150954,0.21339563862928349,0.3170197224251278,0.5654205607476636,0.6180124223602484,0.169392523364486,0.17949627527492018
grid_stage1,FORGE,5.0,5,30,4500,60,0,0.5736615657806396,0.8852424025535583,0.807669997215271,0.7294520139694214,0.12379370629787445,0.8191612958908081,0.8630503256013243,0.173726122373499,0.25878893291972244,0.06575954885572864,0.25878893291972244,0.16227424088772555,0.05702436495593572,0.2307504873294347,0.2672811059907834,0.5260700389105059,0.030373831775700934,0.09613338063142958,0.5676060318946838,0.8224015235900879,0.7589666247367859,0.6950037479400635,0.1762644350528717,0.7482181191444397,0.8045101198108253,0.099068844566921,0.010554250569312695,0.015144853182509882,0.015144853182509882,0.012849551875911289,0.26594090202177295,0.36500974658869395,0.6728110599078341,0.6622568093385214,0.21436915887850466,0.22951401206101454
grid_stage1,FORGE,5.0,5,30,4500,60,1,0.6016319990158081,0.8853787779808044,0.814736008644104,0.7435053586959839,0.12247598171234131,0.8219791054725647,0.8701141801367763,0.22132902639655613,0.3607387661843108,0.09343412820465312,0.3607387661843108,0.22708644719448196,0.0478641276376737,0.26919315403422983,0.22772277227722773,0.5884615384615385,0.026995979322228605,0.12043010752688173,0.5710441470146179,0.8091018199920654,0.7498340606689453,0.6900730133056641,0.17897067964076996,0.735786497592926,0.812446716376987,0.09720770567531622,0.02464584920030466,0.00469284945207199,0.02464584920030466,0.014669349326188325,0.301080802882141,0.39828850855745723,0.7277227722772277,0.703076923076923,0.25157955198161974,0.25627240143369173
grid_stage1,FORGE,5.0,5,30,4500,60,2,0.6174643635749817,0.8877692818641663,0.8204730749130249,0.752616822719574,0.11852031201124191,0.8264545202255249,0.8721508965754775,0.2030808277335178,0.2528080919486852,0.08764914647933084,0.2528080919486852,0.170228619214008,0.06645898234683281,0.2695398100803506,0.34579439252336447,0.5986024844720497,0.03154205607476635,0.1191912025540972,0.5794442892074585,0.8134944438934326,0.755224347114563,0.6964693665504456,0.18218843638896942,0.7415879368782043,0.8124781612451697,0.1547767772824606,0.08729755616183899,0.059465476257571315,0.08729755616183899,0.07338151620970515,0.2601246105919003,0.41490138787436087,0.6401869158878505,0.7274844720496895,0.21261682242990654,0.27208229868747785
grid_stage1,FORGE,5.0,5,30,750,20,0,0.5736615657806396,0.8852424025535583,0.807669997215271,0.7294520139694214,0.12379370629787445,0.8191612958908081,0.8630503256013243,0.173726122373499,0.25878893291972244,0.06575954885572864,0.25878893291972244,0.16227424088772555,0.05702436495593572,0.2307504873294347,0.2672811059907834,0.5260700389105059,0.030373831775700934,0.09613338063142958,0.5592219233512878,0.8618699908256531,0.7865214943885803,0.7105459570884705,0.14297620952129364,0.7896568775177002,0.8252717409671678,0.0787093879506092,0.05762699707722929,0.005750779921295079,0.05762699707722929,0.031688888499262186,0.17470191809227578,0.253411306042885,0.5852534562211982,0.5276264591439689,0.12266355140186916,0.12841433132316424
grid_stage1,FORGE,5.0,5,30,750,20,1,0.6016319990158081,0.8853787779808044,0.814736008644104,0.7435053586959839,0.12247598171234131,0.8219791054725647,0.8701141801367763,0.22132902639655613,0.3607387661843108,0.09343412820465312,0.3607387661843108,0.22708644719448196,0.0478641276376737,0.26919315403422983,0.22772277227722773,0.5884615384615385,0.026995979322228605,0.12043010752688173,0.5753682255744934,0.8473238945007324,0.7796167135238647,0.7113460302352905,0.14594058692455292,0.7754019498825073,0.8266725069876669,0.12599337852513004,0.0884234577303884,0.024486607004996497,0.0884234577303884,0.05645503236769245,0.19454451878538342,0.32053789731051346,0.5346534653465347,0.6230769230769231,0.15508328546812178,0.17956989247311828
grid_stage1,FORGE,5.0,5,30,750,20,2,0.6174643635749817,0.8877692818641663,0.8204730749130249,0.752616822719574,0.11852031201124191,0.8264545202255249,0.8721508965754775,0.2030808277335178,0.2528080919486852,0.08764914647933084,0.2528080919486852,0.170228619214008,0.06645898234683281,0.2695398100803506,0.34579439252336447,0.5986024844720497,0.03154205607476635,0.1191912025540972,0.5937090516090393,0.8624362349510193,0.7955328226089478,0.7280726432800293,0.14569459855556488,0.7944637537002563,0.8238761912682597,0.10512141340633382,0.03315289951819822,0.008759402983095355,0.03315289951819822,0.020956151250646787,0.1853582554517134,0.2904796688580472,0.5747663551401869,0.6079192546583851,0.1366822429906542,0.14544164597374956
confirm_stage2,FORGE,10.0,10,30,2000,40,0,0.6013877987861633,0.8908361792564392,0.8187739253044128,0.7461119890213013,0.1187206506729126,0.8286092877388,0.8755487056028584,0.2409336261857339,0.450795244669978,0.10692215374312493,0.450795244669978,0.2788586992065515,0.017107309486780714,0.2580409356725146,0.1336405529953917,0.5844357976653697,0.002336448598130841,0.10925860234125577,0.6012157201766968,0.8505013585090637,0.7884382009506226,0.7258585691452026,0.14456264674663544,0.7825294137001038,0.8469393122860389,0.07750053810870708,0.09219100216966414,0.007608998352302304,0.09219100216966414,0.04990000026098322,0.24364955935717988,0.32115009746588696,0.7373271889400922,0.645136186770428,0.1810747663551402,0.1734657680028379
confirm_stage2,FORGE,10.0,10,30,2000,40,1,0.6109840273857117,0.8919949531555176,0.8220334053039551,0.751489520072937,0.11606191843748093,0.8309298753738403,0.8832425595417395,0.2442311249586315,0.4274028941355674,0.10874008469569049,0.4274028941355674,0.26807148941562897,0.02007205352547607,0.26430317848410756,0.16336633663366337,0.5907692307692308,0.0034462952326249283,0.11218637992831541,0.5870503783226013,0.8329647183418274,0.7717409133911133,0.7100075483322144,0.15521082282066345,0.7621415257453918,0.8343948670220035,0.08231517566035429,0.044744859101294665,0.014754631602568458,0.044744859101294665,0.02974974535193156,0.2712300566134843,0.3535452322738386,0.7178217821782178,0.6730769230769231,0.21941412981045377,0.20465949820788532
confirm_stage2,FORGE,10.0,10,30,2000,40,2,0.6408056616783142,0.8973894119262695,0.8335093259811401,0.7690975666046143,0.1123751550912857,0.840377926826477,0.8870661232679973,0.2390209102762778,0.3999100249608174,0.10037156080402343,0.3999100249608174,0.2501407928824204,0.03271028037383177,0.2717311906501096,0.22897196261682243,0.6288819875776398,0.008177570093457943,0.10854913089748137,0.6487444639205933,0.863034188747406,0.8096837997436523,0.7558892965316772,0.13580289483070374,0.8029173016548157,0.8720156395607004,0.1473049204799647,0.04119986068381032,0.04938866105499068,0.04938866105499068,0.0452942608694005,0.2118380062305296,0.3591429267104943,0.7663551401869159,0.7251552795031055,0.1425233644859813,0.19191202554097198
confirm_stage2,FORGE,10.0,10,30,2000,40,3,0.6343579888343811,0.8913020491600037,0.8273321986198425,0.7628300189971924,0.11710644513368607,0.8324216604232788,0.8773251937165513,0.26141678751580255,0.4497659906396256,0.11993577483119938,0.4497659906396256,0.2848508827354125,0.03234086242299795,0.2937576499388005,0.2,0.6497659906396256,0.01099537037037037,0.13093114520156976,0.6192170977592468,0.8346605896949768,0.7810229063034058,0.7269388437271118,0.15347306430339813,0.7694347500801086,0.8506421659225204,0.13384144425817895,0.001815345341086294,0.03461238619997095,0.03461238619997095,0.018213865770528623,0.26591375770020537,0.3997552019583843,0.7545454545454545,0.7527301092043682,0.2037037037037037,0.23831608990367464
confirm_stage2,FORGE,10.0,10,30,2000,40,4,0.6132723093032837,0.8926302790641785,0.8230801820755005,0.7529512643814087,0.11584323644638062,0.8319244384765625,0.8818063813098757,0.2306732015210265,0.40092101977973205,0.0986000631624657,0.40092101977973205,0.24976054147109888,0.030410542321338063,0.26108374384236455,0.19469026548672566,0.5956112852664577,0.009158557527189467,0.10775862068965517,0.6152202486991882,0.8268237113952637,0.7741420269012451,0.7210220098495483,0.15617704391479492,0.7611470222473145,0.8515502466952766,0.15404787288493177,0.008662301994618149,0.06209392620518589,0.06209392620518589,0.03537811409990202,0.2681196147997973,0.42216748768472906,0.7743362831858407,0.7656739811912225,0.20263308528906698,0.2647270114942529
confirm_stage2,FORGE,10.0,10,30,4500,60,0,0.6013877987861633,0.8908361792564392,0.8187739253044128,0.7461119890213013,0.1187206506729126,0.8286092877388,0.8755487056028584,0.2409336261857339,0.450795244669978,0.10692215374312493,0.450795244669978,0.2788586992065515,0.017107309486780714,0.2580409356725146,0.1336405529953917,0.5844357976653697,0.002336448598130841,0.10925860234125577,0.6032689809799194,0.8465693593025208,0.7859962582588196,0.7249191999435425,0.14511039853096008,0.778717041015625,0.852158793057796,0.14073740598255619,0.014226541627068823,0.05014351049122609,0.05014351049122609,0.032185026059147456,0.2130637636080871,0.3538011695906433,0.663594470046083,0.6778210116731518,0.15595794392523366,0.20610145441645975
confirm_stage2,FORGE,10.0,10,30,4500,60,1,0.6109840273857117,0.8919949531555176,0.8220334053039551,0.751489520072937,0.11606191843748093,0.8309298753738403,0.8832425595417395,0.2442311249586315,0.4274028941355674,0.10874008469569049,0.4274028941355674,0.26807148941562897,0.02007205352547607,0.26430317848410756,0.16336633663366337,0.5907692307692308,0.0034462952326249283,0.11218637992831541,0.606930136680603,0.8265647888183594,0.7718836665153503,0.7167474627494812,0.15794359147548676,0.7593237161636353,0.8511238307725357,0.11460373706880822,0.05284843869002287,0.015412803995561414,0.05284843869002287,0.03413062134279214,0.2856407617086979,0.4002444987775061,0.7920792079207921,0.7392307692307692,0.22688110281447443,0.24229390681003585
confirm_stage2,FORGE,10.0,10,30,4500,60,2,0.6408056616783142,0.8973894119262695,0.8335093259811401,0.7690975666046143,0.1123751550912857,0.840377926826477,0.8870661232679973,0.2390209102762778,0.3999100249608174,0.10037156080402343,0.3999100249608174,0.2501407928824204,0.03271028037383177,0.2717311906501096,0.22897196261682243,0.6288819875776398,0.008177570093457943,0.10854913089748137,0.6166977882385254,0.8272213339805603,0.7748085260391235,0.7219595909118652,0.15443994104862213,0.7618100643157959,0.8580845343852571,0.08263188674908806,0.034313867765716655,0.024198695102989415,0.034313867765716655,0.029256281434353035,0.3161993769470405,0.39883126369612854,0.7990654205607477,0.764751552795031,0.2558411214953271,0.2316424263923377
confirm_stage2,FORGE,10.0,10,30,4500,60,3,0.6343579888343811,0.8913020491600037,0.8273321986198425,0.7628300189971924,0.11710644513368607,0.8324216604232788,0.8773251937165513,0.26141678751580255,0.4497659906396256,0.11993577483119938,0.4497659906396256,0.2848508827354125,0.03234086242299795,0.2937576499388005,0.2,0.6497659906396256,0.01099537037037037,0.13093114520156976,0.5838090181350708,0.8046761155128479,0.7496881484985352,0.6942425966262817,0.17092302441596985,0.7341289520263672,0.8222420866932076,0.09585916823959045,0.006495532548574601,0.0008834367278444666,0.006495532548574601,0.0036894846382095337,0.32494866529774125,0.4208078335373317,0.7545454545454545,0.7480499219968799,0.27025462962962965,0.2711380663574741
confirm_stage2,FORGE,10.0,10,30,4500,60,4,0.6132723093032837,0.8926302790641785,0.8230801820755005,0.7529512643814087,0.11584323644638062,0.8319244384765625,0.8818063813098757,0.2306732015210265,0.40092101977973205,0.0986000631624657,0.40092101977973205,0.24976054147109888,0.030410542321338063,0.26108374384236455,0.19469026548672566,0.5956112852664577,0.009158557527189467,0.10775862068965517,0.6306353807449341,0.8306539058685303,0.7808564901351929,0.7306446433067322,0.15278862416744232,0.7677772045135498,0.8631880071036013,0.18168663658902573,0.05707132354980993,0.07750478653060419,0.07750478653060419,0.06728805504020706,0.25747592498732896,0.4391625615763547,0.7477876106194691,0.804858934169279,0.19404693760732686,0.27155172413793105
confirm_stage2,FORGE,5.0,15,30,4500,60,0,0.5877742767333984,0.8894261717796326,0.8143256902694702,0.7386002540588379,0.11905407160520554,0.8256257176399231,0.874505294346007,0.22612729984629798,0.40590292097760405,0.10078762933763878,0.40590292097760405,0.2533452751576214,0.02021772939346812,0.2463450292397661,0.15207373271889402,0.5579766536964981,0.0035046728971962616,0.10429230223483504,0.6362252831459045,0.8639107346534729,0.807225227355957,0.7500680088996887,0.13699428737163544,0.8019227385520935,0.8638974268399876,0.1502028139295881,0.04322473058509213,0.060881518268889684,0.060881518268889684,0.05205312442699091,0.1933644375324002,0.3435672514619883,0.7327188940092166,0.6894941634241245,0.125,0.18588151826888968
confirm_stage2,FORGE,5.0,15,30,4500,60,1,0.6105804443359375,0.8865582942962646,0.8178497552871704,0.7485693693161011,0.11836469173431396,0.824299693107605,0.8800655992848203,0.25501600001006686,0.41616146230007617,0.12263602469639046,0.41616146230007617,0.26939874349823334,0.029336078229541946,0.2843520782396088,0.19306930693069307,0.6092307692307692,0.010338885697874785,0.13297491039426523,0.6240977048873901,0.8400283455848694,0.7862693667411804,0.7320630550384521,0.14976981282234192,0.7755677103996277,0.8608974541705741,0.169544864833576,0.01622239146991622,0.07091195065662836,0.07091195065662836,0.04356717106327229,0.23314462171899125,0.40268948655256726,0.7623762376237624,0.7461538461538462,0.17174037909247558,0.24265232974910395
confirm_stage2,FORGE,5.0,15,30,4500,60,2,0.637233316898346,0.8945229649543762,0.8304671049118042,0.7658781409263611,0.11212030053138733,0.8365655541419983,0.8900732224612752,0.24269103657838187,0.37264903929877524,0.11007478458921935,0.37264903929877524,0.2413619119439973,0.036344755970924195,0.27903579254930605,0.2570093457943925,0.6296583850931677,0.008761682242990653,0.11883646683221,0.6332874894142151,0.8418930172920227,0.7899577021598816,0.7375902533531189,0.14572526514530182,0.7790485620498657,0.8686764590492306,0.14334731296085174,0.04364515005514602,0.046980312167435256,0.046980312167435256,0.04531273111129064,0.25597092419522327,0.399318237156075,0.8037383177570093,0.7600931677018633,0.1875,0.23448031216743526
confirm_stage2,FORGE,5.0,15,30,4500,60,3,0.6278983950614929,0.8918600082397461,0.8261430263519287,0.7598792314529419,0.11662260442972183,0.8324216604232788,0.8805662192189271,0.2640712377381063,0.4789746135299958,0.12072816327744083,0.4789746135299958,0.29985138840371833,0.022587268993839837,0.28665850673194615,0.1590909090909091,0.6380655226209049,0.005208333333333333,0.12593649661077416,0.5799257159233093,0.8093976378440857,0.7522673606872559,0.6946616768836975,0.17075085639953613,0.7377755641937256,0.8256944834239994,0.11753120923697907,0.016260104949652576,0.03177667611421628,0.03177667611421628,0.024018390531934428,0.29568788501026694,0.413219094247246,0.740909090909091,0.7246489859594384,0.23900462962962962,0.2707813057438459
confirm_stage2,FORGE,5.0,15,30,4500,60,4,0.61236572265625,0.8882007002830505,0.8195276856422424,0.7502832412719727,0.11959664523601532,0.8264545202255249,0.8743289679823649,0.26444113762393295,0.49186478763836106,0.1233730319299423,0.49186478763836106,0.3076189097841517,0.020780537252914344,0.2852216748768473,0.13274336283185842,0.6246081504702194,0.006296508299942759,0.12966954022988506,0.6142857074737549,0.8333728909492493,0.7788280248641968,0.7238292694091797,0.15843242406845093,0.7672799825668335,0.8431559362768278,0.18994392276021863,0.027193663827780434,0.10180341998434098,0.10180341998434098,0.0644985419060607,0.22655854029396857,0.4165024630541872,0.7212389380530974,0.7484326018808778,0.16256439610761306,0.26436781609195403
baseline,gaussian_ot_repair,,15,30,4500,60,0,0.6207424402236938,0.8951655030250549,0.8268440365791321,0.7579540014266968,0.11355197429656982,0.8357367515563965,0.8878792082123415,0.2150805344101571,0.29177858667001383,0.09703223785195916,0.29177858667001383,0.1944054122609865,0.03784344219803007,0.25292397660818716,0.2903225806451613,0.5821011673151751,0.005841121495327103,0.10287335934728627,0.5482150316238403,0.8856579065322876,0.8016467690467834,0.716936469078064,0.12472999840974808,0.8175037503242493,0.8587139460341409,0.038071569973837316,0.1426957628790188,0.023580394055027133,0.1426957628790188,0.08313807846702297,0.1290824261275272,0.16715399610136453,0.5668202764976958,0.42412451361867703,0.07359813084112149,0.050017736786094356
baseline,gaussian_ot_repair,,15,30,4500,60,1,0.6277961134910583,0.8913159966468811,0.8257089853286743,0.7595560550689697,0.11545395851135254,0.8317586779594421,0.8875136248850574,0.24864682573138858,0.37819497334348817,0.11546756591502844,0.37819497334348817,0.2468312696292583,0.034482758620689655,0.28312958435207825,0.24257425742574257,0.6207692307692307,0.010338885697874785,0.12580645161290321,0.5833979845046997,0.8868043422698975,0.8112671375274658,0.7351011633872986,0.12399785965681076,0.8219791054725647,0.8626311831410837,0.06949314635825174,0.11934501142421933,0.007934096294512069,0.11934501142421933,0.0636395538593657,0.1312403499742666,0.20073349633251833,0.6039603960396039,0.4846153846153846,0.07639287765651924,0.06845878136200717
baseline,gaussian_ot_repair,,15,30,4500,60,2,0.6387240290641785,0.8960512280464172,0.8319860100746155,0.7673876285552979,0.11075904965400696,0.8385546207427979,0.8944869652205064,0.22208037792781415,0.27612904162071167,0.10122773370287734,0.27612904162071167,0.1886783876617945,0.04672897196261682,0.268809349890431,0.3364485981308411,0.6125776397515528,0.010514018691588784,0.11174175239446613,0.5863267779350281,0.8869895339012146,0.8121352791786194,0.7366581559181213,0.12499579042196274,0.8224763870239258,0.8631587663149641,0.04577588449778397,0.19541272421199274,0.017901928834046676,0.19541272421199274,0.10665732652301971,0.1490134994807892,0.19478938397857318,0.6728971962616822,0.47748447204968947,0.08352803738317757,0.0656261085491309
baseline,gaussian_ot_repair,,15,30,4500,60,3,0.6430845260620117,0.8907890319824219,0.8291195034980774,0.7669367790222168,0.11384446918964386,0.8327531814575195,0.8880433386691651,0.2583987845551034,0.3628917883988087,0.12783220028805117,0.3628917883988087,0.24536199434342992,0.044661190965092405,0.3030599755201958,0.29545454545454547,0.6583463338533542,0.01273148148148148,0.14056368176953266,0.569654643535614,0.8831278681755066,0.8050843477249146,0.7263912558555603,0.1261472851037979,0.8161776661872864,0.8570751394227252,0.041021390925381845,0.14639767408878174,0.026147992891214444,0.14639767408878174,0.08627283348999809,0.1504106776180698,0.19143206854345166,0.6136363636363636,0.4672386895475819,0.09143518518518519,0.06528719229397074
baseline,gaussian_ot_repair,,15,30,4500,60,4,0.6332709789276123,0.8955382108688354,0.8302431106567383,0.7644045948982239,0.11210264265537262,0.8373943567276001,0.8906695729169759,0.23092387627053895,0.3356590007490221,0.1040552276809506,0.3356590007490221,0.21985711421498635,0.039026862645717184,0.26995073891625615,0.27876106194690264,0.6144200626959248,0.008013737836290785,0.11206896551724138,0.6146267652511597,0.8921183943748474,0.8230329751968384,0.7533725500106812,0.11990032345056534,0.8314271569252014,0.8699998618776819,0.09778749572429773,0.031105223735678367,0.01089470290613137,0.031105223735678367,0.02099996332090487,0.12265585402939685,0.2204433497536946,0.5663716814159292,0.5352664576802508,0.06525472238122496,0.07614942528735633
baseline,fairtabddpm,,15,30,4500,60,0,0.6207424402236938,0.8951655030250549,0.8268440365791321,0.7579540014266968,0.11355197429656982,0.8357367515563965,0.8878792082123415,0.2150805344101571,0.29177858667001383,0.09703223785195916,0.29177858667001383,0.1944054122609865,0.03784344219803007,0.25292397660818716,0.2903225806451613,0.5821011673151751,0.005841121495327103,0.10287335934728627,0.6415209770202637,0.8672345280647278,0.8110399842262268,0.7543777227401733,0.13208438456058502,0.8062323927879333,0.8717251418766003,0.12987556804574074,0.09092506589682436,0.0426246465075108,0.09092506589682436,0.06677485620216758,0.20321410057024364,0.3330896686159844,0.7741935483870968,0.6832684824902724,0.1308411214953271,0.1734657680028379
baseline,fairtabddpm,,15,30,4500,60,1,0.6277961134910583,0.8913159966468811,0.8257089853286743,0.7595560550689697,0.11545395851135254,0.8317586779594421,0.8875136248850574,0.24864682573138858,0.37819497334348817,0.11546756591502844,0.37819497334348817,0.2468312696292583,0.034482758620689655,0.28312958435207825,0.24257425742574257,0.6207692307692307,0.010338885697874785,0.12580645161290321,0.6273829936981201,0.8500697612762451,0.7946287989616394,0.7387263774871826,0.14842495322227478,0.7861760258674622,0.854407688887413,0.08900586016884632,0.1312490479817212,0.008556241108908291,0.1312490479817212,0.06990264454531475,0.2645393721049923,0.3535452322738386,0.8366336633663366,0.7053846153846154,0.19816197587593337,0.18960573476702508
baseline,fairtabddpm,,15,30,4500,60,2,0.6387240290641785,0.8960512280464172,0.8319860100746155,0.7673876285552979,0.11075904965400696,0.8385546207427979,0.8944869652205064,0.22208037792781415,0.27612904162071167,0.10122773370287734,0.27612904162071167,0.1886783876617945,0.04672897196261682,0.268809349890431,0.3364485981308411,0.6125776397515528,0.010514018691588784,0.11174175239446613,0.6214389204978943,0.8021201491355896,0.7571370601654053,0.7117795348167419,0.18084901571273804,0.7400961518287659,0.8661227390184676,0.13484841244376483,0.06338886631450635,0.03776008427459859,0.06338886631450635,0.05057447529455247,0.34579439252336447,0.4806428049671293,0.9112149532710281,0.8478260869565217,0.27511682242990654,0.31287690670450513
baseline,fairtabddpm,,15,30,4500,60,3,0.6430845260620117,0.8907890319824219,0.8291195034980774,0.7669367790222168,0.11384446918964386,0.8327531814575195,0.8880433386691651,0.2583987845551034,0.3628917883988087,0.12783220028805117,0.3628917883988087,0.24536199434342992,0.044661190965092405,0.3030599755201958,0.29545454545454547,0.6583463338533542,0.01273148148148148,0.14056368176953266,0.6484607458114624,0.8238368034362793,0.7801744937896729,0.7361487746238708,0.16249339282512665,0.7652909159660339,0.8830467638087788,0.30524594160536245,0.07078428591689123,0.21541383405346123,0.21541383405346123,0.14309905998517625,0.2120123203285421,0.5172582619339046,0.8090909090909091,0.8798751950078003,0.13599537037037038,0.3514092044238316
baseline,fairtabddpm,,15,30,4500,60,4,0.6332709789276123,0.8955382108688354,0.8302431106567383,0.7644045948982239,0.11210264265537262,0.8373943567276001,0.8906695729169759,0.23092387627053895,0.3356590007490221,0.1040552276809506,0.3356590007490221,0.21985711421498635,0.039026862645717184,0.26995073891625615,0.27876106194690264,0.6144200626959248,0.008013737836290785,0.11206896551724138,0.6441299319267273,0.835394024848938,0.7877761125564575,0.7397619485855103,0.15847863256931305,0.7749046683311462,0.8718252805572853,0.16551037528806378,0.01522318084722718,0.05900714854364464,0.05900714854364464,0.03711516469543591,0.27217435377597565,0.43768472906403944,0.8053097345132744,0.8205329153605015,0.2032054951345163,0.26221264367816094
baseline,ctgan,,15,30,4500,60,0,0.6207424402236938,0.8951655030250549,0.8268440365791321,0.7579540014266968,0.11355198919773102,0.8357367515563965,0.8878792082123415,0.2150805344101571,0.29177858667001383,0.09703223785195916,0.29177858667001383,0.1944054122609865,0.03784344219803007,0.25292397660818716,0.2903225806451613,0.5821011673151751,0.005841121495327103,0.10287335934728627,0.5919828414916992,0.8770491480827332,0.8060778975486755,0.7345160245895386,0.13054881989955902,0.8110392689704895,0.8507702964134336,0.20888735793172233,0.24497839301404006,0.10392699903525145,0.24497839301404006,0.17445269602464575,0.0720580611715915,0.28094541910331383,0.34101382488479265,0.5859922178988327,0.037967289719626166,0.1418942887548776
baseline,ctgan,,15,30,4500,60,1,0.6277961134910583,0.8913159966468811,0.8257089853286743,0.7595560550689697,0.11545395851135254,0.8317586779594421,0.8875136248850574,0.24864682573138858,0.37819497334348817,0.11546756591502844,0.37819497334348817,0.2468312696292583,0.034482758620689655,0.28312958435207825,0.24257425742574257,0.6207692307692307,0.010338885697874785,0.12580645161290321,0.6164705753326416,0.874491274356842,0.810253381729126,0.7454808950424194,0.13028626143932343,0.8108735084533691,0.8659337759320979,0.25310417812295916,0.21348819497334354,0.1479788528407231,0.21348819497334354,0.18073352390703332,0.0725681935151827,0.32567237163814183,0.42574257425742573,0.6392307692307693,0.03159103963239517,0.17956989247311828
baseline,ctgan,,15,30,4500,60,2,0.6387240290641785,0.8960512280464172,0.8319860100746155,0.7673876285552979,0.11075904965400696,0.8385546207427979,0.8944869652205064,0.22208037792781415,0.27612904162071167,0.10122773370287734,0.27612904162071167,0.1886783876617945,0.04672897196261682,0.268809349890431,0.3364485981308411,0.6125776397515528,0.010514018691588784,0.11174175239446613,0.639636754989624,0.8763219118118286,0.817395806312561,0.7579793334007263,0.12747016549110413,0.8158462047576904,0.8733840056118805,0.19809162534598249,0.14975764787833057,0.08713983549545308,0.14975764787833057,0.11844874168689182,0.1272066458982347,0.3252982712442172,0.5280373831775701,0.6777950310559007,0.07710280373831775,0.16424263923377083
baseline,ctgan,,15,30,4500,60,3,0.6430845260620117,0.8907890319824219,0.8291195034980774,0.7669367790222168,0.11384446918964386,0.8327531814575195,0.8880433386691651,0.2583987845551034,0.3628917883988087,0.12783220028805117,0.3628917883988087,0.24536199434342992,0.044661190965092405,0.3030599755201958,0.29545454545454547,0.6583463338533542,0.01273148148148148,0.14056368176953266,0.6350528001785278,0.8726662397384644,0.8135090470314026,0.7538595199584961,0.13009768724441528,0.8112050294876099,0.8666781670639399,0.24621530666358366,0.23513686001985534,0.1333056265773444,0.23513686001985534,0.18422124329859987,0.10164271047227925,0.3478580171358629,0.4590909090909091,0.6942277691107644,0.05613425925925926,0.18943988583660365
baseline,ctgan,,15,30,4500,60,4,0.6332709789276123,0.8955382108688354,0.8302431106567383,0.7644045948982239,0.11210263520479202,0.8373943567276001,0.8906695729169759,0.23092387627053895,0.3356590007490221,0.1040552276809506,0.3356590007490221,0.21985711421498635,0.039026862645717184,0.26995073891625615,0.27876106194690264,0.6144200626959248,0.008013737836290785,0.11206896551724138,0.650505006313324,0.8858839273452759,0.8272830247879028,0.7681944370269775,0.12282492220401764,0.8279463052749634,0.8691222708719721,0.18684606722777197,0.12682747524065796,0.07690790945397365,0.12682747524065796,0.1018676923473158,0.11758743030917385,0.3044334975369458,0.5353982300884956,0.6622257053291536,0.06353749284487693,0.14044540229885058
baseline,group_dro,,15,30,4500,60,0,0.6207424402236938,0.8951655030250549,0.8268440365791321,0.7579540014266968,0.11355197429656982,0.8357367515563965,0.8878792082123415,0.2150805344101571,0.29177858667001383,0.09703223785195916,0.29177858667001383,0.1944054122609865,0.03784344219803007,0.25292397660818716,0.2903225806451613,0.5821011673151751,0.005841121495327103,0.10287335934728627,0.6608266830444336,0.8527278900146484,0.8049514293670654,0.756777286529541,0.13526108860969543,0.7946295142173767,0.881150667645082,0.2383472938437332,0.09900482346823503,0.12926283762055213,0.12926283762055213,0.11413383054439358,0.19440124416796267,0.4327485380116959,0.7188940092165899,0.8178988326848249,0.12792056074766356,0.2571833983682157
baseline,group_dro,,15,30,4500,60,1,0.6277961134910583,0.8913159966468811,0.8257089853286743,0.7595560550689697,0.11545395851135254,0.8317586779594421,0.8875136248850574,0.24864682573138858,0.37819497334348817,0.11546756591502844,0.37819497334348817,0.2468312696292583,0.034482758620689655,0.28312958435207825,0.24257425742574257,0.6207692307692307,0.010338885697874785,0.12580645161290321,0.658340334892273,0.8545432686805725,0.8056957721710205,0.7564418315887451,0.13637137413024902,0.7959555983543396,0.8827335641053594,0.23659604347371987,0.014310738766184272,0.1339334498568161,0.1339334498568161,0.07412209431150019,0.1878538342768914,0.42444987775061127,0.7772277227722773,0.7915384615384615,0.11947156806433085,0.25340501792114695
baseline,group_dro,,15,30,4500,60,2,0.6387240290641785,0.8960512280464172,0.8319860100746155,0.7673876285552979,0.11075904965400696,0.8385546207427979,0.8944869652205064,0.22208037792781415,0.27612904162071167,0.10122773370287734,0.27612904162071167,0.1886783876617945,0.04672897196261682,0.268809349890431,0.3364485981308411,0.6125776397515528,0.010514018691588784,0.11174175239446613,0.676339328289032,0.8632398247718811,0.8167083263397217,0.7697895765304565,0.12795135378837585,0.8077241778373718,0.8941478308477682,0.24991030434324196,0.020062982527427886,0.15089363564331487,0.15089363564331487,0.08547830908537138,0.17497403946002077,0.42488434380326273,0.7897196261682243,0.8097826086956522,0.09813084112149532,0.2490244767648102
baseline,group_dro,,15,30,4500,60,3,0.6430845260620117,0.8907890319824219,0.8291195034980774,0.7669367790222168,0.11384446918964386,0.8327531814575195,0.8880433386691651,0.2583987845551034,0.3628917883988087,0.12783220028805117,0.3628917883988087,0.24536199434342992,0.044661190965092405,0.3030599755201958,0.29545454545454547,0.6583463338533542,0.01273148148148148,0.14056368176953266,0.6720221638679504,0.859981119632721,0.8131861090660095,0.7660016417503357,0.13447462022304535,0.8037460446357727,0.886053348716829,0.23552059797073982,0.04084527017444339,0.1322078857308968,0.1322078857308968,0.0865265779526701,0.18993839835728954,0.42545899632802936,0.7727272727272727,0.8135725429017161,0.11574074074074074,0.24794862647163754
baseline,group_dro,,15,30,4500,60,4,0.6332709789276123,0.8955382108688354,0.8302431106567383,0.7644045948982239,0.11210264265537262,0.8373943567276001,0.8906695729169759,0.23092387627053895,0.3356590007490221,0.1040552276809506,0.3356590007490221,0.21985711421498635,0.039026862645717184,0.26995073891625615,0.27876106194690264,0.6144200626959248,0.008013737836290785,0.11206896551724138,0.6706281900405884,0.8635724186897278,0.8155362606048584,0.7671003341674805,0.1263238489627838,0.8070611357688904,0.8906598749669755,0.2640042045446034,0.09532693428024519,0.16077129759390482,0.16077129759390482,0.12804911593707502,0.15914850481500253,0.4231527093596059,0.7079646017699115,0.8032915360501567,0.08815111619919863,0.24892241379310345
baseline,fairness_loss_balancing,,15,30,4500,60,0,0.6207424402236938,0.8951655030250549,0.8268440365791321,0.7579540014266968,0.11355197429656982,0.8357367515563965,0.8878792082123415,0.2150805344101571,0.29177858667001383,0.09703223785195916,0.29177858667001383,0.1944054122609865,0.03784344219803007,0.25292397660818716,0.2903225806451613,0.5821011673151751,0.005841121495327103,0.10287335934728627,0.5918294787406921,0.8757972121238708,0.8050994277000427,0.7338133454322815,0.13658849895000458,0.809547483921051,0.8621386448319772,0.20790777271500854,0.14191755276228724,0.12051420932059821,0.14191755276228724,0.13121588104144272,0.07620528771384137,0.28411306042884993,0.43317972350230416,0.5750972762645914,0.030957943925233645,0.15147215324583185
baseline,fairness_loss_balancing,,15,30,4500,60,1,0.6277961134910583,0.8913159966468811,0.8257089853286743,0.7595560550689697,0.11545395851135254,0.8317586779594421,0.8875136248850574,0.24864682573138858,0.37819497334348817,0.11546756591502844,0.37819497334348817,0.2468312696292583,0.034482758620689655,0.28312958435207825,0.24257425742574257,0.6207692307692307,0.010338885697874785,0.12580645161290321,0.6114519238471985,0.875164270401001,0.8095093965530396,0.7433080673217773,0.14027738571166992,0.8110392689704895,0.8642776305615907,0.25902223139424707,0.24386138613861386,0.152578442332199,0.24386138613861386,0.1982199142354064,0.06176016469377252,0.32078239608801956,0.38613861386138615,0.63,0.024124066628374498,0.1767025089605735
baseline,fairness_loss_balancing,,15,30,4500,60,2,0.6387240290641785,0.8960512280464172,0.8319860100746155,0.7673876285552979,0.11075904965400696,0.8385546207427979,0.8944869652205064,0.22208037792781415,0.27612904162071167,0.10122773370287734,0.27612904162071167,0.1886783876617945,0.04672897196261682,0.268809349890431,0.3364485981308411,0.6125776397515528,0.010514018691588784,0.11174175239446613,0.6455896496772766,0.8740873336791992,0.8171995878219604,0.7598384618759155,0.1347958892583847,0.8141885995864868,0.8700205067560913,0.27324748340156274,0.2423230974632844,0.16037266313699097,0.2423230974632844,0.20134788030013767,0.0893042575285566,0.3625517409301193,0.4719626168224299,0.7142857142857143,0.04147196261682243,0.2018446257538134
baseline,fairness_loss_balancing,,15,30,4500,60,3,0.6430845260620117,0.8907890319824219,0.8291195034980774,0.7669367790222168,0.11384446918964386,0.8327531814575195,0.8880433386691651,0.2583987845551034,0.3628917883988087,0.12783220028805117,0.3628917883988087,0.24536199434342992,0.044661190965092405,0.3030599755201958,0.29545454545454547,0.6583463338533542,0.01273148148148148,0.14056368176953266,0.6434037685394287,0.8675986528396606,0.81178218126297,0.7555012106895447,0.13944660127162933,0.8068954348564148,0.8619795102887903,0.33047710484845894,0.32986810381506176,0.2154375768026321,0.32986810381506176,0.27265284030884696,0.06878850102669405,0.399265605875153,0.41818181818181815,0.7480499219968799,0.024305555555555556,0.23974313235818764
baseline,fairness_loss_balancing,,15,30,4500,60,4,0.6332709789276123,0.8955382108688354,0.8302431106567383,0.7644045948982239,0.11210264265537262,0.8373943567276001,0.8906695729169759,0.23092387627053895,0.3356590007490221,0.1040552276809506,0.3356590007490221,0.21985711421498635,0.039026862645717184,0.26995073891625615,0.27876106194690264,0.6144200626959248,0.008013737836290785,0.11206896551724138,0.15412186086177826,0.8637413382530212,0.6870716214179993,0.508931577205658,0.22845856845378876,0.7652909159660339,0.8517409730452826,0.04575375949705257,0.2895386578633451,0.023682018106573503,0.2895386578633451,0.1566103379849593,0.059300557526609225,0.013546798029556651,0.33185840707964603,0.04231974921630094,0.024041213508872353,0.00035919540229885057
baseline,smote,,15,30,4500,60,0,0.6207424402236938,0.8951655030250549,0.8268440365791321,0.7579540014266968,0.11355198919773102,0.8357367515563965,0.8878792082123415,0.2150805344101571,0.29177858667001383,0.09703223785195916,0.29177858667001383,0.1944054122609865,0.03784344219803007,0.25292397660818716,0.2903225806451613,0.5821011673151751,0.005841121495327103,0.10287335934728627,0.5307978391647339,0.8823469281196594,0.7948238253593445,0.706572413444519,0.14019837975502014,0.8118680715560913,0.8689768750912857,0.010823564007651748,0.2598863167709659,0.03200868273696843,0.2598863167709659,0.14594749975396717,0.14463452566096424,0.155458089668616,0.6497695852534562,0.3898832684824903,0.08060747663551401,0.048598793898545586
baseline,smote,,15,30,4500,60,1,0.6277961134910583,0.8913159966468811,0.8257089853286743,0.7595560550689697,0.11545395851135254,0.8317586779594421,0.8875136248850574,0.24864682573138858,0.37819497334348817,0.11546756591502844,0.37819497334348817,0.2468312696292583,0.034482758620689655,0.28312958435207825,0.24257425742574257,0.6207692307692307,0.010338885697874785,0.12580645161290321,0.5544082522392273,0.882488489151001,0.800808310508728,0.7184484004974365,0.14305946230888367,0.8140228986740112,0.863771867775211,0.05330488607464323,0.2009215536938309,0.005420606539726064,0.2009215536938309,0.10317108011677849,0.13226968605249614,0.18557457212713938,0.6386138613861386,0.4376923076923077,0.07352096496266514,0.06810035842293907
baseline,smote,,15,30,4500,60,2,0.6387240290641785,0.8960512280464172,0.8319860100746155,0.7673876285552979,0.11075904965400696,0.8385546207427979,0.8944869652205064,0.22208037792781415,0.27612904162071167,0.10122773370287734,0.27612904162071167,0.1886783876617945,0.04672897196261682,0.268809349890431,0.3364485981308411,0.6125776397515528,0.010514018691588784,0.11174175239446613,0.5649856328964233,0.8897891044616699,0.808924674987793,0.7273873686790466,0.13281400501728058,0.8241339325904846,0.8838661671144866,0.014591757708706438,0.32060138155221457,0.02750382915662411,0.32060138155221457,0.17405260535441935,0.14537902388369678,0.15997078159240322,0.7336448598130841,0.41304347826086957,0.07184579439252337,0.044341965235899256
baseline,smote,,15,30,4500,60,3,0.6430845260620117,0.8907890319824219,0.8291195034980774,0.7669367790222168,0.11384446918964386,0.8327531814575195,0.8880433386691651,0.2583987845551034,0.3628917883988087,0.12783220028805117,0.3628917883988087,0.24536199434342992,0.044661190965092405,0.3030599755201958,0.29545454545454547,0.6583463338533542,0.01273148148148148,0.14056368176953266,0.5500202178955078,0.8842346668243408,0.8010272979736328,0.7171274423599243,0.13781140744686127,0.8158462047576904,0.873620429877797,0.033536829035963195,0.19462487590412708,0.020734233162881047,0.19462487590412708,0.10767955453350406,0.1375770020533881,0.1711138310893513,0.6181818181818182,0.4235569422776911,0.0763888888888889,0.05565465572600785
baseline,smote,,15,30,4500,60,4,0.6332709789276123,0.8955382108688354,0.8302431106567383,0.7644045948982239,0.11210263520479202,0.8373943567276001,0.8906695729169759,0.23092387627053895,0.3356590007490221,0.1040552276809506,0.3356590007490221,0.21985711421498635,0.039026862645717184,0.26995073891625615,0.27876106194690264,0.6144200626959248,0.008013737836290785,0.11206896551724138,0.5579680800437927,0.8878960609436035,0.8057558536529541,0.7229321002960205,0.13583044707775116,0.8211503624916077,0.8763437905642474,0.016633667816008724,0.2527810913529559,0.03216268940515432,0.2527810913529559,0.1424718903790551,0.14445007602635582,0.16108374384236454,0.668141592920354,0.4153605015673981,0.0767029192902118,0.04454022988505747
