pca_0,pca_1,pca_2,pca_3,pca_4,pca_5,pca_6,pca_7,pca_8,pca_9,target
0.012426806,0.2,-0.2,-0.2,0.14026383,0.2,0.2,-0.2,0.2,-0.100765884,1
-0.1875732,0.10158445,-0.4,-0.4,0.34026384,0.0,0.4,-0.4,0.4,-0.30076587,1
0.0124268085,0.30158445,-0.4609612,-0.6,0.54026383,-0.2,0.2,-0.28970236,0.6,-0.50076586,1
0.21242681,0.10158445,-0.6609612,-0.40000004,0.34026384,-0.23288347,0.0,-0.48970234,0.53054595,-0.70076585,1
0.0124268085,0.30158445,-0.46096122,-0.6,0.14026384,-0.21054474,0.2,-0.28970236,0.73054594,-0.64258736,1
0.21242681,0.5015845,-0.26096123,-0.8,0.34026384,-0.010544732,0.0,-0.08970235,0.53054595,-0.84258735,1
0.41242683,0.60132736,-0.06096123,-0.6,0.54026383,0.18945527,-0.2,0.11029765,0.33237082,-0.7386828,1
0.5543026,0.80132735,0.13903877,-0.8,0.34026384,0.38945526,-0.38978368,0.31029767,0.13668929,-0.5386828,1
0.3543026,0.60132736,0.14637966,-1.0,0.14026384,0.58945525,-0.58978367,0.110297665,-0.06331071,-0.43099737,1
0.5543026,0.80132735,-0.05362034,-1.2,0.34026384,0.38945526,-0.4422809,-0.08970234,0.13668929,-0.5961828,1
0.3543026,0.60132736,-0.25362033,-1.0,0.54026383,0.18945526,-0.6422809,-0.28970236,-0.017102808,-0.39618284,1
0.15430258,0.40132737,-0.4536203,-0.8,0.60837775,0.38945526,-0.4422809,-0.08970235,-0.21710281,-0.5961828,1
-0.04569742,0.20132737,-0.25362033,-1.0,0.40837777,0.58945525,-0.24228089,-0.28970236,-0.4171028,-0.5960425,1
-0.24569742,0.0013273656,-0.33181193,-1.2,0.20837776,0.78945524,-0.042280883,-0.08970235,-0.41174874,-0.39604253,1
-0.44569743,0.20132737,-0.53181195,-1.4000001,0.008377761,0.58945525,0.15771912,0.11029765,-0.21174873,-0.42908394,1
-0.34944504,0.40132737,-0.73181194,-1.2,0.14520766,0.78945524,-0.009821996,0.31029767,-0.16143367,-0.62908393,1
-0.14944504,0.60132736,-0.9318119,-1.0,-0.054792345,0.58945525,-0.209822,0.51029766,-0.36143368,-0.42908394,1
0.05055496,0.40132737,-0.73181194,-0.8,0.14520766,0.38945526,-0.11865301,0.32609957,-0.5614337,-0.62908393,1
0.25055498,0.5514666,-0.9318119,-0.6,0.34085506,0.58945525,-0.11242713,0.12609957,-0.36143368,-0.65853584,1
0.050554976,0.7514666,-1.0450891,-0.64125437,0.14085506,0.78945524,-0.0722608,0.32609957,-0.16143368,-0.8585358,1
-0.028389499,0.5514666,-0.84508914,-0.84125435,0.29630625,0.58945525,-0.2722608,0.52609956,-0.26473454,-1.0585358,1
-0.20517875,0.3514666,-0.64508915,-1.040915,0.49630624,0.78945524,-0.07226078,0.32609957,-0.45136517,-1.2585359,1
-0.40517876,0.1514666,-0.81899416,-0.840915,0.29630625,0.9894552,-0.12822579,0.52609956,-0.25136518,-1.4585359,1
-0.6051788,0.08984271,-0.9220451,-0.69002044,0.49630624,1.1894553,-0.1909945,0.72609955,-0.45136517,-1.2585359,1
-0.80517876,0.05131986,-0.7220451,-0.88373053,0.6963062,1.3769227,0.009005502,0.56051403,-0.25136518,-1.4585359,1
-0.6051788,-0.14868015,-0.9220451,-1.0837306,0.8963062,1.1769227,0.18916944,0.760514,-0.45136517,-1.658536,1
-0.4051788,-0.34868014,-1.1220452,-1.2837306,0.6963062,1.2706647,0.38916945,0.960514,-0.25136518,-1.4585359,1
-0.22245754,-0.43673638,-0.8950083,-1.4402237,0.71104324,1.1960782,0.5718934,0.9151485,-0.43812993,-1.6099032,1
-0.3684073,-0.5552708,-0.95491034,-1.4303695,0.7010632,1.2088486,0.40663093,0.97247374,-0.207663,-1.5783398,1
-0.16614413,-0.74512094,-1.1393899,-1.2138349,0.74539846,0.99529094,0.38194785,1.0230491,-0.007560016,-1.7049322,1
-0.3504394,-0.8649361,-0.9060827,-1.2732214,0.9048483,0.7611792,0.55698687,0.7877468,0.18418582,-1.8232256,1
-0.25284845,-0.6649361,-1.1060827,-1.3759394,0.7048483,0.9611792,0.44072932,0.9877468,-0.015814185,-1.6232256,1
-0.40892354,-0.78104,-0.81819546,-1.4230782,0.8170808,1.0485483,0.57858056,1.072539,0.16632037,-1.4994434,1
-0.54584235,-0.8794095,-0.9127159,-1.454936,0.5531545,1.1192055,0.6979238,0.7821486,0.025172226,-1.5233902,1
-0.32368264,-0.6358766,-1.0414191,-1.5488967,0.7048964,1.2346779,0.8403896,0.54484767,0.2107444,-1.3922714,1
-0.283635,-0.7641267,-1.1348585,-1.2331102,0.82722205,1.3115283,0.95108485,0.3152467,0.009822117,-1.4555943,1
-0.2981746,-0.9386322,-1.2995607,-1.2896053,0.61063635,1.4715588,0.7312238,0.26287025,0.20427376,-1.2223924,1
-0.09400316,-0.7072478,-1.4358445,-1.4263121,0.7761925,1.2175304,0.5086522,0.44320294,0.0040921657,-1.3619552,1
-0.28554428,-0.49265358,-1.5887791,-1.5795208,0.55961466,1.376746,0.29977188,0.23620565,-0.16979879,-1.1285241,1
-0.4136767,-0.59013087,-1.524014,-1.5161262,0.64718074,1.343365,0.42579845,0.37164092,-0.18790372,-1.1318834,1
-0.49025136,-0.35518894,-1.5696033,-1.5545506,0.77130324,1.405134,0.5611983,0.15626796,-0.35316125,-0.84841955,1
-0.6514926,-0.14647482,-1.2926978,-1.6560298,0.5392236,1.5150031,0.71845573,-0.04127642,-0.23982106,-0.9895491,1
-0.82306963,-0.33490944,-1.0562233,-1.5106349,0.53071,1.6577561,0.6363552,-0.23322259,-0.038491827,-1.1498418,1
-0.62306964,-0.5349094,-0.8562233,-1.710635,0.33071,1.457756,0.43635523,-0.4332226,0.16150817,-1.3498418,1
-0.77356255,-0.6907051,-0.6167519,-1.4197712,0.49878815,1.5580432,0.5980789,-0.5951347,0.13594338,-1.45662,1
-0.9106751,-0.84822375,-0.39687532,-1.5425178,0.6654601,1.2932726,0.3790929,-0.3762891,0.15738498,-1.5776091,1
-0.7083948,-0.64614385,-0.19624361,-1.7369267,0.46396664,1.0984037,0.5772348,-0.32420334,0.15980344,-1.7719054,1
-0.63713753,-0.44614387,-0.39624363,-1.9369267,0.66396666,0.8984037,0.7772348,-0.12420334,-0.040196568,-1.5719054,1
-0.8032296,-0.61997205,-0.18829486,-1.666573,0.44517386,1.0539132,0.93765223,-0.23550418,0.15333065,-1.700135,1
-0.9602786,-0.7018029,-0.03402729,-1.597736,0.23467728,1.2002298,1.0889462,-0.41685906,0.3382036,-1.43591,1
-1.0861605,-0.46974802,-0.12835677,-1.6828976,0.40691033,1.3107839,0.83216083,-0.20300621,0.3442216,-1.4195241,1
-1.2118368,-0.25416002,-0.3093819,-1.7740899,0.19495353,1.0465945,0.59562993,-0.37971753,0.51277244,-1.5259361,1
-1.3348831,-0.18786171,-0.48161745,-1.4882923,0.37342617,1.1447424,0.3740657,-0.16992182,0.67392194,-1.631862,1
-1.3355392,-0.33748794,-0.5930919,-1.4657787,0.47216094,1.170093,0.49950853,0.026171762,0.76042074,-1.4770528,1
-1.2484457,-0.5374879,-0.39309192,-1.5774198,0.27216095,0.9700931,0.2995085,0.22617176,0.9604207,-1.2770528,1
-1.3821416,-0.32203907,-0.18425293,-1.6960565,0.0688577,1.1165308,0.27010825,0.4066633,0.7740702,-1.4094391,1
-1.1434066,-0.11804025,0.015231091,-1.8339291,-0.1268452,0.8864991,0.45470437,0.19989163,0.9182333,-1.5567031,1
-1.1799403,0.071986854,-0.16228615,-1.7815174,-0.28707454,0.95429343,0.22371182,0.118100025,0.98216623,-1.5429467,1
-1.2449234,-0.006990977,0.03402383,-1.7876405,-0.27922234,1.0413543,0.31416872,0.04395523,0.94307077,-1.4494482,1
-1.0449233,-0.20699099,0.23402384,-1.9876405,-0.07922234,0.8556951,0.11416872,-0.15604478,1.1430708,-1.2494482,1
-0.8449233,-0.18694925,0.034023836,-1.7876405,0.12077767,1.0556952,0.31416872,0.04395522,0.9430708,-1.0494481,1
-0.6449233,-0.38694924,0.23402384,-1.9876405,0.32077765,0.8556952,0.51416874,0.24395522,1.096134,-1.2494482,1
-0.8190326,-0.5689635,0.4207242,-2.1206052,0.1170767,1.0233458,0.6922847,0.042608317,0.868674,-1.0172902,1
-0.9926891,-0.74908465,0.21501817,-2.2606142,-0.08077961,0.80206114,0.4795584,0.23633654,0.65138775,-0.9679183,1
-0.8302212,-0.54908466,0.41501817,-2.060614,0.11922039,0.60206115,0.27955842,0.38078597,0.7174088,-1.1679183,1
-0.7915387,-0.6965259,0.21501817,-2.0972862,0.15907165,0.80206114,0.15907332,0.580786,0.5174088,-1.3568283,1
-0.86610293,-0.45962605,0.013902075,-2.1265612,0.23410636,0.5573184,0.33238843,0.7227611,0.6640938,-1.4411311,1
-0.79650927,-0.46615154,-0.18609793,-1.9265611,0.03410636,0.7573184,0.46132082,0.9227611,0.4640938,-1.2411311,1
-0.819758,-0.24977477,-0.19851209,-1.99571,0.21970138,0.8984129,0.2452413,1.0536757,0.62323093,-1.3524557,1
-0.59188527,-0.047536217,0.0014209942,-2.096961,0.40082595,1.0490134,0.4252172,1.1972934,0.40419674,-1.1006256,1
-0.79003704,-0.24695848,0.00045465122,-1.8925335,0.59942365,1.2460983,0.23686585,0.9949658,0.30215433,-1.2975901,1
-0.57608163,-0.43638715,-0.19482577,-1.9684278,0.45661074,1.4118956,0.42653325,0.8901648,0.49027753,-1.0716302,1
-0.68777496,-0.5639757,0.0045854826,-1.9216926,0.22741222,1.4284858,0.555243,0.88273746,0.25724822,-1.1269375,1
-0.48777497,-0.3639757,-0.19541451,-1.7216926,0.02741222,1.6284858,0.3689221,0.68273747,0.4572482,-0.9269375,1
-0.28777498,-0.49786285,-0.39541453,-1.5216925,0.10359185,1.756581,0.5689221,0.88273746,0.25724822,-0.94395614,1
-0.08777498,-0.69786286,-0.5954145,-1.368848,0.30359185,1.956581,0.7689221,1.0827374,0.05724822,-0.74395615,1
0.108261846,-0.8661552,-0.38145065,-1.5134448,0.4343622,1.694548,0.934705,1.2374382,0.24816361,-0.5247466,1
0.14099707,-1.0431918,-0.17754246,-1.6765397,0.37798914,1.4623575,1.1102651,1.0150932,0.047126234,-0.7091366,1
0.33204326,-0.8431918,0.02245754,-1.4765396,0.17798914,1.6623576,0.91026515,1.2150933,-0.15287377,-0.9091366,1
0.5320433,-0.6431918,0.22245754,-1.2765396,-0.022010863,1.8623576,1.1102651,1.0150932,-0.35287377,-0.86273605,1
0.6801259,-0.41176015,0.39249635,-1.1966407,-0.2062656,1.9160929,0.8457081,1.0554429,-0.51366335,-0.98736554,1
0.4801259,-0.61176014,0.50994635,-0.99664074,-0.29017538,2.116093,1.0457081,0.85544294,-0.31366336,-0.78736556,1
0.34958595,-0.7883732,0.30101675,-0.7736894,-0.47605333,1.9213825,1.209819,1.0250354,-0.463495,-0.95891935,1
0.4968291,-0.89349544,0.09131976,-0.8802212,-0.2495539,1.9177428,0.91288257,1.0681531,-0.59980357,-1.0476702,1
0.6482714,-1.0172966,0.2710195,-1.0049473,-0.0461008,1.9701704,0.6632062,0.80765694,-0.37194374,-1.1607279,1
0.4482714,-0.8954869,0.071019486,-0.8049473,0.15389921,1.7701703,0.85283524,1.0076569,-0.57194376,-1.3557639,1
0.27767837,-0.9758668,-0.12898052,-0.8459256,-0.046100795,1.5701703,1.0528352,0.80765694,-0.37194377,-1.1557639,1
0.45149183,-1.1114054,-0.31094566,-0.98858756,0.1454624,1.6731288,1.1841543,0.57434493,-0.5405896,-1.2814404,1
0.4094071,-1.2143378,-0.120838165,-1.0463732,-0.05453761,1.4731288,1.1475198,0.4731259,-0.34058958,-1.0814403,1
0.2094071,-1.4143379,0.07916184,-1.0944002,-0.2545376,1.6731288,0.94751984,0.56677747,-0.20865439,-1.107727,1
0.009099291,-1.5615147,-0.042505037,-1.2520458,-0.05275307,1.8118377,0.7230601,0.35477605,-0.3952827,-0.9495761,1
0.1978615,-1.6668442,0.14610012,-1.2651715,-0.23916917,1.7837231,0.8734513,0.14645779,-0.18478744,-0.709291,1
0.38477805,-1.8054544,0.12407851,-1.030144,-0.03788111,1.8203936,0.6513053,-0.05178151,0.01471231,-0.8793895,1
0.17887601,-1.9134667,0.31372702,-1.0941753,-0.23028289,1.5686362,0.56029415,-0.2437393,-0.17936938,-1.0449126,1
-0.020731026,-2.0741506,0.5041703,-1.2701002,-0.02971954,1.3431758,0.3535917,-0.22837815,-0.37231207,-0.8422131,1
0.041549604,-1.8482535,0.69444007,-1.4497864,-0.18090643,1.1273793,0.5459422,-0.42245883,-0.4018362,-1.0278118,1
0.22239259,-1.8858088,0.78015006,-1.5189438,-0.3506972,1.2221063,0.3185059,-0.3808474,-0.18582879,-0.762159,1
0.39566147,-1.6444436,0.95609987,-1.2865804,-0.5371846,1.3872118,0.1155981,-0.56659496,-0.3763616,-0.93855023,1
0.18630803,-1.375393,1.1008334,-1.0619606,-0.70194405,1.5113364,0.30051118,-0.72994846,-0.39833555,-1.0841228,1
0.36329442,-1.1053711,0.8471679,-1.1867816,-0.4786029,1.6093868,0.47069412,-0.8745485,-0.5060622,-1.2076236,1
0.5632944,-1.3053712,0.6471679,-1.135225,-0.2786029,1.4093868,0.31998754,-1.0745485,-0.30606222,-1.0076236,1
0.36329442,-1.1053711,0.44716793,-0.93522507,-0.08492622,1.6093868,0.26269627,-0.8745485,-0.10606222,-1.2076236,1
0.16329442,-0.9053711,0.6471679,-0.7352251,-0.20404673,1.4093868,0.22330767,-0.69628054,0.093937784,-1.186775,1
0.36329442,-1.1053711,0.44716793,-0.5699079,-0.0040467232,1.6093868,0.42330766,-0.49628055,0.2939378,-1.386775,1
0.16329442,-1.3053712,0.24716793,-0.3972063,0.19595328,1.4093868,0.22330765,-0.69628054,0.0939378,-1.5867751,1
0.35495895,-1.1053711,0.44716793,-0.5972063,-0.0040467232,1.348547,0.42330766,-0.49628055,-0.1060622,-1.386775,1
0.15495895,-1.3053712,0.24716793,-0.3972063,0.0062469095,1.4407182,0.62330765,-0.5137956,0.0939378,-1.5867751,1
-0.045041054,-1.5053712,0.047167927,-0.5972063,0.20624691,1.2407181,0.42330766,-0.31379563,0.2939378,-1.386775,1
-0.24504106,-1.3053712,-0.15283208,-0.3972063,0.4062469,1.1709645,0.22330765,-0.11379562,0.0939378,-1.3213754,1
-0.2149585,-1.5053712,-0.35283208,-0.5972063,0.6062469,1.3709645,0.42330766,0.08620438,-0.1060622,-1.5213754,1
-0.34849697,-1.7053713,-0.55283207,-0.3972063,0.4062469,1.5675339,0.22330765,-0.11379562,0.0939378,-1.3213754,1
-0.14849697,-1.5053712,-0.5109868,-0.5972063,0.6062469,1.7675339,0.42330766,-0.12589425,-0.1060622,-1.1213753,1
-0.34849697,-1.3109871,-0.31098682,-0.7972063,0.8062469,1.967534,0.22330765,0.074105754,-0.30606222,-0.92137533,1
-0.47660896,-1.4782723,-0.10858381,-0.584276,0.9844604,1.9990702,0.1738089,0.15603054,-0.10376584,-1.0970961,1
-0.6181068,-1.2246296,-0.28714567,-0.62170345,1.1123741,2.0652347,0.35105887,-0.04129348,0.090377346,-1.0067637,1
-0.78126204,-1.3604692,-0.08322093,-0.6127273,1.2532693,1.7812309,0.1442557,-0.23042646,-0.10468563,-1.1524153,1
-0.58126205,-1.5604693,-0.28322095,-0.8127273,1.0532693,1.5812309,0.3442557,-0.43042648,0.095314376,-1.1767886,1
-0.7438019,-1.6760579,-0.46005133,-0.9641688,0.81235653,1.3150033,0.13733888,-0.6001986,-0.09966613,-1.310774,1
-0.54376566,-1.8759329,-0.3976602,-1.1640912,1.012289,1.114929,0.01729034,-0.40017197,0.10032719,-1.1106999,1
-0.65187097,-1.8194447,-0.5238173,-1.0627244,1.0625068,1.1524652,-0.040971797,-0.27361214,-0.087357916,-1.1487586,1
-0.43479422,-1.5582438,-0.69646335,-1.0132058,1.1634653,1.3013539,0.08523033,-0.3474854,0.1083852,-1.2977874,1
-0.21867755,-1.2650115,-0.8349286,-1.1299293,1.2698748,1.2835906,0.26565164,-0.13736175,0.2872171,-1.3949769,1
-0.4027054,-1.0243822,-0.6107066,-1.2791938,1.02906,1.4269929,0.084554,-0.3244917,0.46679524,-1.53413,1
-0.18821561,-1.136861,-0.7527557,-1.0020508,1.1412044,1.2312902,0.2642135,-0.48700002,0.6191314,-1.610171,1
-0.36042982,-1.1050994,-0.54322845,-0.7882266,1.3180875,1.4066205,0.063106716,-0.6662295,0.8050128,-1.3858652,1
-0.20925316,-0.8979967,-0.34053499,-0.8601656,1.5061744,1.5940127,0.261042,-0.8196183,0.600265,-1.1765592,1
-0.40145534,-1.0770757,-0.5302357,-0.64758694,1.6736654,1.3674514,0.25025374,-1.0001906,0.39263847,-1.0440167,1
-0.60145533,-0.87707573,-0.4160885,-0.8475869,1.4736654,1.5674515,0.45025373,-0.8001906,0.5926385,-0.8446367,1
-0.39735422,-0.670159,-0.6097948,-1.0368851,1.260654,1.7493958,0.43616858,-0.989973,0.6083963,-0.8694517,1
-0.5316106,-0.7905062,-0.537738,-1.123663,0.96356356,1.7709517,0.57793486,-1.0297595,0.37101245,-0.971556,1
-0.6982302,-0.5635638,-0.7040781,-1.2632698,0.7287253,1.8810254,0.36069128,-0.79190105,0.16320986,-1.1181028,1
-0.8480047,-0.72086835,-0.8535256,-1.0038159,0.87679464,1.7164634,0.5293397,-0.93643785,0.09471631,-1.0695709,1
-0.64458156,-0.9160037,-0.67236024,-0.7995696,1.0596491,1.9063395,0.7254868,-0.7325475,0.29315943,-0.8649773,1
-0.80063486,-0.6787474,-0.82696813,-0.9451848,1.194105,1.9967389,0.49814382,-0.50483716,0.088312,-0.6303761,1
-0.9076208,-0.79706335,-0.93150616,-0.6759161,0.9016979,1.9925408,0.6332478,-0.63931894,0.23674165,-0.7531884,1
-0.6353816,-0.89527565,-1.0159936,-0.6604668,0.9892283,1.9687098,0.6557431,-0.39446998,0.3921558,-0.8558797,1
-0.4353816,-0.69527566,-0.8159936,-0.4604668,1.1892283,2.1687098,0.45574313,-0.5319202,0.5921558,-0.65587974,1
-0.23538159,-0.89527565,-0.6159936,-0.6604668,0.9892283,1.9687097,0.25574315,-0.3319202,0.7921558,-0.45587975,1
-0.4246171,-1.0681958,-0.6895355,-0.4490821,1.1598256,2.0715573,0.054364935,-0.12865858,0.9676255,-0.6396636,1
-0.26693082,-0.8050344,-0.8248216,-0.5832858,1.260898,2.106301,-0.07571618,-0.3047486,0.7272954,-0.77857786,1
-0.4528559,-0.97473925,-0.99393,-0.75967485,1.2181976,1.8612143,-0.26740515,-0.31287172,0.51140094,-0.94908017,1
-0.25257683,-1.1734427,-1.1926124,-0.9586157,1.0170739,1.7605033,-0.08115942,-0.112747155,0.7106158,-0.74825346,1
-0.41891456,-1.2712873,-1.2890313,-1.072439,1.1265491,1.4528096,-0.12860051,0.080763064,0.4726367,-0.8777232,1
-0.20010027,-1.3448398,-1.3610588,-0.7974585,1.1304424,1.5107615,0.065263174,0.2566333,0.24920537,-0.9851,1
-9.489377e-05,-1.0834571,-1.298852,-0.943978,1.2591084,1.6190361,0.2510406,0.053596813,0.42512044,-0.8914919,1
-0.16881894,-1.198643,-1.399804,-0.694814,1.0188541,1.6988295,0.04766771,0.23683847,0.266431,-1.0193633,1
-0.33004075,-1.2515875,-1.4315982,-0.44278854,1.090702,1.5450801,-0.13631584,0.34458962,0.41738975,-1.0911577,1
-0.13004075,-1.4515876,-1.2315981,-0.24278854,0.89070207,1.4698441,0.063684165,0.54458964,0.61738974,-1.0157198,1
-0.31323263,-1.5674765,-1.1742588,-0.040609427,1.0351554,1.5659454,0.2502554,0.564813,0.62896526,-0.873728,1
-0.40470573,-1.7359624,-1.3497558,-0.23631936,0.8512469,1.3415905,0.049359348,0.3583084,0.4213168,-1.0545834,1
-0.20299533,-1.5231287,-1.5368071,-0.036015898,1.0424633,1.52871,0.24727586,0.15698567,0.21946761,-0.84744304,1
-0.052121293,-1.5534844,-1.3693489,0.15239336,1.1546433,1.6065211,0.3840322,0.33175316,0.38981876,-0.6016804,1
-0.24293014,-1.6190363,-1.5121379,-0.045871135,1.3052595,1.355246,0.17732324,0.20149823,0.5184651,-0.38703704,1
-0.04293014,-1.4190363,-1.3121378,0.15412886,1.1052594,1.555246,0.37732324,0.40149823,0.7184651,-0.18703704,1
0.15273058,-1.5743082,-1.0814134,0.34434557,1.2691998,1.7067549,0.17242444,0.19593155,0.6903356,-0.3763446,1
0.34273982,-1.7240527,-0.85644823,0.4730594,1.3238616,1.4640776,0.36187586,0.38471717,0.86511767,-0.17134981,1
0.13746513,-1.8529531,-1.0174092,0.262969,1.0823314,1.217366,0.54111284,0.56311005,1.0257583,-0.3576273,1
0.19816212,-1.9396372,-0.8174092,0.11028093,0.88233143,1.0173659,0.34111285,0.76311004,0.8257583,-0.5576273,1
0.031828478,-2.0010054,-0.9223108,0.31028092,0.68233144,0.8336646,0.14111285,0.56311005,1.0257583,-0.7576273,1
-0.16188104,-2.1186767,-0.6952927,0.10615584,0.46428978,0.99500024,-0.05668447,0.7345658,1.1799086,-0.9218071,1
-0.30576187,-2.2854514,-0.49255583,-0.09332559,0.57426345,0.7906072,-0.015246221,0.53161186,0.97449386,-1.1156082,1
-0.4485012,-2.204057,-0.614147,-0.26011628,0.68660396,0.86531895,0.16383657,0.64878124,1.0415217,-0.8622141,1
-0.23085853,-2.233378,-0.75634557,-0.055848245,0.82365835,0.98968524,0.33800554,0.78852093,0.7817768,-0.6151994,1
-0.39589494,-2.2359126,-0.87873936,-0.030474039,0.5730493,0.72560334,0.12680657,0.90830374,0.9021069,-0.74904704,1
-0.50779843,-2.2577105,-0.87323207,-0.21810669,0.7327861,0.87739456,0.3097853,0.6714127,0.6835548,-0.71692,1
-0.30779845,-2.2101223,-0.6732321,-0.41810668,0.9327861,0.67739457,0.5097853,0.47141272,0.8835548,-0.51692003,1
-0.10302841,-2.3034756,-0.5611772,-0.59075576,1.0826609,0.4562701,0.57536733,0.641703,0.65330786,-0.68519664,1
-0.27690145,-2.2876275,-0.6955489,-0.52392536,1.1720706,0.23417465,0.6838548,0.48061952,0.7797361,-0.44336328,1
-0.16489267,-2.4389882,-0.8780387,-0.42705512,0.95306426,0.033506453,0.60390294,0.2751327,0.56840086,-0.630784,1
-0.36041677,-2.6066175,-0.66972166,-0.22426999,0.7611339,-0.16445129,0.39894855,0.07421108,0.36388195,-0.8205933,1
-0.14113829,-2.4693253,-0.7652007,-0.37328225,0.84562725,-0.32065246,0.5269684,-0.0980463,0.496116,-0.89794093,1
-0.3411383,-2.2693253,-0.96520066,-0.39799523,0.64562726,-0.12065245,0.6056871,-0.2980463,0.69611603,-1.0979409,1
-0.5294746,-2.4161017,-0.7487076,-0.5851061,0.43602225,-0.31374115,0.5546775,-0.48731142,0.4854228,-0.95387334,1
-0.69999164,-2.5103674,-0.5265306,-0.36954138,0.61031634,-0.4929774,0.3403426,-0.27569926,0.27388695,-0.95493567,1
-0.89999163,-2.3103673,-0.32653064,-0.5695414,0.6322272,-0.2929774,0.14034261,-0.36591834,0.09586981,-1.1007133,1
-0.69999164,-2.1103673,-0.5265306,-0.3695414,0.4322272,-0.09297739,-0.059657395,-0.50739014,0.29586983,-0.90071326,1
-0.89999163,-2.3103673,-0.7265306,-0.25458553,0.6322272,-0.111426,0.078148335,-0.30739015,0.095869824,-0.7007133,1
-0.69999164,-2.1103673,-0.9265306,-0.45458555,0.4322272,-0.311426,0.27814835,-0.37722474,-0.039608672,-0.90071326,1
-0.49999166,-2.3103673,-1.1092389,-0.65458554,0.23222719,-0.51142603,0.12742236,-0.17722474,-0.23960868,-0.8864652,1
-0.28949842,-2.4225585,-0.877435,-0.8246934,0.41710854,-0.30053282,0.31596965,-0.36402997,-0.03822322,-1.0484623,1
-0.38864323,-2.2381902,-0.67743504,-0.64323324,0.6171085,-0.45738882,0.51596963,-0.16402997,-0.035861302,-0.8484623,1
-0.58864325,-2.1386425,-0.877435,-0.8432332,0.8171085,-0.46981642,0.31596965,-0.2997883,0.1641387,-0.9606063,1
-0.7491329,-1.9386425,-0.959929,-1.0432333,1.0171086,-0.66981643,0.51596963,-0.49978828,-0.0358613,-0.7606063,1
-0.8844047,-1.9927933,-1.0808252,-0.7857272,0.7613841,-0.81049746,0.29442143,-0.5368975,-0.21977624,-0.8950957,1
-1.0202581,-2.0630813,-1.2050595,-0.5949978,0.5281761,-0.6077952,0.29295647,-0.31696874,-0.0186064,-1.0303167,1
-0.8460614,-1.8630812,-1.3613371,-0.39499784,0.32817614,-0.4077952,0.49295646,-0.116968736,-0.2186064,-0.8303167,1
-0.6460614,-1.6630812,-1.5613371,-0.5949978,0.5281761,-0.49884525,0.69295645,-0.31696874,-0.4186064,-0.63031673,1
-0.8460614,-1.8630812,-1.7613372,-0.39499784,0.48813063,-0.29884523,0.49295646,-0.116968736,-0.2186064,-0.8303167,1
-0.64242357,-2.0514643,-1.5525454,-0.5916475,0.5423183,-0.09828865,0.29130688,0.08256373,-0.4162493,-1.0245152,1
-0.4991206,-2.160654,-1.3621339,-0.7916475,0.3423183,0.101711355,0.4913069,0.16477446,-0.2162493,-0.82451516,1
-0.6898854,-2.013967,-1.1621338,-0.9916475,0.5423183,0.10461704,0.34710124,0.36477447,-0.016249299,-1.0245152,1
-0.4898854,-1.8501984,-1.3621339,-1.0290468,0.3423183,-0.095382966,0.39489067,0.30235624,-0.2162493,-1.2245152,1
-0.26250958,-1.8565844,-1.4146112,-1.1129798,0.12887824,-0.267488,0.53379524,0.4549154,-0.01471477,-1.2899888,1
-0.17380548,-2.0565844,-1.2146112,-0.9129798,0.30680364,-0.467488,0.7337952,0.42612714,-0.21471477,-1.0899887,1
-0.27795106,-1.8565843,-1.3724908,-0.7129798,0.50680363,-0.267488,0.53379524,0.6261271,-0.41471475,-1.2899888,1
-0.4547169,-1.5760543,-1.4960489,-0.868598,0.67244446,-0.44476247,0.6716452,0.40541226,-0.20427704,-1.4175575,1
-0.49208394,-1.500993,-1.3558267,-1.0220122,0.83441,-0.3982668,0.83364564,0.5436979,-0.0040905774,-1.3329114,1
-0.6182786,-1.5195954,-1.38991,-0.75481504,0.5667552,-0.5344663,0.9234154,0.6643883,0.17501722,-1.3694384,1
-0.7503897,-1.4645438,-1.4580023,-0.8755983,0.7031409,-0.3067172,0.6633969,0.4258601,0.34390375,-1.4392292,1
-0.92134374,-1.2258966,-1.6073302,-0.65495056,0.8542018,-0.4095648,0.80561954,0.6067324,0.52728087,-1.2013557,1
-1.0415933,-1.040104,-1.6787922,-0.4225943,0.9792266,-0.19466045,0.9074244,0.37780547,0.42308903,-1.3016908,1
-1.0682055,-1.1806782,-1.4079283,-0.59275955,1.1227181,0.0050836764,1.0543566,0.26276374,0.59323055,-1.1567856,1
-1.148837,-0.94706297,-1.4565839,-0.71703666,1.1982187,0.18578039,1.0180682,0.056856163,0.35621813,-1.2290796,1
-1.2674596,-0.70199156,-1.5566397,-0.48584306,1.3138621,0.36250567,1.0759168,-0.13450775,0.5226607,-0.96699363,1
-1.0153308,-0.8579433,-1.6708552,-0.6523503,1.209621,0.1545698,1.2136081,-0.31817228,0.64987564,-0.72953796,1
-0.9354433,-1.0117333,-1.4066094,-0.6361395,1.2977216,0.3390825,1.351863,-0.113010615,0.53716457,-0.8889366,1
-1.0283382,-1.0974319,-1.0927912,-0.7572674,1.3564433,0.29457864,1.4054775,0.050616592,0.30536023,-0.9862184,1
-1.1940118,-0.87235284,-1.204632,-0.54169434,1.124126,0.0919356,1.5606118,-0.14520884,0.10241589,-1.153069,1
-0.9940118,-0.67235285,-1.4046321,-0.34169436,0.92412597,-0.108064406,1.3606118,-0.34520882,0.3024159,-0.95306903,1
-1.115662,-0.714351,-1.4993378,-0.3534211,1.050362,-0.28784952,1.4301249,-0.50943273,0.46944788,-1.0774058,1
-1.2097151,-0.8407206,-1.5624944,-0.50885546,1.1496736,-0.08077521,1.131066,-0.2845149,0.24774991,-1.1745396,1
-1.3038551,-0.9625695,-1.4298555,-0.2856625,1.2483222,0.11027181,1.2311119,-0.0781684,0.4141269,-0.9917735,1
-1.4793949,-0.7501663,-1.2098519,-0.0842692,1.4247653,0.30522522,1.0143409,0.11985002,0.4867576,-1.1723894,1
-1.1868252,-0.6397661,-1.3078431,0.107357174,1.5072066,0.09761172,1.1264781,0.2967075,0.44857275,-1.2730911,1
-1.3004476,-0.4123755,-1.2440411,0.1137833,1.3559775,0.27907512,1.0801463,0.46577033,0.6081767,-1.3813404,1
-1.1650871,-0.32889396,-1.3795079,-0.08236374,1.4864421,0.4576656,0.8408132,0.25389323,0.38993558,-1.5106715,1
-0.99157536,-0.49495313,-1.4781458,-0.26424354,1.5782177,0.6154611,0.80287826,0.42476544,0.3220885,-1.3109983,1
-0.72737074,-0.6345802,-1.5323596,-0.42391312,1.3980545,0.7446192,0.91575485,0.49446124,0.21127042,-1.3797327,1
-0.6866171,-0.8345802,-1.7323596,-0.22391312,1.1980544,0.55508685,0.71575487,0.6944612,0.011270419,-1.4278007,1
-0.66666496,-1.0345802,-1.5323596,-0.42391312,0.99805444,0.62698686,0.5157549,0.65349895,0.21127042,-1.6278007,1
-0.41263717,-1.0916476,-1.5317969,-0.33842993,1.0593506,0.7312431,0.5638471,0.7546857,0.1435949,-1.6161884,1
-0.5010885,-0.871633,-1.5467839,-0.48090786,1.1054819,0.4744888,0.68224305,0.8526938,0.30688763,-1.6221596,1
-0.5899225,-0.9521046,-1.6538172,-0.26595747,0.85729057,0.63859135,0.45657727,0.61795634,0.4799102,-1.7251812,1
-0.3899225,-0.75210464,-1.4538171,-0.46595746,1.0572906,0.83859134,0.6565773,0.8179563,0.55114836,-1.6506898,1
-0.34613174,-0.5375206,-1.610131,-0.2589321,0.8346449,0.62172276,0.8339505,0.6097109,0.7313065,-1.8018032,1
-0.5340032,-0.7211417,-1.4395941,-0.44874012,0.6205507,0.46721515,0.61987174,0.52243614,0.91062397,-1.957347,1
-0.3340032,-0.7434912,-1.327247,-0.24874012,0.8205507,0.26721513,0.53899467,0.32243615,0.710624,-1.9269773,1
-0.48544022,-0.94349116,-1.127247,-0.04874012,0.6205507,0.46721512,0.56725633,0.12243615,0.91062397,-2.1269772,1
-0.68544024,-1.0402508,-1.327247,0.15125988,0.8205507,0.26721513,0.36725634,0.21073672,0.936001,-1.9269772,1
-0.4571977,-1.0048527,-1.438393,-0.045904454,0.7748102,0.36730784,0.5342538,0.38684037,0.7258822,-2.0032313,1
-0.5830102,-1.0688434,-1.4534438,-0.21523952,0.713496,0.5032675,0.2965217,0.52059513,0.6460629,-1.9545205,1
-0.6978473,-0.774345,-1.4537494,-0.37007663,0.81414104,0.56981003,0.08602366,0.6422207,0.75404215,-1.9201875,1
-0.8836439,-0.5652592,-1.2339158,-0.16738611,0.998098,0.75763214,0.28149897,0.82889724,0.54527754,-1.9274966,1
-1.0077457,-0.7116606,-1.3334848,0.03032962,0.7421994,0.77916247,0.0757908,0.7194953,0.3210944,-1.9784871,1
-1.0339105,-0.86859745,-1.0799434,-0.06735081,0.5165881,0.9329108,0.26276356,0.49495643,0.49648,-2.0755842,1
-1.0839516,-0.9387292,-1.12439,-0.23485927,0.27811268,0.9952265,0.34496927,0.25910994,0.6118357,-1.999029,1
-1.1909792,-0.68523705,-1.2284895,-0.36042464,0.44349203,1.1086788,0.30666944,0.054829724,0.7530498,-1.8392758,1
-1.3120921,-0.8350322,-0.9701603,-0.1513264,0.22968276,1.2344593,0.10061985,0.24037747,0.52168447,-1.9236217,1
-1.112092,-1.0350323,-1.0032411,0.0486736,0.42968276,1.0344592,-0.01879318,0.040377468,0.32168448,-1.7236216,1
-0.91209203,-1.2350323,-1.2032411,0.2486736,0.22968276,0.83445925,-0.21879318,-0.15962254,0.52168447,-1.913852,1
-0.6994598,-1.3726946,-0.9854439,0.04781015,0.36257094,1.0161083,-0.018459797,-0.23952079,0.3466894,-2.076353,1
-0.8349059,-1.459823,-1.100365,-0.14126724,0.52219546,1.1288288,0.16851114,-0.2734329,0.50745374,-1.7416879,1
-0.95947045,-1.5388367,-0.9703047,-0.3163919,0.30394763,0.8611254,0.2048097,-0.43892384,0.6005987,-1.8001561,1
-1.1454486,-1.4831675,-1.1561519,-0.11498432,0.49785322,0.77020854,0.004751527,-0.6311971,0.6322958,-1.580805,1
-0.9454486,-1.3185192,-0.9561519,-0.31498432,0.6978532,0.9702085,-0.19524847,-0.4311971,0.8322958,-1.4017012,1
-0.7454486,-1.1185192,-0.7561519,-0.5149843,0.8978532,1.1702086,-0.35735208,-0.2311971,1.0322958,-1.2017012,1
-0.5454486,-1.3185192,-0.5561519,-0.5119121,0.7359439,1.3702086,-0.55735207,-0.0311971,0.83229584,-1.4017012,1
-0.38113752,-1.0808066,-0.7306571,-0.6879089,0.9043872,1.5172668,-0.34530342,-0.22340195,0.9974904,-1.5476975,1
-0.58113754,-0.9783068,-0.5758344,-0.64365685,0.7043872,1.3172667,-0.14530341,-0.42340195,0.7974904,-1.7476976,1
-0.54317427,-0.7783068,-0.7758344,-0.5749577,0.5367504,1.5172668,0.05469659,-0.22340195,0.9974904,-1.5476975,1
-0.53267986,-0.841431,-0.93319875,-0.7410987,0.7045607,1.642237,-0.1389549,-0.02237948,0.7626469,-1.6713381,1
-0.3884733,-0.987056,-0.6949171,-0.8919622,0.47821665,1.5288205,-0.087621674,-0.21076863,0.9123853,-1.773632,1
-0.16253237,-1.023673,-0.77174324,-0.9416677,0.58486885,1.4908706,-0.24803425,-0.00928646,0.9592798,-1.701987,1
-0.33191252,-0.7541048,-0.88966876,-1.0452412,0.45296276,1.3772111,-0.41019282,0.09056434,1.0613658,-1.7413433,1
-0.5247377,-0.5466307,-1.0749706,-1.2284447,0.64415514,1.161332,-0.60196215,0.28664503,0.8497472,-1.682553,1
-0.6399675,-0.65929973,-1.0883948,-1.0097196,0.74541706,1.0860949,-0.70815927,0.42972377,0.87566954,-1.662357,1
-0.6139,-0.8244461,-1.2361369,-0.776877,0.90707046,0.85015446,-0.77766114,0.22040606,0.64826405,-1.7868189,1
-0.7104062,-0.89417976,-1.2535208,-0.8526594,0.810537,0.56748223,-0.85334384,0.3669481,0.7404006,-1.7341793,1
-0.8068767,-0.6487996,-1.3585008,-0.9838446,0.9444758,0.71731013,-0.9844843,0.5298854,0.6339942,-1.4338863,1
-0.59314543,-0.8071106,-1.1322883,-0.76610917,0.7276312,0.8965549,-1.157684,0.489578,0.8151241,-1.5969177,1
-0.7242729,-0.8839639,-1.143879,-0.8822174,0.48181453,0.97726256,-1.23979,0.6296987,0.92697614,-1.2756168,1
-0.7439926,-0.9714866,-1.2044318,-0.8411069,0.2525721,1.0551041,-1.2903905,0.7436052,1.0100358,-0.9640056,1
-0.9222145,-0.8795214,-0.9812593,-1.0170884,0.051359236,1.2261486,-1.256782,0.781815,0.79134804,-1.0274125,1
-1.1222146,-0.94920194,-0.7812593,-0.8170884,0.25135922,1.0261486,-1.2868414,0.581815,0.616282,-1.116815,1
-0.92221457,-1.149202,-0.9812593,-0.8062814,0.3486969,1.0748737,-1.0868413,0.781815,0.416282,-1.0599312,1
-0.7222146,-1.349202,-0.7812593,-1.0062814,0.14869688,1.2748737,-0.88684136,0.581815,0.56829065,-0.8599312,1
-0.897505,-1.5076932,-0.9549677,-0.7846781,0.339354,1.4353564,-0.6684383,0.76086724,0.3584228,-1.0315317,1
-1.097505,-1.3076931,-1.1549677,-0.6581863,0.139354,1.2353563,-0.46843833,0.8181893,0.5584228,-0.8315317,1
-0.9691133,-1.423912,-1.2796735,-0.43272534,0.32049644,1.355595,-0.63129383,0.9553947,0.71627796,-0.6661518,1
-0.6924157,-1.4619722,-1.3321173,-0.56962866,0.10848028,1.4004679,-0.74839544,0.68006516,0.8249048,-0.77977735,1
-0.8192075,-1.1584479,-1.406432,-0.70649314,0.055978667,1.4691756,-0.870595,0.8078701,0.6781104,-0.6911449,1
-0.6170678,-0.95513594,-1.5076209,-0.8133504,-0.14352366,1.3198779,-0.66827774,1.0043874,0.87507606,-0.8880655,1
-0.70491374,-0.9965773,-1.473226,-0.87425375,0.048724167,1.3112533,-0.74909437,1.0390683,0.9275068,-0.59361887,1
-0.4743934,-1.0286516,-1.572085,-1.0093187,0.2336896,1.4199032,-0.71499294,0.78834945,0.68353146,-0.74564725,1
-0.6410287,-1.1678658,-1.5036199,-1.1494894,0.41223338,1.1595501,-0.48951438,0.9394522,0.50754154,-0.865268,1
-0.58283895,-1.215394,-1.5137227,-1.199066,0.18857637,0.852592,-0.61265635,1.0124409,0.62867403,-0.9465259,1
-0.37117222,-0.9844505,-1.6614982,-1.3564305,0.24959019,1.0205151,-0.40008095,0.78768235,0.4156105,-1.1115863,1
-0.57117224,-0.78445053,-1.4614981,-1.373627,0.4495902,0.8205151,-0.20008095,0.98768234,0.6156105,-1.3115864,1
-0.6963426,-0.52773917,-1.500277,-1.3723952,0.47323528,0.9214908,-0.34344298,0.71125066,0.73646885,-1.3649117,1
-0.56308824,-0.4455621,-1.6967484,-1.1699619,0.6718381,1.1191633,-0.14314528,0.90935946,0.5778674,-1.162494,1
-0.7490344,-0.56367356,-1.861816,-1.3447313,0.46314827,0.90223503,0.05580763,0.6962952,0.4955542,-1.0413977,1
-0.85319966,-0.6865568,-1.4940037,-1.3887424,0.5961827,0.99092996,-0.12963164,0.80578613,0.62531626,-1.1160398,1
-0.6531997,-0.48655683,-1.5049413,-1.5887425,0.39618272,1.19093,0.070368364,0.60578614,0.42531627,-0.91603976,1
-0.43555525,-0.65982705,-1.6385628,-1.7191013,0.5729715,0.9523501,0.2598421,0.48435324,0.21654402,-1.0725889,1
-0.5982596,-0.8093707,-1.354145,-1.8064847,0.35108483,1.0847279,0.43285766,0.40374282,0.36521727,-1.0517875,1
-0.69883895,-0.88365686,-1.3605814,-1.7565836,0.1322677,0.86277795,0.5540373,0.5285486,0.49482128,-1.0958815,1
-0.4932488,-0.8970718,-1.543093,-1.5503597,0.32854417,1.050868,0.3500698,0.32486677,0.29151738,-1.2813593,1
-0.68313736,-1.0810703,-1.7176689,-1.3306638,0.17616925,0.8384576,0.5420467,0.41110128,0.090182535,-1.1993994,1
-0.57145756,-1.2303667,-1.4885488,-1.4700814,0.3612808,0.61318797,0.32850882,0.5869144,0.13205607,-1.3440124,1
-0.35067394,-1.1418275,-1.5940717,-1.5766377,0.15225688,0.39006945,0.12131855,0.36526597,0.313477,-1.4576225,1
-0.508133,-1.238168,-1.518893,-1.4999999,0.32504416,0.17538612,-0.072603114,0.15249875,0.47380963,-1.504084,1
-0.28723735,-1.3406404,-1.5539863,-1.5847164,0.11656443,0.34992975,0.11875761,0.20124882,0.52358377,-1.3149889,1
-0.441946,-1.1992776,-1.5909438,-1.6188174,-0.07567979,0.13599296,0.28912738,0.36395055,0.29350492,-1.3741624,1
-0.23546669,-0.9725171,-1.3536943,-1.7701097,-0.2682971,-0.062292937,0.4760286,0.45282364,0.42240697,-1.5320065,1
-0.42210382,-0.74881136,-1.5060172,-1.5219287,-0.066201314,0.13348135,0.26755828,0.63279086,0.6033076,-1.6788577,1
-0.4592201,-0.85593647,-1.178177,-1.5533769,-0.15682659,0.30083838,0.4217911,0.75127274,0.7246754,-1.6949449,1
-0.6299279,-1.0090163,-0.93471205,-1.6713921,0.04125502,0.4785838,0.571806,0.52677715,0.50136167,-1.6826394,1
-0.41365594,-0.77839655,-1.0917654,-1.4202734,0.18973973,0.63306695,0.7425946,0.69927,0.5055127,-1.811385,1
-0.20465574,-0.9371819,-0.85420007,-1.55202,-0.009828058,0.7979742,0.90288806,0.47823843,0.5975648,-1.7039721,1
-0.3746743,-1.0529265,-0.7325734,-1.251847,0.17608185,0.924033,1.0211737,0.25762337,0.73847216,-1.7629044,1
-0.49859425,-1.087054,-0.5786489,-1.2596397,-0.020751674,0.9752244,1.0595049,0.104079224,0.8142296,-1.7030393,1
-0.63845176,-1.1762506,-0.71161443,-1.3339782,0.1638167,1.0740484,0.9943641,-0.08766288,0.9269138,-1.3736414,1
-0.43458563,-1.3127887,-0.48802277,-1.4632431,0.13767004,0.8337441,0.75773424,0.10715701,1.0749494,-1.5010774,1
-0.22335695,-1.071896,-0.46690884,-1.5240017,0.3215071,0.9842628,0.5310377,-0.08839897,1.1293062,-1.6196536,1
-0.023356944,-0.87189597,-0.26690882,-1.3240017,0.5215071,1.1842629,0.3310377,0.11160103,1.3293062,-1.4735744,1
-0.21655928,-0.9860517,-0.45269886,-1.2748542,0.3117223,1.3421341,0.514876,-0.085708626,1.1604797,-1.6226406,1
-0.414601,-0.7823564,-0.6496305,-1.3855908,0.11119709,1.5348845,0.7115153,-0.2843655,0.9559644,-1.4159526,1
-0.5820862,-0.65599674,-0.42584327,-1.5017068,-0.08410489,1.6405164,0.48445413,-0.07990223,0.7159709,-1.5304624,1
-0.4361352,-0.8269053,-0.6045737,-1.581556,-0.27444947,1.3915597,0.4705674,-0.2192847,0.49843538,-1.6521096,1
-0.2361352,-1.0269053,-0.40457374,-1.3815559,-0.074449465,1.5915598,0.27056742,-0.41467792,0.2984354,-1.4521096,1
-0.07100078,-0.7955443,-0.58164483,-1.5215743,-0.26404077,1.6232463,0.4527208,-0.2065361,0.47953185,-1.5894521,1
0.10165177,-0.9057929,-0.7111771,-1.566369,-0.05826729,1.6588751,0.593876,-0.3486274,0.61827,-1.2641886,1
-0.09682271,-1.0886405,-0.8970434,-1.3451747,0.07186944,1.4362458,0.76432407,-0.5401174,0.41178203,-1.441477,1
0.09911954,-0.853692,-1.0538988,-1.484406,-0.12309143,1.1876266,0.9263991,-0.71101,0.5877218,-1.3462708,1
-0.09317115,-0.9731685,-0.91064006,-1.5556833,-0.2984007,0.9121519,1.0403194,-0.47195846,0.72752386,-1.4281044,1
0.095399514,-1.0476544,-0.9918156,-1.5082219,-0.4450781,0.9931657,1.0274414,-0.24286236,0.4710855,-1.4539179,1
-0.0961388,-0.86073285,-1.0954033,-1.2023928,-0.5928943,1.0597665,1.1281471,-0.40703687,0.6167978,-1.5201237,1
0.032832287,-1.0084332,-1.2315333,-0.9529696,-0.37352258,0.9763822,1.2626626,-0.19682887,0.3962475,-1.6353127,1
0.23283228,-0.80843323,-1.4315333,-1.1006231,-0.17352258,1.0440588,1.2254055,0.003171131,0.37666768,-1.4353126,1
0.03283228,-0.85210884,-1.6315334,-0.90062314,-0.14666378,0.8440588,1.0254054,-0.19682887,0.17666768,-1.2353126,1
0.23283228,-0.6771733,-1.8315334,-1.1006231,0.053336218,1.0440588,0.8254054,0.003171131,-0.023332328,-1.0353125,1
0.03207095,-0.5721647,-1.9844253,-1.2704637,0.17225227,1.215211,0.9482945,-0.1922647,0.105721965,-0.81594294,1
-0.1432498,-0.49408835,-1.7249097,-1.4214197,0.35983664,1.3680098,1.1099957,-0.3791816,-0.0911336,-0.59539956,1
-0.020555377,-0.29046214,-1.9011748,-1.601427,0.55293363,1.1592338,0.9232049,-0.26502913,0.10752403,-0.39052412,1
-0.042650428,-0.085666254,-1.9897803,-1.3271297,0.4988476,1.2871736,1.0636579,-0.44037545,-0.082625896,-0.18042341,1
0.14945073,-0.042399224,-2.079855,-1.450469,0.2838457,1.0325983,1.0317938,-0.43795007,0.11148201,-0.36132646,1
-0.050121173,-0.24034639,-2.2605472,-1.4142748,0.08313561,0.8255471,0.82474947,-0.2359349,0.30884412,-0.5565726,1
0.118585795,-0.036852013,-2.247441,-1.4744637,0.25861347,0.5727712,0.9359967,-0.0328226,0.09941721,-0.6910464,1
-0.07527827,-0.2190012,-2.2629848,-1.3921188,0.42404914,0.71452975,0.68052685,-0.21527547,-0.09300217,-0.8238909,1
-0.24977182,-0.017240606,-2.2347722,-1.444598,0.48463944,0.47136667,0.7989399,-0.013860085,0.09708374,-0.8667545,1
-0.4453408,-0.21510041,-2.4107857,-1.2323365,0.28183523,0.66135824,0.59303933,0.18430611,0.29415697,-0.6601858,1
-0.6453408,-0.015100405,-2.2107856,-1.4323366,0.081835225,0.8613582,0.39303935,0.38430613,0.49415696,-0.46018583,1
-0.7717232,0.17475122,-2.2784677,-1.1646987,0.26636645,1.0031047,0.18244421,0.35012642,0.5291375,-0.55940765,1
-0.86005914,-0.02512361,-2.0681636,-1.3579333,0.06603744,1.1971403,-0.017468756,0.14938216,0.3275058,-0.7556429,1
-0.9782821,-0.2077567,-2.0931888,-1.4377483,0.24551427,0.92021704,-0.20069237,0.32242945,0.48681197,-0.51277846,1
-0.80396456,-0.4077567,-1.8931887,-1.2377483,0.04551427,0.96804154,-0.00069236755,0.122429445,0.686812,-0.6628726,1
-1.0039645,-0.6077567,-1.6931887,-1.4377483,-0.15448573,0.76804155,0.19930764,0.13098158,0.486812,-0.46287262,1
-0.80396456,-0.4077567,-1.4931886,-1.2377483,-0.3357042,0.56804156,-0.00069236755,0.33098158,0.286812,-0.6628726,1
-0.9521764,-0.6077567,-1.2931886,-1.3760775,-0.5357042,0.76804155,0.19930764,0.36514723,0.086812004,-0.46287262,1
-1.1521764,-0.80775666,-1.0931885,-1.5760776,-0.48551825,0.96804154,0.12644318,0.5651472,-0.113188,-0.6628726,1
-0.9521764,-0.6077567,-0.89318854,-1.7760776,-0.28551823,1.1680416,-0.073556826,0.36514723,-0.2589536,-0.6053465,1
-0.7521764,-0.45390916,-0.69318855,-1.9760777,-0.085518226,1.3680416,-0.27355683,0.16514723,-0.0589536,-0.8053465,1
-0.8867771,-0.60899603,-0.8318408,-2.0266159,0.10661871,1.4603423,-0.06850465,-0.032458946,0.13135877,-0.93629533,1
-0.66991645,-0.39895502,-0.61632884,-2.1719515,-0.09108874,1.6195801,0.1282671,0.16342784,0.3232238,-0.718219,1
-0.43018267,-0.18213236,-0.38112614,-2.1713912,0.09970227,1.6657256,0.30051047,0.3326982,0.4789826,-0.8405789,1
-0.23018266,0.01786764,-0.58112615,-1.9713912,-0.100297734,1.4657255,0.10051046,0.4323566,0.6408331,-1.040579,1
-0.27798495,-0.18213236,-0.38112617,-1.7713912,0.09869014,1.6657256,0.30051047,0.2323566,0.84083307,-1.2086811,1
-0.43548703,-0.34815675,-0.41098973,-1.6269995,0.27213344,1.6998429,0.45600978,0.39391553,0.948292,-1.2834345,1
-0.22390552,-0.14087023,-0.20061302,-1.7371457,0.15988424,1.6257064,0.6237465,0.5647061,0.7114902,-1.4104776,1
-0.16396472,-0.30732194,-0.36118487,-1.7464927,-0.036167584,1.5801426,0.47601303,0.4965497,0.78640676,-1.4519752,1
0.0026665118,-0.49055734,-0.5116033,-1.8821703,-0.22709239,1.7213173,0.26689208,0.2867501,0.56702876,-1.2106032,1
0.18835013,-0.28024516,-0.2895916,-1.9350854,-0.025178572,1.7855952,0.30228332,0.08062206,0.71284574,-1.1236367,1
0.35606757,-0.16824621,-0.4488931,-1.9576012,0.16028897,1.8205378,0.4605298,0.25729468,0.68970764,-0.8468572,1
0.15606757,-0.3682462,-0.6488931,-1.7869637,-0.03971103,1.6205378,0.26052982,0.05729468,0.81387144,-1.0468572,1
0.21906541,-0.16042237,-0.80941767,-1.8945655,-0.13554667,1.7358787,0.057715043,0.2453299,0.96672416,-0.8074765,1
0.37176877,0.035110813,-0.72871983,-1.8581681,0.057178985,1.7173911,0.22862875,0.040213864,1.0350451,-0.8937705,1
0.16110156,-0.09173332,-0.8710444,-1.9303516,-0.13395153,1.4231579,0.14405009,-0.14986308,1.1583463,-1.025845,1
-0.03507682,-0.26307166,-0.9658185,-1.9210528,0.05955947,1.4636891,-0.050453052,0.045211166,0.9663632,-1.1054106,1
-0.2278148,-0.44876638,-1.0831141,-1.6678858,0.25154114,1.6122942,-0.24271603,-0.15000708,1.1303318,-0.8774405,1
-0.42140904,-0.40030855,-1.2049452,-1.630818,0.44478014,1.6949806,-0.43608716,-0.0683261,0.91640174,-0.6672971,1
-0.57920295,-0.55953556,-1.3095213,-1.3336368,0.22815466,1.7662735,-0.3633246,0.122730605,0.94110143,-0.80839026,1
-0.6131967,-0.70124346,-1.0243688,-1.4159347,0.025993869,1.8153678,-0.15078993,0.14914149,0.93277436,-0.93099934,1
-0.41319668,-0.5012435,-1.2243688,-1.2159346,-0.17400613,2.0153677,-0.35078993,-0.050858513,0.7327744,-0.73099935,1
-0.19686112,-0.6172574,-1.3152308,-0.9522439,0.024002166,2.0456219,-0.5085873,0.13771397,0.8613033,-0.8596643,1
-0.32593155,-0.43080518,-1.4281924,-1.0860562,0.21113494,2.116628,-0.2908613,-0.033967115,0.7013408,-0.62177163,1
-0.4786517,-0.21005641,-1.4818223,-0.94749296,0.374175,2.1083694,-0.4270857,-0.2129341,0.8203126,-0.3838555,1
-0.55877894,-0.22796316,-1.2289095,-1.1001253,0.5504735,2.2130816,-0.21771176,-0.012400193,0.5947066,-0.5597544,1
-0.507511,-0.078470185,-1.3044757,-0.8217396,0.6851199,2.202943,-0.016169364,0.17126304,0.72550106,-0.6935926,1
-0.37203935,-0.20245937,-1.2108214,-0.93666184,0.8114181,2.2028558,0.1685235,0.18616413,0.48174387,-0.8191853,1
-0.57203937,-0.40245938,-1.0108213,-1.1366619,1.0114181,2.0028558,0.3685235,0.0042691827,0.28174388,-0.6191853,1
-0.37203938,-0.20245938,-1.2108214,-1.1838603,0.9377959,2.12129,0.28905582,0.20426919,0.08174388,-0.41918534,1
-0.5466648,-0.13663535,-1.34824,-0.9402181,0.78535366,2.218322,0.08510547,0.38633657,0.26924625,-0.46260452,1
-0.74666476,-0.33663535,-1.14824,-1.1402181,0.5853537,2.018322,-0.11489453,0.18633656,0.06924625,-0.6626045,1
-0.94666475,-0.13663535,-0.94824,-1.3402182,0.42422527,1.9099971,0.08510547,0.38633657,0.26924625,-0.8626045,1
-0.74666476,-0.33663535,-0.74824,-1.5109332,0.5206089,1.709997,0.28510547,0.3521468,0.06924625,-1.0626045,1
-0.94666475,-0.47914913,-0.54824,-1.7109332,0.3769971,1.509997,0.48510545,0.1521468,-0.13075376,-1.2626046,1
-0.74666476,-0.27914912,-0.74824,-1.5506426,0.24093871,1.709997,0.68510544,0.3521468,0.06924625,-1.1158264,1
-0.5466648,-0.07914911,-0.54824,-1.3506426,0.040938705,1.9006177,0.48510545,0.1521468,0.26924625,-1.3158264,1
-0.3466648,0.12085089,-0.34824002,-1.5506426,0.116163634,2.1006176,0.28510547,0.3521468,0.18361884,-1.122535,1
-0.52741444,0.10884896,-0.5289342,-1.3030808,-0.080884136,2.2196033,0.11136492,0.14678907,0.37011,-1.2759631,1
-0.66005605,0.28024963,-0.46635905,-1.3638959,-0.25487435,2.0493057,0.2825326,-0.04828361,0.51731795,-1.3392893,1
-0.6988928,0.07040939,-0.58464986,-1.3721305,-0.3990975,1.9734951,0.072412424,0.05266654,0.62936014,-1.3505411,1
-0.89889276,-0.12959062,-0.66908425,-1.1721305,-0.1990975,1.7734951,0.27241242,0.25266653,0.47237062,-1.1505411,1
-1.0988928,-0.32959062,-0.46908426,-1.3721305,-0.31740838,1.9734951,0.4724124,0.09411277,0.27237064,-1.013132,1
-1.2988929,-0.5295906,-0.26908427,-1.1721305,-0.5174084,1.7734951,0.27241242,-0.105887234,0.47237062,-1.213132,1
-1.366554,-0.6651743,-0.06298475,-1.2509837,-0.65406764,1.7992532,0.43070263,-0.27888012,0.58272064,-0.9236815,1
-1.4729007,-0.43736482,-0.24726275,-0.98815274,-0.66767,1.732829,0.5929973,-0.45025122,0.69472086,-1.0565045,1
-1.2729007,-0.23736481,-0.047262743,-1.1881528,-0.7404383,1.5328289,0.7929973,-0.6502512,0.89472085,-1.0738387,1
-1.0780159,-0.43508732,0.15194191,-1.2988786,-0.6370057,1.3258884,0.98782647,-0.8458237,0.6911032,-1.2672055,1
-1.2527851,-0.6225493,-0.045955837,-1.0771842,-0.42837825,1.1036608,0.77227306,-1.0251769,0.8735109,-1.4382397,1
-1.0293531,-0.5771614,-0.2404816,-1.248758,-0.22329523,1.2746452,0.559536,-1.1979082,1.0496178,-1.2106801,1
-0.82935315,-0.43213856,-0.4404816,-1.0487579,-0.21831393,1.4746453,0.359536,-0.9979082,0.8496178,-1.4106802,1
-1.0293531,-0.23213856,-0.52278787,-0.8487579,-0.01831393,1.3882446,0.559536,-0.7979082,1.0496178,-1.2106801,1
-1.1504092,-0.4043884,-0.67637336,-0.981411,-0.016298728,1.4695497,0.71076167,-0.56327534,1.1693724,-1.3200921,1
-1.3181313,-0.58994216,-0.855426,-0.95548534,-0.2111287,1.2392044,0.4985533,-0.45389035,1.3246893,-1.2166408,1
-1.1181313,-0.78994215,-1.055426,-1.1554854,-0.4111287,1.0392044,0.2985533,-0.25389034,1.1246892,-1.4166409,1
-0.85475427,-0.92160815,-0.82692623,-1.2619187,-0.19655485,1.1536642,0.464139,-0.34738526,1.0830251,-1.505047,1
-0.9641741,-0.7880851,-0.93873596,-1.3363721,0.0031492861,1.2374144,0.6071041,-0.1347281,0.80719274,-1.4875089,1
-1.1092087,-0.94143355,-0.70385724,-1.0827193,-0.1875566,1.3695482,0.5637501,-0.2591993,0.5785247,-1.6078347,1
-0.9092087,-1.1414336,-0.87974226,-1.1347536,-0.0008742511,1.1860656,0.7637501,-0.4591993,0.7785247,-1.4078346,1
-0.877503,-1.1934545,-0.9606315,-1.1628677,0.17715937,1.233163,0.5015605,-0.23060597,0.8705796,-1.3841436,1
-1.0053774,-1.3571625,-1.0510314,-0.9377901,-0.022245757,1.3958368,0.29370648,-0.41939098,0.6531146,-1.2351694,1
-0.87941396,-1.1571624,-1.2510314,-0.7377901,0.17775425,1.5958369,0.49370646,-0.347643,0.45311463,-1.0351694,1
-0.679414,-0.95716244,-1.0510314,-0.9064647,0.06553975,1.7958369,0.29370648,-0.547643,0.25311464,-0.8351694,1
-0.479414,-1.1479152,-1.1279627,-0.7064647,0.19758417,1.995837,0.09370647,-0.34764302,0.053114638,-0.6351694,1
-0.65206563,-1.1520263,-1.2745085,-0.48607808,0.3815803,2.1074483,0.28188396,-0.14169997,0.24090631,-0.80155146,1
-0.4114018,-1.23041,-1.3418747,-0.62436455,0.5292665,1.9370719,0.0745184,-0.31096366,0.40124628,-0.9114608,1
-0.44487724,-1.0304099,-1.2336203,-0.82436454,0.3292665,1.7370719,-0.1254816,-0.11096366,0.20124628,-1.1114608,1
-0.23634918,-0.8014902,-1.3836932,-0.9886902,0.124764666,1.8696117,-0.23736598,-0.3001341,0.38727254,-1.2657881,1
-0.0334996,-0.5543366,-1.1644226,-1.0955033,-0.06933729,1.9073654,-0.40307885,-0.4609263,0.54123354,-1.3508782,1
0.08880855,-0.6440432,-0.9576348,-1.2863853,0.12974307,1.6953485,-0.5988342,-0.5191684,0.33883187,-1.5399629,1
-0.10269625,-0.77955693,-0.6997503,-1.072581,0.3045502,1.7505409,-0.737802,-0.6642228,0.1282249,-1.607027,1
0.0052010096,-0.56776494,-0.88144344,-1.2466884,0.10242296,1.5189925,-0.91872096,-0.45477745,-0.07031473,-1.72418,1
-0.016153486,-0.36776495,-0.68144345,-1.4466884,0.30242297,1.3189925,-0.718721,-0.25477743,0.12968528,-1.5241799,1
-0.2149871,-0.16776495,-0.6917576,-1.3853496,0.31526607,1.5189925,-0.7899656,-0.45477742,-0.07031472,-1.574921,1
-0.014987096,-0.36089632,-0.49175763,-1.1853496,0.11526607,1.7189926,-0.806613,-0.36180022,-0.27031472,-1.742347,1
0.17497697,-0.5304708,-0.45890594,-0.9318998,-0.08013758,1.8148978,-0.9520098,-0.15302345,-0.06650053,-1.8369853,1
0.34357238,-0.3304708,-0.25890595,-1.0301229,0.11986242,1.6148977,-0.7520098,0.04697655,-0.26650053,-1.6369853,1
0.54357237,-0.5304708,-0.45890594,-0.8993999,0.31006718,1.8148978,-0.63593173,-0.15302345,-0.06650053,-1.8369853,1
0.65927553,-0.5763209,-0.58420753,-0.97476393,0.45224223,1.7864742,-0.7411644,0.041650947,0.118365,-1.7264594,1
0.8020929,-0.3601817,-0.75057536,-1.124382,0.5156041,1.9012808,-0.5179556,-0.15155797,0.30471134,-1.4609944,1
0.5860314,-0.54523814,-0.92521757,-1.0992146,0.6965144,1.6558969,-0.30947375,-0.34217972,0.49124753,-1.6166853,1
0.35455546,-0.3170884,-0.66608536,-1.1932802,0.8234151,1.7045722,-0.46793264,-0.49797186,0.2675,-1.6685578,1
0.14814407,-0.49563816,-0.46260652,-0.95207626,0.59755415,1.8255653,-0.2568181,-0.6690181,0.44810686,-1.791045,1
0.32755268,-0.30235165,-0.62028426,-0.81648356,0.37404037,1.7623752,-0.11201814,-0.81761897,0.56016654,-1.8732823,1
0.11951864,-0.47071052,-0.7686178,-0.89743054,0.16307825,1.8387731,-0.29236537,-0.9535232,0.71228665,-1.5678889,1
-0.07244562,-0.24368116,-0.8719052,-0.9878565,-0.033235263,1.8352097,-0.083143055,-1.0383486,0.46113688,-1.5913723,1
-0.09029656,-0.43496513,-1.0508479,-1.1645213,-0.20308027,1.8609066,-0.27758074,-0.8218793,0.47424287,-1.364039,1
-0.21622495,-0.59428084,-1.187448,-0.91563404,-0.38264993,1.9564484,-0.100390896,-0.9700848,0.45309237,-1.1050389,1
-0.01622495,-0.39428085,-0.98744804,-0.71563405,-0.18264993,2.0411286,0.09960911,-0.79974055,0.25309235,-1.0094709,1
-0.20324627,-0.5586097,-1.1161727,-0.860674,-0.08586139,2.1066072,0.1918613,-0.9397321,0.04990553,-1.1368737,1
-0.002928938,-0.450512,-1.1875159,-0.9569923,-0.25235432,2.0811346,0.35355657,-0.6674227,0.22547707,-1.2061933,1
0.18444961,-0.6088498,-1.2986522,-0.70851064,-0.4233832,2.1350389,0.5181039,-0.7164183,0.023845384,-0.9417514,1
-0.014368689,-0.7473839,-1.384767,-0.47089878,-0.20640792,2.1575952,0.48670012,-0.47717482,-0.16276832,-1.0549877,1
0.055369314,-0.901604,-1.5081873,-0.63847935,-0.3867693,1.9443336,0.27284607,-0.26378107,0.03543256,-1.1943437,1
-0.13427255,-1.0227095,-1.2603112,-0.77842927,-0.17339328,1.990761,0.14675012,-0.059213206,0.2185714,-1.2944839,1
-0.3228013,-0.79447645,-1.0239244,-0.55857927,-0.0866373,2.1155806,0.33485067,-0.25031775,0.40420723,-1.4431975,1
-0.45809174,-0.87138546,-1.0001427,-0.6646864,-0.18927124,1.9555694,0.46864972,-0.39457983,0.5294217,-1.4398113,1
-0.6580917,-1.0713855,-0.8001427,-0.86468637,0.010728762,1.7867755,0.66864973,-0.5945798,0.5835899,-1.2398113,1
-0.6349027,-0.8713855,-1.0001427,-1.0646864,0.21072876,1.5867754,0.46864974,-0.7945798,0.38358992,-1.3714994,1
-0.4486688,-1.0210501,-1.143758,-1.2052695,0.39143205,1.7028298,0.25602815,-0.5666455,0.5561719,-1.1164604,1
-0.6175827,-0.8038704,-1.2793612,-1.3379248,0.18225805,1.4509165,0.43417394,-0.72990555,0.3391031,-1.2533718,1
-0.7465326,-0.91663146,-1.350801,-1.4042753,-0.016200127,1.5074477,0.5790626,-0.4838554,0.19650288,-0.9618311,1
-0.51610214,-1.0544584,-1.4644537,-1.5149506,-0.20416228,1.23465,0.735685,-0.6457789,0.37442592,-0.719413,1
-0.29838315,-0.80656195,-1.5711533,-1.2412415,-0.35515386,1.3542311,0.88323545,-0.798369,0.3470441,-0.8678755,1
-0.47549728,-0.76397526,-1.3081895,-1.3750594,-0.52966106,1.4828604,0.65186113,-0.6109999,0.5219237,-1.0188384,1
-0.27460885,-0.7661973,-1.1616651,-1.5699801,-0.328598,1.2787235,0.84911406,-0.5918734,0.7195957,-1.0913255,1
-0.07651524,-0.56619734,-1.3616651,-1.7699802,-0.528598,1.0787234,0.6491141,-0.39187342,0.5195957,-1.0232966,1
-0.27651525,-0.36619735,-1.1616651,-1.5699801,-0.32859802,1.2787235,0.84911406,-0.37315544,0.47689807,-1.2232966,1
-0.073455445,-0.15955122,-1.3072131,-1.6991998,-0.35008076,1.1270096,0.6231564,-0.55023533,0.6498293,-1.36638,1
-0.25294292,-0.33258045,-1.2013203,-1.7567364,-0.5088179,1.2274675,0.3914145,-0.32396337,0.41608658,-1.4488822,1
-0.052942917,-0.53258044,-1.0847919,-1.9567364,-0.30881792,1.0274675,0.5914145,-0.12396337,0.6160866,-1.2488822,1
-0.2197737,-0.54435295,-1.116313,-1.8739165,-0.44209495,1.0665057,0.68763375,0.0660657,0.7090705,-1.2588856,1
-0.018551331,-0.38703227,-1.0761786,-1.9457121,-0.60240227,1.1882135,0.6333134,-0.12565482,0.852874,-0.9934279,1
-0.09780468,-0.5323542,-0.7945685,-1.9458536,-0.72766393,1.2589108,0.7556959,-0.29532227,0.9548059,-0.7778508,1
-0.23779239,-0.69705033,-0.94662434,-1.661693,-0.50222737,1.3228031,0.9096256,-0.108981185,1.0453196,-0.9307125,1
-0.4262673,-0.8734351,-1.0722692,-1.4232132,-0.6837409,1.0932448,1.0804142,-0.3008471,0.86460364,-1.100946,1
-0.49925643,-0.869029,-1.250225,-1.202019,-0.4753593,1.2708372,1.2582289,-0.09909976,0.6530883,-1.0616685,1
-0.6992564,-1.069029,-1.0502249,-1.3504467,-0.27535927,1.0708371,1.0582289,-0.07674377,0.85308826,-0.8616685,1
-0.8682039,-1.2252077,-0.8208655,-1.4969077,-0.45894447,1.1536967,0.8770883,-0.26718745,0.63053626,-1.0250076,1
-0.91471285,-1.2204185,-0.6614601,-1.4530777,-0.5642602,1.1447664,0.88869345,-0.31636938,0.7111958,-1.0489852,1
-1.0075259,-1.283836,-0.4170877,-1.4941235,-0.6907716,0.853921,0.9840085,-0.4667171,0.51328343,-1.1288872,1
-0.7790801,-1.139816,-0.20935647,-1.6337901,-0.8590482,1.0163873,0.7560873,-0.2739251,0.5662551,-1.2815611,1
-0.8059555,-1.0595617,-0.40935647,-1.4337901,-0.6590482,0.81638736,0.5807336,-0.07392509,0.6828197,-1.4815612,1
-0.60595554,-1.2595618,-0.20935647,-1.23379,-0.4590482,0.61638737,0.46465415,0.12607491,0.48281974,-1.6815612,1
-0.40595555,-1.0595617,-0.40935647,-1.03379,-0.6590482,0.41638738,0.26465416,-0.07392509,0.28281975,-1.4815612,1
-0.20595555,-1.2595618,-0.60935646,-0.83379,-0.8409522,0.61638737,0.46465415,0.12607491,0.48281974,-1.6815612,1
-0.40595555,-1.0595617,-0.40935647,-0.63379,-0.6409522,0.81638736,0.26465416,-0.07392509,0.45656845,-1.4815612,1
-0.60595554,-1.1953408,-0.60935646,-0.83379,-0.44095224,1.0163873,0.06465416,-0.2739251,0.25656843,-1.6815612,1
-0.7960682,-0.99534076,-0.7188301,-1.03379,-0.6409522,1.2163874,0.16062629,-0.4739251,0.05656843,-1.8815613,1
-0.5960682,-1.1953408,-0.9188301,-0.85881746,-0.44095224,1.4163874,0.18329404,-0.6739251,-0.06964874,-1.6815612,1
-0.7054031,-1.2364239,-0.99140525,-0.9382276,-0.21350992,1.4322953,-0.0148033,-0.41994926,-0.23893814,-1.6672682,1
-0.61526275,-1.4364239,-0.79140526,-0.7382276,-0.013509914,1.2322953,0.1851967,-0.36925897,-0.04908967,-1.6935979,1
-0.66688514,-1.636424,-0.5914053,-0.9382276,-0.21350992,1.4322953,-0.014803305,-0.16925897,0.15091033,-1.5415465,1
-0.64187306,-1.6922636,-0.72927946,-1.048876,-0.012449377,1.1355593,-0.08222812,-0.34027192,0.32336366,-1.604834,1
-0.7772173,-1.3776579,-0.85791093,-1.1529626,-0.1961333,1.2329886,-0.26055303,-0.12949905,0.113889344,-1.666223,1
-0.94484174,-1.1386416,-0.9547899,-1.3081385,-0.38300925,1.3855132,-0.058546886,-0.31858265,-0.08325778,-1.4176465,1
-1.0886437,-1.0082757,-0.9161705,-1.4341068,-0.17402567,1.5076834,-0.05139058,-0.4931264,0.111011565,-1.1578745,1
-1.1152397,-1.0456864,-0.82705504,-1.4142162,0.022479143,1.477892,-0.21756266,-0.5998571,-0.077013865,-1.1751546,1
-1.2239491,-1.1592233,-0.935513,-1.1299374,0.16282116,1.5614296,-0.38857967,-0.74433905,0.11444967,-0.90746915,1
-1.3768469,-0.92749363,-1.0979519,-1.285945,-0.03594902,1.4923999,-0.18234172,-0.5263331,-0.08272045,-0.91609347,1
-1.1768469,-0.72749364,-0.8979519,-1.085945,0.16405098,1.6924,0.017658278,-0.71564513,0.11727955,-1.1160935,1
-1.308924,-0.526115,-1.0437875,-0.8422394,0.34609154,1.7990437,0.20692071,-0.4902072,-0.078639664,-1.2511677,1
-1.2129563,-0.70489204,-1.2074339,-0.78992695,0.5130439,1.5523067,0.39502722,-0.35014445,0.11781321,-1.4087528,1
-1.3623556,-0.872486,-0.9713557,-0.94266057,0.30183315,1.3038778,0.5737181,-0.14476746,-0.05716995,-1.5511402,1
-1.1623555,-0.672486,-0.7713557,-1.1426606,0.50183314,1.1038778,0.37371808,0.05523254,0.14283004,-1.7511402,1
-1.179106,-0.872486,-0.5713557,-0.9426606,0.5150231,0.9038778,0.5737181,0.25523254,0.34283006,-1.5511402,1
-0.979106,-1.072486,-0.7713557,-0.7661226,0.31502312,1.1038778,0.77371806,0.05523254,0.14283006,-1.6073614,1
-1.1713078,-1.2640704,-0.9649315,-0.959733,0.45006025,0.9739524,0.96727824,-0.14381003,0.34056273,-1.3980536,1
-1.147481,-1.2251027,-0.9747897,-0.97043973,0.54395646,0.9823382,0.9767534,-0.28769284,0.4523313,-1.337217,1
-1.2303773,-1.1662966,-1.0726938,-0.70348424,0.63814664,0.88475,0.99870974,-0.4453096,0.59564006,-1.3190297,1
-0.9044266,-1.1992841,-1.117123,-0.7930446,0.73569375,0.95215297,1.0521826,-0.21532358,0.69838303,-1.3333474,1
-1.0188236,-1.2908269,-1.2150341,-0.5470783,0.863169,1.0628507,1.1551272,-0.081728876,0.45975384,-1.0455027,1
-1.0362159,-1.0908269,-1.0150341,-0.34707832,0.663169,0.9639768,0.96774155,-0.28172886,0.49983743,-0.8455027,1
-1.236216,-1.2908269,-0.8150341,-0.14707832,0.863169,1.1639768,0.76774156,-0.48172885,0.6746075,-1.0455027,1
-1.2741852,-1.322635,-0.9005201,-0.30792168,0.64970595,1.2100959,0.858563,-0.52410024,0.7759361,-1.1049877,1
-1.0741851,-1.122635,-0.7005201,-0.5079217,0.44970596,1.4100959,1.058563,-0.41027656,0.60743797,-1.3049878,1
-0.82988465,-1.1258982,-0.85488504,-0.6720468,0.61678123,1.1487726,1.1947837,-0.32368153,0.76651996,-1.4287206,1
-0.9546035,-1.2289795,-0.6070151,-0.808303,0.38631588,1.2501818,1.1297567,-0.11464081,0.52510923,-1.5096664,1
-0.7546035,-1.0289794,-0.64968014,-0.608303,0.20177047,1.0897946,0.9297567,0.08535919,0.7251092,-1.4842724,1
-0.9546035,-0.82897943,-0.8496801,-0.808303,0.40177047,1.2897947,0.7297567,-0.0895283,0.9251092,-1.2842723,1
-1.1052353,-0.9849826,-1.0047982,-0.96519035,0.57604015,1.0431975,0.5071055,0.10574819,1.0770022,-1.4208083,1
-1.2697195,-0.86785996,-0.7828993,-0.74436927,0.7549238,1.2093697,0.6878649,-0.09168719,1.2422545,-1.1875896,1
-1.3223269,-0.96076834,-0.884328,-0.48977652,0.8591581,1.2680293,0.71623075,0.09745053,0.93773067,-1.2484336,1
-1.4233085,-0.80772275,-1.0137988,-0.6449106,0.990266,1.1039442,0.5401415,0.2781031,0.6897456,-1.3542215,1
-1.444837,-1.0077227,-0.81379884,-0.84491056,1.0948298,0.9039442,0.3922841,0.07810311,0.7084019,-1.1542214,1
-1.614073,-0.79261565,-0.9093422,-0.7536044,0.8780935,1.0832968,0.5812064,0.27290165,0.4988931,-1.328893,1
-1.363081,-0.60569865,-0.9575088,-0.91921705,1.039217,1.2370206,0.36745995,0.07027279,0.3020434,-1.4737605,1
-1.1754075,-0.38328794,-1.0935683,-0.67948765,1.1707629,1.3576399,0.1582095,0.255343,0.09640655,-1.5813023,1
-1.2799674,-0.54281336,-1.0142506,-0.4462158,1.2756451,1.0773108,0.3333532,0.3408571,0.2758388,-1.6576971,1
-1.321254,-0.6631532,-1.084033,-0.57691485,1.3173953,0.78322697,0.16251154,0.41957885,0.06770575,-1.6584755,1
-1.121254,-0.86315316,-1.2840331,-0.4600599,1.1173953,0.583227,0.36251155,0.21957885,0.26770574,-1.4584755,1
-0.9094943,-1.0495821,-1.423266,-0.65163434,0.9056849,0.7732292,0.5553312,0.019328922,0.46173552,-1.6373053,1
-0.98622257,-1.1107458,-1.164119,-0.7570124,0.98283637,0.8650973,0.31585166,0.1949601,0.58821255,-1.6331692,1
-1.1862226,-1.3107458,-0.964119,-0.7989716,0.8589562,1.0650973,0.41802183,0.22986346,0.38821256,-1.4331691,1
-0.98622257,-1.1107458,-0.764119,-0.5989716,1.0589563,1.2252349,0.21802182,0.029863462,0.58821255,-1.6331692,1
-1.0852736,-1.1991998,-0.8820713,-0.36501867,1.1518177,1.008269,0.38244766,0.21030182,0.3551752,-1.6771643,1
-0.88527364,-0.9991998,-1.0820713,-0.16501866,0.9518177,0.80826896,0.35047328,0.4103018,0.26316193,-1.8771644,1
-1.0852736,-0.7991998,-1.2820714,-0.36501867,0.7518177,1.008269,0.15047328,0.24191917,0.35869431,-1.6771643,1
-1.2852737,-0.59919983,-1.0820713,-0.56501865,0.5518177,1.208269,0.005104363,0.04191917,0.5586943,-1.8431238,1
-1.4852737,-0.7991998,-0.8820713,-0.36501867,0.7518177,1.008269,0.104896486,-0.15808083,0.56881833,-1.6431237,1
-1.2852737,-0.87240165,-0.6820713,-0.16501866,0.9518177,1.208269,0.30489647,-0.35808083,0.7688183,-1.5665615,1
-1.0852736,-1.0724016,-0.8820713,0.03498134,0.7518177,1.008269,0.50489646,-0.15808083,0.56881833,-1.7665615,1
-1.2775927,-1.2647976,-0.7517228,0.17765269,0.54851997,0.8034386,0.30307436,-0.35594088,0.43032813,-1.954809,1
-1.2083596,-1.328801,-0.63433826,-0.020272518,0.6790249,0.5474134,0.45636725,-0.5043255,0.5718064,-1.9547495,1
-1.3894222,-1.1136227,-0.51880544,0.0028703941,0.4725837,0.72750854,0.25292003,-0.30023342,0.3668069,-2.1257756,1
-1.4270183,-1.1793994,-0.64535934,0.18214151,0.24897686,0.63983166,0.25915483,-0.44912058,0.1497629,-2.0881326,1
-1.2270182,-1.1817156,-0.7463609,0.38214153,0.048976853,0.44138262,0.45915484,-0.64912057,-0.050237104,-1.8881326,1
-1.4270183,-1.3817157,-0.5463609,0.22417523,0.24897686,0.64138263,0.65915483,-0.84912056,-0.20378217,-1.6881325,1
-1.4586775,-1.5817157,-0.34636092,0.024175227,0.44897687,0.53611344,0.603958,-0.64912057,-0.003782168,-1.4881325,1
-1.2586775,-1.7206373,-0.5463609,-0.17582478,0.24897687,0.72316855,0.5786027,-0.44912058,-0.20378217,-1.6881325,1
-1.0586774,-1.5206373,-0.7463609,-0.26355222,0.04897687,0.52316856,0.37860268,-0.55743057,-0.003782168,-1.8881326,1
-1.2586775,-1.3206372,-0.5463609,-0.23791733,-0.15102313,0.34704253,0.25107518,-0.35743058,0.19621783,-1.6881325,1
-1.4586775,-1.4704863,-0.34636092,-0.03791733,-0.35102314,0.54704255,0.051075175,-0.40205353,0.1785124,-1.4881325,1
-1.6586776,-1.3105521,-0.5463609,-0.23791733,-0.15102313,0.74704254,0.25107518,-0.20205353,-0.021487609,-1.3893409,1
-1.7555648,-1.4267521,-0.70495546,-0.41362327,-0.31750372,0.894504,0.12687519,-0.0019396066,-0.20920026,-1.5011699,1
-1.5052841,-1.5741705,-0.48863372,-0.2067183,-0.11370563,1.0591263,0.31630957,-0.17287116,-0.0089028785,-1.6461829,1
-1.2965174,-1.3649411,-0.28669518,-0.4039867,-0.3115987,1.2506697,0.115528405,-0.37036687,0.18981367,-1.8337835,1
-1.3208742,-1.3955625,-0.07731188,-0.5386153,-0.45622674,1.2936591,-0.07532897,-0.2697596,-0.009083831,-1.7468221,1
-1.1142626,-1.1885103,-0.10706959,-0.7342585,-0.25471535,1.3097284,0.12393565,-0.46698865,0.18979003,-1.9353386,1
-0.9142626,-0.9885103,-0.3070696,-0.5342585,-0.45471537,1.1097283,-0.076064356,-0.6669887,0.38979003,-1.7353386,1
-1.1142626,-1.1885103,-0.1070696,-0.7342585,-0.65471536,0.90972835,0.12393565,-0.46698868,0.18979003,-1.9353386,1
-1.2485147,-1.3190479,-0.29170796,-0.5075314,-0.43196753,0.6742231,0.25479266,-0.63289976,0.3702902,-2.0285149,1
-1.3473326,-1.412939,-0.457361,-0.28604963,-0.21576405,0.81315655,0.42302433,-0.4026607,0.2810665,-1.9415033,1
-1.3904526,-1.4494073,-0.23126784,-0.077325284,-0.0141657675,0.91043526,0.55985755,-0.18211345,0.16568626,-1.924382,1
-1.1251831,-1.5589746,-0.029553501,0.115948774,0.17564541,1.0495529,0.3401275,-0.09165505,-0.032432403,-2.0079076,1
-1.2636386,-1.2958606,-0.2188925,0.30127537,0.35819954,0.8100977,0.5150427,-0.2781099,0.15978536,-2.1053672,1
-1.3199555,-1.1766618,-0.017977506,0.47699788,0.5311651,0.9611773,0.29978478,-0.45495436,-0.03826699,-2.0349488,1
-1.4112023,-0.90678144,-0.20238116,0.42635795,0.30747017,1.0780947,0.09264515,-0.60809225,0.15016098,-2.0750377,1
-1.1490039,-1.0499454,-0.38171786,0.59419286,0.20183603,0.8830369,-0.1018419,-0.7665946,-0.047279656,-2.1582086,1
-0.88908565,-1.1710263,-0.54498935,0.7440491,0.3764649,0.8070953,0.0919606,-0.53082097,-0.1522086,-2.209316,1
-0.68908566,-1.3710264,-0.34498936,0.94404906,0.1764649,0.6070953,0.2919606,-0.46574387,-0.3522086,-2.009316,1
-0.51909256,-1.3954004,-0.41223523,0.9202167,0.36876434,0.7905862,0.48189756,-0.2603081,-0.1490952,-2.1641245,1
-0.30706424,-1.3552067,-0.20423493,0.69306785,0.1624027,0.95324564,0.6561932,-0.058034748,0.048985932,-2.275008,1
-0.22524835,-1.471551,-0.37746137,0.46654534,0.2222259,0.79373884,0.4316542,0.13432883,0.23559278,-2.3418753,1
-0.41713834,-1.6396724,-0.56644845,0.30122468,0.021802025,0.7402358,0.61960775,0.21487284,0.42728546,-2.1365366,1
-0.5483235,-1.6345373,-0.68098456,0.089937486,0.19706969,0.4799961,0.7282163,0.36861187,0.5573392,-2.075998,1
-0.68475616,-1.6787002,-0.6645345,-0.10071311,0.36334008,0.6222329,0.5153827,0.17922689,0.32698455,-2.0826604,1
-0.8329363,-1.3920932,-0.813899,-0.28310046,0.34685037,0.774075,0.29691085,-0.019556439,0.49611926,-2.1381173,1
-0.96070576,-1.1171833,-0.5753223,-0.452743,0.51248693,0.8297314,0.46568555,-0.20575976,0.5304263,-2.1911929,1
-0.71838444,-0.8661565,-0.7321878,-0.61642814,0.29510197,0.97244304,0.25090435,-0.3831856,0.6897896,-2.2581606,1
-0.832841,-0.96684873,-0.64049906,-0.43972224,0.4489854,1.0571803,0.30823624,-0.4326271,0.44416785,-2.2291937,1
-1.0160424,-1.1478707,-0.46310186,-0.6293175,0.24493578,1.236733,0.10647584,-0.22884355,0.63369083,-1.99619,1
-1.0674535,-1.236328,-0.24132894,-0.76068753,0.40811524,1.1446135,0.03899692,-0.02645661,0.39780086,-2.0144446,1
-1.2423352,-1.0157901,-0.4325827,-0.54957587,0.53337616,0.9258932,-0.12646368,0.17010412,0.19388086,-2.170559,1
-1.0423352,-0.8157901,-0.6325827,-0.43078473,0.73337615,1.1258932,0.07353632,-0.029895887,0.39388084,-1.9705589,1
-0.84233516,-0.63284194,-0.49094307,-0.3393454,0.68236023,1.3258933,0.27353632,0.13225414,0.35127556,-1.7705588,1
-1.0135412,-0.8098351,-0.6718561,-0.13549605,0.8579855,1.4837413,0.46045512,-0.06587442,0.14709665,-1.9161232,1
-0.76903695,-0.95459265,-0.4460435,-0.31714293,0.7154528,1.4938265,0.6243253,0.12678833,0.21703917,-2.000362,1
-0.61882734,-1.0697519,-0.22978488,-0.19918972,0.8549595,1.2995164,0.76985365,-0.06837383,0.37455353,-2.0549617,1
-0.60320467,-1.151864,-0.3898823,-0.046021096,0.9570137,0.9974338,0.8798093,0.11940558,0.5212102,-2.045604,1
-0.7245581,-1.1487684,-0.1762252,-0.22205655,1.0737967,1.1113096,0.63091475,-0.07479775,0.60700756,-1.9785922,1
-0.9163751,-1.336831,-0.37289536,-0.41832107,1.2625228,0.90324396,0.42710087,-0.2723656,0.40340528,-1.7972056,1
-0.82910454,-1.0596881,-0.16116306,-0.55788434,1.3632792,1.0283803,0.34315318,-0.44031194,0.3985755,-1.8616797,1
-0.958945,-1.1738085,-0.12011544,-0.38222268,1.0839722,0.93715,0.5061235,-0.48046792,0.5577674,-1.9211239,1
-0.7678694,-1.3110453,-0.3054908,-0.3137469,0.84358746,1.0851986,0.29213807,-0.30698666,0.5774352,-2.024219,1
-0.7130761,-1.414732,-0.1016822,-0.49519888,1.0059103,1.2387985,0.47437018,-0.4886827,0.36380848,-1.7583584,1
-0.5130761,-1.2147319,-0.0096521005,-0.29519886,1.2059103,1.0387985,0.67437017,-0.2886827,0.16380848,-1.5583583,1
-0.7097508,-1.4081346,0.18946025,-0.3005152,1.3993541,1.2330215,0.8582871,-0.4864038,0.15699647,-1.382309,1
-0.8982191,-1.1928207,-0.010406157,-0.49417087,1.1841514,1.414857,0.77436227,-0.28277344,-0.042458434,-1.5622523,1
-0.65340596,-1.3034266,0.17742532,-0.6496176,0.9209866,1.3487259,0.9118257,-0.38830915,-0.22689696,-1.6491474,1
-0.42070842,-1.3950064,0.35020712,-0.41719326,0.9784251,1.3834758,0.6604921,-0.545883,-0.17537017,-1.7157954,1
-0.20579392,-1.2844919,0.14005679,-0.57548606,1.0987923,1.4764715,0.461821,-0.32250977,-0.24765715,-1.7863345,1
-0.0056019975,-1.4353199,-0.057957664,-0.74979895,0.8690209,1.2341899,0.62094223,-0.11845177,-0.08816883,-1.9205395,1
-0.20420638,-1.6242194,0.14107816,-0.9433517,0.8135444,1.2804141,0.4180849,-0.041785635,0.11107206,-1.7088604,1
-0.0040410003,-1.368226,0.24155763,-0.71412677,0.9736968,1.4016012,0.5937848,-0.23227982,-0.085431725,-1.7981123,1
0.17794488,-1.0608333,0.281748,-0.8300929,1.0658013,1.4543692,0.72081375,-0.0293124,0.10403624,-1.8144299,1
0.3779449,-0.86083335,0.081747994,-0.6300929,1.2658013,1.2543691,0.52081376,-0.2293124,0.30403626,-2.0144298,1
0.32621303,-0.91386133,0.24928719,-0.73445606,1.2969232,1.2868081,0.2838521,-0.025935255,0.4459651,-1.9593005,1
0.13283913,-1.0430744,0.04615494,-0.5004909,1.3889762,1.1068108,0.07852322,0.16300277,0.6049134,-2.022075,1
-0.067160875,-0.8430744,-0.15384507,-0.7004909,1.1889762,1.1042019,0.2785232,-0.03699723,0.8049134,-1.8220749,1
-0.2671609,-1.0430744,-0.21669003,-0.5004909,1.3889762,0.9042019,0.078523204,0.16300277,0.6049134,-1.6420598,1
-0.06716089,-1.0567334,-0.01669003,-0.7004909,1.5889763,1.1042019,-0.1214768,0.36300278,0.7062904,-1.4420598,1
0.13283911,-0.8567334,-0.21669003,-0.9004909,1.3889762,1.2496276,-0.32147682,0.54601806,0.9062904,-1.2420597,1
-0.05058455,-1.0449189,-0.41203135,-0.9841166,1.5712111,1.0378925,-0.5156466,0.7376774,0.69839394,-1.3869356,1
0.14172244,-0.8014162,-0.20111442,-0.7437445,1.6800162,1.1741567,-0.5394446,0.5099938,0.852138,-1.5052285,1
-0.05688488,-0.58704394,-0.39152882,-0.92119145,1.8350887,1.3413179,-0.3313328,0.38051903,0.6365536,-1.3504792,1
-0.23157182,-0.36082888,-0.5514637,-1.0452515,1.8972492,1.4205768,-0.12243743,0.16829221,0.77989256,-1.0725555,1
-0.37318113,-0.13906908,-0.6497923,-1.0767717,1.8134961,1.4013164,-0.27881238,-0.0274178,0.84731525,-1.1003816,1
-0.51575595,-0.3050988,-0.76465434,-1.148856,1.8114893,1.0809603,-0.070916414,0.15529175,0.94238806,-1.1701006,1
-0.31002218,-0.10319032,-0.55440086,-1.3243623,1.974963,0.864963,0.12673958,-0.0438964,1.1216435,-0.9524846,1
-0.10609152,-0.29235855,-0.7123782,-1.469903,1.7115506,1.0269161,0.27909553,0.15052666,1.2744266,-0.7256014,1
0.08480527,-0.08340558,-0.8239349,-1.5080276,1.7262505,1.1079825,0.4326534,-0.044677544,1.1877664,-0.47465113,1
-0.11519473,-0.28340557,-1.0077134,-1.3080275,1.5262505,1.3079826,0.2326534,0.13293535,1.3877665,-0.2746511,1
0.07744777,-0.4414665,-1.1029352,-1.0118977,1.5764853,1.2729481,0.39511746,0.08026551,1.4500158,-0.43347153,1
-0.10865981,-0.21409407,-1.1552356,-0.9231879,1.5751045,1.305976,0.5276554,0.12780322,1.4629714,-0.3659854,1
-0.28139418,-0.012849062,-1.2355201,-1.0239705,1.2536337,1.3729448,0.6633775,-0.06581924,1.5160719,-0.3823279,1
-0.463812,-0.20507509,-0.9976993,-1.1792669,1.0151514,1.5154955,0.4464534,-0.2561106,1.653395,-0.17566867,1
-0.653717,-0.39891484,-1.1794851,-0.9643746,0.8027549,1.689407,0.63662237,-0.055257294,1.4312923,-0.36995563,1
-0.7713322,-0.54111886,-1.2463632,-1.052011,0.90598786,1.3456774,0.75588727,-0.23062466,1.4738706,-0.1535547,1
-0.8223258,-0.5977077,-1.3106644,-1.205638,0.6798389,1.131716,0.5352979,-0.4067933,1.6118726,0.04472503,1
-0.62232584,-0.7977077,-1.1106644,-1.005638,0.68315965,1.0363767,0.73529786,-0.6067933,1.4118725,-0.15527497,1
-0.8113802,-0.98442763,-0.9922725,-0.79491454,0.8714043,1.2199199,0.9228485,-0.7960544,1.378508,-0.35054606,1
-0.5842618,-0.8742616,-0.91689056,-0.95078397,1.023881,1.0796711,0.69078577,-0.9518733,1.5084915,-0.52612597,1
-0.7587105,-1.0392622,-0.69353426,-1.1132915,0.7970389,1.2379795,0.86176395,-0.7858239,1.2658608,-0.70246875,1
-0.5564596,-1.2342695,-0.49154592,-0.90961206,0.993022,1.4321862,1.0574864,-0.5834637,1.1625488,-0.5004444,1
-0.34743056,-1.3979398,-0.6536501,-1.0815058,1.1628029,1.3147253,0.83576643,-0.7636187,0.9381676,-0.29283422,1
-0.5474306,-1.5979398,-0.45365012,-0.8815058,0.96280295,1.1147252,0.8740023,-0.5636187,0.9137356,-0.17541963,1
-0.688538,-1.6562742,-0.6021468,-0.92948574,1.0711818,1.1765028,0.6208954,-0.7034506,1.0259807,-0.3026022,1
-0.48853803,-1.4562742,-0.40214682,-1.1294857,1.2711818,1.0238954,0.4208954,-0.50345063,1.2259808,-0.5026022,1
-0.51813775,-1.3746276,-0.19888218,-1.3080149,1.4474225,1.2041297,0.21732797,-0.50864637,1.0094113,-0.47079924,1
-0.29674134,-1.0956277,-0.37205526,-1.406593,1.5366247,1.3096946,0.38926047,-0.6609862,0.93052334,-0.25258654,1
-0.49674135,-1.2956277,-0.5720553,-1.2065929,1.3366246,1.5096947,0.18926047,-0.4609862,0.73052335,-0.45258653,1
-0.2660442,-1.3409088,-0.692188,-1.2184831,1.3776646,1.532831,-0.009628557,-0.59260875,0.47564203,-0.58507806,1
-0.062097866,-1.448835,-0.4627784,-0.95762575,1.4833946,1.6292894,0.1789962,-0.4805493,0.32079378,-0.73816735,1
0.115871,-1.1899141,-0.63150805,-1.1030083,1.4585855,1.7429824,0.36111492,-0.41846344,0.11509465,-0.68631446,1
-0.084129006,-1.3899142,-0.83150804,-1.3030083,1.2868251,1.5429823,0.16111492,-0.5621575,-0.016857147,-0.48631448,1
-0.28412902,-1.1899141,-0.63150805,-1.5030084,1.2329165,1.3803259,-0.038885087,-0.5888287,0.18314286,-0.2863145,1
-0.45700812,-1.2247225,-0.407335,-1.6076059,1.1698408,1.4917961,-0.22550276,-0.7446385,0.3616792,-0.45907116,1
-0.6381441,-0.9953006,-0.5898972,-1.755706,0.9419947,1.6432213,-0.02477052,-0.5290008,0.42050532,-0.35616928,1
-0.43179032,-0.7837675,-0.77844244,-1.8300376,1.0005097,1.4222922,0.17268838,-0.71842915,0.61150706,-0.5481039,1
-0.48250368,-0.86230767,-0.6801693,-1.7794011,1.0522901,1.4219975,-0.02393962,-0.8050362,0.43205816,-0.65574,1
-0.6727012,-1.0470502,-0.5532178,-1.5567168,1.2343041,1.2044464,0.05032092,-0.9906013,0.2287252,-0.84344935,1
-0.8219207,-0.79776233,-0.51539385,-1.6544975,1.2664132,1.3227249,0.21684751,-0.74459803,0.40377864,-0.7530872,1
-1.0219207,-0.9977623,-0.38040847,-1.4544975,1.0664132,1.1227249,0.1491316,-0.944598,0.20377864,-0.55308723,1
-1.1491923,-1.1264719,-0.1696706,-1.5560222,1.1910366,1.2439966,-0.04784073,-0.7002797,0.003553733,-0.70826364,1
-1.1429325,-1.1506364,-0.32066754,-1.523246,1.0491016,1.2525823,0.13198923,-0.78093976,-0.1704056,-0.78786534,1
-1.3429326,-0.95063645,-0.12066753,-1.323246,0.8491016,1.4525824,0.33198923,-0.72971314,0.029594406,-0.9878653,1
-1.2457821,-1.033513,-0.056279585,-1.0944932,0.9423133,1.4843657,0.47783792,-0.83507746,-0.15305997,-1.0669523,1
-1.3955579,-0.8045579,-0.24737681,-1.2495244,0.71652645,1.2598804,0.26818624,-0.99912035,-0.3407952,-1.2229403,1
-1.5482389,-0.974766,-0.43410906,-1.4065362,0.50120795,1.0284477,0.45430136,-0.84264994,-0.52475697,-0.9926032,1
-1.365681,-1.1427224,-0.6168127,-1.5627153,0.292992,1.1949399,0.24736486,-0.8587448,-0.3158987,-0.7709836,1
-1.1305939,-1.1576641,-0.79222655,-1.5707281,0.09019292,1.352952,0.43389913,-0.95864093,-0.11241012,-0.5729322,1
-1.2139573,-1.2386546,-0.9052504,-1.5599803,-0.10018166,1.4168241,0.2133961,-0.69214034,-0.285025,-0.34024188,1
-1.3535943,-1.3772372,-1.0580662,-1.3019215,0.09555701,1.3968316,0.0128242085,-0.47113046,-0.08139521,-0.5171785,1
-1.4628518,-1.4851137,-1.0000731,-1.0375602,-0.09834267,1.5035638,0.20039354,-0.32847142,-0.26495942,-0.29865268,1
-1.4929523,-1.5129397,-0.91507024,-1.0391794,0.09127064,1.5295047,0.0003533303,-0.11534504,-0.058322284,-0.44770357,1
-1.5379869,-1.1927589,-1.0130016,-1.1257504,-0.09877675,1.5711935,0.18113437,0.07690602,-0.2346766,-0.5884156,1
-1.3379868,-1.392759,-0.8130016,-1.0864954,0.10122325,1.3711934,0.3811344,0.276906,-0.034676597,-0.7884156,1
-1.4210563,-1.4716642,-0.93598473,-0.8210701,0.27832174,1.4517382,0.16736303,0.44064763,0.15275414,-0.91326797,1
-1.5067111,-1.1819642,-1.0558553,-0.5772614,0.44458213,1.5352288,0.31925124,0.22367296,0.32787177,-1.0347409,1
-1.293457,-0.93773615,-1.1992911,-0.74225324,0.23356606,1.6570735,0.11388012,0.022606716,0.50409627,-1.1791278,1
-1.3289269,-0.6564618,-1.245135,-0.8384477,0.38580126,1.6524848,0.27930078,-0.11346314,0.2705948,-1.227193,1
-1.4518352,-0.81327707,-1.3722681,-0.9860869,0.55626386,1.3792473,0.07530226,0.08217348,0.4468664,-0.9753996,1
-1.4706613,-0.9021404,-1.3998212,-1.0559964,0.53257054,1.3362958,0.245107,-0.10490326,0.5759178,-0.69035345,1
-1.5981349,-0.67165923,-1.5303701,-1.2014714,0.31813306,1.1044986,0.42578408,0.08606783,0.35959852,-0.7550733,1
-1.6118683,-0.7813651,-1.1925586,-1.2562947,0.46446025,1.1693672,0.5609599,-0.10213007,0.4910579,-0.8009302,1
-1.4889206,-0.56104124,-1.3438764,-1.4053843,0.25521502,1.0372484,0.73435754,-0.29156795,0.28088284,-0.91816825,1
-1.5236145,-0.68655294,-1.0319173,-1.4482545,0.41066006,1.1161505,0.48205635,-0.44345486,0.42890415,-1.0087255,1
-1.5212607,-0.7824708,-1.0872892,-1.454748,0.538968,0.80859363,0.24894267,-0.5679127,0.5550703,-1.0668201,1
-1.5538405,-0.8869097,-1.1620797,-1.241273,0.6670915,0.71977615,0.40527576,-0.33212727,0.6019239,-1.1436015,1
-1.6552621,-0.64830047,-1.285521,-1.3602632,0.4408376,0.8680781,0.5712549,-0.12470077,0.4994498,-0.8931424,1
-1.4513785,-0.4471041,-1.0826241,-1.5560994,0.63912743,1.0652277,0.7691967,-0.109019876,0.29865065,-0.92959315,1
-1.257896,-0.49618694,-0.8826241,-1.7560995,0.43912745,0.86522776,0.5691967,0.09098013,0.09865065,-0.72959316,1
-1.0578959,-0.29618692,-0.6826241,-1.9129704,0.397744,1.0652277,0.40788788,0.29098013,-0.101349354,-0.92959315,1
-1.2278582,-0.48433825,-0.8615475,-2.0625138,0.19302198,0.85345715,0.20292364,0.47925583,0.09629493,-1.1026192,1
-1.1204789,-0.6318201,-0.98008114,-2.0728188,0.30298218,0.6033089,0.37200207,0.25782487,0.036942087,-1.1942317,1
-1.1627709,-0.78360486,-1.1116796,-1.9672016,0.097012974,0.7179079,0.5388468,0.43128777,0.2232081,-0.9366026,1
-1.2929169,-0.9331865,-1.2444445,-1.6766169,0.022336314,0.87085706,0.7009744,0.5989287,0.022018477,-0.6988452,1
-1.0046358,-1.0416527,-1.3277687,-1.7250321,0.20437697,0.9843579,0.4605079,0.5113578,-0.0014290151,-0.8262404,1
-0.8046358,-0.8416527,-1.3613905,-1.525032,0.004376963,1.1843579,0.45633712,0.7113578,-0.20142902,-1.0262405,1
-0.5931924,-0.6295087,-1.5318394,-1.6385467,-0.040325694,1.3581574,0.25148565,0.5607351,-0.0014019755,-0.9982919,1
-0.56951666,-0.7822829,-1.2560148,-1.7338742,0.1505837,1.4694481,0.42578155,0.71742475,0.1872914,-0.7528434,1
-0.76951665,-0.9822829,-1.0560148,-1.5338742,0.3505837,1.269448,0.22578155,0.51742476,0.3872914,-0.95284337,1
-0.9522886,-1.059759,-1.2336959,-1.3409473,0.54080003,1.0504442,0.41821554,0.68125904,0.5768554,-1.1323577,1
-1.1522887,-0.85975903,-1.0336958,-1.1409472,0.7408,1.1963965,0.4312249,0.48125905,0.37685543,-1.3323578,1
-1.2791382,-1.0024326,-1.0298239,-0.8900478,0.88990855,0.94249755,0.5970796,0.26604468,0.5456511,-1.4494667,1
-1.3302258,-1.0813775,-0.97306156,-0.9803071,0.6204519,1.0274764,0.35710353,0.059395615,0.6172979,-1.4834064,1
-1.3568896,-0.8276424,-1.1015433,-0.8529986,0.39481816,0.9990051,0.52313846,-0.13203214,0.7674695,-1.5807738,1
-1.4905473,-0.9838523,-1.0471921,-0.625173,0.18651654,0.7649578,0.6671443,0.065071605,0.92624354,-1.5477921,1
-1.5670427,-0.81444263,-0.78529966,-0.39411154,0.3582792,0.8944618,0.8037942,0.24570653,0.92163914,-1.6201055,1
-1.6890482,-0.7835781,-0.816821,-0.18554375,0.46349353,0.7228302,0.9594882,0.42603374,1.0721316,-1.3574241,1
-1.7803679,-0.92699105,-0.5813342,-0.27880767,0.6253215,0.86973804,1.0927807,0.59001684,0.82195634,-1.0908353,1
-1.904993,-1.1241585,-0.77937037,-0.07860959,0.56355184,0.6680547,0.8905368,0.7880312,0.72534865,-0.8885963,1
-1.6430299,-1.2760358,-0.9437779,-0.26848432,0.3503396,0.6484605,1.0509044,0.95212406,0.50625634,-0.94810843,1
-1.4286071,-1.065281,-1.1323462,-0.06779984,0.14883699,0.83998036,0.9061274,1.1406089,0.6991975,-1.0948985,1
-1.173054,-1.1854554,-1.2482895,-0.25090456,0.32682914,0.9743688,1.0363426,0.8812666,0.4677035,-1.2132044,1
-0.92756444,-1.3206865,-1.380583,-0.4298251,0.12089997,1.0328456,0.8958053,0.64941794,0.42926997,-1.3471382,1
-1.08746,-1.4666,-1.138593,-0.22165085,0.30948645,0.8032236,1.0568305,0.4334334,0.22111547,-1.4921108,1
-1.2830749,-1.2622857,-0.935396,-0.021577105,0.50775105,0.9998066,0.85391206,0.23263831,0.021043545,-1.6863474,1
-1.3520664,-1.4012953,-1.0880399,0.027183738,0.33775592,1.149764,0.62663805,0.39461485,-0.102481455,-1.4243534,1
-1.0941919,-1.5208538,-1.2233348,-0.16413479,0.1308357,0.92451113,0.62194705,0.5647442,0.09261967,-1.5427535,1
-1.0582517,-1.5167567,-1.2545241,0.03161152,-0.06096126,0.99114156,0.37190318,0.6740438,0.2579143,-1.536059,1
-0.83974165,-1.679731,-1.4231541,0.22661631,0.13604006,0.77407885,0.16819571,0.8551931,0.12929259,-1.4151146,1
-0.9356244,-1.6914994,-1.4606154,0.383896,-0.057555147,0.8765369,0.33132547,0.9495286,-0.06362694,-1.093436,1
-1.1290876,-1.5695163,-1.2533591,0.5297518,0.14162491,1.0703402,0.13056955,0.7452142,0.1355881,-1.2859908,1
-1.0612248,-1.5519569,-1.1346962,0.3297518,0.0047037005,0.87034017,0.20723528,0.54521424,0.19925049,-1.4859909,1
-1.1940963,-1.3618,-1.2636572,0.12284576,0.19380836,1.0133713,0.3855602,0.70555025,0.37800044,-1.5012958,1
-1.3400614,-1.1167687,-1.4069262,-0.07416376,0.37854442,0.7818452,0.17836793,0.6100912,0.37300828,-1.6353539,1
-1.0506728,-1.2135252,-1.4809322,-0.25266746,0.16454531,0.7576131,0.3487013,0.7465745,0.15944324,-1.6914498,1
-0.856626,-1.3185465,-1.5679858,-0.4222515,0.3400505,0.52014554,0.13870963,0.50984865,0.33529127,-1.764358,1
-0.656626,-1.4096209,-1.3679857,-0.3761551,0.5289988,0.32014555,-0.06129037,0.6776934,0.53529125,-1.564358,1
-0.84657705,-1.195431,-1.549592,-0.17408867,0.64757085,0.5140438,-0.25822523,0.86739737,0.53944683,-1.6214375,1
-0.78987324,-1.2605451,-1.580472,-0.3379283,0.72176284,0.34113273,-0.052597027,0.96422,0.66797,-1.4693727,1
-0.9336182,-1.3775417,-1.4287572,-0.50735754,0.4921108,0.13311207,-0.2382418,0.7396092,0.76762533,-1.5745015,1
-1.0291508,-1.432165,-1.1155224,-0.64217174,0.62833005,0.30241448,-0.39785612,0.8530205,0.5153164,-1.6109743,1
-1.2291509,-1.232165,-0.9155224,-0.8421717,0.42833006,0.50241446,-0.19785611,0.6530205,0.31531644,-1.7429699,1
-1.1870651,-1.432165,-0.7155224,-0.64217174,0.22833006,0.34665495,-0.39785612,0.4530205,0.115316436,-1.5429698,1
-1.1558423,-1.6321651,-0.9155224,-0.44217175,0.24559279,0.54665494,-0.19785611,0.25302052,0.15123135,-1.3429698,1
-1.2013897,-1.8321651,-0.9647392,-0.5055412,0.045592785,0.38094503,-0.39785612,0.053020522,0.35123134,-1.5429698,1
-1.2664468,-1.6321651,-1.1647393,-0.37561196,0.24559279,0.41619593,-0.5978561,0.21479273,0.15123133,-1.3429698,1
-1.4518443,-1.8139209,-1.1343178,-0.17386325,0.07470579,0.61006,-0.7899112,0.014645423,0.050135083,-1.1315882,1
-1.4735776,-1.7965789,-0.89108676,0.023316082,0.2450596,0.69152796,-0.8830802,-0.16535114,0.22314057,-1.1878835,1
-1.1952292,-1.8737527,-1.0239649,0.20957807,0.042287603,0.8366827,-0.64105827,0.032517325,0.3971097,-1.3025033,1
-1.2344028,-1.7306432,-1.0828799,0.3623665,-0.01664893,0.91718554,-0.51727396,-0.14817715,0.52828157,-1.3293116,1
-1.3687811,-1.8423193,-0.8424895,0.5366391,0.17496304,0.70355314,-0.30275917,-0.33224857,0.5738963,-1.2951907,1
-1.168781,-1.6423192,-0.6424895,0.7366391,-0.02503696,0.9035531,-0.50275916,-0.13224857,0.3738963,-1.0951906,1
-1.3362218,-1.6876537,-0.55034024,0.5366391,0.17496304,1.1035532,-0.70275915,-0.33224857,0.41741973,-0.89519066,1
-1.3480319,-1.5743124,-0.35034025,0.3366391,-0.02503696,1.3035532,-0.82787675,-0.53224856,0.6174197,-1.0951906,1
-1.1248362,-1.5544566,-0.5392208,0.13387835,0.17142798,1.2904912,-1.0071088,-0.7174537,0.50336206,-1.2379781,1
-0.88906884,-1.3020738,-0.71063197,-0.06356444,-0.024270726,1.4328476,-0.8974858,-0.88197184,0.67616004,-1.3823653,1
-0.681007,-1.08918,-0.5046578,0.13483933,0.17367332,1.4500769,-1.0846456,-1.0693133,0.4705892,-1.5501062,1
-0.8327281,-1.1821095,-0.28796265,0.31649023,0.3531961,1.5596532,-0.8361673,-1.1997553,0.6338411,-1.2761207,1
-0.9559163,-1.2793117,-0.45166922,0.47807494,0.14180176,1.539537,-0.58885074,-1.295645,0.5489301,-1.1401653,1
-1.0109593,-1.2937994,-0.56994694,0.5930413,0.2989383,1.4533231,-0.55764604,-1.2794882,0.32266304,-1.1721027,1
-0.74565136,-1.2777523,-0.44352177,0.361389,0.12113211,1.5201782,-0.6966315,-1.3603425,0.4805721,-1.2616049,1
-0.8343661,-0.9509212,-0.56779146,0.38534304,0.28334096,1.5177459,-0.7911149,-1.3767197,0.6004816,-1.2896017,1
-0.6343661,-1.1509212,-0.36779147,0.18534304,0.48334098,1.7177459,-0.9911149,-1.1767197,0.40048164,-1.1239837,1
-0.8343661,-0.95092124,-0.2318428,0.020162642,0.2924235,1.917746,-0.7911149,-1.209318,0.6004816,-0.92398375,1
-0.5959247,-1.0811776,-0.40567392,-0.16893955,0.08682279,1.9894145,-0.55529445,-1.3239161,0.3762132,-1.0558724,1
-0.37883466,-1.2258759,-0.19679603,-0.35301432,0.27444214,2.0949087,-0.72269225,-1.2268034,0.16860697,-0.81892884,1
-0.54647255,-1.1624998,-0.23837642,-0.5220958,0.4479165,2.1666024,-0.493469,-0.97790474,0.024053315,-0.9619615,1
-0.74647254,-1.0746758,-0.03837642,-0.3220958,0.6479165,1.9666023,-0.693469,-0.77790475,-0.033597916,-1.1619616,1
-0.54647255,-0.8746758,-0.23837642,-0.12209581,0.8479165,1.7666023,-0.5932177,-0.97790474,0.16640209,-0.96196157,1
-0.49990344,-0.8833422,-0.23665702,-0.19190478,0.9260007,1.5666022,-0.49502438,-1.1779047,0.3664021,-0.7619616,1
-0.29990345,-1.0833422,-0.436657,0.00809522,0.7260007,1.7666023,-0.6950244,-1.2024978,0.16640209,-0.5619616,1
-0.45735,-1.2567565,-0.62346804,0.20378433,0.5151041,1.9258623,-0.4847695,-1.3734438,0.35881174,-0.74617684,1
-0.48047432,-1.0820743,-0.42346805,0.40378433,0.35320622,1.7396792,-0.6344323,-1.5734439,0.5588117,-0.58248794,1
-0.68047434,-1.2820743,-0.5943357,0.20378433,0.15320621,1.5396792,-0.43443233,-1.7734439,0.71643126,-0.38248795,1
-0.8804743,-1.0820743,-0.79433566,0.0037843287,0.18650311,1.3444071,-0.23443232,-1.5734439,0.91643125,-0.58248794,1
-1.0804744,-0.8820743,-0.5943357,0.023672134,-0.013496891,1.144407,-0.43443233,-1.7734439,0.9232595,-0.7824879,1
-0.90764576,-0.6820743,-0.62804973,-0.17632787,0.18650311,0.9694875,-0.6344323,-1.5734439,0.7232595,-0.68274224,1
-0.9907813,-0.8820743,-0.8280497,-0.37632787,0.31513482,0.7694875,-0.8344323,-1.7734439,0.5232595,-0.8827422,1
-0.7907813,-0.6820743,-0.62804973,-0.57632786,0.11513482,0.88163966,-0.6344323,-1.973444,0.5397728,-1.0827422,1
-0.9907813,-0.48207432,-0.42804974,-0.77632785,0.31513482,1.0816396,-0.43443233,-1.7734439,0.33977282,-0.8827422,1
-1.1891818,-0.50799006,-0.42212546,-0.9750163,0.5144428,0.8804553,-0.2341174,-1.970793,0.25486925,-1.0748472,1
-1.3368615,-0.29639032,-0.5986945,-1.130762,0.6875349,0.65482754,-0.41776735,-1.7041,0.052802723,-1.226833,1
-1.4640038,-0.47285804,-0.7608309,-1.2676748,0.8454597,0.6652607,-0.5255565,-1.4327953,0.0629675,-0.978154,1
-1.5191019,-0.6142654,-0.8310021,-1.2029277,0.5892529,0.42474565,-0.4619484,-1.4906111,0.24006821,-1.07556,1
-1.5518346,-0.6351738,-0.9306865,-0.9053436,0.42967018,0.5639584,-0.58625984,-1.526116,0.036169603,-1.1514491,1
-1.7518346,-0.4351738,-0.7306865,-0.7053436,0.4553276,0.7639584,-0.38625985,-1.326116,-0.1638304,-1.3514491,1
-1.9518347,-0.2351738,-0.5306865,-0.9053436,0.6553276,0.5639584,-0.18625985,-1.1261159,-0.029200837,-1.1514491,1
-2.046284,-0.41382787,-0.33703667,-0.8669206,0.8133725,0.7264851,-0.3673132,-1.261068,0.16242121,-0.91398823,1
-1.8462839,-0.23285384,-0.13703667,-0.7044919,1.0133725,0.92648506,-0.1673132,-1.461068,-0.03757879,-0.71398824,1
-1.9602683,-0.18581614,-0.3228693,-0.86647147,0.7791824,1.0791332,0.03131281,-1.3612636,-0.22759214,-0.76833105,1
-2.0013268,-0.3574298,-0.4357302,-0.988006,0.5365691,1.1850212,0.214294,-1.0758238,-0.02556205,-0.89708626,1
-1.7550993,-0.4999064,-0.57012665,-0.9561751,0.65689975,1.2420954,0.37154135,-1.1441665,-0.2022854,-0.9838736,1
-1.870378,-0.669577,-0.35408777,-1.0850197,0.7089738,0.99693763,0.16410786,-0.9032524,-0.35869524,-1.1325722,1
-1.670378,-0.869577,-0.35855812,-0.8850197,0.9089738,0.79693764,0.36410785,-1.1032524,-0.55869526,-0.9325722,1
-1.7209557,-0.9841297,-0.51393557,-0.87457114,1.0203793,0.9172935,0.15099746,-1.0259389,-0.698084,-0.77170104,1
-1.7359118,-0.7085952,-0.64516276,-0.97105867,1.1028214,1.0096656,0.31718618,-0.7811522,-0.6386016,-0.87809795,1
-1.5359118,-0.9085952,-0.84516275,-1.1710587,0.969098,0.8096656,0.3505143,-0.9811522,-0.48652792,-0.67809796,1
-1.5478051,-0.9884657,-0.9319069,-1.222488,1.0424123,0.9002563,0.49085948,-0.696505,-0.25547922,-0.758874,1
-1.6152534,-1.0983337,-1.0460643,-0.9449436,1.1481891,0.93557334,0.5910335,-0.45885062,-0.42093614,-0.5164896,1
-1.6700541,-1.194482,-1.1463934,-1.0533612,0.8723448,1.0444598,0.56593114,-0.24916992,-0.20326377,-0.29117408,1
-1.470054,-1.394482,-0.94639343,-1.0959367,0.6723448,1.1590861,0.7659311,-0.049169913,-0.0032637715,-0.4911741,1
-1.1668011,-1.4648539,-1.0531939,-1.1905797,0.8014249,1.2485952,0.65203893,-0.2289129,-0.06010268,-0.5325785,1
-0.9228234,-1.5891234,-1.1961889,-0.94552034,0.9558723,1.3827019,0.43147668,-0.4094026,0.05851293,-0.3397721,1
-1.0511864,-1.6749759,-0.93263125,-1.0724353,0.707647,1.4817243,0.24886005,-0.19604255,-0.13246009,-0.5053342,1
-1.1200356,-1.6784388,-0.65583605,-1.0133334,0.81250644,1.4705538,0.40181002,0.0035426258,-0.29761127,-0.6314002,1
-1.2939174,-1.4550632,-0.4468169,-1.1893265,0.992473,1.2454145,0.58990264,-0.19257027,-0.095679924,-0.8149501,1
-1.3825573,-1.3481021,-0.40749958,-1.1468358,1.1812805,1.0356022,0.38624302,-0.3888856,0.10334093,-1.0054238,1
-1.1165135,-1.4616433,-0.5735718,-0.8939567,1.3041384,1.166596,0.5535024,-0.17833665,-0.091260836,-1.0395344,1
-0.9493297,-1.2616433,-0.7735718,-1.0334572,1.1041384,1.3665961,0.48105878,-0.37833667,0.10873917,-1.1501255,1
-1.0931942,-1.0097907,-0.92602074,-1.0238956,1.2404419,1.1096174,0.26733136,-0.55008966,0.2936598,-1.2841829,1
-0.87395185,-1.1837277,-0.9227103,-0.80614614,1.1011294,1.2814038,0.45726344,-0.34254757,0.4830247,-1.3854626,1
-0.9009789,-1.0262026,-1.107499,-0.90808016,1.0739453,1.0667521,0.25377783,-0.14061622,0.51229644,-1.5639817,1
-0.9039898,-1.1167623,-0.82650346,-1.0091825,1.1602439,0.9815342,0.41327754,-0.30303913,0.28442356,-1.6065439,1
-0.88692254,-1.2333549,-0.586819,-1.0978513,1.2740823,1.1066926,0.36188108,-0.47117525,0.45373887,-1.3174495,1
-1.01381,-1.3369395,-0.4587948,-0.83745676,1.0018334,1.2187971,0.52408576,-0.36612448,0.6097647,-1.4153773,1
-0.81381005,-1.1369394,-0.30877936,-0.6374568,1.0501684,1.4187971,0.72408575,-0.16612448,0.4097647,-1.3914578,1
-0.6079812,-1.3242437,-0.45622325,-0.82950413,0.8420951,1.3319372,0.9153105,-0.3626477,0.20777275,-1.5763451,1
-0.80385864,-1.3835601,-0.25491595,-0.92926306,0.6388189,1.4640394,0.98223823,-0.32929826,0.10623043,-1.3693225,1
-0.91298836,-1.4402146,-0.0499449,-0.66324943,0.76288813,1.4884157,0.8508677,-0.11759404,0.27851012,-1.4272659,1
-1.085084,-1.5990919,0.14629298,-0.8416064,0.9387469,1.2634097,0.6345494,0.08033991,0.46651313,-1.1964962,1
-0.838891,-1.7051965,0.32821977,-0.6081206,1.0000334,1.3870337,0.41187006,-0.04125172,0.25260365,-1.3236125,1
-0.62164855,-1.8537788,0.1386446,-0.3971062,1.1676468,1.483541,0.20615208,-0.23474078,0.37811217,-1.0932882,1
-0.74865514,-1.8713259,0.3085602,-0.54406065,0.88168323,1.533979,0.0056055416,-0.031654485,0.16228908,-1.1783954,1
-0.887891,-1.5642725,0.4759854,-0.69640136,0.856552,1.6229126,0.021887312,-0.1397874,-0.035295423,-1.2901051,1
-0.9931256,-1.6105881,0.3965833,-0.81831646,0.5993602,1.6641201,-0.021953437,0.054967523,0.15035728,-1.1992277,1
-1.1712959,-1.6603991,0.5856681,-0.6070036,0.39205346,1.4373322,0.17478898,-0.14237893,-0.048734453,-1.3736272,1
-1.2807479,-1.7613508,0.36513495,-0.3853346,0.4341567,1.5501599,0.35483506,0.054553308,0.14321211,-1.1111428,1
-1.3771054,-1.4749585,0.5210156,-0.37070882,0.45209473,1.6276604,0.14399762,0.23673627,0.31918955,-1.2193714,1
-1.4709817,-1.1891663,0.2994144,-0.1592218,0.60821515,1.7046769,0.32084996,0.4041455,0.111169256,-1.3238617,1
-1.2409341,-0.9657812,0.48760763,-0.35072938,0.4344765,1.859648,0.5085364,0.19931926,-0.08673068,-1.4878358,1
-0.9466,-1.0565987,0.62320894,-0.4991502,0.21251632,1.8667493,0.6421776,-0.0006169887,-0.25987658,-1.5297595,1
-0.66975963,-1.127269,0.7384839,-0.6271934,0.37005997,1.8539715,0.3966685,-0.1799694,-0.41254592,-1.5517321,1
-0.76155263,-1.1621432,0.8217269,-0.37404618,0.49913868,1.7984365,0.52243686,-0.33269733,-0.18610303,-1.5337987,1
-0.93703854,-0.9376141,0.9956788,-0.1902571,0.68131465,1.5576855,0.5582661,-0.1293143,-0.37625962,-1.6895968,1
-1.0347809,-1.0353047,0.7460617,-0.07511783,0.4380284,1.5996109,0.5550684,0.06432869,-0.5244346,-1.719659,1
-0.8347809,-1.2353047,0.7888263,0.075053215,0.6380284,1.3996109,0.75506836,0.2643287,-0.7244346,-1.5196589,1
-0.6016284,-1.3603437,0.93718326,0.2606881,0.794261,1.4953169,0.52607906,0.4400784,-0.52736133,-1.4919368,1
-0.40162843,-1.1603436,0.8833613,0.060688093,0.6539343,1.2953168,0.32607907,0.2400784,-0.7273613,-1.3211875,1
-0.20162843,-1.2593035,0.88773197,0.2606881,0.8539343,1.0953168,0.52607906,0.4400784,-0.9273613,-1.5211875,1
-0.40162843,-1.1554432,0.687732,0.4606881,0.6539343,1.209014,0.72607905,0.2400784,-1.1273613,-1.390208,1
-0.6016284,-1.0107396,0.487732,0.55814415,0.59805894,1.4090141,0.6621692,0.0400784,-0.9273613,-1.590208,1
-0.4042102,-1.2050335,0.39733544,0.7545711,0.39618295,1.601431,0.45999107,-0.15916792,-0.72393334,-1.7817711,1
-0.6042102,-1.0050335,0.19733544,0.5545711,0.19618295,1.401431,0.25999105,0.040832087,-0.9239333,-1.9817711,1
-0.393598,-0.80987585,-0.00259461,0.7347604,0.38578147,1.5593866,0.058416028,0.23450923,-0.704927,-2.1244903,1
-0.17946844,-0.9361711,0.18299797,0.86653787,0.5430288,1.403644,-0.13125062,0.402797,-0.46807545,-2.1548398,1
-0.33610624,-1.0063398,0.078746915,0.9446636,0.6581222,1.4203942,-0.2933983,0.1796232,-0.23744224,-2.08575,1
-0.12537526,-0.79174584,-0.111693166,1.0544152,0.4220026,1.492638,-0.45449746,0.34969267,-0.25488573,-2.1055355,1
0.07462475,-0.9917458,-0.31169316,0.85441524,0.58054096,1.692638,-0.25449747,0.38777488,-0.05488573,-1.9055355,1
-0.11759284,-1.1177707,-0.10476003,0.61379373,0.4234,1.7751564,-0.051114645,0.2425747,-0.23906422,-1.9748386,1
0.07516002,-1.2018819,0.08686428,0.37740344,0.20375353,1.8014551,0.08149414,0.10731343,-0.40045154,-1.9835765,1
-0.055390514,-0.9438413,0.19404726,0.16712618,0.38036346,1.8855077,0.26518676,0.0560259,-0.18883908,-2.0570786,1
-0.24916527,-1.1159596,-0.0058076447,-0.03207251,0.31819096,2.0346725,0.0635978,-0.14046466,-0.37936094,-1.8118114,1
-0.049165264,-0.91595966,0.19419236,-0.23207252,0.24424344,1.8346725,-0.1364022,-0.34046465,-0.17936094,-2.0118115,1
0.15083474,-0.71595967,-0.005807638,-0.3446654,0.15989974,1.6346724,-0.3364022,-0.49822778,0.020639062,-1.8118114,1
0.34609586,-0.90358746,0.19156934,-0.5373084,-0.002204292,1.8098909,-0.13455977,-0.6887965,-0.17693825,-1.9846373,1
0.4993039,-0.7515034,0.35801792,-0.6741325,0.18084769,1.8376744,0.059833024,-0.44691426,0.021085719,-1.9974478,1
0.280372,-0.51661915,0.1480228,-0.44414222,0.3567579,1.9087853,-0.131301,-0.60599494,0.20710137,-2.0584526,1
0.23536919,-0.6902817,-0.050066918,-0.6204685,0.5182381,1.6459835,-0.3191249,-0.51800215,0.00684038,-2.1754491,1
0.035369188,-0.4902817,-0.25006694,-0.4204685,0.7182381,1.8459835,-0.5191249,-0.4395506,0.20684038,-1.9754491,1
-0.14890951,-0.6243637,-0.4070881,-0.5612173,0.8305516,1.8480594,-0.28865033,-0.2166749,0.006187161,-1.9677062,1
-0.3128139,-0.6284196,-0.1856643,-0.32384846,0.92393845,1.8361825,-0.4380982,-0.37356883,0.18485656,-1.9434515,1
-0.46330267,-0.5267944,0.01295162,-0.47327185,0.6540435,1.8395927,-0.57649094,-0.51819175,0.34769937,-1.9365051,1
-0.6183877,-0.6775801,0.1985318,-0.62768185,0.7962127,1.9014835,-0.7239115,-0.5581942,0.13769804,-1.6189191,1
-0.38106313,-0.7992907,0.36297858,-0.38952816,0.90734005,1.9140092,-0.47717312,-0.61558956,0.30757183,-1.6566525,1
-0.1674512,-0.86977047,0.36211878,-0.17527984,0.6541638,1.9550827,-0.25633585,-0.7542753,0.4694137,-1.7170734,1
-0.35337827,-0.64411914,0.54059035,-0.3609071,0.82145035,1.7696942,-0.05417826,-0.8664649,0.27998945,-1.843652,1
-0.20013103,-0.84411913,0.47590518,-0.1609071,0.62145036,1.8750552,0.14582175,-0.6664649,0.47998947,-1.643652,1
-0.40013105,-1.0441191,0.2759052,-0.3609071,0.82145035,1.6750551,-0.054178253,-0.46646494,0.27998948,-1.843652,1
-0.5475043,-1.1350199,0.23195264,-0.23495312,0.56695414,1.7106278,0.13303435,-0.60802126,0.43789822,-1.8644401,1
-0.7111824,-1.2701502,0.11078815,-0.033254713,0.72968715,1.8177887,-0.06371173,-0.38819516,0.6069022,-1.5835634,1
-0.82822806,-1.3356433,0.2824939,-0.21201913,0.48146427,1.8340886,0.12388054,-0.17106181,0.3698577,-1.6211873,1
-1.028228,-1.1795368,0.48249388,-0.012019128,0.68146425,1.790932,0.32388055,-0.21901432,0.36532024,-1.4211873,1
-0.82822806,-1.043402,0.6631807,-0.06114487,0.5554471,1.9909321,0.45573586,-0.41901433,0.22231975,-1.2912482,1
-1.028228,-0.84340197,0.8631807,-0.26114488,0.3554471,1.790932,0.25573587,-0.21901433,0.42231977,-1.0912482,1
-1.2282281,-0.643402,0.6631807,-0.46114486,0.5554471,1.9909321,0.05573587,-0.41901433,0.33142245,-0.89124817,1
-1.028228,-0.443402,0.46318072,-0.66114485,0.7554471,1.790932,-0.14426413,-0.21901433,0.53142244,-1.0912482,1
-0.82822806,-0.643402,0.26318073,-0.8080412,0.5554471,1.9909321,0.05573587,-0.019014329,0.33142245,-1.1399193,1
-0.62822807,-0.443402,0.06318073,-1.0080413,0.7554471,1.790932,0.25573587,-0.21901433,0.53142244,-1.057289,1
-0.82822806,-0.643402,-0.13681927,-0.8080413,0.9554471,1.9909321,0.05573587,-0.019014329,0.7314224,-1.257289,1
-1.028228,-0.67936665,-0.3368193,-0.64957833,1.1554471,1.790932,0.25573587,-0.21901433,0.92148954,-1.057289,1
-1.2188458,-0.47570488,-0.3703844,-0.84308857,1.3450931,1.5787792,0.055310115,-0.41581357,1.1129227,-0.8507404,1
-1.0564628,-0.5965364,-0.15042143,-0.9208758,1.3640634,1.5703698,-0.1277374,-0.5436622,1.137445,-0.85146546,1
-1.2564628,-0.3965364,0.049578577,-0.9687165,1.2078503,1.7703699,0.0722626,-0.3436622,0.99368817,-0.6514655,1
-1.2832191,-0.5574212,-0.14055823,-1.0383064,1.2479131,1.5597146,0.24410278,-0.1342422,1.1154175,-0.79563445,1
-1.3635757,-0.696324,-0.3130872,-0.7706846,1.3311176,1.6177677,0.40827933,-0.30728066,0.84157556,-0.7780784,1
-1.1006155,-0.84782463,-0.46440482,-0.9181617,1.4482702,1.7194098,0.24450307,-0.4798321,0.60686046,-0.54679906,1
-0.8442268,-0.60726345,-0.24785009,-1.0481521,1.3843262,1.7992331,0.41667214,-0.6075649,0.7563418,-0.70004094,1
-0.94412154,-0.743261,-0.4123431,-1.1491946,1.4587158,1.4724406,0.5061737,-0.74353856,0.52327067,-0.8286828,1
-1.0197389,-0.6927674,-0.2081005,-0.93022966,1.6255747,1.6390252,0.6920643,-0.53267866,0.31681174,-0.6161217,1
-0.80564684,-0.661066,-0.00796124,-0.8841005,1.4010677,1.8074107,0.87672883,-0.69088316,0.114803635,-0.8020918,1
-0.550632,-0.4191844,0.17459464,-0.9856246,1.4556324,1.8250647,0.9789226,-0.4462931,0.28620797,-0.9110653,1
-0.7129426,-0.588095,0.025827061,-0.77115655,1.1925868,1.9233857,1.1197287,-0.23392665,0.08187945,-1.0552784,1
-0.8637844,-0.3671977,-0.16479445,-0.9188638,1.3176018,2.0090501,0.8702051,-0.03209984,-0.0059132674,-0.8466971,1
-0.96600837,-0.51506466,-0.17309633,-0.7154466,1.378114,2.006009,0.97183895,0.12662469,0.17624757,-0.587257,1
-1.0285257,-0.50083274,0.025739703,-0.70967466,1.4298552,2.1105676,0.7384458,-0.07020078,-0.022724802,-0.3705026,1
-0.93844783,-0.6881214,-0.17109966,-0.8931755,1.6002939,1.8759147,0.630124,0.12744498,0.10815864,-0.5601551,1
-0.73844784,-0.4881214,-0.094913304,-1.0931755,1.8002939,1.6759146,0.43012398,0.32744497,-0.012960739,-0.3601551,1
-0.93844783,-0.6881214,-0.2949133,-0.89317554,1.8995411,1.4759146,0.23012398,0.52744496,0.18703926,-0.1601551,1
-0.73844784,-0.7304744,-0.09491329,-0.76059806,2.0995412,1.2759145,0.25618523,0.32744497,0.38703924,-0.3601551,1
-0.5902281,-0.7458176,0.104889624,-0.95879644,2.2952285,1.1628132,0.45532963,0.5264557,0.18668844,-0.15985473,1
-0.38331363,-0.9290586,-0.09342512,-1.0002934,2.1666214,1.0951287,0.6437178,0.7135836,0.19628753,-0.35347846,1
-0.5566867,-1.0775197,-0.28003094,-0.7637619,2.0424502,1.2360091,0.6902372,0.8185883,-0.0035430095,-0.14647253,1
-0.3206029,-1.0071291,-0.16657566,-0.866264,2.0155952,1.2907369,0.8001774,0.83805627,0.17658265,0.04811243,1
-0.47852573,-1.1095642,-0.3369476,-0.61241394,2.0365222,1.3702497,0.5516687,0.7633099,0.34614578,-0.13961142,1
-0.5684227,-0.9095642,-0.13694759,-0.41241395,1.8365221,1.2755321,0.35166872,0.9633099,0.24317089,-0.3396114,1
-0.76842266,-0.7095642,-0.3369476,-0.61241394,2.0365222,1.4755322,0.5516687,0.8110245,0.043170884,-0.13961141,1
-0.5684227,-0.5400317,-0.13694759,-0.81241393,1.8365221,1.2755321,0.5052582,1.0110245,-0.15682912,-0.3396114,1
-0.39909315,-0.34003168,0.04169658,-1.012414,2.0365222,1.2455058,0.3052582,1.0145425,0.043170884,-0.13961141,1
-0.19909315,-0.14003168,-0.14954682,-0.812414,2.2365222,1.0455058,0.10525821,0.8145425,0.24317089,-0.3396114,1
-0.39909315,-0.34003168,-0.34954682,-0.612414,2.0365222,1.1118788,0.3052582,0.7096158,0.4431709,-0.5396114,1
-0.20047168,-0.24129358,-0.45791224,-0.812414,1.8365221,1.3118788,0.10525821,0.9096158,0.6431709,-0.7396114,1
-0.00047168136,-0.1512146,-0.33985984,-0.6717917,2.0365222,1.5118788,0.24523184,0.7096158,0.8431709,-0.59352875,1
-0.15192221,-0.33121252,-0.4165945,-0.8221421,1.9519448,1.4798684,0.41987538,0.8578121,0.98376113,-0.37111685,1
0.046416357,-0.12667818,-0.5952867,-0.9868198,1.6914024,1.6218169,0.2122771,0.88544846,1.1428536,-0.16520353,1
-0.150315,-0.31972566,-0.38687405,-0.7700743,1.8511487,1.4660699,0.25928122,0.7962925,1.3142744,-0.35743108,1
-0.205303,-0.46706185,-0.5274061,-0.87177664,1.8160195,1.4972471,0.053274248,0.53587013,1.3608329,-0.14147858,1
-0.3627521,-0.55053616,-0.6510391,-0.95925575,1.8043671,1.5190611,0.22668417,0.6586145,1.0389625,-0.30562833,1
-0.5220626,-0.69626904,-0.418427,-1.0754364,1.8594424,1.2689426,0.02475478,0.58539885,1.14938,-0.42296103,1
-0.3220626,-0.5941044,-0.21842699,-0.9829157,1.6594423,1.4689426,-0.17524523,0.38539886,0.99963236,-0.62296104,1
-0.117060006,-0.7615589,-0.2749625,-1.1344352,1.7832351,1.6005429,-0.3598662,0.17780049,0.9881616,-0.40562645,1
-0.3042167,-0.53881156,-0.22873935,-1.2803807,1.7818698,1.7276076,-0.15339042,0.36249676,0.75623524,-0.19729704,1
-0.102923386,-0.33460695,-0.42341873,-1.4620093,1.5622388,1.9036862,0.04603116,0.16048019,0.56058395,-0.3923666,1
-0.30292338,-0.53460693,-0.22341873,-1.2620093,1.3622388,1.7899799,0.01116769,-0.01423943,0.76058394,-0.5923666,1
-0.49876502,-0.3318403,-0.41991776,-1.4499209,1.1526289,1.9735261,-0.18727098,-0.21246803,0.9526415,-0.38912237,1
-0.6134866,-0.11575029,-0.19307862,-1.4485618,1.1875519,1.9082652,0.011175548,-0.36212972,1.0119712,-0.51722485,1
-0.38732067,-0.29576924,0.006483387,-1.5442388,1.2997459,1.9748515,0.1978121,-0.15186995,0.7605887,-0.3843451,1
-0.18732066,-0.49576926,-0.19351661,-1.4628121,1.499746,1.7748514,0.3978121,0.04813005,0.9605887,-0.18434511,1
0.0025778264,-0.69576925,0.006483391,-1.262812,1.5095602,1.5748514,0.5978121,0.24813005,1.1605887,-0.3843451,1
0.004458461,-0.82769924,-0.19082472,-1.4424638,1.2913437,1.7501625,0.3922784,0.4418964,0.9472266,-0.46983826,1
0.19197646,-0.5893788,-0.36696523,-1.221427,1.4002986,1.8311069,0.55612034,0.22712885,1.0771894,-0.39274466,1
0.36667588,-0.49792066,-0.5303698,-0.95549774,1.4970055,1.9000068,0.33313414,0.037208915,1.1947519,-0.18030372,1
0.16658042,-0.29775003,-0.72995156,-0.7550651,1.6960337,1.6990331,0.13305789,0.23707308,1.3939532,0.019685,1
0.352415,-0.22227482,-0.50947315,-0.53361624,1.8227671,1.8256507,0.32018784,0.4201837,1.1478164,-0.17334726,1
0.48552153,-0.3711404,-0.623561,-0.6447806,1.7778245,1.780359,0.22433183,0.19352102,1.1846056,0.023425283,1
0.3974273,-0.53664666,-0.7738224,-0.41791826,1.8531651,1.8607563,0.022862313,-0.0060876855,0.9251408,-0.16591057,1
0.5362858,-0.7272256,-0.57869315,-0.61001563,2.026907,1.6395166,-0.023874136,0.19143234,0.71586686,-0.3612309,1
0.7362858,-0.9272256,-0.77869314,-0.4830657,1.8269069,1.4395165,0.17612587,-0.008567661,0.91586685,-0.5612309,1
0.8565341,-0.745988,-0.88582915,-0.2589545,1.8542575,1.4998646,-0.021840563,0.17512636,1.0148325,-0.3304617,1
1.0206275,-0.91383827,-1.0489268,-0.44335678,1.5980369,1.2556882,-0.21430123,0.1010345,1.173546,-0.51243377,1
0.81210417,-1.1022696,-0.8401096,-0.24082918,1.3835163,1.4405689,-0.13432886,-0.097937614,1.3592799,-0.7050342,1
0.95151067,-0.8482518,-0.9778395,-0.038384788,1.1126605,1.4898131,-0.314313,-0.23202685,1.4433708,-0.8508509,1
0.7643197,-0.63790095,-1.1590325,-0.2345784,0.89808774,1.6628313,-0.11248771,-0.031515457,1.6171305,-0.6404585,1
0.5731253,-0.83790094,-0.9590325,-0.034578398,0.69808775,1.8628314,0.055446796,0.16848454,1.4171305,-0.44045854,1
0.3731253,-0.63790095,-0.7590325,0.1027036,0.60788715,2.0628314,-0.14455321,0.36848456,1.2171304,-0.6404585,1
0.17312531,-0.43790096,-0.5590325,0.08123147,0.5168078,1.8829213,0.05544679,0.55144703,1.4171305,-0.44045854,1
-0.026874691,-0.63790095,-0.3590325,0.28123146,0.7168078,2.0829213,0.2554468,0.751447,1.2171304,-0.6404585,1
-0.02385382,-0.43790096,-0.5590325,0.08123146,0.5168078,2.2829213,0.30706152,0.951447,1.0171304,-0.8404585,1
0.16494139,-0.3427348,-0.33619416,0.2633421,0.67121106,2.3249807,0.10025125,1.0782026,0.8634648,-0.9480237,1
0.32617036,-0.48507515,-0.47922936,0.0566127,0.7786544,2.2567291,-0.08915154,1.0642349,0.95048326,-0.8260496,1
0.5261704,-0.68507516,-0.32436636,0.25661272,0.5786544,2.056729,-0.0641452,0.86423486,1.1504833,-0.62604964,1
0.32617038,-0.88507515,-0.12436636,0.4566127,0.37865442,2.2567291,0.13585481,0.98347074,0.95048326,-0.5888304,1
0.12236074,-0.71758497,0.07334993,0.24886446,0.56118226,2.3825498,-0.062208366,0.7598143,1.1157451,-0.76501215,1
-0.071989715,-0.8508154,0.2534592,0.41620213,0.43323082,2.169229,-0.24312836,0.8899719,1.2200028,-0.8947915,1
0.12100861,-0.616161,0.4286567,0.20437668,0.22047397,2.2396412,-0.1439528,1.0303546,1.342334,-0.65678906,1
0.32100862,-0.5569377,0.2286567,0.0043766797,0.020473972,2.2547352,0.0560472,0.83035463,1.5423341,-0.5387051,1
0.5210086,-0.55835426,0.4286567,0.20437668,-0.009410849,2.0547352,0.08817995,0.63035464,1.4054705,-0.7387051,1
0.32100862,-0.75835425,0.5741677,0.3947452,-0.20941085,1.8547351,-0.11182005,0.43035465,1.473165,-0.9387051,1
0.12913395,-0.75536525,0.7515527,0.57737154,-0.39745113,1.8560599,-0.036196735,0.22362553,1.6242886,-1.1054413,1
-0.07086605,-0.9387534,0.5515527,0.67442364,-0.19745113,1.6560599,0.16380326,0.19489336,1.8242886,-0.90544134,1
-0.27086604,-0.86850154,0.35155272,0.47442365,0.0025488734,1.4560598,-0.03619674,0.39489335,1.829839,-0.75567305,1
-0.47086602,-0.75777525,0.5515527,0.27442366,-0.19745113,1.6560599,0.16380326,0.19489335,2.029839,-0.67741007,1
-0.6502328,-0.54062027,0.34074035,0.07213468,-0.3852271,1.7989749,0.3526141,0.38274798,1.9454703,-0.8504244,1
-0.8502328,-0.34062028,0.14074035,0.19938251,-0.58522713,1.5989748,0.5526141,0.54909617,1.7454703,-0.6504244,1
-1.0502328,-0.14062028,0.19032502,-0.0006174892,-0.38522714,1.3989748,0.43871564,0.5768216,1.6148232,-0.45042443,1
-1.2502328,-0.28109705,0.390325,-0.20061749,-0.18522714,1.1989747,0.23871563,0.7768216,1.4148232,-0.25042444,1
-1.266225,-0.48109704,0.2838801,-0.06626402,0.014772862,1.0244087,0.25763318,0.9768216,1.6148232,-0.45042443,1
-1.4362538,-0.68109703,0.08388011,0.13373598,0.21477287,1.0154581,0.4576332,0.81538916,1.4338508,-0.6504244,1
-1.6155782,-0.8699635,0.28029302,-0.06542671,0.40953183,0.805154,0.64932334,1.0025588,1.6132056,-0.83967847,1
-1.4155781,-0.8288122,0.080293015,0.1345733,0.20953183,0.60515404,0.84932333,1.2025589,1.4132055,-1.0396785,1
-1.2155781,-1.0288122,0.14370587,-0.06542671,0.40953183,0.805154,1.0493233,1.0025588,1.2132055,-1.2396785,1
-0.9839003,-1.1904833,-0.054538213,-0.1728616,0.5905194,0.5862782,1.2103547,0.77752554,1.369125,-1.3947723,1
-0.7132079,-1.265089,0.132344,0.024691045,0.71923006,0.4226697,1.1146586,0.8893719,1.4276208,-1.4509552,1
-0.87423706,-1.0196366,-0.06476881,-0.16782771,0.76461315,0.21316735,1.258556,1.0428834,1.5581627,-1.197571,1
-0.6439277,-0.782791,-0.2528665,-0.2891287,0.79830104,0.394594,1.0109701,1.1870114,1.679127,-1.3347453,1
-0.83026445,-0.96687955,-0.29849193,-0.08768569,0.5886145,0.19144352,0.7978405,1.3645556,1.4551798,-1.5098977,1
-0.59233445,-1.0966554,-0.46849212,0.10555511,0.7411548,0.367886,0.56186175,1.4703989,1.5555693,-1.2781441,1
-0.68792397,-1.1257877,-0.57618546,0.26529035,0.8171334,0.4930524,0.66146684,1.4502809,1.3432634,-1.265297,1
-0.574423,-1.2093225,-0.7269152,0.06529035,0.61713344,0.6930524,0.46146685,1.650281,1.1432633,-1.065297,1
-0.74487346,-0.9708099,-0.891547,-0.12956956,0.78595424,0.4742391,0.25149012,1.7796801,1.0661998,-1.2170174,1
-0.8879209,-0.7243491,-0.64986384,-0.30970466,0.92652553,0.6335991,0.110022046,1.8603543,0.81398934,-1.3316063,1
-0.8883874,-0.5243491,-0.4818324,-0.10970466,0.9999854,0.8120629,-0.08997796,1.6840993,0.61398935,-1.3981662,1
-0.7173372,-0.6780334,-0.63823533,-0.28990182,0.8127134,0.9334031,-0.27143648,1.763628,0.76194197,-1.4959778,1
-0.78822327,-0.41075087,-0.72025484,-0.40969145,0.8701754,0.97387815,-0.40508246,1.6872501,0.82654995,-1.4572712,1
-0.6153494,-0.575469,-0.4902008,-0.38069925,0.6314607,0.96582556,-0.19323526,1.7782276,0.9672482,-1.561534,1
-0.38655978,-0.34944367,-0.27008572,-0.54044855,0.7738286,1.0850173,0.006295847,1.8411083,0.714067,-1.6394347,1
-0.40106103,-0.53193766,-0.07008572,-0.74044853,0.57382864,1.2850174,-0.19370416,1.8553616,0.514067,-1.4394346,1
-0.20106103,-0.35554487,-0.27008572,-0.87007225,0.37382865,1.0850173,0.006295845,1.6553615,0.314067,-1.6394347,1
-0.31269854,-0.20240171,-0.07008572,-1.0700723,0.4367804,0.88501734,0.060652506,1.8553616,0.514067,-1.4394346,1
-0.48905852,-0.22605118,-0.25763234,-1.134188,0.39855915,0.6534319,-0.13292232,1.960591,0.6811421,-1.563842,1
-0.64917225,-0.10525855,-0.054296285,-1.2569584,0.46935475,0.4271849,-0.31365108,2.0355246,0.830137,-1.2848958,1
-0.6678811,0.09034256,0.13893862,-1.0078832,0.6382762,0.2166366,-0.1083742,2.1317282,0.70383584,-1.4159514,1
-0.8274897,-0.10455396,0.32316434,-0.89886343,0.79926264,0.3972462,-0.29402238,1.841825,0.8617711,-1.5407447,1
-0.6274897,-0.30455396,0.52316433,-0.69886345,0.59926265,0.5972462,-0.42385352,1.8325641,0.6617711,-1.3407446,1
-0.75924385,-0.10455395,0.7231643,-0.89886343,0.79926264,0.39724624,-0.42057958,1.6325641,0.8617711,-1.5407447,1
-0.89396554,-0.2838285,0.48756206,-0.6999599,0.931261,0.38654155,-0.20556875,1.7078547,0.9895157,-1.5613383,1
-0.67482895,-0.47048655,0.27963233,-0.48617312,0.7464642,0.18139753,-0.15782747,1.8552443,1.0090395,-1.7127682,1
-0.69975346,-0.25490227,0.07504426,-0.6466388,0.8459855,0.35942307,0.039742738,1.6210244,1.13938,-1.8025628,1
-0.8768236,-0.44330928,0.26803488,-0.8250625,0.6295228,0.54516643,-0.15617317,1.3848101,0.91544026,-1.9515282,1
-1.0768236,-0.24330927,0.06803487,-0.6250625,0.4295228,0.678593,-0.3140759,1.583359,0.7154403,-1.7819679,1
-0.9521811,-0.039628804,-0.07827727,-0.75494784,0.452927,0.8039292,-0.1043816,1.6318073,0.83764523,-1.8135383,1
-1.1339139,-0.23582962,-0.27386534,-0.54614943,0.64257514,0.9880125,0.09410243,1.6891103,0.71604204,-1.5879564,1
-1.2891703,-0.26361746,-0.3609992,-0.3363985,0.81884,0.84325397,-0.10291447,1.4471624,0.7206909,-1.7375902,1
-1.0891702,-0.46361744,-0.5609992,-0.53639853,0.61884004,0.9819897,0.097085536,1.4379561,0.9206909,-1.5375901,1
-0.8397402,-0.6257887,-0.7176193,-0.69442093,0.772163,1.0368289,-0.0011843859,1.4278167,0.7150517,-1.6385409,1
-0.65257436,-0.7979729,-0.8867103,-0.85883725,0.73470724,0.80864125,0.19211873,1.5712179,0.8842292,-1.3900851,1
-0.83314687,-0.70420855,-0.7644352,-0.64382446,0.5225229,0.98565745,0.3831836,1.3761351,1.0542775,-1.5538521,1
-0.960743,-0.7684151,-0.5248791,-0.53259355,0.29992026,1.0507314,0.5423136,1.4656782,0.79440904,-1.6309407,1
-0.760743,-0.5684151,-0.7248791,-0.73259354,0.09992026,1.1294625,0.74231356,1.2656782,0.994409,-1.4309406,1
-0.5407674,-0.35529086,-0.50618106,-0.5136207,-0.09651455,1.2821023,0.908745,1.4134655,1.1518599,-1.502574,1
-0.72701114,-0.15240708,-0.30049524,-0.5038807,0.10156371,1.0620074,1.0314201,1.5835032,1.3267556,-1.2783849,1
-0.874837,-0.29497772,-0.35807392,-0.6642648,0.28459108,1.190979,0.78462607,1.3056368,1.4408267,-1.2970942,1
-0.9423124,-0.09497772,-0.55807394,-0.8642648,0.48459107,0.990979,0.98462605,1.1056367,1.2408266,-1.0970942,1
-0.8621873,-0.2897762,-0.35175982,-0.6525515,0.27957273,1.1699778,1.1637369,1.2826138,1.2462229,-1.2742219,1
-0.64251727,-0.08710943,-0.53537,-0.49744162,0.07720904,0.9411649,1.3232276,1.4049098,1.1759795,-1.4304307,1
-0.44251728,-0.28710943,-0.6892977,-0.2974416,-0.12279096,0.7411649,1.5232277,1.2049098,1.3047957,-1.4127996,1
-0.59027815,-0.44750556,-0.4495159,-0.4569977,-0.23640671,0.85692966,1.2156441,1.2906853,1.3824501,-1.4816729,1
-0.7624592,-0.6321814,-0.24361075,-0.64144886,-0.035545092,0.64138246,1.3821409,1.3302107,1.1544657,-1.457052,1
-0.533938,-0.41026634,-0.041399334,-0.6585077,0.15611573,0.5299109,1.5019137,1.4526167,1.2857834,-1.3367829,1
-0.62789214,-0.52208966,-0.20651981,-0.73446286,-0.037543487,0.5353228,1.4560062,1.4138321,1.2711043,-1.3147349,1
-0.5564441,-0.28516746,-0.3599191,-0.8273423,0.14383358,0.29688364,1.4661727,1.4288331,1.3024668,-1.3410959,1
-0.3429827,-0.46684468,-0.15387961,-0.98854387,0.3308484,0.09322475,1.2183546,1.5673189,1.2577009,-1.4222097,1
-0.48813424,-0.5994845,-0.3181331,-1.0684851,0.33038917,0.26360515,1.275082,1.2292014,1.3104538,-1.458345,1
-0.67276394,-0.781627,-0.33124456,-1.240152,0.5185423,0.3088515,1.0510687,1.006213,1.0856503,-1.6213039,1
-0.7728604,-0.86926216,-0.47043407,-1.2753007,0.6362922,0.45060432,1.0817982,1.0681403,1.1384846,-1.2586101,1
-0.5728604,-0.8932734,-0.27043408,-1.3194818,0.8362922,0.6506043,0.8817982,0.8681403,1.189378,-1.4097236,1
-0.7728604,-0.868971,-0.07043408,-1.1194818,0.8155718,0.8506043,0.6817982,0.7981392,0.98937804,-1.2097236,1
-0.9728604,-1.068971,0.12956592,-0.9194818,0.6155718,1.0506043,0.48179823,0.5981392,0.78937805,-1.4097236,1
-0.76700515,-1.2593572,0.0036163528,-1.1110005,0.8093929,0.8441601,0.2829568,0.79209244,0.9818824,-1.5975282,1
-0.56700516,-1.0593572,-0.19638366,-1.1690948,1.009393,0.7260744,0.48295683,0.9611751,0.7818824,-1.3975282,1
-0.36700517,-0.86101484,-0.21123393,-1.3690948,0.994575,0.6063709,0.6829568,1.1304176,0.9818824,-1.1975281,1
-0.5529129,-0.8559112,-0.01095472,-1.5300969,0.7748268,0.39627108,0.8610119,1.2973517,0.7624496,-1.3627943,1
-0.6629093,-0.9296871,-0.1857371,-1.5232804,0.5061118,0.5249926,0.93417805,1.3183577,0.5527369,-1.3759772,1
-0.4135299,-1.0091811,-0.32423532,-1.5394548,0.63078946,0.34852892,1.0131931,1.1641773,0.67244095,-1.4078647,1
-0.56034833,-0.9862593,-0.4787939,-1.5886766,0.7587755,0.5009817,0.7527263,0.8806011,0.7968166,-1.4684929,1
-0.7603483,-1.1862593,-0.55872774,-1.3886765,0.95877546,0.3009817,0.5527263,0.6806011,0.5968166,-1.2684928,1
-0.9542802,-1.3775,-0.5008588,-1.1811657,0.75398105,0.49781618,0.7479701,0.64330316,0.7917818,-1.459214,1
-0.6968563,-1.4574039,-0.6470409,-0.9064688,0.88135374,0.48237938,0.87580043,0.68606627,0.9162767,-1.4364074,1
-0.8968563,-1.4622763,-0.8470409,-0.83220553,0.68135375,0.29738525,0.67580044,0.88606626,1.1162767,-1.2364074,1
-1.044299,-1.2655544,-0.99687064,-0.9827461,0.83912253,0.4735524,0.48608807,0.6531925,1.2532057,-1.089232,1
-1.1870321,-1.2594492,-0.7601959,-0.88459384,0.6097079,0.64255315,0.2729213,0.8139256,1.2689023,-1.229897,1
-1.2659572,-1.3320531,-0.51129603,-0.989919,0.739028,0.76900613,0.06655595,0.92541945,1.2246088,-0.9399966,1
-1.3115826,-1.370718,-0.63639194,-0.70673543,0.48226488,0.75554746,-0.11939154,1.0069056,1.2745883,-1.0199476,1
-1.0785373,-1.4290941,-0.7609785,-0.8249795,0.62074834,0.85007274,0.07334039,0.88166595,1.3416319,-0.9187629,1
-0.90991676,-1.5826366,-0.93357396,-0.60715675,0.40874973,0.8557765,0.26554546,0.701508,1.4877816,-0.8669271,1
-0.6798756,-1.6759399,-1.0856051,-0.7730007,0.19991618,0.8110351,0.062771805,0.48028597,1.6163608,-0.63870513,1
-0.47987562,-1.5015557,-1.2856052,-0.9730007,-8.381903e-05,0.6110351,0.26277182,0.680286,1.4163607,-0.43870515,1
-0.6614991,-1.6555641,-1.44469,-0.7521071,-0.19467571,0.6176508,0.06107514,0.46730426,1.5726718,-0.23225313,1
-0.61467415,-1.6359537,-1.4267877,-0.51798534,0.0049952334,0.76711774,0.24493998,0.2507841,1.6631159,-0.40553868,1
-0.40371737,-1.3980119,-1.5838037,-0.69901425,0.1995787,0.9415639,0.043752544,0.43887317,1.6506298,-0.2001078,1
-0.45158678,-1.1980119,-1.3838036,-0.89901423,0.3995787,1.1415639,0.24375254,0.23887317,1.7150584,-0.22457753,1
-0.6515868,-1.3980119,-1.1838036,-0.69901425,0.19957869,0.9415639,0.043752536,0.038873166,1.9150585,-0.03820367,1
-0.44013914,-1.5575027,-1.3487245,-0.8762244,0.38944945,0.87786365,-0.15228662,0.006570853,1.6715821,-0.23216526,1
-0.2378081,-1.3443253,-1.5336909,-1.0657774,0.5837276,0.9148658,-0.34886697,0.20456564,1.4572973,-0.4279702,1
-0.035985064,-1.4698613,-1.2693831,-0.8240315,0.7459379,1.0611093,-0.14168891,0.0043454957,1.577386,-0.5976908,1
-0.22440591,-1.5879257,-1.0169113,-0.88127,0.68026197,0.818857,-0.27039865,0.19431882,1.6901745,-0.7187076,1
-0.3877295,-1.6334163,-0.74631524,-0.6512897,0.713093,0.93080914,-0.09687059,0.36024246,1.7268289,-0.83931446,1
-0.18691048,-1.4271626,-0.5439318,-0.76576996,0.90910935,0.7276208,0.10267949,0.15954335,1.8929678,-1.0347803,1
0.013089523,-1.289024,-0.7439318,-0.96576995,0.70910937,0.5276208,-0.09732051,0.35954335,1.6929678,-0.8347803,1
-0.18691048,-1.089024,-0.5439318,-1.095058,0.90910935,0.3276208,0.061169073,0.3239992,1.8929678,-0.6347803,1
-0.18101746,-1.289024,-0.7439318,-0.895058,0.70910937,0.1276208,0.12631968,0.5239992,1.7496419,-0.8347803,1
0.018918384,-1.4839913,-0.54209334,-0.9362389,0.9060366,0.32651347,0.056327756,0.72155213,1.9430523,-0.63263476,1
-0.17327248,-1.3195353,-0.47165075,-1.0872386,0.8448105,0.50380754,-0.13747637,0.49906018,2.0506332,-0.61941725,1
-0.35201764,-1.4330101,-0.63340575,-1.2139409,0.98531705,0.6637314,-0.30601367,0.49021876,1.7452546,-0.39553487,1
-0.4978232,-1.4726892,-0.75158596,-1.275127,1.0126151,0.7789344,-0.45633572,0.2617265,1.4816258,-0.5370681,1
-0.67752683,-1.6240386,-0.6258555,-1.0438566,0.78897995,0.56209594,-0.46404326,0.40655467,1.6327153,-0.6612881,1
-0.47752684,-1.4240385,-0.8258555,-0.84385663,0.9025977,0.7620959,-0.66404325,0.6065547,1.4327153,-0.4612881,1
-0.2636922,-1.5430806,-0.97471684,-0.85726726,0.6675734,0.91413563,-0.4409108,0.76634806,1.5513248,-0.628323,1
-0.4636922,-1.3430805,-1.1747168,-0.6572673,0.8675734,0.71413565,-0.24091078,0.96634805,1.3513248,-0.828323,1
-0.6636922,-1.1878787,-0.97471684,-0.45726728,0.98625124,0.91413563,-0.04091078,0.76634806,1.2441212,-1.028323,1
-0.86369216,-0.98787874,-1.1747168,-0.2572673,0.78625125,1.1141356,0.15908922,0.96634805,1.4441212,-0.82832307,1
-0.95895076,-0.7102966,-1.1347818,-0.41224033,0.8891354,1.1847332,0.3237298,0.87339836,1.4822252,-0.9270644,1
-1.1354141,-0.53971225,-0.9174964,-0.59980655,0.67514,1.3566111,0.12121703,0.65972257,1.5008794,-1.1041753,1
-1.1973916,-0.6632588,-0.6433391,-0.717142,0.78468937,1.3957267,0.23871838,0.7708654,1.525084,-0.8107237,1
-0.98851347,-0.45913514,-0.8358322,-0.5758761,0.5794848,1.1850829,0.43481317,0.9622233,1.7097284,-1.0017269,1
-0.9551344,-0.4790379,-1.0358322,-0.7545472,0.37948483,0.9850829,0.23481317,1.1622233,1.5097283,-0.8017269,1
-0.7399609,-0.6510418,-1.2109996,-0.5434042,0.1758783,0.8901667,0.034113638,1.3348511,1.6753734,-0.9239025,1
-0.8990929,-0.66026175,-0.9670429,-0.7110822,-0.02307293,0.6601594,-0.1586739,1.4681183,1.7938353,-0.69292104,1
-0.65773267,-0.8093663,-1.0979975,-0.7101651,-0.20987533,0.80927,0.03888114,1.3968419,1.7322129,-0.7417373,1
-0.45773268,-1.0093663,-1.2979976,-0.7493861,-0.009875327,0.7584341,0.23302305,1.1968418,1.5322129,-0.5417373,1
-0.3163156,-1.1881846,-1.3991138,-0.63017976,-0.0853785,0.7628503,0.42543876,0.97938246,1.7018737,-0.71254754,1
-0.49702698,-1.0315763,-1.5393739,-0.41410905,-0.2747173,0.92687994,0.6020735,0.994315,1.4457663,-0.8784564,1
-0.29511544,-1.2236503,-1.3704613,-0.61015683,-0.47166222,1.1196277,0.39948592,0.7892031,1.3260934,-1.0715158,1
-0.47715542,-0.98651797,-1.4471127,-0.7807689,-0.4949509,1.271759,0.5777399,0.9533203,1.1335713,-0.83990204,1
-0.2961502,-1.1079462,-1.53804,-0.5469375,-0.64893085,1.3742985,0.35272577,0.70343506,1.2452615,-0.7350665,1
-0.47004867,-0.8601808,-1.3552157,-0.5624108,-0.7025525,1.4914776,0.14469115,0.79806864,1.3692291,-0.7971854,1
-0.33634585,-1.0601808,-1.1552156,-0.36241078,-0.9025525,1.2914776,0.34469116,0.59806865,1.5692291,-0.7368033,1
-0.13634585,-1.2601808,-0.95521563,-0.16241078,-0.7025525,1.4914776,0.5101195,0.46897656,1.3692291,-0.9368033,1
-0.33634585,-1.4601809,-1.1552156,-0.36241078,-0.5025525,1.2914776,0.7101195,0.40204656,1.169229,-1.1368033,1
-0.470742,-1.4571137,-1.1894507,-0.49361876,-0.26554543,1.3090456,0.44772357,0.43747494,1.20175,-1.1732905,1
-0.62977797,-1.5559094,-0.9290223,-0.6512576,-0.061542388,1.041313,0.23259442,0.59854263,1.3161414,-1.28942,1
-0.42977798,-1.3559093,-0.7290223,-0.85125756,-0.04954802,1.2413131,0.032594413,0.39854264,1.5161414,-1.253733,1
-0.62977797,-1.1559093,-0.52902234,-0.6512576,0.15045199,1.3499018,-0.16740559,0.19854264,1.3161414,-1.053733,1
-0.82977796,-1.2189095,-0.44216794,-0.4512576,-0.049548015,1.5499018,-0.3674056,0.37282526,1.1161413,-0.9765703,1
-1.029778,-1.4189095,-0.24216793,-0.2512576,0.15045199,1.3499018,-0.5449356,0.57282525,0.91614133,-1.1765703,1
-1.1476208,-1.5107558,-0.41262823,-0.42111063,0.03578187,1.4463582,-0.32189164,0.3479181,1.0415758,-1.2846065,1
-0.90599865,-1.6356146,-0.203289,-0.21139884,0.22542568,1.1916146,-0.49896872,0.523852,1.1870424,-1.4193984,1
-1.0205019,-1.6937166,-0.2685092,-0.37959656,0.023460198,0.9149601,-0.27585763,0.29881734,1.2798202,-1.4942145,1
-1.0884043,-1.6887555,-0.061094303,-0.51686555,0.19927461,0.78510934,-0.06764739,0.088122115,1.319656,-1.510846,1
-1.2807163,-1.647241,0.0979919,-0.3149748,-0.0007210601,0.72672236,0.13156286,-0.1112103,1.5105882,-1.303024,1
-1.3727164,-1.4173095,0.2918289,-0.16398676,-0.19656982,0.9075561,0.32470557,-0.30477393,1.614568,-1.1521199,1
-1.0563494,-1.4568262,0.44302544,-0.32786888,0.0030898151,0.96906304,0.4726398,-0.37483522,1.6345111,-1.217951,1
-1.1787008,-1.4154334,0.22800525,-0.49524394,-0.18474016,0.7215311,0.4681908,-0.16402952,1.7211292,-1.243717,1
-1.1181532,-1.4317628,0.024821118,-0.61619645,0.0135248415,0.81675535,0.23769818,-0.3226403,1.7027017,-1.2619084,1
-1.3181533,-1.3160597,-0.104410484,-0.542387,0.21352485,0.61675537,0.4376982,-0.5226403,1.5027016,-1.3413798,1
-1.342907,-1.115445,-0.30424282,-0.34219846,0.41329712,0.8163055,0.637347,-0.5495671,1.701764,-1.1407511,1
-1.4451711,-0.9797201,-0.47230145,-0.5043118,0.3854699,0.9519274,0.78430504,-0.70208555,1.4066343,-1.1544684,1
-1.518112,-1.0886085,-0.5072874,-0.64991665,0.17114578,0.69385487,0.90828556,-0.83241606,1.113444,-1.2498608,1
-1.5531696,-1.1648995,-0.3801352,-0.7683228,0.33551502,0.8080429,1.0018878,-0.5717028,0.8257514,-1.3106711,1
-1.5532875,-0.9648995,-0.57139033,-0.9683228,0.535515,0.6080429,1.0949502,-0.3717028,0.62575144,-1.3075734,1
-1.6158581,-1.0299587,-0.71092576,-1.0767452,0.67786247,0.37605894,0.82480055,-0.15824406,0.76102585,-1.3334079,1
-1.415858,-1.2299588,-0.51092577,-0.87674516,0.47786248,0.17605893,1.0248005,-0.35824406,0.6587151,-1.5334079,1
-1.4992374,-1.326755,-0.34967247,-0.9106559,0.4398897,-0.022213181,0.9002157,-0.5179541,0.4256085,-1.6083034,1
-1.4363337,-1.4045464,-0.50567406,-1.0044845,0.5886699,0.16355592,0.916902,-0.29250357,0.52497905,-1.457514,1
-1.3758806,-1.2045463,-0.70567405,-0.8625159,0.3886699,0.3635559,1.116902,-0.22276013,0.32497907,-1.257514,1
-1.5682456,-1.3977414,-0.50322413,-0.6593061,0.18775582,0.16276349,1.3105217,-0.022649853,0.124373555,-1.4504526,1
-1.7682457,-1.1977414,-0.45314682,-0.8593061,-0.01224418,0.3627635,1.1105217,0.17735015,0.32437354,-1.3708167,1
-1.9509891,-0.9889937,-0.6188172,-0.65352565,-0.21038334,0.5578295,1.2990317,-0.022451272,0.123283096,-1.1605515,1
-1.951578,-0.9347366,-0.39898115,-0.8131009,-0.009891561,0.7219371,1.4280345,0.16913965,0.26604348,-0.91505784,1
-1.9440656,-1.0252951,-0.5412115,-0.5539694,-0.18964824,0.83301944,1.3102478,-0.027883975,0.32724014,-1.0075144,1
-2.0273178,-0.78861135,-0.3260449,-0.72045594,0.009891633,0.6048822,1.4431183,-0.21775469,0.5038047,-0.9449379,1
-1.788267,-0.84923697,-0.51480305,-0.9007853,-0.18604566,0.7876814,1.4160709,-0.017375262,0.29731223,-1.1204699,1
-1.7285886,-0.9122009,-0.62144583,-0.95701677,-0.335626,0.510927,1.4050033,0.15877296,0.43236056,-1.1480094,1
-1.4710431,-0.68538934,-0.40558004,-1.1134596,-0.51546174,0.39244553,1.5445812,0.32142413,0.60855466,-1.2972622,1
-1.513799,-0.80207473,-0.18623509,-1.1898639,-0.285777,0.2154549,1.5804172,0.10999819,0.37010992,-1.3563708,1
-1.693388,-0.64777446,0.013600981,-1.373311,-0.40858182,0.41050693,1.3639766,-0.088929914,0.56332004,-1.1425986,1
-1.4956139,-0.43837455,-0.18248604,-1.5402833,-0.20420316,0.5976909,1.5311449,0.108738445,0.74729604,-0.92281115,1
-1.2956139,-0.23837455,-0.38248605,-1.7068373,-0.0042031556,0.7073119,1.3311448,-0.09126156,0.54729605,-0.9717654,1
-1.3866007,-0.035577476,-0.1691849,-1.7678506,-0.18931907,0.47838193,1.387215,-0.2700319,0.6928267,-1.0863571,1
-1.4531033,-0.21575586,-0.3381215,-1.8022747,0.00978223,0.6213025,1.223722,-0.06413937,0.45136,-1.1781224,1
-1.5040416,-0.38495743,-0.49825844,-1.4835811,0.19424194,0.72001827,1.3182553,0.12579632,0.4498358,-1.2760336,1
-1.5321882,-0.1698633,-0.6412745,-1.5461863,0.36206838,0.8449368,1.0269959,0.17791598,0.22944704,-1.3555765,1
-1.557749,-0.35966185,-0.42910343,-1.6980236,0.5465656,0.6460584,0.804186,-0.021474913,0.028634835,-1.4186356,1
-1.3484299,-0.5558205,-0.6247855,-1.4877416,0.7414414,0.8402513,0.60003906,-0.13253887,0.22706556,-1.607526,1
-1.4218173,-0.6940183,-0.39005145,-1.5497377,0.5051597,0.587899,0.73462117,-0.15826063,0.15074424,-1.6597275,1
-1.6075149,-0.48966166,-0.18837543,-1.4773924,0.30246854,0.78095067,0.9263789,-0.3551012,0.3476511,-1.466781,1
-1.6021749,-0.6113137,-0.34425464,-1.4868349,0.44538635,0.8199162,0.64385974,-0.16282158,0.48543605,-1.4774289,1
-1.6701332,-0.3811776,-0.1336854,-1.522901,0.2274074,0.78878176,0.4828324,0.03445444,0.6352156,-1.5545272,1
-1.8226345,-0.3264792,0.06463031,-1.6791418,0.026711283,0.5738275,0.66548944,0.22849962,0.42416173,-1.320124,1
-1.6226344,-0.1264792,-0.13536969,-1.4791417,-0.17328872,0.76777685,0.8654894,0.028499618,0.22416173,-1.5201241,1
-1.7430438,-0.11407786,-0.32072482,-1.6058172,-0.025938714,0.7380344,1.0189617,-0.16401131,0.25074518,-1.2624769,1
-1.7520353,-0.2870159,-0.28895548,-1.6502221,-0.2064711,0.8572103,1.113932,0.032887787,0.28141308,-0.9709304,1
-1.8584261,-0.37854233,-0.37018946,-1.3806771,-0.38697892,1.0065122,1.2509229,0.22171973,0.210148,-0.7339607,1
-1.8275279,-0.51364595,-0.15109892,-1.4033691,-0.52113616,0.7160439,1.2881696,0.37441447,0.3641408,-0.8291962,1
-1.9151479,-0.6740906,0.046190638,-1.3348763,-0.6811657,0.4874411,1.4056848,0.1647472,0.18944098,-0.5943217,1
-2.0665746,-0.85401756,-0.0880103,-1.1088144,-0.470116,0.6716544,1.1779969,0.30958176,0.069000326,-0.77608055,1
-2.0566294,-0.9136018,0.1119897,-1.0500727,-0.27011597,0.51229966,0.9779969,0.10958175,0.26900032,-0.61599445,1
-1.8566294,-1.1136018,0.3119897,-1.1634449,-0.07011597,0.31229967,0.7779969,-0.09041825,0.46900034,-0.81599444,1
-2.0566294,-1.2260889,0.11198969,-0.9634449,-0.27011597,0.112299666,0.9779969,-0.29041827,0.26900035,-0.93062395,1
-1.993617,-1.2744386,0.2788127,-1.0397241,-0.06265983,0.27908972,1.0527287,-0.16668424,0.06166285,-1.0103934,1
-1.793617,-1.0744386,0.0788127,-1.2397242,0.13734017,0.47908974,1.1443783,-0.2662197,0.26166284,-0.9153782,1
-1.7320263,-1.2008154,-0.11418642,-1.0277122,-0.05904003,0.6371626,1.2667149,-0.43928665,0.434993,-1.0453112,1
-1.7174804,-1.1035525,0.07628423,-1.0913785,-0.2302744,0.541382,1.3038405,-0.21271457,0.5644789,-1.1070231,1
-1.5174804,-0.9035525,-0.12371577,-0.89137846,-0.030274391,0.34138203,1.1038405,-0.41271457,0.76447886,-0.90702313,1
-1.7174804,-1.1035525,-0.32070035,-1.0913785,0.16972561,0.541382,0.9038405,-0.6127146,0.5644789,-1.1070231,1
-1.6220591,-1.3035525,-0.120700344,-1.2913785,-0.030274391,0.34138203,0.77416164,-0.8127146,0.3644789,-0.9453014,1
-1.7401375,-1.4359512,-0.021117385,-1.0637909,-0.20161687,0.5170409,0.54834676,-0.9671819,0.1932524,-1.0938076,1
-1.7399296,-1.302443,-0.108624116,-1.133377,-0.0014500167,0.28432462,0.67112285,-1.0467373,0.082162015,-1.1602961,1
-1.8131896,-1.2527678,-0.28846103,-1.2462645,0.18557827,0.4526826,0.7415426,-0.7914181,0.26372772,-1.0106381,1
-1.7838961,-1.3635085,-0.4584495,-0.9819809,-0.013535647,0.6125812,0.8364179,-0.9305044,0.40422848,-0.82451475,1
-1.8670561,-1.0963594,-0.24353372,-1.1137658,-0.1716411,0.765685,0.9766036,-0.68834513,0.19244193,-0.9653874,1
-1.8647621,-1.1694901,-0.40012693,-1.1673577,0.02558354,0.5103238,1.0614544,-0.8014065,0.3540353,-0.69048214,1
-1.664762,-1.3694901,-0.20012693,-0.9673577,0.03287438,0.31032383,0.8614544,-0.6014065,0.3421466,-0.8904821,1
-1.464762,-1.1694901,-0.40012693,-0.7673577,0.23287438,0.5103238,0.66145444,-0.7449797,0.28773355,-1.0904821,1
-1.664762,-0.9694901,-0.6001269,-0.5673577,0.391559,0.368227,0.8614544,-0.94497967,0.08773355,-0.8904821,1
-1.8647621,-1.1694901,-0.8001269,-0.7673577,0.591559,0.168227,0.66145444,-0.7785965,0.24830505,-0.69048214,1
-1.9916648,-1.321007,-0.9647202,-0.54727197,0.4172916,0.35519093,0.7050862,-0.94395196,0.12268466,-0.5953842,1
-2.0823169,-1.4451201,-1.1066093,-0.32994568,0.5864934,0.14744806,0.47988614,-0.7068343,-0.07345789,-0.37565747,1
-2.0023952,-1.24512,-0.9266171,-0.5299457,0.7385072,0.34744805,0.27988613,-0.5946535,0.12654212,-0.5756575,1
-1.8848174,-1.4184854,-1.1058526,-0.32386452,0.9212098,0.14473046,0.47104144,-0.6566881,-0.072104,-0.76136154,1
-1.7381167,-1.4782718,-1.1927233,-0.47848076,0.65872955,0.31486556,0.47245327,-0.78247094,-0.05075458,-0.87807626,1
-1.8536803,-1.6051558,-0.94947404,-0.64892185,0.43874443,0.4924348,0.643157,-0.5813676,-0.23983015,-0.648535,1
-1.8735452,-1.6468197,-0.6837352,-0.7744601,0.21780336,0.631699,0.7692009,-0.5864622,-0.4012512,-0.40919253,1
-1.6735451,-1.4468197,-0.4837352,-0.5744601,0.41780335,0.831699,0.9692009,-0.7864622,-0.6012512,-0.2556904,1
-1.6184481,-1.6468197,-0.28373522,-0.7744601,0.2918493,1.0316991,0.7692009,-0.5864622,-0.6842368,-0.055690393,1
-1.2966361,-1.6882205,-0.4421935,-0.8907764,0.4496108,1.1259246,0.8859689,-0.7189232,-0.80830127,-0.23373249,1
-1.3409035,-1.6917416,-0.57536995,-0.8589247,0.5820155,1.1710927,0.61459035,-0.4649266,-0.90338236,-0.38860044,1
-1.1025801,-1.8281972,-0.7493249,-1.0233549,0.507008,0.93847334,0.4006641,-0.6425914,-1.0207847,-0.28288424,1
-1.2354211,-1.5442498,-0.9003791,-0.78090394,0.6705557,1.0797755,0.56969476,-0.589496,-1.157843,-0.20078562,1
-1.1276199,-1.5774608,-0.9951584,-0.8871077,0.7873112,1.1574005,0.33434373,-0.7140026,-0.8662519,-0.3624616,1
-1.2659565,-1.6949039,-0.75822604,-0.65519387,0.941454,1.1769477,0.22285579,-0.64558667,-0.87090856,-0.15491581,1
-1.0659565,-1.5053071,-0.958226,-0.85519385,0.98927665,1.1820511,0.034554273,-0.84558666,-0.6709086,-0.20836261,1
-0.8659565,-1.342108,-1.158226,-1.0551939,0.78927666,0.9820511,0.23455428,-0.64558667,-0.87090856,-0.008362606,1
-1.0242759,-1.4818091,-1.3051172,-0.82175446,0.95059437,1.0410974,0.4175625,-0.7894466,-0.742499,-0.2002153,1
-1.0969346,-1.506878,-1.3485645,-0.91547805,1.0309168,1.1120063,0.19493303,-0.5281361,-0.48607168,-0.12956667,1
-0.7992406,-1.5117844,-1.3798951,-0.99398035,1.0968455,1.1691028,0.351917,-0.6488276,-0.25491276,0.06276175,1
-0.9119964,-1.5623279,-1.1104603,-1.0559245,1.1836174,1.2495658,0.13865305,-0.40964028,-0.41519415,0.2398199,1
-0.79707974,-1.5164475,-1.1543549,-1.2559246,1.0165492,1.0495658,0.33865306,-0.20964028,-0.61519414,0.039819896,1
-0.9103087,-1.6956686,-1.3379594,-1.0431417,0.8066642,1.2344388,0.13697454,-0.009523573,-0.41016787,0.23691668,1
-0.97214824,-1.6597823,-1.3465844,-1.0884522,0.6554102,1.2559453,0.29504335,0.16677462,-0.18401577,0.38254923,1
-1.0592029,-1.6700372,-1.0361024,-1.1643002,0.772985,1.315654,0.4473422,-0.030023871,0.0144440355,0.36094895,1
-1.259203,-1.5488342,-0.8361024,-1.0717661,0.572985,1.115654,0.6473422,-0.23002388,0.21444404,0.1976747,1
-1.0592029,-1.7064538,-0.63610244,-1.2717662,0.372985,1.315654,0.44734222,-0.030023873,0.41444403,-0.0023252964,1
-0.8592029,-1.5064538,-0.50880885,-1.3154905,0.572985,1.115654,0.6473422,0.0027800016,0.614444,-0.2023253,1
-0.9905291,-1.7064538,-0.30880886,-1.5154905,0.772985,0.915654,0.8473422,0.20278001,0.41444403,-0.4023253,1
-1.0369747,-1.6605594,-0.09477469,-1.4942267,0.84748936,0.97175694,0.912256,0.35082945,0.48143265,-0.2755204,1
-1.0204835,-1.8605595,-0.2947747,-1.2942266,0.64748937,0.77175695,1.112256,0.15713042,0.28143263,-0.47552043,1
-1.1646458,-1.6002661,-0.090438716,-1.425865,0.42701653,0.92729855,1.2492805,-0.040908277,0.45940682,-0.47520763,1
-1.290805,-1.7028539,-0.03548168,-1.1595336,0.21473269,0.8018297,1.3708601,-0.22787276,0.24537034,-0.63867223,1
-1.3844134,-1.6664113,0.15277743,-1.2625102,0.38285157,0.9303339,1.0873014,-0.39733753,0.41358638,-0.4073663,1
-1.376314,-1.6212739,-0.019216083,-1.2704219,0.44448236,0.90723336,1.1182252,-0.1714189,0.53299695,-0.52759385,1
-1.4705895,-1.8212739,-0.21921608,-1.0704218,0.24448235,0.70723337,0.9182252,-0.33745062,0.33299696,-0.71445537,1
-1.3630928,-1.6212739,-0.14393778,-1.1158829,0.44448236,0.90723336,0.71822524,-0.5374506,0.13299696,-0.7174613,1
-1.4468031,-1.6799048,-0.25397006,-1.2179849,0.59653467,0.6546172,0.8499118,-0.66673684,0.30822292,-0.7003037,1
-1.246803,-1.4799048,-0.45397007,-1.0179849,0.39653468,0.8546172,0.6499118,-0.46673685,0.50822294,-0.6741587,1
-1.4468031,-1.2799047,-0.65397006,-0.8179849,0.59653467,0.6546172,0.44991183,-0.26673687,0.30822295,-0.4741587,1
-1.6468031,-1.0799047,-0.6523709,-1.0179849,0.39653468,0.73242974,0.6499118,-0.06673686,0.50822294,-0.6741587,1
-1.8468032,-1.2799047,-0.48125216,-0.8179849,0.59653467,0.93242973,0.44991183,0.13326314,0.62318563,-0.8741587,1
-1.5855781,-1.4248847,-0.6559245,-0.98013806,0.38179225,1.0903281,0.6257493,0.32087305,0.40745237,-1.0342234,1
-1.5661283,-1.4251842,-0.7507302,-0.6842581,0.5102892,1.1317451,0.7242636,0.10601759,0.53279567,-1.059894,1
-1.3661282,-1.2727292,-0.5507302,-0.51833165,0.5717834,1.3317451,0.5242636,0.30601758,0.33279568,-1.259894,1
-1.1661282,-1.0727291,-0.47043625,-0.71833163,0.7717834,1.5317452,0.32426363,0.106017575,0.45741194,-1.059894,1
-1.3661282,-1.2727292,-0.27043623,-0.51833165,0.5717834,1.6178812,0.16598965,0.30601758,0.25741196,-1.259894,1
-1.4411528,-1.3552068,-0.2501876,-0.6610095,0.7101959,1.6728162,0.33678403,0.46563786,0.052830536,-0.9753155,1
-1.15026,-1.4413152,-0.41721925,-0.4272486,0.7928964,1.7356651,0.126767,0.6168915,-0.13639188,-1.0892441,1
-0.92836595,-1.6034992,-0.6029985,-0.22201277,0.97002,1.5002832,0.31923828,0.40728632,-0.32864138,-1.25954,1
-1.128366,-1.4034991,-0.4029985,-0.42201278,0.77002,1.5734563,0.11923827,0.20728631,-0.12864138,-1.45954,1
-1.1838918,-1.1978168,-0.6001515,-0.619076,0.5673287,1.7650831,-0.08038042,0.20923924,-0.13802263,-1.3833029,1
-1.0511549,-0.9810825,-0.39344057,-0.80533934,0.57638997,1.9321268,0.00069392734,0.4023759,-0.33235368,-1.3384612,1
-1.0801195,-0.8397043,-0.51231605,-0.8679074,0.67025584,1.8406607,-0.17206052,0.5200299,-0.45957986,-1.3281504,1
-1.0460169,-0.99210477,-0.57961035,-0.6679074,0.47025585,1.6406606,0.027939484,0.39731157,-0.25957984,-1.5281504,1
-0.99135435,-0.7311438,-0.71961087,-0.80111253,0.61867243,1.699002,-0.1588186,0.55134195,-0.4242102,-1.5951506,1
-0.7867426,-0.9257174,-0.5165828,-0.9952785,0.4162326,1.8879354,-0.35672754,0.6544709,-0.22290358,-1.3870201,1
-0.8909674,-1.016453,-0.6470298,-1.0792624,0.19524461,1.8852763,-0.50269043,0.77153426,-0.02068051,-1.0718055,1
-1.079566,-0.8079205,-0.5406254,-1.1665561,0.391114,1.759903,-0.2995271,0.7902654,-0.21837424,-1.2314713,1
-1.0840394,-0.8539032,-0.6274526,-1.1577368,0.5007876,1.6604161,-0.42319587,0.83894587,-0.015566523,-1.2127326,1
-1.1917518,-0.6069053,-0.39673036,-1.2601523,0.65041995,1.6351188,-0.20715414,0.7531135,-0.20007314,-1.3111954,1
-1.3563616,-0.78638685,-0.5815564,-1.4230229,0.828795,1.3986259,-0.0069722175,0.5390487,-7.1275186e-05,-1.1157955,1
-1.1563616,-0.5987293,-0.3815564,-1.6230229,1.028795,1.1986258,0.104757965,0.33904868,-0.031467933,-0.9634401,1
-1.3563616,-0.39872932,-0.18155639,-1.4230229,0.828795,1.3986259,0.30475795,0.5390487,-0.23146793,-0.76344013,1
-1.1563616,-0.19872932,-0.3815564,-1.2230228,0.69528216,1.1986258,0.27449542,0.33904868,-0.035394534,-0.9634401,1
-0.9563616,-0.11750601,-0.5815564,-1.318191,0.49528217,1.3986259,0.07449542,0.13904868,0.16460547,-1.1634401,1
-0.946823,0.08249399,-0.3815564,-1.5181911,0.69528216,1.2016839,0.20391311,0.33904868,-0.035394534,-1.3634402,1
-0.746823,0.08541341,-0.18155639,-1.7181911,0.49528217,1.4016839,0.0039131045,0.5390487,0.16460547,-1.5634402,1
-0.90587753,-0.10963128,-0.36505592,-1.5774915,0.28251266,1.4422375,0.19509485,0.7070884,-0.033863895,-1.68718,1
-0.70587754,-0.3096313,-0.16505592,-1.7774916,0.48251265,1.2422374,0.39509487,0.5070884,0.119690485,-1.48718,1
-0.57830435,-0.5096313,-0.36505592,-1.9774916,0.28251266,1.0422374,0.19509487,0.30708843,0.3196905,-1.5341688,1
-0.36285448,-0.296986,-0.54197913,-2.0885634,0.23387991,1.1915047,0.37895927,0.10271496,0.11480236,-1.5756187,1
-0.5249361,-0.090452254,-0.6919935,-1.9002674,0.40465027,1.2250994,0.3496915,0.10471693,0.29359475,-1.6559988,1
-0.62957215,-0.25224382,-0.7746535,-1.8239813,0.5251097,1.2376305,0.12999988,-0.08274877,0.42866334,-1.6118459,1
-0.47935867,-0.23892519,-0.8666721,-1.7997453,0.28909096,1.2783561,0.29343933,0.104261026,0.559014,-1.6111124,1
-0.25617817,-0.40250424,-0.8479867,-1.8338112,0.44850737,0.9888766,0.4524949,0.25261253,0.6960328,-1.6608305,1
-0.3903031,-0.52763414,-0.9177588,-1.7810799,0.5679207,0.690847,0.57141274,0.3963687,0.78468746,-1.6295947,1
-0.515501,-0.5567618,-0.9761185,-1.7300411,0.32129845,0.74237245,0.67366076,0.4061199,0.80778235,-1.5977519,1
-0.69606966,-0.7362099,-0.75504094,-1.8776258,0.39746007,0.9167798,0.46079725,0.20052217,0.88197523,-1.3597921,1
-0.45462155,-0.85798675,-0.8752444,-1.9040339,0.36150992,0.94279295,0.60558563,0.36705732,0.905403,-1.1510923,1
-0.559294,-0.9039202,-0.91866475,-1.7976395,0.4797415,0.9763767,0.6882743,0.48448107,0.7551497,-1.154343,1
-0.32742298,-0.64147925,-1.0194341,-1.8204397,0.57872826,1.0720267,0.44496217,0.40618858,0.87042356,-1.2342066,1
-0.52742296,-0.44147927,-0.8194341,-1.6204396,0.77872825,1.2720268,0.24496217,0.20618857,0.67042357,-1.4342066,1
-0.7090511,-0.62527794,-0.60378957,-1.7744623,0.5641118,1.0449514,0.43372414,0.006032272,0.84844,-1.5082599,1
-0.698279,-0.37135762,-0.61079013,-1.7241234,0.66723126,1.087106,0.55337524,0.17990977,0.91550994,-1.4916723,1
-0.84695643,-0.16156721,-0.7586466,-1.8141899,0.80249107,1.2135681,0.3331854,0.35820386,0.67462975,-1.2564007,1
-0.68092674,-0.34471107,-0.9139548,-1.9202892,0.57440317,1.347668,0.12697634,0.15082845,0.8338548,-1.0071516,1
-0.58991957,-0.13699377,-1.0545487,-2.0072162,0.733105,1.086464,0.29461992,-0.046549283,0.61602396,-1.1427754,1
-0.39969027,-0.120392144,-1.2545488,-1.8072162,0.933105,0.96198046,0.094619915,0.11496671,0.41602397,-1.3427755,1
-0.55423826,0.07357418,-0.9746219,-1.8550843,1.0472242,1.0540154,-0.097393066,-0.078588404,0.19965097,-1.4258447,1
-0.69305855,-0.11617086,-1.0793431,-1.5208329,1.1460562,1.1522965,0.09428402,0.111563355,0.36573368,-1.493965,1
-0.89305854,-0.2886645,-0.8793431,-1.3208328,1.0670441,1.1603163,-0.10571598,-0.08843665,0.16573368,-1.6939651,1
-0.699267,-0.47646117,-1.0523888,-1.0928425,1.2354025,0.9363345,-0.29808137,-0.28123358,-0.033410594,-1.8466674,1
-0.7860274,-0.42508873,-0.8691245,-1.1300421,1.2546504,0.99324226,-0.4353608,-0.42063454,-0.2040185,-1.788942,1
-0.98602736,-0.62508875,-1.0168147,-0.9300421,1.4546504,0.7932423,-0.6353608,-0.22063453,-0.0040185004,-1.5889419,1
-1.0768341,-0.43588477,-0.7416135,-1.0260031,1.4103549,0.901798,-0.7584521,-0.018734785,0.1779382,-1.6242405,1
-1.0995405,-0.23588477,-0.9416135,-0.8668543,1.6103549,0.701798,-0.5584521,0.18126522,-0.02206181,-1.4242405,1
-1.2457626,-0.4178469,-1.094371,-0.7085443,1.3519912,0.8644796,-0.7270657,-0.017959496,-0.2128724,-1.5570258,1
-1.3260759,-0.19981255,-0.8203309,-0.46644476,1.4235104,0.9763572,-0.850319,0.09645704,-0.043807454,-1.6115714,1
-1.3107929,0.00018745661,-0.6203309,-0.6664448,1.2235104,0.77635723,-0.69880605,0.29645705,0.15619254,-1.4115714,1
-1.510793,-0.079890415,-0.42033094,-0.86644477,1.2925049,0.57635725,-0.6176519,0.49645704,0.35619253,-1.6115714,1
-1.5734307,-0.25741756,-0.57052356,-0.6129348,1.3726693,0.34613892,-0.7520013,0.62509483,0.14365157,-1.6661174,1
-1.6233867,-0.32830882,-0.70533216,-0.74415517,1.0734538,0.35411283,-0.87145567,0.389129,0.31457642,-1.7082317,1
-1.4233867,-0.5283088,-0.90533215,-0.5441552,1.2734538,0.15411283,-0.6714557,0.18912901,0.51457644,-1.7646754,1
-1.5302584,-0.32830882,-0.7215008,-0.3441552,1.0734538,-0.045887172,-0.87145567,-0.010870993,0.6251683,-1.8181496,1
-1.4630522,-0.4908656,-0.6469083,-0.5055889,1.1831994,0.14319028,-0.6238671,0.17572473,0.76668555,-1.8751158,1
-1.1852942,-0.6483335,-0.52402467,-0.6621504,1.2980449,-0.05331232,-0.39777237,-0.022780802,0.907173,-1.9473643,1
-0.9393865,-0.8088072,-0.6902903,-0.8219803,1.1288732,0.13985309,-0.5699204,0.16896205,0.687366,-2.0473125,1
-0.70428,-0.5799007,-0.84801877,-0.9734561,1.0161091,0.32371667,-0.73336416,0.35144353,0.7622118,-2.0301182,1
-0.4841421,-0.36472973,-1.0061672,-1.1265953,0.7835186,0.50280255,-0.5731562,0.52942216,0.5397604,-2.1410606,1
-0.35769695,-0.5368718,-0.76639915,-0.88088655,0.93500185,0.3351892,-0.55251646,0.69343996,0.7032682,-2.2255766,1
-0.24209665,-0.66415215,-0.8079454,-0.613692,1.022992,0.48237303,-0.3177277,0.8052691,0.8141274,-2.186204,1
-0.43254066,-0.45411944,-0.98615855,-0.7961039,1.0428401,0.27626947,-0.3292765,0.9835401,0.9922069,-1.9432719,1
-0.63254064,-0.465187,-0.78615856,-0.5961039,1.1608406,0.1325094,-0.5292765,0.7835401,1.1922069,-1.7432718,1
-0.43254066,-0.26518703,-0.5861586,-0.7961039,0.96084064,-0.06749061,-0.3292765,0.9835401,1.3922069,-1.9432719,1
-0.22399662,-0.1795261,-0.37197033,-0.95950496,0.8206866,0.12764072,-0.14101176,1.1400543,1.4641689,-1.9249334,1
-0.3868451,-0.021891551,-0.5218531,-1.0579066,0.9312519,-0.066019,0.053819567,1.2226359,1.1533996,-1.9387422,1
-0.5868451,-0.21495597,-0.5599419,-1.2579067,0.7312519,0.133981,0.18651973,1.4226359,0.9533996,-1.7387421,1
-0.3674904,-0.3941948,-0.34193322,-1.3849645,0.8846593,0.3172712,0.17399265,1.1748269,0.9943467,-1.8417426,1
-0.47685772,-0.5844395,-0.13960299,-1.1655099,1.0668517,0.5087788,0.36785254,0.9588224,1.1747382,-1.7948372,1
-0.5900776,-0.68386626,-0.2960624,-1.1904376,0.7557124,0.61790603,0.49504802,1.0102495,1.1984826,-1.7390786,1
-0.3785795,-0.46960363,-0.18829434,-1.3494525,0.539332,0.7937971,0.67185575,0.96260077,0.96905094,-1.8819216,1
-0.43256643,-0.25077537,0.010888182,-1.4412439,0.68769944,0.5523282,0.677449,0.70934325,1.0874082,-1.936527,1
-0.22085002,-0.048217364,0.20026389,-1.55856,0.46312973,0.7144268,0.83324414,0.48368317,0.8427016,-2.0288913,1
-0.06710492,0.15178263,0.00026388466,-1.4471227,0.2631297,0.9144268,0.63324416,0.68368316,0.65506876,-1.8288913,1
0.13289508,-0.04821737,-0.10698933,-1.6471227,0.22804284,0.7144268,0.43324417,0.88368315,0.45506877,-2.0288913,1
-0.06710492,-0.24821737,-0.30698934,-1.4744102,0.42804283,0.80655426,0.23324417,0.78990215,0.65506876,-1.8288913,1
-0.26710492,-0.4482174,-0.10698934,-1.6744102,0.6280428,0.60655427,0.43324417,0.58990216,0.69111353,-2.0288913,1
-0.3756062,-0.60539585,-0.2867095,-1.7443916,0.77334195,0.75327295,0.21783596,0.7377209,0.8322462,-1.708074,1
-0.1756062,-0.80539584,-0.48670948,-1.5443915,0.68320906,0.55327296,0.01783596,0.9377209,0.685774,-1.5080739,1
-0.3756062,-0.60539585,-0.68670946,-1.7443916,0.7294085,0.5231958,-0.18216404,1.137721,0.885774,-1.3080739,1
-0.5756062,-0.40539587,-0.48670948,-1.9443916,0.5294085,0.32319582,0.01783596,0.93772095,0.685774,-1.1080738,1
-0.6064416,-0.60539585,-0.61795,-1.7443916,0.32940853,0.18674834,0.21783596,0.73772097,0.48577404,-1.3080739,1
-0.8064416,-0.40539587,-0.41795003,-1.9443916,0.3289868,0.38674834,0.01783596,0.537721,0.685774,-1.1080738,1
-0.6064416,-0.60539585,-0.61795,-2.1005886,0.5289868,0.18674834,-0.18216404,0.73772097,0.5779833,-1.3080739,1
-0.7786392,-0.77762944,-0.40354103,-2.2212749,0.7038547,0.37341502,-0.28077602,0.5191828,0.751162,-1.0698725,1
-0.8726135,-0.78181887,-0.48662353,-2.1589541,0.44926712,0.5112913,-0.4286888,0.28460258,0.8481132,-1.1322947,1
-0.6754684,-0.5818189,-0.6866235,-1.9589541,0.64926714,0.7112913,-0.6286888,0.42858475,1.0481132,-0.93229467,1
-0.4754684,-0.78181887,-0.50741464,-1.758954,0.44926715,0.5480913,-0.42868882,0.62858474,0.84811324,-1.1322947,1
-0.6754684,-0.8290361,-0.7074146,-1.9589541,0.3825617,0.7480913,-0.24030448,0.5326976,1.0481132,-0.93229467,1
-0.81317747,-0.9558187,-0.47131133,-2.0053413,0.5411116,0.50909376,-0.037436757,0.42203167,1.1593082,-1.0517302,1
-0.73646414,-0.7558187,-0.34985477,-1.8053412,0.3411116,0.70909375,-0.23743676,0.22203167,0.9593082,-1.2517302,1
-0.93056244,-0.5523159,-0.5463895,-1.9927034,0.5377014,0.90336454,-0.037200823,0.02189282,1.0854093,-1.128905,1
-0.98272544,-0.58654356,-0.6487885,-1.9059765,0.2935422,0.9590841,0.14151089,0.16663256,1.1173239,-1.1551319,1
-1.1735975,-0.78047323,-0.8422378,-1.7063704,0.22957604,0.7532257,-0.05803771,0.363803,0.9102442,-1.3446734,1
-0.92201924,-0.54972154,-0.9870232,-1.8053766,0.09005698,0.90272665,-0.24436766,0.4362164,1.0514269,-1.1981497,1
-1.060176,-0.67751247,-1.121597,-1.5168917,0.27406967,1.0419468,-0.41987506,0.48302174,1.182451,-0.94313383,1
-1.2372833,-0.47469777,-0.9161647,-1.5118988,0.47127524,1.234626,-0.218579,0.28135347,0.9766599,-1.1363956,1
-1.0120947,-0.65831393,-0.77922875,-1.6703285,0.6549746,1.3997889,-0.018127834,0.46966466,0.8372638,-0.91365695,1
-0.7365087,-0.778426,-0.52531683,-1.696247,0.7753975,1.4508879,0.16494435,0.2445655,0.94072014,-1.010003,1
-0.9365087,-0.578426,-0.7253168,-1.4962469,0.5753975,1.2508879,-0.035055652,0.0445655,0.74072015,-0.810003,1
-1.0398114,-0.601926,-0.52531683,-1.696247,0.3753975,1.4508879,0.16494435,0.2445655,0.94072014,-1.010003,1
-1.1319227,-0.7321422,-0.6621996,-1.3660432,0.16013438,1.5072273,0.3331868,0.40587932,1.0414544,-1.1047083,1
-1.2172341,-0.8518777,-0.42240074,-1.4311951,0.32912406,1.1946651,0.121718414,0.5537085,1.1345558,-1.1923631,1
-1.2358003,-0.91721666,-0.5427212,-1.4223701,0.112593636,1.2161205,0.28053212,0.30842686,1.0836531,-1.2141132,1
-1.1648375,-0.9653218,-0.2961254,-1.4017954,0.27009395,1.2235872,0.4151998,0.439302,1.1091298,-1.2218528,1
-1.3051891,-0.7318744,-0.09192438,-1.5317911,0.44954914,1.3613712,0.3143495,0.61136216,0.9607781,-0.977194,1
-1.1051891,-0.9318744,-0.2919244,-1.4408187,0.4588017,1.1613711,0.1143495,0.41136217,0.7607781,-0.777194,1
-1.3051891,-0.7318744,-0.4919244,-1.2408186,0.6588017,0.9613711,-0.0856505,0.61136216,0.9607781,-0.977194,1
-1.1051891,-0.9318744,-0.6919244,-1.0408186,0.85880166,0.85399365,0.1143495,0.41136217,1.1607782,-0.87687415,1
-0.9051891,-1.021371,-0.4919244,-0.8408186,1.0588017,1.0539937,-0.0856505,0.61136216,1.1052209,-0.67687416,1
-1.1051891,-0.821371,-0.6919244,-1.0408186,0.85880166,0.8539937,0.1143495,0.41136217,1.305221,-0.8545257,1
-1.2229117,-0.7951725,-0.8356986,-1.1241343,0.9920562,0.98755133,-0.08025121,0.19803818,1.4103339,-0.9570695,1
-1.267164,-0.710517,-0.92233413,-1.1791985,0.70536005,1.0575655,-0.24957573,-0.0017470914,1.3813826,-1.0304201,1
-1.3174851,-0.8176268,-0.6486422,-1.2384938,0.812996,1.1292697,-0.31538442,-0.18116501,1.4200512,-0.7457013,1
-1.5174851,-1.0176268,-0.4486422,-1.2300768,1.012996,0.9856467,-0.115384415,0.018834993,1.2515377,-0.5457013,1
-1.5452429,-1.095514,-0.22370648,-1.286658,1.0913477,1.0667412,0.076129705,-0.16299643,0.9460816,-0.6709168,1
-1.5130857,-1.1231811,-0.26327163,-1.2888985,1.119569,1.0982357,0.0767115,-0.3147096,0.9936265,-0.40827408,1
-1.3130857,-1.0010052,-0.46059567,-1.0888984,1.319569,0.89823574,0.2767115,-0.1147096,1.1936265,-0.6082741,1
-1.1130856,-0.90910554,-0.26059568,-1.2888985,1.2583042,1.0982357,0.07671149,-0.06789364,0.99362653,-0.51200026,1
-1.3130857,-0.70910555,-0.19996342,-1.0888984,1.0866572,1.1031269,-0.12328851,0.13210636,1.1936265,-0.31200027,1
-1.4079616,-0.50910556,-0.060649052,-1.0358883,1.141843,1.3031269,-0.3232885,-0.06789364,1.3936266,-0.22425091,1
-1.1535215,-0.6771478,0.13307072,-1.1801897,1.2813693,1.2526222,-0.20944059,-0.2558203,1.5218055,-0.4051309,1
-1.26397,-0.5482588,-0.06250111,-0.9153385,1.3833591,1.356514,-0.008815979,-0.42566237,1.4162027,-0.5650943,1
-1.0322534,-0.3378773,-0.08935821,-0.9088122,1.5361596,1.5101148,0.18548489,-0.60701156,1.179948,-0.74228704,1
-1.1984295,-0.5231132,0.107604794,-1.0783765,1.2994835,1.2741536,-0.014116693,-0.7422629,1.34207,-0.6717249,1
-1.2534695,-0.6481558,0.27571872,-0.7873247,1.3440483,1.321344,-0.055529125,-0.48605236,1.3822203,-0.7813626,1
-0.9770581,-0.7681855,0.4308645,-0.60226023,1.3984642,1.3779007,-0.23143598,-0.3941996,1.433037,-0.88883257,1
-1.0958945,-0.5290065,0.5873635,-0.7469407,1.2040831,1.4690971,-0.029268324,-0.5332078,1.5204316,-0.64133435,1
-0.8344072,-0.30642605,0.36077785,-0.50940293,1.3077178,1.5545433,-0.21353313,-0.68288606,1.6023546,-0.7835917,1
-0.8640847,-0.46808782,0.1486064,-0.50805336,1.3935783,1.6217183,-0.09723062,-0.8160485,1.2961915,-0.90913033,1
-1.0093137,-0.6336997,0.3306628,-0.67160815,1.511553,1.348539,0.09747959,-0.89253896,1.0397677,-1.0142585,1
-0.99791884,-0.6947867,0.5016479,-0.4458222,1.6179711,1.4638702,0.28121442,-0.9741463,0.7938521,-0.8074839,1
-1.1030828,-0.45561576,0.6461002,-0.3455422,1.674047,1.4621915,0.074784875,-0.82698876,0.9151714,-0.7558426,1
-0.8212208,-0.596186,0.7694036,-0.4960903,1.7041699,1.2485503,-0.11386473,-0.93389505,1.0140842,-0.86919814,1
-0.8549747,-0.7208818,0.8777163,-0.35176376,1.3619038,1.3115448,-0.28417906,-1.02665,1.0992548,-0.9680722,1
-1.0077167,-0.49754873,1.0294396,-0.5270473,1.1098558,1.1877023,-0.46249008,-0.97747445,1.2410543,-1.0234455,1
-1.1858627,-0.68492633,0.81443053,-0.7138911,1.2861534,1.3625914,-0.39920288,-0.7634058,1.022216,-0.80854493,1
-1.3383093,-0.46828696,0.5933475,-0.88253254,1.048884,1.508974,-0.1923676,-0.9303483,0.7940031,-0.9739385,1
-1.4295554,-0.62104106,0.365539,-1.0060008,1.1605917,1.2164334,0.0070928163,-1.050436,0.55200887,-1.0909445,1
-1.4468712,-0.3738395,0.14698096,-1.0708,1.2080601,1.2576417,0.1774779,-1.0557055,0.31254628,-1.1462209,1
-1.5309658,-0.16160482,0.32256073,-0.8095138,0.9371137,1.3550541,-0.02093702,-1.1673301,0.47647375,-1.2514751,1
-1.2697142,-0.34496364,0.4830386,-0.9630557,1.0847833,1.4834901,0.17082244,-1.1307946,0.6453422,-1.0030859,1
-1.0697142,-0.18441546,0.28303862,-1.1630557,1.2847834,1.2834901,0.009614497,-1.3307947,0.44534218,-0.80308586,1
-0.8697142,-0.38441545,0.08303861,-1.062422,1.4847834,1.4834901,-0.1903855,-1.1307946,0.39017788,-0.92462605,1
-0.6270476,-0.5471831,-0.10950994,-1.1819949,1.2029315,1.5762372,0.00900197,-1.2460115,0.55257845,-1.0529776,1
-0.37505895,-0.6562212,-0.27183026,-1.2040205,1.232139,1.5599986,0.18355812,-1.2699745,0.30965564,-1.1004404,1
-0.17383242,-0.5758072,-0.46852443,-0.99698585,1.4221048,1.6106223,-0.00018417524,-1.0624777,0.108887345,-1.291329,1
-0.12565614,-0.3719735,-0.60341007,-0.7193593,1.4641116,1.6342673,-0.1806862,-1.1395122,-0.08223827,-1.3460734,1
-0.28868756,-0.5272796,-0.41490775,-0.4833528,1.548741,1.7071,-0.27042115,-0.8743771,0.10959747,-1.4388863,1
-0.12398857,-0.4884029,-0.44810832,-0.3693572,1.3487409,1.9071001,-0.47042114,-0.6743771,-0.090402536,-1.3333511,1
-0.31521556,-0.6697622,-0.6305587,-0.16477132,1.399617,2.0500436,-0.65226734,-0.46153185,0.10662977,-1.1026621,1
-0.4886365,-0.5700751,-0.40834695,-0.34595338,1.1821362,2.1339676,-0.4404386,-0.6274046,0.29081127,-1.23546,1
-0.6886365,-0.3700751,-0.20834695,-0.5459534,0.9821362,2.0040865,-0.4382058,-0.42740458,0.4908113,-1.03546,1
-0.8657181,-0.25119957,-0.395601,-0.7267149,1.1516484,2.147242,-0.23206237,-0.429175,0.6729949,-0.93536514,1
-0.95464146,-0.045863185,-0.17521407,-0.6685537,1.21077,2.1025958,-0.18437697,-0.20528874,0.78200513,-1.0170293,1
-0.73322123,-0.23888443,-0.36456373,-0.8439001,0.98207957,2.0032175,-0.34523335,-0.39378476,0.9541312,-1.1824844,1
-0.53322124,-0.03888443,-0.48390564,-0.66712284,1.1820796,2.2032175,-0.34418058,-0.19378476,0.7541312,-0.9824844,1
-0.72398067,0.15908508,-0.28032765,-0.85619473,0.9697027,2.3729305,-0.14236352,-0.38882202,0.5471477,-0.772623,1
-0.8941258,0.34748265,-0.07773217,-1.022068,1.1319084,2.1027207,0.055774186,-0.5697965,0.33593097,-0.9411965,1
-1.052632,0.52671975,0.0007565704,-0.7908917,1.2158597,2.1943045,0.20872113,-0.35577226,0.13077588,-0.71308714,1
-1.17203,0.6799581,-0.18642287,-0.9271316,0.9504929,2.24024,0.008159957,-0.1457489,0.30949172,-0.48007196,1
-0.9226397,0.82580394,0.012887259,-1.0698603,1.0920347,2.0907204,0.009902534,-0.32818088,0.48360372,-0.6455165,1
-0.930058,0.99408704,-0.1813274,-1.2305975,1.2520863,1.8322611,-0.18421982,-0.124217644,0.6624673,-0.43174157,1
-1.1144873,0.866576,0.018415315,-1.047534,1.1371623,2.004259,0.0155627495,0.051614635,0.4560951,-0.623037,1
-1.1956363,0.9701402,-0.16516648,-0.77090317,1.2162611,2.0049584,-0.16776113,-0.13496892,0.36788458,-0.5717179,1
-1.2070837,1.0120525,-0.31583193,-0.83973265,1.2249221,1.9070652,-0.00913167,0.056245282,0.49116248,-0.5761753,1
-1.3845097,0.79902464,-0.22463967,-1.0230521,1.4020618,1.6796783,-0.20577653,0.07165671,0.2864913,-0.6564603,1
-1.3191718,0.8720529,-0.42379817,-0.8214211,1.5752449,1.4767461,-0.005765077,-0.12808895,0.48552725,-0.85476303,1
-1.2585222,0.6410948,-0.5950629,-0.9743693,1.6934682,1.2179327,-0.19628651,-0.31297553,0.6539484,-0.88673544,1
-1.3740199,0.4313449,-0.4530117,-0.7572527,1.698848,1.3865908,0.003631406,-0.11047832,0.4439144,-1.0627143,1
-1.4455721,0.40716797,-0.37187827,-0.87913615,1.7438927,1.2168454,0.18701409,-0.28514177,0.22400978,-1.070059,1
-1.6455722,0.20716797,-0.17187826,-0.67913616,1.5438926,1.4168454,-0.012985915,-0.08514176,0.02400978,-0.87005895,1
-1.8104005,0.0070313625,-0.36479124,-0.8623821,1.3845723,1.2981117,0.18345009,-0.2797077,-0.17263632,-1.0496664,1
-1.5554519,0.19996725,-0.15916839,-1.0261325,1.5305051,1.4469945,0.37036636,-0.4633396,0.02643001,-0.8206749,1
-1.6725093,-3.120523e-05,-0.3421982,-0.97486347,1.2676405,1.5691764,0.16231678,-0.63199776,0.21573152,-0.77053154,1
-1.6871449,-0.19779284,-0.53613096,-0.76619273,1.4512175,1.4905914,0.35826245,-0.4271637,0.015555477,-0.7752252,1
-1.7039539,0.001992904,-0.6192572,-0.87240136,1.4909286,1.1653095,0.49736035,-0.566283,-0.16653992,-0.88055706,1
-1.787702,-0.18591714,-0.76923484,-1.0069226,1.2121068,1.2819463,0.57730514,-0.34391844,-0.34415966,-0.6937896,1
-1.5417745,-0.3747537,-0.9411978,-1.1720101,0.9828296,1.4390781,0.36639085,-0.52818453,-0.13998955,-0.86793494,1
-1.3417745,-0.17475371,-0.7411978,-1.3720101,0.7828296,1.6390781,0.29195973,-0.7281845,0.060010448,-0.84854466,1
-1.5384859,-0.322265,-0.6188707,-1.1695101,0.7093711,1.4360086,0.49091038,-0.9262047,-0.13969095,-1.046308,1
-1.3619957,-0.44223186,-0.4188707,-0.96951014,0.5093711,1.6360086,0.29091036,-0.7262047,0.060309052,-0.84630805,1
-1.1484432,-0.6347415,-0.61165273,-1.1558701,0.70109767,1.8145951,0.13892667,-0.9154023,0.16279899,-0.9486671,1
-0.94844323,-0.8347415,-0.41165274,-0.9982914,0.5010977,1.7761353,0.33892667,-0.7154023,-0.037201017,-0.8573365,1
-0.74844325,-1.0347415,-0.21165274,-1.1982914,0.70109767,1.9761354,0.13892667,-0.5154023,0.16279899,-0.65733653,1
-0.900906,-1.1728547,-0.18956484,-0.9482558,0.8559335,2.0670645,0.32193923,-0.3227924,-0.035336453,-0.8143657,1
-0.8646475,-1.3635846,-0.38693437,-1.1405023,1.0488034,1.8544574,0.12111585,-0.12196327,-0.040581785,-0.6102173,1
-0.7898905,-1.4666504,-0.17534539,-1.257398,0.796182,1.9270915,-0.073993735,0.073198855,-0.20291097,-0.46219102,1
-0.9898905,-1.3867168,-0.26799652,-1.057398,0.8105634,1.7270914,-0.27399373,-0.12680115,-0.40291098,-0.48856118,1
-1.1449208,-1.52675,-0.065426715,-1.209877,0.97237104,1.4693779,-0.07119728,0.07043245,-0.5801251,-0.66253835,1
-0.94492084,-1.3267499,0.031629078,-1.009877,1.172371,1.2693778,0.12880272,0.028951734,-0.5805987,-0.46253836,1
-1.1105239,-1.4808818,0.22467025,-1.0529019,1.3311409,1.4252334,-0.018897556,0.22207333,-0.3857056,-0.6426337,1
-0.91052395,-1.2808818,0.42467025,-1.2529019,1.5311409,1.2252333,-0.21889755,0.022073328,-0.2577784,-0.84263366,1
-0.6970666,-1.4528339,0.22041498,-1.0329598,1.698353,1.1502423,-0.018539628,-0.17455673,-0.056684077,-1.0228862,1
-0.82468385,-1.5194697,0.01876773,-1.1334745,1.3774536,1.2412937,0.07772001,0.023390299,0.13175201,-1.1242137,1
-0.68247163,-1.340702,-0.18123227,-0.94178057,1.5774536,1.4412937,-0.122279994,-0.15870349,0.034252144,-1.0828367,1
-0.79369926,-1.385715,-0.34288216,-1.0269231,1.2388885,1.4761876,-0.2898602,-0.32261968,0.21068753,-1.1537896,1
-0.9766063,-1.5584387,-0.1404244,-0.84361386,1.4141378,1.2542355,-0.08831447,-0.5136299,0.40362316,-0.93738323,1
-1.1556851,-1.3342843,-0.32257563,-1.0250574,1.1925492,1.2031395,-0.28318796,-0.70094085,0.20000255,-1.1171595,1
-1.3419489,-1.1227913,-0.2591337,-1.2126448,1.2516154,0.99297535,-0.47829217,-0.8918122,2.5222805e-06,-0.90786654,1
-1.3897109,-0.9227913,-0.45913368,-1.0126448,1.0516154,1.1929754,-0.27829218,-0.6918122,-0.19999748,-1.1078665,1
-1.1897109,-1.1227913,-0.6591337,-0.8126448,1.1402173,1.3929754,-0.078292176,-0.8918122,-0.39999747,-0.90786654,1
-1.2938198,-0.9985445,-0.5355884,-0.9427715,0.8753416,1.4830589,0.11330989,-1.0164764,-0.27871788,-1.0314229,1
-1.4709308,-1.1801798,-0.33044636,-0.7313904,0.819944,1.6572704,-0.08536181,-0.803966,-0.2380477,-0.81868345,1
-1.2709308,-1.1854686,-0.13044636,-0.5313904,0.61994404,1.4572704,-0.27490976,-0.603966,-0.4380477,-1.0009787,1
-1.4709308,-0.98546857,-0.33044636,-0.398893,0.819944,1.6572704,-0.47490978,-0.803966,-0.49009097,-0.9539099,1
-1.6709309,-0.7854686,-0.20236795,-0.598893,1.0199441,1.4572704,-0.6749098,-0.603966,-0.29009098,-0.7539099,1
-1.8166991,-0.9569033,-0.002299305,-0.77573586,1.1845822,1.2437065,-0.4611438,-0.39225644,-0.087479554,-0.92625934,1
-1.675005,-0.92178655,0.18442543,-0.9102168,1.1912708,1.3467641,-0.6167491,-0.17934674,0.10496489,-0.9086798,1
-1.4750049,-0.8780179,0.0042010546,-1.0315816,0.99127084,1.146764,-0.8167491,-0.29351267,-0.09503511,-0.9589747,1
-1.6356574,-0.9535092,-0.19119944,-1.2026505,0.7726831,1.2480587,-0.99286467,-0.48191956,0.10249916,-0.7411456,1
-1.7076758,-1.0730869,-0.3639251,-0.96238905,0.9048678,0.9749882,-0.96285784,-0.6343763,-0.09070311,-0.8755291,1
-1.6475991,-1.2399641,-0.15966015,-0.7425535,0.6865288,1.1444178,-0.74301004,-0.8126677,-0.2831397,-1.0475464,1
-1.5589786,-1.2150217,-0.30347624,-0.79531354,0.7480407,1.1344011,-0.79569876,-0.854475,-0.22559725,-1.0526624,1
-1.3589785,-1.0150217,-0.10347624,-0.9953135,0.5480407,1.0559229,-0.5956988,-0.7881132,-0.2557125,-1.0782622,1
-1.4571613,-1.1356684,-0.28365615,-1.1172473,0.69918597,1.1738983,-0.7437315,-0.54970336,-0.32944062,-1.1947787,1
-1.4814242,-0.8364435,-0.43236583,-1.1775571,0.8038299,1.2282004,-0.84365153,-0.31261835,-0.11571382,-1.2468665,1
-1.470851,-0.9066444,-0.55317146,-1.1827793,0.5282092,1.2493397,-0.7738808,-0.43896732,-0.27617538,-1.265668,1
-1.6090467,-0.6805059,-0.7253119,-1.3316308,0.5209941,1.0105249,-0.55265313,-0.23012799,-0.07335767,-1.4114535,1
-1.7930926,-0.47626826,-0.91715145,-1.5181233,0.3582945,0.8033768,-0.34954306,-0.029862285,-0.27094692,-1.2007695,1
-1.498479,-0.63610476,-0.73378,-1.6160842,0.5251374,0.9437864,-0.5169058,0.16003326,-0.06673339,-1.3175781,1
-1.4662417,-0.43610477,-0.83273464,-1.8160843,0.32513744,0.7437864,-0.3169058,0.36003327,-0.25762698,-1.169274,1
-1.2648332,-0.63539726,-1.0278941,-1.6142867,0.12499824,0.9427366,-0.51633084,0.28862694,-0.45711797,-1.367751,1
-1.4111171,-0.8047628,-0.7975349,-1.362424,0.018652987,1.100832,-0.30473083,0.47070876,-0.24768934,-1.5102608,1
-1.4355887,-0.538875,-0.8041089,-1.3922007,-0.16158958,1.1591086,-0.11357584,0.5976362,-0.042493664,-1.523931,1
-1.2355887,-0.738875,-0.6041089,-1.5922008,0.038410425,0.95910865,0.086424164,0.39763623,0.15750635,-1.323931,1
-1.4355887,-0.538875,-0.8041089,-1.6380417,0.23841043,0.75910866,-0.11357584,0.19763623,-0.042493656,-1.523931,1
-1.4262311,-0.3230113,-0.5758289,-1.6612266,0.11380969,0.91421014,-0.2988965,0.28031388,-0.23114187,-1.6432291,1
-1.2989416,-0.5230113,-0.37582892,-1.8612267,0.3138097,0.82877886,-0.15034856,0.37147072,-0.43114185,-1.4432291,1
-1.3220804,-0.41036546,-0.5234516,-1.8737379,0.103457585,0.9352014,-0.31848094,0.1913088,-0.21011724,-1.4937613,1
-1.3600956,-0.606252,-0.3212718,-2.0597625,0.30141252,0.7302467,-0.30107313,-0.008632634,-0.26570332,-1.2850423,1
-1.3779922,-0.7150735,-0.11776679,-1.9080998,0.098481484,0.79071754,-0.09815191,0.07929761,-0.4522435,-1.4421215,1
-1.5683087,-0.9094581,-0.3158168,-1.6976178,0.29664984,0.9846379,0.101223096,0.2775837,-0.25069562,-1.2344991,1
-1.73716,-1.0899149,-0.5067307,-1.4712372,0.1904577,0.98460114,0.114086576,0.46917105,-0.31839904,-1.0162764,1
-1.5371599,-0.99204373,-0.507975,-1.2712371,0.3904577,0.78460115,-0.08591343,0.66917104,-0.51839906,-1.0898623,1
-1.6718769,-1.1472464,-0.681369,-1.0309796,0.56038713,0.5626316,0.10979916,0.83650726,-0.69140136,-1.2413889,1
-1.4718769,-1.2141163,-0.881369,-0.83097965,0.36038715,0.41820616,0.30979916,0.6365073,-0.49140137,-1.2952838,1
-1.3835136,-1.3323829,-1.0188677,-0.9713908,0.52799773,0.5824749,0.33412814,0.7881586,-0.2745589,-1.3793759,1
-1.3613541,-1.3173969,-0.8858825,-1.0070502,0.6258631,0.67269737,0.19042699,0.8495246,-0.40798053,-1.357797,1
-1.1613541,-1.1173968,-0.831124,-1.2070502,0.6057025,0.5151798,0.390427,0.6495246,-0.60798055,-1.157797,1
-1.1150179,-1.3173969,-0.631124,-1.0070502,0.40570253,0.31517982,0.40299737,0.44952464,-0.49371374,-1.357797,1
-1.3150179,-1.5173969,-0.831124,-0.80705017,0.20570253,0.5151798,0.60299736,0.24952464,-0.29371375,-1.5577971,1
-1.0846857,-1.4046105,-1.0030739,-0.92638975,0.39466605,0.6957245,0.39203447,0.43729606,-0.27826348,-1.709979,1
-0.9250071,-1.1779764,-1.1456726,-0.69173205,0.5662932,0.85298735,0.18287206,0.6068892,-0.45544443,-1.8188496,1
-1.0837362,-1.2608703,-0.91098046,-0.85901874,0.45162338,1.0143584,-0.016499605,0.7772884,-0.6313994,-1.5594618,1
-0.8837362,-1.0754535,-0.7109805,-0.9794899,0.2516234,1.0441109,-0.21649961,0.71209496,-0.8313994,-1.3594618,1
-0.68060404,-1.2696109,-0.90680736,-0.9679712,0.051386908,1.2384118,-0.016424026,0.9079167,-0.628507,-1.5523181,1
-0.4453182,-0.9910802,-1.0255457,-1.082219,-0.13770194,1.332804,-0.20053422,0.7316798,-0.7676782,-1.6236633,1
-0.6216895,-0.76211435,-1.1806717,-1.2352698,0.06001698,1.0913256,-0.24246563,0.68823904,-0.54689234,-1.7568889,1
-0.4216895,-0.96211433,-1.3806717,-1.1585561,0.1590836,0.89132565,-0.042465627,0.48823905,-0.34689236,-1.663636,1
-0.38188323,-0.7530265,-1.561823,-0.9471258,0.15176105,1.0682441,-0.15062067,0.28480196,-0.54037094,-1.841413,1
-0.58188325,-0.5530265,-1.361823,-1.1471258,-0.048238948,1.2682441,-0.15888257,0.08480196,-0.34037095,-1.641413,1
-0.46964708,-0.3352667,-1.482379,-1.2793556,-0.23575072,1.2753744,0.039048925,0.27047434,-0.13330927,-1.7487766,1
-0.64754933,-0.5176034,-1.626862,-1.0437379,-0.42137134,1.4266884,0.22308472,0.068148755,-0.25745448,-1.4976683,1
-0.7651086,-0.46273646,-1.6491641,-1.1227602,-0.56093085,1.107369,0.38193148,-0.11902615,-0.41295812,-1.5325369,1
-0.74997044,-0.618572,-1.3525923,-1.2346121,-0.7102228,1.1122224,0.5431518,-0.10104472,-0.19876668,-1.6170814,1
-0.9166979,-0.5270545,-1.4982132,-0.998375,-0.87834245,1.1154125,0.7171231,-0.2905007,-0.3848,-1.3704475,1
-0.71669793,-0.3270545,-1.2982131,-0.798375,-1.0783424,1.3154125,0.9171231,-0.0905007,-0.27459615,-1.3772582,1
-0.9131136,-0.12655771,-1.093919,-0.9944713,-0.8749081,1.5094872,1.1127551,-0.2893648,-0.47274044,-1.172655,1
-1.0028046,-0.29419598,-1.1656923,-1.0760999,-0.9683853,1.3615078,1.1269425,-0.44086897,-0.6060722,-0.87626535,1
-1.0920326,-0.44868305,-0.876757,-1.145603,-0.6976209,1.413162,1.1010848,-0.5818482,-0.73183703,-0.9771468,1
-1.2036549,-0.47927707,-1.0031047,-0.8809218,-0.57492673,1.1301792,1.212088,-0.72836816,-0.8539033,-1.0966276,1
-1.1962463,-0.27345663,-0.78636706,-0.6667306,-0.4323372,0.9107931,1.3826585,-0.9090199,-1.0319388,-1.2696044,1
-1.2598974,-0.3597675,-0.8900444,-0.7820909,-0.570587,0.8544436,1.191707,-0.6397813,-1.1116351,-1.3260918,1
-1.0598973,-0.5597675,-0.6900444,-0.5820909,-0.77058697,0.7589395,0.991707,-0.4397813,-0.9116351,-1.5260918,1
-0.8981389,-0.3597675,-0.8900444,-0.38209093,-0.9016375,0.8237706,1.191707,-0.6397813,-0.7116351,-1.5030293,1
-0.6981389,-0.1597675,-1.0900444,-0.43330672,-0.7016375,0.6237706,0.991707,-0.4397813,-0.5116351,-1.3030293,1
-0.8981389,0.04023251,-1.2900444,-0.23330672,-0.7661139,0.799998,1.191707,-0.6397813,-0.7116351,-1.3952006,1
-1.0864516,-0.15806712,-1.22834,-0.42869514,-0.5703776,0.9893552,1.3768954,-0.8308437,-0.9019328,-1.1824803,1
-1.2864517,-0.35806713,-1.0397437,-0.62869513,-0.7703776,0.7893552,1.1768954,-0.9450556,-0.7019328,-0.98248035,1
-1.0864516,-0.20868215,-0.8397437,-0.5276115,-0.5703776,0.9893552,0.9768954,-0.7450556,-0.5019328,-0.879204,1
-0.88645166,-0.0812981,-0.6397437,-0.7276115,-0.3703776,1.1893553,1.1136417,-0.9450556,-0.7019328,-1.079204,1
-0.9747759,-0.26456127,-0.78978014,-0.87241995,-0.18527952,1.3066907,1.235482,-1.0769265,-0.8482691,-1.2030932,1
-0.6995394,-0.41944894,-0.89366513,-0.9682801,-0.34786603,1.2677768,1.2623415,-1.1529275,-0.5853174,-1.2668425,1
-0.80599165,-0.5048117,-0.9799292,-1.0467846,-0.13248867,1.3151351,1.3102651,-0.85382766,-0.34524623,-1.3142979,1
-0.9350834,-0.28433782,-0.9149059,-0.789907,0.062976666,1.413365,1.4088221,-0.7617486,-0.14752276,-1.4125841,1
-0.72450864,-0.4773702,-0.70462143,-0.97566634,-0.13505213,1.5901555,1.5856779,-0.5536674,0.051722314,-1.19514,1
-0.9063497,-0.2719222,-0.49470982,-1.121114,-0.32847115,1.3628504,1.6471555,-0.3467208,0.24677806,-1.3204025,1
-1.0120009,-0.06578872,-0.26957715,-0.8563305,-0.4834035,1.4295716,1.6896313,-0.13420856,0.40867713,-1.3595281,1
-1.212001,0.13421127,-0.46957713,-1.0563306,-0.45563507,1.2295716,1.4896313,0.061039343,0.60867715,-1.159528,1
-1.412001,0.3342113,-0.38993195,-0.8563306,-0.25563508,1.0295715,1.6202317,-0.13896066,0.80867714,-1.0290931,1
-1.6120011,0.13421129,-0.18993194,-0.6563306,-0.45563507,1.0979128,1.8202318,-0.13826522,0.60867715,-0.82909316,1
-1.3468701,-0.062754095,-0.12512258,-0.78336155,-0.43353543,1.2380444,1.9270451,-0.054136083,0.3898262,-0.9816244,1
-1.14687,-0.19518855,-0.21209481,-0.59690624,-0.23353542,1.4380444,1.727045,0.036278367,0.29493546,-1.1816244,1
-1.1311747,-0.14837877,-0.011510269,-0.37772378,-0.031914655,1.5588778,1.8339111,-0.15580897,0.09034724,-1.3148506,1
-1.2298566,0.047692243,0.16087033,-0.5337522,0.15529208,1.2873559,1.8791064,0.040827572,0.039399393,-1.3995526,1
-1.2679579,-0.13506238,-0.03469913,-0.29596236,0.26182392,1.3189467,1.8436948,0.21355933,-0.14241624,-1.4184397,1
-1.0679579,-0.33506238,-0.04241367,-0.49596238,0.46182394,1.1189467,1.805042,0.08342746,0.057583764,-1.2184397,1
-0.8479478,-0.5227269,0.1539533,-0.2891392,0.6465661,1.2885394,1.9588174,-0.038666636,0.25164536,-1.3857387,1
-0.9359573,-0.45884147,0.31612757,-0.07961322,0.7560966,1.2101527,1.9281123,-0.21316119,0.046126198,-1.4162766,1
-1.0638807,-0.25884145,0.5161276,-0.27961323,0.9560966,1.4101528,1.7281122,-0.013161182,0.056871697,-1.2162765,1
-1.225374,-0.20896348,0.4735603,-0.07961322,0.94023675,1.2101527,1.9281123,-0.21316119,0.2568717,-1.0162765,1
-1.0253739,-0.16438916,0.6735603,0.12038678,0.74023676,1.174422,1.7281122,-0.013161182,0.4568717,-1.0352732,1
-1.225374,-0.36438918,0.8735603,0.32038677,0.5402368,1.3744221,1.743582,0.18683882,0.43190998,-0.8352732,1
-1.3677212,-0.54156107,0.6463165,0.11551742,0.6607251,1.5107408,1.481148,0.37119216,0.6063508,-0.993399,1
-1.3932267,-0.30354378,0.48100087,0.2803989,0.7649225,1.5203276,1.4940287,0.1521377,0.7166003,-0.9957454,1
-1.532182,-0.13558714,0.27023426,0.07731841,0.92795134,1.5146604,1.2444477,0.33864546,0.8814806,-0.97948974,1
-1.2973666,0.06272949,0.45794514,-0.119475424,1.0984734,1.4578581,1.4066985,0.13502209,0.6636707,-1.1486648,1
-1.0890431,-0.12449463,0.23393795,0.073030084,1.1776234,1.5035598,1.4571617,-0.058930364,0.7832881,-1.1621544,1
-0.8515028,0.072317116,0.41561466,0.2212624,0.9523338,1.631626,1.587187,-0.068228,0.94176817,-1.0335054,1
-1.0515028,-0.1276829,0.61561465,0.42126238,0.91388685,1.431626,1.4432487,0.08474135,1.1417682,-0.9385851,1
-0.7740967,0.065743096,0.74147093,0.5647863,1.0126286,1.4833026,1.4938687,-0.10478103,1.2197944,-0.7560181,1
-0.9166716,-0.12634216,0.6682932,0.71970046,0.7647223,1.5840682,1.2175922,0.0896056,1.3360944,-0.8996587,1
-0.7166716,-0.26204616,0.4682932,0.51970047,0.9497655,1.7840682,1.4175923,-0.1103944,1.1360943,-0.6996587,1
-0.8225468,-0.41460276,0.24074458,0.2868733,1.0051397,1.7803421,1.4514962,-0.2785228,1.1989028,-0.4577752,1
-0.949257,-0.45161808,0.22764924,0.080646776,1.0373161,1.8384036,1.5331273,-0.3364933,0.9273077,-0.23929948,1
-1.0438817,-0.59187114,0.38843808,0.25491425,0.82832056,1.8515022,1.5742168,-0.48730218,0.67196023,-0.2506113,1
-1.1674986,-0.36780748,0.17686664,0.051542126,0.77039766,1.7980863,1.6491508,-0.26965982,0.8184157,-0.42294055,1
-1.3147479,-0.5459046,0.36232916,0.03773658,0.5483948,1.5364407,1.7778207,-0.45154288,0.8768431,-0.21434072,1
-1.4830065,-0.33865616,0.15892754,-0.1588632,0.7327122,1.5074857,1.5447575,-0.40471175,1.0542779,-0.40565825,1
-1.4371991,-0.5153513,0.34339863,0.039357025,0.50966454,1.6336118,1.4504662,-0.19585493,1.2000118,-0.19676048,1
-1.5716627,-0.3027279,0.52164656,0.22977565,0.6812569,1.4671078,1.5843986,0.003979145,0.9932064,0.0031098502,1
-1.7716627,-0.5027279,0.72164655,0.02977565,0.8812569,1.2671077,1.4066187,-0.19602086,0.7932064,-0.19689015,1
-1.7717494,-0.7027279,0.52164656,-0.17022435,0.6812569,1.0671077,1.4144454,-0.39602086,0.9932064,-0.39689016,1
-1.5278728,-0.7921275,0.70150125,-0.06011377,0.49815768,1.052831,1.5693771,-0.20207949,1.1598972,-0.58022755,1
-1.6018435,-0.8049168,0.46492225,-0.0023779634,0.27641037,1.1614509,1.6403204,-0.3727522,0.8898832,-0.7233185,1
-1.6540495,-0.9224897,0.24319233,0.1463775,0.1632337,1.2497796,1.3221798,-0.52577287,1.0004869,-0.8475844,1
-1.6485415,-0.99806976,0.038404766,-0.023698196,0.32297185,1.2890819,1.3534571,-0.28966329,0.88582015,-0.90424496,1
-1.6442376,-1.0656571,-0.14373547,-0.1989747,0.46517214,1.2083284,1.3817664,-0.4355449,0.9658135,-0.62641066,1
-1.4442376,-0.86565715,0.049080834,-0.24102342,0.26517212,1.0083283,1.2092962,-0.38418147,0.7658135,-0.73401016,1
-1.6442376,-0.66565716,-0.15091917,-0.4410234,0.4651721,1.2083284,1.4092963,-0.18418147,0.56581354,-0.5340102,1
-1.7756405,-0.6238091,-0.0055521093,-0.23205844,0.25530893,1.355945,1.5494379,-0.23761943,0.73732877,-0.7067083,1
-1.6325586,-0.7260719,-0.1811653,-0.3807988,0.22259651,1.3713468,1.5418836,-0.033156235,0.82612354,-0.79913586,1
-1.3282777,-0.8586599,-0.35341898,-0.53852046,0.39183426,1.4569632,1.615086,0.058590997,0.58054584,-0.9264053,1
-1.2435334,-0.6489948,-0.54529816,-0.7276834,0.1890193,1.2385185,1.7884516,0.25479645,0.37496173,-1.1098765,1
-1.4280381,-0.6465128,-0.73729795,-0.52201915,0.38484347,1.0273707,1.6354092,0.05420824,0.56878996,-1.2336928,1
-1.1894777,-0.4297357,-0.66171503,-0.34166193,0.37847924,1.1812539,1.7664462,-0.14031383,0.5131566,-1.3798237,1
-1.2430183,-0.29236147,-0.77088493,-0.4845674,0.517504,0.8778237,1.7591708,0.05339488,0.63798547,-1.4133005,1
-0.97535264,-0.46041965,-0.77466816,-0.40930894,0.38881758,1.0079002,1.8320701,0.23695594,0.4619477,-1.508638,1
-1.0424588,-0.5857478,-0.86446506,-0.5363044,0.5222416,0.71655315,1.8023095,0.3875505,0.23232998,-1.515447,1
-1.2241673,-0.3800688,-1.0009258,-0.3599934,0.31749758,0.50894845,1.5787203,0.57890064,0.42596522,-1.6901922,1
-1.4241674,-0.1800688,-0.8009258,-0.1599934,0.5174976,0.4616574,1.7787204,0.37890065,0.22596522,-1.4901922,1
-1.2258588,-0.1500352,-0.6009258,-0.28683627,0.3174976,0.6616574,1.5787203,0.17890064,0.18263128,-1.6102189,1
-1.0258588,-0.3500352,-0.40092582,-0.48683625,0.11749761,0.4616574,1.7787204,0.37890065,0.3826313,-1.8102189,1
-0.8258588,-0.5500352,-0.6009258,-0.68683624,0.2844848,0.6382864,1.5961921,0.57890064,0.5826313,-1.6102189,1
-0.9379984,-0.68579787,-0.6298186,-0.6327302,0.44299075,0.7664908,1.642356,0.34644943,0.7156023,-1.6551815,1
-0.8049532,-0.819728,-0.39775935,-0.7703956,0.25100976,0.52423745,1.7049385,0.13552608,0.84730935,-1.7168074,1
-0.97651684,-0.60219204,-0.19216348,-0.83531916,0.049566373,0.31506276,1.5292561,-0.062649556,1.0176744,-1.8625689,1
-0.9580195,-0.75304204,0.0073563796,-0.5963934,0.23427553,0.40035704,1.3682594,0.12893502,1.143068,-1.9361961,1
-0.99686587,-0.8931071,0.19431615,-0.74630976,0.4069648,0.5626018,1.0947899,0.30824897,0.9114465,-2.001855,1
-0.9553963,-1.0135242,-0.005270045,-0.6369038,0.56277514,0.63976157,0.8296453,0.10036797,1.0305284,-2.0415504,1
-1.1553963,-1.1921587,-0.20527005,-0.43690383,0.38759035,0.83976156,1.0296453,-0.043580733,0.83052844,-1.8415504,1
-1.2973768,-1.3325654,-0.005044457,-0.22676283,0.4292061,0.9952531,1.1770087,0.14972353,0.6619653,-1.5712814,1
-1.136068,-1.50112,-0.056915697,-0.15267609,0.61629593,1.1707287,1.2461495,0.34254783,0.45248663,-1.3431451,1
-0.93034554,-1.5778439,-0.21702243,0.047034606,0.81130564,1.2339305,1.039754,0.53923106,0.25094312,-1.4070969,1
-0.9625879,-1.6620634,-0.38430905,-0.14300366,0.5714949,1.340547,0.78506577,0.37847474,0.047625493,-1.502436,1
-0.9568938,-1.3653446,-0.17211659,-0.32031322,0.72045875,1.4386364,0.9199015,0.2683628,0.23124452,-1.5898162,1
-1.11196,-1.1200825,0.026800416,-0.35455167,0.88470805,1.5749917,1.0764045,0.06570757,0.41449496,-1.3358356,1
-1.1418782,-1.1063852,-0.15074608,-0.24896817,0.9440871,1.5448827,1.110932,0.23126139,0.18668793,-1.3367306,1
-0.92803156,-1.28718,-0.34558973,-0.24678938,1.1272677,1.6941816,0.8975403,0.030801807,0.31564972,-1.1200193,1
-0.72202575,-1.4749117,-0.18399185,-0.43178016,0.9196183,1.4818554,1.0275025,-0.16780242,0.51139593,-1.302301,1
-0.4705741,-1.5098299,0.0144303655,-0.20893554,1.009267,1.5160892,1.106518,0.029024137,0.2807043,-1.354232,1
-0.2547845,-1.6019682,-0.17474055,-0.38507172,0.8134998,1.6159452,1.230275,-0.13091382,0.45265236,-1.0868757,1
-0.05446195,-1.5892988,-0.37253425,-0.4769051,0.60988784,1.8052539,1.1333208,0.06867944,0.25116485,-1.0591606,1
-0.1643615,-1.3635478,-0.5619222,-0.27177262,0.78363854,1.7507317,1.3086075,0.10394342,0.4428024,-1.0609542,1
-0.2534626,-1.393814,-0.6792103,-0.06398121,0.8768578,1.7389665,1.3448378,0.09353469,0.5730218,-0.76749176,1
-0.4534626,-1.1938139,-0.8792103,-0.26398122,0.6768578,1.7688195,1.1467861,-0.10646531,0.7730218,-0.96749175,1
-0.6230984,-1.3290482,-0.9904566,-0.061008226,0.45469984,1.8773351,1.1244433,-0.17612506,0.5463954,-0.731829,1
-0.4230984,-1.5290482,-0.7904566,-0.26100823,0.25469983,1.677335,1.3244433,0.023874938,0.4703764,-0.70501375,1
-0.20955034,-1.6240487,-0.55460006,-0.0573034,0.42708737,1.7633306,1.4318689,0.21027975,0.6296666,-0.47434592,1
-0.009189297,-1.7550933,-0.72607356,0.10532649,0.21850267,1.5042312,1.519027,0.009891135,0.79830235,-0.35497254,1
0.15140824,-1.5550933,-0.5260736,-0.094673514,0.4185027,1.7042313,1.319027,0.20989114,0.8556399,-0.5549725,1
-0.048591763,-1.3550932,-0.72607356,-0.2946735,0.6185027,1.5042312,1.1609857,0.36191887,0.76847327,-0.35497254,1
-0.246584,-1.5425335,-0.91859406,-0.49067825,0.41512263,1.690467,0.9532243,0.5573805,0.96065134,-0.55049026,1
-0.045980275,-1.3251344,-0.7092812,-0.6817272,0.60715073,1.8659669,0.86737186,0.747565,0.75079346,-0.740764,1
0.14881259,-1.175041,-0.87854,-0.5770427,0.7798624,1.9961202,1.0312859,0.5290528,0.53217214,-0.52248174,1
0.11225101,-0.975041,-0.67854,-0.3770427,0.5798624,2.1961203,0.8819997,0.70484906,0.33217216,-0.32248175,1
-0.08774899,-0.85350686,-0.47854,-0.17704271,0.7798624,2.3961203,0.6819997,0.5048491,0.13217215,-0.52248174,1
0.11225101,-1.0535069,-0.67854,0.022957295,0.9798624,2.1961203,0.4819997,0.70484906,0.09822667,-0.32248175,1
-0.069875695,-0.8358214,-0.86033577,0.2183374,1.1554145,2.3464704,0.2761564,0.49438813,0.2920471,-0.5116554,1
0.104463294,-0.74789727,-0.6068286,0.016851515,1.2455848,2.3401291,0.4375733,0.63812166,0.084588505,-0.65398973,1
0.0051143398,-0.86743104,-0.38270557,-0.17228864,1.3598685,2.2333689,0.5997682,0.46618336,-0.10856814,-0.8033521,1
0.18689048,-0.8583102,-0.45830965,-0.3392118,1.4212784,2.0349581,0.72871095,0.60699475,0.083308384,-0.914207,1
-0.012130844,-0.97930336,-0.6091643,-0.4989576,1.1301053,2.06811,0.48924068,0.7467495,0.08094428,-1.0310272,1
0.16818565,-0.69765383,-0.72438616,-0.26763508,1.1907469,2.0304747,0.6170273,0.84755623,0.18529853,-1.1020495,1
-0.03181435,-0.53294003,-0.52438617,-0.20215535,0.9907469,2.1118114,0.8170273,0.64755625,-0.014701471,-1.3020495,1
0.15667659,-0.3101567,-0.3021882,-0.0020078565,1.1092632,2.1484725,0.57480365,0.78955734,0.17261842,-1.3992633,1
-0.032703534,-0.50417066,-0.102188185,-0.20200786,0.9092632,1.9484725,0.77480364,0.58955735,0.058411375,-1.5992633,1
-0.22069551,-0.66783386,-0.2865946,-0.38126338,1.0098605,1.9058781,0.5451425,0.59707755,0.24507678,-1.7064173,1
-0.3799307,-0.5643916,-0.43944427,-0.22828884,1.0926267,1.9018215,0.31169865,0.5081331,0.40194944,-1.7216882,1
-0.54431814,-0.7174516,-0.60017705,-0.40198833,1.2132487,1.5973154,0.4802761,0.28921118,0.27606836,-1.8036805,1
-0.33894306,-0.76591086,-0.78768563,-0.5925908,1.179342,1.7692579,0.27590078,0.4815742,0.07488087,-1.5786457,1
-0.3362103,-0.89590204,-0.54509044,-0.73514414,1.2793679,1.7408969,0.1280844,0.2611658,0.25495762,-1.5587307,1
-0.5181442,-0.67245555,-0.33346358,-0.7708416,1.0430015,1.8755038,-0.0694926,0.059104983,0.26838464,-1.6994752,1
-0.7181442,-0.87245554,-0.13346358,-0.9708416,0.84300154,1.6755037,-0.2694926,-0.14089502,0.46838462,-1.7054592,1
-0.86622286,-1.0118079,-0.2739615,-0.7272503,0.9248898,1.3920636,-0.44294268,0.055762578,0.6305873,-1.797705,1
-0.62039936,-0.75597095,-0.06887437,-0.86347306,1.0475187,1.4825599,-0.59872043,-0.13431664,0.40097106,-1.8603009,1
-0.7372576,-0.6267543,0.119677864,-0.97062784,0.8026466,1.5356661,-0.72898906,0.059948955,0.18342552,-1.8804287,1
-0.47270584,-0.7274193,-0.070671394,-1.0299762,0.88217807,1.527125,-0.81737053,0.22871597,-0.014583054,-1.830464,1
-0.49261722,-0.8774367,-0.11600147,-0.8987423,1.0238549,1.2556005,-0.96254015,0.027168341,0.17542404,-1.8929955,1
-0.66204464,-0.64753425,-0.30205297,-1.0502431,1.1698332,1.0090055,-0.7288812,-0.16520275,-0.023491165,-2.0006092,1
-0.6849903,-0.83591264,-0.4951687,-1.2330996,1.3510498,0.7979123,-0.52162904,-0.360195,-0.2204266,-1.7759187,1
-0.8332614,-0.6968476,-0.27791566,-1.3061738,1.4603888,0.6033246,-0.5378899,-0.52745086,-0.3958521,-1.6780307,1
-1.0114422,-0.877909,-0.3151684,-1.2596527,1.4397718,0.7863609,-0.33075473,-0.32053614,-0.58326954,-1.5088243,1
-1.2114422,-0.677909,-0.11516841,-1.0596527,1.439755,0.8744045,-0.53075475,-0.12053613,-0.7832695,-1.3088243,1
-0.93168354,-0.8086803,-0.2903154,-1.1325154,1.5104499,0.9896809,-0.30467266,0.07319764,-0.90573245,-1.389844,1
-0.8885515,-0.6186046,-0.49031538,-0.93251544,1.5003746,1.1896809,-0.104672655,0.27319765,-1.1057324,-1.1898439,1
-1.0387725,-0.78117007,-0.27703938,-0.69901776,1.5708262,1.3261313,0.090968065,0.06985035,-0.86431366,-1.3262869,1
-0.840038,-0.98117006,-0.077039376,-0.49901778,1.3708261,1.1261313,0.29096806,-0.13014966,-0.73623896,-1.526287,1
-1.040038,-0.78117007,0.12296063,-0.69901776,1.5708262,1.3261313,0.49096805,-0.32894152,-0.53623897,-1.3262869,1
-1.1750419,-0.9297424,-0.073001385,-0.85189605,1.678009,1.0671055,0.6547512,-0.12218309,-0.69764924,-1.0672529,1
-1.1923313,-0.99880224,0.11227914,-0.92997855,1.6603428,1.1202446,0.40204433,-0.2848412,-0.43997037,-1.1203749,1
-0.9923313,-0.79880226,0.31227913,-1.0161406,1.4603428,0.92024463,0.20204432,-0.48484123,-0.63997036,-1.320375,1
-1.0346748,-0.59247243,0.11109225,-1.203285,1.6427916,0.71263105,0.00202271,-0.6776019,-0.4353195,-1.5043035,1
-0.85604864,-0.37853867,0.28816798,-0.96766573,1.7773678,0.8802303,0.1948504,-0.6100132,-0.24182451,-1.6437963,1
-0.64925474,-0.17668974,0.08725493,-1.1555736,1.5610328,1.0690436,0.2843953,-0.46095046,-0.041391376,-1.8247024,1
-0.8492547,-0.37668973,-0.11274508,-0.9555736,1.3610327,0.86904365,0.084395304,-0.4471363,-0.21257612,-2.0247023,1
-0.7432176,-0.5371264,0.08725493,-0.75557363,1.5610328,0.66904366,0.2843953,-0.24713631,-0.41257614,-1.8247023,1
-0.88674796,-0.33712643,-0.11274508,-0.55557364,1.6159157,0.5793337,0.48439533,-0.26946244,-0.23919612,-1.9598992,1
-0.895913,-0.48261523,-0.28100562,-0.67889297,1.6316245,0.53314966,0.6149383,-0.42181826,-0.39462355,-1.9406983,1
-0.92624354,-0.2789703,-0.079960875,-0.8675577,1.8080016,0.7236941,0.4095868,-0.21895742,-0.5869546,-1.7182481,1
-0.72624356,-0.15910241,-0.27996087,-1.0675577,2.0080016,0.6954524,0.20958678,-0.018957421,-0.3869546,-1.5182481,1
-0.4921113,0.038244966,-0.4488305,-1.1853436,2.0647902,0.46331725,0.10952268,-0.19097486,-0.20390095,-1.6068022,1
-0.29211128,0.23824497,-0.6488305,-0.98534364,1.9331847,0.26331723,0.3095227,0.009025142,-0.12737805,-1.8068023,1
-0.083113186,0.05999663,-0.7659106,-1.0695508,1.9247999,0.41805705,0.098823726,0.05846204,-0.2953974,-1.8107635,1
-0.15888116,0.25564203,-0.67357975,-0.85498697,2.0892124,0.6077054,-0.09948171,-0.1391674,-0.48710015,-1.6504683,1
-0.35220626,0.054607127,-0.46477154,-1.035365,1.8540745,0.7926827,-0.2939116,-0.23499346,-0.2817603,-1.8160511,1
-0.50931585,-0.13410006,-0.24420644,-1.1394129,1.7000016,0.91558,-0.38198456,-0.164999,-0.0754099,-1.8594623,1
-0.28421262,-0.3069854,-0.40815586,-0.8631727,1.7458028,1.0250425,-0.32911935,-0.33537668,0.114478715,-1.892322,1
-0.07556906,-0.113970906,-0.18679081,-0.954049,1.7460862,1.0993046,-0.11586659,-0.40074077,0.28220072,-1.8775666,1
0.027060756,-0.28695023,0.0120723955,-0.6891547,1.7786039,1.1660444,-0.28868276,-0.47376186,0.07512643,-1.8987689,1
-0.0040019285,-0.0852595,-0.18427339,-0.8718652,1.5479082,0.9472598,-0.4791804,-0.6606607,-0.06330191,-2.0579588,1
-0.18734303,-0.26196504,-0.35289344,-0.61700034,1.548413,1.053574,-0.62371814,-0.42304292,0.12553526,-2.0735729,1
-0.3655716,-0.43599927,-0.52181685,-0.77107906,1.6501397,1.1831142,-0.39990216,-0.5528197,0.30723783,-1.7682645,1
-0.54464436,-0.22726683,-0.5686727,-0.85998094,1.4054308,1.3319362,-0.19250539,-0.365784,0.27556446,-1.895435,1
-0.7014344,-0.40247357,-0.72406846,-0.71893257,1.1354824,1.4430417,0.007059719,-0.17890598,0.071179636,-1.9738418,1
-0.58876806,-0.20247357,-0.92406845,-0.91893256,0.96614367,1.6430417,-0.19294028,0.021094024,-0.12882036,-1.7738417,1
-0.35601845,-0.3100841,-0.6630733,-1.0246743,1.0679083,1.6877849,0.006465016,-0.16383503,0.065183505,-1.8075664,1
-0.15601845,-0.15925623,-0.4630733,-0.8246743,1.1723878,1.4877849,0.20646502,-0.36383504,0.18356167,-2.0075665,1
0.043981552,-0.35925624,-0.26307333,-0.6246743,0.97238785,1.3916442,0.006465018,-0.16383503,0.062873326,-1.8075664,1
0.2434698,-0.55808324,-0.06294103,-0.8229446,1.1699288,1.5883058,0.15217093,0.036089115,-0.13683906,-2.0033555,1
0.40890148,-0.52298987,-0.24244486,-0.94320637,1.2631433,1.2800877,0.3247193,0.21768603,-0.31058258,-2.0316045,1
0.5554605,-0.29464227,-0.40361315,-1.0428715,0.96983516,1.350186,0.47866666,0.016133789,-0.46577066,-2.0357451,1
0.7384394,-0.48349756,-0.59001327,-0.9107856,0.75249016,1.2136457,0.2723881,-0.17972356,-0.3489516,-2.185372,1
0.63240445,-0.6431126,-0.65393966,-0.6687883,0.89621156,1.3301195,0.4444767,-0.35728732,-0.51651645,-2.036453,1
0.7888389,-0.48293483,-0.8092471,-0.8233186,1.0388392,1.0709724,0.23168153,-0.52812064,-0.6790162,-1.9472938,1
0.72225183,-0.65636307,-0.9699791,-0.8160177,1.1906383,1.0587279,0.41488558,-0.4431114,-0.84481525,-1.6793097,1
0.9222518,-0.67792374,-0.7699791,-1.0160177,0.99346876,0.8587279,0.61488557,-0.6431114,-0.64481527,-1.4793097,1
0.72225183,-0.78362006,-0.9699791,-0.8160177,0.7934688,1.0587279,0.81488556,-0.8431114,-0.44481528,-1.6793097,1
0.52225184,-0.98362005,-0.7699791,-0.6160177,0.7864199,0.8587279,1.0148855,-0.7686326,-0.32796645,-1.5860246,1
0.64588124,-1.0584646,-0.86741394,-0.72973233,0.88211626,0.9467784,1.0864241,-0.7879328,-0.3885158,-1.5971712,1
0.42515218,-1.0877048,-0.7417245,-0.5051051,1.0318086,1.0934646,0.8452142,-0.9420037,-0.17975168,-1.7136207,1
0.22515218,-0.8877048,-0.5417245,-0.3051051,1.2318087,0.8934646,1.0452142,-1.1420038,0.020248324,-1.7113491,1
0.40594938,-1.0725126,-0.7313647,-0.10363707,1.4118104,0.6837789,0.83340895,-1.3232598,0.110100806,-1.4902399,1
0.56162316,-1.1475353,-0.8607903,-0.2814255,1.4939036,0.5692972,0.6410935,-1.0410913,0.28741637,-1.5537871,1
0.34390736,-1.28152,-0.90917087,-0.45784062,1.2305156,0.35120544,0.41948447,-1.1802907,0.463538,-1.6678697,1
0.4045888,-1.2984915,-1.0639107,-0.44788393,1.3721428,0.30240425,0.2105283,-1.3239673,0.25278422,-1.4079726,1
0.5179395,-1.2837287,-1.0827678,-0.55502963,1.3468243,0.4304,0.009019388,-1.3055533,0.04521922,-1.377519,1
0.31793952,-1.3742397,-0.88276786,-0.39706212,1.1468242,0.23040001,-0.19098061,-1.2714021,0.24521923,-1.177519,1
0.5179395,-1.1742396,-1.0827678,-0.5970621,1.2182676,0.4304,-0.26628548,-1.0928603,0.045219228,-1.3187064,1
0.31793952,-0.97423965,-1.2827679,-0.39706212,1.209272,0.6304,-0.46628547,-1.2928604,0.24521923,-1.1605296,1
0.11044851,-1.099657,-1.3885889,-0.45640156,1.3197613,0.40306288,-0.24937218,-1.3980404,0.41694084,-1.2439055,1
-0.08232801,-1.1948229,-1.0927137,-0.6034543,1.3971729,0.554418,-0.045389675,-1.3703287,0.32560974,-1.3274359,1
-0.25014403,-1.2358202,-1.1453509,-0.71186453,1.4151033,0.66841817,0.13698554,-1.0369171,0.46569288,-1.353316,1
-0.45014405,-1.0358201,-0.94535094,-0.8991264,1.6151034,0.46841818,-0.06301446,-1.2369171,0.2656929,-1.1762815,1
-0.3075631,-1.19498,-1.1075006,-0.67602235,1.4369937,0.25954777,0.13245858,-1.3670919,0.06352193,-1.3307995,1
-0.450705,-1.2387118,-1.1610321,-0.42269748,1.4536147,0.1138567,-0.059975307,-1.3239577,0.07502002,-1.3593166,1
-0.6503023,-1.038069,-1.3601899,-0.6223121,1.2528389,-0.08608999,0.13993804,-1.5230147,-0.060051385,-1.1585991,1
-0.8375143,-0.82546496,-1.1427413,-0.67591983,1.4309891,0.11219688,-0.059158668,-1.6971016,0.13784388,-0.9441824,1
-0.89567006,-0.8852681,-1.0160205,-0.75044376,1.4080077,0.26951474,-0.22372767,-1.6377385,0.23576538,-0.987755,1
-1.0956701,-0.6852681,-1.2160206,-0.55044377,1.2080077,0.41371357,-0.02372767,-1.4377384,0.4357654,-1.187755,1
-1.2956702,-0.48526812,-1.1892656,-0.75044376,1.1143446,0.61371356,-0.22372767,-1.4120867,0.35372195,-0.987755,1
-1.147195,-0.4227784,-1.2348869,-0.84482795,1.0914558,0.7232916,-0.37664196,-1.4329475,0.49219093,-1.0557686,1
-1.3090433,-0.39815757,-1.0055795,-1.0152391,1.2548827,0.69064766,-0.17163956,-1.1980312,0.28391626,-1.2202061,1
-1.1025358,-0.5946478,-1.1985056,-1.1303936,1.446346,0.48776874,-0.3694589,-0.99217516,0.48107687,-1.0170649,1
-1.1580375,-0.4844914,-0.9178838,-1.2229744,1.513416,0.6322366,-0.4886054,-1.095916,0.62608504,-0.7510931,1
-0.95803756,-0.33327138,-0.7178838,-1.4229745,1.313416,0.4322366,-0.2886054,-0.89591604,0.42608505,-0.9510931,1
-1.1323571,-0.52144563,-0.50639933,-1.5869838,1.4798548,0.22708657,-0.47777018,-0.9409183,0.22107144,-1.1255667,1
-1.182887,-0.64051044,-0.6271521,-1.2313854,1.4914007,0.379174,-0.6017347,-1.0129247,0.37383363,-1.1768584,1
-0.9299301,-0.79522467,-0.7321286,-0.9758154,1.6002699,0.3440393,-0.54263973,-1.1475737,0.16446766,-1.3026749,1
-0.7029502,-0.9584388,-0.53765553,-0.74713945,1.7337278,0.43107083,-0.71519005,-0.9125492,0.33150795,-1.4471326,1
-0.7239613,-1.1024956,-0.6000171,-0.9014002,1.6204916,0.21991196,-0.49031052,-0.6781388,0.5058404,-1.5675893,1
-0.8610284,-1.1438074,-0.74552625,-0.6536264,1.6964942,0.1402063,-0.47362658,-0.44557178,0.65776414,-1.4879642,1
-1.0525573,-0.9429853,-0.7223121,-0.81819916,1.4845464,0.33749017,-0.271442,-0.64041764,0.45410946,-1.6744878,1
-1.1548407,-1.0538168,-0.48156455,-0.93876565,1.256887,0.49555856,-0.31912753,-0.406059,0.6030799,-1.728252,1
-0.9372667,-1.2307401,-0.66902024,-1.1178064,1.0374347,0.68275666,-0.48039803,-0.20226644,0.6976425,-1.6152103,1
-0.7049593,-0.9855724,-0.61048776,-1.2600595,1.1832097,0.8440738,-0.2681108,-0.3846389,0.47583553,-1.7356668,1
-0.828581,-1.0855104,-0.74208283,-1.0873532,0.90022707,0.9249535,-0.41864797,-0.53529555,0.36510888,-1.7722971,1
-0.6051238,-1.208387,-0.7954106,-0.85423934,1.0591693,0.94852346,-0.21048854,-0.36376518,0.54402035,-1.8212903,1
-0.6954607,-1.2165555,-0.8598291,-0.91064507,1.0876622,0.992087,-0.3545773,-0.48697665,0.36294562,-1.675082,1
-0.84340525,-1.1445013,-0.9982186,-0.8299354,0.9954455,0.746041,-0.52233833,-0.27029395,0.53022015,-1.7660787,1
-0.61436635,-1.1256111,-1.1441393,-0.60150445,1.1414914,0.52139646,-0.30779022,-0.067121364,0.697263,-1.8773435,1
-0.37660912,-1.2048209,-1.2216609,-0.48479348,1.1881267,0.6556625,-0.097968325,-0.24278116,0.4519522,-1.8880551,1
-0.5147374,-0.8970008,-1.2691128,-0.6113133,1.239177,0.76384753,-0.11127762,-0.038190626,0.58199596,-1.8640012,1
-0.29887977,-0.94793457,-1.3950933,-0.7704362,1.3666658,0.9152852,0.02819087,-0.22618967,0.4667353,-1.5801624,1
-0.47966838,-0.78365606,-1.1490713,-0.9330656,1.1217386,1.0723367,0.21940345,-0.4097775,0.64105994,-1.7116101,1
-0.60101527,-0.88837004,-1.2183878,-1.0233064,0.83245045,0.7878341,0.37877613,-0.55070883,0.7595871,-1.7264339,1
-0.80101526,-1.0883701,-1.0183878,-1.2233064,0.63245046,0.9878341,0.17877613,-0.35070884,0.8443287,-1.5264338,1
-0.92982006,-0.82518655,-1.1317325,-1.1868131,0.7732441,1.1033518,-0.019714367,-0.13998997,0.5985021,-1.6036447,1
-1.0358859,-0.93995166,-0.8542674,-1.2715124,0.5255841,1.19499,0.16529652,-0.3117229,0.3653703,-1.6536882,1
-0.8700562,-1.0703263,-0.98987544,-1.2072982,0.68126726,0.9342186,-0.032583877,-0.104899146,0.5308389,-1.7404697,1
-0.8504178,-0.7975672,-1.090402,-1.1898763,0.7271886,1.0393981,-0.2131399,-0.27940962,0.37561008,-1.7782468,1
-1.0407215,-0.5920512,-0.8821829,-1.3770467,0.68433374,1.2279575,-0.40932631,-0.47498432,0.27825975,-1.5636783,1
-1.2057472,-0.7697243,-0.6629531,-1.4826694,0.6417539,1.228701,-0.5921502,-0.26723284,0.4647782,-1.3252379,1
-1.228658,-0.8595571,-0.5545975,-1.3114221,0.42731395,1.2803153,-0.709877,-0.41870573,0.59573394,-1.3668258,1
-0.9663992,-0.9954282,-0.7089261,-1.4199445,0.21355595,1.3907204,-0.4790171,-0.20546873,0.37178245,-1.471995,1
-0.75516057,-0.7837639,-0.89559734,-1.5961894,0.40749148,1.5673938,-0.27492553,-0.0053885314,0.44303393,-1.2533422,1
-0.84005934,-0.86521584,-0.74523705,-1.560101,0.534286,1.5544149,-0.41769484,-0.02773305,0.21374723,-1.2782079,1
-0.5988259,-0.6223617,-0.5555044,-1.646713,0.31275088,1.6413932,-0.57790214,-0.21306217,0.3870931,-1.3829798,1
-0.7412705,-0.41751188,-0.74682915,-1.8255078,0.21117143,1.424842,-0.7689697,-0.12486868,0.5803517,-1.1693959,1
-0.9393397,-0.2170657,-0.944887,-1.9572762,0.011148515,1.2223295,-0.5678026,-0.3242023,0.6994172,-0.96740746,1
-0.7393397,-0.017065704,-1.144887,-1.7572762,0.21114852,1.0223294,-0.7678026,-0.124202296,0.4994172,-1.1674075,1
-0.86080647,-0.198918,-0.86588997,-1.7936387,0.37677458,1.120137,-0.88688976,-0.29709747,0.64094263,-1.2530859,1
-0.6009885,-0.3628069,-0.67394274,-1.8131692,0.16077247,1.2006347,-0.9885016,-0.088307954,0.76481825,-1.3145912,1
-0.39551887,-0.3385621,-0.8620218,-1.591165,-0.038692452,1.2136023,-1.1647528,-0.28437534,0.5571139,-1.4939315,1
-0.2660357,-0.1385621,-0.6620218,-1.791165,0.16130754,1.1232506,-0.9778895,-0.48437536,0.7571139,-1.2939315,1
-0.46528253,-0.33801493,-0.8606286,-1.5885934,0.2394051,1.321112,-0.7996767,-0.28391576,0.8109135,-1.4915171,1
-0.6446791,-0.29810455,-1.0277816,-1.7332017,0.03818474,1.4740041,-0.5811051,-0.08131693,0.5919939,-1.2515196,1
-0.82763326,-0.096124776,-1.0383881,-1.849837,-0.15854977,1.3916852,-0.3734143,-0.20140025,0.7760112,-1.0302995,1
-0.90880686,0.05301976,-1.095192,-1.8128119,-0.060001396,1.4076369,-0.50710976,-0.001238335,0.5094064,-1.0880386,1
-0.7227396,-0.03434147,-1.2847776,-1.5998435,0.13887292,1.5947102,-0.657772,0.009302631,0.7037022,-0.88089806,1
-0.5805756,0.15141262,-1.3570932,-1.4634188,0.3097313,1.640373,-0.4184056,0.1913035,0.8259877,-0.9879455,1
-0.7128663,-0.04437278,-1.4220268,-1.1538264,0.4655158,1.680734,-0.19946049,-0.007942138,0.93699074,-1.0848998,1
-0.82478696,-0.2207941,-1.3865993,-1.2232003,0.60130244,1.6992685,-0.23760898,-0.18787852,0.9284701,-0.8057353,1
-0.5962255,-0.019843515,-1.1323552,-1.3581403,0.76467174,1.7009103,-0.035889726,-0.3701471,0.9899973,-0.9597592,1
-0.7929055,-0.21892685,-1.3267999,-1.1533113,0.7006435,1.8147775,-0.23490615,-0.16943765,0.78670335,-0.8635606,1
-0.5589711,-0.39494994,-1.0623084,-1.2758558,0.84909594,1.8994634,-0.032908328,0.028813146,0.93023026,-0.7609816,1
-0.7010671,-0.39281216,-0.79652053,-1.319969,0.96905756,1.9392896,0.09793558,-0.15812655,0.674519,-0.8876657,1
-0.45755607,-0.48225078,-0.54472065,-1.3879799,1.0675404,1.9535207,0.16535679,-0.327028,0.7985786,-0.77907926,1
-0.6340644,-0.27216715,-0.33240527,-1.4623424,0.8365469,2.0765846,0.08358111,-0.12248984,0.59128684,-0.9441009,1
-0.83406436,-0.07216714,-0.39002,-1.2623423,0.68198144,1.8765845,0.2835811,0.07751016,0.39128685,-1.1441009,1
-0.75854933,0.1209587,-0.5582919,-1.3644743,0.83455324,1.9530777,0.079086564,0.26258716,0.18100047,-1.2718225,1
-0.90240914,-0.07441202,-0.71388036,-1.0962734,0.5973888,2.0269763,-0.113831796,0.2644811,-0.017886769,-1.385621,1
-0.70240915,-0.27441204,-0.91388035,-1.2962735,0.39738882,1.8269763,-0.3138318,0.46448112,-0.054738045,-1.432126,1
-0.73149586,-0.43321985,-0.65189564,-1.2141342,0.5455188,1.8509783,-0.10394803,0.6067856,-0.23261967,-1.490412,1
-0.67610973,-0.22358699,-0.81670916,-1.3557252,0.7147261,1.5827866,-0.14632028,0.38998383,-0.41475087,-1.6205916,1
-0.7886247,-0.38128918,-0.91518444,-1.4003763,0.55110365,1.418476,-0.311738,0.17101276,-0.55336416,-1.6387942,1
-0.72582835,-0.5357026,-1.0277281,-1.1062388,0.32356897,1.4915498,-0.47160584,-0.02671397,-0.6942829,-1.69459,1
-0.8569604,-0.3107313,-1.1364033,-0.89410114,0.4846232,1.5657235,-0.25140238,-0.2098498,-0.45751557,-1.7536606,1
-0.9755184,-0.47137788,-1.2334294,-1.0097973,0.63187087,1.6296692,-0.047441665,-0.33926877,-0.2376732,-1.4339463,1
-1.0164417,-0.27545974,-1.262001,-1.1580403,0.41339475,1.7513931,-0.23685572,-0.51619804,-0.03606147,-1.181156,1
-0.97135377,-0.4352807,-1.3384537,-0.87708044,0.19536167,1.7864894,-0.033741195,-0.65567523,-0.21611294,-1.2644405,1
-1.10993,-0.47271878,-1.078755,-0.6415755,0.3746296,1.8823214,0.15754049,-0.5789291,-0.0152680045,-1.3876479,1
-1.2484142,-0.5606724,-0.8374876,-0.80205405,0.54764426,1.984533,0.34074995,-0.36113414,0.12837103,-1.1318744,1
-1.4446003,-0.35972273,-0.635809,-0.9994156,0.3467289,1.779834,0.53932613,-0.17910035,-0.07144037,-1.3283676,1
-1.5109612,-0.51424,-0.40039545,-0.7344556,0.1348058,1.818954,0.62592465,0.01920136,-0.24938332,-1.4041735,1
-1.2251139,-0.29366228,-0.18727271,-0.8732635,0.3128813,1.8867444,0.7718396,0.20484713,-0.26911676,-1.4991255,1
-1.0071745,-0.48502326,-0.3804955,-1.0544815,0.11090588,2.0502264,0.5618325,0.3977624,-0.41817385,-1.2763909,1
-1.2035326,-0.2841634,-0.17995094,-1.2506969,-0.08882533,1.8446443,0.75953406,0.595959,-0.61630887,-1.0731435,1
-1.3244519,-0.4568837,0.01891942,-1.3689588,-0.27255175,1.5519783,0.55541575,0.57836074,-0.77031475,-1.2014095,1
-1.2967508,-0.5587677,0.18622033,-1.3346099,-0.1255665,1.4902925,0.64258236,0.6621002,-0.8253828,-1.1920867,1
-1.1176068,-0.7053487,-0.012809549,-1.4265698,0.069193214,1.1994529,0.74109477,0.8014063,-0.95319355,-1.2940806,1
-1.2518829,-0.48014125,0.17785315,-1.5064186,-0.12428198,1.1150334,0.5141043,0.66376084,-0.96050245,-1.419554,1
-1.3100828,-0.61371434,-0.019983849,-1.5397589,-0.27584448,0.9419644,0.4063335,0.41846702,-1.0471604,-1.4613781,1
-1.1100827,-0.41371435,-0.21998385,-1.4184017,-0.07584448,0.7419644,0.6063335,0.61846703,-1.2471604,-1.261378,1
-1.2409668,-0.20243943,-0.3978268,-1.5330198,0.117605455,0.8922692,0.38489658,0.39639,-1.3708127,-1.3842802,1
-1.0409667,-0.40243942,-0.5978268,-1.3330197,0.31760547,1.0922692,0.18489657,0.59639,-1.5708127,-1.1842802,1
-1.1706667,-0.19097133,-0.37529013,-1.4461751,0.110943176,1.1843024,0.3630924,0.75127494,-1.2931569,-1.2559539,1
-1.230483,-0.21558462,-0.21293886,-1.4778141,-0.07994863,1.2427243,0.48445338,0.8539842,-1.3404456,-0.94795716,1
-0.99064195,-0.3995171,-0.012438608,-1.6129457,0.11540989,1.0024099,0.6579907,0.62869954,-1.4808882,-1.1035743,1
-1.0656747,-0.5733946,-0.20318212,-1.7339511,-0.080904305,1.150018,0.8206059,0.41002002,-1.2530932,-0.8642033,1
-1.2656747,-0.42432684,-0.0031821132,-1.633505,-0.03626159,0.950018,0.6206059,0.21002002,-1.2140584,-0.6642033,1
-1.433875,-0.61078125,-0.19877382,-1.4024031,0.16018589,1.1250668,0.8028017,0.015860304,-1.3833786,-0.84545326,1
-1.6093178,-0.4046072,-0.39278024,-1.2212852,0.3547723,1.305151,0.9877296,-0.18137208,-1.1655923,-0.6357521,1
-1.7001032,-0.5681117,-0.5569986,-0.959638,0.14542988,1.4142966,0.8449453,0.017503502,-1.283162,-0.41667455,1
-1.7672474,-0.34237325,-0.704069,-1.0785558,0.32127732,1.5014246,0.59985054,0.19856986,-1.007427,-0.5735565,1
-1.6474658,-0.5226805,-0.8712437,-1.2321335,0.40430215,1.6396486,0.3853326,-0.0013782128,-0.7781106,-0.35999325,1
-1.6806763,-0.6574368,-0.61064374,-1.3028402,0.5497457,1.6603123,0.5324887,0.18069018,-0.5259187,-0.14554903,1
-1.4806763,-0.8574368,-0.81064373,-1.1028402,0.42228997,1.4603122,0.33248872,-0.019309819,-0.32591873,-0.34554905,1
-1.6806763,-0.6574368,-0.9253138,-0.9028402,0.62228996,1.2603122,0.33112487,-0.21930982,-0.5259187,-0.54554904,1
-1.5548434,-0.59838206,-0.7253138,-1.1028402,0.6309283,1.4603122,0.45023057,-0.019309819,-0.32591873,-0.34554905,1
-1.7548435,-0.79838204,-0.5253138,-1.3028402,0.83092827,1.2603122,0.5817581,0.18069018,-0.12591873,-0.14554904,1
-1.6185055,-0.99838203,-0.3253138,-1.5028403,0.6309283,1.0603122,0.5083109,0.3806902,-0.14360486,-0.12865593,1
-1.4185054,-1.1735352,-0.5253138,-1.7028403,0.4309283,1.2603122,0.30831093,0.18069018,0.056395143,0.07134408,1
-1.189696,-1.107125,-0.708165,-1.849513,0.29198882,1.4257857,0.4962928,-0.018853271,0.25033313,-0.0961835,1
-1.2308062,-1.157676,-0.45006436,-1.8151836,0.2913598,1.4399028,0.6166827,-0.19383086,0.05062462,-0.2623196,1
-1.2316891,-1.3167797,-0.39479244,-1.5665306,0.4733307,1.5905052,0.4041313,0.0059833117,-0.14487585,-0.4483935,1
-1.0119057,-1.3863533,-0.33035558,-1.7326561,0.6604191,1.3638413,0.59254664,-0.19029629,0.054067105,-0.5063343,1
-1.1518728,-1.4326683,-0.5040839,-1.8369201,0.6227273,1.1061893,0.37310147,-0.37096256,-0.13870397,-0.29115975,1
-0.95187277,-1.2326683,-0.54881924,-2.03692,0.4227273,1.3061893,0.20079426,-0.17096256,0.06129603,-0.091159746,1
-1.0777802,-0.9662433,-0.32638195,-2.0930336,0.5826712,1.4093059,0.00074317196,0.027169654,-0.12978204,-0.2724313,1
-1.1919274,-0.7147602,-0.15318948,-2.1389668,0.35695994,1.5011783,0.18725543,0.21190636,0.06550009,-0.06756472,1
-1.3363324,-0.8782237,0.044940863,-2.0916467,0.5347144,1.2492079,0.37178805,0.011430804,0.25489575,0.1271457,1
-1.4282908,-0.6305281,-0.14415471,-2.1304882,0.68304604,0.9754229,0.53157747,-0.1753082,0.42290547,0.30413938,1
-1.6282909,-0.46542698,-0.34415472,-1.9304881,0.48304605,1.1754229,0.3554166,0.024691805,0.22290547,0.4899137,1
-1.6951725,-0.61697704,-0.13365877,-1.9247552,0.33773538,1.275278,0.32659867,0.20833193,0.14435038,0.3344797,1
-1.6080452,-0.71210605,-0.29082876,-1.8520117,0.46870917,1.2859044,0.42992213,0.16544528,0.30014798,0.46587136,1
-1.669368,-0.8421474,-0.083862185,-1.8946222,0.6174191,1.0026155,0.58160704,0.3374156,0.092466615,0.24547899,1
-1.469368,-0.7493146,0.059558615,-2.0946221,0.59968776,0.80261546,0.78160703,0.1374156,-0.10753339,0.045478985,1
-1.5540383,-0.5113647,0.10292821,-2.1360962,0.7444406,0.9333489,0.5414262,-0.0582607,0.08607848,-0.1438458,1
-1.7540383,-0.3113647,0.3029282,-2.09229,0.5444406,0.7333489,0.49182096,-0.2582607,-0.11392152,-0.34384578,1
-1.9540384,-0.11136471,0.10292821,-1.938688,0.34444064,0.5333489,0.29182094,-0.32237446,-0.3139215,-0.5438458,1
-2.0207338,-0.029824285,-0.09301351,-2.0492759,0.52167916,0.3194126,0.42799124,-0.11725835,-0.109158784,-0.35291097,1
-2.0604546,-0.22982429,-0.1671493,-1.8492758,0.72167915,0.5194126,0.22799124,-0.31725836,0.09084122,-0.15291096,1
-2.0809114,-0.027455404,-0.33798736,-1.8865061,0.84847206,0.2940423,0.025767948,-0.107944764,0.2677403,-0.32487997,1
-1.8686244,-0.22596957,-0.534473,-1.8596345,1.0357624,0.09342796,0.22429314,-0.30593315,0.4646848,-0.52145123,1
-1.9541701,-0.4024012,-0.69383556,-1.6677125,1.1673893,-0.100675546,0.02294903,-0.47794053,0.2500401,-0.30366576,1
-1.6682522,-0.57289606,-0.4696479,-1.7762336,1.2991077,-0.2859487,0.21202917,-0.6447356,0.23156898,-0.4789966,1
-1.6508901,-0.6829733,-0.5917376,-1.7463083,1.3246938,-0.075948976,0.36409158,-0.39299276,0.027896076,-0.59999865,1
-1.8178277,-0.49655226,-0.38474002,-1.5186865,1.2863595,-0.2710197,0.55401516,-0.58240014,-0.05359764,-0.78570825,1
-1.4905502,-0.64175326,-0.5387375,-1.5834744,1.3694249,-0.43396372,0.6946954,-0.7208473,-0.23364666,-0.6695684,1
-1.589682,-0.79152924,-0.3557658,-1.3009281,1.4757838,-0.22000405,0.46517897,-0.8659041,-0.40777275,-0.8176848,1
-1.7084712,-0.94653636,-0.53054667,-1.3447495,1.2178922,-0.40094543,0.25314587,-0.63568723,-0.19834459,-0.97150505,1
-1.7242213,-1.0358461,-0.6600174,-1.1423709,1.2810044,-0.18154551,0.048015,-0.53616697,-0.35988712,-1.0584042,1
-1.5105197,-1.0498931,-0.4558822,-1.3303041,1.4676914,-0.3781157,0.24578553,-0.7295494,-0.15844986,-0.85068786,1
-1.6863343,-1.0391539,-0.4533527,-1.5086668,1.2497671,-0.17559728,0.43948242,-0.52206194,-0.35338163,-0.6414876,1
-1.8006493,-1.1828666,-0.6236747,-1.2492217,1.0020823,-0.115644865,0.61043453,-0.3074326,-0.52824473,-0.8032638,1
-1.8032197,-1.2464015,-0.6372961,-1.3062085,0.8182364,0.07603074,0.7304586,-0.45735773,-0.29585266,-0.7595968,1
-1.9419596,-1.4021696,-0.42392325,-1.0723797,0.8128429,0.2675895,0.5142368,-0.24948752,-0.09292141,-0.9302516,1
-2.020489,-1.5113103,-0.21122454,-0.822907,0.95540446,0.44107243,0.2964164,-0.423997,-0.24959102,-0.68883896,1
-1.7630557,-1.6416893,-0.39449474,-0.9812922,0.9466093,0.2312649,0.0924939,-0.598611,-0.18554695,-0.8526784,1
-1.7597784,-1.7405267,-0.36029834,-1.1164047,0.70559865,0.40757585,0.27642745,-0.61360544,0.013659158,-0.6168273,1
-1.9597784,-1.561279,-0.5523999,-0.91640466,0.50559866,0.20757584,0.076427445,-0.43867213,0.21365917,-0.8168273,1
-1.959559,-1.598002,-0.4588889,-0.8342224,0.640187,0.0068735313,0.2508016,-0.57946485,0.20080192,-0.9225637,1
-2.0630636,-1.3355352,-0.24732101,-0.98801035,0.42051822,0.19762984,0.04853163,-0.7446361,0.0007660888,-1.0724044,1
-1.8355705,-1.5128754,-0.046622694,-0.77638173,0.21726404,0.39176208,0.24486408,-0.9306962,-0.19629385,-1.2536277,1
-1.8513921,-1.5578947,0.13949974,-0.8880388,0.2220354,0.5382195,0.40461284,-0.8867364,-0.3604372,-0.95829546,1
-1.9332074,-1.3432164,-0.057014726,-0.6483996,0.3977211,0.4589003,0.39714614,-1.0241275,-0.51765037,-1.0915638,1
-2.0601692,-1.4903789,0.13808966,-0.43304703,0.57725596,0.32122105,0.19039612,-0.7959105,-0.693079,-0.8610379,1
-1.8601692,-1.3032254,-0.061910346,-0.6095949,0.37725598,0.44766003,0.39039612,-0.99591047,-0.493079,-1.0610379,1
-1.9072583,-1.3916523,-0.1162389,-0.7495047,0.48602787,0.59958905,0.5465754,-1.107147,-0.27132595,-0.8102683,1
-2.1072583,-1.1916523,-0.3162389,-0.9495047,0.6860279,0.39958906,0.34657544,-0.907147,-0.07132594,-0.6102683,1
-2.0965154,-1.2645401,-0.10562175,-0.6810456,0.8050989,0.5448231,0.13318737,-1.0060211,0.11692108,-0.7362591,1
-2.1980708,-1.1421375,0.090332545,-0.6760176,0.73176056,0.33004162,1.7314545e-05,-0.9721537,-0.07951758,-0.89612454,1
-2.1718352,-1.0463858,0.26294237,-0.79337347,0.84385765,0.45651644,0.18114755,-1.061572,0.109116025,-0.6304517,1
-2.0276015,-1.0837753,0.054730553,-0.8637724,0.8935283,0.5708636,0.3314209,-1.0969802,-0.079026744,-0.7221063,1
-2.0629501,-0.8184517,0.23590234,-0.9851445,0.7183343,0.34345153,0.4921413,-1.201115,-0.01188323,-0.8539495,1
-2.0153077,-0.90864646,0.032031495,-1.0573672,0.46244967,0.48485884,0.6175175,-1.2500527,0.1678348,-0.7568157,1
-2.052512,-1.0271757,0.21498024,-1.1649673,0.2431631,0.29976285,0.38683546,-1.2836723,0.3408038,-0.5158971,1
-2.2270005,-0.8178072,0.41028023,-0.95403826,0.29844576,0.4941026,0.18471938,-1.0713987,0.52626354,-0.70778894,1
-2.2048054,-0.56124616,0.19102879,-1.0483845,0.08943292,0.6305566,0.05684963,-1.1550006,0.6597732,-0.7141939,1
-2.0048053,-0.76124614,0.1099102,-1.2483846,-0.029744804,0.8305566,-0.14315037,-0.9550006,0.85977316,-0.5141939,1
-1.8048053,-0.6471864,-0.061028637,-1.4483846,0.1702552,0.6862647,-0.0733312,-0.920695,0.8951081,-0.6725178,1
-1.6048052,-0.4471864,-0.26102865,-1.6483847,0.3702552,0.4862647,-0.2733312,-0.720695,0.6951081,-0.4725178,1
-1.8048053,-0.2471864,-0.061028644,-1.8483847,0.3883605,0.65852916,-0.34672156,-0.81712425,0.6815818,-0.5602445,1
-1.8013909,-0.04239871,-0.147356,-1.7883902,0.5286634,0.7714198,-0.49124932,-0.7271576,0.79213345,-0.51088893,1
-1.8549097,-0.22465761,-0.32193312,-1.8428605,0.56405985,0.52959776,-0.26993287,-0.7760746,0.54879534,-0.65885913,1
-1.8536333,-0.022516478,-0.11134513,-1.8274201,0.69771314,0.30097735,-0.17735228,-0.7212397,0.6837741,-0.7842806,1
-1.5613341,-0.21009651,-0.2939671,-1.9073713,0.8476064,0.47301483,-0.35629,-0.8698198,0.8145953,-0.55166847,1
-1.6792554,-0.08416962,-0.089588195,-1.6904801,0.61742777,0.6416521,-0.5104248,-1.0199659,0.95244336,-0.55346215,1
-1.718929,-0.25992602,-0.05895628,-1.7291961,0.38181543,0.7698476,-0.64981574,-1.115886,0.6882496,-0.32330695,1
-1.8095837,-0.43371826,0.073193714,-1.6151475,0.40902036,0.5373762,-0.4241841,-1.1584784,0.83763486,-0.49348763,1
-1.5640649,-0.6157968,-0.00905289,-1.6538146,0.59179735,0.71652335,-0.6065323,-1.3200608,0.6196027,-0.2851878,1
-1.3640648,-0.41579682,-0.11270842,-1.4538145,0.4591052,0.51652336,-0.80653226,-1.1200608,0.81960267,-0.48518783,1
-1.1640648,-0.58544165,-0.008679397,-1.6538146,0.48348865,0.71652335,-0.6065323,-0.9200608,0.6196027,-0.28518784,1
-1.3640648,-0.78544164,-0.20867941,-1.8538146,0.68348867,0.91652334,-0.4065323,-0.89115137,0.4196027,-0.08518784,1
-1.3622017,-0.89899486,-0.37282848,-1.8736461,0.44107518,1.0185777,-0.55332494,-0.99543136,0.29979253,-0.26017007,1
-1.3952796,-0.98156667,-0.5116215,-1.8520759,0.572576,1.0883721,-0.315572,-0.75821054,0.40142137,-0.22310321,1
-1.4581636,-0.71439016,-0.65045685,-1.8344538,0.3405527,1.1670703,-0.47125804,-0.8758513,0.3277456,-0.021117462,1
-1.2894671,-0.8256875,-0.76795626,-1.8370968,0.48811507,1.0871191,-0.24494402,-0.9714858,0.47655037,-0.19966744,1
-1.0419189,-0.98092294,-0.7831846,-1.9443682,0.2755407,1.2309448,-0.042982504,-0.80124515,0.47714633,-0.30917802,1
-1.1985793,-1.0513451,-0.562833,-2.0695355,0.4042555,1.0110419,0.15153801,-0.5802633,0.26747468,-0.4914091,1
-1.3985794,-0.9035757,-0.762833,-1.8695354,0.6042555,0.8110419,-0.04846199,-0.38026333,0.06747468,-0.6233914,1
-1.4820424,-1.0231247,-0.83710355,-1.8118511,0.73229074,0.56649673,0.037914813,-0.5379619,0.20611277,-0.76336586,1
-1.5358135,-0.75156605,-0.89863336,-1.83695,0.85124165,0.3346352,0.17699572,-0.33964327,0.3708072,-0.87961525,1
-1.2726525,-0.9065734,-1.046687,-1.9406374,0.82087326,0.12826928,0.16513586,-0.5141275,0.54381794,-0.6474812,1
-1.0340197,-1.0667189,-1.2017863,-1.6779463,0.9841054,0.19569279,0.099716336,-0.68840736,0.61244726,-0.8169582,1
-0.8045289,-0.8360719,-1.3522193,-1.8115425,0.75637954,-0.004154908,-0.09673765,-0.8569934,0.5150267,-0.98099875,1
-0.54149187,-0.9280358,-1.3903621,-1.8017895,0.49836326,0.17542341,-0.26579544,-0.94677573,0.64046746,-1.0047953,1
-0.7120057,-1.1280358,-1.4842589,-1.6017895,0.29836327,0.37542343,-0.20233285,-0.8986443,0.59319484,-0.86109775,1
-0.6704826,-1.2533714,-1.2120556,-1.7004898,0.09283312,0.5430721,-0.35612285,-0.7906426,0.74860007,-1.001441,1
-0.44294465,-1.3683037,-0.95281863,-1.7892517,0.2756932,0.6771195,-0.52357227,-0.6294526,0.58137256,-1.1311191,1
-0.58759063,-1.4332814,-1.0535673,-1.4524258,0.43473867,0.43604213,-0.66127664,-0.75804126,0.71410066,-1.2165171,1
-0.75553465,-1.5668048,-0.81882596,-1.5851699,0.22518449,0.2264349,-0.8262215,-0.53532827,0.87689555,-0.97514343,1
-0.55553466,-1.3668047,-0.63111144,-1.78517,0.025184482,0.13125229,-1.0262215,-0.3843245,0.67689556,-0.77514344,1
-0.35553467,-1.5668048,-0.43111145,-1.5851699,-0.16687275,0.2599734,-1.2041986,-0.5843245,0.47689557,-0.97514343,1
-0.55553466,-1.7668048,-0.47822046,-1.3851699,0.03312725,0.4599734,-1.0041986,-0.670004,0.67689556,-0.77514344,1
-0.7410739,-1.9291607,-0.66523945,-1.162486,-0.16367885,0.64734167,-0.7888064,-0.46100825,0.86011195,-0.95647943,1
-0.8740881,-1.9776067,-0.5924591,-1.265504,0.033735804,0.41549984,-0.7369647,-0.35481593,0.6131251,-1.074161,1
-1.022672,-2.0733657,-0.3736723,-1.0144988,0.222547,0.5860362,-0.89211273,-0.14740497,0.76364195,-0.83231544,1
-1.1004347,-2.083251,-0.16519016,-1.112934,0.11690272,0.5690061,-0.6342334,0.04819667,0.73912174,-0.94598603,1
-0.9004347,-1.883251,-0.25865442,-1.312934,0.18602183,0.3690061,-0.43423343,0.24819668,0.9391217,-0.79701096,1
-0.7004347,-2.083251,-0.058654413,-1.112934,-0.013978168,0.5690061,-0.6342334,0.44819668,1.1263893,-0.59701097,1
-0.85202307,-2.1604927,0.13374619,-0.86385036,-0.2024737,0.7276607,-0.4358141,0.40329006,1.2550764,-0.5864481,1
-1.052023,-1.9792134,-0.06625381,-1.0310384,-0.4024737,0.5276607,-0.23581411,0.20329006,1.0550764,-0.3864481,1
-1.0564073,-2.0981328,0.12877,-1.1852361,-0.21120721,0.3154697,-0.37060753,0.0031676462,1.2083796,-0.56462854,1
-1.1595924,-1.7518684,0.30343595,-1.278494,-0.3795208,0.47574916,-0.5266382,-0.15593652,1.2998542,-0.70570856,1
-1.3257084,-1.5131923,0.49088922,-1.108931,-0.18644035,0.658908,-0.70852876,0.04296532,1.3150431,-0.8831363,1
-1.498348,-1.2896428,0.2856727,-1.285458,-0.3795103,0.84350526,-0.8922361,0.23860824,1.095047,-0.6708856,1
-1.6557132,-1.3751844,0.083521985,-1.3475175,-0.17500393,0.62735087,-0.6748584,0.42759752,0.87257797,-0.8490231,1
-1.4986966,-1.1751844,0.28352198,-1.2114245,-0.23148586,0.55785906,-0.8748584,0.5580435,0.9749445,-1.0490232,1
-1.5374751,-1.244667,0.43763143,-1.2774677,-0.39053398,0.68593144,-0.9728447,0.32406196,0.99928004,-0.7684433,1
-1.3374751,-1.4446671,0.23763143,-1.4774678,-0.19053398,0.5957542,-0.77284473,0.18197462,0.79928005,-0.9684433,1
-1.3733478,-1.6235062,0.34985167,-1.2610314,0.009344229,0.39066228,-0.96032774,0.37706,0.9864229,-0.7585562,1
-1.4830455,-1.3418039,0.3956367,-1.3771755,-0.17971307,0.5567612,-1.0937307,0.20635115,0.74128616,-0.9035398,1
-1.2830454,-1.541804,0.5956367,-1.5771755,0.020286933,0.68171954,-0.8937307,0.23811507,0.5412862,-0.7035398,1
-1.0830454,-1.3418039,0.39563674,-1.4551898,0.22028694,0.8817195,-1.0937307,0.03811507,0.34128618,-0.9035398,1
-1.2438083,-1.1418039,0.19563673,-1.6551899,0.020286933,1.0817195,-0.8937307,0.19782028,0.14128618,-1.1031836,1
-1.0340415,-0.9329917,0.39193487,-1.8378314,0.20953661,0.9265034,-0.88900584,0.23545693,0.33809286,-1.2909901,1
-0.7706347,-0.78213805,0.5469338,-1.8829081,0.07189238,1.0084741,-1.0062157,0.03276136,0.12759455,-1.3776398,1
-0.5417406,-0.7442384,0.68666464,-1.9148408,0.04866274,0.74323934,-1.1088877,0.18949458,0.30116135,-1.4503419,1
-0.6901527,-0.8785668,0.5324154,-1.9574324,-0.14081179,0.63534576,-0.84567475,0.36240533,0.09412559,-1.5355611,1
-0.4874355,-1.0725876,0.3305726,-2.1454723,-0.33892244,0.76254684,-0.6420954,0.16150501,0.030268542,-1.3281572,1
-0.28218994,-1.2493637,0.19626267,-1.9099685,-0.5290874,0.5522807,-0.8267276,0.35490778,-0.16663398,-1.5002693,1
-0.074258305,-1.3094949,0.3580219,-1.8031759,-0.2973293,0.6796829,-0.9276447,0.13995862,-0.3312525,-1.5361872,1
0.112724654,-1.3532289,0.50025433,-1.7958031,-0.44065624,0.7886163,-0.65231746,-0.053825773,-0.117664956,-1.5564536,1
0.118636236,-1.1220859,0.681344,-1.9419066,-0.31843132,0.57272077,-0.82930064,-0.24697123,-0.3090864,-1.4892755,1
0.0030807992,-1.3212134,0.5143963,-1.7407568,-0.32213265,0.7722107,-0.62888527,-0.046940226,-0.10901441,-1.6881604,1
0.13632438,-1.4033049,0.29002762,-1.7903297,-0.112666205,0.8968551,-0.7646388,-0.22780001,-0.28506285,-1.4791502,1
-0.06367563,-1.2033049,0.090027615,-1.9903297,-0.14154348,0.7376927,-0.6960088,-0.027800009,-0.48506284,-1.4325572,1
0.12540396,-1.2908915,-0.10116292,-2.014871,-0.31418374,0.4946202,-0.45627543,-0.20955181,-0.63018507,-1.5017793,1
-0.06641401,-1.3164225,-0.2623205,-1.9719338,-0.45778576,0.26230493,-0.22816597,-0.3646303,-0.7391266,-1.5151205,1
-0.25078472,-1.2833736,-0.43519828,-2.0445166,-0.5566723,0.058649786,-0.10350825,-0.53150606,-0.88403237,-1.2379684,1
-0.050784722,-1.3436465,-0.23519827,-1.9689888,-0.3566723,-0.053112432,-0.30350825,-0.73150605,-1.0840324,-1.0379684,1
0.034099817,-1.5436466,-0.03519827,-1.7689887,-0.5566723,0.14688757,-0.50350827,-0.6364001,-1.2840325,-0.8379684,1
-0.15927874,-1.6740538,-0.22581099,-1.8904021,-0.3424367,0.2741999,-0.4036524,-0.8030175,-1.0826724,-0.6125057,1
-0.3347968,-1.7463522,-0.024052177,-1.5752147,-0.13273078,0.38302207,-0.56251836,-0.93467,-1.1952686,-0.75714,1
-0.13479678,-1.6989236,-0.14495377,-1.40791,-0.2410439,0.18302207,-0.39659816,-0.73467,-1.0606349,-0.55714,1
-0.3347968,-1.6716493,0.05504623,-1.20791,-0.041043893,0.38302207,-0.19659816,-0.93467,-1.2606349,-0.75714,1
-0.50957334,-1.7818737,-0.13811709,-1.3415065,-0.07466909,0.2936088,-0.3778928,-1.0811538,-1.229361,-0.9119969,1
-0.67925924,-1.5142936,-0.3236722,-1.4756509,0.11997658,0.0896097,-0.5532043,-1.1383859,-1.3682965,-0.6830774,1
-0.74665624,-1.4557573,-0.4446961,-1.4229424,-0.058847286,0.24593304,-0.6396119,-1.1365411,-1.3317784,-0.7498986,1
-0.9160861,-1.2152053,-0.44861108,-1.1834501,7.016032e-05,0.43153262,-0.4254156,-1.2933805,-1.482313,-0.9192237,1
-0.8911523,-1.2206558,-0.24620867,-1.3700814,-0.19799785,0.62542987,-0.619372,-1.0828147,-1.2699215,-1.0857856,1
-0.69115233,-1.4206558,-0.046208665,-1.5700815,0.0020021498,0.42542988,-0.41937202,-0.9995582,-1.2937244,-0.88578564,1
-0.4517102,-1.4905086,0.14144108,-1.6279346,0.15068823,0.5752045,-0.5696331,-1.1032274,-1.0058925,-0.99859124,1
-0.25171018,-1.2905085,0.24115297,-1.6223147,-0.049311772,0.5143264,-0.7696331,-1.2398183,-0.8058925,-0.9015934,1
-0.10998112,-1.423254,0.42124733,-1.7400885,0.14388889,0.3001434,-0.56097883,-1.374851,-0.5785535,-1.0518874,1
-0.28606865,-1.4980335,0.20417994,-1.7904269,0.31736073,0.4341932,-0.33313233,-1.084221,-0.7184946,-1.1553148,1
-0.47971413,-1.6758347,0.39889595,-1.5696347,0.5105971,0.6259022,-0.5261625,-0.8726613,-0.5117162,-1.1772338,1
-0.26472288,-1.7752997,0.18823615,-1.6747915,0.67251277,0.7816381,-0.68724394,-0.63661015,-0.37643063,-0.92485917,1
-0.06472288,-1.5752996,-0.011763856,-1.4747914,0.87251276,0.8636384,-0.8872439,-0.43661016,-0.17643063,-1.1248592,1
0.13527712,-1.7752997,-0.21176386,-1.2747914,0.67251277,1.0636384,-0.68724394,-0.63661015,-0.2720198,-1.1436542,1
0.33527714,-1.5752996,-0.011763856,-1.0747913,0.47251278,1.2636385,-0.64754885,-0.6139657,-0.0720198,-1.3436543,1
0.22306325,-1.5514725,0.18253863,-1.236206,0.2642644,1.3880202,-0.43400252,-0.7352895,0.12410651,-1.4969312,1
0.021806791,-1.2778462,0.36169848,-1.3579637,0.06076337,1.2563275,-0.599463,-0.8843363,0.30644968,-1.6044849,1
-0.17819321,-1.0949589,0.16169848,-1.1579636,0.26076338,1.4563276,-0.399463,-0.6843363,0.5064497,-1.4044849,1
-0.3781932,-0.8949589,0.36169848,-1.1177998,0.4607634,1.2563275,-0.199463,-0.8843363,0.3064497,-1.6044849,1
-0.1781932,-1.0949589,0.16169848,-0.9177998,0.2607634,1.0563275,-0.399463,-0.6843363,0.5064497,-1.4764364,1
-0.22516735,-1.294959,0.36169848,-1.1177998,0.4607634,1.2563275,-0.40089175,-0.8843363,0.7064497,-1.3330351,1
-0.025167346,-1.0949589,0.16169848,-1.2409667,0.2607634,1.4563276,-0.60089177,-1.0843363,0.5064497,-1.1330351,1
-0.20551576,-1.1819408,0.33013105,-1.0885148,0.42055005,1.5117707,-0.7309935,-1.1722453,0.6447939,-1.2166938,1
-0.37871942,-1.2906226,0.12153203,-1.2033702,0.20597617,1.5986575,-0.49590564,-0.90799963,0.55582297,-1.3230791,1
-0.15694213,-1.3089876,-0.06890651,-1.232367,0.005247963,1.5794879,-0.259849,-0.97298795,0.66372454,-1.3374892,1
0.04141692,-1.3017888,-0.25865838,-1.377779,-0.16761938,1.326915,-0.44232398,-0.7435291,0.7836046,-1.478895,1
0.24141693,-1.1017888,-0.058658376,-1.177779,-0.3435475,1.5269151,-0.62977916,-0.5435291,0.9836046,-1.2788949,1
0.4395003,-0.8978732,-0.2575353,-1.3717967,-0.14292422,1.3211536,-0.7827434,-0.34203753,1.1784655,-1.4724736,1
0.43914804,-0.69787323,-0.24300367,-1.1717967,0.057075784,1.4022738,-0.5827434,-0.14203753,0.9784655,-1.6724737,1
0.23914804,-0.8978732,-0.043003663,-1.24116,-0.14292422,1.2022737,-0.38274342,0.057962477,0.7784655,-1.4931414,1
0.039148033,-1.0978732,0.15699634,-1.4411601,-0.33527625,1.4022738,-0.3930318,-0.14203753,0.5784655,-1.6931415,1
0.08639084,-0.89290136,0.3498141,-1.2506367,-0.13255468,1.5700383,-0.5811009,-0.3351562,0.37085134,-1.8543657,1
-0.11247307,-1.0819722,0.54431593,-1.4361303,0.06677087,1.5456576,-0.37728986,-0.13380463,0.47085857,-1.6378219,1
0.086851195,-1.1081804,0.73856956,-1.6234988,0.2647113,1.522047,-0.17592111,0.06568432,0.26876748,-1.4453237,1
-0.09952313,-1.1506459,0.8255445,-1.6039083,0.40874955,1.3876474,0.021179246,0.23368989,0.41231725,-1.4471895,1
-0.28545174,-1.2871935,0.97736514,-1.4491671,0.58015096,1.5130608,-0.03146688,0.35453838,0.20234272,-1.1885973,1
-0.077019356,-1.3404373,1.0611827,-1.2095039,0.70316565,1.544016,0.15190226,0.4998165,0.0021115367,-1.2070484,1
0.12298065,-1.1404372,1.0314232,-1.0751096,0.50316566,1.744016,-0.048097745,0.63524926,-0.19788846,-1.1351768,1
0.23865663,-1.3093275,0.81474096,-1.1615981,0.2961296,1.898898,0.14837681,0.8158642,0.0020625333,-0.9134726,1
0.419282,-1.4426634,0.96992177,-1.0212884,0.09188375,1.6238608,-0.049343098,0.9709954,-0.18919495,-1.0642926,1
0.48466644,-1.448481,1.031623,-1.0769175,0.12655695,1.6082587,0.13284746,0.6798545,-0.34318745,-1.114838,1
0.28466642,-1.2484809,0.831623,-1.0920331,-0.073443055,1.579249,0.24924326,0.8798545,-0.54318744,-1.314838,1
0.077862024,-1.1119459,0.58086133,-1.1599976,0.03343881,1.636256,0.04528572,0.9930697,-0.68345964,-1.393095,1
0.15590408,-1.1766095,0.3587694,-1.2811106,0.21989815,1.651183,0.23105787,1.1238655,-0.45541647,-1.2339772,1
0.34889993,-1.3495181,0.44834155,-1.0598345,0.019506553,1.814752,0.4225747,0.90568393,-0.642518,-1.0136286,1
0.525147,-1.4824648,0.2647506,-1.1361697,0.2100077,1.5448756,0.29725766,1.0578369,-0.4233686,-1.1611105,1
0.28820103,-1.4912887,0.17367105,-1.1843426,0.008870534,1.5466079,0.35619947,1.1149106,-0.20656793,-1.2064494,1
0.079240486,-1.5194668,0.22055809,-1.2437041,-0.031032931,1.569166,0.4996939,0.8219627,-0.3230141,-1.263565,1
0.2792405,-1.3194667,0.36823592,-1.099752,0.16896707,1.3691659,0.6996939,0.6219627,-0.5033369,-1.3865583,1
0.47924048,-1.1194667,0.17542562,-1.299752,-0.031032935,1.1691658,0.79837394,0.6042052,-0.30333692,-1.1865582,1
0.2792405,-1.3194667,-0.024574384,-1.499752,0.0072290823,1.3691659,0.59837395,0.4042052,-0.4636544,-0.98655826,1
0.22257435,-1.4246927,-0.21056695,-1.5937331,0.19430353,1.471292,0.70209074,0.56651896,-0.28686914,-1.1125488,1
0.3937158,-1.1410557,-0.009845309,-1.6712351,-0.0053074504,1.5571557,0.8404849,0.34148857,-0.08093665,-1.222912,1
0.17253205,-1.1944048,-0.028441751,-1.5345474,0.17340198,1.5650023,0.9267029,0.4822742,0.106043205,-1.2673098,1
-0.02602839,-0.9422893,-0.21646939,-1.6404566,0.35383245,1.2934641,1.0676538,0.64651704,0.29000384,-1.3904098,1
0.12493656,-0.7422893,-0.04314217,-1.7161902,0.5538325,1.093464,1.1927258,0.5115775,0.09000383,-1.362909,1
0.04377717,-0.53624696,-0.240433,-1.8948394,0.745433,0.88350874,1.3772075,0.7036488,-0.10877055,-1.1499513,1
0.234689,-0.7087992,-0.35270566,-1.6928355,0.90912825,0.6580271,1.3188449,0.8699601,0.08782836,-1.2996243,1
0.38626066,-0.81893784,-0.13760623,-1.6669984,0.9994585,0.773186,1.3686627,0.9641633,0.02951966,-0.99089426,1
0.1808682,-0.9894384,-0.22781116,-1.424527,1.1647328,0.78829163,1.1348286,1.1304594,-0.1613843,-1.1564164,1
0.36464703,-0.7558163,-0.026626678,-1.5553385,1.1068164,0.9462003,1.1372129,1.2737952,0.036971062,-0.9156827,1
0.2283512,-0.88937044,-0.21087219,-1.633312,0.9414463,1.0665195,1.138552,0.9991478,0.22049746,-1.0381234,1
0.027424425,-0.9800911,-0.010516782,-1.7733825,1.1041334,1.225118,0.9078714,0.77302426,0.30753157,-0.8107258,1
-0.16250806,-1.1112484,-0.1982359,-1.8582617,0.8513891,1.3419812,1.0432417,0.53959584,0.10125851,-0.575098,1
-0.30901957,-0.8746108,-0.032614052,-1.828192,0.93386626,1.3696207,1.1042739,0.65692484,0.26758423,-0.5706782,1
-0.099299654,-0.97880125,-0.21187478,-1.6367694,1.0327736,1.4296774,1.1879882,0.7006334,0.42589563,-0.33762947,1
0.09918459,-1.1610577,-0.011696039,-1.4151428,1.2142177,1.6051472,0.97311676,0.49309778,0.6164745,-0.13555785,1
-0.09193554,-0.9642062,-0.19159093,-1.4728802,1.2896527,1.5259993,1.0697881,0.2672816,0.744559,-0.30600172,1
0.10733805,-0.75906914,0.008352541,-1.2643238,1.4796392,1.7143971,1.0780077,0.33280823,0.54089844,-0.3461011,1
0.093818426,-0.5962065,-0.19164746,-1.2592891,1.2796391,1.7773619,0.8780077,0.13280822,0.74089843,-0.5461011,1
-0.10109392,-0.5924422,-0.3728818,-1.3893678,1.0279086,1.8826172,1.0263553,-0.06397231,0.89581555,-0.32951778,1
-0.2875507,-0.756798,-0.5471135,-1.2435106,1.172677,1.6069328,1.0616086,-0.2520988,1.0465256,-0.5057,1
-0.38072383,-0.8820411,-0.6887397,-1.3307257,1.2654265,1.2970057,0.79428905,-0.41677523,1.1491317,-0.6505619,1
-0.5355374,-0.99784696,-0.45071062,-1.293632,1.351401,1.3805228,0.91692287,-0.5687836,0.87527925,-0.42234108,1
-0.7025863,-0.76210445,-0.6215596,-1.4267193,1.0998197,1.5097175,0.68480563,-0.73434305,0.8082407,-0.594461,1
-0.606995,-0.7025384,-0.76945615,-1.4728477,0.84275293,1.5913365,0.82869107,-0.6474199,0.9442979,-0.36944425,1
-0.72624344,-0.8122263,-0.5124738,-1.505455,0.8757541,1.51275,0.86212254,-0.40264907,1.0297943,-0.5124631,1
-0.52624345,-0.6122263,-0.7124738,-1.7054551,0.67575413,1.31275,0.66212255,-0.20264907,1.2297944,-0.7124631,1
-0.57449406,-0.77751946,-0.49057555,-1.8240341,0.8383327,1.4481095,0.44237584,-0.0025358729,1.1231542,-0.49056527,1
-0.77449405,-0.8382873,-0.69057554,-2.024034,0.6383327,1.2481095,0.24237584,-0.11316966,0.9231542,-0.29056525,1
-0.8401854,-0.82376045,-0.7678329,-1.917509,0.7227904,1.2485254,0.38140586,-0.07604714,0.9683566,-0.4229536,1
-0.8497684,-0.9151484,-0.86515427,-1.7712909,0.46732694,1.2948495,0.5197238,0.05335545,1.0444043,-0.54374903,1
-1.0121721,-0.6895361,-1.0270069,-1.6342734,0.6434273,1.441313,0.3082732,0.24428177,0.99159104,-0.38093904,1
-1.0095072,-0.68532175,-0.8085175,-1.7932646,0.4335136,1.6046183,0.49690974,0.04329176,0.7738935,-0.17689379,1
-1.122246,-0.4503077,-0.56461537,-1.8494585,0.58780813,1.6744223,0.6043737,-0.0043243794,0.53248936,0.021439195,1
-1.2296647,-0.23278156,-0.47404534,-1.8320215,0.36065447,1.7431785,0.37606016,-0.19001794,0.6812017,0.2059344,1
-1.3670505,-0.03134584,-0.6445246,-1.9430263,0.15361838,1.4755927,0.16834936,0.009544886,0.8426082,0.0056744968,1
-1.1053985,0.15974465,-0.7999108,-2.0298164,-0.043931413,1.3957434,-0.029978635,-0.18039393,0.9875303,-0.18405984,1
-0.90539855,0.35974467,-0.9999108,-1.8298163,-0.21468718,1.5957434,0.17002137,0.019606069,0.7875303,-0.38405985,1
-0.68094844,0.3936274,-1.1583202,-1.9594601,-0.014178102,1.3473649,0.3571959,-0.17414123,0.9533011,-0.5638155,1
-0.70610434,0.4061939,-1.195269,-1.9002409,0.02254036,1.361621,0.13832629,-0.21002837,1.0148602,-0.5908723,1
-0.81547934,0.4201879,-1.2456985,-1.745941,-0.15971082,1.4054339,-0.055505354,-0.1953896,1.0933547,-0.5665038,1
-0.9214354,0.19979621,-0.9488559,-1.7657268,-0.32639787,1.4567541,0.056644548,0.004183433,1.1735767,-0.6955176,1
-1.0169581,-0.00018480259,-0.6790896,-1.7825922,-0.47735664,1.5024046,0.23273455,0.18516092,1.245609,-0.44935328,1
-1.1561728,-0.19018584,-0.46599194,-1.8835644,-0.26350302,1.6170657,0.031099495,0.36592263,0.9933822,-0.2368984,1
-0.9881835,-0.3570323,-0.24339098,-1.9065268,-0.42411983,1.6626723,-0.15454927,0.20032673,1.0919822,-0.0337632,1
-0.8361137,-0.14727654,-0.040695276,-1.9756572,-0.2101962,1.7469523,-0.33252263,0.17242599,1.0440084,-0.21924047,1
-0.9449213,-0.02108817,-0.21951075,-1.9122182,-0.37409323,1.7755935,-0.48565322,0.33964732,0.8704659,-0.017547041,1
-0.74362123,0.17859958,-0.4187786,-2.1085317,-0.1737894,1.5728437,-0.2851547,0.1394036,1.0685977,-0.21716736,1
-0.84483266,0.33896366,-0.5501412,-2.0668495,-0.33465704,1.5872431,-0.4343634,0.1608151,0.7819667,-0.37349373,1
-0.94582415,0.12579544,-0.6790577,-2.0520425,-0.48399287,1.6178837,-0.34465545,0.3266242,0.561839,-0.15705343,1
-0.73436815,-0.07306477,-0.5156882,-2.2174509,-0.6734866,1.3961047,-0.28073204,0.51853514,0.7212303,0.04228691,1
-0.9226203,0.12533928,-0.70668983,-1.9920853,-0.7655703,1.5760369,-0.47468778,0.3145302,0.5146769,-0.07815138,1
-0.710733,-0.07343253,-0.49835464,-2.156025,-0.70397377,1.3534007,-0.663589,0.506066,0.70292026,-0.27357572,1
-0.5089331,0.12612145,-0.2973032,-2.3477223,-0.50219774,1.2224548,-0.4619553,0.36423087,0.8997383,-0.4719068,1
-0.7004606,-0.072995625,-0.09614032,-2.1220546,-0.3468838,1.405455,-0.46067864,0.24977608,1.0865953,-0.66387683,1
-0.9004606,-0.27299562,-0.2961403,-1.9220545,-0.1468838,1.4085922,-0.6142474,0.049776077,0.8865953,-0.8638768,1
-1.095096,-0.47068983,-0.09567164,-2.0834699,0.05285727,1.2027004,-0.412228,-0.14949161,0.6832482,-1.0586905,1
-0.895096,-0.6706898,-0.29567164,-1.9315294,-0.14714274,1.2223916,-0.21222799,-0.22347394,0.64784455,-1.1932471,1
-0.94218796,-0.47068983,-0.49567163,-1.7315294,-0.12884791,1.0271422,-0.16007274,-0.42347395,0.84784454,-1.3381593,1
-1.142188,-0.6459142,-0.29567164,-1.5315293,-0.1761738,0.8271422,0.03992726,-0.22347395,1.0478445,-1.5381594,1
-1.2646528,-0.7970476,-0.31959596,-1.5138289,0.022449812,0.7627183,0.15355907,-0.3990108,1.1757594,-1.4913437,1
-1.3242743,-0.9014863,-0.46979567,-1.5495683,0.20112927,0.508785,0.31967247,-0.5415991,0.8822385,-1.5292382,1
-1.0628561,-0.6631647,-0.63320535,-1.6539909,0.37921593,0.29191637,0.49128318,-0.32293785,1.0231168,-1.6347715,1
-0.88606495,-0.6780257,-0.7902177,-1.7583379,0.54933244,0.46653688,0.276255,-0.49595788,1.1600125,-1.3607472,1
-1.0404817,-0.8411741,-0.9486573,-1.8761445,0.7178822,0.25535008,0.21566164,-0.28353623,0.9197198,-1.1120294,1
-1.1254749,-0.9446454,-1.0421636,-1.8836621,0.46986863,0.27647278,0.014209628,-0.4387069,1.015909,-0.8274739,1
-0.92547494,-1.1446455,-0.8421636,-1.683662,0.42273465,0.076472774,0.21420963,-0.53000736,0.81590897,-1.0274739,1
-1.1254749,-0.94464546,-0.7849602,-1.483662,0.62273467,0.27647278,0.41420963,-0.73000735,0.65103006,-0.9652455,1
-1.325475,-0.7446455,-0.9849602,-1.683662,0.42273468,0.4764728,0.21420963,-0.53000736,0.738952,-0.7652455,1
