pca_0,pca_1,pca_2,pca_3,pca_4,pca_5,pca_6,pca_7,pca_8,pca_9,target
-0.14196555,0.10190207,0.043887693,0.03554184,-0.2,-0.005089313,-0.09091958,-0.2,0.0057878257,0.16041851,0
-0.34196556,0.22239992,0.028206721,0.069955796,-0.11975681,0.029377218,0.10908043,-0.35454136,-0.09049476,-0.019571334,0
-0.5391995,0.022399917,-0.17179328,0.18176216,-0.3197568,0.22937723,-0.09091958,-0.55454135,0.054568596,-0.21957134,0
-0.6856618,0.22239992,0.028206721,0.38176215,-0.1197568,0.42937723,0.0004951954,-0.75454134,-0.1454314,-0.30287245,0
-0.6618304,0.080240354,-0.17179328,0.58176214,-0.1715835,0.54530203,-0.0032080144,-0.55454135,0.054568604,-0.41772318,0
-0.8618304,0.28024036,-0.37179327,0.38176215,-0.17983918,0.34542966,-0.19156063,-0.4753161,0.15628472,-0.61772317,0
-0.9475254,0.1876578,-0.57179326,0.24324535,-0.03286414,0.54542965,-0.34804398,-0.27531612,0.2768686,-0.7806031,0
-1.0029582,0.04349555,-0.46332335,0.44324535,-0.030768685,0.74542964,-0.14804398,-0.34045985,0.35387707,-0.9155726,0
-1.2029582,0.14277825,-0.26332337,0.24324535,0.06594691,0.60432124,0.051956028,-0.19443877,0.15387706,-1.0158718,0
-1.3876088,0.25428867,-0.20823969,0.043245345,0.17867795,0.4694565,-0.05096285,0.0055612326,0.35387707,-0.954299,0
-1.2165413,0.31940317,-0.020370021,-0.15675466,-0.021322057,0.3127976,0.12427561,-0.19443877,0.55387706,-1.154299,0
-1.3699851,0.11940317,0.17962998,-0.35675466,-0.13632387,0.5127976,-0.07572439,-0.069983326,0.35387707,-1.207323,0
-1.3349456,0.31940317,-0.020370021,-0.28683075,-0.19108962,0.3127976,-0.1637207,0.13001668,0.3694763,-1.407323,0
-1.4292524,0.51940316,-0.08271073,-0.1673936,-0.39108962,0.31415904,-0.36372072,0.1949386,0.5694763,-1.4382088,0
-1.506971,0.71940315,-0.040895183,-0.051103167,-0.35480988,0.514159,-0.49644187,0.3949386,0.7694763,-1.2900124,0
-1.4590931,0.5641174,0.0036277846,0.1397995,-0.55480987,0.31415904,-0.6964419,0.19493859,0.5694763,-1.4900124,0
-1.5855775,0.7398336,-0.09926738,0.33979952,-0.75480986,0.514159,-0.8964419,-0.005061418,0.36947632,-1.6274835,0
-1.3855774,0.7651727,-0.29926738,0.13979952,-0.95480984,0.31415904,-1.0964419,-0.20506142,0.5694763,-1.7271628,0
-1.3601435,0.56517273,-0.21429518,-0.060200483,-0.75480986,0.514159,-1.2964419,-0.3337505,0.6375703,-1.9271629,0
-1.2647367,0.59780735,-0.067739934,-0.2586044,-0.9340357,0.7097783,-1.0897162,-0.39878875,0.8324326,-1.885719,0
-1.3116893,0.714446,0.10583042,-0.052480947,-0.9163558,0.81471735,-0.955846,-0.40201777,0.92455584,-1.8225116,0
-1.4813468,0.5041201,0.106733486,-0.24741317,-1.0020282,0.64656353,-0.74067473,-0.5899341,1.1019838,-1.7163256,0
-1.3424486,0.39563373,-0.014984829,-0.26255584,-1.0864234,0.74839115,-0.8502055,-0.35243228,1.1767658,-1.7320234,0
-1.2964913,0.19997217,-0.07321968,-0.062555835,-0.8864234,0.54839116,-0.7040301,-0.5524323,0.9767658,-1.7016823,0
-1.0964912,0.39997217,-0.019895438,-0.26255584,-0.8145716,0.74839115,-0.6267333,-0.7524323,0.8635052,-1.7523813,0
-1.2964913,0.19997217,-0.09419991,-0.46255583,-1.0123316,0.6603556,-0.6694256,-0.5524323,0.8830935,-1.8620634,0
-1.2772901,-2.7530325e-05,0.10464065,-0.34192383,-1.1990459,0.8509271,-0.6122287,-0.34857005,1.0712241,-1.8533845,0
-1.2119439,0.029269654,-0.08188351,-0.13924168,-0.9801655,1.0310662,-0.7509648,-0.5382029,1.2471999,-1.7525126,0
-1.2393591,-0.15118001,0.10345642,-0.3003951,-0.8950065,1.0900967,-0.5405238,-0.6536712,1.281481,-1.7289302,0
-1.225907,-0.19488026,-0.0941189,-0.3048107,-0.6775515,1.2576962,-0.33197165,-0.44227734,1.444274,-1.7102013,0
-1.3391354,0.004808186,0.099437855,-0.44582888,-0.8241493,1.3689902,-0.49959925,-0.60319245,1.1685554,-1.5702621,0
-1.4260663,0.053024273,0.2900615,-0.51954013,-0.70107216,1.555212,-0.6934557,-0.3996518,0.96005,-1.4618411,0
-1.165293,-0.13676246,0.31749186,-0.66953963,-0.46625292,1.6332433,-0.83136994,-0.5579823,0.8920077,-1.5463607,0
-0.97054976,-0.31607628,0.11027473,-0.81612676,-0.6253273,1.7206335,-0.75411725,-0.502055,0.8436329,-1.5478444,0
-0.8368586,-0.116076276,-0.08972527,-0.6161268,-0.4253273,1.6868516,-0.67867386,-0.302055,1.0436329,-1.4374622,0
-0.8007814,-0.03302806,-0.28972527,-0.4161268,-0.2253273,1.7229639,-0.64705163,-0.502055,0.8436329,-1.6374623,0
-0.6506358,0.044553705,-0.10781263,-0.25642443,-0.4253273,1.7994301,-0.73004913,-0.702055,0.8505337,-1.4374622,0
-0.6262602,-0.15544629,-0.009912856,-0.12916552,-0.2253273,1.8477557,-0.53004915,-0.84826905,1.0441351,-1.559613,0
-0.43087214,-0.34815925,-0.2039764,-0.040587917,-0.025327295,2.0477557,-0.6222759,-1.048269,0.8441351,-1.4757404,0
-0.5020254,-0.40438735,-0.2518376,0.1381401,-0.14887315,2.0936828,-0.3933309,-1.1627063,0.59998274,-1.4932158,0
-0.30202544,-0.20438735,-0.25143915,-0.061859906,0.051126853,2.2936828,-0.1933309,-0.96270627,0.7680106,-1.2932158,0
-0.5020254,-0.27830887,-0.08985837,-0.027517509,0.25112686,2.1856165,-0.21651104,-0.7627063,0.9680106,-1.2498038,0
-0.503137,-0.07481275,0.046549086,-0.21735995,0.04884428,2.2791102,-0.3979158,-0.85179317,1.1158645,-1.1687908,0
-0.51563066,-0.27481276,-0.14074273,-0.41735995,0.13744421,2.0791101,-0.1979158,-0.6517932,0.9158645,-1.3687909,0
-0.31563067,-0.47481275,-0.34074274,-0.30136496,-0.06255579,1.8791101,0.0020841956,-0.85179317,0.71586454,-1.5687909,0
-0.15528259,-0.664027,-0.14074273,-0.50136495,-0.26255578,2.0791101,-0.13751899,-0.9026466,0.83567566,-1.4597397,0
-0.2774166,-0.5868807,-0.30298615,-0.42112356,-0.4113015,2.0265696,-0.2141028,-0.98046595,0.92091584,-1.4758295,0
-0.2974015,-0.37193352,-0.4835532,-0.59712636,-0.3337397,2.1405458,-0.39810386,-0.75031257,0.6930632,-1.5125228,0
-0.10073033,-0.31067476,-0.28355318,-0.6297084,-0.5337397,1.9405458,-0.52051455,-0.76528054,0.8930632,-1.5926135,0
0.07732338,-0.29201022,-0.48355317,-0.42970842,-0.6107609,1.7405457,-0.32051456,-0.9252505,0.6930632,-1.574761,0
0.16385964,-0.18616277,-0.43866083,-0.2846411,-0.41076094,1.5405457,-0.52051455,-0.7252505,0.4930632,-1.5215845,0
0.10514912,0.013837233,-0.46080503,-0.48464108,-0.38251087,1.7405457,-0.32051456,-0.921036,0.29306322,-1.3835704,0
-0.09485088,-0.18616277,-0.260805,-0.44599146,-0.5825109,1.9405458,-0.26152432,-0.88066465,0.4930632,-1.5333318,0
-0.05851348,-0.11509873,-0.460805,-0.2888937,-0.45888308,1.9336216,-0.4615243,-1.0806646,0.29306322,-1.702728,0
-0.122689664,-0.10497676,-0.260805,-0.4888937,-0.25888306,1.7336216,-0.26152432,-1.0417444,0.4930632,-1.9027281,0
-0.17645305,0.095023245,-0.460805,-0.2888937,-0.45888305,1.5336215,-0.061524317,-0.84174436,0.62472594,-1.8641177,0
-0.091038994,0.29502326,-0.5402061,-0.48647124,-0.65888304,1.7336216,-0.0038334467,-1.0417444,0.42472595,-1.7043507,0
0.107808314,0.14765508,-0.42618844,-0.28344068,-0.7964447,1.7165048,-0.12141845,-1.228608,0.22234857,-1.8842046,0
0.25913653,0.3476551,-0.22618844,-0.08344068,-0.68485534,1.5165048,0.07858156,-1.1577266,0.42234856,-1.8488109,0
0.29280442,0.5476551,-0.09870264,0.11655933,-0.88485533,1.4890972,0.27858156,-1.2100604,0.33419463,-1.7316073,0
0.09280442,0.34765512,-0.083908975,0.19932392,-0.68485534,1.6890973,0.07858156,-1.0100603,0.13419463,-1.8836944,0
0.2678033,0.40180853,-0.28390896,0.16970918,-0.48485535,1.4890972,0.27858156,-1.2100604,-0.065805376,-1.9953077,0
0.32484517,0.5254128,-0.48390895,0.26888448,-0.28485537,1.551755,0.07858156,-1.4100604,0.13419463,-1.7953076,0
0.34468132,0.71927625,-0.28989145,0.384106,-0.48075378,1.7369362,-0.12039132,-1.3457322,-0.065248705,-1.7476968,0
0.2493754,0.91927624,-0.3656171,0.25768495,-0.2807538,1.7262791,0.079608686,-1.1457322,-0.26524872,-1.7916435,0
0.04812556,0.9587238,-0.48758444,0.44609958,-0.07870967,1.4876444,0.18946901,-1.3116678,-0.063597076,-1.9136595,0
-0.14269066,0.85340846,-0.52160865,0.34329498,0.11395597,1.4233043,-0.009894189,-1.3596467,-0.17406222,-1.9858475,0
-0.061595976,0.65340847,-0.32160866,0.31742865,0.31395596,1.2233043,5.3867698e-05,-1.1596466,-0.10100705,-2.1858475,0
-0.056260373,0.82695514,-0.37146187,0.11378868,0.4980247,0.9915846,-0.06369992,-1.2234374,-0.29167667,-2.3118927,0
0.14225844,0.83252615,-0.18350896,0.3105552,0.29495367,0.7834276,-0.11318226,-1.0128912,-0.4866101,-2.4860084,0
0.103406966,0.92521465,-0.24548455,0.3739016,0.17298491,0.80191344,-0.2806329,-1.0868342,-0.4763138,-2.4027886,0
-0.0693841,0.711393,-0.29548302,0.17058726,-0.026500218,0.98281825,-0.07909615,-1.1712726,-0.2710476,-2.4401758,0
0.1306159,0.7857209,-0.09548302,0.09620744,-0.22650021,0.78281826,0.12090385,-0.97127265,-0.07104759,-2.5206878,0
0.31959885,0.5857209,-0.29548302,-0.020603538,-0.30947557,0.8141109,-0.07909615,-1.1712726,0.12895241,-2.36177,0
0.50480026,0.37473527,-0.09276359,0.040512305,-0.10635761,0.7993321,0.11746041,-1.313707,0.3195836,-2.470325,0
0.40734977,0.19401917,-0.22903143,-0.15161176,-0.29122886,0.7411428,0.30178338,-1.4389561,0.15831989,-2.4290204,0
0.4479197,0.20344974,-0.2860436,-0.33510828,-0.08694688,0.5157434,0.10184804,-1.4782053,0.2708151,-2.453875,0
0.49379334,0.0031629857,-0.44564223,-0.123877674,-0.10265704,0.46965328,0.27675754,-1.538708,0.43167958,-2.3833878,0
0.48788434,0.1923113,-0.3965244,-0.315183,-0.004096439,0.47298178,0.074696936,-1.4535528,0.38605782,-2.4448411,0
0.48433974,0.23289676,-0.40439636,-0.11518301,-0.20409644,0.6729818,-0.027907833,-1.2973034,0.58605784,-2.3891585,0
0.40340933,0.031103967,-0.23196185,0.08019468,-0.0038731883,0.44720548,0.16271359,-1.4157043,0.7432197,-2.448056,0
0.26392424,0.23110397,-0.13937066,0.2801947,0.12652412,0.24720548,-0.037286416,-1.2157042,0.58994246,-2.286551,0
0.11270265,0.242576,-0.1842067,0.22537772,0.18928544,0.21136124,0.12726127,-1.0157042,0.38994247,-2.2908614,0
0.20631933,0.042576,-0.26059324,0.34467855,0.38928545,0.26319513,0.025150225,-1.2157042,0.22146422,-2.346156,0
0.3576482,0.242576,-0.46059322,0.54467857,0.4376294,0.46290714,-0.00038214028,-1.4157043,0.10899908,-2.3167324,0
0.4830561,0.4424468,-0.411465,0.34457797,0.23756003,0.4591997,-0.17649898,-1.6152327,0.26909593,-2.3028286,0
0.30614528,0.22792318,-0.4959803,0.25306413,0.058903866,0.24367249,-0.12705795,-1.7064924,0.13057782,-2.3528984,0
0.177728,0.3221248,-0.6151501,0.051875796,-0.13793641,0.4337368,0.07130857,-1.4727557,-0.063005194,-2.4694793,0
0.043899983,0.5221248,-0.4451311,-0.1481242,-0.3379364,0.6337368,-0.02019094,-1.5080754,0.13699481,-2.3521183,0
-0.15554756,0.32098478,-0.24426353,-0.34689215,-0.13744822,0.83078605,0.021443421,-1.7020303,-0.06278221,-2.254411,0
0.040877968,0.47909176,-0.040704243,-0.21329801,-0.28869125,0.759221,-0.06155968,-1.7490858,0.12618394,-2.2322352,0
0.083689526,0.27909178,-0.24070424,-0.413298,-0.48869127,0.78102666,0.0757892,-1.5490857,0.32618394,-2.1294644,0
0.2719402,0.40547618,-0.42245194,-0.38902774,-0.38020444,0.76238185,-0.11906647,-1.6766454,0.50439143,-2.1508884,0
0.24608438,0.19873798,-0.34734365,-0.2328041,-0.17429498,0.78852963,-0.3086033,-1.648621,0.68129224,-2.1898851,0
0.26326454,0.38127947,-0.45176268,-0.41385406,0.024579545,0.6251422,-0.33948252,-1.7676803,0.81535894,-2.028249,0
0.4391463,0.50982696,-0.38098857,-0.20272051,0.21288761,0.5672058,-0.13222085,-1.8652401,0.9624979,-1.8896906,0
0.48428166,0.51604325,-0.32274002,-0.38804457,0.012417961,0.7392472,-0.097760275,-1.9899786,0.8470301,-1.7351543,0
0.49794108,0.5593375,-0.24670947,-0.53814006,-0.1736387,0.4991639,-0.27562717,-2.027193,0.6443185,-1.7913104,0
0.4182314,0.48744798,-0.4411197,-0.4336414,-0.24824904,0.29542038,-0.37425599,-1.9665315,0.8337534,-1.8312523,0
0.2384843,0.6872817,-0.6217789,-0.6334882,-0.04823737,0.1867565,-0.5741171,-1.7661043,1.0335034,-1.7688371,0
0.14671552,0.71445686,-0.75127304,-0.39958286,-0.14740844,-0.012207654,-0.65826887,-1.8123252,1.0655789,-1.693745,0
-0.05328448,0.51445687,-0.55127305,-0.48450792,-0.2124332,-0.21220766,-0.45826888,-1.6123252,0.86557895,-1.8937451,0
0.07556479,0.31445688,-0.7346067,-0.5918066,-0.031881407,-0.3621156,-0.3592647,-1.4123251,0.66557896,-2.0070016,0
-0.11938544,0.49357942,-0.8147167,-0.75967383,0.16129608,-0.1982234,-0.5365689,-1.5468946,0.52116907,-2.117438,0
-0.076705724,0.6330273,-0.8446916,-0.8758906,-0.03532492,-0.3145431,-0.56567997,-1.5334457,0.6369947,-1.9837605,0
0.11550502,0.434427,-0.978692,-0.63319045,0.14628948,-0.2633965,-0.43254238,-1.6022668,0.7841166,-1.9947916,0
0.12512349,0.60677606,-0.8279622,-0.41431022,0.27586478,-0.072821505,-0.3283194,-1.5699443,0.9412247,-2.0540607,0
-0.004744082,0.74945515,-0.71310973,-0.50958,0.4420549,0.118142545,-0.49078268,-1.38238,0.961468,-2.0939112,0
-0.20474409,0.54945517,-0.8298037,-0.70958,0.6420549,0.1772938,-0.2907827,-1.299683,0.761468,-1.9928861,0
-0.1766729,0.4790259,-0.6365636,-0.90958,0.44205493,0.19158265,-0.16612726,-1.0996829,0.961468,-2.1034038,0
-0.015949458,0.41098773,-0.4365636,-0.8882146,0.6392349,0.37097144,0.03387274,-1.1993365,0.761468,-1.9370428,0
-0.21594946,0.5005425,-0.6365636,-0.80998737,0.4392349,0.17097144,0.23387274,-1.1781949,0.561468,-2.116742,0
-0.19184764,0.695501,-0.6944371,-1.0027189,0.2599279,-0.02881966,0.03362897,-1.3682767,0.3588667,-2.2183988,0
-0.30743045,0.77703214,-0.61661917,-0.7989213,0.15654834,-0.038997456,0.061315347,-1.4872094,0.43195328,-2.203418,0
-0.09510388,0.8649276,-0.72292036,-0.7515119,0.315638,-0.21157491,0.048809875,-1.4936192,0.50090283,-2.12765,0
-0.14498608,0.6411876,-0.8899692,-0.571628,0.11150937,-0.23165756,0.23992659,-1.3529937,0.6758784,-2.2445457,0
0.05264775,0.42221195,-1.0430892,-0.64195186,-0.011716119,-0.41309175,0.038209327,-1.4861988,0.45541066,-2.1749482,0
-0.14124432,0.21300098,-0.83876187,-0.8070519,-0.20294023,-0.26728055,0.22833528,-1.6163038,0.24482359,-2.1777713,0
-0.31249553,0.3782069,-0.82470816,-0.90277797,-0.3689937,-0.23532735,0.39224932,-1.4750528,0.041047335,-2.1774514,0
-0.22924684,0.3198492,-0.9766621,-0.8351837,-0.23914897,-0.36463702,0.37641573,-1.294009,0.22974521,-2.2659786,0
-0.058310233,0.47643298,-0.9098939,-0.9487283,-0.03587937,-0.15095507,0.3438484,-1.369234,0.3938542,-2.2066693,0
0.14168978,0.67643297,-0.93844724,-1.0755658,0.16412063,-0.35095507,0.1438484,-1.2839955,0.1938542,-2.147519,0
0.3320783,0.5918302,-0.87577343,-1.1832471,0.055155978,-0.20647754,0.3341762,-1.0535035,0.1085067,-2.2568593,0
0.18000202,0.7876994,-0.7988339,-1.0520849,0.2538249,-0.12253647,0.53138953,-0.9038908,-0.091016,-2.3270135,0
0.27126858,0.9081073,-0.6924653,-0.8303873,0.4422686,0.07549098,0.5815656,-1.0757811,-0.06279455,-2.2873423,0
0.34647045,0.85528344,-0.8614312,-0.60846657,0.23384409,0.19636187,0.6964784,-1.0191067,-0.25365627,-2.3140678,0
0.14647044,0.65528345,-0.79627866,-0.482164,0.3264844,0.042713135,0.65289325,-0.94400626,-0.053656265,-2.255289,0
0.20889786,0.45528346,-0.95306116,-0.28216398,0.23299915,-0.012376647,0.5096127,-1.09642,-0.25365627,-2.4100432,0
0.23413785,0.53266954,-1.0091114,-0.11600016,0.032999143,0.18762335,0.3096127,-0.89642006,-0.45365626,-2.4799275,0
0.031533435,0.30728987,-1.1168671,-0.2918922,0.0055993474,0.158067,0.16950443,-1.012773,-0.60378814,-2.4754732,0
-0.16639335,0.1423076,-1.2239538,-0.4858388,0.20306917,-0.041416958,0.031443335,-0.80277073,-0.5647857,-2.4921067,0
-0.24215032,0.033147167,-1.3223481,-0.45932043,0.0029480213,-0.11704141,0.22230817,-0.963191,-0.58314884,-2.3769217,0
-0.35716283,-0.16240726,-1.0924447,-0.64175373,0.13946202,-0.30859426,0.0217138,-0.83375907,-0.37294036,-2.508263,0
-0.37783697,-0.36240727,-0.9043685,-0.5807008,0.19230273,-0.26713467,0.032134183,-0.7251172,-0.44253394,-2.3855135,0
-0.30560628,-0.5557413,-0.69601995,-0.7714475,0.38765296,-0.06633895,0.22938281,-0.9141522,-0.2396593,-2.5333335,0
-0.33631593,-0.33455238,-0.5246065,-0.9101769,0.55265075,-0.25047505,0.08233022,-1.0477902,-0.41347197,-2.455111,0
-0.3186488,-0.50524443,-0.53377956,-0.7104533,0.7113851,-0.2031506,0.26685086,-1.1793776,-0.20176792,-2.4090116,0
-0.3228563,-0.63573164,-0.5279488,-0.74810255,0.82155395,-0.002840057,0.42083547,-1.1255265,-0.05601407,-2.3518531,0
-0.45407352,-0.7257895,-0.5844932,-0.8233778,0.88716656,-0.17615604,0.53916335,-1.151151,-0.008334628,-2.193958,0
-0.2540735,-0.74569213,-0.6690404,-0.6233778,0.6871666,-0.088793024,0.33916336,-0.9652033,-0.20833462,-2.393958,0
-0.4149456,-0.4986694,-0.5416001,-0.6953253,0.81071866,0.101624176,0.4927032,-1.0647968,-0.37314808,-2.3704345,0
-0.2985137,-0.29664326,-0.33928275,-0.7796352,0.60657567,0.14226885,0.688004,-1.2562166,-0.17197347,-2.372924,0
-0.13989598,-0.09348218,-0.27453744,-0.9475926,0.7801937,0.3310737,0.80872643,-1.4085858,0.027109826,-2.154342,0
-0.28786713,-0.28524107,-0.35496664,-1.0295731,0.93464494,0.42144093,0.7197979,-1.563416,-0.16803533,-1.899463,0
-0.4028689,-0.29448542,-0.31238496,-1.1783606,0.7040465,0.35917926,0.51847595,-1.6899686,0.030633325,-1.8746778,0
-0.31063,-0.29247263,-0.5055479,-1.118934,0.7961181,0.5214441,0.7088889,-1.4747553,-0.16710672,-1.9233608,0
-0.51063,-0.09247263,-0.61571825,-0.91893405,0.8418426,0.7002343,0.59991676,-1.2747552,0.032893285,-1.995776,0
-0.48912057,-0.010125303,-0.7067893,-0.7734572,1.0029575,0.86872184,0.38591778,-1.4231318,-0.16125719,-1.9240657,0
-0.28912055,0.089328066,-0.9067893,-0.6298445,0.8029575,0.66872185,0.4321349,-1.2231318,-0.3612572,-2.1240656,0
-0.16770892,0.058320105,-0.93780386,-0.45582426,0.95519537,0.5775267,0.5012613,-1.1341807,-0.16125719,-2.147322,0
0.032291085,-0.056949437,-1.0756688,-0.65582424,0.7551954,0.5455019,0.3012613,-1.3285507,-0.3612572,-1.964435,0
0.11345882,0.13070555,-1.2756689,-0.69722515,0.95519537,0.3455019,0.5012613,-1.5285507,-0.16125719,-1.7644349,0
0.06995578,0.124432385,-1.1372528,-0.7628268,0.7516191,0.5309158,0.6979404,-1.3956703,-0.0034847895,-1.9551322,0
0.0803947,0.0077259145,-1.2894548,-0.928412,0.9176049,0.44137752,0.8658449,-1.1951213,-0.19527872,-1.793289,0
0.1267127,-0.10214242,-1.0700475,-0.95488703,1.0976962,0.23707767,0.6539837,-1.370269,-0.37555104,-1.7914202,0
0.2549351,-0.30214244,-1.0363971,-1.1548871,0.9890914,0.10479693,0.50846434,-1.252768,-0.17555104,-1.8543777,0
0.06535483,-0.47512233,-1.0219499,-1.0075482,1.1251068,-0.09008023,0.6319933,-1.3745952,-0.35534278,-1.7381823,0
0.18086362,-0.30750227,-0.8069378,-0.9604247,1.2316831,-0.15910526,0.77333546,-1.4635819,-0.14439067,-1.7308499,0
-0.013541387,-0.12593526,-0.90681505,-1.0563745,1.3381364,-0.3127129,0.5358735,-1.4981005,0.051975794,-1.6196139,0
0.17621595,-0.13984959,-0.8051179,-1.0552298,1.1259449,-0.10652128,0.56496954,-1.6048193,0.23813409,-1.7196577,0
0.13769339,-0.12364635,-0.8863638,-0.86967814,1.0361872,-0.14674452,0.36496955,-1.4048193,0.43813407,-1.9196577,0
0.18971343,0.076353654,-0.8528862,-0.66967815,0.8361872,0.004096523,0.56496954,-1.5136619,0.23813407,-1.8500203,0
0.37867987,0.21321385,-1.023077,-0.8450558,0.6181755,0.007423634,0.35463655,-1.6651448,0.27443412,-1.9220697,0
0.48708683,0.08312379,-0.823077,-1.0450559,0.8181755,-0.19257636,0.15463655,-1.4651448,0.07443412,-2.0114489,0
0.49817133,-0.1161196,-1.016454,-0.83958524,0.628005,0.007375581,0.35234076,-1.2569546,0.2726575,-2.1971328,0
0.29817134,-0.3161196,-0.9364477,-0.63958526,0.42800504,0.20737559,0.15234075,-1.0569545,0.4726575,-2.211196,0
0.4467453,-0.49995217,-1.1008484,-0.7087872,0.24984482,0.39461455,0.34130368,-0.960516,0.35166183,-2.3356652,0
0.6061276,-0.6559929,-0.8822442,-0.7385354,0.0467144,0.20452887,0.50730807,-1.0876318,0.19145364,-2.3146315,0
0.54458886,-0.76869994,-0.9564994,-0.87188953,-0.14240073,0.0042072684,0.5290652,-0.8246007,-0.007939486,-2.3360662,0
0.7190198,-0.56437117,-0.7833567,-0.6667753,0.057160843,0.2026529,0.5543395,-0.6198464,0.19059859,-2.5167625,0
0.865355,-0.7197369,-0.5492925,-0.6537549,-0.037110817,0.37914062,0.49926993,-0.5172696,0.3677902,-2.491343,0
1.0506122,-0.5125446,-0.46582365,-0.57986224,0.04042074,0.1766616,0.68959314,-0.31287912,0.42450473,-2.5087447,0
0.94389915,-0.70420307,-0.4971092,-0.7707327,0.18769062,0.10169766,0.79475665,-0.31208187,0.22187653,-2.4388876,0
0.8675964,-0.8689923,-0.669963,-0.7703343,-0.011830046,0.2899492,0.66398406,-0.3309147,0.4054482,-2.3771594,0
0.73427784,-0.66899234,-0.5389659,-0.9703343,-0.21183005,0.21980211,0.46398407,-0.22333361,0.2054482,-2.3809783,0
0.53427786,-0.46899235,-0.5111446,-0.7703343,-0.41183007,0.3497498,0.66398406,-0.42333362,0.0054481924,-2.3597798,0
0.37333685,-0.40061426,-0.5637539,-0.8124105,-0.21183006,0.51267344,0.6703485,-0.22333361,-0.19455181,-2.4603112,0
0.57333684,-0.20061426,-0.39791697,-0.6124105,-0.011830062,0.31267345,0.5573451,-0.17113724,0.0054481924,-2.5862203,0
0.48122323,-0.00061425567,-0.34535986,-0.4124105,0.18816994,0.51267344,0.45496258,-0.02320151,0.2054482,-2.6905181,0
0.29812524,0.06890564,-0.449225,-0.58637697,-0.011327167,0.68237776,0.5364287,-0.21371324,0.00521659,-2.7498198,0
0.34372106,-0.107738584,-0.249225,-0.60860205,-0.21132717,0.88237774,0.3364287,-0.41371325,-0.19478342,-2.5498197,0
0.28105733,0.08975142,-0.06874176,-0.39748594,-0.3941882,1.0529314,0.28128487,-0.5000879,-0.03598639,-2.6750102,0
0.28064755,0.20465334,0.12325659,-0.19219588,-0.5782717,0.8300839,0.31480828,-0.2942008,-0.22966503,-2.7505236,0
0.21939336,0.37285206,0.14172651,-0.25042796,-0.701151,1.0019044,0.11480828,-0.49420083,-0.029665023,-2.5906105,0
0.019393355,0.26609692,0.1989624,-0.05042796,-0.8791821,1.2019044,0.19728199,-0.29420084,0.17033498,-2.50887,0
0.20546474,0.17587036,0.33284283,-0.223135,-1.0791821,1.0019044,0.23757094,-0.49420083,-0.029665023,-2.419588,0
0.109958336,0.33951682,0.13284282,-0.33799097,-1.2791822,0.8019044,0.22339483,-0.53491396,0.06641271,-2.3859253,0
0.12790231,0.47197777,-0.06347992,-0.4072862,-1.3981882,0.661609,0.40021145,-0.45723218,-0.12386366,-2.4111695,0
0.32790232,0.42572707,0.13652009,-0.2072862,-1.2207724,0.461609,0.32589078,-0.65723217,0.07613634,-2.303846,0
0.36009535,0.5914862,0.16469045,-0.3849988,-1.3430253,0.44165775,0.49711314,-0.81032294,0.05505387,-2.3322895,0
0.47800007,0.6669318,-0.033419352,-0.5536825,-1.2404186,0.22872126,0.4544363,-0.9562381,-0.13718684,-2.2996435,0
0.6780001,0.48331395,-0.23341936,-0.43670788,-1.4404186,0.028721258,0.2894262,-0.7562381,-0.33718684,-2.2522206,0
0.52189535,0.36276886,-0.1315979,-0.6367079,-1.2404186,-0.17127874,0.44484246,-0.6103131,-0.53718686,-2.280776,0
0.31096062,0.5436517,-0.32033357,-0.79447496,-1.0050756,-0.31529674,0.6229372,-0.39637485,-0.7121447,-2.3899872,0
0.20381828,0.3436517,-0.26929918,-0.99447495,-0.8050756,-0.24944776,0.8229372,-0.23787986,-0.5121447,-2.390928,0
0.3700455,0.1393474,-0.06722273,-1.1586843,-0.97495997,-0.43598074,0.9922864,-0.03674484,-0.30279174,-2.297453,0
0.23712851,0.25099704,-0.14254186,-1.2190502,-1.0921426,-0.21934755,0.96601564,-0.2200578,-0.32646117,-2.2461727,0
0.24749352,0.41212013,-0.26181874,-0.98798656,-1.1807572,-0.2845512,1.0655025,-0.14966418,-0.30787596,-2.2353075,0
0.1688423,0.43770972,-0.14397086,-1.0867119,-1.2702382,-0.079067,0.8093639,-0.32698408,-0.10087886,-2.2773473,0
0.12736608,0.22758818,0.053643454,-0.8929266,-1.4076363,0.0717318,0.58341753,-0.3100095,-0.2880676,-2.3718634,0
0.16152517,0.3395903,0.23484348,-0.9827445,-1.3630172,-0.100606464,0.72535086,-0.32370704,-0.4518922,-2.2659624,0
0.083341874,0.41235402,0.41265514,-1.0236875,-1.5213536,-0.16565494,0.5113472,-0.12040952,-0.6345154,-2.1410875,0
-0.0711569,0.2790345,0.4498602,-0.8236875,-1.3213536,0.03434506,0.71134716,0.079590484,-0.43451542,-2.2344446,0
0.1255818,0.46690908,0.24353568,-0.9065835,-1.4828448,0.22841328,0.62016815,-0.11736169,-0.32278153,-2.2652702,0
0.28208363,0.3943407,0.04353568,-0.81384486,-1.2828448,0.35875434,0.60825163,-0.2795406,-0.31858546,-2.2993953,0
0.23770006,0.58709174,0.24056537,-1.0014794,-1.4647591,0.4651108,0.7983937,-0.47369182,-0.117139116,-2.0737898,0
0.43770006,0.6807884,0.1738593,-0.8014794,-1.283081,0.2651108,0.59839374,-0.35177612,0.08286089,-2.1428776,0
0.5134068,0.5379715,-0.026140705,-1.0014794,-1.4830811,0.46511078,0.39839375,-0.15177612,0.28286088,-2.1196494,0
0.5341069,0.330015,-0.10625528,-0.782611,-1.6434581,0.54010016,0.36367363,-0.34349462,0.08091017,-2.1754522,0
0.6500955,0.19055477,-0.30546197,-0.61859447,-1.439719,0.43218848,0.16324966,-0.5420868,-0.11878135,-2.3389962,0
0.5805616,0.34965762,-0.26168436,-0.7328749,-1.4680148,0.5659885,0.32521176,-0.42608735,0.07271379,-2.2731237,0
0.4663441,0.14616969,-0.106688224,-0.9111333,-1.6291401,0.6146402,0.12229358,-0.6114958,0.09017224,-2.1191316,0
0.2523687,0.24920365,0.0061947424,-0.6738193,-1.7331631,0.39288354,-0.07362908,-0.76891565,0.27494657,-2.1423526,0
0.4233949,0.4204326,-0.049910076,-0.44347164,-1.665526,0.18052952,0.11827698,-0.9068575,0.44452667,-2.1457546,0
0.40894443,0.21064234,-0.08130714,-0.6148926,-1.4004363,0.31311736,0.1080013,-0.9637374,0.61590075,-2.2415707,0
0.45464078,0.38756803,-0.17805663,-0.76910317,-1.1329829,0.24702963,0.2906945,-1.0983461,0.5116544,-2.2633026,0
0.39385858,0.58756804,-0.37805665,-0.63486016,-1.0069062,0.04702963,0.2470732,-1.0690209,0.3116544,-2.3110626,0
0.3571407,0.37518752,-0.31987023,-0.69128174,-1.0310218,0.12363151,0.045569487,-0.96834654,0.49531,-2.4265416,0
0.390944,0.17518751,-0.5198702,-0.8912817,-0.83102185,-0.017439678,-0.15443051,-0.84005946,0.5021173,-2.439961,0
0.37397334,0.3317969,-0.6322991,-0.96507454,-0.9117837,-0.19229268,0.04029936,-0.8914066,0.55113107,-2.3346484,0
0.5213208,0.11970673,-0.41208145,-1.0581982,-1.009796,-0.25108293,0.00054166006,-0.8793263,0.6822272,-2.2589643,0
0.4744263,0.22793362,-0.61208147,-0.9059417,-0.80979604,-0.051082924,-0.0063001276,-0.772386,0.4822272,-2.3091598,0
0.50003463,0.027618397,-0.40743136,-0.8344715,-0.82714057,-0.24824959,-0.20397213,-0.96141315,0.6745286,-2.391686,0
0.68135357,-0.16281557,-0.46128172,-0.68896353,-0.99973047,-0.43628764,-0.048251905,-0.95490384,0.55912656,-2.324908,0
0.6256026,-0.08326243,-0.6176769,-0.5275675,-1.0559826,-0.5574252,0.14174186,-1.0787498,0.45201975,-2.264487,0
0.6826929,0.036212996,-0.60917944,-0.5486134,-0.85399526,-0.7556667,0.020286469,-1.2757809,0.52119184,-2.1588266,0
0.6460302,-0.16264807,-0.4805598,-0.34618923,-1.0466659,-0.5518027,-0.17846383,-1.0683,0.71617675,-2.2626064,0
0.61977535,-0.2665539,-0.37026146,-0.13804415,-1.1772068,-0.5571561,-0.35737735,-0.85918355,0.8651311,-2.253458,0
0.52316535,-0.46655393,-0.4298885,-0.18477608,-0.999774,-0.3571561,-0.15737735,-0.65918356,0.8866966,-2.053458,0
0.4623255,-0.26655394,-0.5066292,-0.09011752,-0.799774,-0.1571561,-0.28847325,-0.79038274,0.80266047,-1.8534579,0
0.44023648,-0.066553935,-0.6536883,-0.29011753,-0.999774,-0.35463047,-0.088473246,-0.99038273,1.0026605,-1.723304,0
0.24023648,-0.041570395,-0.5467245,-0.22523761,-0.799774,-0.45325512,0.11152676,-1.1658151,0.8026605,-1.8151008,0
0.42069924,-0.2415704,-0.42991424,-0.19724905,-0.599774,-0.4892129,0.31152678,-1.0893354,0.60266054,-1.7499213,0
0.6206992,-0.041570395,-0.52435803,-0.16635749,-0.39977401,-0.6892129,0.5019833,-1.2893355,0.8017091,-1.9499214,0
0.42069924,0.027108148,-0.724358,-0.3126134,-0.28609172,-0.8892129,0.3019833,-1.0893354,0.6017091,-1.9296633,0
0.60419697,0.20806126,-0.58987975,-0.30636767,-0.24687192,-1.0892129,0.101983294,-1.1043406,0.40170914,-1.8443259,0
0.5560303,0.14674479,-0.6434567,-0.27234748,-0.29831383,-1.289213,0.049793515,-1.2899929,0.20170914,-2.0443258,0
0.48530388,0.31470862,-0.71205103,-0.4723475,-0.15169019,-1.4261861,0.24979351,-1.489993,0.0017091334,-1.8443258,0
0.516247,0.50773627,-0.89826196,-0.592938,0.0476554,-1.2095758,0.049118996,-1.4321643,-0.19560477,-1.9391052,0
0.6524358,0.43394232,-1.0004166,-0.72229433,0.04086946,-1.2839953,0.22692472,-1.1223894,-0.32425705,-1.94853,0
0.6412404,0.21781023,-1.0693786,-0.53729063,0.22425969,-1.3816626,0.39748502,-0.86723715,-0.48810557,-2.0003726,0
0.57106805,0.017810225,-1.2584811,-0.42922366,0.14910236,-1.1816626,0.33656955,-0.7851431,-0.28810555,-1.9866465,0
0.37106806,0.06825124,-1.1327752,-0.33161336,-0.050897643,-0.9816626,0.21530333,-0.76163626,-0.46645102,-2.0274124,0
0.56548536,0.012345206,-1.3197461,-0.52641636,-0.2365236,-0.7758867,0.40847048,-0.9522354,-0.42095995,-2.1800182,0
0.76548535,-0.1751638,-1.1197461,-0.32641637,-0.43652362,-0.5758867,0.6084705,-0.7522354,-0.62095994,-2.1478825,0
0.96548533,-0.06411948,-1.0063901,-0.36422938,-0.5559474,-0.37588674,0.8084705,-0.9134251,-0.42095995,-2.020956,0
1.1529953,0.10098534,-1.2063901,-0.16422938,-0.35594743,-0.25071913,0.7405948,-1.1134251,-0.22095995,-2.0076046,0
1.2353103,-0.09211259,-1.1503708,-0.28060195,-0.14507672,-0.41930062,0.8257794,-0.9019659,-0.39161587,-2.053718,0
1.0404391,-0.2921126,-1.2520009,-0.34697306,-0.34507674,-0.6193006,0.88638407,-0.7713985,-0.19161586,-2.0463402,0
0.95082355,-0.099389814,-1.2653465,-0.24051021,-0.4194635,-0.4097788,1.0617136,-0.8513675,-0.37988573,-2.0215995,0
0.7269053,0.037606284,-1.4183451,-0.06618768,-0.21242411,-0.59022,1.2212437,-0.6304746,-0.5612857,-1.9638358,0
0.6754345,0.23760629,-1.218345,-0.17937244,-0.19024655,-0.39022,1.208495,-0.5189458,-0.6709812,-1.962889,0
0.6704405,0.42632735,-1.1031824,-0.3330821,-0.24117422,-0.38049713,1.2562103,-0.5192074,-0.7417312,-2.1071424,0
0.6645,0.2261395,-0.97264796,-0.13297166,-0.041140046,-0.58001536,1.0753334,-0.66487753,-0.54128164,-2.3052278,0
0.5464857,0.39744624,-0.98909616,-0.31055167,-0.22490337,-0.70324063,0.8933608,-0.43357596,-0.69136894,-2.3365433,0
0.7464857,0.43301767,-0.9458938,-0.11055167,-0.024903372,-0.73108864,1.0841306,-0.23357596,-0.49136895,-2.2815375,0
0.5247592,0.22375362,-0.8499062,0.06551763,0.16466138,-0.58209354,1.2121114,-0.41633835,-0.6638823,-2.3449287,0
0.6747136,0.023208845,-0.72153634,0.010384828,0.099024765,-0.3733306,1.0034773,-0.6022032,-0.84406996,-2.4067094,0
0.6402015,-0.17679116,-0.77295184,-0.14685114,0.24075657,-0.38773614,0.8870113,-0.77102065,-0.64406997,-2.4332585,0
0.44020152,-0.21165574,-0.71185416,-0.066849455,0.44075656,-0.30567127,0.79880905,-0.64952785,-0.73996526,-2.475156,0
0.6402015,-0.13372943,-0.6570621,0.13315055,0.64075655,-0.323106,0.59880906,-0.83842415,-0.5399653,-2.50035,0
0.7602301,-0.32776552,-0.44889417,0.327197,0.43287998,-0.47926727,0.7845339,-1.019867,-0.56886655,-2.3684895,0
0.7006911,-0.35521442,-0.6488942,0.12719698,0.42522532,-0.27926725,0.9845339,-1.219867,-0.36886656,-2.2344046,0
0.6329963,-0.15521441,-0.62209076,-0.027965277,0.6252253,-0.07926725,0.9335465,-1.019867,-0.2911214,-2.2432444,0
0.73520106,0.04478559,-0.8064099,-0.21329083,0.8252253,-0.2669629,0.7335465,-0.81986696,-0.14896499,-2.2030475,0
0.5563054,0.24478559,-0.6901127,-0.41329083,0.6252253,-0.06696288,0.5335465,-0.7123022,0.019008413,-2.12861,0
0.35630542,0.4447856,-0.8901127,-0.61329085,0.42522532,-0.021961369,0.7335465,-0.80610746,-0.09206047,-2.2089396,0
0.36403713,0.30025405,-0.8718219,-0.65558887,0.3275771,0.17803863,0.5335465,-0.7742074,0.107939534,-2.4089396,0
0.22743367,0.24195643,-0.7265899,-0.85558885,0.4568131,0.033143356,0.33354652,-0.5742074,0.30793953,-2.231563,0
0.2561382,0.041956425,-0.55832916,-0.7127662,0.6568131,0.23314336,0.5335465,-0.6685667,0.10793953,-2.0353386,0
0.20449391,0.24195643,-0.41020525,-0.7925693,0.77698004,0.43314338,0.40838164,-0.7398107,0.30793953,-2.1175122,0
0.10424156,0.44195643,-0.61020523,-0.5925693,0.8134749,0.61293525,0.20838164,-0.82594746,0.36943406,-2.3175123,0
-0.021006461,0.23729827,-0.40230796,-0.77731067,0.9939635,0.79728454,0.40051946,-0.61389667,0.1661721,-2.4471738,0
-0.14240204,0.03613196,-0.2854152,-0.9467505,1.005824,0.7638122,0.29697242,-0.6939651,0.35472205,-2.3895435,0
0.030609846,-0.15463144,-0.28642344,-1.0821127,1.1378565,0.5320323,0.46896005,-0.4661222,0.14600097,-2.384504,0
-0.020833334,-0.33345705,-0.08296638,-1.04821,1.0988568,0.40381286,0.25820127,-0.2814917,0.33216044,-2.48112,0
-0.14611796,-0.40201998,-0.14010908,-1.101456,1.1461482,0.53282166,0.40432984,-0.07191058,0.4695935,-2.3658967,0
-0.25833452,-0.54188055,0.053908058,-1.1714457,1.2116734,0.29957408,0.5439597,-0.13278823,0.24266215,-2.3095737,0
-0.15470779,-0.30747807,-0.051082145,-1.233441,1.2696207,0.08955421,0.655482,-0.2993007,0.35227987,-2.2570424,0
0.0047934726,-0.16067256,-0.25057855,-1.14172,1.4666731,-0.11022427,0.85376614,-0.09910153,0.5511722,-2.098104,0
-0.01458948,-0.34264755,-0.13950689,-1.3126174,1.6305221,0.08782845,0.7875628,-0.29261386,0.3435551,-1.910426,0
-0.14270219,-0.14264755,-0.08841608,-1.1126174,1.6100308,0.23572356,0.9875628,-0.09261386,0.14355509,-1.901479,0
-0.12597306,-0.038864218,-0.23113075,-1.3126174,1.4934964,0.30594283,1.1633345,-0.17398974,0.3435551,-1.701479,0
-0.10715357,-0.19310561,-0.31549868,-1.2614006,1.6459414,0.31074345,0.9362831,-0.31308198,0.39130244,-1.8240365,0
0.036516115,0.0067342613,-0.5035254,-1.1113135,1.8030665,0.43118986,0.7920006,-0.21951336,0.28405687,-1.8212509,0
0.22580326,-0.060632057,-0.68745685,-1.1721053,1.5664524,0.3858645,0.5784793,-0.19212934,0.47300103,-1.9750855,0
0.3491509,0.12802793,-0.8152468,-1.1184822,1.6227208,0.17074119,0.71513647,-0.10676172,0.5389473,-1.8629045,0
0.48518282,0.3160242,-0.7646862,-0.9764571,1.7094499,0.35116193,0.66485816,0.08982636,0.326544,-1.8772967,0
0.26433414,0.24869935,-0.89416146,-1.0154698,1.6054211,0.5108685,0.43087405,0.2686382,0.48805022,-1.9243697,0
0.36858264,0.3452419,-1.0412827,-0.7760596,1.6570141,0.3399557,0.21971633,0.067975745,0.35991615,-2.003676,0
0.26630518,0.5154737,-1.092851,-0.54981065,1.7723967,0.29721925,0.40059134,0.09273769,0.38337412,-1.9028856,0
0.27612767,0.30848143,-1.0698004,-0.3420573,1.9286796,0.48619866,0.58727956,0.1305638,0.570444,-1.7098455,0
0.19569764,0.10848142,-1.2698004,-0.14205728,1.7286795,0.3994965,0.38727957,0.33056378,0.370444,-1.8690385,0
0.04703783,0.07577039,-1.3611494,-0.31585863,1.5247151,0.5900314,0.3197725,0.4223166,0.5689646,-1.9396731,0
-0.10144299,0.093148425,-1.1611494,-0.3001864,1.4226735,0.56499356,0.45702282,0.6223166,0.3689646,-2.1075845,0
-0.12197235,0.14262426,-1.1759527,-0.4515081,1.4647545,0.6905442,0.40533537,0.74228853,0.23564337,-1.9962175,0
-0.09973517,0.34262425,-1.0707022,-0.25150812,1.5610181,0.4905442,0.60533535,0.7327537,0.03564337,-1.9513869,0
-0.113742046,0.50861835,-1.1642016,-0.39154536,1.5801818,0.2772213,0.7684066,0.69119394,-0.035415366,-1.8911419,0
-0.036405873,0.30778274,-1.105429,-0.41395703,1.7753618,0.47592917,0.7250468,0.48986396,0.16337381,-1.8275235,0
-0.07994735,0.10189254,-1.215835,-0.20226453,1.8674107,0.63899046,0.84468305,0.52263695,-0.034624614,-1.6064534,0
-0.20066953,-0.09071104,-0.9743137,-0.3056794,1.875253,0.77573806,0.82052046,0.5513801,0.15290755,-1.670263,0
-0.0006340473,0.10349796,-0.73328435,-0.10007967,1.9652895,0.92403567,0.7268581,0.33276117,-0.04459712,-1.7562231,0
-0.15130422,0.055907965,-0.59728163,0.02122006,1.9509646,1.0407376,0.85817206,0.14890702,0.14388655,-1.7169894,0
0.001554173,-0.14182362,-0.7062286,-0.1130648,1.8019358,0.8275021,1.0415134,0.34341425,0.20603381,-1.8142421,0
-0.057739057,-0.07127677,-0.7638631,-0.29655653,1.7838852,0.85866624,1.1351469,0.1541931,0.38462317,-1.714739,0
0.036773104,0.12822716,-0.8306658,-0.1201159,1.5777811,0.89944977,1.3300015,0.3528281,0.490909,-1.6867086,0
-0.13654532,-0.068944424,-0.9900494,-0.08570885,1.3234855,1.0561227,1.2154487,0.5310422,0.27944487,-1.8123573,0
-0.099364966,-0.2432667,-0.931488,-0.2584305,1.3397957,0.94999325,1.2803073,0.58427864,0.07185979,-1.8202254,0
-0.24847747,-0.4432667,-1.0156734,-0.1784941,1.2907028,1.0153981,1.0803072,0.70010334,-0.12814021,-1.6421323,0
-0.06713143,-0.24326669,-1.0539247,-0.08112374,1.1387719,1.2153982,0.98193103,0.90010333,-0.3281402,-1.7499655,0
-0.20107098,-0.1792964,-1.1363881,0.1077334,1.2132822,1.2197044,1.0711428,0.9257508,-0.37383795,-1.5876364,0
-0.30444038,-0.26068264,-1.3363881,0.1657381,1.0132822,1.3752887,1.0772805,0.7538538,-0.28099516,-1.5122868,0
-0.35021242,-0.46068263,-1.1454037,0.3657381,0.8132822,1.386716,1.0874394,0.8303353,-0.48099518,-1.3934287,0
-0.2081024,-0.6158636,-1.126855,0.16573809,1.0132822,1.186716,0.8874394,0.63859296,-0.68099517,-1.2385609,0
-0.24962729,-0.8158636,-1.1002952,0.23194805,0.8132822,1.1667621,1.0874394,0.83859295,-0.88099515,-1.438561,0
-0.044646177,-0.91390103,-1.1697841,0.38859326,0.91157866,1.2295797,1.1421053,0.6953362,-0.92737794,-1.2855437,0
0.08262001,-1.113901,-1.1835694,0.18859325,0.71157867,1.4295797,1.0158024,0.49533623,-0.81147957,-1.1449101,0
0.25332797,-0.91390103,-1.3169881,0.051910013,0.7656456,1.3817409,0.8903544,0.6953362,-1.0114796,-1.2208174,0
0.053284176,-0.71331483,-1.4719363,-0.1479684,0.80668634,1.376744,0.68978757,0.4949295,-1.0087183,-1.4196508,0
0.25054544,-0.6929026,-1.653858,-0.34420586,0.6001263,1.3458142,0.48449156,0.56173915,-0.79997367,-1.4972571,0
0.1616602,-0.813539,-1.4765816,-0.30279803,0.4546112,1.4084182,0.6236521,0.69403374,-0.76664716,-1.5464004,0
-0.03833981,-1.0135391,-1.2765815,-0.32174227,0.2546112,1.2591932,0.48812324,0.49403375,-0.96664715,-1.5151693,0
-0.12458657,-1.1069802,-1.2835371,-0.5217423,0.05461119,1.2639383,0.6881232,0.29403377,-0.76664716,-1.3151692,0
-0.012187228,-1.2159033,-1.2347243,-0.3217423,-0.08573267,1.2693313,0.48812324,0.39157817,-0.96664715,-1.3051872,0
0.02168853,-1.21243,-1.4291859,-0.36456174,-0.08900895,1.1369745,0.49968824,0.45280793,-1.1621436,-1.4993768,0
0.037599526,-0.99621445,-1.4744403,-0.3178849,0.10811641,1.3155609,0.4841774,0.24875884,-0.9467335,-1.6721588,0
0.0705007,-1.0448658,-1.5365844,-0.10817948,0.28274933,1.2096251,0.62784934,0.41181272,-1.048581,-1.524481,0
0.25963545,-1.0783068,-1.2828975,-0.29580078,0.08030778,1.3530045,0.7945969,0.4521919,-0.9599813,-1.5626978,0
0.059635445,-1.2783068,-1.0828974,-0.4958008,-0.11969222,1.1530044,0.9064652,0.38923687,-1.156364,-1.4806515,0
-0.060132034,-1.3541187,-0.8223589,-0.6480911,-0.03288375,0.8876588,1.0305971,0.4840601,-1.2633607,-1.5443145,0
0.119510815,-1.1198227,-0.7719963,-0.7244841,0.13342056,0.96171135,1.0056968,0.51710266,-1.4198754,-1.5405525,0
0.31951082,-1.3198228,-0.68306386,-0.77599275,0.33342057,0.76171136,0.8686682,0.31710267,-1.2198753,-1.5913494,0
0.22253117,-1.1198227,-0.6630671,-0.97599274,0.53342056,0.8144596,0.6686682,0.4255463,-1.4198754,-1.6265402,0
0.34581104,-1.1923493,-0.4630671,-0.93340296,0.33342057,0.61445963,0.8686682,0.33141157,-1.357413,-1.6792889,0
0.49671075,-1.1666747,-0.6518922,-0.9803815,0.1879976,0.49456722,1.0046426,0.12919684,-1.5311655,-1.5348067,0
0.6808357,-1.1030474,-0.5499818,-1.1443349,-0.0120024085,0.34965193,0.8046426,0.20482564,-1.5239241,-1.3348067,0
0.87163085,-1.1011524,-0.34632444,-1.0309578,0.08369057,0.19837618,0.9093225,0.40059516,-1.7059089,-1.3787979,0
0.9075399,-1.21679,-0.28511038,-1.1511465,0.265297,0.37254676,0.7978683,0.5191003,-1.4267399,-1.4623779,0
0.65067387,-1.3029205,-0.37407935,-0.9218469,0.18745944,0.26579016,0.9176681,0.6613004,-1.4791719,-1.521879,0
0.5558621,-1.44121,-0.28454655,-1.0757835,0.37155023,0.44666463,0.85450554,0.44235927,-1.2884042,-1.5659661,0
0.44305578,-1.24121,-0.4788993,-0.8757835,0.17155023,0.5710532,0.65450555,0.27825782,-1.4187132,-1.7333947,0
0.29471356,-1.3302896,-0.6788993,-1.0757835,0.20350799,0.37105322,0.45450556,0.20195243,-1.2187132,-1.6921428,0
0.49471354,-1.1302896,-0.8788993,-0.92865753,0.30317986,0.3222948,0.45126042,0.25454375,-1.0947689,-1.7632018,0
0.3675799,-1.245156,-0.9452393,-0.72865754,0.50317985,0.1222948,0.34387016,0.45454377,-0.96087295,-1.8110859,0
0.1675799,-1.2004914,-0.90370595,-0.52865756,0.6097346,0.3222948,0.54387015,0.25454378,-1.1608729,-1.8286766,0
-0.031788,-1.3345602,-1.0274228,-0.32224968,0.79394704,0.51211154,0.7293668,0.2076791,-1.1126176,-1.8310819,0
-0.20659643,-1.1345601,-0.8274228,-0.12224968,0.8958579,0.31211156,0.8552168,0.00767909,-1.2947742,-1.8553274,0
-0.0064157345,-1.190264,-0.61023575,-0.22676721,0.6767962,0.49808323,1.0263112,0.20199011,-1.2474182,-1.9501574,0
0.18495505,-1.3282915,-0.3919491,-0.09764138,0.53617525,0.43346563,0.78947747,0.037033547,-1.3314061,-2.0409825,0
0.3527241,-1.0338236,-0.54238725,0.003177076,0.67453784,0.21391836,0.90663195,0.06830291,-1.4031868,-2.0533528,0
0.51476717,-0.83084404,-0.47078788,-0.18694265,0.4507166,0.39314017,1.0510803,0.25483444,-1.5227088,-1.9854635,0
0.29959178,-0.95557284,-0.490072,-0.20511515,0.46363923,0.54982966,0.8468317,0.38255802,-1.5969183,-1.9452473,0
0.47280544,-0.7150618,-0.5198463,-0.27883646,0.43833324,0.7096265,0.99070436,0.1727699,-1.700574,-1.8215792,0
0.6059601,-0.78119516,-0.30048612,-0.31605724,0.223907,0.8300707,0.7428433,0.14688163,-1.785533,-1.8252923,0
0.6080018,-0.875554,-0.23868771,-0.2421651,0.12920861,0.78492415,0.8413313,-0.047399346,-1.771759,-1.8072377,0
0.49163276,-0.9673463,-0.38896137,-0.037923016,0.031013492,0.75784963,0.8006274,-0.22250937,-1.7733873,-1.8052965,0
0.39909652,-0.9258461,-0.5816844,0.0022633276,0.10388339,0.5509571,0.9882641,-0.20456378,-1.949005,-1.5854621,0
0.51120865,-0.7357362,-0.66373724,0.16211884,0.11011317,0.66904324,1.1053538,-0.004245344,-1.8609735,-1.6080226,0
0.48001125,-0.9357362,-0.528459,0.36211884,-0.08988683,0.46904325,1.1398064,-0.04611445,-1.6609734,-1.521495,0
0.3206019,-0.81479764,-0.728459,0.44884527,-0.28988683,0.66904324,1.1954076,0.11468154,-1.4609734,-1.6679665,0
0.13959746,-0.58105755,-0.49945718,0.36186284,-0.42302668,0.8213501,1.3188276,0.2974118,-1.5698192,-1.7654525,0
0.20338495,-0.65942335,-0.38762602,0.38403228,-0.6046179,0.60299087,1.4563679,0.09453354,-1.3293446,-1.8973137,0
0.24035016,-0.60068,-0.55288905,0.18718581,-0.74477243,0.7555228,1.3601549,0.21686213,-1.4163367,-1.7922417,0
0.28878447,-0.730441,-0.6680848,-0.01277705,-0.54319334,0.5539125,1.1567919,0.3718164,-1.6116515,-1.805781,0
0.3970147,-0.5365286,-0.60004693,0.034752894,-0.5850206,0.69378453,1.2081956,0.5262114,-1.6671641,-1.6892588,0
0.3779604,-0.5131659,-0.45516592,-0.15979944,-0.7591409,0.86431926,1.1508361,0.5115816,-1.5650003,-1.7327392,0
0.28984237,-0.4486335,-0.5143097,-0.35954586,-0.9584649,0.6638511,0.950166,0.31136203,-1.7637564,-1.6884845,0
0.26832765,-0.64295363,-0.33790943,-0.55464613,-1.1483207,0.5327488,1.1400944,0.11038687,-1.5500631,-1.6660248,0
0.46832764,-0.44295365,-0.30363524,-0.35464615,-1.3108943,0.33274883,0.9400944,-0.08961313,-1.3500631,-1.4770424,0
0.35170513,-0.33935565,-0.27134869,-0.47801942,-1.5108943,0.25190738,0.7400944,-0.20403296,-1.150063,-1.2770424,0
0.18045011,-0.13935564,-0.2695768,-0.6780194,-1.6790342,0.22975829,0.9400944,-0.40403295,-0.95006305,-1.4770424,0
0.15788972,-0.28768805,-0.35400206,-0.47801942,-1.8790343,0.4297583,0.83887875,-0.3240426,-0.75006306,-1.4608021,0
0.0036592036,-0.48768806,-0.55400205,-0.6780194,-1.6790342,0.6297583,0.63887876,-0.124042585,-0.7605942,-1.4828782,0
-0.021437882,-0.68768805,-0.35400206,-0.8780194,-1.4790342,0.4711962,0.43887877,-0.28653216,-0.9605942,-1.5753628,0
0.13163619,-0.66070825,-0.55400205,-0.6780194,-1.5485615,0.2711962,0.29067165,-0.08653216,-0.8033561,-1.6197807,0
0.21904412,-0.86070824,-0.7391522,-0.85558283,-1.3485614,0.07119618,0.49067163,-0.072693914,-0.6033561,-1.5693523,0
0.14982575,-1.0607083,-0.59379894,-0.65558285,-1.5485615,-0.09188624,0.45168325,0.12730609,-0.8033561,-1.6440156,0
0.34982574,-0.98201376,-0.655148,-0.7773838,-1.7485615,-0.046472345,0.6516833,-0.072693914,-0.6033561,-1.5978628,0
0.35636836,-1.1820138,-0.6225852,-0.5773838,-1.5485615,0.15352766,0.45328856,0.00018825382,-0.40335613,-1.7791284,0
0.14883962,-1.3154733,-0.7456692,-0.73995477,-1.6442587,0.23082569,0.5671213,0.09402339,-0.505917,-1.6734797,0
0.3295772,-1.2885488,-0.8934507,-0.5101392,-1.7424214,0.02912354,0.63492143,-0.10012473,-0.6669373,-1.5092015,0
0.484232,-1.3610915,-0.8375147,-0.28358346,-1.776101,0.19017129,0.763431,0.09132342,-0.79270554,-1.3118113,0
0.58807546,-1.0915942,-0.77476764,-0.4546385,-1.761052,-0.009240418,0.90576476,0.27388623,-0.7991615,-1.4213217,0
0.38438857,-0.94923043,-0.5607298,-0.63864994,-1.9131563,0.18610056,1.078758,0.07208167,-0.58452785,-1.4225073,0
0.4587681,-1.0832479,-0.3400187,-0.59021705,-1.9918305,0.14730468,0.8874725,-0.12057396,-0.73948455,-1.3468724,0
0.36547163,-1.1689788,-0.4417312,-0.79021704,-1.7918304,-0.05269532,0.7772728,0.07942604,-0.76958525,-1.2136201,0
0.4183465,-0.9689788,-0.4996609,-0.597243,-1.5918304,0.14730468,0.88908225,0.08160687,-0.8798141,-1.3149858,0
0.47745144,-1.1689788,-0.4738405,-0.39724302,-1.3918303,0.3473047,0.7135019,0.058496274,-1.0798141,-1.2017313,0
0.67745143,-1.3689789,-0.31304878,-0.19724302,-1.1918303,0.40505883,0.5135019,0.25849628,-0.8908887,-1.4017314,0
0.7999245,-1.5689789,-0.51304877,-0.0014445484,-1.2542075,0.3738448,0.37233433,0.45849627,-0.6908887,-1.409299,0
0.70363426,-1.5809212,-0.6985119,-0.20144455,-1.0542074,0.1993515,0.57233435,0.65849626,-0.8908887,-1.5765676,0
0.6080899,-1.6233085,-0.7570315,-0.0053643896,-1.2260095,0.051678415,0.36396325,0.558353,-0.6753556,-1.7366256,0
0.40808994,-1.4579616,-0.63564795,-0.05575449,-1.4260095,-0.14832158,0.19304618,0.35835302,-0.6930077,-1.8159666,0
0.3590902,-1.5229349,-0.7340072,-0.2556058,-1.5085084,0.041441705,0.36959478,0.27052584,-0.52670425,-1.7841257,0
0.25382015,-1.2177662,-0.8597569,-0.41938674,-1.572688,-0.043569863,0.524314,0.064919285,-0.6689338,-1.8263947,0
0.11227603,-1.0988116,-0.889808,-0.34807247,-1.6165822,-0.16300403,0.4270655,-0.044421688,-0.792414,-1.8479469,0
0.18652213,-0.8785869,-0.8699066,-0.2722486,-1.6524422,0.03365315,0.5704061,0.14152081,-0.902743,-1.8629017,0
0.38165733,-0.67004615,-1.0564407,-0.2963442,-1.5589752,0.23071238,0.7607097,0.33722243,-0.6938982,-1.882542,0
0.20697321,-0.85730344,-1.1290083,-0.09493313,-1.3390716,0.04745189,0.91221446,0.35179144,-0.4866646,-1.9875666,0
0.29339415,-0.98588306,-1.2392344,-0.13281405,-1.156651,0.19399741,1.0370849,0.22879924,-0.6013227,-1.8771398,0
0.34406507,-0.78588307,-1.1036341,-0.33281404,-1.3566511,0.1740944,0.83708495,0.42879924,-0.7134001,-1.871258,0
0.51622987,-0.93544376,-1.0057771,-0.5006225,-1.0974749,-0.024580238,0.9840261,0.32243213,-0.8666692,-1.8888619,0
0.6949631,-0.7354438,-0.8093586,-0.46365497,-0.89747494,0.17541976,0.7840261,0.52243215,-0.7814887,-2.088862,0
0.5978013,-0.70230126,-0.64610404,-0.6545764,-0.68793374,0.3071765,0.6200359,0.5636905,-0.9680623,-2.2575512,0
0.7399226,-0.8368413,-0.784721,-0.74551064,-0.45253524,0.253066,0.76054406,0.7082864,-0.71234107,-2.1735413,0
0.6485026,-1.0107812,-0.9655995,-0.9271505,-0.24763143,0.44426826,0.5496593,0.82248217,-0.6253623,-2.0340598,0
0.69306266,-0.77161443,-1.0237215,-0.8785775,-0.4260075,0.25299352,0.4979227,0.9730887,-0.40481412,-2.121363,0
0.60593957,-0.931235,-1.1946094,-0.9295863,-0.22063082,0.28778934,0.68131924,0.754697,-0.59042567,-1.9901128,0
0.71807253,-0.8344676,-1.1996588,-1.006434,-0.17878665,0.43460843,0.6749878,0.5964916,-0.70425004,-1.9513372,0
0.9180725,-0.6388389,-1.2352339,-1.0916224,0.021213353,0.23460843,0.8477367,0.4861469,-0.64627296,-1.8458835,0
1.0867531,-0.8153414,-1.3736975,-0.8666463,-0.109224156,0.033638977,1.0183877,0.48078698,-0.433772,-1.7454445,0
0.9555174,-1.0153414,-1.1736975,-0.73145306,-0.22233126,0.06063898,1.2183877,0.5141707,-0.233772,-1.7583263,0
1.0224086,-1.0680556,-1.294625,-0.5008617,-0.39802113,0.06731552,1.0826623,0.38033244,-0.031828016,-1.8456017,0
1.0720398,-1.2146623,-1.1226934,-0.43883023,-0.50520575,0.2560598,0.84549654,0.17273927,-0.13151565,-1.9594685,0
0.9214611,-1.3713133,-1.2821627,-0.2881038,-0.5538149,0.44208494,1.0134598,0.045033805,-0.32135716,-1.7055537,0
0.67708856,-1.4746717,-1.3910041,-0.3338568,-0.33205396,0.6025943,0.763429,0.2299633,-0.48929176,-1.723963,0
0.69798833,-1.4094418,-1.4496821,-0.4864366,-0.12032417,0.7313033,0.8778517,0.027301788,-0.2635952,-1.6727087,0
0.637485,-1.5167744,-1.1777287,-0.45379978,0.054842927,0.87768126,1.0157919,0.11081181,-0.2586068,-1.6780063,0
0.42497993,-1.5493454,-1.3289198,-0.3988403,-0.14100789,0.65831035,1.1810396,-0.06889103,-0.35237148,-1.5864414,0
0.28900966,-1.2982707,-1.4710481,-0.57617337,0.056759182,0.8258221,1.1169119,0.12372979,-0.19929753,-1.6574934,0
0.48900968,-1.4524124,-1.2710481,-0.37617338,0.2567592,0.90354764,0.9169119,0.32372978,-0.39929754,-1.4574933,0
0.2914039,-1.2524123,-1.071048,-0.57617337,0.056759194,1.1035477,1.1169119,0.5237298,-0.19929753,-1.396706,0
0.26424465,-1.4264407,-1.2483195,-0.48596826,-0.14067942,1.280238,0.9005159,0.71078825,-0.3921574,-1.404364,0
0.16811863,-1.1553376,-1.3643531,-0.64619917,0.055881467,1.3944211,1.0367135,0.48117524,-0.18101706,-1.439199,0
0.24072601,-1.2317277,-1.3651927,-0.76902384,0.12616533,1.2807337,1.1239223,0.27544564,-0.34626743,-1.3618295,0
0.29396406,-1.2129759,-1.5651927,-0.82587874,0.32616532,1.291815,0.92392236,0.47544563,-0.14626743,-1.1618295,0
0.38920006,-1.324844,-1.5025333,-0.62587875,0.5261653,1.091815,1.0358523,0.65292716,0.053732574,-1.1119881,0
0.25784993,-1.2237135,-1.7025334,-0.7046511,0.7261653,0.891815,0.8943818,0.52065194,-0.14626743,-1.1296204,0
0.34551933,-1.2694204,-1.6963487,-0.6761732,0.7175332,0.76315016,0.97577953,0.619831,-0.30874112,-1.1855245,0
0.15949093,-1.2294347,-1.6967882,-0.8289973,0.8681303,0.53282845,0.9254,0.77568877,-0.4769955,-1.0833225,0
0.15804255,-1.3762301,-1.8262621,-0.60561,0.643288,0.46603248,0.8100258,0.5542836,-0.6518236,-1.1660889,0
-0.019886453,-1.1050551,-1.9036508,-0.55300933,0.79225975,0.24993455,0.94890815,0.50080436,-0.80027884,-1.169158,0
-0.21988645,-0.9050551,-1.9833423,-0.5594258,0.85159606,0.16004093,0.8144607,0.41500032,-0.8166338,-1.249269,0
-0.386096,-0.7050551,-1.7833422,-0.71551174,0.97838205,0.36004093,0.7005264,0.44866046,-1.0166339,-1.3244853,0
-0.24589801,-0.46906388,-1.8420054,-0.61100465,0.9985029,0.5201313,0.83635306,0.45086288,-1.1299342,-1.22725,0
-0.27862275,-0.5008033,-1.7631679,-0.7271384,1.0044131,0.6456623,0.75553626,0.3390027,-1.1924053,-1.2250551,0
-0.38604096,-0.5778975,-1.5746888,-0.7631049,1.1886303,0.83458054,0.9430147,0.13718118,-0.9794007,-1.215872,0
-0.56458,-0.7494107,-1.3517671,-0.92783576,1.1706623,0.7933348,0.83536524,-0.060518384,-1.0955381,-1.2369106,0
-0.6820881,-0.5305101,-1.2888402,-1.0149668,0.93727005,0.95916253,0.6528568,-0.21588796,-1.2509696,-1.3137069,0
-0.7586933,-0.7042236,-1.0784547,-0.98027927,1.0963467,0.9328858,0.75321317,-0.40092272,-1.0131518,-1.4062874,0
-0.70769924,-0.87336004,-0.86987126,-0.77265507,0.88758844,1.0128665,0.9438992,-0.19895947,-1.201298,-1.481679,0
-0.55060446,-0.6342267,-0.8657911,-0.9161277,0.783314,0.8790161,1.0774198,-0.3757733,-1.3198594,-1.508439,0
-0.54102176,-0.4736514,-1.0524057,-0.91214305,0.58090687,0.7376007,0.9956037,-0.38038847,-1.4448042,-1.5615687,0
-0.5610267,-0.26504537,-1.1465675,-0.6897469,0.36892775,0.6083628,0.92125076,-0.5064954,-1.5930768,-1.6356299,0
-0.70482266,-0.060241584,-1.2471195,-0.4535777,0.15645194,0.65443826,1.0192337,-0.49965692,-1.660653,-1.496505,0
-0.47981027,0.035475336,-0.99523795,-0.556894,-0.04139039,0.64844316,1.0869412,-0.36987537,-1.7684635,-1.6124485,0
-0.507509,-0.15026754,-1.0263569,-0.4248635,-0.22047234,0.60774964,1.1754194,-0.3538956,-1.7978834,-1.5260184,0
-0.48063153,-0.34562677,-1.1246564,-0.26073843,-0.4149014,0.40234733,0.962496,-0.54655695,-1.7702562,-1.6197972,0
-0.37851205,-0.19432981,-1.2669094,-0.36116397,-0.27318892,0.20234732,0.8085808,-0.34655696,-1.5702561,-1.8197973,0
-0.31556556,0.00567019,-1.118695,-0.41782802,-0.47318894,0.0023473203,0.9600323,-0.48340476,-1.5653925,-1.7469637,0
-0.42599562,0.2056702,-1.2294711,-0.21782802,-0.5167516,-0.043844398,0.90007126,-0.49004126,-1.5458503,-1.62499,0
-0.5198045,0.005606949,-1.2398412,-0.13547085,-0.6604416,-0.1049827,0.9083946,-0.6036243,-1.683543,-1.6441256,0
-0.57426953,-0.097501956,-1.4394178,-0.3353722,-0.5064979,-0.0096348645,0.8334744,-0.80338794,-1.4831066,-1.6370587,0
-0.49873602,0.09043735,-1.4465116,-0.11990628,-0.623366,-0.18496765,0.8570225,-0.88532174,-1.4850596,-1.5779186,0
-0.48718402,-0.10604085,-1.4406216,-0.30962315,-0.5045776,-0.10575722,0.7914797,-0.66329265,-1.56874,-1.669438,0
-0.67826736,0.048659936,-1.3564821,-0.50962317,-0.4072363,0.09424278,0.8106775,-0.46329266,-1.36874,-1.8246624,0
-0.68434787,0.24865994,-1.2454729,-0.3216335,-0.32905918,0.107787825,1.0106776,-0.26329267,-1.1731184,-1.6614825,0
-0.88434786,0.28361145,-1.445473,-0.121633485,-0.12905918,0.15669355,1.204952,-0.16238962,-1.1443326,-1.6023123,0
-0.82543665,0.09338245,-1.2439157,-0.19761448,-0.17512317,0.14218087,1.2242332,-0.36193654,-1.342652,-1.800059,0
-0.7365937,-0.08606586,-1.3700329,0.0022634633,-0.35592872,0.31087333,1.3513575,-0.53318316,-1.0841843,-1.7503693,0
-0.64274764,-0.18829684,-1.1565262,0.029920273,-0.15322334,0.50200963,1.5244414,-0.7204624,-0.8688436,-1.8274586,0
-0.7630797,0.011546868,-0.9437519,0.119106315,-0.17101368,0.6926343,1.7014116,-0.51351166,-0.6599113,-1.8465527,0
-0.8935159,0.18954137,-0.7886763,-0.07505069,-0.34421515,0.45705104,1.7640716,-0.29086655,-0.7850277,-1.8433291,0
-0.6932974,0.22684585,-0.6344949,0.02985117,-0.54404366,0.3123522,1.9634528,-0.09083792,-0.5848434,-1.8615627,0
-0.7931592,0.39196151,-0.73138314,0.2110664,-0.68165725,0.21859673,1.9866428,-0.26706895,-0.7194478,-1.609246,0
-0.58746564,0.19011892,-0.87270856,0.010960169,-0.47703397,0.26088595,2.165654,-0.4625857,-0.51446176,-1.5468234,0
-0.38746566,-0.009881079,-0.7546031,-0.18903983,-0.27703398,0.46088594,1.9656539,-0.4741429,-0.71446174,-1.543489,0
-0.34680304,0.17441273,-0.82065517,-0.37024686,-0.45399037,0.6013113,2.06104,-0.6147751,-0.48961017,-1.614161,0
-0.5424373,0.37142336,-1.0125061,-0.49480954,-0.64876884,0.7593372,1.8902572,-0.5528571,-0.34255347,-1.5179727,0
-0.46241271,0.17142336,-0.87934726,-0.29480952,-0.44876885,0.9593372,1.8032492,-0.5216764,-0.14255346,-1.5948594,0
-0.5501173,-0.028392918,-0.9224369,-0.09419997,-0.27439222,1.1518836,1.99037,-0.31960833,-0.04598128,-1.5391028,0
-0.641098,-0.09347488,-0.7112124,0.10415622,-0.07323638,0.93709415,2.1563382,-0.31439278,0.15162574,-1.551917,0
-0.56533426,-0.29009604,-0.87676424,-0.094740316,0.12530416,0.7286079,2.0349486,-0.3079288,0.19286686,-1.7317469,0
-0.547146,-0.2548905,-0.908219,-0.29474032,-0.07469584,0.59601593,1.8349485,-0.1079288,0.39286685,-1.6051294,0
-0.7209133,-0.26255837,-0.92474705,-0.10412879,0.008127021,0.5743464,1.9789174,-0.29945013,0.57654256,-1.6962374,0
-0.9209133,-0.06255837,-0.72474706,-0.284388,-0.078953706,0.7743464,1.7789173,-0.34535298,0.47528893,-1.6557744,0
-1.0667288,-0.24986641,-0.76481926,-0.2626082,-0.2306206,0.78848886,1.8514397,-0.13832667,0.6426458,-1.615824,0
-1.1806262,-0.070876986,-0.6832424,-0.0626082,-0.2238849,0.92800075,1.6514397,-0.27082402,0.654127,-1.4158239,0
-1.0009673,-0.270877,-0.6744484,0.1373918,-0.023884892,1.0487862,1.5666418,-0.22122979,0.454127,-1.3795397,0
-0.8735316,-0.0904067,-0.87444836,0.13572629,0.17611511,0.92780083,1.7666419,-0.021229789,0.40027902,-1.3403805,0
-0.7519082,-0.13192542,-0.9265588,-0.064273715,0.31758368,1.1278008,1.5666418,-0.18322587,0.20027901,-1.4579724,0
-0.9113665,-0.33192542,-1.1265588,-0.1202368,0.51758367,0.97315586,1.4902626,0.016774133,0.04621917,-1.6301966,0
-0.92525816,-0.13192542,-0.9265588,-0.14561962,0.31758368,1.1731559,1.6902627,0.21677414,0.104185194,-1.6705694,0
-0.9778623,-0.12709402,-1.029201,-0.036055356,0.47285384,0.9670154,1.6831224,0.21775566,-0.08753445,-1.7089139,0
-1.050093,0.072399035,-0.9327168,0.16280466,0.5957098,1.1589006,1.4848293,0.4148508,-0.28553507,-1.6850301,0
-0.85972977,0.11314209,-0.9331162,-0.035373185,0.7567289,1.1510222,1.6022916,0.58473,-0.20358755,-1.5899432,0
-1.0597298,-0.08196302,-0.87986743,0.16462682,0.5567289,0.9591942,1.4022915,0.63446283,-0.003587544,-1.7899432,0
-0.8674863,-0.13229609,-1.0492622,-0.03537318,0.3567289,0.7591942,1.2022915,0.43446285,-0.20358755,-1.8958387,0
-0.9471835,-0.17111094,-1.2492622,0.16462682,0.5567289,0.6144545,1.0534858,0.23446284,-0.003587544,-2.039652,0
-0.96077067,-0.32255456,-1.0179043,-0.03431603,0.6239905,0.790114,1.0146272,0.36434096,-0.1975032,-2.1727188,0
-0.8746632,-0.3357189,-1.2179043,0.16568397,0.6140116,0.8930634,0.81462723,0.16434096,-0.3975032,-2.1000679,0
-1.048762,-0.5228072,-1.3837305,0.27762544,0.57974505,0.6763595,0.6460375,0.1852341,-0.19274303,-2.0862868,0
-0.8467958,-0.4649305,-1.3859855,0.07308233,0.73410964,0.8250696,0.5138219,-0.013901713,-0.15313081,-2.1524794,0
-0.83693343,-0.26034915,-1.4733654,-0.04423421,0.5248735,0.61426055,0.70147806,-0.2102028,-0.34702426,-2.1793368,0
-0.92450094,-0.307967,-1.5033935,-0.23901415,0.36441264,0.4054065,0.59728855,-0.15312092,-0.5353326,-2.1838505,0
-1.0448555,-0.12394422,-1.6393356,-0.42250454,0.5431873,0.5826396,0.3823481,0.045116145,-0.33389512,-2.0329168,0
-0.9586009,0.07008988,-1.6950561,-0.5229467,0.68489087,0.72124845,0.2536792,0.008128981,-0.49201578,-1.9062289,0
-0.98479337,0.24159983,-1.6243929,-0.64668775,0.75189304,0.46626532,0.40582353,0.18617481,-0.6190195,-1.8840563,0
-0.77321804,0.41331455,-1.7075372,-0.74501324,0.51654327,0.24921054,0.5670194,0.3614396,-0.51442504,-1.9274004,0
-0.5516517,0.4599275,-1.7515479,-0.83176315,0.6476588,0.124031775,0.7381616,0.5403164,-0.6875461,-1.7262694,0
-0.41120952,0.29683763,-1.7961605,-0.8868554,0.5977346,-0.07596823,0.53816164,0.3403164,-0.4875461,-1.622674,0
-0.21120952,0.37594366,-1.684155,-1.0868554,0.79773456,0.124031775,0.3679874,0.41994846,-0.6875461,-1.556872,0
-0.063769296,0.26025617,-1.4841549,-0.8868554,0.90139794,0.012094058,0.3698173,0.21994846,-0.88754606,-1.6671853,0
-0.2637693,0.06025617,-1.4266237,-0.72459465,1.101398,-0.18790594,0.16981728,0.15599146,-0.6875461,-1.8400195,0
-0.063769296,0.21365276,-1.2266237,-0.52459466,1.301398,0.012094066,0.3698173,0.19360724,-0.4875461,-1.8385208,0
-0.023492131,0.19911462,-1.3756107,-0.72459465,1.5013981,0.10929223,0.16981728,0.39360726,-0.6875461,-1.664859,0
0.16429636,-0.00082412804,-1.4666038,-0.81522405,1.492642,0.28789416,0.34423187,0.18021274,-0.82614213,-1.7358408,0
0.32205346,-0.12596402,-1.5186541,-0.9250995,1.2408085,0.39650834,0.13142796,0.23448592,-0.91517884,-1.7639902,0
0.12205346,-0.30315354,-1.5749493,-0.7250995,1.4408085,0.23871452,0.24563415,0.03448592,-0.7215442,-1.7807359,0
0.12627837,-0.10315354,-1.3749492,-0.68638647,1.2408085,0.29705504,0.36244476,0.23448592,-0.9215442,-1.7903852,0
0.24088411,-0.30315354,-1.1749492,-0.7710345,1.4408085,0.41608953,0.42542672,0.07331194,-1.1215442,-1.6324373,0
0.43952888,-0.3544209,-1.1159827,-0.77611095,1.635765,0.55198425,0.30898085,0.18081447,-1.0656853,-1.6090912,0
0.48543066,-0.53887814,-1.2790903,-0.70867467,1.3955145,0.37177965,0.17610879,0.37013867,-1.2302029,-1.6026783,0
0.48224247,-0.6959124,-1.3930813,-0.85583526,1.1259954,0.46986806,0.078333884,0.16024512,-1.3470367,-1.5083282,0
0.42155856,-0.8210197,-1.4336475,-0.967574,0.9493122,0.24730878,-0.051410943,-0.025968095,-1.4177141,-1.4768499,0
0.2042627,-0.5725401,-1.5061177,-1.0764279,0.82372266,0.41238984,0.13698953,0.1604462,-1.4914281,-1.4442768,0
0.18816917,-0.6824197,-1.3061177,-0.89525133,1.0237226,0.21238984,0.33698952,-0.039553806,-1.4163549,-1.6308808,0
-0.0115856845,-0.5004621,-1.4609525,-1.0725561,0.8066539,0.15806489,0.28735492,-0.17543232,-1.5828618,-1.4731498,0
-0.11747997,-0.4311074,-1.6609526,-0.914626,1.0066539,0.3580649,0.48735493,0.016031563,-1.3828617,-1.2909175,0
0.08252003,-0.2311074,-1.4609525,-0.714626,1.1602831,0.5580649,0.6873549,-0.18396844,-1.1828617,-1.3814803,0
-0.11458865,-0.36980486,-1.550323,-0.59343606,0.9366493,0.68019825,0.865516,0.015637007,-1.3488278,-1.4784335,0
-0.12376266,-0.16406251,-1.6911318,-0.56872004,0.8789448,0.81022286,0.7670569,-0.17812833,-1.4309458,-1.2952524,0
-0.32376266,-0.094890356,-1.762199,-0.3751064,0.7291004,0.8228521,0.9670569,-0.37812835,-1.2309457,-1.308676,0
-0.12078888,-0.016329018,-1.6537123,-0.17089893,0.90677595,0.998275,1.1390148,-0.56423706,-1.1571728,-1.2031666,0
0.07116159,-0.075828865,-1.4652148,-0.33320773,0.7604956,1.0765047,1.2029425,-0.6865743,-1.2192552,-1.260575,0
0.2653645,0.12151651,-1.5308658,-0.5218084,0.54851294,0.85776615,0.9815008,-0.5717408,-1.3889134,-1.4293498,0
0.061470035,-0.060531966,-1.4246496,-0.4086681,0.4822709,0.99474376,1.1111062,-0.7043133,-1.2553878,-1.505725,0
-0.104307964,-0.12515208,-1.2367071,-0.5859422,0.6567969,0.7650704,1.2621534,-0.4854837,-1.401048,-1.514037,0
-0.008490908,-0.062557116,-1.2687159,-0.7463265,0.43377185,0.83839786,1.388453,-0.4325816,-1.1405087,-1.5882738,0
0.030450122,0.11822631,-1.2633674,-0.81401587,0.54516107,0.89321434,1.3531208,-0.46184772,-1.1049446,-1.5382464,0
-0.030365625,-0.06034995,-1.0733755,-0.57320046,0.6895522,0.91696143,1.4372166,-0.29544315,-1.207561,-1.608527,0
4.7713518e-05,-0.21912122,-1.0372385,-0.37320048,0.8895522,0.71696144,1.2539824,-0.30384466,-1.0077231,-1.4358897,0
-0.08392138,-0.019121215,-1.2372385,-0.17450936,1.0855087,0.91696143,1.4539825,-0.40219757,-1.0395825,-1.274261,0
-0.13664877,0.18087879,-1.070713,-0.37450936,0.8855087,0.7237561,1.6539825,-0.20219757,-1.2395825,-1.2212088,0
-0.07347738,0.36836308,-1.0799594,-0.52441347,0.6629828,0.6110328,1.7930604,-0.0021253515,-1.3922777,-1.2046463,0
-0.14850524,0.16519569,-1.1085205,-0.6406512,0.4817699,0.7957749,1.9555652,-0.0569979,-1.2735871,-0.9982673,0
0.051494762,-0.034804314,-1.0451514,-0.72071,0.28176987,0.5957749,2.0982685,-0.19837272,-1.1900846,-0.81731355,0
-0.07507266,0.07954761,-1.0050244,-0.92070997,0.12056348,0.7957749,1.8982685,-0.3983727,-0.9900846,-0.8606065,0
0.081502184,-0.1204524,-0.93110627,-1.0992877,0.3205635,0.5957749,1.6982684,-0.5983727,-1.1900846,-0.70392567,0
0.036740765,-0.09091574,-0.8574866,-1.2206408,0.5205635,0.57633084,1.8982685,-0.56724066,-1.1494191,-0.57078195,0
0.095441215,-0.27384427,-0.8609018,-1.337275,0.60241145,0.6550338,1.9751383,-0.61022794,-0.8937055,-0.7226447,0
-0.09833032,-0.44561782,-0.68706465,-1.2465488,0.75461257,0.752964,2.0455673,-0.74384344,-0.65238214,-0.6827657,0
0.09509746,-0.6038832,-0.7116913,-1.2304999,0.8929036,0.89136165,1.9478089,-0.8828306,-0.42313886,-0.5113213,0
0.10510134,-0.5436915,-0.83896506,-1.2345401,0.73878807,0.9769086,1.9764767,-0.752385,-0.45784438,-0.5320509,0
-0.09148327,-0.3313221,-0.8628859,-1.1617471,0.6522136,0.8379098,2.0981455,-0.91810876,-0.38959768,-0.5130576,0
-0.084982984,-0.43685144,-1.0581183,-1.1363876,0.45018518,0.90615904,1.9411494,-0.9923003,-0.58695304,-0.5195402,0
-0.15619688,-0.5905452,-1.1666391,-1.2392173,0.6029094,0.69359297,1.7452658,-0.94907725,-0.7026363,-0.66722155,0
-0.0890087,-0.54727036,-1.1756221,-1.4006345,0.3921081,0.67656803,1.7802181,-0.72899586,-0.87843823,-0.51473385,0
-0.23423281,-0.45308653,-1.0657144,-1.2602971,0.41613087,0.47327322,1.9550124,-0.56310207,-1.0440747,-0.6239803,0
-0.27045515,-0.51360106,-1.1636463,-1.3425378,0.48062924,0.61898,1.6658677,-0.70156497,-1.0379493,-0.7401348,0
-0.13523075,-0.3529446,-0.96571684,-1.4495203,0.4141813,0.5269704,1.8658677,-0.501565,-0.9646081,-0.7285217,0
-0.15931809,-0.15294461,-0.8690884,-1.2495203,0.5593967,0.42242342,2.052036,-0.4428288,-1.0308968,-0.6511444,0
-0.15673128,-0.12016685,-0.9704843,-1.0495203,0.3593967,0.6224234,2.0623758,-0.2428288,-1.2308968,-0.5946319,0
-0.053492982,0.0770431,-0.88552606,-1.2058514,0.5398466,0.50211024,2.0810184,-0.4273526,-1.1238804,-0.6580609,0
-0.007952455,-0.054622184,-1.0391674,-0.9628953,0.7082505,0.6230676,2.1836047,-0.28840092,-0.8844249,-0.68306184,0
0.17391771,-0.23925503,-1.1643802,-0.8824352,0.4775762,0.77339315,2.1506839,-0.24609011,-0.86639637,-0.71775746,0
0.35131645,-0.055487104,-0.97322184,-1.0170081,0.26138982,0.9145569,2.2085981,-0.21943201,-0.71553123,-0.74111503,0
0.451888,-0.09380139,-1.146938,-0.7994253,0.45105326,0.6985486,2.246911,-0.10736746,-0.8950205,-0.52899235,0
0.57109505,-0.26988396,-1.0711116,-0.57326436,0.33976337,0.8254006,2.2477157,-0.06293856,-1.0058783,-0.5102897,0
0.5869036,-0.06548747,-1.1911443,-0.54379416,0.5058062,0.8785132,2.0441334,-0.10319175,-1.130015,-0.6656045,0
0.5054719,-0.26548746,-0.9996476,-0.49865162,0.7058062,0.79383886,1.8441334,-0.2254721,-1.3300151,-0.86560446,0
0.42341995,-0.43186504,-1.0948783,-0.6986516,0.9058062,0.5938389,1.6441333,-0.42547208,-1.130015,-1.0656044,0
0.27367744,-0.40088895,-0.96195835,-0.49865162,0.7058062,0.79383886,1.8002704,-0.47964147,-0.930015,-0.91161394,0
0.10767588,-0.5010422,-0.76195836,-0.6986516,0.5058062,0.7684193,1.6002704,-0.6796415,-0.73001504,-0.97048545,0
0.011347353,-0.7010422,-0.6847301,-0.76857334,0.7058062,0.9684193,1.8002704,-0.8796415,-0.930015,-0.80977017,0
-0.18865265,-0.90104216,-0.7258988,-0.9493358,0.9058062,0.8178608,1.6002704,-1.0796415,-0.73001504,-0.7689689,0
0.011347353,-0.7010422,-0.6728724,-0.9926505,0.91986823,0.9387635,1.5699418,-0.8796415,-0.930015,-0.96218073,0
0.20344196,-0.86733896,-0.8402229,-1.1480398,0.6929418,1.0961684,1.4994713,-0.9436389,-0.702709,-0.9316347,0
0.36763498,-0.88307846,-0.94596654,-1.2999433,0.5331127,0.9587821,1.2531075,-1.1028352,-0.8705014,-0.8674927,0
0.31609237,-1.0201138,-1.0874796,-1.3083134,0.31611156,0.84584993,1.3789451,-0.9134102,-0.7094287,-0.95429134,0
0.11256748,-1.16646,-0.92603517,-1.4571937,0.11258608,0.7222226,1.2629143,-1.0796039,-0.49396104,-1.0521265,0
0.14661907,-0.96646005,-0.7260352,-1.2571937,0.2304079,0.9090799,1.265568,-0.8796039,-0.56211156,-1.2521266,0
0.27863163,-0.8301695,-0.6635642,-1.2457547,0.03040789,1.10908,1.065568,-0.87911725,-0.76211154,-1.121132,0
0.15388161,-0.6301695,-0.8635642,-1.2321712,0.0024618972,1.1570257,1.265568,-1.0791173,-0.7426054,-1.1286362,0
0.24220891,-0.39266562,-0.8934857,-1.127016,0.18481046,1.2357419,1.337794,-1.0754274,-0.86042523,-1.2128005,0
0.09883588,-0.18436146,-0.7974461,-1.201206,0.36822456,1.2552247,1.3259904,-1.2204547,-0.728438,-1.1780777,0
-0.101164125,-0.001437977,-0.5974461,-1.0012059,0.56822455,1.0552247,1.5259905,-1.0310607,-0.52843803,-1.3358654,0
0.096165285,0.19319679,-0.576149,-0.9793994,0.65140206,1.221308,1.6045599,-0.8086051,-0.6972698,-1.4253767,0
0.2961653,0.3931968,-0.376149,-1.1793994,0.56206924,1.021308,1.4631251,-0.6086051,-0.8972698,-1.5464338,0
0.45785272,0.5473917,-0.43859074,-0.94298244,0.70322424,0.8603619,1.534703,-0.44347352,-1.0125415,-1.6115788,0
0.43796697,0.668288,-0.60819554,-0.9061111,0.47927216,0.62893045,1.6031079,-0.3083603,-1.1548278,-1.5958426,0
0.35692438,0.75911254,-0.5012653,-1.059217,0.26743224,0.4107457,1.3436223,-0.4868081,-1.2973891,-1.7197069,0
0.52013904,0.7824387,-0.6045442,-1.1760446,0.2822206,0.3867362,1.090457,-0.5155367,-1.3984853,-1.6519204,0
0.34444952,0.8312927,-0.5862317,-1.2178209,0.0822206,0.5867362,0.890457,-0.7155367,-1.4150085,-1.6148142,0
0.22977838,0.756181,-0.71539575,-1.2900816,0.2567938,0.5001913,0.9922117,-0.7181616,-1.4695035,-1.4911323,0
0.15942556,0.93420213,-0.91539574,-1.2647272,0.45679379,0.52387416,0.8446069,-0.9181616,-1.2695035,-1.2911322,0
0.22748297,1.043081,-1.1153958,-1.0647272,0.2567938,0.72387415,0.6446069,-0.736542,-1.1595137,-1.0911322,0
0.12108102,0.9580388,-1.1833326,-0.8647272,0.31332567,0.52387416,0.4446069,-0.6656041,-1.2864838,-1.0072267,0
0.321081,0.7580388,-1.3652697,-0.8667848,0.5133257,0.72387415,0.35065404,-0.8656041,-1.4498143,-0.98403734,0
0.12700327,0.72182757,-1.5652697,-0.7745346,0.3133257,0.52746975,0.36160937,-1.0656041,-1.2498143,-1.1840373,0
0.32700327,0.5218276,-1.6166631,-0.5745346,0.5133257,0.32746977,0.17099355,-1.2224611,-1.4498143,-1.0358721,0
0.124378465,0.7069094,-1.5825819,-0.36679402,0.4742011,0.5165684,0.36332616,-1.3493619,-1.5391618,-1.0159688,0
-0.071913764,0.86244303,-1.6503128,-0.39863577,0.41733754,0.5057319,0.5357059,-1.136181,-1.5473579,-0.9830754,0
-0.07298206,0.960452,-1.64134,-0.18976524,0.20763184,0.67421585,0.4993332,-0.8943738,-1.6693258,-1.0043072,0
-0.17876099,1.141861,-1.551929,-0.36326927,0.40110135,0.5536665,0.4724203,-0.88366556,-1.5780143,-1.078029,0
-0.22358134,0.941861,-1.4769154,-0.52673125,0.60110134,0.35366648,0.2724203,-0.76300776,-1.7780143,-0.9934176,0
-0.17011423,1.1228095,-1.610825,-0.3212799,0.78773534,0.15110263,0.46453816,-0.5730298,-1.6797116,-1.0017153,0
-0.35721928,1.0270379,-1.6143156,-0.3584053,0.630329,-0.047193762,0.6413853,-0.5563031,-1.8142216,-0.8193455,0
-0.33134943,1.1952351,-1.3776588,-0.5439323,0.8088082,-0.24078691,0.42994535,-0.3470683,-1.870637,-0.86664486,0
-0.30487403,1.2555922,-1.3540047,-0.34393233,0.9265983,-0.040786907,0.62994534,-0.48305714,-1.670637,-0.7728996,0
-0.14820449,1.0555922,-1.4117442,-0.5439323,1.1265984,-0.24078691,0.42994535,-0.6830571,-1.470637,-0.90468085,0
0.045227293,1.0963699,-1.407358,-0.6495938,1.1583717,-0.3096057,0.5500616,-0.7710761,-1.4587826,-0.9645956,0
0.15322088,1.2963699,-1.4434342,-0.50682503,0.9583717,-0.23669842,0.3500616,-0.9710761,-1.3179556,-0.9300572,0
-0.046779126,1.3559897,-1.2434342,-0.3147462,0.93614656,-0.036698416,0.27732286,-0.99507666,-1.3871686,-1.0119777,0
0.14490333,1.2510029,-1.3650779,-0.4528392,0.87571114,-0.16304651,0.45141155,-1.1302023,-1.5010097,-0.90436625,0
0.33077428,1.3915621,-1.5009639,-0.6260954,0.68815,-0.027442347,0.62472624,-0.8920963,-1.434719,-0.76838386,0
0.4954382,1.5056528,-1.389792,-0.7112837,0.8816841,0.076853275,0.4216342,-0.68705773,-1.4904952,-0.6288334,0
0.37437508,1.6347166,-1.5792023,-0.5381263,0.6771434,-0.12232644,0.54768515,-0.6083023,-1.2818991,-0.7857116,0
0.4751857,1.3689367,-1.6976281,-0.32262364,0.8369275,-0.081777975,0.62452686,-0.38958216,-1.4139559,-0.8160692,0
0.63518614,1.0996861,-1.7778596,-0.115359135,0.59919447,-0.09305154,0.77568,-0.26051563,-1.5149275,-0.9385581,0
0.43316618,0.89551014,-1.6548287,-0.16566713,0.7954849,-0.10808275,0.97115123,-0.4014604,-1.7069675,-0.76289093,0
0.47207856,1.0190831,-1.501256,-0.22699867,0.9386462,0.023313204,0.72712123,-0.54905045,-1.7344517,-0.84452975,0
0.5567954,1.1091753,-1.3578621,-0.120564245,1.0627066,0.12186398,0.8859269,-0.7113166,-1.4731289,-0.9981187,0
0.5046904,1.2354468,-1.2113694,-0.3047978,0.8202758,0.3060336,0.9456131,-0.86649495,-1.5908388,-0.84638464,0
0.6100057,1.4075639,-0.99172395,-0.12705159,0.6082272,0.114236355,1.0148754,-0.8652025,-1.7560526,-0.63382894,0
0.81000566,1.607564,-0.79172397,0.0016757697,0.6015991,-0.013541207,0.94377273,-0.7181607,-1.5560526,-0.49283442,0
0.7965765,1.7954777,-0.72470826,0.20167577,0.4015991,0.020797621,0.85695636,-0.6972617,-1.3560525,-0.6254871,0
0.9965765,1.7216334,-0.5695622,0.07531355,0.2015991,-0.17305756,0.72272694,-0.54766035,-1.3541675,-0.6739804,0
0.94486684,1.9216335,-0.6360013,-0.12468645,0.0015991032,-0.37305754,0.52272695,-0.70627874,-1.1749381,-0.83862484,0
0.8347434,1.8275937,-0.8360013,0.07531355,-0.1984009,-0.57305753,0.72272694,-0.9062787,-0.9749381,-0.8978543,0
0.711704,1.6275936,-0.8497076,-0.08692628,-0.3984009,-0.37305754,0.7285325,-0.77038634,-0.7749381,-0.86459637,0
0.7573143,1.4275936,-0.6497076,-0.28692627,-0.5984009,-0.57305753,0.9285325,-0.77890927,-0.9749381,-1.0645964,0
0.64664567,1.3327105,-0.7154659,-0.12492497,-0.7984009,-0.7730575,0.74622595,-0.86991984,-1.0050832,-1.1701522,0
0.6974966,1.494418,-0.7180267,0.052440718,-0.99840087,-0.76143664,0.54622597,-0.66991985,-0.8050832,-1.0714345,0
0.6627881,1.5535525,-0.9180267,-0.14755929,-0.7984009,-0.9614366,0.34622598,-0.8401696,-1.0050832,-1.0338887,0
0.7250996,1.3917928,-1.1180267,-0.09312745,-0.7261277,-1.0086482,0.54622597,-0.70090365,-1.1798278,-1.2338887,0
0.8691105,1.1588964,-1.152891,-0.19736034,-0.4942853,-1.027948,0.70106274,-0.846379,-1.263301,-1.1952932,0
0.7834937,1.2990737,-1.2933327,0.0025234602,-0.28169948,-1.0618935,0.8613952,-0.8480934,-1.131426,-1.0380118,0
0.77228814,1.1203498,-1.3004023,0.19237454,-0.45756036,-1.198657,0.88475233,-0.88882875,-1.0948157,-1.0013835,0
0.82083994,1.2860463,-1.0798221,-0.007427346,-0.2508688,-0.97271127,0.86426145,-1.0605403,-1.2611756,-1.0172886,0
0.81746405,1.259978,-0.89465064,-0.19317415,-0.28156585,-1.0271815,0.9813233,-1.1739234,-1.3607723,-0.7611293,0
0.83168805,1.059978,-0.94406116,-0.3712228,-0.48156583,-0.92206013,0.7813233,-0.9739234,-1.5607723,-0.607847,0
0.9099929,1.0501727,-0.9639875,-0.55864173,-0.6671195,-1.0803317,0.9605234,-1.06974,-1.3319297,-0.6120031,0
0.75241137,1.0555785,-1.1319683,-0.40957868,-0.4824546,-1.0935522,1.0319238,-1.2196108,-1.1169494,-0.80125684,0
0.5621832,0.8130477,-1.0783693,-0.21594788,-0.5454291,-1.2292498,1.1706849,-1.2671964,-1.1984761,-0.76954967,0
0.70122415,0.61660373,-0.9776898,-0.015947878,-0.34542912,-1.0292498,0.97068495,-1.4671965,-0.9984761,-0.7751294,0
0.64398503,0.50246996,-1.1776898,0.0029485803,-0.30951154,-0.94178116,1.1706849,-1.2671964,-0.7984761,-0.97512937,0
0.5922538,0.5356971,-0.9754395,0.20248146,-0.13783868,-1.1391531,1.3675301,-1.3589004,-0.99013597,-1.1644717,0
0.69452274,0.49678332,-0.7677229,0.3915103,-0.3286296,-1.3026495,1.3447398,-1.1273102,-1.1576942,-1.1418686,0
0.8505013,0.52671283,-0.9200991,0.40155372,-0.12229946,-1.0483856,1.0884045,-1.2619903,-1.2908791,-1.1973766,0
1.0270511,0.32671285,-0.95504314,0.60155374,0.07770054,-0.84838563,1.0453379,-1.0619903,-1.4908792,-1.1002843,0
0.9304054,0.4232857,-1.0284239,0.3996859,-0.12173058,-0.68108594,1.2395452,-0.85798067,-1.683014,-1.0742136,0
0.7304054,0.58290577,-0.8822178,0.19968589,-0.32173058,-0.48108596,1.3748453,-1.027827,-1.5922829,-1.1462661,0
0.68604684,0.38290578,-0.8310945,0.14210586,-0.5181887,-0.57680154,1.3868561,-0.95638794,-1.6163771,-1.1817076,0
0.79552853,0.4444031,-0.68650305,-0.021849241,-0.5702289,-0.75441456,1.5411239,-0.95354056,-1.3830577,-1.2674469,0
0.52327514,0.56621987,-0.7789467,-0.15620852,-0.3253103,-0.8386187,1.5298793,-1.0135854,-1.3909909,-1.2894067,0
0.5525864,0.42365956,-0.68005025,-0.052208204,-0.12378393,-0.7165255,1.6443657,-1.1535939,-1.3118434,-1.3287532,0
0.5640748,0.21393633,-0.59674853,-0.17372453,0.0729027,-0.67993104,1.6059421,-1.2947487,-1.2766362,-1.3772861,0
0.68051594,0.2217719,-0.7096165,-0.08428748,0.24305819,-0.42744604,1.6084453,-1.2287613,-1.315152,-1.3815547,0
0.6441067,0.42177188,-0.9096165,-0.28428748,0.209571,-0.6151508,1.4084452,-1.0287613,-1.1414573,-1.4320124,0
0.5643293,0.40776762,-0.79581857,-0.22278331,0.20638734,-0.41515082,1.6084453,-1.144564,-0.94145733,-1.3087,0
0.38611573,0.60776764,-0.6481476,-0.12385716,0.2954291,-0.21515082,1.8084453,-0.94456404,-0.8926381,-1.4888239,0
0.24970429,0.8077676,-0.8481476,0.07614284,0.09542911,-0.032640055,1.7263798,-0.75663614,-1.0926381,-1.4175085,0
0.06299482,0.68940115,-0.86607426,-0.019030184,-0.104570895,-0.23264006,1.9263798,-0.72126627,-0.89263815,-1.4940424,0
-0.058868542,0.681299,-1.0408387,-0.12347199,-0.050557457,-0.41050816,2.076045,-0.6520535,-0.7214134,-1.4167322,0
0.07894301,0.5823844,-1.144957,-0.1644115,0.13789485,-0.1942418,2.1001709,-0.41712248,-0.7829531,-1.4360257,0
0.10259284,0.5354223,-1.0315809,-0.18050782,0.21758723,-0.29941392,2.0459526,-0.43227383,-0.6788283,-1.5899105,0
-0.01033772,0.42022446,-1.1464032,-0.35868225,0.37012213,-0.18503667,2.1171267,-0.4822704,-0.8284195,-1.344653,0
-0.1135463,0.5887829,-1.1709962,-0.54116637,0.28364488,0.0144941965,1.8925581,-0.66087973,-0.9961763,-1.3728726,0
-0.28231934,0.692459,-1.2344549,-0.30718866,0.36915904,-0.14647277,1.7032646,-0.7751423,-1.0770457,-1.4152163,0
-0.21558243,0.634328,-1.378886,-0.10362254,0.3971187,0.05174641,1.7617388,-0.5931141,-0.94199824,-1.4614512,0
-0.31156766,0.7853447,-1.1671919,0.090719156,0.52012616,0.00872495,1.8465654,-0.6308052,-0.69843566,-1.5327926,0
-0.3031632,0.5537141,-0.96213377,-0.10337557,0.68121225,0.19744594,1.9359738,-0.6319751,-0.7516116,-1.5651721,0
-0.18914731,0.4150186,-0.8067997,-0.28472367,0.5579369,0.32846728,2.0046513,-0.78082424,-0.5176978,-1.6566472,0
-0.36899665,0.59525454,-0.7859712,-0.20738573,0.5580762,0.5114846,1.7466575,-0.94930476,-0.30748838,-1.7969825,0
-0.26549643,0.7397114,-0.9171079,-0.37893263,0.33306703,0.28972957,1.7523503,-0.8195883,-0.09998105,-1.857507,0
-0.29175994,0.86386454,-1.0269428,-0.42651513,0.49004164,0.42047817,1.6363664,-0.7688505,0.09194613,-1.7994066,0
-0.08843948,0.63984174,-0.89930856,-0.21831837,0.27954608,0.21249987,1.769915,-0.84694946,0.19898522,-1.9270555,0
-0.0007826139,0.7726248,-0.6433393,-0.14581777,0.21677192,0.14597633,1.7343807,-0.9631567,0.36705235,-1.9568161,0
0.015807547,0.9494215,-0.6571367,-0.039575987,0.26452205,0.029072272,1.4977759,-1.135408,0.16306709,-2.0087464,0
-0.0018147426,0.913228,-0.57795066,-0.14925705,0.44058004,0.2172656,1.2308869,-1.2665795,0.34435418,-2.080987,0
0.0745352,0.7545875,-0.7535134,-0.33828607,0.5085859,0.40415832,1.3859395,-1.0330757,0.24169064,-2.0674455,0
-0.11054826,0.84109634,-0.66334724,-0.12184521,0.5267073,0.5323298,1.3973868,-1.0812203,0.38917792,-1.9978684,0
-0.09817872,0.64109635,-0.6907578,-0.3218452,0.7267073,0.3323298,1.1973867,-1.2812203,0.23334676,-2.0446928,0
-0.28307238,0.4187495,-0.7190766,-0.16586658,0.8154784,0.2598584,1.3265923,-1.3797088,0.031657342,-1.950118,0
-0.4518851,0.5788028,-0.76465625,-0.16443527,0.69388914,0.055993922,1.0538591,-1.4777224,-0.15747441,-2.0113056,0
-0.495681,0.40125746,-0.96465623,-0.34686238,0.49388915,0.25599393,0.8823366,-1.5337124,0.04252559,-1.8113055,0
-0.47585192,0.40005404,-1.0594399,-0.49528986,0.3004528,0.271946,1.080414,-1.4048048,0.08775638,-1.9832038,0
-0.58354485,0.39987093,-0.9925022,-0.65454644,0.4711267,0.11677722,0.9714317,-1.2828432,0.2442712,-2.0497453,0
-0.50280005,0.19040824,-0.9253486,-0.8140888,0.25829047,0.30177975,1.0351489,-1.212251,0.23261008,-2.1068814,0
-0.6128632,0.11207175,-1.0796261,-1.0140889,0.45829046,0.101779744,0.8351489,-1.0767441,0.110831,-2.0372357,0
-0.4647504,0.3058969,-1.0932113,-1.1900663,0.64526516,0.11022779,0.76161546,-1.2514818,0.2007033,-1.8611829,0
-0.53242373,0.10372155,-1.0417266,-1.122869,0.43611845,0.30385506,0.695244,-1.3585178,0.39247197,-1.8958485,0
-0.5773633,0.023495441,-0.9368537,-0.9105707,0.38251132,0.18874702,0.8581773,-1.4939889,0.4268085,-1.9043868,0
-0.3590722,0.21266243,-0.7011378,-1.0567404,0.31971455,0.17971322,1.0068866,-1.4131566,0.3425976,-1.9886752,0
-0.53460115,0.2319379,-0.55218124,-1.2017318,0.25338796,0.36309287,0.7715685,-1.5425475,0.51884764,-1.8631502,0
-0.46440408,0.41728944,-0.59201777,-1.2620974,0.05157739,0.4535529,0.5521847,-1.6384181,0.6944691,-1.7282491,0
-0.33069807,0.6172894,-0.7910919,-1.2226441,0.060437255,0.6535529,0.3521847,-1.4450552,0.4944691,-1.8673991,0
-0.51902497,0.6579951,-0.6922744,-1.0001502,0.25470874,0.44357666,0.16242468,-1.5617213,0.6791937,-1.9052075,0
-0.5028267,0.7734813,-0.81677413,-0.9152443,0.42491248,0.5458842,-0.035113074,-1.27249,0.8215816,-1.9672568,0
-0.49903253,0.6639041,-0.5969875,-0.7939924,0.6048648,0.37184128,0.1595972,-1.4252512,0.6016407,-2.0977292,0
-0.57890826,0.7971278,-0.65180683,-0.72574145,0.742652,0.15855864,0.3318018,-1.4996259,0.3705955,-2.0012286,0
-0.39690775,0.6822677,-0.73608583,-0.87893724,0.8949928,0.34043044,0.12513809,-1.3790346,0.29817796,-2.0345538,0
-0.5602699,0.48226774,-0.6512376,-0.997515,0.69499284,0.14043044,0.3251381,-1.1790346,0.098177955,-2.1917906,0
-0.5986427,0.62972254,-0.4304974,-1.089429,0.8538563,0.32478327,0.4350297,-1.3156502,-0.09714201,-2.0269964,0
-0.700601,0.62984365,-0.44351247,-1.1041356,0.6341785,0.47666878,0.47425562,-1.3230025,0.0143036265,-2.0228155,0
-0.4923969,0.8162437,-0.28934655,-0.88931817,0.427063,0.38070053,0.269761,-1.4175222,0.2107915,-2.1823828,0
-0.55488056,0.6162437,-0.339521,-0.7283407,0.40161508,0.28264782,0.469761,-1.2175221,0.21606255,-2.2785733,0
-0.713584,0.7634997,-0.2800202,-0.49943727,0.49360865,0.45624408,0.46805596,-1.1296546,0.37875602,-2.3429804,0
-0.80690295,0.8509899,-0.197512,-0.26447138,0.6126146,0.57961315,0.59004575,-1.1743883,0.51117355,-2.1945114,0
-0.78854394,0.9833073,-0.3719127,-0.08447425,0.7602831,0.46671918,0.67705864,-1.180054,0.62255275,-2.0570574,0
-0.7119891,0.95440215,-0.3973197,-0.28148463,0.59340626,0.58365864,0.5154377,-1.3655506,0.8139083,-1.9645485,0
-0.65089947,0.71797824,-0.4938353,-0.22958055,0.7459321,0.3607021,0.6726289,-1.4718746,0.57717454,-2.0311968,0
-0.85089946,0.5442032,-0.29383528,-0.08709945,0.89414036,0.5607021,0.5122204,-1.2718745,0.5921281,-1.9231179,0
-0.7528893,0.7442032,-0.49383527,-0.28709945,0.9148792,0.7607021,0.46756727,-1.4718746,0.62513113,-1.7231178,0
-0.57993764,0.5442032,-0.2946189,-0.4086552,0.8205998,0.5607021,0.66756725,-1.4066662,0.8251311,-1.9231179,0
-0.76984626,0.7345742,-0.34586662,-0.27840048,0.61257005,0.7508596,0.8563421,-1.1910534,0.6170428,-2.0491223,0
-0.8955725,0.58399284,-0.5040625,-0.07239633,0.7156091,0.8780399,0.60607743,-1.2845223,0.3851044,-2.0368845,0
-0.94269717,0.66223794,-0.56876814,-0.032645125,0.8148089,0.95935756,0.71733564,-1.32109,0.4975129,-1.8045923,0
-0.86617684,0.55316037,-0.5498996,-0.21880256,0.95442694,1.0903748,0.8627534,-1.170316,0.51999724,-1.7633092,0
-1.0196347,0.57796925,-0.4148317,-0.12675713,0.77404517,1.15993,0.85398597,-0.970316,0.7199972,-1.7764673,0
-1.003893,0.5859764,-0.6022236,-0.28262955,0.8468181,1.0466613,0.751732,-1.1463168,0.90113115,-1.6439272,0
-1.1307472,0.5820878,-0.6494526,-0.07760916,0.9832158,0.79522,0.8939069,-1.2645177,1.0342289,-1.3740377,0
-1.1218665,0.7702011,-0.73059815,0.120530665,0.77131194,0.98009396,0.81420034,-1.1380736,1.2154703,-1.2684224,0
-0.9921604,0.8066729,-0.8395923,-0.0716978,0.75112826,1.0646893,0.5541359,-1.2072196,1.2770475,-1.2497146,0
-1.1919066,0.94321555,-0.63945615,0.12827489,0.6779625,1.022055,0.7539754,-1.0070052,1.0768182,-1.420577,0
-1.1233933,0.89409345,-0.43945616,0.045031033,0.4779625,1.2220551,0.5539754,-0.8070052,0.87681824,-1.6205771,0
-1.0587243,0.9966505,-0.63945615,0.24503103,0.38472414,1.3214605,0.35397542,-0.60700524,1.0768182,-1.4687105,0
-1.2587243,0.9314339,-0.7269116,0.045031026,0.56626844,1.1845183,0.15397541,-0.8070052,0.87681824,-1.2687105,0
-1.1112058,0.7314339,-0.7271622,-0.15496898,0.5021365,1.2037331,-0.04602459,-1.0070052,0.67681825,-1.4687105,0
-1.088788,0.9314339,-0.9271622,0.045031026,0.6705685,1.003733,0.039800376,-1.2070053,0.47681826,-1.6687106,0
-1.082229,0.7137144,-1.0998559,0.057165254,0.45916867,0.78426206,0.23399104,-1.3729196,0.66042185,-1.7043242,0
-0.8746501,0.5362198,-1.1924855,-0.14160772,0.653506,0.9758066,0.033699036,-1.1628433,0.45646656,-1.887965,0
-0.737932,0.6989167,-0.9509023,0.055433642,0.624395,1.0586262,0.046230417,-1.2937902,0.24347182,-1.9528992,0
-0.82728803,0.6009109,-0.7219504,-0.104881935,0.408032,1.2100985,-0.14784083,-1.2179507,0.04179571,-2.069892,0
-0.7400073,0.76642305,-0.75429,-0.29175347,0.58184963,1.3493786,-0.26056048,-0.9741169,0.006119492,-2.0086582,0
-0.88317287,0.9511548,-0.8653114,-0.4839844,0.63594216,1.175299,-0.22919686,-0.7618869,0.20286308,-1.9678413,0
-0.6724327,0.6859721,-0.9011813,-0.6246305,0.76340187,1.2559552,-0.15444124,-0.87841755,0.0026146309,-1.9797231,0
-0.5196711,0.5395863,-0.97953594,-0.7335352,0.85697675,1.2951188,-0.31528682,-0.95928687,-0.17558059,-1.8652121,0
-0.53279114,0.33687055,-0.977245,-0.59771657,1.0485239,1.4831619,-0.5111659,-0.85102314,-0.37257698,-1.6931813,0
-0.67779624,0.288506,-0.777245,-0.39771658,1.2074995,1.5188346,-0.44198096,-0.65102315,-0.17257698,-1.8022425,0
-0.4991601,0.48850602,-0.977245,-0.43446517,1.1511848,1.3188345,-0.64198095,-0.45102316,-0.37257698,-1.8254668,0
-0.2937736,0.2833113,-1.1559597,-0.23024349,0.9340582,1.0986893,-0.8268206,-0.6393011,-0.5622674,-1.988997,0
-0.2173478,0.083311304,-1.0639458,-0.4302435,0.94516873,0.8986893,-0.6268206,-0.4596302,-0.7622674,-2.0780191,0
-0.4091581,0.0059272605,-0.8901896,-0.22572538,0.7305462,0.8098588,-0.81059575,-0.64668614,-0.94338465,-2.1987162,0
-0.5556355,0.18783383,-0.99440205,-0.023465065,0.8487854,0.9211294,-0.9218016,-0.77229357,-0.92737263,-1.9471803,0
-0.6061688,-0.010987731,-1.0787097,-0.20181976,0.9082868,0.6846076,-1.0131415,-0.8781151,-0.75919884,-1.9391998,0
-0.37414888,0.17411166,-1.1360519,-0.37014267,1.0209161,0.8148704,-0.7490383,-0.99312294,-0.51511496,-1.9705579,0
-0.16520222,0.3548922,-1.2674141,-0.47289625,1.1581933,0.96273285,-0.90028274,-0.7523774,-0.29892638,-1.8117911,0
0.00827843,0.22554721,-1.3962086,-0.6402443,1.2843337,1.1063118,-0.9454223,-0.52557355,-0.09412603,-1.5929217,0
-0.09570471,0.08379848,-1.3978688,-0.67357165,1.0995734,1.117512,-1.0384922,-0.571153,-0.26666808,-1.6255448,0
-0.020056866,0.2749192,-1.2523649,-0.8604693,1.1660819,1.2977512,-0.825916,-0.75958675,-0.4596687,-1.4494417,0
-0.22005686,0.22900605,-1.2088728,-0.6604693,1.3255122,1.2434534,-0.625916,-0.8274131,-0.2596687,-1.409655,0
-0.39121008,0.0270141,-1.2912163,-0.5789245,1.0482192,1.3443264,-0.7691974,-0.956857,-0.42810163,-1.4991143,0
-0.17624585,0.20924784,-1.3745127,-0.7048655,0.78183705,1.3386098,-0.8933474,-0.74151427,-0.578946,-1.5661405,0
-0.30640668,0.009077652,-1.2606426,-0.8882134,0.57112956,1.510295,-0.6805878,-0.92418766,-0.37197232,-1.5700393,0
-0.24451761,0.20907766,-1.0606426,-0.9281281,0.495903,1.310295,-0.48058784,-0.7241877,-0.5719723,-1.7700393,0
-0.10455411,0.31863338,-1.0981245,-1.0375247,0.28806594,1.2973726,-0.51038426,-0.8997105,-0.75152653,-1.7900518,0
0.043444823,0.43865585,-1.2165247,-0.7848781,0.45738626,1.3940115,-0.66572964,-0.65572685,-0.8917138,-1.6996851,0
0.15104556,0.59662884,-1.3233098,-0.59549826,0.24044886,1.489117,-0.49375713,-0.6552327,-0.64619535,-1.7746756,0
0.038229067,0.4649072,-1.4042056,-0.36457512,0.40601113,1.5570487,-0.2707889,-0.78836393,-0.57215244,-1.7510691,0
0.022902422,0.26490718,-1.283182,-0.30942306,0.20601113,1.7570487,-0.38712457,-0.58836395,-0.7721524,-1.551069,0
-0.01928124,0.46313968,-1.0790639,-0.12126033,0.40446755,1.7401811,-0.58489245,-0.7853667,-0.96845645,-1.5866358,0
-0.08095933,0.5879039,-1.0735828,-0.2848121,0.23317613,1.72006,-0.3412249,-0.873573,-1.0358905,-1.5647705,0
0.0348698,0.6926496,-1.0086973,-0.07455866,0.029165268,1.6879327,-0.47579303,-0.9189242,-1.0864764,-1.5475118,0
0.06625278,0.5875617,-1.0715045,0.0330074,-0.10687237,1.4953862,-0.5682352,-0.9869492,-1.0276204,-1.7031165,0
0.037529185,0.7875617,-0.8715045,0.13671637,0.09312763,1.565825,-0.7682352,-1.0112617,-0.82762045,-1.6828047,0
0.0045499457,0.93269134,-1.01197,-0.059767503,0.23297757,1.4384688,-0.53666323,-0.76618683,-0.9705243,-1.7781934,0
0.031077966,0.6960507,-0.7713648,0.09391904,0.4113251,1.5565318,-0.32404765,-0.91786945,-1.1119884,-1.7705184,0
-0.15541013,0.6914027,-0.8936662,0.080244094,0.56242573,1.6160284,-0.48212957,-0.6604477,-1.2070438,-1.6245819,0
0.04355344,0.87068313,-0.6775428,0.2737302,0.3540016,1.4068353,-0.6662743,-0.770136,-1.3743389,-1.6357508,0
0.10099191,0.7760626,-0.84912765,0.45839065,0.24232543,1.5548055,-0.47897786,-0.5516748,-1.1363133,-1.7763085,0
-0.023023672,0.7582938,-0.9949116,0.29564428,0.4423254,1.3548055,-0.67897785,-0.3516748,-0.93631333,-1.6936541,0
-0.21740933,0.888283,-0.93168765,0.48316702,0.6261556,1.1257346,-0.69206715,-0.537787,-1.107708,-1.8459836,0
-0.4065485,1.0303924,-1.1022415,0.2757991,0.41506723,1.1052126,-0.47926375,-0.32899794,-1.0546057,-1.9073818,0
-0.57934594,1.1752117,-0.8703559,0.4544604,0.20542186,1.2466763,-0.6488001,-0.14782631,-1.0040655,-1.8088231,0
-0.5985113,1.1430652,-0.78112155,0.40863258,0.3592292,1.281846,-0.7520901,-0.12268975,-1.0668776,-1.7512736,0
-0.79851127,0.9430652,-0.98104614,0.50880945,0.1592292,1.4818461,-0.5520901,-0.32268974,-0.8668776,-1.6124442,0
-0.82385963,0.99662226,-0.7496938,0.6631874,0.227774,1.4392151,-0.63376194,-0.28244716,-0.99820876,-1.6507785,0
-0.9517637,0.83172274,-0.5109867,0.43057165,0.39765194,1.5237883,-0.51899654,-0.07664157,-1.1138359,-1.7204545,0
-0.8202679,0.67298716,-0.43049818,0.59419376,0.5168445,1.6243423,-0.30059353,0.11624184,-1.0944871,-1.768747,0
-0.6313714,0.47298717,-0.23049818,0.39419377,0.7168445,1.4243423,-0.41523427,-0.05733359,-1.2944871,-1.7416975,0
-0.6673768,0.27671033,-0.3426155,0.59419376,0.7980791,1.2243422,-0.61523426,0.14266641,-1.0944871,-1.6212835,0
-0.62191665,0.07671033,-0.5426155,0.79419374,0.9299099,1.165268,-0.81523424,0.23411334,-1.2944871,-1.7136586,0
-0.5305446,0.15996438,-0.723155,0.5858536,1.1117446,1.0826113,-0.83251643,0.033634514,-1.0791247,-1.8867981,0
-0.6822268,0.10154354,-0.8620981,0.6958674,1.1405988,0.824236,-0.9642265,-0.15536217,-1.1689441,-1.7309481,0
-0.72768724,-0.08535129,-0.9956037,0.8397801,0.88211805,0.9601119,-1.0913382,-0.0099417055,-0.90828174,-1.7466218,0
-0.5078736,0.11034387,-0.83374333,1.0007384,0.6565058,0.93559873,-1.0742297,0.0065928344,-1.0666678,-1.8534145,0
-0.55741745,0.08114814,-0.9953854,0.9624847,0.5731174,1.0934614,-0.932462,-0.16647628,-1.219667,-1.6901551,0
-0.47302875,0.15884544,-1.1388186,0.78769326,0.7365327,1.2322536,-0.91787744,-0.34913427,-1.0693204,-1.6324446,0
-0.6414621,-0.012545571,-1.2283758,0.6492497,0.7270141,0.9879454,-1.0698941,-0.49057707,-0.83200604,-1.7537894,0
-0.43130502,0.17321382,-1.3198644,0.7658692,0.85659033,1.097699,-1.153671,-0.26850238,-0.9536062,-1.4846784,0
-0.63130504,0.20569095,-1.1198643,0.9658692,0.91639143,1.1247214,-0.95367104,-0.06850238,-0.7536062,-1.6191959,0
-0.55149806,0.4040486,-1.1375803,1.147802,0.8099182,1.0214756,-0.75061995,-0.2674154,-0.551365,-1.8118312,0
-0.64950603,0.43714935,-0.9976119,0.9246102,0.88765234,1.1915873,-0.5371468,-0.06576581,-0.73297983,-1.8705593,0
-0.50564164,0.22473903,-1.1043528,0.90758157,1.0307342,1.1681104,-0.31950352,0.12720956,-0.5050884,-1.9622043,0
-0.4755957,0.023544375,-1.1681643,1.0540963,0.7906179,1.0758295,-0.3367899,0.036941905,-0.6710395,-1.9874496,0
-0.6077734,-0.06763609,-1.3681643,0.85409635,0.5906179,0.8758295,-0.1367899,-0.1630581,-0.47103953,-1.9968834,0
-0.40777344,0.019401632,-1.5681643,0.74888474,0.3906179,1.0758295,-0.3367899,0.0369419,-0.27103955,-1.9805057,0
-0.2002019,0.1040492,-1.7037302,0.91430616,0.569095,0.8439132,-0.1318051,-0.15711606,-0.06845077,-2.0316591,0
-0.15969536,-0.09173831,-1.8201514,0.68294626,0.7353297,0.9980827,-0.08771569,-0.3348177,0.12577388,-1.8746252,0
-0.16294448,0.100947976,-1.8836782,0.82329804,0.8721426,0.7724183,-0.09870479,-0.12570997,0.1692989,-1.823657,0
-0.18749838,0.2910386,-1.9308197,0.6027746,0.6500109,0.5535702,0.062387854,-0.31498528,0.35713893,-1.9568158,0
0.009454022,0.46497494,-1.900088,0.3813959,0.42612493,0.5945771,0.24846068,-0.48765054,0.14879821,-2.0423348,0
0.100188375,0.6331459,-1.7750103,0.39569905,0.27176297,0.37569067,0.3178564,-0.636547,-0.04875102,-2.1350055,0
0.11619056,0.59635454,-1.8177763,0.5482744,0.43420506,0.16170362,0.10847364,-0.40179276,0.1392078,-2.1491115,0
0.058651432,0.395311,-1.7438262,0.4342156,0.6325353,0.36075133,0.30766147,-0.20126148,0.2723662,-2.207086,0
0.24704207,0.46228653,-1.4745327,0.22370303,0.76819026,0.5355824,0.3777131,-0.3832512,0.22101039,-2.299046,0
0.32407802,0.44876477,-1.5574085,0.022268077,0.53379285,0.37704283,0.16695462,-0.547942,0.019738447,-2.3477576,0
0.24189138,0.23816536,-1.2995718,-0.1701591,0.55122805,0.5524561,0.25614443,-0.7160736,-0.17258094,-2.4392023,0
0.42314127,0.32165778,-1.1863217,-0.26655677,0.7193523,0.72052824,0.43678957,-0.58319664,0.02625563,-2.3813555,0
0.602184,0.121657774,-1.3863218,-0.4665568,0.5193523,0.79747397,0.63678956,-0.38319665,-0.17374438,-2.1813555,0
0.45776495,0.3032982,-1.2970787,-0.6285111,0.32028395,0.82395566,0.70324695,-0.54990894,0.024757003,-2.2454326,0
0.46243438,0.3753622,-1.3027128,-0.72094536,0.19888654,0.8910154,0.78597826,-0.65254813,-0.15249118,-2.1279418,0
0.2503087,0.5487778,-1.4332807,-0.8027803,-0.0010620125,1.0406055,0.9404215,-0.61136156,-0.16214968,-1.8894788,0
0.39123338,0.34877783,-1.2332807,-0.90157866,0.198938,0.84060556,1.1404215,-0.81136155,0.03785032,-1.8598708,0
0.43362474,0.14794938,-1.082938,-0.8651332,-0.0010560921,0.9310588,1.3329576,-0.72550106,0.23652588,-1.9086453,0
0.48132533,0.33019084,-0.88752913,-0.89513475,-0.2010561,1.000383,1.1329576,-0.65703785,0.23370297,-1.8308321,0
0.28132534,0.13687971,-0.7523383,-0.98390305,-0.00105609,0.91232324,0.9329576,-0.59148484,0.03370297,-1.9875164,0
0.23869416,0.05286479,-0.82762516,-1.1461399,-0.19464298,0.78775793,1.0968194,-0.7662387,-0.16099262,-2.1135583,0
0.25519633,0.103368826,-0.85985315,-1.2607616,0.0052028704,0.5708443,1.1702294,-0.54994434,-0.3506045,-2.115333,0
0.21888104,0.12601781,-0.9898296,-1.3642504,-0.008386902,0.7199153,0.9061272,-0.32682383,-0.22958681,-2.1439054,0
0.21585602,0.024038937,-1.1258074,-1.152406,-0.20626688,0.8203472,0.82529384,-0.1255336,-0.33078656,-2.1989868,0
0.014277677,0.19113998,-1.1253318,-1.2177851,-0.36582634,0.91878,0.563051,-0.15501498,-0.47795114,-2.1601875,0
0.20001873,0.3123206,-1.045051,-1.1346359,-0.55048364,0.7971528,0.45285922,0.043765232,-0.27041432,-2.2944088,0
0.12528184,0.10535547,-0.9644322,-1.2518739,-0.55277157,0.93531835,0.23717918,-0.014396823,-0.066047855,-2.287944,0
0.07950839,0.2120996,-0.7444782,-1.0244167,-0.67125684,0.9572623,0.21570075,-0.20880042,0.13045558,-2.4230013,0
0.2321033,0.0117508285,-0.7046771,-1.118263,-0.84614325,0.73543453,0.015248176,-0.35813314,0.119624294,-2.4081702,0
0.273889,0.2083095,-0.69252056,-1.2968389,-1.0291415,0.52673274,-0.18174927,-0.54906243,-0.07906946,-2.2456362,0
0.32800603,0.39749303,-0.8688769,-1.0677825,-1.1965805,0.6444057,-0.3716364,-0.531937,0.11772698,-2.1347857,0
0.40599376,0.37623042,-1.0510032,-0.8532716,-1.025409,0.83028567,-0.4933057,-0.44184822,0.312414,-2.1410086,0
0.20123184,0.42538965,-1.202496,-0.7234524,-1.1970814,0.8897689,-0.6772787,-0.4563905,0.10981533,-1.9762135,0
0.3281359,0.21569107,-1.2515655,-0.66153693,-1.3369647,1.0428759,-0.45674127,-0.6281458,0.19654007,-1.8234268,0
0.4961748,0.014741499,-1.3066777,-0.8093995,-1.4439527,0.93383956,-0.43798047,-0.40223584,0.27632302,-1.7332137,0
0.6008206,-0.019803561,-1.5066777,-0.89764893,-1.2439526,0.86600494,-0.4037884,-0.40333354,0.12597156,-1.6630626,0
0.58064085,0.08461156,-1.342831,-0.83956623,-1.0439526,0.66600496,-0.20378838,-0.41682184,0.0063758492,-1.6521719,0
0.5521184,-0.115388446,-1.4331462,-0.8869534,-0.9391337,0.46600497,-0.26056385,-0.21682183,-0.19362415,-1.6919842,0
0.4965481,-0.31538844,-1.6331463,-1.0869534,-0.7391337,0.66600496,-0.3093117,-0.41682184,-0.079421155,-1.741704,0
0.3701402,-0.11407741,-1.5722606,-1.0419176,-0.53300816,0.841214,-0.50352496,-0.53457594,-0.2762464,-1.9196427,0
0.42578954,-0.116718516,-1.3277462,-0.87964135,-0.70786744,0.99135804,-0.29311466,-0.70938146,-0.073631294,-2.0469432,0
0.2114612,0.077996545,-1.4307972,-0.97022355,-0.7958509,1.1157559,-0.17806305,-0.47705674,0.11834949,-1.9516916,0
0.28411034,0.05270818,-1.3864369,-1.0548753,-0.92160237,1.1601503,-0.22542718,-0.48729303,-0.07608393,-1.8417853,0
0.09890211,-0.13338247,-1.4366233,-1.1112273,-1.015685,1.2317059,-0.3852524,-0.26016277,-0.25001222,-1.6871245,0
-0.09606276,0.064102985,-1.1899456,-1.2617337,-1.1697977,1.2212441,-0.56316143,-0.44279343,-0.42934746,-1.5560523,0
0.06552658,0.18468441,-1.3899456,-1.0649557,-0.9697977,1.4212441,-0.5933408,-0.24279343,-0.62934744,-1.4235821,0
-0.13447341,0.21256065,-1.384033,-1.2003127,-0.7697977,1.2212441,-0.39334083,-0.44279343,-0.42934746,-1.5586787,0
-0.014297672,0.14621371,-1.584033,-1.0003127,-0.5697977,1.021244,-0.19334082,-0.24279343,-0.22934745,-1.6222962,0
0.12850812,-0.051563658,-1.6802117,-1.1507117,-0.36166474,1.1707782,-0.36974156,-0.23923355,-0.41160536,-1.7229904,0
-0.06911114,0.082554586,-1.5718244,-1.1725177,-0.15950403,1.3524572,-0.1674729,-0.03870918,-0.5842911,-1.7080562,0
-0.084683076,-0.11380287,-1.5436504,-0.9721868,-0.35938174,1.4457551,0.032516036,0.16123594,-0.7181171,-1.6999309,0
0.06837906,0.012455083,-1.5184921,-1.1431808,-0.3475663,1.2149286,-0.16333954,0.35229707,-0.8953981,-1.6831826,0
0.1442363,0.2124551,-1.7184922,-0.94318086,-0.1475663,1.1201849,-0.08380844,0.49144763,-0.6953981,-1.6026278,0
-0.03588716,0.012143557,-1.7940217,-0.8833486,0.051122196,1.1935484,0.11328531,0.67415273,-0.4830069,-1.6946871,0
0.16053113,0.018550616,-1.5592328,-1.059705,0.22156434,1.2258192,-0.08482218,0.68151015,-0.66810054,-1.717548,0
0.32361612,-0.07310074,-1.3252492,-1.058782,0.4110244,1.3901709,0.112298146,0.8594706,-0.4563971,-1.7179955,0
0.18237528,-0.27310073,-1.2801179,-0.858782,0.6110244,1.1901709,0.0545736,1.0594707,-0.6563971,-1.5785587,0
0.3823753,-0.07310073,-1.3908542,-0.829979,0.7705195,0.9901709,-0.14542641,0.85947067,-0.8563971,-1.6822119,0
0.17858866,-0.026021753,-1.5312307,-0.61689883,0.82964516,0.77376467,-0.33825436,0.8088469,-1.0344633,-1.7653358,0
0.08817325,0.07695832,-1.5514948,-0.7320886,0.7988176,0.8726687,-0.48237297,0.62795705,-1.1063017,-1.6711175,0
0.28617978,0.099621765,-1.3421456,-0.5284078,0.9919081,0.6680154,-0.67765254,0.6903129,-1.2972652,-1.6669854,0
0.4126312,0.258354,-1.2757708,-0.5896645,1.038111,0.64294624,-0.76440513,0.60629916,-1.3040665,-1.62608,0
0.4944854,0.23311245,-1.3780825,-0.38966453,0.89875966,0.44294626,-0.798884,0.7877345,-1.2868391,-1.6468649,0
0.61891896,0.4048215,-1.475002,-0.5511476,1.0269885,0.22707698,-0.7082233,0.91513616,-1.0158466,-1.5799994,0
0.6662612,0.37516844,-1.6080168,-0.3371048,0.7939163,0.4099977,-0.48789886,1.0705405,-0.78322,-1.7088153,0
0.53724194,0.39649987,-1.6630795,-0.24507096,0.55945516,0.19781289,-0.6479845,1.1968193,-0.79775405,-1.6992568,0
0.31770256,0.1851149,-1.7551349,-0.40901694,0.7154532,-0.002060399,-0.7988533,0.97186345,-0.93994534,-1.624483,0
0.5051299,0.37653592,-1.8307291,-0.22837932,0.5039708,-0.19755922,-0.585513,0.7950384,-1.0999559,-1.6496994,0
0.3065787,0.35663465,-1.994663,-0.12612477,0.29857224,-0.35029957,-0.77156216,0.6215266,-0.8839726,-1.6761166,0
0.2150718,0.27290857,-1.794663,-0.2662903,0.28690794,-0.15029956,-0.97156215,0.8215266,-1.0839726,-1.6383524,0
0.16956934,0.25646776,-1.7794226,-0.1600088,0.0834418,-0.3363286,-0.74079,0.859439,-1.2327641,-1.6692306,0
0.34341362,0.05247133,-1.7618829,-0.33236638,-0.108308956,-0.4983707,-0.5025164,0.6256405,-1.3313622,-1.7285942,0
0.4568925,-0.14752868,-1.5618829,-0.13236637,0.09169105,-0.5556971,-0.7025164,0.42564052,-1.1313622,-1.7541182,0
0.6273315,0.05011005,-1.6805841,-0.119850524,0.21592161,-0.72168976,-0.861902,0.2154864,-1.2714492,-1.670888,0
0.5650992,0.22870407,-1.480584,-0.31985053,0.015921608,-0.5216898,-0.68385243,0.14645188,-1.0714492,-1.5834794,0
0.5707492,0.050754756,-1.428759,-0.11985053,-0.0038043894,-0.32168978,-0.64572674,0.10222914,-1.2714492,-1.6314399,0
0.5799309,-0.058631808,-1.4685369,-0.011604108,-0.20380439,-0.12168978,-0.44572675,-0.09777086,-1.4714493,-1.698297,0
0.616497,-0.10222787,-1.6685369,-0.17611057,-0.20906089,0.07831022,-0.4746593,-0.07746363,-1.3025087,-1.8565841,0
0.766957,-0.28389055,-1.5820469,-0.18830207,-0.3842416,0.2614241,-0.49734202,-0.00016878343,-1.3969947,-1.8379135,0
0.94534445,-0.0820155,-1.5283935,-0.3253693,-0.18012361,0.45111078,-0.29069608,-0.1956948,-1.329351,-1.8793149,0
0.92277175,0.11587586,-1.6975034,-0.43236762,0.019521156,0.42841482,-0.08907515,0.0042282557,-1.3091556,-1.7778764,0
1.1227717,0.20319203,-1.6347615,-0.32529986,0.19937369,0.6284148,-0.15581515,-0.18709818,-1.1091555,-1.7593932,0
0.84280336,0.0029153982,-1.6757591,-0.32635143,0.36476356,0.6596104,-0.32497984,-0.26250944,-1.1957027,-1.7895901,0
0.8715817,0.1931617,-1.414642,-0.12027799,0.15684374,0.81829077,-0.11897233,-0.35597897,-1.3286144,-1.8939549,0
0.7622089,-0.006421308,-1.5161813,-0.10629412,0.32777405,0.7458266,0.07608662,-0.14646739,-1.2456944,-1.9662658,0
0.9007933,-0.20642132,-1.4283129,-0.06607981,0.52777404,0.5458266,-0.123913385,-0.1132986,-1.350225,-1.9034588,0
0.8873112,-0.36362353,-1.4568452,-0.23806056,0.6511366,0.6672881,-0.26422775,-0.12782313,-1.3869802,-1.738466,0
0.9823617,-0.15980943,-1.2275478,-0.16494268,0.5300175,0.8470714,-0.45340648,-0.29053146,-1.5499873,-1.6686673,0
1.0801108,-0.31054312,-1.3040931,0.032025553,0.5478076,0.7580768,-0.30086163,-0.102643095,-1.4646993,-1.7070645,0
1.1188526,-0.4874407,-1.0541321,0.22152625,0.71396875,0.91472316,-0.47715223,0.09295145,-1.2074708,-1.8192117,0
1.1821057,-0.28744072,-1.1473641,0.42152625,0.54973936,0.7594138,-0.6129302,-0.07638182,-1.0074707,-1.8247855,0
1.3197849,-0.48079276,-1.3015251,0.21850497,0.39765483,0.7541236,-0.49486715,-0.08457089,-1.1910027,-1.6993905,0
1.1710182,-0.28079277,-1.1015251,0.26543882,0.53029776,0.8406826,-0.29486716,-0.1184866,-1.0948685,-1.8993906,0
0.97101825,-0.2608033,-1.0072169,0.45749897,0.73029774,0.64068264,-0.094867155,0.081513405,-1.2948686,-1.8799024,0
0.77162886,-0.3535504,-1.0863655,0.24537225,0.88648605,0.69802225,-0.2809806,0.2682557,-1.4244689,-1.8936943,0
0.6450666,-0.4698322,-0.87650883,0.44041958,1.0635921,0.8655278,-0.22438344,0.2185352,-1.2108524,-1.989039,0
0.81242687,-0.57174534,-1.0410655,0.2325039,0.8351588,1.0161113,-0.032920886,0.40475518,-1.364401,-1.7659906,0
0.7264627,-0.35332292,-0.7993852,0.3637567,0.98385996,0.89089286,0.15879926,0.53013897,-1.4557883,-1.8408761,0
0.5526703,-0.54648286,-0.98703104,0.54010785,0.7741701,1.0398563,0.16154264,0.7199077,-1.3975842,-1.7180572,0
0.4011942,-0.6477052,-1.1046168,0.31649455,0.77646464,1.1537745,0.26088542,0.8560395,-1.4707948,-1.4835697,0
0.20119421,-0.8477052,-1.026869,0.4143368,0.87856996,0.9537745,0.4608854,0.65603954,-1.3358246,-1.5029095,0
0.13987687,-0.9905434,-1.1233735,0.29399437,0.69203895,0.81588364,0.5251194,0.8093349,-1.4520316,-1.5707015,0
0.27348393,-0.92787695,-0.8873863,0.3067157,0.72970635,0.976291,0.31244835,0.96999747,-1.587646,-1.4621786,0
0.34701347,-0.72787696,-0.83373684,0.32438913,0.52970636,0.8401913,0.5124484,0.7699975,-1.6489288,-1.5482184,0
0.35573423,-0.8057839,-0.63373685,0.15149002,0.4873745,1.0401913,0.71244836,0.8713172,-1.4489287,-1.5993785,0
0.5557342,-0.9811615,-0.43373686,0.0069992095,0.2873745,1.0808026,0.5124484,0.6713172,-1.6489288,-1.5568845,0
0.75509095,-1.0647217,-0.45337346,-0.13649458,0.08730012,1.0053223,0.663513,0.8705756,-1.4476955,-1.6612523,0
0.70580536,-0.8413137,-0.6356867,-0.32738566,-0.1096491,0.7835223,0.8188353,0.9192529,-1.6030924,-1.6035578,0
0.5782304,-0.6084036,-0.44804955,-0.29821917,-0.23020136,0.8877172,0.91959035,1.0102262,-1.6274529,-1.627873,0
0.66728294,-0.5892372,-0.470599,-0.47215563,-0.08181229,1.0308149,1.0610207,0.7678405,-1.4192476,-1.7217016,0
0.7614326,-0.7080276,-0.293545,-0.54104966,-0.26384935,0.82560396,0.8556204,0.74961907,-1.6090916,-1.7045776,0
0.62038904,-0.7646324,-0.08667129,-0.66917205,-0.2038776,0.9502424,0.7991299,0.7978993,-1.6761591,-1.5955764,0
0.55673224,-0.5646324,0.06019056,-0.60103834,-0.04412462,0.76158524,0.79366493,0.5978993,-1.8395765,-1.6673615,0
0.35355395,-0.58066183,0.19569735,-0.4536098,0.15448661,0.5565818,0.6478378,0.39435425,-2.021405,-1.8162695,0
0.2130229,-0.6115512,0.10823995,-0.2572645,0.31568635,0.3565818,0.8478378,0.26779616,-1.8793583,-1.8649015,0
0.0130229,-0.41155124,0.21051997,-0.13505821,0.51568633,0.5017555,1.0099332,0.439151,-1.6793582,-1.9222279,0
0.060524818,-0.3946123,0.02100481,-0.008976474,0.33960584,0.70175546,0.80993325,0.639151,-1.8793583,-1.9033821,0
0.04276606,-0.22726609,0.12633693,0.18547209,0.22169077,0.48717368,0.6260036,0.8147639,-2.018929,-1.8649073,0
0.22793074,-0.40115607,0.049744528,-0.0136401225,0.19951774,0.32275072,0.7755269,0.577196,-2.0262427,-1.897427,0
0.39629248,-0.19372173,-0.14470232,0.17947237,0.38475233,0.11821408,0.9394733,0.66245633,-2.143965,-1.6346933,0
0.5010038,-0.37846285,-0.31895432,0.14723043,0.17759216,0.30588156,0.90640616,0.8290314,-1.9701769,-1.7224361,0
0.38251004,-0.16699511,-0.29701558,-0.049378682,0.040657997,0.47337437,1.006161,0.9264977,-2.0307248,-1.5858135,0
0.17462945,-0.07583265,-0.418695,0.14411765,0.23026665,0.28079864,0.7713518,1.0778568,-1.9898185,-1.7087041,0
0.1641984,-0.16749796,-0.27930465,0.34411764,0.06671153,0.21406844,0.5713518,1.2778568,-1.7898184,-1.7432009,0
0.3076981,-0.33051684,-0.20008227,0.22660543,0.15308422,0.39424157,0.7139178,1.2443371,-1.8945397,-1.696615,0
0.16070926,-0.2043742,-0.20027196,0.029994857,-0.045289848,0.18750983,0.6078704,1.3942814,-1.7856416,-1.8308849,0
0.12575366,-0.14056236,-0.17029566,-0.08266483,-0.24524961,-0.012488119,0.5485467,1.3465219,-1.7320894,-1.9375583,0
0.15869892,-0.22578429,-0.3698661,-0.28233695,-0.04519712,-0.20700105,0.42779014,1.2565862,-1.5303121,-2.1350787,0
0.29135838,-0.03889172,-0.25788897,-0.086779445,-0.23819913,-0.18160957,0.36228842,1.1642796,-1.4550747,-2.268435,0
0.3064201,-0.21694995,-0.23582417,-0.2604393,-0.39795136,0.016701305,0.14738253,1.1591907,-1.5030591,-2.2253811,0
0.32080624,-0.11192306,-0.27395016,-0.26324424,-0.5731219,-0.17568736,0.15753184,1.0882018,-1.632341,-2.1230493,0
0.15646361,-0.29299092,-0.33867973,-0.42963564,-0.7313698,-0.036592133,0.05237163,0.97431856,-1.7333863,-2.0242221,0
-0.041343804,-0.34197292,-0.4665868,-0.21807067,-0.68212575,-0.13047324,0.14034168,0.7353222,-1.7640753,-2.1122055,0
-0.1199727,-0.27512053,-0.6613973,-0.017929984,-0.80587274,-0.08724782,0.20038082,0.5936468,-1.5518986,-2.239229,0
-0.0946819,-0.44309568,-0.44495556,0.16979782,-0.6214171,-0.061746433,0.37339368,0.4408561,-1.6338142,-2.274816,0
0.04051818,-0.4837381,-0.32122114,0.00026835053,-0.6255839,0.13373621,0.5546584,0.51214033,-1.7738954,-2.1296232,0
-0.037443634,-0.28049287,-0.11983469,0.19461198,-0.81614137,0.29053652,0.7460271,0.4472252,-1.5558941,-2.2225697,0
-0.22715597,-0.47201836,0.036622334,0.24166341,-0.9982196,0.48188487,0.80323464,0.3975604,-1.33198,-2.204493,0
-0.23621523,-0.4171679,0.22970085,0.10727514,-0.77487075,0.6619389,0.9738888,0.58008105,-1.0988681,-2.27483,0
-0.19695759,-0.54899955,0.3320927,0.27144578,-0.86719286,0.41091615,1.0442287,0.69391835,-1.1554036,-2.1559386,0
-0.2507004,-0.7092835,0.5201754,0.15081169,-1.043291,0.3189504,0.8431589,0.48285604,-1.1926781,-2.1410294,0
-0.1817909,-0.90716684,0.7130606,-0.018205872,-1.2403969,0.5177424,0.7959554,0.6812665,-0.99036735,-1.936511,0
-0.248283,-1.1071669,0.8290493,0.18179414,-1.0403968,0.39243814,0.85039514,0.4812665,-0.79036736,-1.9503952,0
-0.18949565,-1.1880255,0.9352568,0.31277588,-1.1273412,0.5384405,0.60589564,0.6191726,-0.67021096,-1.9543978,0
-0.1890882,-1.34212,0.8282167,0.21281745,-1.2834427,0.32724747,0.44887328,0.4053095,-0.45465994,-2.0260632,0
-0.09549168,-1.1347406,0.62415767,0.012734627,-1.2734841,0.52384084,0.24726528,0.20398296,-0.6504301,-2.2116804,0
-0.17353368,-0.9347406,0.49920171,-0.06034279,-1.0734841,0.72384083,0.047265276,0.003982961,-0.8504301,-2.1956053,0
-0.14116715,-1.1129512,0.29983804,0.09912134,-1.0369861,0.51378196,0.24251726,-0.1922531,-1.0302596,-2.2682946,0
-0.106803246,-1.1043527,0.19906616,-0.09024745,-1.106625,0.6385592,0.03803653,0.0069304886,-1.1006074,-2.2081707,0
-0.1412985,-0.88403773,0.02299953,-0.28372744,-1.2772735,0.8197222,-0.1583252,0.16152678,-0.9386997,-2.2094784,0
-0.307996,-1.0641546,-0.17375398,-0.08219172,-1.0575144,0.8661779,-0.27505958,-0.03776755,-0.72515064,-2.294393,0
-0.098607495,-1.1542568,0.023964358,-0.006661074,-0.89666533,0.973491,-0.06853436,0.013616501,-0.8447237,-2.277546,0
0.10139251,-0.95425683,0.22396436,-0.20666108,-0.7613828,1.173491,-0.26695514,0.1682791,-0.6447237,-2.2756877,0
0.12025978,-0.74222255,0.023582004,-0.40017274,-0.87497634,0.9938473,-0.3474949,0.36240312,-0.71896946,-2.3982549,0
0.26807314,-0.6348777,-0.15984033,-0.3848554,-0.86257815,0.97594386,-0.4960478,0.4168815,-0.8326156,-2.3541017,0
0.0642723,-0.68429446,-0.031130465,-0.5522002,-1.0032495,1.069293,-0.5941461,0.29403907,-0.9749599,-2.1637475,0
0.25652638,-0.7635058,-0.1629443,-0.7522002,-0.8196209,0.9507835,-0.39414608,0.09403907,-0.7749599,-2.0987804,0
0.41409555,-0.9060355,-0.23026663,-0.54449683,-0.9588035,1.0821427,-0.558707,-0.099640675,-0.7569098,-2.161665,0
0.20727392,-1.069075,-0.41655722,-0.6210331,-0.73462605,1.2028942,-0.50610155,0.053150598,-0.53916526,-2.1722388,0
0.3860081,-1.2028103,-0.5843637,-0.39904886,-0.88582456,1.091129,-0.6692325,-0.13918167,-0.63670504,-2.0138617,0
0.18600811,-1.2760501,-0.633569,-0.59852076,-0.6858246,0.89112896,-0.5589041,0.06081833,-0.43670505,-2.0611734,0
0.38354978,-1.1250881,-0.5056949,-0.7934353,-0.88018304,1.08418,-0.3566184,0.20998056,-0.23519756,-2.1272151,0
0.29209235,-1.3072234,-0.4383053,-0.5854346,-0.6710129,1.2668668,-0.5491141,0.28996167,-0.3330983,-2.0295901,0
0.235116,-1.0502689,-0.5890397,-0.7248133,-0.80378646,1.3536513,-0.32216883,0.37239602,-0.12282551,-2.0575063,0
0.035116002,-0.8502689,-0.3890397,-0.57223785,-0.60378647,1.4748775,-0.122168824,0.17239602,-0.32282552,-2.0917091,0
0.008993718,-0.64372927,-0.5831158,-0.36849433,-0.39972565,1.6580335,0.07704844,0.18252774,-0.12159028,-2.2686617,0
0.19920315,-0.8042037,-0.4944148,-0.1723071,-0.19036925,1.6060215,0.14467014,-0.016653756,-0.30652496,-2.304068,0
0.30923313,-0.9765753,-0.49293226,-0.36206394,0.009365786,1.4719876,0.20693679,-0.18693565,-0.49187496,-2.2561157,0
0.48293936,-1.1152555,-0.65715337,-0.5330423,-0.0578848,1.2063097,0.20713839,-0.36695662,-0.6561507,-2.1772368,0
0.49019766,-0.9152555,-0.7740532,-0.7330423,-0.2578848,1.0063096,0.3696087,-0.56695664,-0.4561507,-1.9920776,0
0.5564105,-0.6904195,-0.7809377,-0.900644,-0.12882699,1.1644226,0.54983,-0.7403254,-0.633367,-2.0417347,0
0.4506054,-0.48679227,-0.63717777,-1.0243124,-0.015674265,1.3543311,0.704075,-0.93337053,-0.51225173,-1.9081446,0
0.5454555,-0.68679225,-0.83717775,-0.83709586,-0.06450224,1.3764603,0.8455861,-0.84815484,-0.31225175,-1.8397951,0
0.52695733,-0.44581848,-0.9498775,-0.9498025,0.09990428,1.0774364,0.95757806,-0.9599306,-0.469135,-1.8681036,0
0.46991128,-0.6379818,-0.89833,-1.1358502,0.20487686,1.1098284,0.7483852,-1.1458553,-0.26586917,-1.7485898,0
0.4574103,-0.39976835,-0.85521626,-1.2192987,0.36955178,1.1955473,0.5027295,-1.228431,-0.4252226,-1.7042247,0
0.56110805,-0.5711304,-0.62393075,-1.2630996,0.37093407,1.0896181,0.66917527,-0.979325,-0.5953693,-1.8133011,0
0.46462023,-0.74280477,-0.79366565,-1.0240492,0.16465522,1.2422472,0.8372482,-1.1360054,-0.38084638,-1.6872941,0
0.38911113,-0.5243051,-0.57343256,-0.79596424,0.34976602,1.3930931,1.0018971,-0.9995516,-0.52356154,-1.8086599,0
0.4054819,-0.7088192,-0.58941203,-0.6068945,0.14656398,1.3033484,0.91841674,-0.86882913,-0.70809156,-1.9487144,0
0.2345894,-0.8305341,-0.72141254,-0.37184486,0.3167112,1.373851,1.0220771,-0.6112166,-0.8298691,-1.871308,0
0.030469263,-0.87366086,-0.811658,-0.15137547,0.10280908,1.386381,1.0765089,-0.71458817,-0.9057606,-1.7696191,0
-0.0024577416,-0.9898006,-0.7683295,-0.28717032,-0.08959965,1.4624738,1.1768048,-0.4743953,-1.0193931,-1.5973576,0
0.066449314,-1.1349045,-0.72460407,-0.40888715,0.10530661,1.2042246,1.3132806,-0.261735,-1.1631317,-1.5517745,0
0.11092045,-1.2085116,-0.5606462,-0.5512358,0.26477084,1.2712682,1.3699985,-0.22396989,-1.2340662,-1.3314677,0
-0.041257426,-1.350272,-0.34573406,-0.7201734,0.13239415,1.026973,1.5050817,-0.022978773,-1.0214859,-1.4681442,0
-0.16691689,-1.1620693,-0.19425905,-0.5312284,-0.06760585,1.226973,1.4873157,-0.22297877,-1.221486,-1.3120848,0
-0.25069875,-1.1941667,-0.23835208,-0.70067835,-0.06302944,1.2061306,1.2366695,-0.022074727,-1.3655614,-1.4525958,0
-0.38149422,-1.0767196,-0.29928434,-0.6315073,0.13697056,1.3386244,1.2251347,-0.22207473,-1.1655613,-1.5520021,0
-0.27153048,-0.8985813,-0.43949175,-0.7319288,0.29661614,1.354364,1.2544655,-0.2660296,-1.2020264,-1.5421883,0
-0.4715305,-0.69858134,-0.63949174,-0.53192884,0.19495568,1.5475758,1.2903782,-0.46602958,-1.0020263,-1.4317651,0
-0.3891188,-0.8985813,-0.44041014,-0.33192885,-0.005044326,1.3475758,1.1950004,-0.6660296,-1.2020264,-1.4889451,0
-0.4322127,-0.99942815,-0.4900647,-0.48391926,-0.18653792,1.4078984,0.98052526,-0.7878655,-1.2754856,-1.4539583,0
-0.384506,-0.7583819,-0.51466924,-0.3731511,-0.0058257,1.5245295,0.74044955,-0.93714404,-1.3997276,-1.4706873,0
-0.5541021,-0.5293369,-0.6019088,-0.16414441,-0.19511941,1.6348258,0.5123374,-0.7079407,-1.5165157,-1.499773,0
-0.7393497,-0.7223458,-0.7942221,0.035511896,-0.391332,1.4210722,0.47479743,-0.50307184,-1.3469683,-1.6834799,0
-0.8552624,-0.90719116,-0.8312476,0.2316423,-0.1881883,1.3361179,0.35606444,-0.56304616,-1.1281229,-1.7787101,0
-0.94277185,-0.989165,-0.69647425,0.028269244,-0.34680757,1.3723683,0.21867467,-0.6817057,-1.1429187,-1.6805905,0
-0.78260344,-0.9240177,-0.86693597,0.22074792,-0.5287906,1.1337395,0.4048796,-0.85265404,-1.2986704,-1.6096396,0
-0.74407524,-0.72231644,-0.94965166,0.17251928,-0.70577407,0.9042503,0.3838282,-1.0194094,-1.1914234,-1.7524881,0
-0.7798744,-0.8440899,-0.91389686,0.34092396,-0.8289506,0.832371,0.53431064,-0.749911,-1.2734095,-1.6965984,0
-0.69445604,-0.834126,-0.8203447,0.49936152,-0.5806246,0.9530478,0.67788917,-0.8769236,-1.3601986,-1.6048497,0
-0.6220746,-0.7973706,-0.9368047,0.2748515,-0.64415085,1.0586429,0.5516429,-0.62150097,-1.4324585,-1.6570789,0
-0.642202,-0.5973706,-1.0195264,0.4748515,-0.44415087,0.86058664,0.5358386,-0.42150098,-1.6104653,-1.534122,0
-0.5258065,-0.5359246,-0.99825525,0.3666284,-0.24415086,1.0605867,0.33583862,-0.62150097,-1.4104652,-1.448602,0
-0.5469,-0.52269787,-1.0675539,0.17878263,-0.44415087,0.8605867,0.22615674,-0.82150096,-1.2104652,-1.4092411,0
-0.5067525,-0.32797056,-0.8675539,0.37878263,-0.64415085,0.9818737,0.42615676,-0.62150097,-1.4104652,-1.4280785,0
-0.6588192,-0.22030815,-1.0675539,0.22352922,-0.7305671,1.1468027,0.62615675,-0.575102,-1.2104652,-1.5321141,0
-0.6471205,-0.42030817,-1.1835932,0.03936255,-0.5305671,1.2337234,0.42615676,-0.37510198,-1.1750106,-1.5964698,0
-0.5331687,-0.5179125,-1.3413777,0.23205924,-0.32048103,1.002183,0.6070518,-0.5575547,-1.3321139,-1.7416568,0
-0.34596413,-0.62869567,-1.1413777,0.182425,-0.52048105,1.1744273,0.42562532,-0.7575547,-1.1321138,-1.7316512,0
-0.14456764,-0.4215792,-0.9257506,0.15429634,-0.7085209,0.95825154,0.53763735,-0.94165903,-1.3100004,-1.8995854,0
-0.25532597,-0.50517064,-0.795062,0.171154,-0.8893714,0.88388985,0.33052078,-0.98757565,-1.4781733,-1.7822477,0
-0.30600962,-0.4098552,-0.69558954,0.33535257,-0.67911595,0.97933805,0.2903656,-1.0730224,-1.5093889,-1.7910405,0
-0.106031545,-0.5753366,-0.81109,0.42935762,-0.82935685,1.112586,0.21484025,-0.82360816,-1.513329,-1.6956408,0
-0.07058044,-0.3753366,-1.01109,0.41663307,-0.62935686,0.91258603,0.014840245,-0.6236082,-1.4761871,-1.5910116,0
-0.26129842,-0.32018182,-0.88600457,0.3866133,-0.42935687,0.8293735,0.21484025,-0.42360818,-1.2761871,-1.6332366,0
-0.08518338,-0.120181814,-0.6860046,0.4700898,-0.62935686,1.0293735,0.014840245,-0.55267525,-1.275663,-1.6940747,0
0.036593847,-0.07834384,-0.83715576,0.39284298,-0.4383609,1.2293736,-0.18515976,-0.75267524,-1.1277863,-1.7425501,0
-0.1148187,-0.27834386,-0.8669109,0.19284298,-0.6383609,1.1811442,-0.38515976,-0.9526752,-0.9277863,-1.9425502,0
-0.06343764,-0.47834384,-1.0436966,-0.0071570277,-0.8383609,0.98114425,-0.18515976,-0.7678366,-0.7277863,-2.0003874,0
-0.09723968,-0.6637674,-1.2169718,-0.20270558,-0.88750845,0.85013616,-0.27227074,-0.55563474,-0.9078497,-2.0761485,0
0.014768252,-0.8261124,-1.3482877,-0.0025876276,-0.7149347,1.0043567,-0.069120176,-0.7226937,-1.0595542,-1.824788,0
-0.17848106,-0.98871624,-1.293389,-0.19520442,-0.8815903,0.77504236,0.021067267,-0.7201693,-0.8282282,-1.9226763,0
-0.17141661,-1.0915507,-1.4001627,-0.15052009,-0.7206666,0.6794984,0.20726693,-0.48769724,-0.96404004,-1.8986208,0
-0.34078825,-1.1850448,-1.3972154,0.025974046,-0.4777305,0.43995717,0.101842575,-0.63098717,-0.9942624,-1.9255608,0
-0.35384765,-0.9850448,-1.2517456,0.004398411,-0.27773052,0.28933787,-0.09815743,-0.6429069,-1.0796504,-2.1255608,0
-0.36971694,-0.74924445,-1.0853661,-0.1866816,-0.4559446,0.46702263,-0.28456056,-0.6299399,-1.2212946,-2.1664987,0
-0.25926438,-0.8260261,-0.9978653,-0.38634384,-0.25572103,0.66643995,-0.084486686,-0.42956436,-1.0204024,-2.315825,0
-0.36845332,-0.97505695,-0.7582303,-0.21789946,-0.4330825,0.44326895,0.109775044,-0.5227357,-1.1597774,-2.2971017,0
-0.30811355,-1.1047342,-0.72104865,-0.39698115,-0.22141534,0.4128942,0.10128827,-0.68655854,-1.2917126,-2.1534793,0
-0.09738374,-1.1752449,-0.8296385,-0.5377333,-0.37959164,0.3430206,-0.08891502,-0.7985714,-1.2598226,-2.0340428,0
-0.081974074,-1.1579567,-0.94795036,-0.6792039,-0.53360873,0.1316738,0.10227186,-0.69247323,-1.3440051,-1.9220003,0
-0.02893585,-1.0468122,-0.99557227,-0.73576874,-0.48509243,0.07656263,-0.093728416,-0.6570997,-1.4808136,-1.8698335,0
-0.22164485,-0.8198435,-1.1574965,-0.5187059,-0.276013,0.19432934,-0.12190281,-0.7137543,-1.6272842,-1.8394479,0
-0.3540708,-0.7783845,-1.1245525,-0.30907974,-0.46163553,0.0110217,-0.31218007,-0.8861553,-1.772093,-1.6347269,0
-0.502906,-0.752996,-1.1989067,-0.099006936,-0.41602015,-0.17152739,-0.42761946,-0.985856,-1.7060263,-1.5700679,0
-0.47808945,-0.55299604,-0.9989067,-0.29900694,-0.61602014,0.028472617,-0.22761945,-0.9554566,-1.9060264,-1.4982398,0
-0.526825,-0.71882445,-1.0024246,-0.3637768,-0.3971408,-0.16374333,-0.026366057,-0.9093959,-2.0104532,-1.4192983,0
-0.6537772,-0.8264802,-0.72177887,-0.44545206,-0.3581831,-0.26435998,-0.20361568,-0.9978987,-1.988297,-1.4076033,0
-0.79891604,-0.9765063,-0.714392,-0.61402845,-0.512684,-0.44175276,-0.0034396492,-0.8928785,-1.8453019,-1.3639678,0
-0.95555705,-0.86800134,-0.6520181,-0.7786947,-0.6817492,-0.23125924,0.18802845,-1.0454409,-1.5738858,-1.4759101,0
-0.93553364,-0.8224397,-0.8253518,-0.9480637,-0.46667156,-0.3260152,0.375884,-1.2064614,-1.3308861,-1.4751863,0
-0.678078,-0.9425726,-0.6413798,-1.0583835,-0.31946614,-0.48492593,0.17641924,-1.1726718,-1.4113021,-1.5443305,0
-0.878078,-1.1425726,-0.7428684,-0.8583835,-0.15105769,-0.6849259,0.37641925,-0.9726718,-1.211302,-1.541679,0
-0.6878902,-1.2124424,-0.8281384,-0.6583835,-0.3510577,-0.48492593,0.57641923,-1.0415173,-1.1047189,-1.5879319,0
-0.7534376,-1.0511973,-1.0183017,-0.8501709,-0.18103708,-0.28219992,0.5831278,-1.0846124,-0.896063,-1.7708259,0
-0.5471864,-1.2370648,-0.80905885,-0.6428271,-0.038223714,-0.47675335,0.7742822,-1.121674,-0.8159307,-1.8303803,0
-0.61049247,-0.93592227,-0.9106477,-0.70858794,-0.2149903,-0.31404164,0.87926275,-1.1418685,-0.9168494,-1.8323619,0
-0.71523684,-1.0024196,-0.9128897,-0.50411963,-0.3662173,-0.25796092,0.90950507,-1.1841613,-0.98558825,-1.7304938,0
-0.82090896,-0.7864533,-0.69870484,-0.3219003,-0.5282304,-0.056807622,0.69538754,-1.3566197,-0.96414924,-1.8920815,0
-0.9539192,-0.5812117,-0.75079185,-0.12081078,-0.32529676,0.09138437,0.7790899,-1.146282,-1.0488081,-2.0096853,0
-0.7290389,-0.3686312,-0.7801805,-0.16916652,-0.5079613,0.2817683,0.72380006,-1.2359773,-1.1918333,-1.9712696,0
-0.7894397,-0.37848386,-0.5801805,0.030833483,-0.70796126,0.08176829,0.6906764,-1.0359772,-1.3714275,-1.7712696,0
-0.89686036,-0.5235105,-0.5591067,0.12538508,-0.63425314,0.22862495,0.4832673,-0.9630808,-1.5476995,-1.8926871,0
-0.96982974,-0.32351053,-0.6058355,0.10405156,-0.6278432,0.028624952,0.28326732,-0.7937905,-1.3939397,-1.8811041,0
-0.85188645,-0.5235105,-0.8058355,-0.09594844,-0.8278432,-0.17137505,0.4832673,-0.9937905,-1.2353245,-1.7920212,0
-0.74057686,-0.52948475,-0.9855809,-0.078284755,-0.6278432,-0.37137505,0.28326732,-1.1028291,-1.0353245,-1.9056984,0
-0.6817505,-0.32251298,-0.98054993,0.1191398,-0.6199043,-0.35061848,0.47304153,-1.0268682,-1.1923838,-2.0611424,0
-0.50337607,-0.43618944,-1.1088755,0.29976392,-0.77012557,-0.14147401,0.25646442,-0.77666676,-1.2016672,-2.1238623,0
-0.41312143,-0.23618944,-1.0413678,0.4997639,-0.9182002,0.058525994,0.4564644,-0.61440945,-1.0016671,-2.1445746,0
-0.440149,-0.036189437,-0.8755613,0.5119907,-0.73676604,0.258526,0.25646442,-0.41440946,-1.0391642,-2.3166542,0
-0.2233246,-0.06880504,-0.96658754,0.2901332,-0.87113786,0.18361202,0.052508622,-0.571365,-1.1523505,-2.3403418,0
-0.3415727,-0.22858657,-0.9464864,0.08995525,-1.0690231,-0.016355628,0.0006273904,-0.4528976,-1.3496805,-2.181127,0
-0.23765789,-0.39011553,-0.95988333,0.21001919,-1.1551124,-0.09291406,-0.09561227,-0.23019688,-1.4105773,-2.10501,0
-0.08366388,-0.19011553,-0.75988334,0.07486658,-1.0508813,0.10708594,0.10438773,-0.43019688,-1.6105773,-2.104904,0
-0.09036465,-0.36785367,-0.9051078,-0.117992714,-1.1795001,0.09989093,0.28701794,-0.21706074,-1.330083,-2.1733751,0
0.04005977,-0.16209675,-0.6809246,-0.059541862,-0.945906,0.066612914,0.08403347,-0.4027567,-1.4776055,-2.291975,0
-0.15634155,0.03705042,-0.544158,-0.25370213,-0.729123,0.0533348,0.27764267,-0.3080525,-1.6398591,-2.2843223,0
-0.0061072647,-0.14962305,-0.3417742,-0.0493102,-0.8254583,-0.13467045,0.3021691,-0.09921563,-1.6893896,-2.2811465,0
-0.035976816,-0.08980891,-0.14177419,0.15068981,-0.66660976,0.06532955,0.50216913,-0.15107195,-1.5210214,-2.4049644,0
-0.22102669,0.103210025,-0.28450325,0.32847217,-0.81170636,0.2485198,0.28302547,0.045828253,-1.4126475,-2.439929,0
-0.18188213,0.2761892,-0.35264787,0.12433027,-0.9215473,0.13830273,0.07562658,0.22392106,-1.468935,-2.3809268,0
-0.23159947,0.44515717,-0.14771706,-0.07322546,-0.9766632,-0.059704334,-0.051714525,0.12351933,-1.2279459,-2.497558,0
-0.29848942,0.6246808,-0.17382956,0.07563933,-0.752013,-0.20353967,-0.24372548,-0.07405329,-0.9953204,-2.6119416,0
-0.09056393,0.71216303,-0.34374732,-0.06643804,-0.8754041,-0.31659395,-0.13259055,0.11581173,-0.9133954,-2.5749173,0
-0.29056394,0.51216304,-0.5437473,-0.18256994,-0.7397925,-0.11659394,-0.06785413,0.1913915,-0.7627276,-2.635345,0
-0.47975734,0.30528644,-0.7008955,0.017046101,-0.6709973,0.08156872,-0.2619536,0.38276958,-0.89100397,-2.5921376,0
-0.515571,0.105286434,-0.78605443,0.17259285,-0.72683036,0.2815687,-0.06195359,0.42313597,-1.0421875,-2.489574,0
-0.5454416,0.28939757,-0.7886124,0.13881333,-0.8785927,0.07732339,0.13086167,0.21152267,-0.7983551,-2.549593,0
-0.41022524,0.08476307,-0.69711196,0.32124877,-1.0226771,0.26294658,-0.065554105,0.28291628,-0.946599,-2.4778953,0
-0.41347787,-0.10905392,-0.8226155,0.11474319,-0.7785365,0.059569187,0.12723224,0.4116285,-1.0715016,-2.4867392,0
-0.47863358,0.069033615,-0.90312994,0.3147432,-0.5785365,-0.14043081,0.19218493,0.4985706,-0.8715016,-2.4402783,0
-0.6575952,0.17428443,-0.95663774,0.42455012,-0.37853652,-0.05783721,0.076414905,0.3454378,-0.67150164,-2.376659,0
-0.45759523,-0.025715575,-0.75663775,0.6245501,-0.5785365,-0.2578372,0.23621488,0.14543779,-0.8715016,-2.3740556,0
-0.3663134,-0.22571558,-0.55663776,0.42455012,-0.37853652,-0.057837203,0.33216953,-0.05456221,-1.0715016,-2.5740557,0
-0.375723,-0.02483301,-0.5029597,0.2168435,-0.5448679,-0.24898817,0.51390535,-0.24582556,-0.90098315,-2.6576402,0
-0.19933113,0.15370038,-0.2885587,0.39702904,-0.7094609,-0.046659533,0.5691272,-0.29130775,-0.75333905,-2.6858792,0
-0.25753632,0.32941926,-0.45078442,0.23228778,-0.8470274,-0.12346672,0.496521,-0.45758,-0.8878934,-2.5672996,0
-0.31859303,0.48353308,-0.53488415,0.38470328,-0.6948573,0.020417284,0.5628779,-0.6455842,-1.0680476,-2.423431,0
-0.37479672,0.63091016,-0.34594235,0.53968894,-0.45675993,0.1774019,0.47159126,-0.5955388,-1.1704249,-2.4214618,0
-0.39414796,0.5391549,-0.3262137,0.3162244,-0.24268767,-0.021037102,0.62520003,-0.5606335,-1.2757607,-2.44038,0
-0.56090885,0.51744145,-0.4967751,0.38128015,-0.24396686,0.16895096,0.77903485,-0.71808046,-1.2839041,-2.2729867,0
-0.384457,0.5870278,-0.6528688,0.17699313,-0.15598364,0.3354801,0.7862505,-0.50582856,-1.3761425,-2.268332,0
-0.38676545,0.5293625,-0.8528688,0.1740626,-0.35598364,0.5062366,0.5862505,-0.30582857,-1.5739235,-2.068332,0
-0.25392085,0.42042676,-0.8585403,0.35494924,-0.5275747,0.6701503,0.36651438,-0.10042108,-1.5462494,-2.1524277,0
-0.13057902,0.604677,-1.0260351,0.50855607,-0.70910496,0.45821536,0.44799688,-0.2927948,-1.3120743,-2.1413028,0
-0.25221106,0.5644802,-0.96639824,0.6488715,-0.678829,0.60277116,0.2817589,-0.084978305,-1.3247416,-2.1440854,0
-0.42836434,0.46336323,-1.1048899,0.80410737,-0.5518359,0.7604381,0.3461212,-0.26995036,-1.0654298,-2.1269288,0
-0.30591562,0.42192006,-1.2127111,0.8976641,-0.32698184,0.81173915,0.13579904,-0.4367526,-1.1760386,-2.0233216,0
-0.15210767,0.22192006,-1.012711,0.6985917,-0.12698184,0.61173916,0.33579904,-0.6367526,-1.3760387,-2.1426609,0
-0.28648072,0.39946395,-0.93859845,0.6969218,-0.07708662,0.7611162,0.40370873,-0.6959084,-1.1134456,-2.217976,0
-0.17918526,0.47955245,-0.73859847,0.8969218,-0.026345294,0.5611162,0.32528332,-0.49590844,-1.3134457,-2.1997547,0
-0.35705248,0.26323518,-0.88381314,0.8190533,-0.083481655,0.34003815,0.117970616,-0.2786365,-1.425107,-2.259683,0
-0.3195578,0.1784844,-0.81815314,0.6053237,0.1115634,0.27690056,-0.078541085,-0.45828247,-1.4896642,-2.3034372,0
-0.49986452,0.36413836,-0.9795612,0.38996035,0.29975393,0.4588242,0.11685515,-0.24849257,-1.2407808,-2.3644485,0
-0.552309,0.5521393,-1.1544724,0.4050348,0.0976322,0.5203486,-0.08137639,-0.43895328,-1.0186437,-2.3186214,0
-0.54122025,0.33777186,-0.9155295,0.58034915,-0.09819116,0.67405313,-0.034686957,-0.2292039,-1.1689227,-2.3524208,0
-0.34122026,0.5377719,-0.762872,0.78034914,-0.27904606,0.70079964,0.053642575,-0.18942457,-0.9689227,-2.1524208,0
-0.18177666,0.3377719,-0.562872,0.5985983,-0.47904605,0.79074,0.0909915,-0.38942456,-1.016069,-2.031135,0
-0.1825198,0.13777189,-0.7605426,0.3985983,-0.67904603,0.88388944,-0.07677673,-0.18942456,-1.2160691,-2.2311351,0
-0.08920562,0.2452955,-0.7652101,0.19859831,-0.72154707,0.8402911,-0.27677673,0.0105754435,-1.2225782,-2.2429643,0
0.08489281,0.42932054,-0.5449332,0.38429862,-0.6425229,1.0029707,-0.07710006,-0.16060111,-1.3715433,-2.2432535,0
-0.0042897523,0.6116505,-0.67682916,0.5678927,-0.5043862,0.78042495,-0.028446551,-0.35047618,-1.5274177,-2.12724,0
0.19571026,0.43548995,-0.55552405,0.36789268,-0.44499308,0.90349936,-0.22844656,-0.5504762,-1.6467035,-1.9835745,0
0.19731727,0.4497165,-0.70958567,0.19643746,-0.35749137,0.70736307,-0.02671691,-0.6472647,-1.7344179,-2.0397766,0
0.2238492,0.46268824,-0.5095857,0.39643747,-0.55749136,0.5073631,-0.06787658,-0.8472647,-1.5344179,-2.026218,0
0.1882832,0.66268826,-0.5257903,0.540376,-0.75749135,0.3073631,-0.26787657,-1.0472647,-1.4131215,-1.8936875,0
-0.011609892,0.7653463,-0.719168,0.7336207,-0.8324503,0.5027338,-0.46360758,-0.88860744,-1.5122093,-1.7668223,0
-0.12375953,0.95717907,-0.91139144,0.5291061,-1.0237154,0.6256081,-0.26137733,-0.6827816,-1.43707,-1.708463,0
0.07240478,0.81071955,-0.9978983,0.3125486,-1.1621497,0.7840713,-0.05828941,-0.4584926,-1.5547082,-1.627241,0
0.07959836,0.5597859,-1.0979942,0.30130282,-1.2485472,0.90200037,0.026186565,-0.60357475,-1.356961,-1.6748502,0
0.20394583,0.40532765,-0.907931,0.46624833,-1.366865,0.66241527,-0.10948205,-0.38081756,-1.4691656,-1.7691293,0
0.04111934,0.5374341,-0.8442297,0.4982174,-1.3911254,0.76568675,-0.26800832,-0.3793494,-1.3981538,-1.7482717,0
0.0012823866,0.7056153,-0.77066106,0.586535,-1.1451766,0.9240193,-0.06507389,-0.5543516,-1.5291966,-1.6579925,0
-0.18991184,0.8654848,-0.9276482,0.45277402,-1.285568,0.8462091,0.12894714,-0.5245105,-1.270296,-1.6956381,0
0.009641338,0.63600934,-1.0237266,0.44583637,-1.4197696,0.68037397,0.23790124,-0.69242066,-1.0255446,-1.811677,0
-0.0154665075,0.47492814,-1.190323,0.24583636,-1.2197696,0.48037398,0.39115995,-0.49242067,-1.2255447,-1.847342,0
0.0342941,0.6749281,-1.0787888,0.110334456,-1.1637334,0.68037397,0.19115995,-0.69242066,-1.0255446,-1.9317464,0
-0.05010885,0.5524991,-1.1186397,0.28820735,-1.1376948,0.75040495,0.36326995,-0.82879037,-1.1381625,-1.8401322,0
-0.08634312,0.68777776,-1.2052255,0.30812463,-1.1782889,0.868662,0.14922734,-0.69736755,-1.1493511,-1.7318956,0
-0.28634313,0.73697937,-1.1824598,0.4341086,-1.012372,0.76800734,-0.050772667,-0.7956208,-1.2594168,-1.6614786,0
-0.33525282,0.90009844,-1.2998716,0.60914916,-0.8630553,0.9299051,-0.1265461,-0.9564317,-1.0177165,-1.5622383,0
-0.41604215,0.98608834,-1.1593274,0.7252919,-0.7735481,1.0128059,-0.07786805,-1.0365833,-1.0915169,-1.4451022,0
-0.5271819,0.71742415,-1.2405912,0.7969273,-0.75943047,1.1068683,-0.06948116,-0.7635084,-1.1787039,-1.5014038,0
-0.38878164,0.79778737,-0.99235785,0.9003887,-0.5334999,1.2462926,0.12446907,-0.66724414,-1.3147986,-1.5458455,0
-0.56192887,0.95228094,-0.9789667,0.6684459,-0.7000469,1.1620332,0.30967093,-0.82769144,-1.0639555,-1.6182843,0
-0.3996629,1.1522809,-1.1789668,0.51733404,-0.9000469,1.0993348,0.10967092,-0.62769145,-0.86395556,-1.6192449,0
-0.49242896,1.206693,-1.2794514,0.5827024,-0.67600554,1.1516069,0.0030680757,-0.5999969,-1.0274166,-1.4581137,0
-0.3307655,0.9253745,-1.3599446,0.7194774,-0.80524373,1.2424271,-0.1810242,-0.7353749,-0.7605797,-1.5241749,0
-0.21121547,1.0408592,-1.4427933,0.63502383,-0.92975026,1.2344173,-0.35240936,-0.5874151,-0.51848036,-1.5035952,0
-0.19253829,0.97862226,-1.3207753,0.82685333,-0.7246268,1.420382,-0.15091808,-0.38362437,-0.5035982,-1.6158489,0
-0.13774213,0.9555503,-1.4804869,0.6150457,-0.64814794,1.1973945,0.048157398,-0.572631,-0.690345,-1.6843923,0
-0.33774215,0.87912047,-1.6804869,0.8150457,-0.6924883,0.9973945,0.16936848,-0.372631,-0.490345,-1.6436343,0
-0.2645452,0.6791205,-1.6018467,1.0150458,-0.509368,1.1973945,0.021090314,-0.2822073,-0.6033603,-1.4436343,0
-0.0645452,0.87912047,-1.8018467,0.8150458,-0.309368,1.3930538,0.22109032,-0.109656975,-0.40927875,-1.389239,0
-0.08755402,0.6898217,-1.6945536,1.0086657,-0.10936801,1.1930537,0.4210903,-0.27999452,-0.20927875,-1.589239,0
-0.26643714,0.76229143,-1.7554247,0.74928033,0.08397631,1.1939193,0.42712674,-0.44474554,-0.37922284,-1.6578441,0
-0.27016377,0.8939121,-1.8164746,0.5102491,-0.061424743,1.0835258,0.5825638,-0.2273542,-0.53806394,-1.646091,0
-0.45533648,0.6720286,-1.6360244,0.68785036,-0.25318035,1.2430481,0.75788456,-0.026491543,-0.7147881,-1.5798897,0
-0.6198501,0.51680887,-1.3727025,0.77851397,-0.3081846,1.3649073,0.9060152,-0.21422705,-0.4869124,-1.672276,0
-0.654057,0.29742703,-1.3713853,0.5561325,-0.4770947,1.4669213,0.915018,-0.38888532,-0.26935956,-1.6891547,0
-0.5976536,0.43441406,-1.1039695,0.3356363,-0.26114732,1.5709864,1.0508462,-0.5549936,-0.06536776,-1.7804297,0
-0.6255446,0.62230366,-1.0086617,0.5254115,-0.059980065,1.7371798,0.83460426,-0.5627361,-0.2603021,-1.6809498,0
-0.5692907,0.39313814,-0.7737582,0.6753124,0.12652747,1.8033924,0.9631515,-0.52837926,-0.39424628,-1.6840703,0
-0.6399222,0.24659489,-0.5909262,0.5193728,0.32652748,1.6033924,0.92321014,-0.32837927,-0.46904987,-1.8840704,0
-0.5341829,0.046594888,-0.39092618,0.47380206,0.12652747,1.4033923,0.7953113,-0.52837926,-0.26904988,-1.8901945,0
-0.5305117,-0.15340512,-0.43497643,0.5420307,-0.07347253,1.3864926,0.5953113,-0.72837925,-0.46904987,-1.9237404,0
-0.44003397,0.046594888,-0.63497645,0.7420307,-0.11358586,1.4469156,0.3953113,-0.52837926,-0.26904988,-2.0039046,0
-0.39928377,-0.15340512,-0.55460984,0.8734594,-0.27920318,1.2469156,0.5953113,-0.72837925,-0.29267424,-2.1607776,0
-0.34795812,0.0443724,-0.71861637,0.68617177,-0.07542533,1.3779005,0.3764557,-0.8840973,-0.08825385,-2.248173,0
-0.35372612,-0.032426022,-0.5153001,0.60287195,-0.27366412,1.5678108,0.5727696,-1.077165,-0.28641063,-2.035076,0
-0.51387733,0.016480232,-0.33060414,0.37985817,-0.44660637,1.6124675,0.3514754,-1.2042079,-0.45862475,-1.9744796,0
-0.391046,0.20361611,-0.3861382,0.5454007,-0.286794,1.7047634,0.1424741,-1.0213066,-0.61948663,-1.9807724,0
-0.17013313,0.35940197,-0.5219296,0.30756372,-0.33086452,1.696106,-0.050553005,-1.0875185,-0.7297159,-1.9418794,0
-0.087263085,0.14924869,-0.6759455,0.47523388,-0.3791573,1.7753315,0.1399278,-0.83098704,-0.5097545,-2.00545,0
-0.004697128,0.039879046,-0.5096029,0.65258116,-0.5292709,1.7435466,0.3285239,-0.6098187,-0.6859436,-2.0105772,0
-0.15378113,0.23795645,-0.70391554,0.4489538,-0.32663184,1.6375724,0.31451976,-0.40653408,-0.84378606,-2.1114385,0
-0.19354393,0.17115997,-0.87365687,0.62723,-0.48908854,1.3894495,0.49729615,-0.46906143,-1.0088452,-2.030193,0
-0.31632486,0.14747566,-1.0297083,0.40974194,-0.66088164,1.4609244,0.66875327,-0.64167434,-0.7757363,-1.9021548,0
-0.2977248,-0.04660172,-1.0910469,0.5409877,-0.4198432,1.4736392,0.770793,-0.50597924,-0.86571264,-1.8651166,0
-0.36785316,0.14548035,-1.0212812,0.69701815,-0.58784884,1.5311829,0.5413305,-0.66953886,-1.010704,-1.6916673,0
-0.39077255,0.045618847,-0.9517751,0.46310437,-0.35565457,1.5874821,0.53825665,-0.7973607,-1.1102067,-1.7088654,0
-0.56744486,0.019486394,-1.1517751,0.66310436,-0.15565456,1.387482,0.5729958,-0.9973607,-0.91020674,-1.6338527,0
-0.6436942,-0.17118712,-1.1709902,0.43917745,0.04205427,1.299116,0.7003433,-0.9660839,-1.0528463,-1.6644828,0
-0.42638537,-0.0069984426,-1.0753678,0.30497226,0.23261155,1.2506442,0.86522025,-0.73619837,-1.2039719,-1.7917479,0
-0.46150357,0.023393085,-1.2201219,0.1004251,0.41387182,1.1171794,0.7183483,-0.5129715,-1.3431551,-1.8124776,0
-0.4164581,0.22011232,-1.3992659,0.29601306,0.39553154,0.90370965,0.7097964,-0.3083752,-1.5204923,-1.6877811,0
-0.47215366,0.018512303,-1.3599749,0.08837482,0.1799762,1.0159051,0.8374184,-0.4679319,-1.5836202,-1.5578347,0
-0.6412519,0.17702061,-1.190702,-0.1064933,-0.019103229,1.160005,0.78980505,-0.5881188,-1.6776671,-1.4135523,0
-0.70399773,0.34158164,-1.2599797,-0.27768376,-0.19646488,1.1908125,0.54687524,-0.5127615,-1.6022865,-1.4618827,0
-0.4861065,0.5095062,-1.3735118,-0.24050485,-0.16903786,1.0549153,0.7026412,-0.29423806,-1.6955453,-1.4011256,0
-0.2781632,0.5876171,-1.1409311,-0.039380293,-0.29292256,0.8998104,0.8775808,-0.1517235,-1.8429186,-1.4795533,0
-0.3727735,0.3531143,-1.2215713,0.024766104,-0.08465128,0.85959816,0.9816625,0.04397928,-1.8610731,-1.4381363,0
-0.35266554,0.14029162,-1.3025206,0.20594288,-0.2608129,0.97086126,1.0827032,0.22354703,-1.6547327,-1.4649298,0
-0.15201756,0.23966311,-1.2990015,0.15656716,-0.3565688,1.1445436,0.8628626,0.023017753,-1.8130436,-1.3184171,0
0.04555616,0.30557504,-1.4232031,0.33853698,-0.5284254,1.2765555,0.62934434,-0.16803297,-1.6027681,-1.3647097,0
0.011738356,0.0943026,-1.4493713,0.12374513,-0.6506501,1.3189011,0.38350248,-0.13653283,-1.6102833,-1.3976429,0
-0.11741054,0.058393445,-1.2484246,0.3197684,-0.44511452,1.5002437,0.576335,-0.33239904,-1.39296,-1.5780182,0
-0.060346186,0.1424266,-1.2243477,0.20755316,-0.22623874,1.5119717,0.6503374,-0.28183305,-1.4702893,-1.5596813,0
0.015435012,-0.056671713,-1.4020401,0.28640622,-0.41956314,1.291424,0.4432844,-0.08055141,-1.6441299,-1.4828496,0
0.08838595,-0.25667173,-1.2468183,0.4864062,-0.61956316,1.2105893,0.6432844,0.119448595,-1.4441298,-1.4090595,0
0.21924484,-0.056671724,-1.4468184,0.28640622,-0.41956317,1.2699288,0.84328437,0.0642575,-1.2441298,-1.6090596,0
0.22674692,-0.04995421,-1.5643673,0.082080126,-0.58854353,1.0163608,0.9910504,0.25102693,-1.0556259,-1.7184856,0
0.10705056,0.14892769,-1.6376271,0.27997813,-0.38564822,0.81027746,1.1821749,0.44766596,-0.84925,-1.7554796,0
0.2678341,0.29015157,-1.6029257,0.4186754,-0.5108493,0.881245,1.2011216,0.21603408,-0.91523993,-1.6537318,0
0.3779394,0.083300374,-1.66591,0.20205685,-0.6523677,0.6294729,1.2946415,0.38441703,-0.88600725,-1.6135172,0
0.36303183,0.12972777,-1.46591,0.002056852,-0.67887574,0.77539444,1.2821912,0.34155965,-1.0860072,-1.5825956,0
0.516575,0.3025213,-1.5178196,-0.18161048,-0.43936276,0.8949127,1.2327889,0.20146555,-1.0371661,-1.6355102,0
0.6930624,0.5025213,-1.3317248,-0.024978936,-0.63936275,0.69491273,1.0327889,0.0014655441,-1.2371662,-1.6781515,0
0.49259156,0.33084112,-1.130644,-0.2247641,-0.8085166,0.4944401,1.2316116,-0.19834486,-1.4357938,-1.6742585,0
0.47310576,0.13084112,-0.9814915,-0.4247641,-0.64774144,0.6944401,1.4316117,-0.021070093,-1.2357937,-1.6541498,0
0.3917381,-0.051896174,-1.099412,-0.40003073,-0.41876444,0.6891458,1.5182618,-0.027043276,-1.3360475,-1.6534684,0
0.19173808,-0.09436555,-0.899412,-0.6000307,-0.39471748,0.61246085,1.4019657,-0.22704327,-1.2017068,-1.8269486,0
0.13893859,-0.1299003,-0.94940054,-0.42562896,-0.19471748,0.41246086,1.2019657,-0.42704326,-1.345963,-1.7441328,0
0.29107064,-0.32990032,-1.1494006,-0.22562896,-0.031419396,0.21246086,1.0817324,-0.3400718,-1.545963,-1.919168,0
0.44780824,-0.22635844,-0.9765315,-0.3515593,0.06040527,0.19936554,1.0051627,-0.18926536,-1.6518309,-1.9628825,0
0.52431196,-0.39657342,-0.8135814,-0.4532393,0.24221358,-0.0005901387,1.1209711,-0.072896264,-1.6343569,-1.9258264,0
0.4635106,-0.5695652,-0.9868509,-0.24656077,0.041100305,0.19415095,1.2861341,-0.26569936,-1.6296356,-1.7338555,0
0.24517594,-0.6502234,-1.1042717,-0.28373975,-0.1478437,0.298003,1.3827313,-0.43329674,-1.3301637,-1.7993009,0
0.044014376,-0.66578275,-0.881021,-0.4631072,-0.33889994,0.32791364,1.5420362,-0.4484605,-1.4908202,-1.5938042,0
0.10543273,-0.59851736,-0.94487476,-0.62683356,-0.13130176,0.49903542,1.2876152,-0.59296715,-1.5983281,-1.585705,0
0.16795677,-0.6889029,-0.7104779,-0.52543676,-0.31600288,0.66675526,1.3856078,-0.75634944,-1.333756,-1.7032446,0
0.13943659,-0.48696262,-0.90686446,-0.34690776,-0.513955,0.49050084,1.1809025,-0.85349,-1.3718606,-1.8140998,0
-0.054169677,-0.2665229,-0.766233,-0.17959101,-0.2915927,0.6186869,1.2825439,-0.8217677,-1.4599005,-1.8404711,0
-0.04220224,-0.2847372,-0.76129425,0.016894925,-0.475952,0.40536582,1.0481012,-0.60198534,-1.6070886,-1.9755507,0
-0.0018945908,-0.24476925,-0.75908184,-0.15865122,-0.6222409,0.5572635,0.7807111,-0.62600845,-1.6634974,-1.967832,0
-0.096311696,-0.44476926,-0.86061996,-0.21771272,-0.4222409,0.555674,0.60148257,-0.82600844,-1.5357227,-1.9961641,0
-0.0929666,-0.5674124,-0.93337095,-0.3675972,-0.5475869,0.6650112,0.35331428,-0.864773,-1.5274776,-1.9274722,0
-0.2814299,-0.7182452,-0.71595174,-0.37897724,-0.3338993,0.83094794,0.5312329,-0.6537229,-1.4354436,-2.0436945,0
-0.36760613,-0.9001092,-0.7948726,-0.567542,-0.13125467,0.7145203,0.32469082,-0.44476154,-1.5031418,-2.0025744,0
-0.4984309,-0.7001092,-0.5948726,-0.5453814,-0.33125466,0.71904135,0.124690816,-0.4575147,-1.5190661,-1.8433418,0
-0.29843092,-0.72214454,-0.7948726,-0.6528431,-0.53125465,0.7020539,-0.07530919,-0.49491444,-1.5274342,-1.8613582,0
-0.19378072,-0.4840643,-0.5514883,-0.7906449,-0.6715286,0.8068999,-0.25523078,-0.64423406,-1.6014518,-1.9110224,0
0.0062192827,-0.2840643,-0.5523933,-0.60961777,-0.4715286,0.6068999,-0.45523077,-0.84423405,-1.8014518,-1.7110224,0
-0.19085781,-0.22541788,-0.347078,-0.5559165,-0.66139954,0.777776,-0.251381,-1.0284833,-1.9240222,-1.618035,0
-0.15865113,-0.31730106,-0.30763847,-0.67205125,-0.52229613,0.8118325,-0.35941175,-1.0921891,-1.8883724,-1.5836623,0
-0.32975647,-0.27596113,-0.4366413,-0.8017945,-0.5601526,0.5625403,-0.37193578,-1.1880841,-1.920123,-1.454167,0
-0.4359244,-0.43413776,-0.5094873,-0.91376543,-0.3676802,0.69553477,-0.521679,-0.9012598,-1.9338247,-1.4435707,0
-0.35579586,-0.28732252,-0.30053198,-0.693112,-0.1628282,0.86962163,-0.70079654,-1.0693939,-1.943002,-1.423868,0
-0.1798419,-0.4873225,-0.500532,-0.49311203,0.037171796,0.66962165,-0.63341874,-0.94725126,-2.143002,-1.2542754,0
-0.19152549,-0.33831728,-0.70053196,-0.5382516,0.2371718,0.7556659,-0.7710271,-0.8615071,-1.943002,-1.3507557,0
-0.018747307,-0.53096896,-0.65616953,-0.3336343,0.4312042,0.6628615,-0.5632323,-0.6524772,-2.1137488,-1.5295871,0
-0.20326124,-0.3452841,-0.42387533,-0.14673997,0.5865185,0.8017758,-0.58254474,-0.4204444,-2.1499486,-1.5852454,0
-0.39155704,-0.14106739,-0.27616012,-0.33667624,0.7636907,0.9727004,-0.75983226,-0.21404624,-1.8933535,-1.7028946,0
-0.4023353,0.054461457,-0.1280626,-0.49595913,0.52092403,1.0837288,-0.51735836,-0.15643509,-1.9345329,-1.7585238,0
-0.49289593,-0.13427778,-0.3026794,-0.64010584,0.29609317,1.1844028,-0.66185415,-0.32885662,-1.7138281,-1.8065953,0
-0.4776763,-0.33001158,-0.496264,-0.54724216,0.13521445,0.9718395,-0.8508548,-0.5221071,-1.4945079,-1.9809864,0
-0.43368882,-0.4096348,-0.657599,-0.32795906,-0.06118787,1.1067647,-0.8589896,-0.6820069,-1.222621,-2.0439298,0
-0.5993984,-0.576646,-0.4328372,-0.2941447,-0.24705437,1.2360525,-0.7094491,-0.45592433,-1.3456395,-1.9807931,0
-0.58662635,-0.6761502,-0.4007654,-0.43020377,-0.040965665,1.2502315,-0.79176897,-0.49588954,-1.3456382,-1.8986046,0
-0.77321863,-0.7903661,-0.5905256,-0.39871752,0.15632367,1.0323306,-0.8144227,-0.4167859,-1.1377373,-2.0120075,0
-0.829575,-0.5903661,-0.459979,-0.5987175,0.35632366,1.1051654,-0.61442274,-0.6139714,-0.9377373,-2.0329874,0
-0.629575,-0.39036614,-0.48666376,-0.7987175,0.25491285,0.9051654,-0.49080577,-0.8139714,-1.1317742,-1.9986014,0
-0.8222431,-0.5851484,-0.59350616,-0.8615453,0.054427523,0.70220107,-0.28823557,-0.8745697,-1.3200039,-1.949512,0
-0.8692084,-0.7604517,-0.5981897,-0.9507292,-0.14099354,0.51338416,-0.37157452,-0.686965,-1.0847744,-2.0818996,0
-0.6079807,-0.87257737,-0.5131485,-1.0454459,0.05360781,0.5659295,-0.45880324,-0.8058142,-1.167227,-1.9918044,0
-0.5946771,-1.0562097,-0.30836982,-1.093456,0.24973772,0.36034536,-0.25485387,-0.5965694,-1.1302547,-2.0855463,0
-0.65579444,-0.93556386,-0.48548645,-1.0523926,0.4294936,0.3287319,-0.052384723,-0.7099309,-0.888381,-2.1824138,0
-0.8557944,-0.7355639,-0.56144744,-1.2523926,0.2294936,0.5287319,-0.021871706,-0.5099309,-0.7093946,-1.9824138,0
-1.0476378,-0.86328495,-0.7614474,-1.0523926,0.0294936,0.43306747,0.1781283,-0.7099309,-0.5093946,-1.9187205,0
-1.0689673,-1.0558323,-0.63482875,-0.8464181,0.22788505,0.6286302,0.37547794,-0.5063567,-0.7044223,-2.069395,0
-1.1797398,-1.1533798,-0.5977403,-0.8432708,0.025924308,0.770365,0.16313918,-0.28481522,-0.4689538,-2.070687,0
-1.0018166,-1.2598886,-0.74263257,-0.5988338,0.21031752,0.7347362,0.22924319,-0.0789562,-0.6227426,-2.1138287,0
-1.0925419,-1.3591256,-0.74996525,-0.7436974,0.009605393,0.87021965,0.39961636,-0.25970232,-0.39356443,-1.9246272,0
-0.9208356,-1.5055486,-0.53106654,-0.91126865,-0.18385199,0.64718854,0.57901144,-0.2101623,-0.20799164,-1.9742354,0
-0.95259696,-1.3051542,-0.4287592,-0.699859,-0.37769452,0.83359855,0.49372104,-0.077353776,-0.40144694,-2.1135402,0
-0.8701783,-1.5051543,-0.2718205,-0.54744226,-0.17769451,0.63359857,0.69372106,0.12264623,-0.20144694,-2.1266167,0
-1.0701783,-1.458738,-0.07182048,-0.34744227,-0.37769452,0.7481346,0.62036556,-0.077353776,-0.0014469326,-2.0237129,0
-0.90223247,-1.658738,-0.016793389,-0.14744227,-0.17769451,0.5481346,0.42036557,-0.23952286,0.19855307,-2.1221972,0
-0.71854806,-1.610119,-0.09381792,0.052557737,0.022305489,0.39375335,0.22036557,-0.039522856,0.37012175,-2.2201502,0
-0.71008325,-1.4101189,-0.020136483,0.13168997,0.22230549,0.4831327,0.31218755,0.06190917,0.46982545,-2.2633805,0
-0.50863963,-1.5822068,-0.21166866,0.12443339,0.41498464,0.67129034,0.50330853,-0.13569698,0.50704956,-2.2418623,0
-0.59737855,-1.5899578,-0.36126354,-0.06741514,0.39478675,0.77730304,0.27059025,0.057366572,0.63077915,-2.1784554,0
-0.39737856,-1.3899578,-0.56126356,0.13258487,0.59478676,0.57730305,0.38939512,-0.14263344,0.43077916,-2.1311707,0
-0.19140813,-1.1539631,-0.73823637,0.18204547,0.7707455,0.7537907,0.5715667,-0.33226922,0.6116989,-2.2539043,0
-0.35641736,-1.2433693,-0.4942724,0.3508394,0.8851079,0.8758836,0.7085439,-0.121465266,0.41284192,-2.1729684,0
-0.2923178,-1.2514971,-0.5272099,0.5508394,0.7729977,0.71587014,0.5085439,0.07853474,0.6128419,-2.213945,0
-0.15020275,-1.4149859,-0.70891744,0.7319526,0.5585844,0.8928321,0.5374857,-0.1184099,0.7923955,-1.9740739,0
-0.05933057,-1.2066251,-0.9026628,0.9255395,0.35611686,0.6880645,0.5992194,-0.1826101,0.588319,-2.128457,0
-0.17935874,-1.3140533,-0.6564197,0.9216913,0.51951814,0.8296198,0.37294626,0.016245456,0.36276326,-2.1752183,0
-0.1713047,-1.0153584,-0.7805488,1.0223199,0.6289884,0.93840504,0.52218854,-0.1674756,0.14834394,-2.164796,0
-0.083493024,-0.8079727,-0.79464597,1.2112479,0.53658915,1.0738069,0.3192701,-0.24542445,0.34518856,-2.125868,0
-0.17263982,-0.586647,-0.7498734,1.2788348,0.66747725,1.1542895,0.4163552,-0.40363163,0.49403515,-2.0174394,0
-0.37263983,-0.386647,-0.6203005,1.0788348,0.86747724,1.3542895,0.6037139,-0.59548473,0.6940352,-1.8174393,0
-0.3737544,-0.16881984,-0.7419514,1.15669,0.6037247,1.4058353,0.36515415,-0.7195059,0.8086435,-1.8159282,0
-0.39701197,-0.21524863,-0.5986558,0.9567565,0.77634287,1.5511266,0.15952756,-0.5130981,0.97428036,-1.8098714,0
-0.21627311,-0.0152486265,-0.5537548,1.0345545,0.5763429,1.7092857,0.12642285,-0.48177424,0.77428037,-1.8435131,0
-0.40668103,-0.21028872,-0.73638624,1.206107,0.7584538,1.6834955,-0.027464407,-0.27528137,0.5610474,-1.7299457,0
-0.26488915,-0.38055086,-0.59318155,1.304192,0.5179769,1.7270994,-0.088303275,-0.23570779,0.46193236,-1.7900627,0
-0.28545538,-0.18055086,-0.39318156,1.504192,0.4375901,1.5270994,0.11169673,-0.38846856,0.26193237,-1.8976414,0
-0.20957462,0.018339064,-0.55932504,1.6069235,0.601199,1.5986907,0.0028184995,-0.47452506,0.058397513,-1.7072935,0
-0.3821563,-0.18166094,-0.4497828,1.4069234,0.80119896,1.7986908,-0.19718151,-0.27452505,0.25839752,-1.5072935,0
-0.41261348,-0.38166094,-0.60141975,1.2997487,0.601199,1.5986907,0.002818495,-0.07452504,0.058397517,-1.7072935,0
-0.6126135,-0.30021262,-0.47368973,1.441408,0.80119896,1.3986907,-0.025770625,0.12547496,-0.14160249,-1.6308805,0
-0.6348922,-0.10021262,-0.6736897,1.6414081,1.001199,1.229288,0.12678105,0.17120835,-0.3416025,-1.4878659,0
-0.5235547,0.09321099,-0.81611,1.7200518,0.8128395,1.3350921,-0.06839353,-0.026894163,-0.50590867,-1.5453364,0
-0.55638814,-0.069634035,-0.5871183,1.8297017,0.5840017,1.2788317,0.1254136,-0.10196812,-0.67269135,-1.5930976,0
-0.34882846,-0.26391456,-0.770422,1.7395079,0.7673715,1.1173288,-0.07300428,0.09595244,-0.8541798,-1.6148645,0
-0.13631605,-0.068632886,-0.87971467,1.6791579,0.8769493,0.98327905,-0.13580835,-0.09432203,-0.9556435,-1.6452255,0
-0.16266157,-0.16574818,-0.65871674,1.7198012,0.81828517,0.8272803,-0.32543445,-0.28522974,-1.0819808,-1.685976,0
-0.19268642,-0.13403048,-0.6135957,1.7097825,0.72609836,0.7675262,-0.4520119,-0.46683812,-1.1735686,-1.6520355,0
0.0073135793,-0.33403048,-0.4471841,1.5097824,0.57464224,0.5675262,-0.2520119,-0.6668381,-0.9735686,-1.8520355,0
0.20731358,-0.36050108,-0.4152803,1.58153,0.37464225,0.7675262,-0.052011892,-0.46683812,-1.1735686,-1.6520355,0
0.29551822,-0.37516698,-0.61528033,1.3815299,0.32584307,0.62042964,0.14798811,-0.6668381,-0.9735686,-1.7813526,0
0.09551822,-0.17516698,-0.53305477,1.58153,0.24876246,0.6527996,0.3338136,-0.46683812,-1.1735686,-1.9813527,0
0.249445,-0.24422002,-0.5304796,1.3462727,0.04751802,0.45604584,0.26400018,-0.64982015,-1.3385147,-2.071341,0
0.3801342,-0.21104851,-0.68057567,1.1644773,0.08816881,0.23855363,0.35284194,-0.7917633,-1.3028891,-2.1161706,0
0.4150785,-0.01043034,-0.5049824,1.2881341,-0.105574176,0.4140163,0.52191013,-0.9362736,-1.0411818,-2.120776,0
0.5638669,-0.19290985,-0.4215309,1.0657825,0.08656391,0.5628931,0.31734315,-1.0416671,-1.1378406,-2.1275475,0
0.34185883,-0.30780566,-0.46876067,0.86883515,0.2692314,0.7167503,0.48605224,-1.1665664,-0.92113,-2.1867685,0
0.44298452,-0.39602783,-0.32684144,0.66883516,0.23914687,0.51675034,0.28605223,-1.1374965,-0.72113,-2.3867686,0
0.34076002,-0.22722852,-0.517104,0.46016985,0.28644645,0.70350283,0.47706866,-1.312776,-0.51149815,-2.3587127,0
0.52308273,-0.06253958,-0.6936621,0.55095696,0.42003635,0.8739676,0.2680114,-1.0763996,-0.6882395,-2.300731,0
0.38926262,-0.15126115,-0.8936621,0.6762525,0.22003634,0.9437592,0.06801139,-0.8763996,-0.48823953,-2.3467433,0
0.18926261,-0.35126114,-0.6936621,0.6459162,0.3611974,1.0167799,-0.13198861,-0.72883093,-0.6882395,-2.3158836,0
0.3700902,-0.33693433,-0.5099851,0.44889116,0.5079051,1.1568496,0.06466161,-0.5027843,-0.8444908,-2.3919683,0
0.17009018,-0.23829648,-0.7099851,0.37791294,0.30790514,1.0958,0.25973684,-0.38243252,-0.77852577,-2.1919682,0
0.05487924,-0.33312207,-0.8400163,0.5250684,0.107905135,0.89580005,0.32587978,-0.5392591,-0.97852576,-1.9936651,0
-0.04825052,-0.27527633,-0.80514544,0.3250684,-0.09209487,1.016364,0.5258798,-0.49777186,-1.0441577,-2.002425,0
0.0003465563,-0.47527635,-0.6195891,0.5250684,-0.2920949,1.216364,0.36080778,-0.38715294,-0.84415776,-2.14264,0
0.1908947,-0.60232615,-0.78092283,0.6908614,-0.468879,1.3495435,0.18864806,-0.36201385,-0.6182007,-2.2189417,0
0.10548704,-0.40232617,-0.58092284,0.49086142,-0.53164166,1.1495434,0.3093223,-0.16201384,-0.41820073,-2.3113916,0
-0.09451296,-0.20232616,-0.6018613,0.37614465,-0.73164165,0.9495434,0.118390754,-0.26952723,-0.6182007,-2.1113915,0
-0.012298346,-0.0023261607,-0.42044497,0.25454485,-0.53164166,1.1495434,0.18255821,-0.06952722,-0.64224434,-2.1883981,0
-0.041400105,-0.20232616,-0.44378033,0.05454485,-0.4780307,1.3495435,-0.017441794,-0.16198158,-0.8422443,-2.2400937,0
-0.01820186,-0.016776323,-0.39543256,-0.06539332,-0.40844488,1.3805815,-0.116526805,0.03801842,-1.0422443,-2.061702,0
-0.04023193,0.032170188,-0.47713283,-0.26539332,-0.20844488,1.3252454,0.0834732,0.23801842,-0.8422443,-2.1322813,0
-0.24023193,-0.14787312,-0.67713284,-0.4653933,-0.40844488,1.1252453,-0.116526805,0.03801842,-1.0422443,-2.3322814,0
-0.24521878,0.052126884,-0.6403954,-0.274494,-0.60844487,0.92524534,-0.3165268,0.03373892,-1.2422444,-2.2101262,0
-0.41066042,0.24280109,-0.42410585,-0.09573903,-0.5590704,1.0836242,-0.15111402,0.22509328,-1.2791114,-2.3209794,0
-0.21066041,0.042801082,-0.22410585,-0.22087431,-0.35907042,1.1020409,0.048885986,0.14711982,-1.0791113,-2.3663373,0
-0.313947,-0.15719892,-0.25785026,-0.020874307,-0.5590704,0.9020409,0.24888599,0.3471198,-0.87911135,-2.430893,0
-0.11151925,0.041889165,-0.44809535,0.17530926,-0.3514201,1.078561,0.43932205,0.16608898,-0.9490563,-2.5191665,0
-0.2188249,0.22423555,-0.6007959,-0.022888761,-0.5111762,1.0099165,0.5926629,-0.028776398,-1.0651956,-2.4025826,0
-0.3935305,0.041483693,-0.5827401,-0.099838875,-0.43316463,1.1368451,0.3689485,0.0080690505,-1.1887857,-2.337608,0
-0.47008827,-0.0633172,-0.7827401,-0.29983887,-0.38151175,1.3368452,0.5689485,-0.19193095,-0.9887857,-2.137608,0
-0.256577,0.1298452,-0.7717855,-0.09484439,-0.5524214,1.459964,0.35049173,-0.28736615,-1.0697682,-2.1274788,0
-0.28279978,-0.06541389,-0.87603,0.09804942,-0.7015744,1.5477873,0.5132907,-0.29394895,-0.84875613,-2.0446494,0
-0.45539084,0.026509272,-0.9463819,0.1737437,-0.85039127,1.2712723,0.6727966,-0.46590707,-0.6119257,-2.117219,0
-0.5088926,-0.067490004,-1.0142778,-0.0248066,-0.99239534,1.0172336,0.8246063,-0.25122535,-0.3891818,-2.1892767,0
-0.33190185,-0.15198357,-1.1105398,0.14837559,-1.0905267,1.113243,0.9370722,-0.41267627,-0.17301962,-2.0259633,0
-0.4283269,-0.34318268,-0.9586666,0.19085102,-1.2582588,1.2804072,0.7186427,-0.20735858,0.026305776,-1.9901011,0
-0.4797972,-0.14318268,-0.79546654,0.39085102,-1.0582588,1.0920677,0.9186427,-0.36351314,0.22630578,-1.8278738,0
-0.56333447,-0.34318268,-0.94841224,0.19432057,-0.8582588,0.89206773,1.1186427,-0.26018745,0.07046816,-2.0278738,0
-0.7282776,-0.5182365,-1.0103548,0.37621105,-1.0096573,0.84531116,0.8764532,-0.057423282,-0.123582974,-2.1255567,0
-0.6503396,-0.6551781,-1.018031,0.52562195,-1.0348816,0.953537,0.6867941,-0.23482253,-0.20153211,-2.070623,0
-0.7049157,-0.45330396,-1.0829693,0.71124893,-1.2297971,0.92949843,0.6795862,-0.12549828,-0.39987883,-1.8986976,0
-0.56701165,-0.6315932,-0.9710822,0.8785335,-1.1180354,0.7414076,0.46364847,-0.31468126,-0.57994354,-2.028484,0
-0.3958406,-0.81407064,-1.1464063,0.9625665,-0.8986915,0.52999955,0.6496647,-0.112264805,-0.37193772,-2.0683968,0
-0.34615478,-0.61407065,-0.9464063,0.887286,-0.6986915,0.57479966,0.4496647,0.0877352,-0.3210631,-2.265502,0
-0.14615478,-0.41574597,-0.8962496,0.687286,-0.8986915,0.77479964,0.6496647,-0.112264805,-0.5210631,-2.2414446,0
-0.28837082,-0.19388941,-0.98519194,0.6901506,-0.9873864,0.7919132,0.7635878,-0.11478058,-0.6480144,-2.1941094,0
-0.40848374,-0.19672035,-1.1231968,0.46451178,-0.95295185,0.67806315,0.53410757,0.08076175,-0.8036564,-2.2386503,0
-0.56140625,0.003025914,-1.109318,0.48302495,-0.6946971,0.8101287,0.30825818,0.25903964,-0.926005,-2.2499757,0
-0.5387165,0.06665685,-1.2037766,0.5286516,-0.82257736,0.7480744,0.46728852,0.05428057,-0.66748327,-2.2524881,0
-0.67294264,-0.05977648,-1.1858008,0.29938912,-0.93152916,0.64307606,0.59041035,0.23163994,-0.61071676,-2.2341235,0
-0.66687936,-0.25583875,-0.9708579,0.49181932,-0.8350432,0.43635988,0.77442276,0.42509708,-0.6944723,-2.270447,0
-0.74781007,-0.054529045,-0.93526566,0.6755926,-1.0107661,0.621434,0.82768935,0.41349927,-0.4828744,-2.1470008,0
-0.69731545,-0.23345162,-0.67437863,0.80308515,-1.1105032,0.46703106,0.94258684,0.19581948,-0.62632585,-2.142215,0
-0.64342767,-0.031728577,-0.6829639,0.9514178,-0.8955023,0.25327674,1.0086756,0.29779875,-0.55298793,-2.2215712,0
-0.66772074,-0.12433633,-0.81506807,0.7514178,-0.69550234,0.053276733,1.2086756,0.09779875,-0.35298795,-2.2298157,0
-0.55840725,0.07566367,-0.72442675,0.6226836,-0.8187476,-0.14672327,1.0086756,0.29779875,-0.55298793,-2.0896268,0
-0.59771335,-0.12433633,-0.6534932,0.6205801,-0.6187476,-0.34672326,1.2054516,0.11599131,-0.7529879,-2.2684586,0
-0.79771334,0.07566367,-0.46853942,0.6339096,-0.4187476,-0.54672325,1.3405973,-0.08400869,-0.9529879,-2.0759196,0
-0.92898774,0.061769545,-0.60394984,0.77646726,-0.23924673,-0.3740384,1.2538781,-0.26444528,-1.0735666,-2.0429585,0
-0.95869434,-0.12951484,-0.7532598,0.7033669,-0.12914683,-0.53784454,0.9874297,-0.35176232,-1.1932666,-2.0428925,0
-1.1586944,-0.14137043,-0.79153955,0.60507804,-0.2613011,-0.7378445,0.7874297,-0.15176232,-0.99326664,-2.064082,0
-1.3177404,-0.012997254,-0.96165234,0.6277718,-0.22154053,-0.52163273,0.5697233,-0.34115943,-0.76935583,-2.1425347,0
-1.4817976,-0.2079531,-0.95472634,0.456493,-0.039713256,-0.5296139,0.7514948,-0.3199731,-0.55587244,-2.0935504,0
-1.3065546,-0.0074926373,-1.0173403,0.4110565,-0.14925422,-0.57063013,0.76453376,-0.1130271,-0.71211016,-2.1532826,0
-1.3939421,-0.054739308,-0.95731103,0.28809428,0.049970794,-0.6523615,0.5559122,-0.066159725,-0.89818037,-2.122798,0
-1.172153,-0.23892884,-1.0854822,0.08262668,-0.14071761,-0.7994594,0.70899624,-0.177104,-1.0300215,-2.0322278,0
-1.0276283,-0.31891358,-0.86834383,0.1194073,0.058134988,-0.58785695,0.8914027,-0.3698052,-1.2062147,-2.0829623,0
-0.95826536,-0.50615245,-0.79326075,-0.063378744,-0.13837627,-0.5408009,1.0645629,-0.34224325,-0.98146975,-2.1603093,0
-1.133982,-0.6049318,-0.9724367,0.053504255,-0.102937736,-0.33365595,0.9431488,-0.13926108,-0.76508605,-2.187109,0
-1.1355661,-0.77969503,-0.74821883,0.24555622,-0.20304835,-0.51692444,0.7198491,-0.09810158,-0.5473691,-2.3122668,0
-1.1838305,-0.6802358,-0.9296025,0.044661816,-0.0029884975,-0.7028491,0.5722603,0.09989786,-0.34054926,-2.3069956,0
-1.0334544,-0.8346406,-0.77929944,0.24466182,0.053308852,-0.9028491,0.7722603,-0.10010214,-0.14054926,-2.129151,0
-1.1708862,-0.987895,-0.65693986,0.16617705,-0.14006355,-1.0530218,0.6807583,-0.28654337,-0.32516307,-2.1009903,0
-1.1615582,-1.1298113,-0.58029896,-0.033203248,-0.17321318,-0.8373927,0.864621,-0.4776289,-0.515541,-2.0158746,0
-1.2342491,-0.8815605,-0.55966926,-0.2211016,-0.10040524,-0.6043164,1.0093745,-0.26322186,-0.67840934,-2.100886,0
-1.1236475,-0.9848888,-0.6917687,-0.08840725,-0.2735545,-0.7324252,1.1012785,-0.4218183,-0.43564832,-2.0221863,0
-1.0643785,-0.9613994,-0.49176872,0.111592755,-0.4735545,-0.6538127,0.90127856,-0.6218183,-0.47526368,-1.9649884,0
-1.1404757,-0.735121,-0.32858932,0.06674767,-0.44182017,-0.8243448,1.0632697,-0.79345465,-0.44552112,-2.0525923,0
-1.0410353,-0.935121,-0.34892932,0.12725422,-0.24182017,-0.6243448,0.8663578,-0.59345466,-0.24552111,-2.2525923,0
-0.8410353,-0.735121,-0.14892931,-0.072745785,-0.20990317,-0.58693147,0.6663578,-0.39345467,-0.04552111,-2.4525924,0
-0.77810186,-0.6385512,-0.15901951,-0.18175347,-0.009674349,-0.7543294,0.8463405,-0.5797428,0.15090963,-2.5068336,0
-0.5715309,-0.8290198,-0.21245986,-0.30327418,-0.2072911,-0.7428287,0.97747076,-0.37542647,-0.048532385,-2.4810178,0
-0.53609854,-0.8626214,-0.018019006,-0.4704779,-0.38074964,-0.5645915,1.0391244,-0.16399466,0.03257482,-2.485023,0
-0.6438986,-0.68203,-0.20976454,-0.26023728,-0.5587617,-0.35078767,1.1922096,-0.35021338,0.22376925,-2.4452305,0
-0.44389862,-0.48203003,-0.40976453,-0.46023726,-0.35876173,-0.21125977,0.9922096,-0.5502134,0.41582865,-2.5326395,0
-0.5604167,-0.47174177,-0.57073325,-0.2499786,-0.53673506,-0.3788133,0.7609803,-0.33640784,0.43279985,-2.6007705,0
-0.6315563,-0.6298376,-0.3476064,-0.4219083,-0.31572905,-0.16765866,0.52598554,-0.50294596,0.5933249,-2.6260543,0
-0.653463,-0.42983758,-0.22476572,-0.26539886,-0.11572905,-0.11503091,0.7259855,-0.30294597,0.3933249,-2.6974318,0
-0.6178713,-0.22119494,-0.08287409,-0.26919398,0.08110209,0.04626662,0.89116544,-0.31186265,0.28847623,-2.7398183,0
-0.46560687,-0.01972581,0.10900735,-0.11316428,-0.11065652,0.22919668,1.0155314,-0.41149634,0.08234351,-2.7360454,0
-0.37818646,-0.09368976,-0.08965034,0.085554734,-0.30607376,0.2687895,1.0889417,-0.20837638,-0.11592084,-2.724749,0
-0.40083656,-0.27029666,-0.102702655,0.17456199,-0.4657638,0.43144932,1.137919,-0.0077091767,0.07738206,-2.6497655,0
-0.40235737,-0.4213841,-0.11483507,0.3356062,-0.58096725,0.41857004,1.1987705,0.11887119,0.24853332,-2.5512846,0
-0.39270377,-0.22395034,-0.10980008,0.13115965,-0.62094635,0.5982871,0.96602076,-0.07846859,0.04694191,-2.6610699,0
-0.5048137,-0.19925317,-0.24486764,0.08325715,-0.41365525,0.39138848,1.101321,0.1194264,-0.15040702,-2.6579092,0
-0.3511044,-0.18998605,-0.05451755,0.013594391,-0.212664,0.43037564,0.8971393,0.31794444,-0.3487813,-2.753076,0
-0.25003967,-0.26369634,0.11005527,0.10458166,-0.01266399,0.6303756,1.0971394,0.117944434,-0.5487813,-2.553076,0
-0.17270066,-0.062058166,0.18705417,0.042178378,-0.2071946,0.80901957,1.1605436,0.30976737,-0.33981115,-2.5833745,0
-0.2210572,0.013983584,0.2300902,-0.15456252,-0.007046021,0.596443,0.9407078,0.31177086,-0.52866375,-2.6938252,0
-0.019735506,-0.030085258,0.3965038,-0.13543877,-0.19405036,0.57855624,0.78577036,0.10475533,-0.68292767,-2.7121885,0
0.1802645,-0.088367075,0.1965038,0.050703973,0.0059496462,0.37855625,0.592587,-0.00452853,-0.6969942,-2.5121884,0
0.21688193,-0.27714843,0.20793964,0.22899695,-0.19405036,0.5343639,0.61089045,0.19547147,-0.4969942,-2.6978776,0
0.19209784,-0.07714842,0.08258599,0.028996944,-0.39405036,0.5667918,0.41089046,0.39547145,-0.6969942,-2.688132,0
0.26128665,-0.2633868,-0.111583896,0.21762624,-0.3786417,0.7287172,0.58055705,0.18576545,-0.47231627,-2.7447238,0
0.41893235,-0.057566747,-0.28297496,0.23163357,-0.25628087,0.8434444,0.708888,0.057462566,-0.5024193,-2.6743457,0
0.41683918,0.13858683,-0.09981891,0.030779304,-0.3020789,0.6260682,0.8843434,0.25050977,-0.65690094,-2.652655,0
0.21683918,0.33858684,-0.1271747,-0.1692207,-0.11845119,0.4260682,0.6843434,0.4505098,-0.85690093,-2.4526548,0
0.4088385,0.5282494,-0.015468247,-0.008636226,-0.31233895,0.5419969,0.7308497,0.512408,-0.8115512,-2.5897598,0
0.23954882,0.55604625,0.062437877,-0.12692238,-0.112338945,0.7419969,0.58956087,0.63141185,-0.9046034,-2.5065405,0
0.21966976,0.3802234,0.11289534,0.069852926,-0.04754795,0.90042937,0.7547199,0.5976023,-1.0558606,-2.436174,0
0.32664195,0.5107669,-0.076152414,0.26723155,0.15097111,0.7429054,0.7492221,0.71155655,-1.243661,-2.3164995,0
0.2862466,0.53342915,-0.047413796,0.44717738,0.29610634,0.5446269,0.87364537,0.66639924,-1.3816973,-2.220489,0
0.25728902,0.3210447,-0.024950648,0.29436833,0.092536695,0.7169695,1.0337673,0.59241307,-1.522949,-2.1170378,0
0.2695497,0.52104473,0.037159592,0.2971805,-0.10746331,0.60515535,0.83376735,0.40831232,-1.3229489,-2.2631323,0
0.25245905,0.5974396,0.2371596,0.0971805,0.021862455,0.40515536,1.0337673,0.6083123,-1.2910097,-2.1349065,0
0.1236216,0.71097225,0.19711785,-0.0479337,0.027831854,0.5834038,1.0216255,0.40714657,-1.4374173,-2.1957443,0
0.11785631,0.8779299,0.045935173,-0.12085866,0.12203391,0.6290257,1.1773155,0.19963306,-1.2941542,-2.165019,0
-0.07923809,0.96242034,-0.14861521,-0.2664638,-0.075208254,0.60283333,0.9427456,0.38549712,-1.4413027,-2.1190999,0
-0.2792381,0.80073166,0.050973877,-0.4664638,-0.27520826,0.8028333,0.79159456,0.18549712,-1.2413026,-2.1197555,0
-0.19465141,0.90343034,-0.13925725,-0.24899673,-0.07027826,0.8118872,0.92659414,0.17038661,-1.3468232,-2.1676924,0
-0.2234849,0.70124066,-0.00457839,-0.44759902,0.12931794,1.0087373,1.1230872,0.3692336,-1.4065107,-1.9615672,0
-0.020832192,0.7762772,0.16976774,-0.57445025,0.29212022,1.001791,1.0532631,0.43283993,-1.4250493,-1.903089,0
0.013274319,0.9196854,0.08250801,-0.44553986,0.1626966,1.1321269,1.1806153,0.3883267,-1.3539308,-1.8063027,0
-0.03794806,0.82331115,-0.11450959,-0.28651568,0.0557742,1.0207262,1.0147289,0.18354625,-1.5144862,-1.955375,0
0.15682133,0.6603803,0.082731,-0.09047135,-0.13957056,1.1051705,1.1755205,0.37116632,-1.659147,-1.7352271,0
0.18812743,0.46038032,0.11724987,-0.17401645,0.06042944,1.3051705,0.97552055,0.17116632,-1.459147,-1.8178314,0
0.3846445,0.25804377,0.07277279,0.0030371018,0.16536196,1.0952531,1.1649718,0.09790152,-1.6442584,-1.866254,0
0.20399204,0.08889419,0.109628506,-0.18476942,0.3427433,1.2150673,1.2804699,0.27945918,-1.3548479,-1.9383372,0
0.104875706,-0.1014914,0.1490153,0.01391262,0.49577767,1.2926161,1.3523592,0.30729243,-1.2284575,-1.8992729,0
0.24563742,-0.056271408,0.13046765,-0.18315792,0.29112142,1.4691188,1.2131226,0.29805872,-1.012267,-2.014367,0
0.10255968,0.13595505,0.026417378,-0.24797377,0.46455917,1.3560472,1.1943375,0.26573536,-0.98473865,-2.0946033,0
0.0884567,0.3210373,0.07187308,-0.24622379,0.25281167,1.4258506,1.3324233,0.06281644,-0.77056813,-2.086452,0
0.2884567,0.5210373,0.2718731,-0.14203674,0.17860103,1.3427081,1.178648,0.19598846,-0.6814691,-2.1121912,0
0.19551283,0.5134166,0.4554664,-0.2721343,-0.020654948,1.3832431,1.0769845,0.3822202,-0.4647287,-2.231798,0
0.34867898,0.6289388,0.3182611,-0.063592665,0.15810828,1.3957666,1.1257731,0.51327777,-0.5860162,-2.1284096,0
0.54319745,0.63038033,0.11707961,-0.24780539,-0.04147321,1.3125622,1.0214497,0.310148,-0.63649255,-2.2278304,0
0.4466706,0.5468516,0.056263342,-0.41198048,0.14584447,1.2603011,1.1237324,0.10133603,-0.7695722,-2.2030957,0
0.4546337,0.43662897,-0.14373666,-0.21198048,0.012389913,1.0603011,0.92373246,-0.09866397,-0.80688053,-2.4030957,0
0.5117871,0.22374664,-0.10394202,-0.38955185,0.2008272,0.8134654,0.9288874,-0.2824044,-0.95206493,-2.4442563,0
0.29361972,0.11490335,-0.28623173,-0.40749556,0.37747154,0.9544121,1.0631087,-0.45429534,-0.7085669,-2.4001176,0
0.32262567,0.31312168,-0.085743845,-0.60405844,0.21730016,0.9774735,0.8582254,-0.34223568,-0.50568956,-2.5126796,0
0.20249584,0.35528848,-0.08416938,-0.5386149,0.2226996,1.0835005,0.6162075,-0.3229932,-0.61549234,-2.5395153,0
0.25917584,0.17062937,0.06133651,-0.33861494,0.4226996,1.025728,0.81620747,-0.5229932,-0.41549236,-2.3395152,0
0.45917583,0.28054988,0.24123529,-0.13861494,0.2226996,1.1897595,0.84628475,-0.7229932,-0.4311223,-2.2897217,0
0.6591758,0.48054987,0.041235283,-0.04151366,0.022699594,1.3897595,1.0462848,-0.5229932,-0.2311223,-2.127857,0
0.58893025,0.65937644,-0.114487566,0.15355547,0.21577092,1.170097,1.0608875,-0.61569214,-0.4177091,-2.2554321,0
0.36835462,0.8139127,-0.2978502,0.24205205,0.3937753,0.9187758,1.0317063,-0.52864134,-0.5850303,-2.3171554,0
0.15934904,0.95967674,-0.45730233,0.052563637,0.3874083,1.0589306,0.78721696,-0.31106177,-0.5936343,-2.3455167,0
0.17430457,0.7204214,-0.62333703,-0.13981777,0.5570547,0.921548,0.9362037,-0.105322786,-0.7526242,-2.3300085,0
0.17107163,0.7918393,-0.39516205,0.056176826,0.4233315,1.01449,1.0605842,0.088376015,-0.5158446,-2.361625,0
-0.02892837,0.9643117,-0.59516203,0.22559628,0.35326284,1.21449,0.8605842,-0.095004216,-0.3158446,-2.2752895,0
0.1676256,1.123333,-0.53329444,0.02508067,0.24452333,1.2570229,0.64727753,-0.19517586,-0.11351104,-2.3054607,0
0.1982836,0.89004964,-0.7068614,-0.13023907,0.042918395,1.4045017,0.81673574,-0.0052667256,-0.16767178,-2.2320874,0
0.094192475,0.8669703,-0.6841758,-0.31682548,0.23305158,1.5393304,0.6101695,0.18682364,-0.027941711,-2.1998124,0
0.20358184,0.90075624,-0.8568239,-0.50083756,0.21370143,1.2978983,0.66404694,0.36179826,0.12425173,-2.2010689,0
0.031006593,0.7423154,-1.0118127,-0.521952,0.40764484,1.081825,0.70549184,0.18251957,0.23887716,-2.2863057,0
0.18219434,0.5105447,-0.835045,-0.6640181,0.57204694,1.2067313,0.55157995,-0.01645637,0.036599603,-2.3406494,0
0.20187372,0.47475404,-0.6712428,-0.8514996,0.7521011,1.3863498,0.7406906,-0.21332021,-0.16103294,-2.1096342,0
0.15508044,0.27475405,-0.7623919,-1.0514996,0.61274,1.1863497,0.9406906,-0.4133202,0.038967058,-1.9168208,0
0.18649843,0.4492758,-0.6985828,-0.98910165,0.81273997,0.98634976,0.7406906,-0.21332021,-0.16103294,-1.811799,0
0.21105863,0.28323257,-0.7446424,-0.9508153,0.89883095,0.7863498,0.73519707,-0.20606643,-0.36103296,-1.8070388,0
0.41105863,0.25719988,-0.7963709,-0.75081533,0.69883096,0.8535505,0.93519706,-0.39053005,-0.16103296,-1.9402325,0
0.50634897,0.05553903,-0.6910834,-0.9232076,0.71233314,0.95820963,1.1022356,-0.5733835,-0.35055006,-2.078089,0
0.6333052,-0.010689515,-0.44030032,-1.0070564,0.81798846,0.67980295,1.1675711,-0.69340765,-0.4936175,-2.0425112,0
0.727054,-0.19919468,-0.4503197,-0.76302487,0.9624489,0.80928177,1.292959,-0.5305114,-0.27759826,-2.0087879,0
0.7540785,-0.15726522,-0.4660466,-0.8847911,1.0680144,0.9272902,1.3716747,-0.30366147,-0.07129437,-1.8512894,0
0.8248031,-0.2191495,-0.5975179,-0.72827154,0.85757506,0.94113487,1.5527726,-0.10241476,-0.009741348,-1.8279518,0
0.5724005,-0.017543418,-0.7306296,-0.6835483,0.96887565,0.8954796,1.6057667,0.089400716,0.0054760794,-1.8286277,0
0.55327123,-0.15213314,-0.864657,-0.82091326,0.82040894,1.0178207,1.534379,-0.10275887,-0.18073407,-1.77275,0
0.6338401,0.044946168,-0.80350006,-0.89549434,0.5825534,0.76791966,1.6285523,0.09130776,-0.3575028,-1.8523786,0
0.43966094,-0.1511441,-0.9781965,-1.003649,0.43358377,0.74045336,1.5243375,-0.10595153,-0.28095254,-1.9156314,0
0.61201304,-0.33596668,-1.1272717,-1.151624,0.26545793,0.5170935,1.6498069,-0.14142488,-0.077453546,-1.6822218,0
0.70316327,-0.2773658,-1.2786624,-0.9902906,0.06534232,0.71582705,1.4472464,0.05847168,0.12233004,-1.7842065,0
0.61842185,-0.47109213,-1.3880086,-0.86139435,0.26185513,0.5090479,1.2308547,0.25507477,-0.076649204,-1.9527979,0
0.6523289,-0.62509316,-1.479161,-0.9886427,0.17129576,0.5422769,0.9601964,0.22911246,-0.25768673,-1.9115746,0
0.53432536,-0.41057295,-1.4184846,-1.1480414,-0.027723769,0.7169224,1.1205667,0.26879036,-0.055716284,-1.8357723,0
0.6169543,-0.19139299,-1.4710656,-1.2192487,-0.04384791,0.66548526,1.1068817,0.2228389,-0.23242448,-1.7772101,0
0.64608026,-0.11781626,-1.5930752,-1.09572,-0.2230008,0.6218521,0.86455655,0.076130554,-0.41224274,-1.8629496,0
0.6180167,-0.31781626,-1.3930751,-1.2957201,-0.023000792,0.8218521,1.0645566,0.27613056,-0.21224274,-1.6948805,0
0.76057446,-0.4814545,-1.4812073,-1.3906887,-0.20734137,0.94766784,0.83580387,0.07078456,-0.3832945,-1.506712,0
0.6212351,-0.2814545,-1.4561679,-1.506388,-0.00734137,0.74766785,0.7384413,0.27078456,-0.22658718,-1.5414467,0
0.4455779,-0.46865082,-1.2763206,-1.6849453,0.19265863,0.746741,0.59797704,0.38206816,-0.28828996,-1.4472097,0
0.50186205,-0.26865083,-1.0763205,-1.8436137,0.13377947,0.946741,0.39797705,0.31321546,-0.08828996,-1.4785352,0
0.41322264,-0.46865082,-0.87632054,-1.6436137,0.33377945,1.0562589,0.59797704,0.11321546,-0.28828996,-1.5642232,0
0.48653018,-0.30850545,-1.0763205,-1.7574128,0.13377945,0.8562589,0.39797705,0.059089947,-0.48828995,-1.7642232,0
0.2733432,-0.4851025,-1.1340936,-1.5285351,-0.063172884,1.0076467,0.43481869,-0.13442495,-0.64899385,-1.8492423,0
0.27236247,-0.4511633,-1.1872594,-1.3385916,-0.16467115,1.2076467,0.48518616,0.0034152418,-0.6076623,-1.8382694,0
0.18767448,-0.5625707,-0.96859586,-1.2758464,-0.19520716,1.3610048,0.27979487,0.19956979,-0.6925454,-1.8958265,0
0.33587858,-0.7581686,-1.0055038,-1.0696357,-0.39292574,1.1543026,0.47702515,0.3972632,-0.83519554,-1.8940638,0
0.53366154,-0.84324896,-0.8055038,-0.86963576,-0.3134388,1.3061117,0.493038,0.5972632,-0.63519555,-1.876686,0
0.7218845,-0.643249,-0.6364313,-0.75893766,-0.1134388,1.2883435,0.693038,0.51897264,-0.43519557,-2.076686,0
0.84949964,-0.81678134,-0.5547467,-0.54139394,-0.3036007,1.441628,0.7966609,0.4695142,-0.22781332,-1.9831519,0
0.6734231,-0.5823298,-0.33493164,-0.62017816,-0.45543307,1.5177926,0.94099045,0.25445998,-0.026259748,-2.0612078,0
0.776275,-0.7719162,-0.3956982,-0.518031,-0.65543306,1.5503408,0.74099046,0.054459974,0.17374025,-1.9303336,0
0.79666686,-0.9487661,-0.5822143,-0.6945455,-0.44512415,1.3197752,0.52874494,-0.14224567,0.2624055,-2.0821128,0
0.5966669,-0.9502434,-0.3822143,-0.5080388,-0.24512415,1.3835154,0.7287449,0.057754338,0.06240551,-2.0849695,0
0.6519436,-0.99018615,-0.17829315,-0.30141002,-0.044153098,1.496941,0.9087589,0.24797389,-0.13463354,-2.079332,0
0.45194364,-1.1173416,-0.031346127,-0.10141002,-0.2441531,1.4991204,1.0092117,0.047973886,0.06536646,-1.9549491,0
0.25268424,-1.188111,-0.20865117,0.08891835,-0.371651,1.5324374,1.0905886,-0.13711242,-0.032317195,-1.9435495,0
0.052591432,-1.2387894,-0.40793136,0.0009180425,-0.56004757,1.4759289,1.2883153,0.062776804,-0.2229235,-1.7580717,0
-0.14192171,-1.1062835,-0.41281965,-0.09829227,-0.34664583,1.6135473,1.1405444,0.25299567,-0.36880785,-1.8306686,0
0.008180276,-0.88806987,-0.49417904,0.0996637,-0.4167103,1.7771002,1.2620159,0.051930606,-0.55737644,-1.6490413,0
-0.09611754,-0.6829115,-0.35437196,0.024919594,-0.61208695,1.9622782,1.0731405,-0.14695935,-0.35469726,-1.6952782,0
0.03023766,-0.7152994,-0.54608226,0.060781114,-0.41208696,1.7622782,0.8731405,0.053040653,-0.5546973,-1.4965478,0
0.042542607,-0.51529944,-0.74608225,0.2607811,-0.21208696,1.5622782,0.8712214,-0.05930891,-0.3546973,-1.6771345,0
0.18273951,-0.46519455,-0.94608223,0.4607811,-0.012086958,1.7622782,0.73720443,-0.23447293,-0.19874905,-1.7222686,0
-0.017260492,-0.6651946,-0.8985966,0.6607811,-0.21208696,1.9622782,0.53720444,-0.034472927,-0.35715938,-1.6906272,0
-0.20031613,-0.4289136,-1.012916,0.7936479,-0.37994787,1.99364,0.31090555,-0.21618615,-0.51370597,-1.6105211,0
-0.24304977,-0.21410379,-0.9941992,0.66602063,-0.5424276,2.0517201,0.19665724,-0.28489867,-0.667532,-1.5472063,0
-0.17523754,-0.014103785,-1.1941992,0.60194194,-0.7424276,1.8517201,-0.0033427626,-0.37320134,-0.46753204,-1.568556,0
-0.073156975,0.17947766,-1.1191162,0.5460234,-0.89553523,1.9808792,0.18986714,-0.16722111,-0.25829482,-1.5985241,0
-0.08833126,-0.019929739,-1.2810255,0.7244813,-0.675451,2.0341973,0.03447207,-0.0699227,-0.0566115,-1.49078,0
0.10815503,-0.20997891,-1.1193885,0.87670344,-0.57361877,2.1638973,-0.037872996,-0.26142943,-0.058759633,-1.3556728,0
0.24245808,-0.0097729275,-1.2268322,0.6627354,-0.75765026,1.9659525,-0.232963,-0.4519049,-0.2534185,-1.4950151,0
0.2629446,-0.038582146,-1.0268321,0.4627354,-0.8515585,1.952779,-0.24978414,-0.6519049,-0.21290031,-1.4841182,0
0.4112812,0.16141786,-1.2268322,0.3570864,-0.7926877,1.752779,-0.04978414,-0.85190487,-0.41290033,-1.2860757,0
0.5914552,0.0025525242,-1.2927623,0.15708639,-0.9926877,1.6567417,-0.07429495,-1.0519049,-0.21290033,-1.0860757,0
0.51083976,0.10471693,-1.1708072,0.2506807,-0.92215025,1.8567418,-0.04275387,-1.251905,-0.012900323,-1.0352715,0
0.5554686,0.14796422,-1.2610286,0.04702023,-1.0411016,1.771697,-0.22522067,-1.2083304,0.17358616,-1.1460525,0
0.73237956,0.2936141,-1.416376,0.09283078,-1.2031704,1.523662,-0.41222486,-0.97751325,-0.025606569,-1.2113587,0
0.6447881,0.23651913,-1.4529234,-0.09633196,-1.2612778,1.4890004,-0.19076405,-1.0059788,0.10959873,-1.2408465,0
0.5307995,0.40778387,-1.5441145,0.024463173,-1.3650845,1.5778166,0.008627962,-0.80808663,-0.08445032,-1.0741994,0
0.32566953,0.20456158,-1.430502,0.043618437,-1.5408134,1.3564496,-0.13517223,-0.9924534,0.11375775,-1.2544394,0
0.117106445,0.13574797,-1.146656,0.04323605,-1.6045713,1.4503937,0.06041043,-1.1112,0.2923784,-1.284126,0
0.30394077,0.1350428,-1.2907454,0.23313732,-1.346256,1.5818723,-0.13379407,-1.1261041,0.35370126,-1.2013186,0
0.10394077,0.3350428,-1.4116855,0.03313732,-1.146256,1.3818723,-0.002101183,-1.1068057,0.15370126,-1.3883517,0
0.24183255,0.5071405,-1.1484964,0.004851408,-1.0944535,1.4993782,0.077723816,-1.2386562,0.33525583,-1.5055196,0
0.16454224,0.5387306,-1.0337901,0.19537245,-1.1569345,1.3205076,0.26951343,-1.396125,0.519432,-1.483898,0
-0.03369952,0.40905035,-0.79244506,0.32623482,-1.2896484,1.0649451,0.06606647,-1.5055481,0.6837576,-1.6003988,0
-0.012571959,0.27777994,-0.99244505,0.37257853,-1.4896485,0.8649451,-0.13393353,-1.3055481,0.48375762,-1.6511433,0
0.1394689,0.33292302,-0.75107116,0.53366745,-1.364249,0.9925739,-0.3112402,-1.4032346,0.6036183,-1.656542,0
0.30666223,0.12204784,-0.50598496,0.30636826,-1.436269,1.0950028,-0.46941277,-1.4720651,0.534122,-1.6145179,0
0.35258448,-0.012687212,-0.6732708,0.101439334,-1.375104,1.2349945,-0.45878115,-1.3259797,0.31863934,-1.7104342,0
0.28392377,0.07770614,-0.7344285,-0.0982184,-1.5376098,1.2273273,-0.25788248,-1.2506912,0.51683825,-1.6111759,0
0.26790172,0.2639067,-0.6511616,0.096723996,-1.6512666,1.3401101,-0.055006243,-1.0880502,0.3010943,-1.6202164,0
0.16975197,0.33132604,-0.8511616,0.296724,-1.4512665,1.5401101,0.050266936,-0.88805026,0.5010943,-1.5274681,0
0.11583176,0.33792004,-0.6456244,0.4925001,-1.2406262,1.7253131,0.24813879,-0.89191806,0.29853392,-1.6585937,0
-0.034219194,0.13541277,-0.69018525,0.679911,-1.4144368,1.4975841,0.43999198,-0.9479109,0.096742645,-1.6422484,0
0.15423724,0.31205747,-0.57192415,0.8186414,-1.1298736,1.5793787,0.59542835,-0.86142975,0.27607998,-1.7139698,0
0.2956,0.11205746,-0.40029263,0.6500471,-0.92987365,1.7529331,0.44418615,-0.66142976,0.07607998,-1.7476099,0
0.18742885,0.306029,-0.32241812,0.8336255,-0.71577364,1.6510266,0.63174146,-0.84478825,0.27074653,-1.9099851,0
-0.011380624,0.45810628,-0.4729433,0.93573755,-0.82904667,1.3136092,0.7529726,-0.94584316,0.42616516,-1.9064726,0
0.17056306,0.5951065,-0.6085232,0.8322375,-0.93053716,1.3687131,0.5000372,-1.0361528,0.5539724,-1.7843839,0
0.1762563,0.6014424,-0.43846744,0.82011855,-1.03241,1.236442,0.5826301,-1.11414,0.5320305,-1.8121456,0
-0.022571176,0.5488545,-0.29813877,0.8742794,-0.7913034,1.1909689,0.7215146,-1.2492443,0.6958809,-1.7986064,0
0.0890717,0.4295574,-0.098138765,1.0742794,-0.7531147,0.9909689,0.5215146,-1.2892139,0.6262019,-1.7385316,0
-0.110928304,0.62955743,0.10186124,1.2742795,-0.5531147,0.7909689,0.7215146,-1.236434,0.8262019,-1.7389433,0
-0.2842146,0.7582851,0.1982853,1.3476152,-0.57173604,0.7305602,0.84234166,-0.94738764,0.9380348,-1.772357,0
-0.31700692,0.8081707,-0.0015848844,1.4304439,-0.34359157,0.490391,0.96342504,-1.0605178,0.68215746,-1.823028,0
-0.34218293,0.634861,-0.020813318,1.2304438,-0.3055708,0.690391,1.1634251,-0.864096,0.48215747,-1.994628,0
-0.18671955,0.73334587,-0.13371867,1.1298147,-0.45721272,0.67568135,1.2330128,-0.95943904,0.2957498,-1.9847107,0
-0.23290628,0.8736501,-0.31237438,1.0727292,-0.24076167,0.8196737,0.9677556,-1.0852827,0.41685563,-1.9789327,0
-0.15607856,0.63549566,-0.102400884,1.1597716,-0.22944175,0.8914202,1.0641145,-1.1712108,0.24384299,-1.9507492,0
-0.33553502,0.41037026,-0.1804233,1.2813212,-0.40466562,0.9672226,0.81426036,-1.1589818,0.418236,-1.9401602,0
-0.48438075,0.43826643,-0.32965747,1.3385965,-0.546908,1.0557295,0.892832,-1.046356,0.4544563,-1.777799,0
-0.36904934,0.60520804,-0.45631033,1.4396527,-0.6139912,0.8353052,0.6762957,-1.1653844,0.24838299,-1.806874,0
-0.38686034,0.7543681,-0.5219077,1.2122267,-0.7625967,0.81260496,0.8209674,-0.95501125,0.4200726,-1.8801624,0
-0.17255554,0.65607727,-0.30671865,1.195037,-0.7283448,0.93508655,0.86248446,-1.0665911,0.20322527,-1.9209187,0
-0.1712566,0.85607725,-0.4303081,0.995037,-0.5283448,1.1350865,0.66248447,-1.0106169,0.40322527,-1.8393528,0
-0.3712566,1.0560772,-0.2303081,0.79503703,-0.32834482,0.93508655,0.46248448,-0.8106169,0.53307885,-1.6393528,0
-0.36529028,1.2560773,-0.29766357,0.59503704,-0.5283448,0.73508656,0.62961465,-0.96986586,0.73307884,-1.8131554,0
-0.45450354,1.0560772,-0.17015874,0.6671639,-0.7137674,0.5350866,0.7413534,-0.7698659,0.92103356,-1.9884902,0
-0.48703375,1.0857154,-0.20852019,0.46716392,-0.55507207,0.5746007,0.7072253,-0.5698659,0.9984435,-1.868427,0
-0.616575,1.2038617,-0.4085202,0.58097625,-0.3595352,0.76538837,0.50722533,-0.5090556,1.1984435,-1.7979959,0
-0.416575,1.3646272,-0.4713445,0.56468606,-0.5595352,0.8498401,0.7072253,-0.30905563,1.1942033,-1.7582481,0
-0.616575,1.1646272,-0.5317381,0.503124,-0.7595352,1.0498401,0.50722533,-0.10905562,0.99420327,-1.6371946,0
-0.43580645,1.2035068,-0.3317381,0.703124,-0.9595352,1.2498401,0.6314073,-0.03282921,1.1942033,-1.533466,0
-0.46596304,1.3873267,-0.45439702,0.60546666,-0.802472,1.3819759,0.42643392,-0.23014507,0.9827417,-1.5908247,0
-0.6582479,1.1735715,-0.454186,0.7961353,-0.59549236,1.3186011,0.3504394,-0.029795833,1.1389123,-1.6838009,0
-0.8361614,0.9735715,-0.56238914,0.6752698,-0.39549237,1.1889671,0.5504394,-0.13190839,0.93891233,-1.4838009,0
-0.8610678,1.1735715,-0.41622564,0.4752698,-0.472973,1.3889672,0.35043943,-0.3319084,0.73891234,-1.4607724,0
-0.6846814,1.3381627,-0.5448254,0.65786225,-0.6556246,1.4599794,0.5362498,-0.5181965,0.52501994,-1.61796,0
-0.5406335,1.4835193,-0.7183654,0.8273866,-0.43943852,1.3651122,0.32430452,-0.6926825,0.43621314,-1.5730115,0
-0.36789387,1.2546563,-0.8197078,0.9847271,-0.54252,1.1389118,0.2871906,-0.76446813,0.6219064,-1.7331413,0
-0.31372806,1.3688653,-0.930406,0.845363,-0.4532407,1.2599471,0.44963032,-0.55695474,0.39702368,-1.7276,0
-0.5072609,1.1688652,-0.94400966,0.8502312,-0.6532407,1.059947,0.6496303,-0.35695475,0.19702367,-1.7747813,0
-0.30980682,0.9162277,-1.0388227,0.61490476,-0.80688494,1.1914953,0.8034707,-0.5266959,0.35504273,-1.8674934,0
-0.2610563,1.1029435,-0.84407765,0.45382833,-0.907845,0.9796955,0.99152833,-0.3228079,0.15319756,-1.9753858,0
-0.15534315,1.1625359,-0.64407766,0.27150518,-0.96905065,0.7796955,0.79152834,-0.20833668,-0.046802446,-1.9411956,0
-0.10254704,0.9625359,-0.5104923,0.47150517,-1.1557413,0.69250965,0.99152833,-0.2561661,-0.24680245,-1.9778116,0
-0.0747936,0.7522829,-0.46047458,0.46356064,-1.3375121,0.88050896,1.1755071,-0.055410888,-0.04617314,-2.012535,0
0.0031248033,0.69189787,-0.4719373,0.6379241,-1.1375121,0.680509,0.9755071,-0.25541088,-0.24617314,-2.1025894,0
-0.1968752,0.6485548,-0.2719373,0.4379241,-1.1827393,0.4998582,0.7755071,-0.055410877,-0.44617313,-2.214241,0
-0.29401276,0.7406602,-0.17681193,0.29221517,-1.2507751,0.43372858,0.5755071,-0.25541088,-0.6461731,-2.1852243,0
-0.09036624,0.521169,-0.36219633,0.47312337,-1.3945032,0.5086195,0.74542713,-0.053261627,-0.5889359,-2.2927074,0
0.06797237,0.30931887,-0.358222,0.5250994,-1.4959693,0.2972324,0.91054374,-0.24391705,-0.3745854,-2.2672625,0
0.18025926,0.38959804,-0.3319111,0.3250994,-1.2959692,0.2203492,1.1105437,-0.44391704,-0.43933377,-2.264057,0
0.3530806,0.31522492,-0.17397836,0.11711974,-1.4005464,0.019051183,0.85246325,-0.6028437,-0.5985528,-2.306883,0
0.3242448,0.4824753,-0.19971669,-0.07761209,-1.1242352,-0.16944703,0.98556477,-0.5311265,-0.7477938,-2.3475363,0
0.14319618,0.62336266,-0.17471744,0.111787274,-0.84418243,-0.2298993,1.0828769,-0.6677999,-0.86570054,-2.3268814,0
0.035247743,0.6551234,-0.35543552,-0.0839676,-0.6131819,-0.02846043,1.0578897,-0.4452876,-1.0144149,-2.3901749,0
-0.14940925,0.44530213,-0.15208131,-0.21548302,-0.4042657,0.16783786,1.2307453,-0.23999442,-0.9094249,-2.4736285,0
-0.009280763,0.3174889,0.045923397,-0.014838321,-0.19576024,0.35252136,0.9878259,-0.42167342,-1.0075707,-2.5623007,0
-0.12775956,0.47718033,0.03942279,0.17589174,0.0040275077,0.40643084,0.7773131,-0.21057555,-1.012078,-2.624009,0
-0.067963175,0.33111918,-0.15135857,0.35431203,-0.18472184,0.5116775,0.9212062,-0.009968412,-0.7654572,-2.6470199,0
0.123455524,0.44442523,-0.23086579,0.3291979,0.014285206,0.29142106,0.7973883,0.05963519,-0.90271044,-2.661987,0
0.109035574,0.24760446,-0.12506011,0.441968,0.20540471,0.4710554,0.5726311,0.24887528,-1.0570115,-2.635266,0
0.02044445,0.04558172,-0.31124815,0.604925,0.005175062,0.6425419,0.54311967,0.07586539,-1.2036005,-2.524365,0
0.20451927,-0.14326292,-0.47431496,0.68514395,-0.18075053,0.7816756,0.6894358,-0.11516698,-1.128777,-2.4159553,0
0.24171974,0.053124,-0.54880327,0.7842925,0.007376995,0.75290996,0.8327955,0.07943077,-0.86963147,-2.4493685,0
0.041719735,-0.025086615,-0.45893452,0.58429253,0.11554515,0.7153289,0.9577144,-0.034103826,-1.0696315,-2.3687024,0
0.04706616,-0.113200486,-0.27191955,0.7842925,-0.08445485,0.79739046,0.7577144,-0.13086754,-1.2696315,-2.2594056,0
0.09225781,-0.184057,-0.40953022,0.73465073,-0.013632864,0.5973905,0.59674597,-0.33086753,-1.4696316,-2.2302346,0
-0.070015974,-0.37626663,-0.59716624,0.73236656,-0.024288788,0.60939187,0.58009076,-0.12821296,-1.6357641,-2.135401,0
-0.24306576,-0.5187496,-0.5812952,0.8176734,0.07988532,0.72860664,0.50943446,-0.042253237,-1.652537,-2.033688,0
-0.22847144,-0.48487747,-0.6272485,1.0011126,0.07571148,0.90012634,0.6978897,-0.23831101,-1.4494792,-1.9637301,0
-0.21747756,-0.6468313,-0.74669445,1.1343887,-0.117384076,1.0114791,0.47023106,-0.03618276,-1.1800684,-2.009494,0
-0.044280354,-0.8307898,-0.53633845,0.9166886,-0.31137186,1.1623707,0.2651121,0.16071406,-0.9714769,-2.166082,0
-0.06235115,-0.8022777,-0.63706934,1.0063809,-0.11137186,0.9623707,0.1882214,0.36071408,-0.7714769,-2.1706314,0
-0.26235116,-0.6022777,-0.5907054,1.206381,-0.039844334,1.1623707,0.33002383,0.53452307,-0.57147694,-2.0094345,0
-0.44105658,-0.464882,-0.6356274,1.3416072,-0.22879781,0.9180467,0.1240353,0.7006931,-0.7359449,-2.1076744,0
-0.24105658,-0.31813174,-0.5915528,1.5416073,-0.11961067,0.7180467,0.3240353,0.66791075,-0.53594494,-2.1705942,0
-0.23920506,-0.34537187,-0.5447946,1.7081537,-0.31961066,0.51804674,0.48770106,0.5205729,-0.33594495,-2.0736623,0
-0.17576796,-0.2715541,-0.67607373,1.7320918,-0.47166708,0.65179384,0.45815355,0.29099423,-0.48649424,-2.0638754,0
-0.21786557,-0.39647385,-0.47269136,1.5212066,-0.6668951,0.44858396,0.6534775,0.32028556,-0.68161684,-2.1488702,0
-0.27737468,-0.4444972,-0.35300362,1.4545522,-0.7822977,0.5852908,0.42927706,0.4695126,-0.7955828,-2.1196518,0
-0.11437934,-0.39014828,-0.50672585,1.1950012,-0.90009475,0.5811264,0.5766164,0.6134849,-0.8805004,-2.1255333,0
-0.08919544,-0.19675824,-0.48408982,1.2550243,-0.70009476,0.5790364,0.37724537,0.45255485,-0.6805004,-2.213515,0
0.10755635,0.0031467308,-0.27576175,1.0322999,-0.87370867,0.69558364,0.56032354,0.25794426,-0.85468864,-2.3427634,0
-0.058717422,-0.19581927,-0.09116124,0.9983669,-0.96331626,0.49298054,0.35843092,0.45553887,-1.0491488,-2.3120232,0
-0.2548461,-0.38989642,-0.09178482,1.1804351,-1.0445279,0.68261105,0.2809467,0.27535844,-1.0073887,-2.1574526,0
-0.3602268,-0.22166151,0.10821518,0.9804351,-1.1234379,0.67099917,0.21777047,0.075358436,-0.8073887,-2.2865655,0
-0.4093023,-0.40339744,-0.0689125,0.7466309,-0.9627623,0.8332723,0.01700075,0.053858157,-0.9637542,-2.3567498,0
-0.31509024,-0.19557585,-0.25857154,0.9102285,-0.7334305,0.8252888,-0.15513866,0.11319184,-1.0869668,-2.35153,0
-0.22831415,-0.2344469,-0.057151046,0.6930039,-0.7188697,0.9008211,-0.33906183,0.13711217,-0.86545587,-2.48965,0
-0.16780284,-0.08802244,-0.06067356,0.5640463,-0.7730759,1.0867413,-0.13728319,0.18849735,-0.97901845,-2.4188337,0
-0.12428274,-0.042180415,0.11225667,0.3551519,-0.5590744,1.2553035,0.061184503,0.37900552,-0.8137326,-2.479141,0
0.07091209,0.108468674,0.29244024,0.5199208,-0.386653,1.3629471,-0.017257879,0.5422607,-0.9493992,-2.329064,0
0.0083611375,-0.08835952,0.09934123,0.3088347,-0.34030887,1.5087868,0.064425215,0.6795073,-1.055759,-2.2167814,0
0.058242153,0.03409081,-0.011448257,0.1060832,-0.13676167,1.4865198,-0.13214727,0.8572721,-0.83412415,-2.3037953,0
0.21497399,-0.1659092,0.10627046,0.073817655,0.06323834,1.2865198,-0.050171055,0.90886706,-0.63412416,-2.2735648,0
0.11343879,0.034090802,0.19464517,-0.12618235,0.19616306,1.419087,0.036690876,0.7088671,-0.43412417,-2.3226392,0
-0.045904793,0.11332983,0.39464515,0.073817655,-0.0038369447,1.3858602,0.23669088,0.77109534,-0.23412417,-2.4636283,0
-0.09357471,-0.080943376,0.55535346,0.24909203,0.18320143,1.4810733,0.40783617,0.53335977,-0.40543908,-2.4024787,0
0.1023757,-0.12186133,0.6534648,0.31191042,-0.016159369,1.2323271,0.57318425,0.40079394,-0.41836166,-2.5034518,0
-0.08971528,-0.020439344,0.7708193,0.4704381,0.13413367,1.0523479,0.7105448,0.5521207,-0.56826514,-2.4326928,0
-0.015531273,-0.21262716,0.5505899,0.61536056,0.31590554,0.93575525,0.8782758,0.3396418,-0.74103844,-2.4210396,0
0.011617149,-0.37130478,0.53251356,0.68365383,0.10694429,0.9097492,0.9949088,0.3332311,-0.5678468,-2.4183936,0
-0.093829304,-0.51686347,0.56958365,0.43756506,-0.084188156,0.8641466,1.0810425,0.4376131,-0.6946764,-2.3688793,0
0.08116556,-0.53713775,0.4435491,0.3650865,0.07551881,0.9565953,1.268886,0.23535822,-0.88618624,-2.2368062,0
0.28116557,-0.42022938,0.45631367,0.5118835,0.0027055666,1.1565953,1.0688859,0.30325967,-0.68618625,-2.2371237,0
0.07950013,-0.5031143,0.41952488,0.69727635,0.19854625,1.0165735,0.9042642,0.10114088,-0.8680026,-2.328984,0
0.25096014,-0.6313187,0.3061332,0.8056547,0.23771396,0.9655812,0.9915069,0.20489599,-0.87630934,-2.2391555,0
0.3942731,-0.74052894,0.16825482,0.5717108,0.18608217,1.1002563,1.1247289,0.3822036,-1.0159876,-2.0621557,0
0.38924927,-0.7252477,0.0881717,0.72008926,-0.012986836,1.0176784,1.2361147,0.54325867,-1.1346474,-1.9104517,0
0.1867697,-0.51836586,-0.11036312,0.7048391,0.045834556,1.1730729,1.0225394,0.49598452,-1.0860895,-2.0828004,0
0.2821679,-0.6830544,-0.088624455,0.5995391,0.2337505,1.2477216,0.92294014,0.2814353,-1.1567763,-2.0508323,0
0.24628094,-0.8830544,-0.28862447,0.3995391,0.033750504,1.4477216,0.72294015,0.08143531,-0.9567763,-1.9561502,0
0.28434414,-0.93989116,-0.15976214,0.3644483,0.232257,1.6208675,0.5195989,-0.11780714,-1.1105177,-1.9181085,0
0.31199872,-0.89318407,-0.35976213,0.5644483,0.432257,1.4788193,0.40488386,-0.31780714,-1.3105178,-1.7527353,0
0.3136047,-0.82102334,-0.55203414,0.35941678,0.3106703,1.6556418,0.5965329,-0.14559971,-1.0951861,-1.8383423,0
0.32178664,-0.91769737,-0.327944,0.52113515,0.111923486,1.6539685,0.36939764,0.050677616,-1.2065549,-1.8254371,0
0.4804585,-1.1176974,-0.18781878,0.32113516,0.25523943,1.6490164,0.44246888,-0.14932239,-1.0065548,-1.7845107,0
0.5577002,-1.2045627,-0.33180144,0.20831935,0.1770437,1.6902637,0.5148388,-0.04341283,-1.1029626,-1.6470286,0
0.72059214,-0.9553645,-0.22569579,0.38832206,-0.021832021,1.793484,0.2994197,0.14891838,-1.2092183,-1.6047411,0
0.6023998,-1.0930704,-0.40274343,0.3206093,0.16856165,1.5291289,0.09405926,0.33010563,-1.333237,-1.7074344,0
0.51727027,-0.88518816,-0.34455135,0.1195448,-0.031160876,1.3350672,0.2914639,0.3534616,-1.5197047,-1.8743274,0
0.4974817,-0.8337473,-0.5238701,0.23446603,-0.089123696,1.1350671,0.32102638,0.17700623,-1.3197047,-1.9729025,0
0.6242883,-0.63374734,-0.7238701,0.03446603,-0.2891237,1.3350672,0.12714799,0.1440397,-1.1324185,-1.9595381,0
0.8242883,-0.60757315,-0.5238701,-0.16553397,-0.27279535,1.5350672,0.327148,0.34098095,-0.9324185,-1.8251159,0
0.8923652,-0.40757316,-0.7066164,0.03446603,-0.42950726,1.514204,0.12714799,0.14098094,-1.1324185,-1.6251159,0
0.87858236,-0.3727703,-0.5066164,-0.038335398,-0.62950724,1.7142041,0.327148,0.09758873,-1.3324186,-1.4963844,0
0.6785824,-0.49067676,-0.30661643,0.061874695,-0.8166857,1.514204,0.527148,0.25167477,-1.3820561,-1.6963844,0
0.6985359,-0.65132064,-0.34910032,-0.13025466,-0.958753,1.6165254,0.6857137,0.39863148,-1.1147002,-1.5952941,0
0.6792655,-0.46351695,-0.28681713,0.06974535,-1.158753,1.8165255,0.48571372,0.3383097,-0.9147002,-1.3952941,0
0.76909524,-0.63002187,-0.46224207,-0.08241586,-0.9647679,1.9147291,0.54120934,0.17920384,-0.7580339,-1.5147619,0
0.5445011,-0.7941514,-0.25090897,-0.27021092,-0.7317175,1.9963094,0.43983507,-0.019897433,-0.7284273,-1.6406565,0
0.6087008,-0.9049043,-0.4104299,-0.42799905,-0.4839841,1.9991419,0.21830456,0.16393438,-0.8450804,-1.5618883,0
0.69649804,-0.7049043,-0.6104299,-0.22799905,-0.28398412,1.7991419,0.41830456,-0.036065623,-0.6450804,-1.7618884,0
0.64055365,-0.5699825,-0.8104299,-0.22227828,-0.33075553,1.5991418,0.234028,-0.23606563,-0.8450804,-1.5618883,0
0.84055364,-0.36998254,-0.9222549,-0.022278279,-0.13075553,1.7991419,0.434028,-0.036065623,-0.6450804,-1.5791816,0
0.83431077,-0.5595299,-0.7717585,-0.09271798,-0.16595718,1.6566489,0.634028,-0.06399293,-0.4450804,-1.5548402,0
0.84765416,-0.6703086,-0.86542135,-0.292718,-0.17327638,1.8566489,0.834028,-0.18453103,-0.6450804,-1.3548402,0
0.6733712,-0.8703086,-1.0073838,-0.49271798,-0.14860018,1.6566489,1.034028,-0.29914665,-0.8226083,-1.2924002,0
0.52776825,-0.78665054,-1.1213835,-0.51119775,-0.34860018,1.8566489,0.84314305,-0.09914665,-0.6767025,-1.1588194,0
0.72776824,-0.9866505,-1.3213836,-0.31119776,-0.14860018,1.8704311,0.64314306,-0.020949513,-0.8767025,-0.95881945,0
0.7910665,-0.78665054,-1.1213835,-0.111197755,0.027707785,2.070431,0.56900126,0.17905049,-0.6767025,-1.0506691,0
0.9910665,-0.58665055,-0.92138356,0.08880225,0.22770779,2.0908191,0.7157315,0.3790505,-0.4767025,-1.1046815,0
0.8418428,-0.68216586,-0.9321104,-0.023323996,0.026004048,2.149958,0.85942364,0.16804077,-0.25968823,-1.2244574,0
0.7005333,-0.88216585,-1.1273181,-0.10425508,-0.17399596,2.0180185,0.65942365,0.36804077,-0.45968825,-1.1543117,0
0.7093132,-0.80491453,-1.1097583,-0.13370891,-0.33314848,1.9757686,0.7655582,0.5059999,-0.5876377,-1.1821437,0
0.8487453,-0.9710536,-0.87910366,-0.32246447,-0.1528225,2.1024554,0.5465015,0.48741755,-0.76109797,-0.94905,0
0.8069593,-0.7798272,-0.86015975,-0.14139658,0.04717751,1.9432306,0.34650153,0.28741753,-0.96109796,-0.93292874,0
0.93929327,-0.6924266,-1.0601598,0.05860342,0.092128,2.1432307,0.14650153,0.11357483,-0.76109797,-0.95495135,0
0.9755145,-0.8179851,-1.0454823,-0.13355802,0.17380327,2.0722365,-0.0505327,-0.07510916,-0.9078179,-1.0543724,0
1.0808127,-0.8771564,-1.0965248,-0.30668592,0.30814928,1.9788467,-0.12678257,-0.018744495,-0.8008717,-1.0475718,0
1.009294,-0.9497779,-1.041807,-0.19100855,0.39565808,2.066346,0.070078276,0.17348428,-0.57510966,-1.0794961,0
1.2092941,-0.7497779,-0.91662157,-0.3431288,0.19565807,1.8663459,0.27007827,-0.026515722,-0.43496972,-1.2794962,0
1.0938811,-0.6548103,-0.74232435,-0.1431288,0.2895649,1.8571953,0.16509464,-0.22651573,-0.6349697,-1.4291381,0
1.2938812,-0.8548103,-0.78082323,0.04534048,0.089564905,1.6571952,-0.03490536,-0.026515722,-0.8349697,-1.3077435,0
1.2998209,-1.0548103,-0.65899724,-0.15465952,0.2895649,1.4571952,0.16509464,0.17348428,-0.6349697,-1.3412741,0
1.2156831,-1.0920345,-0.83052915,0.043837845,0.47334018,1.602274,0.35299504,-0.025636964,-0.70752996,-1.4901947,0
1.3107507,-1.1385566,-0.7595984,-0.1017536,0.58162844,1.6835104,0.14291319,-0.046882775,-0.4740855,-1.4065562,0
1.102759,-1.0386204,-0.5741531,-0.072572686,0.75618094,1.822189,0.331749,0.14813219,-0.2651621,-1.508568,0
0.9214338,-1.2143399,-0.36681867,-0.11497696,0.61622715,1.9825481,0.5213252,0.032808755,-0.45604357,-1.3181413,0
0.83951366,-1.1502715,-0.22411071,0.078312844,0.75180876,2.0102966,0.66439664,0.111320324,-0.27158892,-1.3347849,0
0.9532779,-1.0636561,-0.2078545,-0.111592256,0.5060319,2.026935,0.79268813,-0.081323005,-0.4324669,-1.3106147,0
0.8732008,-1.2636561,-0.18612947,-0.25773802,0.70603186,1.826935,0.6935989,-0.045198534,-0.23246689,-1.4487904,0
0.82151145,-1.3407831,-0.24672717,-0.053847715,0.5107363,1.8903631,0.46034095,-0.1956838,-0.40332788,-1.4887717,0
0.6047302,-1.4904423,-0.16549353,0.14137715,0.6875149,1.635135,0.251835,-0.38275594,-0.5836158,-1.6335957,0
0.7291865,-1.6879267,-0.3649496,0.13603424,0.5475007,1.4329993,0.09605738,-0.5818887,-0.38304493,-1.6185515,0
0.7563367,-1.4879266,-0.56494963,0.33603424,0.67093337,1.4990923,-0.103942625,-0.3818887,-0.28670505,-1.5833356,0
0.73307645,-1.509297,-0.6839967,0.4793069,0.66172665,1.5179193,-0.27177703,-0.34988663,-0.07752924,-1.5946091,0
0.75447696,-1.6364919,-0.81392854,0.2674102,0.7250933,1.2617843,-0.45168233,-0.43897066,0.117254294,-1.5780846,0
0.5247948,-1.6338607,-0.9596512,0.0638016,0.8755714,1.004945,-0.25591102,-0.6047654,0.30027112,-1.6829007,0
0.31468678,-1.7767885,-0.881862,0.25559175,0.65454674,0.77989405,-0.08680829,-0.77972,0.48470202,-1.7360548,0
0.22123466,-1.8393706,-1.0561475,0.4447629,0.6949479,0.5661107,0.11050129,-0.5659408,0.6684275,-1.6345586,0
0.19331987,-1.9931742,-1.00529,0.23921844,0.48373622,0.35781744,-0.087471366,-0.3576514,0.4578166,-1.7930017,0
-0.0063018748,-2.0689876,-1.1370417,0.30277926,0.26766995,0.5262316,-0.27119356,-0.14872454,0.62056834,-1.5828377,0
0.047488373,-1.8689876,-0.9370417,0.50277925,0.09208301,0.7262316,-0.47119355,0.051275462,0.8205683,-1.6821225,0
-0.13755526,-1.8660882,-1.0255353,0.40036437,-0.09733389,0.8353988,-0.6053716,-0.13413957,0.55971104,-1.6975483,0
-0.3118747,-1.7074189,-0.8315343,0.20036437,-0.10165835,0.9145095,-0.4053716,0.065860435,0.35971105,-1.8238263,0
-0.27771813,-1.813044,-0.71221805,0.40036437,0.09834165,0.7145095,-0.4743848,-0.13413957,0.55971104,-1.8247334,0
-0.10464437,-1.6643499,-0.5277809,0.557772,-0.10165835,0.9145095,-0.5491427,0.065860435,0.5566812,-1.9261259,0
-0.07954289,-1.59314,-0.7277809,0.66133285,0.04213751,0.8090913,-0.7491427,0.26586044,0.35668123,-1.9714051,0
-0.26143742,-1.6770016,-0.86769015,0.43145317,0.0038456607,0.5696416,-0.79369545,0.061594773,0.52062595,-1.9877056,0
-0.3836505,-1.5664746,-0.97092277,0.57422304,-0.13333134,0.517522,-0.90363437,-0.092888504,0.65531385,-1.8937584,0
-0.4080949,-1.6356275,-0.89917797,0.34650344,-0.09130901,0.66437334,-1.0218854,-0.25946924,0.42158765,-1.8683031,0
-0.20809491,-1.4356275,-0.699178,0.14650343,-0.291309,0.8643733,-0.8218854,-0.059469238,0.22158764,-1.9269401,0
-0.25855428,-1.2356274,-0.6789851,0.34650344,-0.091308996,1.0643734,-1.0218854,0.079613104,0.02158764,-2.091818,0
-0.16089226,-1.3873715,-0.63926345,0.141579,-0.2815172,1.021153,-1.1808141,-0.116340324,-0.17241538,-2.0151975,0
-0.16934298,-1.4572846,-0.7229044,0.3135862,-0.14858617,1.121078,-0.90043527,-0.02504962,0.025324034,-2.0336595,0
-0.34060028,-1.1995587,-0.880531,0.108371116,-0.12002057,1.2116032,-0.8902003,0.16691789,0.21497872,-2.0758252,0
-0.21011658,-1.1632642,-0.6697535,0.10802772,-0.3149524,1.33365,-0.9074048,-0.03255819,0.40840673,-2.0672135,0
-0.267638,-0.96326417,-0.7395265,0.3080277,-0.5149524,1.13365,-1.1074048,-0.23255819,0.20840673,-2.0307615,0
-0.44878808,-1.1163744,-0.8714506,0.48754972,-0.30225706,0.9394653,-0.9657727,-0.031245805,0.2536028,-2.1408422,0
-0.35659185,-0.9163744,-0.7774052,0.3400637,-0.10225706,0.7394653,-0.8356053,0.16875419,0.4536028,-2.1728897,0
-0.5212525,-0.8691772,-0.9153474,0.5057737,0.091537006,0.87981635,-0.9698522,0.31491098,0.61210394,-2.1638505,0
-0.32125252,-0.66917723,-1.1153474,0.30577374,-0.028854378,0.67981637,-0.7698522,0.30628285,0.41210395,-2.1742811,0
-0.49230564,-0.8372328,-1.0201992,0.4871853,0.1648556,0.7853452,-0.93420774,0.10237669,0.2043086,-2.2824569,0
-0.515601,-1.0372329,-0.99350035,0.32365513,0.23653585,0.8866018,-0.9850767,0.3023767,0.0043085963,-2.1026444,0
-0.2994698,-1.1739948,-0.7529425,0.45308113,0.120239235,0.75840443,-1.1245043,0.4766989,-0.1856891,-2.1549902,0
-0.4597674,-1.2647772,-0.50898963,0.6011683,0.2947837,0.8822217,-1.0468456,0.25470433,-0.355031,-2.1015375,0
-0.56276476,-1.0647771,-0.5429373,0.4011683,0.46335453,0.6822217,-0.84684557,0.33947295,-0.3464015,-2.3015375,0
-0.45914415,-1.1513512,-0.35840315,0.19657955,0.27190968,0.7410613,-0.63209075,0.5271673,-0.14306203,-2.4444764,0
-0.5729406,-1.3390487,-0.5533195,0.015665697,0.07125502,0.6961067,-0.59338874,0.32418883,-0.16397956,-2.3661234,0
-0.68025285,-1.5075943,-0.376639,0.21125801,0.26571122,0.48596746,-0.38534883,0.1216507,-0.13812521,-2.364062,0
-0.55955434,-1.5437436,-0.43869737,0.010913419,0.063699916,0.5017977,-0.2735402,0.30029434,-0.32777584,-2.3628128,0
-0.7394835,-1.3082358,-0.2323899,-0.15661,0.25673178,0.48656294,-0.07159693,0.3382533,-0.124399416,-2.4950917,0
-0.5232376,-1.1380967,-0.38320115,0.042083368,0.44297785,0.49271244,-0.2634181,0.27536622,0.073323965,-2.5870366,0
-0.51501036,-1.2902874,-0.56236374,0.23343387,0.6200046,0.6679622,-0.22912374,0.072673425,0.26355824,-2.3961127,0
-0.2926138,-1.3843311,-0.68083173,0.031056792,0.39014316,0.8062519,-0.22193031,-0.11827392,0.43060023,-2.3414946,0
-0.4926138,-1.2909962,-0.8808317,-0.16139169,0.29579565,0.75297433,-0.115440235,0.08172608,0.48306265,-2.211355,0
-0.59018594,-1.4020438,-0.78587985,0.038608313,0.09579565,0.9529743,0.08455977,0.2817261,0.6419809,-2.011355,0
-0.40678185,-1.5208948,-0.89789975,0.22652198,0.2808126,1.0945722,0.27014586,0.21176626,0.41959304,-2.0231276,0
-0.20678185,-1.3208947,-1.0978998,0.02652198,0.08081259,1.2945722,0.07014586,0.41176626,0.33225137,-1.8231275,0
-0.101081446,-1.0972549,-1.0814241,-0.010047814,0.2748902,1.4630517,0.2408741,0.5988641,0.52102613,-1.9266613,0
0.09891856,-0.8972549,-1.1629457,-0.21004781,0.07489021,1.6564267,0.040874094,0.79886407,0.32102615,-1.7266612,0
-0.04817073,-0.8656552,-0.96294576,-0.010047808,-0.12510979,1.4564266,0.2408741,0.9228356,0.12102614,-1.9266613,0
-0.23006177,-1.0404339,-0.7448888,-0.20507652,-0.31741527,1.5439459,0.1134073,0.8854957,0.31342828,-1.9717834,0
-0.3153386,-1.2404339,-0.5750148,-0.0050765127,-0.15632789,1.4782616,-0.086592704,0.76885486,0.5134283,-1.9252379,0
-0.10873687,-1.3579866,-0.7306546,0.18376648,-0.09171576,1.5822015,-0.27018878,0.5503983,0.29548833,-1.8977343,0
0.09126313,-1.5579866,-0.5306546,0.21868894,0.10828424,1.3822014,-0.4701888,0.7055,0.105035976,-1.8603221,0
0.28463185,-1.3270688,-0.71401954,0.11880682,-0.08962763,1.5354242,-0.2640373,0.4939911,-0.09280194,-1.9864585,0
0.27180144,-1.4614927,-0.50185585,0.005597227,-0.2771903,1.4110637,-0.061287384,0.28136638,-0.2802283,-2.0757854,0
0.16653012,-1.5928286,-0.569931,-0.18392046,-0.45746958,1.1610143,0.09202471,0.20227866,-0.07691271,-2.112814,0
0.048043206,-1.5891696,-0.7125239,-0.018112345,-0.23827231,1.2595353,0.27025095,0.002108756,0.11390974,-2.0579102,0
0.055071272,-1.5148575,-0.86242855,0.14524798,-0.03617125,1.0990779,0.36420196,-0.1870275,-0.081364125,-2.1339564,0
-0.11457378,-1.3007917,-1.0500857,0.20630144,-0.23342751,1.0709096,0.5576473,0.0128217945,-0.27809536,-2.1353607,0
-0.27945125,-1.071097,-1.0217607,0.39226934,-0.11723417,1.1102887,0.731481,0.15395203,-0.46158376,-2.135059,0
-0.29313284,-0.8732406,-0.78460443,0.23068473,-0.30289027,1.2510434,0.88936365,-0.04396589,-0.24975611,-2.2294784,0
-0.09313284,-0.6732406,-0.73087955,0.30200186,-0.5028903,1.4510435,0.68936366,-0.2439659,-0.31875098,-2.0294783,0
0.101689644,-0.83093363,-0.63556266,0.1298599,-0.66883653,1.5710534,0.46565488,-0.041835822,-0.4936184,-2.1214643,0
0.15593012,-0.61976314,-0.66496265,0.32401982,-0.4605359,1.5012062,0.26095152,0.12168721,-0.65219855,-2.2517629,0
0.3219226,-0.74364644,-0.76210076,0.115700126,-0.24305822,1.2664263,0.3639044,0.3001073,-0.79503006,-2.28729,0
0.47138232,-0.78985745,-0.533853,-0.076136716,-0.038888685,1.3244253,0.50929886,0.09041343,-0.8986765,-2.2432861,0
0.5321509,-0.55056953,-0.6092154,0.043306712,0.025656257,1.3342034,0.47581148,0.2710702,-0.87128305,-2.280549,0
0.30750057,-0.5402624,-0.56725407,-0.1450644,-0.04091527,1.4203435,0.62565655,0.43611005,-0.99177855,-2.1648157,0
0.10352862,-0.43327314,-0.5707856,-0.33231488,-0.14065889,1.175254,0.62111026,0.27293345,-1.1477444,-2.27744,0
-0.06381324,-0.42717007,-0.526391,-0.5323149,0.059341118,1.375254,0.42111027,0.18778643,-1.0399467,-2.1845672,0
-0.25729132,-0.221625,-0.32424235,-0.45228553,0.25301078,1.4000854,0.6059494,0.31640592,-0.8194442,-2.3263617,0
-0.36636007,-0.3907435,-0.48584473,-0.29864752,0.41983047,1.4275054,0.7469184,0.40294346,-0.92637277,-2.1436927,0
-0.3349859,-0.58652234,-0.680944,-0.097942635,0.21825968,1.4482796,0.6570424,0.3709423,-0.7211825,-2.1990774,0
-0.28455964,-0.382784,-0.87242377,-0.25326118,0.018083071,1.2362065,0.8487533,0.18959756,-0.5161418,-2.322923,0
-0.08193777,-0.56471413,-0.9115053,-0.051609755,0.17857489,1.221629,0.86240876,-0.010079902,-0.3176984,-2.3391945,0
-0.12903269,-0.6999094,-0.9917439,0.14180754,0.36178103,1.3585645,0.6330238,-0.2007606,-0.1124772,-2.2493453,0
-0.28251222,-0.8859901,-1.1733108,0.26044843,0.15927869,1.272256,0.42632604,-0.30847818,-0.30764398,-2.1622105,0
-0.35410675,-0.9800425,-1.2393327,0.054551166,-0.036748603,1.328625,0.204246,-0.114324346,-0.09714239,-2.1317568,0
-0.53564537,-0.8398138,-1.0780737,0.03485595,0.15781228,1.4469998,0.004104531,0.08282116,0.09943066,-2.1699915,0
-0.69909644,-0.84884095,-1.0915204,0.14943069,-0.040091716,1.1850454,0.19396405,0.26876983,0.28455412,-2.2316403,0
-0.48050374,-0.62466985,-1.1304038,0.11988599,-0.22985993,1.2176714,-0.005811098,0.06620797,0.25730085,-2.3410552,0
-0.45520705,-0.4087577,-1.2085861,0.30790004,-0.028741093,1.364552,-0.19809946,0.25623327,0.440166,-2.2155695,0
-0.37041545,-0.20875768,-1.008586,0.50790006,-0.2287411,1.5539044,-0.39809948,0.056233272,0.240166,-2.100401,0
-0.395804,-0.037881017,-1.1981132,0.43348834,-0.3850754,1.3539044,-0.22376128,0.25623327,0.1806601,-1.9956098,0
-0.5175352,0.14472768,-1.2677946,0.61384684,-0.3186575,1.1539043,-0.023761272,0.056233272,0.38066012,-2.1956098,0
-0.3722533,-0.055272326,-1.3999653,0.51140505,-0.118657485,1.2322909,0.17623873,0.25623327,0.18066011,-2.1536927,0
-0.4055195,0.11172952,-1.4337473,0.6374982,0.072891966,1.2834923,0.33715186,0.17244646,0.3411139,-2.1091712,0
-0.6055195,0.31172952,-1.2337472,0.8374982,0.115256116,1.0834923,0.13715185,0.37244648,0.14111389,-2.0319397,0
-0.70791405,0.23843524,-1.2897669,0.6456992,0.27662918,1.2475626,0.32771373,0.16761906,0.10142677,-2.1407626,0
-0.5026215,0.43386665,-1.185631,0.49702123,0.27756503,1.0366467,0.52221483,0.36378837,0.2982858,-2.2936165,0
-0.282245,0.5822086,-1.2923322,0.5868177,0.33738363,1.1533794,0.3398981,0.15275997,0.09166791,-2.2305856,0
-0.19246034,0.78220856,-1.0923321,0.3868177,0.4083164,0.95337945,0.1398981,0.028218135,-0.10833209,-2.0725443,0
-0.27007827,0.5822086,-0.89233214,0.37097898,0.2083164,1.1533794,0.1009018,0.0116774775,-0.3083321,-2.1854663,0
-0.44167322,0.3822086,-1.0553008,0.5624363,0.4083164,1.1047639,0.18397892,0.13677633,-0.24178901,-2.3334935,0
-0.54432046,0.53662163,-0.9575378,0.74058104,0.37693092,1.0376673,0.37297213,-0.06141137,-0.42912516,-2.3247702,0
-0.74222684,0.41581452,-1.1113518,0.54058105,0.17693092,0.8376673,0.17297213,0.13858864,-0.22912516,-2.3654668,0
-0.6103172,0.5590321,-1.1273304,0.6722942,0.23410021,0.94198704,0.15738732,0.3073684,-0.3895568,-2.3192668,0
-0.7660405,0.63535815,-0.9629477,0.6414991,0.08000469,0.70144403,0.33785927,0.4796452,-0.55734277,-2.348925,0
-0.73037785,0.58427876,-0.96639633,0.7759,0.0060897334,0.6395726,0.13312505,0.2700419,-0.4400626,-2.428134,0
-0.91628164,0.5244277,-1.1490284,0.7320468,-0.1910229,0.4330273,-0.065879166,0.06899897,-0.6305319,-2.3234823,0
-0.96261954,0.3167659,-1.108196,0.8973987,0.008765093,0.61807746,0.13095339,0.2626462,-0.6913263,-2.2346008,0
-1.0909277,0.48490003,-1.0913818,1.0297288,0.114710964,0.63915926,-0.02596701,0.058783177,-0.46102917,-2.1644704,0
-0.9342629,0.27854788,-1.1341043,1.2023108,0.19934773,0.82044935,-0.22092886,0.1009322,-0.25520927,-2.1167936,0
-1.1063074,0.19505611,-1.0102283,1.1700463,-0.00063619245,0.6051575,-0.23629229,0.2935153,-0.44399,-2.1547942,0
-0.94512475,0.38594893,-0.79155016,1.2662772,-0.18081261,0.6623551,-0.03545564,0.48213834,-0.62914413,-2.1510062,0
-0.7452847,0.17655087,-0.8145885,1.0986581,-0.32036817,0.8187707,0.15622811,0.6476623,-0.5858652,-2.232184,0
-0.8882313,0.35382384,-0.8765536,1.0284184,-0.48896092,0.957282,0.33472767,0.4206433,-0.362576,-2.1642425,0
-0.92438656,0.5123386,-0.99591225,1.0937996,-0.48500332,0.7720962,0.12463564,0.20411558,-0.15039793,-2.1871443,0
-1.0076836,0.30384386,-0.80760723,0.86949074,-0.66637313,0.94565785,0.053639233,0.05449685,0.048253037,-2.266608,0
-0.7868577,0.44720218,-0.6282457,1.0419142,-0.7670398,0.72643125,-0.1425869,-0.1417514,-0.1478342,-2.3499482,0
-0.8519685,0.23579036,-0.79001063,0.8030482,-0.623403,0.7000634,0.054762688,-0.32597482,-0.21404566,-2.4322326,0
-0.93560904,0.033175327,-0.5469014,0.9297603,-0.56575155,0.7767121,0.2361484,-0.4875444,-0.013019407,-2.396453,0
-1.0268968,-0.078122735,-0.6966291,1.0537186,-0.44372338,0.66492426,0.03371533,-0.2681904,-0.19868155,-2.3647861,0
-1.0169648,-0.2776332,-0.68177885,1.2515119,-0.24329439,0.81407094,0.06451493,-0.32261354,0.0013161341,-2.2421978,0
-0.8704699,-0.46841884,-0.5414259,1.1488563,-0.042459164,0.9945079,0.121767744,-0.36045408,-0.058497228,-2.295828,0
-0.8053818,-0.32505274,-0.68279034,1.2421823,-0.11783972,0.90587723,0.2963208,-0.5161307,-0.23805404,-2.2340803,0
-0.9813963,-0.51252645,-0.8617295,1.0173187,0.08020018,0.87410396,0.11149413,-0.69904584,-0.4276033,-2.131251,0
-0.9756752,-0.3872983,-0.9616955,0.7403126,0.16426554,0.972904,-0.080167025,-0.8143395,-0.5684717,-2.1116054,0
-1.0509434,-0.52498955,-0.90888315,0.84055114,0.051251233,1.0484661,-0.18263644,-0.54916185,-0.68694156,-2.044157,0
-1.0087376,-0.7161308,-1.0953336,0.63272417,0.24818115,0.90919197,-0.018462276,-0.34489542,-0.8761039,-2.0234706,0
-1.0274038,-0.9161308,-0.8953336,0.43272418,0.048181146,0.709192,0.18153773,-0.5448954,-0.6761039,-2.0508192,0
-1.1037214,-0.6747477,-0.8823829,0.5961609,0.19226658,0.85665244,0.34468397,-0.70185006,-0.66714203,-2.0893085,0
-0.8897075,-0.68144786,-0.97330946,0.761083,0.35709983,0.8779985,0.14619859,-0.8621157,-0.522799,-2.0690897,0
-0.93526894,-0.81713647,-1.0400846,0.63606447,0.14563765,0.628531,0.32093957,-0.96826375,-0.29924726,-2.1035345,0
-0.7828798,-0.7342273,-1.2400846,0.83606446,0.34563765,0.82853097,0.12093957,-0.76826376,-0.09924726,-1.9813396,0
-0.81902176,-0.55323696,-1.1608276,0.9653597,0.5084014,0.86279166,0.18040739,-0.75994825,-0.044070434,-2.0319445,0
-0.93352044,-0.6900364,-1.246647,0.89458007,0.38931462,0.60717994,0.32264656,-0.87940353,-0.22359164,-1.9622204,0
-0.73352045,-0.49003643,-1.446647,0.6945801,0.4805464,0.8071799,0.122646555,-0.67940354,-0.42359164,-1.9773595,0
-0.7368514,-0.39220217,-1.5245763,0.8282622,0.6300955,0.56216794,0.29872784,-0.8142108,-0.20701614,-1.9454539,0
-0.905177,-0.44685423,-1.4164871,0.75987023,0.8222982,0.35876605,0.09780047,-0.9507314,-0.0069502336,-1.9180061,0
-0.9529891,-0.60285705,-1.4647818,0.7693467,0.72127056,0.50181216,0.01295817,-1.072462,0.17991908,-1.7424507,0
-0.8362474,-0.6528174,-1.5916703,0.8690512,0.6985948,0.2982407,-0.18482849,-1.1160666,0.37542334,-1.6087772,0
-0.67967504,-0.4477235,-1.6275442,1.0052264,0.84494656,0.3720364,-0.17849909,-1.2374943,0.16495015,-1.4951242,0
-0.4784632,-0.5337089,-1.4239376,0.8031921,1.0423065,0.5705912,0.021446595,-1.4338627,-0.023962885,-1.5311884,0
-0.4705582,-0.5891427,-1.4331084,0.951496,1.1782886,0.5677441,-0.16935226,-1.1702797,0.13522308,-1.5313792,0
-0.28764313,-0.6543735,-1.2966169,0.8643608,1.260952,0.7023844,0.028038632,-1.2536249,-0.05926233,-1.5496789,0
-0.4510026,-0.56865174,-1.422765,0.6315773,1.0085983,0.5766758,0.07761105,-1.3818945,0.13379283,-1.6633395,0
-0.5297866,-0.36865175,-1.222765,0.43157732,1.2085984,0.37667578,0.27761105,-1.220748,0.33379284,-1.8095679,0
-0.60742724,-0.44080675,-1.3530992,0.22023812,0.9592122,0.18818682,0.07381081,-1.3511809,0.5076556,-1.8742961,0
-0.3868516,-0.6084451,-1.094866,0.019216063,1.1006703,0.3105177,0.25998297,-1.2549845,0.67191803,-1.9695412,0
-0.5451429,-0.3794161,-1.2028373,-0.16793527,1.2082292,0.47423422,0.36037385,-0.9800046,0.56853396,-1.996401,0
-0.40474537,-0.5106866,-1.2361157,-0.3242913,1.2411871,0.5942575,0.49390307,-1.040034,0.6773715,-1.8066828,0
-0.32382083,-0.43823302,-1.3385231,-0.49700373,0.9869969,0.75291914,0.3833865,-1.0738231,0.45252597,-1.902242,0
-0.11910204,-0.6139101,-1.4060183,-0.6704411,0.9620269,0.7091422,0.56115377,-1.225278,0.5069455,-1.6373699,0
0.0416347,-0.6878645,-1.5740782,-0.49082112,0.9538786,0.5091422,0.6470507,-1.0312456,0.3069455,-1.4502087,0
0.17782047,-0.826659,-1.3740782,-0.29082114,0.89457774,0.30914223,0.7809298,-0.9986687,0.1069455,-1.605107,0
-0.02217953,-0.62665904,-1.2490754,-0.09082113,1.0478976,0.41442925,0.9809298,-0.7986687,-0.0930545,-1.805107,0
-0.22217953,-0.826659,-1.1376474,-0.122334346,0.8478976,0.54247695,0.8783825,-0.9986687,0.057348922,-1.750237,0
-0.054537073,-0.6394967,-1.0639102,-0.083830625,0.6478976,0.67797935,1.0783825,-1.1986687,-0.14265108,-1.9110948,0
-0.09612525,-0.72871727,-0.8367261,-0.119128294,0.7604757,0.7825087,0.850743,-1.2834634,0.05554436,-2.0446663,0
0.028879123,-0.48593923,-0.9528455,0.008792997,0.8827644,0.77181286,0.7756829,-1.3634377,-0.13276786,-2.0004487,0
-0.03991439,-0.40909362,-1.0825921,0.14661002,1.0167817,0.5369671,0.9162257,-1.0925388,-0.31248927,-2.0456321,0
-0.13190776,-0.4447377,-0.91878825,0.3402961,1.1946166,0.5735738,0.70317876,-0.9629475,-0.2903224,-2.1360538,0
-0.16903335,-0.5595301,-0.92921144,0.5402961,0.99461657,0.7735738,0.6377523,-0.85276556,-0.4903224,-2.1304586,0
-0.3656564,-0.35624012,-0.72253865,0.33718213,0.78734523,0.9646649,0.83008623,-0.6467923,-0.5220285,-2.2744772,0
-0.18399198,-0.15624012,-0.6673391,0.53718215,0.64006716,1.0550127,0.88511693,-0.57775307,-0.32202852,-2.255375,0
-0.16102065,-0.24887393,-0.4673391,0.65126616,0.84006715,1.0242178,1.085117,-0.77775306,-0.5220285,-2.0960674,0
-0.1543897,-0.43182695,-0.25718632,0.8189374,1.0005684,1.1777256,0.8515027,-0.9406207,-0.30979878,-1.989701,0
-0.002277611,-0.3797114,-0.37844574,0.58712393,0.9197641,1.3069103,0.9974553,-0.7025527,-0.10415509,-2.07715,0
-0.17653875,-0.17729172,-0.57065743,0.38191164,0.7427274,1.1991907,1.1090592,-0.578786,-0.09998059,-2.2138634,0
-0.18774383,0.021966653,-0.42027378,0.562907,0.62691534,0.96655816,1.0687029,-0.7533516,-0.11962396,-2.3279915,0
0.011619069,-0.1265444,-0.31026658,0.34404218,0.4047232,1.1059175,1.2027526,-0.68811965,0.07619789,-2.3359017,0
-0.0385044,0.07253936,-0.26824585,0.39160702,0.3078862,0.89461756,1.3852555,-0.4820311,-0.122257866,-2.388844,0
-0.13608892,-0.0715419,-0.44469947,0.41897723,0.28415644,1.0395732,1.1256531,-0.6477342,0.0042812205,-2.398944,0
-0.24524184,-0.26970822,-0.24304706,0.21749853,0.20851885,0.9920637,0.925498,-0.84200966,0.20290175,-2.4751503,0
-0.14963135,-0.06900501,-0.41110992,0.2415453,0.40439782,1.1800385,0.7181794,-0.6355333,0.002872476,-2.5039513,0
-0.15601884,0.10433783,-0.6032644,0.08426911,0.32571223,1.1683909,0.51152694,-0.49853423,0.20026797,-2.5636327,0
-0.079852566,0.2881085,-0.38175964,0.010600212,0.11900841,1.2954191,0.29491425,-0.66128373,0.37892297,-2.5307386,0
0.07696873,0.3014733,-0.19817537,-0.17466173,-0.07468927,1.25009,0.087528534,-0.7942633,0.53387433,-2.5182474,0
0.270238,0.28673482,-0.16980931,-0.365557,0.064171284,1.2922775,-0.10973827,-0.57982194,0.32576078,-2.5600455,0
0.38895875,0.15950774,-0.14719106,-0.38681197,0.2562,1.1637573,0.0875381,-0.5372348,0.12196597,-2.630751,0
0.5625857,0.005615957,-0.06950544,-0.40806353,0.0536834,0.9206012,0.08676395,-0.49803662,0.30754864,-2.7039926,0
0.36179245,-0.18349731,-0.09751859,-0.5740081,0.23947552,0.9966803,0.101074114,-0.65894216,0.10152524,-2.6440482,0
0.40621185,-0.3834973,0.10248141,-0.3940847,0.039475515,1.1885172,-0.09892589,-0.72312105,-0.09847476,-2.4859068,0
0.343918,-0.22279538,0.2922528,-0.18752159,0.23137751,1.2185282,-0.28881752,-0.52166444,-0.28838164,-2.5950813,0
0.1868061,-0.02183304,0.42782936,0.011951617,0.4131663,1.0257865,-0.4681814,-0.69119835,-0.4677639,-2.5773532,0
0.29953822,-0.06600795,0.32622927,-0.15486953,0.419585,0.81603086,-0.26501316,-0.51067996,-0.2646006,-2.7445424,0
0.27004918,0.12986082,0.27037302,0.04373902,0.21281476,0.6825656,-0.20054746,-0.38062465,-0.4502761,-2.81712,0
0.06994692,-0.052296106,0.07027028,0.017839028,0.012796053,0.65363634,-0.1139662,-0.5090205,-0.54249907,-2.8272452,0
0.08144897,-0.23972183,-0.08657021,-0.1585148,0.20219044,0.8110916,0.08174594,-0.5635472,-0.32542914,-2.7882528,0
-0.11855103,-0.03972183,-0.28657022,0.033349916,0.002190441,0.78362834,-0.118254066,-0.46273822,-0.5254291,-2.777187,0
-0.2566287,0.16027817,-0.48657024,0.23334992,0.20219044,0.58362836,-0.28067017,-0.6627382,-0.604066,-2.6342168,0
-0.34811607,-0.037005264,-0.63961583,0.4037132,0.0020406372,0.3573921,-0.44779724,-0.80373573,-0.5995589,-2.6403854,0
-0.34129593,-0.21871945,-0.7748364,0.18799599,0.18645248,0.5143873,-0.22867878,-0.9262939,-0.3687315,-2.6180775,0
-0.52052236,-0.018001044,-0.9374246,0.23583876,-0.013027605,0.6869709,-0.30877715,-0.6984206,-0.546905,-2.5377176,0
-0.4873481,-0.20920755,-0.70767915,0.034393128,0.1794305,0.59948444,-0.10438941,-0.862181,-0.4102055,-2.6272864,0
-0.6313521,-0.009193598,-0.70104223,-0.165356,0.3788557,0.39887926,-0.07717667,-1.0605719,-0.39197725,-2.5486183,0
-0.75618565,0.023768181,-0.8710091,-0.2294336,0.55956155,0.37436694,0.11872945,-0.8318878,-0.5722457,-2.4757752,0
-0.6805753,0.2227006,-0.68340063,-0.029293166,0.7559377,0.5716266,-0.016918475,-0.62887305,-0.7685613,-2.4768276,0
-0.513255,0.42179704,-0.60208136,-0.22880304,0.63301265,0.41033128,-0.2164548,-0.68515265,-0.9664909,-2.4747393,0
-0.44998237,0.54797214,-0.38845456,-0.40076885,0.8047813,0.21617165,-0.015897136,-0.4687105,-1.1269578,-2.4497657,0
-0.447207,0.32865778,-0.22849673,-0.56742287,0.94901043,0.015274033,-0.12647559,-0.2537956,-1.2406741,-2.4077535,0
-0.60074025,0.36869204,-0.39773244,-0.5201888,0.6952346,0.19981825,0.055276982,-0.421215,-1.2295038,-2.4205277,0
-0.6431493,0.15376206,-0.4555127,-0.65644896,0.8160024,0.36443257,0.14388032,-0.56623477,-1.3029865,-2.255334,0
-0.8431493,0.22905818,-0.38279307,-0.45644897,1.0160024,0.16443257,0.34388033,-0.36623478,-1.4990656,-2.0553339,0
-0.6431493,0.4290582,-0.18279307,-0.25644898,1.1931057,0.36443257,0.15208007,-0.16623478,-1.4356015,-1.8717747,0
-0.4913833,0.6290582,-0.3731728,-0.33961847,1.046398,0.32625878,-0.04791993,-0.36623478,-1.2356014,-2.0717747,0
-0.4275621,0.4241539,-0.56662124,-0.46578065,0.8776111,0.12481559,-0.16101286,-0.4793853,-1.419192,-2.2458074,0
-0.43384922,0.35971424,-0.63817376,-0.26578063,0.73576415,0.3248156,0.038987145,-0.27938527,-1.2191919,-2.2233596,0
-0.30596766,0.1591903,-0.8354241,-0.45725518,0.9326943,0.52309394,0.21630159,-0.07912484,-1.4145362,-2.185525,0
-0.37467775,0.3591903,-1.0354241,-0.656891,0.7326943,0.32309395,0.057709426,0.037490174,-1.2860945,-2.1412425,0
-0.173497,0.5554104,-0.83788776,-0.72714627,0.6901632,0.5195581,-0.025277391,-0.16141135,-1.1835033,-2.2928107,0
-0.080946326,0.3525985,-1.0296763,-0.5771046,0.48628518,0.71386516,-0.22349507,-0.29122052,-0.97572213,-2.3754933,0
-0.14338183,0.5525985,-1.1008023,-0.37710464,0.28628516,0.5138652,-0.023495063,-0.2643497,-0.77572215,-2.224459,0
-0.34338182,0.65411186,-0.9792205,-0.5771046,0.48628515,0.31386518,0.17650494,-0.4643497,-0.57572216,-2.424459,0
-0.21713068,0.81617606,-1.1268449,-0.36035535,0.27356967,0.4851534,-0.022451518,-0.44813123,-0.7412681,-2.4137228,0
-0.14640191,0.89520943,-1.2375683,-0.15081416,0.06861954,0.6390529,0.16560215,-0.60452175,-0.7796652,-2.282324,0
-0.32242486,0.92199695,-1.3380634,-0.32653168,0.13768211,0.4544494,0.15466477,-0.5532962,-0.6681967,-2.2686784,0
-0.4107751,1.0504092,-1.4399289,-0.11845846,0.3161367,0.34696466,-0.04244267,-0.44025236,-0.43832392,-2.2433007,0
-0.35209525,0.8504092,-1.2399288,-0.31845847,0.3062942,0.54696465,-0.021589477,-0.64025235,-0.24390478,-2.2970371,0
-0.3211129,0.9837791,-1.3485906,-0.110944346,0.09955169,0.6995828,-0.2075335,-0.78695303,-0.04111979,-2.2214131,0
-0.2685883,1.1657771,-1.141099,-0.25635898,0.09520349,0.8668143,-0.4048754,-0.84504884,0.106982134,-2.1333282,0
-0.17509627,1.3344334,-0.91950136,-0.055065576,0.28842878,0.78886116,-0.20017365,-1.0210657,0.2999371,-2.1123478,0
-0.012146341,1.0910963,-1.0767347,-0.2453217,0.16778263,0.92082983,-0.0001670098,-0.7896998,0.48083878,-2.2042935,0
0.041109703,1.2910963,-0.9610251,-0.045321703,-0.03221737,1.1208298,0.19983299,-0.5896998,0.68083876,-2.0042934,0
0.2411097,1.0910963,-1.1610252,0.058235668,0.16778263,0.92082983,-0.00016701221,-0.7896998,0.83146733,-1.9982635,0
0.42686278,1.0548469,-1.3345847,-0.1390103,-0.031591482,0.97753435,-0.19627838,-0.71777564,0.77394515,-1.9481676,0
0.3096408,0.81909204,-1.3423331,0.05843875,-0.22190495,1.0055604,-0.2347566,-0.87938875,0.54993933,-2.0583184,0
0.10169645,0.94525075,-1.3732588,0.23971282,-0.020317758,1.1182079,-0.032238208,-0.8973467,0.4968738,-1.9618617,0
0.28393376,0.74525076,-1.1732588,0.37862748,0.17968224,0.9372145,-0.2322382,-0.6973467,0.2968738,-2.1618617,0
0.31704038,0.9435754,-1.3708248,0.17831087,0.31256664,1.135199,-0.17065838,-0.8957562,0.09670211,-1.967477,0
0.25652716,1.0786561,-1.4816511,-0.020457866,0.40032429,0.88210887,-0.3496166,-0.65625894,0.2798587,-2.0013447,0
0.056507226,1.045299,-1.5939326,-0.22038016,0.20025367,1.0817274,-0.22618356,-0.4560981,0.07983056,-1.9593813,0
0.04475909,0.82103336,-1.4012833,-0.22490875,0.3887637,1.2449332,-0.025431918,-0.36762553,0.27179757,-2.0973928,0
0.21295711,0.5954475,-1.5353123,-0.02388254,0.18098685,1.3854038,0.16737609,-0.54424,0.41174912,-1.9484582,0
0.29832533,0.36953008,-1.4212328,-0.11837246,-0.01776704,1.4814973,-0.0062022577,-0.6954629,0.5716554,-1.9325858,0
0.13234766,0.56953007,-1.4607981,-0.31837246,0.18223296,1.2814972,0.19379775,-0.4954629,0.46602643,-1.8272492,0
0.20381716,0.36771744,-1.2546136,-0.27905425,0.089430965,1.4742302,0.35293838,-0.6920515,0.6627594,-1.986759,0
0.3764825,0.2312527,-0.983226,-0.07370301,0.12847625,1.5609003,0.5155096,-0.83166784,0.5155928,-2.0387356,0
0.45519954,0.028735565,-0.72014403,-0.25165862,0.20938133,1.6190753,0.43603545,-0.9046516,0.6579581,-2.0256736,0
0.32603234,0.21124522,-0.5496206,-0.04770852,0.13823912,1.6540527,0.58740073,-1.020184,0.42294016,-2.0554867,0
0.42533147,0.3505679,-0.46279284,0.13752049,0.3054328,1.6742253,0.34982616,-1.069632,0.38993967,-2.0367236,0
0.2795463,0.5104222,-0.6144641,0.043550525,0.46857822,1.7077407,0.1389013,-1.1770545,0.5469231,-1.8552738,0
0.1936306,0.7104222,-0.786054,0.13522011,0.6685782,1.6104264,0.33890128,-0.97705454,0.44085333,-1.8664322,0
0.3615039,0.79223514,-0.90557575,-0.059492785,0.5676737,1.5095783,0.49491805,-0.98433596,0.22119573,-1.8852596,0
0.34502578,0.93156844,-0.96560645,0.082803115,0.7515103,1.2820052,0.32485923,-0.7697323,0.02074945,-2.0413547,0
0.49084646,0.71119875,-0.744289,-0.11393367,0.9082391,1.4407405,0.51024514,-0.5538688,-0.17425951,-2.0465093,0
0.40114945,0.48179415,-0.563269,-0.2358809,1.0444922,1.5463637,0.6693912,-0.33351395,-0.3527318,-2.0169532,0
0.301996,0.3243534,-0.70658016,-0.4358809,0.84449226,1.4626118,0.60116154,-0.16346984,-0.15273179,-2.0260477,0
0.26225042,0.29367805,-0.55044883,-0.6358809,0.9977577,1.502213,0.8011615,-0.16422126,-0.3527318,-1.8804469,0
0.23111814,0.09367804,-0.57504743,-0.8358809,0.7977577,1.6534137,0.6125943,0.035778746,-0.15273179,-1.8740124,0
0.20345402,-0.10632196,-0.5957037,-0.94033253,0.73378634,1.5899627,0.8125943,-0.16422126,-0.3527318,-1.8122169,0
0.20790844,-0.30632198,-0.7957037,-1.0884914,0.53378636,1.7899628,0.6444367,-0.36422127,-0.5527318,-1.6122168,0
0.19999024,-0.25437507,-0.94085586,-1.2175156,0.6933661,1.713596,0.41995516,-0.15517522,-0.5571029,-1.6123809,0
0.18482527,-0.43622363,-0.76955324,-1.1728358,0.6312357,1.8371514,0.4302911,-0.29534563,-0.34283733,-1.6261278,0
0.3848253,-0.23622362,-0.6626889,-1.1981417,0.5851151,1.6371514,0.45678028,-0.09534563,-0.14283733,-1.4881204,0
0.5848253,-0.43622363,-0.85444796,-1.3981417,0.78511506,1.4371513,0.49998003,-0.21102871,-0.12193926,-1.4233267,0
0.71493477,-0.23371126,-0.6474876,-1.5811447,0.57889205,1.6197393,0.69253534,-0.4066572,-0.31851527,-1.3453217,0
0.8098522,-0.3838984,-0.6826553,-1.5765758,0.6894343,1.570295,0.49797574,-0.5369811,-0.10490349,-1.325395,0
0.93780386,-0.54223996,-0.8196819,-1.6213335,0.45451543,1.2725307,0.6481784,-0.62131053,-0.17609991,-1.3648472,0
0.67818433,-0.31458467,-0.93728477,-1.6741575,0.23394886,1.3275766,0.77963984,-0.40094241,-0.32407475,-1.438397,0
0.52193534,-0.34832105,-1.0818746,-1.7828459,0.41280627,1.3910939,0.551399,-0.2952944,-0.49854106,-1.2296052,0
0.6183201,-0.17024298,-1.2346402,-1.6113788,0.2049648,1.5324655,0.3384507,-0.091783,-0.28754047,-1.3681031,0
0.5689821,-0.23199077,-1.1136999,-1.5187576,0.017140582,1.3651106,0.42578104,0.108217,-0.48754048,-1.4697921,0
0.5831433,-0.07092036,-0.928624,-1.7125653,-0.18220061,1.3072541,0.599342,0.30710655,-0.28650454,-1.6068513,0
0.6128284,-0.08776559,-0.823705,-1.5125653,-0.20965376,1.3978852,0.5642958,0.50710654,-0.13853887,-1.6795455,0
0.7609693,-0.10148133,-0.6119031,-1.6801596,-0.25001547,1.1752183,0.4102002,0.30129537,-0.33213294,-1.8439802,0
0.5571337,-0.29941997,-0.41197687,-1.4700389,-0.4469385,1.290308,0.60602796,0.4978678,-0.4405442,-1.8961382,0
0.48625016,-0.10875943,-0.5247776,-1.374648,-0.23179394,1.3989085,0.75659484,0.65506804,-0.369753,-1.8541152,0
0.32781473,-0.3041887,-0.3199697,-1.372226,-0.03132327,1.4434069,0.5483552,0.4483314,-0.5613186,-1.9782423,0
0.37801105,-0.50334084,-0.11976796,-1.2385416,-0.23093426,1.3858565,0.7470967,0.49356207,-0.36071098,-2.0370636,0
0.3994039,-0.48415452,-0.2983639,-1.1114239,-0.24128939,1.4048268,0.8837016,0.64713764,-0.52317905,-1.9433466,0
0.1994039,-0.648542,-0.17094319,-1.3114239,-0.07483667,1.2048267,0.8526458,0.44713765,-0.4706506,-2.010587,0
0.14512123,-0.448542,-0.35907313,-1.2697867,-0.09392899,1.4048268,0.6526458,0.51834804,-0.27065063,-2.0311823,0
0.32193694,-0.5312822,-0.52151614,-1.3710506,-0.27418363,1.1238898,0.7953674,0.6449349,-0.4390336,-1.9704653,0
0.2007439,-0.29541105,-0.6433906,-1.3374358,-0.42283916,1.1593393,0.88758934,0.75344557,-0.21315111,-1.9354479,0
0.000690787,-0.08859939,-0.680061,-1.427674,-0.57837296,1.2330062,1.0099434,0.88537645,-0.3836551,-1.6387571,0
-0.058381032,-0.2885994,-0.6620893,-1.3051602,-0.43059385,1.0330062,1.2099434,0.68537647,-0.1836551,-1.8387572,0
-0.047835127,-0.0885994,-0.5337873,-1.3253086,-0.44319564,0.83600247,1.4099435,0.5061824,0.016344905,-1.9375789,0
-0.0076912497,-0.10401437,-0.33459014,-1.397557,-0.316873,0.6370217,1.1962446,0.69818705,-0.18157578,-2.1133776,0
-0.20769125,0.095985636,-0.5345901,-1.197557,-0.516873,0.43702173,0.9962446,0.49818707,-0.38157576,-2.3133776,0
-0.37581617,0.28590572,-0.32319552,-0.9635847,-0.6924595,0.22894984,1.1555059,0.28803217,-0.5617699,-2.3406,0
-0.4439092,0.41411483,-0.26600438,-1.1410725,-0.8751928,0.41531244,1.1610831,0.08632898,-0.7470317,-2.0991852,0
-0.2932351,0.60794103,-0.46131957,-0.9316118,-0.82476944,0.21314786,1.3279276,-0.112528265,-0.9300645,-2.0240934,0
-0.36117247,0.7611838,-0.38991088,-0.7237083,-0.58861274,0.38923815,1.4395033,-0.2944416,-0.7529356,-2.0953805,0
-0.47600943,0.6969007,-0.31260842,-0.72000974,-0.78277,0.48689392,1.3346057,-0.0937419,-0.548839,-2.1750007,0
-0.27600944,0.6899978,-0.23306811,-0.92000973,-0.6156619,0.40596393,1.1346056,0.019852288,-0.34883898,-2.2166579,0
-0.2632788,0.55151355,-0.033068106,-0.9578851,-0.41566193,0.20596392,1.2624602,0.2198523,-0.14883898,-2.315726,0
-0.12073247,0.33802742,0.07515252,-1.0298547,-0.59204143,0.3274208,1.1529088,0.40374428,0.04919818,-2.4192078,0
-0.09384442,0.37178802,-0.12463784,-0.8910071,-0.79071146,0.30870506,1.3416834,0.60273045,0.24877973,-2.2578142,0
0.10615558,0.39840153,0.07536216,-1.0910071,-0.5907115,0.10870506,1.1416833,0.40273046,0.44877973,-2.0578141,0
0.20973355,0.59840155,0.1711986,-0.8910071,-0.5532946,0.30870506,1.0694984,0.60273045,0.4611922,-2.2578142,0
0.23823188,0.787591,0.15088421,-0.6816507,-0.38544485,0.10723317,1.2523091,0.79186124,0.2576556,-2.3267486,0
0.2572761,0.8897273,0.3508842,-0.6439235,-0.32229197,0.30723315,1.2532138,0.59186125,0.057655588,-2.31559,0
0.344066,1.0351715,0.31644464,-0.80167353,-0.26960012,0.10186466,1.3804605,0.37224323,0.09894005,-2.220391,0
0.13539337,1.0769043,0.109434776,-0.5654534,-0.28915477,-0.054937646,1.4853184,0.16187435,-0.009399051,-2.2740142,0
0.035768405,1.0179789,0.06510996,-0.7119699,-0.08292537,0.1349266,1.5675625,-0.035461746,-0.040223625,-2.2284727,0
0.076604925,1.097021,0.13564031,-0.88387436,-0.27420914,0.32460833,1.3254311,0.03680035,-0.1842424,-2.2401822,0
0.078846835,0.897021,-0.064359695,-0.68387437,-0.47420913,0.12460832,1.1254311,0.23680036,0.015757605,-2.426243,0
0.07961695,0.81902975,0.12595493,-0.58426213,-0.6115497,-0.06829838,1.2307888,0.2909446,0.20035145,-2.4387164,0
-0.010590237,0.9623563,-0.06992705,-0.36289138,-0.38866132,-0.25337696,1.3512155,0.46364072,0.0003318983,-2.3835216,0
0.18751,1.1563123,0.05517855,-0.53623426,-0.5856004,-0.2950886,1.4247947,0.26226982,-0.19862987,-2.1837826,0
-0.0121017005,1.288055,0.18495488,-0.5860769,-0.37361237,-0.11968437,1.1867168,0.25744292,0.0013275357,-2.3096728,0
-0.021186214,1.2308418,0.0277932,-0.36678356,-0.5449473,-0.09678903,1.2965016,0.4345832,0.19126661,-2.2664025,0
-0.015527208,1.3606185,0.13977431,-0.32291707,-0.53595024,0.098145545,1.1488754,0.60343885,-0.008304771,-2.245811,0
0.021319604,1.5043095,0.15794408,-0.118482076,-0.5112102,-0.05488919,1.1461483,0.3888823,0.06905533,-2.2279165,0
0.036637902,1.407631,0.27045023,-0.29764834,-0.66468585,0.13561828,1.2580891,0.17652643,-0.122378826,-2.1832016,0
0.14275102,1.221826,0.4589617,-0.09526374,-0.6766654,0.00975025,1.4224823,-0.022900345,-0.12726666,-2.1837795,0
0.22801477,1.1262019,0.35358372,-0.29526374,-0.47666544,0.06390791,1.3502774,-0.05204262,-0.32726666,-2.1163204,0
0.10675913,0.9262019,0.18793966,-0.09722696,-0.6766654,-0.1360921,1.1502774,-0.25204262,-0.12726666,-2.2767284,0
0.12889354,1.0700312,0.19782668,0.048693344,-0.68143934,-0.3330187,1.2104143,-0.4479089,-0.32427394,-2.3346894,0
0.26112133,0.8356069,0.17617987,-0.14531994,-0.6827359,-0.5119289,1.3546088,-0.61753386,-0.4790374,-2.2377286,0
0.110982805,0.8722751,-0.023820132,-0.34531993,-0.6161337,-0.7119289,1.1546087,-0.41753387,-0.27903742,-2.239025,0
0.31098282,0.6722751,0.072567135,-0.14531992,-0.4161337,-0.5409345,1.0160303,-0.61753386,-0.4790374,-2.405269,0
0.3223312,0.5976547,-0.12559293,-0.34033403,-0.60723764,-0.34159237,1.1984727,-0.78727573,-0.6692331,-2.327633,0
0.43241802,0.7654395,-0.32527408,-0.1845337,-0.40683883,-0.31606925,0.99749494,-0.7228023,-0.7761606,-2.387882,0
0.59773535,0.85317796,-0.49646732,-0.22496141,-0.1954955,-0.10970385,1.1143273,-0.8721945,-0.92262655,-2.171122,0
0.77216494,1.053178,-0.69646734,-0.024961412,-0.025939792,-0.0504844,1.0957953,-0.93919533,-0.72262657,-2.0351396,0
0.5489253,1.0995986,-0.86005545,-0.10704343,-0.21676278,0.10259579,1.2431638,-1.0929245,-0.501399,-1.9208221,0
0.6368868,1.1290889,-0.990917,-0.22029585,-0.28435647,0.28286004,1.183961,-0.8346866,-0.5145975,-1.940346,0
0.56468415,0.8664781,-0.9074807,-0.018928116,-0.07867173,0.45032033,1.2906966,-0.96495956,-0.56213385,-1.9961092,0
0.5613728,0.76706547,-1.1074808,0.060171574,-0.23904052,0.65032035,1.0906966,-0.7649596,-0.36213386,-1.9426,0
0.7137348,0.9296444,-0.90402365,-0.106934205,-0.038891792,0.65798616,1.0578835,-0.9402077,-0.5599924,-2.0115893,0
0.75303316,0.99595636,-0.97336775,-0.27061,-0.21062009,0.75644755,1.109019,-0.8009108,-0.3611596,-1.9498582,0
