pca_0,pca_1,pca_2,pca_3,pca_4,pca_5,pca_6,pca_7,pca_8,pca_9,target
-0.0017800629,-0.11578279,-0.017054776,-0.038857024,-0.2,-0.0410432,0.045824427,-0.024084423,0.056451317,-0.12085124,0
-0.09316803,0.022361614,-0.12077534,-0.07937888,-0.35656244,0.11624714,0.034722302,-9.200536e-05,0.23863615,-0.123452224,0
-0.0040808767,0.08121182,-0.13856463,-0.06723296,-0.40713176,0.2297198,-0.11999568,-0.13464858,0.27064514,-0.10447379,0
0.19499609,0.007187687,-0.2708515,-0.032226622,-0.3263553,0.32875732,-0.1767539,-0.123422064,0.35200614,-0.115492925,0
0.29412848,0.07624904,-0.22411653,-0.12103776,-0.24196914,0.3744169,-0.018086016,-0.07584304,0.36059663,-0.31549293,0
0.25726205,0.11467634,-0.24412557,0.001735881,-0.35680345,0.31287253,-0.097925425,-0.024248507,0.45353058,-0.34805986,0
0.2049907,0.012926824,-0.04412557,-0.045058884,-0.2702869,0.37310156,-0.06762417,0.09317492,0.61463577,-0.25784945,0
0.30410653,-0.010754272,0.04415179,0.05588498,-0.2667851,0.4615297,-0.15829696,0.15101555,0.633551,-0.28762764,0
0.20703833,-0.03167381,0.07281466,0.13046458,-0.086793676,0.5605528,-0.021389887,0.29146004,0.61282146,-0.27130342,0
0.2364404,0.007920805,0.014161255,0.279505,-0.022537045,0.6266869,0.058014877,0.23036943,0.74349356,-0.3821375,0
0.22065482,-0.027048137,0.027649343,0.44405556,0.0007048901,0.5260261,0.10503045,0.14988297,0.54349357,-0.33156136,0
0.19740759,-0.17802826,0.10119266,0.54121745,0.20070489,0.6950109,0.18890801,0.17398934,0.53430533,-0.26225078,0
0.18787695,-0.1924849,-0.03009247,0.74121743,0.07446273,0.6151346,0.15674563,0.37398934,0.53985834,-0.26132917,0
0.15075506,-0.230744,-0.034090217,0.6927992,0.1324875,0.7578047,0.24251151,0.24553517,0.7398583,-0.21948662,0
0.2541695,-0.14045139,-0.06917644,0.58793616,0.33248752,0.69406337,0.28569758,0.27558652,0.6710816,-0.11882562,0
0.35878992,-0.21213311,-0.11950019,0.71600294,0.35673034,0.70270145,0.29808465,0.45074457,0.51646185,-0.107454315,0
0.37135524,-0.056747347,-0.12815762,0.8312037,0.5329404,0.6519243,0.35678658,0.38092062,0.622311,-0.1612983,0
0.3311315,0.017232709,-0.15479241,0.8484842,0.49371204,0.705878,0.351223,0.45120442,0.6631817,-0.13917916,0
0.15497163,-0.18008792,-0.021512285,0.920633,0.54976404,0.84551907,0.15122299,0.36891022,0.66443956,-0.23450416,0
0.12856394,-0.337422,0.05086366,0.92957443,0.5871282,0.88373923,0.18110628,0.34995276,0.8130957,-0.23395689,0
0.118125655,-0.39994857,0.07835107,1.121948,0.6127164,0.92771846,0.08389224,0.22594784,1.0130957,-0.29471323,0
0.14682044,-0.47824955,-0.05558484,1.1311967,0.5170692,0.8120832,0.22132227,0.21562836,1.0499066,-0.49471325,0
0.10685474,-0.44869694,-0.067279406,0.98895437,0.47840446,0.72084844,0.40129125,0.28489617,1.0322462,-0.4796038,0
-0.0049605295,-0.64869696,-0.06685846,0.89599544,0.40363467,0.676579,0.40071672,0.123917416,1.1100916,-0.6796038,0
-0.10704939,-0.8310938,-0.13111106,0.8974376,0.42445135,0.611189,0.2553867,0.2556231,1.1547059,-0.6370618,0
-0.031793915,-0.74735487,-0.10845879,0.9228645,0.22445135,0.7085235,0.4553867,0.060278177,1.1630821,-0.5127314,0
-0.10259853,-0.5473549,-0.20183519,0.7699359,0.23101446,0.7157726,0.5330422,-0.037051298,1.2604328,-0.35732108,0
-0.09672326,-0.56712806,-0.062595874,0.7210557,0.16748343,0.8606845,0.6472037,-0.10401501,1.277713,-0.47015005,0
-0.11153664,-0.5680528,-0.017786168,0.80011654,0.21041828,0.99408,0.65325,0.08193354,1.1829106,-0.40625852,0
-0.19852905,-0.5790624,-0.17727023,0.6376408,0.14191514,1.0291742,0.59456617,0.18633913,1.1648256,-0.2928839,0
-0.19950464,-0.7155645,-0.14238223,0.66008306,0.107917815,0.9916777,0.606764,0.1866383,1.2844905,-0.30327103,0
-0.13008268,-0.67250955,-0.29089332,0.75076514,0.08975121,1.0225886,0.5256327,0.13977814,1.1324387,-0.35899773,0
-0.270401,-0.87250954,-0.35908902,0.6612349,0.10829901,1.0019852,0.6013909,0.33977813,1.2318863,-0.3257944,0
-0.19705299,-0.6875834,-0.28071964,0.6796249,0.21791162,0.86648464,0.5623642,0.30456465,1.2980156,-0.23000674,0
-0.2263201,-0.808605,-0.23449495,0.69199586,0.017911613,0.8094819,0.36236423,0.2346406,1.2262714,-0.23447782,0
-0.21306102,-0.608605,-0.21315086,0.7400006,-0.023642965,0.746564,0.16236423,0.12832034,1.1438282,-0.16697043,0
-0.12293349,-0.48743635,-0.12276575,0.55271965,0.027129661,0.7275534,0.2612698,0.2113857,1.1116432,-0.17540045,0
-0.27728796,-0.41382226,0.008931205,0.6117882,0.031866767,0.78052276,0.061269805,0.22599438,1.1278634,-0.20495668,0
-0.3518563,-0.46307117,-0.0076473653,0.8117882,0.06060287,0.89960843,-0.02221714,0.24155031,1.0448812,-0.24444573,0
-0.3060453,-0.31701154,0.035110656,0.65532494,0.16790263,0.9360919,-0.016737467,0.16512199,1.0285248,-0.1430771,0
-0.14145556,-0.31956473,-0.14820206,0.7243471,0.17752044,0.90510756,-0.042832144,0.0844324,1.0648773,-0.32333595,0
0.038171083,-0.35175985,-0.14907399,0.716965,0.1516775,0.97701544,-0.05919812,0.05976013,1.1742178,-0.36730427,0
-0.058025815,-0.55175984,-0.19911034,0.7989619,0.32205737,0.88129205,-0.12221222,0.12478777,1.0776408,-0.4418222,0
0.012850434,-0.6487188,-0.17169814,0.83647156,0.3739915,0.79556406,-0.09435533,0.25818568,1.0714825,-0.4761688,0
0.005078768,-0.46895957,-0.24704063,0.838565,0.19156672,0.68829167,0.0122528,0.3458846,1.2714826,-0.65583074,0
-0.19492124,-0.3933727,-0.23750538,0.6951134,-0.008433282,0.7228287,0.06337915,0.3650935,1.128591,-0.52109146,0
-0.20231062,-0.4510661,-0.28934345,0.68243176,-0.16508815,0.8413328,0.024542823,0.38914448,1.2688365,-0.32109147,0
-0.081000574,-0.5393182,-0.08934344,0.6412922,-0.08720372,0.86092025,-0.17545718,0.27669367,1.1232809,-0.47293982,0
-0.06658614,-0.5584922,-0.2324656,0.65758544,-0.1366799,1.0133739,-0.18894365,0.20744887,1.2633557,-0.46996504,0
0.05257892,-0.43087167,-0.07409303,0.5161239,-0.0389501,1.0309348,-0.29180694,0.21744025,1.2459841,-0.4542579,0
0.08341369,-0.5452525,0.12590697,0.48637256,-0.09058301,1.0024252,-0.41017342,0.15374932,1.2188755,-0.5823806,0
0.12393953,-0.5365993,0.19498768,0.54485756,-0.08835251,1.0123981,-0.29995984,0.14831524,1.4188756,-0.65967107,0
0.18646334,-0.34930915,0.19783576,0.42599043,-0.23352209,1.0129241,-0.44296837,0.026447289,1.5039921,-0.6669877,0
-0.0032842904,-0.41833028,0.12940134,0.5286216,-0.1350495,1.0994397,-0.4558894,-0.02298874,1.5495528,-0.78282046,0
0.06440671,-0.5229309,0.22110167,0.59263355,-0.05026979,1.2465957,-0.55812585,-0.120928764,1.6322932,-0.8645355,0
0.15227564,-0.49394712,0.32612088,0.6545661,0.06397,1.2399255,-0.51883966,-0.058615506,1.7142544,-0.771996,0
0.19084635,-0.59157324,0.4483766,0.54079354,-0.055245906,1.2871267,-0.40994906,0.069665164,1.5142543,-0.7067161,0
0.30065918,-0.5128666,0.36336687,0.5075933,-0.25524592,1.263019,-0.49271467,0.20006378,1.5169601,-0.6474328,0
0.37025774,-0.45516643,0.19811009,0.5145084,-0.3065404,1.3269336,-0.3574942,0.28444746,1.5568312,-0.53155714,0
0.49201205,-0.32052514,0.27828652,0.38069487,-0.43268114,1.2844744,-0.48877478,0.2187235,1.6062152,-0.42596778,0
0.45652807,-0.35489845,0.20844454,0.2890802,-0.46876705,1.29102,-0.68877476,0.07168047,1.7997177,-0.48860246,0
0.38493305,-0.317505,0.14594442,0.31957713,-0.3619681,1.3286384,-0.56242263,-0.06291267,1.7158619,-0.44474506,0
0.46331662,-0.43364412,0.12375676,0.39124995,-0.19383474,1.3548014,-0.63437045,0.005767621,1.8637301,-0.3677383,0
0.6255126,-0.4457647,0.18625887,0.4102624,-0.29057568,1.2141391,-0.7630118,-0.03255429,1.7515846,-0.4135537,0
0.5218197,-0.35516638,0.21981935,0.25083822,-0.183678,1.3805821,-0.87552893,0.06825167,1.8173144,-0.6135537,0
0.56490886,-0.55516636,0.268266,0.1536951,-0.30844244,1.3057859,-0.8337306,0.100018375,1.8076442,-0.77513516,0
0.5590705,-0.45390934,0.3552464,0.005691543,-0.16905342,1.2460753,-0.8264438,0.05202813,1.738854,-0.8541072,0
0.5156534,-0.49801365,0.3263545,0.10104125,-0.076835796,1.2560608,-1.0264438,-0.016412135,1.9388541,-0.9285956,0
0.52662665,-0.5770402,0.36289737,0.30104125,-0.17378885,1.1483192,-0.96125114,-0.0339884,1.8968613,-0.9811639,0
0.55956507,-0.7171004,0.20904653,0.3085015,-0.066892035,1.0763847,-1.0622569,0.043911733,1.8527381,-1.0796292,0
0.50850624,-0.8325595,0.17556553,0.20811519,-0.19718087,1.0009594,-0.92952716,-0.05506233,1.9592931,-1.073258,0
0.5099371,-0.93908614,0.24814045,0.273116,-0.1353307,0.97599167,-0.97110456,-0.10282433,1.954351,-1.0258596,0
0.45558015,-1.0301358,0.21638486,0.16913109,-0.15960899,1.1124333,-0.8061689,0.075258166,1.9969482,-1.0522158,0
0.50253195,-1.0280845,0.016384855,0.28273803,-0.19678828,1.1070402,-0.7937337,-0.09876497,2.0341628,-1.0911456,0
0.32746804,-0.93973637,-0.052100435,0.26255617,-0.36500672,1.2300794,-0.8702709,-0.043402478,2.1026113,-1.0542562,0
0.19423212,-0.99318993,-0.137011,0.25357246,-0.318181,1.1780106,-0.9912221,-0.08446936,2.036848,-1.1249099,0
0.18659283,-0.861675,0.06159251,0.106225066,-0.26390326,1.1848127,-1.146967,-0.16143954,2.0329645,-1.1223435,0
0.09753073,-0.7484191,-0.0049705133,0.16826461,-0.15076509,1.201785,-1.1656628,-0.22977999,1.9275523,-1.2159315,0
0.067307875,-0.9484191,0.1546812,0.14851382,-0.13554782,1.1894195,-1.0966568,-0.42978,1.7425156,-1.3656998,0
0.13350779,-0.80782473,0.12879215,0.1918245,-0.23448473,1.3200957,-1.0727916,-0.4572042,1.8517985,-1.2998071,0
0.1837955,-0.805166,0.1434067,0.25064814,-0.41462088,1.1925442,-0.98762935,-0.29771087,1.6517985,-1.4275013,0
0.24504885,-0.77974796,0.10163833,0.1665587,-0.30583322,1.1705078,-0.9523908,-0.22671005,1.5404226,-1.3485096,0
0.38122386,-0.89553404,-0.03771946,0.13680613,-0.3094713,1.1557912,-0.75837266,-0.3667766,1.7404226,-1.3844641,0
0.18541677,-1.019787,-0.0665297,0.1724868,-0.2783446,1.2632275,-0.6813243,-0.37923142,1.8025846,-1.3015833,0
0.15390916,-1.0692639,-0.24913192,0.16106927,-0.35030705,1.4309466,-0.8813243,-0.4838577,1.7547793,-1.2071738,0
0.12658381,-1.1306533,-0.2074137,0.17852801,-0.35389274,1.4922,-0.9561255,-0.5377762,1.7016505,-1.0861917,0
0.07975278,-1.0686934,-0.23034246,-0.0208423,-0.47410625,1.6051648,-1.085969,-0.5477796,1.580478,-1.0096582,0
0.005827657,-1.2236509,-0.28919616,-0.06663423,-0.5417234,1.6361682,-0.93029684,-0.5830106,1.5340413,-0.9409691,0
0.12806115,-1.0403366,-0.32118833,-0.0032403544,-0.74172336,1.5689406,-0.8394173,-0.53113174,1.6906214,-0.7677548,0
0.21072106,-0.92486763,-0.21064886,0.16599287,-0.8896489,1.674255,-0.8582346,-0.61534745,1.6126603,-0.8472259,0
0.14945483,-0.8077269,-0.21617508,0.18734385,-0.99047184,1.722186,-0.90239143,-0.5500318,1.5839028,-0.8106199,0
0.2865534,-0.84162265,-0.19420186,0.2489268,-1.032531,1.7379148,-0.95516574,-0.4375438,1.4423026,-0.916181,0
0.390426,-0.74013865,-0.18239774,0.3188973,-1.0539812,1.8809863,-0.86836535,-0.2337408,1.3456172,-0.9468021,0
0.44093567,-0.6882658,-0.1570289,0.360722,-1.104734,1.8405048,-0.95717305,-0.30986533,1.2970389,-0.9352464,0
0.3879477,-0.5540922,-0.14504978,0.160722,-1.0816987,1.9325821,-0.9458928,-0.1526292,1.320767,-0.9387978,0
0.2638492,-0.5068768,-0.1813294,-0.02451658,-1.0661315,1.9154437,-0.9299452,-0.3264975,1.4136708,-0.9298132,0
0.34718624,-0.5114023,-0.29424357,-0.17417262,-1.1892941,1.9128809,-1.005324,-0.3492427,1.2339767,-0.7298132,0
0.22142349,-0.6266018,-0.27371696,-0.30389857,-1.0195898,1.811805,-0.9677619,-0.25791568,1.0339767,-0.7504078,0
0.10203627,-0.55151224,-0.29291636,-0.2871886,-1.0412868,1.8926803,-1.028236,-0.3169282,0.94369143,-0.86626333,0
0.008168116,-0.54491293,-0.17695495,-0.28675044,-1.0842509,2.040563,-0.93666124,-0.2945706,0.8898137,-0.94093597,0
0.015609099,-0.34491295,-0.36158642,-0.46064088,-0.9011535,2.1176383,-0.73666126,-0.298262,0.8468391,-0.9982368,0
0.0051447568,-0.23241538,-0.19016302,-0.4950936,-0.89007807,2.3013926,-0.9165229,-0.26115492,0.7577419,-1.0457733,0
0.06257959,-0.23940219,-0.32342994,-0.48066807,-0.99475724,2.1877298,-0.95897967,-0.41560167,0.78936034,-0.97127473,0
-0.018517137,-0.33238038,-0.1810451,-0.28066808,-1.1308006,2.1312203,-0.9962218,-0.4934577,0.71629435,-0.8565273,0
0.042670388,-0.1963648,-0.33349544,-0.32769912,-1.1759303,2.1558332,-1.0099639,-0.34068006,0.62399125,-0.7278717,0
0.053822316,-0.2923847,-0.20710514,-0.2374751,-1.1021277,2.2635503,-1.0684831,-0.3741,0.57551825,-0.7053079,0
0.15385893,-0.31885087,-0.2639996,-0.21947727,-1.0049593,2.3075287,-1.0572417,-0.38538265,0.5083506,-0.7409924,0
-0.016430274,-0.37247875,-0.27536076,-0.13389254,-1.0486456,2.2319572,-0.9836954,-0.38247973,0.37074795,-0.74928147,0
0.0019881688,-0.22019222,-0.32460952,-0.29041612,-1.2165565,2.1990306,-0.8298884,-0.31369612,0.37820306,-0.81197095,0
0.02112113,-0.42019224,-0.22695354,-0.25699168,-1.2336857,2.1750338,-0.86576605,-0.39772028,0.52773154,-0.7798022,0
-0.17341214,-0.42385405,-0.25493273,-0.21297477,-1.3620008,2.2050364,-0.765534,-0.56093735,0.36739036,-0.96282244,0
-0.22933468,-0.23070924,-0.12849455,-0.21205673,-1.2267729,2.232207,-0.9362706,-0.565522,0.55019397,-0.91970044,0
-0.102856345,-0.3286153,-0.032876067,-0.132769,-1.152671,2.2814856,-0.9149993,-0.6519012,0.6241804,-0.8228586,0
-0.16558357,-0.2179144,-0.18716481,-0.15193808,-1.0837884,2.1067224,-0.91333246,-0.540173,0.5020237,-0.8103403,0
-0.26099998,-0.19298363,-0.34419787,-0.20208342,-1.1615291,2.0575647,-1.0749444,-0.46013126,0.56766444,-0.8213632,0
-0.2849215,-0.028792396,-0.31772405,-0.18476813,-1.0675844,1.8885752,-1.0329696,-0.37873816,0.6194869,-0.9751875,0
-0.3836806,0.08283238,-0.42991278,-0.26333752,-1.115902,1.8335562,-0.93483657,-0.28130358,0.63226455,-1.0862834,0
-0.50365597,0.28283238,-0.44253603,-0.20836365,-1.1323026,1.821716,-1.0328703,-0.37107506,0.83226454,-1.0410372,0
-0.6483836,0.16452283,-0.5087055,-0.219746,-1.2882861,1.8508166,-1.2200531,-0.5315245,0.73809814,-0.9189242,0
-0.45662212,0.11310902,-0.5348954,-0.41974598,-1.1247209,1.8827245,-1.2448622,-0.3315245,0.7170003,-0.8461037,0
-0.45317894,-0.08689098,-0.48630106,-0.40394065,-1.2897962,1.9267273,-1.1464528,-0.5315245,0.82443225,-0.80519843,0
-0.4600881,-0.01389306,-0.55582994,-0.44221416,-1.2076727,1.9540975,-1.1175202,-0.55784965,0.9375311,-0.62985575,0
-0.43592936,-0.12127704,-0.5670269,-0.2762495,-1.3137926,1.9361626,-1.2866038,-0.44220078,0.7721621,-0.68958175,0
-0.4286526,-0.15672714,-0.6403355,-0.36820778,-1.3006855,1.7711797,-1.4085844,-0.57642955,0.9081174,-0.52551705,0
-0.35983604,-0.23116049,-0.75370306,-0.42565492,-1.12926,1.8084912,-1.425698,-0.547211,0.8980042,-0.45496875,0
-0.42789033,-0.27446932,-0.81277084,-0.31832266,-1.168954,1.6767994,-1.3119248,-0.73287654,0.9155196,-0.40211242,0
-0.4471774,-0.3652243,-0.66702133,-0.3996618,-1.2069441,1.6290079,-1.4001429,-0.6637847,0.8629392,-0.53538287,0
-0.46027517,-0.22255059,-0.52760124,-0.1996618,-1.2807705,1.5735794,-1.4421655,-0.532335,0.8445586,-0.46444067,0
-0.6013446,-0.21858186,-0.38050666,-0.21705566,-1.4643795,1.5656421,-1.6239879,-0.48848844,0.8782314,-0.3947363,0
-0.7482215,-0.35661912,-0.407192,-0.2226722,-1.3756729,1.46853,-1.7058723,-0.27927133,0.92507696,-0.4525293,0
-0.78815687,-0.27364615,-0.3046818,-0.23143025,-1.2033678,1.5523772,-1.7849783,-0.28108278,0.8674177,-0.531035,0
-0.9013296,-0.14566241,-0.40630144,-0.21172805,-1.1320194,1.4798394,-1.7590296,-0.27664083,0.774372,-0.43874738,0
-0.88802856,-0.10518185,-0.47084498,-0.20180787,-1.2792045,1.4882405,-1.7860502,-0.38858053,0.79927003,-0.32694888,0
-0.958408,-0.17651068,-0.45189482,-0.18257743,-1.2163688,1.4584527,-1.7269704,-0.18858053,0.65624255,-0.43559772,0
-0.9440532,-0.20790938,-0.59366643,-0.1884401,-1.2288198,1.4183762,-1.7827178,-0.14853364,0.66157645,-0.6019993,0
-1.0692354,-0.12434057,-0.58525115,-0.09246681,-1.1791129,1.4739337,-1.8367835,-0.1406311,0.4875341,-0.5442235,0
-1.1443316,-0.1325343,-0.41831124,-0.29246682,-0.98313046,1.3846903,-1.8833021,-0.17654139,0.35870337,-0.49116275,0
-1.0365398,-0.012071744,-0.6158172,-0.2938015,-0.9954,1.4763966,-1.7900022,-0.19045922,0.30681574,-0.548074,0
-1.121461,-0.16073036,-0.5455988,-0.41065866,-0.91468024,1.3752575,-1.6610644,-0.009749398,0.2882985,-0.46018186,0
-1.231117,-0.36073035,-0.52141243,-0.61065865,-0.8681238,1.4063678,-1.7491926,0.15425396,0.2724618,-0.5482242,0
-1.2882587,-0.38305372,-0.52447695,-0.64044315,-0.93986785,1.514336,-1.6914045,0.27373025,0.38794005,-0.4955571,0
-1.3016548,-0.3013966,-0.44023138,-0.66591525,-0.9663923,1.3385032,-1.8402752,0.29988736,0.41753098,-0.44858238,0
-1.2116235,-0.2808795,-0.2962155,-0.5799134,-0.76494277,1.4759982,-1.9659647,0.22805661,0.46195236,-0.36728334,0
-1.1603159,-0.2276969,-0.17192571,-0.48771167,-0.6500137,1.5538532,-1.9502765,0.03363773,0.6255425,-0.5490086,0
-1.1342506,-0.31225324,-0.16341922,-0.59779507,-0.5487048,1.5066868,-1.9391029,-0.023078158,0.6342272,-0.38953042,0
-1.184291,-0.41027424,-0.22675893,-0.51287,-0.66309065,1.5535362,-1.9440413,0.1684387,0.4654353,-0.4870435,0
-1.1247662,-0.5382154,-0.22696964,-0.3339349,-0.6928413,1.4404002,-1.9282168,0.1823415,0.43249047,-0.52035105,0
-1.2228966,-0.68174285,-0.077791624,-0.3500524,-0.79323,1.4121301,-1.982188,0.12268103,0.30515045,-0.50060046,0
-1.2777431,-0.5803505,-0.023462085,-0.20521888,-0.78414613,1.4680626,-1.9563433,0.094873875,0.41401428,-0.45838866,0
-1.1457032,-0.73316824,-0.121197306,-0.1860705,-0.7335314,1.4044753,-1.935507,0.15968211,0.45733896,-0.38542286,0
-1.1356837,-0.78681403,-0.13964677,-0.14069241,-0.670062,1.4975587,-1.968139,0.15041643,0.57220656,-0.3695517,0
-1.1004297,-0.7820593,0.0269441,-0.12451397,-0.7163203,1.5673118,-1.9143432,0.15875378,0.63265556,-0.31853002,0
-1.2225446,-0.7372707,0.08703468,-0.12053174,-0.8434573,1.6572647,-1.7411264,0.019632397,0.6291374,-0.23248267,0
-1.2572662,-0.8576263,0.019094585,-0.18443792,-0.95486325,1.4342555,-1.8028483,-0.03361264,0.6263848,-0.19176885,0
-1.3080254,-0.9472999,0.051144317,-0.27145427,-0.883503,1.3048339,-1.8771292,-0.09730711,0.5402649,-0.08515721,0
-1.2652714,-1.0003214,0.14366278,-0.24914426,-0.8961434,1.1623313,-1.8504783,-0.13806808,0.45912996,-0.020242453,0
-1.4185988,-1.0454246,0.15966882,-0.15714696,-0.97068036,1.2291185,-1.7818227,-0.2561068,0.3874252,-0.03067684,0
-1.371121,-1.1630831,0.105178535,-0.05040417,-0.9042113,1.190413,-1.8111691,-0.17924584,0.36678883,0.06320067,0
-1.3249515,-1.3150795,0.16761437,-0.05607369,-0.7274271,1.2466134,-1.6111691,-0.1704426,0.32068852,0.03562483,0
-1.5249516,-1.3836913,0.14115149,-0.07245405,-0.6518906,1.0466133,-1.6711993,-0.14188628,0.34873962,0.17394394,0
-1.4555612,-1.284761,0.17006095,-0.20238186,-0.8391124,1.1071328,-1.7620795,-0.13718295,0.2733992,0.18030378,0
-1.3750882,-1.3102688,0.17091008,-0.23837332,-0.6391124,0.9629388,-1.7702799,-0.081817955,0.33755225,0.17791544,0
-1.3211734,-1.2191404,0.28719795,-0.30609673,-0.7366043,0.96003,-1.8453549,-0.05764254,0.48719227,0.2346962,0
-1.3527982,-1.1294945,0.2112849,-0.21816598,-0.7934441,0.8963949,-2.0411947,0.058489103,0.43488184,0.09922623,0
-1.3100777,-0.9797732,0.011284903,-0.10188888,-0.8751826,0.76978546,-2.087104,0.058180876,0.43880385,-0.100773774,0
-1.2756993,-0.8100181,-0.03816977,0.053940833,-0.9635348,0.77886295,-2.1008675,0.101894274,0.53858435,-0.108168915,0
-1.3353107,-0.90024436,-0.17166345,0.10095585,-0.79773486,0.74865705,-2.084934,0.14545842,0.6300889,-0.09775625,0
-1.3132547,-1.1002444,-0.133734,0.08714381,-0.68399715,0.54865706,-2.1356838,0.12906241,0.6921708,-0.06975507,0
-1.1124169,-1.2187016,-0.26289114,0.2800548,-0.6390948,0.6679376,-2.2049463,0.12362288,0.618031,0.12702945,0
-1.1549016,-1.2656497,-0.23267947,0.29646885,-0.7459377,0.7529827,-2.1505885,0.059513766,0.4101791,-0.04555519,0
-1.1089522,-1.1949401,-0.2429233,0.25146446,-0.6205336,0.86601114,-2.215993,-0.087175265,0.3986759,0.08884105,0
-1.1451453,-1.111327,-0.13188145,0.22770858,-0.68104047,0.95189214,-2.178804,-0.041687287,0.4944925,0.14487542,0
-1.1279554,-0.8955082,-0.07539293,0.10225653,-0.57401323,1.0421089,-2.3165255,0.036005225,0.35299537,0.044360697,0
-1.2085536,-0.8720916,0.111998424,0.00297679,-0.6842367,1.0791978,-2.1301396,0.12967758,0.39532268,0.102015086,0
-1.1110483,-0.6720916,0.10219699,0.043443296,-0.77420926,1.0684029,-2.258793,0.17950615,0.2583676,0.09181415,0
-1.1249613,-0.58150005,0.0039906874,-0.103390604,-0.5884375,1.2282898,-2.058793,0.04675217,0.25720364,0.29181415,0
-1.1987166,-0.39735752,0.0204699,-0.04655512,-0.7085017,1.1498947,-2.168877,0.069596045,0.123135164,0.4179335,0
-1.295955,-0.32369885,0.06179934,-0.18878937,-0.7439358,1.1386263,-2.1461716,0.014360055,0.15345685,0.6179335,0
-1.1881617,-0.47626784,0.084305875,-0.31881332,-0.8828662,1.1416818,-2.189382,-0.18500477,0.17681423,0.55759853,0
-1.1947619,-0.40935263,0.09134372,-0.27955177,-0.7166872,1.2313807,-2.188975,-0.38500476,0.065668195,0.47758207,0
-1.1635361,-0.5053953,0.26147917,-0.31965992,-0.8962957,1.2023892,-1.988975,-0.23358808,0.05845123,0.2981997,0
-1.0919083,-0.56872284,0.342754,-0.5052684,-0.9296958,1.0639741,-2.0439634,-0.37095013,0.037894618,0.34596494,0
-1.1095853,-0.44893253,0.46497923,-0.48390788,-0.9210924,1.1139847,-2.0690935,-0.39343598,-0.11492728,0.37022334,0
-1.0782151,-0.3264095,0.6649792,-0.68390787,-0.8826366,1.1077466,-2.0857577,-0.5420717,-0.030949727,0.37586024,0
-1.0540447,-0.36718372,0.6944591,-0.7539349,-0.6826366,1.0821809,-2.0224195,-0.5358567,-0.10856673,0.20366196,0
-0.9401492,-0.29753157,0.6102867,-0.89233214,-0.7191249,1.1073729,-2.0173783,-0.5338421,0.060674846,0.23597491,0
-0.7896708,-0.18597221,0.56852347,-0.69233215,-0.74935174,1.1780201,-1.8796247,-0.47198078,0.08566262,0.26753616,0
-0.797509,-0.08185494,0.5709,-0.71544534,-0.65969306,1.1646069,-2.0796247,-0.40209565,0.008316189,0.31008998,0
-0.84200776,-0.08989691,0.74099535,-0.6561971,-0.7042488,1.1886781,-2.2622275,-0.26611465,0.14271662,0.43068844,0
-0.96648604,-0.2898969,0.8121466,-0.5975035,-0.59553194,1.0024925,-2.2448509,-0.3959868,0.18008143,0.4660385,0
-0.9211987,-0.31317976,0.7968754,-0.5984583,-0.65890366,0.9521863,-2.2374732,-0.2770749,0.38008142,0.63298666,0
-0.72411895,-0.26448315,0.83945143,-0.6386346,-0.5532866,0.93539697,-2.342795,-0.26430517,0.36605048,0.6477156,0
-0.55667865,-0.19980066,0.90039456,-0.55671924,-0.6378868,0.90261245,-2.4117208,-0.34536907,0.23445915,0.5632804,0
-0.5761209,-0.30500597,0.8625234,-0.56054276,-0.69777817,0.8545544,-2.4103463,-0.31902146,0.18312953,0.5955364,0
-0.51078546,-0.49072683,0.9321159,-0.60204816,-0.64793646,0.8104028,-2.376853,-0.42622903,0.2026583,0.56412613,0
-0.42187417,-0.42544112,0.9715362,-0.45228583,-0.58191085,0.7072925,-2.4510787,-0.32526588,0.23568282,0.5852712,0
-0.502723,-0.55820847,1.1705815,-0.34025693,-0.6067597,0.69264114,-2.38848,-0.35840103,0.0926379,0.48865426,0
-0.47473758,-0.37869754,1.2108903,-0.2879029,-0.5710205,0.60502595,-2.4970474,-0.2777765,-0.0019244994,0.27845815,0
-0.57457316,-0.25464645,1.1775558,-0.27325654,-0.5806353,0.7166735,-2.4682145,-0.37910217,-0.02741136,0.23132555,0
-0.7103307,-0.3393574,1.1885813,-0.35973138,-0.42857414,0.63486254,-2.4693398,-0.3175457,0.0968651,0.20868996,0
-0.76385224,-0.45467746,1.1242421,-0.31273296,-0.35144773,0.7464689,-2.318721,-0.20166121,0.1843192,0.15725425,0
-0.7983581,-0.45596522,1.0473769,-0.47345898,-0.33757553,0.7814008,-2.4648216,-0.1299459,0.07239143,0.107435696,0
-0.87038255,-0.4510876,0.87360734,-0.5831936,-0.14447315,0.88813186,-2.4657269,-0.12989968,0.054648757,0.16226377,0
-0.950067,-0.3495011,0.8734789,-0.63491166,-0.106060304,0.9136196,-2.3652425,-0.085330725,0.08218116,0.36226377,0
-0.88376886,-0.4921702,0.89222705,-0.5001837,-0.12265005,0.86051625,-2.1907701,-0.16830239,0.1743486,0.4225497,0
-0.8509968,-0.5669739,0.8282005,-0.5711108,-0.3070748,0.93862593,-2.1382084,-0.07560519,0.1651783,0.43940148,0
-0.7486406,-0.56414694,0.78730714,-0.60366404,-0.39137337,0.91215026,-2.055041,-0.04564962,0.073997,0.5571355,0
-0.84698033,-0.5451397,0.7101581,-0.70915025,-0.41828254,0.92662627,-1.9988368,0.013470851,0.083679,0.44539163,0
-0.8706753,-0.4900524,0.6115623,-0.837629,-0.41531184,0.8593981,-2.1783228,0.030990554,0.21028814,0.5486806,0
-0.93429196,-0.6900524,0.6074929,-0.86732996,-0.4390924,0.7409455,-2.2568312,-0.015329035,0.24946482,0.4988827,0
-0.91040045,-0.77652633,0.54360235,-0.89389944,-0.4095023,0.5886951,-2.3590884,0.12052187,0.25544715,0.5606142,0
-0.8120755,-0.551449,0.5452328,-0.8314549,-0.473527,0.6702366,-2.424712,0.22741455,0.33148804,0.5775519,0
-0.7680777,-0.41547507,0.41930962,-0.7726349,-0.48029324,0.7268263,-2.3431253,0.35497457,0.48518223,0.5054743,0
-0.6915393,-0.4662167,0.3771073,-0.75728256,-0.60953075,0.7734322,-2.37485,0.4044826,0.44731483,0.5080197,0
-0.5015487,-0.56621194,0.3399567,-0.79553974,-0.47671556,0.90925044,-2.4249806,0.46908563,0.4961095,0.52792805,0
-0.6870465,-0.53601575,0.43261895,-0.84012574,-0.49975783,0.8277794,-2.399253,0.55274874,0.4426351,0.39349055,0
-0.7470808,-0.72586095,0.4817012,-0.81093705,-0.45490158,0.7908083,-2.3540986,0.5825128,0.466684,0.3068115,0
-0.69375396,-0.8271815,0.4277452,-0.7800631,-0.41058722,0.68158823,-2.4113638,0.60341215,0.42829344,0.21828751,0
-0.5859037,-0.9252328,0.56544095,-0.7587007,-0.51022124,0.73715115,-2.3521836,0.65330964,0.32704863,0.18721762,0
-0.5827109,-0.8883431,0.4983987,-0.83655316,-0.6192298,0.584525,-2.3398886,0.71361226,0.3602691,0.28955224,0
-0.5286719,-0.7980011,0.40759474,-0.9025019,-0.6129456,0.60865194,-2.1698012,0.70379406,0.3359334,0.30482903,0
-0.4557418,-0.76633734,0.6075947,-0.8820002,-0.58543843,0.6590657,-2.2997751,0.59956205,0.22977093,0.456245,0
-0.4639242,-0.82903093,0.508909,-0.9200384,-0.5787059,0.47930765,-2.3911247,0.71215194,0.13291281,0.43021178,0
-0.52728796,-0.7517973,0.5085361,-0.88644916,-0.56153965,0.43874955,-2.2819996,0.7696982,0.10133797,0.3812688,0
-0.46676528,-0.6889629,0.45268407,-0.7171209,-0.57802963,0.49451888,-2.4221041,0.7956531,0.09125857,0.5812688,0
-0.52523315,-0.7765023,0.28112775,-0.7258131,-0.60318166,0.3922413,-2.3877335,0.89384085,0.2518881,0.55756336,0
-0.4787363,-0.8098563,0.16503946,-0.8083116,-0.40843147,0.23485768,-2.2877889,0.98333263,0.27123773,0.5610294,0
-0.48236114,-0.887193,0.17442489,-0.7143072,-0.30338174,0.23703928,-2.396201,1.0497005,0.070085414,0.66540664,0
-0.5790093,-0.9728957,0.0733734,-0.79061526,-0.3943765,0.21965946,-2.3344967,1.039235,0.07353668,0.5905004,0
-0.57459986,-0.90018207,-0.12267683,-0.6735385,-0.4125641,0.33877388,-2.3266716,1.0431943,0.13287921,0.76584285,0
-0.47441822,-0.87257457,-0.18818538,-0.8735385,-0.24756628,0.13877387,-2.2842577,0.87760663,0.17775315,0.8293325,0
-0.27162442,-0.9850264,-0.27455232,-0.9197193,-0.35843107,0.13018572,-2.3101616,0.93771803,0.26735556,0.77564096,0
-0.1708873,-1.0386969,-0.396105,-0.9261634,-0.3597932,0.11000889,-2.2613752,0.9164133,0.32433885,0.82270765,0
-0.22284627,-0.9965918,-0.3190845,-0.9117964,-0.294296,0.013875285,-2.3099108,0.8970657,0.3415693,0.8246635,0
-0.26403046,-0.85950524,-0.1988767,-0.889246,-0.29555264,-0.10925124,-2.3516421,0.9149244,0.26939464,0.90667593,0
-0.13266502,-0.82485366,-0.250751,-0.8276903,-0.26167324,0.06896531,-2.2799892,0.8406524,0.18220332,0.87396413,0
-0.06680286,-0.7117759,-0.094693065,-0.8437829,-0.3181139,-0.012985231,-2.4721887,0.7712388,0.20042157,0.9591227,0
-0.15293865,-0.77664745,0.012265921,-0.746874,-0.4663167,-0.0024740372,-2.5264993,0.6463391,0.19039251,0.8722376,0
-0.13595468,-0.88306916,-0.0010134206,-0.7852823,-0.3630115,0.035696857,-2.5597444,0.41904065,0.24113102,0.81605965,0
-0.24506514,-0.94923,0.09867777,-0.806618,-0.21370786,0.2256806,-2.5266016,0.40780866,0.23495528,0.8226217,0
-0.13411549,-1.004779,-0.10132223,-0.9031187,-0.18179403,0.07554762,-2.3266015,0.4670843,0.17682655,0.6226217,0
-0.21959624,-1.0445621,0.055387348,-0.96946543,-0.117102824,0.032716434,-2.2602017,0.58545864,0.23468263,0.59516275,0
-0.2552061,-0.96695566,0.18768802,-0.8803197,-0.27534574,-0.06359993,-2.3808994,0.47299987,0.40146178,0.7411463,0
-0.27697608,-1.0346748,0.2723785,-0.9465217,-0.4161817,-0.13577451,-2.3897336,0.3838464,0.29684982,0.86296743,0
-0.29088983,-1.0050952,0.41911542,-0.84495795,-0.4535434,-0.18808421,-2.3839133,0.35790312,0.16620229,0.7234035,0
-0.20745414,-0.95017934,0.39132532,-0.81576055,-0.3163027,-0.20342025,-2.503586,0.5416965,0.1531675,0.7136212,0
-0.19918227,-0.946095,0.44562718,-0.7394278,-0.38302442,-0.21399426,-2.4773803,0.56928396,0.0538485,0.81424546,0
-0.062557176,-0.9036736,0.5552805,-0.8254198,-0.3539782,-0.14885256,-2.4108388,0.57122713,0.10986066,0.6142455,0
-0.13930127,-1.0620731,0.64748853,-0.776787,-0.42578384,-0.042139135,-2.4989634,0.3659914,0.024027156,0.5172463,0
-0.16415821,-1.1304176,0.56965226,-0.6975596,-0.62578386,-0.08959369,-2.4300241,0.29836658,0.001920823,0.57033926,0
-0.08642172,-1.2452209,0.52682185,-0.6911888,-0.65050626,0.051506784,-2.4121993,0.29693562,0.06710806,0.59116954,0
-0.0529666,-1.1756727,0.6263814,-0.7941513,-0.6924341,0.05833353,-2.2121992,0.339962,0.11267537,0.6327645,0
-0.015894856,-1.3687506,0.54214007,-0.66905344,-0.78565645,-0.07174036,-2.2917275,0.23277064,0.12954628,0.6628254,0
-0.08028356,-1.3873429,0.5850776,-0.7330873,-0.726094,-0.15161474,-2.2975569,0.058488805,-0.024380384,0.5967576,0
-0.022346642,-1.4282593,0.5187628,-0.67996746,-0.5906179,-0.20628105,-2.348057,0.17921609,-0.013827955,0.5394837,0
-0.007987746,-1.5102785,0.39810982,-0.80361784,-0.49587294,-0.1928811,-2.2763941,0.17917868,0.17560627,0.62185043,0
-0.13289541,-1.6372867,0.515918,-0.8549826,-0.37345672,-0.079858445,-2.076394,0.24305514,0.24997081,0.44990325,0
-0.17758061,-1.7571273,0.54059696,-0.9490939,-0.47325018,-0.15787296,-2.0018504,0.30041522,0.374335,0.4486359,0
-0.046816252,-1.8129576,0.48461,-0.8014435,-0.2586481,-0.09023858,-2.0352604,0.3691411,0.4852169,0.49477902,0
-0.11240741,-1.8049576,0.5644491,-0.81593996,-0.35400516,-0.08479133,-1.9367708,0.45973265,0.55501574,0.58493114,0
-0.054759286,-1.8226392,0.53199583,-0.8474982,-0.44206628,-0.04925627,-1.8480144,0.44803932,0.58199006,0.7219801,0
-0.11278256,-1.8520674,0.44268885,-0.94217026,-0.35563353,-0.18561001,-1.81085,0.24787831,0.6529327,0.73864627,0
-0.09102698,-1.7293452,0.2927978,-1.108507,-0.2897381,-0.1986706,-1.849669,0.33391884,0.542949,0.8576553,0
0.096830904,-1.769292,0.30737597,-1.0519389,-0.3406855,-0.25496748,-1.6555735,0.23596026,0.48319468,1.0441291,0
0.07893234,-1.821012,0.50737596,-0.97267026,-0.30605248,-0.17988351,-1.5610938,0.31860182,0.45932588,0.9540008,0
0.057769276,-1.7762415,0.50522965,-0.8339646,-0.2554101,-0.17265394,-1.7610939,0.33815855,0.46221754,1.0999067,0
0.10004909,-1.8097125,0.4868058,-0.80080646,-0.26406437,-0.33412036,-1.758126,0.43953344,0.57071877,1.0224369,0
0.20428292,-1.9097713,0.3001267,-0.85808796,-0.21391056,-0.44262037,-1.613428,0.46270806,0.53430295,1.067827,0
0.15820974,-1.8932917,0.447764,-0.6951403,-0.15618867,-0.3765139,-1.6819662,0.5798574,0.6444367,0.9797967,0
0.26326567,-1.9338473,0.41039357,-0.589678,-0.17525147,-0.30352393,-1.6856133,0.6563776,0.5896229,0.96548545,0
0.23830754,-1.945684,0.525065,-0.6055077,-0.31480443,-0.38337246,-1.6481819,0.56488055,0.5940304,0.9384289,0
0.2667461,-1.9240074,0.5115773,-0.5055437,-0.47156325,-0.36803,-1.5424473,0.61515445,0.6494752,0.93271863,0
0.24383833,-1.8616332,0.41472882,-0.51697385,-0.47477677,-0.3937036,-1.590554,0.7190826,0.7020719,1.0560975,0
0.23359585,-1.7521038,0.44117844,-0.31697387,-0.4988385,-0.5228984,-1.390554,0.756566,0.70341617,0.94022787,0
0.14099297,-1.8426381,0.42866206,-0.33619344,-0.5498017,-0.61966103,-1.2952291,0.77162737,0.78591436,1.0272036,0
0.1374919,-1.7623205,0.5213071,-0.48311806,-0.45990378,-0.65042645,-1.3077985,0.88317364,0.6879875,0.9692539,0
0.19714442,-1.8297124,0.57652843,-0.33159396,-0.3527832,-0.83512336,-1.3875244,0.9376485,0.84722537,0.909319,0
0.186707,-1.6929166,0.6099932,-0.169564,-0.51608235,-0.84058106,-1.3269231,0.9228077,0.95299995,0.83975744,0
0.019588403,-1.7206596,0.64751667,-0.11360239,-0.63514864,-0.90758514,-1.3345133,0.963044,0.9642047,0.8611433,0
0.087777555,-1.8033414,0.7570971,-0.060548663,-0.72582585,-0.95880675,-1.2467455,0.9639188,0.8756935,0.683306,0
0.060320355,-1.8884534,0.89752704,-0.18442231,-0.62268883,-0.7842418,-1.2712353,0.7465592,0.90918463,0.7666526,0
-0.056360487,-1.9408253,0.70493233,-0.17272669,-0.5957014,-0.75093746,-1.4008992,0.53778696,0.9616563,0.7797252,0
-0.02562417,-1.7408253,0.66943336,-0.17274119,-0.48653305,-0.88771814,-1.376921,0.5121163,0.9634263,0.89133,0
0.053248763,-1.7997144,0.7408153,-0.08437375,-0.56875205,-0.97979265,-1.2845641,0.4523078,1.0154091,1.0116464,0
0.10587446,-1.8986282,0.6602435,-0.020479942,-0.61232066,-0.8283631,-1.2064366,0.39134344,1.1323642,0.99782324,0
0.15263303,-1.9270985,0.5583832,-0.1959525,-0.65236604,-0.8176644,-1.020072,0.44221956,1.2125491,1.0028256,0
0.24182945,-1.8412426,0.5181666,-0.12951036,-0.8481502,-0.8576767,-1.2140375,0.45324776,1.1628746,0.88289726,0
0.23497708,-1.9806755,0.43251216,-0.06275554,-0.7930199,-0.7101806,-1.236775,0.36929846,1.0527067,0.9608772,0
0.16243693,-2.0070517,0.3709352,-0.017717298,-0.6431654,-0.7147131,-1.3007512,0.4022022,1.0114132,1.0031434,0
0.082709655,-2.1135824,0.24288832,-0.023732428,-0.61569446,-0.6847708,-1.3230914,0.3758598,1.0310812,0.81449986,0
0.16531618,-2.103386,0.202159,-0.10805314,-0.5501186,-0.75550646,-1.2837024,0.37397996,0.98468155,0.93012,0
0.13176194,-2.059055,0.25614023,-0.22247177,-0.6094469,-0.68789655,-1.2523768,0.3165789,1.0382949,1.0180746,0
0.044231184,-1.859055,0.05614023,-0.24798009,-0.5176905,-0.78382236,-1.4428532,0.34568182,0.98555046,1.1359931,0
0.17087772,-1.8017912,0.11504699,-0.24677572,-0.6376689,-0.7930471,-1.3681351,0.2886873,0.99285984,1.2937409,0
0.34352303,-1.7450727,0.023661755,-0.09899838,-0.8376689,-0.68908924,-1.3520478,0.21677652,0.9787186,1.1570823,0
0.49377975,-1.9055226,0.06339402,0.048958637,-0.7805193,-0.8637741,-1.1411945,0.11684342,1.0088099,1.1957248,0
0.58841914,-1.9077086,0.030622374,0.13973734,-0.9805193,-0.8797425,-1.0766726,0.017258286,0.80880994,1.1804328,0
0.60198593,-1.9573768,0.018805485,0.2334695,-0.84315157,-0.92764926,-1.102298,0.111361496,0.9101551,1.0602564,0
0.5092536,-1.9232367,-0.032034066,0.27878237,-0.9502775,-0.8513013,-0.90229803,0.3113615,0.9772887,1.1476079,0
0.41748327,-1.8705301,-0.14702444,0.2823177,-1.0861748,-0.993214,-0.85277057,0.24730292,0.9816427,1.1433532,0
0.37754622,-1.822929,-0.14837013,0.38512078,-1.213875,-1.0306116,-0.7173237,0.33652994,1.0509926,1.0469058,0
0.17413746,-1.9421401,-0.3304026,0.43848583,-1.2430046,-0.96865666,-0.5073915,0.32977477,0.9886936,1.0340518,0
0.20063733,-1.9963064,-0.30643576,0.38317844,-1.110351,-1.0890963,-0.4777911,0.3163835,0.89830256,1.0860189,0
0.20020577,-2.058957,-0.23243679,0.3650087,-0.9693894,-1.2296548,-0.3420998,0.32225376,0.8889661,1.0346245,0
0.027877167,-1.8734833,-0.17180905,0.16500871,-0.905954,-1.1816783,-0.24727432,0.29742086,1.001879,1.2346245,0
0.084140524,-1.8788509,-0.13942152,0.1142523,-0.9450486,-1.2539668,-0.26877245,0.2396826,0.97159904,1.0883255,0
-0.0657728,-1.9214914,-0.31759775,0.17727694,-1.0984665,-1.3404379,-0.28581604,0.4332405,0.9355717,0.90432227,0
-0.026236776,-1.8668411,-0.25778955,0.10918127,-1.0923444,-1.3126379,-0.31376466,0.6332405,0.96643525,0.85178375,0
-0.11698536,-1.9431261,-0.11038989,0.13687527,-1.0910941,-1.3269565,-0.256657,0.6797657,1.0418344,0.78420717,0
-0.05429043,-1.9157035,0.049937632,0.088210136,-1.1568274,-1.2162843,-0.39804906,0.6907472,1.0804847,0.8344088,0
-0.1367934,-1.7681478,0.08091777,0.16991393,-1.2191168,-1.2871047,-0.45772487,0.62412,0.90502036,0.91346693,0
-0.07798512,-1.6845329,0.16938335,0.22328141,-1.2502172,-1.2509203,-0.38399795,0.58547163,0.8442651,1.03111,0
-0.071046144,-1.8650544,0.10140519,0.22691222,-1.3171768,-1.183511,-0.38643688,0.3814874,0.8410993,1.1475129,0
-0.23434156,-1.7757595,0.114841655,0.18072826,-1.4227144,-1.0731673,-0.20512322,0.50292444,0.93087506,1.1868317,0
-0.3132626,-1.7572603,0.07452749,0.28069142,-1.5103877,-1.0251983,-0.049321804,0.34117052,0.81393415,1.2711959,0
-0.19364527,-1.8566389,0.08593517,0.07849497,-1.2747185,-1.1918482,-0.112351194,0.31804883,0.79649353,1.3070035,0
-0.014232054,-1.750644,0.14358144,-0.046096332,-1.0747185,-1.2491575,-0.13758896,0.4428922,0.78545934,1.3115588,0
-0.14771253,-1.7769461,0.21259892,-0.017517883,-0.9902411,-1.2238469,0.0330306,0.6428922,0.68484193,1.3573358,0
-0.17831077,-1.8688635,0.21523963,-0.053275038,-1.0919682,-1.156588,-0.02692023,0.5039326,0.52018666,1.2832735,0
-0.1591498,-1.8331016,0.26949835,0.019116048,-1.0832533,-1.1738645,-0.1452891,0.42736092,0.53745633,1.3673975,0
-0.21579579,-1.9343086,0.22786486,0.06653476,-1.0628777,-1.0145177,-0.10340653,0.44511667,0.4966855,1.3399471,0
-0.3228086,-1.9652207,0.12907702,-0.042004503,-0.89198536,-0.963453,-0.26299524,0.31587845,0.6010253,1.4039397,0
-0.16187167,-1.9742401,0.08920187,-0.19649127,-1.0301689,-0.9907435,-0.3374661,0.24771897,0.61263895,1.4870095,0
-0.24207357,-1.9562641,0.05072154,-0.33109796,-1.1639827,-1.1053522,-0.5085491,0.1469792,0.556143,1.3550105,0
-0.40529525,-2.0525305,0.07515079,-0.38607222,-0.987176,-1.259508,-0.38410196,0.12389149,0.59328157,1.1800046,0
-0.29344442,-1.9920967,0.256922,-0.57472897,-0.9167582,-1.3832357,-0.36298266,0.24731767,0.46928194,1.1756634,0
-0.41677663,-1.9570038,0.24830957,-0.5069939,-0.7903815,-1.4783983,-0.24094981,0.14988782,0.48065817,1.2473226,0
-0.46295622,-1.7883302,0.24622756,-0.40609133,-0.94291925,-1.5242765,-0.28785515,0.035719216,0.5925136,1.2797036,0
-0.51605946,-1.7208745,0.3578427,-0.3656916,-0.6998267,-1.6242609,-0.09232987,-0.09272941,0.65000063,1.3938744,0
-0.5619863,-1.5986755,0.3532619,-0.37809768,-0.8250489,-1.4242609,-0.14758962,-0.10597619,0.5253575,1.5938745,0
-0.5763759,-1.4457974,0.4113578,-0.41695315,-0.9445628,-1.383465,-0.28438598,0.01826568,0.46259695,1.5751486,0
-0.49905676,-1.4763185,0.47835737,-0.30669418,-0.891131,-1.3451815,-0.21239142,0.05447263,0.32827163,1.6547065,0
-0.6063879,-1.359863,0.4727993,-0.24408197,-0.9642024,-1.390213,-0.2599246,-0.043855753,0.28844264,1.5760158,0
-0.58404034,-1.2972441,0.5515327,-0.35471037,-0.9615157,-1.3978003,-0.3903349,-0.10879208,0.3116199,1.5483911,0
-0.41226804,-1.3425268,0.6236435,-0.50738657,-1.0203052,-1.3736496,-0.42027134,-0.030924037,0.347216,1.639597,0
-0.34038788,-1.5425268,0.5818759,-0.5206159,-0.9274123,-1.4956083,-0.45093706,0.039311387,0.2660229,1.4415207,0
-0.3864899,-1.612128,0.61064345,-0.36905608,-0.96911883,-1.49687,-0.5569034,0.04999861,0.33085832,1.4630997,0
-0.319587,-1.691249,0.6819812,-0.2642107,-0.89030606,-1.4360179,-0.59045047,0.041397594,0.5143479,1.4258134,0
-0.29366785,-1.6537691,0.74010265,-0.2812591,-0.89855784,-1.3893815,-0.6175418,0.06415654,0.41260403,1.4392551,0
-0.30922654,-1.7397808,0.84419596,-0.4070205,-0.90640634,-1.3719732,-0.4697213,-0.02431991,0.3360175,1.4004242,0
-0.42280483,-1.7847375,0.87899894,-0.45235008,-1.0060846,-1.2215906,-0.2835843,0.17473179,0.36691335,1.3549876,0
-0.45737627,-1.8694713,0.7053034,-0.35518414,-1.063847,-1.258077,-0.24535935,0.07757746,0.43944347,1.303233,0
-0.4822682,-1.7457262,0.7773733,-0.5316797,-1.1308131,-1.3363215,-0.25145665,0.09638247,0.26046833,1.2759335,0
-0.49752977,-1.7701815,0.93349534,-0.69883186,-0.972467,-1.2824631,-0.0964092,0.08255982,0.3722171,1.2304798,0
-0.44960746,-1.6743,0.93121505,-0.8833264,-0.86876625,-1.2419549,-0.2569833,0.15597852,0.32666573,1.3611978,0
-0.4362481,-1.7452787,0.87951994,-0.96790355,-0.97904193,-1.1279463,-0.07421561,0.19597374,0.38670054,1.2763466,0
-0.41795042,-1.8342876,0.8393611,-0.9159121,-0.8778324,-1.139712,0.065108016,0.17027931,0.41583958,1.2812475,0
-0.4782154,-1.9114791,0.71704847,-0.69601786,-0.9303001,-1.1385106,0.10773022,0.28827927,0.5969994,1.2272626,0
-0.4882644,-1.8650013,0.6833459,-0.76348746,-0.8871379,-1.0981299,0.28913435,0.40158385,0.5895982,1.2837821,0
-0.4563522,-1.8529702,0.53616226,-0.5417751,-1.0197982,-1.0811299,0.4254549,0.21888888,0.5979467,1.4078209,0
-0.5163853,-1.8569365,0.36224735,-0.4618406,-0.8627275,-1.1389805,0.40225282,0.08748448,0.5399446,1.4401593,0
-0.51937443,-1.718167,0.276762,-0.44465408,-0.99298406,-1.0989302,0.4292344,0.2122401,0.48410714,1.4197973,0
-0.5947683,-1.5478371,0.2600078,-0.55126166,-0.93498003,-1.2989303,0.36683437,0.22268082,0.46973386,1.3738052,0
-0.52987415,-1.7176529,0.3519501,-0.55501837,-0.8811108,-1.2947103,0.3088723,0.13303083,0.56778073,1.3844619,0
-0.55793893,-1.7728431,0.41185808,-0.6478736,-1.0811108,-1.1750759,0.29962644,0.053544305,0.6483835,1.2911793,0
-0.44755125,-1.692717,0.40100363,-0.5470612,-0.88111085,-1.0992737,0.24549994,-0.09121444,0.6826417,1.3255236,0
-0.48159465,-1.7762809,0.35167927,-0.6005779,-0.9949094,-1.0680456,0.25788844,-0.1879912,0.5939631,1.2308477,0
-0.41045362,-1.82226,0.54953706,-0.7510742,-1.1423692,-1.1657096,0.27819932,-0.11822986,0.53938884,1.2643543,0
-0.24525028,-1.6458575,0.54378223,-0.85898626,-1.1591796,-1.0913112,0.4615041,-0.1597001,0.6203725,1.3387073,0
-0.20226288,-1.6859661,0.5589534,-1.0113492,-1.0542339,-1.0705518,0.37016004,0.03769278,0.6820579,1.38572,0
-0.25519487,-1.8209292,0.5608366,-0.81354797,-1.0002921,-0.8677246,0.32953912,0.04534664,0.66474354,1.5286033,0
-0.23418473,-1.7515153,0.6114498,-0.7510962,-1.1074435,-0.8518369,0.2974144,0.08351495,0.4988475,1.6257299,0
-0.18728952,-1.8192194,0.47004756,-0.6989203,-1.0514414,-0.9344748,0.38843888,0.21981873,0.39223278,1.6168195,0
-0.21618833,-1.6973441,0.44068575,-0.8177439,-1.1402632,-0.73447484,0.3227109,0.10576222,0.53788084,1.6064148,0
-0.21220416,-1.5702959,0.30437684,-0.7712633,-0.98576784,-0.6466214,0.39883792,0.08084292,0.6657052,1.634832,0
-0.20130259,-1.5193748,0.38034272,-0.9397141,-1.0113301,-0.6974429,0.19883792,0.12999973,0.6482324,1.6641877,0
-0.14665133,-1.6970848,0.38657334,-1.1397141,-1.0181129,-0.5792367,0.04609227,0.07842371,0.562031,1.6688216,0
-0.033136968,-1.8601344,0.24275348,-1.0868226,-1.081011,-0.39151573,0.057667255,-0.06737151,0.60270375,1.6142188,0
-0.07508413,-1.8955282,0.26031035,-1.1015911,-0.9739904,-0.40907297,0.05644504,-0.095866956,0.6804415,1.5901874,0
-0.09196085,-1.7306099,0.16941553,-0.98590994,-0.9537591,-0.5779704,0.16757073,-0.07997238,0.8504204,1.5686791,0
-0.14115494,-1.6857228,0.08708982,-1.0479783,-1.0488079,-0.5929553,0.13039097,-0.019093053,0.9282899,1.6437422,0
-0.21243373,-1.6062557,0.20630538,-0.85427755,-1.0271434,-0.593558,0.028926723,-0.12165584,0.95701545,1.7341619,0
-0.35189974,-1.5389012,0.032283515,-0.83290225,-1.0295979,-0.55430645,-0.09810514,0.07834417,1.0076209,1.8259479,0
-0.39382625,-1.3836372,0.00820728,-0.6552751,-0.9292768,-0.4856163,-0.08167357,0.18009771,1.1232394,1.8186413,0
-0.40722668,-1.3664432,0.09196271,-0.60485095,-0.78632987,-0.6856163,-0.019453913,0.3702576,0.9856043,1.8045106,0
-0.5006688,-1.5664432,0.1795745,-0.51743466,-0.9461372,-0.7178384,0.06130247,0.33241898,0.98029953,1.7902312,0
-0.443769,-1.6373903,0.11352542,-0.5256252,-0.9790025,-0.6931807,0.060067948,0.35781834,1.0119191,1.7995236,0
-0.35137415,-1.4406855,0.30961132,-0.42559645,-0.8980719,-0.81705105,0.05014659,0.33988836,1.016334,1.9745612,0
-0.3235817,-1.3366055,0.40779266,-0.2648626,-0.94783044,-0.65145797,0.06193846,0.4047482,1.1692691,1.9938266,0
-0.28058875,-1.3131351,0.28402495,-0.12569183,-0.8555039,-0.65232044,0.014597867,0.4537849,1.1330603,1.867801,0
-0.2868584,-1.392863,0.19691348,-0.019862361,-0.8743594,-0.52716774,-0.1686871,0.3481514,1.237772,1.9379466,0
-0.28485832,-1.3588908,0.24950649,-0.020763775,-0.96593356,-0.44664788,-0.1418841,0.30140308,1.222521,1.8322144,0
-0.20667386,-1.4267604,0.23830988,0.0048750676,-0.86032325,-0.40488133,-0.04033809,0.44524938,1.1788428,1.8273848,0
-0.31375295,-1.5638095,0.27498138,0.024179736,-0.8846976,-0.4428805,-0.061610233,0.45738006,1.2104223,1.8100258,0
-0.3115739,-1.5359432,0.30822897,-0.0720611,-0.8581888,-0.38600877,0.03701234,0.41740638,1.3667634,1.8746924,0
-0.37893742,-1.3883845,0.3064849,-0.10787458,-0.92224944,-0.57765627,0.17289019,0.33723548,1.2338185,1.9932551,0
-0.34764087,-1.3056175,0.3995263,-0.13409111,-1.0295982,-0.5043994,0.09454989,0.32244825,1.4338186,1.8679103,0
-0.337324,-1.103217,0.33097753,0.054700807,-1.0708526,-0.5973445,0.1167985,0.32184663,1.5586724,1.8725258,0
-0.24053653,-0.8906771,0.23592138,0.020138968,-0.9935917,-0.6065684,-0.010222819,0.3096984,1.6030965,2.0178423,0
-0.28327268,-1.0258389,0.25808954,0.14726977,-1.0321008,-0.77658015,-0.0503376,0.14038824,1.5150517,1.9476085,0
-0.1901769,-1.1338878,0.23060627,0.09018016,-1.1963499,-0.6575377,-0.10570348,0.12150061,1.5370839,1.8342979,0
-0.19870102,-1.1342113,0.38543475,-0.106052496,-1.3484484,-0.8086871,-0.17515628,0.17716497,1.4758642,1.6738416,0
-0.24173713,-0.98396367,0.35033017,-0.10800947,-1.3868469,-0.8238814,-0.29935896,0.25628424,1.5457581,1.6407903,0
-0.21007454,-0.90914357,0.40570343,-0.035387747,-1.4109643,-0.8659486,-0.15050253,0.20320731,1.4351568,1.529893,0
-0.13330397,-0.7091436,0.41898614,-0.05000011,-1.3412819,-0.84288305,-0.08975908,0.2153993,1.368925,1.4757733,0
-0.12879686,-0.6475456,0.30612153,-0.13855305,-1.2562897,-0.8669362,-0.2897591,0.16197717,1.348413,1.4392966,0
0.029909536,-0.82613635,0.27588913,-0.17409188,-1.3124933,-1.0669363,-0.37814662,0.15497506,1.2040341,1.5598273,0
0.08955434,-1.0261364,0.17392719,-0.2135754,-1.3929226,-1.121377,-0.2392997,0.16306217,1.0378048,1.6658573,0
0.1547519,-0.87020725,0.07845558,-0.33196837,-1.3691922,-1.0864843,-0.111629516,0.1771385,1.1050496,1.5448214,0
0.06115789,-0.9536002,0.20974208,-0.4800601,-1.4854976,-1.219762,-0.119302176,0.22369765,1.076117,1.4867841,0
0.0035595968,-0.7641808,0.3398494,-0.49066925,-1.5934474,-1.2840844,-0.073304325,0.2665009,0.912696,1.4177923,0
-0.109184034,-0.64514893,0.32747063,-0.5112571,-1.690083,-1.2935447,-0.27062637,0.23902483,0.8846675,1.3576611,0
-0.24966478,-0.71904165,0.26046535,-0.5922307,-1.5324498,-1.2099193,-0.38655752,0.21467,0.99212945,1.1705581,0
-0.27268305,-0.7791581,0.16138801,-0.5761721,-1.614775,-1.1367556,-0.24241018,0.1797533,1.0319742,1.1393846,0
-0.21571682,-0.851501,0.24863926,-0.6511149,-1.6303831,-1.0624822,-0.38165265,0.26617488,0.9896749,1.1565657,0
-0.2103881,-1.0097868,0.076893136,-0.6654484,-1.7185972,-1.1575878,-0.49381852,0.14670017,0.91049623,1.0579842,0
-0.058590397,-0.9405203,0.050157797,-0.68538743,-1.6283555,-1.177853,-0.6938185,0.06744267,0.85720867,1.1338385,0
0.011829324,-0.8936295,0.2501578,-0.52151513,-1.4489372,-1.0518311,-0.6644421,0.06956234,0.8354691,1.1560383,0
0.010217257,-0.9372302,0.34367722,-0.49679282,-1.5389173,-1.06364,-0.50518715,0.011843577,0.63546914,1.0957856,0
-0.045143336,-0.9896699,0.31754053,-0.54483145,-1.6279871,-1.0943998,-0.4069618,-0.042340472,0.6723887,1.1812397,0
-0.030702833,-0.9995783,0.4721763,-0.57764924,-1.6869686,-1.0407745,-0.43198007,-0.022108253,0.5824508,1.1950907,0
-0.02439469,-1.0453316,0.50503534,-0.7371737,-1.5694706,-1.0988867,-0.38216525,0.16874062,0.7498017,1.3950907,0
0.17560531,-1.0791267,0.55156374,-0.6230309,-1.6064692,-1.1896286,-0.48076633,-0.0035180151,0.8625052,1.4159698,0
0.37201357,-1.0536315,0.42631307,-0.8230309,-1.702853,-1.1643277,-0.49206817,0.0024103336,0.7149174,1.2830774,0
0.551485,-1.1820905,0.4622022,-0.9077403,-1.7932957,-1.0674123,-0.5238001,-0.047162026,0.7084279,1.0616791,0
0.5399866,-1.209092,0.56234735,-0.8921106,-1.8562604,-0.91671336,-0.6412398,-0.034524262,0.5719364,1.0530226,0
0.5114058,-1.1221861,0.45446464,-0.76187193,-1.9043121,-0.98112506,-0.7225789,-0.12605788,0.551026,1.1231756,0
0.4235693,-1.1146435,0.4667491,-0.73281974,-1.8104703,-1.1248091,-0.7551807,-0.28814983,0.49171916,1.1769302,0
0.5446716,-1.1072382,0.34696516,-0.7428691,-1.7548879,-1.2068734,-0.71989214,-0.4252118,0.2884322,1.2193025,0
0.43530354,-1.2120131,0.1871653,-0.88003343,-1.7588519,-1.2393061,-0.64466226,-0.45596445,0.14212967,1.1220125,0
0.42055738,-1.2023295,0.24501973,-0.8689201,-1.7808363,-1.2057421,-0.67236096,-0.28899077,0.18306075,1.1696968,0
0.3785575,-1.218067,0.13021165,-0.9692029,-1.7161405,-1.1495649,-0.7620846,-0.16130567,0.3022825,1.1801939,0
0.4704169,-1.2574385,0.20318809,-0.9134045,-1.662081,-1.0831033,-0.84252083,-0.049812052,0.32352546,1.2527359,0
0.50556505,-1.2302225,0.19118524,-0.8798976,-1.51775,-1.1944195,-0.64252084,-0.088554256,0.28945497,1.1172843,0
0.5491635,-1.0666157,0.39118522,-0.92695045,-1.4687741,-1.0997303,-0.8067887,-0.15745473,0.48945498,1.150147,0
0.5342153,-1.1092339,0.56862855,-1.0428305,-1.4863453,-1.0938201,-0.9117219,0.042545274,0.53402275,1.1694095,0
0.41171727,-1.03139,0.50374895,-1.0835309,-1.4688635,-1.2622305,-1.0910518,0.11264896,0.5712596,1.0289387,0
0.5270339,-0.89544374,0.60349566,-1.1615909,-1.4200122,-1.1576071,-1.0941482,0.31264895,0.43214226,0.93923193,0
0.32651812,-0.82993454,0.80222833,-1.1535306,-1.5034554,-1.179498,-1.1402634,0.29686812,0.48492482,0.9774017,0
0.23937976,-0.89180374,0.81077397,-1.1937666,-1.6157758,-1.1739575,-0.9944766,0.17663695,0.46720484,0.9151928,0
0.18616253,-0.7434456,0.95634574,-1.3656944,-1.5474793,-1.2071397,-0.8213502,0.29804894,0.5236106,0.8622169,0
0.21884249,-0.73035467,0.8584755,-1.4617746,-1.5354807,-1.231126,-0.7276859,0.27904934,0.5570528,0.8682445,0
0.14697957,-0.9133987,0.76445884,-1.3265895,-1.504498,-1.3401824,-0.7241679,0.28501666,0.38496026,0.8976766,0
0.10140358,-0.87184787,0.6092343,-1.3638703,-1.3826233,-1.3955992,-0.60118544,0.13801214,0.2515273,1.0831631,0
0.10595672,-0.88644004,0.4092343,-1.2934544,-1.3466063,-1.4400371,-0.6807018,0.1499105,0.1879451,1.0270324,0
0.07407226,-0.9567917,0.5055556,-1.33534,-1.2060145,-1.5233923,-0.7452006,0.1418734,0.267855,0.90828204,0
0.035638258,-0.8706281,0.49189326,-1.4074343,-1.1897237,-1.5202053,-0.8369102,0.13439976,0.2776904,0.82011604,0
0.0440173,-0.90079933,0.38969725,-1.3747497,-1.275203,-1.6821477,-0.94480616,0.16197482,0.47499403,0.7379323,0
0.03937498,-1.0130085,0.3785704,-1.376201,-1.2245922,-1.6300994,-0.93118507,-0.029334849,0.50668716,0.8083756,0
0.06540193,-1.0145729,0.56747943,-1.3464881,-1.1780949,-1.6004425,-0.93261796,-0.020119615,0.48226595,0.7086454,0
-0.010186397,-0.9510296,0.566192,-1.3617864,-1.1324201,-1.5855558,-1.0098473,-0.039196003,0.62243104,0.84575,0
-0.16680855,-1.0120658,0.4449373,-1.5617864,-0.97916394,-1.648031,-0.8098473,-0.16907236,0.45873892,0.8390613,0
-0.19798458,-0.93276864,0.5102454,-1.5995357,-0.89410794,-1.5527216,-0.6676898,-0.20203331,0.6285703,0.8272972,0
-0.1991851,-0.911422,0.5224365,-1.69476,-1.0551603,-1.4362011,-0.63325965,-0.16147311,0.6956293,0.94734037,0
-0.15287831,-0.7382918,0.5031264,-1.7003026,-1.0328491,-1.5118479,-0.63963026,-0.21367463,0.6551915,1.0251182,0
-0.17890161,-0.6592729,0.42716604,-1.6631866,-0.9672344,-1.5059869,-0.6425902,-0.39873123,0.7754181,1.0990778,0
-0.3472373,-0.6603909,0.40244445,-1.6879321,-0.94398296,-1.5769765,-0.5342768,-0.21136776,0.73426396,1.0885787,0
-0.30611724,-0.6624818,0.2694847,-1.6096684,-1.021205,-1.3769765,-0.5520807,-0.35088497,0.7388728,1.1644199,0
-0.21727094,-0.4624818,0.29057652,-1.6739827,-0.88062036,-1.5434473,-0.5719641,-0.28468627,0.68193626,1.1478684,0
-0.22904289,-0.4394772,0.124114156,-1.6361171,-0.98797405,-1.4506134,-0.7452403,-0.3664392,0.622978,1.3260467,0
-0.3604089,-0.42660168,0.046019822,-1.780019,-1.0087337,-1.4968317,-0.6005499,-0.36351424,0.42107594,1.2607034,0
-0.30831763,-0.22449055,0.061395653,-1.7773092,-0.83095866,-1.6268783,-0.6396296,-0.46589154,0.43680143,1.2400584,0
-0.29646537,-0.29865602,0.1868753,-1.7647152,-0.9324251,-1.5957245,-0.5357251,-0.53649455,0.46641934,1.2106377,0
-0.1245044,-0.22306104,0.17691764,-1.8433844,-0.91922164,-1.4639477,-0.52968717,-0.44136477,0.53868294,1.3235239,0
-0.112185456,-0.20437516,0.31803682,-1.9038081,-0.99191624,-1.3315209,-0.47918347,-0.58771783,0.44282532,1.3007852,0
-0.15883896,-0.18288752,0.45175818,-1.9367296,-0.9009054,-1.3148363,-0.40018076,-0.5953515,0.59243894,1.2571076,0
-0.15532297,-0.20768926,0.44156364,-1.9821407,-0.74756217,-1.3167279,-0.36970004,-0.6732218,0.5061172,1.2923613,0
-0.03869229,-0.13140716,0.5291531,-1.9759672,-0.7890065,-1.265484,-0.2598587,-0.6273292,0.55277175,1.3439419,0
-0.08977043,-0.08863504,0.5291157,-1.9389784,-0.81734675,-1.2516472,-0.2660861,-0.58651114,0.3809734,1.3771541,0
-0.15456755,0.030066848,0.5336408,-1.821295,-0.8362023,-1.1562293,-0.24093585,-0.45672768,0.4024792,1.3457167,0
-0.21512045,0.10635061,0.49148107,-1.7700388,-0.8042965,-1.3159705,-0.36685017,-0.50884795,0.33532023,1.3900647,0
-0.30338007,0.20159426,0.4816535,-1.8225632,-0.8990324,-1.253608,-0.37889493,-0.51728225,0.24678212,1.3552382,0
-0.4147089,0.40159428,0.6501601,-1.8819004,-0.87787867,-1.053608,-0.31494707,-0.5091562,0.13508272,1.3445234,0
-0.38864756,0.5434231,0.76040226,-1.8658446,-1.0169679,-1.0088946,-0.114947066,-0.5104836,0.06403865,1.3803145,0
-0.32475382,0.6552126,0.72667307,-1.7984681,-1.100861,-1.1100727,-0.19275883,-0.45747665,-0.06978764,1.3188498,0
-0.42587376,0.72789466,0.60344136,-1.846483,-1.018134,-1.1203687,-0.18061332,-0.55064976,-0.19328263,1.3600408,0
-0.31373042,0.52612305,0.65717524,-1.9290153,-0.96335065,-1.0703,-0.26384133,-0.44573677,-0.38797987,1.4069049,0
-0.24064715,0.5926912,0.58510417,-1.9227926,-0.9676938,-1.0733252,-0.21615297,-0.40520024,-0.4077594,1.4441928,0
-0.16050188,0.7552676,0.548635,-2.000353,-0.89891446,-1.0157785,-0.016152963,-0.5524181,-0.43490812,1.2447709,0
-0.11617507,0.836263,0.5677932,-1.9193447,-0.91776603,-0.9250542,-0.0816931,-0.49106765,-0.39000183,1.3469683,0
-0.097583696,0.792309,0.7025627,-1.9493375,-0.8288546,-0.76475114,0.11820415,-0.5254077,-0.49035862,1.5056206,0
0.022243768,0.8446928,0.69632274,-1.8654743,-0.86983526,-0.81604636,-0.040676862,-0.5449489,-0.3382592,1.4823881,0
-0.08351352,0.9016616,0.5506569,-1.9126959,-1.0602717,-0.80224717,-0.20491457,-0.5157694,-0.3301613,1.4260476,0
0.033103876,0.7206224,0.58249485,-2.0486538,-1.021562,-0.6591377,-0.23383251,-0.3917902,-0.21022053,1.4875828,0
0.10796109,0.72784096,0.5613268,-1.9355742,-0.92714673,-0.56085885,-0.042083085,-0.41084406,-0.18157376,1.4793491,0
0.19378224,0.7436719,0.477304,-2.135574,-0.89692616,-0.5795719,-0.030226996,-0.43116125,-0.12812488,1.3831239,0
0.13907768,0.75706756,0.56387556,-2.0105824,-0.86928195,-0.7452244,-0.11603372,-0.23116125,-0.22741875,1.4069613,0
0.23980904,0.92657995,0.6514773,-1.9299445,-0.809802,-0.7960998,-0.15473868,-0.33661512,-0.2860467,1.5393345,0
0.21996848,1.12658,0.65948075,-1.8993345,-0.609802,-0.7382625,-0.15184245,-0.22342189,-0.29983473,1.542501,0
0.18289869,1.0974745,0.787172,-1.9138186,-0.7494001,-0.7675831,-0.094531134,-0.18755363,-0.22234626,1.4951329,0
0.2791837,1.0092995,0.7270297,-1.9875793,-0.7477129,-0.8452281,-0.0056914566,-0.29050866,-0.12155984,1.4323546,0
0.33738324,1.1052036,0.6826904,-1.9971404,-0.74817985,-0.9129886,-0.034077168,-0.2589301,-0.06336641,1.3208025,0
0.36697468,1.1193682,0.4826904,-1.8450024,-0.9033735,-0.8269907,0.15629171,-0.100075915,-0.14148194,1.3378394,0
0.40360546,1.2886368,0.4846795,-1.7657526,-0.90544945,-0.8159569,0.20225772,-0.15164734,-0.07432336,1.4311248,0
0.47955468,1.4152277,0.5935037,-1.7058253,-0.7525779,-0.8533798,0.1558053,-0.27758533,0.056688182,1.4511713,0
0.4559539,1.3398371,0.7471681,-1.7447886,-0.8525223,-0.93964225,0.096776195,-0.13925774,0.014417481,1.273621,0
0.5684809,1.2200289,0.7769254,-1.6570607,-0.7767146,-0.9946961,0.022968516,-0.12531796,0.028738862,1.1719484,0
0.49159026,1.0658518,0.7326591,-1.6427884,-0.60703486,-1.0934408,0.16610555,-0.21674521,-0.043978475,1.1074787,0
0.5516763,1.2643759,0.7059456,-1.741046,-0.51302636,-1.1812272,0.15915745,-0.3736605,0.05109916,1.2097762,0
0.5250092,1.2609209,0.75424236,-1.6532695,-0.54811305,-1.1323329,-0.040842548,-0.19670956,-0.0975048,1.1050549,0
0.66687477,1.3386015,0.76380825,-1.7364068,-0.62778056,-1.1613778,0.013256226,-0.22801724,-0.11981561,1.1484832,0
0.67106444,1.2100185,0.6863682,-1.810201,-0.63776374,-1.2116455,0.02605003,-0.20227799,-0.18132766,1.1782608,0
0.6577879,1.1387436,0.72070277,-1.8260424,-0.7343905,-1.1563046,0.19381243,-0.2060824,-0.17744921,1.1953415,0
0.59104115,1.1210275,0.6834013,-1.8905715,-0.82474416,-1.0714797,0.15878475,-0.0060789245,-0.28578383,1.1905782,0
0.6500463,1.0083566,0.7536555,-1.7057022,-0.9792845,-1.2101816,0.24364501,0.1144998,-0.14904393,1.2510059,0
0.6604833,0.954167,0.68611294,-1.7715411,-0.87654203,-1.1286815,0.2405415,-0.016263522,-0.07520311,1.3921893,0
0.64931023,0.754167,0.6871712,-1.8312899,-0.67654204,-1.2559742,0.1413126,-0.022133874,-0.19441214,1.3988461,0
0.5735021,0.73419285,0.75352067,-1.8644619,-0.74981886,-1.0927689,-0.018993847,0.068659365,-0.3058472,1.4943407,0
0.54826194,0.62917733,0.6110131,-1.8691652,-0.81465805,-1.0711102,-0.114473455,0.077720255,-0.34005493,1.3515692,0
0.6189954,0.60270375,0.64288086,-2.0244486,-0.863911,-1.039646,-0.30767736,0.067482226,-0.22117746,1.3291208,0
0.6204691,0.60466206,0.6419199,-1.9552908,-1.0313348,-1.0063397,-0.17998765,0.0433122,-0.42117745,1.3090957,0
0.565008,0.42908964,0.6026155,-2.0090258,-1.1164715,-1.0483083,-0.13295187,0.11255686,-0.2823809,1.2813176,0
0.6393285,0.3167851,0.62252367,-1.9408294,-1.0681045,-0.9802014,-0.16146515,0.025136255,-0.22563785,1.3651354,0
0.6663082,0.16506816,0.5786612,-1.9240539,-1.1325673,-0.78020144,-0.26647818,-0.17486376,-0.3814666,1.3099544,0
0.66057336,0.095417924,0.54452217,-2.0728855,-1.1484079,-0.7704402,-0.2750431,-0.22631845,-0.35882714,1.2699405,0
0.68007463,0.04119019,0.67275006,-1.981785,-1.3266857,-0.7080616,-0.23248199,-0.099580124,-0.3201275,1.2541806,0
0.62871337,-0.1421352,0.6796254,-1.941414,-1.3681393,-0.56717813,-0.33727837,-0.054494556,-0.38429782,1.2283702,0
0.48346785,-0.19837883,0.667833,-1.886243,-1.2783436,-0.3995431,-0.31587633,-0.13496578,-0.27448136,1.0543289,0
0.49558675,-0.22923714,0.63933945,-1.7292113,-1.3773723,-0.2985263,-0.41679668,-0.042553715,-0.28160444,1.0155429,0
0.40632382,-0.20944737,0.6782807,-1.8208717,-1.3568363,-0.38007098,-0.51173383,0.074972816,-0.081604436,0.96159,0
0.4552327,-0.009447366,0.7502652,-1.7495843,-1.3508365,-0.38130668,-0.35499835,0.20499781,-0.11024081,1.0303552,0
0.45991966,-0.15254517,0.6470097,-1.696952,-1.3516933,-0.45686617,-0.3301855,0.1205918,-0.14061445,1.1148,0
0.49700865,-0.35254517,0.4991026,-1.8047123,-1.345282,-0.6568662,-0.17072958,0.3205918,-0.23579456,1.0533233,0
0.47991624,-0.1987584,0.53301185,-1.6622419,-1.4188492,-0.64487296,0.029270425,0.19790277,-0.17907946,1.1039181,0
0.48147532,-0.03393431,0.5336137,-1.7947488,-1.5498837,-0.5442431,0.04179836,0.37980533,-0.20743343,1.1283654,0
0.57742673,-0.020391423,0.5807471,-1.8037108,-1.4059063,-0.45564947,-0.07146119,0.48049003,-0.13541736,1.1697037,0
0.56694275,-0.047977448,0.524985,-1.7436459,-1.4946918,-0.43464917,-0.057769343,0.4585169,-0.19518475,1.0322433,0
0.56856364,0.026546083,0.64191955,-1.8030847,-1.5945106,-0.4749558,0.064855315,0.40543512,-0.2243599,1.1159822,0
0.5398106,0.02217287,0.66887116,-1.9800904,-1.5042529,-0.6675362,0.06725875,0.29577973,-0.22199558,1.0763913,0
0.49355376,0.17081003,0.75886303,-1.9060507,-1.5010546,-0.53841513,-0.124965794,0.3132127,-0.23122755,0.98997146,0
0.38452277,0.092909575,0.958863,-1.8376142,-1.5444562,-0.567848,-0.13491367,0.3573617,-0.23593348,0.9952572,0
0.35926872,0.14552319,1.1272305,-1.8038632,-1.4743717,-0.6031812,-0.2783944,0.44949126,-0.15934438,1.013462,0
0.28105497,0.19464557,1.2435354,-1.723428,-1.530623,-0.766252,-0.36999846,0.28376853,-0.0719027,1.1018146,0
0.112598464,0.2643808,1.3651683,-1.6265341,-1.4946152,-0.8078228,-0.3333452,0.22579147,-0.04903965,1.164976,0
0.22129649,0.18233979,1.3670415,-1.5812681,-1.4266616,-0.77363145,-0.3511198,0.20938075,-0.12531503,1.0755862,0
0.20667394,0.26774618,1.3289499,-1.5601623,-1.4703239,-0.7632285,-0.30316502,0.34731102,-0.115325466,1.1125125,0
0.18779759,0.066971116,1.3524908,-1.7105495,-1.4203614,-0.8279477,-0.28108928,0.14562568,-0.15895413,1.1732982,0
0.26432788,-0.12638704,1.3795034,-1.8008696,-1.318335,-0.69039345,-0.47414938,0.025713388,-0.019363,1.1521686,0
0.18725933,-0.17962943,1.4648498,-1.7390959,-1.343901,-0.59894204,-0.561715,0.1273302,-0.059280694,1.1235551,0
0.10817384,-0.26222488,1.451663,-1.6259874,-1.4451228,-0.5039932,-0.51223415,0.038620345,-0.083126396,1.0230782,0
0.16331609,-0.11141671,1.4006675,-1.6183422,-1.5376216,-0.48962855,-0.71223414,-0.10087808,-0.04425012,1.031595,0
0.18645044,-0.19757178,1.3615522,-1.5999252,-1.5900583,-0.33975685,-0.74891776,-0.09921266,0.0033567473,1.1077628,0
0.28586385,-0.083559886,1.1755685,-1.6205639,-1.6479543,-0.24276647,-0.8735878,-0.09887161,0.0109498305,1.1642041,0
0.3197663,-0.16056666,0.9755685,-1.4205638,-1.607638,-0.42314517,-0.9449606,-0.022949256,-0.071442895,1.0846883,0
0.33985478,-0.11832273,1.0305482,-1.5389286,-1.5811043,-0.43734807,-0.9810997,0.03178929,-0.058694474,1.0767144,0
0.21935003,-0.31832272,1.0696256,-1.7093931,-1.4810047,-0.4955536,-0.9342568,-0.025055509,-0.2237905,1.0829552,0
0.12264422,-0.118322715,1.2696257,-1.7000481,-1.3750627,-0.46342888,-0.85367817,-0.087330125,-0.30489287,1.0880107,0
0.28105214,-0.16716307,1.2058562,-1.6873728,-1.3764348,-0.52267516,-0.849479,0.04438045,-0.21917304,1.006592,0
0.3853683,-0.36716306,1.0588226,-1.5467317,-1.3856556,-0.5137217,-0.82760835,0.15343234,-0.15282227,0.84884083,0
0.46773157,-0.33981162,1.0987414,-1.6328592,-1.4771303,-0.4257702,-0.9736025,-0.022988155,-0.20069438,0.97514313,0
0.626955,-0.44837534,1.1217791,-1.6147823,-1.5559497,-0.5314078,-1.0501044,-0.037693795,-0.20824349,0.8301188,0
0.57665575,-0.2400327,1.142264,-1.58484,-1.6441984,-0.44073728,-1.0063965,0.15685453,-0.16172059,0.91221684,0
0.5937644,-0.1767948,1.2504679,-1.6823026,-1.4804873,-0.48865807,-1.0809621,-0.020319771,-0.11747078,0.78041905,0
0.64290905,-0.18234673,1.4095364,-1.5866127,-1.3467557,-0.5184059,-1.1657261,0.011399499,-0.02555319,0.7791598,0
0.58056796,-0.35902482,1.3965245,-1.4606417,-1.3155017,-0.329001,-1.096213,0.03281148,-0.12768283,0.821817,0
0.46750313,-0.16155149,1.4079195,-1.494756,-1.2466826,-0.34700376,-1.1828567,-0.14841145,-0.084969684,0.71678036,0
0.5281507,-0.24367696,1.4991884,-1.5456413,-1.3310827,-0.35377267,-1.166577,-0.18252411,-0.03958327,0.69049066,0
0.34125298,-0.44367695,1.402025,-1.4874263,-1.3456563,-0.19451423,-1.366577,-0.35044724,-0.12492481,0.6248817,0
0.39372984,-0.31615722,1.3665956,-1.399087,-1.4057274,-0.24745715,-1.3644154,-0.35226214,-0.00412672,0.4248817,0
0.42584097,-0.5161572,1.4091868,-1.3328601,-1.6057274,-0.36572903,-1.2033145,-0.30488783,0.025793,0.6248817,0
0.4878482,-0.33770415,1.50371,-1.2874018,-1.6128557,-0.24086742,-1.3020114,-0.23591805,-0.032094106,0.5640661,0
0.47891232,-0.5055181,1.4903915,-1.3030233,-1.4767102,-0.27898917,-1.105927,-0.17651212,-0.028666757,0.6763942,0
0.38662505,-0.44150874,1.3787298,-1.2206645,-1.3739007,-0.27849117,-1.2692168,-0.18889786,-0.055024635,0.690646,0
0.44963408,-0.56287014,1.4420636,-1.0555531,-1.4880784,-0.25796282,-1.2041,-0.14800805,0.11142686,0.749349,0
0.5430468,-0.3959577,1.465916,-1.0574982,-1.3620267,-0.2328997,-1.259766,-0.1697732,0.25972947,0.6104177,0
0.74304676,-0.53448695,1.5555729,-1.0100297,-1.3407463,-0.249989,-1.2247276,-0.2573012,0.17179194,0.6834134,0
0.94304675,-0.70035064,1.4750365,-0.94797915,-1.5407463,-0.29504406,-1.1265588,-0.24620807,0.04822982,0.4834134,0
0.86904866,-0.726043,1.3698732,-0.99209166,-1.6672252,-0.26579827,-0.9675343,-0.293249,0.09632385,0.63395256,0
0.7492204,-0.6368956,1.4367169,-0.97774446,-1.5057187,-0.32169852,-0.7864785,-0.09324901,-0.07537067,0.6044076,0
0.719775,-0.7681651,1.4888369,-1.092354,-1.5927346,-0.28065932,-0.74708086,-0.07885584,-0.26217338,0.7443445,0
0.77126694,-0.7511471,1.5822481,-0.9854158,-1.7639471,-0.38456234,-0.6784853,0.028477319,-0.26333073,0.6928748,0
0.8715799,-0.8832334,1.3876846,-0.98404115,-1.6443726,-0.3964465,-0.59240526,0.1478053,-0.2898214,0.7029253,0
0.6840706,-0.87929803,1.3528384,-1.0026716,-1.4443725,-0.42048392,-0.59428644,0.18611155,-0.22563806,0.7612855,0
0.759398,-0.9032298,1.3134876,-1.0585232,-1.4481528,-0.3242864,-0.684498,-0.0074249804,-0.2685783,0.78513694,0
0.8406478,-0.90295756,1.5067589,-1.0520647,-1.4497167,-0.27636996,-0.77298135,0.14808849,-0.24008593,0.7016981,0
0.9925565,-0.89648885,1.5779256,-1.0661604,-1.3994758,-0.33140188,-0.7345846,-0.0033816397,-0.3018437,0.7606166,0
1.0308354,-1.0648353,1.471862,-1.0727137,-1.2845254,-0.39204788,-0.5820491,0.1903546,-0.17673205,0.73331046,0
1.0209682,-0.9273569,1.4479471,-0.92828333,-1.3883556,-0.43063742,-0.7039902,0.3903546,-0.13790761,0.68400776,0
1.106098,-0.8529659,1.4367989,-0.9973018,-1.3830146,-0.427545,-0.7578695,0.5202858,0.04770474,0.7344573,0
1.0470665,-0.6529659,1.3102604,-0.7973018,-1.358621,-0.34466398,-0.72078127,0.45812201,0.24770474,0.5869534,0
1.0746917,-0.545291,1.2773538,-0.92350495,-1.2814404,-0.5071538,-0.77488,0.39693394,0.22428545,0.670723,0
1.1536584,-0.6884682,1.1259812,-0.8203025,-1.2257968,-0.44606936,-0.8335189,0.32713318,0.30695897,0.63975656,0
1.2503059,-0.6398625,1.0852892,-0.9319054,-1.040307,-0.40846044,-0.9526945,0.38607034,0.31847814,0.5321493,0
1.2896824,-0.7276813,1.070267,-0.93255574,-1.1434852,-0.4215244,-0.942516,0.4199118,0.3787062,0.7174354,0
1.2923522,-0.6746229,1.2236544,-0.7656047,-1.3018655,-0.42057595,-0.9718373,0.3881485,0.34416172,0.7292023,0
1.1921437,-0.6815816,1.2850106,-0.89002377,-1.1018654,-0.3459863,-1.1718373,0.40407786,0.29766697,0.86494875,0
1.2188143,-0.7385643,1.145568,-0.95783734,-1.1130797,-0.49267432,-1.3718374,0.27710867,0.34480262,0.7810797,0
1.2589749,-0.7270855,1.0952047,-0.9994317,-1.0909137,-0.57341814,-1.534193,0.42863923,0.32943025,0.6689155,0
1.2635548,-0.78706735,1.1320096,-0.9101048,-1.1037195,-0.4706262,-1.5563889,0.50219893,0.28176275,0.688176,0
1.1673688,-0.86257166,1.0902551,-0.7169339,-1.1646413,-0.6352299,-1.3563888,0.48013455,0.10002029,0.6680839,0
1.3666141,-0.9237958,1.1111801,-0.74352837,-1.0510087,-0.7182112,-1.3823173,0.4253075,0.17651275,0.6101431,0
1.3990449,-1.117538,1.0506943,-0.8259206,-1.1225985,-0.81060344,-1.2926968,0.2711934,0.0850075,0.58183855,0
1.401306,-1.1121473,1.0778333,-0.939466,-0.91817176,-0.88041604,-1.3272226,0.12130897,-0.11444075,0.58961374,0
1.3864422,-1.1243538,1.0438086,-0.84553033,-1.1181718,-0.7801958,-1.1961808,0.27612162,-0.12349675,0.525793,0
1.3314964,-1.1144334,1.1001232,-0.94336677,-1.0100096,-0.6589703,-1.0399892,0.1855864,-0.15272954,0.6071998,0
1.3601462,-1.1441758,1.0145468,-0.98806554,-0.9715586,-0.57596844,-1.078876,0.043959588,-0.033470362,0.698651,0
1.3289818,-1.0790006,0.97117263,-1.1880655,-1.0552056,-0.53713375,-1.0463142,0.08684139,-0.19621946,0.72320294,0
1.2856109,-1.0349736,0.95097977,-1.1421117,-0.95307374,-0.62267226,-1.1225291,-0.07869041,-0.30057138,0.6558713,0
1.3375707,-1.1073314,0.9280316,-1.0575402,-1.1375906,-0.6009753,-1.1495941,-0.02908364,-0.22386977,0.60876733,0
1.4093438,-1.0816149,0.9864082,-1.0384679,-1.226608,-0.6596227,-1.1839707,-0.10747048,-0.2855138,0.5982631,0
1.3866068,-1.2162443,0.8281673,-1.0868918,-1.1945792,-0.59232676,-1.2153512,-0.1235011,-0.26711243,0.6239585,0
1.3166062,-1.3118582,0.8167485,-1.0114521,-1.1555033,-0.70902926,-1.1974958,-0.12532872,-0.41231823,0.63074684,0
1.3068117,-1.1980891,0.66709,-1.0923342,-1.272057,-0.7293727,-1.1717389,-0.14906138,-0.4672979,0.67449975,0
1.3134129,-1.178719,0.5750264,-1.0929705,-1.3146535,-0.87086356,-1.0695024,-0.34302214,-0.5409812,0.5651996,0
1.3171402,-1.085354,0.6071836,-1.1739829,-1.2321085,-0.84428394,-1.127342,-0.3006534,-0.66991764,0.5470409,0
1.2816048,-1.2163329,0.73002976,-1.132117,-1.1750219,-0.93071455,-0.94114757,-0.20214441,-0.7248169,0.6037413,0
1.2508204,-1.0935719,0.5458845,-1.2232782,-1.2151617,-0.9810327,-0.9677161,-0.16979559,-0.74972767,0.6918882,0
1.2100676,-1.2441516,0.43708563,-1.2620922,-1.0559156,-1.076328,-1.0884696,-0.17815346,-0.6563971,0.5320726,0
1.0422808,-1.2405176,0.37828356,-1.2911534,-1.0619596,-1.0360125,-0.99040794,-0.2897503,-0.54455656,0.56594557,0
0.94315815,-1.3343811,0.37337318,-1.2616102,-1.0074296,-1.0436785,-1.0442216,-0.25901744,-0.5704814,0.76594555,0
0.8279641,-1.3585582,0.30046272,-1.3091149,-1.1201245,-1.098357,-1.0653526,-0.06743707,-0.5445143,0.70623505,0
0.7468966,-1.3132136,0.16856879,-1.24864,-1.2147365,-1.2218934,-1.1548252,-0.0857727,-0.56705034,0.7063746,0
0.87452394,-1.176583,0.1552766,-1.2811717,-1.3037317,-1.2203071,-1.135366,-0.08356711,-0.5964848,0.5870686,0
0.9062305,-1.3031448,-0.044427276,-1.1645081,-1.3098838,-1.1125854,-1.16339,-0.23417547,-0.601354,0.63160384,0
0.8840344,-1.1666747,-0.069367066,-1.2146093,-1.2628988,-1.1629204,-1.1357435,-0.40895975,-0.6592965,0.7335761,0
0.95255125,-1.0395652,0.0007369547,-1.3151218,-1.3138572,-1.0408638,-1.1403873,-0.40085295,-0.685227,0.73626316,0
0.99248654,-1.2395653,0.029844413,-1.2617408,-1.1649019,-1.1009767,-1.0323259,-0.4402382,-0.6009444,0.80553776,0
0.9738444,-1.1278268,-0.09358376,-1.2811447,-1.2317652,-1.0583011,-1.1086558,-0.44561157,-0.56440085,0.8637485,0
1.0798377,-0.9751833,-0.012861769,-1.389245,-1.2574253,-0.92679137,-1.067501,-0.3382164,-0.62217444,0.93364406,0
1.1206541,-1.1397494,0.111535564,-1.2762207,-1.184602,-0.83585525,-1.1585556,-0.23986797,-0.68497777,0.91269237,0
1.1339723,-1.0910668,0.16299185,-1.3317134,-1.1722713,-0.90841395,-1.0220565,-0.4252998,-0.64325976,0.94072,0
1.1308666,-1.201694,0.17171094,-1.2460217,-1.07466,-0.8881213,-1.152584,-0.5774473,-0.6109773,0.84627163,0
1.0128173,-1.219869,0.21908984,-1.347853,-1.0730177,-0.7792053,-0.96857435,-0.5690006,-0.71176124,0.6851531,0
0.8243393,-1.2960113,0.23828384,-1.547853,-1.1627128,-0.6781447,-0.8271113,-0.55149406,-0.75950134,0.81884944,0
0.7297072,-1.2635951,0.20041929,-1.5913949,-1.0097796,-0.85411596,-0.903627,-0.34187612,-0.91586095,0.881339,0
0.68691397,-1.3192253,0.28100628,-1.5724589,-1.009698,-0.7975126,-0.94489354,-0.18260355,-0.850162,0.9652678,0
0.64219236,-1.2324713,0.14033748,-1.4772211,-1.2096981,-0.8452309,-0.7958943,-0.38260356,-0.8125101,0.9905635,0
0.65086055,-1.0606644,0.15978955,-1.5274887,-1.0727724,-0.9367067,-0.9958943,-0.5826036,-0.7564503,0.99734664,0
0.57199246,-1.1606033,0.07297896,-1.4630432,-1.0973424,-0.9695232,-0.95757085,-0.47616503,-0.61281836,0.89499724,0
0.46156147,-1.3035909,0.07358448,-1.3960139,-1.1235019,-1.0110987,-0.9567066,-0.5788572,-0.58065605,0.94801253,0
0.43020838,-1.355146,-0.06269152,-1.412904,-1.2215784,-0.95235306,-0.9077706,-0.5557847,-0.6292247,1.024781,0
0.35873795,-1.1444896,-0.21280827,-1.3926767,-1.4084642,-0.98777467,-0.81621754,-0.6473752,-0.7813549,0.95985603,0
0.44082293,-1.208753,-0.22380674,-1.3688732,-1.341647,-1.1051899,-0.7950226,-0.70643747,-0.6823665,0.8958162,0
0.52144766,-1.1498033,-0.17369975,-1.388406,-1.197004,-1.157839,-0.8982423,-0.6566611,-0.6562913,0.8078845,0
0.5217279,-1.1779356,-0.17659026,-1.368923,-1.2858509,-1.2921492,-0.9230861,-0.6425506,-0.5319697,0.7510799,0
0.6101274,-1.045452,-0.1103472,-1.45088,-1.2907176,-1.2114288,-0.9907688,-0.6545242,-0.50878173,0.7843139,0
0.7240789,-1.0520564,-0.13563934,-1.4966782,-1.2617532,-1.1723521,-1.027014,-0.660925,-0.48293126,0.647465,0
0.7170595,-1.2374781,-0.20636964,-1.2815803,-1.3628514,-1.0928774,-1.0765656,-0.63131064,-0.38275856,0.71668774,0
0.6911466,-1.405092,-0.23642607,-1.2706751,-1.3157461,-1.0319446,-1.0738714,-0.6286341,-0.3175247,0.657434,0
0.5876905,-1.546962,-0.20699854,-1.1843728,-1.2997359,-1.0090111,-1.1703845,-0.51293576,-0.3819575,0.57422155,0
0.47214797,-1.672872,-0.20694722,-1.1981035,-1.2925551,-0.8698544,-1.2022585,-0.4556385,-0.32199746,0.5623514,0
0.360308,-1.7916058,-0.10097589,-1.1409205,-1.226844,-0.7658061,-1.3531114,-0.27178103,-0.11818711,0.58144706,0
0.40134564,-1.83361,-0.13900955,-1.1048542,-1.2110327,-0.8214603,-1.2550651,-0.16679482,-0.24422155,0.65781283,0
0.4547604,-1.8269581,-0.048733186,-1.2346855,-1.1793594,-0.75047755,-1.1852866,0.024935639,-0.19160451,0.72955483,0
0.4608666,-1.6774055,-0.027916664,-1.3488109,-1.1257333,-0.74395454,-1.1345383,-0.057934217,0.008395493,0.69209385,0
0.4622761,-1.69827,0.12314551,-1.2425973,-1.081643,-0.9439545,-1.300775,0.1420658,-0.16572608,0.58361006,0
0.6106148,-1.4982699,0.14997694,-1.0971004,-1.0229299,-0.9606082,-1.4676048,0.24676663,0.034273922,0.6502269,0
0.44673485,-1.5299262,0.17208017,-0.9686934,-1.1465443,-0.9526333,-1.6067009,0.32924083,-0.024919737,0.5129001,0
0.5128453,-1.686937,0.119663194,-0.98150665,-1.1866881,-0.7480198,-1.6107464,0.2588862,-0.12798223,0.5175831,0
0.5352372,-1.4869369,0.29458192,-0.94715494,-1.1703472,-0.7120803,-1.759057,0.33056632,-0.26748812,0.5075635,0
0.60402423,-1.630469,0.26325196,-0.9938997,-1.1231842,-0.6376214,-1.6827381,0.40579364,-0.18589042,0.46973658,0
0.654072,-1.591675,0.41504505,-1.0021398,-0.9597726,-0.7414392,-1.7872813,0.2406527,-0.13480271,0.34764668,0
0.5495415,-1.5529267,0.3814233,-0.92179316,-0.873643,-0.7402206,-1.9355601,0.23472944,-0.11197689,0.40746775,0
0.352828,-1.4410031,0.2772163,-1.0741969,-0.9877859,-0.65326923,-1.9686956,0.2862612,-0.009531161,0.4560624,0
0.37503597,-1.2819805,0.21369496,-1.1593184,-0.96634233,-0.7422779,-2.0427577,0.28682497,-0.03472888,0.29165223,0
0.48784497,-1.194977,0.38895962,-1.2068985,-0.7233111,-0.84208316,-2.0845783,0.33668077,-0.037661783,0.18336229,0
0.50969285,-1.2849958,0.5615219,-1.320076,-0.880297,-0.7906146,-1.8647668,0.35377595,-0.048560616,0.16194625,0
0.5275601,-1.2568449,0.3916483,-1.3566327,-0.8220247,-0.7841905,-1.6647668,0.31396022,-0.091755,0.22086632,0
0.47170717,-1.2178826,0.3851042,-1.5405567,-0.97765625,-0.6694328,-1.6194375,0.45773798,-0.04588298,0.061367765,0
0.36527464,-1.2396504,0.39061266,-1.5293753,-1.0453702,-0.74224,-1.687871,0.57084495,-0.014511212,0.13990101,0
0.43328324,-1.2886622,0.2876201,-1.4183637,-1.2453703,-0.81967306,-1.4878709,0.65371495,0.13872027,0.24884479,0
0.30693412,-1.219901,0.22564411,-1.3400261,-1.2199789,-0.9191178,-1.3364829,0.60482424,0.079056874,0.31647402,0
0.4361695,-1.3723682,0.15571615,-1.3006575,-1.3025446,-1.0510145,-1.3430247,0.5751715,0.15945648,0.49918446,0
0.3806377,-1.381189,0.08468107,-1.3125402,-1.3259472,-1.0138519,-1.3540746,0.588968,0.07594915,0.4952755,0
0.33638877,-1.4933549,0.243929,-1.2102318,-1.413796,-0.905749,-1.2938612,0.463177,0.27227885,0.59213775,0
0.4409975,-1.3367805,0.25582573,-1.2637318,-1.498099,-0.83039844,-1.4099584,0.40149894,0.1140731,0.50991666,0
0.4657026,-1.3566544,0.29677337,-1.3557874,-1.5848379,-0.8018487,-1.2129649,0.37655145,0.23992929,0.4371058,0
0.54339415,-1.1967993,0.1921466,-1.4661564,-1.4646395,-0.7935081,-1.1750171,0.46965978,0.3900271,0.4319281,0
0.52245975,-1.247258,0.12598614,-1.4826167,-1.4790866,-0.72066855,-1.3183916,0.4169197,0.47483948,0.33592665,0
0.30372074,-1.3303401,0.13659124,-1.5078998,-1.3856003,-0.8211849,-1.3550991,0.2802309,0.3916502,0.42788294,0
0.29643786,-1.1112013,0.2464117,-1.5804877,-1.5010763,-0.8372431,-1.3004787,0.3557454,0.28035438,0.51777506,0
0.4160857,-1.1904126,0.26003698,-1.6731349,-1.5054983,-0.659598,-1.1879573,0.26697457,0.2676861,0.53574485,0
0.45804626,-1.1891006,0.29744527,-1.6338019,-1.4049077,-0.53011423,-1.3823146,0.2879423,0.26856855,0.5457381,0
0.52864134,-1.3248458,0.11967799,-1.5561994,-1.4502852,-0.58416754,-1.2153751,0.1790711,0.3301997,0.508445,0
0.5461584,-1.2846043,0.0011488721,-1.6309297,-1.3272605,-0.6346478,-1.3240553,0.05662109,0.29187852,0.39378327,0
0.56176966,-1.2615771,0.07636887,-1.5735279,-1.3051625,-0.69920784,-1.2892203,-0.050542414,0.36334828,0.4211138,0
0.57076,-1.2403458,-0.034003183,-1.5482451,-1.3842965,-0.7610908,-1.3518467,-0.010264603,0.51153517,0.3908391,0
0.5671972,-1.2467914,-0.16288446,-1.3937002,-1.536152,-0.7223561,-1.3934895,0.04588834,0.51186836,0.25957084,0
0.66140866,-1.3461467,-0.22583316,-1.4057845,-1.3223931,-0.75247633,-1.3725822,-0.15252471,0.64965725,0.28098547,0
0.64342356,-1.3415364,-0.41384926,-1.4442083,-1.3172282,-0.6511147,-1.378911,-0.13132456,0.5676409,0.35969192,0
0.47979924,-1.4008005,-0.6138493,-1.3695539,-1.3740771,-0.6985723,-1.1841443,-0.031099238,0.53577435,0.4417779,0
0.4878044,-1.495166,-0.41988802,-1.4762257,-1.2865174,-0.74651796,-1.1431744,0.08495799,0.7309081,0.33206883,0
0.43691954,-1.4123883,-0.4658922,-1.5530602,-1.3011919,-0.6044459,-1.0853847,0.066000275,0.5808228,0.28169963,0
0.63484967,-1.406622,-0.41775224,-1.4830089,-1.3677402,-0.60819554,-0.88538474,0.1316638,0.5257253,0.37993985,0
0.43484968,-1.5455933,-0.39664513,-1.5534666,-1.3448751,-0.5301386,-0.79213846,0.099843994,0.48129904,0.17993985,0
0.3804955,-1.3455932,-0.359101,-1.4867228,-1.5070825,-0.6875635,-0.7876581,0.10614392,0.42788538,0.10052245,0
0.28979132,-1.4288479,-0.41069204,-1.6867229,-1.4573706,-0.6732378,-0.89944047,0.04692155,0.49092376,0.13341394,0
0.23565966,-1.5265946,-0.42844352,-1.5789373,-1.4291325,-0.81184584,-0.99698275,-0.004624526,0.48922566,0.050146595,0
0.29124978,-1.522746,-0.36744264,-1.5317744,-1.3486973,-0.9081485,-1.0374382,-0.017487066,0.5611099,0.124677174,0
0.33833736,-1.4566104,-0.38704175,-1.6642493,-1.214654,-0.96333224,-1.0717022,0.13216718,0.48977354,0.18708767,0
0.22395937,-1.5511858,-0.45018917,-1.6462476,-1.2087339,-0.9444372,-0.9582312,0.26180393,0.4343584,0.32007748,0
0.27872118,-1.5204036,-0.41481084,-1.7008457,-1.2460636,-0.81549233,-1.0528616,0.08570117,0.31996754,0.33136046,0
0.4135152,-1.4370433,-0.34011534,-1.7159152,-1.3150314,-0.9222578,-0.9566913,0.26595983,0.22767423,0.29355103,0
0.45537552,-1.3404167,-0.37927818,-1.6457919,-1.5047841,-0.92285496,-0.8644701,0.21225685,0.28738385,0.3904441,0
0.51092666,-1.3624444,-0.40504363,-1.6667539,-1.3424673,-0.8943193,-1.0198573,0.26987052,0.24536966,0.40669313,0
0.6056809,-1.3760252,-0.48275924,-1.6119986,-1.3095257,-0.8620561,-1.0201684,0.28682968,0.21267445,0.5309095,0
0.5879475,-1.3868088,-0.47141877,-1.4006268,-1.4743054,-0.8231936,-1.1289371,0.316448,0.3827992,0.41795903,0
0.5745622,-1.333746,-0.40719625,-1.2476349,-1.568011,-0.7946105,-1.208428,0.4024296,0.4756463,0.47963265,0
0.482957,-1.4211255,-0.38808092,-1.2101172,-1.4527738,-0.7910276,-1.1752291,0.5674295,0.6003897,0.5764379,0
0.33665973,-1.426542,-0.34384438,-1.2739352,-1.3210316,-0.8230665,-1.2645491,0.5439101,0.57426757,0.6806104,0
0.47552976,-1.4614571,-0.19431461,-1.3354656,-1.2289332,-0.9017251,-1.205113,0.5100303,0.5822466,0.6648033,0
0.60824263,-1.5488393,-0.18415771,-1.2135335,-1.1649804,-0.8487081,-1.1668568,0.36744422,0.4749633,0.46480334,0
0.45067042,-1.6010752,-0.0022468816,-1.2814059,-1.3291882,-0.97355294,-1.1386693,0.26830876,0.46008217,0.5446725,0
0.6185358,-1.3913419,0.100380756,-1.3305957,-1.257443,-1.068219,-1.2725567,0.44518045,0.3798114,0.46574804,0
0.57592297,-1.5213838,0.17463785,-1.2269343,-1.2639576,-1.0990443,-1.2679083,0.46141672,0.30576783,0.31362253,0
0.5672125,-1.5077478,0.23883885,-1.3101062,-1.2948114,-1.1166862,-1.1987644,0.38497272,0.26414657,0.23023342,0
0.53121394,-1.3077477,0.3026131,-1.352227,-1.0948113,-1.1326287,-1.2711793,0.58497274,0.3127066,0.25987637,0
0.65815705,-1.1690516,0.46589553,-1.4755028,-1.138733,-1.2073443,-1.2491202,0.5828881,0.20706588,0.3296239,0
0.5207233,-1.0417078,0.49538726,-1.6743029,-0.97300905,-1.1253053,-1.3678358,0.58742094,0.218892,0.34348983,0
0.46229663,-1.0611848,0.59543985,-1.5171615,-0.8935201,-1.1379588,-1.3081732,0.72602654,0.053896964,0.3566676,0
0.4446353,-0.89370596,0.5450379,-1.6028112,-0.7632496,-1.3159413,-1.5081732,0.60617715,0.10383625,0.3852261,0
0.47256675,-1.0777042,0.7341374,-1.6443831,-0.8478483,-1.2462777,-1.2890335,0.50070626,0.08523753,0.4250265,0
0.4215291,-0.9550774,0.5347686,-1.535337,-0.8700813,-1.2335086,-1.327353,0.4625505,0.15805689,0.37817615,0
0.21755151,-1.0867295,0.6396779,-1.508024,-0.87309086,-1.3100964,-1.4854681,0.535388,0.18307188,0.28802007,0
0.094661444,-0.9783589,0.75313145,-1.4846307,-0.9743638,-1.2784641,-1.4600625,0.335388,0.27561128,0.17781347,0
-0.10533856,-0.99562585,0.7937019,-1.4316634,-0.8913677,-1.3186985,-1.5876085,0.440028,0.07561128,0.15539458,0
-0.1718741,-0.90228236,0.7643186,-1.3421588,-0.9661108,-1.3969532,-1.4609461,0.5583996,-0.028291136,0.115401305,0
-0.11664195,-1.0263951,0.5660255,-1.5081732,-0.7509573,-1.3750963,-1.628093,0.4745105,-0.019645514,-0.08292535,0
-0.017955087,-1.0323465,0.7096143,-1.3300797,-0.78289616,-1.4417483,-1.6587255,0.42289627,0.021856474,-0.19753307,0
0.11208331,-0.892722,0.5305435,-1.2624695,-0.78463095,-1.3352613,-1.8587255,0.31413218,0.05578933,-0.26097015,0
0.08840898,-0.692722,0.7305435,-1.4284326,-0.89931947,-1.2702863,-1.774564,0.41509447,-0.07911236,-0.11459212,0
0.18801107,-0.55442065,0.841174,-1.4103804,-0.97543675,-1.3160589,-1.7435304,0.4761718,-0.09530236,0.03626299,0
0.2279233,-0.6888126,0.88054144,-1.5285516,-0.92968416,-1.2336972,-1.6902163,0.3420854,-0.03835055,-0.010852263,0
0.13574016,-0.59285015,1.0533898,-1.7048849,-0.8104742,-1.2555254,-1.5274498,0.18436751,0.09335691,-0.06940955,0
0.18439983,-0.71778333,1.1635873,-1.6240839,-0.79595995,-1.2922326,-1.3438853,0.21569093,-0.106643096,0.13059045,0
0.25882563,-0.51778334,1.046093,-1.7618995,-0.91281694,-1.1713434,-1.2465761,0.16276841,-0.3066431,0.23848578,0
0.32866663,-0.66513133,1.0703015,-1.7303615,-0.77203405,-1.2482512,-1.3569658,0.2992458,-0.43075606,0.19814506,0
0.32796916,-0.46231425,1.2626079,-1.6842875,-0.6063818,-1.2948052,-1.2999187,0.33289543,-0.6269359,0.09911149,0
0.36148685,-0.4992018,1.2199632,-1.5482043,-0.6077751,-1.3726765,-1.2009668,0.4777375,-0.50434494,0.045818493,0
0.56148684,-0.6992018,1.2472345,-1.4247658,-0.6053352,-1.4199437,-1.0660973,0.4399808,-0.58166367,0.2458185,0
0.6177787,-0.7219123,1.0829383,-1.6246974,-0.6598618,-1.5472149,-0.9283381,0.46935067,-0.5962248,0.133856,0
0.57272375,-0.9217121,1.1077217,-1.5672865,-0.61502326,-1.4749366,-0.8861267,0.5706046,-0.688797,0.007554306,0
0.5448782,-0.9119183,1.1185261,-1.3625925,-0.5837259,-1.5610039,-0.9558508,0.60855687,-0.8380076,-0.0060154204,0
0.49054775,-0.8042401,0.99791336,-1.5068556,-0.65329874,-1.531422,-1.0223066,0.6689951,-0.76167,-0.035456732,0
0.29623863,-0.73579496,1.0601115,-1.5352056,-0.67107666,-1.5708232,-1.0120751,0.7544373,-0.6105578,-0.07793509,0
0.33281854,-0.80707365,1.1957592,-1.4988817,-0.75682974,-1.3329732,-1.0401474,0.78673315,-0.7042968,-0.12197168,0
0.3574201,-0.80193806,1.1428641,-1.5007017,-0.7163764,-1.3758925,-1.0299764,0.87229216,-0.6433268,-0.17033009,0
0.36585036,-0.82701916,1.2565751,-1.3595607,-0.63561463,-1.4747583,-1.0294771,0.78321916,-0.69021744,-0.16196755,0
0.3507765,-0.70308083,1.2114297,-1.3622968,-0.7129693,-1.5160787,-1.0109818,0.8361062,-0.7014755,-0.19791986,0
0.35664394,-0.72053367,1.1347146,-1.259152,-0.71659845,-1.5464914,-1.0842558,0.981181,-0.5273335,-0.14956376,0
0.29760736,-0.92053366,1.1544418,-1.2319826,-0.8176424,-1.4594566,-1.1158113,0.9026434,-0.5468007,-0.17081323,0
0.41383222,-0.9591655,1.0662391,-1.1380715,-0.83081496,-1.4530387,-0.91581136,0.76119256,-0.40181804,-0.025566474,0
0.45244974,-0.88397175,0.9732389,-1.2182649,-0.86148477,-1.5876127,-0.97828376,0.73352003,-0.47200453,-0.025545843,0
0.2726795,-0.94941986,0.9080713,-1.2898076,-0.9963586,-1.4766861,-1.0980513,0.7435407,-0.6013655,-0.027013836,0
0.28451967,-0.99194777,0.7543894,-1.2552454,-1.0725577,-1.4540503,-1.156984,0.8231078,-0.7132308,-0.029716494,0
0.3510672,-0.9670205,0.6680957,-1.1869975,-1.2098044,-1.4063004,-1.1760044,0.9279229,-0.6304478,0.059223574,0
0.33226487,-0.82280314,0.56048805,-1.2025651,-1.2051293,-1.3766838,-1.2821186,1.0306652,-0.6282368,0.06253013,0
0.30930778,-0.862861,0.51380306,-1.1860077,-1.2433999,-1.4166965,-1.2833933,0.9683497,-0.5867396,0.08400497,0
0.11621773,-0.95043117,0.42789546,-1.0871848,-1.2039183,-1.2631799,-1.2985115,0.9809493,-0.63620746,0.005378194,0
0.12801795,-0.8321168,0.4381776,-1.2871848,-1.1660175,-1.3309693,-1.1805313,1.1809493,-0.6557689,0.05080316,0
0.12356972,-1.010671,0.37977532,-1.2292132,-1.2008628,-1.3628192,-1.0408608,1.2164146,-0.66343033,-0.07441156,0
0.20468687,-1.0823511,0.33726013,-1.0966207,-1.294823,-1.3654547,-1.0862073,1.1581053,-0.63882494,-0.010640441,0
0.17224486,-0.9776471,0.37639797,-1.0538043,-1.1784966,-1.3828155,-1.1090014,1.1918818,-0.43882495,0.11361946,0
0.21491012,-1.1776471,0.25412834,-1.1748377,-1.0224715,-1.1828154,-1.0421182,1.2864468,-0.40625483,0.09815169,0
0.07359998,-1.1247597,0.40924877,-1.2491791,-1.174292,-1.1817361,-1.0298641,1.3279463,-0.4329575,-0.03608688,0
0.09003875,-1.1936327,0.4202551,-1.153408,-1.2133844,-1.1490119,-0.94584125,1.3585054,-0.5104221,0.063773766,0
0.049659938,-1.2459424,0.32077065,-0.96611845,-1.330988,-1.1705453,-1.0728388,1.3562514,-0.52501625,0.03370379,0
0.08930707,-1.3383452,0.4732225,-0.9525579,-1.3075712,-1.1905701,-0.95154417,1.3180783,-0.5462248,0.034971517,0
0.028153349,-1.1892012,0.5403587,-1.0965445,-1.392905,-1.1037279,-1.0278251,1.1956702,-0.6666762,0.041247986,0
0.0753766,-1.3733858,0.52273655,-1.0358888,-1.3767318,-1.0314907,-1.0323942,1.2333404,-0.46346152,-0.026184425,0
0.15892611,-1.4476858,0.6805675,-0.9400134,-1.275615,-0.9703978,-1.0062556,1.1396477,-0.45859906,-0.22618443,0
0.28127706,-1.6476859,0.5130408,-1.1400135,-1.0956239,-0.8461984,-0.8849927,0.93964773,-0.46913847,-0.026184425,0
0.08127706,-1.4476858,0.36753365,-1.1282117,-1.0623815,-0.85871774,-0.76430535,1.047802,-0.38471514,0.0032186005,0
0.10266787,-1.5896648,0.44442528,-1.1377239,-0.9710202,-0.81174576,-0.67723346,1.0448757,-0.24239436,-0.051859587,0
0.12652318,-1.5241685,0.39493364,-1.1002103,-1.0303442,-0.8207534,-0.7781876,1.0728731,-0.2698912,-0.08830711,0
0.17807879,-1.4369364,0.43323848,-1.0240346,-1.0921787,-0.9168677,-0.8755839,1.1459811,-0.21246287,-0.1893914,0
0.14871892,-1.6068223,0.6332385,-1.0510447,-0.9986634,-0.8332639,-0.97220457,1.02856,-0.18477713,-0.20558882,0
0.16700499,-1.601341,0.59702724,-1.233005,-1.0582179,-0.7781416,-0.794778,1.0426879,-0.07542851,-0.2175696,0
0.20313594,-1.6377759,0.4821241,-1.2067837,-1.2013702,-0.71793324,-0.8048771,1.0954466,-0.14212017,-0.34928918,0
0.19120595,-1.4377759,0.45716527,-1.110894,-1.124572,-0.5664696,-0.77014697,1.0771984,-0.08855889,-0.4087212,0
0.1484669,-1.4133208,0.59361446,-1.0739881,-1.2417612,-0.7664696,-0.71767217,0.95081323,0.11144111,-0.42821857,0
0.21521378,-1.5010555,0.47608048,-1.1837456,-1.2638268,-0.7421069,-0.59648466,0.8310147,0.10650368,-0.35900527,0
0.32154185,-1.412404,0.50486565,-1.3186423,-1.3229438,-0.7710501,-0.54416597,1.0310147,0.098064914,-0.22729397,0
0.4123016,-1.5838786,0.69468045,-1.1552523,-1.3643309,-0.8179121,-0.6640995,1.1766032,0.23980995,-0.301389,0
0.31627864,-1.5080618,0.65043133,-1.180379,-1.3869759,-0.759738,-0.63808614,1.2427737,0.20226295,-0.21230975,0
0.30872992,-1.5238634,0.53249735,-1.268971,-1.3977476,-0.7406557,-0.65727454,1.3187078,0.07772671,-0.096819386,0
0.37076005,-1.3635887,0.49669623,-1.2165586,-1.4889566,-0.8825185,-0.6482463,1.2491422,0.11671744,-0.21453965,0
0.42977837,-1.3520842,0.599681,-1.3676044,-1.4468564,-0.99556744,-0.60294807,1.1225599,0.2009358,-0.09268613,0
0.39398348,-1.1520841,0.7983014,-1.3221521,-1.6363899,-0.92039376,-0.46200317,1.007438,0.26892108,-0.06503591,0
0.4079929,-1.1658179,0.86065406,-1.2847638,-1.6970236,-0.74544966,-0.6164559,0.90577626,0.24998753,-0.017403577,0
0.4674595,-1.3017621,0.8076628,-1.0988165,-1.8189594,-0.7276305,-0.778667,0.8227073,0.32424968,-0.028531112,0
0.49037308,-1.3762852,0.8155508,-0.8988165,-1.7095652,-0.7043057,-0.92813396,0.8543105,0.36508426,0.013722036,0
0.4611198,-1.3666615,0.6926396,-0.8023807,-1.7822663,-0.6174229,-0.728134,0.7783521,0.36345702,0.16206603,0
0.53586936,-1.3744795,0.76205015,-0.69951016,-1.7940111,-0.6858484,-0.595717,0.83785015,0.34442285,0.24375412,0
0.6004491,-1.4812024,0.9177038,-0.80544096,-1.6971633,-0.6055844,-0.66131747,0.9818608,0.507277,0.22083348,0
0.55946064,-1.5128065,1.02587,-0.92244345,-1.5599205,-0.503829,-0.7542221,0.99767214,0.48472568,0.09355967,0
0.47113934,-1.4240165,0.879525,-0.87040555,-1.4294351,-0.52115375,-0.65737635,0.9290563,0.50159645,0.18442285,0
0.60876924,-1.3393228,0.7671945,-0.7715795,-1.4419162,-0.5349224,-0.7034633,0.9114779,0.44074214,0.33148128,0
0.42008525,-1.4911,0.9023063,-0.7678887,-1.3954692,-0.51518285,-0.71987283,0.9106459,0.41939473,0.38170162,0
0.45955098,-1.4545443,1.0143318,-0.7772391,-1.336491,-0.5266664,-0.7411061,0.91778207,0.5754158,0.4339218,0
0.5608803,-1.4978966,1.1371086,-0.6602826,-1.2674296,-0.53965896,-0.57735455,1.0224106,0.6304051,0.6302775,0
0.47407126,-1.5904541,1.1264403,-0.6506874,-1.2335202,-0.50559926,-0.69064116,1.1939889,0.626804,0.6933747,0
0.4582258,-1.7218397,0.8909369,-0.68355674,-1.2130727,-0.29388797,-0.7275891,1.2894187,0.62403977,0.6518838,0
0.4552047,-1.6836277,0.68514025,-0.50476253,-1.3135495,-0.2989593,-0.82364297,1.3522542,0.5996269,0.7434133,0
0.5599284,-1.7970537,0.64063805,-0.43570364,-1.1951553,-0.25122675,-0.6965641,1.1522541,0.63316727,0.78808326,0
0.48246217,-1.7765661,0.761466,-0.3372092,-1.3575141,-0.14634663,-0.65709126,1.24003,0.7433134,0.7288923,0
0.3569563,-1.9077697,0.78706735,-0.3377222,-1.175703,-0.34634662,-0.6847896,1.1919689,0.71053135,0.73140764,0
0.3744545,-1.7982062,0.86668754,-0.53772223,-1.0841826,-0.24521932,-0.5013542,1.1483488,0.7621986,0.65433073,0
0.470918,-1.6888812,0.77310795,-0.5390732,-0.9531479,-0.27960423,-0.5263686,1.1906443,0.7537877,0.6956703,0
0.39647081,-1.7341036,0.7318703,-0.5690871,-1.1531479,-0.15573159,-0.5263111,1.301683,0.7845672,0.7104512,0
0.3583402,-1.8928443,0.7728932,-0.6025005,-0.95314795,-0.34322047,-0.49548563,1.2806251,0.82508004,0.8200824,0
0.3405112,-1.9090698,0.72101057,-0.54859126,-0.9453137,-0.31946725,-0.6574892,1.2714055,0.93880016,0.7020754,0
0.45741665,-1.9080642,0.74591994,-0.67835754,-0.9210152,-0.19037737,-0.7174488,1.2720406,0.81489205,0.6056685,0
0.3751969,-1.8982309,0.89607126,-0.757326,-0.8193979,-0.16274646,-0.8068407,1.1748719,0.7380565,0.7781495,0
0.3108956,-1.6982309,0.81634635,-0.7460248,-0.8541052,-0.1898258,-0.8231235,1.080373,0.64970016,0.86371094,0
0.26405555,-1.8261234,0.9294431,-0.69482183,-0.95624536,-0.22915669,-0.7667602,0.9197608,0.57407445,0.8652117,0
0.26587516,-2.025576,0.99527216,-0.54397076,-0.8657364,-0.28757384,-0.65048194,1.09145,0.45272437,0.8924622,0
0.3975261,-2.0469909,1.0643147,-0.41867858,-0.692255,-0.2985452,-0.68807375,1.0921443,0.45185104,0.951317,0
0.30215156,-2.1774523,1.0401572,-0.40030375,-0.6467306,-0.21163765,-0.71391195,1.113762,0.42657906,0.72806567,0
0.26977906,-2.0616415,0.8401572,-0.4236099,-0.496267,-0.230709,-0.6814023,1.014222,0.42514983,0.66457224,0
0.2334117,-2.1945405,0.8575597,-0.3314005,-0.6135366,-0.1503577,-0.48140234,0.950744,0.34955537,0.46457225,0
0.057081044,-2.3082697,0.83791417,-0.3455007,-0.5385919,-0.17459317,-0.63813424,0.83679897,0.52926755,0.5499072,0
-0.015036739,-2.3161747,0.830453,-0.373729,-0.5085854,-0.108528614,-0.48815727,1.0141151,0.55137026,0.496399,0
0.06621348,-2.301023,1.030453,-0.31744885,-0.44242105,-0.07755109,-0.4632031,0.8141151,0.6276057,0.5472963,0
0.024991333,-2.2148676,1.1100663,-0.33486238,-0.37854987,0.010254636,-0.35560673,0.63515097,0.670464,0.53842306,0
0.19497178,-2.2836418,1.1834092,-0.31916964,-0.4302427,0.0680964,-0.5556067,0.55443966,0.69530374,0.7205643,0
0.13971393,-2.3073294,1.2958452,-0.3390306,-0.43103105,0.020500634,-0.5857445,0.5320384,0.63043976,0.8079179,0
0.16857333,-2.1754594,1.3192143,-0.4456515,-0.5619292,0.10723511,-0.45566404,0.72289145,0.71231,0.85742444,0
0.2227239,-2.1515281,1.180604,-0.4649891,-0.59160405,0.221488,-0.3134733,0.88628924,0.63027096,1.0154866,0
0.04434015,-2.1578445,1.251425,-0.2986093,-0.54990405,0.1825501,-0.48945752,1.0484878,0.5016379,0.87192535,0
0.06082356,-2.2105253,1.0798382,-0.25517613,-0.74990404,0.28801784,-0.48396736,0.8484878,0.5819823,0.8056056,0
-0.11424737,-2.1225934,1.132849,-0.055176124,-0.8100719,0.3902157,-0.5099903,0.6908373,0.6230053,0.7946131,0
-0.10826514,-1.9225934,1.1011152,-0.02508642,-0.88479567,0.19021569,-0.5916191,0.59369284,0.49815166,0.85915977,0
-0.09845359,-1.8390737,0.96895343,0.09243203,-0.8764975,0.19690572,-0.6362869,0.6269719,0.5527781,0.8255856,0
-0.0038934126,-1.9077549,0.93446046,0.13593382,-0.9140437,0.1958784,-0.768557,0.76240003,0.7527781,0.6845908,0
-0.08296174,-1.9704165,1.0108517,0.12691097,-0.98358905,0.24905308,-0.6639807,0.83870405,0.8837566,0.77152336,0
-0.15274525,-1.7919283,1.075207,0.17370175,-0.9718971,0.38127375,-0.8639807,1.038704,0.90387183,0.72641575,0
-0.16133234,-1.763131,1.1849475,0.014723197,-0.77189714,0.4748033,-0.9833775,1.098074,0.9238148,0.5956131,0
-0.25003916,-1.7262106,1.202441,-0.100432195,-0.9718971,0.5612474,-0.85450757,0.93822885,0.99672455,0.5121785,0
-0.12631361,-1.6449956,1.1092132,-0.14487337,-1.0308628,0.3987888,-0.91740626,0.8410277,1.04396,0.66782486,0
-0.1137886,-1.7140902,1.1531478,-0.18139338,-1.087255,0.21941866,-0.84268814,0.90909284,1.0648001,0.660214,0
-0.11293326,-1.7561153,1.151364,-0.16730994,-0.95839083,0.24130875,-0.8097978,0.99155116,0.97193325,0.77079225,0
0.08453269,-1.705027,1.351364,-0.29993147,-0.75839084,0.15454,-0.9559961,0.8777519,0.94722676,0.77630264,0
0.0067816824,-1.8632733,1.2855042,-0.2564113,-0.54615223,0.097474866,-0.9661737,1.0541301,0.93155277,0.76788235,0
0.021200906,-1.8648417,1.0840935,-0.13632211,-0.4562968,0.11459546,-1.0559361,1.1955091,0.94978625,0.8126494,0
0.00481621,-1.8536707,1.1271397,-0.020021055,-0.57548517,0.1117052,-1.0360855,1.1970985,0.964421,0.7160656,0
-0.06087246,-1.8401102,1.09774,0.015959399,-0.6332323,0.27369353,-1.038822,1.1832174,0.9189004,0.77818865,0
0.058665764,-1.6437125,0.9142648,-0.06090164,-0.8332323,0.3817972,-1.1302074,1.1755408,0.88908726,0.75386274,0
0.078518584,-1.4927088,0.96579504,-0.10426538,-0.91542244,0.421133,-1.0630509,1.1469965,0.87115353,0.69356513,0
0.062061585,-1.5218462,1.0354376,-0.25629383,-0.9947121,0.28286564,-0.8630509,1.0945674,0.86367863,0.8647137,0
0.06256336,-1.5771751,0.9625134,-0.25195023,-0.90798,0.11705443,-0.8422385,1.0071677,0.81302077,0.87276393,0
0.14202616,-1.6700097,0.852574,-0.20395602,-0.9588275,0.04175058,-0.93089145,1.1392766,0.8760214,0.8505648,0
0.09116085,-1.7018831,0.87455696,-0.28497759,-0.92720664,-0.003558997,-0.90755486,1.1821723,1.0760214,0.9305259,0
0.1780813,-1.6290101,0.73606974,-0.14016426,-1.1080582,0.03213413,-0.94838893,1.051142,1.087345,0.91476804,0
0.09135826,-1.8076876,0.65617955,-0.30710477,-1.1079774,-0.03743125,-0.9131443,0.94127,1.2633388,0.8088088,0
0.097611055,-1.7532498,0.6994986,-0.21906853,-1.0777323,-0.045775466,-0.7131443,1.0308172,1.247387,0.9141809,0
0.14125031,-1.5532497,0.7737362,-0.05917582,-1.172994,-0.043988094,-0.73831415,0.9473604,1.2131318,0.9963319,0
0.18960293,-1.6022427,0.769956,-0.0021109283,-1.0449896,-0.07767463,-0.6244559,1.0252519,1.2765529,1.0723382,0
0.22240953,-1.7081804,0.68457794,-0.062076747,-1.0588645,-0.10142244,-0.6251063,1.1731186,1.2292382,1.0726982,0
0.331679,-1.5081804,0.6524377,-0.09564539,-0.94150734,-0.1756457,-0.52307755,1.0440497,1.2998494,1.070039,0
0.29898176,-1.654327,0.4804333,-0.23068947,-0.9010158,-0.19716111,-0.60430264,0.9977545,1.4230272,1.0732901,0
0.15239227,-1.7004348,0.4984462,-0.41872942,-0.92943496,-0.30404922,-0.69769365,0.8581844,1.6228902,0.9209726,0
0.08070753,-1.6546834,0.5719047,-0.2316182,-0.8960904,-0.21075588,-0.8637285,0.9484887,1.5656327,0.96463835,0
-0.015565055,-1.7286268,0.38935247,-0.28670403,-0.9818249,-0.3155727,-0.7665379,0.9172625,1.5872846,0.8751127,0
-0.04992637,-1.7251712,0.20155051,-0.29548848,-1.0473479,-0.24149573,-0.60044575,1.0305852,1.5541797,0.9486742,0
0.08147614,-1.6771674,0.18794918,-0.21557295,-0.8920559,-0.06750512,-0.5638202,1.0515726,1.5885348,0.8670764,0
0.0110146105,-1.7940546,0.17226303,-0.37494782,-0.80540407,-0.15026313,-0.66433495,1.0367832,1.6299928,0.8755546,0
0.03926079,-1.7641422,0.102877334,-0.4631851,-0.82376826,-0.11303794,-0.7103212,1.1296471,1.5788631,0.8344445,0
0.052814376,-1.7925577,0.16091833,-0.5323508,-0.77483374,0.056173928,-0.88762623,0.9500896,1.5645126,0.85608566,0
0.23829393,-1.7846549,0.17869718,-0.6112253,-0.7017998,-0.061098274,-1.0403935,0.7714706,1.5628173,0.85816926,0
0.22556834,-1.7910744,0.22904624,-0.6658559,-0.74762875,0.040113427,-1.0142642,0.6071504,1.5104417,1.0029908,0
0.09757744,-1.8852226,0.17449263,-0.5871049,-0.8227059,0.10638921,-1.0240998,0.50590545,1.3689235,1.0929033,0
0.004518895,-1.7088772,0.32835275,-0.44147024,-0.87568104,0.11854535,-1.1489002,0.5506268,1.4018241,1.1865343,0
0.12414659,-1.6651365,0.39558387,-0.36280912,-0.8015601,0.24415009,-0.97585183,0.6184917,1.3560823,1.1303155,0
0.3241466,-1.5998243,0.48977935,-0.34797782,-0.90165937,0.17914295,-1.112242,0.64165324,1.1994159,1.0082695,0
0.35738117,-1.4161993,0.46302092,-0.3179546,-1.0230062,0.21091601,-1.0210437,0.5966384,1.2891097,1.0393057,0
0.15738116,-1.6161994,0.52540326,-0.3412265,-0.97127116,0.24473809,-0.97955483,0.66847885,1.1941088,0.9068498,0
0.05543328,-1.4161993,0.5554472,-0.3427287,-1.0106859,0.2111284,-1.164148,0.6474486,1.0812731,0.89824206,0
-0.0912028,-1.358287,0.74387884,-0.38434282,-1.0480304,0.4111284,-1.249551,0.7966061,1.0086725,0.9138951,0
-0.07962874,-1.313872,0.77444494,-0.47761267,-0.97792983,0.6111284,-1.3033068,0.7367625,1.0565175,0.8801468,0
-0.070313066,-1.513872,0.9533699,-0.45826375,-1.0166014,0.5670188,-1.2583157,0.53676254,1.0741502,0.85345817,0
-0.08334321,-1.4530674,1.0095739,-0.40252966,-0.88243675,0.37892014,-1.4513232,0.6278675,1.0205425,0.9134647,0
-0.046816494,-1.3732265,0.9995451,-0.3654653,-0.68243676,0.35574514,-1.4193581,0.5647498,0.9611009,0.95820487,0
0.07481891,-1.5189122,1.1278228,-0.17419218,-0.6254389,0.2881856,-1.3926417,0.48176926,0.7815871,0.981432,0
0.06809021,-1.6479189,1.2244039,-0.15352537,-0.8254389,0.20478201,-1.3097076,0.3353071,0.79483557,1.0761447,0
0.051398516,-1.5906281,1.311192,-0.22983298,-0.7887388,0.103031285,-1.1819364,0.32752997,0.85470384,1.1518593,0
0.24280854,-1.6123489,1.3312709,-0.08108397,-0.69947064,0.10583469,-1.2127256,0.34178543,0.77067816,1.2256274,0
0.21192448,-1.5924436,1.3671385,0.021631785,-0.693762,0.03160248,-1.134041,0.25212845,0.7713749,1.1730248,0
0.23836654,-1.44329,1.248601,0.059053577,-0.8230052,0.23160249,-1.0427604,0.10653505,0.7427296,1.1894692,0
0.2642501,-1.4961073,1.3802963,0.10981403,-0.8688953,0.11441797,-0.85715145,0.16098711,0.6792806,1.2130154,0
0.0642501,-1.6769294,1.4503635,0.17062159,-0.9203164,0.1894513,-1.0097368,0.03584358,0.5237263,1.2300868,0
0.040845186,-1.7078707,1.3699704,0.22860071,-0.80751413,0.16768806,-0.9728079,0.10545995,0.4582663,1.248295,0
0.058116585,-1.6988308,1.2576375,0.23957394,-0.7796816,0.050401457,-1.1728079,0.029991925,0.27353632,1.3349937,0
0.044630036,-1.6618696,1.300422,0.17637977,-0.5983524,-0.06557094,-1.2390689,0.03988107,0.26456845,1.25126,0
-0.0078195855,-1.7381682,1.2279818,0.1110066,-0.6085175,-0.15826455,-1.1133565,0.11403467,0.17712957,1.2666746,0
0.008815732,-1.7803866,1.2932452,0.0431484,-0.4510666,-0.33656403,-1.1441504,0.183519,0.19824708,1.3011389,0
-0.00517873,-1.78015,1.3090532,-0.041025974,-0.3536747,-0.23103043,-1.3441504,0.108903825,0.19736978,1.2441449,0
0.050330207,-1.6397033,1.189255,0.115170725,-0.31671625,-0.11586998,-1.4338247,-0.03666255,0.10587115,1.2733859,0
0.0919204,-1.8397033,1.1768395,-0.07984815,-0.29287958,-0.026999503,-1.5111344,-0.12319317,0.18309593,1.2727911,0
0.19320855,-1.7528785,1.2183084,0.0572507,-0.15589528,0.1058889,-1.3924881,-0.011388719,0.0921949,1.4474288,0
0.08024377,-1.7934841,1.2902493,-0.05745555,-0.15744464,-0.07527464,-1.3093404,-0.09157072,0.26831684,1.5111995,0
0.24518289,-1.7054876,1.165416,0.046603087,-0.17617024,0.020672739,-1.2857379,-0.09118925,0.28667134,1.574264,0
0.148259,-1.8607199,1.1115028,0.2094612,-0.1721341,0.07752754,-1.2340475,-0.047030255,0.11077525,1.6304452,0
0.20600457,-1.9235141,1.224181,0.118428156,-0.2621715,-0.010446765,-1.2824732,-0.042492453,0.02718221,1.4243903,0
0.14099514,-1.7235141,1.2067269,0.038131453,-0.32784757,-0.07813254,-1.262833,0.054905016,0.07211095,1.52088,0
0.13047573,-1.6672124,1.2296597,-0.028533913,-0.23922278,-0.027024966,-1.4045023,-0.004189413,-0.022960678,1.4437239,0
0.159846,-1.7199,1.2854455,-0.08411743,-0.044373095,0.05518317,-1.5958666,0.009230608,-0.0026780493,1.3435217,0
0.13629007,-1.7280623,1.1362786,0.02784288,-0.16942357,-0.14481683,-1.5360911,-0.09234997,0.16858347,1.3313897,0
0.115884155,-1.529568,1.0840302,-0.06838891,-0.29478168,-0.28942508,-1.6258237,-0.10690928,0.27560335,1.2773076,0
0.119461596,-1.729568,1.0648571,-0.13705656,-0.42310113,-0.29108444,-1.5665802,0.023408003,0.43940574,1.3565743,0
0.047965333,-1.5416441,0.9937247,-0.022606567,-0.4940436,-0.38669136,-1.6863638,-0.059399083,0.5072454,1.3709502,0
0.06934948,-1.4596522,0.97057384,0.069038555,-0.5189639,-0.3784308,-1.753855,-0.044882618,0.52264667,1.1952282,0
0.12605417,-1.377108,0.813334,0.19081561,-0.60945153,-0.35604295,-1.553855,0.034897164,0.5125044,1.207911,0
0.1403825,-1.2969664,0.83161664,0.13485572,-0.5490682,-0.24022114,-1.646655,-0.0634792,0.51301926,1.2320398,0
0.18311138,-1.4969665,0.8753766,0.06955227,-0.5258424,-0.31854603,-1.7493427,0.012351133,0.31301928,1.1787055,0
0.13953693,-1.6668735,0.8393816,-0.13044773,-0.37267816,-0.42234594,-1.8335626,0.084986106,0.38444322,1.2410731,0
0.17995223,-1.7295672,0.904303,0.051106665,-0.255528,-0.44191837,-1.7855873,0.24540335,0.46987763,1.1941196,0
0.056520846,-1.7016108,0.9577266,-0.06548008,-0.2264683,-0.46010134,-1.7675931,0.20428891,0.46497655,1.238747,0
0.18979414,-1.7648994,0.9349569,-0.15235597,-0.19589701,-0.54228604,-1.7436575,0.27188697,0.30439416,1.1884371,0
0.2653283,-1.8249573,0.8703428,0.024533514,-0.20808074,-0.4812106,-1.7367733,0.2141017,0.29975614,1.1891584,0
0.3989154,-1.6849641,0.76851505,0.03899488,-0.2051739,-0.438777,-1.6679037,0.24223578,0.41572,1.2634088,0
0.30744228,-1.6723733,0.73162085,0.13762277,-0.14637123,-0.2898537,-1.625444,0.24591959,0.4225454,1.2550781,0
0.45331168,-1.7551742,0.63925034,0.12449349,-0.30368477,-0.35692424,-1.6780678,0.2908682,0.32748306,1.3242801,0
0.48149735,-1.7056683,0.6743299,0.08344108,-0.45717317,-0.41596308,-1.6429771,0.20030484,0.19086607,1.4964005,0
0.66292554,-1.6415557,0.60354674,-0.012955052,-0.50610644,-0.44941723,-1.6571964,0.22377855,0.25526,1.4770695,0
0.47795337,-1.7103348,0.5817048,-0.107642606,-0.41354358,-0.47070485,-1.6930759,0.39661047,0.279772,1.4148108,0
0.48934662,-1.5383421,0.54101735,-0.18527442,-0.51646787,-0.49224183,-1.8772286,0.35667548,0.08813891,1.3780432,0
0.48600894,-1.5193969,0.5074503,-0.16340934,-0.51985544,-0.51362455,-1.9654131,0.2132777,0.2564138,1.2895252,0
0.3657285,-1.4285957,0.5720467,-0.03888061,-0.5662782,-0.5745304,-1.9079523,0.4132777,0.21286388,1.3514824,0
0.4060069,-1.2494038,0.3720467,-0.10059461,-0.6517277,-0.7257003,-1.8850111,0.3485694,0.3137741,1.4691062,0
0.40102935,-1.1929678,0.44840014,-0.2911971,-0.7302678,-0.76417124,-1.928259,0.4147707,0.22664745,1.4392045,0
0.44832468,-1.125587,0.38048512,-0.246828,-0.8264148,-0.7100944,-1.9379131,0.42067763,0.3468946,1.3752061,0
0.6375277,-1.0382253,0.39309463,-0.28949627,-0.76411974,-0.78502536,-1.970136,0.39597264,0.45603338,1.3531348,0
0.5616413,-0.8382253,0.47274137,-0.3147194,-0.74903935,-0.855404,-1.9666944,0.43810108,0.580246,1.289776,0
0.64169085,-0.6792302,0.49560598,-0.45612293,-0.5430489,-0.8702586,-2.1430542,0.47709358,0.5770752,1.2114614,0
0.705196,-0.63835907,0.61038464,-0.42707807,-0.6010564,-0.83548266,-2.2111647,0.57461596,0.42381853,1.0401323,0
0.66196465,-0.8140303,0.68492645,-0.3779467,-0.6527587,-0.8099492,-2.0687163,0.6182486,0.30544502,1.2041444,0
0.67758435,-0.6287581,0.66120946,-0.5686012,-0.45275873,-0.8284534,-2.0971136,0.7325713,0.3194957,1.1373856,0
0.65479875,-0.42875808,0.7475714,-0.51046723,-0.600197,-0.87064177,-2.074235,0.61324376,0.30645904,1.1376477,0
0.65104145,-0.54010046,0.6956491,-0.43093002,-0.6755922,-0.95903844,-2.1678996,0.4463444,0.23331757,1.1336572,0
0.60072345,-0.59692705,0.53290987,-0.5123803,-0.57125014,-0.80989283,-2.150137,0.50694984,0.30388826,0.9336572,0
0.6217026,-0.62539417,0.4626374,-0.4225745,-0.55279565,-0.7676154,-2.1680071,0.30783546,0.4501202,1.1094269,0
0.47442067,-0.7478397,0.5694388,-0.52957827,-0.57287407,-0.7600414,-2.214475,0.3010393,0.37042856,1.1855378,0
0.5843736,-0.8636087,0.6497271,-0.4743742,-0.66447717,-0.63958806,-2.1119616,0.44675222,0.32919565,1.2831874,0
0.5789178,-0.8675908,0.7233178,-0.64711195,-0.7210649,-0.6505478,-2.0233989,0.504778,0.40167814,1.231569,0
0.6178653,-0.7912688,0.7034507,-0.4886914,-0.66286755,-0.5834826,-1.8756403,0.566785,0.3761731,1.1910025,0
0.54477876,-0.617666,0.83773583,-0.51528394,-0.6583674,-0.5480786,-1.8382972,0.366785,0.51791453,1.0388322,0
0.58892965,-0.6616375,0.9431969,-0.3525316,-0.8416486,-0.4694821,-1.7979785,0.26035273,0.53856134,1.1097661,0
0.4596973,-0.8616375,1.0761089,-0.43212822,-1.0411676,-0.4717,-1.7922508,0.060352728,0.5197524,1.0425255,0
0.41667715,-0.9647988,1.0084895,-0.48727605,-1.006678,-0.549424,-1.8209656,-0.03324952,0.6490996,1.0771874,0
0.34594092,-0.99905616,0.92146426,-0.42723536,-0.92209554,-0.38866228,-1.806993,-0.23324952,0.6513657,1.1125302,0
0.36265945,-0.83840907,0.7214643,-0.46523663,-1.1220956,-0.5246962,-1.7274249,-0.26389068,0.7821905,1.0998061,0
0.29224575,-0.8720252,0.6941774,-0.5163593,-1.2352852,-0.6969719,-1.8224676,-0.37199906,0.6945338,1.1732324,0
0.27489227,-0.6720252,0.8128537,-0.4283578,-1.1389486,-0.6045595,-1.8599266,-0.37151423,0.7268196,1.1478825,0
0.22126795,-0.64390814,0.83217555,-0.3107184,-1.1957215,-0.6790253,-1.8280237,-0.5465511,0.72416997,1.1947031,0
0.2712832,-0.8362702,0.6669543,-0.31395826,-1.2337393,-0.7577307,-1.7968205,-0.669733,0.7075919,1.184871,0
0.22554554,-0.8265737,0.57945263,-0.5139583,-1.1665548,-0.76160514,-1.7278526,-0.58047867,0.5075919,1.21528,0
0.25254464,-0.9168558,0.6930609,-0.3044666,-1.253724,-0.69282883,-1.7879503,-0.7414878,0.55591077,1.1895884,0
0.27588704,-0.88920337,0.56301105,-0.2843207,-1.1816995,-0.7758184,-1.7137711,-0.9057989,0.5444921,1.2973517,0
0.24687019,-0.85176843,0.465112,-0.41687846,-1.2900641,-0.82468057,-1.6855444,-1.0365279,0.3477347,1.2011231,0
0.35120818,-0.8711649,0.4124401,-0.59611195,-1.2186863,-0.84051496,-1.6218836,-1.1573611,0.24087572,1.1715766,0
0.28682488,-0.7567116,0.5081333,-0.5981685,-1.3440701,-0.7539032,-1.4999573,-1.0500035,0.21065964,1.3112258,0
0.21375512,-0.95014846,0.5333621,-0.45831594,-1.3484873,-0.66780293,-1.591152,-1.0260373,0.28910843,1.2745657,0
0.08357835,-1.1139765,0.37639764,-0.5705041,-1.4019299,-0.5836763,-1.4385334,-1.020449,0.21130146,1.3503674,0
0.083747014,-1.2058475,0.26204708,-0.7496056,-1.2644128,-0.6166635,-1.282343,-1.1266514,0.22201785,1.4022442,0
0.044997003,-1.3329074,0.24195115,-0.68873465,-1.3754114,-0.6006417,-1.2937994,-0.9363354,0.17860612,1.3613855,0
0.10178711,-1.1329074,0.15170851,-0.6866884,-1.4220524,-0.4921887,-1.3269675,-0.9972503,0.1162444,1.2948594,0
0.0045919577,-1.1948667,0.34603623,-0.592081,-1.5208188,-0.41175193,-1.4718944,-1.0365818,0.20491937,1.156103,0
-0.101773545,-1.3004601,0.53425306,-0.73616713,-1.4672538,-0.26477748,-1.3848335,-0.92674917,0.17015946,1.2010641,0
-0.063589886,-1.10407,0.50658804,-0.9338541,-1.4497179,-0.17669103,-1.5376395,-0.79112995,0.19471362,1.1941648,0
-0.09247811,-1.1820164,0.36315268,-0.76569223,-1.5406835,-0.19822952,-1.5038768,-0.73491764,0.29104766,1.2222989,0
-0.1022195,-1.1604226,0.3011004,-0.8780324,-1.6122941,-0.21328174,-1.4217285,-0.63433534,0.21113834,1.2915552,0
-0.014112912,-1.1033117,0.2559716,-0.97713536,-1.5766747,-0.25106648,-1.446734,-0.58718187,0.23190568,1.3121167,0
0.10476328,-0.9674944,0.22194542,-1.1576481,-1.5901788,-0.06885376,-1.5573905,-0.45484248,0.17097497,1.2118499,0
0.07298113,-1.1139467,0.3206804,-1.2718098,-1.4316353,-0.04280298,-1.5669333,-0.34965557,0.103171386,1.1806206,0
0.009427942,-1.1377839,0.2874758,-1.2558174,-1.4585631,-0.15700392,-1.5771142,-0.2336901,-0.03684193,1.1620355,0
-0.012525845,-1.2232655,0.37943828,-1.2785654,-1.4201761,-0.08205304,-1.3939469,-0.04734644,-0.10977971,1.32051,0
0.04198713,-1.1656688,0.5281066,-1.2765481,-1.2836254,-0.07682409,-1.5746139,-0.18345457,-0.15308191,1.2413242,0
0.17796262,-1.3476208,0.44433555,-1.3724934,-1.101861,0.0037759666,-1.468168,-0.18229146,-0.087878056,1.2886016,0
0.028107466,-1.1964245,0.5416511,-1.3752235,-1.1669829,-0.12390789,-1.3960297,-0.18789764,0.055315133,1.4208041,0
-0.0029830744,-1.2581148,0.43921638,-1.3194238,-1.1670406,-0.32276455,-1.3614007,-0.21066414,0.23625417,1.4365164,0
0.16439329,-1.3406683,0.39334905,-1.2200075,-1.0598493,-0.43173695,-1.4299033,-0.23770376,0.35351008,1.4130352,0
0.085852586,-1.2175363,0.45468688,-1.0383666,-1.0009013,-0.3356113,-1.5540676,-0.42637014,0.32748002,1.3641242,0
0.05326409,-1.3375475,0.5276611,-1.1371635,-1.0411018,-0.46920827,-1.6468649,-0.43961966,0.40411448,1.1241778,0
0.04044266,-1.3793974,0.598239,-1.0187695,-0.98697186,-0.4878744,-1.5634738,-0.27827877,0.51613235,1.0597794,0
-0.078312375,-1.330643,0.6225896,-0.948432,-1.0277847,-0.4201593,-1.7365714,-0.36064735,0.7006004,1.032789,0
-0.22561823,-1.2918643,0.61359966,-0.7321745,-1.0447255,-0.36421213,-1.8837357,-0.50705457,0.68218076,0.9341106,0
-0.14406233,-1.1034905,0.79321045,-0.8397652,-1.0494092,-0.37097532,-1.8502046,-0.6893354,0.705433,0.8900601,0
-0.15391901,-1.0905828,0.78880703,-0.7751734,-0.99288315,-0.2844876,-1.784772,-0.6855053,0.8154126,0.79739076,0
-0.11450568,-1.15558,0.6173505,-0.7549956,-1.001109,-0.34801653,-1.706679,-0.7277573,0.8626874,0.91197133,0
-0.17134753,-1.351061,0.5328699,-0.8584418,-0.98718005,-0.40029517,-1.6186233,-0.7156855,0.86371195,1.0542752,0
-0.16620763,-1.2204444,0.4838636,-0.8941658,-1.0137576,-0.55760443,-1.5219973,-0.80853635,0.72337556,1.1469942,0
-0.19222103,-1.2293544,0.48144695,-0.9576242,-1.1782913,-0.44169205,-1.4567522,-0.91728324,0.77810377,1.0725951,0
-0.03244587,-1.0943191,0.6158245,-1.017869,-1.3168837,-0.45423883,-1.3487598,-1.0313847,0.8779097,0.889926,0
-0.08064422,-1.1057422,0.77649164,-0.7806774,-1.3088816,-0.52538013,-1.3485473,-0.8648928,0.9786854,1.0221512,0
-0.06367577,-1.0140173,0.85606825,-0.8468273,-1.289518,-0.4898505,-1.2854687,-0.7604345,0.9068852,1.190654,0
-0.02412266,-1.1545861,0.6976252,-0.79361856,-1.1975493,-0.4746293,-1.1558666,-0.8675501,0.87689507,1.0029192,0
0.010015052,-1.1459838,0.6529416,-0.87632936,-1.1338334,-0.48480397,-1.2285973,-0.84782696,0.75668436,0.8907215,0
0.12703727,-1.0912051,0.6436829,-0.8441006,-1.1329455,-0.5890273,-1.1884468,-0.71868914,0.8167077,0.8924924,0
0.09945314,-1.1487788,0.5688472,-1.0441006,-1.0752611,-0.6297234,-1.1037524,-0.881319,0.7837693,1.0576489,0
0.065985024,-0.9487788,0.5807008,-0.84410065,-1.0287774,-0.65536857,-1.2129772,-0.979319,0.6636009,1.1158195,0
0.008791555,-0.9083122,0.7156053,-0.8855884,-1.0329219,-0.7147402,-1.2312603,-1.1624789,0.6388128,1.1502994,0
0.069750786,-0.7083122,0.64828765,-0.93743527,-1.1587197,-0.720783,-1.2964472,-1.2155677,0.5942043,1.3101736,0
-0.07272774,-0.7035336,0.44828767,-0.8568746,-1.1427574,-0.8314592,-1.2639048,-1.1627223,0.6862751,1.4646286,0
-0.029067665,-0.7202819,0.4200809,-0.76839393,-1.160395,-0.90362155,-1.2790427,-0.99029344,0.7546479,1.4520086,0
-0.09799002,-0.58655685,0.2200809,-0.72197366,-1.2327895,-1.0355811,-1.1975874,-0.85784686,0.5884655,1.5728714,0
-0.1595418,-0.470063,0.2771131,-0.8315957,-1.3740723,-1.0120753,-1.1663083,-1.0096081,0.672143,1.4971684,0
-0.24921906,-0.51357037,0.3497548,-0.72350484,-1.3191996,-0.95433134,-1.1935267,-1.0747893,0.53423715,1.585,0
-0.36353475,-0.48858386,0.1889177,-0.6232746,-1.3191795,-0.88609177,-1.2484615,-1.1523741,0.33423716,1.6057441,0
-0.41098398,-0.51411736,0.14737013,-0.5860124,-1.3180593,-0.8562834,-1.3714311,-1.1161892,0.462287,1.5461999,0
-0.33213732,-0.5067612,0.12868255,-0.7548164,-1.162459,-0.817311,-1.4885415,-1.144373,0.5453025,1.4847771,0
-0.30401048,-0.5145635,0.08485728,-0.9386407,-0.97779655,-0.69204444,-1.5399625,-1.0438052,0.57382226,1.517876,0
-0.28435236,-0.55342585,0.13975851,-0.86602604,-0.7798802,-0.6978098,-1.6700972,-1.0848118,0.5926274,1.5591437,0
-0.24626885,-0.49356496,-0.04596734,-0.8377557,-0.8612223,-0.6261824,-1.6427835,-1.0642966,0.56799465,1.6373211,0
-0.16189124,-0.4743436,-0.08814728,-0.8892704,-0.6593119,-0.6800409,-1.6174185,-1.1699756,0.3987518,1.7056317,0
-0.19015029,-0.46559483,-0.027620055,-1.0093402,-0.6179751,-0.7357233,-1.6543728,-1.1644458,0.26321402,1.6254807,0
-0.13682257,-0.504756,-0.04927773,-1.0049123,-0.7239955,-0.64670646,-1.7349886,-1.1612078,0.44722193,1.4876921,0
-0.18521082,-0.4143451,-0.14380534,-0.9864888,-0.5128481,-0.6505095,-1.7581079,-1.1054472,0.40409192,1.624116,0
-0.27671695,-0.3851211,-0.10435126,-0.894836,-0.44694072,-0.6372074,-1.8443853,-1.1087822,0.40444973,1.6009265,0
-0.21849169,-0.44767216,-0.27240363,-0.74711967,-0.59450835,-0.5797655,-1.8165157,-1.1155897,0.3961284,1.6518787,0
-0.1352368,-0.5018777,-0.37828013,-0.69381773,-0.68918747,-0.75592494,-1.8624909,-1.0103692,0.39603508,1.5531857,0
-0.086589515,-0.4123763,-0.37816623,-0.73895746,-0.570323,-0.73501855,-1.8615177,-1.0477002,0.59603506,1.4128921,0
-0.09312182,-0.47897434,-0.40974376,-0.7767832,-0.45470542,-0.5494935,-1.9839926,-1.0327783,0.5952779,1.457641,0
-0.12522146,-0.66446275,-0.22556327,-0.6997329,-0.57493454,-0.53706557,-1.9906616,-1.146724,0.5824923,1.3290246,0
-0.11231689,-0.6099897,-0.24163324,-0.75574815,-0.695128,-0.4273453,-1.9493147,-1.0906409,0.52834094,1.4029316,0
0.0549684,-0.575269,-0.36427927,-0.76668674,-0.7838603,-0.3073333,-1.7559836,-1.2852684,0.6420562,1.2977448,0
-0.12662213,-0.5106996,-0.37650192,-0.8028628,-0.7027031,-0.41198465,-1.8400227,-1.3204938,0.73413396,1.2668648,0
-0.10350508,-0.43923634,-0.3652093,-0.75779206,-0.8370914,-0.38239157,-1.8502239,-1.272034,0.7483643,1.0913935,0
-0.26679134,-0.4319442,-0.29054686,-0.7728524,-0.68178254,-0.58239156,-1.7154601,-1.2955583,0.8095552,1.251426,0
-0.16688055,-0.48340648,-0.21498811,-0.70437944,-0.79726636,-0.5654286,-1.5388993,-1.2247335,0.79145974,1.3729175,0
0.02186279,-0.60989064,-0.26450604,-0.83039373,-0.92555463,-0.49431574,-1.5557082,-1.0955772,0.59145975,1.3895762,0
0.13490146,-0.57415974,-0.44584745,-0.63039374,-1.0601739,-0.6064798,-1.5624534,-1.2792311,0.6802995,1.4217073,0
0.13598852,-0.7182897,-0.5767327,-0.42882422,-0.997315,-0.6090598,-1.6711609,-1.1585027,0.68661565,1.4061,0
0.1855286,-0.7328942,-0.65545756,-0.23225002,-1.0257814,-0.66483134,-1.5273924,-1.0747882,0.6615398,1.3943859,0
0.20485027,-0.71429455,-0.6945426,-0.22954117,-1.1434947,-0.6041839,-1.5524027,-1.073377,0.51438516,1.5535247,0
0.23774233,-0.82081217,-0.88456935,-0.35996217,-1.1176122,-0.506433,-1.4795434,-1.1882765,0.43827766,1.3535247,0
0.07811933,-0.668682,-1.0026947,-0.38169396,-1.2798445,-0.52942234,-1.4779936,-1.17883,0.2901229,1.3487427,0
0.13643879,-0.46852982,-0.97266984,-0.37148753,-1.4563113,-0.47240624,-1.3770822,-1.1988449,0.28152767,1.3859737,0
0.14612776,-0.3666753,-0.9517091,-0.3374178,-1.4601723,-0.44248223,-1.401378,-1.0861053,0.36066458,1.4910192,0
0.13588686,-0.3999848,-0.9995838,-0.21814644,-1.4533825,-0.26300213,-1.4218948,-1.0508586,0.3899529,1.5215611,0
0.23091578,-0.4726783,-1.1015141,-0.3756666,-1.404725,-0.19163609,-1.4654849,-0.97138375,0.39413387,1.4533564,0
0.23902415,-0.6431201,-0.9001457,-0.37197554,-1.4970163,-0.22918238,-1.3900846,-0.95361483,0.19271821,1.5518367,0
0.18745762,-0.71417135,-0.9092868,-0.3451022,-1.5904787,-0.38327044,-1.4755936,-0.8337728,0.25326166,1.3768466,0
0.12606494,-0.7907125,-0.89251155,-0.28325203,-1.5061995,-0.30527836,-1.5856478,-0.812034,0.29996768,1.3625642,0
0.16621916,-0.78692836,-0.83676416,-0.27255374,-1.4139502,-0.1274475,-1.6915863,-0.8742385,0.4194575,1.3271978,0
0.070157535,-0.86090434,-0.8475604,-0.15739936,-1.4172013,-0.19165313,-1.6408955,-0.85939777,0.3559358,1.3812327,0
0.249473,-1.0045371,-0.74467313,-0.2217715,-1.2552211,-0.25980523,-1.5214465,-0.9898189,0.48251253,1.463341,0
0.25697097,-0.9890649,-0.7518295,-0.19320841,-1.2457949,-0.19273558,-1.4841388,-0.94680357,0.39038777,1.421944,0
0.30838552,-1.1890649,-0.7426822,-0.18369722,-1.2898088,-0.20787421,-1.4219732,-0.77853453,0.33007127,1.2690492,0
0.26451576,-1.1410404,-0.8405965,-0.22933581,-1.2197005,-0.13473737,-1.5603129,-0.83804065,0.29556537,1.3291957,0
0.2812357,-1.273728,-0.7795226,-0.19997871,-1.27771,-0.15581532,-1.5823123,-0.76386845,0.20364985,1.3657874,0
0.18910599,-1.4394851,-0.8611544,-0.18198669,-1.183951,-0.0696959,-1.433218,-0.64069796,0.2346612,1.366941,0
0.09126547,-1.4642415,-0.9574814,-0.14819022,-1.1491662,0.017908998,-1.3366681,-0.72402143,0.28079727,1.2208403,0
0.12700574,-1.6089938,-0.9263372,-0.25588128,-1.0324285,0.18054786,-1.2085334,-0.52402145,0.12822902,1.0434742,0
-0.03359872,-1.4768384,-0.77079415,-0.4558813,-1.1822683,0.052468643,-1.4085335,-0.5929212,0.17966932,0.9456078,0
-0.10784116,-1.3865588,-0.79302394,-0.36415192,-1.1908025,0.041675918,-1.5158391,-0.78028816,0.031976834,1.0331872,0
-0.13832743,-1.4456278,-0.9032367,-0.5314425,-1.0966988,0.1468548,-1.6189013,-0.7751199,0.14537111,1.140513,0
-0.15264633,-1.4526494,-0.93373424,-0.50586766,-1.1306711,0.030100444,-1.6403137,-0.7179151,0.23173875,1.095304,0
-0.20610207,-1.4305888,-0.95430124,-0.6312294,-1.051843,-0.06270473,-1.511425,-0.67779547,0.333772,1.1103333,0
-0.21942674,-1.526757,-0.9749788,-0.58879864,-1.1558996,-0.07027808,-1.5918732,-0.57516706,0.295397,1.015095,0
-0.28789923,-1.460918,-0.87263495,-0.64710283,-1.0883274,-0.1588976,-1.7393523,-0.65538716,0.28068164,0.92694837,0
-0.22349657,-1.5287949,-0.78894854,-0.57312256,-1.0882553,-0.23855427,-1.8498162,-0.533623,0.23042008,0.8130502,0
-0.17835177,-1.6036425,-0.6782024,-0.6328702,-1.0936753,-0.35670805,-1.771587,-0.6403374,0.14020851,0.7262728,0
-0.033157103,-1.7385019,-0.73574317,-0.51412034,-0.91433054,-0.4695222,-1.7835673,-0.6256433,0.111898124,0.7275714,0
0.004750526,-1.7622076,-0.7198558,-0.3857691,-0.9571939,-0.44036856,-1.7817417,-0.6104347,-0.028275762,0.75459445,0
0.067397,-1.8283237,-0.75399435,-0.36488014,-0.95844597,-0.3834803,-1.7207303,-0.5374335,-0.21837234,0.76676905,0
0.08169581,-1.789946,-0.69478995,-0.28689277,-1.0842935,-0.33313963,-1.7123655,-0.33743352,-0.3034515,0.7161564,0
0.2816958,-1.7816942,-0.7507428,-0.3549861,-1.0335242,-0.2933384,-1.7267537,-0.34929314,-0.2742652,0.72546726,0
0.3881838,-1.7874886,-0.8297543,-0.3794826,-0.83352417,-0.28004876,-1.7848098,-0.47255346,-0.22641551,0.7057036,0
0.35890192,-1.7907302,-0.95305014,-0.472075,-0.8417855,-0.20660132,-1.8325957,-0.29628843,-0.24846485,0.5235446,0
0.45118108,-1.7361709,-0.9167421,-0.5430463,-0.93054956,-0.17584439,-1.7909838,-0.2917027,-0.24401046,0.63066,0
0.2547798,-1.6741567,-0.96220297,-0.61047524,-0.970409,-0.106402345,-1.8144263,-0.24526687,-0.3684762,0.6266448,0
0.25984406,-1.7775801,-0.8588258,-0.7301008,-0.963163,-0.13992864,-1.7025639,-0.2809268,-0.38353598,0.6557849,0
0.38265994,-1.669182,-0.791895,-0.5413635,-0.9702464,0.004579693,-1.7583855,-0.2895435,-0.35680854,0.56760025,0
0.29580212,-1.6413811,-0.7273231,-0.6606946,-1.054619,-0.010823356,-1.8157876,-0.41642037,-0.2912961,0.7649638,0
0.34893405,-1.587599,-0.867835,-0.78151995,-1.0375191,0.0294949,-1.6247375,-0.5493482,-0.34846786,0.9238845,0
0.25111562,-1.6755061,-0.82799584,-0.98151994,-0.90485215,0.17252262,-1.4254766,-0.6995227,-0.4396291,0.8900934,0
0.32583275,-1.6338977,-0.89720017,-1.004841,-0.83986205,0.21204743,-1.4363285,-0.54443926,-0.5331994,0.9552897,0
0.32187685,-1.6840473,-0.9164668,-0.97112554,-0.83982986,0.10030571,-1.4281652,-0.60558844,-0.5602041,0.9174896,0
0.46854562,-1.5073807,-1.0241843,-0.8388876,-0.91791606,0.18422335,-1.5192525,-0.5000533,-0.7107021,0.9032139,0
0.43644172,-1.5151589,-0.93026406,-0.8911769,-0.79968566,0.25197145,-1.5964679,-0.41741556,-0.70872176,0.9622925,0
0.38974178,-1.6460491,-0.95883447,-0.8003885,-0.79696816,0.23900416,-1.4970826,-0.39062926,-0.613619,1.0563997,0
0.342579,-1.7352456,-0.9793571,-0.8453486,-0.7616778,0.21467724,-1.5107173,-0.282748,-0.42104852,1.0159101,0
0.2533288,-1.8280629,-0.93855596,-0.8396356,-0.8177401,0.25658545,-1.3746662,-0.2378474,-0.24380864,1.126002,0
0.28718886,-1.9310014,-0.9146436,-0.6711969,-0.7109812,0.18318169,-1.3894502,-0.308307,-0.2610335,1.1264389,0
0.3714482,-2.0204246,-0.8950255,-0.7131993,-0.6804875,0.13754272,-1.2968246,-0.33146927,-0.20273687,1.0749317,0
0.41448104,-1.9974055,-0.8968652,-0.8292761,-0.46021268,0.16377929,-1.3307781,-0.4979898,-0.16400975,1.0305471,0
0.40276894,-1.8931118,-0.75530946,-0.9532848,-0.64253646,0.18828557,-1.3651357,-0.4952819,-0.11689873,1.097174,0
0.34156057,-1.9797302,-0.6581392,-0.9559099,-0.53496546,0.021180084,-1.4310837,-0.61762625,-0.1760793,0.9327322,0
0.22644469,-1.9568515,-0.7553598,-1.1329665,-0.5960214,-0.05104573,-1.2310836,-0.6373688,-0.20927943,0.8575595,0
0.28475225,-1.9442476,-0.6635489,-1.1036154,-0.77428544,0.028969422,-1.406106,-0.56878227,-0.13124377,0.74988145,0
0.18623249,-2.015785,-0.62484443,-1.0900406,-0.8067651,0.016560273,-1.3701067,-0.34668842,-0.21454084,0.79293984,0
0.20667519,-1.8522978,-0.6896235,-1.0344081,-0.97479695,-0.17453049,-1.3453374,-0.2641591,-0.21219721,0.8489922,0
0.2786191,-1.8428267,-0.6690452,-1.1577737,-0.91843843,-0.21885577,-1.2635896,-0.1760573,-0.24573943,0.82626843,0
0.24034946,-1.9953239,-0.6966299,-1.1486962,-0.8913178,-0.08720058,-1.0635896,-0.057889275,-0.045739427,0.76369095,0
0.068957165,-2.10113,-0.7686188,-1.0567933,-1.0127476,-0.19651988,-1.0498601,-0.25697646,-0.1610832,0.7838635,0
0.12304088,-2.0427675,-0.7852474,-1.1548147,-0.90123904,-0.20800497,-1.1035415,-0.29941115,-0.19361113,0.8132139,0
0.03423429,-1.9869161,-0.7060345,-1.1960213,-1.018793,-0.36808473,-1.0951198,-0.28540352,-0.16729474,0.7999279,0
0.06459488,-1.9103638,-0.6936068,-1.2438287,-1.1915662,-0.23531722,-0.99642545,-0.46272278,-0.11285608,0.78944343,0
0.11020241,-1.8614277,-0.67802835,-1.3656816,-1.0762149,-0.27045006,-1.0642643,-0.51603734,-0.11694889,0.7443938,0
0.0789432,-1.8768214,-0.47033912,-1.3530651,-0.9886562,-0.24695045,-1.2045476,-0.5693771,-0.13564843,0.7663905,0
0.0020052716,-1.9313356,-0.3556001,-1.2450476,-0.9973514,-0.1697179,-1.1707835,-0.5303681,-0.16416125,0.7966407,0
-0.07050538,-2.0377765,-0.3002438,-1.088619,-0.9294138,0.024384877,-1.1154087,-0.6549113,-0.24850109,0.98389703,0
-0.10325025,-2.0887709,-0.3237264,-1.1563512,-0.8220881,-0.04767407,-1.2443589,-0.5512979,-0.048944578,0.8072008,0
-0.19283882,-2.0121202,-0.31219152,-1.3090416,-0.7175946,-0.24682476,-1.1918349,-0.59095955,-0.05084158,0.86889464,0
-0.17208502,-1.8121202,-0.28615353,-1.2713119,-0.7418674,-0.1724329,-1.3521552,-0.61850995,-0.07779032,0.88300526,0
-0.23259999,-1.843957,-0.3395684,-1.2208781,-0.8522242,-0.14347595,-1.5129688,-0.49612904,0.119124316,0.8022413,0
-0.22563316,-1.7856026,-0.3046446,-1.1526293,-0.833213,-0.07812584,-1.6191221,-0.36284804,0.22002754,0.8664632,0
-0.2550861,-1.7983234,-0.30202496,-1.1362371,-0.7603597,-0.15012383,-1.6100036,-0.346929,0.29279575,0.9590751,0
-0.1793194,-1.9307075,-0.10031328,-1.1000292,-0.821659,-0.019830877,-1.5199223,-0.40573904,0.20739347,0.90926844,0
-0.15963694,-1.7925254,0.097436115,-1.1478003,-1.0107358,-0.052577496,-1.3962469,-0.5112072,0.2506107,1.0660363,0
-0.20277701,-1.7845334,0.057866048,-1.0040389,-1.053437,-0.017140986,-1.3568381,-0.49457273,0.38214627,1.1921444,0
-0.1819664,-1.7283303,0.05379114,-1.1669501,-1.1458565,0.017260464,-1.3210653,-0.44835833,0.31657675,1.1204256,0
-0.19828485,-1.6545471,-0.07463011,-1.205399,-1.1238967,0.058643468,-1.3133963,-0.47595727,0.31265518,1.2036273,0
-0.1650759,-1.717929,-0.0069599766,-1.1004149,-1.0072304,-0.021588072,-1.4348099,-0.4928427,0.27351603,1.1912783,0
-0.047110524,-1.8702191,-0.20181169,-1.1151979,-0.9050937,0.04963375,-1.3664762,-0.3841075,0.19835171,1.157528,0
0.029067624,-1.9576147,-0.13644755,-0.9366592,-0.9377499,0.027158722,-1.3374038,-0.25629175,0.17255935,1.1344875,0
-0.024389584,-1.8874921,-0.010328179,-0.990396,-0.9760693,0.018028338,-1.4079746,-0.29199156,0.15484403,1.1879067,0
-0.12363554,-1.8690565,-0.10095245,-1.1102632,-0.90867513,0.05343641,-1.3671122,-0.26496747,0.06316077,1.2152067,0
-0.11828776,-1.8893169,-0.052525636,-1.1259173,-0.9052051,-0.01769586,-1.3251578,-0.06175083,0.055793997,1.2503446,0
-0.07936936,-2.008993,0.03573626,-1.1071936,-0.69712347,0.10446234,-1.2258162,-0.15582995,0.07767135,1.3040926,0
-0.13133493,-1.8286773,0.017566588,-1.1986676,-0.89712346,-0.008979239,-1.2035936,-0.10871313,-0.035582162,1.2308073,0
-0.20088083,-1.6286772,-0.08564624,-1.3986677,-0.88405347,0.013043936,-1.2731401,-0.18775131,-0.0143848155,1.1712854,0
-0.37922564,-1.652101,-0.2827348,-1.4092929,-0.90161496,0.2108725,-1.2654457,-0.22943023,0.16192915,1.2341453,0
-0.41285768,-1.6447245,-0.45598933,-1.2828581,-0.98424065,0.08047843,-1.3793542,-0.10253636,0.036328796,1.1752107,0
-0.40330955,-1.4447244,-0.5381802,-1.4757645,-1.0286329,0.07673013,-1.294511,-0.15873638,0.096152626,1.1358281,0
-0.47078672,-1.3880738,-0.33403715,-1.509873,-1.0080854,-0.036473416,-1.459229,-0.1187926,-0.053709354,1.1385965,0
-0.38047686,-1.237727,-0.51920325,-1.5783932,-1.0011548,0.072132856,-1.4846288,-0.10187211,0.002028422,1.1577363,0
-0.30409867,-1.2196317,-0.592711,-1.69,-1.0404233,0.016269043,-1.4493797,-0.23599815,-0.07387273,0.98387754,0
-0.30082664,-1.2524128,-0.52759296,-1.6499224,-0.8512543,-0.036326326,-1.5094384,-0.2258032,-0.19836043,1.1160983,0
-0.19763272,-1.2976121,-0.3947348,-1.7230537,-0.8606009,0.018000156,-1.3618463,-0.34004337,-0.3201435,1.1570258,0
-0.3128239,-1.2549846,-0.49198487,-1.7376163,-0.93203753,0.08708839,-1.3366104,-0.22207405,-0.22868885,1.1407784,0
-0.3728488,-1.1144042,-0.53964454,-1.6195754,-1.1240308,0.04288693,-1.40379,-0.18458167,-0.23241037,1.1750954,0
-0.4868069,-1.1052616,-0.50720155,-1.6446404,-1.0176846,0.13170177,-1.477557,-0.16588913,-0.38201424,1.0815097,0
-0.5295655,-1.0397807,-0.42920458,-1.6372356,-1.201588,0.035904583,-1.4644961,-0.052369703,-0.29107216,1.0470631,0
-0.45167145,-1.1934812,-0.47670606,-1.5999613,-1.3107413,0.066393636,-1.3787422,-0.117062524,-0.19344646,0.95392096,0
-0.62425065,-1.0428841,-0.38892713,-1.6237816,-1.3876008,0.004928863,-1.4109663,0.07386984,-0.23171109,0.8714017,0
-0.6819447,-1.1967961,-0.46953702,-1.6085746,-1.3409773,-0.06934256,-1.3646076,-0.057912108,-0.2881939,0.736927,0
-0.58996046,-1.2139829,-0.48698288,-1.6038154,-1.274652,-0.15112081,-1.3739752,-0.09868193,-0.22686313,0.8771024,0
-0.5496378,-1.2340583,-0.37460083,-1.5425069,-1.3057166,-0.04066562,-1.2791593,-0.09318981,-0.25214326,0.91352844,0
-0.3496378,-1.0927962,-0.36874175,-1.5580913,-1.3279583,-0.01719784,-1.4791594,-0.22892755,-0.24398682,0.98184544,0
-0.36785367,-1.0901452,-0.467391,-1.4649631,-1.3034478,-0.07548804,-1.5968248,-0.13091299,-0.36672914,0.9516005,0
-0.39990023,-1.0105063,-0.6229378,-1.3638483,-1.34349,-0.17196274,-1.5349178,-0.12881789,-0.30074638,0.9192659,0
-0.33711067,-0.97564346,-0.49485427,-1.3099501,-1.4496495,-0.17401162,-1.4705396,-0.3288179,-0.24225067,0.9407139,0
-0.37196487,-0.77564347,-0.5972279,-1.3214468,-1.4697964,-0.18215673,-1.5563244,-0.2711963,-0.15646458,1.0062592,0
-0.28461877,-0.7019348,-0.664186,-1.39457,-1.5082014,-0.03338571,-1.4058526,-0.26488435,-0.2487872,0.96322525,0
-0.2528832,-0.6846169,-0.675212,-1.3986975,-1.5818928,-0.13068074,-1.539948,-0.3115912,-0.2859312,0.99264145,0
-0.32211876,-0.63928455,-0.6374372,-1.3534318,-1.5407968,-0.29981476,-1.6287693,-0.364673,-0.2583764,0.96585435,0
-0.36934587,-0.46231753,-0.5572273,-1.2941284,-1.6074524,-0.35380235,-1.7375704,-0.1755006,-0.3026399,0.9021947,0
-0.33347183,-0.5021225,-0.635817,-1.2259094,-1.5640576,-0.42993358,-1.6930487,-0.18853937,-0.23343931,0.8803648,0
-0.13347183,-0.32261106,-0.48963165,-1.3263668,-1.3895022,-0.2862304,-1.6482625,-0.109770946,-0.14978963,0.88559866,0
0.033145487,-0.30240452,-0.49371418,-1.32074,-1.4275135,-0.40302262,-1.4482625,-0.061911352,-0.11382127,0.8107465,0
0.044462934,-0.22454378,-0.5080744,-1.180129,-1.4371228,-0.36953658,-1.6267812,-0.23750517,-0.1229217,0.846727,0
-0.07068107,-0.23120058,-0.6566623,-1.2158812,-1.3951309,-0.18827559,-1.7168621,-0.20028856,0.008102335,0.719239,0
0.11904051,-0.38932562,-0.76269364,-1.2430657,-1.371614,-0.020133376,-1.7055058,-0.33130956,-0.07080863,0.6504518,0
0.31279072,-0.4126216,-0.5870671,-1.4430658,-1.3862864,0.03757543,-1.9055059,-0.3802941,-0.27080864,0.666512,0
0.39055908,-0.42502633,-0.53404707,-1.3610965,-1.3831029,0.19713284,-1.9558401,-0.40689248,-0.3142828,0.69824535,0
0.21234535,-0.4606758,-0.6108308,-1.3776332,-1.4987291,0.2617556,-1.8370022,-0.27888736,-0.44725925,0.7103516,0
0.34992373,-0.36641303,-0.7056477,-1.3887254,-1.4834201,0.2890013,-1.7812296,-0.45621255,-0.32381704,0.7395774,0
0.36163688,-0.30296123,-0.6482229,-1.3476951,-1.3017601,0.23036599,-1.9060407,-0.45295388,-0.27098376,0.8250121,0
0.20371617,-0.19724987,-0.694398,-1.5347558,-1.2151197,0.28113186,-1.8139862,-0.2529539,-0.26628765,0.7525793,0
0.2872897,-0.24252671,-0.7206091,-1.6654695,-1.1685325,0.3238741,-1.8957616,-0.24547325,-0.24645507,0.61669147,0
0.26733395,-0.26686376,-0.66098106,-1.6152492,-0.97445357,0.34652758,-1.9271562,-0.4001671,-0.07812618,0.45474648,0
0.3365411,-0.18005171,-0.6733384,-1.6192523,-0.98146623,0.3107915,-1.9353685,-0.39782134,0.06715949,0.4750002,0
0.27460432,-0.22235501,-0.59110373,-1.6950688,-1.0617856,0.25850752,-1.9615711,-0.59782135,0.170991,0.41250736,0
0.27946204,-0.32129407,-0.5597081,-1.7197987,-0.9641427,0.23549677,-1.9043148,-0.48059183,0.2954754,0.3531691,0
0.38562572,-0.2662015,-0.51981014,-1.731636,-0.9349888,0.28109038,-1.9323053,-0.53757304,0.35005668,0.32494864,0
0.46369502,-0.24511202,-0.5588008,-1.7380228,-0.76964694,0.36053297,-1.984948,-0.7077718,0.31052282,0.32485306,0
0.2656922,-0.44511202,-0.5358086,-1.7373046,-0.6536714,0.22670527,-2.0020585,-0.69350654,0.36692226,0.2742386,0
0.3022566,-0.43162248,-0.4192997,-1.7523497,-0.73228025,0.19894058,-1.9844038,-0.7177943,0.26603806,0.32819754,0
0.4341895,-0.4911757,-0.33695945,-1.8561374,-0.66339886,0.22399624,-1.9725299,-0.61953795,0.21549523,0.3822272,0
0.4403762,-0.6386418,-0.2562862,-1.8441719,-0.5964085,0.1740498,-1.9254391,-0.506824,0.20856844,0.4836827,0
0.62124646,-0.49163204,-0.12848811,-2.0441718,-0.6110492,0.14331019,-1.7254391,-0.45182103,0.18829444,0.50580883,0
0.5415516,-0.585633,-0.16623545,-2.167057,-0.64737713,0.15655929,-1.6635526,-0.33606967,0.34382674,0.44475853,0
0.66418785,-0.47016022,0.033623274,-2.1526089,-0.6403007,0.08115408,-1.7110457,-0.29024774,0.37199113,0.36888808,0
0.782066,-0.29271337,0.055075984,-2.10929,-0.80795145,0.10317209,-1.6416996,-0.45388055,0.43292388,0.3138753,0
0.72745657,-0.14513148,-0.072701365,-2.0342598,-0.9093227,0.08614201,-1.6960591,-0.40896872,0.49522305,0.42759755,0
0.64077216,0.05486852,0.058616325,-2.021559,-0.99224675,0.2662118,-1.4960591,-0.41679966,0.4478075,0.32871982,0
0.4447373,-0.051867485,-0.13317168,-2.0827177,-0.9187515,0.11275549,-1.3445735,-0.54410714,0.32441857,0.40786952,0
0.5049269,0.0026662834,-0.13802055,-2.1523538,-0.98748827,0.062046487,-1.3558129,-0.45852327,0.32653296,0.5214976,0
0.6596584,-0.12024757,-0.17093596,-2.1333444,-1.1350945,0.08670256,-1.3994485,-0.5433222,0.36412948,0.5364806,0
0.66748226,-0.24944136,-0.17808576,-1.9067135,-1.1990771,0.033253744,-1.5325742,-0.6486292,0.38850665,0.6823809,0
0.5929084,-0.28953317,-0.15780129,-1.9115949,-1.2042391,-0.031451333,-1.580411,-0.6583316,0.4437826,0.55345297,0
0.708972,-0.42415038,-0.24287573,-1.7080674,-1.2977667,-0.18085521,-1.6965021,-0.457387,0.36273673,0.63652563,0
0.7938322,-0.5834835,-0.10636831,-1.6133288,-1.2339481,-0.16007528,-1.7160268,-0.5232685,0.44811255,0.6690427,0
0.7107044,-0.48300838,-0.26149023,-1.6514882,-1.4089935,-0.22697364,-1.644214,-0.39126357,0.35206136,0.6697452,0
0.8062751,-0.39794612,-0.19362418,-1.6830642,-1.4704981,-0.17151615,-1.618206,-0.18518214,0.34462693,0.598274,0
0.8603151,-0.27432406,-0.16263601,-1.6627765,-1.3646195,-0.20993373,-1.6622237,-0.20053242,0.3029235,0.60842043,0
0.79152614,-0.47432405,-0.34014207,-1.4786487,-1.3280667,-0.16292313,-1.7183917,-0.31382963,0.3650832,0.53570414,0
0.8688076,-0.562094,-0.26143223,-1.5290912,-1.4294425,-0.2872146,-1.7318876,-0.17613843,0.16708386,0.58187824,0
0.83020264,-0.5368407,-0.19226398,-1.3508445,-1.5380629,-0.3768897,-1.7993567,-0.23218074,0.1950561,0.56876665,0
0.81166935,-0.71917033,-0.21709438,-1.4239063,-1.5739436,-0.35144454,-1.646338,-0.031409007,0.38558218,0.537073,0
0.6765371,-0.62956077,-0.29150146,-1.3790965,-1.571102,-0.27434734,-1.5353973,-0.23140901,0.26790243,0.7256071,0
0.58531445,-0.6022236,-0.1457982,-1.2156979,-1.7612818,-0.29838166,-1.6214021,-0.43113396,0.3922345,0.79733336,0
0.72801566,-0.7089803,-0.09372355,-1.2548094,-1.657178,-0.26547462,-1.6042753,-0.41255635,0.51353043,0.7481159,0
0.75357395,-0.5702771,-0.17775571,-1.271374,-1.6313177,-0.23342384,-1.683581,-0.33768693,0.31106132,0.8354642,0
0.78416425,-0.6930778,-0.13690537,-1.3451649,-1.6502733,-0.42398205,-1.5116074,-0.24644369,0.45507488,0.78776205,0
0.8193587,-0.60583055,-0.27416548,-1.2621131,-1.7778708,-0.4022674,-1.4801396,-0.1441015,0.4344173,0.75537,0
0.7539937,-0.6240956,-0.17038924,-1.0643964,-1.8964609,-0.48255864,-1.4368327,-0.09019299,0.43122783,0.7419054,0
0.64968246,-0.6606959,-0.06437669,-1.0697119,-2.0303721,-0.4516854,-1.3582485,0.025606003,0.48731923,0.7639114,0
0.6153742,-0.5841022,-0.14369667,-1.1400212,-1.8303721,-0.5622443,-1.3700867,0.0077023376,0.45806882,0.7584671,0
0.6138859,-0.64867294,-0.041848086,-1.217134,-1.8531371,-0.5116145,-1.4710889,0.0318724,0.4560451,0.62920856,0
0.4138859,-0.67164713,0.091601186,-1.1372433,-1.8665075,-0.3923497,-1.6350287,0.10100629,0.4134612,0.56142825,0
0.2548142,-0.7813863,0.010648713,-1.2142115,-1.9211613,-0.42291817,-1.5083773,0.15720315,0.34300038,0.75019825,0
0.28635117,-0.8433286,-0.10218258,-1.1348056,-1.7712507,-0.4353578,-1.4431155,0.19025691,0.3128696,0.7426184,0
0.40369365,-0.8906152,-0.06376964,-1.2437774,-1.8436136,-0.43443662,-1.5244126,0.23569971,0.3033291,0.64817894,0
0.48507679,-1.0280588,-0.11352853,-1.2561352,-1.7574682,-0.3164062,-1.497738,0.42486966,0.2549806,0.6629301,0
0.39853704,-0.94042814,-0.09011445,-1.2409077,-1.8336122,-0.28029677,-1.5595195,0.46932128,0.23575279,0.51004714,0
0.37522894,-0.84854233,-0.048189912,-1.1463,-1.8566233,-0.24407874,-1.6808649,0.3124056,0.28193992,0.5602098,0
0.43643624,-0.6532725,0.059601415,-0.94629997,-1.9174495,-0.3322572,-1.6189067,0.20493692,0.4819399,0.5239427,0
0.5145837,-0.8445646,0.2596014,-0.8150681,-1.8854486,-0.4330319,-1.5141264,0.089941405,0.52327543,0.32394272,0
0.5034372,-0.8277525,0.28962758,-0.78757614,-2.0063677,-0.42579955,-1.3946114,0.19611998,0.52902615,0.4676764,0
0.48094106,-1.0277525,0.43496132,-0.84545875,-2.0152407,-0.3324088,-1.2347716,0.04728943,0.5189646,0.5435419,0
0.3437116,-1.0472386,0.56658494,-0.8238951,-2.1485116,-0.351384,-1.1954225,-0.0054215677,0.4710072,0.5460356,0
0.24727595,-1.0379303,0.52041626,-0.8741116,-2.0228682,-0.55138403,-1.3189784,0.00997807,0.55417335,0.42683044,0
0.13425878,-1.1566947,0.55587524,-0.8495858,-1.9134104,-0.7232239,-1.3650738,-0.029245686,0.61511683,0.4317358,0
0.17196672,-1.1716076,0.6710432,-0.92098546,-1.9503932,-0.5603924,-1.215366,-0.11863655,0.41511685,0.4484888,0
0.13070585,-1.1685313,0.59790426,-0.85188353,-1.9935732,-0.49594724,-1.2870847,-0.11274424,0.54778445,0.52235043,0
-0.030537596,-1.1649337,0.5696277,-0.9347122,-1.8385918,-0.4861782,-1.4292628,-0.1178422,0.5335505,0.69691586,0
-0.1276514,-1.015742,0.461167,-0.8945046,-1.8259557,-0.49803078,-1.5525835,-0.10927752,0.5327561,0.8066751,0
-0.22435397,-1.0063249,0.4468614,-0.7159208,-1.8518409,-0.46370935,-1.6413172,0.059155732,0.39668036,0.69309086,0
-0.2268535,-0.9418429,0.38256374,-0.6243945,-1.8416725,-0.4286936,-1.495519,0.019159231,0.41432863,0.7073936,0
-0.23077108,-0.9442668,0.41525862,-0.8005802,-1.9715031,-0.4586491,-1.5493096,0.009632534,0.47140384,0.7224126,0
-0.23316135,-0.82756907,0.40463704,-0.8201685,-1.8557327,-0.44999924,-1.6292437,-0.018288158,0.5974197,0.6142469,0
-0.34531653,-0.7518501,0.4240336,-0.7467471,-1.8672106,-0.5042829,-1.6853447,-0.058874648,0.53203315,0.80889714,0
-0.40892118,-0.79924226,0.44558203,-0.6482916,-1.7139868,-0.47213927,-1.5885458,0.14112535,0.5787905,0.70205784,0
-0.20892118,-0.99531555,0.4983054,-0.6300376,-1.5944123,-0.6291855,-1.4809816,0.14533499,0.67416865,0.7197393,0
-0.17479965,-1.1204759,0.43514147,-0.62052745,-1.6644999,-0.7546568,-1.5383224,0.12620738,0.649562,0.74429363,0
-0.21267907,-1.2125258,0.60314906,-0.47845906,-1.6834453,-0.69682837,-1.6271764,0.20464715,0.60375684,0.719843,0
-0.23268834,-1.0969169,0.6900813,-0.45951775,-1.6227039,-0.72467905,-1.6220447,0.31870598,0.74182814,0.7835947,0
-0.16336133,-1.1282314,0.5889173,-0.5598344,-1.4742495,-0.6778553,-1.6952761,0.40612867,0.81380427,0.8402911,0
-0.2930069,-1.2777253,0.54146516,-0.46309108,-1.3058131,-0.691199,-1.5993865,0.46638492,0.83652914,0.8439201,0
-0.3030175,-1.3045958,0.4419479,-0.44503346,-1.4224943,-0.5508526,-1.6158998,0.50829726,0.9811309,0.8085748,0
-0.24909319,-1.2021863,0.47772962,-0.5420443,-1.3184421,-0.6886747,-1.6528025,0.41921416,1.0893341,0.8148347,0
-0.17060095,-1.1118648,0.6621575,-0.5362144,-1.1122948,-0.6989738,-1.7619087,0.33334577,1.1108726,0.9129241,0
-0.044576176,-1.1750171,0.6759407,-0.50714296,-0.96107334,-0.6781442,-1.7982728,0.26589602,1.0704972,1.0340542,0
-0.14125839,-1.2197253,0.805796,-0.6244501,-0.82032293,-0.60700494,-1.7797863,0.38453823,1.0447888,0.9016212,0
-0.08127156,-1.1531894,0.7815001,-0.5539291,-0.8869246,-0.53721255,-1.688974,0.25718516,1.1271123,0.80256534,0
0.0051030517,-1.0267715,0.8080853,-0.54613185,-0.93871075,-0.5308066,-1.7428793,0.057185158,0.98216456,0.8480748,0
-0.013236139,-0.94860756,0.79503936,-0.5981772,-0.7449013,-0.51459044,-1.8438163,0.03681255,1.0413103,0.8663653,0
0.050179336,-0.9568173,0.7781313,-0.5445973,-0.7758861,-0.45095786,-1.8395042,0.03129714,0.9566343,0.96413666,0
0.07397335,-1.1209484,0.9478028,-0.6362373,-0.88502735,-0.41318572,-1.9762663,-0.014820111,0.9383563,0.8333777,0
0.028767653,-1.1550342,1.065542,-0.5997926,-0.89183486,-0.3562801,-1.7762662,-0.21482012,0.8032032,0.9958353,0
-0.0025446117,-1.2011005,1.2398508,-0.60205287,-0.8495305,-0.2659859,-1.8007475,-0.18034899,0.7326703,0.95669127,0
-0.08633756,-1.2005769,1.2157347,-0.5328883,-0.64953053,-0.2326376,-1.6007475,-0.13845728,0.6551163,0.9376097,0
-0.078824185,-1.2828342,1.0775237,-0.3551877,-0.75154734,-0.33375657,-1.4943788,-0.035574242,0.5965355,1.0073798,0
-0.13743684,-1.4119897,0.9057106,-0.49113727,-0.9515473,-0.35929245,-1.5219301,0.0969277,0.5621133,0.9266643,0
-0.16749015,-1.5086482,0.8508307,-0.60274553,-1.0190368,-0.2943693,-1.5235063,0.2969277,0.42058337,0.92403764,0
-0.093837805,-1.5260925,0.8056178,-0.62369907,-0.96023715,-0.34203643,-1.4243776,0.11263673,0.37814128,0.9078727,0
0.0035532862,-1.6034808,0.74365854,-0.6207017,-1.0151031,-0.47467113,-1.3364137,0.10003816,0.20299193,0.8835548,0
-0.07327953,-1.7813889,0.70180106,-0.61707187,-0.95748496,-0.48389387,-1.503587,0.14380577,0.270126,0.9493884,0
0.07787092,-1.9244823,0.67817235,-0.46982345,-0.79935783,-0.4822567,-1.4999355,0.027035587,0.12965646,1.0860295,0
0.006368503,-1.970567,0.61143684,-0.49493524,-0.7985841,-0.41017267,-1.5500852,0.022188889,0.081461444,1.027183,0
-0.08394467,-2.0846477,0.48940444,-0.5367988,-0.9542435,-0.24179238,-1.3934937,0.21681108,0.0716099,1.0754176,0
-0.13484459,-2.0763123,0.31310454,-0.5022728,-0.9811696,-0.16803749,-1.4488356,0.112647966,0.122463174,1.0966722,0
-0.12995236,-2.1133347,0.34414822,-0.41613442,-1.0596626,-0.12573664,-1.3461552,-0.020191675,-0.0372683,1.1281394,0
-0.15471725,-1.9427378,0.31862187,-0.32699355,-1.0100322,-0.17319094,-1.5461552,-0.19494437,-0.19610159,0.94881386,0
-0.14225851,-2.113217,0.24707726,-0.3346766,-0.94417566,-0.37319094,-1.5005765,-0.16378577,-0.16210411,0.846262,0
-0.15187599,-2.1756968,0.33745316,-0.2746314,-1.0335004,-0.22709596,-1.4552948,-0.29281297,-0.17463233,0.83675945,0
-0.15027176,-2.28156,0.40050995,-0.1708237,-0.9092879,-0.18444985,-1.318312,-0.29305226,-0.18226287,0.8557451,0
-0.2864118,-2.3888733,0.48916242,-0.15970236,-0.83664715,-0.15824208,-1.1005569,-0.4187793,-0.26928592,0.8731171,0
-0.36890277,-2.4476068,0.40826035,-0.2841201,-0.7779206,-0.31476358,-1.0350442,-0.2958819,-0.10045528,0.86749065,0
-0.42233008,-2.3933806,0.22261,-0.12715991,-0.73635304,-0.24617165,-1.1990396,-0.28027973,-0.14586377,0.94196457,0
-0.47891238,-2.3168,0.3410081,-0.1623214,-0.9072841,-0.28857303,-1.1155337,-0.17034635,-0.11917461,1.032652,0
-0.42771766,-2.3189511,0.4152128,-0.16840664,-0.7840704,-0.45891055,-1.1777025,-0.0430654,-0.11923186,1.0051577,0
-0.3936215,-2.2403085,0.5454374,-0.26666558,-0.9220308,-0.5772988,-1.0923384,-0.023273936,-0.13068394,1.0311308,0
-0.5574039,-2.149468,0.6628121,-0.18308187,-0.8548766,-0.71251965,-1.1347655,0.16183847,-0.16592816,0.9823196,0
-0.5135352,-2.0793557,0.69040823,-0.35404342,-1.0097677,-0.69216454,-1.1652021,0.03928083,-0.065722056,0.9737917,0
-0.5905431,-1.9553227,0.5373708,-0.14942522,-1.1734991,-0.81470037,-1.2327323,0.027276428,-0.109353706,0.97144663,0
-0.49877,-1.8891115,0.49882197,-0.18494798,-1.1092888,-0.8043505,-1.3713806,0.21754411,-0.09633592,1.0414733,0
-0.5368431,-1.9385942,0.4778069,-0.06646776,-1.0363685,-0.89799166,-1.2458133,0.24830136,-0.16129713,1.0957938,0
-0.59012806,-1.8934518,0.46717212,-0.011595562,-0.8077691,-0.82044744,-1.3963741,0.24838379,-0.08326347,1.2264148,0
-0.48924124,-1.9381322,0.47498912,0.051635653,-0.9813983,-0.646387,-1.3049759,0.31453717,-0.00434425,1.2621937,0
-0.61540717,-1.9593606,0.47901767,0.036398407,-1.0166866,-0.5437872,-1.1268913,0.45565262,0.0037307146,1.3208045,0
-0.55955315,-2.0186086,0.42165026,-0.105379164,-0.85890925,-0.49279436,-1.1529926,0.4717362,-0.0432564,1.3743569,0
-0.6495836,-1.9761971,0.40690333,-0.016539063,-0.79924834,-0.542491,-1.2921946,0.3263285,-0.034179773,1.3402697,0
-0.68527985,-1.9008812,0.46848208,-0.09168826,-0.7182235,-0.34249103,-1.1310806,0.37930426,0.10149403,1.3821535,0
-0.68000257,-1.9587792,0.47837216,-0.06380726,-0.78868335,-0.38374457,-0.93108064,0.29544446,0.15427493,1.4782424,0
-0.6039742,-1.9775463,0.5966991,-0.21950974,-0.88729256,-0.412343,-0.8351187,0.23215425,0.20101768,1.6035118,0
-0.7166191,-1.8200984,0.70720685,-0.16982062,-1.0603648,-0.54691744,-0.7548789,0.17005305,0.24871369,1.6001903,0
-0.68083465,-1.8355253,0.85830975,-0.19241671,-0.8385689,-0.6915175,-0.7109214,0.29037133,0.26750028,1.5971591,0
-0.69068503,-1.8570511,0.892355,-0.24835075,-0.8370284,-0.61133415,-0.7686809,0.3736823,0.30878913,1.5218852,0
-0.7790658,-1.7291925,0.84078234,-0.22835487,-0.86411315,-0.4943137,-0.846032,0.37906042,0.24504387,1.6532838,0
-0.7938541,-1.6910844,0.7823655,-0.23627368,-0.9890544,-0.55108917,-0.847903,0.17906041,0.26523778,1.6520917,0
-0.6702315,-1.5999339,0.78530884,-0.2270527,-1.037179,-0.41555202,-0.9210143,0.21982582,0.30674413,1.7560272,0
-0.64888465,-1.4488598,0.5890225,-0.19881849,-1.1610456,-0.47132054,-0.98708814,0.29732054,0.31861782,1.8327161,0
-0.7902902,-1.4291359,0.70254517,-0.23911834,-1.1873194,-0.5050894,-1.0458692,0.33385172,0.25716472,1.6870058,0
-0.77708846,-1.2291359,0.55256397,-0.20778851,-1.1936642,-0.6058941,-0.94018584,0.53385174,0.23236531,1.4930415,0
-0.73991764,-1.4291359,0.5593841,-0.1965732,-1.2639579,-0.64150876,-0.74018586,0.33385175,0.302356,1.5597275,0
-0.7115938,-1.2587246,0.374015,-0.059044316,-1.2821254,-0.44150877,-0.58443135,0.25118417,0.40045375,1.6384796,0
-0.6665583,-1.4541063,0.36651638,0.027574442,-1.3445356,-0.48784754,-0.56246144,0.19193803,0.36451715,1.8384796,0
-0.85782665,-1.603028,0.33872175,-0.07836475,-1.2330858,-0.4832299,-0.6676279,0.119087614,0.24147776,1.8169563,0
-0.9409993,-1.5861845,0.4285995,-0.029383274,-1.2483393,-0.30387983,-0.80535716,0.018519115,0.29464945,1.7399776,0
-1.0753438,-1.510299,0.57688624,0.16805887,-1.264012,-0.2943003,-0.6994326,-0.009152704,0.29026955,1.7157232,0
-1.1182551,-1.3236095,0.7664318,0.06519155,-1.1073663,-0.20352009,-0.85931575,0.03152186,0.26996136,1.6555818,0
-0.9885027,-1.3692594,0.6380631,0.09528005,-1.2579771,-0.021594003,-0.9824347,0.028459582,0.36647975,1.6871254,0
-1.1606526,-1.1418602,0.6666869,0.28836077,-1.3158548,0.06995736,-1.1061898,-0.07490566,0.32355478,1.6586424,0
-1.2134303,-1.1277826,0.67259586,0.24350144,-1.3244503,0.1639456,-1.1409234,0.02504995,0.36120325,1.5906497,0
-1.1385777,-0.918366,0.65666515,0.25705913,-1.1668636,0.3104244,-1.2803237,-0.0011167387,0.44523606,1.7514441,0
-0.9858202,-0.9857837,0.68612254,0.19366026,-1.0803112,0.15473731,-1.1771371,-0.1344927,0.54166067,1.7423847,0
-0.93418974,-1.0946883,0.6037007,0.31828386,-1.0443038,0.036301948,-1.0652097,-0.15188573,0.59322655,1.7889373,0
-0.91426486,-1.1037905,0.6407568,0.3270321,-1.1730131,-0.04521457,-0.967377,0.016035318,0.4717025,1.7286623,0
-0.9962781,-0.93214136,0.7370516,0.33473217,-1.2341626,0.058586158,-0.9354507,0.030307934,0.38980407,1.8409055,0
-1.0034027,-0.9181757,0.69944835,0.192348,-1.3364424,0.098063655,-0.90180856,0.098541036,0.51618063,1.9335983,0
-1.0872418,-0.8956472,0.71338654,0.141744,-1.1941444,0.22005928,-0.99782467,0.09970181,0.59309566,1.7335982,0
-1.0940421,-0.7415198,0.70813346,0.12393642,-1.2411774,0.4095983,-1.0580829,0.067514196,0.60347426,1.7015588,0
-1.2463607,-0.858554,0.66288155,0.07983659,-1.1771116,0.5989232,-1.2360519,-0.04558138,0.6491959,1.602506,0
-1.0947621,-0.7868711,0.7434708,0.06553139,-1.3243754,0.4284049,-1.264761,-0.17240447,0.5287674,1.6669878,0
-0.9393845,-0.94898206,0.82793593,0.15762497,-1.2268381,0.4763502,-1.3576581,-0.05709932,0.5851613,1.6080159,0
-0.93701875,-0.93397284,0.73511326,0.12607482,-1.1195225,0.4447324,-1.420077,-0.23789921,0.6246161,1.6670114,0
-1.0042305,-0.9272166,0.68800646,0.19394895,-0.91952246,0.3809117,-1.5283173,-0.3275023,0.7297704,1.4670113,0
-0.98568165,-0.90422004,0.7471963,0.32317138,-0.772874,0.42934403,-1.6658114,-0.14787407,0.76874465,1.419131,0
-0.8063894,-0.9970544,0.71398383,0.21570045,-0.73731226,0.3867713,-1.7559476,-0.11762557,0.589299,1.4632571,0
-0.76955,-1.0150461,0.6072988,0.14161298,-0.7184718,0.501239,-1.9559476,-0.0010125414,0.5075314,1.3787792,0
-0.6392847,-0.9444154,0.78766966,0.048767008,-0.67806137,0.5051008,-1.910356,0.014091231,0.7075314,1.3664801,0
-0.56738275,-0.915926,0.9036067,0.064697616,-0.7002359,0.44783115,-1.9931419,0.15629159,0.5741891,1.4145131,0
-0.4893247,-0.92777765,0.77150774,-0.08890497,-0.66219115,0.31333065,-2.023551,0.05498354,0.5745289,1.3759716,0
-0.5286745,-0.9033108,0.8058752,0.08833658,-0.81624675,0.36564344,-1.9803189,0.03631869,0.6300614,1.4585551,0
-0.5886181,-1.0781479,0.75923747,0.09243134,-0.672034,0.40553504,-1.9605588,0.047149025,0.5780138,1.4525628,0
-0.6733862,-1.1840096,0.72253036,0.08457833,-0.57883036,0.24854504,-1.9748203,-0.14784965,0.6569919,1.3657366,0
-0.55273265,-1.3516568,0.749842,-0.115421675,-0.5791158,0.20037784,-1.9157604,-0.09674029,0.671912,1.1948345,0
-0.54783624,-1.1516567,0.66507906,-0.14614233,-0.63904226,0.19509703,-1.8894655,-0.045634564,0.6423475,1.1375556,0
-0.50854677,-1.2012485,0.6926251,-0.33085144,-0.5417989,-0.004902974,-1.8323216,0.10323219,0.5660824,1.1669405,0
-0.5907411,-1.3265705,0.7114789,-0.5308514,-0.7338682,0.030850794,-1.7135644,0.0416366,0.5055751,1.1290183,0
-0.5073042,-1.2699623,0.757271,-0.57745874,-0.7857773,0.029426154,-1.7273275,-0.10272455,0.3789047,1.1230744,0
-0.58645517,-1.371855,0.7362249,-0.56006885,-0.69667244,0.06360938,-1.9041175,-0.110057905,0.27956754,1.3088342,0
-0.3861801,-1.4136516,0.6461906,-0.58540374,-0.7224005,0.025775447,-1.9437047,-0.044541024,0.3109095,1.3011647,0
-0.36480805,-1.5692984,0.703931,-0.5479718,-0.66164327,0.22577545,-1.8002123,0.08441862,0.4060091,1.2224041,0
-0.33318472,-1.3735095,0.84325314,-0.35139382,-0.61678374,0.05486135,-1.6203057,0.03753908,0.38601473,1.1860985,0
-0.31006616,-1.4781231,0.9448579,-0.38446522,-0.42472857,-0.047806613,-1.6888813,0.046958193,0.39425388,1.2152487,0
-0.11006616,-1.5117509,0.87318194,-0.32288668,-0.31524643,0.047715575,-1.7506803,0.06538538,0.34689954,1.2365352,0
-0.101149626,-1.711751,0.79883593,-0.1975819,-0.27619627,0.087840304,-1.6060976,0.088850036,0.4126156,1.127821,0
-0.05314289,-1.7665671,0.7649604,-0.14521745,-0.12161283,0.2878403,-1.607807,0.037063815,0.488345,1.178958,0
-0.061141826,-1.6712155,0.7509081,-0.22193372,-0.08110243,0.34683794,-1.484139,-0.16293618,0.67255586,1.2588887,0
0.075045176,-1.5341799,0.60377264,-0.28970826,-0.17164817,0.5078661,-1.4454964,-0.14018658,0.7371211,1.2392379,0
0.02610226,-1.5332496,0.43082726,-0.29410973,-0.2661247,0.4306917,-1.4410108,-0.16920751,0.7444076,1.4073948,0
-0.090845525,-1.6349277,0.52913326,-0.28985748,-0.2322339,0.3887983,-1.5308127,-0.01670535,0.6844716,1.3867614,0
-0.21975726,-1.599909,0.6343206,-0.40916368,-0.33038974,0.24970336,-1.5136803,-0.10223401,0.5216289,1.5726746,0
-0.18567018,-1.5686283,0.47738698,-0.30570802,-0.5274292,0.12817629,-1.5504231,-0.07621506,0.58619034,1.6305488,0
-0.18370554,-1.6447169,0.5710373,-0.3462699,-0.69912803,0.26665705,-1.5153126,-0.27621508,0.5583546,1.5320421,0
-0.09882643,-1.6260706,0.39075494,-0.32249445,-0.6108846,0.24632356,-1.5682964,-0.0917995,0.47594768,1.49862,0
0.10117357,-1.6366931,0.48348898,-0.42585823,-0.7406091,0.30226552,-1.473069,-0.14654589,0.5136371,1.5449877,0
0.13210031,-1.6771661,0.5434015,-0.4949033,-0.813804,0.2710479,-1.5653473,-0.23617472,0.5387206,1.4482385,0
0.24463087,-1.6163516,0.6398695,-0.3338452,-0.76495653,0.15332852,-1.3653473,-0.27021378,0.56974095,1.4095951,0
0.25460523,-1.6966765,0.47493035,-0.1338452,-0.70137024,0.07885706,-1.33724,-0.4507814,0.47355443,1.4607849,0
0.3711859,-1.724993,0.57480824,-0.1885584,-0.6143234,0.0574981,-1.2785017,-0.40264258,0.45603332,1.5119505,0
0.29805478,-1.7802708,0.5134647,-0.21747229,-0.5266533,0.124982715,-1.4438772,-0.31846043,0.3566329,1.5133351,0
0.37379748,-1.8823799,0.60245657,-0.10093803,-0.52548987,0.2661654,-1.3990763,-0.37643644,0.533188,1.4877456,0
0.38284403,-1.8429269,0.74083537,0.0017156134,-0.6550361,0.1325954,-1.3172774,-0.44070312,0.49910253,1.510964,0
0.3769504,-1.8182755,0.8510031,-0.14557919,-0.7770018,-0.009968456,-1.2839144,-0.39834163,0.45170122,1.4803392,0
0.23005989,-1.8119627,0.8967516,-0.2224971,-0.7256499,-0.022225013,-1.2646495,-0.24640173,0.35144207,1.5499047,0
0.40226293,-1.7812519,0.81679493,-0.28997585,-0.6578612,-0.090958424,-1.3165578,-0.30787778,0.46967158,1.5570258,0
0.45645487,-1.7811496,0.8105168,-0.39248088,-0.45488414,-0.28906658,-1.2912096,-0.25891408,0.4238559,1.6136245,0
0.548476,-1.8339981,0.7507247,-0.29958782,-0.5421824,-0.35024774,-1.1798786,-0.203099,0.46527988,1.617344,0
0.58999926,-1.8916141,0.7920568,-0.42575696,-0.44386697,-0.15023118,-1.104033,-0.20451488,0.5353248,1.5805694,0
0.56211495,-1.9051124,0.75102556,-0.43307635,-0.5201964,-0.09869177,-1.1796287,-0.33091646,0.5247621,1.4987426,0
0.70094687,-2.0027227,0.783738,-0.40551665,-0.4402225,-0.17363656,-1.2197038,-0.40713742,0.37018085,1.3056291,0
0.72990555,-2.0238914,0.6257115,-0.490719,-0.44779217,-0.17179865,-1.2760168,-0.27276856,0.43765947,1.2706616,0
0.7013096,-2.0680838,0.63323045,-0.3945738,-0.52953666,-0.031203443,-1.2747551,-0.17244317,0.5707099,1.1885684,0
0.6396954,-2.134249,0.6173982,-0.5387815,-0.38891992,-0.035125364,-1.2094449,-0.14505418,0.4595653,1.2315902,0
0.6049769,-2.0662673,0.74170494,-0.6602537,-0.37349427,-0.07534885,-1.3259608,-0.15144464,0.4240985,1.1279796,0
0.65353876,-1.9900349,0.69193685,-0.5703339,-0.35837588,0.017864885,-1.3743603,-0.24877909,0.39299977,1.2548437,0
0.66273206,-2.0205026,0.52397126,-0.5234441,-0.4128119,0.025671052,-1.3948995,-0.20427498,0.2932096,1.2981905,0
0.59977853,-2.0828059,0.5935828,-0.41514418,-0.292269,0.16991886,-1.2622136,-0.12741256,0.37590787,1.2466213,0
0.62631404,-2.0922115,0.42394757,-0.40666878,-0.28433573,0.12053641,-1.4289258,-0.05602606,0.5083922,1.2192073,0
0.59043974,-1.9643358,0.4771185,-0.4888941,-0.3561267,0.20077872,-1.5658995,-0.1977427,0.524337,1.1802093,0
0.70016813,-1.9419708,0.3248179,-0.37494177,-0.38317183,0.05410099,-1.3658994,-0.35085875,0.7061827,1.223669,0
0.61203074,-1.9702772,0.37626666,-0.3426113,-0.47926927,-0.06272607,-1.1658994,-0.329691,0.8362452,1.2564145,0
0.641293,-1.9047863,0.3968145,-0.29595155,-0.53124326,-0.10523986,-1.3054575,-0.20882002,0.93185216,1.3438805,0
0.70927775,-1.7463435,0.54913396,-0.3590229,-0.5619359,-0.009132616,-1.3795354,-0.23543859,0.84294087,1.3450768,0
0.7006891,-1.7965862,0.4677358,-0.4646767,-0.48084074,-0.044798356,-1.3835925,-0.2517896,0.8934427,1.3555189,0
0.7720784,-1.7105707,0.4254566,-0.4481643,-0.57603234,-0.05563753,-1.5020082,-0.20857687,0.7029692,1.4026299,0
0.7266249,-1.8197595,0.43498152,-0.43920156,-0.66538507,-0.07131469,-1.3233554,-0.31258267,0.7261189,1.397976,0
0.6104192,-1.8310949,0.27498382,-0.5729856,-0.6488943,-0.13567153,-1.407192,-0.36580932,0.6651472,1.3691802,0
0.44952676,-1.904699,0.27316654,-0.39455938,-0.81436795,-0.133122,-1.379877,-0.22022758,0.71086526,1.274926,0
0.37871346,-1.7672062,0.29080275,-0.40305758,-0.958473,-0.09860112,-1.3390387,-0.18900822,0.71361595,1.3417693,0
0.343174,-1.8789942,0.2372404,-0.38684285,-0.9711995,-0.061993703,-1.3765652,-0.22925296,0.60678744,1.3721995,0
0.3068444,-1.8858411,0.26443452,-0.27756107,-0.9403966,0.06396736,-1.4427507,-0.2871226,0.7419569,1.2647443,0
0.32907334,-1.6796161,0.45928377,-0.17648561,-1.0972582,0.1803802,-1.4414784,-0.46373168,0.70995766,1.3397951,0
0.30759656,-1.7354589,0.56528485,-0.12490246,-1.1984721,0.18523456,-1.3580536,-0.26214898,0.6160212,1.3398722,0
0.36876163,-1.569313,0.5438888,-0.2809428,-1.2098765,0.19718969,-1.4288026,-0.21160775,0.71920323,1.357315,0
0.3897991,-1.7155269,0.63929695,-0.21078205,-1.0098765,0.11999964,-1.4629202,-0.24168883,0.78133535,1.2061058,0
0.28767306,-1.6228225,0.7186927,-0.15363176,-0.8442317,0.046138197,-1.5427603,-0.26915634,0.8144235,1.204943,0
0.15175731,-1.6233805,0.75657654,-0.20870762,-0.6653976,-0.15342474,-1.5337346,-0.3517017,0.81118,1.1811323,0
0.1362231,-1.8233806,0.90614593,-0.12992936,-0.65707195,-0.1323806,-1.659657,-0.2627153,0.6335517,1.0430471,0
0.15880519,-1.7912884,0.8807154,-0.0963875,-0.65582484,-0.15624802,-1.7266023,-0.19604273,0.61995673,1.0595582,0
0.141874,-1.6319929,0.96105385,-0.19764672,-0.672008,-0.13138464,-1.648809,-0.23328343,0.50308275,1.0364883,0
0.08862073,-1.4474604,0.76105386,-0.31211227,-0.61498696,-0.22537538,-1.6569153,-0.21426786,0.60790825,1.0909646,0
-0.011175916,-1.3925163,0.810092,-0.433953,-0.47370732,-0.21476698,-1.5718763,-0.035938367,0.7285568,1.1737163,0
0.1018484,-1.3826767,0.82726306,-0.26312572,-0.42437834,-0.28204954,-1.675241,-0.061280146,0.73330945,1.3654687,0
0.177311,-1.4273132,0.8037769,-0.23765902,-0.52673936,-0.28814596,-1.5730976,-0.02487772,0.85846096,1.3856282,0
0.306778,-1.5561285,0.7696667,-0.103457555,-0.72673935,-0.23902862,-1.6674182,0.023741353,0.7548146,1.3743386,0
0.40743265,-1.4990921,0.70251787,0.091772795,-0.6613267,-0.26903477,-1.775159,0.19544113,0.83976793,1.2963172,0
0.40311086,-1.3677349,0.7851592,0.07447192,-0.84411144,-0.2223543,-1.8811897,0.13693315,0.63903004,1.271547,0
0.4101228,-1.4199,0.810282,0.060936663,-0.83557135,-0.26795587,-1.9011372,0.119532205,0.5322511,1.2138913,0
0.21012281,-1.5930209,0.7503576,0.029346254,-0.66890717,-0.46176183,-1.7323265,-0.037967153,0.46644393,1.1565403,0
0.13911277,-1.7261543,0.6539042,0.0062423074,-0.6041132,-0.379059,-1.7609755,-0.08095657,0.64869,1.2395096,0
0.22809912,-1.7494121,0.59905046,0.06752845,-0.531385,-0.46268743,-1.8294873,-0.20131516,0.6202284,1.1204563,0
0.32926968,-1.6751492,0.53254795,0.114228,-0.39213604,-0.5699273,-1.9724549,-0.25797778,0.4536574,1.0711104,0
0.16091913,-1.6374028,0.62374,0.13594046,-0.25831157,-0.6512856,-2.0550525,-0.45398408,0.32399204,0.9275095,0
0.2140146,-1.6828727,0.58055466,0.059207972,-0.19065472,-0.61201596,-2.0697286,-0.44962358,0.13530089,0.93082273,0
0.043174334,-1.626208,0.56941175,0.10939983,-0.16081554,-0.6215524,-2.0992937,-0.45316103,0.13049284,0.98781466,0
-0.105081595,-1.7541265,0.5737321,0.1988106,-0.26138407,-0.41334566,-1.9982125,-0.47280797,0.0735209,1.0403469,0
-0.016970031,-1.8381772,0.5414431,0.3246382,-0.30263808,-0.43000907,-1.7982124,-0.56033057,0.086302646,1.01707,0
0.06626247,-1.7596478,0.59336954,0.47654653,-0.20034064,-0.41547462,-1.8273865,-0.51327896,0.17394945,1.0422368,0
-0.017189302,-1.616889,0.69591665,0.50545245,-0.2804841,-0.4899019,-1.7278302,-0.41598397,0.100902416,1.018577,0
0.0218958,-1.4348476,0.6696767,0.40945077,-0.22645165,-0.6547969,-1.7780017,-0.26457143,-0.0027890578,1.1605878,0
-0.08163723,-1.4566939,0.7398787,0.4009972,-0.27665755,-0.6861635,-1.7118039,-0.3110282,0.08993341,1.2009087,0
-0.03849635,-1.4743247,0.7160609,0.32647514,-0.23854098,-0.5514671,-1.7535543,-0.38413948,0.008939169,1.2447729,0
0.055474866,-1.3749802,0.6837561,0.38622868,-0.20627263,-0.6359452,-1.7857357,-0.492661,0.10020582,1.2615691,0
0.028579095,-1.3871784,0.63969004,0.39337614,-0.15417877,-0.55097866,-1.9857358,-0.4681505,0.12366312,1.3452747,0
0.04608713,-1.4529732,0.45772517,0.19277103,-0.14960521,-0.5945567,-1.986035,-0.38945365,0.05594372,1.4714125,0
-0.09095451,-1.349378,0.532268,0.24538489,-0.23344652,-0.5427977,-1.9879377,-0.28421852,0.070762955,1.5622334,0
0.006675929,-1.317396,0.39383674,0.18513277,-0.14912339,-0.46375456,-1.9702212,-0.14590311,0.02043154,1.7129681,0
0.020520529,-1.4328579,0.30726087,0.31879982,-0.02895034,-0.38464645,-2.049312,-0.3266319,0.034059446,1.51464,0
0.06268898,-1.5749397,0.1628827,0.34271422,-0.064836964,-0.58464646,-1.9481567,-0.28323781,0.04914549,1.4000866,0
0.035081375,-1.5956296,0.23986457,0.13885461,-0.010950223,-0.54261756,-2.0422807,-0.3458872,0.011543863,1.3381643,0
0.14082433,-1.7339183,0.15760683,0.15445334,0.0070989444,-0.5154278,-1.9848515,-0.1447946,-0.015748333,1.3032405,0
0.10754673,-1.6185981,0.079599425,0.10005943,-0.04130833,-0.47129637,-2.022526,-0.28089786,-0.09175602,1.3965906,0
0.17980006,-1.5769714,0.17507502,-0.087549224,0.035672758,-0.5775794,-2.006031,-0.25578865,-0.008521314,1.4205579,0
0.13805576,-1.5822682,0.20108916,-0.18459617,0.0710836,-0.5658861,-1.9789639,-0.36618024,-0.0504506,1.4229001,0
0.04250479,-1.5428249,0.21372883,-0.1522725,-0.114238225,-0.472192,-1.8932428,-0.39888522,0.13393927,1.5973682,0
-0.13205247,-1.546502,0.20762077,-0.10334818,-0.30387053,-0.40938684,-1.9844233,-0.38511685,0.16717085,1.4707052,0
-0.17840455,-1.5424246,0.17516002,0.011912562,-0.22893712,-0.40871567,-1.8828108,-0.31520846,0.3291409,1.4358112,0
-0.25803962,-1.3759115,0.23149627,0.104922056,-0.26982546,-0.46345192,-1.8717405,-0.33216122,0.27933526,1.4098585,0
-0.32870165,-1.3224497,0.22937931,-0.0018170476,-0.3057563,-0.480146,-1.9878432,-0.44937325,0.3866644,1.4970771,0
-0.2558647,-1.2291125,0.1738014,0.006663799,-0.34802353,-0.5082311,-2.1089067,-0.4957428,0.43218452,1.4608601,0
-0.22171813,-1.3227022,0.14809239,-0.04509179,-0.4315978,-0.531468,-2.0719762,-0.45261723,0.306737,1.4548419,0
-0.1876848,-1.1639631,0.20560764,0.12452513,-0.26585692,-0.5084114,-1.9693079,-0.31771833,0.29722318,1.5135479,0
-0.12013969,-1.1377025,0.19308555,0.16860345,-0.4658569,-0.51278013,-2.0503244,-0.33510327,0.31513047,1.5219172,0
-0.28458542,-1.192165,0.0317657,0.24261704,-0.6033972,-0.48355877,-1.8574467,-0.4751104,0.32544842,1.4616058,0
-0.24011596,-1.0810115,-0.009511042,0.18147464,-0.7525257,-0.5727726,-1.9335123,-0.33157855,0.52544844,1.5830251,0
-0.2723619,-1.1399068,-0.09761147,0.1402087,-0.9107615,-0.72494864,-1.7956597,-0.2573699,0.5663807,1.62197,0
-0.29165405,-1.1511877,-0.06245233,0.27006897,-0.7866756,-0.75513726,-1.8476659,-0.2720409,0.6532237,1.5521601,0
-0.31142846,-1.1386857,-0.06668067,0.35210058,-0.83675873,-0.697963,-1.9269814,-0.29523137,0.62706625,1.4481152,0
-0.36474684,-1.1441956,-0.05647179,0.3739635,-0.86999536,-0.6446742,-1.8283193,-0.3347509,0.6206689,1.4809513,0
-0.2450329,-1.1964569,-0.047787953,0.3101503,-0.93239635,-0.62790775,-1.6800331,-0.5098969,0.7034133,1.6028246,0
-0.222668,-1.0569227,-0.03648921,0.2744492,-0.8815149,-0.51057726,-1.8395501,-0.4474073,0.6921024,1.5039102,0
-0.098192684,-1.2328644,-0.18241492,0.29944578,-0.7984834,-0.47637028,-1.8386401,-0.48861727,0.55681044,1.5290343,0
-0.24810793,-1.2710131,-0.15236248,0.3694171,-0.9539929,-0.37288147,-1.6929768,-0.513764,0.44273674,1.6697308,0
-0.3310145,-1.1609548,-0.22942685,0.33917108,-1.0285033,-0.25732237,-1.8021686,-0.49322236,0.31754804,1.6306404,0
-0.3727943,-1.1727637,-0.2389245,0.34385228,-1.0835229,-0.32396102,-1.7635381,-0.55446017,0.48186684,1.5432653,0
-0.33091512,-0.9727637,-0.18076319,0.27603066,-1.1586305,-0.28310832,-1.894553,-0.38310423,0.5740464,1.4591423,0
-0.1392409,-0.85123247,-0.3186678,0.3700404,-1.0964851,-0.106006205,-1.9864836,-0.47669792,0.50857854,1.5401331,0
0.033698246,-0.84856385,-0.23842308,0.4285636,-1.1611983,-0.002051361,-1.8851297,-0.39862037,0.60366267,1.5703799,0
0.07679866,-0.92791396,-0.114647835,0.3751769,-1.1415815,0.02268473,-1.8728496,-0.43031412,0.52596813,1.645015,0
0.05955855,-0.78400207,-0.26639122,0.48325917,-1.135212,0.0906245,-1.8411796,-0.4959837,0.3845878,1.6963555,0
0.18368778,-0.5837447,-0.35616988,0.64972883,-1.1167337,0.09085862,-1.9167855,-0.4758873,0.29126143,1.6839768,0
0.20415746,-0.64472646,-0.31607413,0.5399154,-1.1347629,0.029472081,-1.9791533,-0.47064835,0.37286317,1.6078233,0
0.27512106,-0.6775486,-0.43290842,0.58063567,-1.0514362,-0.16923502,-1.9832244,-0.38145638,0.26797044,1.6297348,0
0.2739026,-0.83729357,-0.32431987,0.57864237,-1.028473,-0.019209106,-1.9851888,-0.3134913,0.42077717,1.5841323,0
0.2921417,-0.84190536,-0.30818346,0.6247828,-1.0309267,-0.04811986,-1.9400806,-0.4017378,0.46395472,1.5858227,0
0.4789203,-0.77945703,-0.377892,0.54742306,-0.9099195,-0.08592592,-1.8581285,-0.3483161,0.5668604,1.7291543,0
0.5992469,-0.6517516,-0.18491445,0.34263027,-0.7693519,0.047912102,-1.9835802,-0.44362628,0.65624243,1.70537,0
0.43560457,-0.8003064,-0.2706725,0.36796972,-0.91080374,0.013911184,-2.0085742,-0.32108986,0.6777098,1.5920357,0
0.57859486,-0.9441995,-0.18180528,0.45253018,-0.83858746,0.07936771,-1.9785597,-0.38320667,0.4985042,1.4201391,0
0.59484524,-0.926709,-0.16407642,0.37727103,-0.8142633,0.17304036,-1.9396805,-0.27293855,0.55791605,1.358153,0
0.6664399,-0.7902553,-0.094516926,0.2687291,-0.80393296,0.16339716,-1.9678916,-0.42385352,0.62498236,1.3711976,0
0.66216046,-0.7076701,-0.064511895,0.38041562,-0.8033246,0.058559306,-1.8133923,-0.45736173,0.7372559,1.2970408,0
0.76741856,-0.5884549,-0.10052479,0.3412389,-0.61187124,-0.09995482,-1.7493303,-0.44693428,0.7103778,1.2719527,0
0.6114578,-0.48514086,-0.15749633,0.17960434,-0.7097425,-0.12047346,-1.8835851,-0.51364905,0.70598245,1.3032144,0
0.60184604,-0.5185103,-0.2783283,0.29970112,-0.63925016,-0.24636425,-1.8872156,-0.4691125,0.6244767,1.4608798,0
0.6033836,-0.36360848,-0.17111117,0.24451783,-0.6308235,-0.42030138,-1.9484794,-0.5218569,0.6065306,1.4466335,0
0.5668639,-0.39379793,-0.11151834,0.19590718,-0.64865613,-0.39287227,-1.8453652,-0.52455926,0.6202272,1.5134346,0
0.5811589,-0.39381203,-0.26199576,0.049341753,-0.63322145,-0.59287226,-1.8134348,-0.72455925,0.7930549,1.4865038,0
0.6232569,-0.4587565,-0.46199578,-0.019542009,-0.48074293,-0.61021477,-1.8714821,-0.6499245,0.7540404,1.4592224,0
0.5744136,-0.38702765,-0.536747,-0.1634242,-0.5089086,-0.6547505,-1.8385609,-0.67091644,0.9118241,1.4476264,0
0.6112365,-0.22647081,-0.5689176,-0.2889498,-0.5803633,-0.5867047,-1.927824,-0.8496004,0.92166555,1.4117302,0
0.6074144,-0.2999737,-0.5119279,-0.33598867,-0.6061973,-0.76212275,-1.8237097,-0.8432234,0.97624195,1.4925839,0
0.57639444,-0.41888437,-0.563648,-0.280899,-0.67782974,-0.63104165,-1.7897084,-0.8938565,1.0095303,1.4889084,0
0.51918226,-0.32954067,-0.5665026,-0.18358824,-0.6706095,-0.5496834,-1.8668314,-0.8852357,0.9639012,1.5223492,0
0.46936956,-0.38837594,-0.66727203,-0.18408597,-0.54297453,-0.69055855,-1.900955,-0.77541494,0.8670378,1.5528592,0
0.39494088,-0.25128275,-0.68451256,-0.17408168,-0.43209672,-0.614862,-2.0051222,-0.71640044,0.86163414,1.5624007,0
0.4273004,-0.23841617,-0.66146904,-0.27311784,-0.607619,-0.53794914,-2.0297294,-0.7586176,0.84783345,1.4750338,0
0.37416077,-0.040586013,-0.72076213,-0.3874808,-0.556521,-0.44717038,-2.0533676,-0.7491808,0.9475345,1.4154961,0
0.43734342,-0.104934126,-0.6799786,-0.37488055,-0.5930578,-0.55714506,-1.9495101,-0.72794497,0.9889716,1.4386007,0
0.41057244,-0.30493414,-0.7353115,-0.23338091,-0.45506108,-0.45331967,-1.8512088,-0.61338305,1.0830288,1.4431645,0
0.51576525,-0.49907035,-0.8266538,-0.28732434,-0.47174746,-0.5991959,-1.7996615,-0.7533948,1.0888827,1.4647086,0
0.50297534,-0.6843579,-0.75407815,-0.4518648,-0.26602834,-0.6244803,-1.7634524,-0.70509565,1.0470164,1.5303398,0
0.5426046,-0.66738915,-0.7999389,-0.39225033,-0.27101493,-0.59825873,-1.8827753,-0.6450345,0.8474971,1.5348884,0
0.48569068,-0.52968925,-0.6365707,-0.3972899,-0.27414367,-0.5732992,-1.8527677,-0.77152616,0.9437855,1.611804,0
0.44436207,-0.5056687,-0.6823197,-0.33656177,-0.22261274,-0.6776309,-1.8502859,-0.73796415,0.857821,1.625893,0
0.30209547,-0.4613446,-0.743483,-0.24018961,-0.12019525,-0.7167175,-1.9779251,-0.60547894,0.9504,1.5411876,0
0.101537295,-0.51741785,-0.7456199,-0.297399,-0.07298136,-0.66778004,-1.9845618,-0.65968525,1.0158923,1.490171,0
-0.027544022,-0.43054044,-0.72237945,-0.36320087,-0.06655724,-0.78924364,-1.9893347,-0.6827686,1.0069675,1.4474754,0
-0.071918555,-0.5031689,-0.70789033,-0.29960653,-0.17721212,-0.87526155,-1.9532189,-0.732415,1.0581666,1.3718879,0
-0.13433093,-0.44105506,-0.5975079,-0.37535822,-0.28913298,-0.9031944,-1.9724607,-0.6393194,1.0137745,1.3448724,0
-0.03055176,-0.46237746,-0.55171144,-0.4241939,-0.35250995,-0.88325053,-1.9783881,-0.64287186,1.0281264,1.4185222,0
-0.011405403,-0.54623914,-0.64161277,-0.3221472,-0.31329346,-0.8034891,-1.778388,-0.63619655,1.0912645,1.467308,0
0.06738403,-0.57345825,-0.72167176,-0.3178447,-0.27298972,-0.7084994,-1.8014745,-0.625558,1.1045561,1.6160442,0
0.00036810618,-0.61496073,-0.7934489,-0.27639285,-0.40367746,-0.7092368,-1.6892471,-0.53961736,1.2006316,1.6320649,0
-0.13409872,-0.53183174,-0.7656329,-0.33412763,-0.3992817,-0.7267499,-1.8460691,-0.51388156,1.1339782,1.5348595,0
-0.048481964,-0.49785885,-0.853571,-0.3557456,-0.5008357,-0.72177094,-1.8589702,-0.30529556,1.0403,1.5784988,0
-0.044312496,-0.5826518,-0.66646564,-0.34755722,-0.55686563,-0.74396616,-1.8719155,-0.461133,1.0125468,1.5773504,0
-0.05550834,-0.43048182,-0.8325865,-0.37925208,-0.609919,-0.5450175,-1.8638968,-0.4000985,0.93375546,1.6731522,0
-0.025324427,-0.53518826,-0.62547576,-0.38110438,-0.6068516,-0.55869585,-1.9019784,-0.2446633,1.1210111,1.6006291,0
-0.08929425,-0.5227221,-0.48360306,-0.3205242,-0.7634447,-0.59473336,-1.8831811,-0.36506772,1.1566355,1.5582597,0
-0.1856207,-0.47734275,-0.42047092,-0.2054799,-0.84048796,-0.5643702,-1.8949922,-0.275339,1.1790166,1.5610414,0
-0.07140423,-0.5064146,-0.37119254,-0.32268232,-0.88849515,-0.6202501,-1.8404255,-0.2372002,1.3324867,1.4503282,0
-0.101511694,-0.5516242,-0.34787306,-0.40008578,-0.8455841,-0.71131915,-1.8477807,-0.2864003,1.2018927,1.4974875,0
-0.2153764,-0.62678564,-0.33636257,-0.2735618,-0.81058717,-0.8710745,-1.8734531,-0.27574635,1.2137959,1.3776035,0
-0.16132818,-0.421714,-0.22910178,-0.34813458,-0.8536031,-0.85276264,-1.8938268,-0.31897584,1.2632716,1.3720134,0
-0.28878492,-0.42150533,-0.33910152,-0.281938,-0.70806897,-0.8623858,-2.0411515,-0.3021388,1.1564695,1.3055187,0
-0.26514235,-0.3886244,-0.4563768,-0.22448134,-0.8643512,-0.7824649,-1.938015,-0.45256153,1.2000523,1.3265764,0
-0.40002686,-0.55866563,-0.6473321,-0.28414088,-0.80139166,-0.7658971,-1.7140656,-0.5487809,1.1779137,1.4739766,0
-0.24930236,-0.6919582,-0.72803676,-0.14326505,-0.7931914,-0.870838,-1.556038,-0.68945026,1.1014353,1.4843686,0
-0.36144114,-0.68068516,-0.8080792,-0.33527893,-0.78584474,-0.88247794,-1.4993267,-0.6528645,1.051194,1.5594647,0
-0.3741816,-0.6174229,-0.69835705,-0.29405636,-0.8067091,-0.7862578,-1.4161407,-0.5974925,1.0725938,1.4860938,0
-0.34902143,-0.604162,-0.7854722,-0.36013258,-0.91737574,-0.848118,-1.3476084,-0.57609934,1.0291995,1.4853239,0
-0.23666477,-0.5861425,-0.814016,-0.42284414,-0.7562015,-0.9818645,-1.2680557,-0.69950515,0.83773607,1.5397754,0
-0.28874698,-0.6978626,-0.97133034,-0.4276432,-0.8428984,-0.9967944,-1.464256,-0.7319944,0.7232509,1.5479736,0
-0.34587014,-0.56285125,-0.99099576,-0.49193168,-0.7823183,-1.0289981,-1.4789069,-0.6271405,0.73950076,1.5941496,0
-0.4336034,-0.41060293,-1.0217304,-0.63353294,-0.86274,-1.0450398,-1.3722303,-0.63859934,0.7162124,1.4906898,0
-0.5224793,-0.3501426,-1.07661,-0.73887885,-0.66274,-1.01634,-1.385411,-0.57586163,0.56569886,1.4555298,0
-0.47587657,-0.54889494,-1.0582029,-0.6522166,-0.620229,-1.08418,-1.3115525,-0.49223846,0.5656218,1.5266179,0
-0.67587656,-0.6514806,-1.0035223,-0.5445069,-0.6244026,-1.1160402,-1.3060163,-0.45057,0.5589729,1.5736998,0
-0.66458,-0.6545395,-0.88902986,-0.60116917,-0.45474303,-0.9245628,-1.4292045,-0.36399287,0.5760127,1.5843176,0
-0.6816256,-0.6369797,-0.9235642,-0.67750216,-0.5422906,-0.9370224,-1.2948569,-0.4684483,0.4957634,1.634273,0
-0.6522113,-0.4369797,-1.0047256,-0.5433749,-0.5713464,-0.98072326,-1.3541118,-0.30825675,0.6188256,1.7151961,0
-0.840579,-0.3756992,-1.0413384,-0.59133977,-0.58264935,-0.92259246,-1.3180746,-0.32417977,0.53267026,1.8442891,0
-0.68153554,-0.29734123,-1.185972,-0.68315744,-0.41942137,-0.8169704,-1.2332528,-0.3746425,0.5048784,1.9530331,0
-0.67215586,-0.11585274,-1.0935851,-0.8070261,-0.48652118,-0.7539128,-1.2168478,-0.34263727,0.3573675,2.001661,0
-0.6931564,-0.115235865,-1.0519714,-0.787656,-0.39114505,-0.83644414,-1.3733814,-0.38199344,0.20753114,1.962501,0
-0.6727964,0.020093814,-0.9920342,-0.7036663,-0.2894356,-1.0364442,-1.3953578,-0.4922681,0.16239206,1.8851445,0
-0.65227306,-0.10426353,-1.059951,-0.68620735,-0.2990791,-1.1612927,-1.4101009,-0.5173886,0.15607484,1.8029996,0
-0.6463495,-0.22003913,-1.2098892,-0.8088482,-0.19647916,-1.1291302,-1.4008882,-0.3845502,0.13588399,1.6224654,0
-0.66694653,-0.27553192,-1.2199897,-0.6391977,-0.20151283,-1.3023129,-1.3614603,-0.49018282,0.21454675,1.6449337,0
-0.62978595,-0.30858856,-1.0016556,-0.53188163,-0.2869024,-1.4753093,-1.4150805,-0.6569515,0.11393684,1.5862094,0
-0.6861685,-0.21255387,-0.9922718,-0.48159066,-0.31980842,-1.4074502,-1.4931176,-0.63998234,0.023094658,1.5952296,0
-0.7627359,-0.089240626,-0.8857298,-0.5231228,-0.22240965,-1.4439982,-1.5562884,-0.59562314,0.07435919,1.5605024,0
-0.7675377,-0.038732674,-0.9369569,-0.5386282,-0.11893879,-1.460177,-1.5200783,-0.5128673,0.06505281,1.586572,0
-0.76649475,0.032230876,-0.93912256,-0.4882548,-0.31498188,-1.3504659,-1.6947418,-0.5083695,-0.09717681,1.4926816,0
-0.7688349,-0.020914555,-0.8337612,-0.5447554,-0.268715,-1.3138264,-1.7271265,-0.59147465,-0.0591002,1.5105929,0
-0.81162333,-0.16842173,-0.7024103,-0.73887366,-0.19850811,-1.3169929,-1.7745101,-0.612099,-0.0636737,1.404317,0
-0.7874516,-0.20105657,-0.73881394,-0.55125844,-0.25956565,-1.3265007,-1.8341365,-0.60041016,0.029249629,1.3918988,0
-0.7375557,-0.24878606,-0.93208015,-0.4978624,-0.15617381,-1.3703849,-1.7994761,-0.5181745,-0.12657683,1.3610623,0
-0.6617201,-0.23625343,-1.1155064,-0.395552,-0.21481052,-1.2327073,-1.7835186,-0.31817454,-0.15990673,1.4100614,0
-0.67772716,-0.107949786,-1.1166377,-0.38758627,-0.1620017,-1.1846188,-1.880963,-0.21422504,0.03980356,1.454945,0
-0.71824235,-0.1547078,-1.1851382,-0.39282104,-0.3107978,-0.9942368,-1.8454278,-0.18008816,-0.16019644,1.4853778,0
-0.8355676,-0.13383311,-1.1615518,-0.51337373,-0.24564373,-1.0391034,-1.8466887,-0.0536288,-0.089535244,1.45256,0
-0.8054528,-0.02045821,-1.083907,-0.6771662,-0.26278567,-1.1415989,-1.6938666,-0.08181826,-0.09201703,1.5686837,0
-0.82071537,-0.19386001,-0.9988323,-0.7576425,-0.16177273,-1.1678365,-1.6513728,-0.099292114,-0.084654436,1.6071982,0
-0.63711566,-0.22327797,-0.9885286,-0.7093135,-0.13142465,-1.181964,-1.8109056,0.004903801,-0.12311502,1.5182122,0
-0.5708614,-0.40522945,-1.043073,-0.80984676,-0.050812654,-1.3119394,-1.8087643,-0.044572625,-0.22663368,1.3104608,0
-0.57763904,-0.44712928,-0.9754118,-0.8954085,-0.096754394,-1.2050713,-1.9352807,-0.01117977,-0.20438369,1.2101475,0
-0.5140835,-0.54761803,-0.93730676,-0.76086533,-0.030237049,-1.0750608,-1.9095348,0.12795925,-0.16694373,1.2577913,0
-0.6242877,-0.44711772,-0.842292,-0.84330267,-0.16585077,-1.2324404,-1.7095348,0.022186466,-0.22843024,1.2298342,0
-0.62047786,-0.4829505,-0.722917,-0.8306534,-0.07642382,-1.3402381,-1.5998886,-0.04488562,-0.16085139,1.3538907,0
-0.63664937,-0.45536694,-0.7261875,-0.91111153,-0.2332351,-1.3699684,-1.7745652,0.07793814,-0.18453532,1.3818194,0
-0.49982274,-0.43874216,-0.74003744,-0.8787405,-0.25530696,-1.308801,-1.8801975,0.1638384,-0.16174404,1.368047,0
-0.3280087,-0.3970211,-0.7459624,-0.9066441,-0.092262775,-1.3268169,-1.9942657,0.2058385,-0.0833798,1.168047,0
-0.2821693,-0.2766862,-0.8187572,-1.0837852,0.07875571,-1.3179549,-1.9521644,0.3372934,-0.01286806,1.1535972,0
-0.42677057,-0.38584256,-0.90525776,-1.0600474,0.1357946,-1.2430342,-1.8101851,0.32464352,-0.028688854,1.160966,0
-0.509094,-0.22747989,-0.93370277,-1.2600474,0.19192317,-1.3079287,-1.6384686,0.29387328,0.034435675,1.1721977,0
-0.52688193,-0.22193596,-0.82970095,-1.1617558,0.03046523,-1.5079287,-1.79644,0.29751903,0.23443568,0.99048865,0
-0.5051416,-0.22280954,-0.7504838,-1.1079218,-0.055119865,-1.4687426,-1.8589189,0.31599167,0.37429544,1.0240612,0
-0.32038316,-0.13432226,-0.7085508,-1.1778039,-0.17136672,-1.5214204,-1.8014405,0.3726891,0.3072725,1.08049,0
-0.277861,-0.022031501,-0.7001912,-1.1079638,-0.062592305,-1.573569,-1.7499537,0.40746933,0.22163424,1.1759402,0
-0.15886143,0.081442624,-0.5848707,-1.1431824,-0.20507468,-1.3781534,-1.831092,0.4854301,0.3763852,1.2835975,0
-0.2110986,0.098519064,-0.6354561,-1.0970222,-0.3048902,-1.2371862,-1.9181111,0.3027242,0.5064663,1.29907,0
-0.16278812,0.055337258,-0.7424377,-1.1402451,-0.4234194,-1.200864,-1.9651021,0.15636508,0.5228122,1.1253908,0
-0.18333983,-0.021852724,-0.7654625,-1.1177416,-0.36143342,-1.257645,-1.9667023,0.04789178,0.40466732,1.1463034,0
-0.14677107,0.16055734,-0.87327987,-1.0418936,-0.31154868,-1.3723158,-1.936,-0.030390423,0.41413477,1.0971236,0
-0.17456852,0.24361801,-0.8924605,-0.96089125,-0.21712708,-1.3114994,-2.0094528,-0.068990216,0.38796315,0.9164891,0
-0.37456852,0.2648148,-0.69246054,-0.8836549,-0.20548467,-1.1760433,-1.8566248,0.03541155,0.4500082,0.7444898,0
-0.48922607,0.31515938,-0.5806139,-1.0238962,-0.2558344,-1.1175157,-1.7630417,-0.044754192,0.40240476,0.7155381,0
-0.50574327,0.20136204,-0.55572534,-1.0068487,-0.33796793,-0.9921235,-1.627719,-0.07415479,0.28220952,0.66970366,0
-0.45804203,0.30007777,-0.56630963,-1.02445,-0.35963607,-1.029592,-1.5865965,-0.097208366,0.16576049,0.7643486,0
-0.5754491,0.26921046,-0.6359292,-0.98180383,-0.29091033,-1.0535101,-1.6364063,-0.037660595,0.23413691,0.9070887,0
-0.4354541,0.37133026,-0.5675058,-0.81425416,-0.21505368,-1.2535101,-1.4913735,-0.021162497,0.39450008,0.92950976,0
-0.42547596,0.2979242,-0.5238278,-0.7707044,-0.2554231,-1.1867236,-1.5013857,-0.03054677,0.25107554,1.1239126,0
-0.30790412,0.09792419,-0.6081464,-0.7770497,-0.37687534,-1.0670547,-1.3898741,-0.014367124,0.20045069,1.1510419,0
-0.35482982,0.25420302,-0.5084221,-0.95611376,-0.5252814,-1.0369226,-1.26832,0.010993212,0.23907973,1.0939863,0
-0.15482982,0.19275106,-0.53834033,-1.1333346,-0.34854117,-1.0652701,-1.46832,0.03121305,0.32515705,0.9242208,0
-0.13130948,0.008034125,-0.53172046,-1.2076995,-0.44354537,-0.985334,-1.4411069,0.15103208,0.34480348,0.900508,0
-0.18462637,0.069478385,-0.5676622,-1.1280668,-0.5336252,-0.952719,-1.3106586,0.006784633,0.17512038,0.8528866,0
-0.35843056,0.08828343,-0.5860624,-1.2167805,-0.54150414,-0.9442731,-1.1574852,0.046129737,0.16847101,0.8707476,0
-0.368396,-0.035490625,-0.6119793,-1.3602026,-0.5239925,-1.0035756,-1.0604473,-0.015496872,0.047720067,0.8769799,0
-0.30082244,-0.22907943,-0.54970145,-1.393929,-0.60376453,-0.99138016,-1.037576,-0.005261396,0.030074881,0.82313484,0
-0.23777834,-0.39731544,-0.48664117,-1.4546947,-0.55835813,-0.85399485,-1.1256485,-0.2052614,-0.004860634,0.7695145,0
-0.32912913,-0.25779867,-0.28664118,-1.2546947,-0.59234583,-1.0525901,-1.1730937,-0.2560969,0.080162525,0.7726274,0
-0.2610892,-0.45779866,-0.24485655,-1.0921072,-0.7923458,-0.9718529,-1.2723856,-0.21439347,0.1921602,0.84510255,0
-0.38554364,-0.38751784,-0.24046159,-1.1043434,-0.8849079,-1.0501593,-1.4723856,-0.2164341,0.12260437,0.9592744,0
-0.46752152,-0.38850477,-0.34139702,-0.93844575,-0.97217345,-1.1040256,-1.5193514,-0.050524473,0.13565645,1.0438918,0
-0.51115537,-0.34861657,-0.3884138,-0.9369348,-1.051069,-1.1645362,-1.5947224,-0.21883298,0.14038967,1.0984902,0
-0.56313646,-0.2861652,-0.21148743,-1.0069942,-1.0979067,-1.1608812,-1.6448913,-0.2092718,0.1407004,1.1111003,0
-0.46723682,-0.14606157,-0.18047078,-1.1434373,-0.99076766,-1.322712,-1.7352748,-0.23503183,0.24914171,0.9817779,0
-0.6162279,-0.3460616,-0.31908214,-1.0746521,-0.90281576,-1.3134968,-1.8200076,-0.13080245,0.325077,1.024615,0
-0.41622794,-0.34904215,-0.18392125,-1.0930121,-0.9722116,-1.3110472,-1.7551252,0.0002360791,0.32731023,0.9086087,0
-0.33223894,-0.14904214,-0.10978357,-1.1324688,-1.0280535,-1.214232,-1.5684686,0.10947715,0.2677611,0.74391145,0
-0.44641018,0.05095786,-0.16176909,-1.1988907,-1.0841864,-1.1740968,-1.5908513,0.030092426,0.3287791,0.6418777,0
-0.41998884,0.19862618,-0.018259361,-1.1970063,-1.0259432,-1.2054808,-1.4898189,0.13679641,0.2776994,0.57858396,0
-0.45668983,0.21685648,0.08889811,-1.2812825,-1.2259432,-1.2168436,-1.5579221,-0.06320359,0.118699774,0.63355887,0
-0.46489346,0.2918728,0.16489187,-1.3359771,-1.134698,-1.1770685,-1.5298287,-0.10211618,0.07705384,0.64394087,0
-0.30783588,0.45387703,0.21224022,-1.3806839,-1.2007929,-1.2734045,-1.592559,-0.020182773,0.15473732,0.5661868,0
-0.36600366,0.45667264,0.19048068,-1.4164649,-1.2543858,-1.3800837,-1.5973364,-0.056348972,0.021708578,0.6602621,0
-0.39333078,0.54435194,0.26953894,-1.5092927,-1.2483702,-1.3698304,-1.5155474,-0.18500069,0.012485232,0.6574399,0
-0.2605579,0.34435195,0.22392768,-1.3696048,-1.4184507,-1.4049422,-1.5352721,-0.3850007,0.04008112,0.5964425,0
-0.37810045,0.21334663,0.2526084,-1.5301703,-1.3419987,-1.2721493,-1.6190071,-0.18194972,0.23612177,0.5262352,0
-0.5078533,0.2441897,0.14602104,-1.5816787,-1.3022361,-1.3330756,-1.5165416,-0.061104417,0.23462963,0.5725681,0
-0.5092652,0.39328107,0.2073016,-1.5308863,-1.2862437,-1.3031499,-1.4761095,-0.10117691,0.31292573,0.74813807,0
-0.65023994,0.40504786,0.28881127,-1.601408,-1.2371197,-1.1559873,-1.556495,-0.06116173,0.28341347,0.6258526,0
-0.61253315,0.39706835,0.34531188,-1.7085226,-1.2447776,-1.2388566,-1.4143724,-0.06312535,0.2511821,0.5263907,0
-0.57817686,0.29929554,0.35497573,-1.723179,-1.2227285,-1.1821114,-1.4761184,-0.10379849,0.21250033,0.59453493,0
-0.53542197,0.26257232,0.15497573,-1.5913148,-1.3487622,-1.0392213,-1.3723564,-0.28334907,0.2567238,0.7492213,0
-0.5779061,0.14870223,0.2819433,-1.43639,-1.3180084,-0.9759674,-1.568327,-0.17749229,0.30032772,0.58230466,0
-0.4274193,-0.05129777,0.2645932,-1.4036442,-1.4219589,-0.85687464,-1.7228353,-0.0584526,0.31262812,0.64306337,0
-0.43413523,-0.061010987,0.4501745,-1.3499917,-1.4216505,-1.0075735,-1.7563819,-0.005920287,0.19389793,0.66843635,0
-0.5561812,0.06144069,0.49729487,-1.3434023,-1.2556679,-1.1423146,-1.8506563,-0.092233665,0.23876148,0.51266676,0
-0.48615584,0.12720993,0.43895587,-1.2222507,-1.3870313,-1.0368353,-1.884442,0.036893748,0.28394306,0.6549067,0
-0.49325755,0.14728831,0.3546602,-1.2415752,-1.3482474,-1.0995612,-1.8420535,0.23475388,0.41675198,0.64726466,0
-0.46738535,0.18111424,0.27776524,-1.1400564,-1.2472335,-1.1462859,-1.9382465,0.3137561,0.5381095,0.5979134,0
-0.5704051,0.20421927,0.19631086,-1.0447303,-1.2898041,-1.1881878,-1.9852735,0.22778265,0.44572315,0.48547173,0
-0.6079503,0.081367426,0.31199935,-1.0295153,-1.1717433,-1.1596973,-2.0109334,0.040504217,0.36647862,0.5741197,0
-0.6526557,0.21780917,0.32966614,-1.0817481,-1.0611737,-1.1911782,-2.0229926,-0.113036975,0.3163269,0.5662526,0
-0.6220837,0.19889332,0.4861636,-1.185572,-1.0396962,-1.0280378,-2.0372279,-0.23908874,0.50385743,0.57650167,0
-0.51217157,0.21846399,0.3804786,-1.1240605,-1.2317393,-1.0790597,-1.9143165,-0.41495043,0.5044169,0.5606934,0
-0.6039528,0.24320595,0.34677413,-1.2915851,-1.1132222,-1.0510042,-1.9244776,-0.5294998,0.39398694,0.53231174,0
-0.6594967,0.17676833,0.3179301,-1.3180155,-1.0145382,-1.010294,-1.8681339,-0.56154495,0.33394033,0.66271895,0
-0.63286895,0.23135287,0.17756449,-1.279545,-0.8145382,-0.8750777,-1.767474,-0.46343154,0.3334184,0.6728232,0
-0.43286896,0.2446114,0.23668945,-1.3015759,-0.8311145,-0.91514415,-1.7676187,-0.39088842,0.4468511,0.54561603,0
-0.23547743,0.11515702,0.16600156,-1.501576,-0.88291097,-1.0251008,-1.8938683,-0.43075705,0.45170155,0.7248714,0
-0.25883612,-0.068520226,0.13578849,-1.619608,-0.8798723,-1.086915,-1.8847932,-0.6055413,0.31335956,0.5602327,0
-0.18862757,-0.06936255,0.024788842,-1.4846795,-0.9089379,-1.0468435,-1.8727909,-0.5427215,0.27420068,0.5587222,0
-0.23251535,-0.0685203,0.04517719,-1.4650258,-0.9717487,-0.9939983,-2.0058603,-0.57081604,0.27114487,0.6616245,0
-0.32195303,-0.26437008,0.15015993,-1.4396876,-1.0149199,-0.9347406,-2.0496707,-0.4525971,0.13727568,0.6344801,0
-0.41874522,-0.08258496,-0.049840078,-1.272173,-0.850332,-0.8187179,-2.0064073,-0.4360585,0.22658908,0.7108899,0
-0.21874522,-0.09515168,-0.010766514,-1.3814412,-0.8232147,-0.7570045,-2.1896162,-0.46726164,0.02658908,0.5876888,0
-0.41874522,-0.19767566,0.0037190588,-1.2960688,-0.8657056,-0.78613085,-2.0556521,-0.44274682,-0.08937523,0.6651153,0
-0.290556,-0.2109842,0.12096606,-1.3744271,-0.95736665,-0.78195596,-2.027217,-0.32068926,-0.20291327,0.7230518,0
-0.46471968,-0.2162886,0.27631164,-1.3170202,-1.069079,-0.84590167,-2.0419252,-0.18686418,-0.23717757,0.89847326,0
-0.47708684,-0.4085675,0.12208691,-1.2210356,-0.9956658,-0.82219845,-2.0941832,-0.093605116,-0.39028597,0.941052,0
-0.2817111,-0.22908612,-0.07791309,-1.2809147,-0.83059436,-0.64809924,-2.114602,0.069827005,-0.38871127,1.0280855,0
-0.27985886,-0.17467475,-0.15368366,-1.2391716,-0.71310157,-0.7002078,-2.1293318,0.091908574,-0.20436493,1.0420057,0
-0.25165826,-0.13862957,-0.17362216,-1.3411255,-0.6996133,-0.784967,-2.1825042,-0.10809143,-0.15253443,1.0395255,0
-0.40564352,-0.20626068,-0.072880186,-1.4456961,-0.66811126,-0.6458013,-1.9825041,-0.118413836,-0.10246451,1.0944282,0
-0.49794683,-0.40626067,-0.044168673,-1.5039161,-0.46811128,-0.60902643,-1.8896928,-0.018568128,-0.15758789,1.0383072,0
-0.61574167,-0.47720742,-0.18065938,-1.5764569,-0.47907498,-0.5320538,-1.8507237,0.01414584,-0.065482,1.175863,0
-0.5508379,-0.6274156,-0.09607837,-1.579993,-0.51553184,-0.6796127,-1.7790757,-0.09114672,-0.22104383,1.2042414,0
-0.68182003,-0.61610067,-0.08076587,-1.379993,-0.6166441,-0.59211636,-1.7850097,-0.19454332,-0.28635842,1.1862643,0
-0.5937883,-0.7055454,-0.06335172,-1.3500617,-0.5293083,-0.706798,-1.9390352,-0.043416552,-0.2117251,1.3178167,0
-0.5780265,-0.62787086,-0.0029679344,-1.2864261,-0.314293,-0.8612242,-1.9540256,-0.105332054,-0.29238334,1.3643588,0
-0.68349046,-0.69173235,0.12243409,-1.3525004,-0.29037592,-0.9140714,-1.863019,-0.039015066,-0.28837535,1.3170923,0
-0.62919694,-0.7308298,0.1512039,-1.2973647,-0.22259487,-1.0351009,-1.913834,-0.17407057,-0.22488753,1.2244848,0
-0.65396655,-0.6985532,0.23222429,-1.2849376,-0.3649319,-0.98561037,-1.9148753,-0.106710985,-0.12311148,1.2575629,0
-0.6839248,-0.69973147,0.25235397,-1.3717555,-0.3448142,-0.9010747,-1.7877095,-0.07889426,-0.2823911,1.137942,0
-0.7399528,-0.5160558,0.28613588,-1.3959142,-0.20569436,-0.905148,-1.8459096,-0.049258098,-0.14129609,1.1891863,0
-0.73229325,-0.66115123,0.25649977,-1.5354172,-0.06024529,-0.8725955,-1.7794614,-0.1626942,-0.22183831,1.2633724,0
-0.59359497,-0.5146173,0.18842469,-1.4838573,-0.10781277,-0.9171345,-1.8148026,-0.05938948,-0.11361258,1.4081099,0
-0.45085728,-0.5100115,0.08892108,-1.3537663,-0.10465533,-0.8506642,-1.9129498,0.025037214,-0.05673571,1.4998187,0
-0.4149071,-0.6478433,0.23166674,-1.3448547,-0.14643314,-0.903602,-2.0091524,-0.055983014,-0.06967943,1.2896612,0
-0.35784927,-0.554816,0.3515211,-1.2858722,-0.17602064,-0.7190466,-2.0603697,-0.021045137,-0.25151697,1.3893349,0
-0.19632177,-0.7269897,0.30959246,-1.3898506,-0.30706763,-0.67818564,-1.9754823,-0.11707126,-0.1665503,1.3810179,0
-0.049198266,-0.9266259,0.35764796,-1.4600587,-0.2827847,-0.5633801,-1.9794779,-0.1739282,-0.07821035,1.2357978,0
0.011687607,-0.88626623,0.27969185,-1.3929121,-0.24463789,-0.4885748,-1.996126,-0.17775743,-0.10354446,1.3457371,0
-0.08905485,-0.6924644,0.14175001,-1.4649945,-0.30146143,-0.53926337,-2.0027292,-0.20177072,-0.006574767,1.383075,0
0.040320095,-0.8767006,0.18375099,-1.4987825,-0.39896014,-0.50594634,-1.8471721,-0.27102858,-0.076943964,1.429365,0
-0.0035288935,-0.961463,0.2168623,-1.541387,-0.47048223,-0.52534074,-1.8826171,-0.1830726,-0.0877569,1.2529461,0
0.04798154,-1.0846815,0.13807702,-1.606211,-0.44639102,-0.4148198,-1.9368299,-0.17402086,-0.11065654,1.0281075,0
0.030609326,-1.0786873,-0.022226969,-1.6807117,-0.4376974,-0.48746464,-1.8990166,-0.19028416,0.088950224,0.96468914,0
0.051143803,-0.9275118,-0.025478082,-1.7259823,-0.5925325,-0.36269712,-1.9262036,-0.19328843,0.058152683,0.8789003,0
-0.00239312,-0.981515,0.03351359,-1.7840083,-0.5186822,-0.26012313,-1.9235816,-0.17660367,-0.04223022,0.88486207,0
0.11110296,-0.9577733,0.09455705,-1.7111524,-0.65116906,-0.25446257,-1.924092,-0.097650506,0.007549979,0.9658398,0
0.090062134,-0.9703829,0.16140506,-1.6653358,-0.7170507,-0.3227261,-1.9236697,-0.06268899,0.031178882,0.93432885,0
0.06625633,-0.9498051,0.21620116,-1.5984236,-0.51646584,-0.3555597,-2.0705862,-0.13883922,-0.164351,0.8746458,0
0.25989053,-0.959732,0.16928396,-1.5985124,-0.58158594,-0.38700584,-2.0096874,-0.13980614,-0.15445998,0.92585623,0
0.23156765,-0.89925647,0.18001641,-1.6981744,-0.41463128,-0.44745708,-1.9079014,-0.3238707,-0.20976482,1.0297548,0
0.29035273,-0.82984906,0.26711458,-1.5763333,-0.32815585,-0.5328397,-1.951519,-0.3493084,-0.33890978,1.1071136,0
0.27955756,-0.84003425,0.3235304,-1.6295164,-0.4018867,-0.5949736,-1.904664,-0.27164763,-0.31321034,1.0681998,0
0.4500777,-0.9121493,0.29716048,-1.4822668,-0.34120882,-0.7566656,-1.9655277,-0.41019458,-0.29093155,0.9353226,0
0.3998289,-1.019146,0.32603413,-1.4367583,-0.486845,-0.6024204,-1.8399839,-0.4266195,-0.1492873,0.8118851,0
0.48105,-1.1577212,0.457309,-1.4584795,-0.6095184,-0.53034085,-1.7600089,-0.5785982,-0.010448899,1.0033382,0
0.4310433,-1.019357,0.25659892,-1.5165296,-0.79351556,-0.71792424,-1.7838147,-0.5400894,0.03009504,0.8886669,0
0.37272263,-1.0951291,0.20097561,-1.4116247,-0.86006904,-0.78506106,-1.8010607,-0.41081798,0.16658832,0.91231126,0
0.49479502,-1.2625113,0.04451252,-1.1811097,-0.9033929,-0.7641046,-1.8344542,-0.5070587,0.090786785,0.8565592,0
0.6109909,-1.2518333,0.14122796,-1.0647444,-0.9292778,-0.76694643,-1.7833242,-0.46996972,0.16162992,0.97279865,0
0.65114987,-1.3381231,0.2887795,-0.99266857,-0.9725008,-0.6257486,-1.5971255,-0.6249146,0.14344473,0.97106653,0
0.50880975,-1.2724637,0.23336469,-0.9731159,-0.93897676,-0.6277041,-1.604103,-0.5671163,0.21525076,0.9184218,0
0.43987587,-1.3313724,0.16416833,-1.103367,-0.95768416,-0.58860904,-1.5437195,-0.7341267,0.20675944,0.7930237,0
0.39669022,-1.4908578,0.24437895,-1.1050547,-1.0907601,-0.5896637,-1.3437195,-0.64795196,0.2404758,0.6821898,0
0.43420008,-1.5984435,0.3477891,-1.0729648,-1.1482843,-0.6088521,-1.3623887,-0.65831393,0.21607037,0.7142214,0
0.4089151,-1.706159,0.48704928,-1.0081722,-1.218162,-0.56869036,-1.343422,-0.66466063,0.26233238,0.7385653,0
0.5581003,-1.7192026,0.5102562,-0.899659,-1.2666951,-0.501962,-1.1896735,-0.7666566,0.44327244,0.6803392,0
0.60230935,-1.8380729,0.59821844,-0.7909427,-1.3618401,-0.43037933,-1.0705891,-0.5666566,0.49694392,0.62624204,0
0.6535879,-1.9027891,0.5532115,-0.73111755,-1.3607714,-0.38746917,-0.9602271,-0.70338076,0.57036716,0.6063909,0
0.71582824,-1.7867135,0.5841209,-0.67455137,-1.417373,-0.45513344,-0.8634269,-0.73846257,0.7496299,0.6558628,0
0.73429334,-1.8002836,0.6729013,-0.6261703,-1.3544959,-0.39403042,-0.91040415,-0.7594592,0.72447467,0.67417353,0
0.76281565,-1.8870063,0.5618395,-0.79999614,-1.3834838,-0.37198946,-0.870912,-0.5417348,0.6529166,0.60909307,0
0.89810187,-1.8929054,0.485761,-0.97045714,-1.3498945,-0.3156844,-0.80697745,-0.36124742,0.6193244,0.5877294,0
0.9630035,-1.8916203,0.44499516,-0.93898875,-1.2646117,-0.37630004,-0.8785742,-0.5336209,0.6580123,0.429194,0
0.9307871,-1.9066631,0.36646473,-0.9759693,-1.1580063,-0.20329498,-0.82817197,-0.51311165,0.7186798,0.4649943,0
0.9507824,-1.9503953,0.3156021,-0.78811526,-1.1290178,-0.2824277,-0.9555199,-0.3808307,0.64430577,0.6170227,0
1.0407265,-1.7784319,0.31686437,-0.880898,-1.2690108,-0.22843508,-0.8505551,-0.2816365,0.6764251,0.6715349,0
0.96835876,-1.6618906,0.22616217,-1.0285484,-1.4437188,-0.077915564,-0.9758478,-0.28866267,0.6212541,0.7822931,0
0.8333867,-1.6674498,0.30479002,-0.95963323,-1.4973729,-0.0032411753,-1.1035417,-0.3280293,0.62669265,0.7422923,0
0.83787715,-1.6821711,0.47088805,-1.070073,-1.4213299,0.09670441,-1.0382484,-0.19933766,0.70455897,0.676639,0
0.9211394,-1.6006821,0.47895965,-0.98807776,-1.3268522,0.044480536,-0.9687397,-0.39933765,0.68418807,0.6120967,0
0.9950926,-1.7706242,0.2908272,-0.9106538,-1.4274625,0.050408017,-0.7687397,-0.42934906,0.5156442,0.6138625,0
0.998651,-1.8348879,0.2773342,-0.9263605,-1.4647084,0.063623644,-0.6377528,-0.39891195,0.45409632,0.67996067,0
0.90020543,-1.8382319,0.2730856,-0.84823275,-1.2957346,0.26362365,-0.5222163,-0.2845519,0.4652019,0.8405269,0
0.84241146,-1.8568959,0.22494717,-1.0482328,-1.2780871,0.1866423,-0.45032638,-0.44254857,0.59222835,0.8197949,0
0.84909207,-1.8953068,0.15627387,-1.0477417,-1.1634077,0.050057635,-0.43759865,-0.4536421,0.5988571,0.8501903,0
0.9231439,-1.9771235,0.065444954,-0.8926556,-1.0435691,0.11642382,-0.261275,-0.4875546,0.6613783,0.8645999,0
0.88136077,-2.1601937,-0.017475128,-0.9864044,-0.9512219,0.09439742,-0.46127498,-0.29765934,0.54561085,0.7836686,0
0.9489849,-2.0673835,-0.13206092,-0.94014084,-0.91142946,0.0045219064,-0.43375906,-0.15803432,0.5887951,0.86564296,0
0.8957677,-2.1006117,-0.18280813,-1.0284308,-0.8703676,-0.092785455,-0.5435667,-0.301993,0.556717,0.9882316,0
0.91660947,-2.0408547,-0.26091987,-1.0996389,-0.90033406,0.0368929,-0.5169665,-0.25923568,0.41466343,1.0637592,0
0.8268035,-1.8408546,-0.39560905,-1.0628469,-0.78743887,-0.0014253855,-0.6910553,-0.25116935,0.44540232,1.1133292,0
0.82723695,-1.7688812,-0.38600984,-0.9116433,-0.88543016,-0.14747435,-0.7947612,-0.34543267,0.51223266,1.029086,0
0.80496854,-1.874748,-0.43027318,-1.1116433,-0.9818958,-0.10849176,-0.8827387,-0.5454327,0.6020685,0.9536047,0
0.83479875,-1.8643652,-0.6163436,-1.109436,-0.9949837,-0.17271698,-0.96176916,-0.45343515,0.39318246,0.9547292,0
0.9202964,-1.840888,-0.5025776,-1.047488,-0.93131393,-0.3061822,-0.9679446,-0.28442386,0.54907995,0.7827128,0
0.8422646,-1.9164875,-0.6211108,-1.1136994,-0.9791306,-0.2457921,-1.0320693,-0.19963737,0.60909843,0.7045758,0
0.7811827,-1.9525396,-0.7819985,-0.98181856,-0.88453054,-0.12873664,-1.0230546,-0.20260507,0.6998909,0.7250012,0
0.7472106,-1.8466053,-0.81499565,-1.1271509,-1.0138191,-0.09331955,-1.1099052,-0.19603994,0.54143715,0.70500016,0
0.83265746,-1.9283053,-0.7115045,-1.0972643,-1.0440521,-0.02236586,-1.1112946,-0.06571503,0.46361557,0.5773335,0
0.90405256,-1.8020823,-0.7708888,-1.0391018,-0.9058087,-0.15756094,-1.1547607,0.012868732,0.33376634,0.621094,0
0.9158264,-1.7158161,-0.7739481,-1.2391019,-0.98197293,-0.16062084,-1.149308,-0.0075633414,0.3823417,0.6660129,0
1.0059953,-1.712393,-0.92291373,-1.1286544,-1.0705897,-0.28058574,-1.1167936,-0.029654516,0.3053998,0.60314655,0
0.9700055,-1.7749766,-0.9408697,-0.9641855,-0.8705897,-0.36093915,-1.2273812,0.008462081,0.24998617,0.6443517,0
1.0197121,-1.5887635,-0.95083374,-0.80193144,-0.94580066,-0.50639385,-1.4220579,-0.10338009,0.13512173,0.6513583,0
0.9687481,-1.4761884,-1.0107547,-0.9452478,-1.0189801,-0.65154153,-1.4318092,-0.28476185,0.08402721,0.6051637,0
1.0732176,-1.3356905,-1.059173,-1.0307041,-1.0060855,-0.6761367,-1.2318091,-0.416493,0.012250602,0.61693966,0
1.072412,-1.432807,-1.0938402,-1.0829681,-0.98035824,-0.7090354,-1.2161126,-0.4505188,-0.051976707,0.52844924,0
1.1324528,-1.2189931,-1.1947386,-1.140296,-1.0229137,-0.6420615,-1.1924961,-0.6210596,-0.10021751,0.4770017,0
1.1301217,-1.3224851,-1.3111877,-1.2600064,-0.7736176,-0.4155801,-1.1864717,-0.5237379,-0.096374735,0.4522542,0
1.1370689,-1.1874543,-1.2429327,-1.374724,-0.72134215,-0.42975703,-1.2229515,-0.6515253,0.07139271,0.4817272,0
1.0869491,-1.0384629,-1.2228429,-1.174724,-0.8098246,-0.40303665,-1.1712402,-0.6782933,-0.1286073,0.48349717,0
1.080976,-0.8384629,-1.0228429,-1.1059597,-0.81568545,-0.30385038,-1.3356336,-0.6514912,-0.15050462,0.33436364,0
1.092239,-0.8770772,-1.074925,-1.0815187,-0.87989444,-0.29524243,-1.2805548,-0.679802,-0.11046274,0.5343636,0
1.1885276,-0.9002357,-1.038163,-1.0938281,-0.88359636,-0.20756206,-1.3060392,-0.7348668,-0.13785739,0.60931826,0
1.1510078,-0.89387304,-1.0883102,-1.14278,-1.0744116,-0.111961216,-1.4452167,-0.8121465,-0.1639186,0.66618866,0
1.1259605,-0.8614453,-1.1500944,-1.082512,-1.1863818,0.02131863,-1.3255581,-0.7941969,-0.073730506,0.6072559,0
1.2704692,-0.7842394,-1.1639549,-1.123083,-1.0264393,0.03674424,-1.4125618,-0.8168131,-0.071266115,0.65745723,0
1.2652005,-0.76439774,-1.148185,-0.9935755,-1.0532331,0.05939492,-1.3815022,-0.73331964,-0.0030043945,0.6604747,0
1.229352,-0.60251206,-1.2032658,-1.1830889,-1.0513287,0.10708108,-1.4009457,-0.70087826,-0.0562433,0.8392396,0
1.2530162,-0.47294492,-1.1780956,-1.1056654,-1.0073155,0.21884178,-1.5551585,-0.63851345,-0.045139086,0.83966535,0
1.1017898,-0.6615633,-1.3383129,-1.0898037,-0.9484683,0.23778395,-1.626058,-0.45152882,-0.0014065184,0.7520377,0
1.0348995,-0.64716834,-1.4243159,-1.0371559,-0.9202179,0.0985888,-1.6919924,-0.3899906,-0.05057598,0.7292325,0
1.0102913,-0.6360225,-1.4828261,-0.9828774,-0.8835893,0.10877426,-1.5287175,-0.29326832,-0.116359815,0.6794538,0
1.0263616,-0.6087758,-1.5396454,-0.9371951,-0.8625837,0.024180807,-1.4916548,-0.30101106,-0.18214148,0.5613902,0
1.1502513,-0.40684023,-1.5671142,-0.9224554,-0.9963688,0.10138151,-1.6836448,-0.36026686,-0.2683857,0.40634915,0
1.092866,-0.4445778,-1.5592564,-0.79801315,-1.0421633,0.14036918,-1.7692704,-0.37098756,-0.10065242,0.3949692,0
1.1316442,-0.23302186,-1.5105487,-0.7433507,-1.1834729,0.007974995,-1.8181007,-0.18378112,-0.08215432,0.2899442,0
0.9864807,-0.37457782,-1.3904492,-0.7724623,-1.2320013,0.0059232786,-1.9304979,-0.2128562,-0.16472347,0.19843365,0
0.8535179,-0.46224904,-1.2791374,-0.78923255,-1.1815603,-0.040435333,-2.0436928,-0.24283972,0.035276532,0.27176413,0
0.87380034,-0.51128834,-1.1320162,-0.6692191,-1.2079582,0.010248697,-2.159965,-0.23553927,-8.211924e-05,0.256023,0
0.86428356,-0.5318986,-0.9560151,-0.8601909,-1.2366136,0.09261311,-2.172683,-0.13116993,-0.073258944,0.18785766,0
0.7705944,-0.5372579,-1.0320507,-0.823954,-1.2293835,0.14517437,-2.1891465,-0.1505399,-0.1181756,0.1098157,0
0.74550045,-0.396819,-1.0504421,-0.77584386,-1.2129761,0.0853405,-2.2514555,0.03613234,-0.16633336,0.069143765,0
0.6624757,-0.44551712,-1.1539649,-0.7080414,-1.3573971,0.010177126,-2.1581964,0.11081374,0.017680962,-0.12902981,0
0.5942913,-0.24551712,-1.188662,-0.84762824,-1.2801731,-0.117657445,-2.042906,0.019860148,0.0442869,-0.13303441,0
0.6375295,-0.29388967,-1.2198485,-0.8970995,-1.3834102,-0.07550998,-2.0263667,-0.057429545,0.12832564,-0.15718907,0
0.5393221,-0.4826588,-1.2189758,-0.9408386,-1.3280237,-0.004537441,-1.9525013,-0.07713923,0.3263759,-0.15239915,0
0.629322,-0.5425548,-1.3742145,-0.98061156,-1.3011498,-0.068105005,-1.9073474,-0.105566576,0.28899533,-0.17104834,0
0.63172424,-0.7144608,-1.4587084,-0.93892974,-1.3379228,-0.2493155,-1.757849,-0.10708378,0.3373602,-0.116381906,0
0.6320864,-0.6255098,-1.2839277,-0.9486568,-1.2038713,-0.4088856,-1.8275476,-0.18494183,0.3752657,-0.060110208,0
0.61956894,-0.8255098,-1.3236916,-0.8896343,-1.1571993,-0.41660696,-1.8782605,-0.14114961,0.26969182,-0.06254112,0
0.46486866,-0.8941972,-1.4176556,-1.0896343,-1.0641383,-0.52720964,-1.8151348,-0.11455073,0.17559785,-0.14319056,0
0.4881427,-0.88106936,-1.492044,-1.0514451,-0.95361745,-0.5893418,-1.8201963,-0.25569868,0.13598968,0.0017276907,0
0.5753633,-0.775706,-1.428799,-1.0552771,-0.949794,-0.50202674,-1.7748177,-0.27390012,-0.018933907,0.07299657,0
0.5239371,-0.975706,-1.2791759,-0.8552771,-0.9494723,-0.38933474,-1.7600316,-0.28528172,-0.10709472,0.20491005,0
0.5362557,-0.8646869,-1.4589213,-0.730144,-1.0230631,-0.52476484,-1.861658,-0.090915695,-0.076401055,0.40491006,0
0.5402403,-0.7978556,-1.2952877,-0.84445447,-0.9164609,-0.64049315,-1.9178882,-0.14875771,0.05896458,0.28028947,0
0.57861197,-0.7875519,-1.3410922,-0.79563606,-0.98612636,-0.73458904,-1.9676541,-0.2284834,0.115361035,0.40516874,0
0.51224,-0.98755187,-1.1817216,-0.99563605,-0.8759829,-0.7880251,-1.9082664,-0.15994851,0.20544818,0.4211311,0
0.54705566,-0.9557046,-0.9780265,-1.0111057,-0.7991309,-0.76288563,-1.9888153,-0.3474205,0.38693437,0.6017284,0
0.6399358,-0.9177701,-1.0326355,-1.0919149,-0.6534568,-0.7546567,-1.9348246,-0.36535278,0.3194072,0.7169402,0
0.6056684,-0.77611125,-0.83263546,-1.1617528,-0.81400096,-0.68789536,-1.7897856,-0.49519628,0.2711973,0.80708617,0
0.63272214,-0.6578469,-0.8816195,-1.06159,-0.87706727,-0.8283885,-1.7890928,-0.45610636,0.2957275,0.82617575,0
0.5739776,-0.53497,-0.71563387,-0.8873857,-0.9343617,-0.7280155,-1.9582608,-0.5994469,0.21377414,1.0050758,0
0.7739776,-0.477621,-0.5156339,-0.80817384,-0.89914805,-0.65970963,-2.0571249,-0.63013643,0.28799435,1.021754,0
0.645458,-0.49844554,-0.4986869,-0.846091,-0.93059856,-0.64280486,-1.8769295,-0.51814157,0.3842574,1.1198424,0
0.58404475,-0.41850343,-0.53372186,-0.9655366,-0.97651273,-0.58139,-1.9172078,-0.5811812,0.42680538,1.1046672,0
0.7177699,-0.52968043,-0.546338,-0.97366786,-1.0814291,-0.60894173,-1.8240681,-0.5278895,0.47298238,1.14165,0
0.6003419,-0.59478664,-0.4080763,-1.1736679,-1.0770912,-0.5441249,-1.7429789,-0.55389524,0.42296702,1.2047471,0
0.7027611,-0.59979767,-0.45084682,-1.0505948,-1.1775234,-0.53619796,-1.6872554,-0.6780127,0.5738883,1.18168,0
0.7312934,-0.5579828,-0.5361556,-1.0504544,-1.0267395,-0.5492585,-1.7205591,-0.5777491,0.46026787,1.3359011,0
0.8232062,-0.6923947,-0.5757451,-1.0366585,-1.1510537,-0.54932404,-1.6893729,-0.6281985,0.5041706,1.1433692,0
0.72880983,-0.8012711,-0.5568112,-1.0852532,-1.1754099,-0.6261384,-1.5901963,-0.81557393,0.54552674,1.0362741,0
0.7799772,-0.6756604,-0.5308778,-1.2259208,-1.2851831,-0.6017661,-1.5009577,-0.7685567,0.5474228,0.9684109,0
0.7645965,-0.5500666,-0.6910048,-1.1415685,-1.2674544,-0.5726783,-1.4974344,-0.8505157,0.724468,0.9416299,0
0.6719039,-0.7500666,-0.6115074,-1.1416427,-1.1145201,-0.6441709,-1.5409185,-0.65051574,0.7586901,0.97525966,0
0.7405605,-0.64903814,-0.5444803,-1.1419269,-1.1603221,-0.75270516,-1.547958,-0.5097373,0.8150308,1.0169424,0
0.64788145,-0.7380404,-0.5521349,-1.1663238,-1.103195,-0.71398264,-1.601559,-0.6027513,0.91143525,0.9405089,0
0.49360925,-0.7522272,-0.63151217,-1.2901922,-1.1745596,-0.6250528,-1.455946,-0.5277298,0.94267464,1.0343628,0
0.50115275,-0.9522272,-0.5380588,-1.2266914,-1.1176598,-0.533193,-1.26288,-0.4944652,0.8417889,1.1355134,0
0.3797961,-0.8194045,-0.69562906,-1.2144886,-0.9176598,-0.67305404,-1.2307985,-0.6459372,0.8832183,1.1623306,0
0.18271315,-0.6194045,-0.607444,-1.0144886,-0.7390512,-0.7199895,-1.1167771,-0.52015996,0.92807543,1.1957295,0
0.11686308,-0.43414316,-0.51718277,-1.070207,-0.8762646,-0.7391862,-1.1080492,-0.45292467,0.808241,1.1884208,0
0.08339636,-0.6341432,-0.31718278,-0.91938484,-0.85213494,-0.85333467,-1.129813,-0.5556865,0.96152526,1.0560465,0
0.015264392,-0.5809345,-0.45733702,-0.8790176,-1.052135,-0.77613497,-1.0992135,-0.5766105,1.0124898,1.0024104,0
-0.06370886,-0.6960989,-0.513302,-0.97107536,-1.252135,-0.7377849,-1.1550962,-0.55092025,0.99817854,0.92752707,0
0.104225844,-0.54902947,-0.43213797,-0.8148935,-1.4521351,-0.80192506,-1.1130484,-0.5685047,1.0139401,0.9823011,0
0.06878166,-0.5925402,-0.4897522,-0.8803127,-1.5489224,-0.9131278,-0.9733628,-0.62664986,1.0592868,0.93474823,0
0.17942214,-0.70797694,-0.6202233,-0.9791739,-1.5166444,-0.7131278,-1.0238296,-0.7884577,1.1115749,1.0017061,0
0.24470642,-0.50797695,-0.5825622,-1.0735897,-1.3932468,-0.703172,-1.066388,-0.84906787,1.0444846,1.0005103,0
0.054786026,-0.5973157,-0.728268,-1.1179682,-1.4128206,-0.74834967,-1.0532167,-0.7988381,1.0651413,0.9842132,0
0.08097927,-0.65809005,-0.7021164,-1.1945965,-1.3384023,-0.760607,-0.8933115,-0.78079194,0.86514133,0.8778202,0
0.18806301,-0.85809004,-0.90211636,-1.1095371,-1.242563,-0.74271584,-0.9488049,-0.6163235,0.82200664,0.8651636,0
0.22851512,-0.84720236,-0.91048807,-1.1864091,-1.1476871,-0.82462084,-0.9877645,-0.65992093,0.8672529,0.7785504,0
0.3136878,-0.8993034,-0.9307575,-1.1611096,-1.2302021,-0.8758839,-0.87160313,-0.80850065,0.81384885,0.8350581,0
0.4388746,-0.89404535,-0.85319847,-1.2815429,-1.1825018,-0.8645569,-0.84410524,-0.81365377,0.93414354,0.7529418,0
0.45604062,-0.73941404,-0.83703977,-1.3735794,-1.2141277,-0.83964056,-1.0441053,-0.6636272,0.97780216,0.7364391,0
0.4625241,-0.8252861,-0.6834781,-1.1856565,-1.2402905,-0.78262115,-0.91387117,-0.80559945,0.988526,0.5364391,0
0.5115583,-0.86912656,-0.5622855,-1.0550938,-1.1696973,-0.6026333,-0.7724962,-0.9159404,1.0070239,0.5806794,0
0.49402237,-0.9835878,-0.5296947,-1.1417183,-1.1003479,-0.624321,-0.71533036,-0.9667399,0.9314829,0.6118195,0
0.4462056,-0.81791264,-0.43035465,-1.0392228,-1.0455985,-0.680908,-0.7038907,-0.7667399,0.8988712,0.6699016,0
0.50867945,-0.6448041,-0.27008095,-0.9774435,-0.95947576,-0.5935246,-0.62447065,-0.838807,0.91917056,0.56690955,0
0.55820775,-0.83673775,-0.378223,-1.039991,-1.0259356,-0.5043635,-0.6647043,-0.76361763,1.0132661,0.49569,0
0.64438856,-0.7019048,-0.31392628,-1.1333079,-0.97871566,-0.5978039,-0.6585966,-0.7312708,0.965275,0.5642308,0
0.6195615,-0.90190476,-0.46308,-1.0351955,-0.77871567,-0.70180583,-0.63432276,-0.7241952,0.8511734,0.7642308,0
0.5959896,-0.8816281,-0.36337596,-0.9296221,-0.785948,-0.6762069,-0.48593986,-0.8902369,0.9004601,0.6150183,0
0.7357931,-1.0816281,-0.37080386,-1.01481,-0.87260693,-0.6074451,-0.56575847,-0.82313323,1.0345434,0.6459672,0
0.9133584,-1.1477184,-0.39838442,-0.9985673,-0.90588146,-0.7763893,-0.6064683,-1.0218614,1.1184541,0.5898508,0
0.87808734,-1.1016043,-0.5591301,-1.1438794,-1.0152102,-0.8391323,-0.5806465,-1.0555571,0.9350536,0.5845391,0
0.9752764,-1.1772877,-0.5485447,-1.2366868,-0.90915394,-0.87684697,-0.4389831,-1.0572417,0.97499377,0.618245,0
0.906426,-1.2052438,-0.7070777,-1.1713105,-1.0051677,-0.8790086,-0.46639138,-1.2446525,0.96796995,0.5133182,0
0.98894954,-1.352076,-0.63995016,-1.1769657,-0.90409595,-0.9889843,-0.43345904,-1.164001,0.8816298,0.5324941,0
0.95334685,-1.428858,-0.7403054,-1.1210893,-0.8049586,-0.9411501,-0.4737363,-0.964001,0.9208027,0.60328734,0
0.98594487,-1.5829471,-0.80480826,-1.0305029,-0.7954948,-0.8886062,-0.46889362,-1.0168642,0.8590813,0.49880236,0
1.0023235,-1.5627126,-0.6312523,-1.0285401,-0.7663009,-0.93115896,-0.4552058,-1.0406764,0.8643665,0.4901617,0
1.1096587,-1.5394132,-0.48056385,-1.035461,-0.758942,-0.98048556,-0.48965883,-1.0703185,0.7848431,0.57472193,0
1.0704306,-1.3903646,-0.5202807,-1.1773423,-0.7598251,-0.89455706,-0.5448577,-1.1410205,0.8312128,0.77263033,0
0.97952193,-1.4941895,-0.49999714,-1.0724815,-0.74313366,-0.88630754,-0.6868304,-1.1297336,0.9016216,0.7134254,0
1.0214952,-1.5474166,-0.50311613,-1.0442687,-0.7752713,-0.713783,-0.71499586,-1.053479,1.020689,0.66712105,0
1.0748202,-1.4799966,-0.39737374,-1.1157953,-0.8095497,-0.7367672,-0.76226395,-0.8650297,0.9849367,0.48160177,0
1.0595981,-1.5056564,-0.35347065,-1.163193,-0.7148683,-0.741665,-0.85937953,-0.7662283,0.9594482,0.5260103,0
1.1078477,-1.6372182,-0.43574986,-1.1906964,-0.63981384,-0.80503166,-0.66824514,-0.75317806,1.0556805,0.5466495,0
1.1975044,-1.5336357,-0.49298802,-1.0868934,-0.7849692,-0.78174996,-0.6006325,-0.7705791,0.96326625,0.55958647,0
1.1049703,-1.5816044,-0.33728614,-1.1404546,-0.88659924,-0.78349835,-0.50918645,-0.9321584,0.964901,0.49961954,0
1.1886008,-1.3816043,-0.18018518,-1.1623751,-1.0717107,-0.7964626,-0.5866511,-0.94809216,0.9911615,0.37914717,0
1.2231654,-1.3531563,0.01981482,-1.071916,-1.015476,-0.7479627,-0.52448326,-0.7624579,0.86955416,0.50604385,0
1.1799815,-1.4881344,-0.043484323,-0.9635497,-1.1505901,-0.7969481,-0.53734857,-0.7093674,0.9173772,0.48563877,0
1.2851416,-1.6204206,0.009880143,-0.9980394,-1.1031736,-0.5918007,-0.39471373,-0.79137784,1.0314761,0.5596669,0
1.2943858,-1.7520248,0.1608307,-0.90726906,-1.1223094,-0.52611405,-0.36330548,-0.76704174,0.99833864,0.39060768,0
1.3057797,-1.7819948,0.252165,-0.98449403,-1.0873839,-0.54455596,-0.31508186,-0.8115152,0.86401725,0.3214246,0
1.2410994,-1.7393565,0.2431207,-1.0971519,-1.1537894,-0.37664783,-0.21507648,-0.9851569,0.7483127,0.34871784,0
1.3010019,-1.7088578,0.10717178,-1.0204855,-1.2395005,-0.41787553,-0.3672407,-0.84182924,0.7834659,0.40740734,0
1.1988368,-1.7916937,0.115446985,-0.9889127,-1.2439582,-0.3968582,-0.37043148,-0.8655848,0.77318335,0.41491014,0
1.1158158,-1.6837949,0.20652607,-0.9674858,-1.1189996,-0.31147125,-0.24681173,-0.9168725,0.6953303,0.3187661,0
1.0945652,-1.7612758,0.29431826,-0.7674858,-1.0622562,-0.18793543,-0.13119665,-0.813631,0.6382372,0.2405574,0
1.0157118,-1.8217782,0.23721166,-0.7245239,-1.209512,-0.22883987,-0.13038497,-0.71874046,0.6902201,0.33141556,0
0.9224857,-1.7136021,0.06279676,-0.77520835,-1.2790749,-0.1292516,-0.15277629,-0.6595978,0.700065,0.4612309,0
0.931212,-1.6922141,-0.007233992,-0.94181675,-1.1820661,-0.036615074,-0.0765317,-0.8371075,0.6703801,0.575158,0
1.131212,-1.775351,-0.08290641,-0.9317974,-1.107219,-0.12400099,0.088798456,-0.73006505,0.7990223,0.6273061,0
1.0287722,-1.8153206,-0.2829064,-1.0087956,-1.2789227,-0.17388664,-0.06357882,-0.7448986,0.71654147,0.6172176,0
1.0463028,-1.946893,-0.43197745,-0.78133404,-1.1558865,-0.08874878,-0.19068313,-0.9128158,0.8854215,0.5659142,0
1.0094008,-1.9896892,-0.43129647,-0.7532968,-1.1342397,0.10595858,-0.1812339,-0.89025307,0.9486634,0.49566966,0
1.0216073,-1.9555048,-0.46094412,-0.74230874,-1.1846712,0.06406745,-0.1619226,-0.8958608,0.94147414,0.48790023,0
0.9388782,-1.8033521,-0.5706518,-0.75306934,-1.2107595,0.003343992,-0.35517967,-0.6958608,1.037075,0.615752,0
0.96158075,-1.9333287,-0.636943,-0.6023385,-1.153573,-0.026475942,-0.37973067,-0.5900723,1.176451,0.601038,0
0.8781432,-2.10554,-0.6858355,-0.7565176,-1.0092661,-0.060069837,-0.4869802,-0.38499123,1.0365328,0.5204622,0
0.9118897,-2.1352417,-0.67892355,-0.8755822,-1.0397695,-0.12206293,-0.54138887,-0.21570098,0.87947977,0.4147057,0
0.7970394,-2.1938584,-0.6929288,-0.9003651,-0.9928736,0.076665945,-0.6791517,-0.15349326,0.84710836,0.2585169,0
0.7709043,-2.1975055,-0.71717787,-0.9002818,-1.0448407,0.15503511,-0.75033593,-0.16087846,0.7255743,0.14406087,0
0.6071314,-2.226668,-0.6447635,-0.9947413,-0.94820255,0.16635601,-0.87951946,-0.15388711,0.7358894,-0.050781243,0
0.5568443,-2.2460055,-0.72945774,-0.9289409,-0.8736562,0.21287015,-0.93952346,-0.28426388,0.69133645,0.017285677,0
0.5535053,-2.353503,-0.61804426,-0.9110413,-0.7728113,0.062947184,-0.91097885,-0.2737264,0.6364418,-0.17780043,0
0.47423035,-2.40764,-0.6371659,-0.85729384,-0.784716,0.13849927,-0.8761279,-0.3088708,0.56658894,-0.13585462,0
0.4437337,-2.4217346,-0.61665666,-0.92436844,-0.700512,0.1678892,-0.71510816,-0.48507744,0.575401,-0.3269737,0
0.49299395,-2.3902898,-0.65277994,-1.0410347,-0.62756264,0.067847826,-0.6120482,-0.5738679,0.37540102,-0.18273705,0
0.69299394,-2.2279491,-0.6210044,-1.1146824,-0.7161809,0.21716112,-0.65310746,-0.38606834,0.19172807,-0.31642267,0
0.8453077,-2.2872274,-0.40285385,-1.1035541,-0.8206489,0.35181212,-0.8075512,-0.3722937,0.22728689,-0.18516244,0
0.7859605,-2.2100878,-0.50502187,-1.0437301,-0.75314385,0.33331567,-0.9389336,-0.39229357,0.16507928,-0.07073867,0
0.8404466,-2.2652702,-0.33923933,-1.0132431,-0.68192565,0.13331567,-0.92768306,-0.50356394,0.24884215,0.011631548,0
0.69510806,-2.293966,-0.3862401,-1.1401452,-0.7502249,-0.025302954,-0.9291612,-0.5559204,0.26254052,0.025253588,0
0.72280747,-2.338004,-0.44554803,-0.95865107,-0.7574451,-0.103314266,-0.8525651,-0.71619594,0.25949094,-0.0471661,0
0.6916358,-2.21789,-0.42004234,-0.8719813,-0.6895769,-0.12742893,-0.83536947,-0.7679371,0.22613624,0.113664635,0
0.5393298,-2.305807,-0.48553377,-0.8856117,-0.59945226,-0.06495828,-1.0115497,-0.75532526,0.1468676,0.22370458,0
0.5369094,-2.4246,-0.5507757,-0.74658376,-0.7608554,0.088119306,-0.9280629,-0.64690024,0.23794676,0.22189489,0
0.45121706,-2.3551476,-0.49296203,-0.8255943,-0.6366583,0.12675014,-1.0882542,-0.6569737,0.39144772,0.3667719,0
0.46267998,-2.394967,-0.5144107,-0.74831206,-0.77301544,0.06338276,-1.0260847,-0.62444717,0.35174623,0.23956512,0
0.54889953,-2.2992473,-0.5421879,-0.78951275,-0.6309209,0.20372161,-0.9083074,-0.82444715,0.24102852,0.22252238,0
0.6197373,-2.3119564,-0.5858662,-0.67670673,-0.809848,0.34554034,-0.85657924,-0.9497864,0.1725986,0.16955128,0
0.72937906,-2.3769252,-0.45555508,-0.70330745,-0.77043843,0.3822123,-0.66832685,-0.7887299,0.20537251,0.0044662952,0
0.60906035,-2.5206788,-0.2499771,-0.7701494,-0.68003094,0.33423808,-0.6299976,-0.7694722,0.23712863,0.015319092,0
0.6062422,-2.479674,-0.27050194,-0.6979145,-0.8339121,0.22014253,-0.79382294,-0.69811994,0.22996148,0.095658004,0
0.6147138,-2.4350035,-0.38845047,-0.7485238,-0.8068498,0.35333613,-0.877654,-0.62487966,0.16858661,0.1291355,0
0.5394062,-2.4567237,-0.45062992,-0.6755695,-0.9080742,0.32079464,-0.86192524,-0.517161,0.2069568,0.18270165,0
0.52190864,-2.363545,-0.37918115,-0.5361888,-0.7610291,0.24927026,-0.92322767,-0.40748006,0.22820783,0.2491954,0
0.41442564,-2.5147462,-0.30495718,-0.5886779,-0.8118562,0.15018906,-1.0130111,-0.5288649,0.20678914,0.18559517,0
0.3966804,-2.3147461,-0.26974133,-0.5367725,-0.9438463,0.1666096,-1.0456126,-0.36535162,0.23369274,0.090820156,0
0.4144877,-2.280866,-0.19947489,-0.58294,-0.9350205,0.18921515,-0.96341085,-0.5025182,0.40137148,0.27971578,0
0.48813498,-2.1237848,-0.24978092,-0.72975546,-0.9842829,0.20461906,-1.0131238,-0.48793516,0.4311196,0.31584242,0
0.44557837,-2.1841846,-0.21511397,-0.7150781,-1.061928,0.078512356,-1.1644707,-0.4618057,0.48109916,0.26357976,0
0.41543323,-2.240674,-0.24834721,-0.6248793,-0.9980714,-0.03794151,-1.3022244,-0.63242126,0.44041437,0.2595146,0
0.40061826,-2.083662,-0.3699534,-0.43507874,-0.88140357,0.06275876,-1.2614202,-0.67624706,0.5466132,0.39906508,0
0.37489748,-1.9807805,-0.44075412,-0.34935534,-1.0814036,-0.03457141,-1.4224992,-0.6851628,0.39090347,0.43936965,0
0.30681518,-1.9242189,-0.30231035,-0.4379795,-1.1790124,-0.055751078,-1.433472,-0.6791023,0.33182666,0.3956935,0
0.17819206,-1.8993968,-0.102310345,-0.48696408,-1.3635501,-0.06047922,-1.2644202,-0.64761066,0.39175582,0.38784623,0
0.2784975,-1.8678849,-0.0076126084,-0.41576576,-1.3037019,-0.20820951,-1.3595127,-0.6022819,0.4208907,0.39856374,0
0.30033812,-1.8441323,-0.14749548,-0.42993376,-1.350178,-0.33138537,-1.3473501,-0.55781347,0.44038025,0.59856373,0
0.39926994,-1.9320172,-0.20526989,-0.36286095,-1.394278,-0.31228623,-1.33464,-0.51275736,0.42285356,0.45368242,0
0.4004461,-2.0229428,-0.09150257,-0.3974617,-1.4653071,-0.3302131,-1.2470034,-0.6827859,0.40975755,0.36839795,0
0.450689,-1.8801544,-0.27964103,-0.42075384,-1.5191535,-0.48597372,-1.2912914,-0.68507516,0.44311738,0.35993582,0
0.3199069,-1.833125,-0.258278,-0.46531233,-1.5613151,-0.37022707,-1.355164,-0.6705325,0.47623494,0.32917517,0
0.36875096,-1.633125,-0.41470557,-0.43762168,-1.5131556,-0.48150688,-1.4442873,-0.5312685,0.53583544,0.29451737,0
0.38288292,-1.5049571,-0.50807387,-0.5019661,-1.5875272,-0.48281673,-1.4731202,-0.5736465,0.6675081,0.2698487,0
0.5477319,-1.4542866,-0.35293594,-0.43133867,-1.5639547,-0.44788557,-1.605129,-0.57919914,0.7752591,0.3390164,0
0.3788869,-1.5545577,-0.29181367,-0.620911,-1.4425023,-0.32461053,-1.626033,-0.7663293,0.6709065,0.3186915,0
0.4248182,-1.6571065,-0.44356674,-0.5896128,-1.4383788,-0.18584499,-1.5865297,-0.69522744,0.5959006,0.26484895,0
0.49642125,-1.6278152,-0.38310698,-0.67771804,-1.4685928,-0.20723963,-1.5780331,-0.70242333,0.54549897,0.12977973,0
0.42040235,-1.7602571,-0.42597535,-0.6703895,-1.3984474,-0.013486385,-1.4781878,-0.5417062,0.47540665,0.19168828,0
0.42656404,-1.959706,-0.2354408,-0.7680241,-1.3437369,-0.18726288,-1.4751633,-0.4106341,0.2753292,0.26659447,0
0.31204957,-2.105976,-0.24139781,-0.8921272,-1.1727985,-0.17594168,-1.4030997,-0.2735605,0.22141054,0.3381834,0
0.4751837,-1.953389,-0.2825344,-0.95438874,-1.1858824,-0.19995645,-1.4876819,-0.30881494,0.29457366,0.35517827,0
0.37419266,-1.9274223,-0.33730817,-0.909178,-1.196649,-0.15725292,-1.5426892,-0.44025993,0.29593053,0.29436398,0
0.29211476,-1.7851136,-0.22071606,-0.84052193,-1.1466833,-0.241941,-1.5894743,-0.5543433,0.34255517,0.3551106,0
0.3693832,-1.7824699,-0.33969963,-0.8056241,-1.2128278,-0.15055363,-1.5675558,-0.3543433,0.27590933,0.33593518,0
0.356047,-1.8416088,-0.21139663,-0.88784057,-1.3074273,0.044062138,-1.6319853,-0.39990026,0.21858357,0.257636,0
0.20397753,-1.7286121,-0.023183137,-0.8420016,-1.3292035,0.012794729,-1.7668418,-0.42997256,0.32499215,0.17379245,0
0.015495166,-1.7279073,-0.12850168,-0.77297324,-1.2547458,0.18485211,-1.7328854,-0.52212167,0.35250658,0.33687896,0
0.05319573,-1.7873807,-0.0903872,-0.73336595,-1.3147779,0.25041574,-1.726234,-0.5297559,0.39489025,0.22053011,0
0.12097166,-1.8755121,-0.13244884,-0.82792825,-1.1742872,0.29917097,-1.679452,-0.5325451,0.37817407,0.22176321,0
0.028696194,-1.773748,-0.21510424,-0.92886645,-0.9742872,0.26660436,-1.6354551,-0.6159189,0.35830578,0.19683707,0
-0.08047839,-1.8052237,-0.2515421,-0.8406943,-0.8615463,0.32181677,-1.709062,-0.6639478,0.4518275,0.39683706,0
-0.008842222,-1.6626029,-0.30881807,-0.9063607,-0.878433,0.22189605,-1.740639,-0.57293963,0.31980073,0.26927775,0
-0.20884222,-1.6543705,-0.28727528,-0.8309614,-0.9702603,0.18835627,-1.8115208,-0.5570096,0.2919283,0.15623108,0
-0.1352444,-1.7926111,-0.32872024,-0.767357,-0.8598558,0.06333363,-1.722368,-0.5365952,0.36594066,0.047383316,0
-0.10529927,-1.9457376,-0.38083765,-0.73382336,-0.8483494,0.09015734,-1.8505465,-0.53614753,0.28187576,-0.015105932,0
-0.14331505,-1.9690986,-0.3793347,-0.7739178,-0.79825276,0.18977283,-1.8315942,-0.5427059,0.13437542,-0.13683198,0
-0.10147391,-1.8689704,-0.42718324,-0.8793093,-0.839484,0.24916214,-1.8716731,-0.5204637,0.008398898,0.007273073,0
-0.15792836,-1.8678064,-0.4404119,-0.81195885,-0.7909706,0.21815091,-1.9067315,-0.567497,0.021839872,0.041702993,0
-0.16207105,-1.8313758,-0.23549905,-0.86791974,-0.791115,0.19458131,-1.9336321,-0.59488714,-0.1745194,-0.15506218,0
-0.18921214,-1.8529897,-0.34187055,-0.7322943,-0.7849333,0.32451665,-1.9620955,-0.47170895,-0.20760526,-0.20158908,0
-0.25533688,-1.8999964,-0.46065798,-0.8146552,-0.75207347,0.22371003,-1.9057555,-0.39046666,-0.21882518,-0.032146364,0
-0.25937098,-1.8210037,-0.4055329,-0.8913644,-0.88061684,0.16237628,-1.9049543,-0.3402422,-0.3043145,-0.11716066,0
-0.20420398,-1.6970439,-0.33459643,-0.9384987,-0.8320991,0.17995694,-2.0320997,-0.28480148,-0.23754346,-0.30637592,0
-0.055403795,-1.7380095,-0.2038778,-0.87395066,-0.82452244,0.22753784,-2.020822,-0.45981768,-0.1718022,-0.33855188,0
0.09031963,-1.6328291,-0.013483058,-0.9870957,-0.74765813,0.09527047,-2.0943158,-0.49844164,-0.19465217,-0.33258218,0
0.15061203,-1.5312538,0.047501184,-0.92166144,-0.8393078,0.033712026,-2.014236,-0.4745364,-0.30880123,-0.19595076,0
0.008243918,-1.5395862,-0.027611539,-0.72166145,-0.8566492,0.026799431,-2.1404731,-0.3564517,-0.2419498,-0.2473506,0
-0.027987065,-1.5906358,0.090276934,-0.6992007,-0.92223054,0.077448115,-2.2051878,-0.35874087,-0.25572363,-0.24210283,0
-0.060828738,-1.6584061,0.18654825,-0.77198845,-0.9489103,0.06845828,-2.0736456,-0.22388643,-0.055723622,-0.13083437,0
-0.16677141,-1.8260473,0.1260424,-0.7089212,-0.9621825,0.20195311,-2.021551,-0.1366723,-0.10270747,-0.19184794,0
-0.0060119466,-1.8689276,0.18081096,-0.75509,-0.89115584,0.16140337,-1.9994863,-0.13222282,-0.23262413,-0.120280825,0
-0.048604615,-1.9313285,0.13052927,-0.687471,-0.9282321,0.16540737,-1.946725,-0.24736267,-0.19392753,-0.021067038,0
-0.090325534,-1.9065027,-0.06838199,-0.6551843,-1.0555,0.27567935,-1.9155525,-0.15029205,-0.17019473,-0.11031765,0
-0.03080482,-1.9287316,-0.06653714,-0.6504964,-1.0575525,0.40368447,-1.8709375,-0.23193815,-0.11186975,0.058117174,0
0.12469474,-1.9809573,-0.06555714,-0.7831362,-0.8832659,0.47390327,-1.8360952,-0.14962763,-0.19744994,0.07278727,0
0.28125346,-1.9850099,-0.15186396,-0.74802256,-1.0088623,0.5034978,-1.7336932,-0.20420407,-0.26456878,0.0965935,0
0.22978947,-1.826288,-0.090993844,-0.9377649,-1.0293992,0.48139128,-1.7908692,-0.26788086,-0.3390379,0.19714697,0
0.33373564,-1.8084059,-0.15205802,-1.0808778,-1.0610367,0.4023103,-1.6982833,-0.2216095,-0.45134562,0.047184184,0
0.32554743,-1.6174161,-0.16978957,-0.93454707,-1.2234442,0.3044283,-1.8982834,-0.036090344,-0.38177082,0.015432127,0
0.35355875,-1.7424473,-0.14618094,-0.9442925,-1.1043401,0.3805452,-1.847998,0.01355511,-0.37438592,0.07739433,0
0.360456,-1.8982415,-0.22560415,-0.9352081,-0.97571516,0.1805452,-1.7542979,-0.11325528,-0.27401006,0.27739432,0
0.44777155,-2.0015426,-0.3068152,-0.90825945,-1.0174575,0.20766054,-1.6427896,0.018169213,-0.2400802,0.19796014,0
0.39851058,-2.115629,-0.27874345,-0.73785865,-1.041803,0.1757388,-1.5705595,0.04300291,-0.12826638,0.37679547,0
0.53057843,-2.0696783,-0.35666847,-0.8049189,-0.84923995,0.19983341,-1.6537805,0.1382463,-0.19475245,0.32655746,0
0.349809,-1.9353633,-0.4684098,-0.8096087,-0.908,0.1673495,-1.5579337,0.031616397,-0.21670783,0.4595476,0
0.3024095,-2.0574512,-0.4263271,-0.8612605,-0.90230566,0.2004602,-1.4800967,0.1001511,-0.37054652,0.49255264,0
0.36280975,-2.0397844,-0.54564023,-0.7928603,-0.7661679,0.17882735,-1.6125929,0.2725413,-0.3739927,0.58966136,0
0.522402,-1.9906772,-0.45878392,-0.8356146,-0.8697193,0.16429515,-1.5578933,0.3923635,-0.33000255,0.6182867,0
0.61007696,-1.7906772,-0.4781037,-0.8327482,-0.95827883,0.22181506,-1.5783092,0.35804394,-0.38571692,0.6620354,0
0.561008,-1.7830606,-0.50065076,-0.76145786,-0.977137,0.15699868,-1.719564,0.36051917,-0.38299987,0.6800632,0
0.45625323,-1.73043,-0.39107257,-0.6236739,-1.0855808,0.18050034,-1.82135,0.15538757,-0.37531805,0.749764,0
0.30907857,-1.6734127,-0.33510956,-0.57109404,-1.086404,0.007800747,-1.9464452,0.1390265,-0.25065026,0.7839483,0
0.340694,-1.6849964,-0.3008526,-0.52646977,-1.2428513,-0.050872996,-1.9080054,0.3365577,-0.19990878,0.57969594,0
0.2948803,-1.5622853,-0.30308077,-0.48294312,-1.3146598,-0.042259146,-2.0058906,0.25214455,-0.19686136,0.53960544,0
0.30549708,-1.4164131,-0.31208134,-0.44168475,-1.387293,-0.014617849,-2.0259979,0.35028765,-0.20156015,0.644341,0
0.2073548,-1.5035146,-0.2851201,-0.2854044,-1.3799676,-0.11178408,-1.9730898,0.4260785,-0.11384802,0.7275325,0
0.2185379,-1.4274688,-0.23970045,-0.28774336,-1.4375463,-0.10938263,-1.891427,0.48024866,-0.23903416,0.9113439,0
0.018352529,-1.4720156,-0.24237606,-0.11296433,-1.3250957,-0.021747459,-1.9512566,0.39287487,-0.39178577,0.9432512,0
0.032270778,-1.4955115,-0.33455774,-0.04818483,-1.1882312,-0.028755667,-2.0452294,0.34931886,-0.27613702,0.9242266,0
0.020701783,-1.2657064,-0.3229841,-0.16381232,-1.334699,0.06723413,-2.066815,0.38240555,-0.29465833,0.9877665,0
0.12291936,-1.2498616,-0.33185646,-0.19243073,-1.3705304,0.1859963,-2.121144,0.28135157,-0.092619546,0.88070536,0
0.25435802,-1.1290042,-0.45488572,-0.2286112,-1.3344166,0.25603178,-2.1895308,0.32684824,-0.16430238,0.79207194,0
0.27040446,-1.0946198,-0.4471354,-0.42508176,-1.390458,0.23550947,-2.1510365,0.4303366,-0.12999694,0.7281351,0
0.1907105,-1.2289585,-0.46735772,-0.5064584,-1.3096892,0.21026418,-2.1150043,0.51761925,-0.031926613,0.6904184,0
0.21398364,-1.1711859,-0.40444663,-0.5139064,-1.3154589,0.057359725,-1.9317937,0.42125982,0.16807339,0.66121554,0
0.24779348,-1.012177,-0.37762496,-0.53485876,-1.3834794,0.022843372,-2.1317937,0.5975424,0.34251115,0.6209514,0
0.30368114,-1.1156224,-0.22821839,-0.66929686,-1.4179184,0.105190724,-2.03004,0.66705346,0.42506662,0.6283783,0
0.42962542,-1.1484302,-0.14771938,-0.6354853,-1.4642769,0.043359526,-1.9779873,0.6770919,0.37933224,0.64039123,0
0.29227358,-1.1852542,-0.26489562,-0.5173131,-1.2752731,0.020138668,-2.046457,0.6297432,0.5561769,0.8070582,0
0.31007475,-1.0652363,-0.34745476,-0.58619666,-1.2350605,0.09090961,-1.8919257,0.5840501,0.61061203,0.9480963,0
0.40561765,-1.1222928,-0.34356484,-0.5453817,-1.3672696,0.09774585,-1.971248,0.39979467,0.5754661,0.9511355,0
0.57123685,-0.990306,-0.39100063,-0.6511511,-1.264302,0.024148507,-2.0803888,0.19961253,0.6354713,0.8633505,0
0.49745736,-1.0555459,-0.4408147,-0.8040676,-1.2992194,0.066441484,-1.941906,0.27226022,0.6054933,0.9451906,0
0.4543033,-1.0475613,-0.62531775,-0.7967172,-1.2769408,0.024414077,-1.9467317,0.118515104,0.4920708,0.9966577,0
0.4669193,-0.9249267,-0.49857253,-0.59671724,-1.2313048,-0.023770228,-2.0753615,-0.044979945,0.49100304,0.8464147,0
0.44550845,-0.7892794,-0.47764987,-0.46428022,-1.1766692,0.019562352,-2.0610578,-0.13251439,0.43453804,0.65751374,0
0.5478779,-0.7403985,-0.6355249,-0.48749977,-1.0474203,0.105860636,-2.0658138,-0.16881946,0.4892072,0.64596975,0
0.46091193,-0.6093917,-0.69512576,-0.51875967,-1.122482,0.13042739,-2.005142,-0.28209087,0.57197267,0.5865209,0
0.4546749,-0.5738406,-0.57931006,-0.55120414,-1.1198871,0.035834588,-2.1443205,-0.3458063,0.5847307,0.64357054,0
0.33087185,-0.62515676,-0.43635213,-0.66895866,-1.3014338,-0.13127798,-2.1316411,-0.31876636,0.57794136,0.6634281,0
0.13087185,-0.630839,-0.3297932,-0.72467345,-1.3289397,-0.07468204,-2.1646104,-0.25292236,0.6712661,0.61471367,0
0.20176789,-0.81763893,-0.32102495,-0.8576608,-1.1540124,-0.11405279,-2.2865505,-0.19770257,0.6464582,0.6496587,0
0.20837593,-0.86964,-0.43271083,-0.8919757,-1.1127915,-0.30375412,-2.1807096,-0.31726673,0.76382345,0.6688024,0
0.33316806,-0.9609685,-0.46475103,-0.8434883,-1.0569433,-0.32133386,-2.1409533,-0.36362916,0.73893166,0.52220255,0
0.35364136,-0.94115293,-0.36954817,-0.9650922,-1.0825564,-0.113077365,-2.1542518,-0.28172725,0.8750395,0.5006194,0
0.36594707,-1.0203037,-0.33230162,-0.9063049,-1.192271,-0.1338038,-2.1541955,-0.2015258,0.66646963,0.5731345,0
0.4125698,-0.89541996,-0.25550485,-0.85214484,-1.2531484,-0.08910756,-1.9756168,-0.24727839,0.67316747,0.70834506,0
0.39043978,-0.87808657,-0.21064304,-0.8223434,-1.3020927,-0.16949794,-2.0326989,-0.31417665,0.6967792,0.78800946,0
0.4891628,-0.9194615,-0.22903574,-0.9494361,-1.2902045,-0.16846696,-2.022137,-0.39653236,0.6579084,0.7530978,0
0.6808534,-0.93464744,-0.028685642,-1.0196502,-1.1416802,-0.16528301,-1.9517143,-0.45263952,0.7895783,0.80876863,0
0.54788184,-0.8563559,-0.074590206,-1.0204405,-1.1099452,-0.09918079,-1.9883777,-0.6457815,0.83854336,0.77715385,0
0.49203944,-0.6563559,-0.2134358,-0.97857934,-1.0409042,-0.13023622,-1.899172,-0.8457815,1.0308588,0.83080137,0
0.3969964,-0.59344834,-0.28336135,-0.9951872,-1.0961292,-0.037668947,-1.9645393,-0.8065832,1.040968,0.78930295,0
0.428756,-0.5922367,-0.31958207,-1.154487,-1.090421,0.08231453,-2.0114276,-0.69974107,0.9098844,0.6865044,0
0.32095268,-0.7748234,-0.4026996,-1.1180886,-0.9558878,0.08092019,-1.9330251,-0.6885372,0.9764042,0.58354974,0
0.32124755,-0.9536241,-0.3005169,-1.0561818,-0.85476434,0.08368355,-1.8736254,-0.83398545,1.1188169,0.6636921,0
0.30396774,-1.1129152,-0.38296092,-1.2118537,-0.9074344,0.13406357,-1.7031792,-0.7799072,1.1645826,0.58909905,0
0.33147418,-1.1406962,-0.29224607,-1.3233802,-0.8451096,0.10281979,-1.6460916,-0.7624625,1.1746941,0.5971083,0
0.46608052,-1.1724447,-0.20658143,-1.4153976,-0.75227654,-0.008492106,-1.6121,-0.6979657,1.1291618,0.65961695,0
0.54253453,-1.212697,-0.25991935,-1.4580344,-0.6875364,-0.060297653,-1.5277542,-0.63878065,1.2069396,0.60537684,0
0.642765,-1.272278,-0.07499499,-1.4039519,-0.6448715,-0.056236666,-1.3533537,-0.62800276,1.3809862,0.6628414,0
0.57204396,-1.2295026,-0.1479336,-1.5408478,-0.61321205,-0.14500324,-1.3425108,-0.669577,1.2590487,0.72942954,0
0.7151868,-1.2798681,-0.2734266,-1.3669934,-0.4565528,-0.16029714,-1.3067878,-0.8426128,1.3038782,0.7450418,0
0.77940714,-1.3589911,-0.25409955,-1.29676,-0.630868,-0.14978133,-1.285731,-0.67272955,1.2837971,0.79074633,0
0.68128747,-1.3250235,-0.28271523,-1.4258199,-0.58052063,-0.28249753,-1.2637012,-0.6013995,1.3302481,0.7226893,0
0.615719,-1.44487,-0.33097506,-1.4178237,-0.57690233,-0.08580254,-1.1954315,-0.5493353,1.377558,0.6669342,0
0.5156639,-1.4370464,-0.30851516,-1.3764205,-0.55296177,-0.13288265,-1.1930152,-0.69826365,1.3597577,0.7720441,0
0.55652595,-1.3169032,-0.45809734,-1.1764205,-0.5381363,-0.042232074,-1.2484497,-0.63326675,1.4100624,0.7883574,0
0.49806717,-1.2433555,-0.5583359,-1.2540702,-0.33813632,-0.20930845,-1.2560923,-0.75433487,1.4655545,0.7449688,0
0.43757927,-1.0433555,-0.5908251,-1.2919663,-0.3665117,-0.15515369,-1.4039897,-0.64774823,1.4508777,0.7152193,0
0.58590364,-1.1601086,-0.7669713,-1.1161315,-0.48117283,-0.072842486,-1.3076423,-0.63691014,1.6338702,0.674479,0
0.49735746,-1.1806164,-0.78755194,-1.1395642,-0.53521836,-0.113708794,-1.3028755,-0.5202257,1.6268897,0.72502184,0
0.3104444,-0.9806164,-0.7167191,-1.0531117,-0.4942187,-0.1564016,-1.2786576,-0.5220984,1.7413573,0.72635055,0
0.32508418,-1.0476737,-0.58560526,-1.2507681,-0.47371408,-0.35573506,-1.3081576,-0.5039044,1.7271589,0.7681924,0
