pca_0,pca_1,pca_2,pca_3,pca_4,pca_5,pca_6,pca_7,pca_8,pca_9,target
-0.2,0.047831364,-0.2,0.2,-0.2,-0.100682355,-0.2,0.2,-0.2,0.2,1
0.0,0.24783137,0.0,0.23492303,0.0,0.09931765,0.0,0.18990757,-0.23712534,0.4,1
-0.12673841,0.4478314,-0.2,0.034923032,0.05142134,0.29931766,0.2,0.38990757,-0.06668858,0.3977777,1
-0.32673842,0.24783139,0.0,0.23492303,-0.14857866,0.099317655,0.4,0.18990757,0.13331142,0.58814627,1
-0.15124454,0.047831386,-0.2,0.034923032,0.051421344,0.29931766,0.2,-0.010092437,-0.06668858,0.38814628,1
-0.056995608,-0.15216862,-0.4,-0.16507697,0.25142133,0.099317655,0.23407015,0.18990757,-0.23507753,0.19045915,1
-0.25699562,-0.35216862,-0.6,-0.36507696,0.45142132,0.29931766,0.29194835,0.38990757,-0.43507755,-0.009540856,1
-0.4569956,-0.5521686,-0.8,-0.53501475,0.6432943,0.099317655,0.40863964,0.18990757,-0.63507754,0.19045915,1
-0.53677166,-0.41879985,-0.6,-0.73501474,0.4432943,-0.10068235,0.60863966,-0.010092437,-0.5696458,-0.009540856,1
-0.35280213,-0.37482077,-0.5920079,-0.53501475,0.24329428,0.099317655,0.80863965,0.18764302,-0.36964583,0.19045915,1
-0.15280212,-0.57482076,-0.3920079,-0.33501476,0.4432943,0.1795545,1.0086397,0.25390956,-0.5696458,0.25147632,1
-0.35280213,-0.77482074,-0.2675336,-0.53501475,0.6432943,-0.012721524,0.8086397,0.45390958,-0.7696458,0.45147634,1
-0.46610656,-0.97482073,-0.0675336,-0.73501474,0.84329426,-0.21272153,1.0086397,0.2539096,-0.5696458,0.6514763,1
-0.6661066,-0.77482074,-0.062833406,-0.9350147,0.6432943,-0.012721524,1.1916872,0.45390958,-0.36964583,0.8514763,1
-0.5006455,-0.946289,0.13342968,-0.73501474,0.65737695,0.18727848,0.99168724,0.35709536,-0.45137995,0.6514763,1
-0.7006455,-0.746289,0.27596796,-0.9350147,0.5211734,0.3872785,0.79168725,0.55709535,-0.25137997,0.8514763,1
-0.90039366,-0.946289,0.36980292,-1.0643446,0.7211734,0.1872785,0.59168726,0.6176422,-0.45137995,1.0514764,1
-0.8691516,-1.146289,0.19747773,-1.2643447,0.8021742,-0.012721509,0.79168725,0.8176422,-0.25137997,0.8514764,1
-0.92860854,-1.346289,0.39747775,-1.1849053,1.0021743,-0.21272151,0.59168726,1.0176423,-0.45137995,1.0514764,1
-0.9285643,-1.146289,0.19747774,-0.9849053,1.2021743,-0.4127215,0.79168725,1.2176423,-0.65137994,0.8514764,1
-0.7285643,-1.0525396,0.39747775,-0.7849053,1.4021744,-0.21272151,0.99168724,1.0176423,-0.45137995,1.0514764,1
-0.9285643,-0.8525396,0.19747774,-0.5849053,1.2021743,-0.4127215,0.9357663,0.8176423,-0.65137994,1.2514764,1
-1.1285644,-0.8872306,0.39747775,-0.7849053,1.0021743,-0.5191339,0.7357663,0.6176423,-0.85137993,1.4514765,1
-0.92856437,-0.8548869,0.59747773,-0.5849053,0.9306615,-0.7191339,0.9357663,0.4176423,-0.94855976,1.2514764,1
-0.7285644,-1.0548869,0.39747775,-0.38490534,1.1306615,-0.9191339,0.7357663,0.6176423,-1.1485598,1.289805,1
-0.91273797,-1.2334988,0.19411194,-0.5749362,0.97598284,-0.70687705,0.52663475,0.8037064,-1.3255751,1.4644129,1
-1.0831984,-1.3954442,0.38364956,-0.6928459,0.83759993,-0.8828024,0.3179637,0.97706133,-1.0956948,1.2308469,1
-0.88319844,-1.1954441,0.5836496,-0.4928459,1.0375999,-1.0828024,0.5179637,1.1770613,-0.8956948,1.0381312,1
-0.68319845,-1.2424825,0.3836496,-0.42455447,1.184663,-1.2660884,0.7179637,1.0072395,-1.0956948,0.83813125,1
-0.48319846,-1.0424825,0.18364958,-0.22455446,1.3846631,-1.0660883,0.5179637,1.2072395,-0.8956948,0.63813126,1
-0.28319848,-1.2424825,-0.016350418,-0.024554461,1.5846632,-0.86608833,0.31796372,1.0072395,-1.0956948,0.43813127,1
-0.48319846,-1.4424826,0.18364958,0.043817744,1.7846632,-0.70751333,0.19465187,0.94655293,-0.91836274,0.63813126,1
-0.28319848,-1.6424826,-0.016350418,-0.15618226,1.8589762,-0.50751334,0.3946519,1.1465529,-0.71836275,0.43813127,1
-0.08319847,-1.6329994,-0.21635042,0.043817744,1.6589762,-0.30859518,0.5946519,1.099932,-0.51836276,0.63813126,1
0.06593375,-1.8329995,-0.11398036,0.015141802,1.8589762,-0.19642662,0.76702774,0.89993197,-0.31836277,0.43813127,1
-0.13406625,-1.6329994,-0.31398037,-0.12211405,1.6589762,-0.39642662,0.9670277,0.699932,-0.51836276,0.63813126,1
-0.0114212185,-1.4329994,-0.11398037,-0.23040704,1.8589762,-0.5964266,0.76702774,0.499932,-0.71836275,0.43813127,1
-0.21142122,-1.6329994,0.086019635,-0.030407041,1.735182,-0.39642662,0.7391164,0.299932,-0.91836274,0.23813127,1
-0.0114212185,-1.4329994,0.20062944,0.16959296,1.535182,-0.5964266,0.6718596,0.49949127,-1.0580682,0.038131267,1
0.18857878,-1.6329994,0.40062946,-0.030407041,1.335182,-0.39642662,0.68332875,0.2994913,-1.2580682,0.009967329,1
0.16269286,-1.4329994,0.60062945,0.16959296,1.535182,-0.46675134,0.88332874,0.09949128,-1.0580682,-0.19003268,1
0.36269286,-1.2329993,0.40062946,0.19999976,1.735182,-0.6667513,0.83140594,0.2994913,-0.85806817,-0.39003268,1
0.5564421,-1.2860444,0.19840072,-2.3577005e-07,1.9136846,-0.8571228,1.0199482,0.35318154,-1.0463144,-0.58347815,1
0.5178424,-1.4860444,0.2139174,0.19999976,1.7136846,-0.6571228,0.81994826,0.15318154,-0.8463144,-0.78347814,1
0.31784242,-1.2860444,0.21652037,-2.3841858e-07,1.9136846,-0.4571228,1.0199482,-0.046818465,-0.6463144,-0.58347815,1
0.11784242,-1.4860444,0.41652036,0.13213627,1.7136846,-0.6571228,1.1087945,-0.11928017,-0.62549466,-0.5148225,1
0.085841835,-1.6220131,0.20976047,-0.06528645,1.8410081,-0.8245716,1.2590901,-0.13584362,-0.40933555,-0.6876755,1
-0.10584231,-1.6892884,0.009049467,0.12490034,1.8923305,-0.5790746,1.1762944,-0.31137905,-0.56494844,-0.63512665,1
0.08203633,-1.6460714,-0.16636857,0.21056965,1.8229749,-0.6787807,1.1991177,-0.1273776,-0.66647303,-0.72761685,1
-0.11209799,-1.3741663,-0.34815112,0.010044077,1.8917232,-0.8350838,1.3295473,0.06901129,-0.8233881,-0.5013814,1
0.036854897,-1.1173857,-0.51810163,-0.17954259,1.9770555,-0.7741655,1.445698,0.25426418,-0.58921415,-0.66293186,1
-0.09283459,-1.1741544,-0.6400268,-0.33827722,1.9403576,-0.86825037,1.4667712,0.23227929,-0.44070518,-0.4126001,1
0.10716541,-0.9741544,-0.77923304,-0.5382772,1.7403575,-0.6840415,1.4248071,0.032279283,-0.24070518,-0.2126001,1
0.06897457,-0.7741544,-0.979233,-0.7382772,1.9403576,-0.4840415,1.6248071,-0.16772072,-0.44070518,-0.012600094,1
-0.12926757,-0.96108496,-0.76877874,-0.59661615,2.1116421,-0.6748643,1.4056916,-0.3627873,-0.23747584,0.18488573,1
-0.32721317,-1.1538407,-0.56522995,-0.75353444,1.8997148,-0.86940575,1.2889587,-0.5592759,-0.43474633,0.38248432,1
-0.12721317,-1.1318543,-0.36522996,-0.62142026,1.6997148,-0.66940576,1.4889587,-0.7592759,-0.3027165,0.5824843,1
0.06858341,-1.2549399,-0.15568796,-0.3970833,1.7900065,-0.81919765,1.5914216,-0.52697784,-0.09678463,0.7372959,1
-0.12956165,-1.4344037,-0.133678,-0.1943015,1.5675637,-0.6104577,1.7661359,-0.7167166,-0.27384582,0.5764139,1
-0.32391846,-1.2132666,-0.32796434,0.005600925,1.7372972,-0.40342936,1.9324692,-0.5078687,-0.072581336,0.3699685,1
-0.10974595,-1.2298251,-0.46758127,0.18208642,1.7157292,-0.53441536,1.8885795,-0.62691003,0.109384514,0.15052927,1
0.08290068,-1.1402223,-0.24578032,-0.016454086,1.7596468,-0.30716917,1.9184141,-0.7595382,0.28417766,0.32197016,1
-0.11696185,-0.9391185,-0.04572657,0.18333045,1.882659,-0.3891757,1.7438291,-0.90894467,0.48360923,0.52135736,1
-0.31542706,-0.73553956,-0.24453673,0.38147432,1.6745112,-0.3637677,1.9344169,-0.70551187,0.6802991,0.7178644,1
-0.4695092,-0.62491024,-0.040569082,0.5296725,1.4284674,-0.51354337,1.9442681,-0.8248426,0.80187595,0.8360946,1
-0.26204452,-0.41314137,0.15501511,0.7094625,1.5178698,-0.6937801,2.0848775,-0.60753614,0.5852056,0.6242916,1
-0.3229703,-0.20070828,0.21762058,0.8564112,1.240995,-0.84164363,2.1515949,-0.38376352,0.73940253,0.7091013,1
-0.5229703,-0.000708282,0.4176206,1.0564113,1.040995,-1.0416436,2.0023794,-0.21066222,0.730435,0.50910133,1
-0.30336136,-0.18852238,0.20440787,1.1781747,0.9771665,-1.1662579,2.0686631,-0.010014862,0.8739441,0.2903344,1
-0.10336135,-0.38849372,0.004407868,0.97817475,0.81912845,-1.0276791,2.2686632,-0.21001486,0.6739441,0.17113128,1
-0.29957426,-0.18614058,-0.1931504,0.76846015,0.79316515,-1.1099088,2.4378448,-0.40489632,0.5281283,-0.028508328,1
-0.4576351,0.013859421,-0.33870775,0.56846017,0.99316514,-1.1080235,2.2378447,-0.20489632,0.7281283,-0.22850832,1
-0.25763512,-0.18614058,-0.13870774,0.41804928,0.80608505,-0.90802354,2.0378447,-0.40489632,0.9281283,-0.42850834,1
-0.057635114,0.013859421,0.06129226,0.30579096,0.8612678,-0.70802355,2.1933436,-0.20489632,0.7281283,-0.22850834,1
0.0636807,-0.18614058,-0.11724883,0.50579095,0.6612678,-0.90802354,2.3933437,-0.30089825,0.5281283,-0.028508335,1
-0.13631931,-0.38614058,-0.31724882,0.39540854,0.57884365,-1.1080235,2.5933437,-0.34018496,0.32812834,-0.22850834,1
0.06368069,-0.23989636,-0.5172488,0.19540854,0.6343785,-0.90802354,2.3933437,-0.540185,0.5281283,-0.028508335,1
-0.13631931,-0.12159959,-0.31724882,-0.004591465,0.4343785,-0.9448213,2.1933436,-0.340185,0.5391244,0.17149167,1
0.06368069,-0.3215996,-0.11724882,-0.20459147,0.6343785,-0.7448213,2.3877656,-0.540185,0.7391244,0.06575951,1
-0.13631931,-0.1215996,0.082751185,-0.40459147,0.4343785,-0.5448213,2.3003156,-0.3481493,0.5391244,0.26575953,1
-0.19461751,0.0784004,0.2827512,-0.31060627,0.6343785,-0.34482133,2.3250468,-0.1481493,0.33912444,0.065759525,1
-0.22798426,-0.1215996,0.4827512,-0.5106063,0.8343785,-0.5448213,2.1250467,-0.3481493,0.13912444,-0.0719215,1
-0.027984262,0.0784004,0.54544884,-0.54424036,0.6343785,-0.34482133,2.3068495,-0.4403497,-0.060875565,0.1280785,1
0.17201574,-0.1215996,0.34544885,-0.74424034,0.68334854,-0.14482133,2.1068494,-0.6403497,-0.26087558,-0.0719215,1
0.036147743,-0.014224023,0.5185291,-0.54424036,0.8833485,-0.34482133,2.2136285,-0.8403497,-0.06087558,-0.27192152,1
0.17980231,0.011063635,0.31852913,-0.34424037,1.0833485,-0.14482133,2.4136286,-1.0403497,0.13912442,-0.07192151,1
-0.02019769,0.08811105,0.118529126,-0.54424036,1.2833486,0.055178672,2.2136285,-0.84034973,-0.06087558,-0.27192152,1
0.17980231,-0.11188895,0.31852913,-0.59523594,1.4833486,0.2551787,2.0136285,-0.64034975,0.13912442,-0.07192151,1
0.37980232,-0.31188896,0.118529126,-0.47853693,1.2833486,0.055178687,1.8136284,-0.84034973,-0.06087558,-0.27192152,1
0.57980233,-0.511889,0.31852913,-0.67853695,1.3027706,-0.14482132,1.6136284,-0.64034975,-0.26087558,-0.4719215,1
0.37980235,-0.71188897,0.118529126,-0.87853694,1.4513859,-0.0042520016,1.7844199,-0.5791229,-0.46087557,-0.6719215,1
0.44840074,-0.91188896,0.31852913,-0.77120405,1.6513859,0.075854495,1.6720638,-0.7791229,-0.66087556,-0.53238356,1
0.6484007,-1.111889,0.27230296,-0.61577404,1.4513859,-0.12414551,1.8720639,-0.5791229,-0.86087555,-0.33238357,1
0.7908487,-0.8500302,0.44026387,-0.7604352,1.5393627,-0.30215678,1.9315035,-0.53675455,-0.61604446,-0.14371485,1
0.91299325,-0.9113977,0.58995545,-0.5163993,1.2341229,-0.4627001,1.9640218,-0.6788644,-0.75192416,-0.3167076,1
0.9770007,-0.9756002,0.6415202,-0.6288651,1.2588928,-0.24020006,1.8996079,-0.7714792,-0.4844866,-0.45357302,1
0.7770007,-0.7756002,0.8415202,-0.42886513,1.4588928,-0.44020006,1.6996078,-0.9714792,-0.5074546,-0.253573,1
0.8707787,-0.86953044,0.9282835,-0.3353316,1.4785337,-0.2140849,1.6930777,-1.044113,-0.5662557,-0.0477484,1
1.0215042,-0.63872033,1.0763627,-0.43770882,1.3030989,-0.013436738,1.8059629,-0.80526906,-0.73099446,-0.23634763,1
1.2215042,-0.8387203,1.2763628,-0.5012701,1.1030989,0.18656327,1.6059629,-0.6052691,-0.5309945,-0.036347628,1
1.2622997,-0.63872033,1.2451115,-0.7012701,1.3030989,-0.013436735,1.4356459,-0.4052691,-0.3309945,0.16365238,1
1.4622997,-0.43872035,1.3131341,-0.5012701,1.503099,0.18656327,1.2356459,-0.6052691,-0.4912821,0.3097058,1
1.5602831,-0.5995216,1.4202719,-0.28278095,1.5985785,0.17951061,0.97208744,-0.3803974,-0.6488576,0.10297306,1
1.3185644,-0.38726863,1.5705796,-0.08024213,1.7434177,-0.019861003,1.1361406,-0.17486478,-0.436703,0.29368114,1
1.1185644,-0.18726863,1.3705796,-0.20857905,1.9434178,0.180139,0.9361406,0.02513522,-0.636703,0.2362237,1
1.3124844,-0.38548288,1.5633374,-0.40669504,1.9313195,-0.019769415,0.7327462,-0.08177022,-0.494038,0.036056664,1
1.3576232,-0.5854829,1.3633374,-0.20669504,1.7313194,-0.2014082,0.6512074,-0.28177023,-0.294038,-0.16394334,1
1.4537804,-0.3854829,1.1633373,-0.40669504,1.9313195,-0.0014082044,0.4512074,-0.48177022,-0.494038,0.036056668,1
1.2537804,-0.36826792,0.96333736,-0.20669504,2.0598714,0.1985918,0.2512074,-0.6817702,-0.44079548,0.23605667,1
1.4273846,-0.5579501,0.74947774,-0.39931083,2.13419,0.39135474,0.16703804,-0.8657602,-0.51129884,0.42813936,1
1.160456,-0.33843127,0.89770323,-0.5666307,2.206908,0.18092027,-0.031164568,-0.9173923,-0.6725121,0.4624261,1
1.1395049,-0.5384313,1.0977032,-0.36663073,2.006908,0.3809203,0.16883543,-0.7173923,-0.8725121,0.6624261,1
1.339505,-0.3384313,0.89770323,-0.5666307,1.8069079,0.5809203,0.36883545,-0.51739234,-1.0725121,0.75998116,1
1.1395049,-0.4368314,0.9125119,-0.36663073,1.6069078,0.3809203,0.16883545,-0.7173923,-1.2725122,0.55998117,1
1.339505,-0.6368314,1.1125119,-0.5666307,1.619866,0.5809203,0.14462426,-0.7314655,-1.0725121,0.59254265,1
1.1395049,-0.8368314,0.9125119,-0.5039157,1.4899325,0.78092027,-0.05537574,-0.9314655,-1.2725122,0.39254266,1
1.339505,-0.6368314,0.8921515,-0.30391574,1.6899326,0.98092026,-0.25537574,-0.7314655,-1.0725121,0.19254266,1
1.4898844,-0.72559446,0.8397544,-0.1024858,1.5742886,0.7701744,-0.05461374,-0.918648,-1.2182212,0.36817503,1
1.5788052,-0.5255945,1.0397544,-0.15163052,1.3742886,0.9701744,-0.25461376,-0.718648,-1.0182211,0.16817503,1
1.3788052,-0.72559446,1.2397544,-0.25230396,1.5742886,1.1344044,-0.054613754,-0.518648,-0.81822115,0.36817503,1
1.4757447,-0.86517394,1.3457708,-0.42277867,1.2845784,1.167585,-0.23799321,-0.29784748,-0.8018783,0.53108597,1
1.2757447,-1.065174,1.2008197,-0.62277865,1.1947106,1.3675851,-0.037993208,-0.09784748,-0.7505142,0.73108596,1
1.4726094,-0.8633359,1.3978437,-0.42188045,1.0064936,1.1651044,0.11323692,-0.2972147,-0.86400014,0.8578868,1
1.2726094,-0.6633359,1.5978438,-0.4741964,0.8064936,1.0836954,-0.086763084,-0.097214684,-0.8269418,1.0578868,1
1.0745294,-0.62287265,1.3978437,-0.2741964,0.6064936,0.8836954,-0.28676307,-0.2972147,-0.6269418,0.85788685,1
0.90934193,-0.82287264,1.5978438,-0.113781065,0.4064936,0.68369544,-0.48676306,-0.49721467,-0.4966135,0.83862895,1
1.109342,-0.75487506,1.3978437,-0.31378108,0.6064936,0.48369545,-0.68676305,-0.69721466,-0.6966135,0.63862896,1
0.909342,-0.95487505,1.5978438,-0.5137811,0.8064936,0.68369544,-0.88676304,-0.49721467,-0.8966135,0.43862897,1
0.709342,-1.154875,1.3978437,-0.57095176,0.7509984,0.8836954,-0.68676305,-0.2972147,-0.6966135,0.63862896,1
0.909342,-0.95487505,1.5978438,-0.37095177,0.79286575,1.0836954,-0.88676304,-0.097214684,-0.8966135,0.83862895,1
1.109342,-0.75487506,1.3978437,-0.20947891,0.99286574,0.8836954,-0.68676305,0.10278532,-1.0966135,0.72401696,1
0.909342,-0.95487505,1.5978438,-0.009478912,0.86141783,1.0836954,-0.88676304,0.30278534,-0.89661354,0.92401695,1
0.709342,-1.154875,1.3978437,0.008270634,1.0614178,0.90062547,-0.69142586,0.30985245,-0.69661355,0.72401696,1
0.909342,-0.95487505,1.5978438,0.20827064,0.99630296,0.7006255,-0.89142585,0.50985247,-0.89661354,0.92401695,1
0.76682657,-0.75410146,1.7960013,0.40785223,0.79548687,0.5549625,-1.0390799,0.4846524,-0.9670367,1.1228651,1
0.71252984,-0.5076229,1.8285749,0.556865,0.88511515,0.69163555,-1.1351447,0.2607755,-0.702697,1.2119019,1
0.81459165,-0.27460697,1.8108561,0.3185641,0.9686541,0.6696284,-1.191849,0.14299259,-0.6813064,1.2603681,1
1.0145917,-0.474607,1.610856,0.5185641,0.8761893,0.4696284,-1.391849,-0.057007417,-0.58081114,1.2517452,1
1.2145917,-0.274607,1.410856,0.31856412,0.6761893,0.5143683,-1.5067629,-0.25700742,-0.38081115,1.0517452,1
1.0145917,-0.074607,1.210856,0.24423566,0.47618932,0.3143683,-1.7067629,-0.057007417,-0.58081114,1.2517452,1
0.8145917,-0.26926535,1.0993046,0.04423566,0.6761893,0.5143683,-1.906763,-0.25700742,-0.46075803,1.4186969,1
0.6145917,-0.23123294,1.0013459,-0.15576434,0.47618932,0.7143683,-2.106763,-0.4570074,-0.26075804,1.2186968,1
0.8145917,-0.031232938,1.191689,-0.35576433,0.41408545,0.5143683,-2.082481,-0.6104826,-0.07008658,1.0186968,1
0.6145917,0.03592691,1.3916891,-0.5557643,0.2516852,0.3143683,-1.8824809,-0.81048256,-0.2700866,0.8186968,1
0.8145917,-0.1640731,1.191689,-0.35576433,0.0516852,0.5143683,-2.082481,-1.0104825,-0.47008657,0.6186968,1
0.6145917,-0.3640731,1.3916891,-0.5557643,-0.12125304,0.7143683,-1.8824809,-1.2104826,-0.2700866,0.41869682,1
0.7353473,-0.17017457,1.191689,-0.7557643,-0.32125306,0.8663552,-1.6824808,-1.1804074,-0.47008657,0.6186968,1
0.8248846,-0.36349523,1.3665776,-0.5457362,-0.11906519,1.0471141,-1.491979,-1.3015406,-0.5874911,0.8039244,1
0.59322006,-0.1552105,1.487195,-0.70794773,0.076833636,1.049691,-1.606242,-1.0457226,-0.47058123,0.9530529,1
0.7500673,0.04235287,1.217169,-0.8585535,0.26177335,1.1564857,-1.7079788,-0.7997136,-0.25586107,1.0903245,1
0.87579894,-0.15764713,1.4171691,-0.65855354,0.46177334,0.9564857,-1.6563851,-0.5997136,-0.05586107,0.89032453,1
0.67579895,-0.35764712,1.217169,-0.45855355,0.54878855,1.1564857,-1.456385,-0.39971364,0.14413893,0.74209714,1
0.87579894,-0.5576471,1.017169,-0.464992,0.34878856,0.9564857,-1.5896434,-0.19971363,0.34413892,0.9420971,1
1.072486,-0.35654575,1.2134207,-0.26417595,0.14833036,1.1529243,-1.7841321,-0.3984827,0.43698102,1.13858,1
1.2724861,-0.55654573,1.0134207,-0.06417595,-0.051669642,0.9529243,-1.5841321,-0.5984827,0.23698102,1.33858,1
1.4348692,-0.7372186,0.7926406,-0.25742716,0.14454103,1.123471,-1.3487723,-0.7780842,0.09654562,1.409294,1
1.42378,-0.46785462,0.86447394,-0.3983656,-0.048298288,1.1525886,-1.3487997,-0.851797,-0.090096675,1.401507,1
1.422859,-0.5852165,0.61358505,-0.52432585,-0.19566387,1.1852239,-1.3571565,-0.81405765,-0.25420108,1.403342,1
1.1999869,-0.7115782,0.798368,-0.71077824,0.0042550317,1.3593152,-1.2884601,-0.9001006,-0.44570586,1.180835,1
0.99297464,-0.9051858,0.991367,-0.90439147,0.2028227,1.1511855,-1.4780225,-0.6951912,-0.6411779,0.973957,1
0.8402388,-0.70518583,0.791367,-1.1043915,0.0028226972,1.3511856,-1.2780224,-0.8951912,-0.4411779,0.773957,1
1.0402389,-0.50518584,0.591367,-1.3043915,0.14672531,1.1511855,-1.4780225,-0.6951912,-0.2411779,0.973957,1
1.2227092,-0.3008723,0.38583538,-1.0887818,-0.0525217,1.104828,-1.6543051,-0.88253844,-0.04059588,1.1573641,1
1.4118246,-0.100100555,0.5813534,-0.88198215,-0.08871309,1.2948453,-1.4431788,-1.0742564,-0.23875517,0.95003974,1
1.57415,-0.14082485,0.76309013,-1.056692,0.10868571,1.0692545,-1.2141207,-0.85382164,-0.42849973,1.1231589,1
1.77415,0.05917515,0.56309015,-0.856692,0.16236044,0.8692545,-1.0141207,-0.65382165,-0.62849975,1.323159,1
1.5340458,0.24837372,0.4854383,-0.89245486,0.27822936,1.024692,-1.1635208,-0.5573579,-0.793971,1.4596795,1
1.639036,0.423807,0.6478826,-0.65451473,0.45202678,0.77950656,-1.2888125,-0.7158617,-0.9395105,1.1906606,1
1.7792394,0.6035238,0.4333196,-0.82672995,0.630826,0.56066376,-1.4133942,-0.49908832,-0.7154652,1.0620118,1
1.5792394,0.4035238,0.6333196,-1.02673,0.430826,0.76066375,-1.2133942,-0.2990883,-0.9154652,0.86201185,1
1.7792394,0.2035238,0.8333196,-0.82672995,0.630826,0.56066376,-1.0133941,-0.3476289,-0.7154652,1.0620118,1
1.5792394,0.30694497,1.0333196,-0.826767,0.430826,0.36066377,-0.8133941,-0.5476289,-0.8844894,1.2620119,1
1.5259821,0.42254278,0.9274629,-1.0262576,0.6305131,0.16058406,-1.0128914,-0.34745643,-0.9349204,1.4612867,1
1.7259822,0.22254278,1.1274629,-0.82625765,0.43051308,0.3584472,-0.9685124,-0.170435,-0.7349204,1.2612866,1
1.5046842,0.022228148,0.9145184,-1.0119343,0.6217131,0.37844202,-1.1522037,-0.30288565,-0.92187184,1.4408917,1
1.3717542,-0.17140774,1.0746194,-1.168548,0.79229635,0.55773425,-1.3037958,-0.09920242,-0.69602937,1.1981725,1
1.5717542,-0.37140775,0.8746194,-0.968548,0.59229636,0.35773426,-1.1037958,-0.2992024,-0.89602935,1.3981725,1
1.3533638,-0.56374717,1.0602126,-0.7582445,0.52204585,0.1556196,-1.2863165,-0.4925099,-0.6866981,1.5767467,1
1.1533637,-0.36374718,1.1994599,-0.91252035,0.32204586,0.3556196,-1.4863166,-0.2925099,-0.88669807,1.3767467,1
0.9533637,-0.27752566,0.9994599,-1.1125203,0.52204585,0.45007333,-1.2863165,-0.4239477,-0.9818709,1.1767466,1
1.1533637,-0.47752565,1.1994599,-0.91252035,0.72204584,0.2500733,-1.4272776,-0.22394769,-1.1818709,1.0064155,1
0.9378879,-0.59974474,0.98323584,-1.094461,0.9070784,0.24161363,-1.2073553,-0.023558946,-1.3594393,1.186832,1
0.67514557,-0.60236377,0.86346465,-1.1735374,1.0036594,0.40035975,-1.1271211,-0.20267491,-1.4137623,1.2572794,1
0.46578088,-0.78654987,0.65038836,-0.9589436,1.1799364,0.5258795,-1.2997123,-0.0026221874,-1.1928847,1.4285578,1
0.65894085,-0.58052385,0.84165174,-1.147037,1.1106706,0.42733353,-1.0884142,-0.20054051,-0.9826841,1.6118265,1
0.80091184,-0.7277926,0.59830254,-1.256033,0.8491468,0.58495164,-1.2013706,-0.00050399365,-0.7298069,1.6894218,1
0.5679309,-0.79330826,0.37644178,-1.1519121,0.8943564,0.7418697,-1.3244566,0.1885467,-0.50072855,1.7857212,1
0.43980107,-0.84767795,0.16494761,-1.2638429,1.0230654,0.88051236,-1.0512047,0.10673774,-0.28113785,1.856363,1
0.6260652,-0.63377297,-0.03429985,-1.4324157,0.80539507,0.66590244,-0.95702183,0.3001524,-0.079395905,2.0122151,1
0.6172324,-0.43377298,0.16570015,-1.2324157,0.6053951,0.8659024,-0.75702184,0.5001524,0.1206041,2.1532009,1
0.6545182,-0.49589056,0.2746741,-1.0324156,0.4053951,1.0659025,-0.55702186,0.30015242,0.3206041,1.9532008,1
0.8545182,-0.69589055,0.074674085,-1.1067206,0.6053951,1.0490762,-0.75702184,0.10015242,0.5206041,1.7532008,1
1.0545182,-0.49589056,0.2746741,-1.3067206,0.80539507,0.8490762,-0.55702186,-0.099847585,0.3206041,1.5786195,1
1.1312681,-0.65285003,0.4746741,-1.1067206,0.8689568,1.0490762,-0.75702184,-0.2998476,0.12060408,1.3786194,1
1.2798016,-0.45285004,0.3114549,-1.1095072,1.0374875,0.8490762,-0.95702183,-0.0998476,0.3206041,1.1786194,1
1.0798016,-0.25285006,0.11145489,-1.3095073,1.2374876,0.93008924,-1.1570219,0.1001524,0.12060408,0.9786194,1
1.2756512,-0.45138144,0.02487974,-1.504612,1.034123,0.7277216,-1.3526211,0.29917902,-0.079138435,1.174797,1
1.2973547,-0.61170805,-0.1644543,-1.60079,0.7833194,0.87121725,-1.4580563,0.09313837,-0.088841856,0.91542554,1
1.4973547,-0.81170803,0.035545707,-1.40079,0.5833194,0.6804168,-1.2580563,-0.106861636,-0.28884184,0.71542555,1
1.2973547,-0.6568419,-0.1644543,-1.60079,0.50108534,0.48041683,-1.0580562,-0.2134245,-0.48884183,0.51542556,1
1.0973547,-0.85684186,0.035545707,-1.8007901,0.34778506,0.5688938,-1.2580563,-0.4134245,-0.6888418,0.5188034,1
1.2973547,-0.7525669,-0.1644543,-1.60079,0.14778505,0.7688938,-1.174891,-0.59617895,-0.8888418,0.31880343,1
1.4133406,-0.5525669,0.035545707,-1.40079,0.34778506,0.5688938,-1.374891,-0.79617894,-0.6888418,0.11880343,1
1.6133406,-0.7525669,0.23554571,-1.2007899,0.54778504,0.7688938,-1.174891,-0.8331654,-0.48884183,-0.08119658,1
1.799226,-0.9451523,0.035269026,-1.3898865,0.6865046,0.56446564,-0.9673027,-1.0251235,-0.28659356,-0.27900782,1
1.7786012,-0.6629209,-0.14655207,-1.4144344,0.78867424,0.68010294,-0.95403785,-1.0899248,-0.43289545,-0.070288904,1
1.8596796,-0.43509755,0.050235502,-1.4407539,0.9292511,0.8058625,-0.7087172,-0.9329646,-0.56905454,-0.2540435,1
1.6596795,-0.23509754,0.2502355,-1.640754,0.7292511,0.6058625,-0.50871724,-0.73296463,-0.76905453,-0.14624152,1
1.5483081,-0.43509755,0.050235495,-1.4443855,0.9292511,0.8058625,-0.7087172,-0.9329646,-0.9582734,-0.34624153,1
1.6867615,-0.22682127,-0.14449227,-1.5341054,0.981534,0.97045255,-0.8767271,-0.70716166,-0.7315795,-0.1410933,1
1.8424121,-0.026190821,-0.33639476,-1.6933444,0.7631636,0.75234264,-0.66082025,-0.8754298,-0.5190844,0.05752207,1
1.5340054,-0.2112612,-0.1739208,-1.768375,0.89959043,0.88948363,-0.60552144,-1.0044465,-0.6716215,-0.13307373,1
1.6937242,-0.40170753,-0.32431734,-1.5319413,1.0740467,0.9303264,-0.39610112,-1.0608666,-0.46066564,0.06537156,1
1.4937241,-0.45003438,-0.12431733,-1.3319412,1.2740468,0.7585726,-0.23362537,-0.8608666,-0.26066566,-0.13462844,1
1.2937241,-0.5569309,-0.32431734,-1.1822522,1.4740468,0.5585726,-0.43362537,-0.7466094,-0.46066564,0.054729685,1
1.093724,-0.7569309,-0.5130481,-1.3822522,1.2740468,0.7585726,-0.23362537,-0.5466094,-0.46249166,-0.14527032,1
0.96744514,-0.5569309,-0.51620084,-1.4951296,1.0740467,0.5585726,-0.033625364,-0.3466094,-0.6624917,0.054729685,1
1.1674452,-0.4527911,-0.7162008,-1.3271062,1.1619086,0.3585726,0.16637464,-0.5466094,-0.6444838,-0.14527032,1
0.9674452,-0.49103394,-0.9162008,-1.5271063,1.3619087,0.5585726,0.36637464,-0.3466094,-0.4770187,-0.34527034,1
0.7674452,-0.40643218,-1.1162008,-1.3669087,1.3655001,0.5412984,0.40388364,-0.14660941,-0.27701873,-0.14527033,1
0.5837859,-0.20643218,-1.3162009,-1.39018,1.5655001,0.3412984,0.25658157,0.053390592,-0.07701872,-0.34527034,1
0.5471683,-0.40643218,-1.5162009,-1.19018,1.7655002,0.1412984,0.05658157,-0.14660941,-0.27701873,-0.21600237,1
0.34716833,-0.20643218,-1.3162009,-0.99017996,1.9655002,-0.058701605,-0.14341843,-0.10419093,-0.07701872,-0.016002372,1
0.5471683,-0.0064321756,-1.5162009,-1.19018,1.7655002,0.1412984,-0.26299933,0.09580907,0.12298128,-0.21600237,1
0.4073128,0.19356783,-1.448879,-0.99017996,1.5655001,0.3412984,-0.46299934,0.2958091,0.3229813,-0.4160024,1
0.2073128,0.39356783,-1.248879,-0.79017997,1.5106032,0.1412984,-0.3604566,0.37852332,0.30127662,-0.6160024,1
0.33094388,0.19356783,-1.448879,-0.99017996,1.7106032,-0.058701605,-0.5604566,0.17852332,0.5012766,-0.81600237,1
0.5309439,0.39356783,-1.248879,-1.19018,1.9106033,0.1412984,-0.4676436,0.37852332,0.7012766,-0.87823915,1
0.7006743,0.56898725,-1.2827282,-0.94917506,2.0232,-0.056270678,-0.25656003,0.5545658,0.8639533,-0.6501522,1
0.8692887,0.37650183,-1.0449985,-0.85681367,2.1457288,-0.24734047,-0.05458909,0.34221032,0.90429574,-0.82052714,1
0.9842265,0.53064096,-1.0465262,-0.9727439,2.1591256,-0.04357452,0.13384344,0.49907735,0.6482688,-0.59774804,1
1.1484789,0.70858544,-1.208898,-0.7494175,2.1430218,-0.23622186,0.24342869,0.29004923,0.46402097,-0.3857414,1
1.3484789,0.50858545,-1.408898,-0.5494175,1.9430218,-0.03622186,0.04342869,0.3015639,0.26402098,-0.5857414,1
1.4324653,0.5931322,-1.2274823,-0.3494175,2.0400493,-0.055556744,0.24342869,0.5015639,0.46402097,-0.3857414,1
1.2324653,0.3931322,-1.3729767,-0.2959459,1.8400493,-0.25555676,0.04342869,0.30156392,0.66402096,-0.20911914,1
1.0324652,0.5931322,-1.4385141,-0.49594593,2.0400493,-0.45555675,0.24342869,0.5015639,0.66771716,-0.009119138,1
1.1677887,0.75245017,-1.1749872,-0.64501756,2.125151,-0.6219314,0.2425758,0.28609586,0.44372663,0.18109004,1
0.96778876,0.5524502,-1.3749872,-0.44501758,1.9251509,-0.4219314,0.28450042,0.48609585,0.4266229,0.113150895,1
0.76778877,0.3524502,-1.4627606,-0.24501757,2.125151,-0.22193138,0.08450042,0.64088756,0.2266229,0.013553582,1
0.96778876,0.45446408,-1.2627605,-0.44501758,2.167262,-0.4219314,-0.115499586,0.44088757,0.026622891,-0.18644643,1
1.0246607,0.24393287,-1.4022229,-0.61832297,2.269291,-0.21274656,-0.30244237,0.47729403,-0.16620174,0.012992648,1
0.8246607,0.4439329,-1.6022229,-0.81832296,2.0692909,-0.012746558,-0.15158856,0.27729404,-0.36620176,-0.18700735,1
0.9459527,0.59447,-1.6483213,-0.5708273,2.0949783,0.16939978,0.04469278,0.4406313,-0.3082946,0.011994637,1
0.7459527,0.39447004,-1.4483212,-0.37082732,1.8949783,0.12711214,0.24469279,0.6406313,-0.5082946,0.21199463,1
0.54595274,0.19447003,-1.4794674,-0.44037232,1.6949782,0.32711214,0.4446928,0.8406313,-0.62719643,0.01199463,1
0.7459527,0.39447004,-1.2794673,-0.64037234,1.8949783,0.2806632,0.24469279,1.0406313,-0.8271964,0.21199463,1
0.5233067,0.18640345,-1.4180993,-0.50648934,2.008079,0.0773173,0.042838935,1.1891701,-0.9845885,0.011497095,1
0.7103207,0.3794661,-1.1962299,-0.6938053,1.7756174,-0.117362835,-0.15433946,1.3642296,-1.1633209,-0.1851186,1
0.63004506,0.55832934,-1.0534586,-0.47579312,1.9035543,-0.30578664,-0.3414145,1.1217628,-1.3135921,-0.37107092,1
0.413632,0.3732479,-1.2056192,-0.26526722,2.0232701,-0.10174919,-0.52075094,1.2713165,-1.0710907,-0.16454184,1
0.5563889,0.5197721,-1.2529498,-0.059178725,2.0158708,-0.2736003,-0.56430477,1.1769563,-0.9462403,-0.3305353,1
0.6799452,0.60776526,-1.3061088,-0.23298506,1.763621,-0.06616196,-0.687061,1.2377955,-1.0303966,-0.4769172,1
0.8075723,0.3742278,-1.3125836,-0.39737335,1.802119,0.122830264,-0.8141029,0.95243984,-1.052821,-0.62124276,1
0.6852187,0.4477133,-1.3608277,-0.26011142,1.8012486,0.29044104,-0.8482639,1.0368167,-0.86094666,-0.7388483,1
0.4852187,0.24771328,-1.1608276,-0.46011144,2.0012486,0.49044102,-0.64826393,0.8368167,-1.0609467,-0.55296046,1
0.6728928,0.046855003,-1.0355867,-0.6482372,2.161652,0.6780212,-0.8330052,0.62536156,-0.8454598,-0.34661135,1
0.4611606,-0.14934555,-1.1241202,-0.4371167,2.3030608,0.46616176,-1.0073769,0.41480857,-0.6294463,-0.4536937,1
0.41591793,-0.33031815,-0.8737872,-0.6024156,2.3667295,0.6298787,-0.7634024,0.5813225,-0.7842698,-0.23987605,1
0.21393977,-0.5254596,-0.6676143,-0.5850345,2.5432143,0.574132,-0.6950672,0.52226055,-0.57891697,-0.039510716,1
0.14800306,-0.6812212,-0.8147073,-0.36155516,2.5759337,0.72692555,-0.4648781,0.40300196,-0.35581067,-0.22490539,1
-0.051996946,-0.4812212,-0.65145624,-0.24698275,2.3759336,0.52692556,-0.66487813,0.20300196,-0.5558107,-0.03713435,1
0.14800306,-0.2812212,-0.45858204,-0.04698275,2.1759336,0.5855945,-0.46487814,0.39503393,-0.3558107,-0.23713435,1
-0.051996946,-0.08122121,-0.25858206,-0.24698275,1.9759336,0.3855945,-0.4508119,0.59503394,-0.19743119,-0.12118224,1
0.14800306,0.118778795,-0.058582053,-0.44698274,1.7759335,0.5855945,-0.34215412,0.79503393,0.0025688112,0.07881776,1
0.34800306,0.3187788,0.14141795,-0.24698274,1.9759336,0.51007056,-0.54215413,0.8133253,0.20256881,-0.066060014,1
0.14800306,0.24428086,0.34141797,-0.44698274,2.1759336,0.40380758,-0.34215415,0.6133253,0.40256882,-0.26606002,1
0.34800306,0.44428086,0.54141796,-0.6469827,1.9759336,0.60380757,-0.54215413,0.4133253,0.20256881,-0.06606002,1
0.5480031,0.64428085,0.34141797,-0.44698274,2.1759336,0.40380758,-0.35979775,0.29628083,0.2228058,0.13393998,1
0.74800307,0.44428086,0.4035694,-0.28994054,2.3759336,0.42509654,-0.55979776,0.49628085,0.4228058,0.33393997,1
0.92706746,0.6300526,0.19907379,-0.47912073,2.519047,0.22012554,-0.74301845,0.68090427,0.21788536,0.13098206,1
0.7270675,0.8300526,0.39907378,-0.6791207,2.319047,0.42012554,-0.54301846,0.48090428,0.41788536,0.33098206,1
0.5164671,0.8551491,0.19507,-0.46948463,2.4683838,0.2759719,-0.72807485,0.6380019,0.60545844,0.52030295,1
0.7038076,0.64357305,0.3880894,-0.26472303,2.3919082,0.074629515,-0.9116764,0.43026274,0.7912265,0.7075757,1
0.8431154,0.75749826,0.54859823,-0.43351611,2.4178572,0.2561877,-0.6638862,0.58793956,0.5515247,0.47349113,1
0.7569281,0.54359055,0.33990186,-0.617712,2.5525503,0.39430615,-0.5443969,0.37826177,0.34275535,0.6376097,1
0.85200244,0.66205704,0.124561846,-0.7280512,2.4507377,0.1730008,-0.6627749,0.15871565,0.4832431,0.7457671,1
1.0348852,0.8480304,9.9488614e-05,-0.5194592,2.29268,0.14287378,-0.58670294,-0.040612612,0.672126,0.93037844,1
1.1686888,0.9918504,0.1893731,-0.46078756,2.359059,-0.054063953,-0.36597362,0.15084338,0.44681755,0.6912263,1
1.1528538,0.7918504,0.20357949,-0.26078755,2.159059,0.14593604,-0.3503427,-0.04915662,0.24681754,0.74667233,1
1.3528539,0.5918504,0.12379122,-0.274817,2.1342883,0.08294668,-0.5503427,0.15084338,0.04681754,0.54667234,1
1.1528538,0.3918504,0.10906914,-0.07481699,2.3342884,-0.11705332,-0.75034267,-0.04915662,-0.15318246,0.34667236,1
1.3528539,0.221293,0.30906916,-0.274817,2.5342884,-0.31705332,-0.5503427,0.15084338,-0.19601761,0.14667235,1
1.1996316,0.02001628,0.47854555,-0.44634712,2.5462456,-0.15177192,-0.70535237,-0.04620921,-0.14139067,0.325886,1
1.3483638,0.21195719,0.6536907,-0.6226717,2.265274,-0.33888668,-0.8721897,-0.23719066,0.0447889,0.506623,1
1.4654073,0.011316554,0.42938334,-0.77859545,2.1889763,-0.13144556,-1.014745,-0.0351981,0.23167385,0.41031235,1
1.6465864,-0.011120514,0.6222706,-0.9675362,1.982306,-0.32769987,-0.8055375,-0.23254012,0.42679545,0.20793559,1
1.4465864,0.17066702,0.8222706,-0.7675362,1.782306,-0.5276999,-0.60553753,-0.032540113,0.60759056,0.4079356,1
1.6465864,-0.02933298,1.0222706,-0.9675362,1.5823059,-0.5554422,-0.8055375,0.16745989,0.40759057,0.6079356,1
1.4465864,0.17066702,1.0098346,-0.7675362,1.3823059,-0.71703446,-0.84523994,-0.0037101358,0.60759056,0.40793562,1
1.6465864,-0.002717331,0.80983466,-0.56753623,1.5823059,-0.6388725,-1.0452399,0.19628987,0.77600545,0.6079356,1
1.8465865,-0.20271733,0.99760306,-0.36753625,1.3823059,-0.8388725,-0.84523994,-0.0037101358,0.57600546,0.40793562,1
1.9415163,-0.36994293,0.75665474,-0.15893506,1.5010715,-0.60607326,-0.99157804,-0.13247809,0.7361659,0.57672465,1
1.7415162,-0.2964543,0.9566547,-0.35893506,1.7010715,-0.40607327,-0.79157805,-0.3324781,0.5777577,0.37672466,1
1.810765,-0.46302062,1.0787599,-0.52129364,1.7643259,-0.19219528,-0.5517383,-0.1737553,0.7253797,0.2463851,1
1.5991838,-0.26112956,1.0330799,-0.31898358,1.8742788,-0.38937545,-0.7463334,-0.37106806,0.9187263,0.04605159,1
1.3523749,-0.08331234,1.0654219,-0.5016213,2.004885,-0.5696582,-0.9146744,-0.33639047,0.69468176,-0.030820925,1
1.4787971,0.116404384,1.26235,-0.32149476,1.8005033,-0.41130704,-1.1119684,-0.15225022,0.6573273,0.0020764081,1
1.278797,0.24567248,1.46235,-0.52149475,1.6005032,-0.21130703,-1.3119684,0.047749788,0.5306899,-0.1979236,1
1.3601592,0.40991798,1.5289865,-0.6636121,1.6560562,-0.11156101,-1.1198181,0.22787383,0.30416,-0.22439282,1
1.517421,0.5932102,1.2925808,-0.49358147,1.8052124,0.08601634,-0.8946211,0.4161529,0.43687895,-0.02372461,1
1.6555737,0.76464534,1.053235,-0.6686044,1.5474058,-0.10987891,-1.0552019,0.44114867,0.6139438,-0.1628734,1
1.4292872,0.8691793,0.8378263,-0.8529181,1.5861233,-0.20278953,-1.232534,0.23679371,0.79924464,0.036456123,1
1.6292872,0.6691793,1.0378263,-0.6529181,1.3861233,-0.058236152,-1.032534,0.03679371,0.7006184,0.23645613,1
1.8292873,0.7383821,0.88476866,-0.8529181,1.5861233,-0.25823617,-0.832534,0.23679371,0.5006184,0.036456123,1
1.7693604,0.8181868,0.8277225,-0.91805214,1.5573429,-0.34583727,-0.90027905,0.3808458,0.41018668,-0.057192713,1
1.8581277,0.5832706,0.5922677,-0.67749536,1.6580853,-0.48396453,-1.0381335,0.17063132,0.5538953,0.016465573,1
1.8452073,0.7022386,0.6067142,-0.42809686,1.5643789,-0.6132061,-1.1100445,-0.026330393,0.67590225,0.19407147,1
1.908672,0.7157116,0.75285906,-0.21286942,1.6465914,-0.38562104,-0.8873315,0.16207565,0.74766004,-0.005532751,1
1.7086719,0.9157116,0.55285907,-0.012869418,1.4850967,-0.58562106,-1.0873315,0.36207566,0.94766,-0.20553276,1
1.896414,0.71226287,0.3511588,-0.2118437,1.5051316,-0.5623349,-0.88305587,0.34728545,1.1162605,-0.0055060964,1
1.9087892,0.83061713,0.3833631,-0.010783709,1.5525258,-0.6256281,-0.98612446,0.13410369,0.834257,0.17708708,1
1.9749151,0.96353036,0.54632896,-0.19740234,1.2666622,-0.77321404,-1.0338995,0.3128935,0.68078935,0.035479616,1
2.0723531,0.7275247,0.71113443,0.0024751625,1.0163618,-0.92732036,-1.1757128,0.36730447,0.45811686,0.22437516,1
2.1183388,0.85378814,0.7389048,0.18875189,0.87784994,-1.0509135,-0.9095814,0.35041228,0.6135113,0.022723068,1
1.9183388,0.65378815,0.93890476,0.3887519,0.8655323,-0.85091347,-0.70958143,0.21588294,0.75784355,-0.10895991,1
2.1183388,0.53639096,1.1389048,0.23894373,0.7145194,-0.6509135,-0.9095814,0.41588295,0.55784357,-0.3089599,1
2.1365457,0.6786466,1.2339141,0.03588994,0.4741732,-0.5817889,-1.0225732,0.56758827,0.5615497,-0.45200533,1
2.2636573,0.46371529,1.0016612,0.22853138,0.6531424,-0.75740105,-0.93501496,0.3561214,0.7377932,-0.24414405,1
2.2954836,0.24571358,1.1196336,0.026583768,0.42221007,-0.89204705,-0.6848415,0.5181595,0.7302979,-0.41382596,1
2.2544284,0.40265918,1.1921614,0.033743184,0.20074533,-0.62519765,-0.68344545,0.64878774,0.8404343,-0.55453247,1
2.0600688,0.20265917,0.99216145,-0.16625682,0.40074533,-0.42519766,-0.64600337,0.44878775,1.0404344,-0.75453246,1
2.0967531,0.37356246,1.1060141,0.0022079472,0.5573346,-0.58001995,-0.41377452,0.56035954,1.1507988,-0.8855565,1
2.0279114,0.16662598,1.0578842,-0.18988724,0.72706753,-0.36483237,-0.39416775,0.3459577,1.2968138,-1.042172,1
2.1131735,0.34774464,0.81370294,-0.03354895,0.49992344,-0.15634346,-0.18416806,0.51784074,1.3363142,-1.1781998,1
1.9131734,0.14774464,1.013703,-0.23354895,0.69992346,0.043656543,0.015831947,0.31784075,1.1363142,-1.3781998,1
2.046901,-0.05061655,1.1756394,-0.41995218,0.4842451,-0.15144028,-0.027480908,0.11414508,1.2944052,-1.1412495,1
1.9050184,0.061204955,1.1703119,-0.2162865,0.6728416,-0.0906904,-0.022613145,-0.084424086,1.320106,-1.3188965,1
2.067621,0.2565644,0.9530735,-0.015997149,0.5093973,0.10736763,0.17423542,0.11352261,1.1002063,-1.491912,1
2.0690272,0.053722654,0.7152397,0.17475869,0.67375773,-0.0879786,0.35543412,0.29777148,0.9567002,-1.6069118,1
2.1289763,-0.1372487,0.48343763,0.3516275,0.8198269,0.10510712,0.14584027,0.09173674,0.7099945,-1.695384,1
2.1408982,0.05768378,0.6282461,0.50708044,0.62238234,-0.087229736,0.31791168,-0.099520385,0.46880955,-1.742321,1
2.2080836,-0.13424169,0.78125423,0.6669631,0.46435416,-0.2709333,0.48852712,0.09477875,0.63086355,-1.4548149,1
2.213833,0.060453855,0.5343667,0.42929503,0.2569073,-0.43294498,0.6329863,0.27100012,0.76384103,-1.5213275,1
2.0233407,-0.13060412,0.3129407,0.21460193,0.42762896,-0.59238625,0.77960896,0.4408187,0.9020786,-1.6110258,1
1.8233407,0.069395885,0.112940684,0.014601931,0.22762896,-0.7157392,0.97960895,0.6408187,0.70207864,-1.5572524,1
1.9458036,0.22366643,-0.08372309,-0.16329724,0.41124165,-0.8806468,0.7497333,0.7310611,0.48283833,-1.6899122,1
1.884703,0.021875003,-0.26224676,-0.33579755,0.5649739,-0.99884766,0.50812143,0.4908626,0.6311511,-1.746856,1
1.684703,0.22187501,-0.46224678,-0.13579755,0.7649739,-1.0057362,0.7081214,0.61647,0.6189849,-1.5468559,1
1.6712706,0.421875,-0.66224676,-0.061170727,0.66132355,-1.2057363,0.50812143,0.81646997,0.4189849,-1.3468559,1
1.8712707,0.621875,-0.46224678,0.02785629,0.86132354,-1.4057363,0.30812144,0.61647,0.6189849,-1.1468558,1
1.8091421,0.39308697,-0.6170562,-0.16039692,0.98890066,-1.4961637,0.10074342,0.7607555,0.7630988,-0.88224405,1
1.7797534,0.52537274,-0.72377086,0.035081502,1.053161,-1.5025086,0.20639637,0.7273366,0.8531394,-0.60435057,1
1.7307429,0.28444785,-0.6365806,0.2055133,1.0955403,-1.4883696,0.35528043,0.76965064,0.92067707,-0.7031805,1
1.8669862,0.46845043,-0.42216387,0.29880598,0.9546839,-1.6326164,0.53694403,0.55083966,0.6968789,-0.6108829,1
2.066986,0.26845044,-0.26332024,0.40050995,0.7546839,-1.495634,0.33694404,0.75083965,0.49687892,-0.81088287,1
1.866986,0.068450436,-0.46332026,0.60050994,0.5546839,-1.3274618,0.13694404,0.55083966,0.650513,-1.0108829,1
2.066986,0.26845044,-0.5758867,0.40050995,0.6011344,-1.1274618,-0.06305596,0.75083965,0.450513,-1.2108829,1
1.866986,0.36171755,-0.4424642,0.20050995,0.8011344,-1.3274618,-0.26305598,0.95083964,0.25051302,-1.0108829,1
1.9486568,0.5230475,-0.22858378,0.09964731,0.94382215,-1.4068081,-0.43654728,0.7078561,0.04762128,-1.1415632,1
1.7486567,0.32304752,-0.02858378,-0.10035269,0.91064227,-1.2068081,-0.63654727,0.9078561,0.14218572,-1.3415632,1
1.7467097,0.468842,-0.19721241,-0.26922596,0.86837447,-1.2610149,-0.74985254,0.8939988,-0.05182276,-1.381805,1
1.6342623,0.668842,-0.2540705,-0.06922595,1.0683745,-1.0610149,-0.9498525,0.9969457,0.14817724,-1.1818049,1
1.4342623,0.46884203,-0.054070488,-0.26922596,1.250571,-1.2610149,-0.74985254,0.7969457,-0.051822767,-1.381805,1
1.178358,0.5965357,-0.016659854,-0.06609046,1.1313137,-1.3948404,-0.90683025,0.9517904,0.12920439,-1.5101593,1
0.94530076,0.76962197,-0.20933926,-0.25709966,1.2863307,-1.5409533,-1.0694321,0.7263886,0.31808108,-1.265891,1
1.1453007,0.66677827,-0.40933925,-0.45709968,1.0863307,-1.4219811,-1.1221607,0.92638856,0.51808107,-1.0658909,1
0.93571943,0.46204713,-0.588967,-0.25449377,0.877347,-1.6055411,-0.9128139,1.1149718,0.71080273,-1.2530602,1
1.0754352,0.6371869,-0.38757885,-0.43742725,1.036892,-1.3527622,-1.0710272,0.88061404,0.8766016,-1.2246431,1
0.8754352,0.8371869,-0.24333684,-0.23742725,1.2368921,-1.1527622,-0.8710272,0.68061405,1.0766016,-1.4246432,1
0.85303587,1.0371869,-0.046696186,-0.43742725,1.036892,-1.3527622,-0.6710272,0.88061404,0.87660164,-1.368785,1
1.0478998,0.99911004,0.15255609,-0.6343183,0.8674576,-1.4397372,-0.46872982,0.75188357,0.6733016,-1.5538188,1
1.1791953,1.1330917,0.25641993,-0.7883839,0.63071,-1.2738498,-0.6319122,0.521499,0.44724342,-1.6572603,1
1.3791953,0.9330917,0.056419924,-0.60357213,0.55584246,-1.4738499,-0.771867,0.321499,0.24724342,-1.4572603,1
1.1678065,1.1221482,0.116049536,-0.39967442,0.7485424,-1.3845979,-0.75481635,0.51646227,0.4429239,-1.6412543,1
1.1107532,0.8412937,0.13600986,-0.5470946,0.8653737,-1.2805849,-0.8710975,0.6536424,0.58655196,-1.6798121,1
0.83874476,0.9589641,-0.05893078,-0.6880258,0.9811402,-1.3635229,-0.6180374,0.4177753,0.72436345,-1.7311853,1
1.0104122,0.7382628,0.13722144,-0.4747145,0.759834,-1.1317868,-0.79572475,0.600925,0.89915067,-1.8785107,1
0.73908603,0.7988401,-0.057253283,-0.6153314,0.87535685,-0.84977823,-0.9020809,0.7304338,1.002412,-1.8955765,1
0.85843354,0.91305566,-0.23515934,-0.37966108,0.9830009,-0.95961905,-0.64178336,0.8505244,0.7334976,-1.9156,1
1.0161655,1.0686064,-0.26933196,-0.396742,0.7517321,-0.72928405,-0.42414096,0.62454605,0.89621884,-2.0311143,1
0.95894754,1.0891131,-0.33439228,-0.5582653,0.89036644,-0.8693658,-0.5838977,0.7713811,1.025537,-1.713048,1
0.877206,1.2370807,-0.5128226,-0.34380466,1.046356,-0.80733895,-0.7522572,0.54831845,1.149029,-1.544501,1
0.999737,0.96249735,-0.2903255,-0.13346271,1.0360987,-0.91810465,-0.88377416,0.5927366,1.1410147,-1.6190424,1
0.79973704,1.1624974,-0.09032549,0.06653729,0.83609873,-0.8701081,-0.6837742,0.3927366,0.9410147,-1.8190424,1
0.9642364,0.92831916,0.10577997,-0.12872346,0.99930686,-0.6463126,-0.85239136,0.18589254,1.1004972,-1.9473463,1
0.675483,0.9972835,0.27026868,0.06299896,1.0600272,-0.7480274,-0.9301736,-0.012469117,1.149466,-1.8979676,1
0.875483,0.79728353,0.46132213,0.03621243,1.2600273,-0.9480274,-0.80153114,0.1813101,0.94946605,-1.6979675,1
1.0494524,0.660442,0.25499722,-0.15982333,1.4246895,-1.0188497,-0.58697194,0.016157404,0.73132634,-1.8505318,1
1.1956003,0.8233564,0.052626804,0.038445033,1.5546644,-0.78355676,-0.75305295,-0.040667064,0.8911856,-1.5793928,1
0.9956003,0.71659803,0.2526268,0.23844504,1.6494257,-0.8325614,-0.55305296,0.15933293,1.0911856,-1.3793927,1
0.7995236,0.8538775,0.21007113,0.40844333,1.7228742,-0.5892768,-0.7015234,-0.037884325,1.202833,-1.4713188,1
0.7071715,0.7023339,0.010071129,0.6084433,1.594423,-0.3892768,-0.50152344,0.16211568,1.0248196,-1.6713189,1
0.7124869,0.86085564,0.08113394,0.771281,1.7119375,-0.56218904,-0.66927594,0.34547004,1.1685175,-1.4036856,1
0.51360565,0.93799454,0.24857493,0.85879385,1.69051,-0.56541467,-0.4149276,0.48229742,1.2100251,-1.4179577,1
0.4688423,0.6988781,0.4247988,0.6238753,1.790306,-0.34604633,-0.58233416,0.2673346,1.2802029,-1.5322,1
0.6643298,0.63434184,0.6205834,0.42101556,1.5795766,-0.14506099,-0.777056,0.46418166,1.1394504,-1.7205133,1
0.8643298,0.43434185,0.51069355,0.22101556,1.3795766,-0.345061,-0.97705597,0.26418167,0.93945044,-1.5205133,1
0.9831834,0.58597845,0.6565089,0.1876667,1.4591467,-0.5035045,-1.0116097,0.42879158,1.0525767,-1.5893382,1
1.079561,0.43860587,0.814945,0.36885434,1.3721372,-0.28877634,-0.7722246,0.5982781,1.0114512,-1.7025068,1
0.8267732,0.6002793,0.95403206,0.5347139,1.4777838,-0.21491374,-0.63082457,0.7503686,0.76275116,-1.7283518,1
0.92875606,0.7238835,1.0438666,0.6645771,1.1558048,-0.3753055,-0.7515129,0.85964507,0.50903016,-1.7442688,1
1.128756,0.5238835,0.84386665,0.8645771,0.95580477,-0.3275807,-0.9515129,0.81279236,0.70903015,-1.5442687,1
0.8942378,0.6969796,0.61993665,0.9636214,1.1128479,-0.12283901,-0.7814443,0.97515076,0.87524503,-1.6794411,1
1.0576164,0.48034692,0.40588242,0.7380649,1.2689102,-0.12813821,-0.9485978,1.1358213,1.0392592,-1.4299278,1
0.84357375,0.27575654,0.43400612,0.5292546,1.4448583,-0.12767114,-0.8134105,1.3139486,0.8255172,-1.6032394,1
0.64357376,0.075756535,0.6089709,0.32925463,1.2448583,-0.32767114,-1.0134106,1.4530221,0.6255172,-1.6679728,1
0.783158,0.2560072,0.75103337,0.11999756,1.3413793,-0.48988,-0.7551551,1.2438833,0.76057166,-1.734191,1
0.91484684,0.42432317,0.6848883,0.29776368,1.4342822,-0.26973873,-0.57522756,1.2054405,0.52162236,-1.7998008,1
0.77225757,0.491263,0.8848883,0.37182322,1.2342821,-0.072777316,-0.37522757,1.4054406,0.57395035,-1.5998007,1
0.5619481,0.6119449,0.6725498,0.16872776,1.4084431,-0.26786312,-0.17207077,1.5765179,0.36721352,-1.7673767,1
0.3424523,0.7682106,0.77498007,0.08280298,1.5218065,-0.44266233,-0.3520297,1.6808282,0.15820679,-1.482952,1
0.42452022,0.54637706,0.9375164,0.27193627,1.273928,-0.46745616,-0.15954955,1.7987841,-0.040187303,-1.5697979,1
0.62452024,0.44196668,0.7375164,0.071936265,1.073928,-0.26745617,-0.30958736,1.5987841,-0.2401873,-1.7697979,1
0.82452023,0.6419667,0.7422717,0.14918819,1.0158393,-0.46745616,-0.10958736,1.398784,-0.0401873,-1.5697979,1
0.97233415,0.813613,0.8355428,-0.049100697,1.1748953,-0.6449792,0.08736795,1.3818094,-0.23209886,-1.710199,1
1.1723342,0.613613,0.6355428,0.1508993,1.0821989,-0.84497917,0.26094338,1.3122964,-0.43209887,-1.510199,1
1.3069639,0.7592668,0.41479602,0.21271741,1.2211221,-0.9952023,0.43898666,1.0593128,-0.22104298,-1.6287347,1
1.4128543,0.8993608,0.5764021,0.011923211,1.3323734,-1.0626898,0.59908205,0.8056489,-0.39474893,-1.3395104,1
1.4615235,1.0658485,0.73705685,-0.07675525,1.4856614,-0.9612877,0.38691667,0.58718663,-0.5766189,-1.1047741,1
1.6249311,0.8541704,0.92441833,0.12158249,1.5198963,-0.86048764,0.18439563,0.7765695,-0.5257295,-0.89257103,1
1.5927843,0.5709543,0.9813827,-0.06844213,1.5011107,-0.9255845,0.3354972,0.8523415,-0.5575314,-0.9535866,1
1.6584331,0.713179,0.72282594,0.12169894,1.2580763,-1.013761,0.12534304,0.97347903,-0.70076203,-1.0671369,1
1.6195154,0.88797444,0.89735514,0.31281975,1.4178321,-0.79130054,-0.07259636,0.7521303,-0.8759002,-0.8432031,1
1.411386,1.0616055,1.0707587,0.11008535,1.1883157,-0.96727455,0.12431579,0.9290537,-1.0498239,-0.62761396,1
1.4551494,1.1392828,0.92296916,-0.08119671,1.0995575,-1.0540981,0.095201366,0.9261805,-1.1286436,-0.5150246,1
1.2551494,0.93928283,0.7229692,0.11880329,0.89955753,-0.85409814,-0.10479864,1.1261805,-1.3286437,-0.7150246,1
1.0395716,1.1055973,0.51524836,0.31409666,0.74323374,-1.038536,-0.30029875,1.3066015,-1.5060756,-0.7976231,1
0.74607724,1.1602064,0.63559854,0.45684704,0.83819556,-1.100613,-0.44458565,1.3388269,-1.5160877,-0.531072,1
0.92685187,0.940694,0.4267467,0.6434992,1.0170983,-0.8823115,-0.63148695,1.5075562,-1.2893432,-0.7162158,1
1.1050862,1.0846695,0.22236696,0.43493277,0.8013156,-1.0614061,-0.81542635,1.3282536,-1.16553,-0.89851856,1
1.0729605,0.8846695,0.42236698,0.63493276,0.6013156,-0.86140615,-0.61542636,1.4408202,-0.96553,-1.0693482,1
0.8729605,0.6846695,0.62236696,0.43493277,0.40131563,-1.0614061,-0.81542635,1.6408203,-1.16553,-0.8693482,1
0.9254449,0.8389445,0.77986217,0.22279005,0.5702361,-1.1962092,-0.96294314,1.36635,-1.180893,-0.9149532,1
0.9503325,0.877291,0.81462175,0.3570065,0.650392,-1.1789676,-0.98199624,1.3226355,-1.1660345,-0.8061482,1
0.7798083,0.6718471,1.0064664,0.5525294,0.8435567,-1.3678838,-0.7757107,1.1136119,-1.3550546,-0.6012761,1
0.5798083,0.8718471,1.0827347,0.7525294,0.6435567,-1.5678838,-0.5757107,0.91361195,-1.3329216,-0.4012761,1
0.7069546,0.60907966,1.1628951,0.86353916,0.76474726,-1.6027191,-0.7032398,0.6469427,-1.3897083,-0.18247186,1
0.49146712,0.7843622,1.3212585,0.643268,0.54749423,-1.747646,-0.52770597,0.8210685,-1.2408029,-0.37078732,1
0.67949295,0.5742428,1.1018416,0.8286651,0.6708108,-1.9139185,-0.32203108,0.9822405,-1.0227792,-0.28310025,1
0.8207356,0.34924027,1.214868,0.72503144,0.81263345,-1.9726914,-0.1138784,0.96180725,-0.7678108,-0.3512704,1
0.9657182,0.4164702,1.338607,0.87517244,0.95805275,-1.6771437,-0.29696044,1.0991862,-0.53720593,-0.14311697,1
1.0755357,0.45803988,1.419577,0.99199474,0.6994082,-1.6100677,-0.08945937,1.1078684,-0.4659258,-0.3165727,1
1.2755357,0.65803987,1.3463478,0.79199475,0.4994082,-1.4100677,0.110540636,0.90786844,-0.35073066,-0.5165727,1
1.0755357,0.45803988,1.1463478,0.59199476,0.3943097,-1.6100677,-0.08945937,0.8031118,-0.15073065,-0.7165727,1
1.1493646,0.65803987,1.3463478,0.79199475,0.5943097,-1.8100678,-0.28945938,0.7469709,-0.35073066,-0.5165727,1
1.2720774,0.80889416,1.0806887,0.93517655,0.37172493,-1.8949376,-0.46142477,0.62013197,-0.5191866,-0.2984405,1
1.4720775,0.60889417,0.8806887,1.0808426,0.57172495,-1.6949376,-0.66142476,0.52697754,-0.31918663,-0.4984405,1
1.6379203,0.79237,0.6667836,0.8628487,0.36413133,-1.8562278,-0.5811801,0.32029805,-0.11675187,-0.6841727,1
1.7103859,0.92873174,0.5348571,0.884479,0.52795494,-1.5500178,-0.7310849,0.4869326,0.07790963,-0.82747287,1
1.8980349,0.8189992,0.33269218,1.0774676,0.72324854,-1.3412896,-0.5276513,0.6824915,0.008878851,-0.6234161,1
2.0438948,0.85672754,0.5326922,0.8774676,0.9000281,-1.1412896,-0.32765132,0.6063562,-0.03426346,-0.42341614,1
1.9215511,0.8285737,0.3263771,1.0570153,1.0791476,-1.3158295,-0.5176355,0.39864284,0.16259056,-0.2191753,1
2.10122,0.62255,0.125166,0.84880245,1.0333714,-1.5013032,-0.3145916,0.19673921,-0.03705094,-0.018991532,1
1.9971999,0.4212779,0.32418704,0.9658096,0.8308625,-1.6961813,-0.1142466,0.3955448,0.16245848,0.18046354,1
1.7551209,0.6067316,0.25406718,1.1385138,0.769684,-1.851785,0.083745606,0.19096638,0.35397202,-0.019079046,1
1.6760144,0.38572806,0.43061924,1.195437,0.9196097,-1.8344032,0.26909304,0.28296918,0.14602093,-0.20776585,1
1.7373161,0.17199673,0.3654656,1.2922689,0.6664072,-1.8839947,0.06398482,0.07683506,-0.049988262,-0.37761873,1
1.765734,0.3390501,0.15081082,1.3601032,0.42509896,-1.8994216,-0.12396873,-0.1122566,-0.22784756,-0.16188757,1
1.8318305,0.12957819,0.326914,1.0810784,0.5825179,-1.9564114,0.070852116,-0.29098606,-0.3068779,0.03551626,1
1.8371274,-0.005197526,0.12112981,0.8409226,0.74685407,-2.0581315,0.25850785,-0.0868393,-0.10200687,-0.15698728,1
1.8903171,0.1912406,0.3152581,0.8037618,0.5368551,-2.0013287,0.3425752,-0.28159457,-0.24724486,-0.30560407,1
1.9158355,-0.00802825,0.47224882,0.9199765,0.30873737,-2.017581,0.13067426,-0.09485525,-0.043301273,-0.25736025,1
1.7158355,0.10404794,0.67224884,0.7199765,0.108737364,-1.9808592,0.33067426,0.105144754,-0.03377094,-0.19388181,1
1.9158355,0.30404794,0.47224885,0.5199765,0.15985395,-1.7827195,0.13067426,0.30514476,0.16622907,-0.3938818,1
2.061235,0.10136292,0.26522332,0.70139706,0.3505677,-1.9315543,0.066672474,0.4921092,0.2065043,-0.18887857,1
1.9862689,0.26471722,0.36273643,0.7917872,0.48361868,-1.8723574,-0.015084207,0.6079488,0.005713375,-0.34159097,1
2.1862688,0.06471722,0.16273643,0.69392115,0.2836187,-1.6723573,-0.1164873,0.5878508,0.20571338,-0.14159097,1
2.2788007,-0.12919018,-0.035585366,0.4716769,0.34096006,-1.7880337,-0.098425254,0.37038353,0.0054560653,-0.32620704,1
2.1212602,-0.3291902,0.16441464,0.2716769,0.3972239,-1.9880338,0.10157475,0.17038353,0.20545606,-0.12620704,1
2.1263015,-0.11833973,0.11010264,0.43206158,0.23981646,-2.0042646,0.27624604,0.33927566,0.004997815,0.0018695637,1
1.9263015,-0.31833974,-0.089897364,0.6320616,0.43981647,-1.8042645,0.36142686,0.53927565,-0.19500218,-0.0943509,1
1.7263014,-0.11833973,0.11010264,0.48580807,0.23981647,-2.0042646,0.5614269,0.33927566,-0.3950022,0.062960275,1
1.5263014,0.08166027,-0.089897364,0.2858081,0.03981647,-1.9617485,0.3614269,0.53927565,-0.19500218,0.26296028,1
1.3263013,-0.11833973,0.11010264,0.48580807,0.23981647,-2.1617484,0.27275488,0.73927563,0.0049978197,0.4629603,1
1.5263014,0.08166027,-0.089897364,0.68580806,0.43981647,-1.9617484,0.072754875,0.53927565,0.20499782,0.2629603,1
1.6864169,-0.11833973,-0.28989738,0.48580807,0.23981647,-1.8339176,-0.12724513,0.33927566,0.12694566,0.4629603,1
1.4864168,-0.31833974,-0.48989737,0.68580806,0.43981647,-1.926822,-0.32724512,0.13927566,0.32694566,0.2629603,1
1.2864168,-0.51833975,-0.28989738,0.48580807,0.63981646,-2.126822,-0.5272451,0.33927566,0.12694566,0.4410782,1
1.4595164,-0.70533955,-0.48103145,0.67339665,0.4318569,-2.2847123,-0.3213228,0.13675511,0.32102877,0.23671527,1
1.5313891,-0.8354404,-0.62845063,0.65465856,0.5830727,-2.0652208,-0.4810727,0.31075504,0.194525,0.40299752,1
1.3313891,-0.84267646,-0.8284506,0.85465854,0.38307273,-2.0554497,-0.30486965,0.51075506,0.394525,0.20299752,1
1.1415963,-0.9807553,-0.96737427,0.86344385,0.54844594,-1.9506503,-0.3054624,0.6685456,0.5359741,0.34665394,1
1.3252896,-1.1664037,-1.1531851,0.6553799,0.59865,-1.7293717,-0.10418052,0.46285057,0.72702855,0.1448714,1
1.1252896,-1.0951381,-0.95318514,0.4553799,0.39865,-1.5617964,0.09581948,0.26285058,0.92702854,0.3448714,1
1.3252896,-1.2951381,-1.1531851,0.25537992,0.318977,-1.6147609,0.2958195,0.46285057,0.72702855,0.1448714,1
1.2406784,-1.4951382,-0.95318514,0.18646334,0.118976995,-1.4147608,0.09581949,0.33057725,0.92702854,-0.055128604,1
1.4265615,-1.2824472,-1.1418852,0.38267642,0.14122698,-1.598938,-0.10315966,0.12929773,1.1159849,0.14345182,1
1.1609468,-1.4031442,-1.2701014,0.1729042,0.32297316,-1.7027044,-0.2869422,0.31168205,0.8669846,0.32507896,1
0.95331013,-1.1935827,-1.0615972,0.1799516,0.51881707,-1.8875835,-0.48307246,0.5076156,1.0585052,0.25215188,1
0.67411673,-1.2470791,-0.9622788,0.34000832,0.64324975,-1.8681216,-0.6112629,0.6332259,1.126202,0.04666929,1
0.8741167,-1.4470792,-0.7622788,0.50755316,0.84324974,-1.6681216,-0.41126293,0.43322593,0.97782856,-0.037594527,1
1.0081115,-1.545865,-0.8983615,0.28865382,0.6037216,-1.7533242,-0.57370037,0.59431374,0.7300305,-0.22299418,1
0.8081115,-1.345865,-1.0983615,0.08865382,0.8037216,-1.5533241,-0.5485775,0.39431375,0.5300305,-0.022994176,1
0.9824976,-1.5065881,-1.265373,0.040968105,0.7636451,-1.7087761,-0.3397209,0.57921356,0.40105295,-0.21732838,1
0.9093934,-1.6425717,-1.0254093,0.23192906,0.65554535,-1.8371754,-0.13447978,0.36498874,0.57850665,-0.2806838,1
0.7793318,-1.8425717,-0.82540935,0.43192905,0.7675114,-1.6371753,-0.33447978,0.56498873,0.37850666,-0.08068378,1
0.9793318,-1.6425717,-0.62540936,0.23192905,0.9675114,-1.4371753,-0.13447978,0.6201142,0.3987562,-0.2019783,1
1.1793318,-1.4425716,-0.42540938,0.43192905,1.1675115,-1.6371753,0.06552023,0.8201142,0.1987562,-0.001978293,1
0.9793318,-1.3017867,-0.36838236,0.23192905,1.3675115,-1.751028,-0.13447978,0.6201142,0.3987562,-0.11495498,1
1.1625346,-1.4803969,-0.1659841,0.03147428,1.5451856,-1.5289367,0.06458703,0.80843335,0.19592533,0.08383373,1
1.1922061,-1.5443425,0.03126179,0.21273282,1.5356797,-1.5107162,-0.12444918,0.65061384,-0.003744769,0.26085296,1
1.0573692,-1.5730942,-0.15217258,0.3722134,1.5652819,-1.5427692,0.068133734,0.61154366,-0.18374242,0.05487881,1
1.1791061,-1.6627306,0.044850472,0.4227312,1.6554044,-1.2591904,0.23191628,0.3859277,-0.35985693,0.078586176,1
1.3517971,-1.7915671,0.24000195,0.42905536,1.4265845,-1.0382164,0.4233635,0.5743252,-0.15669145,0.27306962,1
1.1701162,-1.9310621,0.42663443,0.22209652,1.1893201,-1.2005986,0.6044253,0.48689744,0.041992817,0.45869747,1
0.9529898,-2.0934403,0.61557186,0.41464487,0.9718547,-1.3758726,0.3972856,0.28183255,0.13814563,0.25413042,1
1.1462301,-1.8823394,0.46664882,0.6110413,0.76732945,-1.5666336,0.59378386,0.31452805,-0.061491735,0.2310801,1
1.2746593,-1.5928996,0.6312071,0.7679231,0.9159024,-1.6727124,0.37284875,0.10843928,-0.24758981,0.029427756,1
1.4292574,-1.6134285,0.80561584,0.55043787,1.081546,-1.4720505,0.16752706,-0.08874174,-0.04612461,-0.16532066,1
1.2292573,-1.8134285,0.6818706,0.75043786,0.88154596,-1.4818128,-0.03247294,0.11125826,-0.24612461,-0.22572553,1
1.3070657,-1.8607539,0.45004162,0.88765866,1.0101067,-1.1971453,-0.21711743,-0.07995852,-0.4166568,-0.39760512,1
1.3921297,-1.8000591,0.6004663,0.74350744,0.74832404,-1.2905923,-0.015811969,-0.23091154,-0.5696275,-0.55202883,1
1.5849271,-1.5928205,0.39865467,0.5410487,0.9440339,-1.3357284,0.1833548,-0.2837168,-0.7661458,-0.3504363,1
1.652094,-1.2891676,0.43676168,0.68590033,1.0547392,-1.4214405,-0.015406482,-0.4477189,-0.7709519,-0.13924092,1
1.8178116,-1.461603,0.2323792,0.79706657,0.8389179,-1.1988314,0.18117668,-0.5208288,-0.56038356,-0.33296153,1
1.9711659,-1.5060081,0.4223839,0.97401744,0.6241481,-0.9757415,0.37236503,-0.31341222,-0.3520526,-0.12988786,1
1.7505043,-1.6861067,0.21978968,0.7649881,0.81453395,-1.1620259,0.56568813,-0.31322128,-0.15027882,0.069294244,1
1.4786309,-1.7986767,0.40033042,0.9202563,0.7829041,-1.2988895,0.4559136,-0.10797293,0.047416367,0.22239499,1
1.4832727,-1.7660718,0.53046423,0.63643324,0.8685142,-1.3244495,0.5795787,0.08131701,-0.06434044,0.37323686,1
1.6400346,-1.5258441,0.32197562,0.73033667,0.6513421,-1.4852911,0.7595537,-0.11563439,0.13217488,0.32699507,1
1.7338938,-1.325844,0.121975616,0.5303367,0.6329591,-1.4251366,0.95955366,0.084365614,0.30616993,0.52699506,1
1.5338937,-1.3037088,0.19474393,0.5352672,0.53902596,-1.2251365,1.1595536,-0.11563439,0.5061699,0.37867534,1
1.6133232,-1.1473783,0.39474392,0.73526716,0.73902595,-1.0251365,0.95955366,-0.3156344,0.7061699,0.17867534,1
1.4133232,-0.94737834,0.5947439,0.5352672,0.53902596,-1.2251365,1.1595536,-0.5156344,0.5061699,-0.021324664,1
1.2133231,-0.74737835,0.7947439,0.3352672,0.73902595,-1.4251366,1.3595537,-0.7156344,0.6618403,0.17867534,1
1.4133232,-0.54737836,0.9947439,0.5352672,0.83949274,-1.2251365,1.1595536,-0.5156344,0.8618403,0.37867534,1
1.6133232,-0.34737837,0.7947439,0.73526716,1.0004393,-1.4251366,0.95955366,-0.31563443,0.6618403,0.17867534,1
1.7692031,-0.53406006,0.58027315,0.91251105,0.7809637,-1.1953276,1.1313404,-0.5030885,0.8408708,0.36946175,1
1.9692031,-0.33406007,0.38027316,0.71251106,0.58096373,-0.99532765,1.3313404,-0.3030885,0.84189105,0.4196667,1
2.124007,-0.24861598,0.17651711,0.8934986,0.5623942,-1.1704227,1.1077685,-0.4926065,0.6285171,0.21508989,1
1.9240069,-0.048615977,-0.023482889,1.0934986,0.60514534,-1.3704227,1.029543,-0.29260647,0.8285171,0.015089884,1
1.651912,0.14505342,0.16913548,1.2394068,0.7714756,-1.5047505,0.79485303,-0.47200656,0.9855064,-0.012560922,1
1.6159887,0.11867482,0.121679485,1.1489369,0.8644844,-1.5170019,0.8852872,-0.24204977,1.0549436,-0.18915103,1
1.4159887,-0.08132518,0.20091607,1.2534968,0.66448444,-1.3170018,1.0852872,-0.44204977,1.2395401,0.010848969,1
1.3460115,-0.2602245,0.00084735476,1.3444778,0.7996441,-1.4032197,0.8188866,-0.47978938,1.331568,-0.17496383,1
1.3559377,-0.40364236,0.17615426,1.3327695,0.8767432,-1.4061124,0.8867965,-0.24539077,1.2208991,-0.32886404,1
1.5526034,-0.20320594,0.37534815,1.1303419,0.6752929,-1.3105528,0.68532467,-0.44443628,1.4178541,-0.52773064,1
1.5810008,-0.40125233,0.17449856,1.068241,0.47299007,-1.105172,0.48297322,-0.6413139,1.6100154,-0.69715375,1
1.3029673,-0.29425815,-0.024060486,1.1393567,0.25756475,-1.2314234,0.26698384,-0.7937755,1.7077405,-0.8464601,1
1.4988732,-0.4929118,0.17546025,1.3357083,0.45631835,-1.2064929,0.06680137,-0.592158,1.5036334,-0.6446991,1
1.6041437,-0.2805863,0.35966125,1.0879186,0.6287011,-1.347309,-0.00015038514,-0.7588247,1.4378055,-0.4259866,1
1.7132827,-0.076527774,0.53147537,0.9464707,0.78696567,-1.0895276,0.1897847,-0.53068095,1.5553217,-0.58093333,1
1.431296,-0.08198633,0.65252185,1.0843571,0.93349385,-1.2196636,-0.009661853,-0.31276533,1.6602219,-0.36029515,1
1.4926615,0.107984364,0.41406462,0.8181785,1.0371647,-1.2824879,0.16795516,-0.10318205,1.7021323,-0.51267886,1
1.1946195,0.2846253,0.19782889,0.9409547,1.143332,-1.3700486,0.3400476,0.08057381,1.7578652,-0.41338202,1
1.3946196,0.08462529,0.39782888,0.7409547,1.343332,-1.1700486,0.5400476,-0.07945761,1.5578651,-0.61338204,1
1.4865353,-0.08669806,0.55730766,0.8771762,1.0658363,-0.9042981,0.6898867,0.11237195,1.638716,-0.7582505,1
1.4086796,0.11330194,0.35730767,0.67717624,0.8658363,-0.70429814,0.634736,-0.08762805,1.4387159,-0.5582505,1
1.6086797,0.31330195,0.15730767,0.8771762,0.66583633,-0.9042981,0.434736,0.08970639,1.5520484,-0.3582505,1
1.8086797,0.11330195,0.35730767,1.0771762,0.46583635,-0.70429814,0.634736,-0.11029361,1.3520484,-0.44668436,1
1.785133,0.29494384,0.5246519,1.2023394,0.6268213,-0.85131025,0.7858241,0.08444999,1.3756872,-0.6087915,1
1.985133,0.09494384,0.3246519,1.0023394,0.4268213,-0.65131027,0.58582413,0.28445,1.3495929,-0.40879148,1
2.1380754,0.23878314,0.121967465,0.7850607,0.2219366,-0.83297694,0.69076574,0.42366606,1.5162219,-0.20429507,1
1.9845012,0.3933899,-0.06995988,0.8831537,0.3225953,-0.92611295,0.61005133,0.5378889,1.5386745,-0.36246976,1
1.7845012,0.5933899,0.13004012,0.84121674,0.12384978,-1.1261129,0.5632465,0.7378889,1.3386744,-0.5624698,1
1.5845011,0.7933899,0.33004013,0.64121675,-0.07615022,-1.326113,0.3632465,0.6840452,1.4362907,-0.3624698,1
1.4755688,0.823415,0.53004014,0.44121677,-0.18598998,-1.1261129,0.1632465,0.4840452,1.6362908,-0.5624698,1
1.2605376,1.0113552,0.60139793,0.63366073,-0.08900644,-1.259914,0.28331116,0.29787138,1.8146523,-0.75348496,1
1.4555972,1.2072576,0.494979,0.43219382,-0.28802884,-1.0563287,0.08302934,0.49618727,1.6239123,-0.9502596,1
1.6555972,1.0072576,0.5204561,0.44649923,-0.48802882,-1.1697586,-0.116970666,0.69618726,1.4239123,-0.75025964,1
1.7046684,1.1090628,0.66185623,0.55463785,-0.63206655,-1.1499072,0.076275975,0.823294,1.1243628,-0.6699184,1
1.4540967,0.87850934,0.44633332,0.7292746,-0.58648753,-1.304537,-0.11956568,0.9889012,1.2798512,-0.84068054,1
1.6540967,0.67850935,0.64633334,0.5292746,-0.38648754,-1.104537,-0.1396388,0.7889012,1.4798512,-0.64068055,1
1.4200076,0.85791403,0.82649237,0.7121779,-0.18211563,-1.2739542,0.058946133,0.57509536,1.6404698,-0.6130242,1
1.6115563,0.78239983,0.6264924,0.54913217,0.017884374,-1.0739541,-0.14105387,0.37509537,1.4404697,-0.4130242,1
1.5642625,0.58239985,0.61439335,0.74913216,0.21788438,-0.8739541,-0.34105387,0.17509536,1.2404697,-0.33378157,1
1.7642626,0.7208263,0.81439334,0.8568868,0.017884374,-1.0739541,-0.14105387,-0.024904639,1.0404696,-0.5337816,1
1.5642625,0.9208263,0.7428958,0.6568868,-0.18211563,-1.2739542,-0.19743615,0.17509536,0.84046966,-0.47585732,1
1.7642626,0.7208263,0.94289577,0.8568868,0.017884374,-1.0739541,0.002563849,-0.024904639,0.6404697,-0.6758573,1
1.9642626,0.66161174,1.116463,0.73489064,-0.06191452,-1.2739542,-0.19743615,-0.19285375,0.84046966,-0.47585732,1
1.7642626,0.8616117,1.316463,0.9348906,-0.26191452,-1.0739541,-0.39743614,-0.39285374,0.6404697,-0.6758573,1
1.93022,0.65014535,1.4901812,0.79560477,-0.18713038,-0.8588076,-0.19401437,-0.18951139,0.6411272,-0.8606778,1
1.6207558,0.79636,1.5832502,0.9326168,-0.3229764,-0.6171275,-0.36908662,-0.36486855,0.7879124,-0.9935729,1
1.7226942,0.56424147,1.6872085,0.710184,-0.116353184,-0.77311885,-0.53843695,-0.15598911,0.93470573,-0.7508329,1
1.9226942,0.4949292,1.4872085,0.91018397,-0.3163532,-0.57311887,-0.69441867,-0.3559891,0.73470575,-0.5508329,1
1.7226942,0.2949292,1.2872084,1.110184,-0.1163532,-0.37311888,-0.89441866,-0.1559891,0.53470576,-0.35083294,1
1.8583381,0.4949292,1.4872085,0.91018397,-0.3163532,-0.2992522,-1.0944186,-0.3559891,0.73470575,-0.15083294,1
1.6203853,0.36268634,1.648595,0.6939307,-0.5045359,-0.23990984,-1.2647946,-0.5432647,0.91331404,0.048041828,1
1.7208223,0.48278004,1.7474892,0.78572303,-0.66600245,-0.25088543,-1.0065573,-0.3244904,0.67430055,0.2344756,1
1.6511394,0.64437187,1.837938,0.77838737,-0.4397886,-0.048022985,-1.1386853,-0.11748749,0.44761992,0.41003522,1
1.6237768,0.7406635,1.7876321,0.8440124,-0.56120783,0.13331074,-1.174264,-0.2784927,0.2539845,0.23042002,1
1.4237767,0.9406635,1.7436161,0.6440124,-0.7612078,-0.06668927,-0.97426397,-0.47849268,0.4477123,0.2586291,1
1.4609953,0.727491,1.9090495,0.63968253,-0.5512269,-0.2619463,-1.15338,-0.27353978,0.5496211,0.45047253,1
1.4999198,0.83754724,1.9045237,0.75546956,-0.67837644,-0.36314806,-0.86092573,-0.06640823,0.42142203,0.5792577,1
1.5457808,0.57973814,1.9136975,0.868833,-0.79873025,-0.14835472,-0.6009968,0.12147843,0.56507504,0.7085991,1
1.3457807,0.7797381,1.7136974,0.86364996,-0.75891274,-0.34835473,-0.8009968,-0.07852157,0.765075,0.5085991,1
1.1047412,0.94464594,1.8451529,1.0255523,-0.92456645,-0.5287138,-0.9159622,-0.2685455,0.5448352,0.29754573,1
0.9047412,0.74464595,1.6922469,0.8255523,-0.72456646,-0.32871383,-0.71596223,-0.42752564,0.7448352,0.09754573,1
0.70474124,0.54464597,1.892247,1.0255523,-0.5245665,-0.5287138,-0.51596224,-0.6275256,0.5448352,0.29754573,1
0.58018285,0.74464595,1.7507406,1.2255523,-0.32456648,-0.32871383,-0.31596226,-0.42752564,0.34483522,0.09754573,1
0.55125785,0.54464597,1.7174354,1.0255523,-0.28796133,-0.5287138,-0.51596224,-0.22752564,0.14483522,-0.102454275,1
0.35125786,0.74464595,1.5174353,1.2255523,-0.125936,-0.32871383,-0.71596223,-0.027525634,0.34483522,-0.20564342,1
0.15125786,0.94464594,1.3174353,1.0468206,0.074064,-0.12871383,-0.9159622,0.17247437,0.14483522,-0.0056434125,1
-0.048742145,0.74464595,1.1174352,1.2468207,-0.125936,-0.0077934116,-0.71596223,-0.027525634,-0.055164784,-0.20564342,1
-0.18806358,0.54464597,1.3174353,1.4468207,-0.32593602,0.19220659,-0.7106735,0.17247437,0.14483522,-0.24771814,1
-0.301995,0.74464595,1.5174353,1.3224009,-0.12593602,0.3922066,-0.9106735,-0.027525634,-0.055164784,-0.047718138,1
-0.101995006,0.94464594,1.7174354,1.522401,0.07406399,0.5922066,-1.1106735,0.17247437,-0.096249744,-0.24771814,1
0.098005,1.1446459,1.5174353,1.5177176,0.274064,0.7732991,-1.3106736,-0.027525634,-0.29624975,-0.29190096,1
0.258928,0.92797315,1.6170195,1.6874003,0.07275679,0.9561206,-1.0910704,0.16943024,-0.48749104,-0.48321903,1
0.35508242,1.0259062,1.2887975,1.7166151,-0.115729354,1.0515066,-1.1742452,0.33600157,-0.625282,-0.4603033,1
0.55508244,0.8259062,1.0887975,1.516615,-0.16653545,1.2515067,-1.3277134,0.32775906,-0.425282,-0.26030332,1
0.35508245,1.0259062,1.0847911,1.316615,-0.091291726,1.0515066,-1.1277133,0.5277591,-0.625282,-0.060303316,1
0.4123581,1.1480663,0.8847911,1.1166149,-0.2912917,1.2515067,-1.3277134,0.4876823,-0.825282,-0.15849727,1
0.49712685,1.3189957,0.6847911,1.316615,-0.09233911,1.319669,-1.1277133,0.2876823,-1.025282,-0.35849726,1
0.28962573,1.0907462,0.47255233,1.4783274,0.10494295,1.4813044,-1.2351207,0.47537053,-1.0622804,-0.48209688,1
0.48170885,0.8763434,0.66167766,1.4661518,-0.093520045,1.6541189,-1.0183834,0.6644502,-1.0545526,-0.27753556,1
0.28170884,0.72937554,0.86167765,1.6661519,-0.29352003,1.4541188,-0.91039795,0.8644502,-0.9943097,-0.12424658,1
0.47093815,0.9085953,0.646883,1.824426,-0.09142899,1.2260776,-0.694514,0.86482304,-1.1676058,-0.31699666,1
0.67093813,0.70859534,0.73813033,1.624426,-0.29142898,1.1571345,-0.5067953,0.811175,-0.96760577,-0.5169967,1
0.8709381,0.50859535,0.90308493,1.5329032,-0.49142897,0.95713454,-0.3067953,0.78766274,-0.7676058,-0.71699667,1
0.966463,0.30859536,0.9854161,1.7329032,-0.29142898,1.0616012,-0.5067953,0.6840051,-0.96760577,-0.5169967,1
1.166463,0.10859536,0.9068411,1.9329033,-0.18520322,0.8616012,-0.7067953,0.88400507,-0.8818735,-0.3356955,1
0.966463,0.30859536,0.7068411,1.9798076,0.014796779,0.6616012,-0.5067953,0.6840051,-1.0818735,-0.1356955,1
0.76646304,0.16746293,0.75444824,1.9321822,0.21479678,0.8616012,-0.654521,0.51703465,-0.88187355,-0.3356955,1
0.966463,0.19035389,0.9544482,1.7321821,0.21233039,0.8716514,-0.8287899,0.31703466,-0.68187356,-0.1356955,1
0.83038056,-0.009646118,1.1093123,1.5321821,0.012330383,0.8492737,-0.6287899,0.32349402,-0.48187357,0.0643045,1
1.0303806,0.19035389,0.9093123,1.7321821,0.21233039,0.6492737,-0.8287899,0.123494014,-0.28187358,-0.1356955,1
0.8303806,0.3903539,1.1093123,1.9321822,0.012330383,0.4492737,-0.6287899,0.32349402,-0.48187357,-0.3356955,1
1.0303806,0.19035389,0.9093123,2.0654428,-0.18766962,0.6040556,-0.4287899,0.523494,-0.28187358,-0.5356955,1
1.2303807,0.09043071,0.7093123,1.8654428,-0.38766962,0.47270972,-0.6287899,0.369116,-0.08187358,-0.7356955,1
1.3297601,0.246151,0.9093123,2.0654428,-0.48571143,0.27270973,-0.55858517,0.569116,-0.046945818,-0.5356955,1
1.4998606,0.2426926,1.1093123,1.8654428,-0.2857114,0.2546032,-0.35858518,0.369116,0.15305418,-0.3356955,1
1.5186479,0.0426926,0.9093123,1.6654427,-0.085711405,0.4546032,-0.45736432,0.569116,0.35305417,-0.5356955,1
1.3186479,0.06384515,1.1093123,1.612993,-0.2857114,0.2546032,-0.25736433,0.769116,0.36484694,-0.7356955,1
1.5186479,-0.13615486,0.9093123,1.812993,-0.4857114,0.4546032,-0.05736433,0.92339724,0.16484694,-0.93569547,1
1.3186479,-0.33615488,0.7093123,1.612993,-0.2857114,0.2546032,-0.25736433,1.1233972,0.36484694,-1.1356955,1
1.1186478,-0.13615488,0.50931233,1.412993,-0.4857114,0.4546032,-0.05736433,1.1436411,0.16484694,-1.3055974,1
0.9186478,-0.33615488,0.7093123,1.612993,-0.2857114,0.2546032,-0.25736433,0.9436411,0.31336343,-1.1055974,1
0.71864784,-0.53615487,0.9093123,1.412993,-0.085711405,0.4546032,-0.30162933,1.1436411,0.5133634,-1.3055974,1
0.7126518,-0.33615488,1.1093123,1.612993,0.1142886,0.6546032,-0.50162935,1.0183066,0.31336343,-1.1055974,1
0.9126518,-0.13615488,0.9093123,1.412993,0.31428862,0.8546032,-0.30162936,1.2183067,0.5133634,-1.3055974,1
0.7126518,-0.075584784,0.7093123,1.4757931,0.29662612,1.0546032,-0.14497395,1.0710789,0.7133634,-1.5055975,1
0.8968381,-0.27080968,0.56341434,1.2536873,0.48802105,0.8397954,-0.33899653,1.2490548,0.8975374,-1.6760445,1
0.7005029,-0.068378575,0.35093728,1.3991735,0.27813244,0.6178294,-0.52049124,1.3993046,0.67358893,-1.8116345,1
0.83276474,-0.25995207,0.14619817,1.548963,0.07567925,0.79215133,-0.3716326,1.54909,0.45871928,-1.5610327,1
0.63276476,-0.059952065,-0.053801835,1.3900682,0.27567926,0.59215134,-0.5716326,1.3700206,0.25871927,-1.3610326,1
0.6023008,0.14004794,0.14619817,1.3913437,0.16539139,0.6737105,-0.37163264,1.4390798,0.058719262,-1.4359705,1
0.673424,-0.059952065,0.34619817,1.3965015,-0.034608617,0.8737105,-0.4389799,1.6390798,0.25871927,-1.2359705,1
0.873424,-0.25995207,0.14619817,1.1965015,0.16539139,1.0737106,-0.6389799,1.585352,0.45871925,-1.0359704,1
1.073424,-0.23663718,-0.020403981,0.9965015,0.19092175,1.1288754,-0.8389799,1.785352,0.25871927,-1.2359705,1
1.2299986,-0.42174724,-0.21288791,1.0328366,-0.008768668,1.283559,-1.0035492,1.5312892,0.4430763,-1.0006424,1
1.0299985,-0.22174723,-0.41288793,0.83283657,0.19123134,1.483559,-1.097718,1.3312892,0.24307631,-0.80064243,1
0.8186759,-0.38501275,-0.20998377,0.62420356,0.38589427,1.6605923,-1.2800149,1.4922916,0.042488668,-0.9869919,1
1.0036355,-0.5763752,-0.29006332,0.41794035,0.45431092,1.8331213,-1.2444836,1.2732112,-0.15518573,-0.8006715,1
1.2036356,-0.3763752,-0.4900633,0.407414,0.64619416,1.9445136,-1.0444835,1.0732112,-0.04590234,-0.6006715,1
1.4036356,-0.43744925,-0.29006332,0.607414,0.44619417,1.8491706,-0.84448355,1.1037908,0.15409766,-0.52990896,1
1.5825974,-0.6290865,-0.08888177,0.7968215,0.24296433,2.0222871,-0.6360285,0.89193386,-0.045300145,-0.32558087,1
1.451746,-0.42176136,0.10922128,0.9798042,0.35842496,2.043311,-0.80816793,0.68012154,-0.23755091,-0.5166084,1
1.2517459,-0.22176136,0.30922127,0.7798042,0.55842495,2.2433112,-0.60816795,0.79225844,-0.3386694,-0.31660843,1
1.2083964,-0.08406897,0.50922126,0.57980424,0.35842496,2.043311,-0.40816796,0.9922584,-0.5386694,-0.5166084,1
1.4083965,0.115931034,0.30922127,0.7798042,0.15842496,1.9185994,-0.20816796,0.79225844,-0.33866942,-0.7166084,1
1.6013734,0.3145515,0.108744346,0.9755259,0.3568599,2.1093485,-0.4063857,0.5896723,-0.13806391,-0.5143526,1
1.6982619,0.45608738,0.29107165,1.1082381,0.52498496,1.8000563,-0.19457206,0.744471,-0.18307485,-0.6734627,1
1.7936283,0.6199234,0.4640034,1.2361271,0.4629739,1.51186,0.0051287496,0.8924111,-0.3619595,-0.47726202,1
1.8423262,0.7785026,0.29623944,0.9837841,0.24968901,1.6253805,-0.13571878,0.8856613,-0.15377763,-0.64304817,1
1.7843944,0.50544167,0.4110417,1.0342803,0.39289638,1.5948474,-0.2933198,0.9485497,-0.30909795,-0.7365769,1
1.5843943,0.6803949,0.6110417,1.2342803,0.2466644,1.3948474,-0.4933198,1.1485497,-0.50909793,-0.5365769,1
1.757492,0.47315222,0.798814,1.018687,0.43993026,1.1768332,-0.68286693,1.3282183,-0.30443782,-0.33150253,1
1.5355128,0.6614352,0.9814284,0.98689437,0.23575398,0.95983016,-0.86749953,1.5016179,-0.102619946,-0.52225107,1
1.5821645,0.7853195,0.8068927,1.0820215,0.03259479,1.0573486,-0.60851985,1.5512645,-0.2758807,-0.29377726,1
1.3561954,0.69227785,0.98797446,1.257934,0.22822464,0.84124017,-0.4008443,1.7183605,-0.12264432,-0.48449984,1
1.5394082,0.48696747,0.7794743,1.4422067,0.027920162,1.0052322,-0.5943628,1.5019814,0.07652122,-0.2814308,1
1.6403731,0.5596355,0.95036256,1.2189878,0.16970658,1.1694106,-0.7707529,1.2632841,-0.11980877,-0.07901054,1
1.6846888,0.3961608,0.6998626,1.2989502,-0.027730782,1.2535669,-0.6672051,1.3394992,0.06671488,-0.10830694,1
1.8805659,0.5948567,0.4987691,1.096546,-0.1371072,1.4503871,-0.4830421,1.1370064,0.039070122,0.091492474,1
1.6641045,0.390989,0.37947494,1.2838463,-0.33380517,1.518541,-0.28026965,1.3239104,-0.15935355,-0.10744468,1
1.7423017,0.17850956,0.16774783,1.38689,-0.38600597,1.2323859,-0.39916873,1.4243363,-0.33587295,-0.1107238,1
1.6653302,-0.020142842,0.34468752,1.4873812,-0.54925936,0.96764815,-0.5399659,1.5224793,-0.12735277,-0.17720854,1
1.7237424,-0.2034329,0.50334305,1.5593007,-0.32274887,1.0790179,-0.68379885,1.2220966,0.06713294,-0.26172867,1
1.9237424,-0.20062734,0.43499202,1.6253492,-0.5227489,0.8790179,-0.48379886,1.0220965,0.26713294,-0.06172867,1
2.0121605,-0.37957832,0.43070754,1.350461,-0.68477553,1.0223261,-0.6478719,0.7789034,0.44258967,-0.2479774,1
1.7751023,-0.37230253,0.56282294,1.383581,-0.7895449,1.0907642,-0.7566133,0.8735416,0.5734261,-0.042813472,1
1.813103,-0.15817015,0.70025563,1.4536946,-0.81132126,0.817703,-0.5109595,0.98548895,0.70998913,0.14429398,1
1.6688554,-0.35817015,0.9002556,1.2536945,-1.0113213,1.017703,-0.31095952,0.78548896,0.50998914,0.34429398,1
1.4688554,-0.15817015,0.70025563,1.3895739,-0.8891831,0.91457933,-0.5109595,0.85610664,0.30998915,0.544294,1
1.6688554,0.041829854,0.9002556,1.1895739,-1.0614378,0.71457934,-0.7109595,1.0561067,0.50998914,0.344294,1
1.826855,-0.15461545,0.956859,0.9673343,-1.1494489,0.89402515,-0.49947622,0.8368666,0.6940329,0.48514152,1
1.7307011,-0.32173064,1.0393256,0.6961765,-1.2243096,0.9925721,-0.61638683,0.9407142,0.44821942,0.6216058,1
1.854518,-0.5011438,0.8062069,0.8608145,-0.98389155,0.76129824,-0.39995673,1.095703,0.6226415,0.78918624,1
1.7259806,-0.3104434,0.6062069,0.8389311,-1.0481782,0.56129825,-0.31137428,0.895703,0.63369036,0.9891862,1
1.5259806,-0.48497555,0.4062069,1.0389311,-1.2481782,0.36129826,-0.111374274,0.695703,0.6210283,0.78918624,1
1.4754959,-0.68497556,0.56440836,0.83893114,-1.4481783,0.16129826,-0.31137428,0.49570304,0.8210283,0.9891862,1
1.4760942,-0.88497555,0.53896594,0.63893116,-1.2481782,0.074199185,-0.111374274,0.3138942,0.6210283,0.78918624,1
1.6760943,-1.0849756,0.53019184,0.43893117,-1.0481782,0.071178965,-0.31137428,0.5138942,0.8210283,0.98612887,1
1.8760943,-0.8849756,0.33019185,0.3732617,-0.8481782,-0.12882105,-0.111374274,0.7138942,0.6210283,0.7861289,1
1.6760943,-0.7034142,0.53019184,0.5732617,-0.87950814,-0.32882106,-0.31137428,0.560957,0.8210283,0.5861289,1
1.4760942,-0.5034142,0.7301918,0.7335539,-1.0795082,-0.12882106,-0.5113743,0.36095703,1.0210283,0.77945554,1
1.2760942,-0.30341423,0.9301918,0.5335539,-1.2795082,0.07117894,-0.3249709,0.16095702,1.2210283,0.57945555,1
1.4760942,-0.5034142,1.1301918,0.7335539,-1.0795082,-0.12882106,-0.5249709,0.06736136,1.0210283,0.56230015,1
1.2760942,-0.30341423,1.0482126,0.5335539,-1.117685,-0.32882106,-0.3249709,0.23434442,0.8210283,0.36230016,1
1.4760942,-0.10341422,0.84821266,0.3335539,-0.917685,-0.3300064,-0.5249709,0.4343444,1.0210283,0.28172866,1
1.6760943,0.08691123,1.0482126,0.1335539,-1.117685,-0.5300064,-0.3249709,0.6343444,0.8210283,0.48172867,1
1.4760942,0.15611333,0.84821266,0.3335539,-1.0973452,-0.7300064,-0.1249709,0.8343444,0.6210283,0.68172866,1
1.6760943,-0.043886676,0.85848814,0.20868662,-0.89734524,-0.5300064,-0.3249709,0.6343444,0.8210283,0.48172867,1
1.8760943,-0.24388668,1.0584881,0.40868664,-0.69734526,-0.7293408,-0.5249709,0.4343444,0.8529035,0.68172866,1
1.6760943,-0.043886676,0.85848814,0.20868663,-0.89734524,-0.9293408,-0.7249709,0.6343444,1.0529035,0.5270965,1
1.4760942,-0.031656966,0.65848815,0.18937775,-1.0973452,-0.7315184,-0.5249709,0.8343444,0.85290354,0.7270965,1
1.2760942,-0.23165697,0.45848817,0.38937777,-1.2973453,-0.5315184,-0.7249709,1.0343444,0.7472697,0.5270965,1
1.4760942,-0.33223596,0.25848818,0.18937777,-1.4973453,-0.7315184,-0.6475072,1.2343445,0.9472697,0.4086402,1
1.2760942,-0.13223596,0.45848817,-0.010622233,-1.2973453,-0.5315184,-0.8475072,1.2176849,0.7472697,0.6086402,1
1.4760942,0.067764044,0.25848818,-0.21062224,-1.1483315,-0.7315184,-1.0034449,1.0176848,0.9472697,0.4086402,1
1.6760943,-0.13223596,0.15433359,-0.13170207,-0.94833153,-0.5315184,-1.203445,1.2024413,0.7472697,0.6086402,1
1.4760942,-0.33223596,-0.04566641,-0.31092948,-1.1483315,-0.6556119,-1.0034449,1.1284797,0.56029433,0.8086402,1
1.6726213,-0.46165514,0.1540138,-0.50987077,-1.341932,-0.4546678,-1.2009513,1.325727,0.35954776,0.607379,1
1.6740628,-0.26165515,0.26926365,-0.30987078,-1.5419321,-0.5324012,-1.2376959,1.1257269,0.5595478,0.40737903,1
1.6750722,-0.06165515,0.13953047,-0.19641225,-1.341932,-0.7324012,-1.0376959,1.325727,0.59787816,0.607379,1
1.8750722,-0.25590235,0.18872605,0.0035877526,-1.3106376,-0.5324012,-0.8376959,1.1257269,0.39787817,0.40737903,1
1.9705389,-0.05308622,0.36914366,0.19333185,-1.434538,-0.69550586,-0.9854211,0.8790927,0.5677596,0.5767818,1
1.916879,-0.22350931,0.5026307,0.34736517,-1.4435179,-0.7908526,-0.69363296,0.88411903,0.6780354,0.68600327,1
1.6855236,-0.32281482,0.68979853,0.53736866,-1.6135024,-0.58006185,-0.8773125,1.0643197,0.469305,0.47712737,1
1.4855236,-0.3048609,0.8897985,0.38784277,-1.4457966,-0.38006186,-0.6773125,0.86431974,0.46597517,0.2771274,1
1.6200993,-0.10486089,1.0243112,0.18784277,-1.5630786,-0.51478946,-0.4773125,0.66431975,0.26597518,0.07712738,1
1.4200993,0.095139116,0.87593544,0.38784277,-1.6843423,-0.71478945,-0.6773125,0.8417429,0.46597517,0.2771274,1
1.4243015,0.26353198,1.0759355,0.18784277,-1.4843422,-0.62947273,-0.4773125,1.0417429,0.66597515,0.07712738,1
1.2243015,0.42082882,0.8759355,0.38784277,-1.2843422,-0.8294727,-0.6773125,0.84174293,0.5145268,-0.12287262,1
1.3369634,0.22082882,0.6759355,0.18784277,-1.4843422,-0.667596,-0.621961,0.9109005,0.5925446,0.07712738,1
1.5369635,0.42082882,0.6654165,0.037266076,-1.2843422,-0.867596,-0.421961,0.7109005,0.39254463,0.2771274,1
1.3369634,0.6208288,0.4972226,0.23726608,-1.149938,-1.067596,-0.221961,0.9109005,0.5925446,0.07712738,1
1.5369635,0.42082882,0.6972226,0.43726608,-1.097626,-1.267596,-0.021961004,1.1109005,0.39254463,-0.12287262,1
1.7369635,0.22082882,0.8972226,0.6372661,-1.297626,-1.067596,-0.221961,0.91090053,0.3448369,0.07712738,1
1.9369636,0.23270793,0.6972226,0.69784254,-1.097626,-1.267596,-0.021961004,1.1109005,0.16088362,-0.11021948,1
2.0025136,0.4107336,0.7512675,0.8522471,-0.8520416,-1.3930668,0.1689976,0.864642,-0.03200042,-0.2944655,1
2.1114502,0.5854827,0.5284752,0.62527984,-1.0085447,-1.1437391,-0.0297206,1.0206242,0.1610536,-0.36732894,1
2.0778213,0.5584641,0.66995907,0.6313542,-0.8085447,-1.3437392,-0.06617708,0.8206242,-0.038946405,-0.50887746,1
1.8778212,0.73800045,0.86995906,0.43135422,-1.0085447,-1.1437391,0.13382292,0.68426514,0.1610536,-0.70887744,1
1.6778212,0.93800044,0.8403719,0.49229565,-0.8085447,-1.0860136,0.3338229,0.8842651,0.22813159,-0.90887743,1
1.8280857,1.1078596,0.6234112,0.6739597,-0.98183256,-0.8625468,0.5196842,0.6661418,0.027386501,-1.079508,1
1.9875172,1.2816981,0.41494155,0.4644789,-0.76619333,-0.64929366,0.7052881,0.8488161,0.22283801,-0.8619149,1
2.0952156,1.0360562,0.58899426,0.6202842,-0.67000204,-0.43895954,0.86708975,1.0045615,0.021874368,-0.6339856,1
2.1343944,0.83089846,0.6166175,0.7912655,-0.4671026,-0.63501775,1.0078094,0.85553914,0.22050561,-0.5744289,1
2.2195222,0.8123614,0.66848624,0.9424867,-0.25395885,-0.5384243,0.76805824,1.0035975,0.019496555,-0.35600382,1
2.1750736,0.91008073,0.4726344,1.0270592,-0.40809458,-0.66381997,0.87025356,0.72240865,-0.16226687,-0.49982977,1
2.1938984,1.0254016,0.2518373,1.1334568,-0.561708,-0.4284389,0.98861265,0.48255834,0.03485478,-0.2769582,1
2.296206,1.1753943,0.43339828,0.89536345,-0.34694704,-0.25878707,0.8210323,0.65470386,-0.15840581,-0.20300096,1
2.3915105,0.9344844,0.6068324,0.8669463,-0.1407838,-0.056321424,0.9782083,0.43563274,-0.34337363,-0.0028750938,1
2.5071187,0.7105661,0.39358398,0.9761556,-0.32968625,-0.24797438,0.75286615,0.22795941,-0.5256788,0.19070558,1
2.5726254,0.57338715,0.18396646,1.1177225,-0.123243265,-0.045590945,0.525399,0.026570344,-0.6896261,-0.008832661,1
2.5063412,0.3375269,-0.014493676,1.1911678,0.069384985,-0.22200428,0.6557313,-0.15677339,-0.804186,0.17280753,1
2.3057992,0.3558608,0.18546273,1.3908409,0.26932168,-0.4219051,0.8555302,-0.3566895,-0.604044,0.3365289,1
2.2384768,0.49656072,0.2572769,1.4211276,0.3158436,-0.19823192,0.87773,-0.497301,-0.69656867,0.121963784,1
2.4384768,0.3334977,0.14246348,1.2211275,0.51584363,-0.39823192,0.67773,-0.297301,-0.49656868,0.10774174,1
2.5592456,0.18840094,-0.055808753,1.2337785,0.69434744,-0.19958843,0.46338418,-0.09437912,-0.28766298,0.24719802,1
2.708049,-0.011383848,0.14151585,1.014597,0.48517504,0.00040393358,0.25849718,-0.28891703,-0.4786146,0.046322275,1
2.654729,-0.19297019,-0.022708002,1.1087935,0.6254894,-0.110663876,0.053401485,-0.44632748,-0.25434446,-0.12249402,1
2.6864269,-0.36980242,-0.20957813,0.8552151,0.7768222,-0.08183443,-0.13795573,-0.2318051,-0.42755833,0.07293657,1
2.6497104,-0.15587687,-0.00879262,0.9686767,0.8967128,0.10847479,-0.31023988,-0.029196756,-0.29959595,-0.11664292,1
2.5235891,0.043381914,-0.20528518,0.94139117,1.0782894,-0.0899877,-0.5016685,0.16793397,-0.49120337,-0.09641346,1
2.41054,0.21540762,-0.35870177,0.85650104,1.131363,-0.25665656,-0.6210188,0.32564372,-0.6117565,-0.26234376,1
2.4473567,0.24726795,-0.1487814,0.6154635,1.2481402,-0.053114984,-0.76969737,0.492786,-0.38601783,-0.058446687,1
2.3324285,0.04701288,-0.34689933,0.41322163,1.4403259,0.1330049,-0.5666232,0.68904763,-0.58285564,-0.1966646,1
2.308818,0.22520195,-0.49860877,0.46399468,1.4954871,-0.061079513,-0.34583962,0.8105458,-0.3713905,0.0030408895,1
2.1351912,0.022608731,-0.6267237,0.5956713,1.5210258,-0.2342151,-0.4896741,0.9065632,-0.5125959,-0.008446077,1
2.088597,-0.1586589,-0.7394224,0.35388875,1.539287,-0.38836235,-0.4573656,0.98971105,-0.44374347,-0.18643436,1
2.2491965,0.040629365,-0.53013563,0.54435295,1.3162297,-0.18511948,-0.64604837,0.8817904,-0.6326607,0.013332097,1
2.1152534,0.1416331,-0.33013564,0.34435296,1.5162297,-0.3851195,-0.758641,0.6817904,-0.8326607,-0.1866679,1
1.9152534,0.34163308,-0.13013564,0.14435296,1.7162298,-0.5851195,-0.558641,0.8817904,-0.68348396,0.013332099,1
2.045206,0.2776228,-0.31920308,0.23705997,1.5674093,-0.37236613,-0.3467645,1.0459666,-0.85422707,0.20626754,1
2.134475,0.45406696,-0.11332411,0.41550463,1.6802427,-0.16386522,-0.13952623,0.80424446,-0.6219613,0.38623086,1
2.218513,0.6215771,0.08237038,0.22053178,1.4067135,0.03433983,-0.3226607,0.95435995,-0.78113145,0.17698008,1
2.2771766,0.39694038,0.26586884,0.39595616,1.4564353,-0.1559791,-0.44829822,0.7716051,-0.6438316,0.27025843,1
2.2345922,0.5384833,0.42024732,0.1767666,1.4942243,0.039710034,-0.5848118,0.8764579,-0.40036815,0.06337817,1
2.2168798,0.67244476,0.2005518,0.1973989,1.5427191,0.21827407,-0.3504002,0.9801962,-0.18245032,0.09795919,1
2.084101,0.50517875,0.00051089196,0.36794415,1.6135508,0.3872721,-0.3418683,1.0927213,-0.35410357,0.27587482,1
1.8810452,0.3046838,-0.19916558,0.16767177,1.8106096,0.18696836,-0.5409895,1.2906249,-0.15385363,0.07575177,1
1.6810452,0.1046838,-0.39916557,0.3676718,2.0106096,0.38696837,-0.34098953,1.0906248,-0.27830458,-0.12424824,1
1.8810452,0.19078316,-0.5055636,0.16767178,1.8700268,0.23472099,-0.14098953,0.8906248,-0.19447494,0.009225935,1
1.9778848,0.24829403,-0.30556363,-0.03232822,1.911938,0.034720987,-0.34098953,0.69062483,-0.39447492,-0.16825734,1
2.088375,0.42986944,-0.101225026,-0.22277968,1.7448705,-0.15848616,-0.5187552,0.8540207,-0.5700424,0.030438058,1
2.117591,0.212714,-0.15821917,-0.39122713,1.7997226,-0.33173192,-0.29496613,0.8328791,-0.34242567,0.21324018,1
1.8583026,0.012320906,-0.3471437,-0.5729475,1.9378949,-0.12765901,-0.3804439,1.0009444,-0.13802214,0.40046358,1
1.8264414,0.11956703,-0.4855097,-0.68587744,1.8970678,0.06419201,-0.16011746,1.0656619,0.054996256,0.4199827,1
1.7635312,0.30087116,-0.6454048,-0.8340503,1.9743816,0.24873579,0.03754926,0.81501746,-0.13652049,0.2071129,1
1.7725284,0.45214882,-0.76316786,-0.5723729,1.9628681,0.043995,0.21444161,0.91628146,0.05730453,0.0064209825,1
1.5725284,0.62094194,-0.56316787,-0.7723729,1.9099792,-0.156005,0.014441609,1.1162815,-0.14269547,0.20642099,1
1.7335728,0.41169074,-0.35518637,-0.57655185,2.0636072,0.043028113,-0.1814803,0.89614403,-0.33516392,0.39748892,1
1.8864114,0.44196028,-0.15140125,-0.36736745,1.9313761,-0.15314321,-0.0816634,0.934329,-0.5221109,0.42700818,1
1.8202937,0.2425228,-0.3065807,-0.4950008,1.859523,-0.30810046,-0.24573779,0.98964745,-0.630007,0.5470345,1
1.5834897,0.041556925,-0.11449936,-0.6375421,2.0127423,-0.10564502,-0.044698883,0.9033296,-0.81115395,0.73006606,1
1.3522716,0.23606189,0.08355564,-0.56840855,2.1221197,-0.1365036,-0.23913237,0.9806025,-0.9881518,0.51800793,1
1.4278729,0.033171892,-0.107112534,-0.33888435,2.0435078,-0.30953628,-0.4039404,1.0859892,-0.8850248,0.6604669,1
1.2051002,-0.16373403,0.09116474,-0.52888995,2.2018988,-0.5000862,-0.20015803,0.86955726,-1.0649015,0.4519269,1
1.0051001,-0.36373404,-0.108835265,-0.32888997,2.0018988,-0.3222816,-0.00015802681,0.6695573,-0.874463,0.6519269,1
1.2051002,-0.16373403,-0.095154874,-0.12888996,1.8018987,-0.5222816,0.07933954,0.8349647,-0.67446303,0.62543535,1
1.0051001,0.03626597,0.10484513,0.07111004,2.0018988,-0.47033483,0.018707823,0.6349647,-0.47446305,0.82543534,1
1.2051002,-0.16373403,0.30484512,0.20847034,2.2018988,-0.6703348,0.21870783,0.43496472,-0.67446303,1.0254353,1
1.2663082,-0.33165696,0.46032375,0.007723357,2.1900797,-0.79358155,0.22102049,0.5789683,-0.432621,1.0378215,1
1.3071606,-0.47395292,0.2320692,0.18517785,2.1306694,-0.52915645,0.37532452,0.694422,-0.5639587,1.1034731,1
1.1071606,-0.2739529,0.03206919,0.025587797,2.0275433,-0.72915643,0.57532454,0.49442202,-0.59689146,1.3034731,1
1.2007545,-0.43537197,0.2131782,-0.16021463,2.046216,-0.8535208,0.5182276,0.27045536,-0.36458355,1.3810868,1
1.2271113,-0.3022064,0.36195895,-0.31556097,1.9677659,-0.9229221,0.48056373,0.41213578,-0.35933068,1.3850889,1
1.2897878,-0.09237159,0.5078845,-0.46595117,1.9591728,-0.9116706,0.557538,0.51747704,-0.50550914,1.1615443,1
1.4469306,-0.28396085,0.2990275,-0.6467936,2.0970592,-0.6911978,0.34725258,0.601516,-0.29672047,0.9338833,1
1.4274634,-0.074783675,0.0882035,-0.7542365,2.0459838,-0.4806877,0.48743623,0.7139079,-0.44242746,1.0099465,1
1.5996944,0.1230798,-0.078839935,-0.5447797,1.9725157,-0.6690733,0.2825318,0.84584165,-0.32928753,0.93842816,1
1.3996943,-0.076920204,-0.27883995,-0.49778056,2.1725156,-0.4690733,0.082531795,1.0458417,-0.12928753,0.7384282,1
1.185313,0.12160438,-0.1538918,-0.36047247,2.3440752,-0.35897234,-0.007939399,1.2309073,0.06986482,0.5319738,1
1.385313,-0.07839562,-0.3538918,-0.5604725,2.1440752,-0.1855538,0.04682826,1.3467559,0.26986483,0.3319738,1
1.4540882,-0.094825074,-0.50804317,-0.6975241,2.1500435,0.01325041,-0.1404929,1.1167798,0.064081736,0.48793945,1
1.5073198,0.05690156,-0.28071028,-0.81788605,2.1415224,0.19432855,0.05422699,1.1060877,0.24064958,0.26239035,1
1.4726839,0.252109,-0.079204604,-0.60635924,2.0871224,0.38697222,0.2494843,1.2817223,0.4231633,0.06122643,1
1.2099913,0.41271478,-0.25487632,-0.7360977,2.0878356,0.5358268,0.4103188,1.3526136,0.3148537,0.12473481,1
1.1791412,0.20325214,-0.4346411,-0.8028516,2.186061,0.5755941,0.5831687,1.1013395,0.25778684,-0.07191701,1
1.0432484,0.3589157,-0.46705392,-0.5824941,2.3054867,0.5606442,0.7567221,0.8709024,0.44232798,-0.26273474,1
1.1280706,0.5071362,-0.60525626,-0.7100017,2.1615272,0.69017607,0.8680888,0.6878064,0.21987806,-0.4198658,1
1.2626263,0.29200125,-0.765575,-0.48486996,2.2451563,0.84631014,0.6351669,0.4897628,0.23524415,-0.20903128,1
1.4626263,0.092001244,-0.565575,-0.28486997,2.0451562,1.0463102,0.8351669,0.2897628,0.43524414,-0.13853386,1
1.580808,0.2776318,-0.7279008,-0.46100935,1.7657734,1.184979,0.984226,0.18349409,0.23128207,-0.32187453,1
1.3456602,0.1755697,-0.9042815,-0.25436547,1.8983063,1.2996194,0.7642639,0.37373242,0.030485798,-0.50859046,1
1.3052552,-0.022993993,-0.8901751,-0.42765233,1.9749421,1.1638596,0.5310896,0.54000145,0.21693502,-0.66693085,1
1.4292835,-0.020964744,-0.6871944,-0.22666915,2.1163895,0.95969695,0.72793216,0.33853307,0.41513437,-0.4649143,1
1.457415,-0.19765578,-0.43580163,-0.381661,2.07204,0.9633148,0.83004713,0.48172474,0.5502455,-0.2369692,1
1.4983544,-0.35949314,-0.54920685,-0.379307,2.0539944,1.0516726,0.5695821,0.25468788,0.5567287,-0.3950337,1
1.2983544,-0.2243155,-0.34920686,-0.179307,1.8539944,1.2516726,0.36958212,0.4546879,0.7567287,-0.19503368,1
1.1637689,-0.14035922,-0.54920685,-0.379307,1.6539943,1.0516726,0.16958211,0.6546879,0.5567287,-0.3950337,1
0.9637689,0.05964078,-0.34920686,-0.179307,1.8539944,0.9455781,-0.03041789,0.64726317,0.35672873,-0.19503368,1
1.1637689,-0.14035922,-0.54920685,-0.379307,1.8282254,0.7455781,0.16958211,0.49178827,0.15672873,0.0049663186,1
0.9637689,-0.14611828,-0.74920684,-0.179307,2.0282254,0.9455781,-0.03041789,0.69178826,0.35672873,-0.19503368,1
0.7637689,-0.34611827,-0.7762002,0.020693004,1.9908202,0.7455781,-0.23041789,0.89178824,0.15672873,0.0049663186,1
0.9637689,-0.54611826,-0.5762002,-0.179307,1.7908201,0.5455781,-0.03041789,1.0917883,0.055304214,0.20496632,1
0.7637689,-0.34611827,-0.7762002,-0.379307,1.6168338,0.6092225,0.16958211,0.8917883,0.040245596,0.09033469,1
0.5637689,-0.54611826,-0.97620016,-0.179307,1.7865733,0.80922246,0.04652819,1.0917883,-0.15975441,-0.030124508,1
0.7637689,-0.34611827,-1.1762002,-0.379307,1.9865733,1.0092225,-0.15347181,1.2058845,0.040245593,-0.2301245,1
0.89816624,-0.13617216,-1.2825239,-0.53987426,1.7664756,1.1269121,-0.3294114,1.3101876,-0.14888011,-0.028073959,1
1.0587854,0.06382784,-1.0825238,-0.73987424,1.5664755,1.3269122,-0.20342538,1.1101875,0.051119894,-0.22807395,1
1.2582994,-0.13611956,-0.88218296,-0.53966576,1.7657933,1.1264769,-0.4032696,1.3096815,0.2510229,-0.02806311,1
1.4582994,0.06388044,-1.082183,-0.73966575,1.5657933,1.0344775,-0.20326959,1.1096815,0.26774207,-0.2280631,1
1.3130561,-0.13213417,-1.2446425,-0.5238651,1.7140933,1.0779017,-0.39146242,0.99280393,0.44183987,-0.027241454,1
1.5130562,0.065037504,-1.4446425,-0.7238651,1.5140933,0.98858124,-0.19146241,0.79280394,0.24183987,-0.22724146,1
1.7130562,-0.1349625,-1.2446425,-0.5238651,1.3140932,1.1885812,-0.39146242,0.59280396,0.4001424,-0.42724144,1
1.9130563,0.043868065,-1.0446424,-0.40618855,1.5140933,0.98858124,-0.19146241,0.39280397,0.6001424,-0.22724144,1
1.9825907,-0.14649196,-0.7924921,-0.3425245,1.6082609,0.73989224,-0.36729252,0.5562027,0.7507396,-0.4008625,1
2.0836253,-0.27939457,-0.5656267,-0.5179248,1.7262689,0.5154119,-0.15970697,0.3400514,0.5257674,-0.5736176,1
1.9061707,-0.079394564,-0.76562667,-0.7179248,1.685014,0.7154119,-0.35970697,0.14005141,0.7257674,-0.3736176,1
1.679577,0.11872559,-0.9505757,-0.50985205,1.8556329,0.9011436,-0.550983,0.33475113,0.5175724,-0.2498541,1
1.8628188,0.3187256,-0.95612365,-0.30985206,1.6556329,0.7011436,-0.35098302,0.30974418,0.3175724,-0.44766492,1
1.6628188,0.5187256,-0.75612366,-0.10985206,1.4556328,0.56332636,-0.15098302,0.109744176,0.504879,-0.24766491,1
1.6566002,0.71872556,-0.5561237,-0.07630992,1.2556328,0.36332637,-0.19266768,0.30974418,0.704879,-0.04766491,1
1.8566003,0.79266286,-0.3561237,-0.2763099,1.0556327,0.5175458,-0.39266768,0.50974417,0.504879,-0.24766491,1
2.0566003,0.99266285,-0.49274778,-0.076309904,1.0500704,0.31754583,-0.19266768,0.30974418,0.704879,-0.11741498,1
2.2338758,1.1806524,-0.28979972,0.122444496,1.2374818,0.1163621,-0.3887134,0.10863902,0.89576656,0.081753366,1
2.100371,0.9806524,-0.08979972,-0.04814124,1.3679074,-0.0836379,-0.18871339,-0.091360986,1.0957665,0.28175336,1
2.2266796,0.75564456,-0.28051612,-0.24019216,1.5176803,0.1126345,0.0109250555,-0.13825731,0.92950344,0.36778396,1
2.2878501,0.52528465,-0.10540189,-0.037996095,1.6089203,0.29555243,-0.12724623,-0.14620525,0.68964404,0.53676075,1
2.3667014,0.6899661,0.08999155,-0.2264066,1.411941,0.09089939,0.06921094,-0.32934636,0.80348104,0.3203618,1
2.3507388,0.6583903,0.26559162,-0.39052868,1.476312,0.26642308,-0.11978445,-0.48480704,0.55270404,0.11023453,1
2.244163,0.7552195,0.4096317,-0.16762885,1.4748344,0.41036326,0.070574366,-0.6024994,0.6622358,0.21772066,1
2.2641606,0.5143299,0.5647349,0.029987149,1.55149,0.2881133,0.2506477,-0.74339867,0.42819408,0.016415602,1
2.0641606,0.7143299,0.3647349,-0.17001286,1.3514899,0.48811328,0.4506477,-0.94339865,0.6281941,-0.1835844,1
2.0830784,0.47319502,0.51956874,0.02758884,1.4274055,0.26507068,0.59861046,-1.0519524,0.7619571,-0.11354617,1
1.8830783,0.27319503,0.31956875,-0.17241116,1.2274054,0.065070674,0.79861045,-1.188776,0.9619571,-0.31354618,1
2.0128562,0.45724326,0.115538,0.026658805,1.3792866,-0.13038076,0.5784309,-1.2972747,0.73627096,-0.49623415,1
2.0954204,0.62236345,-0.07997961,-0.164142,1.116702,-0.3128475,0.7371196,-1.0390425,0.88658315,-0.65928507,1
1.9854618,0.42236346,0.040294833,0.035858005,0.916702,-0.5128475,0.9371196,-1.2390425,0.8903706,-0.45928508,1
1.9895622,0.56657624,0.21875538,0.21471626,1.0166035,-0.28480458,0.67104596,-1.3100502,0.9926324,-0.6001883,1
2.0868196,0.34937513,0.26653892,0.3952562,0.7782854,-0.4620557,0.8301732,-1.439193,0.7554391,-0.38140997,1
1.8868196,0.14937513,0.4665389,0.19525619,0.5782854,-0.54201186,1.0301732,-1.239193,0.5554391,-0.58141,1
1.6868196,-0.050624877,0.6665389,-0.0047438145,0.3782854,-0.59467286,0.8301732,-1.0391929,0.7554391,-0.38141,1
1.8868196,-0.2506249,0.4665389,-0.20474382,0.28611404,-0.79467285,0.8932316,-0.90318376,0.5554391,-0.18141,1
2.0868196,-0.44775337,0.48720565,-0.0047438145,0.48611403,-0.59467286,0.6932316,-0.70318377,0.70296,-0.026951924,1
2.2130036,-0.26042646,0.51255435,0.14052087,0.686114,-0.39467287,0.4932316,-0.90318376,0.8518282,0.17304808,1
2.2615433,-0.11667068,0.31255436,0.34052086,0.886114,-0.59467286,0.2932316,-0.96397626,1.0518283,0.37304807,1
2.189357,-0.3166707,0.4930516,0.14052086,0.686114,-0.39467287,0.4932316,-0.7639763,0.8518283,0.57304806,1
1.989357,-0.5166707,0.6930516,0.34052086,0.886114,-0.59467286,0.6932316,-0.96397626,0.6518283,0.77304804,1
2.189357,-0.48990235,0.7494396,0.14052086,1.086114,-0.46410298,0.4932316,-0.7639763,0.4518283,0.97304803,1
2.258111,-0.6520064,0.89728737,0.3218162,0.83744025,-0.62762415,0.4054983,-0.84681094,0.2379955,0.7305849,1
2.1269963,-0.8520064,0.6972874,0.27162793,0.63744026,-0.6679415,0.6054983,-1.046811,0.037995502,0.9305849,1
1.9269962,-0.8165057,0.4972874,0.07162793,0.43744028,-0.8679415,0.40549833,-0.846811,0.2379955,0.86377335,1
2.1269963,-1.0165057,0.6972874,0.27162793,0.23744027,-0.96091306,0.20549832,-0.78264564,0.037995502,0.9716568,1
2.3236978,-0.81650573,0.89728737,0.15362844,0.43744028,-0.7609131,0.00549832,-0.58264565,0.2379955,0.7716568,1
2.4733121,-0.6041972,1.0753801,-0.045445755,0.59322155,-0.54971445,0.20139556,-0.37500614,0.42925093,0.58276874,1
2.3976004,-0.7212564,0.96019566,0.13861431,0.71141267,-0.67239267,0.35999766,-0.5157029,0.56435317,0.3432919,1
2.4125454,-0.5458362,0.7060387,-0.05701253,0.84648293,-0.43873906,0.520103,-0.66471565,0.7099,0.5045874,1
2.5512352,-0.72833323,0.53177124,0.12638402,0.63131154,-0.40109083,0.70320386,-0.52119386,0.4979339,0.2974395,1
2.5235991,-0.48461917,0.6712248,-0.06752503,0.76252913,-0.55135685,0.82847315,-0.29461843,0.27328295,0.45628157,1
2.323599,-0.28461915,0.87122476,0.13247497,0.9625291,-0.75135684,0.94837177,-0.49461842,0.07328294,0.25628155,1
2.4274917,-0.48461914,0.6712248,0.1616563,0.76252913,-0.6343995,0.7483718,-0.29461843,0.27328295,0.28248352,1
2.2698395,-0.47990838,0.47122478,0.3616563,0.9625291,-0.83439946,0.5483718,-0.49461842,0.07328294,0.082483515,1
2.0698395,-0.36482957,0.45239055,0.1616563,1.1625291,-1.0343995,0.3483718,-0.29461843,0.06510439,0.13011792,1
2.2698395,-0.16482957,0.25239056,0.3564465,0.9625291,-1.2343996,0.1483718,-0.49461842,0.26510438,-0.06988208,1
2.3371286,0.033280637,0.04957548,0.37464228,1.1000634,-1.3573257,-0.048854087,-0.4886726,0.29169703,0.12312635,1
2.3638177,-0.15533078,0.232527,0.40552047,0.8385802,-1.4509449,-0.23185489,-0.31018257,0.45810923,0.03784112,1
2.2263746,0.04143747,0.030173717,0.5257674,0.96344036,-1.5315014,-0.4006108,-0.47327158,0.23943537,0.22063366,1
2.2163777,0.085148595,0.21025273,0.6629539,1.0627474,-1.216263,-0.54862934,-0.61500156,0.40140328,0.38422883,1
2.0163777,0.16981201,0.010252729,0.8629539,0.8627474,-1.4162631,-0.34862936,-0.41500157,0.6014033,0.18422882,1
2.1224377,-0.028908491,-0.09855646,1.0179012,0.63465714,-1.5477586,-0.14232977,-0.588935,0.38439003,0.36794347,1
2.2039003,0.11451863,-0.2833181,0.8405621,0.50372154,-1.5336003,0.054726742,-0.36908376,0.55456275,0.53895557,1
2.2203119,0.22694863,-0.44640654,0.89540243,0.4540731,-1.6012033,-0.13417858,-0.15617064,0.3274844,0.31306916,1
2.243577,0.21509172,-0.22841355,0.86743206,0.23552027,-1.6696768,-0.065111764,0.04062888,0.20026647,0.47560406,1
2.1918926,0.013537296,-0.025487002,0.83560526,0.39066243,-1.6771033,0.12099497,-0.14295617,0.3590397,0.60601795,1
2.1134892,0.17778358,-0.19924152,0.91506636,0.52191246,-1.6586185,-0.069809265,-0.26316,0.14052832,0.7122017,1
2.2735646,-0.021833029,-0.39235166,0.70272624,0.7094542,-1.4334465,-0.22809194,-0.45516708,0.3346517,0.5033625,1
2.4416223,0.11968149,-0.19235165,0.50272626,0.7141687,-1.2334465,-0.42809194,-0.25516707,0.51705706,0.3033625,1
2.1752875,0.31022137,0.0074220165,0.68193096,0.8871163,-1.3910275,-0.3916997,-0.4416976,0.6958377,0.39007142,1
2.3674645,0.10985836,0.20673887,0.48034373,0.71280783,-1.1871047,-0.54871494,-0.24090156,0.89288723,0.18944542,1
2.1147497,0.3023223,0.0065749753,0.5904188,0.8906075,-1.199503,-0.73050547,-0.43017843,1.0663072,-0.010297884,1
2.1325383,0.4627807,0.19031389,0.359686,0.6653058,-1.2893375,-0.48874536,-0.5805723,1.1666266,0.17476922,1
2.074796,0.5895443,-0.0086158095,0.48035496,0.76969063,-1.3247677,-0.25683936,-0.33851957,1.2156162,0.33335772,1
1.8747959,0.7895443,0.1913842,0.28035498,0.56969064,-1.5247678,-0.05683936,-0.13851957,1.0156162,0.13335772,1
1.6747959,0.9895443,0.28507328,0.3129253,0.44319326,-1.3247677,0.14316064,0.061480433,0.8156162,-0.066642284,1
1.8405973,1.1678455,0.4762249,0.5035689,0.63146055,-1.4969541,0.33690095,-0.1359928,0.99709004,0.046555843,1
1.6379546,1.3208468,0.27578,0.30307993,0.43076557,-1.6942208,0.22610418,0.06390411,1.1269144,-0.15319699,1
1.8379546,1.1891166,0.27447656,0.10307993,0.63076556,-1.4942207,0.4261042,-0.1360959,0.9269144,0.046803012,1
1.8711432,0.94927156,0.45536304,0.18557993,0.70047474,-1.6259718,0.21699592,0.06132983,1.0815184,-0.030545209,1
1.6711432,1.1492716,0.655363,0.38557994,0.83218336,-1.4259717,0.016995922,0.26132983,0.8815184,0.1694548,1
1.4711431,0.9492716,0.5522954,0.58557993,0.6321834,-1.2259717,0.21699592,0.46132982,1.0815184,0.3694548,1
1.6310511,1.1216997,0.7342472,0.4175417,0.8122186,-1.3917615,0.28331777,0.25506032,1.2507738,0.24807848,1
1.3477987,1.2448089,0.50316703,0.20488608,0.95333207,-1.4991598,0.45520046,0.23605639,1.3663741,0.22913355,1
1.4799894,0.9990356,0.28988525,0.38714793,0.72032845,-1.6247194,0.626496,0.034476746,1.4228823,0.027857197,1
1.6141915,0.8221903,0.4706986,0.31267688,0.49994946,-1.7532531,0.40979204,0.06306139,1.3621235,0.21893302,1
1.4141915,0.8274086,0.2706986,0.5126769,0.29994947,-1.553253,0.60979205,-0.13693862,1.5621235,0.018933013,1
1.2141914,0.67968565,0.070698604,0.3126769,0.49994946,-1.353253,0.6629522,0.06306139,1.3621235,0.21893302,1
1.0779763,0.53863376,-0.1293014,0.1126769,0.29994947,-1.153253,0.8629522,-0.13693862,1.5621235,0.018933013,1
0.87797636,0.73863375,0.070698604,-0.0873231,0.14247766,-1.2433872,1.0629522,-0.33693862,1.7621236,0.21893302,1
1.0779763,0.53863376,-0.1293014,-0.28732312,0.34247768,-1.0433872,1.1758974,-0.5369386,1.8471146,0.25929576,1
1.1858174,0.3142138,0.0656003,-0.45218068,0.5033579,-1.0704192,1.276677,-0.6837956,1.8994906,0.42617446,1
0.9858174,0.5142138,0.2656003,-0.6521807,0.3033579,-1.2423946,1.076677,-0.76706064,1.7102367,0.62617445,1
0.7858174,0.6288353,0.4656003,-0.45218068,0.5033579,-1.3304543,0.98402923,-0.5695965,1.7452241,0.82617444,1
0.5858174,0.7366466,0.6656003,-0.6521807,0.7033579,-1.5304544,0.78402925,-0.7695965,1.5452241,0.62617445,1
0.35594645,0.864129,0.6410961,-0.78620267,0.8334176,-1.4591621,0.9078432,-0.5254969,1.6101044,0.7622099,1
0.55594647,0.664129,0.69846934,-0.98620266,1.0334176,-1.2591621,0.7078432,-0.7254969,1.4101044,0.5622099,1
0.4463262,0.864129,0.49846935,-1.1862026,0.8334176,-1.342945,0.57601255,-0.5254969,1.3542929,0.6080512,1
0.6463262,1.064129,0.29846936,-0.98620266,0.6334176,-1.1429449,0.4680376,-0.7254969,1.1542928,0.4080512,1
0.6461472,0.864129,0.3029156,-0.78620267,0.8103524,-0.94294494,0.26803762,-0.9254969,1.3542929,0.2679446,1
0.4461472,1.0242169,0.1029156,-0.6734284,0.6103524,-0.86394083,0.1226684,-0.7254969,1.1542928,0.0679446,1
0.47736898,1.2242169,-0.0970844,-0.8734284,0.66034013,-0.66394085,0.3226684,-0.5254969,1.3542929,0.2679446,1
0.27736896,1.3437012,0.1029156,-1.0734284,0.8603401,-0.86394083,0.1226684,-0.7254969,1.4801888,0.0679446,1
0.47736895,1.1437012,0.023388892,-1.2734284,0.66034013,-1.0639409,0.31089768,-0.9254969,1.6801889,0.2679446,1
0.36223254,0.93865037,-0.17566587,-1.0676832,0.8370762,-1.2571762,0.5081633,-0.75066215,1.8701259,0.46544012,1
0.5011834,1.0150118,0.02169185,-0.7734672,0.9244669,-1.298951,0.63126844,-0.84743595,1.8453444,0.2366177,1
0.69496375,0.8150118,-0.17830816,-0.5734672,1.1244669,-1.3559605,0.43126845,-0.64743596,1.6453444,0.4366177,1
0.49496377,0.6150118,-0.37830818,-0.65086395,1.324467,-1.1559604,0.23126845,-0.6511253,1.8453444,0.2366177,1
0.69496375,0.41501182,-0.3267963,-0.85086393,1.1244669,-0.95596045,0.031268448,-0.6579607,1.6453444,0.036617696,1
0.89496374,0.5937741,-0.5267963,-1.050864,0.9244669,-1.1559604,0.23126845,-0.8579607,1.8453444,0.2366177,1
0.69496375,0.3937741,-0.72679627,-0.850864,0.89234173,-1.3559605,0.43126845,-1.0579607,1.6453444,0.19714248,1
0.89496374,0.35016474,-0.5267963,-1.050864,0.69234174,-1.5559605,0.63126844,-0.85796076,1.4453443,0.1902652,1
0.69496375,0.55016476,-0.3267963,-1.250864,0.89234173,-1.3559605,0.43126845,-1.0579607,1.2676251,0.3902652,1
0.8562877,0.71774626,-0.5040307,-1.0054507,1.0451361,-1.3754247,0.22127415,-1.2035978,1.4042015,0.18204285,1
1.0562878,0.91774625,-0.30403072,-0.80545074,1.2451361,-1.3015797,0.02127415,-1.0035977,1.2042015,-0.017957151,1
1.154284,0.70615596,-0.095583975,-0.75619656,1.3277988,-1.3676047,-0.16421427,-1.1058722,1.2901878,-0.2002602,1
0.88069755,0.46712542,-0.27279097,-0.88246256,1.4099877,-1.446724,-0.33612907,-1.2051742,1.2273983,-0.0002401393,1
1.0806975,0.43309015,-0.072790965,-0.6824626,1.2099876,-1.425388,-0.53612906,-1.0051742,1.4273983,0.19975987,1
1.1890017,0.62947077,-0.2712314,-0.47970432,1.0042135,-1.2183824,-0.5825313,-1.1982841,1.6180944,-0.00023875937,1
1.0654063,0.7741955,-0.06648461,-0.63440937,1.1239657,-0.95051813,-0.730384,-1.1153606,1.6969382,0.18644932,1
0.80076814,0.9014317,-0.18621455,-0.7720863,0.85495365,-1.0645846,-0.6990503,-1.2171148,1.7552537,-0.012538567,1
1.0007682,0.7014317,-0.05489336,-0.57208633,0.65495366,-1.2645847,-0.49905032,-1.2158593,1.5552536,0.18746144,1
1.2007682,0.5014317,-0.25489336,-0.70375085,0.5079037,-1.0645846,-0.6990503,-1.0158592,1.7552537,-0.0058955103,1
1.1855432,0.30143172,-0.45489335,-0.50375086,0.7079037,-1.2645847,-0.662559,-0.81585926,1.5552536,-0.20589551,1
0.9855432,0.41968837,-0.65489334,-0.30375087,0.9079037,-1.4645847,-0.46255898,-1.0158592,1.3552536,-0.0058955103,1
1.1855432,0.21968837,-0.8548933,-0.10375087,0.7079037,-1.2645847,-0.662559,-1.2158593,1.1552535,0.1941045,1
1.3855432,0.019688368,-0.65489334,0.09624913,0.5079037,-1.4645847,-0.46255898,-1.0158592,0.95525354,-0.0058955103,1
1.1855432,-0.18031164,-0.8548933,0.29624915,0.36288607,-1.6645848,-0.662559,-1.2158593,1.1552535,0.1941045,1
0.96995354,-0.37429574,-0.8662665,0.45703667,0.16030948,-1.6435869,-0.6012249,-1.3934628,1.3338157,0.3878704,1
0.75489545,-0.5630642,-1.0454135,0.25200978,0.35326287,-1.7372161,-0.3933781,-1.170122,1.5020384,0.18419619,1
0.8814769,-0.7043949,-1.0661774,0.41725636,0.5107245,-1.7882705,-0.54775536,-0.9469711,1.3267387,-0.014588715,1
1.0814769,-0.5043949,-0.8661774,0.21725635,0.35092628,-1.5882704,-0.7292329,-1.1469711,1.2205905,0.13128157,1
1.2475009,-0.5260872,-0.64851487,0.40619355,0.53631943,-1.7408577,-0.5152013,-1.3112586,1.0836738,0.32249823,1
1.1698668,-0.32608724,-0.44851488,0.60619354,0.39161336,-1.9408578,-0.31520128,-1.1112585,1.2836739,0.12249823,1
1.3326982,-0.5118129,-0.24177192,0.7843191,0.18641432,-2.0827699,-0.11207552,-0.8865334,1.0542705,-0.07539892,1
1.0716685,-0.67346054,-0.039521255,0.9312841,0.36559436,-2.1597745,0.083187126,-1.0279912,0.80824256,0.117887594,1
1.0303268,-0.81758225,0.15021236,1.058912,0.44878697,-1.9052672,-0.10933996,-1.1494324,0.94374186,0.266225,1
0.83032686,-0.98146915,0.13686399,0.85891205,0.24878697,-1.7052672,0.09066004,-1.3494325,1.1437418,0.06622501,1
1.0303268,-1.1814692,0.336864,1.058912,0.440888,-1.5052671,-0.10933996,-1.1494324,0.94374186,0.266225,1
0.83032686,-1.2206734,0.536864,1.2589121,0.640888,-1.3052671,0.09066004,-0.94943243,0.74374187,0.46622503,1
0.63032687,-1.0206734,0.336864,1.058912,0.440888,-1.105267,-0.10933996,-1.1494324,0.94374186,0.26622504,1
0.83032686,-0.91645783,0.13686399,1.2589121,0.24088798,-1.3052671,-0.30933997,-0.97835606,0.74374187,0.46622503,1
0.9654735,-0.9899024,0.336864,1.058912,0.440888,-1.3223822,-0.50934,-1.178356,0.5437419,0.666225,1
1.1654735,-0.8506756,0.536864,1.2589121,0.640888,-1.1223822,-0.70934,-1.3783561,0.51676685,0.46622503,1
1.3162749,-0.6272315,0.32472664,1.4063469,0.81059045,-1.2747363,-0.49098825,-1.313166,0.69094145,0.25663283,1
1.2556385,-0.6785502,0.17362715,1.5902196,0.91407895,-1.104371,-0.6840509,-1.1019901,0.6798267,0.45204836,1
1.0556384,-0.5017389,0.37362716,1.5641503,0.71407896,-1.304371,-0.8840509,-0.9019901,0.4798267,0.25204837,1
1.2556385,-0.30173892,0.17362715,1.6101968,0.91407895,-1.104371,-0.6840509,-1.1019901,0.5314772,0.45204836,1
1.3063884,-0.09130738,-0.023668779,1.4649545,0.9998498,-1.1706307,-0.7934071,-1.168494,0.6564771,0.58519226,1
1.0403721,-0.2739256,0.16580985,1.5656097,1.128257,-0.91271496,-0.9341323,-1.2868385,0.42923996,0.7383413,1
1.0908414,-0.41679236,0.32171032,1.55276,0.8163527,-0.97857374,-0.99740905,-1.3075955,0.3348541,0.8252213,1
1.2125413,-0.20364211,0.11432759,1.6464407,0.9547026,-0.74961567,-1.1247764,-1.0404106,0.12667409,0.96303326,1
1.0125413,-0.003642112,0.3143276,1.6446018,0.7914274,-0.94961566,-1.0357301,-0.9750476,0.1700081,0.7630333,1
0.8125413,-0.20364211,0.114327595,1.7276391,0.9911263,-0.74961567,-1.0610585,-1.1750476,0.3700081,0.6203013,1
0.99241096,-0.3956173,0.30807844,1.8893157,0.7753979,-0.5386888,-1.2359874,-1.0492474,0.16662818,0.80399287,1
1.1851561,-0.19442713,0.10742086,2.076604,0.5718971,-0.73419446,-1.0779765,-0.8440804,0.36439753,0.6003181,1
0.9840051,-0.3939663,0.30706167,1.8744112,0.7709952,-0.93310297,-1.2764834,-0.90682566,0.16420545,0.57008666,1
1.160002,-0.2780942,0.49678206,1.6404661,0.95131034,-0.9544211,-1.1783644,-1.0843872,0.35682195,0.36258397,1
1.360002,-0.32302636,0.29678208,1.8404661,0.75131035,-0.7544211,-0.9783644,-0.8843872,0.55682194,0.16258396,1
1.160002,-0.52302635,0.09678207,1.6404661,0.95131034,-0.5544211,-0.7783644,-0.8209023,0.35682195,-0.03741604,1
1.3090553,-0.4640042,0.29678208,1.5246682,0.75131035,-0.59172714,-0.9783644,-0.6209023,0.38133782,0.16258396,1
1.1248417,-0.26400417,0.09678207,1.3246682,0.8607648,-0.7917271,-1.1783644,-0.8209023,0.24401575,-0.03741604,1
0.9248417,-0.46400416,0.29678208,1.1246681,1.0607648,-0.9917271,-0.9783644,-0.6279309,0.44401574,0.16258396,1
1.1248417,-0.66400415,0.09678207,0.92466813,0.9320142,-1.1917272,-1.1783644,-0.4279309,0.24401574,0.36258397,1
1.3248417,-0.86400414,-0.10321793,0.72466815,1.1320143,-1.3917272,-1.3783644,-0.6279309,0.044015735,0.16258396,1
1.0966718,-1.0373579,0.094358325,0.79813343,1.2667165,-1.5518651,-1.1488541,-0.8071967,0.23790476,0.18545127,1
1.0940815,-1.1744498,0.27939293,0.6275165,1.334174,-1.2934151,-1.1403016,-0.95599,0.38835275,0.36585462,1
1.2819006,-0.96527755,0.07864562,0.58352363,1.5197333,-1.479358,-0.9314508,-0.74887407,0.3532558,0.16429347,1
1.1978645,-1.1361591,0.27168268,0.7639445,1.6767597,-1.2473886,-0.7131729,-0.56883913,0.53943074,0.3551903,1
1.2717856,-1.2156456,0.2929501,0.8770025,1.3435649,-1.3168429,-0.8308102,-0.33557206,0.6727385,0.5051155,1
1.424249,-1.3699223,0.4770285,0.82868415,1.1066294,-1.0807705,-0.9975166,-0.13119328,0.82971823,0.29526073,1
1.2885499,-1.1699222,0.4397613,1.0286841,1.3066294,-0.92799586,-0.7975166,-0.29082054,1.0297183,0.49526072,1
1.3679503,-1.2589337,0.22033627,1.1291384,1.384565,-0.66901493,-0.5491069,-0.45105514,1.1300888,0.27133924,1
1.2954892,-1.3602275,0.39189783,0.8662762,1.477359,-0.56531364,-0.698425,-0.6070071,1.0079328,0.43945011,1
1.3889915,-1.0776045,0.5497472,0.99034387,1.55791,-0.3392987,-0.46293083,-0.74953794,1.1219127,0.22239824,1
1.4130846,-1.1070861,0.34974724,1.0955077,1.3579099,-0.32104993,-0.2629308,-0.55889475,1.3219128,0.42239824,1
1.5105816,-1.150005,0.14023158,0.83860296,1.458913,-0.11335784,-0.43351397,-0.51857483,1.4252032,0.20826599,1
1.4036701,-1.350005,-0.059768423,0.638603,1.6095723,-0.31335783,-0.532541,-0.31857485,1.2252032,0.408266,1
1.20367,-1.5500051,0.14023158,0.43860298,1.4095722,-0.5133578,-0.332541,-0.13692199,1.0252031,0.21159178,1
1.00367,-1.669657,0.3402316,0.33312786,1.5444479,-0.7133578,-0.13254099,0.063078016,0.8252031,0.011591777,1
0.80367,-1.869657,0.1402316,0.53312784,1.744448,-0.5133578,0.06745902,0.2043547,0.62520313,-0.18840823,1
1.00367,-1.669657,0.3402316,0.33312786,1.5444479,-0.31335783,-0.13254099,0.25160584,0.42520314,-0.38840824,1
1.20367,-1.7247924,0.1402316,0.13312785,1.3444479,-0.34254947,-0.332541,0.45160586,0.22520314,-0.3100983,1
1.4036701,-1.9247924,-0.05976841,0.33312786,1.5444479,-0.5425495,-0.13254099,0.37027895,0.025203139,-0.36699596,1
1.4325004,-1.7247924,0.1402316,0.53019065,1.3444479,-0.7425495,-0.332541,0.57027894,0.22520314,-0.566996,1
1.5370773,-1.8122842,0.32034433,0.6875094,1.0775524,-0.88745546,-0.22961332,0.64656,0.4003491,-0.44496277,1
1.3075054,-1.9150659,0.117682695,0.47672728,0.8581438,-1.0634044,-0.29469767,0.8278368,0.58707136,-0.63069826,1
1.4084067,-1.758747,-0.076906025,0.63224137,0.8910113,-0.80664694,-0.08847254,0.96027,0.7353317,-0.77609074,1
1.4783949,-1.8004162,-0.25452295,0.39730212,0.63515496,-0.75579464,0.1025124,1.0664822,0.80740225,-0.7588018,1
1.4700153,-1.9283183,-0.05255786,0.19019106,0.8050547,-0.92134637,-0.09397401,0.9710337,0.58551055,-0.5386618,1
1.6394775,-1.8583909,-0.06885682,-0.0096295765,0.5939907,-1.1008414,0.104087204,0.7569346,0.7711467,-0.33246902,1
1.8394775,-1.6583909,0.13114318,-0.044753943,0.3998711,-0.9008414,0.30408722,0.7860533,0.7622607,-0.53246903,1
1.6394775,-1.4583908,-0.06885682,-0.24475394,0.5927184,-1.1008414,0.10408722,0.9860533,0.908842,-0.33246905,1
1.8394775,-1.2583908,-0.26885682,-0.44475394,0.5849256,-0.9897158,-0.095912784,0.78869164,1.108842,-0.53246903,1
1.964609,-1.0904928,-0.06632911,-0.23576911,0.5639331,-0.7607256,0.10026621,0.9470619,1.2607949,-0.70558035,1
1.7258697,-1.2621621,0.12485233,-0.42620248,0.7471621,-0.5484158,0.11174807,0.73066133,1.4287254,-0.8856997,1
1.4863912,-1.424332,-0.0732034,-0.51430076,0.9226564,-0.33940133,-0.08596861,0.9065826,1.2803373,-1.028115,1
1.646502,-1.1953721,-0.26674116,-0.5219727,1.0961016,-0.13610399,-0.27920443,0.6898694,1.4453222,-0.8085272,1
1.3759892,-1.3273518,-0.2897961,-0.68677866,1.2329205,0.060781274,-0.4558446,0.52858627,1.5630343,-0.57886326,1
1.4771976,-1.0566832,-0.08580266,-0.8311905,1.0959076,0.17514254,-0.6147327,0.36015406,1.6525177,-0.73003983,1
1.6117917,-1.2076762,-0.22298372,-0.6065759,1.2453709,-0.02388809,-0.3985593,0.53830963,1.5054524,-0.5093698,1
1.7355379,-1.3484305,-0.022016387,-0.38946414,1.0013738,0.16869979,-0.3528892,0.32407102,1.6336741,-0.2963492,1
1.5355378,-1.3485678,-0.2220164,-0.48790917,1.2013738,0.3686998,-0.5528892,0.52407104,1.4336741,-0.39263487,1
1.5338424,-1.1309377,-0.021678448,-0.30436912,1.3798633,0.1661103,-0.74133265,0.40210715,1.6085979,-0.21149488,1
1.3206999,-1.3178239,0.17656454,-0.49939957,1.1682379,-0.03355578,-0.6986278,0.20011577,1.7907777,-0.37094307,1
1.1206999,-1.5178239,0.37656456,-0.35740447,1.1787753,-0.23355578,-0.8986278,0.00011576712,1.5907776,-0.25761092,1
0.9206999,-1.3486449,0.40759936,-0.55740446,1.3787754,-0.1244825,-0.95646065,-0.19988424,1.3907776,-0.4576109,1
0.7658383,-1.3809569,0.6075994,-0.71212924,1.1787753,-0.3244825,-1.0450808,-0.11465872,1.5907776,-0.32674468,1
0.9324092,-1.4110581,0.7796472,-0.78797984,0.9448985,-0.50632936,-0.8158313,-0.30376792,1.7287962,-0.12235785,1
0.73240924,-1.3449346,0.97964716,-0.58797985,1.1448985,-0.43623397,-0.6158313,-0.10376792,1.668341,0.07764215,1
0.9261317,-1.1372262,1.1717051,-0.78267473,0.93853694,-0.35449544,-0.554386,-0.30172276,1.8557624,-0.12153407,1
1.0825385,-1.2330501,0.9353088,-0.56011903,0.70994776,-0.14851482,-0.5996942,-0.48230076,1.9761825,-0.3090873,1
0.85454863,-1.3876008,0.7119884,-0.73601174,0.8810886,0.023551738,-0.77433175,-0.4508506,1.9094553,-0.2644284,1
1.0545486,-1.5876008,0.5119884,-0.53601176,0.6810886,0.1986702,-0.57433176,-0.6508506,1.7094553,-0.064428404,1
1.2364603,-1.7618269,0.7017228,-0.3311671,0.8683849,-0.0013106359,-0.76316726,-0.44435015,1.4876916,0.13361691,1
1.0364603,-1.5618268,0.9017228,-0.5311671,1.0683849,-0.20131063,-0.5631673,-0.6443502,1.3407123,0.09122488,1
0.8004229,-1.6859218,1.0542572,-0.6996661,0.9002468,-0.3840209,-0.3475209,-0.80797285,1.4743335,-0.104088746,1
0.58069605,-1.8239601,1.2130487,-0.8701076,1.0124459,-0.1779749,-0.3218451,-0.587998,1.2324654,-0.28699914,1
0.38069606,-1.62396,1.0130486,-1.0701076,0.81244594,-0.3779749,-0.5218451,-0.38799798,1.4324654,-0.08699913,1
0.58069605,-1.5070219,1.2130487,-1.0943325,0.61244595,-0.5779749,-0.7218451,-0.587998,1.2324654,-0.28699914,1
0.78069603,-1.3070219,1.0190992,-1.2943325,0.41244596,-0.7779749,-0.83995134,-0.38799798,1.4324654,-0.42005843,1
0.980696,-1.1070218,1.2190993,-1.0943325,0.61244595,-0.9779749,-0.96586806,-0.37421545,1.2324654,-0.4225716,1
0.9268305,-0.9070218,1.0190992,-0.89433247,0.81244594,-1.1779749,-1.165868,-0.5742155,1.0324653,-0.6225716,1
0.7268305,-0.70702183,0.81909925,-0.6943325,0.61244595,-0.97797495,-1.2259352,-0.38423413,1.2324654,-0.8225716,1
0.5268305,-0.50702184,1.0190992,-0.4943325,0.81244594,-1.1779749,-1.0259352,-0.5842341,1.3750248,-0.7282268,1
0.566886,-0.5587395,0.9811928,-0.2943325,0.7207062,-0.9828168,-1.2259352,-0.38423413,1.5750248,-0.7272869,1
0.36688602,-0.7587395,0.78119284,-0.4943325,0.9207062,-0.7828168,-1.0259352,-0.27953914,1.7750249,-0.92728686,1
0.55008966,-0.54218453,0.56397265,-0.2856117,1.0875007,-0.5655485,-1.1896118,-0.46533084,1.9165066,-1.0938864,1
0.33674678,-0.7138978,0.41916928,-0.4671037,1.2384305,-0.35161644,-1.1164112,-0.25521836,2.0358407,-0.932502,1
0.5304241,-0.51389784,0.6191693,-0.49343178,1.1087164,-0.55161643,-0.9164112,-0.055218354,1.9563776,-1.132502,1
0.66719157,-0.652096,0.7482541,-0.48027757,1.1954213,-0.32117715,-0.65439177,0.13224795,1.9697008,-1.2171478,1
0.8117316,-0.42318285,0.85701084,-0.63677144,0.9452333,-0.24797048,-0.42533183,0.042810813,2.0309408,-1.3265163,1
1.0117316,-0.22318284,1.0570109,-0.43677145,1.1452333,-0.047970474,-0.22533183,0.12863335,1.8309407,-1.315242,1
0.81173164,-0.42318285,0.8570109,-0.23677145,0.9452333,-0.24797048,-0.025331825,0.12787092,1.7995526,-1.115242,1
1.0117316,-0.524272,0.9856572,-0.43677145,0.7452333,-0.44797048,-0.22533183,0.3278709,1.9070901,-0.915242,1
1.2117317,-0.724272,1.1856573,-0.63677144,0.5452333,-0.6479705,-0.42533183,0.1536739,1.70709,-1.0239778,1
1.3875871,-0.90846425,1.0036639,-0.82246023,0.34908146,-0.7165115,-0.4224058,0.34762505,1.5431278,-1.1179237,1
1.1730691,-0.69980353,0.7938394,-1.009961,0.14725898,-0.79425484,-0.21968697,0.3518794,1.7218187,-1.3018126,1
0.90811425,-0.8397393,0.92749804,-0.75589406,0.21752709,-0.9278858,-0.018372811,0.406255,1.7321917,-1.4015628,1
0.70811427,-0.63973933,1.127498,-0.5558941,0.017527089,-0.7278858,-0.13704163,0.206255,1.5321916,-1.6015629,1
0.73255986,-0.8156897,0.900935,-0.48349512,0.20723714,-0.90131164,0.061155282,0.006075861,1.6825827,-1.7499672,1
0.69239324,-1.0156897,0.72020245,-0.28349513,0.40723714,-0.70131165,-0.13884473,0.20607586,1.4825827,-1.9499673,1
0.89239323,-0.97604275,0.92020243,-0.48349512,0.5270963,-0.90131164,0.061155275,0.40607587,1.2825826,-1.7499672,1
1.0281085,-0.79622734,1.0542811,-0.2668121,0.6843083,-1.036502,0.24578689,0.19394876,1.395336,-1.5933338,1
1.0673479,-0.86582017,1.0900946,-0.39400324,0.42091188,-1.0746428,0.3266341,-0.0052591288,1.386505,-1.5512712,1
0.8673479,-0.6658202,0.8900946,-0.19400324,0.22091188,-1.2746428,0.1266341,-0.20525913,1.4630415,-1.7512712,1
1.0673479,-0.51186574,0.6900946,-0.39400324,0.42091188,-1.4746429,0.3266341,-0.40525913,1.3180921,-1.5512712,1
0.8673479,-0.31186575,0.4900946,-0.19400324,0.23685056,-1.6746429,0.1266341,-0.20525913,1.5180922,-1.3512712,1
0.65108067,-0.49938855,0.2830233,-0.38439906,0.4262019,-1.8289468,0.13184662,-0.0051309303,1.6762122,-1.3210026,1
0.85108066,-0.3086975,0.4830233,-0.47961807,0.2262019,-1.6289468,0.33184662,-0.20513093,1.4762121,-1.5210027,1
0.76013553,-0.4896989,0.65751404,-0.3539506,0.4102843,-1.7606401,0.51198345,-0.004939304,1.3974679,-1.4633968,1
0.5263478,-0.6480958,0.8057883,-0.1446642,0.5734716,-1.4665014,0.66903615,-0.0955123,1.5011077,-1.5630597,1
0.63119835,-0.7862646,0.9324604,0.0031299314,0.34624332,-1.5450037,0.46352583,0.09686993,1.3080752,-1.6345223,1
0.82087266,-0.9740126,1.0854622,-0.19442444,0.30624238,-1.3282951,0.26025215,-0.10184893,1.489341,-1.4167018,1
0.5898346,-1.1153225,0.841197,-0.37470675,0.4809348,-1.1359688,0.43724367,0.093244396,1.6048892,-1.5042822,1
0.36948034,-1.2466463,0.89740676,-0.16558488,0.2662665,-0.88709956,0.22485659,0.18078002,1.7106515,-1.6152974,1
0.15943,-0.98457915,0.6560499,-0.34390536,0.06233683,-1.0226336,0.39966223,0.31716728,1.7973483,-1.7076488,1
-0.039704625,-1.1593114,0.4463221,-0.14083578,0.25674102,-1.1242238,0.19540331,0.2632751,1.9547436,-1.4754896,1
0.1476209,-1.2518314,0.59521776,-0.06295538,0.42062676,-1.2195182,0.26045826,0.058271956,1.9843692,-1.1746372,1
0.3476209,-1.4110597,0.39521778,-0.26295537,0.60665804,-1.0485045,0.060458258,-0.14172804,1.7843691,-1.2595994,1
0.4914273,-1.496896,0.18138415,-0.058494188,0.7494962,-0.7883773,0.24200153,0.03188337,1.8437518,-1.3561686,1
0.6914273,-1.4613059,-0.018615857,0.14150581,0.9494962,-0.9883773,0.04200153,-0.16811663,1.6437517,-1.1561686,1
0.8607111,-1.6040617,0.17513414,-0.056478642,0.7236706,-1.147429,-0.15255427,0.030784758,1.5196068,-1.2159706,1
0.73810786,-1.6242756,0.23151757,-0.23091891,0.47148353,-1.2131492,0.04271746,0.015958726,1.5482371,-1.2715567,1
0.8208343,-1.5962216,0.37757325,-0.10732161,0.23917086,-1.2364904,0.11971617,-0.16103414,1.5296887,-1.2875963,1
0.5837615,-1.3128469,0.5430838,0.08714415,0.036831796,-1.3507112,0.3006245,-0.3394752,1.6264014,-1.3987654,1
0.67305505,-1.1710813,0.70480657,0.272353,0.2246323,-1.0914365,0.21214019,-0.13229066,1.7323211,-1.5164111,1
0.47305506,-1.2225459,0.5048066,0.47235298,0.02463229,-1.252213,0.012140185,-0.33229065,1.5323211,-1.3249384,1
0.28994578,-1.4225459,0.49066395,0.272353,-0.17536771,-1.052213,-0.18785982,-0.53229064,1.332321,-1.1249384,1
0.08994578,-1.4543961,0.29066396,0.47235298,0.02463229,-0.85221297,-0.38785982,-0.33229065,1.132321,-0.9249384,1
0.18909676,-1.4528472,0.090663955,0.272353,-0.107673794,-1.052213,-0.5878598,-0.13229065,1.2990056,-0.7249384,1
-0.010903239,-1.2528472,0.024079293,0.47235298,-0.3076738,-0.85221297,-0.38785982,0.038923383,1.4990057,-0.9249384,1
-0.16957398,-1.2260487,-0.17592071,0.67235297,-0.5076738,-0.652213,-0.5878598,-0.16107662,1.2990056,-1.1028609,1
-0.36957398,-1.4260488,-0.3759207,0.87235296,-0.7076738,-0.85221297,-0.38785982,0.038923383,1.3635421,-1.0175862,1
-0.4055516,-1.2260487,-0.5759207,1.072353,-0.9076738,-0.652213,-0.18785982,0.23892339,1.5635421,-1.0114939,1
-0.39014477,-1.0260487,-0.3759207,0.872353,-1.1076738,-0.452213,-0.048545122,0.4389234,1.3635421,-0.84856844,1
-0.19014476,-0.8588563,-0.17592071,1.072353,-1.0953737,-0.652213,-0.24854513,0.23892339,1.163542,-0.64856845,1
0.009855241,-0.65885633,0.024079293,1.272353,-1.2923204,-0.85221297,-0.44854513,0.038923383,1.3635421,-0.65686405,1
0.20955391,-0.85762304,-0.1756681,1.4702389,-1.399298,-0.65127647,-0.6476139,0.2385803,1.5612969,-0.85553473,1
0.37576708,-0.6033714,0.022324597,1.3802905,-1.4673613,-0.781049,-0.58976173,0.035397552,1.5933851,-0.9684566,1
0.52565956,-0.36826703,0.20297626,1.4427619,-1.5222552,-0.89567083,-0.3558418,0.2149115,1.6373115,-0.7015798,1
0.31141603,-0.16090745,0.1731465,1.5709116,-1.3848238,-1.0477489,-0.21617186,0.01425931,1.756952,-0.47964194,1
0.49754885,0.03803255,0.36302856,1.4807057,-1.541851,-1.213916,-0.40488726,0.20844962,1.5147349,-0.27205938,1
0.29392505,0.2351336,0.5561716,1.6602368,-1.3255088,-1.3966962,-0.425062,0.0083467085,1.298723,-0.46631026,1
0.093925044,0.4351336,0.5106535,1.4602368,-1.3381283,-1.1966962,-0.225062,0.20834671,1.498723,-0.4063353,1
0.29392505,0.6351336,0.39368388,1.6602368,-1.1381283,-0.9966962,-0.41115248,0.008346707,1.298723,-0.20633529,1
0.093925044,0.43513364,0.19368388,1.722649,-1.3041351,-1.1966962,-0.61115247,-0.1916533,1.498723,-0.0063352883,1
-0.10123025,0.22439449,0.37570333,1.8348367,-1.1980791,-1.0111653,-0.41451657,-0.3737655,1.6211381,0.18481955,1
0.098769754,0.4243945,0.5757033,1.6348367,-0.9980791,-1.2111653,-0.5736913,-0.5737655,1.5889696,0.38481957,1
0.29876977,0.22439449,0.7215209,1.7573826,-0.79807913,-1.2581939,-0.5919481,-0.7737655,1.3889695,0.18481956,1
0.09876977,0.4243945,0.5215209,1.5832111,-0.59807914,-1.0581938,-0.7919481,-0.8940989,1.2681128,0.18617679,1
-0.10061987,0.339553,0.3195823,1.767087,-0.79326713,-0.85301936,-0.98596716,-1.0875021,1.4282197,0.3135804,1
0.099380136,0.539553,0.35735184,1.5670869,-0.59326714,-0.90140855,-1.1833003,-0.88750213,1.2282196,0.11358039,1
0.29938012,0.660892,0.5573518,1.3670869,-0.79326713,-0.70140857,-1.3833003,-1.032999,1.4049621,-0.08641961,1
0.09938012,0.860892,0.7573518,1.1670868,-0.59326714,-0.7775453,-1.1833003,-1.2329991,1.204962,-0.28641963,1
0.29938012,1.060892,0.5573518,1.259447,-0.39326715,-0.97754526,-0.98330027,-1.032999,1.004962,-0.08641963,1
0.09938012,0.860892,0.7573518,1.0594469,-0.59326714,-1.1775453,-0.7833003,-1.2329991,1.204962,-0.28641963,1
0.28895983,0.63788885,0.92403,1.2156104,-0.37957904,-1.1723274,-0.94907534,-1.3831218,1.3560606,-0.083411686,1
0.08865373,0.83500576,1.1201624,1.0121157,-0.17896113,-0.96898174,-1.0817535,-1.1790508,1.5507065,-0.2824365,1
0.28865373,0.6350058,0.9201624,0.8121157,-0.071684174,-1.0186664,-0.8817535,-1.3790509,1.3507065,-0.08243649,1
0.45939162,0.4089563,1.0530835,0.9515071,-0.25541487,-1.1456889,-1.0169747,-1.4844924,1.406895,0.11052345,1
0.609789,0.47516948,1.1588205,0.6949751,-0.051246293,-0.87454957,-1.125428,-1.5577767,1.4259497,0.28716436,1
0.51500887,0.26657027,0.9288568,0.73342294,0.14410506,-0.6534695,-1.2840075,-1.6365719,1.5751379,0.08444042,1
0.60517704,0.06515303,0.71334,0.91355103,-0.05470498,-0.44381547,-1.4524142,-1.4059882,1.7094775,0.2783849,1
0.39809373,-0.08035609,0.8973729,0.7010767,-0.25025222,-0.63256025,-1.2305193,-1.3493272,1.876096,0.47002175,1
0.5918516,0.11839522,0.6900946,0.8916723,-0.06585756,-0.42804572,-1.4155893,-1.5331572,1.658603,0.26720357,1
0.37964422,0.30847624,0.86236537,1.0576633,-0.2575753,-0.60848016,-1.2809896,-1.679164,1.413163,0.06510997,1
0.17964421,0.10847624,1.0623654,1.2576634,-0.265135,-0.40848017,-1.0809896,-1.479164,1.2131629,-0.13489003,1
-0.02035579,0.30847624,0.8623654,1.4576634,-0.35176083,-0.60848016,-1.2809896,-1.4978733,1.0131629,-0.33489004,1
-0.2127137,0.25151566,0.9374843,1.6001745,-0.53262544,-0.3943138,-1.2205203,-1.3730104,1.1710896,-0.5163397,1
-0.012551262,0.44574684,0.7280618,1.7771745,-0.72326493,-0.55126476,-1.0074815,-1.1580232,1.3535718,-0.31229797,1
0.18294506,0.23984247,0.5153745,1.9296705,-0.7954022,-0.36074144,-0.9777742,-0.9350056,1.5162454,-0.1664045,1
-0.017054945,0.21622568,0.71537447,2.1296704,-0.59540224,-0.5607414,-0.7777742,-0.7350056,1.3162453,-0.3664045,1
0.17313337,0.3939027,0.8662812,2.2047257,-0.7527433,-0.3413942,-0.92533433,-0.7208302,1.056379,-0.16928747,1
0.17314924,0.52979726,0.95118755,2.1451614,-0.4930806,-0.48295647,-1.0038666,-0.6628832,1.1207663,-0.056605745,1
0.26403666,0.32979727,0.8275859,1.9451613,-0.6930806,-0.68295646,-0.80386657,-0.46288323,1.3207663,-0.25660574,1
0.46403664,0.12979726,1.0275859,1.7451613,-0.8930806,-0.88295645,-0.6038666,-0.6628832,1.1207663,-0.45660573,1
0.25282374,0.3157917,1.1754538,1.8625557,-1.0466605,-1.0369663,-0.7697286,-0.44322586,0.9825729,-0.2457084,1
0.45282376,0.11579169,0.9754538,1.6625557,-0.84666055,-0.8927314,-0.9697286,-0.4892068,0.7825729,-0.045708403,1
0.25282377,0.3157917,0.7754538,1.8625557,-1.0466605,-1.0927315,-1.1697286,-0.6892068,0.58257294,0.1542916,1
0.4490534,0.11482758,0.69732744,1.6487128,-0.9364892,-1.2819679,-1.3583239,-0.881803,0.5780589,0.32158956,1
0.61815643,0.04687279,0.4736531,1.7607083,-0.9067113,-1.0304627,-1.4841429,-1.0303057,0.36006212,0.11580151,1
0.41815645,-0.15312721,0.2736531,1.9607084,-0.7067113,-0.83046275,-1.2841429,-0.9117864,0.16006212,-0.08419849,1
0.61815643,-0.3531272,0.18268794,1.8708017,-0.9067113,-0.63046277,-1.214668,-1.1117864,0.36006212,-0.2841985,1
0.8181564,-0.5531272,-0.013113469,1.6708016,-0.76557577,-0.83046275,-1.4146681,-0.9117864,0.16006212,-0.4841985,1
0.61815643,-0.36795732,-0.09302171,1.4810642,-0.96557575,-0.63046277,-1.6146681,-0.856493,-0.039937884,-0.6841985,1
0.41815645,-0.16795732,0.047635905,1.6810642,-1.1655757,-0.7767249,-1.504973,-1.0191038,-0.14156026,-0.4841985,1
0.6121112,-0.36435893,-0.08013134,1.4665803,-0.956133,-0.9671731,-1.6882995,-1.0830284,0.057868242,-0.67750746,1
0.81049997,-0.16403285,0.11963084,1.6632738,-0.75463283,-0.76565105,-1.6666045,-0.88127655,0.2418948,-0.87576646,1
0.95174694,-0.312386,0.08253601,1.7549384,-0.747805,-0.9095056,-1.3813324,-1.0184084,0.41620192,-0.6364757,1
0.88299376,-0.3630165,-0.11746399,1.5549383,-0.947805,-0.8077568,-1.5813324,-0.8184084,0.21620192,-0.8364757,1
0.68299377,-0.5374227,0.08253601,1.3549383,-0.747805,-0.6077568,-1.3917404,-0.62519956,0.41620192,-0.87390155,1
0.5871811,-0.33742273,0.28253603,1.1549382,-0.547805,-0.8077568,-1.1917404,-0.43700624,0.23378329,-1.0739015,1
0.3871811,-0.5374227,0.48253602,1.3361732,-0.747805,-1.0077568,-1.3917404,-0.23700623,0.4337833,-1.2016685,1
0.55231756,-0.31738845,0.6420108,1.4449638,-0.6832988,-1.136047,-1.4972317,-0.034809005,0.5961527,-1.3184452,1
0.69672054,-0.11738844,0.44201082,1.3283991,-0.8832988,-0.936047,-1.5379863,0.15689732,0.39615273,-1.1184452,1
0.48399273,0.08049475,0.2358096,1.4892358,-1.0555407,-0.71718675,-1.6934526,-0.04199823,0.58087707,-1.2846617,1
0.43836063,-0.11510183,0.4197513,1.241731,-1.2092776,-0.883391,-1.8236843,0.15217987,0.62721676,-1.0446949,1
0.6083657,-0.300296,0.59063077,1.3739879,-1.3430594,-1.0324854,-1.5832707,0.33563188,0.40714297,-0.8050049,1
0.8083657,-0.100296006,0.39063078,1.1739879,-1.4454168,-0.8324854,-1.4361424,0.13563187,0.607143,-1.0050049,1
0.92743295,-0.27619386,0.54322594,1.2637098,-1.5133535,-0.9496167,-1.5048234,-0.059201855,0.37446514,-0.7558403,1
0.6909038,-0.07236766,0.7059037,1.060735,-1.4828556,-0.9537509,-1.6192131,-0.24618563,0.5280343,-0.90784127,1
0.8909038,-0.27236766,0.5059037,0.93616486,-1.6828556,-0.79591435,-1.419213,-0.046185628,0.5311061,-0.7078413,1
1.0909038,-0.47236764,0.39901748,0.88899934,-1.4828556,-0.99591434,-1.3208177,-0.24618563,0.44051707,-0.5078413,1
1.2909038,-0.27236766,0.5990175,1.0889994,-1.2828555,-0.79591435,-1.5208178,-0.44618565,0.24051706,-0.3078413,1
1.4786657,-0.07203228,0.7924588,1.2784187,-1.0739669,-0.9877394,-1.3099757,-0.6408814,0.4369011,-0.31517008,1
1.2786657,0.12796772,0.9252793,1.4784187,-0.8739669,-0.7877394,-1.5099758,-0.6219539,0.41472667,-0.11517008,1
1.244239,0.22680965,0.99222654,1.4004211,-0.95985526,-0.796126,-1.5282867,-0.48478594,0.54941046,-0.16451807,1
1.2617642,0.14659385,0.98262197,1.3982133,-1.0133114,-0.52080745,-1.5099235,-0.5982655,0.6547249,-0.31846243,1
1.3137691,-0.047999088,0.98899436,1.4364035,-0.9831071,-0.44356605,-1.5368037,-0.35794348,0.7046861,-0.2839387,1
1.4336901,-0.23487982,1.1260961,1.4594826,-0.7416804,-0.60952115,-1.2660862,-0.1495882,0.8568278,-0.45833814,1
1.6150739,-0.034482356,0.91554314,1.5859007,-0.53550786,-0.4048546,-1.1581167,-0.3456046,1.0297897,-0.25539434,1
1.7535495,-0.22653425,0.88373995,1.3389235,-0.32413533,-0.19791076,-1.3120815,-0.14066912,1.1881043,-0.053516664,1
1.4403719,-0.0246012,1.0047885,1.4268115,-0.4859516,0.0019370435,-1.401925,0.05500857,1.2869796,0.13581188,1
1.222165,0.1728242,0.7929754,1.2844027,-0.6758828,-0.08094471,-1.5784111,0.25126544,1.4651529,0.18271743,1
1.3815768,0.36218387,0.57605207,1.4420383,-0.52661246,-0.2729266,-1.5434275,0.4074239,1.2290456,0.37179476,1
1.4842558,0.52759033,0.50985426,1.1656104,-0.30651465,-0.06843912,-1.6361471,0.19466025,1.3411106,0.5366098,1
1.6706483,0.32494366,0.5669649,1.3545774,-0.10565409,0.13049798,-1.4245441,0.39147168,1.1318913,0.674589,1
1.5163896,0.52494365,0.36696494,1.1545774,0.09434591,0.33049798,-1.6245441,0.35203835,0.93189126,0.87458897,1
1.3027385,0.41190958,0.56108546,1.3405304,-0.10455845,0.5249967,-1.7259004,0.1504617,0.77622294,1.0634456,1
1.1027385,0.21190958,0.36108547,1.1405303,-0.30455846,0.40974334,-1.9259005,-0.0495383,0.57622296,0.8634456,1
0.8969851,0.08525848,0.5575095,1.3319868,-0.5013428,0.20840658,-2.1123514,-0.24794792,0.4102547,1.0566679,1
1.0803277,0.05773672,0.74600697,1.114798,-0.526556,0.008278929,-2.2248569,-0.21977939,0.20706204,0.84365976,1
1.1143284,-0.14226328,0.92316556,0.91479796,-0.32655603,-0.060384862,-2.0472374,-0.4197794,0.40706205,0.6436598,1
0.89409214,-0.3346882,1.0983073,1.0901248,-0.13452709,0.0037420352,-2.1975007,-0.60606223,0.20247927,0.66219544,1
0.69409215,-0.13468818,1.2759125,0.89012486,-0.2706296,-0.19625796,-1.9975007,-0.8060622,0.00247927,0.86219543,1
0.49409217,-0.3346882,1.3292302,1.0901248,-0.07062961,0.0037420392,-2.1174266,-0.60606223,0.20247927,0.8850875,1
0.66716105,-0.12946221,1.4698954,1.218583,-0.26012906,0.19583675,-1.8430295,-0.39030683,0.3868629,1.0429857,1
0.7837687,0.06375438,1.5093064,1.2821621,-0.1691699,0.3577703,-1.8465574,-0.5012476,0.24806432,0.7619182,1
0.53538346,-0.12495301,1.5676318,1.3593142,-0.026344476,0.14469361,-1.87693,-0.6431252,0.41092685,0.515344,1
0.33538347,-0.03797365,1.7676319,1.1630489,-0.22634448,-0.05530639,-1.67693,-0.66100955,0.21092685,0.31534404,1
0.13538347,0.16202635,1.9676319,0.9630489,-0.026344478,-0.2553064,-1.4769299,-0.46100956,0.12901977,0.11534403,1
0.06713749,-0.037973657,2.1676319,0.7630489,0.17365552,-0.4553064,-1.2769299,-0.66100955,-0.070980236,-0.08465597,1
0.2671375,0.16202635,1.9676318,0.9630489,0.37365553,-0.6553064,-1.0769298,-0.86100954,0.12901977,0.11534403,1
0.38778052,0.36202633,1.7676318,0.7630489,0.17365552,-0.8553064,-1.2769299,-0.66100955,0.32901978,0.31534404,1
0.58778054,0.37946564,1.6182516,0.9630489,0.37365553,-1.0553064,-1.4769299,-0.46100956,0.5290198,0.11534403,1
0.7087442,0.5794656,1.4182515,0.8579861,0.57365555,-0.85530645,-1.2769299,-0.26100957,0.32901978,0.31534404,1
0.67821586,0.7794656,1.6182516,1.0579861,0.77365553,-0.76092535,-1.0769298,-0.12224372,0.5290198,0.11534403,1
0.47821587,0.9794656,1.4182515,0.93396884,0.57365555,-0.96092534,-1.2769299,-0.32224372,0.72901976,-0.08465597,1
0.2782159,1.1794657,1.3410547,1.1339688,0.58323467,-0.77779984,-1.1759332,-0.17174183,0.92901975,0.11534403,1
0.07821588,0.97946566,1.1410546,1.3339689,0.38323468,-0.7113608,-0.97593325,-0.37174183,0.72901976,-0.08465597,1
0.2782159,0.7794657,0.94105464,1.1339688,0.23180227,-0.9113608,-1.0336334,-0.5717418,0.5290198,-0.284656,1
0.07821588,0.5794657,1.1410546,1.3339689,0.031802267,-1.1113608,-1.2336334,-0.7717418,0.5411647,-0.084655985,1
0.2782159,0.3794657,0.9887086,1.5339689,0.14388442,-1.3113608,-1.4336334,-0.5717418,0.4539913,-0.284656,1
0.07821588,0.5794657,1.1887087,1.5572336,0.2985457,-1.3243892,-1.3519399,-0.37174183,0.6539913,-0.48465598,1
-0.12047663,0.77109724,1.0229837,1.3426621,0.29758257,-1.5080233,-1.5352782,-0.16989799,0.8448227,-0.28159988,1
-0.32047665,0.97109723,1.2229837,1.142662,0.22612992,-1.3080232,-1.3352782,0.030102015,0.99393165,-0.48159987,1
-0.4736716,0.7017545,1.2291981,1.2219201,0.2506814,-1.3724108,-1.3972148,-0.15461951,0.9858553,-0.6203054,1
-0.24298783,0.80065084,1.2689581,1.2624961,0.16055408,-1.396114,-1.418137,-0.30400413,0.6977461,-0.7283337,1
-0.4052997,0.91551834,1.3439833,1.3380711,0.32987916,-1.4603212,-1.1145012,-0.09515575,0.8213684,-0.48338458,1
-0.28787893,1.1155183,1.1664659,1.1380711,0.12987916,-1.2603211,-1.3145013,-0.15718895,0.6213684,-0.59861165,1
-0.08787893,1.3155184,0.9664659,0.9380711,0.23543844,-1.106039,-1.1145012,0.04281105,0.42136842,-0.79861164,1
0.112121075,1.3212767,1.1664659,0.7380711,0.43543845,-1.3060391,-0.91450125,0.24281105,0.5594657,-0.9986116,1
-0.04213737,1.4351096,1.0523374,0.5380711,0.4737906,-1.106039,-1.1145012,0.04281105,0.7594657,-0.79861164,1
-0.089094244,1.6351097,0.8523374,0.3380711,0.30040246,-1.3060391,-0.96683323,-0.15718895,0.9594657,-0.9986116,1
-0.08273282,1.4351096,0.65233743,0.1380711,0.10040246,-1.5060391,-1.1668333,-0.35718894,0.7594657,-1.1986116,1
-0.2827328,1.2351096,0.71598166,0.3380711,-0.09959754,-1.6466765,-1.350539,-0.5571889,0.5594657,-0.9986116,1
-0.08273281,1.0351095,0.91598165,0.29445824,0.10040246,-1.5739908,-1.550539,-0.35718894,0.35946572,-1.1986116,1
0.11726719,0.83510953,1.1159817,0.49445826,0.30040246,-1.3739908,-1.350539,-0.20884061,0.5594657,-1.0484964,1
0.31726718,1.0351095,1.0211291,0.29445827,0.10040246,-1.5739908,-1.1505389,-0.008840606,0.35946572,-1.2484964,1
0.11726718,1.2351096,0.82112914,0.49445826,0.30040246,-1.3739908,-1.350539,0.1911594,0.5594657,-1.0484964,1
0.29023162,1.3128183,0.93411475,0.6352807,0.34543774,-1.4398649,-1.4184115,-0.008087263,0.63813615,-1.1421071,1
0.45278603,1.397264,0.8593631,0.4020325,0.5037753,-1.1451596,-1.4866265,0.17725378,0.7741164,-1.2395923,1
0.23659116,1.4949344,0.6171206,0.5634629,0.28431377,-1.2589812,-1.5785718,-0.02128897,0.9117091,-1.0106653,1
0.425483,1.6518103,0.40650785,0.74403816,0.08216857,-1.0320376,-1.3869832,-0.21565874,0.9682388,-1.1798624,1
0.5922341,1.7533734,0.5742676,0.51511866,0.21748407,-0.7878089,-1.5026237,-0.014826362,1.0922469,-0.9277757,1
0.79223406,1.5533733,0.7742676,0.31511867,0.09962886,-0.5878089,-1.6145755,-0.019369418,0.8922469,-1.1277757,1
0.949282,1.3691468,0.5494086,0.110135384,-0.09602626,-0.37102136,-1.7360258,-0.20987332,1.0449655,-1.2702986,1
1.0225574,1.076522,0.321727,0.28556517,0.0957365,-0.52578264,-1.7826457,-0.00909111,1.1463342,-1.3538153,1
1.0329554,0.876522,0.521727,0.085565165,0.2957365,-0.6149789,-1.6791843,0.03427169,0.9463342,-1.1538153,1
0.8329554,1.076522,0.721727,-0.0764287,0.49573648,-0.8149789,-1.4791843,0.23427169,0.8463095,-1.000293,1
0.6323318,1.2752643,0.9208188,0.12344955,0.34551302,-1.0139788,-1.5139229,0.4338438,1.0452785,-1.179147,1
0.8034253,1.4240291,0.69578516,-0.07389189,0.14045942,-0.7857098,-1.268291,0.6118307,1.2020307,-1.33125,1
1.0034254,1.4807769,0.49578518,0.12610811,0.3404594,-0.5857098,-1.068291,0.8118307,1.3309139,-1.1312499,1
0.79750663,1.2713416,0.5471252,0.1160704,0.13942465,-0.77992153,-0.86189437,1.0043766,1.5196359,-1.3214427,1
0.92034066,1.0713415,0.7471252,-0.0822709,0.12262182,-0.57992154,-0.6618944,1.2043767,1.3196359,-1.5214428,1
0.9681136,1.1721214,0.8136018,-0.2758954,-0.07563047,-0.37134042,-0.84242713,0.98169124,1.4853126,-1.3883994,1
0.7235428,0.9157128,0.9547862,-0.07149146,-0.25963664,-0.5381877,-0.60514945,1.1131221,1.5875201,-1.4962305,1
0.8675216,1.0480347,1.084738,-0.25502306,-0.3505401,-0.48916844,-0.7563098,0.857733,1.3033544,-1.5933388,1
0.9611161,1.1236366,1.1566815,-0.4096685,-0.13553497,-0.6204754,-0.5008595,0.59217334,1.3023727,-1.6145874,1
1.1102003,1.1870466,0.9147303,-0.5829341,-0.23392525,-0.7844969,-0.2876666,0.7574359,1.0540328,-1.6565716,1
0.9102003,1.2117691,0.7147303,-0.3829341,-0.03392525,-0.6745022,-0.087666586,0.5574359,0.88988596,-1.7877032,1
1.0814873,1.4117692,0.51473033,-0.5829341,0.16607475,-0.8745022,-0.2876666,0.7574359,0.898373,-1.5877031,1
1.2010499,1.1357077,0.59475684,-0.7337902,-0.031795803,-0.8089622,-0.2186796,0.8973388,1.0294294,-1.6754911,1
1.3928126,0.93020636,0.7900841,-0.89771616,0.16721526,-0.6614822,-0.416218,0.69323885,1.2222012,-1.4668161,1
1.5795474,1.1207938,0.5851698,-0.69190544,0.36415702,-0.45763892,-0.6110861,0.88579977,1.1616288,-1.2562658,1
1.7795475,0.92079383,0.6336998,-0.8919054,0.564157,-0.42223078,-0.6744225,0.6857998,1.0533665,-1.0562657,1
1.5795474,1.081294,0.83369976,-0.69190544,0.36415702,-0.62223077,-0.4744225,0.88579977,1.2533666,-0.8562657,1
1.655119,0.88129395,0.6336998,-0.49190545,0.564157,-0.42223078,-0.27442253,1.0857998,1.0533665,-1.0562657,1
1.695276,0.66947883,0.4261785,-0.46628967,0.7509048,-0.2183768,-0.17305693,1.2635013,1.2316304,-1.2344793,1
1.7754056,0.43978572,0.21187338,-0.6241489,0.58964515,-0.39191574,-0.34946224,0.996238,1.3410842,-1.3437529,1
1.7926803,0.5806054,0.37377504,-0.74791497,0.7166028,-0.44920817,-0.49863687,0.86770815,1.3985337,-1.0379554,1
1.7282066,0.7215726,0.16063341,-0.8762295,0.84728533,-0.23036197,-0.6458029,0.9869634,1.1078954,-1.1443359,1
1.8658974,0.85127693,-0.038094472,-0.65437746,0.6263686,-0.416455,-0.81847113,1.1486071,0.98694474,-0.91382,1
1.9343995,0.9825605,0.07089593,-0.7999948,0.3992295,-0.20267726,-0.57910436,0.8882266,1.1113936,-1.0429235,1
1.655991,1.1290995,0.2586493,-0.5728704,0.19022276,-0.37978685,-0.7438827,0.93693775,1.2521083,-1.1867336,1
1.4559909,0.9290995,0.45864928,-0.3728704,0.12263449,-0.57978684,-0.9438827,0.73693776,1.1945615,-1.1290718,1
1.2559909,0.9763523,0.2586493,-0.17287038,-0.07736551,-0.7191854,-0.7438827,0.93693775,1.2143883,-0.92907184,1
1.0559908,1.1763523,0.45864928,-0.13066882,-0.029612169,-0.5191854,-0.5438827,1.1369377,1.0143882,-1.1290718,1
0.84951776,1.3659443,0.6536685,0.0688069,0.16909936,-0.7137469,-0.73825747,1.3057978,1.205205,-1.3190213,1
0.99642336,1.1069599,0.810482,0.25520813,-0.0293374,-0.48775682,-0.5110274,1.4296206,1.1984022,-1.4421751,1
0.89484614,1.30696,0.61048204,0.05520813,0.1706626,-0.68775684,-0.3110274,1.4483931,0.9984022,-1.2421751,1
0.65852326,1.4227724,0.7681143,-0.108575106,-0.027803803,-0.8413496,-0.24647714,1.5326043,1.135756,-1.2377672,1
0.5260764,1.2211753,0.9668499,-0.0029342992,0.17197129,-0.6754303,-0.44589403,1.3308638,1.3340114,-1.4358895,1
0.3260764,1.0211753,1.16685,-0.2029343,0.3719713,-0.8754303,-0.24589403,1.5308639,1.1340114,-1.2358894,1
0.5228306,1.2136409,1.214913,-0.002916188,0.18333799,-0.94881064,-0.44314295,1.3226527,0.92824876,-1.4270303,1
0.3081155,1.3492051,0.9686518,-0.19366698,0.36586487,-1.0964462,-0.23206013,1.0714805,1.0768216,-1.552868,1
0.49612096,1.122077,1.1410646,0.006183526,0.16194947,-1.2658423,-0.4218609,0.85090834,0.8561233,-1.7114898,1
0.6742648,1.2805676,0.911518,-0.1877312,-0.036855854,-1.4198191,-0.21489511,0.88664025,1.0229641,-1.4640334,1
0.47185272,1.4730376,1.0662345,-0.068848096,-0.23565122,-1.3839272,-0.412785,1.0357479,0.8187786,-1.2576045,1
0.6718527,1.2730376,1.1728126,-0.2688481,-0.43565124,-1.1839272,-0.612785,0.8357479,0.94117445,-1.0576044,1
0.8718527,1.4730376,1.3728126,-0.06884809,-0.23565124,-0.9839272,-0.412785,0.7564792,0.74117446,-0.85760444,1
1.008013,1.5733913,1.4791358,-0.25283545,-0.4097038,-0.8361932,-0.57628745,0.89951116,0.50894207,-0.9946134,1
1.0833803,1.3655715,1.2718526,-0.052534614,-0.6062322,-1.0302933,-0.7718674,1.0932508,0.7049055,-0.7900891,1
1.1549181,1.4088628,1.3245249,-0.22725672,-0.7255309,-1.107145,-0.6405847,0.8038392,0.5222382,-0.8909843,1
1.3549181,1.2088628,1.5245249,-0.054583102,-0.52553093,-0.90714496,-0.44058472,1.0038393,0.3222382,-0.6909843,1
1.4781599,0.95906043,1.6393942,0.13823843,-0.30946118,-1.052491,-0.2287083,1.144412,0.496458,-0.61364657,1
1.6122501,1.1135383,1.3828617,0.32495406,-0.48945203,-1.2032993,-0.027580773,1.1002688,0.29327127,-0.39740056,1
1.3275435,1.2264351,1.4778991,0.11666811,-0.2702579,-1.3102438,0.16098578,1.2140455,0.4605615,-0.18431054,1
1.5158075,1.018549,1.2680811,-0.082691655,-0.43628106,-1.4986408,-0.038714476,1.2017959,0.40950987,0.015568921,1
1.2315964,1.1405624,1.329708,0.10980067,-0.59555936,-1.5899286,0.15096332,1.0796044,0.57050157,0.07573436,1
1.0315963,0.9405624,1.529708,-0.09019934,-0.39555937,-1.3899286,-0.04903668,1.2796044,0.37050158,-0.054838568,1
1.2315964,1.1405624,1.5714616,0.10980067,-0.42148015,-1.1899285,0.15096332,1.0796044,0.17050157,0.14516144,1
1.3648773,1.278086,1.307545,0.29536253,-0.5925163,-1.3251514,-0.046751343,1.2199689,-0.028123664,0.3290753,1
1.5648774,1.0805204,1.1075449,0.49536252,-0.39251631,-1.1251514,0.15324867,1.419969,0.17187634,0.5290753,1
1.5590053,0.86470467,0.95914227,0.5610371,-0.56115854,-1.2550204,0.33455366,1.5342352,0.3521955,0.3274941,1
1.7590053,0.6647047,1.1591423,0.36103714,-0.36115855,-1.0550203,0.53455365,1.3342352,0.5521955,0.12749411,1
1.5022668,0.83323455,1.3096776,0.5406187,-0.15529333,-1.2093451,0.49800682,1.4783982,0.33937767,0.07687863,1
1.5526867,0.63323456,1.1096776,0.7406187,-0.35529333,-1.4093451,0.31257737,1.2783982,0.13937767,-0.12312137,1
1.7526867,0.43323457,1.0242269,0.5406187,-0.3426182,-1.6093452,0.51257735,1.0783981,0.33937767,-0.32312137,1
1.8131024,0.3554795,0.7653085,0.3162702,-0.4489539,-1.6800073,0.66164,1.1870141,0.1294145,-0.11432025,1
1.8529847,0.51129794,0.52034515,0.10702233,-0.22915266,-1.7304758,0.5078148,1.2766942,-0.06497129,-0.28931993,1
1.8787758,0.65093976,0.29316184,0.28096953,-0.39273632,-1.7666626,0.6477522,0.98532975,0.12357067,-0.44779798,1
1.9379114,0.7932773,0.45974362,0.10696705,-0.17967588,-1.4605005,0.7903058,1.105008,0.12937045,-0.60390115,1
1.7379113,0.59327734,0.46771654,-0.093032956,-0.37967587,-1.2605004,0.83657086,0.905008,0.32937044,-0.80390114,1
1.9379114,0.39327735,0.4039712,-0.14554861,-0.37154084,-1.0605004,1.0365709,0.70500803,0.31966314,-0.60390115,1
2.1379113,0.59327734,0.20397119,-0.17719926,-0.5438243,-0.8605004,1.236571,0.905008,0.5025325,-0.40390116,1
1.9379113,0.39327735,0.4039712,-0.37719926,-0.34382433,-1.0605004,1.1511092,1.105008,0.7025325,-0.20390116,1
1.7565017,0.580267,0.19949818,-0.5645415,-0.14067031,-1.2328582,1.3214799,0.99907833,0.88274026,-0.39504376,1
1.7322866,0.38026702,-0.0005018264,-0.36454153,-0.34067032,-1.0328581,1.1214799,0.79907835,1.0827403,-0.19504376,1
1.9322866,0.18026702,-0.20050183,-0.5575393,-0.54067034,-1.2328582,0.9214799,0.99907833,0.8827403,-0.39504376,1
2.0074582,0.31160584,-0.0004724485,-0.4705312,-0.32072684,-1.3489759,1.0558262,0.7522987,0.8570032,-0.56020874,1
2.04987,0.4750828,0.18528348,-0.6088453,-0.11210827,-1.4383961,1.0219563,0.5596564,0.73146254,-0.4394399,1
2.1330526,0.6400312,0.3652788,-0.6981212,0.08332823,-1.2821449,1.1585101,0.34820256,0.503868,-0.22700772,1
2.209871,0.41679826,0.535433,-0.4718212,-0.11051168,-1.0250093,1.2867829,0.5192583,0.66670483,-0.02558175,1
2.3506558,0.6016424,0.32719076,-0.26514202,0.087289415,-1.1949085,1.0600784,0.31141353,0.4801065,-0.22003877,1
2.451293,0.77041376,0.5066536,-0.06260436,-0.108319856,-0.95615107,0.8265734,0.491491,0.35115528,-0.40367582,1
2.5615263,0.7222564,0.29627103,0.13274375,0.08857607,-0.7305495,0.6053591,0.52896863,0.5324944,-0.58323675,1
2.678558,0.5065656,0.13770016,-0.065235585,0.279906,-0.90259176,0.39318034,0.319085,0.36499372,-0.5126922,1
2.5710819,0.631093,0.014537836,-0.23690419,0.42864436,-0.98481727,0.5298192,0.46363837,0.14736974,-0.513749,1
2.600962,0.78007126,-0.17407642,-0.034638595,0.21460761,-1.11208,0.3095712,0.35222197,0.0747478,-0.2944876,1
2.5332866,0.8864102,-0.33832762,0.14955854,0.013211624,-1.1866903,0.46087375,0.13767478,-0.113282405,-0.08545783,1
2.3332865,1.0384732,-0.41118306,-0.05044146,-0.18678838,-1.0018954,0.26087373,0.3376748,-0.3132824,0.11454217,1
2.5022042,0.8281855,-0.20859192,-0.24736865,-0.17356485,-1.1871487,0.45521897,0.53107774,-0.11189247,0.08454013,1
2.241027,1.0008633,-0.008363605,-0.04939536,-0.363638,-1.3502877,0.63780767,0.7116506,-0.30360448,-0.11239173,1
2.3074272,0.7570312,0.18114793,0.020702465,-0.5327895,-1.0873312,0.79195356,0.861755,-0.47604164,0.082813375,1
2.2989495,0.5207282,0.3563076,-0.1048304,-0.31110087,-1.2034328,0.5533745,0.99255794,-0.63198245,0.26438177,1
2.4517143,0.7071049,0.15335305,-0.29906848,-0.10900083,-0.9844658,0.34669504,0.777577,-0.8162562,0.063164815,1
2.2517142,0.50710493,-0.046646953,-0.4990685,-0.23402688,-1.1844658,0.54669505,0.977577,-0.61625624,-0.13683519,1
2.0517142,0.7071049,0.15335305,-0.2990685,-0.034026876,-0.9844658,0.34669507,1.177577,-0.41625625,-0.3368352,1
1.8517141,0.8289717,0.35335305,-0.4183599,0.16597313,-0.7844658,0.33376035,1.3775771,-0.61625624,-0.1368352,1
1.6517141,0.6289717,0.5533531,-0.2183599,-0.034026876,-0.5844658,0.53376037,1.1894574,-0.41625625,0.0631648,1
1.8517141,0.8289717,0.35335308,-0.0183599,0.16597313,-0.3844658,0.6490323,0.9894574,-0.39283895,-0.1368352,1
1.6517141,1.0289717,0.5533531,-0.2183599,0.36597311,-0.18446581,0.8490323,1.1894574,-0.19283895,-0.3368352,1
1.451714,0.8289717,0.35335308,-0.0183599,0.16597311,-0.3844658,0.6490323,0.9894574,-0.21308403,-0.18705237,1
1.6451792,0.6289717,0.15335308,0.1816401,-0.03402689,-0.18446581,0.8490323,1.1894574,-0.41308403,-0.38705236,1
1.8451792,0.5685441,0.2847641,0.3816401,-0.122176275,-0.3844658,1.0490323,1.22998,-0.57240427,-0.27838147,1
1.7463468,0.7685441,0.08476411,0.35755447,0.07782373,-0.5844658,1.2490324,1.326732,-0.77240425,-0.078381464,1
1.9463469,0.96854407,-0.115235895,0.15755446,0.27782375,-0.7316922,1.3247309,1.126732,-0.57240427,0.12161854,1
1.7463468,1.168544,0.08476411,-0.04244554,0.47782373,-0.5316922,1.1247308,0.926732,-0.37240428,-0.078381464,1
1.5463468,1.3038527,0.2847641,0.15755446,0.6778237,-0.7316922,0.92473084,1.126732,-0.33762318,-0.27838147,1
1.5579662,1.1433326,0.33893487,0.31964183,0.8778237,-0.9316922,1.1247308,1.1750945,-0.53762317,-0.14614679,1
1.3579662,1.3433326,0.13893487,0.119641826,1.0778238,-1.1316922,1.0121658,0.9750945,-0.71292067,0.053853214,1
1.1579661,1.1433326,0.33893487,0.2620449,1.1815922,-1.3316922,0.904736,0.7750945,-0.5129207,0.2538532,1
1.1953902,0.9433326,0.5389349,0.42031288,1.3815923,-1.1316922,0.704736,0.5750945,-0.3129207,0.0538532,1
1.1361829,0.7433326,0.58281183,0.22031288,1.5815923,-0.9316922,0.904736,0.37509453,-0.5129207,0.2538532,1
1.336183,0.54333264,0.7828118,0.42031288,1.3815923,-0.7316922,1.104736,0.5750945,-0.71292067,0.0538532,1
1.536183,0.34333265,0.7778726,0.62031287,1.5815923,-0.9316922,1.304736,0.37509453,-0.5129207,-0.1461468,1
1.616993,0.13349277,0.5382013,0.76399785,1.6592848,-1.0540007,1.0288951,0.16307418,-0.6639782,-0.3223836,1
1.7117901,-0.0626565,0.6954598,0.90818286,1.5223033,-1.1813948,0.78090256,-0.034787837,-0.43711415,-0.49213788,1
1.7358546,0.12470424,0.44986433,0.6430112,1.5638057,-1.1776224,0.89063346,0.017986553,-0.57848275,-0.6284428,1
1.4980168,-0.07344075,0.6338541,0.82224256,1.7203522,-0.9945789,0.67361885,0.21261618,-0.7593038,-0.805226,1
1.5206639,-0.24488065,0.49852824,0.91547227,1.44892,-1.0698086,0.7823719,0.36951962,-0.85910726,-0.90023303,1
1.6206433,-0.042271774,0.3577792,0.67388254,1.5530698,-1.1959958,0.54851913,0.1596656,-0.7395696,-1.0362633,1
1.6888813,0.14631325,0.51741207,0.81063867,1.6261983,-1.1050283,0.694348,-0.03741536,-0.50052035,-0.77574205,1
1.636053,-0.05022513,0.6711546,0.5712658,1.7084484,-1.2208825,0.46247333,0.09212523,-0.28114337,-0.91282797,1
1.6670227,-0.23305336,0.43882152,0.3457876,1.5612198,-1.3233742,0.6170109,-0.10047184,-0.44812477,-1.0364599,1
1.5132391,-0.4097798,0.5092647,0.51645535,1.6665666,-1.4415035,0.3945995,0.049167223,-0.6132926,-0.79150605,1
1.5915384,-0.56646377,0.6588817,0.2939758,1.678945,-1.1533127,0.18077601,0.15723759,-0.7555199,-0.9210739,1
1.284189,-0.618789,0.7926238,0.45586836,1.733995,-1.2489122,0.3514013,0.3296787,-0.5126647,-1.0345894,1
1.387742,-0.41878903,0.9926238,0.65586835,1.5339949,-1.0489122,0.1514013,0.34023455,-0.71266466,-1.1646308,1
1.4568019,-0.56775784,0.7272566,0.7852854,1.5909934,-0.79103357,0.32242143,0.49568173,-0.57915676,-1.2520906,1
1.1739846,-0.46284845,0.86615485,0.92035985,1.6127663,-0.92280495,0.48799637,0.64983964,-0.7278141,-1.0805167,1
0.90991145,-0.6192432,0.8848884,0.8382493,1.6935141,-1.0489417,0.26905063,0.7939332,-0.86677814,-0.93841344,1
1.0073965,-0.38052058,0.9846847,0.94235337,1.7186232,-1.1335856,0.06267289,0.90213037,-0.6051924,-0.74834174,1
0.8073965,-0.5805206,0.7846847,0.7423534,1.9186232,-1.3335856,0.2626729,0.7021304,-0.40519243,-0.54834175,1
0.6073965,-0.38052058,0.9846847,0.5423534,1.7186232,-1.5335857,0.0626729,0.5021304,-0.6051924,-0.74834174,1
0.6763438,-0.5437108,1.109566,0.593882,1.7680708,-1.6236621,0.24601729,0.6576096,-0.3794999,-0.5135724,1
0.4763438,-0.7437108,0.909566,0.78907204,1.5680708,-1.8236622,0.13258941,0.4576096,-0.17949991,-0.43843415,1
0.65646124,-0.5277273,0.6887068,0.571755,1.7160946,-1.9641722,0.32281223,0.25003663,-0.3683437,-0.61966604,1
0.82522124,-0.31577325,0.85629064,0.7436047,1.460794,-2.0852325,0.50374234,0.069601774,-0.169991,-0.40435845,1
0.68216944,-0.45970073,0.94145554,0.84102035,1.4695854,-2.0367925,0.27072087,0.2402919,0.02674656,-0.5382525,1
0.8821694,-0.25970072,0.74145555,1.0410204,1.2695854,-1.9468234,0.26603782,0.44029188,0.22674656,-0.38401258,1
0.68216944,-0.059700713,0.54145557,0.9809905,1.4695854,-1.9275585,0.06603782,0.64029187,0.42674655,-0.18401258,1
0.47785518,0.13904394,0.33840036,0.8353101,1.6546466,-2.108522,0.26365742,0.4363523,0.5929479,-0.38057658,1
0.58906096,-0.056178086,0.49619842,0.58551204,1.7092721,-2.1275709,0.0586677,0.21782608,0.73079354,-0.16642228,1
0.7361323,0.0033169512,0.27633002,0.73282146,1.7812021,-2.0345418,-0.13185202,0.016630342,0.71695817,0.0313254,1
0.85872465,-0.050152868,0.43694288,0.85568756,1.5302852,-2.0497704,-0.039994836,0.19871743,0.841136,0.21219738,1
0.6569014,-0.14805204,0.4226938,1.0527656,1.3266032,-2.2435434,-0.23933057,-0.0012790229,0.63936144,0.012163616,1
0.7923805,-0.32184526,0.2988265,1.158438,1.1529626,-2.2595553,-0.40625092,0.18375817,0.40627947,0.19618863,1
0.9923805,-0.5218453,0.09882648,0.958438,1.1943444,-2.0595553,-0.20625092,0.3837582,0.6062795,-0.0038113743,1
0.7923805,-0.3218453,0.2988265,0.9465025,0.9943444,-1.8595552,-0.09046065,0.43912715,0.76034963,-0.20381138,1
0.9923805,-0.12184529,0.4988265,0.7465025,1.1943444,-1.6595552,-0.2573922,0.23912714,0.56034964,-0.039750144,1
1.1923805,-0.3218453,0.48572004,0.54650253,1.228284,-1.8595552,-0.057392195,0.03912714,0.76034963,-0.23975015,1
1.3923806,-0.12184529,0.28572005,0.34650254,1.028284,-1.971345,0.14260781,-0.16087286,0.56034964,-0.43975013,1
1.1923805,-0.3218453,0.48572004,0.14650254,0.8410564,-1.7713449,0.3426078,-0.36087286,0.76034963,-0.23975013,1
1.3923806,-0.5218453,0.68572,0.34650254,1.0410564,-1.5713449,0.5426078,-0.169129,0.56034964,-0.03975013,1
1.5923806,-0.3218453,0.48572004,0.54650253,0.8410564,-1.3713448,0.3426078,0.030871004,0.36034966,0.16024987,1
1.7923807,-0.5218453,0.28572005,0.7465025,0.8340958,-1.214462,0.1426078,-0.06665415,0.4529833,0.36024988,1
1.5923806,-0.3218453,0.08572005,0.9465025,1.0340958,-1.2430046,-0.055164427,0.13158324,0.5852437,0.16024987,1
1.4531246,-0.5218453,0.28572005,1.1465025,0.8340958,-1.4430046,-0.25516444,-0.06841676,0.7852437,-0.03975013,1
1.6531247,-0.3218453,0.48572004,1.3465025,0.6340958,-1.2430046,-0.45516443,-0.26821786,0.5852437,0.16024987,1
1.8531247,-0.5218453,0.68572,1.1628197,0.8340958,-1.0430045,-0.6551644,-0.46821785,0.5471522,0.36024988,1
1.6531247,-0.3218453,0.88572,0.96281976,1.0340958,-0.8430045,-0.8551644,-0.66821784,0.7471522,0.33043572,1
1.6999125,-0.11504459,0.74912345,1.0979178,1.1652156,-0.98478997,-0.99627125,-0.4420846,0.8942876,0.12315555,1
1.7601398,0.078705415,0.8289596,0.8318598,1.2647794,-1.0976274,-1.1082641,-0.22427493,0.64321023,0.14080968,1
1.6320939,0.26001373,0.95995134,0.9626571,0.9933688,-1.1197242,-1.1850569,-0.39582047,0.7866594,0.003950627,1
1.832094,0.060013726,0.75995135,0.7626571,0.7933688,-0.91972417,-0.98505694,-0.19582047,0.9866594,-0.121116325,1
1.9567548,0.2503738,0.92436147,0.5417968,0.95654,-1.0782107,-0.7559512,0.0040245824,1.1426644,0.075959094,1
1.7567548,0.45037383,0.7243615,0.7417968,1.0214729,-0.97755474,-0.758852,0.19571815,0.94266444,0.2759591,1
1.9404749,0.27527764,0.9166709,0.53728914,1.2113105,-0.7710856,-0.55420244,0.39242584,1.1331576,0.4719992,1
2.066131,0.45877016,0.69177926,0.71168137,1.2171459,-0.6149207,-0.34190017,0.57184947,0.9007469,0.6486591,1
1.8440807,0.5309442,0.63544524,0.8772556,1.3636335,-0.78414863,-0.5214376,0.52563846,0.6742862,0.8166131,1
1.8417509,0.65859294,0.7527501,0.61021864,1.3766848,-0.84285784,-0.28962064,0.2934057,0.7877464,0.9159854,1
2.041751,0.45859295,0.5527501,0.41021866,1.1766847,-1.0428579,-0.23234998,0.22462808,0.9877464,0.7159854,1
2.1633282,0.6355535,0.72641677,0.21938258,0.98472446,-0.8133723,-0.41722515,0.40977338,0.7652918,0.8839416,1
2.2578015,0.4161053,0.88505065,0.29813838,1.1318245,-0.58598423,-0.589665,0.36986008,0.5666973,0.65340245,1
2.0691338,0.6161053,0.7100191,0.49813837,1.3318245,-0.38598424,-0.54473543,0.5698601,0.3666973,0.85340244,1
2.0315306,0.7306501,0.45661455,0.62503564,1.3714257,-0.16650966,-0.6667535,0.6892473,0.14924228,0.9430997,1
2.0060227,0.8094682,0.55240726,0.38208356,1.412625,0.030105969,-0.4195856,0.7993842,-0.045628387,1.0275835,1
1.9620267,0.5724255,0.39223552,0.17101675,1.5146117,-0.1595681,-0.58192796,0.7944604,0.1449891,1.1529726,1
2.065344,0.73788375,0.5657516,-0.027687162,1.2558242,0.0014611741,-0.7469613,0.9499896,-0.052550893,0.91035706,1
2.2128558,0.91615283,0.35727713,-0.12496991,1.0313606,-0.19393866,-0.53428817,0.7326123,0.14403269,1.0846299,1
2.0128558,1.1161529,0.15727712,0.075030096,0.83136064,0.0060613453,-0.33428818,0.9326123,-0.055967316,1.28463,1
2.114447,0.9161529,0.35727713,0.02741598,0.63136065,-0.19393866,-0.13428818,0.8355261,0.14403269,1.0846299,1
1.9144471,1.1161529,0.55727714,0.22741598,0.43136066,-0.39393866,0.065711826,0.7629862,0.052674763,0.8846299,1
2.114447,1.3161529,0.75727713,0.42741597,0.5545311,-0.59393865,0.1837773,0.86745423,-0.14732525,0.6846299,1
1.8985553,1.5035675,0.67842007,0.6222078,0.35158816,-0.3906686,0.047415912,1.0585933,-0.34444213,0.8772866,1
1.6985552,1.3035674,0.87842005,0.42220783,0.15158816,-0.5906686,-0.15258409,0.8585933,-0.3669142,0.6772866,1
1.8891648,1.4961306,0.6750645,0.22110876,0.26635197,-0.7867579,-0.35084018,0.9906336,-0.36281723,0.87294745,1
1.6641674,1.2769495,0.8621147,0.20309834,0.4594506,-0.9721552,-0.3119708,1.1730139,-0.52339137,0.95501274,1
1.4114332,1.423755,0.82612926,0.0029867475,0.6356995,-1.1299384,-0.10793801,0.9379694,-0.6973373,1.1134132,1
1.4217384,1.4326097,0.90533525,0.17909153,0.38440982,-1.1733806,0.081224635,1.0040097,-0.43879172,1.1588007,1
1.5511996,1.433673,0.69576067,0.049889043,0.326196,-1.3136443,-0.014570601,1.1516404,-0.22840527,0.9170969,1
1.4006157,1.4983854,0.6964572,0.09042941,0.4826207,-1.3882965,-0.11903859,1.0052338,-0.3141566,1.0080857,1
1.1034703,1.5609641,0.8239222,-0.100704916,0.259753,-1.4535677,0.07441059,1.1077148,-0.10491984,1.110336,1
1.1981363,1.3609641,0.6239222,0.09929509,0.45975298,-1.614884,0.21182258,0.92037153,0.09508016,0.91033596,1
1.3907917,1.1548651,0.42169526,0.28832325,0.6197352,-1.8053501,0.011760474,1.114486,0.29353002,0.7066044,1
1.3819686,0.9080896,0.21083517,0.464402,0.77957916,-1.9071149,0.20138706,0.86968845,0.4693537,0.862193,1
1.1819686,1.1080896,0.011401802,0.26440197,0.6967326,-2.1071148,0.40138707,0.66968846,0.4133706,0.662193,1
1.0229416,1.1472926,-0.1885982,0.06440197,0.4967326,-1.9071147,0.20138706,0.46968848,0.6133706,0.462193,1
1.2229416,1.3472927,0.011401802,-0.13559803,0.2967326,-2.0949419,0.0013870597,0.59524894,0.4133706,0.26219302,1
1.4229417,1.5472927,0.2114018,-0.33559805,0.4967326,-1.8949418,-0.19861294,0.39524895,0.2133706,0.06219302,1
1.5028663,1.6019845,0.010558225,-0.12556565,0.27477846,-1.9399449,0.0012844363,0.5512087,0.012381362,-0.12761116,1
1.6174635,1.7116107,0.19999823,-0.30923772,0.071028136,-1.6526824,0.19118954,0.71353376,-0.17820911,0.06875837,1
1.703821,1.7920812,0.3749871,-0.16800669,0.25408125,-1.3618488,-0.008259559,0.8564122,0.020428348,0.2519534,1
1.782247,1.8648711,0.16381279,-0.34450656,0.05062773,-1.3234544,-0.19496055,0.6144951,-0.16810459,0.048635755,1
1.982247,1.6648711,0.3638128,-0.14450656,0.25062773,-1.1234543,0.0050394535,0.4144951,-0.36810458,0.24863575,1
1.7457414,1.8266732,0.16045745,-0.0016621859,0.44139758,-1.2963462,0.20083965,0.60190845,-0.5564681,0.04763955,1
1.8353715,1.9117124,-0.03729955,0.07207052,0.22770458,-1.0341572,0.37810248,0.7564211,-0.3362479,-0.14371799,1
1.6353714,1.7117124,-0.23729956,-0.11215616,0.42770457,-0.83415717,0.17810248,0.5564211,-0.13624789,-0.343718,1
1.4353714,1.5117123,-0.099720314,-0.31215617,0.62770456,-1.0341572,0.37810248,0.7564211,0.063752115,-0.14371799,1
1.6353714,1.3117123,0.10027969,-0.11215617,0.81765175,-0.83415717,0.17810248,0.5564211,-0.12846962,-0.343718,1
1.8353715,1.5117123,0.30027968,-0.31215617,0.61765176,-0.6341572,0.37810248,0.7564211,0.07153039,-0.14371799,1
1.92915,1.6003786,0.50027966,-0.11215617,0.60118777,-0.83415717,0.31245568,0.5564211,0.054124348,-0.343718,1
1.7291499,1.8003787,0.30027968,0.087843835,0.80118775,-0.6341572,0.11245568,0.3564211,0.25412434,-0.543718,1
1.92915,1.6003786,0.50027966,0.15337375,0.60118777,-0.4341572,-0.08754432,0.51022375,0.45412433,-0.40108582,1
1.999734,1.6909465,0.2820278,-0.043792177,0.7524892,-0.5956113,-0.27006653,0.6670543,0.5501811,-0.5645501,1
1.799734,1.4909464,0.16666386,0.15620783,0.9524892,-0.3956113,-0.07006653,0.8670543,0.64864516,-0.3645501,1
1.599734,1.3337727,-0.033336148,0.35620785,1.1524892,-0.5956113,-0.16409457,1.0670543,0.5065705,-0.32481223,1
1.799734,1.5337727,-0.01632221,0.15620784,0.9524892,-0.79561126,-0.36409456,0.8670543,0.30657053,-0.5248122,1
1.7808295,1.5439823,0.16357118,0.18463564,1.0263299,-0.8866249,-0.14613165,0.9502473,0.45111787,-0.64546937,1
1.8722,1.2702776,0.34363276,0.36354205,1.1590774,-1.0270339,0.05091419,0.7091034,0.29794255,-0.79910344,1
2.0722,1.0702776,0.4220411,0.16354205,0.9590774,-0.82703394,-0.14908582,0.9091034,0.49794257,-0.59910345,1
1.8722,0.8702776,0.6220411,-0.036457956,1.0148813,-1.0270339,-0.3490858,0.7091034,0.69794255,-0.39910346,1
1.8598033,1.0291284,0.64206475,0.06549089,1.1681726,-1.179858,-0.527975,0.874151,0.4787981,-0.1914485,1
1.8802133,1.1219633,0.63622177,0.24234329,0.8837596,-1.259551,-0.66450435,0.7412411,0.6196151,0.0078059197,1
2.0802133,0.9219633,0.77903634,0.4423433,0.6837596,-1.059551,-0.46450436,0.5412411,0.6720234,-0.19219409,1
1.8802133,0.7219633,0.57903636,0.6423433,0.48375964,-0.859551,-0.66450435,0.34124112,0.8720234,-0.20760699,1
1.7925154,0.5219633,0.42672384,0.8250259,0.28375965,-0.659551,-0.76417863,0.5412411,0.71602577,-0.007606983,1
1.9925154,0.7219633,0.6267238,1.025026,0.08375965,-0.7463865,-0.56417865,0.46817476,0.5160258,0.19239302,1
2.1925154,0.5219633,0.42672384,1.225026,0.28375965,-0.54638654,-0.36417866,0.66817474,0.3160258,0.39239302,1
2.2235007,0.67096156,0.29525137,1.3243579,0.44958538,-0.32191673,-0.52432334,0.80684423,0.47957215,0.55054456,1
2.2981586,0.82591593,0.18492977,1.0662067,0.5647049,-0.11561126,-0.68686175,0.5754586,0.47285143,0.7117268,1
2.0981586,0.62591594,0.3746856,0.8662067,0.3647049,-0.31561127,-0.5530214,0.3839162,0.2728514,0.9117268,1
2.0445664,0.82591593,0.5746856,1.0662067,0.1647049,-0.11561127,-0.75302136,0.1839162,0.18336412,0.7117268,1
2.1410062,1.025916,0.69902176,0.8662067,0.1785937,0.08438873,-0.95302135,-0.016083807,0.38336414,0.5117268,1
2.222977,0.81878793,0.47386196,1.0124505,0.31378454,0.27005035,-1.094888,-0.067576416,0.5539519,0.67584276,1
2.1400943,0.9316629,0.27378803,1.2121233,0.1520467,0.46992347,-0.89464647,-0.26750422,0.3538564,0.87560636,1
1.9400942,0.7316629,0.07378803,1.1336738,-0.047953308,0.6699235,-0.6946465,-0.4675042,0.15385641,0.67560637,1
2.1400943,0.89634365,-0.12621197,1.3336738,0.1520467,0.67076707,-0.5615105,-0.26750422,-0.04614359,0.5322934,1
1.9400942,0.69634366,-0.326212,1.5336739,0.3520467,0.47076708,-0.7615105,-0.06750421,-0.2461436,0.3322934,1
2.1058624,0.89634365,-0.12621199,1.3341876,0.1520467,0.2707671,-0.9615105,0.13249579,-0.04614359,0.5322934,1
1.9058623,0.69634366,-0.1850728,1.5341877,-0.047953308,0.47076708,-1.1615105,-0.06750421,0.15385641,0.5978255,1
1.7058623,0.89634365,-0.18045743,1.3341876,-0.24795331,0.2707671,-1.0135512,-0.26750422,0.26377213,0.39782554,1
1.643107,1.0963436,0.019542575,1.5341877,-0.29696974,0.47076708,-0.81355125,-0.06750421,0.16375366,0.55205864,1
1.5076152,1.2963437,-0.18045743,1.7341877,-0.09696974,0.5418133,-0.61355126,-0.06092505,0.36375368,0.35205865,1
1.3076152,1.1478732,0.019542575,1.8351034,-0.2705992,0.34181333,-0.81355125,0.13907495,0.16375367,0.15205865,1
1.1076151,0.9478732,-0.06942275,2.0351033,-0.07059918,0.5418133,-1.0135512,-0.06092505,0.36375368,0.35205865,1
1.2779182,1.121804,-0.26330397,2.058609,0.12646203,0.7249661,-1.0573008,-0.25499925,0.23392251,0.14860527,1
1.3189949,1.239921,-0.26525342,2.1186929,0.30623838,0.49244556,-0.8041928,-0.051592156,0.4070419,0.11078867,1
1.3740478,1.3025193,-0.42085752,2.0974362,0.09610079,0.2645395,-0.66276824,0.13424632,0.54911613,0.0323343,1
1.1938753,1.1025193,-0.22085752,2.091076,-0.050727785,0.06453951,-0.86276823,0.1536836,0.7491161,0.13768496,1
1.298884,1.2137538,-0.39217645,2.0868971,0.13909945,0.24651138,-0.99034154,-0.04315998,0.5116944,0.07857951,1
1.098884,1.4137539,-0.59217644,1.8868971,0.33909947,0.4465114,-0.79034156,0.15684003,0.31169438,0.033149246,1
0.898884,1.2137538,-0.7921764,1.8982666,0.53909945,0.24651138,-0.99034154,0.35684,0.5116944,0.05140493,1
1.0416204,1.1054188,-0.9404734,1.9889244,0.62197065,0.16324037,-1.128312,0.14866696,0.29545176,0.23830405,1
1.2416204,0.9054188,-1.1404734,1.7889243,0.52279305,0.36324036,-0.928312,0.34866697,0.49545175,0.43830407,1
1.4416205,0.7054188,-0.9404734,1.5889243,0.72279304,0.56324035,-1.128312,0.54866695,0.29545176,0.23830406,1
1.5247505,0.4694371,-1.0592809,1.6615674,0.5590019,0.3373806,-1.233747,0.6316707,0.24228632,0.40710035,1
1.4286464,0.29791397,-0.8117318,1.758556,0.71700186,0.1297785,-1.3544095,0.4999553,0.41781202,0.57350594,1
1.6286465,0.3074138,-0.6117318,1.558556,0.51700187,0.3297785,-1.1544094,0.2999553,0.21781202,0.37350595,1
1.7711488,0.5049079,-0.4096985,1.7498713,0.7134609,0.52716213,-1.1461489,0.49748623,0.017724048,0.17264909,1
1.5711488,0.7049079,-0.20969848,1.8422486,0.51346093,0.32716215,-1.122136,0.6974862,-0.18227595,-0.027350917,1
1.7711488,0.9049079,-0.00969848,1.6454046,0.31346095,0.4608398,-0.95769614,0.49748623,-0.3609857,-0.22735092,1
1.9711488,0.7049079,-0.20969848,1.4454045,0.51346093,0.6608398,-0.75769615,0.6974862,-0.2723595,-0.027350917,1
2.1711488,0.87008345,-0.366472,1.2454045,0.54601866,0.4608398,-0.95769614,0.49748623,-0.07235949,-0.22735092,1
2.3011947,0.6503145,-0.5497598,1.0145627,0.72400945,0.25314447,-1.1235415,0.28870973,0.123874836,-0.026544005,1
2.1011946,0.45031452,-0.6288097,0.81456274,0.52400947,0.4531445,-0.9235415,0.48870975,-0.07612517,0.173456,1
2.3011947,0.50153244,-0.4288097,0.61456275,0.32400948,0.6531445,-1.1235415,0.4799899,0.123874836,-0.026544005,1
2.1011946,0.43391442,-0.2288097,0.41456276,0.52400947,0.85314447,-0.9235415,0.2799899,-0.07486015,0.08597595,1
2.3011947,0.23391442,-0.028809696,0.25159913,0.72400945,1.0531445,-0.7235415,0.079989895,0.12513986,0.28597596,1
2.402599,0.41680977,-0.21979016,0.43379736,0.86522645,0.993099,-0.88713604,0.26895285,-0.0719092,0.4668191,1
2.202599,0.21680976,-0.019790158,0.63379735,0.82049364,1.1837342,-1.087136,0.08862202,0.1280908,0.26681912,1
2.321382,0.40272,0.069359094,0.6566122,0.5995186,0.9504802,-1.243626,-0.10761298,0.30663955,0.3130532,1
2.2286422,0.53274244,0.2102028,0.757157,0.42554295,1.0169061,-1.2760168,-0.2718982,0.09425838,0.4534862,1
2.2033167,0.30187115,0.37214485,0.86835355,0.5675061,1.0662336,-1.0765018,-0.42811623,-0.09593108,0.5928568,1
2.27306,0.09634986,0.41711357,0.9484744,0.5987794,0.81928486,-1.2073171,-0.21575262,-0.279892,0.37156448,1
2.3158514,0.2893579,0.5340904,1.1213778,0.6916824,0.60467374,-0.9835509,-0.40594354,-0.07800706,0.16751666,1
2.1013901,0.3991064,0.72907305,0.9150804,0.885588,0.799174,-1.1754616,-0.20453596,-0.27610695,0.36500478,1
2.1442661,0.55820334,0.86564195,1.03895,0.7156396,0.93095684,-0.9088634,-0.0042262725,-0.18240517,0.15373932,1
1.9442661,0.7582033,0.66564196,0.83895,0.9156396,1.1309569,-0.70886344,0.19577374,0.01759483,0.35373932,1
2.1442661,0.55820334,0.46564198,0.63895,0.81793463,0.9309569,-0.6240059,-0.0042262673,0.14711207,0.3263877,1
2.28341,0.34890455,0.6483622,0.5628243,0.99150956,1.1015978,-0.8026151,0.13836235,0.20803583,0.15471132,1
2.2406163,0.28101167,0.8332956,0.74927676,0.7774526,0.8855857,-0.9293533,0.33235312,0.40078923,0.34841177,1
2.2021515,0.44476104,0.955423,0.8777361,0.9037885,0.6339177,-0.6743868,0.4922332,0.5555118,0.21234702,1
2.4021516,0.42003232,0.9753458,0.6777361,0.7037885,0.48718172,-0.4743868,0.29223317,0.39847004,0.012347013,1
2.5291276,0.21695545,0.7645036,0.4710556,0.8911502,0.67757237,-0.66495633,0.0909434,0.2072677,0.058612075,1
2.5367038,0.38755703,0.52470195,0.6237412,1.014216,0.6100284,-0.4321735,-0.1013673,0.3785523,-0.09718993,1
2.598737,0.5579362,0.32729375,0.40237895,1.1530031,0.38935745,-0.22046882,-0.28617433,0.16955084,-0.1611796,1
2.5607994,0.69349945,0.11647174,0.18517348,1.2379761,0.5392526,-0.018728638,-0.11683682,-0.027860498,-0.27450693,1
2.5172474,0.45982566,0.2948774,-0.013814839,1.3398563,0.68880993,-0.20380376,0.061447464,-0.2123125,-0.06942297,1
2.5358775,0.53366035,0.25031868,-0.0667577,1.3909645,0.45618302,-0.0035498678,0.24399646,-0.011490671,0.121861316,1
2.307738,0.71695447,0.44006467,0.1302083,1.5547373,0.5146952,-0.19891493,0.4338864,0.18421686,-0.07635942,1
2.4944587,0.514217,0.23879343,-0.06942213,1.4369435,0.3130288,0.0010793268,0.46130878,-0.015699567,-0.274896,1
2.5318177,0.671106,0.4123073,-0.11406181,1.16228,0.48206174,-0.18691358,0.46861678,0.17317583,-0.29782906,1
2.5453312,0.54628175,0.5705084,-0.2926225,0.8965903,0.6355011,0.012193084,0.6229739,-0.024993034,-0.46384498,1
2.571971,0.69915605,0.49755433,-0.08677364,0.6526025,0.6276662,0.19879366,0.6066391,0.16395575,-0.621925,1
2.621547,0.66600186,0.6597008,-0.23281617,0.42804155,0.5945506,0.37715268,0.3845724,0.07972508,-0.6010975,1
2.421547,0.86600184,0.45970082,-0.095716804,0.62804157,0.57793677,0.17715268,0.5845724,0.27972507,-0.40109754,1
2.348253,0.9685388,0.59938526,0.09474873,0.75233483,0.7068111,0.3426701,0.71283996,0.43586445,-0.54614,1
2.297268,0.7549169,0.78521657,0.28952447,0.9354552,0.49782813,0.14014135,0.8966604,0.6245941,-0.3400049,1
2.0972679,0.5549169,0.5852166,0.08952446,1.1354553,0.29782814,-0.05985865,0.6966604,0.8245941,-0.5400049,1
2.0551558,0.7271305,0.7563149,-0.10640924,1.2863008,0.094227344,-0.25029397,0.6754364,0.98688155,-0.7127673,1
2.0687125,0.6934336,0.8421341,-0.2810771,0.9964916,0.26990232,-0.41306624,0.6841785,1.088757,-0.7492838,1
1.8687124,0.4934336,0.710953,-0.39800966,0.7964916,0.069902316,-0.3743089,0.5252211,1.2887571,-0.5492838,1
1.9464666,0.6524567,0.85712224,-0.39441833,0.93760616,0.25395304,-0.16400851,0.6823658,1.4007823,-0.70500654,1
1.8822151,0.5176409,0.8191315,-0.5212395,0.9975555,0.3980669,-0.31919545,0.62529814,1.4037101,-0.79359126,1
2.0623837,0.6048215,0.61323476,-0.71437025,0.78995943,0.19618048,-0.5142505,0.4212475,1.1922457,-0.98412806,1
2.1269333,0.39008096,0.78362286,-0.88107574,0.5684776,0.20976134,-0.31184557,0.5986264,0.9561156,-1.0939415,1
2.1780124,0.177916,0.9206722,-0.6374877,0.7192959,0.124280855,-0.47908807,0.49041736,0.7077251,-1.2111307,1
1.9780123,0.2834863,0.7206722,-0.43748772,0.73112845,0.3049841,-0.67908806,0.45624247,0.9077251,-1.4111308,1
1.7780123,0.0834863,0.5206722,-0.45916763,0.53112847,0.5049841,-0.87908804,0.25624245,0.7077251,-1.2111307,1
1.5780122,-0.1165137,0.7206722,-0.2591676,0.33112848,0.70498407,-1.0790881,0.45624244,0.5921072,-1.0111307,1
1.7780123,-0.0072774366,0.89530563,-0.05916761,0.53112847,0.5049841,-0.89089894,0.65624243,0.3921072,-0.8111307,1
1.9780123,0.19272256,1.0953057,0.1408324,0.33112848,0.70498407,-0.69089895,0.8562424,0.19210719,-0.6111307,1
1.9839445,-0.007277444,0.8953057,-0.05916761,0.53112847,0.5049841,-0.89089894,0.65624243,0.3921072,-0.8111307,1
1.7839445,-0.20727745,1.0953057,-0.2591676,0.73112845,0.70498407,-1.090899,0.8562424,0.19531275,-0.6111307,1
1.5839444,-0.04685846,1.2953057,-0.11668277,0.53112847,0.5049841,-0.890899,0.65624243,0.37146628,-0.5102103,1
1.3839444,0.15314154,1.4953058,0.083317235,0.73112845,0.70498407,-1.090899,0.8562424,0.57146627,-0.40288103,1
1.1839443,-0.04685846,1.2953057,0.28331724,0.6774912,0.5049841,-1.290899,0.7487557,0.77146626,-0.602881,1
1.2588915,-0.039415244,1.4864904,0.48046792,0.47467622,0.3031861,-1.4821097,0.9431624,0.9657391,-0.79814774,1
1.2986801,-0.21312332,1.5012846,0.6057408,0.244512,0.091854475,-1.497385,0.98816407,1.0377208,-0.5324608,1
1.09868,-0.013123319,1.7012846,0.4057408,0.444512,0.29185447,-1.297385,1.1881641,0.8377208,-0.7324608,1
1.2986801,-0.21312332,1.6616468,0.2057408,0.24904132,0.09185447,-1.0973849,0.9881641,1.0377208,-0.9324608,1
1.09868,-0.013123319,1.4616468,0.365992,0.4490413,-0.108145535,-0.89738494,0.78816414,0.8377208,-0.7324608,1
1.2986801,0.18687668,1.2616467,0.565992,0.2490413,0.09185447,-0.69738495,0.9881641,1.0377208,-0.5324608,1
1.4986801,0.3868767,1.0616467,0.765992,0.4490413,0.29185447,-0.89738494,0.78816414,0.8377208,-0.4191013,1
1.6986802,0.5868767,1.2616467,0.63149834,0.6490413,0.09185447,-0.69738495,0.58816415,1.0377208,-0.2191013,1
1.8491468,0.7663484,1.423515,0.8098059,0.82689124,0.28424048,-0.48440903,0.49872467,0.9469235,-0.40816766,1
1.7882674,0.8738149,1.623515,1.0098059,0.62689126,0.37227944,-0.28440905,0.29872465,0.7469235,-0.20816766,1
1.9157654,0.87031305,1.3716066,1.1656904,0.7967387,0.16599728,-0.081331074,0.48053867,0.52698,-0.39328384,1
1.890743,0.9261809,1.4044583,1.0675848,0.89073044,0.3270716,-0.19979085,0.25070196,0.64966196,-0.17272712,1
1.8625077,0.64690757,1.429308,1.1292093,0.97166115,0.11319987,-0.32546905,0.22024895,0.75690883,-0.33203846,1
1.9728017,0.53097934,1.5584435,0.90332526,0.7380988,-0.08302488,-0.12001194,0.4019708,0.9152894,-0.12629563,1
1.9940768,0.67085224,1.613802,0.6454729,0.86093503,0.10735328,-0.24569105,0.55245537,0.65645295,0.058182143,1
2.0082428,0.43097204,1.6354427,0.773863,0.8723842,0.28132108,-0.041821104,0.6887239,0.41779232,-0.12980619,1
1.7423348,0.607974,1.7685435,0.5529465,1.0332973,0.46377763,-0.004151116,0.85633117,0.2098541,-0.31778523,1
1.7305908,0.7198925,1.7539424,0.31446996,1.0988492,0.38292342,0.17449838,0.941175,0.17387426,-0.10494485,1
1.8359523,0.8747989,1.6590745,0.4892504,0.8547871,0.5543482,0.35614026,0.7048422,0.35554674,-0.2899963,1
1.8463429,1.0590925,1.5016103,0.6791781,1.0393732,0.34916994,0.15385851,0.49746478,0.5143398,-0.12376997,1
1.8123403,1.1151133,1.5070285,0.77864265,1.0976489,0.4863715,-0.040865134,0.2634492,0.27839455,0.067513004,1
1.9078504,1.2468266,1.2391615,0.5690722,1.2302691,0.27150175,-0.22835831,0.43938476,0.29830623,0.15715186,1
1.7770467,1.3458384,1.3458312,0.71919745,0.96345556,0.2952311,-0.02651926,0.5979203,0.4659908,0.3339904,1
1.5770466,1.3040323,1.1458311,0.51919746,0.76345557,0.0952311,-0.22651926,0.3979203,0.6659908,0.13399039,1
1.701827,1.1040323,1.29683,0.5085722,0.96345556,-0.1047689,-0.026519254,0.19792031,0.8057834,-0.06600961,1
1.7397035,1.178845,1.4523112,0.44319773,1.128852,0.011326864,-0.2197821,0.030840987,0.9758693,-0.045956254,1
1.4322194,1.2825903,1.5369662,0.29593986,1.2360872,-0.17550218,-0.018401142,0.21472637,1.0937839,-0.22878647,1
1.4575785,1.3239592,1.5511179,0.39798155,1.2824317,-0.33532497,0.16216852,0.37035233,0.7981526,-0.02570643,1
1.506525,1.3850822,1.5915402,0.44728473,0.9837907,-0.48654133,-0.034383938,0.15820076,0.9071919,0.15841037,1
1.5787263,1.4663781,1.28733,0.22876598,1.0951385,-0.63512737,-0.21683131,0.02200634,0.9980532,-0.038475055,1
1.6703799,1.18924,1.3967333,0.027013773,1.2162486,-0.7457726,-0.39144114,0.20848341,0.7494419,-0.22394897,1
1.7732325,1.317083,1.134575,-0.16400133,1.3426888,-0.5174252,-0.5607217,0.3872668,0.52090394,-0.02270506,1
1.9732325,1.117083,1.334575,-0.009202853,1.1426888,-0.3174252,-0.4164877,0.18726681,0.32090396,-0.22270507,1
1.7732325,1.0880109,1.5345751,-0.20920286,0.94268876,-0.5174252,-0.30538943,0.3872668,0.52090394,-0.42270505,1
1.8348817,1.288011,1.334575,-0.009202853,0.7426888,-0.3174252,-0.50538945,0.5872668,0.42229563,-0.62270504,1
1.8529652,1.2745726,1.3973856,0.17374007,0.8225487,-0.4711679,-0.27808794,0.7168859,0.566663,-0.38491565,1
1.6529652,1.0952969,1.5973856,-0.015091181,0.6225487,-0.6591085,-0.07808794,0.62202895,0.47650117,-0.23020561,1
1.4529651,1.1672152,1.7973857,0.05295361,0.7503274,-0.45910853,-0.024424102,0.42202896,0.67650115,-0.4302056,1
1.2214245,1.3327987,1.8879032,-0.14334482,0.926405,-0.6425169,-0.21877474,0.21643987,0.8544372,-0.22631352,1
1.4214245,1.1731068,1.6879032,0.056655183,0.726405,-0.44251692,-0.16702232,0.4164399,0.7759929,-0.42631352,1
1.2214245,0.9731068,1.8879032,-0.14334482,0.52640504,-0.6425169,0.032977685,0.6164399,0.8549839,-0.22631352,1
1.0214244,1.1731068,1.6879032,-0.116640806,0.3398127,-0.8425169,0.23297769,0.4164399,0.65498394,-0.42631352,1
0.8214244,1.0687968,1.8879032,0.0833592,0.1398127,-1.042517,0.3074406,0.6164399,0.8549839,-0.6263135,1
0.9666491,1.2007558,1.9759367,0.26816368,0.32158977,-1.1758853,0.10167896,0.39410773,0.6198595,-0.7820013,1
0.7666491,1.4007559,2.1759367,0.26111004,0.12735294,-0.97588533,-0.013601303,0.19410773,0.46741176,-0.58636886,1
0.91636753,1.1382968,2.2523491,0.05793131,0.31032524,-0.9440609,-0.20249054,0.37360767,0.25350198,-0.7454648,1
1.1163676,0.93829685,2.052349,-0.14206868,0.51032525,-0.74406093,-0.0024905354,0.41188973,0.05350198,-0.9454648,1
0.9163676,0.73829687,1.852349,-0.34206867,0.31032526,-0.85810894,-0.20249054,0.6118897,-0.14649802,-0.95679,1
1.1163676,0.5382969,1.7138873,-0.14206867,0.11032526,-0.70328057,-0.1616438,0.5336376,-0.12719448,-0.95881015,1
0.9163676,0.3382969,1.9138874,0.057931334,-0.02779752,-0.5032806,-0.3616438,0.3336376,0.072805524,-1.1588101,1
1.1163676,0.13829689,2.1138873,0.25793135,0.17220248,-0.70328057,-0.5616438,0.13363759,0.2024027,-0.95881015,1
1.3163676,-0.061703116,1.9138873,0.45793134,-0.02779752,-0.5032806,-0.76164377,0.3336376,0.002402693,-1.117991,1
1.1907398,0.13829689,2.1138873,0.25793135,-0.22779752,-0.44408855,-0.8253695,0.5336376,0.2024027,-1.1733763,1
0.94026375,0.3210614,2.1959999,0.43460074,-0.026381299,-0.23165278,-0.9731292,0.39430478,0.38190117,-1.3034059,1
1.1402638,0.12945388,1.9959998,0.30354965,0.1736187,-0.43165278,-1.1107596,0.19430478,0.18190117,-1.1034058,1
1.3351318,-0.07027599,1.7891227,0.10315314,0.3721881,-0.6292341,-1.3057406,0.21567218,0.17049576,-1.298415,1
1.0917281,0.1247638,1.9130654,0.21646555,0.2853653,-0.79752696,-1.0634608,0.39977828,-0.028376097,-1.4411206,1
1.1677172,0.2935852,1.910203,0.014884789,0.18956646,-0.90176046,-0.78056526,0.4462802,-0.20645112,-1.4835668,1
1.2293508,0.08411757,1.8967222,0.19314575,-0.00937802,-0.90196246,-0.5218318,0.58089864,-0.36533207,-1.513247,1
1.3183587,-0.10688391,1.564968,-0.0063220034,-0.19311936,-1.0163927,-0.66578,0.72026014,-0.5214328,-1.5802097,1
1.1183586,-0.30688393,1.364968,-0.15272583,0.006880641,-0.8163927,-0.86578,0.52026016,-0.5972352,-1.3802097,1
1.3183587,-0.10688393,1.564968,-0.24186426,-0.19311936,-0.61639273,-1.06578,0.32026017,-0.3972352,-1.5802097,1
1.4188236,-0.056398906,1.6492666,-0.039119877,0.0064295847,-0.38909638,-1.0359217,0.48615482,-0.18430558,-1.6635092,1
1.2188236,0.14360109,1.4492666,0.16088012,0.18267828,-0.18909638,-1.2359217,0.2861548,0.015694425,-1.8635093,1
0.9304387,-0.051506206,1.5061897,0.32957312,0.34948024,-0.35534155,-1.311353,0.44397998,0.19470522,-1.8844961,1
0.7652356,0.043281794,1.3061897,0.52957314,0.54948026,-0.55534154,-1.511353,0.64397997,-0.005294785,-1.684496,1
0.8719517,-0.14157239,1.3606261,0.297722,0.6770477,-0.5813794,-1.5459617,0.40107214,-0.18545435,-1.7023716,1
1.0461195,-0.33334106,1.1326568,0.09536707,0.46555164,-0.7625494,-1.544147,0.19622663,-0.37616554,-1.7719747,1
1.2184626,-0.13038163,1.3030794,0.28881156,0.65078014,-0.55006397,-1.6119922,-0.0036896286,-0.17225565,-1.5370857,1
0.9656349,0.06600727,1.2916105,0.084204905,0.4273982,-0.71115816,-1.7180042,0.18612775,0.026305253,-1.646983,1
1.0300826,-0.12559819,1.3981622,-0.108540624,0.21315187,-0.8458712,-1.7978427,0.28056046,0.2121274,-1.3563306,1
0.8174781,-0.3206541,1.5738949,0.090070605,0.012952164,-0.63606393,-1.9675064,0.07933719,0.40586942,-1.1387722,1
0.67179054,-0.21416824,1.3008516,-0.10408499,-0.11124053,-0.79161453,-2.052271,-0.11424777,0.57365835,-1.2675964,1
0.7178399,-0.014168233,1.5008516,0.09591501,-0.31124052,-0.9916145,-1.8522708,-0.05603123,0.37365836,-1.1746658,1
0.91696566,0.18565477,1.3922893,0.29563317,-0.5107536,-0.79086053,-2.050316,0.09544218,0.17349295,-0.9846337,1
1.1169657,0.20859303,1.5922893,0.095633164,-0.31075358,-0.78921807,-1.850316,0.2954422,-0.02650705,-0.7846337,1
0.91696566,0.40859303,1.7922894,0.29563317,-0.11075358,-0.98921806,-1.650316,0.4954422,0.17349295,-0.5846337,1
1.0740708,0.58522123,1.9157795,0.47659937,0.08581909,-1.1435485,-1.3946195,0.28409636,0.3591497,-0.36986262,1
1.2740709,0.7837446,1.7157794,0.47339517,0.28581908,-0.9435485,-1.1946194,0.48409635,0.15914969,-0.4699633,1
1.4535874,0.70117664,1.7120998,0.66403776,0.47906822,-0.7332163,-1.2289364,0.55472463,-0.04028266,-0.6606536,1
1.6458141,0.49882066,1.9031112,0.4618564,0.27775636,-0.5307097,-1.0240995,0.7511767,0.15896654,-0.4584881,1
1.6642767,0.2694314,1.8292545,0.23610257,0.4307686,-0.65884376,-1.1037083,0.85762763,0.32366186,-0.2785342,1
1.7837324,0.44915006,1.558864,0.41726115,0.55570304,-0.8217382,-0.8646644,1.0119338,0.50103754,-0.07514121,1
1.5996045,0.24915005,1.428706,0.6172612,0.35570306,-1.0217382,-0.6646644,0.8119338,0.30103755,-0.2751412,1
1.6936083,0.046255123,1.5327756,0.71552646,0.5229723,-1.1497781,-0.81373584,0.89528054,0.09508646,-0.44715554,1
1.8220775,-0.14793718,1.2824302,0.49605253,0.6956621,-1.2987905,-0.5905521,1.0539064,0.28393963,-0.23781927,1
1.516928,0.04661414,1.3272852,0.62320656,0.8019257,-1.3419333,-0.7078161,1.1226778,0.4332925,-0.3919989,1
1.5302631,0.22987464,1.4236172,0.39448044,0.9339177,-1.0644219,-0.846196,1.0241802,0.59030634,-0.55181557,1
1.6099907,0.02779802,1.5107579,0.23998453,1.0550978,-0.804335,-0.60127825,1.1390861,0.7353713,-0.3273605,1
1.8099908,0.22779801,1.3107579,0.039984524,1.2550979,-0.604335,-0.80127823,0.93908614,0.65987724,-0.12736051,1
1.5750357,0.027194481,1.4779574,0.23477416,1.3541291,-0.78687185,-0.9795392,0.79563284,0.47815666,0.0710624,1
1.3750356,0.22719449,1.2779573,0.29571885,1.5541291,-0.58687186,-0.7795392,0.9956328,0.6781567,-0.1289376,1
1.5750357,0.027194485,1.0779573,0.49571884,1.4924806,-0.38687187,-0.57953924,0.85009795,0.4781567,-0.3289376,1
1.3750356,-0.17280552,1.2282252,0.29571885,1.3800168,-0.58687186,-0.61289287,0.65009797,0.6781567,-0.12893759,1
1.5750357,0.027194485,1.4282253,0.49571884,1.5800169,-0.38687187,-0.41289288,0.814526,0.6459309,-0.3289376,1
1.7103747,0.21891823,1.1834834,0.67037517,1.4504087,-0.5654933,-0.5905664,0.9775688,0.43476242,-0.5096694,1
1.5103747,0.41891825,1.0275726,0.7163973,1.6504087,-0.3654933,-0.3905664,1.0833416,0.23476242,-0.32556063,1
1.633726,0.20910765,1.00249,0.49325547,1.6694015,-0.5401513,-0.18202637,1.22583,0.41527897,-0.50200814,1
1.433726,0.40910766,1.0410514,0.6932555,1.8694016,-0.3401513,0.017973632,1.0258299,0.21527897,-0.7020081,1
1.614818,0.20668754,1.226688,0.81263584,1.6500806,-0.53389984,-0.17991967,0.81627214,0.41047272,-0.5563526,1
1.6447704,0.36858112,1.293008,0.5552321,1.6661718,-0.3026136,0.01819881,0.9210479,0.5532717,-0.3952869,1
1.4998753,0.16858111,1.0930079,0.35523212,1.4661717,-0.5026136,-0.1818012,0.89656246,0.7532717,-0.19528688,1
1.6535462,0.35853565,1.2577677,0.54009956,1.4767648,-0.29436603,-0.3713954,1.0666763,0.75662434,-0.38451356,1
1.4560362,0.20885012,1.3415438,0.6810934,1.5430809,-0.45495158,-0.2737641,1.1653064,0.5122462,-0.5379119,1
1.2560362,0.40885013,1.5415438,0.4810934,1.4526037,-0.6549516,-0.0737641,1.1667004,0.3122462,-0.7379119,1
1.0560361,0.55157447,1.3415438,0.6810934,1.2526037,-0.85495156,-0.027979568,0.9667004,0.5122462,-0.93791187,1
1.1869471,0.3504518,1.5366213,0.47955716,1.4479651,-1.0515828,-0.21341884,0.7642521,0.7099718,-0.7355555,1
0.985472,0.15022694,1.3346236,0.6785415,1.63442,-1.2497122,-0.28662544,0.5634088,0.5092096,-0.93415725,1
1.185472,-0.049773067,1.5346236,0.87854147,1.43442,-1.0497122,-0.48662543,0.3634088,0.3092096,-0.73415726,1
1.0658716,-0.23670569,1.6438733,0.94164246,1.548912,-1.184331,-0.35519934,0.15485974,0.10349606,-0.50621176,1
1.1798632,-0.03616433,1.4225781,1.0745608,1.723118,-0.96981347,-0.15291035,-0.044474505,-0.09508064,-0.6957961,1
1.2316872,0.14624225,1.4483382,0.7806464,1.693854,-1.0441935,-0.3150132,-0.2182217,0.09365264,-0.7996013,1
1.0316871,-0.053757757,1.2483381,0.85760343,1.4938539,-1.1926463,-0.5150132,-0.4182217,-0.10634736,-0.9996013,1
0.976954,-0.25375777,1.2431625,0.65760344,1.5202769,-0.9926463,-0.31501323,-0.6182217,-0.30634737,-0.7996013,1
1.176954,-0.05375777,1.4431626,0.85760343,1.3202769,-1.1926463,-0.11501323,-0.4182217,-0.50634736,-0.7578366,1
1.1545368,-0.24990232,1.6181973,0.91460276,1.4971787,-1.0339826,0.08369553,-0.21490617,-0.6956155,-0.5493611,1
0.95453686,-0.04990232,1.4181973,1.1146028,1.6971787,-0.83398265,0.28369552,-0.23681048,-0.49561548,-0.7493611,1
1.0952586,0.1423911,1.2714509,1.2471062,1.4203079,-0.980894,0.45886075,-0.414383,-0.65989995,-0.9006173,1
1.2952586,0.3423911,1.0714508,1.4471062,1.309875,-0.78089404,0.25886077,-0.24481514,-0.45989996,-0.96277833,1
1.4212294,0.36180615,1.208502,1.565559,1.0549257,-0.93233055,0.43614283,-0.4227926,-0.24703248,-0.7250136,1
1.0858274,0.49951676,1.2523366,1.5698054,1.1157877,-1.0067852,0.5656115,-0.35482326,-0.39746845,-0.82245415,1
1.2758211,0.57550335,1.4410346,1.3591454,1.3055483,-0.8005067,0.3627663,-0.15361841,-0.19593173,-0.76050353,1
1.0452483,0.71007663,1.5025858,1.4276054,1.2399251,-0.8971274,0.5152875,-0.32378477,-0.36252823,-0.51321566,1
1.1793799,0.48309574,1.2336844,1.541512,1.3400129,-0.8682658,0.29861015,-0.49607876,-0.36929154,-0.67548954,1
1.37938,0.28309572,1.4336845,1.341512,1.1400129,-0.84603554,0.09861015,-0.29607874,-0.56929153,-0.5895294,1
1.5369561,0.13717905,1.5898019,1.2565264,1.2033035,-0.818409,-0.09866641,-0.093497954,-0.48241004,-0.3790662,1
1.5413027,-0.0604708,1.3378088,1.4020371,1.2193383,-0.98030996,0.097542666,-0.15291135,-0.27184495,-0.55740315,1
1.7413027,0.12806188,1.1378088,1.2020371,1.0193383,-1.18031,-0.10245734,-0.2228998,-0.47184497,-0.69246364,1
1.7991486,0.30403915,0.86913663,0.92866164,1.1249636,-1.2792351,-0.28030953,-0.021222927,-0.6226483,-0.8271119,1
1.5991485,0.50403917,0.66913664,0.7834309,1.3249637,-1.0792351,-0.48030955,0.17877707,-0.8226483,-1.0271119,1
1.7991486,0.70403916,0.46913666,0.8166197,1.5249637,-0.8792351,-0.28030956,-0.021222934,-0.6226483,-0.8271119,1
1.8143852,0.57071614,0.26469034,0.95591706,1.6219658,-1.0147936,-0.45163015,0.16810225,-0.39741188,-0.5896669,1
1.8502187,0.77071613,0.46469033,1.155917,1.5335405,-0.81479365,-0.25163013,0.36810225,-0.19741188,-0.38966691,1
1.817259,0.57071614,0.26469034,0.95591706,1.3335404,-1.0147936,-0.45163012,0.16810225,-0.086599976,-0.5896669,1
2.017259,0.37071615,0.18276176,0.9561042,1.5335405,-0.8485297,-0.6516301,-0.031897753,-0.2866,-0.38966691,1
2.217259,0.17071615,0.38276178,0.75610423,1.3498755,-0.6485297,-0.45163012,0.16810225,-0.48659998,-0.5896669,1
2.017259,-0.029283851,0.58276176,0.55610424,1.5369189,-0.44852972,-0.6516301,0.36810225,-0.5604528,-0.38966691,1
1.8172588,-0.22928385,0.56838524,0.75610423,1.7369189,-0.24852972,-0.8516301,0.16810225,-0.64544713,-0.18966691,1
1.6172588,-0.42928386,0.76838523,0.893141,1.5369189,-0.44852972,-0.6516301,0.36810225,-0.44544715,-0.11904269,1
1.8156412,-0.3147799,0.96752316,0.69252396,1.7353728,-0.6479524,-0.45122808,0.5028447,-0.5425005,0.08088525,1
1.8344709,-0.119186945,1.0370668,0.4482548,1.7614172,-0.7717365,-0.31332028,0.27562433,-0.6757629,0.122912474,1
1.922996,-0.30169773,0.7912014,0.23465216,1.8539453,-0.91849214,-0.10711112,0.18359502,-0.44969442,0.04309622,1
2.0209546,-0.09680964,0.56278545,0.032986607,1.9552227,-0.68395793,-0.23338659,0.3651576,-0.23769291,0.23141184,1
2.1594286,-0.28858724,0.74165434,0.22653228,1.7065985,-0.47055107,-0.42138067,0.5495013,-0.19461174,0.030541653,1
2.0672765,-0.4657931,0.93712366,0.23926972,1.6899246,-0.26924935,-0.22031552,0.74589515,-0.11079467,-0.16864301,1
2.068817,-0.6075148,0.67260164,0.23578393,1.7244954,-0.0631878,-0.018537253,0.86309886,0.081397,-0.3363749,1
1.8688169,-0.60912746,0.8726016,0.03578393,1.5244954,-0.2631878,-0.21853726,0.6630989,0.28139699,-0.5363749,1
1.887432,-0.80912745,1.0726017,0.23578393,1.3244953,-0.4631878,-0.06506218,0.86309886,0.48139697,-0.33637494,1
1.7684109,-1.0091275,0.8726017,0.03578393,1.364157,-0.6631878,0.13493782,1.0630989,0.4894011,-0.13637494,1
1.871963,-1.1498829,0.63964564,0.22423102,1.4875166,-0.4404926,0.31852657,0.8208089,0.6556219,-0.31989327,1
1.9134811,-1.2466321,0.77542216,0.27013355,1.291984,-0.2220976,0.10946061,0.86201954,0.7901764,-0.11072277,1
1.9014615,-1.3015093,0.51769716,0.06309792,1.3423116,-0.019880822,-0.08145669,0.9028781,0.89084417,0.030074155,1
1.7014614,-1.4022781,0.71769714,-0.1369021,1.5423117,0.18011919,-0.2814567,0.7028781,0.6908442,0.14065118,1
1.7634058,-1.374592,0.51769716,-0.021078773,1.3423116,0.3801192,-0.081456706,0.9028781,0.7243262,0.34065118,1
1.7896144,-1.4352165,0.2895761,-0.20150994,1.1655434,0.5287698,0.108050406,1.0052565,0.8425092,0.49279532,1
1.8670406,-1.1591188,0.084057614,-0.3767742,1.2814167,0.30851534,0.2890724,1.1310046,0.8733427,0.3986316,1
1.822112,-1.0865574,0.27668348,-0.17218514,1.3223089,0.4232075,0.4763761,0.90683573,1.0454787,0.5684918,1
1.827907,-0.8014118,0.06931874,0.025143508,1.3761054,0.56335425,0.4426808,1.0005345,1.1258621,0.57915765,1
1.6090289,-0.59443754,0.13405247,0.22253263,1.5578282,0.754502,0.23986655,0.7912511,1.3104868,0.7701221,1
1.4090289,-0.7944375,0.33405247,0.42253262,1.3578281,0.954502,0.43986654,0.59125113,1.418189,0.64048725,1
1.3943747,-0.59443754,0.13405247,0.6225326,1.4784325,0.754502,0.23986654,0.39125115,1.4825635,0.44048727,1
1.1943747,-0.7744093,-0.06594753,0.42253262,1.2784325,0.554502,0.43986654,0.19125114,1.6768391,0.64048725,1
1.3062397,-0.91281927,0.12557934,0.5831838,1.3598162,0.33209482,0.5994221,0.36523065,1.741436,0.7873621,1
1.1062397,-1.1128193,0.06440578,0.38318384,1.1598161,0.19338463,0.7994221,0.56523067,1.541436,0.9873621,1
1.3062397,-0.99273086,0.2644058,0.20217082,1.274735,-0.0066153705,0.5994221,0.36523068,1.5873277,0.7873621,1
1.1062397,-1.1927309,0.46440578,0.002170816,1.474735,0.19338463,0.7994221,0.16523068,1.3873277,0.91284335,1
1.2215626,-1.302447,0.24726565,-0.18067516,1.1921002,0.36788344,0.93463445,-0.0325154,1.484429,1.0407032,1
1.3778646,-1.0685583,0.43351698,-0.36897343,0.9616036,0.4539217,1.0604385,-0.22536801,1.6326506,0.81486046,1
1.4287751,-1.1486946,0.5736571,-0.15300743,1.0518458,0.5343992,0.77913725,-0.022971028,1.6594868,0.7301839,1
1.1015517,-1.2090553,0.6935552,0.042127114,1.1222339,0.6583619,0.8777606,0.15869997,1.6669617,0.75810033,1
0.88700664,-1.2702298,0.8791392,0.018913157,1.3009019,0.6609778,0.66682607,0.35291296,1.496487,0.942643,1
0.6612778,-1.2351295,1.0387248,0.21071473,1.0596724,0.44371387,0.83436286,0.14718626,1.6329525,1.0998502,1
0.86127776,-1.0351294,0.8387248,0.010714725,1.0559186,0.48991898,0.6343629,-0.05281374,1.8329525,0.8998502,1
0.6612778,-0.83512944,0.6387248,0.21071473,0.8559186,0.689919,0.83436286,-0.25281376,1.6329525,1.0998502,1
0.86127776,-1.0351294,0.8387248,0.010714725,1.0559186,0.489919,1.0343629,-0.1979303,1.4329524,0.95107096,1
0.6612778,-1.2351295,0.6387248,-0.18928528,0.8559186,0.28991902,1.234363,-0.13416246,1.2329524,0.751071,1
0.86127776,-1.4351295,0.43872482,-0.38928527,1.0559186,0.089919016,1.1328347,0.06583755,1.4329524,0.551071,1
1.0100131,-1.5561452,0.6078714,-0.56082004,0.8145737,-0.10476356,1.2684525,0.25299636,1.5540732,0.3341126,1
0.8100131,-1.6954652,0.40787143,-0.76082003,1.0145737,0.09523644,1.2341074,0.052996352,1.3540732,0.47260576,1
0.6100131,-1.4954652,0.6078714,-0.56082004,0.8145737,-0.10476356,1.4341074,-0.056760706,1.5540732,0.27260578,1
0.8100131,-1.2954651,0.40787143,-0.76082003,1.0145737,-0.06741859,1.2341074,-0.25676072,1.4957886,0.47260576,1
1.0100131,-1.0954651,0.6078714,-0.56082004,0.8145737,-0.16436675,1.1264839,-0.4567607,1.6957886,0.27260578,1
0.8100131,-1.0376824,0.40855953,-0.76082003,1.0145737,0.03563325,1.326484,-0.25676072,1.8957887,0.072605774,1
0.9681012,-1.186323,0.37355778,-0.7976144,0.78077185,0.22585532,1.0797389,-0.05440535,2.008821,-0.122107826,1
0.7681012,-0.98632306,0.5735578,-0.9976144,0.58077186,0.025855318,0.87973887,-0.25440535,2.208821,-0.18041435,1
0.8868383,-1.0867425,0.56430763,-0.90170574,0.71523345,0.09268769,0.62268126,-0.049838535,2.2066236,-0.3484822,1
0.96078527,-1.1375043,0.6756621,-0.97392833,0.45547593,0.25874135,0.7272655,-0.1763924,2.1274998,-0.131261,1
0.76921636,-1.3375044,0.8756621,-1.1739284,0.2939137,0.058741346,0.5272655,-0.37639242,1.9274998,-0.331261,1
0.955138,-1.5151714,0.6658478,-1.3539715,0.09254955,0.2191107,0.7167016,-0.17383024,1.702407,-0.12935437,1
0.6895776,-1.422318,0.7906756,-1.419057,0.26715064,0.01745152,0.83711433,-0.2607642,1.7372416,0.06451224,1
0.78171134,-1.6161181,0.58841825,-1.2143981,0.46536532,0.2166205,1.0331509,-0.45900333,1.5313667,0.26350138,1
0.86544055,-1.4722763,0.69504046,-1.2468814,0.58656156,0.3672773,1.0871005,-0.22832781,1.5263093,0.055980474,1
0.9784431,-1.1931884,0.8394025,-1.3569397,0.7184397,0.15687892,0.8319561,-0.40170187,1.6189976,0.2400681,1
1.1345551,-0.95619977,0.6155897,-1.4989556,0.49939078,-0.041515153,0.861443,-0.5792931,1.6322882,0.42367893,1
0.91214174,-0.89779115,0.40562263,-1.6582097,0.6826173,0.15468392,1.0359864,-0.56806076,1.4803319,0.60872126,1
0.71214175,-0.69779116,0.20562263,-1.8448184,0.48261732,-0.045316085,1.0033225,-0.36806077,1.2803319,0.40872127,1
0.51214176,-0.84952146,0.0056226254,-1.6448183,0.5108005,-0.2391695,1.2033225,-0.56806076,1.4803319,0.60872126,1
0.6011861,-1.0258131,-0.18998647,-1.6213442,0.35236803,-0.4292488,1.0920004,-0.75071055,1.6423739,0.39948842,1
0.7073618,-1.0822623,0.008840884,-1.6080527,0.48768204,-0.20240223,1.1406986,-0.48621866,1.6266197,0.52928436,1
0.83145225,-1.1749887,0.19136934,-1.6472503,0.26361468,-0.26379827,0.86200005,-0.62880987,1.6738054,0.31445342,1
0.9499612,-1.2663561,0.36044875,-1.4408634,0.05858873,-0.42715535,0.9780955,-0.39493126,1.7257632,0.10541089,1
0.7499612,-1.0663561,0.56044877,-1.2408633,-0.14141127,-0.35840884,0.82941306,-0.3548916,1.9257632,-0.052583575,1
0.9499612,-0.8663561,0.76044875,-1.0408633,-0.3414113,-0.40811777,0.9037777,-0.1548916,1.7257632,0.14741643,1
0.7499612,-1.0663561,0.65272886,-1.0716636,-0.4629724,-0.20811777,0.70377773,-0.3548916,1.5257632,-0.052583575,1
0.9499612,-0.89134526,0.85272884,-0.9073845,-0.2629724,-0.40811777,0.50377774,-0.1548916,1.7257632,0.14741643,1
0.7499612,-1.0913453,0.65272886,-1.1073846,-0.30058372,-0.60811776,0.70377773,0.045108408,1.6604714,-0.052583575,1
0.5433777,-1.1514072,0.84252095,-1.2917341,-0.4945913,-0.79844385,0.8085604,-0.15303741,1.8382,-0.24955991,1
0.69702303,-1.2671378,0.6024554,-1.3524966,-0.6461472,-0.93618405,0.9456698,-0.33102313,1.536047,-0.24303499,1
0.5901004,-1.0671377,0.4024554,-1.5524967,-0.8461472,-0.8353361,1.1456698,-0.24614996,1.3360469,-0.443035,1
0.76415294,-1.2255241,0.58267033,-1.3080797,-1.0117911,-1.001335,0.9146134,-0.10443217,1.2660906,-0.6219173,1
0.56415296,-1.025524,0.7812243,-1.5080798,-0.8117911,-0.80133504,1.1146134,0.026105009,1.0660906,-0.8219173,1
0.59737825,-1.2255241,0.9812243,-1.3162906,-0.9902065,-1.001335,0.9146134,0.226105,0.8660906,-0.6219173,1
0.7207839,-1.2885914,1.0677586,-1.1387707,-1.0758779,-1.0859375,0.6459693,0.38517433,0.9636843,-0.74296576,1
0.6646063,-1.4394001,0.8677586,-0.9387707,-0.8758779,-1.2859375,0.44596928,0.34600356,1.1636844,-0.54296577,1
0.50330603,-1.2394,0.71288055,-0.7387707,-0.6758779,-1.0859375,0.24596928,0.20445596,1.3636844,-0.74296576,1
0.703306,-1.3103007,0.51288056,-0.6090516,-0.8758779,-0.8859375,0.44596928,0.23536384,1.1636844,-0.63075227,1
0.70443463,-1.1103007,0.31288058,-0.4090516,-0.6758779,-1.083116,0.6459693,0.43536383,0.9636844,-0.47888505,1
0.50443465,-0.9103007,0.11288057,-0.5614177,-0.47587794,-1.0789095,0.71389496,0.23536383,1.1636844,-0.67888504,1
0.46573743,-0.7103007,0.31288058,-0.3614177,-0.27587795,-1.2789096,0.91389495,0.035363823,1.3636844,-0.87888503,1
0.50721854,-0.9103007,0.11288057,-0.5614177,-0.13784714,-1.121015,1.0038445,0.23536383,1.1636844,-1.0788851,1
0.703617,-1.1103007,-0.08711943,-0.4072818,-0.008540988,-1.321015,0.8038445,0.035363823,0.9636844,-0.8788851,1
0.90361696,-0.9103007,-0.28711945,-0.5660795,-0.20854099,-1.521015,0.6038445,0.23536383,0.7636844,-1.0788851,1
0.703617,-0.7103007,-0.48711944,-0.7660795,-0.008540988,-1.5245506,0.8038445,0.3997742,0.9636844,-1.2788851,1
0.503617,-0.9103007,-0.6871194,-0.9660795,-0.20854099,-1.7245506,0.6038445,0.19977419,1.1636844,-1.0788851,1
0.65707517,-0.86892605,-0.4548982,-1.0889474,-0.007976032,-1.7972484,0.37713164,-0.00021087551,1.2734815,-1.1942914,1
0.85707515,-1.0689261,-0.2548982,-0.8889474,0.12467077,-1.5972483,0.17713164,-0.07667615,1.0734814,-0.99429137,1
1.0570751,-1.2689261,-0.054898188,-1.0889474,0.32467076,-1.7972484,0.37713164,-0.27667615,0.87348145,-0.7942914,1
1.2398595,-1.3002988,-0.25140736,-1.0663128,0.122963384,-1.5753739,0.56922776,-0.47014806,0.7536826,-0.9806745,1
0.96758544,-1.3748862,-0.4136734,-1.1604594,0.13569489,-1.4644318,0.7049266,-0.24756587,0.8739625,-1.0819799,1
0.9845085,-1.5359406,-0.20838945,-1.3268164,0.32739347,-1.2331634,0.49244022,-0.0463896,0.657296,-1.2502776,1
0.9344248,-1.3359406,-0.40838945,-1.1268164,0.12739347,-1.0859791,0.29244024,0.15361041,0.857296,-1.3155115,1
1.1344248,-1.5359406,-0.60838944,-1.3268164,-0.072606534,-0.8859791,0.09244023,-0.046389595,0.657296,-1.1155114,1
0.8856323,-1.6452957,-0.7122065,-1.4470912,-0.25837195,-1.0292729,0.13258965,0.14558938,0.43341756,-1.2468199,1
0.6186824,-1.6651083,-0.78153425,-1.4862578,-0.41361332,-1.0594441,0.3001133,0.31184363,0.21062504,-1.2246275,1
0.8186824,-1.584205,-0.947454,-1.4512249,-0.23775406,-1.0450741,0.42782807,0.2675113,0.41062504,-1.0246274,1
0.6186824,-1.6134126,-0.86746114,-1.2512249,-0.03775406,-1.0498084,0.62782806,0.4675113,0.21062504,-1.2246275,1
0.8186824,-1.4134126,-0.8210701,-1.0512248,0.16224594,-1.0848466,0.42782807,0.2675113,0.010625035,-1.0246274,1
1.0186824,-1.330875,-0.6210701,-1.2512249,0.36224595,-1.2848467,0.22782807,0.21401864,0.21062504,-0.82462746,1
0.8186824,-1.130875,-0.49965644,-1.0512248,0.16224594,-1.0848466,0.027828068,0.41401863,0.010625035,-0.6246275,1
0.6186824,-1.330875,-0.6996564,-1.2512249,0.36224595,-1.2848467,-0.17122823,0.2776829,0.21062504,-0.82462746,1
0.8186824,-1.130875,-0.49965644,-1.4512249,0.56224597,-1.4848467,0.028771773,0.40631717,0.41062504,-1.0246274,1
0.6186824,-1.330875,-0.29965645,-1.2512249,0.36224598,-1.6848468,0.22877178,0.20631717,0.21062504,-1.2246275,1
0.8186824,-1.130875,-0.09965645,-1.2924176,0.16224597,-1.4848467,0.3309528,0.15131581,0.010625035,-1.1125851,1
1.0073348,-1.3160499,0.05899684,-1.2110007,-0.037333474,-1.6660786,0.5250383,-0.04814188,0.2082788,-1.2979637,1
1.097597,-1.3782523,0.23545595,-1.2827512,0.14788134,-1.3328228,0.65913767,0.13805534,0.3711693,-1.3435912,1
0.897597,-1.4196421,0.43545595,-1.4827513,0.34788135,-1.2359306,0.45913768,-0.061944664,0.1711693,-1.2495444,1
1.0228378,-1.5093254,0.59217393,-1.5681361,0.18162245,-1.3381268,0.26288885,0.12865214,-0.01379054,-0.978058,1
0.82283777,-1.5343211,0.39217395,-1.368136,0.38162243,-1.5381268,0.46288884,0.32865214,-0.21379054,-0.778058,1
0.59814864,-1.2814289,0.5687003,-1.5059756,0.55856705,-1.6692281,0.25246802,0.5076965,-0.39738798,-0.9116154,1
0.36464134,-1.3076495,0.6785277,-1.5058557,0.31650525,-1.6499578,0.39939114,0.62468,-0.30663764,-0.9812171,1
0.15601307,-1.428639,0.4534498,-1.6164579,0.110399626,-1.4615122,0.5679792,0.40242404,-0.48008657,-1.1193137,1
0.32380942,-1.4813184,0.5943411,-1.3757039,-0.08149545,-1.511218,0.33469316,0.47962165,-0.6185684,-1.1999735,1
0.52380943,-1.2813183,0.7943411,-1.3081231,0.118504554,-1.3112179,0.27603233,0.67962164,-0.8185684,-0.9999735,1
0.7238094,-1.4813184,0.9943411,-1.1081231,0.118953094,-1.1112179,0.47603232,0.58017254,-1.0185684,-0.7999735,1
0.9238094,-1.2813183,0.7943411,-0.9081231,-0.08104691,-1.1683046,0.27603233,0.7801725,-1.2185684,-0.5999735,1
1.0655696,-1.2806656,0.5943411,-1.1081231,-0.032195766,-1.0347128,0.076032326,0.58017254,-1.0185684,-0.3999735,1
0.86556965,-1.4806657,0.7943411,-0.9081231,-0.23219576,-0.8347128,-0.12396768,0.43538374,-1.2185684,-0.19997351,1
0.66556966,-1.2806656,0.96412015,-0.96940154,-0.03219576,-0.6347128,-0.3239677,0.23538373,-1.0185684,2.6494265e-05,1
0.8562105,-1.4806657,0.76412016,-0.76940155,-0.23219576,-0.8347128,-0.12396769,0.30876684,-0.8185684,0.2000265,1
1.0562105,-1.2806656,0.96412015,-0.56940156,-0.03219576,-0.6347128,-0.3239677,0.50876683,-0.6185684,2.6494265e-05,1
1.2562106,-1.4806657,0.76412016,-0.36940157,-0.16759807,-0.43471283,-0.3565028,0.7087668,-0.4655509,-0.19997351,1
1.4562106,-1.2806656,0.5641202,-0.56940156,-0.36759806,-0.6347128,-0.1565028,0.9087668,-0.2655509,-0.27735844,1
1.6562107,-1.4806657,0.3641202,-0.76940155,-0.56759804,-0.43471283,0.043497205,0.7087668,-0.12628296,-0.07735844,1
1.8562107,-1.2806656,0.16412018,-0.56940156,-0.36759806,-0.6347128,-0.1565028,0.8237735,-0.32628298,-0.27735844,1
1.6562107,-1.0806656,-0.03587982,-0.76940155,-0.16759805,-0.8347128,0.043497205,0.6237735,-0.52628297,-0.07735844,1
1.4562106,-0.8806656,-0.23587982,-0.96940154,0.01365234,-0.68891346,0.04604191,0.42377353,-0.72628295,-0.27735844,1
1.624473,-1.0806656,-0.109444425,-0.76940155,0.19063224,-0.48891348,0.24604191,0.22377352,-0.52628297,-0.07735844,1
1.4244729,-0.9031496,-0.19747642,-0.96940154,0.39063224,-0.68891346,0.4460419,0.42377353,-0.72628295,-0.27735844,1
1.4508063,-0.7031496,-0.39747643,-0.8668399,0.59063226,-0.56049216,0.6460419,0.22377352,-0.52628297,-0.47735846,1
1.6508063,-0.9031496,-0.19747643,-1.0668399,0.39063227,-0.36049217,0.8460419,0.023773521,-0.32628298,-0.27735847,1
1.8508064,-0.7031496,-0.39747643,-0.86683995,0.59063226,-0.56049216,1.046042,0.22377352,-0.52628297,-0.07735847,1
1.6508063,-0.5031496,-0.19747643,-1.0668399,0.41467452,-0.76049215,0.846042,0.42377353,-0.72628295,-0.27735847,1
1.8508064,-0.30314964,-0.39747643,-1.26684,0.6146745,-0.56049216,1.046042,0.22377352,-0.52628297,-0.21224609,1
1.8829669,-0.10314964,-0.38612133,-1.0668399,0.41467452,-0.76049215,0.846042,0.33659294,-0.32628298,-0.012246087,1
1.6829668,-0.30314964,-0.5861213,-1.26684,0.6146745,-0.56049216,0.9323677,0.53659296,-0.26926866,0.18775392,1
1.5139176,-0.5031496,-0.7861213,-1.0668399,0.5835635,-0.36049217,1.1323677,0.33659297,-0.06926866,0.3863322,1
1.7139176,-0.30314964,-0.9861213,-0.9179983,0.38356352,-0.56049216,0.93236774,0.16370833,0.025074318,0.5863322,1
1.9139177,-0.37139076,-0.86376953,-1.1120839,0.5835635,-0.74889123,0.73236775,-0.036291674,0.22507432,0.7863322,1
1.8230642,-0.17139076,-0.66376954,-0.9120839,0.38356352,-0.9488912,0.6266543,-0.23629168,0.025074318,0.9863322,1
1.7199144,0.028609246,-0.86376953,-1.1120839,0.34582046,-0.9495551,0.42665434,-0.036291674,0.22507432,1.1863322,1
1.5199144,-0.17139076,-1.0637696,-0.9120839,0.29790196,-1.1495551,0.5187507,-0.23629168,0.07293509,0.98633224,1
1.3694056,0.028609246,-1.2637696,-0.71208394,0.49790198,-0.9495551,0.7187507,-0.39082152,0.2729351,0.78633225,1
1.1694056,0.033669032,-1.4637697,-0.9120839,0.69790196,-0.7495551,0.9187507,-0.19082151,0.47293508,0.98633224,1
1.3694056,-0.14275888,-1.2637696,-1.1120839,0.89790195,-0.5495551,0.7187507,-0.39082152,0.67293507,0.78633225,1
1.5646785,0.057068713,-1.0605655,-1.2076979,1.094595,-0.7472974,0.9159834,-0.5200227,0.8703057,0.5845662,1
1.5596758,0.22720504,-1.1141256,-1.0433584,0.9303306,-0.8372498,0.9863395,-0.63637763,0.9459682,0.58882666,1
1.7596759,0.027205035,-0.9141256,-0.8528754,0.8516386,-1.0372498,1.1863395,-0.43637764,0.7459682,0.38882667,1
1.6135918,-0.17024265,-0.70357746,-0.643232,1.0361052,-1.2189747,1.3658623,-0.36104047,0.9319956,0.18603756,1
1.5068784,-0.3009747,-0.5933176,-0.3982721,1.110719,-1.275039,1.4070268,-0.5041305,1.01717,-0.012546146,1
1.5673401,-0.09271996,-0.3611637,-0.18206324,0.8362672,-1.3407154,1.4756515,-0.6465674,1.1176656,0.1721294,1
1.720335,-0.2849346,-0.45197958,0.01745971,0.61934465,-1.1103762,1.631085,-0.8240516,0.8932589,-0.027129348,1
1.920335,-0.48493463,-0.46951485,-0.1825403,0.41934466,-0.91037625,1.431085,-0.62405163,0.69325894,-0.17615995,1
2.116234,-0.6836099,-0.6682199,-0.1619716,0.21892042,-0.7090023,1.4168762,-0.8224578,0.49230492,-0.32330844,1
1.916234,-0.8836099,-0.46821994,-0.36197162,0.018920422,-0.5090023,1.6168762,-0.6224578,0.29230493,-0.36848527,1
1.716234,-1.0836099,-0.5143151,-0.16197161,-0.076231636,-0.30900234,1.4168762,-0.6911884,0.49230492,-0.51344115,1
1.8527377,-1.2410762,-0.6906456,-0.035550885,0.11966718,-0.10539044,1.502231,-0.620094,0.6693647,-0.6588984,1
1.8955677,-1.3307388,-0.4530788,-0.21751568,0.2874114,0.08736569,1.2025243,-0.75730264,0.8028009,-0.79313594,1
1.8987439,-1.3869659,-0.22930868,-0.015870534,0.44163182,-0.10205527,0.9083633,-0.8673891,0.908614,-0.89985675,1
1.6987438,-1.1869658,-0.029308677,-0.21587053,0.24163182,-0.30205527,0.7083633,-1.0673891,0.968096,-0.69985676,1
1.8987439,-0.98696584,-0.22930868,-0.30772838,0.041631818,-0.5020553,0.5083633,-1.2673892,1.1680961,-0.49985677,1
1.6987438,-1.1869658,-0.029308677,-0.10772838,0.24163182,-0.3020553,0.30836332,-1.4673892,0.9680961,-0.29985678,1
1.7861295,-1.304705,0.16056763,-0.02882961,0.41543865,-0.0960024,0.10193629,-1.5684965,1.0988164,-0.47021028,1
1.8907481,-1.0516529,-0.037538685,-0.21784034,0.58588296,0.09900325,-0.09335433,-1.6835667,0.85565186,-0.58474046,1
2.0524995,-1.228755,-0.23319311,-0.017513966,0.6721786,-0.0991491,-0.28798765,-1.4564259,0.6436572,-0.37770194,1
1.8524995,-1.2717807,-0.40275353,-0.166524,0.8721786,-0.2991491,-0.08798765,-1.4149702,0.44365722,-0.17770194,1
1.6524994,-1.0717807,-0.20275353,0.03347601,1.0721786,-0.43335232,-0.28798765,-1.2149701,0.24365722,-0.37770194,1
1.8524995,-1.2717807,-0.002753526,0.23347601,1.180019,-0.63335234,-0.11997156,-1.162667,0.44365722,-0.5777019,1
2.0524995,-1.0717807,0.19724648,0.43347603,1.205838,-0.43335235,0.080028445,-0.96266705,0.24365722,-0.7777019,1
2.0939097,-1.1822395,0.36927786,0.21703787,1.3068583,-0.58876044,-0.11152482,-0.7133959,0.412421,-0.53702813,1
1.8939097,-0.98223954,0.16927786,0.2689266,1.5068583,-0.38876045,-0.3115248,-0.5133959,0.612421,-0.7370281,1
1.6939096,-1.1822395,0.0485878,0.4689266,1.7068584,-0.58876044,-0.5115248,-0.31339592,0.412421,-0.53702813,1
1.7065624,-1.2455071,0.20629255,0.6027557,1.7182302,-0.3503039,-0.53729254,-0.4626103,0.5518397,-0.4982366,1
1.7071197,-1.2942948,0.005634297,0.36062405,1.7175671,-0.13458082,-0.6601654,-0.5932956,0.67319083,-0.26703852,1
1.4937357,-1.4810249,-0.19263965,0.257287,1.8343104,0.06483823,-0.8525267,-0.38980293,0.4689887,-0.06644318,1
1.2937356,-1.6810249,-0.39263964,0.057286993,1.6343104,0.26483822,-0.65252674,-0.5898029,0.6689887,-0.08629525,1
1.0937356,-1.881025,-0.19263963,-0.14271301,1.4343103,0.4648382,-0.8525267,-0.57313544,0.55135655,-0.28629524,1
1.2937356,-1.855354,-0.31617647,-0.342713,1.2343103,0.6648382,-0.65252674,-0.38809755,0.75135654,-0.46224332,1
1.0937356,-2.0553539,-0.51617646,-0.30557466,1.0343102,0.4648382,-0.82712126,-0.18809755,0.55135655,-0.6622433,1
0.9365607,-1.8553538,-0.31617647,-0.15880962,1.2343103,0.6648382,-1.0271213,0.0119024515,0.75135654,-0.8622433,1
0.7464624,-1.8621656,-0.11240638,-0.34716576,1.3402815,0.44975355,-1.1872996,0.20502593,0.6116637,-1.0087084,1
0.8561565,-1.8654058,-0.2825984,-0.13312407,1.393317,0.5465758,-0.89309734,0.36638075,0.56767714,-1.0933806,1
0.65615654,-2.0654058,-0.0825984,-0.22951427,1.1933169,0.7465758,-0.69309735,0.4662176,0.5203333,-0.8933806,1
0.43664187,-2.1684904,0.11237908,-0.4111394,0.95082223,0.90608066,-0.47200236,0.6377164,0.68951696,-1.0466051,1
0.23549703,-1.9589671,-0.08719702,-0.6081828,0.7471899,1.1007296,-0.6687513,0.43559882,0.88521355,-1.2405742,1
0.03354157,-2.0400343,-0.27137598,-0.76366174,0.89501125,0.8511104,-0.52524453,0.6005851,1.0254315,-0.9832513,1
0.21453875,-2.057767,-0.15886685,-0.51779765,1.0059123,0.5981308,-0.66623276,0.40493536,1.1257205,-1.0869724,1
0.014191088,-1.8133425,5.2841377e-05,-0.3294386,0.9943407,0.7790453,-0.8455187,0.20003478,1.2940189,-1.2561973,1
0.2141911,-1.6133424,-0.19994716,-0.5294386,0.9916182,0.5790453,-1.0455188,3.477931e-05,1.1053377,-1.4561974,1
0.39602846,-1.4133424,-0.19050245,-0.32943863,1.1916182,0.7790453,-0.84551877,-0.19996522,1.1579803,-1.2561973,1
0.26848954,-1.3503715,-0.39050245,-0.15077497,0.9916182,0.5790453,-0.6455188,-0.1074167,1.3579804,-1.0561973,1
0.06848954,-1.1503714,-0.440166,-0.35077497,1.1916182,0.4168989,-0.84551877,0.092583306,1.4703217,-1.2561973,1
0.26848954,-1.3503715,-0.640166,-0.550775,1.3916183,0.2168989,-1.0455188,-0.1074167,1.2703216,-1.0767186,1
0.06848954,-1.5503715,-0.840166,-0.750775,1.1916182,0.4168989,-1.2455188,0.092583306,1.0703216,-0.8767186,1
0.26267105,-1.712439,-0.80385715,-0.93017054,1.3614602,0.38497922,-1.0228611,-0.10508885,0.99487036,-0.6620533,1
0.05668332,-1.7297204,-0.9079464,-1.0221916,1.3352207,0.52908903,-1.1060263,-0.11184931,0.7189267,-0.56586564,1
-0.14017846,-1.4962237,-1.0836855,-1.1954291,1.5016037,0.71312404,-0.88618684,-0.20202053,0.64859974,-0.35785422,1
0.058584552,-1.2694203,-1.2571415,-0.9748456,1.666418,0.8942424,-1.0024501,-0.23660618,0.4393236,-0.1545901,1
-0.12764342,-0.96527267,-1.3152349,-1.0604309,1.6846533,0.9876775,-1.0853472,-0.033041213,0.45087156,0.04098757,1
-0.32538953,-0.7600083,-1.5048115,-1.2517604,1.4744402,1.1795074,-0.8792568,0.16581027,0.24914578,0.2393298,1
-0.12538953,-0.5600083,-1.3048115,-1.4517604,1.2744402,0.9795074,-0.6897469,0.057665095,0.4491458,0.039329797,1
-0.3106367,-0.3600083,-1.1048114,-1.2517604,1.0744401,0.7795074,-0.8897469,-0.11407101,0.6491458,-0.1606702,1
-0.5106367,-0.5600083,-1.3048115,-1.359533,0.87444013,0.5795074,-1.089747,0.08592899,0.84914577,-0.3606702,1
-0.3106367,-0.7600083,-1.1048114,-1.1806519,1.0744401,0.7795074,-1.289747,0.285929,0.6491458,-0.1606702,1
-0.110636696,-0.5600083,-0.91292346,-1.2127867,0.9398069,0.5795074,-1.3343215,0.485929,0.763277,-0.327037,1
0.08936331,-0.3600083,-1.1129235,-1.0127866,0.7877707,0.37950742,-1.5343215,0.68355584,0.963277,-0.527037,1
0.28936332,-0.1600083,-0.9129235,-1.2127867,0.5877707,0.17950742,-1.7343216,0.8835558,1.163277,-0.49833915,1
0.08936332,-0.3600083,-0.7129235,-1.2823392,0.3877707,-0.020492584,-1.7476324,1.0835558,0.96327704,-0.29833913,1
-0.10917532,-0.5526113,-0.5061485,-1.3585076,0.580007,-0.21758017,-1.9219067,1.1206535,1.1127514,-0.09704019,1
-0.033468913,-0.6712934,-0.6298508,-1.3901145,0.6957291,-0.01568067,-1.8926396,0.87936157,1.1709117,0.091835245,1
-0.22477725,-0.8388565,-0.79895675,-1.1458085,0.47727388,-0.20765123,-2.014734,1.0391786,0.9347662,-0.10413796,1
-0.023187302,-0.59786135,-0.5605219,-1.2594484,0.63381344,-0.3814924,-2.0726154,1.159661,0.6876165,-0.2846215,1
0.17681271,-0.39786136,-0.5545455,-1.0594484,0.8338134,-0.5814924,-1.8726153,0.95966107,0.8876165,-0.48462152,1
0.3768127,-0.19786136,-0.736074,-0.97296566,1.0338135,-0.38149244,-1.6726153,1.159661,1.0876166,-0.42626372,1
0.1696098,-0.38165352,-0.5142357,-1.125182,1.1835511,-0.5578039,-1.4126246,1.3042719,1.2351624,-0.60075134,1
0.3239935,-0.1592343,-0.62608653,-1.1616315,1.2127968,-0.6642777,-1.4135987,1.2295661,1.2580384,-0.35129166,1
0.5138345,-0.35226956,-0.4178257,-1.2990532,1.0675848,-0.8475213,-1.5823147,1.009605,1.0375254,-0.54060334,1
0.6918833,-0.14758712,-0.21112734,-1.0652561,0.84090567,-1.015309,-1.7275069,0.8024386,1.1994703,-0.71782905,1
0.49188334,0.052412882,-0.011127338,-1.2652562,0.66685736,-0.815309,-1.5728701,0.6024386,0.9994703,-0.91782904,1
0.51864505,0.07485658,0.074220575,-1.4652562,0.86685735,-1.015309,-1.3728701,0.60379595,1.1716217,-0.71782905,1
0.5537934,0.2099043,-0.12415187,-1.2488842,1.0530525,-1.1995833,-1.5525177,0.6126753,0.9590492,-0.90595263,1
0.35379338,0.009904295,0.07584813,-1.1612296,1.2530526,-0.9995833,-1.3525176,0.41267532,1.1017203,-0.70595264,1
0.15317334,-0.18932931,0.27473602,-1.3557416,1.048807,-1.194747,-1.5462584,0.41722575,1.2964723,-0.5039128,1
0.31804496,-0.3558324,0.06830592,-1.0563045,1.1216522,-1.2747465,-1.4717046,0.56412125,1.3677197,-0.64334995,1
0.11804496,-0.5558324,0.26830593,-0.85630447,0.92165226,-1.0747465,-1.6717046,0.36412126,1.1677196,-0.44334996,1
0.31804496,-0.7558324,0.29907164,-0.6563045,1.1216522,-1.0739089,-1.4717046,0.16412126,1.3677197,-0.64334995,1
0.11804496,-0.79908305,0.09907164,-0.85630447,0.92165226,-1.0262998,-1.2717046,-0.035878748,1.1677196,-0.84334993,1
0.31804496,-0.99908304,-0.100928366,-0.6563045,1.1216522,-1.2262999,-1.1239728,0.16412126,1.3677197,-0.64334995,1
0.114999145,-1.1681442,-0.29146102,-0.83421,1.2875508,-0.9998191,-1.2898115,-0.034953,1.5272691,-0.43191057,1
0.31499916,-0.96814424,-0.09146102,-0.63421,1.0875508,-1.1354257,-1.0898114,-0.234953,1.7272692,-0.23191057,1
0.50460124,-1.1445593,0.10634757,-0.57160306,1.261555,-1.3084633,-0.8718461,-0.42617124,1.6348994,-0.42319024,1
0.6513631,-1.2429674,0.28320062,-0.34352556,1.3511231,-1.0247102,-0.99085975,-0.23519188,1.6962584,-0.20632647,1
0.7458639,-1.2641579,0.4233234,-0.12574017,1.234259,-1.0729467,-1.0432909,-0.030830974,1.661278,-0.35597533,1
0.8892764,-1.0004933,0.5860323,0.06981715,1.3484527,-1.196791,-1.1689094,-0.21702123,1.386572,-0.5227134,1
0.6892764,-0.8004933,0.38603228,-0.13018286,1.1484526,-0.99679106,-0.96890944,-0.017021224,1.586572,-0.42753094,1
0.4892764,-1.0004933,0.5284619,0.06981714,0.94845265,-1.196791,-1.1689094,-0.050204415,1.386572,-0.22753094,1
0.6892764,-0.8004933,0.3284619,0.24870293,1.0856972,-1.1680659,-1.3689095,-0.2502044,1.5284153,-0.027530938,1
0.4892764,-0.7936572,0.51975065,0.44870293,0.8856972,-0.9680659,-1.5689095,-0.45020443,1.7284154,-0.22753094,1
0.6892764,-0.5936572,0.56337726,0.34345925,0.6856972,-1.1680659,-1.3689095,-0.36994225,1.842075,-0.30857807,1
0.8440926,-0.7533318,0.3449142,0.51584625,0.46101913,-0.91887885,-1.4891938,-0.5409837,1.9383179,-0.10306126,1
0.9502863,-0.86767983,0.49595648,0.65153116,0.4692712,-1.0183533,-1.1733663,-0.4940573,1.9462011,0.0882293,1
0.75028634,-1.0676799,0.58459795,0.45153117,0.2692712,-0.81835335,-0.9733663,-0.5204897,2.1462011,-0.111770704,1
0.55028635,-0.8676799,0.38459796,0.65153116,0.407032,-0.61835337,-0.77336633,-0.3204897,1.9462011,-0.3117707,1
0.63126266,-1.0676799,0.5825816,0.45153117,0.20703201,-0.41835338,-0.9733663,-0.1204897,2.1462011,-0.111770704,1
0.83126265,-1.2676799,0.3825816,0.25153118,0.407032,-0.49950024,-1.1733663,0.0795103,1.9713142,-0.17845297,1
0.88596004,-1.0676799,0.5825816,0.45153117,0.20703201,-0.29950023,-1.3733664,0.21237366,1.7713141,-0.37845296,1
0.9750909,-0.8676799,0.3825816,0.25153118,0.407032,-0.49950022,-1.1733663,0.41237366,1.5713141,-0.3724863,1
0.78153914,-1.0676799,0.5825816,0.3510899,0.607032,-0.6995002,-1.0691764,0.21237366,1.7566748,-0.17248629,1
0.98153913,-1.2468123,0.78258157,0.5510899,0.407032,-0.8995002,-0.86917645,0.049720377,1.5566747,-0.3724863,1
1.1815392,-1.0468123,0.63158154,0.3510899,0.4507051,-0.8622203,-0.66917646,-0.15027963,1.5269741,-0.5724863,1
0.9815392,-1.2468123,0.43158156,0.15108989,0.6507051,-0.6622203,-0.46917647,0.017792225,1.7269741,-0.3724863,1
0.7815392,-1.0468123,0.63158154,0.3510899,0.8507051,-0.8622203,-0.66917646,-0.09605799,1.9269742,-0.5724863,1
0.9815392,-1.2468123,0.8248314,0.15108989,0.9417377,-0.9291515,-0.86917645,-0.028102264,1.7655742,-0.3724863,1
1.1411736,-1.3973842,0.603485,0.3390954,1.102732,-0.78107274,-1.0252765,0.1660251,1.5163041,-0.24866296,1
0.91254556,-1.5487959,0.77904505,0.1348645,1.2631063,-0.56339806,-1.1880069,-0.03294147,1.2762656,-0.43501583,1
1.0339319,-1.2534884,0.90986454,-0.060532957,1.3597215,-0.70945543,-1.2899287,-0.21648155,1.0568882,-0.5901449,1
1.2339319,-1.0534884,0.70986456,0.13946705,1.5597216,-0.9094554,-1.0899286,-0.016481549,0.85688823,-0.79014486,1
0.99148864,-1.2020323,0.8725143,-0.058048062,1.6602926,-1.0639119,-0.90255886,-0.20759492,0.7888203,-0.66256446,1
1.1263173,-1.3253448,0.63572955,0.13418755,1.4856975,-0.8166582,-1.0422517,-0.38530055,0.8825455,-0.8153844,1
1.2277288,-1.1253448,0.43572956,0.33418757,1.3627865,-0.6451192,-1.2422518,-0.18530054,1.0825455,-0.62985766,1
1.2942605,-0.9209602,0.57629967,0.48425013,1.4166926,-0.40350813,-1.3074259,-0.34928152,1.1626494,-0.74642706,1
1.42361,-0.6868723,0.5480157,0.27081043,1.5402534,-0.193886,-1.4361529,-0.5030852,0.9171341,-0.7490954,1
1.5286644,-0.8350097,0.70427316,0.4432783,1.3626387,0.0057564704,-1.5404738,-0.56604326,0.6751975,-0.51698536,1
1.4952849,-0.8584022,0.8151728,0.5798944,1.0480809,-0.070631556,-1.5689806,-0.690563,0.75278854,-0.64633894,1
1.2952849,-1.0584022,0.7878665,0.7798944,0.84808093,0.12936845,-1.3689805,-0.890563,0.95278853,-0.44633895,1
1.0952848,-1.2584022,0.5878665,0.5798944,0.64808095,0.32936847,-1.4456236,-0.8643054,0.76637095,-0.3959953,1
1.2952849,-1.0584022,0.669007,0.5332687,0.63097054,0.2682607,-1.2456236,-1.0643054,0.56637096,-0.5959953,1
1.4952849,-0.8584022,0.57894725,0.3332687,0.8309705,0.4682607,-1.4456236,-1.2643055,0.36637098,-0.7959953,1
1.2952849,-0.6584022,0.77894723,0.1332687,0.8130005,0.6682607,-1.2456236,-1.0643054,0.56637096,-0.9959953,1
1.4554309,-0.44618434,0.95285517,0.32438603,0.5966621,0.84511876,-1.4070932,-0.84126896,0.74594474,-1.1641183,1
1.2342794,-0.58797914,0.7401711,0.23731104,0.78323996,1.0275106,-1.3125039,-1.0237256,0.5367467,-1.3411357,1
1.2697065,-0.6975643,0.83229333,0.38713282,0.5163175,1.0866629,-1.3389553,-0.7292092,0.6522104,-1.3643018,1
1.0697064,-0.8975643,0.63229334,0.18713282,0.3163175,0.8866629,-1.5389553,-0.8267634,0.45221043,-1.1643018,1
1.1916354,-1.0975643,0.4565987,0.22046226,0.116317496,1.0866629,-1.3389553,-0.7826798,0.25221044,-0.96430176,1
1.3556672,-1.2849863,0.25411135,0.41638646,0.31325123,1.2741905,-1.1279147,-0.97315407,0.05170433,-1.1530155,1
1.2852048,-1.3894644,0.43389803,0.2067547,0.4904055,1.4085717,-0.8866115,-1.1205412,0.09587787,-0.9545499,1
1.4305918,-1.4891133,0.6105887,0.39179778,0.2797269,1.1641308,-0.7407881,-1.2719831,0.28499803,-0.7268041,1
1.562934,-1.2850779,0.39355224,0.5672424,0.2644382,1.3075292,-0.5183493,-1.4109064,0.32688355,-0.5323623,1
1.362934,-1.0850779,0.19355224,0.7672424,0.06443821,1.1075292,-0.7183493,-1.2109064,0.52688354,-0.3323623,1
1.562934,-0.8850779,0.39355224,0.96724236,-0.1355618,0.9634219,-0.91834927,-1.0109063,0.52482367,-0.2709148,1
1.362934,-0.6850779,0.19355224,1.1672424,0.0014470667,0.7634219,-1.1183493,-1.1996076,0.32482368,-0.07091479,1
1.1518177,-0.8766176,0.38979036,1.3541733,0.19952148,0.9542127,-1.3057475,-1.386229,0.519807,-0.26832518,1
1.2545415,-1.0121223,0.17842086,1.4610698,-0.00044985494,0.7090312,-1.415545,-1.1151673,0.539672,-0.44026992,1
1.4545416,-1.2121223,-0.021579146,1.2610698,0.19955015,0.7135476,-1.2155449,-0.9151673,0.33967203,-0.24026991,1
1.2545415,-1.0121223,0.17842086,1.4610698,-0.00044985116,0.56361926,-1.415545,-1.1151673,0.13967203,-0.44026992,1
1.1266472,-1.1625184,0.059111226,1.5930935,0.19138391,0.3487388,-1.5494317,-0.94782025,-0.05785916,-0.61406803,1
1.3266473,-0.9625184,-0.14088878,1.7930936,-0.00861609,0.14873879,-1.4537551,-0.74782026,-0.07605625,-0.41406804,1
1.11832,-1.153926,-0.33836925,1.5813187,-0.20707418,0.34616122,-1.6415321,-0.94081473,0.12302767,-0.21248583,1
0.9068382,-1.3369977,-0.13663921,1.4038074,-0.006985728,0.5393325,-1.8185073,-0.7315523,0.31898883,-0.4073285,1
1.1062642,-1.2321305,0.06332794,1.4973091,-0.08918824,0.44959515,-1.6176679,-0.74524504,0.51871973,-0.6005734,1
1.2171654,-0.9617299,0.24536662,1.4229167,0.1032534,0.6052869,-1.6936866,-0.50805444,0.66969657,-0.7459671,1
1.0171653,-0.7617299,0.045366615,1.2229166,0.3032534,0.4052869,-1.4936866,-0.7080544,0.47579405,-0.7120746,1
1.2171654,-0.9617299,0.24536662,1.2140683,0.5032534,0.2052869,-1.2936865,-0.9080544,0.34302616,-0.91207457,1
1.0171653,-0.7617299,0.045366615,1.4140683,0.33901483,0.20588988,-1.4936866,-0.7080544,0.14302616,-1.1120746,1
1.0343711,-0.80583346,-0.15463339,1.2140683,0.31086573,0.0058898777,-1.6936866,-0.9080544,0.34302616,-1.3120747,1
0.7667518,-0.55673534,-0.32589307,1.299469,0.4681096,0.1892041,-1.7402179,-1.0182551,0.49901807,-1.3183951,1
0.90153927,-0.51159674,-0.49041882,1.025304,0.2500242,0.34035292,-1.6537257,-1.1360774,0.6518656,-1.4159714,1
0.99712056,-0.3728247,-0.6249717,1.1091533,0.40736485,0.48913103,-1.6780047,-0.84734344,0.40903172,-1.462788,1
0.7804469,-0.5608427,-0.64556676,1.0063437,0.59466034,0.28308317,-1.7808797,-1.0254358,0.20465931,-1.3957722,1
0.9804469,-0.7608427,-0.84556675,0.80634373,0.79466033,0.08308317,-1.5808797,-1.1571797,0.40465933,-1.1957722,1
0.7499304,-0.9232725,-1.0046837,0.5826349,0.57140833,0.27201426,-1.7112451,-1.3041123,0.5396447,-0.95683616,1
0.5152463,-1.0524276,-1.1287043,0.7332741,0.72275555,0.18180057,-1.7907028,-1.0344758,0.69299525,-0.70910245,1
0.31059566,-1.2339514,-1.3091028,0.5254071,0.9091427,0.37616813,-1.5672361,-1.2162644,0.4857224,-0.501592,1
0.5105957,-1.0339514,-1.5091028,0.36409765,0.7091427,0.17616813,-1.7122116,-1.0162643,0.6857224,-0.36833847,1
0.6394822,-1.1104627,-1.1780932,0.5076451,0.81815946,0.23997526,-1.7208455,-1.0616554,0.79708296,-0.5114615,1
0.42041445,-1.0414436,-1.2789586,0.54973114,0.9449171,0.03709959,-1.7826673,-0.79967123,0.8081547,-0.6602817,1
0.20960608,-0.8001821,-1.4064356,0.33258152,1.0887743,0.22547305,-1.8854442,-0.5702654,0.9587183,-0.4377111,1
0.38606012,-0.9426872,-1.5140905,0.16279525,1.2146899,0.02400874,-1.6636052,-0.72598714,0.7151038,-0.60105264,1
0.5235418,-1.0207903,-1.3741205,0.32409382,1.2191226,-0.1572173,-1.664804,-0.82720685,0.4601548,-0.71559983,1
0.32354182,-0.82079035,-1.3305535,0.52196664,1.0191226,0.04278271,-1.864804,-0.88255244,0.26015478,-0.51559985,1
0.49318123,-0.60368365,-1.0993996,0.3130944,1.185528,-0.15288496,-2.0079055,-1.0527213,0.18062304,-0.69588053,1
0.6931812,-0.40368366,-0.8993996,0.5130944,1.1414502,-0.35288495,-1.8414456,-0.8527213,-0.019376963,-0.8958805,1
0.8931812,-0.20368366,-0.9721064,0.425111,1.3414502,-0.515725,-1.6414455,-0.6527213,-0.21937697,-0.69588053,1
0.82553464,-0.40368366,-0.7721064,0.52572536,1.5414503,-0.31572503,-1.8414456,-0.4527213,-0.41937697,-0.6577786,1
1.0255346,-0.20368366,-0.9721064,0.72572535,1.3414502,-0.515725,-1.6414455,-0.2527213,-0.61937696,-0.8577786,1
1.1333002,-0.37330216,-0.7139972,0.85605466,1.4254397,-0.29196337,-1.7028571,-0.048753466,-0.5980123,-0.9781695,1
1.2945943,-0.16827117,-0.49907577,1.014376,1.189865,-0.4776816,-1.8476169,0.14685583,-0.606268,-0.7555791,1
1.107664,0.030028818,-0.28305146,1.1493105,1.3153968,-0.26280355,-1.9379066,0.32827145,-0.38450035,-0.74881744,1
0.907664,0.23002882,-0.08305146,0.9493105,1.1153967,-0.46280354,-1.7379066,0.12827145,-0.18450035,-0.54881746,1
0.707664,0.03002882,0.116948545,0.7493105,0.91539675,-0.52802575,-1.9227933,0.32827145,0.015499651,-0.74881744,1
0.507664,0.23002882,0.31694853,0.9493105,1.1153967,-0.35776412,-2.1227932,0.52827144,0.21549965,-0.54881746,1
0.6455804,0.43002883,0.40753877,0.7782056,1.3153968,-0.5577641,-1.9227931,0.7282714,0.29832757,-0.74881744,1
0.81006974,0.5294507,0.19882305,0.93712527,1.1854734,-0.72594136,-2.0336452,0.6541113,0.47515312,-0.6511924,1
0.98791677,0.7134523,-0.0011511402,0.72095853,0.9638599,-0.5144064,-2.1846566,0.6492516,0.2774019,-0.72827154,1
1.0354865,0.79624057,-0.17533998,0.8027836,1.0145166,-0.2740626,-2.078664,0.60452825,0.416143,-0.80915827,1
1.1930226,0.79194134,0.023812452,0.5820658,0.7865215,-0.07151706,-2.200346,0.77687645,0.3652382,-0.63872415,1
1.3830799,0.9848613,0.222215,0.7764838,0.97948015,0.12756589,-1.9860684,0.572759,0.16405879,-0.43559274,1
